﻿鄉鎮市區,交易標的,土地位置建物門牌,土地面積平方公尺,都市土地使用分區,非都市土地使用分區,非都市土地使用編定,租賃年月日,租賃筆棟數,租賃層次,總樓層數,建物型態,主要用途,主要建材,建築完成年月,建物總面積平方公尺,建物現況格局-房,建物現況格局-廳,建物現況格局-衛,建物現況格局-隔間,有無管理組織,有無附傢俱,總額元,單價元平方公尺,車位類別,車位面積平方公尺,車位總額元,備註,編號
The villages and towns urban district,transaction sign,land sector position building sector house number plate,land shifting total area square meter,the use zoning or compiles and checks,the non-metropolis land use district,non-metropolis land use,transaction year month and day,transaction pen number,shifting level,total floor number,building state,main use,main building materials,construction to complete the years,building shifting total area,Building present situation pattern - room,building present situation pattern - hall,building present situation pattern - health,building present situation pattern - compartmented,Whether there is manages the organization,Whether there is attaches the furniture,total price NTD,the unit price (NTD / square meter),the berth category,berth shifting total area square meter,the berth total price NTD,the note,serial number
東區,房地(土地+建物),臺南市東區中華東路二段169號四樓之13,4.02,其他,,,1061016,土地1建物1車位0,四層,14,套房(1房1廳1衛),住家用,鋼筋混凝土構造,0970229,43.660000000000004,1,0,1,有,有,有,9000,206,,0.0,0,,RPQOMLNKJIMFFCD87CC
東區,房地(土地+建物),臺南市東區裕農路372之3號八樓之1,16.46,其他,,,1061102,土地1建物1車位0,八層,16,住宅大樓(11層含以上有電梯),住家用,鋼筋混凝土構造,0841227,141.37,3,2,2,有,有,有,15000,106,,0.0,0,出租包含一個坡道平面車位坪數內含在公設無法準確分出車位持分面積,RPVOMLOKJIMFFCD48CC
北區,房地(土地+建物),臺南市北區中華北路二段194巷50弄38號,89.53,住,,,1061111,土地1建物1車位0,全,4,透天厝,見其他登記事項,鋼筋混凝土構造,0910510,246.43,4,2,5,有,無,無,36000,146,,0.0,0,,RPROMLOKJIMFFAD87CC
東區,建物,臺南市東區裕農路121巷2弄11號,0.0,住,,,1061110,土地0建物1車位0,全,2,透天厝,住家用,加強磚造,0611105,86.82,4,3,2,有,無,無,12000,138,,0.0,0,,RPSNMLPKJIMFFCD18CC
永康區,土地,大灣段3482地號,0.0,農,,,1061111,土地1建物0車位0,,,其他,,,,0.0,0,0,0,有,無,無,10000,0,,0.0,0,,RPPNMLPKJIMFFKD68CC
永康區,建物,臺南市永康區忠義街60巷1號十一樓之10,0.0,商,,,1061110,土地0建物1車位0,十一層,15,住宅大樓(11層含以上有電梯),見其他登記事項,鋼筋混凝土造,0840331,49.34,1,1,1,有,有,有,8500,172,,0.0,0,,RPXNMLPKJIMFFKD86CC
東區,房地(土地+建物),臺南市東區慶東街31號,19.57,其他,,,1061019,土地2建物1車位0,一層,11,店面(店鋪),商業用,鋼筋混凝土構造,0800322,388.7,0,0,0,無,無,有,35000,90,,0.0,0,,RPPNMLQKJIMFFCD97CC
東區,建物,臺南市東區東成街200巷82號,0.0,住,,,1061022,土地0建物1車位0,全,2,透天厝,住家用,鋼筋混凝土構造,0750822,113.82,4,2,2,有,無,有,18000,158,,0.0,0,,RPPPMLQKJIMFFCD18CC
中西區,房地(土地+建物),臺南市中西區府前路二段235巷7號,72.7,商,,,1061110,土地3建物1車位0,全,4,透天厝,住商用,鋼筋混凝土構造,0701214,183.08,6,2,4,有,無,無,15000,82,,0.0,0,,RPXOMLQKJIMFFAD68CC
中西區,土地,青年段69地號,1299.3,商,,,1061113,土地1建物0車位0,,,其他,,,,0.0,0,0,0,有,無,無,52000,40,,0.0,0,,RPOPMLQKJIMFFAD87CC
中西區,建物,臺南市中西區頂美三街166號5樓之3,0.0,住,,,1061019,土地0建物1車位1,五層,18,住宅大樓(11層含以上有電梯),見其他登記事項,見其他登記事項,1051026,174.98000000000002,3,2,2,有,有,有,38000,217,坡道平面,0.0,0,,RPRNMLRKJIMFFAD08CC
安平區,房地(土地+建物),臺南市安平區安北街141號之2,81.49,住,,,1061116,土地1建物1車位0,一層,4,店面(店鋪),住商用,鋼筋混凝土造,0870117,43.41,0,1,1,有,無,無,33000,760,,0.0,0,,RPPOMLRKJIMFFAD97CC
安平區,房地(土地+建物),臺南市安平區育平路208號,23.37,住,,,1061117,土地1建物1車位0,見其他登記事項,17,住宅大樓(11層含以上有電梯),住商用,鋼筋混凝土構造,0840729,140.7,2,2,2,有,無,有,22000,156,,0.0,0,,RPQNMLTKJIMFFAD18CC
北區,房地(土地+建物),臺南市北區北安路1段176巷16號3樓,0.0,商,,,1061114,土地0建物1車位0,三層,13,住宅大樓(11層含以上有電梯),見其他登記事項,見其他登記事項,0951129,53.68,2,1,1,有,無,有,11000,205,,0.0,0,,RPTNMLKLJIMFFAD67CC
東區,建物,臺南市東區大學路１８巷２４號,0.0,住,,,1061103,土地0建物1車位0,全,3,透天厝,住家用,鋼筋混凝土構造,0680417,133.21,4,2,3,有,無,有,30000,225,,0.0,0,,RPRNMLKLJIMFFCD67CC
南區,建物,臺南市南區國華街一段108巷2號之3,0.0,住,,,1061114,土地0建物1車位0,四層,5,公寓(5樓含以下無電梯),住家用,鋼筋混凝土構造,0680517,74.13,3,1,1,有,無,無,11500,155,,0.0,0,,RPTNMLKLJIMFFCD87CC
東區,房地(土地+建物),臺南市東區中華東路二段167號十四樓之7,3.17,其他,,,1061024,土地1建物1車位0,十四層,14,套房(1房1廳1衛),住家用,鋼筋混凝土構造,0970229,59.989999999999995,1,1,1,有,有,有,7500,125,,0.0,0,租金含管理費。,RPTOMLKLJIMFFCD97CC
永康區,建物,臺南市永康區大橋一街223巷78號,0.0,住,,,1061116,土地0建物1車位0,全,2,透天厝,住家用,加強磚造,0701110,86.99,5,1,3,有,無,無,15000,172,,0.0,0,1.合約書無填具土地租賃面積2.由所有權人提供出租資訊3.租整棟透天,RPUNMLKLJIMFFKD78CC
新營區,房地(土地+建物),臺南市新營區博愛街100之1號,80.19,住,,,1061119,土地1建物1車位0,全,3,透天厝,住商用,加強磚造,0641101,130.83,5,3,3,有,無,無,7000,54,,0.0,0,,RPQNMLKLJIMFFDD67CC
新市區,房地(土地+建物),臺南市新巿區光華街59號,933.86,其他,,,1061119,土地1建物1車位0,二層,3,廠辦,見其他登記事項,鋼筋混凝土加強磚造,0780712,471.49,0,0,0,無,無,無,20000,42,,0.0,0,,RPRNMLKLJIMFFHD18CC
安南區,房地(土地+建物),臺南市安南區安和路二段318巷32號,80.34,住,,,1061120,土地1建物1車位0,全,2,透天厝,住商用,加強磚造,0720503,103.83,4,2,2,有,無,無,12000,116,,0.0,0,,RPQQMLLLJIMFFBD87CC
永康區,建物,臺南市永康區龍中街552巷19號,0.0,住,,,1061114,土地0建物1車位0,一層,1,工廠,見其他登記事項,見其他登記事項,1021210,38.92,0,0,2,有,無,無,22000,,,0.0,0,,RPTNMLLLJIMFFKD78CC
永康區,建物,臺南市永康區埔園里中正路173號,0.0,住,,,1061119,土地0建物1車位0,全,2,透天厝,住商用,加強磚造,0750722,54.27,0,0,1,有,無,無,20000,369,,0.0,0,,RPUNMLLLJIMFFKD88CC
東區,建物,臺南市東區大同路二段77號七樓之3,0.0,商,,,1061111,土地0建物1車位0,七層,16,住宅大樓(11層含以上有電梯),住家用,鋼筋混凝土構造,0831216,99.51,2,2,1,有,無,有,9000,90,,0.0,0,,RPTNMLLLJIMFFCD97CC
東區,房地(土地+建物),臺南市東區中華東路二段167號十四樓之6,2.96,其他,,,1061028,土地1建物1車位0,十四層,14,套房(1房1廳1衛),住家用,鋼筋混凝土構造,0970229,34.2,1,0,1,有,有,有,7000,205,,0.0,0,租金含管理費、網路、第四台。,RPUPMLLLJIMFFCD28CC
東區,土地,竹篙厝段4016-1地號,309.0,商,,,1061122,土地1建物0車位0,,,其他,,,,0.0,0,0,0,有,無,無,112000,362,,0.0,0,,RPWNMLMLJIMFFCD38CC
北區,建物,臺南市北區臨安路二段268號11樓之5,0.0,住,,,1061025,土地0建物1車位1,十一層,23,住宅大樓(11層含以上有電梯),見其他登記事項,鋼筋混凝土造,0890406,126.21,4,2,2,有,有,有,30000,238,坡道平面,0.0,0,,RPQPMLMLJIMFFAD77CC
安平區,建物,臺南市安平區世平一街8巷60號,0.0,住,,,1061022,土地0建物1車位1,全,4,透天厝,住家用,見其他登記事項,1021213,196.35,4,2,5,有,無,無,10000,51,一樓平面,0.0,0,,RPRPMLMLJIMFFAD87CC
永康區,土地,正強段1023地號,0.0,住,,,1061110,土地1建物0車位0,,,其他,,,,0.0,0,0,0,有,無,無,8500,0,,0.0,0,,RPSPMLMLJIMFFKD98CC
仁德區,建物,臺南市仁德區後壁里德洋一街28號,0.0,住,,,1061108,土地0建物1車位0,一層,4,店面(店鋪),見其他登記事項,鋼筋混凝土造,1030314,45.91,0,1,1,有,無,無,12000,261,,0.0,0,1.合約書無填具土地租賃面積.2.由所有權人提供出租資訊,RPUNMLMLJIMFFID78CC
善化區,房地(土地+建物),臺南市善化區光華路128巷15號3F之1,15.78,住,,,1061121,土地1建物1車位0,三層,7,華廈(10層含以下有電梯),住家用,鋼筋混凝土造,0830625,57.78,2,1,1,有,有,有,8200,142,,0.0,0,整層出租  含管理費9000,RPTNMLMLJIMFFHD58CC
永康區,建物,臺南市永康區埔園里八德街27巷33號,0.0,住,,,1061121,土地0建物1車位0,全,4,透天厝,住家用,鋼筋混凝土造,0950306,195.72,3,2,4,有,無,有,20000,102,,0.0,0,,RPSNMLNLJIMFFKD88CC
北區,建物,臺南市北區小東路299巷9弄11號,0.0,住,,,1061122,土地0建物1車位0,一層,5,公寓(5樓含以下無電梯),住家用,鋼筋混凝土造,0710224,72.67,3,1,2,有,無,無,10000,138,,0.0,0,,RPPOMLNLJIMFFAD67CC
中西區,建物,臺南市中西區五妃街258號四樓之17,0.0,住,,,1061023,土地0建物1車位0,四層,8,華廈(10層含以下有電梯),見其他登記事項,鋼筋混凝土造,0931203,82.57,2,1,1,有,有,有,14000,170,,0.0,0,,RPXPMLNLJIMFFAD58CC
中西區,建物,臺南市中西區頂美一街7號三樓之7,0.0,,,,1061028,土地0建物1車位0,三層,7,華廈(10層含以下有電梯),住家用,鋼筋混凝土造,0661202,34.37,1,0,1,有,有,有,7500,218,,0.0,0,,RPUNMLOLJIMFFAD18CC
安平區,建物,臺南市安平區平通路51號,0.0,,,,1061030,土地0建物1車位0,全,4,透天厝,住商用,鋼筋混凝土造,0791108,233.96,5,2,4,有,無,有,23000,98,,0.0,0,,RPXNMLOLJIMFFAD48CC
中西區,建物,臺南市中西區健康路一段390巷49號六樓之2,0.0,,,,1061030,土地0建物1車位0,六層,7,華廈(10層含以下有電梯),住家用,鋼筋混凝土造,0721210,160.29999999999998,3,1,2,有,無,有,15000,94,,0.0,0,,RPQOMLOLJIMFFAD87CC
中西區,建物,臺南市中西區民權路三段196號五樓之10,0.0,,,,1061030,土地0建物1車位0,五層,7,華廈(10層含以下有電梯),住家用,鋼筋混凝土造,0850911,36.7,1,0,1,有,有,有,5000,136,,0.0,0,,RPROMLOLJIMFFAD97CC
安平區,建物,臺南市安平區文平路318號六樓之3,0.0,,,,1061031,土地0建物1車位0,六層,15,住宅大樓(11層含以上有電梯),見其他登記事項,見其他登記事項,1060307,145.99,3,2,2,有,有,有,28000,192,,0.0,0,,RPSOMLOLJIMFFAD08CC
安平區,建物,臺南市安平區健康路三段335號十一樓之1,0.0,,,,1061104,土地0建物1車位0,十一層,20,住宅大樓(11層含以上有電梯),見其他登記事項,見其他登記事項,1060124,152.59,3,2,2,有,有,無,18500,121,,0.0,0,,RPUOMLOLJIMFFAD28CC
安平區,建物,臺南市安平區建平七街754號,0.0,,,,1061107,土地0建物0車位0,全,4,透天厝,住商用,鋼筋混凝土造,0830222,23.14,1,0,1,有,無,有,5000,216,,0.0,0,,RPVOMLOLJIMFFAD38CC
中西區,建物,臺南市中西區健康路一段320號,0.0,,,,1061108,土地0建物1車位0,全,4,透天厝,見其他登記事項,見其他登記事項,0950519,129.42,1,2,1,有,無,無,38000,294,,0.0,0,,RPXOMLOLJIMFFAD58CC
南區,建物,臺南市南區美南街109號,0.0,,,,1061109,土地0建物1車位0,一層,7,華廈(10層含以下有電梯),住商用,鋼筋混凝土構造,0840302,182.47,2,2,3,有,有,無,12000,66,,0.0,0,1.租賃契約書無填寫土地租賃面積2.由所有權人提供租屋資訊3.承租方承租一至三樓,RPTOMLOLJIMFFCD38CC
南區,建物,臺南市南區三官路12號,0.0,,,,1061110,土地0建物1車位0,全,4,透天厝,住商用,鋼筋混凝土造,0700515,275.71,6,3,5,有,無,有,30000,109,,0.0,0,,RPUOMLOLJIMFFCD48CC
永康區,建物,臺南市永康區大橋里中華路619巷56號四樓,0.0,,,,1061103,土地0建物1車位0,四層,6,華廈(10層含以下有電梯),住家用,鋼筋混凝土造,0781030,132.23,4,1,3,有,有,有,9500,72,,0.0,0,,RPTOMLOLJIMFFKD56CC
北區,房地(土地+建物),臺南市北區中華北路一段384號,80.9,住,,,1061123,土地1建物1車位0,全,5,透天厝,住商用,鋼筋混凝土造,0840615,274.33,5,2,5,有,無,無,28000,102,,0.0,0,,RPTNMLPLJIMFFAD18CC
東區,房地(土地+建物),臺南市東區裕農三街224號,79.75,其他,,,1061125,土地1建物1車位0,全,4,透天厝,見其他登記事項,鋼筋混凝土造,0880302,185.52,4,3,4,有,無,無,38000,205,,0.0,0,,RPPNMLQLJIMFFCD08CC
永康區,房地(土地+建物)+車位,臺南市永康區東橋三路130號9樓3,16.81,住,,,1061113,土地1建物1車位1,九層,20,住宅大樓(11層含以上有電梯),住家用,見其他登記事項,1050512,161.25,3,2,2,有,無,有,30000,186,坡道平面,0.0,0,,RPUPMLRLJIMFFKD07CC
歸仁區,建物,臺南市歸仁區新厝里中正南路一段153巷1號,0.0,,,,1061120,土地0建物1車位0,全,2,透天厝,住家用,加強磚造,0670816,102.1,3,1,2,有,無,無,13000,127,,0.0,0,1.租賃契約書無填寫土地租賃面積2.由所有權人提供租屋資訊,RPUNMLSLJIMFFID76CC
東區,建物,臺南市東區裕農路621巷76之5號,0.0,住,,,1061124,土地0建物1車位0,全,3,透天厝,住商用,鋼筋混凝土造,0700317,98.1,4,1,3,有,無,無,12000,122,,0.0,0,,RPQNMLSLJIMFFCD38CC
南區,建物,臺南市南區新興路183巷16弄19號,0.0,,,,1061114,土地0建物1車位0,二層,2,公寓(5樓含以下無電梯),住家用,加強磚造,0591024,59.5,2,1,1,有,無,有,12000,202,,0.0,0,,RPUNMLSLJIMFFCD78CC
南區,建物,臺南市南區新興路183巷16弄21號,0.0,,,,1061118,土地0建物1車位0,二層,2,公寓(5樓含以下無電梯),住家用,加強磚造,0591024,59.5,2,1,1,有,無,有,12000,202,,0.0,0,,RPVNMLSLJIMFFCD88CC
東區,建物,臺南市東區大同路二段45巷9號,0.0,,,,1061119,土地0建物1車位0,全,2,透天厝,住家用,加強磚造,0620108,157.18,5,2,2,有,無,無,25000,159,,0.0,0,,RPOOMLSLJIMFFCD28CC
東區,建物,臺南市東區長榮路二段102號,0.0,,,,1061121,土地0建物1車位0,全,5,透天厝,見其他登記事項,鋼筋混凝土造,0751030,428.99,12,1,6,有,無,無,40000,93,,0.0,0,,RPTOMLSLJIMFFCD78CC
東區,建物,臺南市東區大同路一段113號,0.0,,,,1061123,土地0建物0車位0,全,4,透天厝,住商用,鋼筋混凝土構造,0720305,29.75,1,0,1,有,無,有,5500,185,,0.0,0,1.租賃契約書無填寫土地租賃面積2.由所有權人提供租屋資訊3.承租方承租二樓後面的套房,RPVOMLSLJIMFFCD98CC
中西區,建物,臺南市中西區府連路13號,0.0,,,,1061115,土地0建物1車位0,全,3,透天厝,住商用,鋼筋混凝土造,0741119,66.11,0,1,1,有,無,無,16000,242,,0.0,0,,RPPOMLSLJIMFFAD18CC
安平區,建物,臺南市安平區健康路三段333號八樓之6,0.0,,,,1061117,土地0建物1車位0,八層,26,住宅大樓(11層含以上有電梯),見其他登記事項,見其他登記事項,1060124,84.03999999999999,2,1,1,有,有,有,15000,178,,0.0,0,,RPROMLSLJIMFFAD38CC
中西區,建物,臺南市中西區忠義路二段202巷9號四樓,0.0,,,,1061119,土地0建物1車位0,四層,5,華廈(10層含以下有電梯),住家用,鋼筋混凝土造,0780314,99.84,2,1,1,有,有,有,11000,110,,0.0,0,,RPTOMLSLJIMFFAD58CC
安平區,建物,臺南市安平區建平六街90巷28號,0.0,,,,1061120,土地0建物1車位0,全,4,透天厝,住家用,鋼筋混凝土造,0790426,194.5,6,1,6,有,無,有,24000,123,,0.0,0,,RPUOMLSLJIMFFAD68CC
中西區,建物,臺南市中西區中山路82巷11號,0.0,,,,1061122,土地0建物1車位0,全,4,透天厝,住家用,鋼筋混凝土造,0670216,183.45,6,2,4,有,無,無,16000,87,,0.0,0,,RPXOMLSLJIMFFAD98CC
安平區,建物,臺南市安平區育平路52號三樓之6,0.0,,,,1061124,土地0建物1車位0,三層,14,住宅大樓(11層含以上有電梯),見其他登記事項,見其他登記事項,1021125,122.42,1,1,1,有,有,有,20000,163,,0.0,0,,RPQPMLSLJIMFFAD38CC
安平區,建物,臺南市安平區育平路212號十六樓之27,0.0,住,,,1061118,土地0建物1車位0,十六層,17,住宅大樓(11層含以上有電梯),住家用,鋼筋混凝土造,0840729,47.91,1,1,1,有,有,有,8000,167,,0.0,0,,RPROMLTLJIMFFAD48CC
北區,建物,臺南市北區長榮路五段41巷16號5樓之1,0.0,住,,,1061031,土地0建物1車位1,五層,14,住宅大樓(11層含以上有電梯),見其他登記事項,鋼筋混凝土造,0920916,168.82999999999998,3,2,2,有,有,無,12000,71,坡道平面,0.0,0,,RPSOMLTLJIMFFAD58CC
北區,建物,臺南市北區北忠街16巷33弄13號,0.0,商,,,1061119,土地0建物1車位0,全,1,透天厝,住家用,磚造,,46.0,2,1,1,有,無,無,9000,196,,0.0,0,,RPTOMLTLJIMFFAD68CC
安平區,建物,臺南市安平區平豐路122號8樓之5,0.0,住,,,1061104,土地0建物1車位1,八層,27,住宅大樓(11層含以上有電梯),見其他登記事項,見其他登記事項,1050604,116.69999999999999,2,1,2,有,有,有,22000,189,坡道平面,0.0,0,,RPXOMLTLJIMFFAD09CC
北區,土地,自強段1770地號,97.0,商,,,1061125,土地2建物0車位0,,,其他,,,,0.0,0,0,0,有,無,無,3000,31,,0.0,0,,RPUPMLTLJIMFFAD88CC
東區,建物,臺南市東區崇德路333巷23弄26號,0.0,住,,,1061102,土地0建物1車位0,一層,5,公寓(5樓含以下無電梯),住家用,鋼筋混凝土構造,0711029,88.25,3,1,1,有,無,無,10000,113,,0.0,0,,RPWPMLTLJIMFFCD66CC
東區,建物,臺南市東區衛國街1之6號,0.0,商,,,1061101,土地0建物1車位0,全,2,透天厝,住家用,加強磚造,0601201,65.74,4,1,3,有,無,無,10000,152,,0.0,0,,RPTQMLTLJIMFFCD09CC
仁德區,建物,臺南市仁德區中正路二段1205巷10號3樓之2,0.0,住,,,1061103,土地0建物1車位0,三層,7,華廈(10層含以下有電梯),住家用,鋼筋混凝土造,0830225,124.41,3,2,2,有,有,有,11000,88,,0.0,0,1.租賃契約書無填寫土地租賃面積。2.由所有權人提供租屋資訊。,RPWNMLTLJIMFFID07CC
歸仁區,房地(土地+建物),臺南市歸仁區中山路一段48號B棟1+2樓,5938.0,,一般農業區,丁種建築用地,1061128,土地4建物1車位0,一層,4,廠辦,工業用,見其他登記事項,0971212,2143.78,0,0,0,無,無,無,250000,117,,0.0,0,租賃層次為1+2樓。,RPOOMLTLJIMFFID98CC
仁德區,建物,臺南市仁德區中正路二段1205巷10號3樓之2,0.0,住,,,1061103,土地0建物1車位0,三層,7,華廈(10層含以下有電梯),住家用,鋼筋混凝土造,0830225,124.41,3,2,2,有,有,有,11000,88,,0.0,0,1.租賃契約書無填寫土地租賃面積。2.由所有權人提供租屋資訊。,RPPOMLTLJIMFFID09CC
永康區,建物,臺南市永康區東橋五路115號二十三樓,0.0,商,,,1061126,土地0建物1車位0,二十三層,23,住宅大樓(11層含以上有電梯),住家用,見其他登記事項,1051026,110.1,2,1,2,有,有,無,19000,173,,0.0,0,1.合約書無填具土地租賃面積2.由所有權人提供出租資訊3.租金已包含車位,RPUNMLTLJIMFFKD07CC
永康區,建物,臺南市永康區大橋一街57之5號五樓之35,0.0,住,,,1061128,土地0建物1車位0,五層,14,住宅大樓(11層含以上有電梯),住家用,鋼筋混凝土造,0880824,35.99,1,1,1,有,有,有,9000,250,,0.0,0,1.合約書無填具土地租賃面積2.由所有權人提供出租資訊3.租金已包含車位,RPXNMLTLJIMFFKD37CC
永康區,建物,臺南市永康區南工街267巷58號十一樓之5,0.0,住,,,1061128,土地0建物1車位0,十一層,11,住宅大樓(11層含以上有電梯),住家用,鋼筋混凝土造,0860926,81.78,3,1,2,有,有,有,13500,165,,0.0,0,,RPOOMLTLJIMFFKD56CC
永康區,房地(土地+建物),臺南市永康區小東路689之37號9樓,22.23,住,,,1061120,土地1建物1車位0,十層,22,辦公商業大樓,見其他登記事項,鋼筋混凝土造,0810519,277.92,2,1,0,有,有,無,28000,101,,0.0,0,,RPTOMLTLJIMFFKD07CC
永康區,建物,臺南市永康區西勢里廣興街38巷19號,0.0,住,,,1061128,土地0建物1車位0,全,3,透天厝,住家用,鋼筋混凝土構造,0820513,151.6,5,2,3,有,無,有,15000,99,,0.0,0,,RPRNMLKMJIMFFKD58CC
東區,房地(土地+建物),臺南市東區中華東路二段167號六樓之1,3.81,其他,,,1061103,土地1建物1車位0,六層,14,套房(1房1廳1衛),住家用,鋼筋混凝土造,0970229,43.379999999999995,1,0,1,有,有,有,10000,231,,0.0,0,租金含管理費、第四台及網路。,RPQOMLKMJIMFFCD77CC
東區,房地(土地+建物),臺南市東區長榮路一段256號12樓之2,6.49,商,,,1061103,土地2建物1車位0,十二層,12,辦公商業大樓,商業用,鋼筋混凝土造,0821216,53.12,0,0,0,無,無,無,10000,188,,0.0,0,,RPVOMLKMJIMFFCD28CC
安平區,建物,臺南市安平區慶平路539號十五樓之19,0.0,商,,,1061129,土地0建物1車位0,十五層,24,住宅大樓(11層含以上有電梯),見其他登記事項,鋼筋混凝土造,0880211,85.85,3,2,2,有,無,有,11000,128,,0.0,0,,RPSNMLKMJIMFFAD67CC
安平區,建物,臺南市安平區建平一街202巷34之3號,0.0,住,,,1061128,土地0建物1車位0,四層,6,華廈(10層含以下有電梯),住家用,鋼筋混凝土造,0800612,145.32999999999998,3,2,2,有,無,有,12500,86,,0.0,0,,RPTNMLKMJIMFFAD77CC
安平區,房地(土地+建物),臺南市安平區華平路21巷32弄22號6樓之1,21.23,住,,,1061105,土地1建物1車位0,一層,7,華廈(10層含以下有電梯),住家用,鋼筋混凝土造,0820227,65.13,3,2,3,有,有,有,13500,207,,0.0,0,,RPXPMLKMJIMFFAD38CC
中西區,房地(土地+建物),臺南市中西區西門路二段61號,84.16,商,,,1061130,土地1建物1車位0,全,2,透天厝,住商用,磚造,0220101,106.82,0,0,0,無,無,有,24000,225,,0.0,0,,RPRNMLLJKIMFFAD47CC
永康區,建物,臺南市永康區南工街247巷64弄9號六樓之1,0.0,住,,,1061125,土地0建物1車位0,六層,7,華廈(10層含以下有電梯),住家用,鋼筋混凝土造,0830910,137.63,2,1,2,有,有,無,8500,62,,0.0,0,,RPSNMLLJKIMFFKD58CC
北區,房地(土地+建物),臺南市北區和緯路二段157號,128.94,住,,,1061127,土地1建物1車位0,見其他登記事項,3,店面(店鋪),住商用,鋼筋混凝土構造,0720127,341.34,6,2,3,有,無,無,48000,141,,0.0,0,,RPPNMLNJKIMFFAD47CC
東區,房地(土地+建物),臺南市東區中華東路二段167號11樓之16,4.44,其他,,,1061107,土地1建物1車位0,十一層,14,套房(1房1廳1衛),住家用,鋼筋混凝土構造,0970229,46.86,1,1,1,有,有,有,9000,192,,0.0,0,租金含管理費,RPPOMLOJKIMFFCD87CC
東區,建物,臺南市東區榮譽街84巷139號,0.0,商,,,1061111,土地0建物1車位0,全,2,透天厝,住家用,磚造,0520101,73.77,3,2,2,有,無,無,8000,108,,0.0,0,,RPROMLOJKIMFFCD08CC
永康區,房地(土地+建物),臺南市永康區復華七街106巷15號,0.0,住,,,1061122,土地1建物1車位0,二層,12,住宅大樓(11層含以上有電梯),見其他登記事項,鋼筋混凝土造,0831006,51.89,2,1,1,有,無,有,8500,164,,0.0,0,,RPPNMLOJKIMFFKD58CC
仁德區,土地,民安段482地號,609.08,住,,,1061122,土地5建物0車位0,,,其他,,,,0.0,0,0,0,有,無,無,45000,74,,0.0,0,,RPUNMLOJKIMFFID88CC
永康區,建物,臺南市永康區勝華街37巷56號10樓之3,0.0,住,,,1061123,土地0建物1車位0,十層,10,華廈(10層含以下有電梯),住家用,鋼筋混凝土造,0810106,114.72,3,2,2,有,無,有,10000,87,,0.0,0,,RPOOMLPJKIMFFKD68CC
東區,房地(土地+建物),臺南市東區崇學路259之6號,104.0,住,,,1061205,土地2建物1車位0,全,5,透天厝,住商用,鋼筋混凝土構造,0780318,67.68,0,1,1,有,無,無,27500,406,,0.0,0,,RPVNMLPJKIMFFCD48CC
北區,房地(土地+建物),臺南市北區中華北路一段106號,325.51,商,,,1061202,土地1建物1車位0,見其他登記事項,1,店面(店鋪),見其他登記事項,見其他登記事項,1030826,95.45,0,0,0,無,無,有,60000,629,,0.0,0,,RPUNMLPJKIMFFAD18CC
北區,房地(土地+建物)+車位,臺南市北區公園北路156號五樓之11,22.65,商,,,1061203,土地1建物1車位1,五層,14,住宅大樓(11層含以上有電梯),見其他登記事項,見其他登記事項,0951001,132.33,4,2,2,有,有,有,25000,189,坡道平面,29.31,0,,RPUOMLQJKIMFFAD38CC
中西區,建物,臺南市中西區西門路二段412號,0.0,商,,,1061124,土地0建物1車位0,見其他登記事項,2,辦公商業大樓,商業用,磚造,,98.12,2,1,1,有,無,無,25000,255,,0.0,0,,RPVOMLQJKIMFFAD48CC
東區,房地(土地+建物),臺南市東區崇學路18號2樓,92.49,住,,,1061205,土地1建物1車位0,二層,20,住宅大樓(11層含以上有電梯),住商用,鋼筋混凝土構造,0800620,348.6,0,0,0,無,無,無,50000,143,,0.0,0,,RPPPMLQJKIMFFCD18CC
新市區,房地(土地+建物),臺南市新巿區民權路67號,86.29,商,,,1061202,土地1建物1車位0,全,2,透天厝,住商用,加強磚造,0690616,108.82,2,1,1,有,無,無,18000,165,,0.0,0,,RPWNMLQJKIMFFHD56CC
永康區,房地(土地+建物),臺南市永康區八德街88巷1號,117.0,住,,,1061205,土地1建物1車位0,全,4,透天厝,住商用,鋼筋混凝土構造,0841205,249.04,7,3,3,有,無,有,18000,72,,0.0,0,,RPQNMLQJKIMFFKD98DC
安南區,建物,臺南市安南區安中路一段599號,342.76,住,,,1061113,土地0建物1車位0,見其他登記事項,1,店面(店鋪),商業用,見其他登記事項,1060413,130.15,0,0,0,無,無,無,50000,384,,0.0,0,,RPSNMLRJKIMFFBD28CC
安南區,建物,臺南市安南區安中路一段601號,342.76,住,,,1061113,土地0建物1車位0,見其他登記事項,1,店面(店鋪),商業用,見其他登記事項,1060413,131.93,0,0,0,無,無,無,50000,379,,0.0,0,,RPTNMLRJKIMFFBD38CC
安南區,建物,臺南市安南區安中路一段603號,342.79,住,,,1061113,土地0建物1車位0,見其他登記事項,1,店面(店鋪),商業用,見其他登記事項,1060413,131.93,0,0,0,無,無,無,50000,379,,0.0,0,,RPUNMLRJKIMFFBD48CC
安南區,建物,臺南市安南區安中路一段605號,343.03,住,,,1061113,土地0建物1車位0,見其他登記事項,1,店面(店鋪),商業用,見其他登記事項,1060413,158.68,0,0,0,無,無,無,50000,315,,0.0,0,,RPVNMLRJKIMFFBD58CC
東區,房地(土地+建物),臺南市東區崇德路269號2樓,56.0,住,,,1061206,土地1建物1車位0,二層,5,華廈(10層含以下有電梯),住家用,鋼筋混凝土構造,0761020,208.35,2,1,2,有,無,無,25000,120,,0.0,0,,RPQOMLRJKIMFFCD28CC
東區,房地(土地+建物),臺南市東區崇學路105號,19.99,住,,,1061121,土地1建物1車位0,一層,16,店面(店鋪),住商用,鋼筋混凝土構造,0860508,164.76,0,0,0,無,有,無,34000,206,,0.0,0,租1+2F，1F營業用,RPTOMLRJKIMFFCD58CC
東區,房地(土地+建物),臺南市東區仁和路207號,98.0,住,,,1061128,土地1建物1車位0,全,4,透天厝,住商用,鋼筋混凝土構造,0790707,271.79,6,3,4,有,無,有,22000,81,,0.0,0,,RPUOMLRJKIMFFCD68CC
北區,房地(土地+建物),臺南市北區公園南路365號3樓之5,3.26,住,,,1061120,土地1建物1車位0,三層,14,住宅大樓(11層含以上有電梯),見其他登記事項,見其他登記事項,0960824,21.16,1,0,1,有,有,有,6500,307,,0.0,0,,RPVOMLRJKIMFFAD58CC
東區,房地(土地+建物),臺南市東區中華東路二段167號10樓之13,2.75,其他,,,1061115,土地1建物1車位0,十層,14,套房(1房1廳1衛),住家用,鋼筋混凝土構造,0970229,31.75,1,0,1,有,有,有,8000,252,,0.0,0,,RPOOMLSJKIMFFCD18CC
東區,房地(土地+建物),臺南市東區中華東路二段169號十二樓之16,3.17,其他,,,1061115,土地1建物1車位0,十二層,14,套房(1房1廳1衛),住家用,鋼筋混凝土構造,0970229,35.12,1,1,1,有,有,有,8000,228,,0.0,0,,RPPOMLSJKIMFFCD28CC
永康區,房地(土地+建物),臺南市永康區小東路689號之37,22.23,其他,,,1061121,土地1建物1車位0,九層,22,辦公商業大樓,見其他登記事項,鋼筋混凝土造,0810519,277.89,0,0,0,無,無,無,28000,101,,0.0,0,,RPPNMLTJKIMFFKD09CC
北區,房地(土地+建物),臺南市北區公園南路365號11樓之3,3.26,住,,,1061117,土地1建物1車位0,十一層,14,住宅大樓(11層含以上有電梯),見其他登記事項,見其他登記事項,0960824,21.16,1,0,1,有,無,有,9000,425,,0.0,0,,RPPNMLKKKIMFFAD27CC
北區,房地(土地+建物),臺南市北區公園南路365號8樓之5,3.26,住,,,1061117,土地1建物1車位0,八層,14,住宅大樓(11層含以上有電梯),見其他登記事項,見其他登記事項,0960824,21.16,1,0,1,有,有,有,9000,425,,0.0,0,,RPQNMLKKKIMFFAD37CC
中西區,房地(土地+建物),臺南市中西區西門路二段112號,91.5,商,,,1061128,土地1建物1車位0,見其他登記事項,2,店面(店鋪),住商用,磚造,0300101,140.43,0,2,1,有,無,無,33000,235,,0.0,0,,RPSNMLLKKIMFFAD67CC
安平區,建物,臺南市安平區健康路三段335號十七樓之7,0.0,商,,,1061205,土地0建物1車位0,十七層,20,住宅大樓(11層含以上有電梯),見其他登記事項,見其他登記事項,1060124,138.63,3,2,2,有,有,無,20000,144,,0.0,0,,RPVNMLLKKIMFFAD97CC
北區,建物,臺南市北區公園南路360號十四樓之3,0.0,住,,,1061203,土地0建物1車位0,十四層,25,住宅大樓(11層含以上有電梯),住家用,鋼筋混凝土造,0840104,78.37,2,2,1,有,有,有,9000,115,,0.0,0,,RPXNMLLKKIMFFAD18CC
中西區,建物,臺南市中西區和真街85號,0.0,住,,,1061204,土地0建物1車位0,全,2,透天厝,住家用,加強磚造,0630508,44.46,0,0,0,無,無,無,10000,225,,0.0,0,,RPSOMLLKKIMFFAD77CC
南區,建物,臺南市南區永華路一段73號,150.9,商,,,1061206,土地0建物1車位0,二層,4,店面(店鋪),住商用,鋼筋混凝土構造,0651201,182.23,4,4,3,有,無,無,130000,713,,0.0,0,,RPQNMLLKKIMFFCD67CC
中西區,建物,臺南市中西區府前路一段90巷71之2號,0.0,商,,,1061204,土地0建物1車位0,四層,4,公寓(5樓含以下無電梯),住家用,鋼筋混凝土造,0720406,55.78,3,1,1,有,無,無,6000,108,,0.0,0,,RPQNMLMKKIMFFAD57CC
永康區,土地,王新段474地號,0.0,農,,,1061124,土地1建物0車位0,,,其他,,,,0.0,0,0,0,有,無,無,28000,0,,0.0,0,,RPRNMLMKKIMFFKD68CC
永康區,房地(土地+建物),臺南市永康區新行街37號,66.77,住,,,1061211,土地1建物1車位0,全,2,透天厝,住商用,加強磚造,0711204,95.62,4,2,3,有,無,無,18000,188,,0.0,0,,RPVNMLNKKIMFFKD56CC
永康區,房地(土地+建物),臺南市永康區大橋里中華路630號,193.0,住,,,1061101,土地1建物1車位0,全,5,透天厝,,鋼筋混凝土構造,0781104,804.53,8,2,6,有,無,無,110000,137,,0.0,0,,RPROMLNKKIMFFKD88CC
永康區,房地(土地+建物),臺南市永康區南工街280巷4號,110.56,其他,,,1061127,土地1建物1車位0,見其他登記事項,2,公寓(5樓含以下無電梯),住家用,加強磚造,0641117,112.04,4,2,2,有,無,無,15500,138,,0.0,0,,RPSOMLNKKIMFFKD98CC
永康區,房地(土地+建物),臺南市永康區聖龍街32號,110.51,住,,,1061205,土地1建物1車位0,全,4,透天厝,見其他登記事項,見其他登記事項,1021030,234.29,5,2,5,有,無,有,25000,107,,0.0,0,,RPTOMLNKKIMFFKD09CC
永康區,土地,大灣段3482地號,0.0,農,,,1061116,土地1建物0車位0,,,其他,,,,0.0,0,0,0,有,無,無,15000,0,,0.0,0,,RPUOMLNKKIMFFKD56CC
永康區,房地(土地+建物),臺南市永康區永大路三段407號,88.0,住,,,1061118,土地1建物1車位0,全,5,透天厝,住商用,鋼筋混凝土構造,0951227,257.1,4,2,4,有,無,有,28000,109,,0.0,0,,RPVOMLNKKIMFFKD66CC
安南區,建物,臺南市安南區北安路三段145巷69弄10號,0.0,住,,,1061212,土地0建物1車位0,全,4,透天厝,見其他登記事項,鋼筋混凝土構造,0921003,170.87,4,2,3,有,無,有,18000,105,,0.0,0,,RPPNMLNKKIMFFBD67CC
仁德區,建物,臺南市仁德區仁中二街75號,0.0,住,,,1061212,土地0建物1車位0,全,4,透天厝,住家用,鋼筋混凝土構造,1010622,224.62,4,2,4,有,無,無,29000,129,,0.0,0,1.合約書無填具土地租賃面積2.由所有權人提供出租資訊3.租整棟透天,RPRNMLNKKIMFFID58CC
新營區,房地(土地+建物),臺南市新營區大勇街19巷1弄6號,50.65,商,,,1061212,土地1建物1車位0,全,3,透天厝,住商用,鋼筋混凝土構造,0791220,121.94,2,1,3,有,無,有,8000,66,,0.0,0,,RPQNMLNKKIMFFDD97CC
新市區,土地,社內段31-3地號,0.0,,特定農業區,農牧用地,1061213,土地1建物0車位0,,,其他,,,,0.0,0,0,0,有,無,無,15000,0,,0.0,0,,RPRPMLNKKIMFFHD68CC
東區,房地(土地+建物),臺南市東區中華東路三段198號,300.0,商,,,1061122,土地1建物1車位0,全,4,透天厝,住商用,鋼筋混凝土構造,0760615,17.0,0,0,0,無,無,無,15000,882,,0.0,0,增建加蓋5F,RPTNMLNKKIMFFCD18CC
東區,建物,臺南市東區東寧路429號,0.0,商,,,1061212,土地0建物1車位0,三層,6,店面(店鋪),見其他登記事項,鋼筋混凝土構造,0790310,144.07,0,0,1,有,無,無,17000,118,,0.0,0,,RPUNMLNKKIMFFCD28CC
東區,房地(土地+建物),臺南市東區崇善路177號,90.0,住,,,1061116,土地1建物1車位0,全,4,透天厝,見其他登記事項,鋼筋混凝土構造,0960525,253.71,7,1,4,有,無,無,37000,146,,0.0,0,1樓為營業用，2-4樓為住家用。,RPXNMLNKKIMFFCD58CC
東區,房地(土地+建物),臺南市東區林森路一段153巷27弄18號,86.64,住,,,1061201,土地1建物1車位0,全,2,透天厝,住家用,鋼筋混凝土構造,0780328,123.76,4,2,3,有,無,有,26000,210,,0.0,0,,RPOOMLNKKIMFFCD77CC
東區,房地(土地+建物),臺南市東區慶東街31號地下樓,19.68,其他,,,1061125,土地2建物1車位0,地下一層,11,住宅大樓(11層含以上有電梯),商業用,鋼筋混凝土構造,0800322,234.76,0,0,0,無,無,無,17000,72,,0.0,0,,RPWOMLNKKIMFFCD58CC
東區,房地(土地+建物),臺南市東區小東路244號10F,7.31,住,,,1061116,土地1建物1車位0,十層,25,住宅大樓(11層含以上有電梯),住家用,鋼筋混凝土構造,0840106,107.12,2,2,2,有,無,有,11000,103,,0.0,0,,RPUQMLNKKIMFFCD58CC
東區,建物,臺南市東區中華東路二段193號七樓之6,0.0,住,,,1061117,土地0建物1車位0,七層,20,套房(1房1廳1衛),住家用,鋼筋混凝土構造,0841106,34.33,1,0,1,有,有,有,7500,218,,0.0,0,租金含管理費。,RPVOMLOKKIMFFCD58CC
永康區,土地,大灣段3482地號,0.0,農,,,1061209,土地1建物0車位0,,,其他,,,,0.0,0,0,0,有,無,無,10000,0,,0.0,0,,RPQRMLOKKIMFFKD56CC
永康區,土地,大灣段3482地號,0.0,農,,,1061213,土地1建物0車位0,,,其他,,,,0.0,0,0,0,有,無,無,10000,0,,0.0,0,,RPRRMLOKKIMFFKD66CC
鹽水區,房地(土地+建物),臺南市鹽水區三福路9號,161.0,商,,,1061214,土地2建物1車位0,見其他登記事項,2,店面(店鋪),住家用,磚造,,116.84,3,3,1,有,無,無,22000,188,,0.0,0,,RPWNMLPKKIMFFDD78CC
東區,房地(土地+建物)+車位,臺南市東區崇學路59巷9號5樓,3.0,住,,,1061202,土地1建物1車位1,五層,13,住宅大樓(11層含以上有電梯),住家用,鋼筋混凝土構造,0890115,96.22,3,2,2,有,有,有,18000,187,坡道平面,0.0,0,,RPTOMLPKKIMFFCD48CC
北區,建物,臺南市北區成功路68巷49-2號5樓,0.0,商,,,1061213,土地0建物1車位0,五層,5,公寓(5樓含以下無電梯),住家用,鋼筋混凝土造,0730702,91.84,2,1,2,有,無,有,6500,71,,0.0,0,,RPQNMLQKKIMFFAD97CC
新營區,建物,臺南市新營區樂利街133,0.0,,,,1061124,土地0建物1車位0,一層,7,華廈(10層含以下有電梯),商業用,鋼筋混凝土造,0831214,31.39,0,2,1,有,無,無,6000,191,,0.0,0,,RPPNMLQKKIMFFDD18CC
柳營區,房地(土地+建物),臺南市柳營區果毅後50號,219.0,,鄉村區,乙種建築用地,1061205,土地1建物1車位0,全,2,透天厝,住家用,見其他登記事項,0650701,96.61,7,3,2,有,無,有,7000,72,,0.0,0,,RPQNMLQKKIMFFDD28CC
新營區,建物,臺南市新營區富源街22號4樓之1B室,0.0,,,,1061205,土地0建物0車位0,四層,6,套房(1房1廳1衛),住家用,鋼筋混凝土造,0801022,42.17,1,0,1,有,無,有,5000,119,,0.0,0,,RPSNMLQKKIMFFDD48CC
永康區,建物,臺南市永康區西勢路156號,0.0,住,,,1061123,土地0建物1車位0,全,2,透天厝,住商用,加強磚造,0700213,94.36,3,1,1,有,無,有,6500,69,,0.0,0,1.合約書無填具土地租賃面積.2.由所有權人提供出租資訊3.租賃物為此棟建築物三樓加蓋,RPOOMLSKKIMFFKD09CC
中西區,房地(土地+建物),臺南市中西區美麗街30號,33.28,住,,,1061215,土地1建物1車位0,一層,10,華廈(10層含以下有電梯),見其他登記事項,鋼筋混凝土造,0880730,162.74,0,2,2,有,無,無,18750,115,,0.0,0,,RPSNMLSKKIMFFAD38CC
北區,建物,臺南市北區公園北路156號三樓之3,0.0,商,,,1061214,土地0建物1車位0,三層,14,住宅大樓(11層含以上有電梯),見其他登記事項,見其他登記事項,0951001,93.97999999999999,2,2,1,有,無,有,18000,192,,0.0,0,,RPPOMLSKKIMFFAD18CC
北區,建物,臺南市北區開南街201巷19號,0.0,住,,,1061125,土地0建物1車位0,全,3,透天厝,住家用,鋼筋混凝土構造,0800122,206.86,4,1,3,有,無,有,16000,77,,0.0,0,,RPSNMLTKKIMFFAD48CC
東區,建物,臺南市東區崇明路401、403號,0.0,住,,,1061128,土地0建物2車位0,全,6,透天厝,見其他登記事項,鋼筋混凝土構造,0790627,479.98,0,0,2,有,無,有,75000,156,,0.0,0,1.租賃契約書無填寫土地租賃面積。2.由所有權人提供租屋資訊。3.租賃物為雙門牌店面，租金75000元為雙門牌出租總額。4.租賃層次為一樓含地下室,RPRNMLTKKIMFFCD58CC
永康區,房地(土地+建物),臺南市永康區中正二街105巷40號,387.4,其他,,,1061130,土地3建物2車位0,見其他登記事項,1,廠辦,工業用,鋼造,0770201,301.99,5,2,2,有,無,有,38000,126,,0.0,0,,RPROMLTKKIMFFKD86CC
永康區,建物,臺南市永康區勝利里勝利街22巷5弄5號九樓,0.0,,,,1061128,土地0建物1車位0,九層,9,華廈(10層含以下有電梯),住家用,鋼筋混凝土造,0831216,139.52,3,2,2,有,有,有,13000,93,,0.0,0,,RPUNMLKLKIMFFKD88CC
永康區,建物,臺南市永康區中華西街122巷66號之4,0.0,,,,1061219,土地0建物1車位0,五層,5,公寓(5樓含以下無電梯),住家用,鋼筋混凝土造,0711231,102.36999999999999,3,2,1,有,無,無,8500,83,,0.0,0,,RPSOMLKLKIMFFKD78CC
仁德區,建物,臺南市仁德區後壁村德崙路21巷10弄4號,0.0,,,,1061128,土地0建物1車位0,二層,11,住宅大樓(11層含以上有電梯),住商用,鋼筋混凝土造,0830608,110.76,4,2,2,有,有,有,11000,99,,0.0,0,1.租賃契約書無填寫土地租賃面積2.由所有權人提供租屋資訊3.承租人承租二至四樓,RPVNMLKLKIMFFID78CC
南區,建物,臺南市南區大德街141巷46號四樓之11,0.0,,,,1061201,土地0建物1車位0,四層,5,華廈(10層含以下有電梯),住家用,鋼筋混凝土構造,0780225,26.63,1,0,1,有,有,有,5000,188,,0.0,0,,RPROMLKLKIMFFCD87CC
南區,建物,臺南市南區健康路二段273號,0.0,,,,1061205,土地0建物1車位0,見其他登記事項,2,店面(店鋪),住商用,見其他登記事項,0820705,154.18,0,2,2,有,無,無,34000,221,,0.0,0,,RPUOMLKLKIMFFCD18CC
安平區,建物,臺南市安平區健康二街518號,0.0,,,,1061130,土地0建物1車位0,一層,5,店面(店鋪),住商用,鋼筋混凝土造,0820925,13.22,1,0,1,有,無,無,6000,454,,0.0,0,,RPROMLKLKIMFFAD67CC
中西區,建物,臺南市中西區中山路88號八樓之5,0.0,,,,1061201,土地0建物1車位0,八層,15,華廈(10層含以下有電梯),住家用,鋼筋混凝土造,0840725,60.489999999999995,2,1,1,有,有,有,7000,116,,0.0,0,,RPQPMLKLKIMFFAD67CC
安平區,建物,臺南市安平區健康路三段335號十二樓之2,0.0,,,,1061205,土地0建物1車位0,十二層,20,住宅大樓(11層含以上有電梯),見其他登記事項,見其他登記事項,1060124,112.92,2,1,1,有,有,無,15000,133,,0.0,0,,RPXPMLKLKIMFFAD38CC
中西區,建物,臺南市中西區正德街48號五樓之9,0.0,,,,1061210,土地0建物1車位0,五層,7,華廈(10層含以下有電梯),住家用,鋼筋混凝土造,0700602,37.67,1,0,1,有,有,有,5500,146,,0.0,0,,RPOQMLKLKIMFFAD57CC
安平區,建物,臺南市安平區健康路三段331號十樓之3,0.0,,,,1061214,土地0建物1車位0,十層,26,住宅大樓(11層含以上有電梯),見其他登記事項,見其他登記事項,1060124,155.73000000000002,3,1,2,有,有,無,17500,112,,0.0,0,,RPPQMLKLKIMFFAD67CC
安平區,建物,臺南市安平區育平五街6號十七樓之7,0.0,,,,1061217,土地0建物1車位0,十七層,22,住宅大樓(11層含以上有電梯),住家用,鋼筋混凝土造,0861021,185.62,3,1,2,有,有,有,16000,86,,0.0,0,,RPPNMLLLKIMFFAD47CC
安平區,土地,金華段134地號,207.24,商,,,1061220,土地1建物0車位0,,,其他,,,,0.0,0,0,0,有,無,無,100000,483,,0.0,0,,RPTOMLMLKIMFFAD08CC
仁德區,房地(土地+建物),臺南市仁德區新田二街116巷66號,1743.43,,特定農業區,農牧用地,1061215,土地1建物1車位0,見其他登記事項,1,廠辦,農舍,見其他登記事項,0891107,132.93,0,0,0,無,無,有,32000,241,,0.0,0,,RPUNMLMLKIMFFID88CC
安南區,房地(土地+建物),臺南市安南區國安街56巷111弄47號,92.54,住,,,1061223,土地1建物1車位0,全,2,透天厝,住商用,加強磚造,0690125,95.22,4,3,2,有,無,有,11000,116,,0.0,0,,RPQNMLNLKIMFFBD87CC
東區,房地(土地+建物),臺南市東區大同路二段567號,91.17,商,,,1061220,土地1建物1車位0,全,3,透天厝,住商用,加強磚造,0640521,184.79,5,2,3,有,無,無,18000,97,,0.0,0,,RPPNMLNLKIMFFCD87CC
北區,房地(土地+建物),臺南市北區公園南路365號12樓之12,6.16,住,,,1061130,土地1建物1車位0,十二層,14,住宅大樓(11層含以上有電梯),見其他登記事項,見其他登記事項,0960824,22.55,1,0,1,有,有,有,8000,355,,0.0,0,,RPSNMLOLKIMFFAD08CC
安平區,建物,臺南市安平區永華路二段932號5樓,0.0,商,,,1061123,土地0建物1車位1,五層,16,住宅大樓(11層含以上有電梯),見其他登記事項,見其他登記事項,1030116,276.76,3,2,4,有,有,有,45000,163,坡道平面,0.0,0,,RPXNMLPLKIMFFAD68CC
安平區,房地(土地+建物),臺南市安平區安平路392號,97.82,住,,,1061224,土地1建物1車位0,見其他登記事項,3,店面(店鋪),住商用,鋼筋混凝土構造,0640608,197.19,0,0,0,無,無,有,35000,177,,0.0,0,,RPUOMLPLKIMFFAD48CC
南區,房地(土地+建物),臺南市南區文南二路15號,235.39,住,,,1061221,土地1建物1車位0,一層,8,店面(店鋪),商業用,鋼筋混凝土構造,0790627,218.0,6,2,3,有,無,有,20000,92,,0.0,0,,RPTNMLPLKIMFFCD48CC
南區,房地(土地+建物),臺南市南區新興路408號1樓,119.0,住,,,1061214,土地1建物1車位0,一層,4,店面(店鋪),住商用,鋼筋混凝土構造,0680316,114.53,1,0,1,有,無,無,24000,210,,0.0,0,,RPWNMLPLKIMFFCD78CC
東區,土地,路東段848地號,41.64,商,,,1061222,土地2建物0車位0,,,其他,,,,0.0,0,0,0,有,無,無,25000,600,,0.0,0,,RPOOMLPLKIMFFCD08CC
東區,建物,臺南市東區勝利路115號七樓之12,0.0,商,,,1061218,土地0建物1車位0,七層,7,華廈(10層含以下有電梯),見其他登記事項,見其他登記事項,0700116,29.78,1,1,1,有,無,有,6500,218,,0.0,0,,RPQOMLQLKIMFFCD38CC
中西區,建物,臺南市中西區尊王路58號,0.0,商,,,1061213,土地0建物1車位0,一層,5,店面(店鋪),住商用,鋼筋混凝土造,0730629,107.38,2,1,2,有,無,無,33000,307,,0.0,0,,RPUNMLQLKIMFFAD48CC
北區,房地(土地+建物),臺南市北區北安路一段275號,212.48,住,,,1061225,土地1建物1車位0,一層,4,店面(店鋪),見其他登記事項,鋼筋混凝土造,0911007,80.74,0,1,1,有,無,無,25000,310,,0.0,0,,RPTOMLQLKIMFFAD48CC
安平區,建物,臺南市安平區平豐路122號八樓之2,0.0,住,,,1061209,土地0建物1車位0,八層,27,住宅大樓(11層含以上有電梯),見其他登記事項,見其他登記事項,1050604,157.17,2,1,2,有,有,有,30000,191,,0.0,0,,RPWOMLQLKIMFFAD78CC
安南區,建物,臺南市安南區海佃路二段56號,0.0,住,,,1061206,土地0建物1車位0,見其他登記事項,2,店面(店鋪),見其他登記事項,見其他登記事項,1041005,150.0,0,0,1,有,無,無,53000,353,,0.0,0,,RPTNMLQLKIMFFBD48CC
歸仁區,建物,臺南市歸仁區南潭三街162巷15弄1號,0.0,,特定農業區,甲種建築用地,1061224,土地0建物1車位0,全,3,透天厝,住家用,鋼骨鋼筋混凝土造,0830422,130.55,2,2,3,有,無,無,10000,77,,0.0,0,1.合約書無填具土地租賃面積.2.由所有權人提供出租資訊3.租金已包含車位4.整編前門牌為:歸仁區七甲村南潭1之189號,RPSNMLQLKIMFFID09CC
永康區,建物,臺南市永康區中正路279巷8號,0.0,工,,,1061220,土地0建物1車位0,見其他登記事項,1,工廠,工業用,鋼造,0771103,116.63,4,1,3,有,無,無,35000,,,0.0,0,1.合約書無填具土地租賃面積.2.由所有權人提供出租資訊3.租賃物總面積為349.89平方公尺含增建2+3F,RPTNMLQLKIMFFKD76CC
永康區,建物,臺南市永康區中正六街175號五樓之6,0.0,住,,,1061224,土地0建物1車位0,五層,8,華廈(10層含以下有電梯),住家用,鋼筋混凝土造,0831224,30.490000000000002,1,0,1,有,無,有,4500,148,,0.0,0,,RPUNMLQLKIMFFKD86CC
永康區,建物,臺南市永康區中華二路266巷30號三樓之1,0.0,住,,,1061224,土地0建物1車位0,三層,7,華廈(10層含以下有電梯),住家用,鋼筋混凝土造,0870602,31.42,1,1,1,有,有,有,7000,223,,0.0,0,,RPSOMLQLKIMFFKD76CC
永康區,建物,臺南市永康區中山南路120號,0.0,住,,,1061206,土地0建物1車位0,一層,4,店面(店鋪),住商用,鋼筋混凝土造,0761102,110.94,0,0,1,有,無,無,70000,631,,0.0,0,1.合約書無填具土地租賃面積2.由所有權人提供出租資訊3.透天分租1樓,RPTOMLQLKIMFFKD86CC
永康區,土地,兵南段490地號,0.0,住,,,1061213,土地1建物0車位0,,,其他,,,,0.0,0,0,0,有,無,有,6500,0,,0.0,0,1.合約書無填具土地租賃面積2.由所有權人提供出租資訊3.租賃物包含未保存登記的建物4.承租樓層:整棟承租5.租賃地址為永康區勝利街上,RPVOMLQLKIMFFKD07CC
新營區,房地(土地+建物),臺南市新營區中山路241號,45.77,商,,,1061208,土地1建物1車位0,全,2,透天厝,住商用,鋼筋混凝土構造,,80.39,1,0,0,無,無,無,15000,187,,0.0,0,,RPSNMLQLKIMFFDD68DC
歸仁區,土地,歸仁北段1130-14地號,102.0,商,,,1061222,土地1建物0車位0,,,其他,,,,0.0,0,0,0,有,無,無,22000,216,,0.0,0,有未保存登記的建物,RPTOMLQLKIMFFID76DC
安南區,建物,臺南市安南區府安路三段289巷38弄6號,0.0,住,,,1061226,土地0建物1車位0,全,2,透天厝,住家用,加強磚造,0690219,91.64,3,2,2,有,無,無,11000,120,,0.0,0,,RPXNMLRLKIMFFBD98CC
中西區,建物,臺南市中西區開山路109巷8號,0.0,,,,1061222,土地0建物1車位0,全,2,透天厝,住家用,加強磚造,0351001,75.74,2,2,2,有,無,無,30000,396,,0.0,0,,RPRPMLRLKIMFFAD48CC
中西區,建物,臺南市中西區頂美一街7號三樓之24,0.0,,,,1061222,土地0建物1車位0,三層,7,華廈(10層含以下有電梯),住家用,鋼筋混凝土造,0661202,43.61,1,0,1,有,有,有,7800,179,,0.0,0,,RPSPMLRLKIMFFAD58CC
安平區,建物,臺南市安平區國平路599號四樓之7,0.0,,,,1061223,土地0建物1車位0,四層,21,住宅大樓(11層含以上有電梯),住家用,鋼筋混凝土造,0831222,53.620000000000005,1,1,1,有,有,有,9000,168,,0.0,0,,RPUPMLRLKIMFFAD78CC
永康區,房地(土地+建物)+車位,臺南市永康區中山南路436巷1號三樓之2,50.64,住,,,1061215,土地1建物1車位1,三層,12,住宅大樓(11層含以上有電梯),住家用,鋼筋混凝土造,0800513,173.42,4,2,2,有,有,有,25000,144,坡道平面,0.0,0,,RPTNMLSLKIMFFKD07DC
安南區,建物,臺南市安南區安和路五段365號,0.0,住,,,1061226,土地0建物1車位0,全,3,透天厝,住商用,鋼筋混凝土構造,0781211,254.36,6,1,3,有,無,無,38889,153,,0.0,0,,RPVNMLTLKIMFFBD98CC
南區,建物,臺南市南區中華南路二段126號,0.0,住,,,1061204,土地0建物1車位0,全,4,透天厝,住商用,鋼筋混凝土構造,0780204,246.61,7,3,8,有,無,有,28000,114,,0.0,0,,RPOOMLTLKIMFFCD48CC
東區,建物,臺南市東區大同路二段95之3號,0.0,商,,,1061219,土地0建物1車位0,二層,16,住宅大樓(11層含以上有電梯),住商用,鋼筋混凝土構造,0831216,431.02,0,2,2,有,無,無,28000,65,,0.0,0,1.合約書無填具土地租賃面積.2.由所有權人提供出租資訊3.實際租賃樓層為:2F+3F,RPQOMLTLKIMFFCD68CC
北區,房地(土地+建物),臺南市北區南園街52號,81.0,住,,,1061209,土地3建物1車位0,一層,4,套房(1房1廳1衛),住商用,加強磚造,0631205,35.7,1,1,1,有,無,有,5000,140,,0.0,0,,RPPNMLLMKIMFFAD57CC
南區,房地(土地+建物),臺南市南區中華西路一段97號,1008.0,工,,,1061229,土地1建物1車位0,三層,3,工廠,見其他登記事項,鋼筋混凝土構造,0751208,1000.0,0,0,0,無,無,有,60000,,,0.0,0,,RPVOMLMJJHNFFCD18CC
東區,建物,臺南市東區文化路126號八樓,0.0,住,,,1061205,土地0建物1車位0,八層,12,住宅大樓(11層含以上有電梯),見其他登記事項,鋼筋混凝土構造,1021023,83.56,4,2,2,有,有,無,42000,503,,0.0,0,含2個公設車位,RPXOMLMJJHNFFCD38CC
安南區,房地(土地+建物),臺南市安南區府安路五段162巷49弄26號,83.35,其他,,,1061230,土地3建物1車位0,全,4,透天厝,見其他登記事項,鋼筋混凝土造,1041216,210.96,4,2,5,有,無,有,20000,95,,0.0,0,,RPVOMLMJJHNFFBD08CC
仁德區,土地,太子段1480-3地號,0.0,工,,,1070102,土地1建物0車位0,,,其他,,,,0.0,0,0,0,有,無,無,20000,0,,0.0,0,,RPSNMLNJJHNFFID48CC
永康區,建物,臺南市永康區尚頂里南台街13巷41號四樓之3,0.0,住,,,1061229,土地0建物1車位0,四層,16,住宅大樓(11層含以上有電梯),住家用,鋼筋混凝土造,0840523,104.35,3,1,2,有,無,有,13500,129,,0.0,0,,RPSNMLNJJHNFFKD68CC
東區,建物,臺南市東區仁和路７１之１號,0.0,住,,,1061226,土地0建物1車位0,全,4,透天厝,見其他登記事項,鋼筋混凝土構造,0941014,246.48,4,4,6,有,無,無,39000,158,,0.0,0,,RPVNMLNJJHNFFCD18CC
東區,房地(土地+建物),臺南市東區中華東路二段167號二樓之20,2.96,其他,,,1061208,土地1建物1車位0,二層,14,套房(1房1廳1衛),住家用,鋼筋混凝土構造,0970229,33.769999999999996,1,0,1,有,有,有,6800,201,,0.0,0,,RPTNMLOJJHNFFCD08CC
北區,建物,臺南市北區育德路６８０號,0.0,住,,,1061227,土地0建物1車位0,全,4,透天厝,見其他登記事項,鋼筋混凝土構造,0960427,233.83,4,4,6,有,無,無,40000,171,,0.0,0,,RPOPMLOJJHNFFAD57CC
永康區,房地(土地+建物),臺南市永康區永大路二段1526巷2弄2號十一樓之5,11.16,其他,,,1070105,土地1建物1車位0,十一層,14,住宅大樓(11層含以上有電梯),住家用,鋼筋混凝土造,0840511,111.51,2,2,1,有,無,無,10000,90,,0.0,0,,RPQNMLRJJHNFFKD88CC
永康區,建物,臺南市永康區南台街89巷19號九樓之2,0.0,住,,,1070104,土地0建物1車位0,九層,13,住宅大樓(11層含以上有電梯),住家用,鋼筋混凝土造,0850729,153.22,3,1,2,有,無,無,12000,78,,0.0,0,,RPXNMLKKJHNFFKD98CC
安南區,建物,臺南市安南區環館五路1號,0.0,住,,,1070106,土地0建物1車位0,全,4,透天厝,住家用,鋼筋混凝土構造,1000613,330.98,3,3,5,有,無,有,35000,106,,0.0,0,1.合約書無填具土地租賃面積.2.由所有權人提供出租資訊3.租金已包含車位,RPOOMLKKJHNFFBD27CC
東區,房地(土地+建物),臺南市東區中華東路二段169號十樓之9,3.81,其他,,,1061214,土地1建物1車位0,十層,14,套房(1房1廳1衛),住家用,鋼筋混凝土構造,0970229,41.23,1,0,1,有,有,有,10000,243,,0.0,0,租金含管理費、網路、第四台。,RPSOMLKKJHNFFCD77CC
東區,建物,臺南市東區龍山街95號七樓,0.0,商,,,1061229,土地0建物1車位0,七層,14,住宅大樓(11層含以上有電梯),住家用,鋼筋混凝土構造,0960906,90.52,2,1,1,有,有,有,22000,243,,0.0,0,1.合約書無填具土地租賃面積2.由所有權人提供出租資訊3.租金已包含一個坡道平面車位,RPTNMLLKJHNFFCD87CC
東區,房地(土地+建物),臺南市東區林森路一段132號三樓之5,8.1,其他,,,1061214,土地1建物1車位0,三層,16,住宅大樓(11層含以上有電梯),住家用,鋼筋混凝土構造,0820609,93.04,3,2,2,有,有,有,13000,140,,0.0,0,,RPVOMLLKJHNFFCD18CC
東區,房地(土地+建物),臺南市東區東平路111號七樓之7,18.27,其他,,,1061217,土地1建物1車位0,七層,7,華廈(10層含以下有電梯),住家用,鋼筋混凝土構造,0820727,106.19,2,2,2,有,有,有,15000,141,,0.0,0,房間數為2+1房,RPWOMLLKJHNFFCD28CC
南區,建物,臺南市南區新平路6號、8號1樓,3185.0,其他,,,1061215,土地0建物2車位0,一層,3,工廠,見其他登記事項,鋼筋混凝土構造,0691209,1591.5700000000002,0,0,0,有,無,有,140000,,,0.0,0,,RPQPMLLKJHNFFCD77CC
北區,建物,臺南市北區開元路485巷41弄10號十二樓之11,0.0,商,,,1061228,土地0建物1車位0,十二層,14,住宅大樓(11層含以上有電梯),見其他登記事項,鋼筋混凝土造,0891120,29.03,1,0,1,有,有,有,6500,224,,0.0,0,,RPWNMLLKJHNFFAD97CC
安南區,房地(土地+建物),臺南市安南區安中路二段31號,86.76,其他,,,1070107,土地1建物1車位0,全,3,透天厝,住商用,鋼筋混凝土造,0780112,197.13,7,2,4,有,無,無,20000,101,,0.0,0,,RPSNMLLKJHNFFBD67CC
永康區,建物,臺南市永康區中華二路266巷36號七樓之2,0.0,住,,,1061229,土地0建物1車位0,七層,7,華廈(10層含以下有電梯),住家用,鋼筋混凝土造,0870602,31.45,1,1,1,有,無,有,7000,223,,0.0,0,,RPXNMLLKJHNFFKD09CC
永康區,建物,臺南市永康區新興街2號七樓之2,0.0,住,,,1070102,土地0建物1車位0,七層,14,住宅大樓(11層含以上有電梯),住家用,鋼筋混凝土造,0880519,110.85,3,2,2,有,有,有,12000,108,,0.0,0,,RPROMLLKJHNFFKD58CC
永康區,房地(土地+建物),臺南市永康區中華路10巷16-4號,34.75,住,,,1061215,土地1建物1車位0,三層,12,辦公商業大樓,住家用,鋼筋混凝土造,0790508,236.0,5,2,3,有,有,無,10000,42,,0.0,0,,RPXOMLLKJHNFFKD56CC
永康區,房地(土地+建物),臺南市永康區中華路7巷8號,9.48,住,,,1061215,土地1建物1車位0,九層,19,住宅大樓(11層含以上有電梯),見其他登記事項,見其他登記事項,1010817,128.6,2,2,2,有,有,有,20000,156,,0.0,0,,RPPPMLLKJHNFFKD48CC
麻豆區,房地(土地+建物),臺南市麻豆區建南街271號,264.52,其他,,,1070109,土地1建物1車位0,見其他登記事項,1,店面(店鋪),見其他登記事項,見其他登記事項,1011130,50.18,0,1,1,有,無,無,9000,179,,0.0,0,,RPXNMLLKJHNFFFD58CC
北區,建物,臺南市北區忠義路三段30號,0.0,商,,,1070105,土地0建物1車位0,全,4,透天厝,住商用,鋼筋混凝土造,0800807,110.0,0,0,0,無,無,無,22000,200,,0.0,0,,RPQNMLMKJHNFFAD47CC
中西區,房地(土地+建物),臺南市中西區民生路二段132號七樓之6,11.91,商,,,1061227,土地1建物1車位0,七層,13,住宅大樓(11層含以上有電梯),見其他登記事項,見其他登記事項,1051108,75.98,2,1,1,有,有,無,14500,191,,0.0,0,,RPTNMLMKJHNFFAD77CC
北區,房地(土地+建物),臺南市北區自強街11號五樓之1,27.79,商,,,1061225,土地1建物1車位0,五層,5,公寓(5樓含以下無電梯),住家用,鋼筋混凝土造,0730510,111.78,3,2,2,有,無,無,12000,107,,0.0,0,,RPUNMLMKJHNFFAD87CC
北區,房地(土地+建物),臺南市北區公園南路353號,34.07,住,,,1061217,土地1建物1車位0,一層,14,店面(店鋪),見其他登記事項,見其他登記事項,0960824,209.01,0,0,0,無,無,有,50000,239,,0.0,0,,RPXNMLMKJHNFFAD18CC
北區,房地(土地+建物),臺南市北區西門路三段276,66.0,商,,,1070106,土地1建物1車位0,見其他登記事項,3,店面(店鋪),見其他登記事項,見其他登記事項,1060109,207.49,3,1,3,有,無,無,28000,135,,0.0,0,,RPSOMLMKJHNFFAD77CC
北區,房地(土地+建物),臺南市北區公園南路357號,26.82,住,,,1070108,土地1建物1車位0,見其他登記事項,14,店面(店鋪),見其他登記事項,見其他登記事項,0960824,165.82,0,2,2,有,有,無,50000,302,,0.0,0,,RPUOMLMKJHNFFAD97CC
中西區,房地(土地+建物),臺南市中西區五妃街209號,206.0,住,,,1061218,土地1建物1車位0,一層,2,店面(店鋪),住商用,見其他登記事項,0790205,105.15,0,0,0,無,無,無,50000,476,,0.0,0,,RPQPMLMKJHNFFAD67CC
北區,房地(土地+建物),臺南市北區公園南路233巷8號三樓之5,16.92,商,,,1070115,土地1建物1車位0,一層,9,華廈(10層含以下有電梯),住家用,加強磚造,0570130,89.59,2,2,1,有,有,有,28000,313,,0.0,0,,RPOPMLPKJHNFFAD77CC
新市區,建物,臺南市新巿區忠孝街160號,0.0,商,,,1070112,土地0建物1車位0,全,4,透天厝,住商用,鋼筋混凝土構造,0820809,246.69,6,2,4,有,無,無,25000,101,,0.0,0,,RPTNMLPKJHNFFHD78CC
新市區,房地(土地+建物),臺南市新巿區復興路173.175號,530.58,住,,,1070115,土地1建物2車位0,一層,1,店面(店鋪),商業用,鋼筋混凝土造,1051129,146.77,0,0,0,無,無,無,58000,395,,0.0,0,,RPXNMLQKJHNFFHD66CC
東區,房地(土地+建物)+車位,臺南市東區中華東路二段185巷16號4樓之2,10.78,住,,,1070115,土地1建物1車位1,四層,20,住宅大樓(11層含以上有電梯),住家用,鋼筋混凝土構造,0841106,152.53,2,2,2,有,無,有,17043,112,坡道平面,0.0,0,,RPWNMLQKJHNFFCD68CC
東區,房地(土地+建物),臺南市東區中華東路二段169號六樓之3,6.13,其他,,,1061222,土地1建物1車位0,六層,14,套房(1房1廳1衛),住家用,鋼筋混凝土構造,0970229,67.05,1,0,1,有,有,有,14560,217,,0.0,0,租金含管理費、第四台、網路。,RPXOMLRKJHNFFCD98CC
北區,建物,臺南市北區北成路401號十樓之7,0.0,住,,,1061227,土地0建物1車位0,十層,14,住宅大樓(11層含以上有電梯),見其他登記事項,鋼筋混凝土造,0990406,112.35,2,2,1,有,無,有,18000,160,,0.0,0,,RPVNMLRKJHNFFAD48CC
安南區,土地,本淵段51地號,380.0,農,,,1070108,土地1建物0車位0,,,其他,,,,0.0,0,0,0,有,無,有,25000,66,,0.0,0,地上有鐵皮屋，租賃部份面積，約150坪,RPVOMLRKJHNFFBD68CC
安南區,房地(土地+建物),臺南市安南區怡安路二段497號,184.71,住,,,1070116,土地3建物1車位0,一層,4,店面(店鋪),住家用,鋼筋混凝土造,1001025,77.0,0,0,0,無,無,無,26000,338,,0.0,0,,RPSOMLSKJHNFFBD48CC
北區,房地(土地+建物),臺南市北區公園南路358號十六樓之3,7.7,住,,,1070113,土地1建物1車位0,十六層,25,住宅大樓(11層含以上有電梯),住家用,鋼筋混凝土造,0840104,67.88,2,1,1,有,有,有,13000,192,,0.0,0,,RPXNMLSKJHNFFAD78CC
北區,建物,臺南市北區開元路547、545號,0.0,住,,,1070114,土地0建物2車位0,全,3,透天厝,住商用,加強磚造,0630626,293.36,0,0,3,有,無,無,75000,256,,0.0,0,,RPPOMLTKJHNFFAD18CC
東區,建物,臺南市東區建東街75號,0.0,商,,,1061228,土地0建物1車位0,全,2,透天厝,住商用,加強磚造,0601206,29.64,1,1,1,有,無,無,9000,304,,0.0,0,,RPPOMLTKJHNFFCD38CC
安南區,房地(土地+建物),臺南市安南區安中路二段39號,118.41,商,,,1061225,土地1建物1車位0,一層,4,店面(店鋪),住商用,鋼筋混凝土造,1031003,55.03,0,1,1,有,無,無,18500,336,,0.0,0,,RPVNMLTKJHNFFBD88DC
新營區,房地(土地+建物),臺南市新營區三民路106-7號,20.97,住,,,1070104,土地1建物1車位0,全,2,透天厝,住家用,加強磚造,,36.2,3,2,2,有,無,有,7000,193,,0.0,0,,RPRNMLKLJHNFFDD77CC
新營區,建物,臺南市新營區東興路205號11樓,0.0,,,,1061229,土地0建物1車位0,十一層,14,住宅大樓(11層含以上有電梯),見其他登記事項,鋼筋混凝土造,0890407,42.65,3,2,2,有,有,有,10000,234,,0.0,0,,RPSNMLKLJHNFFDD87CC
安平區,房地(土地+建物),臺南市安平區文平路318號4樓之2,22.76,住,,,1070120,土地1建物1車位0,一層,15,住宅大樓(11層含以上有電梯),見其他登記事項,見其他登記事項,1060307,75.05,3,2,2,有,有,有,25000,333,,0.0,0,,RPSNMLKLJHNFFAD57CC
北區,建物,臺南市北區和緯路二段235號,0.0,住,,,1070105,土地0建物1車位0,全,4,透天厝,見其他登記事項,鋼筋混凝土造,0930818,33.05,1,0,1,有,無,有,6500,197,,0.0,0,,RPSOMLMLJHNFFAD87CC
安平區,建物,臺南市安平區郡平路337號十一樓之1,0.0,商,,,1070111,土地0建物1車位0,十一層,12,住宅大樓(11層含以上有電梯),住家用,鋼筋混凝土造,0840620,102.0,3,2,2,有,有,無,11000,108,,0.0,0,,RPTOMLMLJHNFFAD97CC
安平區,建物,臺南市安平區健康三街77號,0.0,住,,,1070115,土地0建物1車位0,全,5,透天厝,見其他登記事項,見其他登記事項,0950707,272.38,5,3,5,有,無,無,33000,121,,0.0,0,,RPUOMLMLJHNFFAD08CC
北區,建物,臺南市北區和緯路二段235號,0.0,住,,,1070116,土地0建物1車位0,全,4,透天厝,見其他登記事項,鋼筋混凝土造,0930818,26.44,1,0,1,有,無,有,6500,246,,0.0,0,,RPVOMLMLJHNFFAD18CC
安平區,土地,金華段134地號,125.6,商,,,1070103,土地1建物0車位0,,,其他,,,,0.0,0,0,0,有,無,無,40000,318,,0.0,0,,RPQPMLMLJHNFFAD77CC
東區,建物,臺南市東區育樂街57巷3號二樓之11,0.0,商,,,1070117,土地0建物1車位0,二層,4,公寓(5樓含以下無電梯),住家用,鋼筋混凝土構造,0691111,31.72,1,1,1,有,無,有,4000,126,,0.0,0,,RPRPMLMLJHNFFCD08CC
東區,房地(土地+建物),臺南市東區中華東路二段167號九樓之8,3.17,其他,,,1061225,土地1建物1車位0,九層,14,套房(1房1廳1衛),住家用,鋼筋混凝土構造,0970229,37.83,1,0,1,有,有,有,9000,238,,0.0,0,租金含管理費、第四台、網路。,RPPQMLMLJHNFFCD97CC
永康區,房地(土地+建物),臺南市永康區中正北路421號,95.5,住,,,1070116,土地1建物1車位0,見其他登記事項,3,店面(店鋪),見其他登記事項,鋼筋混凝土構造,0700527,190.06,6,2,3,有,無,無,24000,126,,0.0,0,,RPPOMLMLJHNFFKD58CC
永康區,建物,臺南市永康區安康里大橋一街57之5號二樓之13,0.0,住,,,1070119,土地0建物1車位0,二層,14,住宅大樓(11層含以上有電梯),住家用,鋼筋混凝土造,0880824,30.3,1,0,1,有,無,有,6500,215,,0.0,0,,RPQOMLNLJHNFFKD78CC
東區,建物,臺南市東區裕農路288巷110弄4號3樓之1,0.0,住,,,1070112,土地0建物1車位0,三層,5,華廈(10層含以下有電梯),住家用,鋼筋混凝土構造,0820826,32.120000000000005,1,1,1,有,無,有,6000,187,,0.0,0,,RPUOMLNLJHNFFCD38CC
東區,建物,臺南市東區光華街227號4樓之2,0.0,住,,,1070102,土地0建物1車位0,四層,7,華廈(10層含以下有電梯),住家用,鋼筋混凝土構造,0791226,39.66,1,0,1,有,有,有,6000,151,,0.0,0,,RPQPMLNLJHNFFCD08CC
東區,建物,臺南市東區東寧路540號地下層,0.0,住,,,1070115,土地0建物1車位0,地下層,7,華廈(10層含以下有電梯),商業用,鋼筋混凝土構造,0780425,303.79,0,0,2,有,有,無,19000,63,,0.0,0,,RPTPMLNLJHNFFCD38CC
北區,房地(土地+建物),臺南市北區和緯路一段22號,42.12,住,,,1070118,土地1建物1車位0,見其他登記事項,10,住宅大樓(11層含以上有電梯),見其他登記事項,鋼筋混凝土構造,0930329,167.87,1,2,2,有,無,無,12000,71,,0.0,0,,RPTNMLNLJHNFFAD97CC
中西區,建物,臺南市中西區西賢一街187巷18號,0.0,住,,,1070109,土地0建物1車位0,全,3,透天厝,住商用,鋼筋混凝土構造,0810613,204.43,4,2,3,有,無,無,20000,98,,0.0,0,,RPWPMLNLJHNFFAD48CC
南區,土地,大山段185地號,127.25,住,,,1070124,土地1建物0車位0,,,其他,,,,0.0,0,0,0,有,無,有,5000,39,,0.0,0,,RPSOMLOLJHNFFCD28CC
安平區,建物,臺南市安平區建平一街39號,0.0,住,,,1070123,土地0建物1車位0,全,4,透天厝,住家用,見其他登記事項,0940304,256.57,5,2,5,有,無,無,28000,109,,0.0,0,,RPXNMLPLJHNFFAD58CC
永康區,土地,鹽東段1555地號,335.63,住,,,1070115,土地2建物0車位0,,,其他,,,,0.0,0,0,0,有,無,無,67000,200,,0.0,0,,RPPNMLPLJHNFFKD78CC
中西區,房地(土地+建物),臺南市中西區萬昌里城隍街37號,39.97,商,,,1070112,土地1建物1車位0,見其他登記事項,3,店面(店鋪),住商用,鋼筋混凝土構造,0891027,118.42,3,1,4,有,無,無,16000,135,,0.0,0,,RPWNMLQLJHNFFAD58CC
安平區,建物,臺南市安平區國平路558號,0.0,商,,,1070119,土地0建物1車位0,全,4,透天厝,見其他登記事項,見其他登記事項,0940706,219.03,5,3,4,有,無,有,33000,151,,0.0,0,,RPXNMLQLJHNFFAD68CC
東區,房地(土地+建物),臺南市東區東門路三段37巷10弄27號,71.0,住,,,1070124,土地1建物1車位0,全,3,透天厝,住家用,鋼筋混凝土構造,0680526,122.51,4,2,3,有,無,無,15000,122,,0.0,0,1-3樓透天，4樓鐵皮加蓋,RPQNMLTLJHNFFCD48CC
永康區,土地,六甲頂段1084-4地號,118.0,住,,,1070125,土地1建物0車位0,,,其他,,,,0.0,0,0,0,有,無,無,8000,68,,0.0,0,,RPTNMLTLJHNFFKD96CC
仁德區,房地(土地+建物),臺南市仁德區文山路92號,64.16,住,,,1070110,土地1建物1車位0,全,4,透天厝,住商用,鋼筋混凝土造,0950313,33.32,0,1,1,有,無,無,16000,480,,0.0,0,,RPXNMLTLJHNFFID17CC
安平區,建物,臺南市安平區安平路550巷11號,0.0,住,,,1070113,土地0建物1車位0,一層,8,華廈(10層含以下有電梯),住商用,鋼筋混凝土造,0821115,32.48,0,0,0,無,無,無,10000,308,,0.0,0,,RPQNMLTLJHNFFAD38DC
安平區,房地(土地+建物),臺南市安平區平豐路122號13樓之5,28.22,住,,,1070129,土地1建物1車位0,一層,27,住宅大樓(11層含以上有電梯),見其他登記事項,見其他登記事項,1050604,46.2,2,2,2,有,無,有,18000,390,,0.0,0,,RPSNMLKMJHNFFAD67CC
北區,房地(土地+建物),臺南市北區和緯路一段86巷22號,42.1,住,,,1070118,土地1建物1車位0,見其他登記事項,10,華廈(10層含以下有電梯),見其他登記事項,鋼筋混凝土構造,0930329,167.8,1,2,2,有,有,無,12000,72,,0.0,0,,RPPOMLKMJHNFFAD47CC
安平區,建物,臺南市安平區建平九街36號,0.0,,,,1070105,土地0建物1車位0,一層,4,店面(店鋪),住商用,鋼筋混凝土造,0821110,28.39,1,0,1,有,無,無,14000,493,,0.0,0,,RPRNMLLMJHNFFAD67CC
中西區,建物,臺南市中西區南寧街120巷19號,0.0,,,,1070111,土地0建物1車位0,全,2,透天厝,住家用,見其他登記事項,0570302,75.3,3,2,3,有,無,有,13000,173,,0.0,0,,RPVNMLLMJHNFFAD08CC
安平區,建物,臺南市安平區府前三街129號五樓之6,0.0,,,,1070112,土地0建物1車位0,五層,7,華廈(10層含以下有電梯),住家用,鋼筋混凝土造,0850106,32.76,1,1,1,有,有,有,7500,229,坡道機械,0.0,0,,RPROMLLMJHNFFAD77CC
安平區,建物,臺南市安平區健康路三段331號十樓之6,0.0,,,,1070109,土地0建物1車位0,十層,26,住宅大樓(11層含以上有電梯),見其他登記事項,見其他登記事項,1060124,110.58,2,1,1,有,有,無,16000,145,坡道平面,0.0,0,,RPSOMLLMJHNFFAD87CC
安平區,建物,臺南市安平區健康路三段329號十九樓之1,0.0,,,,1070111,土地0建物1車位0,十九層,23,住宅大樓(11層含以上有電梯),見其他登記事項,見其他登記事項,1060124,156.71,3,1,2,有,有,無,18000,115,坡道平面,0.0,0,,RPTOMLLMJHNFFAD97CC
北區,建物,臺南市北區育成路87號,0.0,住,,,1070127,土地0建物1車位0,全,4,透天厝,見其他登記事項,鋼筋混凝土造,0960427,33.06,1,0,1,有,無,有,7000,212,,0.0,0,,RPUPMLLMJHNFFAD18CC
安平區,建物,臺南市安平區建平八街72號八樓之9,0.0,,,,1070121,土地0建物1車位0,八層,14,住宅大樓(11層含以上有電梯),見其他登記事項,鋼筋混凝土造,0880816,122.25999999999999,3,2,2,有,有,有,16000,131,坡道平面,0.0,0,,RPWPMLLMJHNFFAD38CC
南區,建物,臺南市南區聖南街140巷10號五樓之7,0.0,,,,1070120,土地0建物1車位0,五層,6,華廈(10層含以下有電梯),住家用,鋼筋混凝土構造,0800124,26.34,1,0,1,有,有,有,5500,209,,0.0,0,,RPXNMLLMJHNFFCD48CC
南區,建物,臺南市南區西門路一段279巷16弄4號五樓,0.0,,,,1070122,土地0建物1車位0,五層,5,公寓(5樓含以下無電梯),見其他登記事項,鋼筋混凝土構造,0820511,125.86999999999999,3,2,2,有,有,無,9000,72,,0.0,0,,RPTOMLLMJHNFFCD18CC
仁德區,建物,臺南市仁德區仁德里中山路687巷27號,0.0,,,,1070115,土地0建物1車位0,一層,4,店面(店鋪),住商用,鋼筋混凝土造,0960215,35.07,0,1,1,有,無,無,15000,428,,0.0,0,1.租賃契約書無填寫土地租賃面積2.由所有權人提供租屋資訊,RPVNMLLMJHNFFID88CC
永康區,建物,臺南市永康區大橋一街57之5號五樓之7,0.0,住,,,1070130,土地0建物1車位0,五層,14,住宅大樓(11層含以上有電梯),住家用,鋼筋混凝土造,0880824,40.84,1,1,1,有,有,有,7500,184,,0.0,0,,RPTNMLLMJHNFFKD88CC
永康區,建物,臺南市永康區大勇路23巷9號三樓,0.0,住,,,1070131,土地0建物1車位0,三層,6,華廈(10層含以下有電梯),住家用,鋼筋混凝土造,0810409,112.2,3,2,2,有,無,有,12500,111,,0.0,0,1.合約書無填具土地租賃面積2.由所有權人提供出租資訊3.租金已包含1個平面車位,RPUNMLLMJHNFFKD98CC
永康區,建物,臺南市永康區中華二路266巷20號九樓之2,0.0,住,,,1070127,土地0建物1車位0,九層,19,住宅大樓(11層含以上有電梯),住家用,鋼筋混凝土造,0860128,35.04,1,0,1,有,無,有,7000,200,,0.0,0,,RPVNMLLMJHNFFKD09CC
東區,房地(土地+建物),臺南市東區中華東路二段167號十四樓之9,4.65,住,,,1070105,土地1建物1車位0,十四層,14,套房(1房1廳1衛),住家用,鋼筋混凝土構造,0970229,51.209999999999994,1,0,1,有,有,有,10000,195,,0.0,0,租金含管理費、網路。,RPWNMLLJKHNFFCD18CC
東區,房地(土地+建物),臺南市東區中華東路二段167號四樓之18,4.02,住,,,1070108,土地1建物1車位0,四層,14,套房(1房1廳1衛),住家用,鋼筋混凝土構造,0970229,43.66,1,0,1,有,有,有,9000,206,,0.0,0,租金含管理費。,RPPOMLLJKHNFFCD57CC
安平區,房地(土地+建物),臺南市安平區育平五街70號17樓之1,6.64,住,,,1070201,土地1建物1車位0,十七層,27,住宅大樓(11層含以上有電梯),住家用,鋼筋混凝土造,0850213,112.98,3,2,2,有,無,有,13500,119,,0.0,0,,RPSNMLLJKHNFFAD57CC
北區,建物,臺南市北區長榮路五段１４５號,0.0,住,,,1070108,土地0建物0車位0,一層,2,店面(店鋪),見其他登記事項,加強磚造,0740330,26.58,0,2,1,有,無,無,11500,433,,0.0,0,,RPQPMLMJKHNFFAD67CC
永康區,土地,橋北段81地號,729.1,住,,,1070201,土地1建物0車位0,,,其他,,,,0.0,0,0,0,有,無,無,100000,137,,0.0,0,,RPRNMLMJKHNFFKD68DC
永康區,建物,臺南市永康區中華一路1巷2號二樓之5,0.0,其他,,,1070106,土地0建物1車位0,二層,4,公寓(5樓含以下無電梯),住家用,鋼筋混凝土造,0731001,99.23,3,2,2,有,無,無,7500,76,,0.0,0,,RPWNMLPJKHNFFKD76CC
永康區,房地(土地+建物),臺南市永康區復國二路63巷2號,183.53,住,,,1070108,土地1建物1車位0,一層,2,店面(店鋪),住家用,加強磚造,0690401,57.18,0,0,0,無,無,有,18500,324,,0.0,0,,RPOOMLPJKHNFFKD68CC
安平區,房地(土地+建物),臺南市安平區建平七街585號,112.39,商,,,1070202,土地1建物1車位0,一層,1,店面(店鋪),見其他登記事項,見其他登記事項,1061020,84.13,0,0,0,無,無,無,35000,416,,0.0,0,,RPPOMLQJKHNFFAD87CC
中西區,建物,臺南市中西區中華西路二段５２０號９樓之７,0.0,住,,,1070123,土地0建物1車位0,九層,15,住宅大樓(11層含以上有電梯),見其他登記事項,見其他登記事項,1020620,91.87,2,2,1,有,有,有,18000,196,,0.0,0,,RPPOMLRJKHNFFAD97CC
東區,建物,臺南市東區東寧路120巷45號三樓,0.0,住,,,1070131,土地0建物1車位0,三層,6,華廈(10層含以下有電梯),住家用,鋼筋混凝土構造,0840410,44.7,1,1,1,有,無,有,7000,157,,0.0,0,1.合約書無填具土地租賃面積.2.由所有權人提供出租資訊3.租金已包含車位,RPXNMLRJKHNFFCD88CC
仁德區,土地,二王段417地號,0.0,農,,,1070202,土地1建物0車位0,,,其他,,,,0.0,0,0,0,有,無,無,12500,0,,0.0,0,,RPWOMLRJKHNFFID86CC
鹽水區,房地(土地+建物),臺南市鹽水區溪州寮2之62號,85.0,,特定農業區,甲種建築用地,1070206,土地1建物1車位0,全,3,透天厝,住家用,鋼筋混凝土造,1000913,132.46,4,1,3,有,無,有,12000,91,,0.0,0,,RPTNMLRJKHNFFDD58CC
安南區,建物,臺南市安南區府安路六段103巷111弄36號,0.0,住,,,1070202,土地0建物1車位0,見其他登記事項,2,倉庫,住家用,鋼筋混凝土造,0690126,105.08,1,0,1,有,無,無,5000,,,0.0,0,1.合約書無填具土地租賃面積.2.由所有權人提供出租資訊3.租金已包含車位,RPVNMLRJKHNFFBD58CC
永康區,房地(土地+建物),臺南市永康區東橋十街108號,88.84,住,,,1070130,土地2建物1車位0,全,4,透天厝,見其他登記事項,見其他登記事項,1010619,198.64,0,0,1,有,無,無,25000,126,,0.0,0,僅承租一樓,RPPOMLSJKHNFFKD09CC
永康區,建物,臺南市永康區新興街35巷23弄15號,0.0,住,,,1070203,土地0建物0車位0,全,4,透天厝,住家用,見其他登記事項,1011206,23.14,1,1,1,有,無,有,6300,272,,0.0,0,1.合約書無填具土地租賃面積2.由所有權人提供出租資訊3.透天分租4樓,RPPNMLTJKHNFFKD09CC
永康區,建物,臺南市永康區中華二路２６６巷２２號十八樓之３,0.0,住,,,1070131,土地0建物1車位1,十八層,19,住宅大樓(11層含以上有電梯),住家用,鋼筋混凝土造,0860128,109.67,3,2,2,有,有,有,12000,109,坡道機械,0.0,0,,RPQNMLTJKHNFFKD56CC
北區,建物,臺南市北區育成路87號,0.0,住,,,1070205,土地0建物0車位0,全,4,透天厝,見其他登記事項,鋼筋混凝土造,0960427,19.83,1,0,1,有,無,有,6000,303,,0.0,0,,RPPNMLTJKHNFFAD08CC
安平區,房地(土地+建物),臺南市安平區國平路196.198號,456.19,商,,,1070207,土地1建物1車位0,見其他登記事項,1,店面(店鋪),見其他登記事項,見其他登記事項,1061020,289.85,0,0,0,無,無,無,120000,414,,0.0,0,,RPOPMLTJKHNFFAD18CC
安平區,房地(土地+建物),臺南市安平區國平路150.152號,439.6,商,,,1070207,土地1建物1車位0,見其他登記事項,1,店面(店鋪),見其他登記事項,見其他登記事項,1061020,266.84,0,0,0,無,無,無,120000,450,,0.0,0,,RPPPMLTJKHNFFAD28CC
東區,房地(土地+建物),臺南市東區崇學路267號,99.0,住,,,1070210,土地1建物1車位0,全,4,透天厝,住商用,鋼筋混凝土構造,0780127,309.4,6,4,4,有,無,無,32000,103,,0.0,0,,RPUNMLKKKHNFFCD97CC
