﻿編號,土地位置,土地移轉面積(平方公尺),使用分區或編定,權利人持分分母,權利人持分分子,移轉情形,地號
The serial number, land position,land shifting area square meter,the use zoning or compiles and checks,,,,land parcel
RPTNMLNKJIMFFHH98CC,山鶯段,20.33,都市：住,,,,01400000
RPTNMLNKJIMFFHH98CC,山鶯段,53.86,都市：住,,,,01410000
RPXOMLNKJIMFFBH88CC,忠福段,.00,都市：住,,,,21240000
RPTPMLNKJIMFFBH58CC,復興段,.00,都市：住,,,,20190000
RPTPMLNKJIMFFBH58CC,復興段,.00,都市：住,,,,20190005
RPTOMLNKJIMFFBH48CC,後興段,.00,都市：住,,,,04880000
RPVNMLNKJIMFFHH56CC,龍華段,.00,都市：住,,,,03710000
RPXOMLNKJIMFFAH88DC,江南段,28.20,都市：住,,,,02500000
RPOOMLNKJIMFFAH87CC,東門段,.00,都市：商,,,,06930000
RPVPMLNKJIMFFBH88DC,後寮段,87.00,都市：住,,,,05570000
RPVPMLNKJIMFFBH88DC,後寮段,87.00,都市：住,,,,05580000
RPRPMLNKJIMFFAH38DC,江南段,15.15,都市：住,,,,02410000
RPWNMLNKJIMFFHH66CC,文化段,303.00,都市：住,,,,07150000
RPPPMLNKJIMFFEH58DC,青山段,24.10,都市：住,,,,03040000
RPRNMLNKJIMFFHH78CC,龜山段,11.34,都市：商,,,,10240000
RPXNMLNKJIMFFGH76DC,南華段,.00,都市：住,,,,00870000
RPXNMLNKJIMFFGH76DC,南華段,.00,都市：住,,,,00870001
RPOOMLNKJIMFFGH58DC,南華段,.00,都市：住,,,,00870000
RPOOMLNKJIMFFGH58DC,南華段,.00,都市：住,,,,00870001
RPROMLNKJIMFFGH78CC,東陵段,75.46,非都市：特定農業區 ; 非都市編定：甲種建築用地,,,,10020000
RPVNMLOKJIMFFBH78DC,三座屋段舊社小段,16.50,都市：住,,,,01350003
RPPPMLOKJIMFFAH28DC,中埔段,85.57,都市：住,,,,06770000
RPTPMLOKJIMFFAH68DC,埔子段埔子小段,1027.00,都市：商,,,,20420005
RPTPMLOKJIMFFAH68DC,埔子段埔子小段,1027.00,都市：商,,,,20430086
RPTPMLOKJIMFFAH68DC,埔子段埔子小段,13.00,都市：商,,,,20430097
RPVNMLOKJIMFFEH09DC,竹圍段崁下小段,2326.00,都市：住,,,,03510005
RPVNMLOKJIMFFEH09DC,竹圍段崁下小段,2326.00,都市：住,,,,03510005
RPUNMLOKJIMFFFH09DC,豐田段,21.76,都市：住,,,,14490000
RPXPMLOKJIMFFAH98CC,鹽埕段,.00,都市：工,,,,09070000
RPSPMLOKJIMFFBH58CC,仁祥段,.00,非都市： ; 非都市編定：,,,,10200000
RPOPMLPKJIMFFBH28CC,復興段,.00,都市：住,,,,09920000
RPSPMLPKJIMFFAH58CC,東門段,.00,都市：商,,,,06930000
RPSOMLPKJIMFFBH58CC,興南段興南小段,.00,都市：商,,,,02270185
RPXOMLPKJIMFFBH09CC,中壢埔頂段,.00,都市：住,,,,19630000
RPPNMLPKJIMFFFH58CC,青溪段,.00,都市：住,,,,03790000
RPPNMLPKJIMFFDH38CC,大金山下段大金山下小段,.00,都市：住,,,,00460000
RPUNMLPKJIMFFBH78DC,雙嶺段,1719.73,都市：住,,,,14870000
RPSNMLPKJIMFFHH09CC,善捷段,.00,都市：住,,,,00040000
RPSNMLQKJIMFFHH56CC,頂湖段,1652.98,都市：工,,,,00670000
RPQOMLQKJIMFFCH58CC,潛龍段,77.34,非都市：鄉村區 ; 非都市編定：乙種建築用地,,,,10790000
RPQOMLQKJIMFFCH58CC,潛龍段,.59,非都市：鄉村區 ; 非都市編定：乙種建築用地,,,,10990000
RPVNMLNKJIMFFGH09CC,金星段,.00,都市：住,,,,01860000
RPSNMLQKJIMFFBH58CC,中壢埔頂段,.00,都市：住,,,,11890000
RPOOMLRKJIMFFHH98CC,牛角坡段水尾小段,1440.90,都市：農,,,,00720002
RPTQMLRKJIMFFBH09CC,內壢段,2247.90,都市：工,,,,37390000
RPUNMLPKJIMFFHH66CC,興華段,20.85,都市：住,,,,07670000
RPWOMLQKJIMFFFH86CC,福興段,.00,都市：住,,,,09400000
RPPOMLRKJIMFFCH58CC,五福段,2644.00,都市：農,,,,01430000
RPPOMLRKJIMFFHH09CC,山德段,35.10,都市：住,,,,00750000
RPRNMLRKJIMFFAH58DC,富國段,61.55,都市：住,,,,00890000
RPXOMLRKJIMFFBH76DC,青溪段,211.75,都市：住,,,,03720004
RPPNMLTKJIMFFAH48CC,富國段,14.54,都市：住,,,,08530000
RPRNMLRKJIMFFEH98DC,南崁段,30.67,都市：住,,,,02020000
RPTNMLRKJIMFFGH76DC,東北段,52.89,都市：住,,,,00290014
RPQQMLRKJIMFFBH88DC,興南段興南小段,9.32,都市：商,,,,02660000
RPQNMLTKJIMFFAH58CC,大樹林段,8.46,都市：住,,,,03790000
RPSOMLKLJIMFFEH48CC,河底段,.00,都市：住,,,,03500000
RPOOMLKLJIMFFDH97CC,頭重溪段,.00,都市：住,,,,01660000
RPSPMLKLJIMFFBH28CC,仁愛段,.00,都市：商,,,,09550000
RPSQMLKLJIMFFBH38CC,興南段中壢老小段,.00,都市：商,,,,02190064
RPXRMLKLJIMFFBH98CC,普義段,43.20,都市：工,,,,00570000
RPPOMLKLJIMFFEH28DC,青峰段,30.60,都市：住,,,,03090000
RPPOMLKLJIMFFGH48DC,振平段,390.73,都市：住,,,,10860000
RPPOMLLLJIMFFGH58DC,忠貞段,75.21,都市：住,,,,04220010
RPPQMLKLJIMFFBH08CC,仁愛段,.00,都市：商,,,,03590000
RPPQMLKLJIMFFBH08CC,仁愛段,.00,都市：商,,,,03600000
RPPQMLKLJIMFFBH08CC,仁愛段,.00,都市：商,,,,03610000
RPPQMLKLJIMFFBH08CC,仁愛段,.00,都市：商,,,,03620000
RPPQMLKLJIMFFBH08CC,仁愛段,.00,都市：商,,,,03630000
RPPQMLKLJIMFFBH08CC,仁愛段,.00,都市：商,,,,03640000
RPPQMLKLJIMFFBH08CC,仁愛段,.00,都市：商,,,,03640001
RPPQMLKLJIMFFBH08CC,仁愛段,.00,都市：商,,,,03880004
RPPQMLKLJIMFFBH08CC,仁愛段,.00,都市：商,,,,03880005
RPPQMLKLJIMFFBH08CC,仁愛段,.00,都市：商,,,,03880006
RPPQMLKLJIMFFBH08CC,仁愛段,.00,都市：商,,,,03880007
RPUNMLLLJIMFFBH38CC,遠東段,.00,都市：住,,,,03630000
RPTNMLKLJIMFFCH28CC,碧湖段,81.25,非都市：鄉村區 ; 非都市編定：乙種建築用地,,,,09970000
RPVNMLLLJIMFFFH98DC,福興段,1986.46,都市：住,,,,09400000
RPRPMLMLJIMFFBH38CC,忠孝段,.00,都市：住,,,,07410000
RPUNMLMLJIMFFEH88DC,大新段,3432.56,都市：住,,,,04270000
RPVNMLKLJIMFFCH48CC,金龍段,75.25,非都市：特定農業區 ; 非都市編定：甲種建築用地,,,,20350000
RPQNMLNLJIMFFCH28CC,大成段,.00,都市：住,,,,03850000
RPVNMLMLJIMFFEH98DC,大新段,2516.65,都市：住,,,,01800000
RPWRMLLLJIMFFBH98CC,雙嶺段,.00,都市：商,,,,04650000
RPPNMLNLJIMFFGH58CC,平鎮段,.00,都市：商,,,,09910000
RPRNMLNLJIMFFFH68CC,大義段,.00,都市：住,,,,00420000
RPSOMLOLJIMFFFH56EC,大義段,16.60,都市：住,,,,00330000
RPQPMLNLJIMFFEH68CC,水尾段,495.87,都市：工,,,,06860000
RPUNMLNLJIMFFEH88CC,南華段,94.39,都市：商,,,,05860000
RPPNMLNLJIMFFAH08DC,中路段,39.50,都市：住,,,,16880044
RPTNMLNLJIMFFFH98DC,大和段,15.43,都市：住,,,,02890000
RPWTMLOLJIMFFBH07EC,青平段,19.90,都市：住,,,,04140000
RPSNMLNLJIMFFFH78CC,福興段,.00,都市：商,,,,09610000
RPQOMLOLJIMFFFH98EC,大華段,21.20,都市：住,,,,04030000
RPQOMLOLJIMFFAH38DC,和平段,.00,都市：住,,,,00960000
RPTOMLOLJIMFFFH66EC,大忠段,9.45,都市：住,,,,09820000
RPTOMLOLJIMFFFH66EC,大忠段,.55,都市：住,,,,10000000
RPTOMLOLJIMFFAH68DC,富國段,3212.00,都市：住,,,,05290000
RPXRMLOLJIMFFAH76DC,中路段,166.55,都市：住,,,,27830000
RPPNMLPLJIMFFEH58CC,大興段,27.90,非都市： ; 非都市編定：,,,,00390000
RPSNMLRLJIMFFDH98CC,頭重溪段,.00,都市：住,,,,01790004
RPWNMLRLJIMFFAH09CC,和平段,.00,都市：住,,,,01380000
RPUNMLRLJIMFFBH98CC,復興段,.00,都市：住,,,,14480000
RPTNMLRLJIMFFDH09CC,大金山下段大金山下小段,.00,都市：住,,,,00100004
RPXOMLRLJIMFFBH76CC,復興段,16.60,都市：住,,,,14490000
RPPQMLRLJIMFFBH78CC,石頭段,.00,都市：商,,,,00410000
RPQPMLRLJIMFFBH78CC,忠孝段,17.60,都市：住,,,,01840000
RPUNMLRLJIMFFGH86CC,新德段,.00,都市：住,,,,01330000
RPUNMLRLJIMFFGH86CC,新德段,.00,都市：住,,,,01340000
RPWNMLRLJIMFFBH56CC,三座屋段三座屋小段,.00,都市：住,,,,17540000
RPPOMLSLJIMFFFH66EC,同福段,17.60,都市：住,,,,04490000
RPPOMLSLJIMFFFH66EC,大忠段,.12,都市：農,,,,00020000
RPPRMLRLJIMFFEH66DC,河底段,17.76,都市：住,,,,03130000
RPROMLSLJIMFFAH88DC,桃鶯段,25.49,都市：住,,,,02200000
RPWNMLRLJIMFFGH17DC,東豐段,.53,都市：住,,,,02570000
RPWNMLRLJIMFFGH17DC,東豐段,31.25,都市：住,,,,02570000
RPTNMLSLJIMFFCH56DC,龍祥段,92.94,非都市：鄉村區 ; 非都市編定：乙種建築用地,,,,09230000
RPQOMLSLJIMFFAH78DC,同安段,92.00,都市：住,,,,01500000
RPSNMLSLJIMFFBH88CC,中原段,.00,都市：住,,,,11670000
RPTNMLSLJIMFFBH98CC,後寮段,.00,都市：其他:(道路用地.住宅區),,,,02530000
RPUNMLSLJIMFFBH09CC,中壢埔頂段,.00,都市：住,,,,16760000
RPXNMLSLJIMFFAH66CC,龍安段,.00,都市：商,,,,03380000
RPRNMLTLJIMFFFH66CC,同福段,15.04,都市：商,,,,06090000
RPRNMLTLJIMFFDH09CC,永福段,.00,都市：住,,,,15470008
RPUOMLSLJIMFFBH56CC,青溪段,20.98,都市：住,,,,04770000
RPRNMLTLJIMFFAH78CC,中埔段,.00,都市：住,,,,00270000
RPRNMLSLJIMFFFH56CC,前程段,.00,都市：住,,,,00900000
RPVNMLTLJIMFFDH86CC,長岡嶺段,.00,非都市：山坡地保育區 ; 非都市編定：丙種建築用地,,,,10980000
RPRPMLTLJIMFFBH09CC,振興段,.00,都市：住,,,,03110000
RPTNMLTLJIMFFDH66CC,大金山下段大金山下小段,.00,都市：住,,,,00100000
RPVTMLTLJIMFFBH27CC,三座屋段舊社小段,136.00,都市：農,,,,00430055
RPVTMLTLJIMFFBH27CC,三座屋段舊社小段,112.00,都市：農,,,,00430052
RPOQMLTLJIMFFBH09EC,中壢埔頂段,5.60,都市：住,,,,16090000
RPQNMLTLJIMFFGH66CC,廣南段,.00,都市：住,,,,04640003
RPVQMLTLJIMFFHH67DC,明興段,71.09,都市：住,,,,02980000
RPVQMLTLJIMFFHH67DC,明興段,51.22,都市：其他:,,,,03030000
RPVQMLTLJIMFFHH67DC,明興段,.17,都市：其他:,,,,03030001
RPWNMLTLJIMFFEH17DC,南崁廟口段營盤坑小段,16.39,都市：住,,,,01490000
RPVNMLKMJIMFFAH48DC,慈文段,.00,都市：住,,,,05260000
RPWNMLKMJIMFFAH58DC,大有段,11.52,都市：住,,,,02100000
RPWNMLKMJIMFFAH58DC,大有段,16.02,都市：住,,,,02110000
RPPNMLKMJIMFFHH48CC,文化段,389.00,都市：住,,,,00880000
RPUNMLKMJIMFFHH98CC,龜山段,.00,都市：商,,,,10280000
RPTNMLKMJIMFFAH28DC,慈文段,.00,都市：住,,,,00210000
RPSNMLKMJIMFFAH18DC,新埔段,.00,都市：住,,,,10070000
RPPOMLKMJIMFFEH48EC,南園段,39.41,都市：住,,,,04260000
RPXNMLKMJIMFFAH68DC,和平段,.00,都市：住,,,,01480000
RPXNMLKMJIMFFHH66CC,蔗園段,.00,非都市： ; 非都市編定：,,,,01660000
RPQOMLKMJIMFFBH08CC,三座屋段三座屋小段,.00,都市：住,,,,06440000
RPTOMLKMJIMFFAH28CC,桃園段武陵小段,.00,都市：商,,,,00140000
RPQNMLKMJIMFFDH18CC,大金山下段大金山下小段,.00,都市：住,,,,00100000
RPOOMLKMJIMFFDH08CC,大金山下段大金山下小段,.00,都市：住,,,,00100000
RPOSMLKMJIMFFBH28CC,富台段,.00,都市：住,,,,07210000
RPUNMLKMJIMFFEH68CC,南山段,127.51,都市：工,,,,07410000
RPUNMLKMJIMFFEH68CC,南山段,121.44,都市：工,,,,07400000
RPUNMLKMJIMFFEH68CC,南山段,127.37,都市：工,,,,07190000
RPPOMLKMJIMFFFH38CC,大安段,652.98,非都市：特定農業區 ; 非都市編定：丁種建築用地,,,,01560000
RPUNMLKMJIMFFFH78CC,茄明段,.00,都市：住,,,,07780000
RPTNMLLJKIMFFHH88DC,文化段,56.25,都市：商,,,,03580000
RPPPMLLJKIMFFBH97CC,忠孝段,.00,都市：住,,,,04560000
RPTNMLLJKIMFFCH28CC,南龍段,230.10,都市：住,,,,02400000
RPUOMLLJKIMFFCH48CC,仁善段,153.50,都市：其他:空白,,,,14910000
RPWNMLMJKIMFFBH58CC,興南段興南小段,37.40,都市：商,,,,02270076
RPWPMLLJKIMFFBH78DC,青溪段,24.59,都市：住,,,,02930000
RPWNMLMJKIMFFBH58CC,興南段興南小段,1.87,都市：商,,,,02270601
RPUNMLLJKIMFFCH48DC,武漢段,68.01,非都市：鄉村區 ; 非都市編定：乙種建築用地,,,,06690000
RPRNMLMJKIMFFEH38CC,青峰段,21.40,都市：住,,,,04110000
RPTNMLMJKIMFFBH38DC,興南段興南小段,4.66,都市：商,,,,02750000
RPQNMLMJKIMFFAH87CC,大興段,9.33,都市：住,,,,01990000
RPSNMLMJKIMFFAH08CC,三元段,16.17,都市：住,,,,08280000
RPVRMLOJKIMFFAH98CC,中埔段,7.89,都市：住,,,,06940000
RPRRMLOJKIMFFAH58CC,東門段,4.91,都市：商,,,,07580000
RPQNMLOJKIMFFDH38CC,大金山下段大金山下小段,.00,都市：住,,,,00100000
RPRNMLOJKIMFFDH48CC,大金山下段大金山下小段,.00,都市：住,,,,00100000
RPRQMLOJKIMFFBH58CC,中壢埔頂段,.00,都市：住,,,,09410000
RPQNMLOJKIMFFBH18CC,中壢埔頂段,.00,都市：住,,,,13990023
RPORMLOJKIMFFBH38CC,新街段,.00,都市：住,,,,08620000
RPPRMLOJKIMFFBH58DC,青溪段,33.43,都市：住,,,,04700000
RPROMLOJKIMFFHH98CC,精忠段,18.04,都市：住,,,,13840000
RPWNMLPJKIMFFGH76CC,廣豐段,20.38,都市：住,,,,06460000
RPPNMLPJKIMFFBH18CC,中壢埔頂段,.00,都市：住,,,,09410000
RPXNMLPJKIMFFFH86DC,麻園段,85.32,非都市：鄉村區 ; 非都市編定：乙種建築用地,,,,09750000
RPXOMLOJKIMFFGH96DC,振平段,390.73,都市：住,,,,10860000
RPQNMLPJKIMFFBH28CC,忠福段,.00,都市：住,,,,27630031
RPQNMLPJKIMFFBH28CC,忠福段,.00,都市：住,,,,27630032
RPQNMLPJKIMFFBH28CC,忠福段,.00,都市：住,,,,27630033
RPVNMLPJKIMFFCH88CC,龍興段,69.38,都市：其他:,,,,01550000
RPVNMLPJKIMFFCH88CC,龍興段,78.55,都市：其他:,,,,01560000
RPRNMLPJKIMFFBH38CC,石頭段,.00,都市：商,,,,00390118
RPVOMLPJKIMFFBH88CC,石頭段,.00,都市：商,,,,00420465
RPUNMLPJKIMFFBH68CC,後寮段,.00,都市：住,,,,05830004
RPTNMLPJKIMFFBH58CC,自立段,.00,都市：住,,,,08510000
RPWOMLQJKIMFFBH56DC,自立段,97.00,都市：住,,,,09640007
RPUOMLPJKIMFFBH78CC,中壢埔頂段,.00,都市：住,,,,13370000
RPOPMLRJKIMFFAH48DC,大樹林段,8.66,都市：商,,,,06870002
RPOPMLRJKIMFFAH48DC,大樹林段,3.36,都市：住,,,,06870013
RPROMLQJKIMFFBH58CC,中工段,.00,都市：住,,,,16950000
RPPQMLQJKIMFFGH09CC,關爺段,.00,非都市：特定農業區 ; 非都市編定：甲種建築用地,,,,00800000
RPOTMLRJKIMFFBH88CC,石頭段,.00,都市：住,,,,00031323
RPTNMLRJKIMFFEH09CC,羊稠段,.00,都市：住,,,,00910000
RPQOMLSJKIMFFEH98CC,南崁段,102.65,都市：住,,,,01860000
RPQNMLRJKIMFFFH88CC,大華段,.00,都市：住,,,,00950000
RPTOMLSJKIMFFBH98CC,自立段,.00,都市：其他:道路用地.住宅區,,,,10530000
RPRPMLSJKIMFFAH78CC,大興段,.00,都市：住,,,,02600000
RPXSMLSJKIMFFBH17CC,健行段,29.75,都市：住,,,,11170000
RPVOMLSJKIMFFBH56CC,內壢段,.00,都市：其他:(零星工業區),,,,17510074
RPOPMLSJKIMFFBH58CC,培英段,.00,都市：住,,,,00010000
RPSNMLSJKIMFFHH76CC,龜山段,.00,都市：商,,,,10280000
RPQNMLTJKIMFFFH09CC,興仁段,14.63,都市：住,,,,03970000
RPOOMLLKKIMFFBH87CC,石頭段,163.00,都市：住,,,,00430004
RPXPMLLKKIMFFEH56CC,上興段,23.86,非都市： ; 非都市編定：,,,,04220000
RPSNMLSJKIMFFCH88CC,仁文段,29.98,都市：住,,,,16610000
RPTNMLLKKIMFFBH28CC,普義段,.00,都市：住,,,,20210000
RPPQMLLKKIMFFBH18CC,忠義段,81.00,都市：工,,,,00060000
RPXNMLMKKIMFFBH88DC,青芝段,48.62,都市：住,,,,00520000
RPTOMLLKKIMFFBH38CC,青平段,71.39,都市：商,,,,00430000
RPSNMLLKKIMFFGH68CC,山子頂段,4036.00,都市：工,,,,03400000
RPPOMLMKKIMFFBH08CC,遠東段,.00,都市：住,,,,00020002
RPRNMLMKKIMFFFH58CC,前程段,.00,都市：住,,,,00840000
RPPPMLMKKIMFFAH08CC,新埔段,8.07,都市：住,,,,09380000
RPOOMLMKKIMFFBH97CC,復興段,.00,都市：住,,,,05960001
RPUPMLNKKIMFFAH68CC,國聖段,8.57,都市：住,,,,07470000
RPTNMLNKKIMFFFH88CC,同福段,.00,都市：商,,,,06090000
RPQNMLNKKIMFFAH08CC,福元段,.00,都市：住,,,,10110000
RPSOMLNKKIMFFAH48DC,會稽段,25.66,都市：住,,,,07840000
RPUNMLNKKIMFFBH58CC,三座屋段三座屋小段,.00,都市：住,,,,08760000
RPPNMLNKKIMFFGH58CC,金獅段,.00,非都市：鄉村區 ; 非都市編定：乙種建築用地,,,,03410000
RPQOMLNKKIMFFBH28CC,工業區段二小段,.00,非都市：工業區 ; 非都市編定：丁種建築用地,,,,03890000
RPQRMLNKKIMFFEH09EC,河底段,19.55,都市：住,,,,00630000
RPQRMLNKKIMFFEH09EC,河底段,.04,都市：住,,,,00630001
RPTPMLNKKIMFFAH78EC,同安段,81.00,都市：住,,,,08410003
RPTNMLOKKIMFFDH88DC,草湳坡段埔心小段,11.85,都市：住,,,,00240001
RPPNMLOKKIMFFAH08CC,富國段,3.60,都市：住,,,,09480000
RPPOMLOKKIMFFBH28CC,普義段,.00,都市：住,,,,22890000
RPQNMLOKKIMFFAH18CC,大林段,27.43,都市：工,,,,01130000
RPQNMLOKKIMFFGH78CC,振平段,.00,都市：住,,,,04810000
RPRNMLOKKIMFFAH28CC,中路段,.00,都市：住,,,,18020102
RPWNMLOKKIMFFBH88CC,成功段,.00,都市：其他:(到路用地.住宅區),,,,09800000
RPROMLOKKIMFFEH88DC,青山段,24.10,都市：住,,,,03040000
RPQQMLOKKIMFFBH58CC,工業區段一小段,1762.65,非都市：工業區 ; 非都市編定：丁種建築用地,,,,01350000
RPSNMLOKKIMFFAH38CC,福林段,.00,都市：農,,,,01180009
RPTPMLOKKIMFFAH68CC,同德段,14.50,都市：商,,,,00250000
RPPNMLPKKIMFFAH18CC,大樹林段,8.77,都市：住,,,,03790000
RPROMLPKKIMFFAH48CC,埔子段埔子小段,.00,都市：住,,,,17620027
RPROMLPKKIMFFAH48CC,埔子段埔子小段,.00,都市：住,,,,17620030
RPROMLPKKIMFFAH48CC,埔子段埔子小段,.00,都市：住,,,,17880090
RPROMLPKKIMFFAH48CC,埔子段埔子小段,.00,都市：住,,,,17880095
RPRQMLOKKIMFFAH58CC,大樹林段,6.51,都市：住,,,,03790000
RPVNMLPKKIMFFDH09CC,清華段,.00,非都市：特定農業區 ; 非都市編定：農牧用地,,,,01220000
RPTNMLPKKIMFFAH58CC,大樹林段,7.83,都市：住,,,,03790000
RPWNMLPKKIMFFDH56CC,大金山下段大金山下小段,.00,都市：住,,,,00460000
RPRNMLPKKIMFFAH38CC,大樹林段,6.39,都市：住,,,,03790000
RPVNMLPKKIMFFBH88CC,三座屋段舊社小段,.00,都市：住,,,,01170004
RPPPMLPKKIMFFDH78DC,長岡嶺段,47.59,非都市：山坡地保育區 ; 非都市編定：丙種建築用地,,,,01440000
RPQNMLPKKIMFFGH88CC,金鍊段,.00,都市：住,,,,07380000
RPWPMLPKKIMFFGH07CC,新富段,11.45,都市：住,,,,03610000
RPPNMLSKKIMFFEH88CC,五福段,.00,都市：住,,,,03050000
RPPNMLQKKIMFFEH68CC,竹中段,99.66,非都市： ; 非都市編定：,,,,05380000
RPTOMLPKKIMFFGH66CC,新富段,202.33,都市：住,,,,03580000
RPRNMLSKKIMFFEH09CC,錦興段,.00,都市：住,,,,07370000
RPTNMLSKKIMFFAH88CC,東國段,.00,都市：住,,,,02770000
RPVOMLSKKIMFFBH66CC,東寮段,79.78,都市：其他:,,,,20990000
RPTOMLSKKIMFFAH98CC,富國段,18.64,都市：住,,,,07350000
RPSNMLSKKIMFFEH56CC,六福段,.00,都市：住,,,,08140000
RPRNMLSKKIMFFGH66CC,金鍊段,.00,都市：住,,,,03690000
RPWNMLSKKIMFFGH27DC,湧安段,74.20,都市：其他:,,,,05580000
RPTNMLSKKIMFFGH86CC,賦梅段,.00,都市：住,,,,07640000
RPPOMLTKKIMFFEH56DC,河底段,4.24,都市：工,,,,03270000
RPXNMLTKKIMFFCH07DC,烏林段,240.26,非都市：工業區 ; 非都市編定：丁種建築用地,,,,02660000
RPSOMLTKKIMFFBH56DC,培英段,26.31,都市：住,,,,00010000
RPTOMLKLKIMFFBH48DC,培英段,26.31,都市：住,,,,00010000
RPOOMLTKKIMFFEH09DC,河底段,4.24,都市：工,,,,03270000
RPROMLTKKIMFFGH86CC,廣德段,900.29,都市：住,,,,05540000
RPOOMLKLKIMFFCH97CC,仁文段,64.50,都市：住,,,,10670000
RPSOMLKLKIMFFBH38DC,老街溪段,45.24,都市：住,,,,15850000
RPVNMLKLKIMFFBH48CC,三座屋段三座屋小段,.00,都市：住,,,,00040000
RPVNMLKLKIMFFBH48CC,三座屋段舊社小段,.00,都市：住,,,,01170000
RPUOMLKLKIMFFCH58CC,潛龍段,46.94,非都市：鄉村區 ; 非都市編定：乙種建築用地,,,,10790000
RPUOMLKLKIMFFCH58CC,潛龍段,.59,非都市：鄉村區 ; 非都市編定：乙種建築用地,,,,10990000
RPWOMLKLKIMFFCH78CC,潛龍段,28.27,非都市：鄉村區 ; 非都市編定：乙種建築用地,,,,10790000
RPWOMLKLKIMFFCH78CC,潛龍段,.59,非都市：鄉村區 ; 非都市編定：乙種建築用地,,,,10990000
RPUPMLLLKIMFFBH68CC,仁愛段,.00,都市：商,,,,10370000
RPSPMLLLKIMFFBH48CC,仁愛段,.00,都市：住,,,,12940000
RPQPMLLLKIMFFBH28CC,前寮段,.00,都市：住,,,,08710065
RPVPMLLLKIMFFBH78CC,忠孝段,.00,都市：住,,,,04120000
RPWOMLKLKIMFFBH68CC,永興段,19.80,都市：住,,,,02330003
RPTPMLLLKIMFFBH58CC,遠東段,.00,都市：住,,,,08170000
RPWPMLLLKIMFFBH88CC,前寮段,.00,都市：住,,,,08710065
RPPNMLMLKIMFFFH48CC,豐德段,76.42,非都市：特定農業區 ; 非都市編定：甲種建築用地,,,,05760000
RPROMLLLKIMFFEH68DC,大新段,20.73,都市：住,,,,04270000
RPPOMLPLKIMFFAH38CC,中埔段,10.31,都市：住,,,,07450000
RPUNMLPLKIMFFBH88CC,復興段,.00,都市：工,,,,14450002
RPTRMLPLKIMFFBH56CC,石頭段,4.00,都市：商,,,,00370017
RPUNMLPLKIMFFGH76CC,平東段,32.03,都市：住,,,,04550000
RPOSMLPLKIMFFBH88DC,青溪段,96.07,都市：住,,,,03140009
RPOSMLPLKIMFFBH88DC,青溪段,19.98,都市：住,,,,03140016
RPXNMLQLKIMFFGH17CC,平南段,.00,都市：工,,,,12000000
RPWNMLQLKIMFFFH07DC,明智段,5.93,都市：住,,,,00360000
RPWNMLPLKIMFFFH96DC,廣隆段,22.41,都市：住,,,,12900000
RPPOMLQLKIMFFGH09CC,東安段,87.13,都市：住,,,,07780000
RPPOMLQLKIMFFGH09CC,東安段,87.13,都市：其他:道路用地,,,,07780001
RPPOMLQLKIMFFGH09CC,東安段,25.69,都市：住,,,,07780001
RPQNMLQLKIMFFHH56CC,文化段,565.00,都市：住,,,,02420000
RPQOMLQLKIMFFHH66CC,半嶺段,29.81,都市：住,,,,02940000
RPQQMLQLKIMFFAH88DC,中德段,2.20,都市：住,,,,10310000
RPQQMLQLKIMFFAH88DC,中德段,6.51,都市：住,,,,10310000
RPXNMLQLKIMFFFH17DC,明智段,7.51,都市：住,,,,00360000
RPXNMLQLKIMFFDH96DC,瑞上段,89.38,非都市：特定農業區 ; 非都市編定：甲種建築用地,,,,00380000
RPWNMLQLKIMFFGH07CC,平鎮段,.00,都市：商,,,,09610000
RPUQMLQLKIMFFBH66CC,忠福段,.00,都市：住,,,,21310002
RPWNMLQLKIMFFAH09CC,同安段,.00,都市：住,,,,13000000
RPVNMLQLKIMFFAH98CC,春日段,.00,都市：住,,,,11420000
RPRQMLQLKIMFFAH88CC,中埔段,327.00,都市：住,,,,00210001
RPVNMLQLKIMFFDH66CC,大金山下段大金山下小段,.00,都市：住,,,,00100000
RPWNMLQLKIMFFDH76CC,大金山下段大金山下小段,.00,都市：住,,,,00100000
RPTNMLRLKIMFFFH76CC,興豐段,.00,都市：住,,,,25000000
RPQNMLRLKIMFFFH09CC,永福段,20.46,都市：住,,,,00030000
RPVNMLRLKIMFFDH76CC,大金山下段大金山下小段,.00,都市：住,,,,00660006
RPSNMLRLKIMFFFH66CC,力行段,.00,都市：住,,,,04140000
RPWNMLRLKIMFFAH56CC,東國段,.00,都市：住,,,,00540000
RPOOMLRLKIMFFBH58CC,復興段,.00,都市：住,,,,20280000
RPPPMLSLKIMFFAH88DC,中德段,69.61,都市：工,,,,05170000
RPWNMLRLKIMFFBH66CC,自立段,.00,都市：住,,,,02500000
RPXNMLRLKIMFFAH66CC,桃鶯段,.00,都市：住,,,,01830000
RPRPMLSLKIMFFCH66DC,潛龍段,21.14,非都市：鄉村區 ; 非都市編定：乙種建築用地,,,,10790000
RPTNMLSLKIMFFGH96CC,忠貞段,.00,都市：商,,,,00480000
RPOOMLSLKIMFFBH78DC,自立段,36.90,都市：住,,,,07750000
RPVNMLRLKIMFFHH17CC,頂湖段,642.04,都市：工,,,,07920000
RPVOMLSLKIMFFGH37DC,湧豐段,10.70,都市：住,,,,00520000
RPVOMLSLKIMFFGH37DC,湧豐段,72.33,都市：住,,,,00530000
RPVOMLSLKIMFFGH37DC,湧豐段,18.08,都市：住,,,,00540000
RPUOMLSLKIMFFBH66CC,中北段,.00,都市：住,,,,02430000
RPVOMLSLKIMFFBH76CC,石頭段,.00,都市：商,,,,00420077
RPVOMLSLKIMFFBH76CC,石頭段,.00,都市：商,,,,00420078
RPOPMLSLKIMFFBH78CC,興南段中壢老小段,.00,都市：商,,,,02220019
RPOPMLSLKIMFFBH78CC,興南段中壢老小段,.00,都市：商,,,,02270058
RPORMLTLKIMFFAH98CC,中路段,92.00,都市：住,,,,17100017
RPTPMLTLKIMFFAH66CC,中埔段,16.99,都市：住,,,,03520000
RPRNMLTLKIMFFFH76CC,福興段,.00,都市：商,,,,09610000
RPSNMLTLKIMFFFH86CC,興豐段,.00,都市：住,,,,25000000
RPUPMLSLKIMFFAH66CC,新埔段,.00,都市：住,,,,14980000
RPTNMLTLKIMFFBH56CC,健行段,.00,都市：商,,,,01790000
RPROMLTLKIMFFFH86CC,大智段,149.84,都市：住,,,,01610000
RPVNMLTLKIMFFBH76CC,環東段,.00,都市：住,,,,08510000
RPOOMLTLKIMFFBH78CC,內壢段,.00,都市：農,,,,08320013
RPWNMLTLKIMFFEH17CC,水尾段,.00,都市：工,,,,13640000
RPWNMLTLKIMFFBH86CC,忠福段,.00,都市：住,,,,32330000
RPTQMLTLKIMFFBH86CC,忠福段,.00,都市：住,,,,21310002
RPPNMLKMKIMFFHH58CC,南崁頂段陳厝坑小段,958.67,都市：其他:保護區,,,,05270041
RPOOMLTLKIMFFHH76CC,文化段,.00,都市：其他:林口特地區都市計畫,,,,03460000
RPPNMLKMKIMFFFH38CC,永豐段,180.62,都市：工,,,,07460003
RPPNMLKMKIMFFFH38CC,永豐段,904.52,都市：工,,,,07530000
RPQNMLKMKIMFFDH28CC,瑞上段,5057.85,非都市：特定農業區 ; 非都市編定：丁種建築用地,,,,01310000
RPQNMLKMKIMFFHH68CC,警大段,940.52,都市：農,,,,00790000
RPSNMLMJJHNFFDH28CC,頭重溪段,.00,都市：住,,,,01660096
RPPNMLKMKIMFFDH18CC,瑞上段,6926.71,非都市：特定農業區 ; 非都市編定：丁種建築用地,,,,01100000
RPPNMLKMKIMFFDH18CC,瑞上段,5462.19,非都市：特定農業區 ; 非都市編定：丁種建築用地,,,,01240000
RPRNMLKMKIMFFDH38CC,瑞上段,1983.47,非都市：特定農業區 ; 非都市編定：丁種建築用地,,,,00860000
RPTNMLMJJHNFFDH38CC,草湳坡段埔心小段,.00,都市：住,,,,00570003
RPSNMLKMKIMFFDH48CC,草湳坡段草湳坡小段,523.00,都市：工,,,,00060012
RPSNMLMJJHNFFBH08CC,普義段,.00,都市：住,,,,23640000
RPUNMLMJJHNFFBH28CC,後興段,.00,都市：住,,,,05200002
RPTNMLMJJHNFFBH18CC,普義段,.00,都市：住,,,,17300011
RPVNMLMJJHNFFGH98DC,平鎮段,13.13,都市：商,,,,09610000
RPWNMLMJJHNFFBH48CC,雙嶺段,21.90,都市：住,,,,15130000
RPTNMLNJJHNFFBH28CC,復興段,17.95,都市：住,,,,20340000
RPUNMLNJJHNFFBH38CC,後興段,.00,都市：住,,,,05200002
RPUNMLMJJHNFFGH88DC,平鎮段,30.29,都市：商,,,,09630000
RPTNMLOJJHNFFDH58CC,大金山下段大金山下小段,.00,都市：住,,,,00460000
RPQNMLOJJHNFFHH68CC,公華段,.00,都市：住,,,,04040000
RPPOMLNJJHNFFHH58CC,興華段,63.75,都市：住,,,,07140000
RPPOMLNJJHNFFHH58CC,興華段,64.00,都市：住,,,,07140001
RPPOMLNJJHNFFHH58CC,興華段,203.00,都市：住,,,,07150000
RPPNMLOJJHNFFHH68DC,中興段,40.25,都市：住,,,,12730000
RPVNMLOJJHNFFBH58CC,石頭段,23.15,都市：住,,,,05420000
RPOOMLOJJHNFFHH68DC,興華段,13.58,都市：住,,,,00330000
RPTNMLOJJHNFFFH88DC,豐田段,109.71,都市：住,,,,13610005
RPUNMLPJJHNFFGH09CC,廣東段,.00,都市：住,,,,00070000
RPUNMLPJJHNFFGH09CC,廣東段,.00,都市：住,,,,00100000
RPRNMLOJJHNFFDH38CC,草湳坡段埔心小段,.00,都市：住,,,,00300068
RPPQMLPJJHNFFBH48DC,自立段,19.85,都市：住,,,,15610000
RPPNMLQJJHNFFHH78CC,半嶺段,1.70,都市：住,,,,02800000
RPPNMLQJJHNFFHH78CC,半嶺段,.59,都市：住,,,,01830000
RPPNMLQJJHNFFHH78CC,半嶺段,.64,都市：住,,,,02790001
RPPNMLQJJHNFFHH78CC,半嶺段,17.30,都市：住,,,,02780000
RPXPMLPJJHNFFBH56DC,榮民段,18.50,都市：住,,,,08740000
RPROMLQJJHNFFAH38CC,新埔段,8.07,都市：住,,,,09380000
RPOOMLQJJHNFFAH08CC,新埔段,35.05,都市：住,,,,00440000
RPPOMLQJJHNFFAH18CC,忠義段,4.52,都市：住,,,,07000000
RPVNMLSJJHNFFAH88CC,中埔段,23.17,都市：住,,,,03520000
RPVNMLSJJHNFFBH98CC,工業區段二小段,.00,非都市：工業區 ; 非都市編定：丁種建築用地,,,,00190004
RPOOMLSJJHNFFFH78CC,豐田段,25.96,都市：住,,,,14750000
RPQOMLQJJHNFFAH28CC,小檜溪段,31.95,都市：住,,,,10810000
RPXNMLSJJHNFFBH56CC,三座屋段舊社小段,.00,都市：其他:(道路用地.住宅區),,,,00810000
RPVQMLSJJHNFFBH76DC,忠孝段,102.00,都市：住,,,,07980000
RPTOMLSJJHNFFBH88CC,工業區段二小段,.00,非都市：工業區 ; 非都市編定：丁種建築用地,,,,06690000
RPWPMLTJJHNFFBH86DC,培英段,24.91,都市：住,,,,00060000
RPTOMLSJJHNFFGH86DC,新勢段,284.25,都市：商,,,,03220000
RPTOMLSJJHNFFGH86DC,新勢段,263.38,都市：商,,,,03230000
RPVNMLTJJHNFFBH09CC,後寮段,74.21,都市：工,,,,05890001
RPQOMLTJJHNFFAH58CC,大有段,.00,都市：住,,,,04130000
RPTOMLSJJHNFFHH86CC,興華段,.00,都市：商,,,,00900000
RPOPMLTJJHNFFEH98DC,青峰段,16.00,都市：住,,,,03340000
RPXOMLTJJHNFFAH66CC,同德段,43.63,都市：商,,,,00080000
RPQOMLLKJHNFFAH87CC,鹽埕段,836.34,都市：住,,,,08360000
RPPOMLLKJHNFFBH87CC,崙尾段,.00,非都市：一般農業區 ; 非都市編定：甲種建築用地,,,,07060000
RPXNMLLKJHNFFAH48CC,富國段,.00,都市：住,,,,02450000
RPUOMLLKJHNFFBH38CC,三座屋段舊社小段,.00,都市：住,,,,01350003
RPWQMLLKJHNFFBH78CC,新街段,.00,都市：住,,,,08620000
RPQOMLLKJHNFFBH97CC,中壢埔頂段,.00,都市：住,,,,10710000
RPURMLLKJHNFFBH68CC,興南段興南小段,.00,都市：商,,,,02660000
RPTOMLLKJHNFFBH28CC,中興段,.00,都市：住,,,,04120000
RPXQMLLKJHNFFBH88CC,新街段,.00,都市：住,,,,08620000
RPWRMLLKJHNFFBH88CC,新街段,.00,都市：住,,,,08620000
RPSNMLMKJHNFFBH18CC,中北段,.00,都市：住,,,,06670016
RPSNMLMKJHNFFBH18CC,中北段,.00,都市：住,,,,06700000
RPSNMLMKJHNFFBH18CC,中北段,.00,都市：住,,,,06870013
RPSRMLLKJHNFFBH48CC,新街段,.00,都市：住,,,,08620000
RPXRMLLKJHNFFBH98CC,新街段,.00,都市：住,,,,08620000
RPVNMLMKJHNFFBH48CC,後興段,.00,都市：住,,,,05840003
RPTRMLLKJHNFFBH58CC,新街段,.00,都市：住,,,,08620000
RPRNMLMKJHNFFDH28CC,二重溪段,.00,都市：其他:(市場用地),,,,00510003
RPTNMLMKJHNFFHH09EC,大同段,29.21,都市：住,,,,08770000
RPUNMLMKJHNFFHH56EC,大同段,38.62,都市：住,,,,08770000
RPRNMLPKJHNFFGH88CC,正義段,.00,非都市：鄉村區 ; 非都市編定：乙種建築用地,,,,06520000
RPWNMLPKJHNFFEH56CC,五福段,.00,都市：住,,,,03050000
RPXNMLPKJHNFFDH56CC,田心段,59.08,非都市：特定農業區 ; 非都市編定：甲種建築用地,,,,04810000
RPQNMLPKJHNFFGH88DC,振平段,.00,非都市： ; 非都市編定：,,,,08860000
RPQNMLPKJHNFFAH18CC,國聖段,.00,都市：工,,,,03500000
RPTOMLPKJHNFFEH98CC,大興段,.00,非都市： ; 非都市編定：,,,,00870000
RPQPMLPKJHNFFAH38CC,慈文段,12.81,都市：住,,,,00190000
RPQNMLPKJHNFFBH28CC,石頭段,.00,都市：商,,,,00030891
RPQNMLPKJHNFFBH28CC,石頭段,.00,都市：商,,,,00030892
RPTNMLPKJHNFFBH58CC,榮民段,.00,都市：住,,,,09860000
RPRNMLPKJHNFFBH38CC,復興段,.00,都市：住,,,,13530000
RPUNMLPKJHNFFBH68CC,東寮段,.00,都市：商,,,,13360000
RPUNMLPKJHNFFBH68CC,東寮段,.00,都市：其他:(道路用地),,,,13360001
RPXNMLQKJHNFFBH09CC,忠福段,189.00,都市：住,,,,22130000
RPTNMLQKJHNFFAH58CC,慈文段,11.52,都市：住,,,,10130000
RPVOMLQKJHNFFAH88CC,龍鳳段,395.95,都市：工,,,,00180000
RPOPMLQKJHNFFAH28CC,大有段,1.02,都市：住,,,,05450000
RPPNMLRKJHNFFBH38CC,中工段,.00,都市：住,,,,14920001
RPQNMLRKJHNFFBH48CC,三座屋段舊社小段,.00,都市：商,,,,01630013
RPOOMLQKJHNFFAH18CC,中路三段,.00,都市：住,,,,07490000
RPRNMLRKJHNFFBH58CC,石頭段,.00,都市：商,,,,00420465
RPTNMLRKJHNFFBH78CC,工業區段二小段,.00,非都市：工業區 ; 非都市編定：丁種建築用地,,,,10440013
RPRPMLQKJHNFFAH58CC,大興段,29.23,都市：商,,,,03620000
RPQNMLRKJHNFFGH98CC,忠貞段,.00,都市：商,,,,00480028
RPVNMLRKJHNFFHH07DC,龍華段,17.48,都市：住,,,,09270000
RPSOMLSKJHNFFHH07EC,文化段,37.13,都市：商,,,,03500000
RPSNMLSKJHNFFAH68CC,桃鶯段,.00,都市：住,,,,01830000
RPQNMLSKJHNFFGH09CC,廣豐段,.00,都市：住,,,,06460000
RPUOMLSKJHNFFAH98CC,大興段,8.60,都市：住,,,,01990000
RPQOMLSKJHNFFEH98CC,錦明段,16.83,都市：工,,,,01570000
RPTOMLSKJHNFFEH66CC,南崁廟口段廟口小段,32.73,都市：住,,,,00310000
RPWOMLSKJHNFFAH56CC,桃園段武陵小段,3.14,都市：商,,,,01140037
RPPNMLSKJHNFFDH68CC,草湳坡段草湳坡小段,.00,都市：住,,,,00970003
RPQNMLSKJHNFFDH78CC,大金山下段大金山下小段,.00,都市：住,,,,00100000
RPRNMLSKJHNFFDH88CC,大金山下段大金山下小段,.00,都市：住,,,,00460000
RPWNMLTKJHNFFBH66CC,仁愛段,.00,都市：住,,,,00080000
RPSOMLTKJHNFFBH98CC,復興段,.00,都市：住,,,,20190000
RPSOMLTKJHNFFBH98CC,復興段,.00,都市：住,,,,20190005
RPWRMLTKJHNFFBH07CC,老街溪段,.00,都市：其他:非都市計畫區,,,,13600000
RPXRMLTKJHNFFBH17CC,新街段,.00,都市：住,,,,08620000
RPTOMLMLJHNFFBH48CC,中工段,.00,非都市：工業區 ; 非都市編定：丁種建築用地,,,,05890001
RPOSMLTKJHNFFBH98CC,新街段,.00,都市：住,,,,08620000
RPSNMLSKJHNFFDH98CC,草湳坡段埔心小段,.00,都市：住,,,,00130787
RPXOMLMLJHNFFBH88CC,雙嶺段,23.78,都市：住,,,,15130000
RPSQMLMLJHNFFBH58CC,新街段,.00,都市：住,,,,08620000
RPTQMLMLJHNFFBH68CC,新街段,.00,都市：住,,,,08620000
RPWQMLMLJHNFFBH98CC,新街段,.00,都市：住,,,,08620000
RPQNMLMLJHNFFFH48CC,福興段,22.32,都市：住,,,,07950000
RPTOMLNLJHNFFAH48CC,法政段,22.88,都市：住,,,,07760000
RPUQMLNLJHNFFAH78CC,中正段,.00,都市：住,,,,01380000
RPVQMLNLJHNFFAH88CC,埔子段埔子小段,.00,都市：住,,,,18680007
RPVQMLNLJHNFFAH88CC,埔子段埔子小段,.00,都市：其他:道路用地,,,,18680020
RPUNMLNLJHNFFEH98DC,青峰段,25.22,都市：住,,,,03090000
RPWOMLNLJHNFFAH78CC,富國段,11.10,都市：住,,,,00610000
RPOOMLNLJHNFFEH38CC,埔心段三塊厝小段,931.00,非都市：特定農業區 ; 非都市編定：丁種建築用地,,,,05200002
RPOOMLNLJHNFFEH38CC,埔心段三塊厝小段,877.00,非都市：特定農業區 ; 非都市編定：丁種建築用地,,,,05200003
RPSNMLOLJHNFFFH98DC,大和段,23.43,都市：住,,,,02890000
RPPPMLOLJHNFFAH28CC,鹽埕段,124.86,都市：住,,,,00730000
RPXOMLNLJHNFFBH98CC,青芝段,17.06,都市：商,,,,01410000
RPXNMLOLJHNFFBH98CC,新街段,6.23,都市：住,,,,08620000
RPQPMLOLJHNFFBH68EC,忠福段,14.43,都市：住,,,,32840000
RPVNMLOLJHNFFEH09CC,南新段,1866.99,都市：住,,,,02810000
RPUNMLPLJHNFFFH56CC,同福段,.00,都市：住,,,,04230000
RPUNMLQLJHNFFEH66DC,青山段,129.98,都市：住,,,,03290000
RPVOMLOLJHNFFDH09CC,楊梅段,55.00,都市：商,,,,00520087
RPVNMLPLJHNFFFH66CC,同福段,.00,都市：住,,,,04490000
RPSOMLQLJHNFFFH56CC,高城段,.00,都市：住,,,,00860000
RPVNMLPLJHNFFFH66CC,大忠段,.00,都市：住,,,,00020000
RPVNMLQLJHNFFGH96DC,東豐段,1504.57,都市：住,,,,02570002
RPVPMLPLJHNFFAH98CC,大樹林段,.00,都市：住,,,,03110039
RPPOMLQLJHNFFEH78CC,大新段,79.20,非都市： ; 非都市編定：,,,,05140000
RPWNMLQLJHNFFEH76CC,河底段,29.50,都市：商,,,,03970000
RPXNMLQLJHNFFEH96DC,青山段,131.05,都市：住,,,,03290000
RPXNMLQLJHNFFEH96DC,青山段,131.05,都市：住,,,,03290001
RPXNMLQLJHNFFGH17DC,東豐段,2507.61,都市：住,,,,02570002
RPQNMLTLJHNFFFH56CC,興豐段,14.42,都市：商,,,,16410000
RPXOMLTLJHNFFAH96DC,龍祥段,5246.94,都市：住,,,,10010000
RPQOMLQLJHNFFGH09CC,平東段,104.00,都市：住,,,,06400000
RPRNMLTLJHNFFAH88DC,和平段,29.80,都市：住,,,,03730000
RPPNMLSLJHNFFEH88CC,大新段,79.50,都市：住,,,,02220000
RPPPQLTLJHNFFBH66CC,仁美段,13.71,都市：其他:,,,,15590000
RPSNMLKMJHNFFFH68DC,永福段,24.04,都市：住,,,,00030002
RPQQMLTLJHNFFAH09DC,中路段,21.43,都市：住,,,,27530000
RPQNMLKMJHNFFGH48CC,平鎮段,.00,都市：商,,,,09610000
RPUNMLKMJHNFFBH38CC,中北段,.00,都市：住,,,,02430000
RPXNMLKMJHNFFBH68CC,中北段,.00,都市：工,,,,11240000
RPQNMLKMJHNFFBH97CC,永興段,.00,都市：商,,,,00930000
RPRNMLKMJHNFFBH08CC,永興段,.00,都市：商,,,,00930000
RPTOMLKMJHNFFBH38CC,工業區段二小段,.00,非都市：工業區 ; 非都市編定：丁種建築用地,,,,09450000
RPROMLKMJHNFFBH18CC,後寮段,.00,都市：其他:(道路用地.住宅區),,,,02530000
RPSOMLKMJHNFFBH28CC,工業區段二小段,.00,非都市：工業區 ; 非都市編定：丁種建築用地,,,,00190004
RPTPMLKMJHNFFBH48CC,石頭段,109.00,都市：商,,,,00420086
RPOPMLKMJHNFFFH38CC,興仁段,18.90,都市：商,,,,05830000
RPVNMLKMJHNFFAH38CC,延壽段,.00,都市：住,,,,03180000
RPRQMLLMJHNFFAH38CC,鹽埕段,914.60,都市：工,,,,01710015
RPPQMLLMJHNFFEH58CC,大竹圍段,1835.00,非都市：特定農業區 ; 非都市編定：農牧用地,,,,01300014
RPXOMLLMJHNFFDH09CC,清華段,940.00,非都市：特定農業區 ; 非都市編定：農牧用地,,,,08850000
RPXOMLLMJHNFFDH09CC,清華段,690.00,非都市：特定農業區 ; 非都市編定：甲種建築用地,,,,08870000
RPOQMLLMJHNFFEH48CC,文中段,300.03,都市：農,,,,11350000
RPRQMLLMJHNFFEH78CC,蘆興段,1652.90,都市：農,,,,01200000
RPTNMLLMJHNFFAH28CC,富國段,.00,都市：住,,,,00860000
RPXPMLLMJHNFFEH66CC,文中段,214.18,都市：工,,,,00810000
RPWOMLLMJHNFFDH98CC,幼獅段,48.30,非都市：工業區 ; 非都市編定：丁種建築用地,,,,04150000
RPWOMLLMJHNFFDH98CC,幼獅段,426.06,非都市：工業區 ; 非都市編定：丁種建築用地,,,,04160000
RPQNMLLMJHNFFGH58CC,新榮段,.00,都市：住,,,,02970000
RPOOMLLMJHNFFBH97CC,新興段,.00,都市：住,,,,02200000
RPSNMLLMJHNFFBH28CC,石頭段,.00,都市：商,,,,00390128
RPOOMLLMJHNFFGH48CC,鎮東段,4103.07,非都市：一般農業區 ; 非都市編定：丁種建築用地,,,,07140000
RPXNMLLMJHNFFBH78CC,中原段,.00,都市：住,,,,11670000
RPWOMLLMJHNFFHH76CC,善捷段,15.29,都市：住,,,,00020000
RPXNMLLMJHNFFHH76CC,興華段,29.39,都市：住,,,,04710000
RPRPMLLMJHNFFHH98CC,煉油段,60.43,都市：工,,,,01490000
RPSPMLLMJHNFFHH09CC,煉油段,67.65,都市：工,,,,01460000
RPSNMLLMJHNFFGH88DC,金鍊段,18.92,都市：住,,,,07380000
RPTNMLLJKHNFFDH48DC,崁頭厝段下庄子小段,661.00,非都市：特定農業區 ; 非都市編定：特定目的事業用地,,,,00590023
RPTNMLLJKHNFFDH48DC,崁頭厝段下庄子小段,627.00,非都市：特定農業區 ; 非都市編定：特定目的事業用地,,,,00590033
RPTNMLLJKHNFFDH48DC,崁頭厝段下庄子小段,295.00,非都市：特定農業區 ; 非都市編定：特定目的事業用地,,,,00610013
RPTNMLLJKHNFFDH48DC,崁頭厝段下庄子小段,441.00,非都市：特定農業區 ; 非都市編定：特定目的事業用地,,,,00610095
RPTNMLLJKHNFFDH48DC,崁頭厝段下庄子小段,769.00,非都市：特定農業區 ; 非都市編定：農牧用地,,,,00610014
RPWPMLLMJHNFFHH86CC,煉油段,401.87,都市：工,,,,03340000
RPTNMLLMJHNFFGH98DC,平鎮段,16.40,都市：商,,,,09540000
RPUOMLLJKHNFFBH38CC,三座屋段三座屋小段,17.13,都市：住,,,,04670002
RPPNMLMJKHNFFBH87CC,三座屋段三座屋小段,.00,都市：住,,,,17540000
RPRNMLLJKHNFFHH58CC,興華段,11.37,都市：住,,,,00320000
RPXPMLMJKHNFFAH78CC,桃園段武陵小段,121.00,都市：其他:住商用,,,,00170009
RPXPMLMJKHNFFAH78CC,桃園段武陵小段,28.00,都市：其他:住商用,,,,00170042
RPWPMLMJKHNFFAH68CC,龍鳳段,7.87,都市：住,,,,07240000
RPPNMLLJKHNFFGH28CC,廣豐段,61.17,都市：住,,,,02320000
RPWPMLMJKHNFFAH68CC,龍鳳段,.33,都市：住,,,,07680000
RPWPMLMJKHNFFAH68CC,龍鳳段,.07,都市：住,,,,07690000
RPWPMLMJKHNFFAH68CC,龍鳳段,.16,都市：住,,,,07280009
RPUQMLMJKHNFFAH58CC,寶山段,.00,都市：住,,,,08360000
RPTNMLMJKHNFFBH28CC,培英段,.00,都市：住,,,,00010000
RPUOMLMJKHNFFDH78DC,水美段,271.88,非都市：特定農業區 ; 非都市編定：丁種建築用地,,,,11390000
RPUOMLMJKHNFFDH78DC,水美段,47.55,非都市：山坡地保育區 ; 非都市編定：丁種建築用地,,,,11400000
RPUOMLMJKHNFFDH78DC,水美段,62.33,非都市：特定農業區 ; 非都市編定：丁種建築用地,,,,11420000
RPUOMLMJKHNFFDH78DC,水美段,187.37,非都市：特定農業區 ; 非都市編定：丁種建築用地,,,,11440000
RPROMLMJKHNFFHH78CC,興華段,14.10,都市：住,,,,00910000
RPPOMLMJKHNFFDH28DC,水美段,271.88,非都市：特定農業區 ; 非都市編定：丁種建築用地,,,,11390000
RPPOMLMJKHNFFDH28DC,水美段,47.55,非都市：山坡地保育區 ; 非都市編定：丁種建築用地,,,,11400000
RPPOMLMJKHNFFDH28DC,水美段,62.33,非都市：特定農業區 ; 非都市編定：丁種建築用地,,,,11420000
RPPOMLMJKHNFFDH28DC,水美段,187.37,非都市：特定農業區 ; 非都市編定：丁種建築用地,,,,11440000
RPUPMLMJKHNFFBH78EC,青溪段,31.30,都市：住,,,,04690000
RPQNMLNJKHNFFHH68CC,精忠段,18.68,都市：住,,,,15550000
RPTNMLPJKHNFFAH48CC,中路段,.00,都市：住,,,,18620003
RPQOMLNJKHNFFAH08CC,福元段,14.06,都市：住,,,,03320000
RPTNMLPJKHNFFAH48CC,玉山段,.00,都市：住,,,,00190000
RPSNMLPJKHNFFDH68CC,頭重溪段,.00,都市：住,,,,02190004
RPUNMLPJKHNFFDH88CC,大金山下段大金山下小段,.00,都市：住,,,,00030067
RPVNMLPJKHNFFDH98CC,楊梅段,.00,都市：住,,,,01620069
RPTNMLPJKHNFFBH68DC,青昇段,15.02,都市：商,,,,04380000
RPTNMLPJKHNFFDH78CC,大金山下段大金山下小段,.00,都市：住,,,,00100000
RPQPMLPJKHNFFBH48CC,青平段,28.92,都市：住,,,,01800000
RPVQMLPJKHNFFAH09DC,中德段,16.84,都市：住,,,,10310000
RPTOMLPJKHNFFFH56DC,大勇段,80.51,都市：住,,,,07890001
RPQOMLRJKHNFFAH48CC,國聖段,7.14,都市：住,,,,06850000
RPWPMLQJKHNFFAH09CC,寶山段,161.61,都市：住,,,,09970000
RPTPMLRJKHNFFAH88CC,寶山段,40.10,都市：住,,,,05970000
RPSOMLRJKHNFFAH68CC,新埔段,10.11,都市：住,,,,10070000
RPROMLPJKHNFFFH98DC,大勇段,20.13,都市：住,,,,07890001
RPPNMLPJKHNFFFH68DC,大智段,49.81,都市：住,,,,04200000
RPOSMLQJKHNFFBH88EC,興南段興南小段,3.99,都市：商,,,,02270116
RPUPMLRJKHNFFAH98CC,同德段,.00,都市：商,,,,00080000
RPPPMLRJKHNFFAH48CC,富國段,12.61,都市：住,,,,02100000
RPXPMLRJKHNFFAH66CC,富國段,214.68,都市：住,,,,03730001
RPOOMLRJKHNFFBH38CC,榮民段,.00,都市：住,,,,06390000
RPVPMLRJKHNFFAH56DC,埔子段埔子小段,114.00,都市：商,,,,20430074
RPPNMLSJKHNFFHH09CC,興華段,.00,都市：住,,,,06050000
RPWPMLRJKHNFFAH66DC,中埔段,17.93,都市：住,,,,00600000
RPRNMLSJKHNFFBH68CC,興南段中壢老小段,.00,都市：商,,,,02220036
RPRNMLSJKHNFFBH68CC,興南段中壢老小段,.00,都市：商,,,,02230000
RPOPMLSJKHNFFHH56CC,華亞段,1126.57,都市：工,,,,00300000
RPSNMLSJKHNFFHH76CC,中興段,160.00,都市：商,,,,10410000
RPSNMLSJKHNFFBH78CC,成功段,.00,都市：住,,,,02010000
RPQNMLSJKHNFFBH58CC,中工段,.00,非都市：工業區 ; 非都市編定：丁種建築用地,,,,04300000
RPTNMLSJKHNFFFH66CC,永福段,.00,都市：住,,,,08320000
RPVNMLSJKHNFFFH86CC,大華段,.00,都市：住,,,,00950000
RPPNMLKKKHNFFBH77CC,新街段,.00,都市：住,,,,08620000
RPWNMLTJKHNFFFH27EC,大竹段,83.11,非都市：特定農業區 ; 非都市編定：甲種建築用地,,,,08160000
RPXNMLTJKHNFFFH37EC,大忠段,133.42,都市：住,,,,07480000
RPXNMLTJKHNFFFH37EC,大忠段,199.85,都市：住,,,,07470000
