﻿編號,土地位置,土地移轉面積(平方公尺),使用分區或編定,權利人持分分母,權利人持分分子,移轉情形,地號
The serial number, land position,land shifting area square meter,the use zoning or compiles and checks,,,,land parcel
RPSPMLSLJIMFFAH88CB,龍鳳段,25.34,都市：住,10000,170,持分移轉,01700000
RPRPMLSLJIMFFAH78CB,龍鳳段,25.34,都市：住,10000,170,持分移轉,01700000
RPPPMLSLJIMFFAH58CB,龍鳳段,22.51,都市：住,10000,151,持分移轉,01700000
RPQPMLSLJIMFFAH68CB,龍鳳段,25.34,都市：住,10000,170,持分移轉,01700000
RPTPMLSLJIMFFAH98CB,龍鳳段,25.34,都市：住,10000,170,持分移轉,01700000
RPUPMLSLJIMFFAH09CB,龍鳳段,25.34,都市：住,10000,170,持分移轉,01700000
RPOOMLTLJIMFFAH48CB,龍鳳段,34.58,都市：住,10000,232,持分移轉,01700000
RPWNMLTLJIMFFAH56CB,龍鳳段,31.75,都市：住,10000,213,持分移轉,01700000
RPSOMLTLJIMFFAH88CB,龍鳳段,34.58,都市：住,10000,232,持分移轉,01700000
RPWOMLTLJIMFFAH66CB,龍鳳段,34.58,都市：住,10000,232,持分移轉,01700000
RPXOMLTLJIMFFAH76CB,龍鳳段,34.58,都市：住,10000,232,持分移轉,01700000
RPPOMLTLJIMFFAH58CB,龍鳳段,34.58,都市：住,10000,232,持分移轉,01700000
RPPPMLTLJIMFFAH68CB,龍鳳段,34.58,都市：住,10000,232,持分移轉,01700000
RPOPMLTLJIMFFAH58CB,龍鳳段,34.58,都市：住,10000,232,持分移轉,01700000
RPVPMLTLJIMFFAH66CB,龍鳳段,25.19,都市：住,10000,169,持分移轉,01700000
RPQPMLTLJIMFFAH78CB,龍鳳段,34.58,都市：住,10000,232,持分移轉,01700000
RPTPMLTLJIMFFAH09CB,龍鳳段,25.19,都市：住,10000,169,持分移轉,01700000
RPSPMLTLJIMFFAH98CB,龍鳳段,34.58,都市：住,10000,232,持分移轉,01700000
RPRPMLTLJIMFFAH88CB,龍鳳段,34.58,都市：住,10000,232,持分移轉,01700000
RPUPMLTLJIMFFAH56CB,龍鳳段,25.19,都市：住,10000,169,持分移轉,01700000
RPQQMLTLJIMFFAH88CB,龍鳳段,25.19,都市：住,10000,169,持分移轉,01700000
RPSQMLTLJIMFFAH09CB,龍鳳段,25.19,都市：住,10000,169,持分移轉,01700000
RPWPMLTLJIMFFAH76CB,龍鳳段,25.19,都市：住,10000,169,持分移轉,01700000
RPXPMLTLJIMFFAH86CB,龍鳳段,25.19,都市：住,10000,169,持分移轉,01700000
RPPQMLTLJIMFFAH78CB,龍鳳段,25.19,都市：住,10000,169,持分移轉,01700000
RPVNMLKMJIMFFGH88CB,平南段,18.15,都市：住,100000,959,持分移轉,10670000
RPVNMLKMJIMFFGH88CB,平南段,1.94,都市：農,100000,959,持分移轉,10920001
RPROMLKMJIMFFGH58CB,平南段,23.06,都市：住,100000,1218,持分移轉,10670000
RPROMLKMJIMFFGH58CB,平南段,2.47,都市：農,100000,1218,持分移轉,10920001
RPXNMLKMJIMFFGH09CB,平南段,27.96,都市：住,100000,1477,持分移轉,10670000
RPXNMLKMJIMFFGH09CB,平南段,2.93,都市：農,100000,1447,持分移轉,10920001
RPTQMLTLJIMFFAH56CB,龍鳳段,25.04,都市：住,10000,168,持分移轉,01700000
RPTNMLKMJIMFFGH68CB,平南段,27.26,都市：住,100000,1440,持分移轉,10670000
RPTNMLKMJIMFFGH68CB,平南段,2.92,都市：農,100000,1440,持分移轉,10920001
RPPOMLKMJIMFFGH38CB,平南段,21.56,都市：住,100000,1139,持分移轉,10670000
RPPOMLKMJIMFFGH38CB,平南段,2.31,都市：農,100000,1139,持分移轉,10920001
RPUNMLKMJIMFFGH78CB,平南段,20.94,都市：住,100000,1106,持分移轉,10670000
RPUNMLKMJIMFFGH78CB,平南段,2.24,都市：農,100000,1106,持分移轉,10920001
RPWNMLKMJIMFFGH98CB,平南段,27.26,都市：住,100000,1440,持分移轉,10670000
RPWNMLKMJIMFFGH98CB,平南段,2.92,都市：農,100000,1440,持分移轉,10920001
RPOOMLKMJIMFFGH28CB,平南段,21.56,都市：住,100000,1139,持分移轉,10670000
RPOOMLKMJIMFFGH28CB,平南段,2.31,都市：農,100000,1139,持分移轉,10920001
RPQOMLKMJIMFFGH48CB,平南段,23.06,都市：住,100000,1218,持分移轉,10670000
RPQOMLKMJIMFFGH48CB,平南段,2.47,都市：農,100000,1218,持分移轉,10920001
RPTOMLKMJIMFFGH78CB,平南段,23.06,都市：住,100000,1218,持分移轉,10670000
RPTOMLKMJIMFFGH78CB,平南段,2.47,都市：農,100000,1218,持分移轉,10920001
RPPPMLKMJIMFFGH48CB,平南段,23.06,都市：住,100000,1218,持分移轉,10670000
RPPPMLKMJIMFFGH48CB,平南段,2.47,都市：農,100000,1218,持分移轉,10920001
RPUOMLKMJIMFFGH88CB,平南段,21.56,都市：住,100000,1139,持分移轉,10670000
RPUOMLKMJIMFFGH88CB,平南段,2.31,都市：農,100000,1139,持分移轉,10920001
RPWOMLKMJIMFFGH09CB,平南段,20.94,都市：住,100000,1106,持分移轉,10670000
RPQPMLKMJIMFFGH58CB,平南段,27.26,都市：住,100000,1440,持分移轉,10670000
RPWOMLKMJIMFFGH09CB,平南段,2.24,都市：農,100000,1106,持分移轉,10920001
RPQPMLKMJIMFFGH58CB,平南段,2.92,都市：農,100000,1440,持分移轉,10920001
RPSPMLKMJIMFFGH78CB,平南段,21.56,都市：住,100000,1139,持分移轉,10670000
RPSPMLKMJIMFFGH78CB,平南段,2.31,都市：農,100000,1139,持分移轉,10920001
RPXOMLKMJIMFFGH56CB,平南段,27.26,都市：住,100000,1440,持分移轉,10670000
RPXOMLKMJIMFFGH56CB,平南段,2.92,都市：農,100000,1440,持分移轉,10920001
RPVOMLKMJIMFFGH98CB,平南段,27.96,都市：住,100000,1477,持分移轉,10670000
RPVOMLKMJIMFFGH98CB,平南段,2.99,都市：農,100000,1477,持分移轉,10920001
RPOPMLKMJIMFFGH38CB,平南段,20.94,都市：住,100000,1106,持分移轉,10670000
RPOPMLKMJIMFFGH38CB,平南段,2.24,都市：農,100000,1106,持分移轉,10920001
RPRPMLKMJIMFFGH68CB,平南段,18.15,都市：住,100000,959,持分移轉,10670000
RPRPMLKMJIMFFGH68CB,平南段,1.94,都市：農,100000,959,持分移轉,10920001
RPUPMLKMJIMFFGH98CB,平南段,18.15,都市：住,100000,959,持分移轉,10670000
RPUPMLKMJIMFFGH98CB,平南段,1.94,都市：農,100000,959,持分移轉,10920001
RPOQMLKMJIMFFGH48CB,平南段,27.96,都市：住,100000,1477,持分移轉,10670000
RPOQMLKMJIMFFGH48CB,平南段,2.99,都市：農,100000,1477,持分移轉,10920001
RPTPMLKMJIMFFGH88CB,平南段,27.96,都市：住,100000,1477,持分移轉,10670000
RPTPMLKMJIMFFGH88CB,平南段,2.99,都市：農,100000,1477,持分移轉,10920001
RPQQMLKMJIMFFGH68CB,平南段,27.26,都市：住,100000,1440,持分移轉,10670000
RPQQMLKMJIMFFGH68CB,平南段,2.92,都市：農,100000,1440,持分移轉,10920001
RPSQMLKMJIMFFGH88CB,平南段,21.56,都市：住,100000,1139,持分移轉,10670000
RPSQMLKMJIMFFGH88CB,平南段,2.31,都市：農,100000,1139,持分移轉,10920001
RPTQMLKMJIMFFGH98CB,平南段,23.06,都市：住,100000,1218,持分移轉,10670000
RPTQMLKMJIMFFGH98CB,平南段,2.47,都市：農,100000,1218,持分移轉,10920001
RPPQMLKMJIMFFGH58CB,平南段,23.06,都市：住,100000,1218,持分移轉,10670000
RPPQMLKMJIMFFGH58CB,平南段,2.47,都市：農,100000,1218,持分移轉,10920001
RPRQMLKMJIMFFGH78CB,平南段,27.26,都市：住,100000,1440,持分移轉,10670000
RPRQMLKMJIMFFGH78CB,平南段,2.92,都市：農,100000,1440,持分移轉,10920001
RPVPMLKMJIMFFGH09CB,平南段,17.96,都市：住,100000,949,持分移轉,10670000
RPVPMLKMJIMFFGH09CB,平南段,1.92,都市：農,100000,949,持分移轉,10920001
RPWPMLKMJIMFFGH56CB,平南段,17.96,都市：住,100000,949,持分移轉,10670000
RPWPMLKMJIMFFGH56CB,平南段,1.92,都市：農,100000,949,持分移轉,10920001
RPUQMLKMJIMFFGH09CB,平南段,27.26,都市：住,100000,1440,持分移轉,10670000
RPUQMLKMJIMFFGH09CB,平南段,2.92,都市：農,100000,1440,持分移轉,10920001
RPXPMLKMJIMFFGH66CB,平南段,23.06,都市：住,100000,1218,持分移轉,10670000
RPXPMLKMJIMFFGH66CB,平南段,2.47,都市：農,100000,1218,持分移轉,10920001
RPXQMLKMJIMFFGH76CB,平南段,17.96,都市：住,100000,949,持分移轉,10670000
RPXQMLKMJIMFFGH76CB,平南段,1.92,都市：農,100000,949,持分移轉,10920001
RPORMLKMJIMFFGH58CB,平南段,18.15,都市：住,100000,959,持分移轉,10670000
RPORMLKMJIMFFGH58CB,平南段,1.94,都市：農,100000,959,持分移轉,10920001
RPVQMLKMJIMFFGH56CB,平南段,18.15,都市：住,100000,959,持分移轉,10670000
RPVQMLKMJIMFFGH56CB,平南段,1.94,都市：農,100000,959,持分移轉,10920001
RPPRMLKMJIMFFGH68CB,平南段,20.94,都市：住,100000,1106,持分移轉,10670000
RPPRMLKMJIMFFGH68CB,平南段,2.24,都市：農,100000,1106,持分移轉,10920001
RPTRMLKMJIMFFGH09CB,平南段,23.06,都市：住,100000,1218,持分移轉,10670000
RPTRMLKMJIMFFGH09CB,平南段,2.47,都市：農,100000,1218,持分移轉,10920001
RPRRMLKMJIMFFGH88CB,平南段,27.96,都市：住,100000,1477,持分移轉,10670000
RPRRMLKMJIMFFGH88CB,平南段,2.99,都市：農,100000,1477,持分移轉,10920001
RPWQMLKMJIMFFGH66CB,平南段,27.96,都市：住,100000,1477,持分移轉,10670000
RPWQMLKMJIMFFGH66CB,平南段,2.99,都市：農,100000,1477,持分移轉,10920001
RPSRMLKMJIMFFGH98CB,平南段,20.94,都市：住,100000,1106,持分移轉,10670000
RPSRMLKMJIMFFGH98CB,平南段,2.24,都市：農,100000,1106,持分移轉,10920001
RPVRMLKMJIMFFGH66CB,平南段,23.06,都市：住,100000,1218,持分移轉,10670000
RPVRMLKMJIMFFGH66CB,平南段,2.47,都市：農,100000,1218,持分移轉,10920001
RPQRMLKMJIMFFGH78CB,平南段,20.94,都市：住,100000,1106,持分移轉,10670000
RPQRMLKMJIMFFGH78CB,平南段,2.24,都市：農,100000,1106,持分移轉,10920001
RPPSMLKMJIMFFGH78CB,平南段,27.96,都市：住,100000,1477,持分移轉,10670000
RPPSMLKMJIMFFGH78CB,平南段,2.99,都市：農,100000,1477,持分移轉,10920001
RPURMLKMJIMFFGH56CB,平南段,23.06,都市：住,100000,1218,持分移轉,10670000
RPURMLKMJIMFFGH56CB,平南段,2.47,都市：農,100000,1218,持分移轉,10920001
RPQSMLKMJIMFFGH88CB,平南段,21.56,都市：住,100000,1139,持分移轉,10670000
RPQSMLKMJIMFFGH88CB,平南段,2.31,都市：農,100000,1139,持分移轉,10920001
RPSSMLKMJIMFFGH09CB,平南段,18.15,都市：住,100000,959,持分移轉,10670000
RPSSMLKMJIMFFGH09CB,平南段,1.94,都市：農,100000,959,持分移轉,10920001
RPOSMLKMJIMFFGH68CB,平南段,27.96,都市：住,100000,1477,持分移轉,10670000
RPOSMLKMJIMFFGH68CB,平南段,2.99,都市：農,100000,1477,持分移轉,10920001
RPRSMLKMJIMFFGH98CB,平南段,20.94,都市：住,100000,1106,持分移轉,10670000
RPRSMLKMJIMFFGH98CB,平南段,2.24,都市：農,100000,1106,持分移轉,10920001
RPUSMLKMJIMFFGH66CB,平南段,21.56,都市：住,100000,1139,持分移轉,10670000
RPUSMLKMJIMFFGH66CB,平南段,2.31,都市：農,100000,1139,持分移轉,10920001
RPOTMLKMJIMFFGH78CB,平南段,20.94,都市：住,100000,1106,持分移轉,10670000
RPOTMLKMJIMFFGH78CB,平南段,2.24,都市：農,100000,1106,持分移轉,10920001
RPTSMLKMJIMFFGH56CB,平南段,20.94,都市：住,100000,1106,持分移轉,10670000
RPTSMLKMJIMFFGH56CB,平南段,2.24,都市：農,100000,1106,持分移轉,10920001
RPWRMLKMJIMFFGH76CB,平南段,20.94,都市：住,100000,1106,持分移轉,10670000
RPWRMLKMJIMFFGH76CB,平南段,2.24,都市：農,100000,1106,持分移轉,10920001
RPXRMLKMJIMFFGH86CB,平南段,27.26,都市：住,100000,1440,持分移轉,10670000
RPXRMLKMJIMFFGH86CB,平南段,2.92,都市：農,100000,1440,持分移轉,10920001
RPQTMLKMJIMFFGH98CB,平南段,20.94,都市：住,100000,1106,持分移轉,10670000
RPQTMLKMJIMFFGH98CB,平南段,2.24,都市：農,100000,1106,持分移轉,10920001
RPWSMLKMJIMFFGH86CB,平南段,27.26,都市：住,100000,1440,持分移轉,10670000
RPWSMLKMJIMFFGH86CB,平南段,2.92,都市：農,100000,1440,持分移轉,10920001
RPXSMLKMJIMFFGH96CB,平南段,27.26,都市：住,100000,1440,持分移轉,10670000
RPXSMLKMJIMFFGH96CB,平南段,2.92,都市：農,100000,1440,持分移轉,10920001
RPPTMLKMJIMFFGH88CB,平南段,27.26,都市：住,100000,1440,持分移轉,10670000
RPPTMLKMJIMFFGH88CB,平南段,2.92,都市：農,100000,1440,持分移轉,10920001
RPRTMLKMJIMFFGH09CB,平南段,18.15,都市：住,100000,959,持分移轉,10670000
RPRTMLKMJIMFFGH09CB,平南段,1.94,都市：農,100000,959,持分移轉,10920001
RPSTMLKMJIMFFGH56CB,平南段,27.96,都市：住,100000,1477,持分移轉,10670000
RPSTMLKMJIMFFGH56CB,平南段,2.99,都市：農,100000,1477,持分移轉,10920001
RPVSMLKMJIMFFGH76CB,平南段,18.15,都市：住,100000,959,持分移轉,10670000
RPVSMLKMJIMFFGH76CB,平南段,1.94,都市：農,100000,959,持分移轉,10920001
RPTTMLKMJIMFFGH66CB,平南段,21.56,都市：住,100000,1139,持分移轉,10670000
RPTTMLKMJIMFFGH66CB,平南段,2.31,都市：農,100000,1139,持分移轉,10920001
RPXTMLKMJIMFFGH07CB,平南段,21.60,都市：住,100000,1141,持分移轉,10670000
RPXTMLKMJIMFFGH07CB,平南段,2.31,都市：農,100000,1141,持分移轉,10920001
RPVTMLKMJIMFFGH86CB,平南段,27.26,都市：住,100000,1440,持分移轉,10670000
RPVTMLKMJIMFFGH86CB,平南段,2.92,都市：農,100000,1440,持分移轉,10920001
RPRUMLKMJIMFFGH56CB,平南段,21.56,都市：住,100000,1139,持分移轉,10670000
RPRUMLKMJIMFFGH56CB,平南段,2.31,都市：農,100000,1139,持分移轉,10920001
RPSUMLKMJIMFFGH66CB,平南段,23.06,都市：住,100000,1218,持分移轉,10670000
RPSUMLKMJIMFFGH66CB,平南段,2.47,都市：農,100000,1218,持分移轉,10920001
RPTUMLKMJIMFFGH76CB,平南段,26.84,都市：住,100000,1418,持分移轉,10670000
RPTUMLKMJIMFFGH76CB,平南段,2.87,都市：農,100000,1418,持分移轉,10920001
RPPUMLKMJIMFFGH98CB,平南段,17.36,都市：住,100000,917,持分移轉,10670000
RPPUMLKMJIMFFGH98CB,平南段,1.86,都市：農,100000,917,持分移轉,10920001
RPVUMLKMJIMFFGH96CB,平南段,20.94,都市：住,100000,1106,持分移轉,10670000
RPVUMLKMJIMFFGH96CB,平南段,2.24,都市：農,100000,1106,持分移轉,10920001
RPXUMLKMJIMFFGH17CB,平南段,21.52,都市：住,100000,1137,持分移轉,10670000
RPWUMLKMJIMFFGH07CB,平南段,20.94,都市：住,100000,1106,持分移轉,10670000
RPXUMLKMJIMFFGH17CB,平南段,2.30,都市：農,100000,1137,持分移轉,10920001
RPWUMLKMJIMFFGH07CB,平南段,2.24,都市：農,100000,1106,持分移轉,10920001
RPUTMLKMJIMFFGH76CB,平南段,27.26,都市：住,100000,1440,持分移轉,10670000
RPUTMLKMJIMFFGH76CB,平南段,2.92,都市：農,100000,1440,持分移轉,10920001
RPOVMLKMJIMFFGH98CB,平南段,21.60,都市：住,100000,1141,持分移轉,10670000
RPOVMLKMJIMFFGH98CB,平南段,2.31,都市：農,100000,1141,持分移轉,10920001
RPPVMLKMJIMFFGH09CB,平南段,18.15,都市：住,100000,959,持分移轉,10670000
RPPVMLKMJIMFFGH09CB,平南段,1.94,都市：農,100000,959,持分移轉,10920001
RPQUMLKMJIMFFGH09CB,平南段,21.56,都市：住,100000,1139,持分移轉,10670000
RPQUMLKMJIMFFGH09CB,平南段,2.31,都市：農,100000,1139,持分移轉,10920001
RPQVMLKMJIMFFGH56CB,平南段,2.99,都市：農,100000,1477,持分移轉,10920001
RPQVMLKMJIMFFGH56CB,平南段,27.96,都市：住,100000,1477,持分移轉,10670000
RPRVMLKMJIMFFGH66CB,平南段,21.56,都市：住,100000,1139,持分移轉,10670000
RPRVMLKMJIMFFGH66CB,平南段,2.31,都市：農,100000,1139,持分移轉,10920001
RPSVMLKMJIMFFGH76CB,平南段,17.96,都市：住,100000,949,持分移轉,10670000
RPSVMLKMJIMFFGH76CB,平南段,1.92,都市：農,100000,949,持分移轉,10920001
RPTVMLKMJIMFFGH86CB,平南段,21.56,都市：住,100000,1139,持分移轉,10670000
RPTVMLKMJIMFFGH86CB,平南段,2.31,都市：農,100000,1139,持分移轉,10920001
RPUUMLKMJIMFFGH86CB,平南段,27.96,都市：住,100000,1477,持分移轉,10670000
RPUUMLKMJIMFFGH86CB,平南段,2.99,都市：農,100000,1477,持分移轉,10920001
RPWVMLKMJIMFFGH17CB,平南段,23.06,都市：住,100000,1218,持分移轉,10670000
RPWVMLKMJIMFFGH17CB,平南段,2.47,都市：農,100000,1218,持分移轉,10920001
RPUVMLKMJIMFFGH96CB,平南段,27.96,都市：住,100000,1477,持分移轉,10670000
RPUVMLKMJIMFFGH96CB,平南段,2.99,都市：農,100000,1477,持分移轉,10920001
RPVVMLKMJIMFFGH07CB,平南段,23.06,都市：住,100000,1218,持分移轉,10670000
RPVVMLKMJIMFFGH07CB,平南段,2.47,都市：農,100000,1218,持分移轉,10920001
RPXOMLLKKIMFFAH68DB,水汴頭段,12.13,都市：商,10000,77,持分移轉,00390000
RPQPMLLKKIMFFAH08DB,水汴頭段,12.28,都市：商,10000,78,持分移轉,00390000
RPTPMLLKKIMFFAH38DB,水汴頭段,12.28,都市：商,10000,78,持分移轉,00390000
RPXPMLLKKIMFFAH78DB,水汴頭段,12.28,都市：商,10000,78,持分移轉,00390000
RPQQMLLKKIMFFAH18DB,水汴頭段,12.28,都市：商,10000,78,持分移轉,00390000
RPVQMLLKKIMFFAH68DB,水汴頭段,12.28,都市：商,10000,78,持分移轉,00390000
RPSQMLLKKIMFFAH38DB,水汴頭段,12.13,都市：商,10000,77,持分移轉,00390000
RPSRMLLKKIMFFAH48DB,水汴頭段,13.86,都市：商,10000,88,持分移轉,00390000
RPORMLLKKIMFFAH08DB,水汴頭段,13.86,都市：商,10000,88,持分移轉,00390000
RPRRMLLKKIMFFAH38DB,水汴頭段,13.23,都市：商,10000,84,持分移轉,00390000
RPURMLLKKIMFFAH68DB,水汴頭段,13.86,都市：商,10000,88,持分移轉,00390000
RPPQMLLKKIMFFAH08DB,水汴頭段,12.28,都市：商,10000,78,持分移轉,00390000
RPQRMLLKKIMFFAH28DB,水汴頭段,14.96,都市：商,10000,95,持分移轉,00390000
RPXRMLLKKIMFFAH98DB,水汴頭段,13.86,都市：商,10000,88,持分移轉,00390000
RPOSMLLKKIMFFAH18DB,水汴頭段,12.28,都市：商,10000,78,持分移轉,00390000
RPPSMLLKKIMFFAH28DB,水汴頭段,12.13,都市：商,10000,77,持分移轉,00390000
RPQSMLLKKIMFFAH38DB,水汴頭段,12.13,都市：商,10000,77,持分移轉,00390000
RPTSMLLKKIMFFAH68DB,水汴頭段,14.33,都市：商,10000,91,持分移轉,00390000
RPRSMLLKKIMFFAH48DB,水汴頭段,12.13,都市：商,10000,77,持分移轉,00390000
RPWRMLLKKIMFFAH88DB,水汴頭段,13.86,都市：商,10000,88,持分移轉,00390000
RPVSMLLKKIMFFAH88DB,水汴頭段,13.86,都市：商,10000,88,持分移轉,00390000
RPPPMLMJJHNFFAH87DB,水汴頭段,15.76,都市：商,10000,57,持分移轉,00330000
RPWOMLMJJHNFFAH48DB,水汴頭段,19.90,都市：商,10000,72,持分移轉,00330000
RPSSMLLKKIMFFAH58DB,水汴頭段,14.80,都市：商,10000,94,持分移轉,00390000
RPXOMLMJJHNFFAH58DB,水汴頭段,20.18,都市：商,10000,73,持分移轉,00330000
RPQPMLMJJHNFFAH97DB,水汴頭段,15.76,都市：商,10000,57,持分移轉,00330000
RPSPMLMJJHNFFAH18DB,水汴頭段,15.76,都市：商,10000,57,持分移轉,00330000
RPRPMLMJJHNFFAH08DB,水汴頭段,15.76,都市：商,10000,57,持分移轉,00330000
RPUSMLLKKIMFFAH78DB,水汴頭段,13.86,都市：商,10000,88,持分移轉,00390000
RPWPMLMJJHNFFAH58DB,水汴頭段,18.25,都市：商,10000,66,持分移轉,00330000
RPUPMLMJJHNFFAH38DB,水汴頭段,19.90,都市：商,10000,72,持分移轉,00330000
RPOQMLMJJHNFFAH87DB,水汴頭段,18.25,都市：商,10000,66,持分移轉,00330000
RPXPMLMJJHNFFAH68DB,水汴頭段,18.25,都市：商,10000,66,持分移轉,00330000
RPTPMLMJJHNFFAH28DB,水汴頭段,15.76,都市：商,10000,57,持分移轉,00330000
RPVOMLTLJHNFFBH66CB,青芝段,29.44,都市：住,10000,42,持分移轉,01080000
RPWOMLTLJHNFFBH76CB,青芝段,30.14,都市：住,10000,43,持分移轉,01080000
RPVPMLMJJHNFFAH48DB,水汴頭段,19.90,都市：商,10000,72,持分移轉,00330000
RPOPMLTLJHNFFBH68CB,青芝段,30.14,都市：住,10000,43,持分移轉,01080000
RPXOMLTLJHNFFBH86CB,青芝段,30.14,都市：住,10000,43,持分移轉,01080000
RPPPMLTLJHNFFBH78CB,青芝段,30.14,都市：住,10000,43,持分移轉,01080000
RPSPMLTLJHNFFBH09CB,青芝段,29.44,都市：住,10000,42,持分移轉,01080000
RPQPMLTLJHNFFBH88CB,青芝段,30.14,都市：住,10000,43,持分移轉,01080000
RPTPMLTLJHNFFBH56CB,青芝段,30.14,都市：住,10000,43,持分移轉,01080000
RPRPMLTLJHNFFBH98CB,青芝段,29.44,都市：住,10000,42,持分移轉,01080000
RPUPMLTLJHNFFBH66CB,青芝段,29.44,都市：住,10000,42,持分移轉,01080000
RPQQMLTLJHNFFBH98CB,青芝段,30.14,都市：住,10000,43,持分移轉,01080000
RPTQMLTLJHNFFBH66CB,青芝段,30.14,都市：住,10000,43,持分移轉,01080000
RPSQMLTLJHNFFBH56CB,青芝段,30.14,都市：住,10000,43,持分移轉,01080000
RPRQMLTLJHNFFBH09CB,青芝段,30.14,都市：住,10000,43,持分移轉,01080000
RPUQMLTLJHNFFBH76CB,青芝段,30.14,都市：住,10000,43,持分移轉,01080000
RPORMLTLJHNFFBH88CB,青芝段,29.44,都市：住,10000,42,持分移轉,01080000
RPWQMLTLJHNFFBH96CB,青芝段,30.14,都市：住,10000,43,持分移轉,01080000
RPVQMLTLJHNFFBH86CB,青芝段,29.44,都市：住,10000,42,持分移轉,01080000
RPXQMLTLJHNFFBH07CB,青芝段,29.44,都市：住,10000,42,持分移轉,01080000
RPPRMLTLJHNFFBH98CB,青芝段,29.44,都市：住,10000,42,持分移轉,01080000
RPRRMLTLJHNFFBH56CB,青芝段,30.14,都市：住,10000,43,持分移轉,01080000
RPQRMLTLJHNFFBH09CB,青芝段,21.73,都市：住,10000,31,持分移轉,01080000
RPURMLTLJHNFFBH86CB,青芝段,30.14,都市：住,10000,43,持分移轉,01080000
RPSRMLTLJHNFFBH66CB,青芝段,30.14,都市：住,10000,43,持分移轉,01080000
RPVRMLTLJHNFFBH96CB,青芝段,30.14,都市：住,10000,43,持分移轉,01080000
RPWRMLTLJHNFFBH07CB,青芝段,30.14,都市：住,10000,43,持分移轉,01080000
RPXRMLTLJHNFFBH17CB,青芝段,30.14,都市：住,10000,43,持分移轉,01080000
RPTRMLTLJHNFFBH76CB,青芝段,30.14,都市：住,10000,43,持分移轉,01080000
RPOSMLTLJHNFFBH98CB,青芝段,30.14,都市：住,10000,43,持分移轉,01080000
RPPSMLTLJHNFFBH09CB,青芝段,30.14,都市：住,10000,43,持分移轉,01080000
RPRSMLTLJHNFFBH66CB,青芝段,21.73,都市：住,10000,31,持分移轉,01080000
RPVSMLTLJHNFFBH07CB,青芝段,21.73,都市：住,10000,31,持分移轉,01080000
RPTSMLTLJHNFFBH86CB,青芝段,21.73,都市：住,10000,31,持分移轉,01080000
RPUSMLTLJHNFFBH96CB,青芝段,21.73,都市：住,10000,31,持分移轉,01080000
RPWSMLTLJHNFFBH17CB,青芝段,21.73,都市：住,10000,31,持分移轉,01080000
RPPTMLTLJHNFFBH56CB,青芝段,21.73,都市：住,10000,31,持分移轉,01080000
RPQTMLTLJHNFFBH66CB,青芝段,21.73,都市：住,10000,31,持分移轉,01080000
RPSSMLTLJHNFFBH76CB,青芝段,21.73,都市：住,10000,31,持分移轉,01080000
RPXSMLTLJHNFFBH27CB,青芝段,21.73,都市：住,10000,31,持分移轉,01080000
RPOTMLTLJHNFFBH09CB,青芝段,21.73,都市：住,10000,31,持分移轉,01080000
RPSTMLTLJHNFFBH86CB,青芝段,21.73,都市：住,10000,31,持分移轉,01080000
RPUTMLTLJHNFFBH07CB,青芝段,21.73,都市：住,10000,31,持分移轉,01080000
RPRTMLTLJHNFFBH76CB,青芝段,21.73,都市：住,10000,31,持分移轉,01080000
RPWTMLTLJHNFFBH27CB,青芝段,21.73,都市：住,10000,31,持分移轉,01080000
RPVTMLTLJHNFFBH17CB,青芝段,21.73,都市：住,10000,31,持分移轉,01080000
RPXTMLTLJHNFFBH37CB,青芝段,21.73,都市：住,10000,31,持分移轉,01080000
RPTTMLTLJHNFFBH96CB,青芝段,21.73,都市：住,10000,31,持分移轉,01080000
RPOUMLTLJHNFFBH56CB,青芝段,21.73,都市：住,10000,31,持分移轉,01080000
RPPUMLTLJHNFFBH66CB,青芝段,21.73,都市：住,10000,31,持分移轉,01080000
RPQUMLTLJHNFFBH76CB,青芝段,21.73,都市：住,10000,31,持分移轉,01080000
RPRUMLTLJHNFFBH86CB,青芝段,21.73,都市：住,10000,31,持分移轉,01080000
RPTUMLTLJHNFFBH07CB,青芝段,21.73,都市：住,10000,31,持分移轉,01080000
RPSUMLTLJHNFFBH96CB,青芝段,21.73,都市：住,10000,31,持分移轉,01080000
RPWUMLTLJHNFFBH37CB,青芝段,21.73,都市：住,10000,31,持分移轉,01080000
RPOVMLTLJHNFFBH66CB,青芝段,21.73,都市：住,10000,31,持分移轉,01080000
RPXUMLTLJHNFFBH47CB,青芝段,21.73,都市：住,10000,31,持分移轉,01080000
RPUUMLTLJHNFFBH17CB,青芝段,21.73,都市：住,10000,31,持分移轉,01080000
RPRVMLTLJHNFFBH96CB,青芝段,21.73,都市：住,10000,31,持分移轉,01080000
RPQVMLTLJHNFFBH86CB,青芝段,21.73,都市：住,10000,31,持分移轉,01080000
RPPVMLTLJHNFFBH76CB,青芝段,21.73,都市：住,10000,31,持分移轉,01080000
RPSVMLTLJHNFFBH07CB,青芝段,21.73,都市：住,10000,31,持分移轉,01080000
RPUVMLTLJHNFFBH27CB,青芝段,21.73,都市：住,10000,31,持分移轉,01080000
RPVVMLTLJHNFFBH37CB,青芝段,27.34,都市：住,10000,39,持分移轉,01080000
RPWVMLTLJHNFFBH47CB,青芝段,27.34,都市：住,10000,39,持分移轉,01080000
RPVUMLTLJHNFFBH27CB,青芝段,21.73,都市：住,10000,31,持分移轉,01080000
RPRWMLTLJHNFFBH07CB,青芝段,27.34,都市：住,10000,39,持分移轉,01080000
RPPWMLTLJHNFFBH86CB,青芝段,27.34,都市：住,10000,39,持分移轉,01080000
RPXVMLTLJHNFFBH57CB,青芝段,27.34,都市：住,10000,39,持分移轉,01080000
RPTVMLTLJHNFFBH17CB,青芝段,21.73,都市：住,10000,31,持分移轉,01080000
RPOWMLTLJHNFFBH76CB,青芝段,27.34,都市：住,10000,39,持分移轉,01080000
RPTWMLTLJHNFFBH27CB,青芝段,27.34,都市：住,10000,39,持分移轉,01080000
RPQWMLTLJHNFFBH96CB,青芝段,27.34,都市：住,10000,39,持分移轉,01080000
RPWWMLTLJHNFFBH57CB,青芝段,27.34,都市：住,10000,39,持分移轉,01080000
RPSWMLTLJHNFFBH17CB,青芝段,27.34,都市：住,10000,39,持分移轉,01080000
RPPNNLTLJHNFFBH68CB,青芝段,27.34,都市：住,10000,39,持分移轉,01080000
RPVWMLTLJHNFFBH47CB,青芝段,26.64,都市：住,10000,38,持分移轉,01080000
RPXWMLTLJHNFFBH67CB,青芝段,27.34,都市：住,10000,39,持分移轉,01080000
RPUWMLTLJHNFFBH37CB,青芝段,27.34,都市：住,10000,39,持分移轉,01080000
RPRNNLTLJHNFFBH88CB,青芝段,27.34,都市：住,10000,39,持分移轉,01080000
RPSNNLTLJHNFFBH98CB,青芝段,27.34,都市：住,10000,39,持分移轉,01080000
RPUNNLTLJHNFFBH56CB,青芝段,26.64,都市：住,10000,38,持分移轉,01080000
RPTNNLTLJHNFFBH09CB,青芝段,27.34,都市：住,10000,39,持分移轉,01080000
RPQNNLTLJHNFFBH78CB,青芝段,27.34,都市：住,10000,39,持分移轉,01080000
RPONNLTLJHNFFBH58CB,青芝段,26.64,都市：住,10000,38,持分移轉,01080000
RPVNNLTLJHNFFBH66CB,青芝段,27.34,都市：住,10000,39,持分移轉,01080000
RPXNNLTLJHNFFBH86CB,青芝段,27.34,都市：住,10000,39,持分移轉,01080000
RPWNNLTLJHNFFBH76CB,青芝段,26.64,都市：住,10000,38,持分移轉,01080000
RPPONLTLJHNFFBH78CB,青芝段,27.34,都市：住,10000,39,持分移轉,01080000
RPQONLTLJHNFFBH88CB,青芝段,27.34,都市：住,10000,39,持分移轉,01080000
RPRONLTLJHNFFBH98CB,青芝段,27.34,都市：住,10000,39,持分移轉,01080000
RPSONLTLJHNFFBH09CB,青芝段,27.34,都市：住,10000,39,持分移轉,01080000
RPOONLTLJHNFFBH68CB,青芝段,27.34,都市：住,10000,39,持分移轉,01080000
RPTONLTLJHNFFBH56CB,青芝段,27.34,都市：住,10000,39,持分移轉,01080000
RPUONLTLJHNFFBH66CB,青芝段,27.34,都市：住,10000,39,持分移轉,01080000
RPVONLTLJHNFFBH76CB,青芝段,27.34,都市：住,10000,39,持分移轉,01080000
RPOPNLTLJHNFFBH78CB,青芝段,27.34,都市：住,10000,39,持分移轉,01080000
RPWONLTLJHNFFBH86CB,青芝段,27.34,都市：住,10000,39,持分移轉,01080000
RPQPNLTLJHNFFBH98CB,青芝段,27.34,都市：住,10000,39,持分移轉,01080000
RPXONLTLJHNFFBH96CB,青芝段,27.34,都市：住,10000,39,持分移轉,01080000
RPRPNLTLJHNFFBH09CB,青芝段,21.73,都市：住,10000,31,持分移轉,01080000
RPPPNLTLJHNFFBH88CB,青芝段,27.34,都市：住,10000,39,持分移轉,01080000
RPVPNLTLJHNFFBH86CB,青芝段,22.43,都市：住,10000,32,持分移轉,01080000
RPSPNLTLJHNFFBH56CB,青芝段,21.73,都市：住,10000,31,持分移轉,01080000
RPUPNLTLJHNFFBH76CB,青芝段,21.73,都市：住,10000,31,持分移轉,01080000
RPWPNLTLJHNFFBH96CB,青芝段,21.73,都市：住,10000,31,持分移轉,01080000
RPTPNLTLJHNFFBH66CB,青芝段,21.73,都市：住,10000,31,持分移轉,01080000
RPOQNLTLJHNFFBH88CB,青芝段,21.73,都市：住,10000,31,持分移轉,01080000
RPRQNLTLJHNFFBH56CB,青芝段,21.73,都市：住,10000,31,持分移轉,01080000
RPPQNLTLJHNFFBH98CB,青芝段,21.73,都市：住,10000,31,持分移轉,01080000
RPXPNLTLJHNFFBH07CB,青芝段,21.73,都市：住,10000,31,持分移轉,01080000
RPQQNLTLJHNFFBH09CB,青芝段,21.73,都市：住,10000,31,持分移轉,01080000
RPTQNLTLJHNFFBH76CB,青芝段,21.73,都市：住,10000,31,持分移轉,01080000
RPUQNLTLJHNFFBH86CB,青芝段,21.73,都市：住,10000,31,持分移轉,01080000
RPSQNLTLJHNFFBH66CB,青芝段,21.73,都市：住,10000,31,持分移轉,01080000
RPWQNLTLJHNFFBH07CB,青芝段,21.73,都市：住,10000,31,持分移轉,01080000
RPVQNLTLJHNFFBH96CB,青芝段,21.73,都市：住,10000,31,持分移轉,01080000
RPPRNLTLJHNFFBH09CB,青芝段,21.73,都市：住,10000,31,持分移轉,01080000
RPORNLTLJHNFFBH98CB,青芝段,21.73,都市：住,10000,31,持分移轉,01080000
RPQRNLTLJHNFFBH56CB,青芝段,21.73,都市：住,10000,31,持分移轉,01080000
RPXQNLTLJHNFFBH17CB,青芝段,21.73,都市：住,10000,31,持分移轉,01080000
RPSRNLTLJHNFFBH76CB,青芝段,21.73,都市：住,10000,31,持分移轉,01080000
RPRRNLTLJHNFFBH66CB,青芝段,21.73,都市：住,10000,31,持分移轉,01080000
RPTRNLTLJHNFFBH86CB,青芝段,21.73,都市：住,10000,31,持分移轉,01080000
RPURNLTLJHNFFBH96CB,青芝段,21.73,都市：住,10000,31,持分移轉,01080000
RPVRNLTLJHNFFBH07CB,青芝段,21.73,都市：住,10000,31,持分移轉,01080000
RPWRNLTLJHNFFBH17CB,青芝段,21.73,都市：住,10000,31,持分移轉,01080000
RPOSNLTLJHNFFBH09CB,青芝段,21.73,都市：住,10000,31,持分移轉,01080000
RPSSNLTLJHNFFBH86CB,青芝段,21.73,都市：住,10000,31,持分移轉,01080000
RPXRNLTLJHNFFBH27CB,青芝段,21.73,都市：住,10000,31,持分移轉,01080000
RPQSNLTLJHNFFBH66CB,青芝段,21.73,都市：住,10000,31,持分移轉,01080000
RPTSNLTLJHNFFBH96CB,青芝段,30.14,都市：住,10000,43,持分移轉,01080000
RPPSNLTLJHNFFBH56CB,青芝段,21.73,都市：住,10000,31,持分移轉,01080000
RPUSNLTLJHNFFBH07CB,青芝段,30.14,都市：住,10000,43,持分移轉,01080000
RPRSNLTLJHNFFBH76CB,青芝段,21.73,都市：住,10000,31,持分移轉,01080000
RPWSNLTLJHNFFBH27CB,青芝段,30.14,都市：住,10000,43,持分移轉,01080000
RPVSNLTLJHNFFBH17CB,青芝段,30.14,都市：住,10000,43,持分移轉,01080000
RPOTNLTLJHNFFBH56CB,青芝段,29.44,都市：住,10000,42,持分移轉,01080000
RPRTNLTLJHNFFBH86CB,青芝段,29.44,都市：住,10000,42,持分移轉,01080000
RPTTNLTLJHNFFBH07CB,青芝段,30.14,都市：住,10000,43,持分移轉,01080000
RPXSNLTLJHNFFBH37CB,青芝段,30.14,都市：住,10000,43,持分移轉,01080000
RPSTNLTLJHNFFBH96CB,青芝段,30.14,都市：住,10000,43,持分移轉,01080000
RPQTNLTLJHNFFBH76CB,青芝段,21.73,都市：住,10000,31,持分移轉,01080000
RPPTNLTLJHNFFBH66CB,青芝段,30.14,都市：住,10000,43,持分移轉,01080000
RPUTNLTLJHNFFBH17CB,青芝段,30.14,都市：住,10000,43,持分移轉,01080000
RPWTNLTLJHNFFBH37CB,青芝段,30.14,都市：住,10000,43,持分移轉,01080000
RPVTNLTLJHNFFBH27CB,青芝段,30.14,都市：住,10000,43,持分移轉,01080000
RPSUNLTLJHNFFBH07CB,青芝段,21.73,都市：住,10000,31,持分移轉,01080000
RPXTNLTLJHNFFBH47CB,青芝段,30.14,都市：住,10000,43,持分移轉,01080000
RPOUNLTLJHNFFBH66CB,青芝段,30.85,都市：住,10000,44,持分移轉,01080000
RPRUNLTLJHNFFBH96CB,青芝段,21.73,都市：住,10000,31,持分移轉,01080000
RPUUNLTLJHNFFBH27CB,青芝段,21.73,都市：住,10000,31,持分移轉,01080000
RPPUNLTLJHNFFBH76CB,青芝段,30.85,都市：住,10000,44,持分移轉,01080000
RPQUNLTLJHNFFBH86CB,青芝段,30.85,都市：住,10000,44,持分移轉,01080000
RPTUNLTLJHNFFBH17CB,青芝段,21.73,都市：住,10000,31,持分移轉,01080000
RPVUNLTLJHNFFBH37CB,青芝段,30.85,都市：住,10000,44,持分移轉,01080000
RPPVNLTLJHNFFBH86CB,青芝段,30.85,都市：住,10000,44,持分移轉,01080000
RPWUNLTLJHNFFBH47CB,青芝段,30.85,都市：住,10000,44,持分移轉,01080000
RPXUNLTLJHNFFBH57CB,青芝段,30.85,都市：住,10000,44,持分移轉,01080000
RPOVNLTLJHNFFBH76CB,青芝段,30.85,都市：住,10000,44,持分移轉,01080000
RPTVNLTLJHNFFBH27CB,青芝段,21.73,都市：住,10000,31,持分移轉,01080000
RPQVNLTLJHNFFBH96CB,青芝段,30.85,都市：住,10000,44,持分移轉,01080000
RPSVNLTLJHNFFBH17CB,青芝段,21.73,都市：住,10000,31,持分移轉,01080000
RPUVNLTLJHNFFBH37CB,青芝段,21.73,都市：住,10000,31,持分移轉,01080000
RPRVNLTLJHNFFBH07CB,青芝段,21.73,都市：住,10000,31,持分移轉,01080000
RPPWNLTLJHNFFBH96CB,青芝段,21.73,都市：住,10000,31,持分移轉,01080000
RPWVNLTLJHNFFBH57CB,青芝段,21.73,都市：住,10000,31,持分移轉,01080000
RPQWNLTLJHNFFBH07CB,青芝段,21.73,都市：住,10000,31,持分移轉,01080000
RPXVNLTLJHNFFBH67CB,青芝段,21.73,都市：住,10000,31,持分移轉,01080000
RPVVNLTLJHNFFBH47CB,青芝段,21.73,都市：住,10000,31,持分移轉,01080000
RPOWNLTLJHNFFBH86CB,青芝段,21.73,都市：住,10000,31,持分移轉,01080000
RPSWNLTLJHNFFBH27CB,青芝段,21.73,都市：住,10000,31,持分移轉,01080000
RPRWNLTLJHNFFBH17CB,青芝段,33.65,都市：住,10000,48,持分移轉,01080000
RPXWNLTLJHNFFBH77CB,青芝段,21.73,都市：住,10000,31,持分移轉,01080000
RPVWNLTLJHNFFBH57CB,青芝段,22.43,都市：住,10000,32,持分移轉,01080000
RPWWNLTLJHNFFBH67CB,青芝段,22.43,都市：住,10000,32,持分移轉,01080000
RPTWNLTLJHNFFBH37CB,青芝段,21.73,都市：住,10000,31,持分移轉,01080000
RPPNOLTLJHNFFBH78CB,青芝段,26.64,都市：住,10000,38,持分移轉,01080000
RPONOLTLJHNFFBH68CB,青芝段,39.96,都市：住,10000,57,持分移轉,01080000
RPSNOLTLJHNFFBH09CB,青溪段,23.92,都市：住,100000,653,持分移轉,05810000
RPQNOLTLJHNFFBH88CB,青芝段,26.64,都市：住,10000,38,持分移轉,01080000
RPUWNLTLJHNFFBH47CB,青芝段,21.73,都市：住,10000,31,持分移轉,01080000
RPRNOLTLJHNFFBH98CB,青溪段,27.51,都市：住,100000,751,持分移轉,05810000
RPTNOLTLJHNFFBH56CB,青溪段,24.28,都市：住,100000,663,持分移轉,05810000
RPOOOLTLJHNFFBH78CB,青溪段,23.92,都市：住,100000,653,持分移轉,05810000
RPWNOLTLJHNFFBH86CB,青溪段,24.28,都市：住,100000,663,持分移轉,05810000
RPXNOLTLJHNFFBH96CB,青溪段,24.28,都市：住,100000,663,持分移轉,05810000
RPUNOLTLJHNFFBH66CB,青溪段,24.28,都市：住,100000,663,持分移轉,05810000
RPVNOLTLJHNFFBH76CB,青溪段,24.28,都市：住,100000,663,持分移轉,05810000
RPPOOLTLJHNFFBH88CB,青溪段,24.28,都市：住,100000,663,持分移轉,05810000
RPROOLTLJHNFFBH09CB,青溪段,23.92,都市：住,100000,653,持分移轉,05810000
RPTOOLTLJHNFFBH66CB,青溪段,24.28,都市：住,100000,663,持分移轉,05810000
RPSOOLTLJHNFFBH56CB,青溪段,24.28,都市：住,100000,663,持分移轉,05810000
RPQOOLTLJHNFFBH98CB,青溪段,24.28,都市：住,100000,663,持分移轉,05810000
RPWOOLTLJHNFFBH96CB,青溪段,23.92,都市：住,100000,653,持分移轉,05810000
RPXOOLTLJHNFFBH07CB,青溪段,24.28,都市：住,100000,663,持分移轉,05810000
RPUOOLTLJHNFFBH76CB,青溪段,23.92,都市：住,100000,653,持分移轉,05810000
RPVOOLTLJHNFFBH86CB,青溪段,24.28,都市：住,100000,663,持分移轉,05810000
RPOPOLTLJHNFFBH88CB,青溪段,24.28,都市：住,100000,663,持分移轉,05810000
RPQPOLTLJHNFFBH09CB,青溪段,24.28,都市：住,100000,663,持分移轉,05810000
RPPPOLTLJHNFFBH98CB,青溪段,24.28,都市：住,100000,663,持分移轉,05810000
RPRPOLTLJHNFFBH56CB,青溪段,20.91,都市：住,100000,571,持分移轉,05810000
RPUPOLTLJHNFFBH86CB,青溪段,20.91,都市：住,100000,571,持分移轉,05810000
RPVPOLTLJHNFFBH96CB,青溪段,20.91,都市：住,100000,571,持分移轉,05810000
RPTPOLTLJHNFFBH76CB,青溪段,20.91,都市：住,100000,571,持分移轉,05810000
RPSPOLTLJHNFFBH66CB,青溪段,21.65,都市：住,100000,591,持分移轉,05810000
RPOQOLTLJHNFFBH98CB,青溪段,21.28,都市：住,100000,581,持分移轉,05810000
RPWPOLTLJHNFFBH07CB,青溪段,20.91,都市：住,100000,571,持分移轉,05810000
RPXPOLTLJHNFFBH17CB,青溪段,20.91,都市：住,100000,571,持分移轉,05810000
RPTQOLTLJHNFFBH86CB,青溪段,21.28,都市：住,100000,581,持分移轉,05810000
RPQQOLTLJHNFFBH56CB,青溪段,20.91,都市：住,100000,571,持分移轉,05810000
RPPQOLTLJHNFFBH09CB,青溪段,20.91,都市：住,100000,571,持分移轉,05810000
RPUQOLTLJHNFFBH96CB,青溪段,20.91,都市：住,100000,571,持分移轉,05810000
RPRQOLTLJHNFFBH66CB,青溪段,21.28,都市：住,100000,581,持分移轉,05810000
RPVQOLTLJHNFFBH07CB,青溪段,20.91,都市：住,100000,571,持分移轉,05810000
RPWQOLTLJHNFFBH17CB,青溪段,21.28,都市：住,100000,581,持分移轉,05810000
RPSQOLTLJHNFFBH76CB,青溪段,20.91,都市：住,100000,571,持分移轉,05810000
RPQROLTLJHNFFBH66CB,青溪段,20.91,都市：住,100000,571,持分移轉,05810000
RPXQOLTLJHNFFBH27CB,青溪段,20.91,都市：住,100000,571,持分移轉,05810000
RPOROLTLJHNFFBH09CB,青溪段,20.91,都市：住,100000,571,持分移轉,05810000
RPPROLTLJHNFFBH56CB,青溪段,20.91,都市：住,100000,571,持分移轉,05810000
RPRROLTLJHNFFBH76CB,青溪段,15.97,都市：住,100000,436,持分移轉,05810000
RPSROLTLJHNFFBH86CB,青溪段,15.97,都市：住,100000,436,持分移轉,05810000
RPTROLTLJHNFFBH96CB,青溪段,15.97,都市：住,100000,436,持分移轉,05810000
RPUROLTLJHNFFBH07CB,青溪段,15.97,都市：住,100000,436,持分移轉,05810000
RPVROLTLJHNFFBH17CB,青溪段,15.97,都市：住,100000,436,持分移轉,05810000
RPWROLTLJHNFFBH27CB,青溪段,15.97,都市：住,100000,436,持分移轉,05810000
RPXROLTLJHNFFBH37CB,青溪段,15.97,都市：住,100000,436,持分移轉,05810000
RPOSOLTLJHNFFBH56CB,青溪段,15.97,都市：住,100000,436,持分移轉,05810000
RPPSOLTLJHNFFBH66CB,青溪段,15.97,都市：住,100000,436,持分移轉,05810000
RPSSOLTLJHNFFBH96CB,青溪段,15.97,都市：住,100000,436,持分移轉,05810000
RPRSOLTLJHNFFBH86CB,青溪段,15.97,都市：住,100000,436,持分移轉,05810000
RPUSOLTLJHNFFBH17CB,青溪段,15.97,都市：住,100000,436,持分移轉,05810000
RPQSOLTLJHNFFBH76CB,青溪段,16.34,都市：住,100000,446,持分移轉,05810000
RPTSOLTLJHNFFBH07CB,青溪段,15.97,都市：住,100000,436,持分移轉,05810000
RPOTOLTLJHNFFBH66CB,青溪段,20.77,都市：住,100000,567,持分移轉,05810000
RPPTOLTLJHNFFBH76CB,青溪段,21.13,都市：住,100000,577,持分移轉,05810000
RPVSOLTLJHNFFBH27CB,青溪段,15.97,都市：住,100000,436,持分移轉,05810000
RPWSOLTLJHNFFBH37CB,青溪段,15.97,都市：住,100000,436,持分移轉,05810000
RPSTOLTLJHNFFBH07CB,青溪段,20.77,都市：住,100000,567,持分移轉,05810000
RPXSOLTLJHNFFBH47CB,青溪段,15.97,都市：住,100000,436,持分移轉,05810000
RPVTOLTLJHNFFBH37CB,青溪段,20.77,都市：住,100000,567,持分移轉,05810000
RPTTOLTLJHNFFBH17CB,青溪段,20.77,都市：住,100000,567,持分移轉,05810000
RPUTOLTLJHNFFBH27CB,青溪段,20.77,都市：住,100000,567,持分移轉,05810000
RPWTOLTLJHNFFBH47CB,青溪段,21.13,都市：住,100000,577,持分移轉,05810000
RPXTOLTLJHNFFBH57CB,青溪段,20.77,都市：住,100000,567,持分移轉,05810000
RPRUOLTLJHNFFBH07CB,青溪段,20.77,都市：住,100000,567,持分移轉,05810000
RPPUOLTLJHNFFBH86CB,青溪段,21.13,都市：住,100000,577,持分移轉,05810000
RPTUOLTLJHNFFBH27CB,青溪段,21.13,都市：住,100000,577,持分移轉,05810000
RPOUOLTLJHNFFBH76CB,青溪段,20.77,都市：住,100000,567,持分移轉,05810000
RPUUOLTLJHNFFBH37CB,青溪段,21.13,都市：住,100000,577,持分移轉,05810000
RPQUOLTLJHNFFBH96CB,青溪段,20.77,都市：住,100000,567,持分移轉,05810000
RPVUOLTLJHNFFBH47CB,青溪段,20.77,都市：住,100000,567,持分移轉,05810000
RPSUOLTLJHNFFBH17CB,青溪段,21.13,都市：住,100000,577,持分移轉,05810000
RPWUOLTLJHNFFBH57CB,青溪段,20.77,都市：住,100000,567,持分移轉,05810000
RPOVOLTLJHNFFBH86CB,青溪段,24.32,都市：住,100000,664,持分移轉,05810000
RPXUOLTLJHNFFBH67CB,青溪段,21.13,都市：住,100000,577,持分移轉,05810000
RPRVOLTLJHNFFBH17CB,青溪段,24.32,都市：住,100000,664,持分移轉,05810000
RPVVOLTLJHNFFBH57CB,青溪段,24.32,都市：住,100000,664,持分移轉,05810000
RPUVOLTLJHNFFBH47CB,青溪段,24.32,都市：住,100000,664,持分移轉,05810000
RPPVOLTLJHNFFBH96CB,青溪段,24.32,都市：住,100000,664,持分移轉,05810000
RPXVOLTLJHNFFBH77CB,青溪段,24.32,都市：住,100000,664,持分移轉,05810000
RPQVOLTLJHNFFBH07CB,青溪段,24.32,都市：住,100000,664,持分移轉,05810000
RPTVOLTLJHNFFBH37CB,青溪段,24.32,都市：住,100000,664,持分移轉,05810000
RPSVOLTLJHNFFBH27CB,青溪段,24.32,都市：住,100000,664,持分移轉,05810000
RPPWOLTLJHNFFBH07CB,青溪段,24.32,都市：住,100000,664,持分移轉,05810000
RPWVOLTLJHNFFBH67CB,青溪段,24.32,都市：住,100000,664,持分移轉,05810000
RPOWOLTLJHNFFBH96CB,青溪段,24.32,都市：住,100000,664,持分移轉,05810000
RPSWOLTLJHNFFBH37CB,青溪段,23.96,都市：住,100000,654,持分移轉,05810000
RPQWOLTLJHNFFBH17CB,青溪段,24.32,都市：住,100000,664,持分移轉,05810000
RPRWOLTLJHNFFBH27CB,青溪段,24.32,都市：住,100000,664,持分移轉,05810000
RPTWOLTLJHNFFBH47CB,青溪段,24.32,都市：住,100000,664,持分移轉,05810000
RPXWOLTLJHNFFBH87CB,青溪段,20.91,都市：住,100000,571,持分移轉,05810000
RPWWOLTLJHNFFBH77CB,青溪段,23.96,都市：住,100000,654,持分移轉,05810000
RPONPLTLJHNFFBH78CB,青溪段,20.91,都市：住,100000,571,持分移轉,05810000
RPQNPLTLJHNFFBH98CB,青溪段,21.28,都市：住,100000,581,持分移轉,05810000
RPUWOLTLJHNFFBH57CB,青溪段,23.96,都市：住,100000,654,持分移轉,05810000
RPVWOLTLJHNFFBH67CB,青溪段,23.96,都市：住,100000,654,持分移轉,05810000
RPSNPLTLJHNFFBH56CB,青溪段,20.91,都市：住,100000,571,持分移轉,05810000
RPPNPLTLJHNFFBH88CB,青溪段,21.28,都市：住,100000,581,持分移轉,05810000
RPRNPLTLJHNFFBH09CB,青溪段,20.91,都市：住,100000,571,持分移轉,05810000
RPTNPLTLJHNFFBH66CB,青溪段,20.91,都市：住,100000,571,持分移轉,05810000
RPVNPLTLJHNFFBH86CB,青溪段,20.91,都市：住,100000,571,持分移轉,05810000
RPUNPLTLJHNFFBH76CB,青溪段,21.28,都市：住,100000,581,持分移轉,05810000
RPWNPLTLJHNFFBH96CB,青溪段,20.91,都市：住,100000,571,持分移轉,05810000
RPOOPLTLJHNFFBH88CB,青溪段,20.91,都市：住,100000,571,持分移轉,05810000
RPXNPLTLJHNFFBH07CB,青溪段,20.91,都市：住,100000,571,持分移轉,05810000
RPPOPLTLJHNFFBH98CB,青溪段,21.28,都市：住,100000,581,持分移轉,05810000
RPSOPLTLJHNFFBH66CB,青溪段,20.91,都市：住,100000,571,持分移轉,05810000
RPTOPLTLJHNFFBH76CB,青溪段,20.91,都市：住,100000,571,持分移轉,05810000
RPWOPLTLJHNFFBH07CB,青溪段,20.91,都市：住,100000,571,持分移轉,05810000
RPVOPLTLJHNFFBH96CB,青溪段,20.91,都市：住,100000,571,持分移轉,05810000
RPQOPLTLJHNFFBH09CB,青溪段,20.91,都市：住,100000,571,持分移轉,05810000
RPOPPLTLJHNFFBH98CB,青溪段,15.97,都市：住,100000,436,持分移轉,05810000
RPROPLTLJHNFFBH56CB,青溪段,20.91,都市：住,100000,571,持分移轉,05810000
RPUOPLTLJHNFFBH86CB,青溪段,21.28,都市：住,100000,581,持分移轉,05810000
RPXOPLTLJHNFFBH17CB,青溪段,15.97,都市：住,100000,436,持分移轉,05810000
RPSPPLTLJHNFFBH76CB,青溪段,15.97,都市：住,100000,436,持分移轉,05810000
RPQPPLTLJHNFFBH56CB,青溪段,15.97,都市：住,100000,436,持分移轉,05810000
RPPPPLTLJHNFFBH09CB,青溪段,15.97,都市：住,100000,436,持分移轉,05810000
RPTPPLTLJHNFFBH86CB,青溪段,15.97,都市：住,100000,436,持分移轉,05810000
RPRPPLTLJHNFFBH66CB,青溪段,15.97,都市：住,100000,436,持分移轉,05810000
RPVPPLTLJHNFFBH07CB,青溪段,15.97,都市：住,100000,436,持分移轉,05810000
RPWPPLTLJHNFFBH17CB,青溪段,15.97,都市：住,100000,436,持分移轉,05810000
RPUPPLTLJHNFFBH96CB,青溪段,15.97,都市：住,100000,436,持分移轉,05810000
RPXPPLTLJHNFFBH27CB,青溪段,15.97,都市：住,100000,436,持分移轉,05810000
RPOQPLTLJHNFFBH09CB,青溪段,15.97,都市：住,100000,436,持分移轉,05810000
RPPQPLTLJHNFFBH56CB,青溪段,15.97,都市：住,100000,436,持分移轉,05810000
RPSQPLTLJHNFFBH86CB,青溪段,15.97,都市：住,100000,436,持分移轉,05810000
RPQQPLTLJHNFFBH66CB,青溪段,15.97,都市：住,100000,436,持分移轉,05810000
RPTQPLTLJHNFFBH96CB,青溪段,20.80,都市：住,100000,568,持分移轉,05810000
RPXQPLTLJHNFFBH37CB,青溪段,20.80,都市：住,100000,568,持分移轉,05810000
RPUQPLTLJHNFFBH07CB,青溪段,20.80,都市：住,100000,568,持分移轉,05810000
RPQRPLTLJHNFFBH76CB,青溪段,20.80,都市：住,100000,568,持分移轉,05810000
RPVQPLTLJHNFFBH17CB,青溪段,20.80,都市：住,100000,568,持分移轉,05810000
RPORPLTLJHNFFBH56CB,青溪段,20.80,都市：住,100000,568,持分移轉,05810000
RPWQPLTLJHNFFBH27CB,青溪段,20.80,都市：住,100000,568,持分移轉,05810000
RPPRPLTLJHNFFBH66CB,青溪段,20.80,都市：住,100000,568,持分移轉,05810000
RPRRPLTLJHNFFBH86CB,青溪段,21.17,都市：住,100000,578,持分移轉,05810000
RPSRPLTLJHNFFBH96CB,青溪段,20.80,都市：住,100000,568,持分移轉,05810000
RPTRPLTLJHNFFBH07CB,青溪段,20.80,都市：住,100000,568,持分移轉,05810000
RPXRPLTLJHNFFBH47CB,青溪段,20.80,都市：住,100000,568,持分移轉,05810000
RPURPLTLJHNFFBH17CB,青溪段,20.80,都市：住,100000,568,持分移轉,05810000
RPWRPLTLJHNFFBH37CB,青溪段,20.80,都市：住,100000,568,持分移轉,05810000
RPQSPLTLJHNFFBH86CB,青溪段,24.28,都市：住,100000,663,持分移轉,05810000
RPSSPLTLJHNFFBH07CB,青溪段,20.77,都市：住,100000,567,持分移轉,05810000
RPTSPLTLJHNFFBH17CB,青溪段,15.97,都市：住,100000,436,持分移轉,05810000
RPVRPLTLJHNFFBH27CB,青溪段,20.80,都市：住,100000,568,持分移轉,05810000
RPUSPLTLJHNFFBH27CB,青溪段,20.80,都市：住,100000,568,持分移轉,05810000
RPVSPLTLJHNFFBH37CB,青溪段,24.32,都市：住,100000,664,持分移轉,05810000
RPOSPLTLJHNFFBH66CB,青溪段,15.97,都市：住,100000,436,持分移轉,05810000
RPWSPLTLJHNFFBH47CB,青溪段,15.97,都市：住,100000,436,持分移轉,05810000
RPRSPLTLJHNFFBH96CB,青溪段,27.25,都市：住,100000,744,持分移轉,05810000
RPOTPLTLJHNFFBH76CB,青溪段,20.80,都市：住,100000,568,持分移轉,05810000
RPPTPLTLJHNFFBH86CB,青溪段,20.80,都市：住,100000,568,持分移轉,05810000
RPSTPLTLJHNFFBH17CB,青溪段,40.07,都市：住,10000,120,持分移轉,03280000
RPTTPLTLJHNFFBH27CB,青溪段,40.07,都市：住,10000,120,持分移轉,03280000
RPXSPLTLJHNFFBH57CB,青溪段,15.97,都市：住,100000,436,持分移轉,05810000
RPXTPLTLJHNFFBH67CB,青溪段,40.07,都市：住,10000,120,持分移轉,03280000
RPUTPLTLJHNFFBH37CB,青溪段,40.07,都市：住,10000,120,持分移轉,03280000
RPPUPLTLJHNFFBH96CB,青溪段,40.07,都市：住,10000,120,持分移轉,03280000
RPRUPLTLJHNFFBH17CB,青溪段,40.07,都市：住,10000,120,持分移轉,03280000
RPQUPLTLJHNFFBH07CB,青溪段,40.07,都市：住,10000,120,持分移轉,03280000
RPSUPLTLJHNFFBH27CB,青溪段,40.07,都市：住,10000,120,持分移轉,03280000
RPOUPLTLJHNFFBH86CB,青溪段,40.07,都市：住,10000,120,持分移轉,03280000
RPTUPLTLJHNFFBH37CB,青溪段,40.07,都市：住,10000,120,持分移轉,03280000
RPWUPLTLJHNFFBH67CB,青溪段,40.07,都市：住,10000,120,持分移轉,03280000
RPXUPLTLJHNFFBH77CB,青溪段,40.07,都市：住,10000,120,持分移轉,03280000
RPQVPLTLJHNFFBH17CB,青溪段,40.07,都市：住,10000,120,持分移轉,03280000
RPPVPLTLJHNFFBH07CB,青溪段,40.07,都市：住,10000,120,持分移轉,03280000
RPOVPLTLJHNFFBH96CB,青溪段,40.07,都市：住,10000,120,持分移轉,03280000
RPVUPLTLJHNFFBH57CB,青溪段,40.07,都市：住,10000,120,持分移轉,03280000
RPSVPLTLJHNFFBH37CB,青溪段,40.07,都市：住,10000,120,持分移轉,03280000
RPWVPLTLJHNFFBH77CB,青溪段,40.07,都市：住,10000,120,持分移轉,03280000
RPVVPLTLJHNFFBH67CB,青溪段,40.07,都市：住,10000,120,持分移轉,03280000
RPOWPLTLJHNFFBH07CB,青溪段,40.07,都市：住,10000,120,持分移轉,03280000
RPUVPLTLJHNFFBH57CB,青溪段,40.07,都市：住,10000,120,持分移轉,03280000
RPQWPLTLJHNFFBH27CB,青溪段,36.06,都市：住,10000,108,持分移轉,03280000
RPXVPLTLJHNFFBH87CB,青溪段,40.07,都市：住,10000,120,持分移轉,03280000
RPRWPLTLJHNFFBH37CB,青溪段,36.06,都市：住,10000,108,持分移轉,03280000
RPPWPLTLJHNFFBH17CB,青溪段,40.07,都市：住,10000,120,持分移轉,03280000
RPXWPLTLJHNFFBH97CB,青溪段,36.06,都市：住,10000,108,持分移轉,03280000
RPSWPLTLJHNFFBH47CB,青溪段,36.06,都市：住,10000,108,持分移轉,03280000
RPWWPLTLJHNFFBH87CB,青溪段,36.06,都市：住,10000,108,持分移轉,03280000
RPTWPLTLJHNFFBH57CB,青溪段,36.06,都市：住,10000,108,持分移轉,03280000
RPONQLTLJHNFFBH88CB,青溪段,36.06,都市：住,10000,108,持分移轉,03280000
RPQNQLTLJHNFFBH09CB,青溪段,36.06,都市：住,10000,108,持分移轉,03280000
RPRNQLTLJHNFFBH56CB,青溪段,36.06,都市：住,10000,108,持分移轉,03280000
RPOOQLTLJHNFFBH98CB,青溪段,36.06,都市：住,10000,108,持分移轉,03280000
RPTNQLTLJHNFFBH76CB,青溪段,36.06,都市：住,10000,108,持分移轉,03280000
RPVNQLTLJHNFFBH96CB,青溪段,36.06,都市：住,10000,108,持分移轉,03280000
RPUNQLTLJHNFFBH86CB,青溪段,36.06,都市：住,10000,108,持分移轉,03280000
RPQOQLTLJHNFFBH56CB,青溪段,40.07,都市：住,10000,120,持分移轉,03280000
RPPOQLTLJHNFFBH09CB,青溪段,26.04,都市：住,10000,78,持分移轉,03280000
RPSOQLTLJHNFFBH76CB,青溪段,40.40,都市：住,10000,121,持分移轉,03280000
RPUPQLTLJHNFFBH07CB,青溪段,40.07,都市：住,10000,120,持分移轉,03280000
RPROQLTLJHNFFBH66CB,青溪段,36.06,都市：住,10000,108,持分移轉,03280000
RPWNQLTLJHNFFBH07CB,青溪段,36.06,都市：住,10000,108,持分移轉,03280000
RPPQQLTLJHNFFBH66CB,青溪段,36.06,都市：住,10000,108,持分移轉,03280000
RPWPQLTLJHNFFBH27CB,青溪段,40.07,都市：住,10000,120,持分移轉,03280000
RPVQMLKMJHNFFBH68CB,青溪段,31.74,都市：住,10000,73,持分移轉,04690000
RPTQMLKMJHNFFBH48CB,青溪段,31.74,都市：住,10000,73,持分移轉,04690000
RPSQMLKMJHNFFBH38CB,青溪段,31.74,都市：住,10000,73,持分移轉,04690000
RPRQQLTLJHNFFBH86CB,青溪段,20.77,都市：住,100000,567,持分移轉,05810000
RPXQMLKMJHNFFBH88CB,青溪段,31.74,都市：住,10000,73,持分移轉,04690000
RPUQMLKMJHNFFBH58CB,青溪段,31.74,都市：住,10000,73,持分移轉,04690000
RPQRMLKMJHNFFBH28CB,青溪段,21.74,都市：住,10000,50,持分移轉,04690000
RPWQMLKMJHNFFBH78CB,青溪段,31.74,都市：住,10000,73,持分移轉,04690000
RPPRMLKMJHNFFBH18CB,青溪段,21.74,都市：住,10000,50,持分移轉,04690000
RPRRMLKMJHNFFBH38CB,青溪段,21.74,都市：住,10000,50,持分移轉,04690000
RPSRMLKMJHNFFBH48CB,青溪段,21.74,都市：住,10000,50,持分移轉,04690000
RPORMLKMJHNFFBH08CB,青溪段,31.74,都市：住,10000,73,持分移轉,04690000
RPTRMLKMJHNFFBH58CB,青溪段,21.74,都市：住,10000,50,持分移轉,04690000
RPVRMLKMJHNFFBH78CB,青溪段,21.74,都市：住,10000,50,持分移轉,04690000
RPWRMLKMJHNFFBH88CB,青溪段,21.74,都市：住,10000,50,持分移轉,04690000
RPXRMLKMJHNFFBH98CB,青溪段,21.74,都市：住,10000,50,持分移轉,04690000
RPOSMLKMJHNFFBH18CB,青溪段,21.74,都市：住,10000,50,持分移轉,04690000
RPURMLKMJHNFFBH68CB,青溪段,21.74,都市：住,10000,50,持分移轉,04690000
RPRSMLKMJHNFFBH48CB,青溪段,28.27,都市：住,10000,65,持分移轉,04690000
RPPSMLKMJHNFFBH28CB,青溪段,27.83,都市：住,10000,64,持分移轉,04690000
RPTSMLKMJHNFFBH68CB,青溪段,27.83,都市：住,10000,64,持分移轉,04690000
RPVSMLKMJHNFFBH88CB,青溪段,28.27,都市：住,10000,65,持分移轉,04690000
RPUSMLKMJHNFFBH78CB,青溪段,29.14,都市：住,10000,67,持分移轉,04690000
RPSSMLKMJHNFFBH58CB,青溪段,28.27,都市：住,10000,65,持分移轉,04690000
RPXSMLKMJHNFFBH09CB,青溪段,28.27,都市：住,10000,65,持分移轉,04690000
RPWSMLKMJHNFFBH98CB,青溪段,27.83,都市：住,10000,64,持分移轉,04690000
RPPTMLKMJHNFFBH38CB,青溪段,27.83,都市：住,10000,64,持分移轉,04690000
RPQTMLKMJHNFFBH48CB,青溪段,28.27,都市：住,10000,65,持分移轉,04690000
RPUTMLKMJHNFFBH88CB,青溪段,22.18,都市：住,10000,51,持分移轉,04690000
RPSTMLKMJHNFFBH68CB,青溪段,21.74,都市：住,10000,50,持分移轉,04690000
RPRTMLKMJHNFFBH58CB,青溪段,21.74,都市：住,10000,50,持分移轉,04690000
RPXTMLKMJHNFFBH56CB,青溪段,21.74,都市：住,10000,50,持分移轉,04690000
RPVTMLKMJHNFFBH98CB,青溪段,21.74,都市：住,10000,50,持分移轉,04690000
RPTTMLKMJHNFFBH78CB,青溪段,21.74,都市：住,10000,50,持分移轉,04690000
RPWTMLKMJHNFFBH09CB,青溪段,21.74,都市：住,10000,50,持分移轉,04690000
RPSUMLKMJHNFFBH78CB,青溪段,22.18,都市：住,10000,51,持分移轉,04690000
RPOUMLKMJHNFFBH38CB,青溪段,21.74,都市：住,10000,50,持分移轉,04690000
RPPUMLKMJHNFFBH48CB,青溪段,21.74,都市：住,10000,50,持分移轉,04690000
RPUUMLKMJHNFFBH98CB,青溪段,21.74,都市：住,10000,50,持分移轉,04690000
RPQUMLKMJHNFFBH58CB,青溪段,21.74,都市：住,10000,50,持分移轉,04690000
RPVUMLKMJHNFFBH09CB,青溪段,21.74,都市：住,10000,50,持分移轉,04690000
RPWUMLKMJHNFFBH56CB,青溪段,22.18,都市：住,10000,51,持分移轉,04690000
RPXUMLKMJHNFFBH66CB,青溪段,31.74,都市：住,10000,73,持分移轉,04690000
RPRUMLKMJHNFFBH68CB,青溪段,21.74,都市：住,10000,50,持分移轉,04690000
RPQVMLKMJHNFFBH68CB,青溪段,31.74,都市：住,10000,73,持分移轉,04690000
RPRVMLKMJHNFFBH78CB,青溪段,31.74,都市：住,10000,73,持分移轉,04690000
RPPVMLKMJHNFFBH58CB,青溪段,31.74,都市：住,10000,73,持分移轉,04690000
RPUVMLKMJHNFFBH09CB,青溪段,31.31,都市：住,10000,72,持分移轉,04690000
RPSVMLKMJHNFFBH88CB,青溪段,31.74,都市：住,10000,73,持分移轉,04690000
RPTVMLKMJHNFFBH98CB,青溪段,31.74,都市：住,10000,73,持分移轉,04690000
RPVVMLKMJHNFFBH56CB,青溪段,31.74,都市：住,10000,73,持分移轉,04690000
RPWVMLKMJHNFFBH66CB,青溪段,21.74,都市：住,10000,50,持分移轉,04690000
RPXVMLKMJHNFFBH76CB,青溪段,21.74,都市：住,10000,50,持分移轉,04690000
RPOWMLKMJHNFFBH58CB,青溪段,22.18,都市：住,10000,51,持分移轉,04690000
RPPWMLKMJHNFFBH68CB,青溪段,21.74,都市：住,10000,50,持分移轉,04690000
RPTWMLKMJHNFFBH09CB,青溪段,21.74,都市：住,10000,50,持分移轉,04690000
RPRWMLKMJHNFFBH88CB,青溪段,21.74,都市：住,10000,50,持分移轉,04690000
RPQWMLKMJHNFFBH78CB,青溪段,21.74,都市：住,10000,50,持分移轉,04690000
RPSWMLKMJHNFFBH98CB,青溪段,21.74,都市：住,10000,50,持分移轉,04690000
RPUWMLKMJHNFFBH56CB,青溪段,21.74,都市：住,10000,50,持分移轉,04690000
RPXWMLKMJHNFFBH86CB,青溪段,21.74,都市：住,10000,50,持分移轉,04690000
RPONNLKMJHNFFBH77CB,青溪段,21.74,都市：住,10000,50,持分移轉,04690000
RPVWMLKMJHNFFBH66CB,青溪段,21.74,都市：住,10000,50,持分移轉,04690000
RPRNNLKMJHNFFBH08CB,青溪段,28.70,都市：住,10000,66,持分移轉,04690000
RPPNNLKMJHNFFBH87CB,青溪段,21.74,都市：住,10000,50,持分移轉,04690000
RPSNNLKMJHNFFBH18CB,青溪段,28.27,都市：住,10000,65,持分移轉,04690000
RPWNNLKMJHNFFBH58CB,青溪段,28.27,都市：住,10000,65,持分移轉,04690000
RPQNNLKMJHNFFBH97CB,青溪段,28.27,都市：住,10000,65,持分移轉,04690000
RPTNNLKMJHNFFBH28CB,青溪段,27.83,都市：住,10000,64,持分移轉,04690000
RPUNNLKMJHNFFBH38CB,青溪段,28.27,都市：住,10000,65,持分移轉,04690000
RPOONLKMJHNFFBH87CB,青溪段,28.27,都市：住,10000,65,持分移轉,04690000
RPXNNLKMJHNFFBH68CB,青溪段,28.27,都市：住,10000,65,持分移轉,04690000
RPVNNLKMJHNFFBH48CB,青溪段,27.83,都市：住,10000,64,持分移轉,04690000
RPQONLKMJHNFFBH08CB,青溪段,28.27,都市：住,10000,65,持分移轉,04690000
RPPONLKMJHNFFBH97CB,青溪段,27.83,都市：住,10000,64,持分移轉,04690000
RPUONLKMJHNFFBH48CB,青溪段,21.74,都市：住,10000,50,持分移轉,04690000
RPSONLKMJHNFFBH28CB,青溪段,21.74,都市：住,10000,50,持分移轉,04690000
RPVONLKMJHNFFBH58CB,青溪段,21.74,都市：住,10000,50,持分移轉,04690000
RPTONLKMJHNFFBH38CB,青溪段,21.74,都市：住,10000,50,持分移轉,04690000
RPRONLKMJHNFFBH18CB,青溪段,28.27,都市：住,10000,65,持分移轉,04690000
RPXONLKMJHNFFBH78CB,青溪段,21.74,都市：住,10000,50,持分移轉,04690000
RPWONLKMJHNFFBH68CB,青溪段,21.74,都市：住,10000,50,持分移轉,04690000
RPOPNLKMJHNFFBH97CB,青溪段,21.74,都市：住,10000,50,持分移轉,04690000
RPQPNLKMJHNFFBH18CB,青溪段,22.18,都市：住,10000,51,持分移轉,04690000
RPSPNLKMJHNFFBH38CB,青溪段,21.74,都市：住,10000,50,持分移轉,04690000
RPTPNLKMJHNFFBH48CB,青溪段,21.74,都市：住,10000,50,持分移轉,04690000
RPWPNLKMJHNFFBH78CB,青溪段,21.74,都市：住,10000,50,持分移轉,04690000
RPXPNLKMJHNFFBH88CB,青溪段,21.74,都市：住,10000,50,持分移轉,04690000
RPVPNLKMJHNFFBH68CB,青溪段,21.74,都市：住,10000,50,持分移轉,04690000
RPPQNLKMJHNFFBH18CB,青溪段,21.74,都市：住,10000,50,持分移轉,04690000
RPUPNLKMJHNFFBH58CB,青溪段,21.74,都市：住,10000,50,持分移轉,04690000
RPOQNLKMJHNFFBH08CB,青溪段,31.74,都市：住,10000,73,持分移轉,04690000
RPRQNLKMJHNFFBH38CB,青溪段,27.83,都市：住,10000,64,持分移轉,04690000
RPUQNLKMJHNFFBH68CB,青溪段,31.31,都市：住,10000,72,持分移轉,04690000
RPQQNLKMJHNFFBH28CB,青溪段,21.74,都市：住,10000,50,持分移轉,04690000
RPWQNLKMJHNFFBH88CB,青溪段,31.74,都市：住,10000,73,持分移轉,04690000
RPTQNLKMJHNFFBH58CB,青溪段,21.74,都市：住,10000,50,持分移轉,04690000
RPPRNLKMJHNFFBH28CB,青溪段,28.27,都市：住,10000,65,持分移轉,04690000
RPSQNLKMJHNFFBH48CB,青溪段,21.74,都市：住,10000,50,持分移轉,04690000
RPORNLKMJHNFFBH18CB,青溪段,28.27,都市：住,10000,65,持分移轉,04690000
RPVQNLKMJHNFFBH78CB,青溪段,31.74,都市：住,10000,73,持分移轉,04690000
RPXQNLKMJHNFFBH98CB,青溪段,21.74,都市：住,10000,50,持分移轉,04690000
RPRRNLKMJHNFFBH48CB,青溪段,31.74,都市：住,10000,73,持分移轉,04690000
RPQRNLKMJHNFFBH38CB,青溪段,31.74,都市：住,10000,73,持分移轉,04690000
RPSRNLKMJHNFFBH58CB,青溪段,28.27,都市：住,10000,65,持分移轉,04690000
RPRSNLKMJHNFFBH58CB,青平段,21.20,都市：商,10000,106,持分移轉,03580000
RPSSNLKMJHNFFBH68CB,青平段,21.20,都市：商,10000,106,持分移轉,03580000
RPQSNLKMJHNFFBH48CB,青平段,21.20,都市：商,10000,106,持分移轉,03580000
RPVSNLKMJHNFFBH98CB,青平段,21.40,都市：商,10000,107,持分移轉,03580000
RPTSNLKMJHNFFBH78CB,青平段,21.20,都市：商,10000,106,持分移轉,03580000
RPUSNLKMJHNFFBH88CB,青平段,21.20,都市：商,10000,106,持分移轉,03580000
RPWSNLKMJHNFFBH09CB,青平段,26.40,都市：商,10000,132,持分移轉,03580000
RPOTNLKMJHNFFBH38CB,青平段,15.00,都市：商,10000,75,持分移轉,03580000
RPPTNLKMJHNFFBH48CB,青平段,15.20,都市：商,10000,76,持分移轉,03580000
RPQTNLKMJHNFFBH58CB,青平段,15.20,都市：商,10000,76,持分移轉,03580000
RPUTNLKMJHNFFBH98CB,青平段,15.20,都市：商,10000,76,持分移轉,03580000
RPRTNLKMJHNFFBH68CB,青平段,15.20,都市：商,10000,76,持分移轉,03580000
RPSTNLKMJHNFFBH78CB,青平段,15.20,都市：商,10000,76,持分移轉,03580000
RPTTNLKMJHNFFBH88CB,青平段,15.20,都市：商,10000,76,持分移轉,03580000
RPWTNLKMJHNFFBH56CB,青平段,15.20,都市：商,10000,76,持分移轉,03580000
RPVTNLKMJHNFFBH09CB,青平段,15.20,都市：商,10000,76,持分移轉,03580000
RPXTNLKMJHNFFBH66CB,青平段,15.20,都市：商,10000,76,持分移轉,03580000
RPOUNLKMJHNFFBH48CB,青平段,17.20,都市：商,10000,86,持分移轉,03580000
RPSUNLKMJHNFFBH88CB,青平段,22.80,都市：商,10000,114,持分移轉,03580000
RPTUNLKMJHNFFBH98CB,青平段,23.00,都市：商,10000,115,持分移轉,03580000
RPQUNLKMJHNFFBH68CB,青平段,22.80,都市：商,10000,114,持分移轉,03580000
RPRUNLKMJHNFFBH78CB,青平段,22.80,都市：商,10000,114,持分移轉,03580000
RPVUNLKMJHNFFBH56CB,青平段,15.20,都市：商,10000,76,持分移轉,03580000
RPUUNLKMJHNFFBH09CB,青平段,15.00,都市：商,10000,75,持分移轉,03580000
RPXUNLKMJHNFFBH76CB,青平段,15.20,都市：商,10000,76,持分移轉,03580000
RPPVNLKMJHNFFBH68CB,青平段,15.20,都市：商,10000,76,持分移轉,03580000
RPWUNLKMJHNFFBH66CB,青平段,15.20,都市：商,10000,76,持分移轉,03580000
RPOVNLKMJHNFFBH58CB,青平段,15.20,都市：商,10000,76,持分移轉,03580000
RPRVNLKMJHNFFBH88CB,青平段,15.20,都市：商,10000,76,持分移轉,03580000
RPTVNLKMJHNFFBH09CB,青平段,21.20,都市：商,10000,106,持分移轉,03580000
RPSVNLKMJHNFFBH98CB,青平段,15.20,都市：商,10000,76,持分移轉,03580000
RPQVNLKMJHNFFBH78CB,青平段,15.20,都市：商,10000,76,持分移轉,03580000
RPVVNLKMJHNFFBH66CB,青平段,21.20,都市：商,10000,106,持分移轉,03580000
RPWVNLKMJHNFFBH76CB,青平段,21.20,都市：商,10000,106,持分移轉,03580000
RPUVNLKMJHNFFBH56CB,青平段,21.20,都市：商,10000,106,持分移轉,03580000
RPQWNLKMJHNFFBH88CB,青平段,15.20,都市：商,10000,76,持分移轉,03580000
RPOWNLKMJHNFFBH68CB,青平段,21.20,都市：商,10000,106,持分移轉,03580000
RPXVNLKMJHNFFBH86CB,青平段,21.20,都市：商,10000,106,持分移轉,03580000
RPSWNLKMJHNFFBH09CB,青平段,15.20,都市：商,10000,76,持分移轉,03580000
RPRWNLKMJHNFFBH98CB,青平段,15.20,都市：商,10000,76,持分移轉,03580000
RPUWNLKMJHNFFBH66CB,青平段,15.20,都市：商,10000,76,持分移轉,03580000
RPTWNLKMJHNFFBH56CB,青平段,15.20,都市：商,10000,76,持分移轉,03580000
RPXWNLKMJHNFFBH96CB,青平段,22.80,都市：商,10000,114,持分移轉,03580000
RPWWNLKMJHNFFBH86CB,青平段,15.20,都市：商,10000,76,持分移轉,03580000
RPONOLKMJHNFFBH87CB,青平段,23.00,都市：商,10000,115,持分移轉,03580000
RPPNOLKMJHNFFBH97CB,青平段,23.00,都市：商,10000,115,持分移轉,03580000
RPVWNLKMJHNFFBH76CB,青平段,15.20,都市：商,10000,76,持分移轉,03580000
RPQNOLKMJHNFFBH08CB,青平段,22.80,都市：商,10000,114,持分移轉,03580000
RPRNOLKMJHNFFBH18CB,青平段,23.00,都市：商,10000,115,持分移轉,03580000
RPSNOLKMJHNFFBH28CB,青平段,23.00,都市：商,10000,115,持分移轉,03580000
RPWNOLKMJHNFFBH68CB,青平段,21.20,都市：商,10000,106,持分移轉,03580000
RPVNOLKMJHNFFBH58CB,青平段,20.00,都市：商,10000,100,持分移轉,03580000
RPUNOLKMJHNFFBH48CB,青平段,23.00,都市：商,10000,115,持分移轉,03580000
RPTNOLKMJHNFFBH38CB,青平段,22.80,都市：商,10000,114,持分移轉,03580000
RPXNOLKMJHNFFBH78CB,青平段,21.40,都市：商,10000,107,持分移轉,03580000
RPPOOLKMJHNFFBH08CB,青平段,21.20,都市：商,10000,106,持分移轉,03580000
RPQOOLKMJHNFFBH18CB,青平段,15.20,都市：商,10000,76,持分移轉,03580000
RPOOOLKMJHNFFBH97CB,青平段,21.20,都市：商,10000,106,持分移轉,03580000
RPROOLKMJHNFFBH28CB,青平段,15.20,都市：商,10000,76,持分移轉,03580000
RPWOOLKMJHNFFBH78CB,青平段,15.20,都市：商,10000,76,持分移轉,03580000
RPTOOLKMJHNFFBH48CB,青平段,23.00,都市：商,10000,115,持分移轉,03580000
RPVOOLKMJHNFFBH68CB,青平段,15.20,都市：商,10000,76,持分移轉,03580000
RPPPOLKMJHNFFBH18CB,青平段,15.20,都市：商,10000,76,持分移轉,03580000
RPXOOLKMJHNFFBH88CB,青平段,15.20,都市：商,10000,76,持分移轉,03580000
RPOPOLKMJHNFFBH08CB,青平段,15.20,都市：商,10000,76,持分移轉,03580000
RPSOOLKMJHNFFBH38CB,青平段,23.00,都市：商,10000,115,持分移轉,03580000
RPRPOLKMJHNFFBH38CB,青平段,15.20,都市：商,10000,76,持分移轉,03580000
RPUOOLKMJHNFFBH58CB,青平段,23.00,都市：商,10000,115,持分移轉,03580000
RPSPOLKMJHNFFBH48CB,青平段,15.20,都市：商,10000,76,持分移轉,03580000
RPVPOLKMJHNFFBH78CB,青平段,21.20,都市：商,10000,106,持分移轉,03580000
RPUPOLKMJHNFFBH68CB,青平段,21.20,都市：商,10000,106,持分移轉,03580000
RPPQOLKMJHNFFBH28CB,青平段,15.00,都市：商,10000,75,持分移轉,03580000
RPWPOLKMJHNFFBH88CB,青平段,21.20,都市：商,10000,106,持分移轉,03580000
RPXPOLKMJHNFFBH98CB,青平段,15.20,都市：商,10000,76,持分移轉,03580000
RPTPOLKMJHNFFBH58CB,青平段,15.20,都市：商,10000,76,持分移轉,03580000
RPRQOLKMJHNFFBH48CB,青平段,15.20,都市：商,10000,76,持分移轉,03580000
RPOQOLKMJHNFFBH18CB,青平段,15.20,都市：商,10000,76,持分移轉,03580000
RPSQOLKMJHNFFBH58CB,青平段,15.20,都市：商,10000,76,持分移轉,03580000
RPTQOLKMJHNFFBH68CB,青平段,15.20,都市：商,10000,76,持分移轉,03580000
RPOROLKMJHNFFBH28CB,青平段,14.80,都市：商,10000,74,持分移轉,03580000
RPWQOLKMJHNFFBH98CB,青平段,21.20,都市：商,10000,106,持分移轉,03580000
RPUQOLKMJHNFFBH78CB,青平段,15.20,都市：商,10000,76,持分移轉,03580000
RPXQOLKMJHNFFBH09CB,青平段,21.20,都市：商,10000,106,持分移轉,03580000
RPVQOLKMJHNFFBH88CB,青平段,21.40,都市：商,10000,107,持分移轉,03580000
RPQROLKMJHNFFBH48CB,青平段,22.80,都市：商,10000,114,持分移轉,03580000
RPPROLKMJHNFFBH38CB,青平段,22.80,都市：商,10000,114,持分移轉,03580000
RPSROLKMJHNFFBH68CB,青平段,26.80,都市：商,10000,134,持分移轉,01000000
RPTROLKMJHNFFBH78CB,青平段,26.60,都市：商,10000,133,持分移轉,01000000
RPVROLKMJHNFFBH98CB,青平段,26.80,都市：商,10000,134,持分移轉,01000000
RPUROLKMJHNFFBH88CB,青平段,26.80,都市：商,10000,134,持分移轉,01000000
RPWROLKMJHNFFBH09CB,青平段,26.80,都市：商,10000,134,持分移轉,01000000
RPXROLKMJHNFFBH56CB,青平段,26.80,都市：商,10000,134,持分移轉,01000000
RPPSOLKMJHNFFBH48CB,青平段,26.80,都市：商,10000,134,持分移轉,01000000
RPOSOLKMJHNFFBH38CB,青平段,26.60,都市：商,10000,133,持分移轉,01000000
RPRSOLKMJHNFFBH68CB,青平段,26.80,都市：商,10000,134,持分移轉,01000000
RPTSOLKMJHNFFBH88CB,青平段,26.80,都市：商,10000,134,持分移轉,01000000
RPUSOLKMJHNFFBH98CB,青平段,26.80,都市：商,10000,134,持分移轉,01000000
RPQSOLKMJHNFFBH58CB,青平段,26.80,都市：商,10000,134,持分移轉,01000000
RPSSOLKMJHNFFBH78CB,青平段,26.80,都市：商,10000,134,持分移轉,01000000
RPVSOLKMJHNFFBH09CB,青平段,26.60,都市：商,10000,133,持分移轉,01000000
RPXSOLKMJHNFFBH66CB,青平段,26.60,都市：商,10000,133,持分移轉,01000000
RPWSOLKMJHNFFBH56CB,青平段,26.80,都市：商,10000,134,持分移轉,01000000
RPOTOLKMJHNFFBH48CB,青平段,26.80,都市：商,10000,134,持分移轉,01000000
RPPTOLKMJHNFFBH58CB,青平段,26.80,都市：商,10000,134,持分移轉,01000000
RPSTOLKMJHNFFBH88CB,青平段,26.80,都市：商,10000,134,持分移轉,01000000
RPQTOLKMJHNFFBH68CB,青平段,26.80,都市：商,10000,134,持分移轉,01000000
RPVTOLKMJHNFFBH56CB,青平段,26.60,都市：商,10000,133,持分移轉,01000000
RPRTOLKMJHNFFBH78CB,青平段,26.60,都市：商,10000,133,持分移轉,01000000
RPTTOLKMJHNFFBH98CB,青平段,26.80,都市：商,10000,134,持分移轉,01000000
RPUTOLKMJHNFFBH09CB,青平段,26.80,都市：商,10000,134,持分移轉,01000000
RPOUOLKMJHNFFBH58CB,青平段,24.80,都市：商,10000,124,持分移轉,01000000
RPWTOLKMJHNFFBH66CB,青平段,26.80,都市：商,10000,134,持分移轉,01000000
RPPUOLKMJHNFFBH68CB,青平段,24.80,都市：商,10000,124,持分移轉,01000000
RPQUOLKMJHNFFBH78CB,青平段,24.80,都市：商,10000,124,持分移轉,01000000
RPSUOLKMJHNFFBH98CB,青平段,24.80,都市：商,10000,124,持分移轉,01000000
RPXTOLKMJHNFFBH76CB,青平段,26.60,都市：商,10000,133,持分移轉,01000000
RPTUOLKMJHNFFBH09CB,青平段,24.60,都市：商,10000,123,持分移轉,01000000
RPVUOLKMJHNFFBH66CB,青平段,22.00,都市：商,10000,110,持分移轉,01000000
RPRUOLKMJHNFFBH88CB,青平段,24.80,都市：商,10000,124,持分移轉,01000000
RPWUOLKMJHNFFBH76CB,青平段,24.80,都市：商,10000,124,持分移轉,01000000
RPUUOLKMJHNFFBH56CB,青平段,24.80,都市：商,10000,124,持分移轉,01000000
RPPVOLKMJHNFFBH78CB,青平段,24.80,都市：商,10000,124,持分移轉,01000000
RPQVOLKMJHNFFBH88CB,青平段,24.60,都市：商,10000,123,持分移轉,01000000
RPXUOLKMJHNFFBH86CB,青平段,24.80,都市：商,10000,124,持分移轉,01000000
RPOVOLKMJHNFFBH68CB,青平段,24.80,都市：商,10000,124,持分移轉,01000000
RPSVOLKMJHNFFBH09CB,青平段,24.80,都市：商,10000,124,持分移轉,01000000
RPRVOLKMJHNFFBH98CB,青平段,24.80,都市：商,10000,124,持分移轉,01000000
RPVVOLKMJHNFFBH76CB,青平段,24.60,都市：商,10000,123,持分移轉,01000000
RPTVOLKMJHNFFBH56CB,青平段,24.80,都市：商,10000,124,持分移轉,01000000
RPUVOLKMJHNFFBH66CB,青平段,24.60,都市：商,10000,123,持分移轉,01000000
RPWVOLKMJHNFFBH86CB,青平段,24.60,都市：商,10000,123,持分移轉,01000000
RPOWOLKMJHNFFBH78CB,青平段,24.60,都市：商,10000,123,持分移轉,01000000
RPPWOLKMJHNFFBH88CB,青平段,24.60,都市：商,10000,123,持分移轉,01000000
RPQWOLKMJHNFFBH98CB,青平段,24.60,都市：商,10000,123,持分移轉,01000000
RPXVOLKMJHNFFBH96CB,青平段,24.60,都市：商,10000,123,持分移轉,01000000
RPTWOLKMJHNFFBH66CB,青平段,24.40,都市：商,10000,122,持分移轉,01000000
RPRWOLKMJHNFFBH09CB,青平段,24.60,都市：商,10000,123,持分移轉,01000000
RPSWOLKMJHNFFBH56CB,青平段,24.40,都市：商,10000,122,持分移轉,01000000
RPWWOLKMJHNFFBH96CB,青平段,24.60,都市：商,10000,123,持分移轉,01000000
RPUWOLKMJHNFFBH76CB,青平段,24.60,都市：商,10000,123,持分移轉,01000000
RPVWOLKMJHNFFBH86CB,青平段,24.60,都市：商,10000,123,持分移轉,01000000
RPXWOLKMJHNFFBH07CB,青平段,26.80,都市：商,10000,134,持分移轉,01000000
RPPNPLKMJHNFFBH08CB,青平段,24.60,都市：商,10000,123,持分移轉,01000000
RPRNPLKMJHNFFBH28CB,青平段,26.80,都市：商,10000,134,持分移轉,01000000
RPTNPLKMJHNFFBH48CB,青平段,20.00,都市：商,10000,100,持分移轉,01000000
RPONPLKMJHNFFBH97CB,青平段,26.80,都市：商,10000,134,持分移轉,01000000
RPQNPLKMJHNFFBH18CB,青平段,26.80,都市：商,10000,134,持分移轉,01000000
RPUNPLKMJHNFFBH58CB,青平段,13.40,都市：商,10000,67,持分移轉,01080000
RPSNPLKMJHNFFBH38CB,青平段,26.80,都市：商,10000,134,持分移轉,01000000
RPVNPLKMJHNFFBH68CB,青平段,23.40,都市：商,10000,117,持分移轉,01080000
RPWNPLKMJHNFFBH78CB,青平段,23.60,都市：商,10000,118,持分移轉,01080000
RPXNPLKMJHNFFBH88CB,青平段,23.60,都市：商,10000,118,持分移轉,01080000
RPOOPLKMJHNFFBH08CB,青平段,23.60,都市：商,10000,118,持分移轉,01080000
RPSOPLKMJHNFFBH48CB,青平段,23.60,都市：商,10000,118,持分移轉,01080000
RPTOPLKMJHNFFBH58CB,青平段,23.60,都市：商,10000,118,持分移轉,01080000
RPROPLKMJHNFFBH38CB,青平段,23.60,都市：商,10000,118,持分移轉,01080000
RPPOPLKMJHNFFBH18CB,青平段,23.60,都市：商,10000,118,持分移轉,01080000
RPQOPLKMJHNFFBH28CB,青平段,23.60,都市：商,10000,118,持分移轉,01080000
RPVOPLKMJHNFFBH78CB,青平段,23.40,都市：商,10000,117,持分移轉,01080000
RPUOPLKMJHNFFBH68CB,青平段,11.60,都市：商,10000,58,持分移轉,01080000
RPWOPLKMJHNFFBH88CB,青平段,23.20,都市：商,10000,116,持分移轉,01080000
RPXOPLKMJHNFFBH98CB,青平段,23.20,都市：商,10000,116,持分移轉,01080000
RPOPPLKMJHNFFBH18CB,青平段,23.20,都市：商,10000,116,持分移轉,01080000
RPQPPLKMJHNFFBH38CB,青平段,23.20,都市：商,10000,116,持分移轉,01080000
RPUPPLKMJHNFFBH78CB,青平段,23.00,都市：商,10000,115,持分移轉,01080000
RPSPPLKMJHNFFBH58CB,青平段,23.20,都市：商,10000,116,持分移轉,01080000
RPPPPLKMJHNFFBH28CB,青平段,23.20,都市：商,10000,116,持分移轉,01080000
RPRPPLKMJHNFFBH48CB,青平段,23.20,都市：商,10000,116,持分移轉,01080000
RPVPPLKMJHNFFBH88CB,青平段,23.20,都市：商,10000,116,持分移轉,01080000
RPWPPLKMJHNFFBH98CB,青平段,23.20,都市：商,10000,116,持分移轉,01080000
RPTPPLKMJHNFFBH68CB,青平段,23.20,都市：商,10000,116,持分移轉,01080000
RPXPPLKMJHNFFBH09CB,青平段,12.40,都市：商,10000,62,持分移轉,01080000
RPPQPLKMJHNFFBH38CB,青平段,20.80,都市：商,10000,104,持分移轉,01080000
RPOQPLKMJHNFFBH28CB,青平段,20.80,都市：商,10000,104,持分移轉,01080000
RPQQPLKMJHNFFBH48CB,青平段,21.00,都市：商,10000,105,持分移轉,01080000
RPSQPLKMJHNFFBH68CB,青平段,20.80,都市：商,10000,104,持分移轉,01080000
RPUQPLKMJHNFFBH88CB,青平段,14.00,都市：商,10000,70,持分移轉,01080000
RPRQPLKMJHNFFBH58CB,青平段,20.80,都市：商,10000,104,持分移轉,01080000
RPTQPLKMJHNFFBH78CB,青平段,15.40,都市：商,10000,77,持分移轉,01080000
RPWQPLKMJHNFFBH09CB,青平段,14.00,都市：商,10000,70,持分移轉,01080000
RPVQPLKMJHNFFBH98CB,青平段,14.00,都市：商,10000,70,持分移轉,01080000
RPXQPLKMJHNFFBH56CB,青平段,14.00,都市：商,10000,70,持分移轉,01080000
RPPRPLKMJHNFFBH48CB,青平段,14.00,都市：商,10000,70,持分移轉,01080000
RPORPLKMJHNFFBH38CB,青平段,14.00,都市：商,10000,70,持分移轉,01080000
RPQRPLKMJHNFFBH58CB,青平段,14.00,都市：商,10000,70,持分移轉,01080000
RPSRPLKMJHNFFBH78CB,青平段,14.00,都市：商,10000,70,持分移轉,01080000
RPWRPLKMJHNFFBH56CB,青平段,21.20,都市：商,10000,106,持分移轉,01080000
RPURPLKMJHNFFBH98CB,青平段,14.00,都市：商,10000,70,持分移轉,01080000
RPRRPLKMJHNFFBH68CB,青平段,14.00,都市：商,10000,70,持分移轉,01080000
RPTRPLKMJHNFFBH88CB,青平段,14.00,都市：商,10000,70,持分移轉,01080000
RPXRPLKMJHNFFBH66CB,青平段,21.20,都市：商,10000,106,持分移轉,01080000
RPVRPLKMJHNFFBH09CB,青平段,14.00,都市：商,10000,70,持分移轉,01080000
RPOSPLKMJHNFFBH48CB,青平段,21.40,都市：商,10000,107,持分移轉,01080000
RPRSPLKMJHNFFBH78CB,青平段,21.20,都市：商,10000,106,持分移轉,01080000
RPPSPLKMJHNFFBH58CB,青平段,21.20,都市：商,10000,106,持分移轉,01080000
RPQSPLKMJHNFFBH68CB,青平段,21.20,都市：商,10000,106,持分移轉,01080000
RPTSPLKMJHNFFBH98CB,青平段,25.60,都市：商,10000,128,持分移轉,01080000
RPVSPLKMJHNFFBH56CB,青平段,21.20,都市：商,10000,106,持分移轉,01080000
RPWSPLKMJHNFFBH66CB,青平段,21.20,都市：商,10000,106,持分移轉,01080000
RPSSPLKMJHNFFBH88CB,青平段,21.20,都市：商,10000,106,持分移轉,01080000
RPOTPLKMJHNFFBH58CB,青平段,20.80,都市：商,10000,104,持分移轉,01080000
RPXSPLKMJHNFFBH76CB,青平段,20.80,都市：商,10000,104,持分移轉,01080000
RPUSPLKMJHNFFBH09CB,青平段,21.20,都市：商,10000,106,持分移轉,01080000
RPQTPLKMJHNFFBH78CB,青平段,20.80,都市：商,10000,104,持分移轉,01080000
RPRTPLKMJHNFFBH88CB,青平段,23.20,都市：商,10000,116,持分移轉,01080000
RPTTPLKMJHNFFBH09CB,青平段,23.60,都市：商,10000,118,持分移轉,01080000
RPSTPLKMJHNFFBH98CB,青平段,23.00,都市：商,10000,115,持分移轉,01080000
RPUTPLKMJHNFFBH56CB,青平段,23.60,都市：商,10000,118,持分移轉,01080000
RPPTPLKMJHNFFBH68CB,青平段,20.80,都市：商,10000,104,持分移轉,01080000
RPVTPLKMJHNFFBH66CB,青平段,23.60,都市：商,10000,118,持分移轉,01080000
RPXTPLKMJHNFFBH86CB,青平段,23.60,都市：商,10000,118,持分移轉,01080000
RPPUPLKMJHNFFBH78CB,青平段,23.60,都市：商,10000,118,持分移轉,01080000
RPQUPLKMJHNFFBH88CB,青平段,23.20,都市：商,10000,116,持分移轉,01080000
RPOUPLKMJHNFFBH68CB,青平段,23.60,都市：商,10000,118,持分移轉,01080000
RPUUPLKMJHNFFBH66CB,青平段,14.00,都市：商,10000,70,持分移轉,01080000
RPSUPLKMJHNFFBH09CB,青平段,20.80,都市：商,10000,104,持分移轉,01080000
RPWTPLKMJHNFFBH76CB,青平段,23.40,都市：商,10000,117,持分移轉,01080000
RPWUPLKMJHNFFBH86CB,青平段,14.00,都市：商,10000,70,持分移轉,01080000
RPVUPLKMJHNFFBH76CB,青平段,13.80,都市：商,10000,69,持分移轉,01080000
RPOVPLKMJHNFFBH78CB,青平段,21.20,都市：商,10000,106,持分移轉,01080000
RPTUPLKMJHNFFBH56CB,青平段,20.80,都市：商,10000,104,持分移轉,01080000
RPPVPLKMJHNFFBH88CB,青平段,21.40,都市：商,10000,107,持分移轉,01080000
RPQVPLKMJHNFFBH98CB,青平段,21.20,都市：商,10000,106,持分移轉,01080000
RPSVPLKMJHNFFBH56CB,青平段,23.20,都市：商,10000,116,持分移轉,01080000
RPRVPLKMJHNFFBH09CB,青平段,21.20,都市：商,10000,106,持分移轉,01080000
RPXUPLKMJHNFFBH96CB,青平段,21.40,都市：商,10000,107,持分移轉,01080000
RPTVPLKMJHNFFBH66CB,青平段,23.60,都市：商,10000,118,持分移轉,01080000
RPXVPLKMJHNFFBH07CB,青平段,20.80,都市：商,10000,104,持分移轉,01080000
RPVVPLKMJHNFFBH86CB,青平段,21.00,都市：商,10000,105,持分移轉,01080000
RPQWPLKMJHNFFBH09CB,青平段,21.20,都市：商,10000,106,持分移轉,03580000
RPPWPLKMJHNFFBH98CB,青平段,20.80,都市：商,10000,104,持分移轉,01080000
RPUVPLKMJHNFFBH76CB,青平段,20.80,都市：商,10000,104,持分移轉,01080000
RPOWPLKMJHNFFBH88CB,青平段,14.00,都市：商,10000,70,持分移轉,01080000
RPWVPLKMJHNFFBH96CB,青平段,20.80,都市：商,10000,104,持分移轉,01080000
