﻿編號,土地位置,土地移轉面積(平方公尺),使用分區或編定,權利人持分分母,權利人持分分子,移轉情形,地號
The serial number, land position,land shifting area square meter,the use zoning or compiles and checks,,,,land parcel
RPUOMLTJJHNFFAP17CC,斗六段,.00,都市：商,,,,01010000
RPSOMLTJJHNFFAP96CC,斗六段,.00,都市：商,,,,01010000
RPWOMLTJJHNFFAP37CC,大潭段社口小段,.00,都市：住,,,,01720008
RPOOMLMKJHNFFAP58CC,科加段,18830.78,非都市：工業區 ; 非都市編定：丁種建築用地,,,,00460000
RPXNMLPJKHNFFAP07CC,斗六段,.00,都市：商,,,,01010000
