﻿鄉鎮市區,交易標的,土地位置建物門牌,土地面積平方公尺,都市土地使用分區,非都市土地使用分區,非都市土地使用編定,租賃年月日,租賃筆棟數,租賃層次,總樓層數,建物型態,主要用途,主要建材,建築完成年月,建物總面積平方公尺,建物現況格局-房,建物現況格局-廳,建物現況格局-衛,建物現況格局-隔間,有無管理組織,有無附傢俱,總額元,單價元平方公尺,車位類別,車位面積平方公尺,車位總額元,備註,編號
The villages and towns urban district,transaction sign,land sector position building sector house number plate,land shifting total area square meter,the use zoning or compiles and checks,the non-metropolis land use district,non-metropolis land use,transaction year month and day,transaction pen number,shifting level,total floor number,building state,main use,main building materials,construction to complete the years,building shifting total area,Building present situation pattern - room,building present situation pattern - hall,building present situation pattern - health,building present situation pattern - compartmented,Whether there is manages the organization,Whether there is attaches the furniture,total price NTD,the unit price (NTD / square meter),the berth category,berth shifting total area square meter,the berth total price NTD,the note,serial number
斗六市,建物,雲林縣斗六市公正街39號9樓之7,0.0,商,,,1061212,土地0建物1車位0,九層,10,華廈(10層含以下有電梯),住家用,鋼筋混凝土造,0871030,45.25,0,0,0,無,無,有,10000,221,,0.0,0,,RPSOMLTJJHNFFAP96CC
斗六市,建物,雲林縣斗六市公正街39號5樓之9,0.0,商,,,1061212,土地0建物1車位0,五層,10,華廈(10層含以下有電梯),住家用,鋼筋混凝土造,0871030,45.94,0,0,0,無,無,有,10000,218,,0.0,0,,RPUOMLTJJHNFFAP17CC
斗六市,建物,雲林縣斗六市武陵街49巷2號8樓,0.0,住,,,1061212,土地0建物1車位0,八層,12,住宅大樓(11層含以上有電梯),住家用,鋼筋混凝土造,0831115,49.64,0,0,0,無,無,有,11000,222,,0.0,0,,RPWOMLTJJHNFFAP37CC
斗六市,土地,科加段46地號,18830.78,,工業區,丁種建築用地,1061215,土地1建物0車位0,,,其他,,,,0.0,0,0,0,有,無,無,777000,41,,0.0,0,,RPOOMLMKJHNFFAP58CC
斗六市,建物,雲林縣斗六市公正街39號5樓,0.0,商,,,1070126,土地0建物1車位0,五層,10,華廈(10層含以下有電梯),住家用,鋼筋混凝土造,0871030,53.400000000000006,1,0,0,無,無,有,11000,206,,0.0,0,,RPXNMLPJKHNFFAP07CC
