﻿編號,土地位置,土地移轉面積(平方公尺),使用分區或編定,權利人持分分母,權利人持分分子,移轉情形,地號
The serial number, land position,land shifting area square meter,the use zoning or compiles and checks,,,,land parcel
RPSNMLKLJIMFFAV56CA,建本段,505.22,都市：其他:道路用地,1,1,全筆移轉,04250000
RPSNMLKLJIMFFAV56CA,建本段,759.33,都市：住,1,1,全筆移轉,04240000
RPSNMLKLJIMFFAV56CA,建本段,49.28,都市：其他:道路用地,1,1,全筆移轉,04290000
RPSNMLNKJIMFFAV86DA,北南王段,778.26,都市：農,3,1,持分移轉,08780000
RPSNMLKLJIMFFAV56CA,建本段,1903.64,都市：住,1,1,全筆移轉,04320000
RPSNMLNKJIMFFAV86DA,北南王段,333.59,都市：農,3,1,持分移轉,08790000
RPSNMLKLJIMFFAV56CA,建本段,722.13,都市：其他:兒童遊樂場用地,1,1,全筆移轉,04410000
RPSNMLNKJIMFFAV86DA,北南王段,527.14,都市：農,3,1,持分移轉,08840000
RPSNMLKLJIMFFAV56CA,建本段,506.29,都市：其他:道路用地,1,1,全筆移轉,04330000
RPSNMLKLJIMFFAV56CA,建本段,316.29,都市：住,1,1,全筆移轉,04340000
RPSNMLKLJIMFFAV56CA,建本段,2425.50,都市：住,1,1,全筆移轉,04350000
RPSNMLKLJIMFFAV56CA,建本段,76.79,都市：住,1,1,全筆移轉,04380000
RPSNMLKLJIMFFAV56CA,建本段,118.06,都市：住,1,1,全筆移轉,04390000
RPSNMLKLJIMFFAV56CA,建本段,1001.12,都市：其他:道路用地,1,1,全筆移轉,04400000
RPSNMLKLJIMFFAV56CA,建本段,1062.55,都市：其他:兒童遊樂場用地,1,1,全筆移轉,04420000
RPSNMLKLJIMFFAV56CA,建本段,49.33,都市：其他:兒童遊樂場用地,1,1,全筆移轉,04430000
RPSNMLKLJIMFFAV56CA,建本段,561.45,都市：其他:道路用地,1,1,全筆移轉,04440000
RPSNMLKLJIMFFAV56CA,建本段,333.82,都市：住,1,1,全筆移轉,04450000
RPSNMLKLJIMFFAV56CA,建本段,112.34,都市：其他:道路用地,1,1,全筆移轉,04460000
RPSNMLKLJIMFFAV56CA,建本段,13.16,都市：住,1,1,全筆移轉,04470000
RPSNMLKLJIMFFAV56CA,建本段,779.46,都市：住,1,1,全筆移轉,04490000
RPQNMLPKJIMFFCV96CA,大埔段,68.07,都市：住,1,1,全筆移轉,05830000
RPQNMLPKJIMFFCV96CA,大埔段,46.81,都市：住,1,1,全筆移轉,06050002
RPQNMLQJKIMFFAV86CA,永和段,100.27,都市：其他:學校用地,10000,472,持分移轉,03920000
RPQNMLQJKIMFFAV86CA,永和段,58.85,都市：其他:學校用地,10000,472,持分移轉,03800000
RPQNMLQJKIMFFAV86CA,永和段,93.66,都市：其他:學校用地,10000,472,持分移轉,03820000
RPQNMLQJKIMFFAV86CA,永和段,77.68,都市：其他:學校用地,10000,472,持分移轉,03830000
RPSNMLQKJIMFFAV07CA,台東段,71.00,都市：住,1,1,全筆移轉,01010069
RPSNMLQKJIMFFAV07CA,台東段,76.00,都市：住,1,1,全筆移轉,01010070
RPPNMLRKJIMFFAV86CA,光明段,5.88,都市：住,50,1,持分移轉,05020000
RPPNMLRKJIMFFAV86CA,光明段,30.98,都市：住,50,1,持分移轉,05140000
RPPNMLRKJIMFFAV86CA,光明段,.24,都市：住,50,1,持分移轉,05140001
RPPNMLRKJIMFFAV86CA,光明段,80.00,都市：住,1,1,全筆移轉,05330000
RPUNMLQKJIMFFAV27CA,台東段,121.00,都市：商,1,1,全筆移轉,05230014
RPUNMLRKJIMFFAV37CA,馬蘭段,428.00,都市：住,1,1,全筆移轉,18200000
RPPNMLSLJIMFFCV27CA,龍田段,34.21,都市：其他:道路用地,12,2,持分移轉,08910000
RPPNMLSLJIMFFCV27CA,龍田段,152.13,都市：住,12,2,持分移轉,08930000
RPQNMLKLJIMFFAV98CA,康樂段,10684.00,非都市：特定農業區 ; 非都市編定：農牧用地,1,1,全筆移轉,03850000
RPPNMLLLJIMFFBV09CA,東河段,77.32,都市：住,1,1,全筆移轉,08320001
RPSNMLLLJIMFFBV76CA,東河段,31.51,都市：住,1,1,全筆移轉,08250002
RPTNMLQKJIMFFAV27DA,常德段,90.47,都市：住,1,1,全筆移轉,04780000
RPPNMLPKJIMFFCV96DA,中福段,40.95,都市：住,1,1,全筆移轉,08250000
RPQNMLLKKIMFFBV56CA,忠勇段,14.00,都市：住,1,1,全筆移轉,06890003
RPRNMLLLJIMFFBV66CA,東河段,11.32,都市：住,1,1,全筆移轉,08280000
SPVNMLLLJIMFFAV17DA,普優瑪段,83.86,都市：其他:河川用地,1,1,全筆移轉,12280001
RPQNMLLLJIMFFBV56CA,東河段,84.47,都市：住,1,1,全筆移轉,08250003
RPPNMLRKJIMFFDV17CA,荒野段,2003.50,非都市：一般農業區 ; 非都市編定：農牧用地,1,1,全筆移轉,00140000
RPVNMLLLJIMFFAV07DA,普優瑪段,529.83,都市：其他:河川用地,1,1,全筆移轉,12280000
RPRNMLLKKIMFFBV66CA,忠勇段,31.62,都市：住,1,1,全筆移轉,06860001
RPRNMLLKKIMFFBV66CA,忠勇段,64.71,都市：住,1,1,全筆移轉,06880001
RPPNMLTKJIMFFAV07CA,東谷段,126.01,非都市：特定農業區 ; 非都市編定：甲種建築用地,1,1,全筆移轉,05930001
RPQNMLMLJIMFFAV56CA,建樂段,131.03,都市：住,1,1,全筆移轉,00280000
RPRNMLSLJIMFFAV27CA,建和段,760.39,非都市：一般農業區 ; 非都市編定：農牧用地,1,1,全筆移轉,09570000
RPPNMLMLJIMFFCV66CA,海端段,311.00,非都市：山坡地保育區 ; 非都市編定：農牧用地,1,1,全筆移轉,07550000
RPPNMLMLJIMFFCV66CA,海端段,294.00,非都市：山坡地保育區 ; 非都市編定：丙種建築用地,1,1,全筆移轉,07560000
RPSNMLLLJIMFFCV86CA,錦富段,4962.46,非都市：特定農業區 ; 非都市編定：農牧用地,1,1,全筆移轉,04690000
RPSNMLLLJIMFFCV86CA,錦富段,164.39,非都市：特定農業區 ; 非都市編定：水利用地,1,1,全筆移轉,12330000
RPPNMLKLJIMFFAV88CA,泰安段,5040.41,非都市：一般農業區 ; 非都市編定：農牧用地,1,1,全筆移轉,01340000
RPPNMLLLJIMFFAV98CA,利吉段,7981.57,非都市：山坡地保育區 ; 非都市編定：農牧用地,1,1,全筆移轉,02580000
RPWNMLLLJIMFFAV07CA,初鹿段,4317.00,非都市：特定農業區 ; 非都市編定：農牧用地,1,1,全筆移轉,39720000
RPXNMLLLJIMFFAV27DA,新生段,2021.00,都市：農,1,1,全筆移轉,16300006
RPXNMLLLJIMFFAV27DA,新生段,402.00,都市：農,1,1,全筆移轉,16300007
RPUNMLLLJIMFFAV96DA,普優瑪段,38.13,都市：其他:河川用地,1,1,全筆移轉,12280002
SPUNMLLLJIMFFAV07DA,普優瑪段,7.10,都市：其他:河川用地,1,1,全筆移轉,12280003
RPPNMLNLJIMFFCV86DA,高台段,6392.50,非都市：山坡地保育區 ; 非都市編定：農牧用地,1,1,全筆移轉,01230000
RPPNMLNLJIMFFCV86DA,高台段,5273.40,非都市：山坡地保育區 ; 非都市編定：農牧用地,1,1,全筆移轉,01300000
RPQNMLQJKIMFFBV96CA,黃金橋段,3851.53,非都市：風景區 ; 非都市編定：農牧用地,1,1,全筆移轉,00060000
RPQNMLQJKIMFFBV96CA,黃金橋段,984.67,非都市：風景區 ; 非都市編定：農牧用地,1,1,全筆移轉,01420000
RPQNMLQJKIMFFCV07CA,大池段,3880.26,非都市：特定農業區 ; 非都市編定：農牧用地,1,1,全筆移轉,07110000
RPSNMLLLJIMFFAV76DA,台東段,291.00,都市：住,1,1,全筆移轉,00030117
RPSNMLLLJIMFFAV76DA,台東段,19.00,都市：其他:道路用地,1,1,全筆移轉,00030562
RPRNMLLLJIMFFAV66DA,利家段,160.00,非都市：山坡地保育區 ; 非都市編定：丙種建築用地,1,1,全筆移轉,02890000
RPVNMLOJKIMFFAV27DA,常德段,12.53,都市：住,10000,66,持分移轉,07520000
RPPNMLMLJIMFFBV56CA,北都蘭段,1169.82,非都市：風景區 ; 非都市編定：農牧用地,1,1,全筆移轉,04410000
RPUNMLNLJIMFFAV07CA,台東段,78.00,都市：住,1,1,全筆移轉,24810000
RPPNMLNLJIMFFAV56CA,普優瑪段,154.32,都市：住,6,4,持分移轉,10100000
RPPNMLNLJIMFFAV56CA,普優瑪段,794.85,都市：住,6,4,持分移轉,10090001
RPSNMLMLJIMFFAV76CA,南榮段,7.80,都市：住,10000,151,持分移轉,08900000
RPSNMLMLJIMFFAV76CA,南榮段,.45,都市：住,10000,151,持分移轉,08900002
RPSNMLMLJIMFFAV76CA,南榮段,18.26,都市：住,10000,263,持分移轉,09430000
RPSNMLMLJIMFFAV76CA,南榮段,82.33,都市：住,1,1,全筆移轉,09510000
RPOOMLNLJIMFFAV56CA,豐康段,92.61,都市：住,1,1,全筆移轉,09670000
RPQNMLNLJIMFFAV66CA,利吉段,6193.86,非都市：山坡地保育區 ; 非都市編定：農牧用地,1,1,全筆移轉,02600000
RPPOMLNLJIMFFAV66CA,豐谷段,52.98,都市：住,1,1,全筆移轉,01320001
RPPNMLMLJIMFFAV09CA,豐年段,28.20,都市：住,10000,61,持分移轉,00270007
RPRNMLMLJIMFFAV66CA,利家段,141.00,非都市：鄉村區 ; 非都市編定：乙種建築用地,1,1,全筆移轉,80810000
RPQNMLSLJIMFFAV27DA,北南王段,581.72,非都市：特定農業區 ; 非都市編定：水利用地,1,1,全筆移轉,07630001
RPPNMLRJKIMFFCV07CA,西莊段,3546.33,非都市：特定農業區 ; 非都市編定：農牧用地,1,1,全筆移轉,01550000
RPPNMLRJKIMFFCV07CA,西莊段,2781.71,非都市：特定農業區 ; 非都市編定：農牧用地,1,1,全筆移轉,01560000
SPTNMLSLJIMFFAV67DA,豐富段,390.80,都市：其他:河川用地,1,1,全筆移轉,01340001
RPPNMLMLJIMFFDV76CA,荒野段,1988.77,非都市：一般農業區 ; 非都市編定：農牧用地,1,1,全筆移轉,00190000
SPQNMLSLJIMFFAV37DA,北南王段,1568.67,非都市：特定農業區 ; 非都市編定：水利用地,1,1,全筆移轉,07640000
RPTNMLNLJIMFFAV07DA,台東段,23.00,都市：住,1,1,全筆移轉,01060004
RPTNMLNLJIMFFAV07DA,台東段,4.00,都市：住,1,1,全筆移轉,01060009
RPTNMLNLJIMFFAV07DA,台東段,24.00,都市：住,1,1,全筆移轉,01070005
RPTNMLSLJIMFFAV57DA,豐富段,459.78,都市：其他:河川用地,1,1,全筆移轉,01190004
VPQNMLSLJIMFFAV67DA,北南王段,444.00,都市：其他:河川用地,1,1,全筆移轉,07670000
UPQNMLSLJIMFFAV57DA,北南王段,1152.25,都市：其他:河川用地,1,1,全筆移轉,07660000
TPQNMLSLJIMFFAV47DA,北南王段,3037.10,非都市：特定農業區 ; 非都市編定：水利用地,1,1,全筆移轉,07650000
XPQNMLSLJIMFFAV87DA,北南王段,223.11,都市：其他:河川用地,1,1,全筆移轉,07690001
WPQNMLSLJIMFFAV77DA,北南王段,241.17,都市：其他:河川用地,1,1,全筆移轉,07680000
TPSNMLSLJIMFFAV67DA,下賓朗段,1010.74,非都市：一般農業區 ; 非都市編定：水利用地,1,1,全筆移轉,10840001
RPSNMLSLJIMFFAV47DA,下賓朗段,575.91,非都市：特定農業區 ; 非都市編定：水利用地,1,1,全筆移轉,10820001
SPSNMLSLJIMFFAV57DA,下賓朗段,5674.74,非都市：特定農業區 ; 非都市編定：水利用地,1,1,全筆移轉,10830000
RPPNMLRLJIMFFAV96CA,台東段,40.22,都市：住,10000,220,持分移轉,17480000
RPVNMLTLJIMFFAV77CA,台東段,10.08,都市：住,10000,67,持分移轉,20080000
RPPNMLKMJIMFFBV56DA,三民段,103.37,都市：住,1,1,全筆移轉,00820003
RPUNMLOLJIMFFAV17CA,豐源段,2655.65,非都市：特定農業區 ; 非都市編定：農牧用地,2,1,持分移轉,05660000
RPUNMLOLJIMFFAV17CA,豐源段,59.42,非都市：特定農業區 ; 非都市編定：甲種建築用地,2,1,持分移轉,05660001
RPSNMLTLJIMFFAV47CA,豐嘉段,1190.66,非都市：特定農業區 ; 非都市編定：農牧用地,1,1,全筆移轉,00380000
RPRNMLKMJIMFFAV56CA,富岡南段,44.11,非都市：鄉村區 ; 非都市編定：乙種建築用地,10000,630,持分移轉,12680000
RPQNMLRLJIMFFAV07CA,光明段,81.00,都市：住,1,1,全筆移轉,05260000
RPWNMLRLJIMFFAV67CA,建康段,106.82,都市：住,1,1,全筆移轉,14910000
RPWNMLRLJIMFFAV67CA,建康段,101.67,都市：住,1,1,全筆移轉,14900000
RPVNMLOLJIMFFAV27CA,豐源段,2655.65,非都市：特定農業區 ; 非都市編定：農牧用地,2,1,持分移轉,05660000
RPVNMLOLJIMFFAV27CA,豐源段,59.42,非都市：特定農業區 ; 非都市編定：甲種建築用地,2,1,持分移轉,05660001
RPSNMLSJKIMFFAV27CA,豐田段,1259.00,都市：住,1,1,全筆移轉,13170005
RPSNMLSJKIMFFAV27CA,豐田段,14.00,都市：住,1,1,全筆移轉,13170004
RPRNMLRLJIMFFAV17CA,知本段,1016.00,非都市：特定農業區 ; 非都市編定：農牧用地,1,1,全筆移轉,74610002
RPTNMLRLJIMFFAV37CA,利家段,111.87,非都市：鄉村區 ; 非都市編定：乙種建築用地,10000,139,持分移轉,81260000
RPTNMLRLJIMFFAV37CA,利家段,19.61,非都市：鄉村區 ; 非都市編定：乙種建築用地,10000,139,持分移轉,82850000
RPQNMLOLJIMFFAV76CA,中心段,118.00,都市：住,1,1,全筆移轉,10320000
SPWNMLSLJIMFFAV97DA,光明段,368.00,都市：其他:河川用地,1,1,全筆移轉,02630003
RPRNMLOLJIMFFAV86CA,普優瑪段,200.77,都市：住,1,1,全筆移轉,06710000
RPWNMLSLJIMFFAV87DA,光明段,324.00,都市：其他:河川用地,1,1,全筆移轉,03440001
RPPNMLPKKIMFFCV07DA,廣原段,19300.00,非都市：山坡地保育區 ; 非都市編定：農牧用地,1,1,全筆移轉,11730000
TPWNMLSLJIMFFAV08DA,光明段,247.00,都市：其他:河川用地,1,1,全筆移轉,02870006
XPWNMLSLJIMFFAV48DA,北南王段,388.73,都市：其他:河川用地,1,1,全筆移轉,09030002
VPWNMLSLJIMFFAV28DA,光明段,323.00,都市：其他:河川用地,1,1,全筆移轉,03340001
UPWNMLSLJIMFFAV18DA,光明段,275.00,都市：其他:河川用地,1,1,全筆移轉,03180002
YPWNMLSLJIMFFAV58DA,普優瑪段,120.58,都市：其他:河川用地,1,1,全筆移轉,11950003
WPWNMLSLJIMFFAV38DA,光明段,3.00,都市：其他:河川用地,1,1,全筆移轉,03350002
ZPWNMLSLJIMFFAV68DA,中清段,427.10,都市：其他:河川用地,1,1,全筆移轉,06730002
RPPNMLSJKIMFFCV17CA,中和段,1042.85,非都市：一般農業區 ; 非都市編定：農牧用地,1,1,全筆移轉,02290000
QQWNMLSLJIMFFAV87DA,中清段,1.70,都市：其他:河川用地,1,1,全筆移轉,06730005
RPRNMLSLJIMFFDV67DA,台拉段,3000.00,非都市：山坡地保育區 ; 非都市編定：林業用地,1,1,全筆移轉,01370001
RPVNMLRLJIMFFAV57CA,利家段,3114.00,非都市：特定農業區 ; 非都市編定：農牧用地,1,1,全筆移轉,59550000
RPPNMLRLJIMFFBV07CA,高原段,4549.00,非都市：森林區 ; 非都市編定：農牧用地,1,1,全筆移轉,08190000
RPPNMLOLKIMFFAV76CA,德安段,21.26,都市：住,30000,170,持分移轉,00630000
RPPNMLOLKIMFFAV76CA,德安段,.15,都市：住,30000,170,持分移轉,00630001
RPPNMLOLKIMFFAV76CA,德安段,1.96,都市：住,30000,170,持分移轉,00630002
RPVNMLSLJIMFFAV67CA,台東段,40.00,都市：住,1,1,全筆移轉,01010026
RPPNMLOLKIMFFAV76CA,德安段,.04,都市：住,30000,170,持分移轉,00630003
RQWNMLSLJIMFFAV97DA,中清段,785.83,都市：其他:河川用地,1,1,全筆移轉,07120003
RPRNMLPJKIMFFAV96DA,東海段,202.89,都市：住,1,1,全筆移轉,08670000
RPPNMLSLJIMFFAV07CA,豐川段,53.62,非都市：特定農業區 ; 非都市編定：水利用地,10,1,持分移轉,04860000
RPPNMLSLJIMFFAV07CA,豐川段,3467.72,非都市：特定農業區 ; 非都市編定：農牧用地,1,1,全筆移轉,04980000
RPPNMLTLJIMFFCV37CA,大池段,1081.83,非都市：特定農業區 ; 非都市編定：農牧用地,1,1,全筆移轉,09720000
RPPNMLTLJIMFFCV37CA,大池段,146.80,非都市：特定農業區 ; 非都市編定：水利用地,1,1,全筆移轉,09730000
RPPNMLTLJIMFFCV37CA,大池段,3028.98,非都市：特定農業區 ; 非都市編定：農牧用地,1,1,全筆移轉,09840001
RPRNMLQJKIMFFAV96CA,永和段,68.83,都市：其他:學校用地,10000,552,持分移轉,03800000
RPRNMLQJKIMFFAV96CA,永和段,109.53,都市：其他:學校用地,10000,552,持分移轉,03820000
RPRNMLQJKIMFFAV96CA,永和段,90.85,都市：其他:學校用地,10000,552,持分移轉,03830000
RPRNMLQJKIMFFAV96CA,永和段,117.27,都市：其他:學校用地,10000,552,持分移轉,03920000
SPWNMLTLJIMFFAV08DA,北南王段,26.80,都市：其他:河川用地,1,1,全筆移轉,07780001
RPQNMLTLJIMFFDV57CA,北橋段,48.51,都市：住,1,1,全筆移轉,02300002
RPPNMLLJKIMFFAV98DA,明峰段,272.39,非都市：山坡地保育區 ; 非都市編定：農牧用地,1,1,全筆移轉,04270000
RPPNMLTLJIMFFDV47CA,北橋段,21.15,都市：住,1,1,全筆移轉,02300003
RPWNMLTLJIMFFAV97DA,北南王段,241.52,都市：其他:河川用地,1,1,全筆移轉,07780000
RPXNMLQJKIMFFAV57CA,新園段,65.00,非都市：鄉村區 ; 非都市編定：乙種建築用地,1,1,全筆移轉,04330000
RPXNMLQJKIMFFAV57CA,新園段,122.00,非都市：鄉村區 ; 非都市編定：乙種建築用地,1,1,全筆移轉,04340001
RPPNMLKMJIMFFDV76DA,復興段,34.68,都市：其他:道路,1,1,全筆移轉,11300000
RPUNMLTLJIMFFAV67CA,上源段,72.61,非都市：山坡地保育區 ; 非都市編定：丙種建築用地,1,1,全筆移轉,02310000
RPQNMLOJKIMFFBV86DA,南八里段,100.12,非都市：風景區 ; 非都市編定：農牧用地,1,1,全筆移轉,10320000
RPWNMLQJKIMFFAV47CA,豐利段,300.11,都市：住,1,1,全筆移轉,09360000
RPQNMLLKKIMFFAV09CA,利泰段,3145.11,非都市：一般農業區 ; 非都市編定：農牧用地,1,1,全筆移轉,01920000
RPUNMLMLKIMFFAV07CA,豐谷段,89.00,都市：住,1,1,全筆移轉,03750000
RPVNMLMKKIMFFAV07CA,公?東段,55.44,都市：農,1,1,全筆移轉,03690001
RPVNMLMKKIMFFAV07CA,公?東段,59.63,都市：農,1,1,全筆移轉,03810002
RPWNMLKMJIMFFAV07CA,東海段,22.69,都市：住,10000,38,持分移轉,01300000
RPWNMLKMJIMFFAV07CA,東海段,1.46,都市：住,10000,38,持分移轉,01300002
RPTNMLKMJIMFFAV76CA,德安段,1.96,都市：住,30000,170,持分移轉,00630002
RPTNMLKMJIMFFAV76CA,德安段,21.26,都市：住,30000,170,持分移轉,00630000
RPTNMLKMJIMFFAV76CA,德安段,.15,都市：住,30000,170,持分移轉,00630001
RPTNMLKMJIMFFAV76CA,德安段,.04,都市：住,30000,170,持分移轉,00630003
RPXNMLTLJIMFFAV97CA,富岡南段,92.07,非都市：鄉村區 ; 非都市編定：乙種建築用地,1,1,全筆移轉,01520000
RPQNMLLJKIMFFAV98CA,建業段,65.58,都市：住,2,1,持分移轉,04410000
RPQNMLLJKIMFFAV98CA,建業段,21.86,都市：住,6,1,持分移轉,04410000
RPQNMLLJKIMFFAV98CA,建業段,21.86,都市：住,6,1,持分移轉,04410000
RPQNMLLJKIMFFAV98CA,建業段,21.86,都市：住,6,1,持分移轉,04410000
RPPNMLPJKIMFFAV76DA,明峰段,2500.24,非都市：山坡地保育區 ; 非都市編定：農牧用地,1,1,全筆移轉,09220002
RPRNMLOJKIMFFAV76CA,台東段,19.29,都市：住,10000,188,持分移轉,02430001
RPRNMLOJKIMFFAV76CA,台東段,8.25,都市：住,10000,188,持分移轉,02430004
RPRNMLOJKIMFFAV76CA,台東段,7.60,都市：住,10000,188,持分移轉,02430006
RPRNMLOJKIMFFAV76CA,台東段,5.79,都市：住,10000,188,持分移轉,02430008
RPRNMLOJKIMFFAV76CA,台東段,1.02,都市：住,10000,188,持分移轉,02430009
RPRNMLOJKIMFFAV76CA,台東段,.96,都市：住,10000,188,持分移轉,02430011
RPQNMLSJKIMFFCV27CA,南山段,96.90,都市：住,1,1,全筆移轉,01360000
RPQNMLKMJIMFFAV09CA,建業段,223.76,都市：住,1,1,全筆移轉,05870000
RPQNMLKMJIMFFAV09CA,建業段,1.08,都市：農,1,1,全筆移轉,05870002
RPQNMLRJKIMFFBV07CA,新美山段,504.84,非都市：鄉村區 ; 非都市編定：乙種建築用地,1,1,全筆移轉,03220000
RPRNMLLJKIMFFAV09CA,豐年段,28.20,都市：住,10000,61,持分移轉,00270007
RPPNMLLJKIMFFBV98CA,加走灣段,1700.00,非都市：風景區 ; 非都市編定：農牧用地,3,2,持分移轉,04340001
RPPNMLLJKIMFFBV98CA,加走灣段,850.00,非都市：風景區 ; 非都市編定：農牧用地,3,1,持分移轉,04340001
RPPNMLMJKIMFFBV09CA,濱海段,85.73,都市：住,1,1,全筆移轉,02190000
RPVNMLPJKIMFFAV27CA,上岩灣段,81.96,都市：住,100000,955,持分移轉,01980000
RPPNMLKMJIMFFAV98CA,台東段,7.55,都市：住,1000,83,持分移轉,00820003
RPPNMLKMJIMFFAV98CA,台東段,13.20,都市：住,1000,83,持分移轉,01010021
RPPNMLKMJIMFFAV98CA,台東段,29.63,都市：住,1000,83,持分移轉,01010306
RPPNMLOJKIMFFCV86DA,海端段,100.00,非都市：鄉村區 ; 非都市編定：乙種建築用地,1,1,全筆移轉,09170000
TPTNMLOJKIMFFAV27DA,豐富段,187.90,都市：其他:河川用地,1,1,全筆移轉,00150002
RPUNMLQLKIMFFAV57DA,馬蘭段,40.42,都市：住,10000,78,持分移轉,15990000
RPTNMLOJKIMFFAV07DA,光明段,1035.00,都市：其他:河川用地,1,1,全筆移轉,03610001
SPTNMLOJKIMFFAV17DA,光明段,18.00,都市：其他:河川用地,1,1,全筆移轉,03610002
RPSNMLLJKIMFFAV56CA,豐年段,7.00,都市：住,10000,14,持分移轉,00270000
RPUNMLOJKIMFFAV07CA,南王段,46.30,都市：住,1,1,全筆移轉,06870000
RPUNMLOJKIMFFAV07CA,南王段,37.58,都市：住,1,1,全筆移轉,06880000
RPQNMLOJKIMFFAV66CA,台東段,66.00,都市：住,1,1,全筆移轉,21670000
RPUNMLPJKIMFFAV17CA,台東段,117.00,都市：商,1,1,全筆移轉,04050001
RPUNMLPJKIMFFAV17CA,台東段,54.00,都市：商,1,1,全筆移轉,04060001
RPTNMLLJKIMFFAV66CA,泰安段,4.34,非都市：鄉村區 ; 非都市編定：乙種建築用地,2,1,持分移轉,05340001
RPTNMLLJKIMFFAV66CA,泰安段,4.34,非都市：鄉村區 ; 非都市編定：乙種建築用地,2,1,持分移轉,05340001
RPTNMLPJKIMFFAV07CA,東海段,99.54,都市：住,1,1,全筆移轉,06770010
RPPNMLLKKIMFFDV66CA,秀山段,10.39,都市：住,10000,9,持分移轉,07230000
RPWNMLPJKIMFFAV47DA,永清段,.67,都市：其他:河川用地,1,1,全筆移轉,00590010
RPPNMLOJKIMFFAV56CA,東海段,95.49,都市：住,1,1,全筆移轉,08790000
RPQNMLPJKIMFFAV76CA,豐源段,3145.89,非都市：特定農業區 ; 非都市編定：農牧用地,1,1,全筆移轉,00490000
RPQNMLPJKIMFFAV76CA,豐源段,1596.99,非都市：特定農業區 ; 非都市編定：農牧用地,1,1,全筆移轉,00500000
RPQNMLRJKIMFFAV96CA,豐航段,73.02,都市：住,1,1,全筆移轉,08880000
RPQNMLRJKIMFFAV96CA,豐航段,22.66,都市：住,1,1,全筆移轉,08920000
RPPNMLOJKIMFFBV66CA,南河段,97.42,都市：住,1,1,全筆移轉,04990000
RPPNMLQJKIMFFCV96CA,大池段,2008.65,非都市：特定農業區 ; 非都市編定：農牧用地,2,1,持分移轉,10550000
RPPNMLQJKIMFFCV96CA,大池段,2008.65,非都市：特定農業區 ; 非都市編定：農牧用地,2,1,持分移轉,10550000
RPPNMLNKKIMFFAV56CA,台東段,16.72,都市：住,10000,131,持分移轉,18050000
RPQNMLSJKIMFFBV17CA,黃金橋段,502.09,非都市：鄉村區 ; 非都市編定：乙種建築用地,1,1,全筆移轉,11740000
RPPNMLQJKIMFFBV86CA,八仙洞段,492.75,非都市：風景區 ; 非都市編定：交通用地,3,1,持分移轉,11630000
RPPNMLQJKIMFFBV86CA,八仙洞段,492.75,非都市：風景區 ; 非都市編定：交通用地,3,1,持分移轉,11630000
RPRNMLNKKIMFFAV76CA,豐榮段,96.00,都市：住,1,1,全筆移轉,09730000
RPPNMLTKKIMFFCV37CA,溪埔段,266.49,都市：農,1,1,全筆移轉,02750001
RPPNMLTKKIMFFCV37CA,溪埔段,1410.14,都市：農,1,1,全筆移轉,03240000
RPPNMLTKKIMFFCV37CA,溪埔段,804.94,非都市：一般農業區 ; 非都市編定：農牧用地,1,1,全筆移轉,02750000
RPQNMLTKKIMFFCV47CA,溪埔段,666.99,都市：農,1,1,全筆移轉,02740000
RPQNMLTKKIMFFCV47CA,溪埔段,444.61,非都市：一般農業區 ; 非都市編定：農牧用地,1,1,全筆移轉,02940000
RPQNMLTKKIMFFCV47CA,溪埔段,83.10,都市：農,1,1,全筆移轉,02940001
RPQNMLTKKIMFFCV47CA,溪埔段,486.92,都市：農,1,1,全筆移轉,02950000
RPQNMLTKKIMFFCV47CA,溪埔段,1343.46,都市：農,1,1,全筆移轉,03230000
RPPNMLLKKIMFFAV98CA,大業段,92.91,都市：住,1,1,全筆移轉,01370000
RPPNMLLKKIMFFCV66DA,新興段,1964.68,非都市：特定農業區 ; 非都市編定：農牧用地,1,1,全筆移轉,06800000
RPPNMLLKKIMFFCV66DA,新興段,217.47,非都市：特定農業區 ; 非都市編定：農牧用地,1,1,全筆移轉,06810000
RPPNMLLKKIMFFCV66DA,新興段,937.68,非都市：特定農業區 ; 非都市編定：農牧用地,1,1,全筆移轉,06820000
RPPNMLLKKIMFFCV66DA,新興段,1028.28,非都市：特定農業區 ; 非都市編定：農牧用地,1,1,全筆移轉,06830000
RPPNMLLKKIMFFCV66DA,新興段,2671.06,非都市：特定農業區 ; 非都市編定：農牧用地,1,1,全筆移轉,06840001
RPPNMLRJKIMFFDV27DA,達人段,1031.49,非都市：山坡地保育區 ; 非都市編定：農牧用地,1,1,全筆移轉,04290000
RPPNMLRJKIMFFDV27DA,達人段,1050.17,非都市：山坡地保育區 ; 非都市編定：農牧用地,1,1,全筆移轉,04300000
RPTNMLLKKIMFFAV76CA,利卡夢段,184.86,非都市：鄉村區 ; 非都市編定：乙種建築用地,1,1,全筆移轉,02560000
RPTNMLLKKIMFFAV76CA,利卡夢段,14.85,非都市：鄉村區 ; 非都市編定：乙種建築用地,1,1,全筆移轉,02580000
RPUNMLQJKIMFFAV27CA,豐谷段,133.28,都市：住,1,1,全筆移轉,01500002
RPOOMLQJKIMFFAV76CA,德安段,21.26,都市：住,30000,170,持分移轉,00630000
RPOOMLQJKIMFFAV76CA,德安段,.15,都市：住,30000,170,持分移轉,00630001
RPOOMLQJKIMFFAV76CA,德安段,1.96,都市：住,30000,170,持分移轉,00630002
RPOOMLQJKIMFFAV76CA,德安段,.04,都市：住,30000,170,持分移轉,00630003
RPSNMLQJKIMFFAV07CA,台東段,139.00,都市：住,1,1,全筆移轉,00150019
RPXNMLPJKIMFFAV47CA,永清段,140.16,都市：住,1,1,全筆移轉,02640004
RPPNMLQJKIMFFAV76CA,南榮段,1418.85,都市：農,1,1,全筆移轉,01970000
RPVNMLQJKIMFFAV37CA,知本段,1190.00,非都市：特定農業區 ; 非都市編定：農牧用地,1,1,全筆移轉,78170003
RPQNMLSJKIMFFAV07CA,利家段,50.00,非都市：鄉村區 ; 非都市編定：乙種建築用地,1,1,全筆移轉,82170000
RPTNMLQJKIMFFAV17CA,馬蘭段,24.25,都市：住,10000,194,持分移轉,16940000
RPPNMLSJKIMFFAV96CA,利家段,35.43,非都市：鄉村區 ; 非都市編定：乙種建築用地,30000,697,持分移轉,74880000
RPPNMLSJKIMFFAV96CA,利家段,31.46,非都市：鄉村區 ; 非都市編定：乙種建築用地,30000,1477,持分移轉,74880004
RPWNMLLKKIMFFAV07CA,台東段,57.00,都市：商,1,1,全筆移轉,05130006
RPPNMLRJKIMFFAV86CA,豐里段,60.84,非都市：特定農業區 ; 非都市編定：甲種建築用地,2,1,持分移轉,02640010
RPPNMLRJKIMFFAV86CA,豐里段,60.84,非都市：特定農業區 ; 非都市編定：甲種建築用地,2,1,持分移轉,02640010
RPWNMLNKKIMFFAV27CA,康樂段,916.00,非都市：特定農業區 ; 非都市編定：農牧用地,1,1,全筆移轉,02090000
RPWNMLNKKIMFFAV27CA,康樂段,1380.00,非都市：特定農業區 ; 非都市編定：農牧用地,1,1,全筆移轉,02670000
RPRNMLRJKIMFFAV07CA,利家段,12.18,非都市：鄉村區 ; 非都市編定：乙種建築用地,11,1,持分移轉,83460006
RPRNMLRJKIMFFAV07CA,利家段,124.00,非都市：鄉村區 ; 非都市編定：乙種建築用地,1,1,全筆移轉,83510000
RPRNMLRJKIMFFAV07CA,利家段,20.09,非都市：鄉村區 ; 非都市編定：乙種建築用地,11,1,持分移轉,83510005
RPQNMLLLKIMFFAV56CA,公?東段,86.35,都市：其他:機關用地,1,1,全筆移轉,03700001
RPQNMLLLKIMFFAV56CA,公?東段,134.96,都市：其他:機關用地,1,1,全筆移轉,03710001
RPQNMLLLKIMFFAV56CA,公?東段,284.08,都市：其他:機關用地,1,1,全筆移轉,03720001
RPQNMLLLKIMFFAV56CA,公?東段,352.06,都市：其他:機關用地,1,1,全筆移轉,03730001
RPPNMLSLKIMFFAV17CA,豐年段,18.03,都市：住,10000,39,持分移轉,00270007
RPVNMLLKKIMFFAV96CA,中清段,113.09,都市：住,1,1,全筆移轉,02420004
RPRNMLSJKIMFFAV17CA,公?西段,32.06,都市：農,1,1,全筆移轉,11740010
RPRNMLSJKIMFFAV17CA,公?西段,233.18,都市：農,1,1,全筆移轉,13150001
RPVNMLNKKIMFFAV17CA,康樂段,8466.00,非都市：特定農業區 ; 非都市編定：農牧用地,1,1,全筆移轉,02070000
RPVNMLNKKIMFFAV17CA,康樂段,9206.00,非都市：特定農業區 ; 非都市編定：農牧用地,1,1,全筆移轉,02100000
SPPNMLMKKIMFFAV66DA,北南王段,4.60,都市：其他:河川用地,1,1,全筆移轉,08430001
RPPNMLNJJHNFFAV98CA,台東段,57.92,都市：住,100000,720,持分移轉,25450000
TPPNMLMKKIMFFAV76DA,北南王段,2289.54,都市：其他:河川用地,1,1,全筆移轉,08430002
RPPNMLTJKIMFFDV37CA,蘭里段,557.68,非都市：鄉村區 ; 非都市編定：乙種建築用地,1,1,全筆移轉,05430000
RPPNMLLKKIMFFBV09CA,濱海段,8.87,都市：住,1,1,全筆移轉,02550000
RPPNMLMKKIMFFAV56DA,北南王段,11959.10,都市：其他:河川用地,1,1,全筆移轉,08420000
RPQNMLMJJHNFFBV09CA,大俱來段,127.92,非都市：風景區 ; 非都市編定：農牧用地,1,1,全筆移轉,02120000
RPPNMLMJJHNFFBV98CA,忠智段,225.93,都市：住,1,1,全筆移轉,12020000
RPQNMLMKKIMFFAV66DA,北南王段,166.14,都市：其他:河川用地,2,1,持分移轉,08740001
RPRNMLMKKIMFFAV76DA,光明段,107.67,都市：其他:河川用地,3,1,持分移轉,02950001
RPSNMLRJKIMFFBV27CA,加走灣段,3326.88,非都市：風景區 ; 非都市編定：農牧用地,1,1,全筆移轉,04920000
RPPNMLTLKIMFFBV37CA,仰光段,75.16,都市：其他:停車場,2,1,持分移轉,05410000
RPPNMLTLKIMFFBV37CA,仰光段,63.68,都市：其他:道路,2,1,持分移轉,05430000
RPPNMLTLKIMFFBV37CA,仰光段,136.11,都市：商,1,1,全筆移轉,05470000
RPPNMLTLKIMFFBV37CA,仰光段,70.07,都市：商,1,1,全筆移轉,05530000
RPXNMLLKKIMFFAV17CA,自強段,164.00,都市：住,1,1,全筆移轉,01720000
RPXNMLLKKIMFFAV17CA,自強段,55.00,都市：其他:道路用地,1,1,全筆移轉,01720001
RPTNMLNKKIMFFAV96CA,豐榮段,111.00,都市：住,1,1,全筆移轉,09940000
RPOOMLNKKIMFFAV56CA,豐康段,19.29,都市：農,1,1,全筆移轉,01310001
RPOOMLNKKIMFFAV56CA,豐康段,103.47,都市：農,1,1,全筆移轉,01320000
RPOOMLNKKIMFFAV56CA,豐康段,37.76,都市：農,1,1,全筆移轉,01330001
RPOOMLNKKIMFFAV56CA,豐康段,6226.70,都市：農,1,1,全筆移轉,01570000
RPSNMLMKKIMFFAV86DA,光明段,107.67,都市：其他:河川用地,3,1,持分移轉,02950001
RPSNMLLKKIMFFBV76CA,濱海段,2451.85,都市：農,1,1,全筆移轉,01170000
RPPNMLKKKIMFFBV09DA,大俱來段,86.61,非都市：風景區 ; 非都市編定：農牧用地,1,1,全筆移轉,02420001
RPPOMLLKKIMFFAV09CA,興安段,274.64,都市：住,1,1,全筆移轉,00600002
RPPNMLMKKIMFFCV76DA,萬朝段,4276.80,非都市：一般農業區 ; 非都市編定：農牧用地,1,1,全筆移轉,06820000
RPPOMLMKKIMFFAV66DA,光明段,704.43,都市：其他:河川用地,2543,1087,持分移轉,03230002
RPPNMLTKKIMFFDV47CA,秀山段,10.39,都市：住,10000,9,持分移轉,07230000
RPQOMLMKKIMFFAV66CA,澱粉段,13.68,非都市：特定農業區 ; 非都市編定：交通用地,128,9,持分移轉,05360000
RPQOMLMKKIMFFAV66CA,澱粉段,8.28,非都市：特定農業區 ; 非都市編定：交通用地,128,9,持分移轉,05390000
RPQOMLMKKIMFFAV66CA,澱粉段,200.25,非都市：特定農業區 ; 非都市編定：農牧用地,128,9,持分移轉,05990000
RPSNMLNKKIMFFAV86CA,台東段,7.92,都市：住,1000,30,持分移轉,15640000
RPOOMLOKKIMFFAV66CA,豐年段,17.00,都市：住,10000,34,持分移轉,00270000
RPPNMLOKKIMFFAV66CA,常德段,294.25,都市：住,1,1,全筆移轉,04400000
RPPNMLOKKIMFFAV66CA,常德段,167.94,都市：其他:道路用地,1,1,全筆移轉,04410000
RPXNMLMKKIMFFAV27CA,和平段,1959.40,非都市：山坡地保育區 ; 非都市編定：農牧用地,1,1,全筆移轉,05150000
RPWNMLOKKIMFFAV37CA,自強段,90.00,都市：住,1,1,全筆移轉,03960000
RPUNMLOKKIMFFAV17CA,自強段,89.00,都市：住,1,1,全筆移轉,03600000
RPSNMLTKKIMFFAV47CA,豐康段,14.84,都市：住,100000,1010,持分移轉,08260000
RPSNMLTKKIMFFAV47CA,豐康段,5.64,都市：住,100000,1010,持分移轉,08260001
RPUNMLNKKIMFFAV07CA,下賓朗段,103.35,非都市：一般農業區 ; 非都市編定：農牧用地,64,17,持分移轉,07800000
RPUNMLNKKIMFFAV07CA,下賓朗段,67.56,非都市：鄉村區 ; 非都市編定：交通用地,64,17,持分移轉,07840000
RPXNMLNKKIMFFAV37CA,台東段,1.02,都市：商,9996,12,持分移轉,04340001
RPTNMLOKKIMFFAV07CA,射馬干段,474.21,非都市：特定農業區 ; 非都市編定：甲種建築用地,1,1,全筆移轉,00360000
RPTNMLOKKIMFFAV07CA,射馬干段,424.96,非都市：特定農業區 ; 非都市編定：甲種建築用地,1,1,全筆移轉,00370000
RPRNMLOKKIMFFAV86CA,中山段,83.00,都市：住,1,1,全筆移轉,05320000
RPPNMLNKKIMFFCV86DA,康源段,102.00,非都市：鄉村區 ; 非都市編定：乙種建築用地,1,1,全筆移轉,09660004
RPPNMLPLKIMFFBV96CA,忠勇段,111.91,都市：住,1,1,全筆移轉,05010000
RPSNMLOKKIMFFAV96CA,普優瑪段,133.00,都市：住,1,1,全筆移轉,07850003
RPQNMLPKKIMFFAV86CA,台東段,11.00,都市：住,1,1,全筆移轉,06530052
RPQNMLPKKIMFFAV86CA,台東段,39.00,都市：住,1,1,全筆移轉,06530036
RPQNMLRKKIMFFDV37CA,北橋段,144.70,都市：住,1,1,全筆移轉,00730002
RPQNMLRKKIMFFDV37CA,北溪段,21.96,都市：其他:道路用地,3,1,持分移轉,00110000
RPQNMLRKKIMFFDV37CA,北溪段,1.23,都市：住,3,1,持分移轉,00110001
RPQNMLNKKIMFFAV66CA,豐年段,20.65,都市：住,10000,80,持分移轉,00270003
RPPNMLOKKIMFFBV76CA,永福段,5618.59,非都市：風景區 ; 非都市編定：農牧用地,1,1,全筆移轉,08980000
RPTNMLSKKIMFFAV47CA,上南寮段,103.13,都市：其他:保護區,1,1,全筆移轉,05940001
RPPNMLSKKIMFFAV07CA,下南寮段,266.20,都市：其他:道路,1,1,全筆移轉,04420000
RPPNMLSKKIMFFAV07CA,下南寮段,106.91,都市：農,1,1,全筆移轉,04420001
RPPNMLSKKIMFFAV07CA,下南寮段,176.57,都市：其他:保護區,1,1,全筆移轉,08500000
RPPNMLSKKIMFFAV07CA,下南寮段,184.90,都市：其他:保護區,1,1,全筆移轉,10840000
RPPNMLSKKIMFFAV07CA,下南寮段,148.58,都市：其他:保護區,1,1,全筆移轉,11510000
RPPNMLSKKIMFFAV07CA,下南寮段,12.76,都市：其他:道路,1,1,全筆移轉,11510001
RPPNMLSKKIMFFAV07CA,下南寮段,85.36,都市：其他:保護區,1,1,全筆移轉,11750000
RPPNMLSKKIMFFAV07CA,下南寮段,185.77,都市：其他:保護區,1,1,全筆移轉,11760000
RPPNMLSKKIMFFAV07CA,下南寮段,142.00,都市：其他:保護區,1,1,全筆移轉,11940000
RPPNMLSKKIMFFAV07CA,下南寮段,11.34,都市：其他:道路,1,1,全筆移轉,11940001
RPXNMLOKKIMFFAV47CA,新生段,13.65,都市：住,10000,55,持分移轉,00440000
RPQNMLTKKIMFFAV27CA,豐年段,27.73,都市：住,10000,60,持分移轉,00270007
RPUNMLLLKIMFFAV96CA,上岩灣段,69.03,都市：住,100000,1632,持分移轉,01990000
RPQNMLTKKIMFFDV57CA,荒野段,107.42,非都市：一般農業區 ; 非都市編定：甲種建築用地,1,1,全筆移轉,10300000
RPPNMLPLKIMFFAV96DA,豐富段,275.69,都市：其他:河川用地,1,1,全筆移轉,01270000
SPPNMLPLKIMFFAV07DA,豐富段,203.39,都市：其他:河川用地,1,1,全筆移轉,01300000
RPPNMLLLKIMFFDV76CA,蘭里段,450.00,非都市：鄉村區 ; 非都市編定：乙種建築用地,1,1,全筆移轉,04050000
RPSNMLMJJHNFFAV56CA,台東段,16.72,都市：住,10000,131,持分移轉,18050000
RPPNMLOKKIMFFDV96CA,金星段,1395.00,非都市：山坡地保育區 ; 非都市編定：農牧用地,2,1,持分移轉,07130000
RPUNMLKLKIMFFAV96DA,東海段,11.35,都市：住,10000,19,持分移轉,01300000
RPUNMLKLKIMFFAV96DA,東海段,.73,都市：住,10000,19,持分移轉,01300002
RPSNMLSJJHNFFAV17CA,,22.75,都市：住,8,1,持分移轉,00020007
RPSNMLSJJHNFFAV17CA,,58.39,都市：住,1,1,全筆移轉,00030011
RPQNMLSKKIMFFAV27DA,新園段,2164.00,非都市：特定農業區 ; 非都市編定：農牧用地,2,1,持分移轉,06940000
RPQNMLTKKIMFFBV37CA,和平南段,419.54,非都市：風景區 ; 非都市編定：丙種建築用地,1,1,全筆移轉,03640000
RPPNMLMJJHNFFAV88CA,中心段,170.00,都市：住,1,1,全筆移轉,02240000
RPPNMLMJJHNFFAV88CA,中心段,4.00,都市：住,1,1,全筆移轉,02240001
RPQNMLPJJHNFFCV86CA,慶豐段,41.21,非都市：鄉村區 ; 非都市編定：乙種建築用地,3,1,持分移轉,09390000
RPWNMLSLKIMFFAV87CA,利家段,3429.00,非都市：特定農業區 ; 非都市編定：農牧用地,1,1,全筆移轉,51700000
RPPOMLSKKIMFFAV17CA,豐樂段,151.00,都市：住,1,1,全筆移轉,31020000
RPSNMLSLKIMFFAV47CA,建樂段,182.62,都市：其他:保護區,1,1,全筆移轉,06820001
RPSNMLSLKIMFFAV47CA,建樂段,5744.89,都市：其他:保護區,1,1,全筆移轉,06820000
RPOOMLLKJHNFFAV88CA,大業段,81.88,都市：住,1,1,全筆移轉,00550018
RPRNMLTKKIMFFAV37CA,豐榮段,81.99,都市：住,1,1,全筆移轉,01120017
RPSNMLSKKIMFFAV37CA,馬蘭段,17.37,都市：住,10000,144,持分移轉,16590000
RPVNMLSKKIMFFAV67CA,建業段,119.50,都市：住,1,1,全筆移轉,04390034
RPPNMLTKKIMFFBV37DA,沙泥灣段,2257.94,非都市：風景區 ; 非都市編定：農牧用地,1,1,全筆移轉,03980000
RPPNMLTKKIMFFBV37DA,沙泥灣段,1565.03,非都市：風景區 ; 非都市編定：農牧用地,1,1,全筆移轉,07280000
RPRNMLKLKIMFFBV66CA,忠智段,106.94,都市：住,1,1,全筆移轉,12460000
RPPNMLRLKIMFFCV27CA,里?段,30.09,都市：住,1,1,全筆移轉,10000000
RPPNMLRLKIMFFCV27CA,里?段,120.07,都市：住,1,1,全筆移轉,10010000
RPPNMLMJJHNFFDV66DA,笆札筏段,153.26,非都市：鄉村區 ; 非都市編定：乙種建築用地,1,1,全筆移轉,02900000
RPVOMLQLKIMFFAV67CA,豐康段,.75,都市：住,49,1,持分移轉,06610008
RPVOMLQLKIMFFAV67CA,豐康段,112.85,都市：住,1,1,全筆移轉,06610009
RPVOMLQLKIMFFAV67CA,豐康段,.46,都市：住,49,1,持分移轉,06610026
RPVOMLQLKIMFFAV67CA,豐康段,.88,都市：住,49,1,持分移轉,06610029
RPVOMLQLKIMFFAV67CA,豐康段,3.98,都市：住,49,1,持分移轉,06610030
RPVOMLQLKIMFFAV67CA,豐康段,2.08,都市：住,49,1,持分移轉,06610033
RPQNMLKLKIMFFDV76CA,馬武段,40000.00,非都市：森林區 ; 非都市編定：林業用地,1,1,全筆移轉,00070001
RPPNMLKLKIMFFCV66DA,大池段,6802.65,非都市：特定農業區 ; 非都市編定：農牧用地,1,1,全筆移轉,07360000
RPSNMLMLKIMFFAV96DA,台東段,6.00,都市：住,1,1,全筆移轉,00240223
RPUNMLSLKIMFFBV77CA,濱海段,53.65,都市：住,1,1,全筆移轉,06270000
RPRNMLRLKIMFFCV47CA,福原段,196.67,都市：商,1,1,全筆移轉,03770000
RPPNMLKLKIMFFAV98CA,煙草間段,27.88,非都市：鄉村區 ; 非都市編定：乙種建築用地,1,1,全筆移轉,08270000
RPPNMLKLKIMFFAV98CA,煙草間段,261.06,非都市：鄉村區 ; 非都市編定：乙種建築用地,1,1,全筆移轉,08280000
RPUOMLQLKIMFFAV57CA,東海段,14.93,都市：住,10000,25,持分移轉,01300000
RPUOMLQLKIMFFAV57CA,東海段,.96,都市：住,10000,25,持分移轉,01300002
RPRNMLMLKIMFFAV76CA,永樂段,95.00,都市：農,1,1,全筆移轉,05480002
RPRNMLMLKIMFFAV76CA,永樂段,95.00,都市：農,1,1,全筆移轉,05480003
RPVNMLKLKIMFFAV96CA,中心段,104.00,都市：住,1,1,全筆移轉,04220000
RPQNMLMLKIMFFAV66CA,豐年段,18.00,都市：住,10000,36,持分移轉,00270000
RPRNMLSJJHNFFAV07CA,,93.96,都市：住,1,1,全筆移轉,02230003
RPVNMLLLKIMFFAV07CA,利家段,94.00,非都市：特定農業區 ; 非都市編定：甲種建築用地,1,1,全筆移轉,78570000
RPRNMLTLKIMFFAV47CA,合江段,87.45,非都市：鄉村區 ; 非都市編定：乙種建築用地,1,1,全筆移轉,01560000
RPRNMLTLKIMFFAV47CA,合江段,530.91,非都市：鄉村區 ; 非都市編定：乙種建築用地,1,1,全筆移轉,01580000
RPRNMLTLKIMFFAV47CA,合江段,21.91,非都市：鄉村區 ; 非都市編定：交通用地,1,1,全筆移轉,01820000
RPXNMLSLKIMFFAV97CA,自強段,150.43,都市：住,1,1,全筆移轉,09630002
RPTNMLMLKIMFFAV96CA,東海段,125.78,都市：住,1,1,全筆移轉,06800047
RPPNMLMLKIMFFAV56CA,知本段,752.00,非都市：特定農業區 ; 非都市編定：農牧用地,1,1,全筆移轉,83770002
RPXOMLQLKIMFFAV87CA,常德段,115.34,都市：住,1,1,全筆移轉,04140006
RPQNMLQLKIMFFAV07CA,豐康段,1060.61,都市：住,1,1,全筆移轉,00590000
RPXNMLKLKIMFFAV17CA,自強段,191.00,都市：住,1,1,全筆移轉,07190001
RPPNMLLLKIMFFCV76DA,萬朝段,234.71,非都市：鄉村區 ; 非都市編定：乙種建築用地,1,1,全筆移轉,09950001
RPPNMLRLKIMFFAV07CA,建成段,112.06,都市：商,1,1,全筆移轉,01950002
RPQNMLTLKIMFFBV57DA,萬年段,61.00,非都市：鄉村區 ; 非都市編定：乙種建築用地,1,1,全筆移轉,00990000
RPPNMLQLKIMFFBV07CA,八仙洞段,83.87,都市：農,1,1,全筆移轉,04640000
RPPNMLMLKIMFFCV76CA,南山段,79.47,都市：住,1,1,全筆移轉,06010000
RPRNMLNJJHNFFAV56CA,利家段,102.00,非都市：鄉村區 ; 非都市編定：乙種建築用地,1,1,全筆移轉,75460002
RPWNMLKLKIMFFAV07CA,中山段,74.00,都市：住,1,1,全筆移轉,03520000
RPQOMLQLKIMFFAV27DA,上岩灣段,79.30,都市：住,100000,924,持分移轉,01980000
RPSNMLRLKIMFFCV67DA,大池段,131.31,非都市：鄉村區 ; 非都市編定：乙種建築用地,1,1,全筆移轉,09250000
RPSNMLRLKIMFFCV67DA,大池段,115.79,非都市：鄉村區 ; 非都市編定：乙種建築用地,1,1,全筆移轉,09170000
RPRNMLPJJHNFFAV76CA,合江段,209.66,非都市：鄉村區 ; 非都市編定：乙種建築用地,1,1,全筆移轉,01280004
RPTNMLNJJHNFFAV76CA,東谷段,108.47,都市：住,1,1,全筆移轉,03530000
RPVNMLTLKIMFFAV87CA,上岩灣段,1890.77,非都市：特定農業區 ; 非都市編定：農牧用地,1,1,全筆移轉,12960000
RPVNMLTLKIMFFAV87CA,上岩灣段,945.93,非都市：特定農業區 ; 非都市編定：農牧用地,1,1,全筆移轉,13050000
RPUNMLTLKIMFFAV77CA,利卡夢段,23.08,非都市：鄉村區 ; 非都市編定：乙種建築用地,7,1,持分移轉,03700000
RPOOMLQLKIMFFAV96CA,豐年段,141.31,都市：住,1,1,全筆移轉,09540037
RPTNMLRLKIMFFAV47CA,利家段,2769.00,非都市：山坡地保育區 ; 非都市編定：農牧用地,1,1,全筆移轉,06030052
RPTNMLRLKIMFFAV47CA,利家段,2180.00,非都市：山坡地保育區 ; 非都市編定：農牧用地,1,1,全筆移轉,06030132
RPTNMLRLKIMFFAV47CA,利家段,1106.00,非都市：山坡地保育區 ; 非都市編定：農牧用地,1,1,全筆移轉,06030133
RPTNMLRLKIMFFAV47CA,利家段,4456.00,非都市：山坡地保育區 ; 非都市編定：農牧用地,1,1,全筆移轉,06030249
RPTNMLRLKIMFFAV47CA,利家段,394.00,非都市：山坡地保育區 ; 非都市編定：農牧用地,1,1,全筆移轉,06030251
RPTNMLRLKIMFFAV47CA,利家段,1218.00,非都市：山坡地保育區 ; 非都市編定：農牧用地,1,1,全筆移轉,06030266
RPTNMLRLKIMFFAV47CA,利家段,1306.00,非都市：山坡地保育區 ; 非都市編定：農牧用地,1,1,全筆移轉,06030446
RPSNMLQLKIMFFAV27CA,豐康段,49.78,都市：其他:道路用地,1,1,全筆移轉,00590001
RPSNMLQLKIMFFAV27CA,豐康段,577.40,都市：其他:道路用地,1,1,全筆移轉,01310000
RPSNMLQLKIMFFAV27CA,豐康段,392.86,都市：其他:道路用地,1,1,全筆移轉,01330000
RPQNMLPLKIMFFAV96CA,旭川段,3677.21,非都市：特定農業區 ; 非都市編定：農牧用地,1,1,全筆移轉,09880000
RPVNMLPLKIMFFAV47CA,建業段,3.22,都市：住,2,1,持分移轉,04790005
RPVNMLPLKIMFFAV47CA,建業段,1.07,都市：住,6,1,持分移轉,04790005
RPVNMLPLKIMFFAV47CA,建業段,1.07,都市：住,6,1,持分移轉,04790005
RPVNMLPLKIMFFAV47CA,建業段,1.07,都市：住,6,1,持分移轉,04790005
RPTNMLPLKIMFFAV27CA,自強段,102.00,都市：住,1,1,全筆移轉,00590000
RPRNMLQLKIMFFBV27CA,都豐段,2870.53,非都市：風景區 ; 非都市編定：農牧用地,1,1,全筆移轉,09460000
RPRNMLQLKIMFFBV27CA,都豐段,236.16,非都市：風景區 ; 非都市編定：農牧用地,1,1,全筆移轉,09520000
RPPNMLQLKIMFFCV27DA,武陵段,1410.00,非都市：山坡地保育區 ; 非都市編定：農牧用地,1,1,全筆移轉,06530000
RPPNMLPKJHNFFCV86CA,新福段,67.93,非都市：一般農業區 ; 非都市編定：水利用地,4,1,持分移轉,11100000
RPPNMLRLKIMFFDV37CA,秀山段,10.39,都市：住,10000,9,持分移轉,07230000
RPPNMLRLKIMFFDV37CA,秀山段,.00,都市：住,10000,9,持分移轉,07230001
RPTNMLSLKIMFFBV67CA,八桑灣段,1005.02,非都市：風景區 ; 非都市編定：丙種建築用地,1,1,全筆移轉,06280000
RPTNMLQLKIMFFDV67CA,秀山段,7.08,都市：住,10000,22,持分移轉,07280000
RPQNMLPLKIMFFBV07CA,三仙段,2544.12,非都市：風景區 ; 非都市編定：農牧用地,1,1,全筆移轉,06510000
RPQNMLPLKIMFFBV07CA,三仙段,1562.17,非都市：風景區 ; 非都市編定：農牧用地,1,1,全筆移轉,06500000
RPQNMLPLKIMFFBV07CA,三仙段,934.93,非都市：風景區 ; 非都市編定：農牧用地,1,1,全筆移轉,06980000
RPPNMLMLKIMFFBV66CA,高原段,4549.00,非都市：森林區 ; 非都市編定：農牧用地,1,1,全筆移轉,08190000
RPQNMLSLKIMFFDV57CA,西勢湖段,316.64,非都市：山坡地保育區 ; 非都市編定：農牧用地,6,1,持分移轉,01320000
RPQNMLSLKIMFFDV57CA,西勢湖段,43.73,非都市：山坡地保育區 ; 非都市編定：農牧用地,6,1,持分移轉,01330000
RPUNMLQLKIMFFDV77CA,秀山段,8.36,都市：住,10000,26,持分移轉,07280000
RPQNMLRLKIMFFDV57DA,秀山段,8.08,都市：商,10000,7,持分移轉,07230000
RPQNMLRLKIMFFDV57DA,秀山段,.00,都市：商,10000,7,持分移轉,07230001
RPQNMLQLKIMFFBV17CA,忠智段,3.21,都市：住,1,1,全筆移轉,08370001
RPWNMLQLKIMFFAV67CA,台東段,243.50,都市：住,2,1,持分移轉,00230027
RPWNMLQLKIMFFAV67CA,台東段,243.50,都市：住,2,1,持分移轉,00230027
RPWNMLQLKIMFFAV67CA,台東段,27.00,都市：住,2,1,持分移轉,00230056
RPWNMLQLKIMFFAV67CA,台東段,27.00,都市：住,2,1,持分移轉,00230056
RPRNMLRLKIMFFAV27CA,公?東段,197.93,都市：住,1,1,全筆移轉,11940000
RPQNMLQLKIMFFCV37DA,錦富段,69.49,非都市：鄉村區 ; 非都市編定：乙種建築用地,1,1,全筆移轉,04220000
RPQNMLQLKIMFFCV37DA,錦富段,409.58,非都市：鄉村區 ; 非都市編定：乙種建築用地,1,1,全筆移轉,04240000
RPRNMLSLKIMFFAV37CA,台東段,21.32,都市：住,10000,210,持分移轉,00010062
RPSOMLQLKIMFFAV37CA,豐康段,172.38,都市：住,1,1,全筆移轉,08470013
RPSOMLQLKIMFFAV37CA,豐康段,10.59,都市：住,1,1,全筆移轉,08640003
RPXNMLQLKIMFFAV77CA,豐年段,139.29,都市：住,1,1,全筆移轉,09540038
RPVNMLQLKIMFFAV57CA,台東段,74.00,都市：住,1,1,全筆移轉,00040542
RPPNMLTLKIMFFAV27CA,中清段,17.93,都市：其他:道路用地,1,1,全筆移轉,02410002
RPPNMLTLKIMFFAV27CA,中清段,142.83,都市：住,1,1,全筆移轉,02420006
RPTNMLSJJHNFFAV27CA,,23.75,都市：住,10000,92,持分移轉,00270003
RPUNMLTKJHNFFAV57CA,豐年段,6.50,都市：住,10000,13,持分移轉,00270000
RPUNMLSJJHNFFAV37CA,,7.24,都市：住,15,1,持分移轉,03360000
RPUNMLSJJHNFFAV37CA,,.26,都市：住,15,1,持分移轉,03360001
RPUNMLSJJHNFFAV37CA,,.08,都市：住,15,1,持分移轉,03360002
RPUNMLSJJHNFFAV37CA,,104.49,都市：住,1,1,全筆移轉,03370000
RPUNMLSJJHNFFAV37CA,,7.72,都市：住,1,1,全筆移轉,03370001
RPUNMLSJJHNFFAV37CA,,1.35,都市：住,1,1,全筆移轉,03370002
RPUNMLSJJHNFFAV37CA,,9.13,都市：住,15,1,持分移轉,03460000
RPUNMLSJJHNFFAV37CA,,1.27,都市：住,15,1,持分移轉,03460001
RPUNMLSJJHNFFAV37CA,,.02,都市：住,15,1,持分移轉,03460002
RPWOMLTKJHNFFAV87CA,康樂段,1181.00,非都市：特定農業區 ; 非都市編定：農牧用地,1,1,全筆移轉,05910000
RPSNMLQKJHNFFAV07CA,馬蘭段,124.83,都市：住,100,57,持分移轉,17250001
RPTNMLSLKIMFFAV57CA,豐康段,126.47,都市：住,1,1,全筆移轉,08470014
RPQOMLMKJHNFFAV56CA,永豐段,755.03,都市：農,1,1,全筆移轉,06500000
RPQOMLMKJHNFFAV56CA,永豐段,2642.26,都市：農,1,1,全筆移轉,06500001
RPQOMLMKJHNFFAV56CA,永豐段,2649.98,都市：農,1,1,全筆移轉,06500002
RPQOMLMKJHNFFAV56CA,永豐段,2650.04,都市：農,1,1,全筆移轉,06500003
RPQOMLMKJHNFFAV56CA,永豐段,3056.27,都市：農,1,1,全筆移轉,06500004
RPTNMLQLKIMFFAV37CA,大業段,934.83,非都市：特定農業區 ; 非都市編定：甲種建築用地,1,1,全筆移轉,06580000
RPUNMLRLKIMFFAV57CA,馬蘭段,115.00,都市：住,1,1,全筆移轉,18340002
RPOPMLQLKIMFFAV07CA,龍過脈段,3174.96,非都市：山坡地保育區 ; 非都市編定：農牧用地,1,1,全筆移轉,08680001
RPPNMLKLJHNFFBV98CA,南河段,1619.84,都市：其他:旅館區,1000,490,持分移轉,07810001
RPPNMLKLJHNFFBV98CA,南河段,813.22,都市：其他:旅館區,1000,246,持分移轉,07810001
RPPOMLQLKIMFFAV07CA,台東段,63.00,都市：住,1,1,全筆移轉,01660126
RPPPMLQLKIMFFAV17CA,台東段,56.00,都市：住,1,1,全筆移轉,00010271
RPPNMLKMKIMFFCV66CA,溪埔段,781.84,非都市：特定農業區 ; 非都市編定：農牧用地,1,1,全筆移轉,06220000
RPPNMLRLKIMFFBV27DA,永福段,3127.69,非都市：風景區 ; 非都市編定：農牧用地,1,1,全筆移轉,05550000
RPPNMLSLKIMFFCV37CA,溪埔段,88.50,都市：工,1,1,全筆移轉,10580000
RPPNMLSLKIMFFCV37CA,溪埔段,232.51,都市：工,1,1,全筆移轉,10910000
RPQNMLSLKIMFFAV37DA,南王段,197.06,都市：住,1,1,全筆移轉,03020000
RPTNMLTLKIMFFAV77DA,自強段,79.00,都市：住,1,1,全筆移轉,01890000
RPPNMLSLKIMFFDV47CA,秀山段,475.04,非都市：一般農業區 ; 非都市編定：農牧用地,4,1,持分移轉,04150000
RPTNMLOJJHNFFAV96DA,,125.84,非都市： ; 非都市編定：,1,1,全筆移轉,07700000
RPRNMLKMKIMFFCV86CA,新福段,2681.44,非都市：特定農業區 ; 非都市編定：農牧用地,1,1,全筆移轉,06580000
RPSNMLKMKIMFFCV96CA,新福段,9096.84,非都市：特定農業區 ; 非都市編定：農牧用地,1,1,全筆移轉,06600000
RPQNMLMJJHNFFAV98CA,馬蘭段,91.00,都市：住,1,1,全筆移轉,16380004
RPRNMLMJJHNFFAV09CA,馬蘭段,91.00,都市：住,1,1,全筆移轉,16380003
RPPNMLOJJHNFFBV66DA,烏石鼻段,2221.84,非都市：風景區 ; 非都市編定：農牧用地,1,1,全筆移轉,06040002
RPQOMLSJJHNFFAV07CA,,22.69,都市：住,10000,38,持分移轉,01300000
RPQOMLSJJHNFFAV07CA,,1.46,都市：住,10000,38,持分移轉,01300002
RPOOMLSJJHNFFAV86CA,,1423.26,非都市： ; 非都市編定：,1,1,全筆移轉,06290000
RPWNMLTLKIMFFAV97CA,新中寮段,378.78,都市：農,1,1,全筆移轉,12530000
RPWNMLTLKIMFFAV97CA,新中寮段,18.80,都市：農,1,1,全筆移轉,12530001
RPPNMLPLJHNFFBV86CA,玉港段,53.66,非都市：風景區 ; 非都市編定：農牧用地,6,1,持分移轉,07590000
RPPNMLPLJHNFFBV86CA,玉港段,2116.36,非都市：風景區 ; 非都市編定：農牧用地,6,1,持分移轉,07810000
RPPNMLPLJHNFFBV86CA,玉港段,393.93,非都市：風景區 ; 非都市編定：農牧用地,6,1,持分移轉,07840000
RPPNMLPLJHNFFBV86CA,玉港段,200.92,非都市：風景區 ; 非都市編定：農牧用地,6,1,持分移轉,08070000
RPQNMLQLJHNFFBV07CA,玉長段,437.98,非都市：鄉村區 ; 非都市編定：乙種建築用地,1,1,全筆移轉,08180000
RPPNMLOLJHNFFBV76CA,大俱來段,109.42,非都市：鄉村區 ; 非都市編定：乙種建築用地,1,1,全筆移轉,01790000
RPQNMLKMKIMFFCV76CA,溪埔段,3213.26,非都市：特定農業區 ; 非都市編定：農牧用地,1,1,全筆移轉,06060000
RPQNMLKMKIMFFCV76CA,溪埔段,2535.68,非都市：特定農業區 ; 非都市編定：農牧用地,1,1,全筆移轉,06460000
RPQNMLQKJHNFFBV96CA,北八里段,484.00,非都市：風景區 ; 非都市編定：農牧用地,4,1,持分移轉,09880000
RPQNMLQKJHNFFBV96CA,北八里段,594.42,非都市：風景區 ; 非都市編定：農牧用地,4,1,持分移轉,09900000
RPQNMLQKJHNFFBV96CA,北八里段,1752.58,非都市：風景區 ; 非都市編定：農牧用地,4,1,持分移轉,10070000
RPPNMLMKKIOFFBV86DA,高原段,2788.00,非都市：森林區 ; 非都市編定：農牧用地,1,1,全筆移轉,14460002
RPPNMLPJJHNFFBV66CA,新港段八邊小段,2715.00,非都市：風景區 ; 非都市編定：農牧用地,1,1,全筆移轉,02130001
RPPNMLMKKIOFFBV86DA,高原段,2504.00,非都市： ; 非都市編定：,1,1,全筆移轉,14460003
RPSNMLKKJHNFFAV09CA,新生段,119.00,都市：住,1,1,全筆移轉,12750000
RPPNMLOJJHNFFCV76DA,中和段,5755.29,非都市：一般農業區 ; 非都市編定：農牧用地,1,1,全筆移轉,02250000
RPPNMLOJJHNFFCV76DA,中和段,454.68,非都市：一般農業區 ; 非都市編定：農牧用地,1,1,全筆移轉,02260000
RPPNMLOJJHNFFCV76DA,中和段,1139.43,非都市：一般農業區 ; 非都市編定：農牧用地,1,1,全筆移轉,02270000
RPPNMLOJJHNFFCV76DA,中和段,3974.70,非都市：一般農業區 ; 非都市編定：農牧用地,1,1,全筆移轉,02280000
RPPNMLOJJHNFFCV76DA,中和段,483.40,非都市：一般農業區 ; 非都市編定：礦業用地,1,1,全筆移轉,02280001
RPPNMLOJJHNFFCV76DA,中和段,493.33,非都市：一般農業區 ; 非都市編定：農牧用地,1,1,全筆移轉,02330000
RPPNMLOJJHNFFCV76DA,中和段,871.15,非都市：一般農業區 ; 非都市編定：農牧用地,1,1,全筆移轉,02370000
RPPNMLOJJHNFFCV76DA,中和段,1773.40,非都市：一般農業區 ; 非都市編定：農牧用地,1,1,全筆移轉,02380000
RPXNMLTLKIMFFAV08CA,泰安段,3217.37,非都市：一般農業區 ; 非都市編定：農牧用地,1,1,全筆移轉,01690000
RPPNMLNJJHNFFCV66DA,隆昌段,1037.01,非都市：特定農業區 ; 非都市編定：農牧用地,1,1,全筆移轉,00760000
RPTOMLNJJHNFFAV86CA,,19.00,都市：農,1,1,全筆移轉,07800002
RPTOMLNJJHNFFAV86CA,,98.41,都市：農,1,1,全筆移轉,01350005
RPQOMLNJJHNFFAV56CA,建業段,125.95,都市：住,1,1,全筆移轉,04760006
RPSOMLNJJHNFFAV76CA,利家段,60.00,非都市：鄉村區 ; 非都市編定：乙種建築用地,1,1,全筆移轉,76350000
RPXNMLNJJHNFFAV17CA,知本段,2103.00,非都市：特定農業區 ; 非都市編定：農牧用地,1,1,全筆移轉,75260001
RPQNMLPJJHNFFAV66CA,普優瑪段,111.61,都市：住,1,1,全筆移轉,07190000
RPUNMLPJJHNFFAV07CA,,5170.00,非都市： ; 非都市編定：,1,1,全筆移轉,06350000
RPUNMLNJJHNFFAV86CA,龍過脈段,380.97,非都市：山坡地保育區 ; 非都市編定：丙種建築用地,1,1,全筆移轉,08050000
RPSNMLOJJHNFFAV76CA,豐谷段,103.00,都市：住,1,1,全筆移轉,01280000
RPTNMLPJJHNFFAV07DA,,3.35,都市：其他:,6354,288,持分移轉,03210001
RPPNMLMJJHNFFCV56DA,加拿段,899.00,非都市：山坡地保育區 ; 非都市編定：農牧用地,1,1,全筆移轉,03470000
RPPNMLMJJHNFFCV56DA,加拿段,978.00,非都市：山坡地保育區 ; 非都市編定：農牧用地,1,1,全筆移轉,03470001
RPPNMLSJJHNFFCV17DA,武陵段,527.00,非都市：鄉村區 ; 非都市編定：乙種建築用地,1,1,全筆移轉,04700000
TPTNMLPJJHNFFAV27DA,,5.83,都市：其他:,2543,9,持分移轉,03230002
SPTNMLPJJHNFFAV17DA,,4.32,都市：其他:,1000,92,持分移轉,03230001
UPTNMLPJJHNFFAV37DA,,9.02,都市：其他:,1000,92,持分移轉,03240001
VPTNMLPJJHNFFAV47DA,,41.68,都市：其他:,1000,92,持分移轉,03240002
RPOOMLNJJHNFFAV09DA,初鹿段,740.00,非都市：特定農業區 ; 非都市編定：水利用地,1,1,全筆移轉,38690000
RPQNMLPJJHNFFBV76CA,北佳里段,7117.33,非都市：風景區 ; 非都市編定：農牧用地,1,1,全筆移轉,03960002
RPSNMLPKJHNFFAV07DA,豐富段,127.86,都市：住,1,1,全筆移轉,04830000
RPPNMLPJJHNFFCV76CA,龍田段,20.81,都市：其他:道路用地,100,13,持分移轉,01810001
RPPNMLPJJHNFFCV76CA,龍田段,6.41,都市：其他:道路用地,1080,100,持分移轉,01820001
RPPNMLPJJHNFFCV76CA,龍田段,396.56,都市：住,1,1,全筆移轉,01820003
RPQNMLSJJHNFFAV07DA,,12.85,都市：住,10000,254,持分移轉,05300000
RPWNMLSJJHNFFAV57CA,,21.00,都市：住,1,1,全筆移轉,04510070
RPWNMLSJJHNFFAV57CA,,14.00,都市：其他:,1,1,全筆移轉,04510241
RPPNMLOJJHNFFAV09CA,旭川段,2790.07,非都市：特定農業區 ; 非都市編定：農牧用地,6,4,持分移轉,10960000
RPWNMLNJJHNFFAV07CA,台東段,58.00,都市：住,1,1,全筆移轉,00040294
RPPOMLSJJHNFFAV96CA,,72.00,都市：住,1,1,全筆移轉,06490099
RPROMLNJJHNFFAV66CA,東谷段,115.48,都市：住,1,1,全筆移轉,03790000
RPROMLNJJHNFFAV66CA,東谷段,8.22,都市：住,1,1,全筆移轉,03800000
RPVNMLKKJHNFFAV76CA,利家段,4.00,非都市：鄉村區 ; 非都市編定：乙種建築用地,1,1,全筆移轉,77130001
RPSNMLMKJHNFFAV66CA,台東段,146.00,都市：住,1,1,全筆移轉,01290007
RPPNMLSJJHNFFAV86CA,,.36,都市：住,100,9,持分移轉,21950001
RPSNMLPJJHNFFAV86CA,光明段,123.00,都市：住,1,1,全筆移轉,06320108
RPRNMLRKJHNFFAV17DA,中心段,93.00,都市：住,1,1,全筆移轉,09230000
RPQNMLSKJHNFFBV17CA,大霸來段,817.22,非都市：風景區 ; 非都市編定：農牧用地,1,1,全筆移轉,03710002
RPPNMLQJJHNFFBV76CA,北佳里段,2677.37,非都市：風景區 ; 非都市編定：農牧用地,1,1,全筆移轉,03930000
RPPNMLQJJHNFFBV76CA,北佳里段,2500.00,非都市：風景區 ; 非都市編定：農牧用地,1,1,全筆移轉,03960000
RPPNMLQJJHNFFBV76CA,北佳里段,3333.12,非都市：風景區 ; 非都市編定：農牧用地,1,1,全筆移轉,03960001
RPSNMLTJJHNFFAV27CA,北南王段,107.30,都市：住,1,1,全筆移轉,02650000
RPWNMLKKJHNFFAV86CA,利家段,16.00,非都市：鄉村區 ; 非都市編定：乙種建築用地,1,1,全筆移轉,77130002
RPWNMLPKJHNFFAV37CA,梅園段,197.61,非都市：特定農業區 ; 非都市編定：甲種建築用地,1,1,全筆移轉,07060000
RPTNMLLKJHNFFDV96CA,秀山段,8.08,都市：住,10000,7,持分移轉,07230000
RPTNMLLKJHNFFDV96CA,秀山段,.00,都市：住,10000,7,持分移轉,07230001
RPUNMLTJJHNFFAV47CA,台東段,3.87,都市：住,10000,67,持分移轉,18220000
RPQNMLTJJHNFFCV27CA,中和段,21.02,非都市：鄉村區 ; 非都市編定：乙種建築用地,1,1,全筆移轉,02730000
RPQNMLTJJHNFFCV27CA,中和段,143.43,非都市：鄉村區 ; 非都市編定：乙種建築用地,1,1,全筆移轉,02740000
RPPOMLPKJHNFFAV76CA,興安段,302.00,都市：住,1,1,全筆移轉,00600015
RPVNMLTJJHNFFAV57CA,建國段,75.50,都市：住,1,1,全筆移轉,05430000
RPVNMLTJJHNFFAV57CA,建國段,5.50,都市：其他:道,1,1,全筆移轉,05430001
RPQNMLMLJHNFFBV66CA,高原段,1820.00,非都市：森林區 ; 非都市編定：農牧用地,1,1,全筆移轉,08880000
RPXNMLKKJHNFFAV96CA,馬蘭段,47.31,都市：住,10000,123,持分移轉,14590000
RPUNMLLKJHNFFAV76CA,利家段,112.67,非都市：鄉村區 ; 非都市編定：乙種建築用地,10000,140,持分移轉,81260000
RPUNMLLKJHNFFAV76CA,利家段,19.75,非都市：鄉村區 ; 非都市編定：乙種建築用地,10000,140,持分移轉,82850000
RPQNMLKKJHNFFAV88CA,東海段,75.63,都市：住,1,1,全筆移轉,03490000
RPXNMLLKJHNFFAV07CA,豐谷段,116.67,都市：住,5,4,持分移轉,01130001
RPXNMLLKJHNFFAV07CA,豐谷段,34.40,都市：住,5,4,持分移轉,01190000
RPWNMLLKJHNFFAV96CA,東海段,75.76,都市：農,1,1,全筆移轉,01600006
RPWNMLLKJHNFFAV96CA,東海段,2.44,都市：其他:河道用地,1,1,全筆移轉,01600007
RPWNMLMKJHNFFAV07CA,豐榮段,44.00,都市：住,1,1,全筆移轉,04350000
RPWNMLMKJHNFFAV07CA,豐榮段,37.00,都市：住,1,1,全筆移轉,04360000
RPQNMLTJJHNFFAV07CA,東農段,1047.91,非都市：特定農業區 ; 非都市編定：農牧用地,1,1,全筆移轉,03400000
RPXNMLKMJHNFFAV17CA,台東段,11.09,都市：住,1000,42,持分移轉,15640000
RPXNMLKMJHNFFAV17CA,台東段,1.26,都市：住,1000,42,持分移轉,15640006
RPTNMLTKJHNFFAV47CA,利家段,50.00,非都市：鄉村區 ; 非都市編定：乙種建築用地,1,1,全筆移轉,82320000
RPPNMLMLJHNFFAV09CA,建業段,125.21,都市：住,1,1,全筆移轉,04810004
RPRNMLOLJHNFFAV86CA,建康段,93.60,都市：住,1,1,全筆移轉,00350100
RPPNMLPKJHNFFAV66CA,豐利段,167.79,都市：住,2,1,持分移轉,04930000
RPPNMLPKJHNFFAV66CA,豐利段,69.32,都市：其他:道路用地,2,1,持分移轉,04940000
RPPNMLPKJHNFFAV66CA,豐利段,47.60,都市：住,2,1,持分移轉,05250000
RPRNMLTJJHNFFAV17CA,自強段,136.00,都市：住,1,1,全筆移轉,07480005
RPQNMLMKJHNFFCV66CA,新興段,5599.93,非都市：特定農業區 ; 非都市編定：農牧用地,1,1,全筆移轉,11290000
RPQNMLMKJHNFFCV66CA,新興段,2866.57,非都市：特定農業區 ; 非都市編定：農牧用地,1,1,全筆移轉,11470000
RPQNMLMKJHNFFCV66CA,新興段,2536.00,非都市：特定農業區 ; 非都市編定：農牧用地,1,1,全筆移轉,11480000
RPQNMLLKJHNFFAV98CA,興安段,243.04,都市：住,1,1,全筆移轉,04640000
RPSNMLOLJHNFFAV96CA,康樂段,3080.00,非都市：特定農業區 ; 非都市編定：農牧用地,1,1,全筆移轉,03560000
RPSNMLOLJHNFFAV96CA,康樂段,7602.00,非都市：特定農業區 ; 非都市編定：農牧用地,1,1,全筆移轉,03370000
RPSNMLLJKHNFFCV76CA,慶福段,125.37,都市：商,1,1,全筆移轉,06120001
RPQNMLTLJHNFFCV47CA,慶福段,124.96,都市：商,1,1,全筆移轉,06120003
RPSNMLPLJHNFFBV27DA,高原段,1365.00,非都市：森林區 ; 非都市編定：農牧用地,2,1,持分移轉,00060003
RPPNMLMKJHNFFCV66DA,慶福段,69.81,都市：住,1,1,全筆移轉,00960000
RPPNMLMJKHNFFCV56CA,慶福段,125.15,都市：商,1,1,全筆移轉,06120002
RPPNMLMJKHNFFCV56CA,慶福段,123.49,都市：商,1,1,全筆移轉,06120004
RPPNMLQKJHNFFDV07CA,秀山段,10.39,都市：其他:出租旅館區,10000,9,持分移轉,07230000
RPPNMLQKJHNFFDV07CA,秀山段,.00,都市：其他:出租旅館區,10000,9,持分移轉,07230001
RPQNMLQKJHNFFDV17CA,秀山段,8.08,都市：其他:出租旅館區,10000,7,持分移轉,07230000
RPQNMLQKJHNFFDV17CA,秀山段,.00,都市：其他:出租旅館區,10000,7,持分移轉,07230001
RPUNMLLKJHNFFDV07CA,樂山段,341.50,非都市：山坡地保育區 ; 非都市編定：丙種建築用地,2,1,持分移轉,00260000
RPPNMLLKJHNFFBV98CA,高原段,2500.00,非都市：森林區 ; 非都市編定：農牧用地,1,1,全筆移轉,15390000
RPPNMLLKJHNFFBV98CA,高原段,17350.00,非都市：森林區 ; 非都市編定：農牧用地,1,1,全筆移轉,15400000
RPPNMLLKJHNFFBV98CA,高原段,16705.00,非都市：森林區 ; 非都市編定：農牧用地,1,1,全筆移轉,15410000
RPPNMLLKJHNFFBV98CA,高原段,1490.00,非都市：森林區 ; 非都市編定：農牧用地,1,1,全筆移轉,15440000
RPPNMLLKJHNFFBV98CA,高原段,10425.00,非都市：森林區 ; 非都市編定：農牧用地,1,1,全筆移轉,16060000
RPQNMLMKJHNFFDV76CA,秀山段,10.39,都市：住,10000,9,持分移轉,07230000
RPQNMLMKJHNFFDV76CA,秀山段,.00,都市：住,10000,9,持分移轉,07230001
RPPNMLLKJHNFFDV56CA,泰王段,101.33,都市：其他:公園預定地,1,1,全筆移轉,09310000
RPPNMLLKJHNFFDV56CA,泰王段,133.56,都市：其他:公園預定地,1,1,全筆移轉,09320000
RPPNMLRJKHNFFAV86CA,台東段,166.00,都市：住,1,1,全筆移轉,06540156
RPPNMLRKJHNFFCV07CA,錦富段,3973.27,非都市：特定農業區 ; 非都市編定：農牧用地,1,1,全筆移轉,10560000
RPPNMLRKJHNFFCV07CA,錦富段,8161.63,非都市：特定農業區 ; 非都市編定：農牧用地,1,1,全筆移轉,10570000
RPQNMLPKJHNFFAV76CA,台東段,106.00,都市：住,1,1,全筆移轉,15950001
RPQNMLPKJHNFFAV76CA,台東段,20.00,都市：住,1,1,全筆移轉,16080001
RPXNMLMKJHNFFAV17CA,台東段,154.00,都市：住,1,1,全筆移轉,00240035
RPRNMLPKJHNFFAV86CA,富岡段,84.91,非都市：鄉村區 ; 非都市編定：乙種建築用地,1,1,全筆移轉,11190000
RPOOMLMKJHNFFAV98CA,知本段,988.00,非都市：特定農業區 ; 非都市編定：農牧用地,1,1,全筆移轉,80130001
RPOOMLMKJHNFFAV98CA,知本段,1800.00,非都市：特定農業區 ; 非都市編定：農牧用地,1,1,全筆移轉,80200001
RPPNMLMKJHNFFAV98CA,富岡段,69.91,非都市：鄉村區 ; 非都市編定：乙種建築用地,1,1,全筆移轉,07610000
RPPOMLMKJHNFFAV09CA,新園段,452.00,非都市：特定農業區 ; 非都市編定：農牧用地,1,1,全筆移轉,05320000
RPTNMLMKJHNFFAV76CA,豐年段,55.76,都市：住,1,1,全筆移轉,00020019
RPQNMLMKJHNFFAV09CA,知本段,150.00,非都市：特定農業區 ; 非都市編定：甲種建築用地,1,1,全筆移轉,77890004
RPRNMLMKJHNFFAV56CA,台東段,111.00,都市：住,1,1,全筆移轉,00060162
RPPNMLLJKHNFFCV09CA,溪埔段,207.09,都市：工,2,1,持分移轉,11170000
RPXNMLPKJHNFFAV47CA,龍過脈段,2257.05,非都市：山坡地保育區 ; 非都市編定：農牧用地,1,1,全筆移轉,10070000
RPXNMLPKJHNFFAV47CA,龍過脈段,5568.43,非都市：山坡地保育區 ; 非都市編定：農牧用地,1,1,全筆移轉,10080000
RPRNMLRJKHNFFAV07CA,德安段,28.26,都市：住,30000,226,持分移轉,00630000
RPRNMLRJKHNFFAV07CA,德安段,.20,都市：住,30000,226,持分移轉,00630001
RPRNMLRJKHNFFAV07CA,德安段,2.61,都市：住,30000,226,持分移轉,00630002
RPPNMLRKJHNFFAV86CA,台東段,147.00,都市：住,1,1,全筆移轉,01600135
RPRNMLRJKHNFFAV07CA,德安段,.05,都市：住,30000,226,持分移轉,00630003
RPPNMLRKJHNFFAV86CA,台東段,123.00,都市：住,1,1,全筆移轉,01600225
RPVNMLQJKHNFFAV37CA,自強段,68.88,都市：住,3,1,持分移轉,10170000
RPPNMLTKJHNFFDV47DA,尚武段,77.03,都市：住,1,1,全筆移轉,11690000
RPRNMLSKJHNFFBV27CA,田組段,4078.09,非都市：風景區 ; 非都市編定：農牧用地,1,1,全筆移轉,05850000
RPTNMLPKJHNFFAV07CA,自強段,54.03,都市：住,20,1,持分移轉,09340000
RPPNMLMKJHNFFBV09CA,萬年段,84.00,非都市：鄉村區 ; 非都市編定：乙種建築用地,1,1,全筆移轉,06230000
RPQNMLQKJHNFFAV96DA,永清段,11.59,都市：商,1,1,全筆移轉,06810001
RPPNMLPKJHNFFDV96CA,秀山段,10.39,都市：其他:道,10000,9,持分移轉,07230000
RPPNMLPKJHNFFDV96CA,秀山段,.00,都市：其他:道,10000,9,持分移轉,07230001
RPPNMLQKJHNFFBV86CA,高原段,8069.00,非都市：森林區 ; 非都市編定：農牧用地,1,1,全筆移轉,03500002
RPRNMLSKJHNFFAV27DA,新生段,15.13,都市：住,10000,61,持分移轉,00440000
RPPNMLRJKHNFFCV07CA,里?段,102.06,都市：商,1,1,全筆移轉,06460001
RPPNMLRJKHNFFCV07CA,里?段,20.82,都市：商,1,1,全筆移轉,06570002
RPPNMLQKJHNFFAV86DA,永清段,7.07,都市：商,1,1,全筆移轉,06810002
RPTOMLRJKHNFFAV47DA,馬蘭段,5.05,都市：住,10000,144,持分移轉,15680000
RPTOMLRJKHNFFAV47DA,馬蘭段,5.95,都市：住,10000,144,持分移轉,15700000
RPWNMLQJKHNFFAV47CA,自強段,68.88,都市：住,3,1,持分移轉,10170000
RPTNMLQKJHNFFAV27DA,永清段,57.68,都市：商,1,1,全筆移轉,06810000
RPQNMLRJKHNFFAV96CA,建和段,3115.53,非都市：特定農業區 ; 非都市編定：農牧用地,1,1,全筆移轉,03430000
RPTNMLRKJHNFFAV27CA,知本段,479.50,非都市：特定農業區 ; 非都市編定：農牧用地,2,1,持分移轉,82430001
RPSNMLRKJHNFFAV17CA,建興段,99.00,都市：住,1,1,全筆移轉,01270000
RPPNMLSKJHNFFAV96CA,豐康段,14.84,都市：住,10000,101,持分移轉,08260000
RPPNMLSKJHNFFAV96CA,豐康段,5.64,都市：住,10000,101,持分移轉,08260001
RPSNMLSKJHNFFAV27CA,上岩灣段,2346.50,非都市：特定農業區 ; 非都市編定：農牧用地,1,1,全筆移轉,09200000
RPQNMLSKJHNFFAV07CA,南王段,87.68,都市：住,1,1,全筆移轉,08630002
RPTNMLSKJHNFFAV37CA,東谷段,79.19,都市：住,1,1,全筆移轉,03460000
RPTNMLSKJHNFFAV37CA,東谷段,23.54,都市：住,1,1,全筆移轉,03470000
RPXNMLQJKHNFFAV57CA,自強段,68.88,都市：住,3,1,持分移轉,10170000
RPUNMLSKJHNFFAV47CA,豐年段,57.00,都市：住,1,1,全筆移轉,00020050
RPVNMLPKJHNFFAV27CA,永豐段,6712.37,都市：農,1,1,全筆移轉,06660000
RPQNMLRJKHNFFCV17CA,鸞山段,780.00,非都市：山坡地保育區 ; 非都市編定：農牧用地,1,1,全筆移轉,03680000
RPQNMLRJKHNFFCV17CA,鸞山段,3150.00,非都市：山坡地保育區 ; 非都市編定：農牧用地,1,1,全筆移轉,03730000
RPQNMLRJKHNFFCV17CA,鸞山段,3070.00,非都市：山坡地保育區 ; 非都市編定：農牧用地,1,1,全筆移轉,03740000
RPUNMLNLJHNFFAV17DA,東興段,207.73,非都市：特定農業區 ; 非都市編定：特定目的事業用地,1,1,全筆移轉,02340001
RPPOMLRJKHNFFAV96CA,興安段,139.35,都市：住,1,1,全筆移轉,03870002
RPPNMLTKJHNFFCV27CA,大原段,873.00,非都市：特定農業區 ; 非都市編定：甲種建築用地,1,1,全筆移轉,47210000
RPQNMLTKJHNFFAV17CA,台東段,220.00,都市：住,1,1,全筆移轉,24240000
RPROMLTKJHNFFAV37CA,台東段,43.64,都市：住,10000,416,持分移轉,20380000
RPVNMLSKJHNFFAV57CA,東海段,118.10,都市：住,1,1,全筆移轉,06950007
RPRNMLLMJHNFFCV86CA,水井段,98.19,非都市：特定農業區 ; 非都市編定：水利用地,1,1,全筆移轉,01430000
RPRNMLLMJHNFFCV86CA,水井段,911.23,非都市：特定農業區 ; 非都市編定：農牧用地,1,1,全筆移轉,01440000
RPRNMLLMJHNFFCV86CA,水井段,278.69,非都市：特定農業區 ; 非都市編定：農牧用地,1,1,全筆移轉,01450000
RPRNMLLMJHNFFCV86CA,水井段,3557.63,非都市：特定農業區 ; 非都市編定：農牧用地,1,1,全筆移轉,03690000
RPRNMLLMJHNFFCV86CA,水井段,74.98,非都市：特定農業區 ; 非都市編定：水利用地,1,1,全筆移轉,03700000
RPRNMLLMJHNFFCV86CA,水井段,2942.19,非都市：特定農業區 ; 非都市編定：農牧用地,1,1,全筆移轉,03710000
RPRNMLLMJHNFFCV86CA,水井段,3061.30,非都市：特定農業區 ; 非都市編定：農牧用地,1,1,全筆移轉,03740000
RPRNMLLMJHNFFCV86CA,水井段,3170.41,非都市：特定農業區 ; 非都市編定：農牧用地,1,1,全筆移轉,03750000
RPVNMLOLJHNFFAV27CA,利家段,115.00,非都市：特定農業區 ; 非都市編定：甲種建築用地,1,1,全筆移轉,82820013
RPSOMLTKJHNFFAV47CA,豐聖段,72.26,都市：住,1,1,全筆移轉,02580000
RPTOMLTKJHNFFAV57CA,豐聖段,74.19,都市：住,1,1,全筆移轉,02590000
RPPNMLTLJHNFFBV27CA,東河段,14.76,都市：住,1,1,全筆移轉,05440001
RPPNMLTLJHNFFBV27CA,東河段,71.82,都市：住,1,1,全筆移轉,05450001
RPPNMLMLJHNFFBV56CA,三民段,503.64,都市：其他:保護區,1,1,全筆移轉,08820001
RPPNMLSKJHNFFBV07CA,南八里段,1086.44,非都市：風景區 ; 非都市編定：農牧用地,1,1,全筆移轉,03500000
RPPNMLMLJHNFFCV76DA,萬福段,1699.39,非都市：特定農業區 ; 非都市編定：農牧用地,2,1,持分移轉,09520000
RPOOMLTKJHNFFAV17DA,富岡段,144.86,非都市：鄉村區 ; 非都市編定：乙種建築用地,1,1,全筆移轉,07560000
RPSNMLLJKHNFFAV56CA,台東段,79.00,都市：住,1,1,全筆移轉,21530000
RPRNMLMLJHNFFAV76DA,下賓朗段,471.18,非都市：一般農業區 ; 非都市編定：水利用地,1,1,全筆移轉,10930001
RPPNMLQKQHNFFCV77DA,萬福段,2831.84,非都市：特定農業區 ; 非都市編定：農牧用地,1,1,全筆移轉,06490000
RPUNMLNKKHNFFAV17DA,台東段,8.36,都市：住,20000,131,持分移轉,18050000
RPVOMLTKJHNFFAV77CA,梅園段,133.32,非都市：鄉村區 ; 非都市編定：乙種建築用地,1,1,全筆移轉,05720001
RPTNMLNKKHNFFAV96CA,台東段,48.00,都市：商,1,1,全筆移轉,05290006
RPTNMLNKKHNFFAV96CA,台東段,44.00,都市：商,1,1,全筆移轉,05290007
RPTNMLNLJHNFFAV96CA,豐康段,117.82,都市：住,1,1,全筆移轉,08470015
RPTNMLNLJHNFFAV96CA,豐康段,9.10,都市：住,1,1,全筆移轉,08650002
RPWNMLOLJHNFFAV37CA,永清段,97.19,都市：住,1,1,全筆移轉,08920000
RPWNMLOLJHNFFAV37CA,永清段,16.83,都市：住,1,1,全筆移轉,08930005
RPWNMLNLJHNFFAV27CA,中正段,90.00,都市：住,1,1,全筆移轉,08960000
RPRNMLNLJHNFFAV76CA,台東段,49.00,都市：住,1,1,全筆移轉,22020000
RPSNMLNLJHNFFAV86CA,利家段,9400.00,非都市：特定農業區 ; 非都市編定：農牧用地,1,1,全筆移轉,66570000
RPPOMLTKJHNFFAV17CA,澱粉段,12.16,非都市：特定農業區 ; 非都市編定：交通用地,16,1,持分移轉,05360000
RPPOMLTKJHNFFAV17CA,澱粉段,7.36,非都市：特定農業區 ; 非都市編定：交通用地,16,1,持分移轉,05390000
RPPOMLTKJHNFFAV17CA,澱粉段,178.00,非都市：特定農業區 ; 非都市編定：農牧用地,16,1,持分移轉,05990000
RPQNMLMLJHNFFAV56CA,豐榮段,102.95,都市：住,1,1,全筆移轉,08590002
RPPNMLNLJHNFFAV56CA,建華段,514.28,都市：農,1,1,全筆移轉,14470000
RPPNMLNLJHNFFAV56CA,建華段,172.06,都市：農,1,1,全筆移轉,15980000
RPQNMLPLJHNFFAV86CA,泰安段,2520.21,非都市：一般農業區 ; 非都市編定：農牧用地,1,1,全筆移轉,01340001
RPQNMLOLJHNFFDV07CA,秀山段,7.72,都市：其他:旅館區,10000,24,持分移轉,07280000
RPPNMLTLJHNFFCV37CA,水井段,389.29,非都市：一般農業區 ; 非都市編定：農牧用地,1,1,全筆移轉,06270000
RPSNMLOKKHNFFAV96CA,豐利段,34.98,都市：住,1,1,全筆移轉,01460000
RPSNMLOKKHNFFAV96CA,豐利段,807.31,都市：住,1,1,全筆移轉,01470000
RPSNMLOKKHNFFAV96CA,豐利段,23.23,都市：住,1,1,全筆移轉,03480001
RPSNMLOKKHNFFAV96CA,豐利段,657.00,都市：其他:道,1,1,全筆移轉,09330001
RPSNMLOKKHNFFAV96CA,豐利段,672.18,都市：其他:道,1,1,全筆移轉,09330002
RPSNMLOKKHNFFAV96CA,豐利段,46.73,都市：住,1,1,全筆移轉,09340000
RPSNMLOKKHNFFAV96CA,豐利段,3.88,都市：其他:道,1,1,全筆移轉,09340004
RPQNMLNLJHNFFAV76DA,大南段,2100.00,非都市：山坡地保育區 ; 非都市編定：農牧用地,1,1,全筆移轉,06660000
RPPNMLMLJHNFFDV76CA,馬武段,21304.00,非都市：森林區 ; 非都市編定：林業用地,1,1,全筆移轉,00070002
RPSNMLPLJHNFFAV17DA,台東段,74.00,都市：住,1,1,全筆移轉,19180015
RPTNMLTLJHNFFBV67CA,阿都蘭段,1962.31,非都市：風景區 ; 非都市編定：農牧用地,1,1,全筆移轉,05620000
RPPNMLQLJHNFFCV07CA,中福段,17.15,都市：其他:道路用地,1,1,全筆移轉,01420000
RPPNMLQLJHNFFCV07CA,里?段,53.30,都市：商,1,1,全筆移轉,03980001
RPPNMLQLJHNFFCV07CA,里?段,123.38,都市：商,1,1,全筆移轉,04120000
RPUNMLOLJHNFFAV17CA,岩灣段,184.76,都市：住,1,1,全筆移轉,04080000
RPTNMLOLJHNFFAV07CA,東海段,133.27,都市：住,1,1,全筆移轉,09310000
RPPNMLOLJHNFFAV66CA,自強段,136.00,都市：住,1,1,全筆移轉,07480002
RPQNMLPLJHNFFBV96CA,南河段,29.04,都市：其他:道路用地,1,1,全筆移轉,03560002
RPQNMLPLJHNFFBV96CA,南河段,577.98,都市：住,1,1,全筆移轉,03540002
RPQNMLPLJHNFFBV96CA,南河段,139.62,都市：住,1,1,全筆移轉,03540003
RPVNMLPLJHNFFAV37CA,利家段,79.00,非都市：鄉村區 ; 非都市編定：乙種建築用地,1,1,全筆移轉,81120000
RPPNMLTLJHNFFAV17CA,知本段,1020.00,非都市：特定農業區 ; 非都市編定：農牧用地,1,1,全筆移轉,77320002
RPRNMLMJKHNFFAV56CA,南清段,120.91,都市：住,1,1,全筆移轉,09710018
RPRNMLOKKHNFFAV86CA,自強段,95.99,都市：住,1,1,全筆移轉,09280004
RPPNMLQLJHNFFAV86CA,知本段,2500.00,非都市：特定農業區 ; 非都市編定：農牧用地,1,1,全筆移轉,82790000
RPPNMLQLJHNFFAV86CA,知本段,2787.00,非都市：特定農業區 ; 非都市編定：農牧用地,1,1,全筆移轉,82790001
RPQOMLNKKHNFFAV76CA,馬蘭段,40.42,都市：住,10000,78,持分移轉,15990000
RPROMLRJKHNFFAV17CA,德安段,21.26,都市：住,30000,170,持分移轉,00630000
RPROMLRJKHNFFAV17CA,德安段,.15,都市：住,30000,170,持分移轉,00630001
RPROMLRJKHNFFAV17CA,德安段,1.96,都市：住,30000,170,持分移轉,00630002
RPROMLRJKHNFFAV17CA,德安段,.04,都市：住,30000,170,持分移轉,00630003
RPOOMLNKKHNFFAV56CA,台東段,44.00,都市：住,1,1,全筆移轉,01601049
RPSNMLRJKHNFFAV17CA,台東段,124.00,都市：住,1,1,全筆移轉,02220000
RPSNMLRJKHNFFAV17CA,台東段,54.00,都市：住,1,1,全筆移轉,02220001
RPPNMLLMJHNFFBV56CA,忠勇段,88.57,都市：商,1,1,全筆移轉,12380000
RPUNMLOKKHNFFAV17CA,常德段,282.17,都市：住,1,1,全筆移轉,07510000
RPPNMLQLJHNFFBV96CA,南都蘭段,1005.84,非都市：風景區 ; 非都市編定：農牧用地,1,1,全筆移轉,04250000
RPPNMLRLJHNFFBV07CA,成功段,174.80,都市：住,1,1,全筆移轉,03590000
RPPNMLRLJHNFFBV07CA,成功段,6.55,都市：其他:學校用地,1,1,全筆移轉,03650000
RPPNMLQJKHNFFBV86CA,三民段,201.25,都市：住,1,1,全筆移轉,02660000
RPWNMLTLJHNFFAV87CA,富岡南段,238.77,非都市：鄉村區 ; 非都市編定：乙種建築用地,1,1,全筆移轉,11140000
RPRNMLQLJHNFFAV07CA,台東段,281.00,都市：住,1,1,全筆移轉,00040011
RPQNMLKMJHNFFAV09CA,豐里段,2098.63,非都市：特定農業區 ; 非都市編定：農牧用地,1,1,全筆移轉,01360000
RPQNMLKMJHNFFAV09CA,豐里段,2031.80,非都市：特定農業區 ; 非都市編定：農牧用地,1,1,全筆移轉,01370000
RPSNMLTLJHNFFBV57CA,新美山段,174.13,非都市：風景區 ; 非都市編定：農牧用地,3,1,持分移轉,07420000
RPSNMLTLJHNFFBV57CA,新美山段,174.13,非都市：風景區 ; 非都市編定：農牧用地,3,1,持分移轉,07420000
RPSNMLTLJHNFFBV57CA,新美山段,174.13,非都市：風景區 ; 非都市編定：農牧用地,3,1,持分移轉,07420000
RPSNMLTLJHNFFBV57CA,新美山段,220.98,非都市：風景區 ; 非都市編定：農牧用地,3,1,持分移轉,07430000
RPSNMLTLJHNFFBV57CA,新美山段,220.98,非都市：風景區 ; 非都市編定：農牧用地,3,1,持分移轉,07430000
RPSNMLTLJHNFFBV57CA,新美山段,220.98,非都市：風景區 ; 非都市編定：農牧用地,3,1,持分移轉,07430000
RPRNMLTLJHNFFBV47CA,成功段,82.58,都市：住,1,1,全筆移轉,02240005
RPQNMLTLJHNFFBV37CA,成功段,2864.02,都市：住,1,1,全筆移轉,02450002
RPQNMLTLJHNFFBV37CA,成功段,275.24,都市：住,1,1,全筆移轉,02460002
RPQNMLTLJHNFFBV37CA,成功段,184.92,都市：住,1,1,全筆移轉,02580000
RPXNMLTLJHNFFAV97CA,台東段,28.00,都市：商,1,1,全筆移轉,04810013
RPXNMLTLJHNFFAV97CA,台東段,110.00,都市：商,1,1,全筆移轉,04810014
RPXNMLTLJHNFFAV97CA,台東段,26.00,都市：商,1,1,全筆移轉,04810053
RPPOMLKMJHNFFAV09CA,台東段,33.95,都市：住,10000,164,持分移轉,21940000
RPUNMLTJKHNFFAV57CA,台東段,132.00,都市：商,1,1,全筆移轉,02670001
RPQNMLNKKHNFFBV76CA,高原段,2.00,非都市：鄉村區 ; 非都市編定：乙種建築用地,1,1,全筆移轉,06560018
RPPNMLNKKHNFFBV66CA,高原段,4.00,非都市：鄉村區 ; 非都市編定：乙種建築用地,1,1,全筆移轉,06370006
RPPNMLNKKHNFFBV66CA,高原段,5.00,非都市：鄉村區 ; 非都市編定：乙種建築用地,1,1,全筆移轉,06370005
RPOOMLRJKHNFFAV86CA,馬蘭段,125.00,都市：住,1,1,全筆移轉,16210011
RPRNMLLMJHNFFAV66CA,台東段,249.00,都市：住,1,1,全筆移轉,14990000
RPPNMLSJKHNFFAV96CA,豐田段,501.00,都市：住,1,1,全筆移轉,13430000
RPPNMLSJKHNFFAV96CA,豐田段,161.00,都市：住,1,1,全筆移轉,13430003
RPPNMLSJKHNFFAV96CA,豐田段,473.00,都市：住,1,1,全筆移轉,13430004
RPPNMLSJKHNFFAV96CA,豐田段,40.00,都市：住,1,1,全筆移轉,13430005
RPPNMLSJKHNFFAV96CA,豐田段,1791.00,都市：住,1,1,全筆移轉,13450000
RPPNMLSJKHNFFAV96CA,豐田段,69.00,都市：住,1,1,全筆移轉,13450002
RPPNMLSJKHNFFAV96CA,豐田段,46.00,都市：住,1,1,全筆移轉,13450003
RPPNMLSJKHNFFAV96CA,豐田段,55.00,都市：住,1,1,全筆移轉,13430002
RPPNMLSJKHNFFAV96CA,豐田段,2.00,都市：其他:道路用地,1,1,全筆移轉,13430006
RPRNMLMKKHNFFBV76CA,忠智段,153.53,都市：住,1,1,全筆移轉,09760000
RPQNMLLMJHNFFAV56CA,東海段,316.69,都市：農,1,1,全筆移轉,01970002
RPTNMLLMJHNFFAV86CA,台東段,17.00,都市：住,1,1,全筆移轉,15770003
RPTNMLLMJHNFFAV86CA,台東段,52.00,都市：住,1,1,全筆移轉,15780000
RPPNMLKMJHNFFCV56CA,武陵段,494.00,非都市：山坡地保育區 ; 非都市編定：農牧用地,5,1,持分移轉,06470000
RPQNMLLJKHNFFAV98CA,路頂段,1500.16,非都市：特定農業區 ; 非都市編定：農牧用地,2,1,持分移轉,02150000
RPQNMLLJKHNFFAV98CA,路頂段,1500.16,非都市：特定農業區 ; 非都市編定：農牧用地,2,1,持分移轉,02150000
RPUNMLKMJHNFFAV86CA,知本段,2046.00,非都市：特定農業區 ; 非都市編定：農牧用地,1,1,全筆移轉,77320001
RPVNMLKMJHNFFAV96CA,台東段,86.00,都市：住,2,1,持分移轉,06540089
RPVNMLKMJHNFFAV96CA,台東段,86.00,都市：住,2,1,持分移轉,06540089
RPUNMLTLJHNFFAV67CA,利吉段,4022.28,非都市：山坡地保育區 ; 非都市編定：農牧用地,1,1,全筆移轉,03000000
RPVNMLTLJHNFFAV77CA,利吉段,5657.65,非都市：山坡地保育區 ; 非都市編定：農牧用地,1,1,全筆移轉,03020000
RPWNMLLJKHNFFAV96CA,豐年段,52.16,都市：住,2,1,持分移轉,06290000
RPWNMLLJKHNFFAV96CA,豐年段,52.16,都市：住,2,1,持分移轉,06290000
RPOOMLKMJHNFFAV98CA,利家段,20.52,非都市：鄉村區 ; 非都市編定：乙種建築用地,30000,435,持分移轉,74880012
RPWNMLKMJHNFFAV07CA,中清段,116.55,都市：住,1,1,全筆移轉,02350001
RPVNMLLJKHNFFAV86CA,豐榮段,57.00,都市：住,1,1,全筆移轉,08540000
RPVNMLLJKHNFFAV86CA,豐榮段,33.00,都市：其他:道,1,1,全筆移轉,08550000
RPPNMLLMJHNFFAV09CA,新生段,13.65,都市：住,10000,55,持分移轉,00440000
RPUNMLMJKHNFFAV86CA,台東段,72.00,都市：住,1,1,全筆移轉,01010150
RPPNMLKMJHNFFDV66CA,秀山段,7.50,都市：商,10000,140,持分移轉,09240000
RPUNMLLMJHNFFAV96CA,自強段,88.00,都市：住,1,1,全筆移轉,00730000
RPQNMLLJLHNFFCV66CA,豐泉段,148.98,都市：住,1,1,全筆移轉,12190000
RPROMLNKKHNFFAV86CA,建成段,94.33,都市：住,1,1,全筆移轉,02230007
RPSNMLLMJHNFFAV76CA,梧州段,160.15,都市：住,1,1,全筆移轉,04400000
RPUNMLLJKHNFFAV76CA,東海段,29.97,都市：住,10000,170,持分移轉,01400000
RPRNMLLJKHNFFCV66CA,東明段,702.32,非都市：特定農業區 ; 非都市編定：農牧用地,1,1,全筆移轉,08010000
RPRNMLLJKHNFFCV66CA,東明段,4769.55,非都市：一般農業區 ; 非都市編定：農牧用地,1,1,全筆移轉,08710000
RPVNMLNKKHNFFAV17CA,永清段,151.70,都市：住,1,1,全筆移轉,08440000
RPPNMLNLKHNFFBV76CA,高原段,127.00,非都市：鄉村區 ; 非都市編定：乙種建築用地,1,1,全筆移轉,06430000
RPQNMLLJKHNFFCV56CA,龍田段,51.32,都市：其他:道路用地,4,1,持分移轉,08910000
RPQNMLLJKHNFFCV56CA,龍田段,228.20,都市：住,4,1,持分移轉,08930000
RPQNMLMJKHNFFBV56CA,中柄段,101.01,非都市：風景區 ; 非都市編定：交通用地,1,1,全筆移轉,05090000
RPQNMLMJKHNFFBV56CA,中柄段,2949.37,非都市：風景區 ; 非都市編定：農牧用地,1,1,全筆移轉,05100000
RPRNMLLJKHNFFAV09CA,中正段,139.00,都市：住,1,1,全筆移轉,10240008
RPPNMLLJKHNFFBV98CA,新都威段,3059.02,非都市：風景區 ; 非都市編定：農牧用地,1,1,全筆移轉,00120000
RPPNMLMJKHNFFBV09CA,萬年段,248.00,非都市：鄉村區 ; 非都市編定：乙種建築用地,5,4,持分移轉,00380000
RPPNMLMJKHNFFBV09CA,萬年段,62.00,非都市：鄉村區 ; 非都市編定：乙種建築用地,5,1,持分移轉,00380000
RPWNMLMJKHNFFAV07CA,豐榮段,97.22,都市：住,1,1,全筆移轉,06410003
RPWNMLMJKHNFFAV07CA,豐榮段,37.72,都市：住,1,1,全筆移轉,06430003
RPVNMLMJKHNFFAV96CA,豐年段,20.65,都市：住,10000,80,持分移轉,00270003
RPTNMLLJKHNFFAV66CA,中正段,154.00,都市：住,1,1,全筆移轉,06710000
RPQNMLQJKHNFFAV86CA,台東段,3.76,都市：住,12000,51,持分移轉,05140000
RPQNMLQJKHNFFAV86CA,台東段,.02,都市：住,12000,51,持分移轉,05140016
RPPNMLLJKHNFFAV88CA,豐年段,90.28,都市：住,1,1,全筆移轉,05340000
RPQNMLPJKHNFFAV76CA,台東段,11.48,都市：住,10000,90,持分移轉,18050000
RPRNMLPJKHNFFAV86CA,馬蘭段,348.00,都市：住,1,1,全筆移轉,17970000
RPQNMLPJKHNFFCV96CA,大原段,7215.00,非都市：特定農業區 ; 非都市編定：農牧用地,1,1,全筆移轉,47590002
RPTNMLMKKHNFFAV86CA,利家段,121.00,非都市：鄉村區 ; 非都市編定：乙種建築用地,1,1,全筆移轉,76990000
RPSOMLRJKHNFFAV37DA,下賓朗段,71.00,非都市：特定農業區 ; 非都市編定：水利用地,1,1,全筆移轉,14750001
RPQNMLMJKHNFFAV09CA,台東段,39.48,都市：住,10000,216,持分移轉,17480000
RPSNMLMJKHNFFAV76DA,台東段,53.00,都市：其他:旅館區,1,1,全筆移轉,01680037
RPPNMLPJKHNFFCV96DA,豐泉段,110.66,都市：住,10000,740,持分移轉,04920000
RPOOMLTJKHNFFAV07CA,台東段,15.00,都市：住,1,1,全筆移轉,04820099
RPRNMLQJKHNFFAV07DA,利家段,230.00,非都市：山坡地保育區 ; 非都市編定：丙種建築用地,2,1,持分移轉,02930000
RPRNMLQJKHNFFAV07DA,利家段,172.50,非都市：山坡地保育區 ; 非都市編定：農牧用地,10,3,持分移轉,02980006
RPROMLTJKHNFFAV37CA,馬蘭段,76.00,都市：住,1,1,全筆移轉,14610011
RPUNMLRJKHNFFAV37CA,豐年段,41.45,都市：住,1,1,全筆移轉,00290034
RPUNMLRJKHNFFAV37CA,豐年段,73.04,都市：住,1,1,全筆移轉,00300012
RPTNMLRJKHNFFAV27CA,利泰段,39.84,非都市：特定農業區 ; 非都市編定：農牧用地,1,1,全筆移轉,04010000
RPTNMLRJKHNFFAV27CA,利泰段,57.53,非都市：特定農業區 ; 非都市編定：農牧用地,1,1,全筆移轉,03990000
RPTNMLRJKHNFFAV27CA,利泰段,4027.97,非都市：特定農業區 ; 非都市編定：農牧用地,1,1,全筆移轉,04230000
RPVNMLRJKHNFFAV47CA,馬蘭段,124.00,都市：住,1,1,全筆移轉,16210012
RPWNMLRJKHNFFAV57CA,馬蘭段,132.00,都市：住,1,1,全筆移轉,16210013
RPUOMLRJKHNFFAV47CA,東海段,1954.24,都市：住,1,1,全筆移轉,01140000
RPRNMLSJKHNFFAV17CA,馬蘭段,132.00,都市：住,1,1,全筆移轉,17960000
RPQOMLOKKHNFFAV86CA,台東段,85.00,都市：商,1,1,全筆移轉,18270005
RPPNMLKLKHNFFAV98CA,康樂段,4865.00,非都市：特定農業區 ; 非都市編定：農牧用地,1,1,全筆移轉,10920000
RPSNMLPJKHNFFAV96CA,永清段,570.30,都市：住,1,1,全筆移轉,05980000
RPSNMLQJKHNFFAV07CA,北南王段,895.64,都市：農,1,1,全筆移轉,08880000
RPSNMLQJKHNFFAV07CA,北南王段,84.45,都市：農,1,1,全筆移轉,08890000
RPSNMLQJKHNFFAV07CA,北南王段,132.86,都市：其他:河川區,1,1,全筆移轉,08890001
RPTNMLPJKHNFFAV07CA,永清段,43.30,都市：住,1,1,全筆移轉,05120000
RPTNMLPJKHNFFAV07CA,永清段,73.48,都市：住,1,1,全筆移轉,05150001
RPTNMLPJKHNFFAV07CA,永清段,385.71,都市：住,1,1,全筆移轉,05160000
RPPOMLTJKHNFFAV17CA,台東段,54.25,都市：住,100000,840,持分移轉,25640000
RPUNMLQJKHNFFAV27CA,中心段,173.00,都市：住,1,1,全筆移轉,01560000
RPUNMLQJKHNFFAV27CA,中心段,43.00,都市：住,1,1,全筆移轉,01570000
RPUNMLQJKHNFFAV27CA,中心段,38.50,都市：住,2,1,持分移轉,01580000
RPTNMLQJKHNFFAV17CA,普優瑪段,123.91,都市：住,1,1,全筆移轉,07930000
RPQNMLLLKHNFFAV56CA,豐利段,49.03,都市：住,1,1,全筆移轉,08030000
RPTNMLMJLHNFFAV86CA,台東段,18.00,都市：商,1,1,全筆移轉,04800035
RPTNMLMJLHNFFAV86CA,台東段,20.00,都市：商,1,1,全筆移轉,04800038
RPXOMLRJKHNFFAV77CA,馬蘭段,106.00,都市：住,1,1,全筆移轉,17690007
RPQOMLRJKHNFFAV07CA,利家段,55.93,非都市：鄉村區 ; 非都市編定：乙種建築用地,20000,139,持分移轉,81260000
RPQOMLRJKHNFFAV07CA,利家段,55.93,非都市：鄉村區 ; 非都市編定：乙種建築用地,20000,139,持分移轉,81260000
RPQOMLRJKHNFFAV07CA,利家段,9.81,非都市：鄉村區 ; 非都市編定：乙種建築用地,20000,139,持分移轉,82850000
RPQOMLRJKHNFFAV07CA,利家段,9.81,非都市：鄉村區 ; 非都市編定：乙種建築用地,20000,139,持分移轉,82850000
RPXNMLRJKHNFFAV67CA,合江段,203.89,非都市：鄉村區 ; 非都市編定：乙種建築用地,1,1,全筆移轉,01780000
RPXNMLRJKHNFFAV67CA,合江段,5.66,非都市：鄉村區 ; 非都市編定：乙種建築用地,1,1,全筆移轉,01780001
RPPNMLKKKHNFFAV88CA,豐成段,84.56,非都市：特定農業區 ; 非都市編定：甲種建築用地,1,1,全筆移轉,01060000
RPQNMLMKKHNFFAV56CA,台東段,90.00,都市：住,1,1,全筆移轉,00160016
RPVNMLTJKHNFFAV67CA,豐年段,59.82,都市：住,1,1,全筆移轉,00030067
RPVNMLTJKHNFFAV67CA,豐年段,20.92,都市：其他:住宅區-既成道路,23,1,持分移轉,00020067
RPRNMLSJKHNFFCV37CA,隆盛段,92.03,非都市：特定農業區 ; 非都市編定：甲種建築用地,1,1,全筆移轉,00240000
RPWNMLNKKHNFFAV27CA,利卡夢段,32.68,非都市：特定農業區 ; 非都市編定：甲種建築用地,2,1,持分移轉,07680000
RPWNMLNKKHNFFAV27CA,利卡夢段,32.68,非都市：特定農業區 ; 非都市編定：甲種建築用地,2,1,持分移轉,07680000
RPQNMLRJKHNFFDV27CA,多良段,710.00,非都市：鄉村區 ; 非都市編定：乙種建築用地,1,1,全筆移轉,07550000
RPQNMLSJKHNFFCV27CA,溪埔段,391.73,非都市：特定農業區 ; 非都市編定：農牧用地,1,1,全筆移轉,00360000
RPQNMLSJKHNFFCV27CA,溪埔段,3.09,非都市：特定農業區 ; 非都市編定：交通用地,1,1,全筆移轉,00370000
RPPNMLRJKHNFFDV27DA,大竹段,4582.00,非都市：森林區 ; 非都市編定：林業用地,1,1,全筆移轉,07490003
RPQNMLNKKHNFFCV86CA,大埔段,75.54,都市：住,1,1,全筆移轉,05250000
RPQNMLNKKHNFFCV86CA,大埔段,68.28,都市：住,1,1,全筆移轉,05290000
RPPNMLSJKHNFFBV07CA,成功段,42.87,都市：住,2,1,持分移轉,02190001
RPPNMLSJKHNFFBV07CA,成功段,42.87,都市：住,2,1,持分移轉,02190001
RPPNMLSJKHNFFBV07CA,成功段,42.94,都市：住,2,1,持分移轉,02190002
RPPNMLSJKHNFFBV07CA,成功段,42.94,都市：住,2,1,持分移轉,02190002
RPRNMLRJKHNFFCV27CA,新興段,4084.79,非都市：特定農業區 ; 非都市編定：農牧用地,1,1,全筆移轉,11710000
RPRNMLTJKHNFFCV47CA,中和段,881.00,非都市：特定農業區 ; 非都市編定：農牧用地,143585,88100,持分移轉,04760000
RPPNMLTJKHNFFDV47DA,嘉蘭段,144.00,非都市：山坡地保育區 ; 非都市編定：農牧用地,1,1,全筆移轉,04170001
RPSNMLRJKHNFFCV47DA,豐泉段,3.47,都市：住,1,1,全筆移轉,06110001
SPVNMLMKKHNFFAV27DA,光明段,1102.00,都市：其他:河川用地,1,1,全筆移轉,03630008
TPVNMLMKKHNFFAV37DA,光明段,10.00,都市：其他:河川用地,1,1,全筆移轉,03630009
RPVNMLMKKHNFFAV17DA,光明段,34.00,都市：其他:河川用地,1,1,全筆移轉,03630001
XPVNMLMKKHNFFAV77DA,光明段,1008.00,都市：其他:河川用地,1,1,全筆移轉,04270000
UPVNMLMKKHNFFAV47DA,光明段,5.00,都市：其他:河川用地,1,1,全筆移轉,03630010
RPRNMLMKKHNFFAV66CA,台東段,133.00,都市：住,1,1,全筆移轉,00040008
VPVNMLMKKHNFFAV57DA,光明段,2368.00,都市：其他:河川用地,1,1,全筆移轉,04250000
WPVNMLMKKHNFFAV67DA,光明段,384.00,都市：其他:河川用地,1,1,全筆移轉,04250001
RPWNMLOKKHNFFAV37CA,豐航段,72.13,都市：住,1,1,全筆移轉,08440000
RPQOMLTJKHNFFAV27CA,中心段,89.00,都市：住,1,1,全筆移轉,14680000
RPRNMLLJLHNFFAV56CA,豐康段,71.24,非都市：特定農業區 ; 非都市編定：甲種建築用地,1,1,全筆移轉,02360000
RPPNMLMLKHNFFAV56CA,建樂段,14.31,都市：住,10000,66,持分移轉,04800000
RPWNMLTJKHNFFAV77CA,自強段,152.00,都市：住,1,1,全筆移轉,07480007
RPSOMLTJKHNFFAV47CA,豐航段,313.15,都市：農,1,1,全筆移轉,02490000
RPSOMLTJKHNFFAV47CA,豐航段,699.20,都市：農,1,1,全筆移轉,02480000
RPSOMLTJKHNFFAV47CA,豐航段,1397.45,都市：農,1,1,全筆移轉,02500000
RPSOMLTJKHNFFAV47CA,豐航段,204.22,都市：農,1,1,全筆移轉,02520000
RPPNMLOKKHNFFAV66CA,台東段,13.00,都市：住,1,1,全筆移轉,05870048
RPPNMLOKKHNFFAV66CA,台東段,8.00,都市：住,1,1,全筆移轉,05870057
RPPNMLOKKHNFFAV66CA,台東段,60.00,都市：住,1,1,全筆移轉,05870060
RPSNMLMKKHNFFAV76CA,豐年段,46.11,都市：住,1,1,全筆移轉,03440000
RPUOMLTJKHNFFAV67CA,永豐段,220.17,都市：住,1,1,全筆移轉,03140000
RPUOMLTJKHNFFAV67CA,永豐段,163.20,都市：住,1,1,全筆移轉,03260000
RPQNMLTJKHNFFAV17CA,豐榮段,20.00,都市：住,2,1,持分移轉,08290000
RPQNMLTJKHNFFAV17CA,豐榮段,20.00,都市：住,2,1,持分移轉,08290000
RPQNMLTJKHNFFAV17CA,豐榮段,25.00,都市：住,2,1,持分移轉,08300000
RPQNMLTJKHNFFAV17CA,豐榮段,25.00,都市：住,2,1,持分移轉,08300000
RPTNMLTJKHNFFAV47CA,常德段,79.90,都市：住,1,1,全筆移轉,11410000
RPSNMLTJKHNFFAV37CA,豐樂段,99.00,都市：住,1,1,全筆移轉,31290000
RPPNMLMKKHNFFBV56CA,北八里段,7089.32,非都市：風景區 ; 非都市編定：農牧用地,1,1,全筆移轉,02720000
RPPNMLMKKHNFFBV56CA,北八里段,460.21,非都市：風景區 ; 非都市編定：農牧用地,1,1,全筆移轉,03280001
RPQNMLOKKHNFFCV96CA,南山段,99.32,都市：住,1,1,全筆移轉,00150000
RPRNMLNKKHNFFCV96CA,鹿野段,1068.00,非都市：特定農業區 ; 非都市編定：農牧用地,1,1,全筆移轉,25670000
RPRNMLNKKHNFFCV96CA,鹿野段,920.00,非都市：特定農業區 ; 非都市編定：農牧用地,1,1,全筆移轉,25680000
RPRNMLNKKHNFFCV96CA,鹿野段,593.00,非都市：特定農業區 ; 非都市編定：農牧用地,1,1,全筆移轉,25690000
RPPNMLTJKHNFFCV27CA,里?段,51.85,都市：商,1,1,全筆移轉,02880001
