﻿鄉鎮市區,交易標的,土地位置建物門牌,土地移轉總面積平方公尺,都市土地使用分區,非都市土地使用分區,非都市土地使用編定,交易年月日,交易筆棟數,移轉層次,總樓層數,建物型態,主要用途,主要建材,建築完成年月,建物移轉總面積平方公尺,建物現況格局-房,建物現況格局-廳,建物現況格局-衛,建物現況格局-隔間,有無管理組織,總價元,單價元平方公尺,車位類別,車位移轉總面積平方公尺,車位總價元,備註,編號
The villages and towns urban district,transaction sign,land sector position building sector house number plate,land shifting total area square meter,the use zoning or compiles and checks,the non-metropolis land use district,non-metropolis land use,transaction year month and day,transaction pen number,shifting level,total floor number,building state,main use,main building materials,construction to complete the years,building shifting total area,Building present situation pattern - room,building present situation pattern - hall,building present situation pattern - health,building present situation pattern - compartmented,Whether there is manages the organization,total price NTD,the unit price (NTD / square meter),the berth category,berth shifting total area square meter,the berth total price NTD,the note,serial number
中正區,房地(土地+建物),臺北市中正區濟南路一段13巷6號4樓之2,9.23,住,,,1090311,土地1建物1車位0,四層,8,華廈(10層含以下有電梯),住家用,鋼筋混凝土造,,37.4,1,1,1,有,無,12900000,344920,,0.0,0,預售屋雨遮不計價,RPWNMLLKKIPFFBA08CB
中正區,房地(土地+建物)+車位,臺北市中正區濟南路一段13巷6號3樓之2,10.66,住,,,1090721,土地1建物1車位1,三層,8,華廈(10層含以下有電梯),住家用,鋼筋混凝土造,,82.93,1,1,1,有,無,15170000,356150,升降平面,45.53,1850000,預售屋雨遮不計價,RPXNMLLKKIPFFBA18CB
中正區,房地(土地+建物),臺北市中正區濟南路一段13巷6號3樓之1,9.23,住,,,1090621,土地1建物1車位0,三層,8,華廈(10層含以下有電梯),住家用,鋼筋混凝土造,,37.4,1,1,1,有,無,13750000,367647,,0.0,0,預售屋雨遮不計價,RPPOMLLKKIPFFBA47CB
中正區,房地(土地+建物),臺北市中正區濟南路一段13巷6號4樓之5,9.0,住,,,1090802,土地1建物1車位0,四層,8,華廈(10層含以下有電梯),住家用,鋼筋混凝土造,,36.56,1,1,1,有,無,13300000,363786,,0.0,0,預售屋雨遮不計價,RPROMLLKKIPFFBA67CB
中正區,房地(土地+建物)+車位,臺北市中正區龍興里和平西路二段98巷A3-7F,20.72,住,,,1091124,土地1建物1車位1,七層,21,住宅大樓(11層含以上有電梯),住家用,鋼筋混凝土造,,192.31,3,2,2,有,無,41000000,249067,坡道平面,36.93,2300000,,RPTNMLQKKIPFFAA18CB
中正區,房地(土地+建物)+車位,臺北市中正區龍興里和平西路二段98巷A3-5F,20.72,住,,,1091117,土地1建物1車位1,五層,21,住宅大樓(11層含以上有電梯),住家用,鋼筋混凝土造,,192.31,3,2,2,有,無,40180000,244433,坡道平面,36.93,2200000,,RPVNMLQKKIPFFAA38CB
萬華區,房地(土地+建物),臺北市萬華區龍山段一小段0698-0000地號等1筆A1棟10樓,6.15,商,,,1071109,土地1建物1車位0,十層,15,住宅大樓(11層含以上有電梯),住家用,鋼筋混凝土造,,57.82,1,0,1,有,無,9840000,170183,,0.0,0,售價包含裝潢或家電。；,RPSOMLMLKIPFFBA97CB
大安區,房地(土地+建物)+車位,臺北市大安區復興南路一段132號 4F A3戶,3.13,商,,,1091104,土地1建物1車位1,四層,15,辦公商業大樓,住家用,鋼筋混凝土造,,69.52,0,0,0,無,無,21680000,362945,塔式車位,16.95,2600000,,RPPOMLMLKIPFFFA08CB
大安區,房地(土地+建物)+車位,臺北市大安區復興南路一段132號 7F A3戶,3.13,商,,,1091020,土地1建物1車位1,七層,15,辦公商業大樓,住家用,鋼筋混凝土造,,69.52,0,0,0,無,無,22600000,384250,塔式車位,16.95,2400000,,RPQOMLMLKIPFFFA18CB
大安區,房地(土地+建物),臺北市大安區復興南路一段132號 10F A1戶,3.13,商,,,1091112,土地1建物1車位0,十層,15,辦公商業大樓,住家用,鋼筋混凝土造,,48.58,0,0,0,無,無,19400000,399341,,0.0,0,,RPPPMLMLKIPFFFA18CB
大安區,房地(土地+建物),臺北市大安區復興南路一段132號 10F A2戶,3.13,商,,,1091116,土地1建物1車位0,十層,15,辦公商業大樓,住家用,鋼筋混凝土造,,42.1,0,0,0,無,無,16560000,393349,,0.0,0,,RPSPMLMLKIPFFFA48CB
大安區,房地(土地+建物)+車位,臺北市大安區復興南路一段132號 10F A3戶,3.13,商,,,1091116,土地1建物1車位1,十層,15,辦公商業大樓,住家用,鋼筋混凝土造,,69.52,0,0,0,無,無,23070000,393190,塔式車位,16.95,2400000,,RPUPMLMLKIPFFFA68CB
大安區,房地(土地+建物)+車位,臺北市大安區復興南路一段132號 11F A1戶,3.13,商,,,1091114,土地1建物1車位1,十一層,15,辦公商業大樓,住家用,鋼筋混凝土造,,65.53,0,0,0,無,無,22000000,399341,塔式車位,16.95,2600000,,RPVPMLMLKIPFFFA78CB
大安區,房地(土地+建物),臺北市大安區復興南路一段132號 11F A2戶,3.13,商,,,1091218,土地1建物1車位0,十一層,15,辦公商業大樓,住家用,鋼筋混凝土造,,42.1,0,0,0,無,無,16800000,399050,,0.0,0,,RPXPMLMLKIPFFFA98CB
大安區,房地(土地+建物),臺北市大安區復興南路一段132號 11F A3戶,3.13,商,,,1091204,土地1建物1車位0,十一層,15,辦公商業大樓,住家用,鋼筋混凝土造,,52.57,0,0,0,無,無,20990000,399277,,0.0,0,,RPPQMLMLKIPFFFA28CB
大安區,房地(土地+建物)+車位,臺北市大安區復興南路一段132號 13F A1戶,3.13,商,,,1091104,土地1建物1車位1,十三層,15,辦公商業大樓,住家用,鋼筋混凝土造,,65.53,0,0,0,無,無,21510000,393372,塔式車位,16.95,2400000,,RPRQMLMLKIPFFFA48CB
大安區,房地(土地+建物),臺北市大安區復興南路一段132號 13F A2戶,3.13,商,,,1091104,土地1建物1車位0,十三層,15,辦公商業大樓,住家用,鋼筋混凝土造,,42.1,0,0,0,無,無,16560000,393349,,0.0,0,,RPTQMLMLKIPFFFA68CB
大安區,房地(土地+建物),臺北市大安區復興南路一段132號 13F A3戶,3.13,商,,,1091105,土地1建物1車位0,十三層,15,辦公商業大樓,住家用,鋼筋混凝土造,,52.57,0,0,0,無,無,20670000,393190,,0.0,0,,RPUQMLMLKIPFFFA78CB
大安區,房地(土地+建物),臺北市大安區復興南路一段132號 13F A5戶,3.13,商,,,1091104,土地1建物1車位0,十三層,15,辦公商業大樓,住家用,鋼筋混凝土造,,37.8,0,0,0,無,無,14860000,393122,,0.0,0,,RPWQMLMLKIPFFFA98CB
大安區,房地(土地+建物),臺北市大安區復興南路一段132號 13F A5戶,3.13,商,,,1091104,土地1建物1車位0,十三層,15,辦公商業大樓,住家用,鋼筋混凝土造,,37.49,0,0,0,無,無,14750000,393438,,0.0,0,,RPPRMLMLKIPFFFA38CB
大安區,房地(土地+建物),臺北市大安區復興南路一段132號 14F A1戶,3.13,商,,,1091119,土地1建物1車位0,十四層,15,辦公商業大樓,住家用,鋼筋混凝土造,,48.58,0,0,0,無,無,19600000,403458,,0.0,0,,RPRRMLMLKIPFFFA58CB
內湖區,房地(土地+建物)+車位,臺北市內湖區南京東路六段７０號３樓,34.52,住,,,1091026,土地21建物1車位1,三層,13,住宅大樓(11層含以上有電梯),住家用,鋼筋混凝土造,,216.38,4,2,2,有,無,36370000,181121,坡道平面,29.93,2600000,,RPPNMLLMKIPFFCA67CB
內湖區,房地(土地+建物)+車位,臺北市內湖區南京東路六段７０號６樓,34.79,住,,,1091026,土地21建物1車位2,六層,13,住宅大樓(11層含以上有電梯),住家用,鋼筋混凝土造,,251.07,4,2,2,有,無,39580000,184393,坡道平面,64.62,5200000,,RPQNMLLMKIPFFCA77CB
內湖區,房地(土地+建物)+車位,臺北市內湖區南京東路六段７０號７樓,34.79,住,,,1091210,土地21建物1車位2,七層,13,住宅大樓(11層含以上有電梯),住家用,鋼筋混凝土造,,246.31,4,2,2,有,無,39380000,189756,坡道平面,59.86,4000000,,RPRNMLLMKIPFFCA87CB
內湖區,房地(土地+建物)+車位,臺北市內湖區南京東路六段７０號１１樓,34.55,住,,,1091209,土地21建物1車位2,十一層,13,住宅大樓(11層含以上有電梯),住家用,鋼筋混凝土造,,246.31,4,2,2,有,無,40480000,197801,坡道平面,59.86,3600000,,RPVNMLLMKIPFFCA28CB
內湖區,房地(土地+建物)+車位,臺北市內湖區南京東路六段７８號７樓,34.31,住,,,1091221,土地21建物1車位1,七層,13,住宅大樓(11層含以上有電梯),住家用,鋼筋混凝土造,,220.56,4,2,2,有,無,37470000,188142,坡道平面,34.69,2500000,,RPWNMLLMKIPFFCA38CB
內湖區,房地(土地+建物)+車位,臺北市內湖區南京東路六段７８號１１樓,34.31,住,,,1091221,土地21建物1車位1,十一層,13,住宅大樓(11層含以上有電梯),住家用,鋼筋混凝土造,,220.57,4,2,2,有,無,38950000,196643,坡道平面,34.7,2400000,,RPOOMLLMKIPFFCA67CB
內湖區,房地(土地+建物)+車位,臺北市內湖區南京東路六段７８號１２樓,34.58,住,,,1090902,土地21建物1車位2,十二層,13,住宅大樓(11層含以上有電梯),住家用,鋼筋混凝土造,,255.29,4,2,2,有,無,42580000,202260,坡道平面,69.49,5000000,,RPROMLLMKIPFFCA97CB
內湖區,房地(土地+建物)+車位,臺北市內湖區南京東路六段７２號１樓,27.5,住,,,1091027,土地21建物1車位1,一層,13,住宅大樓(11層含以上有電梯),住家用,鋼筋混凝土造,,183.54,3,2,2,有,無,31500000,196184,坡道平面,34.7,2300000,,RPSOMLLMKIPFFCA08CB
內湖區,房地(土地+建物)+車位,臺北市內湖區南京東路六段７２號２樓,28.88,住,,,1090924,土地21建物1車位1,二層,13,住宅大樓(11層含以上有電梯),住家用,鋼筋混凝土造,,190.38,3,2,2,有,無,34180000,202904,坡道平面,34.74,2600000,,RPOPMLLMKIPFFCA77CB
內湖區,房地(土地+建物)+車位,臺北市內湖區南京東路六段７６號２樓,28.86,住,,,1090926,土地21建物1車位1,二層,13,住宅大樓(11層含以上有電梯),住家用,鋼筋混凝土造,,185.48,3,2,2,有,無,30520000,181467,坡道平面,29.97,2300000,,RPVPMLLMKIPFFCA48CB
內湖區,房地(土地+建物)+車位,臺北市內湖區南京東路六段７６號１３樓,27.57,住,,,1091127,土地21建物1車位1,十三層,13,住宅大樓(11層含以上有電梯),住家用,鋼筋混凝土造,,179.13,3,2,2,有,無,33880000,211662,坡道平面,29.93,2300000,,RPXPMLLMKIPFFCA68CB
內湖區,房地(土地+建物)+車位,臺北市內湖區南京東路六段７６號１樓,27.86,住,,,1091027,土地21建物1車位2,一層,13,住宅大樓(11層含以上有電梯),住家用,鋼筋混凝土造,,218.12,3,2,2,有,無,33900000,196316,坡道平面,69.38,4700000,,RPWNMLPJJHGGFCA47CB
中山區,房地(土地+建物)+車位,臺北市中山區榮星段三小段563-2及579-1地號共2筆A1-2F,23.23,住,,,1090508,土地2建物1車位1,二層,9,華廈(10層含以下有電梯),住家用,鋼筋混凝土造,,153.18,2,2,1,有,無,32890000,266541,坡道平面,41.79,3200000,,RPXQMLQJJHGGFCA97CB
中山區,房地(土地+建物)+車位,臺北市中山區榮星段三小段563-2及579-1地號共2筆A1-3F,23.23,住,,,1090512,土地2建物1車位1,三層,9,華廈(10層含以下有電梯),住家用,鋼筋混凝土造,,153.18,2,2,1,有,無,34750000,283239,坡道平面,41.79,3200000,,RPORMLQJJHGGFCA17CB
中山區,房地(土地+建物)+車位,臺北市中山區榮星段三小段563-2及579-1地號共2筆A1-4F,23.23,住,,,1070207,土地2建物1車位1,四層,9,華廈(10層含以下有電梯),住家用,鋼筋混凝土造,,150.18,2,2,1,有,無,33750000,280097,坡道平面,38.79,2550000,,RPPRMLQJJHGGFCA27CB
中山區,房地(土地+建物)+車位,臺北市中山區榮星段三小段563-2及579-1地號共2筆A1-5F,23.23,住,,,1090514,土地2建物1車位1,五層,9,華廈(10層含以下有電梯),住家用,鋼筋混凝土造,,153.18,2,2,1,有,無,35000000,287279,坡道平面,41.79,3000000,,RPQRMLQJJHGGFCA37CB
中山區,房地(土地+建物)+車位,臺北市中山區榮星段三小段563-2及579-1地號共2筆A1-6F,23.23,住,,,1090418,土地2建物1車位1,六層,9,華廈(10層含以下有電梯),住家用,鋼筋混凝土造,,150.18,2,2,1,有,無,36100000,298950,坡道平面,38.79,2800000,,RPRRMLQJJHGGFCA47CB
中山區,房地(土地+建物)+車位,臺北市中山區榮星段三小段563-2及579-1地號共2筆A1-7F,23.23,住,,,1090212,土地2建物1車位1,七層,9,華廈(10層含以下有電梯),住家用,鋼筋混凝土造,,153.18,2,2,1,有,無,36750000,303438,坡道平面,41.79,2950000,,RPSRMLQJJHGGFCA57CB
中山區,房地(土地+建物)+車位,臺北市中山區榮星段三小段563-2及579-1地號共2筆A1-8F,23.23,住,,,1090529,土地2建物1車位1,八層,9,華廈(10層含以下有電梯),住家用,鋼筋混凝土造,,153.18,2,2,1,有,無,37350000,306580,坡道平面,41.79,3200000,,RPURMLQJJHGGFCA77CB
中山區,房地(土地+建物)+車位,臺北市中山區榮星段三小段563-2及579-1地號共2筆A1-9F,23.23,住,,,1090215,土地2建物1車位1,九層,9,華廈(10層含以下有電梯),住家用,鋼筋混凝土造,,153.18,2,2,1,有,無,37360000,308466,坡道平面,41.79,3000000,,RPVRMLQJJHGGFCA87CB
中山區,房地(土地+建物)+車位,臺北市中山區榮星段三小段563-2及579-1地號共2筆A2-2F,37.32,住,,,1090522,土地2建物1車位2,二層,9,華廈(10層含以下有電梯),住家用,鋼筋混凝土造,,259.57,3,2,2,有,無,56350000,280183,坡道平面,80.58,6200000,,RPWRMLQJJHGGFCA97CB
中山區,房地(土地+建物)+車位,臺北市中山區榮星段三小段563-2及579-1地號共2筆A2-3F,37.32,住,,,1090512,土地2建物1車位1,三層,9,華廈(10層含以下有電梯),住家用,鋼筋混凝土造,,220.78,3,2,2,有,無,53850000,282977,坡道平面,41.79,3200000,,RPXRMLQJJHGGFCA08CB
中山區,房地(土地+建物)+車位,臺北市中山區榮星段三小段563-2及579-1地號共2筆A2-4F,37.32,住,,,1090505,土地2建物1車位1,四層,9,華廈(10層含以下有電梯),住家用,鋼筋混凝土造,,220.78,3,2,2,有,無,53380000,282586,坡道平面,41.79,2800000,,RPPSMLQJJHGGFCA37CB
中山區,房地(土地+建物)+車位,臺北市中山區榮星段三小段563-2及579-1地號共2筆A2-5F,37.32,住,,,1090311,土地2建物1車位1,五層,9,華廈(10層含以下有電梯),住家用,鋼筋混凝土造,,220.78,3,2,2,有,無,54360000,288061,坡道平面,41.79,2800000,,RPQSMLQJJHGGFCA47CB
中山區,房地(土地+建物)+車位,臺北市中山區榮星段三小段563-2及579-1地號共2筆A2-6F,37.32,住,,,1090418,土地2建物1車位1,六層,9,華廈(10層含以下有電梯),住家用,鋼筋混凝土造,,220.78,3,2,2,有,無,56500000,298899,坡道平面,41.79,3000000,,RPRSMLQJJHGGFCA57CB
中山區,房地(土地+建物)+車位,臺北市中山區榮星段三小段563-2及579-1地號共2筆A2-7F,37.32,住,,,1090404,土地2建物1車位1,七層,9,華廈(10層含以下有電梯),住家用,鋼筋混凝土造,,220.78,3,2,2,有,無,57300000,303369,坡道平面,41.79,3000000,,RPSSMLQJJHGGFCA67CB
中山區,房地(土地+建物)+車位,臺北市中山區榮星段三小段563-2及579-1地號共2筆A2-8F,37.32,住,,,1090312,土地2建物1車位1,八層,9,華廈(10層含以下有電梯),住家用,鋼筋混凝土造,,220.78,3,2,2,有,無,57850000,306442,坡道平面,41.79,3000000,,RPTSMLQJJHGGFCA77CB
中山區,房地(土地+建物)+車位,臺北市中山區榮星段三小段563-2及579-1地號共2筆A2-9F,37.32,住,,,1090327,土地2建物1車位2,九層,9,華廈(10層含以下有電梯),住家用,鋼筋混凝土造,,262.57,3,2,2,有,無,61380000,308285,坡道平面,83.58,6200000,,RPUSMLQJJHGGFCA87CB
中山區,房地(土地+建物)+車位,臺北市中山區榮星段三小段563-2及579-1地號共2筆A3-3F,22.73,住,,,1090408,土地2建物1車位1,三層,9,華廈(10層含以下有電梯),住家用,鋼筋混凝土造,,150.81,2,2,1,有,無,34800000,293524,坡道平面,41.79,2800000,,RPVSMLQJJHGGFCA97CB
中山區,房地(土地+建物)+車位,臺北市中山區榮星段三小段563-2及579-1地號共2筆A3-4F,22.73,住,,,1090305,土地2建物1車位1,四層,9,華廈(10層含以下有電梯),住家用,鋼筋混凝土造,,150.81,2,2,1,有,無,34700000,293524,坡道平面,41.79,2700000,,RPWSMLQJJHGGFCA08CB
中山區,房地(土地+建物)+車位,臺北市中山區榮星段三小段563-2及579-1地號共2筆A3-5F,22.73,住,,,1090213,土地2建物1車位1,五層,9,華廈(10層含以下有電梯),住家用,鋼筋混凝土造,,150.81,2,2,1,有,無,35800000,300862,坡道平面,41.79,3000000,,RPXSMLQJJHGGFCA18CB
中山區,房地(土地+建物)+車位,臺北市中山區榮星段三小段563-2及579-1地號共2筆A3-6F,22.73,住,,,1090321,土地2建物1車位1,六層,9,華廈(10層含以下有電梯),住家用,鋼筋混凝土造,,150.81,2,2,1,有,無,36880000,312603,坡道平面,41.79,2800000,,RPPTMLQJJHGGFCA47CB
中山區,房地(土地+建物)+車位,臺北市中山區榮星段三小段563-2及579-1地號共2筆A3-7F,22.73,住,,,1090404,土地2建物1車位1,七層,9,華廈(10層含以下有電梯),住家用,鋼筋混凝土造,,147.81,2,2,1,有,無,36800000,311869,坡道平面,38.79,2800000,,RPQTMLQJJHGGFCA57CB
中山區,房地(土地+建物)+車位,臺北市中山區榮星段三小段563-2及579-1地號共2筆A3-8F,21.61,住,,,1090305,土地2建物1車位1,八層,9,華廈(10層含以下有電梯),住家用,鋼筋混凝土造,,145.45,2,2,1,有,無,35700000,318348,坡道平面,41.79,2700000,,RPRTMLQJJHGGFCA67CB
中山區,房地(土地+建物)+車位,臺北市中山區榮星段三小段563-2及579-1地號共2筆A3-9F,21.61,住,,,1090426,土地2建物1車位1,九層,9,華廈(10層含以下有電梯),住家用,鋼筋混凝土造,,145.45,2,2,1,有,無,35880000,319120,坡道平面,41.79,2800000,,RPSTMLQJJHGGFCA77CB
文山區,房地(土地+建物)+車位,臺北市文山區興光里興德路47巷A3-6F,24.47,住,,,1070909,土地1建物1車位1,六層,26,住宅大樓(11層含以上有電梯),住家用,鋼筋混凝土造,,208.84,4,2,2,有,無,35000000,180343,坡道平面,31.4,3000000,,RPROMLLKJHGGFAA56CB
文山區,房地(土地+建物)+車位,臺北市文山區興光里興德路47巷B1-7F,21.07,住,,,1070706,土地1建物1車位1,七層,26,住宅大樓(11層含以上有電梯),住家用,鋼筋混凝土造,,186.79,4,2,2,有,無,30600000,180192,坡道平面,31.4,2600000,,RPSOMLLKJHGGFAA66CB
文山區,房地(土地+建物)+車位,臺北市文山區興光里興德路47巷B1-23F,21.07,住,,,1070713,土地1建物1車位1,二十三層,26,住宅大樓(11層含以上有電梯),住家用,鋼筋混凝土造,,186.79,3,2,2,有,無,33400000,196924,坡道平面,31.4,2800000,,RPTOMLLKJHGGFAA76CB
文山區,房地(土地+建物)+車位,臺北市文山區興光里興德路47巷B2-14F,19.03,住,,,1070614,土地1建物1車位1,十四層,26,住宅大樓(11層含以上有電梯),住家用,鋼筋混凝土造,,171.22,3,2,2,有,無,28500000,185953,坡道平面,31.4,2500000,,RPUOMLLKJHGGFAA86CB
文山區,房地(土地+建物)+車位,臺北市文山區興光里興德路47巷B3-17F,16.99,住,,,1070508,土地1建物1車位1,十七層,26,住宅大樓(11層含以上有電梯),住家用,鋼筋混凝土造,,156.75,3,2,2,有,無,25800000,185082,坡道平面,31.4,2600000,,RPVOMLLKJHGGFAA96CB
文山區,房地(土地+建物)+車位,臺北市文山區興光里興德路47巷B3-18F,16.99,住,,,1090121,土地1建物1車位1,十八層,26,住宅大樓(11層含以上有電梯),住家用,鋼筋混凝土造,,156.75,3,2,2,有,無,26200000,186677,坡道平面,31.4,2800000,,RPWOMLLKJHGGFAA07CB
文山區,房地(土地+建物)+車位,臺北市文山區興光里興德路47巷B3-19F,16.99,住,,,1071104,土地1建物1車位1,十九層,26,住宅大樓(11層含以上有電梯),住家用,鋼筋混凝土造,,156.75,3,2,2,有,無,26000000,186677,坡道平面,31.4,2600000,,RPXOMLLKJHGGFAA17CB
文山區,房地(土地+建物)+車位,臺北市文山區興光里興德路47巷B3-21F,16.99,住,,,1080125,土地1建物1車位1,二十一層,26,住宅大樓(11層含以上有電梯),住家用,鋼筋混凝土造,,156.75,3,2,2,有,無,26600000,191065,坡道平面,31.4,2650000,,RPOPMLLKJHGGFAA98CB
文山區,房地(土地+建物)+車位,臺北市文山區興光里興德路47巷B5-14F,12.23,住,,,1071105,土地1建物1車位1,十四層,26,住宅大樓(11層含以上有電梯),住家用,鋼筋混凝土造,,123.15,2,1,1,有,無,19500000,184196,坡道平面,31.4,2600000,,RPPPMLLKJHGGFAA09CB
文山區,房地(土地+建物)+車位,臺北市文山區興光里興德路47巷C3-12F,15.63,住,,,1070906,土地1建物1車位1,十二層,26,住宅大樓(11層含以上有電梯),住家用,鋼筋混凝土造,,146.86,3,2,2,有,無,24300000,187944,坡道平面,31.4,2600000,,RPQPMLLKJHGGFAA56CB
文山區,房地(土地+建物)+車位,臺北市文山區興光里興德路47巷C5-11F,12.23,住,,,1070906,土地1建物1車位1,十一層,26,住宅大樓(11層含以上有電梯),住家用,鋼筋混凝土造,,123.15,2,1,1,有,無,20000000,187466,坡道平面,31.4,2800000,,RPRPMLLKJHGGFAA66CB
文山區,房地(土地+建物)+車位,臺北市文山區興光里興德路47巷A1-3F,25.82,住,,,1060324,土地1建物1車位2,三層,26,住宅大樓(11層含以上有電梯),住家用,鋼筋混凝土造,,251.43,4,2,2,有,無,38620000,176642,坡道平面,62.8,5300000,,RPSPMLLKJHGGFAA76CB
文山區,房地(土地+建物)+車位,臺北市文山區興光里興德路47巷A1-4F,25.82,住,,,1060729,土地1建物1車位1,四層,26,住宅大樓(11層含以上有電梯),住家用,鋼筋混凝土造,,220.03,4,2,2,有,無,37000000,182898,坡道平面,31.4,2500000,,RPTPMLLKJHGGFAA86CB
文山區,房地(土地+建物)+車位,臺北市文山區興光里興德路47巷A1-5F,26.5,住,,,1060326,土地1建物1車位1,五層,26,住宅大樓(11層含以上有電梯),住家用,鋼筋混凝土造,,219.07,4,2,2,有,無,36610000,182288,坡道平面,31.4,2400000,,RPUPMLLKJHGGFAA96CB
文山區,房地(土地+建物)+車位,臺北市文山區興光里興德路47巷A1-6F,26.5,住,,,1060430,土地1建物1車位1,六層,26,住宅大樓(11層含以上有電梯),住家用,鋼筋混凝土造,,219.07,4,2,2,有,無,36780000,183194,坡道平面,31.4,2400000,,RPVPMLLKJHGGFAA07CB
文山區,房地(土地+建物)+車位,臺北市文山區興光里興德路47巷A1-7F,26.5,住,,,1060210,土地1建物1車位1,七層,26,住宅大樓(11層含以上有電梯),住家用,鋼筋混凝土造,,219.07,4,2,2,有,無,37500000,185965,坡道平面,31.4,2600000,,RPWPMLLKJHGGFAA17CB
文山區,房地(土地+建物)+車位,臺北市文山區興光里興德路47巷A1-10F,25.82,住,,,1060611,土地1建物1車位1,十層,26,住宅大樓(11層含以上有電梯),住家用,鋼筋混凝土造,,250.47,4,2,2,有,無,40100000,188629,坡道平面,62.8,4700000,,RPXPMLLKJHGGFAA27CB
文山區,房地(土地+建物)+車位,臺北市文山區興光里興德路47巷A1-11F,26.5,住,,,1060207,土地1建物1車位1,十一層,26,住宅大樓(11層含以上有電梯),住家用,鋼筋混凝土造,,219.07,4,2,2,有,無,38480000,191187,坡道平面,31.4,2600000,,RPOQMLLKJHGGFAA09CB
文山區,房地(土地+建物)+車位,臺北市文山區興光里興德路47巷A1-13F,25.82,住,,,1060611,土地1建物1車位1,十三層,26,住宅大樓(11層含以上有電梯),住家用,鋼筋混凝土造,,219.07,4,2,2,有,無,38200000,191293,坡道平面,31.4,2300000,,RPPQMLLKJHGGFAA56CB
文山區,房地(土地+建物)+車位,臺北市文山區興光里興德路47巷A1-14F,26.5,住,,,1060319,土地1建物1車位1,十四層,26,住宅大樓(11層含以上有電梯),住家用,鋼筋混凝土造,,219.07,4,2,2,有,無,38400000,191826,坡道平面,31.4,2400000,,RPQQMLLKJHGGFAA66CB
文山區,房地(土地+建物)+車位,臺北市文山區興光里興德路47巷A1-16F,25.82,住,,,1060527,土地1建物1車位1,十六層,26,住宅大樓(11層含以上有電梯),住家用,鋼筋混凝土造,,219.07,4,2,2,有,無,39200000,194490,坡道平面,31.4,2700000,,RPRQMLLKJHGGFAA76CB
文山區,房地(土地+建物)+車位,臺北市文山區興光里興德路47巷A1-18F,27.18,住,,,1060325,土地1建物1車位2,十八層,26,住宅大樓(11層含以上有電梯),住家用,鋼筋混凝土造,,250.47,4,2,2,有,無,41160000,194810,坡道平面,62.8,4600000,,RPSQMLLKJHGGFAA86CB
文山區,房地(土地+建物)+車位,臺北市文山區興光里興德路47巷A1-21F,25.82,住,,,1060416,土地1建物1車位2,二十一層,26,住宅大樓(11層含以上有電梯),住家用,鋼筋混凝土造,,250.47,4,2,2,有,無,45140000,207492,坡道平面,62.8,6200000,,RPTQMLLKJHGGFAA96CB
文山區,房地(土地+建物)+車位,臺北市文山區興光里興德路47巷A1-23F,25.82,住,,,1060416,土地1建物1車位2,二十三層,26,住宅大樓(11層含以上有電梯),住家用,鋼筋混凝土造,,251.42,4,2,2,有,無,45100000,213127,坡道平面,62.8,4900000,,RPUQMLLKJHGGFAA07CB
文山區,房地(土地+建物)+車位,臺北市文山區興光里興德路47巷A1-24F,27.18,住,,,1060416,土地1建物1車位2,二十四層,26,住宅大樓(11層含以上有電梯),住家用,鋼筋混凝土造,,251.42,4,2,2,有,無,43480000,207189,坡道平面,62.8,4400000,,RPVQMLLKJHGGFAA17CB
文山區,房地(土地+建物)+車位,臺北市文山區興光里興德路47巷A2-3F,27.18,住,,,1060429,土地1建物1車位1,三層,26,住宅大樓(11層含以上有電梯),住家用,鋼筋混凝土造,,220.39,4,2,2,有,無,36000000,178316,坡道平面,31.4,2300000,,RPWQMLLKJHGGFAA27CB
文山區,房地(土地+建物)+車位,臺北市文山區興光里興德路47巷A2-4F,26.5,住,,,1060905,土地1建物1車位1,四層,26,住宅大樓(11層含以上有電梯),住家用,鋼筋混凝土造,,220.39,4,2,2,有,無,37200000,184137,坡道平面,31.4,2400000,,RPXQMLLKJHGGFAA37CB
文山區,房地(土地+建物)+車位,臺北市文山區興光里興德路47巷A2-5F,27.18,住,,,1060326,土地1建物1車位1,五層,26,住宅大樓(11層含以上有電梯),住家用,鋼筋混凝土造,,250.81,4,2,2,有,無,39590000,185043,坡道平面,62.8,4800000,,RPORMLLKJHGGFAA56CB
文山區,房地(土地+建物)+車位,臺北市文山區興光里興德路47巷A2-7F,25.82,住,,,1060617,土地1建物1車位1,七層,26,住宅大樓(11層含以上有電梯),住家用,鋼筋混凝土造,,219.41,4,2,2,有,無,38350000,190681,坡道平面,31.4,2500000,,RPPRMLLKJHGGFAA66CB
文山區,房地(土地+建物)+車位,臺北市文山區興光里興德路47巷A2-9F,26.5,住,,,1060407,土地1建物1車位1,九層,26,住宅大樓(11層含以上有電梯),住家用,鋼筋混凝土造,,219.41,4,2,2,有,無,37860000,187543,坡道平面,31.4,2600000,,RPQRMLLKJHGGFAA76CB
文山區,房地(土地+建物)+車位,臺北市文山區興光里興德路47巷A2-14F,26.5,住,,,1060326,土地1建物1車位1,十四層,26,住宅大樓(11層含以上有電梯),住家用,鋼筋混凝土造,,219.41,4,2,2,有,無,39200000,194670,坡道平面,31.4,2600000,,RPRRMLLKJHGGFAA86CB
文山區,房地(土地+建物)+車位,臺北市文山區興光里興德路47巷A3-3F,24.47,住,,,1060324,土地1建物1車位1,三層,26,住宅大樓(11層含以上有電梯),住家用,鋼筋混凝土造,,207.11,4,2,2,有,無,32950000,173866,坡道平面,31.4,2400000,,RPSRMLLKJHGGFAA96CB
文山區,房地(土地+建物)+車位,臺北市文山區興光里興德路47巷A3-5F,24.47,住,,,1060305,土地1建物1車位2,五層,26,住宅大樓(11層含以上有電梯),住家用,鋼筋混凝土造,,237.54,4,2,2,有,無,36370000,180668,坡道平面,62.8,4800000,,RPTRMLLKJHGGFAA07CB
文山區,房地(土地+建物)+車位,臺北市文山區興光里興德路47巷A3-7F,24.47,住,,,1060210,土地1建物1車位1,七層,26,住宅大樓(11層含以上有電梯),住家用,鋼筋混凝土造,,206.14,4,2,2,有,無,34500000,183129,坡道平面,31.4,2500000,,RPURMLLKJHGGFAA17CB
文山區,房地(土地+建物)+車位,臺北市文山區興光里興德路47巷A3-8F,24.47,住,,,1060127,土地1建物1車位1,八層,26,住宅大樓(11層含以上有電梯),住家用,鋼筋混凝土造,,206.14,4,2,2,有,無,34680000,184159,坡道平面,31.4,2500000,,RPVRMLLKJHGGFAA27CB
文山區,房地(土地+建物)+車位,臺北市文山區興光里興德路47巷A3-9F,24.47,住,,,1060203,土地1建物1車位1,九層,26,住宅大樓(11層含以上有電梯),住家用,鋼筋混凝土造,,206.14,4,2,2,有,無,34980000,185876,坡道平面,31.4,2500000,,RPWRMLLKJHGGFAA37CB
文山區,房地(土地+建物)+車位,臺北市文山區興光里興德路47巷A3-10F,24.47,住,,,1060308,土地1建物1車位2,十層,26,住宅大樓(11層含以上有電梯),住家用,鋼筋混凝土造,,237.54,4,2,2,有,無,37300000,186277,坡道平面,62.8,4750000,,RPXRMLLKJHGGFAA47CB
文山區,房地(土地+建物)+車位,臺北市文山區興光里興德路47巷A3-11F,24.47,住,,,1060113,土地1建物1車位1,十一層,26,住宅大樓(11層含以上有電梯),住家用,鋼筋混凝土造,,206.14,4,2,2,有,無,35060000,186906,坡道平面,31.4,2400000,,RPOSMLLKJHGGFAA66CB
文山區,房地(土地+建物)+車位,臺北市文山區興光里興德路47巷A3-13F,24.47,住,,,1061219,土地1建物1車位2,十三層,26,住宅大樓(11層含以上有電梯),住家用,鋼筋混凝土造,,237.54,4,2,2,有,無,38200000,188852,坡道平面,62.8,5200000,,RPPSMLLKJHGGFAA76CB
文山區,房地(土地+建物)+車位,臺北市文山區興光里興德路47巷A3-14F,24.47,住,,,1060629,土地1建物1車位1,十四層,26,住宅大樓(11層含以上有電梯),住家用,鋼筋混凝土造,,206.14,4,2,2,有,無,36000000,191713,坡道平面,31.4,2500000,,RPQSMLLKJHGGFAA86CB
文山區,房地(土地+建物)+車位,臺北市文山區興光里興德路47巷A3-16F,24.47,住,,,1060325,土地1建物1車位2,十六層,26,住宅大樓(11層含以上有電梯),住家用,鋼筋混凝土造,,237.54,4,2,2,有,無,38300000,194003,坡道平面,62.8,4400000,,RPRSMLLKJHGGFAA96CB
文山區,房地(土地+建物)+車位,臺北市文山區興光里興德路47巷A3-17F,24.47,住,,,1060705,土地1建物1車位2,十七層,26,住宅大樓(11層含以上有電梯),住家用,鋼筋混凝土造,,237.54,4,2,2,有,無,39500000,198581,坡道平面,62.8,4800000,,RPSSMLLKJHGGFAA07CB
文山區,房地(土地+建物)+車位,臺北市文山區興光里興德路47巷A3-18F,24.47,住,,,1061201,土地1建物1車位1,十八層,26,住宅大樓(11層含以上有電梯),住家用,鋼筋混凝土造,,206.14,4,2,2,有,無,36600000,196005,坡道平面,31.4,2350000,,RPTSMLLKJHGGFAA17CB
文山區,房地(土地+建物)+車位,臺北市文山區興光里興德路47巷A3-20F,24.47,住,,,1060926,土地1建物1車位2,二十層,26,住宅大樓(11層含以上有電梯),住家用,鋼筋混凝土造,,237.54,4,2,2,有,無,40090000,199668,坡道平面,62.8,5200000,,RPUSMLLKJHGGFAA27CB
文山區,房地(土地+建物)+車位,臺北市文山區興光里興德路47巷A4-3F,24.47,住,,,1070203,土地1建物1車位1,三層,26,住宅大樓(11層含以上有電梯),住家用,鋼筋混凝土造,,206.85,4,2,2,有,無,33100000,173839,坡道平面,31.4,2600000,,RPVSMLLKJHGGFAA37CB
文山區,房地(土地+建物)+車位,臺北市文山區興光里興德路47巷A4-4F,24.47,住,,,1070125,土地1建物1車位1,四層,26,住宅大樓(11層含以上有電梯),住家用,鋼筋混凝土造,,206.85,4,2,2,有,無,33120000,174523,坡道平面,31.4,2500000,,RPWSMLLKJHGGFAA47CB
文山區,房地(土地+建物)+車位,臺北市文山區興光里興德路47巷A4-10F,24.47,住,,,1061001,土地1建物1車位1,十層,26,住宅大樓(11層含以上有電梯),住家用,鋼筋混凝土造,,205.85,4,2,2,有,無,34870000,186128,坡道平面,31.4,2400000,,RPXSMLLKJHGGFAA57CB
文山區,房地(土地+建物)+車位,臺北市文山區興光里興德路47巷A4-11F,25.15,住,,,1060315,土地1建物1車位1,十一層,26,住宅大樓(11層含以上有電梯),住家用,鋼筋混凝土造,,205.85,4,2,2,有,無,35330000,188765,坡道平面,31.4,2400000,,RPOTMLLKJHGGFAA76CB
文山區,房地(土地+建物)+車位,臺北市文山區興光里興德路47巷A4-13F,24.47,住,,,1060827,土地1建物1車位1,十三層,26,住宅大樓(11層含以上有電梯),住家用,鋼筋混凝土造,,205.85,4,2,2,有,無,35400000,189166,坡道平面,31.4,2400000,,RPPTMLLKJHGGFAA86CB
文山區,房地(土地+建物)+車位,臺北市文山區興光里興德路47巷A4-14F,24.47,住,,,1061130,土地1建物1車位2,十四層,26,住宅大樓(11層含以上有電梯),住家用,鋼筋混凝土造,,237.25,4,2,2,有,無,37900000,190312,坡道平面,62.8,4700000,,RPQTMLLKJHGGFAA96CB
文山區,房地(土地+建物)+車位,臺北市文山區興光里興德路47巷B1-3F,21.75,住,,,1070113,土地1建物1車位1,三層,26,住宅大樓(11層含以上有電梯),住家用,鋼筋混凝土造,,186.02,4,2,2,有,無,29970000,178308,坡道平面,31.4,2400000,,RPRTMLLKJHGGFAA07CB
文山區,房地(土地+建物)+車位,臺北市文山區興光里興德路47巷B1-4F,21.75,住,,,1061214,土地1建物1車位1,四層,26,住宅大樓(11層含以上有電梯),住家用,鋼筋混凝土造,,186.02,4,2,2,有,無,30100000,178502,坡道平面,31.4,2500000,,RPSTMLLKJHGGFAA17CB
文山區,房地(土地+建物)+車位,臺北市文山區興光里興德路47巷B1-5F,21.07,住,,,1061118,土地1建物1車位1,五層,26,住宅大樓(11層含以上有電梯),住家用,鋼筋混凝土造,,185.02,4,2,2,有,無,30970000,185327,坡道平面,31.4,2500000,,RPTTMLLKJHGGFAA27CB
文山區,房地(土地+建物)+車位,臺北市文山區興光里興德路47巷B1-9F,21.75,住,,,1060402,土地1建物1車位1,九層,26,住宅大樓(11層含以上有電梯),住家用,鋼筋混凝土造,,184.09,4,2,2,有,無,31230000,188159,坡道平面,31.4,2500000,,RPUTMLLKJHGGFAA37CB
文山區,房地(土地+建物)+車位,臺北市文山區興光里興德路47巷B1-10F,21.75,住,,,1060421,土地1建物1車位1,十層,26,住宅大樓(11層含以上有電梯),住家用,鋼筋混凝土造,,184.09,4,2,2,有,無,31100000,188617,坡道平面,31.4,2300000,,RPVTMLLKJHGGFAA47CB
文山區,房地(土地+建物)+車位,臺北市文山區興光里興德路47巷B1-11F,21.75,住,,,1060326,土地1建物1車位1,十一層,26,住宅大樓(11層含以上有電梯),住家用,鋼筋混凝土造,,184.09,4,2,2,有,無,31400000,190582,坡道平面,31.4,2300000,,RPWTMLLKJHGGFAA57CB
文山區,房地(土地+建物)+車位,臺北市文山區興光里興德路47巷B1-13F,21.07,住,,,1060707,土地1建物1車位1,十三層,26,住宅大樓(11層含以上有電梯),住家用,鋼筋混凝土造,,184.09,4,2,2,有,無,32100000,194512,坡道平面,31.4,2400000,,RPXTMLLKJHGGFAA67CB
文山區,房地(土地+建物)+車位,臺北市文山區興光里興德路47巷B1-14F,21.07,住,,,1060927,土地1建物1車位1,十四層,26,住宅大樓(11層含以上有電梯),住家用,鋼筋混凝土造,,184.09,4,2,2,有,無,32100000,194512,坡道平面,31.4,2400000,,RPOUMLLKJHGGFAA86CB
文山區,房地(土地+建物)+車位,臺北市文山區興光里興德路47巷B1-15F,21.07,住,,,1060514,土地1建物1車位1,十五層,26,住宅大樓(11層含以上有電梯),住家用,鋼筋混凝土造,,184.09,4,2,2,有,無,31900000,191892,坡道平面,31.4,2600000,,RPPUMLLKJHGGFAA96CB
文山區,房地(土地+建物)+車位,臺北市文山區興光里興德路47巷B1-17F,21.75,住,,,1060305,土地1建物1車位1,十七層,26,住宅大樓(11層含以上有電梯),住家用,鋼筋混凝土造,,184.09,4,2,2,有,無,32000000,194512,坡道平面,31.4,2300000,,RPQUMLLKJHGGFAA07CB
文山區,房地(土地+建物)+車位,臺北市文山區興光里興德路47巷B1-18F,21.75,住,,,1060329,土地1建物1車位1,十八層,26,住宅大樓(11層含以上有電梯),住家用,鋼筋混凝土造,,184.09,4,2,2,有,無,31600000,192547,坡道平面,31.4,2200000,,RPRUMLLKJHGGFAA17CB
文山區,房地(土地+建物)+車位,臺北市文山區興光里興德路47巷B1-19F,22.43,住,,,1060428,土地1建物1車位2,十九層,26,住宅大樓(11層含以上有電梯),住家用,鋼筋混凝土造,,215.49,4,2,2,有,無,34500000,194512,坡道平面,62.8,4800000,,RPSUMLLKJHGGFAA27CB
文山區,房地(土地+建物)+車位,臺北市文山區興光里興德路47巷B1-21F,21.75,住,,,1060409,土地1建物1車位2,二十一層,26,住宅大樓(11層含以上有電梯),住家用,鋼筋混凝土造,,215.49,4,2,2,有,無,34580000,196346,坡道平面,62.8,4600000,,RPTUMLLKJHGGFAA37CB
文山區,房地(土地+建物)+車位,臺北市文山區興光里興德路47巷B1-22F,21.07,住,,,1060713,土地1建物1車位1,二十二層,26,住宅大樓(11層含以上有電梯),住家用,鋼筋混凝土造,,184.09,4,2,2,有,無,33030000,200930,坡道平面,31.4,2350000,,RPUUMLLKJHGGFAA47CB
文山區,房地(土地+建物)+車位,臺北市文山區興光里興德路47巷B2-9F,19.71,住,,,1060207,土地1建物1車位1,九層,26,住宅大樓(11層含以上有電梯),住家用,鋼筋混凝土造,,168.61,4,2,2,有,無,28700000,192406,坡道平面,31.4,2300000,,RPVUMLLKJHGGFAA57CB
文山區,房地(土地+建物)+車位,臺北市文山區興光里興德路47巷B2-12F,19.71,住,,,1060311,土地1建物1車位1,十二層,26,住宅大樓(11層含以上有電梯),住家用,鋼筋混凝土造,,168.61,4,2,2,有,無,28800000,193135,坡道平面,31.4,2300000,,RPWUMLLKJHGGFAA67CB
文山區,房地(土地+建物)+車位,臺北市文山區興光里興德路47巷B2-18F,19.71,住,,,1060329,土地1建物1車位1,十八層,26,住宅大樓(11層含以上有電梯),住家用,鋼筋混凝土造,,168.61,4,2,2,有,無,28840000,194155,坡道平面,31.4,2200000,,RPXUMLLKJHGGFAA77CB
文山區,房地(土地+建物)+車位,臺北市文山區興光里興德路47巷B2-19F,19.71,住,,,1060212,土地1建物1車位1,十九層,26,住宅大樓(11層含以上有電梯),住家用,鋼筋混凝土造,,168.61,4,2,2,有,無,29400000,197507,坡道平面,31.4,2300000,,RPOVMLLKJHGGFAA96CB
文山區,房地(土地+建物)+車位,臺北市文山區興光里興德路47巷B2-20F,19.03,住,,,1060908,土地1建物1車位1,二十層,26,住宅大樓(11層含以上有電梯),住家用,鋼筋混凝土造,,168.61,4,2,2,有,無,29620000,198382,坡道平面,31.4,2400000,,RPPVMLLKJHGGFAA07CB
文山區,房地(土地+建物)+車位,臺北市文山區興光里興德路47巷B2-21F,19.03,住,,,1060921,土地1建物1車位1,二十一層,26,住宅大樓(11層含以上有電梯),住家用,鋼筋混凝土造,,168.61,4,2,2,有,無,30000000,201880,坡道平面,31.4,2300000,,RPQVMLLKJHGGFAA17CB
文山區,房地(土地+建物)+車位,臺北市文山區興光里興德路47巷B2-22F,19.03,住,,,1061114,土地1建物1車位1,二十二層,26,住宅大樓(11層含以上有電梯),住家用,鋼筋混凝土造,,168.61,4,2,2,有,無,30300000,202609,坡道平面,31.4,2500000,,RPRVMLLKJHGGFAA27CB
文山區,房地(土地+建物)+車位,臺北市文山區興光里興德路47巷B2-25F,19.71,住,,,1070714,土地1建物1車位2,二十五層,26,住宅大樓(11層含以上有電梯),住家用,鋼筋混凝土造,,200.01,4,2,2,有,無,33100000,207346,坡道平面,62.8,4650000,,RPSVMLLKJHGGFAA37CB
文山區,房地(土地+建物)+車位,臺北市文山區興光里興德路47巷B2-26F,19.71,住,,,1070714,土地1建物1車位1,二十六層,26,住宅大樓(11層含以上有電梯),住家用,鋼筋混凝土造,,169.51,4,2,2,有,無,31400000,209978,坡道平面,31.4,2400000,,RPTVMLLKJHGGFAA47CB
文山區,房地(土地+建物)+車位,臺北市文山區興光里興德路47巷B3-2F,17.67,住,,,1060211,土地1建物1車位1,二層,26,住宅大樓(11層含以上有電梯),住家用,鋼筋混凝土造,,154.78,3,2,2,有,無,23950000,174664,坡道平面,31.4,2400000,,RPUVMLLKJHGGFAA57CB
文山區,房地(土地+建物)+車位,臺北市文山區興光里興德路47巷B3-4F,17.67,住,,,1060325,土地1建物1車位1,四層,26,住宅大樓(11層含以上有電梯),住家用,鋼筋混凝土造,,155.77,3,2,2,有,無,24500000,178500,坡道平面,31.4,2300000,,RPVVMLLKJHGGFAA67CB
文山區,房地(土地+建物)+車位,臺北市文山區興光里興德路47巷B3-10F,17.67,住,,,1060120,土地1建物1車位1,十層,26,住宅大樓(11層含以上有電梯),住家用,鋼筋混凝土造,,154.06,3,2,2,有,無,25300000,189141,坡道平面,31.4,2100000,,RPWVMLLKJHGGFAA77CB
文山區,房地(土地+建物)+車位,臺北市文山區興光里興德路47巷B3-13F,17.67,住,,,1051126,土地1建物1車位1,十三層,26,住宅大樓(11層含以上有電梯),住家用,鋼筋混凝土造,,154.06,3,2,2,有,無,26050000,192809,坡道平面,31.4,2400000,,RPXVMLLKJHGGFAA87CB
文山區,房地(土地+建物)+車位,臺北市文山區興光里興德路47巷B3-22F,17.67,住,,,1060327,土地1建物1車位1,二十二層,26,住宅大樓(11層含以上有電梯),住家用,鋼筋混凝土造,,154.06,3,2,2,有,無,26200000,196478,坡道平面,31.4,2100000,,RPOWMLLKJHGGFAA07CB
文山區,房地(土地+建物)+車位,臺北市文山區興光里興德路47巷B3-23F,16.99,住,,,1060611,土地1建物1車位1,二十三層,26,住宅大樓(11層含以上有電梯),住家用,鋼筋混凝土造,,154.05,3,2,2,有,無,26680000,198777,坡道平面,31.4,2300000,,RPPWMLLKJHGGFAA17CB
文山區,房地(土地+建物)+車位,臺北市文山區興光里興德路47巷B3-24F,17.67,住,,,1060412,土地1建物1車位1,二十四層,26,住宅大樓(11層含以上有電梯),住家用,鋼筋混凝土造,,154.05,3,2,2,有,無,26870000,200326,坡道平面,31.4,2300000,,RPQWMLLKJHGGFAA27CB
文山區,房地(土地+建物),臺北市文山區興光里興德路47巷B5-16F,12.23,住,,,1061021,土地1建物1車位0,十六層,26,住宅大樓(11層含以上有電梯),住家用,鋼筋混凝土造,,89.05,2,1,1,有,無,17350000,194834,,0.0,0,,RPRWMLLKJHGGFAA37CB
文山區,房地(土地+建物),臺北市文山區興光里興德路47巷B5-24F,12.23,住,,,1060225,土地1建物1車位0,二十四層,26,住宅大樓(11層含以上有電梯),住家用,鋼筋混凝土造,,89.05,2,1,1,有,無,17800000,199888,,0.0,0,,RPSWMLLKJHGGFAA47CB
文山區,房地(土地+建物)+車位,臺北市文山區興光里興德路47巷B6-4F,16.31,住,,,1060218,土地1建物1車位1,四層,26,住宅大樓(11層含以上有電梯),住家用,鋼筋混凝土造,,145.9,3,2,2,有,無,23880000,185852,坡道平面,31.4,2600000,,RPTWMLLKJHGGFAA57CB
文山區,房地(土地+建物)+車位,臺北市文山區興光里興德路47巷B6-18F,16.31,住,,,1060224,土地1建物1車位1,十八層,26,住宅大樓(11層含以上有電梯),住家用,鋼筋混凝土造,,144.16,3,2,2,有,無,24800000,198652,坡道平面,31.4,2400000,,RPUWMLLKJHGGFAA67CB
文山區,房地(土地+建物)+車位,臺北市文山區興光里興德路47巷B6-24F,16.31,住,,,1060409,土地1建物1車位1,二十四層,26,住宅大樓(11層含以上有電梯),住家用,鋼筋混凝土造,,144.16,3,2,2,有,無,24920000,201490,坡道平面,31.4,2200000,,RPVWMLLKJHGGFAA77CB
文山區,房地(土地+建物)+車位,臺北市文山區興光里興德路47巷B6-26F,16.31,住,,,1060604,土地1建物1車位1,二十六層,26,住宅大樓(11層含以上有電梯),住家用,鋼筋混凝土造,,147.88,3,2,2,有,無,25660000,200549,坡道平面,31.4,2300000,,RPWWMLLKJHGGFAA87CB
文山區,房地(土地+建物)+車位,臺北市文山區興光里興德路47巷C2-4F,21.75,住,,,1060916,土地1建物1車位1,四層,26,住宅大樓(11層含以上有電梯),住家用,鋼筋混凝土造,,188.72,4,2,2,有,無,31500000,184973,坡道平面,31.4,2400000,,RPXWMLLKJHGGFAA97CB
文山區,房地(土地+建物)+車位,臺北市文山區興光里興德路47巷C3-4F,15.63,住,,,1060924,土地1建物1車位1,四層,26,住宅大樓(11層含以上有電梯),住家用,鋼筋混凝土造,,148.6,3,2,2,有,無,23550000,180461,坡道平面,31.4,2400000,,RPONNLLKJHGGFAA88CB
文山區,房地(土地+建物)+車位,臺北市文山區興光里興德路47巷C3-14F,16.31,住,,,1060318,土地1建物1車位1,十四層,26,住宅大樓(11層含以上有電梯),住家用,鋼筋混凝土造,,146.86,3,2,2,有,無,24050000,188377,坡道平面,31.4,2300000,,RPPNNLLKJHGGFAA98CB
文山區,房地(土地+建物)+車位,臺北市文山區興光里興德路47巷C5-5F,12.91,住,,,1060527,土地1建物1車位1,五層,26,住宅大樓(11層含以上有電梯),住家用,鋼筋混凝土造,,120.83,2,1,1,有,無,18630000,184837,坡道平面,31.4,2100000,,RPQNNLLKJHGGFAA09CB
文山區,房地(土地+建物),臺北市文山區興光里興德路47巷C5-14F,12.23,住,,,1060421,土地1建物1車位0,十四層,26,住宅大樓(11層含以上有電梯),住家用,鋼筋混凝土造,,89.05,2,1,1,有,無,17250000,193711,,0.0,0,,RPRNNLLKJHGGFAA56CB
文山區,房地(土地+建物)+車位,臺北市文山區興光里興德路47巷C6-3F,17.67,住,,,1060403,土地1建物1車位1,三層,26,住宅大樓(11層含以上有電梯),住家用,鋼筋混凝土造,,158.47,3,2,2,有,無,24800000,177068,坡道平面,31.4,2300000,,RPSNNLLKJHGGFAA66CB
文山區,房地(土地+建物)+車位,臺北市文山區興光里興德路47巷C6-4F,16.99,住,,,1060827,土地1建物1車位1,四層,26,住宅大樓(11層含以上有電梯),住家用,鋼筋混凝土造,,158.47,3,2,2,有,無,25200000,179429,坡道平面,31.4,2400000,,RPTNNLLKJHGGFAA76CB
文山區,車位,臺北市文山區興光里興德路47巷B3F-98,0.68,住,,,1051224,土地1建物1車位1,,26,其他,住家用,鋼筋混凝土造,,68.2,0,0,0,有,無,2280000,,坡道平面,31.4,2280000,,RPWNNLLKJHGGFAA07CB
文山區,車位,臺北市文山區興光里興德路47巷B4F-26,0.68,住,,,1060429,土地1建物1車位1,,26,其他,住家用,鋼筋混凝土造,,68.2,0,0,0,有,無,2200000,,坡道平面,31.4,2200000,,RPXNNLLKJHGGFAA17CB
文山區,車位,臺北市文山區興光里興德路47巷B4F-48,0.68,住,,,1060612,土地1建物1車位1,,26,其他,住家用,鋼筋混凝土造,,68.2,0,0,0,有,無,2200000,,坡道平面,31.4,2200000,,RPOONLLKJHGGFAA98CB
文山區,房地(土地+建物)+車位,臺北市文山區興光里興德路47巷B3-14F,17.67,住,,,1051126,土地1建物1車位1,十四層,26,住宅大樓(11層含以上有電梯),住家用,鋼筋混凝土造,,154.06,3,2,2,有,無,25680000,192239,坡道平面,31.4,2100000,,RPVNMLSKJHGGFAA57CB
大安區,房地(土地+建物)+車位,臺北市大安區和平東路二段76巷17弄3號文詠A-02F,31.17,住,,,1091020,土地3建物1車位1,二層,7,華廈(10層含以下有電梯),住家用,鋼筋混凝土造,,152.64,3,2,2,有,無,41150000,349815,升降平面,42.01,2450000,,RPTNMLPLJHGGFFA67CB
大安區,房地(土地+建物)+車位,臺北市大安區和平東路二段76巷17弄3號文詠A-06F,33.98,住,,,1090819,土地3建物1車位1,六層,7,華廈(10層含以下有電梯),住家用,鋼筋混凝土造,,162.76,3,2,2,有,無,48400000,375983,升降平面,42.01,3000000,,RPUNMLPLJHGGFFA77CB
大安區,房地(土地+建物),臺北市大安區和平東路二段76巷17弄3號文詠A-07F,29.57,住,,,1090918,土地3建物1車位0,七層,7,華廈(10層含以下有電梯),住家用,鋼筋混凝土造,,104.98,2,2,1,有,無,37800000,360069,,0.0,0,,RPVNMLPLJHGGFFA87CB
大安區,房地(土地+建物)+車位,臺北市大安區和平東路二段76巷17弄3號文詠C-04F,30.54,住,,,1090831,土地3建物1車位1,四層,7,華廈(10層含以下有電梯),住家用,鋼筋混凝土造,,150.42,3,2,2,有,無,39700000,345909,升降平面,42.01,2200000,,RPWNMLPLJHGGFFA97CB
大安區,房地(土地+建物)+車位,臺北市大安區和平東路二段76巷17弄3號藏閱B-01F,26.98,住,,,1090809,土地7建物1車位1,一層,11,住宅大樓(11層含以上有電梯),住家用,鋼筋混凝土造,,176.58,4,2,2,有,無,60680000,403984,坡道平面,36.03,3900000,,RPPOMLPLJHGGFFA37CB
大安區,房地(土地+建物)+車位,臺北市大安區和平東路二段76巷17弄3號藏閱B-02F,29.33,住,,,1091124,土地7建物1車位1,二層,11,住宅大樓(11層含以上有電梯),住家用,鋼筋混凝土造,,188.54,4,2,2,有,無,58810000,362993,坡道平面,36.03,3450000,,RPQOMLPLJHGGFFA47CB
大安區,房地(土地+建物)+車位,臺北市大安區和平東路二段76巷17弄3號藏閱B-05F,29.33,住,,,1091119,土地7建物1車位1,五層,11,住宅大樓(11層含以上有電梯),住家用,鋼筋混凝土造,,188.54,4,2,2,有,無,59800000,369156,坡道平面,36.03,3500000,,RPROMLPLJHGGFFA57CB
文山區,房地(土地+建物),臺北市文山區指南路２段２２１號Ａ－１Ｆ,20.53,住,,,1080725,土地2建物1車位0,一層,4,華廈(10層含以下有電梯),住家用,鋼筋混凝土造,,35.69,1,0,1,有,無,6800000,190530,,0.0,0,,RPPNMLNJKHGGFAA09CB
文山區,房地(土地+建物)+車位,臺北市文山區指南路二段２２１號Ａ－３Ｆ,37.53,住,,,1080731,土地2建物1車位1,三層,4,華廈(10層含以下有電梯),住家用,鋼筋混凝土造,,102.29,2,1,1,有,無,15750000,170880,坡道平面,24.75,2500000,,RPTNMLNJKHGGFAA86CB
文山區,房地(土地+建物),臺北市文山區指南路２段２２１號Ｂ－１Ｆ,16.77,住,,,1080725,土地2建物1車位0,一層,4,華廈(10層含以下有電梯),住家用,鋼筋混凝土造,,29.1,1,0,1,有,無,5700000,195876,,0.0,0,,RPVNMLNJKHGGFAA07CB
文山區,房地(土地+建物),臺北市文山區指南路２段２２１號Ｂ－２Ｆ,16.77,住,,,1080727,土地2建物1車位0,二層,4,華廈(10層含以下有電梯),住家用,鋼筋混凝土造,,37.02,1,0,1,有,無,6680000,180443,,0.0,0,,RPWNMLNJKHGGFAA17CB
文山區,房地(土地+建物),臺北市文山區指南路２段２２１號Ｂ－３Ｆ,15.14,住,,,1080922,土地2建物1車位0,三層,4,華廈(10層含以下有電梯),住家用,鋼筋混凝土造,,33.54,1,0,1,有,無,6050000,180382,,0.0,0,,RPXNMLNJKHGGFAA27CB
文山區,房地(土地+建物),臺北市文山區指南路２段２２１號Ｃ－１Ｆ,15.14,住,,,1080728,土地2建物1車位0,一層,4,華廈(10層含以下有電梯),住家用,鋼筋混凝土造,,26.34,1,0,1,有,無,5250000,199317,,0.0,0,,RPOOMLNJKHGGFAA09CB
文山區,房地(土地+建物),臺北市文山區指南路二段２２１號Ｃ－２Ｆ,15.14,住,,,1080721,土地2建物1車位0,二層,4,華廈(10層含以下有電梯),住家用,鋼筋混凝土造,,33.94,1,0,1,有,無,6130000,180613,,0.0,0,,RPQOMLNJKHGGFAA66CB
文山區,房地(土地+建物),臺北市文山區指南路２段２２１號Ｃ－４Ｆ,15.14,住,,,1080720,土地2建物1車位0,四層,4,華廈(10層含以下有電梯),住家用,鋼筋混凝土造,,33.23,1,0,1,有,無,6100000,183569,,0.0,0,,RPROMLNJKHGGFAA76CB
文山區,房地(土地+建物),臺北市文山區指南路２段２２１號Ｄ－１Ｆ,17.68,住,,,1080721,土地2建物1車位0,一層,4,華廈(10層含以下有電梯),住家用,鋼筋混凝土造,,30.7,1,0,1,有,無,6030000,196417,,0.0,0,,RPSOMLNJKHGGFAA86CB
文山區,房地(土地+建物),臺北市文山區指南路２段２２１號Ｄ－２Ｆ,17.68,住,,,1080725,土地2建物1車位0,二層,4,華廈(10層含以下有電梯),住家用,鋼筋混凝土造,,38.07,1,0,1,有,無,6750000,177305,,0.0,0,,RPTOMLNJKHGGFAA96CB
文山區,房地(土地+建物),臺北市文山區指南路２段２２１號Ｄ－３Ｆ,17.68,住,,,1080831,土地2建物1車位0,三層,4,華廈(10層含以下有電梯),住家用,鋼筋混凝土造,,37.38,1,0,1,有,無,6660000,178170,,0.0,0,,RPVOMLNJKHGGFAA17CB
文山區,房地(土地+建物),臺北市文山區指南路２段２２１號Ｄ－４Ｆ,17.68,住,,,1080725,土地2建物1車位0,四層,4,華廈(10層含以下有電梯),住家用,鋼筋混凝土造,,37.38,1,0,1,有,無,6850000,183253,,0.0,0,,RPXOMLNJKHGGFAA37CB
文山區,房地(土地+建物),臺北市文山區指南路２段２２１號Ｅ－１Ｆ,18.22,住,,,1080729,土地2建物1車位0,一層,4,華廈(10層含以下有電梯),住家用,鋼筋混凝土造,,31.69,1,0,1,有,無,6320000,199432,,0.0,0,,RPOPMLNJKHGGFAA56CB
文山區,房地(土地+建物),臺北市文山區指南路２段２２１號Ｅ－２Ｆ,18.22,住,,,1080829,土地2建物1車位0,二層,4,華廈(10層含以下有電梯),住家用,鋼筋混凝土造,,38.75,1,0,1,有,無,6710000,173161,,0.0,0,,RPPPMLNJKHGGFAA66CB
文山區,房地(土地+建物),臺北市文山區指南路２段２２１號Ｅ－３Ｆ,16.77,住,,,1080730,土地2建物1車位0,三層,4,華廈(10層含以下有電梯),住家用,鋼筋混凝土造,,34.66,1,0,1,有,無,6200000,178881,,0.0,0,,RPQPMLNJKHGGFAA76CB
文山區,房地(土地+建物),臺北市文山區指南路２段２２１號Ｅ－４Ｆ,10.79,住,,,1080728,土地2建物1車位0,四層,4,華廈(10層含以下有電梯),住家用,鋼筋混凝土造,,22.64,1,0,1,有,無,4100000,181095,,0.0,0,,RPRPMLNJKHGGFAA86CB
文山區,房地(土地+建物),臺北市文山區指南路２段２２１號Ｆ－１Ｆ,16.63,住,,,1080728,土地2建物1車位0,一層,4,華廈(10層含以下有電梯),住家用,鋼筋混凝土造,,28.92,1,0,1,有,無,5650000,195367,,0.0,0,,RPSPMLNJKHGGFAA96CB
文山區,房地(土地+建物),臺北市文山區指南路２段２２１號Ｆ－２Ｆ,16.63,住,,,1080829,土地2建物1車位0,二層,4,華廈(10層含以下有電梯),住家用,鋼筋混凝土造,,35.24,1,0,1,有,無,6010000,170545,,0.0,0,,RPUPMLNJKHGGFAA17CB
文山區,房地(土地+建物),臺北市文山區指南路２段２２１號Ｆ－３Ｆ,16.63,住,,,1080802,土地2建物1車位0,三層,4,華廈(10層含以下有電梯),住家用,鋼筋混凝土造,,34.29,1,0,1,有,無,6100000,177894,,0.0,0,,RPVPMLNJKHGGFAA27CB
文山區,房地(土地+建物),臺北市文山區指南路２段２２１號Ｆ－４Ｆ,14.41,住,,,1080728,土地2建物1車位0,四層,4,華廈(10層含以下有電梯),住家用,鋼筋混凝土造,,29.96,1,0,1,有,無,5350000,178571,,0.0,0,,RPOQMLNJKHGGFAA66CB
北投區,房地(土地+建物)+車位,臺北市北投區致遠一路二段116號旁A-1F,27.23,住,,,1091118,土地13建物1車位1,一層,14,住宅大樓(11層含以上有電梯),住家用,鋼筋混凝土造,,188.1,3,2,2,有,無,41000000,250960,坡道平面,37.08,3100000,,RPPOMLQLKHGGFEA47CB
北投區,房地(土地+建物)+車位,臺北市北投區致遠一路二段116號旁A-6F,27.16,住,,,1091105,土地13建物1車位1,六層,14,住宅大樓(11層含以上有電梯),住家用,鋼筋混凝土造,,187.06,3,2,2,有,無,37900000,233364,坡道平面,37.08,2900000,,RPQOMLQLKHGGFEA57CB
北投區,房地(土地+建物)+車位,臺北市北投區致遠一路二段116號旁A-7F,27.16,住,,,1091105,土地13建物1車位1,七層,14,住宅大樓(11層含以上有電梯),住家用,鋼筋混凝土造,,187.06,3,2,2,有,無,38800000,241366,坡道平面,37.08,2600000,,RPROMLQLKHGGFEA67CB
北投區,房地(土地+建物)+車位,臺北市北投區致遠一路二段116號旁A-9F,27.16,住,,,1091030,土地13建物1車位1,九層,14,住宅大樓(11層含以上有電梯),住家用,鋼筋混凝土造,,187.06,3,2,2,有,無,41090000,253300,坡道平面,37.08,3100000,,RPSOMLQLKHGGFEA77CB
北投區,房地(土地+建物)+車位,臺北市北投區致遠一路二段116號旁A-10F,27.16,住,,,1091108,土地13建物1車位1,十層,14,住宅大樓(11層含以上有電梯),住家用,鋼筋混凝土造,,187.06,3,2,2,有,無,41500000,259368,坡道平面,37.08,2600000,,RPTOMLQLKHGGFEA87CB
北投區,房地(土地+建物)+車位,臺北市北投區致遠一路二段116號旁A-11F,27.16,住,,,1091119,土地13建物1車位1,十一層,14,住宅大樓(11層含以上有電梯),住家用,鋼筋混凝土造,,187.06,3,2,2,有,無,42400000,263368,坡道平面,37.08,2900000,,RPUOMLQLKHGGFEA97CB
北投區,房地(土地+建物),臺北市北投區致遠一路二段116號旁A-12F,27.0,住,,,1091101,土地13建物1車位0,十二層,14,住宅大樓(11層含以上有電梯),住家用,鋼筋混凝土造,,149.98,3,2,2,有,無,39800000,265369,,0.0,0,,RPVOMLQLKHGGFEA08CB
北投區,房地(土地+建物)+車位,臺北市北投區致遠一路二段116號旁A-13F,27.16,住,,,1091108,土地13建物1車位1,十三層,14,住宅大樓(11層含以上有電梯),住家用,鋼筋混凝土造,,187.06,3,2,2,有,無,43280000,269236,坡道平面,37.08,2900000,,RPWOMLQLKHGGFEA18CB
北投區,房地(土地+建物)+車位,臺北市北投區致遠一路二段116號旁A-14F,27.16,住,,,1091104,土地13建物1車位1,十四層,14,住宅大樓(11層含以上有電梯),住家用,鋼筋混凝土造,,187.06,3,2,2,有,無,45500000,281371,坡道平面,37.08,3300000,,RPXOMLQLKHGGFEA28CB
北投區,房地(土地+建物)+車位,臺北市北投區致遠一路二段116號旁B-1F,35.68,住,,,1091118,土地13建物1車位1,一層,14,住宅大樓(11層含以上有電梯),住家用,鋼筋混凝土造,,235.22,4,2,3,有,無,51600000,244776,坡道平面,37.08,3100000,,RPOPMLQLKHGGFEA47CB
北投區,房地(土地+建物)+車位,臺北市北投區致遠一路二段116號旁B-2F,34.81,住,,,1091105,土地13建物1車位1,二層,14,住宅大樓(11層含以上有電梯),住家用,鋼筋混凝土造,,229.5,4,2,3,有,無,46280000,224405,坡道平面,37.08,3100000,,RPPPMLQLKHGGFEA57CB
北投區,房地(土地+建物)+車位,臺北市北投區致遠一路二段116號旁B-5F,34.81,住,,,1091117,土地13建物1車位1,五層,14,住宅大樓(11層含以上有電梯),住家用,鋼筋混凝土造,,229.5,4,2,3,有,無,46300000,226068,坡道平面,37.08,2800000,,RPRPMLQLKHGGFEA77CB
北投區,房地(土地+建物)+車位,臺北市北投區致遠一路二段116號旁B-6F,34.97,住,,,1091030,土地13建物1車位2,六層,14,住宅大樓(11層含以上有電梯),住家用,鋼筋混凝土造,,266.58,4,2,3,有,無,49400000,226068,坡道平面,74.16,5900000,,RPSPMLQLKHGGFEA87CB
北投區,房地(土地+建物)+車位,臺北市北投區致遠一路二段116號旁B-7F,34.81,住,,,1091105,土地13建物1車位1,七層,14,住宅大樓(11層含以上有電梯),住家用,鋼筋混凝土造,,229.5,4,2,3,有,無,48150000,236722,坡道平面,37.08,2600000,,RPTPMLQLKHGGFEA97CB
北投區,房地(土地+建物)+車位,臺北市北投區致遠一路二段116號旁B-9F,34.97,住,,,1091108,土地13建物1車位2,九層,14,住宅大樓(11層含以上有電梯),住家用,鋼筋混凝土造,,266.58,4,2,3,有,無,54900000,254132,坡道平面,74.16,6000000,,RPUPMLQLKHGGFEA08CB
北投區,房地(土地+建物)+車位,臺北市北投區致遠一路二段116號旁B-11F,34.81,住,,,1091119,土地13建物1車位1,十一層,14,住宅大樓(11層含以上有電梯),住家用,鋼筋混凝土造,,229.5,4,2,3,有,無,53400000,262447,坡道平面,37.08,2900000,,RPVPMLQLKHGGFEA18CB
北投區,房地(土地+建物)+車位,臺北市北投區致遠一路二段116號旁B-13F,34.81,住,,,1091111,土地13建物1車位1,十三層,14,住宅大樓(11層含以上有電梯),住家用,鋼筋混凝土造,,229.5,4,2,3,有,無,54550000,268423,坡道平面,37.08,2900000,,RPWPMLQLKHGGFEA28CB
北投區,房地(土地+建物)+車位,臺北市北投區致遠一路二段116號旁B-14F,34.97,住,,,1091111,土地13建物1車位2,十四層,14,住宅大樓(11層含以上有電梯),住家用,鋼筋混凝土造,,266.58,4,2,3,有,無,59950000,278297,坡道平面,74.16,6400000,,RPXPMLQLKHGGFEA38CB
北投區,房地(土地+建物)+車位,臺北市北投區致遠一路二段116號旁C-8F,34.81,住,,,1091108,土地13建物1車位1,八層,14,住宅大樓(11層含以上有電梯),住家用,鋼筋混凝土造,,229.5,4,2,3,有,無,49850000,245557,坡道平面,37.08,2600000,,RPOQMLQLKHGGFEA57CB
北投區,房地(土地+建物)+車位,臺北市北投區致遠一路二段116號旁C-14F,34.81,住,,,1091211,土地13建物1車位1,十四層,14,住宅大樓(11層含以上有電梯),住家用,鋼筋混凝土造,,229.5,4,2,3,有,無,55500000,271801,坡道平面,37.08,3200000,,RPPQMLQLKHGGFEA67CB
北投區,房地(土地+建物)+車位,臺北市北投區致遠一路二段116號旁D-8F,27.16,住,,,1091114,土地13建物1車位1,八層,14,住宅大樓(11層含以上有電梯),住家用,鋼筋混凝土造,,187.06,3,2,2,有,無,39900000,246700,坡道平面,37.08,2900000,,RPQQMLQLKHGGFEA77CB
北投區,房地(土地+建物)+車位,臺北市北投區致遠一路二段116號旁D-14F,27.16,住,,,1091211,土地13建物1車位1,十四層,14,住宅大樓(11層含以上有電梯),住家用,鋼筋混凝土造,,187.06,3,2,2,有,無,44500000,275370,坡道平面,37.08,3200000,,RPRQMLQLKHGGFEA87CB
中正區,房地(土地+建物),臺北市中正區南昌路二段１３４號旁Ｅ棟９樓,3.5,商,,,1091126,土地2建物1車位0,九層,14,住宅大樓(11層含以上有電梯),住家用,鋼筋混凝土造,,42.39,1,1,1,有,無,10980000,259023,,0.0,0,,RPWNMLOJLHGGFAA37CB
大同區,房地(土地+建物),臺北市大同區民權西路205號2樓之3,4.68,商,,,1060916,土地3建物1車位0,二層,14,住宅大樓(11層含以上有電梯),住家用,鋼筋混凝土造,,42.47,1,1,1,有,無,9000000,211914,,0.0,0,,RPTOMLPJLHGGFBA37CB
大同區,房地(土地+建物),臺北市大同區民權西路205號3樓之3,4.68,商,,,1060916,土地3建物1車位0,三層,14,住宅大樓(11層含以上有電梯),住家用,鋼筋混凝土造,,42.47,1,1,1,有,無,9000000,211914,,0.0,0,,RPVOMLPJLHGGFBA57CB
大同區,房地(土地+建物),臺北市大同區民權西路205號4樓之3,4.68,商,,,1060921,土地3建物1車位0,四層,14,住宅大樓(11層含以上有電梯),住家用,鋼筋混凝土造,,42.6,1,1,1,有,無,9080000,213146,,0.0,0,,RPWOMLPJLHGGFBA67CB
大同區,房地(土地+建物)+車位,臺北市大同區民權西路205號5樓之3,4.73,商,,,1060920,土地3建物1車位1,五層,14,住宅大樓(11層含以上有電梯),住家用,鋼筋混凝土造,,50.07,1,1,1,有,無,10680000,215645,塔式車位,7.5,1500000,,RPXOMLPJLHGGFBA77CB
大同區,房地(土地+建物)+車位,臺北市大同區民權西路205號7樓之1,11.87,商,,,1070107,土地3建物1車位1,七層,14,住宅大樓(11層含以上有電梯),住家用,鋼筋混凝土造,,114.36,3,1,1,有,無,22580000,196332,塔式車位,7.5,1600000,,RPOPMLPJLHGGFBA96CB
大同區,房地(土地+建物)+車位,臺北市大同區民權西路205號8樓之1,11.87,商,,,1070309,土地3建物1車位1,八層,14,住宅大樓(11層含以上有電梯),住家用,鋼筋混凝土造,,114.36,3,1,1,有,無,22610000,196612,塔式車位,7.5,1600000,,RPPPMLPJLHGGFBA07CB
大同區,房地(土地+建物)+車位,臺北市大同區民權西路205號9樓之1,11.87,商,,,1070319,土地3建物1車位1,九層,14,住宅大樓(11層含以上有電梯),住家用,鋼筋混凝土造,,114.36,3,1,1,有,無,22700000,196519,塔式車位,7.5,1700000,,RPQPMLPJLHGGFBA17CB
大同區,房地(土地+建物)+車位,臺北市大同區民權西路205號10樓之1,11.87,商,,,1070208,土地3建物1車位1,十層,14,住宅大樓(11層含以上有電梯),住家用,鋼筋混凝土造,,114.36,3,1,1,有,無,22700000,197455,塔式車位,7.5,1600000,,RPRPMLPJLHGGFBA27CB
大同區,房地(土地+建物),臺北市大同區民權西路205號3樓之2,4.47,商,,,1060916,土地3建物1車位0,三層,14,住宅大樓(11層含以上有電梯),住家用,鋼筋混凝土造,,40.83,1,1,1,有,無,8880000,217487,,0.0,0,,RPSPMLPJLHGGFBA37CB
大同區,房地(土地+建物),臺北市大同區民權西路205號4樓之2,4.47,商,,,1060925,土地3建物1車位0,四層,14,住宅大樓(11層含以上有電梯),住家用,鋼筋混凝土造,,41.19,1,1,1,有,無,8500000,206361,,0.0,0,,RPTPMLPJLHGGFBA47CB
大同區,房地(土地+建物),臺北市大同區民權西路205號5樓之2,4.47,商,,,1070210,土地3建物1車位0,五層,14,住宅大樓(11層含以上有電梯),住家用,鋼筋混凝土造,,41.05,1,1,1,有,無,8150000,198538,,0.0,0,,RPUPMLPJLHGGFBA57CB
大同區,房地(土地+建物),臺北市大同區民權西路205號6樓之2,4.47,商,,,1061019,土地3建物1車位0,六層,14,住宅大樓(11層含以上有電梯),住家用,鋼筋混凝土造,,41.19,1,1,1,有,無,8980000,218014,,0.0,0,,RPVPMLPJLHGGFBA67CB
大同區,房地(土地+建物)+車位,臺北市大同區民權西路205號7樓,10.02,商,,,1070101,土地3建物1車位1,七層,14,住宅大樓(11層含以上有電梯),住家用,鋼筋混凝土造,,97.19,2,1,1,有,無,18130000,184301,塔式車位,7.5,1600000,,RPWPMLPJLHGGFBA77CB
大同區,房地(土地+建物),臺北市大同區民權西路205號2樓之1,4.63,商,,,1061011,土地3建物1車位0,二層,14,住宅大樓(11層含以上有電梯),住家用,鋼筋混凝土造,,42.52,1,1,1,有,無,9290000,218485,,0.0,0,,RPXPMLPJLHGGFBA87CB
大同區,房地(土地+建物),臺北市大同區民權西路205號4樓之1,4.63,商,,,1070409,土地3建物1車位0,四層,14,住宅大樓(11層含以上有電梯),住家用,鋼筋混凝土造,,42.71,1,1,1,有,無,8880000,207914,,0.0,0,,RPOQMLPJLHGGFBA07CB
大同區,房地(土地+建物),臺北市大同區民權西路205號3樓之1,4.63,商,,,1061220,土地3建物1車位0,三層,14,住宅大樓(11層含以上有電梯),住家用,鋼筋混凝土造,,42.52,1,1,1,有,無,8300000,195202,,0.0,0,,RPPQMLPJLHGGFBA17CB
大同區,房地(土地+建物),臺北市大同區民權西路205號5樓之1,4.63,商,,,1061028,土地3建物1車位0,五層,14,住宅大樓(11層含以上有電梯),住家用,鋼筋混凝土造,,42.64,1,1,1,有,無,8260000,193715,,0.0,0,,RPQQMLPJLHGGFBA27CB
大同區,房地(土地+建物)+車位,臺北市大同區民權西路205號6樓之1,4.68,商,,,1061220,土地3建物1車位1,六層,14,住宅大樓(11層含以上有電梯),住家用,鋼筋混凝土造,,50.21,1,1,1,有,無,9930000,195036,塔式車位,7.5,1600000,,RPRQMLPJLHGGFBA37CB
大同區,房地(土地+建物)+車位,臺北市大同區民權西路205號3樓,7.2,商,,,1070326,土地3建物1車位1,三層,14,住宅大樓(11層含以上有電梯),住家用,鋼筋混凝土造,,71.54,1,1,1,有,無,13000000,178795,塔式車位,7.5,1550000,,RPSQMLPJLHGGFBA47CB
大同區,房地(土地+建物),臺北市大同區民權西路205號4樓,7.09,商,,,1070319,土地3建物1車位0,四層,14,住宅大樓(11層含以上有電梯),住家用,鋼筋混凝土造,,64.1,1,1,1,有,無,12950000,202028,,0.0,0,,RPUQMLPJLHGGFBA67CB
大同區,房地(土地+建物),臺北市大同區民權西路205號6樓,7.09,商,,,1070319,土地3建物1車位0,六層,14,住宅大樓(11層含以上有電梯),住家用,鋼筋混凝土造,,64.1,1,1,1,有,無,13130000,204836,,0.0,0,,RPVQMLPJLHGGFBA77CB
大同區,房地(土地+建物)+車位,臺北市大同區民權西路205號2樓之5,8.28,商,,,1061223,土地3建物1車位1,二層,14,住宅大樓(11層含以上有電梯),住家用,鋼筋混凝土造,,82.97,2,1,1,有,無,15050000,178217,塔式車位,7.5,1600000,,RPWQMLPJLHGGFBA87CB
大同區,房地(土地+建物)+車位,臺北市大同區民權西路205號3樓之5,8.28,商,,,1061109,土地3建物1車位1,三層,14,住宅大樓(11層含以上有電梯),住家用,鋼筋混凝土造,,82.42,2,1,1,有,無,15500000,185531,塔式車位,7.5,1600000,,RPXQMLPJLHGGFBA97CB
大同區,房地(土地+建物)+車位,臺北市大同區民權西路205號4樓之5,8.28,商,,,1061126,土地3建物1車位1,四層,14,住宅大樓(11層含以上有電梯),住家用,鋼筋混凝土造,,82.97,2,1,1,有,無,15840000,188684,塔式車位,7.5,1600000,,RPORMLPJLHGGFBA17CB
大同區,房地(土地+建物)+車位,臺北市大同區民權西路205號5樓之5,8.28,商,,,1061008,土地3建物1車位1,五層,14,住宅大樓(11層含以上有電梯),住家用,鋼筋混凝土造,,82.42,2,1,1,有,無,16500000,198879,塔式車位,7.5,1600000,,RPPRMLPJLHGGFBA27CB
大同區,房地(土地+建物),臺北市大同區民權西路205號6樓之5,8.22,商,,,1061019,土地3建物1車位0,六層,14,住宅大樓(11層含以上有電梯),住家用,鋼筋混凝土造,,75.47,2,1,1,有,無,14820000,196369,,0.0,0,,RPQRMLPJLHGGFBA37CB
大同區,房地(土地+建物)+車位,臺北市大同區民權西路205號9樓之2,8.28,商,,,1061201,土地3建物1車位1,九層,14,住宅大樓(11層含以上有電梯),住家用,鋼筋混凝土造,,82.42,2,1,1,有,無,15700000,190870,塔式車位,7.5,1400000,,RPRRMLPJLHGGFBA47CB
大同區,房地(土地+建物)+車位,臺北市大同區民權西路205號10樓之2,8.28,商,,,1070409,土地3建物1車位1,十層,14,住宅大樓(11層含以上有電梯),住家用,鋼筋混凝土造,,82.97,2,1,1,有,無,16600000,198754,塔式車位,7.5,1600000,,RPTRMLPJLHGGFBA67CB
大同區,房地(土地+建物)+車位,臺北市大同區民權西路205號11樓之2,8.28,商,,,1070309,土地3建物1車位1,十一層,14,住宅大樓(11層含以上有電梯),住家用,鋼筋混凝土造,,82.42,2,1,1,有,無,16880000,203951,塔式車位,7.5,1600000,,RPURMLPJLHGGFBA77CB
大同區,房地(土地+建物),臺北市大同區民權西路205號13樓之1,8.22,商,,,1070330,土地3建物1車位0,十三層,14,住宅大樓(11層含以上有電梯),住家用,鋼筋混凝土造,,74.92,2,1,1,有,無,15380000,205286,,0.0,0,,RPWRMLPJLHGGFBA97CB
大同區,房地(土地+建物)+車位,臺北市大同區民權西路205號2樓之6,9.35,商,,,1070330,土地3建物1車位1,二層,14,住宅大樓(11層含以上有電梯),住家用,鋼筋混凝土造,,91.19,2,1,1,有,無,16100000,173258,塔式車位,7.5,1600000,,RPXRMLPJLHGGFBA08CB
大同區,房地(土地+建物)+車位,臺北市大同區民權西路205號3樓之6,9.35,商,,,1070303,土地3建物1車位1,三層,14,住宅大樓(11層含以上有電梯),住家用,鋼筋混凝土造,,91.91,2,1,1,有,無,17000000,182443,塔式車位,7.5,1600000,,RPOSMLPJLHGGFBA27CB
大同區,房地(土地+建物)+車位,臺北市大同區民權西路205號4樓之6,9.35,商,,,1070208,土地3建物1車位1,四層,14,住宅大樓(11層含以上有電梯),住家用,鋼筋混凝土造,,91.19,2,1,1,有,無,17380000,189748,塔式車位,7.5,1500000,,RPPSMLPJLHGGFBA37CB
大同區,房地(土地+建物)+車位,臺北市大同區民權西路205號5樓之6,9.35,商,,,1061202,土地3建物1車位1,五層,14,住宅大樓(11層含以上有電梯),住家用,鋼筋混凝土造,,91.91,2,1,1,有,無,16550000,177112,塔式車位,7.5,1600000,,RPQSMLPJLHGGFBA47CB
大同區,房地(土地+建物)+車位,臺北市大同區民權西路205號6樓之6,9.35,商,,,1060921,土地3建物1車位1,六層,14,住宅大樓(11層含以上有電梯),住家用,鋼筋混凝土造,,91.19,2,1,1,有,無,17000000,184012,塔式車位,7.5,1600000,,RPRSMLPJLHGGFBA57CB
大同區,房地(土地+建物)+車位,臺北市大同區民權西路205號8樓之3,9.35,商,,,1061006,土地3建物1車位1,八層,14,住宅大樓(11層含以上有電梯),住家用,鋼筋混凝土造,,91.19,2,1,1,有,無,16850000,184610,塔式車位,7.5,1400000,,RPSSMLPJLHGGFBA67CB
大同區,房地(土地+建物)+車位,臺北市大同區民權西路205號11樓之3,9.35,商,,,1070106,土地3建物1車位1,十一層,14,住宅大樓(11層含以上有電梯),住家用,鋼筋混凝土造,,91.91,2,1,1,有,無,18000000,194290,塔式車位,7.5,1600000,,RPTSMLPJLHGGFBA77CB
萬華區,房地(土地+建物),臺北市萬華區環河南路二段21號7樓A1-07F,8.47,商,,,1060703,土地2建物1車位0,七層,24,住宅大樓(11層含以上有電梯),住家用,鋼筋混凝土造,,89.15,2,2,2,有,無,14660000,164442,,0.0,0,,RPSOMLTJLHGGFBA67CB
萬華區,房地(土地+建物),臺北市萬華區環河南路二段19號6樓A2-06F,8.45,商,,,1060428,土地2建物1車位0,六層,24,住宅大樓(11層含以上有電梯),住家用,鋼筋混凝土造,,88.89,2,2,2,有,無,15020000,168973,,0.0,0,,RPUOMLTJLHGGFBA87CB
萬華區,房地(土地+建物)+車位,臺北市萬華區環河南路二段19號10樓A2-10F,8.64,商,,,1060510,土地2建物1車位1,十層,24,住宅大樓(11層含以上有電梯),住家用,鋼筋混凝土造,,129.12,2,2,2,有,無,18200000,181685,坡道平面,40.23,2050000,,RPVOMLTJLHGGFBA97CB
萬華區,房地(土地+建物)+車位,臺北市萬華區環河南路二段19號24樓A2-24F,8.64,商,,,1060706,土地2建物1車位1,二十四層,24,住宅大樓(11層含以上有電梯),住家用,鋼筋混凝土造,,129.12,2,2,2,有,無,19500000,194623,坡道平面,40.23,2200000,,RPWOMLTJLHGGFBA08CB
萬華區,房地(土地+建物),臺北市萬華區環河南路二段17號7樓A3-07F,9.76,商,,,1060518,土地2建物1車位0,七層,24,住宅大樓(11層含以上有電梯),住家用,鋼筋混凝土造,,102.71,2,2,1,有,無,17500000,170383,,0.0,0,,RPXOMLTJLHGGFBA18CB
萬華區,房地(土地+建物)+車位,臺北市萬華區環河南路二段17號10樓A3-10F,9.95,商,,,1060415,土地2建物1車位1,十層,24,住宅大樓(11層含以上有電梯),住家用,鋼筋混凝土造,,142.94,2,2,1,有,無,20000000,175251,坡道平面,40.23,2000000,,RPOPMLTJLHGGFBA37CB
萬華區,房地(土地+建物),臺北市萬華區環河南路二段17號12樓A3-12F,9.76,商,,,1060712,土地2建物1車位0,十二層,24,住宅大樓(11層含以上有電梯),住家用,鋼筋混凝土造,,102.71,2,2,1,有,無,18500000,180119,,0.0,0,,RPPPMLTJLHGGFBA47CB
萬華區,房地(土地+建物),臺北市萬華區環河南路二段23號4樓B1-04F,8.03,商,,,1060507,土地2建物1車位0,四層,24,住宅大樓(11層含以上有電梯),住家用,鋼筋混凝土造,,84.5,2,2,2,有,無,14200000,168047,,0.0,0,,RPQPMLTJLHGGFBA57CB
萬華區,房地(土地+建物)+車位,臺北市萬華區環河南路二段27號11樓B3-11F,13.57,商,,,1060321,土地2建物1車位1,十一層,24,住宅大樓(11層含以上有電梯),住家用,鋼筋混凝土造,,181.41,3,2,2,有,無,28460000,184587,坡道平面,40.23,2400000,,RPRPMLTJLHGGFBA67CB
萬華區,房地(土地+建物)+車位,臺北市萬華區環河南路二段27號22樓B3-22F,13.55,商,,,1060221,土地2建物1車位1,二十二層,24,住宅大樓(11層含以上有電梯),住家用,鋼筋混凝土造,,181.28,3,2,2,有,無,29600000,193548,坡道平面,40.23,2300000,,RPSPMLTJLHGGFBA77CB
萬華區,房地(土地+建物),臺北市萬華區環河南路二段29號3樓B5-03F,8.02,商,,,1060710,土地2建物1車位0,三層,24,住宅大樓(11層含以上有電梯),住家用,鋼筋混凝土造,,84.53,2,2,1,有,無,12440000,147167,,0.0,0,,RPTPMLTJLHGGFBA87CB
萬華區,房地(土地+建物),臺北市萬華區環河南路二段29號7樓B5-07F,8.43,商,,,1060610,土地2建物1車位0,七層,24,住宅大樓(11層含以上有電梯),住家用,鋼筋混凝土造,,88.67,2,2,1,有,無,13980000,157663,,0.0,0,,RPUPMLTJLHGGFBA97CB
萬華區,房地(土地+建物)+車位,臺北市萬華區環河南路二段29號10樓B5-10F,8.62,商,,,1060807,土地2建物1車位1,十層,24,住宅大樓(11層含以上有電梯),住家用,鋼筋混凝土造,,128.9,2,2,1,有,無,16300000,160144,坡道平面,40.23,2100000,,RPVPMLTJLHGGFBA08CB
萬華區,房地(土地+建物)+車位,臺北市萬華區環河南路二段29號11樓B5-11F,8.62,商,,,1060321,土地2建物1車位1,十一層,24,住宅大樓(11層含以上有電梯),住家用,鋼筋混凝土造,,128.9,2,2,1,有,無,18310000,180557,坡道平面,40.23,2300000,,RPWPMLTJLHGGFBA18CB
萬華區,房地(土地+建物)+車位,臺北市萬華區環河南路二段29號22樓B5-22F,8.62,商,,,1060928,土地2建物1車位1,二十二層,24,住宅大樓(11層含以上有電梯),住家用,鋼筋混凝土造,,128.9,2,2,1,有,無,18700000,188339,坡道平面,40.23,2000000,,RPXPMLTJLHGGFBA28CB
萬華區,房地(土地+建物),臺北市萬華區環河南路二段31號4樓B6-04F,7.26,商,,,1061006,土地2建物1車位0,四層,24,住宅大樓(11層含以上有電梯),住家用,鋼筋混凝土造,,76.46,2,2,1,有,無,12180000,159299,,0.0,0,,RPOQMLTJLHGGFBA47CB
萬華區,房地(土地+建物),臺北市萬華區環河南路二段31號7樓B6-07F,7.11,商,,,1060919,土地2建物1車位0,七層,24,住宅大樓(11層含以上有電梯),住家用,鋼筋混凝土造,,74.71,2,2,1,有,無,12260000,164101,,0.0,0,,RPPQMLTJLHGGFBA57CB
萬華區,房地(土地+建物),臺北市萬華區環河南路二段31號12樓B6-12F,7.11,商,,,1060415,土地2建物1車位0,十二層,24,住宅大樓(11層含以上有電梯),住家用,鋼筋混凝土造,,74.71,2,2,1,有,無,13300000,178022,,0.0,0,,RPQQMLTJLHGGFBA67CB
萬華區,房地(土地+建物),臺北市萬華區環河南路二段31號19樓B6-19F,7.11,商,,,1060727,土地2建物1車位0,十九層,24,住宅大樓(11層含以上有電梯),住家用,鋼筋混凝土造,,74.71,2,2,1,有,無,13880000,185785,,0.0,0,,RPRQMLTJLHGGFBA77CB
萬華區,房地(土地+建物)+車位,臺北市萬華區環河南路二段31號22樓B6-22F,7.3,商,,,1060519,土地2建物1車位1,二十二層,24,住宅大樓(11層含以上有電梯),住家用,鋼筋混凝土造,,114.94,2,2,1,有,無,16400000,188730,坡道平面,40.23,2300000,,RPSQMLTJLHGGFBA87CB
