﻿編號,土地位置,土地移轉面積(平方公尺),使用分區或編定,權利人持分分母,權利人持分分子,移轉情形,地號
The serial number, land position,land shifting area square meter,the use zoning or compiles and checks,,,,land parcel
RPPOMLLKKIPFFBA47CB,成功段三小段,9.23,都市：住,10000,194,持分移轉,00820000
RPXNMLLKKIPFFBA18CB,成功段三小段,10.66,都市：住,10000,224,持分移轉,00820000
RPWNMLLKKIPFFBA08CB,成功段三小段,9.23,都市：住,10000,194,持分移轉,00820000
RPTNMLQKKIPFFAA18CB,永昌段四小段,20.72,都市：住,100000,1056,持分移轉,00440000
RPVNMLQKKIPFFAA38CB,永昌段四小段,20.72,都市：住,100000,1056,持分移轉,00440000
RPQOMLMLKIPFFFA18CB,懷生段一小段,1.65,都市：商,100000,1229,持分移轉,01340000
RPQOMLMLKIPFFFA18CB,懷生段一小段,1.49,都市：商,100000,1229,持分移轉,01370000
RPSOMLMLKIPFFBA97CB,龍山段一小段,6.15,都市：商,10000,142,持分移轉,06980000
RPPPMLMLKIPFFFA18CB,懷生段一小段,1.65,都市：商,100000,1229,持分移轉,01340000
RPPPMLMLKIPFFFA18CB,懷生段一小段,1.49,都市：商,100000,1229,持分移轉,01370000
RPPOMLMLKIPFFFA08CB,懷生段一小段,1.65,都市：商,100000,1229,持分移轉,01340000
RPPOMLMLKIPFFFA08CB,懷生段一小段,1.49,都市：商,100000,1229,持分移轉,01370000
RPSPMLMLKIPFFFA48CB,懷生段一小段,1.65,都市：商,100000,1229,持分移轉,01340000
RPSPMLMLKIPFFFA48CB,懷生段一小段,1.49,都市：商,100000,1229,持分移轉,01370000
RPPQMLMLKIPFFFA28CB,懷生段一小段,1.65,都市：商,100000,1229,持分移轉,01340000
RPXPMLMLKIPFFFA98CB,懷生段一小段,1.65,都市：商,100000,1229,持分移轉,01340000
RPPQMLMLKIPFFFA28CB,懷生段一小段,1.49,都市：商,100000,1229,持分移轉,01370000
RPXPMLMLKIPFFFA98CB,懷生段一小段,1.49,都市：商,100000,1229,持分移轉,01370000
RPUPMLMLKIPFFFA68CB,懷生段一小段,1.65,都市：商,100000,1229,持分移轉,01340000
RPUPMLMLKIPFFFA68CB,懷生段一小段,1.49,都市：商,100000,1229,持分移轉,01370000
RPVPMLMLKIPFFFA78CB,懷生段一小段,1.65,都市：商,100000,1229,持分移轉,01340000
RPVPMLMLKIPFFFA78CB,懷生段一小段,1.49,都市：商,100000,1229,持分移轉,01370000
RPRQMLMLKIPFFFA48CB,懷生段一小段,1.65,都市：商,100000,1229,持分移轉,01340000
RPRQMLMLKIPFFFA48CB,懷生段一小段,1.49,都市：商,100000,1229,持分移轉,01370000
RPTQMLMLKIPFFFA68CB,懷生段一小段,1.65,都市：商,100000,1229,持分移轉,01340000
RPTQMLMLKIPFFFA68CB,懷生段一小段,1.49,都市：商,100000,1229,持分移轉,01370000
RPWQMLMLKIPFFFA98CB,懷生段一小段,1.65,都市：商,100000,1229,持分移轉,01340000
RPWQMLMLKIPFFFA98CB,懷生段一小段,1.49,都市：商,100000,1229,持分移轉,01370000
RPUQMLMLKIPFFFA78CB,懷生段一小段,1.65,都市：商,100000,1229,持分移轉,01340000
RPUQMLMLKIPFFFA78CB,懷生段一小段,1.49,都市：商,100000,1229,持分移轉,01370000
RPPRMLMLKIPFFFA38CB,懷生段一小段,1.65,都市：商,100000,1229,持分移轉,01340000
RPPRMLMLKIPFFFA38CB,懷生段一小段,1.49,都市：商,100000,1229,持分移轉,01370000
RPRRMLMLKIPFFFA58CB,懷生段一小段,1.65,都市：商,100000,1229,持分移轉,01340000
RPRRMLMLKIPFFFA58CB,懷生段一小段,1.49,都市：商,100000,1229,持分移轉,01370000
RPOOMLLMKIPFFCA67CB,潭美段四小段,1.44,都市：住,100000,2209,持分移轉,05820000
RPOOMLLMKIPFFCA67CB,潭美段四小段,.15,都市：住,100000,2209,持分移轉,05880000
RPOOMLLMKIPFFCA67CB,潭美段四小段,.22,都市：住,100000,2209,持分移轉,05790002
RPOOMLLMKIPFFCA67CB,潭美段四小段,.24,都市：住,100000,2209,持分移轉,05790004
RPOOMLLMKIPFFCA67CB,潭美段四小段,3.25,都市：住,100000,2209,持分移轉,05800000
RPOOMLLMKIPFFCA67CB,潭美段四小段,1.59,都市：住,100000,2209,持分移轉,05810000
RPOOMLLMKIPFFCA67CB,潭美段四小段,1.72,都市：住,100000,2209,持分移轉,05840000
RPOOMLLMKIPFFCA67CB,潭美段四小段,.29,都市：住,100000,2209,持分移轉,05860000
RPOOMLLMKIPFFCA67CB,潭美段四小段,.09,都市：住,100000,2209,持分移轉,05870000
RPOOMLLMKIPFFCA67CB,潭美段四小段,2.94,都市：住,100000,2209,持分移轉,05900000
RPOOMLLMKIPFFCA67CB,潭美段四小段,.68,都市：住,100000,2209,持分移轉,05910000
RPQNMLLMKIPFFCA77CB,潭美段四小段,1.46,都市：住,3100000,69447,持分移轉,05820000
RPOOMLLMKIPFFCA67CB,潭美段四小段,.55,都市：住,100000,2209,持分移轉,05940000
RPQNMLLMKIPFFCA77CB,潭美段四小段,.16,都市：住,3100000,69447,持分移轉,05880000
RPOOMLLMKIPFFCA67CB,潭美段四小段,2.36,都市：住,100000,2209,持分移轉,05960000
RPQNMLLMKIPFFCA77CB,潭美段四小段,.22,都市：住,3100000,69447,持分移轉,05790002
RPOOMLLMKIPFFCA67CB,潭美段四小段,4.15,都市：住,100000,2209,持分移轉,05990000
RPQNMLLMKIPFFCA77CB,潭美段四小段,.25,都市：住,3100000,69447,持分移轉,05790004
RPOOMLLMKIPFFCA67CB,潭美段四小段,1.63,都市：住,100000,2209,持分移轉,06000000
RPQNMLLMKIPFFCA77CB,潭美段四小段,3.29,都市：住,3100000,69447,持分移轉,05800000
RPOOMLLMKIPFFCA67CB,潭美段四小段,4.55,都市：住,100000,2209,持分移轉,06010000
RPQNMLLMKIPFFCA77CB,潭美段四小段,1.61,都市：住,3100000,69447,持分移轉,05810000
RPOOMLLMKIPFFCA67CB,潭美段四小段,.22,都市：住,100000,2209,持分移轉,06040000
RPQNMLLMKIPFFCA77CB,潭美段四小段,1.75,都市：住,3100000,69447,持分移轉,05840000
RPOOMLLMKIPFFCA67CB,潭美段四小段,1.44,都市：住,100000,2209,持分移轉,05830000
RPQNMLLMKIPFFCA77CB,潭美段四小段,.29,都市：住,3100000,69447,持分移轉,05860000
RPOOMLLMKIPFFCA67CB,潭美段四小段,3.07,都市：住,100000,2209,持分移轉,05850000
RPQNMLLMKIPFFCA77CB,潭美段四小段,.09,都市：住,3100000,69447,持分移轉,05870000
RPOOMLLMKIPFFCA67CB,潭美段四小段,3.62,都市：住,100000,2209,持分移轉,05950000
RPQNMLLMKIPFFCA77CB,潭美段四小段,2.98,都市：住,3100000,69447,持分移轉,05900000
RPOOMLLMKIPFFCA67CB,潭美段四小段,.09,都市：住,100000,2209,持分移轉,05890000
RPQNMLLMKIPFFCA77CB,潭美段四小段,.69,都市：住,3100000,69447,持分移轉,05910000
RPQNMLLMKIPFFCA77CB,潭美段四小段,.56,都市：住,3100000,69447,持分移轉,05940000
RPQNMLLMKIPFFCA77CB,潭美段四小段,2.40,都市：住,3100000,69447,持分移轉,05960000
RPQNMLLMKIPFFCA77CB,潭美段四小段,4.21,都市：住,3100000,69447,持分移轉,05990000
RPQNMLLMKIPFFCA77CB,潭美段四小段,1.66,都市：住,3100000,69447,持分移轉,06000000
RPQNMLLMKIPFFCA77CB,潭美段四小段,4.61,都市：住,3100000,69447,持分移轉,06010000
RPQNMLLMKIPFFCA77CB,潭美段四小段,.22,都市：住,3100000,69447,持分移轉,06040000
RPQNMLLMKIPFFCA77CB,潭美段四小段,1.46,都市：住,3100000,69447,持分移轉,05830000
RPQNMLLMKIPFFCA77CB,潭美段四小段,3.11,都市：住,3100000,69447,持分移轉,05850000
RPQNMLLMKIPFFCA77CB,潭美段四小段,3.67,都市：住,3100000,69447,持分移轉,05950000
RPQNMLLMKIPFFCA77CB,潭美段四小段,.09,都市：住,3100000,69447,持分移轉,05890000
RPWNMLLMKIPFFCA38CB,潭美段四小段,1.44,都市：住,100000,2209,持分移轉,05820000
RPWNMLLMKIPFFCA38CB,潭美段四小段,.15,都市：住,100000,2209,持分移轉,05880000
RPWNMLLMKIPFFCA38CB,潭美段四小段,.22,都市：住,100000,2209,持分移轉,05790002
RPWNMLLMKIPFFCA38CB,潭美段四小段,.24,都市：住,100000,2209,持分移轉,05790004
RPWNMLLMKIPFFCA38CB,潭美段四小段,3.25,都市：住,100000,2209,持分移轉,05800000
RPWNMLLMKIPFFCA38CB,潭美段四小段,1.59,都市：住,100000,2209,持分移轉,05810000
RPWNMLLMKIPFFCA38CB,潭美段四小段,1.72,都市：住,100000,2209,持分移轉,05840000
RPWNMLLMKIPFFCA38CB,潭美段四小段,.29,都市：住,100000,2209,持分移轉,05860000
RPWNMLLMKIPFFCA38CB,潭美段四小段,.09,都市：住,100000,2209,持分移轉,05870000
RPWNMLLMKIPFFCA38CB,潭美段四小段,2.94,都市：住,100000,2209,持分移轉,05900000
RPWNMLLMKIPFFCA38CB,潭美段四小段,.68,都市：住,100000,2209,持分移轉,05910000
RPWNMLLMKIPFFCA38CB,潭美段四小段,.55,都市：住,100000,2209,持分移轉,05940000
RPWNMLLMKIPFFCA38CB,潭美段四小段,2.36,都市：住,100000,2209,持分移轉,05960000
RPWNMLLMKIPFFCA38CB,潭美段四小段,4.15,都市：住,100000,2209,持分移轉,05990000
RPWNMLLMKIPFFCA38CB,潭美段四小段,1.63,都市：住,100000,2209,持分移轉,06000000
RPWNMLLMKIPFFCA38CB,潭美段四小段,4.55,都市：住,100000,2209,持分移轉,06010000
RPWNMLLMKIPFFCA38CB,潭美段四小段,.22,都市：住,100000,2209,持分移轉,06040000
RPWNMLLMKIPFFCA38CB,潭美段四小段,1.44,都市：住,100000,2209,持分移轉,05830000
RPWNMLLMKIPFFCA38CB,潭美段四小段,3.07,都市：住,100000,2209,持分移轉,05850000
RPWNMLLMKIPFFCA38CB,潭美段四小段,3.62,都市：住,100000,2209,持分移轉,05950000
RPWNMLLMKIPFFCA38CB,潭美段四小段,.09,都市：住,100000,2209,持分移轉,05890000
RPPNMLLMKIPFFCA67CB,潭美段四小段,1.44,都市：住,3100000,68901,持分移轉,05820000
RPPNMLLMKIPFFCA67CB,潭美段四小段,.16,都市：住,3100000,68901,持分移轉,05880000
RPPNMLLMKIPFFCA67CB,潭美段四小段,.22,都市：住,3100000,68901,持分移轉,05790002
RPPNMLLMKIPFFCA67CB,潭美段四小段,.24,都市：住,3100000,68901,持分移轉,05790004
RPPNMLLMKIPFFCA67CB,潭美段四小段,3.27,都市：住,3100000,68901,持分移轉,05800000
RPPNMLLMKIPFFCA67CB,潭美段四小段,1.60,都市：住,3100000,68901,持分移轉,05810000
RPPNMLLMKIPFFCA67CB,潭美段四小段,1.73,都市：住,3100000,68901,持分移轉,05840000
RPPNMLLMKIPFFCA67CB,潭美段四小段,.29,都市：住,3100000,68901,持分移轉,05860000
RPPNMLLMKIPFFCA67CB,潭美段四小段,.09,都市：住,3100000,68901,持分移轉,05870000
RPPNMLLMKIPFFCA67CB,潭美段四小段,2.96,都市：住,3100000,68901,持分移轉,05900000
RPPNMLLMKIPFFCA67CB,潭美段四小段,.69,都市：住,3100000,68901,持分移轉,05910000
RPPNMLLMKIPFFCA67CB,潭美段四小段,.56,都市：住,3100000,68901,持分移轉,05940000
RPPNMLLMKIPFFCA67CB,潭美段四小段,2.38,都市：住,3100000,68901,持分移轉,05960000
RPPNMLLMKIPFFCA67CB,潭美段四小段,4.18,都市：住,3100000,68901,持分移轉,05990000
RPPNMLLMKIPFFCA67CB,潭美段四小段,1.64,都市：住,3100000,68901,持分移轉,06000000
RPPNMLLMKIPFFCA67CB,潭美段四小段,4.58,都市：住,3100000,68901,持分移轉,06010000
RPPNMLLMKIPFFCA67CB,潭美段四小段,.22,都市：住,3100000,68901,持分移轉,06040000
RPPNMLLMKIPFFCA67CB,潭美段四小段,1.44,都市：住,3100000,68901,持分移轉,05830000
RPPNMLLMKIPFFCA67CB,潭美段四小段,3.09,都市：住,3100000,68901,持分移轉,05850000
RPPNMLLMKIPFFCA67CB,潭美段四小段,3.65,都市：住,3100000,68901,持分移轉,05950000
RPPNMLLMKIPFFCA67CB,潭美段四小段,.09,都市：住,3100000,68901,持分移轉,05890000
RPROMLLMKIPFFCA97CB,潭美段四小段,1.45,都市：住,3100000,69025,持分移轉,05820000
RPROMLLMKIPFFCA97CB,潭美段四小段,.16,都市：住,3100000,69025,持分移轉,05880000
RPROMLLMKIPFFCA97CB,潭美段四小段,.22,都市：住,3100000,69025,持分移轉,05790002
RPROMLLMKIPFFCA97CB,潭美段四小段,.24,都市：住,3100000,69025,持分移轉,05790004
RPROMLLMKIPFFCA97CB,潭美段四小段,3.27,都市：住,3100000,69025,持分移轉,05800000
RPROMLLMKIPFFCA97CB,潭美段四小段,1.60,都市：住,3100000,69025,持分移轉,05810000
RPROMLLMKIPFFCA97CB,潭美段四小段,1.74,都市：住,3100000,69025,持分移轉,05840000
RPROMLLMKIPFFCA97CB,潭美段四小段,.29,都市：住,3100000,69025,持分移轉,05860000
RPROMLLMKIPFFCA97CB,潭美段四小段,.09,都市：住,3100000,69025,持分移轉,05870000
RPROMLLMKIPFFCA97CB,潭美段四小段,2.96,都市：住,3100000,69025,持分移轉,05900000
RPROMLLMKIPFFCA97CB,潭美段四小段,.69,都市：住,3100000,69025,持分移轉,05910000
RPROMLLMKIPFFCA97CB,潭美段四小段,.56,都市：住,3100000,69025,持分移轉,05940000
RPROMLLMKIPFFCA97CB,潭美段四小段,2.38,都市：住,3100000,69025,持分移轉,05960000
RPROMLLMKIPFFCA97CB,潭美段四小段,4.19,都市：住,3100000,69025,持分移轉,05990000
RPROMLLMKIPFFCA97CB,潭美段四小段,1.65,都市：住,3100000,69025,持分移轉,06000000
RPROMLLMKIPFFCA97CB,潭美段四小段,4.59,都市：住,3100000,69025,持分移轉,06010000
RPROMLLMKIPFFCA97CB,潭美段四小段,.22,都市：住,3100000,69025,持分移轉,06040000
RPROMLLMKIPFFCA97CB,潭美段四小段,1.45,都市：住,3100000,69025,持分移轉,05830000
RPROMLLMKIPFFCA97CB,潭美段四小段,3.09,都市：住,3100000,69025,持分移轉,05850000
RPROMLLMKIPFFCA97CB,潭美段四小段,3.65,都市：住,3100000,69025,持分移轉,05950000
RPROMLLMKIPFFCA97CB,潭美段四小段,.09,都市：住,3100000,69025,持分移轉,05890000
RPVNMLLMKIPFFCA28CB,潭美段四小段,1.45,都市：住,100000,2225,持分移轉,05820000
RPVNMLLMKIPFFCA28CB,潭美段四小段,.16,都市：住,100000,2225,持分移轉,05880000
RPVNMLLMKIPFFCA28CB,潭美段四小段,.22,都市：住,100000,2225,持分移轉,05790002
RPVNMLLMKIPFFCA28CB,潭美段四小段,.24,都市：住,100000,2225,持分移轉,05790004
RPVNMLLMKIPFFCA28CB,潭美段四小段,3.27,都市：住,100000,2225,持分移轉,05800000
RPVNMLLMKIPFFCA28CB,潭美段四小段,1.60,都市：住,100000,2225,持分移轉,05810000
RPVNMLLMKIPFFCA28CB,潭美段四小段,1.74,都市：住,100000,2225,持分移轉,05840000
RPVNMLLMKIPFFCA28CB,潭美段四小段,.29,都市：住,100000,2225,持分移轉,05860000
RPVNMLLMKIPFFCA28CB,潭美段四小段,.09,都市：住,100000,2225,持分移轉,05870000
RPVNMLLMKIPFFCA28CB,潭美段四小段,2.96,都市：住,100000,2225,持分移轉,05900000
RPVNMLLMKIPFFCA28CB,潭美段四小段,.69,都市：住,100000,2225,持分移轉,05910000
RPVNMLLMKIPFFCA28CB,潭美段四小段,.56,都市：住,100000,2225,持分移轉,05940000
RPVNMLLMKIPFFCA28CB,潭美段四小段,2.38,都市：住,100000,2225,持分移轉,05960000
RPVNMLLMKIPFFCA28CB,潭美段四小段,4.18,都市：住,100000,2225,持分移轉,05990000
RPVNMLLMKIPFFCA28CB,潭美段四小段,1.65,都市：住,100000,2225,持分移轉,06000000
RPVNMLLMKIPFFCA28CB,潭美段四小段,4.58,都市：住,100000,2225,持分移轉,06010000
RPVNMLLMKIPFFCA28CB,潭美段四小段,.22,都市：住,100000,2225,持分移轉,06040000
RPVNMLLMKIPFFCA28CB,潭美段四小段,1.45,都市：住,100000,2225,持分移轉,05830000
RPVNMLLMKIPFFCA28CB,潭美段四小段,3.09,都市：住,100000,2225,持分移轉,05850000
RPVNMLLMKIPFFCA28CB,潭美段四小段,3.65,都市：住,100000,2225,持分移轉,05950000
RPVNMLLMKIPFFCA28CB,潭美段四小段,.09,都市：住,100000,2225,持分移轉,05890000
RPSOMLLMKIPFFCA08CB,潭美段四小段,1.15,都市：住,100000,1771,持分移轉,05820000
RPSOMLLMKIPFFCA08CB,潭美段四小段,.12,都市：住,100000,1771,持分移轉,05880000
RPSOMLLMKIPFFCA08CB,潭美段四小段,.18,都市：住,100000,1771,持分移轉,05790002
RPSOMLLMKIPFFCA08CB,潭美段四小段,.19,都市：住,100000,1771,持分移轉,05790004
RPSOMLLMKIPFFCA08CB,潭美段四小段,2.60,都市：住,100000,1771,持分移轉,05800000
RPRNMLLMKIPFFCA87CB,潭美段四小段,.22,都市：住,3100000,69447,持分移轉,06040000
RPSOMLLMKIPFFCA08CB,潭美段四小段,1.28,都市：住,100000,1771,持分移轉,05810000
RPRNMLLMKIPFFCA87CB,潭美段四小段,1.46,都市：住,3100000,69447,持分移轉,05830000
RPSOMLLMKIPFFCA08CB,潭美段四小段,1.38,都市：住,100000,1771,持分移轉,05840000
RPRNMLLMKIPFFCA87CB,潭美段四小段,3.11,都市：住,3100000,69447,持分移轉,05850000
RPSOMLLMKIPFFCA08CB,潭美段四小段,.23,都市：住,100000,1771,持分移轉,05860000
RPRNMLLMKIPFFCA87CB,潭美段四小段,3.67,都市：住,3100000,69447,持分移轉,05950000
RPSOMLLMKIPFFCA08CB,潭美段四小段,.07,都市：住,100000,1771,持分移轉,05870000
RPRNMLLMKIPFFCA87CB,潭美段四小段,.09,都市：住,3100000,69447,持分移轉,05890000
RPSOMLLMKIPFFCA08CB,潭美段四小段,2.36,都市：住,100000,1771,持分移轉,05900000
RPRNMLLMKIPFFCA87CB,潭美段四小段,1.46,都市：住,3100000,69447,持分移轉,05820000
RPSOMLLMKIPFFCA08CB,潭美段四小段,.55,都市：住,100000,1771,持分移轉,05910000
RPRNMLLMKIPFFCA87CB,潭美段四小段,.16,都市：住,3100000,69447,持分移轉,05880000
RPSOMLLMKIPFFCA08CB,潭美段四小段,.44,都市：住,100000,1771,持分移轉,05940000
RPRNMLLMKIPFFCA87CB,潭美段四小段,.22,都市：住,3100000,69447,持分移轉,05790002
RPSOMLLMKIPFFCA08CB,潭美段四小段,1.89,都市：住,100000,1771,持分移轉,05960000
RPRNMLLMKIPFFCA87CB,潭美段四小段,.25,都市：住,3100000,69447,持分移轉,05790004
RPSOMLLMKIPFFCA08CB,潭美段四小段,3.33,都市：住,100000,1771,持分移轉,05990000
RPRNMLLMKIPFFCA87CB,潭美段四小段,3.29,都市：住,3100000,69447,持分移轉,05800000
RPSOMLLMKIPFFCA08CB,潭美段四小段,1.31,都市：住,100000,1771,持分移轉,06000000
RPRNMLLMKIPFFCA87CB,潭美段四小段,1.61,都市：住,3100000,69447,持分移轉,05810000
RPSOMLLMKIPFFCA08CB,潭美段四小段,3.65,都市：住,100000,1771,持分移轉,06010000
RPRNMLLMKIPFFCA87CB,潭美段四小段,1.75,都市：住,3100000,69447,持分移轉,05840000
RPSOMLLMKIPFFCA08CB,潭美段四小段,.18,都市：住,100000,1771,持分移轉,06040000
RPRNMLLMKIPFFCA87CB,潭美段四小段,.29,都市：住,3100000,69447,持分移轉,05860000
RPSOMLLMKIPFFCA08CB,潭美段四小段,1.15,都市：住,100000,1771,持分移轉,05830000
RPRNMLLMKIPFFCA87CB,潭美段四小段,.09,都市：住,3100000,69447,持分移轉,05870000
RPSOMLLMKIPFFCA08CB,潭美段四小段,2.46,都市：住,100000,1771,持分移轉,05850000
RPRNMLLMKIPFFCA87CB,潭美段四小段,2.98,都市：住,3100000,69447,持分移轉,05900000
RPSOMLLMKIPFFCA08CB,潭美段四小段,2.90,都市：住,100000,1771,持分移轉,05950000
RPRNMLLMKIPFFCA87CB,潭美段四小段,.69,都市：住,3100000,69447,持分移轉,05910000
RPSOMLLMKIPFFCA08CB,潭美段四小段,.07,都市：住,100000,1771,持分移轉,05890000
RPRNMLLMKIPFFCA87CB,潭美段四小段,.56,都市：住,3100000,69447,持分移轉,05940000
RPRNMLLMKIPFFCA87CB,潭美段四小段,2.40,都市：住,3100000,69447,持分移轉,05960000
RPRNMLLMKIPFFCA87CB,潭美段四小段,4.21,都市：住,3100000,69447,持分移轉,05990000
RPRNMLLMKIPFFCA87CB,潭美段四小段,1.66,都市：住,3100000,69447,持分移轉,06000000
RPRNMLLMKIPFFCA87CB,潭美段四小段,4.61,都市：住,3100000,69447,持分移轉,06010000
RPOPMLLMKIPFFCA77CB,潭美段四小段,.46,都市：住,3100000,57648,持分移轉,05940000
RPOPMLLMKIPFFCA77CB,潭美段四小段,1.99,都市：住,3100000,57648,持分移轉,05960000
RPOPMLLMKIPFFCA77CB,潭美段四小段,3.50,都市：住,3100000,57648,持分移轉,05990000
RPOPMLLMKIPFFCA77CB,潭美段四小段,1.38,都市：住,3100000,57648,持分移轉,06000000
RPOPMLLMKIPFFCA77CB,潭美段四小段,3.83,都市：住,3100000,57648,持分移轉,06010000
RPOPMLLMKIPFFCA77CB,潭美段四小段,.19,都市：住,3100000,57648,持分移轉,06040000
RPOPMLLMKIPFFCA77CB,潭美段四小段,1.21,都市：住,3100000,57648,持分移轉,05830000
RPOPMLLMKIPFFCA77CB,潭美段四小段,2.58,都市：住,3100000,57648,持分移轉,05850000
RPOPMLLMKIPFFCA77CB,潭美段四小段,3.05,都市：住,3100000,57648,持分移轉,05950000
RPOPMLLMKIPFFCA77CB,潭美段四小段,.07,都市：住,3100000,57648,持分移轉,05890000
RPOPMLLMKIPFFCA77CB,潭美段四小段,1.21,都市：住,3100000,57648,持分移轉,05820000
RPOPMLLMKIPFFCA77CB,潭美段四小段,.13,都市：住,3100000,57648,持分移轉,05880000
RPOPMLLMKIPFFCA77CB,潭美段四小段,.19,都市：住,3100000,57648,持分移轉,05790002
RPOPMLLMKIPFFCA77CB,潭美段四小段,.20,都市：住,3100000,57648,持分移轉,05790004
RPOPMLLMKIPFFCA77CB,潭美段四小段,2.73,都市：住,3100000,57648,持分移轉,05800000
RPOPMLLMKIPFFCA77CB,潭美段四小段,1.34,都市：住,3100000,57648,持分移轉,05810000
RPOPMLLMKIPFFCA77CB,潭美段四小段,1.45,都市：住,3100000,57648,持分移轉,05840000
RPOPMLLMKIPFFCA77CB,潭美段四小段,.24,都市：住,3100000,57648,持分移轉,05860000
RPOPMLLMKIPFFCA77CB,潭美段四小段,.07,都市：住,3100000,57648,持分移轉,05870000
RPOPMLLMKIPFFCA77CB,潭美段四小段,2.47,都市：住,3100000,57648,持分移轉,05900000
RPOPMLLMKIPFFCA77CB,潭美段四小段,.58,都市：住,3100000,57648,持分移轉,05910000
RPVPMLLMKIPFFCA48CB,潭美段四小段,.46,都市：住,3100000,57617,持分移轉,05940000
RPVPMLLMKIPFFCA48CB,潭美段四小段,1.99,都市：住,3100000,57617,持分移轉,05960000
RPVPMLLMKIPFFCA48CB,潭美段四小段,3.49,都市：住,3100000,57617,持分移轉,05990000
RPVPMLLMKIPFFCA48CB,潭美段四小段,1.38,都市：住,3100000,57617,持分移轉,06000000
RPVPMLLMKIPFFCA48CB,潭美段四小段,3.83,都市：住,3100000,57617,持分移轉,06010000
RPVPMLLMKIPFFCA48CB,潭美段四小段,.19,都市：住,3100000,57617,持分移轉,06040000
RPVPMLLMKIPFFCA48CB,潭美段四小段,1.21,都市：住,3100000,57617,持分移轉,05830000
RPVPMLLMKIPFFCA48CB,潭美段四小段,2.58,都市：住,3100000,57617,持分移轉,05850000
RPVPMLLMKIPFFCA48CB,潭美段四小段,3.05,都市：住,3100000,57617,持分移轉,05950000
RPVPMLLMKIPFFCA48CB,潭美段四小段,.07,都市：住,3100000,57617,持分移轉,05890000
RPVPMLLMKIPFFCA48CB,潭美段四小段,1.21,都市：住,3100000,57617,持分移轉,05820000
RPVPMLLMKIPFFCA48CB,潭美段四小段,.13,都市：住,3100000,57617,持分移轉,05880000
RPVPMLLMKIPFFCA48CB,潭美段四小段,.19,都市：住,3100000,57617,持分移轉,05790002
RPVPMLLMKIPFFCA48CB,潭美段四小段,.20,都市：住,3100000,57617,持分移轉,05790004
RPVPMLLMKIPFFCA48CB,潭美段四小段,2.73,都市：住,3100000,57617,持分移轉,05800000
RPVPMLLMKIPFFCA48CB,潭美段四小段,1.34,都市：住,3100000,57617,持分移轉,05810000
RPVPMLLMKIPFFCA48CB,潭美段四小段,1.45,都市：住,3100000,57617,持分移轉,05840000
RPVPMLLMKIPFFCA48CB,潭美段四小段,.24,都市：住,3100000,57617,持分移轉,05860000
RPVPMLLMKIPFFCA48CB,潭美段四小段,.07,都市：住,3100000,57617,持分移轉,05870000
RPVPMLLMKIPFFCA48CB,潭美段四小段,2.47,都市：住,3100000,57617,持分移轉,05900000
RPVPMLLMKIPFFCA48CB,潭美段四小段,.58,都市：住,3100000,57617,持分移轉,05910000
RPORMLQJJHGGFCA17CB,榮星段三小段,.03,都市：住,100000,3498,持分移轉,05790001
RPORMLQJJHGGFCA17CB,榮星段三小段,23.19,都市：住,100000,3498,持分移轉,05630002
RPXPMLLMKIPFFCA68CB,潭美段四小段,1.15,都市：住,100000,1775,持分移轉,05820000
RPXPMLLMKIPFFCA68CB,潭美段四小段,.12,都市：住,100000,1775,持分移轉,05880000
RPXPMLLMKIPFFCA68CB,潭美段四小段,.18,都市：住,100000,1775,持分移轉,05790002
RPXPMLLMKIPFFCA68CB,潭美段四小段,.20,都市：住,100000,1775,持分移轉,05790004
RPXPMLLMKIPFFCA68CB,潭美段四小段,2.61,都市：住,100000,1775,持分移轉,05800000
RPXPMLLMKIPFFCA68CB,潭美段四小段,1.28,都市：住,100000,1775,持分移轉,05810000
RPXPMLLMKIPFFCA68CB,潭美段四小段,1.38,都市：住,100000,1775,持分移轉,05840000
RPXPMLLMKIPFFCA68CB,潭美段四小段,.23,都市：住,100000,1775,持分移轉,05860000
RPXPMLLMKIPFFCA68CB,潭美段四小段,.07,都市：住,100000,1775,持分移轉,05870000
RPXPMLLMKIPFFCA68CB,潭美段四小段,2.36,都市：住,100000,1775,持分移轉,05900000
RPXPMLLMKIPFFCA68CB,潭美段四小段,.55,都市：住,100000,1775,持分移轉,05910000
RPXPMLLMKIPFFCA68CB,潭美段四小段,.44,都市：住,100000,1775,持分移轉,05940000
RPXPMLLMKIPFFCA68CB,潭美段四小段,1.90,都市：住,100000,1775,持分移轉,05960000
RPXPMLLMKIPFFCA68CB,潭美段四小段,3.34,都市：住,100000,1775,持分移轉,05990000
RPXPMLLMKIPFFCA68CB,潭美段四小段,1.31,都市：住,100000,1775,持分移轉,06000000
RPXPMLLMKIPFFCA68CB,潭美段四小段,3.66,都市：住,100000,1775,持分移轉,06010000
RPXPMLLMKIPFFCA68CB,潭美段四小段,.18,都市：住,100000,1775,持分移轉,06040000
RPXPMLLMKIPFFCA68CB,潭美段四小段,1.15,都市：住,100000,1775,持分移轉,05830000
RPXPMLLMKIPFFCA68CB,潭美段四小段,2.47,都市：住,100000,1775,持分移轉,05850000
RPXPMLLMKIPFFCA68CB,潭美段四小段,2.91,都市：住,100000,1775,持分移轉,05950000
RPXPMLLMKIPFFCA68CB,潭美段四小段,.07,都市：住,100000,1775,持分移轉,05890000
RPXQMLQJJHGGFCA97CB,榮星段三小段,.03,都市：住,100000,3498,持分移轉,05790001
RPXQMLQJJHGGFCA97CB,榮星段三小段,23.19,都市：住,100000,3498,持分移轉,05630002
RPPRMLQJJHGGFCA27CB,榮星段三小段,.03,都市：住,100000,3498,持分移轉,05790001
RPPRMLQJJHGGFCA27CB,榮星段三小段,23.19,都市：住,100000,3498,持分移轉,05630002
RPWNMLPJJHGGFCA47CB,潭美段四小段,.18,都市：住,3100000,55621,持分移轉,06040000
RPWNMLPJJHGGFCA47CB,潭美段四小段,1.17,都市：住,3100000,55621,持分移轉,05830000
RPWNMLPJJHGGFCA47CB,潭美段四小段,2.49,都市：住,3100000,55621,持分移轉,05850000
RPWNMLPJJHGGFCA47CB,潭美段四小段,2.94,都市：住,3100000,55621,持分移轉,05950000
RPWNMLPJJHGGFCA47CB,潭美段四小段,.07,都市：住,3100000,55621,持分移轉,05890000
RPWNMLPJJHGGFCA47CB,潭美段四小段,1.17,都市：住,3100000,55621,持分移轉,05820000
RPWNMLPJJHGGFCA47CB,潭美段四小段,.13,都市：住,3100000,55621,持分移轉,05880000
RPWNMLPJJHGGFCA47CB,潭美段四小段,.18,都市：住,3100000,55621,持分移轉,05790002
RPWNMLPJJHGGFCA47CB,潭美段四小段,.20,都市：住,3100000,55621,持分移轉,05790004
RPWNMLPJJHGGFCA47CB,潭美段四小段,2.64,都市：住,3100000,55621,持分移轉,05800000
RPWNMLPJJHGGFCA47CB,潭美段四小段,1.29,都市：住,3100000,55621,持分移轉,05810000
RPWNMLPJJHGGFCA47CB,潭美段四小段,1.40,都市：住,3100000,55621,持分移轉,05840000
RPWNMLPJJHGGFCA47CB,潭美段四小段,.23,都市：住,3100000,55621,持分移轉,05860000
RPWNMLPJJHGGFCA47CB,潭美段四小段,.07,都市：住,3100000,55621,持分移轉,05870000
RPWNMLPJJHGGFCA47CB,潭美段四小段,2.39,都市：住,3100000,55621,持分移轉,05900000
RPWNMLPJJHGGFCA47CB,潭美段四小段,.56,都市：住,3100000,55621,持分移轉,05910000
RPWNMLPJJHGGFCA47CB,潭美段四小段,.45,都市：住,3100000,55621,持分移轉,05940000
RPWNMLPJJHGGFCA47CB,潭美段四小段,1.92,都市：住,3100000,55621,持分移轉,05960000
RPWNMLPJJHGGFCA47CB,潭美段四小段,3.37,都市：住,3100000,55621,持分移轉,05990000
RPWNMLPJJHGGFCA47CB,潭美段四小段,1.33,都市：住,3100000,55621,持分移轉,06000000
RPWNMLPJJHGGFCA47CB,潭美段四小段,3.70,都市：住,3100000,55621,持分移轉,06010000
RPQRMLQJJHGGFCA37CB,榮星段三小段,.03,都市：住,100000,3498,持分移轉,05790001
RPQRMLQJJHGGFCA37CB,榮星段三小段,23.19,都市：住,100000,3498,持分移轉,05630002
RPSRMLQJJHGGFCA57CB,榮星段三小段,.03,都市：住,100000,3498,持分移轉,05790001
RPSRMLQJJHGGFCA57CB,榮星段三小段,23.19,都市：住,100000,3498,持分移轉,05630002
RPRRMLQJJHGGFCA47CB,榮星段三小段,.03,都市：住,100000,3498,持分移轉,05790001
RPRRMLQJJHGGFCA47CB,榮星段三小段,23.19,都市：住,100000,3498,持分移轉,05630002
RPVRMLQJJHGGFCA87CB,榮星段三小段,.03,都市：住,100000,3498,持分移轉,05790001
RPVRMLQJJHGGFCA87CB,榮星段三小段,23.19,都市：住,100000,3498,持分移轉,05630002
RPURMLQJJHGGFCA77CB,榮星段三小段,.03,都市：住,100000,3498,持分移轉,05790001
RPURMLQJJHGGFCA77CB,榮星段三小段,23.19,都市：住,100000,3498,持分移轉,05630002
RPWRMLQJJHGGFCA97CB,榮星段三小段,.06,都市：住,100000,5621,持分移轉,05790001
RPWRMLQJJHGGFCA97CB,榮星段三小段,37.27,都市：住,100000,5621,持分移轉,05630002
RPXRMLQJJHGGFCA08CB,榮星段三小段,.06,都市：住,100000,5621,持分移轉,05790001
RPXRMLQJJHGGFCA08CB,榮星段三小段,37.27,都市：住,100000,5621,持分移轉,05630002
RPPSMLQJJHGGFCA37CB,榮星段三小段,.06,都市：住,100000,5621,持分移轉,05790001
RPPSMLQJJHGGFCA37CB,榮星段三小段,37.27,都市：住,100000,5621,持分移轉,05630002
RPRSMLQJJHGGFCA57CB,榮星段三小段,.06,都市：住,100000,5621,持分移轉,05790001
RPRSMLQJJHGGFCA57CB,榮星段三小段,37.27,都市：住,100000,5621,持分移轉,05630002
RPQSMLQJJHGGFCA47CB,榮星段三小段,.06,都市：住,100000,5621,持分移轉,05790001
RPQSMLQJJHGGFCA47CB,榮星段三小段,37.27,都市：住,100000,5621,持分移轉,05630002
RPSSMLQJJHGGFCA67CB,榮星段三小段,.06,都市：住,100000,5621,持分移轉,05790001
RPSSMLQJJHGGFCA67CB,榮星段三小段,37.27,都市：住,100000,5621,持分移轉,05630002
RPUSMLQJJHGGFCA87CB,榮星段三小段,.06,都市：住,100000,5621,持分移轉,05790001
RPUSMLQJJHGGFCA87CB,榮星段三小段,37.27,都市：住,100000,5621,持分移轉,05630002
RPTSMLQJJHGGFCA77CB,榮星段三小段,.06,都市：住,100000,5621,持分移轉,05790001
RPTSMLQJJHGGFCA77CB,榮星段三小段,37.27,都市：住,100000,5621,持分移轉,05630002
RPVSMLQJJHGGFCA97CB,榮星段三小段,.03,都市：住,100000,3423,持分移轉,05790001
RPVSMLQJJHGGFCA97CB,榮星段三小段,22.69,都市：住,100000,3423,持分移轉,05630002
RPWSMLQJJHGGFCA08CB,榮星段三小段,.03,都市：住,100000,3423,持分移轉,05790001
RPWSMLQJJHGGFCA08CB,榮星段三小段,22.69,都市：住,100000,3423,持分移轉,05630002
RPPTMLQJJHGGFCA47CB,榮星段三小段,.03,都市：住,100000,3423,持分移轉,05790001
RPPTMLQJJHGGFCA47CB,榮星段三小段,22.69,都市：住,100000,3423,持分移轉,05630002
RPXSMLQJJHGGFCA18CB,榮星段三小段,.03,都市：住,100000,3423,持分移轉,05790001
RPXSMLQJJHGGFCA18CB,榮星段三小段,22.69,都市：住,100000,3423,持分移轉,05630002
RPRTMLQJJHGGFCA67CB,榮星段三小段,.03,都市：住,100000,3255,持分移轉,05790001
RPRTMLQJJHGGFCA67CB,榮星段三小段,21.58,都市：住,100000,3255,持分移轉,05630002
RPQTMLQJJHGGFCA57CB,榮星段三小段,.03,都市：住,100000,3423,持分移轉,05790001
RPSTMLQJJHGGFCA77CB,榮星段三小段,.03,都市：住,100000,3255,持分移轉,05790001
RPQTMLQJJHGGFCA57CB,榮星段三小段,22.69,都市：住,100000,3423,持分移轉,05630002
RPSTMLQJJHGGFCA77CB,榮星段三小段,21.58,都市：住,100000,3255,持分移轉,05630002
RPROMLLKJHGGFAA56CB,公訓段二小段,24.47,都市：住,10000,36,持分移轉,05790000
RPTOMLLKJHGGFAA76CB,公訓段二小段,21.07,都市：住,10000,31,持分移轉,05790000
RPSOMLLKJHGGFAA66CB,公訓段二小段,21.07,都市：住,10000,31,持分移轉,05790000
RPUOMLLKJHGGFAA86CB,公訓段二小段,19.03,都市：住,10000,28,持分移轉,05790000
RPWOMLLKJHGGFAA07CB,公訓段二小段,16.99,都市：住,10000,25,持分移轉,05790000
RPVOMLLKJHGGFAA96CB,公訓段二小段,16.99,都市：住,10000,25,持分移轉,05790000
RPOPMLLKJHGGFAA98CB,公訓段二小段,16.99,都市：住,10000,25,持分移轉,05790000
RPROMLLKKIPFFBA67CB,成功段三小段,9.00,都市：住,10000,189,持分移轉,00820000
RPXOMLLKJHGGFAA17CB,公訓段二小段,16.99,都市：住,10000,25,持分移轉,05790000
RPPPMLLKJHGGFAA09CB,公訓段二小段,12.23,都市：住,10000,18,持分移轉,05790000
RPQPMLLKJHGGFAA56CB,公訓段二小段,15.63,都市：住,10000,23,持分移轉,05790000
RPTPMLLKJHGGFAA86CB,公訓段二小段,25.82,都市：住,10000,38,持分移轉,05790000
RPRPMLLKJHGGFAA66CB,公訓段二小段,12.23,都市：住,10000,18,持分移轉,05790000
RPWPMLLKJHGGFAA17CB,公訓段二小段,26.50,都市：住,10000,39,持分移轉,05790000
RPVPMLLKJHGGFAA07CB,公訓段二小段,26.50,都市：住,10000,39,持分移轉,05790000
RPSPMLLKJHGGFAA76CB,公訓段二小段,25.82,都市：住,10000,38,持分移轉,05790000
RPXPMLLKJHGGFAA27CB,公訓段二小段,25.82,都市：住,10000,38,持分移轉,05790000
RPOQMLLKJHGGFAA09CB,公訓段二小段,26.50,都市：住,10000,39,持分移轉,05790000
RPPQMLLKJHGGFAA56CB,公訓段二小段,25.82,都市：住,10000,38,持分移轉,05790000
RPUPMLLKJHGGFAA96CB,公訓段二小段,26.50,都市：住,10000,39,持分移轉,05790000
RPQQMLLKJHGGFAA66CB,公訓段二小段,26.50,都市：住,10000,39,持分移轉,05790000
RPRQMLLKJHGGFAA76CB,公訓段二小段,25.82,都市：住,10000,38,持分移轉,05790000
RPSQMLLKJHGGFAA86CB,公訓段二小段,27.18,都市：住,10000,40,持分移轉,05790000
RPTQMLLKJHGGFAA96CB,公訓段二小段,25.82,都市：住,10000,38,持分移轉,05790000
RPVQMLLKJHGGFAA17CB,公訓段二小段,27.18,都市：住,10000,40,持分移轉,05790000
RPUQMLLKJHGGFAA07CB,公訓段二小段,25.82,都市：住,10000,38,持分移轉,05790000
RPORMLLKJHGGFAA56CB,公訓段二小段,27.18,都市：住,10000,40,持分移轉,05790000
RPQRMLLKJHGGFAA76CB,公訓段二小段,26.50,都市：住,10000,39,持分移轉,05790000
RPWQMLLKJHGGFAA27CB,公訓段二小段,27.18,都市：住,10000,40,持分移轉,05790000
RPXQMLLKJHGGFAA37CB,公訓段二小段,26.50,都市：住,10000,39,持分移轉,05790000
RPPRMLLKJHGGFAA66CB,公訓段二小段,25.82,都市：住,10000,38,持分移轉,05790000
RPRRMLLKJHGGFAA86CB,公訓段二小段,26.50,都市：住,10000,39,持分移轉,05790000
RPSRMLLKJHGGFAA96CB,公訓段二小段,24.47,都市：住,10000,36,持分移轉,05790000
RPTRMLLKJHGGFAA07CB,公訓段二小段,24.47,都市：住,10000,36,持分移轉,05790000
RPWRMLLKJHGGFAA37CB,公訓段二小段,24.47,都市：住,10000,36,持分移轉,05790000
RPURMLLKJHGGFAA17CB,公訓段二小段,24.47,都市：住,10000,36,持分移轉,05790000
RPOSMLLKJHGGFAA66CB,公訓段二小段,24.47,都市：住,10000,36,持分移轉,05790000
RPXRMLLKJHGGFAA47CB,公訓段二小段,24.47,都市：住,10000,36,持分移轉,05790000
RPVRMLLKJHGGFAA27CB,公訓段二小段,24.47,都市：住,10000,36,持分移轉,05790000
RPPSMLLKJHGGFAA76CB,公訓段二小段,24.47,都市：住,10000,36,持分移轉,05790000
RPRSMLLKJHGGFAA96CB,公訓段二小段,24.47,都市：住,10000,36,持分移轉,05790000
RPQSMLLKJHGGFAA86CB,公訓段二小段,24.47,都市：住,10000,36,持分移轉,05790000
RPTSMLLKJHGGFAA17CB,公訓段二小段,24.47,都市：住,10000,36,持分移轉,05790000
RPUSMLLKJHGGFAA27CB,公訓段二小段,24.47,都市：住,10000,36,持分移轉,05790000
RPVSMLLKJHGGFAA37CB,公訓段二小段,24.47,都市：住,10000,36,持分移轉,05790000
RPSSMLLKJHGGFAA07CB,公訓段二小段,24.47,都市：住,10000,36,持分移轉,05790000
RPXSMLLKJHGGFAA57CB,公訓段二小段,24.47,都市：住,10000,36,持分移轉,05790000
RPWSMLLKJHGGFAA47CB,公訓段二小段,24.47,都市：住,10000,36,持分移轉,05790000
RPPTMLLKJHGGFAA86CB,公訓段二小段,24.47,都市：住,10000,36,持分移轉,05790000
RPOTMLLKJHGGFAA76CB,公訓段二小段,25.15,都市：住,10000,37,持分移轉,05790000
RPQTMLLKJHGGFAA96CB,公訓段二小段,24.47,都市：住,10000,36,持分移轉,05790000
RPSTMLLKJHGGFAA17CB,公訓段二小段,21.75,都市：住,10000,32,持分移轉,05790000
RPRTMLLKJHGGFAA07CB,公訓段二小段,21.75,都市：住,10000,32,持分移轉,05790000
RPVTMLLKJHGGFAA47CB,公訓段二小段,21.75,都市：住,10000,32,持分移轉,05790000
RPUTMLLKJHGGFAA37CB,公訓段二小段,21.75,都市：住,10000,32,持分移轉,05790000
RPOUMLLKJHGGFAA86CB,公訓段二小段,21.07,都市：住,10000,31,持分移轉,05790000
RPTTMLLKJHGGFAA27CB,公訓段二小段,21.07,都市：住,10000,31,持分移轉,05790000
RPXTMLLKJHGGFAA67CB,公訓段二小段,21.07,都市：住,10000,31,持分移轉,05790000
RPWTMLLKJHGGFAA57CB,公訓段二小段,21.75,都市：住,10000,32,持分移轉,05790000
RPQUMLLKJHGGFAA07CB,公訓段二小段,21.75,都市：住,10000,32,持分移轉,05790000
RPRUMLLKJHGGFAA17CB,公訓段二小段,21.75,都市：住,10000,32,持分移轉,05790000
RPPUMLLKJHGGFAA96CB,公訓段二小段,21.07,都市：住,10000,31,持分移轉,05790000
RPSUMLLKJHGGFAA27CB,公訓段二小段,22.43,都市：住,10000,33,持分移轉,05790000
RPTUMLLKJHGGFAA37CB,公訓段二小段,21.75,都市：住,10000,32,持分移轉,05790000
RPWUMLLKJHGGFAA67CB,公訓段二小段,19.71,都市：住,10000,29,持分移轉,05790000
RPVUMLLKJHGGFAA57CB,公訓段二小段,19.71,都市：住,10000,29,持分移轉,05790000
RPUUMLLKJHGGFAA47CB,公訓段二小段,21.07,都市：住,10000,31,持分移轉,05790000
RPOVMLLKJHGGFAA96CB,公訓段二小段,19.71,都市：住,10000,29,持分移轉,05790000
RPXUMLLKJHGGFAA77CB,公訓段二小段,19.71,都市：住,10000,29,持分移轉,05790000
RPQVMLLKJHGGFAA17CB,公訓段二小段,19.03,都市：住,10000,28,持分移轉,05790000
RPRVMLLKJHGGFAA27CB,公訓段二小段,19.03,都市：住,10000,28,持分移轉,05790000
RPSVMLLKJHGGFAA37CB,公訓段二小段,19.71,都市：住,10000,29,持分移轉,05790000
RPPVMLLKJHGGFAA07CB,公訓段二小段,19.03,都市：住,10000,28,持分移轉,05790000
RPUVMLLKJHGGFAA57CB,公訓段二小段,17.67,都市：住,10000,26,持分移轉,05790000
RPTVMLLKJHGGFAA47CB,公訓段二小段,19.71,都市：住,10000,29,持分移轉,05790000
RPVVMLLKJHGGFAA67CB,公訓段二小段,17.67,都市：住,10000,26,持分移轉,05790000
RPXVMLLKJHGGFAA87CB,公訓段二小段,17.67,都市：住,10000,26,持分移轉,05790000
RPPWMLLKJHGGFAA17CB,公訓段二小段,16.99,都市：住,10000,25,持分移轉,05790000
RPWVMLLKJHGGFAA77CB,公訓段二小段,17.67,都市：住,10000,26,持分移轉,05790000
RPQWMLLKJHGGFAA27CB,公訓段二小段,17.67,都市：住,10000,26,持分移轉,05790000
RPRWMLLKJHGGFAA37CB,公訓段二小段,12.23,都市：住,10000,18,持分移轉,05790000
RPOWMLLKJHGGFAA07CB,公訓段二小段,17.67,都市：住,10000,26,持分移轉,05790000
RPUWMLLKJHGGFAA67CB,公訓段二小段,16.31,都市：住,10000,24,持分移轉,05790000
RPWWMLLKJHGGFAA87CB,公訓段二小段,16.31,都市：住,10000,24,持分移轉,05790000
RPSWMLLKJHGGFAA47CB,公訓段二小段,12.23,都市：住,10000,18,持分移轉,05790000
RPVWMLLKJHGGFAA77CB,公訓段二小段,16.31,都市：住,10000,24,持分移轉,05790000
RPTWMLLKJHGGFAA57CB,公訓段二小段,16.31,都市：住,10000,24,持分移轉,05790000
RPXWMLLKJHGGFAA97CB,公訓段二小段,21.75,都市：住,10000,32,持分移轉,05790000
RPRNNLLKJHGGFAA56CB,公訓段二小段,12.23,都市：住,10000,18,持分移轉,05790000
RPPNNLLKJHGGFAA98CB,公訓段二小段,16.31,都市：住,10000,24,持分移轉,05790000
RPSNNLLKJHGGFAA66CB,公訓段二小段,17.67,都市：住,10000,26,持分移轉,05790000
RPTNNLLKJHGGFAA76CB,公訓段二小段,16.99,都市：住,10000,25,持分移轉,05790000
RPONNLLKJHGGFAA88CB,公訓段二小段,15.63,都市：住,10000,23,持分移轉,05790000
RPQNNLLKJHGGFAA09CB,公訓段二小段,12.91,都市：住,10000,19,持分移轉,05790000
RPXNNLLKJHGGFAA17CB,公訓段二小段,.68,都市：住,10000,1,持分移轉,05790000
RPWNNLLKJHGGFAA07CB,公訓段二小段,.68,都市：住,10000,1,持分移轉,05790000
RPOONLLKJHGGFAA98CB,公訓段二小段,.68,都市：住,10000,1,持分移轉,05790000
RPVNMLSKJHGGFAA57CB,公訓段二小段,17.67,都市：住,10000,26,持分移轉,05790000
RPVNMLPLJHGGFFA87CB,學府段三小段,15.54,都市：住,10000,611,持分移轉,00410001
RPVNMLPLJHGGFFA87CB,學府段三小段,.89,都市：住,10000,611,持分移轉,00420001
RPVNMLPLJHGGFFA87CB,學府段三小段,13.14,都市：住,10000,611,持分移轉,00410000
RPWNMLPLJHGGFFA97CB,學府段三小段,16.05,都市：住,10000,631,持分移轉,00410001
RPWNMLPLJHGGFFA97CB,學府段三小段,.92,都市：住,10000,631,持分移轉,00420001
RPWNMLPLJHGGFFA97CB,學府段三小段,13.57,都市：住,10000,631,持分移轉,00410000
RPTNMLPLJHGGFFA67CB,學府段三小段,16.38,都市：住,10000,644,持分移轉,00410001
RPTNMLPLJHGGFFA67CB,學府段三小段,.94,都市：住,10000,644,持分移轉,00420001
RPTNMLPLJHGGFFA67CB,學府段三小段,13.85,都市：住,10000,644,持分移轉,00410000
RPPNMLNJKHGGFAA09CB,政大段三小段,19.43,都市：住,10000,453,持分移轉,05070000
RPPNMLNJKHGGFAA09CB,政大段三小段,1.10,都市：住,10000,453,持分移轉,05060000
RPUNMLPLJHGGFFA77CB,學府段三小段,17.86,都市：住,10000,702,持分移轉,00410001
RPUNMLPLJHGGFFA77CB,學府段三小段,1.03,都市：住,10000,702,持分移轉,00420001
RPUNMLPLJHGGFFA77CB,學府段三小段,15.09,都市：住,10000,702,持分移轉,00410000
RPPOMLPLJHGGFFA37CB,學府段三小段,1.63,都市：住,10000,229,持分移轉,00340000
RPPOMLPLJHGGFFA37CB,學府段三小段,6.50,都市：住,10000,229,持分移轉,00360000
RPPOMLPLJHGGFFA37CB,學府段三小段,4.51,都市：住,10000,229,持分移轉,00370000
RPPOMLPLJHGGFFA37CB,學府段三小段,.06,都市：住,10000,229,持分移轉,00410002
RPPOMLPLJHGGFFA37CB,學府段三小段,7.29,都市：住,10000,229,持分移轉,00420000
RPPOMLPLJHGGFFA37CB,學府段三小段,4.14,都市：住,10000,229,持分移轉,00430000
RPPOMLPLJHGGFFA37CB,學府段三小段,2.84,都市：住,10000,229,持分移轉,00440000
RPQOMLPLJHGGFFA47CB,學府段三小段,1.77,都市：住,10000,249,持分移轉,00340000
RPQOMLPLJHGGFFA47CB,學府段三小段,7.07,都市：住,10000,249,持分移轉,00360000
RPQOMLPLJHGGFFA47CB,學府段三小段,4.91,都市：住,10000,249,持分移轉,00370000
RPQOMLPLJHGGFFA47CB,學府段三小段,.07,都市：住,10000,249,持分移轉,00410002
RPQOMLPLJHGGFFA47CB,學府段三小段,7.93,都市：住,10000,249,持分移轉,00420000
RPQOMLPLJHGGFFA47CB,學府段三小段,4.51,都市：住,10000,249,持分移轉,00430000
RPQOMLPLJHGGFFA47CB,學府段三小段,3.09,都市：住,10000,249,持分移轉,00440000
RPVNMLNJKHGGFAA07CB,政大段三小段,15.87,都市：住,10000,370,持分移轉,05070000
RPVNMLNJKHGGFAA07CB,政大段三小段,.90,都市：住,10000,370,持分移轉,05060000
RPROMLPLJHGGFFA57CB,學府段三小段,1.77,都市：住,10000,249,持分移轉,00340000
RPROMLPLJHGGFFA57CB,學府段三小段,7.07,都市：住,10000,249,持分移轉,00360000
RPROMLPLJHGGFFA57CB,學府段三小段,4.91,都市：住,10000,249,持分移轉,00370000
RPROMLPLJHGGFFA57CB,學府段三小段,.07,都市：住,10000,249,持分移轉,00410002
RPROMLPLJHGGFFA57CB,學府段三小段,7.93,都市：住,10000,249,持分移轉,00420000
RPROMLPLJHGGFFA57CB,學府段三小段,4.51,都市：住,10000,249,持分移轉,00430000
RPROMLPLJHGGFFA57CB,學府段三小段,3.09,都市：住,10000,249,持分移轉,00440000
RPTNMLNJKHGGFAA86CB,政大段三小段,35.52,都市：住,10000,828,持分移轉,05070000
RPTNMLNJKHGGFAA86CB,政大段三小段,2.01,都市：住,10000,828,持分移轉,05060000
RPWNMLNJKHGGFAA17CB,政大段三小段,15.87,都市：住,10000,370,持分移轉,05070000
RPWNMLNJKHGGFAA17CB,政大段三小段,.90,都市：住,10000,370,持分移轉,05060000
RPXNMLNJKHGGFAA27CB,政大段三小段,.81,都市：住,10000,334,持分移轉,05060000
RPXNMLNJKHGGFAA27CB,政大段三小段,14.33,都市：住,10000,334,持分移轉,05070000
RPOOMLNJKHGGFAA09CB,政大段三小段,14.33,都市：住,10000,334,持分移轉,05070000
RPOOMLNJKHGGFAA09CB,政大段三小段,.81,都市：住,10000,334,持分移轉,05060000
RPTOMLNJKHGGFAA96CB,政大段三小段,.95,都市：住,10000,390,持分移轉,05060000
RPTOMLNJKHGGFAA96CB,政大段三小段,16.73,都市：住,10000,390,持分移轉,05070000
RPQOMLNJKHGGFAA66CB,政大段三小段,14.33,都市：住,10000,334,持分移轉,05070000
RPQOMLNJKHGGFAA66CB,政大段三小段,.81,都市：住,10000,334,持分移轉,05060000
RPROMLNJKHGGFAA76CB,政大段三小段,.81,都市：住,10000,334,持分移轉,05060000
RPROMLNJKHGGFAA76CB,政大段三小段,14.33,都市：住,10000,334,持分移轉,05070000
RPVOMLNJKHGGFAA17CB,政大段三小段,.95,都市：住,10000,390,持分移轉,05060000
RPVOMLNJKHGGFAA17CB,政大段三小段,16.73,都市：住,10000,390,持分移轉,05070000
RPSOMLNJKHGGFAA86CB,政大段三小段,.95,都市：住,10000,390,持分移轉,05060000
RPSOMLNJKHGGFAA86CB,政大段三小段,16.73,都市：住,10000,390,持分移轉,05070000
RPXOMLNJKHGGFAA37CB,政大段三小段,.95,都市：住,10000,390,持分移轉,05060000
RPXOMLNJKHGGFAA37CB,政大段三小段,16.73,都市：住,10000,390,持分移轉,05070000
RPOPMLNJKHGGFAA56CB,政大段三小段,17.25,都市：住,10000,402,持分移轉,05070000
RPOPMLNJKHGGFAA56CB,政大段三小段,.97,都市：住,10000,402,持分移轉,05060000
RPPPMLNJKHGGFAA66CB,政大段三小段,.97,都市：住,10000,402,持分移轉,05060000
RPPPMLNJKHGGFAA66CB,政大段三小段,17.25,都市：住,10000,402,持分移轉,05070000
RPQPMLNJKHGGFAA76CB,政大段三小段,.90,都市：住,10000,370,持分移轉,05060000
RPQPMLNJKHGGFAA76CB,政大段三小段,15.87,都市：住,10000,370,持分移轉,05070000
RPUPMLNJKHGGFAA17CB,政大段三小段,.89,都市：住,10000,367,持分移轉,05060000
RPUPMLNJKHGGFAA17CB,政大段三小段,15.74,都市：住,10000,367,持分移轉,05070000
RPRPMLNJKHGGFAA86CB,政大段三小段,.58,都市：住,10000,238,持分移轉,05060000
RPRPMLNJKHGGFAA86CB,政大段三小段,10.21,都市：住,10000,238,持分移轉,05070000
RPSPMLNJKHGGFAA96CB,政大段三小段,.89,都市：住,10000,367,持分移轉,05060000
RPSPMLNJKHGGFAA96CB,政大段三小段,15.74,都市：住,10000,367,持分移轉,05070000
RPROMLQLKHGGFEA67CB,文林段四小段,2.91,都市：商,100000,1684,持分移轉,01760000
RPROMLQLKHGGFEA67CB,文林段四小段,2.31,都市：住,100000,1684,持分移轉,01930000
RPROMLQLKHGGFEA67CB,文林段四小段,3.17,都市：住,100000,1684,持分移轉,01950000
RPROMLQLKHGGFEA67CB,文林段四小段,3.45,都市：住,100000,1684,持分移轉,01960000
RPROMLQLKHGGFEA67CB,文林段四小段,3.37,都市：住,100000,1684,持分移轉,01970000
RPROMLQLKHGGFEA67CB,文林段四小段,3.23,都市：住,100000,1684,持分移轉,01980000
RPROMLQLKHGGFEA67CB,文林段四小段,2.41,都市：住,100000,1684,持分移轉,02020000
RPROMLQLKHGGFEA67CB,文林段四小段,1.57,都市：住,100000,1684,持分移轉,02030000
RPROMLQLKHGGFEA67CB,文林段四小段,1.52,都市：住,100000,1684,持分移轉,02040000
RPROMLQLKHGGFEA67CB,文林段四小段,2.22,都市：住,100000,1684,持分移轉,02050000
RPROMLQLKHGGFEA67CB,文林段四小段,.42,都市：住,100000,1684,持分移轉,02060000
RPROMLQLKHGGFEA67CB,文林段四小段,.29,都市：住,100000,1684,持分移轉,02070000
RPROMLQLKHGGFEA67CB,文林段四小段,.30,都市：住,100000,1684,持分移轉,02080000
RPVPMLNJKHGGFAA27CB,政大段三小段,.89,都市：住,10000,367,持分移轉,05060000
RPVPMLNJKHGGFAA27CB,政大段三小段,15.74,都市：住,10000,367,持分移轉,05070000
RPQOMLQLKHGGFEA57CB,文林段四小段,2.91,都市：商,100000,1684,持分移轉,01760000
RPQOMLQLKHGGFEA57CB,文林段四小段,2.31,都市：住,100000,1684,持分移轉,01930000
RPQOMLQLKHGGFEA57CB,文林段四小段,3.17,都市：住,100000,1684,持分移轉,01950000
RPQOMLQLKHGGFEA57CB,文林段四小段,3.45,都市：住,100000,1684,持分移轉,01960000
RPQOMLQLKHGGFEA57CB,文林段四小段,3.37,都市：住,100000,1684,持分移轉,01970000
RPQOMLQLKHGGFEA57CB,文林段四小段,3.23,都市：住,100000,1684,持分移轉,01980000
RPQOMLQLKHGGFEA57CB,文林段四小段,2.41,都市：住,100000,1684,持分移轉,02020000
RPQOMLQLKHGGFEA57CB,文林段四小段,1.57,都市：住,100000,1684,持分移轉,02030000
RPQOMLQLKHGGFEA57CB,文林段四小段,1.52,都市：住,100000,1684,持分移轉,02040000
RPQOMLQLKHGGFEA57CB,文林段四小段,2.22,都市：住,100000,1684,持分移轉,02050000
RPQOMLQLKHGGFEA57CB,文林段四小段,.42,都市：住,100000,1684,持分移轉,02060000
RPQOMLQLKHGGFEA57CB,文林段四小段,.29,都市：住,100000,1684,持分移轉,02070000
RPQOMLQLKHGGFEA57CB,文林段四小段,.30,都市：住,100000,1684,持分移轉,02080000
RPSOMLQLKHGGFEA77CB,文林段四小段,2.91,都市：商,100000,1684,持分移轉,01760000
RPSOMLQLKHGGFEA77CB,文林段四小段,2.31,都市：住,100000,1684,持分移轉,01930000
RPSOMLQLKHGGFEA77CB,文林段四小段,3.17,都市：住,100000,1684,持分移轉,01950000
RPSOMLQLKHGGFEA77CB,文林段四小段,3.45,都市：住,100000,1684,持分移轉,01960000
RPSOMLQLKHGGFEA77CB,文林段四小段,3.37,都市：住,100000,1684,持分移轉,01970000
RPSOMLQLKHGGFEA77CB,文林段四小段,3.23,都市：住,100000,1684,持分移轉,01980000
RPSOMLQLKHGGFEA77CB,文林段四小段,2.41,都市：住,100000,1684,持分移轉,02020000
RPSOMLQLKHGGFEA77CB,文林段四小段,1.57,都市：住,100000,1684,持分移轉,02030000
RPSOMLQLKHGGFEA77CB,文林段四小段,1.52,都市：住,100000,1684,持分移轉,02040000
RPSOMLQLKHGGFEA77CB,文林段四小段,2.22,都市：住,100000,1684,持分移轉,02050000
RPSOMLQLKHGGFEA77CB,文林段四小段,.42,都市：住,100000,1684,持分移轉,02060000
RPSOMLQLKHGGFEA77CB,文林段四小段,.29,都市：住,100000,1684,持分移轉,02070000
RPSOMLQLKHGGFEA77CB,文林段四小段,.30,都市：住,100000,1684,持分移轉,02080000
RPOQMLNJKHGGFAA66CB,政大段三小段,.77,都市：住,10000,318,持分移轉,05060000
RPOQMLNJKHGGFAA66CB,政大段三小段,13.64,都市：住,10000,318,持分移轉,05070000
RPPOMLQLKHGGFEA47CB,文林段四小段,2.92,都市：商,100000,1688,持分移轉,01760000
RPPOMLQLKHGGFEA47CB,文林段四小段,2.31,都市：住,100000,1688,持分移轉,01930000
RPPOMLQLKHGGFEA47CB,文林段四小段,3.17,都市：住,100000,1688,持分移轉,01950000
RPPOMLQLKHGGFEA47CB,文林段四小段,3.46,都市：住,100000,1688,持分移轉,01960000
RPPOMLQLKHGGFEA47CB,文林段四小段,3.38,都市：住,100000,1688,持分移轉,01970000
RPPOMLQLKHGGFEA47CB,文林段四小段,3.24,都市：住,100000,1688,持分移轉,01980000
RPPOMLQLKHGGFEA47CB,文林段四小段,2.41,都市：住,100000,1688,持分移轉,02020000
RPPOMLQLKHGGFEA47CB,文林段四小段,1.57,都市：住,100000,1688,持分移轉,02030000
RPPOMLQLKHGGFEA47CB,文林段四小段,1.52,都市：住,100000,1688,持分移轉,02040000
RPPOMLQLKHGGFEA47CB,文林段四小段,2.23,都市：住,100000,1688,持分移轉,02050000
RPPOMLQLKHGGFEA47CB,文林段四小段,.42,都市：住,100000,1688,持分移轉,02060000
RPPOMLQLKHGGFEA47CB,文林段四小段,.29,都市：住,100000,1688,持分移轉,02070000
RPPOMLQLKHGGFEA47CB,文林段四小段,.30,都市：住,100000,1688,持分移轉,02080000
RPTOMLQLKHGGFEA87CB,文林段四小段,2.91,都市：商,100000,1684,持分移轉,01760000
RPTOMLQLKHGGFEA87CB,文林段四小段,2.31,都市：住,100000,1684,持分移轉,01930000
RPTOMLQLKHGGFEA87CB,文林段四小段,3.17,都市：住,100000,1684,持分移轉,01950000
RPTOMLQLKHGGFEA87CB,文林段四小段,3.45,都市：住,100000,1684,持分移轉,01960000
RPTOMLQLKHGGFEA87CB,文林段四小段,3.37,都市：住,100000,1684,持分移轉,01970000
RPTOMLQLKHGGFEA87CB,文林段四小段,3.23,都市：住,100000,1684,持分移轉,01980000
RPTOMLQLKHGGFEA87CB,文林段四小段,2.41,都市：住,100000,1684,持分移轉,02020000
RPTOMLQLKHGGFEA87CB,文林段四小段,1.57,都市：住,100000,1684,持分移轉,02030000
RPTOMLQLKHGGFEA87CB,文林段四小段,1.52,都市：住,100000,1684,持分移轉,02040000
RPTOMLQLKHGGFEA87CB,文林段四小段,2.22,都市：住,100000,1684,持分移轉,02050000
RPTOMLQLKHGGFEA87CB,文林段四小段,.42,都市：住,100000,1684,持分移轉,02060000
RPTOMLQLKHGGFEA87CB,文林段四小段,.29,都市：住,100000,1684,持分移轉,02070000
RPTOMLQLKHGGFEA87CB,文林段四小段,.30,都市：住,100000,1684,持分移轉,02080000
RPVOMLQLKHGGFEA08CB,文林段四小段,2.90,都市：商,100000,1674,持分移轉,01760000
RPVOMLQLKHGGFEA08CB,文林段四小段,2.29,都市：住,100000,1674,持分移轉,01930000
RPVOMLQLKHGGFEA08CB,文林段四小段,3.15,都市：住,100000,1674,持分移轉,01950000
RPVOMLQLKHGGFEA08CB,文林段四小段,3.43,都市：住,100000,1674,持分移轉,01960000
RPVOMLQLKHGGFEA08CB,文林段四小段,3.35,都市：住,100000,1674,持分移轉,01970000
RPVOMLQLKHGGFEA08CB,文林段四小段,3.21,都市：住,100000,1674,持分移轉,01980000
RPVOMLQLKHGGFEA08CB,文林段四小段,2.39,都市：住,100000,1674,持分移轉,02020000
RPVOMLQLKHGGFEA08CB,文林段四小段,1.56,都市：住,100000,1674,持分移轉,02030000
RPVOMLQLKHGGFEA08CB,文林段四小段,1.51,都市：住,100000,1674,持分移轉,02040000
RPVOMLQLKHGGFEA08CB,文林段四小段,2.21,都市：住,100000,1674,持分移轉,02050000
RPVOMLQLKHGGFEA08CB,文林段四小段,.42,都市：住,100000,1674,持分移轉,02060000
RPVOMLQLKHGGFEA08CB,文林段四小段,.28,都市：住,100000,1674,持分移轉,02070000
RPVOMLQLKHGGFEA08CB,文林段四小段,.30,都市：住,100000,1674,持分移轉,02080000
RPUOMLQLKHGGFEA97CB,文林段四小段,2.91,都市：商,100000,1684,持分移轉,01760000
RPUOMLQLKHGGFEA97CB,文林段四小段,2.31,都市：住,100000,1684,持分移轉,01930000
RPUOMLQLKHGGFEA97CB,文林段四小段,3.17,都市：住,100000,1684,持分移轉,01950000
RPUOMLQLKHGGFEA97CB,文林段四小段,3.45,都市：住,100000,1684,持分移轉,01960000
RPUOMLQLKHGGFEA97CB,文林段四小段,3.37,都市：住,100000,1684,持分移轉,01970000
RPUOMLQLKHGGFEA97CB,文林段四小段,3.23,都市：住,100000,1684,持分移轉,01980000
RPUOMLQLKHGGFEA97CB,文林段四小段,2.41,都市：住,100000,1684,持分移轉,02020000
RPUOMLQLKHGGFEA97CB,文林段四小段,1.57,都市：住,100000,1684,持分移轉,02030000
RPUOMLQLKHGGFEA97CB,文林段四小段,1.52,都市：住,100000,1684,持分移轉,02040000
RPUOMLQLKHGGFEA97CB,文林段四小段,2.22,都市：住,100000,1684,持分移轉,02050000
RPUOMLQLKHGGFEA97CB,文林段四小段,.42,都市：住,100000,1684,持分移轉,02060000
RPUOMLQLKHGGFEA97CB,文林段四小段,.29,都市：住,100000,1684,持分移轉,02070000
RPUOMLQLKHGGFEA97CB,文林段四小段,.30,都市：住,100000,1684,持分移轉,02080000
RPWOMLQLKHGGFEA18CB,文林段四小段,2.91,都市：商,100000,1684,持分移轉,01760000
RPWOMLQLKHGGFEA18CB,文林段四小段,2.31,都市：住,100000,1684,持分移轉,01930000
RPWOMLQLKHGGFEA18CB,文林段四小段,3.17,都市：住,100000,1684,持分移轉,01950000
RPWOMLQLKHGGFEA18CB,文林段四小段,3.45,都市：住,100000,1684,持分移轉,01960000
RPWOMLQLKHGGFEA18CB,文林段四小段,3.37,都市：住,100000,1684,持分移轉,01970000
RPWOMLQLKHGGFEA18CB,文林段四小段,3.23,都市：住,100000,1684,持分移轉,01980000
RPWOMLQLKHGGFEA18CB,文林段四小段,2.41,都市：住,100000,1684,持分移轉,02020000
RPWOMLQLKHGGFEA18CB,文林段四小段,1.57,都市：住,100000,1684,持分移轉,02030000
RPWOMLQLKHGGFEA18CB,文林段四小段,1.52,都市：住,100000,1684,持分移轉,02040000
RPWOMLQLKHGGFEA18CB,文林段四小段,2.22,都市：住,100000,1684,持分移轉,02050000
RPWOMLQLKHGGFEA18CB,文林段四小段,.42,都市：住,100000,1684,持分移轉,02060000
RPWOMLQLKHGGFEA18CB,文林段四小段,.29,都市：住,100000,1684,持分移轉,02070000
RPWOMLQLKHGGFEA18CB,文林段四小段,.30,都市：住,100000,1684,持分移轉,02080000
RPOPMLQLKHGGFEA47CB,文林段四小段,3.83,都市：商,100000,2212,持分移轉,01760000
RPOPMLQLKHGGFEA47CB,文林段四小段,3.03,都市：住,100000,2212,持分移轉,01930000
RPOPMLQLKHGGFEA47CB,文林段四小段,4.16,都市：住,100000,2212,持分移轉,01950000
RPOPMLQLKHGGFEA47CB,文林段四小段,4.53,都市：住,100000,2212,持分移轉,01960000
RPOPMLQLKHGGFEA47CB,文林段四小段,4.42,都市：住,100000,2212,持分移轉,01970000
RPOPMLQLKHGGFEA47CB,文林段四小段,4.25,都市：住,100000,2212,持分移轉,01980000
RPOPMLQLKHGGFEA47CB,文林段四小段,3.16,都市：住,100000,2212,持分移轉,02020000
RPOPMLQLKHGGFEA47CB,文林段四小段,2.06,都市：住,100000,2212,持分移轉,02030000
RPOPMLQLKHGGFEA47CB,文林段四小段,1.99,都市：住,100000,2212,持分移轉,02040000
RPOPMLQLKHGGFEA47CB,文林段四小段,2.92,都市：住,100000,2212,持分移轉,02050000
RPOPMLQLKHGGFEA47CB,文林段四小段,.55,都市：住,100000,2212,持分移轉,02060000
RPOPMLQLKHGGFEA47CB,文林段四小段,.38,都市：住,100000,2212,持分移轉,02070000
RPOPMLQLKHGGFEA47CB,文林段四小段,.40,都市：住,100000,2212,持分移轉,02080000
RPSPMLQLKHGGFEA87CB,文林段四小段,3.75,都市：商,100000,2168,持分移轉,01760000
RPSPMLQLKHGGFEA87CB,文林段四小段,2.97,都市：住,100000,2168,持分移轉,01930000
RPSPMLQLKHGGFEA87CB,文林段四小段,4.08,都市：住,100000,2168,持分移轉,01950000
RPSPMLQLKHGGFEA87CB,文林段四小段,4.44,都市：住,100000,2168,持分移轉,01960000
RPSPMLQLKHGGFEA87CB,文林段四小段,4.34,都市：住,100000,2168,持分移轉,01970000
RPSPMLQLKHGGFEA87CB,文林段四小段,4.16,都市：住,100000,2168,持分移轉,01980000
RPSPMLQLKHGGFEA87CB,文林段四小段,3.10,都市：住,100000,2168,持分移轉,02020000
RPSPMLQLKHGGFEA87CB,文林段四小段,2.02,都市：住,100000,2168,持分移轉,02030000
RPSPMLQLKHGGFEA87CB,文林段四小段,1.95,都市：住,100000,2168,持分移轉,02040000
RPSPMLQLKHGGFEA87CB,文林段四小段,2.86,都市：住,100000,2168,持分移轉,02050000
RPSPMLQLKHGGFEA87CB,文林段四小段,.54,都市：住,100000,2168,持分移轉,02060000
RPSPMLQLKHGGFEA87CB,文林段四小段,.37,都市：住,100000,2168,持分移轉,02070000
RPSPMLQLKHGGFEA87CB,文林段四小段,.39,都市：住,100000,2168,持分移轉,02080000
RPPPMLQLKHGGFEA57CB,文林段四小段,3.73,都市：商,100000,2158,持分移轉,01760000
RPXOMLQLKHGGFEA28CB,文林段四小段,2.91,都市：商,100000,1684,持分移轉,01760000
RPPPMLQLKHGGFEA57CB,文林段四小段,2.96,都市：住,100000,2158,持分移轉,01930000
RPXOMLQLKHGGFEA28CB,文林段四小段,2.31,都市：住,100000,1684,持分移轉,01930000
RPPPMLQLKHGGFEA57CB,文林段四小段,4.06,都市：住,100000,2158,持分移轉,01950000
RPXOMLQLKHGGFEA28CB,文林段四小段,3.17,都市：住,100000,1684,持分移轉,01950000
RPPPMLQLKHGGFEA57CB,文林段四小段,4.42,都市：住,100000,2158,持分移轉,01960000
RPXOMLQLKHGGFEA28CB,文林段四小段,3.45,都市：住,100000,1684,持分移轉,01960000
RPPPMLQLKHGGFEA57CB,文林段四小段,4.32,都市：住,100000,2158,持分移轉,01970000
RPXOMLQLKHGGFEA28CB,文林段四小段,3.37,都市：住,100000,1684,持分移轉,01970000
RPPPMLQLKHGGFEA57CB,文林段四小段,4.14,都市：住,100000,2158,持分移轉,01980000
RPXOMLQLKHGGFEA28CB,文林段四小段,3.23,都市：住,100000,1684,持分移轉,01980000
RPPPMLQLKHGGFEA57CB,文林段四小段,3.09,都市：住,100000,2158,持分移轉,02020000
RPXOMLQLKHGGFEA28CB,文林段四小段,2.41,都市：住,100000,1684,持分移轉,02020000
RPPPMLQLKHGGFEA57CB,文林段四小段,2.01,都市：住,100000,2158,持分移轉,02030000
RPXOMLQLKHGGFEA28CB,文林段四小段,1.57,都市：住,100000,1684,持分移轉,02030000
RPPPMLQLKHGGFEA57CB,文林段四小段,1.94,都市：住,100000,2158,持分移轉,02040000
RPXOMLQLKHGGFEA28CB,文林段四小段,1.52,都市：住,100000,1684,持分移轉,02040000
RPPPMLQLKHGGFEA57CB,文林段四小段,2.85,都市：住,100000,2158,持分移轉,02050000
RPXOMLQLKHGGFEA28CB,文林段四小段,2.22,都市：住,100000,1684,持分移轉,02050000
RPPPMLQLKHGGFEA57CB,文林段四小段,.54,都市：住,100000,2158,持分移轉,02060000
RPXOMLQLKHGGFEA28CB,文林段四小段,.42,都市：住,100000,1684,持分移轉,02060000
RPPPMLQLKHGGFEA57CB,文林段四小段,.37,都市：住,100000,2158,持分移轉,02070000
RPXOMLQLKHGGFEA28CB,文林段四小段,.29,都市：住,100000,1684,持分移轉,02070000
RPPPMLQLKHGGFEA57CB,文林段四小段,.39,都市：住,100000,2158,持分移轉,02080000
RPXOMLQLKHGGFEA28CB,文林段四小段,.30,都市：住,100000,1684,持分移轉,02080000
RPRPMLQLKHGGFEA77CB,文林段四小段,3.73,都市：商,100000,2158,持分移轉,01760000
RPRPMLQLKHGGFEA77CB,文林段四小段,2.96,都市：住,100000,2158,持分移轉,01930000
RPRPMLQLKHGGFEA77CB,文林段四小段,4.06,都市：住,100000,2158,持分移轉,01950000
RPRPMLQLKHGGFEA77CB,文林段四小段,4.42,都市：住,100000,2158,持分移轉,01960000
RPRPMLQLKHGGFEA77CB,文林段四小段,4.32,都市：住,100000,2158,持分移轉,01970000
RPRPMLQLKHGGFEA77CB,文林段四小段,4.14,都市：住,100000,2158,持分移轉,01980000
RPRPMLQLKHGGFEA77CB,文林段四小段,3.09,都市：住,100000,2158,持分移轉,02020000
RPRPMLQLKHGGFEA77CB,文林段四小段,2.01,都市：住,100000,2158,持分移轉,02030000
RPRPMLQLKHGGFEA77CB,文林段四小段,1.94,都市：住,100000,2158,持分移轉,02040000
RPRPMLQLKHGGFEA77CB,文林段四小段,2.85,都市：住,100000,2158,持分移轉,02050000
RPRPMLQLKHGGFEA77CB,文林段四小段,.54,都市：住,100000,2158,持分移轉,02060000
RPRPMLQLKHGGFEA77CB,文林段四小段,.37,都市：住,100000,2158,持分移轉,02070000
RPRPMLQLKHGGFEA77CB,文林段四小段,.39,都市：住,100000,2158,持分移轉,02080000
RPUPMLQLKHGGFEA08CB,文林段四小段,3.75,都市：商,100000,2168,持分移轉,01760000
RPUPMLQLKHGGFEA08CB,文林段四小段,2.97,都市：住,100000,2168,持分移轉,01930000
RPUPMLQLKHGGFEA08CB,文林段四小段,4.08,都市：住,100000,2168,持分移轉,01950000
RPUPMLQLKHGGFEA08CB,文林段四小段,4.44,都市：住,100000,2168,持分移轉,01960000
RPUPMLQLKHGGFEA08CB,文林段四小段,4.34,都市：住,100000,2168,持分移轉,01970000
RPUPMLQLKHGGFEA08CB,文林段四小段,4.16,都市：住,100000,2168,持分移轉,01980000
RPUPMLQLKHGGFEA08CB,文林段四小段,3.10,都市：住,100000,2168,持分移轉,02020000
RPUPMLQLKHGGFEA08CB,文林段四小段,2.02,都市：住,100000,2168,持分移轉,02030000
RPUPMLQLKHGGFEA08CB,文林段四小段,1.95,都市：住,100000,2168,持分移轉,02040000
RPUPMLQLKHGGFEA08CB,文林段四小段,2.86,都市：住,100000,2168,持分移轉,02050000
RPUPMLQLKHGGFEA08CB,文林段四小段,.54,都市：住,100000,2168,持分移轉,02060000
RPUPMLQLKHGGFEA08CB,文林段四小段,.37,都市：住,100000,2168,持分移轉,02070000
RPUPMLQLKHGGFEA08CB,文林段四小段,.39,都市：住,100000,2168,持分移轉,02080000
RPWPMLQLKHGGFEA28CB,文林段四小段,3.73,都市：商,100000,2158,持分移轉,01760000
RPWPMLQLKHGGFEA28CB,文林段四小段,2.96,都市：住,100000,2158,持分移轉,01930000
RPWPMLQLKHGGFEA28CB,文林段四小段,4.06,都市：住,100000,2158,持分移轉,01950000
RPWPMLQLKHGGFEA28CB,文林段四小段,4.42,都市：住,100000,2158,持分移轉,01960000
RPWPMLQLKHGGFEA28CB,文林段四小段,4.32,都市：住,100000,2158,持分移轉,01970000
RPWPMLQLKHGGFEA28CB,文林段四小段,4.14,都市：住,100000,2158,持分移轉,01980000
RPWPMLQLKHGGFEA28CB,文林段四小段,3.09,都市：住,100000,2158,持分移轉,02020000
RPWPMLQLKHGGFEA28CB,文林段四小段,2.01,都市：住,100000,2158,持分移轉,02030000
RPWPMLQLKHGGFEA28CB,文林段四小段,1.94,都市：住,100000,2158,持分移轉,02040000
RPWPMLQLKHGGFEA28CB,文林段四小段,2.85,都市：住,100000,2158,持分移轉,02050000
RPWPMLQLKHGGFEA28CB,文林段四小段,.54,都市：住,100000,2158,持分移轉,02060000
RPWPMLQLKHGGFEA28CB,文林段四小段,.37,都市：住,100000,2158,持分移轉,02070000
RPWPMLQLKHGGFEA28CB,文林段四小段,.39,都市：住,100000,2158,持分移轉,02080000
RPVPMLQLKHGGFEA18CB,文林段四小段,3.73,都市：商,100000,2158,持分移轉,01760000
RPVPMLQLKHGGFEA18CB,文林段四小段,2.96,都市：住,100000,2158,持分移轉,01930000
RPVPMLQLKHGGFEA18CB,文林段四小段,4.06,都市：住,100000,2158,持分移轉,01950000
RPVPMLQLKHGGFEA18CB,文林段四小段,4.42,都市：住,100000,2158,持分移轉,01960000
RPVPMLQLKHGGFEA18CB,文林段四小段,4.32,都市：住,100000,2158,持分移轉,01970000
RPVPMLQLKHGGFEA18CB,文林段四小段,4.14,都市：住,100000,2158,持分移轉,01980000
RPVPMLQLKHGGFEA18CB,文林段四小段,3.09,都市：住,100000,2158,持分移轉,02020000
RPVPMLQLKHGGFEA18CB,文林段四小段,2.01,都市：住,100000,2158,持分移轉,02030000
RPVPMLQLKHGGFEA18CB,文林段四小段,1.94,都市：住,100000,2158,持分移轉,02040000
RPVPMLQLKHGGFEA18CB,文林段四小段,2.85,都市：住,100000,2158,持分移轉,02050000
RPVPMLQLKHGGFEA18CB,文林段四小段,.54,都市：住,100000,2158,持分移轉,02060000
RPVPMLQLKHGGFEA18CB,文林段四小段,.37,都市：住,100000,2158,持分移轉,02070000
RPVPMLQLKHGGFEA18CB,文林段四小段,.39,都市：住,100000,2158,持分移轉,02080000
RPTPMLQLKHGGFEA97CB,文林段四小段,3.73,都市：商,100000,2158,持分移轉,01760000
RPTPMLQLKHGGFEA97CB,文林段四小段,2.96,都市：住,100000,2158,持分移轉,01930000
RPTPMLQLKHGGFEA97CB,文林段四小段,4.06,都市：住,100000,2158,持分移轉,01950000
RPTPMLQLKHGGFEA97CB,文林段四小段,4.42,都市：住,100000,2158,持分移轉,01960000
RPTPMLQLKHGGFEA97CB,文林段四小段,4.32,都市：住,100000,2158,持分移轉,01970000
RPTPMLQLKHGGFEA97CB,文林段四小段,4.14,都市：住,100000,2158,持分移轉,01980000
RPTPMLQLKHGGFEA97CB,文林段四小段,3.09,都市：住,100000,2158,持分移轉,02020000
RPTPMLQLKHGGFEA97CB,文林段四小段,2.01,都市：住,100000,2158,持分移轉,02030000
RPTPMLQLKHGGFEA97CB,文林段四小段,1.94,都市：住,100000,2158,持分移轉,02040000
RPTPMLQLKHGGFEA97CB,文林段四小段,2.85,都市：住,100000,2158,持分移轉,02050000
RPTPMLQLKHGGFEA97CB,文林段四小段,.54,都市：住,100000,2158,持分移轉,02060000
RPTPMLQLKHGGFEA97CB,文林段四小段,.37,都市：住,100000,2158,持分移轉,02070000
RPTPMLQLKHGGFEA97CB,文林段四小段,.39,都市：住,100000,2158,持分移轉,02080000
RPXPMLQLKHGGFEA38CB,文林段四小段,3.75,都市：商,100000,2168,持分移轉,01760000
RPXPMLQLKHGGFEA38CB,文林段四小段,2.97,都市：住,100000,2168,持分移轉,01930000
RPXPMLQLKHGGFEA38CB,文林段四小段,4.08,都市：住,100000,2168,持分移轉,01950000
RPXPMLQLKHGGFEA38CB,文林段四小段,4.44,都市：住,100000,2168,持分移轉,01960000
RPXPMLQLKHGGFEA38CB,文林段四小段,4.34,都市：住,100000,2168,持分移轉,01970000
RPXPMLQLKHGGFEA38CB,文林段四小段,4.16,都市：住,100000,2168,持分移轉,01980000
RPXPMLQLKHGGFEA38CB,文林段四小段,3.10,都市：住,100000,2168,持分移轉,02020000
RPXPMLQLKHGGFEA38CB,文林段四小段,2.02,都市：住,100000,2168,持分移轉,02030000
RPXPMLQLKHGGFEA38CB,文林段四小段,1.95,都市：住,100000,2168,持分移轉,02040000
RPXPMLQLKHGGFEA38CB,文林段四小段,2.86,都市：住,100000,2168,持分移轉,02050000
RPXPMLQLKHGGFEA38CB,文林段四小段,.54,都市：住,100000,2168,持分移轉,02060000
RPXPMLQLKHGGFEA38CB,文林段四小段,.37,都市：住,100000,2168,持分移轉,02070000
RPXPMLQLKHGGFEA38CB,文林段四小段,.39,都市：住,100000,2168,持分移轉,02080000
RPOQMLQLKHGGFEA57CB,文林段四小段,3.73,都市：商,100000,2158,持分移轉,01760000
RPOQMLQLKHGGFEA57CB,文林段四小段,2.96,都市：住,100000,2158,持分移轉,01930000
RPOQMLQLKHGGFEA57CB,文林段四小段,4.06,都市：住,100000,2158,持分移轉,01950000
RPOQMLQLKHGGFEA57CB,文林段四小段,4.42,都市：住,100000,2158,持分移轉,01960000
RPOQMLQLKHGGFEA57CB,文林段四小段,4.32,都市：住,100000,2158,持分移轉,01970000
RPOQMLQLKHGGFEA57CB,文林段四小段,4.14,都市：住,100000,2158,持分移轉,01980000
RPOQMLQLKHGGFEA57CB,文林段四小段,3.09,都市：住,100000,2158,持分移轉,02020000
RPOQMLQLKHGGFEA57CB,文林段四小段,2.01,都市：住,100000,2158,持分移轉,02030000
RPOQMLQLKHGGFEA57CB,文林段四小段,1.94,都市：住,100000,2158,持分移轉,02040000
RPOQMLQLKHGGFEA57CB,文林段四小段,2.85,都市：住,100000,2158,持分移轉,02050000
RPOQMLQLKHGGFEA57CB,文林段四小段,.54,都市：住,100000,2158,持分移轉,02060000
RPOQMLQLKHGGFEA57CB,文林段四小段,.37,都市：住,100000,2158,持分移轉,02070000
RPOQMLQLKHGGFEA57CB,文林段四小段,.39,都市：住,100000,2158,持分移轉,02080000
RPTOMLPJLHGGFBA37CB,大同段二小段,2.47,都市：商,10000,91,持分移轉,03900000
RPTOMLPJLHGGFBA37CB,大同段二小段,2.02,都市：商,10000,91,持分移轉,03940000
RPTOMLPJLHGGFBA37CB,大同段二小段,.18,都市：住,10000,91,持分移轉,03940002
RPVOMLPJLHGGFBA57CB,大同段二小段,2.47,都市：商,10000,91,持分移轉,03900000
RPVOMLPJLHGGFBA57CB,大同段二小段,2.02,都市：商,10000,91,持分移轉,03940000
RPVOMLPJLHGGFBA57CB,大同段二小段,.18,都市：住,10000,91,持分移轉,03940002
RPPQMLQLKHGGFEA67CB,文林段四小段,3.73,都市：商,100000,2158,持分移轉,01760000
RPPQMLQLKHGGFEA67CB,文林段四小段,2.96,都市：住,100000,2158,持分移轉,01930000
RPPQMLQLKHGGFEA67CB,文林段四小段,4.06,都市：住,100000,2158,持分移轉,01950000
RPPQMLQLKHGGFEA67CB,文林段四小段,4.42,都市：住,100000,2158,持分移轉,01960000
RPPQMLQLKHGGFEA67CB,文林段四小段,4.32,都市：住,100000,2158,持分移轉,01970000
RPPQMLQLKHGGFEA67CB,文林段四小段,4.14,都市：住,100000,2158,持分移轉,01980000
RPPQMLQLKHGGFEA67CB,文林段四小段,3.09,都市：住,100000,2158,持分移轉,02020000
RPPQMLQLKHGGFEA67CB,文林段四小段,2.01,都市：住,100000,2158,持分移轉,02030000
RPPQMLQLKHGGFEA67CB,文林段四小段,1.94,都市：住,100000,2158,持分移轉,02040000
RPPQMLQLKHGGFEA67CB,文林段四小段,2.85,都市：住,100000,2158,持分移轉,02050000
RPPQMLQLKHGGFEA67CB,文林段四小段,.54,都市：住,100000,2158,持分移轉,02060000
RPPQMLQLKHGGFEA67CB,文林段四小段,.37,都市：住,100000,2158,持分移轉,02070000
RPPQMLQLKHGGFEA67CB,文林段四小段,.39,都市：住,100000,2158,持分移轉,02080000
RPRQMLQLKHGGFEA87CB,文林段四小段,2.91,都市：商,100000,1684,持分移轉,01760000
RPRQMLQLKHGGFEA87CB,文林段四小段,2.31,都市：住,100000,1684,持分移轉,01930000
RPRQMLQLKHGGFEA87CB,文林段四小段,3.17,都市：住,100000,1684,持分移轉,01950000
RPRQMLQLKHGGFEA87CB,文林段四小段,3.45,都市：住,100000,1684,持分移轉,01960000
RPRQMLQLKHGGFEA87CB,文林段四小段,3.37,都市：住,100000,1684,持分移轉,01970000
RPRQMLQLKHGGFEA87CB,文林段四小段,3.23,都市：住,100000,1684,持分移轉,01980000
RPRQMLQLKHGGFEA87CB,文林段四小段,2.41,都市：住,100000,1684,持分移轉,02020000
RPRQMLQLKHGGFEA87CB,文林段四小段,1.57,都市：住,100000,1684,持分移轉,02030000
RPRQMLQLKHGGFEA87CB,文林段四小段,1.52,都市：住,100000,1684,持分移轉,02040000
RPRQMLQLKHGGFEA87CB,文林段四小段,2.22,都市：住,100000,1684,持分移轉,02050000
RPRQMLQLKHGGFEA87CB,文林段四小段,.42,都市：住,100000,1684,持分移轉,02060000
RPRQMLQLKHGGFEA87CB,文林段四小段,.29,都市：住,100000,1684,持分移轉,02070000
RPRQMLQLKHGGFEA87CB,文林段四小段,.30,都市：住,100000,1684,持分移轉,02080000
RPXOMLPJLHGGFBA77CB,大同段二小段,2.50,都市：商,10000,92,持分移轉,03900000
RPXOMLPJLHGGFBA77CB,大同段二小段,2.05,都市：商,10000,92,持分移轉,03940000
RPXOMLPJLHGGFBA77CB,大同段二小段,.18,都市：住,10000,92,持分移轉,03940002
RPPPMLPJLHGGFBA07CB,大同段二小段,6.28,都市：商,10000,231,持分移轉,03900000
RPPPMLPJLHGGFBA07CB,大同段二小段,5.14,都市：商,10000,231,持分移轉,03940000
RPPPMLPJLHGGFBA07CB,大同段二小段,.45,都市：住,10000,231,持分移轉,03940002
RPWNMLOJLHGGFAA37CB,河堤段二小段,.04,都市：住,100000,999,持分移轉,03110002
RPWNMLOJLHGGFAA37CB,河堤段二小段,3.46,都市：商,100000,999,持分移轉,02930000
RPWOMLPJLHGGFBA67CB,大同段二小段,2.47,都市：商,10000,91,持分移轉,03900000
RPWOMLPJLHGGFBA67CB,大同段二小段,2.02,都市：商,10000,91,持分移轉,03940000
RPWOMLPJLHGGFBA67CB,大同段二小段,.18,都市：住,10000,91,持分移轉,03940002
RPRPMLPJLHGGFBA27CB,大同段二小段,6.28,都市：商,10000,231,持分移轉,03900000
RPRPMLPJLHGGFBA27CB,大同段二小段,5.14,都市：商,10000,231,持分移轉,03940000
RPRPMLPJLHGGFBA27CB,大同段二小段,.45,都市：住,10000,231,持分移轉,03940002
RPOPMLPJLHGGFBA96CB,大同段二小段,6.28,都市：商,10000,231,持分移轉,03900000
RPOPMLPJLHGGFBA96CB,大同段二小段,5.14,都市：商,10000,231,持分移轉,03940000
RPOPMLPJLHGGFBA96CB,大同段二小段,.45,都市：住,10000,231,持分移轉,03940002
RPQPMLPJLHGGFBA17CB,大同段二小段,6.28,都市：商,10000,231,持分移轉,03900000
RPQPMLPJLHGGFBA17CB,大同段二小段,5.14,都市：商,10000,231,持分移轉,03940000
RPQPMLPJLHGGFBA17CB,大同段二小段,.45,都市：住,10000,231,持分移轉,03940002
RPSPMLPJLHGGFBA37CB,大同段二小段,2.37,都市：商,10000,87,持分移轉,03900000
RPSPMLPJLHGGFBA37CB,大同段二小段,1.94,都市：商,10000,87,持分移轉,03940000
RPSPMLPJLHGGFBA37CB,大同段二小段,.17,都市：住,10000,87,持分移轉,03940002
RPTPMLPJLHGGFBA47CB,大同段二小段,2.37,都市：商,10000,87,持分移轉,03900000
RPTPMLPJLHGGFBA47CB,大同段二小段,1.94,都市：商,10000,87,持分移轉,03940000
RPTPMLPJLHGGFBA47CB,大同段二小段,.17,都市：住,10000,87,持分移轉,03940002
RPUPMLPJLHGGFBA57CB,大同段二小段,2.37,都市：商,10000,87,持分移轉,03900000
RPUPMLPJLHGGFBA57CB,大同段二小段,1.94,都市：商,10000,87,持分移轉,03940000
RPUPMLPJLHGGFBA57CB,大同段二小段,.17,都市：住,10000,87,持分移轉,03940002
RPWPMLPJLHGGFBA77CB,大同段二小段,5.30,都市：商,10000,195,持分移轉,03900000
RPWPMLPJLHGGFBA77CB,大同段二小段,4.34,都市：商,10000,195,持分移轉,03940000
RPWPMLPJLHGGFBA77CB,大同段二小段,.38,都市：住,10000,195,持分移轉,03940002
RPQQMLPJLHGGFBA27CB,大同段二小段,2.45,都市：商,10000,90,持分移轉,03900000
RPQQMLPJLHGGFBA27CB,大同段二小段,2.00,都市：商,10000,90,持分移轉,03940000
RPQQMLPJLHGGFBA27CB,大同段二小段,.18,都市：住,10000,90,持分移轉,03940002
RPVPMLPJLHGGFBA67CB,大同段二小段,2.37,都市：商,10000,87,持分移轉,03900000
RPVPMLPJLHGGFBA67CB,大同段二小段,1.94,都市：商,10000,87,持分移轉,03940000
RPVPMLPJLHGGFBA67CB,大同段二小段,.17,都市：住,10000,87,持分移轉,03940002
RPXPMLPJLHGGFBA87CB,大同段二小段,2.45,都市：商,10000,90,持分移轉,03900000
RPXPMLPJLHGGFBA87CB,大同段二小段,2.00,都市：商,10000,90,持分移轉,03940000
RPXPMLPJLHGGFBA87CB,大同段二小段,.18,都市：住,10000,90,持分移轉,03940002
RPOQMLPJLHGGFBA07CB,大同段二小段,2.45,都市：商,10000,90,持分移轉,03900000
RPOQMLPJLHGGFBA07CB,大同段二小段,2.00,都市：商,10000,90,持分移轉,03940000
RPOQMLPJLHGGFBA07CB,大同段二小段,.18,都市：住,10000,90,持分移轉,03940002
RPPQMLPJLHGGFBA17CB,大同段二小段,2.45,都市：商,10000,90,持分移轉,03900000
RPPQMLPJLHGGFBA17CB,大同段二小段,2.00,都市：商,10000,90,持分移轉,03940000
RPPQMLPJLHGGFBA17CB,大同段二小段,.18,都市：住,10000,90,持分移轉,03940002
RPRQMLPJLHGGFBA37CB,大同段二小段,2.47,都市：商,10000,91,持分移轉,03900000
RPRQMLPJLHGGFBA37CB,大同段二小段,2.02,都市：商,10000,91,持分移轉,03940000
RPRQMLPJLHGGFBA37CB,大同段二小段,.18,都市：住,10000,91,持分移轉,03940002
RPVQMLPJLHGGFBA77CB,大同段二小段,3.75,都市：商,10000,138,持分移轉,03900000
RPVQMLPJLHGGFBA77CB,大同段二小段,3.07,都市：商,10000,138,持分移轉,03940000
RPVQMLPJLHGGFBA77CB,大同段二小段,.27,都市：住,10000,138,持分移轉,03940002
RPWQMLPJLHGGFBA87CB,大同段二小段,4.38,都市：商,10000,161,持分移轉,03900000
RPWQMLPJLHGGFBA87CB,大同段二小段,3.58,都市：商,10000,161,持分移轉,03940000
RPWQMLPJLHGGFBA87CB,大同段二小段,.32,都市：住,10000,161,持分移轉,03940002
RPORMLPJLHGGFBA17CB,大同段二小段,4.38,都市：商,10000,161,持分移轉,03900000
RPORMLPJLHGGFBA17CB,大同段二小段,3.58,都市：商,10000,161,持分移轉,03940000
RPORMLPJLHGGFBA17CB,大同段二小段,.32,都市：住,10000,161,持分移轉,03940002
RPSQMLPJLHGGFBA47CB,大同段二小段,3.81,都市：商,10000,140,持分移轉,03900000
RPSQMLPJLHGGFBA47CB,大同段二小段,3.12,都市：商,10000,140,持分移轉,03940000
RPSQMLPJLHGGFBA47CB,大同段二小段,.27,都市：住,10000,140,持分移轉,03940002
RPUQMLPJLHGGFBA67CB,大同段二小段,3.75,都市：商,10000,138,持分移轉,03900000
RPUQMLPJLHGGFBA67CB,大同段二小段,3.07,都市：商,10000,138,持分移轉,03940000
RPUQMLPJLHGGFBA67CB,大同段二小段,.27,都市：住,10000,138,持分移轉,03940002
RPQRMLPJLHGGFBA37CB,大同段二小段,4.35,都市：商,10000,160,持分移轉,03900000
RPQRMLPJLHGGFBA37CB,大同段二小段,3.56,都市：商,10000,160,持分移轉,03940000
RPQRMLPJLHGGFBA37CB,大同段二小段,.31,都市：住,10000,160,持分移轉,03940002
RPXQMLPJLHGGFBA97CB,大同段二小段,4.38,都市：商,10000,161,持分移轉,03900000
RPXQMLPJLHGGFBA97CB,大同段二小段,3.58,都市：商,10000,161,持分移轉,03940000
RPXQMLPJLHGGFBA97CB,大同段二小段,.32,都市：住,10000,161,持分移轉,03940002
RPPRMLPJLHGGFBA27CB,大同段二小段,4.38,都市：商,10000,161,持分移轉,03900000
RPPRMLPJLHGGFBA27CB,大同段二小段,3.58,都市：商,10000,161,持分移轉,03940000
RPPRMLPJLHGGFBA27CB,大同段二小段,.32,都市：住,10000,161,持分移轉,03940002
RPRRMLPJLHGGFBA47CB,大同段二小段,4.38,都市：商,10000,161,持分移轉,03900000
RPRRMLPJLHGGFBA47CB,大同段二小段,3.58,都市：商,10000,161,持分移轉,03940000
RPRRMLPJLHGGFBA47CB,大同段二小段,.32,都市：住,10000,161,持分移轉,03940002
RPURMLPJLHGGFBA77CB,大同段二小段,4.38,都市：商,10000,161,持分移轉,03900000
RPURMLPJLHGGFBA77CB,大同段二小段,3.58,都市：商,10000,161,持分移轉,03940000
RPURMLPJLHGGFBA77CB,大同段二小段,.32,都市：住,10000,161,持分移轉,03940002
RPXRMLPJLHGGFBA08CB,大同段二小段,4.95,都市：商,10000,182,持分移轉,03900000
RPXRMLPJLHGGFBA08CB,大同段二小段,4.05,都市：商,10000,182,持分移轉,03940000
RPXRMLPJLHGGFBA08CB,大同段二小段,.36,都市：住,10000,182,持分移轉,03940002
RPWRMLPJLHGGFBA97CB,大同段二小段,4.35,都市：商,10000,160,持分移轉,03900000
RPWRMLPJLHGGFBA97CB,大同段二小段,3.56,都市：商,10000,160,持分移轉,03940000
RPWRMLPJLHGGFBA97CB,大同段二小段,.31,都市：住,10000,160,持分移轉,03940002
RPTRMLPJLHGGFBA67CB,大同段二小段,4.38,都市：商,10000,161,持分移轉,03900000
RPTRMLPJLHGGFBA67CB,大同段二小段,3.58,都市：商,10000,161,持分移轉,03940000
RPTRMLPJLHGGFBA67CB,大同段二小段,.32,都市：住,10000,161,持分移轉,03940002
RPOSMLPJLHGGFBA27CB,大同段二小段,4.95,都市：商,10000,182,持分移轉,03900000
RPOSMLPJLHGGFBA27CB,大同段二小段,4.05,都市：商,10000,182,持分移轉,03940000
RPOSMLPJLHGGFBA27CB,大同段二小段,.36,都市：住,10000,182,持分移轉,03940002
RPPSMLPJLHGGFBA37CB,大同段二小段,4.95,都市：商,10000,182,持分移轉,03900000
RPPSMLPJLHGGFBA37CB,大同段二小段,4.05,都市：商,10000,182,持分移轉,03940000
RPPSMLPJLHGGFBA37CB,大同段二小段,.36,都市：住,10000,182,持分移轉,03940002
RPQSMLPJLHGGFBA47CB,大同段二小段,4.95,都市：商,10000,182,持分移轉,03900000
RPQSMLPJLHGGFBA47CB,大同段二小段,4.05,都市：商,10000,182,持分移轉,03940000
RPQSMLPJLHGGFBA47CB,大同段二小段,.36,都市：住,10000,182,持分移轉,03940002
RPRSMLPJLHGGFBA57CB,大同段二小段,4.95,都市：商,10000,182,持分移轉,03900000
RPRSMLPJLHGGFBA57CB,大同段二小段,4.05,都市：商,10000,182,持分移轉,03940000
RPRSMLPJLHGGFBA57CB,大同段二小段,.36,都市：住,10000,182,持分移轉,03940002
RPSSMLPJLHGGFBA67CB,大同段二小段,4.95,都市：商,10000,182,持分移轉,03900000
RPSSMLPJLHGGFBA67CB,大同段二小段,4.05,都市：商,10000,182,持分移轉,03940000
RPSSMLPJLHGGFBA67CB,大同段二小段,.36,都市：住,10000,182,持分移轉,03940002
RPTSMLPJLHGGFBA77CB,大同段二小段,4.95,都市：商,10000,182,持分移轉,03900000
RPTSMLPJLHGGFBA77CB,大同段二小段,4.05,都市：商,10000,182,持分移轉,03940000
RPTSMLPJLHGGFBA77CB,大同段二小段,.36,都市：住,10000,182,持分移轉,03940002
RPSOMLTJLHGGFBA67CB,直興段二小段,8.15,都市：商,100000,447,持分移轉,05290000
RPSOMLTJLHGGFBA67CB,直興段二小段,.32,都市：商,100000,447,持分移轉,05740000
RPUOMLTJLHGGFBA87CB,直興段二小段,8.14,都市：商,100000,446,持分移轉,05290000
RPUOMLTJLHGGFBA87CB,直興段二小段,.32,都市：商,100000,446,持分移轉,05740000
RPVOMLTJLHGGFBA97CB,直興段二小段,.32,都市：商,100000,456,持分移轉,05740000
RPVOMLTJLHGGFBA97CB,直興段二小段,8.32,都市：商,100000,456,持分移轉,05290000
RPXOMLTJLHGGFBA18CB,直興段二小段,9.39,都市：商,100000,515,持分移轉,05290000
RPWOMLTJLHGGFBA08CB,直興段二小段,.32,都市：商,100000,456,持分移轉,05740000
RPXOMLTJLHGGFBA18CB,直興段二小段,.37,都市：商,100000,515,持分移轉,05740000
RPWOMLTJLHGGFBA08CB,直興段二小段,8.32,都市：商,100000,456,持分移轉,05290000
RPPPMLTJLHGGFBA47CB,直興段二小段,9.39,都市：商,100000,515,持分移轉,05290000
RPPPMLTJLHGGFBA47CB,直興段二小段,.37,都市：商,100000,515,持分移轉,05740000
RPRPMLTJLHGGFBA67CB,直興段二小段,.51,都市：商,100000,716,持分移轉,05740000
RPRPMLTJLHGGFBA67CB,直興段二小段,13.06,都市：商,100000,716,持分移轉,05290000
RPOPMLTJLHGGFBA37CB,直興段二小段,.37,都市：商,100000,525,持分移轉,05740000
RPOPMLTJLHGGFBA37CB,直興段二小段,9.58,都市：商,100000,525,持分移轉,05290000
RPQPMLTJLHGGFBA57CB,直興段二小段,7.73,都市：商,100000,424,持分移轉,05290000
RPQPMLTJLHGGFBA57CB,直興段二小段,.30,都市：商,100000,424,持分移轉,05740000
RPSPMLTJLHGGFBA77CB,直興段二小段,.51,都市：商,100000,715,持分移轉,05740000
RPSPMLTJLHGGFBA77CB,直興段二小段,13.04,都市：商,100000,715,持分移轉,05290000
RPTPMLTJLHGGFBA87CB,直興段二小段,7.72,都市：商,100000,423,持分移轉,05290000
RPTPMLTJLHGGFBA87CB,直興段二小段,.30,都市：商,100000,423,持分移轉,05740000
RPUPMLTJLHGGFBA97CB,直興段二小段,8.12,都市：商,100000,445,持分移轉,05290000
RPUPMLTJLHGGFBA97CB,直興段二小段,.32,都市：商,100000,445,持分移轉,05740000
RPWPMLTJLHGGFBA18CB,直興段二小段,.32,都市：商,100000,455,持分移轉,05740000
RPWPMLTJLHGGFBA18CB,直興段二小段,8.30,都市：商,100000,455,持分移轉,05290000
RPVPMLTJLHGGFBA08CB,直興段二小段,8.30,都市：商,100000,455,持分移轉,05290000
RPVPMLTJLHGGFBA08CB,直興段二小段,.32,都市：商,100000,455,持分移轉,05740000
RPXPMLTJLHGGFBA28CB,直興段二小段,.32,都市：商,100000,455,持分移轉,05740000
RPXPMLTJLHGGFBA28CB,直興段二小段,8.30,都市：商,100000,455,持分移轉,05290000
RPPQMLTJLHGGFBA57CB,直興段二小段,6.84,都市：商,100000,375,持分移轉,05290000
RPPQMLTJLHGGFBA57CB,直興段二小段,.27,都市：商,100000,375,持分移轉,05740000
RPOQMLTJLHGGFBA47CB,直興段二小段,6.99,都市：商,100000,383,持分移轉,05290000
RPOQMLTJLHGGFBA47CB,直興段二小段,.27,都市：商,100000,383,持分移轉,05740000
RPQQMLTJLHGGFBA67CB,直興段二小段,6.84,都市：商,100000,375,持分移轉,05290000
RPQQMLTJLHGGFBA67CB,直興段二小段,.27,都市：商,100000,375,持分移轉,05740000
RPRQMLTJLHGGFBA77CB,直興段二小段,6.84,都市：商,100000,375,持分移轉,05290000
RPRQMLTJLHGGFBA77CB,直興段二小段,.27,都市：商,100000,375,持分移轉,05740000
RPSQMLTJLHGGFBA87CB,直興段二小段,.27,都市：商,100000,385,持分移轉,05740000
RPSQMLTJLHGGFBA87CB,直興段二小段,7.02,都市：商,100000,385,持分移轉,05290000
RPQQMLQLKHGGFEA77CB,文林段四小段,2.91,都市：商,100000,1684,持分移轉,01760000
RPQQMLQLKHGGFEA77CB,文林段四小段,2.31,都市：住,100000,1684,持分移轉,01930000
RPQQMLQLKHGGFEA77CB,文林段四小段,3.17,都市：住,100000,1684,持分移轉,01950000
RPQQMLQLKHGGFEA77CB,文林段四小段,3.45,都市：住,100000,1684,持分移轉,01960000
RPQQMLQLKHGGFEA77CB,文林段四小段,3.37,都市：住,100000,1684,持分移轉,01970000
RPQQMLQLKHGGFEA77CB,文林段四小段,3.23,都市：住,100000,1684,持分移轉,01980000
RPQQMLQLKHGGFEA77CB,文林段四小段,2.41,都市：住,100000,1684,持分移轉,02020000
RPQQMLQLKHGGFEA77CB,文林段四小段,1.57,都市：住,100000,1684,持分移轉,02030000
RPQQMLQLKHGGFEA77CB,文林段四小段,1.52,都市：住,100000,1684,持分移轉,02040000
RPQQMLQLKHGGFEA77CB,文林段四小段,2.22,都市：住,100000,1684,持分移轉,02050000
RPQQMLQLKHGGFEA77CB,文林段四小段,.42,都市：住,100000,1684,持分移轉,02060000
RPQQMLQLKHGGFEA77CB,文林段四小段,.29,都市：住,100000,1684,持分移轉,02070000
RPQQMLQLKHGGFEA77CB,文林段四小段,.30,都市：住,100000,1684,持分移轉,02080000
