﻿鄉鎮市區,交易標的,土地位置建物門牌,土地面積平方公尺,都市土地使用分區,非都市土地使用分區,非都市土地使用編定,租賃年月日,租賃筆棟數,租賃層次,總樓層數,建物型態,主要用途,主要建材,建築完成年月,建物總面積平方公尺,建物現況格局-房,建物現況格局-廳,建物現況格局-衛,建物現況格局-隔間,有無管理組織,有無附傢俱,總額元,單價元平方公尺,車位類別,車位面積平方公尺,車位總額元,備註,編號
The villages and towns urban district,transaction sign,land sector position building sector house number plate,land shifting total area square meter,the use zoning or compiles and checks,the non-metropolis land use district,non-metropolis land use,transaction year month and day,transaction pen number,shifting level,total floor number,building state,main use,main building materials,construction to complete the years,building shifting total area,Building present situation pattern - room,building present situation pattern - hall,building present situation pattern - health,building present situation pattern - compartmented,Whether there is manages the organization,Whether there is attaches the furniture,total price NTD,the unit price (NTD / square meter),the berth category,berth shifting total area square meter,the berth total price NTD,the note,serial number
宜蘭市,建物,宜蘭縣宜蘭市中山路二段186號,0.0,其他,,,1091201,土地1建物0車位0,全,2,透天厝,住商用,鋼筋混凝土加強磚造,,160.9,0,0,2,有,無,無,20000,124,,0.0,0,,RPROMLLKKIPFFBG38CC
礁溪鄉,建物,宜蘭縣礁溪鄉和平路93之1號,0.0,住,,,1091209,土地0建物1車位0,一層,7,套房(1房1廳1衛),住家用,鋼筋混凝土造,0820708,35.06,1,1,1,有,無,有,7500,214,,0.0,0,,RPRNMLOKKIPFFBG58CC
礁溪鄉,建物,宜蘭縣礁溪鄉和平路93之2號二樓,0.0,住,,,1091210,土地0建物1車位0,二層,7,套房(1房1廳1衛),住家用,鋼筋混凝土造,0820708,26.28,1,0,1,有,無,有,6500,247,,0.0,0,,RPSNMLOKKIPFFBG68CC
礁溪鄉,建物,宜蘭縣礁溪鄉和平路93之8號,0.0,住,,,1091212,土地0建物1車位0,一層,7,華廈(10層含以下有電梯),住家用,鋼筋混凝土造,0820708,30.27,2,1,1,有,無,有,5500,182,,0.0,0,,RPOOMLOKKIPFFBG38CC
礁溪鄉,建物,宜蘭縣礁溪鄉大忠路187號3樓之4,0.0,住,,,1091212,土地0建物1車位0,三層,8,套房(1房1廳1衛),住家用,鋼筋混凝土造,0880709,28.02,1,1,1,有,有,有,7500,268,,0.0,0,,RPSOMLOKKIPFFBG78CC
宜蘭市,建物,宜蘭縣宜蘭市環市東路二段712號,0.0,農,,,1091211,土地0建物1車位0,見其他登記事項,3,農舍,見其他登記事項,見其他登記事項,1000209,318.33,3,3,3,有,無,有,28000,,,0.0,0,,RPUOMLOKKIPFFBG98CC
員山鄉,建物,宜蘭縣員山鄉溫泉段95之3號五樓之二,0.0,住,,,1091128,土地0建物1車位0,五層,6,套房(1房1廳1衛),見其他登記事項,鋼筋混凝土造,1071101,42.89,1,1,1,有,無,有,7500,175,,0.0,0,,RPVNMLRKKIPFFBG66CC
羅東鎮,建物,宜蘭縣羅東鎮四維路158號7樓,0.0,,特定農業區,甲種建築用地,1091214,土地0建物1車位0,七層,10,華廈(10層含以下有電梯),住家用,鋼筋混凝土造,0841016,74.18,1,1,1,有,有,有,7600,102,,0.0,0,,RPRNMLLLKIPFFAG28CC
冬山鄉,建物,宜蘭縣冬山鄉華祥路2-2號,0.0,,鄉村區,乙種建築用地,1091219,土地0建物1車位0,全,2,透天厝,住家用,鋼筋混凝土加強磚造,0690111,130.94,3,2,2,有,無,有,8100,62,,0.0,0,,RPSNMLLLKIPFFAG38CC
羅東鎮,房地(土地+建物)+車位,宜蘭縣羅東鎮重陽街27巷31號2樓,25.37,住,,,1091216,土地2建物1車位1,二層,6,華廈(10層含以下有電梯),住家用,鋼筋混凝土造,0870512,89.1,3,2,1,有,有,有,13000,146,一樓平面,18.48,0,,RPUOMLLLKIPFFAG68CC
宜蘭市,建物,宜蘭縣宜蘭市泰山路85巷5號8樓之2,0.0,住,,,1091218,土地0建物1車位1,八層,14,住宅大樓(11層含以上有電梯),住家用,鋼筋混凝土造,0930927,114.16,3,2,2,有,有,有,14000,123,坡道平面,0.0,0,,RPOPMLMLKIPFFBG38CC
礁溪鄉,建物,宜蘭縣礁溪鄉信義路34巷6號8樓之2,0.0,商,,,1091213,土地0建物1車位0,八層,13,套房(1房1廳1衛),見其他登記事項,鋼筋混凝土造,0971231,38.02,1,1,1,有,有,有,10000,263,,0.0,0,,RPRNMLNLKIPFFBG58CC
礁溪鄉,建物,宜蘭縣礁溪鄉信義路34巷6號8樓之6,0.0,商,,,1091213,土地0建物1車位0,八層,13,套房(1房1廳1衛),見其他登記事項,鋼筋混凝土造,0971231,38.02,1,1,1,有,有,有,10000,263,,0.0,0,,RPSNMLNLKIPFFBG68CC
羅東鎮,建物,宜蘭縣羅東鎮中正南路62號2樓,0.0,住,,,1091224,土地0建物1車位0,全,4,透天厝,住家用,鋼筋混凝土造,0660509,86.08,3,0,3,有,無,有,18500,215,,0.0,0,109/12/24-109/12/31為免租金整理期,RPSOMLPLKIPFFAG88CC
冬山鄉,建物,宜蘭縣冬山鄉廣興路441巷1號4樓A室,0.0,,特定農業區,甲種建築用地,1091225,土地0建物1車位0,四層,4,華廈(10層含以下有電梯),住家用,鋼筋混凝土造,0840306,112.17,2,1,1,有,有,有,9500,85,,0.0,0,,RPWNMLTLKIPFFAG96CC
冬山鄉,土地,珍珠一段807地號,185.16,,特定農業區,農牧用地,1091228,土地1建物0車位0,,,其他,,,,0.0,0,0,0,有,無,無,14000,76,,0.0,0,含增建或未登記建物。；,RPROMLTLKIPFFAG56CC
羅東鎮,建物,宜蘭縣羅東鎮博愛路59-5號3樓,0.0,住,,,1091230,土地0建物1車位0,三層,4,公寓(5樓含以下無電梯),住家用,鋼筋混凝土加強磚造,0660816,101.19,4,2,2,有,無,有,13000,128,,0.0,0,109/12/30-110/1/9為免租金整理期,RPPNMLMJJHGGFAG96CC
冬山鄉,土地,義成六段445地號,94.62,住,,,1100101,土地1建物0車位0,,,其他,,,,0.0,0,0,0,有,無,無,14000,148,,0.0,0,含增建或未登記建物。；,RPXNMLQJJHGGFAG18CC
礁溪鄉,建物,宜蘭縣礁溪鄉仁愛路172號8樓之8,0.0,住,,,1091231,土地0建物1車位0,八層,13,套房(1房1廳1衛),住家用,鋼筋混凝土造,0861226,28.39,1,0,1,有,無,有,8100,285,,0.0,0,,RPQNMLQJJHGGFBG57CC
宜蘭市,建物,宜蘭縣宜蘭市舊城南路40號,0.0,商,,,1100102,土地0建物1車位0,全,4,透天厝,住商用,鋼筋混凝土造,0941007,29.22,1,0,1,有,無,有,5000,171,,0.0,0,,RPTNMLRJJHGGFBG97CC
頭城鎮,建物,宜蘭縣頭城鎮大坑路198號8樓之2,0.0,住,,,1100111,土地0建物1車位0,八層,9,套房(1房1廳1衛),見其他登記事項,鋼筋混凝土造,1021211,44.15,1,1,1,有,有,有,11000,249,,0.0,0,,RPQPMLLKJHGGFBG37CC
礁溪鄉,建物,宜蘭縣礁溪鄉成功路133號,0.0,住,,,1100111,土地0建物1車位0,全,1,透天厝,住家用,磚造,0450515,14.78,1,0,1,有,無,有,8000,541,,0.0,0,,RPRPMLLKJHGGFBG47CC
五結鄉,建物,宜蘭縣五結鄉季水路清水一巷2弄40號3樓,0.0,,鄉村區,乙種建築用地,1100104,土地1建物0車位0,見其他登記事項,4,公寓(5樓含以下無電梯),住家用,鋼筋混凝土造,0870602,155.31,3,2,2,有,有,無,10800,70,,0.0,0,,RPUNMLMKJHGGFAG57CC
羅東鎮,建物,宜蘭縣羅東鎮倉前路77號九樓之6,0.0,商,,,1100108,土地0建物1車位0,九層,12,住宅大樓(11層含以上有電梯),住家用,鋼筋混凝土造,0831213,109.86000000000001,3,2,2,有,有,有,11700,106,,0.0,0,,RPVNMLMKJHGGFAG67CC
壯圍鄉,建物,宜蘭縣壯圍鄉大福路三段431號,0.0,,特定農業區,甲種建築用地,1091229,土地1建物0車位0,全,2,透天厝,住家用,鋼筋混凝土加強磚造,0701230,128.5,2,2,2,有,無,無,10000,78,,0.0,0,,RPQNMLNKJHGGFBG37CC
礁溪鄉,建物,宜蘭縣礁溪鄉礁溪路七段7號,0.0,,一般農業區,甲種建築用地,1100110,土地0建物1車位0,全,2,透天厝,住家用,鋼筋混凝土加強磚造,0660215,47.3,0,0,2,有,無,有,13000,275,,0.0,0,,RPOOMLNKJHGGFBG27CC
宜蘭市,建物,宜蘭縣宜蘭市民權新路283之1號,0.0,住,,,1091217,土地0建物1車位0,一層,12,住宅大樓(11層含以上有電梯),住家用,鋼筋混凝土造,0880121,80.46,3,2,2,有,有,有,16000,199,,0.0,0,,RPSNMLOKJHGGFBG67CC
宜蘭市,房地(土地+建物),宜蘭縣宜蘭市進士路49之7號,84.63,農,,,1100113,土地1建物1車位0,全,1,透天厝,住家用,鋼筋混凝土加強磚造,0650927,44.39,5,2,2,有,無,有,18000,405,,0.0,0,,RPVNMLPKJHGGFBG08CC
礁溪鄉,建物,宜蘭縣礁溪鄉仁愛路156巷5號8樓,0.0,住,,,1100112,土地0建物1車位0,八層,13,住宅大樓(11層含以上有電梯),住家用,鋼筋混凝土造,0861226,98.91,3,2,2,有,有,有,18000,182,,0.0,0,,RPOOMLMLJHGGFBG27CC
羅東鎮,房地(土地+建物),宜蘭縣羅東鎮康莊路45巷4樓,15.12,住,,,1100121,土地1建物1車位0,四層,5,套房(1房1廳1衛),住家用,鋼筋混凝土造,0841103,53.25,1,1,1,有,無,有,11000,207,,0.0,0,,RPPOMLMLJHGGFAG27CC
羅東鎮,房地(土地+建物),宜蘭縣羅東鎮復興路三段135巷36弄36號,105.85,,特定農業區,甲種建築用地,1100123,土地1建物1車位0,全,3,透天厝,住家用,鋼筋混凝土造,0850313,205.06,5,3,3,有,無,有,16000,78,,0.0,0,,RPUNMLPLJHGGFAG97CC
蘇澳鎮,建物,宜蘭縣蘇澳鎮馬賽路397巷69弄9號,0.0,住,,,1100118,土地1建物0車位0,全,3,透天厝,住家用,鋼筋混凝土造,0850110,180.95,3,2,2,有,無,無,13500,75,,0.0,0,,RPPOMLPLJHGGFAG57CC
蘇澳鎮,建物,宜蘭縣蘇澳鎮頂興路120號,0.0,,工業區,丁種建築用地,1100120,土地0建物1車位0,全,3,透天厝,住家用,鋼筋混凝土造,1030303,166.48,4,1,3,有,無,有,13000,78,,0.0,0,,RPQOMLPLJHGGFAG67CC
宜蘭市,建物,宜蘭縣宜蘭市文昌路196巷1弄15號,0.0,住,,,1100125,土地0建物1車位0,一層,5,公寓(5樓含以下無電梯),住家用,鋼筋混凝土造,0800522,95.95,3,1,1,有,無,有,13500,141,,0.0,0,,RPXNMLQLJHGGFBG48CC
員山鄉,建物,宜蘭縣員山鄉金山西路270巷6弄3號6樓,0.0,住,,,1100120,土地0建物1車位0,六層,7,華廈(10層含以下有電梯),住家用,鋼筋混凝土造,0830112,90.41,3,2,2,有,無,有,12300,136,,0.0,0,,RPPOMLQLJHGGFBG77CC
頭城鎮,土地,頂埔段417地號,190.51,,鄉村區,乙種建築用地,1100114,土地1建物0車位0,,,其他,,,,0.0,0,0,0,有,無,無,15000,79,,0.0,0,含建物未辦保存登記,RPSOMLQLJHGGFBG08CC
宜蘭市,建物,宜蘭縣宜蘭市力新路51之3號3樓,0.0,商,,,1100119,土地0建物1車位0,三層,5,公寓(5樓含以下無電梯),住家用,鋼筋混凝土造,0820823,106.33,2,1,2,有,無,有,12300,116,,0.0,0,,RPPNMLTLJHGGFBG97CC
宜蘭市,建物,宜蘭縣宜蘭市宜中路90號6樓,0.0,住,,,1100126,土地0建物1車位1,六層,7,華廈(10層含以下有電梯),住家用,鋼筋混凝土造,0810528,227.79,4,2,2,有,無,有,23000,101,一樓平面,0.0,0,,RPQNMLTLJHGGFBG08CC
礁溪鄉,建物,宜蘭縣礁溪鄉德陽路214號二樓之一,0.0,住,,,1100121,土地0建物1車位0,二層,5,套房(1房1廳1衛),住家用,鋼筋混凝土造,0720119,30.42,1,0,1,有,無,有,5500,181,,0.0,0,,RPRNMLTLJHGGFBG18CC
羅東鎮,房地(土地+建物),宜蘭縣羅東鎮純精路二段16號202室,52.96,商,,,1100131,土地0建物0車位0,全,3,透天厝,見其他登記事項,鋼筋混凝土造,1020605,52.96,5,2,6,有,無,有,5000,94,,0.0,0,,RPVNMLLJKHGGFAG57CC
羅東鎮,建物,宜蘭縣羅東鎮站東路170巷3號3-4,17.65,住,,,1100201,土地0建物0車位0,三層,3,套房(1房1廳1衛),住家用,鋼筋混凝土造,1030402,37.7,1,1,1,有,無,有,7500,199,,0.0,0,,RPPOMLMJKHGGFAG17CC
羅東鎮,房地(土地+建物),宜蘭縣羅東鎮純精路三段466號2F,26.48,商,,,1100131,土地0建物0車位0,全,3,透天厝,見其他登記事項,鋼筋混凝土造,1020605,26.48,1,0,0,有,無,無,5000,189,,0.0,0,,RPQNMLNJKHGGFAG27CC
五結鄉,建物,宜蘭縣五結鄉季新村季水路清水一巷1弄9號,0.0,,鄉村區,乙種建築用地,1100125,土地1建物0車位0,見其他登記事項,2,公寓(5樓含以下無電梯),鄉村住宅.國民住宅,鋼筋混凝土造,0870602,150.08,3,2,2,有,無,無,11700,78,,0.0,0,,RPXOMLNJKHGGFAG08CC
冬山鄉,建物,宜蘭縣冬山鄉永安路465巷41號,0.0,住,,,1100129,土地0建物1車位0,全,2,透天厝,住家用,鋼筋混凝土加強磚造,0741101,112.62,3,2,2,有,無,有,10000,89,,0.0,0,,RPOPMLNJKHGGFAG27CC
頭城鎮,建物,宜蘭縣頭城鎮青雲路三段331號,0.0,其他,,,1100129,土地0建物2車位0,全,3,透天厝,住家用,鋼筋混凝土加強磚造,0711027,388.85,4,4,7,有,無,有,40000,103,,0.0,0,,RPWNMLPJKHGGFBG18CC
五結鄉,土地,五結段988-6地號,178.0,住,,,1100205,土地1建物0車位0,,,其他,,,,0.0,0,0,0,有,無,有,30000,169,,0.0,0,含增建或未登記建物。；建物尚未保存登記。使用執照號碼110121建管使字第00053號,RPTNMLSJKHGGFAG08CC
五結鄉,建物,宜蘭縣五結鄉大吉五路160巷1號,0.0,,一般農業區,甲種建築用地,1100205,土地0建物1車位0,一層,5,華廈(10層含以下有電梯),住家用,鋼筋混凝土造,0840321,105.31,3,2,2,有,有,有,12100,115,,0.0,0,,RPVNMLSJKHGGFAG28CC
羅東鎮,房地(土地+建物),宜蘭縣羅東鎮中山路二段362號,68.45,其他,,,1100214,土地1建物1車位0,見其他登記事項,1,店面(店鋪),住家用,磚造,0530105,47.5,3,2,1,有,無,無,12400,261,,0.0,0,,RPPOMLRKKHGGFAG77CC
頭城鎮,建物,宜蘭縣頭城鎮朝陽路1號3樓之11,0.0,住,,,1100130,土地0建物1車位0,三層,29,住宅大樓(11層含以上有電梯),見其他登記事項,鋼骨鋼筋混凝土造,1061221,44.0,1,1,1,有,有,有,14000,318,,0.0,0,,RPSOMLSKKHGGFBG28CC
冬山鄉,房地(土地+建物),宜蘭縣冬山鄉廣興路326巷2號4F,25.99,,特定農業區,甲種建築用地,1100205,土地1建物1車位0,二層,5,華廈(10層含以下有電梯),住家用,鋼筋混凝土造,0860819,101.57,2,1,2,有,無,無,4800,47,,0.0,0,,RPPNMLMLKHGGFAG27CC
羅東鎮,房地(土地+建物),宜蘭縣羅東鎮義和巷1號4樓,26.8,商,,,1100221,土地1建物1車位0,四層,5,公寓(5樓含以下無電梯),住家用,鋼筋混凝土造,0830521,98.49,3,2,2,有,無,無,9500,96,,0.0,0,,RPSNMLNLKHGGFAG67CC
宜蘭市,建物,宜蘭縣宜蘭市民族路320號二樓,0.0,住,,,1100213,土地0建物1車位0,二層,7,華廈(10層含以下有電梯),住家用,鋼筋混凝土造,0830316,121.89,3,2,2,有,無,有,11000,90,,0.0,0,,RPRNMLNLKHGGFBG67CC
宜蘭市,建物,宜蘭縣宜蘭市民族路382號,4067.87,住,,,1100205,土地0建物1車位0,一層,14,住宅大樓(11層含以上有電梯),商業用,鋼筋混凝土造,0820921,167.54,0,0,1,有,無,有,34000,203,,0.0,0,,RPWNMLOLKHGGFBG28CC
羅東鎮,房地(土地+建物),宜蘭縣羅東鎮中正北路32號6樓之15,5.13,商,,,1100223,土地1建物1車位0,六層,10,辦公商業大樓,見其他登記事項,鋼筋混凝土造,0861211,29.28,1,1,1,有,有,有,7000,239,,0.0,0,,RPQNMLOLKHGGFAG57CC
羅東鎮,建物,宜蘭縣羅東鎮中正路192號,58.0,商,,,1100225,土地0建物1車位0,全,5,透天厝,住商用,鋼筋混凝土造,0691230,49.18,0,0,0,無,無,有,19000,386,,0.0,0,1.貳樓以上租賃期間供承租方無償使用。2.110/2/25-110/3/31為免租金整理期。,RPXNMLQLKHGGFAG48CC
五結鄉,土地,五結段988-7地號,275.5,住,,,1100224,土地1建物0車位0,,,其他,,,,0.0,0,0,0,有,無,有,33000,120,,0.0,0,含增建或未登記建物。；,RPOOMLQLKHGGFAG67CC
蘇澳鎮,建物,宜蘭縣蘇澳鎮中山路151號1樓,152.24,商,,,1100226,土地0建物1車位0,全,2,透天厝,住家用,鋼筋混凝土加強磚造,0760724,199.76,0,0,0,無,無,有,32000,160,,0.0,0,1110/2/26-110/3/31為免租金整理期，出租人同意不另向承租人收取租金。2出租建築物正面1至3樓以及3樓右邊外供承租方廣告施作使用。,RPQOMLMJLHGGFAG37CC
宜蘭市,建物,宜蘭縣宜蘭市宜中路98號,0.0,住,,,1100301,土地0建物1車位0,一層,7,店面(店鋪),住家用,鋼筋混凝土造,0810528,149.07,0,0,0,無,無,有,42000,282,,0.0,0,含營業設備。；,RPRNMLMJLHGGFBG57DC
宜蘭市,建物,宜蘭縣宜蘭市民權路二段73號,0.0,住,,,1100226,土地0建物1車位0,一層,5,華廈(10層含以下有電梯),住家用,鋼筋混凝土造,0860103,105.64,3,2,2,有,無,有,13000,123,,0.0,0,,RPTNMLNJLHGGFBG77CC
礁溪鄉,建物,宜蘭縣礁溪鄉化龍街22號4樓之3,0.0,住,,,1100223,土地0建物1車位0,四層,7,華廈(10層含以下有電梯),住家用,鋼筋混凝土造,0840904,51.53,1,1,1,有,有,有,12000,233,,0.0,0,,RPSNMLPJLHGGFBG87CC
壯圍鄉,建物,宜蘭縣壯圍鄉莊敬路16之2號,0.0,住,,,1100303,土地0建物1車位0,全,3,透天厝,見其他登記事項,鋼筋混凝土造,1071107,153.2,4,2,3,有,無,有,17000,111,,0.0,0,,RPWNMLPJLHGGFBG28CC
蘇澳鎮,建物,宜蘭縣蘇澳鎮蘇東路6之3號5樓,0.0,商,,,1100303,土地0建物1車位0,五層,5,公寓(5樓含以下無電梯),住家用,鋼筋混凝土造,0780307,149.84,3,2,2,有,無,有,8000,53,,0.0,0,,RPUNMLPJLHGGFAG97CC
羅東鎮,建物,宜蘭縣羅東鎮振泰街40之1號,0.0,商,,,1100228,土地0建物1車位0,一層,3,店面(店鋪),住商用,鋼筋混凝土加強磚造,,76.81,0,0,1,有,無,無,26000,338,,0.0,0,,RPXNMLPJLHGGFAG28CC
五結鄉,房地(土地+建物),宜蘭縣五結鄉五結路三段373號,392.0,工,,,1100305,土地1建物1車位0,全,4,透天厝,工業用,見其他登記事項,0700302,295.94,0,0,5,有,無,有,100000,338,,0.0,0,,RPOOMLPJLHGGFAG47CC
羅東鎮,房地(土地+建物),宜蘭縣羅東鎮培英路61巷17號2樓,27.54,住,,,1100306,土地1建物1車位0,二層,5,華廈(10層含以下有電梯),住家用,鋼筋混凝土造,0811221,93.28,3,2,2,有,有,有,12500,134,,0.0,0,,RPTNMLSJLHGGFAG18CC
羅東鎮,房地(土地+建物),宜蘭縣羅東鎮純精路三段162-2號5樓,13.49,住,,,1100305,土地2建物1車位0,五層,13,住宅大樓(11層含以上有電梯),住家用,鋼筋混凝土造,0851109,105.72,4,2,2,有,有,有,13000,123,,0.0,0,含增建或未登記建物。；增建部分為夾層。設備項目如下：冷氣機2台、流理臺1件、瓦斯爐1台、熱水器1台。,RPUNMLSJLHGGFAG28CC
五結鄉,土地,五結段988-5地號,180.0,住,,,1100308,土地1建物0車位0,,,其他,,,,0.0,0,0,0,有,無,有,30000,167,,0.0,0,含增建或未登記建物。；,RPRNMLTJLHGGFAG08CC
