﻿鄉鎮市區,交易標的,土地位置建物門牌,土地移轉總面積平方公尺,都市土地使用分區,非都市土地使用分區,非都市土地使用編定,交易年月日,交易筆棟數,移轉層次,總樓層數,建物型態,主要用途,主要建材,建築完成年月,建物移轉總面積平方公尺,建物現況格局-房,建物現況格局-廳,建物現況格局-衛,建物現況格局-隔間,有無管理組織,總價元,單價元平方公尺,車位類別,車位移轉總面積平方公尺,車位總價元,備註,編號
The villages and towns urban district,transaction sign,land sector position building sector house number plate,land shifting total area square meter,the use zoning or compiles and checks,the non-metropolis land use district,non-metropolis land use,transaction year month and day,transaction pen number,shifting level,total floor number,building state,main use,main building materials,construction to complete the years,building shifting total area,Building present situation pattern - room,building present situation pattern - hall,building present situation pattern - health,building present situation pattern - compartmented,Whether there is manages the organization,total price NTD,the unit price (NTD / square meter),the berth category,berth shifting total area square meter,the berth total price NTD,the note,serial number
壯圍鄉,房地(土地+建物),宜蘭縣壯圍鄉吉祥一段412-36地號A1戶,92.85,農,,,1080115,土地3建物1車位0,全,3,透天厝,住家用,鋼筋混凝土造,,161.38,4,2,3,有,無,8130000,50378,,0.0,0,,RPQPMLTKJHGGFBG28EB
壯圍鄉,房地(土地+建物),宜蘭縣壯圍鄉吉祥一段412-35地號等A2戶,90.09,農,,,1080117,土地3建物1車位0,全,3,透天厝,住家用,鋼筋混凝土造,,158.77,4,2,3,有,無,8300000,52277,,0.0,0,,RPSPMLTKJHGGFBG48EB
壯圍鄉,房地(土地+建物),宜蘭縣壯圍鄉吉祥一段412-34地號等A3戶,90.09,農,,,1080126,土地3建物1車位0,全,3,透天厝,住家用,鋼筋混凝土造,,158.77,4,2,3,有,無,8280000,52151,,0.0,0,,RPTPMLTKJHGGFBG58EB
壯圍鄉,房地(土地+建物),宜蘭縣壯圍鄉吉祥一段412-33地號等A5戶,90.09,農,,,1080112,土地3建物1車位0,全,3,透天厝,住家用,鋼筋混凝土造,,158.77,4,2,3,有,無,8230000,51836,,0.0,0,,RPVPMLTKJHGGFBG78EB
壯圍鄉,房地(土地+建物),宜蘭縣壯圍鄉吉祥一段412-32地號等A6戶,90.09,農,,,1080112,土地3建物1車位0,全,3,透天厝,住家用,鋼筋混凝土造,,158.77,4,2,3,有,無,8000000,50387,,0.0,0,,RPWPMLTKJHGGFBG88EB
壯圍鄉,房地(土地+建物),宜蘭縣壯圍鄉吉祥一段412-31地號等A7戶,90.09,農,,,1080403,土地3建物1車位0,全,3,透天厝,住家用,鋼筋混凝土造,,158.77,4,2,3,有,無,8200000,51647,,0.0,0,,RPPNMLKLJHGGFBG17EB
壯圍鄉,房地(土地+建物),宜蘭縣壯圍鄉吉祥一段412-30地號等A8戶,90.09,農,,,1080314,土地3建物1車位0,全,3,透天厝,住家用,鋼筋混凝土造,,158.77,4,2,3,有,無,7930000,49946,,0.0,0,,RPQNMLKLJHGGFBG27EB
壯圍鄉,房地(土地+建物),宜蘭縣壯圍鄉吉祥一段412-29地號等A9戶,90.09,農,,,1080301,土地3建物1車位0,全,3,透天厝,住家用,鋼筋混凝土造,,158.77,4,2,3,有,無,8100000,51017,,0.0,0,,RPRNMLKLJHGGFBG37EB
壯圍鄉,房地(土地+建物),宜蘭縣壯圍鄉吉祥一段412地號等B1戶,92.85,農,,,1080112,土地3建物1車位0,全,3,透天厝,住家用,鋼筋混凝土造,,161.45,4,2,3,有,無,8100000,50170,,0.0,0,,RPVNMLKLJHGGFBG77EB
壯圍鄉,房地(土地+建物),宜蘭縣壯圍鄉吉祥一段412-2地號等B2戶,90.08,農,,,1080119,土地3建物1車位0,全,3,透天厝,住家用,鋼筋混凝土造,,158.77,4,2,3,有,無,8280000,52151,,0.0,0,,RPPOMLKLJHGGFBG27EB
壯圍鄉,房地(土地+建物),宜蘭縣壯圍鄉吉祥一段412-3地號等B3戶,90.08,農,,,1080227,土地3建物1車位0,全,3,透天厝,住家用,鋼筋混凝土造,,158.77,4,2,3,有,無,7900000,49758,,0.0,0,,RPQOMLKLJHGGFBG37EB
壯圍鄉,房地(土地+建物),宜蘭縣壯圍鄉吉祥一段412-4地號等B5戶,90.08,農,,,1080227,土地3建物1車位0,全,3,透天厝,住家用,鋼筋混凝土造,,158.77,4,2,3,有,無,8280000,52151,,0.0,0,,RPROMLKLJHGGFBG47EB
壯圍鄉,房地(土地+建物),宜蘭縣壯圍鄉吉祥一段412-5地號等B6戶,90.08,農,,,1080227,土地3建物1車位0,全,3,透天厝,住家用,鋼筋混凝土造,,158.77,4,2,3,有,無,8180000,51521,,0.0,0,,RPPPMLKLJHGGFBG37EB
壯圍鄉,房地(土地+建物),宜蘭縣壯圍鄉吉祥一段412-6地號等B7戶,90.08,農,,,1080403,土地3建物1車位0,全,3,透天厝,住家用,鋼筋混凝土造,,158.77,4,2,3,有,無,8150000,51332,,0.0,0,,RPXPMLKLJHGGFBG18EB
壯圍鄉,房地(土地+建物),宜蘭縣壯圍鄉吉祥一段412-7地號等B8戶,90.09,農,,,1080429,土地3建物1車位0,全,3,透天厝,住家用,鋼筋混凝土造,,158.77,4,2,3,有,無,8230000,51836,,0.0,0,,RPOQMLKLJHGGFBG37EB
壯圍鄉,房地(土地+建物),宜蘭縣壯圍鄉吉祥一段412-8地號等B9戶,90.09,農,,,1080111,土地3建物1車位0,全,3,透天厝,住家用,鋼筋混凝土造,,158.77,4,2,3,有,無,8000000,50387,,0.0,0,,RPRNMLLLJHGGFBG47EB
壯圍鄉,房地(土地+建物),宜蘭縣壯圍鄉吉祥一段412-9地號等B10戶,93.04,農,,,1080108,土地3建物1車位0,全,3,透天厝,住家用,鋼筋混凝土造,,161.53,4,2,3,有,無,7880000,48784,,0.0,0,,RPSNMLLLJHGGFBG57EB
壯圍鄉,房地(土地+建物),宜蘭縣壯圍鄉吉祥一段412-28地號等A10戶,93.04,農,,,1080115,土地3建物1車位0,全,3,透天厝,住家用,鋼筋混凝土造,,161.44,4,2,3,有,無,8080000,50050,,0.0,0,,RPQOMLMLJHGGFBG57EB
三星鄉,房地(土地+建物),宜蘭縣三星鄉大德新路182巷1號,149.76,,特定農業區,甲種建築用地,1100224,土地3建物1車位0,全,3,透天厝,住家用,鋼筋混凝土造,,167.97,3,2,3,有,無,8500000,50604,,0.0,0,,RPTNMLKKLHGGFAG37CB
三星鄉,房地(土地+建物),宜蘭縣三星鄉大德新路192號,86.8,,特定農業區,甲種建築用地,1100131,土地1建物1車位0,全,3,透天厝,住家用,鋼筋混凝土造,,159.6,3,2,3,有,無,7580000,47494,,0.0,0,,RPVNMLKKLHGGFAG57CB
三星鄉,房地(土地+建物),宜蘭縣三星鄉大德新路182巷3號,150.12,,特定農業區,甲種建築用地,1100112,土地3建物1車位0,全,3,透天厝,住家用,鋼筋混凝土造,,165.22,3,2,3,有,無,8580000,51931,,0.0,0,,RPWNMLKKLHGGFAG67CB
三星鄉,房地(土地+建物),宜蘭縣三星鄉大德新路186號,112.11,,特定農業區,甲種建築用地,1091225,土地1建物1車位0,全,3,透天厝,住家用,鋼筋混凝土造,,196.96,3,2,3,有,無,8580000,43562,,0.0,0,,RPXNMLKKLHGGFAG77CB
三星鄉,房地(土地+建物),宜蘭縣三星鄉大德新路188號,86.81,,特定農業區,甲種建築用地,1091228,土地1建物1車位0,全,3,透天厝,住家用,鋼筋混凝土造,,159.6,3,2,3,有,無,7580000,47494,,0.0,0,,RPOOMLKKLHGGFAG96CB
三星鄉,房地(土地+建物),宜蘭縣三星鄉大德新路190號,86.81,,特定農業區,甲種建築用地,1091215,土地1建物1車位0,全,3,透天厝,住家用,鋼筋混凝土造,,159.6,3,2,3,有,無,7420000,46491,,0.0,0,,RPPOMLKKLHGGFAG07CB
三星鄉,房地(土地+建物),宜蘭縣三星鄉大德新路196號,91.33,,特定農業區,甲種建築用地,1091216,土地1建物1車位0,全,3,透天厝,住家用,鋼筋混凝土造,,159.6,3,2,3,有,無,7380000,46241,,0.0,0,,RPQOMLKKLHGGFAG17CB
三星鄉,房地(土地+建物),宜蘭縣三星鄉大德新路198號,94.5,,特定農業區,甲種建築用地,1091216,土地1建物1車位0,全,3,透天厝,住家用,鋼筋混凝土造,,159.6,3,2,3,有,無,7580000,47494,,0.0,0,,RPSOMLKKLHGGFAG37CB
三星鄉,房地(土地+建物),宜蘭縣三星鄉大德新路200號,94.5,,特定農業區,甲種建築用地,1091221,土地1建物1車位0,全,3,透天厝,住家用,鋼筋混凝土造,,159.6,3,2,3,有,無,7580000,47494,,0.0,0,,RPTOMLKKLHGGFAG47CB
三星鄉,房地(土地+建物),宜蘭縣三星鄉大德新路202號,94.5,,特定農業區,甲種建築用地,1091226,土地1建物1車位0,全,3,透天厝,住家用,鋼筋混凝土造,,159.6,3,2,3,有,無,7580000,47494,,0.0,0,,RPUOMLKKLHGGFAG57CB
三星鄉,房地(土地+建物),宜蘭縣三星鄉大德新路206號,121.17,,特定農業區,甲種建築用地,1091215,土地1建物1車位0,全,3,透天厝,住家用,鋼筋混凝土造,,203.05,3,2,3,有,無,9080000,44718,,0.0,0,,RPVOMLKKLHGGFAG67CB
三星鄉,房地(土地+建物),宜蘭縣三星鄉大德新路182巷5號,150.12,,特定農業區,甲種建築用地,1091225,土地3建物1車位0,全,3,透天厝,住家用,鋼筋混凝土造,,165.22,3,2,3,有,無,8300000,50236,,0.0,0,,RPWOMLKKLHGGFAG77CB
三星鄉,房地(土地+建物),宜蘭縣三星鄉大德新路182巷7號,192.78,,特定農業區,甲種建築用地,1091226,土地2建物1車位0,全,3,透天厝,住家用,鋼筋混凝土造,,216.45,3,2,3,有,無,10580000,48880,,0.0,0,,RPXOMLKKLHGGFAG87CB
