﻿鄉鎮市區,交易標的,土地位置建物門牌,土地面積平方公尺,都市土地使用分區,非都市土地使用分區,非都市土地使用編定,租賃年月日,租賃筆棟數,租賃層次,總樓層數,建物型態,主要用途,主要建材,建築完成年月,建物總面積平方公尺,建物現況格局-房,建物現況格局-廳,建物現況格局-衛,建物現況格局-隔間,有無管理組織,有無附傢俱,總額元,單價元平方公尺,車位類別,車位面積平方公尺,車位總額元,備註,編號
The villages and towns urban district,transaction sign,land sector position building sector house number plate,land shifting total area square meter,the use zoning or compiles and checks,the non-metropolis land use district,non-metropolis land use,transaction year month and day,transaction pen number,shifting level,total floor number,building state,main use,main building materials,construction to complete the years,building shifting total area,Building present situation pattern - room,building present situation pattern - hall,building present situation pattern - health,building present situation pattern - compartmented,Whether there is manages the organization,Whether there is attaches the furniture,total price NTD,the unit price (NTD / square meter),the berth category,berth shifting total area square meter,the berth total price NTD,the note,serial number
新竹市,建物,新竹市新竹市經國路三段92巷32號,0.0,住,,,1091118,土地1建物0車位0,見其他登記事項,15,店面(店鋪),店舖,鋼筋混凝土造,0990809,53.03,0,0,0,無,有,無,15000,283,,0.0,0,,RPUPMLLKKIPFFAO86CC
新竹市,建物,新竹市新竹市經國路三段92巷30號,0.0,住,,,1091118,土地1建物0車位0,見其他登記事項,15,店面(店鋪),店舖,鋼筋混凝土造,0990809,62.69,0,0,0,無,無,無,10000,160,,0.0,0,,RPXPMLLKKIPFFAO17CC
新竹市,房地(土地+建物),新竹市新竹市北區湳雅街147巷45弄10號,83.0,住,,,1091114,土地1建物0車位0,全,2,透天厝,住家用,加強磚造,0701226,148.05,4,2,2,有,無,無,21000,142,,0.0,0,,RPWNMLQKKIPFFAO57EC
新竹市,建物,新竹市新竹市北區境福路85號4樓之11,0.0,住,,,1091122,土地0建物1車位0,四層,7,套房(1房1廳1衛),見其他登記事項,鋼筋混凝土造,0960625,38.64,1,0,1,有,有,有,10000,259,,0.0,0,租金含管理費1000元,RPOOMLQKKIPFFAO86EC
新竹市,建物,新竹市新竹市仁愛路18巷8號,80.0,住,,,1091201,土地0建物1車位0,全,4,透天厝,見其他登記事項,鋼筋混凝土造,0971222,46.66,1,0,1,有,無,有,19000,407,,0.0,0,,RPSQMLRKKIPFFAO47DC
新竹市,建物,新竹市新竹市振興路42號3樓,0.0,住,,,1091128,土地0建物1車位0,三層,5,公寓(5樓含以下無電梯),住家用,鋼筋混凝土造,0840818,87.83,3,2,2,有,無,有,13000,148,,0.0,0,,RPQPMLRKKIPFFAO07CC
新竹市,建物,新竹市新竹市東區振興路88號7樓,0.0,住,,,1091216,土地0建物1車位0,七層,7,華廈(10層含以下有電梯),住家用,鋼筋混凝土造,0820927,100.9,3,2,2,有,有,有,16000,159,,0.0,0,,RPPOMLSKKIPFFAO96CC
新竹市,房地(土地+建物),新竹市新竹市中華路四段14、16號,402.0,住,,,1091203,土地1建物0車位0,見其他登記事項,2,廠辦,住家用,加強磚造,,167.75,2,0,1,有,無,無,135000,805,,0.0,0,,RPRQMLSKKIPFFAO47DC
新竹市,建物,新竹市新竹市水源街７３之２號,0.0,其他,,,1091130,土地1建物0車位0,見其他登記事項,11,店面(店鋪),店舖,鋼筋混凝土造,1081121,128.35,0,0,0,無,有,無,60000,467,,0.0,0,含增建或未登記建物。；含稅。,RPQPMLMLKIPFFAO66CC
新竹市,建物,新竹市新竹市武陵路７３巷１１號四樓,0.0,住,,,1091130,土地0建物1車位1,四層,10,華廈(10層含以下有電梯),見其他登記事項,鋼筋混凝土造,0930210,193.0,4,2,2,有,有,有,15000,78,坡道平面,0.0,0,租金含管理費。車位面積無法分算。,RPSPMLMLKIPFFAO86CC
新竹市,建物,新竹市新竹市五福路二段616巷30號,0.0,,山坡地保育區,丙種建築用地,1091217,土地0建物0車位0,二層,4,套房(1房1廳1衛),住家用,鋼筋混凝土造,0870615,16.6,1,0,1,有,無,有,4000,241,,0.0,0,此為分租套房，本租賃層共分成5間。房號202室,RPTOMLNLKIPFFAO96CC
新竹市,建物,新竹市新竹市五福路二段616巷30號,0.0,,山坡地保育區,丙種建築用地,1091217,土地0建物0車位0,二層,4,套房(1房1廳1衛),住家用,鋼筋混凝土造,0870615,16.6,1,0,1,有,無,有,4000,241,,0.0,0,此為分租套房，本租賃層共分成5間。房號203室,RPVOMLNLKIPFFAO17CC
新竹市,建物,新竹市新竹市五福路二段616巷30號,0.0,,山坡地保育區,丙種建築用地,1091217,土地0建物0車位0,二層,4,套房(1房1廳1衛),住家用,鋼筋混凝土造,0870615,16.6,1,0,1,有,無,有,4000,241,,0.0,0,此為分租套房，本租賃層共分成5間。房號205室,RPOPMLNLKIPFFAO56CC
新竹市,土地,東明段746地號,41.0,住,,,1091218,土地1建物0車位0,,,其他,,,,0.0,4,0,0,有,無,有,16200,395,,0.0,0,續租。；未登記建物,RPSPMLNLKIPFFAO96CC
新竹市,建物,新竹市新竹市食品路407號4樓,0.0,住,,,1091218,土地0建物1車位0,四層,5,公寓(5樓含以下無電梯),住家用,鋼筋混凝土造,0711021,91.53,3,2,1,有,無,有,11000,120,,0.0,0,續租。；,RPTPMLNLKIPFFAO07CC
新竹市,房地(土地+建物)+車位,新竹市新竹市關新北路8號15樓之1,45.49,住,,,1091228,土地1建物1車位1,十五層,23,住宅大樓(11層含以上有電梯),見其他登記事項,鋼筋混凝土造,1031031,154.05,4,2,2,有,有,有,55000,357,坡道平面,0.0,0,含管理費、稅金或水電等費用。；,RPVOMLSLKIPFFAO67CC
新竹市,建物,新竹市新竹市中山路312巷7號,0.0,住,,,1091130,土地0建物1車位0,一層,4,公寓(5樓含以下無電梯),住家用,鋼筋混凝土造,0660921,65.96,2,1,1,有,無,有,13000,197,,0.0,0,,RPPPMLSLKIPFFAO37EC
新竹市,房地(土地+建物)+車位,新竹市新竹市慈濟路215號十五樓之2,12.38,其他,,,1091223,土地1建物1車位1,十五層,21,住宅大樓(11層含以上有電梯),見其他登記事項,鋼筋混凝土造,1090512,121.32,2,2,1,有,無,有,25000,206,坡道平面,43.21,0,,RPOPMLKMKIPFFAO09DC
新竹市,建物,新竹市新竹市光華南街55號4樓之3,0.0,住,,,1091203,土地0建物1車位0,四層,7,套房(1房1廳1衛),住家用,鋼筋混凝土造,,21.59,1,0,1,有,有,有,5000,232,,0.0,0,租金含管理費750元,RPUOMLKMKIPFFAO86CC
新竹市,建物,新竹市新竹市中華路二段508號10樓之2,0.0,商,,,1091220,土地0建物1車位0,十層,11,套房(1房1廳1衛),商業用,鋼筋混凝土造,0851105,38.9,1,0,1,有,有,有,8500,219,,0.0,0,租金含管理費750元,RPVOMLKMKIPFFAO96CC
新竹市,建物,新竹市新竹市中華路一段384巷6弄6號3樓,0.0,住,,,1091222,土地0建物1車位0,三層,5,公寓(5樓含以下無電梯),住家用,鋼筋混凝土造,0771108,90.85,3,2,2,有,無,有,14000,154,,0.0,0,,RPWOMLKMKIPFFAO07CC
新竹市,建物,新竹市新竹市武陵西三路16號5樓,0.0,住,,,1091227,土地0建物1車位0,五層,5,公寓(5樓含以下無電梯),住家用,鋼筋混凝土造,0720413,88.2,3,2,2,有,無,有,10000,113,,0.0,0,,RPXOMLKMKIPFFAO17CC
新竹市,建物,新竹市新竹市牛埔路１６０巷２號三樓,0.0,住,,,1091216,土地0建物1車位0,三層,7,華廈(10層含以下有電梯),住家用,鋼筋混凝土造,0811014,112.03,3,2,2,有,有,有,16000,143,,0.0,0,,RPTPMLKMKIPFFAO86CC
新竹市,建物,新竹市新竹市石坊街55號4樓,0.0,商,,,1091202,土地0建物1車位0,四層,5,公寓(5樓含以下無電梯),見其他登記事項,鋼筋混凝土造,1080918,120.97999999999999,3,2,2,有,無,有,18000,149,,0.0,0,,RPRPMLLMKIPFFAO76CC
新竹市,建物,新竹市新竹市北大路92巷18之2號5樓,0.0,其他,,,1091230,土地0建物1車位0,五層,5,公寓(5樓含以下無電梯),住家用,鋼筋混凝土造,,97.34,3,2,1,有,無,有,10000,103,,0.0,0,,RPVPMLLMKIPFFAO17CC
新竹市,建物,新竹市新竹市世界街94號三樓,0.0,住,,,1091230,土地0建物1車位0,三層,3,公寓(5樓含以下無電梯),住家用,鋼筋混凝土造,,62.22,3,2,1,有,無,有,8000,129,,0.0,0,,RPWPMLLMKIPFFAO27CC
新竹市,房地(土地+建物),新竹市新竹市香檳一街42號,262.44,,山坡地保育區,丙種建築用地,1091230,土地1建物1車位0,全,1,透天厝,住家用,加強磚造,,94.5,4,2,2,有,無,有,15000,159,,0.0,0,,RPXPMLLMKIPFFAO37CC
新竹市,建物,新竹市新竹市牛埔路363號,0.0,住,,,1091229,土地0建物0車位0,全,4,透天厝,住商用,鋼筋混凝土造,,47.85,2,1,1,有,無,有,8000,167,,0.0,0,,RPOQMLLMKIPFFAO56CC
新竹市,建物,新竹市新竹市林森路154號3樓,0.0,商,,,1091230,土地0建物1車位0,三層,4,公寓(5樓含以下無電梯),住家用,鋼筋混凝土造,,77.35,2,1,1,有,無,有,10000,129,,0.0,0,,RPRQMLPJJHGGFAO58CC
新竹市,建物,新竹市新竹市園後街67巷9號,0.0,住,,,1091231,土地0建物1車位0,一層,5,公寓(5樓含以下無電梯),住商用,鋼筋混凝土造,0781007,120.88,3,2,2,有,無,有,16000,132,,0.0,0,,RPSQMLPJJHGGFAO68CC
新竹市,建物,新竹市新竹市經國路二段111號四樓之14,0.0,商,,,1091231,土地0建物1車位0,四層,12,套房(1房1廳1衛),見其他登記事項,鋼筋混凝土造,0860715,42.5,1,0,1,有,有,有,8000,188,,0.0,0,,RPTQMLPJJHGGFAO78CC
新竹市,建物,新竹市新竹市明湖路６４８巷８１號,0.0,,山坡地保育區,丙種建築用地,1091213,土地0建物1車位0,一層,7,華廈(10層含以下有電梯),住家用,鋼筋混凝土造,0800119,52.300000000000004,2,1,1,有,有,有,9750,186,,0.0,0,租金含管理費。,RPRRMLQJJHGGFAO78CC
新竹市,建物,新竹市新竹市光復路一段476巷20號7樓,0.0,住,,,1100104,土地0建物1車位0,七層,13,住宅大樓(11層含以上有電梯),住家用,鋼筋混凝土造,0840925,87.92,3,2,2,有,有,有,16200,184,,0.0,0,續租。；,RPSOMLRJJHGGFAO68CC
新竹市,建物,新竹市新竹市東大路二段156號5樓之1,0.0,住,,,1100105,土地0建物0車位0,五層,12,辦公商業大樓,見其他登記事項,見其他登記事項,0961217,78.5,1,0,2,有,無,無,20000,255,,0.0,0,本租賃標的未計入共有部分之分算面積,RPSOMLSJJHGGFAO78CC
新竹市,建物,新竹市新竹市東大路二段156號6樓之1,0.0,住,,,1100105,土地0建物0車位0,六層,12,辦公商業大樓,見其他登記事項,見其他登記事項,0961217,78.5,1,0,2,有,無,無,20000,255,,0.0,0,本租賃標的未計入共有部分之分算面積,RPTOMLSJJHGGFAO88CC
新竹市,建物,新竹市新竹市光復路二段2巷49之3號3樓,0.0,工,,,1091215,土地0建物1車位3,三層,5,廠辦,工業用,鋼筋混凝土造,0880416,380.1,0,0,0,無,有,無,86235,227,坡道平面,0.0,7875,,RPPNMLTJJHGGFAO48CC
新竹市,建物,新竹市新竹市東區北大路92巷36弄3號3樓,0.0,住,,,1091225,土地0建物1車位0,三層,5,公寓(5樓含以下無電梯),住家用,鋼筋混凝土造,,91.78999999999999,3,2,1,有,無,有,15000,163,,0.0,0,,RPWNMLLKJHGGFAO48CC
新竹市,建物,新竹市新竹市石坊街55號3樓,0.0,商,,,1091216,土地0建物1車位0,三層,5,公寓(5樓含以下無電梯),見其他登記事項,鋼筋混凝土造,1080918,120.88,3,2,2,有,無,有,18000,149,,0.0,0,,RPWOMLLKJHGGFAO58CC
新竹市,建物,新竹市新竹市振興一街139號5樓之1,0.0,住,,,1091219,土地0建物1車位0,五層,5,套房(1房1廳1衛),住家用,鋼筋混凝土造,0860203,32.91,1,1,1,有,無,有,7000,213,,0.0,0,,RPQPMLLKJHGGFAO08CC
新竹市,房地(土地+建物),新竹市新竹市中華路五段167號,605.68,工,,,1091214,土地1建物0車位0,見其他登記事項,2,廠辦,工廠,鋼骨造,1090116,1622.52,0,0,0,無,無,無,170000,105,,0.0,0,承租用途:口罩生產電梯保養費由承租方支付保養承租方須保火災險,RPURMLLKJHGGFAO68CC
新竹市,建物,新竹市新竹市北區中正路482巷16弄2號4樓,0.0,住,,,1100111,土地0建物1車位1,四層,7,華廈(10層含以下有電梯),住家用,鋼筋混凝土造,0870421,112.58999999999999,3,2,2,有,有,有,15500,138,坡道平面,0.0,0,,RPRUMLMKJHGGFAO78CC
新竹市,建物,新竹市新竹市東區東大路一段52巷1之1號3樓之2,0.0,住,,,1100107,土地0建物1車位0,三層,12,套房(1房1廳1衛),住家用,鋼筋混凝土造,0850830,64.74000000000001,1,0,1,有,有,有,10000,154,,0.0,0,,RPXUMLMKJHGGFAO76CC
新竹市,建物,新竹市新竹市東區慈雲路80號21樓之1,13.62,商,,,1091220,土地0建物1車位1,二十一層,29,住宅大樓(11層含以上有電梯),見其他登記事項,鋼筋混凝土造,1080425,143.52,3,2,2,有,有,有,37000,258,坡道平面,0.0,0,含管理費、稅金或水電等費用。；,RPUOMLNKJHGGFAO58CC
新竹市,建物,新竹市新竹市西大路709巷20號,0.0,住,,,1100112,土地0建物1車位0,一層,5,華廈(10層含以下有電梯),住家用,鋼筋混凝土造,0800726,130.0,3,2,2,有,有,有,16200,125,,0.0,0,,RPXPMLNKJHGGFAO98CC
新竹市,建物,新竹市新竹市光華南街76之2號3樓,0.0,住,,,1100109,土地0建物1車位0,三層,7,華廈(10層含以下有電梯),住家用,鋼筋混凝土造,0820222,104.14999999999999,4,1,5,有,有,有,15000,144,,0.0,0,續租。；,RPQQMLNKJHGGFAO38CC
新竹市,建物,新竹市新竹市建功一路99號5樓之2,0.0,其他,,,1100111,土地0建物1車位0,五層,12,住宅大樓(11層含以上有電梯),見其他登記事項,鋼筋混凝土造,0870410,129.21,3,2,2,有,有,有,16200,125,,0.0,0,續租。；,RPSPMLOKJHGGFAO58CC
新竹市,建物,新竹市新竹市北區凌雲街50號,0.0,住,,,1100113,土地0建物1車位0,一層,11,住宅大樓(11層含以上有電梯),見其他登記事項,鋼筋混凝土造,0980331,189.51999999999998,3,2,2,有,有,有,16200,85,,0.0,0,,RPTPMLPKJHGGFAO78CC
新竹市,建物,新竹市新竹市中央路150號9樓之1,0.0,住,,,1091225,土地0建物1車位1,九層,29,住宅大樓(11層含以上有電梯),見其他登記事項,鋼筋混凝土造,0961101,228.16000000000003,3,2,2,有,有,有,52500,230,坡道平面,27.1,0,,RPTQMLPKJHGGFAO88CC
新竹市,建物,新竹市新竹市宮口街33巷3弄7號5樓,0.0,住,,,1100104,土地0建物1車位0,五層,5,公寓(5樓含以下無電梯),住家用,鋼筋混凝土造,0811029,119.49,3,2,2,有,無,有,10000,84,,0.0,0,,RPQQMLSKJHGGFAO88CC
新竹市,建物,新竹市新竹市林森路275號10樓之9,0.0,商,,,1100110,土地0建物1車位0,十層,17,套房(1房1廳1衛),辦公室,鋼筋混凝土造,0860520,24.8,1,0,1,有,有,有,6000,242,,0.0,0,,RPTQMLSKJHGGFAO56CC
新竹市,建物,新竹市新竹市北大路166巷46號六樓之4,0.0,住,,,1100115,土地0建物1車位0,六層,6,套房(1房1廳1衛),住家用,鋼筋混凝土造,0830323,37.74,1,0,1,有,有,有,8000,212,,0.0,0,,RPVQMLSKJHGGFAO76CC
新竹市,建物,新竹市新竹市花園街56號10樓之3,0.0,商,,,1100115,土地0建物1車位0,十層,12,套房(1房1廳1衛),住家用,鋼筋混凝土造,,36.67,1,0,1,有,有,有,9500,259,,0.0,0,,RPSQMLTKJHGGFAO56CC
新竹市,建物,新竹市新竹市明湖路300號4樓,0.0,住,,,1100119,土地0建物1車位0,四層,5,套房(1房1廳1衛),住家用,鋼筋混凝土造,0800410,64.86,1,1,1,有,無,有,9000,139,,0.0,0,,RPUQMLTKJHGGFAO76CC
新竹市,建物,新竹市新竹市北區東大路二段172巷1弄15號7樓,0.0,住,,,1100118,土地0建物1車位0,七層,10,華廈(10層含以下有電梯),住家用,鋼筋混凝土造,0870615,153.20999999999998,3,2,2,有,有,有,14000,91,,0.0,0,,RPXNMLLLJHGGFAO68CC
新竹市,建物,新竹市新竹市北區湳雅街357之6號2樓,0.0,住,,,1100120,土地0建物1車位0,二層,6,華廈(10層含以下有電梯),住家用,鋼筋混凝土造,0870720,131.3,4,2,2,有,有,有,16200,123,,0.0,0,,RPOOMLLLJHGGFAO87CC
新竹市,建物,新竹市新竹市延平路一段２９１巷６２弄１８號,107.0,,鄉村區,乙種建築用地,1091225,土地1建物2車位0,全,2,透天厝,住家用,加強磚造,0700701,116.24,4,2,2,有,無,無,39732,342,一樓平面,0.0,0,車位位於主建物旁之空地上,RPQOMLLLJHGGFAO08CC
新竹市,建物,新竹市新竹市延平路二段387號四樓之2,0.0,,鄉村區,乙種建築用地,1100120,土地0建物1車位1,四層,8,華廈(10層含以下有電梯),見其他登記事項,鋼筋混凝土造,1080322,131.51,2,2,1,有,有,有,18200,164,坡道平面,32.9,2000,續租。；,RPSPMLLLJHGGFAO38CC
新竹市,建物,新竹市新竹市光復路一段459巷16號,0.0,住,,,1100119,土地0建物1車位0,一層,7,華廈(10層含以下有電梯),辦公室,鋼筋混凝土造,1040422,98.25,3,2,2,有,有,有,16200,165,,0.0,0,,RPTPMLLLJHGGFAO48CC
新竹市,建物,新竹市新竹市東南街５３巷３８號三樓之１,0.0,住,,,1100103,土地0建物1車位1,三層,5,華廈(10層含以下有電梯),見其他登記事項,鋼筋混凝土造,1040701,118.42,3,2,2,有,有,有,20000,169,一樓平面,0.0,0,含增建或未登記建物。；租金含管理費。車位面積無法分算。,RPWQMLMLJHGGFAO98CC
新竹市,建物,新竹市新竹市建功一路５９巷６號十一樓之一,0.0,住,,,1100103,土地0建物1車位0,十一層,12,住宅大樓(11層含以上有電梯),見其他登記事項,鋼筋混凝土造,0890930,140.57,3,2,1,有,有,有,20000,142,,0.0,0,租金含管理費。,RPORMLMLJHGGFAO28CC
新竹市,建物,新竹市新竹市東勢街113號二樓,0.0,住,,,1100121,土地0建物1車位0,二層,3,公寓(5樓含以下無電梯),住家用,鋼筋混凝土造,0711228,103.82000000000001,3,2,2,有,無,有,12000,116,,0.0,0,續租。；,RPROMLQLJHGGFAO68CC
新竹市,建物,新竹市新竹市光復路一段30巷1弄2號5樓之2,0.0,住,,,1100122,土地0建物1車位0,五層,6,華廈(10層含以下有電梯),見使用執照,鋼筋混凝土造,0810414,65.73,2,1,1,有,無,有,15000,228,,0.0,0,,RPSOMLQLJHGGFAO78CC
新竹市,建物,新竹市新竹市北區中山路119號9樓之1,0.0,商,,,1100121,土地0建物1車位0,九層,11,住宅大樓(11層含以上有電梯),見其他登記事項,鋼筋混凝土造,1041215,132.39,3,2,2,有,有,有,16200,122,,0.0,0,,RPPPMLRLJHGGFAO68CC
新竹市,建物,新竹市新竹市東區建新路110巷12弄18號,0.0,住,,,1100122,土地0建物1車位0,一層,4,公寓(5樓含以下無電梯),國民住宅,加強磚造,,75.32,3,2,2,有,無,有,15000,199,,0.0,0,,RPQPMLRLJHGGFAO78CC
新竹市,建物,新竹市新竹市北區光華東街22巷3號2樓,0.0,住,,,1100122,土地0建物1車位0,二層,5,公寓(5樓含以下無電梯),住家用,鋼筋混凝土造,0710225,113.2,3,2,2,有,無,有,13000,115,,0.0,0,,RPRPMLRLJHGGFAO88CC
新竹市,建物,新竹市新竹市香山區牛埔東路113號7樓,0.0,住,,,1100122,土地0建物1車位0,七層,7,華廈(10層含以下有電梯),住家用,鋼筋混凝土造,0821006,111.0,3,2,2,有,有,有,16000,144,,0.0,0,,RPTPMLRLJHGGFAO09CC
新竹市,建物,新竹市新竹市北區武陵路179巷10號12樓之3,0.0,住,,,1100125,土地0建物1車位0,十二層,20,住宅大樓(11層含以上有電梯),見其他登記事項,鋼筋混凝土造,0890501,68.94,2,1,1,有,有,有,14000,203,,0.0,0,,RPOQMLRLJHGGFAO68CC
新竹市,建物,新竹市新竹市五福路二段616巷30號,0.0,,山坡地保育區,丙種建築用地,1100125,土地0建物0車位0,一層,4,套房(1房1廳1衛),住家用,鋼筋混凝土造,0870615,20.75,1,0,1,有,無,有,5000,241,,0.0,0,此為分租套房，本租賃層共分成4間,RPSRMLRLJHGGFAO56CC
新竹市,建物,新竹市新竹市經國路二段111號5樓之11,0.0,住,,,1100126,土地0建物1車位0,五層,12,套房(1房1廳1衛),見其他登記事項,鋼筋混凝土造,0860715,28.66,1,0,1,有,有,有,6000,209,,0.0,0,,RPTRMLRLJHGGFAO66CC
新竹市,建物,新竹市新竹市中華路四段705之12號三樓,0.0,商,,,1100127,土地0建物1車位0,三層,6,套房(1房1廳1衛),見其他登記事項,鋼筋混凝土造,0960630,22.33,1,0,1,有,有,有,4500,202,,0.0,0,,RPVRMLRLJHGGFAO86CC
新竹市,建物,新竹市新竹市中華路6段799巷8弄9號8F-3,0.0,,山坡地保育區,丙種建築用地,1100128,土地0建物1車位0,八層,11,住宅大樓(11層含以上有電梯),住家用,鋼筋混凝土造,,92.02000000000001,2,1,1,有,有,有,12000,130,,0.0,0,續租。；,RPTQMLSLJHGGFAO66CC
新竹市,建物,新竹市新竹市中華路六段799巷12弄9號3樓,0.0,,山坡地保育區,丙種建築用地,1100126,土地1建物0車位0,見其他登記事項,5,公寓(5樓含以下無電梯),住家用,鋼筋混凝土造,0821102,152.54,3,2,2,有,無,無,13000,85,,0.0,0,此為樓中樓,RPORMLSLJHGGFAO88CC
新竹市,建物,新竹市新竹市中華路一段291號五樓之8,0.0,商,,,1100128,土地0建物1車位0,五層,15,住宅大樓(11層含以上有電梯),見其他登記事項,鋼筋混凝土造,1021211,124.35,3,2,2,有,有,有,16200,130,,0.0,0,,RPOQMLTLJHGGFAO88CC
新竹市,建物,新竹市新竹市田美三街34之1號6樓,0.0,住,,,1100128,土地0建物1車位0,六層,7,華廈(10層含以下有電梯),住家用,鋼筋混凝土造,0821117,107.74000000000001,3,2,2,有,有,有,16200,150,,0.0,0,,RPQQMLTLJHGGFAO09CC
新竹市,建物,新竹市新竹市經國路一段379巷18號二樓之8,0.0,商,,,1100128,土地0建物1車位0,二層,8,套房(1房1廳1衛),辦公室,鋼筋混凝土造,1020515,40.94,1,1,1,有,有,有,11500,281,,0.0,0,,RPRQMLTLJHGGFAO56CC
新竹市,建物,新竹市新竹市光復路二段659號四樓之11,0.0,商,,,1100128,土地0建物1車位0,四層,10,套房(1房1廳1衛),見其他登記事項,鋼筋混凝土造,0950519,33.6,1,0,1,有,有,有,9000,268,,0.0,0,,RPSQMLTLJHGGFAO66CC
新竹市,建物,新竹市新竹市中山路312巷13號二樓,0.0,其他,,,1100123,土地0建物1車位0,二層,4,公寓(5樓含以下無電梯),住家用,鋼筋混凝土造,0660921,65.96,2,2,1,有,無,有,12500,190,,0.0,0,,RPPOMLMJKHGGFAO97CC
新竹市,房地(土地+建物),新竹市新竹市士林北街118號,103.19,,鄉村區,乙種建築用地,1091213,土地1建物0車位0,全,5,透天厝,住宅、樓梯間,鋼筋混凝土造,1080624,279.2,5,2,5,有,無,無,39800,143,,0.0,0,雙方約定第三年起租金調整為4萬2千元正.第四年起租金調整為4萬4千元正.,RPVPMLMJKHGGFAO88EC
新竹市,建物,新竹市新竹市四維路９２號地下一樓,0.0,商,,,1100115,土地0建物1車位0,地下一層,12,辦公商業大樓,辦公室,鋼筋混凝土造,0920530,148.06,1,1,1,有,有,無,6000,41,,0.0,0,含管理費、稅金或水電等費用。；,RPXNMLOJKHGGFAO88CC
新竹市,建物,新竹市新竹市經國路二段５３５之１號七樓,0.0,商,,,1100117,土地0建物1車位1,七層,13,住宅大樓(11層含以上有電梯),見其他登記事項,鋼筋混凝土造,0951220,139.88,3,2,2,有,有,有,22000,157,坡道平面,0.0,0,,RPOOMLOJKHGGFAO08CC
新竹市,建物,新竹市新竹市田美三街83號3樓,0.0,住,,,1100123,土地0建物0車位0,三層,5,公寓(5樓含以下無電梯),住家用,鋼筋混凝土造,0740201,25.0,3,2,2,有,有,有,5500,220,,0.0,0,,RPVOMLOJKHGGFAO78CC
新竹市,建物,新竹市新竹市北新街23巷5之3號二樓,0.0,住,,,1100201,土地0建物1車位0,二層,2,公寓(5樓含以下無電梯),住家用,鋼筋混凝土造,,85.25,3,1,1,有,無,有,14200,167,,0.0,0,,RPRPMLOJKHGGFAO48CC
新竹市,建物,新竹市新竹市南大路573之1號6樓之2,0.0,住,,,1100203,土地0建物1車位0,六層,7,華廈(10層含以下有電梯),住家用,鋼筋混凝土造,0850704,101.37,2,2,1,有,有,有,16000,158,,0.0,0,,RPSPMLOJKHGGFAO58CC
新竹市,建物,新竹市新竹市東華路7號四樓之1,0.0,住,,,1100206,土地0建物1車位1,四層,15,住宅大樓(11層含以上有電梯),見其他登記事項,鋼筋混凝土造,1030829,147.61,2,2,1,有,有,有,16870,147,坡道平面,37.43,670,續租。；,RPPTMLTJKHGGFAO56CC
新竹市,建物,新竹市新竹市高峰路124號4樓,0.0,住,,,1100208,土地0建物1車位0,四層,5,公寓(5樓含以下無電梯),住家用,鋼筋混凝土造,,104.61,3,2,2,有,有,有,14300,137,,0.0,0,續租。；,RPQTMLTJKHGGFAO66CC
新竹市,建物,新竹市新竹市民生路10巷3號5樓之1,0.0,商,,,1100208,土地0建物1車位0,五層,7,華廈(10層含以下有電梯),住家用,鋼筋混凝土造,0821211,115.25999999999999,2,2,2,有,有,有,16200,141,,0.0,0,,RPRTMLTJKHGGFAO76CC
新竹市,建物,新竹市新竹市西門街299巷38號2樓,0.0,住,,,1100205,土地0建物1車位0,二層,2,公寓(5樓含以下無電梯),住家用,加強磚造,,54.22,2,1,1,有,無,有,12200,225,,0.0,0,,RPSTMLTJKHGGFAO86CC
新竹市,建物,新竹市新竹市經國路二段111號10樓之15,0.0,住,,,1100208,土地0建物1車位0,十層,12,套房(1房1廳1衛),見其他登記事項,鋼筋混凝土造,0860715,37.81,1,0,1,有,有,有,6800,180,,0.0,0,,RPTTMLTJKHGGFAO96CC
新竹市,建物,新竹市新竹市北區光華二街1號之34,0.0,住,,,1100129,土地0建物1車位0,九層,9,套房(1房1廳1衛),住家用,鋼筋混凝土造,0821104,50.56,1,0,1,有,有,有,6500,129,,0.0,0,,RPPOMLSKKHGGFAO68CC
新竹市,建物,新竹市新竹市香山區牛埔北路187之14號,0.0,,鄉村區,乙種建築用地,1100128,土地0建物1車位0,一層,9,華廈(10層含以下有電梯),住商用,鋼筋混凝土造,0840118,123.12,3,2,2,有,有,有,15000,122,,0.0,0,,RPTOMLSKKHGGFAO09CC
新竹市,建物,新竹市新竹市北區光華二街27巷23號5樓,0.0,住,,,1100129,土地0建物1車位0,五層,5,公寓(5樓含以下無電梯),住家用,鋼筋混凝土造,,87.14999999999999,3,2,2,有,無,有,11000,126,,0.0,0,,RPUOMLSKKHGGFAO56CC
新竹市,建物,新竹市新竹市北區中華路三段10號9樓之23,0.0,商,,,1100129,土地0建物1車位0,九層,14,套房(1房1廳1衛),住家用,鋼筋混凝土造,0890417,44.25,1,0,1,有,有,有,9000,203,,0.0,0,,RPWOMLSKKHGGFAO76CC
新竹市,建物,新竹市新竹市經國路二段111號10樓之15,0.0,住,,,1100208,土地0建物1車位0,十層,12,套房(1房1廳1衛),見其他登記事項,鋼筋混凝土造,0860715,37.81,1,0,1,有,有,有,6800,180,,0.0,0,,RPXOMLSKKHGGFAO86CC
新竹市,房地(土地+建物),新竹市新竹市西濱路一段275巷27號,71.57,住,,,1100219,土地1建物0車位0,全,4,透天厝,集合住宅、停車空間,鋼筋混凝土造,1041130,216.4,5,2,4,有,無,無,23500,109,,0.0,0,,RPSSMLMLKHGGFAO09EC
新竹市,建物,新竹市新竹市南門街６４號,0.0,商,,,1100129,土地1建物0車位0,見其他登記事項,4,店面(店鋪),商業用,,,268.0,14,1,14,有,無,無,20000,75,,0.0,0,租賃期間含免租金裝潢期。租金調漲:第二年25000元/月；第三年30000元/月；第四年35000元/月；第五年40000元/月。,RPOQMLNLKHGGFAO38CC
新竹市,建物,新竹市新竹市光復路一段403巷8弄6之4號2樓,0.0,住,,,1100218,土地0建物1車位0,二層,5,公寓(5樓含以下無電梯),住家用,鋼筋混凝土造,0821110,103.35,3,2,2,有,有,有,13000,126,,0.0,0,,RPXQMLNLKHGGFAO66CC
新竹市,建物,新竹市新竹市北區成德路5號3樓,0.0,住,,,1100219,土地0建物1車位0,三層,5,華廈(10層含以下有電梯),住家用,鋼筋混凝土造,0830801,122.87,2,2,1,有,有,有,13000,106,,0.0,0,,RPOPMLPLKHGGFAO48CC
新竹市,建物,新竹市新竹市五福路二段616巷30號,0.0,,山坡地保育區,丙種建築用地,1100223,土地0建物0車位0,二層,4,套房(1房1廳1衛),住家用,鋼筋混凝土造,0870615,16.6,1,0,1,有,無,有,4000,241,,0.0,0,此為分租套房，本租賃層共分成5間。房號206室,RPQPMLPLKHGGFAO68CC
新竹市,建物,新竹市新竹市莊敬街108號七樓之5,0.0,住,,,1100223,土地0建物1車位0,七層,9,華廈(10層含以下有電梯),辦公室,鋼筋混凝土造,1011016,122.32,3,2,2,有,有,有,16200,132,,0.0,0,,RPRPMLPLKHGGFAO78CC
新竹市,建物,新竹市新竹市中華路四段451巷110弄3號4樓,0.0,,山坡地保育區,丙種建築用地,1100223,土地0建物1車位0,四層,5,公寓(5樓含以下無電梯),住家用,鋼筋混凝土造,0811012,89.66999999999999,3,2,1,有,無,有,13000,145,,0.0,0,,RPSPMLPLKHGGFAO88CC
新竹市,房地(土地+建物),新竹市新竹市牛埔南路540號,321.0,工,,,1100218,土地1建物0車位0,見其他登記事項,2,工廠,廠房、單身員工宿舍,加強磚造,0670630,438.34,0,0,0,無,無,無,80000,,,0.0,0,含增建或未登記建物。；,RPXNMLPLKHGGFAO66DC
新竹市,建物,新竹市新竹市中華路二段209號9樓,13.17,商,,,1100201,土地0建物1車位1,九層,18,住宅大樓(11層含以上有電梯),見其他登記事項,鋼筋混凝土造,1020615,171.62,3,2,2,有,有,有,41000,239,坡道平面,27.74,0,含管理費、稅金或水電等費用。；,RPUOMLQLKHGGFAO09CC
新竹市,房地(土地+建物),新竹市新竹市明湖路697巷11號1-3樓,0.0,其他,,,1100220,土地1建物0車位0,全,3,透天厝,住家用,鋼筋混凝土造,0801220,252.39,5,2,4,有,有,無,45000,178,,0.0,0,,RPWOMLQLKHGGFAO66CC
新竹市,建物,新竹市新竹市金雅三街103號,0.0,,鄉村區,乙種建築用地,1100222,土地0建物1車位0,一層,9,店面(店鋪),見其他登記事項,鋼筋混凝土造,1080925,89.37,0,0,1,有,有,有,15000,168,坡道平面,0.0,0,,RPOQMLQLKHGGFAO68CC
新竹市,建物,新竹市新竹市光華二街11巷3號之14,0.0,住,,,1100224,土地0建物1車位0,五層,9,套房(1房1廳1衛),住家用,鋼筋混凝土造,0821104,52.519999999999996,1,0,1,有,有,有,8500,162,,0.0,0,,RPPQMLQLKHGGFAO78CC
新竹市,建物,新竹市新竹市中華路四段705之21號六樓,0.0,商,,,1100224,土地0建物1車位0,六層,6,套房(1房1廳1衛),見其他登記事項,鋼筋混凝土造,0960630,25.990000000000002,1,0,1,有,有,有,5200,200,,0.0,0,,RPRQMLQLKHGGFAO98CC
新竹市,建物,新竹市新竹市振興一街28號七樓,0.0,住,,,1100225,土地0建物1車位0,七層,7,華廈(10層含以下有電梯),住家用,鋼筋混凝土造,0830131,97.01,2,1,2,有,有,有,12000,124,,0.0,0,,RPSQMLQLKHGGFAO09CC
新竹市,建物,新竹市新竹市金竹路102巷8之12號四樓,0.0,住,,,1100208,土地0建物1車位0,四層,7,套房(1房1廳1衛),住家用,鋼筋混凝土造,0810331,29.439999999999998,1,0,1,有,有,有,7500,255,,0.0,0,租金含管理費500元,RPWNMLRLKHGGFAO66CC
新竹市,房地(土地+建物),新竹市新竹市牛埔北路171巷12弄3號,77.49,,鄉村區,乙種建築用地,1100206,土地1建物0車位0,全,2,透天厝,住家用,加強磚造,0680615,108.99,5,2,6,有,無,無,28000,257,,0.0,0,,RPXNMLRLKHGGFAO76CC
新竹市,建物,新竹市新竹市北大路２０１號十五樓之７,0.0,商,,,1100209,土地0建物1車位1,十五層,27,住宅大樓(11層含以上有電梯),見其他登記事項,鋼筋混凝土造,1070903,133.94,2,2,1,有,有,有,43000,321,坡道平面,29.71,0,,RPQQMLNJLHGGFAO48CC
新竹市,建物,新竹市新竹市鐵道路一段２８巷５３號,0.0,其他,,,1100207,土地1建物1車位0,見其他登記事項,14,店面(店鋪),店舖,鋼筋混凝土造,1020916,158.08,2,1,2,有,有,無,48000,304,坡道平面,0.0,0,含增建或未登記建物。；租賃期間含免租金裝潢期。,RPRRMLNJLHGGFAO68CC
新竹市,建物,新竹市新竹市牛埔東路247號8樓之6,0.0,其他,,,1100226,土地0建物1車位0,八層,16,住宅大樓(11層含以上有電梯),住家用,鋼骨鋼筋混凝土造,0850926,126.81,4,2,2,有,有,有,16200,128,,0.0,0,,RPOSMLNJLHGGFAO48CC
新竹市,建物,新竹市新竹市北區少年街43之1號8樓,0.0,商,,,1100226,土地0建物1車位0,八層,9,套房(1房1廳1衛),住家用,鋼筋混凝土造,0830131,68.51,1,1,1,有,有,有,10000,146,,0.0,0,,RPUPMLPJLHGGFAO98CC
新竹市,建物,新竹市新竹市北區文雅街118巷18號5樓,0.0,住,,,1100225,土地0建物1車位0,五層,5,公寓(5樓含以下無電梯),住家用,鋼筋混凝土造,,107.89,3,2,2,有,無,有,15000,139,,0.0,0,,RPWPMLPJLHGGFAO56CC
新竹市,建物,新竹市新竹市竹蓮街１７３巷２號５樓,0.0,商,,,1100224,土地0建物1車位0,五層,5,公寓(5樓含以下無電梯),住家用,鋼筋混凝土造,0701228,75.42,2,2,1,有,無,無,13000,172,,0.0,0,,RPPNMLRJLHGGFAO48CC
新竹市,建物,新竹市新竹市鐵道路一段２８巷５３號,0.0,其他,,,1100207,土地1建物1車位0,見其他登記事項,14,店面(店鋪),店舖,鋼筋混凝土造,1020916,158.08,2,1,2,有,有,無,48000,304,坡道平面,0.0,0,含增建或未登記建物。；,RPOPMLSJLHGGFAO68CC
新竹市,建物,新竹市新竹市武陵路271巷5號7樓之2,0.0,住,,,1100303,土地0建物1車位0,七層,8,華廈(10層含以下有電梯),住家用,鋼筋混凝土造,0860719,141.71,4,2,2,有,有,有,16200,114,,0.0,0,續租。；,RPWQMLSJLHGGFAO96CC
新竹市,建物,新竹市新竹市建功一路49巷16號3樓,0.0,住,,,1100304,土地0建物1車位0,三層,5,公寓(5樓含以下無電梯),住家用,鋼筋混凝土造,0720609,75.9,3,2,2,有,無,有,15600,206,,0.0,0,,RPORMLSJLHGGFAO88CC
新竹市,建物,新竹市新竹市新竹市東區北大路8號16樓之3,5.43,商,,,1100211,土地0建物1車位0,十六層,28,住宅大樓(11層含以上有電梯),見其他登記事項,鋼骨鋼筋混凝土造,0960703,143.82,4,2,2,有,有,有,35000,243,,0.0,0,含管理費、稅金或水電等費用。；,RPPNMLKKLHGGFAO87CC
