﻿鄉鎮市區,交易標的,土地位置建物門牌,土地移轉總面積平方公尺,都市土地使用分區,非都市土地使用分區,非都市土地使用編定,交易年月日,交易筆棟數,移轉層次,總樓層數,建物型態,主要用途,主要建材,建築完成年月,建物移轉總面積平方公尺,建物現況格局-房,建物現況格局-廳,建物現況格局-衛,建物現況格局-隔間,有無管理組織,總價元,單價元平方公尺,車位類別,車位移轉總面積(平方公尺),車位總價元,備註,編號,主建物面積,附屬建物面積,陽台面積,電梯,移轉編號
The villages and towns urban district,transaction sign,land sector position building sector house number plate,land shifting total area square meter,the use zoning or compiles and checks,the non-metropolis land use district,non-metropolis land use,transaction year month and day,transaction pen number,shifting level,total floor number,building state,main use,main building materials,construction to complete the years,building shifting total area,Building present situation pattern - room,building present situation pattern - hall,building present situation pattern - health,building present situation pattern - compartmented,Whether there is manages the organization,total price NTD,the unit price (NTD / square meter),the berth category,berth shifting total area square meter,the berth total price NTD,the note,serial number,,,,,
金寧鄉,房地(土地+建物)+車位,湖下３８０之８號,101.72,都市：其他:自然村專用區,,,1091201,土地2建物1車位1,全,四層,透天厝,停車空間、集合住宅,鋼筋混凝土造,1090612,234.79,3,2,4,有,無,15620000,66528,其他,0.0,0,電梯現況尚未安裝預售屋、或土地及建物分次登記案件；,RPRNMLTJKIPFFAW77DA,216.69,0.0,18.1,有,
金寧鄉,房地(土地+建物)+車位,湖下３８０之９號,101.72,都市：其他:自然村專用區,,,1091201,土地2建物1車位1,全,四層,透天厝,停車空間、集合住宅,鋼筋混凝土造,1090612,234.79,3,2,4,有,無,15620000,66528,其他,0.0,0,電梯現況尚未安裝預售屋、或土地及建物分次登記案件；,RPUNMLTJKIPFFAW08DA,216.69,0.0,18.1,有,
金城鎮,土地,旗牌段144地號,894.0,都市：其他:農業區,,,1091207,土地1建物0車位0,,,其他,,,,0.0,0,0,0,有,無,3000000,3356,,0.0,0,,RPPNMLRJKIPFFAW47EA,0.0,0.0,0.0,無,
金寧鄉,房地(土地+建物),前厝２５號,103.67,都市：其他:,,,1090922,土地3建物1車位0,全,三層,透天厝,住家用,鋼筋混凝土加強磚造,0820809,179.55,3,2,2,有,無,2000000,11139,,0.0,0,親友、員工、共有人或其他特殊關係間之交易；,RPSNMLTJKIPFFAW87DA,166.05,0.0,13.5,無,
金寧鄉,房地(土地+建物),西堡３９之１１號四樓,28.1,都市：其他:自然村專用區,,,1090703,土地1建物1車位0,四層,五層,華廈(10層含以下有電梯),集合住宅,鋼筋混凝土造,1090817,64.53999999999999,2,2,1,有,無,3500000,54230,,0.0,0,,RPRNMLNKJIPFFAW17DA,49.9,0.0,5.29,有,
金湖鎮,土地,湖前段431地號,770.23,都市：其他:自然村專用區,,,1091109,土地1建物0車位0,,,其他,,,,0.0,0,0,0,有,無,24800000,32198,,0.0,0,,RPTOMLSKJIPFFAW97DA,0.0,0.0,0.0,無,001
金湖鎮,房地(土地+建物),市港五路１５０之１號７樓,8.49,都市：其他:第二種商業區,,,1090701,土地1建物1車位0,七層,十層,華廈(10層含以下有電梯),集合住宅,鋼筋混凝土造,1090408,61.08,0,0,0,無,有,5455600,89319,,0.0,0,,RPPNMLRJKIPFFAW37DA,30.75,4.66,5.01,有,
金湖鎮,土地,新頭段970地號,908.36,都市：其他:農業區,,,1091208,土地3建物0車位0,,,其他,,,,0.0,0,0,0,有,無,1000000,1101,,0.0,0,,RPTNMLLKKIPFFAW37EA,0.0,0.0,0.0,無,
金城鎮,土地,山前段416地號,268.0,都市：其他:農業區,,,1091214,土地1建物0車位0,,,其他,,,,0.0,0,0,0,有,無,536000,2000,,0.0,0,親友、員工、共有人或其他特殊關係間之交易；,RPQNMLPKKIPFFAW47EA,0.0,0.0,0.0,無,002
金城鎮,土地,古崗村測段430地號,170.0,都市：其他:,,,1091208,土地1建物0車位0,,,其他,,,,0.0,0,0,0,有,無,4006390,23567,,0.0,0,協議價購；,RPPNMLOKKIPFFAW27EA,0.0,0.0,0.0,無,
金寧鄉,土地,東洲村測段24-1地號,142.01,都市：其他:,,,1091207,土地1建物0車位0,,,其他,,,,0.0,0,0,0,有,無,5250000,36969,,0.0,0,,RPRNMLLKKIPFFAW07DA,0.0,0.0,0.0,無,
金寧鄉,房地(土地+建物)+車位,湖下３８０號,101.89,都市：其他:自然村專用區,,,1091209,土地2建物1車位1,全,四層,透天厝,停車空間、集合住宅,鋼筋混凝土造,1090612,237.9,3,2,4,有,無,16000000,67255,其他,0.0,0,電梯現況尚未安裝預售屋、或土地及建物分次登記案件；,RPSNMLLKKIPFFAW17DA,219.8,0.0,18.1,有,
金寧鄉,房地(土地+建物)+車位,湖下３８０之３號,101.72,都市：其他:自然村專用區,,,1091201,土地2建物1車位1,全,四層,透天厝,停車空間、集合住宅,鋼筋混凝土造,1090612,234.79,3,2,4,有,無,16000000,68146,其他,0.0,0,電梯現況尚未安裝預售屋、或土地及建物分次登記案件；,RPVNMLLKKIPFFAW47DA,216.69,0.0,18.1,有,
金城鎮,房地(土地+建物),浴井２６號,58.61,都市：其他:,,,1091126,土地1建物1車位0,一層,三層,公寓(5樓含以下無電梯),集合住宅,鋼筋混凝土造,1061204,85.38,3,2,2,有,無,6400000,74959,,0.0,0,,RPWNMLLKKIPFFAW57DA,79.77,0.0,0.0,無,
金寧鄉,土地,中三劃測段581地號,752.7,都市：其他:農業區,,,1091012,土地1建物0車位0,,,其他,,,,0.0,0,0,0,有,無,6300000,8370,,0.0,0,,RPOOMLLLIIPFFAW76DA,0.0,0.0,0.0,無,003
金寧鄉,房地(土地+建物)+車位,湖下３８０之１３號,101.72,都市：其他:自然村專用區,,,1091209,土地2建物1車位1,全,四層,透天厝,停車空間、集合住宅,鋼筋混凝土造,1090612,233.43,3,2,4,有,無,16000000,68543,其他,0.0,0,電梯現況尚未安裝預售屋、或土地及建物分次登記案件；,RPQNMLKKKIPFFAW86DA,213.81,0.0,19.62,有,
金寧鄉,房地(土地+建物)+車位,湖下３８０之５號,101.72,都市：其他:自然村專用區,,,1091201,土地2建物1車位1,全,四層,透天厝,停車空間、集合住宅,鋼筋混凝土造,1090612,237.81,3,2,4,有,無,16000000,67281,其他,0.0,0,電梯現況尚未安裝預售屋、或土地及建物分次登記案件；,RPSNMLKKKIPFFAW07DA,219.46,0.0,18.35,有,
金寧鄉,土地,后沙劃測段45地號,749.99,都市：其他:農業區,,,1091119,土地1建物0車位0,,,其他,,,,0.0,0,0,0,有,無,3200000,4267,,0.0,0,,RPQOMLPKKIPFFAW47DA,0.0,0.0,0.0,無,
金寧鄉,房地(土地+建物),湖下２５５號,59.94,都市：其他:自然村專用區,,,1091210,土地3建物1車位0,一層,五層,華廈(10層含以下有電梯),集合住宅,鋼筋混凝土造,1090629,116.97,3,1,3,有,有,7800000,66684,,0.0,0,預售屋、或土地及建物分次登記案件；,RPRNMLQKKIPFFAW57DA,97.78,0.0,7.01,有,
金寧鄉,房地(土地+建物),湖下２５５號五樓,59.94,都市：其他:自然村專用區,,,1091210,土地3建物1車位0,五層,五層,華廈(10層含以下有電梯),集合住宅,鋼筋混凝土造,1090629,116.97,3,1,3,有,有,7300000,62409,,0.0,0,,RPSNMLQKKIPFFAW67DA,97.78,0.0,7.01,有,
金城鎮,土地,古井段102地號,256.0,都市：其他:農業區,,,1091108,土地1建物0車位0,,,其他,,,,0.0,0,0,0,有,無,1000000,3906,,0.0,0,無臨路。,RPPNMLQKKIPFFAW47EA,0.0,0.0,0.0,無,
金城鎮,房地(土地+建物)+車位,民權路２２６巷２弄１２號六樓之７,23.19,都市：其他:第三種住宅區。,,,1091107,土地2建物1車位1,六層,十一層,住宅大樓(11層含以上有電梯),集合住宅,鋼筋混凝土造,1051104,155.95,3,2,2,有,有,11880000,90780,坡道平面,36.1,1000000,,RPQNMLSJKIPFFAW57DA,80.89,0.0,8.13,有,
金寧鄉,房地(土地+建物)+車位,湖下３８０之１０號,101.72,都市：其他:自然村專用區,,,1091208,土地2建物1車位1,全,四層,透天厝,停車空間、集合住宅,鋼筋混凝土造,1090612,234.79,3,2,4,有,無,16000000,68146,其他,0.0,0,7電梯現況尚未安裝預售屋、或土地及建物分次登記案件；,RPPOMLPKKIPFFAW37DA,216.69,0.0,18.1,有,
烈嶼鄉,土地,西方段252地號,53.0,都市：其他:自然村專用區,,,1091211,土地1建物0車位0,,,其他,,,,0.0,9,4,5,有,無,500000,9434,,0.0,0,親友、員工、共有人或其他特殊關係間之交易；未登記建物；,RPXNMLQKKIPFFAW18DA,0.0,0.0,0.0,無,
金城鎮,土地,舊金城段235地號,1850.0,都市：其他:農業區,,,1091215,土地3建物0車位0,,,其他,,,,0.0,0,0,0,有,無,6992500,3780,,0.0,0,親友、員工、共有人或其他特殊關係間之交易；,RPPOMLRKKIPFFAW57DA,0.0,0.0,0.0,無,
金城鎮,土地,前水頭測段63地號,135.4,都市：其他:國家公園區,,,1091207,土地1建物0車位0,,,其他,,,,0.0,0,0,0,有,無,2640348,19500,,0.0,0,親友、員工、共有人或其他特殊關係間之交易；,RPQOMLRKKIPFFAW67DA,0.0,0.0,0.0,無,
金城鎮,房地(土地+建物),伯玉路一段３２７號,73.32,都市：其他:農業區,,,1091014,土地3建物1車位0,全,三層,透天厝,住商用,鋼筋混凝土造,0841215,135.0,4,2,3,有,無,8800000,65185,,0.0,0,含仲介費300000元；頂樓加蓋；其他增建；,RPRNMLOKIIPFFAW17DA,135.0,0.0,0.0,無,
金寧鄉,土地,寧湖三劃段472地號,1015.3,都市：其他:農業區,,,1091202,土地1建物0車位0,,,其他,,,,0.0,0,0,0,有,無,9500000,9357,,0.0,0,,RPRNMLMJKIPFFAW07DA,0.0,0.0,0.0,無,
金湖鎮,房地(土地+建物)+車位,市港五路１６８號,14.42,都市：其他:第二種商業區,,,1091104,土地1建物1車位1,一層,十層,華廈(10層含以下有電梯),店舖,鋼筋混凝土造,1090408,125.06,0,0,0,無,無,23000000,218449,坡道平面,24.35,1000000,,RPPOMLNKJIPFFAW07DA,72.77,0.0,0.0,有,
金湖鎮,房地(土地+建物)+車位,市港五路１６６號,13.58,都市：其他:第二種商業區,,,1091104,土地1建物1車位1,一層,十層,華廈(10層含以下有電梯),店舖,鋼筋混凝土造,1090408,119.21000000000001,0,0,0,無,無,21800000,219271,坡道平面,24.35,1000000,,SPPOMLNKJIPFFAW17DA,68.53,0.0,0.0,有,
金城鎮,土地,舊金城段952地號,1057.0,都市：其他:農業區,,,1091125,土地1建物0車位0,,,其他,,,,0.0,0,0,0,有,無,1500000,1419,,0.0,0,,RPPNMLTKKIPFFAW67DA,0.0,0.0,0.0,無,
金沙鎮,土地,山后段717地號,64.62,都市：其他:國家公園區-第二類一般管制區,,,1091120,土地1建物0車位0,,,其他,,,,0.0,0,0,0,有,無,200000,3095,,0.0,0,,RPQNMLRKKIPFFAW57DA,0.0,0.0,0.0,無,
金沙鎮,土地,中蘭劃測段458地號,800.01,都市：其他:農業區,,,1091211,土地1建物0車位0,,,其他,,,,0.0,0,0,0,有,無,3000000,3750,,0.0,0,親友、員工、共有人或其他特殊關係間之交易；,RPQNMLOKKIPFFAW27DA,0.0,0.0,0.0,無,
金城鎮,土地,小西門劃測段742地號,461.03,都市：其他:農業區,,,1091202,土地1建物0車位0,,,其他,,,,0.0,0,0,0,有,無,2500000,5423,,0.0,0,,RPTNMLMJKIPFFAW27DA,0.0,0.0,0.0,無,
金寧鄉,房地(土地+建物),西堡３９之９號四樓,41.09,都市：其他:自然村專用區,,,1091026,土地1建物1車位0,四層,五層,華廈(10層含以下有電梯),集合住宅,鋼筋混凝土造,1090817,91.33,3,2,2,有,無,5300000,58031,,0.0,0,含1號停車位之使用權,RPTNMLNKJIPFFAW37DA,72.66,0.0,5.4,有,
金湖鎮,房地(土地+建物),湖前３０８號,63.55,都市：其他:自然村專用區,,,1091130,土地2建物1車位0,全,三層,透天厝,集合住宅,鋼筋混凝土造,1021011,146.71,5,2,4,有,無,8000000,54529,,0.0,0,親友、員工、共有人或其他特殊關係間之交易；,RPPNMLOJKIPFFAW07DA,136.06,4.92,5.73,無,004
金沙鎮,土地,北九劃段1275地號,2000.0,都市：其他:農業區,,,1091218,土地2建物0車位0,,,其他,,,,0.0,0,0,0,有,無,6200000,3100,,0.0,0,親友、員工、共有人或其他特殊關係間之交易；,RPPNMLLLKIPFFAW07EA,0.0,0.0,0.0,無,
金沙鎮,土地,北九劃段1167地號,1000.0,都市：其他:農業區,,,1091218,土地1建物0車位0,,,其他,,,,0.0,0,0,0,有,無,2850000,2850,,0.0,0,親友、員工、共有人或其他特殊關係間之交易；,RPQNMLLLKIPFFAW17EA,0.0,0.0,0.0,無,
金沙鎮,土地,北九劃段1263地號,1000.0,都市：其他:農業區,,,1091218,土地1建物0車位0,,,其他,,,,0.0,0,0,0,有,無,2850000,2850,,0.0,0,親友、員工、共有人或其他特殊關係間之交易；,RPRNMLLLKIPFFAW27EA,0.0,0.0,0.0,無,
金沙鎮,土地,北九劃段1228地號,1000.0,都市：其他:農業區,,,1091218,土地1建物0車位0,,,其他,,,,0.0,0,0,0,有,無,2850000,2850,,0.0,0,親友、員工、共有人或其他特殊關係間之交易；,RPSNMLLLKIPFFAW37EA,0.0,0.0,0.0,無,
金湖鎮,土地,湖前段562地號,125.02,都市：其他:機關用地,,,1091222,土地1建物0車位0,,,其他,,,,0.0,0,0,0,有,無,3264924,26115,,0.0,0,親友、員工、共有人或其他特殊關係間之交易；,RPPNMLMLKIPFFAW17EA,0.0,0.0,0.0,無,005
金城鎮,土地,山前段874地號,1877.0,都市：其他:農業區,,,1091224,土地2建物0車位0,,,其他,,,,0.0,0,0,0,有,無,2838024,1512,,0.0,0,政府機關標讓售；,RPPNMLOLKIPFFAW37EA,0.0,0.0,0.0,無,
金城鎮,土地,祥和段133-7地號,1.78,都市：其他:第六種住宅區,,,1091222,土地1建物0車位0,,,其他,,,,0.0,0,0,0,有,無,90602,50900,,0.0,0,政府機關標讓售；,RPSNMLOLKIPFFAW67EA,0.0,0.0,0.0,無,
金湖鎮,土地,塔后段581地號,1798.35,都市：其他:自然村專用區,,,1091207,土地6建物0車位0,,,其他,,,,0.0,0,0,0,有,無,14000000,7785,,0.0,0,親友、員工、共有人或其他特殊關係間之交易；,RPPNMLSJKIPFFAW57EA,0.0,0.0,0.0,無,
金城鎮,房地(土地+建物),金門城１３之２號,62.51,都市：其他:,,,1091026,土地1建物1車位0,全,一層,透天厝,住家用,磚石造,0460515,33.25,2,1,2,有,無,1500000,45113,,0.0,0,親友、員工、共有人或其他特殊關係間之交易；,RPQNMLQKJIPFFAW37DA,31.45,0.0,1.8,無,
金寧鄉,土地,北二三劃測段392地號,999.97,都市：其他:農業區,,,1091223,土地1建物0車位0,,,其他,,,,0.0,0,0,0,有,無,7200000,7200,,0.0,0,,RPQNMLNLKIPFFAW27DA,0.0,0.0,0.0,無,
金湖鎮,房地(土地+建物),漁村９之２號,79.33,都市：其他:自然村專用區,,,1091211,土地1建物1車位0,全,三層,透天厝,住家用,鋼筋混凝土造,0870309,170.98,5,1,3,有,無,8000000,46789,,0.0,0,,RPWNMLRKKIPFFAW18DA,156.46,4.84,9.68,無,
金沙鎮,房地(土地+建物),東店１７號三樓,29.79,都市：其他:自然村專用區,,,1091202,土地1建物1車位0,三層,三層,公寓(5樓含以下無電梯),集合住宅,鋼筋混凝土造,1060112,100.31,1,2,1,有,有,2500000,24923,,0.0,0,,RPVNMLPKKIPFFAW87DA,40.31,0.0,3.4,無,
金寧鄉,房地(土地+建物),湖下２３之２號三樓,24.43,都市：其他:自然村專用區,,,1091223,土地1建物2車位0,三層,三層,公寓(5樓含以下無電梯),集合住宅,鋼筋混凝土造,1080225,43.8,1,1,1,有,無,2500000,57078,,0.0,0,買方另付土地增值稅：86577元,RPUNMLOLKIPFFAW77DA,31.24,0.0,2.11,無,
金湖鎮,土地,湖后劃段227地號,1000.0,都市：其他:農業區,,,1091221,土地1建物0車位0,,,其他,,,,0.0,0,0,0,有,無,3600000,3600,,0.0,0,,RPQNMLPLKIPFFAW47DA,0.0,0.0,0.0,無,
金沙鎮,房地(土地+建物),中蘭１０１號,1076.89,都市：其他:保護區,,,1091207,土地1建物1車位0,全,二層,透天厝,農舍,鋼筋混凝土造,1020807,275.93,6,2,6,有,無,8680000,31457,,0.0,0,,RPPNMLNLKIPFFAW17DA,251.93,0.0,24.0,無,006
金沙鎮,土地,沙東劃段231地號,943.08,都市：其他:農業區,,,1091124,土地1建物0車位0,,,其他,,,,0.0,0,0,0,有,無,3000000,3181,,0.0,0,,RPUNMLPKKIPFFAW77DA,0.0,0.0,0.0,無,
金寧鄉,土地,西堡劃測段474地號,398.27,都市：其他:保護區,,,1091222,土地1建物0車位0,,,其他,,,,0.0,0,0,0,有,無,1800000,4520,,0.0,0,,RPTNMLSLKIPFFAW08DA,0.0,0.0,0.0,無,007
金寧鄉,房地(土地+建物)+車位,湖下３８０之１１號,101.72,都市：其他:自然村專用區,,,1091208,土地2建物1車位1,全,四層,透天厝,停車空間、集合住宅,鋼筋混凝土造,1090612,237.81,3,2,4,有,無,16000000,67281,其他,0.0,0,7電梯現況尚未安裝預售屋、或土地及建物分次登記案件；,RPRNMLOLKIPFFAW47DA,219.46,0.0,18.35,有,
烈嶼鄉,土地,東園劃段310地號,836.72,都市：其他:農業區,,,1091216,土地1建物0車位0,,,其他,,,,0.0,0,0,0,有,無,5100000,6095,,0.0,0,,RPTNMLQKKIPFFAW77DA,0.0,0.0,0.0,無,
金城鎮,土地,水頭段874地號,664.66,都市：其他:國家公園區,,,1091212,土地1建物0車位0,,,其他,,,,0.0,0,0,0,有,無,2800000,4213,,0.0,0,,RPUNMLSLKIPFFAW18DA,0.0,0.0,0.0,無,008
金城鎮,土地,賢厝段713地號,1279.0,都市：其他:農業區,,,1091219,土地2建物0車位0,,,其他,,,,0.0,0,0,0,有,無,1850000,1446,,0.0,0,,RPQNMLSLKIPFFAW77DA,0.0,0.0,0.0,無,
金湖鎮,房地(土地+建物),塔后４７之５號,55.0,都市：其他:自然村專用區,,,1091218,土地1建物1車位0,全,二層,透天厝,住商用,鋼筋混凝土造,0740614,82.64,4,2,3,有,無,2200000,26621,,0.0,0,親友、員工、共有人或其他特殊關係間之交易；頂樓加蓋；,RPSNMLSLKIPFFAW97DA,82.64,0.0,0.0,無,
金湖鎮,房地(土地+建物),塔后５０１號二樓之２,17.59,都市：其他:自然村專用區,,,1091215,土地1建物1車位0,二層,三層,華廈(10層含以下有電梯),集合住宅,鋼筋混凝土造,1060627,33.1,1,1,1,有,無,1800000,54381,,0.0,0,預售屋、或土地及建物分次登記案件；,RPTNMLRKKIPFFAW87DA,26.0,1.63,0.0,有,
烈嶼鄉,土地,黃埔段115地號,379.0,都市：其他:自然村專用區,,,1091229,土地1建物0車位0,,,其他,,,,0.0,0,0,0,有,無,6443000,17000,,0.0,0,親友、員工、共有人或其他特殊關係間之交易；,RPSNMLTLKIPFFAW18EA,0.0,0.0,0.0,無,
金湖鎮,房地(土地+建物),市港五路１６６號８樓,8.25,都市：其他:第二種商業區,,,1091207,土地1建物1車位0,八層,十層,華廈(10層含以下有電梯),旅館,鋼筋混凝土造,1090408,58.6,1,1,1,有,無,4700000,80205,,0.0,0,,RPSNMLKMKIPFFAW37EA,34.46,4.07,0.0,有,
金湖鎮,房地(土地+建物),復興路１之３０號二樓之５,15.24,都市：其他:第二種住宅區,,,1091229,土地1建物2車位0,二層,六層,公寓(5樓含以下無電梯),住家用,鋼筋混凝土造,0840530,93.92999999999999,0,0,0,無,無,2750000,29277,,0.0,0,親友、員工、共有人或其他特殊關係間之交易；,RPPNMLLMKIPFFAW17EA,60.9,0.0,7.4,無,
金城鎮,土地,城隍廟段834-1地號,2.22,都市：其他:第二種商業區,,,1091214,土地2建物0車位0,,,其他,,,,0.0,0,0,0,有,無,531868,239580,,0.0,0,政府機關標讓售；,RPRNMLPKKIPFFAW47DA,0.0,0.0,0.0,無,
金寧鄉,土地,寧安二劃段490地號,633.33,都市：其他:農業區,,,1091214,土地1建物0車位0,,,其他,,,,0.0,0,0,0,有,無,2000000,3158,,0.0,0,親友、員工、共有人或其他特殊關係間之交易；,RPQNMLKMKIPFFAW07DA,0.0,0.0,0.0,無,
金湖鎮,土地,山外段219地號,2.48,都市：其他:自然村專用區,,,1091215,土地1建物0車位0,,,其他,,,,0.0,0,0,0,有,無,95356,38450,,0.0,0,政府機關標讓售；,RPPOMLQKKIPFFAW47DA,0.0,0.0,0.0,無,
金寧鄉,土地,寧山段474地號,1100.99,都市：其他:農業區,,,1091118,土地3建物0車位0,,,其他,,,,0.0,0,0,0,有,無,6385000,5799,,0.0,0,,RPRNMLRLJIPFFAW67DA,0.0,0.0,0.0,無,
金寧鄉,土地,寧山段459地號,637.43,都市：其他:保護區,,,1091201,土地1建物0車位0,,,其他,,,,0.0,0,0,0,有,無,2000000,3138,,0.0,0,,RPPNMLLKKIPFFAW86DA,0.0,0.0,0.0,無,009
金湖鎮,土地,塔后段239地號,1022.29,都市：其他:保護區,,,1091231,土地1建物0車位0,,,其他,,,,0.0,0,0,0,有,無,1973020,1930,,0.0,0,政府機關標讓售；,RPRNMLLMKIPFFAW37EA,0.0,0.0,0.0,無,
金沙鎮,土地,北九劃段1356地號,1000.0,都市：其他:農業區,,,1091228,土地1建物0車位0,,,其他,,,,0.0,0,0,0,有,無,3400000,3400,,0.0,0,親友、員工、共有人或其他特殊關係間之交易；,RPPOMLPJJHGGFAW98EA,0.0,0.0,0.0,無,
金沙鎮,土地,汶沙測段814地號,77.41,都市：其他:自然村專用區,,,1091227,土地1建物0車位0,,,其他,,,,0.0,0,0,0,有,無,760000,9818,,0.0,0,未登記建物；,RPQOMLPJJHGGFAW09EA,0.0,0.0,0.0,無,
金寧鄉,土地,中三劃測段336-2地號,733.0,都市：其他:,,,1091026,土地3建物0車位0,,,其他,,,,0.0,0,0,0,有,無,10000000,13643,,0.0,0,未登記建物；,RPUNMLTKJIPFFAW08DA,0.0,0.0,0.0,無,
金沙鎮,土地,中蘭劃測段725地號,857.5,都市：其他:農業區,,,1091217,土地1建物0車位0,,,其他,,,,0.0,0,0,0,有,無,4100000,4781,,0.0,0,,RPOOMLRKKIPFFAW47DA,0.0,0.0,0.0,無,010
金寧鄉,房地(土地+建物),湖南３１５號,108.0,都市：其他:農業區,,,1091119,土地1建物1車位0,全,三層,透天厝,住家用,鋼筋混凝土造,1090708,216.34,5,3,5,有,無,10500000,48535,,0.0,0,親友、員工、共有人或其他特殊關係間之交易；,RPUNMLOJJHGGFAW56DA,204.44,0.0,11.9,無,
金寧鄉,房地(土地+建物),環島北路一段３８３號,1207.36,都市：其他:國家公園區,,,1091202,土地6建物1車位0,全,三層,透天厝,集村農舍,鋼筋混凝土造,1030716,197.98,7,1,4,有,無,12500000,63138,,0.0,0,,RPTNMLLMKIPFFAW47DA,183.23,0.0,14.75,無,
金寧鄉,土地,寧湖三劃段416地號,1000.0,都市：其他:農業區,,,1091210,土地1建物0車位0,,,其他,,,,0.0,0,0,0,有,無,11000000,11000,,0.0,0,,RPROMLPJJHGGFAW09DA,0.0,0.0,0.0,無,011
金城鎮,房地(土地+建物)+車位,民權路２２６巷２弄１２號九樓之１,31.2,都市：其他:第三種住宅區。,,,1090929,土地2建物1車位2,九層,十一層,住宅大樓(11層含以上有電梯),集合住宅,鋼筋混凝土造,1051104,233.25,4,2,2,有,有,17500000,96243,坡道平面,72.2,2000000,,RPVNMLLLKIPFFAW57DA,107.66,0.0,11.96,有,
金城鎮,土地,北堤段243地號,22.65,都市：其他:第三種住宅區。,,,1100104,土地1建物0車位0,,,其他,,,,0.0,0,0,0,有,無,1548462,68365,,0.0,0,政府機關標讓售；,RPTNMLOJJHGGFAW56EA,0.0,0.0,0.0,無,
金城鎮,房地(土地+建物),小西門７６之１號,61.8,都市：其他:農業區,,,1091223,土地2建物1車位0,一層,五層,華廈(10層含以下有電梯),集合住宅,鋼筋混凝土造,1091119,131.17,3,2,2,有,無,9082700,69244,,0.0,0,預售屋、或土地及建物分次登記案件；,RPPNMLPJJHGGFAW78DA,108.52,0.0,4.36,有,
金城鎮,房地(土地+建物),小西門７６之１號二樓,61.8,都市：其他:農業區,,,1091223,土地2建物1車位0,二層,五層,華廈(10層含以下有電梯),集合住宅,鋼筋混凝土造,1091119,137.57,3,2,2,有,無,7300000,53064,,0.0,0,預售屋、或土地及建物分次登記案件；,RPQNMLPJJHGGFAW88DA,108.51,0.0,10.75,有,
金城鎮,房地(土地+建物),小西門７６之１號三樓,61.8,都市：其他:農業區,,,1091223,土地2建物1車位0,三層,五層,華廈(10層含以下有電梯),集合住宅,鋼筋混凝土造,1091119,137.57,4,2,2,有,無,7300000,53064,,0.0,0,預售屋、或土地及建物分次登記案件；,RPRNMLPJJHGGFAW98DA,108.51,0.0,10.75,有,
金城鎮,房地(土地+建物),小西門７６之１號四樓,61.8,都市：其他:農業區,,,1091223,土地2建物1車位0,四層,五層,華廈(10層含以下有電梯),集合住宅,鋼筋混凝土造,1091119,137.57,3,2,2,有,無,7350000,53427,,0.0,0,預售屋、或土地及建物分次登記案件；,RPSNMLPJJHGGFAW09DA,108.51,0.0,10.75,有,
金城鎮,房地(土地+建物),小西門７６之１號五樓,61.8,都市：其他:農業區,,,1091223,土地2建物1車位0,五層,五層,華廈(10層含以下有電梯),集合住宅,鋼筋混凝土造,1091119,137.57,3,2,2,有,無,7750000,56335,,0.0,0,預售屋、或土地及建物分次登記案件；,RPTNMLPJJHGGFAW56DA,108.51,0.0,10.75,有,
金城鎮,房地(土地+建物),小西門７６之２號二樓,64.32,都市：其他:農業區,,,1091223,土地2建物1車位0,二層,五層,華廈(10層含以下有電梯),集合住宅,鋼筋混凝土造,1091119,141.79,3,2,2,有,無,8150000,57479,,0.0,0,預售屋、或土地及建物分次登記案件；,RPVNMLPJJHGGFAW76DA,113.03,0.0,9.7,有,
金城鎮,房地(土地+建物),小西門７６之２號三樓,64.32,都市：其他:農業區,,,1091223,土地2建物1車位0,三層,五層,華廈(10層含以下有電梯),集合住宅,鋼筋混凝土造,1091119,141.79,3,2,2,有,無,8300000,58537,,0.0,0,預售屋、或土地及建物分次登記案件；,RPWNMLPJJHGGFAW86DA,113.03,0.0,9.7,有,
金城鎮,房地(土地+建物),小西門７６之２號四樓,64.32,都市：其他:農業區,,,1091223,土地2建物1車位0,四層,五層,華廈(10層含以下有電梯),集合住宅,鋼筋混凝土造,1091119,141.79,3,2,2,有,無,7750000,54658,,0.0,0,預售屋、或土地及建物分次登記案件；,RPXNMLPJJHGGFAW96DA,113.03,0.0,9.7,有,
金城鎮,房地(土地+建物),小西門７６之２號五樓,64.32,都市：其他:農業區,,,1091223,土地2建物1車位0,五層,五層,華廈(10層含以下有電梯),集合住宅,鋼筋混凝土造,1091119,141.79,3,2,2,有,無,7750000,54658,,0.0,0,預售屋、或土地及建物分次登記案件；,RPOOMLPJJHGGFAW78DA,113.03,0.0,9.7,有,
金城鎮,土地,北一段142-1地號,1000.15,都市：其他:道路用地,,,1091208,土地2建物0車位0,,,其他,,,,0.0,0,0,0,有,無,23500000,23496,,0.0,0,,RPUNMLLMKIPFFAW57DA,0.0,0.0,0.0,無,012
金湖鎮,房地(土地+建物),塔后１８０號二樓之２,45.94,都市：其他:自然村專用區,,,1091224,土地1建物1車位0,二層,四層,華廈(10層含以下有電梯),集合住宅,鋼筋混凝土造,1090716,97.63,3,1,2,有,無,5650000,57872,,0.0,0,,RPRNMLOJJHGGFAW88DA,77.78,0.0,5.36,有,
金湖鎮,房地(土地+建物),國順街７號,80.69,都市：其他:乙種工業區,,,1091103,土地1建物1車位0,全,二層,透天厝,住商用,鋼筋混凝土造,0760310,152.76,3,2,3,有,無,9200000,60225,,0.0,0,,RPQNMLLKJIPFFAW86DA,152.76,0.0,0.0,無,013
金城鎮,土地,水頭段874地號,664.66,都市：其他:國家公園區,,,1100104,土地1建物0車位0,,,其他,,,,0.0,0,0,0,有,無,3600000,5416,,0.0,0,,RPWNMLRJJHGGFAW07DA,0.0,0.0,0.0,無,008
金沙鎮,土地,沙東劃段87地號,1000.06,都市：其他:農業區,,,1091228,土地1建物0車位0,,,其他,,,,0.0,0,0,0,有,無,3200000,3200,,0.0,0,,RPRNMLSJJHGGFAW66DA,0.0,0.0,0.0,無,
金寧鄉,房地(土地+建物),伯玉路二段１８３號,74.76,都市：其他:農業區,,,1091124,土地1建物2車位0,一層,三層,公寓(5樓含以下無電梯),住家用,鋼筋混凝土造,0850506,210.19,0,0,0,無,無,7500000,35682,,0.0,0,1.本買賣案房地總價新台幣750萬元整，係包含中三劃測段475地號，權利範圍共計4362/50000；及中三劃測段22建號持分1/24、同段23、26建號持分均為1/1之買賣總價。2.本案中三劃測段22建號包含地下一樓之坡道平面型停車位：16號之約定專用使用權。,TPQNMLOLJIPFFAW47DA,158.97,0.0,9.54,無,
金寧鄉,土地,煙墩段844-1地號,358.51,都市：其他:道路用地,,,1091220,土地2建物0車位0,,,其他,,,,0.0,0,0,0,有,無,3400000,9484,,0.0,0,,RPUNMLLLKIPFFAW47DA,0.0,0.0,0.0,無,015
金寧鄉,土地,寧山段477地號,461.85,都市：其他:農業區,,,1091218,土地1建物0車位0,,,其他,,,,0.0,0,0,0,有,無,2200000,4763,,0.0,0,,RPTNMLLKJHGGFAW88DA,0.0,0.0,0.0,無,
金寧鄉,房地(土地+建物),頂埔下９５之７號二樓,35.0,都市：其他:自然村專用區,,,1091222,土地1建物1車位0,二層,三層,公寓(5樓含以下無電梯),集合住宅,鋼筋混凝土造,1010724,76.96,3,0,3,有,無,4000000,51975,,0.0,0,,RPRNMLMKJHGGFAW78DA,63.86,0.0,6.3,無,
金湖鎮,房地(土地+建物),士校路１４７９號,70.75,都市：其他:自然村專用區,,,1091220,土地1建物1車位0,全,三層,透天厝,住家用,鋼筋混凝土造,1030924,168.45,4,2,4,有,無,8500000,50460,,0.0,0,,RPPNMLNKJHGGFAW68DA,160.85,0.0,7.6,無,016
金湖鎮,房地(土地+建物),湖前２之６號三樓,38.2,都市：其他:自然村專用區,,,1091221,土地1建物1車位0,三層,三層,公寓(5樓含以下無電梯),集合住宅,鋼筋混凝土造,1011022,71.08,2,1,2,有,無,5000000,70343,,0.0,0,,RPQNMLNKJHGGFAW78DA,57.61,0.0,5.83,無,017
金寧鄉,土地,寧劃段1104-1地號,490.03,都市：其他:道路用地,,,1091221,土地2建物0車位0,,,其他,,,,0.0,0,0,0,有,無,3400000,6938,,0.0,0,,RPPNMLKKJHGGFAW38DA,0.0,0.0,0.0,無,018
金寧鄉,土地,寧山段488地號,1869.24,都市：其他:農業區,,,1091218,土地2建物0車位0,,,其他,,,,0.0,0,0,0,有,無,8600000,4601,,0.0,0,,RPSNMLLKJHGGFAW78DA,0.0,0.0,0.0,無,
金沙鎮,土地,沙港劃段306-1地號,1000.06,都市：其他:道路用地,,,1091231,土地2建物0車位0,,,其他,,,,0.0,0,0,0,有,無,6650000,6650,,0.0,0,,RPUNMLLKJHGGFAW09EA,0.0,0.0,0.0,無,
金湖鎮,土地,中五劃段672地號,967.0,都市：其他:國家公園區,,,1091224,土地1建物0車位0,,,其他,,,,0.0,0,0,0,有,無,4500000,4654,,0.0,0,,RPPNMLLKJHGGFAW58EA,0.0,0.0,0.0,無,
金湖鎮,土地,中五劃段673地號,967.0,都市：其他:國家公園區,,,1091224,土地1建物0車位0,,,其他,,,,0.0,0,0,0,有,無,4500000,4654,,0.0,0,,RPQNMLLKJHGGFAW68EA,0.0,0.0,0.0,無,
金寧鄉,房地(土地+建物),下堡１００之２２號二樓,12.91,都市：其他:自然村專用區,,,1091230,土地1建物1車位0,二層,三層,公寓(5樓含以下無電梯),集合住宅,鋼筋混凝土造,1031020,23.45,1,0,1,有,無,1650000,70362,,0.0,0,,RPWNMLOKJHGGFAW86DA,17.57,0.0,1.97,無,019
金寧鄉,土地,東洲段505地號,38.22,都市：其他:自然村專用區,,,1100112,土地1建物0車位0,,,其他,,,,0.0,0,0,0,有,無,1000000,26164,,0.0,0,,RPUNMLNKJHGGFAW56DA,0.0,0.0,0.0,無,
金城鎮,房地(土地+建物),民權路３０巷３弄１號四樓,48.06,都市：其他:第一種住宅區,,,1091228,土地1建物1車位0,四層,五層,公寓(5樓含以下無電梯),集合住宅,鋼筋混凝土造,0960614,99.11,3,2,2,有,無,5500000,55494,,0.0,0,,RPOOMLNKJHGGFAW68DA,77.99,0.0,7.93,無,
金寧鄉,土地,寧劃段371地號,489.25,都市：其他:農業區,,,1091230,土地1建物0車位0,,,其他,,,,0.0,0,0,0,有,無,1800000,3679,,0.0,0,,RPQNMLOKJHGGFAW88DA,0.0,0.0,0.0,無,
金寧鄉,土地,寧安二劃段532-1地號,493.0,都市：其他:道路用地,,,1100106,土地2建物0車位0,,,其他,,,,0.0,0,0,0,有,無,13461468,27305,,0.0,0,,RPSNMLOKJHGGFAW09DA,0.0,0.0,0.0,無,
金寧鄉,房地(土地+建物),湖下１５８號二樓,54.84,都市：其他:自然村專用區,,,1091228,土地1建物2車位0,二層,三層,公寓(5樓含以下無電梯),集合住宅,鋼筋混凝土造,1091120,89.92999999999999,2,2,2,有,無,4900000,54487,,0.0,0,,RPUNMLTLKIPFFAW28DA,72.04,0.0,5.9,無,
金寧鄉,房地(土地+建物),湖下１５８號三樓,54.84,都市：其他:自然村專用區,,,1091225,土地1建物2車位0,三層,三層,公寓(5樓含以下無電梯),集合住宅,鋼筋混凝土造,1091120,89.92999999999999,2,2,2,有,無,5050000,56155,,0.0,0,,RPVNMLTLKIPFFAW38DA,72.04,0.0,5.9,無,
金城鎮,房地(土地+建物),賢聚４２之６號四樓,49.65,都市：其他:自然村專用區,,,1060720,土地1建物1車位0,四層,四層,華廈(10層含以下有電梯),集合住宅,鋼筋混凝土造,1070213,102.78,3,2,2,有,無,7040000,68496,,0.0,0,,RPTNMLOKJHGGFAW56DA,78.41,0.0,7.72,有,
金湖鎮,房地(土地+建物),塔后１８０號四樓之２,45.94,都市：其他:自然村專用區,,,1091214,土地1建物1車位0,四層,四層,華廈(10層含以下有電梯),集合住宅,鋼筋混凝土造,1090716,97.63,3,1,2,有,無,6100000,62481,,0.0,0,,RPQNMLOJJHGGFAW78DA,77.78,0.0,5.36,有,
金寧鄉,房地(土地+建物),西堡３９之１１號二樓,28.1,都市：其他:自然村專用區,,,1091215,土地1建物1車位0,二層,五層,華廈(10層含以下有電梯),集合住宅,鋼筋混凝土造,1090817,64.53999999999999,2,1,1,有,無,3500000,54230,,0.0,0,,RPSNMLPKKIPFFAW57DA,49.9,0.0,5.29,有,
金寧鄉,土地,青山段1190地號,471.65,都市：其他:自然村專用區、農業區,,,1091123,土地1建物0車位0,,,其他,,,,0.0,0,0,0,有,無,14000000,29683,,0.0,0,,RPUNMLMJKIPFFAW37DA,0.0,0.0,0.0,無,
金城鎮,土地,金門城測段986地號,421.57,都市：其他:,,,1100105,土地1建物0車位0,,,其他,,,,0.0,0,0,0,有,無,980000,2325,,0.0,0,,RPPNMLQJJHGGFAW88DA,0.0,0.0,0.0,無,
金寧鄉,房地(土地+建物),下后垵５９號３樓,60.24,都市：其他:自然村專用區,,,1090901,土地2建物1車位0,三層,五層,華廈(10層含以下有電梯),集合住宅,鋼筋混凝土造,1091120,126.93,3,2,2,有,無,7300000,57512,,0.0,0,,RPXNMLRJJHGGFAW17DA,102.08,0.0,7.76,有,
金湖鎮,房地(土地+建物),塔后５０１號一樓之２,17.59,都市：其他:自然村專用區,,,1100106,土地1建物1車位0,一層,三層,華廈(10層含以下有電梯),集合住宅,鋼筋混凝土造,1060627,31.169999999999998,1,1,1,有,無,2300000,73789,,0.0,0,預售屋、或土地及建物分次登記案件；,RPTNMLQJJHGGFAW66DA,25.7,0.0,0.0,有,
金湖鎮,房地(土地+建物)+車位,市港五路１３８號九樓之２,18.91,都市：其他:第二種商業區,,,1091214,土地1建物1車位2,九層,十層,華廈(10層含以下有電梯),集合住宅,鋼筋混凝土造,1051206,134.69,3,1,2,有,有,8000000,59396,升降機械,17.34,0,預售屋、或土地及建物分次登記案件；,RPRNMLTLKIPFFAW97DA,65.7,5.61,13.19,有,
金湖鎮,土地,市港段90地號,230.58,都市：其他:第二種商業區,,,1100114,土地1建物0車位0,,,其他,,,,0.0,0,0,0,有,無,25500000,110591,,0.0,0,,RPOOMLSKJHGGFAW56DA,0.0,0.0,0.0,無,
金城鎮,房地(土地+建物),光前路２１號,65.68,都市：其他:第二種住宅區,,,1091230,土地2建物1車位0,全,三層,透天厝,住家用,鋼筋混凝土造,1070111,177.59,4,2,3,有,無,8000000,45048,,0.0,0,,RPXNMLSKJHGGFAW47EA,172.23,0.0,5.36,無,
金湖鎮,土地,羅劃測段150地號,1087.25,都市：其他:自然村專用區,,,1100112,土地1建物0車位0,,,其他,,,,0.0,0,0,0,有,無,21500000,19775,,0.0,0,,RPPNMLTKJHGGFAW76EA,0.0,0.0,0.0,無,
金寧鄉,房地(土地+建物),下后垵５９號４樓,60.24,都市：其他:自然村專用區,,,1080628,土地2建物1車位0,四層,五層,華廈(10層含以下有電梯),集合住宅,鋼筋混凝土造,1091120,126.93,3,2,2,有,無,7000000,55149,,0.0,0,,RPVNMLRJJHGGFAW96DA,102.08,0.0,7.76,有,
金城鎮,房地(土地+建物),金門城２０３號二樓,31.17,都市：其他:自然村專用區,,,1091215,土地1建物1車位0,二層,五層,華廈(10層含以下有電梯),集合住宅,鋼筋混凝土造,1080424,69.42999999999999,2,1,2,有,無,4280000,61645,,0.0,0,,RPWNMLPKKIPFFAW97DA,56.27,0.0,3.88,有,
金寧鄉,房地(土地+建物),榜林１０號,123.52,都市：其他:自然村專用區,,,1091230,土地3建物1車位0,全,三層,透天厝,住家用,鋼筋混凝土造,1041210,175.08,4,2,5,有,無,10800000,61686,,0.0,0,,RPQNMLLMKIPFFAW17DA,162.65,0.0,12.43,無,
金寧鄉,房地(土地+建物),湖下３０１號二樓,39.94,都市：其他:自然村專用區,,,1091201,土地1建物1車位0,二層,五層,華廈(10層含以下有電梯),集合住宅,鋼筋混凝土造,1090925,92.72999999999999,3,2,2,有,無,5500000,59312,,0.0,0,,RPVNMLTKJHGGFAW27DA,68.57,0.0,6.34,有,
金湖鎮,房地(土地+建物),信義新村８７號,95.15,都市：其他:自然村專用區,,,1100110,土地1建物1車位0,全,二層,透天厝,住家用,鋼筋混凝土造,0770108,148.4,4,3,2,有,無,11800000,79515,,0.0,0,,RPRNMLLKJHGGFAW68DA,140.9,3.75,3.75,無,
金城鎮,土地,延平段951地號,265.83,都市：其他:農業區,,,1091228,土地1建物0車位0,,,其他,,,,0.0,0,0,0,有,無,2200000,8276,,0.0,0,親友、員工、共有人或其他特殊關係間之交易；,RPUNMLTKJHGGFAW17DA,0.0,0.0,0.0,無,020
金湖鎮,房地(土地+建物),市港五路１５８之１號３樓,8.2,都市：其他:第二種商業區,,,1091023,土地1建物1車位0,三層,十層,華廈(10層含以下有電梯),集合住宅,鋼筋混凝土造,1090408,57.67,1,1,1,有,無,4850000,84099,,0.0,0,,RPRNMLSKJHGGFAW86EA,31.71,1.11,4.91,有,
金湖鎮,房地(土地+建物),市港五路１５８之１號８樓,8.2,都市：其他:第二種商業區,,,1091015,土地1建物1車位0,八層,十層,華廈(10層含以下有電梯),旅館,鋼筋混凝土造,1090408,57.67,1,1,1,有,無,4725000,81932,,0.0,0,,RPTNMLSKJHGGFAW07EA,31.71,1.11,4.91,有,
金湖鎮,房地(土地+建物),市港五路１５２號８樓,23.78,都市：其他:第二種商業區,,,1091022,土地1建物1車位0,八層,十層,華廈(10層含以下有電梯),旅館,鋼筋混凝土造,1090408,60.22,1,1,1,有,無,5080000,84357,,0.0,0,,RPUNMLSKJHGGFAW17EA,34.31,5.39,0.0,有,
金湖鎮,房地(土地+建物),市港五路１６８號８樓,7.88,都市：其他:第二種商業區,,,1091202,土地1建物1車位0,八層,十層,華廈(10層含以下有電梯),旅館,鋼筋混凝土造,1090408,56.13,1,1,1,有,無,5120000,91217,,0.0,0,,RPVNMLSKJHGGFAW27EA,32.67,4.28,0.0,有,
金湖鎮,房地(土地+建物),市港五路１５０號５樓,8.81,都市：其他:第二種商業區,,,1091202,土地1建物1車位0,五層,十層,華廈(10層含以下有電梯),旅館,鋼筋混凝土造,1090408,63.230000000000004,1,1,1,有,無,5580000,88249,,0.0,0,,RPWNMLSKJHGGFAW37EA,35.61,6.21,0.0,有,
金沙鎮,土地,洋山段1023地號,1010.0,都市：其他:自然村專用區,,,1091214,土地1建物0車位0,,,其他,,,,0.0,0,0,0,有,無,16000000,15842,,0.0,0,,RPPNMLSKKIPFFAW67EA,0.0,0.0,0.0,無,021
金城鎮,土地,小西門劃測段92地號,75.6,都市：其他:自然村專用區,,,1100119,土地1建物0車位0,,,其他,,,,0.0,0,0,0,有,無,1300000,17196,,0.0,0,,RPXNMLLLJHGGFAW86EA,0.0,0.0,0.0,無,
金湖鎮,土地,太武段425地號,259.78,都市：其他:國家公園區,,,1100112,土地2建物0車位0,,,其他,,,,0.0,0,0,0,有,無,493582,1900,,0.0,0,政府機關標讓售；,RPQNMLMLJHGGFAW88EA,0.0,0.0,0.0,無,
金沙鎮,土地,汶沙測段1966地號,61.75,都市：其他:自然村專用區,,,1100114,土地2建物0車位0,,,其他,,,,0.0,0,0,0,有,無,1250000,20243,,0.0,0,,RPTNMLMLJHGGFAW56EA,0.0,0.0,0.0,無,
金寧鄉,房地(土地+建物),湖下３００號二樓,39.94,都市：其他:自然村專用區,,,1100120,土地1建物1車位0,二層,五層,華廈(10層含以下有電梯),集合住宅,鋼筋混凝土造,1090925,92.72999999999999,3,2,2,有,無,5700000,61469,,0.0,0,預售屋、或土地及建物分次登記案件；,RPRNMLKLJHGGFAW68DA,68.57,0.0,6.34,有,
金湖鎮,房地(土地+建物),塔后１２１號,168.89,都市：其他:自然村專用區,,,1100101,土地1建物1車位0,全,二層,透天厝,住家用,鋼筋混凝土加強磚造,0820630,272.0,2,2,1,有,無,7600000,27941,,0.0,0,頂樓加蓋；其他增建；,RPPNMLMLJHGGFAW68DA,272.0,0.0,0.0,無,
金城鎮,房地(土地+建物),珠浦西路５０巷１３弄１３號４樓,50.2,都市：其他:第六種住宅區,,,1091231,土地1建物1車位0,四層,五層,公寓(5樓含以下無電梯),住家用,鋼筋混凝土造,0871214,110.14,3,1,2,有,無,7000000,63555,,0.0,0,,RPSNMLMLJHGGFAW98DA,91.05,0.0,9.29,無,
金湖鎮,土地,士校段918-7地號,120.4,都市：其他:自然村專用區,,,1100122,土地4建物0車位0,,,其他,,,,0.0,0,0,0,有,無,690130,5732,,0.0,0,政府機關標讓售；,RPQNMLPLJHGGFAW56EA,0.0,0.0,0.0,無,
金寧鄉,土地,寧山段956地號,1385.1,都市：其他:自然村專用區,,,1091230,土地1建物0車位0,,,其他,,,,0.0,0,0,0,有,無,48000000,34655,,0.0,0,,RPRNMLKMKIPFFAW17DA,0.0,0.0,0.0,無,
金沙鎮,土地,青嶼測段428地號,1294.61,都市：其他:國家公園區,,,1100114,土地1建物0車位0,,,其他,,,,0.0,0,0,0,有,無,1500000,1159,,0.0,0,,RPUNMLOKJHGGFAW66DA,0.0,0.0,0.0,無,022
金寧鄉,房地(土地+建物),環島北路一段３８５號,1188.01,都市：其他:農業區,,,1091228,土地7建物1車位0,全,三層,透天厝,集村農舍,鋼筋混凝土造,1030716,202.22,6,2,4,有,無,12300000,60825,,0.0,0,,RPPNMLMKJHGGFAW58DA,190.53,0.0,11.69,無,
金城鎮,房地(土地+建物),庵前１８之９號,776.77,都市：其他:農業區,,,1100112,土地1建物1車位0,全,三層,透天厝,農舍,鋼筋混凝土造,1091216,358.93,11,2,12,有,無,12000000,33433,,0.0,0,,RPSNMLQLJHGGFAW86EA,358.93,0.0,0.0,無,
金湖鎮,房地(土地+建物)+車位,市港五路１５０號４樓,8.81,都市：其他:第二種商業區,,,1091022,土地1建物1車位1,四層,十層,華廈(10層含以下有電梯),旅館,鋼筋混凝土造,1090408,87.58,1,1,1,有,無,5976000,80266,坡道平面,24.34,900000,,RPPNMLLLJHGGFAW68EA,35.61,6.21,0.0,有,
金湖鎮,房地(土地+建物)+車位,市港五路１６６號４樓,8.25,都市：其他:第二種商業區,,,1091022,土地1建物1車位1,四層,十層,華廈(10層含以下有電梯),旅館,鋼筋混凝土造,1090408,82.95,1,1,1,有,無,5598000,80157,坡道平面,24.34,900000,,RPQNMLLLJHGGFAW78EA,34.46,4.07,0.0,有,
金湖鎮,房地(土地+建物)+車位,市港五路１６８號１０樓,7.81,都市：其他:第二種商業區,,,1091210,土地1建物1車位1,十層，見其他登記事項,十層,華廈(10層含以下有電梯),集合住宅,鋼筋混凝土造,1090408,78.7,1,1,1,有,無,6300000,80051,坡道平面,24.34,0,,RPRNMLLLJHGGFAW88EA,35.34,0.0,0.0,有,
金湖鎮,房地(土地+建物),市港五路１６８號４樓,7.88,都市：其他:第二種商業區,,,1091022,土地1建物1車位0,四層,十層,華廈(10層含以下有電梯),旅館,鋼筋混凝土造,1090408,56.13,1,1,1,有,無,4527000,80652,,0.0,0,,RPSNMLLLJHGGFAW98EA,32.67,4.28,0.0,有,
金湖鎮,房地(土地+建物),市港五路１６２號４樓,7.91,都市：其他:第二種商業區,,,1091022,土地1建物1車位0,四層,十層,華廈(10層含以下有電梯),旅館,鋼筋混凝土造,1090408,56.22,1,1,1,有,無,4509000,80203,,0.0,0,,RPTNMLLLJHGGFAW09EA,32.9,4.07,0.0,有,
金湖鎮,房地(土地+建物),市港五路１６０號４樓,7.89,都市：其他:第二種商業區,,,1091022,土地1建物1車位0,四層,十層,華廈(10層含以下有電梯),旅館,鋼筋混凝土造,1090408,55.98,1,1,1,有,無,4482000,80064,,0.0,0,,RPUNMLLLJHGGFAW56EA,32.73,4.07,0.0,有,
金湖鎮,房地(土地+建物),市港五路１６６號５樓,8.25,都市：其他:第二種商業區,,,1100107,土地1建物1車位0,五層,十層,華廈(10層含以下有電梯),旅館,鋼筋混凝土造,1090408,58.6,1,1,1,有,無,4720000,80546,,0.0,0,,RPVNMLLLJHGGFAW66EA,34.46,4.07,0.0,有,
金湖鎮,房地(土地+建物),市港五路１６８號７樓,7.88,都市：其他:第二種商業區,,,1100107,土地1建物1車位0,七層,十層,華廈(10層含以下有電梯),集合住宅,鋼筋混凝土造,1090408,56.13,1,1,1,有,無,4500000,80171,,0.0,0,,RPWNMLLLJHGGFAW76EA,32.67,4.28,0.0,有,
金寧鄉,房地(土地+建物),東洲８之８號２樓,47.25,都市：其他:自然村專用區,,,1100117,土地1建物2車位0,二層,三層,公寓(5樓含以下無電梯),集合住宅,鋼筋混凝土造,1091130,84.94,3,1,2,有,有,6000000,70638,,0.0,0,,RPSNMLPLJHGGFAW66DA,67.44,0.0,5.75,無,
金寧鄉,房地(土地+建物),東洲８之８號３樓,47.25,都市：其他:自然村專用區,,,1100105,土地1建物2車位0,三層,三層,公寓(5樓含以下無電梯),集合住宅,鋼筋混凝土造,1091130,84.94,3,1,2,有,有,6000000,70638,,0.0,0,,RPTNMLPLJHGGFAW76DA,67.44,0.0,5.75,無,
金寧鄉,土地,東洲段468地號,571.81,都市：其他:保護區,,,1091230,土地1建物0車位0,,,其他,,,,0.0,0,0,0,有,無,3200000,5596,,0.0,0,,RPQNMLRLJHGGFAW66DA,0.0,0.0,0.0,無,
金寧鄉,土地,寧湖二劃測段390地號,349.24,都市：其他:自然村專用區,,,1100121,土地1建物0車位0,,,其他,,,,0.0,0,0,0,有,無,14700000,42091,,0.0,0,,RPTNMLQLJHGGFAW86DA,0.0,0.0,0.0,無,023
金城鎮,房地(土地+建物),小西門５０之２號,71.73,都市：其他:自然村專用區,,,1100118,土地1建物1車位0,一層，地下一層,三層,公寓(5樓含以下無電梯),集合住宅,鋼筋混凝土造,1070723,130.4,3,2,2,有,有,4800000,36810,,0.0,0,陽台外推；預售屋、或土地及建物分次登記案件；,RPRNMLTKJHGGFAW86DA,115.8,0.0,4.57,無,
金城鎮,房地(土地+建物),民權路１２２巷１弄３號,109.09,都市：其他:第三種住宅區。,,,1091221,土地3建物1車位0,全,三層,透天厝,住家用,鋼筋混凝土造,0751115,225.9,7,2,4,有,無,5000000,22134,,0.0,0,親友、員工、共有人或其他特殊關係間之交易；,RPQNMLSLJHGGFAW76DA,199.5,19.5,6.9,無,
金城鎮,土地,延平段951地號,265.83,都市：其他:農業區,,,1100112,土地1建物0車位0,,,其他,,,,0.0,0,0,0,有,無,2450000,9216,,0.0,0,親友、員工、共有人或其他特殊關係間之交易；,RPQNMLTLJHGGFAW86DA,0.0,0.0,0.0,無,020
金湖鎮,土地,湖前段20地號,785.29,都市：其他:農業區,,,1091231,土地2建物0車位0,,,其他,,,,0.0,0,0,0,有,無,9000000,11461,,0.0,0,,RPSNMLRLJHGGFAW96EA,0.0,0.0,0.0,無,
金寧鄉,土地,寧山段459地號,637.43,都市：其他:保護區,,,1100128,土地1建物0車位0,,,其他,,,,0.0,0,0,0,有,無,2650000,4157,,0.0,0,,RPPNMLTLJHGGFAW86EA,0.0,0.0,0.0,無,009
金城鎮,房地(土地+建物),珠浦西路２８巷２弄６號三樓,34.38,都市：其他:第三種住宅區。,,,1091226,土地1建物1車位0,三層,五層,華廈(10層含以下有電梯),住家用,鋼筋混凝土造,0890221,121.22,3,2,2,有,有,8900000,73420,,0.0,0,,RPTNMLTLJHGGFAW27EA,97.35,0.0,11.14,有,
金寧鄉,土地,安西劃段1052地號,719.32,都市：其他:農業區,,,1100113,土地1建物0車位0,,,其他,,,,0.0,0,0,0,有,無,4100000,5700,,0.0,0,,RPSNMLTLJHGGFAW07DA,0.0,0.0,0.0,無,
金寧鄉,房地(土地+建物),頂埔下９５之７號三樓,35.0,都市：其他:自然村專用區,,,1100122,土地1建物1車位0,三層,三層,公寓(5樓含以下無電梯),集合住宅,鋼筋混凝土造,1010724,76.96,3,0,3,有,無,4100000,53274,,0.0,0,,RPVNMLTLJHGGFAW37DA,63.86,0.0,6.3,無,
金寧鄉,房地(土地+建物),下堡１００之２１號,11.6,都市：其他:自然村專用區,,,1100112,土地1建物1車位0,一層,三層,公寓(5樓含以下無電梯),集合住宅,鋼筋混凝土造,1031020,23.06,1,0,1,有,無,1980000,85863,,0.0,0,,RPQNMLLJKHGGFAW58DA,18.54,0.0,1.0,無,026
金寧鄉,房地(土地+建物),榜林４２號,51.07,都市：其他:自然村專用區,,,1100115,土地1建物2車位0,一層,三層,公寓(5樓含以下無電梯),集合住宅,鋼筋混凝土造,1040814,98.30000000000001,3,1,2,有,無,6400000,65107,,0.0,0,,RPRNMLLJKHGGFAW68DA,79.9,0.0,9.84,無,
金寧鄉,房地(土地+建物),下后垵５８號２樓,57.54,都市：其他:自然村專用區,,,1090527,土地2建物1車位0,二層,五層,華廈(10層含以下有電梯),集合住宅,鋼筋混凝土造,1091120,120.66,3,2,2,有,無,7300000,60501,,0.0,0,,RPSNMLRJJHGGFAW66DA,96.29,0.0,8.05,有,
金湖鎮,房地(土地+建物),市港路１６６號三樓,22.13,都市：其他:第五種住宅區,,,1100105,土地1建物1車位0,三層,六層,華廈(10層含以下有電梯),集合住宅,鋼筋混凝土造,1070817,103.22,3,2,2,有,無,6800000,65879,,0.0,0,,RPSOMLPJJHGGFAW56DA,65.76,1.72,6.83,有,
金寧鄉,房地(土地+建物),下后垵５９號,59.01,都市：其他:,,,1090605,土地2建物1車位0,一層,五層,華廈(10層含以下有電梯),集合住宅,鋼筋混凝土造,1091120,124.22999999999999,3,2,2,有,無,7300000,58762,,0.0,0,,RPTNMLRJJHGGFAW76DA,99.97,0.0,7.52,有,
金寧鄉,房地(土地+建物),下后垵５８號３樓,57.54,都市：其他:自然村專用區,,,1080621,土地2建物1車位0,三層,五層,華廈(10層含以下有電梯),集合住宅,鋼筋混凝土造,1091120,120.66,3,2,2,有,無,7300000,60501,,0.0,0,,RPPNMLRJJHGGFAW98DA,96.29,0.0,8.05,有,
金寧鄉,房地(土地+建物),下后垵５８號４樓,57.54,都市：其他:自然村專用區,,,1080429,土地2建物1車位0,四層,五層,華廈(10層含以下有電梯),集合住宅,鋼筋混凝土造,1091120,120.66,3,2,2,有,無,7000000,58014,,0.0,0,,RPQNMLRJJHGGFAW09DA,96.29,0.0,8.05,有,
金寧鄉,房地(土地+建物),下后垵５８號５樓,57.54,都市：其他:自然村專用區,,,1080910,土地2建物1車位0,五層,五層,華廈(10層含以下有電梯),集合住宅,鋼筋混凝土造,1091120,120.66,3,2,2,有,無,7350000,60915,,0.0,0,,RPRNMLRJJHGGFAW56DA,96.29,0.0,8.05,有,
金寧鄉,房地(土地+建物),榜林５之９號二樓,73.42,都市：其他:自然村專用區,,,1100129,土地1建物1車位0,二層,三層,公寓(5樓含以下無電梯),集合住宅,鋼筋混凝土造,1091209,119.67999999999999,3,2,2,有,無,7280000,60829,,0.0,0,,RPPNMLMJKHGGFAW58DA,100.52,0.0,8.05,無,
金寧鄉,土地,寧安四劃段248-17地號,293.5,都市：其他:農業區,,,1100128,土地1建物0車位0,,,其他,,,,0.0,0,0,0,有,無,6000000,20443,,0.0,0,,RPPNMLSLJHGGFAW66DA,0.0,0.0,0.0,無,
金城鎮,房地(土地+建物),浴井５２號,48.71,都市：其他:自然村專用區,,,1100122,土地1建物1車位0,一層,五層,華廈(10層含以下有電梯),集合住宅,鋼筋混凝土造,1081119,98.57,3,2,2,有,有,6400000,64935,,0.0,0,,RPSNMLNJKHGGFAW98DA,79.46,0.0,5.54,有,
金寧鄉,土地,鎮西段444地號,697.11,都市：其他:農業區,,,1100203,土地1建物0車位0,,,其他,,,,0.0,0,0,0,有,無,1000000,1434,,0.0,0,,RPXNMLNJKHGGFAW96EA,0.0,0.0,0.0,無,
金湖鎮,土地,新頭段632地號,1381.3,都市：其他:國家公園區,,,1100202,土地2建物0車位0,,,其他,,,,0.0,0,0,0,有,無,4000000,2896,,0.0,0,,RPXNMLOJKHGGFAW07EA,0.0,0.0,0.0,無,
金湖鎮,土地,瓊林段347地號,568.13,都市：其他:國家公園區,,,1100125,土地1建物0車位0,,,其他,,,,0.0,0,0,0,有,無,1500000,2640,,0.0,0,,RPRNMLPLJHGGFAW56DA,0.0,0.0,0.0,無,027
金寧鄉,房地(土地+建物),下后垵５９號２樓,60.24,都市：其他:自然村專用區,,,1090929,土地2建物1車位0,二層,五層,華廈(10層含以下有電梯),集合住宅,鋼筋混凝土造,1091120,126.93,3,2,2,有,無,7150000,56330,,0.0,0,,RPUNMLRJJHGGFAW86DA,102.08,0.0,7.76,有,
金寧鄉,房地(土地+建物),下后垵５９號５樓,60.24,都市：其他:自然村專用區,,,1080510,土地2建物1車位0,五層,五層,華廈(10層含以下有電梯),集合住宅,鋼筋混凝土造,1091120,126.93,3,2,2,有,無,7000000,55149,,0.0,0,,RPOOMLRJJHGGFAW98DA,102.08,0.0,7.76,有,
金湖鎮,房地(土地+建物),市港一路２６５號二樓,21.22,都市：其他:自然村專用區,,,1100122,土地1建物1車位0,二層,三層,華廈(10層含以下有電梯),集合住宅,鋼筋混凝土造,1040429,50.18,1,1,1,有,有,3150000,62774,,0.0,0,,RPWNMLOJKHGGFAW86DA,34.51,3.53,0.0,有,028
金沙鎮,房地(土地+建物),后浦頭１２８號三樓,92.77,都市：其他:自然村專用區,,,1100121,土地1建物1車位0,三層,三層,公寓(5樓含以下無電梯),集合住宅,鋼筋混凝土造,1041030,98.45,3,2,2,有,無,4800000,48756,,0.0,0,,RPXNMLPJKHGGFAW07DA,84.18,0.0,7.54,無,
金湖鎮,土地,湖前段421地號,111.32,都市：其他:自然村專用區,,,1100115,土地1建物0車位0,,,其他,,,,0.0,0,0,0,有,無,4000000,35932,,0.0,0,親友、員工、共有人或其他特殊關係間之交易；,RPROMLPJKHGGFAW56DA,0.0,0.0,0.0,無,029
金湖鎮,房地(土地+建物),赤東路１５０號五樓,30.32,都市：其他:第五種住宅區,,,1100120,土地1建物1車位0,五層,六層,公寓(5樓含以下無電梯),集合住宅,鋼筋混凝土造,1070809,125.38,3,2,2,有,無,8500000,67794,,0.0,0,,RPPNMLOJKHGGFAW78DA,84.6,0.0,9.5,無,030
烈嶼鄉,土地,東坑段309地號,958.4,都市：其他:農業區,,,1100203,土地3建物0車位0,,,其他,,,,0.0,0,0,0,有,無,1500000,1565,,0.0,0,,RPSNMLSJKHGGFAW86DA,0.0,0.0,0.0,無,
金湖鎮,土地,新市段1072地號,28.45,都市：其他:道路用地,,,1100127,土地1建物0車位0,,,其他,,,,0.0,0,0,0,有,無,2270310,79800,,0.0,0,協議價購；,RPRNMLRLJHGGFAW76DA,0.0,0.0,0.0,無,
金寧鄉,房地(土地+建物),西堡３９之９號三樓,41.09,都市：其他:自然村專用區,,,1100126,土地1建物1車位0,三層,五層,華廈(10層含以下有電梯),集合住宅,鋼筋混凝土造,1090817,91.33,3,2,2,有,無,5100000,55841,,0.0,0,,RPUNMLQLJHGGFAW96DA,72.66,0.0,5.4,有,
金湖鎮,土地,湖前段1323地號,110.0,都市：其他:自然村專用區,,,1090601,土地1建物0車位0,,,其他,,,,0.0,0,0,0,有,無,600000,5455,,0.0,0,親友、員工、共有人或其他特殊關係間之交易；,RPOOMLNJKHGGFAW78EA,0.0,0.0,0.0,無,
金寧鄉,土地,安西劃段998地號,708.89,都市：其他:農業區,,,1100126,土地1建物0車位0,,,其他,,,,0.0,0,0,0,有,無,4500000,6348,,0.0,0,,RPRNMLOJKHGGFAW09EA,0.0,0.0,0.0,無,
金寧鄉,土地,西山段940地號,3356.71,都市：其他:農業區,,,1100126,土地5建物0車位0,,,其他,,,,0.0,0,0,0,有,無,4500000,1341,,0.0,0,,RPTNMLOJKHGGFAW66EA,0.0,0.0,0.0,無,031
金湖鎮,房地(土地+建物)+車位,尚義１５０號三樓之１１,39.26,都市：其他:自然村專用區,,,1091218,土地2建物1車位1,三層,三層,華廈(10層含以下有電梯),集合住宅,鋼筋混凝土造,1080625,104.55,2,1,2,有,無,4700000,54842,坡道平面,29.79,600000,,RPQNMLSKKIPFFAW67DA,48.95,0.0,5.55,有,
金寧鄉,土地,寧湖一劃段145-10地號,18.45,都市：其他:自然村專用區,,,1100106,土地2建物0車位0,,,其他,,,,0.0,0,0,0,有,無,660000,35772,,0.0,0,,RPRNMLQJJHGGFAW09DA,0.0,0.0,0.0,無,
金寧鄉,土地,中山林段187-10地號,800.0,都市：其他:國家公園區,,,1100205,土地1建物0車位0,,,其他,,,,0.0,0,0,0,有,無,3000000,3750,,0.0,0,,RPSNMLTJKHGGFAW07EA,0.0,0.0,0.0,無,
金湖鎮,房地(土地+建物),后園４６號,86.93,都市：其他:自然村專用區,,,1100129,土地1建物1車位0,全,三層,透天厝,集合住宅,鋼筋混凝土造,0981019,141.75,4,2,4,有,無,5500000,38801,,0.0,0,親友、員工、共有人或其他特殊關係間之交易；,RPRNMLRKKHGGFAW86EA,141.75,0.0,0.0,無,
金湖鎮,房地(土地+建物),市港三路１３５之１號五樓,13.83,都市：其他:第五種住宅區,,,1100119,土地1建物1車位0,五層,七層,華廈(10層含以下有電梯),集合住宅,鋼筋混凝土造,1050617,72.38,2,1,1,有,無,4230000,58442,,0.0,0,預售屋、或土地及建物分次登記案件；,RPRNMLQLJHGGFAW66DA,41.78,3.44,6.76,有,
金城鎮,房地(土地+建物),小西門５０之３號,76.93,都市：其他:自然村專用區,,,1100118,土地1建物1車位0,一層，地下一層,三層,公寓(5樓含以下無電梯),集合住宅,鋼筋混凝土造,1070723,138.28,3,2,2,有,有,5000000,36159,,0.0,0,陽台外推；預售屋、或土地及建物分次登記案件；,RPTNMLTKJHGGFAW07DA,125.64,0.0,1.88,無,
金寧鄉,土地,北二三劃測段442地號,1945.1,都市：其他:農業區,,,1100128,土地2建物0車位0,,,其他,,,,0.0,0,0,0,有,無,11670000,6000,,0.0,0,,RPPNMLTJKHGGFAW66DA,0.0,0.0,0.0,無,032
金湖鎮,房地(土地+建物),士校路１４８３號二樓,42.29,都市：其他:自然村專用區,,,1100202,土地1建物2車位0,二層,三層,公寓(5樓含以下無電梯),集合住宅,鋼筋混凝土造,1030924,95.00999999999999,2,2,2,有,無,4900000,51574,,0.0,0,,RPRNMLSJKHGGFAW76DA,74.27,0.0,8.86,無,033
金城鎮,房地(土地+建物),慈湖路一段１巷１２號二樓,29.05,都市：其他:農業區,,,1091120,土地1建物1車位0,二層,三層,華廈(10層含以下有電梯),集合住宅,鋼筋混凝土造,1040514,70.25,1,1,1,有,無,5000000,71174,,0.0,0,含傢俱設備費；,RPTNMLNJKIPFFAW37DA,36.02,0.0,4.6,有,
金城鎮,土地,古崗段1094地號,510.25,都市：其他:國家公園區,,,1091125,土地1建物0車位0,,,其他,,,,0.0,0,0,0,有,無,1500000,2940,,0.0,0,,RPPNMLPLJIPFFAW27DA,0.0,0.0,0.0,無,
金沙鎮,土地,沙碧劃段322地號,380.0,都市：其他:農業區,,,1100201,土地1建物0車位0,,,其他,,,,0.0,0,0,0,有,無,1000000,2632,,0.0,0,,RPSNMLLJKHGGFAW78DA,0.0,0.0,0.0,無,
金城鎮,土地,金城劃段265地號,500.0,都市：其他:農業區,,,1100202,土地1建物0車位0,,,其他,,,,0.0,0,0,0,有,無,5000000,10000,,0.0,0,,RPPNMLSKKHGGFAW76EA,0.0,0.0,0.0,無,
金寧鄉,土地,古寧頭段140地號,463.75,都市：其他:國家公園區,,,1100217,土地2建物0車位0,,,其他,,,,0.0,0,0,0,有,無,1645900,3549,,0.0,0,,RPQNMLSKKHGGFAW86EA,0.0,0.0,0.0,無,
金城鎮,土地,庵前劃測段617地號,639.98,都市：其他:保護區,,,1100203,土地1建物0車位0,,,其他,,,,0.0,0,0,0,有,無,2300000,3594,,0.0,0,,RPSNMLSKKHGGFAW96DA,0.0,0.0,0.0,無,
金湖鎮,土地,湖前段37-9地號,60.0,都市：其他:學校用地,,,1091226,土地1建物0車位0,,,其他,,,,0.0,0,0,0,有,無,1620000,27000,,0.0,0,協議價購；,RPTNMLSJKHGGFAW07EA,0.0,0.0,0.0,無,
金湖鎮,土地,湖前段279-1地號,135.86,都市：其他:學校用地,,,1091226,土地2建物0車位0,,,其他,,,,0.0,0,0,0,有,無,2528100,18608,,0.0,0,協議價購；,RPUNMLSJKHGGFAW17EA,0.0,0.0,0.0,無,
金湖鎮,土地,湖前段37-17地號,64.0,都市：其他:學校用地,,,1091226,土地2建物0車位0,,,其他,,,,0.0,0,0,0,有,無,1634640,25541,,0.0,0,協議價購；,RPVNMLSJKHGGFAW27EA,0.0,0.0,0.0,無,
金湖鎮,土地,塔后段256地號,386.36,都市：其他:保護區,,,1100203,土地1建物0車位0,,,其他,,,,0.0,0,0,0,有,無,745675,1930,,0.0,0,政府機關標讓售；,RPPNMLMLKHGGFAW88EA,0.0,0.0,0.0,無,
金沙鎮,土地,沙港劃段19地號,1000.51,都市：其他:道路用地,,,1100201,土地2建物0車位0,,,其他,,,,0.0,0,0,0,有,無,7000000,6996,,0.0,0,,RPSNMLKLKHGGFAW88DA,0.0,0.0,0.0,無,034
金寧鄉,房地(土地+建物),下堡１００之９號二樓,42.91,都市：其他:自然村專用區,,,1100120,土地1建物1車位0,二層,三層,公寓(5樓含以下無電梯),集合住宅,鋼筋混凝土造,1021120,120.57000000000001,3,2,2,有,無,6500000,53911,,0.0,0,,RPQNMLMLKHGGFAW88DA,86.02,0.0,8.18,無,035
金湖鎮,房地(土地+建物),尚義１５０號一樓之５,39.66,都市：其他:自然村專用區,,,1100114,土地2建物1車位0,一層,三層,華廈(10層含以下有電梯),集合住宅,鋼筋混凝土造,1080625,75.25999999999999,2,1,2,有,無,3900000,51820,,0.0,0,,RPPNMLPKJHGGFAW88DA,53.04,0.0,1.64,有,
金寧鄉,房地(土地+建物),下埔下１２８號,91.84,都市：其他:自然村專用區,,,1100128,土地1建物1車位0,全,三層,透天厝,住家用,鋼筋混凝土造,1031124,142.48,5,2,4,有,無,10500000,73695,,0.0,0,,RPRNMLNLKHGGFAW09DA,136.97,2.43,3.08,無,036
金沙鎮,土地,北八劃段174地號,1000.0,都市：其他:農業區,,,1100222,土地1建物0車位0,,,其他,,,,0.0,0,0,0,有,無,2500000,2500,,0.0,0,親友、員工、共有人或其他特殊關係間之交易；,RPTNMLNLKHGGFAW66DA,0.0,0.0,0.0,無,
金湖鎮,房地(土地+建物),下莊中興路２６號,88.0,都市：其他:自然村專用區,,,1100222,土地1建物1車位0,全,二層,透天厝,住商用,鋼筋混凝土造,0680101,172.32,6,1,2,有,無,3800000,22052,,0.0,0,,RPOOMLOLKHGGFAW98DA,172.32,0.0,0.0,無,
金城鎮,土地,北堤段537-5地號,28.47,都市：其他:,,,1100222,土地1建物0車位0,,,其他,,,,0.0,0,0,0,有,無,920000,32315,,0.0,0,,RPQNMLOLKHGGFAW56EA,0.0,0.0,0.0,無,
金城鎮,土地,北堤段537-4地號,8.24,都市：其他:,,,1100222,土地1建物0車位0,,,其他,,,,0.0,0,0,0,有,無,650000,78883,,0.0,0,,RPSNMLOLKHGGFAW76EA,0.0,0.0,0.0,無,
金城鎮,土地,北堤段537-3地號,8.28,都市：其他:第三種住宅區。,,,1100222,土地1建物0車位0,,,其他,,,,0.0,0,0,0,有,無,650000,78502,,0.0,0,,RPRNMLOLKHGGFAW66EA,0.0,0.0,0.0,無,
烈嶼鄉,土地,西方劃測段501地號,523.2,都市：其他:農業區,,,1100223,土地1建物0車位0,,,其他,,,,0.0,0,0,0,有,無,3500000,6690,,0.0,0,,RPQNMLNLKHGGFAW98DA,0.0,0.0,0.0,無,
金城鎮,房地(土地+建物),大古崗１２７號四樓,47.5,都市：其他:風景區,,,1100126,土地3建物1車位0,四層,五層,華廈(10層含以下有電梯),集合住宅,鋼筋混凝土造,1090529,96.2,3,2,2,有,無,5200000,54054,,0.0,0,,RPPNMLRLJHGGFAW56DA,77.01,0.0,6.97,有,
金城鎮,房地(土地+建物),西海路三段３９巷２弄１６號１樓,33.2,都市：其他:農業區,,,1091231,土地1建物1車位0,一層,三層,公寓(5樓含以下無電梯),住家用,鋼筋混凝土加強磚造,0831008,98.14,3,2,2,有,無,5397600,54999,,0.0,0,,RPVNMLLMKIPFFAW67DA,89.4,8.74,0.0,無,
金寧鄉,房地(土地+建物),榜林５之９號,73.77,都市：其他:自然村專用區,,,1100205,土地1建物1車位0,一層,三層,公寓(5樓含以下無電梯),集合住宅,鋼筋混凝土造,1091209,115.88,3,2,2,有,無,8800000,75941,,0.0,0,,RPUOMLPJKHGGFAW86DA,100.52,0.0,4.19,無,
金湖鎮,房地(土地+建物),新頭３０５號,120.22,都市：其他:自然村專用區,,,1100131,土地1建物1車位0,全,三層,透天厝,集合住宅,鋼筋混凝土造,1070928,224.85000000000002,5,2,5,有,無,12200000,54258,,0.0,0,,RPPNMLPLKHGGFAW09DA,168.01,0.0,23.6,無,037
金湖鎮,房地(土地+建物)+車位,新頭３００號,188.3,都市：其他:自然村專用區,,,1100131,土地1建物1車位6,全,三層,透天厝,集合住宅,鋼筋混凝土造,1070928,335.68,4,2,2,有,無,18886000,56262,坡道平面,83.88,0,,RPUNMLQLKHGGFAW07DA,196.59,0.0,19.54,無,038
金湖鎮,房地(土地+建物),新頭３０７號,120.22,都市：其他:自然村專用區,,,1100208,土地1建物1車位0,全,三層,透天厝,集合住宅,鋼筋混凝土造,1070928,224.85000000000002,5,2,3,有,無,12200000,54258,,0.0,0,,RPVNMLQLKHGGFAW17DA,168.0,0.0,23.6,無,039
金沙鎮,土地,中蘭劃測段125地號,599.97,都市：其他:農業區,,,1100120,土地1建物0車位0,,,其他,,,,0.0,0,0,0,有,無,3300000,5500,,0.0,0,,RPSNMLNLKHGGFAW56DA,0.0,0.0,0.0,無,
金城鎮,房地(土地+建物),民權路２２６巷４弄２２號三樓,30.63,都市：其他:第三種住宅區。,,,1091222,土地1建物1車位0,三層,五層,公寓(5樓含以下無電梯),集合住宅,鋼筋混凝土造,0971118,103.89999999999999,3,2,2,有,無,7000000,67372,,0.0,0,親友、員工、共有人或其他特殊關係間之交易；,RPWNMLQLKHGGFAW27DA,81.76,0.0,6.15,無,
金寧鄉,土地,寧湖三劃段797地號,1068.13,都市：其他:農業區,,,1100112,土地2建物0車位0,,,其他,,,,0.0,0,0,0,有,無,6150000,5758,,0.0,0,,RPPNMLNLKHGGFAW88DA,0.0,0.0,0.0,無,040
金城鎮,房地(土地+建物),金門城８８之８號三樓,49.06,都市：其他:,,,1091220,土地1建物1車位0,三層,五層,華廈(10層含以下有電梯),集合住宅,鋼筋混凝土造,1090423,110.17999999999999,3,2,2,有,無,6630000,60174,,0.0,0,預售屋、或土地及建物分次登記案件；,RPSNMLRKKHGGFAW86DA,88.52,0.0,7.64,有,
金城鎮,房地(土地+建物),小西門５０之５號,71.73,都市：其他:自然村專用區,,,1100201,土地1建物1車位0,一層，地下一層,三層,公寓(5樓含以下無電梯),集合住宅,鋼筋混凝土造,1070723,130.4,3,2,2,有,有,5100000,39110,,0.0,0,陽台外推；預售屋、或土地及建物分次登記案件；,RPRNMLMJKHGGFAW78DA,115.8,0.0,4.57,無,
金湖鎮,土地,湖后劃段496地號,1000.0,都市：其他:農業區,,,1100302,土地1建物0車位0,,,其他,,,,0.0,0,0,0,有,無,3000000,3000,,0.0,0,親友、員工、共有人或其他特殊關係間之交易；,RPPNMLMJLHGGFAW78EA,0.0,0.0,0.0,無,
金寧鄉,房地(土地+建物),湖下２１１－１０號,32.17,都市：其他:自然村專用區,,,1100223,土地1建物1車位0,一層,五層,華廈(10層含以下有電梯),集合住宅,鋼筋混凝土造,1091223,71.96,2,2,1,有,無,5250000,72957,,0.0,0,,RPPNMLNJLHGGFAW88EA,58.36,0.0,0.0,有,
金湖鎮,土地,塔后段139地號,236.74,都市：其他:機關用地,,,1100223,土地1建物0車位0,,,其他,,,,0.0,0,0,0,有,無,360079,1521,,0.0,0,政府機關標讓售；,RPPNMLOJLHGGFAW98EA,0.0,0.0,0.0,無,
金寧鄉,房地(土地+建物),湖下２１１－９號五樓,31.85,都市：其他:自然村專用區,,,1100223,土地1建物1車位0,五層,五層,華廈(10層含以下有電梯),集合住宅,鋼筋混凝土造,1091223,76.9,2,2,1,有,無,5400000,70221,,0.0,0,含法定停車位約定專用１位。,RPQNMLNJLHGGFAW98EA,57.82,0.0,5.62,有,
金寧鄉,房地(土地+建物),湖下２１１－１１號五樓,31.85,都市：其他:自然村專用區,,,1100223,土地1建物1車位0,五層,五層,華廈(10層含以下有電梯),集合住宅,鋼筋混凝土造,1091223,76.9,2,2,1,有,無,4900000,63719,,0.0,0,,RPRNMLNJLHGGFAW09EA,57.82,0.0,5.62,有,
金寧鄉,房地(土地+建物),湖下２２０之２６號,105.2,都市：其他:自然村專用區,,,1080720,土地1建物1車位0,全,三層,透天厝,集合住宅,鋼筋混凝土造,1091231,183.55,5,2,5,有,無,10000000,54481,,0.0,0,,RPRNMLPLKHGGFAW66DA,178.33,0.0,5.22,無,
金寧鄉,房地(土地+建物),湖下２２０之２９號,105.2,都市：其他:自然村專用區,,,1080720,土地1建物1車位0,全,三層,透天厝,集合住宅,鋼筋混凝土造,1091231,183.55,5,2,5,有,無,10000000,54481,,0.0,0,,RPSNMLPLKHGGFAW76DA,178.33,0.0,5.22,無,
金寧鄉,房地(土地+建物),湖下２２０之３０號,105.2,都市：其他:自然村專用區,,,1080720,土地1建物1車位0,全,三層,透天厝,集合住宅,鋼筋混凝土造,1091231,183.55,5,2,5,有,無,10000000,54481,,0.0,0,,RPTNMLPLKHGGFAW86DA,178.33,0.0,5.22,無,
金寧鄉,土地,后沙劃測段73-1地號,990.01,都市：其他:,,,1090616,土地2建物0車位0,,,其他,,,,0.0,0,0,0,有,無,4500000,4545,,0.0,0,,RPVNMLPLKHGGFAW07DA,0.0,0.0,0.0,無,
金寧鄉,土地,北四劃段310地號,712.95,都市：其他:農業區,,,1091228,土地1建物0車位0,,,其他,,,,0.0,0,0,0,有,無,2630000,3689,,0.0,0,,RPTNMLOLKHGGFAW76DA,0.0,0.0,0.0,無,
金城鎮,房地(土地+建物),金門城３０之６號,63.79,都市：其他:,,,1100225,土地1建物1車位0,一層,三層,公寓(5樓含以下無電梯),集合住宅,鋼筋混凝土造,1000125,100.28999999999999,3,2,2,有,無,4650000,46366,,0.0,0,,RPPNMLPJLHGGFAW09EA,82.37,0.0,11.96,無,
金沙鎮,房地(土地+建物),陽翟１２５號,274.0,都市：其他:自然村專用區,,,1100223,土地1建物1車位0,全,二層,透天厝,住家用,鋼筋混凝土造,0970403,93.26,5,1,2,有,無,3000000,32168,,0.0,0,親友、員工、共有人或其他特殊關係間之交易；,RPROMLPJLHGGFAW76EA,83.84,0.0,9.42,無,
烈嶼鄉,土地,古廟段176地號,81.0,都市：其他:自然村專用區,,,1100307,土地1建物0車位0,,,其他,,,,0.0,0,0,0,有,無,850000,10494,,0.0,0,未登記建物；,RPRNMLSJLHGGFAW96EA,0.0,0.0,0.0,無,
金城鎮,房地(土地+建物),庵前２９之７號三樓之１,34.5,都市：其他:自然村專用區,,,1100131,土地1建物1車位0,三層,三層,公寓(5樓含以下無電梯),集合住宅,鋼筋混凝土造,1060630,64.72,2,1,1,有,無,4200000,64895,,0.0,0,,RPWNMLMJLHGGFAW76DA,57.31,0.0,1.71,無,
金寧鄉,房地(土地+建物),安岐５０之９號三樓,40.21,都市：其他:自然村專用區,,,1100303,土地1建物1車位0,三層,三層,公寓(5樓含以下無電梯),集合住宅,鋼筋混凝土造,1050106,80.05,3,1,2,有,無,4250000,53092,,0.0,0,,RPOPMLPJLHGGFAW09DA,66.87,0.0,7.41,無,
金湖鎮,土地,后壟段174地號,1290.0,都市：其他:農業區,,,1100218,土地1建物0車位0,,,其他,,,,0.0,0,0,0,有,無,3870000,3000,,0.0,0,,RPQNMLKLKHGGFAW68DA,0.0,0.0,0.0,無,041
金寧鄉,土地,北二三劃測段444地號,523.14,都市：其他:農業區,,,1100128,土地1建物0車位0,,,其他,,,,0.0,0,0,0,有,無,3130000,5983,,0.0,0,,RPQNMLTJKHGGFAW76DA,0.0,0.0,0.0,無,
