﻿編號,土地位置,土地移轉面積(平方公尺),使用分區或編定,權利人持分分母,權利人持分分子,移轉情形,地號
The serial number, land position,land shifting area square meter,the use zoning or compiles and checks,,,,land parcel
RPRNMLTJKIPFFAW77DA,煙墩段,37.64,都市：其他:自然村專用區,10000,621,持分移轉,10060000
RPRNMLTJKIPFFAW77DA,煙墩段,64.08,都市：其他:自然村專用區,10000,621,持分移轉,10070000
RPPNMLRJKIPFFAW47EA,旗牌段,894.00,都市：其他:農業區,1,1,全筆移轉,01440000
RPTOMLSKJIPFFAW97DA,湖前段,770.23,都市：其他:自然村專用區,1,1,全筆移轉,04310000
RPUNMLTJKIPFFAW08DA,煙墩段,37.64,都市：其他:自然村專用區,10000,621,持分移轉,10060000
RPSNMLTJKIPFFAW87DA,北二三劃測段,60.61,都市：其他:農業區,2,1,持分移轉,02950000
RPUNMLTJKIPFFAW08DA,煙墩段,64.08,都市：其他:自然村專用區,10000,621,持分移轉,10070000
RPSNMLTJKIPFFAW87DA,北二三劃測段,36.72,都市：其他:農業區,2,1,持分移轉,02950001
RPSNMLTJKIPFFAW87DA,北二三劃測段,6.34,都市：其他:,2,1,持分移轉,02950004
RPRNMLNKJIPFFAW17DA,寧安二劃段,28.10,都市：其他:自然村專用區,10000,569,持分移轉,05450000
RPQNMLPKKIPFFAW47EA,山前段,268.00,都市：其他:農業區,1,1,全筆移轉,04160000
RPPNMLRJKIPFFAW37DA,市港段,8.49,都市：其他:第二種商業區,100000,814,持分移轉,00930000
RPSNMLLKKIPFFAW17DA,煙墩段,37.71,都市：其他:自然村專用區,10000,622,持分移轉,10060000
RPSNMLLKKIPFFAW17DA,煙墩段,64.18,都市：其他:自然村專用區,10000,622,持分移轉,10070000
RPRNMLLKKIPFFAW07DA,東洲村測段,142.01,都市：其他:,1,1,全筆移轉,00240001
RPTNMLLKKIPFFAW37EA,新頭段,313.62,都市：其他:農業區,1,1,全筆移轉,09680000
RPTNMLLKKIPFFAW37EA,新頭段,249.85,都市：其他:農業區,1,1,全筆移轉,09700000
RPTNMLLKKIPFFAW37EA,新頭段,344.89,都市：其他:農業區,1,1,全筆移轉,10610000
RPPNMLOKKIPFFAW27EA,古崗村測段,170.00,都市：其他:,1,1,全筆移轉,04300000
RPWNMLLKKIPFFAW57DA,吳厝村測段,58.61,都市：其他:,17835,1758,持分移轉,01670000
RPOOMLLLIIPFFAW76DA,中三劃測段,752.70,都市：其他:農業區,1,1,全筆移轉,05810000
RPVNMLLKKIPFFAW47DA,煙墩段,37.64,都市：其他:自然村專用區,10000,621,持分移轉,10060000
RPVNMLLKKIPFFAW47DA,煙墩段,64.08,都市：其他:自然村專用區,10000,621,持分移轉,10070000
RPRNMLQKKIPFFAW57DA,寧湖二劃測段,14.00,都市：其他:自然村專用區,36160,1400,持分移轉,12220000
RPRNMLQKKIPFFAW57DA,寧湖二劃測段,21.57,都市：其他:自然村專用區,10,1,持分移轉,12220009
RPRNMLQKKIPFFAW57DA,寧湖二劃測段,24.36,都市：其他:自然村專用區,10,1,持分移轉,12220010
RPSNMLQKKIPFFAW67DA,寧湖二劃測段,14.00,都市：其他:自然村專用區,36160,1400,持分移轉,12220000
RPSNMLQKKIPFFAW67DA,寧湖二劃測段,21.57,都市：其他:自然村專用區,10,1,持分移轉,12220009
RPSNMLQKKIPFFAW67DA,寧湖二劃測段,24.36,都市：其他:自然村專用區,10,1,持分移轉,12220010
RPQNMLSJKIPFFAW57DA,祥豐段,13.06,都市：其他:第三種住宅區。,10000,168,持分移轉,00390000
RPQNMLSJKIPFFAW57DA,祥豐段,10.13,都市：其他:第三種住宅區。,10000,168,持分移轉,00400000
RPPOMLPKKIPFFAW37DA,煙墩段,37.64,都市：其他:自然村專用區,10000,621,持分移轉,10060000
RPPOMLPKKIPFFAW37DA,煙墩段,64.08,都市：其他:自然村專用區,10000,621,持分移轉,10070000
RPPNMLQKKIPFFAW47EA,古井段,256.00,都市：其他:農業區,1,1,全筆移轉,01020000
RPXNMLQKKIPFFAW18DA,西方段,26.50,都市：其他:自然村專用區,6,1,持分移轉,02520000
RPXNMLQKKIPFFAW18DA,西方段,26.50,都市：其他:自然村專用區,6,1,持分移轉,02520000
RPPOMLRKKIPFFAW57DA,舊金城段,525.00,都市：其他:農業區,1,1,全筆移轉,00620000
RPPOMLRKKIPFFAW57DA,舊金城段,381.00,都市：其他:農業區,1,1,全筆移轉,00780000
RPPOMLRKKIPFFAW57DA,舊金城段,944.00,都市：其他:農業區,1,1,全筆移轉,02350000
RPQOMLRKKIPFFAW67DA,前水頭測段,135.40,都市：其他:國家公園區,4,1,持分移轉,00630000
RPRNMLOKIIPFFAW17DA,中一段,19.29,都市：其他:農業區,1,1,全筆移轉,00790024
RPRNMLOKIIPFFAW17DA,中一段,9.01,都市：其他:農業區,1,1,全筆移轉,00790042
RPRNMLOKIIPFFAW17DA,中一段,45.02,都市：其他:農業區,1,1,全筆移轉,01010000
RPRNMLMJKIPFFAW07DA,寧湖三劃段,1015.30,都市：其他:農業區,1,1,全筆移轉,04720000
SPPOMLNKJIPFFAW17DA,市港段,13.58,都市：其他:第二種商業區,100000,1302,持分移轉,00930000
RPPOMLNKJIPFFAW07DA,市港段,14.42,都市：其他:第二種商業區,100000,1383,持分移轉,00930000
RPPNMLTKKIPFFAW67DA,舊金城段,1057.00,都市：其他:農業區,1,1,全筆移轉,09520000
RPQNMLRKKIPFFAW57DA,山后段,64.62,都市：其他:國家公園區-第二類一般管制區,1,1,全筆移轉,07170000
RPTNMLMJKIPFFAW27DA,小西門劃測段,461.03,都市：其他:農業區,1,1,全筆移轉,07420000
RPQNMLOKKIPFFAW27DA,中蘭劃測段,800.01,都市：其他:農業區,1,1,全筆移轉,04580000
RPPNMLLLKIPFFAW07EA,沙港劃段,1000.00,都市：其他:農業區,1,1,全筆移轉,06820000
RPPNMLLLKIPFFAW07EA,北九劃段,1000.00,都市：其他:農業區,1,1,全筆移轉,12750000
RPTNMLNKJIPFFAW37DA,寧安二劃段,41.09,都市：其他:自然村專用區,10000,832,持分移轉,05450000
RPPNMLOJKIPFFAW07DA,湖前段,62.50,都市：其他:自然村專用區,1,1,全筆移轉,03820025
RPPNMLOJKIPFFAW07DA,湖前段,1.05,都市：其他:自然村專用區,1200,1,持分移轉,03820026
RPQNMLLLKIPFFAW17EA,北九劃段,1000.00,都市：其他:農業區,1,1,全筆移轉,11670000
RPSNMLLLKIPFFAW37EA,北九劃段,1000.00,都市：其他:農業區,1,1,全筆移轉,12280000
RPPNMLMLKIPFFAW17EA,湖前段,125.02,都市：其他:機關用地,32,4,持分移轉,05620000
RPRNMLLLKIPFFAW27EA,北九劃段,1000.00,都市：其他:農業區,1,1,全筆移轉,12630000
RPSNMLOLKIPFFAW67EA,祥和段,1.78,都市：其他:第六種住宅區,1,1,全筆移轉,01330007
RPPNMLOLKIPFFAW37EA,山前段,380.00,都市：其他:農業區,1,1,全筆移轉,08090000
RPPNMLOLKIPFFAW37EA,山前段,1497.00,都市：其他:農業區,1,1,全筆移轉,08740000
RPPNMLSJKIPFFAW57EA,塔后段,561.75,都市：其他:農業區,1,1,全筆移轉,04320000
RPPNMLSJKIPFFAW57EA,塔后段,366.40,都市：其他:自然村專用區,1,1,全筆移轉,05670000
RPPNMLSJKIPFFAW57EA,塔后段,357.37,都市：其他:農業區,1,1,全筆移轉,05810000
RPPNMLSJKIPFFAW57EA,湖前段,9.82,都市：其他:自然村專用區,2,1,持分移轉,05960002
RPPNMLSJKIPFFAW57EA,料羅段,183.00,都市：其他:自然村專用區,1,1,全筆移轉,11230000
RPPNMLSJKIPFFAW57EA,塔后段,320.00,都市：其他:自然村專用區,1,1,全筆移轉,11250000
RPQNMLNLKIPFFAW27DA,北二三劃測段,999.97,都市：其他:農業區,1,1,全筆移轉,03920000
RPWNMLRKKIPFFAW18DA,漁村段,79.33,都市：其他:自然村專用區,3,1,持分移轉,09530000
RPQNMLQKJIPFFAW37DA,金門城測段,62.50,都市：其他:,2,1,持分移轉,01530000
RPVNMLPKKIPFFAW87DA,東店段,29.79,都市：其他:自然村專用區,100000,2497,持分移轉,03310000
RPUNMLOLKIPFFAW77DA,湖下村測段,24.43,都市：其他:自然村專用區,42,5,持分移轉,03070000
RPQNMLPLKIPFFAW47DA,湖后劃段,1000.00,都市：其他:農業區,1,1,全筆移轉,02270000
RPUNMLPKKIPFFAW77DA,沙東劃段,943.08,都市：其他:農業區,1,1,全筆移轉,02310000
RPPNMLNLKIPFFAW17DA,浦邊測段,1076.89,都市：其他:保護區,1,1,全筆移轉,06250000
RPTNMLQKKIPFFAW77DA,東園劃段,836.72,都市：其他:農業區,1,1,全筆移轉,03100000
RPTNMLSLKIPFFAW08DA,西堡劃測段,398.27,都市：其他:保護區,1,1,全筆移轉,04740000
RPQNMLKKKIPFFAW86DA,煙墩段,37.64,都市：其他:自然村專用區,10000,621,持分移轉,10060000
RPQNMLKKKIPFFAW86DA,煙墩段,64.08,都市：其他:自然村專用區,10000,621,持分移轉,10070000
RPSNMLSLKIPFFAW97DA,塔后段,55.00,都市：其他:自然村專用區,1,1,全筆移轉,11310000
RPRNMLOLKIPFFAW47DA,煙墩段,37.64,都市：其他:自然村專用區,10000,621,持分移轉,10060000
RPRNMLOLKIPFFAW47DA,煙墩段,64.08,都市：其他:自然村專用區,10000,621,持分移轉,10070000
RPSNMLKKKIPFFAW07DA,煙墩段,37.64,都市：其他:自然村專用區,10000,621,持分移轉,10060000
RPSNMLKKKIPFFAW07DA,煙墩段,64.08,都市：其他:自然村專用區,10000,621,持分移轉,10070000
RPQOMLPKKIPFFAW47DA,后沙劃測段,749.99,都市：其他:農業區,1,1,全筆移轉,00450000
RPTNMLRKKIPFFAW87DA,塔后段,17.59,都市：其他:自然村專用區,10000,435,持分移轉,00790000
RPUNMLSLKIPFFAW18DA,水頭段,664.66,都市：其他:國家公園區,1,1,全筆移轉,08740000
RPQNMLSLKIPFFAW77DA,賢厝段,560.00,都市：其他:農業區,1,1,全筆移轉,07130000
RPQNMLSLKIPFFAW77DA,賢厝段,719.00,都市：其他:農業區,1,1,全筆移轉,07150000
RPSNMLKMKIPFFAW37EA,市港段,8.25,都市：其他:第二種商業區,100000,791,持分移轉,00930000
RPPOMLQKKIPFFAW47DA,山外段,2.48,都市：其他:自然村專用區,1,1,全筆移轉,02190000
RPPNMLLMKIPFFAW17EA,新市段,15.24,都市：其他:第二種住宅區,10000,254,持分移轉,01220000
RPQNMLKMKIPFFAW07DA,寧安二劃段,633.33,都市：其他:農業區,30,19,持分移轉,04900000
RPSNMLTLKIPFFAW18EA,黃埔段,189.50,都市：其他:自然村專用區,2,1,持分移轉,01150000
RPSNMLTLKIPFFAW18EA,黃埔段,189.50,都市：其他:自然村專用區,2,1,持分移轉,01150000
RPPNMLLKKIPFFAW86DA,寧山段,637.43,都市：其他:保護區,1,1,全筆移轉,04590000
RPRNMLLMKIPFFAW37EA,塔后段,340.76,都市：其他:保護區,3,1,持分移轉,02390000
RPRNMLLMKIPFFAW37EA,塔后段,340.76,都市：其他:保護區,3,1,持分移轉,02390000
RPRNMLLMKIPFFAW37EA,塔后段,340.76,都市：其他:保護區,3,1,持分移轉,02390000
RPRNMLPKKIPFFAW47DA,城隍廟段,1.90,都市：其他:第二種商業區,1,1,全筆移轉,08300000
RPRNMLPKKIPFFAW47DA,城隍廟段,.32,都市：其他:第二種商業區,1,1,全筆移轉,08340001
RPQOMLPJJHGGFAW09EA,汶沙測段,77.40,都市：其他:自然村專用區,2,1,持分移轉,08140000
RPRNMLRLJIPFFAW67DA,寧山段,478.69,都市：其他:保護區,1,1,全筆移轉,04740000
RPRNMLRLJIPFFAW67DA,寧山段,384.03,都市：其他:農業區,1,1,全筆移轉,04830000
RPRNMLRLJIPFFAW67DA,寧山段,238.27,都市：其他:農業區,1,1,全筆移轉,04920000
RPPOMLPJJHGGFAW98EA,北九劃段,1000.00,都市：其他:農業區,1,1,全筆移轉,13560000
RPUNMLTKJIPFFAW08DA,中三劃測段,517.51,都市：其他:農業區,1,1,全筆移轉,03360000
RPUNMLTKJIPFFAW08DA,中三劃測段,186.22,都市：其他:,1,1,全筆移轉,03360001
RPUNMLTKJIPFFAW08DA,中三劃測段,29.27,都市：其他:,1,1,全筆移轉,03360002
RPVNMLLLKIPFFAW57DA,祥豐段,17.57,都市：其他:第三種住宅區。,10000,226,持分移轉,00390000
RPVNMLLLKIPFFAW57DA,祥豐段,13.63,都市：其他:第三種住宅區。,10000,226,持分移轉,00400000
RPOOMLRKKIPFFAW47DA,中蘭劃測段,857.50,都市：其他:農業區,1,1,全筆移轉,07250000
RPQNMLPJJHGGFAW88DA,小西門劃測段,24.68,都市：其他:自然村專用區,1000,98,持分移轉,01660000
RPQNMLPJJHGGFAW88DA,小西門劃測段,37.11,都市：其他:農業區,1000,98,持分移轉,01660001
RPTNMLOJJHGGFAW56EA,北堤段,22.65,都市：其他:第三種住宅區。,1,1,全筆移轉,02430000
RPPNMLPJJHGGFAW78DA,小西門劃測段,24.68,都市：其他:自然村專用區,1000,98,持分移轉,01660000
RPPNMLPJJHGGFAW78DA,小西門劃測段,37.11,都市：其他:農業區,1000,98,持分移轉,01660001
RPSNMLPJJHGGFAW09DA,小西門劃測段,24.68,都市：其他:自然村專用區,1000,98,持分移轉,01660000
RPSNMLPJJHGGFAW09DA,小西門劃測段,37.11,都市：其他:農業區,1000,98,持分移轉,01660001
RPXNMLPJJHGGFAW96DA,小西門劃測段,25.69,都市：其他:自然村專用區,1000,102,持分移轉,01660000
RPXNMLPJJHGGFAW96DA,小西門劃測段,38.63,都市：其他:農業區,1000,102,持分移轉,01660001
RPWNMLPJJHGGFAW86DA,小西門劃測段,25.69,都市：其他:自然村專用區,1000,102,持分移轉,01660000
RPWNMLPJJHGGFAW86DA,小西門劃測段,38.63,都市：其他:農業區,1000,102,持分移轉,01660001
RPRNMLPJJHGGFAW98DA,小西門劃測段,24.68,都市：其他:自然村專用區,1000,98,持分移轉,01660000
RPRNMLPJJHGGFAW98DA,小西門劃測段,37.11,都市：其他:農業區,1000,98,持分移轉,01660001
RPTNMLPJJHGGFAW56DA,小西門劃測段,24.68,都市：其他:自然村專用區,1000,98,持分移轉,01660000
RPTNMLPJJHGGFAW56DA,小西門劃測段,37.11,都市：其他:農業區,1000,98,持分移轉,01660001
RPVNMLPJJHGGFAW76DA,小西門劃測段,25.69,都市：其他:自然村專用區,1000,102,持分移轉,01660000
RPVNMLPJJHGGFAW76DA,小西門劃測段,38.63,都市：其他:農業區,1000,102,持分移轉,01660001
RPUNMLLMKIPFFAW57DA,北一段,300.12,都市：其他:農業區,3,1,持分移轉,01420000
RPUNMLLMKIPFFAW57DA,北一段,300.12,都市：其他:農業區,3,1,持分移轉,01420000
RPUNMLLMKIPFFAW57DA,北一段,300.12,都市：其他:農業區,3,1,持分移轉,01420000
RPUNMLLMKIPFFAW57DA,北一段,33.26,都市：其他:道路用地,3,1,持分移轉,01420001
RPUNMLLMKIPFFAW57DA,北一段,33.26,都市：其他:道路用地,3,1,持分移轉,01420001
RPUNMLLMKIPFFAW57DA,北一段,33.26,都市：其他:道路用地,3,1,持分移轉,01420001
RPRNMLOJJHGGFAW88DA,湖前段,45.94,都市：其他:自然村專用區,8,1,持分移轉,06170000
RPOOMLPJJHGGFAW78DA,小西門劃測段,25.69,都市：其他:自然村專用區,1000,102,持分移轉,01660000
RPOOMLPJJHGGFAW78DA,小西門劃測段,38.63,都市：其他:農業區,1000,102,持分移轉,01660001
RPWNMLRJJHGGFAW07DA,水頭段,664.66,都市：其他:國家公園區,1,1,全筆移轉,08740000
RPQNMLLKJIPFFAW86DA,湖前段,80.69,都市：其他:乙種工業區,1,1,全筆移轉,00910000
RPRNMLSJJHGGFAW66DA,沙東劃段,1000.06,都市：其他:農業區,1,1,全筆移轉,00870000
TPQNMLOLJIPFFAW47DA,中三劃測段,41.20,都市：其他:農業區,50000,2404,持分移轉,04750000
TPQNMLOLJIPFFAW47DA,中三劃測段,33.56,都市：其他:農業區,50000,1958,持分移轉,04750000
RPUNMLLLKIPFFAW47DA,煙墩段,293.96,都市：其他:保護區,1,1,全筆移轉,08440000
RPUNMLLLKIPFFAW47DA,煙墩段,64.55,都市：其他:道路用地,1,1,全筆移轉,08440001
RPTNMLLKJHGGFAW88DA,寧山段,461.85,都市：其他:農業區,1,1,全筆移轉,04770000
RPRNMLMKJHGGFAW78DA,寧湖一劃段,35.00,都市：其他:自然村專用區,799790,35000,持分移轉,05150000
RPPNMLNKJHGGFAW68DA,士校段,70.75,都市：其他:自然村專用區,1,1,全筆移轉,03790008
RPQNMLNKJHGGFAW78DA,湖前段,38.20,都市：其他:自然村專用區,10000,1686,持分移轉,02850000
RPSNMLLKJHGGFAW78DA,寧山段,1259.03,都市：其他:農業區,1,1,全筆移轉,04880000
RPSNMLLKJHGGFAW78DA,寧山段,610.21,都市：其他:農業區,1,1,全筆移轉,05040000
RPPNMLKKJHGGFAW38DA,寧劃段,462.39,都市：其他:農業區,1,1,全筆移轉,11040000
RPPNMLKKJHGGFAW38DA,寧劃段,27.64,都市：其他:道路用地,1,1,全筆移轉,11040001
RPQNMLLKJHGGFAW68EA,中五劃段,322.33,都市：其他:國家公園區,3,1,持分移轉,06730000
RPQNMLLKJHGGFAW68EA,中五劃段,322.33,都市：其他:國家公園區,3,1,持分移轉,06730000
RPQNMLLKJHGGFAW68EA,中五劃段,322.33,都市：其他:國家公園區,3,1,持分移轉,06730000
RPUNMLLKJHGGFAW09EA,沙港劃段,312.99,都市：其他:農業區,3,1,持分移轉,03060000
RPUNMLLKJHGGFAW09EA,沙港劃段,312.99,都市：其他:農業區,3,1,持分移轉,03060000
RPUNMLLKJHGGFAW09EA,沙港劃段,312.99,都市：其他:農業區,3,1,持分移轉,03060000
RPUNMLLKJHGGFAW09EA,沙港劃段,20.37,都市：其他:道路用地,3,1,持分移轉,03060001
RPUNMLLKJHGGFAW09EA,沙港劃段,20.37,都市：其他:道路用地,3,1,持分移轉,03060001
RPUNMLLKJHGGFAW09EA,沙港劃段,20.37,都市：其他:道路用地,3,1,持分移轉,03060001
RPPNMLLKJHGGFAW58EA,中五劃段,967.00,都市：其他:國家公園區,1,1,全筆移轉,06720000
RPOOMLNKJHGGFAW68DA,祥和段,48.06,都市：其他:第一種住宅區,5,1,持分移轉,10040000
RPUNMLNKJHGGFAW56DA,東洲段,38.22,都市：其他:自然村專用區,1,1,全筆移轉,05050000
RPWNMLOKJHGGFAW86DA,北二三劃測段,12.91,都市：其他:自然村專用區,10000,778,持分移轉,02290003
RPQNMLOKJHGGFAW88DA,寧劃段,489.25,都市：其他:農業區,1,1,全筆移轉,03710000
RPUNMLTLKIPFFAW28DA,湖下村測段,54.84,都市：其他:自然村專用區,3,1,持分移轉,04500000
RPSNMLOKJHGGFAW09DA,寧安二劃段,427.59,都市：其他:自然村專用區,1,1,全筆移轉,05320000
RPSNMLOKJHGGFAW09DA,寧安二劃段,65.41,都市：其他:道路用地,1,1,全筆移轉,05320001
RPTNMLOKJHGGFAW56DA,賢聚測段,49.65,都市：其他:自然村專用區,8,1,持分移轉,01720003
RPVNMLTLKIPFFAW38DA,湖下村測段,54.84,都市：其他:自然村專用區,3,1,持分移轉,04500000
RPQNMLOJJHGGFAW78DA,湖前段,45.94,都市：其他:自然村專用區,8,1,持分移轉,06170000
RPSNMLPKKIPFFAW57DA,寧安二劃段,28.10,都市：其他:自然村專用區,10000,569,持分移轉,05450000
RPUNMLOJJHGGFAW56DA,寧安二劃段,108.00,都市：其他:農業區,1,1,全筆移轉,03910001
RPTNMLLMKIPFFAW47DA,鎮西段,3.67,都市：其他:農業區,100,10,持分移轉,00680000
RPTNMLLMKIPFFAW47DA,鎮西段,28.65,都市：其他:農業區,10,1,持分移轉,00680004
RPTNMLLMKIPFFAW47DA,鎮西段,109.02,都市：其他:農業區,1,1,全筆移轉,00680007
RPTNMLLMKIPFFAW47DA,浯坑劃測段,164.00,都市：其他:農業區,1,1,全筆移轉,04070000
RPTNMLLMKIPFFAW47DA,大園段,256.90,都市：其他:國家公園區,1,1,全筆移轉,05360000
RPTNMLLMKIPFFAW47DA,大園段,645.11,都市：其他:國家公園區,1,1,全筆移轉,08750000
RPROMLPJJHGGFAW09DA,寧湖三劃段,1000.00,都市：其他:農業區,1,1,全筆移轉,04160000
RPXNMLRJJHGGFAW17DA,下后垵測段,53.68,都市：其他:農業區,10000,1028,持分移轉,00040000
RPXNMLRJJHGGFAW17DA,下后垵測段,6.56,都市：其他:自然村專用區,10000,1028,持分移轉,00110003
RPTNMLQJJHGGFAW66DA,塔后段,17.59,都市：其他:自然村專用區,10000,435,持分移轉,00790000
RPRNMLTLKIPFFAW97DA,市港段,18.91,都市：其他:第二種商業區,10000,523,持分移轉,00910000
RPUNMLMJKIPFFAW37DA,青山段,471.65,都市：其他:自然村專用區、農業區,1,1,全筆移轉,11900000
RPOOMLSKJHGGFAW56DA,市港段,230.58,都市：其他:第二種商業區,1,1,全筆移轉,00900000
RPPNMLQJJHGGFAW88DA,金門城測段,421.57,都市：其他:,1,1,全筆移轉,09860000
RPXNMLSKJHGGFAW47EA,城南段,2.03,都市：其他:第二種住宅區,1,1,全筆移轉,03520000
RPXNMLSKJHGGFAW47EA,城南段,63.65,都市：其他:第二種住宅區,1,1,全筆移轉,03530000
RPVNMLRJJHGGFAW96DA,下后垵測段,53.68,都市：其他:農業區,10000,1028,持分移轉,00040000
RPVNMLRJJHGGFAW96DA,下后垵測段,6.56,都市：其他:自然村專用區,10000,1028,持分移轉,00110003
RPWNMLPKKIPFFAW97DA,金門城測段,31.17,都市：其他:自然村專用區,10000,546,持分移轉,07570000
RPVNMLTKJHGGFAW27DA,寧湖二劃測段,39.94,都市：其他:自然村專用區,1000,56,持分移轉,07750000
RPRNMLLKJHGGFAW68DA,漁村段,95.15,都市：其他:自然村專用區,1,1,全筆移轉,00460000
RPPNMLTKJHGGFAW76EA,羅劃測段,1087.25,都市：其他:自然村專用區,1,1,全筆移轉,01500000
RPRNMLSKJHGGFAW86EA,市港段,8.20,都市：其他:第二種商業區,100000,786,持分移轉,00930000
RPVNMLSKJHGGFAW27EA,市港段,7.88,都市：其他:第二種商業區,100000,756,持分移轉,00930000
RPQNMLLMKIPFFAW17DA,榜林村測段,8.51,都市：其他:自然村專用區,10000,103,持分移轉,01750000
RPQNMLLMKIPFFAW17DA,榜林村測段,114.00,都市：其他:自然村專用區,10000,9227,持分移轉,01750001
RPQNMLLMKIPFFAW17DA,榜林村測段,1.00,都市：其他:自然村專用區,10000,101,持分移轉,01750002
RPWNMLSKJHGGFAW37EA,市港段,8.81,都市：其他:第二種商業區,100000,845,持分移轉,00930000
RPPNMLSKKIPFFAW67EA,洋山段,336.67,都市：其他:自然村專用區,3,1,持分移轉,10230000
RPPNMLSKKIPFFAW67EA,洋山段,336.67,都市：其他:自然村專用區,3,1,持分移轉,10230000
RPPNMLSKKIPFFAW67EA,洋山段,336.67,都市：其他:自然村專用區,3,1,持分移轉,10230000
RPUNMLSKJHGGFAW17EA,市港段,7.69,都市：其他:第二種商業區,100000,737,持分移轉,00930000
RPUNMLSKJHGGFAW17EA,市港段,7.64,都市：其他:第二種商業區,100000,733,持分移轉,00930000
RPUNMLSKJHGGFAW17EA,市港段,8.45,都市：其他:第二種商業區,100000,810,持分移轉,00930000
RPXNMLLLJHGGFAW86EA,小西門劃測段,37.80,都市：其他:自然村專用區,6,1,持分移轉,00920000
RPXNMLLLJHGGFAW86EA,小西門劃測段,37.80,都市：其他:自然村專用區,6,1,持分移轉,00920000
RPUNMLTKJHGGFAW17DA,延平段,265.83,都市：其他:農業區,2,1,持分移轉,09510000
RPTNMLSKJHGGFAW07EA,市港段,8.20,都市：其他:第二種商業區,100000,786,持分移轉,00930000
RPTNMLMLJHGGFAW56EA,汶沙測段,22.55,都市：其他:自然村專用區,2,1,持分移轉,17310000
RPTNMLMLJHGGFAW56EA,汶沙測段,39.20,都市：其他:自然村專用區,2,1,持分移轉,19660000
RPQNMLMLJHGGFAW88EA,太武段,73.46,都市：其他:國家公園區,2,1,持分移轉,04240000
RPQNMLMLJHGGFAW88EA,太武段,186.32,都市：其他:國家公園區,2,1,持分移轉,04250000
RPRNMLKLJHGGFAW68DA,寧湖二劃測段,39.94,都市：其他:自然村專用區,1000,56,持分移轉,07750000
RPSNMLMLJHGGFAW98DA,祥瑞段,50.20,都市：其他:第六種住宅區,490,51,持分移轉,02680000
RPPNMLMLJHGGFAW68DA,塔后段,168.89,都市：其他:自然村專用區,1,1,全筆移轉,11230007
RPQNMLPLJHGGFAW56EA,士校段,80.20,都市：其他:自然村專用區,1,1,全筆移轉,09180007
RPQNMLPLJHGGFAW56EA,士校段,28.10,都市：其他:自然村專用區,1,1,全筆移轉,09180008
RPQNMLPLJHGGFAW56EA,士校段,2.10,都市：其他:自然村專用區,1,1,全筆移轉,09220001
RPQNMLPLJHGGFAW56EA,士校段,10.00,都市：其他:自然村專用區,1,1,全筆移轉,09230001
RPRNMLKMKIPFFAW17DA,寧山段,1385.10,都市：其他:自然村專用區,1,1,全筆移轉,09560000
RPPNMLMKJHGGFAW58DA,鎮西段,3.67,都市：其他:農業區,100,10,持分移轉,00680000
RPPNMLMKJHGGFAW58DA,鎮西段,28.65,都市：其他:農業區,10,1,持分移轉,00680004
RPPNMLMKJHGGFAW58DA,鎮西段,9.54,都市：其他:農業區,1,1,全筆移轉,00680005
RPPNMLMKJHGGFAW58DA,鎮西段,109.24,都市：其他:農業區,1,1,全筆移轉,00680006
RPPNMLMKJHGGFAW58DA,鎮西段,.24,都市：其他:機關用地,1,1,全筆移轉,00720001
RPPNMLMKJHGGFAW58DA,赤岑段,836.66,都市：其他:國家公園區,1,1,全筆移轉,04100000
RPPNMLMKJHGGFAW58DA,洋山測段,200.01,都市：其他:農業區,1,1,全筆移轉,04610000
RPSNMLQLJHGGFAW86EA,庵前劃測段,776.77,都市：其他:農業區,1,1,全筆移轉,04210000
RPUNMLOKJHGGFAW66DA,青嶼測段,1294.61,都市：其他:國家公園區,1,1,全筆移轉,04280000
RPTNMLLLJHGGFAW09EA,市港段,7.91,都市：其他:第二種商業區,100000,759,持分移轉,00930000
RPQNMLLLJHGGFAW78EA,市港段,8.25,都市：其他:第二種商業區,100000,791,持分移轉,00930000
RPPNMLLLJHGGFAW68EA,市港段,8.81,都市：其他:第二種商業區,100000,845,持分移轉,00930000
RPRNMLLLJHGGFAW88EA,市港段,7.81,都市：其他:第二種商業區,100000,749,持分移轉,00930000
RPWNMLLLJHGGFAW76EA,市港段,7.88,都市：其他:第二種商業區,100000,756,持分移轉,00930000
RPSNMLLLJHGGFAW98EA,市港段,7.88,都市：其他:第二種商業區,100000,756,持分移轉,00930000
RPVNMLLLJHGGFAW66EA,市港段,8.25,都市：其他:第二種商業區,100000,791,持分移轉,00930000
RPUNMLLLJHGGFAW56EA,市港段,7.89,都市：其他:第二種商業區,100000,757,持分移轉,00930000
RPSNMLPLJHGGFAW66DA,東洲段,47.25,都市：其他:自然村專用區,3,1,持分移轉,04810000
RPTNMLPLJHGGFAW76DA,東洲段,47.25,都市：其他:自然村專用區,3,1,持分移轉,04810000
RPQNMLRLJHGGFAW66DA,東洲段,285.90,都市：其他:保護區,2,1,持分移轉,04680000
RPQNMLRLJHGGFAW66DA,東洲段,285.90,都市：其他:保護區,2,1,持分移轉,04680000
RPRNMLTKJHGGFAW86DA,小西門劃測段,71.73,都市：其他:自然村專用區,10000,979,持分移轉,02330002
RPQNMLTLJHGGFAW86DA,延平段,265.83,都市：其他:農業區,2,1,持分移轉,09510000
RPQNMLSLJHGGFAW76DA,祥瑞段,6.59,都市：其他:道路用地,10,2,持分移轉,05850000
RPQNMLSLJHGGFAW76DA,祥瑞段,6.59,都市：其他:道路用地,10,2,持分移轉,05850000
RPQNMLSLJHGGFAW76DA,祥瑞段,6.59,都市：其他:道路用地,10,2,持分移轉,05850000
RPQNMLSLJHGGFAW76DA,祥瑞段,26.17,都市：其他:第三種住宅區。,10,2,持分移轉,05860000
RPQNMLSLJHGGFAW76DA,祥瑞段,26.17,都市：其他:第三種住宅區。,10,2,持分移轉,05860000
RPQNMLSLJHGGFAW76DA,祥瑞段,26.17,都市：其他:第三種住宅區。,10,2,持分移轉,05860000
RPQNMLSLJHGGFAW76DA,祥瑞段,3.60,都市：其他:第三種住宅區。,10,2,持分移轉,05870000
RPQNMLSLJHGGFAW76DA,祥瑞段,3.60,都市：其他:第三種住宅區。,10,2,持分移轉,05870000
RPQNMLSLJHGGFAW76DA,祥瑞段,3.60,都市：其他:第三種住宅區。,10,2,持分移轉,05870000
RPPNMLTLJHGGFAW86EA,寧山段,637.43,都市：其他:保護區,1,1,全筆移轉,04590000
RPSNMLRLJHGGFAW96EA,湖前段,495.85,都市：其他:農業區,1,1,全筆移轉,00200000
RPSNMLRLJHGGFAW96EA,湖前段,289.44,都市：其他:農業區,1,1,全筆移轉,02770000
RPTNMLTLJHGGFAW27EA,祥瑞段,34.38,都市：其他:第三種住宅區。,20,2,持分移轉,08360000
RPVNMLTLJHGGFAW37DA,寧湖一劃段,35.00,都市：其他:自然村專用區,799790,35000,持分移轉,05150000
RPQNMLLJKHGGFAW58DA,北二三劃測段,11.60,都市：其他:自然村專用區,10000,699,持分移轉,02290003
RPTNMLQLJHGGFAW86DA,寧湖二劃測段,349.24,都市：其他:自然村專用區,1,1,全筆移轉,03900000
RPTNMLRJJHGGFAW76DA,下后垵測段,52.58,都市：其他:,10000,1007,持分移轉,00040000
RPTNMLRJJHGGFAW76DA,下后垵測段,6.43,都市：其他:,10000,1007,持分移轉,00110003
RPSNMLRJJHGGFAW66DA,下后垵測段,51.27,都市：其他:農業區,10000,982,持分移轉,00040000
RPSNMLRJJHGGFAW66DA,下后垵測段,6.27,都市：其他:自然村專用區,10000,982,持分移轉,00110003
RPPNMLRJJHGGFAW98DA,下后垵測段,51.27,都市：其他:農業區,10000,982,持分移轉,00040000
RPPNMLRJJHGGFAW98DA,下后垵測段,6.27,都市：其他:自然村專用區,10000,982,持分移轉,00110003
RPSOMLPJJHGGFAW56DA,市港段,22.13,都市：其他:第五種住宅區,10000,816,持分移轉,01040000
RPSNMLTLJHGGFAW07DA,安西劃段,719.32,都市：其他:農業區,1,1,全筆移轉,10520000
RPPNMLMJKHGGFAW58DA,榜林村測段,73.42,都市：其他:自然村專用區,1000,209,持分移轉,01860000
RPQNMLRJJHGGFAW09DA,下后垵測段,51.27,都市：其他:農業區,10000,982,持分移轉,00040000
RPQNMLRJJHGGFAW09DA,下后垵測段,6.27,都市：其他:自然村專用區,10000,982,持分移轉,00110003
RPRNMLLJKHGGFAW68DA,榜林村測段,25.53,都市：其他:自然村專用區,6,1,持分移轉,01300000
RPRNMLLJKHGGFAW68DA,榜林村測段,25.53,都市：其他:自然村專用區,6,1,持分移轉,01300000
RPRNMLRJJHGGFAW56DA,下后垵測段,51.27,都市：其他:農業區,10000,982,持分移轉,00040000
RPRNMLRJJHGGFAW56DA,下后垵測段,6.27,都市：其他:自然村專用區,10000,982,持分移轉,00110003
RPXNMLOJKHGGFAW07EA,新頭段,889.82,都市：其他:國家公園區,1,1,全筆移轉,02160000
RPXNMLOJKHGGFAW07EA,新頭段,491.48,都市：其他:國家公園區,1,1,全筆移轉,06320000
RPSNMLNJKHGGFAW98DA,吳厝村測段,48.71,都市：其他:自然村專用區,30000,3000,持分移轉,01430000
RPPNMLSLJHGGFAW66DA,寧安四劃段,146.75,都市：其他:農業區,2,1,持分移轉,02480017
RPPNMLSLJHGGFAW66DA,寧安四劃段,146.75,都市：其他:農業區,2,1,持分移轉,02480017
RPXNMLNJKHGGFAW96EA,鎮西段,697.11,都市：其他:農業區,1,1,全筆移轉,04440000
RPUNMLRJJHGGFAW86DA,下后垵測段,53.68,都市：其他:農業區,10000,1028,持分移轉,00040000
RPUNMLRJJHGGFAW86DA,下后垵測段,6.56,都市：其他:自然村專用區,10000,1028,持分移轉,00110003
RPRNMLPLJHGGFAW56DA,瓊林段,568.13,都市：其他:國家公園區,1,1,全筆移轉,03470000
RPWNMLOJKHGGFAW86DA,湖前段,21.22,都市：其他:自然村專用區,100000,1591,持分移轉,08920000
RPOOMLRJJHGGFAW98DA,下后垵測段,53.68,都市：其他:農業區,10000,1028,持分移轉,00040000
RPOOMLRJJHGGFAW98DA,下后垵測段,6.56,都市：其他:自然村專用區,10000,1028,持分移轉,00110003
RPPNMLOJKHGGFAW78DA,市港段,30.32,都市：其他:第五種住宅區,10000,1444,持分移轉,00540000
RPXNMLPJKHGGFAW07DA,汶沙測段,46.38,都市：其他:自然村專用區,200000,13066,持分移轉,15750000
RPXNMLPJKHGGFAW07DA,汶沙測段,46.38,都市：其他:自然村專用區,200000,13066,持分移轉,15750000
RPROMLPJKHGGFAW56DA,湖前段,111.32,都市：其他:自然村專用區,997010,11132,持分移轉,04210000
RPSNMLSJKHGGFAW86DA,東坑段,264.00,都市：其他:國家公園區,1,1,全筆移轉,03090000
RPSNMLSJKHGGFAW86DA,紅山測段,214.60,都市：其他:國家公園區,1,1,全筆移轉,05550000
RPSNMLSJKHGGFAW86DA,紅山測段,479.80,都市：其他:農業區,1,1,全筆移轉,08860000
RPUNMLQLJHGGFAW96DA,寧安二劃段,41.09,都市：其他:自然村專用區,10000,832,持分移轉,05450000
RPQNMLSKKIPFFAW67DA,尚義段,7.88,都市：其他:自然村專用區,10000,293,持分移轉,10470000
RPRNMLRLJHGGFAW76DA,新市段,28.45,都市：其他:道路用地,1,1,全筆移轉,10720000
RPQNMLSKKIPFFAW67DA,尚義段,31.38,都市：其他:自然村專用區,10000,293,持分移轉,10480001
RPOOMLNJKHGGFAW78EA,湖前段,110.00,都市：其他:自然村專用區,1,1,全筆移轉,13230000
RPRNMLOJKHGGFAW09EA,安西劃段,708.89,都市：其他:農業區,1,1,全筆移轉,09980000
RPTNMLOJKHGGFAW66EA,西山段,574.72,都市：其他:農業區,1,1,全筆移轉,02390000
RPTNMLOJKHGGFAW66EA,西山段,924.99,都市：其他:農業區,1,1,全筆移轉,07910000
RPTNMLOJKHGGFAW66EA,西山段,734.12,都市：其他:農業區,1,1,全筆移轉,08100000
RPTNMLOJKHGGFAW66EA,西山段,609.35,都市：其他:農業區,1,1,全筆移轉,08890000
RPTNMLOJKHGGFAW66EA,西山段,513.53,都市：其他:農業區,1,1,全筆移轉,09400000
RPRNMLQJJHGGFAW09DA,寧湖一劃段,2.67,都市：其他:自然村專用區,6,1,持分移轉,01450003
RPRNMLQJJHGGFAW09DA,寧湖一劃段,2.67,都市：其他:自然村專用區,6,1,持分移轉,01450003
RPRNMLQJJHGGFAW09DA,寧湖一劃段,1.33,都市：其他:自然村專用區,12,1,持分移轉,01450003
RPRNMLQJJHGGFAW09DA,寧湖一劃段,1.33,都市：其他:自然村專用區,12,1,持分移轉,01450003
RPRNMLQJJHGGFAW09DA,寧湖一劃段,2.67,都市：其他:自然村專用區,6,1,持分移轉,01450003
RPRNMLQJJHGGFAW09DA,寧湖一劃段,5.33,都市：其他:自然村專用區,6,2,持分移轉,01450003
RPRNMLQJJHGGFAW09DA,寧湖一劃段,.20,都市：其他:自然村專用區,12,1,持分移轉,01450010
RPRNMLQJJHGGFAW09DA,寧湖一劃段,.41,都市：其他:自然村專用區,6,1,持分移轉,01450010
RPRNMLQJJHGGFAW09DA,寧湖一劃段,.41,都市：其他:自然村專用區,6,1,持分移轉,01450010
RPRNMLQJJHGGFAW09DA,寧湖一劃段,.20,都市：其他:自然村專用區,12,1,持分移轉,01450010
RPRNMLQJJHGGFAW09DA,寧湖一劃段,.41,都市：其他:自然村專用區,6,1,持分移轉,01450010
RPRNMLQJJHGGFAW09DA,寧湖一劃段,.82,都市：其他:自然村專用區,6,2,持分移轉,01450010
RPRNMLRKKHGGFAW86EA,塔后段,86.93,都市：其他:自然村專用區,1,1,全筆移轉,11910008
RPSNMLTJKHGGFAW07EA,中山林段,800.00,都市：其他:國家公園區,1,1,全筆移轉,01870010
RPTNMLNJKIPFFAW37DA,金城劃段,29.05,都市：其他:農業區,10000,313,持分移轉,02000000
RPRNMLQLJHGGFAW66DA,市港段,13.83,都市：其他:第五種住宅區,10000,325,持分移轉,01090000
RPSNMLLJKHGGFAW78DA,沙碧劃段,380.00,都市：其他:農業區,1,1,全筆移轉,03220000
RPPNMLPLJIPFFAW27DA,古崗段,510.25,都市：其他:國家公園區,1,1,全筆移轉,10940000
RPTNMLTKJHGGFAW07DA,小西門劃測段,76.93,都市：其他:自然村專用區,10000,1050,持分移轉,02330002
RPPNMLTJKHGGFAW66DA,北二三劃測段,1000.01,都市：其他:農業區,1,1,全筆移轉,04420000
RPPNMLTJKHGGFAW66DA,北二三劃測段,945.09,都市：其他:農業區,1,1,全筆移轉,04430000
RPRNMLSJKHGGFAW76DA,士校段,42.29,都市：其他:自然村專用區,3,1,持分移轉,03790010
RPPNMLSKKHGGFAW76EA,金城劃段,500.00,都市：其他:農業區,1,1,全筆移轉,02650000
RPTNMLSJKHGGFAW07EA,湖前段,60.00,都市：其他:學校用地,1,1,全筆移轉,00370009
RPUNMLSJKHGGFAW17EA,湖前段,95.01,都市：其他:學校用地,1,1,全筆移轉,02790000
RPUNMLSJKHGGFAW17EA,湖前段,40.85,都市：其他:學校用地,1,1,全筆移轉,02790001
RPPNMLMLKHGGFAW88EA,塔后段,193.18,都市：其他:保護區,2,1,持分移轉,02560000
RPPNMLMLKHGGFAW88EA,塔后段,193.18,都市：其他:保護區,2,1,持分移轉,02560000
RPQNMLSKKHGGFAW86EA,寧湖六劃段,387.00,都市：其他:農業區,1,1,全筆移轉,00570000
RPQNMLSKKHGGFAW86EA,古寧頭段,76.75,都市：其他:國家公園區,4,1,持分移轉,01400000
RPSNMLSKKHGGFAW96DA,庵前劃測段,639.98,都市：其他:保護區,1,1,全筆移轉,06170000
RPRNMLNLKHGGFAW09DA,寧湖一劃段,91.84,都市：其他:自然村專用區,10000,1148,持分移轉,02180002
RPVNMLSJKHGGFAW27EA,湖前段,60.33,都市：其他:學校用地,1,1,全筆移轉,00370012
RPVNMLSJKHGGFAW27EA,湖前段,3.67,都市：其他:學校用地,1,1,全筆移轉,00370017
RPTNMLNLKHGGFAW66DA,北八劃段,1000.00,都市：其他:農業區,1,1,全筆移轉,01740000
RPSNMLKLKHGGFAW88DA,沙港劃段,948.99,都市：其他:農業區,1,1,全筆移轉,00190000
RPSNMLKLKHGGFAW88DA,沙港劃段,51.52,都市：其他:道路用地,1,1,全筆移轉,00190001
RPPNMLPKJHGGFAW88DA,尚義段,3.98,都市：其他:自然村專用區,20000,296,持分移轉,10470000
RPPNMLPKJHGGFAW88DA,尚義段,3.98,都市：其他:自然村專用區,20000,296,持分移轉,10470000
RPPNMLPKJHGGFAW88DA,尚義段,15.85,都市：其他:自然村專用區,20000,296,持分移轉,10480001
RPPNMLPKJHGGFAW88DA,尚義段,15.85,都市：其他:自然村專用區,20000,296,持分移轉,10480001
RPQNMLMLKHGGFAW88DA,北二三劃測段,42.91,都市：其他:自然村專用區,10000,232,持分移轉,02640000
RPPNMLRLJHGGFAW56DA,古崗段,39.70,都市：其他:自然村專用區,15,1,持分移轉,07420000
RPPNMLRLJHGGFAW56DA,古崗段,4.47,都市：其他:自然村專用區,15,1,持分移轉,08020000
RPPNMLRLJHGGFAW56DA,古崗段,3.33,都市：其他:風景區,15,1,持分移轉,08090000
RPQNMLOLKHGGFAW56EA,北堤段,28.47,都市：其他:,1,1,全筆移轉,05370005
RPOOMLOLKHGGFAW98DA,士校段,88.00,都市：其他:自然村專用區,1,1,全筆移轉,11590000
RPRNMLOLKHGGFAW66EA,北堤段,8.28,都市：其他:第三種住宅區。,1,1,全筆移轉,05370003
RPQNMLNLKHGGFAW98DA,西方劃測段,523.20,都市：其他:農業區,1,1,全筆移轉,05010000
RPPNMLPLKHGGFAW09DA,新頭段,120.22,都市：其他:自然村專用區,10000,362,持分移轉,11520000
RPSNMLOLKHGGFAW76EA,北堤段,8.24,都市：其他:,1,1,全筆移轉,05370004
RPVNMLLMKIPFFAW67DA,延平段,33.20,都市：其他:農業區,18,1,持分移轉,05090000
RPUOMLPJKHGGFAW86DA,榜林村測段,73.77,都市：其他:自然村專用區,1000,210,持分移轉,01860000
RPWNMLQLKHGGFAW27DA,祥豐段,30.63,都市：其他:第三種住宅區。,20,1,持分移轉,00150000
RPRNMLMJKHGGFAW78DA,小西門劃測段,71.73,都市：其他:自然村專用區,10000,979,持分移轉,02330002
RPUNMLQLKHGGFAW07DA,新頭段,188.30,都市：其他:自然村專用區,10000,567,持分移轉,11520000
RPPNMLNLKHGGFAW88DA,寧湖三劃段,401.13,都市：其他:農業區,1,1,全筆移轉,07960000
RPPNMLNLKHGGFAW88DA,寧湖三劃段,667.00,都市：其他:農業區,1,1,全筆移轉,07970000
RPVNMLQLKHGGFAW17DA,新頭段,60.11,都市：其他:自然村專用區,20000,362,持分移轉,11520000
RPVNMLQLKHGGFAW17DA,新頭段,60.11,都市：其他:自然村專用區,20000,362,持分移轉,11520000
RPSNMLNLKHGGFAW56DA,中蘭劃測段,599.97,都市：其他:農業區,1,1,全筆移轉,01250000
RPSNMLRKKHGGFAW86DA,金門城測段,49.06,都市：其他:,10000,805,持分移轉,11060001
RPPNMLMJLHGGFAW78EA,湖后劃段,1000.00,都市：其他:農業區,1,1,全筆移轉,04960000
RPQNMLNJLHGGFAW98EA,寧湖二劃測段,31.85,都市：其他:自然村專用區,100000,4975,持分移轉,08940000
RPRNMLNJLHGGFAW09EA,寧湖二劃測段,31.85,都市：其他:自然村專用區,100000,4975,持分移轉,08940000
RPPNMLNJLHGGFAW88EA,寧湖二劃測段,32.17,都市：其他:自然村專用區,100000,5025,持分移轉,08940000
RPPNMLOJLHGGFAW98EA,塔后段,236.74,都市：其他:機關用地,1,1,全筆移轉,01390000
RPPNMLPJLHGGFAW09EA,金門城測段,63.79,都市：其他:,21,1,持分移轉,03920000
RPSNMLPLKHGGFAW76DA,煙墩段,105.20,都市：其他:自然村專用區,6,1,持分移轉,09670000
RPVNMLPLKHGGFAW07DA,后沙劃測段,976.90,都市：其他:農業區,1,1,全筆移轉,00730000
RPVNMLPLKHGGFAW07DA,后沙劃測段,13.11,都市：其他:,1,1,全筆移轉,00730001
RPRNMLPLKHGGFAW66DA,煙墩段,105.20,都市：其他:自然村專用區,6,1,持分移轉,09670000
RPTNMLPLKHGGFAW86DA,煙墩段,105.20,都市：其他:自然村專用區,6,1,持分移轉,09670000
RPTNMLOLKHGGFAW76DA,北四劃段,712.95,都市：其他:農業區,1,1,全筆移轉,03100000
RPWNMLMJLHGGFAW76DA,庵前村測段,34.50,都市：其他:自然村專用區,10000,1640,持分移轉,00420000
RPROMLPJLHGGFAW76EA,陽宅段,274.00,都市：其他:自然村專用區,2,1,持分移轉,10720000
RPRNMLSJLHGGFAW96EA,古廟段,81.00,都市：其他:自然村專用區,9,3,持分移轉,01760000
RPOPMLPJLHGGFAW09DA,安岐村測段,40.21,都市：其他:自然村專用區,6,1,持分移轉,02660000
RPQNMLKLKHGGFAW68DA,后壟段,1290.00,都市：其他:農業區,1,1,全筆移轉,01740000
RPQNMLTJKHGGFAW76DA,北二三劃測段,523.14,都市：其他:農業區,1,1,全筆移轉,04440000
