﻿編號,土地位置,土地移轉面積(平方公尺),使用分區或編定,權利人持分分母,權利人持分分子,移轉情形,地號
The serial number, land position,land shifting area square meter,the use zoning or compiles and checks,,,,land parcel
RPSOMLRJKIPFFAX87DA,雙湖段,25.29,非都市：鄉村區 ; 非都市編定：乙種建築用地,200,25,持分移轉,09260000
RPSOMLRJKIPFFAX87DA,雙湖段,25.29,非都市：鄉村區 ; 非都市編定：乙種建築用地,200,25,持分移轉,09260000
RPXNMLTJKIPFFAX48DA,雙湖段,40.50,非都市：鄉村區 ; 非都市編定：乙種建築用地,100,25,持分移轉,09290000
RPQNMLKKKIPFFAX96DA,機場段,543.32,非都市：一般農業區 ; 非都市編定：農牧用地,1,1,全筆移轉,14200000
RPWNMLKKKIPFFAX57DA,湖西北段,413.00,非都市：一般農業區 ; 非都市編定：農牧用地,1029,413,持分移轉,06470000
RPWNMLKKKIPFFAX57DA,湖西北段,205.00,非都市：一般農業區 ; 非都市編定：農牧用地,1029,205,持分移轉,06470000
RPWNMLKKKIPFFAX57DA,湖西北段,205.00,非都市：一般農業區 ; 非都市編定：農牧用地,1029,205,持分移轉,06470000
RPWNMLKKKIPFFAX57DA,湖西北段,206.00,非都市：一般農業區 ; 非都市編定：農牧用地,1029,206,持分移轉,06470000
RPRNMLPKKIPFFAX57DA,北寮新段,19.54,非都市：一般農業區 ; 非都市編定：農牧用地,40,1,持分移轉,03750000
SPRNMLPKKIPFFAX67DA,北寮新段,95.94,非都市：一般農業區 ; 非都市編定：農牧用地,40,1,持分移轉,04370000
RPXNMLRJKIPFFAX28DA,雙湖段,40.50,非都市：鄉村區 ; 非都市編定：乙種建築用地,100,25,持分移轉,09290000
RPPNMLRJKIPFFAX47DA,馬公段,6.00,非都市： ; 非都市編定：,9,3,持分移轉,15380002
RPPNMLRJKIPFFAX47DA,馬公段,5.67,非都市： ; 非都市編定：,9,3,持分移轉,15380003
RPPNMLRJKIPFFAX47DA,馬公段,8.33,非都市： ; 非都市編定：,9,3,持分移轉,16210040
RPPNMLRJKIPFFAX47DA,馬公段,14.00,非都市： ; 非都市編定：,9,3,持分移轉,16210048
TPRNMLPKKIPFFAX77DA,北寮新段,51.79,非都市：一般農業區 ; 非都市編定：農牧用地,40,1,持分移轉,07420000
RPTNMLKKKIPFFAX27DA,小赤段,48.19,非都市：一般農業區 ; 非都市編定：甲種建築用地,1,1,全筆移轉,09430000
RPQNMLLKKIPFFAX07DA,文寮段,197.67,非都市：一般農業區 ; 非都市編定：農牧用地,16,1,持分移轉,03340000
RPQNMLLKKIPFFAX07DA,文寮段,296.50,非都市：一般農業區 ; 非都市編定：農牧用地,128,12,持分移轉,03340000
RPQNMLLKKIPFFAX07DA,文寮段,296.50,非都市：一般農業區 ; 非都市編定：農牧用地,128,12,持分移轉,03340000
RPRNMLSJKIPFFAX77DA,四維段,178.47,非都市：一般農業區 ; 非都市編定：甲種建築用地,1,1,全筆移轉,06280001
RPRNMLSJKIPFFAX77DA,四維段,61.60,非都市：一般農業區 ; 非都市編定：交通用地,6,1,持分移轉,06280004
RPVNMLTJKIPFFAX28DA,赤馬一段,171.37,非都市：一般農業區 ; 非都市編定：甲種建築用地,1,1,全筆移轉,07810000
RPOOMLTJKIPFFAX67DA,東衛段,348.84,非都市：一般農業區 ; 非都市編定：農牧用地,1,1,全筆移轉,14960000
RPPOMLTJKIPFFAX77DA,中西段,13.18,非都市：一般農業區 ; 非都市編定：農牧用地,20,1,持分移轉,02680000
RPQNMLOKKIPFFAX47EA,白坑段,593.22,非都市：一般農業區 ; 非都市編定：農牧用地,1,1,全筆移轉,05100000
RPVNMLPKKIPFFAX08EA,內垵一段,230.50,非都市：一般農業區 ; 非都市編定：農牧用地,1,1,全筆移轉,00180003
RPTNMLLJKIPFFAX27DA,中屯新段,63.01,非都市：鄉村區 ; 非都市編定：乙種建築用地,1,1,全筆移轉,09380000
RPUNMLOKKIPFFAX77DA,赤崁西段,27.66,非都市：一般農業區 ; 非都市編定：交通用地,1,1,全筆移轉,10500000
RPUNMLOKKIPFFAX77DA,赤崁西段,156.40,非都市：一般農業區 ; 非都市編定：農牧用地,1,1,全筆移轉,10510000
RPRNMLQKKIPFFAX67DA,東澳段,.39,非都市： ; 非都市編定：,10000,166,持分移轉,04890002
RPRNMLQKKIPFFAX67DA,東澳段,17.12,非都市： ; 非都市編定：,10000,166,持分移轉,05000000
RPWNMLPKKIPFFAX08DA,五福段,185.68,非都市：一般農業區 ; 非都市編定：甲種建築用地,1,1,全筆移轉,05270000
RPWNMLPKKIPFFAX08DA,五福段,71.15,非都市：一般農業區 ; 非都市編定：交通用地,3,1,持分移轉,05270004
RPUNMLQKKIPFFAX97DA,湖西南段,11.59,非都市：一般農業區 ; 非都市編定：農牧用地,1,1,全筆移轉,12600000
RPUNMLQKKIPFFAX97DA,湖西南段,365.31,非都市：一般農業區 ; 非都市編定：農牧用地,1,1,全筆移轉,12630000
RPUNMLQKKIPFFAX97DA,湖西南段,45.65,非都市：一般農業區 ; 非都市編定：交通用地,1,1,全筆移轉,13270000
RPUNMLQKKIPFFAX97DA,湖西南段,10.81,非都市：一般農業區 ; 非都市編定：農牧用地,1,1,全筆移轉,13280000
RPUNMLQKKIPFFAX97DA,湖西南段,21.57,非都市：一般農業區 ; 非都市編定：交通用地,1,1,全筆移轉,13290000
RPUNMLQKKIPFFAX97DA,湖西南段,23.44,非都市：一般農業區 ; 非都市編定：農牧用地,1,1,全筆移轉,13300000
RPUNMLQKKIPFFAX97DA,湖西南段,46.14,非都市：一般農業區 ; 非都市編定：交通用地,1,1,全筆移轉,13310000
RPUNMLQKKIPFFAX97DA,湖西南段,155.01,非都市：一般農業區 ; 非都市編定：農牧用地,1,1,全筆移轉,13320000
RPUNMLPLJIPFFAX87DA,馬公段,44.00,非都市： ; 非都市編定：,1,1,全筆移轉,01030122
RPTNMLMJKIPFFAX37DA,埕東段,29.20,非都市： ; 非都市編定：,10000,548,持分移轉,00540000
RPSNMLQKKIPFFAX77DA,中屯新段,1016.01,非都市：一般農業區 ; 非都市編定：農牧用地,2,1,持分移轉,02770000
RPXNMLSLPHPFFAX98DA,文石段,303.22,非都市：一般農業區 ; 非都市編定：農牧用地,1,1,全筆移轉,01460000
RPXNMLSLPHPFFAX98DA,文石段,145.00,非都市：一般農業區 ; 非都市編定：農牧用地,1,1,全筆移轉,08780000
RPTNMLQKKIPFFAX87DA,許家段,150.42,非都市：一般農業區 ; 非都市編定：農牧用地,1,1,全筆移轉,07880004
RPUNMLRKKIPFFAX18EA,赤崁南段,13.84,非都市：一般農業區 ; 非都市編定：交通用地,1,1,全筆移轉,03260000
RPRNMLSKKIPFFAX97EA,講美段,157.26,非都市：一般農業區 ; 非都市編定：農牧用地,1,1,全筆移轉,11610000
RPPNMLRKKIPFFAX67EA,紅羅段,1276.23,非都市：一般農業區 ; 非都市編定：農牧用地,1,1,全筆移轉,27410001
RPQNMLRKKIPFFAX77EA,西溪新段,515.11,非都市：一般農業區 ; 非都市編定：農牧用地,1,1,全筆移轉,22050000
RPQNMLRKKIPFFAX77EA,紅羅段,955.17,非都市：一般農業區 ; 非都市編定：農牧用地,1,1,全筆移轉,23210000
RPTNMLSKKIPFFAX18EA,興崁段,106.65,非都市：一般農業區 ; 非都市編定：農牧用地,18,3,持分移轉,05660000
RPQNMLSKKIPFFAX87EA,講美段,174.60,非都市：一般農業區 ; 非都市編定：農牧用地,4,1,持分移轉,12310000
RPQNMLSKKIPFFAX87EA,講美段,174.60,非都市：一般農業區 ; 非都市編定：農牧用地,4,1,持分移轉,12310000
RPQNMLSKKIPFFAX87EA,講美段,174.60,非都市：一般農業區 ; 非都市編定：農牧用地,4,1,持分移轉,12310000
RPQNMLSKKIPFFAX87EA,講美段,174.60,非都市：一般農業區 ; 非都市編定：農牧用地,4,1,持分移轉,12310000
RPRNMLLLKIPFFAX27DA,東澳段,103.02,非都市： ; 非都市編定：,1,1,全筆移轉,02710002
RPUNMLSKKIPFFAX18DA,五德西段,241.32,非都市：一般農業區 ; 非都市編定：農牧用地,808305,120660,持分移轉,00980002
RPUNMLSKKIPFFAX18DA,五德西段,246.42,非都市：一般農業區 ; 非都市編定：農牧用地,808305,123210,持分移轉,00980002
RPUNMLSKKIPFFAX18DA,五德西段,250.42,非都市：一般農業區 ; 非都市編定：農牧用地,808305,125210,持分移轉,00980002
RPUNMLSKKIPFFAX18DA,五德西段,362.22,非都市：一般農業區 ; 非都市編定：農牧用地,808305,181110,持分移轉,00980002
RPWNMLLLKIPFFAX77DA,潭邊新段,36.82,非都市：一般農業區 ; 非都市編定：交通用地,8,1,持分移轉,02550000
RPWNMLLLKIPFFAX77DA,潭邊新段,134.09,非都市：一般農業區 ; 非都市編定：甲種建築用地,1,1,全筆移轉,02560000
RPVNMLKKKIPFFAX47DA,文石段,698.00,非都市：一般農業區 ; 非都市編定：農牧用地,1,1,全筆移轉,07460000
RPVNMLRKKIPFFAX18DA,山水北段,158.02,非都市：鄉村區 ; 非都市編定：乙種建築用地,1,1,全筆移轉,04770000
RPVNMLRKKIPFFAX18DA,山水北段,1.11,非都市：鄉村區 ; 非都市編定：交通用地,1,1,全筆移轉,04780000
RPRNMLMLKIPFFAX37DA,南寮南段,582.58,非都市：一般農業區 ; 非都市編定：農牧用地,1,1,全筆移轉,01840000
RPPNMLKLKIPFFAX96DA,林投南段,887.52,非都市：一般農業區 ; 非都市編定：特定目的事業用地,1,1,全筆移轉,01990000
RPPNMLKLKIPFFAX96DA,林投南段,393.89,非都市：一般農業區 ; 非都市編定：特定目的事業用地,1,1,全筆移轉,02000000
RPTNMLMLKIPFFAX57DA,尖山南段,436.13,非都市：一般農業區 ; 非都市編定：殯葬用地,1,1,全筆移轉,00650000
RPSNMLLLKIPFFAX37DA,馬公段,15.81,非都市： ; 非都市編定：,10000,425,持分移轉,01970000
RPUNMLLLKIPFFAX57DA,五福段,390.93,非都市：一般農業區 ; 非都市編定：農牧用地,1178510,390930,持分移轉,05700000
RPUNMLLLKIPFFAX57DA,五福段,319.96,非都市：一般農業區 ; 非都市編定：農牧用地,1178510,319960,持分移轉,05700000
RPUNMLLLKIPFFAX57DA,五福段,295.34,非都市：一般農業區 ; 非都市編定：農牧用地,1178510,295340,持分移轉,05700000
RPUNMLLLKIPFFAX57DA,五福段,172.28,非都市：一般農業區 ; 非都市編定：農牧用地,1178510,172280,持分移轉,05700000
RPSNMLNLKIPFFAX57DA,文東段,90.09,非都市：鄉村區 ; 非都市編定：乙種建築用地,1,1,全筆移轉,02060000
RPWNMLMLKIPFFAX87DA,赤崁中段,36.53,非都市：一般農業區 ; 非都市編定：交通用地,10,9,持分移轉,08110000
RPWNMLMLKIPFFAX87DA,赤崁中段,470.22,非都市：一般農業區 ; 非都市編定：農牧用地,10,9,持分移轉,08120000
RPXNMLMLKIPFFAX97DA,赤崁西段,52.37,非都市：一般農業區 ; 非都市編定：交通用地,1,1,全筆移轉,10440000
RPXNMLMLKIPFFAX97DA,赤崁西段,414.16,非都市：一般農業區 ; 非都市編定：農牧用地,1,1,全筆移轉,10450000
RPTNMLOLKIPFFAX77DA,湖西南段,212.14,非都市：一般農業區 ; 非都市編定：農牧用地,1000,498,持分移轉,08780000
RPTNMLOLKIPFFAX77DA,湖西南段,59.43,非都市：一般農業區 ; 非都市編定：交通用地,50,5,持分移轉,08780004
RPSNMLMLKIPFFAX47DA,太武新段,606.80,非都市：一般農業區 ; 非都市編定：農牧用地,2,1,持分移轉,01670000
RPSNMLMLKIPFFAX47DA,太武新段,606.80,非都市：一般農業區 ; 非都市編定：農牧用地,2,1,持分移轉,01670000
RPTNMLNLKIPFFAX67DA,沙港南段,197.59,非都市：一般農業區 ; 非都市編定：農牧用地,10000,790,持分移轉,09240000
RPPNMLKKKIPFFAX86DA,山水南段,311.81,非都市：鄉村區 ; 非都市編定：乙種建築用地,1,1,全筆移轉,05500000
RPUNMLTJKIPFFAX18DA,六合段,78.08,非都市：一般農業區 ; 非都市編定：農牧用地,1,1,全筆移轉,04750000
RPUNMLTJKIPFFAX18DA,六合段,435.88,非都市：一般農業區 ; 非都市編定：農牧用地,1,1,全筆移轉,04760000
RPUNMLTJKIPFFAX18DA,六合段,330.64,非都市：一般農業區 ; 非都市編定：農牧用地,1,1,全筆移轉,04770000
RPUNMLTJKIPFFAX18DA,六合段,1932.06,非都市：一般農業區 ; 非都市編定：農牧用地,1,1,全筆移轉,04780000
RPPNMLLKKIPFFAX07EA,七美三段,95.88,非都市：一般農業區 ; 非都市編定：農牧用地,48,8,持分移轉,04020000
RPUNMLTJKIPFFAX18DA,六合段,45.95,非都市：一般農業區 ; 非都市編定：農牧用地,1,1,全筆移轉,04790000
RPQNMLMKJIPFFAX17EA,七美二段,281.01,非都市：一般農業區 ; 非都市編定：農牧用地,4,1,持分移轉,03970000
RPWNMLNLKIPFFAX08EA,西溪新段,441.10,非都市：一般農業區 ; 非都市編定：農牧用地,1,1,全筆移轉,02940000
RPSNMLNLIIPFFAX37DA,埕東段,159.17,非都市： ; 非都市編定：,1000,300,持分移轉,07630001
RPUNMLOLKIPFFAX87DA,湖西南段,213.85,非都市：一般農業區 ; 非都市編定：農牧用地,1000,502,持分移轉,08780000
RPUNMLOLKIPFFAX87DA,湖西南段,59.43,非都市：一般農業區 ; 非都市編定：交通用地,10,1,持分移轉,08780004
RPTNMLPLKIPFFAX87DA,?裡新段,78.01,非都市：鄉村區 ; 非都市編定：乙種建築用地,1,1,全筆移轉,06670000
RPTNMLPLKIPFFAX87DA,?裡新段,92.01,非都市：鄉村區 ; 非都市編定：乙種建築用地,1,1,全筆移轉,06680000
RPUNMLPLKIPFFAX97DA,興崁段,2095.15,非都市：一般農業區 ; 非都市編定：農牧用地,1,1,全筆移轉,05260000
RPUNMLPLKIPFFAX97DA,興崁段,308.40,非都市：一般農業區 ; 非都市編定：農牧用地,1,1,全筆移轉,05280000
RPXNMLPJJIPFFAX97DA,國宅段,19.12,非都市： ; 非都市編定：,9,1,持分移轉,03530004
RPXNMLPJJIPFFAX97DA,國宅段,112.00,非都市： ; 非都市編定：,1,1,全筆移轉,03530005
RPWNMLPLKIPFFAX18DA,外垵一段,205.84,非都市：一般農業區 ; 非都市編定：農牧用地,7,3,持分移轉,01240000
RPPNMLTLKIPFFAX87DA,龍門南段,59.88,非都市：一般農業區 ; 非都市編定：交通用地,8,1,持分移轉,04500000
RPPNMLTLKIPFFAX87DA,龍門南段,100.42,非都市：一般農業區 ; 非都市編定：甲種建築用地,1,1,全筆移轉,04790000
RPSNMLPLKIPFFAX77DA,鼎灣新段,85.69,非都市：一般農業區 ; 非都市編定：交通用地,5,1,持分移轉,06020004
RPSNMLPLKIPFFAX77DA,鼎灣新段,322.33,非都市：一般農業區 ; 非都市編定：甲種建築用地,1,1,全筆移轉,06020005
RPSNMLTLKIPFFAX18DA,城北段,132.24,非都市：鄉村區 ; 非都市編定：乙種建築用地,2,1,持分移轉,01260000
RPPOMLRJKIPFFAX57DA,雙湖段,40.50,非都市：鄉村區 ; 非都市編定：乙種建築用地,100,25,持分移轉,09290000
RPRNMLPLKIPFFAX67DA,山水北段,304.02,非都市：一般農業區 ; 非都市編定：農牧用地,1194890,304018,持分移轉,08750001
RPRNMLPLKIPFFAX67DA,山水北段,225.88,非都市：一般農業區 ; 非都市編定：農牧用地,1194890,225878,持分移轉,08750001
RPRNMLPLKIPFFAX67DA,山水北段,219.81,非都市：一般農業區 ; 非都市編定：農牧用地,1194890,219808,持分移轉,08750001
RPRNMLPLKIPFFAX67DA,山水北段,219.26,非都市：一般農業區 ; 非都市編定：農牧用地,1194890,219258,持分移轉,08750001
RPRNMLPLKIPFFAX67DA,山水北段,225.93,非都市：一般農業區 ; 非都市編定：農牧用地,1194890,225928,持分移轉,08750001
RPVNMLMLKIPFFAX77DA,春暉段,19.68,非都市： ; 非都市編定：,3,1,持分移轉,02730000
RPVNMLMLKIPFFAX77DA,春暉段,.69,非都市： ; 非都市編定：,9,3,持分移轉,02730001
RPUNMLTLKIPFFAX38DA,文東段,245.53,非都市：一般農業區 ; 非都市編定：甲種建築用地,1,1,全筆移轉,08010000
RPSNMLSLKIPFFAX08DA,城北段,407.57,非都市：一般農業區 ; 非都市編定：農牧用地,1,1,全筆移轉,09690000
RPQNMLTLKIPFFAX08EA,馬公段,36.00,非都市： ; 非都市編定：,1,1,全筆移轉,20420003
RPPNMLSKKIPFFAX67DA,文化段,96.72,非都市： ; 非都市編定：,1,1,全筆移轉,04650000
RPPNMLSKKIPFFAX67DA,文化段,45.05,非都市： ; 非都市編定：,1,1,全筆移轉,04660000
RPPNMLRLKIPFFAX67DA,五福段,150.71,非都市：一般農業區 ; 非都市編定：甲種建築用地,1,1,全筆移轉,08970002
RPPNMLRLKIPFFAX67DA,五福段,15.48,非都市：一般農業區 ; 非都市編定：交通用地,2,1,持分移轉,08970003
RPSNMLKMKIPFFAX37DA,五德西段,213.02,非都市：鄉村區 ; 非都市編定：乙種建築用地,1,1,全筆移轉,01940000
RPUNMLKMKIPFFAX57DA,五福段,185.13,非都市：一般農業區 ; 非都市編定：甲種建築用地,1,1,全筆移轉,05010007
RPUNMLKMKIPFFAX57DA,五福段,27.71,非都市：一般農業區 ; 非都市編定：水利用地,1,1,全筆移轉,05010008
RPUNMLKMKIPFFAX57DA,五福段,45.86,非都市：一般農業區 ; 非都市編定：交通用地,7,1,持分移轉,05010009
RPPNMLLMKIPFFAX27EA,興仁段,123.08,非都市：一般農業區 ; 非都市編定：農牧用地,6,2,持分移轉,10850000
RPPNMLLMKIPFFAX27EA,興仁段,478.43,非都市：一般農業區 ; 非都市編定：農牧用地,6,2,持分移轉,10870000
RPPNMLLMKIPFFAX27EA,興仁段,1190.50,非都市：一般農業區 ; 非都市編定：農牧用地,6,2,持分移轉,11780000
RPSOMLPJJHGGFAX76EA,文化段,1.40,非都市： ; 非都市編定：,1,1,全筆移轉,06390007
RPSOMLPJJHGGFAX76EA,文化段,6.73,非都市： ; 非都市編定：,1,1,全筆移轉,06520001
RPTNMLKMKIPFFAX47DA,埕中段,44.19,非都市： ; 非都市編定：,1,1,全筆移轉,00750000
RPTNMLKMKIPFFAX47DA,埕中段,30.68,非都市： ; 非都市編定：,4,1,持分移轉,00770000
RPPNMLOJJHGGFAX88EA,尖山南段,577.38,非都市：一般農業區 ; 非都市編定：農牧用地,1,1,全筆移轉,11410000
RPUNMLNLKIPFFAX77DA,文化段,13.62,非都市： ; 非都市編定：,10000,410,持分移轉,08590000
RPUNMLNLKIPFFAX77DA,文化段,16.91,非都市： ; 非都市編定：,10000,410,持分移轉,08660000
RPPNMLPJJHGGFAX88DA,馬公段,56.00,非都市： ; 非都市編定：,1,1,全筆移轉,01230003
RPPNMLKMKIPFFAX07DA,七美一段,15.84,非都市：鄉村區 ; 非都市編定：乙種建築用地,1,1,全筆移轉,06450001
RPWNMLTLKIPFFAX58DA,興崁段,1302.75,非都市：一般農業區 ; 非都市編定：農牧用地,1,1,全筆移轉,08830000
RPQNMLPJJHGGFAX98DA,山水東段,1227.00,非都市：一般農業區 ; 非都市編定：農牧用地,16,8,持分移轉,02330000
RPRNMLPJJHGGFAX09DA,埕東段,76.30,非都市： ; 非都市編定：,1,1,全筆移轉,07630004
RPQOMLPJJHGGFAX09DA,池東段,106.77,非都市：一般農業區 ; 非都市編定：甲種建築用地,1,1,全筆移轉,10820000
RPPNMLQLKIPFFAX57DA,南寮南段,212.16,非都市：一般農業區 ; 非都市編定：丁種建築用地,2,1,持分移轉,08150001
RPPNMLQLKIPFFAX57DA,南寮南段,212.16,非都市：一般農業區 ; 非都市編定：丁種建築用地,2,1,持分移轉,08150001
RPPNMLQLKIPFFAX57DA,南寮南段,66.96,非都市：一般農業區 ; 非都市編定：丁種建築用地,2,1,持分移轉,08290000
RPPNMLQLKIPFFAX57DA,南寮南段,66.96,非都市：一般農業區 ; 非都市編定：丁種建築用地,2,1,持分移轉,08290000
RPUOMLPJJHGGFAX86DA,烏崁新段,409.63,非都市：風景區 ; 非都市編定：國土保安用地,1,1,全筆移轉,06600000
RPUOMLPJJHGGFAX86DA,烏崁新段,570.60,非都市：風景區 ; 非都市編定：遊憩用地,1,1,全筆移轉,06600001
RPUOMLPJJHGGFAX86DA,烏崁新段,65.25,非都市：風景區 ; 非都市編定：國土保安用地,1,1,全筆移轉,06610000
RPUOMLPJJHGGFAX86DA,烏崁新段,88.21,非都市：風景區 ; 非都市編定：國土保安用地,1,1,全筆移轉,06610001
RPUOMLPJJHGGFAX86DA,烏崁新段,335.39,非都市：風景區 ; 非都市編定：國土保安用地,1,1,全筆移轉,06610002
RPUOMLPJJHGGFAX86DA,烏崁新段,2338.80,非都市：風景區 ; 非都市編定：遊憩用地,1,1,全筆移轉,06610003
RPSNMLOJJHGGFAX09DA,鼎灣新段,175.81,非都市：一般農業區 ; 非都市編定：農牧用地,129665,17581,持分移轉,06410000
RPSNMLOJJHGGFAX09DA,鼎灣新段,2.99,非都市：一般農業區 ; 非都市編定：交通用地,9,1,持分移轉,0640
RPSNMLOJJHGGFAX09DA,鼎灣新段,53.33,非都市：一般農業區 ; 非都市編定：交通用地,9,1,持分移轉,06410004
RPVNMLQJJIPFFAX87DA,馬公段,.94,非都市： ; 非都市編定：,288,4,持分移轉,04240000
RPUNMLOJJHGGFAX66DA,五福段,426.27,非都市：一般農業區 ; 非都市編定：農牧用地,1,1,全筆移轉,00730000
RPOOMLRJKIPFFAX47DA,雙湖段,40.50,非都市：鄉村區 ; 非都市編定：乙種建築用地,100,25,持分移轉,09290000
RPROMLPJJHGGFAX56DA,鐵線段,860.92,非都市：鄉村區 ; 非都市編定：乙種建築用地,1,1,全筆移轉,07050000
RPOOMLPJJHGGFAX98EA,馬公段,7.65,非都市： ; 非都市編定：,40,1,持分移轉,00060003
RPOOMLPJJHGGFAX98EA,馬公段,2.45,非都市： ; 非都市編定：,40,1,持分移轉,00060013
RPRNMLQJJHGGFAX56DA,鎖港南段,107.68,非都市：一般農業區 ; 非都市編定：農牧用地,1,1,全筆移轉,03770001
RPRNMLQJJHGGFAX56DA,鎖港南段,80.41,非都市：一般農業區 ; 非都市編定：農牧用地,1,1,全筆移轉,03770004
RPQNMLRJJHGGFAX66EA,文澳段,119.00,非都市： ; 非都市編定：,1,1,全筆移轉,23530000
RPTOMLPJJHGGFAX86EA,文化段,39.70,非都市： ; 非都市編定：,1,1,全筆移轉,06380000
RPTOMLPJJHGGFAX86EA,文化段,28.15,非都市： ; 非都市編定：,1,1,全筆移轉,06390001
RPTNMLRKKIPFFAX97DA,花宅段,39.58,非都市：一般農業區 ; 非都市編定：甲種建築用地,768,64,持分移轉,22380000
SPTOMLPJJHGGFAX96EA,文化段,69.52,非都市： ; 非都市編定：,1,1,全筆移轉,06390000
SPTOMLPJJHGGFAX96EA,文化段,110.74,非都市： ; 非都市編定：,1,1,全筆移轉,06630001
RPPNMLQJJHGGFAX09EA,雙湖段,119.83,非都市：一般農業區 ; 非都市編定：農牧用地,4,1,持分移轉,05450000
RPVNMLPLKIPFFAX08DA,四維段,79.16,非都市：鄉村區 ; 非都市編定：乙種建築用地,10000,940,持分移轉,00440000
RPSNMLQJJHGGFAX66DA,文光段,25.60,非都市： ; 非都市編定：,100000,309,持分移轉,00200000
RPSNMLQJJHGGFAX66DA,文光段,3.31,非都市： ; 非都市編定：,100000,309,持分移轉,00540000
RPVNMLPLKIPFFAX08DA,四維段,2.95,非都市：鄉村區 ; 非都市編定：乙種建築用地,130,6,持分移轉,00460000
RPVNMLPLKIPFFAX08DA,四維段,3.40,非都市：鄉村區 ; 非都市編定：乙種建築用地,130,6,持分移轉,00470000
RPVNMLPLKIPFFAX08DA,四維段,3.97,非都市：鄉村區 ; 非都市編定：乙種建築用地,130,6,持分移轉,00480000
RPVNMLPLKIPFFAX08DA,四維段,3.34,非都市：鄉村區 ; 非都市編定：乙種建築用地,130,6,持分移轉,00510000
RPVNMLQJJHGGFAX96DA,許家段,233.72,非都市：一般農業區 ; 非都市編定：甲種建築用地,1,1,全筆移轉,03970000
RPVNMLQJJHGGFAX96DA,許家段,5.14,非都市：一般農業區 ; 非都市編定：交通用地,2,1,持分移轉,03970002
RPVNMLOJJHGGFAX76DA,馬公段,24.70,非都市： ; 非都市編定：,100000,2913,持分移轉,00630002
RPUNMLQJJHGGFAX86DA,光榮段,12.23,非都市： ; 非都市編定：,10000,104,持分移轉,04960000
RPXOMLPJJHGGFAX17DA,馬公段,34.00,非都市： ; 非都市編定：,1,1,全筆移轉,21640000
RPQNMLSJJHGGFAX66DA,許家段,49.97,非都市：一般農業區 ; 非都市編定：交通用地,1,1,全筆移轉,00770000
RPQNMLSJJHGGFAX66DA,許家段,26.81,非都市：一般農業區 ; 非都市編定：交通用地,1,1,全筆移轉,00770001
RPQNMLSJJHGGFAX66DA,許家段,899.90,非都市：一般農業區 ; 非都市編定：農牧用地,1,1,全筆移轉,00780000
RPXNMLQJJHGGFAX17DA,山水北段,270.65,非都市：一般農業區 ; 非都市編定：農牧用地,1000,262,持分移轉,05350001
RPXNMLQJJHGGFAX17DA,山水北段,254.12,非都市：一般農業區 ; 非都市編定：農牧用地,1000,246,持分移轉,05350001
RPXNMLQJJHGGFAX17DA,山水北段,254.12,非都市：一般農業區 ; 非都市編定：農牧用地,1000,246,持分移轉,05350001
RPXNMLQJJHGGFAX17DA,山水北段,254.12,非都市：一般農業區 ; 非都市編定：農牧用地,1000,246,持分移轉,05350001
RPSNMLLMKIPFFAX47DA,六合段,165.36,非都市：一般農業區 ; 非都市編定：甲種建築用地,1,1,全筆移轉,04320001
RPQOMLRJKIPFFAX67DA,雙湖段,50.57,非都市：鄉村區 ; 非都市編定：乙種建築用地,100,25,持分移轉,09260000
RPSNMLLMKIPFFAX47DA,六合段,52.02,非都市：一般農業區 ; 非都市編定：交通用地,6,1,持分移轉,04320004
RPSNMLSJJHGGFAX86DA,北澳段,64.94,非都市：鄉村區 ; 非都市編定：乙種建築用地,1,1,全筆移轉,01060000
RPSNMLSJJHGGFAX86DA,北澳段,59.76,非都市：鄉村區 ; 非都市編定：乙種建築用地,1,1,全筆移轉,01090000
RPTNMLLLKIPFFAX47DA,花宅段,29.69,非都市：一般農業區 ; 非都市編定：甲種建築用地,2304,144,持分移轉,22380000
RPSNMLSJJHGGFAX86DA,北澳段,13.14,非都市：鄉村區 ; 非都市編定：乙種建築用地,1,1,全筆移轉,01170006
RPUNMLLKJHGGFAX09DA,馬公段,56.00,非都市： ; 非都市編定：,1,1,全筆移轉,12260000
RPPNMLOLKIPFFAX37DA,國宅段,36.70,非都市：一般農業區 ; 非都市編定：交通用地,6,1,持分移轉,02580004
RPPNMLOLKIPFFAX37DA,國宅段,162.60,非都市：一般農業區 ; 非都市編定：甲種建築用地,1,1,全筆移轉,02580006
RPRNMLSJJHGGFAX76DA,埕西段,41.23,非都市： ; 非都市編定：,1,1,全筆移轉,01550000
RPPPMLPJJHGGFAX09DA,竹篙灣段,3621.00,非都市：一般農業區 ; 非都市編定：農牧用地,1,1,全筆移轉,33890000
RPUNMLMKJHGGFAX66EA,城北段,482.33,非都市：一般農業區 ; 非都市編定：農牧用地,2,1,持分移轉,09190001
TPVNMLMKJHGGFAX86DA,合界段,145.72,非都市：一般農業區 ; 非都市編定：農牧用地,1,1,全筆移轉,10680000
RPSNMLMKJHGGFAX98DA,興崁段,915.40,非都市：一般農業區 ; 非都市編定：農牧用地,1,1,全筆移轉,05570000
RPVNMLMKJHGGFAX66DA,竹灣段,1510.67,非都市：一般農業區 ; 非都市編定：農牧用地,1,1,全筆移轉,00340000
RPRNMLMKJHGGFAX98EA,尖山南段,226.19,非都市： ; 非都市編定：,1,1,全筆移轉,10330000
RPWNMLNKJHGGFAX86DA,林投南段,207.20,非都市：鄉村區 ; 非都市編定：乙種建築用地,1,1,全筆移轉,04110000
SPVNMLMKJHGGFAX76DA,竹灣段,1174.58,非都市：一般農業區 ; 非都市編定：農牧用地,1,1,全筆移轉,18540000
RPRNMLLKJHGGFAX78DA,六合段,1440.26,非都市：一般農業區 ; 非都市編定：農牧用地,1,1,全筆移轉,04620000
RPUNMLNKJHGGFAX66DA,林投北段,1581.11,非都市：一般農業區 ; 非都市編定：農牧用地,1,1,全筆移轉,00510000
RPSNMLNKJHGGFAX09DA,小赤段,142.31,非都市：一般農業區 ; 非都市編定：農牧用地,1,1,全筆移轉,01750000
RPTNMLNKJHGGFAX56DA,合界段,262.77,非都市：一般農業區 ; 非都市編定：農牧用地,1,1,全筆移轉,00950000
RPTNMLQJJHGGFAX76DA,文寮段,228.51,非都市：一般農業區 ; 非都市編定：農牧用地,69656,22851,持分移轉,03330000
RPTNMLQJJHGGFAX76DA,文寮段,233.18,非都市：一般農業區 ; 非都市編定：農牧用地,69656,23318,持分移轉,03330000
RPTNMLQJJHGGFAX76DA,文寮段,234.87,非都市：一般農業區 ; 非都市編定：農牧用地,69656,23487,持分移轉,03330000
RPPNMLOKJHGGFAX88DA,鐵線段,2862.47,非都市：一般農業區 ; 非都市編定：農牧用地,1,1,全筆移轉,05270000
RPOOMLNKJHGGFAX78DA,赤崁西段,1077.60,非都市：一般農業區 ; 非都市編定：農牧用地,1,1,全筆移轉,11820000
SPOOMLNKJHGGFAX88DA,赤崁西段,1170.50,非都市：一般農業區 ; 非都市編定：農牧用地,1,1,全筆移轉,11810000
SPTNMLNKJHGGFAX66DA,合界段,59.14,非都市：一般農業區 ; 非都市編定：農牧用地,1,1,全筆移轉,12080000
RPWNMLOKJHGGFAX96DA,吉貝西段,422.30,非都市：一般農業區 ; 非都市編定：農牧用地,1,1,全筆移轉,08390000
RPUNMLOKJHGGFAX76DA,講美段,892.02,非都市：風景區 ; 非都市編定：農牧用地,1,1,全筆移轉,20090000
RPUNMLOKJHGGFAX76DA,講美段,1465.13,非都市：風景區 ; 非都市編定：農牧用地,1,1,全筆移轉,20100000
RPRNMLNKJHGGFAX09EA,埕西段,33.90,非都市： ; 非都市編定：,14,1,持分移轉,03560000
RPTNMLOKJHGGFAX66DA,興崁段,262.58,非都市：一般農業區 ; 非都市編定：農牧用地,10000,2589,持分移轉,10070000
RPTNMLOKJHGGFAX66DA,興崁段,257.00,非都市：一般農業區 ; 非都市編定：農牧用地,10000,2534,持分移轉,10070000
RPTNMLOKJHGGFAX66DA,興崁段,245.33,非都市：一般農業區 ; 非都市編定：農牧用地,10000,2419,持分移轉,10070000
RPQNMLOKJHGGFAX98DA,鼎灣新段,1406.43,非都市：一般農業區 ; 非都市編定：農牧用地,4,2,持分移轉,08090000
RPQOMLNKJHGGFAX98DA,文澳段,49.30,非都市： ; 非都市編定：,10000,279,持分移轉,23040000
RPTNMLLMKIPFFAX57DA,馬公段,53.00,非都市： ; 非都市編定：,1,1,全筆移轉,25940000
RPPNMLSJJHGGFAX56DA,海堤段,928.59,非都市：一般農業區 ; 非都市編定：農牧用地,24,10,持分移轉,00240000
RPRNMLSLKIPFFAX97DA,文石段,22.22,非都市： ; 非都市編定：,21,1,持分移轉,14230000
RPRNMLOKJHGGFAX56EA,七美二段,174.67,非都市：一般農業區 ; 非都市編定：農牧用地,6,1,持分移轉,04260000
RPRNMLOKJHGGFAX56EA,七美二段,174.67,非都市：一般農業區 ; 非都市編定：農牧用地,6,1,持分移轉,04260000
RPTOMLRJKIPFFAX97DA,雙湖段,50.57,非都市：鄉村區 ; 非都市編定：乙種建築用地,100,25,持分移轉,09260000
RPRNMLRKJHGGFAX76DA,五福段,188.34,非都市：一般農業區 ; 非都市編定：農牧用地,10000,1006,持分移轉,07070000
RPRNMLRKJHGGFAX76DA,五福段,196.95,非都市：一般農業區 ; 非都市編定：農牧用地,10000,1052,持分移轉,07070000
RPRNMLRKJHGGFAX76DA,五福段,189.28,非都市：一般農業區 ; 非都市編定：農牧用地,10000,1011,持分移轉,07070000
RPRNMLRKJHGGFAX76DA,五福段,187.59,非都市：一般農業區 ; 非都市編定：農牧用地,10000,1002,持分移轉,07070000
RPRNMLRKJHGGFAX76DA,五福段,186.66,非都市：一般農業區 ; 非都市編定：農牧用地,10000,997,持分移轉,07070000
RPRNMLRKJHGGFAX76DA,五福段,185.91,非都市：一般農業區 ; 非都市編定：農牧用地,10000,993,持分移轉,07070000
RPRNMLRKJHGGFAX76DA,五福段,184.97,非都市：一般農業區 ; 非都市編定：農牧用地,10000,988,持分移轉,07070000
RPRNMLRKJHGGFAX76DA,五福段,184.03,非都市：一般農業區 ; 非都市編定：農牧用地,10000,983,持分移轉,07070000
RPRNMLRKJHGGFAX76DA,五福段,184.22,非都市：一般農業區 ; 非都市編定：農牧用地,10000,984,持分移轉,07070000
RPRNMLRKJHGGFAX76DA,五福段,184.22,非都市：一般農業區 ; 非都市編定：農牧用地,10000,984,持分移轉,07070000
RPWNMLPKJHGGFAX07DA,興崁段,380.15,非都市：一般農業區 ; 非都市編定：甲種建築用地,1,1,全筆移轉,12280000
RPWNMLTKJHGGFAX47DA,花宅段,296.00,非都市：鄉村區 ; 非都市編定：乙種建築用地,1,1,全筆移轉,20450000
RPSNMLPKJHGGFAX66DA,案山段,21.71,非都市： ; 非都市編定：,12,2,持分移轉,03500000
RPSNMLPKJHGGFAX66DA,案山段,.22,非都市： ; 非都市編定：,12,2,持分移轉,03560000
RPRNMLSKJHGGFAX86DA,許家段,296.03,非都市：一般農業區 ; 非都市編定：農牧用地,1,1,全筆移轉,04850000
RPSNMLPKJHGGFAX66DA,案山段,20.24,非都市： ; 非都市編定：,12,2,持分移轉,03700000
RPSNMLPKJHGGFAX66DA,案山段,22.74,非都市： ; 非都市編定：,12,2,持分移轉,04300000
RPSNMLPKJHGGFAX66DA,案山段,38.73,非都市： ; 非都市編定：,12,2,持分移轉,04330000
RPSNMLPKJHGGFAX66DA,案山段,53.05,非都市： ; 非都市編定：,12,2,持分移轉,05240000
RPSNMLPKJHGGFAX66DA,案山段,.52,非都市： ; 非都市編定：,12,2,持分移轉,05240001
RPSNMLPKJHGGFAX66DA,案山段,55.39,非都市： ; 非都市編定：,12,2,持分移轉,05270000
RPSNMLPKJHGGFAX66DA,案山段,15.82,非都市： ; 非都市編定：,12,2,持分移轉,05290000
RPSNMLPKJHGGFAX66DA,案山段,1.65,非都市： ; 非都市編定：,12,2,持分移轉,05310000
RPSNMLPKJHGGFAX66DA,案山段,6.24,非都市： ; 非都市編定：,12,2,持分移轉,05320000
RPSNMLPKJHGGFAX66DA,案山段,7.13,非都市： ; 非都市編定：,12,2,持分移轉,05340000
RPSNMLPKJHGGFAX66DA,案山段,25.37,非都市： ; 非都市編定：,12,2,持分移轉,05360000
RPSNMLPKJHGGFAX66DA,案山段,39.76,非都市： ; 非都市編定：,12,2,持分移轉,06500000
RPSNMLPKJHGGFAX66DA,案山段,26.89,非都市： ; 非都市編定：,12,2,持分移轉,06510000
RPVNMLSKJHGGFAX27DA,?葉新段,145.64,非都市：鄉村區 ; 非都市編定：乙種建築用地,2,1,持分移轉,08560000
RPWNMLSKJHGGFAX37DA,隘門新段,51.34,非都市：一般農業區 ; 非都市編定：甲種建築用地,1,1,全筆移轉,07840000
RPVNMLTKJHGGFAX37DA,南寮北段,82.10,非都市：鄉村區 ; 非都市編定：乙種建築用地,1,1,全筆移轉,07610000
RPXNMLTKJHGGFAX57DA,花宅段,286.00,非都市：一般農業區 ; 非都市編定：農牧用地,1,1,全筆移轉,20440000
RPTNMLSKJHGGFAX07DA,烏崁新段,1289.60,非都市：一般農業區 ; 非都市編定：農牧用地,1,1,全筆移轉,01880000
RPPNMLRKJHGGFAX56DA,隘門新段,747.42,非都市：一般農業區 ; 非都市編定：農牧用地,1,1,全筆移轉,12570000
RPSNMLSKJHGGFAX96DA,許家段,300.50,非都市：一般農業區 ; 非都市編定：農牧用地,1,1,全筆移轉,03760000
RPUNMLSKJHGGFAX17DA,中衛段,421.76,非都市： ; 非都市編定：,1,1,全筆移轉,09250000
RPQNMLRKJHGGFAX66DA,山水北段,254.12,非都市：一般農業區 ; 非都市編定：農牧用地,1000,246,持分移轉,05350001
RPUNMLSLKIPFFAX28DA,文寮段,51.26,非都市：一般農業區 ; 非都市編定：交通用地,11,1,持分移轉,03620004
RPUNMLSLKIPFFAX28DA,文寮段,156.93,非都市：一般農業區 ; 非都市編定：甲種建築用地,1,1,全筆移轉,03620010
RPVNMLTLKIPFFAX48DA,龍門西段,338.77,非都市：一般農業區 ; 非都市編定：農牧用地,6,1,持分移轉,03370000
RPVNMLTLKIPFFAX48DA,龍門北段,393.00,非都市：一般農業區 ; 非都市編定：農牧用地,6,2,持分移轉,05260000
RPVNMLTLKIPFFAX48DA,龍門北段,529.00,非都市：一般農業區 ; 非都市編定：農牧用地,2,1,持分移轉,10430000
RPVNMLTLKIPFFAX48DA,龍門北段,625.50,非都市：一般農業區 ; 非都市編定：農牧用地,2,1,持分移轉,11650000
RPUNMLMLKIPFFAX67DA,通梁東段,63.06,非都市：風景區 ; 非都市編定：農牧用地,6,1,持分移轉,00100000
RPUNMLMLKIPFFAX67DA,後寮北段,5.69,非都市：鄉村區 ; 非都市編定：乙種建築用地,18,1,持分移轉,16080000
RPUNMLMLKIPFFAX67DA,後寮北段,15.34,非都市：鄉村區 ; 非都市編定：乙種建築用地,6,1,持分移轉,16100000
RPUNMLMLKIPFFAX67DA,後寮北段,19.28,非都市：鄉村區 ; 非都市編定：乙種建築用地,12,1,持分移轉,16550000
RPUNMLMLKIPFFAX67DA,後寮段,60.00,非都市：一般農業區 ; 非都市編定：農牧用地,6,1,持分移轉,18700000
RPUNMLMLKIPFFAX67DA,後寮段,2.50,非都市：一般農業區 ; 非都市編定：農牧用地,6,1,持分移轉,18700002
RPUNMLMLKIPFFAX67DA,後寮段,7.33,非都市：一般農業區 ; 非都市編定：交通用地,6,1,持分移轉,18700003
RPUNMLMLKIPFFAX67DA,後寮段,45.00,非都市：一般農業區 ; 非都市編定：農牧用地,6,1,持分移轉,19010000
RPUNMLMLKIPFFAX67DA,後寮段,2.67,非都市：一般農業區 ; 非都市編定：交通用地,6,1,持分移轉,19010003
RPUNMLMLKIPFFAX67DA,後寮段,33.17,非都市：一般農業區 ; 非都市編定：農牧用地,6,1,持分移轉,19030000
RPUNMLMLKIPFFAX67DA,後寮段,35.17,非都市：一般農業區 ; 非都市編定：農牧用地,12,1,持分移轉,22500000
RPROMLRJKIPFFAX77DA,雙湖段,50.57,非都市：鄉村區 ; 非都市編定：乙種建築用地,100,25,持分移轉,09260000
RPUNMLTKJHGGFAX27DA,北極段,.80,非都市： ; 非都市編定：,1,1,全筆移轉,11610002
RPWNMLKLJHGGFAX76EA,岐頭段,374.00,非都市：一般農業區 ; 非都市編定：農牧用地,2,1,持分移轉,12850000
RPWNMLKLJHGGFAX76EA,岐頭段,2258.50,非都市：一般農業區 ; 非都市編定：農牧用地,2,1,持分移轉,12870000
TPSNMLLLJHGGFAX56DA,池東段,286.34,非都市：一般農業區 ; 非都市編定：甲種建築用地,1,1,全筆移轉,29970000
RPVNMLPKJHGGFAX07EA,七美二段,53.34,非都市：一般農業區 ; 非都市編定：農牧用地,24,4,持分移轉,06790000
RPVNMLPKJHGGFAX07EA,七美二段,53.34,非都市：一般農業區 ; 非都市編定：農牧用地,24,4,持分移轉,06790000
RPVNMLPKJHGGFAX07EA,七美二段,160.38,非都市：一般農業區 ; 非都市編定：農牧用地,24,4,持分移轉,06800000
RPVNMLPKJHGGFAX07EA,七美二段,160.38,非都市：一般農業區 ; 非都市編定：農牧用地,24,4,持分移轉,06800000
SPSNMLLLJHGGFAX09DA,池東段,29.57,非都市：一般農業區 ; 非都市編定：農牧用地,1,1,全筆移轉,29430000
RPSNMLLLJHGGFAX98DA,池東段,78.14,非都市：一般農業區 ; 非都市編定：農牧用地,1,1,全筆移轉,29420000
RPQNMLTKJHGGFAX96EA,七美一段,599.59,非都市：一般農業區 ; 非都市編定：農牧用地,1,1,全筆移轉,03680000
RPUNMLLLJHGGFAX56DA,光華段,71.09,非都市：一般農業區 ; 非都市編定：甲種建築用地,1,1,全筆移轉,06810000
RPTNMLLLJHGGFAX09DA,港子新段,224.29,非都市：一般農業區 ; 非都市編定：農牧用地,1,1,全筆移轉,04180000
RPRNMLKLJHGGFAX78DA,南寮北段,199.24,非都市：鄉村區 ; 非都市編定：乙種建築用地,1,1,全筆移轉,09520000
RPRNMLPKJHGGFAX66EA,東澳段,637.92,非都市： ; 非都市編定：,1,1,全筆移轉,04900000
RPVNMLSKKIPFFAX28DA,五福段,1819.57,非都市：一般農業區 ; 非都市編定：農牧用地,1,1,全筆移轉,08810000
RPTNMLMLJHGGFAX56DA,馬公段,100.00,非都市： ; 非都市編定：,1,1,全筆移轉,02640000
RPOOMLKLJHGGFAX58DA,大嶼段,252.33,非都市：鄉村區 ; 非都市編定：乙種建築用地,3,1,持分移轉,08560000
RPVNMLMLJHGGFAX76DA,北澳段,76.07,非都市：鄉村區 ; 非都市編定：乙種建築用地,1,1,全筆移轉,01950000
RPTNMLOKKIPFFAX67DA,中衛段,139.34,非都市： ; 非都市編定：,12,1,持分移轉,02590000
RPUNMLMLJHGGFAX66DA,雙湖段,280.22,非都市：一般農業區 ; 非都市編定：農牧用地,2,1,持分移轉,00790003
RPUNMLMLJHGGFAX66DA,雙湖段,280.22,非都市：一般農業區 ; 非都市編定：農牧用地,2,1,持分移轉,00790003
RPOOMLLKJHGGFAX58DA,埕東段,87.64,非都市： ; 非都市編定：,1,1,全筆移轉,03870000
RPPNMLMKJHGGFAX68DA,文光段,25.60,非都市： ; 非都市編定：,100000,309,持分移轉,00200000
RPPNMLMKJHGGFAX68DA,文光段,3.31,非都市： ; 非都市編定：,100000,309,持分移轉,00540000
RPPNMLLKJHGGFAX58DA,埕東段,95.02,非都市： ; 非都市編定：,7,4,持分移轉,00370000
RPRNMLMLJHGGFAX98DA,文東段,131.28,非都市：一般農業區 ; 非都市編定：交通用地,6,1,持分移轉,06160000
RPRNMLMLJHGGFAX98DA,文東段,131.28,非都市：一般農業區 ; 非都市編定：交通用地,6,1,持分移轉,06160000
RPSNMLQLJHGGFAX96EA,將軍澳段,121.00,非都市：鄉村區 ; 非都市編定：乙種建築用地,1,1,全筆移轉,10000000
RPSNMLTKJHGGFAX07DA,許家段,378.42,非都市：一般農業區 ; 非都市編定：農牧用地,120000,20892,持分移轉,12060000
RPPNMLPLJHGGFAX09DA,興仁段,287.91,非都市：一般農業區 ; 非都市編定：農牧用地,6,2,持分移轉,11080000
RPPNMLPLJHGGFAX09DA,興仁段,1157.22,非都市：一般農業區 ; 非都市編定：農牧用地,6,2,持分移轉,11260000
RPWNMLQLJHGGFAX27DA,五福段,644.38,非都市：一般農業區 ; 非都市編定：農牧用地,1,1,全筆移轉,05810000
RPVNMLQLJHGGFAX17DA,?裡新段,13.70,非都市：一般農業區 ; 非都市編定：甲種建築用地,1,1,全筆移轉,05010000
SPRNMLQLJHGGFAX86DA,埕東段,71.27,非都市： ; 非都市編定：,7,3,持分移轉,00370000
RPRNMLQLJHGGFAX76DA,埕西段,99.20,非都市： ; 非都市編定：,10000,2790,持分移轉,02920000
RPPNMLTKJHGGFAX86EA,光榮段,2.74,非都市： ; 非都市編定：,1,1,全筆移轉,01940000
RPPNMLTKJHGGFAX86EA,光榮段,69.57,非都市： ; 非都市編定：,1,1,全筆移轉,01960000
RPVNMLSLJHGGFAX37DA,岐頭段,736.00,非都市：一般農業區 ; 非都市編定：農牧用地,1,1,全筆移轉,12290000
RPVNMLSLJHGGFAX37DA,岐頭段,473.00,非都市：一般農業區 ; 非都市編定：農牧用地,1,1,全筆移轉,12300000
RPXNMLQLJHGGFAX37DA,中衛段,225.12,非都市：一般農業區 ; 非都市編定：農牧用地,100000,13455,持分移轉,16310000
RPXNMLQLJHGGFAX37DA,中衛段,207.43,非都市：一般農業區 ; 非都市編定：農牧用地,100000,12398,持分移轉,16310000
RPXNMLQLJHGGFAX37DA,中衛段,211.92,非都市：一般農業區 ; 非都市編定：農牧用地,100000,12666,持分移轉,16310000
RPXNMLQLJHGGFAX37DA,中衛段,210.43,非都市：一般農業區 ; 非都市編定：農牧用地,100000,12577,持分移轉,16310000
RPXNMLQLJHGGFAX37DA,中衛段,205.89,非都市：一般農業區 ; 非都市編定：農牧用地,100000,12306,持分移轉,16310000
RPXNMLQLJHGGFAX37DA,中衛段,202.36,非都市：一般農業區 ; 非都市編定：農牧用地,100000,12095,持分移轉,16310000
RPXNMLQLJHGGFAX37DA,中衛段,203.89,非都市：一般農業區 ; 非都市編定：農牧用地,100000,12186,持分移轉,16310000
RPXNMLQLJHGGFAX37DA,中衛段,206.08,非都市：一般農業區 ; 非都市編定：農牧用地,100000,12317,持分移轉,16310000
RPUNMLRLJHGGFAX17DA,許家段,359.14,非都市：一般農業區 ; 非都市編定：農牧用地,120000,19828,持分移轉,12060000
RPUNMLRLJHGGFAX17DA,許家段,357.48,非都市：一般農業區 ; 非都市編定：農牧用地,120000,19736,持分移轉,12060000
RPUNMLRLJHGGFAX17DA,許家段,357.33,非都市：一般農業區 ; 非都市編定：農牧用地,120000,19728,持分移轉,12060000
RPXNMLRLJHGGFAX47DA,白坑段,98.13,非都市：鄉村區 ; 非都市編定：乙種建築用地,2,1,持分移轉,01370000
RPRNMLSLJHGGFAX96DA,光榮新段,207.34,非都市： ; 非都市編定：,1,1,全筆移轉,00670000
RPSNMLKLJHGGFAX88DA,埕西段,21.27,非都市： ; 非都市編定：,10000,280,持分移轉,02920002
RPPOMLRLJHGGFAX76DA,七美二段,61.09,非都市：一般農業區 ; 非都市編定：甲種建築用地,6,1,持分移轉,05920000
RPPOMLRLJHGGFAX76DA,七美二段,61.09,非都市：一般農業區 ; 非都市編定：甲種建築用地,48,8,持分移轉,05920000
RPSNMLTLJHGGFAX17DA,成功南段,152.54,非都市：一般農業區 ; 非都市編定：農牧用地,81768,15254,持分移轉,07080000
RPSNMLTLJHGGFAX17DA,成功南段,161.06,非都市：一般農業區 ; 非都市編定：農牧用地,81768,16106,持分移轉,07080000
RPSNMLTLJHGGFAX17DA,成功南段,165.84,非都市：一般農業區 ; 非都市編定：農牧用地,81768,16584,持分移轉,07080000
RPSNMLTLJHGGFAX17DA,成功南段,168.53,非都市：一般農業區 ; 非都市編定：農牧用地,81768,16853,持分移轉,07080000
RPSNMLTLJHGGFAX17DA,成功南段,169.71,非都市：一般農業區 ; 非都市編定：農牧用地,81768,16971,持分移轉,07080000
RPVNMLRLJHGGFAX27DA,合界段,262.77,非都市：一般農業區 ; 非都市編定：農牧用地,1,1,全筆移轉,00950000
RPQNMLPLJHGGFAX66EA,馬公段,130.00,非都市： ; 非都市編定：,1,1,全筆移轉,13690000
RPXNMLLKJHGGFAX76DA,西澳段,117.77,非都市： ; 非都市編定：,1,1,全筆移轉,03360000
RPVNMLLKJHGGFAX56DA,山水東段,83.94,非都市：一般農業區 ; 非都市編定：農牧用地,6,1,持分移轉,06920001
RPVNMLLKJHGGFAX56DA,山水東段,329.68,非都市：一般農業區 ; 非都市編定：農牧用地,1,1,全筆移轉,06950005
RPVNMLOKJHGGFAX86DA,馬公段,3.00,非都市： ; 非都市編定：,18,3,持分移轉,15380002
RPVNMLOKJHGGFAX86DA,馬公段,2.83,非都市： ; 非都市編定：,18,3,持分移轉,15380003
RPVNMLOKJHGGFAX86DA,馬公段,4.17,非都市： ; 非都市編定：,18,3,持分移轉,16210040
RPVNMLOKJHGGFAX86DA,馬公段,7.00,非都市： ; 非都市編定：,18,3,持分移轉,16210048
RPWNMLRLJHGGFAX37DA,東衛段,195.10,非都市：一般農業區 ; 非都市編定：甲種建築用地,1,1,全筆移轉,00770007
RPPOMLPJJHGGFAX98DA,白坑段,224.13,非都市：一般農業區 ; 非都市編定：農牧用地,1,1,全筆移轉,02350000
RPSOMLQLJHGGFAX96DA,光榮新段,121.37,非都市： ; 非都市編定：,1,1,全筆移轉,01010000
RPUNMLSLJHGGFAX27DA,竹灣段,3443.02,非都市：一般農業區 ; 非都市編定：農牧用地,1,1,全筆移轉,10560000
RPTNMLSLJHGGFAX17DA,五福段,251.85,非都市：一般農業區 ; 非都市編定：農牧用地,10000,1674,持分移轉,00500000
RPTNMLSLJHGGFAX17DA,五福段,300.15,非都市：一般農業區 ; 非都市編定：農牧用地,10000,1995,持分移轉,00500000
RPTNMLSLJHGGFAX17DA,五福段,241.17,非都市：一般農業區 ; 非都市編定：農牧用地,10000,1603,持分移轉,00500000
RPTNMLSLJHGGFAX17DA,五福段,215.59,非都市：一般農業區 ; 非都市編定：農牧用地,10000,1433,持分移轉,00500000
RPTNMLSLJHGGFAX17DA,五福段,266.14,非都市：一般農業區 ; 非都市編定：農牧用地,10000,1769,持分移轉,00500000
RPTNMLSLJHGGFAX17DA,五福段,229.59,非都市：一般農業區 ; 非都市編定：農牧用地,10000,1526,持分移轉,00500000
RPSNMLLJKHGGFAX98EA,七美三段,1067.05,非都市：一般農業區 ; 非都市編定：農牧用地,1,1,全筆移轉,20310000
RPTNMLPKJHGGFAX76DA,內垵一段,742.12,非都市：森林區 ; 非都市編定：農牧用地,2,1,持分移轉,02320000
RPVNMLKLJHGGFAX56DA,西澳段,85.74,非都市： ; 非都市編定：,1,1,全筆移轉,00450000
RPQNMLLJKHGGFAX68DA,成功南段,2204.33,非都市：一般農業區 ; 非都市編定：農牧用地,1,1,全筆移轉,06110000
RPTNMLLJKHGGFAX98DA,井垵西段,524.00,非都市：一般農業區 ; 非都市編定：農牧用地,1,1,全筆移轉,08720000
RPQNMLNLJHGGFAX98DA,東澳段,127.90,非都市： ; 非都市編定：,1,1,全筆移轉,05970001
RPXNMLKLJHGGFAX76DA,五福段,256.06,非都市：一般農業區 ; 非都市編定：農牧用地,167462,25606,持分移轉,00730002
RPXNMLKLJHGGFAX76DA,五福段,236.55,非都市：一般農業區 ; 非都市編定：農牧用地,167462,23655,持分移轉,00730002
RPXNMLKLJHGGFAX76DA,五福段,235.31,非都市：一般農業區 ; 非都市編定：農牧用地,167462,23531,持分移轉,00730002
RPXNMLKLJHGGFAX76DA,五福段,236.85,非都市：一般農業區 ; 非都市編定：農牧用地,167462,23685,持分移轉,00730002
RPXNMLKLJHGGFAX76DA,五福段,235.56,非都市：一般農業區 ; 非都市編定：農牧用地,167462,23556,持分移轉,00730002
RPXNMLKLJHGGFAX76DA,五福段,235.20,非都市：一般農業區 ; 非都市編定：農牧用地,167462,23520,持分移轉,00730002
RPXNMLKLJHGGFAX76DA,五福段,239.09,非都市：一般農業區 ; 非都市編定：農牧用地,167462,23909,持分移轉,00730002
RPPOMLNJKHGGFAX88DA,五福段,1298.26,非都市：一般農業區 ; 非都市編定：農牧用地,1,1,全筆移轉,00770001
RPTNMLKLJHGGFAX98DA,雙湖段,275.73,非都市：一般農業區 ; 非都市編定：甲種建築用地,1,1,全筆移轉,04280000
SPPOMLNJKHGGFAX98DA,五福段,413.93,非都市：一般農業區 ; 非都市編定：農牧用地,1,1,全筆移轉,00730001
RPXNMLNJKHGGFAX96DA,成功南段,101.45,非都市：一般農業區 ; 非都市編定：農牧用地,1,1,全筆移轉,07070000
RPPNMLNKJHGGFAX78DA,興崁段,2320.73,非都市：一般農業區 ; 非都市編定：農牧用地,1,1,全筆移轉,09750000
RPSNMLMLJHGGFAX09DA,六合段,86.05,非都市：鄉村區 ; 非都市編定：乙種建築用地,1,1,全筆移轉,03390000
RPWNMLNJKHGGFAX86DA,鐵線段,1047.97,非都市：一般農業區 ; 非都市編定：農牧用地,1,1,全筆移轉,08070000
RPWNMLNJKHGGFAX86DA,鐵線段,84.29,非都市： ; 非都市編定：,1,1,全筆移轉,08080000
RPWNMLNJKHGGFAX86DA,鐵線段,20.06,非都市：一般農業區 ; 非都市編定：交通用地,1,1,全筆移轉,08100000
RPRNMLOJKHGGFAX09DA,湖東新段,812.05,非都市：一般農業區 ; 非都市編定：礦業用地,2,1,持分移轉,12470000
RPRNMLOJKHGGFAX09DA,湖東新段,27.81,非都市：一般農業區 ; 非都市編定：交通用地,2,1,持分移轉,12480000
RPRNMLOJKHGGFAX09DA,湖東新段,303.74,非都市：一般農業區 ; 非都市編定：礦業用地,2,1,持分移轉,12490000
RPRNMLOJKHGGFAX09DA,湖東新段,141.72,非都市：一般農業區 ; 非都市編定：交通用地,2,1,持分移轉,12500000
RPRNMLOJKHGGFAX09DA,湖東新段,586.43,非都市：一般農業區 ; 非都市編定：礦業用地,2,1,持分移轉,12510000
RPRNMLOJKHGGFAX09DA,湖東新段,145.13,非都市：一般農業區 ; 非都市編定：礦業用地,2,1,持分移轉,12520000
RPRNMLOJKHGGFAX09DA,湖東新段,85.39,非都市：一般農業區 ; 非都市編定：交通用地,2,1,持分移轉,12530000
RPRNMLOJKHGGFAX09DA,湖東新段,292.06,非都市：一般農業區 ; 非都市編定：礦業用地,2,1,持分移轉,12540000
RPRNMLOJKHGGFAX09DA,湖東新段,12.12,非都市：一般農業區 ; 非都市編定：礦業用地,2,1,持分移轉,12550000
RPRNMLOJKHGGFAX09DA,湖東新段,62.17,非都市：一般農業區 ; 非都市編定：交通用地,2,1,持分移轉,12560000
RPRNMLOJKHGGFAX09DA,湖東新段,704.68,非都市：一般農業區 ; 非都市編定：礦業用地,2,1,持分移轉,12570000
RPWNMLOJKHGGFAX96DA,文寮段,572.26,非都市：一般農業區 ; 非都市編定：農牧用地,1,1,全筆移轉,03660000
RPWNMLOJKHGGFAX96DA,文寮段,571.00,非都市：一般農業區 ; 非都市編定：農牧用地,1,1,全筆移轉,03660001
RPSNMLPJKHGGFAX66DA,風櫃西段,281.22,非都市：一般農業區 ; 非都市編定：農牧用地,2,1,持分移轉,11240001
RPSNMLPJKHGGFAX66DA,風櫃西段,281.22,非都市：一般農業區 ; 非都市編定：農牧用地,2,1,持分移轉,11240001
RPVNMLPJKHGGFAX96DA,文寮段,356.36,非都市：一般農業區 ; 非都市編定：農牧用地,3,1,持分移轉,05810000
RPUNMLOJKHGGFAX76DA,許家段,178.01,非都市：一般農業區 ; 非都市編定：農牧用地,2,1,持分移轉,09360000
RPUNMLOJKHGGFAX76DA,許家段,178.01,非都市：一般農業區 ; 非都市編定：農牧用地,2,1,持分移轉,09360000
RPWNMLPJKHGGFAX07DA,湖西北段,132.86,非都市：一般農業區 ; 非都市編定：甲種建築用地,1,1,全筆移轉,06530000
RPWNMLPJKHGGFAX07DA,湖西北段,36.28,非都市：一般農業區 ; 非都市編定：交通用地,15,1,持分移轉,06580000
RPQPMLPJJHGGFAX56DA,風櫃東段,1681.71,非都市：一般農業區 ; 非都市編定：農牧用地,1,1,全筆移轉,09270000
RPSNMLSJKHGGFAX96DA,光榮段,9.53,非都市： ; 非都市編定：,10000,81,持分移轉,04960000
RPVNMLNJKHGGFAX86EA,隘門新段,316.31,非都市：一般農業區 ; 非都市編定：農牧用地,1,1,全筆移轉,10100000
RPRNMLPJKHGGFAX56DA,鐵線段,135.10,非都市：一般農業區 ; 非都市編定：交通用地,2,1,持分移轉,06220002
RPOOMLTKJHGGFAX76DA,太武新段,777.09,非都市：一般農業區 ; 非都市編定：農牧用地,3,1,持分移轉,03300000
SPRNMLPJKHGGFAX66DA,鐵線段,197.10,非都市：一般農業區 ; 非都市編定：甲種建築用地,1,1,全筆移轉,06220001
RPQOMLNJKHGGFAX98DA,中衛段,560.00,非都市： ; 非都市編定：,1,1,全筆移轉,03720000
RPSNMLSKKHGGFAX07DA,案山段,106.29,非都市： ; 非都市編定：,1,1,全筆移轉,01160000
RPSNMLSKKHGGFAX07DA,案山段,19.07,非都市： ; 非都市編定：,1,1,全筆移轉,01230000
RPSNMLSKKHGGFAX07DA,案山段,1.51,非都市： ; 非都市編定：,1,1,全筆移轉,01230001
RPSNMLSKKHGGFAX07DA,案山段,9.27,非都市： ; 非都市編定：,1,1,全筆移轉,01290002
RPUNMLSKKHGGFAX27DA,林投北段,403.14,非都市：一般農業區 ; 非都市編定：農牧用地,1,1,全筆移轉,01950000
RPTNMLSJKHGGFAX07DA,文寮段,411.36,非都市：一般農業區 ; 非都市編定：農牧用地,4,1,持分移轉,13260001
RPTNMLSJKHGGFAX07DA,文寮段,411.36,非都市：一般農業區 ; 非都市編定：農牧用地,4,1,持分移轉,13260001
RPTNMLSJKHGGFAX07DA,文寮段,411.36,非都市：一般農業區 ; 非都市編定：農牧用地,4,1,持分移轉,13260001
RPTNMLSJKHGGFAX07DA,文寮段,411.36,非都市：一般農業區 ; 非都市編定：農牧用地,4,1,持分移轉,13260001
RPRNMLRKKHGGFAX86DA,興仁段,214.60,非都市：一般農業區 ; 非都市編定：農牧用地,10000,1237,持分移轉,07490000
RPRNMLRKKHGGFAX86DA,興仁段,213.91,非都市：一般農業區 ; 非都市編定：農牧用地,10000,1233,持分移轉,07490000
RPRNMLRKKHGGFAX86DA,興仁段,213.91,非都市：一般農業區 ; 非都市編定：農牧用地,10000,1233,持分移轉,07490000
RPRNMLRKKHGGFAX86DA,興仁段,213.91,非都市：一般農業區 ; 非都市編定：農牧用地,10000,1233,持分移轉,07490000
RPRNMLRKKHGGFAX86DA,興仁段,226.40,非都市：一般農業區 ; 非都市編定：農牧用地,10000,1305,持分移轉,07490000
RPRNMLRKKHGGFAX86DA,興仁段,215.81,非都市：一般農業區 ; 非都市編定：農牧用地,10000,1244,持分移轉,07490000
RPRNMLRKKHGGFAX86DA,興仁段,215.12,非都市：一般農業區 ; 非都市編定：農牧用地,10000,1240,持分移轉,07490000
RPRNMLRKKHGGFAX86DA,興仁段,221.19,非都市：一般農業區 ; 非都市編定：農牧用地,10000,1275,持分移轉,07490000
RPSNMLOJKHGGFAX56DA,興仁南段,393.00,非都市：一般農業區 ; 非都市編定：農牧用地,1,1,全筆移轉,02700000
RPRNMLSKKHGGFAX96DA,中衛段,70.61,非都市： ; 非都市編定：,4,1,持分移轉,13730000
RPRNMLSKKHGGFAX96DA,中衛段,70.61,非都市： ; 非都市編定：,4,1,持分移轉,13730000
RPPNMLTKKHGGFAX86DA,鎖港南段,97.21,非都市： ; 非都市編定：,1,1,全筆移轉,09420000
RPPNMLTKKHGGFAX86DA,鎖港南段,165.55,非都市： ; 非都市編定：,1,1,全筆移轉,09430000
RPRNMLLJKHGGFAX88EA,潭邊新段,167.62,非都市：一般農業區 ; 非都市編定：農牧用地,2,1,持分移轉,00380000
RPRNMLLJKHGGFAX88EA,中西段,130.65,非都市：一般農業區 ; 非都市編定：農牧用地,2,1,持分移轉,02730000
RPXNMLSKKHGGFAX57DA,鐵線段,714.08,非都市：一般農業區 ; 非都市編定：農牧用地,2,1,持分移轉,03230000
RPXNMLSKKHGGFAX57DA,鐵線段,714.08,非都市：一般農業區 ; 非都市編定：農牧用地,2,1,持分移轉,03230000
RPOOMLSKKHGGFAX76DA,五福段,154.45,非都市：一般農業區 ; 非都市編定：農牧用地,1000,126,持分移轉,05400000
RPOOMLSKKHGGFAX76DA,五福段,153.22,非都市：一般農業區 ; 非都市編定：農牧用地,1000,125,持分移轉,05400000
RPOOMLSKKHGGFAX76DA,五福段,153.22,非都市：一般農業區 ; 非都市編定：農牧用地,1000,125,持分移轉,05400000
RPOOMLSKKHGGFAX76DA,五福段,153.22,非都市：一般農業區 ; 非都市編定：農牧用地,1000,125,持分移轉,05400000
RPOOMLSKKHGGFAX76DA,五福段,153.22,非都市：一般農業區 ; 非都市編定：農牧用地,1000,125,持分移轉,05400000
RPOOMLSKKHGGFAX76DA,五福段,153.22,非都市：一般農業區 ; 非都市編定：農牧用地,1000,125,持分移轉,05400000
RPOOMLSKKHGGFAX76DA,五福段,152.00,非都市：一般農業區 ; 非都市編定：農牧用地,1000,124,持分移轉,05400000
RPOOMLSKKHGGFAX76DA,五福段,153.22,非都市：一般農業區 ; 非都市編定：農牧用地,1000,125,持分移轉,05400000
RPOOMLSKKHGGFAX76DA,五福段,46.42,非都市：一般農業區 ; 非都市編定：交通用地,10000,620,持分移轉,05400004
RPOOMLSKKHGGFAX76DA,五福段,46.35,非都市：一般農業區 ; 非都市編定：交通用地,10000,619,持分移轉,05400004
RPOOMLSKKHGGFAX76DA,五福段,46.20,非都市：一般農業區 ; 非都市編定：交通用地,10000,617,持分移轉,05400004
RPOOMLSKKHGGFAX76DA,五福段,46.20,非都市：一般農業區 ; 非都市編定：交通用地,10000,617,持分移轉,05400004
RPOOMLSKKHGGFAX76DA,五福段,46.72,非都市：一般農業區 ; 非都市編定：交通用地,10000,624,持分移轉,05400004
RPOOMLSKKHGGFAX76DA,五福段,46.12,非都市：一般農業區 ; 非都市編定：交通用地,10000,616,持分移轉,05400004
RPOOMLSKKHGGFAX76DA,五福段,46.35,非都市：一般農業區 ; 非都市編定：交通用地,10000,619,持分移轉,05400004
RPOOMLSKKHGGFAX76DA,五福段,46.27,非都市：一般農業區 ; 非都市編定：交通用地,10000,618,持分移轉,05400004
RPTNMLPJKHGGFAX76DA,興崁段,57.04,非都市：一般農業區 ; 非都市編定：交通用地,153,19,持分移轉,05350004
RPTNMLPJKHGGFAX76DA,興崁段,171.03,非都市：一般農業區 ; 非都市編定：甲種建築用地,1,1,全筆移轉,05350008
RPSNMLTKKHGGFAX17DA,六合段,73.93,非都市：鄉村區 ; 非都市編定：乙種建築用地,1,1,全筆移轉,02910000
RPSNMLTKKHGGFAX17DA,六合段,18.04,非都市：鄉村區 ; 非都市編定：乙種建築用地,60,12,持分移轉,02970000
RPRNMLLLJHGGFAX88DA,城前新段,27.60,非都市：風景區 ; 非都市編定：農牧用地,304,5,持分移轉,07950000
RPPNMLLLKHGGFAX78DA,文石段,698.00,非都市：一般農業區 ; 非都市編定：農牧用地,1,1,全筆移轉,07460000
RPRNMLNLKHGGFAX56DA,城前新段,22.08,非都市：風景區 ; 非都市編定：農牧用地,1900,25,持分移轉,07950000
RPRNMLMLKHGGFAX09DA,文石段,303.22,非都市：一般農業區 ; 非都市編定：農牧用地,1,1,全筆移轉,01460000
RPVNMLSKKHGGFAX37DA,鎖港南段,165.00,非都市：一般農業區 ; 非都市編定：農牧用地,2,1,持分移轉,03630004
RPVNMLSKKHGGFAX37DA,鎖港南段,165.00,非都市：一般農業區 ; 非都市編定：農牧用地,2,1,持分移轉,03630004
RPPNMLMLKHGGFAX98EA,文光段,27.09,非都市： ; 非都市編定：,100000,327,持分移轉,00200000
RPPNMLMLKHGGFAX98EA,文光段,3.51,非都市： ; 非都市編定：,100000,327,持分移轉,00540000
RPPNMLMJLHGGFAX78DA,興崁段,67.39,非都市：一般農業區 ; 非都市編定：交通用地,8,1,持分移轉,08780004
RPPNMLMJLHGGFAX78DA,興崁段,165.28,非都市：一般農業區 ; 非都市編定：甲種建築用地,1,1,全筆移轉,08780007
RPRNMLKLKHGGFAX88DA,光榮新段,171.84,非都市： ; 非都市編定：,1,1,全筆移轉,00120000
RPSNMLMJLHGGFAX09DA,望安段,82.50,非都市：鄉村區 ; 非都市編定：乙種建築用地,4,2,持分移轉,11810000
SPSNMLMJLHGGFAX56DA,望安段,17.00,非都市：鄉村區 ; 非都市編定：交通用地,4,2,持分移轉,11810002
RPSNMLKLKHGGFAX98DA,南寮南段,997.98,非都市：一般農業區 ; 非都市編定：農牧用地,1,1,全筆移轉,06480000
RPSNMLNLKHGGFAX66DA,四維段,82.78,非都市： ; 非都市編定：,20,1,持分移轉,07280000
TPSNMLMJLHGGFAX66DA,望安段,46.00,非都市：鄉村區 ; 非都市編定：乙種建築用地,6,2,持分移轉,11850000
RPTNMLNLKHGGFAX76DA,赤崁南段,457.91,非都市：一般農業區 ; 非都市編定：農牧用地,1,1,全筆移轉,02580000
RPOOMLQLJHGGFAX56DA,湖西南段,233.71,非都市：鄉村區 ; 非都市編定：乙種建築用地,1,1,全筆移轉,15740000
RPSNMLMLKHGGFAX56DA,興仁段,565.62,非都市：一般農業區 ; 非都市編定：農牧用地,1,1,全筆移轉,07380000
RPPNMLQLKHGGFAX66DA,尖山中段,300.16,非都市：一般農業區 ; 非都市編定：農牧用地,1000,211,持分移轉,09860000
RPPNMLQLKHGGFAX66DA,尖山中段,224.77,非都市：一般農業區 ; 非都市編定：農牧用地,1000,158,持分移轉,09860000
RPPNMLQLKHGGFAX66DA,尖山中段,224.77,非都市：一般農業區 ; 非都市編定：農牧用地,1000,158,持分移轉,09860000
RPPNMLQLKHGGFAX66DA,尖山中段,224.77,非都市：一般農業區 ; 非都市編定：農牧用地,1000,158,持分移轉,09860000
RPPNMLQLKHGGFAX66DA,尖山中段,224.77,非都市：一般農業區 ; 非都市編定：農牧用地,1000,158,持分移轉,09860000
RPPNMLQLKHGGFAX66DA,尖山中段,223.34,非都市：一般農業區 ; 非都市編定：農牧用地,1000,157,持分移轉,09860000
RPRNMLNJLHGGFAX56EA,通梁中段,28.56,非都市： ; 非都市編定：,2,1,持分移轉,08840000
UPSNMLMJLHGGFAX76DA,望安段,5.67,非都市：鄉村區 ; 非都市編定：交通用地,6,2,持分移轉,11850002
VPSNMLMJLHGGFAX86DA,望安段,5.67,非都市：鄉村區 ; 非都市編定：交通用地,6,2,持分移轉,11850002
RPTNMLNJLHGGFAX66DA,鐵線段,166.96,非都市：一般農業區 ; 非都市編定：甲種建築用地,1,1,全筆移轉,03490000
RPTNMLNJLHGGFAX66DA,鐵線段,44.57,非都市：一般農業區 ; 非都市編定：交通用地,4,1,持分移轉,03490009
RPOOMLNJLHGGFAX88DA,埕中段,1.81,非都市： ; 非都市編定：,10000,3372,持分移轉,07680001
RPPNMLOJLHGGFAX09EA,文澳段,53.31,非都市： ; 非都市編定：,20000,334,持分移轉,22930000
RPOOMLNJLHGGFAX88DA,埕中段,40.30,非都市： ; 非都市編定：,10000,3372,持分移轉,07690000
RPOOMLNJLHGGFAX88DA,埕中段,3.57,非都市： ; 非都市編定：,10000,3372,持分移轉,07940001
RPXNMLNJLHGGFAX07DA,光榮段,75.45,非都市： ; 非都市編定：,6,1,持分移轉,06230000
RPXNMLNJLHGGFAX07DA,光榮段,18.08,非都市： ; 非都市編定：,6,1,持分移轉,06240000
RPXNMLOKJHGGFAX07DA,馬公段,57.00,非都市： ; 非都市編定：,1,1,全筆移轉,20210078
RPXNMLSKJHGGFAX47DA,文光段,55.84,非都市： ; 非都市編定：,1,1,全筆移轉,05560000
RPPOMLNJLHGGFAX98DA,五德西段,39.01,非都市：鄉村區 ; 非都市編定：乙種建築用地,1,1,全筆移轉,01900000
RPPOMLNJLHGGFAX98DA,五德西段,199.05,非都市：鄉村區 ; 非都市編定：乙種建築用地,1,1,全筆移轉,01970000
RPQOMLNJLHGGFAX09DA,東衛段,198.52,非都市：一般農業區 ; 非都市編定：農牧用地,1,1,全筆移轉,15000000
RPRNMLSJLHGGFAX96DA,文東段,446.86,非都市：一般農業區 ; 非都市編定：農牧用地,2,1,持分移轉,00940000
RPRNMLSJLHGGFAX96DA,文東段,446.86,非都市：一般農業區 ; 非都市編定：農牧用地,2,1,持分移轉,00940000
RPTNMLOJLHGGFAX76DA,湖西南段,119.82,非都市：一般農業區 ; 非都市編定：農牧用地,311300,11982,持分移轉,15470000
RPSNMLPLJHGGFAX76DA,北寮新段,165.62,非都市：鄉村區 ; 非都市編定：乙種建築用地,2,1,持分移轉,00850000
RPSNMLPLJHGGFAX76DA,北寮新段,165.62,非都市：鄉村區 ; 非都市編定：乙種建築用地,2,1,持分移轉,00850000
RPPNMLQJLHGGFAX56DA,鐵線段,266.82,非都市：一般農業區 ; 非都市編定：農牧用地,4,1,持分移轉,12160001
RPPNMLQJLHGGFAX56DA,鐵線段,266.82,非都市：一般農業區 ; 非都市編定：農牧用地,4,1,持分移轉,12160001
RPPNMLQJLHGGFAX56DA,鐵線段,266.82,非都市：一般農業區 ; 非都市編定：農牧用地,4,1,持分移轉,12160001
RPPNMLQJLHGGFAX56DA,鐵線段,266.82,非都市：一般農業區 ; 非都市編定：農牧用地,4,1,持分移轉,12160001
