﻿編號,土地位置,土地移轉面積(平方公尺),使用分區或編定,權利人持分分母,權利人持分分子,移轉情形,地號
The serial number, land position,land shifting area square meter,the use zoning or compiles and checks,,,,land parcel
RPTNMLNKKHJFFGE18CB,竹子腳段,11.92,都市：住,10000,62,持分移轉,00770057
RPTNMLNKKHJFFGE18CB,竹子腳段,.17,都市：其他:,10000,62,持分移轉,00770071
RPUNMLNKKHJFFGE28CB,竹子腳段,11.92,都市：住,10000,62,持分移轉,00770057
RPUNMLNKKHJFFGE28CB,竹子腳段,.17,都市：其他:,10000,62,持分移轉,00770071
RPVNMLNKKHJFFGE38CB,竹子腳段,11.92,都市：住,10000,62,持分移轉,00770057
RPVNMLNKKHJFFGE38CB,竹子腳段,.17,都市：其他:,10000,62,持分移轉,00770071
RPXNMLNKKHJFFGE58CB,竹子腳段,11.92,都市：住,10000,62,持分移轉,00770057
RPXNMLNKKHJFFGE58CB,竹子腳段,.17,都市：其他:,10000,62,持分移轉,00770071
RPWNMLNKKHJFFGE48CB,竹子腳段,11.54,都市：住,10000,60,持分移轉,00770057
RPWNMLNKKHJFFGE48CB,竹子腳段,.17,都市：其他:,10000,60,持分移轉,00770071
RPTOMLNKKHJFFGE28CB,竹子腳段,23.85,都市：住,10000,124,持分移轉,00770057
RPTOMLNKKHJFFGE28CB,竹子腳段,.35,都市：其他:,10000,124,持分移轉,00770071
RPUOMLNKKHJFFGE38CB,竹子腳段,23.85,都市：住,10000,124,持分移轉,00770057
RPUOMLNKKHJFFGE38CB,竹子腳段,.35,都市：其他:,10000,124,持分移轉,00770071
RPVOMLNKKHJFFGE48CB,竹子腳段,23.85,都市：住,10000,124,持分移轉,00770057
RPVOMLNKKHJFFGE48CB,竹子腳段,.35,都市：其他:,10000,124,持分移轉,00770071
RPWOMLNKKHJFFGE58CB,竹子腳段,23.85,都市：住,10000,124,持分移轉,00770057
RPWOMLNKKHJFFGE58CB,竹子腳段,.35,都市：其他:,10000,124,持分移轉,00770071
RPXOMLNKKHJFFGE68CB,竹子腳段,23.85,都市：住,10000,124,持分移轉,00770057
RPXOMLNKKHJFFGE68CB,竹子腳段,.35,都市：其他:,10000,124,持分移轉,00770071
RPOOMLNKKHJFFGE77CB,竹子腳段,11.92,都市：住,10000,62,持分移轉,00770057
RPOOMLNKKHJFFGE77CB,竹子腳段,.17,都市：其他:,10000,62,持分移轉,00770071
RPQPMLNKKHJFFGE08CB,竹子腳段,23.85,都市：住,10000,124,持分移轉,00770057
RPQPMLNKKHJFFGE08CB,竹子腳段,.35,都市：其他:,10000,124,持分移轉,00770071
RPPOMLNKKHJFFGE87CB,竹子腳段,13.65,都市：住,10000,71,持分移轉,00770057
RPPOMLNKKHJFFGE87CB,竹子腳段,.20,都市：其他:,10000,71,持分移轉,00770071
RPROMLNKKHJFFGE08CB,竹子腳段,11.92,都市：住,10000,62,持分移轉,00770057
RPROMLNKKHJFFGE08CB,竹子腳段,.17,都市：其他:,10000,62,持分移轉,00770071
RPQOMLNKKHJFFGE97CB,竹子腳段,11.92,都市：住,10000,62,持分移轉,00770057
RPQOMLNKKHJFFGE97CB,竹子腳段,.17,都市：其他:,10000,62,持分移轉,00770071
RPSOMLNKKHJFFGE18CB,竹子腳段,11.92,都市：住,10000,62,持分移轉,00770057
RPSOMLNKKHJFFGE18CB,竹子腳段,.17,都市：其他:,10000,62,持分移轉,00770071
RPXPMLNKKHJFFGE78CB,竹子腳段,23.85,都市：住,10000,124,持分移轉,00770057
RPXPMLNKKHJFFGE78CB,竹子腳段,.35,都市：其他:,10000,124,持分移轉,00770071
RPQQMLNKKHJFFGE18CB,竹子腳段,23.85,都市：住,10000,124,持分移轉,00770057
RPQQMLNKKHJFFGE18CB,竹子腳段,.35,都市：其他:,10000,124,持分移轉,00770071
RPUQMLNKKHJFFGE58CB,竹子腳段,24.42,都市：住,10000,127,持分移轉,00770057
RPUQMLNKKHJFFGE58CB,竹子腳段,.36,都市：其他:,10000,127,持分移轉,00770071
RPRPMLNKKHJFFGE18CB,竹子腳段,22.50,都市：住,10000,117,持分移轉,00770057
RPRPMLNKKHJFFGE18CB,竹子腳段,.33,都市：其他:,10000,117,持分移轉,00770071
RPOQMLNKKHJFFGE97CB,竹子腳段,23.85,都市：住,10000,124,持分移轉,00770057
RPOQMLNKKHJFFGE97CB,竹子腳段,.35,都市：其他:,10000,124,持分移轉,00770071
RPVPMLNKKHJFFGE58CB,竹子腳段,23.85,都市：住,10000,124,持分移轉,00770057
RPVPMLNKKHJFFGE58CB,竹子腳段,.35,都市：其他:,10000,124,持分移轉,00770071
RPUPMLNKKHJFFGE48CB,竹子腳段,23.65,都市：住,10000,123,持分移轉,00770057
RPUPMLNKKHJFFGE48CB,竹子腳段,.34,都市：其他:,10000,123,持分移轉,00770071
RPSPMLNKKHJFFGE28CB,竹子腳段,23.85,都市：住,10000,124,持分移轉,00770057
RPSPMLNKKHJFFGE28CB,竹子腳段,.35,都市：其他:,10000,124,持分移轉,00770071
RPTQMLNKKHJFFGE48CB,竹子腳段,24.42,都市：住,10000,127,持分移轉,00770057
RPTQMLNKKHJFFGE48CB,竹子腳段,.36,都市：其他:,10000,127,持分移轉,00770071
RPWPMLNKKHJFFGE68CB,竹子腳段,23.85,都市：住,10000,124,持分移轉,00770057
RPWPMLNKKHJFFGE68CB,竹子腳段,.35,都市：其他:,10000,124,持分移轉,00770071
RPWQMLNKKHJFFGE78CB,竹子腳段,24.42,都市：住,10000,127,持分移轉,00770057
RPWQMLNKKHJFFGE78CB,竹子腳段,.36,都市：其他:,10000,127,持分移轉,00770071
RPXQMLNKKHJFFGE88CB,竹子腳段,24.42,都市：住,10000,127,持分移轉,00770057
RPXQMLNKKHJFFGE88CB,竹子腳段,.36,都市：其他:,10000,127,持分移轉,00770071
RPQRMLNKKHJFFGE28CB,竹子腳段,24.42,都市：住,10000,127,持分移轉,00770057
RPQRMLNKKHJFFGE28CB,竹子腳段,.36,都市：其他:,10000,127,持分移轉,00770071
RPORMLNKKHJFFGE08CB,竹子腳段,28.65,都市：住,10000,149,持分移轉,00770057
RPORMLNKKHJFFGE08CB,竹子腳段,.42,都市：其他:,10000,149,持分移轉,00770071
RPRRMLNKKHJFFGE38CB,竹子腳段,22.69,都市：住,10000,118,持分移轉,00770057
RPRRMLNKKHJFFGE38CB,竹子腳段,.33,都市：其他:,10000,118,持分移轉,00770071
RPTRMLNKKHJFFGE58CB,竹子腳段,.36,都市：其他:,10000,127,持分移轉,00770071
RPTRMLNKKHJFFGE58CB,竹子腳段,24.42,都市：住,10000,127,持分移轉,00770057
RPVQMLNKKHJFFGE68CB,竹子腳段,24.42,都市：住,10000,127,持分移轉,00770057
RPVQMLNKKHJFFGE68CB,竹子腳段,.36,都市：其他:,10000,127,持分移轉,00770071
RPVNMLSKKHJFFGE88CB,竹子腳段,24.23,都市：住,10000,126,持分移轉,00770057
RPVNMLSKKHJFFGE88CB,竹子腳段,.35,都市：其他:,10000,126,持分移轉,00770071
RPPRMLNKKHJFFGE18CB,竹子腳段,23.46,都市：住,10000,122,持分移轉,00770057
RPPRMLNKKHJFFGE18CB,竹子腳段,.34,都市：其他:,10000,122,持分移轉,00770071
RPTNMLSKKHJFFGE68CB,竹子腳段,.36,都市：其他:,10000,127,持分移轉,00770071
RPTNMLSKKHJFFGE68CB,竹子腳段,24.42,都市：住,10000,127,持分移轉,00770057
RPRNMLTKKHJFFGE58CB,竹子腳段,31.73,都市：住,10000,165,持分移轉,00770057
RPWOMLSKKHJFFGE09CB,竹子腳段,24.42,都市：住,10000,127,持分移轉,00770057
RPRNMLTKKHJFFGE58CB,竹子腳段,.46,都市：其他:,10000,165,持分移轉,00770071
RPWOMLSKKHJFFGE09CB,竹子腳段,.36,都市：其他:,10000,127,持分移轉,00770071
RPVOMLSKKHJFFGE98CB,竹子腳段,24.42,都市：住,10000,127,持分移轉,00770057
RPVOMLSKKHJFFGE98CB,竹子腳段,.36,都市：其他:,10000,127,持分移轉,00770071
RPWNMLSKKHJFFGE98CB,竹子腳段,24.42,都市：住,10000,127,持分移轉,00770057
RPWNMLSKKHJFFGE98CB,竹子腳段,.36,都市：其他:,10000,127,持分移轉,00770071
RPSOMLSKKHJFFGE68CB,竹子腳段,24.42,都市：住,10000,127,持分移轉,00770057
RPSOMLSKKHJFFGE68CB,竹子腳段,.36,都市：其他:,10000,127,持分移轉,00770071
RPROMLSKKHJFFGE58CB,竹子腳段,23.08,都市：住,10000,120,持分移轉,00770057
RPROMLSKKHJFFGE58CB,竹子腳段,.34,都市：其他:,10000,120,持分移轉,00770071
RPXOMLSKKHJFFGE56CB,竹子腳段,22.69,都市：住,10000,118,持分移轉,00770057
RPXOMLSKKHJFFGE56CB,竹子腳段,.33,都市：其他:,10000,118,持分移轉,00770071
RPTOMLSKKHJFFGE78CB,竹子腳段,24.23,都市：住,10000,126,持分移轉,00770057
RPTOMLSKKHJFFGE78CB,竹子腳段,.35,都市：其他:,10000,126,持分移轉,00770071
RPOOMLSKKHJFFGE28CB,竹子腳段,24.23,都市：住,10000,126,持分移轉,00770057
RPOOMLSKKHJFFGE28CB,竹子腳段,.35,都市：其他:,10000,126,持分移轉,00770071
RPQOMLSKKHJFFGE48CB,竹子腳段,24.42,都市：住,10000,127,持分移轉,00770057
RPQOMLSKKHJFFGE48CB,竹子腳段,.36,都市：其他:,10000,127,持分移轉,00770071
RPRNMLKLKHJFFGE77CB,竹子腳段,31.73,都市：住,10000,165,持分移轉,00770057
RPRNMLKLKHJFFGE77CB,竹子腳段,.46,都市：其他:,10000,165,持分移轉,00770071
RPTNMLKLKHJFFGE97CB,竹子腳段,19.81,都市：住,10000,103,持分移轉,00770057
RPTNMLKLKHJFFGE97CB,竹子腳段,.29,都市：其他:,10000,103,持分移轉,00770071
RPVNMLKLKHJFFGE18CB,竹子腳段,21.54,都市：住,10000,112,持分移轉,00770057
RPVNMLKLKHJFFGE18CB,竹子腳段,.31,都市：其他:,10000,112,持分移轉,00770071
RPSNMLKLKHJFFGE87CB,竹子腳段,18.08,都市：住,10000,94,持分移轉,00770057
RPSNMLKLKHJFFGE87CB,竹子腳段,.26,都市：其他:,10000,94,持分移轉,00770071
RPWPMLTKLHJFFAE78CB,龍中段,16.28,都市：商,10000,87,持分移轉,00650000
RPQQMLTKLHJFFAE28CB,龍中段,16.10,都市：商,10000,86,持分移轉,00650000
RPSQMLTKLHJFFAE48CB,龍中段,16.10,都市：商,10000,86,持分移轉,00650000
RPUQMLTKLHJFFAE68CB,龍中段,16.10,都市：商,10000,86,持分移轉,00650000
RPXQMLTKLHJFFAE98CB,龍中段,16.10,都市：商,10000,86,持分移轉,00650000
RPPRMLTKLHJFFAE28CB,龍中段,16.10,都市：商,10000,86,持分移轉,00650000
RPRRMLTKLHJFFAE48CB,龍中段,16.10,都市：商,10000,86,持分移轉,00650000
RPOOMLKLLHJFFAE07CB,龍中段,16.10,都市：商,10000,86,持分移轉,00650000
RPPOMLKLLHJFFAE17CB,龍中段,16.10,都市：商,10000,86,持分移轉,00650000
RPROMLKLLHJFFAE37CB,龍中段,16.10,都市：商,10000,86,持分移轉,00650000
RPTOMLKLLHJFFAE57CB,龍中段,17.59,都市：商,10000,94,持分移轉,00650000
RPSPMLKLLHJFFAE57CB,龍中段,16.10,都市：商,10000,86,持分移轉,00650000
RPPPMLKLLHJFFAE27CB,龍中段,16.10,都市：商,10000,86,持分移轉,00650000
RPOQMLKLLHJFFAE27CB,龍中段,20.96,都市：商,10000,112,持分移轉,00650000
RPPQMLKLLHJFFAE37CB,龍中段,20.96,都市：商,10000,112,持分移轉,00650000
RPTQMLKLLHJFFAE77CB,龍中段,22.46,都市：商,10000,120,持分移轉,00650000
RPWNMLKLKHJFFGE28CB,竹子腳段,24.42,都市：住,10000,127,持分移轉,00770057
RPWNMLKLKHJFFGE28CB,竹子腳段,.36,都市：其他:,10000,127,持分移轉,00770071
RPROMLKLKHJFFGE87CB,竹子腳段,24.42,都市：住,10000,127,持分移轉,00770057
RPROMLKLKHJFFGE87CB,竹子腳段,.36,都市：其他:,10000,127,持分移轉,00770071
RPOOMLKLKHJFFGE57CB,竹子腳段,24.42,都市：住,10000,127,持分移轉,00770057
RPOOMLKLKHJFFGE57CB,竹子腳段,.36,都市：其他:,10000,127,持分移轉,00770071
RPPOMLKLKHJFFGE67CB,竹子腳段,24.42,都市：住,10000,127,持分移轉,00770057
RPPOMLKLKHJFFGE67CB,竹子腳段,.36,都市：其他:,10000,127,持分移轉,00770071
RPXNMLKLKHJFFGE38CB,竹子腳段,24.42,都市：住,10000,127,持分移轉,00770057
RPXNMLKLKHJFFGE38CB,竹子腳段,.36,都市：其他:,10000,127,持分移轉,00770071
RPQOMLKLKHJFFGE77CB,竹子腳段,24.42,都市：住,10000,127,持分移轉,00770057
RPQOMLKLKHJFFGE77CB,竹子腳段,.36,都市：其他:,10000,127,持分移轉,00770071
RPSOMLKLKHJFFGE97CB,竹子腳段,24.42,都市：住,10000,127,持分移轉,00770057
RPSOMLKLKHJFFGE97CB,竹子腳段,.36,都市：其他:,10000,127,持分移轉,00770071
RPWRMLKLLHJFFAE18CB,龍中段,19.84,都市：商,10000,106,持分移轉,00650000
RPXRMLKLLHJFFAE28CB,龍中段,19.84,都市：商,10000,106,持分移轉,00650000
RPPRMLKLLHJFFAE47CB,龍中段,19.84,都市：商,10000,106,持分移轉,00650000
RPQSMLKLLHJFFAE67CB,龍中段,25.45,都市：商,10000,136,持分移轉,00650000
RPURMLKLLHJFFAE97CB,龍中段,19.84,都市：商,10000,106,持分移轉,00650000
RPXQMLKLLHJFFAE18CB,龍中段,18.90,都市：商,10000,101,持分移轉,00650000
RPPSMLKLLHJFFAE57CB,龍中段,22.65,都市：商,10000,121,持分移轉,00650000
RPSRMLKLLHJFFAE77CB,龍中段,19.84,都市：商,10000,106,持分移轉,00650000
RPVRMLKLLHJFFAE08CB,龍中段,19.84,都市：商,10000,106,持分移轉,00650000
RPSSMLKLLHJFFAE87CB,龍中段,17.78,都市：商,10000,95,持分移轉,00650000
RPWQMLKLLHJFFAE08CB,龍中段,19.84,都市：商,10000,106,持分移轉,00650000
RPVSMLKLLHJFFAE18CB,龍中段,17.78,都市：商,10000,95,持分移轉,00650000
RPOTMLKLLHJFFAE57CB,龍中段,17.78,都市：商,10000,95,持分移轉,00650000
RPUSMLKLLHJFFAE08CB,龍中段,17.78,都市：商,10000,95,持分移轉,00650000
RPSTMLKLLHJFFAE97CB,龍中段,19.28,都市：商,10000,103,持分移轉,00650000
RPTTMLKLLHJFFAE08CB,龍中段,18.16,都市：商,10000,97,持分移轉,00650000
RPXSMLKLLHJFFAE38CB,龍中段,17.78,都市：商,10000,95,持分移轉,00650000
RPUTMLKLLHJFFAE18CB,龍中段,15.72,都市：商,10000,84,持分移轉,00650000
RPQTMLKLLHJFFAE77CB,龍中段,17.78,都市：商,10000,95,持分移轉,00650000
RPOOMLLLLHJFFAE17CB,龍中段,19.09,都市：商,10000,102,持分移轉,00650000
RPVNMLLLLHJFFAE77CB,龍中段,17.78,都市：商,10000,95,持分移轉,00650000
RPXNMLLLLHJFFAE97CB,龍中段,16.10,都市：商,10000,86,持分移轉,00650000
RPWNMLSLLHJFFAE58CB,龍中段,16.10,都市：商,10000,86,持分移轉,00650000
RPPNMLSLLHJFFAE87CB,龍中段,22.46,都市：商,10000,120,持分移轉,00650000
RPTNMLLLLHJFFAE57CB,龍中段,16.85,都市：商,10000,90,持分移轉,00650000
RPOPMLNJMHJFFEE77CB,藍昌段二小段,12.10,都市：商,10000,33,持分移轉,10170000
RPPNMLKMLHJFFAE17CB,龍中段,20.96,都市：商,10000,112,持分移轉,00650000
RPRQMLRKMHJFFEE68CB,藍昌段二小段,12.10,都市：商,10000,33,持分移轉,10170000
RPVPMLSLMHJFFEE56CB,藍昌段二小段,12.47,都市：商,10000,34,持分移轉,10170000
RPPPMLNJMHJFFEE87CB,藍昌段二小段,12.47,都市：商,10000,34,持分移轉,10170000
RPSQMLRKMHJFFEE78CB,藍昌段二小段,12.10,都市：商,10000,33,持分移轉,10170000
RPWPMLSLMHJFFEE66CB,藍昌段二小段,9.17,都市：商,10000,25,持分移轉,10170000
RPUPMLSLMHJFFEE09CB,藍昌段二小段,12.47,都市：商,10000,34,持分移轉,10170000
RPVQMLRKMHJFFEE09CB,藍昌段二小段,9.17,都市：商,10000,25,持分移轉,10170000
RPXPMLSLMHJFFEE76CB,藍昌段二小段,8.44,都市：商,10000,23,持分移轉,10170000
RPVOMLTLMHJFFEE56CB,藍昌段二小段,12.10,都市：商,10000,33,持分移轉,10170000
RPPQMLSLMHJFFEE68CB,藍昌段二小段,6.97,都市：商,10000,19,持分移轉,10170000
RPQQMLSLMHJFFEE78CB,藍昌段二小段,12.47,都市：商,10000,34,持分移轉,10170000
RPTOMLTLMHJFFEE98CB,藍昌段二小段,16.51,都市：商,10000,45,持分移轉,10170000
RPWOMLTLMHJFFEE66CB,藍昌段二小段,8.44,都市：商,10000,23,持分移轉,10170000
