﻿鄉鎮市區,交易標的,土地位置建物門牌,土地面積平方公尺,都市土地使用分區,非都市土地使用分區,非都市土地使用編定,租賃年月日,租賃筆棟數,租賃層次,總樓層數,建物型態,主要用途,主要建材,建築完成年月,建物總面積平方公尺,建物現況格局-房,建物現況格局-廳,建物現況格局-衛,建物現況格局-隔間,有無管理組織,有無附傢俱,總額元,單價元平方公尺,車位類別,車位面積平方公尺,車位總額元,備註,編號
The villages and towns urban district,transaction sign,land sector position building sector house number plate,land shifting total area square meter,the use zoning or compiles and checks,the non-metropolis land use district,non-metropolis land use,transaction year month and day,transaction pen number,shifting level,total floor number,building state,main use,main building materials,construction to complete the years,building shifting total area,Building present situation pattern - room,building present situation pattern - hall,building present situation pattern - health,building present situation pattern - compartmented,Whether there is manages the organization,Whether there is attaches the furniture,total price NTD,the unit price (NTD / square meter),the berth category,berth shifting total area square meter,the berth total price NTD,the note,serial number
桃園區,房地(土地+建物)+車位,桃園縣桃園市新埔六街101號二十三樓,9.42,其他,,,1021218,土地1建物1車位2,二十三層,25,辦公商業大樓,見其他登記事項,鋼筋混凝土造,0990422,203.7,0,0,0,有,無,有,85000,417,坡道平面,49.94,0,,RPTOMLPJKHJFFAH18CC
中壢區,建物,桃園縣中壢市漢口街2號,162.0,住,,,1030114,土地0建物0車位0,三層,4,套房(1房1廳1衛),住家用,鋼筋混凝土造,0820119,457.61,1,1,1,有,無,有,4000,9,,0.0,0,,RPSPMLPJKHJFFBH28CC
中壢區,建物,桃園縣中壢市南園二路296巷21弄58號8樓,0.0,其他,,,1030121,土地0建物1車位1,八層,15,住宅大樓(11層含以上有電梯),見其他登記事項,鋼筋混凝土造,1020605,132.41,3,2,2,有,有,有,19000,143,坡道平面,0.0,0,,RPTPMLPJKHJFFBH38CC
八德區,建物,桃園縣八德市瑞豐街107巷5弄10號4樓,0.0,,鄉村區,乙種建築用地,1030128,土地0建物1車位0,四層,4,公寓(5樓含以下無電梯),住家用,鋼筋混凝土造,0820813,63.4,2,2,1,有,無,無,6000,95,,0.0,0,,RPVNMLPJKHJFFFH78CC
桃園區,房地(土地+建物),桃園縣桃園市大興西路二段96巷5之3號4樓,8.54,住,,,1030109,土地2建物1車位0,四層,4,公寓(5樓含以下無電梯),住家用,鋼筋混凝土造,0790123,92.74,3,2,1,有,無,無,8000,86,,0.0,0,,RPQPNLQJKHJFFAH18CC
桃園區,房地(土地+建物)+車位,桃園縣桃園市介壽路5之6號5樓,8.64,住,,,1030128,土地1建物1車位1,五層,14,住宅大樓(11層含以上有電梯),住家用,鋼筋混凝土造,0920728,93.74000000000001,2,1,1,有,有,有,15000,160,坡道平面,30.33,0,含管理費、稅金或水電等費用。,RPRPNLQJKHJFFAH28CC
桃園區,房地(土地+建物),桃園縣桃園市中華路24號,141.0,商,,,1030103,土地2建物1車位0,見其他登記事項,4,店面(店鋪),住家用,鋼筋混凝土造,0640514,367.0,0,0,0,無,無,有,92400,252,,0.0,0,,RPWQMLRJKHJFFAH88CC
桃園區,土地,桃園段武陵小段117-24地號,383.0,商,,,1030103,土地2建物0車位0,,,其他,,,,0.0,0,0,0,有,無,有,157600,411,,0.0,0,,RPORMLRJKHJFFAH18CC
龜山區,房地(土地+建物)+車位,桃園縣龜山鄉光峰路212號10樓,22.34,住,,,1030126,土地1建物1車位1,一層,15,住宅大樓(11層含以上有電梯),住家用,鋼筋混凝土造,0981005,168.32,4,2,2,有,無,有,17500,104,坡道平面,35.34,0,,RPQRMLRJKHJFFAH38CC
中壢區,建物,桃園縣中壢市南園二269號12樓,0.0,其他,,,1030127,土地0建物1車位1,十二層,12,住宅大樓(11層含以上有電梯),見其他登記事項,鋼筋混凝土造,1010827,173.8,4,2,2,有,有,無,18000,104,坡道平面,24.3,0,,RPSPMLRJKHJFFBH48CC
中壢區,建物,桃園縣中壢市元化路1-4號,0.0,商,,,1020914,土地0建物1車位0,一層,2,店面(店鋪),住家用,加強磚造,0560510,43.88,0,0,0,無,無,無,10000,228,,0.0,0,,RPUOMLRJKHJFFBH78EC
中壢區,房地(土地+建物),桃園縣中壢市環北路352號3樓之7,6.71,住,,,1021001,土地1建物1車位0,三層,21,住宅大樓(11層含以上有電梯),住家用,鋼筋混凝土造,0980629,111.1,2,1,1,有,無,有,20455,184,,0.0,0,,RPVOMLRJKHJFFBH88EC
八德區,房地(土地+建物)+車位,桃園縣八德市大智路107號11樓,24.91,住,,,1021020,土地1建物1車位1,十一層,13,住宅大樓(11層含以上有電梯),住家用,鋼筋混凝土造,1010713,193.05,4,2,2,有,有,無,18500,96,坡道平面,35.73,0,,RPSOMLRJKHJFFFH98EC
龍潭區,房地(土地+建物),桃園縣龍潭鄉百年二街40號8F,36.86,,鄉村區,乙種建築用地,1020907,土地2建物1車位0,八層,14,住宅大樓(11層含以上有電梯),住家用,鋼筋混凝土造,0860626,114.23,3,2,2,有,有,有,11000,96,,0.0,0,含管理費1600元。撤銷申報序號：C1HC10209130017號重新申報。,RPQOMLRJKHJFFCH48EC
八德區,房地(土地+建物),桃園縣八德市前程街2號10樓之3,5.94,住,,,1030105,土地1建物1車位0,十層,16,住宅大樓(11層含以上有電梯),住家用,鋼筋混凝土造,0840418,52.17,1,1,1,有,無,有,7200,138,,0.0,0,,RPOPMLKKKHJFFFH87CC
蘆竹區,房地(土地+建物),桃園縣蘆竹鄉奉化路272號11樓,23.28,住,,,1021012,土地1建物1車位0,十一層,14,住宅大樓(11層含以上有電梯),住家用,鋼筋混凝土造,0950221,98.32,3,2,2,有,無,有,23000,234,,0.0,0,,RPXPMLKKKHJFFEH68CC
八德區,房地(土地+建物),桃園縣八德市中興街36號,19.5,住,,,1030211,土地1建物1車位0,一層,7,華廈(10層含以下有電梯),住商用,鋼筋混凝土造,0850409,98.28,0,0,0,無,無,無,14000,142,,0.0,0,,RPTNMLLKKHJFFFH28CC
八德區,房地(土地+建物),桃園縣八德市永豐路70號,73.33,,特定農業區,甲種建築用地,1030128,土地1建物1車位0,見其他登記事項,2,店面(店鋪),住家用,加強磚造,0621115,127.42,3,3,3,有,無,無,23000,181,,0.0,0,,RPUOMLLKKHJFFFH48CC
平鎮區,房地(土地+建物),桃園縣平鎮市環南路三段317號10樓之3,4.86,住,,,1020924,土地4建物1車位0,十層,12,住宅大樓(11層含以上有電梯),見其他登記事項,鋼筋混凝土造,0940130,37.26,1,1,1,有,有,有,6500,174,,0.0,0,,RPRNMLLKKHJFFGH38EC
平鎮區,房地(土地+建物),桃園縣平鎮市東豐路145巷33號,94.58,住,,,1021025,土地1建物1車位0,全,2,透天厝,住家用,加強磚造,0771224,135.2,3,2,2,有,無,無,11000,81,,0.0,0,,RPSNMLLKKHJFFGH48EC
龜山區,房地(土地+建物)+車位,桃園縣龜山鄉長峰路90號14樓,21.54,住,,,1021013,土地1建物1車位1,十四層,15,住宅大樓(11層含以上有電梯),住家用,鋼筋混凝土造,1011215,191.32,3,2,2,有,有,有,17500,91,坡道平面,35.83,0,,RPSNMLLKKHJFFAH87EC
平鎮區,房地(土地+建物)+車位,桃園縣平鎮市環南路三段195號,10.98,住,,,1021229,土地1建物1車位1,一層,15,住宅大樓(11層含以上有電梯),住家用,鋼筋混凝土造,0930701,131.57999999999998,3,2,2,有,有,有,15000,114,坡道平面,26.0,0,,RPROMLMKKHJFFGH38CC
平鎮區,房地(土地+建物)+車位,桃園縣平鎮市振平街146號,23.2,住,,,1021201,土地1建物1車位1,一層,10,華廈(10層含以下有電梯),見其他登記事項,鋼筋混凝土造,0940505,106.46000000000001,0,0,0,無,有,無,28000,263,坡道平面,0.0,0,,RPTOMLMKKHJFFGH58CC
蘆竹區,房地(土地+建物),桃園縣蘆竹鄉奉化路150之2號十一樓,12.59,住,,,1030209,土地1建物1車位0,十一層,11,住宅大樓(11層含以上有電梯),住家用,鋼筋混凝土造,0931210,80.27,2,1,1,有,有,有,13000,162,,0.0,0,租金13000元含社區管理費1435元,RPQPMLMKKHJFFEH28DC
桃園區,房地(土地+建物)+車位,桃園縣桃園市大興西路二段139巷121號六樓,16.92,住,,,1030127,土地1建物1車位1,六層,12,住宅大樓(11層含以上有電梯),住家用,鋼筋混凝土造,0970424,93.75,2,1,1,有,有,有,20000,213,坡道平面,31.88,0,,RPWNMLNKKHJFFAH38DC
桃園區,房地(土地+建物),桃園縣桃園市中山路775號一樓之2,43.07,商,,,1030126,土地1建物1車位0,一層,20,店面(店鋪),商業用,鋼筋混凝土造,0881201,263.91,0,0,1,有,無,無,76000,288,,0.0,0,,RPQRMLNKKHJFFAH18DC
八德區,房地(土地+建物),桃園縣八德市介壽路二段428巷17弄3衖3之1號,21.4,,鄉村區,乙種建築用地,1030209,土地1建物1車位0,二層,4,公寓(5樓含以下無電梯),住家用,鋼筋混凝土造,0691215,75.7,2,2,1,有,無,有,8000,106,,0.0,0,,RPQNMLNKKHJFFFH18CC
蘆竹區,建物,桃園縣蘆竹鄉六福路265號10、11、12樓,0.0,住,,,1030115,土地0建物1車位1,見其他登記事項,12,住宅大樓(11層含以上有電梯),住家用,鋼筋混凝土造,0861106,411.91999999999996,3,2,2,有,有,有,38000,92,坡道平面,0.0,0,續租。含管理費、稅金或水電等費用。,RPUNMLNKKHJFFEH48CC
中壢區,房地(土地+建物),桃園縣中壢市長江路110號二樓,5.12,住,,,1030212,土地2建物1車位0,二層,5,公寓(5樓含以下無電梯),住家用,鋼筋混凝土造,0700115,19.24,1,0,1,有,無,有,4500,234,,0.0,0,,RPOOMLNKKHJFFBH67CC
龜山區,建物,桃園縣龜山鄉萬壽路二段1299號,21.14,住,,,1030123,土地0建物1車位0,一層,5,店面(店鋪),住家用,鋼筋混凝土造,0700915,76.11,0,0,0,無,無,無,15000,197,,0.0,0,,RPQOMLNKKHJFFAH77CC
桃園區,房地(土地+建物)+車位,桃園縣桃園市新埔七街6號,39.87,商,,,1030213,土地1建物1車位1,一層,9,店面(店鋪),商業用,鋼筋混凝土造,0880128,92.52,0,0,0,無,有,無,20000,216,坡道平面,0.0,0,,RPQPMLOKKHJFFAH97CC
蘆竹區,房地(土地+建物),桃園縣蘆竹鄉仁愛路二段5號11樓之2,20.51,住,,,1030201,土地1建物1車位0,十一層,19,住宅大樓(11層含以上有電梯),住家用,鋼骨鋼筋混凝土造,0910205,110.91,3,2,1,有,無,有,19820,179,,0.0,0,,RPXNMLOKKHJFFEH88CC
龍潭區,房地(土地+建物),桃園縣龍潭鄉百年路15巷17-1號7F,36.49,,鄉村區,乙種建築用地,1030125,土地2建物1車位0,七層,14,住宅大樓(11層含以上有電梯),住家用,鋼筋混凝土造,0860130,117.83,3,2,2,有,無,有,9000,76,,0.0,0,租金含1400元/月管理費,RPVPMLOKKHJFFCH68CC
八德區,房地(土地+建物)+車位,桃園縣八德市大智路61號,47.79,住,,,1030125,土地1建物1車位1,二層,5,店面(店鋪),見使用執照,鋼筋混凝土造,0930919,153.8,1,2,1,有,無,無,42000,326,坡道平面,31.03,2000,,RPPOMLOKKHJFFFH48EC
桃園區,房地(土地+建物),桃園縣桃園市大業路一段80之1號3樓,14.97,住,,,1030116,土地1建物1車位0,三層,9,住宅大樓(11層含以上有電梯),住家用,鋼筋混凝土造,0930915,115.99,1,1,1,有,有,有,15500,134,,0.0,0,,RPQNMLPKKHJFFAH87CC
桃園區,房地(土地+建物),桃園縣桃園市春日路1167號2樓,8.41,住,,,1030124,土地1建物1車位0,二層,14,住宅大樓(11層含以上有電梯),住家用,鋼筋混凝土造,0930719,70.74000000000001,2,1,1,有,有,有,14500,205,,0.0,0,,RPRNMLPKKHJFFAH97CC
桃園區,房地(土地+建物)+車位,桃園縣桃園市民光東路184號4樓,14.07,住,,,1030121,土地1建物1車位1,四層,14,住宅大樓(11層含以上有電梯),住家用,鋼筋混凝土造,0920918,140.57,3,2,2,有,有,有,18000,128,坡道平面,0.0,0,,RPSNMLPKKHJFFAH08CC
桃園區,房地(土地+建物),桃園縣桃園市大業路一段71之3號17樓,4.72,住,,,1030125,土地1建物1車位0,十七層,21,住宅大樓(11層含以上有電梯),住家用,鋼筋混凝土造,0850412,47.64,1,1,1,有,有,有,8800,185,,0.0,0,,RPTNMLPKKHJFFAH18CC
桃園區,房地(土地+建物),桃園縣桃園市樹仁三街87巷18號13樓,14.99,住,,,1030128,土地1建物1車位0,十三層,13,住宅大樓(11層含以上有電梯),住家用,鋼筋混凝土造,1000829,67.13,1,1,1,有,有,有,14000,209,,0.0,0,,RPUNMLPKKHJFFAH28CC
桃園區,房地(土地+建物)+車位,桃園縣桃園市寶山街235號5樓之3,16.26,住,,,1030128,土地1建物1車位1,五層,12,住宅大樓(11層含以上有電梯),住家用,鋼筋混凝土造,0860918,106.1,3,2,1,有,有,有,16000,151,坡道平面,0.0,0,,RPSOMLRKKHJFFAH38CC
桃園區,房地(土地+建物)+車位,桃園縣桃園市桃鶯路380之3號12樓,26.74,住,,,1030120,土地1建物1車位1,十二層,12,住宅大樓(11層含以上有電梯),住家用,鋼筋混凝土造,1001128,203.57,4,2,2,有,有,有,22000,108,坡道平面,0.0,0,,RPTOMLRKKHJFFAH48CC
桃園區,房地(土地+建物),桃園縣桃園市中山路709號1樓,11.9,住,,,1030215,土地1建物1車位0,一層,7,店面(店鋪),見其他登記事項,鋼筋混凝土造,0820913,105.94,0,0,0,無,無,無,24000,227,,0.0,0,,RPORMLRKKHJFFAH28CC
桃園區,房地(土地+建物),桃園縣桃園市永安北路282巷21號,81.74,住,,,1030217,土地1建物1車位0,全,5,透天厝,見其他登記事項,鋼筋混凝土造,0920701,232.95,4,2,4,有,有,有,25000,107,,0.0,0,,RPQRMLRKKHJFFAH48CC
中壢區,房地(土地+建物),桃園縣中壢市富村街35號,6.63,商,,,1020228,土地1建物1車位0,一層,14,住宅大樓(11層含以上有電梯),商業用,鋼筋混凝土造,0870513,57.1,0,0,1,有,有,無,10000,175,,0.0,0,,RPUQMLRKKHJFFBH88CC
中壢區,房地(土地+建物),桃園縣中壢市莊敬路136號7樓,22.64,住,,,1030212,土地1建物1車位0,七層,7,華廈(10層含以下有電梯),住家用,鋼筋混凝土造,0870701,123.82,2,2,2,有,有,無,9000,73,,0.0,0,管理費由屋主負擔,RPVQMLRKKHJFFBH98CC
八德區,土地,永豐段1247地號,56.68,農,,,1030109,土地1建物0車位0,,,其他,,,,0.0,0,0,0,有,無,有,6000,106,,0.0,0,建物平房未保存登記3房2廳1衛未附傢俱,RPPOMLRKKHJFFFH78EC
八德區,建物,桃園縣八德市永豐路42號,224.27,工,,,1030110,土地0建物1車位0,一層,5,工廠,工業用,鋼筋混凝土造,0810723,86.74000000000001,0,0,0,無,有,無,10000,,,0.0,0,,RPQOMLRKKHJFFFH88EC
八德區,房地(土地+建物),桃園縣八德市介壽路二段214之1號,32.56,,鄉村區,乙種建築用地,1030122,土地2建物1車位0,二層,4,公寓(5樓含以下無電梯),住家用,鋼筋混凝土造,0730110,97.54,3,2,1,有,無,有,7000,72,,0.0,0,,RPSNMLRKKHJFFFH88DC
平鎮區,房地(土地+建物),桃園縣平鎮市新華路70號2樓,20.92,住,,,1021219,土地1建物1車位0,一層,12,住宅大樓(11層含以上有電梯),住家用,鋼筋混凝土造,0850316,164.2,4,2,2,有,無,無,11000,67,,0.0,0,,RPOPMLRKKHJFFGH68CC
平鎮區,房地(土地+建物),桃園縣平鎮市龍南路430巷66弄3號七樓,19.96,住,,,1030105,土地1建物1車位0,七層,7,華廈(10層含以下有電梯),住家用,鋼筋混凝土造,0820907,120.16,3,2,2,有,有,有,7000,58,,0.0,0,管理費400元由承租人負擔,RPPQMLRKKHJFFGH88CC
中壢區,房地(土地+建物),桃園縣中壢市環北路352號11樓之5,4.48,住,,,1030123,土地1建物1車位0,十一層,21,住宅大樓(11層含以上有電梯),住家用,鋼筋混凝土造,0980629,65.95,1,1,1,有,有,有,15300,232,,0.0,0,,RPSPMLSKKHJFFBH78DC
八德區,房地(土地+建物),桃園縣八德市福國街92號,48.67,住,,,1030213,土地1建物1車位0,全,3,透天厝,住家用,加強磚造,0620701,115.6,3,2,2,有,無,有,16000,138,,0.0,0,,RPTNMLSKKHJFFFH09DC
八德區,房地(土地+建物),桃園縣八德市桃德路456號3樓,14.78,住,,,1030216,土地1建物1車位0,三層,13,住宅大樓(11層含以上有電梯),住家用,鋼筋混凝土造,0980614,110.83,2,2,1,有,有,有,9500,86,,0.0,0,,RPUNMLSKKHJFFFH56DC
平鎮區,房地(土地+建物)+車位,桃園縣平鎮市德育路2段104巷50號7樓,15.22,住,,,1030127,土地1建物1車位1,七層,15,住宅大樓(11層含以上有電梯),住家用,鋼筋混凝土造,1000117,127.78,2,1,1,有,有,有,15000,117,坡道平面,0.0,0,,RPSNMLSKKHJFFGH56EC
平鎮區,房地(土地+建物)+車位,桃園縣平鎮市德育路二段１６８號１３樓,16.39,住,,,1030101,土地1建物1車位1,十三層,15,住宅大樓(11層含以上有電梯),住家用,鋼筋混凝土造,0971001,129.33999999999997,2,2,1,有,有,有,14000,108,坡道平面,0.0,0,,RPUNMLSKKHJFFGH76EC
中壢區,土地,成功段773-3地號,416.0,住,,,1030206,土地1建物0車位0,,,其他,,,,0.0,0,0,0,有,無,無,12000,29,,0.0,0,建物未保存登記2房2廳3衛1-3樓無附傢俱,RPTOMLSKKHJFFBH68CC
中壢區,建物,桃園縣中壢市環北路346號15樓之5,0.0,住,,,1030124,土地0建物1車位1,十五層,22,住宅大樓(11層含以上有電梯),住家用,鋼筋混凝土造,0980629,152.21,3,2,2,有,有,有,35000,230,坡道平面,34.62,0,,RPORMLSKKHJFFBH48CC
桃園區,房地(土地+建物)+車位,桃園縣桃園市新埔七街2號七樓,21.32,住,,,1030218,土地1建物1車位1,七層,9,華廈(10層含以下有電梯),住家用,鋼筋混凝土造,0880128,132.91,4,2,2,有,有,無,18300,138,坡道平面,28.41,0,含管理費2050元,RPXRMLSKKHJFFAH66CC
桃園區,房地(土地+建物),桃園縣桃園市民有三街452號,40.1,住,,,1030213,土地1建物1車位0,一層,8,華廈(10層含以下有電梯),住商用,鋼筋混凝土造,0841116,119.1,0,0,0,無,有,無,25000,210,,0.0,0,含管理費1600元,RPOSMLSKKHJFFAH48CC
桃園區,房地(土地+建物),桃園縣桃園市民有三街452號,40.1,住,,,1030213,土地1建物1車位0,一層,8,華廈(10層含以下有電梯),住商用,鋼筋混凝土造,0841116,119.1,0,0,0,無,有,無,25000,210,,0.0,0,含管理費1600元,RPQNMLTKKHJFFAH28CC
桃園區,建物,桃園縣桃園市中正路78號,0.0,商,,,1030206,土地0建物1車位0,見其他登記事項,3,店面(店鋪),商業用,磚造,0440630,95.0,0,0,0,無,無,無,220000,2316,,0.0,0,,RPWPMLTKKHJFFAH09CC
中壢區,房地(土地+建物),桃園縣中壢市仁福三街76號六樓,10.43,住,,,1030124,土地1建物1車位0,六層,12,住宅大樓(11層含以上有電梯),住家用,鋼筋混凝土造,0830524,89.39,3,2,2,有,有,有,9000,101,,0.0,0,,RPUQMLTKKHJFFBH56DC
桃園區,房地(土地+建物),桃園縣桃園市吉昌街212號,20.65,住,,,1030213,土地1建物1車位0,一層,25,店面(店鋪),住商用,鋼筋混凝土造,0861128,181.68,1,1,1,有,有,無,35000,193,,0.0,0,含管理費,RPVPMLTKKHJFFAH09DC
桃園區,房地(土地+建物),桃園縣桃園市三和街45之3號,33.25,住,,,1030212,土地1建物1車位0,四層,4,公寓(5樓含以下無電梯),住家用,鋼筋混凝土造,0680224,79.79,3,2,1,有,無,有,10000,125,,0.0,0,,RPSNNLKLKHJFFAH87DC
中壢區,建物,桃園縣中壢市中央西路二段231號1.2樓,277.0,住,,,1030124,土地0建物2車位0,一層,7,店面(店鋪),商業用,鋼筋混凝土造,0700605,201.7,0,0,0,無,有,無,45000,223,,0.0,0,,RPVPMLKLKHJFFBH38DC
龜山區,建物,桃園縣龜山鄉長峰路106號14樓,12.18,住,,,1021220,土地0建物1車位0,十四層,15,住宅大樓(11層含以上有電梯),住家用,鋼筋混凝土造,1011215,119.91,3,2,2,有,有,無,15500,172,坡道平面,35.83,0,,RPURMLKLKHJFFAH48EC
中壢區,建物,桃園縣中壢市遠揚街63巷10號3樓,34.16,住,,,1030219,土地0建物1車位0,三層,4,公寓(5樓含以下無電梯),住家用,鋼筋混凝土造,0700824,28.71,3,1,1,有,無,有,4500,157,,0.0,0,,RPXQMLKLKHJFFBH58CC
中壢區,房地(土地+建物),桃園縣中壢市龍川五街17號,16.29,住,,,1030214,土地1建物1車位0,一層,7,華廈(10層含以下有電梯),見其他登記事項,鋼筋混凝土造,0830926,90.49,3,2,2,有,有,有,10000,111,,0.0,0,,RPQRMLKLKHJFFBH97CC
八德區,房地(土地+建物),桃園縣八德市介壽路一段86巷30號,383.2,住,,,1030215,土地3建物1車位0,一層,1,廠辦,工業用,鐵造,0620905,154.23,0,0,0,無,無,無,30000,195,,0.0,0,含增建或未登記建物。,RPTOMLLLKHJFFFH48CC
蘆竹區,建物,桃園縣蘆竹鄉南山路1段71號7樓之2,3.3,住,,,1030128,土地0建物1車位0,七層,20,住宅大樓(11層含以上有電梯),住家用,鋼筋混凝土造,0840811,32.89,1,0,1,有,無,有,6500,198,,0.0,0,,RPWNMLLLKHJFFEH58CC
中壢區,房地(土地+建物),桃園縣中壢市文化二路２６０號三樓,15.4,住,,,1030122,土地1建物1車位0,三層,10,華廈(10層含以下有電梯),住家用,鋼筋混凝土造,0930518,66.56,2,2,1,有,有,有,12000,180,,0.0,0,,RPWNMLLLKHJFFBH38DC
中壢區,房地(土地+建物),桃園縣中壢市中山東路二段155號,86.0,住,,,1030214,土地1建物1車位0,二層,5,店面(店鋪),住家用,鋼筋混凝土造,0780418,76.05,0,1,1,有,無,有,34000,447,,0.0,0,,RPUPMLLLKHJFFBH38DC
桃園區,房地(土地+建物),桃園縣桃園市正康三街220號六樓之1,8.49,住,,,1030215,土地1建物1車位0,六層,7,套房(1房1廳1衛),住家用,鋼筋混凝土造,0800115,48.44,1,1,1,有,無,無,7000,145,,0.0,0,,RPVNMLLLKHJFFAH18DC
桃園區,土地,大興段259地號,485.48,住,,,1030120,土地3建物0車位0,,,其他,,,,0.0,0,0,0,有,無,有,135000,278,,0.0,0,,RPOOMLLLKHJFFAH57DC
中壢區,房地(土地+建物),桃園縣中壢市元化路356號5樓之2,12.86,其他,,,1030207,土地1建物1車位0,五層,22,住宅大樓(11層含以上有電梯),住家用,鋼筋混凝土造,0970406,119.76,4,2,2,有,無,有,35000,292,,0.0,0,,RPPNMLMLKHJFFBH67CC
中壢區,房地(土地+建物),桃園縣中壢市成章二街147號,80.0,住,,,1030209,土地1建物1車位0,全,5,透天厝,見其他登記事項,鋼筋混凝土造,0950531,261.78,5,2,4,有,無,無,27000,103,,0.0,0,,RPUOMLOLKHJFFBH48CC
中壢區,建物,桃園縣中壢市中北路二段322號6樓,0.0,住,,,1030209,土地0建物1車位0,六層,7,華廈(10層含以下有電梯),住家用,鋼筋混凝土造,0830518,108.89,3,2,2,有,無,無,12500,115,,0.0,0,,RPVOMLOLKHJFFBH58CC
蘆竹區,房地(土地+建物)+車位,桃園縣蘆竹鄉仁愛路三段260巷25號5樓,27.24,其他,,,1030222,土地1建物1車位1,五層,10,華廈(10層含以下有電梯),住家用,鋼筋混凝土造,0950412,77.3,3,2,2,有,有,有,17500,226,坡道平面,33.4,0,承租人共4位內含管理費內含車位清潔費合約到期，清潔後原屋況歸還,RPTNMLOLKHJFFEH58CC
八德區,房地(土地+建物)+車位,桃園縣八德市東勇街400巷165弄25號,81.05,,特定農業區,甲種建築用地,1030223,土地1建物1車位2,全,5,透天厝,見其他登記事項,鋼筋混凝土造,0830825,249.04,5,2,3,有,無,有,20000,80,其他,0.0,0,,RPROMLOLKHJFFFH58CC
龜山區,建物,桃園縣龜山鄉萬壽路一段516巷17弄3之2號3樓,16.42,住,,,1030221,土地0建物1車位0,三層,4,公寓(5樓含以下無電梯),住家用,鋼筋混凝土造,0650802,52.54,2,2,1,有,無,有,8000,152,,0.0,0,,RPSRMLOLKHJFFAH48CC
八德區,房地(土地+建物),桃園縣八德市金和路93號,33.7,住,,,1030218,土地1建物1車位0,二層,13,住宅大樓(11層含以上有電梯),住商用,鋼筋混凝土造,0981016,228.3,0,1,2,有,有,無,50000,219,,0.0,0,,RPRPMLOLKHJFFFH88EC
桃園區,房地(土地+建物)+車位,桃園縣桃園市桃智路31號5樓,21.5,住,,,1030224,土地1建物1車位1,五層,13,華廈(10層含以下有電梯),住家用,鋼筋混凝土造,1011019,111.04,4,2,2,有,有,無,20000,180,坡道平面,0.0,0,,RPWNMLPLKHJFFAH68DC
蘆竹區,建物,桃園縣蘆竹鄉南福街105號12樓之3,4982.75,住,,,1030210,土地0建物1車位0,十二層,14,住宅大樓(11層含以上有電梯),住家用,鋼筋混凝土造,0920728,112.13,3,2,2,有,有,有,15000,134,,0.0,0,,RPOOMLQLKHJFFEH48DC
龜山區,房地(土地+建物),桃園縣龜山鄉萬壽路一段163號六樓之1,2.77,住,,,1030216,土地1建物1車位0,六層,22,其他,見其他登記事項,鋼筋混凝土造,0820824,38.78,1,0,0,無,有,有,7500,193,,0.0,0,,RPOPMLQLKHJFFAH08CC
中壢區,土地,榮民段339地號,77.0,住,,,1030221,土地1建物0車位0,,,其他,,,,0.0,0,0,0,有,無,無,8500,110,,0.0,0,建物平房未保存登記3房1廳1衛附熱水瓶.抽油煙機.流理臺.瓦斯爐,RPWPMLQLKHJFFBH98CC
八德區,房地(土地+建物),桃園縣八德市建國路133巷8弄1號5樓,33.02,住,,,1020222,土地1建物1車位0,五層,5,公寓(5樓含以下無電梯),住家用,鋼筋混凝土造,0871027,108.28,3,2,2,有,無,有,8000,74,,0.0,0,,RPTOMLRLKHJFFFH09CC
龍潭區,房地(土地+建物)+車位,桃園縣龍潭鄉百年二街26號14樓,28.86,,鄉村區,乙種建築用地,1030226,土地2建物1車位1,十四層,14,住宅大樓(11層含以上有電梯),住家用,鋼筋混凝土造,0860626,90.17,2,2,1,有,有,有,11000,122,坡道平面,36.44,0,租金內含1320/月管理費,RPVNMLRLKHJFFCH88CC
桃園區,房地(土地+建物),桃園縣桃園市民生路126號5樓之1,10.3,住,,,1030226,土地2建物1車位0,五層,9,華廈(10層含以下有電梯),住家用,鋼筋混凝土造,0831013,109.39,3,2,2,有,有,有,14000,128,,0.0,0,,RPVPMLRLKHJFFAH88CC
桃園區,房地(土地+建物),桃園縣桃園市寶山街360巷13號1樓,34.76,住,,,1030226,土地1建物1車位0,一層,5,公寓(5樓含以下無電梯),見其他登記事項,鋼筋混凝土造,0791214,139.86,1,1,2,有,無,無,21000,150,,0.0,0,,RPXRMLRLKHJFFAH66CC
桃園區,房地(土地+建物)+車位,桃園縣桃園市龍泉一街21號4樓,14.85,住,,,1030227,土地1建物1車位0,四層,14,住宅大樓(11層含以上有電梯),住家用,鋼筋混凝土造,1020610,129.9,2,2,1,有,有,有,18500,142,坡道平面,0.0,0,,RPPNMLSLKHJFFAH18CC
桃園區,房地(土地+建物),桃園縣桃園市民有東路23巷27號11樓,22.89,住,,,1030219,土地1建物1車位0,十一層,12,住宅大樓(11層含以上有電梯),住家用,鋼筋混凝土造,0880205,116.39,3,2,3,有,有,有,16500,142,,0.0,0,,RPRNMLSLKHJFFAH38CC
桃園區,房地(土地+建物),桃園縣桃園市朝陽街11號10樓之4,3.06,住,,,1030221,土地1建物1車位0,十層,14,套房(1房1廳1衛),見其他登記事項,鋼筋混凝土造,0861117,31.950000000000003,1,0,0,無,有,有,7500,235,,0.0,0,,RPSNMLSLKHJFFAH48CC
桃園區,房地(土地+建物),桃園縣桃園市安東街19號5樓之5,10.2,商,,,1030212,土地2建物1車位0,五層,9,華廈(10層含以下有電梯),見其他登記事項,鋼筋混凝土造,0810415,91.12,2,1,1,有,有,有,13000,143,,0.0,0,,RPTNMLSLKHJFFAH58CC
桃園區,房地(土地+建物)+車位,桃園縣桃園市南平路54號,18.23,住,,,1030226,土地1建物1車位1,一層,12,店面(店鋪),見其他登記事項,鋼筋混凝土造,0841230,110.63,2,0,1,有,無,有,28000,253,坡道機械,0.0,0,含管理費958元,RPRQMLNJLHJFFAH18DC
桃園區,建物,桃園縣桃園市春日路658巷1號21樓之5,18.31,住,,,1030226,土地0建物1車位0,一層,24,住宅大樓(11層含以上有電梯),住家用,鋼筋混凝土造,0881129,89.46,2,1,1,有,有,有,13000,145,,0.0,0,,RPPRMLNJLHJFFAH08DC
中壢區,房地(土地+建物),桃園縣中壢市環北路352號十樓之20,6.23,住,,,1030213,土地1建物1車位0,十層,21,住宅大樓(11層含以上有電梯),住家用,鋼筋混凝土造,0980629,82.82,2,1,1,有,有,有,23863,288,,0.0,0,,RPUNMLNJLHJFFBH28DC
中壢區,車位,桃園縣中壢市環北路352號6樓之9,0.0,,,,1030213,土地0建物0車位1,,0,其他,住家用,鋼筋混凝土造,0980629,34.62,0,0,0,有,有,無,3667,,坡道平面,0.0,3667,,RPWNMLNJLHJFFBH48DC
蘆竹區,房地(土地+建物),桃園縣蘆竹鄉南昌路47號10樓,10.35,住,,,1030301,土地1建物1車位0,十層,15,住宅大樓(11層含以上有電梯),住家用,鋼筋混凝土造,0951124,27.73,2,1,1,有,無,有,17500,631,,0.0,0,,RPQNMLOJLHJFFEH38EC
楊梅區,房地(土地+建物),桃園縣楊梅市福羚路200巷35弄3號五樓之二,21.22,住,,,1020214,土地1建物1車位0,二層,5,公寓(5樓含以下無電梯),住家用,鋼筋混凝土造,0820313,24.4,2,2,2,有,無,有,8500,348,,0.0,0,,RPSOMLOJLHJFFDH48DC
平鎮區,房地(土地+建物),桃園縣平鎮市中庸路170號4F之7,5.58,商,,,1030218,土地1建物1車位0,四層,13,住宅大樓(11層含以上有電梯),住家用,鋼筋混凝土造,0961025,42.49,1,1,1,有,無,有,7500,177,,0.0,0,,RPVRMLOJLHJFFGH76DC
平鎮區,房地(土地+建物),桃園縣平鎮市南京路37號1F,11.56,住,,,1021231,土地1建物1車位0,一層,4,店面(店鋪),住商用,鋼筋混凝土造,0870618,37.69,0,0,1,有,無,有,17000,451,,0.0,0,,RPWRMLOJLHJFFGH86DC
平鎮區,房地(土地+建物),桃園縣平鎮市南京路101號,87.19,住,,,1021228,土地1建物1車位0,五層,5,店面(店鋪),見其他登記事項,鋼筋混凝土造,0971028,334.62,4,3,4,有,無,有,28000,84,,0.0,0,,RPXRMLOJLHJFFGH96DC
桃園區,房地(土地+建物),桃園縣桃園市龍祥街104巷5號8樓,23.0,住,,,1030303,土地1建物1車位0,八層,9,華廈(10層含以下有電梯),國民住宅,鋼筋混凝土造,0890307,136.0,4,2,2,有,有,有,12000,88,,0.0,0,,RPRNMLOJLHJFFAH87CC
桃園區,建物,桃園縣桃園市中正路1125號7樓B室,0.0,住,,,1030205,土地0建物1車位0,七層,10,華廈(10層含以下有電梯),見其他登記事項,鋼筋混凝土造,0980202,182.88,0,0,0,無,有,無,120000,656,,0.0,0,,RPUQMLOJLHJFFAH48CC
桃園區,建物,桃園縣桃園市大有路206之號3樓,0.0,住,,,1030219,土地0建物1車位0,三層,16,辦公商業大樓,見其他登記事項,鋼筋混凝土造,0830602,95.11,0,0,0,無,有,無,11500,121,,0.0,0,,RPSOMLPJLHJFFAH18CC
桃園區,房地(土地+建物)+車位,桃園縣桃園市民有五街136號7樓,16.94,住,,,1030207,土地1建物1車位1,七層,13,住宅大樓(11層含以上有電梯),住家用,鋼筋混凝土造,0981029,95.97,2,2,2,有,有,有,16000,167,坡道平面,32.76,0,,RPSPMLPJLHJFFAH28CC
桃園區,房地(土地+建物),桃園縣桃園市民有五街121號6樓,6.59,住,,,1030209,土地1建物1車位0,六層,14,住宅大樓(11層含以上有電梯),住家用,鋼筋混凝土造,0931231,59.61,1,1,1,有,有,有,10500,176,,0.0,0,,RPTPMLPJLHJFFAH38CC
八德區,房地(土地+建物),桃園縣八德市茄苳路91巷6-2號6樓之1,1976.97,住,,,1030224,土地1建物1車位0,六層,6,套房(1房1廳1衛),住家用,鋼筋混凝土造,0830712,21.87,1,1,1,有,無,有,5500,251,,0.0,0,,RPTNMLPJLHJFFFH68CC
蘆竹區,房地(土地+建物),桃園縣蘆竹鄉南順六街52號8樓之6,7.23,住,,,1030215,土地1建物1車位0,八層,14,套房(1房1廳1衛),住家用,鋼筋混凝土造,0880127,41.46,0,0,0,無,有,有,9500,229,,0.0,0,,RPSNMLPJLHJFFEH48CC
蘆竹區,房地(土地+建物),桃園縣蘆竹鄉中山路242號,671.22,住,,,1030301,土地1建物1車位0,全,5,透天厝,見其他登記事項,鋼筋混凝土造,1011225,239.12,0,0,0,無,無,有,30000,125,,0.0,0,,RPTNMLPJLHJFFEH58CC
中壢區,房地(土地+建物)+車位,桃園縣中壢市環西路二段226巷5號十二樓之1,10.47,住,,,1030305,土地1建物1車位1,十二層,15,住宅大樓(11層含以上有電梯),住家用,鋼筋混凝土造,0980703,120.32999999999998,3,2,2,有,有,有,18000,150,坡道平面,15.25,0,,RPWRMLPJLHJFFBH98CC
中壢區,房地(土地+建物),桃園縣中壢市三光路114號1樓,30.57,住,,,1030301,土地2建物1車位0,一層,7,店面(店鋪),商業用,鋼筋混凝土造,0810415,170.64,0,0,0,無,有,無,48000,281,,0.0,0,,RPVTMLPJLHJFFBH09CC
大溪區,房地(土地+建物),桃園縣大溪鎮介壽路211巷35弄100號,59.03,住,,,1030223,土地1建物1車位0,全,1,透天厝,住家用,磚造,0620310,55.5,2,1,1,有,無,無,5000,90,,0.0,0,,RPTOMLPJLHJFFCH58DC
中壢區,房地(土地+建物),桃園縣中壢市中園路30之3號,13.17,住,,,1030220,土地1建物1車位0,一層,19,店面(店鋪),見其他登記事項,鋼筋混凝土造,0990522,100.56,0,0,0,無,有,無,30000,298,,0.0,0,,RPVQMLPJLHJFFBH88DC
平鎮區,房地(土地+建物),桃園縣平鎮市華安街6號三樓,10.68,住,,,1030228,土地1建物1車位0,三層,7,華廈(10層含以下有電梯),住家用,鋼筋混凝土造,0881027,101.18,3,2,2,有,無,有,11000,109,,0.0,0,,RPRPMLPJLHJFFGH78CC
桃園區,建物,桃園縣桃園市中平路176之1號6樓,0.0,,,,1030305,土地0建物1車位0,六層,7,華廈(10層含以下有電梯),住家用,鋼筋混凝土造,0940411,66.45,2,1,1,有,有,有,9000,135,,0.0,0,,RPQQMLQJLHJFFAH38DC
中壢區,房地(土地+建物),桃園縣中壢市九和五街20號,10.6,住,,,1030304,土地1建物1車位0,一層,15,住宅大樓(11層含以上有電梯),見其他登記事項,鋼筋混凝土造,0880914,65.76,0,0,0,無,無,無,28000,426,,0.0,0,,RPSQMLQJLHJFFBH68DC
八德區,房地(土地+建物),桃園縣八德市豐田三路42號,104.64,住,,,1030305,土地1建物1車位0,全,5,透天厝,見其他登記事項,鋼筋混凝土造,1011106,263.6,3,4,4,有,無,無,18000,68,,0.0,0,,RPTNMLQJLHJFFFH88DC
八德區,房地(土地+建物),桃園縣八德市豐田三路72號,252.39,住,,,1030224,土地1建物1車位0,全,5,透天厝,見其他登記事項,鋼筋混凝土造,1011106,63.09,0,1,1,有,無,有,12000,190,,0.0,0,,RPSNMLRJLHJFFFH88DC
八德區,房地(土地+建物)+車位,桃園縣八德市和平路122號三樓,20.04,住,,,1030306,土地1建物1車位1,三層,12,住宅大樓(11層含以上有電梯),住家用,鋼筋混凝土造,1020701,154.86,3,2,2,有,有,無,16000,103,坡道平面,0.0,0,,RPQOMLRJLHJFFFH88EC
八德區,房地(土地+建物),桃園縣八德市中興街15號三樓之3,21.22,住,,,1030301,土地1建物1車位0,三層,7,華廈(10層含以下有電梯),住家用,鋼筋混凝土造,0830826,124.85,3,2,2,有,有,無,10000,80,,0.0,0,,RPROMLRJLHJFFFH98EC
八德區,房地(土地+建物),桃園縣八德市廣福路20巷35弄9號,45.01,商,,,1030225,土地1建物1車位0,見其他登記事項,2,店面(店鋪),住商用,加強磚造,0741005,99.05,0,0,0,無,無,無,14000,141,,0.0,0,,RPUOMLRJLHJFFFH66EC
八德區,房地(土地+建物)+車位,桃園縣八德市永福西街46巷5弄11號,59.72,住,,,1030101,土地4建物2車位1,全,5,透天厝,住家用,鋼筋混凝土造,0851205,195.98,4,2,3,有,有,無,17000,87,一樓平面,0.0,0,,RPVOMLRJLHJFFFH76EC
八德區,房地(土地+建物)+車位,桃園縣八德市豐德路386號七樓,47.87,住,,,1030228,土地1建物1車位2,七層,15,住宅大樓(11層含以上有電梯),住家用,鋼筋混凝土造,1020503,241.02,3,2,2,有,無,無,20000,83,坡道平面,0.0,0,,RPWOMLRJLHJFFFH86EC
龜山區,房地(土地+建物)+車位,桃園縣龜山鄉光榮路77之2號四樓,26.06,住,,,1030301,土地1建物1車位1,四層,8,華廈(10層含以下有電梯),住家用,鋼筋混凝土造,0990112,106.58,2,2,2,有,無,有,12000,113,坡道平面,29.76,0,,RPTNMLSJLHJFFAH48CC
中壢區,建物,桃園縣中壢市環中東路２０６巷３４號十樓,6.96,住,,,1030225,土地0建物1車位0,十層,14,住宅大樓(11層含以上有電梯),住家用,鋼筋混凝土造,0930515,74.39,3,2,2,有,有,有,14000,188,坡道平面,16.45,0,,RPUPMLKKLHJFFBH28DC
蘆竹區,房地(土地+建物),桃園縣蘆竹鄉大竹路382號,24.84,住,,,1030304,土地1建物1車位0,全,4,透天厝,住商用,鋼筋混凝土造,0850522,49.43,0,0,0,無,無,有,25000,506,,0.0,0,,RPOQMLKKLHJFFEH08DC
中壢區,房地(土地+建物)+車位,桃園縣中壢市南園二路２９６巷２１弄６８號六樓,25.24,住,,,1030305,土地1建物1車位1,六層,15,住宅大樓(11層含以上有電梯),見其他登記事項,鋼筋混凝土造,1020605,87.16,3,2,2,有,有,有,18000,207,坡道平面,0.0,0,,RPWOMLLKLHJFFBH48DC
中壢區,房地(土地+建物),桃園縣中壢市環北路352號5樓之9,6.07,住,,,1030310,土地1建物1車位0,五層,21,住宅大樓(11層含以上有電梯),住家用,鋼筋混凝土造,0980629,51.33,2,1,1,有,有,有,20455,398,,0.0,0,,RPXPMLLKLHJFFBH68DC
中壢區,房地(土地+建物),桃園縣中壢市自立五街90號十四樓,31.54,住,,,1030222,土地1建物1車位0,十四層,14,住宅大樓(11層含以上有電梯),國民住宅,鋼筋混凝土造,0920602,188.73,3,2,2,有,有,有,10000,53,,0.0,0,,RPQSMLLKLHJFFBH28DC
大園區,房地(土地+建物),桃園縣蘆竹鄉領航北路4段392號8樓之2,26.41,住,,,1030301,土地1建物1車位0,八層,10,華廈(10層含以下有電梯),住家用,鋼筋混凝土造,0971002,88.19,3,2,2,有,有,有,15000,170,,0.0,0,,RPOOMLMKLHJFFEH08DC
龜山區,建物,桃園縣龜山鄉中興路52號四樓,15.62,,,,1030306,土地0建物1車位0,四層,14,住宅大樓(11層含以上有電梯),住家用,鋼筋混凝土造,1010328,60.24,2,1,1,有,有,有,11000,183,,0.0,0,,RPORMLMKLHJFFAH97DC
八德區,房地(土地+建物),桃園縣八德市介壽路一段５７６號,168.71,住,,,1030308,土地1建物1車位0,全,2,透天厝,見其他登記事項,加強磚造,0780105,236.88,2,2,2,有,無,無,30000,127,,0.0,0,,RPRNMLMKLHJFFFH48EC
八德區,建物,桃園縣八德市義勇街161號五樓,16.97,住,,,1030225,土地0建物1車位0,五層,8,華廈(10層含以下有電梯),住家用,鋼筋混凝土造,0840710,102.62,3,2,2,有,有,無,11000,107,,0.0,0,,RPQNMLMKLHJFFFH28DC
,車位,桃園縣桃園市經國路405號14樓之2,0.0,,,,1030225,土地0建物0車位1,,,其他,,,,0.0,0,0,0,有,有,無,2000,,坡道平面,0.0,0,,RPUOMLMKLHJFFAH18CC
桃園區,房地(土地+建物),桃園縣桃園市泰昌十街12號9樓,16.14,住,,,1030211,土地1建物1車位0,九層,16,住宅大樓(11層含以上有電梯),住家用,鋼筋混凝土造,0840914,109.34,3,2,2,有,有,有,13000,119,,0.0,0,,RPXOMLMKLHJFFAH48CC
桃園區,房地(土地+建物),桃園縣桃園市經國路284號6樓之1,3.34,住,,,1030217,土地1建物1車位0,六層,24,套房(1房1廳1衛),住家用,鋼筋混凝土造,0870402,46.86,0,0,0,無,有,有,8500,181,,0.0,0,,RPOPMLMKLHJFFAH67CC
中壢區,建物,桃園縣中壢市百韜二街47號5樓,25.83,住,,,1030301,土地0建物1車位0,五層,2,華廈(10層含以下有電梯),住家用,鋼筋混凝土造,0811016,143.55,3,2,2,有,無,有,9500,66,,0.0,0,,RPRRMLMKLHJFFBH28CC
蘆竹區,房地(土地+建物),桃園縣蘆竹鄉忠孝西路169巷1號12樓,14.71,其他,,,1030311,土地1建物1車位0,十二層,13,住宅大樓(11層含以上有電梯),住家用,鋼筋混凝土造,1010618,129.38,2,2,1,有,無,有,17000,131,,0.0,0,,RPOTMLNKLHJFFEH58CC
桃園區,建物,桃園縣桃園市中正路１１２０號,0.0,商,,,1030226,土地0建物1車位2,見其他登記事項,38,店面(店鋪),見其他登記事項,見其他登記事項,1011102,399.71999999999997,0,3,2,有,有,無,150000,375,坡道平面,46.78,0,,RPPUMLNKLHJFFAH38CC
桃園區,房地(土地+建物),桃園縣桃園市保羅街56巷1之2號,22.97,住,,,1030311,土地1建物1車位0,三層,3,公寓(5樓含以下無電梯),住家用,鋼筋混凝土造,0660610,62.52,2,2,1,有,無,有,11250,180,,0.0,0,,RPXUMLNKLHJFFAH56CC
桃園區,房地(土地+建物),桃園縣桃園市同德十一街33號,12540.0,商,,,1030305,土地1建物1車位0,一層,5,店面(店鋪),住商用,鋼筋混凝土造,0780512,281.69,0,0,0,無,無,無,45000,160,,0.0,0,,RPSTMLNKLHJFFAH68DC
蘆竹區,房地(土地+建物)+車位,桃園縣蘆竹鄉南華一街39號四樓之五,22.57,住,,,1030313,土地1建物1車位1,四層,13,住宅大樓(11層含以上有電梯),住家用,鋼筋混凝土造,0880122,116.03999999999999,3,2,2,有,有,有,14000,121,坡道平面,42.34,0,,RPOUMLNKLHJFFEH78DC
桃園區,房地(土地+建物),桃園縣桃園市明德街17號,27.06,住,,,1030312,土地1建物1車位0,見其他登記事項,2,店面(店鋪),見其他登記事項,鋼筋混凝土造,0831005,241.38,1,2,2,有,無,有,35000,145,,0.0,0,,RPUQMLOKLHJFFAH68DC
中壢區,房地(土地+建物),桃園縣中壢市興仁路二段１４４之１號三樓,24.91,住,,,1030214,土地1建物1車位0,三層,5,套房(1房1廳1衛),住家用,鋼筋混凝土造,0721230,93.06,1,0,1,有,無,有,5000,54,,0.0,0,,RPROMLOKLHJFFBH28DC
中壢區,房地(土地+建物),桃園縣中壢市文化二路３１６號十樓,22.0,工,,,1030214,土地1建物1車位0,十層,14,住宅大樓(11層含以上有電梯),住家用,鋼筋混凝土造,0960430,127.19,2,2,2,有,有,有,16000,126,,0.0,0,,RPTOMLOKLHJFFBH48DC
中壢區,房地(土地+建物),桃園縣中壢市延平路３７２號十四樓之６,4.26,住,,,1030225,土地1建物1車位0,十四層,14,住宅大樓(11層含以上有電梯),住家用,鋼筋混凝土造,0890808,45.45,1,1,1,有,有,有,16000,352,,0.0,0,,RPVOMLOKLHJFFBH68DC
中壢區,房地(土地+建物),桃園縣中壢市榮安一街222號,21.13,住,,,1021115,土地1建物1車位0,一層,8,華廈(10層含以下有電梯),商業用,鋼筋混凝土造,0890529,104.87,0,0,1,有,有,無,15000,143,,0.0,0,,RPQRMLOKLHJFFBH58EC
龜山區,房地(土地+建物)+車位,桃園縣龜山鄉光?路181號1樓,24.11,住,,,1030216,土地1建物1車位1,一層,15,店面(店鋪),見其他登記事項,鋼筋混凝土造,1011215,173.42,1,1,2,有,無,無,40000,276,坡道平面,35.8,0,,RPXPMLOKLHJFFAH98EC
八德區,房地(土地+建物)+車位,桃園縣八德市茄苳路93巷9號5樓,30.33,住,,,1021231,土地1建物1車位1,五層,10,華廈(10層含以下有電梯),住家用,鋼筋混凝土造,0890817,135.95,3,2,2,有,有,有,14000,103,坡道平面,46.18,0,,RPXNMLOKLHJFFFH66EC
龍潭區,房地(土地+建物),桃園縣龍潭鄉中正路327號,130.37,住,,,1021017,土地1建物1車位0,見其他登記事項,2,店面(店鋪),住家用,加強磚造,0771024,180.13,0,0,0,無,無,無,18000,100,,0.0,0,,RPWOMLOKLHJFFCH98EC
龍潭區,房地(土地+建物),桃園縣龍潭鄉龍華路371-1號1+2樓,123.77,住,,,1021116,土地2建物2車位0,一層,5,公寓(5樓含以下無電梯),住家用,鋼筋混凝土造,0970411,304.08,5,3,3,有,無,有,20000,66,,0.0,0,,RPXOMLOKLHJFFCH09EC
桃園區,建物,桃園縣桃園市文中路623之8號7樓,0.0,,,,1030312,土地0建物1車位1,七層,15,住宅大樓(11層含以上有電梯),住家用,鋼筋混凝土造,1011219,125.05,3,2,2,有,有,無,16000,128,坡道平面,33.34,0,,RPPRMLOKLHJFFAH18CC
桃園區,房地(土地+建物),桃園縣桃園市大興西路二段35號21樓之2,8.45,住,,,1030227,土地1建物1車位0,二十一層,23,住宅大樓(11層含以上有電梯),住家用,鋼筋混凝土造,0840225,94.22,2,2,1,有,有,有,12000,127,,0.0,0,含管理費、稅金或水電等費用。,RPTTMLOKLHJFFAH78CC
中壢區,房地(土地+建物),桃園縣中壢市莊敬路785號2F,15.11,住,,,1030316,土地1建物1車位0,二層,8,華廈(10層含以下有電梯),住家用,鋼筋混凝土造,0830623,87.53,3,2,2,有,無,無,9000,103,,0.0,0,,RPSPMLRKLHJFFBH68CC
平鎮區,房地(土地+建物),桃園縣平鎮市龍安路6巷3號,15.0,住,,,1021107,土地1建物1車位0,全,4,透天厝,住家用,加強磚造,0680125,36.0,1,1,1,有,無,有,5500,153,,0.0,0,,RPPNMLRKLHJFFGH88EC
八德區,房地(土地+建物),桃園縣八德市國際路50號3樓,15.64,住,,,1030318,土地1建物1車位0,三層,15,住宅大樓(11層含以上有電梯),住家用,鋼筋混凝土造,1001207,124.05,2,2,1,有,有,有,16700,135,,0.0,0,,RPWNMLSKLHJFFFH96EC
大園區,房地(土地+建物),桃園縣大園鄉三民路二段562巷62弄2號八樓之1,22.6,其他,,,1030315,土地2建物1車位0,八層,10,華廈(10層含以下有電梯),住家用,鋼筋混凝土造,1010619,177.46,3,2,2,有,有,有,15000,85,,0.0,0,,RPWOMLSKLHJFFEH86DC
桃園區,房地(土地+建物),桃園縣桃園市中埔二街64號2樓,12.41,住,,,1030315,土地1建物1車位0,二層,14,住宅大樓(11層含以上有電梯),住家用,鋼筋混凝土造,0921121,135.41,4,2,2,有,無,有,20500,151,,0.0,0,,RPXNMLSKLHJFFAH98CC
桃園區,房地(土地+建物),桃園縣桃園市民有五街119號8樓,7.1,住,,,1030311,土地1建物1車位0,八層,14,住宅大樓(11層含以上有電梯),住家用,鋼筋混凝土造,0931231,61.34,1,1,1,有,有,有,11500,187,,0.0,0,,RPSOMLSKLHJFFAH58CC
桃園區,房地(土地+建物)+車位,桃園縣桃園市民安路54之3號,32.8,其他,,,1030318,土地1建物1車位1,四層,7,華廈(10層含以下有電梯),住家用,鋼筋混凝土造,0780201,122.28,3,2,2,有,無,有,15000,123,坡道平面,0.0,0,附屬家具僅1張桌子公司承租辦公用，員工約3人以上,RPSRMLSKLHJFFAH88CC
龜山區,房地(土地+建物),桃園縣龜山鄉頂興路3巷17號,114.76,其他,,,1030317,土地1建物1車位0,五層,3,公寓(5樓含以下無電梯),見其他登記事項,鋼筋混凝土造,0781024,198.63,1,2,1,有,無,有,13000,65,,0.0,0,,RPQNNLTKLHJFFAH48CC
龜山區,房地(土地+建物),桃園縣龜山鄉頂興路3巷17號,114.76,其他,,,1030317,土地1建物1車位0,五層,3,公寓(5樓含以下無電梯),見其他登記事項,鋼筋混凝土造,0781024,198.63,1,2,1,有,無,有,13000,65,,0.0,0,,RPRNNLTKLHJFFAH58CC
大園區,房地(土地+建物),桃園縣大園鄉致成路43巷3號,106.65,住,,,1030216,土地1建物1車位0,全,5,透天厝,見其他登記事項,鋼筋混凝土造,0951120,377.54,7,2,5,有,無,無,30000,79,,0.0,0,,RPPPMLTKLHJFFEH88CC
八德區,房地(土地+建物)+車位,桃園縣八德市大和路112號13樓,14.68,住,,,1030317,土地1建物1車位1,,15,住宅大樓(11層含以上有電梯),住家用,鋼筋混凝土造,0981016,129.3,2,1,1,有,有,有,16000,124,坡道平面,0.0,0,,RPVOMLTKLHJFFFH07EC
八德區,房地(土地+建物)+車位,桃園縣八德市福僑街15號,63.24,住,,,1030317,土地1建物1車位1,全,3,透天厝,住家用,加強磚造,0621230,106.18,4,2,3,有,無,無,14000,132,其他,0.0,0,,RPWOMLTKLHJFFFH17EC
平鎮區,土地,平鎮段958地號,833.0,商,,,1030306,土地1建物0車位0,,,其他,,,,0.0,0,0,0,有,無,無,75000,90,,0.0,0,,RPPOMLTKLHJFFGH09DC
中壢區,房地(土地+建物),桃園縣中壢市莊敬路110號,24.4,住,,,1030305,土地1建物1車位0,一層,8,華廈(10層含以下有電梯),商業用,鋼筋混凝土造,0871102,136.09,0,0,1,有,有,無,20000,147,,0.0,0,,RPVOMLKLLHJFFBH28CC
龜山區,建物,桃園縣龜山鄉復興一路361號2樓,0.0,工,,,1030225,土地0建物1車位0,二層,9,辦公商業大樓,見其他登記事項,見其他登記事項,0801128,1438.49,0,0,0,無,有,無,258000,179,,0.0,0,,RPOSMLKLLHJFFAH87CC
龜山區,房地(土地+建物),桃園縣龜山鄉茶專路26號,835.59,工,,,1030303,土地1建物1車位0,見其他登記事項,1,工廠,見其他登記事項,鋼筋混凝土加強磚造,0690821,580.85,0,0,0,無,無,無,50000,,,0.0,0,,RPUQMLLLLHJFFAH38CC
桃園區,房地(土地+建物),桃園縣桃園市龍泉一街31號12樓,24.3,住,,,1030311,土地1建物1車位0,十二層,14,住宅大樓(11層含以上有電梯),住家用,鋼筋混凝土造,1020610,111.0,4,2,3,有,有,無,15000,135,,0.0,0,,RPOSMLLLLHJFFAH97CC
蘆竹區,建物,桃園縣蘆竹鄉濱海路一段280號1樓,0.0,,一般農業區,丁種建築用地,1030224,土地0建物1車位0,一層,3,廠辦,見其他登記事項,見其他登記事項,0870410,4456.0,0,0,0,無,無,無,566160,127,,0.0,0,,RPPOMLLLLHJFFEH08CC
平鎮區,房地(土地+建物),桃園縣平鎮市星友街33巷1號,74.75,住,,,1030228,土地1建物1車位0,全,2,透天厝,住家用,加強磚造,0761117,101.5,3,2,2,有,無,有,20000,197,,0.0,0,,RPSNMLLLLHJFFGH48CC
桃園區,建物,桃園縣桃園市宏昌十二街588號4樓,2171.0,住,,,1030321,土地0建物1車位0,四層,12,住宅大樓(11層含以上有電梯),住家用,鋼筋混凝土造,0840220,153.57,3,2,2,有,有,無,10000,65,,0.0,0,,RPRNMLMLLHJFFAH87CC
桃園區,房地(土地+建物),桃園縣桃園市朝陽街11號6樓之10,3.33,住,,,1030301,土地1建物1車位0,六層,14,套房(1房1廳1衛),見其他登記事項,鋼筋混凝土造,0861117,34.81,0,0,0,無,有,有,7500,215,,0.0,0,,RPQOMLOLLHJFFAH08CC
桃園區,房地(土地+建物),桃園縣桃園市介壽路5之3號7樓,7.83,住,,,1030301,土地1建物1車位0,七層,14,住宅大樓(11層含以上有電梯),住家用,鋼筋混凝土造,0920728,57.39,1,1,1,有,有,有,12000,209,,0.0,0,,RPROMLOLLHJFFAH18CC
桃園區,房地(土地+建物),桃園縣桃園市民有六街16號17樓之8,4.52,住,,,1030303,土地1建物1車位0,十七層,17,套房(1房1廳1衛),住家用,鋼筋混凝土造,0850118,42.96,0,0,0,無,有,有,9000,209,,0.0,0,,RPTOMLOLLHJFFAH38CC
桃園區,房地(土地+建物),桃園縣桃園市國聖一街51號4樓之3,7.46,住,,,1030308,土地1建物1車位0,四層,7,華廈(10層含以下有電梯),住家用,鋼筋混凝土造,0850217,39.519999999999996,1,1,1,有,有,有,8500,215,,0.0,0,,RPWOMLOLLHJFFAH68CC
桃園區,房地(土地+建物),桃園縣桃園市新埔七街122號1樓,67.0,住,,,1030324,土地3建物1車位0,一層,5,店面(店鋪),見其他登記事項,鋼筋混凝土造,0930521,79.34,0,0,0,無,無,無,25000,315,,0.0,0,,RPXOMLOLLHJFFAH78CC
桃園區,房地(土地+建物),桃園縣桃園市安東街19號5樓之5,10.2,商,,,1030212,土地2建物1車位0,五層,9,華廈(10層含以下有電梯),見其他登記事項,鋼筋混凝土造,0810415,91.12,2,1,1,有,有,有,13000,143,,0.0,0,,RPQPMLOLLHJFFAH18CC
桃園區,房地(土地+建物),桃園縣桃園市泰昌十街12號9樓,16.14,住,,,1030211,土地1建物1車位0,九層,16,住宅大樓(11層含以上有電梯),住家用,鋼筋混凝土造,0840914,109.34,2,2,2,有,有,有,13000,119,,0.0,0,,RPRPMLOLLHJFFAH28CC
桃園區,房地(土地+建物),桃園縣桃園市朝陽街11號10樓之4,3.06,住,,,1030225,土地1建物1車位0,十層,14,套房(1房1廳1衛),見其他登記事項,鋼筋混凝土造,0861117,31.950000000000003,1,0,0,無,有,有,7500,235,,0.0,0,,RPTPMLOLLHJFFAH48CC
桃園區,房地(土地+建物),桃園縣桃園市大有路152號11樓之10,4.38,住,,,1030312,土地1建物1車位0,十一層,12,套房(1房1廳1衛),住家用,鋼筋混凝土造,0830318,35.86,0,0,0,無,有,有,7000,195,,0.0,0,,RPVPMLOLLHJFFAH68CC
桃園區,房地(土地+建物)+車位,桃園縣桃園市鎮撫街56號5樓,8.57,住,,,1030315,土地1建物1車位0,五層,8,華廈(10層含以下有電梯),住家用,鋼筋混凝土造,0850822,74.81,1,1,1,有,有,有,11000,147,坡道平面,0.0,0,,RPWPMLOLLHJFFAH78CC
桃園區,房地(土地+建物),桃園縣桃園市大興西路二段26之5號13樓,16.22,住,,,1030308,土地1建物1車位0,十三層,18,住宅大樓(11層含以上有電梯),住家用,鋼筋混凝土造,0830713,127.59,3,2,2,有,有,有,11000,86,,0.0,0,,RPPQMLOLLHJFFAH18CC
桃園區,房地(土地+建物),桃園縣桃園市寶慶路432之1號9樓,8.05,住,,,1030317,土地1建物1車位0,九層,17,住宅大樓(11層含以上有電梯),住家用,鋼筋混凝土造,0831005,80.76,2,2,1,有,有,有,12000,149,,0.0,0,,RPQQMLOLLHJFFAH28CC
桃園區,房地(土地+建物),桃園縣桃園市園二街86之4號6樓,31.95,住,,,1030311,土地1建物1車位0,五層,5,套房(1房1廳1衛),住家用,鋼筋混凝土造,0750712,110.5,0,0,0,無,無,有,6000,54,,0.0,0,,RPTQMLOLLHJFFAH58CC
桃園區,房地(土地+建物),桃園縣桃園市大業路一段73之1號6樓,10.59,住,,,1030320,土地1建物1車位0,六層,21,住宅大樓(11層含以上有電梯),住家用,鋼筋混凝土造,0850412,101.72999999999999,2,1,2,有,有,有,13800,136,,0.0,0,,RPVQMLOLLHJFFAH78CC
中壢區,房地(土地+建物),桃園縣中壢市環西路二段300巷2之2號13樓,8.64,住,,,1030323,土地2建物1車位0,十三層,15,住宅大樓(11層含以上有電梯),見其他登記事項,鋼筋混凝土造,1000628,100.74000000000001,3,2,2,有,有,有,15000,149,,0.0,0,,RPQOMLOLLHJFFBH18CC
桃園區,房地(土地+建物),桃園縣桃園市中山路１０００號七樓之５,7.11,住,,,1030323,土地1建物1車位0,七層,17,住宅大樓(11層含以上有電梯),見其他登記事項,鋼筋混凝土造,0840414,49.8,2,1,1,有,有,有,9000,181,,0.0,0,,RPRQMLOLLHJFFAH48DC
八德區,房地(土地+建物),桃園縣八德市仁德二路22號13樓,23.12,住,,,1030324,土地1建物1車位0,十三層,13,住宅大樓(11層含以上有電梯),住家用,鋼筋混凝土造,1020823,113.03,3,2,2,有,有,有,13500,119,,0.0,0,,RPSNMLPLLHJFFFH98EC
八德區,房地(土地+建物),桃園縣八德市忠勇五街6號一樓,14.52,商,,,1030322,土地1建物1車位0,一層,19,住宅大樓(11層含以上有電梯),住商用,鋼筋混凝土造,0980506,116.94999999999999,0,0,0,無,有,無,25000,214,,0.0,0,,RPQNMLPLLHJFFFH58CC
大溪區,房地(土地+建物),桃園縣大溪鎮桃園縣大溪鎮瑞興國宅14號2樓,22.09,,特定農業區,甲種建築用地,1030129,土地1建物1車位0,二層,6,華廈(10層含以下有電梯),國民住宅,鋼筋混凝土造,0850626,72.71000000000001,3,1,1,有,無,有,9091,125,,0.0,0,管費800元,RPVNMLQLLHJFFCH88CC
中壢區,房地(土地+建物),桃園縣中壢市榮安十三街276號,12.66,住,,,1030326,土地1建物1車位0,一層,12,店面(店鋪),見其他登記事項,鋼筋混凝土造,0831024,80.16,0,0,0,無,無,無,15000,187,,0.0,0,,RPUQMLQLLHJFFBH98CC
桃園區,房地(土地+建物),桃園縣桃園市富國路647巷92號,76.36,農,,,1021214,土地1建物1車位0,全,4,透天厝,見其他登記事項,鋼筋混凝土造,0941013,244.3,5,3,4,有,有,無,22000,90,,0.0,0,月租22000元/月，含管理費1800元/月。,RPQRMLQLLHJFFAH78EC
桃園區,房地(土地+建物)+車位,桃園縣桃園市春日路1492-7號3樓,297.85,工,,,1020729,土地1建物1車位1,三層,10,華廈(10層含以下有電梯),工業用,鋼筋混凝土造,0970330,236.07999999999998,0,0,0,無,有,無,48000,203,坡道平面,61.29,0,,RPRRMLQLLHJFFAH88EC
平鎮區,房地(土地+建物),桃園縣平鎮市華安街18號4樓,26.57,住,,,1030308,土地1建物1車位0,四層,7,華廈(10層含以下有電梯),住家用,鋼筋混凝土造,0881027,122.55,3,2,2,有,無,有,9500,78,,0.0,0,,RPSQMLQLLHJFFGH66CC
中壢區,房地(土地+建物),桃園縣中壢市龍興路193-120號,87.31,住,,,1030322,土地1建物1車位0,全,3,透天厝,住家用,鋼筋混凝土造,0810518,153.69,4,2,2,有,無,無,9500,62,,0.0,0,,RPOQMLQLLHJFFBH48DC
八德區,房地(土地+建物),桃園縣八德市介壽路一段232號,79.55,其他,,,1030326,土地1建物1車位0,一層,4,店面(店鋪),見其他登記事項,鋼筋混凝土造,0810506,71.94,0,0,0,無,無,無,20000,278,,0.0,0,,RPSNMLRLLHJFFFH98CC
桃園區,房地(土地+建物)+車位,桃園縣桃園市中正路1247號18樓之2,9.29,商,,,1030325,土地1建物1車位1,十八層,22,辦公商業大樓,見其他登記事項,見其他登記事項,0810323,123.11,0,0,0,無,有,無,22000,179,坡道平面,19.12,0,,RPQSMLRLLHJFFAH78CC
蘆竹區,土地,南青段169地號,1152.58,其他,,,1030325,土地2建物0車位0,,,其他,,,,0.0,0,0,0,有,無,有,14000,12,,0.0,0,,RPWPMLSLLHJFFEH96CC
中壢區,建物,桃園縣中壢市元化路358號14樓之3,0.0,商,,,1030310,土地0建物1車位1,十四層,22,住宅大樓(11層含以上有電梯),住家用,鋼筋混凝土造,0970406,164.8,3,2,2,有,有,有,35000,212,坡道平面,45.52,0,,RPQSMLSLLHJFFBH98CC
中壢區,建物,桃園縣中壢市中正路1210號,85.0,農,,,1030327,土地0建物1車位0,全,2,透天厝,住家用,加強磚造,0620510,134.84,3,0,2,有,無,無,16500,122,,0.0,0,,RPRSMLSLLHJFFBH09CC
中壢區,房地(土地+建物)+車位,桃園縣中壢市環北路352號21樓之7,6.87,商,,,1030328,土地1建物1車位1,二十一層,21,住宅大樓(11層含以上有電梯),住家用,鋼筋混凝土造,0980629,82.64,2,1,1,有,有,有,22000,266,坡道平面,33.05,0,,RPORMLSLLHJFFBH78DC
蘆竹區,房地(土地+建物),桃園縣蘆竹鄉中山路136號,2822.0,其他,,,1030304,土地1建物1車位0,見其他登記事項,14,住宅大樓(11層含以上有電梯),住商用,鋼筋混凝土造,0890919,123.09,1,1,1,有,無,無,33000,268,,0.0,0,,RPUNMLSLLHJFFEH66DC
桃園區,建物,桃園縣桃園市民光東路137號三樓,31.81,住,,,1030308,土地0建物1車位0,三層,5,華廈(10層含以下有電梯),住家用,鋼筋混凝土造,0920613,113.09,3,2,2,有,無,有,13000,115,,0.0,0,,RPXNMLSLLHJFFAH56DC
蘆竹區,房地(土地+建物),桃園縣蘆竹鄉南順四階52號1樓,29.69,其他,,,1030303,土地1建物1車位0,一層,11,住宅大樓(11層含以上有電梯),見其他登記事項,鋼筋混凝土造,1001226,174.28,0,0,0,無,無,有,20000,115,,0.0,0,,RPPNMLTLLHJFFEH78CC
桃園區,房地(土地+建物)+車位,桃園縣桃園市中正三街348號4樓,10.63,住,,,1030311,土地1建物1車位0,四層,10,華廈(10層含以下有電梯),住家用,鋼筋混凝土造,0940411,94.31,1,1,1,有,有,有,14000,148,坡道平面,0.0,0,,RPXNMLTLLHJFFAH56CC
桃園區,房地(土地+建物),桃園縣桃園市民有六街16號15樓之8,4.52,住,,,1030324,土地1建物1車位0,十五層,17,套房(1房1廳1衛),住家用,鋼筋混凝土造,0850118,42.96,0,0,0,無,有,有,9000,209,,0.0,0,,RPQOMLTLLHJFFAH58CC
桃園區,房地(土地+建物),桃園縣桃園市大有路542之3號17樓,9.19,住,,,1030324,土地1建物1車位0,十七層,19,套房(1房1廳1衛),住家用,鋼筋混凝土造,0840419,28.67,0,0,0,無,有,有,7000,244,,0.0,0,,RPTOMLTLLHJFFAH88CC
桃園區,房地(土地+建物),桃園縣桃園市朝陽街11號10樓之2,3.06,商,,,1030325,土地1建物1車位0,十層,14,套房(1房1廳1衛),見其他登記事項,鋼筋混凝土造,0861117,31.15,0,0,0,無,有,有,7500,241,,0.0,0,,RPSPMLTLLHJFFAH88CC
桃園區,房地(土地+建物),桃園縣桃園市莊敬路一段210巷31號5樓,8.63,住,,,1030327,土地1建物1車位0,九層,28,住宅大樓(11層含以上有電梯),住家用,鋼筋混凝土造,0860419,56.480000000000004,1,1,1,有,有,有,8000,142,,0.0,0,,RPVRMLTLLHJFFAH76CC
桃園區,房地(土地+建物),桃園縣桃園市介壽路5號11樓,8.71,住,,,1030327,土地1建物1車位0,十一層,14,住宅大樓(11層含以上有電梯),住家用,鋼筋混凝土造,0920728,63.59,1,1,1,有,有,有,14000,220,,0.0,0,,RPWSMLTLLHJFFAH96CC
桃園區,房地(土地+建物),桃園縣桃園市復興路96號8樓之36,2.43,住,,,1030327,土地1建物1車位0,八層,12,套房(1房1廳1衛),住家用,鋼筋混凝土造,0780522,27.189999999999998,0,0,0,無,有,有,7000,257,,0.0,0,,RPRTMLTLLHJFFAH56CC
桃園區,建物,桃園縣桃園市福山街98號3樓,0.0,住,,,1030307,土地0建物1車位0,三層,6,華廈(10層含以下有電梯),住家用,鋼筋混凝土造,0821230,98.77,3,2,2,有,有,無,8000,81,,0.0,0,,RPQQMLLMLHJFFAH08CC
龜山區,房地(土地+建物),桃園縣龜山鄉復興北路90號1樓,59.6,住,,,1030302,土地1建物1車位0,一層,5,店面(店鋪),見其他登記事項,鋼筋混凝土造,0810430,211.48,0,0,1,有,無,無,45000,213,,0.0,0,,RPXUMLLMLHJFFAH56CC
蘆竹區,建物,桃園縣蘆竹鄉吉林路132巷28號5樓,0.0,住,,,1030311,土地0建物1車位0,五層,14,住宅大樓(11層含以上有電梯),住家用,鋼筋混凝土造,0940325,128.49,3,2,2,有,有,有,18000,140,,0.0,0,,RPROMLLMLHJFFEH38CC
中壢區,建物,桃園縣中壢市三光路13巷25號3樓,0.0,住,,,1030302,土地0建物0車位0,三層,4,套房(1房1廳1衛),住家用,鋼筋混凝土造,0730529,139.22,1,0,1,有,無,有,4500,32,,0.0,0,,RPTOMLLMLHJFFBH28CC
平鎮區,建物,桃園縣平鎮市延平路二段18號1樓,0.0,住,,,1030305,土地0建物1車位0,一層,15,店面(店鋪),見其他登記事項,鋼筋混凝土造,1011029,121.37,0,0,0,無,有,無,30000,247,,0.0,0,,RPUNMLLMLHJFFGH78CC
八德區,房地(土地+建物),桃園縣八德市高城六街9號,102.86,住,,,1030219,土地2建物1車位0,全,2,透天厝,住商用,加強磚造,0650614,130.4,4,3,3,有,無,無,14000,107,,0.0,0,,RPSNMLLMLHJFFFH68EC
平鎮區,房地(土地+建物),桃園縣平鎮市游泳路120巷123號5樓,20.81,住,,,1030401,土地1建物1車位0,五層,5,華廈(10層含以下有電梯),住家用,鋼筋混凝土造,0820319,76.39,3,2,1,有,無,有,9000,118,,0.0,0,,RPXNMLLJMHJFFGH88CC
龜山區,房地(土地+建物),桃園縣龜山鄉楓樹路85號,1787.78,住,,,1030331,土地1建物1車位0,全,5,透天厝,見其他登記事項,鋼筋混凝土造,0920918,174.87,4,2,2,有,無,無,19000,109,,0.0,0,,RPWRMLLJMHJFFAH58CC
桃園區,房地(土地+建物),桃園縣桃園市民富二街51之1號7樓,16.17,住,,,1030329,土地1建物1車位0,七層,12,套房(1房1廳1衛),住家用,鋼筋混凝土造,0840520,103.22,0,0,0,無,無,有,4000,39,,0.0,0,,RPQTMLLJMHJFFAH18CC
龜山區,房地(土地+建物)+車位,桃園縣龜山鄉長峰路100號4樓,21.36,住,,,1030320,土地1建物1車位1,四層,15,住宅大樓(11層含以上有電梯),住家用,鋼筋混凝土造,1011215,154.84,3,2,2,有,有,無,17045,110,坡道平面,35.83,0,,RPROMLMJMHJFFAH87CC
龜山區,房地(土地+建物),桃園縣龜山鄉長峰路90號2樓,21.53,住,,,1030318,土地1建物1車位0,二層,15,住宅大樓(11層含以上有電梯),住家用,鋼筋混凝土造,1011215,155.49,3,2,2,有,有,無,14106,91,,0.0,0,,RPTOMLMJMHJFFAH08CC
蘆竹區,房地(土地+建物),桃園縣蘆竹鄉蘆竹鄉大竹路451號,25.87,住,,,1030309,土地1建物1車位0,見其他登記事項,3,店面(店鋪),住商用,加強磚造,0700201,66.7,0,0,0,無,無,無,45000,675,,0.0,0,,RPQOMLMJMHJFFEH28DC
楊梅區,房地(土地+建物),桃園縣楊梅市楊梅市青山三街107號2樓,17.68,住,,,1030330,土地1建物1車位0,全,2,透天厝,住家用,鋼筋混凝土造,0841117,71.68,2,2,1,有,無,有,8000,112,,0.0,0,,RPXOMLMJMHJFFDH88DC
八德區,房地(土地+建物)+車位,桃園縣八德市中路南街20號,18.36,住,,,1030401,土地1建物1車位1,一層,13,店面(店鋪),見其他登記事項,鋼筋混凝土造,1001207,141.31,0,0,1,有,有,無,25000,177,坡道平面,0.0,0,,RPRNMLMJMHJFFFH38DC
楊梅區,建物,桃園縣楊梅市新農街380號、2樓之1,56.48,,,,1030403,土地0建物2車位0,二層,8,華廈(10層含以下有電梯),住家用,鋼筋混凝土造,0830827,250.75,2,0,3,有,有,有,20000,80,,0.0,0,,RPWRMLNJMHJFFDH09CC
龍潭區,房地(土地+建物)+車位,桃園縣龍潭鄉神龍路２６６巷１弄１２衖６號,75.22,住,,,1030316,土地1建物1車位1,全,3,透天厝,住家用,鋼筋混凝土造,0850624,155.78,4,2,3,有,無,有,10000,64,坡道平面,44.62,0,,RPVNMLNJMHJFFCH68EC
龍潭區,房地(土地+建物),桃園縣龍潭鄉龍平路632巷28弄19號,71.49,,特定農業區,甲種建築用地,1030401,土地1建物1車位0,全,3,透天厝,住家用,鋼筋混凝土造,0830620,203.12,4,2,3,有,無,無,9000,44,,0.0,0,,RPPNMLOJMHJFFCH97CC
桃園區,房地(土地+建物),桃園縣桃園市守法路30巷1之3號4樓,30.0,住,,,1030317,土地1建物1車位0,四層,4,公寓(5樓含以下無電梯),住家用,鋼筋混凝土造,0681226,71.15,3,1,1,有,無,有,6500,91,,0.0,0,,RPQNMLPJMHJFFAH97CC
桃園區,建物,桃園縣桃園市國強一街88號2樓,0.0,住,,,1030407,土地0建物1車位0,二層,7,公寓(5樓含以下無電梯),住家用,鋼筋混凝土造,0820119,97.43,3,2,2,有,無,無,10000,103,,0.0,0,,RPRNNLRJMHJFFAH38CC
桃園區,房地(土地+建物)+車位,桃園縣桃園市國聖一街8號10樓之6,20.21,住,,,1030403,土地1建物1車位1,十層,16,住宅大樓(11層含以上有電梯),住家用,鋼筋混凝土造,0951208,110.0,3,2,2,有,有,有,18000,202,坡道平面,35.6,0,內含管理費、冷氣,RPSNNLRJMHJFFAH48CC
中壢區,房地(土地+建物),桃園縣中壢市莊敬路125號,26.83,住,,,1030324,土地1建物1車位0,一層,13,店面(店鋪),商業用,鋼筋混凝土造,0850726,143.07,0,0,1,有,有,無,34000,238,,0.0,0,,RPPPMLRJMHJFFBH38CC
中壢區,建物,桃園縣中壢市新興路118號全部,142.0,商,,,1030328,土地0建物1車位0,全,4,透天厝,商業用,鋼筋混凝土造,0661108,492.3,9,0,3,有,無,無,50000,102,,0.0,0,,RPPQMLRJMHJFFBH48CC
中壢區,房地(土地+建物),桃園縣中壢市忠孝路345巷21號,62.0,住,,,1030331,土地1建物1車位0,全,2,透天厝,住家用,加強磚造,0661215,74.34,3,2,2,有,無,有,15000,202,,0.0,0,,RPUQMLRJMHJFFBH98CC
中壢區,建物,桃園縣中壢市廣州路252號,0.0,住,,,1030323,土地0建物1車位0,一層,7,店面(店鋪),住家用,鋼筋混凝土造,0841212,105.44,0,0,0,無,有,無,17500,166,,0.0,0,,RPWQMLRJMHJFFBH56CC
中壢區,房地(土地+建物),桃園縣中壢市忠孝路485號,63.0,,工業區,丁種建築用地,1030312,土地1建物1車位0,全,5,透天厝,見其他登記事項,鋼筋混凝土造,0930720,219.24,0,0,0,無,無,有,17920,82,,0.0,0,,RPXQMLRJMHJFFBH66CC
中壢區,土地,新興段475-5地號,3037.16,農,,,1030407,土地1建物0車位0,,,其他,,,,0.0,0,0,0,有,無,無,30000,10,,0.0,0,,RPORMLRJMHJFFBH48CC
八德區,房地(土地+建物),桃園縣八德市建國路452巷7號,61.0,,鄉村區,乙種建築用地,1030320,土地1建物1車位0,全,3,透天厝,住家用,加強磚造,0700311,105.94,3,2,2,有,無,無,15000,142,,0.0,0,,RPVNMLRJMHJFFFH66DC
楊梅區,土地,大金山下段大金山下小段55-292地號,342.0,其他,,,1030327,土地3建物0車位0,,,其他,,,,0.0,0,0,0,有,無,無,25000,73,,0.0,0,,RPWNMLRJMHJFFDH56DC
楊梅區,房地(土地+建物),桃園縣楊梅市金溪路209巷17號7樓,5054.0,其他,,,1030328,土地1建物1車位0,七層,9,華廈(10層含以下有電梯),住家用,鋼筋混凝土造,0960227,135.01,3,2,2,有,有,有,12000,89,,0.0,0,,RPXNMLRJMHJFFDH66DC
楊梅區,房地(土地+建物),桃園縣楊梅市金山街111號9樓-1,1864.0,其他,,,1030315,土地1建物1車位0,九層,11,住宅大樓(11層含以上有電梯),住家用,鋼筋混凝土造,0841227,102.06,3,2,1,有,有,無,11000,108,,0.0,0,附車位,RPPOMLRJMHJFFDH58DC
桃園區,建物,桃園縣桃園市南平路502號2樓,0.0,,,,1030318,土地0建物1車位0,全,2,透天厝,住家用,見其他登記事項,0900118,188.96,5,1,3,有,無,無,56000,296,,0.0,0,,RPSWMLRJMHJFFAH76DC
平鎮區,建物,桃園縣平鎮市榮興街20號,0.0,住,,,1030322,土地0建物1車位0,十一層,16,住宅大樓(11層含以上有電梯),住家用,鋼筋混凝土造,0840221,76.69,2,1,1,有,有,無,7000,91,,0.0,0,,RPQOMLSJMHJFFGH98CC
中壢區,房地(土地+建物),桃園縣中壢市致祥一街232巷9號4樓,32.28,住,,,1030324,土地1建物1車位0,四層,5,公寓(5樓含以下無電梯),住家用,鋼筋混凝土造,0841009,94.45,3,2,1,有,無,有,20000,212,,0.0,0,,RPQNMLSJMHJFFBH48DC
中壢區,房地(土地+建物),桃園縣中壢市百韜一街21號4樓之4,6.33,住,,,1030309,土地1建物1車位0,四層,6,華廈(10層含以下有電梯),住家用,鋼筋混凝土造,0840111,26.41,1,0,1,有,無,有,5600,212,,0.0,0,,RPWPMLSJMHJFFBH66DC
中壢區,房地(土地+建物)+車位,桃園縣中壢市仁德五街5號九樓,13.41,住,,,1030317,土地1建物1車位1,九層,9,華廈(10層含以下有電梯),見其他登記事項,鋼筋混凝土造,0880202,129.62,3,2,2,有,有,有,13000,100,坡道平面,0.0,0,,RPTQMLSJMHJFFBH09DC
中壢區,房地(土地+建物),桃園縣中壢市華忠新村28號,80.0,住,,,1030324,土地1建物1車位0,全,3,透天厝,住商用,鋼筋混凝土造,0691022,91.0,3,2,2,有,無,無,9000,99,,0.0,0,,RPVQMLSJMHJFFBH66DC
桃園區,土地,龍祥段387-1地號,84.75,其他,,,1030327,土地4建物0車位0,,,其他,,,,0.0,0,0,0,有,無,無,15000,177,,0.0,0,未辦保存登記,RPPOMLSJMHJFFAH48EC
八德區,房地(土地+建物),桃園縣八德市仁愛街8巷15號13樓,24.16,住,,,1030403,土地1建物1車位0,十三層,13,住宅大樓(11層含以上有電梯),國民住宅,鋼筋混凝土造,0881125,135.69,3,2,2,有,無,有,12500,92,,0.0,0,,RPQOMLSJMHJFFFH98DC
八德區,房地(土地+建物),桃園縣八德市仁愛街8巷15號4樓,24.16,住,,,1030404,土地1建物1車位0,四層,13,住宅大樓(11層含以上有電梯),國民住宅,鋼筋混凝土造,0881125,135.69,3,2,2,有,有,有,11100,82,,0.0,0,,RPROMLSJMHJFFFH09DC
中壢區,建物,桃園縣中壢市實踐路225號8樓之63,0.0,住,,,1030324,土地0建物1車位0,八層,10,套房(1房1廳1衛),住家用,鋼筋混凝土造,0930410,28.400000000000002,1,1,1,有,有,有,5000,176,,0.0,0,,RPVOMLSJMHJFFBH98CC
蘆竹區,建物,桃園縣蘆竹鄉三德街56之1號,1521.0,,工業區,丁種建築用地,1030319,土地0建物1車位0,見其他登記事項,2,工廠,見其他登記事項,見其他登記事項,0990423,1856.06,0,0,0,無,無,無,200000,,,0.0,0,,RPQPMLSJMHJFFEH88CC
桃園區,房地(土地+建物),桃園縣桃園市寶慶路320號6樓之2,2.49,住,,,1030407,土地1建物1車位0,六層,13,套房(1房1廳1衛),住家用,鋼筋混凝土造,0840714,26.14,1,0,1,有,有,有,6000,230,,0.0,0,,RPTTMLSJMHJFFAH56CC
桃園區,房地(土地+建物),桃園縣桃園市國強六街17號一樓,2427.0,住,,,1030403,土地1建物1車位0,一層,13,住宅大樓(11層含以上有電梯),商業用,鋼筋混凝土造,0880223,59.13,0,0,0,無,有,無,15000,254,,0.0,0,,RPSONLSJMHJFFAH68CC
桃園區,房地(土地+建物)+車位,桃園縣桃園市龍祥街50之2號7樓,22.52,住,,,1030401,土地1建物1車位1,七層,12,住宅大樓(11層含以上有電梯),住家用,鋼筋混凝土造,0830615,123.98,3,2,2,有,無,無,12500,101,坡道平面,38.75,0,,RPPOMLTJMHJFFAH38CC
桃園區,房地(土地+建物),桃園縣桃園市民生路666-11號3樓,34.0,住,,,1030310,土地1建物1車位0,三層,4,公寓(5樓含以下無電梯),住家用,鋼筋混凝土造,0660111,78.22,3,2,1,有,無,有,7500,96,,0.0,0,,RPUQMLTJMHJFFAH09CC
桃園區,房地(土地+建物),桃園縣桃園市寶慶路330號9樓,16.62,住,,,1030409,土地1建物1車位0,九層,13,住宅大樓(11層含以上有電梯),住家用,鋼筋混凝土造,0840714,138.67,4,2,2,有,無,有,12000,87,,0.0,0,,RPPSMLTJMHJFFAH78CC
平鎮區,房地(土地+建物),桃園縣平鎮市延平路二段430巷75號十三樓,23.5,住,,,1030322,土地1建物1車位0,十三層,14,住宅大樓(11層含以上有電梯),住家用,鋼筋混凝土造,0960130,115.74000000000001,3,2,2,有,有,有,16000,138,,0.0,0,,RPWSMLTJMHJFFGH57DC
中壢區,房地(土地+建物),桃園縣中壢市元化路27號,75.0,住,,,1030407,土地3建物1車位0,一層,3,店面(店鋪),住家用,加強磚造,,58.93,0,0,0,無,無,無,10000,170,,0.0,0,,RPRNMLTJMHJFFBH68DC
桃園區,房地(土地+建物),桃園縣桃園市桃鶯路380之3號11樓,6521.98,住,,,1030402,土地1建物1車位0,十一層,12,住宅大樓(11層含以上有電梯),住家用,鋼筋混凝土造,1001128,111.58,4,2,2,有,有,有,21000,188,,0.0,0,,RPRSMLTJMHJFFAH09DC
中壢區,房地(土地+建物)+車位,桃園縣中壢市南園二路２９６巷２１弄７０號１３樓,13.22,住,,,1020328,土地1建物1車位1,十三層,15,住宅大樓(11層含以上有電梯),見其他登記事項,鋼筋混凝土造,1020605,89.45,3,2,1,有,有,無,13000,145,坡道平面,33.71,0,,RPSOMLKKMHJFFBH08DC
平鎮區,房地(土地+建物)+車位,桃園縣平鎮市新富一街197號十五樓,12.84,住,,,1030404,土地1建物1車位0,十五層,15,住宅大樓(11層含以上有電梯),住家用,鋼筋混凝土造,1010920,140.12,3,1,2,有,有,有,16000,114,坡道平面,0.0,0,,RPQPMLKKMHJFFGH48DC
桃園區,建物,桃園縣桃園市桃三街５７之２號,0.0,住,,,1030325,土地0建物1車位0,三層,5,公寓(5樓含以下無電梯),住家用,鋼筋混凝土造,0691115,97.02,3,2,2,有,無,有,20000,206,,0.0,0,,RPPRNLKKMHJFFAH97CC
龍潭區,房地(土地+建物),桃園縣龍潭鄉龍門街6巷1弄7號,174.59,,一般農業區,甲種建築用地,1030311,土地1建物1車位0,全,2,透天厝,住家用,加強磚造,0691103,97.12,2,1,1,有,無,無,10000,103,,0.0,0,,RPQNMLKKMHJFFCH77CC
桃園區,房地(土地+建物),桃園縣桃園市永安路423巷10號一樓,30.8,住,,,1030401,土地1建物1車位0,一層,5,公寓(5樓含以下無電梯),住家用,鋼筋混凝土造,0700630,91.68,3,2,1,有,無,有,12000,131,,0.0,0,,RPPNMLLKMHJFFAH77EC
蘆竹區,房地(土地+建物),桃園縣蘆竹鄉中山路252號,101.69,住,,,1021110,土地1建物1車位0,全,4,透天厝,見其他登記事項,鋼筋混凝土造,1011225,229.03,0,0,0,無,無,有,35000,153,,0.0,0,,RPQNMLLKMHJFFEH28EC
蘆竹區,房地(土地+建物)+車位,桃園縣蘆竹鄉南山路一段33號5樓之2,5.81,住,,,1021116,土地1建物1車位1,五層,20,住宅大樓(11層含以上有電梯),住家用,鋼筋混凝土造,0840925,111.86,2,1,1,有,無,有,15000,134,坡道平面,35.83,0,,RPRNMLLKMHJFFEH38EC
大溪區,房地(土地+建物),桃園縣大溪鎮員林路二段294號,57.0,,鄉村區,乙種建築用地,1030406,土地1建物1車位0,見其他登記事項,2,店面(店鋪),住家用,加強磚造,0700213,106.64,3,2,2,有,無,無,18000,169,,0.0,0,,RPWNMLLKMHJFFCH58DC
大溪區,房地(土地+建物),桃園縣大溪鎮勝利街97巷16弄2號6樓,27.27,住,,,1030401,土地1建物2車位0,六層,7,華廈(10層含以下有電梯),住家用,鋼筋混凝土造,0840121,122.01,3,2,2,有,有,無,8000,66,,0.0,0,,RPXNMLLKMHJFFCH68DC
中壢區,房地(土地+建物),桃園縣中壢市成章二街４７０號,28.71,工,,,1030313,土地2建物2車位0,一層,9,華廈(10層含以下有電梯),住商用,鋼筋混凝土造,0930701,208.9,1,1,1,有,有,無,23000,110,,0.0,0,,RPUNMLLKMHJFFBH28DC
中壢區,房地(土地+建物),桃園縣中壢市復華街３０８號,25.86,住,,,1030313,土地1建物1車位0,一層,13,住宅大樓(11層含以上有電梯),見其他登記事項,鋼筋混凝土造,1000720,183.3,1,1,1,有,有,無,30000,164,,0.0,0,,RPVNMLLKMHJFFBH38DC
中壢區,房地(土地+建物),桃園縣中壢市自強一路５２號四樓,14.92,住,,,1030402,土地1建物1車位0,四層,10,華廈(10層含以下有電梯),住家用,鋼筋混凝土造,0930915,116.77,3,2,2,有,有,有,16000,137,,0.0,0,,RPWNMLLKMHJFFBH48DC
桃園區,房地(土地+建物),桃園縣桃園市龍壽街２２３之２號,209.51,住,,,1030312,土地3建物1車位0,全,4,透天厝,住家用,鋼筋混凝土造,0991228,296.37,5,3,4,有,無,有,23000,78,,0.0,0,,RPUNMLLKMHJFFAH18DC
龜山區,建物,桃園縣龜山鄉中興路35號8樓,6.62,住,,,1030401,土地0建物1車位0,八層,14,華廈(10層含以下有電梯),住家用,鋼筋混凝土造,0980924,53.13,2,1,1,有,無,有,13000,245,,0.0,0,,RPVOMLLKMHJFFAH38DC
中壢區,房地(土地+建物)+車位,桃園縣中壢市環北路348號12樓之5,12.62,住,,,1030411,土地1建物1車位1,十二層,22,住宅大樓(11層含以上有電梯),住家用,鋼筋混凝土造,0980629,133.46,3,2,2,有,有,有,37500,338,坡道平面,32.58,0,,RPSNMLNKMHJFFBH28DC
中壢區,房地(土地+建物)+車位,桃園縣中壢市環北路346號19樓之3,11.02,住,,,1030411,土地1建物1車位1,十九層,22,住宅大樓(11層含以上有電梯),住家用,鋼筋混凝土造,0980629,121.63,3,2,2,有,有,有,28000,276,坡道平面,32.58,0,,RPTNMLNKMHJFFBH38DC
桃園區,房地(土地+建物),桃園縣桃園市中埔六街70號13樓,12.61,住,,,1030321,土地1建物1車位0,十三層,14,住宅大樓(11層含以上有電梯),住家用,鋼筋混凝土造,0900803,119.03,3,2,2,有,有,有,20000,168,,0.0,0,,RPTNMLNKMHJFFAH18CC
桃園區,房地(土地+建物)+車位,桃園縣桃園市經國路203號2F,22.64,住,,,1030328,土地1建物1車位1,一層,14,住宅大樓(11層含以上有電梯),住家用,鋼筋混凝土造,0940127,192.63,4,2,2,有,有,有,25000,130,坡道平面,19.05,0,,RPPVMLOKMHJFFAH68CC
桃園區,房地(土地+建物)+車位,桃園縣桃園市中埔六街67號2樓,32.21,住,,,1030403,土地1建物1車位1,二層,12,住宅大樓(11層含以上有電梯),住家用,鋼筋混凝土造,0981110,175.2,4,2,2,有,有,有,31000,177,坡道平面,40.22,0,含管理費2950元，屋主實得租金28050元。,RPWNNLOKMHJFFAH68CC
桃園區,建物,桃園縣桃園市宏昌十二街591號1樓,0.0,住,,,1030414,土地0建物1車位0,一層,8,店面(店鋪),商業用,鋼筋混凝土造,0840902,98.33,1,1,1,有,有,無,17000,173,,0.0,0,,RPXQMLOKMHJFFAH09DC
楊梅區,房地(土地+建物)+車位,桃園縣楊梅市金溪路209巷18號8樓,13.0,住,,,1030408,土地1建物1車位0,八層,9,住宅大樓(11層含以上有電梯),住家用,鋼筋混凝土造,0960227,92.86,3,2,2,有,有,有,10000,108,坡道平面,19.69,0,,RPXNMLOKMHJFFDH09DC
中壢區,建物,桃園縣中壢市九和三街10號3樓之5,13.91,住,,,1030320,土地0建物1車位0,三層,15,住宅大樓(11層含以上有電梯),住家用,鋼筋混凝土造,0870804,110.54,3,2,2,有,有,無,12000,109,,0.0,0,,RPTOMLPKMHJFFBH68DC
龍潭區,房地(土地+建物),桃園縣龍潭鄉百年三街53巷77號,70.47,,鄉村區,乙種建築用地,1030410,土地2建物1車位0,全,4,透天厝,住家用,鋼筋混凝土造,0860626,251.32,4,2,2,有,有,有,14000,56,,0.0,0,租金內含1824元/管理費,RPVNMLPKMHJFFCH78CC
龍潭區,房地(土地+建物),桃園縣龍潭鄉百年三街53巷43號,70.47,,鄉村區,乙種建築用地,1030413,土地2建物1車位0,全,4,透天厝,住家用,鋼筋混凝土造,0860626,251.82,6,2,2,有,有,有,13500,54,,0.0,0,租金內含1824元/管理費,RPWNMLPKMHJFFCH88CC
蘆竹區,房地(土地+建物),桃園縣蘆竹鄉大竹路483-4號,81.06,住,,,1030411,土地1建物1車位0,全,5,透天厝,見其他登記事項,鋼筋混凝土造,0840925,242.14,4,3,5,有,有,無,40000,165,,0.0,0,,RPQNMLPKMHJFFEH48CC
蘆竹區,房地(土地+建物),桃園縣蘆竹鄉大興十二街2巷13號,108.03,住,,,1030414,土地1建物1車位0,全,4,透天厝,見其他登記事項,鋼筋混凝土造,0901204,189.77,5,3,3,有,無,無,25000,132,,0.0,0,,RPRNMLPKMHJFFEH58CC
桃園區,房地(土地+建物)+車位,桃園縣桃園市民有五街84號9樓,21.39,住,,,1030325,土地1建物1車位1,九層,12,住宅大樓(11層含以上有電梯),住家用,鋼筋混凝土造,0891128,150.13,3,2,2,有,有,有,20000,133,坡道平面,33.03,0,,RPQPMLQKMHJFFAH38CC
桃園區,房地(土地+建物)+車位,桃園縣桃園市天祥六街65巷16號4F,34.6,住,,,1030413,土地1建物1車位1,四層,10,華廈(10層含以下有電梯),住家用,鋼筋混凝土造,0940131,163.72,3,2,2,有,有,有,20000,122,坡道平面,0.0,0,,RPQPNLQKMHJFFAH48CC
桃園區,建物,桃園縣桃園市南平路290號,0.0,住,,,1030318,土地0建物1車位0,見其他登記事項,1,店面(店鋪),商業用,見其他登記事項,0930511,115.13,0,0,0,無,無,無,200000,1737,,0.0,0,,RPURNLQKMHJFFAH09CC
桃園區,房地(土地+建物),桃園縣桃園市中正路919號7樓之8,9.89,住,,,1030326,土地1建物1車位0,七層,23,住宅大樓(11層含以上有電梯),住家用,鋼筋混凝土造,0840225,108.55,3,2,2,有,無,有,12000,111,,0.0,0,,RPXOMLQKMHJFFAH09DC
中壢區,房地(土地+建物),桃園縣中壢市仁福三街86號,22.9,住,,,1030325,土地1建物1車位0,一層,12,店面(店鋪),住家用,鋼筋混凝土造,0830524,157.13,1,1,1,有,有,無,15000,95,,0.0,0,,RPQNMLQKMHJFFBH48EC
蘆竹區,房地(土地+建物),桃園縣蘆竹鄉南順六街36號6樓之8,16.07,住,,,1030412,土地1建物1車位0,六層,12,住宅大樓(11層含以上有電梯),住家用,鋼筋混凝土造,0900801,53.07,2,2,2,有,有,有,12000,226,,0.0,0,,RPUOMLRKMHJFFEH66DC
蘆竹區,土地,文中段1141地號,90.19,其他,,,1030417,土地2建物0車位0,,,其他,,,,0.0,0,0,0,有,無,有,25000,277,,0.0,0,含增建或未登記建物。,RPQOMLRKMHJFFEH78CC
中壢區,房地(土地+建物)+車位,桃園縣中壢市高鐵南路二段287號,70.98,商,,,1030326,土地1建物1車位2,一層,11,店面(店鋪),見其他登記事項,鋼筋混凝土造,1020620,359.73,0,0,0,無,有,無,63900,178,坡道平面,81.92,0,,RPSOMLRKMHJFFBH68CC
中壢區,建物,桃園縣中壢市實踐路68號,0.0,住,,,1030327,土地0建物2車位0,見其他登記事項,7,店面(店鋪),住家用,鋼筋混凝土造,0820601,267.21,0,0,0,無,有,無,230000,861,,0.0,0,,RPXNMLSKMHJFFBH56CC
龜山區,房地(土地+建物),桃園縣龜山鄉文化二路34巷51號53號,11.62,商,,,1030417,土地1建物1車位0,一層,12,住宅大樓(11層含以上有電梯),見其他登記事項,鋼筋混凝土造,0970316,128.53,0,0,0,無,有,有,28000,218,,0.0,0,,RPPWMLSKMHJFFAH56CC
八德區,建物,桃園縣八德市重慶街213巷24弄24號六樓,20.35,住,,,1030110,土地0建物1車位0,六層,7,華廈(10層含以下有電梯),住家用,鋼筋混凝土造,0820901,115.19,3,2,2,有,無,有,11000,95,,0.0,0,內含管理費1000元,RPUNMLSKMHJFFFH86EC
蘆竹區,建物,桃園縣蘆竹鄉南山路1段51號12樓,11.12,住,,,1030325,土地0建物1車位0,十二層,20,住宅大樓(11層含以上有電梯),住家用,鋼筋混凝土造,0840925,130.17,3,2,2,有,有,無,12000,92,,0.0,0,,RPPNMLTKMHJFFEH78CC
大園區,房地(土地+建物),桃園縣大園鄉大觀路590號,50.51,,一般農業區,甲種建築用地,1030415,土地1建物1車位0,一層,7,華廈(10層含以下有電梯),住家用,鋼筋混凝土造,0840211,97.47,0,0,0,無,有,無,20000,205,,0.0,0,,RPWOMLLLMHJFFEH88CC
龜山區,房地(土地+建物)+車位,桃園縣龜山鄉萬壽路二段582號4樓,22.06,其他,,,1030420,土地1建物1車位1,四層,11,住宅大樓(11層含以上有電梯),住家用,鋼筋混凝土造,0970923,129.23,3,2,2,有,無,無,17000,132,坡道平面,33.4,0,,RPPPMLLLMHJFFAH87CC
桃園區,房地(土地+建物),桃園縣桃園市龍壽街145巷47弄7-2號,36.0,住,,,1030417,土地1建物1車位0,三層,4,公寓(5樓含以下無電梯),住家用,鋼筋混凝土造,0690828,71.22,3,2,1,有,無,有,8000,112,,0.0,0,,RPSRMLLLMHJFFAH38CC
桃園區,建物,桃園縣桃園市南平路110巷30號3樓,18.0,住,,,1030404,土地0建物1車位0,三層,5,公寓(5樓含以下無電梯),住家用,鋼筋混凝土造,0701022,66.62,2,1,1,有,無,有,9500,143,,0.0,0,,RPTOMLLLMHJFFAH28DC
中壢區,房地(土地+建物),桃園縣中壢市六和路46號,13.55,住,,,1030415,土地1建物1車位0,一層,15,店面(店鋪),見其他登記事項,鋼筋混凝土造,0880917,53.28,0,0,0,無,無,無,40000,751,,0.0,0,,RPRRMLMLMHJFFBH58DC
蘆竹區,房地(土地+建物)+車位,桃園縣蘆竹鄉吉林路132巷32號13樓,14.89,商,,,1021218,土地1建物1車位0,十三層,14,住宅大樓(11層含以上有電梯),住家用,鋼筋混凝土造,0940325,114.30000000000001,2,2,2,有,無,有,17000,149,坡道平面,0.0,0,,RPRNMLMLMHJFFEH58EC
桃園區,房地(土地+建物),桃園縣桃園市莊敬路一段154號4樓,20.0,住,,,1030327,土地1建物1車位0,四層,12,住宅大樓(11層含以上有電梯),住家用,鋼筋混凝土造,0830302,131.35,3,2,2,有,有,無,13000,99,,0.0,0,,RPORMLMLMHJFFAH08CC
桃園區,房地(土地+建物),桃園縣桃園市同德二街77號,26.3,其他,,,1030401,土地1建物1車位0,一層,9,店面(店鋪),見其他登記事項,鋼筋混凝土造,0920109,42.76,1,0,0,無,無,無,16000,374,,0.0,0,,RPVRMLMLMHJFFAH78CC
桃園區,房地(土地+建物),桃園縣桃園市同德二街75號1樓,26.3,其他,,,1030315,土地1建物1車位0,,9,店面(店鋪),見其他登記事項,鋼筋混凝土造,0920109,65.52,0,0,0,無,有,無,27000,412,,0.0,0,,RPXRMLMLMHJFFAH98CC
桃園區,房地(土地+建物),桃園縣桃園市大有路532號15樓,11.23,其他,,,1030405,土地1建物1車位0,十五層,20,住宅大樓(11層含以上有電梯),住家用,鋼筋混凝土造,0840419,71.48,3,2,2,有,有,無,13000,182,,0.0,0,,RPWSMLMLMHJFFAH98CC
中壢區,建物,桃園縣中壢市環北路３５２號２樓之１２,0.0,住,,,1030416,土地0建物1車位0,二層,21,套房(1房1廳1衛),住家用,鋼筋混凝土造,0980629,42.23,1,1,1,有,有,有,10000,237,,0.0,0,,RPTQMLNLMHJFFBH68CC
中壢區,房地(土地+建物),桃園縣中壢市南園二路276號3樓,21.03,住,,,1030329,土地1建物1車位0,三層,14,住宅大樓(11層含以上有電梯),見其他登記事項,鋼筋混凝土造,1001109,143.67000000000002,3,2,2,有,有,有,21000,146,,0.0,0,,RPOQMLNLMHJFFBH28DC
中壢區,房地(土地+建物),桃園縣中壢市榮民南路396號一樓,117.25,住,,,1030326,土地1建物1車位0,全,2,透天厝,住家用,加強磚造,0700619,136.52,1,1,1,有,無,無,4500,33,,0.0,0,,RPVQMLNLMHJFFBH98DC
中壢區,房地(土地+建物),桃園縣中壢市榮民南路396號二樓,117.25,住,,,1030326,土地1建物1車位0,全,2,透天厝,住家用,加強磚造,0700619,136.52,2,1,1,有,無,無,9500,70,,0.0,0,,RPWQMLNLMHJFFBH09DC
桃園區,土地,同安段1277地號,554.0,住,,,1030328,土地1建物0車位0,,,其他,,,,0.0,0,0,0,有,無,無,230000,415,,0.0,0,,RPURMLNLMHJFFAH88DC
桃園區,建物,桃園縣桃園市大興路290巷29號七樓,17.28,其他,,,1030421,土地0建物1車位0,七層,15,住宅大樓(11層含以上有電梯),住家用,鋼筋混凝土造,1020925,150.42,2,1,1,有,有,有,18000,120,,0.0,0,,RPUSMLNLMHJFFAH98DC
桃園區,房地(土地+建物),桃園縣桃園市大興路290巷1號十三樓,16.16,住,,,1030416,土地1建物1車位0,十三層,14,住宅大樓(11層含以上有電梯),住家用,鋼筋混凝土造,1020925,115.71,2,2,1,有,有,有,15000,130,,0.0,0,,RPRTMLNLMHJFFAH78DC
桃園區,建物,桃園縣桃園市民富九街84之1號八樓,16.18,其他,,,1030403,土地0建物1車位0,八層,18,住宅大樓(11層含以上有電梯),住家用,鋼筋混凝土造,0811117,122.76,2,1,1,有,有,有,13000,106,,0.0,0,,RPTTMLNLMHJFFAH98DC
桃園區,房地(土地+建物)+車位,桃園縣桃園市莊敬路一段336號6樓之2,16.45,住,,,1030413,土地1建物1車位1,六層,14,住宅大樓(11層含以上有電梯),住家用,鋼筋混凝土造,0900223,126.68,3,2,2,有,有,有,17000,134,坡道平面,0.0,0,含管理費、車位等費用。,RPSTMLOLMHJFFAH98DC
桃園區,建物,桃園縣桃園市中埔六街１７號,3984.0,住,,,1030324,土地0建物1車位0,一層,12,住宅大樓(11層含以上有電梯),住商用,鋼筋混凝土造,0941125,295.44,0,0,0,無,無,有,30000,102,,0.0,0,,RPPNMLPLMHJFFAH18DC
八德區,建物,桃園縣八德市重慶街188巷39弄9號三樓,22.67,住,,,1030320,土地0建物1車位0,三層,6,華廈(10層含以下有電梯),住家用,鋼筋混凝土造,0830811,118.52,4,2,2,有,無,無,10000,84,,0.0,0,電梯保養費及清潔水塔費由承租方付費,RPQNMLPLMHJFFFH88EC
中壢區,房地(土地+建物),桃園縣中壢市致祥一街238巷13號2-2樓,52.41,住,,,1030410,土地1建物1車位0,全,3,透天厝,住家用,鋼筋混凝土造,0830914,70.84,1,1,1,有,無,無,7500,106,,0.0,0,,RPSQMLPLMHJFFBH78CC
桃園區,房地(土地+建物),桃園縣桃園市經國路405號6樓之2,278.9,住,,,1030412,土地1建物1車位0,六層,16,住宅大樓(11層含以上有電梯),住家用,鋼筋混凝土造,0831026,70.28,2,2,1,有,有,有,12000,171,,0.0,0,,RPRRMLPLMHJFFAH68CC
桃園區,房地(土地+建物),桃園縣桃園市中正路366號14樓之1,0.27,住,,,1030114,土地1建物1車位0,十四層,15,套房(1房1廳1衛),住家用,見其他登記事項,0840926,51.38,0,0,0,無,有,有,7350,143,,0.0,0,,RPSRMLPLMHJFFAH78CC
桃園區,房地(土地+建物),桃園縣桃園市民光東路188號6樓,14.07,住,,,1030403,土地1建物1車位0,六層,14,住宅大樓(11層含以上有電梯),住家用,鋼筋混凝土造,0920918,117.09,3,2,2,有,有,有,14000,120,,0.0,0,,RPTRMLPLMHJFFAH88CC
桃園區,房地(土地+建物),桃園縣桃園市民有六街18號1樓,13.89,其他,,,1030412,土地1建物1車位0,一層,17,套房(1房1廳1衛),見其他登記事項,鋼筋混凝土造,0850118,111.88000000000001,0,0,0,無,有,有,7000,63,,0.0,0,,RPVRMLPLMHJFFAH09CC
桃園區,房地(土地+建物)+車位,桃園縣桃園市中山路777之4號19，20樓,22.0,住,,,1030409,土地1建物1車位0,十九層,20,住宅大樓(11層含以上有電梯),住家用,鋼筋混凝土造,0881201,307.63,4,2,4,有,有,有,20000,65,坡道平面,0.0,0,,RPXRMLPLMHJFFAH66CC
,車位,桃園縣桃園市大有路520號5樓,0.0,,,,1030407,土地0建物0車位1,,,其他,,,,0.0,0,0,0,有,有,無,2000,,坡道平面,0.0,0,,RPOSMLPLMHJFFAH48CC
桃園區,房地(土地+建物),桃園縣桃園市博愛路168號,8.77,其他,,,1030423,土地1建物1車位0,一層,8,店面(店鋪),見其他登記事項,鋼筋混凝土造,0770504,55.07,0,0,0,無,無,無,18000,327,,0.0,0,,RPWSMLSLMHJFFAH96CC
中壢區,房地(土地+建物),桃園縣中壢市富貴新村1之2號三樓,25.33,住,,,1030427,土地1建物1車位0,三層,3,公寓(5樓含以下無電梯),住家用,加強磚造,0571127,75.66,3,2,1,有,無,無,5200,69,,0.0,0,,RPQPMLSLMHJFFBH78CC
平鎮區,房地(土地+建物),桃園縣平鎮市育達路85巷8弄27號,67.0,住,,,1030409,土地1建物1車位0,全,2,透天厝,住家用,加強磚造,0640116,69.12,1,0,1,有,無,有,4500,65,,0.0,0,,RPTOMLSLMHJFFGH96DC
桃園區,房地(土地+建物),桃園縣桃園市寶山街３８５號,28.44,商,,,1030415,土地1建物1車位0,一層,12,住宅大樓(11層含以上有電梯),見其他登記事項,鋼筋混凝土造,0970222,185.63,0,0,0,無,有,無,32000,172,,0.0,0,,RPTUMLSLMHJFFAH96DC
大園區,房地(土地+建物),桃園縣大園鄉竹圍村5鄰竹圍街45之51號五樓之2,29.67,,鄉村區,乙種建築用地,1030422,土地1建物1車位0,五層,5,華廈(10層含以下有電梯),住家用,鋼筋混凝土造,0831230,90.15,2,2,1,有,有,有,7000,78,,0.0,0,出租不含車位，原坪數為36.31坪120.04平方公尺，出租面積扣除車位坪數約9.04坪29.89平方公尺，實際出租約27.27坪90.15平方公尺,RPWOMLSLMHJFFEH07DC
大園區,房地(土地+建物),桃園縣大園鄉水源路865巷6號,932.0,,特定農業區,甲種建築用地,1030415,土地1建物1車位0,全,4,透天厝,見其他登記事項,鋼筋混凝土造,0881123,932.0,5,2,3,有,無,有,15000,16,,0.0,0,,RPVNMLTLMHJFFEH96DC
平鎮區,房地(土地+建物),桃園縣平鎮市育達路255巷7弄16號一樓,20.45,住,,,1030411,土地1建物1車位0,一層,6,華廈(10層含以下有電梯),住家用,鋼筋混凝土造,0830806,91.05,3,1,1,有,無,有,8500,93,,0.0,0,,RPTNMLTLMHJFFGH96DC
龜山區,房地(土地+建物),桃園縣龜山鄉文化二路34巷14弄11號7樓之2,5.76,商,,,1021203,土地1建物1車位0,七層,9,住宅大樓(11層含以上有電梯),見其他登記事項,鋼筋混凝土造,0871231,71.47,1,0,1,有,無,有,7000,98,,0.0,0,,RPPNMLTLMHJFFAH68EC
蘆竹區,建物,桃園縣蘆竹鄉南山路1段73號4樓之1,7.08,住,,,1030407,土地0建物1車位0,五層,20,住宅大樓(11層含以上有電梯),住家用,鋼筋混凝土造,0840811,77.83,2,1,1,有,無,無,8000,103,,0.0,0,,RPWOMLTLMHJFFEH07CC
蘆竹區,建物,桃園縣蘆竹鄉南山路1段73號4樓之1,7.08,住,,,1030407,土地0建物1車位0,五層,20,住宅大樓(11層含以上有電梯),住家用,鋼筋混凝土造,0840811,77.83,2,1,1,有,有,無,8000,103,,0.0,0,,RPXOMLTLMHJFFEH17CC
蘆竹區,建物,桃園縣蘆竹鄉南崁路1段202號12樓之1,31.47,工,,,1030401,土地0建物1車位0,十二層,12,其他,見其他登記事項,鋼筋混凝土造,0990610,260.08,4,1,3,有,有,無,27000,104,,0.0,0,,RPWPMLTLMHJFFEH17CC
蘆竹區,建物,桃園縣蘆竹鄉南山路1段71號13樓之3,3.3,住,,,1030404,土地0建物1車位0,十三層,20,套房(1房1廳1衛),住家用,鋼筋混凝土造,0840811,35.86,1,0,1,有,有,有,5500,153,,0.0,0,,RPOQMLTLMHJFFEH09CC
蘆竹區,房地(土地+建物),桃園縣蘆竹鄉南竹路五段210巷57號九樓,1665.83,住,,,1030408,土地1建物1車位0,九層,10,住宅大樓(11層含以上有電梯),住家用,鋼筋混凝土造,1020827,77.64,1,1,1,有,無,有,15000,193,,0.0,0,,RPUPMLKMMHJFFEH78CC
蘆竹區,房地(土地+建物),桃園縣蘆竹鄉大竹路400號,4301.0,商,,,1030418,土地1建物1車位0,一層,4,店面(店鋪),住商用,鋼筋混凝土造,0850522,231.01,0,1,1,有,無,有,25000,108,,0.0,0,,RPVPMLKMMHJFFEH88CC
龍潭區,房地(土地+建物)+車位,桃園縣龍潭鄉百年二街45-1號9F,35.26,,鄉村區,乙種建築用地,1030422,土地2建物1車位1,九層,15,住宅大樓(11層含以上有電梯),住家用,鋼筋混凝土造,0860626,117.53,3,2,2,有,有,有,13000,111,坡道平面,36.44,0,租金內含1367元/管理費,RPTNMLKMMHJFFCH28CC
龍潭區,房地(土地+建物)+車位,桃園縣龍潭鄉百年二街29號17F-5,40.59,,鄉村區,乙種建築用地,1030429,土地2建物1車位1,十七層,18,住宅大樓(11層含以上有電梯),住家用,鋼筋混凝土造,0860626,135.42000000000002,4,2,2,有,有,有,14000,103,坡道平面,36.44,0,租金內含1567元/管理費,RPVNMLKMMHJFFCH48CC
桃園區,建物,桃園縣桃園市中央街29號5樓,21.68,住,,,1030430,土地0建物1車位0,六層,5,華廈(10層含以下有電梯),住家用,鋼筋混凝土造,0831128,94.73,4,2,2,有,無,無,12000,127,,0.0,0,,RPORMLKMMHJFFAH97CC
桃園區,房地(土地+建物),桃園縣桃園市玉山街292巷4弄8號,141.35,其他,,,1030423,土地1建物1車位0,一層,1,廠辦,住家用,加強磚造,0630717,78.72,0,0,1,有,無,無,12000,152,,0.0,0,,RPSRMLKMMHJFFAH48DC
