﻿編號,土地位置,土地移轉面積(平方公尺),使用分區或編定,權利人持分分母,權利人持分分子,移轉情形,地號
The serial number, land position,land shifting area square meter,the use zoning or compiles and checks,,,,land parcel
RPVNMLQJKHJFFAI28CA,短竹段,91.00,都市：其他:,1,1,全筆移轉,00880000
RPVNMLQJKHJFFAI28CA,短竹段,18.20,都市：其他:,2180,182,持分移轉,00880006
RPUNMLQJKHJFFAI18CA,西門段五小段,117.00,都市：住,1,1,全筆移轉,00740002
RPQNMLOKKHJFFAI67CA,西門段四小段,6.00,都市：商,1,1,全筆移轉,00180001
RPQNMLOKKHJFFAI67CA,西門段四小段,38.00,都市：商,1,1,全筆移轉,00200001
RPQNMLOKKHJFFAI67CA,西門段四小段,64.00,都市：商,1,1,全筆移轉,00200003
RPUNMLSJKHJFFAI38CA,中庄段,.69,都市：其他:,120,1,持分移轉,10410000
RPUNMLSJKHJFFAI38CA,中庄段,2.39,都市：其他:,120,1,持分移轉,10420000
RPUNMLSJKHJFFAI38CA,中庄段,2.48,都市：住,120,1,持分移轉,10450000
RPUNMLSJKHJFFAI38CA,中庄段,28.80,都市：住,10,1,持分移轉,10520000
RPUNMLSJKHJFFAI38CA,中庄段,4.90,都市：住,120,1,持分移轉,10540000
RPQOMLLKKHJFFAI47CA,興村段,25.05,都市：住,10000,500,持分移轉,01500000
RPWNMLLKKHJFFAI18EA,劉厝段劉厝小段,30.90,都市：商,10000,81,持分移轉,03120001
RPSNMLMKKHJFFAI67CA,後庄段,30.86,都市：住,7,1,持分移轉,09800000
RPSNMLLLKHJFFAI67CA,下路頭段,57.00,都市：住,1,1,全筆移轉,05700075
RPTOMLLLKHJFFAI87CA,北社尾段,12.36,都市：住,10000,69,持分移轉,04880000
RPTNMLLLKHJFFAI77CA,下路頭段,19.93,都市：住,10000,207,持分移轉,04280004
RPPNMLKKKHJFFAI17CA,劉厝段,251.00,都市：住,1,1,全筆移轉,00140028
RPVNMLLKKHJFFAI08EA,同興段,22.00,都市：住,154,22,持分移轉,15310003
RPOOMLMKKHJFFAI37CA,車店段車店小段,8.87,都市：住,30000,351,持分移轉,01580001
RPRNMLKLKHJFFAI57DA,東門段五小段,88.00,都市：住,1,1,全筆移轉,00130018
RPRNMLKLKHJFFAI57DA,東門段五小段,17.67,都市：住,9,1,持分移轉,00130013
RPRNMLLKKHJFFAI47CA,興村段,28.20,都市：住,17750,282,持分移轉,01490001
RPQNMLLKKHJFFAI57EA,車店段車店小段,72.00,都市：住,1,1,全筆移轉,07220004
RPPNMLLKKHJFFAI47EA,同興段,20.50,都市：住,10000,15,持分移轉,14350000
RPQNMLLKKHJFFAI57EA,車店段車店小段,6.00,都市：住,1,1,全筆移轉,07230001
RPRNMLRLKHJFFAI18CA,竹圍子段三小段,96.00,都市：住,1,1,全筆移轉,01130002
RPOOMLPLKHJFFAI77CA,太平段,15.28,都市：住,10000,19,持分移轉,00210000
RPXNMLPLKHJFFAI58CA,車店段車店小段,32.22,都市：住,100000,714,持分移轉,01220000
RPQOMLNKKHJFFAI67CA,同興段,161.00,都市：農,1,1,全筆移轉,01780000
RPQOMLNKKHJFFAI67CA,同興段,2362.00,都市：工,1,1,全筆移轉,01790000
RPRNMLPKKHJFFAI87CA,埤子頭段,3.00,都市：住,1,1,全筆移轉,04100002
RPRNMLPKKHJFFAI87CA,埤子頭段,70.00,都市：住,1,1,全筆移轉,04100090
RPPOMLLKKHJFFAI37CA,興村段,33.36,都市：住,7000,100,持分移轉,01720000
RPUNMLMKKHJFFAI87CA,湖內段,13.45,都市：住,10000,106,持分移轉,03160000
RPPNMLSLKHJFFAI08CA,竹圍子段中興小段,12.25,都市：住,10000,93,持分移轉,00350000
RPSNMLSLKHJFFAI38CA,車店段,25.33,都市：住,100000,889,持分移轉,00860013
RPSNMLSLKHJFFAI38CA,白川段,4.27,都市：住,100000,889,持分移轉,00800005
RPTNMLMKKHJFFAI77CA,短竹段,12.98,都市：其他:空白,50000,109,持分移轉,09120071
RPXNMLMKKHJFFAI18CA,下路頭段,88.00,都市：住,1,1,全筆移轉,01960014
RPXNMLNKKHJFFAI28CA,台斗坑段,39.00,都市：其他:,1,1,全筆移轉,01340022
RPOOMLNKKHJFFAI47CA,下路頭段,9.24,都市：住,10000,17,持分移轉,00970000
RPSNMLOKKHJFFAI87CA,溪東段,1680.14,都市：農,1,1,全筆移轉,01590000
RPWNMLPLKHJFFAI48CA,車店段車店小段,203.00,都市：住,1,1,全筆移轉,00830001
RPQNMLNLKHJFFAI67CA,新厝段,30.30,都市：住,10000,190,持分移轉,01000000
RPQNMLNLKHJFFAI67CA,新厝段,.02,都市：住,10000,190,持分移轉,01000001
RPQNMLMLKHJFFAI57CA,下路頭段,29.06,都市：住,8872,115,持分移轉,07460048
RPUNMLLJLHJFFAI77CA,竹圍子段一小段,67.00,都市：住,1,1,全筆移轉,01480000
RPSNMLLJLHJFFAI57CA,西門段四小段,6.29,都市：住,30000,189,持分移轉,00800000
RPRNMLNLKHJFFAI77CA,下路頭段,100.00,都市：住,1,1,全筆移轉,01890055
RPTNMLNLKHJFFAI97CA,中山段五小段,6.98,都市：住,1000,93,持分移轉,00100000
RPTNMLNLKHJFFAI97CA,山下段,21.95,都市：住,1000,93,持分移轉,00430004
RPRNMLMKKHJFFAI77EA,車店段車店小段,59.00,都市：住,1,1,全筆移轉,07070000
RPUNMLNJLHJFFAI97CA,大溪段,370.24,都市：住,20,1,持分移轉,08500000
RPUNMLNJLHJFFAI97CA,大溪段,14.90,都市：農,20,1,持分移轉,08620000
RPWNMLMKKHJFFAI28EA,民族段五小段,39.00,都市：住,1,1,全筆移轉,00560009
RPQNMLSKKHJFFAI28EA,太平段,18.50,都市：住,10000,23,持分移轉,00210000
RPOOMLRLKHJFFAI97CA,下路頭段,12.80,都市：住,45,4,持分移轉,01400002
RPOOMLRLKHJFFAI97CA,下路頭段,58.00,都市：住,1,1,全筆移轉,01400088
RPOOMLRLKHJFFAI97CA,下路頭段,14.76,都市：住,45,4,持分移轉,01400094
RPPNMLRLKHJFFAI97CA,南門段四小段,121.00,都市：商,1,1,全筆移轉,00100003
RPPNMLRLKHJFFAI97CA,南門段四小段,48.00,都市：商,1,1,全筆移轉,00110001
RPPNMLRLKHJFFAI97CA,南門段四小段,123.00,都市：商,1,1,全筆移轉,00130012
RPQNMLLJLHJFFAI37CA,中山段五小段,26.88,都市：住,1000,93,持分移轉,00100003
RPRNMLMLKHJFFAI67CA,車店段,61.00,都市：住,1,1,全筆移轉,04740067
RPQOMLSKKHJFFAI18CA,仁義段,13.55,都市：住,10000,176,持分移轉,00320000
RPPOMLMKKHJFFAI47CA,遠東段,15.86,都市：住,10000,17,持分移轉,00680007
RPVNMLSKKHJFFAI58CA,興村段,17.01,都市：住,10000,517,持分移轉,01950000
RPTNMLSKKHJFFAI38CA,車店段車店小段,97.00,都市：住,1,1,全筆移轉,03090001
RPQOMLRLKHJFFAI38EA,西門段八小段,244.56,都市：商,16,7,持分移轉,00110000
RPTNMLLJLHJFFAI67CA,竹村段,110.89,都市：住,1,1,全筆移轉,04930000
RPSNMLQJLHJFFAI28EA,檜段七小段,17.00,都市：商,1,1,全筆移轉,00080000
RPSNMLQJLHJFFAI28EA,榮段一小段,21.00,都市：商,1,1,全筆移轉,00040001
RPRNMLQJLHJFFAI18EA,榮段一小段,20.00,都市：商,1,1,全筆移轉,00040005
RPRNMLQJLHJFFAI18EA,榮段一小段,56.00,都市：商,1,1,全筆移轉,00050000
RPRNMLQJLHJFFAI18EA,檜段七小段,17.00,都市：商,1,1,全筆移轉,00080000
RPQNMLKKLHJFFAI37CA,劉厝段劉厝小段,5.22,都市：住,10000,54,持分移轉,03160002
RPPNMLKKLHJFFAI27CA,下路頭段,1.33,都市：住,10000,8,持分移轉,07670000
RPRNMLLJLHJFFAI47CA,下路頭段,32.78,都市：住,10000,107,持分移轉,00100230
RPRNMLSLKHJFFAI28CA,港子坪段港坪小段,15.92,都市：住,10000,160,持分移轉,01050000
RPRNMLSLKHJFFAI28CA,港子坪段港坪小段,4.48,都市：住,10000,160,持分移轉,01060000
RPVNMLNLKHJFFAI18CA,同興段,15.03,都市：住,10000,11,持分移轉,14350000
RPUNMLNLKHJFFAI08CA,劉厝段劉厝小段,11.69,都市：住,10000,121,持分移轉,03160002
RPOOMLSKKHJFFAI18EA,同興段,86.00,都市：住,1,1,全筆移轉,03820046
RPUNMLSKKHJFFAI48CA,竹圍子段,8.00,都市：住,1,1,全筆移轉,01150023
RPUNMLSKKHJFFAI48CA,竹圍子段,31.00,都市：住,1,1,全筆移轉,01250087
RPUNMLSKKHJFFAI48CA,竹圍子段,18.00,都市：住,1,1,全筆移轉,01260003
RPSNMLNLKHJFFAI87CA,新厝段,1060.00,都市：農,1,1,全筆移轉,09610001
RPRNMLOLKHJFFAI87CA,何庄段,33.06,都市：住,160000,9269,持分移轉,08670000
RPRNMLTKKHJFFAI28CA,車店段車店小段,12.25,都市：住,10000,245,持分移轉,07170000
RPTNMLTKKHJFFAI48CA,興村段,21.28,都市：住,1000,33,持分移轉,01300001
RPTNMLRKKHJFFAI28CA,玉川段,71.00,都市：商,1,1,全筆移轉,01060011
RPROMLRKKHJFFAI18CA,長竹段,100.00,都市：住,1,1,全筆移轉,01800009
RPOOMLRKKHJFFAI08EA,下路頭段,52.00,都市：住,1,1,全筆移轉,08360055
RPXNMLRKKHJFFAI68CA,軍輝段,4.84,都市：住,10000,36,持分移轉,07610000
RPUOMLRJLHJFFAI68EA,竹圍子段,36.00,都市：住,1,1,全筆移轉,02090028
RPUOMLRJLHJFFAI68EA,竹圍子段,66.00,都市：住,1,1,全筆移轉,02130051
RPPOMLRKKHJFFAI18EA,短竹段,261.90,都市：農,40,9,持分移轉,11860000
RPVOMLKKLHJFFAI97CA,元段五小段,36.60,都市：住,90000,5076,持分移轉,00050000
RPUOMLKKLHJFFAI87CA,興村段,9.40,都市：住,17750,94,持分移轉,01490001
RPUNMLLLKHJFFAI08EA,港子坪段港坪小段,11.59,都市：住,10000,60,持分移轉,00950000
RPQOMLRKKHJFFAI28EA,台斗坑段,24.16,都市：住,10000,63,持分移轉,04540002
RPQOMLRKKHJFFAI28EA,台斗坑段,.01,都市：住,10000,63,持分移轉,04540023
RPPNMLSKKHJFFAI18EA,東門段七小段,8.29,都市：商,10000,65,持分移轉,00590000
RPUNMLTKKHJFFAI78EA,中庄段,22.20,都市：住,6690,223,持分移轉,02040000
RPTNMLOLKHJFFAI28EA,劉厝段玉山小段,84.87,都市：住,1,1,全筆移轉,02670004
RPTNMLOLKHJFFAI28EA,劉厝段玉山小段,34.95,都市：住,10000,2000,持分移轉,02670007
RPPOMLOLKHJFFAI97EA,北社尾段,9.19,都市：住,10000,20,持分移轉,07120001
RPSNMLSKKHJFFAI28CA,劉厝段玉山小段,83.98,都市：住,1,1,全筆移轉,02280009
RPSNMLTKKHJFFAI38CA,短竹段,14.64,都市：住,50000,123,持分移轉,09120071
RPPOMLSKKHJFFAI08CA,新富段二小段,18.44,都市：商,100000,6906,持分移轉,00450001
RPPNMLQJLHJFFAI77CA,盧厝段,96.00,都市：住,1,1,全筆移轉,02610082
RPTNMLMLKHJFFAI87CA,東川段,71.00,都市：其他:,1,1,全筆移轉,02610000
RPTNMLMLKHJFFAI87CA,東川段,275.00,都市：住,1,1,全筆移轉,02620001
RPQOMLQJLHJFFAI08DA,竹圍子段一小段,17.40,都市：住,10000,96,持分移轉,01380000
RPSOMLMKLHJFFAI08EA,西門段四小段,2.88,都市：商,60000,856,持分移轉,00750010
RPSOMLMKLHJFFAI08EA,西門段四小段,3.89,都市：商,60000,856,持分移轉,00750011
RPSOMLMKLHJFFAI08EA,西門段四小段,1.43,都市：商,60000,856,持分移轉,00750014
RPWNMLLKMHJFFAI38EA,車店段車店小段,6.06,都市：住,1000,15,持分移轉,09120005
RPUNMLNKLHJFFAI08CA,北湖段,199.00,都市：住,1,1,全筆移轉,03800000
RPUNMLNKLHJFFAI08CA,北湖段,68.00,都市：住,1,1,全筆移轉,03810000
RPVNMLNKLHJFFAI18CA,北湖段,675.00,都市：住,1,1,全筆移轉,03800001
RPVNMLNKLHJFFAI18CA,北湖段,194.00,都市：住,1,1,全筆移轉,03800002
RPOOMLNKLHJFFAI57CA,西門段八小段,24.67,都市：商,10000,244,持分移轉,00230000
RPXNMLNKLHJFFAI38CA,竹圍子段,11.49,都市：住,50000,590,持分移轉,02070039
RPXNMLNKLHJFFAI38CA,竹圍子段,8.04,都市：住,10000,56,持分移轉,02090000
RPWNMLNLKHJFFAI28CA,新富段二小段,16.46,都市：住,10000,216,持分移轉,00160000
RPOOMLQJLHJFFAI87DA,竹圍子段一小段,9.81,都市：住,10000,86,持分移轉,00030000
RPPNMLLLKHJFFAI37CA,車店段,80.00,都市：住,1,1,全筆移轉,03780002
RPSOMLPLKHJFFAI18CA,盧厝段,110.00,都市：住,1,1,全筆移轉,02580120
RPSOMLPLKHJFFAI18CA,盧厝段,3.00,都市：住,1,1,全筆移轉,02580126
RPPNMLMLKHJFFAI47CA,台斗坑段,26.48,都市：住,10000,264,持分移轉,03220002
RPPOMLLLKHJFFAI47CA,湖子內段湖內小段,95.22,都市：住,10000,435,持分移轉,01450000
RPQNMLSLKHJFFAI18CA,北社尾段保安小段,16.62,都市：住,10000,158,持分移轉,06030000
RPTNMLQJLHJFFAI18CA,劉厝段,20.43,都市：住,120700,2043,持分移轉,00190043
RPTNMLQJLHJFFAI18CA,劉厝段,90.00,都市：住,1,1,全筆移轉,00190106
RPTNMLQJLHJFFAI18CA,劉厝段,4.00,都市：住,1,1,全筆移轉,00190138
RPQNMLQJLHJFFAI87CA,埤子頭段,26.85,都市：住,10000,90,持分移轉,01980000
RPTOMLPLKHJFFAI28CA,竹圍子段三小段,22.64,都市：住,10000,323,持分移轉,00700000
RPRNMLRLKHJFFAI38EA,劉厝段,85.00,都市：住,1,1,全筆移轉,00170030
RPPOMLQJLHJFFAI97DA,北社尾段保安小段,9.96,都市：住,1000,123,持分移轉,02180002
RPPOMLQJLHJFFAI97DA,北社尾段保安小段,.30,都市：住,3000,100,持分移轉,02180000
RPPOMLQJLHJFFAI97DA,北社尾段保安小段,4.50,都市：住,3000,180,持分移轉,02180010
RPPOMLQJLHJFFAI97DA,北社尾段保安小段,3.36,都市：住,3000,180,持分移轉,02180011
RPPOMLQJLHJFFAI97DA,北社尾段保安小段,.13,都市：住,3000,100,持分移轉,02180012
RPPOMLQJLHJFFAI97DA,北社尾段保安小段,7.50,都市：住,3000,180,持分移轉,02180015
RPPOMLQJLHJFFAI97DA,北社尾段保安小段,.27,都市：住,3000,100,持分移轉,02180016
RPPNMLMKLHJFFAI67EA,埤子頭段,7.00,都市：住,1,1,全筆移轉,01970201
RPWNMLLJLHJFFAI97CA,西門段六小段,114.00,都市：商,1,1,全筆移轉,00140010
SPWNMLLJLHJFFAI08CA,西門段六小段,14.00,都市：商,1,1,全筆移轉,00050000
SPWNMLLJLHJFFAI08CA,西門段六小段,47.00,都市：商,1,1,全筆移轉,00130003
RPRNMLLLKHJFFAI57CA,劉厝段玉山小段,105.41,都市：住,1,1,全筆移轉,01250015
RPRNMLQLKHJFFAI08CA,竹圍子段,18.00,都市：住,1,1,全筆移轉,02040020
RPTOMLQLKHJFFAI38CA,下路頭段,92.00,都市：住,1,1,全筆移轉,05860054
RPROMLPLKHJFFAI08CA,東門段四小段,14.00,都市：住,1,1,全筆移轉,00180004
RPROMLPLKHJFFAI08CA,東門段四小段,78.00,都市：住,1,1,全筆移轉,00180011
RPQOMLQLKHJFFAI08CA,頂庄段,90.00,都市：住,1,1,全筆移轉,05570011
RPQOMLQLKHJFFAI08CA,頂庄段,42.50,都市：住,4,1,持分移轉,05570014
RPPNMLNLKHJFFAI57CA,台斗坑段,12.58,都市：住,10000,22,持分移轉,03240003
RPUNMLOLKHJFFAI18CA,長竹段,30.51,都市：住,10000,99,持分移轉,01520000
RPWNMLNKLHJFFAI28CA,湖內段,32.34,都市：住,100000,880,持分移轉,02360000
RPXNMLOLKHJFFAI48CA,榮段二小段,9.30,都市：住,2420,93,持分移轉,00610001
RPRNMLPLKHJFFAI97CA,竹圍子段,8.20,都市：其他:,10000,47,持分移轉,01320036
RPXNMLNLKHJFFAI38CA,北社尾段保安小段,14.62,都市：住,10000,139,持分移轉,06030000
RPPNMLOLKHJFFAI67CA,元段六小段,68.00,都市：商,1,1,全筆移轉,01340000
RPVNMLPLKHJFFAI38CA,堀川段,20.20,都市：住,10000,111,持分移轉,00040239
RPPOMLPLKHJFFAI87CA,下路頭段,69.00,都市：住,1,1,全筆移轉,02960103
RPQOMLPLKHJFFAI97CA,竹圍子段二小段,13.72,都市：住,10000,84,持分移轉,02530000
RPQOMLLLKHJFFAI57CA,港子坪段港坪小段,360.00,都市：住,1,1,全筆移轉,01900000
RPWPMLRKLHJFFAI88CA,車店段,80.00,都市：住,1,1,全筆移轉,04010036
RPVPMLRKLHJFFAI78CA,車店段,78.00,都市：住,1,1,全筆移轉,04010037
RPOOMLLLKHJFFAI37CA,下路頭段,223.00,都市：住,1,1,全筆移轉,02970003
RPOPMLRKLHJFFAI08CA,車店段車店小段,18.88,都市：住,8,1,持分移轉,01490019
RPOPMLRKLHJFFAI08CA,車店段車店小段,62.00,都市：住,1,1,全筆移轉,01490022
RPSPMLRKLHJFFAI48CA,西門段六小段,4.94,都市：住,10000,114,持分移轉,00160000
RPSPMLRKLHJFFAI48CA,西門段六小段,1.54,都市：住,10000,114,持分移轉,00160006
RPQNMLPLKHJFFAI08EA,竹圍子段,96.00,都市：住,1,1,全筆移轉,03570054
RPPNMLMJLHJFFAI37CA,盧厝段,396.00,都市：住,1,1,全筆移轉,03440060
RPPNMLMJLHJFFAI37CA,盧厝段,392.00,都市：住,1,1,全筆移轉,03440061
RPTNMLNKLHJFFAI18EA,陳厝段,42.14,都市：住,203,42,持分移轉,01650000
RPTNMLNKLHJFFAI18EA,陳厝段,95.06,都市：住,1,1,全筆移轉,01650005
RPQNMLNJLHJFFAI67DA,盧厝段,84.00,都市：住,1,1,全筆移轉,03450053
RPVNMLLLKHJFFAI18EA,下路頭段,49.00,都市：住,1,1,全筆移轉,00930027
RPSNMLOJLHJFFAI97DA,元段二小段,3.55,都市：住,10000,215,持分移轉,01270000
RPSNMLOJLHJFFAI97DA,元段二小段,3.83,都市：住,10000,215,持分移轉,00850001
RPSNMLOJLHJFFAI97DA,元段二小段,1.87,都市：住,1000000,13992,持分移轉,01170001
RPSNMLOJLHJFFAI97DA,元段二小段,1.01,都市：住,1000000,13992,持分移轉,01170000
RPQOMLOLKHJFFAI08EA,興村段,198.00,都市：住,1,1,全筆移轉,02420000
RPQOMLOLKHJFFAI08EA,興村段,197.00,都市：住,1,1,全筆移轉,02420001
RPVNMLQLKHJFFAI68EA,短竹段,.58,都市：其他:,12,1,持分移轉,02100007
RPVNMLQLKHJFFAI68EA,短竹段,82.00,都市：其他:,1,1,全筆移轉,02120002
RPVNMLQLKHJFFAI68EA,短竹段,23.74,都市：其他:,10000,395,持分移轉,02120015
RPWNMLQLKHJFFAI78EA,車店段車店小段,108.00,都市：住,1,1,全筆移轉,10830006
RPVNMLLJLHJFFAI87CA,下路頭段,255.00,都市：住,1,1,全筆移轉,04220003
RPOOMLRJLHJFFAI87CA,車店段車店小段,15.16,都市：住,1000,19,持分移轉,07120000
RPVOMLRJLHJFFAI58CA,竹圍子段一小段,9.67,都市：住,100000,730,持分移轉,00260000
RPTNMLRLKHJFFAI38CA,遠東段,5.60,都市：住,10000,6,持分移轉,00680007
RPUNMLRLKHJFFAI48CA,遠東段,13.06,都市：住,10000,14,持分移轉,00680007
RPROMLQJLHJFFAI08CA,車店段車店小段,100.00,都市：住,1,1,全筆移轉,06030003
RPSNMLNKLHJFFAI87CA,車店段車店小段,5.18,都市：其他:空白,10000,167,持分移轉,02300000
RPSNMLNKLHJFFAI87CA,車店段車店小段,5.01,都市：其他:空白,10000,167,持分移轉,02300001
RPOOMLMKLHJFFAI47CA,盧東段,19.84,都市：住,100000,3335,持分移轉,04360000
RPOOMLMKLHJFFAI47CA,盧東段,30.13,都市：住,1,1,全筆移轉,04360029
RPOOMLMKLHJFFAI47CA,盧東段,169.03,都市：住,1,1,全筆移轉,04360032
RPOOMLMKLHJFFAI47CA,盧東段,31.39,都市：住,1,1,全筆移轉,04360042
RPOOMLMKLHJFFAI47CA,盧東段,.07,都市：農,72,1,持分移轉,04700004
RPPNMLQLKHJFFAI87CA,埤子頭段新厝小段,72.00,都市：住,1,1,全筆移轉,00290002
RPVNMLRLKHJFFAI58CA,車店段車店小段,8.72,都市：住,10000,115,持分移轉,01580001
RPSNMLPLKHJFFAI08CA,下路頭段,86.00,都市：住,1,1,全筆移轉,03250007
RPPNMLPLKHJFFAI77CA,北園段,94.00,都市：住,1,1,全筆移轉,14830011
RPROMLKKLHJFFAI57CA,車店段車店小段,33.16,都市：住,368400,3316,持分移轉,08140000
RPRPMLRKLHJFFAI38CA,竹圍子段三小段,17.34,都市：住,10000,85,持分移轉,00980000
RPVOMLQLKHJFFAI58CA,盧厝段,295.00,都市：農,1,1,全筆移轉,02000005
RPTNMLPJLHJFFAI08CA,盧厝段,76.00,都市：住,1,1,全筆移轉,06480025
RPSNMLPJLHJFFAI97CA,下路頭段,43.00,都市：住,1,1,全筆移轉,00710022
RPUNMLPJLHJFFAI18CA,劉厝段玉山小段,100.20,都市：住,1,1,全筆移轉,03650011
RPVNMLPJLHJFFAI28CA,埤子頭段,559.00,都市：住,1,1,全筆移轉,02370004
RPWNMLPJLHJFFAI38CA,短竹段,13.33,都市：住,50000,112,持分移轉,09120071
RPVNMLNJLHJFFAI08CA,大溪段,431.94,都市：住,840,49,持分移轉,08500000
RPVNMLNJLHJFFAI08CA,大溪段,17.38,都市：農,840,49,持分移轉,08620000
RPROMLOLKHJFFAI18EA,新富段四小段,7.64,都市：商,10000,14,持分移轉,00080000
RPTNMLOJLHJFFAI08DA,溪東段,84.12,都市：住,1,1,全筆移轉,01690004
RPQNMLPKLHJFFAI87CA,短竹段,29.29,都市：住,50000,246,持分移轉,09120071
RPQNMLQLKHJFFAI18EA,後庄段,76.00,都市：商,1,1,全筆移轉,07150000
RPPNMLPJLHJFFAI67CA,下埤段,1002.26,都市：農,1,1,全筆移轉,03050000
RPXNMLPJLHJFFAI48CA,短竹段,6.07,都市：住,50000,51,持分移轉,09120071
RPUOMLQLKHJFFAI48CA,堀川段,11.50,都市：住,2,1,持分移轉,00040100
RPUOMLQLKHJFFAI48CA,堀川段,11.50,都市：住,2,1,持分移轉,00040100
RPUOMLQLKHJFFAI48CA,堀川段,18.00,都市：住,2,1,持分移轉,00040109
RPUOMLQLKHJFFAI48CA,堀川段,18.00,都市：住,2,1,持分移轉,00040109
RPSNMLRLKHJFFAI28CA,竹圍子段二小段,13.72,都市：住,10000,188,持分移轉,02290000
RPSOMLQLKHJFFAI28CA,台斗坑段,37.75,都市：住,10000,66,持分移轉,03240003
RPUNMLLLLHJFFAI18EA,頂庄段,21.00,都市：住,1,1,全筆移轉,05320001
RPUNMLLLLHJFFAI18EA,頂庄段,75.00,都市：住,1,1,全筆移轉,05380001
RPTNMLMKLHJFFAI87CA,劉厝段,87.00,都市：住,1,1,全筆移轉,00370158
RPRNMLKLLHJFFAI57CA,西門段三小段,2.73,都市：住,10000,54,持分移轉,01170000
RPRNMLKLLHJFFAI57CA,西門段三小段,.69,都市：住,10000,54,持分移轉,01190000
RPPNMLNKLHJFFAI67DA,車店段,72.00,都市：住,1,1,全筆移轉,04200019
RPPOMLPLLHJFFAI97CA,竹圍子段,532.00,都市：住,1,1,全筆移轉,00170000
RPOOMLPLLHJFFAI87CA,竹圍子段,116.00,都市：其他:,1,1,全筆移轉,00310035
RPOPMLOLLHJFFAI87CA,下路頭段,39.66,都市：住,10000,466,持分移轉,07270000
RPXNMLPLLHJFFAI68CA,竹圍子段,118.00,都市：住,1,1,全筆移轉,00310034
RPWNMLPLLHJFFAI58CA,竹圍子段,1251.00,都市：住,1,1,全筆移轉,00300003
RPWNMLPLLHJFFAI58CA,竹圍子段,53.00,都市：住,1,1,全筆移轉,00310037
RPSOMLPLLHJFFAI28CA,竹圍子段,221.00,都市：其他:,1,1,全筆移轉,00300005
RPSOMLPLLHJFFAI28CA,竹圍子段,163.00,都市：其他:,1,1,全筆移轉,00300006
RPROMLPLLHJFFAI18CA,竹圍子段,1011.00,都市：住,1,1,全筆移轉,00300001
RPQOMLPLLHJFFAI08CA,竹圍子段,1746.00,都市：住,1,1,全筆移轉,00180002
RPQOMLPLLHJFFAI08CA,竹圍子段,476.00,都市：住,1,1,全筆移轉,00290000
RPQOMLPLLHJFFAI08CA,竹圍子段,266.00,都市：其他:,1,1,全筆移轉,00290005
RPUNMLOJLHJFFAI08CA,台斗坑段,24.93,都市：住,10000,65,持分移轉,04540002
RPUNMLOJLHJFFAI08CA,台斗坑段,.01,都市：其他:,10000,65,持分移轉,04540023
RPVNMLOJLHJFFAI18CA,後庄段,487.00,都市：住,1,1,全筆移轉,10060008
RPSOMLRJLHJFFAI38DA,車店段車店小段,7.99,都市：住,10000,95,持分移轉,06590001
RPQOMLRJLHJFFAI08CA,港子坪段港坪小段,9.79,都市：商,10000,236,持分移轉,02180000
RPROMLQLKHJFFAI38EA,東川段,146.00,都市：住,1,1,全筆移轉,08760000
RPSNMLQLKHJFFAI38EA,榮段一小段,30.62,都市：商,10000,104,持分移轉,00270000
RPQNMLRLKHJFFAI28EA,下路頭段,24.59,都市：住,20000,304,持分移轉,04350021
RPPNMLNJLHJFFAI67EA,下路頭段,1.00,都市：住,1,1,全筆移轉,00100171
RPRNMLNJLHJFFAI87EA,盧厝段,263.00,都市：農,1,1,全筆移轉,02380043
RPPNMLOJLHJFFAI77EA,新富段一小段,.28,都市：商,5950,80,持分移轉,00080000
RPPNMLOJLHJFFAI77EA,南門段七小段,7.72,都市：商,5950,80,持分移轉,00100000
RPQNMLOJLHJFFAI87EA,短竹段,6.07,都市：住,50000,51,持分移轉,09120071
RPWNMLOJLHJFFAI48EA,興村段,16.52,都市：住,10000,483,持分移轉,02040000
RPWNMLQJLHJFFAI58DA,埤子頭段新厝小段,58.00,都市：住,1,1,全筆移轉,02210000
RPRNMLPJLHJFFAI97DA,中庄段,75.00,都市：住,1,1,全筆移轉,04070000
RPQNMLPJLHJFFAI77CA,興村段興村小段,154.47,都市：住,1,1,全筆移轉,00010000
RPRNMLOJLHJFFAI77CA,下路頭段,12.51,都市：住,10000,23,持分移轉,00970000
RPXNMLOJLHJFFAI38CA,新富段八小段,84.00,都市：商,1,1,全筆移轉,00040020
RPXNMLOJLHJFFAI38CA,新富段八小段,4.71,都市：商,38,1,持分移轉,00040002
RPSOMLKLLHJFFAI77CA,山下段,83.00,都市：住,1,1,全筆移轉,00290015
RPTNMLNJLHJFFAI87CA,劉厝段,20.43,都市：住,120700,2043,持分移轉,00190043
RPTNMLNJLHJFFAI87CA,劉厝段,82.00,都市：住,1,1,全筆移轉,00190099
RPTNMLNJLHJFFAI87CA,劉厝段,4.00,都市：住,1,1,全筆移轉,00190134
RPVOMLOLLHJFFAI48CA,頂庄段,117.00,都市：住,1,1,全筆移轉,06580002
RPTNMLOLLHJFFAI18CA,下路頭段,96.00,都市：住,1,1,全筆移轉,04280260
RPXNMLKKLHJFFAI08CA,竹圍子段一小段,71.00,都市：住,1,1,全筆移轉,01800000
RPUOMLTKLHJFFAI78CA,港子坪段港坪小段,25.65,都市：住,10000,314,持分移轉,01070000
RPUNMLMKLHJFFAI97CA,竹圍子段,11.02,都市：住,10000,52,持分移轉,03300000
RPPOMLKKLHJFFAI37CA,玉川段,110.00,都市：住,1,1,全筆移轉,01330014
RPSNMLMKLHJFFAI77CA,荖藤段,430.75,都市：農,4,1,持分移轉,06350000
RPSNMLMKLHJFFAI77CA,荖藤段,430.75,都市：農,4,1,持分移轉,06350000
RPSNMLMKLHJFFAI77CA,荖藤段,153.00,都市：農,4,1,持分移轉,06390000
RPSNMLMKLHJFFAI77CA,荖藤段,153.00,都市：農,4,1,持分移轉,06390000
RPPNMLPKLHJFFAI77CA,車店段,93.00,都市：住,1,1,全筆移轉,01460021
RPPNMLPKLHJFFAI77CA,車店段,14.00,都市：住,1,1,全筆移轉,01460039
RPRNMLKKLHJFFAI47CA,白川段,32.98,都市：住,100000,719,持分移轉,00140001
RPVOMLQJLHJFFAI48CA,後庄段,760.00,都市：農,1,1,全筆移轉,12430001
RPTOMLQJLHJFFAI28CA,北門段四小段,29.35,都市：商,3600,273,持分移轉,00050000
RPWNMLRJLHJFFAI58CA,竹圍子段,566.00,都市：工,1,1,全筆移轉,02150001
RPUNMLQJLHJFFAI28CA,仁義段,6.62,都市：住,10000,86,持分移轉,00320000
RPRPMLQLLHJFFAI38CA,盧東段,179.18,都市：農,96,12,持分移轉,10020000
RPQPMLQLLHJFFAI28CA,竹圍子段,6.81,都市：住,10000,39,持分移轉,01320036
RPWOMLQLLHJFFAI78CA,鳥岫段,132.99,都市：其他:,454050,17025,持分移轉,01720000
RPWOMLQLLHJFFAI78CA,鳥岫段,1135.12,都市：農,454050,17025,持分移轉,01740000
RPWOMLQLLHJFFAI78CA,鳥岫段,434.79,都市：農,454050,17025,持分移轉,02400000
RPWOMLQLLHJFFAI78CA,榮段四小段,.50,都市：商,480,5,持分移轉,00640014
RPWOMLQLLHJFFAI78CA,榮段四小段,2.39,都市：商,480,5,持分移轉,00640060
RPUOMLQJLHJFFAI58EA,元段三小段,127.00,都市：商,1,1,全筆移轉,00540000
RPVOMLRJLHJFFAI78EA,下路頭段,61.00,都市：住,1,1,全筆移轉,01930061
RPXNMLRJLHJFFAI68CA,北門段六小段,38.00,都市：住,1,1,全筆移轉,00480025
RPXNMLRJLHJFFAI68CA,北門段六小段,14.00,都市：住,1,1,全筆移轉,00490007
RPSOMLQJLHJFFAI18CA,頂庄段,90.00,都市：住,1,1,全筆移轉,05570012
RPSOMLQJLHJFFAI18CA,頂庄段,42.50,都市：住,4,1,持分移轉,05570014
RPTOMLKKLHJFFAI77CA,白川段,34.93,都市：住,100000,709,持分移轉,00160007
RPQNMLRJLHJFFAI97CA,盧厝段,16.12,都市：住,10000,47,持分移轉,02600010
RPRNMLRJLHJFFAI08CA,下路頭段,269.00,都市：住,1,1,全筆移轉,04400008
RPRNMLRJLHJFFAI08CA,下路頭段,6.00,都市：住,1,1,全筆移轉,04400023
RPXNMLOLLHJFFAI58CA,八掌段,213.00,都市：農,1,1,全筆移轉,04590000
RPSOMLRLKHJFFAI38CA,彌陀段,10.61,都市：住,10000,55,持分移轉,04010003
RPUNMLLMLHJFFAI28EA,白川段,6.53,都市：住,10000,80,持分移轉,00890035
RPPOMLRLKHJFFAI08CA,港子坪段港坪小段,13.90,都市：住,10000,72,持分移轉,00950000
RPROMLRLKHJFFAI28CA,車店段,96.00,都市：住,1,1,全筆移轉,01450040
RPRNMLPKLHJFFAI97CA,埤子頭段,45.00,都市：住,1,1,全筆移轉,02980039
RPQOMLOLLHJFFAI97CA,盧東段,91.10,都市：農,1,1,全筆移轉,08590010
RPSOMLKKLHJFFAI67CA,劉厝段,87.00,都市：住,1,1,全筆移轉,00360008
RPSOMLKKLHJFFAI67CA,劉厝段,2.72,都市：其他:公共設施保留地,144,1,持分移轉,00360002
RPWNMLMKLHJFFAI18CA,竹圍子段一小段,8.88,都市：住,10000,67,持分移轉,00260000
RPROMLRJLHJFFAI18CA,新厝段,1662.00,都市：農,1,1,全筆移轉,07900000
RPTOMLRJLHJFFAI38CA,竹圍子段,25.71,都市：住,10000,530,持分移轉,02170005
RPQOMLOKLHJFFAI87CA,劉厝段玉山小段,20.00,都市：住,10000,625,持分移轉,01220008
RPQOMLOKLHJFFAI87CA,劉厝段玉山小段,72.21,都市：住,1,1,全筆移轉,01220013
RPWOMLKKLHJFFAI08CA,北社尾段,25.98,都市：住,10000,194,持分移轉,04650018
RPROMLRLLHJFFAI58EA,新富段三小段,203.00,都市：商,1,1,全筆移轉,00030001
RPSNMLPKLHJFFAI08CA,同興段,21.87,都市：住,10000,16,持分移轉,14350000
RPPNMLRJLHJFFAI87CA,盧厝段,3493.66,都市：農,288,241,持分移轉,02010000
RPPOMLRJLHJFFAI97CA,埤子頭段,97.00,都市：住,1,1,全筆移轉,02990034
RPSNMLRJLHJFFAI18CA,北園段,16.01,都市：住,10000,76,持分移轉,16070000
RPTNMLRJLHJFFAI28CA,西門段六小段,1.09,都市：住,10000,38,持分移轉,00400004
RPTNMLRJLHJFFAI28CA,新富段六小段,3.66,都市：住,10000,38,持分移轉,00010000
RPTNMLPKLHJFFAI18CA,港子坪段港坪小段,17.31,都市：住,10000,174,持分移轉,01050000
RPTNMLPKLHJFFAI18CA,港子坪段港坪小段,4.87,都市：住,10000,174,持分移轉,01060000
RPVNMLRJLHJFFAI48CA,北社尾段,86.00,都市：住,1,1,全筆移轉,07160040
RPSNMLKKLHJFFAI77EA,南門段四小段,66.00,都市：商,1,1,全筆移轉,00060004
RPUNMLRJLHJFFAI58EA,民族段三小段,5.00,都市：住,1,1,全筆移轉,00020016
RPUNMLRJLHJFFAI58EA,民族段三小段,12.33,都市：住,6,1,持分移轉,00230003
RPUNMLRJLHJFFAI58EA,民族段三小段,56.00,都市：住,1,1,全筆移轉,00230005
RPUNMLRJLHJFFAI58EA,民族段三小段,4.83,都市：住,6,1,持分移轉,00240001
RPTNMLKKLHJFFAI87EA,車店段車店小段,6.24,都市：住,10000,48,持分移轉,05850000
RPXOMLRLLHJFFAI09DA,下路頭段,81.00,都市：住,1,1,全筆移轉,02440016
RPVNMLLMLHJFFAI38EA,竹圍子段,86.00,都市：住,1,1,全筆移轉,03080017
RPXNMLRLLHJFFAI98DA,劉厝段,132.00,都市：住,1,1,全筆移轉,00140012
RPQOMLKKLHJFFAI67EA,盧厝段,41.69,都市：住,100000,178,持分移轉,03020000
RPPNMLLKLHJFFAI37CA,北園段,97.00,都市：住,1,1,全筆移轉,11920009
RPQNMLLKLHJFFAI47CA,下路頭段,34.14,都市：住,2299968,417681,持分移轉,02790004
RPVNMLRKLHJFFAI58CA,竹圍子段中興小段,27.79,都市：住,12000,475,持分移轉,00530000
RPWOMLRLLHJFFAI88CA,榮段三小段,61.00,都市：商,1,1,全筆移轉,00010008
RPQPMLRLLHJFFAI38CA,竹圍子段二小段,104.00,都市：住,1,1,全筆移轉,02500007
RPWOMLRLLHJFFAI88CA,榮段三小段,1.00,都市：商,1,1,全筆移轉,00010034
RPWOMLRLLHJFFAI88CA,榮段三小段,3.00,都市：商,1,1,全筆移轉,00010044
RPWOMLRLLHJFFAI88CA,榮段三小段,40.00,都市：商,1,1,全筆移轉,00080000
RPWOMLRLLHJFFAI88CA,榮段三小段,39.00,都市：商,1,1,全筆移轉,00090001
RPQPMLRLLHJFFAI38CA,竹圍子段二小段,13.80,都市：住,15,1,持分移轉,02500008
RPWNMLKKLHJFFAI97CA,盧厝段,66.00,都市：住,1,1,全筆移轉,03070117
RPXNMLMKLHJFFAI28CA,竹圍子段,9.45,都市：住,10000,64,持分移轉,02240000
RPOOMLKKLHJFFAI27CA,劉厝段玉山小段,89.29,都市：住,1,1,全筆移轉,01880018
RPVOMLRLLHJFFAI78CA,下路頭段,16.09,都市：住,10000,55,持分移轉,00100076
RPWNMLTLLHJFFAI98CA,埤子頭段,24.33,都市：住,3,1,持分移轉,04750050
RPUNMLKKLHJFFAI97EA,下路頭段,16.39,都市：住,10000,56,持分移轉,00100076
RPVNMLKKLHJFFAI08EA,山下段,2.00,都市：住,4,1,持分移轉,00290021
RPVNMLKKLHJFFAI08EA,山下段,24.50,都市：住,4,1,持分移轉,00290031
RPVNMLLKLHJFFAI18EA,竹圍子段,20.18,都市：住,10000,73,持分移轉,02450006
RPWNMLRLLHJFFAI88DA,八掌段,2530.63,都市：農,1,1,全筆移轉,06090018
RPWNMLRLLHJFFAI88DA,八掌段,3.04,都市：農,2,1,持分移轉,06090011
RPWNMLRLLHJFFAI88DA,八掌段,22.33,都市：農,2,1,持分移轉,06090012
RPWNMLRLLHJFFAI88DA,八掌段,11.56,都市：農,2,1,持分移轉,06090013
RPWNMLRLLHJFFAI88DA,八掌段,89.41,都市：農,2,1,持分移轉,06090017
RPUNMLRKLHJFFAI68EA,玉川段,51.00,都市：住,1,1,全筆移轉,00220099
RPTNMLOKLHJFFAI08CA,後庄段,87.00,都市：住,1,1,全筆移轉,02720000
RPXNMLLJMHJFFAI18CA,荖藤段,403.00,都市：農,1,1,全筆移轉,04810000
RPXNMLLJMHJFFAI18CA,荖藤段,609.00,都市：住,1,1,全筆移轉,04820000
RPXNMLLJMHJFFAI18CA,荖藤段,30.00,都市：住,1,1,全筆移轉,04830000
RPROMLMKLHJFFAI77CA,下路頭段,19.93,都市：住,10000,207,持分移轉,04280004
RPQOMLNKLHJFFAI77CA,埤子頭段,90.00,都市：住,1,1,全筆移轉,04160016
RPQOMLNKLHJFFAI77CA,埤子頭段,22.67,都市：住,6,1,持分移轉,04160022
RPROMLNKLHJFFAI87CA,埤子頭段,85.00,都市：住,1,1,全筆移轉,04160017
RPROMLNKLHJFFAI87CA,埤子頭段,22.67,都市：住,6,1,持分移轉,04160022
RPSNMLSLLHJFFAI48CA,軍輝段,33.08,都市：住,10000,60,持分移轉,00030000
RPSOMLNKLHJFFAI97CA,埤子頭段,77.00,都市：住,1,1,全筆移轉,04160019
RPTOMLNKLHJFFAI08CA,埤子頭段,77.00,都市：住,1,1,全筆移轉,04160020
RPSOMLNKLHJFFAI97CA,埤子頭段,22.67,都市：住,6,1,持分移轉,04160022
RPTOMLNKLHJFFAI08CA,埤子頭段,22.67,都市：住,6,1,持分移轉,04160022
RPPNMLQKLHJFFAI87CA,車店段,76.00,都市：住,1,1,全筆移轉,03780000
RPVOMLNKLHJFFAI28CA,埤子頭段,130.00,都市：住,1,1,全筆移轉,04160021
RPVOMLNKLHJFFAI28CA,埤子頭段,22.67,都市：住,6,1,持分移轉,04160022
RPQNMLRKLHJFFAI08CA,下路頭段,60.01,都市：其他:兒童遊樂場,60500,11206,持分移轉,04980058
RPQNMLQKLHJFFAI97CA,車店段,75.00,都市：住,1,1,全筆移轉,03780001
RPQQMLRKLHJFFAI38CA,盧厝段,21.16,都市：住,10000,83,持分移轉,04290000
RPRQMLRKLHJFFAI48CA,盧厝段,9.00,都市：住,20500,900,持分移轉,06450000
RPRQMLRKLHJFFAI48CA,盧厝段,25.72,都市：住,58600,2572,持分移轉,06450001
RPRQMLRKLHJFFAI48CA,盧厝段,6.76,都市：住,15400,676,持分移轉,06450041
RPTQMLRKLHJFFAI68CA,竹圍子段,83.00,都市：住,1,1,全筆移轉,01170085
RPUNMLTKLHJFFAI68CA,劉厝段劉厝小段,66.00,都市：住,1,1,全筆移轉,02330029
RPQNMLTKLHJFFAI28CA,車店段車店小段,10.88,都市：住,10000,181,持分移轉,06760000
RPPNMLTKLHJFFAI18CA,港子坪段港坪小段,17.67,都市：住,1000,19,持分移轉,01590000
RPSNMLKLLHJFFAI67CA,新富段三小段,19.17,都市：商,6,1,持分移轉,00750017
RPSNMLLKLHJFFAI67CA,西門段六小段,.98,都市：商,10000,34,持分移轉,00400004
RPSNMLLKLHJFFAI67CA,新富段六小段,3.27,都市：商,10000,34,持分移轉,00010000
RPWNMLKLLHJFFAI08CA,竹圍子段一小段,299.00,都市：住,1,1,全筆移轉,02660000
RPWNMLLKLHJFFAI08CA,盧厝段,86.00,都市：住,1,1,全筆移轉,04360025
RPXNMLLKLHJFFAI18CA,下路頭段,58.00,都市：住,1,1,全筆移轉,00950106
RPQNMLMKLHJFFAI57CA,末廣段五小段,.15,都市：住,42500,15,持分移轉,00090005
RPQNMLMKLHJFFAI57CA,末廣段五小段,1.79,都市：住,10000,65,持分移轉,00090117
RPQNMLMKLHJFFAI57CA,末廣段五小段,.62,都市：住,10000,65,持分移轉,00230002
RPQNMLMKLHJFFAI57CA,末廣段五小段,1.79,都市：住,10000,65,持分移轉,00230003
RPSOMLRLLHJFFAI48CA,車店段,34.51,都市：住,100000,293,持分移轉,00620000
RPSOMLRLLHJFFAI48CA,白川段,3.27,都市：住,100000,293,持分移轉,00270000
RPTOMLOLLHJFFAI28CA,新厝段,468.00,都市：農,1,1,全筆移轉,05100002
RPTOMLOLLHJFFAI28CA,新厝段,57.43,都市：農,7,1,持分移轉,05100007
RPXOMLRKLHJFFAI88CA,白川段,32.98,都市：住,100000,719,持分移轉,00140001
RPVNMLOKLHJFFAI28CA,下路頭段,2.72,都市：住,10000,5,持分移轉,00970000
RPPOMLOKLHJFFAI77CA,堀川段,41.00,都市：住,1,1,全筆移轉,00220215
RPRNMLNKLHJFFAI77CA,劉厝段玉山小段,93.60,都市：住,1,1,全筆移轉,01880096
RPRNMLNKLHJFFAI77CA,劉厝段玉山小段,19.94,都市：住,23,1,持分移轉,01880102
RPVNMLMKLHJFFAI08CA,湖內段,14.00,都市：住,1,1,全筆移轉,07920000
RPWNMLNJMHJFFAI28CA,車店段,91.54,都市：住,100,23,持分移轉,03960003
RPXNMLNJMHJFFAI38CA,港子坪段港坪小段,14.43,都市：住,10000,145,持分移轉,01050000
RPXNMLNJMHJFFAI38CA,港子坪段港坪小段,4.06,都市：住,10000,145,持分移轉,01060000
RPTNMLNJMHJFFAI97CA,短竹段,3.49,都市：住,20000,34,持分移轉,09120070
RPVNMLSKLHJFFAI78DA,埤子頭段,146.20,都市：住,5,1,持分移轉,04270001
RPPOMLMKLHJFFAI77EA,太平段,23.00,都市：住,1,1,全筆移轉,00310008
RPVNMLSKLHJFFAI78DA,埤子頭段,39.60,都市：住,5,1,持分移轉,04270009
RPPOMLMKLHJFFAI77EA,太平段,31.00,都市：住,1,1,全筆移轉,00310065
RPPOMLMKLHJFFAI77EA,太平段,30.00,都市：住,1,1,全筆移轉,00310066
RPPOMLMKLHJFFAI77EA,太平段,9.00,都市：住,1,1,全筆移轉,00310123
RPOOMLOLLHJFFAI87DA,大溪段,85.42,都市：住,1,1,全筆移轉,08420014
RPOOMLOLLHJFFAI87DA,大溪段,3.30,都市：住,30,1,持分移轉,08420000
RPOOMLOLLHJFFAI87DA,大溪段,10.57,都市：住,22,1,持分移轉,08420018
RPOOMLOLLHJFFAI87DA,大溪段,2.38,都市：住,22,1,持分移轉,08520017
RPOOMLOLLHJFFAI87DA,大溪段,1.28,都市：住,30,1,持分移轉,08520018
RPOOMLOLLHJFFAI87DA,大溪段,.25,都市：住,30,1,持分移轉,08520019
RPROMLOKLHJFFAI18EA,台斗坑段,8.09,都市：住,10000,71,持分移轉,01340016
RPRNMLSLLHJFFAI38CA,北社尾段保安小段,5.80,都市：住,10000,45,持分移轉,06120000
RPOOMLNJMHJFFAI57CA,北門段七小段,7.59,都市：住,10000,83,持分移轉,00110000
RPWNMLOKLHJFFAI38CA,盧厝段,1157.00,都市：農,1,1,全筆移轉,01710030
RPSNMLOKLHJFFAI97CA,同興段,23.24,都市：住,10000,17,持分移轉,14350000
RPUQMLRKLHJFFAI78CA,短竹段,10.94,都市：住,10000,146,持分移轉,04910000
RPPNMLLMLHJFFAI57CA,北社尾段保安小段,7.68,都市：住,20000,70,持分移轉,08480000
RPUQMLRKLHJFFAI78CA,短竹段,9.15,都市：住,10000,146,持分移轉,06820000
RPVQMLRKLHJFFAI88CA,荖藤段,441.00,都市：農,1,1,全筆移轉,06330001
RPXNMLTKLHJFFAI98CA,埤子頭段新厝小段,67.00,都市：住,1,1,全筆移轉,02350000
RPTNMLSKLHJFFAI48CA,堀川段,29.00,都市：住,1,1,全筆移轉,00070001
RPVNMLOLLHJFFAI58EA,遠東段,14.00,都市：住,10000,15,持分移轉,00680007
RPQOMLRKLHJFFAI18CA,遠東段,60.00,都市：住,1,1,全筆移轉,00550020
RPPOMLSKLHJFFAI18CA,下路頭段,45.00,都市：住,1,1,全筆移轉,02960078
RPQNMLOKMHJFFAI87CA,車店段車店小段,34.94,都市：住,10000,176,持分移轉,00460056
RPROMLRKLHJFFAI28CA,遠東段,62.00,都市：住,1,1,全筆移轉,00550021
RPSOMLRKLHJFFAI38CA,遠東段,63.00,都市：住,1,1,全筆移轉,00550022
RPTOMLRKLHJFFAI48CA,遠東段,64.00,都市：住,1,1,全筆移轉,00550023
RPTOMLRKLHJFFAI48CA,遠東段,64.00,都市：住,1,1,全筆移轉,00550024
RPTOMLRKLHJFFAI48CA,遠東段,66.00,都市：住,1,1,全筆移轉,00550025
RPUOMLRKLHJFFAI58CA,遠東段,102.00,都市：住,1,1,全筆移轉,00550026
RPVOMLRKLHJFFAI68CA,遠東段,118.00,都市：住,1,1,全筆移轉,00550027
RPWOMLRKLHJFFAI78CA,遠東段,63.00,都市：住,1,1,全筆移轉,00550013
RPWOMLRKLHJFFAI78CA,遠東段,57.00,都市：住,1,1,全筆移轉,00550030
RPTNMLRKLHJFFAI38CA,遠東段,47.00,都市：住,1,1,全筆移轉,00550014
RPWNMLRKLHJFFAI68CA,遠東段,49.00,都市：住,1,1,全筆移轉,00550015
RPXNMLRKLHJFFAI78CA,遠東段,54.00,都市：住,1,1,全筆移轉,00550017
RPOOMLRKLHJFFAI97CA,遠東段,58.00,都市：住,1,1,全筆移轉,00550019
RPOOMLOKLHJFFAI67CA,竹圍子段,3.74,都市：商,10000,75,持分移轉,01390010
RPVNMLLLLHJFFAI08CA,北社尾段保安小段,67.00,都市：住,1,1,全筆移轉,00160001
RPPNMLMLLHJFFAI57CA,新富段三小段,1.67,都市：其他:,3,1,持分移轉,00680001
RPPNMLMLLHJFFAI57CA,新富段三小段,209.00,都市：住,1,1,全筆移轉,00680002
RPRNMLMLLHJFFAI77CA,遠東段,103.00,都市：住,1,1,全筆移轉,00280009
RPRNMLMLLHJFFAI77CA,遠東段,28.00,都市：住,806,28,持分移轉,00280016
RPUNMLMLLHJFFAI08CA,下路頭段,51.00,都市：住,1,1,全筆移轉,02270181
RPQNMLMLLHJFFAI67CA,長竹段,55.99,都市：住,10000,827,持分移轉,10540000
RPRNMLPLLHJFFAI28EA,後庄段,96.00,都市：住,1,1,全筆移轉,13920000
RPRNMLPLLHJFFAI28EA,後庄段,161.00,都市：住,1,1,全筆移轉,13930000
RPRNMLRKLHJFFAI38EA,軍輝段,13.05,都市：住,10000,97,持分移轉,07610000
RPVNMLRLLHJFFAI78DA,竹圍子段,77.18,都市：住,10000,539,持分移轉,03170004
RPWNMLSKLHJFFAI98EA,遠東段,200.00,都市：住,1,1,全筆移轉,00550028
RPXNMLSKLHJFFAI09EA,遠東段,57.00,都市：住,1,1,全筆移轉,00550018
RPPNMLRKLHJFFAI18EA,埤子頭段,33.33,都市：住,3,1,持分移轉,01960022
RPPNMLRKLHJFFAI18EA,埤子頭段,8.67,都市：住,3,1,持分移轉,01960027
RPPNMLRKLHJFFAI18EA,埤子頭段,5.67,都市：住,3,1,持分移轉,01970163
RPPNMLRKLHJFFAI18EA,埤子頭段,7.00,都市：住,3,1,持分移轉,01970164
RPTNMLOKLHJFFAI28EA,白川段,35.57,都市：住,100000,725,持分移轉,00310000
RPQNMLOKLHJFFAI97EA,北社尾段,9.19,都市：住,10000,20,持分移轉,07120001
RPXNMLTKLHJFFAI56EA,盧厝段,16.12,都市：住,10000,47,持分移轉,02600010
RPVNMLQLLHJFFAI78EA,湖子內段湖內小段,135.94,都市：住,10000,621,持分移轉,01450000
RPPNMLKMLHJFFAI47CA,北社尾段保安小段,14.25,都市：住,10000,65,持分移轉,08480000
RPSOMLOKLHJFFAI08CA,北社尾段保安小段,5.77,都市：住,10000,80,持分移轉,08430000
RPSOMLOKLHJFFAI08CA,北社尾段保安小段,7.49,都市：住,10000,80,持分移轉,08440000
RPXNMLTJMHJFFAI98CA,劉厝段劉厝小段,18.69,都市：商,10000,49,持分移轉,03120001
RPPOMLRKLHJFFAI08CA,玉川段,22.34,都市：住,10000,159,持分移轉,00970002
RPPNMLSKLHJFFAI08CA,荖藤段,877.00,都市：農,1,1,全筆移轉,00170001
RPPNMLQLLHJFFAI97CA,埤子頭段,79.00,都市：住,3,1,持分移轉,03090011
RPPNMLQLLHJFFAI97CA,埤子頭段,.33,都市：住,3,1,持分移轉,03090046
RPVNMLKLLHJFFAI97CA,港子坪段港坪小段,12.40,都市：商,9990,124,持分移轉,02270000
RPPNMLLKMHJFFAI47CA,下路頭段,91.00,都市：住,1,1,全筆移轉,04280258
RPROMLKLLHJFFAI67CA,下路頭段,7.07,都市：住,10000,13,持分移轉,00970000
RPTNMLLLLHJFFAI87CA,埤子頭段,28.64,都市：住,10000,96,持分移轉,01980000
RPPOMLKLLHJFFAI47CA,南門段二小段,3.59,都市：商,10000,211,持分移轉,00600000
RPVOMLQLLHJFFAI68CA,車店段,8.88,都市：住,10000,165,持分移轉,01420002
RPVOMLQLLHJFFAI68CA,白川段,17.51,都市：住,10000,165,持分移轉,00910001
RPPQMLRKLHJFFAI28CA,竹圍子段,23.33,都市：其他:,24330,5620,持分移轉,00160010
RPOOMLTKLHJFFAI18CA,竹圍子段一小段,23.01,都市：住,10000,127,持分移轉,01380000
RPVNMLTKLHJFFAI78CA,台斗坑段,28.76,都市：住,10000,75,持分移轉,04540002
RPSOMLQLLHJFFAI58EA,台斗坑段,21.87,都市：住,10000,218,持分移轉,03220002
RPPOMLTKLHJFFAI48EA,下路頭段,93.00,都市：住,1,1,全筆移轉,01270018
RPQOMLTKLHJFFAI58EA,下路頭段,144.00,都市：住,1,1,全筆移轉,01270004
RPROMLTKLHJFFAI68EA,下路頭段,99.00,都市：住,1,1,全筆移轉,01270017
RPSOMLTKLHJFFAI78EA,下路頭段,16.34,都市：住,10000,101,持分移轉,04350021
RPSNMLKLLHJFFAI87EA,盧東段,696.87,都市：農,1,1,全筆移轉,10630000
RPUNMLSKLHJFFAI78EA,玉川段,108.00,都市：住,1,1,全筆移轉,00990008
RPOOMLSKLHJFFAI28EA,民族段四小段,54.00,都市：住,1,1,全筆移轉,00030004
RPWNMLOKMHJFFAI48CA,短竹段,3.39,都市：住,20000,33,持分移轉,09120070
RPSNMLTKLHJFFAI68EA,盧厝段,20.91,都市：住,10000,82,持分移轉,04290000
RPOOMLKKMHJFFAI57EA,短竹段,5.12,都市：住,50000,43,持分移轉,09120071
RPXNMLKLLHJFFAI38EA,台斗坑段,79.00,都市：住,1,1,全筆移轉,04400012
RPUNMLNJOHPFFAI98DA,港子坪段港坪小段,18.20,都市：住,1000,20,持分移轉,02870000
RPUNMLOLLHJFFAI48EA,台斗坑段,19.56,都市：住,10000,51,持分移轉,04540002
RPUNMLOLLHJFFAI48EA,台斗坑段,.01,都市：住,10000,51,持分移轉,04540023
RPWNMLSJMHJFFAI98EA,盧厝段,2942.00,都市：農,1,1,全筆移轉,03620005
RPXNMLSJMHJFFAI09EA,盧厝段,128.00,都市：農,1,1,全筆移轉,03620012
RPXNMLSJMHJFFAI09EA,盧厝段,491.00,都市：農,1,1,全筆移轉,03620013
RPXNMLSJMHJFFAI09EA,盧厝段,88.00,都市：農,1,1,全筆移轉,03620014
RPXNMLSJMHJFFAI09EA,盧厝段,166.00,都市：農,1,1,全筆移轉,03630005
RPWNMLTKLHJFFAI88CA,湖內段,19.48,都市：住,10000,53,持分移轉,02360000
RPTOMLPKNHJFFAI68EA,中山段一小段,24.00,都市：住,4,3,持分移轉,00110021
RPRNMLTKLHJFFAI38CA,竹圍子段,69.00,都市：住,1,1,全筆移轉,04000007
RPQOMLKLLHJFFAI57CA,竹圍子段,42.00,都市：住,1,1,全筆移轉,02510022
RPUNMLOLLHJFFAI28CA,車店段,12.47,都市：住,10000,61,持分移轉,01450007
RPUNMLOLLHJFFAI28CA,車店段,.85,都市：住,10000,32,持分移轉,01450020
RPUNMLOLLHJFFAI28CA,車店段,2.88,都市：住,10000,56,持分移轉,01450021
RPSNMLMLLHJFFAI87CA,溪東段,1680.14,都市：農,1,1,全筆移轉,01590000
RPRNMLLJMHJFFAI57CA,短竹段,13.93,都市：住,50000,117,持分移轉,09120071
RPQNMLKMLHJFFAI57CA,竹圍子段三小段,15.10,都市：住,10000,74,持分移轉,00980000
RPPOMLTJMHJFFAI28CA,竹村段,19.59,都市：住,10000,90,持分移轉,04770000
RPROMLTJMHJFFAI48CA,民族段四小段,43.00,都市：住,2,1,持分移轉,00290003
RPVNMLMLLHJFFAI18CA,劉厝段劉厝小段,66.00,都市：住,1,1,全筆移轉,03200026
RPTNMLKLLHJFFAI77CA,西門段五小段,7.33,都市：住,1000,22,持分移轉,00670000
RPUNMLKLLHJFFAI87CA,北門段六小段,230.00,都市：商,1,1,全筆移轉,00360000
RPQNMLLLLHJFFAI57CA,車店段,4.05,都市：住,100000,900,持分移轉,00600000
RPQNMLLLLHJFFAI57CA,白川段,42.09,都市：住,100000,900,持分移轉,00210000
RPVNMLMJMHJFFAI28EA,檜段四小段,45.25,都市：商,4,1,持分移轉,00440000
RPWNMLLLLHJFFAI18CA,東門段四小段,55.00,都市：住,1,1,全筆移轉,00310008
RPWOMLOLLHJFFAI58CA,埤子頭段,77.00,都市：住,1,1,全筆移轉,04160018
RPWOMLOLLHJFFAI58CA,埤子頭段,22.67,都市：住,6,1,持分移轉,04160022
RPTNMLQLLHJFFAI38CA,頂庄段,89.00,都市：住,1,1,全筆移轉,05440013
RPUOMLRLLHJFFAI68CA,盧厝段,25.10,都市：住,10000,98,持分移轉,02550010
RPXNMLSLLHJFFAI98CA,盧東段,119.06,都市：住,1,1,全筆移轉,04360009
RPXNMLSLLHJFFAI98CA,盧東段,13.22,都市：住,100000,2223,持分移轉,04360000
RPXNMLSLLHJFFAI98CA,盧東段,.07,都市：農,72,1,持分移轉,04700004
RPXNMLMLLHJFFAI38CA,竹圍子段,23.40,都市：住,9300,234,持分移轉,02340003
RPWNMLMLLHJFFAI28CA,車店段車店小段,14.65,都市：住,10000,188,持分移轉,10550000
RPTOMLTKLHJFFAI88EA,北社尾段,12.32,都市：住,10000,218,持分移轉,06530014
RPPNMLOJMHJFFAI67CA,遠東段,21.00,都市：農,1,1,全筆移轉,02640003
RPPNMLOJMHJFFAI67CA,遠東段,2927.00,都市：農,1,1,全筆移轉,02690001
RPPNMLOJMHJFFAI67CA,遠東段,2598.00,都市：工,1,1,全筆移轉,02700001
RPPNMLOJMHJFFAI67CA,遠東段,350.67,都市：工,3,2,持分移轉,02700002
RPOOMLLLLHJFFAI67EA,車店段車店小段,5.18,都市：住,10000,167,持分移轉,02300000
RPOOMLLLLHJFFAI67EA,車店段車店小段,5.01,都市：住,10000,167,持分移轉,02300001
RPPOMLOLLHJFFAI97DA,短竹段,174.00,都市：住,1,1,全筆移轉,02650004
RPPPMLQLLHJFFAI28DA,下埤段,75.29,都市：住,10000,907,持分移轉,06460000
RPPPMLQLLHJFFAI28DA,下埤段,1.80,都市：住,10000,907,持分移轉,06460001
RPOOMLOLLHJFFAI97EA,西門段三小段,22.11,都市：商,6804,901,持分移轉,00180000
RPXOMLSJMHJFFAI98CA,玉川段,71.00,都市：住,1,1,全筆移轉,00780013
RPWOMLSJMHJFFAI88CA,竹圍子段,13.00,都市：住,1,1,全筆移轉,04020004
RPRNMLLLLHJFFAI87EA,下路頭段,166.00,都市：住,1,1,全筆移轉,01510021
RPPPMLRLLHJFFAI28CA,中庄段,.69,都市：其他:道路用地,240,2,持分移轉,10410000
RPPPMLRLLHJFFAI28CA,中庄段,2.39,都市：其他:部份住宅區部份道路用地,240,2,持分移轉,10420000
RPPPMLRLLHJFFAI28CA,中庄段,2.48,都市：住,240,2,持分移轉,10450000
RPPPMLRLLHJFFAI28CA,中庄段,4.90,都市：住,240,2,持分移轉,10540000
RPPPMLRLLHJFFAI28CA,中庄段,33.60,都市：住,20,2,持分移轉,10560000
RPXOMLOLLHJFFAI68CA,同興段,83.00,都市：住,1,1,全筆移轉,03820017
RPPNMLLLLHJFFAI47CA,車店段車店小段,29.50,都市：住,202800,2950,持分移轉,08100000
RPPNMLOLLHJFFAI77CA,育人段,1015.66,都市：農,1,1,全筆移轉,00050003
RPQNMLOLLHJFFAI87CA,何庄段,1000.54,都市：農,10000,2062,持分移轉,01350000
RPRNMLOJMHJFFAI87CA,北社尾段保安小段,7.89,都市：住,10000,36,持分移轉,08480000
RPSNMLOKMHJFFAI08CA,東川段,21.38,都市：住,10000,80,持分移轉,11930000
RPUOMLRJMHJFFAI58CA,竹圍子段,365.00,都市：住,1,1,全筆移轉,02600031
RPOPMLQLLHJFFAI08CA,何庄段,89.08,都市：住,1,1,全筆移轉,07700002
RPUNMLOJMHJFFAI18CA,下路頭段,7.07,都市：住,10000,13,持分移轉,00970000
RPUNMLRLLHJFFAI58CA,太平段,14.48,都市：住,10000,18,持分移轉,00210000
RPSNMLNJMHJFFAI08EA,民族段五小段,103.00,都市：住,1,1,全筆移轉,01050005
RPWNMLOLLHJFFAI68EA,車店段車店小段,29.72,都市：住,10000,61,持分移轉,00450000
RPQNMLOLLHJFFAI08EA,興村段,108.00,都市：住,1,1,全筆移轉,02470036
RPSNMLOLLHJFFAI28EA,湖子內段湖內小段,399.50,都市：工,2,1,持分移轉,02820000
RPTOMLRJMHJFFAI48CA,竹圍子段,22.44,都市：住,9,1,持分移轉,03860026
RPTOMLRJMHJFFAI48CA,竹圍子段,84.00,都市：住,1,1,全筆移轉,03860032
RPOOMLPKMHJFFAI87CA,遠東段,15.86,都市：住,10000,17,持分移轉,00680007
RPPOMLSLLHJFFAI28CA,榮段三小段,49.00,都市：住,1,1,全筆移轉,00740007
RPOOMLRLLHJFFAI18DA,興村段,83.00,都市：住,1,1,全筆移轉,02470058
RPSNMLLJMHJFFAI87EA,車店段,14.90,都市：住,17290,149,持分移轉,03280001
RPSNMLLJMHJFFAI87EA,車店段,.50,都市：住,10000,86,持分移轉,03280124
RPSNMLPLLHJFFAI38EA,竹圍子段,91.00,都市：住,1,1,全筆移轉,02300036
RPVNMLPLLHJFFAI68EA,湖內段,53.00,都市：商,1,1,全筆移轉,03220007
RPWNMLQLLHJFFAI88EA,西門段三小段,43.00,都市：商,3,1,持分移轉,01290000
RPOOMLQLLHJFFAI18EA,檜段五小段,67.00,都市：商,1,1,全筆移轉,00030068
RPPOMLQLLHJFFAI28EA,埤子頭段,43.00,都市：住,1,1,全筆移轉,03930062
RPTOMLRLLHJFFAI58CA,竹圍子段,99.00,都市：住,1,1,全筆移轉,03490016
RPSNMLLKMHJFFAI87DA,下路頭段,21.31,都市：住,10000,301,持分移轉,08280003
RPTOMLQLLHJFFAI48CA,南門段六小段,25.00,都市：商,1,1,全筆移轉,00030000
RPTPMLRLLHJFFAI78DA,興村段,2.17,都市：商,10000,70,持分移轉,01330000
RPTOMLQLLHJFFAI48CA,南門段六小段,47.00,都市：商,1,1,全筆移轉,00030004
RPTPMLRLLHJFFAI78DA,興村段,13.08,都市：商,10000,70,持分移轉,01490000
RPSNMLOJMHJFFAI97CA,竹圍子段二小段,86.00,都市：住,1,1,全筆移轉,02500003
RPSNMLOJMHJFFAI97CA,竹圍子段二小段,13.80,都市：住,15,1,持分移轉,02500008
RPQNMLLJMHJFFAI47CA,盧厝段,131.00,都市：住,1,1,全筆移轉,04440008
RPSPMLRLLHJFFAI58CA,竹圍子段,22.44,都市：住,9,1,持分移轉,03860026
RPSPMLRLLHJFFAI58CA,竹圍子段,85.00,都市：住,1,1,全筆移轉,03860031
RPUNMLSLLHJFFAI68CA,竹圍子段友愛小段,24.00,都市：住,810,24,持分移轉,02020000
RPUNMLNKMHJFFAI18CA,盧厝段,13.58,都市：住,10000,25,持分移轉,02600004
RPQNMLOJMHJFFAI77CA,竹圍子段三小段,17.80,都市：住,17810,178,持分移轉,02230000
RPVNMLOJMHJFFAI28CA,竹圍子段三小段,11.05,都市：住,10000,93,持分移轉,01620000
RPUOMLSKMHJFFAI78CA,湖內段,19.04,都市：住,27700,191,持分移轉,03180000
RPUNMLQLLHJFFAI48CA,新富段八小段,38.00,都市：商,1,1,全筆移轉,00040039
RPTNMLRLLHJFFAI48CA,遠東段,17.73,都市：住,10000,19,持分移轉,00680007
RPQOMLQLLHJFFAI38EA,盧厝段,8.59,都市：住,116,2,持分移轉,02420097
RPQOMLQLLHJFFAI38EA,盧厝段,10.53,都市：住,116,2,持分移轉,02420106
RPQOMLQLLHJFFAI38EA,盧厝段,90.00,都市：住,1,1,全筆移轉,02420113
RPQOMLQLLHJFFAI38EA,盧厝段,.21,都市：住,116,2,持分移轉,02420123
RPQOMLQLLHJFFAI38EA,盧厝段,.21,都市：住,116,2,持分移轉,02420124
RPQOMLQLLHJFFAI38EA,盧厝段,.07,都市：住,116,2,持分移轉,02420138
RPQOMLQLLHJFFAI38EA,盧厝段,.47,都市：住,116,2,持分移轉,02420139
RPQOMLQLLHJFFAI38EA,盧厝段,.24,都市：住,116,2,持分移轉,02420140
RPUOMLQLLHJFFAI78EA,中庄段,81.00,都市：住,1,1,全筆移轉,03280001
RPPNMLRJMHJFFAI18EA,竹圍子段,85.00,都市：住,1,1,全筆移轉,01080089
RPPNMLRJMHJFFAI18EA,竹圍子段,16.00,都市：住,2470,160,持分移轉,01080090
RPQNMLQLLHJFFAI18DA,東川段,48.00,都市：其他:,5,1,持分移轉,04340000
RPQNMLQLLHJFFAI18DA,東川段,.20,都市：其他:,5,1,持分移轉,04360000
RPPOMLRLLHJFFAI28DA,南門段五小段,2.39,都市：商,10000,6,持分移轉,00450000
RPPOMLRLLHJFFAI28DA,南門段五小段,.90,都市：商,10000,6,持分移轉,00450003
RPPOMLRLLHJFFAI28DA,南門段五小段,.12,都市：商,10000,6,持分移轉,00450004
RPQNMLTLLHJFFAI38CA,埤子頭段,85.00,都市：住,1,1,全筆移轉,02010025
RPQNMLTLLHJFFAI38CA,埤子頭段,4.00,都市：住,1,1,全筆移轉,02010033
RPPNMLTLLHJFFAI28CA,竹圍子段中興小段,12.32,都市：住,10000,358,持分移轉,01370000
RPQOMLSLLHJFFAI38CA,西門段三小段,5.72,都市：住,10000,113,持分移轉,01170000
RPQOMLSLLHJFFAI38CA,西門段三小段,1.44,都市：住,10000,113,持分移轉,01190000
RPRNMLTLLHJFFAI48CA,湖內段,62.00,都市：住,1,1,全筆移轉,04000001
RPRNMLTLLHJFFAI48CA,湖內段,6.00,都市：住,1,1,全筆移轉,04010001
RPSNMLSKMHJFFAI58DA,下路頭段,16.93,都市：住,10000,590,持分移轉,03320034
RPSNMLMJMHJFFAI97EA,遠東段,89.00,都市：住,1,1,全筆移轉,00310077
RPPNMLRLLHJFFAI18DA,下路頭段,60.00,都市：住,1,1,全筆移轉,04600042
RPXOMLQLLHJFFAI09EA,同興段,12.30,都市：住,10000,9,持分移轉,14350000
RPRPMLRLLHJFFAI48CA,竹圍子段,26.21,都市：住,10000,448,持分移轉,01770022
RPSNMLRLLHJFFAI38CA,車店段,10.72,都市：住,12000,54,持分移轉,03750000
RPSNMLRLLHJFFAI38CA,車店段,.65,都市：住,12000,54,持分移轉,03850012
RPUNMLMJMHJFFAI97CA,下路頭段,103.00,都市：住,1,1,全筆移轉,05860078
RPUNMLLJMHJFFAI87CA,盧厝段,25.24,都市：住,10000,132,持分移轉,02970057
RPUNMLTLLHJFFAI78CA,玉川段,86.00,都市：住,1,1,全筆移轉,00910000
RPUNMLLLMHJFFAI08CA,車店段車店小段,10.79,都市：住,10000,83,持分移轉,05850000
RPWOMLRJMHJFFAI78CA,同興段,19.14,都市：住,10000,14,持分移轉,14350000
RPOPMLRJMHJFFAI08CA,湖內段,48.51,都市：住,10000,132,持分移轉,02360000
RPUNMLOKMHJFFAI48EA,盧厝段,43.56,都市：住,100000,186,持分移轉,03020000
RPXNMLMKMHJFFAI38CA,湖內段,38.00,都市：住,1,1,全筆移轉,10980018
RPXNMLMKMHJFFAI38CA,湖內段,22.00,都市：住,1,1,全筆移轉,10980021
RPVNMLLLMHJFFAI18CA,台斗坑段,18.22,都市：住,10000,160,持分移轉,01340016
RPQOMLMLMHJFFAI87CA,劉厝段,41.05,都市：住,10000,165,持分移轉,00370144
RPROMLMLMHJFFAI97CA,太平段,12.05,都市：住,1074,17,持分移轉,00170003
RPROMLMLMHJFFAI97CA,盧厝段,4.95,都市：住,1074,17,持分移轉,09650000
RPPPMLKLMHJFFAI67CA,頭港段,85.95,都市：住,1,1,全筆移轉,01380013
RPPPMLKLMHJFFAI67CA,頭港段,21.57,都市：住,16,1,持分移轉,01380021
RPTOMLKLMHJFFAI97CA,頭港段,85.95,都市：住,1,1,全筆移轉,01380033
RPQNMLQJMHJFFAI97CA,榮段三小段,1.20,都市：住,6800,120,持分移轉,00380000
RPQNMLQJMHJFFAI97CA,榮段三小段,.73,都市：住,4200,73,持分移轉,00380001
RPQNMLQJMHJFFAI97CA,榮段三小段,10.20,都市：住,5820,102,持分移轉,00380002
RPPNMLQJMHJFFAI87CA,遠東段,20.53,都市：住,10000,22,持分移轉,00680007
RPVQMLKLMHJFFAI38CA,頭港段,87.09,都市：住,1,1,全筆移轉,01380035
RPVQMLKLMHJFFAI38CA,頭港段,19.84,都市：住,10000,549,持分移轉,01380039
RPRQMLKLMHJFFAI97CA,頭港段,79.43,都市：住,1,1,全筆移轉,01380025
RPRQMLKLMHJFFAI97CA,頭港段,21.57,都市：住,16,1,持分移轉,01380021
RPUQMLKLMHJFFAI28CA,頭港段,79.43,都市：住,1,1,全筆移轉,01380028
RPUQMLKLMHJFFAI28CA,頭港段,21.57,都市：住,16,1,持分移轉,01380021
RPTQMLKLMHJFFAI18CA,頭港段,79.43,都市：住,1,1,全筆移轉,01380027
RPTQMLKLMHJFFAI18CA,頭港段,21.57,都市：住,16,1,持分移轉,01380021
RPSNMLSKMHJFFAI68EA,西門段七小段,148.00,都市：商,1,1,全筆移轉,00390003
RPSNMLSKMHJFFAI68EA,西門段七小段,107.00,都市：商,1,1,全筆移轉,00420000
RPSNMLSKMHJFFAI68EA,西門段七小段,1.00,都市：商,1,1,全筆移轉,00420001
RPXQMLKLMHJFFAI58CA,頭港段,91.99,都市：住,1,1,全筆移轉,01380037
RPXQMLKLMHJFFAI58CA,頭港段,19.84,都市：住,10000,549,持分移轉,01380039
RPRRMLKLMHJFFAI08CA,頭港段,90.64,都市：住,1,1,全筆移轉,01380042
RPRRMLKLMHJFFAI08CA,頭港段,19.84,都市：住,10000,549,持分移轉,01380039
RPTNMLKLMHJFFAI87CA,頭港段,112.68,都市：住,1,1,全筆移轉,01380008
RPWQMLKLMHJFFAI48CA,頭港段,89.54,都市：住,1,1,全筆移轉,01380036
RPWQMLKLMHJFFAI48CA,頭港段,19.84,都市：住,10000,549,持分移轉,01380039
RPQRMLKLMHJFFAI97CA,頭港段,80.61,都市：住,1,1,全筆移轉,01380041
RPQRMLKLMHJFFAI97CA,頭港段,19.84,都市：住,10000,549,持分移轉,01380039
RPVNMLKLMHJFFAI08CA,頭港段,85.95,都市：住,1,1,全筆移轉,01380010
RPQOMLKLMHJFFAI67CA,頭港段,85.95,都市：住,1,1,全筆移轉,01380030
RPROMLKLMHJFFAI77CA,頭港段,85.95,都市：住,1,1,全筆移轉,01380031
RPTNMLNKMHJFFAI08CA,榮段三小段,16.21,都市：商,10000,289,持分移轉,00370000
RPTPMLKLMHJFFAI08CA,頭港段,80.00,都市：住,1,1,全筆移轉,01380016
RPTPMLKLMHJFFAI08CA,頭港段,21.57,都市：住,16,1,持分移轉,01380021
RPSPMLKLMHJFFAI97CA,頭港段,81.14,都市：住,1,1,全筆移轉,01380015
RPSPMLKLMHJFFAI97CA,頭港段,21.57,都市：住,16,1,持分移轉,01380021
RPVPMLKLMHJFFAI28CA,頭港段,76.81,都市：住,1,1,全筆移轉,01380018
RPUPMLKLMHJFFAI18CA,頭港段,78.40,都市：住,1,1,全筆移轉,01380017
RPVPMLKLMHJFFAI28CA,頭港段,21.57,都市：住,16,1,持分移轉,01380021
RPUPMLKLMHJFFAI18CA,頭港段,21.57,都市：住,16,1,持分移轉,01380021
RPWPMLKLMHJFFAI38CA,頭港段,69.58,都市：住,1,1,全筆移轉,01380019
RPWPMLKLMHJFFAI38CA,頭港段,21.57,都市：住,16,1,持分移轉,01380021
RPRPMLKLMHJFFAI87CA,頭港段,81.00,都市：住,1,1,全筆移轉,01380014
RPRPMLKLMHJFFAI87CA,頭港段,21.57,都市：住,16,1,持分移轉,01380021
RPQQMLKLMHJFFAI87CA,頭港段,79.43,都市：住,1,1,全筆移轉,01380024
RPQQMLKLMHJFFAI87CA,頭港段,21.57,都市：住,16,1,持分移轉,01380021
RPXPMLKLMHJFFAI48CA,頭港段,84.80,都市：住,1,1,全筆移轉,01380020
RPXPMLKLMHJFFAI48CA,頭港段,21.57,都市：住,16,1,持分移轉,01380021
RPQOMLSJMHJFFAI28CA,台斗坑段,206.00,都市：住,1,1,全筆移轉,03780116
RPSNMLLMLHJFFAI87CA,榮段四小段,5.05,都市：商,10000,495,持分移轉,00640029
RPSNMLLMLHJFFAI87CA,榮段四小段,33.12,都市：商,10000,495,持分移轉,00640030
RPVNMLTLLHJFFAI88CA,北社尾段,86.00,都市：住,1,1,全筆移轉,07270004
RPTNMLLMLHJFFAI97CA,榮段四小段,.20,都市：商,10000,20,持分移轉,00640029
RPTNMLLMLHJFFAI97CA,榮段四小段,1.34,都市：商,10000,20,持分移轉,00640030
RPVNMLSLLHJFFAI78CA,盧厝段,39.98,都市：住,19008,182,持分移轉,02010000
RPPOMLLMLHJFFAI67CA,湖內段,95.00,都市：農,1,1,全筆移轉,07800000
RPQOMLLMLHJFFAI77CA,竹村段,1080.69,都市：農,6,1,持分移轉,00210000
RPSOMLLMLHJFFAI97CA,車店段車店小段,11.40,都市：住,1000,57,持分移轉,07950000
RPWNMLLJMHJFFAI08CA,盧厝段,9.25,都市：住,100000,454,持分移轉,02550000
RPTNMLLJMHJFFAI77CA,竹圍子段,996.00,都市：住,1,1,全筆移轉,01050004
RPTNMLLJMHJFFAI77CA,竹圍子段,886.00,都市：住,1,1,全筆移轉,01050005
RPTNMLLJMHJFFAI77CA,竹圍子段,4.00,都市：其他:,1,1,全筆移轉,01050009
RPTNMLLJMHJFFAI77CA,竹圍子段,12.00,都市：其他:,1,1,全筆移轉,01050010
RPTNMLLJMHJFFAI77CA,竹圍子段,165.00,都市：其他:,1,1,全筆移轉,01050011
RPRNMLMJMHJFFAI67CA,短竹段,17.55,都市：住,20000,171,持分移轉,09120070
RPRNMLQJMHJFFAI08CA,後庄段,75.00,都市：住,1,1,全筆移轉,03030000
RPROMLMJMHJFFAI77CA,竹圍子段,18.42,都市：住,10000,133,持分移轉,03100000
RPSNMLQJMHJFFAI18CA,中山段六小段,14.15,都市：住,10000,309,持分移轉,00510003
RPWNMLOJMHJFFAI38CA,竹圍子段三小段,37.35,都市：住,10000,423,持分移轉,01710000
RPPOMLRJMHJFFAI08CA,下路頭段,23.12,都市：其他:空白,1000,63,持分移轉,00020005
RPXNMLOJMHJFFAI48CA,竹圍子段,11.80,都市：住,9300,118,持分移轉,02340003
RPSNMLTLLHJFFAI58CA,白川段,34.83,都市：住,100000,707,持分移轉,00160007
RPWNMLMJMHJFFAI38EA,白川段,35.86,都市：住,100000,731,持分移轉,00310000
RPPOMLMJMHJFFAI77EA,玉川段,50.00,都市：住,2,1,持分移轉,00850000
RPPOMLMJMHJFFAI77EA,玉川段,2.50,都市：住,48,5,持分移轉,00850007
RPUNMLSJMHJFFAI58CA,短竹段,.31,都市：其他:空白,100000,505,持分移轉,16680000
RPUNMLSJMHJFFAI58CA,短竹段,4.94,都市：其他:空白,100000,505,持分移轉,16690000
RPTNMLTLLHJFFAI68CA,車店段車店小段,96.00,都市：住,1,1,全筆移轉,03230000
RPTNMLSLLHJFFAI78EA,湖東段,30.40,都市：住,5,1,持分移轉,02080000
RPPNMLSLLHJFFAI38EA,下路頭段,24.29,都市：住,10000,83,持分移轉,00100076
RPQNMLLMLHJFFAI77DA,末廣段二小段,51.00,都市：住,1,1,全筆移轉,00120030
RPQNMLLMLHJFFAI77DA,末廣段二小段,1.00,都市：住,1,1,全筆移轉,00190012
RPOOMLSLLHJFFAI38EA,下路頭段,70.00,都市：住,1,1,全筆移轉,01450003
RPPNMLSJMHJFFAI28EA,北園段,19.00,都市：住,1,1,全筆移轉,15960000
RPOOMLLMLHJFFAI77EA,白川段,39.63,都市：住,10000,122,持分移轉,00050021
RPROMLRJMHJFFAI28CA,盧厝段,43.56,都市：住,400000,744,持分移轉,03020000
RPSNMLMJMHJFFAI77CA,彌陀段,182.00,都市：住,1,1,全筆移轉,12810000
RPOOMLRJMHJFFAI97CA,車店段車店小段,23.39,都市：其他:空白,10000,48,持分移轉,00450000
RPXNMLTLLHJFFAI09CA,盧厝段,43.56,都市：住,100000,186,持分移轉,03020000
RPOOMLTLLHJFFAI28CA,港子坪段,107.00,都市：住,1,1,全筆移轉,00130105
RPWNMLSLLHJFFAI88CA,盧厝段,25.70,都市：住,19008,117,持分移轉,02010000
RPQOMLMKMHJFFAI77CA,北社尾段,14.52,都市：住,10000,81,持分移轉,04880000
RPSNMLNKMHJFFAI97CA,短竹段,13.81,都市：住,50000,116,持分移轉,09120071
RPWOMLKLMHJFFAI28CA,西門段七小段,25.00,都市：商,1,1,全筆移轉,00020006
RPWOMLKLMHJFFAI28CA,西門段七小段,29.00,都市：商,1,1,全筆移轉,00080001
RPWOMLKLMHJFFAI28CA,西門段七小段,112.00,都市：商,1,1,全筆移轉,00090000
RPOOMLMLMHJFFAI67CA,盧厝段,43.56,都市：住,100000,186,持分移轉,03020000
RPTNMLMLMHJFFAI28EA,車店段車店小段,142.50,都市：住,2,1,持分移轉,08270000
RPPOMLMLMHJFFAI77CA,湖子內段湖內小段,381.00,都市：住,1,1,全筆移轉,01420028
RPPOMLMLMHJFFAI77CA,湖子內段湖內小段,64.00,都市：住,1,1,全筆移轉,01430035
RPXNMLRJMHJFFAI78CA,白川段,44.56,都市：其他:空白,100000,1818,持分移轉,00330004
RPWNMLRJMHJFFAI68CA,車店段,25.33,都市：其他:空白,100000,889,持分移轉,00860013
RPWNMLRJMHJFFAI68CA,白川段,4.27,都市：其他:空白,100000,889,持分移轉,00800005
RPPOMLKLMHJFFAI57CA,榮段七小段,38.00,都市：商,1,1,全筆移轉,00010006
RPWNMLLLMHJFFAI28CA,太平段,14.14,都市：住,21,1,持分移轉,01120000
RPWNMLLLMHJFFAI28CA,太平段,69.00,都市：住,1,1,全筆移轉,01120017
RPQOMLRKMHJFFAI28CA,太平段,12.75,都市：住,1074,18,持分移轉,00170003
RPQOMLRKMHJFFAI28CA,盧厝段,5.25,都市：住,1074,18,持分移轉,09650000
RPPNMLNKMHJFFAI67CA,檜段一小段,17.35,都市：住,10000,159,持分移轉,00010019
RPPNMLNKMHJFFAI67CA,檜段二小段,26.24,都市：住,10000,159,持分移轉,00020004
RPTNMLTJMHJFFAI58CA,埤子頭段,79.00,都市：住,1,1,全筆移轉,01950058
RPVNMLOLMHJFFAI48CA,短竹段,31.67,都市：住,6,1,持分移轉,06790000
RPVNMLOLMHJFFAI48CA,短竹段,88.83,都市：住,6,1,持分移轉,07000000
RPVNMLOLMHJFFAI48CA,短竹段,36.67,都市：住,6,1,持分移轉,07010000
RPTNMLMJMHJFFAI87CA,港子坪段港坪小段,206.00,都市：住,1,1,全筆移轉,03130000
RPQNMLMJMHJFFAI57CA,元段五小段,105.00,都市：商,1,1,全筆移轉,01570000
RPQNMLMJMHJFFAI57CA,元段五小段,108.00,都市：商,1,1,全筆移轉,01570004
RPPNMLMJMHJFFAI47CA,下路頭段,61.00,都市：住,1,1,全筆移轉,07230005
RPPNMLMJMHJFFAI47CA,下路頭段,1.00,都市：住,1,1,全筆移轉,07230066
RPSOMLMJMHJFFAI87CA,車店段車店小段,11.40,都市：住,1000,57,持分移轉,07950000
RPXNMLMJMHJFFAI28CA,玉川段,116.00,都市：住,4,1,持分移轉,00220004
RPXNMLMJMHJFFAI28CA,玉川段,6.75,都市：住,4,1,持分移轉,00220089
RPSPMLRJMHJFFAI48CA,檜段一小段,13.42,都市：住,10000,123,持分移轉,00010019
RPSPMLRJMHJFFAI48CA,檜段二小段,20.30,都市：住,10000,123,持分移轉,00020004
RPPNMLPJMHJFFAI77CA,竹圍子段,100.00,都市：住,1,1,全筆移轉,00290008
RPTNMLQJMHJFFAI28CA,竹圍子段二小段,8.12,都市：住,10000,152,持分移轉,00530000
RPQNMLRJMHJFFAI08CA,同興段,52.00,都市：住,1,1,全筆移轉,04870000
RPQNMLRJMHJFFAI08CA,同興段,11.00,都市：住,1,1,全筆移轉,04880000
RPOOMLOJMHJFFAI67CA,榮段五小段,9.64,都市：商,234080,5400,持分移轉,00330000
RPQOMLNLMHJFFAI97CA,港子坪段港坪小段,152.00,都市：住,1,1,全筆移轉,01230000
RPUOMLNLMHJFFAI38CA,遠東段,1541.00,都市：工,2,1,持分移轉,03860000
RPUOMLNLMHJFFAI38CA,遠東段,1541.00,都市：工,2,1,持分移轉,03860000
RPTOMLNLMHJFFAI28CA,遠東段,738.50,都市：工,2,1,持分移轉,03870000
RPTOMLNLMHJFFAI28CA,遠東段,738.50,都市：工,2,1,持分移轉,03870000
RPSNMLPJMHJFFAI08CA,北社尾段保安小段,173.00,都市：住,1,1,全筆移轉,03980004
RPVOMLRJMHJFFAI68CA,軍輝段,8.34,都市：其他:空白,10000,62,持分移轉,07610000
RPVNMLMKMHJFFAI18CA,竹圍子段,17.00,都市：住,1,1,全筆移轉,04020002
RPVNMLMKMHJFFAI18CA,竹圍子段,449.00,都市：住,1,1,全筆移轉,04020003
RPVNMLMKMHJFFAI18CA,竹圍子段,13.00,都市：住,1,1,全筆移轉,04020004
RPQNMLNLMHJFFAI87CA,竹圍子段,90.00,都市：住,1,1,全筆移轉,00060070
RPVNMLMKMHJFFAI18CA,竹圍子段,206.00,都市：住,1,1,全筆移轉,04020005
RPVNMLMKMHJFFAI18CA,竹圍子段,53.00,都市：住,1,1,全筆移轉,04060048
RPQNMLNLMHJFFAI87CA,竹圍子段,12.00,都市：住,1,1,全筆移轉,00060071
RPQOMLTJMHJFFAI38CA,軍輝段,83.00,都市：住,1,1,全筆移轉,04160019
RPOPMLLLMHJFFAI67CA,東川段,19.64,都市：住,10000,156,持分移轉,06280000
RPQNMLLKMHJFFAI57CA,白川段,23.98,都市：住,618613,8070,持分移轉,00860001
RPPNMLTKMHJFFAI28CA,軍輝段,33.64,都市：住,10000,61,持分移轉,00030000
RPPNMLTJMHJFFAI18CA,堀川段,52.75,都市：住,4,1,持分移轉,00220166
RPQNMLTJMHJFFAI28CA,榮段二小段,40.75,都市：商,8,1,持分移轉,00560000
RPSNMLTJMHJFFAI48CA,下路頭段,30.49,都市：住,10000,184,持分移轉,07670000
RPVOMLSKMHJFFAI88CA,長竹段,27.00,都市：住,1,1,全筆移轉,04250000
RPVOMLSKMHJFFAI88CA,長竹段,73.00,都市：住,1,1,全筆移轉,04260000
RPPPMLRJMHJFFAI18CA,劉厝段劉厝小段,26.81,都市：住,10000,170,持分移轉,03110000
RPPPMLRJMHJFFAI18CA,劉厝段劉厝小段,1.00,都市：住,10000,170,持分移轉,03110040
RPPPMLRJMHJFFAI18CA,劉厝段劉厝小段,8.40,都市：住,10000,170,持分移轉,03120011
RPUOMLKKMHJFFAI97CA,劉厝段劉厝小段,4.26,都市：住,20000,54,持分移轉,03110000
RPUOMLKKMHJFFAI97CA,劉厝段劉厝小段,4.26,都市：住,20000,54,持分移轉,03110000
RPUOMLKKMHJFFAI97CA,劉厝段劉厝小段,.16,都市：住,20000,54,持分移轉,03110040
RPUOMLKKMHJFFAI97CA,劉厝段劉厝小段,.16,都市：住,20000,54,持分移轉,03110040
RPUOMLKKMHJFFAI97CA,劉厝段劉厝小段,1.33,都市：住,20000,54,持分移轉,03120011
RPUOMLKKMHJFFAI97CA,劉厝段劉厝小段,1.33,都市：住,20000,54,持分移轉,03120011
RPTOMLRKMHJFFAI58CA,太平段,18.50,都市：住,10000,23,持分移轉,00210000
RPRNMLNKMHJFFAI87CA,短竹段,12.38,都市：住,50000,104,持分移轉,09120071
RPUNMLQJMHJFFAI38CA,民族段三小段,5.10,都市：住,1000,58,持分移轉,00040001
RPUNMLQJMHJFFAI38CA,民族段三小段,17.34,都市：住,1000,58,持分移轉,00130000
RPRNMLPJMHJFFAI97CA,下路頭段,28.94,都市：住,10000,286,持分移轉,02010003
RPQNMLNJMHJFFAI87EA,竹圍子段二小段,8.96,都市：住,10000,106,持分移轉,02220000
RPVNMLPKMHJFFAI58DA,玉川段,76.00,都市：住,1,1,全筆移轉,01020006
RPVNMLPKMHJFFAI58DA,玉川段,29.00,都市：住,1,1,全筆移轉,01010012
RPTNMLSJMHJFFAI68EA,民族段四小段,9.31,都市：住,10000,320,持分移轉,00250000
RPVNMLSKMHJFFAI88DA,檜段三小段,36.00,都市：住,1,1,全筆移轉,00460004
RPVNMLSKMHJFFAI88DA,檜段三小段,27.00,都市：住,1,1,全筆移轉,00470009
RPRNMLRJMHJFFAI28DA,白川段,32.98,都市：住,100000,719,持分移轉,00140001
RPXNMLSKMHJFFAI09DA,下路頭段,9.79,都市：住,10000,18,持分移轉,00970000
RPSNMLRKMHJFFAI48DA,玉川段,105.00,都市：住,1,1,全筆移轉,01020008
RPSNMLRKMHJFFAI48DA,玉川段,29.00,都市：住,1,1,全筆移轉,01010014
RPWNMLSKMHJFFAI98DA,何庄段,141.14,都市：住,1,1,全筆移轉,04430000
RPQNMLSJMHJFFAI18CA,彌陀段,21.74,都市：住,10000,594,持分移轉,08230000
RPRNMLSJMHJFFAI28CA,彌陀段,108.00,都市：住,1,1,全筆移轉,06530000
RPQNMLPKMHJFFAI97CA,下路頭段,41.63,都市：住,30000,1540,持分移轉,07380003
RPSNMLSJMHJFFAI38CA,彌陀段,496.00,都市：住,1,1,全筆移轉,06520000
RPROMLMKMHJFFAI87CA,西門段五小段,19.69,都市：商,32,2,持分移轉,00430000
RPROMLMKMHJFFAI87CA,西門段五小段,8.12,都市：商,32,2,持分移轉,00430004
RPPNMLOLMHJFFAI87CA,堀川段,21.63,都市：住,10000,277,持分移轉,00030024
RPXNMLTKMHJFFAI09CA,北社尾段保安小段,15.67,都市：住,10000,149,持分移轉,06030000
RPPOMLMJNHJFFAI67CA,東門段七小段,9.18,都市：住,10000,72,持分移轉,00590000
RPQOMLMJNHJFFAI77CA,玉川段,102.00,都市：住,1,1,全筆移轉,00580064
RPQNMLNKMHJFFAI77CA,盧厝段,96.30,都市：住,153,106,持分移轉,03440062
RPQNMLNKMHJFFAI77CA,盧厝段,9.70,都市：農,153,106,持分移轉,03440067
RPQNMLKLMHJFFAI57CA,車店段車店小段,7.68,都市：住,1000,19,持分移轉,09120005
RPXNMLLLMHJFFAI38CA,遠東段,15.86,都市：住,10000,17,持分移轉,00680007
RPTNMLRKMHJFFAI68EA,車店段車店小段,13.40,都市：住,10000,368,持分移轉,10680000
RPVNMLTJMHJFFAI78CA,荖藤段,1000.00,都市：農,3121,1000,持分移轉,00340000
RPVOMLSJMHJFFAI78CA,車店段車店小段,32.22,都市：住,100000,714,持分移轉,01220000
RPOOMLTJMHJFFAI18CA,竹圍子段,50.00,都市：住,1,1,全筆移轉,02390036
RPVNMLNKMHJFFAI28CA,新厝段,63.00,都市：住,1,1,全筆移轉,02160000
SPQPMLRJMHJFFAI38CA,北社尾段,21.14,都市：住,10000,46,持分移轉,07120001
RPWNMLNKMHJFFAI38CA,車店段車店小段,83.00,都市：住,1,1,全筆移轉,00450018
RPPOMLSJMHJFFAI18CA,湖內段,15.33,都市：住,10000,119,持分移轉,09980000
RPPOMLSJMHJFFAI18CA,湖內段,12.13,都市：住,10000,119,持分移轉,10230000
RPXOMLRJMHJFFAI88CA,興村段,65.00,都市：住,1,1,全筆移轉,04680000
RPROMLSJMHJFFAI58EA,湖內段,91.25,都市：住,4,1,持分移轉,06480006
RPROMLSJMHJFFAI58EA,湖內段,16.48,都市：其他:道路用地,40,1,持分移轉,11000000
RPROMLSJMHJFFAI58EA,湖內段,.02,都市：住,40,1,持分移轉,11000002
RPUNMLTJMHJFFAI88EA,湖內段,77.00,都市：住,1,1,全筆移轉,10980019
RPPNMLKKMHJFFAI47DA,太平段,81.00,都市：住,1,1,全筆移轉,00460016
RPTNMLKKMHJFFAI77CA,車店段車店小段,29.76,都市：住,87100,2976,持分移轉,08750000
RPSNMLMKMHJFFAI87CA,盧厝段,67.00,都市：住,1,1,全筆移轉,04190016
RPQOMLKKMHJFFAI57CA,檜段七小段,7.52,都市：其他:空白,10000,97,持分移轉,00010038
RPUNMLMKMHJFFAI08CA,竹圍子段三小段,33.50,都市：住,17810,335,持分移轉,02230000
RPOOMLLLMHJFFAI57CA,遠東段,142.00,都市：住,1,1,全筆移轉,00310064
RPSOMLKLMHJFFAI87CA,盧厝段,28.50,都市：住,6,1,持分移轉,03050071
RPSOMLKLMHJFFAI87CA,盧厝段,48.00,都市：住,1,1,全筆移轉,03050096
RPQNMLTKMHJFFAI38CA,港子坪段港坪小段,75.00,都市：住,1,1,全筆移轉,02320006
RPPOMLTKMHJFFAI38CA,車店段,26.80,都市：住,12000,135,持分移轉,03750000
RPPOMLTKMHJFFAI38CA,車店段,1.63,都市：住,12000,135,持分移轉,03850012
RPUNMLTKMHJFFAI78CA,劉厝段劉厝小段,9.92,都市：住,10000,26,持分移轉,03120001
RPSNMLTKMHJFFAI58CA,盧厝段,18.98,都市：住,100000,932,持分移轉,02550000
RPSOMLTLMHJFFAI78CA,竹圍子段,40.18,都市：住,1000,28,持分移轉,02090000
RPTNMLTKMHJFFAI68CA,車店段車店小段,87.00,都市：住,1,1,全筆移轉,07320001
RPVNMLTKMHJFFAI88CA,榮段五小段,8.75,都市：商,234080,4900,持分移轉,00330000
RPSNMLKLMHJFFAI77CA,頭港段,110.18,都市：住,1,1,全筆移轉,01380006
RPUNMLKLMHJFFAI97CA,頭港段,114.28,都市：住,1,1,全筆移轉,01380009
RPPQMLKLMHJFFAI77CA,頭港段,73.80,都市：住,1,1,全筆移轉,01380023
RPPQMLKLMHJFFAI77CA,頭港段,21.57,都市：住,16,1,持分移轉,01380021
RPWNMLKLMHJFFAI18CA,頭港段,85.95,都市：住,1,1,全筆移轉,01380011
RPOQMLKLMHJFFAI67CA,頭港段,113.99,都市：住,1,1,全筆移轉,01380022
RPOQMLKLMHJFFAI67CA,頭港段,21.57,都市：住,16,1,持分移轉,01380021
RPSOMLMLMHJFFAI08CA,車店段車店小段,112.00,都市：住,1,1,全筆移轉,08280000
RPPNMLMKMHJFFAI57CA,劉厝段玉山小段,129.18,都市：住,1,1,全筆移轉,01510001
RPRNMLLKMHJFFAI67CA,太平段,18.50,都市：住,10000,23,持分移轉,00210000
RPXOMLKLMHJFFAI38CA,頭港段,85.95,都市：住,1,1,全筆移轉,01380029
RPXOMLKLMHJFFAI38CA,頭港段,21.57,都市：住,16,1,持分移轉,01380021
RPQPMLKLMHJFFAI77CA,頭港段,92.00,都市：住,1,1,全筆移轉,01380034
RPQPMLKLMHJFFAI77CA,頭港段,19.84,都市：住,10000,549,持分移轉,01380039
RPORMLKLMHJFFAI77CA,頭港段,98.94,都市：住,1,1,全筆移轉,01380038
RPORMLKLMHJFFAI77CA,頭港段,19.84,都市：住,10000,549,持分移轉,01380039
RPPRMLKLMHJFFAI87CA,頭港段,101.74,都市：住,1,1,全筆移轉,01380040
RPPRMLKLMHJFFAI87CA,頭港段,19.84,都市：住,10000,549,持分移轉,01380039
RPVNMLLKMHJFFAI08CA,湖內段,13.20,都市：住,10000,104,持分移轉,03160000
RPOOMLMKMHJFFAI57CA,下路頭段,82.00,都市：住,1,1,全筆移轉,00860125
RPROMLKKMHJFFAI67CA,車店段車店小段,16.90,都市：住,10000,130,持分移轉,05850000
RPUNMLLKMHJFFAI97CA,埤子頭段,70.00,都市：住,1,1,全筆移轉,03710035
RPUNMLLKMHJFFAI97CA,埤子頭段,70.00,都市：住,1,1,全筆移轉,03710036
RPUNMLLKMHJFFAI97CA,埤子頭段,12.40,都市：住,25,2,持分移轉,03710044
RPUNMLLKMHJFFAI97CA,埤子頭段,8.32,都市：住,25,2,持分移轉,03710045
RPUNMLLKMHJFFAI97CA,埤子頭段,5.52,都市：住,25,2,持分移轉,03710046
RPRNMLMKMHJFFAI77CA,民族段三小段,27.00,都市：住,1,1,全筆移轉,00010014
RPRNMLMKMHJFFAI77CA,民族段三小段,100.00,都市：住,1,1,全筆移轉,00020008
RPRNMLMKMHJFFAI77CA,民族段三小段,17.00,都市：住,1,1,全筆移轉,00020019
RPSQMLKLMHJFFAI08CA,頭港段,79.43,都市：住,1,1,全筆移轉,01380026
RPSQMLKLMHJFFAI08CA,頭港段,21.57,都市：住,16,1,持分移轉,01380021
RPQNMLKKMHJFFAI47CA,劉厝段劉厝小段,86.00,都市：住,1,1,全筆移轉,02260086
RPRNMLKKMHJFFAI57CA,港子坪段,61.00,都市：住,1,1,全筆移轉,02220046
RPSOMLRKMHJFFAI48CA,竹圍子段三小段,100.00,都市：住,1,1,全筆移轉,01130001
RPOOMLSKMHJFFAI28DA,竹圍子段,2032.07,都市：住,500,277,持分移轉,00180000
RPOOMLSKMHJFFAI28DA,竹圍子段,309.13,都市：住,500,277,持分移轉,00180004
RPRNMLOKMHJFFAI97CA,興村段興村小段,145.35,都市：住,1,1,全筆移轉,00010020
RPRNMLOKMHJFFAI97CA,興村段興村小段,7.65,都市：住,1,1,全筆移轉,00010026
RPXNMLKKMHJFFAI38EA,下路頭段,129.00,都市：住,1,1,全筆移轉,04590015
RPPOMLKKMHJFFAI67EA,車店段車店小段,29.72,都市：住,10000,61,持分移轉,00450000
RPQNMLMKMHJFFAI67CA,遠東段,7.46,都市：住,10000,8,持分移轉,00680007
RPUNMLLJNHJFFAI97CA,竹圍子段,17.42,都市：住,10000,63,持分移轉,02450006
RPTNMLQJNHJFFAI38CA,車店段車店小段,108.00,都市：住,1,1,全筆移轉,10830010
RPTNMLOKMHJFFAI18CA,興村段興村小段,165.37,都市：住,1,1,全筆移轉,00020078
RPTNMLOKMHJFFAI18CA,興村段興村小段,47.89,都市：住,1,1,全筆移轉,00020086
RPTNMLOKMHJFFAI18CA,興村段興村小段,.23,都市：住,51,1,持分移轉,00020037
RPTNMLOKMHJFFAI18CA,興村段興村小段,3.63,都市：住,15,1,持分移轉,00020062
RPTNMLOKMHJFFAI18CA,興村段興村小段,6.68,都市：住,510000,10019,持分移轉,00020076
RPTNMLOKMHJFFAI18CA,興村段,17.00,都市：其他:,1,1,全筆移轉,01210011
RPTNMLOKMHJFFAI18CA,興村段,.59,都市：其他:,51,1,持分移轉,01220012
RPTNMLOKMHJFFAI18CA,興村段,28.00,都市：其他:,1,1,全筆移轉,01220027
RPRNMLRJNHJFFAI28CA,盧厝段,8.88,都市：住,100000,436,持分移轉,02550000
RPSOMLKKMHJFFAI87DA,後庄段,100.00,都市：住,1,1,全筆移轉,10440019
RPSNMLPKMHJFFAI38EA,竹圍子段二小段,7.53,都市：住,10000,141,持分移轉,00530000
RPSNMLNLMHJFFAI28EA,埤子頭段,190.00,都市：住,1,1,全筆移轉,03770034
RPSNMLNLMHJFFAI28EA,埤子頭段,3.00,都市：住,1,1,全筆移轉,03770048
RPSNMLNLMHJFFAI28EA,埤子頭段,1.00,都市：住,1,1,全筆移轉,03770069
RPSNMLKKMHJFFAI87EA,興村段,77.00,都市：住,1,1,全筆移轉,01520013
RPTNMLPKMHJFFAI28CA,新富段二小段,21.73,都市：住,10000,74,持分移轉,00590000
RPTNMLPKMHJFFAI28CA,新富段二小段,.07,都市：住,10000,74,持分移轉,00590010
RPPOMLSKMHJFFAI38DA,新厝段,112.00,都市：住,1,1,全筆移轉,00290000
RPOOMLTKMHJFFAI28CA,車店段,21.60,都市：住,1000,30,持分移轉,04740004
RPVNMLRJNHJFFAI68CA,遠東段,7.46,都市：住,10000,8,持分移轉,00680007
RPXNMLPKMHJFFAI68CA,台斗坑段,8.00,都市：住,1,1,全筆移轉,04470000
RPPOMLMKMHJFFAI67CA,短竹段,6.67,都市：住,50000,56,持分移轉,09120071
RPWNMLMKMHJFFAI28CA,下路頭段,4.89,都市：住,10000,9,持分移轉,00970000
RPSNMLPLMHJFFAI28CA,南門段五小段,13.16,都市：商,10000,33,持分移轉,00450000
RPSNMLPLMHJFFAI28CA,南門段五小段,4.93,都市：住,10000,33,持分移轉,00450003
RPSNMLPLMHJFFAI28CA,南門段五小段,.64,都市：住,10000,33,持分移轉,00450004
RPUNMLNLMHJFFAI28CA,軍輝段,13.05,都市：住,10000,97,持分移轉,07610000
RPVNMLOKMHJFFAI38CA,頂庄段,103.00,都市：住,1,1,全筆移轉,05440001
RPWOMLSKMHJFFAI98CA,興村段,32.90,都市：住,10000,1000,持分移轉,02000000
RPPNMLOKMHJFFAI77CA,港子坪段港坪小段,20.48,都市：住,10000,265,持分移轉,00360000
RPVNMLNJNHJFFAI28CA,劉厝段,104.00,都市：住,1,1,全筆移轉,00190140
RPRNMLRKMHJFFAI48EA,竹圍子段,100.00,都市：住,1,1,全筆移轉,01370006
RPVNMLPKMHJFFAI68EA,頂庄段,69.00,都市：住,1,1,全筆移轉,00650013
RPUNMLPLMHJFFAI68EA,中山段三小段,9.25,都市：住,4,1,持分移轉,00190000
RPRNMLSKMHJFFAI48DA,末廣段五小段,22.36,都市：商,3000,28,持分移轉,00090000
RPPOMLRKMHJFFAI18CA,盧厝段,82.00,都市：住,1,1,全筆移轉,02580089
RPVNMLPLMHJFFAI78EA,車店段車店小段,189.00,都市：住,1,1,全筆移轉,07710002
RPWNMLPKMHJFFAI58CA,北社尾段,77.00,都市：住,1,1,全筆移轉,06580111
RPRNMLPKMHJFFAI08CA,西門段六小段,2.64,都市：商,10000,92,持分移轉,00400004
RPRNMLPKMHJFFAI08CA,新富段六小段,8.85,都市：商,10000,92,持分移轉,00010000
RPUOMLKLMHJFFAI08CA,新厝段,100.00,都市：農,1,1,全筆移轉,09400000
RPUOMLKLMHJFFAI08CA,新厝段,96.00,都市：農,1,1,全筆移轉,09410000
RPSNMLMLMHJFFAI97CA,盧厝段,15.04,都市：住,10000,59,持分移轉,04290000
RPTRMLKLMHJFFAI28CA,竹圍子段中興小段,8.27,都市：住,61700,827,持分移轉,01150000
RPTOMLLLMHJFFAI08CA,南門段五小段,9.97,都市：商,10000,25,持分移轉,00450000
RPTOMLLLMHJFFAI08CA,南門段五小段,3.73,都市：住,10000,25,持分移轉,00450003
RPTOMLLLMHJFFAI08CA,南門段五小段,.49,都市：商,10000,25,持分移轉,00450004
RPROMLTKMHJFFAI58CA,新富段二小段,109.00,都市：住,1,1,全筆移轉,00460012
RPWNMLTKMHJFFAI98CA,竹圍子段三小段,33.86,都市：住,10000,285,持分移轉,01620000
RPTNMLQKMHJFFAI38CA,車店段,34.51,都市：住,100000,293,持分移轉,00620000
RPTNMLQKMHJFFAI38CA,白川段,3.27,都市：住,100000,293,持分移轉,00270000
RPOOMLRJNHJFFAI28EA,下路頭段,72.00,都市：住,1,1,全筆移轉,05750030
RPQNMLSKMHJFFAI28CA,興村段,2.26,都市：商,10000,73,持分移轉,01330000
RPQNMLSKMHJFFAI28CA,興村段,13.64,都市：商,10000,73,持分移轉,01490000
RPVNMLRKMHJFFAI68CA,竹圍子段,87.00,都市：住,1,1,全筆移轉,00050004
RPVNMLRKMHJFFAI68CA,竹圍子段,8.00,都市：住,1,1,全筆移轉,00050012
RPOPMLSKMHJFFAI38DA,北社尾段保安小段,219.00,都市：商,1,1,全筆移轉,06960000
RPOPMLSKMHJFFAI38DA,北社尾段保安小段,985.00,都市：商,1,1,全筆移轉,07000000
RPOPMLSKMHJFFAI38DA,北社尾段保安小段,754.00,都市：商,1,1,全筆移轉,06970000
RPQOMLSKMHJFFAI48DA,中山段一小段,40.25,都市：住,1000,52,持分移轉,00050000
RPQNMLNKNHJFFAI87CA,埤子頭段新厝小段,76.00,都市：住,1,1,全筆移轉,02020000
RPQNMLQKMHJFFAI28EA,白川段,62.00,都市：其他:,1,1,全筆移轉,00760006
RPQNMLQKMHJFFAI28EA,白川段,45.00,都市：其他:,1,1,全筆移轉,00760008
RPQNMLQKMHJFFAI28EA,白川段,155.00,都市：其他:,1,1,全筆移轉,00770020
RPQNMLQKMHJFFAI28EA,竹圍子段,15.87,都市：其他:,15,2,持分移轉,03770002
RPQNMLQKMHJFFAI28EA,竹圍子段,43.13,都市：其他:,15,1,持分移轉,03880001
RPVNMLSKMHJFFAI98EA,中山段五小段,10.00,都市：商,3356,40,持分移轉,00150003
RPQOMLLLMHJFFAI97EA,台斗坑段,8.58,都市：住,10000,15,持分移轉,03240003
RPSNMLRKMHJFFAI58EA,下路頭段,318.00,都市：住,1,1,全筆移轉,02130004
RPTNMLTLMHJFFAI98EA,台斗坑段,21.73,都市：住,10000,38,持分移轉,03240003
RPVNMLNKNHJFFAI38CA,港子坪段,2.22,都市：住,10000,309,持分移轉,02020067
RPVNMLNKNHJFFAI38CA,港子坪段港坪小段,21.97,都市：住,10000,309,持分移轉,01110000
RPOOMLMJNHJFFAI77EA,中山段二小段,11.40,都市：住,10000,755,持分移轉,00060001
RPOOMLMJNHJFFAI77EA,中山段二小段,5.74,都市：住,10000,755,持分移轉,00050006
RPSNMLRJNHJFFAI58EA,下路頭段,89.00,都市：住,1,1,全筆移轉,03340039
RPSNMLQJNHJFFAI48EA,湖內段,72.00,都市：住,1,1,全筆移轉,02420000
RPSOMLSKMHJFFAI58CA,彌陀段,84.50,都市：住,2,1,持分移轉,06510000
RPROMLSKMHJFFAI48CA,東川段,18.00,都市：住,1,1,全筆移轉,04980010
RPROMLSKMHJFFAI48CA,東川段,49.00,都市：住,1,1,全筆移轉,05010007
RPROMLRJNHJFFAI38CA,下路頭段,86.00,都市：住,1,1,全筆移轉,04280259
RPRNMLQKMHJFFAI18CA,山下段,.33,都市：住,10000,660,持分移轉,00310017
RPRNMLQKMHJFFAI18CA,山下段,69.00,都市：住,1,1,全筆移轉,00310019
RPRNMLQKMHJFFAI18CA,山下段,25.46,都市：住,100000,7577,持分移轉,00310024
RPRNMLQKMHJFFAI18CA,山下段,.66,都市：住,10000,660,持分移轉,00310026
RPTOMLSKMHJFFAI68CA,彌陀段,64.00,都市：住,1,1,全筆移轉,06550000
RPWNMLRKMHJFFAI78CA,車店段,21.84,都市：住,12000,110,持分移轉,03750000
RPWNMLRKMHJFFAI78CA,車店段,1.33,都市：住,12000,110,持分移轉,03850012
RPOOMLQLMHJFFAI08CA,車店段,54.86,都市：住,1000,54,持分移轉,01440000
RPRNMLRLMHJFFAI38CA,末廣段一小段,419.00,都市：住,1,1,全筆移轉,00050017
RPXNMLQLMHJFFAI88CA,遠東段,678.00,都市：工,990,678,持分移轉,02710000
RPWNMLQLMHJFFAI78CA,車店段,32.33,都市：住,1000,102,持分移轉,03960001
RPUNMLOLMHJFFAI38CA,白川段,34.29,都市：住,100000,709,持分移轉,00160000
RPQOMLTKMHJFFAI48CA,長竹段,25.27,都市：住,10000,82,持分移轉,01520000
RPVOMLTKMHJFFAI98CA,竹圍子段,1209.00,都市：商,1,1,全筆移轉,00560000
RPTOMLTKMHJFFAI78CA,下路頭段,61.00,都市：住,1,1,全筆移轉,01960013
RPTOMLTKMHJFFAI78CA,下路頭段,28.00,都市：住,1,1,全筆移轉,01960022
RPSOMLTKMHJFFAI68CA,北園段,990.00,都市：住,1,1,全筆移轉,01920000
RPSOMLTKMHJFFAI68CA,北園段,205.69,都市：住,13,7,持分移轉,01920013
RPSOMLLLMHJFFAI97CA,太平段,18.50,都市：住,10000,23,持分移轉,00210000
RPPOMLNLMHJFFAI87CA,台斗坑段,20.88,都市：住,10000,580,持分移轉,03500000
RPURMLKLMHJFFAI38CA,北園段,35.50,都市：住,2,1,持分移轉,11970002
RPURMLKLMHJFFAI38CA,北園段,35.50,都市：住,2,1,持分移轉,11970002
RPTNMLNLMHJFFAI18CA,車店段,70.00,都市：住,4,1,持分移轉,03260000
RPTNMLNLMHJFFAI18CA,車店段,.25,都市：其他:,4,1,持分移轉,03260001
RPXNMLRKMHJFFAI88CA,長竹段,94.00,都市：住,1,1,全筆移轉,09510000
RPOOMLNJNHJFFAI67CA,太平段,12.05,都市：住,1074,17,持分移轉,00170003
RPOOMLNJNHJFFAI67CA,盧厝段,4.95,都市：住,1074,17,持分移轉,09650000
RPQOMLNJNHJFFAI87CA,湖內段,44.49,都市：住,10000,1503,持分移轉,03830000
RPUNMLSKMHJFFAI78DA,湖內段,23.89,都市：住,10000,65,持分移轉,02360000
RPPNMLSKMHJFFAI28DA,中山段七小段,6.80,都市：商,10000,273,持分移轉,00830000
RPXNMLMLMHJFFAI58DA,太平段,97.00,都市：住,1,1,全筆移轉,00650006
RPXNMLMLMHJFFAI58DA,太平段,19.00,都市：住,1,1,全筆移轉,00650045
RPXNMLRJNHJFFAI88CA,湖內段,19.94,都市：商,27700,200,持分移轉,03180000
RPWNMLLLMHJFFAI48EA,中庄段,19.83,都市：住,20000,370,持分移轉,10690000
RPQNMLMLMHJFFAI97EA,北門段六小段,94.00,都市：商,1,1,全筆移轉,00050004
RPPOMLLLMHJFFAI87EA,台斗坑段,.22,都市：住,10000,105,持分移轉,04410045
RPPOMLLLMHJFFAI87EA,台斗坑段,12.56,都市：住,10000,105,持分移轉,04570001
RPPOMLLLMHJFFAI87EA,台斗坑段,8.46,都市：住,10000,105,持分移轉,04570004
RPSNMLMJNHJFFAI87CA,太平段,66.00,都市：住,1,1,全筆移轉,00680093
RPRNMLMLMHJFFAI08EA,竹圍子段中興小段,1.11,都市：商,10000,9,持分移轉,00950000
RPQNMLLLMHJFFAI87EA,下路頭段,3.64,都市：住,255552,66473,持分移轉,02790001
RPPNMLSLMHJFFAI38DA,北門段四小段,87.00,都市：商,1,1,全筆移轉,01320007
RPWNMLMLMHJFFAI48DA,民族段二小段,81.80,都市：住,58600,8180,持分移轉,00160002
RPRNMLNLMHJFFAI97CA,盧東段,53.80,都市：住,1,1,全筆移轉,01430000
RPRNMLNLMHJFFAI97CA,盧東段,3.12,都市：住,1,1,全筆移轉,01430001
RPRNMLNLMHJFFAI97CA,盧東段,25.48,都市：住,1911,116,持分移轉,01540000
RPRNMLNLMHJFFAI97CA,盧東段,4.34,都市：住,1911,116,持分移轉,01620000
RPROMLNLMHJFFAI08CA,劉厝段劉厝小段,9.78,都市：住,10000,62,持分移轉,03110000
RPROMLNLMHJFFAI08CA,劉厝段劉厝小段,.37,都市：住,10000,62,持分移轉,03110040
RPROMLNLMHJFFAI08CA,劉厝段劉厝小段,3.06,都市：住,10000,62,持分移轉,03120011
RPSOMLNLMHJFFAI18CA,竹圍子段,41.50,都市：住,2,1,持分移轉,01270003
RPVNMLTLMHJFFAI56EA,港子坪段港坪小段,9.79,都市：住,10000,236,持分移轉,02180000
RPWOMLPKNHJFFAI78CA,盧厝段,87.00,都市：住,1,1,全筆移轉,03440029
RPTOMLNJNHJFFAI18CA,盧厝段,12.81,都市：住,10000,67,持分移轉,02970057
RPSNMLMKNHJFFAI08DA,車店段車店小段,15.25,都市：住,10000,389,持分移轉,10430000
RPQNMLTLMHJFFAI48CA,遠東段,96.00,都市：住,1,1,全筆移轉,00160140
RPQNMLTLMHJFFAI48CA,遠東段,53.00,都市：住,1,1,全筆移轉,00160141
RPROMLLLMHJFFAI87CA,盧東段,89.27,都市：住,1,1,全筆移轉,04190000
RPROMLLLMHJFFAI87CA,盧東段,5.73,都市：農,1,1,全筆移轉,04190001
RPROMLLLMHJFFAI87CA,盧東段,27.23,都市：住,10000,702,持分移轉,04160000
RPROMLLLMHJFFAI87CA,盧東段,.01,都市：住,10000,702,持分移轉,11310000
RPWOMLLLMHJFFAI38CA,下路頭段,78.00,都市：住,1,1,全筆移轉,00810000
RPXOMLLLMHJFFAI48CA,下路頭段,81.00,都市：住,1,1,全筆移轉,00810074
RPVRMLKLMHJFFAI48CA,末廣段一小段,38.00,都市：住,21478,11495,持分移轉,00050015
RPUOMLTKMHJFFAI88CA,下路頭段,67.00,都市：住,1,1,全筆移轉,04190005
RPRNMLTKMHJFFAI48CA,長竹段,21.00,都市：住,15200,210,持分移轉,09160000
RPUOMLLLMHJFFAI18CA,短竹段,3.55,都市：其他:,42,1,持分移轉,02440003
RPUOMLLLMHJFFAI18CA,短竹段,107.00,都市：其他:,1,1,全筆移轉,02450005
RPUOMLLLMHJFFAI18CA,短竹段,35.24,都市：其他:,42,1,持分移轉,02450012
RPUOMLLLMHJFFAI18CA,短竹段,2.31,都市：其他:,42,1,持分移轉,02450032
RPUOMLLLMHJFFAI18CA,短竹段,.38,都市：其他:,42,1,持分移轉,02450048
RPVNMLLJNHJFFAI08CA,北社尾段保安小段,4.25,都市：住,10000,33,持分移轉,06120000
RPUNMLQLMHJFFAI58CA,北社尾段,98.00,都市：住,1,1,全筆移轉,06530022
RPUOMLKMMHJFFAI18CA,埤子頭段,230.50,都市：商,2,1,持分移轉,03530014
RPUOMLKMMHJFFAI18CA,埤子頭段,230.50,都市：商,2,1,持分移轉,03530014
RPOOMLSJNHJFFAI18CA,港子坪段港坪小段,12.74,都市：住,10000,128,持分移轉,01050000
RPOOMLSJNHJFFAI18CA,港子坪段港坪小段,3.58,都市：住,10000,128,持分移轉,01060000
RPTNMLOLMHJFFAI28CA,竹圍子段二小段,23.22,都市：住,10000,67,持分移轉,01600000
RPRNMLPLMHJFFAI18CA,港子坪段港坪小段,101.00,都市：住,1,1,全筆移轉,01450000
RPWNMLNKNHJFFAI48CA,埤子頭段,12.28,都市：住,10000,172,持分移轉,03830000
RPUNMLPLMHJFFAI48CA,興村段,19.80,都市：商,17750,198,持分移轉,01490001
RPPNMLQLMHJFFAI08CA,竹圍子段二小段,19.76,都市：住,10000,57,持分移轉,01600000
RPQNMLPLMHJFFAI28EA,竹圍子段二小段,9.56,都市：住,20000,46,持分移轉,01120000
RPPNMLNLMHJFFAI97EA,劉厝段玉山小段,100.86,都市：住,1,1,全筆移轉,00360009
RPWNMLNLMHJFFAI68EA,育人段,729.04,都市：農,4,1,持分移轉,10020000
RPUNMLSJNHJFFAI68CA,遠東段,15.86,都市：住,10000,17,持分移轉,00680007
RPUNMLMKNHJFFAI28DA,下路頭段,14.68,都市：住,10000,27,持分移轉,00970000
RPPPMLPKNHJFFAI28DA,太平段,18.50,都市：住,10000,23,持分移轉,00210000
RPQNMLOLMHJFFAI97CA,竹圍子段中興小段,6.48,都市：住,61700,648,持分移轉,01150000
RPVNMLQLMHJFFAI68CA,埤子頭段,47.00,都市：住,1,1,全筆移轉,02980012
RPSNMLLJNHJFFAI77CA,頭港段,254.18,都市：農,5,2,持分移轉,02310000
RPWNMLMJNHJFFAI28CA,中庄段,178.00,都市：其他:,1,1,全筆移轉,00040000
RPPNMLRJNHJFFAI18DA,竹圍子段,22.80,都市：住,9300,228,持分移轉,02340003
RPXNMLNJNHJFFAI48CA,竹圍子段三小段,2.60,都市：住,14130,260,持分移轉,00420000
RPRNMLQLMHJFFAI28CA,下路頭段,34.62,都市：住,10000,113,持分移轉,00100230
RPPNMLRLMHJFFAI18CA,頭港段,137.15,都市：住,1,1,全筆移轉,01380000
RPUOMLRJNHJFFAI68CA,太平段,12.05,都市：住,1074,17,持分移轉,00170003
RPUOMLRJNHJFFAI68CA,盧厝段,4.95,都市：住,1074,17,持分移轉,09650000
RPQNMLRLMHJFFAI28CA,頭港段,111.42,都市：住,1,1,全筆移轉,01380007
RPTNMLPLMHJFFAI38CA,西門段一小段,25.00,都市：商,1,1,全筆移轉,01380003
RPRNMLOLMHJFFAI28EA,榮段五小段,48.00,都市：住,1,1,全筆移轉,00120015
RPWNMLOLMHJFFAI78EA,檜段三小段,42.00,都市：住,1,1,全筆移轉,00460000
RPWNMLOLMHJFFAI78EA,檜段三小段,17.00,都市：住,1,1,全筆移轉,00470000
RPPNMLPLMHJFFAI18EA,興村段,59.00,都市：住,9004,236,持分移轉,01480000
RPXNMLTLMHJFFAI76EA,下路頭段,134.07,都市：其他:,44673600000,7698490595,持分移轉,04730028
RPUNMLTLMHJFFAI09EA,短竹段,6.55,都市：住,50000,55,持分移轉,09120071
RPUNMLRJNHJFFAI78EA,新富段二小段,4.72,都市：商,10000,62,持分移轉,00160000
RPSNMLOLMHJFFAI38EA,長竹段,25.27,都市：住,10000,82,持分移轉,01520000
RPWNMLMKNHJFFAI38CA,北社尾段保安小段,14.53,都市：住,15,1,持分移轉,07620007
RPWNMLMKNHJFFAI38CA,北社尾段保安小段,52.00,都市：住,1,1,全筆移轉,07620013
RPRNMLMKNHJFFAI87CA,短竹段,268.73,都市：住,10000,974,持分移轉,14530000
RPSNMLQLMHJFFAI38CA,玉川段,44.00,都市：住,1,1,全筆移轉,00220058
RPTNMLQLMHJFFAI48CA,檜段三小段,55.00,都市：住,1,1,全筆移轉,00320027
RPQNMLQLMHJFFAI18CA,下路頭段,4.89,都市：住,10000,9,持分移轉,00970000
RPTNMLSLMHJFFAI68CA,西門段八小段,73.00,都市：商,1,1,全筆移轉,00030010
RPTNMLSLMHJFFAI68CA,西門段八小段,110.00,都市：商,1,1,全筆移轉,00030021
RPXNMLNLNHJFFAI68CA,南門段五小段,2.79,都市：住,10000,7,持分移轉,00450000
RPXNMLNLNHJFFAI68CA,南門段五小段,1.05,都市：住,10000,7,持分移轉,00450003
RPXNMLNLNHJFFAI68CA,南門段五小段,.14,都市：住,10000,7,持分移轉,00450004
RPSNMLRLMHJFFAI48CA,南門段五小段,69.00,都市：住,1,1,全筆移轉,00280030
RPWNMLSLMHJFFAI98CA,彌陀段,1.12,都市：住,26,1,持分移轉,07900000
RPWNMLSLMHJFFAI98CA,彌陀段,19.39,都市：住,18,1,持分移轉,07900047
RPWNMLSLMHJFFAI98CA,彌陀段,63.00,都市：住,1,1,全筆移轉,07900044
RPTOMLTLMHJFFAI88CA,竹圍子段中興小段,20.81,都市：商,10000,158,持分移轉,00350000
RPQNMLMJNHJFFAI67CA,下路頭段,52.55,都市：住,10000,60,持分移轉,05910002
RPQNMLMJNHJFFAI67CA,下路頭段,.01,都市：住,10000,60,持分移轉,05900006
RPTNMLRLMHJFFAI58CA,下路頭段,56.00,都市：住,1,1,全筆移轉,00950043
RPQNMLNJNHJFFAI77CA,竹圍子段,33.80,都市：住,9300,338,持分移轉,02340003
RPPNMLNJNHJFFAI67CA,竹圍子段一小段,9.81,都市：住,10000,86,持分移轉,00030000
RPSOMLNJNHJFFAI08CA,仁義段,19.63,都市：住,10000,255,持分移轉,00320000
RPPNMLLJNHJFFAI47CA,興村段,58.00,都市：住,1,1,全筆移轉,00590000
RPTOMLMLNHJFFAI48EA,竹圍子段一小段,10.27,都市：住,10000,90,持分移轉,00030000
RPQOMLTLMHJFFAI58CA,白川段,36.14,都市：住,100000,725,持分移轉,00180000
RPQNMLSLMHJFFAI38CA,白川段,34.88,都市：住,100000,720,持分移轉,00170000
RPPNMLKMMHJFFAI57CA,太平段,337.00,都市：住,1,1,全筆移轉,00670000
RPPNMLKMMHJFFAI57CA,太平段,92.00,都市：其他:,1,1,全筆移轉,00670001
RPWOMLMKNHJFFAI48CA,北社尾段,25.17,都市：住,10000,188,持分移轉,04650018
RPTNMLPJNHJFFAI28CA,堀川段,4.29,都市：住,10000,304,持分移轉,00040064
RPTNMLPJNHJFFAI28CA,堀川段,9.73,都市：住,10000,304,持分移轉,00040097
RPUOMLNJNHJFFAI28CA,竹圍子段,20.90,都市：住,9300,209,持分移轉,02340003
RPUNMLKMMHJFFAI28EA,興村段,1.64,都市：住,10000,53,持分移轉,01330000
RPUNMLKMMHJFFAI28EA,興村段,9.91,都市：住,10000,53,持分移轉,01490000
RPPNMLKLNHJFFAI77EA,鹿寮段,122.48,都市：住,1,1,全筆移轉,08170001
RPPNMLKLNHJFFAI77EA,鹿寮段,33.15,都市：住,1,1,全筆移轉,08180002
RPRNMLSLMHJFFAI68EA,東川段,25.07,都市：住,10000,133,持分移轉,04980001
RPOOMLSLMHJFFAI48EA,後庄段,64.00,都市：住,1,1,全筆移轉,07400000
RPPNMLTLMHJFFAI58EA,民族段三小段,75.00,都市：住,1,1,全筆移轉,00650000
RPSNMLTLMHJFFAI88EA,中庄段,20.48,都市：住,10000,191,持分移轉,10690000
RPTOMLTKNHJFFAI88CA,台斗坑段,8.00,都市：住,1,1,全筆移轉,04410004
RPWNMLTLMHJFFAI66EA,下路頭段,5.98,都市：住,10000,11,持分移轉,00970000
RPTOMLTKNHJFFAI88CA,台斗坑段,147.00,都市：住,1,1,全筆移轉,04410054
RPTOMLTKNHJFFAI88CA,台斗坑段,680.00,都市：住,1,1,全筆移轉,04410087
RPTOMLTKNHJFFAI88CA,台斗坑段,470.00,都市：住,1,1,全筆移轉,04420015
RPROMLKMMHJFFAI08EA,短竹段,8.01,都市：住,10000,107,持分移轉,04910000
RPROMLKMMHJFFAI08EA,短竹段,6.71,都市：住,10000,107,持分移轉,06820000
RPTNMLQKNHJFFAI68EA,玉川段,75.00,都市：住,1,1,全筆移轉,00580035
RPTNMLQKNHJFFAI68EA,玉川段,5.33,都市：住,18,1,持分移轉,01040001
RPPNMLPKNHJFFAI97CA,竹圍子段,69.00,都市：住,1,1,全筆移轉,03570283
RPRNMLOKNHJFFAI08CA,竹圍子段,82.00,都市：住,1,1,全筆移轉,01770001
RPQPMLNKNHJFFAI08CA,埤子頭段,4.75,都市：住,10000,45,持分移轉,03800016
RPRPMLNKNHJFFAI18CA,末廣段一小段,8.97,都市：住,1000,19,持分移轉,00070000
RPVNMLMKNHJFFAI38DA,港子坪段港坪小段,20.70,都市：住,10000,208,持分移轉,01050000
RPVNMLMKNHJFFAI38DA,港子坪段港坪小段,5.82,都市：住,10000,208,持分移轉,01060000
RPXNMLMKNHJFFAI58DA,同興段,20.50,都市：住,10000,15,持分移轉,14350000
RPPNMLPJNHJFFAI97DA,太平段,116.00,都市：住,1,1,全筆移轉,00650007
RPOOMLTLMHJFFAI48DA,榮段一小段,20.61,都市：商,10000,70,持分移轉,00270000
RPXNMLMLNHJFFAI58CA,盧厝段,165.00,都市：住,1,1,全筆移轉,02480026
RPXNMLMLNHJFFAI58CA,盧厝段,9.00,都市：住,1,1,全筆移轉,02480032
RPPOMLTLMHJFFAI48CA,下路頭段,200.00,都市：住,1,1,全筆移轉,01600002
RPUNMLKMMHJFFAI08CA,車店段,101.00,都市：住,1,1,全筆移轉,01420015
RPOOMLKMMHJFFAI57CA,竹圍子段二小段,51.51,都市：住,10000,168,持分移轉,01140000
RPRNMLMJNHJFFAI77CA,白川段,36.96,都市：住,100000,747,持分移轉,00260000
RPSOMLKMMHJFFAI97CA,荖藤段,99.00,都市：住,1,1,全筆移轉,04090001
RPROMLNJNHJFFAI97CA,竹圍子段,79.00,都市：住,1,1,全筆移轉,00060069
RPSNMLNJNHJFFAI97CA,軍輝段,47.97,都市：住,10000,87,持分移轉,00030000
RPRNMLNJNHJFFAI87CA,下路頭段,1.33,都市：住,10000,8,持分移轉,07670000
RPTNMLNJNHJFFAI08CA,下路頭段,79.00,都市：住,1,1,全筆移轉,07610029
RPWNMLKLNHJFFAI28CA,車店段,29.46,都市：住,1000,29,持分移轉,01440000
RPXNMLKLNHJFFAI38CA,竹圍子段二小段,10.39,都市：商,10000,25,持分移轉,01120000
RPTNMLKMMHJFFAI18EA,軍輝段,79.00,都市：住,1,1,全筆移轉,06810000
RPRNMLPJNHJFFAI28EA,遠東段,168.00,都市：農,1,1,全筆移轉,02410004
RPTNMLLJNHJFFAI08EA,軍輝段,89.00,都市：住,1,1,全筆移轉,03750000
RPXNMLKMMHJFFAI58EA,竹村段,864.71,都市：農,1,1,全筆移轉,10850000
RPSNMLSKNHJFFAI58CA,竹圍子段一小段,8.88,都市：住,10000,67,持分移轉,00260000
RPVNMLOKNHJFFAI48CA,盧厝段,356.00,都市：農,1,1,全筆移轉,03140025
RPVOMLRJNHJFFAI78CA,中山段二小段,24.40,都市：住,10,2,持分移轉,00080050
RPTNMLOKNHJFFAI28CA,下路頭段,239.00,都市：住,1,1,全筆移轉,04750009
RPWNMLLJNHJFFAI18CA,埤子頭段新厝小段,123.00,都市：住,1,1,全筆移轉,00710001
RPXNMLLJNHJFFAI28CA,北園段,83.00,都市：住,1,1,全筆移轉,11930024
SPPNMLLKNHJFFAI67CA,車店段車店小段,13.95,都市：住,10000,206,持分移轉,05820000
RPQNMLLKNHJFFAI67CA,頂庄段,44.00,都市：住,1,1,全筆移轉,01240000
RPUNMLTJNHJFFAI78CA,竹圍子段中興小段,95.00,都市：商,1,1,全筆移轉,01250004
RPUNMLKKNHJFFAI97CA,白川段,62.00,都市：住,1,1,全筆移轉,00690017
RPRNMLLKNHJFFAI77CA,盧厝段,80.97,都市：住,10000,1081,持分移轉,04490000
RPTNMLTJNHJFFAI68CA,竹圍子段,86.00,都市：住,1,1,全筆移轉,02540048
RPTNMLTJNHJFFAI68CA,竹圍子段,8.00,都市：住,1,1,全筆移轉,02540056
RPUNMLNLNHJFFAI58EA,竹圍子段二小段,11.76,都市：住,10000,72,持分移轉,00260000
