﻿鄉鎮市區,交易標的,土地位置建物門牌,土地移轉總面積平方公尺,都市土地使用分區,非都市土地使用分區,非都市土地使用編定,交易年月日,交易筆棟數,移轉層次,總樓層數,建物型態,主要用途,主要建材,建築完成年月,建物移轉總面積平方公尺,建物現況格局-房,建物現況格局-廳,建物現況格局-衛,建物現況格局-隔間,有無管理組織,總價元,單價元平方公尺,車位類別,車位移轉總面積平方公尺,車位總價元,備註,編號
The villages and towns urban district,transaction sign,land sector position building sector house number plate,land shifting total area square meter,the use zoning or compiles and checks,the non-metropolis land use district,non-metropolis land use,transaction year month and day,transaction pen number,shifting level,total floor number,building state,main use,main building materials,construction to complete the years,building shifting total area,Building present situation pattern - room,building present situation pattern - hall,building present situation pattern - health,building present situation pattern - compartmented,Whether there is manages the organization,total price NTD,the unit price (NTD / square meter),the berth category,berth shifting total area square meter,the berth total price NTD,the note,serial number
竹北市,房地(土地+建物)+車位,新竹縣竹北市聯發街,15.49,住,,,1011215,土地1建物1車位1,九層,14,住宅大樓(11層含以上有電梯),住家用,鋼筋混凝土造,,132.51,2,1,1,有,無,7210000,62097,坡道平面,30.25,860000,,RPRNMLQJKHJFFBJ18CB
竹北市,房地(土地+建物)+車位,新竹縣竹北市聯發街,15.49,住,,,1021205,土地1建物1車位1,十二層,14,住宅大樓(11層含以上有電梯),住家用,鋼筋混凝土造,,130.45,2,1,1,有,無,7790000,64933,坡道平面,28.19,1150000,,RPSNMLQJKHJFFBJ28CB
竹北市,房地(土地+建物)+車位,新竹縣竹北市聯發街,21.8,住,,,1020802,土地1建物1車位1,四層,14,住宅大樓(11層含以上有電梯),住家用,鋼筋混凝土造,,174.16,3,2,2,有,無,9100000,55590,坡道平面,30.25,1100000,,RPTNMLQJKHJFFBJ38CB
竹北市,房地(土地+建物)+車位,新竹縣竹北市聯發街,21.8,住,,,1020331,土地1建物1車位1,三層,14,住宅大樓(11層含以上有電梯),住家用,鋼筋混凝土造,,172.1,3,2,2,有,無,8600000,52811,坡道平面,28.19,1000000,,RPUNMLQJKHJFFBJ48CB
竹北市,房地(土地+建物)+車位,新竹縣竹北市聯發街,21.8,住,,,1011213,土地1建物1車位1,七層,14,住宅大樓(11層含以上有電梯),住家用,鋼筋混凝土造,,174.16,3,2,2,有,無,10000000,62539,坡道平面,30.25,1000000,,RPVNMLQJKHJFFBJ58CB
竹北市,房地(土地+建物)+車位,新竹縣竹北市聯發街,21.8,住,,,1020506,土地1建物1車位1,九層,14,住宅大樓(11層含以上有電梯),住家用,鋼筋混凝土造,,174.16,3,2,2,有,無,9500000,58370,坡道平面,30.25,1100000,,RPWNMLQJKHJFFBJ68CB
竹北市,房地(土地+建物)+車位,新竹縣竹北市聯發街,15.49,住,,,1011216,土地1建物1車位1,九層,14,住宅大樓(11層含以上有電梯),住家用,鋼筋混凝土造,,132.51,2,1,1,有,無,7120000,59847,坡道平面,30.25,1000000,,RPXNMLQJKHJFFBJ78CB
竹北市,房地(土地+建物)+車位,新竹縣竹北市聯發街,15.49,住,,,1020124,土地1建物1車位1,六層,14,住宅大樓(11層含以上有電梯),住家用,鋼筋混凝土造,,132.51,2,1,1,有,無,7020000,58870,坡道平面,30.25,1000000,,RPOOMLQJKHJFFBJ97CB
竹北市,房地(土地+建物)+車位,新竹縣竹北市聯發街,15.49,住,,,1020514,土地1建物1車位1,十層,14,住宅大樓(11層含以上有電梯),住家用,鋼筋混凝土造,,132.51,2,1,1,有,無,7550000,63563,坡道平面,30.25,1050000,,RPPOMLQJKHJFFBJ08CB
竹北市,房地(土地+建物)+車位,新竹縣竹北市聯發街,15.49,住,,,1020106,土地1建物1車位1,四層,14,住宅大樓(11層含以上有電梯),住家用,鋼筋混凝土造,,130.45,2,1,1,有,無,6880000,57989,坡道平面,28.19,950000,,RPQOMLQJKHJFFBJ18CB
竹北市,房地(土地+建物)+車位,新竹縣竹北市聯發街,15.49,住,,,1020124,土地1建物1車位1,三層,14,住宅大樓(11層含以上有電梯),住家用,鋼筋混凝土造,,130.45,2,1,1,有,無,6500000,53784,坡道平面,28.19,1000000,,RPROMLQJKHJFFBJ28CB
竹北市,房地(土地+建物)+車位,新竹縣竹北市聯發街,21.8,住,,,1020503,土地1建物1車位1,五層,14,住宅大樓(11層含以上有電梯),住家用,鋼筋混凝土造,,174.16,3,2,2,有,無,9000000,55590,坡道平面,30.25,1000000,,RPSOMLQJKHJFFBJ38CB
竹北市,房地(土地+建物)+車位,新竹縣竹北市聯發街,21.8,住,,,1020727,土地1建物1車位2,十一層,14,住宅大樓(11層含以上有電梯),住家用,鋼筋混凝土造,,202.35,3,2,2,有,無,10380000,56146,坡道平面,58.44,2300000,,RPTOMLQJKHJFFBJ48CB
竹北市,房地(土地+建物)+車位,新竹縣竹北市聯發街,15.49,住,,,1020707,土地1建物1車位1,二層,14,住宅大樓(11層含以上有電梯),住家用,鋼筋混凝土造,,132.51,2,1,1,有,無,6880000,56523,坡道平面,30.25,1100000,,RPUOMLQJKHJFFBJ58CB
竹北市,房地(土地+建物)+車位,新竹縣竹北市聯發街,21.8,住,,,1011214,土地1建物1車位1,十層,14,住宅大樓(11層含以上有電梯),住家用,鋼筋混凝土造,,174.16,3,2,2,有,無,10350000,65666,坡道平面,30.25,900000,,RPVOMLQJKHJFFBJ68CB
竹北市,房地(土地+建物)+車位,新竹縣竹北市聯發街,15.49,住,,,1020709,土地1建物1車位1,三層,14,住宅大樓(11層含以上有電梯),住家用,鋼筋混凝土造,,132.51,2,1,1,有,無,6850000,56718,坡道平面,30.25,1050000,,RPWOMLQJKHJFFBJ78CB
竹北市,房地(土地+建物)+車位,新竹縣竹北市聯發街,21.8,住,,,1020429,土地1建物1車位1,四層,14,住宅大樓(11層含以上有電梯),住家用,鋼筋混凝土造,,172.1,3,2,2,有,無,8500000,52116,坡道平面,28.19,1000000,,RPXOMLQJKHJFFBJ88CB
竹北市,房地(土地+建物)+車位,新竹縣竹北市聯發街,15.49,住,,,1020617,土地1建物1車位1,六層,14,住宅大樓(11層含以上有電梯),住家用,鋼筋混凝土造,,132.51,2,1,1,有,無,7450000,62586,坡道平面,30.25,1050000,,RPOPMLQJKHJFFBJ08CB
竹北市,房地(土地+建物)+車位,新竹縣竹北市聯發街,21.8,住,,,1020504,土地1建物1車位1,四層,14,住宅大樓(11層含以上有電梯),住家用,鋼筋混凝土造,,174.16,3,2,2,有,無,8700000,53158,坡道平面,30.25,1050000,,RPPPMLQJKHJFFBJ18CB
竹北市,房地(土地+建物)+車位,新竹縣竹北市聯發街,15.49,住,,,1011214,土地1建物1車位1,七層,14,住宅大樓(11層含以上有電梯),住家用,鋼筋混凝土造,,132.51,2,1,1,有,無,7060000,60239,坡道平面,30.25,900000,,RPQPMLQJKHJFFBJ28CB
竹北市,房地(土地+建物)+車位,新竹縣竹北市聯發街,15.49,住,,,1020721,土地1建物1車位1,十層,14,住宅大樓(11層含以上有電梯),住家用,鋼筋混凝土造,,132.51,2,1,1,有,無,7430000,62390,坡道平面,30.25,1050000,,RPRPMLQJKHJFFBJ38CB
竹北市,房地(土地+建物)+車位,新竹縣竹北市聯發街,15.49,住,,,1011224,土地1建物1車位1,七層,14,住宅大樓(11層含以上有電梯),住家用,鋼筋混凝土造,,132.51,2,1,1,有,無,7060000,60239,坡道平面,30.25,900000,,RPSPMLQJKHJFFBJ48CB
竹北市,房地(土地+建物)+車位,新竹縣竹北市聯發街,21.8,住,,,1020817,土地1建物1車位1,二層,14,住宅大樓(11層含以上有電梯),住家用,鋼筋混凝土造,,174.16,3,2,2,有,無,9300000,56285,坡道平面,30.25,1200000,,RPTPMLQJKHJFFBJ58CB
竹北市,房地(土地+建物)+車位,新竹縣竹北市聯發街,21.8,住,,,1020120,土地1建物1車位1,四層,14,住宅大樓(11層含以上有電梯),住家用,鋼筋混凝土造,,174.16,3,2,2,有,無,9400000,58370,坡道平面,30.25,1000000,,RPUPMLQJKHJFFBJ68CB
竹北市,房地(土地+建物)+車位,新竹縣竹北市聯發街,15.49,住,,,1020821,土地1建物1車位1,三層,14,住宅大樓(11層含以上有電梯),住家用,鋼筋混凝土造,,132.51,2,1,1,有,無,6860000,56327,坡道平面,30.25,1100000,,RPVPMLQJKHJFFBJ78CB
竹北市,房地(土地+建物)+車位,新竹縣竹北市聯發街,15.49,住,,,1020921,土地1建物1車位1,八層,14,住宅大樓(11層含以上有電梯),住家用,鋼筋混凝土造,,132.51,2,1,1,有,無,7080000,60434,坡道平面,30.25,900000,,RPWPMLQJKHJFFBJ88CB
竹北市,房地(土地+建物)+車位,新竹縣竹北市聯發街,21.8,住,,,1020430,土地1建物1車位1,六層,14,住宅大樓(11層含以上有電梯),住家用,鋼筋混凝土造,,174.16,3,2,2,有,無,9300000,56980,坡道平面,30.25,1100000,,RPXPMLQJKHJFFBJ98CB
竹北市,房地(土地+建物)+車位,新竹縣竹北市聯發街,15.49,住,,,1020809,土地1建物1車位1,十一層,14,住宅大樓(11層含以上有電梯),住家用,鋼筋混凝土造,,130.45,2,1,1,有,無,7730000,65324,坡道平面,28.19,1050000,,RPOQMLQJKHJFFBJ18CB
竹北市,房地(土地+建物)+車位,新竹縣竹北市聯發街,15.49,住,,,1020219,土地1建物1車位1,十三層,14,住宅大樓(11層含以上有電梯),住家用,鋼筋混凝土造,,130.45,2,1,1,有,無,7110000,61608,坡道平面,28.19,810000,,RPPQMLQJKHJFFBJ28CB
竹北市,房地(土地+建物)+車位,新竹縣竹北市聯發街,21.8,住,,,1020606,土地1建物1車位1,十一層,14,住宅大樓(11層含以上有電梯),住家用,鋼筋混凝土造,,174.16,3,2,2,有,無,10580000,65875,坡道平面,30.25,1100000,,RPQQMLQJKHJFFBJ38CB
竹北市,房地(土地+建物)+車位,新竹縣竹北市聯發街,21.8,住,,,1020319,土地1建物1車位1,七層,14,住宅大樓(11層含以上有電梯),住家用,鋼筋混凝土造,,174.16,3,2,2,有,無,10250000,63929,坡道平面,30.25,1050000,,RPRQMLQJKHJFFBJ48CB
竹北市,房地(土地+建物),新竹縣竹北市聯發街,15.49,住,,,1020206,土地1建物1車位0,五層,14,住宅大樓(11層含以上有電梯),住家用,鋼筋混凝土造,,102.26,2,1,1,有,無,6130000,59945,,0.0,0,,RPSQMLQJKHJFFBJ58CB
竹北市,房地(土地+建物)+車位,新竹縣竹北市聯發街,21.8,住,,,1011215,土地1建物1車位1,五層,14,住宅大樓(11層含以上有電梯),住家用,鋼筋混凝土造,,172.1,3,2,2,有,無,9780000,61705,坡道平面,28.19,900000,,RPTQMLQJKHJFFBJ68CB
竹北市,房地(土地+建物)+車位,新竹縣竹北市聯發街,15.49,住,,,1020731,土地1建物1車位1,三層,14,住宅大樓(11層含以上有電梯),住家用,鋼筋混凝土造,,132.51,2,1,1,有,無,6880000,56523,坡道平面,30.25,1100000,,RPUQMLQJKHJFFBJ78CB
竹北市,房地(土地+建物)+車位,新竹縣竹北市聯發街,15.49,住,,,1020621,土地1建物1車位1,六層,14,住宅大樓(11層含以上有電梯),住家用,鋼筋混凝土造,,132.51,2,1,1,有,無,7220000,60336,坡道平面,30.25,1050000,,RPVQMLQJKHJFFBJ88CB
竹北市,房地(土地+建物)+車位,新竹縣竹北市聯發街,15.49,住,,,1020429,土地1建物1車位1,四層,14,住宅大樓(11層含以上有電梯),住家用,鋼筋混凝土造,,130.45,2,1,1,有,無,6600000,54762,坡道平面,28.19,1000000,,RPWQMLQJKHJFFBJ98CB
竹北市,房地(土地+建物)+車位,新竹縣竹北市聯發街,15.49,住,,,1011217,土地1建物1車位1,四層,14,住宅大樓(11層含以上有電梯),住家用,鋼筋混凝土造,,132.51,2,1,1,有,無,6730000,57012,坡道平面,30.25,900000,,RPXQMLQJKHJFFBJ09CB
竹北市,房地(土地+建物)+車位,新竹縣竹北市聯發街,21.98,住,,,1020913,土地1建物1車位1,十四層,14,住宅大樓(11層含以上有電梯),住家用,鋼筋混凝土造,,175.3,3,2,2,有,無,10280000,63289,坡道平面,30.25,1100000,,RPORMLQJKHJFFBJ28CB
竹北市,房地(土地+建物)+車位,新竹縣竹北市聯發街,15.49,住,,,1021130,土地1建物1車位1,十三層,14,住宅大樓(11層含以上有電梯),住家用,鋼筋混凝土造,,132.51,2,1,1,有,無,7810000,65617,坡道平面,30.25,1100000,,RPPRMLQJKHJFFBJ38CB
竹北市,房地(土地+建物)+車位,新竹縣竹北市聯發街,21.8,住,,,1020324,土地1建物1車位1,二層,14,住宅大樓(11層含以上有電梯),住家用,鋼筋混凝土造,,172.1,3,2,2,有,無,8880000,54756,坡道平面,28.19,1000000,,RPQRMLQJKHJFFBJ48CB
竹北市,房地(土地+建物)+車位,新竹縣竹北市聯發街,21.8,住,,,1020619,土地1建物1車位1,九層,14,住宅大樓(11層含以上有電梯),住家用,鋼筋混凝土造,,174.16,3,2,2,有,無,9600000,59412,坡道平面,30.25,1050000,,RPRRMLQJKHJFFBJ58CB
竹北市,房地(土地+建物)+車位,新竹縣竹北市聯發街,15.49,住,,,1020523,土地1建物1車位1,五層,14,住宅大樓(11層含以上有電梯),住家用,鋼筋混凝土造,,132.51,2,1,1,有,無,6930000,57500,坡道平面,30.25,1050000,,RPSRMLQJKHJFFBJ68CB
竹北市,房地(土地+建物)+車位,新竹縣竹北市聯發街,15.49,住,,,1020121,土地1建物1車位1,十層,14,住宅大樓(11層含以上有電梯),住家用,鋼筋混凝土造,,132.51,2,1,1,有,無,7480000,63368,坡道平面,30.25,1000000,,RPURMLQJKHJFFBJ88CB
竹北市,房地(土地+建物)+車位,新竹縣竹北市聯發街,21.98,住,,,1020917,土地1建物1車位1,十四層,14,住宅大樓(11層含以上有電梯),住家用,鋼筋混凝土造,,175.3,3,2,2,有,無,11190000,68873,坡道平面,30.25,1200000,,RPVRMLQJKHJFFBJ98CB
竹北市,房地(土地+建物)+車位,新竹縣竹北市聯發街,15.49,住,,,1011222,土地1建物1車位1,十三層,14,住宅大樓(11層含以上有電梯),住家用,鋼筋混凝土造,,132.51,2,1,1,有,無,7160000,61608,坡道平面,30.25,860000,,RPWRMLQJKHJFFBJ09CB
竹北市,房地(土地+建物)+車位,新竹縣竹北市聯發街,21.8,住,,,1020822,土地1建物1車位1,十三層,14,住宅大樓(11層含以上有電梯),住家用,鋼筋混凝土造,,174.16,3,2,2,有,無,9700000,59760,坡道平面,30.25,1100000,,RPXRMLQJKHJFFBJ56CB
竹北市,房地(土地+建物)+車位,新竹縣竹北市聯發街,21.8,住,,,1020902,土地1建物1車位1,十層,14,住宅大樓(11層含以上有電梯),住家用,鋼筋混凝土造,,174.16,3,2,2,有,無,10260000,62956,坡道平面,30.25,1200000,,RPOSMLQJKHJFFBJ38CB
竹北市,房地(土地+建物)+車位,新竹縣竹北市聯發街,15.49,住,,,1011215,土地1建物1車位1,八層,14,住宅大樓(11層含以上有電梯),住家用,鋼筋混凝土造,,132.51,2,1,1,有,無,7000000,58674,坡道平面,30.25,1000000,,RPPSMLQJKHJFFBJ48CB
竹北市,房地(土地+建物)+車位,新竹縣竹北市聯發街,15.49,住,,,1020524,土地1建物1車位1,四層,14,住宅大樓(11層含以上有電梯),住家用,鋼筋混凝土造,,132.51,2,1,1,有,無,6550000,53784,坡道平面,30.25,1050000,,RPQSMLQJKHJFFBJ58CB
竹北市,房地(土地+建物)+車位,新竹縣竹北市聯發街,15.49,住,,,1020717,土地1建物1車位1,七層,14,住宅大樓(11層含以上有電梯),住家用,鋼筋混凝土造,,130.45,2,1,1,有,無,7220000,60336,坡道平面,28.19,1050000,,RPRSMLQJKHJFFBJ68CB
竹北市,房地(土地+建物)+車位,新竹縣竹北市聯發街,15.49,住,,,1020430,土地1建物1車位1,七層,14,住宅大樓(11層含以上有電梯),住家用,鋼筋混凝土造,,130.45,2,1,1,有,無,7000000,58674,坡道平面,28.19,1000000,,RPSSMLQJKHJFFBJ78CB
竹北市,房地(土地+建物)+車位,新竹縣竹北市聯發街,21.8,住,,,1020827,土地1建物1車位1,十層,14,住宅大樓(11層含以上有電梯),住家用,鋼筋混凝土造,,174.16,3,2,2,有,無,9860000,60176,坡道平面,30.25,1200000,,RPTSMLQJKHJFFBJ88CB
竹北市,房地(土地+建物)+車位,新竹縣竹北市聯發街,15.49,住,,,1020517,土地1建物1車位1,六層,14,住宅大樓(11層含以上有電梯),住家用,鋼筋混凝土造,,132.51,2,1,1,有,無,7000000,57696,坡道平面,30.25,1100000,,RPUSMLQJKHJFFBJ98CB
竹北市,房地(土地+建物)+車位,新竹縣竹北市聯發街,21.8,住,,,1020817,土地1建物1車位1,二層,14,住宅大樓(11層含以上有電梯),住家用,鋼筋混凝土造,,174.16,3,2,2,有,無,10100000,61844,坡道平面,30.25,1200000,,RPVSMLQJKHJFFBJ09CB
竹北市,房地(土地+建物)+車位,新竹縣竹北市聯發街,15.49,住,,,1011213,土地1建物1車位1,十層,14,住宅大樓(11層含以上有電梯),住家用,鋼筋混凝土造,,132.51,2,1,1,有,無,7160000,61217,坡道平面,30.25,900000,,RPWSMLQJKHJFFBJ56CB
竹北市,房地(土地+建物)+車位,新竹縣竹北市聯發街,21.8,住,,,1021202,土地1建物1車位1,十二層,14,住宅大樓(11層含以上有電梯),住家用,鋼筋混凝土造,,174.16,3,2,2,有,無,10050000,61497,坡道平面,30.25,1200000,,RPXSMLQJKHJFFBJ66CB
竹北市,房地(土地+建物)+車位,新竹縣竹北市聯發街,21.98,住,,,1020708,土地1建物1車位1,十四層,14,住宅大樓(11層含以上有電梯),住家用,鋼筋混凝土造,,238.48,3,2,2,有,無,15220000,67810,坡道平面,30.25,1100000,,RPOTMLQJKHJFFBJ48CB
竹北市,房地(土地+建物)+車位,新竹縣竹北市聯發街,15.49,住,,,1011226,土地1建物1車位1,五層,14,住宅大樓(11層含以上有電梯),住家用,鋼筋混凝土造,,132.51,2,1,1,有,無,6900000,57696,坡道平面,30.25,1000000,,RPPTMLQJKHJFFBJ58CB
竹北市,房地(土地+建物)+車位,新竹縣竹北市聯發街,15.49,住,,,1020521,土地1建物1車位1,十二層,14,住宅大樓(11層含以上有電梯),住家用,鋼筋混凝土造,,132.51,2,1,1,有,無,7210000,60239,坡道平面,30.25,1050000,,RPRTMLQJKHJFFBJ78CB
竹北市,房地(土地+建物)+車位,新竹縣竹北市聯發街,15.49,住,,,1020507,土地1建物1車位1,十一層,14,住宅大樓(11層含以上有電梯),住家用,鋼筋混凝土造,,130.45,2,1,1,有,無,7080000,59456,坡道平面,28.19,1000000,,RPSTMLQJKHJFFBJ88CB
竹北市,房地(土地+建物)+車位,新竹縣竹北市聯發街,21.8,住,,,1020703,土地1建物1車位1,二層,14,住宅大樓(11層含以上有電梯),住家用,鋼筋混凝土造,,174.16,3,2,2,有,無,8760000,53923,坡道平面,30.25,1000000,,RPTTMLQJKHJFFBJ98CB
竹北市,房地(土地+建物)+車位,新竹縣竹北市聯發街,15.49,住,,,1020430,土地1建物1車位1,十層,14,住宅大樓(11層含以上有電梯),住家用,鋼筋混凝土造,,132.51,2,1,1,有,無,7100000,59163,坡道平面,30.25,1050000,,RPUTMLQJKHJFFBJ09CB
竹北市,房地(土地+建物),新竹縣竹北市聯發街,21.8,住,,,1020809,土地1建物1車位0,三層,14,住宅大樓(11層含以上有電梯),住家用,鋼筋混凝土造,,143.91,3,2,2,有,無,8400000,58370,,0.0,0,,RPVTMLQJKHJFFBJ56CB
竹北市,房地(土地+建物)+車位,新竹縣竹北市聯發街,15.49,住,,,1011217,土地1建物1車位1,十一層,14,住宅大樓(11層含以上有電梯),住家用,鋼筋混凝土造,,132.51,2,1,1,有,無,7000000,61021,坡道平面,30.25,760000,,RPWTMLQJKHJFFBJ66CB
竹北市,房地(土地+建物)+車位,新竹縣竹北市聯發街,21.8,住,,,1020813,土地1建物1車位1,十二層,14,住宅大樓(11層含以上有電梯),住家用,鋼筋混凝土造,,174.16,3,2,2,有,無,9580000,58926,坡道平面,30.25,1100000,,RPXTMLQJKHJFFBJ76CB
竹北市,房地(土地+建物)+車位,新竹縣竹北市聯發街,21.8,住,,,1020430,土地1建物1車位1,七層,14,住宅大樓(11層含以上有電梯),住家用,鋼筋混凝土造,,172.1,3,2,2,有,無,9450000,58717,坡道平面,28.19,1000000,,RPOUMLQJKHJFFBJ58CB
竹北市,房地(土地+建物)+車位,新竹縣竹北市聯發街,15.49,住,,,1011214,土地1建物1車位1,九層,14,住宅大樓(11層含以上有電梯),住家用,鋼筋混凝土造,,132.51,2,1,1,有,無,7130000,60923,坡道平面,30.25,900000,,RPPUMLQJKHJFFBJ68CB
竹北市,房地(土地+建物)+車位,新竹縣竹北市聯發街,21.8,住,,,1020225,土地1建物1車位1,六層,14,住宅大樓(11層含以上有電梯),住家用,鋼筋混凝土造,,174.16,3,2,2,有,無,10580000,66569,坡道平面,30.25,1000000,,RPQUMLQJKHJFFBJ78CB
竹北市,房地(土地+建物)+車位,新竹縣竹北市聯發街,21.8,住,,,1020901,土地1建物1車位1,三層,14,住宅大樓(11層含以上有電梯),住家用,鋼筋混凝土造,,172.1,3,2,2,有,無,9530000,58231,坡道平面,28.19,1150000,,RPRUMLQJKHJFFBJ88CB
竹北市,房地(土地+建物)+車位,新竹縣竹北市聯發街,21.8,住,,,1020225,土地1建物1車位1,三層,14,住宅大樓(11層含以上有電梯),住家用,鋼筋混凝土造,,174.16,3,2,2,有,無,9450000,58717,坡道平面,30.25,1000000,,RPSUMLQJKHJFFBJ98CB
竹北市,房地(土地+建物)+車位,新竹縣竹北市聯發街,15.49,住,,,1020226,土地1建物1車位1,十一層,14,住宅大樓(11層含以上有電梯),住家用,鋼筋混凝土造,,130.45,2,1,1,有,無,6900000,58185,坡道平面,28.19,950000,,RPUUMLQJKHJFFBJ56CB
竹北市,房地(土地+建物)+車位,新竹縣竹北市聯發街,21.8,住,,,1020323,土地1建物1車位1,三層,14,住宅大樓(11層含以上有電梯),住家用,鋼筋混凝土造,,172.1,3,2,2,有,無,9270000,57466,坡道平面,28.19,1000000,,RPVUMLQJKHJFFBJ66CB
竹北市,房地(土地+建物)+車位,新竹縣竹北市聯發街,15.49,住,,,1011215,土地1建物1車位1,二層,14,住宅大樓(11層含以上有電梯),住家用,鋼筋混凝土造,,132.51,2,1,1,有,無,6990000,59554,坡道平面,30.25,900000,,RPWUMLQJKHJFFBJ76CB
竹北市,房地(土地+建物)+車位,新竹縣竹北市聯發街,15.49,住,,,1021201,土地1建物1車位1,十二層,14,住宅大樓(11層含以上有電梯),住家用,鋼筋混凝土造,,130.45,2,1,1,有,無,7790000,64444,坡道平面,28.19,1200000,,RPXUMLQJKHJFFBJ86CB
竹北市,房地(土地+建物)+車位,新竹縣竹北市聯發街,15.49,住,,,1020713,土地1建物1車位1,七層,14,住宅大樓(11層含以上有電梯),住家用,鋼筋混凝土造,,132.51,2,1,1,有,無,7300000,60630,坡道平面,30.25,1100000,,RPOVMLQJKHJFFBJ68CB
竹北市,房地(土地+建物)+車位,新竹縣竹北市聯發街,21.98,住,,,1021011,土地1建物1車位1,十四層,14,住宅大樓(11層含以上有電梯),住家用,鋼筋混凝土造,,175.3,3,2,2,有,無,11280000,69493,坡道平面,30.25,1200000,,RPPVMLQJKHJFFBJ78CB
竹北市,房地(土地+建物)+車位,新竹縣竹北市聯發街,15.49,住,,,1011214,土地1建物1車位1,十三層,14,住宅大樓(11層含以上有電梯),住家用,鋼筋混凝土造,,132.51,2,1,1,有,無,7800000,68453,坡道平面,30.25,800000,,RPQVMLQJKHJFFBJ88CB
竹北市,房地(土地+建物)+車位,新竹縣竹北市聯發街,15.49,住,,,1011218,土地1建物1車位1,三層,14,住宅大樓(11層含以上有電梯),住家用,鋼筋混凝土造,,132.51,2,1,1,有,無,6750000,58185,坡道平面,30.25,800000,,RPRVMLQJKHJFFBJ98CB
竹北市,房地(土地+建物)+車位,新竹縣竹北市聯發街,15.49,住,,,1020504,土地1建物1車位1,五層,14,住宅大樓(11層含以上有電梯),住家用,鋼筋混凝土造,,132.51,2,1,1,有,無,6980000,57989,坡道平面,30.25,1050000,,RPSVMLQJKHJFFBJ09CB
竹北市,房地(土地+建物)+車位,新竹縣竹北市聯發街,21.8,住,,,1020715,土地1建物1車位1,三層,14,住宅大樓(11層含以上有電梯),住家用,鋼筋混凝土造,,174.16,3,2,2,有,無,9750000,60454,坡道平面,30.25,1050000,,RPTVMLQJKHJFFBJ56CB
竹北市,房地(土地+建物)+車位,新竹縣竹北市聯發街,15.49,住,,,1011213,土地1建物1車位1,十層,14,住宅大樓(11層含以上有電梯),住家用,鋼筋混凝土造,,132.51,2,1,1,有,無,7160000,61217,坡道平面,30.25,900000,,RPUVMLQJKHJFFBJ66CB
竹北市,房地(土地+建物)+車位,新竹縣竹北市聯發街,21.8,住,,,1020412,土地1建物1車位1,十三層,14,住宅大樓(11層含以上有電梯),住家用,鋼筋混凝土造,,174.16,3,2,2,有,無,10550000,66361,坡道平面,30.25,1000000,,RPVVMLQJKHJFFBJ76CB
竹北市,房地(土地+建物)+車位,新竹縣竹北市聯發街,15.49,住,,,1020508,土地1建物1車位1,十層,14,住宅大樓(11層含以上有電梯),住家用,鋼筋混凝土造,,132.51,2,1,1,有,無,7440000,62488,坡道平面,30.25,1050000,,RPWVMLQJKHJFFBJ86CB
竹北市,房地(土地+建物)+車位,新竹縣竹北市聯發街,15.49,住,,,1020614,土地1建物1車位1,四層,14,住宅大樓(11層含以上有電梯),住家用,鋼筋混凝土造,,132.51,2,1,1,有,無,6650000,54762,坡道平面,30.25,1050000,,RPXVMLQJKHJFFBJ96CB
竹北市,房地(土地+建物)+車位,新竹縣竹北市聯發街,15.49,住,,,1020503,土地1建物1車位1,八層,14,住宅大樓(11層含以上有電梯),住家用,鋼筋混凝土造,,130.45,2,1,1,有,無,7100000,59652,坡道平面,28.19,1000000,,RPOWMLQJKHJFFBJ78CB
竹北市,房地(土地+建物)+車位,新竹縣竹北市聯發街,21.8,住,,,1020621,土地1建物1車位1,七層,14,住宅大樓(11層含以上有電梯),住家用,鋼筋混凝土造,,172.1,3,2,2,有,無,9470000,58509,坡道平面,28.19,1050000,,RPPWMLQJKHJFFBJ88CB
竹北市,房地(土地+建物)+車位,新竹縣竹北市聯發街,15.49,住,,,1020708,土地1建物1車位1,二層,14,住宅大樓(11層含以上有電梯),住家用,鋼筋混凝土造,,132.51,2,1,1,有,無,6760000,56816,坡道平面,30.25,950000,,RPQWMLQJKHJFFBJ98CB
竹北市,房地(土地+建物)+車位,新竹縣竹北市聯發街,21.8,住,,,1020607,土地1建物1車位1,二層,14,住宅大樓(11層含以上有電梯),住家用,鋼筋混凝土造,,174.16,3,2,2,有,無,9100000,55938,坡道平面,30.25,1050000,,RPRWMLQJKHJFFBJ09CB
竹北市,房地(土地+建物)+車位,新竹縣竹北市聯發街,15.49,住,,,1020416,土地1建物1車位1,五層,14,住宅大樓(11層含以上有電梯),住家用,鋼筋混凝土造,,130.45,2,1,1,有,無,7050000,59163,坡道平面,28.19,1000000,,RPSWMLQJKHJFFBJ56CB
竹北市,房地(土地+建物)+車位,新竹縣竹北市聯發街,15.49,住,,,1020516,土地1建物1車位1,五層,14,住宅大樓(11層含以上有電梯),住家用,鋼筋混凝土造,,130.45,2,1,1,有,無,6880000,57500,坡道平面,28.19,1000000,,RPTWMLQJKHJFFBJ66CB
竹北市,房地(土地+建物)+車位,新竹縣竹北市聯發街,21.8,住,,,1020911,土地1建物1車位1,十一層,14,住宅大樓(11層含以上有電梯),住家用,鋼筋混凝土造,,174.16,3,2,2,有,無,9910000,60524,坡道平面,30.25,1200000,,RPUWMLQJKHJFFBJ76CB
竹北市,房地(土地+建物)+車位,新竹縣竹北市聯發街,15.49,住,,,1021004,土地1建物1車位1,十二層,14,住宅大樓(11層含以上有電梯),住家用,鋼筋混凝土造,,132.51,2,1,1,有,無,7940000,66888,坡道平面,30.25,1100000,,RPVWMLQJKHJFFBJ86CB
竹北市,房地(土地+建物)+車位,新竹縣竹北市聯發街,21.8,住,,,1011214,土地1建物1車位1,十二層,14,住宅大樓(11層含以上有電梯),住家用,鋼筋混凝土造,,174.16,3,2,2,有,無,10610000,67473,坡道平面,30.25,900000,,RPWWMLQJKHJFFBJ96CB
竹北市,房地(土地+建物)+車位,新竹縣竹北市聯發街,21.8,住,,,1020321,土地1建物1車位1,五層,14,住宅大樓(11層含以上有電梯),住家用,鋼筋混凝土造,,172.1,3,2,2,有,無,9900000,61844,坡道平面,28.19,1000000,,RPPNNLQJKHJFFBJ08CB
竹北市,房地(土地+建物)+車位,新竹縣竹北市聯發街,21.8,住,,,1011213,土地1建物1車位2,九層,14,住宅大樓(11層含以上有電梯),住家用,鋼筋混凝土造,,202.35,3,2,2,有,無,11050000,63581,坡道平面,58.44,1900000,,RPQNNLQJKHJFFBJ18CB
竹北市,房地(土地+建物)+車位,新竹縣竹北市聯發街,21.8,住,,,1020726,土地1建物1車位1,七層,14,住宅大樓(11層含以上有電梯),住家用,鋼筋混凝土造,,174.16,3,2,2,有,無,9320000,56424,坡道平面,30.25,1200000,,RPRNNLQJKHJFFBJ28CB
竹北市,房地(土地+建物)+車位,新竹縣竹北市聯發街,21.8,住,,,1020722,土地1建物1車位1,十層,14,住宅大樓(11層含以上有電梯),住家用,鋼筋混凝土造,,174.16,3,2,2,有,無,9720000,59899,坡道平面,30.25,1100000,,RPSNNLQJKHJFFBJ38CB
竹北市,房地(土地+建物)+車位,新竹縣竹北市聯發街,21.8,住,,,1020419,土地1建物1車位1,五層,14,住宅大樓(11層含以上有電梯),住家用,鋼筋混凝土造,,174.16,3,2,2,有,無,8950000,54895,坡道平面,30.25,1050000,,RPTNNLQJKHJFFBJ48CB
竹北市,房地(土地+建物)+車位,新竹縣竹北市聯發街,15.49,住,,,1020108,土地1建物1車位1,二層,14,住宅大樓(11層含以上有電梯),住家用,鋼筋混凝土造,,132.51,2,1,1,有,無,6990000,59554,坡道平面,30.25,900000,,RPUNNLQJKHJFFBJ58CB
竹北市,房地(土地+建物)+車位,新竹縣竹北市聯發街,15.49,住,,,1020517,土地1建物1車位1,十二層,14,住宅大樓(11層含以上有電梯),住家用,鋼筋混凝土造,,132.51,2,1,1,有,無,7260000,61217,坡道平面,30.25,1000000,,RPVNNLQJKHJFFBJ68CB
竹北市,房地(土地+建物)+車位,新竹縣竹北市聯發街,15.49,住,,,1011218,土地1建物1車位1,五層,14,住宅大樓(11層含以上有電梯),住家用,鋼筋混凝土造,,132.51,2,1,1,有,無,6730000,57012,坡道平面,30.25,900000,,RPWNNLQJKHJFFBJ78CB
竹北市,房地(土地+建物)+車位,新竹縣竹北市聯發街,21.8,住,,,1020515,土地1建物1車位1,四層,14,住宅大樓(11層含以上有電梯),住家用,鋼筋混凝土造,,172.1,3,2,2,有,無,9410000,58439,坡道平面,28.19,1000000,,RPXNNLQJKHJFFBJ88CB
竹北市,房地(土地+建物)+車位,新竹縣竹北市聯發街,15.49,住,,,1011223,土地1建物1車位1,四層,14,住宅大樓(11層含以上有電梯),住家用,鋼筋混凝土造,,132.51,2,1,1,有,無,6630000,55056,坡道平面,30.25,1000000,,RPOONLQJKHJFFBJ08CB
竹北市,房地(土地+建物)+車位,新竹縣竹北市聯發街,15.49,住,,,1020419,土地1建物1車位1,四層,14,住宅大樓(11層含以上有電梯),住家用,鋼筋混凝土造,,132.51,2,1,1,有,無,6400000,52807,坡道平面,30.25,1000000,,RPPONLQJKHJFFBJ18CB
竹北市,房地(土地+建物)+車位,新竹縣竹北市聯發街,15.49,住,,,1020420,土地1建物1車位1,十一層,14,住宅大樓(11層含以上有電梯),住家用,鋼筋混凝土造,,130.45,2,1,1,有,無,7050000,59163,坡道平面,28.19,1000000,,RPQONLQJKHJFFBJ28CB
竹北市,房地(土地+建物)+車位,新竹縣竹北市聯發街,15.49,住,,,1011214,土地1建物1車位1,十一層,14,住宅大樓(11層含以上有電梯),住家用,鋼筋混凝土造,,132.51,2,1,1,有,無,7190000,61510,坡道平面,30.25,900000,,RPRONLQJKHJFFBJ38CB
竹北市,房地(土地+建物)+車位,新竹縣竹北市聯發街,15.49,住,,,1011215,土地1建物1車位1,三層,14,住宅大樓(11層含以上有電梯),住家用,鋼筋混凝土造,,132.51,2,1,1,有,無,6850000,58185,坡道平面,30.25,900000,,RPSONLQJKHJFFBJ48CB
竹北市,房地(土地+建物)+車位,新竹縣竹北市聯發街,15.49,住,,,1011214,土地1建物1車位1,九層,14,住宅大樓(11層含以上有電梯),住家用,鋼筋混凝土造,,132.51,2,1,1,有,無,7130000,60923,坡道平面,30.25,900000,,RPTONLQJKHJFFBJ58CB
竹北市,房地(土地+建物)+車位,新竹縣竹北市聯發街,21.8,住,,,1020508,土地1建物1車位1,六層,14,住宅大樓(11層含以上有電梯),住家用,鋼筋混凝土造,,174.16,3,2,2,有,無,10110000,62410,坡道平面,28.19,1000000,,RPUONLQJKHJFFBJ68CB
竹北市,房地(土地+建物)+車位,新竹縣竹北市聯發街,15.49,住,,,1011219,土地1建物1車位1,十層,14,住宅大樓(11層含以上有電梯),住家用,鋼筋混凝土造,,132.51,2,1,1,有,無,7200000,59652,坡道平面,30.25,1100000,,RPVONLQJKHJFFBJ78CB
竹北市,房地(土地+建物)+車位,新竹縣竹北市聯發街,21.8,住,,,1021024,土地1建物1車位1,四層,14,住宅大樓(11層含以上有電梯),住家用,鋼筋混凝土造,,174.16,3,2,2,有,無,9450000,57327,坡道平面,30.25,1200000,,RPWONLQJKHJFFBJ88CB
竹北市,房地(土地+建物)+車位,新竹縣竹北市聯發街,21.98,住,,,1020708,土地1建物1車位1,十四層,14,住宅大樓(11層含以上有電梯),住家用,鋼筋混凝土造,,175.3,3,2,2,有,無,9980000,61220,坡道平面,30.25,1100000,,RPXONLQJKHJFFBJ98CB
竹北市,房地(土地+建物)+車位,新竹縣竹北市聯發街,15.49,住,,,1020422,土地1建物1車位1,七層,14,住宅大樓(11層含以上有電梯),住家用,鋼筋混凝土造,,132.51,2,1,1,有,無,6950000,58185,坡道平面,30.25,1000000,,RPOPNLQJKHJFFBJ18CB
竹北市,房地(土地+建物)+車位,新竹縣竹北市聯發街,21.8,住,,,1021204,土地1建物1車位1,十層,14,住宅大樓(11層含以上有電梯),住家用,鋼筋混凝土造,,172.1,3,2,2,有,無,10240000,62817,坡道平面,28.19,1200000,,RPPPNLQJKHJFFBJ28CB
竹北市,房地(土地+建物)+車位,新竹縣竹北市聯發街,15.49,住,,,1020920,土地1建物1車位1,二層,14,住宅大樓(11層含以上有電梯),住家用,鋼筋混凝土造,,132.51,2,1,1,有,無,7180000,59456,坡道平面,30.25,1100000,,RPQPNLQJKHJFFBJ38CB
竹北市,房地(土地+建物)+車位,新竹縣竹北市聯發街,21.8,住,,,1020529,土地1建物1車位1,三層,14,住宅大樓(11層含以上有電梯),住家用,鋼筋混凝土造,,172.1,3,2,2,有,無,8600000,52811,坡道平面,28.19,1000000,,RPRPNLQJKHJFFBJ48CB
竹北市,房地(土地+建物)+車位,新竹縣竹北市聯發街,15.49,住,,,1020801,土地1建物1車位1,六層,14,住宅大樓(11層含以上有電梯),住家用,鋼筋混凝土造,,132.51,2,1,1,有,無,7380000,60434,坡道平面,30.25,1200000,,RPSPNLQJKHJFFBJ58CB
竹北市,房地(土地+建物)+車位,新竹縣竹北市聯發街,15.49,住,,,1020603,土地1建物1車位1,六層,14,住宅大樓(11層含以上有電梯),住家用,鋼筋混凝土造,,130.45,2,1,1,有,無,7200000,60630,坡道平面,28.19,1000000,,RPTPNLQJKHJFFBJ68CB
竹北市,房地(土地+建物)+車位,新竹縣竹北市聯發街,15.49,住,,,1020724,土地1建物1車位1,十一層,14,住宅大樓(11層含以上有電梯),住家用,鋼筋混凝土造,,132.51,2,1,1,有,無,7690000,64933,坡道平面,30.25,1050000,,RPUPNLQJKHJFFBJ78CB
竹北市,房地(土地+建物)+車位,新竹縣竹北市聯發街,21.8,住,,,1020307,土地1建物1車位1,十一層,14,住宅大樓(11層含以上有電梯),住家用,鋼筋混凝土造,,174.16,3,2,2,有,無,10260000,63651,坡道平面,30.25,1100000,,RPVPNLQJKHJFFBJ88CB
竹北市,房地(土地+建物)+車位,新竹縣竹北市聯發街,15.49,住,,,1011214,土地1建物1車位1,三層,14,住宅大樓(11層含以上有電梯),住家用,鋼筋混凝土造,,130.45,2,1,1,有,無,6520000,55936,坡道平面,28.19,800000,,RPWPNLQJKHJFFBJ98CB
竹北市,房地(土地+建物)+車位,新竹縣竹北市聯發街,31.55,住,,,1021219,土地1建物1車位1,十四層,14,住宅大樓(11層含以上有電梯),住家用,鋼筋混凝土造,,236.42,3,2,2,有,無,15880000,70739,坡道平面,28.19,1150000,,RPXPNLQJKHJFFBJ09CB
竹北市,房地(土地+建物)+車位,新竹縣竹北市聯發街,15.49,住,,,1021112,土地1建物1車位1,十二層,14,住宅大樓(11層含以上有電梯),住家用,鋼筋混凝土造,,132.51,2,1,1,有,無,7760000,65128,坡道平面,30.25,1100000,,RPPQNLQJKHJFFBJ38CB
竹北市,房地(土地+建物)+車位,新竹縣竹北市聯發街,15.49,住,,,1020403,土地1建物1車位1,四層,14,住宅大樓(11層含以上有電梯),住家用,鋼筋混凝土造,,130.45,2,1,1,有,無,6600000,54762,坡道平面,28.19,1000000,,RPRQNLQJKHJFFBJ58CB
竹北市,房地(土地+建物)+車位,新竹縣竹北市聯發街,21.8,住,,,1020503,土地1建物1車位1,四層,14,住宅大樓(11層含以上有電梯),住家用,鋼筋混凝土造,,174.16,3,2,2,有,無,8850000,54201,坡道平面,30.25,1050000,,RPSQNLQJKHJFFBJ68CB
竹北市,房地(土地+建物)+車位,新竹縣竹北市聯發街,21.8,住,,,1020223,土地1建物1車位1,十三層,14,住宅大樓(11層含以上有電梯),住家用,鋼筋混凝土造,,174.16,3,2,2,有,無,10430000,65527,坡道平面,30.25,1000000,,RPTQNLQJKHJFFBJ78CB
竹北市,房地(土地+建物)+車位,新竹縣竹北市聯發街,21.8,住,,,1020430,土地1建物1車位1,八層,14,住宅大樓(11層含以上有電梯),住家用,鋼筋混凝土造,,174.16,3,2,2,有,無,9500000,58717,坡道平面,30.25,1050000,,RPUQNLQJKHJFFBJ88CB
竹北市,房地(土地+建物)+車位,新竹縣竹北市聯發街,21.8,住,,,1020530,土地1建物1車位1,六層,14,住宅大樓(11層含以上有電梯),住家用,鋼筋混凝土造,,174.16,3,2,2,有,無,10000000,62192,坡道平面,30.25,1050000,,RPVQNLQJKHJFFBJ98CB
竹北市,房地(土地+建物)+車位,新竹縣竹北市聯發街,15.49,住,,,1020429,土地1建物1車位1,八層,14,住宅大樓(11層含以上有電梯),住家用,鋼筋混凝土造,,130.45,2,1,1,有,無,7000000,58674,坡道平面,28.19,1000000,,RPWQNLQJKHJFFBJ09CB
竹北市,房地(土地+建物)+車位,新竹縣竹北市聯發街,21.8,住,,,1011214,土地1建物1車位1,八層,14,住宅大樓(11層含以上有電梯),住家用,鋼筋混凝土造,,172.1,3,2,2,有,無,10000000,62539,坡道平面,28.19,1000000,,RPXQNLQJKHJFFBJ56CB
竹北市,房地(土地+建物)+車位,新竹縣竹北市聯發街,15.49,住,,,1011216,土地1建物1車位1,五層,14,住宅大樓(11層含以上有電梯),住家用,鋼筋混凝土造,,132.51,2,1,1,有,無,6750000,56229,坡道平面,30.25,1000000,,RPORNLQJKHJFFBJ38CB
竹北市,房地(土地+建物)+車位,新竹縣竹北市聯發街,15.49,住,,,1020301,土地1建物1車位1,六層,14,住宅大樓(11層含以上有電梯),住家用,鋼筋混凝土造,,132.51,2,1,1,有,無,7100000,59652,坡道平面,30.25,1000000,,RPPRNLQJKHJFFBJ48CB
竹北市,房地(土地+建物)+車位,新竹縣竹北市聯發街,15.49,住,,,1020820,土地1建物1車位1,二層,14,住宅大樓(11層含以上有電梯),住家用,鋼筋混凝土造,,132.51,2,1,1,有,無,7100000,58674,坡道平面,30.25,1100000,,RPQRNLQJKHJFFBJ58CB
竹北市,房地(土地+建物)+車位,新竹縣竹北市聯發街,15.49,住,,,1020809,土地1建物1車位1,十一層,14,住宅大樓(11層含以上有電梯),住家用,鋼筋混凝土造,,130.45,2,1,1,有,無,7730000,65324,坡道平面,28.19,1050000,,RPRRNLQJKHJFFBJ68CB
竹北市,房地(土地+建物)+車位,新竹縣竹北市聯發街,21.98,住,,,1020808,土地1建物1車位1,十四層,14,住宅大樓(11層含以上有電梯),住家用,鋼筋混凝土造,,175.3,3,2,2,有,無,10280000,63289,坡道平面,30.25,1100000,,RPTRNLQJKHJFFBJ88CB
竹北市,房地(土地+建物)+車位,新竹縣竹北市聯發街,15.49,住,,,1011218,土地1建物1車位1,二層,14,住宅大樓(11層含以上有電梯),住家用,鋼筋混凝土造,,132.51,2,1,1,有,無,6830000,57012,坡道平面,30.25,1000000,,RPURNLQJKHJFFBJ98CB
竹北市,房地(土地+建物)+車位,新竹縣竹北市聯發街,21.8,住,,,1020620,土地1建物1車位1,七層,14,住宅大樓(11層含以上有電梯),住家用,鋼筋混凝土造,,174.16,3,2,2,有,無,10010000,62261,坡道平面,30.25,1050000,,RPVRNLQJKHJFFBJ09CB
竹北市,房地(土地+建物)+車位,新竹縣竹北市聯發街,21.8,住,,,1020429,土地1建物1車位1,五層,14,住宅大樓(11層含以上有電梯),住家用,鋼筋混凝土造,,174.16,3,2,2,有,無,9280000,57536,坡道平面,30.25,1000000,,RPWRNLQJKHJFFBJ56CB
竹北市,房地(土地+建物)+車位,新竹縣竹北市聯發街,15.49,住,,,1020722,土地1建物1車位1,十一層,14,住宅大樓(11層含以上有電梯),住家用,鋼筋混凝土造,,132.51,2,1,1,有,無,7520000,63270,坡道平面,30.25,1050000,,RPXRNLQJKHJFFBJ66CB
竹北市,房地(土地+建物)+車位,新竹縣竹北市聯發街,21.8,住,,,1020709,土地1建物1車位1,六層,14,住宅大樓(11層含以上有電梯),住家用,鋼筋混凝土造,,172.1,3,2,2,有,無,9300000,56980,坡道平面,28.19,1100000,,RPOSNLQJKHJFFBJ48CB
竹北市,房地(土地+建物)+車位,新竹縣竹北市聯發街,15.49,住,,,1020219,土地1建物1車位1,十二層,14,住宅大樓(11層含以上有電梯),住家用,鋼筋混凝土造,,132.51,2,1,1,有,無,7030000,61314,坡道平面,30.25,760000,,RPPSNLQJKHJFFBJ58CB
竹北市,房地(土地+建物)+車位,新竹縣竹北市聯發街,21.8,住,,,1020504,土地1建物1車位1,四層,14,住宅大樓(11層含以上有電梯),住家用,鋼筋混凝土造,,172.1,3,2,2,有,無,8800000,54201,坡道平面,28.19,1000000,,RPQSNLQJKHJFFBJ68CB
竹北市,房地(土地+建物)+車位,新竹縣竹北市聯發街,21.8,住,,,1020712,土地1建物1車位1,十層,14,住宅大樓(11層含以上有電梯),住家用,鋼筋混凝土造,,174.16,3,2,2,有,無,9500000,58370,坡道平面,30.25,1100000,,RPRSNLQJKHJFFBJ78CB
竹北市,房地(土地+建物)+車位,新竹縣竹北市聯發街,15.49,住,,,1020816,土地1建物1車位1,七層,14,住宅大樓(11層含以上有電梯),住家用,鋼筋混凝土造,,132.51,2,1,1,有,無,7320000,60825,坡道平面,30.25,1100000,,RPSSNLQJKHJFFBJ88CB
竹北市,房地(土地+建物)+車位,新竹縣竹北市聯發街,15.49,住,,,1011215,土地1建物1車位1,十二層,14,住宅大樓(11層含以上有電梯),住家用,鋼筋混凝土造,,132.51,2,1,1,有,無,7130000,61314,坡道平面,30.25,860000,,RPTSNLQJKHJFFBJ98CB
竹北市,房地(土地+建物)+車位,新竹縣竹北市聯發街,15.49,住,,,1020705,土地1建物1車位1,七層,14,住宅大樓(11層含以上有電梯),住家用,鋼筋混凝土造,,132.51,2,1,1,有,無,7300000,61119,坡道平面,30.25,1050000,,RPUSNLQJKHJFFBJ09CB
竹北市,房地(土地+建物)+車位,新竹縣竹北市聯發街,21.98,住,,,1020802,土地1建物1車位1,十四層,14,住宅大樓(11層含以上有電梯),住家用,鋼筋混凝土造,,175.3,3,2,2,有,無,10350000,63082,坡道平面,30.25,1200000,,RPVSNLQJKHJFFBJ56CB
竹北市,房地(土地+建物)+車位,新竹縣竹北市聯發街,15.49,住,,,1011207,土地1建物1車位1,十一層,14,住宅大樓(11層含以上有電梯),住家用,鋼筋混凝土造,,130.45,2,1,1,有,無,7100000,59652,坡道平面,28.19,1000000,,RPWSNLQJKHJFFBJ66CB
竹北市,房地(土地+建物)+車位,新竹縣竹北市聯發街,21.8,住,,,1020727,土地1建物1車位1,七層,14,住宅大樓(11層含以上有電梯),住家用,鋼筋混凝土造,,172.1,3,2,2,有,無,9800000,60454,坡道平面,28.19,1100000,,RPXSNLQJKHJFFBJ76CB
竹北市,房地(土地+建物)+車位,新竹縣竹北市聯發街,21.8,住,,,1020530,土地1建物1車位1,八層,14,住宅大樓(11層含以上有電梯),住家用,鋼筋混凝土造,,174.16,3,2,2,有,無,9150000,56285,坡道平面,30.25,1050000,,RPOTNLQJKHJFFBJ58CB
竹北市,房地(土地+建物)+車位,新竹縣竹北市永興段514地號,41.44,商,,,1020514,土地1建物1車位2,四層,21,住宅大樓(11層含以上有電梯),住家用,鋼筋混凝土造,,291.22,4,2,3,有,無,39810000,141873,坡道平面,30.0,2750000,,RPUNMLLJMHJFFBJ18CB
竹北市,房地(土地+建物)+車位,新竹縣竹北市永興段514地號,41.44,商,,,1021021,土地1建物1車位2,五層,21,住宅大樓(11層含以上有電梯),住家用,鋼筋混凝土造,,291.22,4,2,3,有,無,40690000,145050,坡道平面,30.0,2800000,,RPVNMLLJMHJFFBJ28CB
竹北市,房地(土地+建物)+車位,新竹縣竹北市永興段514地號,40.95,商,,,1020301,土地1建物1車位2,六層,21,住宅大樓(11層含以上有電梯),住家用,鋼筋混凝土造,,291.22,4,2,3,有,無,39360000,138864,坡道平面,27.94,2800000,,RPXNMLLJMHJFFBJ48CB
竹北市,房地(土地+建物)+車位,新竹縣竹北市永興段514地號,41.44,商,,,1020413,土地1建物1車位2,八層,21,住宅大樓(11層含以上有電梯),住家用,鋼筋混凝土造,,291.22,4,2,3,有,無,40760000,145701,坡道平面,30.0,2700000,,RPOOMLLJMHJFFBJ67CB
竹北市,房地(土地+建物)+車位,新竹縣竹北市永興段514地號,41.44,商,,,1020728,土地1建物1車位2,九層,21,住宅大樓(11層含以上有電梯),住家用,鋼筋混凝土造,,291.22,4,2,3,有,無,41360000,147232,坡道平面,30.0,2900000,,RPPOMLLJMHJFFBJ77CB
竹北市,房地(土地+建物)+車位,新竹縣竹北市永興段514地號,41.44,商,,,1020421,土地1建物1車位2,十層,21,住宅大樓(11層含以上有電梯),住家用,鋼筋混凝土造,,291.22,4,2,3,有,無,41260000,147232,坡道平面,30.0,2800000,,RPQOMLLJMHJFFBJ87CB
竹北市,房地(土地+建物)+車位,新竹縣竹北市永興段514地號,41.44,商,,,1021015,土地1建物1車位2,十一層,21,住宅大樓(11層含以上有電梯),住家用,鋼筋混凝土造,,291.22,4,2,3,有,無,42160000,151060,坡道平面,30.0,2700000,,RPROMLLJMHJFFBJ97CB
竹北市,房地(土地+建物)+車位,新竹縣竹北市永興段514地號,41.44,商,,,1020320,土地1建物1車位2,十二層,21,住宅大樓(11層含以上有電梯),住家用,鋼筋混凝土造,,291.22,4,2,3,有,無,40880000,144246,坡道平面,30.0,3200000,,RPSOMLLJMHJFFBJ08CB
竹北市,房地(土地+建物)+車位,新竹縣竹北市永興段514地號,40.95,商,,,1020825,土地1建物1車位2,十三層,21,住宅大樓(11層含以上有電梯),住家用,鋼筋混凝土造,,291.22,4,2,3,有,無,41760000,148359,坡道平面,27.94,2700000,,RPWOMLLJMHJFFBJ48CB
竹北市,房地(土地+建物)+車位,新竹縣竹北市永興段514地號,41.44,商,,,1020525,土地1建物1車位2,十四層,21,住宅大樓(11層含以上有電梯),住家用,鋼筋混凝土造,,291.22,4,2,3,有,無,40860000,145318,坡道平面,30.0,2900000,,RPXOMLLJMHJFFBJ58CB
竹北市,房地(土地+建物)+車位,新竹縣竹北市永興段514地號,40.95,商,,,1020721,土地1建物1車位2,十五層,21,住宅大樓(11層含以上有電梯),住家用,鋼筋混凝土造,,291.22,4,2,3,有,無,42460000,149878,坡道平面,27.94,3000000,,RPOPMLLJMHJFFBJ77CB
竹北市,房地(土地+建物)+車位,新竹縣竹北市永興段514地號,40.95,商,,,1020324,土地1建物1車位2,十六層,21,住宅大樓(11層含以上有電梯),住家用,鋼筋混凝土造,,291.22,4,2,3,有,無,41360000,145321,坡道平面,27.94,3100000,,RPPPMLLJMHJFFBJ87CB
竹北市,房地(土地+建物)+車位,新竹縣竹北市永興段514地號,41.44,商,,,1021112,土地1建物1車位2,十七層,21,住宅大樓(11層含以上有電梯),住家用,鋼筋混凝土造,,291.22,4,2,3,有,無,43260000,152592,坡道平面,30.0,3400000,,RPQPMLLJMHJFFBJ97CB
竹北市,房地(土地+建物)+車位,新竹縣竹北市永興段514地號,41.44,商,,,1020410,土地1建物1車位2,十八層,21,住宅大樓(11層含以上有電梯),住家用,鋼筋混凝土造,,291.22,4,2,3,有,無,41760000,147998,坡道平面,30.0,3100000,,RPSPMLLJMHJFFBJ18CB
竹北市,房地(土地+建物)+車位,新竹縣竹北市永興段514地號,41.44,商,,,1020901,土地1建物1車位2,十九層,21,住宅大樓(11層含以上有電梯),住家用,鋼筋混凝土造,,291.22,4,2,3,有,無,43060000,154123,坡道平面,30.0,2800000,,RPTPMLLJMHJFFBJ28CB
竹北市,房地(土地+建物)+車位,新竹縣竹北市永興段514地號,41.44,商,,,1020405,土地1建物1車位2,二十層,21,住宅大樓(11層含以上有電梯),住家用,鋼筋混凝土造,,291.22,4,2,3,有,無,43260000,154123,坡道平面,30.0,3000000,,RPUPMLLJMHJFFBJ38CB
竹北市,房地(土地+建物)+車位,新竹縣竹北市永興段514地號,41.44,商,,,1030209,土地1建物1車位2,二十一層,21,住宅大樓(11層含以上有電梯),住家用,鋼筋混凝土造,,291.22,4,2,3,有,無,46260000,163693,坡道平面,30.0,3500000,,RPVPMLLJMHJFFBJ48CB
竹北市,房地(土地+建物)+車位,新竹縣竹北市永興段514地號,41.44,商,,,1020724,土地1建物1車位2,三層,21,住宅大樓(11層含以上有電梯),住家用,鋼筋混凝土造,,291.22,4,2,3,有,無,45570000,162583,坡道平面,30.0,3100000,,RPWPMLLJMHJFFBJ58CB
竹北市,房地(土地+建物)+車位,新竹縣竹北市永興段514地號,41.44,商,,,1020315,土地1建物1車位2,四層,21,住宅大樓(11層含以上有電梯),住家用,鋼筋混凝土造,,291.22,4,2,3,有,無,38860000,137662,坡道平面,30.0,2900000,,RPXPMLLJMHJFFBJ68CB
竹北市,房地(土地+建物)+車位,新竹縣竹北市永興段514地號,40.95,商,,,1021021,土地1建物1車位2,五層,21,住宅大樓(11層含以上有電梯),住家用,鋼筋混凝土造,,291.22,4,2,3,有,無,40590000,143915,坡道平面,27.94,2700000,,RPOQMLLJMHJFFBJ87CB
竹北市,房地(土地+建物)+車位,新竹縣竹北市永興段514地號,41.44,商,,,1020803,土地1建物1車位2,七層,21,住宅大樓(11層含以上有電梯),住家用,鋼筋混凝土造,,291.22,4,2,3,有,無,41090000,146581,坡道平面,30.0,2800000,,RPRQMLLJMHJFFBJ18CB
竹北市,房地(土地+建物)+車位,新竹縣竹北市永興段514地號,41.44,商,,,1020512,土地1建物1車位2,八層,21,住宅大樓(11層含以上有電梯),住家用,鋼筋混凝土造,,291.22,4,2,3,有,無,40860000,145701,坡道平面,30.0,2800000,,RPSQMLLJMHJFFBJ28CB
竹北市,房地(土地+建物)+車位,新竹縣竹北市永興段514地號,41.44,商,,,1020901,土地1建物1車位2,九層,21,住宅大樓(11層含以上有電梯),住家用,鋼筋混凝土造,,291.22,4,2,3,有,無,41060000,147232,坡道平面,30.0,2600000,,RPUQMLLJMHJFFBJ48CB
竹北市,房地(土地+建物)+車位,新竹縣竹北市永興段514地號,40.95,商,,,1020316,土地1建物1車位2,十層,21,住宅大樓(11層含以上有電梯),住家用,鋼筋混凝土造,,291.22,4,2,3,有,無,40260000,142662,坡道平面,27.94,2700000,,RPVQMLLJMHJFFBJ58CB
竹北市,房地(土地+建物)+車位,新竹縣竹北市永興段514地號,41.44,商,,,1021015,土地1建物1車位2,十一層,21,住宅大樓(11層含以上有電梯),住家用,鋼筋混凝土造,,291.22,4,2,3,有,無,42360000,151060,坡道平面,30.0,2900000,,RPXQMLLJMHJFFBJ78CB
竹北市,房地(土地+建物)+車位,新竹縣竹北市永興段514地號,41.44,商,,,1020322,土地1建物1車位2,十二層,21,住宅大樓(11層含以上有電梯),住家用,鋼筋混凝土造,,291.22,4,2,3,有,無,40760000,145318,坡道平面,30.0,2800000,,RPORMLLJMHJFFBJ97CB
竹北市,房地(土地+建物)+車位,新竹縣竹北市永興段514地號,41.44,商,,,1020531,土地1建物1車位2,十四層,21,住宅大樓(11層含以上有電梯),住家用,鋼筋混凝土造,,291.22,4,2,3,有,無,42260000,148763,坡道平面,30.0,3400000,,RPPRMLLJMHJFFBJ08CB
竹北市,房地(土地+建物)+車位,新竹縣竹北市永興段514地號,40.95,商,,,1020810,土地1建物1車位2,十五層,21,住宅大樓(11層含以上有電梯),住家用,鋼筋混凝土造,,291.22,4,2,3,有,無,42460000,149878,坡道平面,27.94,3000000,,RPSRMLLJMHJFFBJ38CB
竹北市,房地(土地+建物)+車位,新竹縣竹北市永興段514地號,41.44,商,,,1020324,土地1建物1車位2,十六層,21,住宅大樓(11層含以上有電梯),住家用,鋼筋混凝土造,,291.22,4,2,3,有,無,41360000,146467,坡道平面,30.0,3100000,,RPTRMLLJMHJFFBJ48CB
竹北市,房地(土地+建物)+車位,新竹縣竹北市永興段514地號,41.44,商,,,1020801,土地1建物1車位2,十七層,21,住宅大樓(11層含以上有電梯),住家用,鋼筋混凝土造,,291.22,4,2,3,有,無,43260000,152592,坡道平面,30.0,3400000,,RPURMLLJMHJFFBJ58CB
竹北市,房地(土地+建物)+車位,新竹縣竹北市永興段514地號,41.44,商,,,1020410,土地1建物1車位2,十八層,21,住宅大樓(11層含以上有電梯),住家用,鋼筋混凝土造,,291.22,4,2,3,有,無,41760000,147998,坡道平面,30.0,3100000,,RPVRMLLJMHJFFBJ68CB
竹北市,房地(土地+建物)+車位,新竹縣竹北市永興段514地號,41.44,商,,,1020405,土地1建物1車位2,二十層,21,住宅大樓(11層含以上有電梯),住家用,鋼筋混凝土造,,291.22,4,2,3,有,無,43360000,154123,坡道平面,30.0,3100000,,RPWRMLLJMHJFFBJ78CB
竹北市,房地(土地+建物)+車位,新竹縣竹北市永興段514地號,41.44,商,,,1030209,土地1建物1車位2,二十一層,21,住宅大樓(11層含以上有電梯),住家用,鋼筋混凝土造,,291.22,4,2,3,有,無,46160000,163693,坡道平面,30.0,3400000,,RPOSMLLJMHJFFBJ08CB
竹北市,房地(土地+建物)+車位,新竹縣竹北市永興段514地號,38.51,商,,,1020720,土地1建物1車位2,三層,20,住宅大樓(11層含以上有電梯),住家用,鋼筋混凝土造,,268.76,4,2,3,有,無,41660000,160535,坡道平面,27.94,3000000,,RPQNMLMJMHJFFBJ87CB
竹北市,房地(土地+建物)+車位,新竹縣竹北市永興段514地號,39.0,商,,,1020410,土地1建物1車位2,四層,20,住宅大樓(11層含以上有電梯),住家用,鋼筋混凝土造,,268.43,4,2,3,有,無,35890000,138783,坡道平面,30.0,2800000,,RPRNMLMJMHJFFBJ97CB
竹北市,房地(土地+建物)+車位,新竹縣竹北市永興段514地號,39.0,商,,,1020331,土地1建物1車位2,五層,20,住宅大樓(11層含以上有電梯),住家用,鋼筋混凝土造,,268.43,4,2,3,有,無,36260000,140335,坡道平面,30.0,2800000,,RPSNMLMJMHJFFBJ08CB
竹北市,房地(土地+建物)+車位,新竹縣竹北市永興段514地號,39.0,商,,,1020321,土地1建物1車位2,六層,20,住宅大樓(11層含以上有電梯),住家用,鋼筋混凝土造,,268.43,4,2,3,有,無,36160000,140335,坡道平面,30.0,2700000,,RPTNMLMJMHJFFBJ18CB
竹北市,房地(土地+建物)+車位,新竹縣竹北市永興段514地號,38.51,商,,,1020315,土地1建物1車位2,七層,20,住宅大樓(11層含以上有電梯),住家用,鋼筋混凝土造,,268.43,4,2,3,有,無,36580000,139632,坡道平面,27.94,3000000,,RPUNMLMJMHJFFBJ28CB
竹北市,房地(土地+建物)+車位,新竹縣竹北市永興段514地號,38.02,商,,,1020316,土地1建物1車位2,九層,20,住宅大樓(11層含以上有電梯),住家用,鋼筋混凝土造,,268.43,4,2,3,有,無,36460000,140012,坡道平面,25.88,2500000,,RPXNMLMJMHJFFBJ58CB
竹北市,房地(土地+建物)+車位,新竹縣竹北市永興段514地號,38.51,商,,,1020510,土地1建物1車位2,十層,20,住宅大樓(11層含以上有電梯),住家用,鋼筋混凝土造,,268.43,4,2,3,有,無,37760000,146202,坡道平面,27.94,2600000,,RPOOMLMJMHJFFBJ77CB
竹北市,房地(土地+建物)+車位,新竹縣竹北市永興段514地號,39.0,商,,,1020312,土地1建物1車位2,十一層,20,住宅大樓(11層含以上有電梯),住家用,鋼筋混凝土造,,268.43,4,2,3,有,無,37260000,144948,坡道平面,30.0,2700000,,RPPOMLMJMHJFFBJ87CB
竹北市,房地(土地+建物)+車位,新竹縣竹北市永興段514地號,38.51,商,,,1020317,土地1建物1車位2,十二層,20,住宅大樓(11層含以上有電梯),住家用,鋼筋混凝土造,,268.43,4,2,3,有,無,37960000,144538,坡道平面,27.94,3200000,,RPQOMLMJMHJFFBJ97CB
竹北市,房地(土地+建物)+車位,新竹縣竹北市永興段514地號,38.51,商,,,1020323,土地1建物1車位2,十三層,20,住宅大樓(11層含以上有電梯),住家用,鋼筋混凝土造,,268.43,4,2,3,有,無,37360000,144538,坡道平面,27.94,2600000,,RPTOMLMJMHJFFBJ28CB
竹北市,房地(土地+建物)+車位,新竹縣竹北市永興段514地號,35.59,商,,,1020427,土地1建物1車位1,十四層,20,住宅大樓(11層含以上有電梯),住家用,鋼筋混凝土造,,268.43,4,2,3,有,無,36110000,136052,坡道平面,12.94,1350000,,RPUOMLMJMHJFFBJ38CB
竹北市,房地(土地+建物)+車位,新竹縣竹北市永興段514地號,38.51,商,,,1020316,土地1建物1車位2,十五層,20,住宅大樓(11層含以上有電梯),住家用,鋼筋混凝土造,,268.43,4,2,3,有,無,37560000,144954,坡道平面,27.94,2700000,,RPXOMLMJMHJFFBJ68CB
竹北市,房地(土地+建物)+車位,新竹縣竹北市永興段514地號,39.0,商,,,1020318,土地1建物1車位2,十六層,20,住宅大樓(11層含以上有電梯),住家用,鋼筋混凝土造,,268.43,4,2,3,有,無,38360000,147884,坡道平面,30.0,3100000,,RPOPMLMJMHJFFBJ87CB
竹北市,房地(土地+建物)+車位,新竹縣竹北市永興段514地號,36.07,商,,,1020703,土地1建物1車位1,十七層,20,住宅大樓(11層含以上有電梯),住家用,鋼筋混凝土造,,268.43,4,2,3,有,無,37810000,143077,坡道平面,15.0,1550000,,RPPPMLMJMHJFFBJ97CB
竹北市,房地(土地+建物)+車位,新竹縣竹北市永興段514地號,36.07,商,,,1020628,土地1建物1車位1,十八層,20,住宅大樓(11層含以上有電梯),住家用,鋼筋混凝土造,,268.43,4,2,3,有,無,38160000,143866,坡道平面,15.0,1700000,,RPQPMLMJMHJFFBJ08CB
竹北市,房地(土地+建物)+車位,新竹縣竹北市永興段514地號,39.0,商,,,1020524,土地1建物1車位2,十九層,20,住宅大樓(11層含以上有電梯),住家用,鋼筋混凝土造,,268.43,4,2,3,有,無,39760000,153756,坡道平面,30.0,3100000,,RPSPMLMJMHJFFBJ28CB
竹北市,房地(土地+建物)+車位,新竹縣竹北市永興段514地號,46.31,商,,,1030316,土地1建物1車位2,二層,20,住宅大樓(11層含以上有電梯),住家用,鋼筋混凝土造,,333.01,4,2,3,有,無,50060000,155308,坡道平面,30.0,3000000,,RPVPMLMJMHJFFBJ58CB
竹北市,房地(土地+建物)+車位,新竹縣竹北市永興段514地號,45.82,商,,,1020501,土地1建物1車位2,三層,20,住宅大樓(11層含以上有電梯),住家用,鋼筋混凝土造,,332.92,4,2,3,有,無,46060000,142173,坡道平面,27.94,2700000,,RPXPMLMJMHJFFBJ78CB
竹北市,房地(土地+建物)+車位,新竹縣竹北市永興段514地號,46.31,商,,,1020331,土地1建物1車位2,四層,20,住宅大樓(11層含以上有電梯),住家用,鋼筋混凝土造,,332.92,4,2,3,有,無,44860000,139179,坡道平面,30.0,2700000,,RPRQMLMJMHJFFBJ28CB
竹北市,房地(土地+建物)+車位,新竹縣竹北市永興段514地號,46.31,商,,,1020325,土地1建物1車位2,五層,20,住宅大樓(11層含以上有電梯),住家用,鋼筋混凝土造,,332.92,4,2,3,有,無,45280000,139575,坡道平面,30.0,3000000,,RPSQMLMJMHJFFBJ38CB
竹北市,房地(土地+建物)+車位,新竹縣竹北市永興段514地號,45.82,商,,,1020316,土地1建物1車位2,六層,20,住宅大樓(11層含以上有電梯),住家用,鋼筋混凝土造,,332.92,4,2,3,有,無,45560000,139550,坡道平面,27.94,3000000,,RPTQMLMJMHJFFBJ48CB
竹北市,房地(土地+建物)+車位,新竹縣竹北市永興段514地號,46.31,商,,,1020405,土地1建物1車位2,七層,20,住宅大樓(11層含以上有電梯),住家用,鋼筋混凝土造,,332.92,4,2,3,有,無,46010000,142150,坡道平面,30.0,2950000,,RPUQMLMJMHJFFBJ58CB
竹北市,房地(土地+建物)+車位,新竹縣竹北市永興段514地號,45.82,商,,,1020507,土地1建物1車位2,八層,20,住宅大樓(11層含以上有電梯),住家用,鋼筋混凝土造,,332.92,4,2,3,有,無,47160000,145124,坡道平面,27.94,2900000,,RPVQMLMJMHJFFBJ68CB
竹北市,房地(土地+建物)+車位,新竹縣竹北市永興段514地號,45.82,商,,,1020508,土地1建物1車位2,九層,20,住宅大樓(11層含以上有電梯),住家用,鋼筋混凝土造,,332.92,4,2,3,有,無,46380000,142567,坡道平面,27.94,2900000,,RPWQMLMJMHJFFBJ78CB
竹北市,房地(土地+建物)+車位,新竹縣竹北市永興段514地號,45.82,商,,,1020414,土地1建物1車位2,十層,20,住宅大樓(11層含以上有電梯),住家用,鋼筋混凝土造,,332.92,4,2,3,有,無,47390000,146534,坡道平面,27.94,2700000,,RPXQMLMJMHJFFBJ88CB
竹北市,房地(土地+建物)+車位,新竹縣竹北市永興段514地號,45.82,商,,,1020528,土地1建物1車位2,十一層,20,住宅大樓(11層含以上有電梯),住家用,鋼筋混凝土造,,332.92,4,2,3,有,無,46860000,144141,坡道平面,27.94,2900000,,RPORMLMJMHJFFBJ08CB
竹北市,房地(土地+建物)+車位,新竹縣竹北市永興段514地號,45.82,商,,,1020407,土地1建物1車位2,十三層,20,住宅大樓(11層含以上有電梯),住家用,鋼筋混凝土造,,332.92,4,2,3,有,無,47360000,144796,坡道平面,27.94,3200000,,RPQRMLMJMHJFFBJ28CB
竹北市,房地(土地+建物)+車位,新竹縣竹北市永興段514地號,45.82,商,,,1020427,土地1建物1車位2,十四層,20,住宅大樓(11層含以上有電梯),住家用,鋼筋混凝土造,,332.92,4,2,3,有,無,47460000,144796,坡道平面,27.94,3300000,,RPRRMLMJMHJFFBJ38CB
竹北市,房地(土地+建物)+車位,新竹縣竹北市永興段514地號,45.82,商,,,1020501,土地1建物1車位2,十五層,20,住宅大樓(11層含以上有電梯),住家用,鋼筋混凝土造,,332.92,4,2,3,有,無,48660000,149715,坡道平面,27.94,3000000,,RPSRMLMJMHJFFBJ48CB
竹北市,房地(土地+建物)+車位,新竹縣竹北市永興段514地號,45.82,商,,,1020320,土地1建物1車位2,十六層,20,住宅大樓(11層含以上有電梯),住家用,鋼筋混凝土造,,332.92,4,2,3,有,無,48000000,146895,坡道平面,27.94,3200000,,RPTRMLMJMHJFFBJ58CB
竹北市,房地(土地+建物)+車位,新竹縣竹北市永興段514地號,46.31,商,,,1020317,土地1建物1車位2,十七層,20,住宅大樓(11層含以上有電梯),住家用,鋼筋混凝土造,,332.92,4,2,3,有,無,48460000,148752,坡道平面,30.0,3400000,,RPURMLMJMHJFFBJ68CB
竹北市,房地(土地+建物)+車位,新竹縣竹北市永興段514地號,45.82,商,,,1020414,土地1建物1車位2,十八層,20,住宅大樓(11層含以上有電梯),住家用,鋼筋混凝土造,,332.92,4,2,3,有,無,49590000,151780,坡道平面,27.94,3300000,,RPVRMLMJMHJFFBJ78CB
竹北市,房地(土地+建物)+車位,新竹縣竹北市永興段514地號,45.82,商,,,1020319,土地1建物1車位2,十九層,20,住宅大樓(11層含以上有電梯),住家用,鋼筋混凝土造,,332.92,4,2,3,有,無,48470000,148108,坡道平面,27.94,3300000,,RPWRMLMJMHJFFBJ88CB
竹北市,房地(土地+建物)+車位,新竹縣竹北市永興段514地號,46.31,商,,,1030203,土地1建物1車位2,二十層,20,住宅大樓(11層含以上有電梯),住家用,鋼筋混凝土造,,332.92,4,2,3,有,無,53270000,164944,坡道平面,33.0,3800000,,RPOSMLMJMHJFFBJ18CB
竹北市,房地(土地+建物)+車位,新竹縣竹北市永興段514地號,38.51,商,,,1020403,土地1建物1車位2,八層,20,住宅大樓(11層含以上有電梯),住家用,鋼筋混凝土造,,268.43,4,2,3,有,無,36760000,141628,坡道平面,27.94,2700000,,RPRSMLMJMHJFFBJ48CB
竹北市,房地(土地+建物)+車位,新竹縣竹北市永興段514地號,38.51,商,,,1020726,土地1建物1車位2,二十層,20,住宅大樓(11層含以上有電梯),住家用,鋼筋混凝土造,,268.43,4,2,3,有,無,42260000,162003,坡道平面,27.94,3300000,,RPSSMLMJMHJFFBJ58CB
竹北市,房地(土地+建物)+車位,新竹縣竹北市公園段777-0地號10A1,38.94,住,,,1020912,土地1建物1車位2,十層,13,住宅大樓(11層含以上有電梯),住家用,鋼筋混凝土造,,214.86,3,2,2,有,無,19090000,110139,坡道平面,65.14,2600000,,RPWNMLTJMHJFFBJ56CB
竹北市,房地(土地+建物)+車位,新竹縣竹北市公園段777-0地號--13B1,58.3,住,,,1010421,土地1建物1車位2,十三層,13,住宅大樓(11層含以上有電梯),住家用,鋼筋混凝土造,,354.36,4,2,3,有,無,34000000,108568,坡道平面,65.14,2600000,,RPXNMLTJMHJFFBJ66CB
竹北市,房地(土地+建物)+車位,新竹縣竹北市公園段777-0地號--2A2,38.94,住,,,1011014,土地1建物1車位2,二層,13,住宅大樓(11層含以上有電梯),住家用,鋼筋混凝土造,,211.89,3,2,2,有,無,17940000,105894,坡道平面,65.14,2400000,,RPOOMLTJMHJFFBJ48CB
竹北市,房地(土地+建物)+車位,新竹縣竹北市公園段777-0地號--4A2,35.17,住,,,1010415,土地1建物1車位1,四層,13,住宅大樓(11層含以上有電梯),住家用,鋼筋混凝土造,,214.86,3,2,2,有,無,15500000,78995,坡道平面,32.57,1100000,,RPPOMLTJMHJFFBJ58CB
竹北市,房地(土地+建物)+車位,新竹縣竹北市公園段777-0地號--5B2,38.94,住,,,1021201,土地1建物1車位2,五層,13,住宅大樓(11層含以上有電梯),住家用,鋼筋混凝土造,,214.86,3,2,2,有,無,18000000,101523,坡道平面,65.14,2800000,,RPQOMLTJMHJFFBJ68CB
竹北市,房地(土地+建物)+車位,新竹縣竹北市公園段777-0地號--6A2,38.94,住,,,1021214,土地1建物1車位2,六層,13,住宅大樓(11層含以上有電梯),住家用,鋼筋混凝土造,,214.86,3,2,2,有,無,18000000,102859,坡道平面,65.14,2600000,,RPROMLTJMHJFFBJ78CB
竹北市,房地(土地+建物)+車位,新竹縣竹北市公園段777-0地號--7A1,38.94,住,,,1010430,土地1建物1車位2,七層,13,住宅大樓(11層含以上有電梯),住家用,鋼筋混凝土造,,214.86,3,2,2,有,無,17800000,102859,坡道平面,65.14,2400000,,RPTOMLTJMHJFFBJ98CB
竹北市,房地(土地+建物)+車位,新竹縣竹北市公園段777-0地號--7B1,35.17,住,,,1020107,土地1建物1車位1,七層,13,住宅大樓(11層含以上有電梯),住家用,鋼筋混凝土造,,214.86,3,2,2,有,無,17230000,87937,坡道平面,32.57,1200000,,RPUOMLTJMHJFFBJ09CB
竹北市,房地(土地+建物)+車位,新竹縣竹北市公園段777-0地號--8A1,38.94,住,,,1010714,土地1建物1車位2,八層,13,住宅大樓(11層含以上有電梯),住家用,鋼筋混凝土造,,214.86,3,2,2,有,無,18300000,106198,坡道平面,65.14,2400000,,RPVOMLTJMHJFFBJ56CB
竹北市,房地(土地+建物)+車位,新竹縣竹北市公園段777-0地號--8A2,38.94,住,,,1010724,土地1建物1車位2,八層,13,住宅大樓(11層含以上有電梯),住家用,鋼筋混凝土造,,214.86,3,2,2,有,無,19000000,114224,坡道平面,67.78,2200000,,RPWOMLTJMHJFFBJ66CB
竹北市,房地(土地+建物)+車位,新竹縣竹北市公園段777-0地號--9A1,38.94,住,,,1010415,土地1建物1車位2,九層,13,住宅大樓(11層含以上有電梯),住家用,鋼筋混凝土造,,214.86,3,2,2,有,無,20000000,116217,坡道平面,65.14,2600000,,RPXOMLTJMHJFFBJ76CB
竹北市,房地(土地+建物)+車位,新竹縣竹北市公園段777-0地號--6B1,38.94,住,,,1011124,土地1建物1車位2,六層,13,住宅大樓(11層含以上有電梯),住家用,鋼筋混凝土造,,214.86,3,2,2,有,無,18000000,104194,坡道平面,65.14,2400000,,RPPPMLTJMHJFFBJ68CB
