﻿編號,屋齡,建物移轉面積平方公尺,主要用途,主要建材,建築完成日期,總層數,建物分層
The serial number,room age,building shifting area square meter,the main use,main building materials,construction completes the date,total layer,building lamination
RPPNMLPLKHJFFBQ88CC,18,80.16,住家用,鋼筋混凝土造,85年8月15日,十四層,
RPUNMLKLLHJFFDQ56CC,11,175.70,集合住宅,鋼筋混凝土造,91年11月15日,三層,
RPTNMLKLLHJFFDQ09CC,21,167.47,住房、車庫,鋼筋混凝土造,82年1月9日,四層,
RPSNMLRJMHJFFBQ76CC,8,31.23,住家用,鋼筋混凝土造,95年8月28日,八層,
RPWNMLKLLHJFFBQ56CC,7,31.22,共有部分,鋼筋混凝土造,95年8月28日,,
RPRNMLRJMHJFFBQ66CC,8,31.22,住家用,鋼筋混凝土造,95年8月28日,八層,
RPUNMLTLMHJFFBQ37CC,30,183.71,住家用,鋼筋混凝土加強磚造,73年1月30日,三層,
