﻿鄉鎮市區,交易標的,土地位置建物門牌,土地面積平方公尺,都市土地使用分區,非都市土地使用分區,非都市土地使用編定,租賃年月日,租賃筆棟數,租賃層次,總樓層數,建物型態,主要用途,主要建材,建築完成年月,建物總面積平方公尺,建物現況格局-房,建物現況格局-廳,建物現況格局-衛,建物現況格局-隔間,有無管理組織,有無附傢俱,總額元,單價元平方公尺,車位類別,車位面積平方公尺,車位總額元,備註,編號
The villages and towns urban district,transaction sign,land sector position building sector house number plate,land shifting total area square meter,the use zoning or compiles and checks,the non-metropolis land use district,non-metropolis land use,transaction year month and day,transaction pen number,shifting level,total floor number,building state,main use,main building materials,construction to complete the years,building shifting total area,Building present situation pattern - room,building present situation pattern - hall,building present situation pattern - health,building present situation pattern - compartmented,Whether there is manages the organization,Whether there is attaches the furniture,total price NTD,the unit price (NTD / square meter),the berth category,berth shifting total area square meter,the berth total price NTD,the note,serial number
朴子市,建物,嘉義縣朴子市友愛街18巷15號4F2,2467.1,住,,,1030220,土地0建物1車位0,四層,14,住宅大樓(11層含以上有電梯),住家用,鋼筋混凝土造,0850815,80.16,3,2,2,有,有,有,8000,100,,0.0,0,,RPPNMLPLKHJFFBQ88CC
朴子市,建物,嘉義縣朴子市仁和二路139號7F30,7.6,住,,,1030220,土地0建物1車位0,七層,,套房(1房1廳1衛),,,,31.22,1,0,1,有,有,有,2500,80,,0.0,0,,RPWNMLKLLHJFFBQ56CC
太保市,建物,嘉義縣太保巿北港路二段403巷245-65號,84.93,住,,,1030301,土地0建物1車位0,全,4,透天厝,見其他登記事項,鋼筋混凝土造,0820109,167.47,5,3,3,有,無,有,6500,39,,0.0,0,,RPTNMLKLLHJFFDQ09CC
太保市,建物,嘉義縣太保巿公園南街12號,113.59,住,,,1030315,土地0建物1車位0,全,3,透天厝,見其他登記事項,鋼筋混凝土造,0911115,175.7,5,2,3,有,無,有,12000,68,,0.0,0,,RPUNMLKLLHJFFDQ56CC
朴子市,建物,嘉義縣朴子市仁和二路139號7F6,15.2,住,,,1030401,土地0建物1車位0,七層,8,套房(1房1廳1衛),住家用,鋼筋混凝土造,0950828,31.22,1,0,1,有,有,有,2600,83,,0.0,0,,RPRNMLRJMHJFFBQ66CC
朴子市,建物,嘉義縣朴子市仁和二路139號3F27,7.6,住,,,1030401,土地0建物1車位0,三層,8,套房(1房1廳1衛),住家用,鋼筋混凝土造,0950828,31.23,1,0,1,有,有,有,2167,69,,0.0,0,,RPSNMLRJMHJFFBQ76CC
民雄鄉,土地,福安段978地號,518.03,住,,,1030422,土地1建物0車位0,,,其他,,,,0.0,0,0,0,有,無,無,8000,15,,0.0,0,,RPQNMLSLMHJFFCQ07DC
朴子市,建物,嘉義縣朴子市開元路362巷2號,128.0,住,,,1030413,土地0建物1車位0,全,3,透天厝,住家用,鋼筋混凝土加強磚造,0730130,183.71,3,3,2,有,無,有,7500,41,,0.0,0,,RPUNMLTLMHJFFBQ37CC
