﻿編號,土地位置,土地移轉面積(平方公尺),使用分區或編定,權利人持分分母,權利人持分分子,移轉情形,地號
The serial number, land position,land shifting area square meter,the use zoning or compiles and checks,,,,land parcel
RPPOMLRKKHJFFAX86CA,許家段,55.85,非都市：一般農業區 ; 非都市編定：農牧用地,18,1,持分移轉,06430000
RPPOMLRKKHJFFAX86CA,許家段,55.85,非都市：一般農業區 ; 非都市編定：農牧用地,18,1,持分移轉,06430000
RPPOMLRKKHJFFAX86CA,許家段,55.85,非都市：一般農業區 ; 非都市編定：農牧用地,18,1,持分移轉,06430000
RPPOMLRKKHJFFAX86CA,許家段,80.28,非都市：一般農業區 ; 非都市編定：農牧用地,36,1,持分移轉,11650000
RPPOMLRKKHJFFAX86CA,許家段,80.28,非都市：一般農業區 ; 非都市編定：農牧用地,36,1,持分移轉,11650000
RPPOMLRKKHJFFAX86CA,許家段,80.28,非都市：一般農業區 ; 非都市編定：農牧用地,36,1,持分移轉,11650000
RPPOMLRKKHJFFAX86CA,許家段,213.55,非都市：一般農業區 ; 非都市編定：農牧用地,18,1,持分移轉,11820000
RPPOMLRKKHJFFAX86CA,許家段,213.55,非都市：一般農業區 ; 非都市編定：農牧用地,18,1,持分移轉,11820000
RPPOMLRKKHJFFAX86CA,許家段,213.55,非都市：一般農業區 ; 非都市編定：農牧用地,18,1,持分移轉,11820000
RPTNMLTKKHJFFAX47DA,許家段,110.41,非都市：一般農業區 ; 非都市編定：甲種建築用地,1,1,全筆移轉,03620000
RPTOMLRKKHJFFAX27CA,埕東段,17.56,非都市： ; 非都市編定：,10000,137,持分移轉,02160001
RPTNMLKKKHJFFAX09CA,紅羅段,1843.95,非都市：一般農業區 ; 非都市編定：農牧用地,1,1,全筆移轉,20710000
RPQNMLOKKHJFFAX66DA,鎖港西段,38.05,非都市： ; 非都市編定：,1,1,全筆移轉,01170000
RPSNMLTKKHJFFAX37DA,許家段,111.47,非都市：一般農業區 ; 非都市編定：甲種建築用地,1,1,全筆移轉,03620001
RPUNMLNKKHJFFAX86CA,望安段,393.00,非都市：一般農業區 ; 非都市編定：農牧用地,1,1,全筆移轉,09220000
RPUNMLNKKHJFFAX86CA,望安段,131.00,非都市：一般農業區 ; 非都市編定：農牧用地,1,1,全筆移轉,09750000
RPUNMLNKKHJFFAX86CA,望安段,145.00,非都市：一般農業區 ; 非都市編定：農牧用地,1,1,全筆移轉,10790000
RPUNMLTKKHJFFAX57DA,四維段,901.11,非都市：鄉村區 ; 非都市編定：乙種建築用地,1,1,全筆移轉,00720002
RPQNMLRJKHJFFAX86DA,馬公段,51.00,非都市： ; 非都市編定：,2,1,持分移轉,25310000
RPTNMLKLKHJFFAX56CA,光榮段,85.07,非都市： ; 非都市編定：,1,1,全筆移轉,05210000
RPRNMLOLKHJFFAX76CA,五福段,171.14,非都市：一般農業區 ; 非都市編定：甲種建築用地,1,1,全筆移轉,03270003
RPRNMLOLKHJFFAX76CA,五福段,60.12,非都市：一般農業區 ; 非都市編定：交通用地,7,1,持分移轉,03270004
RPUNMLSKKHJFFAX57EA,文光段,25.60,非都市： ; 非都市編定：,100000,309,持分移轉,00200000
RPUNMLSKKHJFFAX57EA,文光段,3.31,非都市： ; 非都市編定：,100000,309,持分移轉,00540000
RPWNMLKKKHJFFAX76CA,東衛段,250.10,非都市：一般農業區 ; 非都市編定：甲種建築用地,1,1,全筆移轉,01170003
RPQNMLOLKHJFFAX66CA,六合段,278.42,非都市：一般農業區 ; 非都市編定：農牧用地,6,1,持分移轉,04160000
RPQNMLNKKHJFFAX09CA,龍門南段,625.82,非都市：一般農業區 ; 非都市編定：農牧用地,1,1,全筆移轉,04580000
RPPNMLNKKHJFFAX98CA,下瓦硐段,708.42,非都市：一般農業區 ; 非都市編定：農牧用地,1,1,全筆移轉,11550000
RPRNMLNKKHJFFAX56CA,文東段,159.29,非都市：一般農業區 ; 非都市編定：甲種建築用地,1,1,全筆移轉,05620003
RPRNMLNKKHJFFAX56CA,文東段,21.79,非都市：一般農業區 ; 非都市編定：交通用地,3,1,持分移轉,05620004
RPRNMLMKKHJFFAX09CA,井垵西段,713.03,非都市：一般農業區 ; 非都市編定：農牧用地,1,1,全筆移轉,15420000
RPQNMLOJLHJFFAX76EA,五福段,296.50,非都市：一般農業區 ; 非都市編定：農牧用地,2,1,持分移轉,01230000
RPQNMLOJLHJFFAX76EA,五福段,296.50,非都市：一般農業區 ; 非都市編定：農牧用地,2,1,持分移轉,01230000
RPWNMLPJLHJFFAX27CA,文光段,25.77,非都市： ; 非都市編定：,100000,311,持分移轉,00200000
RPWNMLPJLHJFFAX27CA,文光段,3.34,非都市： ; 非都市編定：,100000,311,持分移轉,00540000
RPVNMLRKKHJFFAX37CA,馬公段,46.00,非都市： ; 非都市編定：,1,1,全筆移轉,09370000
RPTNMLOKKHJFFAX86CA,許家段,13.76,非都市：一般農業區 ; 非都市編定：農牧用地,1,1,全筆移轉,06960000
RPTNMLOKKHJFFAX86CA,許家段,28.24,非都市：一般農業區 ; 非都市編定：交通用地,1,1,全筆移轉,07000000
RPOOMLOLKHJFFAX66DA,興仁段,132.30,非都市：一般農業區 ; 非都市編定：農牧用地,1,1,全筆移轉,09000000
RPXNMLOLKHJFFAX47DA,南寮北段,755.18,非都市：一般農業區 ; 非都市編定：農牧用地,1,1,全筆移轉,01430000
RPXNMLNKKHJFFAX27DA,馬公段,58.00,非都市： ; 非都市編定：,1,1,全筆移轉,03970007
RPPNMLOKKHJFFAX56DA,西溪新段,1112.25,非都市：一般農業區 ; 非都市編定：農牧用地,1,1,全筆移轉,01010000
RPSNMLOKKHJFFAX76CA,成功南段,321.23,非都市：一般農業區 ; 非都市編定：農牧用地,1,1,全筆移轉,00820000
RPSNMLRJLHJFFAX17DA,外垵一段,222.06,非都市：一般農業區 ; 非都市編定：農牧用地,679,222,持分移轉,01330000
RPOOMLNKKHJFFAX98CA,五德東段,7.58,非都市：一般農業區 ; 非都市編定：交通用地,4,1,持分移轉,06680000
RPOOMLNKKHJFFAX98CA,五德東段,7.58,非都市：一般農業區 ; 非都市編定：交通用地,4,1,持分移轉,06680000
RPOOMLNKKHJFFAX98CA,五德東段,7.58,非都市：一般農業區 ; 非都市編定：交通用地,4,1,持分移轉,06680000
RPOOMLNKKHJFFAX98CA,五德東段,7.58,非都市：一般農業區 ; 非都市編定：交通用地,4,1,持分移轉,06680000
RPOOMLNKKHJFFAX98CA,五德東段,22.30,非都市：一般農業區 ; 非都市編定：交通用地,4,1,持分移轉,06690000
RPOOMLNKKHJFFAX98CA,五德東段,22.30,非都市：一般農業區 ; 非都市編定：交通用地,4,1,持分移轉,06690000
RPOOMLNKKHJFFAX98CA,五德東段,22.30,非都市：一般農業區 ; 非都市編定：交通用地,4,1,持分移轉,06690000
RPOOMLNKKHJFFAX98CA,五德東段,22.30,非都市：一般農業區 ; 非都市編定：交通用地,4,1,持分移轉,06690000
RPOOMLNKKHJFFAX98CA,五德東段,305.38,非都市：一般農業區 ; 非都市編定：農牧用地,4,1,持分移轉,06700000
RPOOMLNKKHJFFAX98CA,五德東段,305.38,非都市：一般農業區 ; 非都市編定：農牧用地,4,1,持分移轉,06700000
RPOOMLNKKHJFFAX98CA,五德東段,305.38,非都市：一般農業區 ; 非都市編定：農牧用地,4,1,持分移轉,06700000
RPOOMLNKKHJFFAX98CA,五德東段,305.38,非都市：一般農業區 ; 非都市編定：農牧用地,4,1,持分移轉,06700000
RPWNMLRKKHJFFAX47CA,紅羅段,265.15,非都市：鄉村區 ; 非都市編定：乙種建築用地,1,1,全筆移轉,04770000
RPQNMLRLKHJFFAX96CA,大池角段,34.00,非都市：鄉村區 ; 非都市編定：乙種建築用地,3,1,持分移轉,20070000
RPXNMLSKKHJFFAX77DA,光華段,183.30,非都市：一般農業區 ; 非都市編定：甲種建築用地,1,1,全筆移轉,05310003
RPXNMLSKKHJFFAX77DA,光華段,47.15,非都市：一般農業區 ; 非都市編定：交通用地,8,1,持分移轉,05310004
RPOOMLSKKHJFFAX96DA,許家段,1005.22,非都市：一般農業區 ; 非都市編定：農牧用地,1,1,全筆移轉,06430000
RPPNMLPLKHJFFAX76DA,馬公段,36.00,非都市： ; 非都市編定：,1,1,全筆移轉,18410019
RPTNMLOLKHJFFAX96CA,尖山南段,223.08,非都市：一般農業區 ; 非都市編定：農牧用地,4,2,持分移轉,03470000
RPTNMLOLKHJFFAX96CA,尖山南段,1139.61,非都市：一般農業區 ; 非都市編定：農牧用地,4,2,持分移轉,10960000
RPWNMLOLKHJFFAX27CA,國宅段,184.56,非都市：一般農業區 ; 非都市編定：農牧用地,1,1,全筆移轉,02850001
RPWNMLOLKHJFFAX27CA,國宅段,184.57,非都市：一般農業區 ; 非都市編定：農牧用地,1,1,全筆移轉,02850002
RPWNMLOLKHJFFAX27CA,國宅段,253.85,非都市：一般農業區 ; 非都市編定：農牧用地,1,1,全筆移轉,02850003
RPQNMLTKKHJFFAX27EA,岐頭段,140.00,非都市：鄉村區 ; 非都市編定：乙種建築用地,1,1,全筆移轉,10690006
RPPNMLTKKHJFFAX07DA,六合段,359.61,非都市： ; 非都市編定：,1,1,全筆移轉,06420000
RPPNMLTKKHJFFAX07DA,六合段,47.90,非都市： ; 非都市編定：,800,400,持分移轉,06420002
RPUNMLOLKHJFFAX07CA,鐵線段,1212.00,非都市：一般農業區 ; 非都市編定：農牧用地,1,1,全筆移轉,05220000
RPVNMLOLKHJFFAX17CA,國宅段,904.21,非都市：一般農業區 ; 非都市編定：農牧用地,1,1,全筆移轉,01410000
RPPNMLKKLHJFFAX78CA,港子段,732.00,非都市：一般農業區 ; 非都市編定：農牧用地,1,1,全筆移轉,13210000
RPQNMLKLKHJFFAX98DA,鼎灣段,195.00,非都市：一般農業區 ; 非都市編定：甲種建築用地,1,1,全筆移轉,09910001
RPQNMLKLKHJFFAX98DA,鼎灣段,2.40,非都市：一般農業區 ; 非都市編定：交通用地,10,1,持分移轉,09920001
RPQNMLKLKHJFFAX98DA,鼎灣段,48.30,非都市：一般農業區 ; 非都市編定：交通用地,10,1,持分移轉,09910010
RPRNMLKLKHJFFAX98CA,後寮段,378.00,非都市：一般農業區 ; 非都市編定：農牧用地,1,1,全筆移轉,07500000
RPRNMLKLKHJFFAX98CA,後寮段,398.00,非都市：一般農業區 ; 非都市編定：農牧用地,1,1,全筆移轉,29330000
RPRNMLKLKHJFFAX98CA,後寮南段,514.51,非都市：一般農業區 ; 非都市編定：農牧用地,1,1,全筆移轉,01120000
RPPNMLOLKHJFFAX56CA,馬公段,27.62,非都市： ; 非都市編定：,8,1,持分移轉,20590000
RPPNMLOLKHJFFAX56CA,馬公段,2.12,非都市： ; 非都市編定：,8,1,持分移轉,20610001
RPVNMLRLKHJFFAX57DA,成功北段,260.20,非都市：鄉村區 ; 非都市編定：乙種建築用地,1,1,全筆移轉,03210000
RPRNMLRLKHJFFAX07CA,雙湖段,100.15,非都市：一般農業區 ; 非都市編定：甲種建築用地,1,1,全筆移轉,00770012
RPXNMLQLKHJFFAX57CA,港子段,237.70,非都市：一般農業區 ; 非都市編定：農牧用地,10,1,持分移轉,17710000
RPSNMLOLKHJFFAX86CA,五福段,683.92,非都市：一般農業區 ; 非都市編定：農牧用地,2,1,持分移轉,05090000
RPSNMLOLKHJFFAX86CA,五福段,683.92,非都市：一般農業區 ; 非都市編定：農牧用地,2,1,持分移轉,05090000
RPRNMLRKLHJFFAX07CA,東衛段,84.47,非都市：一般農業區 ; 非都市編定：農牧用地,2,1,持分移轉,10060000
RPUNMLQLKHJFFAX37DA,鐵線段,195.91,非都市：鄉村區 ; 非都市編定：乙種建築用地,1,1,全筆移轉,09670000
RPRNMLQLKHJFFAX96CA,埕東段,31.15,非都市： ; 非都市編定：,10000,243,持分移轉,02160001
RPSNMLOJLHJFFAX96EA,花宅段,271.00,非都市：一般農業區 ; 非都市編定：農牧用地,1,1,全筆移轉,08150000
RPSNMLOJLHJFFAX96EA,花宅段,44.00,非都市：一般農業區 ; 非都市編定：交通用地,1,1,全筆移轉,08150001
RPSNMLOJLHJFFAX96EA,花宅段,92.00,非都市：鄉村區 ; 非都市編定：乙種建築用地,1,1,全筆移轉,11860000
RPSNMLRLKHJFFAX17CA,許家段,757.13,非都市：一般農業區 ; 非都市編定：農牧用地,1,1,全筆移轉,05880000
RPSNMLQLKHJFFAX07CA,文光段,25.19,非都市： ; 非都市編定：,100000,304,持分移轉,00200000
RPSNMLQLKHJFFAX07CA,文光段,3.26,非都市： ; 非都市編定：,100000,304,持分移轉,00540000
RPSNMLLKLHJFFAX66DA,文光段,28.65,非都市： ; 非都市編定：,100000,657,持分移轉,00570000
RPPNMLQLKHJFFAX76CA,鐵線段,592.00,非都市：一般農業區 ; 非都市編定：農牧用地,1,1,全筆移轉,03380000
RPVNMLQLKHJFFAX47DA,龍門南段,984.09,非都市：一般農業區 ; 非都市編定：農牧用地,1,1,全筆移轉,09100000
RPVNMLQLKHJFFAX47DA,龍門南段,703.52,非都市：一般農業區 ; 非都市編定：農牧用地,1,1,全筆移轉,09110000
RPTNMLQLKHJFFAX37EA,馬公段,25.20,非都市： ; 非都市編定：,20,8,持分移轉,25920000
RPQNMLMKLHJFFAX56DA,東衛段,92.21,非都市：鄉村區 ; 非都市編定：乙種建築用地,64,4,持分移轉,09090000
RPPNMLPJLHJFFAX56CA,通梁東段,330.00,非都市：風景區 ; 非都市編定：農牧用地,1,1,全筆移轉,00140000
RPPNMLNJLHJFFAX09DA,中衛段,105.38,非都市： ; 非都市編定：,1,1,全筆移轉,08810010
RPQNMLSKLHJFFAX07CA,許家段,1228.56,非都市：一般農業區 ; 非都市編定：農牧用地,1,1,全筆移轉,10080000
RPRNMLPJLHJFFAX86DA,外垵一段,2.62,非都市：一般農業區 ; 非都市編定：農牧用地,2,1,持分移轉,02620001
RPRNMLPJLHJFFAX86DA,外垵一段,.68,非都市：一般農業區 ; 非都市編定：農牧用地,2,1,持分移轉,02860001
RPUNMLRLKHJFFAX37CA,安宅段,1629.26,非都市：一般農業區 ; 非都市編定：農牧用地,1,1,全筆移轉,06740000
RPVNMLPJLHJFFAX27DA,外垵一段,18.89,非都市：一般農業區 ; 非都市編定：農牧用地,1,1,全筆移轉,02870001
RPRNMLOJLHJFFAX76DA,文石段,135.74,非都市：鄉村區 ; 非都市編定：乙種建築用地,1,1,全筆移轉,03470001
RPRNMLOJLHJFFAX76DA,文石段,40.90,非都市：鄉村區 ; 非都市編定：乙種建築用地,7,1,持分移轉,03470000
RPSNMLQJLHJFFAX96CA,埕東段,61.68,非都市： ; 非都市編定：,1,1,全筆移轉,09090000
RPSNMLPJLHJFFAX96DA,外垵一段,5.56,非都市：一般農業區 ; 非都市編定：農牧用地,2,1,持分移轉,02890001
RPSNMLPJLHJFFAX96DA,外垵一段,1.78,非都市：一般農業區 ; 非都市編定：農牧用地,2,1,持分移轉,02900001
RPTNMLPJLHJFFAX07DA,外垵一段,5.56,非都市：一般農業區 ; 非都市編定：農牧用地,2,1,持分移轉,02890001
RPRNMLSKLHJFFAX17CA,興仁段,351.68,非都市：一般農業區 ; 非都市編定：農牧用地,2,1,持分移轉,12740000
RPTNMLPJLHJFFAX07DA,外垵一段,1.78,非都市：一般農業區 ; 非都市編定：農牧用地,2,1,持分移轉,02900001
RPRNMLSKLHJFFAX17CA,興仁段,351.68,非都市：一般農業區 ; 非都市編定：農牧用地,2,1,持分移轉,12740000
RPUNMLPJLHJFFAX17DA,外垵一段,1.18,非都市：一般農業區 ; 非都市編定：農牧用地,1,1,全筆移轉,02510001
RPSNMLSKLHJFFAX27CA,六合段,105.34,非都市： ; 非都市編定：,2,1,持分移轉,06910000
RPSNMLSKLHJFFAX27CA,六合段,180.50,非都市： ; 非都市編定：,2,1,持分移轉,06920000
RPRNMLNKLHJFFAX76DA,馬公段,35.00,非都市： ; 非都市編定：,1,1,全筆移轉,17710003
RPVNMLLKLHJFFAX96DA,馬公段,35.00,非都市： ; 非都市編定：,1,1,全筆移轉,18410021
RPVNMLLKLHJFFAX96DA,馬公段,45.00,非都市： ; 非都市編定：,1,1,全筆移轉,18410022
RPVNMLLKLHJFFAX96DA,馬公段,1.00,非都市： ; 非都市編定：,1,1,全筆移轉,18410028
RPRNMLNKLHJFFAX76DA,馬公段,21.00,非都市： ; 非都市編定：,1,1,全筆移轉,17720006
RPWNMLLKLHJFFAX07DA,馬公段,19.00,非都市： ; 非都市編定：,1,1,全筆移轉,18410015
RPQNMLPJLHJFFAX76DA,外垵一段,2.62,非都市：一般農業區 ; 非都市編定：農牧用地,2,1,持分移轉,02620001
RPQNMLPJLHJFFAX76DA,外垵一段,.68,非都市：一般農業區 ; 非都市編定：農牧用地,2,1,持分移轉,02860001
RPPNMLLKLHJFFAX98DA,馬公段,17.00,非都市： ; 非都市編定：,1,1,全筆移轉,18410023
RPQNMLLKLHJFFAX09DA,馬公段,26.00,非都市： ; 非都市編定：,1,1,全筆移轉,18410017
RPRNMLLKLHJFFAX56DA,馬公段,124.00,非都市： ; 非都市編定：,1,1,全筆移轉,18390014
RPTNMLLKLHJFFAX76DA,馬公段,17.00,非都市： ; 非都市編定：,1,1,全筆移轉,18410024
RPXNMLPJLHJFFAX57EA,西澳段,32.27,非都市： ; 非都市編定：,1,1,全筆移轉,05990003
RPXNMLPJLHJFFAX57EA,西澳段,17.10,非都市： ; 非都市編定：,1,1,全筆移轉,05990004
RPRNMLKKLHJFFAX09DA,海堤段,120.47,非都市： ; 非都市編定：,1,1,全筆移轉,05960002
RPRNMLKKLHJFFAX09DA,海堤段,120.47,非都市： ; 非都市編定：,1,1,全筆移轉,05960003
RPTNMLSKLHJFFAX37CA,許家段,316.87,非都市：一般農業區 ; 非都市編定：農牧用地,1,1,全筆移轉,00210000
RPTNMLSKLHJFFAX37CA,許家段,316.87,非都市：一般農業區 ; 非都市編定：農牧用地,1,1,全筆移轉,00210001
RPTNMLSKLHJFFAX37CA,許家段,316.87,非都市：一般農業區 ; 非都市編定：農牧用地,1,1,全筆移轉,00210002
RPTNMLSKLHJFFAX37CA,許家段,316.87,非都市：一般農業區 ; 非都市編定：農牧用地,1,1,全筆移轉,00210003
RPTNMLSKLHJFFAX37CA,許家段,313.27,非都市：一般農業區 ; 非都市編定：農牧用地,1,1,全筆移轉,00210004
RPPNMLRLLHJFFAX96CA,文石段,231.91,非都市：一般農業區 ; 非都市編定：農牧用地,10000,1077,持分移轉,01880000
RPPNMLRLLHJFFAX96CA,文石段,228.25,非都市：一般農業區 ; 非都市編定：農牧用地,10000,1060,持分移轉,01880000
RPPNMLRLLHJFFAX96CA,文石段,228.25,非都市：一般農業區 ; 非都市編定：農牧用地,10000,1060,持分移轉,01880000
RPPNMLRLLHJFFAX96CA,文石段,228.68,非都市：一般農業區 ; 非都市編定：農牧用地,10000,1062,持分移轉,01880000
RPPNMLRLLHJFFAX96CA,文石段,228.90,非都市：一般農業區 ; 非都市編定：農牧用地,10000,1063,持分移轉,01880000
RPPNMLRLLHJFFAX96CA,文石段,230.41,非都市：一般農業區 ; 非都市編定：農牧用地,10000,1070,持分移轉,01880000
RPPNMLRLLHJFFAX96CA,文石段,231.05,非都市：一般農業區 ; 非都市編定：農牧用地,10000,1073,持分移轉,01880000
RPPNMLRLLHJFFAX96CA,文石段,269.38,非都市：一般農業區 ; 非都市編定：農牧用地,10000,1251,持分移轉,01880000
RPPNMLRLLHJFFAX96CA,文石段,276.49,非都市：一般農業區 ; 非都市編定：農牧用地,10000,1284,持分移轉,01880000
RPUNMLSKLHJFFAX47CA,鐵線段,1212.00,非都市：一般農業區 ; 非都市編定：農牧用地,1,1,全筆移轉,05220000
RPPNMLSJLHJFFAX86CA,六合段,177.36,非都市：一般農業區 ; 非都市編定：甲種建築用地,1,1,全筆移轉,02130002
RPPNMLSJLHJFFAX86CA,六合段,34.36,非都市：一般農業區 ; 非都市編定：交通用地,4,1,持分移轉,02130004
RPQNMLRJLHJFFAX96DA,文寮段,140.13,非都市：鄉村區 ; 非都市編定：乙種建築用地,1,1,全筆移轉,02700000
RPOOMLLKLHJFFAX98DA,馬公段,48.00,非都市： ; 非都市編定：,1,1,全筆移轉,18410025
RPOOMLLKLHJFFAX98DA,馬公段,46.00,非都市： ; 非都市編定：,1,1,全筆移轉,18410026
RPOOMLLKLHJFFAX98DA,馬公段,44.00,非都市： ; 非都市編定：,1,1,全筆移轉,18410027
RPRNMLQJLHJFFAX96DA,山水北段,564.18,非都市：一般農業區 ; 非都市編定：農牧用地,1,1,全筆移轉,01750002
RPQNMLKKLHJFFAX98DA,春暉段,10.37,非都市： ; 非都市編定：,1,1,全筆移轉,07480000
RPSNMLKKLHJFFAX56DA,南寮北段,562.03,非都市：一般農業區 ; 非都市編定：農牧用地,1,1,全筆移轉,11420000
RPTNMLKKLHJFFAX66DA,文東段,12.93,非都市：一般農業區 ; 非都市編定：水利用地,1,1,全筆移轉,18230003
RPROMLLKLHJFFAX66DA,馬公段,40.00,非都市： ; 非都市編定：,1,1,全筆移轉,18410020
RPSOMLLKLHJFFAX76DA,馬公段,17.50,非都市： ; 非都市編定：,2,1,持分移轉,18410018
RPQOMLLKLHJFFAX56DA,馬公段,25.00,非都市： ; 非都市編定：,1,1,全筆移轉,18410016
RPQNMLOKLHJFFAX76DA,五福段,187.78,非都市：一般農業區 ; 非都市編定：甲種建築用地,1,1,全筆移轉,01220000
RPQNMLOKLHJFFAX76DA,五福段,54.67,非都市：一般農業區 ; 非都市編定：交通用地,5,1,持分移轉,01220004
RPTOMLLKLHJFFAX76CA,文寮段,29.41,非都市： ; 非都市編定：,10000,1058,持分移轉,00010000
RPRNMLQLLHJFFAX17DA,案山段,153.17,非都市： ; 非都市編定：,1,1,全筆移轉,05980000
RPRNMLQLLHJFFAX17DA,案山段,72.10,非都市： ; 非都市編定：,1,1,全筆移轉,06030000
RPQNMLSLLHJFFAX27DA,文光段,25.11,非都市： ; 非都市編定：,300000,909,持分移轉,00200000
RPQNMLSLLHJFFAX27DA,文光段,3.25,非都市： ; 非都市編定：,300000,909,持分移轉,00540000
RPPNMLMKLHJFFAX09DA,埕中段,29.40,非都市： ; 非都市編定：,2,1,持分移轉,05000000
RPPNMLMKLHJFFAX09DA,埕中段,36.97,非都市： ; 非都市編定：,1,1,全筆移轉,04980000
RPPNMLRKLHJFFAX96DA,興仁段,470.10,非都市：一般農業區 ; 非都市編定：農牧用地,1,1,全筆移轉,03420000
RPSOMLSKLHJFFAX47DA,東衛段,174.80,非都市：鄉村區 ; 非都市編定：乙種建築用地,1,1,全筆移轉,11810000
RPSNMLQLLHJFFAX27DA,文澳段,110.00,非都市： ; 非都市編定：,1,1,全筆移轉,25070000
RPPNMLNKLHJFFAX56DA,埕東段,11.40,非都市： ; 非都市編定：,10000,57,持分移轉,03780000
RPPNMLNKLHJFFAX56DA,埕東段,.47,非都市： ; 非都市編定：,10000,57,持分移轉,03750000
RPROMLSKLHJFFAX27CA,馬公段,41.00,非都市： ; 非都市編定：,1,1,全筆移轉,02990002
RPPNMLPKLHJFFAX66CA,通梁中段,55.50,非都市： ; 非都市編定：,1,1,全筆移轉,06910000
RPPNMLPKLHJFFAX66CA,通梁中段,406.99,非都市： ; 非都市編定：,1,1,全筆移轉,07580000
RPPNMLPKLHJFFAX66CA,通梁中段,554.91,非都市： ; 非都市編定：,1,1,全筆移轉,08510000
RPPNMLPKLHJFFAX66CA,通梁中段,50.16,非都市： ; 非都市編定：,1,1,全筆移轉,08520000
RPVNMLSKLHJFFAX57CA,山水北段,1240.02,非都市：一般農業區 ; 非都市編定：農牧用地,1,1,全筆移轉,07360000
RPRNMLMKLHJFFAX66DA,東衛段,46.11,非都市：鄉村區 ; 非都市編定：乙種建築用地,64,2,持分移轉,09090000
RPVNMLRLLHJFFAX67DA,四維段,157.19,非都市：鄉村區 ; 非都市編定：乙種建築用地,1,1,全筆移轉,03540000
RPWNMLSKLHJFFAX67CA,中衛段,317.42,非都市： ; 非都市編定：,1,1,全筆移轉,07630000
RPXNMLSKLHJFFAX77CA,烏崁新段,688.32,非都市：一般農業區 ; 非都市編定：農牧用地,1,1,全筆移轉,07240000
RPPNMLSKLHJFFAX07DA,竹篙灣段,358.00,非都市：一般農業區 ; 非都市編定：農牧用地,1,1,全筆移轉,22690000
RPPNMLSKLHJFFAX07DA,竹篙灣段,139.00,非都市：一般農業區 ; 非都市編定：農牧用地,1,1,全筆移轉,22690001
RPRNMLRLLHJFFAX17CA,山水北段,233.66,非都市：一般農業區 ; 非都市編定：農牧用地,1000,333,持分移轉,03820000
RPRNMLRLLHJFFAX17CA,山水北段,234.36,非都市：一般農業區 ; 非都市編定：農牧用地,1000,334,持分移轉,03820000
RPPNMLOLLHJFFAX76DA,光榮段,26.96,非都市： ; 非都市編定：,1,1,全筆移轉,05500000
RPQNMLRKLHJFFAX07DA,鼎灣新段,202.43,非都市：一般農業區 ; 非都市編定：農牧用地,3,1,持分移轉,06020000
RPQNMLRKLHJFFAX07DA,鼎灣新段,110.11,非都市：一般農業區 ; 非都市編定：農牧用地,3,1,持分移轉,06030000
RPQNMLRKLHJFFAX07DA,鼎灣新段,74.37,非都市：一般農業區 ; 非都市編定：農牧用地,3,1,持分移轉,06040000
RPQNMLRKLHJFFAX07DA,鼎灣新段,65.35,非都市：一般農業區 ; 非都市編定：農牧用地,3,1,持分移轉,06050000
RPQNMLRLLHJFFAX07CA,山水北段,233.66,非都市：一般農業區 ; 非都市編定：農牧用地,1000,333,持分移轉,03820000
RPOOMLSKLHJFFAX96CA,安宅段,1499.00,非都市：一般農業區 ; 非都市編定：農牧用地,1,1,全筆移轉,08540000
RPPOMLSKLHJFFAX07CA,中屯段,1043.00,非都市：一般農業區 ; 非都市編定：農牧用地,1,1,全筆移轉,09150000
RPSNMLTKLHJFFAX47DA,沙港北段,341.05,非都市：一般農業區 ; 非都市編定：農牧用地,1,1,全筆移轉,02030000
RPQNMLKLLHJFFAX56EA,興仁段,81.52,非都市：一般農業區 ; 非都市編定：甲種建築用地,4,2,持分移轉,08850002
RPQNMLKLLHJFFAX56EA,興仁段,40.76,非都市：一般農業區 ; 非都市編定：甲種建築用地,4,1,持分移轉,08850002
RPQNMLKLLHJFFAX56EA,興仁段,40.76,非都市：一般農業區 ; 非都市編定：甲種建築用地,4,1,持分移轉,08850002
RPRNMLTKLHJFFAX47EA,?葉新段,124.26,非都市：鄉村區 ; 非都市編定：乙種建築用地,1,1,全筆移轉,07860000
RPTOMLSKLHJFFAX57DA,湖西北段,929.10,非都市：一般農業區 ; 非都市編定：農牧用地,1,1,全筆移轉,06680000
RPPNMLTKLHJFFAX17DA,五德東段,1037.91,非都市：一般農業區 ; 非都市編定：農牧用地,1,1,全筆移轉,12950000
RPSNMLKLLHJFFAX76EA,南寮北段,66.22,非都市：鄉村區 ; 非都市編定：乙種建築用地,4,1,持分移轉,04250000
RPSNMLKLLHJFFAX76EA,南寮北段,66.22,非都市：鄉村區 ; 非都市編定：乙種建築用地,4,1,持分移轉,04250000
RPSNMLKLLHJFFAX76EA,南寮北段,66.22,非都市：鄉村區 ; 非都市編定：乙種建築用地,4,1,持分移轉,04250000
RPSNMLKLLHJFFAX76EA,南寮北段,66.22,非都市：鄉村區 ; 非都市編定：乙種建築用地,4,1,持分移轉,04250000
RPUOMLSKLHJFFAX67DA,南寮南段,1275.13,非都市：一般農業區 ; 非都市編定：農牧用地,1,1,全筆移轉,04830000
RPQNMLTKLHJFFAX27DA,隘門新段,62.48,非都市：鄉村區 ; 非都市編定：乙種建築用地,1,1,全筆移轉,06250000
RPRNMLLJMHJFFAX56DA,安宅段,831.57,非都市：一般農業區 ; 非都市編定：農牧用地,2,1,持分移轉,13890000
RPRNMLLJMHJFFAX56DA,安宅段,242.64,非都市： ; 非都市編定：,2,1,持分移轉,13900000
RPPNMLQLLHJFFAX07EA,沙港北段,234.13,非都市：一般農業區 ; 非都市編定：農牧用地,1,1,全筆移轉,02220000
RPXNMLQLLHJFFAX67CA,東石新段,436.01,非都市：一般農業區 ; 非都市編定：農牧用地,1,1,全筆移轉,01290000
RPWNMLRLLHJFFAX77DA,五德東段,781.24,非都市：一般農業區 ; 非都市編定：農牧用地,1,1,全筆移轉,08450000
RPPNMLLLLHJFFAX56EA,文光段,11.34,非都市： ; 非都市編定：,1,1,全筆移轉,02570006
RPQNMLLLLHJFFAX56DA,國宅段,59.87,非都市： ; 非都市編定：,1,1,全筆移轉,07120000
RPRNMLLLLHJFFAX66DA,五福段,538.27,非都市：一般農業區 ; 非都市編定：農牧用地,1,1,全筆移轉,10940000
RPTNMLRLLHJFFAX37CA,山水東段,1607.98,非都市：一般農業區 ; 非都市編定：農牧用地,1,1,全筆移轉,04100000
RPQNMLOLLHJFFAX76CA,大嶼段,150.33,非都市：一般農業區 ; 非都市編定：農牧用地,3,1,持分移轉,41170000
RPWNMLQLLHJFFAX57CA,山水南段,292.85,非都市：鄉村區 ; 非都市編定：乙種建築用地,1,1,全筆移轉,01860000
RPQNMLQLLHJFFAX17EA,國宅段,176.21,非都市： ; 非都市編定：,1,1,全筆移轉,05680000
RPTNMLNJMHJFFAX86CA,林投北段,668.99,非都市：一般農業區 ; 非都市編定：農牧用地,1,1,全筆移轉,06810000
RPTNMLNJMHJFFAX86CA,白坑段,959.77,非都市：一般農業區 ; 非都市編定：農牧用地,1,1,全筆移轉,06660000
RPPNMLLMLHJFFAX09CA,案山段,78.44,非都市： ; 非都市編定：,2,1,持分移轉,00220000
RPPNMLLMLHJFFAX09CA,案山段,78.44,非都市： ; 非都市編定：,2,1,持分移轉,00220000
RPUNMLQLLHJFFAX37CA,雙湖段,67.74,非都市：一般農業區 ; 非都市編定：交通用地,6,1,持分移轉,10710004
RPUNMLQLLHJFFAX37CA,雙湖段,192.10,非都市：一般農業區 ; 非都市編定：甲種建築用地,1,1,全筆移轉,10710005
RPVNMLQLLHJFFAX47CA,港子段,1353.00,非都市：一般農業區 ; 非都市編定：農牧用地,1,1,全筆移轉,13240000
RPRNMLOLLHJFFAX86CA,興仁段,311.16,非都市：鄉村區 ; 非都市編定：乙種建築用地,1,1,全筆移轉,00720000
RPWOMLKKMHJFFAX27EA,文光段,10.28,非都市： ; 非都市編定：,1,1,全筆移轉,02570004
RPPNMLSKMHJFFAX27EA,赤崁中段,53.61,非都市：一般農業區 ; 非都市編定：農牧用地,5,1,持分移轉,07990000
RPPNMLSKMHJFFAX27EA,赤崁中段,8.10,非都市：一般農業區 ; 非都市編定：交通用地,5,1,持分移轉,08000000
RPPNMLRJMHJFFAX96DA,文光段,235.69,非都市： ; 非都市編定：,2,1,持分移轉,01690000
RPQNMLLMLHJFFAX56CA,四維段,134.57,非都市：一般農業區 ; 非都市編定：農牧用地,16,1,持分移轉,02080000
RPPNMLTJMHJFFAX17DA,山水北段,277.61,非都市：鄉村區 ; 非都市編定：乙種建築用地,1,1,全筆移轉,06300002
RPPNMLSLLHJFFAX07CA,小赤段,218.00,非都市：鄉村區 ; 非都市編定：乙種建築用地,1,1,全筆移轉,04950000
RPQNMLNJMHJFFAX66DA,山水南段,108.52,非都市：鄉村區 ; 非都市編定：乙種建築用地,1,1,全筆移轉,06080000
RPQNMLLJMHJFFAX56EA,鎖港南段,544.00,非都市： ; 非都市編定：,1,1,全筆移轉,14460000
RPXNMLTJMHJFFAX97DA,鎮海段,592.00,非都市：一般農業區 ; 非都市編定：農牧用地,1,1,全筆移轉,08670000
RPXNMLTJMHJFFAX97DA,鎮海段,50.00,非都市：一般農業區 ; 非都市編定：交通用地,1,1,全筆移轉,08670002
RPTNMLLJMHJFFAX66CA,五德西段,165.47,非都市：一般農業區 ; 非都市編定：農牧用地,1,1,全筆移轉,02640000
RPSNMLTJMHJFFAX37CA,安宅段,487.14,非都市：一般農業區 ; 非都市編定：農牧用地,2,1,持分移轉,06210000
RPSNMLTJMHJFFAX37CA,安宅段,487.14,非都市：一般農業區 ; 非都市編定：農牧用地,2,1,持分移轉,06210000
RPSNMLLJMHJFFAX56CA,山水北段,83.98,非都市：鄉村區 ; 非都市編定：乙種建築用地,1,1,全筆移轉,04660000
RPTNMLTJMHJFFAX47CA,瓦硐段,839.00,非都市：風景區 ; 非都市編定：農牧用地,1,1,全筆移轉,08910000
RPTNMLKKMHJFFAX76DA,西澳段,81.91,非都市： ; 非都市編定：,1,1,全筆移轉,04860000
RPTNMLKKMHJFFAX76DA,西澳段,44.69,非都市： ; 非都市編定：,1,1,全筆移轉,04880000
RPUNMLKKMHJFFAX86DA,西澳段,10.21,非都市： ; 非都市編定：,3,1,持分移轉,04930000
RPUNMLLJMHJFFAX86DA,文澳段,16.64,非都市： ; 非都市編定：,11,1,持分移轉,24560000
RPUNMLLJMHJFFAX86DA,文澳段,38.09,非都市： ; 非都市編定：,11,1,持分移轉,24620000
RPPNMLNJMHJFFAX56DA,北極段,44.26,非都市： ; 非都市編定：,1,1,全筆移轉,11560001
RPPNMLMJMHJFFAX56EA,雙湖段,9.30,非都市：一般農業區 ; 非都市編定：農牧用地,8,2,持分移轉,10530000
RPPNMLMJMHJFFAX56EA,文石段,139.12,非都市：一般農業區 ; 非都市編定：農牧用地,3,1,持分移轉,02970000
RPPNMLMJMHJFFAX56EA,文寮段,37.58,非都市：一般農業區 ; 非都市編定：農牧用地,8,2,持分移轉,04420000
RPOOMLKKMHJFFAX09EA,北澳段,70.32,非都市：一般農業區 ; 非都市編定：甲種建築用地,1,1,全筆移轉,05630000
RPSNMLQKMHJFFAX17CA,四維段,85.57,非都市：鄉村區 ; 非都市編定：乙種建築用地,1,1,全筆移轉,02500000
RPOOMLTJMHJFFAX17DA,鐵線段,533.64,非都市：一般農業區 ; 非都市編定：農牧用地,1,1,全筆移轉,12160001
RPOOMLTJMHJFFAX17DA,鐵線段,533.64,非都市：一般農業區 ; 非都市編定：農牧用地,1,1,全筆移轉,12160002
RPPNMLPKMHJFFAX76CA,?葉新段,89.70,非都市：一般農業區 ; 非都市編定：農牧用地,6,1,持分移轉,04490000
RPPNMLPKMHJFFAX76CA,?葉新段,42.66,非都市：鄉村區 ; 非都市編定：乙種建築用地,6,1,持分移轉,04500000
RPPNMLPKMHJFFAX76CA,?葉新段,36.50,非都市：一般農業區 ; 非都市編定：農牧用地,6,1,持分移轉,04520000
RPRNMLKKMHJFFAX09CA,文光段,27.09,非都市： ; 非都市編定：,100000,327,持分移轉,00200000
RPRNMLKKMHJFFAX09CA,文光段,3.51,非都市： ; 非都市編定：,100000,327,持分移轉,00540000
RPQNMLKKMHJFFAX98CA,埕西段,33.90,非都市： ; 非都市編定：,14,1,持分移轉,03560000
RPTNMLQKMHJFFAX27CA,下瓦硐段,262.29,非都市：一般農業區 ; 非都市編定：農牧用地,1,1,全筆移轉,11050000
RPTNMLQKMHJFFAX27CA,下瓦硐段,237.40,非都市：一般農業區 ; 非都市編定：農牧用地,1,1,全筆移轉,11050001
RPUNMLQKMHJFFAX37CA,下瓦硐段,603.51,非都市：一般農業區 ; 非都市編定：農牧用地,1,1,全筆移轉,11050002
RPQNMLSJMHJFFAX07CA,五福段,22.74,非都市：鄉村區 ; 非都市編定：乙種建築用地,3,1,持分移轉,04400000
RPQNMLSJMHJFFAX07CA,五福段,10.19,非都市：鄉村區 ; 非都市編定：乙種建築用地,3,1,持分移轉,04410000
RPUNMLTJMHJFFAX57CA,五福段,225.34,非都市：一般農業區 ; 非都市編定：農牧用地,10000,1245,持分移轉,01180000
RPUNMLTJMHJFFAX57CA,五福段,226.25,非都市：一般農業區 ; 非都市編定：農牧用地,10000,1250,持分移轉,01180000
RPUNMLTJMHJFFAX57CA,五福段,226.25,非都市：一般農業區 ; 非都市編定：農牧用地,10000,1250,持分移轉,01180000
RPUNMLTJMHJFFAX57CA,五福段,226.25,非都市：一般農業區 ; 非都市編定：農牧用地,10000,1250,持分移轉,01180000
RPUNMLTJMHJFFAX57CA,五福段,226.25,非都市：一般農業區 ; 非都市編定：農牧用地,10000,1250,持分移轉,01180000
RPUNMLTJMHJFFAX57CA,五福段,227.15,非都市：一般農業區 ; 非都市編定：農牧用地,10000,1255,持分移轉,01180000
RPUNMLTJMHJFFAX57CA,五福段,226.25,非都市：一般農業區 ; 非都市編定：農牧用地,10000,1250,持分移轉,01180000
RPUNMLTJMHJFFAX57CA,五福段,226.25,非都市：一般農業區 ; 非都市編定：農牧用地,10000,1250,持分移轉,01180000
RPVNMLTJMHJFFAX67CA,六合段,344.90,非都市： ; 非都市編定：,2,1,持分移轉,06930000
RPPNMLNLMHJFFAX86EA,許家段,29.12,非都市：一般農業區 ; 非都市編定：交通用地,2,1,持分移轉,01730000
RPPNMLNLMHJFFAX86EA,許家段,.98,非都市：風景區 ; 非都市編定：農牧用地,2,1,持分移轉,01740001
RPQNMLTJMHJFFAX27DA,春暉段,324.25,非都市： ; 非都市編定：,1,1,全筆移轉,06260000
RPRNMLTJMHJFFAX37DA,春暉段,851.45,非都市： ; 非都市編定：,2,1,持分移轉,06250000
RPSNMLLKMHJFFAX76DA,興崁段,846.40,非都市：一般農業區 ; 非都市編定：農牧用地,1,1,全筆移轉,10090000
RPSNMLLKMHJFFAX76DA,興崁段,1448.19,非都市：一般農業區 ; 非都市編定：農牧用地,1,1,全筆移轉,10430000
RPQOMLKKMHJFFAX56DA,西澳段,139.11,非都市： ; 非都市編定：,1,1,全筆移轉,03650000
RPOOMLKKMHJFFAX98DA,西澳段,81.02,非都市： ; 非都市編定：,1,1,全筆移轉,04870000
RPWNMLKKMHJFFAX07DA,西澳段,54.40,非都市： ; 非都市編定：,4,1,持分移轉,05000000
RPWNMLKKMHJFFAX07DA,西澳段,2.92,非都市： ; 非都市編定：,4,1,持分移轉,07840000
RPWNMLKKMHJFFAX07DA,西澳段,4.57,非都市： ; 非都市編定：,4,1,持分移轉,07850000
RPRNMLLKMHJFFAX66DA,馬公段,206.00,非都市： ; 非都市編定：,2,1,持分移轉,18270000
RPXNMLKKMHJFFAX17DA,西澳段,167.98,非都市： ; 非都市編定：,1,1,全筆移轉,05030000
RPXNMLKKMHJFFAX17DA,西澳段,1.91,非都市： ; 非都市編定：,6,1,持分移轉,05040000
RPQNMLQKMHJFFAX07DA,四維段,35.31,非都市：鄉村區 ; 非都市編定：乙種建築用地,100000,2955,持分移轉,00700000
RPSNMLMLMHJFFAX96DA,東衛段,184.42,非都市：鄉村區 ; 非都市編定：乙種建築用地,8,1,持分移轉,09090000
RPSNMLSKMHJFFAX47DA,風櫃東段,262.26,非都市：一般農業區 ; 非都市編定：農牧用地,1,1,全筆移轉,05890000
RPRNMLPKMHJFFAX07DA,湖西北段,643.92,非都市：一般農業區 ; 非都市編定：農牧用地,2,1,持分移轉,08660000
RPROMLKKMHJFFAX66DA,西澳段,125.91,非都市： ; 非都市編定：,1,1,全筆移轉,07960000
RPROMLKKMHJFFAX66DA,西澳段,13.07,非都市： ; 非都市編定：,3,2,持分移轉,07900000
RPROMLKKMHJFFAX66DA,西澳段,20.43,非都市： ; 非都市編定：,3,2,持分移轉,04930000
RPROMLKKMHJFFAX66DA,西澳段,1.13,非都市： ; 非都市編定：,3,2,持分移轉,07910000
RPSOMLKKMHJFFAX76DA,西澳段,31.98,非都市： ; 非都市編定：,1,1,全筆移轉,03670000
RPTOMLKKMHJFFAX86DA,西澳段,27.20,非都市： ; 非都市編定：,8,1,持分移轉,05000000
RPTOMLKKMHJFFAX86DA,西澳段,1.46,非都市： ; 非都市編定：,8,1,持分移轉,07840000
RPTOMLKKMHJFFAX86DA,西澳段,2.29,非都市： ; 非都市編定：,8,1,持分移轉,07850000
RPQNMLLKMHJFFAX56DA,文石段,100.95,非都市：一般農業區 ; 非都市編定：甲種建築用地,1,1,全筆移轉,04370000
RPQNMLLKMHJFFAX56DA,文石段,100.23,非都市：一般農業區 ; 非都市編定：甲種建築用地,1,1,全筆移轉,04370001
RPQNMLLKMHJFFAX56DA,文石段,101.28,非都市：一般農業區 ; 非都市編定：甲種建築用地,1,1,全筆移轉,04370002
RPQNMLLKMHJFFAX56DA,文石段,99.87,非都市：一般農業區 ; 非都市編定：甲種建築用地,1,1,全筆移轉,04370003
RPQNMLLKMHJFFAX56DA,文石段,16.97,非都市：一般農業區 ; 非都市編定：農牧用地,1,1,全筆移轉,04340000
RPVOMLKKMHJFFAX17EA,烏崁新段,1.22,非都市：鄉村區 ; 非都市編定：乙種建築用地,1,1,全筆移轉,11980011
RPVOMLKKMHJFFAX17EA,烏崁新段,165.25,非都市：鄉村區 ; 非都市編定：乙種建築用地,1,1,全筆移轉,15270001
RPUOMLKKMHJFFAX07EA,山水南段,23.78,非都市：一般農業區 ; 非都市編定：農牧用地,1,1,全筆移轉,03140000
RPSNMLKKMHJFFAX56CA,四維段,87.86,非都市：鄉村區 ; 非都市編定：乙種建築用地,1,1,全筆移轉,02540000
RPWNMLTJMHJFFAX77CA,風櫃西段,410.28,非都市：鄉村區 ; 非都市編定：乙種建築用地,1,1,全筆移轉,09620000
RPUNMLMJNHJFFAX96CA,潭邊新段,2381.24,非都市：一般農業區 ; 非都市編定：農牧用地,1,1,全筆移轉,04280000
RPVNMLKKMHJFFAX96DA,西澳段,27.20,非都市： ; 非都市編定：,8,1,持分移轉,05000000
RPVNMLKKMHJFFAX96DA,西澳段,1.46,非都市： ; 非都市編定：,8,1,持分移轉,07840000
RPVNMLKKMHJFFAX96DA,西澳段,2.29,非都市： ; 非都市編定：,8,1,持分移轉,07850000
RPRNMLQKMHJFFAX17DA,鼎灣新段,566.78,非都市：一般農業區 ; 非都市編定：農牧用地,4,3,持分移轉,06060000
RPQNMLRKMHJFFAX07CA,五福段,123.70,非都市：一般農業區 ; 非都市編定：甲種建築用地,1,1,全筆移轉,14420001
RPQNMLRKMHJFFAX07CA,五福段,12.55,非都市：一般農業區 ; 非都市編定：交通用地,10,1,持分移轉,14420010
RPQNMLRKMHJFFAX07CA,五福段,.79,非都市：一般農業區 ; 非都市編定：交通用地,10,1,持分移轉,14430009
RPQNMLRKMHJFFAX07CA,五福段,5.82,非都市：一般農業區 ; 非都市編定：交通用地,10,1,持分移轉,14430010
RPVOMLKMMHJFFAX17CA,海堤段,13.26,非都市： ; 非都市編定：,2,1,持分移轉,01360001
RPVOMLKMMHJFFAX17CA,海堤段,13.26,非都市： ; 非都市編定：,2,1,持分移轉,01360001
RPQNMLLLMHJFFAX66DA,埕西段,19.04,非都市： ; 非都市編定：,1000,86,持分移轉,06660000
RPQNMLLLMHJFFAX66DA,埕西段,18.99,非都市： ; 非都市編定：,1000,86,持分移轉,06670000
RPQNMLPKMHJFFAX86CA,光榮段,89.62,非都市： ; 非都市編定：,4,1,持分移轉,01430000
RPQNMLPKMHJFFAX86CA,光榮段,85.06,非都市： ; 非都市編定：,4,1,持分移轉,01460000
RPTNMLRKMHJFFAX37CA,安宅段,1017.16,非都市：一般農業區 ; 非都市編定：農牧用地,1,1,全筆移轉,07430000
RPPNMLLKMHJFFAX98CA,林投北段,1096.20,非都市：一般農業區 ; 非都市編定：農牧用地,2,1,持分移轉,00240000
RPWOMLKMMHJFFAX27CA,五德西段,99.07,非都市：一般農業區 ; 非都市編定：甲種建築用地,2,1,持分移轉,06550000
RPWOMLKMMHJFFAX27CA,五德西段,99.07,非都市：一般農業區 ; 非都市編定：甲種建築用地,2,1,持分移轉,06550000
RPWOMLKMMHJFFAX27CA,五德西段,444.10,非都市：一般農業區 ; 非都市編定：農牧用地,2,1,持分移轉,06560000
RPWOMLKMMHJFFAX27CA,五德西段,444.10,非都市：一般農業區 ; 非都市編定：農牧用地,2,1,持分移轉,06560000
RPPNMLOKMHJFFAX66CA,鐵線段,473.86,非都市：一般農業區 ; 非都市編定：農牧用地,1,1,全筆移轉,05040000
RPTNMLOLMHJFFAX17CA,鎮海段,325.00,非都市：一般農業區 ; 非都市編定：農牧用地,2,1,持分移轉,01530000
RPXOMLKMMHJFFAX37CA,五德東段,611.31,非都市：一般農業區 ; 非都市編定：農牧用地,1,1,全筆移轉,05890000
RPRNMLOKMHJFFAX96DA,紅羅段,268.70,非都市：鄉村區 ; 非都市編定：乙種建築用地,1,1,全筆移轉,16240000
RPOPMLKMMHJFFAX56CA,沙港北段,157.01,非都市：一般農業區 ; 非都市編定：農牧用地,1,1,全筆移轉,02010000
RPPNMLQKMHJFFAX96DA,馬公段,17.50,非都市： ; 非都市編定：,2,1,持分移轉,18410018
RPSNMLRKMHJFFAX27CA,鎮海段,592.00,非都市：一般農業區 ; 非都市編定：農牧用地,1,1,全筆移轉,08670000
RPSNMLRKMHJFFAX27CA,鎮海段,50.00,非都市：一般農業區 ; 非都市編定：交通用地,1,1,全筆移轉,08670002
RPRNMLRKMHJFFAX17CA,尖山南段,111.54,非都市：一般農業區 ; 非都市編定：農牧用地,12,3,持分移轉,03470000
RPRNMLRKMHJFFAX17CA,尖山南段,569.80,非都市：一般農業區 ; 非都市編定：農牧用地,12,3,持分移轉,10960000
RPPNMLTKMHJFFAX27DA,北極段,74.67,非都市： ; 非都市編定：,16,1,持分移轉,02380001
RPPNMLTKMHJFFAX27DA,海堤段,19.10,非都市： ; 非都市編定：,4,1,持分移轉,03690000
RPQNMLSKMHJFFAX17CA,文寮段,393.70,非都市：一般農業區 ; 非都市編定：農牧用地,1,1,全筆移轉,11420000
RPQPMLKMMHJFFAX76CA,成功南段,1792.29,非都市：一般農業區 ; 非都市編定：農牧用地,1,1,全筆移轉,13360000
RPWNMLMKNHJFFAX27CA,山水西段,1005.34,非都市：一般農業區 ; 非都市編定：農牧用地,1,1,全筆移轉,03290000
RPTNMLSKMHJFFAX57DA,成功南段,405.21,非都市：一般農業區 ; 非都市編定：農牧用地,1,1,全筆移轉,11020000
RPXNMLMKNHJFFAX37CA,山水西段,533.01,非都市：一般農業區 ; 非都市編定：農牧用地,1,1,全筆移轉,04790000
RPPNMLSLMHJFFAX27DA,馬公段,36.50,非都市： ; 非都市編定：,2,1,持分移轉,20210034
RPQNMLMLMHJFFAX86EA,鐵線段,35.21,非都市：一般農業區 ; 非都市編定：甲種建築用地,700,100,持分移轉,06970001
RPQNMLMLMHJFFAX86EA,鐵線段,63.14,非都市：一般農業區 ; 非都市編定：農牧用地,700,100,持分移轉,10000000
RPQNMLMLMHJFFAX86EA,鐵線段,130.41,非都市：一般農業區 ; 非都市編定：農牧用地,700,100,持分移轉,13350000
RPRNMLMLMHJFFAX86DA,東衛段,23.05,非都市：鄉村區 ; 非都市編定：乙種建築用地,64,1,持分移轉,09090000
RPOOMLKMMHJFFAX09CA,文光段,31.27,非都市： ; 非都市編定：,100000,717,持分移轉,00570000
RPRNMLTJNHJFFAX37CA,大嶼段,55.67,非都市：一般農業區 ; 非都市編定：農牧用地,3,1,持分移轉,55360000
RPRNMLMKNHJFFAX76CA,東澳段,.39,非都市： ; 非都市編定：,10000,166,持分移轉,04890002
RPRNMLMKNHJFFAX76CA,東澳段,17.12,非都市： ; 非都市編定：,10000,166,持分移轉,05000000
RPPNMLMLMHJFFAX56CA,鐵線段,473.86,非都市：一般農業區 ; 非都市編定：農牧用地,1,1,全筆移轉,05040000
RPPNMLOLMHJFFAX76CA,興仁段,1617.59,非都市：一般農業區 ; 非都市編定：農牧用地,1,1,全筆移轉,15430000
RPQNMLOLMHJFFAX86CA,瓦硐段,839.00,非都市：風景區 ; 非都市編定：農牧用地,1,1,全筆移轉,08910000
RPWNMLOLMHJFFAX47CA,埕東段,7.66,非都市： ; 非都市編定：,10000,198,持分移轉,08560000
RPWNMLOLMHJFFAX47CA,埕東段,.12,非都市： ; 非都市編定：,10000,198,持分移轉,08600000
RPWNMLOLMHJFFAX47CA,埕東段,2.34,非都市： ; 非都市編定：,10000,198,持分移轉,08610000
RPWNMLOLMHJFFAX47CA,埕東段,18.39,非都市： ; 非都市編定：,10000,198,持分移轉,08640000
RPVNMLKMMHJFFAX07CA,南寮北段,131.84,非都市：鄉村區 ; 非都市編定：乙種建築用地,2,1,持分移轉,09010000
RPXNMLOLMHJFFAX57CA,埕中段,.57,非都市： ; 非都市編定：,2604,113,持分移轉,04280000
RPXNMLOLMHJFFAX57CA,埕中段,28.68,非都市： ; 非都市編定：,2604,113,持分移轉,04300000
RPVNMLOLMHJFFAX37CA,二崁南段,292.32,非都市： ; 非都市編定：,1,1,全筆移轉,03000000
RPSNMLOLMHJFFAX07CA,後寮段,378.00,非都市：一般農業區 ; 非都市編定：農牧用地,1,1,全筆移轉,07500000
RPSNMLOLMHJFFAX07CA,後寮段,398.00,非都市：一般農業區 ; 非都市編定：農牧用地,1,1,全筆移轉,29330000
RPSNMLOLMHJFFAX07CA,後寮南段,514.51,非都市：一般農業區 ; 非都市編定：農牧用地,1,1,全筆移轉,01120000
RPVNMLRJNHJFFAX77EA,大嶼段,94.00,非都市：一般農業區 ; 非都市編定：農牧用地,2,1,持分移轉,44010000
RPVNMLRJNHJFFAX77EA,大嶼段,630.00,非都市：一般農業區 ; 非都市編定：農牧用地,1,1,全筆移轉,44010001
RPVNMLRJNHJFFAX77EA,大嶼段,247.00,非都市：一般農業區 ; 非都市編定：農牧用地,1,1,全筆移轉,44210000
RPQNMLNLMHJFFAX86DA,五福段,105.19,非都市：一般農業區 ; 非都市編定：甲種建築用地,1,1,全筆移轉,13900000
RPQNMLNLMHJFFAX86DA,五福段,48.80,非都市：一般農業區 ; 非都市編定：交通用地,11,1,持分移轉,13880000
RPSNMLRJNHJFFAX37DA,文寮段,2462.52,非都市：一般農業區 ; 非都市編定：農牧用地,1,1,全筆移轉,05720000
RPSNMLMJNHJFFAX86DA,西澳段,3.27,非都市： ; 非都市編定：,6,1,持分移轉,07900000
RPSNMLMJNHJFFAX86DA,西澳段,.28,非都市： ; 非都市編定：,6,1,持分移轉,07910000
RPPNMLTLMHJFFAX37DA,馬公段,43.00,非都市： ; 非都市編定：,1,1,全筆移轉,04410000
RPPNMLTLMHJFFAX37DA,馬公段,40.00,非都市： ; 非都市編定：,1,1,全筆移轉,04420000
RPPNMLTJNHJFFAX27DA,文寮段,150.53,非都市：一般農業區 ; 非都市編定：甲種建築用地,1,1,全筆移轉,07220000
RPPNMLTJNHJFFAX27DA,文寮段,46.87,非都市：一般農業區 ; 非都市編定：交通用地,8,1,持分移轉,07220004
RPPNMLKMMHJFFAX56DA,鎮海段,592.00,非都市：一般農業區 ; 非都市編定：農牧用地,1,1,全筆移轉,08670000
RPPNMLKMMHJFFAX56DA,鎮海段,50.00,非都市：一般農業區 ; 非都市編定：交通用地,1,1,全筆移轉,08670002
RPROMLKMMHJFFAX86DA,北極段,831.03,非都市： ; 非都市編定：,1,1,全筆移轉,13440000
RPROMLKMMHJFFAX86DA,北極段,20.82,非都市： ; 非都市編定：,1,1,全筆移轉,13440001
RPROMLKMMHJFFAX86DA,北極段,2.81,非都市： ; 非都市編定：,1,1,全筆移轉,13400000
RPRNMLMJNHJFFAX76DA,四維段,729.27,非都市：一般農業區 ; 非都市編定：農牧用地,6,2,持分移轉,07140000
RPTNMLMJNHJFFAX96DA,西澳段,3.27,非都市： ; 非都市編定：,6,1,持分移轉,07900000
RPTNMLMJNHJFFAX96DA,西澳段,.28,非都市： ; 非都市編定：,6,1,持分移轉,07910000
RPVNMLMJNHJFFAX17DA,東衛段,100.98,非都市：鄉村區 ; 非都市編定：乙種建築用地,1,1,全筆移轉,10910000
RPWNMLKMMHJFFAX27DA,興崁段,110.13,非都市：一般農業區 ; 非都市編定：甲種建築用地,1,1,全筆移轉,12120000
RPWNMLKMMHJFFAX27DA,興崁段,33.16,非都市：一般農業區 ; 非都市編定：交通用地,54,6,持分移轉,12150000
RPQNMLKMMHJFFAX66DA,海堤段,633.48,非都市： ; 非都市編定：,1,1,全筆移轉,01360000
RPQNMLSLMHJFFAX37DA,風櫃西段,871.48,非都市：風景區 ; 非都市編定：林業用地,1,1,全筆移轉,00950000
RPRNMLLJNHJFFAX66DA,許家段,398.24,非都市：一般農業區 ; 非都市編定：農牧用地,2,1,持分移轉,02930000
RPRNMLLJNHJFFAX66DA,許家段,398.24,非都市：一般農業區 ; 非都市編定：農牧用地,2,1,持分移轉,02930000
RPRNMLLJNHJFFAX66DA,許家段,31.27,非都市：一般農業區 ; 非都市編定：農牧用地,16,1,持分移轉,02930004
RPRNMLLJNHJFFAX66DA,許家段,31.27,非都市：一般農業區 ; 非都市編定：農牧用地,16,1,持分移轉,02930004
RPRNMLSLMHJFFAX47DA,風櫃西段,29.50,非都市：風景區 ; 非都市編定：林業用地,1,1,全筆移轉,00560000
RPQNMLTJNHJFFAX37DA,文寮段,151.03,非都市：一般農業區 ; 非都市編定：甲種建築用地,1,1,全筆移轉,07220008
RPQNMLTJNHJFFAX37DA,文寮段,46.87,非都市：一般農業區 ; 非都市編定：交通用地,8,1,持分移轉,07220004
RPWNMLRJNHJFFAX87EA,大嶼段,673.00,非都市：森林區 ; 非都市編定：農牧用地,1,1,全筆移轉,48070000
RPTNMLTLMHJFFAX77DA,西溪新段,27.01,非都市：鄉村區 ; 非都市編定：乙種建築用地,1,1,全筆移轉,06110000
RPRPMLKMMHJFFAX86CA,港子段,425.00,非都市：一般農業區 ; 非都市編定：農牧用地,4,1,持分移轉,17010000
RPRPMLKMMHJFFAX86CA,港子段,425.00,非都市：一般農業區 ; 非都市編定：農牧用地,4,1,持分移轉,17010000
RPRPMLKMMHJFFAX86CA,港子段,425.00,非都市：一般農業區 ; 非都市編定：農牧用地,4,1,持分移轉,17010000
RPRPMLKMMHJFFAX86CA,港子段,425.00,非都市：一般農業區 ; 非都市編定：農牧用地,4,1,持分移轉,17010000
RPUPMLKMMHJFFAX17CA,安宅段,582.40,非都市：一般農業區 ; 非都市編定：農牧用地,1,1,全筆移轉,08990000
RPPOMLKMMHJFFAX56CA,小池角段,499.00,非都市：鄉村區 ; 非都市編定：乙種建築用地,1,1,全筆移轉,38280000
RPSPMLKMMHJFFAX96CA,中屯段,77.00,非都市：鄉村區 ; 非都市編定：乙種建築用地,1,1,全筆移轉,11890002
RPPNMLSJNHJFFAX07CA,成功南段,937.73,非都市：一般農業區 ; 非都市編定：農牧用地,2,1,持分移轉,09540000
RPPNMLRJNHJFFAX07DA,龍門西段,87.10,非都市：一般農業區 ; 非都市編定：農牧用地,9,1,持分移轉,00780000
RPQNMLTLMHJFFAX47DA,馬公段,30.00,非都市： ; 非都市編定：,93,30,持分移轉,01270005
RPTPMLKMMHJFFAX07CA,五福段,446.51,非都市：一般農業區 ; 非都市編定：農牧用地,1,1,全筆移轉,05180000
RPPNMLMKNHJFFAX66DA,文澳段,1806.00,非都市： ; 非都市編定：,1,1,全筆移轉,23160000
RPQNMLPJNHJFFAX86CA,馬公段,42.00,非都市： ; 非都市編定：,1,1,全筆移轉,16080012
RPUNMLMKNHJFFAX07CA,案山段,99.79,非都市： ; 非都市編定：,6,2,持分移轉,05260000
RPUNMLMKNHJFFAX07CA,案山段,15.25,非都市： ; 非都市編定：,6,3,持分移轉,06520000
RPVPMLKMMHJFFAX37DA,許家段,18.36,非都市：一般農業區 ; 非都市編定：農牧用地,1,1,全筆移轉,11650001
RPQNMLLJNHJFFAX09CA,湖東新段,396.71,非都市：鄉村區 ; 非都市編定：乙種建築用地,1,1,全筆移轉,00840000
RPTNMLMKNHJFFAX96CA,許家段,570.80,非都市：一般農業區 ; 非都市編定：農牧用地,2,1,持分移轉,11050000
RPQNMLMJNHJFFAX66DA,埕中段,3.93,非都市： ; 非都市編定：,45,1,持分移轉,07870000
RPXNMLKMMHJFFAX27CA,安宅段,305.61,非都市：一般農業區 ; 非都市編定：農牧用地,1,1,全筆移轉,03720001
RPPPMLKMMHJFFAX66CA,五福段,863.15,非都市：一般農業區 ; 非都市編定：農牧用地,1,1,全筆移轉,07690000
RPPNMLLJNHJFFAX09DA,二崁南段,12.36,非都市：風景區 ; 非都市編定：交通用地,3,1,持分移轉,11740000
RPPNMLLJNHJFFAX09DA,二崁南段,335.60,非都市：風景區 ; 非都市編定：農牧用地,1,1,全筆移轉,11750000
RPWPMLKMMHJFFAX57EA,文石段,28.28,非都市： ; 非都市編定：,6000,600,持分移轉,14570000
RPWPMLKMMHJFFAX57EA,文石段,14.37,非都市：一般農業區 ; 非都市編定：農牧用地,6000,600,持分移轉,14600000
RPWPMLKMMHJFFAX57EA,北澳段,31.31,非都市：一般農業區 ; 非都市編定：農牧用地,6000,600,持分移轉,00640000
RPWPMLKMMHJFFAX57EA,北澳段,56.63,非都市：一般農業區 ; 非都市編定：農牧用地,7200,600,持分移轉,00670000
RPWPMLKMMHJFFAX57EA,北澳段,72.83,非都市：一般農業區 ; 非都市編定：農牧用地,6000,600,持分移轉,05550000
RPWPMLKMMHJFFAX57EA,中衛段,42.21,非都市：一般農業區 ; 非都市編定：農牧用地,6000,600,持分移轉,14890000
RPWPMLKMMHJFFAX57EA,文東段,91.20,非都市：一般農業區 ; 非都市編定：農牧用地,6000,600,持分移轉,18390000
RPUNMLQKNHJFFAX57DA,案山段,76.70,非都市： ; 非都市編定：,1,1,全筆移轉,02720000
RPUNMLQKNHJFFAX57DA,案山段,11.54,非都市： ; 非都市編定：,1,1,全筆移轉,02730000
