﻿鄉鎮市區,交易標的,土地位置建物門牌,土地移轉總面積平方公尺,都市土地使用分區,非都市土地使用分區,非都市土地使用編定,交易年月日,交易筆棟數,移轉層次,總樓層數,建物型態,主要用途,主要建材,建築完成年月,建物移轉總面積平方公尺,建物現況格局-房,建物現況格局-廳,建物現況格局-衛,建物現況格局-隔間,有無管理組織,總價元,單價元平方公尺,車位類別,車位移轉總面積(平方公尺),車位總價元,備註,編號,主建物面積,附屬建物面積,陽台面積,電梯,移轉編號
The villages and towns urban district,transaction sign,land sector position building sector house number plate,land shifting total area square meter,the use zoning or compiles and checks,the non-metropolis land use district,non-metropolis land use,transaction year month and day,transaction pen number,shifting level,total floor number,building state,main use,main building materials,construction to complete the years,building shifting total area,Building present situation pattern - room,building present situation pattern - hall,building present situation pattern - health,building present situation pattern - compartmented,Whether there is manages the organization,total price NTD,the unit price (NTD / square meter),the berth category,berth shifting total area square meter,the berth total price NTD,the note,serial number,,,,,
南竿鄉,土地,介壽段45地號,103.62,住,,,1030109,土地1建物0車位0,,,其他,,,,0.0,0,0,0,有,無,1473000,14215,,0.0,0,有未登記建物移轉,RPPNMLRKKHJFFAZ96CA,0.0,0.0,0.0,,
南竿鄉,土地,珠螺段255地號,798.53,農,,,1030103,土地3建物0車位0,,,其他,,,,0.0,0,0,0,有,無,4420000,5535,,0.0,0,,RPPNMLOKLHJFFAZ76CA,0.0,0.0,0.0,,
南竿鄉,土地,仁愛段147-1地號,165.31,其他,,,1030122,土地1建物0車位0,,,其他,,,,0.0,0,0,0,有,無,500000,3025,,0.0,0,,RPPNMLNKLHJFFAZ66CA,0.0,0.0,0.0,,
南竿鄉,土地,珠螺段239-1地號,81.55,住,,,1030110,土地1建物0車位0,,,其他,,,,0.0,0,0,0,有,無,302550,3710,,0.0,0,親友、員工或其他特殊關係間之交易。,RPQNMLQLLHJFFAZ17CA,0.0,0.0,0.0,,
東引鄉,土地,東引西段957地號,122.77,住,,,1030201,土地1建物0車位0,,,其他,,,,0.0,0,0,0,有,無,1000000,8145,,0.0,0,,RPPNMLRKLHJFFAZ17DA,0.0,0.0,0.0,,
北竿鄉,土地,橋仔段272-1地號,8.16,住,,,1030317,土地1建物0車位0,,,其他,,,,0.0,0,0,0,有,無,26000,3186,,0.0,0,,RPPNMLRLLHJFFAZ27DA,0.0,0.0,0.0,,
莒光鄉,土地,大坪段82-1地號,26.77,住,,,1030320,土地1建物0車位0,,,其他,,,,0.0,0,0,0,有,無,58626,2190,,0.0,0,,RPPNMLRJMHJFFAZ17DA,0.0,0.0,0.0,,
北竿鄉,土地,橋仔段280-1地號,323.55,住,,,1030326,土地5建物0車位0,,,其他,,,,0.0,0,0,0,有,無,1390000,4296,,0.0,0,,RPQNMLPJNHJFFAZ07CA,0.0,0.0,0.0,,
