﻿編號,土地位置,土地移轉面積(平方公尺),使用分區或編定,權利人持分分母,權利人持分分子,移轉情形,地號
The serial number, land position,land shifting area square meter,the use zoning or compiles and checks,,,,land parcel
RPRNMLNJNHIFFCL38CB,龍目井段水裡社小段,15.18,都市：住,100000,563,持分移轉,01530123
RPSNMLNJNHIFFCL48CB,龍目井段水裡社小段,30.33,都市：住,100000,1125,持分移轉,01530123
RPTNMLNJNHIFFCL58CB,龍目井段水裡社小段,30.33,都市：住,100000,1125,持分移轉,01530123
RPUNMLNJNHIFFCL68CB,龍目井段水裡社小段,30.33,都市：住,100000,1125,持分移轉,01530123
RPVNMLNJNHIFFCL78CB,龍目井段水裡社小段,30.33,都市：住,100000,1125,持分移轉,01530123
RPXNMLNJNHIFFCL98CB,龍目井段水裡社小段,15.18,都市：住,100000,563,持分移轉,01530123
RPPOMLNJNHIFFCL28CB,龍目井段水裡社小段,30.33,都市：住,100000,1125,持分移轉,01530123
RPWNMLNJNHIFFCL88CB,龍目井段水裡社小段,30.33,都市：住,100000,1125,持分移轉,01530123
RPOOMLNJNHIFFCL18CB,龍目井段水裡社小段,37.45,都市：住,100000,1389,持分移轉,01530123
RPVOMLNJNHIFFCL88CB,龍目井段水裡社小段,30.33,都市：住,100000,1125,持分移轉,01530123
RPOPMLNJNHIFFCL28CB,龍目井段水裡社小段,30.33,都市：住,100000,1125,持分移轉,01530123
RPSOMLNJNHIFFCL58CB,龍目井段水裡社小段,30.33,都市：住,100000,1125,持分移轉,01530123
RPQOMLNJNHIFFCL38CB,龍目井段水裡社小段,30.33,都市：住,100000,1125,持分移轉,01530123
RPUOMLNJNHIFFCL78CB,龍目井段水裡社小段,30.33,都市：住,100000,1125,持分移轉,01530123
RPXOMLNJNHIFFCL09CB,龍目井段水裡社小段,15.18,都市：住,100000,563,持分移轉,01530123
RPPPMLNJNHIFFCL38CB,龍目井段水裡社小段,30.33,都市：住,100000,1125,持分移轉,01530123
RPWOMLNJNHIFFCL98CB,龍目井段水裡社小段,37.45,都市：住,100000,1389,持分移轉,01530123
RPROMLNJNHIFFCL48CB,龍目井段水裡社小段,30.33,都市：住,100000,1125,持分移轉,01530123
RPTOMLNJNHIFFCL68CB,龍目井段水裡社小段,30.33,都市：住,100000,1125,持分移轉,01530123
RPUPMLNJNHIFFCL88CB,龍目井段水裡社小段,30.33,都市：住,100000,1125,持分移轉,01530123
RPRPMLNJNHIFFCL58CB,龍目井段水裡社小段,30.33,都市：住,100000,1125,持分移轉,01530123
RPQPMLNJNHIFFCL48CB,龍目井段水裡社小段,85.00,都市：住,1,1,全筆移轉,01630007
RPQPMLNJNHIFFCL48CB,龍目井段水裡社小段,1.28,都市：住,10000,125,持分移轉,01630039
RPQPMLNJNHIFFCL48CB,龍目井段水裡社小段,3.61,都市：住,100000,134,持分移轉,01530123
RPPQMLNJNHIFFCL48CB,龍目井段水裡社小段,30.33,都市：住,100000,1125,持分移轉,01530123
RPTPMLNJNHIFFCL78CB,龍目井段水裡社小段,30.33,都市：住,100000,1125,持分移轉,01530123
RPVPMLNJNHIFFCL98CB,龍目井段水裡社小段,3.61,都市：住,100000,134,持分移轉,01530123
RPVPMLNJNHIFFCL98CB,龍目井段水裡社小段,85.00,都市：住,1,1,全筆移轉,01630004
RPVPMLNJNHIFFCL98CB,龍目井段水裡社小段,1.28,都市：住,10000,125,持分移轉,01630039
RPSPMLNJNHIFFCL68CB,龍目井段水裡社小段,30.33,都市：住,100000,1125,持分移轉,01530123
RPOQMLNJNHIFFCL38CB,龍目井段水裡社小段,87.00,都市：住,1,1,全筆移轉,01630010
RPOQMLNJNHIFFCL38CB,龍目井段水裡社小段,1.28,都市：住,10000,125,持分移轉,01630039
RPOQMLNJNHIFFCL38CB,龍目井段水裡社小段,3.69,都市：住,100000,137,持分移轉,01530123
RPQQMLNJNHIFFCL58CB,龍目井段水裡社小段,30.33,都市：住,100000,1125,持分移轉,01530123
RPWPMLNJNHIFFCL09CB,龍目井段水裡社小段,30.33,都市：住,100000,1125,持分移轉,01530123
RPWQMLNJNHIFFCL56CB,龍目井段水裡社小段,30.33,都市：住,100000,1125,持分移轉,01530123
RPXQMLNJNHIFFCL66CB,龍目井段水裡社小段,30.33,都市：住,100000,1125,持分移轉,01530123
RPSQMLNJNHIFFCL78CB,龍目井段水裡社小段,30.33,都市：住,100000,1125,持分移轉,01530123
RPRQMLNJNHIFFCL68CB,龍目井段水裡社小段,3.91,都市：住,100000,145,持分移轉,01530123
RPRQMLNJNHIFFCL68CB,龍目井段水裡社小段,91.00,都市：住,1,1,全筆移轉,01630008
RPRQMLNJNHIFFCL68CB,龍目井段水裡社小段,1.28,都市：住,10000,125,持分移轉,01630039
RPTQMLNJNHIFFCL88CB,龍目井段水裡社小段,15.18,都市：住,100000,563,持分移轉,01530123
RPUQMLNJNHIFFCL98CB,龍目井段水裡社小段,30.33,都市：住,100000,1125,持分移轉,01530123
RPORMLNJNHIFFCL48CB,龍目井段水裡社小段,30.33,都市：住,100000,1125,持分移轉,01530123
RPSNMLTKPHIFFHL27CB,新興段,30.24,都市：住,34,1,持分移轉,00340000
RPSNMLTKPHIFFHL27CB,新興段,80.95,都市：住,1,1,全筆移轉,00340012
RPSNMLTKPHIFFHL27CB,新興段,1.86,都市：住,1,1,全筆移轉,00340036
RPSNMLTKPHIFFHL27CB,新興段,2.49,都市：住,1,1,全筆移轉,00340037
RPTNMLTKPHIFFHL37CB,育賢段,10.01,都市：住,10000,103,持分移轉,00520000
RPTNMLTKPHIFFHL37CB,育賢段,88.58,都市：住,1,1,全筆移轉,00520001
RPQOMLPLPHIFFHL86CB,新興段,30.24,都市：住,34,1,持分移轉,00340000
RPQOMLPLPHIFFHL86CB,新興段,78.45,都市：住,1,1,全筆移轉,00340026
RPUNMLPLPHIFFHL17CB,新興段,30.24,都市：住,34,1,持分移轉,00340000
RPUNMLPLPHIFFHL17CB,新興段,60.35,都市：住,1,1,全筆移轉,00340010
RPTNMLPLPHIFFHL07CB,新興段,30.24,都市：住,34,1,持分移轉,00340000
RPTNMLPLPHIFFHL07CB,新興段,69.63,都市：住,1,1,全筆移轉,00340001
RPSNMLPLPHIFFHL96CB,新興段,30.24,都市：住,34,1,持分移轉,00340000
RPSNMLPLPHIFFHL96CB,新興段,84.15,都市：住,1,1,全筆移轉,00340013
RPVNMLPLPHIFFHL27CB,新興段,30.24,都市：住,34,1,持分移轉,00340000
RPVNMLPLPHIFFHL27CB,新興段,60.35,都市：住,1,1,全筆移轉,00340011
RPSOMLPLPHIFFHL07CB,新興段,30.24,都市：住,34,1,持分移轉,00340000
RPSOMLPLPHIFFHL07CB,新興段,57.00,都市：住,1,1,全筆移轉,00340014
RPUOMLPLPHIFFHL27CB,新興段,30.24,都市：住,34,1,持分移轉,00340000
RPUOMLPLPHIFFHL27CB,新興段,55.00,都市：住,1,1,全筆移轉,00340018
RPRNMLTLPHIFFHL27CB,新興段,30.24,都市：住,34,1,持分移轉,00340000
RPRNMLTLPHIFFHL27CB,新興段,63.76,都市：住,1,1,全筆移轉,00340024
RPTOMLPLPHIFFHL17CB,新興段,30.24,都市：住,34,1,持分移轉,00340000
RPTOMLPLPHIFFHL17CB,新興段,55.00,都市：住,1,1,全筆移轉,00340016
RPQNMLTLPHIFFHL17CB,新興段,30.24,都市：住,34,1,持分移轉,00340000
RPQNMLTLPHIFFHL17CB,新興段,55.00,都市：住,1,1,全筆移轉,00340022
RPVOMLPLPHIFFHL37CB,新興段,30.24,都市：住,34,1,持分移轉,00340000
RPVOMLPLPHIFFHL37CB,新興段,55.00,都市：住,1,1,全筆移轉,00340020
RPTNMLTLPHIFFHL47CB,新興段,30.24,都市：住,34,1,持分移轉,00340000
RPTNMLTLPHIFFHL47CB,新興段,.02,都市：住,1,1,全筆移轉,00340035
RPTNMLTLPHIFFHL47CB,新興段,57.39,都市：住,1,1,全筆移轉,00340002
RPVNMLTLPHIFFHL67CB,新興段,30.24,都市：住,34,1,持分移轉,00340000
RPVNMLTLPHIFFHL67CB,新興段,63.36,都市：住,1,1,全筆移轉,00340004
RPUNMLTLPHIFFHL57CB,新興段,30.24,都市：住,34,1,持分移轉,00340000
RPUNMLTLPHIFFHL57CB,新興段,60.01,都市：住,1,1,全筆移轉,00340003
RPPOMLTLPHIFFHL17CB,新興段,30.24,都市：住,34,1,持分移轉,00340000
RPPOMLTLPHIFFHL17CB,新興段,66.77,都市：住,1,1,全筆移轉,00340007
RPOOMLTLPHIFFHL07CB,新興段,30.24,都市：住,34,1,持分移轉,00340000
RPOOMLTLPHIFFHL07CB,新興段,69.74,都市：住,1,1,全筆移轉,00340006
RPROMLTLPHIFFHL37CB,新興段,30.24,都市：住,34,1,持分移轉,00340000
RPROMLTLPHIFFHL37CB,新興段,61.92,都市：住,1,1,全筆移轉,00340008
RPWNMLTLPHIFFHL77CB,新興段,30.24,都市：住,34,1,持分移轉,00340000
RPWNMLTLPHIFFHL77CB,新興段,66.71,都市：住,1,1,全筆移轉,00340005
RPQOMLOKOHIFFGL09CB,溪南東段,103.01,非都市：鄉村區 ; 非都市編定：乙種建築用地,1,1,全筆移轉,07470011
RPQOMLOKOHIFFGL09CB,溪南東段,7.83,非都市：鄉村區 ; 非都市編定：交通用地,6,1,持分移轉,07460000
RPQOMLOKOHIFFGL09CB,溪南東段,33.17,非都市：鄉村區 ; 非都市編定：乙種建築用地,6,1,持分移轉,07470003
RPRPMLOKOHIFFGL66CB,溪南東段,88.00,非都市：鄉村區 ; 非都市編定：乙種建築用地,1,1,全筆移轉,07470012
RPRPMLOKOHIFFGL66CB,溪南東段,33.17,非都市：鄉村區 ; 非都市編定：乙種建築用地,6,1,持分移轉,07470003
RPRPMLOKOHIFFGL66CB,溪南東段,7.83,非都市：鄉村區 ; 非都市編定：交通用地,6,1,持分移轉,07460000
RPPPMLOKOHIFFGL09CB,溪南東段,98.00,非都市：鄉村區 ; 非都市編定：乙種建築用地,1,1,全筆移轉,07470004
RPPPMLOKOHIFFGL09CB,溪南東段,33.17,非都市：鄉村區 ; 非都市編定：乙種建築用地,6,1,持分移轉,07470003
RPPPMLOKOHIFFGL09CB,溪南東段,7.83,非都市：鄉村區 ; 非都市編定：交通用地,6,1,持分移轉,07460000
RPPPMLTLPHIFFHL27CB,新興段,30.24,都市：住,34,1,持分移轉,00340000
RPPPMLTLPHIFFHL27CB,新興段,61.79,都市：住,1,1,全筆移轉,00340025
RPQPMLTLPHIFFHL37CB,新興段,30.24,都市：住,34,1,持分移轉,00340000
RPQPMLTLPHIFFHL37CB,新興段,75.01,都市：住,1,1,全筆移轉,00340027
RPQPMLTLPHIFFHL37CB,新興段,.06,都市：住,1,1,全筆移轉,00340038
RPWOMLTLPHIFFHL87CB,新興段,30.24,都市：住,34,1,持分移轉,00340000
RPWOMLTLPHIFFHL87CB,新興段,55.00,都市：住,1,1,全筆移轉,00340019
RPUOMLTLPHIFFHL67CB,新興段,30.24,都市：住,34,1,持分移轉,00340000
RPUOMLTLPHIFFHL67CB,新興段,55.00,都市：住,1,1,全筆移轉,00340015
RPVOMLTLPHIFFHL77CB,新興段,30.24,都市：住,34,1,持分移轉,00340000
RPVOMLTLPHIFFHL77CB,新興段,55.00,都市：住,1,1,全筆移轉,00340017
RPSOMLTLPHIFFHL47CB,新興段,30.24,都市：住,34,1,持分移轉,00340000
RPSOMLTLPHIFFHL47CB,新興段,73.81,都市：住,1,1,全筆移轉,00340009
RPTPMLTLPHIFFHL67CB,新興段,30.24,都市：住,34,1,持分移轉,00340000
RPTPMLTLPHIFFHL67CB,新興段,71.50,都市：住,1,1,全筆移轉,00340030
RPSPMLTLPHIFFHL57CB,新興段,30.24,都市：住,34,1,持分移轉,00340000
RPSPMLTLPHIFFHL57CB,新興段,71.50,都市：住,1,1,全筆移轉,00340029
RPRPMLTLPHIFFHL47CB,新興段,30.24,都市：住,34,1,持分移轉,00340000
RPRPMLTLPHIFFHL47CB,新興段,71.50,都市：住,1,1,全筆移轉,00340028
RPOQMLTLPHIFFHL27CB,新興段,30.24,都市：住,34,1,持分移轉,00340000
RPOQMLTLPHIFFHL27CB,新興段,71.50,都市：住,1,1,全筆移轉,00340033
RPOPMLTLPHIFFHL17CB,新興段,30.24,都市：住,34,1,持分移轉,00340000
RPOPMLTLPHIFFHL17CB,新興段,55.00,都市：住,1,1,全筆移轉,00340023
RPVPMLTLPHIFFHL87CB,新興段,30.24,都市：住,34,1,持分移轉,00340000
RPVPMLTLPHIFFHL87CB,新興段,71.50,都市：住,1,1,全筆移轉,00340031
RPXOMLTLPHIFFHL97CB,新興段,30.24,都市：住,34,1,持分移轉,00340000
RPXOMLTLPHIFFHL97CB,新興段,55.00,都市：住,1,1,全筆移轉,00340021
RPWPMLTLPHIFFHL97CB,新興段,30.24,都市：住,34,1,持分移轉,00340000
RPWPMLTLPHIFFHL97CB,新興段,71.50,都市：住,1,1,全筆移轉,00340032
RPPQMLTLPHIFFHL37CB,新興段,30.24,都市：住,34,1,持分移轉,00340000
RPPQMLTLPHIFFHL37CB,新興段,74.86,都市：住,1,1,全筆移轉,00340034
RPQQMLTLPHIFFHL47CB,育賢段,73.67,都市：住,1,1,全筆移轉,00520002
RPQQMLTLPHIFFHL47CB,育賢段,10.01,都市：住,10000,103,持分移轉,00520000
RPSQMLTLPHIFFHL67CB,育賢段,10.01,都市：住,10000,103,持分移轉,00520000
RPSQMLTLPHIFFHL67CB,育賢段,70.69,都市：住,1,1,全筆移轉,00520004
RPSQMLTLPHIFFHL67CB,育賢段,4.50,都市：住,1,1,全筆移轉,00520043
RPUQMLTLPHIFFHL87CB,育賢段,10.01,都市：住,10000,103,持分移轉,00520000
RPUQMLTLPHIFFHL87CB,育賢段,77.70,都市：住,1,1,全筆移轉,00520006
RPUQMLTLPHIFFHL87CB,育賢段,4.23,都市：住,1,1,全筆移轉,00520045
RPVQMLTLPHIFFHL97CB,育賢段,10.01,都市：住,10000,103,持分移轉,00520000
RPVQMLTLPHIFFHL97CB,育賢段,82.75,都市：住,1,1,全筆移轉,00520007
RPRQMLTLPHIFFHL57CB,育賢段,10.01,都市：住,10000,103,持分移轉,00520000
RPRQMLTLPHIFFHL57CB,育賢段,70.20,都市：住,1,1,全筆移轉,00520003
RPRQMLTLPHIFFHL57CB,育賢段,4.23,都市：住,1,1,全筆移轉,00520042
RPTQMLTLPHIFFHL77CB,育賢段,10.01,都市：住,10000,103,持分移轉,00520000
RPTQMLTLPHIFFHL77CB,育賢段,79.35,都市：住,1,1,全筆移轉,00520005
RPTQMLTLPHIFFHL77CB,育賢段,4.86,都市：住,1,1,全筆移轉,00520044
RPORMLTLPHIFFHL37CB,育賢段,27.01,都市：住,10000,278,持分移轉,00520000
RPORMLTLPHIFFHL37CB,育賢段,66.51,都市：住,1,1,全筆移轉,00520009
RPXQMLTLPHIFFHL18CB,育賢段,10.01,都市：住,10000,103,持分移轉,00520000
RPXQMLTLPHIFFHL18CB,育賢段,85.16,都市：住,1,1,全筆移轉,00520008
RPPRMLTLPHIFFHL47CB,育賢段,27.01,都市：住,10000,278,持分移轉,00520000
RPPRMLTLPHIFFHL47CB,育賢段,66.66,都市：住,1,1,全筆移轉,00520010
RPQRMLTLPHIFFHL57CB,育賢段,27.01,都市：住,10000,278,持分移轉,00520000
RPQRMLTLPHIFFHL57CB,育賢段,69.68,都市：住,1,1,全筆移轉,00520011
RPRRMLTLPHIFFHL67CB,育賢段,27.01,都市：住,10000,278,持分移轉,00520000
RPRRMLTLPHIFFHL67CB,育賢段,72.71,都市：住,1,1,全筆移轉,00520012
RPQQMLTLPHIFFCB58CB,福德段,23.15,都市：住,10000,141,持分移轉,02750000
RPWRMLTLPHIFFCB66CB,福德段,22.99,都市：住,10000,140,持分移轉,02750000
RPTRMLTLPHIFFCB98CB,福德段,22.99,都市：住,10000,140,持分移轉,02750000
RPSRMLTLPHIFFCB88CB,福德段,22.99,都市：住,10000,140,持分移轉,02750000
RPUQMLTLPHIFFCB98CB,福德段,23.31,都市：住,10000,142,持分移轉,02750000
RPORMLTLPHIFFCB48CB,福德段,22.99,都市：住,10000,140,持分移轉,02750000
RPURMLTLPHIFFCB09CB,福德段,22.99,都市：住,10000,140,持分移轉,02750000
RPQRMLTLPHIFFCB68CB,福德段,22.99,都市：住,10000,140,持分移轉,02750000
RPXQMLTLPHIFFCB66CB,福德段,22.99,都市：住,10000,140,持分移轉,02750000
RPOSMLTLPHIFFCB58CB,福德段,22.99,都市：住,10000,140,持分移轉,02750000
RPRSMLTLPHIFFCB88CB,福德段,23.15,都市：住,10000,141,持分移轉,02750000
RPQSMLTLPHIFFCB78CB,福德段,23.15,都市：住,10000,141,持分移轉,02750000
RPSSMLTLPHIFFCB98CB,福德段,23.15,都市：住,10000,141,持分移轉,02750000
RPROMLKMPHIFFCB67CB,福德段,23.15,都市：住,10000,141,持分移轉,02750000
RPPSMLTLPHIFFCB68CB,福德段,23.31,都市：住,10000,142,持分移轉,02750000
RPSRMLTLPHIFFHL77CB,育賢段,27.01,都市：住,10000,278,持分移轉,00520000
RPSRMLTLPHIFFHL77CB,育賢段,75.73,都市：住,1,1,全筆移轉,00520013
RPVOMLKMPHIFFCB08CB,福德段,23.15,都市：住,10000,141,持分移轉,02750000
RPQOMLKMPHIFFCB57CB,福德段,22.99,都市：住,10000,140,持分移轉,02750000
RPWOMLKMPHIFFCB18CB,福德段,23.48,都市：住,10000,143,持分移轉,02750000
RPPOMLKMPHIFFCB47CB,福德段,23.15,都市：住,10000,141,持分移轉,02750000
RPUOMLKMPHIFFCB97CB,福德段,23.15,都市：住,10000,141,持分移轉,02750000
RPSPMLKMPHIFFCB87CB,福德段,16.75,都市：住,10000,102,持分移轉,02750000
RPTOMLKMPHIFFCB87CB,福德段,23.15,都市：住,10000,141,持分移轉,02750000
RPRPMLKMPHIFFCB77CB,福德段,16.75,都市：住,10000,102,持分移轉,02750000
RPVPMLKMPHIFFCB18CB,福德段,16.75,都市：住,10000,102,持分移轉,02750000
RPWPMLKMPHIFFCB28CB,福德段,16.75,都市：住,10000,102,持分移轉,02750000
RPOQMLKMPHIFFCB57CB,福德段,16.75,都市：住,10000,102,持分移轉,02750000
RPXPMLKMPHIFFCB38CB,福德段,16.75,都市：住,10000,102,持分移轉,02750000
RPSQMLKMPHIFFCB97CB,福德段,16.75,都市：住,10000,102,持分移轉,02750000
RPPQMLKMPHIFFCB67CB,福德段,16.75,都市：住,10000,102,持分移轉,02750000
RPUQMLKMPHIFFCB18CB,福德段,16.75,都市：住,10000,102,持分移轉,02750000
RPRQMLKMPHIFFCB87CB,福德段,16.75,都市：住,10000,102,持分移轉,02750000
RPVQMLKMPHIFFCB28CB,福德段,16.75,都市：住,10000,102,持分移轉,02750000
RPWQMLKMPHIFFCB38CB,福德段,16.75,都市：住,10000,102,持分移轉,02750000
RPTQMLKMPHIFFCB08CB,福德段,16.75,都市：住,10000,102,持分移轉,02750000
RPRTMLKMPHIFFCB18CB,福德段,16.75,都市：住,10000,102,持分移轉,02750000
RPQTMLKMPHIFFCB08CB,福德段,16.75,都市：住,10000,102,持分移轉,02750000
RPUTMLKMPHIFFCB48CB,福德段,16.75,都市：住,10000,102,持分移轉,02750000
RPPVMLKMPHIFFCB18CB,福德段,16.75,都市：住,10000,102,持分移轉,02750000
RPXUMLKMPHIFFCB88CB,福德段,16.75,都市：住,10000,102,持分移轉,02750000
RPSUMLKMPHIFFCB38CB,福德段,16.75,都市：住,10000,102,持分移轉,02750000
RPPUMLKMPHIFFCB08CB,福德段,16.75,都市：住,10000,102,持分移轉,02750000
RPVVMLKMPHIFFCB78CB,福德段,16.75,都市：住,10000,102,持分移轉,02750000
RPWTMLKMPHIFFCB68CB,福德段,16.91,都市：住,10000,103,持分移轉,02750000
RPRUMLKMPHIFFCB28CB,福德段,16.75,都市：住,10000,102,持分移轉,02750000
RPSTMLKMPHIFFCB28CB,福德段,16.75,都市：住,10000,102,持分移轉,02750000
RPQUMLKMPHIFFCB18CB,福德段,16.75,都市：住,10000,102,持分移轉,02750000
RPVTMLKMPHIFFCB58CB,福德段,16.75,都市：住,10000,102,持分移轉,02750000
RPSVMLKMPHIFFCB48CB,福德段,16.75,都市：住,10000,102,持分移轉,02750000
RPWVMLKMPHIFFCB88CB,福德段,16.75,都市：住,10000,102,持分移轉,02750000
RPXVMLKMPHIFFCB98CB,福德段,16.75,都市：住,10000,102,持分移轉,02750000
RPTNMLKMPHIFFHL66CB,育賢段,27.01,都市：住,10000,278,持分移轉,00520000
RPTNMLKMPHIFFHL66CB,育賢段,95.80,都市：住,1,1,全筆移轉,00520016
RPRNMLKMPHIFFHL09CB,育賢段,27.01,都市：住,10000,278,持分移轉,00520000
RPRNMLKMPHIFFHL09CB,育賢段,85.64,都市：住,1,1,全筆移轉,00520015
RPQNMLKMPHIFFHL98CB,育賢段,27.01,都市：住,10000,278,持分移轉,00520000
RPQNMLKMPHIFFHL98CB,育賢段,78.76,都市：住,1,1,全筆移轉,00520014
RPWNMLKMPHIFFHL96CB,育賢段,27.01,都市：住,10000,278,持分移轉,00520000
RPWNMLKMPHIFFHL96CB,育賢段,56.70,都市：住,1,1,全筆移轉,00520019
RPUNMLKMPHIFFHL76CB,新興段,27.20,都市：住,10000,280,持分移轉,00520000
RPUNMLKMPHIFFHL76CB,育賢段,133.02,都市：住,1,1,全筆移轉,00520017
RPVNMLKMPHIFFHL86CB,育賢段,27.01,都市：住,10000,278,持分移轉,00520000
RPVNMLKMPHIFFHL86CB,育賢段,66.45,都市：住,1,1,全筆移轉,00520018
RPOOMLKMPHIFFHL88CB,育賢段,27.01,都市：住,10000,278,持分移轉,00520000
RPOOMLKMPHIFFHL88CB,育賢段,56.70,都市：住,1,1,全筆移轉,00520021
RPXNMLKMPHIFFHL07CB,育賢段,27.01,都市：住,10000,278,持分移轉,00520000
RPXNMLKMPHIFFHL07CB,育賢段,56.70,都市：住,1,1,全筆移轉,00520020
RPPOMLKMPHIFFHL98CB,育賢段,27.01,都市：住,10000,278,持分移轉,00520000
RPPOMLKMPHIFFHL98CB,育賢段,56.70,都市：住,1,1,全筆移轉,00520022
RPQOMLKMPHIFFHL09CB,育賢段,27.01,都市：住,10000,278,持分移轉,00520000
RPQOMLKMPHIFFHL09CB,育賢段,56.70,都市：住,1,1,全筆移轉,00520023
RPSOMLKMPHIFFHL66CB,育賢段,27.01,都市：住,10000,278,持分移轉,00520000
RPSOMLKMPHIFFHL66CB,育賢段,56.70,都市：住,1,1,全筆移轉,00520024
RPTOMLKMPHIFFHL76CB,育賢段,27.01,都市：住,10000,278,持分移轉,00520000
RPTOMLKMPHIFFHL76CB,育賢段,57.16,都市：住,1,1,全筆移轉,00520025
RPUOMLKMPHIFFHL86CB,育賢段,27.01,都市：住,10000,278,持分移轉,00520000
RPUOMLKMPHIFFHL86CB,育賢段,59.95,都市：住,1,1,全筆移轉,00520026
RPWOMLKMPHIFFHL07CB,育賢段,27.01,都市：住,10000,278,持分移轉,00520000
RPWOMLKMPHIFFHL07CB,育賢段,59.40,都市：住,1,1,全筆移轉,00520028
RPXOMLKMPHIFFHL17CB,育賢段,27.01,都市：住,10000,278,持分移轉,00520000
RPXOMLKMPHIFFHL17CB,育賢段,59.40,都市：住,1,1,全筆移轉,00520029
RPVOMLKMPHIFFHL96CB,育賢段,27.01,都市：住,10000,278,持分移轉,00520000
RPVOMLKMPHIFFHL96CB,育賢段,59.40,都市：住,1,1,全筆移轉,00520027
RPOPMLKMPHIFFHL98CB,育賢段,27.01,都市：住,10000,278,持分移轉,00520000
RPOPMLKMPHIFFHL98CB,育賢段,59.41,都市：住,1,1,全筆移轉,00520030
RPPPMLKMPHIFFHL09CB,育賢段,27.01,都市：住,10000,278,持分移轉,00520000
RPPPMLKMPHIFFHL09CB,育賢段,59.41,都市：住,1,1,全筆移轉,00520031
RPQPMLKMPHIFFHL56CB,育賢段,27.01,都市：住,10000,278,持分移轉,00520000
RPQPMLKMPHIFFHL56CB,育賢段,59.41,都市：住,1,1,全筆移轉,00520032
RPRPMLKMPHIFFHL66CB,育賢段,27.01,都市：住,10000,278,持分移轉,00520000
RPRPMLKMPHIFFHL66CB,育賢段,59.41,都市：住,1,1,全筆移轉,00520033
RPUPMLKMPHIFFHL96CB,育賢段,27.01,都市：住,10000,278,持分移轉,00520000
RPUPMLKMPHIFFHL96CB,育賢段,56.70,都市：住,1,1,全筆移轉,00520036
RPTPMLKMPHIFFHL86CB,育賢段,27.01,都市：住,10000,278,持分移轉,00520000
RPTPMLKMPHIFFHL86CB,育賢段,61.67,都市：住,1,1,全筆移轉,00520035
RPSPMLKMPHIFFHL76CB,育賢段,27.01,都市：住,10000,278,持分移轉,00520000
RPSPMLKMPHIFFHL76CB,育賢段,65.43,都市：住,1,1,全筆移轉,00520034
RPUNMLLMPHIFFCB97CB,福德段,16.91,都市：住,10000,103,持分移轉,02750000
RPQOMLLMPHIFFCB67CB,福德段,16.75,都市：住,10000,102,持分移轉,02750000
RPUOMLLMPHIFFCB08CB,福德段,16.75,都市：住,10000,102,持分移轉,02750000
RPXOMLLMPHIFFCB38CB,福德段,16.75,都市：住,10000,102,持分移轉,02750000
RPTPMLLMPHIFFCB08CB,福德段,16.75,都市：住,10000,102,持分移轉,02750000
RPVPMLKMPHIFFHL07CB,育賢段,27.01,都市：住,10000,278,持分移轉,00520000
RPVPMLKMPHIFFHL07CB,育賢段,56.70,都市：住,1,1,全筆移轉,00520037
RPOQMLKMPHIFFHL09CB,育賢段,27.01,都市：住,10000,278,持分移轉,00520000
RPOQMLKMPHIFFHL09CB,育賢段,56.70,都市：住,1,1,全筆移轉,00520040
RPXPMLKMPHIFFHL27CB,育賢段,27.01,都市：住,10000,278,持分移轉,00520000
RPXPMLKMPHIFFHL27CB,育賢段,56.70,都市：住,1,1,全筆移轉,00520039
RPWPMLKMPHIFFHL17CB,育賢段,27.01,都市：住,10000,278,持分移轉,00520000
RPWPMLKMPHIFFHL17CB,育賢段,56.70,都市：住,1,1,全筆移轉,00520038
RPVPMLLMPHIFFCB28CB,福德段,16.75,都市：住,10000,102,持分移轉,02750000
RPPQMLKMPHIFFHL56CB,育賢段,27.01,都市：住,10000,278,持分移轉,00520000
RPPQMLKMPHIFFHL56CB,育賢段,59.32,都市：住,1,1,全筆移轉,00520041
RPWPMLLMPHIFFCB38CB,福德段,16.75,都市：住,10000,102,持分移轉,02750000
RPXPMLLMPHIFFCB48CB,福德段,16.75,都市：住,10000,102,持分移轉,02750000
RPOQMLLMPHIFFCB67CB,福德段,16.75,都市：住,10000,102,持分移轉,02750000
RPPQMLLMPHIFFCB77CB,福德段,16.75,都市：住,10000,102,持分移轉,02750000
RPSQMLLMPHIFFCB08CB,福德段,23.15,都市：住,10000,141,持分移轉,02750000
RPWQMLLMPHIFFCB48CB,福德段,23.15,都市：住,10000,141,持分移轉,02750000
RPRQMLLMPHIFFCB97CB,福德段,16.75,都市：住,10000,102,持分移轉,02750000
RPORMLLMPHIFFCB77CB,福德段,23.15,都市：住,10000,141,持分移轉,02750000
RPPRMLLMPHIFFCB87CB,福德段,23.15,都市：住,10000,141,持分移轉,02750000
RPRRMLLMPHIFFCB08CB,福德段,23.15,都市：住,10000,141,持分移轉,02750000
RPTRMLLMPHIFFCB28CB,福德段,23.15,都市：住,10000,141,持分移轉,02750000
RPURMLLMPHIFFCB38CB,福德段,23.15,都市：住,10000,141,持分移轉,02750000
RPTSMLLMPHIFFCB38CB,福德段,23.15,都市：住,10000,141,持分移轉,02750000
RPSSMLLMPHIFFCB28CB,福德段,23.15,都市：住,10000,141,持分移轉,02750000
RPVRMLLMPHIFFCB48CB,福德段,23.15,都市：住,10000,141,持分移轉,02750000
RPUSMLLMPHIFFCB48CB,福德段,23.15,都市：住,10000,141,持分移轉,02750000
RPPTMLLMPHIFFCB08CB,福德段,23.15,都市：住,10000,141,持分移轉,02750000
RPQSMLLMPHIFFCB08CB,福德段,23.15,都市：住,10000,141,持分移轉,02750000
RPTTMLLMPHIFFCB48CB,福德段,23.15,都市：住,10000,141,持分移轉,02750000
RPOTMLLMPHIFFCB97CB,福德段,23.15,都市：住,10000,141,持分移轉,02750000
RPRSMLLMPHIFFCB18CB,福德段,23.15,都市：住,10000,141,持分移轉,02750000
RPWSMLLMPHIFFCB68CB,福德段,23.15,都市：住,10000,141,持分移轉,02750000
RPRUMLLMPHIFFCB38CB,福德段,23.15,都市：住,10000,141,持分移轉,02750000
RPSUMLLMPHIFFCB48CB,福德段,23.15,都市：住,10000,141,持分移轉,02750000
RPTUMLLMPHIFFCB58CB,福德段,23.15,都市：住,10000,141,持分移轉,02750000
RPVUMLLMPHIFFCB78CB,福德段,23.15,都市：住,10000,141,持分移轉,02750000
RPPOMLLMPHIFFCL58CB,龍目井段水裡社小段,36.63,都市：住,35,1,持分移轉,01530000
RPPOMLLMPHIFFCL58CB,龍目井段水裡社小段,101.00,都市：住,1,1,全筆移轉,01530173
RPQOMLLMPHIFFCL68CB,龍目井段水裡社小段,36.63,都市：住,35,1,持分移轉,01530000
RPQOMLLMPHIFFCL68CB,龍目井段水裡社小段,101.00,都市：住,1,1,全筆移轉,01530172
RPUTMLLMPHIFFCB58CB,福德段,23.15,都市：住,10000,141,持分移轉,02750000
RPROMLLMPHIFFCL78CB,龍目井段水裡社小段,21.83,都市：住,30,1,持分移轉,01530175
RPROMLLMPHIFFCL78CB,龍目井段水裡社小段,112.00,都市：住,1,1,全筆移轉,01530205
RPSOMLLMPHIFFCL88CB,龍目井段水裡社小段,21.83,都市：住,30,1,持分移轉,01530175
RPSOMLLMPHIFFCL88CB,龍目井段水裡社小段,103.00,都市：住,1,1,全筆移轉,01530203
RPOOMLLMPHIFFCL48CB,龍目井段水裡社小段,144.00,都市：住,1,1,全筆移轉,01530174
RPOOMLLMPHIFFCL48CB,龍目井段水裡社小段,36.63,都市：住,35,1,持分移轉,01530000
RPUOMLLMPHIFFCL09CB,龍目井段水裡社小段,21.83,都市：住,30,1,持分移轉,01530175
RPUOMLLMPHIFFCL09CB,龍目井段水裡社小段,104.00,都市：住,1,1,全筆移轉,01530197
RPVOMLLMPHIFFCL56CB,龍目井段水裡社小段,21.83,都市：住,30,1,持分移轉,01530175
RPVOMLLMPHIFFCL56CB,龍目井段水裡社小段,104.00,都市：住,1,1,全筆移轉,01530196
RPXOMLLMPHIFFCL76CB,龍目井段水裡社小段,21.83,都市：住,30,1,持分移轉,01530175
RPXOMLLMPHIFFCL76CB,龍目井段水裡社小段,104.00,都市：住,1,1,全筆移轉,01530194
RPOPMLLMPHIFFCL58CB,龍目井段水裡社小段,21.83,都市：住,30,1,持分移轉,01530175
RPOPMLLMPHIFFCL58CB,龍目井段水裡社小段,104.00,都市：住,1,1,全筆移轉,01530193
RPQPMLLMPHIFFCL78CB,龍目井段水裡社小段,21.83,都市：住,30,1,持分移轉,01530175
RPQPMLLMPHIFFCL78CB,龍目井段水裡社小段,144.00,都市：住,1,1,全筆移轉,01530191
RPTOMLLMPHIFFCL98CB,龍目井段水裡社小段,21.83,都市：住,30,1,持分移轉,01530175
RPTOMLLMPHIFFCL98CB,龍目井段水裡社小段,104.00,都市：住,1,1,全筆移轉,01530198
RPWOMLLMPHIFFCL66CB,龍目井段水裡社小段,21.83,都市：住,30,1,持分移轉,01530175
RPWOMLLMPHIFFCL66CB,龍目井段水裡社小段,104.00,都市：住,1,1,全筆移轉,01530195
RPTPMLLMPHIFFCL09CB,龍目井段水裡社小段,21.83,都市：住,30,1,持分移轉,01530175
RPTPMLLMPHIFFCL09CB,龍目井段水裡社小段,89.00,都市：住,1,1,全筆移轉,01530177
RPPPMLLMPHIFFCL68CB,龍目井段水裡社小段,21.83,都市：住,30,1,持分移轉,01530175
RPPPMLLMPHIFFCL68CB,龍目井段水裡社小段,104.00,都市：住,1,1,全筆移轉,01530192
RPSPMLLMPHIFFCL98CB,龍目井段水裡社小段,21.83,都市：住,30,1,持分移轉,01530175
RPSPMLLMPHIFFCL98CB,龍目井段水裡社小段,95.00,都市：住,1,1,全筆移轉,01530176
RPQQMLLMPHIFFCL88CB,龍目井段水裡社小段,21.83,都市：住,30,1,持分移轉,01530175
RPQQMLLMPHIFFCL88CB,龍目井段水裡社小段,89.00,都市：住,1,1,全筆移轉,01530184
RPXPMLLMPHIFFCL86CB,龍目井段水裡社小段,21.83,都市：住,30,1,持分移轉,01530175
RPXPMLLMPHIFFCL86CB,龍目井段水裡社小段,89.00,都市：住,1,1,全筆移轉,01530181
RPWPMLLMPHIFFCL76CB,龍目井段水裡社小段,21.83,都市：住,30,1,持分移轉,01530175
RPWPMLLMPHIFFCL76CB,龍目井段水裡社小段,89.00,都市：住,1,1,全筆移轉,01530180
RPUPMLLMPHIFFCL56CB,龍目井段水裡社小段,21.83,都市：住,30,1,持分移轉,01530175
RPUPMLLMPHIFFCL56CB,龍目井段水裡社小段,89.00,都市：住,1,1,全筆移轉,01530178
RPPQMLLMPHIFFCL78CB,龍目井段水裡社小段,21.83,都市：住,30,1,持分移轉,01530175
RPPQMLLMPHIFFCL78CB,龍目井段水裡社小段,89.00,都市：住,1,1,全筆移轉,01530183
RPVPMLLMPHIFFCL66CB,龍目井段水裡社小段,21.83,都市：住,30,1,持分移轉,01530175
RPVPMLLMPHIFFCL66CB,龍目井段水裡社小段,89.00,都市：住,1,1,全筆移轉,01530179
RPOQMLLMPHIFFCL68CB,龍目井段水裡社小段,21.83,都市：住,30,1,持分移轉,01530175
RPOQMLLMPHIFFCL68CB,龍目井段水裡社小段,89.00,都市：住,1,1,全筆移轉,01530182
RPSQMLLMPHIFFCL09CB,龍目井段水裡社小段,21.83,都市：住,30,1,持分移轉,01530175
RPSQMLLMPHIFFCL09CB,龍目井段水裡社小段,89.00,都市：住,1,1,全筆移轉,01530186
RPRQMLLMPHIFFCL98CB,龍目井段水裡社小段,21.83,都市：住,30,1,持分移轉,01530175
RPRQMLLMPHIFFCL98CB,龍目井段水裡社小段,89.00,都市：住,1,1,全筆移轉,01530185
RPTQMLLMPHIFFCL56CB,龍目井段水裡社小段,21.83,都市：住,30,1,持分移轉,01530175
RPTQMLLMPHIFFCL56CB,龍目井段水裡社小段,89.00,都市：住,1,1,全筆移轉,01530187
RPUQMLLMPHIFFCL66CB,龍目井段水裡社小段,21.83,都市：住,30,1,持分移轉,01530175
RPUQMLLMPHIFFCL66CB,龍目井段水裡社小段,89.00,都市：住,1,1,全筆移轉,01530188
RPWQMLLMPHIFFCL86CB,龍目井段水裡社小段,21.83,都市：住,30,1,持分移轉,01530175
RPWQMLLMPHIFFCL86CB,龍目井段水裡社小段,148.00,都市：住,1,1,全筆移轉,01530190
RPVQMLLMPHIFFCL76CB,龍目井段水裡社小段,21.83,都市：住,30,1,持分移轉,01530175
RPVQMLLMPHIFFCL76CB,龍目井段水裡社小段,89.00,都市：住,1,1,全筆移轉,01530189
RPXQMLLMPHIFFCL96CB,龍目井段水裡社小段,36.63,都市：住,35,1,持分移轉,01530000
RPXQMLLMPHIFFCL96CB,龍目井段水裡社小段,97.00,都市：住,1,1,全筆移轉,01530214
RPORMLLMPHIFFCL78CB,龍目井段水裡社小段,36.63,都市：住,35,1,持分移轉,01530000
RPORMLLMPHIFFCL78CB,龍目井段水裡社小段,85.00,都市：住,1,1,全筆移轉,01530219
RPPRMLLMPHIFFCL88CB,龍目井段水裡社小段,36.63,都市：住,35,1,持分移轉,01530000
RPPRMLLMPHIFFCL88CB,龍目井段水裡社小段,85.00,都市：住,1,1,全筆移轉,01530220
RPQRMLLMPHIFFCL98CB,龍目井段水裡社小段,36.63,都市：住,35,1,持分移轉,01530000
RPQRMLLMPHIFFCL98CB,龍目井段水裡社小段,85.00,都市：住,1,1,全筆移轉,01530221
RPSRMLLMPHIFFCL56CB,龍目井段水裡社小段,36.63,都市：住,35,1,持分移轉,01530000
RPSRMLLMPHIFFCL56CB,龍目井段水裡社小段,85.00,都市：住,1,1,全筆移轉,01530223
RPRRMLLMPHIFFCL09CB,龍目井段水裡社小段,36.63,都市：住,35,1,持分移轉,01530000
RPRRMLLMPHIFFCL09CB,龍目井段水裡社小段,85.00,都市：住,1,1,全筆移轉,01530222
RPSSMLLMPHIFFCL66CB,龍目井段水裡社小段,36.63,都市：住,35,1,持分移轉,01530000
RPSSMLLMPHIFFCL66CB,龍目井段水裡社小段,143.00,都市：住,1,1,全筆移轉,01530210
RPSSMLLMPHIFFCL66CB,龍目井段水裡社小段,4.00,都市：住,1,1,全筆移轉,01530206
RPRSMLLMPHIFFCL56CB,龍目井段水裡社小段,36.63,都市：住,35,1,持分移轉,01530000
RPRSMLLMPHIFFCL56CB,龍目井段水裡社小段,127.00,都市：住,1,1,全筆移轉,01530230
RPRSMLLMPHIFFCL56CB,龍目井段水裡社小段,13.00,都市：住,1,1,全筆移轉,01530251
RPUSMLLMPHIFFCL86CB,龍目井段水裡社小段,197.00,都市：住,1,1,全筆移轉,01670007
RPTSMLLMPHIFFCL76CB,龍目井段水裡社小段,36.63,都市：住,35,1,持分移轉,01530000
RPTSMLLMPHIFFCL76CB,龍目井段水裡社小段,140.00,都市：住,1,1,全筆移轉,01530211
RPTSMLLMPHIFFCL76CB,龍目井段水裡社小段,5.00,都市：住,1,1,全筆移轉,01530207
RPOSMLLMPHIFFCL88CB,龍目井段水裡社小段,36.63,都市：住,35,1,持分移轉,01530000
RPOSMLLMPHIFFCL88CB,龍目井段水裡社小段,147.00,都市：住,1,1,全筆移轉,01530240
RPOSMLLMPHIFFCL88CB,龍目井段水裡社小段,11.00,都市：住,1,1,全筆移轉,01530241
RPWRMLLMPHIFFCL96CB,龍目井段水裡社小段,36.63,都市：住,35,1,持分移轉,01530000
RPWRMLLMPHIFFCL96CB,龍目井段水裡社小段,85.00,都市：住,1,1,全筆移轉,01530227
RPURMLLMPHIFFCL76CB,龍目井段水裡社小段,36.63,都市：住,35,1,持分移轉,01530000
RPURMLLMPHIFFCL76CB,龍目井段水裡社小段,85.00,都市：住,1,1,全筆移轉,01530225
RPTRMLLMPHIFFCL66CB,龍目井段水裡社小段,36.63,都市：住,35,1,持分移轉,01530000
RPTRMLLMPHIFFCL66CB,龍目井段水裡社小段,85.00,都市：住,1,1,全筆移轉,01530224
RPQSMLLMPHIFFCL09CB,龍目井段水裡社小段,36.63,都市：住,35,1,持分移轉,01530000
RPQSMLLMPHIFFCL09CB,龍目井段水裡社小段,89.00,都市：住,1,1,全筆移轉,01530238
RPQSMLLMPHIFFCL09CB,龍目井段水裡社小段,9.00,都市：住,1,1,全筆移轉,01530243
RPVRMLLMPHIFFCL86CB,龍目井段水裡社小段,36.63,都市：住,35,1,持分移轉,01530000
RPVRMLLMPHIFFCL86CB,龍目井段水裡社小段,85.00,都市：住,1,1,全筆移轉,01530226
RPPSMLLMPHIFFCL98CB,龍目井段水裡社小段,36.63,都市：住,35,1,持分移轉,01530000
RPPSMLLMPHIFFCL98CB,龍目井段水裡社小段,89.00,都市：住,1,1,全筆移轉,01530239
RPPSMLLMPHIFFCL98CB,龍目井段水裡社小段,9.00,都市：住,1,1,全筆移轉,01530242
RPXRMLLMPHIFFCL07CB,龍目井段水裡社小段,36.63,都市：住,35,1,持分移轉,01530000
RPXRMLLMPHIFFCL07CB,龍目井段水裡社小段,85.00,都市：住,1,1,全筆移轉,01530228
