﻿編號,土地位置,土地移轉面積(平方公尺),使用分區或編定,權利人持分分母,權利人持分分子,移轉情形,地號
The serial number, land position,land shifting area square meter,the use zoning or compiles and checks,,,,land parcel
RPPPMLMJNHIFFAF57CC,幸福段,1.70,都市：住,,,,01220000
RPWOMLMJNHIFFDF48CC,水源段,.00,都市：住,,,,03100000
RPTOMLMJNHIFFGF48CC,雙園段,.00,都市：住,,,,05720000
RPWOMLMJNHIFFGF78CC,正義北段,.00,都市：商,,,,09580000
RPXOMLMJNHIFFDF58CC,智興段,.00,都市：商,,,,04500000
RPPPMLMJNHIFFDF87CC,昊天段,.00,都市：住,,,,13180000
RPPPMLMJNHIFFDF87CC,昊天段,.00,都市：住,,,,13180001
RPQNMLMJNHIFFHF18CC,中原段,38.07,都市：工,,,,08190000
RPRNMLMJNHIFFIF38CC,大學段一小段,218.00,都市：住,,,,00820000
RPRQMLNJNHIFFIF78CC,大學段一小段,10.07,都市：商,,,,00530000
RPTQMLNJNHIFFIF98CC,大學段二小段,.00,都市：住,,,,00470000
RPPPMLNJNHIFFDF18EC,新峰段,.00,都市：住,,,,13110000
RPTQMLNJNHIFFHF88CC,大華段,30.25,都市：住,,,,05830000
RPSQMLNJNHIFFIF09EC,大學段二小段,11.56,都市：商,,,,00930000
RPROMLNJNHIFFCF97CC,民權段,49.74,都市：住,,,,02050000
RPTNMLNJNHIFFCF08CC,寶元段,.00,都市：工,,,,01090000
RPPQMLNJNHIFFHF48CC,保平段,32.05,都市：住,,,,09850000
RPVQMLNJNHIFFAF38CC,仁愛段,.00,都市：其他:板橋都市計畫 專一(B),,,,11990001
RPTRMLNJNHIFFAF28CC,文化段,.00,都市：住,,,,11980000
RPSNMLOJNHIFFAF87CC,幸福段,19.50,都市：住,,,,14760010
RPRNMLOJNHIFFAF77CC,幸福段,19.50,都市：住,,,,14760010
RPWQMLNJNHIFFEF88CC,新興段,.00,都市：住,,,,05170000
RPVNMLOJNHIFFAF18CC,中山段,.00,都市：住,,,,00150026
RPVNMLOJNHIFFAF18CC,中山段,.00,都市：住,,,,00310002
RPROMLOJNHIFFAF87CC,中山段,.00,都市：住,,,,00160035
RPTNMLOJNHIFFAF97CC,樂利段,.00,都市：住,,,,06830000
RPQNMLOJNHIFFBF77CC,中原段,.00,都市：住,,,,00740000
RPPQMLMJNHIFFBF77CC,泰山段一小段,27.93,都市：住,,,,06680000
RPXPMLLJNHIFFBF38CC,和平段,8.63,都市：住,,,,07140000
RPRQMLMJNHIFFBF97CC,泰山段三小段,22.00,都市：住,,,,03610021
RPSNMLOJNHIFFBF97CC,光明段,.00,都市：住,,,,02100000
RPUNMLOJNHIFFBF18CC,榮富段,.00,都市：住,,,,09060000
RPWNMLOJNHIFFBF38CC,自強段,.00,都市：住,,,,08410000
RPOOMLOJNHIFFBF67CC,泰山段二小段,.00,都市：住,,,,00300000
RPRNMLOJNHIFFBF87CC,安和段,.00,都市：工,,,,03850000
RPQOMLOJNHIFFBF87CC,榮富段,.00,都市：其他:店鋪.集合住宅,,,,04850000
RPQNMLOJNHIFFGF28CC,光華段,.00,都市：住,,,,14950000
RPPOMLOJNHIFFBF77CC,後港段,.00,都市：住,,,,08230000
RPPNMLOJNHIFFIF38CC,國姓段,107.95,都市：住,,,,13700002
RPQNMLOJNHIFFIF48CC,大學段二小段,13.31,都市：住,,,,00320000
RPRNMLOJNHIFFIF58CC,大仁段,24.70,都市：商,,,,07680000
RPSNMLOJNHIFFIF68CC,大學段二小段,17.90,都市：住,,,,01040000
RPPNMLPJNHIFFDF97CC,智興段,.00,都市：住,,,,02650000
RPPNMLPJNHIFFDF97CC,智興段,.00,都市：其他:道路用地,,,,02650001
RPQNMLPJNHIFFDF08CC,智興段,.00,都市：商,,,,04410000
RPRNMLPJNHIFFDF18CC,智興段,.00,都市：商,,,,04710000
RPRNMLPJNHIFFDF18CC,智興段,.00,都市：住,,,,04760000
RPUOMLQJNHIFFCF58CC,建國段,.00,都市：住,,,,01950000
RPPOMLQJNHIFFGF48CC,重陽段,67.64,都市：住,,,,01820000
RPSNMLQJNHIFFEF48CC,新興段,2.61,都市：住,,,,06470000
RPSNMLQJNHIFFEF48CC,新興段,.01,都市：住,,,,06470001
RPQOMLQJNHIFFEF38CC,海天段,.00,都市：商,,,,02250000
RPWNMLMJNHIFFAF28EC,樂利段,65.00,都市：住,,,,01370000
RPQOMLRJNHIFFCF28CC,中央段,.00,都市：住,,,,05970000
RPQOMLMJNHIFFAF77EC,大安段,56.55,都市：工,,,,07450000
RPUOMLRJNHIFFCF68CC,復興段,1801.57,非都市： ; 非都市編定：,,,,05610000
RPXOMLRJNHIFFCF98CC,復興段,1646.04,非都市： ; 非都市編定：,,,,04160000
RPTROLRJNHIFFAF88CC,文化段,.00,都市：住,,,,11980000
RPWTOLRJNHIFFAF76CC,沛陂段,1443.56,都市：工,,,,00800000
RPUPPLRJNHIFFAF88CC,文化段,2.18,都市：住,,,,11980000
RPVNMLRJNHIFFHF56CC,板南段,.00,非都市： ; 非都市編定：,,,,03180000
RPOPMLQJNHIFFHF58CC,得林段,25.61,都市：住,,,,03340000
RPOOMLQJNHIFFDF08CC,鄉長厝段過港小段,13.08,都市：住,,,,00260000
RPUUMLRJNHIFFBF66DC,思源段,19.29,都市：住,,,,16030000
RPUUMLRJNHIFFBF66DC,思源段,22.56,都市：住,,,,16040000
RPXNMLRJNHIFFEF56DC,鄧公段,38.63,都市：住,,,,06030000
RPSUPLSJNHIFFAF86EC,土城段,28.07,都市：住,,,,06050000
RPUQQLSJNHIFFAF76EC,員福段,23.06,都市：住,,,,04150000
RPQOQLSJNHIFFAF78EC,員和段,.71,都市：住,,,,11880000
RPQOQLSJNHIFFAF78EC,員和段,1.81,都市：住,,,,11890000
RPSRMLSJNHIFFBF98EC,四維段,9.99,都市：住,,,,07300000
RPTUQLSJNHIFFAF86CC,大庭段,.00,都市：住,,,,14890000
RPUPMLRJNHIFFHF76DC,新和段,23.12,都市：住,,,,03250000
RPTNMLOJNHIFFHF78DC,文化段,.00,都市：住,,,,00860000
RPSNMLOJNHIFFHF68DC,文化段,.00,都市：住,,,,00860000
RPSQMLTJNHIFFGF66CC,正義北段,.00,都市：商,,,,04620000
RPQOOLTJNHIFFAF48CC,重慶段,.00,都市：住,,,,12400000
RPTOMLTJNHIFFDF09EC,保長段,6.70,都市：住,,,,09950000
RPWQMLTJNHIFFCF76DC,北新段,33.58,都市：住,,,,03900000
RPWRMLSJNHIFFHF27DC,文化段,.00,都市：住,,,,00860000
RPXRMLSJNHIFFHF37DC,文化段,.00,都市：住,,,,00860000
RPSOMLOJNHIFFBF08CC,後港段,.00,都市：商,,,,07360000
RPWQMLQJNHIFFBF88CC,行政段,11.69,都市：住,,,,06930000
RPWRMLKKNHIFFBF58DC,中原段,23.21,都市：住,,,,03210000
RPOQPLKKNHIFFAF77CC,江子翠段第三崁小段,29.66,都市：住,,,,02170003
RPTNMLKKNHIFFCF97DC,復興段,77.39,都市：工,,,,02030000
RPOQMLKKNHIFFCF77DC,寶強段,.00,非都市： ; 非都市編定：,,,,06010000
RPOQMLKKNHIFFCF77DC,寶強段,.00,非都市： ; 非都市編定：,,,,06010001
RPOQMLKKNHIFFCF77DC,寶強段,.00,非都市： ; 非都市編定：,,,,06010002
RPOQMLKKNHIFFCF77DC,寶強段,.00,非都市： ; 非都市編定：,,,,06010003
RPQPMLKKNHIFFCF87DC,寶強段,.00,非都市： ; 非都市編定：,,,,06010000
RPQPMLKKNHIFFCF87DC,寶強段,.00,非都市： ; 非都市編定：,,,,06010001
RPQPMLKKNHIFFCF87DC,寶強段,.00,非都市： ; 非都市編定：,,,,06010002
RPQPMLKKNHIFFCF87DC,寶強段,.00,非都市： ; 非都市編定：,,,,06010003
RPVPMLSJNHIFFBF88CC,泰山段三小段,2694.23,都市：其他:,,,,06580001
RPTOMLSJNHIFFBF58CC,佳林段,.00,都市：其他:,,,,07550000
RPUOMLTJNHIFFBF78CC,建林段,10.93,都市：商,,,,00160000
RPTQMLKKNHIFFCF18CC,建國段,.00,都市：住,,,,02650000
RPVQMLKKNHIFFGF78CC,光興段,83.72,非都市： ; 非都市編定：,,,,00100000
RPPNMLLKNHIFFGF97CC,二重埔段頂崁小段,.00,都市：工,,,,06530004
RPRNMLLKNHIFFGF18CC,二重埔段五谷王小段,.00,都市：住,,,,00960011
RPOURLKKNHIFFAF38CC,文化段,.00,都市：住,,,,11980000
RPXQRLKKNHIFFAF88CC,中山段,.00,都市：其他:第一種特定專用區,,,,06680000
RPUTRLKKNHIFFAF88CC,中山段,.00,都市：其他:第一種特定專用區,,,,06680000
RPONRLKKNHIFFAF67CC,海山段,.00,都市：住,,,,20970000
RPUOMLTJNHIFFDF56EC,保長段,12.63,都市：住,,,,09950000
RPQNMLLKNHIFFIF28CC,大學段一小段,18.15,都市：住,,,,01020000
RPPOMLKKNHIFFIF18CC,大學段二小段,31.94,都市：商,,,,00880000
RPQNMLMKNHIFFCF77CC,民安段,.00,都市：住,,,,11590000
RPUOMLSJNHIFFIF76CC,復興段,27.25,都市：住,,,,00270000
RPWOMLNKNHIFFIF56CC,德昌段,2200.00,都市：農,,,,08360000
RPWOMLNKNHIFFIF56CC,德昌段,1100.00,都市：農,,,,08380000
RPTNMLMKNHIFFIF68CC,大學段一小段,21.09,都市：住,,,,01500000
RPRNMLMKNHIFFIF48CC,大學段一小段,24.43,都市：商,,,,00520000
RPVNMLMKNHIFFIF88CC,大學段一小段,22.70,都市：住,,,,01830000
RPXNMLLKNHIFFBF28CC,榮和段,.00,都市：住,,,,07840000
RPVNMLLKNHIFFBF08CC,中泰段,.00,都市：住,,,,11970000
RPUNMLLKNHIFFBF97CC,榮富段,.00,都市：住,,,,08530000
RPSNMLLKNHIFFBF77CC,榮富段,.00,都市：住,,,,06580000
RPSSMLKKNHIFFBF18CC,四維段,19.50,都市：住,,,,06420000
RPTNMLLKNHIFFBF87CC,榮富段,.00,都市：住,,,,08460000
RPQPMLNKNHIFFIF68CC,大學段一小段,10.86,都市：住,,,,01860000
RPXOMLNKNHIFFIF66CC,礁溪段,10.38,都市：住,,,,04360004
RPRWMLNKNHIFFEF09CC,新市段,15.81,都市：住,,,,00120000
RPVUMLNKNHIFFBF98CC,泰山段三小段,.00,都市：住,,,,05680009
RPOVMLNKNHIFFBF38CC,昌隆段,.00,都市：住,,,,00600000
RPXUMLNKNHIFFBF56CC,思賢段,.00,都市：商,,,,07760000
RPWUMLNKNHIFFBF09CC,榮富段,.00,都市：住,,,,03300000
RPUNMLNKNHIFFDF38CC,智興段,.00,都市：住,,,,01040000
RPUQMLNKNHIFFEF88DC,公司田段,21.57,都市：住,,,,00350000
RPTNMLNKNHIFFDF28CC,智興段,.00,都市：商,,,,05070000
RPORMLNKNHIFFEF38DC,公司田段,20.15,都市：住,,,,00390000
RPTPMLOKNHIFFEF78DC,正德段,1178.64,非都市： ; 非都市編定：,,,,07460000
RPSVOLOKNHIFFAF98CC,忠孝段,9.80,都市：住,,,,08580000
RPTVMLNKNHIFFBF88CC,榮富段,.00,都市：住,,,,01670000
RPWVMLNKNHIFFBF56CC,中原段,.00,都市：住,,,,00740000
RPSVMLNKNHIFFBF78CC,自立段,.00,都市：住,,,,10520000
RPRVMLNKNHIFFBF68CC,和平段,.00,都市：商,,,,04400000
RPPOMLOKNHIFFCF97CC,莊敬段,.00,非都市： ; 非都市編定：,,,,07780000
RPOPMLOKNHIFFCF97CC,復興段,.00,非都市： ; 非都市編定：,,,,04330000
RPOPMLOKNHIFFCF97CC,復興段,.00,非都市： ; 非都市編定：,,,,04340000
RPRNMLOKNHIFFCF08CC,埔新段,.00,非都市： ; 非都市編定：,,,,02050000
RPSOMLOKNHIFFCF28CC,寶橋段,.00,非都市： ; 非都市編定：,,,,04450000
RPQPMLOKNHIFFCF18CC,寶橋段,.00,非都市： ; 非都市編定：,,,,00640000
RPOPMLOKNHIFFIF58CC,樹新段,29.40,都市：住,,,,01240000
RPRPMLOKNHIFFCF28CC,順安段,.00,都市：住,,,,08550000
RPPRMLOKNHIFFHF78CC,福美段,.00,都市：住,,,,04900000
RPXNMLPKNHIFFHF66CC,員山段,21.68,都市：工,,,,01420000
RPPRMLPKNHIFFHF88CC,得林段,26.94,都市：住,,,,04730000
RPVNNLOKNHIFFBF48CC,和平段,.00,都市：住,,,,00010000
RPOTMLOKNHIFFBF28CC,復興段,.00,都市：住,,,,02440000
RPOTMLOKNHIFFBF28CC,復興段,.00,都市：住,,,,02450000
RPWTMLOKNHIFFBF09CC,中原段,.00,都市：住,,,,02830000
RPOSMLOKNHIFFBF18CC,力行段,24.31,都市：住,,,,03060000
RPTNNLOKNHIFFBF28CC,中泰段,.00,都市：住,,,,02010000
RPQTMLPKNHIFFBF58CC,鴻福段,255.90,都市：工,,,,03430000
RPWVMLPKNHIFFAF66CC,公館段,10.15,都市：商,,,,13650000
RPXRMLPKNHIFFBF09CC,力行段,29.53,都市：住,,,,11970000
RPPNOLQKNHIFFAF08CC,介壽段,22.20,都市：住,,,,02440000
RPXONLPKNHIFFBF88CC,力行段,29.63,都市：商,,,,02590002
RPOQMLQKNHIFFHF78CC,健康段,242.88,都市：工,,,,08390000
RPPQMLQKNHIFFCF38CC,明德段,.00,都市：住,,,,05140000
RPQRMLQKNHIFFHF09CC,橋和段,76.76,都市：工,,,,01290000
RPRQMLQKNHIFFHF09CC,民權段,.59,都市：商,,,,04780000
RPSOMLQKNHIFFEF68CC,海天段,25.92,都市：住,,,,01880000
RPROMLRKNHIFFGF98DC,光華段,990.00,都市：住,,,,09750000
RPTPMLQKNHIFFHF66DC,文化段,.00,都市：住,,,,00860000
RPORMLRKNHIFFCF68EC,永安段,168.44,都市：住,,,,00380000
RPPOMLRKNHIFFHF78CC,水源段,.00,都市：商,,,,01820000
RPSPMLRKNHIFFHF56CC,水源段,.00,都市：商,,,,01820000
RPVPMLNKNHIFFGF98CC,富貴段,.00,都市：其他:住商用,,,,06430000
RPORMLRKNHIFFBF38CC,中原段,21.98,都市：住,,,,00560000
RPWPMLRKNHIFFBF98CC,丹鳳段,.00,都市：住,,,,02380000
RPSQNLPKNHIFFBF58CC,國宅段,17.29,都市：住,,,,00180000
RPSNMLRKNHIFFIF09CC,二橋段,14.51,都市：住,,,,04890000
RPSNMLRKNHIFFIF09CC,二橋段,22.61,都市：住,,,,04900000
RPSPNLQKNHIFFBF58CC,雙鳳段,.00,都市：住,,,,03600000
RPRNMLSKNHIFFDF58CC,智興段,11.83,都市：住,,,,01040000
RPTNMLSKNHIFFDF78CC,智興段,30.55,都市：住,,,,03590000
RPPNMLSKNHIFFBF28DC,五工段,1115.40,都市：其他:丁種建築用地,,,,02170000
RPUNMLSKNHIFFDF88CC,智興段,4.98,都市：住,,,,00410000
RPSNMLSKNHIFFDF68CC,智興段,7.14,都市：住,,,,02890000
RPUONLKLNHIFFAF28EC,海山段,14.49,都市：住,,,,10860000
RPXOMLKLNHIFFHF56EC,竹林段,25.60,都市：住,,,,02550000
RPUTMLKLNHIFFAF68EC,江子翠段第一崁小段,25.00,都市：住,,,,01020142
RPSOMLKLNHIFFDF08CC,昊天段,.00,都市：住,,,,11800000
RPTOMLKLNHIFFDF18CC,智興段,.00,都市：商,,,,05110000
RPXOMLKLNHIFFDF58CC,智興段,.00,都市：商,,,,05060000
RPTVMLKLNHIFFAF58CC,文化段,.00,都市：住,,,,11980000
RPTWNLKLNHIFFAF78CC,江子翠段第三崁小段,.00,都市：住,,,,03520017
RPTWNLKLNHIFFAF78CC,江子翠段溪頭小段,.00,都市：住,,,,01320000
RPTOMLKLNHIFFIF68CC,大學段一小段,11.32,都市：住,,,,00110000
RPSOMLRKNHIFFHF56DC,福和段,31.25,都市：住,,,,08000000
RPSQMLQKNHIFFEF88CC,公司田段,.00,都市：住,,,,01920000
RPRQMLQKNHIFFCF58CC,中華段,51.43,都市：住,,,,00350000
RPXSMLRKNHIFFBF76CC,國宅段,46.45,都市：住,,,,00400000
RPXVMLRKNHIFFBF07CC,建林段,31.56,都市：住,,,,08630000
RPONNLKLNHIFFBF47CC,中原段,377.60,都市：住,,,,00290000
RPUQMLKLNHIFFBF28CC,德音段,.00,都市：住,,,,02860000
RPOOMLLLNHIFFEF87CC,中正段,3.42,都市：商,,,,05490000
RPRQMLLLNHIFFEF38CC,公司田段,24.83,都市：住,,,,00100001
RPTRMLLLNHIFFEF68CC,馬偕段,11.70,都市：住,,,,06190000
RPWSMLLLNHIFFEF09CC,公司田段,10.03,都市：住,,,,01930000
RPUNMLLLNHIFFEF38CC,中興段,8.11,都市：住,,,,01730000
RPUNMLLLNHIFFHF68CC,連城段,42.24,都市：住,,,,06200000
RPTOMLLLNHIFFHF68CC,景平段,9.55,都市：住,,,,03530000
RPRSMLLLNHIFFBF28CC,南林段,82.12,都市：住,,,,06070000
RPTSMLLLNHIFFBF48CC,國宅段,148.46,都市：住,,,,00010000
RPXWMLLLNHIFFBF66CC,同榮段,23.68,都市：住,,,,05450000
RPXNNLLLNHIFFBF48CC,新工段二小段,109.00,都市：其他:,,,,01440000
RPOOMLLLNHIFFCF67CC,復興段,.00,非都市： ; 非都市編定：,,,,03800000
RPTPMLKLNHIFFCF18CC,安德段,.00,都市：住,,,,03360000
RPQOMLKLNHIFFCF77CC,復興段,205.72,非都市： ; 非都市編定：,,,,02330000
RPXNMLLLNHIFFCF48CC,莊敬段,.00,非都市： ; 非都市編定：,,,,05430000
RPUOMLKLNHIFFCF18CC,香坡段,1.08,都市：農,,,,01330000
RPUOMLKLNHIFFCF18CC,香坡段,31.58,都市：住,,,,01340000
RPUOMLKLNHIFFCF18CC,香坡段,40.04,都市：住,,,,01350000
RPWOMLLLNHIFFDF58CC,同新段,.00,都市：工,,,,00130000
RPQQMLLLNHIFFBF08DC,五工段,.00,都市：其他:非都市計畫區土地,,,,03010000
RPSOMLMLNHIFFHF88EC,民利段,22.50,都市：住,,,,11330000
RPOPMLMLNHIFFIF48CC,大仁段,27.77,都市：住,,,,07010000
RPRPMLMLNHIFFIF78CC,大學段一小段,15.44,都市：商,,,,00500000
RPWRMLMLNHIFFEF09CC,飛歌段,12.72,都市：住,,,,02550000
RPXPMLMLNHIFFCF78CC,復興段,.00,都市：工,,,,01850000
RPXPMLMLNHIFFCF78CC,復興段,.00,都市：工,,,,02030000
RPRQMLMLNHIFFCF28CC,寶元段,.00,都市：工,,,,02730000
RPVNMLNLNHIFFCF48CC,民權段,.00,都市：商,,,,00290000
RPSPMLNLNHIFFGF78CC,正義段,.00,都市：住,,,,00330002
RPVNMLNLNHIFFEF68CC,新市段,17.18,都市：住,,,,00870000
RPPQMLNLNHIFFIF78CC,大學段一小段,5.00,都市：住,,,,01580000
RPSQMLNLNHIFFIF09CC,大學段一小段,19.17,都市：住,,,,01860000
RPQPMLLLNHIFFHF48CC,板南段,.00,都市：工,,,,03110000
RPUPMLNLNHIFFHF09CC,公園段,.00,都市：住,,,,03640000
RPOPMLLLNHIFFHF28CC,板南段,.00,都市：工,,,,03110000
RPWPMLNLNHIFFHF66CC,中信段,94.00,都市：商,,,,02540000
RPVPMLNLNHIFFHF56CC,板南段,.00,都市：工,,,,01450000
RPPOMLMLNHIFFDF97CC,智興段,.00,都市：商,,,,04410000
RPXOMLLLNHIFFDF68CC,長安段,.00,都市：工,,,,09290000
RPWRMLNLNHIFFBF88CC,泰山段三小段,.00,都市：住,,,,06240002
RPORMLNLNHIFFBF08CC,力行段,21.50,都市：商,,,,00230000
RPOUMLNLNHIFFBF38CC,中原段,39.15,都市：住,,,,00290000
RPOOMLNLNHIFFDF08DC,金龍段,.00,都市：住,,,,12650000
RPSNMLNLNHIFFCF28DC,民權段,23.82,都市：商,,,,02010000
RPWOMLNLNHIFFCF78DC,民權段,23.82,都市：住,,,,02010000
RPRNMLOLNHIFFDF48EC,保長段,43.83,都市：住,,,,04440000
RPVOMLOLNHIFFCF88EC,蘭溪段,2.92,都市：其他:綠地,,,,19690000
RPVOMLOLNHIFFCF88EC,蘭溪段,.75,都市：其他:綠地,,,,19810000
RPVOMLOLNHIFFCF88EC,蘭溪段,74.07,都市：住,,,,19700000
RPVOMLOLNHIFFCF88EC,蘭溪段,17.70,都市：住,,,,19840000
RPVOMLOLNHIFFCF88EC,蘭溪段,3.65,都市：其他:道路用地,,,,19850000
RPVOMLOLNHIFFCF88EC,蘭溪段,.28,都市：其他:綠地,,,,19860000
RPWOMLOLNHIFFCF98EC,蘭溪段,67.23,都市：其他:保安保護區,,,,02220000
RPPNMLPLNHIFFDF18CC,智興段,.00,都市：住,,,,01040000
RPWOMLOLNHIFFBF68CC,國宅段,21.70,都市：住,,,,00180010
RPQNMLQLNHIFFEF48CC,新市段,15.81,都市：住,,,,00120000
RPQNMLQLNHIFFHF78CC,安平段,32.77,都市：住,,,,02560000
RPPNMLQLNHIFFDF28CC,智興段,.00,都市：商,,,,05110000
RPQUNLNLNHIFFAF58CC,江子翠段第二崁小段,.00,都市：住,,,,02250031
RPPNMLQLNHIFFAF97CC,文化段,2.76,都市：住,,,,11980000
RPRNMLLLNHIFFAF67CC,府中段,.00,都市：商,,,,12170000
RPWNOLMLNHIFFAF48CC,港子嘴段,39.45,都市：住,,,,01910036
RPRTOLOLNHIFFAF78CC,新雅段,.00,都市：住,,,,07990000
RPUWNLKLNHIFFAF88CC,江子翠段第三崁小段,.00,都市：住,,,,03520017
RPUWNLKLNHIFFAF88CC,江子翠段溪頭小段,.00,都市：住,,,,01320000
RPXVOLNLNHIFFAF86CC,學成段,11.83,都市：住,,,,08450000
RPXTNLLLNHIFFAF98CC,江子翠段溪頭小段,.00,都市：住,,,,01320000
RPRNMLPLNHIFFCF28CC,安坑段車子路小段,.00,都市：住,,,,01800070
RPRTNLLLNHIFFAF38CC,江子翠段溪頭小段,.00,都市：住,,,,01320000
RPWPMLRLNHIFFBF09CC,榮富段,29.76,都市：住,,,,04750000
RPUQMLRLNHIFFHF96CC,信和段,1.70,都市：住,,,,00470000
RPUQMLRLNHIFFHF96CC,信和段,1.38,都市：住,,,,00710000
RPSPNLRLNHIFFAF68CC,江子翠段第三崁小段,.00,非都市： ; 非都市編定：,,,,03540000
RPROMLRLNHIFFBF68EC,四維段,9.99,都市：住,,,,07300000
RPPPMLRLNHIFFIF09CC,三多段,.00,都市：工,,,,06980000
RPXNMLSLNHIFFIF17CC,和平段,95.02,都市：住,,,,03520000
RPSOMLSLNHIFFHF66CC,景新段,.00,都市：住,,,,01890000
RPUOMLSLNHIFFHF86CC,中和段,.00,都市：住,,,,01580000
RPUUMLSLNHIFFAF76CC,港子嘴段,.00,非都市： ; 非都市編定：,,,,00920005
RPUNMLSLNHIFFDF98CC,叭嗹港段叭嗹港口小段,266.48,都市：住,,,,04610000
RPXPMLTLNHIFFDF96CC,福德段,17.00,都市：住,,,,08560000
RPXPMLTLNHIFFDF96CC,福德段,163.44,都市：住,,,,08510000
RPXQMLTLNHIFFDF07CC,建成段,5.21,都市：商,,,,04760000
RPQOMLTLNHIFFBF58CC,中原段,12.23,都市：住,,,,02310000
RPSOMLRLNHIFFBF78EC,後港段,6.70,都市：住,,,,07190000
RPRPMLSLNHIFFHF66CC,圓通段,.00,都市：住,,,,07070000
RPSPMLSLNHIFFHF76CC,永平段,.00,都市：商,,,,08060000
RPTPMLSLNHIFFHF86CC,南山段,.00,都市：住,,,,06550000
RPSOMLSLNHIFFEF98CC,新興段,22.81,都市：住,,,,00980000
RPSOMLSLNHIFFEF98CC,新興段,12.49,都市：住,,,,00980001
RPVNMLRLNHIFFEF09CC,海天段,6.73,都市：住,,,,02150000
RPURMLSLNHIFFEF86CC,關渡段,.00,都市：住,,,,05700000
RPSRMLSLNHIFFEF66CC,海天段,.00,都市：工,,,,04400000
RPQNMLTLNHIFFHF09CC,健康段,.00,都市：工,,,,02580000
RPTRMLSLNHIFFEF76CC,學府段,.00,都市：住,,,,07240000
RPVNMLTLNHIFFHF96CC,健康段,.00,都市：工,,,,02580000
RPSNMLTLNHIFFEF98CC,公司田段,11.49,都市：住,,,,00330000
RPRQMLKMNHIFFCF18CC,北新段,19.19,都市：住,,,,01080000
RPOQMLTLNHIFFEF88CC,公司田段,17.77,都市：住,,,,00060000
RPSOMLTLNHIFFCF88CC,莊敬段,.00,非都市： ; 非都市編定：,,,,07780000
RPSQMLKMNHIFFIF88CC,大學段一小段,11.94,都市：商,,,,00490000
RPXNMLTLNHIFFHF17CC,健康段,.00,都市：工,,,,02580000
RPPRMLTLNHIFFEF09CC,海鷗段,13.58,都市：住,,,,00150000
RPSOMLKMNHIFFDF18CC,智興段,.00,都市：商,,,,04410000
RPTOMLKMNHIFFDF28CC,昊天段,.00,都市：住,,,,11000000
RPTOMLKMNHIFFDF28CC,昊天段,.00,都市：住,,,,11650003
RPTOMLKMNHIFFDF28CC,昊天段,.00,都市：其他:,,,,11650004
RPUNMLTLNHIFFDF66EC,保長段,3.09,都市：住,,,,09950000
RPVOMLKMNHIFFDF48CC,智興段,.00,都市：商,,,,04410000
RPPPMLLMNHIFFIF58CC,大湖段圳子頭坑小段,925.61,都市：工,,,,02500000
RPWOMLLMNHIFFIF56CC,大學段一小段,19.10,都市：商,,,,00530000
RPXNMLLMNHIFFHF09CC,三民段,20.09,都市：其他:住商用,,,,07230000
RPRRMLLMNHIFFEF58CC,正德段,4.56,都市：住,,,,07440000
RPQNMLLJOHIFFGF08CC,中民段,.00,都市：商,,,,00060000
RPPPMLLMNHIFFHF68EC,華新段,7.03,都市：住,,,,06920000
RPXOMLLMNHIFFHF76EC,華新段,6.49,都市：住,,,,06920000
RPQNMLLJOHIFFBF57CC,建林段,15.81,都市：住,,,,04130000
RPVPMLLMNHIFFBF48CC,國宅段,19.06,都市：住,,,,00170001
RPSNMLLJOHIFFBF77CC,昌隆段,.00,都市：住,,,,04110000
RPRTMLTLNHIFFBF56CC,五工段,.00,非都市：工業區 ; 非都市編定：丁種建築用地,,,,04430000
RPUNMLLJOHIFFBF97CC,自強段,.00,都市：住,,,,01330000
RPRRMLKMNHIFFBF18CC,自立段,2.54,都市：商,,,,10520000
RPTOMLTLNHIFFBF88CC,興化段,57.67,都市：工,,,,06510000
RPVNMLLJOHIFFBF08CC,光明段,.00,都市：住,,,,08070000
RPQNMLMJOHIFFGF18CC,重新段壹小段,.00,非都市： ; 非都市編定：,,,,00120028
RPSPMLNJOHIFFCF28CC,寶橋段,.00,都市：工,,,,04210000
RPXQMLNJOHIFFEF09CC,海天段,27.79,都市：住,,,,01820002
RPXPMLNJOHIFFEF98CC,海天段,20.55,都市：住,,,,01880000
RPUOMLLMNHIFFDF48CC,水源段,3903.39,都市：住,,,,09920000
RPUOMLLMNHIFFDF48CC,水源段,1.50,都市：其他:,,,,09920001
RPSOMLNJOHIFFHF68CC,大智段,.00,非都市： ; 非都市編定：,,,,00160000
RPWNMLLJOHIFFBF18CC,中原段,.00,都市：住,,,,00560000
RPQOMLNJOHIFFDF08CC,昊天段,6674.07,都市：住,,,,11000000
RPQOMLNJOHIFFDF08CC,昊天段,29.61,都市：住,,,,11650003
RPXNMLNJOHIFFDF68CC,福德段,14.06,都市：住,,,,05860000
RPOOMLNJOHIFFDF87CC,水源段,3903.39,都市：住,,,,09920000
RPOOMLNJOHIFFDF87CC,水源段,1.50,都市：其他:,,,,09920001
RPPNMLLJOHIFFDF67CC,智興段,.00,都市：商,,,,04410000
RPXQMLNJOHIFFAF68CC,成功段,23.45,都市：住,,,,00550000
RPPRMLNJOHIFFBF08CC,瓊泰段,1061.85,都市：其他:,,,,05790001
RPSSMLNJOHIFFAF38CC,新雅段,.00,都市：住,,,,10190000
RPTOMLNJOHIFFHF88DC,文化段,.00,都市：住,,,,00860000
RPVNMLOJOHIFFAF48EC,篤行段,86.72,都市：住,,,,04810000
RPQOMLOJOHIFFDF18CC,水源段,12.64,都市：住,,,,06060000
RPQOMLOJOHIFFGF68EC,正義段,19.29,都市：商,,,,00410000
RPROMLOJOHIFFAF18EC,文化段,2.77,都市：住,,,,11980000
RPQOMLOJOHIFFAF08EC,板院段,28.86,都市：住,,,,06070000
RPSQMLOJOHIFFDF58CC,工建段,.00,都市：工,,,,07830003
RPXNMLOJOHIFFAF68EC,新板段三小段,6.66,都市：其他:第二種特定專用區,,,,00250000
RPPOMLOJOHIFFAF97EC,板院段,59.98,都市：住,,,,06070000
RPPRMLOJOHIFFDF38CC,大同段,86.29,都市：住,,,,03790000
RPPRMLOJOHIFFDF38CC,大同段,4.38,都市：住,,,,03800000
RPPRMLPJOHIFFHF88CC,民富段,15.74,都市：工,,,,03640000
RPQQMLPJOHIFFHF88CC,民富段,5.25,都市：工,,,,03640000
RPPOMLPJOHIFFDF18CC,保安段,3.80,都市：住,,,,03240000
RPPNMLOJOHIFFHF38CC,公園段,9.16,都市：住,,,,01820000
RPQOMLPJOHIFFDF28CC,大同段,8.70,都市：住,,,,07430000
RPROMLPJOHIFFDF38CC,福德段,11.47,都市：住,,,,05730000
RPROMLPJOHIFFDF38CC,福德段,1.35,都市：住,,,,06110000
RPOSMLPJOHIFFBF28CC,思源段,6.84,都市：住,,,,05860000
RPWOMLPJOHIFFAF58CC,學成段,7.80,都市：住,,,,05440000
RPQRMLPJOHIFFAF28CC,文化段,2.10,都市：住,,,,11980000
RPQSMLPJOHIFFBF48CC,雙鳳段,3.70,都市：住,,,,04480000
RPWQMLPJOHIFFAF78CC,中山段,6.77,都市：其他:第一種特定專用區,,,,06680000
RPQTMLPJOHIFFAF68EC,文化段,2.77,都市：住,,,,11980000
RPPQMLQJOHIFFGF88DC,光興段,1.16,都市：住,,,,01320000
RPXTMLQJOHIFFBF76CC,鴻福段,61.03,都市：工,,,,02640000
RPPQMLQJOHIFFGF88DC,光興段,10.45,都市：商,,,,00430000
RPXTMLQJOHIFFBF76CC,鴻福段,59.74,都市：工,,,,02650000
RPTTMLPJOHIFFAF98EC,文化段,2.10,都市：住,,,,11980000
RPRTMLPJOHIFFAF78EC,文化段,2.10,都市：住,,,,11980000
RPSTMLPJOHIFFAF88EC,埔墘段,24.28,都市：住,,,,01950059
RPQPMLQJOHIFFDF48CC,金龍段,14.51,非都市： ; 非都市編定：,,,,02540000
RPQPMLQJOHIFFAF18CC,成功段,10.68,都市：商,,,,03790000
RPXNMLQJOHIFFHF76CC,員山段,14.50,都市：工,,,,01420000
RPROMLQJOHIFFHF88CC,健康段,.00,都市：工,,,,11590000
RPWOMLLMNHIFFCF78EC,黎明段,65.35,都市：其他:已開建築密集地區,,,,04940000
RPWOMLLMNHIFFCF78EC,黎明段,.03,都市：其他:已開建築密集地區,,,,04890000
RPWOMLLMNHIFFCF78EC,黎明段,1.91,都市：其他:已開建築密集地區,,,,04900000
RPWOMLLMNHIFFCF78EC,黎明段,.16,都市：其他:已開建築密集地區,,,,04920000
RPWOMLLMNHIFFCF78EC,黎明段,.00,都市：其他:已開建築密集地區,,,,04930000
RPWOMLLMNHIFFCF78EC,安坑段車子路小段,.10,非都市：山坡地保育區 ; 非都市編定：丙種建築用地,,,,01800134
RPWOMLLMNHIFFCF78EC,安坑段車子路小段,1.59,非都市：山坡地保育區 ; 非都市編定：丙種建築用地,,,,01800133
RPWOMLLMNHIFFCF78EC,安坑段車子路小段,.97,非都市：山坡地保育區 ; 非都市編定：丙種建築用地,,,,01800137
RPWOMLLMNHIFFCF78EC,安坑段車子路小段,1.24,非都市：山坡地保育區 ; 非都市編定：丙種建築用地,,,,01800136
RPWOMLLMNHIFFCF78EC,安坑段車子路小段,6.74,非都市：山坡地保育區 ; 非都市編定：丙種建築用地,,,,01800135
RPPOMLOJOHIFFIF58CC,大湖段圳子頭坑小段,925.61,非都市：山坡地保育區 ; 非都市編定：丁種建築用地,,,,02500000
RPRNMLLJOHIFFIF38CC,礁溪段,12.04,都市：住,,,,04670000
RPQOMLPJOHIFFIF78CC,博愛段,.79,都市：商,,,,08930000
RPUPMLQJOHIFFCF78CC,建國段,30.22,都市：住,,,,01640000
RPRRMLRJOHIFFHF66CC,健康段,100.00,都市：工,,,,10260000
RPORMLRJOHIFFHF98CC,健康段,85.57,都市：工,,,,00660000
RPSQMLQJOHIFFEF88CC,海鷗段,11.81,都市：住,,,,08960000
RPSQMLQJOHIFFEF88CC,海鷗段,11.40,都市：住,,,,08960000
RPSQMLQJOHIFFEF88CC,海鷗段,8.95,都市：住,,,,08960000
RPSQMLQJOHIFFEF88CC,海鷗段,9.77,都市：住,,,,08960000
RPROMLQJOHIFFEF58CC,公司田段,.00,都市：住,,,,00690000
RPQOMLQJOHIFFEF48CC,公司田段,.00,都市：住,,,,00500000
RPORMLQJOHIFFEF58CC,海鷗段,6.28,都市：住,,,,11920000
RPQQMLQJOHIFFEF68CC,海天段,4.67,都市：住,,,,01900000
RPTOMLQJOHIFFEF78CC,新興段,.00,都市：住,,,,06470000
RPOTMLRJOHIFFBF58CC,五工段,.00,非都市：工業區 ; 非都市編定：丁種建築用地,,,,00230000
RPUUMLRJOHIFFBF66CC,榮富段,.00,都市：住,,,,09290000
RPPTMLRJOHIFFBF68CC,五工段,1149.99,非都市：工業區 ; 非都市編定：丁種建築用地,,,,03640000
RPUQMLRJOHIFFDF09CC,環河段,.00,都市：工,,,,01270000
RPTUMLRJOHIFFBF56CC,洲子段洲子小段,.00,都市：其他:一般事務所,,,,02880000
RPPRMLRJOHIFFGF56EC,三重埔段過圳小段,.00,都市：住,,,,01400051
RPXPMLRJOHIFFHF27EC,福和段,26.50,都市：住,,,,06220000
RPSQMLRJOHIFFHF76DC,永福段,6.35,都市：住,,,,02940000
RPWNMLSJOHIFFBF88CC,榮富段,.00,都市：住,,,,09390000
RPVNMLSJOHIFFBF78CC,富國段,.00,都市：商,,,,00460000
RPVUMLRJOHIFFBF76CC,富國段,.00,都市：住,,,,05520000
RPXNMLSJOHIFFBF98CC,自強段,.00,都市：住,,,,01330000
RPTNMLSJOHIFFBF58CC,榮富段,.00,都市：住,,,,08500001
RPUNMLSJOHIFFBF68CC,榮富段,.00,都市：住,,,,06410000
RPPVMLRJOHIFFBF88CC,光明段,.00,都市：商,,,,10700000
RPXUMLRJOHIFFBF96CC,榮富段,.00,都市：住,,,,08500000
RPQVMLRJOHIFFBF98CC,丹鳳段,.00,都市：住,,,,02050000
RPOOMLSJOHIFFBF18CC,水碓段水碓窠小段,.00,都市：住,,,,01170000
RPPOMLSJOHIFFBF28CC,榮富段,.00,都市：住,,,,08460000
RPQNMLSJOHIFFAF18CC,大庭段,.00,都市：住,,,,00870000
RPPNMLSJOHIFFHF78CC,中和段,34.06,都市：商,,,,00140000
RPRPMLSJOHIFFBF58CC,榮富段,.00,都市：住,,,,09390000
RPTNMLSJOHIFFGF09CC,成功段,.00,都市：住,,,,07100000
RPSNMLSJOHIFFGF98CC,二重埔段頂崁小段,.00,都市：工,,,,05850000
RPUNMLSJOHIFFGF56CC,二重埔段中興小段,.00,都市：其他:住商用,,,,00490001
RPUNMLSJOHIFFGF56CC,二重埔段中興小段,.00,都市：其他:住商用,,,,00490036
RPQNMLTJOHIFFDF58CC,智興段,.00,都市：商,,,,04500000
RPPNMLTJOHIFFCF38CC,大豐段,.00,都市：住,,,,03070000
RPPNMLTJOHIFFDF48CC,智興段,.00,都市：商,,,,04410000
RPSNMLTJOHIFFDF78CC,智興段,6.71,都市：商,,,,05000000
RPRNMLTJOHIFFDF68CC,建成段,.00,都市：商,,,,05040000
RPRNMLTJOHIFFDF68CC,建成段,.00,都市：商,,,,05750000
RPQNMLTJOHIFFCF58DC,建國段,18.41,都市：住,,,,07580000
RPWTMLKKOHIFFAF88EC,港子嘴段,7.09,都市：住,,,,02200051
RPUTMLPJOHIFFAF09EC,文化段,2.35,都市：住,,,,11980000
RPOUMLKKOHIFFAF18EC,江子翠段第二崁小段,27.09,都市：住,,,,01190003
RPXTMLKKOHIFFAF98EC,新興段,4.90,都市：住,,,,05960000
RPUPMLKKOHIFFAF28EC,江子翠段第一崁小段,28.50,都市：住,,,,01010040
RPXPMLKKOHIFFHF66EC,中正段,35.00,都市：住,,,,08300000
RPVNMLKKOHIFFAF97CC,篤行段,17.52,都市：住,,,,01560000
RPPSMLKKOHIFFAF87CC,文化段,2.35,都市：住,,,,11980000
RPRPMLKKOHIFFHF68EC,中信段,32.25,都市：商,,,,00110000
RPXOMLKKOHIFFCF68EC,香坡段,37.53,非都市：山坡地保育區 ; 非都市編定：丙種建築用地,,,,05770000
RPXTMLKKOHIFFAF78CC,土城段,7.53,都市：住,,,,01070000
RPUSMLKKOHIFFAF38CC,文化段,2.18,都市：住,,,,11980000
RPQUMLKKOHIFFAF18CC,文化段,2.10,都市：住,,,,11980000
RPUTMLKKOHIFFAF48CC,大安段,.00,都市：工,,,,07450000
RPOPMLKKOHIFFEF87CC,新興段,35.53,都市：住,,,,07430000
RPTOMLKKOHIFFIF68CC,民生段,3.31,都市：住,,,,06570000
RPUOMLKKOHIFFIF78CC,大學段一小段,17.15,都市：商,,,,00490000
RPWOMLSJOHIFFBF98CC,榮富段,.00,都市：住,,,,03300000
RPVOMLSJOHIFFBF88CC,自強段,.00,都市：住,,,,03910000
RPQOMLSJOHIFFBF38CC,榮富段,.00,都市：住,,,,06510000
RPSOMLSJOHIFFBF58CC,榮富段,.00,都市：住,,,,08920000
RPROMLSJOHIFFBF48CC,榮富段,.00,都市：住,,,,00500000
RPTPMLLKOHIFFGF68CC,大同南段,.00,都市：商,,,,00290000
RPTPMLLKOHIFFGF68CC,大同南段,.00,都市：商,,,,00300000
RPORMLLKOHIFFAF77CC,介壽段,10.17,都市：商,,,,11170000
RPUUMLKKOHIFFAF58CC,文化段,2.18,都市：住,,,,11980000
RPWNMLLKOHIFFBF28CC,後港段,.00,都市：住,,,,08230000
RPTSMLLKOHIFFBF48CC,中原段,.00,都市：住,,,,00740000
RPTQMLLKOHIFFBF28CC,力行段,22.61,都市：商,,,,02590001
RPUSMLLKOHIFFBF58CC,榮富段,.00,都市：住,,,,09290000
RPVSMLLKOHIFFBF68CC,榮富段,.00,都市：住,,,,09290000
RPXSMLLKOHIFFBF88CC,榮富段,.00,都市：住,,,,09290000
RPWSMLLKOHIFFBF78CC,榮富段,.00,都市：住,,,,09290000
RPOTMLLKOHIFFBF08CC,和平段,.00,都市：住,,,,04400000
RPPTMLLKOHIFFBF18CC,副都心段一小段,.00,都市：商,,,,00110000
RPQTMLLKOHIFFBF28CC,新工段二小段,.00,都市：其他:丁種建築用地,,,,01380000
RPRUMLLKOHIFFBF48CC,忠孝段,.00,都市：住,,,,05120000
RPRTMLLKOHIFFBF38CC,中誠段,.00,都市：住,,,,07860000
RPSTMLLKOHIFFBF48CC,五工段,1077.98,非都市：工業區 ; 非都市編定：丁種建築用地,,,,03830000
RPTRMLLKOHIFFIF09CC,大學段一小段,9.43,都市：住,,,,01090000
RPVRMLLKOHIFFIF66CC,大學段二小段,19.75,都市：商,,,,00930000
RPRRMLLKOHIFFIF88CC,麥子園段劉厝埔小段,182.00,非都市：特定農業區 ; 非都市編定：甲種建築用地,,,,01700019
RPROMLLKOHIFFDF28EC,建成段,17.77,都市：住,,,,06580000
RPROMLLKOHIFFDF28EC,建成段,.15,都市：住,,,,06580001
RPUQMLKKOHIFFIF98CC,溪墘厝段溪墘厝小段,67.42,非都市：特定農業區 ; 非都市編定：丁種建築用地,,,,01210000
RPRRMLLKOHIFFHF88DC,文化段,.00,都市：住,,,,00860000
RPPOMLKKOHIFFHF18CC,保生段,.75,都市：商,,,,03400000
RPQNMLKKOHIFFHF18CC,南山段,.00,都市：住,,,,08540000
RPOSMLLKOHIFFHF68DC,文化段,.00,都市：住,,,,00860000
RPVRMLLKOHIFFHF66DC,文化段,.00,都市：住,,,,00860000
RPQQMLLKOHIFFCF18DC,寶元段,142.90,都市：工,,,,01090000
RPROMLKKOHIFFHF38CC,保生段,.75,都市：住,,,,03310000
RPWPMLLKOHIFFCF68DC,安和段,691.89,都市：工,,,,01120000
RPRQMLLKOHIFFCF28DC,寶元段,142.90,都市：工,,,,01090000
RPPNMLMKOHIFFCF87DC,安康段,25.94,都市：農,,,,09300000
RPPNMLMKOHIFFCF87DC,安康段,175.18,都市：農,,,,09310000
RPPNMLMKOHIFFCF87DC,安康段,4.25,都市：農,,,,09320000
RPQNMLMKOHIFFDF97CC,智興段,.00,都市：商,,,,05110000
RPTOMLNKOHIFFIF98CC,大學段二小段,19.26,都市：商,,,,00870000
RPPNMLMKOHIFFDF87CC,智興段,.00,都市：商,,,,04410000
RPUQMLNKOHIFFIF66CC,大學段一小段,9.43,都市：住,,,,01090000
RPROMLNKOHIFFDF28CC,智興段,5.01,都市：住,,,,01040000
RPPOMLNKOHIFFDF08CC,智興段,4.98,都市：住,,,,00410000
RPRNMLMKOHIFFEF18CC,新興段,5.10,都市：住,,,,05830000
RPVOMLNKOHIFFIF56CC,仁愛段,6.53,都市：住,,,,05050000
RPWOMLNKOHIFFIF66CC,和平段,3.68,都市：住,,,,04380000
RPUNMLOKOHIFFDF58CC,昊天段,.00,非都市： ; 非都市編定：,,,,10860000
RPVOMLNKOHIFFHF09CC,復興段,.00,都市：住,,,,08800000
RPVOMLNKOHIFFHF09CC,復興段,.00,都市：住,,,,08810000
RPXPMLNKOHIFFGF76DC,二重埔段中興小段,51.04,都市：工,,,,02060000
RPUPMLOKOHIFFBF58CC,中泰段,.00,都市：住,,,,00690000
RPRNMLNKOHIFFCF18DC,莊敬段,.00,都市：工,,,,07820000
RPWRMLOKOHIFFBF98CC,安泰段,332.50,都市：工,,,,06650000
RPXTMLOKOHIFFBF66CC,榮富段,.00,都市：住,,,,03960000
RPWOMLOKOHIFFDF09EC,福德段,17.91,都市：商,,,,12930000
RPVOMLOKOHIFFHF56CC,信和段,12.65,都市：住,,,,00350000
RPOSMLOKOHIFFBF28CC,新工段二小段,24.74,都市：工,,,,00120000
RPQOMLOKOHIFFHF68CC,圓通段,3.65,都市：住,,,,00160000
RPXQMLOKOHIFFCF09CC,民權段,.00,都市：住,,,,00290000
RPORMLOKOHIFFEF48CC,公司田段,16.05,都市：住,,,,00350000
RPPQMLRKOHIFFEF78CC,飛歌段,16073.40,都市：工,,,,07900003
RPOQMLOKOHIFFEF38CC,中正段,3.34,都市：商,,,,05490000
RPWQMLOKOHIFFEF56CC,公司田段,14.93,都市：住,,,,00100001
RPPNMLQKOHIFFCF18CC,玫瑰段,.00,都市：住,,,,09410000
RPTQMLRKOHIFFEF56CC,海鷗段,.00,都市：住,,,,07600000
RPSNMLRKOHIFFHF09CC,復興段,18.42,都市：住,,,,09720000
RPTQMLRKOHIFFBF88CC,榮富段,.00,都市：住,,,,03960000
RPTPMLRKOHIFFAF68CC,幸福段,6.02,都市：住,,,,00570000
RPTPMLRKOHIFFAF68CC,江子翠段溪頭小段,.32,都市：住,,,,02700000
RPVPMLRKOHIFFIF27EC,三福段,10.69,都市：住,,,,12900000
RPWNMLSKOHIFFCF66EC,香坡段,61.75,非都市：山坡地保育區 ; 非都市編定：丙種建築用地,,,,04960000
RPVQMLSKOHIFFCF76DC,安坑段車子路小段,32.09,都市：住,,,,01800039
RPTPMLRKOHIFFDF98CC,智興段,.00,都市：商,,,,04410000
RPXWMLSKOHIFFBF37CC,國宅段,54.39,都市：住,,,,01070008
RPVNMLRKOHIFFIF86CC,大學段一小段,558.31,都市：其他:市場用地,,,,01460000
RPVOMLSKOHIFFIF07CC,大學段二小段,44.42,都市：住,,,,00100000
RPSSMLSKOHIFFIF17CC,大學段一小段,11.01,都市：住,,,,01580000
RPVRMLSKOHIFFBF66CC,五工段,211.75,都市：其他:,,,,05580013
RPWQMLRKOHIFFBF56CC,中原段,14.97,都市：住,,,,03290000
RPUQMLRKOHIFFBF98CC,建林段,84.99,都市：住,,,,14040000
RPWOMLSKOHIFFEF76CC,新市段,.00,都市：住,,,,00530000
RPOPMLSKOHIFFEF68CC,水仙段,.00,都市：商,,,,00670000
RPOPMLSKOHIFFEF68CC,水仙段,.00,都市：住,,,,00670003
RPPPMLSKOHIFFEF78CC,海天段,.00,都市：住,,,,05480000
RPTOMLSKOHIFFCF88CC,大豐段,.00,非都市： ; 非都市編定：,,,,05090000
RPQOMLSKOHIFFCF58CC,寶元段,.00,非都市： ; 非都市編定：,,,,02730000
RPXQMLSKOHIFFGF27CC,福德南段,21.93,非都市： ; 非都市編定：,,,,07110000
RPVNMLTKOHIFFCF09CC,福園段,.00,都市：商,,,,05640000
RPWNMLTKOHIFFIF17CC,大學段一小段,14.86,都市：商,,,,00500000
RPXNMLTKOHIFFIF27CC,大學段一小段,14.26,都市：商,,,,00500000
RPSOMLKLOHIFFIF68CC,和平段,5.02,都市：住,,,,04380000
RPOPMLKLOHIFFIF38CC,大學段二小段,28.92,都市：商,,,,00940000
RPXNMLTKOHIFFCF66CC,寶橋段,.00,都市：工,,,,05730000
RPSPMLKLOHIFFGF58CC,永德段,25.42,都市：住,,,,09480000
RPTQMLKLOHIFFEF58CC,大義段,31.77,都市：住,,,,04300000
RPWQMLKLOHIFFEF88CC,大義段,14.90,都市：住,,,,06040000
RPWQMLKLOHIFFEF88CC,大義段,.07,都市：住,,,,06040000
RPWOMLKLOHIFFDF68DC,建成段,6.74,都市：住,,,,04760000
RPXPMLKLOHIFFAF48CC,沛陂段,333.18,都市：工,,,,00460000
RPUNMLKLOHIFFDF48EC,福德段,3.17,都市：住,,,,02990000
RPSPMLLLOHIFFDF58EC,福德段,17.08,都市：住,,,,10300000
RPOOMLLLOHIFFCF97EC,禾豐一段,225.09,都市：住,,,,00210000
RPOOMLLLOHIFFAF57CC,亞東段,16.67,都市：住,,,,09230000
RPQRMLLLOHIFFIF88CC,圳福段,21.58,都市：住,,,,06870000
RPVQMLLLOHIFFCF68CC,寶元段,.00,都市：工,,,,01740000
RPVRMLSKOHIFFHF27CC,中原段,155.00,都市：工,,,,08070000
RPURMLTKOHIFFHF27CC,健康段,.00,都市：工,,,,00640000
RPVRMLSKOHIFFHF27CC,中原段,22.65,都市：工,,,,08080000
RPQQMLSKOHIFFHF66CC,新和段,.00,都市：住,,,,01550000
RPTNMLRKOHIFFHF56CC,板南段,.00,都市：商,,,,03110000
RPOOMLRKOHIFFHF78CC,板南段,.00,都市：商,,,,03110000
RPWOMLRKOHIFFHF96CC,健康段,.00,都市：工,,,,11590000
RPRPMLRKOHIFFHF56CC,板南段,.00,都市：商,,,,03110000
RPPPMLRKOHIFFHF98CC,板南段,.00,都市：商,,,,03110000
RPSNMLMLOHIFFEF38CC,竹圍段,4582.16,都市：住,,,,08950000
RPPNMLNLOHIFFDF08CC,智興段,.00,都市：商,,,,05600000
RPTNMLMLOHIFFEF48CC,新市段,7157.94,都市：住,,,,00870000
RPPNMLNLOHIFFDF08CC,智興段,.00,都市：商,,,,05600001
RPPNMLNLOHIFFDF08CC,智興段,.00,都市：商,,,,05600002
RPQNMLNLOHIFFDF18CC,智興段,.00,都市：商,,,,04410000
RPRNMLNLOHIFFDF28CC,智興段,.00,都市：住,,,,07010000
RPUNMLMLOHIFFEF58CC,馬偕段,3.35,都市：住,,,,06190000
RPSNMLNLOHIFFDF38CC,新峰段,.00,都市：住,,,,07340000
RPQRMLOLOHIFFDF68CC,同新段,.00,都市：工,,,,00130000
RPXNMLOLOHIFFDF98CC,智興段,.00,都市：商,,,,02650000
RPXNMLOLOHIFFDF98CC,智興段,.00,都市：其他:,,,,02650001
RPTNMLNLOHIFFDF48CC,昊天段,.00,都市：住,,,,11000000
RPTNMLNLOHIFFDF48CC,昊天段,.00,都市：住,,,,11650003
RPTNMLNLOHIFFDF48CC,昊天段,.00,都市：其他:,,,,11650004
RPQQMLOLOHIFFDF58CC,同新段,.00,都市：工,,,,00130000
RPVRMLOLOHIFFDF56CC,環河段,318.03,都市：工,,,,00520000
RPWRMLOLOHIFFDF66CC,保安段,.00,都市：工,,,,11910000
RPPRMLOLOHIFFAF28CC,江子翠段溪頭小段,2.50,都市：住,,,,01090008
RPPRMLOLOHIFFAF28CC,江子翠段溪頭小段,22.50,都市：住,,,,01100003
RPUNMLOLOHIFFEF78CC,天生段,12.40,都市：住,,,,00910000
RPTNMLOLOHIFFEF68CC,新市段,7157.94,都市：住,,,,00870000
RPTQMLOLOHIFFEF98CC,大八里坌段渡船頭小段,18.67,都市：住,,,,03880014
RPPRMLOLOHIFFEF68CC,沙崙段,16.25,都市：住,,,,02570000
RPPRMLOLOHIFFEF68CC,沙崙段,.69,都市：住,,,,02570001
RPPRMLOLOHIFFEF68CC,沙崙段,7.62,都市：住,,,,02580000
RPPRMLOLOHIFFEF68CC,沙崙段,.36,都市：住,,,,02580001
RPQRMLOLOHIFFEF78CC,新市段,17.18,都市：住,,,,00870000
RPRRMLOLOHIFFEF88CC,公司田段,15.52,都市：住,,,,00550000
RPRNMLOLOHIFFCF28CC,復興段,.00,都市：工,,,,05350000
RPSRMLPLOHIFFEF09CC,海天段,5.08,都市：住,,,,01900000
RPTRMLPLOHIFFEF56CC,新市段,15.81,都市：住,,,,00120000
RPVRMLPLOHIFFEF76CC,紅毛城段,5.59,都市：住,,,,05330000
RPTOMLPLOHIFFIF66CC,礁溪段,69.28,都市：住,,,,03650001
RPOWMLPLOHIFFAF78CC,學成段,7.64,都市：住,,,,05440000
RPVUMLPLOHIFFBF76CC,建林段,15.82,都市：住,,,,04130000
RPOOMLLLOHIFFHF28CC,福祥段,.00,都市：其他:,,,,04010000
RPTQMLLLOHIFFHF98CC,雙和段,12.00,都市：住,,,,02920000
RPOONLPLOHIFFAF08CC,文化段,2.18,都市：住,,,,11980000
RPOOMLQLOHIFFBF18CC,中誠段,25.78,都市：住,,,,07720000
RPOSMLQLOHIFFBF58CC,德音段,29.67,都市：住,,,,05690000
RPVPMLQLOHIFFAF88CC,學成段,25.50,都市：住,,,,03610000
RPRQMLQLOHIFFAF58CC,學林段,29.11,都市：住,,,,02950000
RPWQMLQLOHIFFBF56CC,力行段,20.50,都市：住,,,,05790000
RPVRMLQLOHIFFBF56CC,麗林段,13.60,都市：住,,,,04070002
RPOSMLQLOHIFFAF48CC,樂利段,7.68,都市：住,,,,06500000
RPPRMLQLOHIFFDF78CC,中正段,6.70,都市：住,,,,17540000
RPOSMLQLOHIFFAF48CC,樂利段,.31,都市：住,,,,06510000
RPPOMLQLOHIFFEF68DC,海鷗段,48.95,非都市： ; 非都市編定：,,,,05480000
RPWPMLQLOHIFFHF27EC,安平段,12.89,都市：住,,,,08700000
RPXQMLQLOHIFFIF37CC,民權段,16.19,都市：商,,,,02260000
RPXNMLRLOHIFFHF07CC,景華段,.00,都市：住,,,,05350000
RPVPMLRLOHIFFHF07CC,健康段,.00,非都市： ; 非都市編定：,,,,00580000
RPOOMLRLOHIFFAF18CC,頂福段,110.93,都市：住,,,,06260000
RPOOMLRLOHIFFAF18CC,頂福段,64.15,都市：住,,,,05670000
RPSNMLMLOHIFFGF58CC,菜寮段,.00,都市：住,,,,17380000
RPQQMLPLOHIFFGF98CC,光華段,26.21,都市：住,,,,16060000
RPQRMLPLOHIFFGF09CC,光興段,.00,都市：商,,,,00750000
RPSQNLSLOHIFFAF98CC,中山段,21.37,都市：其他:第一種特定專用區,,,,06680000
RPOQMLRLOHIFFCF68DC,復興段,12.51,都市：工,,,,03830000
RPQOMLRLOHIFFDF68CC,智興段,.00,都市：住,,,,07210000
RPPOMLRLOHIFFDF58CC,智興段,.00,都市：住,,,,11180000
RPRQMLSLOHIFFDF09CC,福德段,.00,都市：住,,,,05210000
RPOOMLRLOHIFFDF48CC,智興段,.00,都市：商,,,,04410000
RPORMLSLOHIFFIF76CC,大學段二小段,17.78,都市：住,,,,00440000
RPVQMLSLOHIFFIF37CC,鳳福段,28.86,都市：住,,,,03710000
RPXWMLSLOHIFFEF77CC,關渡段,.00,都市：住,,,,02170000
RPXWMLSLOHIFFEF77CC,關渡段,.00,都市：其他:道路用地,,,,02170001
RPXWMLSLOHIFFEF77CC,關渡段,.00,都市：其他:保護區,,,,02220000
RPXWMLSLOHIFFEF77CC,關渡段,.00,都市：住,,,,02260001
RPXWMLSLOHIFFEF77CC,關渡段,.00,都市：其他:道路用地,,,,02260002
RPXWMLSLOHIFFEF77CC,飛歌段,.00,都市：住,,,,11310000
RPXWMLSLOHIFFEF77CC,飛歌段,.00,都市：其他:部份住宅區(四)部份保護區,,,,11320000
RPOOMLSLOHIFFCF48CC,順安段,.00,非都市： ; 非都市編定：,,,,08260000
RPPNMLTLOHIFFGF98CC,二重埔段五谷王小段,.00,都市：住,,,,00960011
RPSNMLTLOHIFFIF86CC,大學段二小段,18.46,都市：住,,,,00740000
RPRNMLTLOHIFFDF88CC,智興段,6.71,都市：商,,,,05000000
RPWNMLLLOHIFFHF98CC,福祥段,.00,都市：其他:,,,,04010000
RPOPMLTLOHIFFAF48CC,延和段,.00,都市：住,,,,04360000
RPRNMLTLOHIFFBF68CC,榮富段,.00,都市：住,,,,08500000
RPQTMLSLOHIFFBF09CC,四維段,.00,都市：住,,,,06630000
RPVVMLRLOHIFFBF07CC,力行段,8.41,都市：住,,,,10250000
RPQNMLTLOHIFFBF58CC,中泰段,.00,都市：住,,,,06400000
RPOWMLRLOHIFFBF09CC,建林段,21.23,都市：住,,,,02910000
RPWUMLTLOHIFFBF27CC,丹鳳段,.00,都市：住,,,,05780000
RPVUMLTLOHIFFBF17CC,裕民段,.00,都市：住,,,,06030000
RPUNMLTLOHIFFBF98CC,榮富段,.00,都市：住,,,,09390000
RPSNMLTLOHIFFBF78CC,輔大段,.00,都市：住,,,,00040000
RPTNMLTLOHIFFBF88CC,榮富段,.00,都市：住,,,,09060000
RPPNMLKMOHIFFDF87CC,智興段,.00,都市：商,,,,04710000
RPPNMLKMOHIFFDF87CC,智興段,.00,都市：住,,,,04760000
RPSNMLTLOHIFFHF76CC,民權段,.00,都市：住,,,,05440000
RPVQMLSLOHIFFHF27CC,新和段,.00,都市：住,,,,04190000
RPRNMLTLOHIFFHF66CC,南勢段,.00,都市：住,,,,06010000
RPUNMLTLOHIFFHF96CC,員山段,.00,都市：住,,,,01420000
RPTNMLTLOHIFFHF86CC,國光段,.00,都市：住,,,,02620000
RPXQMLLJPHIFFEF98CC,正德段,15.50,都市：住,,,,08880000
RPXOMLLJPHIFFDF68CC,智興段,.00,都市：商,,,,05600000
RPXOMLLJPHIFFDF68CC,智興段,.00,都市：商,,,,05600001
RPXOMLLJPHIFFDF68CC,智興段,.00,都市：商,,,,05600002
RPTPMLLJPHIFFDF38CC,北山段,.00,都市：住,,,,05420000
RPVNMLLJPHIFFBF38EC,雙鳳段,13.81,都市：住,,,,07110000
RPSOMLLJPHIFFCF08CC,安坑段車子路小段,10.58,非都市：山坡地保育區 ; 非都市編定：丙種建築用地,,,,01800039
RPSOMLLJPHIFFCF08CC,安坑段車子路小段,1.04,非都市：山坡地保育區 ; 非都市編定：丙種建築用地,,,,01800142
RPXNMLLJPHIFFBF58EC,副都心段一小段,1868.80,都市：住,,,,02020000
RPRPMLLJPHIFFDF38EC,福德段,13.50,都市：住,,,,06470000
RPVOMLLJPHIFFDF48CC,智興段,.00,都市：住,,,,07010000
RPPOMLMJPHIFFDF18EC,智興段,9.52,都市：住,,,,06620000
RPQRMLMJPHIFFDF58EC,保長段,5.21,都市：住,,,,09950000
RPOSMLMJPHIFFEF48DC,仁愛段,.00,非都市： ; 非都市編定：,,,,01300000
RPSQMLMJPHIFFHF98DC,文化段,.00,都市：住,,,,00860000
RPVQMLMJPHIFFHF66DC,文化段,.00,都市：住,,,,00860000
RPXOMLLJPHIFFHF09CC,中原段,81.45,都市：工,,,,05230000
RPQNMLKMOHIFFHF38CC,中安段,.21,都市：商,,,,06820000
RPQNMLKMOHIFFHF38CC,中安段,20.10,都市：商,,,,06830000
RPOPMLLJPHIFFHF28CC,健康段,24.07,都市：工,,,,02070000
RPPUMLMJPHIFFEF68CC,天生段,14.48,都市：商,,,,06960000
RPPOMLMJPHIFFEF08CC,大義段,12.60,都市：商,,,,06040000
RPPOMLMJPHIFFEF08CC,大義段,.06,都市：商,,,,06040001
RPRRMLMJPHIFFDF68EC,保長段,5.53,都市：住,,,,10540000
RPURMLMJPHIFFDF98EC,保長段,3.90,都市：住,,,,09950000
RPXOMLMJPHIFFCF68CC,復興段,.00,都市：工,,,,00820000
RPVRMLMJPHIFFDF09EC,保長段,8.79,都市：住,,,,09950000
RPOPMLMJPHIFFCF87CC,復興段,.00,都市：工,,,,05150000
RPTRMLMJPHIFFDF88EC,保長段,6.64,都市：住,,,,09950000
RPVPMLMJPHIFFHF09CC,保健段,.00,都市：住,,,,02310000
RPVPMLMJPHIFFHF09CC,保健段,.00,都市：住,,,,02300000
RPOQMLMJPHIFFHF48CC,大同段,.00,都市：住,,,,03870000
RPPQMLMJPHIFFHF58CC,南山段,.00,都市：其他:,,,,08540000
RPQTMLMJPHIFFHF98CC,自強段,189.00,都市：農,,,,01470000
RPRTMLMJPHIFFHF09CC,保健段,.00,都市：住,,,,05620000
RPUSMLMJPHIFFHF66CC,中和段,31.72,都市：住,,,,04530000
RPTTMLMJPHIFFHF66CC,得林段,.00,都市：住,,,,06250000
RPWQMLMJPHIFFIF76CC,建國段,.00,都市：住,,,,09190000
RPXRMLMJPHIFFIF96CC,大學段二小段,44.49,都市：住,,,,00330000
RPVNMLNJPHIFFHF98CC,健康段,.00,都市：工,,,,11600000
RPWNMLNJPHIFFHF09CC,民治段,71.82,都市：商,,,,00580000
RPOQMLNJPHIFFHF58CC,板南段,.00,都市：工,,,,04500000
RPQRMLNJPHIFFHF88CC,中原段,11677.65,都市：工,,,,05290000
RPXNMLNJPHIFFCF68CC,福園段,.00,都市：住,,,,05270000
RPQNMLNJPHIFFCF97CC,中央段,21.63,都市：住,,,,04410000
RPQVMLTLOHIFFBF76CC,安和段,.00,都市：工,,,,03850000
RPTONLMJPHIFFBF28CC,大窠坑段犁頭窠小段,616.00,都市：其他:,,,,00010000
RPTONLMJPHIFFBF28CC,大窠坑段犁頭窠小段,1753.00,都市：其他:,,,,00010001
RPSVMLMJPHIFFBF78CC,安泰段,225.72,都市：工,,,,05220000
RPPNMLKMOHIFFBF67CC,力行段,15.94,都市：住,,,,05790000
RPWRMLNJPHIFFAF78CC,文化段,3.44,都市：住,,,,11980000
RPPRMLNJPHIFFAF18DC,文化段,2.10,都市：住,,,,11980000
RPQRMLNJPHIFFAF28DC,江子翠段第一崁小段,21.50,都市：住,,,,01020047
RPTRMLNJPHIFFAF58DC,文化段,.34,都市：住,,,,11980000
RPWSMLNJPHIFFAF88CC,新板段三小段,10.77,都市：其他:第二種特定專用區,,,,00250000
RPURMLNJPHIFFAF68DC,文化段,.34,都市：住,,,,11980000
RPXNMLNJPHIFFIF86EC,三福段,83.27,都市：其他:部分工業用地部分道路用地,,,,04620000
RPXNMLOJPHIFFAF58CC,光仁段,51.67,都市：住,,,,23700000
RPRRMLOJPHIFFAF38CC,中山段,23.10,都市：其他:第一種特定專用區,,,,06680000
RPPSMLOJPHIFFBF38CC,中原段,38.19,都市：住,,,,03340000
RPUSMLOJPHIFFBF88CC,興化段,109.00,都市：工,,,,02510000
RPUQMLNJPHIFFDF78CC,崇德段,18.94,非都市： ; 非都市編定：,,,,01320000
RPSQMLOJPHIFFCF58CC,明德段,28.11,都市：住,,,,06020000
RPWQMLNJPHIFFDF98CC,建成段,162.09,都市：住,,,,08070000
RPSRMLNJPHIFFDF68CC,智興段,746.00,都市：住,,,,11180000
RPORMLNJPHIFFDF28CC,智興段,6686.00,都市：住,,,,01040000
RPXQMLNJPHIFFDF09CC,智興段,1624.00,都市：住,,,,02890000
RPQOMLOJPHIFFEF38CC,新興段,35.53,都市：住,,,,07430000
RPPQMLOJPHIFFHF78CC,南工段,1.30,都市：其他:,,,,00950000
RPPQMLOJPHIFFHF78CC,南工段,18.43,都市：其他:,,,,00960000
RPPQMLOJPHIFFHF78CC,南工段,4.41,都市：其他:,,,,00970000
RPPQMLOJPHIFFHF78CC,南工段,2.63,都市：其他:,,,,00980000
RPOPMLPJPHIFFCF18CC,寶強段,25.90,都市：其他:部分住四.部分道路用地,,,,06990000
RPVNMLPJPHIFFHF56CC,板南段,30.72,都市：工,,,,03110000
RPPTMLPJPHIFFEF88CC,學府段,83.72,都市：住,,,,11230000
RPSNMLPJPHIFFHF88CC,板南段,14.06,都市：工,,,,03110000
RPSOMLSJPHIFFDF88CC,智興段,.00,都市：商,,,,04410000
RPQQMLPJPHIFFDF58CC,福德段,17.00,都市：住,,,,08560000
RPQQMLPJPHIFFDF58CC,福德段,163.44,都市：住,,,,08510000
RPRQMLPJPHIFFDF68CC,福德段,17.00,都市：住,,,,08560000
RPRQMLPJPHIFFDF68CC,福德段,163.44,都市：住,,,,08510000
RPTOMLSJPHIFFDF98CC,智興段,.00,都市：商,,,,05600000
RPTOMLSJPHIFFDF98CC,智興段,.00,都市：商,,,,05600001
RPTOMLSJPHIFFDF98CC,智興段,.00,都市：商,,,,05600002
RPUOMLSJPHIFFDF09CC,智興段,.00,都市：商,,,,02650000
RPUOMLSJPHIFFDF09CC,智興段,.00,都市：其他:,,,,02650001
RPWOMLSJPHIFFDF66CC,建成段,.00,都市：住,,,,07090000
RPXOMLSJPHIFFDF76CC,叭嗹港段叭嗹港口小段,.00,都市：住,,,,04200000
RPWQMLSJPHIFFDF86CC,同新段,37.07,都市：工,,,,00130000
RPSQMLSJPHIFFDF09CC,昊天段,54.81,都市：工,,,,10860000
RPXQMLSJPHIFFDF96CC,昊天段,54.04,都市：工,,,,10860000
RPQRMLSJPHIFFDF98CC,同新段,56.70,都市：工,,,,00130000
RPRRMLSJPHIFFDF09CC,智興段,.00,都市：商,,,,04410000
RPRRMLSJPHIFFAF78CC,江子翠段第一崁小段,28.75,都市：住,,,,01050059
RPWRMLSJPHIFFDF96CC,工建段,116.84,都市：工,,,,07810000
RPPRMLSJPHIFFBF68CC,榮富段,32.28,都市：住,,,,07260000
RPORMLSJPHIFFBF58CC,中原段,.00,都市：住,,,,01530000
RPRRMLSJPHIFFBF88CC,力行段,22.26,都市：住,,,,10190000
RPQTMLSJPHIFFBF98CC,新工段一小段,14657.75,都市：其他:丁種建築用地,,,,00020000
RPRPMLSJPHIFFHF66CC,板南段,12.55,都市：工,,,,03110000
RPSNMLSJPHIFFGF56DC,幸福段,.00,都市：工,,,,15390000
RPOPMLSJPHIFFBF48DC,石土地公段蓬萊坑小段,6.59,都市：住,,,,00080015
RPUOMLTJPHIFFDF76EC,保長段,3.90,都市：住,,,,09950000
RPVOMLTJPHIFFDF86EC,保長段,6.77,都市：住,,,,09950000
RPWOMLTJPHIFFDF96EC,保長段,6.70,都市：住,,,,09950000
RPXOMLTJPHIFFDF07EC,保長段,3.90,都市：住,,,,09950000
RPSTMLPJPHIFFBF88CC,同榮段,22.69,都市：住,,,,02850000
RPSUMLPJPHIFFBF98CC,建林段,12.93,都市：商,,,,03800000
RPSUMLPJPHIFFBF98CC,建林段,.10,都市：商,,,,03800001
RPVRMLTJPHIFFHF37CC,民有段,.00,都市：住,,,,02140000
RPVRMLTJPHIFFHF37CC,民有段,.00,都市：住,,,,02150000
RPVRMLTJPHIFFHF37CC,民有段,.00,都市：住,,,,02160000
RPVRMLTJPHIFFHF37CC,民有段,.00,都市：住,,,,02170000
RPVPMLTJPHIFFDF96EC,保長段,3.90,都市：住,,,,09950000
RPOPMLTJPHIFFDF88EC,保長段,3.90,都市：住,,,,09950000
RPWPMLTJPHIFFEF96CC,飛歌段,32.99,都市：住,,,,05670000
RPUPMLOJPHIFFGF09CC,二重埔段五谷王小段,.00,都市：工,,,,00460105
RPVUMLTJPHIFFGF57CC,九芎段,21.05,都市：住,,,,02100000
RPPQMLTJPHIFFEF98CC,海鷗段,.00,都市：住,,,,04840000
RPOSMLTJPHIFFBF78CC,洲子段洲子小段,14.65,都市：工,,,,02880000
RPXPMLTJPHIFFEF07CC,飛歌段,32.99,都市：住,,,,05670000
RPXWMLTJPHIFFBF47CC,同興段,.00,都市：住,,,,01390000
RPWWMLTJPHIFFBF37CC,國宅段,7.16,都市：住,,,,00160001
RPUWMLTJPHIFFBF17CC,自立段,.00,都市：住,,,,09770000
RPVWMLTJPHIFFBF27CC,文德段,.00,都市：住,,,,08870000
RPPNNLTJPHIFFBF48CC,榮富段,11.53,都市：住,,,,08530000
RPQNNLTJPHIFFBF58CC,榮富段,.00,都市：住,,,,09060001
RPSNNLTJPHIFFBF78CC,民安段,15.02,都市：住,,,,07020000
RPTNNLTJPHIFFBF88CC,榮富段,9.92,都市：住,,,,08500001
RPURMLTJPHIFFAF56CC,金城段,.00,都市：住,,,,04650000
RPOOMLTJPHIFFDF58CC,同新段,11.99,都市：工,,,,00130000
RPVRMLTJPHIFFAF66CC,篤行段,.00,都市：住,,,,01860000
RPPOMLTJPHIFFDF68CC,同新段,50.18,都市：工,,,,00130000
RPQOMLTJPHIFFDF78CC,同新段,17.45,都市：工,,,,00130000
RPVQMLTJPHIFFDF86CC,保安段,26.84,都市：工,,,,11910000
RPUQMLTJPHIFFDF76CC,同新段,27.48,都市：工,,,,00130000
RPROMLKKPHIFFCF97CC,順安段,.00,都市：住,,,,04090000
RPSOMLTJPHIFFDF98CC,昊天段,28.69,都市：工,,,,10860000
RPTNMLKKPHIFFHF58CC,福祥段,.00,都市：其他:,,,,04010000
RPTOMLKKPHIFFHF68CC,秀山段,27.35,都市：住,,,,03550000
RPVNMLKKPHIFFGF68CC,保新段,727.27,都市：農,,,,01100000
RPRPMLKKPHIFFHF58CC,秀山段,51.31,都市：住,,,,07280000
RPXPMLSJPHIFFEF17EC,公司田段,35.68,都市：住,,,,01930000
RPOPMLLKPHIFFDF18EC,保長段,6.70,都市：住,,,,09950000
RPOQMLSJPHIFFEF98EC,公司田段,49.57,都市：住,,,,01930000
RPQPMLLKPHIFFIF78DC,大安段,.00,都市：工,,,,02170000
RPOOMLLKPHIFFBF87EC,立言段,228.26,都市：住,,,,01570000
RPPSMLMJPHIFFIF88CC,大學段一小段,15.69,都市：商,,,,00530000
RPUPMLKKPHIFFIF98CC,大學段一小段,33.50,都市：住,,,,01830000
RPSSMLMJPHIFFIF56CC,大學段一小段,5.00,都市：住,,,,01580000
RPWOMLSJPHIFFIF17CC,大學段二小段,26.04,都市：商,,,,00900000
RPVOMLLKPHIFFHF98CC,公園段,22.11,都市：住,,,,04370000
RPPPMLLKPHIFFDF28EC,保長段,6.70,都市：住,,,,10540000
RPXNMLKKPHIFFHF09DC,福和段,96.00,都市：商,,,,09980000
RPSPMLLKPHIFFIF88CC,大學段一小段,17.29,都市：商,,,,00490000
RPVPMLLKPHIFFIF56CC,大學段二小段,16.06,都市：商,,,,00900000
RPPPMLLKPHIFFCF97CC,復興段,.00,非都市： ; 非都市編定：,,,,03830000
RPTPMLLKPHIFFCF38CC,寶元段,.00,非都市： ; 非都市編定：,,,,02730000
RPWOMLLKPHIFFCF58CC,復興段,.00,非都市： ; 非都市編定：,,,,05350000
RPORMLLKPHIFFAF87CC,幸福段,34.10,都市：住,,,,11230001
RPWQMLLKPHIFFAF58CC,大庭段,28.80,都市：住,,,,13500000
RPWRMLLKPHIFFBF78CC,五股坑段五股坑小段,80.00,都市：住,,,,02430013
RPPSMLLKPHIFFAF08CC,民生段,102.51,都市：住,,,,07880000
RPRPMLLKPHIFFDF28CC,汐止段下寮小段,51.30,都市：住,,,,07520000
RPROMLLKPHIFFDF18CC,智興段,.00,都市：住,,,,01040000
RPRPMLLKPHIFFBF08CC,建林段,22.89,都市：住,,,,00630000
RPSOMLLKPHIFFDF28CC,智興段,.00,都市：商,,,,04410024
RPSOMLLKPHIFFDF28CC,智興段,.00,都市：其他:,,,,04410029
RPQPMLMKPHIFFCF18CC,惠國段,18.93,都市：住,,,,10020000
RPURMLMKPHIFFGF56CC,三民段,.00,都市：住,,,,09030000
RPVOMLMKPHIFFIF66DC,鳳祥段,31.51,都市：商,,,,12970000
RPTPMLMKPHIFFCF48CC,惠國段,18.93,都市：住,,,,10020000
RPUNMLOKPHIFFEF78CC,公司田段,30.24,都市：住,,,,00270001
RPTSMLMKPHIFFAF58CC,江子翠段第二崁小段,.00,都市：住,,,,01570000
RPWQMLMKPHIFFAF68CC,文化段,9.06,都市：住,,,,11980000
RPVNMLPKPHIFFHF66CC,公園段,14.00,都市：住,,,,06500000
RPVNMLPKPHIFFCF78CC,明德段,23.17,都市：住,,,,04810000
RPSOMLPKPHIFFHF09CC,大智段,.00,都市：住,,,,00160000
RPSNMLPKPHIFFCF48CC,中正段,.00,都市：住,,,,07980000
RPTNMLOKPHIFFIF09CC,大學段一小段,11.94,都市：商,,,,00490000
RPVQMLPKPHIFFCF09CC,中正段,.00,都市：住,,,,07980000
RPUOMLPKPHIFFDF88CC,智興段,.00,都市：商,,,,04410000
RPPOMLPKPHIFFAF28EC,忠義段,29.40,都市：商,,,,01240000
RPVOMLPKPHIFFDF98CC,建成段,3733.89,都市：住,,,,04290000
RPSQMLPKPHIFFAF58CC,延和段,22.99,都市：住,,,,01280000
RPTOMLPKPHIFFDF78CC,智興段,.00,都市：商,,,,04860000
RPXPMLPKPHIFFEF96EC,新興段,17.77,都市：住,,,,05830000
RPSQMLPKPHIFFHF66CC,健康段,259.00,都市：工,,,,07920000
RPXNMLQKPHIFFDF56CC,建成段,96.09,都市：其他:,,,,10790000
RPPQMLQKPHIFFAF38CC,海山段,.00,都市：住,,,,20650000
RPXNMLQKPHIFFEF66CC,新興段,26.39,都市：住,,,,07430000
RPOQMLQKPHIFFDF58CC,建成段,9.03,都市：住,,,,04390000
RPQOMLQKPHIFFEF68CC,新興段,27.72,都市：住,,,,05430000
RPTRMLQKPHIFFEF66CC,公司田段,.00,都市：住,,,,01920000
RPUOMLQKPHIFFHF76CC,中原段,191.64,都市：工,,,,07560000
RPVOMLQKPHIFFHF86CC,中原段,.00,都市：工,,,,03540000
RPVOMLQKPHIFFHF86CC,中原段,.00,都市：工,,,,03550000
RPRSMLQKPHIFFEF56CC,海鷗段,8.53,都市：住,,,,00150000
RPOSMLQKPHIFFHF56CC,南勢段,.00,都市：住,,,,01790000
RPVNMLQKPHIFFIF86CC,大學段二小段,10.38,都市：商,,,,00980000
RPOQMLQKPHIFFIF09CC,礁溪段,485.00,都市：住,,,,03650001
RPVOMLRKPHIFFEF66CC,公司田段,15.55,都市：商,,,,00350000
RPUUMLQKPHIFFBF76CC,建林段,42.29,都市：住,,,,08630000
RPOSMLLKPHIFFBF08CC,建林段,42.29,都市：住,,,,08630000
RPRRMLMKPHIFFBF38CC,建林段,44.89,都市：住,,,,00930000
RPPQMLMKPHIFFBF08CC,力行段,23.93,都市：住,,,,00150000
RPWTMLQKPHIFFBF86CC,建林段,25.81,都市：住,,,,04660000
RPPOMLRKPHIFFGF88CC,三重埔段竹圍子小段,118.79,都市：住,,,,00640000
RPUOMLRKPHIFFGF76CC,仁義段,.00,非都市： ; 非都市編定：,,,,05710001
RPSQMLRKPHIFFBF88CC,中原段,719.00,都市：住,,,,03340000
RPRTMLSKPHIFFAF09CC,永和段,21.60,都市：其他:道路用地,,,,05850000
RPRTMLSKPHIFFAF09CC,永和段,1714.66,都市：工,,,,05880000
RPRTMLSKPHIFFAF09CC,永和段,16.35,都市：其他:道路用地,,,,05880001
RPRTMLSKPHIFFAF09CC,永和段,2215.00,都市：工,,,,05890000
RPQOMLSKPHIFFDF78CC,智興段,.00,都市：商,,,,05600000
RPQOMLSKPHIFFDF78CC,智興段,.00,都市：商,,,,05600001
RPQOMLSKPHIFFDF78CC,智興段,.00,都市：商,,,,05600002
RPUPMLSKPHIFFBF09CC,幸福段,239.88,都市：工,,,,08240000
RPUPMLSKPHIFFBF09CC,幸福段,242.07,都市：工,,,,08250000
RPUPMLSKPHIFFBF09CC,幸福段,7.93,都市：工,,,,08390000
RPUPMLSKPHIFFBF09CC,幸福段,10.27,都市：工,,,,08400000
RPROMLSKPHIFFDF88CC,智興段,.00,都市：住,,,,00410000
RPORMLRKPHIFFBF58CC,民安段,21.55,都市：住,,,,06890000
RPQOMLSKPHIFFGF09CC,民族段,22.52,都市：住,,,,06330000
RPTQMLSKPHIFFIF17CC,大學段一小段,7.27,都市：住,,,,01270000
RPVOMLSKPHIFFIF17CC,大學段二小段,1680.04,都市：住,,,,01170000
RPTRMLSKPHIFFGF07CC,德新段,.00,都市：商,,,,00650000
RPVPMLSKPHIFFHF17CC,景新段,.00,都市：住,,,,04630000
RPRPMLTKPHIFFIF96CC,大學段一小段,24.30,都市：商,,,,00520000
RPVRMLSKPHIFFGF27CC,過田段,.00,都市：商,,,,03330000
RPWOMLTKPHIFFGF17CC,二重埔段五谷王小段,4.92,都市：住,,,,00960011
RPXOMLRKPHIFFEF86CC,新市段,29.35,都市：住,,,,00870000
RPPRMLTKPHIFFDF09CC,金龍段,19.30,都市：住,,,,06980000
RPTPMLTKPHIFFDF66CC,智興段,11.90,都市：住,,,,01040000
RPXOMLTKPHIFFBF76CC,榮富段,33.15,都市：住,,,,04170000
RPXOMLTKPHIFFEF07CC,新興段,.01,都市：住,,,,06470001
RPXOMLTKPHIFFEF07CC,新興段,3.26,都市：住,,,,06470000
RPRPMLTKPHIFFBF88CC,雙鳳段,31.03,都市：商,,,,01660000
RPWOMLTKPHIFFBF66CC,榮富段,14.69,都市：住,,,,00500000
RPUPMLTKPHIFFBF56CC,富國段,5.26,都市：住,,,,05570000
RPVPMLTKPHIFFBF66CC,泰林段,31.76,都市：商,,,,10000000
RPPUMLTKPHIFFBF56CC,立德段,60.67,都市：住,,,,10360000
RPRTMLTKPHIFFBF66CC,榮富段,47.89,都市：住,,,,06960000
RPXPMLTKPHIFFBF86CC,榮富段,22.74,都市：住,,,,07440000
RPQVMLTKPHIFFBF76CC,安和段,10.81,都市：工,,,,03850000
RPTUMLTKPHIFFBF96CC,榮富段,14.23,都市：住,,,,08820000
RPTVMLTKPHIFFBF07CC,中原段,14.46,都市：住,,,,01530000
RPXUMLTKPHIFFBF37CC,副都心段一小段,5.92,都市：住,,,,00110000
RPOOMLTKPHIFFEF88DC,鄧公段,.00,非都市： ; 非都市編定：,,,,03330000
RPRVMLTKPHIFFBF86CC,榮富段,17.69,都市：住,,,,08680000
RPRNMLLLPHIFFIF68CC,大學段二小段,24.69,都市：商,,,,00930000
RPXOMLKLPHIFFBF58CC,力行段,12.90,都市：住,,,,02590001
RPPNMLLLPHIFFIF48CC,大學段二小段,13.70,都市：商,,,,00980000
RPQNMLKLPHIFFEF08CC,新市段,.00,都市：住,,,,00120000
RPPPMLMLPHIFFIF78CC,和平段,3.68,都市：住,,,,04380000
RPVOMLMLPHIFFEF88CC,飛歌段,15.22,都市：住,,,,02550000
RPQNMLMLPHIFFDF18CC,智興段,.00,都市：商,,,,02650000
RPQNMLMLPHIFFDF18CC,智興段,.00,都市：其他:,,,,02650001
RPUPMLMLPHIFFEF09EC,海鷗段,4.85,都市：住,,,,11920000
RPRNMLMLPHIFFDF28CC,智興段,.00,都市：商,,,,02650000
RPRNMLMLPHIFFDF28CC,智興段,.00,都市：其他:,,,,02650001
RPVPMLMLPHIFFEF56EC,水仙段,2.07,都市：住,,,,00670000
RPSNMLMLPHIFFDF38CC,智興段,.00,都市：商,,,,04410000
RPSPMLNLPHIFFBF48CC,豐年段,19.23,都市：住,,,,03950000
RPTOMLNLPHIFFBF48CC,文德段,135.53,都市：住,,,,00060000
RPTRMLNLPHIFFBF78CC,和平段,3.46,都市：住,,,,00010000
RPPQMLNLPHIFFGF78CC,正義段,.00,都市：住,,,,01180000
RPQOMLNLPHIFFHF78CC,水源段,25.37,都市：住,,,,04430000
RPQQMLNLPHIFFHF98CC,連城段,.00,都市：住,,,,01670000
RPWRMLNLPHIFFHF07CC,水源段,.00,非都市： ; 非都市編定：,,,,00010000
RPPSMLOLPHIFFHF56CC,福祥段,1691.31,都市：住,,,,00660000
RPSQMLNLPHIFFHF56CC,興南段,30.10,都市：住,,,,05430000
RPRRMLOLPHIFFEF98CC,大八里坌段蛇子形小段,.00,非都市： ; 非都市編定：,,,,00560007
RPVQMLOLPHIFFEF66CC,大八里坌段蛇子形小段,.00,都市：住,,,,03620000
RPWQMLOLPHIFFEF76CC,新市段,17.18,都市：住,,,,00870000
RPOPMLOLPHIFFEF48CC,水?頭段瓦?坑小段,19.50,都市：住,,,,00090016
RPOPMLOLPHIFFEF48CC,水?頭段瓦?坑小段,103.00,都市：住,,,,00130005
RPOSMLOLPHIFFEF78CC,新市段,.00,都市：住,,,,00120000
RPQNMLLLPHIFFCF97CC,明德段,.00,非都市： ; 非都市編定：,,,,00310000
RPUOMLRKPHIFFCF98CC,香坡段,5.47,都市：住,,,,04960000
RPRTMLOLPHIFFEF56CC,海天段,24.05,都市：其他:,,,,00460000
RPPOMLRKPHIFFCF48CC,明德段,.00,非都市： ; 非都市編定：,,,,08420000
RPXPMLRKPHIFFCF76CC,寶元段,.00,都市：工,,,,01740001
RPXPMLRKPHIFFCF76CC,寶元段,.00,都市：工,,,,01740000
RPQUMLOLPHIFFEF56CC,海天段,27.36,都市：其他:,,,,04600000
RPVTMLOLPHIFFEF96CC,竹圍段,.00,都市：住,,,,06770000
RPVTMLOLPHIFFEF96CC,竹圍段,.00,都市：住,,,,08120001
RPVTMLOLPHIFFEF96CC,竹圍段,.00,都市：住,,,,08090001
RPVTMLOLPHIFFEF96CC,竹圍段,.00,都市：住,,,,08030002
RPVTMLOLPHIFFEF96CC,竹圍段,.00,都市：其他:公園用地,,,,08030004
RPOUMLOLPHIFFEF98CC,海天段,22.91,都市：其他:,,,,04600000
RPRUMLOLPHIFFEF66CC,海天段,30.80,都市：其他:,,,,04600000
RPWTMLOLPHIFFEF07CC,海天段,33.47,都市：其他:,,,,04600000
RPTUMLOLPHIFFEF86CC,飛歌段,52.24,非都市： ; 非都市編定：,,,,07900003
RPOPMLOLPHIFFCF38DC,復興段,.00,非都市： ; 非都市編定：,,,,01700000
RPSUMLOLPHIFFEF76CC,海天段,27.36,都市：其他:,,,,04600000
RPPOMLPLPHIFFCF48DC,寶橋段,.00,非都市： ; 非都市編定：,,,,03250000
RPUUMLOLPHIFFEF96CC,馬偕段,.00,都市：工,,,,01960000
RPPSMLOLPHIFFEF98DC,海鷗段,11.81,都市：住,,,,08960000
RPUNMLPLPHIFFDF09EC,水源段,10.82,都市：住,,,,12700000
RPUNMLPLPHIFFDF09EC,水源段,.06,都市：住,,,,12700001
RPXRMLOLPHIFFEF07DC,海鷗段,6.28,都市：住,,,,11920000
RPQOMLPLPHIFFGF88CC,三重埔段後埔小段,.00,非都市： ; 非都市編定：,,,,00290002
RPTNMLPLPHIFFHF56CC,得林段,65.58,都市：住,,,,02410000
RPTNMLPLPHIFFHF56CC,得林段,.43,都市：住,,,,02410001
RPTNMLPLPHIFFIF66CC,大學段一小段,.00,都市：住,,,,01240000
RPXNMLPLPHIFFIF07CC,大學段一小段,14.92,都市：商,,,,00500000
RPTPMLQLPHIFFDF09CC,昊天段,49.64,都市：工,,,,10860000
RPQPMLQLPHIFFDF78CC,同新段,19.63,都市：工,,,,00130000
RPURMLQLPHIFFDF76CC,工建段,.00,都市：工,,,,00100000
RPPOMLPLPHIFFDF48CC,保長段,1525.38,都市：住,,,,10540000
RPURMLQLPHIFFBF56CC,思源段,13.63,都市：住,,,,06000000
RPWTMLPLPHIFFBF86CC,建林段,16.06,都市：住,,,,08040000
RPOONLQLPHIFFBF38CC,五工段,.00,都市：其他:,,,,02110000
RPXRMLPLPHIFFBF76CC,力行段,12.74,都市：商,,,,07380000
RPPPMLQLPHIFFBF48CC,自立段,15.87,都市：住,,,,05960000
RPRTMLQLPHIFFBF09CC,思源段,19.11,都市：住,,,,06000000
RPVSMLQLPHIFFBF76CC,榮富段,.00,都市：住,,,,03510000
RPSONLQLPHIFFBF78CC,國宅段,14.28,都市：住,,,,00050027
RPVONLQLPHIFFBF09CC,建林段,34.92,都市：住,,,,00930000
RPXSMLQLPHIFFEF27CC,公司田段,21.07,都市：住,,,,00350000
RPVPMLQLPHIFFEF76CC,中興段,.00,非都市： ; 非都市編定：,,,,03430000
RPWPMLQLPHIFFEF86CC,中興段,.00,非都市： ; 非都市編定：,,,,03430000
RPQPMLQLPHIFFDF98EC,保長段,8.46,都市：住,,,,09950000
RPXOMLQLPHIFFDF96EC,保長段,12.76,都市：住,,,,09950000
RPPQMLQLPHIFFDF98EC,保長段,5.50,都市：住,,,,10570000
RPOQMLQLPHIFFDF88EC,保長段,6.70,都市：住,,,,09950000
RPTNMLQLPHIFFBF88EC,榮富段,86.01,都市：住,,,,03960000
RPWPMLQLPHIFFDF96EC,保長段,6.77,都市：住,,,,09950000
RPRPMLQLPHIFFDF09EC,保長段,8.53,都市：住,,,,09950000
RPVPMLQLPHIFFDF86EC,保長段,3.90,都市：住,,,,09950000
RPUNMLRLPHIFFIF96CC,鳳祥段,68.00,都市：住,,,,13850000
RPOPMLTLPHIFFDF88CC,智興段,.00,都市：商,,,,04710000
RPOPMLTLPHIFFDF88CC,智興段,.00,都市：住,,,,04760000
RPQNMLRLPHIFFDF68CC,智興段,.00,都市：商,,,,05110000
RPOOMLRLPHIFFBF48DC,安和段,19026.49,都市：工,,,,03850000
RPOOMLRLPHIFFBF48DC,安和段,46.73,都市：工,,,,03850001
RPOOMLRLPHIFFBF48DC,安和段,6.43,都市：工,,,,03850002
RPOOMLRLPHIFFBF48DC,安和段,7323.83,都市：工,,,,05180000
RPOOMLRLPHIFFBF48DC,安和段,82.71,都市：工,,,,05180001
RPOOMLRLPHIFFBF48DC,安和段,21.68,都市：工,,,,05180002
RPPNMLRLPHIFFEF68CC,大義段,1.86,都市：住,,,,00380000
RPRPMLTLPHIFFGF86CC,中原段,25.96,都市：住,,,,05950000
RPOOMLTLPHIFFCF68CC,寶橋段,.00,都市：商,,,,05490000
RPOOMLTLPHIFFCF68CC,寶橋段,.00,都市：商,,,,05500000
RPTOMLTLPHIFFCF56CC,民安段,.00,都市：住,,,,03330000
RPVNMLKMPHIFFCF48CC,中央段,41.76,都市：住,,,,07870000
RPPTMLTLPHIFFHF17CC,四維段,.00,都市：住,,,,00470000
RPPOMLPLPHIFFHF88CC,健康段,137.67,都市：工,,,,10940000
RPXNMLTLPHIFFEF17DC,鄧公段,17.44,都市：住,,,,04970000
RPUNMLPLPHIFFHF66CC,得林段,65.58,都市：住,,,,02410000
RPUNMLPLPHIFFHF66CC,得林段,.43,都市：住,,,,02410001
RPOSMLKMPHIFFEF48CC,長興段,22.59,都市：住,,,,01540000
RPWPMLKMPHIFFDF88CC,北山段,.00,都市：住,,,,04620000
RPRSMLKMPHIFFEF78CC,新興段,21.63,都市：住,,,,07420000
RPSOMLLMPHIFFDF48CC,新峰段,200.00,非都市： ; 非都市編定：,,,,02590000
RPQQMLLMPHIFFDF48CC,金龍段,33.16,都市：住,,,,00060000
RPUQMLLMPHIFFDF88CC,金龍段,33.16,都市：住,,,,00060000
RPQSMLLMPHIFFAF38CC,大安段,54.23,都市：工,,,,07450000
RPUQMLLMPHIFFEF98CC,正德段,21.91,都市：住,,,,01980000
RPWNMLLMPHIFFHF76EC,文化段,.00,都市：住,,,,00860000
RPWPMLKMPHIFFBF68CC,光明段,29.60,都市：住,,,,10450000
RPQOMLRLPHIFFBF58CC,中泰段,24.45,都市：住,,,,02050000
RPPOMLRLPHIFFBF48CC,和平段,4.85,都市：住,,,,08100000
RPSNMLRLPHIFFBF68CC,副都心段五小段,26.70,都市：住,,,,00010000
RPOWMLTLPHIFFBF76CC,成功段,.00,都市：住,,,,02310000
RPUNMLRLPHIFFBF88CC,榮富段,27.42,都市：住,,,,01480000
