﻿鄉鎮市區,交易標的,土地位置建物門牌,土地面積平方公尺,都市土地使用分區,非都市土地使用分區,非都市土地使用編定,租賃年月日,租賃筆棟數,租賃層次,總樓層數,建物型態,主要用途,主要建材,建築完成年月,建物總面積平方公尺,建物現況格局-房,建物現況格局-廳,建物現況格局-衛,建物現況格局-隔間,有無管理組織,有無附傢俱,總額元,單價元平方公尺,車位類別,車位面積平方公尺,車位總額元,備註,編號
The villages and towns urban district,transaction sign,land sector position building sector house number plate,land shifting total area square meter,the use zoning or compiles and checks,the non-metropolis land use district,non-metropolis land use,transaction year month and day,transaction pen number,shifting level,total floor number,building state,main use,main building materials,construction to complete the years,building shifting total area,Building present situation pattern - room,building present situation pattern - hall,building present situation pattern - health,building present situation pattern - compartmented,Whether there is manages the organization,Whether there is attaches the furniture,total price NTD,the unit price (NTD / square meter),the berth category,berth shifting total area square meter,the berth total price NTD,the note,serial number
彰化市,房地(土地+建物),彰化縣彰化巿三民路403巷25號,50.0,住,,,1020501,土地1建物1車位0,全,3,透天厝,住商用,加強磚造,0680808,126.0,4,2,3,有,無,有,14000,111,,0.0,0,,RPPOMLLJNHIFFAN18CC
彰化市,建物,彰化縣彰化巿中山路一段５５６巷２１弄２４之１號７樓,0.0,住,,,1020416,土地0建物1車位0,七層,13,住宅大樓(11層含以上有電梯),見其他登記事項,鋼筋混凝土造,0831004,112.78,3,2,2,有,有,有,10000,89,,0.0,0,,RPROMLNJNHIFFAN58CC
彰化市,房地(土地+建物),彰化縣彰化巿中山路一段395巷75號1樓A室,78.0,住,,,1020501,土地0建物0車位0,全,3,透天厝,住家用,加強磚造,0661213,83.96,5,0,5,有,無,有,5500,66,,0.0,0,,RPXNMLNJNHIFFAN56DC
和美鎮,房地(土地+建物),彰化縣和美鎮湖北路126之1號,1671.12,農,特定農業區,甲種建築用地,1020501,土地2建物2車位0,一層,1,倉庫,住家用,見其他登記事項,1010817,868.05,0,0,0,無,無,無,32000,,,0.0,0,,RPQNMLRJNHIFFBN98DC
埤頭鄉,房地(土地+建物),彰化縣埤頭鄉斗苑東路40號,84.0,,特定農業區,甲種建築用地,1020510,土地1建物1車位0,全,2,透天厝,住商用,加強磚造,0690628,108.23,2,2,2,有,無,無,6800,63,,0.0,0,,RPTNMLKKNHIFFFN98CC
二林鎮,土地,儒田段390地號,2271.06,農,,,1020327,土地2建物0車位0,,,其他,,,,0.0,0,1,1,有,無,有,40000,18,,0.0,0,含增建或未登記建物。第四年起租金為新台幣4萬5千元。,RPWNMLNKNHIFFGN07CC
埔鹽鄉,土地,三省段586地號,2289.0,,特定農業區,農牧用地,1020430,土地1建物0車位0,,,其他,,,,0.0,0,0,0,無,無,無,28000,12,,0.0,0,,RPQNMLKLNHIFFHN98CC
溪湖鎮,房地(土地+建物),彰化縣溪湖鎮崙子腳路57之16號,80.0,住,,,1020505,土地1建物1車位0,全,2,透天厝,住商用,加強磚造,0730706,97.2,3,2,2,有,無,無,8500,87,,0.0,0,,RPWNMLKLNHIFFHN96CC
和美鎮,房地(土地+建物),彰化縣和美鎮南陵路497巷3號,88.0,住,特定農業區,甲種建築用地,1020516,土地1建物1車位0,全,3,透天厝,住家用,鋼筋混凝土造,0831124,132.04,4,2,3,有,無,無,7500,57,,0.0,0,,RPPNMLKLNHIFFBN38DC
彰化市,房地(土地+建物),彰化縣彰化巿中山路二段53號,83.0,住,,,1020701,土地1建物1車位0,全,4,透天厝,住商用,鋼筋混凝土造,0700722,167.28,0,0,0,無,無,無,25000,149,,0.0,0,,RPQNMLKLNHIFFAN38DC
彰化市,房地(土地+建物),彰化縣彰化巿中民街14巷6號,90.75,住,,,1020501,土地2建物1車位0,全,2,透天厝,住家用,鋼筋混凝土加強磚造,0590128,90.75,2,2,2,有,無,無,10000,110,,0.0,0,,RPQOMLTLNHIFFAN66CC
彰化市,土地,牛稠子段牛稠子小段34-6地號,248.0,工,,,1020507,土地1建物0車位0,,,工廠,,,,0.0,3,0,2,有,無,無,20000,,,0.0,0,,RPTOMLTLNHIFFAN96CC
員林市,建物,彰化縣員林鎮育英路15號12F,22.77,住,,,1020601,土地0建物1車位0,十二層,16,住宅大樓(11層含以上有電梯),見其他登記事項,鋼筋混凝土造,0840821,130.92,4,2,2,有,有,無,11000,84,,0.0,0,,RPPNMLLMNHIFFDN78DC
彰化市,房地(土地+建物)+車位,彰化縣彰化巿旭光路251巷1號2樓,43.81,住,,,1020608,土地1建物1車位1,二層,7,華廈(10層含以下有電梯),住家用,鋼筋混凝土造,0840415,102.29,3,2,2,有,有,有,10000,98,升降機械,0.0,0,,RPWNMLKKOHIFFAN98DC
花壇鄉,土地,明德段615地號,6437.83,農,,,1020501,土地1建物0車位0,,,其他,,,,0.0,0,0,0,有,無,無,194744,30,,0.0,0,,RPWPMLSKOHIFFAN37DC
線西鄉,房地(土地+建物),彰化縣線西鄉下犁路193之1號,1632.0,,特定農業區,農牧用地,1020525,土地1建物1車位0,一層,1,農舍,農舍,鐵造,0810811,1281.57,0,0,0,無,無,無,35000,,,0.0,0,,RPPNMLTKOHIFFBN56CC
鹿港鎮,土地,埔崙段537地號,83.86,住,,,1020701,土地1建物0車位0,,,店面(店鋪),,,,0.0,0,0,0,有,無,無,6000,72,,0.0,0,,RPQNMLPLOHIFFCN56DC
和美鎮,房地(土地+建物),彰化縣和美鎮西園路171號,261.0,住,,,1020701,土地1建物1車位0,全,1,透天厝,工業用,鋼筋混凝土加強磚造,0570620,193.78,2,2,1,有,無,有,12000,62,,0.0,0,,RPPNMLPLOHIFFBN98DC
員林市,房地(土地+建物),彰化縣員林鎮林森路293號,102.0,商,,,1020605,土地1建物1車位0,二層,3,店面(店鋪),住家用,鋼筋混凝土加強磚造,0641006,143.76,1,2,2,有,無,無,35000,243,,0.0,0,,RPUNMLQLOHIFFDN17DC
埔心鄉,土地,霖鳳段1064地號,2236.0,農,,,1020601,土地1建物0車位0,,,其他,,,,0.0,0,0,0,無,無,無,56000,25,,0.0,0,本租賃契約標的含未辦保存登記鐵皮屋300坪,RPWNMLLJPHIFFHN17DC
彰化市,房地(土地+建物),彰化縣彰化巿崙平南路150號,57.0,住,,,1020715,土地1建物1車位0,全,4,透天厝,見其他登記事項,鋼筋混凝土造,0840504,35.1,5,3,4,有,無,無,6500,185,,0.0,0,,RPROMLMKPHIFFAN78CC
彰化市,房地(土地+建物),彰化縣彰化巿中山路1段288號1樓,144.0,住,,,1020801,土地1建物1車位0,一層,1,店面(店鋪),見其他登記事項,見其他登記事項,0981109,99.55,0,0,0,無,無,無,30000,301,,0.0,0,,RPQPMLPKPHIFFAN56DC
花壇鄉,房地(土地+建物),彰化縣花壇鄉彰員路二段261號,72.68,其他,,,1020701,土地1建物1車位0,全,2,透天厝,住工用,鋼筋混凝土造,0760321,109.48,2,2,2,有,無,無,6000,55,,0.0,0,,RPQNMLQKPHIFFAN09DC
花壇鄉,房地(土地+建物),彰化縣花壇鄉中山路二段122-1號,90.19,住,,,1020710,土地1建物1車位0,全,3,透天厝,住家用,鋼筋混凝土造,0760727,177.3,4,2,3,有,無,無,5000,28,,0.0,0,,RPRNMLQKPHIFFAN56DC
彰化市,房地(土地+建物)+車位,彰化縣彰化巿西勢街212號,39.16,住,,,1020701,土地1建物1車位1,見其他登記事項,7,華廈(10層含以下有電梯),住商用,鋼筋混凝土造,0871020,152.06,2,1,3,有,有,無,16000,105,升降機械,0.0,0,,RPSNMLQKPHIFFAN66DC
花壇鄉,房地(土地+建物),彰化縣花壇鄉彰員路二段261號,72.68,其他,,,1020701,土地1建物1車位0,全,2,透天厝,住工用,鋼筋混凝土造,0760321,109.48,2,2,2,有,無,無,6000,55,,0.0,0,,RPUNMLQKPHIFFAN86DC
鹿港鎮,房地(土地+建物),彰化縣鹿港鎮頂厝里鹿和路一段261巷24號,108.0,住,,,1020801,土地1建物1車位0,全,2,透天厝,住商用,鋼筋混凝土加強磚造,0670815,86.32,3,2,2,有,無,有,10000,116,,0.0,0,,RPQNMLRKPHIFFCN76DC
彰化市,房地(土地+建物),彰化縣彰化巿永樂街164號,44.0,商,,,1020801,土地1建物1車位0,全,3,透天厝,住商用,加強磚造,0460615,142.2,0,0,0,無,無,無,20000,141,,0.0,0,,RPQOMLSKPHIFFAN76DC
和美鎮,房地(土地+建物),彰化縣和美鎮彰美路六段156號,146.25,商,,,1020701,土地2建物1車位0,一層,4,店面(店鋪),住商用,鋼筋混凝土造,0790116,453.26,6,1,4,有,無,無,10000,22,,0.0,0,,RPRNMLSKPHIFFBN76CC
大村鄉,房地(土地+建物),彰化縣大村鄉學府路88號,62914.0,工,山坡地保育區,丁種建築用地,1020620,土地1建物1車位0,一層,1,工廠,工業用,鋼造,0780503,34367.2,0,0,0,無,無,無,1627500,,,0.0,0,,RPWNMLTKPHIFFDN57CC
員林市,土地,三條段600-4地號,187.0,其他,,,1020711,土地1建物0車位0,,,其他,,,,0.0,0,0,0,有,無,無,14000,75,,0.0,0,,RPSNMLTKPHIFFDN27DC
大村鄉,土地,慶安段516地號,498.27,,特定農業區,農牧用地,1020701,土地2建物0車位0,,,其他,,,,0.0,0,0,0,有,無,無,45000,90,,0.0,0,,RPXOMLOLPHIFFDN37CC
員林市,房地(土地+建物),彰化縣員林鎮田中央巷1弄39號,71.23,,特定農業區,甲種建築用地,1020628,土地1建物1車位0,全,4,透天厝,住家用,鋼筋混凝土造,0850203,172.43,4,3,3,有,無,有,10000,58,,0.0,0,,RPVNMLPLPHIFFDN17CC
和美鎮,房地(土地+建物),彰化縣和美鎮糖友一街3號,57.52,商,特定農業區,甲種建築用地,1020720,土地1建物1車位0,全,4,透天厝,住商用,鋼筋混凝土造,0891114,128.32,4,2,3,有,無,無,20000,156,,0.0,0,,RPTNMLQLPHIFFBN96DC
彰化市,房地(土地+建物),彰化縣彰化巿建國南路54號14樓,15.73,住,,,1020701,土地1建物1車位0,十四層,14,住宅大樓(11層含以上有電梯),住家用,鋼筋混凝土造,0850629,120.28,3,2,2,有,有,有,7020,58,,0.0,0,,RPWNMLKMPHIFFAN66DC
