﻿編號,屋齡,建物移轉面積平方公尺,主要用途,主要建材,建築完成日期,總層數,建物分層
The serial number,room age,building shifting area square meter,the main use,main building materials,construction completes the date,total layer,building lamination
RPXNMLPJOHIFFDP27CC,6,243.66,店舖、住宅、停車空間,鋼筋混凝土造,96年9月27日,四層,
RPPNMLPLOHIFFCP56CC,38,109.20,商業用,加強磚造,64年7月15日,二層,
RPPNMLTLOHIFFDP07CC,17,267.35,住家用,鋼筋混凝土造,85年11月8日,四層,
RPWNMLOKOHIFFDP17CC,12,136.57,住家用,鋼筋混凝土造,90年9月19日,七層,
RPWNMLOKOHIFFDP17CC,12,43.69,地下室、騎樓、門廳、梯間、機械房、水箱,鋼筋混凝土造,90年9月19日,七層,
RPWNMLOKOHIFFDP17CC,12,12.89,樓梯間、電梯間,鋼筋混凝土造,90年9月19日,七層,
RPPNMLTJPHIFFDP96CC,4,175.62,店鋪、住宅、停車空間,鋼筋混凝土造,98年9月1日,四層,
