﻿鄉鎮市區,交易標的,土地位置建物門牌,土地面積平方公尺,都市土地使用分區,非都市土地使用分區,非都市土地使用編定,租賃年月日,租賃筆棟數,租賃層次,總樓層數,建物型態,主要用途,主要建材,建築完成年月,建物總面積平方公尺,建物現況格局-房,建物現況格局-廳,建物現況格局-衛,建物現況格局-隔間,有無管理組織,有無附傢俱,總額元,單價元平方公尺,車位類別,車位面積平方公尺,車位總額元,備註,編號
The villages and towns urban district,transaction sign,land sector position building sector house number plate,land shifting total area square meter,the use zoning or compiles and checks,the non-metropolis land use district,non-metropolis land use,transaction year month and day,transaction pen number,shifting level,total floor number,building state,main use,main building materials,construction to complete the years,building shifting total area,Building present situation pattern - room,building present situation pattern - hall,building present situation pattern - health,building present situation pattern - compartmented,Whether there is manages the organization,Whether there is attaches the furniture,total price NTD,the unit price (NTD / square meter),the berth category,berth shifting total area square meter,the berth total price NTD,the note,serial number
西螺鎮,土地,埔東段23地號,24.67,住,,,1020507,土地1建物0車位0,,,其他,,,,0.0,2,2,1,有,無,有,4000,162,,0.0,0,地上建物未保存登記土地為共有,RPQNMLOKNHIFFCP98CC
西螺鎮,土地,埔東段586地號,80.19,住,,,1020520,土地1建物0車位0,,,其他,,,,0.0,0,0,0,有,無,無,3000,37,,0.0,0,,RPRNMLLLNHIFFCP88CC
虎尾鎮,房地(土地+建物),雲林縣虎尾鎮文科路66號,85.67,住,,,1020601,土地1建物1車位0,全,4,透天厝,見其他登記事項,鋼筋混凝土造,0960927,243.66,3,3,5,有,無,有,20000,82,,0.0,0,,RPXNMLPJOHIFFDP27CC
虎尾鎮,房地(土地+建物),雲林縣虎尾鎮立仁街65號二樓,32.95,住,,,1020701,土地1建物1車位0,二層,7,華廈(10層含以下有電梯),住家用,鋼筋混凝土造,0900919,193.14999999999998,3,2,2,有,有,無,10000,52,,0.0,0,,RPWNMLOKOHIFFDP17CC
西螺鎮,房地(土地+建物),雲林縣西螺鎮文昌路75號1樓,71.0,住,,,1020621,土地1建物1車位0,全,3,透天厝,商業用,加強磚造,0640715,109.2,1,0,1,有,無,有,5000,46,,0.0,0,僅租1間套房,RPPNMLPLOHIFFCP56CC
虎尾鎮,房地(土地+建物),雲林縣虎尾鎮興南路587號,111.0,其他,特定農業區,甲種建築用地,1020620,土地1建物1車位0,全,4,透天厝,住家用,鋼筋混凝土造,0851108,267.35,5,3,3,有,有,有,15000,56,,0.0,0,,RPPNMLTLOHIFFDP07CC
虎尾鎮,房地(土地+建物),雲林縣虎尾鎮民主路18-8號,111.71,住,,,1020801,土地1建物1車位0,全,4,透天厝,見其他登記事項,鋼筋混凝土造,0980901,175.62,4,3,3,有,無,有,22000,125,,0.0,0,,RPPNMLTJPHIFFDP96CC
