﻿編號,屋齡,建物移轉面積平方公尺,主要用途,主要建材,建築完成日期,總層數,建物分層
The serial number,room age,building shifting area square meter,the main use,main building materials,construction completes the date,total layer,building lamination
RPSNMLQKNHIFFDQ96CC,17,191.73,住家用,鋼筋混凝土造,85年7月17日,四層,
RPOOMLRKNHIFFDQ76CC,6,175.55,店舖、集合住宅、停車空間,鋼筋混凝土造,95年12月22日,四層,
RPSNMLRJNHIFFBQ76CC,17,166.07,住商用,鋼筋混凝土造,85年7月10日,四層,
RPSNMLLLOHIFFBQ09CC,7,17.27,住家用,鋼筋混凝土造,95年8月28日,八層,
RPRNMLLLOHIFFBQ98CC,7,17.27,住家用,鋼筋混凝土造,95年8月28日,八層,
RPSNMLSLOHIFFBQ17CC,7,31.23,住家用,鋼筋混凝土造,95年8月28日,八層,
RPTNMLLLOHIFFBQ56CC,7,17.27,住家用,鋼筋混凝土造,95年8月28日,八層,
RPTNMLSLOHIFFBQ27CC,7,31.22,住家用,鋼筋混凝土造,95年8月28日,八層,
