﻿編號,屋齡,建物移轉面積平方公尺,主要用途,主要建材,建築完成日期,總層數,建物分層
The serial number,room age,building shifting area square meter,the main use,main building materials,construction completes the date,total layer,building lamination
RPUNMLTJNHIFFAV37CA,18,109.18,集合住宅、店舖,鋼骨混凝土造,84年9月26日,七層,一層 二層 陽台 平台 騎樓 夾層
RPUNMLTJNHIFFAV37CA,18,22.39,防空避難室、停車間,鋼骨混凝土造,84年9月26日,七層,
RPUNMLTJNHIFFAV37CA,18,2.33,樓梯、電梯、機械房、水箱,鋼骨混凝土造,84年9月26日,七層,
RPWNMLKKNHIFFAV76CA,,137.72,住家用,加強磚造,,二層,一層 二層 騎樓
RPPOMLRKNHIFFAV86CA,,109.58,集合住宅,鋼筋混凝土造,84年2月17日,八層,二層 陽台 花台
RPTNMLQJNHIFFAV07DA,18,32.66,集合住宅,鋼筋混凝土結構造,84年10月4日,十二層,七層
RPROMLNKNHIFFAV76DA,32,130.72,住家用,加強磚造,69年10月6日,二層,一層 二層 騎樓
RPPNMLQJNHIFFAV56CA,34,111.70,住家用,加強磚造,67年12月22日,二層,一層 二層 騎樓
RPWNMLPKNHIFFAV27CA,29,67.50,住家用,磚造瓦屋頂,73年7月1日,一層,一層 騎樓
RPQOMLOKNHIFFAV66CA,20,91.65,住家用,鋼筋混凝土造,82年9月9日,四層,三層
RPSNMLTLNHIFFAV37CA,,467.57,工廠,ＲＣ造,102年3月1日,三層,一層 二層 三層 見其他登記事項
RPWNMLKLNHIFFAV86CA,39,79.32,住家用,鐵筋水泥磚,62年11月5日,二層,一層 二層 騎樓
RPOOMLRJNHIFFAV66CA,38,187.01,住家用,鐵筋水泥磚,64年3月27日,二層,一層 二層 騎樓
RPWNMLRJNHIFFAV37CA,21,149.18,住家用,加強磚造,81年10月17日,二層,一層 二層 屋頂突出物
RPQNMLSJNHIFFAV86CA,,225.81,住家用,鋼筋混凝土造,102年1月22日,三層,一層 二層 三層 見其他登記事項
RPPNMLOLNHIFFBV66CA,24,136.82,住家用,鋼筋混凝土造,78年5月22日,三層,一層 二層 三層 騎樓
RPXNMLOKNHIFFAV27CA,18,108.48,鄉村住宅,鋼筋混凝土造,83年12月17日,三層,一層 二層 三層 陽台
RPTNMLNKNHIFFAV86DA,29,109.34,住家用,加強磚造,72年12月24日,二層,一層 二層 騎樓
RPSNMLSJNHIFFAV17DA,30,104.86,國民住宅,鋼筋混凝土造,72年10月4日,四層,四層 陽台
RPSNMLSJNHIFFAV17DA,,5.21,樓梯間,鋼筋水泥,,四層,
RPQOMLKKNHIFFAV88CA,2,200.75,住家用,ＲＣ造,100年1月27日,三層,一層 二層 三層 騎樓 見其他登記事項
RPPNMLOKNHIFFCV76DA,1,195.36,騎樓、Ｈ２住宅,鋼筋混凝土造,101年7月30日,三層,一層 二層 三層 騎樓 見其他登記事項
RPPNMLPKNHIFFAV56CA,22,183.71,住家用,鋼筋混凝土造,80年7月1日,四層,一層 二層 三層 四層
RPTNMLPKNHIFFAV96CA,9,162.91,住家用,鋼筋混凝土造,93年6月10日,三層,一層 二層 三層 見其他登記事項
RPSOMLOKNHIFFAV96DA,18,219.52,住家用,鋼筋混凝土造,83年11月24日,三層,一層 二層 三層 陽台 屋頂突出物
RPTNMLOKNHIFFAV96DA,15,255.96,騎樓．住宅．店舖,鋼筋混凝土造,87年5月11日,四層,一層 二層 三層 四層 陽台 騎樓
RPPNMLNKNHIFFDV66CA,18,30.45,套房,鋼筋混凝土造,84年7月14日,八層,七層 見其他登記事項
RPPNMLNKNHIFFDV66CA,18,7.85,樓梯．電梯．機械房．水箱．清水池．走道．陽台．屋頂突出物,鋼筋混凝土造,84年7月14日,八層,
RPQNMLRKNHIFFDV27DA,15,30.45,商業用,鋼筋混凝土造,87年3月6日,十五層,十三層 陽台
RPQNMLRKNHIFFDV27DA,15,32.05,商業用,鋼筋混凝土造,87年3月6日,十五層,十五層 露台
RPQNMLRKNHIFFDV27DA,15,34.90,商業用,鋼筋混凝土造,87年3月6日,十層,九層 陽台
RPQNMLRKNHIFFDV27DA,15,33.07,商業用,鋼筋混凝土造,87年3月6日,十層,十層 露台
RPXNMLOLNHIFFAV37CA,,200.46,住家用,ＲＣ造,102年2月5日,三層,一層 二層 三層 屋頂突出物 見其他登記事項
RPVNMLKLNHIFFAV76CA,19,18.22,集合住宅,鋼筋混凝土造,83年3月2日,五層,四層
RPVNMLKLNHIFFAV76CA,19,8.02,樓梯間．走道．共同使用,鋼筋混凝土造,83年3月2日,五層,
RPOOMLNKNHIFFAV98CA,,222.06,住家用,ＲＣ造,102年3月21日,三層,一層 二層 三層 見其他登記事項
RPXNMLNKNHIFFAV17CA,,109.68,住家用,ＲＣ造,102年3月21日,三層,一層 二層 三層 見其他登記事項
RPXNMLNKNHIFFAV17CA,,109.68,住家用,ＲＣ造,102年3月21日,三層,一層 二層 三層 見其他登記事項
RPWNMLMLNHIFFAV07CA,,216.85,住家用,ＲＣ造,102年2月5日,三層,一層 二層 三層 屋頂突出物 見其他登記事項
RPSNMLOKNHIFFAV76CA,20,158.91,集合住宅,鋼筋混凝土造,82年6月22日,五層,三層 四層 五層
RPVNMLPKNHIFFAV17CA,16,165.55,住家用,鋼筋混凝土造,86年2月4日,三層,一層 二層 三層 陽台 雨遮
RPVNMLOLNHIFFAV17CA,,213.44,住家用,ＲＣ造,102年2月5日,三層,一層 二層 三層 屋頂突出物 見其他登記事項
RPWNMLOLNHIFFAV27CA,,214.81,住家用,ＲＣ造,102年2月5日,三層,一層 二層 三層 屋頂突出物 見其他登記事項
RPPNMLKLNHIFFCV09DA,29,125.46,住商用,鋼筋混凝土造,73年5月10日,三層,一層 二層 三層 騎樓
RPQNMLKLNHIFFBV09DA,19,193.74,住家用,鋼筋混凝土造,83年1月25日,三層,一層 二層 三層 陽台
RPPOMLOLNHIFFAV66CA,,216.85,住家用,ＲＣ造,102年2月5日,三層,一層 二層 三層 屋頂突出物 見其他登記事項
RPOOMLOLNHIFFAV56CA,,234.52,住家用,ＲＣ造,102年2月5日,三層,一層 二層 三層 屋頂突出物 見其他登記事項
RPUNMLPKNHIFFAV07CA,31,123.60,住家用,加強磚造,70年12月3日,二層,一層 二層 陽台 騎樓
RPOOMLQKNHIFFAV66CA,17,362.02,住宅、停車空間,鋼筋混凝土造,85年6月1日,五層,一層 二層 三層 四層 五層 平台
RPOOMLRKNHIFFAV76CA,25,128.61,住家用,加強磚造,77年2月3日,二層,一層 二層 屋頂突出物
RPQOMLQKNHIFFAV86CA,,221.83,住家用,ＲＣ造,102年3月21日,三層,一層 二層 三層 見其他登記事項
RPSNMLLJOHIFFAV09CA,39,123.98,住家用,鐵筋水泥磚,63年1月15日,三層,一層 二層 三層
RPXNMLPJOHIFFAV47DA,5,205.76,農舍,ＲＣ造,97年2月26日,一層,一層 屋頂突出物
RPPNMLLLNHIFFAV88CA,20,29.06,住家用,鋼筋混凝土造,82年10月27日,六層,六層
RPPNMLLLNHIFFAV88CA,20,15.37,共同使用部份：樓梯．電梯．地下室．走廊,鋼筋混凝土造,82年10月27日,六層,
RPPOMLQKNHIFFAV86DA,14,274.56,住家用,鋼筋混凝土造,88年2月12日,四層,一層 二層 三層 四層 陽台 平台
RPVNMLRKNHIFFAV47DA,44,66.16,住家用,鐵筋水泥磚,58年2月1日,二層,一層 二層
RPTNMLQKNHIFFAV17DA,18,83.95,集合住宅,鋼筋混凝土造,84年1月25日,十層,五層 陽台 花台
RPTNMLQKNHIFFAV17DA,,2.09,樓梯，電梯，機械房,鋼筋混凝土造,,十層,
RPTNMLQKNHIFFAV17DA,18,9.24,樓梯．電梯間,鋼筋混凝土造,84年1月25日,十層,
RPTNMLQKNHIFFAV17DA,18,2.23,門廳．車道．水箱．交誼廳．通道,鋼筋混凝土造,84年1月25日,十層,
RPTNMLQKNHIFFAV17DA,18,11.37,防空避難室．配電室．停車空間,鋼筋混凝土造,84年1月25日,十層,
RPPNMLKLNHIFFAV78CA,27,47.74,住商用,鋼筋混凝土造,75年1月17日,四層,一層 二層 三層 四層 陽台 屋頂突出物
RPPNMLKLNHIFFAV78CA,27,47.74,住商用,鋼筋混凝土造,75年1月17日,四層,一層 二層 三層 四層 陽台 屋頂突出物
RPROMLQJOHIFFAV96CA,32,103.96,住家用,加強磚造,69年12月9日,二層,一層 二層 騎樓
RPSNMLKLNHIFFAV09CA,30,.99,國民住宅、走道,鋼筋混凝土造,72年2月9日,四層,
RPSNMLKLNHIFFAV09CA,30,102.86,國民住宅,鋼筋混凝土造,72年2月9日,四層,二層 陽台
RPSNMLKLNHIFFAV09CA,30,1.15,國民住宅、走道,鋼筋混凝土造,72年2月9日,四層,
RPSNMLKLNHIFFAV09CA,30,5.86,國民住宅、走道,鋼筋混凝土造,72年2月9日,四層,
RPQNMLKLNHIFFAV88CA,,350.31,住家用,ＲＣ造,102年4月10日,四層,一層 二層 三層 四層 見其他登記事項
RPPNMLMLNHIFFAV09DA,35,121.02,住家用,加強磚造,67年9月26日,二層,一層 二層 騎樓 夾層
RPRNMLNLNHIFFDV96CA,28,119.11,住家用,加強磚造,74年2月12日,二層,一層 二層 騎樓
RPSNMLLLNHIFFAV66DA,17,262.20,人行店舖．集合住宅,鋼筋混凝土造,85年5月23日,四層,一層 二層 三層 四層 騎樓 見其他登記事項
SPSNMLPJOHIFFAV07DA,32,81.77,住家用,加強磚造,70年2月26日,三層,一層 二層 三層
RPSNMLPJOHIFFAV96DA,32,79.40,住家用,加強磚造,70年2月26日,三層,一層 二層 三層
RPPNMLMLNHIFFBV56DA,19,293.70,農舍,鋼筋混凝土造,83年8月31日,三層,一層 二層 三層 陽台
RPTNMLNLNHIFFAV86CA,18,78.10,集合住宅,鋼筋混凝土造,84年6月1日,五層,二層 見其他登記事項
RPTNMLNLNHIFFAV86CA,18,9.16,停車空間．兼儲藏室（共同使用）,鋼筋混凝土造,84年6月1日,五層,
RPTNMLNLNHIFFAV86CA,18,10.93,樓梯．通廊．瞭望台．水箱．蓄水池（共同使用）,鋼筋混凝土造,84年6月1日,五層,
RPOPMLQJOHIFFAV76CA,20,28.00,集合住宅,鋼筋混凝土造,82年10月26日,六層,二層
RPOPMLQJOHIFFAV76CA,20,11.62,電梯間、樓梯間、避難室、走道,鋼筋混凝土造,82年10月26日,六層,
RPXNMLNLNHIFFAV27CA,,214.91,住家用,ＲＣ造,102年2月5日,三層,一層 二層 三層 屋頂突出物 見其他登記事項
RPTNMLMLNHIFFAV86DA,28,102.38,住家用,加強磚造,74年9月2日,二層,一層 二層 騎樓
RPSNMLRLNHIFFCV37CA,51,45.60,商業用,木蓋鐵皮,51年3月18日,一層,一層
RPSNMLRLNHIFFCV37CA,51,27.75,住家用,木蓋鐵皮,51年3月18日,一層,一層
RPRNMLOLNHIFFCV07DA,31,199.43,住商用,鋼筋混凝土造,71年9月20日,三層,一層 二層 三層 騎樓 電梯樓梯間
RPPNMLOLNHIFFAV56CA,,200.32,住家用,ＲＣ造,102年2月5日,三層,一層 二層 三層 屋頂突出物 見其他登記事項
RPUNMLOLNHIFFAV07CA,31,184.61,住家用,鋼筋混凝土造,70年12月30日,三層,一層 二層 三層 騎樓
RPRNMLOLNHIFFAV76CA,17,179.58,鄉村住宅,鋼筋混凝土造,84年12月13日,三層,一層 二層 三層 陽台 屋頂突出物 花台
RPRNMLLJOHIFFAV98CA,34,234.36,住家用,加強磚造,68年6月2日,二層,一層 二層 騎樓 見其他登記事項
RPTNMLLJOHIFFAV56CA,12,176.57,住家用,鋼筋混凝土造,90年4月11日,四層,一層 二層 三層 四層 陽台 屋頂突出物
RPXOMLQJOHIFFAV57CA,18,79.66,集合住宅,鋼筋混凝土造,84年1月25日,十層,六層 陽台 花台
RPXOMLQJOHIFFAV57CA,,2.14,樓梯，電梯，機械房,鋼筋混凝土造,,十層,
RPXOMLQJOHIFFAV57CA,18,9.44,樓梯．電梯間,鋼筋混凝土造,84年1月25日,十層,
RPXOMLQJOHIFFAV57CA,18,2.26,門廳．車道．水箱．交誼廳．通道,鋼筋混凝土造,84年1月25日,十層,
RPXOMLQJOHIFFAV57CA,18,11.52,防空避難室．配電室．停車空間,鋼筋混凝土造,84年1月25日,十層,
RPQNMLOLNHIFFAV76DA,19,57.48,集合住宅,鋼筋混凝土造,83年4月19日,十四層,六層 陽台
RPQNMLOLNHIFFAV76DA,19,17.83,避難室，電梯．樓梯．地下室．通廊共同使用,鋼筋混凝土造,83年4月19日,十四層,
RPPNMLOLNHIFFDV86CA,2,179.67,住家用,ＲＣ造,99年12月27日,三層,一層 二層 三層
RPTNMLRLNHIFFCV57DA,19,124.75,住家用,加強磚造,83年2月28日,一層,一層
RPPNMLNJOHIFFAV98CA,,214.81,住家用,ＲＣ造,102年2月5日,三層,一層 二層 三層 屋頂突出物 見其他登記事項
RPQNMLLJOHIFFAV88CA,29,91.99,住家用,加強磚造,73年4月3日,二層,一層 二層
RPROMLSLNHIFFAV27CA,19,91.49,國民住宅,鋼筋混凝土造,82年12月3日,四層,四層 陽台
RPUNMLKKOHIFFAV66CA,31,80.52,住家用,鋼筋混凝土加強磚造,71年10月20日,四層,一層
RPUNMLKKOHIFFAV66CA,31,12.77,避難室,鋼筋混凝土加強磚造,71年10月20日,四層,
RPUNMLKKOHIFFAV66CA,31,9.66,走道,鋼筋混凝土加強磚造,71年10月20日,四層,
RPQOMLOLNHIFFAV76CA,21,196.65,住家用,鋼筋混凝土造,81年7月22日,三層,一層 二層 三層 屋頂突出物
RPRNMLKMNHIFFAV09CA,17,40.82,集合住宅,鋼筋混凝土造,85年6月28日,九層,六層 花台
RPRNMLKMNHIFFAV09CA,17,8.35,電梯，樓梯共同使用,鋼筋混凝土造,85年6月28日,九層,
RPRNMLKMNHIFFAV09CA,17,4.65,配電室．樓梯．電梯．機械房．通道．水箱．人行共同使用,鋼筋混凝土造,85年6月28日,九層,
RPSNMLRLNHIFFAV17CA,,256.63,住家用,ＲＣ造,101年10月31日,三層,一層 二層 三層 見其他登記事項
RPQOMLNJOHIFFAV56CA,19,79.35,集合住宅,鋼筋混凝土造,83年4月19日,十四層,九層 陽台
RPQOMLNJOHIFFAV56CA,19,22.29,避難室，電梯．樓梯．地下室．通廊共同使用,鋼筋混凝土造,83年4月19日,十四層,
RPPOMLNJOHIFFAV09CA,17,97.58,集合住宅,鋼筋混凝土造,85年6月21日,七層,五層 陽台
RPPOMLNJOHIFFAV09CA,17,11.86,主要內容：樓梯．電梯（共同使用）,鋼筋混凝土造,85年6月21日,七層,
RPPOMLNJOHIFFAV09CA,17,6.88,電梯．水箱．機械房．樓梯共同使用,鋼筋混凝土造,85年6月21日,七層,
RPPOMLNJOHIFFAV09CA,17,6.89,車道．樓梯．配電室．機械房．蓄水池．機車停車位共同使用,鋼筋混凝土造,85年6月21日,七層,
RPPOMLNJOHIFFAV09CA,17,16.82,防空避難室暨停車空間共同使用,鋼筋混凝土造,85年6月21日,七層,
RPVNMLOKOHIFFAV17CA,20,97.31,集合住宅,鋼筋混凝土造,82年10月19日,七層,三層 陽台 花台
RPVNMLOKOHIFFAV17CA,20,273.06,集合住宅（共同使用）,鋼筋混凝土造,82年10月19日,七層,
RPVNMLOKOHIFFAV17CA,20,10.93,樓梯間（共同使用）,鋼筋混凝土造,82年10月19日,七層,
RPUNMLOKOHIFFAV07CA,,479.35,住家用,ＲＣ造,102年4月2日,三層,一層 二層 三層 屋頂突出物 見其他登記事項
RPQNMLNJOHIFFAV09CA,9,273.21,住家用,鋼筋混凝土造,93年8月27日,三層,一層 二層 三層 見其他登記事項
RPQOMLQJOHIFFAV86CA,1,220.88,住家用,ＲＣ造,102年4月2日,三層,一層 二層 三層 見其他登記事項
RPSOMLQJOHIFFAV07CA,1,250.00,住家用,ＲＣ造,102年4月2日,三層,一層 二層 三層 見其他登記事項
RPOOMLQJOHIFFAV66CA,1,226.50,住家用,ＲＣ造,102年4月2日,三層,一層 二層 三層 見其他登記事項
RPPNMLSLNHIFFAV07DA,1,100.95,農舍,鋼骨ＲＣ造,101年5月28日,一層,一層
RPQNMLOKOHIFFAV76DA,9,211.94,住家用,鋼筋混凝土造,93年11月11日,三層,一層 二層 三層 屋頂突出物 見其他登記事項
RPQNMLLKOHIFFCV56CA,27,225.00,住家用,加強磚造,74年11月16日,二層,
RPUNMLSLNHIFFAV57DA,32,137.39,住家用,加強磚造,70年8月18日,二層,一層 二層 騎樓
RPQNMLNKOHIFFAV66DA,17,73.40,集合住宅,鋼筋混凝土造,85年3月26日,八層,七層 見其他登記事項
RPQNMLNKOHIFFAV66DA,17,8.44,電梯．樓梯．通道．水箱．機械房．公共使用,鋼筋混凝土造,85年3月26日,八層,
RPQNMLNKOHIFFAV66DA,17,12.89,防空避難室．停車空間,鋼筋混凝土造,85年3月26日,八層,
RPWNMLSLNHIFFAV67CA,3,202.24,住家用,ＲＣ造,99年5月14日,三層,一層 二層 三層 見其他登記事項
RPTOMLKKOHIFFAV66CA,19,97.15,國民住宅,鋼筋混凝土造,82年12月3日,四層,二層 陽台
RPTOMLKKOHIFFAV66CA,19,2.07,避難室．機械室．共同使用,鋼筋混凝土造,82年12月3日,四層,
RPTOMLKKOHIFFAV66CA,19,.23,樓梯間．共同使用,鋼筋混凝土造,82年12月3日,四層,
RPTOMLKKOHIFFAV66CA,19,.64,樓梯間．公同使用,鋼筋混凝土造,82年12月3日,四層,
RPTOMLKKOHIFFAV66CA,19,.24,樓梯間．公同使用,鋼筋混凝土造,82年12月3日,四層,
RPTOMLKKOHIFFAV66CA,19,3.29,避難室．機械室．公同使用,鋼筋混凝土造,82年12月3日,四層,
RPTOMLKKOHIFFAV66CA,19,.24,樓梯間．屋頂突出物．公同使用,鋼筋混凝土造,82年12月3日,四層,
RPTOMLKKOHIFFAV66CA,19,.24,樓梯間．屋頂突出物．公同使用,鋼筋混凝土造,82年12月3日,四層,
RPOQMLQJOHIFFAV86CA,23,155.35,住家用,加強磚造,79年4月27日,二層,一層 二層 屋頂突出物
RPVNMLKMNHIFFAV86CA,14,220.68,住家用,鋼筋混凝土造,87年12月24日,三層,一層 二層 三層 陽台 屋頂突出物
RPUNMLOJOHIFFAV96CA,7,235.32,住家用,ＲＣ造,95年8月15日,三層,一層 二層 三層 屋頂突出物 見其他登記事項
RPRNMLPJOHIFFAV76CA,18,191.52,住商用,鋼筋混凝土造,84年5月18日,三層,一層 二層 三層 陽台 屋頂突出物 騎樓
RPUNMLRJOHIFFAV27CA,15,149.06,住家用,鋼骨架,86年11月19日,三層,一層 二層 三層 陽台 屋頂突出物
RPPNMLKMNHIFFAV98DA,13,101.71,人行、店舖,鋼筋混凝土造,88年11月26日,一層,一層 屋頂突出物 騎樓
RPQNMLKMNHIFFAV09DA,37,126.85,住家用,鐵筋水泥磚,65年4月14日,三層,一層 二層 三層 騎樓
RPPNMLRJOHIFFCV07DA,18,148.12,住家用,鋼筋混凝土造,84年10月12日,三層,一層 二層 三層 陽台 見其他登記事項
RPPNMLNJOHIFFCV66DA,20,99.68,住家用,加強磚造,82年11月18日,二層,一層 二層 屋頂突出物 騎樓
RPPOMLQJOHIFFAV76CA,1,220.88,住家用,ＲＣ造,102年4月2日,三層,一層 二層 三層 見其他登記事項
RPVOMLQJOHIFFAV37CA,39,88.35,住家用,鐵筋水泥磚,63年8月20日,三層,一層 二層 三層 騎樓
RPVOMLQJOHIFFAV37CA,39,88.35,住家用,鐵筋水泥磚,63年8月20日,三層,一層 二層 三層 騎樓
RPXNMLQJOHIFFAV47CA,1,252.49,住家用,ＲＣ造,102年4月2日,三層,一層 二層 三層 見其他登記事項
RPWNMLQJOHIFFAV37CA,1,291.49,住家用,ＲＣ造,102年4月2日,三層,一層 二層 三層 屋頂突出物 見其他登記事項
RPWNMLOKOHIFFAV27CA,34,111.29,住家用,加強磚造,67年12月24日,二層,一層 二層 騎樓
RPQNMLRJOHIFFAV86CA,30,94.14,國民住宅,鋼筋混凝土造,72年2月22日,四層,三層 陽台
RPQNMLRJOHIFFAV86CA,30,6.83,國民住宅．走道,鋼筋混凝土造,72年2月22日,四層,
RPQOMLNKOHIFFAV66CA,34,107.64,住家用,加強磚造,68年4月20日,二層,一層 二層
RPQNMLKLOHIFFAV98CA,37,37.20,住家用,鋼筋混凝土加強磚造,65年11月2日,二層,一層 二層
RPRNMLTKOHIFFAV27CA,16,224.54,辦公室,鋼筋混凝土造,86年3月7日,七層,七層 陽台
RPRNMLTKOHIFFAV27CA,16,4.42,停車空間（共同使用）,鋼筋混凝土造,86年3月7日,,
RPRNMLTKOHIFFAV27CA,16,85.02,樓梯間共同使用,鋼筋混凝土造,86年3月7日,七層,
RPRNMLTKOHIFFAV27CA,16,43.49,避難室共同使用,鋼筋混凝土造,86年3月7日,,
RPQNMLSKOHIFFAV07CA,18,108.61,集合住宅、店舖,鋼骨混凝土造,84年9月26日,七層,一層 二層 陽台 平台 騎樓 夾層
RPQNMLSKOHIFFAV07CA,18,22.39,防空避難室、停車間,鋼骨混凝土造,84年9月26日,七層,
RPQNMLSKOHIFFAV07CA,18,2.33,樓梯、電梯、機械房、水箱,鋼骨混凝土造,84年9月26日,七層,
RPSNMLTKOHIFFAV37CA,16,4.38,停車空間（共同使用）,鋼筋混凝土造,86年3月7日,,
RPSNMLTKOHIFFAV37CA,16,84.10,樓梯間共同使用,鋼筋混凝土造,86年3月7日,七層,
RPSNMLTKOHIFFAV37CA,16,43.02,避難室共同使用,鋼筋混凝土造,86年3月7日,,
RPSNMLTKOHIFFAV37CA,16,221.76,辦公室,鋼筋混凝土造,86年3月7日,七層,六層 陽台
RPRNMLNJOHIFFAV56CA,29,125.52,住家用,加強磚造,73年6月26日,二層,一層 二層 陽台 騎樓
RPVNMLNJOHIFFAV96CA,17,76.34,住家用,鋼筋混凝土造,84年12月4日,十六層,十二層 陽台
RPVNMLNJOHIFFAV96CA,17,21.97,電梯．樓梯．走道．水箱．機械室．防空避難室及停車間（公共設施．共同使用）,鋼筋混凝土造,84年12月4日,十六層,
RPXNMLNJOHIFFAV17CA,,225.81,住家用,鋼筋混凝土造,102年1月22日,三層,一層 二層 三層 見其他登記事項
RPWNMLNJOHIFFAV07CA,16,21.97,集合住宅,鋼筋混凝土造,85年11月13日,七層,三層
RPWNMLNJOHIFFAV07CA,16,5.18,走廊,鋼筋混凝土造,85年11月13日,七層,
RPWNMLNJOHIFFAV07CA,16,8.16,電樓梯間．走廊．避難室兼停車場,鋼筋混凝土造,85年11月13日,七層,
RPWNMLNJOHIFFAV07CA,16,26.66,集合住宅,鋼筋混凝土造,85年11月13日,七層,三層
RPWNMLNJOHIFFAV07CA,16,6.28,走廊,鋼筋混凝土造,85年11月13日,七層,
RPWNMLNJOHIFFAV07CA,16,9.96,電樓梯間．走廊．避難室兼停車場,鋼筋混凝土造,85年11月13日,七層,
RPOOMLNJOHIFFAV98CA,41,74.70,住家用,鐵筋水泥磚,61年5月1日,二層,一層 二層 騎樓
RPQNMLOJOHIFFCV86DA,31,113.72,住家用,加強磚造,70年12月30日,二層,一層 二層 騎樓
RPSNMLLLOHIFFAV66CA,19,102.02,國民住宅,鋼筋混凝土造,82年12月3日,四層,四層 陽台
RPSNMLLLOHIFFAV66CA,19,2.26,避難室．機械室．共同使用,鋼筋混凝土造,82年12月3日,四層,
RPSNMLLLOHIFFAV66CA,19,.25,樓梯間．共同使用,鋼筋混凝土造,82年12月3日,四層,
RPSNMLLLOHIFFAV66CA,19,.25,樓梯間．公同使用,鋼筋混凝土造,82年12月3日,四層,
RPSNMLLLOHIFFAV66CA,19,.25,樓梯間．公同使用,鋼筋混凝土造,82年12月3日,四層,
RPSNMLLLOHIFFAV66CA,19,.25,樓梯間．公同使用,鋼筋混凝土造,82年12月3日,四層,
RPSNMLLLOHIFFAV66CA,19,.25,樓梯間．公同使用,鋼筋混凝土造,82年12月3日,四層,
RPSNMLLLOHIFFAV66CA,19,.25,樓梯間．公同使用,鋼筋混凝土造,82年12月3日,四層,
RPSNMLLLOHIFFAV66CA,19,.25,樓梯間．公同使用,鋼筋混凝土造,82年12月3日,四層,
RPSNMLOJOHIFFAV86DA,19,191.70,住家用,鋼筋混凝土造,83年6月14日,三層,一層 二層 三層 陽台 平台
RPPNMLOKOHIFFAV66DA,17,24.22,集合住宅,鋼筋混凝土造,85年6月28日,九層,三層 花台
RPPNMLOKOHIFFAV66DA,17,5.47,電梯，樓梯共同使用,鋼筋混凝土造,85年6月28日,九層,
RPPNMLOKOHIFFAV66DA,17,3.01,配電室．樓梯．電梯．機械房．通道．水箱．人行共同使用,鋼筋混凝土造,85年6月28日,九層,
RPWNMLRJOHIFFAV57DA,20,151.21,住家用,鋼筋混凝土造,82年10月13日,三層,一層 二層 三層
RPPOMLLKOHIFFAV98CA,30,147.01,住家用,加強磚造,72年4月26日,三層,一層 二層 三層
RPPNMLNKOHIFFAV09CA,17,152.18,住家用,鋼筋混凝土造,85年9月25日,三層,一層 二層 三層 陽台 屋頂突出物
RPSNMLLJPHIFFDV86CA,15,35.30,商業用,鋼筋混凝土造,87年3月6日,十五層,五層 陽台
RPSNMLLJPHIFFDV86CA,15,1.12,機房、樓梯,鋼筋混凝土造,87年3月6日,十五層,
RPSNMLLJPHIFFDV86CA,15,6.55,梯間、通道,鋼筋混凝土造,87年3月6日,十五層,
RPSNMLLJPHIFFDV86CA,15,5.06,通道、活動室、樓梯間、門廳、車道、辦公室,鋼筋混凝土造,87年3月6日,十層,
RPVNMLNKOHIFFAV07CA,13,28106.37,防空避難室，機房，中央廚房，人行道，展售場，中餐廳，娛樂室，國際會議廳，行政中心，花園餐廳，立體停車場，保齡球館，玄關，咖啡廳，宴會廳，劇場，客房，西餐廳,鋼筋混凝土造,89年6月8日,十六層,一層 二層 三層 四層 五層 六層 七層 八層 九層 十層 十一層 十二層 十三層 十四層 十五層 十六層 陽台 騎樓 地下一層 地下二層
RPVNMLNKOHIFFAV07CA,13,675.26,樓梯間，電梯間，機械房，瞭望台，水箱（共同使用）,鋼筋混凝土造,89年6月8日,十六層,
RPUNMLLKOHIFFAV76CA,20,50.59,集合住宅,鋼筋混凝土造,82年8月14日,七層,七層 陽台
RPUNMLLKOHIFFAV76CA,20,7.49,騎樓樓梯間、門廳、水箱、地下停車場,鋼筋混凝土造,82年8月14日,七層,
RPUNMLLKOHIFFAV76CA,20,.73,樓梯間,鋼筋混凝土造,82年8月14日,七層,
RPUNMLLKOHIFFAV76CA,20,4.71,樓梯間,鋼筋混凝土造,82年8月14日,七層,
RPTNMLRKOHIFFAV27CA,2,200.75,住家用,ＲＣ造,100年1月27日,三層,一層 二層 三層 騎樓 見其他登記事項
RPUNMLPLOHIFFAV27CA,14,133.32,住家用,鋼筋混凝土造,88年6月3日,三層,一層 二層 三層 陽台
RPPNMLPLOHIFFBV86CA,15,419.77,鄉村住宅,鋼筋混凝土造,87年2月16日,三層,一層 二層 三層 陽台 騎樓
RPRNMLLKOHIFFAV09CA,18,77.34,集合住宅,鋼筋混凝土造,84年1月25日,十層,三層 陽台 花台
RPRNMLLKOHIFFAV09CA,,2.14,樓梯，電梯，機械房,鋼筋混凝土造,,十層,
RPRNMLLKOHIFFAV09CA,18,9.44,樓梯．電梯間,鋼筋混凝土造,84年1月25日,十層,
RPRNMLLKOHIFFAV09CA,18,2.29,門廳．車道．水箱．交誼廳．通道,鋼筋混凝土造,84年1月25日,十層,
RPRNMLLKOHIFFAV09CA,18,11.67,防空避難室．配電室．停車空間,鋼筋混凝土造,84年1月25日,十層,
RPSOMLKKOHIFFAV66DA,16,66.73,集合住宅,鋼筋混凝土造,86年9月26日,五層,三層 陽台
RPSOMLKKOHIFFAV66DA,16,14.73,儲藏室、停車空間、蓄水池,鋼筋混凝土造,86年9月26日,五層,
RPSOMLKKOHIFFAV66DA,16,4.46,電梯．樓梯．走廊．水箱．機械房．儲藏室．瞭望台,鋼筋混凝土造,86年9月26日,五層,
RPVNMLOLOHIFFAV27CA,19,92.57,集合住宅,鋼筋混凝土造,83年5月16日,十三層,七層 陽台
RPVNMLOLOHIFFAV27CA,19,11.13,避難室,鋼筋混凝土造,83年5月16日,十三層,
RPVNMLOLOHIFFAV27CA,19,1.13,樓梯間走道,鋼筋混凝土造,83年5月16日,十三層,
RPVNMLOLOHIFFAV27CA,19,.75,樓梯間,鋼筋混凝土造,83年5月16日,十三層,
RPVNMLOLOHIFFAV27CA,19,.14,樓梯間,鋼筋混凝土造,83年5月16日,十三層,
RPVNMLOLOHIFFAV27CA,19,.53,樓梯間,鋼筋混凝土造,83年5月16日,十三層,
RPVNMLOLOHIFFAV27CA,19,.56,樓梯間,鋼筋混凝土造,83年5月16日,十三層,
RPVNMLOLOHIFFAV27CA,19,.14,樓梯間,鋼筋混凝土造,83年5月16日,十三層,
RPVNMLOLOHIFFAV27CA,19,.37,樓梯間,鋼筋混凝土造,83年5月16日,十三層,
RPVNMLOLOHIFFAV27CA,19,.30,樓梯間,鋼筋混凝土造,83年5月16日,十三層,
RPWNMLKKOHIFFAV86CA,17,29.35,集合住宅,鋼筋混凝土造,85年6月28日,九層,三層 陽台
RPWNMLKKOHIFFAV86CA,17,5.76,電梯，樓梯共同使用,鋼筋混凝土造,85年6月28日,九層,
RPWNMLKKOHIFFAV86CA,17,3.56,配電室．樓梯．電梯．機械房．通道．水箱．人行共同使用,鋼筋混凝土造,85年6月28日,九層,
RPTNMLKKOHIFFAV56CA,57,216.32,住商用,水泥磚木蓋塑膠,,二層,一層 二層 陽台 騎樓
RPOOMLKKOHIFFAV78CA,17,90.40,住家用,鋼筋混凝土造,85年6月28日,七層,二層 陽台 花台
RPOOMLKKOHIFFAV78CA,17,8.93,共同使用：樓梯．電梯,鋼筋混凝土造,85年6月28日,七層,
RPOOMLKKOHIFFAV78CA,17,6.12,樓梯、電梯、機械房、水箱共同使用,鋼筋混凝土造,85年6月28日,七層,
RPOOMLKKOHIFFAV78CA,17,3.99,車道、水箱、樓梯、機械房配電室共同使用　,鋼筋混凝土造,85年6月28日,七層,
RPOOMLKKOHIFFAV78CA,17,16.01,防空避難室暨停車空間共同使用,鋼筋混凝土造,85年6月28日,七層,
RPQOMLQLOHIFFBV17CA,30,47.00,住家用,加強磚造,72年11月9日,二層,一層 二層
RPWNMLNKOHIFFAV17CA,16,166.60,住家用,鋼筋混凝土造,85年12月6日,三層,一層 二層 三層 見其他登記事項
RPUNMLSKOHIFFAV47CA,30,106.29,國民住宅,鋼筋混凝土造,72年2月22日,四層,三層 陽台
RPUNMLSKOHIFFAV47CA,30,7.78,國民住宅．走道,鋼筋混凝土造,72年2月22日,四層,
RPXNMLSKOHIFFAV77CA,40,76.54,住家用,鐵筋水泥磚,61年11月28日,二層,一層 二層
RPPNMLNLOHIFFAV56CA,30,104.10,國民住宅,鋼筋混凝土造,72年2月22日,四層,一層 平台 騎樓
RPPNMLNLOHIFFAV56CA,30,6.64,國民住宅．走道,鋼筋混凝土造,72年2月22日,四層,
RPWNMLLKOHIFFAV07DA,38,67.68,住家用,加強磚造,64年5月24日,一層,一層 騎樓
RPOOMLNKOHIFFAV56DA,19,235.54,住商用,鋼筋混凝土造,83年10月26日,四層,一層 二層 三層 四層 陽台 屋頂突出物 騎樓
RPUNMLNKOHIFFAV96CA,18,79.51,集合住宅,鋼筋混凝土造,84年1月25日,十層,三層 陽台 花台
RPUNMLNKOHIFFAV96CA,,2.14,樓梯，電梯，機械房,鋼筋混凝土造,,十層,
RPUNMLNKOHIFFAV96CA,18,9.44,樓梯．電梯間,鋼筋混凝土造,84年1月25日,十層,
RPUNMLNKOHIFFAV96CA,18,2.26,門廳．車道．水箱．交誼廳．通道,鋼筋混凝土造,84年1月25日,十層,
RPUNMLNKOHIFFAV96CA,18,11.52,防空避難室．配電室．停車空間,鋼筋混凝土造,84年1月25日,十層,
RPSNMLOLOHIFFAV96CA,19,97.15,國民住宅,鋼筋混凝土造,82年12月3日,四層,三層 陽台
RPSNMLOLOHIFFAV96CA,19,2.07,避難室．機械室．共同使用,鋼筋混凝土造,82年12月3日,四層,
RPSNMLOLOHIFFAV96CA,19,.64,樓梯間．公同使用,鋼筋混凝土造,82年12月3日,四層,
RPSNMLOLOHIFFAV96CA,19,.64,樓梯間．公同使用,鋼筋混凝土造,82年12月3日,四層,
RPSNMLOLOHIFFAV96CA,19,.24,樓梯間．公同使用,鋼筋混凝土造,82年12月3日,四層,
RPSNMLOLOHIFFAV96CA,19,3.29,避難室．機械室．公同使用,鋼筋混凝土造,82年12月3日,四層,
RPPNMLQLOHIFFAV86CA,,61.74,,,,,
RPWNMLKLOHIFFAV96CA,27,190.95,住商用,鋼筋混凝土造,75年1月17日,四層,一層 二層 三層 四層 陽台 屋頂突出物
RPQNMLRLOHIFFAV07CA,,242.42,住家用,ＲＣ造,102年4月19日,三層,一層 二層 三層 見其他登記事項
RPPNMLRKOHIFFAV86CA,21,134.85,住家用,鋼筋混凝土造,81年1月25日,三層,一層 二層 三層
RPQNMLRKOHIFFAV96CA,13,232.57,住家用,鋼筋混凝土造,88年12月16日,三層,一層 二層 三層 陽台
RPUNMLQLOHIFFBV47CA,15,121.19,住家用,鋼筋混凝土造,87年3月2日,二層,一層 二層 騎樓
RPRNMLSJPHIFFAV17CA,32,157.25,住家用、工廠,加強磚造、有牆鋼鐵造,70年10月24日,一層,一層 騎樓
RPQNMLTKOHIFFAV27DA,26,121.27,住家用,加強磚造,75年11月8日,二層,一層 二層 陽台 屋頂突出物
RPWNMLLLOHIFFAV07CA,17,372.32,電梯．樓梯．走道．水箱．機械室．防空避難室及停車間（公共設施．共同使用）,鋼筋混凝土造,84年12月4日,十六層,
RPWNMLLLOHIFFAV07CA,17,107.97,住家用,鋼筋混凝土造,84年12月4日,十六層,三層 陽台
RPPNMLTKOHIFFAV07CA,18,197.04,停車空間．住宅,鋼筋混凝土造,84年1月28日,五層,一層 二層 三層 四層 五層 見其他登記事項
RPTNMLKLOHIFFAV66CA,18,40.79,集合住宅,鋼筋混凝土造,84年3月27日,十層,五層
RPTNMLKLOHIFFAV66CA,18,10.34,電梯、門廊、水箱、樓梯、配電室、機械室公同共有使用,鋼筋混凝土造,84年3月27日,十層,
RPSNMLQLOHIFFBV27CA,14,100.95,住家用,鋼筋混凝土造,87年12月17日,五層,五層 陽台
RPQNMLQLOHIFFAV96CA,9,175.58,騎樓、店舖、住宅,鋼筋混凝土、鋼骨,93年10月13日,三層,一層 二層 三層 屋頂突出物 騎樓 見其他登記事項
RPUNMLLJPHIFFAV76CA,30,93.41,國民住宅,鋼筋混凝土造,72年2月22日,四層,四層 陽台
RPUNMLLJPHIFFAV76CA,30,6.83,國民住宅．走道,鋼筋混凝土造,72年2月22日,四層,
RPSNMLQLOHIFFAV17CA,19,78.36,集合住宅,鋼筋混凝土造,83年4月19日,十四層,七層 陽台
RPWNMLLJPHIFFAV96CA,,4.96,樓梯間,鋼筋混凝土造,,四層,
RPTNMLQLOHIFFAV27CA,30,88.82,國民住宅,鋼筋混凝土造,72年10月19日,四層,二層 陽台
RPWNMLLJPHIFFAV96CA,30,87.10,國民住宅,鋼筋混凝土造,72年9月23日,四層,一層 平台
RPROMLLJPHIFFAV56CA,17,205.45,住家用,鋼筋混凝土造,85年3月15日,三層,一層 二層 三層 見其他登記事項
RPQNMLOLOHIFFAV76CA,20,39.28,集合住宅,鋼筋混凝土造,82年10月19日,七層,七層 陽台 花台
RPVNMLLLOHIFFAV96CA,8,211.85,住家用,鋼筋混凝土造,93年11月11日,三層,一層 二層 三層 屋頂突出物 見其他登記事項
RPQOMLKLOHIFFAV09CA,,206.99,住家用,鐵筋水泥磚、水泥木磚,,二層,一層 二層 騎樓 廚房
RPWNMLTKOHIFFAV77CA,,222.43,自用農舍,ＲＣ造,102年2月8日,三層,一層 二層 三層 見其他登記事項
RPSNMLKLOHIFFAV66DA,18,255.88,店舖．辦公廳,鋼筋混凝土造,84年7月21日,五層,一層 二層 三層 四層 五層 見其他登記事項
RPSNMLKLOHIFFAV66DA,18,255.88,店舖．辦公廳,鋼筋混凝土造,84年7月21日,五層,一層 二層 三層 四層 五層 見其他登記事項
RPSNMLKLOHIFFAV66DA,18,58.58,走廊,鋼筋混凝土造,84年7月21日,二層,
SPPNMLRLOHIFFDV37CA,19,31.54,套房,鋼筋混凝土造,83年9月30日,八層,八層 陽台
RPPNMLRLOHIFFDV27CA,19,31.54,套房,鋼筋混凝土造,83年9月30日,八層,八層 陽台
RPRNMLRLOHIFFDV47CA,19,34.45,套房,鋼筋混凝土造,83年9月30日,八層,八層 陽台
SPRNMLRLOHIFFDV57CA,19,31.54,套房,鋼筋混凝土造,83年9月30日,八層,八層 陽台
RPTNMLRLOHIFFDV67CA,19,31.54,套房,鋼筋混凝土造,83年9月30日,八層,八層 陽台
SPTNMLRLOHIFFDV77CA,19,31.54,套房,鋼筋混凝土造,83年9月30日,八層,八層 陽台
RPOOMLPJPHIFFAV66CA,7,235.32,住家用,ＲＣ造,95年8月15日,三層,一層 二層 三層 屋頂突出物 見其他登記事項
RPPNMLLLOHIFFAV98CA,20,29.06,住家用,鋼筋混凝土造,82年10月27日,六層,五層
RPPNMLLLOHIFFAV98CA,20,15.37,共同使用部份：樓梯．電梯．地下室．走廊,鋼筋混凝土造,82年10月27日,六層,
RPVNMLKLOHIFFAV86CA,,222.43,自用農舍,ＲＣ造,102年2月8日,三層,一層 二層 三層 見其他登記事項
RPQOMLQLOHIFFAV07CA,40,129.60,住家用,鐵筋水泥磚,62年11月14日,二層,一層 二層 騎樓
RPWNMLTJPHIFFAV77CA,14,14840.72,倉儲批發辦公室，休憩飲食區，員工宿舍，機電設備，水箱，辦公室，防空避難室,鋼筋混凝土造,88年3月29日,二層,一層 二層 屋頂突出物 地下一層 地下二層
RPRNMLQLOHIFFBV17CA,20,166.32,住家用,鋼筋混凝土造,82年6月29日,三層,一層 二層 三層 陽台
RPTNMLSJPHIFFAV37CA,30,100.53,國民住宅,鋼筋混凝土造,72年2月9日,四層,四層 陽台
RPPNMLRLOHIFFAV96CA,,246.79,住家用,ＲＣ造,102年4月19日,三層,一層 二層 三層 見其他登記事項
RPPOMLQLOHIFFAV96CA,33,100.79,住家用,加強磚造,69年10月8日,二層,一層 二層
RPUNMLRLOHIFFAV47CA,19,99.42,集合住宅,鋼筋混凝土造,83年4月1日,四層,四層 陽台
RPPOMLLJPHIFFAV98CA,38,126.72,住商用,鐵筋水泥磚,64年3月18日,二層,一層 二層 騎樓
RPOOMLLJPHIFFAV88CA,30,157.76,住家用,加強磚造,72年10月24日,二層,一層 二層 騎樓
RPUNMLQLOHIFFAV37CA,18,176.30,住家用,鋼筋混凝土造,84年6月13日,三層,一層 二層 三層 陽台 屋頂突出物
RPWNMLQLOHIFFAV57CA,17,164.36,住家用,鋼筋混凝土造,85年1月13日,四層,一層 二層 三層 四層 見其他登記事項
RPWNMLQLOHIFFAV57CA,17,164.36,住家用,鋼筋混凝土造,85年1月13日,四層,一層 二層 三層 四層 見其他登記事項
RPVNMLQLOHIFFAV47CA,42,81.38,住家用,鐵筋水泥磚,60年3月9日,二層,一層 二層 騎樓
RPRNMLQLOHIFFAV07CA,17,263.39,車庫、住宅,鋼筋混凝土造,84年12月11日,三層,一層 二層 三層 地下層 見其他登記事項
RPSNMLRLOHIFFDV57CA,19,43.08,套房,鋼筋混凝土造,83年9月30日,八層,七層 陽台
RPRNMLPLOHIFFAV07DA,,37.82,住家用,水泥磚木造,,一層,一層 見其他登記事項
RPVNMLRLOHIFFAV57CA,,236.22,住商用,鐵筋水泥磚,,三層,一層 二層 三層
RPOOMLRLOHIFFAV96CA,52,264.84,住商用,見其他登記事項,50年1月1日,一層,一層
RPQOMLSKPHIFFAV27CA,20,109.78,住家用,鋼筋混凝土造,82年6月2日,五層,五層
RPQOMLSKPHIFFAV27CA,20,18.32,樓梯共同使用,鋼筋混凝土造,82年6月2日,五層,
RPPNMLMJPHIFFDV66CA,18,76.19,套房,鋼筋混凝土造,84年7月14日,八層,八層 見其他登記事項
RPPNMLMJPHIFFDV66CA,18,20.25,樓梯．電梯．機械房．水箱．清水池．走道．陽台．屋頂突出物,鋼筋混凝土造,84年7月14日,八層,
RPTNMLRLOHIFFAV37CA,17,75.64,集合住宅,鋼筋混凝土造,85年6月28日,九層,七層 陽台 花台
RPTNMLRLOHIFFAV37CA,17,8.63,電梯，樓梯共同使用,鋼筋混凝土造,85年6月28日,九層,
RPTNMLRLOHIFFAV37CA,17,8.20,配電室．樓梯．電梯．機械房．通道．水箱．人行共同使用,鋼筋混凝土造,85年6月28日,九層,
RPRNMLRLOHIFFAV17CA,18,40.79,集合住宅,鋼筋混凝土造,84年3月27日,十層,八層
RPRNMLRLOHIFFAV17CA,18,10.34,電梯、門廊、水箱、樓梯、配電室、機械室公同共有使用,鋼筋混凝土造,84年3月27日,十層,
RPTNMLMJPHIFFAV76CA,18,148.35,住家用,鋼筋混凝土造,84年6月13日,三層,一層 二層 三層 陽台 屋頂突出物
RPOPMLSKPHIFFAV17CA,33,116.10,住家用,加強磚造,69年5月24日,二層,一層 二層 騎樓
RPSNMLRLOHIFFAV27CA,18,136.40,人行．店舖．辦公廳,鋼筋混凝土造,84年7月21日,五層,一層 二層 三層 四層 五層 騎樓 見其他登記事項
RPSNMLRLOHIFFAV27CA,,29.29,住商用,水泥磚木造,,一層,一層 騎樓
RPOOMLQLOHIFFAV86CA,18,311.73,住家用,鋼筋混凝土造,84年1月11日,四層,一層 二層 三層 四層 騎樓 見其他登記事項
RPRNMLNJPHIFFCV96DA,9,139.59,住家用,鋼筋混凝土造,93年11月25日,三層,一層 二層 三層 見其他登記事項
RPPNMLQLOHIFFCV17DA,19,155.48,住商用,鋼筋混凝土造,83年11月28日,三層,一層 二層 三層 屋頂突出物
RPPNMLSLOHIFFAV17DA,17,27.71,集合住宅,鋼筋混凝土造,85年6月28日,九層,八層 花台
RPPNMLSLOHIFFAV17DA,17,5.76,電梯，樓梯共同使用,鋼筋混凝土造,85年6月28日,九層,
RPPNMLSLOHIFFAV17DA,17,3.28,配電室．樓梯．電梯．機械房．通道．水箱．人行共同使用,鋼筋混凝土造,85年6月28日,九層,
RPQNMLRLOHIFFBV27DA,18,150.76,農舍,加強磚造,84年9月16日,二層,一層 二層 陽台 屋頂突出物 騎樓
RPXNMLRLOHIFFAV77CA,40,98.89,住家用,鐵筋水泥磚,62年4月26日,二層,一層 二層 騎樓
RPUNMLSLOHIFFAV57CA,20,186.67,住家用,加強磚造,82年9月9日,三層,一層 二層 三層 屋頂突出物
RPSNMLMKPHIFFAV76CA,20,469.50,住商用,見其他登記事項,82年11月4日,二層,一層 二層 騎樓
RPSNMLMKPHIFFAV76CA,20,469.50,住商用,見其他登記事項,82年11月4日,二層,一層 二層 騎樓
RPQNMLSKPHIFFBV27CA,16,96.01,鄉村住宅,加強磚造,86年4月9日,二層,一層 二層 屋頂突出物
RPUNMLNKPHIFFAV07CA,10,243.95,人行、店舖、住宅,鋼筋混凝土造,91年12月13日,三層,一層 二層 三層 屋頂突出物 騎樓 見其他登記事項
RPVNMLLJPHIFFAV86CA,18,273.35,人行．店舖．辦公廳,鋼筋混凝土造,84年7月21日,五層,一層 二層 三層 四層 五層 騎樓 見其他登記事項
RPVNMLLJPHIFFAV86CA,18,29.29,走廊,鋼筋混凝土造,84年7月21日,二層,
RPUNMLTKPHIFFAV67CA,27,140.96,住家用,加強磚造,75年1月25日,二層,一層 二層 屋頂突出物
RPXNMLLJPHIFFAV07CA,20,142.45,住家用,鋼筋混凝土造,82年10月13日,三層,一層 二層 三層 陽台
RPRNMLSLOHIFFAV27CA,20,159.77,集合住宅,鋼筋混凝土造,82年6月22日,五層,三層 四層 五層
RPQNMLLJPHIFFDV66CA,18,31.50,套房,鋼筋混凝土造,84年1月10日,八層,三層
SPVNMLLJPHIFFAV96CA,18,274.30,人行．店舖．辦公廳,鋼筋混凝土造,84年7月21日,五層,一層 二層 三層 四層 五層 騎樓 見其他登記事項
SPVNMLLJPHIFFAV96CA,18,29.29,走廊,鋼筋混凝土造,84年7月21日,二層,
RPQNMLTJPHIFFCV37CA,18,179.54,住商用,加強磚造,84年1月12日,二層,一層 二層 屋頂突出物
RPXOMLLJPHIFFAV27DA,20,97.86,住家用,鋼筋混凝土造,82年7月16日,七層,二層 陽台
RPXOMLLJPHIFFAV27DA,20,30.20,（共同使用）屋頂突出物．樓梯間．停車場,鋼筋混凝土造,82年7月16日,七層,
RPQOMLLJPHIFFAV56DA,23,187.94,住家用,鋼筋混凝土造,79年5月7日,三層,一層 二層 三層
RPRPMLLJPHIFFAV76DA,19,64.39,集合住宅,鋼筋混凝土造,83年1月26日,七層,三層 陽台
RPRPMLLJPHIFFAV76DA,19,1.73,共有部分,鋼筋混凝土造,83年1月26日,七層,
RPRPMLLJPHIFFAV76DA,19,1.73,共有部分,鋼筋混凝土造,83年1月26日,七層,
RPRPMLLJPHIFFAV76DA,19,1.73,共有部分,鋼筋混凝土造,83年1月26日,七層,
RPRPMLLJPHIFFAV76DA,19,1.73,共有部分,鋼筋混凝土造,83年1月26日,七層,
RPRPMLLJPHIFFAV76DA,19,1.73,共有部分,鋼筋混凝土造,83年1月26日,七層,
RPRPMLLJPHIFFAV76DA,19,1.73,共有部分,鋼筋混凝土造,83年1月26日,七層,
RPRPMLLJPHIFFAV76DA,19,1.74,共有部分,鋼筋混凝土造,83年1月26日,七層,
RPRPMLLJPHIFFAV76DA,19,13.06,共有部分,鋼筋混凝土造,83年1月26日,七層,
RPSOMLMJPHIFFAV86DA,21,137.84,住家用,鋼筋混凝土造,81年3月24日,三層,一層 二層 三層
RPPNMLRKPHIFFDV27CA,20,38.68,出租套房,鋼筋混凝土造,82年11月8日,八層,三層 陽台
RPQNMLRKPHIFFDV37CA,18,30.87,套房,鋼筋混凝土造,84年7月14日,八層,四層 見其他登記事項
RPPNMLSKPHIFFCV27CA,,57.49,商業用,鐵筋水泥磚,,一層,一層 騎樓
RPPNMLSKPHIFFCV27CA,35,57.49,住家用,鐵筋水泥磚,67年2月2日,一層,見其他登記事項
RPSNMLKKPHIFFAV66DA,30,90.89,國民住宅,鋼筋混凝土造,72年10月4日,四層,一層 平台
RPSNMLKKPHIFFAV66DA,,5.21,樓梯間,鋼筋水泥,,四層,
RPQNMLNLPHIFFDV07CA,18,43.98,套房,鋼筋混凝土造,84年7月14日,八層,五層 見其他登記事項
RPRNMLTJPHIFFAV27CA,,58.72,住商用,鐵筋水泥磚木造,,一層,一層 騎樓
RPRNMLLJPHIFFAV09CA,19,96.34,集合住宅,鋼筋混凝土造,83年2月25日,十二層,五層 陽台 花台
RPRNMLLJPHIFFAV09CA,19,13.80,避難室兼停車場．共同使用,鋼筋混凝土造,83年2月25日,十二層,
RPRNMLLJPHIFFAV09CA,19,12.96,梯間．共同使用,鋼筋混凝土造,83年2月25日,十二層,
RPPOMLPJPHIFFAV76CA,6,57.38,店舖、住宅,ＲＣ造,96年10月19日,一層,一層
RPWNMLSJPHIFFAV67CA,6,211.32,住家用,ＲＣ造,96年1月19日,三層,一層 二層 三層 見其他登記事項
RPVNMLMJPHIFFAV07DA,22,81.03,住家用,鋼筋混凝土造,80年1月29日,二層,一層 二層 屋頂突出物
RPUNMLMJPHIFFAV96DA,19,85.10,集合住宅,鋼筋混凝土造,83年6月1日,三層,一層 平台
RPUNMLMJPHIFFAV96DA,19,9.54,集合住宅,鋼筋混凝土造,83年6月1日,三層,
RPPNMLMJPHIFFAV98CA,30,101.25,住家用,加強磚造,71年12月29日,二層,一層 二層 陽台
RPOPMLLJPHIFFAV98CA,19,92.57,集合住宅,鋼筋混凝土造,83年5月16日,十三層,七層 陽台
RPSOMLLJPHIFFAV66CA,18,141.67,住家用,鋼筋混凝土造,84年9月8日,二層,一層 二層 陽台 屋頂突出物
RPVNMLSKPHIFFAV77DA,34,106.26,店舖．住宅,加強磚造,67年12月24日,二層,一層 二層 騎樓
RPSNMLOJPHIFFAV96DA,41,68.82,住家用,加強磚造,,一層,一層
RPQNMLSJPHIFFCV37DA,15,154.88,騎樓、店舖、住宅,加強磚造,87年4月21日,二層,一層 二層 騎樓
RPPNMLOJPHIFFAV56CA,17,190.33,住家用,鋼筋混凝土造,85年1月13日,四層,一層 二層 三層 四層 見其他登記事項
RPPNMLPJPHIFFAV66CA,17,216.32,住家用,鋼筋混凝土造,85年5月14日,三層,一層 二層 三層 陽台 屋頂突出物
RPRNMLPLPHIFFAV07CA,41,64.60,住家用,見其他登記事項,61年1月1日,一層,
RPTNMLNKPHIFFAV96CA,1,254.11,住家用,ＲＣ造,101年7月6日,四層,一層 二層 三層 四層 見其他登記事項
RPQNMLTJPHIFFAV17CA,18,100.22,集合住宅　　,鋼筋混凝土造,84年2月17日,八層,二層 陽台 花台
RPQNMLTJPHIFFAV17CA,18,17.65,防空避難室暨停車空間、配電室,鋼筋混凝土造,84年2月17日,八層,
RPQNMLTJPHIFFAV17CA,18,12.74,車道、警衛室、托兒所、電梯、樓梯,鋼筋混凝土造,84年2月17日,八層,
RPQNMLOJPHIFFBV76CA,5,243.60,農舍,加強磚造,97年4月18日,一層,一層
RPQNMLOJPHIFFAV66CA,18,94.81,集合住宅　　,鋼筋混凝土造,84年2月17日,八層,一層 平台 花台
RPQNMLOJPHIFFAV66CA,18,15.37,防空避難室暨停車空間、配電室,鋼筋混凝土造,84年2月17日,八層,
RPQNMLOJPHIFFAV66CA,18,11.40,車道、警衛室、托兒所、電梯、樓梯,鋼筋混凝土造,84年2月17日,八層,
RPSNMLTJPHIFFAV37CA,15,48.80,集合住宅,鋼筋混凝土造,87年10月14日,七層,七層 陽台
RPSNMLTJPHIFFAV37CA,15,6.92,樓梯．電梯．走道．機械房．水塔,鋼筋混凝土造,87年10月14日,七層,
RPSNMLTJPHIFFAV37CA,15,10.47,防空避難室．停車空間．樓梯．電梯．走道．機械室．受電室（共同使用）,鋼筋混凝土造,87年10月14日,七層,
RPPNMLSJPHIFFCV17CA,18,96.77,住家用,鋼筋混凝土造,84年1月21日,三層,一層 二層 三層 屋頂突出物
RPVNMLSJPHIFFAV67DA,31,93.16,住家用,加強磚造,71年5月1日,二層,一層 二層
RPQNMLSJPHIFFBV27DA,32,205.20,農舍,鋼筋混凝土加強磚造,70年2月13日,二層,一層 二層
RPQNMLRKPHIFFAV07CA,,79.40,,,,,
RPQNMLRKPHIFFAV07CA,,36.00,,,,,
RPQNMLRKPHIFFAV07CA,,4.37,,,,,
RPQNMLRJPHIFFAV96CA,18,154.65,鄉村住宅,鋼筋混凝土造,84年8月22日,三層,一層 二層 三層 陽台
RPPNMLPJPHIFFBV76CA,19,200.17,住家用,鋼筋混凝土造,83年9月9日,三層,一層 二層 三層 陽台 屋頂突出物
RPUNMLPLPHIFFAV37CA,20,157.83,住商用,鋼筋混凝土造,82年7月16日,七層,一層 二層 三層 騎樓
RPUNMLPLPHIFFAV37CA,20,48.64,（共同使用）屋頂突出物．樓梯間．停車場,鋼筋混凝土造,82年7月16日,七層,
RPOOMLNKPHIFFAV56CA,,225.91,住家用,ＲＣ造,102年1月4日,三層,一層 二層 三層 見其他登記事項
RPROMLNKPHIFFAV86CA,,225.91,住家用,ＲＣ造,102年1月4日,三層,一層 二層 三層 見其他登記事項
RPQNMLTJPHIFFBV27CA,18,111.96,住家用,加強磚造,84年9月27日,二層,一層 二層 陽台
RPQNMLLKPHIFFAV09CA,3,235.66,住家用,ＲＣ造,99年11月25日,三層,一層 二層 三層 見其他登記事項
RPPNMLTJPHIFFAV07CA,30,90.66,國民住宅,鋼筋混凝土造,72年10月4日,四層,四層 陽台
RPPNMLTJPHIFFAV07CA,,4.54,樓梯間,鋼筋混凝土造,,四層,
RPPNMLTKPHIFFCV37CA,15,189.00,住家用,鋼筋混凝土造,87年8月3日,三層,一層 二層 三層
RPPNMLLMPHIFFBV66CA,17,97.86,鄉村住宅,加強磚造,85年4月19日,二層,一層 二層 陽台
RPQNMLPJQHIFFDV17CA,15,36.32,商業用,鋼筋混凝土造,87年3月6日,十五層,九層 陽台
RPQNMLPJQHIFFDV17CA,15,1.17,機房、樓梯,鋼筋混凝土造,87年3月6日,十五層,
RPQNMLPJQHIFFDV17CA,15,6.81,梯間、通道,鋼筋混凝土造,87年3月6日,十五層,
RPQNMLPJQHIFFDV17CA,15,5.25,通道、活動室、樓梯間、門廳、車道、辦公室,鋼筋混凝土造,87年3月6日,十層,
RPVNMLKKPHIFFAV86CA,27,112.84,住家用,鋼筋混凝土造,75年3月19日,二層,一層 二層 陽台
RPRNMLTJPHIFFBV37CA,22,282.14,住家用,鋼筋混凝土造,79年10月30日,三層,
RPRNMLRKPHIFFAV17CA,16,165.55,住家用,鋼筋混凝土造,86年3月7日,三層,一層 二層 三層 陽台 雨遮
RPVNMLPLPHIFFAV47CA,32,154.52,住家用,加強磚造,70年5月8日,二層,一層 二層
RPVNMLOLPHIFFAV37CA,14,195.54,人行，住宅，店舖,鋼筋混凝土造,88年5月7日,三層,一層 二層 三層 陽台 平台 屋頂突出物 騎樓
RPTNMLMLPHIFFAV96CA,26,179.76,住家用,加強磚造,76年10月5日,二層,一層 二層 屋頂突出物
RPPNMLRKPHIFFAV96CA,,259.44,住家用,ＲＣ造,102年3月20日,三層,一層 二層 三層 見其他登記事項 見其他登記事項
RPQOMLNKPHIFFAV76CA,,225.91,住家用,ＲＣ造,102年1月4日,三層,一層 二層 三層 見其他登記事項
RPQOMLMKPHIFFAV66CA,18,167.55,住家用,鋼骨造,84年7月13日,三層,一層 二層 三層 見其他登記事項
RPPNMLOKPHIFFAV66CA,,229.88,住家用,ＲＣ造,102年1月4日,三層,一層 二層 三層 見其他登記事項
RPWNMLKKPHIFFAV96CA,37,90.60,住商用,鐵筋水泥磚,65年5月14日,二層,一層 二層 騎樓
RPPNMLSJQHIFFCV27CA,8,93.85,店鋪、集合住宅、住房,鋼筋混凝土造,94年1月21日,二層,一層 二層 陽台 平台
RPPNMLSJQHIFFCV27CA,8,97.58,店鋪、集合住宅、住房,鋼筋混凝土造,94年1月21日,二層,一層 二層 陽台 平台
RPPNMLSJQHIFFCV27CA,8,121.02,集合住宅,鋼筋混凝土造,94年1月21日,七層,七層 陽台
RPPNMLSJQHIFFCV27CA,8,121.02,集合住宅,鋼筋混凝土造,94年1月21日,八層,八層 陽台
RPPNMLSJQHIFFCV27CA,8,100.88,店鋪、集合住宅、住房,鋼筋混凝土造,94年1月21日,二層,一層 二層 陽台 平台
RPPNMLSJQHIFFCV27CA,8,96.94,店鋪、集合住宅、住房,鋼筋混凝土造,94年1月21日,二層,一層 二層 陽台 平台
RPQNMLSJQHIFFCV37CA,8,108.91,集合住宅,鋼筋混凝土造,94年1月21日,五層,五層 陽台
RPQNMLSJQHIFFCV37CA,8,108.91,集合住宅,鋼筋混凝土造,94年1月21日,六層,六層 陽台
RPRNMLSJQHIFFCV47CA,8,108.91,集合住宅,鋼筋混凝土造,94年1月21日,七層,七層 陽台
RPRNMLSJQHIFFCV47CA,8,108.91,集合住宅,鋼筋混凝土造,94年1月21日,八層,八層 陽台
RPSNMLLKPHIFFAV76DA,1,150.02,住家用,ＲＣ造,101年9月18日,三層,一層 二層 三層 見其他登記事項
RPUNMLKKPHIFFAV86DA,,712.07,店舖及辦公室（一樓）．住宅（三．四樓）,鋼筋混凝土造,,四層,一層 二層 三層 四層 騎樓 地下層
RPUNMLSJQHIFFCV77CA,8,108.91,集合住宅,鋼筋混凝土造,94年1月21日,三層,三層 陽台
RPUNMLSJQHIFFCV77CA,8,108.91,集合住宅,鋼筋混凝土造,94年1月21日,四層,四層 陽台
RPUNMLSJQHIFFCV77CA,8,121.02,集合住宅,鋼筋混凝土造,94年1月21日,五層,五層 陽台
RPUNMLSJQHIFFCV77CA,8,121.02,集合住宅,鋼筋混凝土造,94年1月21日,六層,六層 陽台
RPPNMLLKPHIFFCV66DA,,254.83,Ｈ２住宅,鋼筋混凝土造,102年5月30日,三層,一層 二層 三層 見其他登記事項 見其他登記事項
RPSNMLSJQHIFFCV57CA,8,121.02,集合住宅,鋼筋混凝土造,94年1月21日,三層,三層 陽台
RPSNMLSJQHIFFCV57CA,8,121.02,集合住宅,鋼筋混凝土造,94年1月21日,四層,四層 陽台
RPTNMLSJQHIFFCV67CA,8,364.28,避難室、停車空間,鋼筋混凝土造,94年1月21日,二層,一層 地下層
RPXNMLKKPHIFFAV17DA,40,69.62,住家用,鐵筋水泥磚造,61年12月6日,一層,一層 廚房
RPQNMLOKPHIFFAV76CA,,230.07,住家用,ＲＣ造,102年1月4日,三層,一層 二層 三層 見其他登記事項
RPPOMLNKPHIFFAV66CA,,225.91,住家用,ＲＣ造,102年1月4日,三層,一層 二層 三層 見其他登記事項
RPXNMLNKPHIFFAV37CA,33,74.82,住家用,加強磚造,69年2月6日,二層,一層 二層
RPSNMLPKPHIFFAV07CA,7,264.93,住家用,ＲＣ造,95年8月15日,三層,一層 二層 三層 屋頂突出物 見其他登記事項
RPROMLSKPHIFFAV37CA,18,232.64,店舖、集合住宅、停車場,鋼筋混凝土造,84年7月1日,四層,一層 二層 三層 四層 陽台 平台 騎樓
SPROMLSKPHIFFAV47CA,18,232.64,集合住宅．店舖．停車場,鋼筋混凝土造,84年7月1日,四層,一層 二層 三層 四層 陽台 平台 騎樓
RPROMLPKPHIFFAV07CA,27,121.27,住家用,加強磚造,75年10月31日,二層,一層 二層 陽台 屋頂突出物
RPPNMLLKPHIFFBV09CA,27,79.58,住家用,加強磚造,75年4月15日,二層,一層 二層 騎樓
RPVNMLLKPHIFFAV07DA,41,73.92,住家用,鐵筋水泥磚,61年8月30日,二層,二層
RPXNMLLKPHIFFAV17CA,17,107.32,集合住宅,鋼筋混凝土造,85年6月21日,七層,六層 陽台 雨遮
RPXNMLLKPHIFFAV17CA,17,10.35,主要內容：樓梯．電梯（共同使用）,鋼筋混凝土造,85年6月21日,七層,
RPXNMLLKPHIFFAV17CA,17,7.00,電梯．水箱．機械房．樓梯共同使用,鋼筋混凝土造,85年6月21日,七層,
RPXNMLLKPHIFFAV17CA,17,7.37,車道．樓梯．配電室．機械房．蓄水池．機車停車位共同使用,鋼筋混凝土造,85年6月21日,七層,
RPXNMLLKPHIFFAV17CA,17,16.82,防空避難室暨停車空間共同使用,鋼筋混凝土造,85年6月21日,七層,
RPSNMLSKPHIFFAV47DA,18,183.69,住家用,鋼筋混凝土造,84年11月25日,三層,一層 二層 三層 見其他登記事項
RPQNMLSKPHIFFCV37CA,14,219.10,住家用,加強磚造,88年12月21日,二層,一層 二層 陽台 屋頂突出物
RPPNMLTKPHIFFAV27DA,17,169.64,人行．店舖．集合住宅,鋼筋混凝土造,85年3月26日,八層,一層 二層 三層 騎樓 見其他登記事項
RPVNMLPKPHIFFAV37CA,17,107.32,集合住宅,鋼筋混凝土造,85年6月21日,七層,七層 陽台 雨遮
RPVNMLPKPHIFFAV37CA,17,7.25,車道．樓梯．配電室．機械房．蓄水池．機車停車位共同使用,鋼筋混凝土造,85年6月21日,七層,
RPVNMLPKPHIFFAV37CA,17,16.82,防空避難室暨停車空間共同使用,鋼筋混凝土造,85年6月21日,七層,
RPVNMLPKPHIFFAV37CA,17,9.52,主要內容：樓梯．電梯（共同使用）,鋼筋混凝土造,85年6月21日,七層,
RPVNMLPKPHIFFAV37CA,17,6.43,電梯．水箱．機械房．樓梯共同使用,鋼筋混凝土造,85年6月21日,七層,
RPUNMLRKPHIFFAV47CA,9,147.11,住家用,鋼筋混凝土造,93年3月12日,三層,一層 二層 三層 見其他登記事項
RPTOMLPKPHIFFAV27CA,33,119.70,住家用,加強磚造,69年12月2日,二層,一層 二層 騎樓
RPSNMLQKPHIFFAV17CA,19,28.99,集合住宅,鋼筋混凝土造,83年4月19日,十四層,三層 陽台
RPSNMLQKPHIFFAV17CA,19,13.37,避難室，電梯．樓梯．地下室．通廊共同使用,鋼筋混凝土造,83年4月19日,十四層,
RPTNMLQKPHIFFAV27CA,18,200.30,停車空間．住宅,鋼筋混凝土造,84年1月28日,五層,一層 二層 三層 四層 五層 見其他登記事項
RPTNMLMKPHIFFAV96DA,7,449.04,住家用,ＲＣ造,95年8月15日,三層,一層 二層 三層 屋頂突出物 見其他登記事項
RPVNMLQKPHIFFAV47CA,32,103.28,住家用,加強磚造,70年12月28日,二層,一層 二層 騎樓
RPVNMLMKPHIFFAV17DA,19,24.00,商業用,鋼筋混凝土造,83年11月24日,九層,九層
RPVNMLMKPHIFFAV17DA,19,4.45,共同使用．汽車升降孔．樓梯．電梯．機械房,鋼筋混凝土造,83年11月24日,九層,
RPVNMLMKPHIFFAV17DA,19,2.12,共同使用．人行道．走道．電扶梯,鋼筋混凝土造,83年11月24日,九層,
RPPOMLMKPHIFFAV66DA,20,109.91,國民住宅,鋼筋混凝土造,82年12月3日,四層,三層 陽台
RPPOMLMKPHIFFAV66DA,20,2.62,避難室．機械室．共同使用,鋼筋混凝土造,82年12月3日,四層,
RPPOMLMKPHIFFAV66DA,20,.80,樓梯間．公同使用,鋼筋混凝土造,82年12月3日,四層,
RPPOMLMKPHIFFAV66DA,20,4.16,避難室．機械室．公同使用,鋼筋混凝土造,82年12月3日,四層,
RPPOMLMKPHIFFAV66DA,20,.29,樓梯間．公同使用,鋼筋混凝土造,82年12月3日,四層,
RPPOMLMKPHIFFAV66DA,20,.80,樓梯間．公同使用,鋼筋混凝土造,82年12月3日,四層,
RPWNMLQKPHIFFAV57CA,30,104.86,國民住宅,鋼筋混凝土造,72年10月4日,四層,四層 陽台
RPWNMLQKPHIFFAV57CA,,5.21,樓梯間,鋼筋水泥,,四層,
RPVNMLKMPHIFFAV07CA,17,131.17,集合住宅,鋼筋混凝土造,85年6月28日,九層,四層 陽台
RPVNMLKMPHIFFAV07CA,17,10.94,電梯，樓梯共同使用,鋼筋混凝土造,85年6月28日,九層,
RPVNMLKMPHIFFAV07CA,17,14.49,配電室．樓梯．電梯．機械房．通道．水箱．人行共同使用,鋼筋混凝土造,85年6月28日,九層,
RPQNMLTKPHIFFBV47DA,34,111.22,住家用,鋼筋混凝土加強磚造,68年1月24日,二層,一層 二層
RPWNMLRJQHIFFCV87CA,1,195.36,騎樓、Ｈ２住宅,鋼筋混凝土造,101年7月30日,三層,一層 二層 三層 騎樓 見其他登記事項
RPUOMLTLPHIFFAV87CA,32,101.29,住家用,鋼筋混凝土造,70年10月21日,七層,六層 陽台
RPUOMLTLPHIFFAV87CA,,14.92,汽車昇降機間．避難室停車場,鋼筋混凝土造,,一層,
RPUOMLTLPHIFFAV87CA,32,16.57,公共通道,鋼筋混凝土造,70年10月21日,七層,
RPUOMLPKPHIFFAV47DA,,52.31,住家用,見其他登記事項,,一層,
RPQOMLPKPHIFFAV07DA,,254.92,住家用,ＲＣ,102年4月29日,三層,一層 二層 三層 屋頂突出物 見其他登記事項
RPXNMLPKPHIFFAV67DA,35,42.84,住家用,磚石造,67年1月15日,一層,一層 騎樓
RPRNMLRLPHIFFAV27CA,33,103.96,住家用,加強磚造,69年12月9日,二層,一層 二層 騎樓
RPPOMLSKPHIFFAV17CA,33,115.65,住家用,加強磚造,69年10月30日,二層,一層 二層 騎樓
RPTOMLSKPHIFFAV57CA,,65.58,住家用,鐵筋水泥磚,,二層,一層 二層
RPPNMLSKPHIFFAV07CA,34,119.80,住家用,加強磚造,68年7月6日,二層,一層 二層 騎樓
RPPOMLTKPHIFFAV27CA,18,99.47,集合住宅,鋼筋混凝土造,84年12月20日,七層,五層 陽台
RPQNMLPLPHIFFCV27DA,29,80.17,住家用,加強磚造,73年6月1日,一層,一層
RPSNMLTKPHIFFAV57DA,7,204.30,住宅、樓梯間,ＲＣ造,95年10月4日,三層,一層 二層 三層 見其他登記事項
RPSOMLKMPHIFFAV86CA,14,126.74,人行住宅,鋼筋混凝土造,88年9月30日,二層,一層 二層 屋頂突出物 騎樓
RPXNMLTKPHIFFAV97CA,30,102.86,國民住宅,鋼筋混凝土造,72年2月9日,四層,二層 陽台
RPXNMLTKPHIFFAV97CA,30,.99,國民住宅、走道,鋼筋混凝土造,72年2月9日,四層,
RPXNMLTKPHIFFAV97CA,30,1.15,國民住宅、走道,鋼筋混凝土造,72年2月9日,四層,
RPXNMLTKPHIFFAV97CA,30,5.86,國民住宅、走道,鋼筋混凝土造,72年2月9日,四層,
RPPOMLPLPHIFFAV96CA,19,78.78,集合住宅,鋼筋混凝土造,83年4月19日,十四層,八層 陽台
RPPOMLPLPHIFFAV96CA,19,21.84,避難室，電梯．樓梯．地下室．通廊共同使用,鋼筋混凝土造,83年4月19日,十四層,
RPQNMLMLPHIFFAV66CA,32,90.80,住家用,加強磚造,70年4月17日,二層,一層 二層 騎樓
RPQOMLTKPHIFFAV37CA,7,235.32,住家用,ＲＣ造,95年8月15日,三層,一層 二層 三層 屋頂突出物 見其他登記事項
RPQNMLRLPHIFFAV17CA,19,57.48,集合住宅,鋼筋混凝土造,83年4月19日,十四層,五層 陽台
RPQNMLRLPHIFFAV17CA,19,17.83,避難室，電梯．樓梯．地下室．通廊共同使用,鋼筋混凝土造,83年4月19日,十四層,
RPRNMLMLPHIFFAV76CA,18,80.93,集合住宅,鋼筋混凝土造,84年1月25日,十層,三層 陽台 花台
RPRNMLMLPHIFFAV76CA,,2.18,樓梯，電梯，機械房,鋼筋混凝土造,,十層,
RPRNMLMLPHIFFAV76CA,18,9.65,樓梯．電梯間,鋼筋混凝土造,84年1月25日,十層,
RPRNMLMLPHIFFAV76CA,18,2.32,門廳．車道．水箱．交誼廳．通道,鋼筋混凝土造,84年1月25日,十層,
RPRNMLMLPHIFFAV76CA,18,11.83,防空避難室．配電室．停車空間,鋼筋混凝土造,84年1月25日,十層,
RPPNMLTLPHIFFAV37DA,,199.47,住家用,ＲＣ造,102年5月27日,三層,一層 二層 三層 見其他登記事項
RPUNMLMLPHIFFAV17DA,39,44.77,住家用,水泥磚木蓋瓦,63年7月10日,一層,一層 騎樓 廚房
RPRNMLTLPHIFFAV47CA,31,76.89,住家用,加強磚造,72年1月6日,一層,一層 騎樓 廚房
RPOOMLTLPHIFFAV27CA,17,203.57,人行．店舖．集合住宅,鋼筋混凝土造,85年3月26日,八層,一層 二層 三層 陽台 騎樓
RPXNMLTLPHIFFAV08CA,20,201.15,住家用,鋼筋混凝土造,82年9月13日,四層,一層 二層 三層 四層 陽台
RPQNMLNLPHIFFBV86CA,24,182.19,住家用,加強磚造,78年10月12日,二層,一層 二層
RPRNMLMJQHIFFAV66CA,18,76.34,住家用,鋼筋混凝土造,84年12月4日,十六層,七層 陽台
RPRNMLMJQHIFFAV66CA,18,21.97,電梯．樓梯．走道．水箱．機械室．防空避難室及停車間（公共設施．共同使用）,鋼筋混凝土造,84年12月4日,十六層,
RPXNMLOLPHIFFAV57CA,36,94.08,住家用,鋼筋水泥造,66年6月3日,二層,一層 二層 騎樓
RPWNMLTLPHIFFAV97CA,3,189.61,店舖、住宅,ＲＣ造,99年3月15日,三層,一層 二層 三層 陽台 騎樓
RPUNMLOLPHIFFAV27CA,19,80.35,集合住宅,鋼筋混凝土造,83年5月16日,十三層,四層 陽台
RPVNMLNLPHIFFAV27CA,17,187.42,人行．店舖．住宅,鋼筋混凝土造,85年5月3日,三層,一層 二層 三層 騎樓 見其他登記事項
RPWNMLOLPHIFFAV47CA,22,158.01,住家用,見其他登記事項,80年1月25日,一層,
RPPOMLOLPHIFFAV96DA,,300.69,住家用,ＲＣ,102年4月29日,四層,一層 二層 三層 四層 見其他登記事項
RPTNMLMKQHIFFAV07DA,19,18.22,集合住宅,鋼筋混凝土造,83年3月2日,五層,三層
RPTNMLMKQHIFFAV07DA,19,8.02,樓梯間．走道．共同使用,鋼筋混凝土造,83年3月2日,五層,
RPQNMLKMPHIFFDV86CA,18,30.45,套房,鋼筋混凝土造,84年7月14日,八層,三層 見其他登記事項
RPSOMLTLPHIFFAV67CA,,225.91,住家用,ＲＣ造,102年1月4日,三層,一層 二層 三層 見其他登記事項
RPWNMLPLPHIFFAV57CA,2,65.00,農業資材室,有牆鋼架造,100年1月18日,一層,一層
RPPNMLLJQHIFFAV98CA,43,73.65,住家用,鐵筋水泥磚,59年4月29日,一層,一層
RPRNMLLJQHIFFAV56CA,18,10.48,停車空間．兼儲藏室（共同使用）,鋼筋混凝土造,84年6月1日,五層,
RPRNMLLJQHIFFAV56CA,18,86.31,集合住宅,鋼筋混凝土造,84年6月1日,五層,五層 見其他登記事項
RPRNMLLJQHIFFAV56CA,18,8.34,人行．樓梯．通廊．水箱．蓄水池（共同使用）,鋼筋混凝土造,84年6月1日,五層,
RPOPMLKMPHIFFAV56CA,30,135.81,住商用,加強磚造,72年11月29日,二層,一層 二層 騎樓
RPUNMLQLPHIFFAV47CA,,4.73,住家用,鐵筋水泥磚,,一層,一層
RPSPMLRJQHIFFAV47CA,20,2.61,樓梯間,鋼筋混凝土造,82年8月14日,七層,
RPSPMLRJQHIFFAV47CA,20,16.87,樓梯間,鋼筋混凝土造,82年8月14日,七層,
RPSPMLRJQHIFFAV47CA,20,163.39,集合住宅,鋼筋混凝土造,82年8月14日,七層,一層 二層 陽台 騎樓 花台
RPSPMLRJQHIFFAV47CA,20,32.16,騎樓樓梯間、門廳、水箱、地下停車場,鋼筋混凝土造,82年8月14日,七層,
RPQNMLTLPHIFFAV37CA,43,82.46,住家用,鐵筋水泥磚造,59年8月20日,二層,一層 二層
RPXNMLPLPHIFFAV67CA,26,109.80,住家用,加強磚造,76年1月21日,二層,一層 二層 陽台 屋頂突出物
RPOOMLPLPHIFFAV86CA,1,201.80,住宅,ＲＣ造,101年3月13日,三層,一層 二層 三層 見其他登記事項
RPUNMLTLPHIFFAV77CA,15,86.23,農舍,見其他登記事項,87年1月15日,一層,
RPPNMLLMPHIFFAV56CA,,255.11,住家用,ＲＣ造,102年3月20日,三層,一層 二層 三層 見其他登記事項 見其他登記事項
RPQNMLLMPHIFFAV66CA,,284.66,住家用,ＲＣ造,102年3月20日,三層,一層 二層 三層 見其他登記事項 見其他登記事項
RPOOMLPKQHIFFAV86CA,,2.16,樓梯，電梯，機械房,鋼筋混凝土造,,十層,
RPOOMLPKQHIFFAV86CA,18,9.55,樓梯．電梯間,鋼筋混凝土造,84年1月25日,十層,
RPOOMLPKQHIFFAV86CA,18,2.29,門廳．車道．水箱．交誼廳．通道,鋼筋混凝土造,84年1月25日,十層,
RPOOMLPKQHIFFAV86CA,18,11.67,防空避難室．配電室．停車空間,鋼筋混凝土造,84年1月25日,十層,
RPOOMLPKQHIFFAV86CA,18,74.74,集合住宅,鋼筋混凝土造,84年1月25日,十層,十層 陽台 花台
RPSOMLMKQHIFFAV96CA,,192.80,住家用,ＲＣ造,102年5月15日,三層,一層 二層 三層 見其他登記事項
RPQOMLMKQHIFFAV76CA,,209.66,住家用,ＲＣ造,102年5月15日,三層,一層 二層 三層 見其他登記事項
RPXNMLMKQHIFFAV37CA,9,162.12,住家用,鋼筋混凝土造,93年9月22日,三層,一層 二層 三層 陽台 平台
RPROMLMKQHIFFAV86CA,,218.18,住家用,ＲＣ造,102年5月15日,三層,一層 二層 三層 見其他登記事項 見其他登記事項
RPPOMLMKQHIFFAV66CA,,209.96,住宅、樓梯間,ＲＣ造,102年5月15日,三層,一層 二層 三層 見其他登記事項 見其他登記事項
RPTOMLMJQHIFFAV96CA,27,121.27,住家用,加強磚造,75年10月18日,二層,一層 二層 陽台 屋頂突出物
RPRNMLPJQHIFFAV96CA,15,198.29,人行．店鋪．住宅,鋼筋混凝土造,87年4月20日,三層,一層 二層 三層 屋頂突出物 騎樓
RPUNMLRJQHIFFAV47CA,,58.25,住家用,水泥磚木蓋瓦,,一層,一層 騎樓
RPPNMLLJQHIFFDV66CA,,67.50,住商用,鐵筋水泥磚造,,二層,一層 二層 騎樓
RPPNMLLJQHIFFDV66CA,,67.50,住商用,鐵筋水泥磚造,,二層,一層 二層 騎樓
RPXNMLLJQHIFFAV27DA,,229.05,住家用,ＲＣ造,102年5月27日,三層,一層 二層 三層 屋頂突出物 見其他登記事項
RPRNMLPJQHIFFDV27CA,19,31.54,套房,鋼筋混凝土造,83年9月30日,八層,八層 陽台
RPRNMLPJQHIFFDV27CA,19,.29,樓梯間．門房走道,鋼筋混凝土造,83年9月30日,八層,
RPUNMLLJQHIFFAV86CA,37,91.48,住家用,鐵筋水泥磚,65年4月27日,二層,一層 二層
RPVNMLLJQHIFFAV96CA,18,109.58,集合住宅,鋼筋混凝土造,84年2月17日,八層,三層 陽台 花台
RPVNMLLJQHIFFAV96CA,18,31.88,防空避難室暨停車空間、配電室,鋼筋混凝土造,84年2月17日,八層,
RPVNMLLJQHIFFAV96CA,18,14.08,車道、警衛室、托兒所、電梯、樓梯,鋼筋混凝土造,84年2月17日,八層,
RPPOMLLJQHIFFAV09CA,,225.91,住家用,ＲＣ造,102年1月4日,三層,一層 二層 三層 見其他登記事項
RPTNMLMJQHIFFAV86CA,32,222.16,住家用,鋼筋混凝土加強磚造,70年5月5日,三層,一層 二層 三層 騎樓 地下層
RPXNMLRJQHIFFAV77CA,17,218.41,集合住宅,鋼筋混凝土造,85年5月23日,四層,一層 二層 三層 四層 見其他登記事項
RPQPMLRJQHIFFAV27CA,8,212.42,住家用,ＲＣ,94年3月7日,三層,一層 二層 三層 見其他登記事項
RPRNMLLMPHIFFAV76CA,36,90.45,住家用,加強磚造,66年10月28日,二層,一層 二層
RPQNMLLJQHIFFAV09CA,,114.15,住家用,ＲＣ造,102年5月29日,三層,一層 二層 三層 見其他登記事項
RPQNMLLJQHIFFAV09CA,,114.15,住家用,ＲＣ造,102年5月29日,三層,一層 二層 三層 見其他登記事項
RPROMLLJQHIFFAV66CA,6,215.54,住家用,ＲＣ造,95年11月27日,三層,一層 二層 三層 見其他登記事項
RPOPMLLJQHIFFAV09CA,15,57.46,集合住宅,鋼筋混凝土造,87年12月16日,九層,四層 陽台
RPOPMLLJQHIFFAV09CA,15,11.66,樓梯．電梯．汽車昇降梯．門廊．門．走道．樓梯間．機械室．水箱,鋼筋混凝土造,87年12月16日,九層,
RPOPMLLJQHIFFAV09CA,15,8.26,避難室．停車空間．配電室．機械室．汽車昇降電梯．樓梯．電梯,鋼筋混凝土造,87年12月16日,九層,
RPPNMLOJQHIFFAV66CA,28,145.20,住家用,加強磚造,74年5月27日,二層,一層 二層
RPVOMLLJQHIFFAV07CA,,229.88,住家用,ＲＣ造,102年1月4日,三層,一層 二層 三層 見其他登記事項
RPQNMLNKQHIFFDV17DA,19,31.08,商業用,鋼筋混凝土造,83年4月27日,九層,三層 陽台
RPQNMLNKQHIFFDV17DA,19,10.67,樓梯間、機械室、電梯間、屋頂突出物避難室車道,鋼筋混凝土造,83年4月27日,九層,
RPQNMLNKQHIFFDV17DA,19,48.01,走道,鋼筋混凝土造,83年4月27日,九層,
RPUPMLLJQHIFFAV17DA,31,49.61,住家用,磚造,71年3月31日,一層,一層
RPUNMLLMPHIFFAV07CA,,188.33,住家用,ＲＣ造,102年4月19日,三層,一層 二層 三層 見其他登記事項
RPSNMLLJQHIFFAV66CA,32,159.72,住家用,鋼筋混凝土造,70年12月15日,三層,一層 二層 三層 騎樓
RPSOMLTJQHIFFAV57CA,19,24.28,集合住宅,鋼筋混凝土造,83年1月26日,七層,七層
RPSOMLTJQHIFFAV57CA,19,.82,共有部分,鋼筋混凝土造,83年1月26日,七層,
RPSOMLTJQHIFFAV57CA,19,.82,共有部分,鋼筋混凝土造,83年1月26日,七層,
RPSOMLTJQHIFFAV57CA,19,.82,共有部分,鋼筋混凝土造,83年1月26日,七層,
RPSOMLTJQHIFFAV57CA,19,.82,共有部分,鋼筋混凝土造,83年1月26日,七層,
RPSOMLTJQHIFFAV57CA,19,.82,共有部分,鋼筋混凝土造,83年1月26日,七層,
RPSOMLTJQHIFFAV57CA,19,.82,共有部分,鋼筋混凝土造,83年1月26日,七層,
RPSOMLTJQHIFFAV57CA,19,.82,共有部分,鋼筋混凝土造,83年1月26日,七層,
RPSOMLTJQHIFFAV57CA,19,6.16,共有部分,鋼筋混凝土造,83年1月26日,七層,
RPVNMLRLQHIFFAV77CA,31,632.30,店舖．旅社,鋼筋混凝土造,72年1月18日,七層,一層 二層 三層 四層 五層 六層 七層 地下層
RPWNMLRLQHIFFAV87CA,31,595.20,店舖．旅社,鋼筋混凝土造,72年1月18日,七層,一層 二層 三層 四層 五層 六層 七層 騎樓 地下層
RPXNMLRLQHIFFAV97CA,31,562.74,店舖．旅社,鋼筋混凝土造,72年1月18日,七層,一層 二層 三層 四層 五層 六層 七層 騎樓 地下層
RPVOMLMKQHIFFAV27CA,20,116.08,國民住宅,鋼筋混凝土造,82年12月3日,四層,四層 陽台
RPVOMLMKQHIFFAV27CA,20,2.62,避難室．機械室．共同使用,鋼筋混凝土造,82年12月3日,四層,
RPVOMLMKQHIFFAV27CA,20,.29,樓梯間．共同使用,鋼筋混凝土造,82年12月3日,四層,
RPVOMLMKQHIFFAV27CA,20,.29,樓梯間．公同使用,鋼筋混凝土造,82年12月3日,四層,
RPVOMLMKQHIFFAV27CA,20,.29,樓梯間．公同使用,鋼筋混凝土造,82年12月3日,四層,
RPVOMLMKQHIFFAV27CA,20,.29,樓梯間．公同使用,鋼筋混凝土造,82年12月3日,四層,
RPVOMLMKQHIFFAV27CA,20,.29,樓梯間．公同使用,鋼筋混凝土造,82年12月3日,四層,
RPVOMLMKQHIFFAV27CA,20,.29,樓梯間．公同使用,鋼筋混凝土造,82年12月3日,四層,
RPVOMLMKQHIFFAV27CA,20,.29,樓梯間．公同使用,鋼筋混凝土造,82年12月3日,四層,
RPVOMLMKQHIFFAV27CA,20,.29,樓梯間．公同使用,鋼筋混凝土造,82年12月3日,四層,
RPVOMLMKQHIFFAV27CA,20,.80,樓梯間．公同使用,鋼筋混凝土造,82年12月3日,四層,
RPVOMLMKQHIFFAV27CA,20,.80,樓梯間．公同使用,鋼筋混凝土造,82年12月3日,四層,
RPVOMLMKQHIFFAV27CA,20,.30,樓梯間．公同使用,鋼筋混凝土造,82年12月3日,四層,
RPVOMLMKQHIFFAV27CA,20,.30,樓梯間．公同使用,鋼筋混凝土造,82年12月3日,四層,
RPVOMLMKQHIFFAV27CA,20,.30,樓梯間．公同使用,鋼筋混凝土造,82年12月3日,四層,
RPVOMLMKQHIFFAV27CA,20,4.16,避難室．機械室．公同使用,鋼筋混凝土造,82年12月3日,四層,
RPVOMLMKQHIFFAV27CA,20,.29,樓梯間．公同使用,鋼筋混凝土造,82年12月3日,四層,
RPVOMLMKQHIFFAV27CA,20,.29,樓梯間．屋頂突出物．公同使用,鋼筋混凝土造,82年12月3日,四層,
RPVOMLMKQHIFFAV27CA,20,.29,樓梯間．公同使用,鋼筋混凝土造,82年12月3日,四層,
RPVOMLMKQHIFFAV27CA,20,.29,樓梯間．屋頂突出物．公同使用,鋼筋混凝土造,82年12月3日,四層,
RPVOMLMKQHIFFAV27CA,20,.29,樓梯間．公同使用,鋼筋混凝土造,82年12月3日,四層,
RPVOMLMKQHIFFAV27CA,20,.29,樓梯間．屋頂突出物．公同使用,鋼筋混凝土造,82年12月3日,四層,
RPVOMLMKQHIFFAV27CA,20,.29,樓梯間．屋頂突出物．公同使用,鋼筋混凝土造,82年12月3日,四層,
RPVOMLMKQHIFFAV27CA,20,.29,樓梯間．屋頂突出物．公同使用,鋼筋混凝土造,82年12月3日,四層,
RPVOMLMKQHIFFAV27CA,20,.29,樓梯間．公同使用,鋼筋混凝土造,82年12月3日,四層,
RPVOMLMKQHIFFAV27CA,20,.29,樓梯間．屋頂突出物．公同使用,鋼筋混凝土造,82年12月3日,四層,
RPVOMLMKQHIFFAV27CA,20,.29,樓梯間．屋頂突出物．公同使用,鋼筋混凝土造,82年12月3日,四層,
RPVOMLMKQHIFFAV27CA,20,.29,樓梯間．屋頂突出物．公同使用,鋼筋混凝土造,82年12月3日,四層,
RPVOMLMKQHIFFAV27CA,20,.29,樓梯間．屋頂突出物．公同使用,鋼筋混凝土造,82年12月3日,四層,
RPVOMLMKQHIFFAV27CA,20,.29,樓梯間．屋頂突出物．公同使用,鋼筋混凝土造,82年12月3日,四層,
RPVOMLMKQHIFFAV27CA,20,.30,樓梯間．屋頂突出物．公同使用,鋼筋混凝土造,82年12月3日,四層,
RPVOMLMKQHIFFAV27CA,20,.30,樓梯間．屋頂突出物．公同使用,鋼筋混凝土造,82年12月3日,四層,
RPVOMLMKQHIFFAV27CA,20,.30,樓梯間．屋頂突出物．公同使用,鋼筋混凝土造,82年12月3日,四層,
RPVOMLMKQHIFFAV27CA,20,.30,樓梯間．屋頂突出物．公同使用,鋼筋混凝土造,82年12月3日,四層,
RPVOMLMKQHIFFAV27CA,20,.30,樓梯間．屋頂突出物．公同使用,鋼筋混凝土造,82年12月3日,四層,
