﻿編號,土地位置,土地移轉面積(平方公尺),使用分區或編定,權利人持分分母,權利人持分分子,移轉情形,地號
The serial number, land position,land shifting area square meter,the use zoning or compiles and checks,,,,land parcel
RPQNMLLJKHKFFBF37CC,行政段,69.64,都市：住,,,,05980000
RPQNMLLJKHKFFBF37CC,行政段,.26,都市：住,,,,05980001
RPPPMLMJKHKFFBF57CC,五工段,1482.84,非都市：工業區 ; 非都市編定：丁種建築用地,,,,00090000
RPWNMLMJKHKFFDF28CC,昊天段,55.33,都市：工,,,,10860000
RPPNMLLJKHKFFEF57CC,海天段,13.92,都市：住,,,,02660000
RPPOMLMJKHKFFDF67CC,工建段,13.89,都市：工,,,,06730000
RPPPMLNJKHKFFDF87CC,水源段,4.68,都市：住,,,,09920000
RPPPMLNJKHKFFDF87CC,水源段,.00,都市：住,,,,09920001
RPQNMLLJKHKFFEF67CC,公司田段,26.39,都市：住,,,,00480000
RPQOMLMJKHKFFDF77CC,同新段,17.45,都市：工,,,,00130000
RPWNMLNJKHKFFEF48CC,新市段,32.94,都市：住,,,,00120000
RPXPMLNJKHKFFBF48CC,幸福段,63.17,都市：工,,,,01510000
RPVPMLNJKHKFFBF28CC,中原段,20.14,都市：住,,,,02480000
RPQRMLNJKHKFFEF28CC,鄧公段,90.50,都市：住,,,,07790000
RPPOMLNJKHKFFIF28CC,大學段一小段,23.89,都市：住,,,,01830000
RPXPMLNJKHKFFGF98CC,幸福段,.00,非都市： ; 非都市編定：,,,,14810000
RPOQMLNJKHKFFGF18CC,幸福段,.00,非都市： ; 非都市編定：,,,,14810000
RPPQMLNJKHKFFGF28CC,幸福段,.00,非都市： ; 非都市編定：,,,,14810000
RPQQMLNJKHKFFGF38CC,幸福段,.00,非都市： ; 非都市編定：,,,,14810000
RPUOMLOJKHKFFHF98EC,健康段,27.59,都市：工,,,,11590000
RPOQMLNJKHKFFAF77EC,文化段,2.60,都市：住,,,,11980000
RPTPMLOJKHKFFGF68CC,正義北段,82.27,都市：商,,,,01280000
RPSNMLOJKHKFFIF58CC,大學段二小段,.00,都市：住,,,,00100000
RPVNMLPJKHKFFDF48CC,智興段,.00,都市：商,,,,04410000
RPOPMLPJKHKFFCF87CC,安德段,.81,都市：住,,,,08990000
RPOPMLPJKHKFFCF87CC,安德段,9.74,都市：住,,,,09010000
RPUPMLPJKHKFFDF58CC,福德段,17.81,都市：住,,,,05890000
RPTPMLPJKHKFFHF88CC,中原段,43.92,都市：工,,,,05230000
RPUPMLPJKHKFFHF98CC,健康段,38.02,都市：工,,,,10240000
RPUPMLQJKHKFFHF09CC,安樂段,.00,都市：住,,,,10170000
RPWPMLQJKHKFFHF66CC,雙和段,.00,都市：住,,,,00720000
RPUNMLQJKHKFFIF98CC,大學段一小段,5.88,都市：住,,,,01840000
RPOOMLQJKHKFFGF28CC,正義段,.00,都市：商,,,,00330004
RPPNMLQJKHKFFDF97CC,智興段,.00,都市：住,,,,00480000
RPPOMLQJKHKFFCF97CC,寶元段,.00,都市：工,,,,01090000
RPPNMLRJKHKFFGF38CC,樹德段,69.59,都市：住,,,,03840000
RPPPMLOJKHKFFHF58EC,興南段,.00,都市：住,,,,07980000
RPXPMLOJKHKFFEF88CC,新市段,17.88,都市：住,,,,00870000
RPRRMLNJKHKFFEF38CC,鄧公段,92.25,都市：住,,,,07780000
RPRRMLNJKHKFFEF38CC,鄧公段,3.51,都市：住,,,,07790000
RPSNMLPJKHKFFEF28CC,公司田段,18.35,都市：住,,,,00450000
RPQNMLRJKHKFFEF28CC,公司田段,25.11,都市：住,,,,01340000
RPXUMLQJKHKFFEF96CC,淡海段,26.35,都市：住,,,,00790000
RPRQMLTJKHKFFHF76EC,永平段,.01,都市：其他:道路用地,,,,07130001
RPRQMLTJKHKFFHF76EC,永平段,10.78,都市：住,,,,07130000
RPWOMLTJKHKFFDF09CC,福德段,30.00,都市：住,,,,08510000
RPWOMLTJKHKFFDF09CC,福德段,3.05,都市：住,,,,08560000
RPQOMLTJKHKFFHF88CC,中安段,5.10,都市：住,,,,04360000
RPUOMLTJKHKFFHF66CC,健康段,.00,都市：工,,,,11590000
RPVQMLQJKHKFFHF66CC,中原段,.00,都市：工,,,,07430000
RPTPMLTJKHKFFAF58CC,學成段,6.71,都市：住,,,,05440000
RPVNMLKKKHKFFDF08CC,昊天段,80.33,都市：工,,,,10860000
RPPOMLKKKHKFFDF57CC,同新段,6.39,都市：商,,,,00130000
RPUPMLTJKHKFFAF68CC,江子翠段第三崁小段,32.40,都市：住,,,,02370045
RPWNMLKKKHKFFDF18CC,昊天段,364.00,都市：工,,,,10860000
RPSOMLKKKHKFFGF18CC,成功段,.00,都市：住,,,,08320000
RPRPMLKKKHKFFHF28CC,新和段,.00,都市：住,,,,07880000
RPWOMLKKKHKFFEF38CC,海天段,4.68,都市：住,,,,01900000
RPVOMLKKKHKFFEF28CC,馬偕段,4.18,都市：住,,,,06190000
RPPRMLKKKHKFFEF97CC,公司田段,22.32,都市：住,,,,00210000
RPOPMLLKKHKFFEF77CC,中正段,3.34,都市：商,,,,05490000
RPXTMLTJKHKFFBF86CC,新工段二小段,31.15,非都市：工業區 ; 非都市編定：丁種建築用地,,,,00490000
RPQQMLNJKHKFFBF87CC,榮富段,23.75,都市：住,,,,08680000
RPPQMLNJKHKFFBF77CC,中原段,14.34,都市：住,,,,00050000
RPTPMLLKKHKFFEF28CC,淡海段,38.68,都市：住,,,,00850000
RPOQMLLKKHKFFEF87CC,海鷗段,.00,都市：工,,,,03430000
RPPPMLLKKHKFFHF18CC,福祥段,.00,都市：住,,,,04010000
RPQOMLLKKHKFFHF38EC,秀峰段,.00,都市：住,,,,00920000
RPWQMLLKKHKFFBF58EC,泰山段二小段,1.00,都市：其他:道路用地,,,,02430000
RPWQMLLKKHKFFBF58EC,泰山段二小段,291.00,都市：其他:道路用地,,,,02430001
RPWQMLLKKHKFFBF58EC,泰山段二小段,14.00,都市：住,,,,02430002
RPWQMLLKKHKFFBF58EC,泰山段二小段,1708.00,都市：住,,,,02430003
RPSPMLTJKHKFFHF66DC,安樂段,.00,都市：住,,,,06360000
RPQPMLMKKHKFFBF77CC,五工段,1121.98,非都市：工業區 ; 非都市編定：丁種建築用地,,,,04550000
RPTOMLMKKHKFFIF88EC,鳶山段,115.00,非都市：山坡地保育區 ; 非都市編定：林業用地,,,,01160000
RPTOMLMKKHKFFIF88EC,鳶山段,90.00,非都市：山坡地保育區 ; 非都市編定：林業用地,,,,01170000
RPTOMLMKKHKFFIF88EC,鳶山段,1630.00,非都市：山坡地保育區 ; 非都市編定：農牧用地,,,,01180000
RPXOMLMKKHKFFGF88CC,興德段,5907.67,都市：工,,,,10990000
RPPPMLMKKHKFFGF18CC,集美段,13.33,都市：商,,,,00090000
RPQPMLMKKHKFFGF28CC,興德段,13.84,都市：工,,,,03250000
RPQPMLMKKHKFFGF28CC,興德段,132.06,都市：工,,,,03450000
RPQPMLMKKHKFFGF28CC,興德段,174.25,都市：工,,,,03460000
RPXOMLMKKHKFFIF09CC,大學段一小段,44.01,都市：住,,,,00910000
RPSPMLKKKHKFFAF67CC,文化段,33.75,都市：住,,,,26550000
RPSRMLOJKHKFFAF18CC,文化段,2.18,都市：住,,,,11980000
RPWQMLMKKHKFFCF58CC,寶橋段,.00,都市：工,,,,04450000
RPUQMLMKKHKFFCF38CC,寶元段,.00,都市：工,,,,02730000
RPSNMLLKKHKFFCF77CC,錦秀段,15.08,都市：住,,,,06070000
RPSNMLLKKHKFFCF77CC,錦秀段,15.02,都市：住,,,,05790000
RPXNMLKKKHKFFCF18CC,大豐段,115.12,都市：住,,,,00790000
RPWPMLMKKHKFFCF48CC,福園段,22.80,都市：住,,,,04120000
RPPNMLNKKHKFFAF67EC,江子翠段第三崁小段,30.25,都市：住,,,,03400029
RPRNMLNKKHKFFDF97CC,智興段,.00,都市：商,,,,04410000
RPQNMLNKKHKFFDF87CC,智興段,.00,都市：商,,,,04410000
RPQNMLOKKHKFFDF97CC,福興段,.00,非都市： ; 非都市編定：,,,,06670000
RPPNMLMKKHKFFDF67CC,智興段,.00,都市：住,,,,02650000
RPPNMLMKKHKFFDF67CC,智興段,.00,都市：其他:,,,,02650001
RPQOMLKKKHKFFDF67CC,同新段,23.99,都市：商,,,,00130000
RPPNMLOKKHKFFAF57CC,延和段,.00,都市：住,,,,04360000
RPPPMLNKKHKFFEF08CC,水仙段,2.27,都市：住,,,,00670000
RPPPMLNKKHKFFEF08CC,水仙段,.42,都市：住,,,,00670003
RPVSMLNKKHKFFEF98CC,大義段,20.15,都市：其他:,,,,10100000
RPSPMLNKKHKFFEF38CC,海天段,.01,都市：住,,,,06530005
RPSPMLNKKHKFFEF38CC,海天段,.38,都市：住,,,,06530004
RPSPMLNKKHKFFEF38CC,海天段,5.24,都市：住,,,,06530000
RPSPMLNKKHKFFEF38CC,海天段,.01,都市：住,,,,06420003
RPSPMLNKKHKFFEF38CC,海天段,.04,都市：住,,,,06420000
RPQQMLMKKHKFFHF48CC,板南段,26.73,都市：工,,,,03110000
RPPNMLPKKHKFFEF08CC,新市段,17.89,都市：住,,,,00870000
RPPNMLPKKHKFFGF28CC,幸福段,18.57,都市：住,,,,23900000
RPWNMLPKKHKFFBF48CC,榮富段,17.69,都市：住,,,,08680000
RPXNMLPKKHKFFBF58CC,榮富段,49.04,都市：住,,,,03850000
RPOOMLPKKHKFFBF77CC,榮富段,28.00,都市：住,,,,00700000
RPPOMLPKKHKFFBF87CC,立德段,13.59,都市：住,,,,02220000
RPQOMLPKKHKFFBF97CC,榮富段,10.97,都市：住,,,,09290000
RPSOMLPKKHKFFBF18CC,成泰段,14.58,都市：工,,,,02100000
RPUOMLPKKHKFFBF38CC,榮富段,15.30,都市：住,,,,08370000
RPTOMLPKKHKFFBF28CC,榮富段,13.43,都市：住,,,,08500001
RPWOMLPKKHKFFBF58CC,榮富段,31.34,都市：住,,,,01740000
RPVOMLPKKHKFFBF48CC,陸光段,36.35,都市：住,,,,04430000
RPQOMLOKKHKFFHF48CC,圓通段,.00,都市：住,,,,05770000
RPTNMLOKKHKFFHF68CC,保福段,.00,都市：住,,,,09370000
RPXOMLPKKHKFFBF68CC,建林段,42.37,都市：住,,,,08630000
RPUNMLOKKHKFFHF78CC,民樂段,.00,都市：住,,,,06620000
RPSNMLOKKHKFFHF58CC,竹林段,.00,都市：住,,,,04210000
RPPQMLNKKHKFFHF48CC,大華段,.00,都市：商,,,,02540000
RPPOMLOKKHKFFHF38CC,橋和段,.00,都市：商,,,,03340000
RPWNMLOKKHKFFHF98CC,保生段,.00,都市：住,,,,00460000
RPUOMLQKKHKFFCF58CC,寶強段,32.99,都市：住,,,,08850000
RPVNMLQKKHKFFEF78CC,飛歌段,8.64,都市：工,,,,09580000
RPPPMLQKKHKFFCF18CC,民安段,39.35,都市：住,,,,03170000
RPSOMLQKKHKFFEF68DC,公司田段,.00,非都市： ; 非都市編定：,,,,00800000
RPSOMLOKKHKFFHF68CC,信義段,16.47,都市：住,,,,00910000
RPQQMLQKKHKFFDF48CC,昊天段,36.33,都市：工,,,,07760000
RPOQMLQKKHKFFDF28CC,昊天段,60.24,都市：工,,,,10860000
RPWNMLOLKHKFFCF58CC,中正段,.00,都市：住,,,,09530000
RPQOMLOLKHKFFAF08EC,大安段,.00,都市：工,,,,07450000
RPSOMLOLKHKFFAF28EC,大安段,.00,都市：工,,,,07450000
RPTPMLOLKHKFFHF56EC,大新段,.00,都市：商,,,,02550000
RPSQMLOLKHKFFIF09CC,大學段二小段,19.03,都市：住,,,,00100000
RPROMLOLKHKFFEF38CC,公司田段,13.08,都市：住,,,,00100000
RPXNMLOLKHKFFBF58CC,自立段,24.73,都市：商,,,,09770000
RPRNMLNLKHKFFBF87CC,建林段,15.82,都市：住,,,,04130000
RPWNMLOLKHKFFBF48CC,榮富段,15.34,都市：住,,,,01390000
RPWNMLOLKHKFFBF48CC,榮富段,15.34,都市：住,,,,01390000
RPOPMLPKKHKFFBF87CC,泰山段二小段,26.00,都市：住,,,,00170000
RPSPMLPLKHKFFEF68CC,新小基隆段陳厝坑小段,173.00,都市：住,,,,01160013
RPSPMLPLKHKFFEF68CC,新小基隆段陳厝坑小段,28.00,都市：住,,,,01100005
RPSPMLPLKHKFFEF68CC,新小基隆段陳厝坑小段,16.00,都市：住,,,,01100000
RPTQMLRKKHKFFBF68CC,五工段,1075.39,非都市：工業區 ; 非都市編定：丁種建築用地,,,,05560017
RPUPMLPLKHKFFIF66CC,大學段二小段,20.50,都市：住,,,,00780000
RPTNMLPLKHKFFCF38CC,寶橋段,.00,都市：工,,,,00800000
RPTOMLPLKHKFFHF98CC,莒光段,19.19,都市：住,,,,04310000
RPUNMLPLKHKFFCF48CC,惠國段,.00,都市：住,,,,06260000
RPUQMLPLKHKFFAF58CC,新興段,6.63,都市：住,,,,03670000
RPUQMLPLKHKFFAF58CC,新興段,12.58,都市：住,,,,03710000
RPTNMLPLKHKFFHF88CC,健康段,.00,都市：工,,,,11600000
RPSPMLPLKHKFFAF28CC,新板段二小段,7.66,都市：其他:,,,,00110000
RPRPMLQLKHKFFAF28CC,新板段三小段,.00,都市：其他:第二種特定專用區,,,,00250000
RPQOMLQLKHKFFCF28CC,大豐段,18.92,都市：住,,,,00460000
RPQPMLOLKHKFFBF08CC,榮富段,10.42,都市：住,,,,09290000
RPVPMLOLKHKFFBF58CC,榮富段,14.05,都市：住,,,,09060000
RPPOMLQLKHKFFCF38EC,惠國段,429.73,都市：住,,,,00150000
RPOOMLQLKHKFFGF48CC,正義段,65.56,都市：住,,,,02770000
RPSNMLRLKHKFFAF38DC,和平段,19.33,都市：住,,,,02050000
RPPOMLQLKHKFFAF18EC,運校段,.00,都市：其他:產業專用區(一),,,,00810000
RPPNMLSLKHKFFDF38CC,智興段,.00,都市：商,,,,04410000
RPQTMLQLKHKFFDF88CC,保安段,28.52,都市：工,,,,11910000
RPPNMLQLKHKFFDF18CC,智興段,.00,都市：商,,,,04410000
RPPOMLPLKHKFFDF18CC,智興段,.00,都市：住,,,,02650000
RPQPMLQLKHKFFDF48CC,同新段,2.24,都市：商,,,,00130000
RPPOMLPLKHKFFDF18CC,智興段,.00,都市：其他:道路用地,,,,02650001
RPPTMLQLKHKFFDF78CC,福德段,41.80,都市：工,,,,09400000
RPRNMLSLKHKFFDF58CC,新峰段,756.00,都市：住,,,,13110000
RPQNMLSLKHKFFDF48CC,智興段,.00,都市：住,,,,08170000
RPPNMLSLKHKFFEF48CC,新興段,12.91,都市：住,,,,05980000
RPRNMLLJLHKFFEF87CC,新興段,26.17,都市：商,,,,04050000
RPRWMLPLKHKFFHF96CC,健康段,25.70,都市：工,,,,11590000
RPRRMLQLKHKFFHF56CC,中原段,.00,都市：工,,,,07380000
RPRNMLMJLHKFFEF97CC,海天段,1457.86,都市：其他:,,,,02140002
RPXNMLMJLHKFFEF58CC,正德段,8.75,都市：住,,,,07440000
RPROMLMJLHKFFEF08CC,埤頭段,1514.69,都市：工,,,,02510000
RPTRMLMJLHKFFEF58CC,龍米段,6.74,都市：其他:,,,,24310000
RPOSMLMJLHKFFEF18CC,龍米段,4.68,都市：其他:,,,,24310000
RPXOMLMJLHKFFDF58CC,同新段,28.35,都市：工,,,,00130000
RPTNMLMJLHKFFDF08CC,同新段,12.00,都市：商,,,,00130000
RPQNMLLJLHKFFDF67CC,福興段,31.27,非都市：鄉村區 ; 非都市編定：乙種建築用地,,,,23770000
RPPNMLLJLHKFFDF57CC,大同段,260.73,都市：工,,,,06940000
RPOQMLMJLHKFFHF28CC,景平段,.00,都市：商,,,,08750000
RPPQMLMJLHKFFHF38CC,公園段,20.20,都市：住,,,,04670000
RPRQMLMJLHKFFHF58CC,民權段,2.07,都市：住,,,,05390000
RPSQMLMJLHKFFHF68CC,永安段,11.36,都市：商,,,,00400000
RPSQMLMJLHKFFHF68CC,永安段,8.11,都市：住,,,,00440000
RPUQMLMJLHKFFHF88CC,健康段,.00,都市：工,,,,10590000
RPVOMLMJLHKFFIF88CC,大學段二小段,8.22,都市：商,,,,00980000
RPPOMLMJLHKFFBF77EC,幸福段,139.51,都市：工,,,,09460000
RPVOMLMJLHKFFBF28DC,四維段,.00,都市：住,,,,08400000
RPRNMLNJLHKFFAF87EC,員和段,88.58,都市：住,,,,00020000
RPSPMLMJLHKFFBF97CC,榮富段,10.97,都市：住,,,,09290000
RPPNMLRLKHKFFBF08CC,後港段,.00,都市：其他:部分住宅區部分道路用地,,,,04320000
RPRPMLMJLHKFFBF87CC,中原段,11.95,都市：住,,,,02480000
RPOSMLOLKHKFFBF18CC,力行段,14.67,都市：商,,,,02590002
RPOQMLNJLHKFFEF08CC,公司田段,3452.62,都市：其他:,,,,00400000
RPWOMLNJLHKFFBF38CC,恒安段,.00,都市：住,,,,08390000
RPRPMLNJLHKFFBF97CC,昌隆段,48.95,都市：住,,,,00130000
RPOQMLOJLHKFFBF87CC,建林段,137.80,都市：住,,,,04180000
RPWPMLOJLHKFFHF56CC,中原段,.00,都市：工,,,,05350000
RPOQMLOJLHKFFHF48CC,健康段,.00,都市：工,,,,02350000
RPOOMLOJLHKFFAF77EC,光仁段,21.00,都市：住,,,,15850000
RPOOMLOJLHKFFAF77EC,光仁段,19.00,都市：住,,,,15860000
RPPOMLOJLHKFFAF87EC,沛陂段,1835.11,都市：工,,,,04590000
RPWNMLOJLHKFFIF09CC,永安段,141.93,都市：住,,,,16430000
RPOQMLOJLHKFFAF97EC,光仁段,.00,都市：住,,,,26230000
RPOQMLOJLHKFFAF97EC,光仁段,.00,都市：住,,,,26280000
RPOQMLOJLHKFFAF97EC,光仁段,.00,都市：住,,,,26290000
RPWPMLOJLHKFFAF58DC,金城段,12.02,都市：住,,,,03380000
RPWOMLPJLHKFFIF66CC,水源段,.00,都市：住,,,,00090000
RPOPMLOJLHKFFGF28CC,光興段,.00,都市：其他:,,,,00110000
RPXOMLPJLHKFFIF76CC,復興段,.00,都市：住,,,,12350000
RPSQMLPJLHKFFEF68CC,淡海段,41.04,都市：其他:,,,,01040000
RPORMLPJLHKFFEF38CC,長興段,.00,都市：住,,,,04510000
RPTNMLPJLHKFFDF38CC,智興段,3.55,都市：商,,,,04410000
RPTNMLQJLHKFFDF48CC,智興段,.00,都市：商,,,,04410000
RPROMLPJLHKFFAF97CC,江子翠段第二崁小段,.00,都市：商,,,,02130008
RPROMLPJLHKFFAF97CC,江子翠段第二崁小段,.00,都市：商,,,,02130013
RPROMLPJLHKFFAF97CC,江子翠段第二崁小段,.00,都市：商,,,,02170024
RPUNMLQJLHKFFDF58CC,智興段,.00,都市：住,,,,02650000
RPUNMLQJLHKFFDF58CC,智興段,.00,都市：其他:道路用地,,,,02650001
RPWNMLQJLHKFFBF58CC,五工段,2897.35,非都市：工業區 ; 非都市編定：丁種建築用地,,,,05560006
RPUPMLQJLHKFFDF78CC,厚德段,28.21,都市：住,,,,05350000
RPTPMLQJLHKFFDF68CC,智興段,5.00,都市：住,,,,00480000
RPUNMLNJLHKFFHF88EC,大智段,.00,都市：住,,,,07470000
RPUNMLNJLHKFFHF88EC,大智段,.00,都市：其他:道路用地,,,,07470001
RPUNMLNJLHKFFHF88EC,大智段,.00,都市：住,,,,07480000
RPUNMLNJLHKFFHF88EC,大智段,.00,都市：其他:捷運系統用地,,,,07480001
RPUNMLNJLHKFFHF88EC,大智段,.00,都市：其他:捷運系統用地,,,,07480002
RPUNMLNJLHKFFHF88EC,大智段,.00,都市：其他:捷運系統用地,,,,07480003
RPUNMLNJLHKFFHF88EC,大智段,.00,都市：其他:機關用地,,,,07480004
RPQNMLNJLHKFFHF48EC,大華段,.00,都市：其他:部分住宅區部分道路用地,,,,14460000
RPRPMLMJLHKFFHF48CC,中安段,.00,都市：其他:捷運系統用地,,,,05080000
RPSPMLMJLHKFFHF58CC,秀山段,.00,都市：住,,,,04170000
RPSPMLMJLHKFFHF58CC,秀山段,.00,都市：住,,,,04160000
RPXOMLQJLHKFFBF78CC,富國段,4.97,都市：住,,,,05570000
RPQPMLQJLHKFFEF48CC,淡海段,38.87,都市：住,,,,00850000
RPPNMLSJLHKFFDF28CC,智興段,.00,都市：商,,,,04410000
RPPNMLRJLHKFFDF18CC,建成段,.00,都市：商,,,,05040000
RPPNMLRJLHKFFDF18CC,建成段,.00,都市：商,,,,05750000
RPPPMLMJLHKFFHF28CC,橋和段,.00,都市：工,,,,00330000
RPRNMLTJLHKFFDF58CC,新峰段,10.13,都市：住,,,,07930000
RPSNMLTJLHKFFDF68CC,新峰段,10.13,都市：住,,,,07930000
RPTNMLTJLHKFFDF78CC,大同段,15.77,都市：工,,,,07000000
RPWNMLQJLHKFFIF66CC,民生段,17.47,都市：住,,,,02210000
RPUNMLTJLHKFFAF58CC,文化段,4.36,都市：住,,,,11980000
RPTQMLTJLHKFFBF88CC,光華段,314.05,都市：工,,,,06570005
RPPSMLTJLHKFFBF68CC,榮富段,27.22,都市：住,,,,01400000
RPROMLTJLHKFFIF56CC,大學段一小段,18.80,都市：商,,,,00490000
RPQTMLTJLHKFFBF88CC,泰山段三小段,10.25,都市：商,,,,00790030
RPWOMLTJLHKFFAF98DC,亞東段,166.04,都市：住,,,,03150000
RPVOMLTJLHKFFEF56CC,正德段,5.32,都市：住,,,,07480000
RPPNMLTJLHKFFEF68EC,公司田段,35118.00,都市：住,,,,00430000
RPOPMLKKLHKFFHF08CC,福和段,48.25,都市：住,,,,03660000
RPOPMLKKLHKFFHF08CC,福和段,.50,都市：住,,,,03670000
RPOPMLKKLHKFFHF08CC,福和段,47.50,都市：住,,,,03680000
RPTNMLKKLHKFFEF08CC,海鷗段,.37,都市：住,,,,11910000
RPUOMLTJLHKFFHF76CC,健康段,.00,都市：工,,,,10660000
RPOOMLKKLHKFFEF67CC,新興段,7.95,都市：其他:,,,,08280000
RPVNMLKKLHKFFIF68CC,安溪段,28.65,都市：住,,,,08500000
RPUOMLKKLHKFFAF87CC,公館段,.00,都市：住,,,,02920000
RPTOMLKKLHKFFCF97CC,寶強段,.69,都市：住,,,,09660000
RPTOMLKKLHKFFCF97CC,寶強段,12.09,都市：住,,,,09670000
RPWNMLKKLHKFFDF28CC,智興段,9.07,都市：住,,,,07610004
RPXNMLKKLHKFFDF38CC,建成段,4292.19,都市：商,,,,05040000
RPXNMLKKLHKFFDF38CC,建成段,2117.48,都市：商,,,,05750000
RPPOMLKKLHKFFDF67CC,中正段,44.00,都市：商,,,,08020000
RPTOMLLKLHKFFCF08CC,莊敬段,.00,都市：工,,,,07800000
RPXNMLLKLHKFFAF18CC,新板段三小段,2.73,都市：其他:第二種特定專用區,,,,00250000
RPPPMLLKLHKFFCF77CC,復興段,.00,都市：工,,,,05710000
RPUQMLLKLHKFFCF48DC,安坑段車子路小段,49.75,非都市：山坡地保育區 ; 非都市編定：丙種建築用地,,,,01800039
RPPNMLLKLHKFFEF97EC,公司田段,17.47,都市：住,,,,00450000
RPTOMLLKLHKFFEF28CC,竹圍段,26.07,都市：住,,,,06380000
RPQPMLMKLHKFFIF58CC,民生段,19.65,都市：住,,,,05220000
RPOPMLMKLHKFFIF38CC,大學段二小段,19.26,都市：商,,,,00870000
RPUNMLMKLHKFFDF28CC,新峰段,.00,都市：住,,,,05150000
RPOPMLPJLHKFFBF08EC,立言段,114.13,都市：住,,,,01570000
RPXPMLNJLHKFFBF78EC,全安段,250.21,都市：住,,,,08120000
RPRPMLNKLHKFFAF97CC,新板段三小段,.00,都市：其他:第二種特定專用區,,,,00250000
RPSNMLNKLHKFFHF78EC,健康段,174.58,都市：工,,,,00640000
RPRNMLNKLHKFFDF28EC,北山段,37.38,都市：住,,,,10260000
RPWRMLNKLHKFFEF56DC,新小基隆段埔頭坑小段,38.67,都市：住,,,,00760436
RPPPMLNKLHKFFBF87CC,忠孝段,8.42,都市：住,,,,04520000
RPTPMLNKLHKFFBF28CC,新工段二小段,67.26,非都市：工業區 ; 非都市編定：丁種建築用地,,,,01860000
RPSPMLNKLHKFFBF18CC,和平段,12.55,都市：住,,,,00920000
RPTNMLMKLHKFFBF97CC,五工段,396.68,非都市：工業區 ; 非都市編定：丁種建築用地,,,,01570000
RPQNMLKKLHKFFBF47CC,國宅段,16.67,都市：住,,,,00950002
RPPNMLMKLHKFFEF87CC,大義段,21.25,都市：住,,,,11000000
RPVOMLKKLHKFFGF58CC,永安段,.00,都市：住,,,,05530010
RPUNMLOKLHKFFEF68DC,公司田段,9966.07,都市：住,,,,01390000
RPPNMLOKLHKFFAF67CC,文化段,.00,都市：住,,,,11980000
RPQNMLOKLHKFFBF87CC,榮富段,10.01,都市：住,,,,08500000
RPRNMLOKLHKFFBF97CC,榮富段,11.24,都市：住,,,,06410000
RPSNMLOKLHKFFBF08CC,中原段,35.71,都市：住,,,,00840000
RPUNMLOKLHKFFBF28CC,榮富段,28.26,都市：住,,,,01290000
RPUPMLNKLHKFFHF98CC,南山段,.00,都市：住,,,,06550000
RPPQMLNKLHKFFHF58CC,灰?段,.00,都市：其他:風景區,,,,03340000
RPSPMLNKLHKFFHF78CC,中和段,12.79,都市：商,,,,00560000
RPXPMLNKLHKFFHF66CC,連城段,.00,都市：住,,,,02230000
RPTPMLNKLHKFFHF88CC,東南段,28.84,都市：其他:部分住宅區部分道路用地,,,,03700000
RPRPMLNKLHKFFHF68CC,四維段,.00,都市：住,,,,03430000
RPOOMLNKLHKFFHF28CC,圓通段,.00,都市：住,,,,03670000
RPRQMLNKLHKFFHF78CC,圓通段,.00,都市：住,,,,01790000
RPVRMLNKLHKFFHF66CC,中正段,.00,都市：住,,,,09010000
RPPNMLQKLHKFFDF18CC,智興段,.00,都市：商,,,,05000000
RPPNMLPKLHKFFDF08CC,智興段,.00,都市：住,,,,00480000
RPQOMLQKLHKFFDF38CC,工建段,9.41,都市：工,,,,03630000
RPQOMLOKLHKFFBF97CC,榮富段,17.43,都市：住,,,,06380000
RPROMLOKLHKFFBF08CC,榮富段,29.60,都市：住,,,,01480000
RPPOMLOKLHKFFBF87CC,丹鳳段,22.16,都市：住,,,,00560000
RPQNMLQKLHKFFCF18CC,玫瑰段,6.95,都市：住,,,,00210000
RPQNMLQKLHKFFCF18CC,玫瑰段,48.24,都市：住,,,,00240000
RPQNMLQKLHKFFCF18CC,玫瑰段,5.23,都市：住,,,,00420000
RPRNMLQKLHKFFCF28CC,新和段,65.86,都市：住,,,,01770000
RPSRMLQKLHKFFBF68CC,中原段,.00,都市：住,,,,03340000
RPROMLQKLHKFFHF09EC,雙和段,.00,都市：商,,,,02550000
RPROMLQKLHKFFHF09EC,雙和段,.00,都市：住,,,,02580000
RPVNMLQKLHKFFIF66CC,育英段,29.66,都市：住,,,,10380000
RPPOMLQKLHKFFCF28DC,中正段,9.21,都市：其他:捷運用地,,,,01650000
RPSPMLQKLHKFFIF56CC,大學段二小段,21.82,都市：住,,,,00420000
RPOOMLOKLHKFFBF77CC,忠孝段,8.52,都市：住,,,,04520000
RPXNMLOKLHKFFBF58CC,榮富段,10.97,都市：住,,,,09290000
RPOPMLRKLHKFFBF38EC,中誠段,23.28,都市：住,,,,00730000
RPSOMLQKLHKFFCF68EC,中正段,9.21,都市：其他:捷運用地,,,,01650000
RPPNMLRKLHKFFGF58CC,光興段,5.22,都市：住,,,,00110000
RPTNMLRKLHKFFHF09CC,健康段,.00,都市：工,,,,07720000
RPTNMLRKLHKFFHF09CC,健康段,.00,都市：工,,,,07730000
RPPQMLRKLHKFFHF98CC,健康段,.00,都市：工,,,,11600000
RPRQMLRKLHKFFHF56CC,板南段,28.66,都市：工,,,,03420000
RPXQMLRKLHKFFHF17CC,健康段,24.36,都市：工,,,,11600000
RPURMLRKLHKFFHF96CC,板南段,25.33,都市：工,,,,03110000
RPWSMLRKLHKFFHF27CC,公園段,.00,都市：住,,,,06290000
RPPTMLRKLHKFFHF66CC,南工段,.00,都市：住,,,,05250000
RPUPMLSKLHKFFBF98DC,興化段,.00,都市：工,,,,02510000
RPVOMLSKLHKFFIF96CC,仁愛段,17.52,都市：住,,,,03940000
RPPPMLSKLHKFFIF09CC,大學段二小段,17.60,都市：住,,,,01040000
RPTPMLTKLHKFFIF96CC,民生段,19.65,都市：住,,,,05220000
RPQPMLTKLHKFFEF88CC,關渡段,.00,都市：住,,,,07960000
RPSNMLTKLHKFFCF68CC,北新段,.00,都市：其他:,,,,04190000
RPSOMLTKLHKFFAF58CC,文化段,2.18,都市：住,,,,11980000
RPOPMLSKLHKFFHF88CC,健康段,74.21,都市：工,,,,00660000
RPXNMLKLLHKFFCF38CC,北新段,.00,都市：住,,,,03900000
RPOOMLKLLHKFFCF57CC,寶元段,.00,都市：工,,,,01090000
RPOOMLRKLHKFFBF08CC,立德段,16.62,都市：住,,,,08870000
RPUQMLRKLHKFFBF88CC,新工段一小段,117.26,非都市：工業區 ; 非都市編定：丁種建築用地,,,,00020000
RPPOMLRKLHKFFBF18CC,思源段,34.24,都市：住,,,,11840000
RPVNMLRKLHKFFBF68CC,信華段一小段,20.91,都市：住,,,,00260000
RPVQMLKLLHKFFBF38CC,中原段,21.79,都市：住,,,,03340000
RPPOMLKLLHKFFCF67CC,寶元段,.00,都市：工,,,,01090000
RPWQMLKLLHKFFBF48CC,中原段,21.79,都市：住,,,,03340000
RPQTMLKLLHKFFBF18CC,全安段,22.57,都市：住,,,,05990000
RPSNMLKLLHKFFHF38CC,保健段,.00,都市：住,,,,07400000
RPVNMLKLLHKFFCF28DC,中央段,85.75,都市：住,,,,07670000
RPWNMLKLLHKFFCF38DC,中央段,85.75,都市：住,,,,07670000
RPWOMLKLLHKFFAF38EC,新興段,19.67,都市：住,,,,03550000
RPXOMLKLLHKFFAF48EC,安和段,10.80,都市：住,,,,02090000
RPPQMLNLLHKFFBF08CC,化成段,264.79,都市：工,,,,09400000
RPPQMLNLLHKFFBF08CC,化成段,7.29,都市：工,,,,09400001
RPVQMLNLLHKFFBF68CC,榮富段,26.55,都市：住,,,,07480000
RPRQMLNLLHKFFBF28CC,化成段,264.79,都市：工,,,,09400000
RPRQMLNLLHKFFBF28CC,化成段,264.17,都市：工,,,,09410000
RPRQMLNLLHKFFBF28CC,化成段,7.29,都市：工,,,,09400001
RPRQMLNLLHKFFBF28CC,化成段,6.72,都市：工,,,,09410001
RPPOMLNLLHKFFGF48DC,光興段,.00,都市：商,,,,08000000
RPTPMLOLLHKFFEF78CC,正德段,25.02,都市：住,,,,01470000
RPROMLOLLHKFFCF48EC,安德段,5253.45,都市：住,,,,05630000
RPROMLOLLHKFFCF48EC,安德段,1290.09,都市：住,,,,07770000
RPRNMLOLLHKFFDF48EC,保長段,3.90,都市：住,,,,09950000
RPSNMLOLLHKFFDF58EC,保長段,3.90,都市：住,,,,09950000
RPUNMLOLLHKFFDF78EC,保長段,8.53,都市：住,,,,09950000
RPQPMLOLLHKFFBF18CC,中原段,14.28,都市：住,,,,00050000
RPOOMLKLLHKFFAF37CC,金城段,.00,都市：住,,,,04650000
RPUOMLNLLHKFFHF98CC,四維段,18.63,都市：住,,,,07960000
RPUOMLNLLHKFFHF98CC,四維段,.20,都市：住,,,,07970000
RPOOMLNLLHKFFHF38CC,福和段,.00,都市：商,,,,08980000
RPOOMLNLLHKFFHF38CC,福和段,.00,都市：商,,,,08990000
RPOOMLNLLHKFFHF38CC,福和段,.00,都市：商,,,,09000000
RPOOMLNLLHKFFHF38CC,福和段,.00,都市：商,,,,09010000
RPQNMLLLLHKFFCF87DC,中央段,85.75,都市：住,,,,07670000
RPPNMLOLLHKFFDF08CC,智興段,.00,都市：商,,,,04410000
RPWNMLSKLHKFFDF09CC,昊天段,8.03,都市：工,,,,10860000
RPTOMLTKLHKFFDF98CC,智興段,.00,都市：住,,,,02650000
RPTOMLTKLHKFFDF98CC,智興段,.00,都市：其他:道路用地,,,,02650001
RPQNMLRKLHKFFDF38CC,建成段,.00,都市：住,,,,07530000
RPQNMLRKLHKFFDF38CC,建成段,.00,都市：住,,,,07690000
RPQNMLRKLHKFFDF38CC,建成段,.00,都市：住,,,,08420000
RPQNMLRKLHKFFDF38CC,建成段,.00,都市：住,,,,08740000
RPQNMLRKLHKFFDF38CC,建成段,.00,都市：住,,,,09360000
RPQNMLRKLHKFFDF38CC,建成段,.00,都市：住,,,,09490000
RPPNMLMLLHKFFDF87CC,崇德段,.00,都市：住,,,,01320000
RPROMLSKLHKFFDF68CC,昊天段,7.57,都市：工,,,,10860000
RPUNMLOLLHKFFDF58CC,建成段,24.02,都市：其他:,,,,10790000
RPWOMLOLLHKFFDF88CC,同新段,14.46,都市：商,,,,00130000
RPXOMLOLLHKFFDF98CC,工建段,79.26,都市：工,,,,06730000
RPRNMLOLLHKFFDF28CC,智興段,.00,都市：住,,,,01040000
RPOPMLOLLHKFFDF18CC,同新段,17.45,都市：商,,,,00130000
RPVNMLOLLHKFFAF38CC,力行段,29.85,都市：住,,,,10970000
RPPOMLPLLHKFFAF97CC,介壽段,.00,都市：商,,,,04330000
RPPOMLPLLHKFFAF97CC,介壽段,.00,都市：商,,,,04340002
RPWOMLPLLHKFFAF68CC,大安段,.00,都市：工,,,,07450000
RPPNMLPLLHKFFDF38EC,保長段,6.77,都市：住,,,,09950000
RPXNMLPLLHKFFGF66CC,忠孝段,93.00,都市：住,,,,05630000
RPQNMLPLLHKFFDF48EC,保長段,3.90,都市：住,,,,09950000
RPRNMLPLLHKFFDF58EC,保長段,12.50,都市：住,,,,09950000
RPVRMLPLLHKFFBF98CC,民安段,20.64,都市：住,,,,07020000
RPRNMLPLLHKFFEF48CC,公司田段,14.40,都市：住,,,,00400000
RPXNMLPLLHKFFEF09CC,竹圍段,38.51,都市：住,,,,06770000
RPPOMLQLLHKFFEF48CC,大義段,22.51,都市：住,,,,01750000
RPSNMLQLLHKFFGF88CC,重新段壹小段,.00,都市：住,,,,00630023
RPWNMLQLLHKFFAF78DC,瑞興段,.00,都市：住,,,,07660000
RPUOMLQLLHKFFEF98CC,學府段,11.74,都市：住,,,,00410000
RPUOMLQLLHKFFEF98CC,學府段,23.79,都市：住,,,,00400000
RPPRMLQLLHKFFHF09CC,健康段,65.78,都市：工,,,,00660000
RPVOMLQLLHKFFAF78DC,江子翠段新埔小段,.00,都市：住,,,,00380012
RPQNMLQLLHKFFDF58EC,保長段,3.90,都市：住,,,,09950000
RPTQMLQLLHKFFHF86DC,民有段,.00,都市：住,,,,06730000
RPTQMLQLLHKFFHF86DC,民有段,.00,都市：住,,,,00730000
RPSNMLQLLHKFFAF48EC,文化段,.00,都市：住,,,,11980000
RPPNMLQLLHKFFDF28CC,智興段,.00,都市：商,,,,04710000
RPPNMLQLLHKFFDF28CC,智興段,.00,都市：住,,,,04760000
RPTNMLQLLHKFFDF68CC,福興段,.00,都市：住,,,,07290000
RPTNMLQLLHKFFDF68CC,福興段,.00,都市：住,,,,07480000
RPSNMLQLLHKFFDF58CC,福興段,.00,都市：住,,,,02620000
RPRRMLRLLHKFFBF78CC,榮富段,9.00,都市：住,,,,08820001
RPSRMLRLLHKFFBF88CC,民安段,20.74,都市：住,,,,06890000
RPTRMLRLLHKFFBF98CC,榮富段,14.47,都市：住,,,,08460000
RPURMLRLLHKFFBF09CC,立德段,22.09,都市：住,,,,09500000
RPVNMLQLLHKFFDF88CC,金龍段,.00,都市：住,,,,00060000
RPPNMLSLLHKFFEF58CC,海天段,.02,都市：住,,,,06420000
RPPNMLSLLHKFFEF58CC,海天段,.00,都市：住,,,,06420003
RPPNMLSLLHKFFEF58CC,海天段,2.62,都市：住,,,,06530000
RPPNMLSLLHKFFEF58CC,海天段,.20,都市：住,,,,06530004
RPPNMLSLLHKFFEF58CC,海天段,.00,都市：住,,,,06530005
RPOSMLRLLHKFFBF58CC,後港段,29.24,都市：住,,,,06340000
RPRNMLSLLHKFFEF78CC,公司田段,21.81,都市：住,,,,00390000
RPQNMLSLLHKFFEF68CC,海鷗段,18.93,都市：商,,,,01760000
RPSNMLSLLHKFFEF88CC,海天段,2.33,都市：住,,,,06530000
RPSNMLSLLHKFFEF88CC,海天段,.00,都市：住,,,,06420003
RPSNMLSLLHKFFEF88CC,海天段,.17,都市：住,,,,06530004
RPSNMLSLLHKFFEF88CC,海天段,.01,都市：住,,,,06530005
RPSNMLSLLHKFFEF88CC,海天段,.02,都市：住,,,,06420000
RPPNMLSLLHKFFIF98CC,大學段二小段,19.27,都市：商,,,,00870000
RPPNMLSLLHKFFDF48CC,金龍段,.00,都市：住,,,,00060000
RPPNMLTLLHKFFDF58CC,新峰段,.00,都市：住,,,,03530000
RPSOMLKMLHKFFGF48CC,永安段,.00,都市：住,,,,18130000
RPPNMLTLLHKFFGF88CC,德新段,.00,都市：商,,,,04040000
RPPNMLTLLHKFFGF88CC,德新段,.00,都市：商,,,,04050000
RPPNMLTLLHKFFGF88CC,德新段,.00,都市：住,,,,04080000
RPUNMLKMLHKFFIF78CC,南靖厝段,83.00,非都市：一般農業區 ; 非都市編定：甲種建築用地,,,,03390006
RPUNMLKMLHKFFIF78CC,南靖厝段,86.00,非都市：一般農業區 ; 非都市編定：甲種建築用地,,,,03390080
RPXNMLKMLHKFFIF09CC,中山段,3.37,都市：住,,,,00650000
RPXNMLKMLHKFFDF58CC,福興段,.00,都市：住,,,,07290000
RPPOMLKMLHKFFDF87CC,福興段,.00,非都市：鄉村區 ; 非都市編定：乙種建築用地,,,,19330000
RPPOMLKMLHKFFDF87CC,福興段,.00,非都市：鄉村區 ; 非都市編定：乙種建築用地,,,,20230000
RPPOMLKMLHKFFDF87CC,福興段,.00,非都市：鄉村區 ; 非都市編定：乙種建築用地,,,,20260000
RPQOMLKMLHKFFAF67CC,新板段三小段,.00,都市：其他:第二種特定專用區,,,,00190000
RPVNMLKMLHKFFCF28CC,新坡段,65.19,非都市：山坡地保育區 ; 非都市編定：丙種建築用地,,,,03100000
RPPNMLRLLHKFFHF98EC,永平段,11.87,都市：住,,,,07130000
RPPNMLRLLHKFFHF98EC,永平段,.01,都市：其他:道路用地,,,,07130001
RPWTMLLMLHKFFBF98CC,五工段,976.02,非都市：工業區 ; 非都市編定：丁種建築用地,,,,00170000
RPXNMLKMLHKFFCF48CC,大豐段,.00,都市：商,,,,00470000
RPOUMLLMLHKFFBF28CC,立言段,29.50,都市：住,,,,03720000
RPXTMLLMLHKFFBF09CC,思源段,21.89,都市：住,,,,01500000
RPQUMLLMLHKFFBF48CC,忠孝段,4.21,都市：住,,,,04520000
RPOVMLLMLHKFFBF38CC,芳洲段,27.66,都市：住,,,,01680000
RPQNMLLMLHKFFDF08DC,中正段,.00,非都市： ; 非都市編定：,,,,07590000
RPRRMLPLLHKFFBF58CC,榮富段,21.00,都市：住,,,,00800000
RPQQMLOLLHKFFBF28CC,同榮段,20.44,都市：住,,,,06090000
RPWPMLOLLHKFFBF78CC,中原段,24.98,都市：住,,,,02480000
RPQQMLPLLHKFFBF38CC,幸福段,15.11,都市：工,,,,05160000
RPVPMLOLLHKFFBF68CC,龍鳳段,7.07,都市：住,,,,07780000
RPUPMLOLLHKFFBF58CC,丹鳳段,11.31,都市：住,,,,04340000
RPRNMLLJMHKFFCF77CC,惠國段,4.69,都市：住,,,,00490000
RPPOMLMJMHKFFAF57CC,江子翠段第二崁小段,29.00,都市：住,,,,02440023
RPROMLMJMHKFFAF77CC,樂利段,.00,都市：住,,,,09150000
RPWOMLMJMHKFFAF28CC,府中段,.00,都市：商,,,,00930003
RPSOMLLJMHKFFEF18CC,淡海段,36.25,都市：住,,,,00850000
RPUOMLLJMHKFFDF28CC,昊天段,.00,都市：住,,,,11000000
RPUOMLLJMHKFFDF28CC,昊天段,.00,都市：住,,,,11650003
RPUOMLLJMHKFFDF28CC,昊天段,.00,都市：其他:,,,,11650004
RPRNMLMJMHKFFEF08CC,淡海段,39.11,都市：其他:,,,,01040000
RPUPMLLJMHKFFBF18CC,麗林段,11.38,都市：商,,,,04070004
RPXOMLMJMHKFFBF48CC,中原段,16.20,都市：商,,,,01750000
RPWOMLMJMHKFFBF38CC,中原段,44.45,都市：住,,,,03340000
RPTNMLMJMHKFFEF28CC,下圭柔山段,7.75,都市：其他:淡海新市鎮,,,,02320001
RPTNMLMJMHKFFEF28CC,下圭柔山段,59.63,都市：其他:淡海新市鎮,,,,02320002
RPVNMLMJMHKFFEF48CC,海天段,7.05,都市：住,,,,01900000
RPTOMLMJMHKFFEF38CC,鄧公段,7.98,都市：住,,,,04080000
RPTOMLMJMHKFFEF38CC,鄧公段,5.09,都市：住,,,,04090000
RPTOMLMJMHKFFEF38CC,鄧公段,1.37,都市：住,,,,04100000
RPTOMLMJMHKFFEF38CC,鄧公段,15.95,都市：住,,,,04080000
RPTOMLMJMHKFFEF38CC,鄧公段,10.17,都市：住,,,,04090000
RPTOMLMJMHKFFEF38CC,鄧公段,2.74,都市：住,,,,04100000
RPOOMLMJMHKFFEF87CC,正德段,10.00,都市：住,,,,07440000
RPSPMLMJMHKFFHF78DC,捷運段,.00,都市：其他:捷運系統用地,,,,00080000
RPPNMLNJMHKFFGF18CC,過田段,.00,都市：商,,,,08550000
RPROMLNJMHKFFEF38DC,竹圍段,86.02,都市：商,,,,01570000
RPQOMLNJMHKFFEF18CC,新興段,9.33,都市：住,,,,05830000
RPPNMLNJMHKFFDF87CC,新峰段,.00,都市：住,,,,01190000
RPPNMLOJMHKFFIF48CC,新興段,945.34,都市：工,,,,00300000
RPPNMLOJMHKFFIF48CC,新興段,202.70,都市：工,,,,00310000
RPPNMLOJMHKFFIF48CC,新興段,533.87,都市：工,,,,00410000
RPQNMLQJMHKFFEF38CC,新興段,9.99,都市：其他:,,,,07420000
RPPNMLQJMHKFFIF68CC,大學段二小段,8.29,都市：商,,,,00980000
RPQNMLQJMHKFFIF78CC,大學段一小段,5.35,都市：住,,,,00910000
RPRNMLQJMHKFFIF88CC,大學段二小段,23.47,都市：住,,,,01030000
RPQNMLQJMHKFFCF28DC,寶元段,19.00,都市：住,,,,06340000
RPSNMLQJMHKFFBF28CC,忠孝段,10.37,都市：住,,,,04520000
RPVNMLQJMHKFFBF58CC,建林段,24.95,都市：住,,,,02910000
RPWNMLQJMHKFFBF68CC,國宅段,15.28,都市：住,,,,00140002
RPSNMLRJMHKFFBF38CC,中原段,26.88,都市：住,,,,02500000
RPTQMLRJMHKFFBF78CC,建林段,38.12,都市：住,,,,04550000
RPXNMLLJMHKFFHF88CC,板南段,4.80,都市：工,,,,01700000
RPXNMLLJMHKFFHF88CC,板南段,38.02,都市：工,,,,01450000
RPSPMLRLLHKFFHF66CC,雙和段,32.30,都市：商,,,,02020000
RPSPMLRLLHKFFHF66CC,雙和段,1.63,都市：住,,,,02030000
RPOOMLLMLHKFFHF28CC,永平段,10.88,都市：住,,,,07130000
RPOOMLLMLHKFFHF28CC,永平段,.01,都市：其他:道路用地,,,,07130001
RPOOMLLJMHKFFHF08CC,新民段,247.75,都市：工,,,,02570000
RPOOMLLJMHKFFHF08CC,新民段,24.15,都市：工,,,,02580000
RPOOMLLJMHKFFHF08CC,新民段,438.40,都市：工,,,,02590000
RPUNMLRJMHKFFAF48CC,江子翠段第二崁小段,9.93,都市：住,,,,01570000
RPPPMLRJMHKFFDF48CC,福德段,791.93,都市：工,,,,01540000
RPXNMLRJMHKFFDF09CC,智興段,.00,都市：住,,,,01040000
RPROMLRJMHKFFGF88CC,光興段,5.22,都市：住,,,,00110000
RPSNMLRJMHKFFGF98DC,仁義段,28.75,都市：住,,,,00600000
RPXOMLRJMHKFFHF96CC,雙和段,32.16,都市：住,,,,08170000
RPXPMLSJMHKFFHF17CC,國光段,23.93,都市：其他:部分住宅區部分商業區,,,,02150000
RPROMLRJMHKFFAF28CC,江子翠段第三崁小段,11.36,都市：住,,,,03450022
RPOOMLRJMHKFFAF97CC,金城段,8.09,都市：住,,,,01780000
RPRNMLSJMHKFFFF78CC,吉安段,55.05,非都市：山坡地保育區 ; 非都市編定：丙種建築用地,,,,12860000
RPOOMLSJMHKFFDF58EC,茄苳腳段,71.46,非都市：山坡地保育區 ; 非都市編定：丙種建築用地,,,,03170000
RPWOMLSJMHKFFAF88CC,沛陂段,.00,都市：住,,,,06330000
RPWOMLSJMHKFFAF88CC,沛陂段,.00,都市：住,,,,06340000
RPXOMLSJMHKFFAF98CC,介壽段,37.15,都市：商,,,,05920000
RPXPMLSJMHKFFCF66CC,大豐段,71.30,都市：住,,,,00380000
RPVQMLRJMHKFFBF98CC,國宅段,22.32,都市：住,,,,00140000
RPOQMLSJMHKFFCF48CC,復興段,983.90,都市：工,,,,05570000
RPSNMLSJMHKFFDF68CC,同新段,54.52,都市：工,,,,00130000
RPTNMLSJMHKFFDF78CC,北山段,163.23,都市：工,,,,03590000
RPTNMLSJMHKFFDF78CC,北山段,12.63,都市：工,,,,04000000
RPPQMLSJMHKFFCF58CC,大豐段,74.88,都市：住,,,,00470000
RPPQMLSJMHKFFCF58CC,大豐段,110.98,都市：住,,,,00480000
RPPQMLSJMHKFFCF58CC,大豐段,357.47,都市：住,,,,00490000
RPPQMLSJMHKFFCF58CC,大豐段,577.64,都市：住,,,,00510000
RPWOMLSJMHKFFBF98CC,榮和段,44.51,都市：住,,,,00170000
RPUOMLSJMHKFFDF98CC,同新段,12.00,都市：商,,,,00130000
RPXOMLSJMHKFFBF09CC,雙鳳段,9.12,都市：住,,,,07470000
RPVPMLSJMHKFFBF98CC,中原段,23.88,都市：住,,,,03210000
RPQPMLSJMHKFFBF48CC,全安段,21.73,都市：住,,,,10470000
RPQPMLSJMHKFFBF48CC,全安段,.34,都市：住,,,,10630000
RPVPMLTJMHKFFBF09CC,化成段,287.02,都市：工,,,,07590000
RPVPMLTJMHKFFBF09CC,化成段,9.28,都市：工,,,,07740000
RPRSMLTJMHKFFBF98CC,佳林段,20.59,都市：商,,,,10240000
RPRSMLTJMHKFFBF98CC,佳林段,35.29,都市：商,,,,10340000
RPQTMLSJMHKFFBF88CC,合鳳段,12.83,都市：工,,,,06090000
RPQNMLTJMHKFFDF58CC,智興段,.00,都市：住,,,,11180000
RPWNMLTJMHKFFDF56CC,大同段,7722.24,都市：住,,,,02160000
RPTRMLTJMHKFFBF56DC,立德段,.00,都市：住,,,,01180000
RPXOMLTJMHKFFCF76DC,復興段,.00,非都市： ; 非都市編定：,,,,05710000
RPROMLTJMHKFFDF88DC,智興段,8593.00,都市：住,,,,00410000
RPWOMLKKMHKFFHF88CC,板南段,.00,都市：工,,,,03820000
RPWOMLKKMHKFFHF88CC,板南段,.00,都市：其他:道路用地,,,,03820001
RPRNMLTJMHKFFHF09CC,保健段,20.14,都市：住,,,,00790000
RPXOMLKKMHKFFHF98CC,板南段,26.33,都市：工,,,,03110000
RPVTMLKKMHKFFEF98CC,公司田段,14.14,都市：住,,,,00500000
RPUTMLKKMHKFFEF88CC,公司田段,15.00,都市：住,,,,00100001
RPUOMLRJMHKFFHF66CC,中興段,30.79,都市：住,,,,00650000
RPPNMLPJMHKFFHF48CC,中和段,23.32,都市：住,,,,03370000
RPQPMLLJMHKFFHF38CC,健康段,.00,都市：工,,,,02330000
RPUOMLMJMHKFFHF78CC,板南段,26.72,都市：工,,,,03110000
RPPOMLLJMHKFFHF18CC,秀山段,219.02,都市：其他:市場用地,,,,02510000
RPROMLMJMHKFFHF48CC,健康段,.00,都市：工,,,,11600000
RPWNMLKKMHKFFDF38CC,智興段,.00,都市：商,,,,05110000
RPUNMLKKMHKFFIF68CC,安溪段,13.80,都市：住,,,,13870000
RPOPMLSJMHKFFGF78CC,中民段,.00,都市：商,,,,00070000
RPTOMLKKMHKFFBF97CC,福營段,11.71,都市：工,,,,08000000
RPPNMLLKMHKFFDF77CC,智興段,.00,都市：住,,,,07010000
RPPNMLLKMHKFFCF67CC,大豐段,.00,都市：住,,,,03070000
RPTOMLNKMHKFFBF28CC,國宅段,9.73,都市：住,,,,00260000
RPQOMLNKMHKFFAF87CC,成功段,3.76,都市：商,,,,03770000
RPTOMLNKMHKFFAF18CC,中興段,32.48,都市：商,,,,04670000
RPQOMLNKMHKFFAF87CC,成功段,6.71,都市：商,,,,05450000
RPRNMLNKMHKFFAF08EC,光仁段,.00,都市：住,,,,22910000
RPQRMLNKMHKFFBF28CC,榮富段,13.31,都市：住,,,,08350000
RPUSMLNKMHKFFBF78CC,文明段,20.50,都市：工,,,,00950000
RPSUMLKKMHKFFEF78CC,水仙段,.00,都市：住,,,,03190000
RPRUMLKKMHKFFEF68CC,公司田段,33.63,都市：住,,,,00330000
RPUNMLNKMHKFFEF58CC,正德段,.00,非都市： ; 非都市編定：,,,,03630000
RPTOMLOKMHKFFDF78EC,保長段,19.08,都市：住,,,,09950000
RPVNMLOKMHKFFEF88DC,學府段,10.48,都市：住,,,,08840000
RPUOMLOKMHKFFDF88EC,保長段,3.90,都市：住,,,,09950000
RPVOMLOKMHKFFDF98EC,保長段,6.70,都市：住,,,,09950000
RPXOMLOKMHKFFDF56EC,環河段,327.28,都市：工,,,,08760000
RPROMLOKMHKFFCF38DC,莊敬段,.00,非都市： ; 非都市編定：,,,,07100000
RPROMLOKMHKFFCF38DC,莊敬段,.00,非都市： ; 非都市編定：,,,,07140000
RPQQMLOKMHKFFGF78CC,興德段,28.85,都市：工,,,,05670000
RPSNMLOKMHKFFBF18CC,思源段,31.07,都市：住,,,,00370000
RPTTMLOKMHKFFBF88CC,建林段,17.38,都市：商,,,,00110000
RPSNMLOKMHKFFAF08CC,公館段,8.63,都市：住,,,,03330000
RPSNMLOKMHKFFAF08CC,公館段,8.38,都市：住,,,,03320000
RPQUMLOKMHKFFBF68CC,新工段一小段,93.26,非都市：工業區 ; 非都市編定：丁種建築用地,,,,00070000
RPQPMLOKMHKFFCF28CC,福園段,.00,都市：住,,,,06630000
RPUPMLOKMHKFFDF78CC,同新段,34.89,都市：工,,,,00130000
RPPNMLPKMHKFFDF18CC,昊天段,7.26,都市：工,,,,10860000
RPQNMLPKMHKFFDF28CC,智興段,.00,都市：商,,,,02650000
RPQNMLPKMHKFFDF28CC,智興段,.00,都市：其他:,,,,02650001
RPOOMLPKMHKFFDF18CC,同新段,37.07,都市：工,,,,00130000
RPQOMLPKMHKFFDF38CC,同新段,17.45,都市：工,,,,00130000
RPXOMLPKMHKFFDF09CC,金龍段,.00,都市：住,,,,04210000
RPSOMLPKMHKFFAF28CC,學成段,27.78,都市：住,,,,06920000
RPXOMLPKMHKFFAF78CC,員福段,.00,都市：住,,,,07120000
RPOUMLKKMHKFFEF38CC,公司田段,14.93,都市：住,,,,00100001
RPPUMLKKMHKFFEF48CC,關渡段,.00,都市：商,,,,05880001
RPPUMLKKMHKFFEF48CC,關渡段,.00,都市：商,,,,05890000
RPPUMLKKMHKFFEF48CC,關渡段,.00,都市：商,,,,05900000
RPPUMLKKMHKFFEF48CC,關渡段,.00,都市：商,,,,05920000
RPPUMLKKMHKFFEF48CC,關渡段,.00,都市：商,,,,05930000
RPPUMLKKMHKFFEF48CC,關渡段,.00,都市：商,,,,05940000
RPPUMLKKMHKFFEF48CC,關渡段,.00,都市：商,,,,05950000
RPPUMLKKMHKFFEF48CC,關渡段,.00,都市：住,,,,05950002
RPPUMLKKMHKFFEF48CC,關渡段,.00,都市：商,,,,05960000
RPPUMLKKMHKFFEF48CC,關渡段,.00,都市：住,,,,05960001
RPPUMLKKMHKFFEF48CC,關渡段,.00,都市：住,,,,05970000
RPPUMLKKMHKFFEF48CC,關渡段,.00,都市：商,,,,05970001
RPPUMLKKMHKFFEF48CC,關渡段,.00,都市：住,,,,05990000
RPPUMLKKMHKFFEF48CC,關渡段,.00,都市：商,,,,05990001
RPPUMLKKMHKFFEF48CC,關渡段,.00,都市：住,,,,06070000
RPPUMLKKMHKFFEF48CC,關渡段,.00,都市：商,,,,06070001
RPPUMLKKMHKFFEF48CC,關渡段,.00,都市：商,,,,06080000
RPPUMLKKMHKFFEF48CC,關渡段,.00,都市：住,,,,06080002
RPPUMLKKMHKFFEF48CC,關渡段,.00,都市：住,,,,06090000
RPPUMLKKMHKFFEF48CC,關渡段,.00,都市：商,,,,06090002
RPPUMLKKMHKFFEF48CC,關渡段,.00,都市：商,,,,05910000
RPPUMLKKMHKFFEF48CC,關渡段,.00,都市：商,,,,05980000
RPXTMLKKMHKFFEF56CC,關渡段,.00,都市：商,,,,05880001
RPXTMLKKMHKFFEF56CC,關渡段,.00,都市：商,,,,05890000
RPXTMLKKMHKFFEF56CC,關渡段,.00,都市：商,,,,05930000
RPXTMLKKMHKFFEF56CC,關渡段,.00,都市：商,,,,05910000
RPXTMLKKMHKFFEF56CC,關渡段,.00,都市：商,,,,05900000
RPXTMLKKMHKFFEF56CC,關渡段,.00,都市：商,,,,05940000
RPXTMLKKMHKFFEF56CC,關渡段,.00,都市：商,,,,05980000
RPXTMLKKMHKFFEF56CC,關渡段,.00,都市：商,,,,05920000
RPXTMLKKMHKFFEF56CC,關渡段,.00,都市：商,,,,05950000
RPXTMLKKMHKFFEF56CC,關渡段,.00,都市：住,,,,05950002
RPXTMLKKMHKFFEF56CC,關渡段,.00,都市：住,,,,05970000
RPXTMLKKMHKFFEF56CC,關渡段,.00,都市：住,,,,06070000
RPXTMLKKMHKFFEF56CC,關渡段,.00,都市：住,,,,05960001
RPXTMLKKMHKFFEF56CC,關渡段,.00,都市：住,,,,05990000
RPXTMLKKMHKFFEF56CC,關渡段,.00,都市：住,,,,06080002
RPXTMLKKMHKFFEF56CC,關渡段,.00,都市：住,,,,06090000
RPXTMLKKMHKFFEF56CC,關渡段,.00,都市：商,,,,05960000
RPXTMLKKMHKFFEF56CC,關渡段,.00,都市：商,,,,05970001
RPXTMLKKMHKFFEF56CC,關渡段,.00,都市：商,,,,05990001
RPXTMLKKMHKFFEF56CC,關渡段,.00,都市：商,,,,06070001
RPXTMLKKMHKFFEF56CC,關渡段,.00,都市：商,,,,06080000
RPXTMLKKMHKFFEF56CC,關渡段,.00,都市：商,,,,06090002
RPQQMLPKMHKFFBF38CC,信華段一小段,14.16,都市：住,,,,00240000
RPXPMLPKMHKFFBF98CC,復興段,31.54,都市：住,,,,03160000
RPRSMLPKMHKFFBF68CC,光明段,132.86,都市：住,,,,02260000
RPWRMLPKMHKFFAF09DC,安和段,22.56,都市：商,,,,01750000
RPWRMLPKMHKFFAF09DC,安和段,18.33,都市：商,,,,01750000
RPSPMLPKMHKFFIF56CC,大學段二小段,24.25,都市：住,,,,01250000
RPTPMLPKMHKFFIF66CC,民生段,24.99,都市：住,,,,05340000
RPUPMLPKMHKFFIF76CC,大學段二小段,14.82,都市：住,,,,00440000
RPWPMLPKMHKFFIF96CC,大學段一小段,5.88,都市：住,,,,01840000
RPOQMLPKMHKFFIF88CC,介壽段,29.90,都市：住,,,,00090008
RPQQMLPKMHKFFIF09CC,大學段一小段,15.53,都市：住,,,,01180000
RPRQMLPKMHKFFIF56CC,大學段一小段,14.19,都市：住,,,,01510001
RPWPMLOKMHKFFHF76CC,橋和段,35.57,都市：工,,,,01880000
RPTNMLPKMHKFFHF98CC,保福段,.00,都市：住,,,,13220000
RPTOMLOKMHKFFHF98CC,中安段,.00,都市：住,,,,05100000
RPQRMLOKMHKFFHF98CC,樂華段,73.19,都市：商,,,,00490000
RPOQMLNKMHKFFHF58CC,中安段,.00,都市：住,,,,05720000
RPQQMLOKMHKFFHF88CC,新民段,65.51,都市：工,,,,03520000
RPUNMLPKMHKFFHF09CC,華中段,.00,都市：住,,,,00610000
RPWNMLPKMHKFFHF66CC,四維段,17.37,都市：住,,,,01470000
RPROMLPKMHKFFHF88CC,公園段,.00,都市：住,,,,04650000
RPXNMLPKMHKFFHF76CC,盛昌段,.00,都市：住,,,,01530000
RPSOMLPKMHKFFHF98CC,公園段,.00,都市：住,,,,06290000
RPSQMLPKMHKFFAF48CC,文化段,.00,都市：住,,,,11980000
RPSSMLPKMHKFFAF68CC,仁愛段,52.91,都市：工,,,,06380000
RPRSMLPKMHKFFAF58CC,員和段,20.34,都市：商,,,,13550000
RPQPMLPKMHKFFHF88CC,信義段,.00,都市：商,,,,05040000
RPSPMLPKMHKFFHF09CC,民樂段,.00,都市：住,,,,06620000
RPXOMLPKMHKFFHF86CC,永安段,.00,都市：商,,,,04800000
RPXOMLPKMHKFFHF86CC,永安段,.00,都市：商,,,,04830000
RPOPMLPKMHKFFHF68CC,安樂段,.00,都市：住,,,,00690000
RPWOMLPKMHKFFHF76CC,圓通段,.00,都市：住,,,,03730000
RPUOMLPKMHKFFHF56CC,南工段,9.82,都市：住,,,,10920000
RPTPMLPKMHKFFHF56CC,福和段,.00,都市：商,,,,09860000
RPVPMLPKMHKFFHF76CC,健康段,25.08,都市：工,,,,11590000
RPXPMLPKMHKFFEF66CC,水仙段,.42,都市：住,,,,00670003
RPXPMLPKMHKFFEF66CC,水仙段,2.27,都市：住,,,,00670000
RPVPMLPKMHKFFEF09CC,海天段,8.59,都市：住,,,,05480000
RPQRMLPKMHKFFEF78CC,竹圍段,4.89,都市：其他:,,,,07630000
RPQRMLPKMHKFFEF78CC,竹圍段,29.40,都市：其他:,,,,07780000
RPQNMLQKMHKFFEF48CC,海天段,12.54,都市：住,,,,02160000
RPPNMLQKMHKFFGF58CC,忠孝段,.00,都市：住,,,,02540000
RPSQMLPKMHKFFEF88CC,新市段,44.64,都市：其他:,,,,02270000
RPQNMLQKMHKFFGF68CC,正義段,.00,都市：住,,,,04710000
RPUNMLQKMHKFFGF09CC,幸福段,.00,都市：住,,,,26620000
RPVNMLQKMHKFFAF58CC,新興段,.00,都市：商,,,,05760000
RPVNMLQKMHKFFCF78CC,香坡段,46.60,都市：住,,,,08410000
RPQNMLRKMHKFFDF48CC,新峰段,.00,都市：住,,,,02530000
RPTNMLRKMHKFFDF78CC,新峰段,71.62,都市：住,,,,15950000
RPWNMLRKMHKFFCF98CC,寶橋段,.00,都市：工,,,,04210000
RPQNMLQKMHKFFDF38CC,智興段,.00,都市：商,,,,04710000
RPQNMLQKMHKFFDF38CC,智興段,.00,都市：住,,,,04760000
RPTOMLRKMHKFFCF78CC,竹林段,.00,都市：住,,,,06200000
RPSNMLRKMHKFFEF88DC,正德段,25.86,都市：住,,,,07860000
RPXNMLRKMHKFFEF66CC,公司田段,16.85,都市：住,,,,00580000
RPOOMLRKMHKFFCF38DC,大豐段,.00,都市：住,,,,06960000
RPQNMLTKMHKFFDF68CC,智興段,.00,都市：住,,,,02650000
RPQNMLTKMHKFFDF68CC,智興段,.00,都市：其他:道路用地,,,,02650001
RPTNMLRKMHKFFEF88CC,竹圍段,28.50,都市：其他:,,,,07780000
RPTNMLRKMHKFFEF88CC,竹圍段,.07,都市：其他:,,,,07780001
RPTNMLRKMHKFFEF88CC,竹圍段,.19,都市：其他:,,,,07780003
RPTNMLRKMHKFFDF98EC,建成段,44.81,都市：住,,,,03670000
RPTOMLKLMHKFFDF28CC,同新段,17.45,都市：工,,,,00130000
RPUPMLKLMHKFFDF48CC,保安段,271.79,都市：工,,,,11910000
RPTPMLKLMHKFFAF08CC,文化段,27.03,都市：住,,,,11330000
RPOPMLKLMHKFFIF38CC,和平段,5.86,都市：商,,,,02400000
RPOPMLKLMHKFFIF38CC,和平段,.31,都市：商,,,,02410000
RPOPMLKLMHKFFIF38CC,和平段,55.21,都市：商,,,,02490000
RPSPMLKLMHKFFGF58CC,成功段,10.85,都市：住,,,,03210000
RPSPMLKLMHKFFGF58CC,成功段,15.84,都市：住,,,,03220000
RPOSMLLLMHKFFBF18DC,榮和段,.00,都市：住,,,,09750000
RPPNMLLLMHKFFIF38CC,大學段二小段,8.22,都市：商,,,,00980000
RPQNMLLLMHKFFDF97CC,智興段,.00,都市：商,,,,05110000
RPTPMLLLMHKFFDF48CC,金龍段,.00,都市：住,,,,00060000
RPRRMLRKMHKFFBF78CC,力行段,304.65,都市：住,,,,10290000
RPRRMLRKMHKFFBF78CC,力行段,95.35,都市：住,,,,10300000
RPUNMLLLMHKFFBF18CC,國宅段,9.81,都市：住,,,,00160006
RPVNMLLLMHKFFBF28CC,榮富段,.00,都市：住,,,,06440000
RPSSMLPKMHKFFBF78CC,後港段,8.37,都市：住,,,,08230000
RPOPMLLLMHKFFHF38CC,大新段,54.74,都市：商,,,,04500000
RPPPMLLLMHKFFHF48CC,福和段,.00,都市：商,,,,15760000
RPVPMLKLMHKFFHF98CC,中信段,3.16,都市：其他:捷運系統用地,,,,04670000
RPVPMLKLMHKFFHF98CC,中信段,.71,都市：商,,,,04900000
RPQNMLLLMHKFFHF38CC,永平段,10.20,都市：住,,,,07130000
RPQNMLLLMHKFFHF38CC,永平段,.01,都市：其他:道路用地,,,,07130001
RPVOMLLLMHKFFBF38CC,幸福段,142.05,都市：工,,,,05130000
RPRQMLLLMHKFFBF18CC,新工段一小段,76.22,非都市：工業區 ; 非都市編定：丁種建築用地,,,,00020000
RPWPMLLLMHKFFBF58CC,五工段,2378.98,非都市：工業區 ; 非都市編定：丁種建築用地,,,,01850000
RPPOMLMLMHKFFBF87CC,力行段,15.08,都市：住,,,,10190000
RPTQMLMLMHKFFDF68CC,智興段,.00,都市：商,,,,04410000
RPPSMLMLMHKFFAF18CC,信義段,.00,非都市：一般農業區 ; 非都市編定：特定目的事業用地,,,,01010000
RPVQMLMLMHKFFDF88CC,智興段,15.13,都市：住,,,,11200000
RPVPMLMLMHKFFEF88CC,水仙段,3.90,都市：住,,,,00670000
RPQOMLMLMHKFFCF18DC,中央段,26.91,都市：住,,,,10620000
RPUOMLMLMHKFFCF58DC,中央段,26.91,都市：住,,,,10620000
RPQQMLMLMHKFFIF88CC,大學段二小段,10.34,都市：商,,,,00900000
RPTPMLMLMHKFFHF98CC,信和段,.00,都市：住,,,,00470000
RPOQMLMLMHKFFHF68DC,捷運段,.00,都市：其他:捷運系統用地,,,,00080000
RPQRMLMLMHKFFIF98CC,永安段,.00,非都市：特定農業區 ; 非都市編定：農牧用地,,,,00700000
RPQPMLNLMHKFFIF88CC,三福段,193.35,都市：其他:部份工業區、部份道路用地,,,,04620000
RPUOMLNLMHKFFEF98EC,舊小基隆段埔頭小段,25.66,都市：住,,,,01860008
RPPQMLNLMHKFFAF08CC,大安段,7604.18,都市：工,,,,06580000
RPPOMLNLMHKFFDF18CC,同新段,28.35,都市：工,,,,00130000
RPXNMLNLMHKFFEF98CC,龍米段,10.86,都市：商,,,,11000000
RPQNMLNLMHKFFDF18CC,智興段,.00,都市：住,,,,11760000
RPSOMLNLMHKFFDF48CC,建成段,47.67,都市：其他:,,,,04300000
RPTOMLNLMHKFFDF58CC,同新段,8.86,都市：工,,,,00130000
RPVOMLNLMHKFFDF78CC,福德段,.00,都市：住,,,,05890000
RPUOMLNLMHKFFDF68CC,同新段,15.15,都市：工,,,,00130000
RPQPMLNLMHKFFDF38CC,保安段,40.26,都市：工,,,,11910000
RPXOMLNLMHKFFDF98CC,同新段,10.46,都市：工,,,,00130000
RPOPMLNLMHKFFDF18CC,同新段,15.15,都市：工,,,,00130000
RPTPMLNLMHKFFDF68CC,保安段,98.98,都市：工,,,,11910000
RPRPMLNLMHKFFDF48CC,保安段,40.26,都市：工,,,,11910000
RPQOMLNLMHKFFBF08CC,榮富段,14.73,都市：住,,,,08820001
RPWQMLMLMHKFFBF78CC,泰山段二小段,618.00,都市：其他:道路用地,,,,01380000
RPWNMLOLMHKFFBF68CC,安泰段,.00,都市：工,,,,01590000
RPQNMLOLMHKFFBF08CC,自立段,8.32,都市：商,,,,10520000
RPROMLNLMHKFFBF18CC,榮富段,13.14,都市：住,,,,08500000
RPWOMLMLMHKFFBF58CC,力行段,25.28,都市：住,,,,09150000
RPSOMLNLMHKFFBF28CC,榮富段,13.14,都市：住,,,,08500000
RPTQMLMLMHKFFBF48CC,中原段,14.97,都市：住,,,,03290000
RPROMLOLMHKFFDF58DC,金龍段,60.00,都市：住,,,,01480000
RPQNMLPLMHKFFEF58DC,學府段,.00,非都市： ; 非都市編定：,,,,00530000
RPQNMLPLMHKFFCF28CC,安德段,.00,都市：住,,,,09770000
RPRNMLQLMHKFFGF88CC,忠孝段,26.80,都市：住,,,,09410000
RPVOMLRLMHKFFGF86CC,興德段,.00,都市：工,,,,06800000
RPSNMLRLMHKFFHF56CC,大仁段,47.15,都市：住,,,,07420000
RPVOMLRLMHKFFIF07CC,大學段一小段,.00,都市：住,,,,01020000
RPPPMLRLMHKFFDF78DC,大同段,.00,都市：工,,,,05330000
RPTOMLRLMHKFFCF88CC,中央段,5.97,都市：住,,,,04410000
RPUOMLRLMHKFFCF98CC,中華段,.00,非都市： ; 非都市編定：,,,,00310000
RPVOMLRLMHKFFCF09CC,中央段,6.18,都市：住,,,,04410000
RPTQMLRLMHKFFBF98CC,力行段,16.41,都市：住,,,,11960000
RPOOMLOLMHKFFCF08CC,玫瑰段,18.72,都市：住,,,,10030000
RPOOMLOLMHKFFCF08CC,玫瑰段,17.20,都市：住,,,,10040000
RPOOMLOLMHKFFCF08CC,玫瑰段,.93,都市：住,,,,10260000
RPQQMLRLMHKFFBF68CC,建林段,15.94,都市：住,,,,04660000
RPXNMLOLMHKFFBF78CC,安泰段,.00,都市：工,,,,01590000
RPPOMLOLMHKFFCF18CC,安和段,12.46,都市：住,,,,09630000
RPTNMLSLMHKFFDF98CC,智興段,.00,都市：商,,,,05000000
RPSNMLSLMHKFFIF76CC,大學段一小段,10.07,都市：商,,,,00530000
RPOPMLRLMHKFFDF68DC,北山段,1112.40,都市：工,,,,11530000
RPRRMLTLMHKFFEF96EC,中興段,.00,非都市： ; 非都市編定：,,,,08740000
RPTNMLTLMHKFFCF56EC,明德段,37.03,都市：住,,,,03350000
RPTPMLSLMHKFFAF98DC,學成段,.00,都市：住,,,,08450000
RPWPMLTLMHKFFHF37CC,民治段,.00,都市：商,,,,08280000
RPXOMLTLMHKFFHF37CC,保健段,.00,都市：住,,,,01110000
RPPPMLTLMHKFFHF66CC,健康段,64.85,都市：工,,,,10630000
RPXPMLTLMHKFFHF47CC,頂溪段,12.73,都市：住,,,,08010000
RPSPMLTLMHKFFDF56CC,智興段,15.69,都市：商,,,,05110000
RPRSMLTLMHKFFEF86CC,新興段,.00,都市：住,,,,06470000
RPRSMLTLMHKFFEF86CC,新興段,.00,都市：其他:道路用地,,,,06470001
RPOOMLTLMHKFFEF78CC,水仙段,.00,都市：住,,,,03370001
RPTQMLTLMHKFFBF56CC,副都心段一小段,10.79,都市：商,,,,00110000
RPUNMLTLMHKFFDF56CC,同新段,10.85,都市：工,,,,00130000
RPUNMLKMMHKFFDF38CC,智興段,.00,都市：住,,,,06920000
RPUPMLKMMHKFFEF68CC,中正段,5.86,都市：商,,,,02290000
RPVNMLKMMHKFFCF58EC,寶強段,5.01,都市：住,,,,03510000
RPTNMLKMMHKFFHF88EC,大智段,.00,都市：住,,,,06450000
RPSOMLRKMHKFFHF56CC,永平段,30.88,都市：住,,,,07130000
RPQPMLRKMHKFFHF09CC,得林段,.00,都市：住,,,,04270000
RPSOMLRKMHKFFHF56CC,永平段,.01,都市：其他:道路用地,,,,07130001
RPXTMLKMMHKFFAF98CC,文化段,2.10,都市：住,,,,11980000
RPWPMLKMMHKFFAF48CC,民權段,24.09,都市：住,,,,02640000
RPSQMLKMMHKFFBF28CC,建林段,15.29,都市：住,,,,04130000
RPXOMLKMMHKFFBF58CC,思源段,.00,都市：住,,,,02390000
RPWWOLKMMHKFFBF86CC,建林段,21.11,都市：住,,,,01430000
