﻿編號,土地位置,土地移轉面積(平方公尺),使用分區或編定,權利人持分分母,權利人持分分子,移轉情形,地號
The serial number, land position,land shifting area square meter,the use zoning or compiles and checks,,,,land parcel
RPOOMLMKKHKFFAI47CA,劉厝段劉厝小段,76.00,都市：住,1,1,全筆移轉,02310040
RPUOMLLKKHKFFAI97CA,埤子頭段新厝小段,92.00,都市：住,1,1,全筆移轉,00860005
RPUNMLMKKHKFFAI97CA,東門段四小段,87.00,都市：住,1,1,全筆移轉,00050008
RPXPMLRKKHKFFAI98CA,竹圍子段,3.84,都市：其他:,10000,22,持分移轉,01320036
RPWNMLOJKHKFFAI48EA,下路頭段,83.00,都市：住,1,1,全筆移轉,05860159
RPSPMLQKKHKFFAI38CA,竹圍子段中興小段,14.62,都市：住,12000,250,持分移轉,00530000
RPOOMLQJKHKFFAI97EA,元段五小段,62.00,都市：商,1,1,全筆移轉,00740000
RPPNMLOJKHKFFAI77EA,彌陀段,30.72,都市：住,10000,95,持分移轉,05230000
RPQOMLNKKHKFFAI97EA,堀川段,18.00,都市：住,1,1,全筆移轉,00040074
RPQOMLNKKHKFFAI97EA,堀川段,12.00,都市：住,1,1,全筆移轉,00040075
RPQOMLNKKHKFFAI97EA,堀川段,2.00,都市：住,1,1,全筆移轉,00040343
RPQOMLNKKHKFFAI97EA,堀川段,74.00,都市：住,1,1,全筆移轉,00040389
RPQOMLNKKHKFFAI97EA,堀川段,11.00,都市：住,1,1,全筆移轉,00040391
RPQOMLNKKHKFFAI97EA,堀川段,4.00,都市：住,1,1,全筆移轉,00040501
RPQOMLNKKHKFFAI97EA,堀川段,24.00,都市：住,1,1,全筆移轉,00040502
RPQOMLNKKHKFFAI97EA,堀川段,17.00,都市：住,1,1,全筆移轉,00040503
RPQOMLNKKHKFFAI97EA,堀川段,6.00,都市：住,1,1,全筆移轉,00040504
RPQOMLNKKHKFFAI97EA,堀川段,6.00,都市：住,1,1,全筆移轉,00040505
RPQOMLNKKHKFFAI97EA,堀川段,13.00,都市：住,1,1,全筆移轉,00040506
RPQOMLNKKHKFFAI97EA,堀川段,12.00,都市：住,1,1,全筆移轉,00040507
RPUNMLPJKHKFFAI38EA,港子坪段港坪小段,10.00,都市：住,9990,100,持分移轉,02270000
RPPOMLQJKHKFFAI08EA,短竹段,87.00,都市：商,1,1,全筆移轉,03330023
RPVNMLQJKHKFFAI48DA,竹圍子段,91.00,都市：住,1,1,全筆移轉,03570161
RPPOMLOJKHKFFAI87EA,崎頂段,108.00,都市：住,1,1,全筆移轉,01960000
RPQPMLLKKHKFFAI67CA,竹圍子段一小段,15.76,都市：住,10000,87,持分移轉,01380000
RPWNMLKKKHKFFAI97CA,劉厝段玉山小段,175.50,都市：住,100,18,持分移轉,00960000
RPTOMLNKKHKFFAI08CA,新厝段,435.29,都市：農,7,1,持分移轉,00600000
RPTOMLNKKHKFFAI08CA,新厝段,57.43,都市：農,7,1,持分移轉,00600001
RPTOMLNKKHKFFAI08CA,新厝段,265.43,都市：農,7,1,持分移轉,09040000
RPTOMLNKKHKFFAI08CA,新厝段,334.57,都市：農,7,1,持分移轉,09070000
RPPNMLPJKHKFFAI67CA,北門段四小段,101.00,都市：住,1,1,全筆移轉,00060000
RPOPMLTJKHKFFAI18CA,盧厝段,30.96,都市：住,10000,57,持分移轉,02600004
RPQNMLPJKHKFFAI77CA,檜段四小段,21.00,都市：住,1,1,全筆移轉,00540003
RPPOMLRJKHKFFAI97CA,北社尾段保安小段,93.00,都市：住,1,1,全筆移轉,04600000
RPPOMLRJKHKFFAI97CA,北社尾段保安小段,94.00,都市：住,1,1,全筆移轉,04680000
RPQOMLTJKHKFFAI28CA,頂庄段,525.00,都市：農,1,1,全筆移轉,07260008
RPQOMLTJKHKFFAI28CA,頂庄段,3.85,都市：農,13,1,持分移轉,07260013
RPQOMLTJKHKFFAI28CA,頂庄段,80.00,都市：農,10000,747,持分移轉,07260014
RPQOMLTJKHKFFAI28CA,頂庄段,.77,都市：農,13,1,持分移轉,07260015
RPSOMLTJKHKFFAI48CA,頂庄段,525.00,都市：農,1,1,全筆移轉,07260010
RPSOMLTJKHKFFAI48CA,頂庄段,3.85,都市：農,13,1,持分移轉,07260013
RPSOMLTJKHKFFAI48CA,頂庄段,80.00,都市：農,10000,747,持分移轉,07260014
RPSOMLTJKHKFFAI48CA,頂庄段,.77,都市：農,13,1,持分移轉,07260015
RPWNMLPJKHKFFAI38CA,竹圍子段,63.00,都市：住,1,1,全筆移轉,02390059
RPWNMLPJKHKFFAI38CA,竹圍子段,17.00,都市：住,1,1,全筆移轉,02540051
RPOOMLRJKHKFFAI87CA,港子坪段港坪小段,17.68,都市：住,10000,117,持分移轉,02220000
RPPNMLQJKHKFFAI77CA,頂庄段,439.00,都市：農,1,1,全筆移轉,07260007
RPPNMLQJKHKFFAI77CA,頂庄段,3.85,都市：農,13,1,持分移轉,07260013
RPPNMLQJKHKFFAI77CA,頂庄段,80.00,都市：農,10000,747,持分移轉,07260014
RPPNMLQJKHKFFAI77CA,頂庄段,.77,都市：農,13,1,持分移轉,07260015
RPQNMLQJKHKFFAI87CA,頂庄段,525.00,都市：農,1,1,全筆移轉,07260011
RPQNMLQJKHKFFAI87CA,頂庄段,525.00,都市：農,1,1,全筆移轉,07260012
RPQNMLQJKHKFFAI87CA,頂庄段,7.69,都市：農,13,2,持分移轉,07260013
RPQNMLQJKHKFFAI87CA,頂庄段,160.01,都市：農,10000,1494,持分移轉,07260014
RPQNMLQJKHKFFAI87CA,頂庄段,1.54,都市：農,13,2,持分移轉,07260015
RPVPMLTJKHKFFAI88CA,西門段三小段,17.00,都市：商,3,1,持分移轉,00960002
RPVPMLTJKHKFFAI88CA,西門段三小段,67.00,都市：商,3,1,持分移轉,00970000
RPPPMLLKKHKFFAI57CA,竹圍子段二小段,4.08,都市：商,10000,25,持分移轉,00260000
RPXNMLMKKHKFFAI28CA,港子坪段港坪小段,19.57,都市：住,10000,97,持分移轉,02320000
RPQPMLTJKHKFFAI38CA,頂庄段,525.00,都市：農,1,1,全筆移轉,07260009
RPQPMLTJKHKFFAI38CA,頂庄段,3.85,都市：農,13,1,持分移轉,07260013
RPQPMLTJKHKFFAI38CA,頂庄段,80.00,都市：農,10000,747,持分移轉,07260014
RPQPMLTJKHKFFAI38CA,頂庄段,.77,都市：農,13,1,持分移轉,07260015
RPPNMLMLKHKFFAI57CA,溪厝段,2482.32,都市：農,1,1,全筆移轉,01760000
RPQNMLMLKHKFFAI67CA,元段六小段,51.00,都市：商,1,1,全筆移轉,00590004
RPQNMLMLKHKFFAI67CA,元段六小段,4.50,都市：商,2,1,持分移轉,00590005
RPQNMLMLKHKFFAI67CA,元段六小段,1.50,都市：商,2,1,持分移轉,00590007
RPQNMLMLKHKFFAI67CA,元段六小段,47.00,都市：商,1,1,全筆移轉,00930001
RPPOMLMKKHKFFAI57CA,下路頭段,26.00,都市：住,1,1,全筆移轉,04270026
RPPOMLMKKHKFFAI57CA,下路頭段,48.00,都市：住,1,1,全筆移轉,04280029
RPPOMLMKKHKFFAI57CA,下路頭段,8.00,都市：住,1,1,全筆移轉,04290001
RPPOMLMKKHKFFAI57CA,下路頭段,2.00,都市：住,1,1,全筆移轉,04290031
RPXNMLNKKHKFFAI58EA,埤子頭段,15.18,都市：住,3803600,19810,持分移轉,03390001
RPXNMLNKKHKFFAI58EA,埤子頭段,.91,都市：住,8640,45,持分移轉,03390012
RPXNMLNKKHKFFAI58EA,埤子頭段,.07,都市：住,8640,45,持分移轉,03390013
RPXNMLNKKHKFFAI58EA,埤子頭段,.18,都市：住,8640,45,持分移轉,03390014
RPXNMLNKKHKFFAI58EA,埤子頭段,.59,都市：住,8640,45,持分移轉,03390015
RPXNMLNKKHKFFAI58EA,埤子頭段,.93,都市：住,8640,45,持分移轉,03390016
RPXNMLNKKHKFFAI58EA,埤子頭段,.01,都市：住,8640,45,持分移轉,03390017
RPXNMLNKKHKFFAI58EA,埤子頭段,.09,都市：其他:,8640,45,持分移轉,03390018
RPXNMLNKKHKFFAI58EA,埤子頭段,30.81,都市：住,3803600,19810,持分移轉,03390025
RPXNMLNKKHKFFAI58EA,埤子頭段,.09,都市：其他:,3803600,19810,持分移轉,03390026
RPXNMLNKKHKFFAI58EA,埤子頭段,.04,都市：其他:,8640,45,持分移轉,03390029
RPXNMLNKKHKFFAI58EA,埤子頭段,.06,都市：住,8640,45,持分移轉,03390030
RPXNMLNKKHKFFAI58EA,埤子頭段,.04,都市：住,8640,45,持分移轉,03390031
RPXNMLNKKHKFFAI58EA,埤子頭段,.17,都市：其他:,8640,45,持分移轉,03390019
RPSNMLTJKHKFFAI58EA,中山段六小段,64.00,都市：住,1,1,全筆移轉,00520006
RPSNMLMJLHKFFAI97EA,竹圍子段二小段,9.14,都市：住,10000,22,持分移轉,01120000
RPXNMLQJKHKFFAI78EA,車店段車店小段,6.12,都市：住,20000,245,持分移轉,07170000
RPXNMLOJLHKFFAI68EA,竹圍子段,84.00,都市：住,1,1,全筆移轉,02520029
RPTNMLRKKHKFFAI38CA,湖子內段湖內小段,2338.00,都市：農,1,1,全筆移轉,02470000
RPTNMLRKKHKFFAI38CA,湖子內段湖內小段,637.00,都市：農,1,1,全筆移轉,02470001
RPQPMLQKKHKFFAI18CA,車店段車店小段,121.00,都市：住,1,1,全筆移轉,10860000
RPSNMLQJKHKFFAI08CA,玉川段,48.00,都市：其他:公共設施保留地,1,1,全筆移轉,00680024
RPQOMLRJKHKFFAI08CA,埤子頭段,21.52,都市：住,10000,132,持分移轉,03960001
RPUOMLTJKHKFFAI68CA,竹圍子段,9.25,都市：其他:,10000,53,持分移轉,01320036
RPWNMLOLKHKFFAI48CA,白川段,59.00,都市：住,1,1,全筆移轉,00760106
RPPOMLOLKHKFFAI87CA,湖內段,23.89,都市：住,10000,65,持分移轉,02360000
RPPNMLOKKHKFFAI67CA,盧厝段,90.00,都市：住,1,1,全筆移轉,02430081
RPPOMLRKKHKFFAI08CA,下路頭段,123.00,都市：住,1,1,全筆移轉,00100130
RPPOMLRKKHKFFAI08CA,下路頭段,6.00,都市：住,1,1,全筆移轉,00100360
RPVNMLTJKHKFFAI88EA,興村段,20.64,都市：住,1000,32,持分移轉,01300001
RPTOMLTJKHKFFAI78EA,同興段,19.14,都市：其他:,10000,14,持分移轉,14350000
RPWOMLTJKHKFFAI09EA,西門段六小段,2.99,都市：商,10000,69,持分移轉,00160000
RPWOMLTJKHKFFAI09EA,西門段六小段,.93,都市：商,10000,69,持分移轉,00160006
RPTOMLQLKHKFFAI48CA,中庄段,23.46,都市：住,13,1,持分移轉,04240007
RPTOMLQLKHKFFAI48CA,中庄段,105.00,都市：住,1,1,全筆移轉,04240014
RPTNMLKKKHKFFAI87EA,北社尾段,3.00,都市：住,1,1,全筆移轉,04720064
RPTNMLKKKHKFFAI87EA,北社尾段,99.00,都市：住,1,1,全筆移轉,04790018
RPWPMLTJKHKFFAI56EA,中山段七小段,3.11,都市：住,10000,125,持分移轉,00830000
RPXPMLTJKHKFFAI66EA,彌陀段,104.00,都市：住,1,1,全筆移轉,05470011
RPSNMLKKKHKFFAI77EA,白川段,56.00,都市：住,1,1,全筆移轉,00540018
RPRNMLTJKHKFFAI48EA,遠東段,16.80,都市：住,10000,18,持分移轉,00680007
RPPNMLMKKHKFFAI67EA,竹圍子段,40.00,都市：住,6,2,持分移轉,01100031
RPVOMLQLKHKFFAI68CA,中庄段,23.46,都市：住,13,1,持分移轉,04240007
RPVOMLQLKHKFFAI68CA,中庄段,98.00,都市：住,1,1,全筆移轉,04240012
RPUOMLQLKHKFFAI58CA,中庄段,23.46,都市：住,13,1,持分移轉,04240007
RPUOMLQLKHKFFAI58CA,中庄段,106.00,都市：住,1,1,全筆移轉,04240013
RPWNMLQKKHKFFAI58CA,下路頭段,19.01,都市：住,10000,1011,持分移轉,01010022
RPWNMLQKKHKFFAI58CA,下路頭段,.08,都市：住,12,1,持分移轉,01010031
RPWNMLQKKHKFFAI58CA,下路頭段,66.00,都市：住,1,1,全筆移轉,01010034
RPSOMLRKKHKFFAI38CA,劉厝段玉山小段,140.18,都市：住,1,1,全筆移轉,02860003
RPRNMLMLKHKFFAI77CA,大溪段,3377.92,都市：農,1,1,全筆移轉,02320000
RPROMLPLKHKFFAI18CA,埤子頭段,76.00,都市：住,1,1,全筆移轉,03500022
RPSOMLPLKHKFFAI28CA,彌陀段,89.00,都市：住,1,1,全筆移轉,05710000
RPSOMLQLKHKFFAI38CA,中庄段,131.00,都市：住,1,1,全筆移轉,04240000
RPSOMLQLKHKFFAI38CA,中庄段,23.46,都市：住,13,1,持分移轉,04240007
RPSOMLQLKHKFFAI38CA,中庄段,1.00,都市：其他:公設保留地,1,1,全筆移轉,04320000
RPSOMLQLKHKFFAI38CA,中庄段,11.00,都市：其他:公設保留地,1,1,全筆移轉,04330000
RPSNMLMLKHKFFAI87CA,溪厝段,2099.05,都市：農,1,1,全筆移轉,01510000
RPSNMLMLKHKFFAI87CA,溪厝段,188.94,都市：農,1,1,全筆移轉,01670000
RPRNMLQKKHKFFAI08CA,軍輝段,72.00,都市：住,1,1,全筆移轉,05200000
RPPOMLKKKHKFFAI37CA,下路頭段,210.00,都市：住,1,1,全筆移轉,01840014
RPQOMLKKKHKFFAI47CA,西門段六小段,6.03,都市：商,10000,112,持分移轉,00310034
RPQOMLKKKHKFFAI47CA,西門段六小段,10.33,都市：商,10000,112,持分移轉,00340000
RPUNMLNKKHKFFAI08CA,車店段車店小段,14.36,都市：住,1000,18,持分移轉,07120000
RPQNMLLKKHKFFAI47CA,下路頭段,78.00,都市：住,1,1,全筆移轉,08360034
RPOOMLKKKHKFFAI27CA,短竹段,14.05,都市：住,50000,118,持分移轉,09120071
RPRNMLLKKHKFFAI57CA,埤子頭段,8.96,都市：住,10000,107,持分移轉,01600003
RPTNMLNJLHKFFAI97CA,白川段,34.15,都市：住,100000,706,持分移轉,00160000
RPWNMLPLKHKFFAI58CA,車店段車店小段,10.88,都市：住,10000,181,持分移轉,06760000
RPXOMLLKKHKFFAI28CA,東川段,123.00,都市：住,1,1,全筆移轉,08330040
RPQNMLNKKHKFFAI67CA,車店段,8.58,都市：住,50200,858,持分移轉,03930001
RPROMLNKKHKFFAI87CA,堀川段,199.00,都市：住,1,1,全筆移轉,00250035
RPROMLNKKHKFFAI87CA,堀川段,20.00,都市：其他:道路用地,2,1,持分移轉,00250154
RPQOMLMKKHKFFAI67CA,埤子頭段,6.00,都市：住,1,1,全筆移轉,03960033
RPQOMLMKKHKFFAI67CA,埤子頭段,30.00,都市：住,1,1,全筆移轉,04010211
RPQOMLMKKHKFFAI67CA,埤子頭段,.63,都市：住,2232774,70000,持分移轉,04010218
RPUNMLNLKHKFFAI18CA,湖內段,21.68,都市：住,10000,59,持分移轉,02360000
RPVNMLNLKHKFFAI28CA,西門段六小段,65.00,都市：住,1,1,全筆移轉,00310019
RPWNMLNLKHKFFAI38CA,遠東段,82.00,都市：住,1,1,全筆移轉,00560018
RPWNMLNLKHKFFAI38CA,遠東段,17.33,都市：住,42,1,持分移轉,00560019
RPWNMLNLKHKFFAI38CA,遠東段,.64,都市：住,42,1,持分移轉,00560139
RPTNMLNLKHKFFAI08CA,竹圍子段,28.19,都市：住,10000,334,持分移轉,02600001
RPXOMLQKKHKFFAI78CA,竹圍子段二小段,43.36,都市：商,10000,812,持分移轉,00530000
RPOOMLRKKHKFFAI97CA,北社尾段,111.00,都市：住,1,1,全筆移轉,04670008
RPWOMLLKKHKFFAI28DA,下路頭段,71.00,都市：住,1,1,全筆移轉,04210159
RPSOMLTJLHKFFAI58CA,東川段,12.44,都市：住,10000,66,持分移轉,04980001
RPVNMLRJLHKFFAI58CA,盧東段,29.47,都市：住,10000,356,持分移轉,04530000
RPVNMLRJLHKFFAI58CA,盧東段,100.82,都市：住,435,97,持分移轉,04670000
RPWNMLNKKHKFFAI48EA,埤子頭段,43.81,都市：住,950900,7043,持分移轉,03390025
RPOPMLLKKHKFFAI67EA,下路頭段,3.26,都市：住,10000,6,持分移轉,00970000
RPTNMLMKKHKFFAI08EA,下埤段,2400.67,都市：農,8,4,持分移轉,14510000
RPQNMLQKKHKFFAI18EA,港子坪段,143.50,都市：工,2,1,持分移轉,02200006
RPQNMLMKKHKFFAI77EA,太平段,90.00,都市：住,1,1,全筆移轉,00590065
RPOPMLQKKHKFFAI97CA,車店段車店小段,84.00,都市：住,1,1,全筆移轉,04870005
RPSNMLMKKHKFFAI97EA,北社尾段,8.27,都市：住,10000,18,持分移轉,07120001
RPTNMLQKKHKFFAI28CA,後庄段,6.82,都市：住,1950,20,持分移轉,10460000
RPTNMLQKKHKFFAI28CA,後庄段,87.00,都市：住,1,1,全筆移轉,10460011
RPQNMLNLKHKFFAI77CA,埤子頭段,100.00,都市：住,1,1,全筆移轉,01950054
RPXNMLNLKHKFFAI48CA,車店段車店小段,46.00,都市：住,1,1,全筆移轉,00070000
RPPPMLRKKHKFFAI18CA,車店段,34.51,都市：其他:部份住宅區 部份道路用地,100000,293,持分移轉,00620000
RPPPMLRKKHKFFAI18CA,白川段,3.27,都市：住,100000,293,持分移轉,00270000
RPUOMLMKKHKFFAI08CA,後庄段,26.81,都市：住,10000,1645,持分移轉,10450003
RPUOMLMKKHKFFAI08CA,後庄段,114.00,都市：住,1,1,全筆移轉,10450004
RPQNMLRJLHKFFAI08CA,新富段八小段,9.17,都市：商,10000,60,持分移轉,00090000
RPQNMLRJLHKFFAI08CA,末廣段一小段,.28,都市：商,10000,60,持分移轉,00020003
RPPNMLRJLHKFFAI97CA,劉厝段玉山小段,109.81,都市：住,1,1,全筆移轉,02780007
RPVNMLNKKHKFFAI18CA,港子坪段港坪小段,109.00,都市：住,1,1,全筆移轉,02460002
RPPNMLNJLHKFFAI57CA,竹圍子段二小段,6.23,都市：住,10000,15,持分移轉,01120000
RPPOMLQKKHKFFAI97CA,竹圍子段三小段,22.85,都市：住,10000,112,持分移轉,00980000
RPOOMLLKLHKFFAI67EA,榮段四小段,2.75,都市：商,10000,270,持分移轉,00640029
RPOOMLLKLHKFFAI67EA,榮段四小段,18.06,都市：商,10000,270,持分移轉,00640030
RPROMLNJLHKFFAI87CA,荖藤段,99.00,都市：住,1,1,全筆移轉,04090001
RPVNMLQLKHKFFAI58CA,北社尾段保安小段,258.00,都市：住,1,1,全筆移轉,06420001
RPVNMLQLKHKFFAI58CA,北社尾段保安小段,129.00,都市：住,1,1,全筆移轉,06420002
RPTNMLMJLHKFFAI87CA,竹圍子段二小段,9.56,都市：住,10000,23,持分移轉,01120000
RPOOMLOLKHKFFAI77CA,軍輝段,85.00,都市：住,1,1,全筆移轉,07290000
RPXNMLQJLHKFFAI68CA,長竹段,20.00,都市：住,1,1,全筆移轉,00880004
RPXNMLQJLHKFFAI68CA,長竹段,.60,都市：住,20,1,持分移轉,00880012
RPXNMLQJLHKFFAI68CA,長竹段,127.00,都市：住,1,1,全筆移轉,00880019
RPXNMLQJLHKFFAI68CA,長竹段,22.12,都市：住,24,1,持分移轉,00880020
RPXNMLQJLHKFFAI68CA,長竹段,5.75,都市：住,20,1,持分移轉,00880031
RPPNMLNLKHKFFAI67CA,盧厝段,32.28,都市：住,10000,110,持分移轉,02490005
RPPNMLQLKHKFFAI18EA,新厝段,89.00,都市：住,1,1,全筆移轉,02460000
RPTNMLQLKHKFFAI58EA,埤子頭段,29.83,都市：住,10000,100,持分移轉,01980000
RPOOMLNLKHKFFAI67CA,西門段四小段,309.00,都市：商,1,1,全筆移轉,00170000
RPSNMLNLKHKFFAI97CA,彌陀段,88.00,都市：住,1,1,全筆移轉,05580000
RPWPMLRKKHKFFAI88CA,短竹段,5.48,都市：住,50000,46,持分移轉,09120071
RPRNMLNLKHKFFAI87CA,港子坪段港坪小段,32.29,都市：住,10000,160,持分移轉,02320000
RPWOMLQKKHKFFAI68CA,車店段車店小段,33.78,都市：住,368400,3378,持分移轉,08140000
RPXNMLRKKHKFFAI78CA,太平段,14.48,都市：住,10000,18,持分移轉,00210000
RPPOMLOJLHKFFAI77CA,同興段,18.81,都市：住,720,467,持分移轉,07660000
RPUNMLOJLHKFFAI18CA,竹圍子段,7.00,都市：商,1,1,全筆移轉,02560008
RPUNMLOJLHKFFAI18CA,竹圍子段,96.00,都市：商,1,1,全筆移轉,02560009
RPSOMLNJLHKFFAI97CA,頂庄段,80.00,都市：住,1,1,全筆移轉,04680000
RPOOMLOJLHKFFAI67CA,同興段,59.45,都市：住,720,33,持分移轉,07540000
RPXOMLTJLHKFFAI09CA,港子坪段港坪小段,32.29,都市：住,10000,160,持分移轉,02320000
RPQNMLKKLHKFFAI47CA,東川段,148.00,都市：住,1,1,全筆移轉,00440001
RPQNMLKKLHKFFAI47CA,東川段,117.00,都市：住,1,1,全筆移轉,00440002
RPPNMLQKKHKFFAI08EA,溪東段,2201.89,都市：農,1,1,全筆移轉,03670000
RPPNMLNKKHKFFAI77EA,元段七小段,69.00,都市：商,1,1,全筆移轉,00560000
RPTNMLNKKHKFFAI18EA,台斗坑段,70.00,都市：住,1,1,全筆移轉,04270016
RPPNMLRKKHKFFAI18EA,白川段,73.00,都市：住,1,1,全筆移轉,00390001
RPUPMLRKKHKFFAI88EA,車店段,11.21,都市：住,50200,1121,持分移轉,03930001
RPTOMLTJLHKFFAI68CA,北社尾段保安小段,4.76,都市：住,10000,66,持分移轉,08430000
RPTOMLTJLHKFFAI68CA,北社尾段保安小段,6.18,都市：住,10000,66,持分移轉,08440000
RPSOMLNKKHKFFAI18EA,埤子頭段新厝小段,36.33,都市：住,12,4,持分移轉,05130000
RPWNMLRKKHKFFAI68CA,竹圍子段,25.27,都市：住,10000,342,持分移轉,02390041
RPWOMLRKKHKFFAI78CA,遠東段,624.00,都市：住,1,1,全筆移轉,00010000
RPWOMLRKKHKFFAI78CA,遠東段,286.00,都市：住,1,1,全筆移轉,00020000
RPWOMLRKKHKFFAI78CA,遠東段,3623.00,都市：住,1,1,全筆移轉,00030003
RPWOMLRKKHKFFAI78CA,遠東段,84.00,都市：住,1,1,全筆移轉,00030005
RPSNMLQKKHKFFAI18CA,遠東段,5.00,都市：住,1058,5,持分移轉,00460014
RPSNMLQKKHKFFAI18CA,遠東段,2.50,都市：住,2,1,持分移轉,00460064
RPSNMLQKKHKFFAI18CA,遠東段,.62,都市：住,108,1,持分移轉,00470011
RPSNMLQKKHKFFAI18CA,遠東段,60.00,都市：住,2,1,持分移轉,00470021
RPRPMLRKKHKFFAI38CA,盧厝段,43.33,都市：住,100000,185,持分移轉,03020000
RPUOMLQKKHKFFAI48CA,港子坪段港坪小段,25.69,都市：住,1000,35,持分移轉,01770000
RPOOMLPLKHKFFAI87CA,港子坪段,93.00,都市：住,1,1,全筆移轉,01830021
RPQOMLPLKHKFFAI08CA,短竹段,5.48,都市：住,50000,46,持分移轉,09120071
RPRNMLOLKHKFFAI97CA,北門段二小段,103.00,都市：住,1,1,全筆移轉,00030004
RPVOMLOLKHKFFAI48CA,竹圍子段,590.00,都市：住,1,1,全筆移轉,00160005
RPROMLOLKHKFFAI08CA,台斗坑段,9.15,都市：住,10000,16,持分移轉,03240003
RPRNMLPLKHKFFAI08CA,竹圍子段三小段,30.63,都市：住,10000,437,持分移轉,00700000
RPTOMLOLKHKFFAI28CA,遠東段,14.93,都市：住,10000,16,持分移轉,00680007
RPSOMLRJRHKFFAI98CA,長竹段,120.00,都市：住,1,1,全筆移轉,10350000
RPWNMLNJLHKFFAI28CA,東川段,64.00,都市：住,1,1,全筆移轉,13920000
RPWNMLNJLHKFFAI28CA,東川段,18.00,都市：住,1,1,全筆移轉,13930000
RPSPMLRKKHKFFAI48CA,車店段車店小段,87.00,都市：住,1,1,全筆移轉,02620000
RPSPMLRKKHKFFAI48CA,車店段車店小段,91.00,都市：住,1,1,全筆移轉,02620001
RPVPMLRKKHKFFAI78CA,埤子頭段,121.33,都市：住,3,1,持分移轉,03730007
RPVPMLRKKHKFFAI78CA,埤子頭段,24.00,都市：住,4,3,持分移轉,03730120
RPQPMLRKKHKFFAI28CA,下路頭段,17.00,都市：住,1,1,全筆移轉,01880051
RPQPMLRKKHKFFAI28CA,下路頭段,56.00,都市：住,1,1,全筆移轉,01880066
RPRNMLRKKHKFFAI18CA,車店段,4.92,都市：住,10000,103,持分移轉,01430008
RPRNMLRKKHKFFAI18CA,白川段,3.48,都市：住,10000,103,持分移轉,00920000
RPPOMLNLKHKFFAI77CA,車店段,34.51,都市：住,100000,293,持分移轉,00620000
RPPOMLNLKHKFFAI77CA,白川段,3.27,都市：住,100000,293,持分移轉,00270000
RPQOMLRKKHKFFAI18CA,埤子頭段新厝小段,72.00,都市：住,1,1,全筆移轉,02640000
RPQOMLRKKHKFFAI18CA,埤子頭段新厝小段,72.00,都市：住,1,1,全筆移轉,02650000
RPUOMLTJLHKFFAI78CA,竹圍子段一小段,99.00,都市：住,1,1,全筆移轉,00090004
RPWOMLTJLHKFFAI98CA,埤子頭段,5.67,都市：住,3,1,持分移轉,03800035
RPWOMLTJLHKFFAI98CA,埤子頭段,1132.00,都市：住,1,1,全筆移轉,03840000
RPTNMLRKLHKFFAI48CA,下路頭段,65.00,都市：住,1,1,全筆移轉,01930150
RPOPMLRKKHKFFAI28EA,軍輝段,10.00,都市：住,1,1,全筆移轉,05820001
RPOPMLRKKHKFFAI28EA,軍輝段,88.00,都市：住,1,1,全筆移轉,06380000
RPPNMLOJLHKFFAI67CA,盧東段,270.25,都市：農,1,1,全筆移轉,09180002
RPUOMLNJLHKFFAI18CA,檜段一小段,17.35,都市：住,10000,159,持分移轉,00010019
RPUOMLNJLHKFFAI18CA,檜段二小段,26.24,都市：住,10000,159,持分移轉,00020004
RPSNMLOJLHKFFAI97CA,白川段,50.00,都市：住,1,1,全筆移轉,00090078
RPTOMLNJLHKFFAI08CA,太平段,75.00,都市：住,1,1,全筆移轉,00200035
RPTOMLNJLHKFFAI08CA,太平段,18.20,都市：住,10000,507,持分移轉,00200042
RPRNMLOJLHKFFAI87CA,車店段車店小段,100.00,都市：住,1,1,全筆移轉,00560005
RPROMLOLKHKFFAI28EA,太平段,64.00,都市：住,1,1,全筆移轉,00620006
RPQNMLPLKHKFFAI18EA,湖子內段湖內小段,119.00,都市：住,1,1,全筆移轉,01750013
RPSNMLTJLHKFFAI68EA,元段六小段,57.00,都市：商,1,1,全筆移轉,00450001
RPPNMLQKLHKFFAI97CA,劉厝段劉厝小段,79.00,都市：住,1,1,全筆移轉,02080024
RPQOMLTJLHKFFAI38CA,埤子頭段,72.00,都市：住,1,1,全筆移轉,03880009
RPROMLTJLHKFFAI48CA,北社尾段,11.47,都市：住,10000,64,持分移轉,04880000
RPVOMLTJLHKFFAI88CA,盧厝段,92.00,都市：住,1,1,全筆移轉,02430080
SPQOMLNLKHKFFAI97CA,山下段,44.00,都市：住,1,1,全筆移轉,00390024
RPRNMLNJLHKFFAI77CA,南門段四小段,104.00,都市：住,1,1,全筆移轉,00280002
RPRNMLNJLHKFFAI77CA,南門段四小段,11.61,都市：住,38,7,持分移轉,00340003
RPSOMLOLKHKFFAI18CA,湖子內段湖內小段,4892.00,都市：農,1,1,全筆移轉,01960000
RPQOMLNLKHKFFAI87CA,山下段,39.00,都市：住,1,1,全筆移轉,00390025
RPPNMLPLKHKFFAI87CA,同興段,64.00,都市：住,1,1,全筆移轉,04660000
RPWOMLQLKHKFFAI78CA,中庄段,69.00,都市：住,1,1,全筆移轉,04240004
RPWOMLQLKHKFFAI78CA,中庄段,23.46,都市：住,13,1,持分移轉,04240007
RPQNMLSLKHKFFAI28CA,東川段,132.00,都市：住,1,1,全筆移轉,11770000
RPRNMLPJLHKFFAI97CA,下路頭段,4.00,都市：住,18,2,持分移轉,06060004
RPTNMLTJLHKFFAI58CA,白川段,35.62,都市：住,100000,743,持分移轉,00190000
RPWNMLKKLHKFFAI08CA,彌陀段,121.00,都市：住,1,1,全筆移轉,08030005
RPROMLKKLHKFFAI67CA,北門段七小段,.97,都市：住,10000,15,持分移轉,00090000
RPROMLKKLHKFFAI67CA,北門段七小段,1.19,都市：住,10000,13,持分移轉,00110000
RPROMLKKLHKFFAI67CA,北門段七小段,2.06,都市：住,10000,93,持分移轉,00150030
RPXNMLNKLHKFFAI48CA,埤子頭段新厝小段,67.00,都市：住,1,1,全筆移轉,02350000
RPSNMLPLKHKFFAI38EA,盧東段,122.79,都市：農,1,1,全筆移轉,09660000
RPRNMLQLKHKFFAI38EA,玉川段,67.00,都市：住,1,1,全筆移轉,00740006
RPTNMLPLKHKFFAI48EA,盧厝段,68.00,都市：農,1,1,全筆移轉,02630001
RPPOMLPLKHKFFAI08DA,北社尾段保安小段,2.71,都市：住,10000,21,持分移轉,06120000
RPOOMLQLKHKFFAI08DA,竹圍子段中興小段,4.07,都市：住,61700,407,持分移轉,01150000
RPPOMLQLKHKFFAI18DA,西門段一小段,4.53,都市：住,10000,98,持分移轉,00860001
RPPOMLQLKHKFFAI18DA,西門段一小段,1.37,都市：住,10000,98,持分移轉,00870001
RPWNMLQLKHKFFAI78DA,竹圍子段中興小段,4.13,都市：住,61700,413,持分移轉,01150000
RPQOMLQLKHKFFAI28DA,竹圍子段中興小段,5.18,都市：住,61700,518,持分移轉,01150000
RPSNMLQLKHKFFAI38DA,埤子頭段,.21,都市：住,532504,39,持分移轉,03390001
RPSNMLQLKHKFFAI38DA,埤子頭段,.43,都市：住,532504,39,持分移轉,03390025
RPSNMLQLKHKFFAI38DA,埤子頭段,.00,都市：其他:,532504,39,持分移轉,03390026
RPQNMLQLKHKFFAI28EA,車店段車店小段,82.00,都市：住,1,1,全筆移轉,00450040
RPVNMLNKLHKFFAI28CA,車店段車店小段,12.80,都市：住,1000,64,持分移轉,07950000
RPPOMLRKLHKFFAI18CA,堀川段,38.00,都市：其他:道路用地,1,1,全筆移轉,00250120
RPQNMLNKLHKFFAI77CA,下路頭段,37.14,都市：住,10000,367,持分移轉,02010003
RPVNMLSKLHKFFAI78CA,劉厝段玉山小段,141.96,都市：住,1,1,全筆移轉,02180000
RPQOMLSKLHKFFAI38CA,遠東段,70.00,都市：工,1,1,全筆移轉,03180002
RPQOMLSKLHKFFAI38CA,遠東段,1322.00,都市：工,1,1,全筆移轉,03190001
RPQOMLSKLHKFFAI38CA,遠東段,166.00,都市：工,1,1,全筆移轉,03190002
RPSNMLPJLHKFFAI08CA,車店段車店小段,5.93,都市：住,10000,96,持分移轉,07290000
RPUNMLMKLHKFFAI08CA,太平段,39.00,都市：住,1,1,全筆移轉,00680011
RPUNMLMKLHKFFAI08CA,太平段,20.00,都市：住,1,1,全筆移轉,00680080
RPWNMLMKLHKFFAI28CA,北社尾段保安小段,91.00,都市：住,1,1,全筆移轉,06100003
RPSOMLKKLHKFFAI77CA,後庄段,94.00,都市：住,1,1,全筆移轉,05210000
RPVNMLOJLHKFFAI28CA,竹圍子段,6.81,都市：住,10000,39,持分移轉,01320036
RPQNMLOJLHKFFAI77CA,下路頭段,.30,都市：住,30,1,持分移轉,04350006
RPQNMLOJLHKFFAI77CA,下路頭段,77.00,都市：住,1,1,全筆移轉,04370212
RPROMLQLKHKFFAI48EA,車店段,43.00,都市：住,1,1,全筆移轉,03660037
RPTNMLPJLHKFFAI18CA,太平段,15.28,都市：住,10000,19,持分移轉,00210000
RPSNMLKKLHKFFAI87EA,堀川段,93.00,都市：住,1,1,全筆移轉,00350009
RPUNMLMJLHKFFAI18EA,中山段一小段,74.00,都市：住,1,1,全筆移轉,00370010
RPUNMLMJLHKFFAI18EA,中山段一小段,7.00,都市：住,1,1,全筆移轉,00370013
RPVNMLMJLHKFFAI28EA,鳥岫段,101.47,都市：住,1,1,全筆移轉,05740015
RPOOMLKKLHKFFAI57EA,下路頭段,4.00,都市：住,1,1,全筆移轉,01370007
RPXNMLKKLHKFFAI38EA,下路頭段,23.00,都市：住,1,1,全筆移轉,01370001
RPSNMLQJLHKFFAI38EA,竹圍子段二小段,101.00,都市：住,1,1,全筆移轉,04180017
RPVNMLNJLHKFFAI18CA,軍輝段,74.00,都市：住,1,1,全筆移轉,05400000
RPPOMLPJLHKFFAI87CA,埤子頭段,14.00,都市：住,1,1,全筆移轉,04010027
RPPOMLPJLHKFFAI87CA,埤子頭段,22.00,都市：住,1,1,全筆移轉,04010155
RPWNMLQJLHKFFAI58CA,竹圍子段,77.00,都市：其他:道路用地,1,1,全筆移轉,02400002
RPPNMLPKLHKFFAI87CA,竹圍子段,26.46,都市：住,10000,366,持分移轉,01170001
RPQNMLSKLHKFFAI28CA,同興段,20.50,都市：住,10000,15,持分移轉,14350000
RPVNMLMKLHKFFAI18CA,短竹段,3.66,都市：住,10000,45,持分移轉,04040000
RPPOMLQJLHKFFAI97CA,北社尾段,12.01,都市：住,10000,67,持分移轉,04880000
RPUNMLQJLHKFFAI38CA,車店段車店小段,6.99,都市：住,10000,192,持分移轉,10680000
RPPNMLQJLHKFFAI87CA,長竹段,17.00,都市：住,113,17,持分移轉,00300001
RPPNMLQJLHKFFAI87CA,長竹段,90.00,都市：住,1,1,全筆移轉,00310005
RPPNMLQJLHKFFAI87CA,長竹段,27.29,都市：住,7,1,持分移轉,00310011
RPTNMLOJLHKFFAI08CA,竹圍子段,125.00,都市：住,1,1,全筆移轉,01370009
RPPNMLPJLHKFFAI77CA,車店段,67.00,都市：其他:市場用地,1,1,全筆移轉,00340024
RPROMLOLLHKFFAI18CA,埤子頭段,92.00,都市：住,1,1,全筆移轉,01600015
RPSOMLOLLHKFFAI28CA,遠東段,79.00,都市：住,1,1,全筆移轉,00490047
RPPOMLNJLHKFFAI67CA,北門段二小段,100.00,都市：住,1,1,全筆移轉,00030003
RPOOMLNJLHKFFAI57CA,北門段二小段,97.00,都市：住,1,1,全筆移轉,00030000
RPQOMLNJLHKFFAI77CA,北門段二小段,113.00,都市：住,1,1,全筆移轉,00030005
RPTNMLNLLHKFFAI18CA,湖內段,101.00,都市：住,1,1,全筆移轉,04480000
RPUNMLTJLHKFFAI88EA,白川段,14.52,都市：住,10000,178,持分移轉,00890035
RPTOMLOLLHKFFAI38CA,下路頭段,9.79,都市：住,10000,18,持分移轉,00970000
RPQNMLPJLHKFFAI87CA,下路頭段,200.00,都市：住,1,1,全筆移轉,01840010
RPXNMLPJLHKFFAI58CA,車店段,25.33,都市：住,100000,889,持分移轉,00860013
RPXNMLPJLHKFFAI58CA,白川段,4.27,都市：住,100000,889,持分移轉,00800005
RPQOMLPJLHKFFAI97CA,竹村段,413.08,都市：住,1,1,全筆移轉,04110000
RPQOMLPJLHKFFAI97CA,竹村段,413.08,都市：住,1,1,全筆移轉,04110001
RPUNMLPJLHKFFAI28CA,竹圍子段,196.00,都市：住,1,1,全筆移轉,01620004
RPVNMLPJLHKFFAI38CA,湖內段,14.76,都市：住,10000,103,持分移轉,03760000
RPOOMLQJLHKFFAI87CA,竹圍子段二小段,6.23,都市：住,10000,15,持分移轉,01120000
RPQNMLQJLHKFFAI97CA,竹圍子段,74.00,都市：住,1,1,全筆移轉,02530056
RPUOMLOLLHKFFAI48CA,港子坪段港坪小段,20.56,都市：住,10000,266,持分移轉,00360000
RPWNMLPLLHKFFAI68CA,竹圍子段一小段,77.00,都市：住,1,1,全筆移轉,00090002
RPQNMLPLLHKFFAI08CA,西門段六小段,130.00,都市：商,1,1,全筆移轉,00440006
RPSNMLQLLHKFFAI38CA,檜段四小段,6.65,都市：住,10000,190,持分移轉,00020000
RPPNMLLLLHKFFAI57CA,下埤段,300.08,都市：農,16,1,持分移轉,14510000
RPQOMLQLLHKFFAI28CA,車店段車店小段,16.76,都市：住,1000,21,持分移轉,07120000
RPRNMLNKLHKFFAI87CA,興村段,66.71,都市：住,7000,200,持分移轉,01720000
RPPOMLNKLHKFFAI77CA,盧厝段,5.49,都市：住,10000,446,持分移轉,04090055
RPPOMLNKLHKFFAI77CA,盧厝段,73.81,都市：住,10000,446,持分移轉,04100006
RPQOMLNKLHKFFAI87CA,劉厝段劉厝小段,20.60,都市：商,10000,54,持分移轉,03120001
RPRNMLOKLHKFFAI97CA,竹圍子段,35.00,都市：住,1,1,全筆移轉,00200016
RPRNMLOKLHKFFAI97CA,竹圍子段,10.00,都市：住,1,1,全筆移轉,00200017
RPSNMLOKLHKFFAI08CA,竹圍子段,1705.00,都市：住,1,1,全筆移轉,00190000
RPUNMLNJLHKFFAI18DA,興村段,16.62,都市：住,10000,483,持分移轉,02050000
RPTNMLOKLHKFFAI18CA,竹圍子段,520.00,都市：其他:,1,1,全筆移轉,00190003
RPTNMLOKLHKFFAI18CA,竹圍子段,1415.00,都市：住,1,1,全筆移轉,00190004
RPTNMLQLLHKFFAI48CA,盧東段,247.25,都市：住,1,1,全筆移轉,08590002
RPTNMLQLLHKFFAI48CA,盧東段,23.31,都市：住,1,1,全筆移轉,08590003
RPTNMLQLLHKFFAI48CA,盧東段,63.58,都市：住,1,1,全筆移轉,08590004
RPPNMLNLLHKFFAI77CA,竹圍子段,15.45,都市：其他:,40,1,持分移轉,02350050
RPPNMLNLLHKFFAI77CA,竹圍子段,108.00,都市：住,1,1,全筆移轉,02350057
RPPNMLNLLHKFFAI77CA,竹圍子段,18.28,都市：住,40,1,持分移轉,02350086
RPVNMLTJLHKFFAI78CA,湖子內段湖內小段,681.00,都市：農,2,1,持分移轉,01510000
RPOOMLTKLHKFFAI28CA,車店段車店小段,6.34,都市：住,18600,634,持分移轉,03890002
RPPOMLTKLHKFFAI38CA,中庄段,.69,都市：住,120,1,持分移轉,10410000
RPPOMLTKLHKFFAI38CA,中庄段,2.39,都市：住,120,1,持分移轉,10420000
RPPOMLTKLHKFFAI38CA,中庄段,2.48,都市：住,120,1,持分移轉,10450000
RPPOMLTKLHKFFAI38CA,中庄段,27.60,都市：住,10,1,持分移轉,10490000
RPPOMLTKLHKFFAI38CA,中庄段,4.90,都市：住,120,1,持分移轉,10540000
RPQOMLTKLHKFFAI48CA,劉厝段劉厝小段,76.00,都市：住,1,1,全筆移轉,02280031
RPROMLTKLHKFFAI58CA,港子坪段港坪小段,11.44,都市：住,10000,115,持分移轉,01050000
RPROMLTKLHKFFAI58CA,港子坪段港坪小段,3.22,都市：住,10000,115,持分移轉,01060000
RPTNMLKKLHKFFAI97EA,埤子頭段,22.95,都市：其他:,11925,650,持分移轉,03720004
RPRNMLTJLHKFFAI58EA,短竹段,145.00,都市：住,1,1,全筆移轉,14820001
RPVNMLQJLHKFFAI68EA,頂庄段,102.00,都市：住,1,1,全筆移轉,05440003
RPQOMLLKLHKFFAI67CA,盧厝段,122.00,都市：住,1,1,全筆移轉,02550090
RPPNMLNKLHKFFAI87EA,埤子頭段,69.00,都市：住,1,1,全筆移轉,01970053
RPOOMLMJMHKFFAI57CA,同興段,58.67,都市：住,3,1,持分移轉,11650000
RPVNMLLKLHKFFAI18DA,竹圍子段二小段,165.00,都市：住,1,1,全筆移轉,01710004
RPSNMLKLLHKFFAI87DA,下路頭段,2.00,都市：其他:,1,1,全筆移轉,05700154
RPTNMLNKLHKFFAI18DA,竹圍子段,26.00,都市：其他:,1,1,全筆移轉,03080092
RPUNMLKLLHKFFAI08DA,下路頭段,79.00,都市：其他:,1,1,全筆移轉,05660009
RPRNMLKLLHKFFAI77DA,下路頭段,2.00,都市：其他:,1,1,全筆移轉,05700153
RPUNMLNKLHKFFAI28DA,竹圍子段,26.00,都市：其他:,1,1,全筆移轉,03080097
RPTNMLKLLHKFFAI97DA,下路頭段,2.00,都市：其他:,1,1,全筆移轉,05700155
RPVNMLKLLHKFFAI18DA,下路頭段,21.33,都市：其他:,3,1,持分移轉,05700103
RPVNMLKLLHKFFAI18DA,下路頭段,1.00,都市：其他:,3,1,持分移轉,05700156
RPPOMLMJMHKFFAI67CA,西門段四小段,24.45,都市：住,10000,245,持分移轉,00800000
RPOOMLTJLHKFFAI18CA,車店段車店小段,82.00,都市：住,1,1,全筆移轉,08180001
RPWNMLKLLHKFFAI28DA,下路頭段,1.00,都市：其他:,18,6,持分移轉,05700156
RPPOMLTJLHKFFAI28CA,八掌段,2187.00,都市：農,1,1,全筆移轉,00090002
RPSNMLRJLHKFFAI28CA,後庄段,107.00,都市：住,1,1,全筆移轉,10640004
RPWNMLQLLHKFFAI78CA,下路頭段,51.00,都市：住,1,1,全筆移轉,00020129
RPWNMLQLLHKFFAI78CA,下路頭段,4.00,都市：住,1,1,全筆移轉,00020135
RPOOMLMKLHKFFAI57CA,遠東段,18.66,都市：住,10000,20,持分移轉,00680007
RPTNMLRJLHKFFAI38CA,後庄段,29.63,都市：住,10000,1818,持分移轉,10450003
RPTNMLRJLHKFFAI38CA,後庄段,126.00,都市：住,1,1,全筆移轉,10450007
RPRNMLKKLHKFFAI57CA,竹圍子段,8.04,都市：住,10000,56,持分移轉,02090000
RPRNMLKKLHKFFAI57CA,竹圍子段,11.49,都市：住,50000,590,持分移轉,02070039
RPPNMLKKLHKFFAI37CA,白川段,195.00,都市：住,1,1,全筆移轉,00440067
RPSOMLLKLHKFFAI87CA,末廣段一小段,13.22,都市：商,1000,28,持分移轉,00070000
RPVNMLQLLHKFFAI68CA,下路頭段,51.00,都市：住,1,1,全筆移轉,00020128
RPVNMLQLLHKFFAI68CA,下路頭段,6.00,都市：住,1,1,全筆移轉,00020136
RPQOMLNLLHKFFAI97CA,西門段六小段,10.00,都市：商,1,1,全筆移轉,00420005
RPQOMLNLLHKFFAI97CA,西門段六小段,9.00,都市：商,1,1,全筆移轉,00420011
RPXNMLTJLHKFFAI98CA,北社尾段保安小段,67.00,都市：住,1,1,全筆移轉,00160017
RPUNMLLJMHKFFAI18EA,竹圍子段,765.02,都市：其他:,10000,9195,持分移轉,01330001
RPTNMLLJMHKFFAI08EA,埤子頭段,180.98,都市：其他:,1948,611,持分移轉,03940001
RPTNMLLJMHKFFAI08EA,埤子頭段,55.82,都市：其他:,1948,1623,持分移轉,03940029
RPTNMLLJMHKFFAI08EA,埤子頭段,15.04,都市：其他:,68,31,持分移轉,03980001
RPTNMLLJMHKFFAI08EA,埤子頭段,15.96,都市：其他:,68,31,持分移轉,03980055
RPRNMLLKLHKFFAI77DA,劉厝段玉山小段,120.07,都市：住,1,1,全筆移轉,03040005
RPRNMLLKLHKFFAI77DA,劉厝段玉山小段,13.75,都市：住,10000,531,持分移轉,03040012
RPRNMLLKLHKFFAI77DA,劉厝段玉山小段,4.86,都市：住,4,1,持分移轉,03040013
RPVNMLKKLHKFFAI18EA,盧厝段,21.61,都市：住,10000,63,持分移轉,02600010
RPTNMLLKLHKFFAI97DA,竹圍子段二小段,165.00,都市：住,1,1,全筆移轉,01710003
RPPNMLRJMHKFFAI08CA,港子坪段港坪小段,14.43,都市：住,10000,145,持分移轉,01050000
RPPNMLRJMHKFFAI08CA,港子坪段港坪小段,4.06,都市：住,10000,145,持分移轉,01060000
RPTNMLQJMHKFFAI38CA,堀川段,67.00,都市：住,1,1,全筆移轉,00250214
RPUNMLOLLHKFFAI38CA,下路頭段,53.00,都市：住,1,1,全筆移轉,00950028
RPROMLLKLHKFFAI77CA,北社尾段保安小段,4.76,都市：住,10000,66,持分移轉,08430000
RPROMLLKLHKFFAI77CA,北社尾段保安小段,6.18,都市：住,10000,66,持分移轉,08440000
RPQOMLMKLHKFFAI77CA,竹圍子段中興小段,12.25,都市：商,10000,93,持分移轉,00350000
RPSNMLLKLHKFFAI77CA,白川段,59.00,都市：住,1,1,全筆移轉,00400079
RPSNMLLKLHKFFAI77CA,白川段,25.00,都市：住,1,1,全筆移轉,00400080
RPUNMLLKLHKFFAI97CA,竹圍子段友愛小段,86.00,都市：住,1,1,全筆移轉,01490000
RPXNMLLKLHKFFAI28CA,竹圍子段,15.64,都市：住,10000,238,持分移轉,02170042
RPQNMLTKLHKFFAI38CA,中山段三小段,12.12,都市：住,10000,444,持分移轉,00330000
RPQNMLTKLHKFFAI38CA,中山段三小段,20.16,都市：住,10000,444,持分移轉,00350000
RPQNMLTKLHKFFAI38CA,中山段三小段,.40,都市：住,10000,444,持分移轉,00380018
RPQNMLQKLHKFFAI08CA,西門段二小段,173.00,都市：商,1,1,全筆移轉,00590000
RPQNMLQKLHKFFAI08CA,西門段二小段,498.00,都市：商,1,1,全筆移轉,00790027
RPOOMLNKLHKFFAI67CA,彌陀段,23.93,都市：住,10000,74,持分移轉,05230000
RPSNMLNKLHKFFAI97CA,劉厝段劉厝小段,3736.00,都市：農,1,1,全筆移轉,03090000
RPPOMLMKLHKFFAI67CA,車店段車店小段,8.57,都市：住,10000,113,持分移轉,01580001
RPXNMLMKLHKFFAI38CA,竹村段,25.46,都市：住,10000,117,持分移轉,04770000
RPPNMLMKLHKFFAI57CA,竹圍子段二小段,101.00,都市：住,1,1,全筆移轉,01410017
RPQNMLMKLHKFFAI67CA,盧厝段,21.16,都市：住,10000,83,持分移轉,04290000
RPUNMLMJMHKFFAI08CA,下路頭段,28.10,都市：住,10000,229,持分移轉,04430027
RPVNMLMJMHKFFAI18CA,新富段二小段,52.00,都市：商,1,1,全筆移轉,00560027
RPVNMLMJMHKFFAI18CA,新富段二小段,40.00,都市：商,1,1,全筆移轉,00580002
RPRNMLMKLHKFFAI77CA,車店段車店小段,94.00,都市：住,1,1,全筆移轉,09540005
RPPOMLNLLHKFFAI87CA,西門段六小段,17.00,都市：商,1,1,全筆移轉,00420006
RPPOMLNLLHKFFAI87CA,西門段六小段,1.00,都市：商,1,1,全筆移轉,00420012
RPUNMLNLLHKFFAI28CA,劉厝段劉厝小段,13.35,都市：商,10000,35,持分移轉,03120001
RPSNMLNLLHKFFAI28EA,竹圍子段二小段,5.47,都市：住,10000,304,持分移轉,00520000
RPRNMLQLLHKFFAI48EA,湖子內段湖內小段,425.00,都市：農,1,1,全筆移轉,00630001
RPSNMLMKLHKFFAI08EA,車店段,4.68,都市：住,10000,98,持分移轉,01430008
RPSNMLMKLHKFFAI08EA,白川段,3.31,都市：住,10000,98,持分移轉,00920000
RPTNMLMKLHKFFAI18EA,中山段三小段,14.22,都市：住,10000,198,持分移轉,00130005
RPUNMLTKLHKFFAI98EA,興村段,75.00,都市：住,1,1,全筆移轉,05530000
RPUNMLTKLHKFFAI98EA,興村段,14.00,都市：其他:,1,1,全筆移轉,05540000
RPQNMLQJMHKFFAI08CA,台斗坑段,30.55,都市：住,20,1,持分移轉,04290009
RPPNMLOJMHKFFAI77CA,湖內段,19.94,都市：住,27700,200,持分移轉,03180000
RPTOMLTKLHKFFAI78CA,台斗坑段,26.67,都市：住,10000,104,持分移轉,03240005
RPTOMLTKLHKFFAI78CA,台斗坑段,.02,都市：其他:道路用地,10000,104,持分移轉,03240010
RPROMLNLLHKFFAI08CA,同興段,9.00,都市：住,1,1,全筆移轉,12340000
RPROMLNLLHKFFAI08CA,同興段,75.00,都市：住,1,1,全筆移轉,12350000
RPPNMLOKLHKFFAI77CA,車店段車店小段,7.19,都市：住,18600,719,持分移轉,03890002
RPSOMLSKLHKFFAI58CA,下路頭段,116.00,都市：住,1,1,全筆移轉,06070046
RPPNMLLMLHKFFAI67CA,劉厝段劉厝小段,60.00,都市：住,1,1,全筆移轉,03110069
RPPNMLLMLHKFFAI67CA,劉厝段劉厝小段,17.76,都市：住,540,43,持分移轉,03110001
RPQNMLLMLHKFFAI77CA,北社尾段,12.41,都市：住,10000,27,持分移轉,07120001
RPPNMLTLLHKFFAI38CA,榮段三小段,18.38,都市：住,16,1,持分移轉,00770000
RPPNMLTLLHKFFAI38CA,榮段三小段,82.00,都市：住,1,1,全筆移轉,00770005
RPVNMLTKLHKFFAI88CA,車店段,69.00,都市：住,1,1,全筆移轉,04840023
RPPNMLSKLHKFFAI18CA,短竹段,4.76,都市：住,50000,40,持分移轉,09120071
RPVNMLOLLHKFFAI48CA,短竹段,13.33,都市：住,50000,112,持分移轉,09120071
RPWNMLRKLHKFFAI98EA,車店段,24.00,都市：工,1,1,全筆移轉,03250055
RPRNMLSKLHKFFAI58EA,盧厝段,5.49,都市：住,10000,446,持分移轉,04090055
RPRNMLSKLHKFFAI58EA,盧厝段,73.81,都市：住,10000,446,持分移轉,04100006
RPPNMLRKLHKFFAI28EA,北社尾段,38.00,都市：住,1,1,全筆移轉,04720063
RPPNMLRKLHKFFAI28EA,北社尾段,74.00,都市：住,1,1,全筆移轉,04790017
RPRNMLRKLHKFFAI48EA,太平段,29.15,都市：住,10000,109,持分移轉,00620000
RPPNMLTKLHKFFAI48EA,埤子頭段,48.00,都市：住,1,1,全筆移轉,04220108
RPXNMLRKLHKFFAI09EA,盧厝段,23.89,都市：住,16400,239,持分移轉,02620047
RPXNMLRKLHKFFAI09EA,盧厝段,.01,都市：住,16400,239,持分移轉,02620048
RPRNMLNLLHKFFAI97CA,下路頭段,28.96,都市：住,10000,236,持分移轉,04430027
RPSNMLTKLHKFFAI58CA,遠東段,16.80,都市：住,10000,18,持分移轉,00680007
RPXNMLTKLHKFFAI09CA,竹圍子段,15.18,都市：住,10000,231,持分移轉,02170042
RPRNMLQJMHKFFAI18CA,盧厝段,21.18,都市：住,10000,39,持分移轉,02600004
RPSNMLQJMHKFFAI28CA,下路頭段,50.00,都市：住,1,1,全筆移轉,02270168
RPOOMLRKLHKFFAI08CA,興村段,32.90,都市：住,10,1,持分移轉,01990000
RPRNMLSKLHKFFAI38CA,竹圍子段,34.88,都市：商,1640,74,持分移轉,00960000
RPSNMLSKLHKFFAI48CA,下路頭段,7.07,都市：住,10000,13,持分移轉,00970000
RPTNMLSKLHKFFAI58CA,北社尾段,13.98,都市：住,10000,78,持分移轉,04880000
RPQNMLLLLHKFFAI67CA,車店段車店小段,130.00,都市：住,1,1,全筆移轉,05990000
RPXNMLOLLHKFFAI68CA,西門段七小段,115.00,都市：商,1,1,全筆移轉,00550002
RPQNMLOKMHKFFAI97CA,堀川段,57.00,都市：住,1,1,全筆移轉,00260003
RPSNMLSJMHKFFAI48CA,竹圍子段友愛小段,22.00,都市：住,810,22,持分移轉,02020000
RPOOMLRJMHKFFAI08CA,西門段六小段,18.00,都市：商,1,1,全筆移轉,00430014
RPOOMLRJMHKFFAI08CA,西門段六小段,49.00,都市：商,1,1,全筆移轉,00430016
RPOOMLRJMHKFFAI08CA,西門段六小段,22.00,都市：商,1,1,全筆移轉,00430017
RPROMLOKMHKFFAI18CA,盧厝段,93.00,都市：住,1,1,全筆移轉,06630153
RPOOMLOLLHKFFAI87CA,西門段七小段,84.00,都市：商,1,1,全筆移轉,00550015
RPOOMLOLLHKFFAI87CA,西門段七小段,1.20,都市：商,5,1,持分移轉,00550020
RPOOMLOLLHKFFAI87CA,西門段七小段,1.20,都市：商,5,1,持分移轉,00550021
RPOOMLOLLHKFFAI87CA,西門段七小段,1.20,都市：商,5,1,持分移轉,00550022
RPOOMLOLLHKFFAI87CA,西門段七小段,1.20,都市：商,5,1,持分移轉,00550023
RPOOMLOLLHKFFAI87CA,西門段七小段,3.00,都市：商,5,1,持分移轉,00550024
RPPOMLOLLHKFFAI97CA,西門段七小段,84.00,都市：商,1,1,全筆移轉,00550017
RPPOMLOLLHKFFAI97CA,西門段七小段,1.20,都市：商,5,1,持分移轉,00550020
RPPOMLOLLHKFFAI97CA,西門段七小段,1.20,都市：商,5,1,持分移轉,00550021
RPPOMLOLLHKFFAI97CA,西門段七小段,1.20,都市：商,5,1,持分移轉,00550022
RPPOMLOLLHKFFAI97CA,西門段七小段,1.20,都市：商,5,1,持分移轉,00550023
RPPOMLOLLHKFFAI97CA,西門段七小段,3.00,都市：商,5,1,持分移轉,00550024
RPXNMLPLLHKFFAI78CA,埤子頭段,99.00,都市：住,1,1,全筆移轉,03880010
RPRNMLTKLHKFFAI68EA,盧厝段,14.00,都市：其他:,16,1,持分移轉,04420001
RPRNMLTKLHKFFAI68EA,盧厝段,15.19,都市：其他:,16,1,持分移轉,04420002
RPVNMLRKLHKFFAI88EA,湖子內段湖內小段,92.00,都市：住,1,1,全筆移轉,01850017
RPTNMLTKLHKFFAI88EA,下路頭段,54.00,都市：住,2,1,持分移轉,04980098
RPQNMLNLLHKFFAI08EA,西門段六小段,7.16,都市：商,10000,133,持分移轉,00310034
RPQNMLNLLHKFFAI08EA,西門段六小段,12.26,都市：商,10000,133,持分移轉,00340000
RPRNMLLMLHKFFAI87CA,檜段四小段,74.00,都市：住,1,1,全筆移轉,00650061
RPRNMLLMLHKFFAI87CA,檜段四小段,7.00,都市：住,1,1,全筆移轉,00690014
RPVOMLOLLHKFFAI58CA,北社尾段,12.41,都市：住,10000,27,持分移轉,07120001
RPPOMLLJMHKFFAI57CA,堀川段,36.48,都市：住,40,1,持分移轉,00250007
RPPOMLLJMHKFFAI57CA,堀川段,1.85,都市：住,40,1,持分移轉,00250342
RPWNMLLJMHKFFAI18CA,埤子頭段,11.25,都市：住,10000,178,持分移轉,03430001
RPWNMLLJMHKFFAI18CA,埤子頭段,12.78,都市：住,10000,178,持分移轉,03430019
RPXNMLKLLHKFFAI28CA,車店段車店小段,71.00,都市：住,1,1,全筆移轉,07850000
RPROMLLJMHKFFAI77CA,北社尾段,12.41,都市：住,10000,27,持分移轉,07120001
RPPNMLKLLHKFFAI47CA,北門段七小段,3.94,都市：商,10000,61,持分移轉,00090000
RPPNMLKLLHKFFAI47CA,北門段七小段,.09,都市：商,10000,1,持分移轉,00110000
RPPNMLKLLHKFFAI47CA,北門段七小段,.02,都市：商,10000,1,持分移轉,00150030
RPROMLSKLHKFFAI48CA,下路頭段,36.84,都市：住,1,1,全筆移轉,07780024
RPWNMLTKLHKFFAI98CA,短竹段,4.64,都市：住,50000,39,持分移轉,09120071
RPSOMLTKLHKFFAI68CA,榮段四小段,62.00,都市：商,1,1,全筆移轉,00390003
RPSOMLTKLHKFFAI68CA,榮段四小段,74.00,都市：商,1,1,全筆移轉,00390005
RPQNMLKLLHKFFAI57CA,湖子內段湖內小段,1526.00,都市：農,1,1,全筆移轉,01520000
RPRNMLNJMHKFFAI87CA,車店段車店小段,85.00,都市：住,1,1,全筆移轉,06390020
RPPNMLPLLHKFFAI97CA,下路頭段,172.00,都市：住,1,1,全筆移轉,01010019
RPXNMLQLLHKFFAI88CA,竹圍子段,11.02,都市：住,10000,52,持分移轉,03300000
RPVNMLNLLHKFFAI48DA,竹圍子段,25.00,都市：住,1,1,全筆移轉,01010000
RPQNMLOLLHKFFAI08DA,北社尾段保安小段,70.00,都市：住,1,1,全筆移轉,00420000
RPXNMLOLLHKFFAI88EA,興村段,206.00,都市：住,1,1,全筆移轉,02750000
RPSNMLLMLHKFFAI18EA,下路頭段,14.66,都市：住,8872,58,持分移轉,07460048
RPROMLKMLHKFFAI87CA,竹圍子段三小段,15.10,都市：住,10000,74,持分移轉,00980000
RPOOMLQLLHKFFAI08CA,何庄段,2650.00,都市：農,1,1,全筆移轉,06890000
RPPOMLQLLHKFFAI18CA,何庄段,2645.00,都市：農,1,1,全筆移轉,06890001
RPUOMLPKMHKFFAI58CA,埤子頭段,1098.00,都市：住,1,1,全筆移轉,02960004
RPUOMLPKMHKFFAI58CA,埤子頭段,80.00,都市：住,1,1,全筆移轉,02960011
RPPNMLMLLHKFFAI67CA,西門段五小段,50.00,都市：其他:公共設施保留地,1,1,全筆移轉,00760003
RPSOMLKMLHKFFAI97CA,湖內段,12.44,都市：住,10000,98,持分移轉,03160000
RPVNMLNLLHKFFAI38CA,車店段,24.64,都市：住,100000,896,持分移轉,00860009
RPVNMLNLLHKFFAI38CA,白川段,4.43,都市：住,100000,896,持分移轉,00810000
RPVOMLLMLHKFFAI38CA,新富段一小段,104.00,都市：商,1,1,全筆移轉,00250020
RPVOMLLMLHKFFAI38CA,新富段一小段,26.50,都市：商,32,1,持分移轉,00250035
RPVNMLLMLHKFFAI28CA,太平段,18.50,都市：住,10000,23,持分移轉,00210000
RPPNMLPJMHKFFAI87CA,盧厝段,177.00,都市：住,1,1,全筆移轉,03440059
RPPNMLPJMHKFFAI87CA,盧厝段,6.36,都市：住,153,7,持分移轉,03440062
RPPNMLPJMHKFFAI87CA,盧厝段,.64,都市：農,153,7,持分移轉,03440067
RPPNMLPJMHKFFAI87CA,盧厝段,74.00,都市：農,1,1,全筆移轉,03440068
RPVNMLOKMHKFFAI48CA,劉厝段劉厝小段,68.00,都市：住,1,1,全筆移轉,02030082
RPTNMLMJMHKFFAI97CA,竹圍子段中興小段,6.73,都市：商,61700,673,持分移轉,01150000
RPQOMLOLLHKFFAI08CA,西門段七小段,90.00,都市：商,1,1,全筆移轉,00550019
RPQOMLOLLHKFFAI08CA,西門段七小段,1.20,都市：商,5,1,持分移轉,00550020
RPQOMLOLLHKFFAI08CA,西門段七小段,1.20,都市：商,5,1,持分移轉,00550021
RPQOMLOLLHKFFAI08CA,西門段七小段,1.20,都市：商,5,1,持分移轉,00550022
RPQOMLOLLHKFFAI08CA,西門段七小段,1.20,都市：商,5,1,持分移轉,00550023
RPQOMLOLLHKFFAI08CA,西門段七小段,3.00,都市：商,5,1,持分移轉,00550024
RPOOMLPLLHKFFAI97CA,車店段車店小段,105.00,都市：住,1,1,全筆移轉,09190002
RPOOMLPLLHKFFAI97CA,車店段車店小段,105.00,都市：住,1,1,全筆移轉,09190003
RPWNMLOLLHKFFAI78EA,下路頭段,71.00,都市：住,1,1,全筆移轉,04360055
RPUNMLRLLHKFFAI88EA,港子坪段港坪小段,21.42,都市：住,1000,20,持分移轉,01750000
RPQNMLKMLHKFFAI87EA,何庄段,1000.00,都市：農,1,1,全筆移轉,06070003
RPQNMLKMLHKFFAI87EA,何庄段,644.48,都市：農,1,1,全筆移轉,06070000
RPQNMLKMLHKFFAI87EA,何庄段,889.44,都市：農,1,1,全筆移轉,06070001
RPQNMLKMLHKFFAI87EA,何庄段,1000.00,都市：農,1,1,全筆移轉,06070002
RPSNMLRLLHKFFAI48CA,新富段二小段,13.49,都市：其他:空白,10000,177,持分移轉,00160000
RPPOMLPLLHKFFAI08CA,湖內段,146.00,都市：住,1,1,全筆移轉,10900000
RPOOMLLJMHKFFAI67EA,遠東段,95.00,都市：住,1,1,全筆移轉,00160126
RPXNMLKMLHKFFAI48DA,台斗坑段,116.00,都市：住,1,1,全筆移轉,01310172
RPXNMLRLLHKFFAI98CA,中山段三小段,27.12,都市：住,10000,363,持分移轉,00270000
RPUNMLQJMHKFFAI48CA,白川段,32.98,都市：住,100000,719,持分移轉,00140001
RPVNMLQJMHKFFAI58CA,盧厝段,21.18,都市：住,10000,39,持分移轉,02600004
RPRNMLSJMHKFFAI38CA,竹圍子段中興小段,4.94,都市：商,61700,494,持分移轉,01150000
RPSNMLPLLHKFFAI28CA,竹圍子段,11.66,都市：住,10000,55,持分移轉,03300000
RPVNMLPLLHKFFAI58CA,竹圍子段二小段,7.08,都市：商,5832,25,持分移轉,00130000
RPQPMLOKMHKFFAI18CA,竹圍子段一小段,110.00,都市：住,1,1,全筆移轉,00080000
RPSPMLOKMHKFFAI38CA,劉厝段劉厝小段,65.00,都市：住,1,1,全筆移轉,02330009
RPPNMLSLLHKFFAI28CA,西門段一小段,4.53,都市：住,10000,98,持分移轉,00860001
RPQNMLTLLHKFFAI48CA,東川段,25.07,都市：住,10000,133,持分移轉,04980001
RPWNMLRJMHKFFAI78CA,台斗坑段,14.87,都市：住,30000,78,持分移轉,03240003
RPUOMLKMLHKFFAI18CA,下路頭段,113.00,都市：住,1,1,全筆移轉,07350017
RPTNMLNKMHKFFAI38EA,下路頭段,56.00,都市：住,1,1,全筆移轉,02890010
RPTNMLNKMHKFFAI38EA,下路頭段,2.00,都市：住,1,1,全筆移轉,02890011
RPTNMLNKMHKFFAI38EA,下路頭段,8.00,都市：住,1,1,全筆移轉,02890020
RPSOMLLMLHKFFAI08CA,盧東段,31.38,都市：住,13,1,持分移轉,03110008
RPSOMLLMLHKFFAI08CA,盧東段,183.15,都市：住,1,1,全筆移轉,03110011
RPSOMLLMLHKFFAI08CA,盧東段,9.92,都市：其他:,64040,992,持分移轉,03550000
RPUNMLPLLHKFFAI48CA,下路頭段,60.00,都市：住,1,1,全筆移轉,02140066
RPUNMLQLLHKFFAI58CA,西門段三小段,2.73,都市：商,10000,54,持分移轉,01170000
RPUNMLQLLHKFFAI58CA,西門段三小段,.69,都市：商,10000,54,持分移轉,01190000
RPPNMLQLLHKFFAI08CA,盧厝段,117.00,都市：住,1,1,全筆移轉,04260097
RPQNMLQLLHKFFAI38EA,新厝段,18.50,都市：農,2,1,持分移轉,05920000
RPRNMLPLLHKFFAI38EA,台斗坑段,15.16,都市：住,1000,36,持分移轉,03270010
RPRNMLRLLHKFFAI58EA,後庄段,102.00,都市：住,1,1,全筆移轉,14740000
RPQOMLMJMHKFFAI97EA,北門段七小段,65.00,都市：商,1,1,全筆移轉,00140003
RPRNMLLJMHKFFAI67CA,太平段,33.16,都市：住,10000,124,持分移轉,00620000
RPVNMLKLMHKFFAI18CA,港子坪段,23.00,都市：住,1,1,全筆移轉,00170053
RPVNMLKLMHKFFAI18CA,港子坪段,3.00,都市：住,1,1,全筆移轉,00170054
RPOOMLRLLHKFFAI18CA,西門段六小段,19.00,都市：商,1,1,全筆移轉,00420004
RPVNMLRLLHKFFAI78CA,竹圍子段,25.13,都市：住,10000,103,持分移轉,00210000
RPWNMLRLLHKFFAI88CA,竹圍子段一小段,12.85,都市：住,10000,97,持分移轉,00260000
RPSNMLMLMHKFFAI08CA,竹圍子段三小段,26.60,都市：住,14130,266,持分移轉,00420000
RPTPMLOKMHKFFAI48CA,下路頭段,13.59,都市：住,10000,82,持分移轉,07670000
RPPNMLLKMHKFFAI57CA,車店段車店小段,116.00,都市：住,1,1,全筆移轉,10710003
RPQNMLLKMHKFFAI67CA,竹圍子段一小段,12.72,都市：住,10000,96,持分移轉,00260000
RPWNMLNKMHKFFAI48CA,中山段三小段,159.00,都市：住,1,1,全筆移轉,00060012
RPPNMLOKMHKFFAI87CA,竹圍子段二小段,10.12,都市：住,10000,62,持分移轉,00260000
RPXNMLNKMHKFFAI58CA,頭港段,114.28,都市：住,1,1,全筆移轉,01380009
RPUNMLRKMHKFFAI88EA,堀川段,86.00,都市：住,1,1,全筆移轉,00290004
RPSNMLLJMHKFFAI77CA,後庄段,158.00,都市：住,1,1,全筆移轉,10460002
RPTNMLSJMHKFFAI58CA,盧厝段,37.90,都市：住,10000,148,持分移轉,02550010
RPRNMLMJMHKFFAI77CA,竹圍子段二小段,13.71,都市：住,10000,33,持分移轉,01120000
RPWNMLQKMHKFFAI78CA,下路頭段,.20,都市：住,10,1,持分移轉,01010003
RPWNMLQKMHKFFAI78CA,下路頭段,15.99,都市：住,10000,521,持分移轉,01010024
RPWNMLQKMHKFFAI78CA,下路頭段,76.00,都市：住,1,1,全筆移轉,01010049
RPWNMLKMLHKFFAI28CA,車店段,118.00,都市：住,1,1,全筆移轉,03990096
RPUNMLKMLHKFFAI08CA,北社尾段保安小段,7.68,都市：住,10000,35,持分移轉,08480000
RPWNMLMLMHKFFAI48CA,下路頭段,15.99,都市：住,10000,521,持分移轉,01010024
RPWNMLMLMHKFFAI48CA,下路頭段,79.00,都市：住,1,1,全筆移轉,01010053
RPWNMLMLMHKFFAI48CA,下路頭段,.20,都市：住,10,1,持分移轉,01010056
RPXNMLMLMHKFFAI58CA,下路頭段,.20,都市：住,10,1,持分移轉,01010003
RPXNMLMLMHKFFAI58CA,下路頭段,15.99,都市：住,10000,521,持分移轉,01010024
RPXNMLMLMHKFFAI58CA,下路頭段,73.00,都市：住,1,1,全筆移轉,01010025
RPOOMLMLMHKFFAI77CA,下路頭段,.20,都市：住,10,1,持分移轉,01010003
RPOOMLMLMHKFFAI77CA,下路頭段,15.01,都市：住,10000,489,持分移轉,01010024
RPOOMLMLMHKFFAI77CA,下路頭段,79.00,都市：住,1,1,全筆移轉,01010043
RPUOMLSKMHKFFAI88CA,元段四小段,23.00,都市：住,1,1,全筆移轉,01450003
RPUOMLSKMHKFFAI88CA,元段四小段,1.00,都市：住,1,1,全筆移轉,01460001
RPTNMLNLMHKFFAI28CA,下路頭段,15.99,都市：住,10000,521,持分移轉,01010024
RPTNMLNLMHKFFAI28CA,下路頭段,77.00,都市：住,1,1,全筆移轉,01010054
RPTNMLNLMHKFFAI28CA,下路頭段,.20,都市：住,10,1,持分移轉,01010056
RPPOMLLLMHKFFAI77CA,下路頭段,15.01,都市：住,10000,489,持分移轉,01010024
RPPOMLLLMHKFFAI77CA,下路頭段,73.00,都市：住,1,1,全筆移轉,01010045
RPPOMLLLMHKFFAI77CA,下路頭段,.20,都市：住,10,1,持分移轉,01010056
RPSNMLKMLHKFFAI87CA,車店段,33.12,都市：住,10000,429,持分移轉,03630000
RPPNMLKMLHKFFAI57CA,太平段,4.00,都市：其他:道路用地,60,3,持分移轉,00680026
RPPNMLKMLHKFFAI57CA,太平段,95.00,都市：住,1,1,全筆移轉,00680041
RPTNMLKMLHKFFAI97CA,白川段,36.96,都市：住,100000,747,持分移轉,00260000
RPTNMLLMLHKFFAI08CA,遠東段,17.33,都市：住,42,1,持分移轉,00560019
RPTOMLLMLHKFFAI38EA,檜段四小段,355.00,都市：商,1,1,全筆移轉,00540000
RPTNMLLMLHKFFAI08CA,遠東段,93.00,都市：住,1,1,全筆移轉,00560138
RPTNMLLMLHKFFAI08CA,遠東段,.64,都市：住,42,1,持分移轉,00560139
RPXNMLLJMHKFFAI48EA,新富段六小段,13.90,都市：住,10000,382,持分移轉,00010001
RPXNMLLMLHKFFAI68EA,湖子內段湖內小段,1078.00,都市：農,1,1,全筆移轉,00540000
RPVNMLLMLHKFFAI48EA,太平段,15.28,都市：住,10000,19,持分移轉,00210000
RPVNMLKMLHKFFAI38EA,北社尾段,12.32,都市：住,10000,218,持分移轉,06530014
RPWNMLLMLHKFFAI38CA,長竹段,100.00,都市：住,1,1,全筆移轉,03140003
RPQNMLLJMHKFFAI57CA,埤子頭段,111.00,都市：住,1,1,全筆移轉,04190020
RPUPMLOKMHKFFAI58CA,埤子頭段,6.31,都市：其他:,136,26,持分移轉,03980001
RPUPMLOKMHKFFAI58CA,埤子頭段,100.00,都市：住,1,1,全筆移轉,03980022
RPUPMLOKMHKFFAI58CA,埤子頭段,6.69,都市：住,136,26,持分移轉,03980055
RPVNMLRJMHKFFAI68CA,竹圍子段二小段,14.13,都市：住,10000,34,持分移轉,01120000
RPQNMLRJMHKFFAI18CA,埤子頭段新厝小段,95.00,都市：住,1,1,全筆移轉,00830003
RPRNMLRJMHKFFAI28CA,車店段車店小段,25.33,都市：住,10000,52,持分移轉,00450000
RPSNMLMJMHKFFAI87CA,埤子頭段,9.00,都市：住,5,1,持分移轉,03710000
RPSNMLMJMHKFFAI87CA,埤子頭段,107.00,都市：住,1,1,全筆移轉,03710023
RPSNMLMJMHKFFAI87CA,埤子頭段,3.40,都市：住,5,1,持分移轉,03710050
RPPNMLNJMHKFFAI67CA,北社尾段,126.00,都市：住,1,1,全筆移轉,04810052
RPSOMLMJMHKFFAI97CA,彌陀段,84.00,都市：住,1,1,全筆移轉,11810000
RPUNMLSJMHKFFAI68CA,興村段,2663.65,都市：其他:,10000,4940,持分移轉,03790000
RPOPMLOKMHKFFAI97CA,下路頭段,7.61,都市：住,10000,14,持分移轉,00970000
RPUOMLLMLHKFFAI28CA,新厝段,163.00,都市：農,1,1,全筆移轉,03060000
RPTOMLLMLHKFFAI18CA,盧東段,83.50,都市：住,1,1,全筆移轉,03160013
RPPNMLMJMHKFFAI57CA,湖內段,297.00,都市：住,1,1,全筆移轉,07030000
RPSOMLLJMHKFFAI87CA,白川段,32.98,都市：住,100000,719,持分移轉,00140001
RPROMLKLMHKFFAI87CA,頂庄段,15.97,都市：住,90000,515,持分移轉,04200000
RPVNMLLLMHKFFAI28CA,仁義段,1220.51,都市：農,1,1,全筆移轉,02940000
RPVNMLLLMHKFFAI28CA,仁義段,8.46,都市：其他:,1,1,全筆移轉,02950000
RPPOMLLMLHKFFAI97EA,長竹段,36.00,都市：住,1,1,全筆移轉,11010000
RPQOMLKMLHKFFAI77CA,北社尾段,13.33,都市：住,10000,29,持分移轉,07120001
RPQOMLLMLHKFFAI08EA,大溪段,2.40,都市：住,1,1,全筆移轉,05380000
RPQOMLLMLHKFFAI08EA,大溪段,1380.08,都市：住,1,1,全筆移轉,05390000
RPOOMLMJMHKFFAI77EA,西門段八小段,2.22,都市：商,10000,22,持分移轉,00230000
RPOOMLQKMHKFFAI08CA,下路頭段,15.01,都市：住,10000,489,持分移轉,01010024
RPOOMLQKMHKFFAI08CA,下路頭段,77.00,都市：住,1,1,全筆移轉,01010055
RPOOMLQKMHKFFAI08CA,下路頭段,.20,都市：住,10,1,持分移轉,01010056
RPQOMLKLMHKFFAI77CA,軍輝段,89.00,都市：住,1,1,全筆移轉,04230015
RPWNMLLLMHKFFAI38CA,車店段車店小段,26.80,都市：住,10000,55,持分移轉,00450000
RPSOMLLLMHKFFAI08CA,下路頭段,.20,都市：住,10,1,持分移轉,01010003
RPSOMLLLMHKFFAI08CA,下路頭段,14.00,都市：住,10000,456,持分移轉,01010024
RPSOMLLLMHKFFAI08CA,下路頭段,85.00,都市：住,1,1,全筆移轉,01010050
RPROMLLLMHKFFAI97CA,下路頭段,.20,都市：住,10,1,持分移轉,01010003
RPROMLLLMHKFFAI97CA,下路頭段,15.99,都市：住,10000,521,持分移轉,01010024
RPROMLLLMHKFFAI97CA,下路頭段,85.00,都市：住,1,1,全筆移轉,01010041
RPTNMLKKMHKFFAI87CA,堀川段,51.00,都市：住,1,1,全筆移轉,00250205
RPTNMLKKMHKFFAI87CA,堀川段,52.00,都市：住,1,1,全筆移轉,00250206
RPTNMLKKMHKFFAI87CA,堀川段,8.00,都市：其他:,1,1,全筆移轉,00250345
RPTNMLKKMHKFFAI87CA,堀川段,7.00,都市：其他:,1,1,全筆移轉,00250346
RPTNMLNJMHKFFAI08CA,新富段八小段,9.17,都市：商,10000,60,持分移轉,00090000
RPTNMLNJMHKFFAI08CA,末廣段一小段,.28,都市：商,10000,60,持分移轉,00020003
RPXNMLMJMHKFFAI38CA,西門段五小段,80.00,都市：商,1,1,全筆移轉,00830000
RPSNMLRJMHKFFAI38CA,下埤段,128.66,都市：住,1,1,全筆移轉,08580000
RPTNMLRJMHKFFAI48CA,湖內段,241.00,都市：工,1,1,全筆移轉,13570002
RPPNMLSJMHKFFAI18CA,頂庄段,401.00,都市：農,1,1,全筆移轉,07260001
RPPNMLSJMHKFFAI18CA,頂庄段,3.85,都市：農,13,1,持分移轉,07260013
RPPNMLSJMHKFFAI18CA,頂庄段,80.00,都市：農,10000,747,持分移轉,07260014
RPPNMLSJMHKFFAI18CA,頂庄段,.77,都市：農,13,1,持分移轉,07260015
RPRNMLNLMHKFFAI08CA,短竹段,13.81,都市：住,50000,116,持分移轉,09120071
RPPOMLRJMHKFFAI18CA,劉厝段玉山小段,101.74,都市：住,1,1,全筆移轉,03500044
RPQOMLRJMHKFFAI28CA,下路頭段,52.00,都市：住,1,1,全筆移轉,02970073
RPQOMLRJMHKFFAI28CA,下路頭段,15.25,都市：住,8,2,持分移轉,02970123
RPROMLRJMHKFFAI38CA,後庄段,141.00,都市：住,1,1,全筆移轉,10450000
RPROMLRJMHKFFAI38CA,後庄段,33.15,都市：住,10000,2034,持分移轉,10450003
RPSOMLRJMHKFFAI48CA,中庄段,75.00,都市：住,1,1,全筆移轉,05940000
RPTOMLOKMHKFFAI58EA,竹圍子段三小段,25.31,都市：住,10000,361,持分移轉,00700000
RPWNMLPKMHKFFAI88EA,短竹段,14.64,都市：住,50000,123,持分移轉,09120071
RPVNMLNKMHKFFAI38CA,新富段六小段,7.31,都市：商,10000,76,持分移轉,00010000
RPVNMLNKMHKFFAI38CA,西門段六小段,2.18,都市：商,10000,76,持分移轉,00400004
RPROMLSKMHKFFAI58CA,頂庄段,128.00,都市：住,1,1,全筆移轉,03970000
RPPNMLKKMHKFFAI47CA,遠東段,104.00,都市：住,1,1,全筆移轉,00310059
RPQOMLSKMHKFFAI48CA,竹圍子段,23.89,都市：住,10000,283,持分移轉,02600001
RPWOMLLLMHKFFAI48CA,下路頭段,40.00,都市：住,100,40,持分移轉,01910037
RPWOMLLLMHKFFAI48CA,下路頭段,20.00,都市：住,100,20,持分移轉,01910037
RPWOMLLLMHKFFAI48CA,下路頭段,40.00,都市：住,100,40,持分移轉,01910037
RPVOMLLLMHKFFAI38CA,下路頭段,400.00,都市：住,100,40,持分移轉,08200059
RPVOMLLLMHKFFAI38CA,下路頭段,200.00,都市：住,100,20,持分移轉,08200059
RPVOMLLLMHKFFAI38CA,下路頭段,400.00,都市：住,100,40,持分移轉,08200059
RPUOMLLLMHKFFAI28CA,下路頭段,316.40,都市：住,100,40,持分移轉,08200004
RPUOMLLLMHKFFAI28CA,下路頭段,158.20,都市：住,100,20,持分移轉,08200004
RPUOMLLLMHKFFAI28CA,下路頭段,316.40,都市：住,100,40,持分移轉,08200004
RPUOMLLLMHKFFAI28CA,下路頭段,457.60,都市：住,100,40,持分移轉,08200138
RPUOMLLLMHKFFAI28CA,下路頭段,228.80,都市：住,100,20,持分移轉,08200138
RPUOMLLLMHKFFAI28CA,下路頭段,457.60,都市：住,100,40,持分移轉,08200138
RPXOMLLLMHKFFAI58CA,下路頭段,766.00,都市：其他:,1,1,全筆移轉,08200058
RPOPMLLLMHKFFAI77CA,下路頭段,143.00,都市：其他:,1,1,全筆移轉,08200153
RPWNMLTJMHKFFAI98CA,新厝段,3379.00,都市：農,1,1,全筆移轉,03580000
RPVNMLSJMHKFFAI78CA,港子坪段,16.34,都市：住,10000,113,持分移轉,02030005
RPWNMLSJMHKFFAI88CA,短竹段,6.55,都市：住,50000,55,持分移轉,09120071
RPUNMLKKMHKFFAI97CA,西門段七小段,84.00,都市：商,1,1,全筆移轉,00550016
RPUNMLKKMHKFFAI97CA,西門段七小段,1.20,都市：商,5,1,持分移轉,00550020
RPUNMLKKMHKFFAI97CA,西門段七小段,1.20,都市：商,5,1,持分移轉,00550021
RPUNMLKKMHKFFAI97CA,西門段七小段,1.20,都市：商,5,1,持分移轉,00550022
RPUNMLKKMHKFFAI97CA,西門段七小段,1.20,都市：商,5,1,持分移轉,00550023
RPUNMLKKMHKFFAI97CA,西門段七小段,3.00,都市：商,5,1,持分移轉,00550024
RPXNMLRJMHKFFAI88CA,下路頭段,36.48,都市：住,10000,299,持分移轉,02450209
RPTNMLPKMHKFFAI48DA,台斗坑段,20.00,都市：住,2551,20,持分移轉,03240007
RPXNMLRJMHKFFAI88CA,下路頭段,.35,都市：住,34,1,持分移轉,02450220
RPRNMLNKMHKFFAI97CA,竹圍子段,18.80,都市：住,10000,68,持分移轉,02450006
RPSOMLPLMHKFFAI48CA,北社尾段,12.36,都市：住,10000,69,持分移轉,04880000
RPROMLPLMHKFFAI38CA,下路頭段,4.89,都市：住,10000,9,持分移轉,00970000
RPPNMLTJMHKFFAI28CA,劉厝段玉山小段,182.16,都市：住,1,1,全筆移轉,01080012
RPRNMLTJMHKFFAI48CA,彌陀段日新小段,180.00,都市：其他:,1,1,全筆移轉,00430000
RPUNMLTJMHKFFAI78CA,下路頭段,71.00,都市：住,1,1,全筆移轉,05730150
RPXNMLSJMHKFFAI98CA,下路頭段,.20,都市：住,10,1,持分移轉,01010003
RPXNMLSJMHKFFAI98CA,下路頭段,15.99,都市：住,10000,521,持分移轉,01010024
RPXNMLSJMHKFFAI98CA,下路頭段,73.00,都市：住,1,1,全筆移轉,01010040
RPVNMLPKMHKFFAI78EA,玉川段,42.00,都市：住,1,1,全筆移轉,00170010
RPSNMLPJNHKFFAI38DA,下路頭段,242.00,都市：其他:,1,1,全筆移轉,05630004
RPSNMLPJNHKFFAI38DA,下路頭段,1.00,都市：其他:,1,1,全筆移轉,05630012
RPPOMLRKMHKFFAI38DA,竹圍子段二小段,23.35,都市：住,10000,143,持分移轉,02530000
RPQNMLNKMHKFFAI87CA,劉厝段玉山小段,357.63,都市：住,1,1,全筆移轉,01590000
RPTOMLPLMHKFFAI58CA,北社尾段,12.41,都市：住,10000,27,持分移轉,07120001
RPOOMLSJMHKFFAI18CA,劉厝段,40.00,都市：住,1,1,全筆移轉,00180021
RPOOMLLLMHKFFAI67CA,港子坪段港坪小段,19.32,都市：住,10000,250,持分移轉,00360000
RPPNMLSKMHKFFAI28CA,車店段車店小段,9.25,都市：住,18600,925,持分移轉,03890002
RPXNMLLLMHKFFAI48CA,下路頭段,52.00,都市：住,1,1,全筆移轉,01000047
RPRNMLPLMHKFFAI28CA,車店段車店小段,5.93,都市：住,10000,96,持分移轉,07290000
RPSNMLPLMHKFFAI38CA,下路頭段,62.00,都市：住,1,1,全筆移轉,01930035
RPTNMLMLMHKFFAI18CA,竹圍子段二小段,13.03,都市：住,5832,46,持分移轉,00130000
RPRNMLKKMHKFFAI67CA,後庄段,97.00,都市：住,1,1,全筆移轉,10640013
RPRNMLLKMHKFFAI77CA,竹圍子段二小段,14.38,都市：住,10000,183,持分移轉,01210000
RPSNMLLKMHKFFAI87CA,中山段三小段,32.72,都市：住,10000,438,持分移轉,00270000
RPPNMLNKMHKFFAI77CA,下路頭段,71.00,都市：住,1,1,全筆移轉,05700109
RPUNMLOKMHKFFAI38CA,下路頭段,74.00,都市：住,1,1,全筆移轉,05860143
RPUOMLPLMHKFFAI68CA,盧厝段,43.33,都市：住,100000,185,持分移轉,03020000
RPVOMLPLMHKFFAI78CA,盧厝段,25.24,都市：住,10000,132,持分移轉,02970057
RPPNMLRJNHKFFAI18CA,榮段二小段,40.75,都市：商,24,3,持分移轉,00560000
RPPNMLSLMHKFFAI38CA,下路頭段,15.01,都市：住,10000,489,持分移轉,01010024
RPPNMLSLMHKFFAI38CA,下路頭段,76.00,都市：住,1,1,全筆移轉,01010044
RPPNMLSLMHKFFAI38CA,下路頭段,.20,都市：住,10,1,持分移轉,01010056
RPTNMLPLMHKFFAI48CA,長竹段,82.00,都市：住,1,1,全筆移轉,07830000
RPWNMLOKMHKFFAI58CA,白川段,9.30,都市：住,10000,114,持分移轉,00890035
RPXOMLOKMHKFFAI78CA,下路頭段,44.00,都市：住,1,1,全筆移轉,02960125
RPXOMLOKMHKFFAI78CA,下路頭段,12.00,都市：住,1,1,全筆移轉,02960143
RPXOMLOKMHKFFAI78CA,下路頭段,7.00,都市：住,1,1,全筆移轉,02960144
RPSNMLNKMHKFFAI08CA,車店段車店小段,203.00,都市：住,1,1,全筆移轉,09850000
RPPOMLMLMHKFFAI87CA,太平段,14.48,都市：住,10000,18,持分移轉,00210000
RPTOMLKLMHKFFAI08CA,溪東段,161.80,都市：農,1,1,全筆移轉,00260001
RPRNMLLLMHKFFAI87CA,車店段車店小段,12.25,都市：住,10000,245,持分移轉,07170000
RPPNMLTKMHKFFAI38CA,大溪段,967.73,都市：農,1,1,全筆移轉,00640002
RPSNMLKKMHKFFAI97EA,太平段,185.00,都市：住,1,1,全筆移轉,00570007
RPSNMLKKMHKFFAI97EA,太平段,21.00,都市：其他:,1,1,全筆移轉,00570020
RPXNMLQKMHKFFAI88CA,下路頭段,.20,都市：住,10,1,持分移轉,01010003
RPXNMLQKMHKFFAI88CA,下路頭段,15.01,都市：住,10000,489,持分移轉,01010024
RPXNMLQKMHKFFAI88CA,下路頭段,74.00,都市：住,1,1,全筆移轉,01010039
RPUNMLNKMHKFFAI48EA,溪厝段,3656.79,都市：農,1,1,全筆移轉,03080000
RPUOMLOKMHKFFAI68EA,盧厝段,11.74,都市：住,10000,40,持分移轉,02490005
RPXNMLOKMHKFFAI88EA,北社尾段保安小段,132.00,都市：住,3,2,持分移轉,07810000
RPOOMLOKMHKFFAI08EA,北社尾段保安小段,86.00,都市：住,3,2,持分移轉,07800000
RPPOMLOKMHKFFAI18EA,北社尾段保安小段,98.67,都市：住,3,2,持分移轉,07820000
RPQNMLPKMHKFFAI28EA,車店段車店小段,7.06,都市：住,10000,84,持分移轉,06590001
RPSNMLQKMHKFFAI58EA,太平段,12.75,都市：住,1074,18,持分移轉,00170003
RPSNMLQKMHKFFAI58EA,盧厝段,5.25,都市：住,1074,18,持分移轉,09650000
RPTNMLRKMHKFFAI78EA,北社尾段保安小段,125.00,都市：住,1,1,全筆移轉,00730003
RPWNMLPJNHKFFAI68CA,新富段二小段,3.83,都市：住,12,1,持分移轉,00340000
RPQOMLPJNHKFFAI18CA,下路頭段,386.00,都市：住,1,1,全筆移轉,04730097
RPTNMLQKMHKFFAI68EA,盧東段,45.70,都市：其他:,1,1,全筆移轉,04830001
RPRNMLPKMHKFFAI38EA,劉厝段玉山小段,99.34,都市：住,1,1,全筆移轉,02350013
RPOOMLPKMHKFFAI18EA,埤子頭段新厝小段,77.00,都市：住,1,1,全筆移轉,03080002
RPQOMLOKMHKFFAI28EA,湖內段,6.85,都市：住,10000,54,持分移轉,03160000
RPVOMLOKMHKFFAI78EA,山下段,9.00,都市：住,1,1,全筆移轉,00280012
RPWOMLOKMHKFFAI88EA,盧厝段,65.00,都市：住,1,1,全筆移轉,06470020
RPWOMLOKMHKFFAI88EA,盧厝段,18.46,都市：住,24,1,持分移轉,06470031
RPRNMLOKMHKFFAI28EA,元段六小段,1.34,都市：商,9000,22,持分移轉,00400000
RPSNMLOKMHKFFAI38EA,軍輝段,24.37,都市：住,8480,105,持分移轉,01800000
RPQNMLSKMHKFFAI38CA,車店段車店小段,32.22,都市：住,100000,714,持分移轉,01220000
RPPPMLOKMHKFFAI08CA,竹圍子段一小段,27.03,都市：住,10000,177,持分移轉,00660000
RPQNMLQKMHKFFAI18CA,北社尾段保安小段,116.00,都市：住,1,1,全筆移轉,04020008
RPUNMLQKMHKFFAI58CA,後庄段,77.00,都市：商,1,1,全筆移轉,07740000
RPVNMLQKMHKFFAI68CA,頂庄段,4542.00,都市：農,1,1,全筆移轉,07270000
RPROMLSLMHKFFAI68CA,劉厝段玉山小段,91.20,都市：住,1,1,全筆移轉,01700003
RPUNMLPKMHKFFAI48CA,車店段車店小段,83.00,都市：住,1,1,全筆移轉,06440010
RPTOMLSKMHKFFAI78CA,車店段車店小段,7.06,都市：住,10000,84,持分移轉,06590001
RPXNMLKLMHKFFAI38CA,盧厝段,24.01,都市：住,10000,70,持分移轉,02600010
RPQOMLLLMHKFFAI87CA,白川段,60.00,都市：住,1,1,全筆移轉,00410022
RPUNMLPLMHKFFAI58CA,民族段四小段,6.29,都市：住,10000,216,持分移轉,00250000
RPPOMLPLMHKFFAI18CA,同興段,12.30,都市：住,10000,9,持分移轉,14350000
RPPOMLTLMHKFFAI58CA,白川段,48.63,都市：住,100000,1704,持分移轉,00330000
RPVNMLPLMHKFFAI68CA,白川段,48.63,都市：住,100000,1704,持分移轉,00330000
RPTOMLLLMHKFFAI18CA,盧東段,92.71,都市：住,10000,3590,持分移轉,02190001
RPTOMLLLMHKFFAI18CA,盧東段,65.89,都市：住,10000,3590,持分移轉,02190021
RPTOMLLLMHKFFAI18CA,盧東段,53.76,都市：住,10000,3590,持分移轉,02190022
RPTOMLLLMHKFFAI18CA,盧東段,53.76,都市：住,10000,3590,持分移轉,02190023
RPTOMLLLMHKFFAI18CA,盧東段,59.46,都市：住,10000,3590,持分移轉,02190024
RPTOMLLLMHKFFAI18CA,盧東段,175.00,都市：其他:,10000,3590,持分移轉,02200002
RPTOMLLLMHKFFAI18CA,盧東段,.50,都市：其他:,10000,3590,持分移轉,02200003
RPTOMLLLMHKFFAI18CA,盧東段,20.57,都市：其他:,10000,3590,持分移轉,02200004
RPTOMLLLMHKFFAI18CA,盧東段,32.16,都市：其他:,10000,3590,持分移轉,02200005
RPTOMLLLMHKFFAI18CA,盧東段,48.01,都市：其他:,10000,3590,持分移轉,02200006
RPTOMLLLMHKFFAI18CA,盧東段,.18,都市：其他:,10000,3590,持分移轉,02200007
RPTOMLLLMHKFFAI18CA,盧東段,49.54,都市：住,10000,3590,持分移轉,02960000
RPTOMLLLMHKFFAI18CA,盧東段,.04,都市：住,10000,3590,持分移轉,02960001
RPTOMLLLMHKFFAI18CA,盧東段,47.36,都市：住,10000,3590,持分移轉,02960002
RPTOMLLLMHKFFAI18CA,盧東段,47.24,都市：住,10000,3590,持分移轉,02960003
RPTOMLLLMHKFFAI18CA,盧東段,47.12,都市：住,10000,3590,持分移轉,02960004
RPTOMLLLMHKFFAI18CA,盧東段,47.00,都市：住,10000,3590,持分移轉,02960005
RPTOMLLLMHKFFAI18CA,盧東段,46.88,都市：住,10000,3590,持分移轉,02960006
RPTOMLLLMHKFFAI18CA,盧東段,46.76,都市：住,10000,3590,持分移轉,02960007
RPTOMLLLMHKFFAI18CA,盧東段,48.35,都市：住,10000,3590,持分移轉,02960008
RPTOMLLLMHKFFAI18CA,盧東段,50.11,都市：住,10000,3590,持分移轉,02960009
RPTOMLLLMHKFFAI18CA,盧東段,50.35,都市：住,10000,3590,持分移轉,02960010
RPTOMLLLMHKFFAI18CA,盧東段,52.54,都市：住,10000,3590,持分移轉,02960011
RPTOMLLLMHKFFAI18CA,盧東段,73.23,都市：住,10000,3590,持分移轉,02960012
RPTOMLLLMHKFFAI18CA,盧東段,104.42,都市：住,10000,3590,持分移轉,02960013
RPTOMLLLMHKFFAI18CA,盧東段,81.87,都市：住,10000,3590,持分移轉,02960014
RPTOMLLLMHKFFAI18CA,盧東段,63.84,都市：住,10000,3590,持分移轉,02960015
RPTOMLLLMHKFFAI18CA,盧東段,60.84,都市：住,10000,3590,持分移轉,02960016
RPTOMLLLMHKFFAI18CA,盧東段,52.51,都市：住,10000,3590,持分移轉,02960017
RPTOMLLLMHKFFAI18CA,盧東段,80.10,都市：住,10000,3590,持分移轉,02960018
RPTOMLLLMHKFFAI18CA,盧東段,47.41,都市：住,10000,3590,持分移轉,02960019
RPTOMLLLMHKFFAI18CA,盧東段,75.45,都市：住,10000,3590,持分移轉,03060000
RPPOMLPKMHKFFAI08CA,下路頭段,.01,都市：住,10000,52,持分移轉,05900006
RPPOMLPKMHKFFAI08CA,下路頭段,45.55,都市：其他:部份道路用地及部份住宅區,10000,52,持分移轉,05910002
RPQOMLPKMHKFFAI18CA,西門段四小段,6.09,都市：住,10000,61,持分移轉,00800000
RPTOMLPKMHKFFAI48CA,下路頭段,348.00,都市：其他:公共設施保留地,1,1,全筆移轉,02100019
RPRNMLQKMHKFFAI28CA,中庄段,42.46,都市：住,70,1,持分移轉,07120000
RPPNMLQKMHKFFAI08CA,後庄段,102.00,都市：住,1,1,全筆移轉,05680000
RPRNMLSKMHKFFAI48CA,同興段,89.00,都市：住,1,1,全筆移轉,11520003
RPRNMLSKMHKFFAI48CA,同興段,4.51,都市：住,10000,329,持分移轉,11520009
RPSNMLSKMHKFFAI58CA,同興段,80.00,都市：住,1,1,全筆移轉,11520002
RPSNMLSKMHKFFAI58CA,同興段,4.56,都市：住,10000,333,持分移轉,11520009
RPTNMLSKMHKFFAI68CA,同興段,81.00,都市：住,1,1,全筆移轉,11520001
RPTNMLSKMHKFFAI68CA,同興段,1.00,都市：住,1,1,全筆移轉,11530001
RPTNMLSKMHKFFAI68CA,同興段,4.56,都市：住,10000,333,持分移轉,11520009
RPUNMLSKMHKFFAI78CA,同興段,100.00,都市：住,1,1,全筆移轉,11520000
RPUNMLSKMHKFFAI78CA,同興段,1.00,都市：住,1,1,全筆移轉,11530000
RPUNMLSKMHKFFAI78CA,同興段,.46,都市：住,100000,335,持分移轉,11520009
RPVNMLSKMHKFFAI88CA,同興段,82.00,都市：住,1,1,全筆移轉,11520010
RPVNMLSKMHKFFAI88CA,同興段,27.40,都市：住,10000,2000,持分移轉,11520009
RPWNMLSKMHKFFAI98CA,同興段,75.00,都市：住,1,1,全筆移轉,11520005
RPWNMLSKMHKFFAI98CA,同興段,27.40,都市：住,10000,2000,持分移轉,11520009
RPXNMLSKMHKFFAI09CA,同興段,77.00,都市：住,1,1,全筆移轉,11520004
RPXNMLSKMHKFFAI09CA,同興段,27.40,都市：住,10000,2000,持分移轉,11520009
RPOOMLSKMHKFFAI28CA,同興段,173.00,都市：住,1,1,全筆移轉,11520014
RPSOMLSKMHKFFAI68CA,下路頭段,64.00,都市：住,1,1,全筆移轉,03270110
RPXNMLRKMHKFFAI98CA,竹圍子段,15.45,都市：住,40,1,持分移轉,02350050
RPXNMLRKMHKFFAI98CA,竹圍子段,106.00,都市：住,1,1,全筆移轉,02350065
RPXNMLRKMHKFFAI98CA,竹圍子段,18.28,都市：住,40,1,持分移轉,02350086
RPPNMLPJNHKFFAI97CA,下路頭段,4.89,都市：住,10000,9,持分移轉,00970000
RPTNMLPJNHKFFAI38CA,元段二小段,2.10,都市：商,10000,118,持分移轉,00850001
RPTNMLPJNHKFFAI38CA,元段二小段,.55,都市：商,1000000,7680,持分移轉,01170000
RPTNMLPJNHKFFAI38CA,元段二小段,1.03,都市：商,1000000,7680,持分移轉,01170001
RPTNMLPJNHKFFAI38CA,元段二小段,1.95,都市：商,10000,118,持分移轉,01270000
RPPNMLRKMHKFFAI38EA,車店段,23.00,都市：住,1,1,全筆移轉,01760068
RPSOMLPKMHKFFAI58EA,短竹段,234.00,都市：其他:,1,1,全筆移轉,11590000
RPQNMLRKMHKFFAI48EA,車店段,115.00,都市：住,1,1,全筆移轉,01710081
RPRNMLRKMHKFFAI58EA,盧厝段,1801.00,都市：農,1,1,全筆移轉,01950000
RPSNMLRKMHKFFAI68EA,盧厝段,2199.00,都市：農,1,1,全筆移轉,01950004
RPOOMLKLMHKFFAI67DA,埤子頭段,104.00,都市：住,1,1,全筆移轉,02960016
RPOOMLRKMHKFFAI18CA,下路頭段,8.25,都市：住,36,3,持分移轉,07300005
RPWNMLRKMHKFFAI88CA,同興段,15.03,都市：住,10000,11,持分移轉,14350000
RPSNMLLLMHKFFAI97CA,同興段,3030.00,都市：農,1,1,全筆移轉,02030000
RPSNMLLLMHKFFAI97CA,同興段,4.28,都市：住,68,1,持分移轉,02060004
RPSNMLLLMHKFFAI97CA,同興段,4.72,都市：住,68,1,持分移轉,03950013
RPXNMLPLMHKFFAI88CA,長竹段,135.00,都市：住,1,1,全筆移轉,05090000
RPXNMLPLMHKFFAI88CA,長竹段,28.00,都市：農,1,1,全筆移轉,05090002
RPOOMLPLMHKFFAI08CA,車店段,4.06,都市：住,10000,85,持分移轉,01430008
RPOOMLPLMHKFFAI08CA,白川段,2.87,都市：住,10000,85,持分移轉,00920000
RPWOMLPLMHKFFAI88CA,民族段四小段,6.63,都市：住,10000,228,持分移轉,00250000
RPOPMLPJNHKFFAI08CA,長竹段,31.50,都市：住,2,1,持分移轉,03150000
RPOPMLPJNHKFFAI08CA,長竹段,151.00,都市：住,1,1,全筆移轉,03150003
RPSOMLOJNHKFFAI28CA,盧厝段,43.95,都市：住,10000,2007,持分移轉,06610035
RPWNMLSLMHKFFAI09CA,台斗坑段,30.15,都市：住,10000,154,持分移轉,03270008
RPPOMLSLMHKFFAI48CA,盧厝段,11.15,都市：住,10000,38,持分移轉,02490005
RPVNMLSJNHKFFAI88CA,下路頭段,19.00,都市：住,10000,619,持分移轉,01010024
RPVNMLSJNHKFFAI88CA,下路頭段,.20,都市：住,10,1,持分移轉,01010056
RPVNMLSJNHKFFAI88CA,下路頭段,78.00,都市：住,1,1,全筆移轉,01010057
RPUNMLSJNHKFFAI78CA,下路頭段,.20,都市：住,10,1,持分移轉,01010003
RPUNMLSJNHKFFAI78CA,下路頭段,15.99,都市：住,10000,521,持分移轉,01010024
RPUNMLSJNHKFFAI78CA,下路頭段,84.00,都市：住,1,1,全筆移轉,01010051
RPQOMLSLMHKFFAI58CA,港子坪段,16.34,都市：住,10000,113,持分移轉,02030005
RPSOMLPJNHKFFAI38CA,育人段,693.64,都市：住,1,1,全筆移轉,03430000
RPUOMLLJNHKFFAI38EA,下路頭段,5.13,都市：住,10000,40,持分移轉,01810009
RPUOMLLJNHKFFAI38EA,下路頭段,.00,都市：住,10000,40,持分移轉,01810024
RPTOMLLJNHKFFAI28EA,南門段二小段,3.89,都市：商,10000,229,持分移轉,00600000
RPRNMLSLMHKFFAI58CA,下路頭段,176.00,都市：住,1,1,全筆移轉,01010016
RPQOMLPLMHKFFAI28CA,竹圍子段二小段,3.58,都市：住,10000,199,持分移轉,00520000
RPXOMLPLMHKFFAI98CA,竹圍子段二小段,10.61,都市：住,10000,65,持分移轉,00260000
RPQOMLLKNHKFFAI87CA,車店段,34.51,都市：住,100000,293,持分移轉,00620000
RPQOMLLKNHKFFAI87CA,白川段,3.27,都市：住,100000,293,持分移轉,00270000
RPROMLLKNHKFFAI97CA,下路頭段,85.00,都市：住,1,1,全筆移轉,04290080
RPPOMLLKNHKFFAI77CA,車店段車店小段,32.22,都市：住,100000,714,持分移轉,01220000
RPPOMLKLMHKFFAI67CA,北湖段,95.00,都市：住,1,1,全筆移轉,05620017
RPWNMLLKNHKFFAI38CA,北社尾段,83.00,都市：住,1,1,全筆移轉,07120117
RPSOMLSLMHKFFAI78CA,下路頭段,14.25,都市：住,10000,86,持分移轉,07670000
RPPNMLKLMHKFFAI77EA,盧厝段,104.00,都市：住,123,104,持分移轉,02580183
RPQNMLKLMHKFFAI87EA,盧厝段,265.00,都市：住,1,1,全筆移轉,02580187
RPRNMLKLMHKFFAI97EA,盧厝段,270.00,都市：住,1,1,全筆移轉,02580186
RPSNMLKLMHKFFAI08EA,盧厝段,265.00,都市：住,1,1,全筆移轉,02580185
RPTNMLKLMHKFFAI18EA,盧厝段,443.00,都市：住,1,1,全筆移轉,02580184
RPUNMLKLMHKFFAI28EA,盧厝段,123.00,都市：住,1,1,全筆移轉,02580104
RPWOMLLJNHKFFAI38CA,車店段,34.51,都市：住,100000,293,持分移轉,00620000
RPWOMLLJNHKFFAI38CA,白川段,3.27,都市：住,100000,293,持分移轉,00270000
RPQNMLLLMHKFFAI97EA,興村段,65.00,都市：住,1,1,全筆移轉,04680000
RPPNMLMLMHKFFAI77CA,下路頭段,10.33,都市：住,10000,19,持分移轉,00970000
RPQNMLMLMHKFFAI87CA,北社尾段,66.00,都市：住,1,1,全筆移轉,06570018
RPRNMLMLMHKFFAI97CA,下路頭段,42.00,都市：其他:,1,1,全筆移轉,08370010
RPRNMLMLMHKFFAI97CA,下路頭段,16.00,都市：住,1,1,全筆移轉,08370043
RPROMLSJNHKFFAI58CA,劉厝段劉厝小段,136.00,都市：農,600,136,持分移轉,00980014
RPROMLSJNHKFFAI58CA,劉厝段劉厝小段,966.00,都市：農,1,1,全筆移轉,00980016
RPQNMLTLMHKFFAI78EA,竹圍子段一小段,92.38,都市：住,1000,125,持分移轉,01610000
RPVNMLTLMHKFFAI66EA,玉川段,1.88,都市：住,8,1,持分移轉,00840005
RPVNMLTLMHKFFAI66EA,玉川段,6.62,都市：住,8,1,持分移轉,00840018
RPVNMLTLMHKFFAI66EA,玉川段,39.00,都市：住,1,1,全筆移轉,00840009
RPQPMLPJNHKFFAI28CA,台斗坑段,21.16,都市：住,10000,37,持分移轉,03240003
RPWNMLSKNHKFFAI09CA,短竹段,578.00,都市：其他:,1,1,全筆移轉,04080000
RPQNMLTJNHKFFAI48CA,下路頭段,.20,都市：住,10,1,持分移轉,01010003
RPQNMLTJNHKFFAI48CA,下路頭段,15.01,都市：住,10000,489,持分移轉,01010024
RPQNMLTJNHKFFAI48CA,下路頭段,81.00,都市：住,1,1,全筆移轉,01010052
RPROMLTLMHKFFAI78CA,下路頭段,99.13,都市：住,1,1,全筆移轉,07780022
RPSNMLQLMHKFFAI48CA,下路頭段,22.00,都市：住,10000,1170,持分移轉,01010022
RPSNMLQLMHKFFAI48CA,下路頭段,.08,都市：住,12,1,持分移轉,01010031
RPSNMLQLMHKFFAI48CA,下路頭段,64.00,都市：住,1,1,全筆移轉,01010033
RPPNMLRLMHKFFAI28CA,太平段,18.50,都市：住,10000,23,持分移轉,00210000
RPPNMLRLMHKFFAI28CA,太平段,.08,都市：住,100000,1,持分移轉,00210000
RPPNMLQLMHKFFAI18CA,盧厝段,20.09,都市：住,10000,37,持分移轉,02600004
RPSNMLNLMHKFFAI38EA,台斗坑段,47.00,都市：住,1,1,全筆移轉,04320006
RPXNMLRLMHKFFAI66EA,竹圍子段二小段,9.56,都市：住,10000,23,持分移轉,01120000
RPTNMLOLMHKFFAI38CA,短竹段,.31,都市：住,100000,505,持分移轉,16680000
RPTNMLOLMHKFFAI38CA,短竹段,4.94,都市：住,100000,505,持分移轉,16690000
RPRNMLOLMHKFFAI18CA,短竹段,.31,都市：住,100000,505,持分移轉,16680000
RPRNMLOLMHKFFAI18CA,短竹段,4.94,都市：住,100000,505,持分移轉,16690000
RPUOMLSLMHKFFAI98CA,竹圍子段二小段,32.50,都市：住,10000,106,持分移轉,01140000
RPQNMLNLPHKFFAI28CA,下路頭段,11.00,都市：其他:,342,11,持分移轉,01010002
RPQNMLNLPHKFFAI28CA,下路頭段,93.00,都市：住,1,1,全筆移轉,01010030
RPPPMLPJNHKFFAI18CA,埤子頭段,66.00,都市：住,1,1,全筆移轉,01590051
RPPNMLNJNHKFFAI77CA,下路頭段,194.00,都市：住,1,1,全筆移轉,01440000
RPPNMLNJNHKFFAI77CA,下路頭段,67.00,都市：其他:道路用地,1,1,全筆移轉,01440007
RPPNMLNJNHKFFAI77CA,下路頭段,67.00,都市：住,1,1,全筆移轉,01440008
RPQNMLKKNHKFFAI67CA,竹圍子段二小段,21.29,都市：商,10000,234,持分移轉,00140000
RPRNMLMKNHKFFAI97CA,劉厝段玉山小段,108.06,都市：住,1,1,全筆移轉,02840008
RPUNMLMLMHKFFAI28CA,港子坪段港坪小段,125.00,都市：住,1,1,全筆移轉,02460003
RPPNMLMLMHKFFAI97EA,竹圍子段二小段,93.00,都市：住,1,1,全筆移轉,01870009
RPPNMLNLMHKFFAI08EA,埤子頭段,12.00,都市：住,1,1,全筆移轉,01570030
RPQOMLRLMHKFFAI68EA,下路頭段,22.70,都市：住,10000,137,持分移轉,07670000
RPTNMLRLMHKFFAI88EA,短竹段,3.39,都市：住,20000,33,持分移轉,09120070
RPOOMLOJNHKFFAI08EA,東川段,93.00,都市：住,2,1,持分移轉,05590000
RPOOMLOJNHKFFAI08EA,東川段,32.00,都市：其他:,2,1,持分移轉,05630000
RPXNMLOJNHKFFAI88EA,東川段,93.00,都市：住,2,1,持分移轉,05590000
RPXNMLOJNHKFFAI88EA,東川段,32.00,都市：其他:,2,1,持分移轉,05630000
RPQNMLRLMHKFFAI48DA,車店段車店小段,83.00,都市：住,1,1,全筆移轉,07350000
RPQNMLRLMHKFFAI48DA,車店段車店小段,85.00,都市：住,1,1,全筆移轉,07360000
RPXNMLLKNHKFFAI48CA,北湖段,1860.00,都市：農,1,1,全筆移轉,07140001
RPXOMLPJNHKFFAI88CA,下路頭段,24.28,都市：住,10000,168,持分移轉,01380021
RPXNMLSKNHKFFAI56CA,劉厝段玉山小段,7.33,都市：住,6,1,持分移轉,00310000
RPXNMLSKNHKFFAI56CA,劉厝段玉山小段,141.96,都市：住,1,1,全筆移轉,00310006
RPRNMLNJNHKFFAI97CA,大溪厝段,10.70,都市：住,10000,939,持分移轉,00010159
RPRNMLNJNHKFFAI97CA,大溪厝段,62.00,都市：住,1,1,全筆移轉,00010160
RPPNMLLJNHKFFAI57CA,北社尾段,92.00,都市：住,1,1,全筆移轉,04630004
RPQNMLLJNHKFFAI67CA,北社尾段,114.00,都市：住,1,1,全筆移轉,04660045
RPRNMLLJNHKFFAI77CA,太平段,18.50,都市：住,10000,23,持分移轉,00210000
RPXNMLPJNHKFFAI78CA,西門段五小段,50.00,都市：其他:,1,1,全筆移轉,00760003
RPWNMLNKNHKFFAI58CA,北湖段,3731.00,都市：農,1,1,全筆移轉,09150000
RPROMLOJNHKFFAI18CA,大溪段,10043.16,都市：農,1,1,全筆移轉,05130000
RPVNMLNKNHKFFAI48CA,新富段六小段,72.14,都市：商,7,5,持分移轉,00310003
RPVNMLNKNHKFFAI48CA,新富段六小段,76.76,都市：商,21,13,持分移轉,00310020
RPVNMLNKNHKFFAI48CA,新富段六小段,.62,都市：商,21,13,持分移轉,00310004
RPVNMLNKNHKFFAI48CA,新富段六小段,.62,都市：商,21,13,持分移轉,00310021
RPVNMLNKNHKFFAI48CA,新富段六小段,1.00,都市：商,1,1,全筆移轉,00310022
RPVNMLNKNHKFFAI48CA,新富段六小段,1.00,都市：商,1,1,全筆移轉,00310023
RPSNMLLJNHKFFAI87CA,北園段,1407.50,都市：農,6,5,持分移轉,03980000
RPSNMLLJNHKFFAI87CA,北園段,24.17,都市：農,6,5,持分移轉,03980001
RPSNMLLJNHKFFAI87CA,北園段,131.67,都市：農,6,5,持分移轉,03990000
RPVNMLLJNHKFFAI18CA,西門段一小段,5.17,都市：商,10000,112,持分移轉,00860001
RPVNMLLJNHKFFAI18CA,西門段一小段,1.57,都市：商,10000,112,持分移轉,00870001
RPQNMLQLMHKFFAI28CA,竹圍子段,22.58,都市：住,10000,163,持分移轉,03100000
RPQNMLPLMHKFFAI18CA,竹圍子段,48.85,都市：商,10000,981,持分移轉,01390010
RPUNMLNLMHKFFAI38CA,竹圍子段友愛小段,23.00,都市：住,30,1,持分移轉,01870000
RPSNMLSLMHKFFAI68CA,下路頭段,177.00,都市：住,1,1,全筆移轉,01010017
RPRNMLQLMHKFFAI38CA,民族段四小段,66.00,都市：住,1,1,全筆移轉,00040005
RPRNMLQLMHKFFAI38CA,民族段四小段,1.00,都市：住,1,1,全筆移轉,00040011
RPUNMLRLMHKFFAI78CA,榮段四小段,43.00,都市：商,1,1,全筆移轉,00640028
RPVNMLRLMHKFFAI88CA,新富段八小段,20.00,都市：商,2,1,持分移轉,00070030
RPVNMLRLMHKFFAI88CA,新富段八小段,20.00,都市：商,2,1,持分移轉,00070030
RPVNMLRLMHKFFAI88CA,新富段八小段,8.50,都市：商,2,1,持分移轉,00070031
RPVNMLRLMHKFFAI88CA,新富段八小段,8.50,都市：商,2,1,持分移轉,00070031
RPVNMLRLMHKFFAI88CA,新富段八小段,28.00,都市：商,2,1,持分移轉,00070033
RPVNMLRLMHKFFAI88CA,新富段八小段,28.00,都市：商,2,1,持分移轉,00070033
RPWNMLRLMHKFFAI98CA,長竹段,85.00,都市：住,1,1,全筆移轉,01350012
RPVNMLRLMHKFFAI88CA,新富段八小段,8.00,都市：商,2,1,持分移轉,00090013
RPVNMLRLMHKFFAI88CA,新富段八小段,8.00,都市：商,2,1,持分移轉,00090013
RPQNMLOLMHKFFAI08CA,竹村段,3523.35,都市：農,1,1,全筆移轉,10700000
RPSNMLOLMHKFFAI28CA,竹村段,4057.47,都市：農,1,1,全筆移轉,10770001
RPRPMLPJNHKFFAI38CA,港子坪段港坪小段,130.00,都市：住,1,1,全筆移轉,01380003
RPSPMLPJNHKFFAI48CA,港子坪段港坪小段,21.42,都市：住,1000,20,持分移轉,01750000
RPUNMLNKNHKFFAI38CA,短竹段,17.00,都市：住,1,1,全筆移轉,14520002
RPUNMLNKNHKFFAI38CA,短竹段,119.00,都市：住,1,1,全筆移轉,14520015
RPUNMLNKNHKFFAI38CA,短竹段,46.00,都市：住,1,1,全筆移轉,14520005
RPUNMLNKNHKFFAI38CA,短竹段,215.00,都市：住,1,1,全筆移轉,14520016
RPPNMLOLMHKFFAI18EA,竹圍子段,39.00,都市：住,2,1,持分移轉,02130012
RPPNMLOLMHKFFAI18EA,竹圍子段,44.00,都市：住,2,1,持分移轉,02130070
RPWNMLMKNHKFFAI48CA,北園段,108.00,都市：住,1,1,全筆移轉,10860000
RPPNMLRKNHKFFAI28CA,港子坪段港坪小段,426.00,都市：住,1,1,全筆移轉,01350002
RPTOMLLLNHKFFAI28CA,埤子頭段,62.00,都市：住,1,1,全筆移轉,01580028
RPWOMLPJNHKFFAI78CA,竹圍子段二小段,3.91,都市：商,10000,217,持分移轉,00520000
RPWNMLSJNHKFFAI98CA,下路頭段,10.99,都市：住,10000,358,持分移轉,01010024
RPWNMLSJNHKFFAI98CA,下路頭段,.20,都市：住,10,1,持分移轉,01010056
RPWNMLSJNHKFFAI98CA,下路頭段,73.00,都市：住,1,1,全筆移轉,01010058
RPPOMLMLNHKFFAI18EA,竹圍子段,4.84,都市：住,2400,75,持分移轉,01170002
RPSOMLMLNHKFFAI28CA,竹圍子段一小段,78.00,都市：住,1,1,全筆移轉,00090001
RPUNMLLJNHKFFAI08CA,中山段六小段,17.26,都市：住,10000,365,持分移轉,00600000
RPXNMLLJNHKFFAI38CA,短竹段,16.46,都市：商,10000,155,持分移轉,03890000
RPQNMLMJNHKFFAI77CA,北社尾段保安小段,71.00,都市：住,1,1,全筆移轉,00130001
RPPNMLTLMHKFFAI48CA,中山段七小段,67.00,都市：商,1,1,全筆移轉,00950000
RPQNMLTLMHKFFAI58CA,竹圍子段中興小段,10.80,都市：商,10000,82,持分移轉,00350000
RPRNMLTLMHKFFAI68CA,竹圍子段三小段,16.73,都市：住,10000,82,持分移轉,00980000
RPSNMLTLMHKFFAI78CA,港子坪段港坪小段,7.70,都市：商,9990,77,持分移轉,02270000
RPSOMLTLMHKFFAI88CA,興村段興村小段,165.72,都市：住,1,1,全筆移轉,00020080
RPSOMLTLMHKFFAI88CA,興村段興村小段,70.75,都市：住,1,1,全筆移轉,00020088
RPSOMLTLMHKFFAI88CA,興村段興村小段,.23,都市：住,51,1,持分移轉,00020037
RPSOMLTLMHKFFAI88CA,興村段興村小段,3.63,都市：住,15,1,持分移轉,00020062
RPSOMLTLMHKFFAI88CA,興村段興村小段,6.68,都市：住,510000,10019,持分移轉,00020076
RPSOMLTLMHKFFAI88CA,興村段,22.00,都市：其他:河川區,1,1,全筆移轉,01210013
RPSOMLTLMHKFFAI88CA,興村段,.59,都市：其他:保護區,51,1,持分移轉,01220012
RPSOMLTLMHKFFAI88CA,興村段,6.00,都市：其他:保護區,1,1,全筆移轉,01220029
RPSNMLKMMHKFFAI97CA,長竹段,13.00,都市：住,1,1,全筆移轉,03190000
RPSNMLKMMHKFFAI97CA,長竹段,60.00,都市：住,1,1,全筆移轉,03200000
RPWNMLOLMHKFFAI68CA,盧東段,172.35,都市：農,1,1,全筆移轉,07810000
RPWNMLOLMHKFFAI68CA,盧東段,30.22,都市：農,24000,285,持分移轉,07960000
RPPNMLPLMHKFFAI08CA,湖內段,.59,都市：住,17,1,持分移轉,09150000
RPPNMLPLMHKFFAI08CA,湖內段,57.00,都市：住,1,1,全筆移轉,09150005
RPPNMLPLMHKFFAI08CA,湖內段,19.94,都市：住,16,1,持分移轉,09150011
RPTNMLSLMHKFFAI98EA,埤子頭段,5.00,都市：住,1,1,全筆移轉,03410097
RPOOMLRLMHKFFAI28CA,短竹段,3.59,都市：住,20000,35,持分移轉,09120070
RPQNMLSLMHKFFAI48CA,短竹段,3.59,都市：住,20000,35,持分移轉,09120070
RPXNMLSLMHKFFAI56CA,民族段四小段,6.29,都市：住,10000,216,持分移轉,00250000
RPOOMLSLMHKFFAI38CA,竹村段,28.07,都市：住,10000,129,持分移轉,04770000
RPQOMLTLMHKFFAI68CA,下路頭段,104.00,都市：住,1,1,全筆移轉,00990050
RPTOMLTLMHKFFAI98CA,劉厝段玉山小段,458.30,都市：住,1,1,全筆移轉,01050002
RPTOMLSLMHKFFAI88CA,育人段,1.42,都市：住,12,1,持分移轉,00740000
RPTOMLSLMHKFFAI88CA,育人段,1.42,都市：住,12,1,持分移轉,00740000
RPRNMLMJNHKFFAI87CA,港子坪段港坪小段,5.70,都市：住,9990,57,持分移轉,02270000
RPTOMLSLMHKFFAI88CA,育人段,32.07,都市：住,2,1,持分移轉,00740017
RPTOMLSLMHKFFAI88CA,育人段,32.07,都市：住,2,1,持分移轉,00740017
RPTOMLSLMHKFFAI88CA,育人段,10.10,都市：農,200,16,持分移轉,00750000
RPTOMLSLMHKFFAI88CA,育人段,10.10,都市：農,200,16,持分移轉,00750000
RPTOMLSLMHKFFAI88CA,育人段,13.84,都市：農,2,1,持分移轉,00750013
RPTOMLSLMHKFFAI88CA,育人段,13.84,都市：農,2,1,持分移轉,00750013
RPTNMLLJNHKFFAI97CA,竹圍子段二小段,103.00,都市：住,1,1,全筆移轉,02670000
RPQNMLKMMHKFFAI77CA,盧厝段,117.00,都市：住,1,1,全筆移轉,02460041
RPOOMLKMMHKFFAI67CA,竹村段,143.80,都市：住,1,1,全筆移轉,05230000
RPPNMLTKNHKFFAI48CA,遠東段,6.53,都市：其他:空白,10000,7,持分移轉,00680007
RPQNMLTKNHKFFAI58CA,中山段七小段,2.28,都市：住,20000,183,持分移轉,00830000
RPQNMLTKNHKFFAI58CA,中山段七小段,2.28,都市：住,20000,183,持分移轉,00830000
RPQNMLQJNHKFFAI18CA,竹圍子段二小段,13.77,都市：住,10000,170,持分移轉,02520000
RPUNMLLKNHKFFAI18CA,港子坪段港坪小段,133.00,都市：住,1,1,全筆移轉,02620005
RPUNMLLKNHKFFAI18CA,港子坪段港坪小段,128.00,都市：住,1,1,全筆移轉,02620006
RPQOMLOJNHKFFAI08CA,白川段,7.67,都市：住,10000,94,持分移轉,00890035
RPOOMLTLMHKFFAI68EA,短竹段,99.00,都市：住,1,1,全筆移轉,15610010
RPWNMLKMMHKFFAI58EA,新富段一小段,.48,都市：商,5950,137,持分移轉,00080000
RPWNMLKMMHKFFAI58EA,南門段七小段,13.22,都市：商,5950,137,持分移轉,00100000
RPQNMLOJNHKFFAI97CA,下路頭段,.20,都市：住,10,1,持分移轉,01010003
RPQNMLOJNHKFFAI97CA,下路頭段,15.99,都市：住,10000,521,持分移轉,01010024
RPQNMLOJNHKFFAI97CA,下路頭段,82.00,都市：住,1,1,全筆移轉,01010042
RPPNMLOJNHKFFAI87CA,台斗坑段,13.33,都市：住,10000,117,持分移轉,01340016
RPSNMLPKNHKFFAI58EA,檜段二小段,103.00,都市：住,1,1,全筆移轉,00030027
RPQOMLLJNHKFFAI77CA,白川段,16.91,都市：住,618613,5691,持分移轉,00860001
RPVOMLLJNHKFFAI28CA,下路頭段,17.40,都市：住,10000,32,持分移轉,00970000
RPPNMLTLMHKFFAI68EA,元段六小段,1.34,都市：商,9000,22,持分移轉,00400000
RPSOMLLJNHKFFAI97CA,新富段七小段,6.76,都市：住,26732,535,持分移轉,00320000
RPROMLLJNHKFFAI87CA,白川段,16.72,都市：住,618613,5629,持分移轉,00860001
RPVNMLSLMHKFFAI56EA,興村段,12.30,都市：住,17750,123,持分移轉,01490001
RPWOMLSJNHKFFAI09CA,下路頭段,9.79,都市：住,10000,18,持分移轉,00970000
RPOOMLPJNHKFFAI97CA,劉厝段劉厝小段,21.71,都市：住,10000,224,持分移轉,03160004
RPSNMLRJNHKFFAI48CA,車店段,66.00,都市：住,1,1,全筆移轉,04040091
RPSNMLRJNHKFFAI48CA,車店段,7.00,都市：住,1,1,全筆移轉,04040177
RPPNMLKLNHKFFAI67CA,港子坪段港坪小段,31.33,都市：住,12,1,持分移轉,00290000
RPWNMLOJNHKFFAI58CA,下路頭段,143.00,都市：住,1,1,全筆移轉,02770016
RPSNMLOJNHKFFAI18CA,竹圍子段,244.00,都市：商,1,1,全筆移轉,02710023
RPUNMLTLMHKFFAI98CA,下路頭段,60.00,都市：住,1,1,全筆移轉,01930067
RPUOMLTLMHKFFAI09CA,車店段車店小段,83.00,都市：住,1,1,全筆移轉,08560004
RPTNMLPLNHKFFAI58CA,後庄段,104.00,都市：住,1,1,全筆移轉,09100012
RPPOMLLJNHKFFAI67CA,盧厝段,1.00,都市：住,1,1,全筆移轉,03080011
RPPOMLLJNHKFFAI67CA,盧厝段,138.00,都市：住,1,1,全筆移轉,03080028
RPUNMLOJNHKFFAI38CA,中山段三小段,.14,都市：住,10000,62,持分移轉,00210006
RPUNMLOJNHKFFAI38CA,中山段三小段,22.18,都市：住,10000,62,持分移轉,00250000
RPTOMLSJNHKFFAI78CA,盧東段,24.57,都市：農,10,1,持分移轉,04880001
RPTOMLSJNHKFFAI78CA,盧東段,136.55,都市：農,1,1,全筆移轉,04880003
RPTOMLSJNHKFFAI78CA,盧東段,2.89,都市：農,10,1,持分移轉,04880007
RPXNMLKMMHKFFAI48CA,大溪段,447.99,都市：農,1,1,全筆移轉,00960000
RPXNMLKMMHKFFAI48CA,鳥岫段,354.25,都市：農,1,1,全筆移轉,07240000
RPWNMLMLNHKFFAI58CA,下路頭段,65.00,都市：住,1,1,全筆移轉,02510021
RPQOMLSKNHKFFAI58CA,竹圍子段,3.39,都市：商,10000,68,持分移轉,01390010
RPPOMLSKNHKFFAI48CA,民族段四小段,6.63,都市：住,10000,228,持分移轉,00250000
RPVNMLLKNHKFFAI28CA,港子坪段港坪小段,115.00,都市：住,1,1,全筆移轉,00440012
RPQOMLMLNHKFFAI28EA,竹圍子段,.84,都市：住,2400,7,持分移轉,01170024
RPQOMLMLNHKFFAI28EA,竹圍子段,1.99,都市：住,2400,19,持分移轉,01170025
RPUNMLTJNHKFFAI88CA,埤子頭段,27.59,都市：住,10000,499,持分移轉,04150149
RPRNMLPJNHKFFAI38EA,北門段三小段,21.00,都市：住,1,1,全筆移轉,00210005
RPWNMLTLMHKFFAI76EA,玉川段,.94,都市：住,16,1,持分移轉,00840005
RPWNMLTLMHKFFAI76EA,玉川段,12.00,都市：住,2,1,持分移轉,00840010
RPWNMLTLMHKFFAI76EA,玉川段,7.50,都市：住,2,1,持分移轉,00840014
RPWNMLTLMHKFFAI76EA,玉川段,3.31,都市：住,16,1,持分移轉,00840018
RPUNMLRLNHKFFAI88CA,港子坪段港坪小段,98.00,都市：住,1,1,全筆移轉,01790000
RPUNMLRLNHKFFAI88CA,港子坪段港坪小段,96.00,都市：住,1,1,全筆移轉,01790001
RPUNMLRLNHKFFAI88CA,港子坪段港坪小段,96.00,都市：住,1,1,全筆移轉,01790002
RPUNMLRLNHKFFAI88CA,港子坪段港坪小段,101.00,都市：住,1,1,全筆移轉,01790003
RPUNMLRLNHKFFAI88CA,港子坪段港坪小段,101.00,都市：住,1,1,全筆移轉,01790004
RPUNMLRLNHKFFAI88CA,港子坪段港坪小段,101.00,都市：住,1,1,全筆移轉,01790005
RPVNMLMKNHKFFAI48DA,盧厝段,41.69,都市：住,100000,178,持分移轉,03020000
RPRNMLNKNHKFFAI18DA,台斗坑段,47.00,都市：住,2551,47,持分移轉,03240007
RPSOMLLKNHKFFAI08CA,北社尾段,9.65,都市：住,10000,21,持分移轉,07120001
RPTNMLNKNHKFFAI28CA,興村段興村小段,164.84,都市：住,1,1,全筆移轉,00020079
RPTNMLNKNHKFFAI28CA,興村段興村小段,59.32,都市：住,1,1,全筆移轉,00020087
RPTNMLNKNHKFFAI28CA,興村段興村小段,.23,都市：住,51,1,持分移轉,00020037
RPTNMLNKNHKFFAI28CA,興村段興村小段,3.63,都市：住,15,1,持分移轉,00020062
RPTNMLNKNHKFFAI28CA,興村段興村小段,6.68,都市：住,510000,10019,持分移轉,00020076
RPTNMLNKNHKFFAI28CA,興村段,19.00,都市：其他:河川區,1,1,全筆移轉,01210012
RPTNMLNKNHKFFAI28CA,興村段,17.00,都市：其他:保護區,1,1,全筆移轉,01220028
RPTNMLNKNHKFFAI28CA,興村段,.59,都市：其他:保護區,51,1,持分移轉,01220012
RPRNMLTJNHKFFAI58CA,頂庄段,38.00,都市：住,2,1,持分移轉,05390014
RPRNMLTJNHKFFAI58CA,頂庄段,38.00,都市：住,2,1,持分移轉,05390014
RPTNMLTJNHKFFAI78CA,榮段二小段,326.00,都市：商,1,1,全筆移轉,00560000
RPTOMLSKNHKFFAI88CA,盧厝段,68.00,都市：住,1,1,全筆移轉,04190049
RPQNMLRLNHKFFAI48CA,竹圍子段中興小段,117.00,都市：住,1,1,全筆移轉,01630000
RPVOMLSJNHKFFAI98CA,元段六小段,1.28,都市：商,9000,21,持分移轉,00400000
RPQOMLRJNHKFFAI38CA,港子坪段,2.32,都市：住,10000,322,持分移轉,02020067
RPQOMLRJNHKFFAI38CA,港子坪段港坪小段,22.89,都市：住,10000,322,持分移轉,01110000
RPTNMLSJNHKFFAI68CA,東川段,19.77,都市：住,10000,157,持分移轉,06280000
RPTNMLOJNHKFFAI28CA,彌陀段,23.61,都市：住,10000,73,持分移轉,05230000
RPRNMLPJNHKFFAI18CA,劉厝段玉山小段,91.82,都市：住,1,1,全筆移轉,00910010
RPRNMLPJNHKFFAI18CA,劉厝段玉山小段,15.15,都市：住,12,1,持分移轉,00910012
RPWNMLLJNHKFFAI28CA,榮段四小段,5.00,都市：商,1,1,全筆移轉,00390027
RPXNMLSLNHKFFAI66CA,下路頭段,114.00,都市：住,1,1,全筆移轉,04140020
RPQOMLTLNHKFFAI78CA,車店段,10.30,都市：住,50200,1030,持分移轉,03930001
RPTOMLQLNHKFFAI78CA,下路頭段,129.00,都市：住,1,1,全筆移轉,04730276
RPWNMLMJOHKFFAI48CA,榮段二小段,122.25,都市：商,8,3,持分移轉,00560000
RPVNMLQKNHKFFAI78CA,育人段,86.54,都市：住,1,1,全筆移轉,01810000
RPUNMLQKNHKFFAI68CA,竹圍子段二小段,10.39,都市：住,10000,25,持分移轉,01120000
RPTNMLQKNHKFFAI58CA,竹圍子段一小段,13.05,都市：住,10000,72,持分移轉,01380000
RPWNMLQKNHKFFAI88CA,短竹段,5.83,都市：住,50000,49,持分移轉,09120071
RPUNMLPKNHKFFAI58CA,盧厝段,14.09,都市：住,10000,48,持分移轉,02490005
