﻿鄉鎮市區,交易標的,土地位置建物門牌,土地移轉總面積平方公尺,都市土地使用分區,非都市土地使用分區,非都市土地使用編定,交易年月日,交易筆棟數,移轉層次,總樓層數,建物型態,主要用途,主要建材,建築完成年月,建物移轉總面積平方公尺,建物現況格局-房,建物現況格局-廳,建物現況格局-衛,建物現況格局-隔間,有無管理組織,總價元,單價元平方公尺,車位類別,車位移轉總面積(平方公尺),車位總價元,備註,編號,主建物面積,附屬建物面積,陽台面積,電梯,移轉編號
The villages and towns urban district,transaction sign,land sector position building sector house number plate,land shifting total area square meter,the use zoning or compiles and checks,the non-metropolis land use district,non-metropolis land use,transaction year month and day,transaction pen number,shifting level,total floor number,building state,main use,main building materials,construction to complete the years,building shifting total area,Building present situation pattern - room,building present situation pattern - hall,building present situation pattern - health,building present situation pattern - compartmented,Whether there is manages the organization,total price NTD,the unit price (NTD / square meter),the berth category,berth shifting total area square meter,the berth total price NTD,the note,serial number,,,,,
南竿鄉,土地,津沙段482地號,21.25,住,,,1040209,土地1建物0車位0,,,其他,,,,0.0,0,0,0,有,無,372000,17506,,0.0,0,,RPPNMLPLKHKFFAZ07DA,0.0,0.0,0.0,,
南竿鄉,房地(土地+建物),連江縣南竿鄉復興村38之1號,170.22,住,,,1040205,土地1建物1車位0,全,三層,透天厝,住家用,鋼筋混凝土造,0881020,141.38,3,2,3,有,無,4800000,33951,,0.0,0,有民情風俗因素之交易。土地與建物價格無法分開,RPPNMLOJLHKFFAZ86DA,141.38,0.0,0.0,,
東引鄉,土地,東引西段946地號,33.78,住,,,1040129,土地1建物0車位0,,,其他,,,,0.0,0,0,0,有,無,66030,1955,,0.0,0,含增建或未登記建物。,RPPNMLRJMHKFFAZ17CA,0.0,0.0,0.0,,
東引鄉,土地,東引西段669地號,37.92,住,,,1040311,土地1建物0車位0,,,其他,,,,0.0,0,0,0,有,無,180000,4747,,0.0,0,,RPPNMLRLLHKFFAZ37DA,0.0,0.0,0.0,,
南竿鄉,土地,介壽段848地號,168.23,住,,,1040318,土地2建物0車位0,,,其他,,,,0.0,0,0,0,有,無,916871,5450,,0.0,0,含增建或未登記建物。劉京鑫持分1/9王佳琦持分1/9巫宇馨持分/1/9陳金蓮持分1/9賴衣?持分1/9陳風昊持分1/9,RPPNMLSJMHKFFAZ37DA,0.0,0.0,0.0,,
北竿鄉,土地,塘岐段387地號,925.75,其他,,,1040312,土地2建物0車位0,,,其他,,,,0.0,0,0,0,有,無,361325,390,,0.0,0,有民情風俗因素之交易。康嫩妹持分1/2康荷玉1/2,RPPNMLTJMHKFFAZ47DA,0.0,0.0,0.0,,
