﻿編號,土地位置,土地移轉面積(平方公尺),使用分區或編定,權利人持分分母,權利人持分分子,移轉情形,地號
The serial number, land position,land shifting area square meter,the use zoning or compiles and checks,,,,land parcel
RPPPMLLKOHGGFKD38CC,安康段,.00,都市：住,,,,09760000
RPOOMLLKOHGGFID97CC,昭德段,22.60,非都市：鄉村區 ; 非都市編定：乙種建築用地,,,,03690002
RPOOMLLKOHGGFID97CC,昭德段,.35,非都市：鄉村區 ; 非都市編定：乙種建築用地,,,,03690008
RPOOMLLKOHGGFID97CC,昭德段,7.59,非都市：鄉村區 ; 非都市編定：乙種建築用地,,,,03690000
RPOOMLLKOHGGFID97CC,昭德段,84.27,非都市：鄉村區 ; 非都市編定：乙種建築用地,,,,03690014
RPSRMLLKOHGGFKD88CC,保生段,20.75,都市：住,,,,11720000
RPXNMLLKOHGGFID78CC,昭德段,22.60,非都市：鄉村區 ; 非都市編定：乙種建築用地,,,,03690002
RPXNMLLKOHGGFID78CC,昭德段,.35,非都市：鄉村區 ; 非都市編定：乙種建築用地,,,,03690008
RPXNMLLKOHGGFID78CC,昭德段,7.59,非都市：鄉村區 ; 非都市編定：乙種建築用地,,,,03690000
RPXNMLLKOHGGFID78CC,昭德段,84.27,非都市：鄉村區 ; 非都市編定：乙種建築用地,,,,03690014
RPWNMLLKOHGGFID68CC,昭德段,22.60,非都市：鄉村區 ; 非都市編定：乙種建築用地,,,,03690002
RPWNMLLKOHGGFID68CC,昭德段,.35,非都市：鄉村區 ; 非都市編定：乙種建築用地,,,,03690008
RPWNMLLKOHGGFID68CC,昭德段,7.59,非都市：鄉村區 ; 非都市編定：乙種建築用地,,,,03690000
RPWNMLLKOHGGFID68CC,昭德段,84.27,非都市：鄉村區 ; 非都市編定：乙種建築用地,,,,03690014
RPPPMLPKOHGGFAD77CC,北元段,.00,都市：住,,,,04330000
RPUPMLPKOHGGFBD38CC,怡中段,.00,都市：住,,,,12970000
RPUPMLPKOHGGFBD38CC,怡中段,.00,都市：住,,,,12970001
RPPOMLQKOHGGFKD78CC,廣興段,.00,非都市： ; 非都市編定：,,,,01050000
RPUNMLQKOHGGFCD48DC,竹篙厝段,8.04,都市：住,,,,19710000
RPQOMLQKOHGGFKD88CC,廣興段,.00,都市：住,,,,01050000
RPROMLQKOHGGFBD08CC,溪頂段,.00,都市：住,,,,00520004
RPQPMLQKOHGGFBD08CC,州南段,.00,都市：住,,,,04660000
RPOOMLPKOHGGFKD58CC,國聖段,19.04,都市：住,,,,06100000
RPUNMLQKOHGGFAD18CC,南門段,.00,都市：住,,,,21160000
RPOOMLRKOHGGFAD77CC,頂美段,20.46,都市：住,,,,15190000
RPROMLRKOHGGFGD68CC,東埔段,432.60,非都市：特定農業區 ; 非都市編定：甲種建築用地,,,,03390000
RPVOMLRKOHGGFKD96DC,六甲頂段,46.39,都市：住,,,,04560003
RPUOMLRKOHGGFKD76CC,成功段,6.18,都市：住,,,,01190000
RPXNMLLKOHGGFHD68CC,福壽段,16.86,都市：住,,,,02050000
RPWNMLSKOHGGFID76CC,八甲段,165.29,非都市：特定農業區 ; 非都市編定：農牧用地,,,,39850000
RPVNMLQKOHGGFCD48CC,鹽埕段,.00,都市：住,,,,20470001
RPTNMLQKOHGGFCD28CC,立德段,.00,都市：商,,,,00620000
RPXNMLSKOHGGFID86CC,清王段,330.58,都市：住,,,,03080000
RPTOMLSKOHGGFBD48CC,神榕段,.00,都市：住,,,,10840000
RPQOMLSKOHGGFID88CC,健康段,.00,都市：住,,,,00110015
RPQPMLSKOHGGFHD88CC,大營段,246.00,非都市：一般農業區 ; 非都市編定：丁種建築用地,,,,26620109
RPOOMLSKOHGGFCD08CC,大山段,.00,都市：住,,,,01290000
RPQOMLSKOHGGFCD28CC,府東段,.00,都市：住,,,,08810000
RPUSMLMKOHGGFAD28CC,中正段,.00,都市：商,,,,09350000
RPVNMLLKOHGGFAD77CC,銀同段,.00,都市：商,,,,10650000
RPTNMLPKOHGGFAD97CC,北安段,.00,都市：住,,,,00500020
RPTNMLPKOHGGFAD97CC,北安段,.00,都市：住,,,,00500021
RPPNMLNKOHGGFAD37CC,立人段,2.90,都市：住,,,,00650003
RPPOMLLKOHGGFAD27CC,廣慈段,.00,都市：商,,,,05760000
RPROMLSKOHGGFCD38CC,東安段,.00,都市：住,,,,00060000
RPXNMLLKOHGGFAD97CC,孔廟段,.00,都市：商,,,,00920000
RPXNMLLKOHGGFAD97CC,孔廟段,.00,都市：商,,,,00930000
RPQPMLSKOHGGFAD18CC,金華段,150.00,都市：住,,,,00300002
RPQNMLLLOHGGFAD37CC,府前段,.00,都市：商,,,,12950000
RPQNMLLLOHGGFAD37CC,府前段,.00,都市：商,,,,12960000
RPQNMLLLOHGGFAD37CC,府前段,.00,都市：商,,,,12970000
RPUNMLKLOHGGFAD67CC,華興段,.00,都市：住,,,,17690000
RPQNMLLLOHGGFAD37CC,府前段,.00,都市：商,,,,12980000
RPQNMLLLOHGGFAD37CC,府前段,.00,都市：商,,,,12990000
RPQNMLLLOHGGFAD37CC,府前段,.00,都市：商,,,,13000000
RPQQMLSKOHGGFAD28CC,立人段,.00,都市：住,,,,15120000
RPSNMLLLOHGGFAD57CC,新南段,8.63,都市：商,,,,00780006
RPOOMLLLOHGGFAD27CC,正興段,.00,都市：住,,,,04710000
RPVNMLLLOHGGFCD08CC,竹篙厝段,.00,都市：住,,,,27900008
RPUNMLLLOHGGFCD97CC,富裕段,.00,都市：住,,,,08480000
RPUNMLLLOHGGFCD97CC,富裕段,.00,都市：住,,,,08480001
RPUNMLLLOHGGFCD97CC,富裕段,.00,都市：住,,,,08480002
RPQOMLLLOHGGFCD67CC,裕南段,.00,都市：住,,,,14680000
RPSOMLLLOHGGFCD87CC,鹽埕段,.00,都市：住,,,,31080053
RPTOMLLLOHGGFCD97CC,竹篙厝段,.00,都市：住,,,,39010000
RPROMLLLOHGGFCD77CC,裕南段,.00,都市：住,,,,16530000
RPROMLLLOHGGFCD77CC,裕南段,.00,都市：住,,,,16530001
RPUOMLLLOHGGFCD08CC,大忠段,.00,都市：住,,,,01980000
RPUOMLLLOHGGFCD08CC,大忠段,.00,都市：住,,,,01980001
RPRPMLLLOHGGFCD87CC,鹽埕段,.00,都市：住,,,,30990099
RPSPMLLLOHGGFCD97CC,竹篙厝段,.00,都市：住,,,,14070000
RPSPMLLLOHGGFCD97CC,竹篙厝段,.00,都市：住,,,,14070001
RPSPMLLLOHGGFCD97CC,竹篙厝段,.00,都市：其他:道路用地,,,,14070002
RPUNMLLLOHGGFHD48CC,善文段,.00,都市：住,,,,11750000
RPXNMLLLOHGGFHD78CC,港口段,.00,非都市：鄉村區 ; 非都市編定：乙種建築用地,,,,30890000
RPXNMLLLOHGGFID88CC,文化段,.00,都市：住,,,,09030000
RPOOMLLLOHGGFID08CC,中洲西段,.00,非都市：鄉村區 ; 非都市編定：乙種建築用地,,,,11690000
RPWQMLSKOHGGFKD27CC,六甲頂段,.00,都市：住,,,,11800000
RPRNMLMLOHGGFKD58CC,廣富段,.00,都市：住,,,,07970000
RPPPMLLLOHGGFKD48CC,北灣段,.00,都市：住,,,,05080000
RPQNMLMLOHGGFKD48CC,鹽中段,.00,都市：住,,,,03470000
RPXOMLMLOHGGFKD66CC,西勢段,.00,都市：住,,,,13830062
RPUPMLMLOHGGFKD09CC,永仁段,.00,都市：住,,,,00220000
RPQNMLMLOHGGFID28CC,歸仁北段,.00,都市：住,,,,03410072
RPTOMLMLOHGGFID68CC,太乙段,2933.73,都市：工,,,,02910000
RPTOMLMLOHGGFID68CC,太乙段,428.75,都市：工,,,,02920000
RPUNMLMLOHGGFBD97CC,安中段,.00,都市：住,,,,05720012
RPQNMLMLOHGGFDD77CC,建國段,.00,非都市：鄉村區 ; 非都市編定：乙種建築用地,,,,11830000
RPPNMLMLOHGGFCD57CC,虎尾段,.00,都市：住,,,,02640000
RPQNMLMLOHGGFCD67CC,東光段,.00,都市：住,,,,02860000
RPRNMLMLOHGGFCD77CC,富農段,.00,都市：住,,,,00480000
RPOOMLMLOHGGFCD57CC,光明段,.00,都市：住,,,,04290007
RPSOMLMLOHGGFCD97CC,富裕段,.00,都市：住,,,,05390000
RPVPMLLLOHGGFAD08CC,新南段,.00,都市：住,,,,00810073
RPWOMLLLOHGGFAD08CC,環河段,.00,都市：住,,,,00530000
RPTOMLLLOHGGFAD77CC,妙壽段,.00,都市：住,,,,05010000
RPSOMLLLOHGGFAD67CC,青年段,.00,都市：商,,,,01260000
RPPQMLLLOHGGFAD57CC,大豐段,.00,都市：其他:道路用地,,,,22920000
RPPQMLLLOHGGFAD57CC,大豐段,.00,都市：住,,,,22930000
RPPOMLLLOHGGFAD37CC,東興段,65.19,都市：住,,,,09710000
RPUNMLNLOHGGFCD18CC,東安段,90.00,都市：住,,,,08430000
RPTOMLOLOHGGFKD09CC,成功段,6.18,都市：住,,,,01190000
RPRNMLPLOHGGFCD08CC,富裕段,.00,都市：住,,,,05330000
RPUOMLPLOHGGFKD66CC,頂中段,320.12,都市：住,,,,09510000
RPQNMLPLOHGGFJD68CC,玉成段,.00,都市：住,,,,02670000
RPOOMLPLOHGGFCD87CC,竹篙厝段,.00,都市：住,,,,08650005
RPPOMLPLOHGGFCD97CC,龍泉段,.00,都市：住,,,,03740000
RPROMLSLOHGGFBD38CC,溪頂段,.00,都市：住,,,,00520004
RPTOMLPLOHGGFCD38CC,鹽埕段,.00,都市：住,,,,01760119
RPTPMLPLOHGGFBD38CC,和館段,117.80,都市：住,,,,00440671
RPTPMLPLOHGGFBD38CC,和館段,5.42,都市：住,,,,00440000
RPTPMLPLOHGGFBD38CC,和館段,8.17,都市：住,,,,00440233
RPTPMLPLOHGGFBD38CC,和館段,1.60,都市：住,,,,00440643
RPTPMLPLOHGGFBD38CC,和館段,22.42,都市：住,,,,00440651
RPTPMLPLOHGGFBD38CC,和館段,4.78,都市：住,,,,00440728
RPWNMLTLOHGGFAD78CC,中山段,.00,都市：商,,,,00830000
RPWNMLTLOHGGFAD78CC,中山段,.00,都市：商,,,,00840000
RPWNMLTLOHGGFAD78CC,中山段,.00,都市：商,,,,00850000
RPQQMLMLOHGGFAD77CC,立人段,.00,都市：住,,,,00530000
RPUNMLTLOHGGFAD58CC,新南段,78.75,都市：住,,,,02690169
RPQQMLTLOHGGFAD48CC,金華段,.00,都市：商,,,,01330000
RPVOMLTLOHGGFAD78CC,開元段,.00,都市：商,,,,05970000
RPOPMLSLOHGGFAD08CC,金華段,127.00,都市：住,,,,00600019
RPXPMLMLOHGGFAD38CC,正覺段,.00,都市：住,,,,08910000
RPQNMLMLOHGGFAD47CC,東興段,.00,都市：住,,,,09710000
RPQTMLOLOHGGFAD28CC,中正段,.00,都市：商,,,,00720000
RPQTMLOLOHGGFAD28CC,中正段,.00,都市：商,,,,00770000
RPVOMLTLOHGGFBD88CC,淵西段,.00,都市：住,,,,05700000
RPROMLTLOHGGFHD09CC,善新段,.00,都市：其他:生活服務區,,,,02790050
RPOOMLTLOHGGFCD28CC,仁和段,75.00,都市：住,,,,04270000
RPXOMLTLOHGGFBD09CC,新淵段,.00,都市：住,,,,00830015
RPSOMLTLOHGGFHD56CC,茄拔段一小段,.00,非都市：鄉村區 ; 非都市編定：乙種建築用地,,,,12300000
RPTNMLTLOHGGFCD68CC,竹篙厝段,.00,都市：住,,,,18780000
RPSNMLTLOHGGFID56CC,忠義段,.00,都市：住,,,,09630000
RPTOMLTLOHGGFKD96CC,鹽中段,.00,都市：住,,,,07650035
RPVOMLTLOHGGFKD17CC,鹽埕段,.00,都市：住,,,,04150033
RPWOMLTLOHGGFKD27CC,大灣段,.00,都市：商,,,,61770000
RPWOMLMLOHGGFAD18CC,開元段,.00,都市：商,,,,06270008
RPSPMLTLOHGGFKD96CC,兵北段,.00,都市：住,,,,00410000
RPWQMLTLOHGGFKD47CC,頂南段,.00,都市：住,,,,04090000
RPVQMLTLOHGGFKD37CC,中灣段,.00,都市：住,,,,02180000
RPQPMLTLOHGGFKD76CC,兵北段,.00,都市：住,,,,00410000
RPOPMLTLOHGGFKD56CC,大灣段,.00,都市：住,,,,63940000
RPQQMLKMOHGGFKD68CC,成功段,.00,都市：住,,,,01190000
RPUPMLTLOHGGFKD17CC,鹽埕段,.00,都市：住,,,,04150033
RPQPMLKMOHGGFKD58CC,兵南段,.00,都市：商,,,,00840000
RPXPMLTLOHGGFKD47CC,鹽東段,.00,都市：住,,,,19670000
RPTPMLTLOHGGFKD07CC,鹽埕段,.00,都市：住,,,,04150033
RPRNMLKMOHGGFHD18CC,南港段,310.51,都市：工,,,,09500085
RPRNMLKMOHGGFHD18CC,南港段,310.51,都市：工,,,,09500086
RPRNMLKMOHGGFHD18CC,南港段,310.51,都市：工,,,,09500087
RPSQMLKMOHGGFKD88CC,蜈蜞潭段,.00,都市：住,,,,20790020
RPUNMLKMOHGGFDD08CC,新榮段,.00,都市：住,,,,01730000
RPRQMLKMOHGGFKD78CC,六合段,.00,都市：住,,,,00610000
RPRQMLKMOHGGFKD78CC,六合段,.00,都市：住,,,,00620000
RPQOMLKMOHGGFAD47CC,星鑽段,.00,都市：商,,,,18520000
RPXNMLLJPHGGFAD97CC,環河段,.00,都市：住,,,,00540000
RPXNMLLJPHGGFAD97CC,環河段,.00,都市：住,,,,00530000
RPXNMLLJPHGGFAD97CC,環河段,.00,都市：住,,,,00550000
RPPOMLLJPHGGFAD27CC,新南段,.00,都市：住,,,,00900026
RPPRMLLJPHGGFAD57CC,環河段,114.00,都市：住,,,,21610000
RPSOMLLJPHGGFBD67CC,溪頂段,255.87,都市：住,,,,00520004
RPTNMLLJPHGGFCD77CC,竹篙厝段,.00,都市：工,,,,22660000
RPPNMLLJPHGGFKD18CC,兵南段,.00,都市：住,,,,05970000
RPQNMLLJPHGGFBD37CC,溪頂段,.00,都市：住,,,,00480022
RPQNMLLJPHGGFBD37CC,溪頂段,.00,都市：住,,,,00860000
RPQNMLLJPHGGFBD37CC,溪頂段,.00,都市：住,,,,00860036
RPQNMLLJPHGGFCD47CC,鹽埕段,.00,都市：住,,,,02720000
RPSNMLLJPHGGFCD67CC,裕南段,.00,都市：住,,,,02540000
RPTNMLLJPHGGFKD58CC,南新段,.00,都市：住,,,,08680000
RPUOMLLJPHGGFKD78CC,蜈蜞潭段,.00,都市：住,,,,20330008
RPPNMLMJPHGGFID08CC,中清段,294.76,都市：其他:空白,,,,02470109
RPWNMLMJPHGGFCD18CC,精忠段,.00,都市：住,,,,05380000
RPTOMLMJPHGGFBD87CC,東和段,1539.11,都市：農,,,,06890001
RPTOMLMJPHGGFBD87CC,東和段,57.70,都市：農,,,,06910000
RPVOMLMJPHGGFBD08CC,科工段,353.71,都市：農,,,,06060000
RPSOMLMJPHGGFDD97CC,五軍營段,906.00,非都市：一般農業區 ; 非都市編定：農牧用地,,,,00740013
RPSOMLMJPHGGFDD97CC,五軍營段,317.00,非都市：一般農業區 ; 非都市編定：農牧用地,,,,00740002
RPQOMLMJPHGGFHD18CC,番子寮段,67.00,非都市：鄉村區 ; 非都市編定：乙種建築用地,,,,06260005
RPSOMLMJPHGGFHD38CC,善中段,.00,非都市： ; 非都市編定：,,,,04250004
RPQOMLMJPHGGFHD18CC,番子寮段,64.00,非都市：鄉村區 ; 非都市編定：乙種建築用地,,,,06260006
RPQOMLMJPHGGFHD18CC,番子寮段,65.00,非都市：鄉村區 ; 非都市編定：乙種建築用地,,,,06260007
RPWOMLMJPHGGFHD78CC,圳西段,.00,都市：住,,,,02700000
RPWOMLMJPHGGFHD78CC,圳西段,.00,都市：住,,,,03370000
RPUOMLMJPHGGFKD88CC,二王段,.00,都市：住,,,,09770000
RPSOMLMJPHGGFKD68CC,頂東段,165.28,都市：工,,,,02200000
RPROMLMJPHGGFKD58CC,永仁段,22.36,都市：住,,,,10860000
RPQOMLMJPHGGFKD48CC,南工段,16.01,都市：住,,,,05010000
RPVNMLMJPHGGFCD08CC,大山段,.00,都市：住,,,,03880000
RPPNMLNJPHGGFHD08CC,東潭頂段,65.00,非都市：特定農業區 ; 非都市編定：甲種建築用地,,,,00330018
RPQNMLPJPHGGFAD67CC,大豐段,.00,都市：住,,,,04260000
RPUOMLMJPHGGFAD87CC,康祥段,.00,都市：住,,,,03220000
RPQNMLPJPHGGFAD67CC,大豐段,.00,都市：其他:細部計畫道路用地,,,,04270000
RPQNMLPJPHGGFAD67CC,大豐段,.00,都市：其他:道路用地,,,,04280000
RPQNMLPJPHGGFAD67CC,大豐段,.00,都市：住,,,,04290000
RPWOMLMJPHGGFAD08CC,新南段,.00,都市：住,,,,00880035
RPPNMLPJPHGGFAD57CC,開元段,.00,都市：商,,,,05970000
RPPNMLPJPHGGFAD57CC,開元段,.00,都市：住,,,,06180000
RPRNMLPJPHGGFAD77CC,康祥段,.00,都市：住,,,,04630000
RPWNMLMJPHGGFAD97CC,正興段,.00,都市：住,,,,02430028
RPXNMLMJPHGGFAD08CC,檨仔林段,.00,都市：商,,,,03520000
RPXNMLMJPHGGFAD08CC,檨仔林段,.00,都市：商,,,,03530000
RPQOMLMJPHGGFAD47CC,府前段,.00,都市：商,,,,11460000
RPVRMLLJPHGGFAD18CC,漁光段,.00,都市：商,,,,08660000
RPPOMLMJPHGGFAD37CC,正興段,.00,都市：住,,,,10210006
RPWOMLQJPHGGFHD56CC,唪口段,.00,非都市：鄉村區 ; 非都市編定：乙種建築用地,,,,15740000
RPVOMLQJPHGGFHD09CC,大營段,232.00,非都市：一般農業區 ; 非都市編定：丁種建築用地,,,,26620196
RPVOMLRJPHGGFKD86CC,永和段,.00,都市：商,,,,13880000
RPRNMLQJPHGGFCD08CC,泉南段,.00,都市：商,,,,00150000
RPOOMLQJPHGGFAD77DC,公園段,.00,都市：商,,,,09390000
RPOOMLQJPHGGFAD77DC,公園段,.00,都市：商,,,,09390001
RPOOMLQJPHGGFAD77DC,公園段,.00,都市：其他:道路用地,,,,09390003
RPUOMLQJPHGGFBD38CC,神榕段,.00,都市：住,,,,12170000
RPQOMLQJPHGGFGD58DC,佳里段,92.00,都市：住,,,,09170009
RPRPMLQJPHGGFKD09CC,鹽東段,.00,都市：住,,,,17640004
RPUOMLQJPHGGFKD66CC,永強段,.00,都市：住,,,,06080000
RPOOMLRJPHGGFKD78CC,橋北段,.00,都市：住,,,,00040000
RPPPMLRJPHGGFKD98CC,兵南段,.00,都市：住,,,,00840000
RPXOMLRJPHGGFCD88CC,東光段,.00,都市：商,,,,00510008
RPUNMLRJPHGGFDD58CC,後厝段,.00,都市：住,,,,03690014
RPPOMLRJPHGGFAD87CC,華興段,.00,都市：住,,,,13320000
RPUOMLRJPHGGFID56CC,岳王段,264.46,都市：農,,,,02690000
RPWOMLSJPHGGFAD68CC,華興段,.00,都市：住,,,,08340000
RPQNMLSJPHGGFAD97CC,金華段,.00,都市：住,,,,01110000
RPSPMLSJPHGGFAD38CC,武聖段,122.06,都市：住,,,,11140000
RPRPMLSJPHGGFAD28CC,富台段,.00,都市：住,,,,06480000
RPWPMLSJPHGGFAD78CC,赤崁段,.00,都市：商,,,,02950000
RPOQMLSJPHGGFAD08CC,新南段,.00,都市：住,,,,00980003
RPQQMLSJPHGGFAD28CC,東豐段,.00,都市：住,,,,04660000
RPUNMLSJPHGGFBD48CC,青砂段,.00,都市：其他:住宅區,,,,09820000
RPTNMLSJPHGGFHD98CC,新太段,.00,都市：住,,,,08380000
RPRNMLSJPHGGFKD09CC,南工段,.00,都市：住,,,,00010000
RPPOMLSJPHGGFCD18CC,育樂段,.00,都市：住,,,,04460000
RPUNMLSJPHGGFCD58CC,光明段,.00,都市：商,,,,60040000
RPUNMLSJPHGGFKD76CC,兵南段,.00,都市：住,,,,00840000
RPPPMLSJPHGGFKD09CC,大灣段,.00,都市：住,,,,70910000
RPSNMLTJPHGGFKD66CC,大灣段,.00,都市：住,,,,29720017
RPXNMLSJPHGGFCD88CC,裕南段,.00,都市：住,,,,16350000
RPXNMLSJPHGGFCD88CC,裕南段,.00,都市：住,,,,16350001
RPTNMLTJPHGGFKD76CC,成功段,.00,都市：住,,,,01860000
RPSNMLTJPHGGFCD48CC,裕東段,.00,都市：住,,,,07120002
RPQNMLTJPHGGFCD28CC,德高段,.00,都市：住,,,,00910001
RPTNMLTJPHGGFCD58CC,竹篙厝段,.00,都市：住,,,,18910001
RPUNMLTJPHGGFCD68CC,龍泉段,.00,都市：住,,,,15380000
RPROMLTJPHGGFKD66CC,兵南段,9.05,都市：住,,,,05450000
RPSOMLTJPHGGFKD76CC,頂南段,1.28,都市：住,,,,01600000
RPOOMLTJPHGGFKD98CC,鹽中段,485.84,都市：工,,,,14130013
RPSOMLTJPHGGFKD76CC,頂南段,3.02,都市：住,,,,01730000
RPSOMLTJPHGGFKD76CC,頂南段,1.17,都市：住,,,,01740000
RPSOMLTJPHGGFKD76CC,頂南段,65.68,都市：住,,,,01880000
RPSOMLTJPHGGFKD76CC,頂南段,1.53,都市：住,,,,02090000
RPTNMLTJPHGGFBD48CC,和館段,93.15,都市：住,,,,00940122
RPWNMLTJPHGGFKD07CC,王行段,1956.23,都市：工,,,,01470001
RPTNMLTJPHGGFBD48CC,和館段,24.93,都市：住,,,,00940154
RPSNMLMKPHGGFKD68CC,南新段,6.44,都市：住,,,,09000000
RPPNMLMKPHGGFHD08CC,玉二段,13.94,都市：住,,,,10390000
RPPNMLMKPHGGFHD08CC,玉二段,70.80,都市：住,,,,10370000
RPTNMLNKPHGGFKD88CC,東南段,165.28,都市：工,,,,11660000
RPRNMLNKPHGGFKD68CC,鹽西段,372.82,都市：工,,,,03980000
RPSNMLNKPHGGFKD78CC,大灣段,1031.40,都市：農,,,,34600000
RPTNMLNKPHGGFCD08CC,東光段,.00,都市：商,,,,00510008
RPROMLNKPHGGFKD78CC,南工段,.00,都市：商,,,,05220000
RPVNMLNKPHGGFKD09CC,成功段,.00,都市：商,,,,01190000
RPUNMLNKPHGGFCD18CC,光明段,.00,都市：住,,,,09400006
RPRNMLOKPHGGFAD77CC,東豐段,.00,都市：住,,,,04660000
RPUNMLOKPHGGFAD08CC,南門段,.00,都市：住,,,,11550000
RPWNMLOKPHGGFAD28CC,郡王祠段,.00,都市：住,,,,22160000
RPXOMLTJPHGGFAD88CC,保安段,.00,都市：商,,,,07310002
RPQOMLTJPHGGFAD18CC,開元段,.00,都市：商,,,,05970000
RPSNMLOKPHGGFAD87CC,立人段,.00,都市：商,,,,03240000
RPSNMLOKPHGGFAD87CC,立人段,.00,都市：住,,,,03250000
RPSNMLTJPHGGFAD28CC,公園段,.00,都市：商,,,,09390000
RPSNMLTJPHGGFAD28CC,公園段,.00,都市：商,,,,09390001
RPWNMLTJPHGGFAD68CC,仁愛段,.00,都市：住,,,,10970001
RPSNMLTJPHGGFAD28CC,公園段,.00,都市：其他:道路用地,,,,09390003
RPWOMLTJPHGGFAD78CC,立人段,.00,都市：住,,,,00650003
RPSOMLNKPHGGFAD87CC,開元段,.00,都市：商,,,,05970000
RPSOMLNKPHGGFAD87CC,開元段,.00,都市：住,,,,06180000
RPXNMLOKPHGGFAD38CC,立人段,.00,都市：住,,,,00650004
RPXNMLOKPHGGFAD38CC,立人段,.00,都市：商,,,,01040000
RPOOMLOKPHGGFAD57CC,赤崁段,.00,都市：商,,,,04000000
RPPOMLOKPHGGFAD67CC,保安段,.00,都市：住,,,,60000025
RPQOMLOKPHGGFAD77CC,開元段,.00,都市：商,,,,05880006
RPTNMLOKPHGGFCD18CC,光華段,.00,都市：住,,,,09090000
RPVNMLOKPHGGFCD38CC,鹽埕段,.00,都市：住,,,,31080082
RPWNMLOKPHGGFCD48CC,東光段,.00,都市：住,,,,04760000
RPOOMLOKPHGGFCD77CC,新東段,.00,都市：住,,,,14080003
RPPOMLOKPHGGFCD87CC,竹篙厝段,.00,都市：住,,,,20040000
RPRNMLOKPHGGFCD97CC,育樂段,.00,都市：住,,,,12870009
RPSOMLOKPHGGFCD18CC,鹽埕段,.00,都市：住,,,,01740066
RPROMLOKPHGGFCD08CC,裕東段,652.00,都市：住,,,,00470000
RPQOMLOKPHGGFCD97CC,新東段,.00,都市：住,,,,00140000
RPQOMLOKPHGGFCD97CC,新東段,.00,都市：住,,,,00140001
RPUOMLOKPHGGFCD38CC,竹篙厝段,.00,都市：住,,,,19710000
RPVOMLOKPHGGFCD48CC,竹篙厝段,.00,都市：住,,,,28690000
RPVNMLOKPHGGFHD88CC,新興段,.00,都市：住,,,,04990000
RPROMLOKPHGGFHD58CC,大社段,89.00,非都市：一般農業區 ; 非都市編定：甲種建築用地,,,,11930063
RPWNMLOKPHGGFBD38CC,溪頂段,.00,都市：住,,,,00520004
RPOOMLOKPHGGFBD67CC,溪頂段,.00,都市：住,,,,00520004
RPPOMLOKPHGGFBD77CC,怡中段,.00,都市：住,,,,11030000
RPQNMLOKPHGGFKD68CC,永興段,.00,都市：住,,,,10150000
RPQNMLOKPHGGFKD68CC,永興段,.00,都市：住,,,,10150001
RPUNMLOKPHGGFKD09CC,永保段,.00,都市：住,,,,02700000
RPVNMLOKPHGGFKD56CC,成功段,.00,都市：住,,,,01860000
RPSOMLOKPHGGFKD98CC,蜈蜞潭段,.00,非都市： ; 非都市編定：,,,,22360061
RPTOMLOKPHGGFKD09CC,六甲頂段,.00,都市：住,,,,05090000
RPXOMLOKPHGGFID66CC,二空段,.00,都市：住,,,,08170000
RPSOMLOKPHGGFAD08DC,青年段,.00,都市：商,,,,01260000
RPTOMLOKPHGGFAD18DC,金城段,.00,都市：住,,,,00550003
RPUNMLPKPHGGFKD56CC,自強段,90.41,都市：住,,,,07680000
RPUOMLPKPHGGFKD66CC,蜈蜞潭段,.00,都市：住,,,,12430002
RPVOMLPKPHGGFKD76CC,蜈蜞潭段,.00,都市：住,,,,22360066
RPWOMLPKPHGGFKD86CC,大灣段,.00,都市：住,,,,69490000
RPRNMLPKPHGGFID68CC,歸仁北段,137.96,都市：住,,,,05570000
RPTNMLPKPHGGFBD18CC,國安段,20.85,都市：住,,,,16120000
RPWNMLPKPHGGFBD48CC,國安段,15.47,都市：住,,,,16120000
RPSOMLPKPHGGFHD78CC,大營段,246.00,非都市：一般農業區 ; 非都市編定：丁種建築用地,,,,26620111
RPVOMLPKPHGGFHD09CC,善新段,.00,都市：住,,,,00550021
RPRNMLPKPHGGFCD08CC,鹽埕段,.00,都市：住,,,,06771226
RPWNMLPKPHGGFCD58CC,大同段,.00,都市：住,,,,06420000
RPPPMLPKPHGGFKD88CC,橋北段,.00,都市：住,,,,00520000
RPVOMLOKPHGGFAD28CC,金城段,112.00,都市：住,,,,00710004
RPRQMLPKPHGGFAD18CC,新南段,.00,都市：住,,,,00980003
RPOPMLOKPHGGFAD67CC,星鑽段,.00,都市：商,,,,18530000
RPPPMLOKPHGGFAD77CC,新南段,.00,都市：其他:細部計畫道路用地,,,,04990000
RPPPMLOKPHGGFAD77CC,新南段,.00,都市：住,,,,04970000
RPUOMLOKPHGGFAD18CC,開元段,.00,都市：商,,,,05880002
RPQPMLOKPHGGFAD87CC,新南段,.00,都市：住,,,,00910002
RPROMLOKPHGGFAD87CC,中正段,.00,都市：商,,,,09350000
RPWPMLOKPHGGFAD48CC,公園段,.00,都市：商,,,,02790000
RPSNMLQKPHGGFCD28CC,竹篙厝段,.00,都市：住,,,,24370000
RPOOMLQKPHGGFCD97CC,東光段,.00,都市：商,,,,01070018
RPPNMLQKPHGGFHD48CC,圳西段,.00,都市：住,,,,02700000
RPPNMLQKPHGGFHD48CC,圳西段,.00,都市：住,,,,03370000
RPPNMLQKPHGGFKD78CC,鹽新段,.00,都市：住,,,,00620000
RPPOMLQKPHGGFKD88CC,大灣段,.00,都市：住,,,,31650024
RPQOMLQKPHGGFID78CC,崁腳北段,243.07,都市：住,,,,08170003
RPSQMLQKPHGGFID56CC,虎山段,1226.67,非都市：特定農業區 ; 非都市編定：農牧用地,,,,08600000
RPQNMLQKPHGGFJD78CC,望明段,.00,非都市：鄉村區 ; 非都市編定：乙種建築用地,,,,05400000
RPQNMLRKPHGGFHD68CC,道爺段,504.00,都市：其他:,,,,06690008
RPWNMLQKPHGGFAD48CC,開元段,.00,都市：商,,,,05970000
RPWNMLQKPHGGFAD48CC,開元段,.00,都市：住,,,,06180000
RPXQMLPKPHGGFAD78CC,康祥段,.00,都市：住,,,,07290000
RPRNMLQKPHGGFAD97CC,金城段,.00,都市：商,,,,00460016
RPUNMLQKPHGGFAD28CC,開元段,.00,都市：商,,,,05970000
RPQNMLQKPHGGFAD87CC,五條港段,.00,都市：商,,,,01040000
RPQNMLQKPHGGFAD87CC,五條港段,.00,都市：商,,,,01050000
RPURMLPKPHGGFAD58CC,新南段,.00,都市：住,,,,00810073
RPSRMLPKPHGGFAD38CC,金華段,.00,都市：商,,,,00010000
RPVRMLPKPHGGFAD68CC,開元段,10.93,都市：商,,,,05970000
RPVRMLPKPHGGFAD68CC,開元段,.03,都市：其他:廣場兼停車場用地,,,,03610025
RPVRMLPKPHGGFAD68CC,開元段,.52,都市：住,,,,06180000
RPSNMLRKPHGGFHD88CC,善化段,157.90,都市：其他:空白,,,,26970003
RPPNMLSKPHGGFDD28CC,鹽水段,47.00,都市：住,,,,16590130
RPSOMLTKPHGGFAD48CC,新南段,.00,都市：住,,,,02900000
RPPOMLTKPHGGFAD18CC,小北段,.00,都市：住,,,,04290000
RPPOMLTKPHGGFAD18CC,小北段,.00,都市：其他:道路用地,,,,04280000
RPTNMLKLPHGGFAD67CC,觀音段,90.70,都市：商,,,,04620000
RPTNMLKLPHGGFAD67CC,觀音段,9.24,都市：商,,,,04640000
RPSOMLTKPHGGFHD66DC,大成段,73.58,都市：住,,,,04600000
RPSOMLTKPHGGFHD66DC,大成段,1.22,都市：住,,,,04610000
RPUOMLTKPHGGFKD07CC,仁愛段,.00,都市：住,,,,11050000
RPSNMLLLPHGGFDD97CC,民權段,154.40,都市：商,,,,04520000
RPXNMLKLPHGGFAD08CC,金華段,20.01,都市：住,,,,00900000
RPSNMLKLPHGGFBD67CC,中洲段,108.48,都市：住,,,,12440000
RPPOMLLLPHGGFCD67CC,自由段,.00,都市：住,,,,00580000
RPWNMLLLPHGGFCD28CC,裕南段,.00,都市：住,,,,08320000
RPPNMLLLPHGGFCD57CC,龍泉段,.00,都市：住,,,,05900000
RPPNMLLLPHGGFCD57CC,龍泉段,.00,都市：商,,,,05900001
RPPNMLLLPHGGFCD57CC,龍泉段,.00,都市：住,,,,05910000
RPPNMLLLPHGGFCD57CC,龍泉段,.00,都市：商,,,,05910001
RPPNMLLLPHGGFCD57CC,龍泉段,.00,都市：住,,,,05920000
RPQOMLLLPHGGFCD77CC,育樂段,.00,都市：住,,,,01350000
RPROMLLLPHGGFCD87CC,鹽埕段,.00,都市：住,,,,30990137
RPSNMLLLPHGGFAD67CC,新南段,.00,都市：住,,,,03180000
RPVNMLLLPHGGFAD97CC,金華段,.00,都市：住,,,,00140000
RPTNMLLLPHGGFAD77CC,保安段,.00,都市：住,,,,15100000
RPTNMLLLPHGGFAD77CC,保安段,.00,都市：住,,,,15100001
RPXOMLLLPHGGFKD66CC,鹽東段,.00,都市：住,,,,17080002
RPOPMLLLPHGGFKD48CC,永信段,.00,都市：住,,,,09880000
RPRPMLLLPHGGFKD78CC,蜈蜞潭段,.00,都市：住,,,,18330000
RPRPMLLLPHGGFKD78CC,蜈蜞潭段,.00,都市：住,,,,18340000
RPWPMLLLPHGGFKD66CC,永和段,.00,都市：住,,,,15200000
RPSPMLLLPHGGFKD88CC,鹽中段,.00,都市：住,,,,03470000
RPXPMLLLPHGGFKD76CC,橋北段,.00,都市：住,,,,00190034
RPPPMLLLPHGGFID38CC,大宅段,.00,非都市：特定農業區 ; 非都市編定：甲種建築用地,,,,00490000
RPRNMLMLPHGGFFD18CC,興國段,91.80,都市：住,,,,03280018
RPQNMLMLPHGGFID38CC,神農段,.00,都市：住,,,,04010002
RPSOMLQKPHGGFCD58EC,裕南段,.00,都市：住,,,,16530000
RPSOMLQKPHGGFCD58EC,裕南段,.00,都市：住,,,,16530001
RPPOMLMLPHGGFAD57CC,富台段,.00,都市：住,,,,02490001
RPTOMLMLPHGGFAD97CC,華興段,.00,都市：住,,,,07230004
RPOOMLMLPHGGFAD47CC,漁光段,.00,都市：商,,,,08690000
RPTOMLMLPHGGFAD97CC,華興段,.00,都市：住,,,,07230003
RPQOMLLLPHGGFAD57CC,南門段,.00,都市：商,,,,16360000
RPQOMLLLPHGGFAD57CC,南門段,.00,都市：商,,,,16430000
RPXOMLLLPHGGFAD28CC,金華段,.00,都市：住,,,,00550015
RPQOMLLLPHGGFAD57CC,南門段,.00,都市：商,,,,16440000
RPQOMLLLPHGGFAD57CC,南門段,.00,都市：住,,,,16450000
RPOOMLLLPHGGFAD37CC,萬昌段,.00,都市：商,,,,01940000
RPXNMLMLPHGGFCD48CC,府連段,.00,都市：住,,,,00170000
RPXNMLMLPHGGFCD48CC,府連段,.00,都市：住,,,,00180000
RPXNMLMLPHGGFCD48CC,府連段,.00,都市：住,,,,00190000
RPUNMLMLPHGGFHD68CC,成功段,.00,都市：住,,,,04440000
RPOOMLMLPHGGFCD67CC,鹽埕段,.00,都市：住,,,,31090095
RPTNMLNLPHGGFGD58CC,佳里段,.00,都市：商,,,,16960007
RPXNMLNLPHGGFAD38CC,新南段,.00,都市：商,,,,00390003
RPWNMLNLPHGGFCD58DC,竹篙厝段,120.00,都市：住,,,,09750000
RPRNMLNLPHGGFKD78CC,六甲頂段,.00,都市：住,,,,11310002
RPSNMLMLPHGGFKD78CC,頂南段,.00,都市：住,,,,04000000
RPTNMLMLPHGGFKD88CC,頂南段,.00,都市：住,,,,04000000
RPOQMLLLPHGGFKD58CC,鹽行段,.00,都市：住,,,,14890001
RPPQMLLLPHGGFKD68CC,永信段,.00,都市：住,,,,09880000
RPQNMLQLPHGGFHD68CC,大榮段,76.68,都市：其他:空白,,,,08090000
RPROMLQLPHGGFAD18CC,北元段,.00,都市：住,,,,04860008
RPTOMLQLPHGGFAD38CC,五條港段,.00,都市：商,,,,06030000
RPTOMLQLPHGGFAD38CC,五條港段,.00,都市：商,,,,06040000
RPXNMLQLPHGGFID86CC,歸仁北段,59.59,都市：住,,,,04600007
RPVNMLQLPHGGFKD86CC,成功段,.00,都市：住,,,,01860000
RPPOMLQLPHGGFKD98CC,成功段,.00,都市：住,,,,01860000
RPPOMLNLPHGGFCD87CC,鹽埕段,.00,都市：住,,,,24800008
RPVOMLNLPHGGFCD48CC,鹽埕段,24.23,都市：住,,,,30990013
RPVOMLNLPHGGFCD48CC,鹽埕段,.06,都市：住,,,,30990197
RPPNMLOLPHGGFCD87CC,公英段,80.00,都市：住,,,,09190000
RPPOMLQLPHGGFCD18CC,精忠段,.00,都市：住,,,,10190005
RPWNMLQLPHGGFCD78CC,大同段,.00,都市：住,,,,06420000
RPUNMLQLPHGGFCD58CC,府連段,.00,都市：住,,,,08400000
RPUNMLQLPHGGFCD58CC,府連段,.00,都市：商,,,,08400001
RPUNMLQLPHGGFCD58CC,府連段,.00,都市：商,,,,08400002
RPVNMLQLPHGGFCD68CC,德高段,.00,都市：住,,,,06890000
RPXNMLNLPHGGFCD58CC,竹篙厝段,.00,都市：住,,,,38160000
RPXNMLNLPHGGFCD58CC,竹篙厝段,.00,都市：住,,,,38340000
RPXNMLNLPHGGFCD58CC,竹篙厝段,.00,都市：住,,,,38340001
RPXNMLNLPHGGFCD58CC,竹篙厝段,.00,都市：住,,,,38340002
RPXNMLNLPHGGFCD58CC,竹篙厝段,.00,都市：住,,,,38340003
RPPNMLNLPHGGFCD77CC,育樂段,.00,都市：住,,,,04460000
RPWOMLQLPHGGFKD07CC,成功段,.00,都市：住,,,,01860000
RPSOMLRLPHGGFHD09CC,成功段,.00,都市：住,,,,04440000
RPWNMLRLPHGGFHD76CC,新吉段,264.50,非都市：一般農業區 ; 非都市編定：農牧用地,,,,11350000
RPQOMLRLPHGGFHD88CC,大榮段,12.97,都市：住,,,,07780000
RPQOMLRLPHGGFHD88CC,大榮段,.71,都市：住,,,,07790000
RPQOMLRLPHGGFHD88CC,大榮段,8.75,都市：住,,,,07800000
RPXNMLRLPHGGFAD78CC,中山段,.00,都市：商,,,,07430000
RPUOMLRLPHGGFHD66CC,成功段,.00,都市：住,,,,04440000
RPPOMLRLPHGGFHD78CC,大社段,89.00,非都市：一般農業區 ; 非都市編定：甲種建築用地,,,,11930048
RPUPMLQLPHGGFKD96CC,頂東段,60.00,都市：工,,,,02200000
RPVOMLRLPHGGFHD76CC,圳西段,10.40,都市：住,,,,02700000
RPVOMLRLPHGGFHD76CC,圳西段,11.32,都市：住,,,,03370000
RPOPMLQLPHGGFKD98CC,鹽東段,.00,都市：工,,,,13450000
RPQNMLRLPHGGFCD28CC,仁和段,.00,都市：住,,,,13350000
RPSNMLRLPHGGFCD48CC,富農段,.00,都市：住,,,,00480000
RPSNMLRLPHGGFCD48CC,富農段,.00,都市：住,,,,00480001
RPRNMLRLPHGGFCD38CC,大林段,.00,都市：住,,,,09090000
RPUNMLRLPHGGFCD68CC,裕南段,.00,都市：住,,,,19330000
RPQNMLSLPHGGFCD38CC,竹篙厝段,.00,都市：住,,,,21750002
RPROMLQLPHGGFKD56CC,永興段,.00,都市：住,,,,01500000
RPTNMLRLPHGGFCD58CC,大同段,.00,都市：住,,,,06420000
RPOOMLSLPHGGFHD78CC,港子尾段,.00,非都市：特定農業區 ; 非都市編定：農牧用地,,,,13520000
RPRNMLSLPHGGFCD48CC,育樂段,.00,都市：住,,,,13390007
RPWNMLSLPHGGFAD78CC,開元段,.00,都市：商,,,,05970000
RPROMLSLPHGGFHD09CC,善新段,.00,都市：其他:生活服務區,,,,02790050
RPQNMLSLPHGGFDD48CC,新富段,147.57,都市：住,,,,04800000
RPOOMLSLPHGGFAD08CC,成光段,.00,都市：住,,,,10070000
RPWNMLSLPHGGFKD17CC,信義段,.00,都市：住,,,,00970000
RPTNMLSLPHGGFKD86CC,六合段,.00,都市：住,,,,00610000
RPSNMLSLPHGGFKD76CC,橋北段,.00,都市：住,,,,00540001
RPTNMLSLPHGGFKD86CC,六合段,.00,都市：住,,,,00620000
RPTOMLSLPHGGFKD96CC,蜈蜞潭段,.00,都市：住,,,,20130011
RPXNMLSLPHGGFKD27CC,成功段,.00,都市：商,,,,01190000
RPVNMLSLPHGGFKD07CC,正強段,.00,都市：住,,,,08410000
RPOOMLSLPHGGFKD09CC,自強段,.00,都市：住,,,,07970004
RPSNMLSLPHGGFID56CC,保甲段,.00,都市：住,,,,03900000
RPSNMLSLPHGGFID56CC,保甲段,.00,都市：住,,,,03910000
RPUNMLSLPHGGFID76CC,神農段,.00,都市：住,,,,05100000
RPPOMLTLPHGGFID09CC,二仁段,.00,都市：住,,,,04210000
RPUOMLTLPHGGFKD17CC,大灣段,.00,都市：住,,,,65650001
RPQOMLTLPHGGFAD38CC,南門段,.00,都市：住,,,,19370000
RPXNMLTLPHGGFAD98CC,東豐段,.00,都市：住,,,,04660000
RPXNMLTLPHGGFAD98CC,東豐段,.00,都市：商,,,,04940000
RPOOMLTLPHGGFAD18CC,開元段,.00,都市：商,,,,06270008
RPSOMLTLPHGGFCD78CC,東寧段,.00,都市：住,,,,04800000
RPUNMLTLPHGGFHD76CC,大營段,228.00,非都市：一般農業區 ; 非都市編定：丁種建築用地,,,,26620053
RPTOMLTLPHGGFCD88CC,水交社段,.00,都市：住,,,,00320000
RPWNMLKMPHGGFCD28CC,鹽埕段,.00,都市：工,,,,29430000
RPWNMLKMPHGGFCD28CC,鹽埕段,.00,都市：工,,,,29440000
RPOOMLKMPHGGFCD57CC,東光段,.00,都市：住,,,,07750000
RPOOMLKMPHGGFCD57CC,東光段,.00,都市：其他:細部計畫道路用地,,,,07750001
RPPOMLKMPHGGFAD47CC,星鑽段,.00,都市：住,,,,05610000
RPQOMLKMPHGGFAD57CC,中正段,.00,都市：商,,,,00490000
RPROMLKMPHGGFAD67CC,北安段,.00,都市：住,,,,00560108
RPXNMLKMPHGGFKD56CC,永強段,.00,都市：住,,,,06080000
RPSNMLLMPHGGFAD77CC,新南段,.00,都市：住,,,,01190007
RPPPMLKMPHGGFKD58CC,鹽埕段,.00,都市：住,,,,04700000
RPUNMLLMPHGGFAD97CC,金華段,.00,都市：住,,,,00920000
RPPNMLLMPHGGFHD18CC,北子店段二小段,107.00,非都市：一般農業區 ; 非都市編定：甲種建築用地,,,,12870000
RPPNMLLMPHGGFHD18CC,北子店段二小段,98.00,非都市：一般農業區 ; 非都市編定：甲種建築用地,,,,12880000
RPPNMLLMPHGGFHD18CC,北子店段二小段,105.00,非都市：一般農業區 ; 非都市編定：甲種建築用地,,,,12890000
RPQNMLLMPHGGFGD18CC,慈濟段,.00,都市：商,,,,00500000
RPQOMLMJQHGGFHD28CC,成功段,.00,都市：住,,,,04440000
RPRPMLMJQHGGFCD97CC,大同段,.00,都市：商,,,,12570000
RPPNMLLMPHGGFGD08CC,文化段,.00,非都市：鄉村區 ; 非都市編定：乙種建築用地,,,,04830000
RPOOMLMJQHGGFAD37CC,金華段,8.83,都市：住,,,,00850002
RPXNMLMJQHGGFAD18CC,金華段,8.83,都市：住,,,,00850002
RPOOMLMJQHGGFKD38CC,鹽南段,281.13,都市：工,,,,04880000
RPWNMLMJQHGGFKD09CC,鹽行段,.00,都市：住,,,,15850012
RPPOMLMJQHGGFID28CC,二橋段,3004.00,非都市：特定農業區 ; 非都市編定：農牧用地,,,,00420000
RPXSMLMJQHGGFID86CC,中山段,78.11,都市：住,,,,08250000
RPPTMLMJQHGGFID78CC,中山段,84.97,都市：住,,,,08270000
RPQOMLNJQHGGFID48CC,健康段,.00,都市：住,,,,00110015
RPTNMLNJQHGGFKD88CC,六合段,.00,都市：住,,,,10730000
RPROMLNJQHGGFKD78CC,埔園段,79.47,都市：住,,,,00270000
RPPOMLNJQHGGFCD77CC,大同段,.00,都市：住,,,,07890000
RPPOMLNJQHGGFCD77CC,大同段,.00,都市：住,,,,07900000
RPVOMLNJQHGGFKD56CC,西勢段,81.00,都市：住,,,,13930003
RPUOMLNJQHGGFKD09CC,西勢段,81.00,都市：住,,,,13930003
RPVPMLNJQHGGFCD48CC,新興段,.00,都市：住,,,,02290016
RPVNMLNJQHGGFBD18CC,溪東段,.00,都市：住,,,,12860000
RPQOMLNJQHGGFCD87CC,東光段,.00,都市：住,,,,00510008
RPRNMLOJQHGGFGD38CC,佳里段,74.00,都市：住,,,,11870032
RPUNMLOJQHGGFHD78CC,新吉段,.00,非都市：一般農業區 ; 非都市編定：甲種建築用地,,,,09750021
RPPNMLOJQHGGFCD77CC,光明段,.00,都市：住,,,,60000000
RPUNMLOJQHGGFAD08CC,正覺段,.00,都市：住,,,,03900000
RPOOMLOJQHGGFCD77CC,裕東段,78.84,都市：住,,,,09100053
RPXQMLOJQHGGFID86CC,?豬厝段,.00,非都市：一般農業區 ; 非都市編定：甲種建築用地,,,,09220009
RPWOMLOJQHGGFKD76CC,南工段,.00,都市：住,,,,00490000
RPQPMLOJQHGGFAD87CC,東興段,.00,都市：住,,,,09190000
RPWOMLOJQHGGFKD76CC,南工段,.00,都市：住,,,,01410000
RPTNMLPJQHGGFKD09CC,頂南段,.00,都市：住,,,,04090000
RPUNMLPJQHGGFKD56CC,兵南段,.00,都市：住,,,,05970000
RPWNMLPJQHGGFKD76CC,大灣段,.00,都市：住,,,,68780000
RPOOMLPJQHGGFAD67CC,金華段,.00,都市：住,,,,00850004
RPOQMLPJQHGGFAD87CC,光賢段,.00,都市：住,,,,01990055
RPROMLPJQHGGFAD97CC,金城段,43.16,都市：住,,,,00650002
RPORMLPJQHGGFAD97CC,青年段,.00,都市：商,,,,05030000
RPORMLPJQHGGFAD97CC,青年段,.00,都市：商,,,,05080000
RPORMLPJQHGGFAD97CC,青年段,.00,都市：商,,,,05090000
RPORMLPJQHGGFAD97CC,青年段,.00,都市：商,,,,05100000
RPTRMLPJQHGGFAD48CC,中山段,.00,都市：商,,,,02150000
RPRNMLPJQHGGFCD08CC,竹篙厝段,.00,都市：商,,,,16780008
RPVRMLPJQHGGFAD68CC,金華段,.00,都市：住,,,,00410058
RPTNMLPJQHGGFCD28CC,公英段,.00,都市：住,,,,00080000
RPWNMLPJQHGGFCD58CC,育樂段,.00,都市：住,,,,09990007
RPUNMLPJQHGGFCD38CC,東安段,.00,都市：住,,,,04230000
RPXNMLPJQHGGFCD68CC,龍泉段,.00,都市：商,,,,02210000
RPXNMLPJQHGGFCD68CC,龍泉段,.00,都市：住,,,,02250000
RPPOMLPJQHGGFHD48CC,七王段,.00,都市：住,,,,02750000
RPTNMLSLPHGGFID66CC,後壁段,.00,都市：住,,,,00940000
RPSOMLPJQHGGFCD28CC,竹篙厝段,.00,都市：住,,,,35590000
RPPNMLQJQHGGFHD48CC,新東段,.00,都市：商,,,,05550000
RPPNMLQJQHGGFHD48CC,新東段,.00,都市：住,,,,05580000
RPPNMLQJQHGGFHD48CC,新東段,.00,都市：商,,,,05620000
RPPNMLQJQHGGFHD48CC,新東段,.00,都市：住,,,,05630000
RPVNMLQJQHGGFGD98CC,仁愛段,1068.40,都市：住,,,,10480000
RPWNMLQJQHGGFCD68CC,竹篙厝段,.00,都市：住,,,,14690002
RPQOMLPJQHGGFHD58CC,信義段,.00,都市：住,,,,08240002
RPVOMLQJQHGGFCD68CC,竹篙厝段,.00,都市：商,,,,39460008
RPWOMLQJQHGGFCD78CC,竹篙厝段,.00,都市：住,,,,19710000
RPVOMLQJQHGGFCD68CC,竹篙厝段,.00,都市：商,,,,39460011
RPVOMLQJQHGGFCD68CC,竹篙厝段,.00,都市：商,,,,39460012
RPRNMLQJQHGGFBD08CC,國安段,20.85,都市：住,,,,16120000
RPPPMLQJQHGGFCD18CC,富強段,.00,都市：住,,,,03190000
RPRNMLQJQHGGFAD97CC,保安段,.00,都市：住,,,,19310000
RPSNMLQJQHGGFAD08CC,公園段,.00,都市：商,,,,02790000
RPPOMLQJQHGGFAD87CC,金華段,.00,都市：商,,,,01330000
RPVNMLQJQHGGFAD38CC,金華段,.00,都市：住,,,,00450001
RPVOMLQJQHGGFAD48CC,實踐段,.00,都市：住,,,,02820000
RPUNMLQJQHGGFAD28CC,保安段,.00,都市：住,,,,20750000
RPOOMLQJQHGGFAD77CC,金華段,.00,都市：住,,,,00870000
RPTOMLQJQHGGFAD28CC,金華段,.00,都市：商,,,,01330000
RPUNMLQJQHGGFKD66CC,鹽東段,4.52,都市：住,,,,16220000
RPXNMLQJQHGGFKD96CC,成功段,.00,都市：住,,,,01860000
RPWNMLQJQHGGFKD86CC,南新段,.00,都市：住,,,,09000000
RPPOMLQJQHGGFKD88CC,橋北段,.00,都市：住,,,,00520000
RPSOMLQJQHGGFKD56CC,六甲頂段,.00,都市：住,,,,08770005
RPRNMLTJQHGGFCD58DC,大林段,92.43,都市：住,,,,07490000
RPRNMLQJQHGGFID78CC,岳王段,.00,都市：商,,,,10490000
RPWNMLTJQHGGFCD98CC,竹篙厝段,46.46,都市：商,,,,16780000
RPXOMLQJQHGGFKD07CC,成功段,.00,都市：商,,,,01190000
RPUOMLKKQHGGFBD97CC,安西段,2588.88,都市：住,,,,20360000
RPPNMLKKQHGGFED67CC,東興段,66.43,都市：住,,,,09450000
RPUOMLKKQHGGFBD97CC,安西段,457.67,都市：住,,,,20370000
RPPNMLKKQHGGFED67CC,東興段,91.75,都市：住,,,,09460000
RPSNMLQJQHGGFID88CC,白崙段,.00,都市：商,,,,00720000
RPRPMLKKQHGGFAD67CC,立人段,.00,都市：住,,,,00540000
RPUNMLLKQHGGFID68CC,岳王段,396.69,都市：農,,,,02620000
RPWNMLKKQHGGFID78CC,二仁段,165.28,都市：農,,,,03770000
RPXNMLKKQHGGFID88CC,二行段,165.28,都市：農,,,,03770000
RPQNMLLKQHGGFFD08DC,嗚頭段,3982.00,非都市：山坡地保育區 ; 非都市編定：農牧用地,,,,01450001
RPQNMLLKQHGGFFD08DC,嗚頭段,718.00,非都市：山坡地保育區 ; 非都市編定：農牧用地,,,,01450003
RPQNMLLKQHGGFFD08DC,嗚頭段,6844.00,非都市：山坡地保育區 ; 非都市編定：農牧用地,,,,01450009
RPQNMLLKQHGGFFD08DC,嗚頭段,3763.00,非都市：山坡地保育區 ; 非都市編定：農牧用地,,,,01480000
RPQNMLLKQHGGFFD08DC,嗚頭段,4266.00,非都市：山坡地保育區 ; 非都市編定：農牧用地,,,,01490000
RPQNMLLKQHGGFFD08DC,嗚頭段,4145.00,非都市：山坡地保育區 ; 非都市編定：農牧用地,,,,01490001
RPQNMLLKQHGGFFD08DC,嗚頭段,2825.00,非都市：山坡地保育區 ; 非都市編定：農牧用地,,,,01490002
RPQNMLLKQHGGFFD08DC,嗚頭段,4093.00,非都市：山坡地保育區 ; 非都市編定：農牧用地,,,,01510000
RPQNMLLKQHGGFFD08DC,嗚頭段,4670.00,非都市：山坡地保育區 ; 非都市編定：農牧用地,,,,01520000
RPROMLLKQHGGFAD67CC,新臨安段,.00,都市：住,,,,24260000
RPROMLLKQHGGFAD67CC,新臨安段,.00,都市：住,,,,24270000
RPQOMLLKQHGGFKD58CC,六甲頂段,.00,都市：住,,,,05150010
RPROMLLKQHGGFAD67CC,新臨安段,.00,都市：住,,,,24290000
RPROMLLKQHGGFAD67CC,新臨安段,.00,都市：住,,,,24300000
RPROMLLKQHGGFAD67CC,新臨安段,.00,都市：住,,,,24310000
RPSOMLLKQHGGFKD78CC,永和段,81.97,都市：住,,,,02050000
RPUNMLLKQHGGFAD87CC,南門段,.00,都市：住,,,,03920000
RPQNMLLKQHGGFBD57CC,頂安段,45.15,都市：住,,,,06560000
RPQNMLLKQHGGFBD57CC,頂安段,64.86,都市：其他:道路用地,,,,06560001
RPSOMLLKQHGGFHD48CC,福壽段,535.45,都市：住,,,,02050000
RPVNMLLKQHGGFCD18CC,鹽埕段,.00,都市：住,,,,02560051
RPVNMLLKQHGGFCD18CC,鹽埕段,.00,都市：住,,,,02560277
RPXNMLLKQHGGFCD38CC,光明段,.00,都市：住,,,,04290005
RPSNMLLKQHGGFHD38CC,大營段,246.00,非都市：一般農業區 ; 非都市編定：丁種建築用地,,,,26620110
RPOOMLLKQHGGFCD57CC,竹篙厝段,.00,都市：商,,,,17630000
RPOOMLMKQHGGFCD67CC,光華段,.00,都市：住,,,,09090000
RPTNMLMKQHGGFCD08CC,竹篙厝段,309.00,都市：住,,,,40340006
RPXNMLNKQHGGFAD38CC,金華段,.00,都市：住,,,,00110064
RPXPMLMKQHGGFAD48CC,金華段,.00,都市：住,,,,01450010
RPQNMLNKQHGGFAD67CC,正覺段,.00,都市：住,,,,02620000
RPPNMLNKQHGGFCD77CC,富農段,.00,都市：住,,,,00480000
RPPNMLNKQHGGFCD77CC,富農段,.00,都市：住,,,,00480001
RPROMLNKQHGGFAD87CC,金華段,.00,都市：住,,,,00050000
RPQNMLNKQHGGFCD87CC,東光段,.00,都市：住,,,,05490000
RPWOMLNKQHGGFCD58CC,裕南段,.00,都市：住,,,,09810000
RPWOMLNKQHGGFCD58CC,裕南段,.00,都市：住,,,,09820000
RPRNMLNKQHGGFCD97CC,育樂段,.00,都市：住,,,,04460000
RPPNMLNKQHGGFHD28CC,南社內段,.00,非都市：鄉村區 ; 非都市編定：乙種建築用地,,,,05290000
RPUNMLNKQHGGFHD78CC,三德段,.00,都市：住,,,,04760000
RPSNMLNKQHGGFHD58CC,潭頂段,.00,非都市：鄉村區 ; 非都市編定：乙種建築用地,,,,06030014
RPVNMLNKQHGGFHD88CC,信義段,.00,都市：住,,,,00940000
RPOOMLNKQHGGFHD28CC,成功段,.00,都市：住,,,,04440000
RPUNMLNKQHGGFBD18CC,淵東段,.00,都市：住,,,,03120048
RPPOMLNKQHGGFBD77CC,佃西段,.00,都市：其他:住宅區,,,,05400000
RPUNMLNKQHGGFKD09CC,永和段,.00,都市：商,,,,13880000
RPVNMLNKQHGGFKD56CC,六甲頂段,.00,都市：住,,,,06860001
RPWNMLNKQHGGFKD66CC,六甲頂段,.00,都市：住,,,,13100001
RPUPMLNKQHGGFKD66CC,南工段,.00,都市：住,,,,01410000
RPQPMLNKQHGGFKD88CC,兵北段,.00,都市：住,,,,05670000
RPOOMLNKQHGGFKD58CC,兵北段,.00,都市：住,,,,04190012
RPQOMLQJQHGGFID78CC,白崙段,.00,都市：商,,,,00720000
RPRNMLNKQHGGFKD78CC,仁愛段,.00,都市：住,,,,11980000
RPQQMLNKQHGGFKD98CC,六甲頂段,.00,都市：住,,,,09060000
RPRQMLNKQHGGFKD09CC,橋北段,.00,都市：住,,,,00040000
RPRPMLNKQHGGFKD09DC,成功段,.00,都市：住,,,,03800000
RPVPMLNKQHGGFKD86DC,六甲頂段,.00,都市：住,,,,10910000
RPUNMLNKQHGGFCD38DC,大同段,.00,都市：住,,,,06370000
RPVNMLNKQHGGFCD48DC,富裕段,.00,都市：住,,,,08480000
RPVNMLNKQHGGFCD48DC,富裕段,.00,都市：住,,,,08480001
RPOOMLNKQHGGFGD28DC,佳里段,.00,都市：商,,,,10470001
RPVNMLNKQHGGFCD48DC,富裕段,.00,都市：其他:道路用地,,,,08480002
RPXNMLNKQHGGFCD68DC,竹篙厝段,.00,都市：住,,,,21970000
RPVNMLNKQHGGFID98CC,歸仁北段,.00,都市：住,,,,03300015
RPXNMLNKQHGGFCD68DC,竹篙厝段,.00,都市：住,,,,21980000
RPTNMLNKQHGGFAD08DC,延平段,.00,都市：住,,,,14610000
RPSNMLQKQHGGFBD28CC,育安段,132.23,都市：住,,,,11130000
RPWNMLNKQHGGFAD38DC,金華段,.00,都市：住,,,,00750043
RPROMLQKQHGGFCD38CC,竹篙厝段,.00,都市：住,,,,27900012
RPQOMLQKQHGGFCD28CC,富裕段,.00,都市：住,,,,07690000
RPTOMLQKQHGGFCD58CC,德高段,.00,都市：住,,,,06340000
RPTOMLQKQHGGFCD58CC,德高段,.00,都市：住,,,,06350000
RPQOMLQKQHGGFAD08CC,富台段,.00,都市：住,,,,07790000
RPROMLQKQHGGFAD18CC,星鑽段,.00,都市：商,,,,18300000
RPPNMLQKQHGGFAD87CC,保安段,.00,都市：住,,,,60000025
RPROMLQKQHGGFAD18CC,星鑽段,.00,都市：商,,,,18400000
RPWOMLQKQHGGFAD68CC,觀音段,.00,都市：商,,,,02570000
RPSPMLQKQHGGFAD38CC,保安段,.00,都市：商,,,,11750000
RPUNMLRKQHGGFAD48CC,延平段,.00,都市：住,,,,11690008
RPUNMLRKQHGGFID66CC,白崙段,3.94,都市：商,,,,00720000
RPXPMLRKQHGGFAD98CC,漁光段,.00,都市：商,,,,08660000
RPSNMLRKQHGGFKD66CC,永和段,.00,都市：其他:市場用地,,,,13840000
RPPOMLRKQHGGFID88CC,白崙段,10.12,都市：商,,,,00720000
RPQOMLRKQHGGFID98CC,白崙段,13.02,都市：商,,,,00720000
RPUOMLSKQHGGFKD07CC,東橋段,.00,都市：工,,,,04660000
RPVPMLSKQHGGFKD27CC,二王段,.00,都市：住,,,,13890000
RPUOMLSKQHGGFID86CC,車頭段,674.38,都市：工,,,,05050000
RPSOMLSKQHGGFAD48CC,郡王祠段,.00,都市：住,,,,25210000
RPWOMLSKQHGGFCD09CC,大恩段,.00,都市：住,,,,00570000
RPVOMLSKQHGGFCD98CC,虎尾段,.00,都市：住,,,,06260000
RPTOMLSKQHGGFAD58CC,金華段,.00,都市：住,,,,01100036
RPTNMLSKQHGGFCD68CC,竹篙厝段,.00,都市：住,,,,24280032
RPTOMLSKQHGGFHD66CC,竹子腳段,661.15,非都市：特定農業區 ; 非都市編定：農牧用地,,,,15250000
RPXOMLSKQHGGFCD56CC,公英段,.00,都市：住,,,,01330000
RPSOMLSKQHGGFBD58CC,安中段,.00,都市：住,,,,06300011
RPWOMLSKQHGGFHD96CC,大營段,228.00,非都市：一般農業區 ; 非都市編定：丁種建築用地,,,,26620033
RPQPMLSKQHGGFHD09CC,富強段,330.57,都市：農,,,,05390000
RPVNMLTKQHGGFGD76CC,新宅段,.00,非都市：鄉村區 ; 非都市編定：乙種建築用地,,,,04500008
RPSNMLTKQHGGFBD58CC,和館段,.00,都市：住,,,,00440819
RPTNMLTKQHGGFCD78CC,光明段,.00,都市：住,,,,05710023
RPWNMLTKQHGGFGD86CC,新安段,.00,非都市：鄉村區 ; 非都市編定：乙種建築用地,,,,05500000
RPXNMLTKQHGGFCD56CC,府連段,.00,都市：住,,,,08630000
RPTNMLTKQHGGFCD78CC,光明段,.00,都市：住,,,,05730007
RPXNMLTKQHGGFCD56CC,府連段,.00,都市：住,,,,08640000
RPUNMLTKQHGGFCD88CC,竹篙厝段,.00,都市：住,,,,38160000
RPUNMLTKQHGGFCD88CC,竹篙厝段,.00,都市：住,,,,38340003
RPPOMLTKQHGGFCD48CC,鹽埕段,102.00,都市：住,,,,25930014
RPPOMLTKQHGGFCD48CC,鹽埕段,101.00,都市：住,,,,25930005
RPPOMLTKQHGGFCD48CC,鹽埕段,102.00,都市：住,,,,25930015
RPOPMLTKQHGGFCD48CC,富農段,.00,都市：住,,,,17620000
RPUNMLTKQHGGFAD68CC,康祥段,.00,都市：住,,,,07290000
RPVNMLTKQHGGFAD78CC,金華段,.00,都市：商,,,,01340000
RPRNMLTKQHGGFID56CC,崙中段,.00,都市：住,,,,00550013
RPPOMLTKQHGGFAD28CC,正興段,.00,都市：住,,,,07050016
RPOOMLTKQHGGFKD66DC,兵北段,89.65,都市：住,,,,01810000
RPOOMLTKQHGGFKD66DC,兵北段,90.26,都市：住,,,,01800000
RPSNMLTKQHGGFKD86CC,大灣段,.00,都市：商,,,,61770000
RPVNMLTKQHGGFKD17CC,南工段,.00,都市：住,,,,00440000
RPVNMLTKQHGGFKD17CC,南工段,.00,都市：住,,,,01410000
RPPPMLTKQHGGFKD76CC,頂南段,.00,都市：住,,,,05350000
RPXOMLTKQHGGFAD56DC,郡王祠段,.00,都市：住,,,,09660000
RPXOMLTKQHGGFAD56DC,郡王祠段,.00,都市：住,,,,09670000
RPXPMLTKQHGGFKD57CC,六甲頂段,.00,都市：住,,,,10910000
RPSPMLTKQHGGFKD07CC,兵北段,.00,都市：住,,,,04140000
RPQPMLTKQHGGFKD86CC,大灣段,.00,都市：住,,,,31530018
RPRNMLKLQHGGFCD77CC,公英段,43.95,都市：住,,,,04900014
RPTPMLQKQHGGFAD48CC,華興段,.00,都市：住,,,,08030000
