﻿編號,土地位置,土地移轉面積(平方公尺),使用分區或編定,權利人持分分母,權利人持分分子,移轉情形,地號
The serial number, land position,land shifting area square meter,the use zoning or compiles and checks,,,,land parcel
RPQNMLLKOHGGFDE67CC,大順段,.00,都市：商,,,,04000000
RPQNMLLKOHGGFDE67CC,大順段,.00,都市：住,,,,03990001
RPSQMLLKOHGGFEE28CC,福山段,.00,都市：商,,,,05440000
RPUQMLLKOHGGFEE48CC,援中段一小段,.00,都市：住,,,,00440000
RPWOMLLKOHGGFAE08CC,博孝段,34.00,都市：其他:道路用地,,,,13890000
RPWOMLLKOHGGFAE08CC,博孝段,20.00,都市：商,,,,13900000
RPROMLLKOHGGFAE57CC,龍中段,.00,都市：商,,,,00180000
RPOOMLLKOHGGFAE27CC,龍中段,.00,都市：商,,,,00110000
RPVOMLLKOHGGFAE97CC,龍中段,.00,都市：商,,,,00180000
RPWNMLLKOHGGFCE18CC,瑞隆段二小段,147.92,都市：商,,,,06740000
RPROMLLKOHGGFCE77CC,獅甲段,.00,都市：商,,,,03300000
RPROMLLKOHGGFCE77CC,獅甲段,.00,都市：商,,,,03310000
RPOPMLLKOHGGFCE57CC,光華段,.00,都市：商,,,,03650000
RPWOMLLKOHGGFCE28CC,店鎮段二小段,59.00,都市：住,,,,29660003
RPTNMLLKOHGGFCE87CC,憲德段二小段,12.70,都市：商,,,,00260001
RPTOMLLKOHGGFGE38CC,中崙段,.00,都市：住,,,,00180000
RPUNNLMKOHGGFEE38CC,?後段,36.08,都市：住,,,,00190009
RPPNMLOKOHGGFEE97CC,福山段,.00,都市：住,,,,01890000
RPXNMLLKOHGGFIE88CC,松埔段,.00,非都市：鄉村區 ; 非都市編定：乙種建築用地,,,,06450000
RPQNMLOKOHGGFIE48CC,翠屏段,.00,都市：住,,,,07910000
RPVNMLLKOHGGFJE78CC,復安段,8.46,非都市：一般農業區 ; 非都市編定：農牧用地,,,,06790000
RPVNMLLKOHGGFJE78CC,復安段,12.99,非都市：一般農業區 ; 非都市編定：農牧用地,,,,06800000
RPVNMLLKOHGGFJE78CC,復安段,70.86,非都市：一般農業區 ; 非都市編定：農牧用地,,,,06870000
RPVNMLLKOHGGFJE78CC,復安段,912.70,非都市：一般農業區 ; 非都市編定：農牧用地,,,,06850000
RPVNMLLKOHGGFJE78CC,復安段,213.90,非都市：一般農業區 ; 非都市編定：農牧用地,,,,06860000
RPVNMLLKOHGGFJE78CC,復安段,694.87,非都市：一般農業區 ; 非都市編定：農牧用地,,,,06820000
RPVNMLLKOHGGFJE78CC,復安段,813.92,非都市：一般農業區 ; 非都市編定：農牧用地,,,,06840000
RPPNMLOKOHGGFCE77CC,憲德段一小段,.00,都市：住,,,,08040000
RPQNMLPKOHGGFIE58CC,慈惠段,13.97,都市：住,,,,10270000
RPWNMLPKOHGGFIE56CC,永和段,108.48,都市：住,,,,10910019
RPROMLLKOHGGFBE67CC,五塊厝段,8.84,都市：商,,,,22640000
RPRNMLPKOHGGFDE18CC,灣內段,271.78,都市：住,,,,07150001
RPROMLPKOHGGFDE28CC,三塊厝段四小段,157.70,都市：住,,,,14550000
RPUOMLPKOHGGFDE58CC,建工段,91.00,都市：住,,,,01100000
RPOPMLPKOHGGFDE08CC,鼎泰段,.00,都市：住,,,,14030001
RPSPMLPKOHGGFDE48CC,獅頭段一小段,64.00,都市：住,,,,19940005
RPUPMLPKOHGGFDE68CC,大裕段一小段,78.05,都市：住,,,,01500000
RPRPMLPKOHGGFEE48CC,新庄段十四小段,26.47,都市：住,,,,15410000
RPVPMLPKOHGGFDE78CC,獅頭段一小段,64.00,都市：住,,,,19940005
RPWPMLPKOHGGFDE88CC,建安段,.00,都市：商,,,,07360000
RPSNMLPKOHGGFBE08CC,新興段一小段,.00,都市：商,,,,05200000
RPSNMLPKOHGGFBE08CC,新興段一小段,.00,都市：商,,,,05200001
RPPNMLPKOHGGFAE67CC,北金段,9.71,都市：商,,,,11340000
RPROMLPKOHGGFAE97CC,青海段,.00,都市：住,,,,00650000
RPWNMLOKOHGGFGE88CC,赤山段,65.00,都市：住,,,,03420000
RPOQMLLKOHGGFGE08CC,新甲段,.00,都市：住,,,,10360000
RPPQMLPKOHGGFGE58CC,道爺?段,.00,都市：住,,,,10930094
RPXPMLLKOHGGFGE88CC,道爺?段,.00,都市：住,,,,10850058
RPOPMLPKOHGGFGE38CC,明頂段,100.00,都市：住,,,,00260058
RPVNMLQKOHGGFAE38CC,龍中段,12.90,都市：商,,,,00630000
RPQNMLQKOHGGFAE87CC,龍華段八小段,7.04,都市：商,,,,22100000
RPUOMLQKOHGGFAE38CC,龍華段八小段,10.69,都市：商,,,,22160000
RPTOMLQKOHGGFAE28CC,龍華段八小段,8.09,都市：商,,,,22560000
RPPQMLLKOHGGFGE18CC,華鳳段,.00,都市：住,,,,01120000
RPRNMLQKOHGGFBE08CC,過田子段,.00,都市：商,,,,11360000
RPVNMLQKOHGGFDE68CC,覆鼎金段覆鼎金小段,.00,都市：住,,,,12840000
RPTOMLQKOHGGFBE38CC,林德官段一小段,.00,都市：住,,,,32100012
RPPPMLQKOHGGFBE08CC,過田子段,.00,都市：商,,,,06210001
RPWOMLQKOHGGFAE58CC,龍華段一小段,.00,都市：住,,,,09160000
RPXNMLQKOHGGFDE88CC,灣子內段寶珠溝小段,6.28,都市：住,,,,07640000
RPQNMLQKOHGGFBE97CC,過田子段,.00,都市：商,,,,11360000
RPWPMLQKOHGGFDE98CC,獅頭段,.00,都市：商,,,,21320000
RPUOMLQKOHGGFDE68CC,德北段,10.15,都市：住,,,,00170000
RPPOMLQKOHGGFEE28CC,福民段,9.50,都市：住,,,,03880000
RPSOMLQKOHGGFEE58CC,新庄段十三小段,6.70,都市：商,,,,14450000
RPQRMLQKOHGGFEE68CC,新光段,16.47,都市：住,,,,03660000
RPSQMLQKOHGGFEE78CC,新庄段十三小段,8.67,都市：商,,,,14450000
RPUQMLQKOHGGFEE98CC,果貿段,.00,都市：住,,,,00120000
RPUPMLQKOHGGFEE88CC,新華段,14.63,都市：住,,,,00260000
RPSOMLQKOHGGFIE98CC,美山段,495.86,都市：農,,,,04540000
RPROMLQKOHGGFIE88CC,鹽埕段,115.70,都市：農,,,,02690000
RPPOMLQKOHGGFIE68CC,中里段,113.00,都市：住,,,,11200008
RPROMLQKOHGGFGE68CC,文山段,.00,都市：商,,,,01580000
RPXOMLQKOHGGFGE66CC,水安段,562.00,非都市：特定農業區 ; 非都市編定：農牧用地,,,,13010000
RPUOMLQKOHGGFGE98CC,華鳳段,24.11,都市：住,,,,01590000
RPSQMLQKOHGGFGE98CC,五甲段,.00,都市：商,,,,17980000
RPXOMLQKOHGGFFE56CC,新莊段,.00,非都市：鄉村區 ; 非都市編定：乙種建築用地,,,,06660000
RPOOMLRKOHGGFFE38CC,後壁田段,.00,都市：住,,,,02840000
RPVOMLQKOHGGFIE66CC,育才段,10.22,都市：住,,,,02560000
RPWOMLQKOHGGFCE78CC,港墘段,.00,都市：住,,,,04530000
RPTNMLRKOHGGFCE48CC,光華段,25.60,都市：住,,,,01710000
RPTOMLQKOHGGFIE09CC,澄清段,127.17,都市：住,,,,00390019
RPROMLQKOHGGFCE28CC,?莊段,13.08,都市：商,,,,07240000
RPQOMLQKOHGGFCE18CC,孔宅段,23.36,都市：住,,,,07370000
RPRNMLQKOHGGFCE18CC,愛群段,7.62,都市：商,,,,24590000
RPVOMLPKOHGGFCE58CC,瑞隆段二小段,.00,都市：商,,,,06340020
RPVOMLPKOHGGFCE58CC,瑞隆段二小段,.00,都市：商,,,,06360020
RPUNMLQKOHGGFCE48CC,獅甲段,12.08,都市：其他:第四種特定經貿核心專用區,,,,04190004
RPPOMLRKOHGGFCE18CC,瑞隆段一小段,19.94,都市：住,,,,06970000
RPPOMLRKOHGGFCE18CC,瑞隆段一小段,35.84,都市：住,,,,07070000
RPUNMLRKOHGGFGE98CC,鳳青段,109.19,都市：住,,,,00480001
RPXNMLRKOHGGFEE09CC,新庄段五小段,.00,都市：住,,,,10980000
RPXOMLRKOHGGFCE98CC,憲德段一小段,5.51,都市：住,,,,08040000
RPTPMLRKOHGGFEE88CC,福山段,9.56,都市：商,,,,03420000
RPWNMLRKOHGGFEE98CC,新光段,.00,都市：商,,,,03500000
RPUNMLRKOHGGFBE48CC,成功段,.00,都市：商,,,,06860000
RPUNMLRKOHGGFBE48CC,成功段,.00,都市：商,,,,06870000
RPWNMLRKOHGGFDE88CC,凱歌段,.00,都市：住,,,,01650000
RPQOMLRKOHGGFDE38CC,陽明段四小段,25.23,都市：住,,,,01200000
RPSOMLRKOHGGFGE88CC,鳳青段,.00,都市：住,,,,00210000
RPTNMLRKOHGGFBE38CC,意誠段,8.10,都市：商,,,,00930000
RPSNMLRKOHGGFAE18CC,龍中段,.00,都市：商,,,,00350000
RPQNMLRKOHGGFAE97CC,青海段,26.97,都市：商,,,,01520000
RPVNMLRKOHGGFBE58CC,五權段,20.86,都市：住,,,,00500000
RPRNMLSKOHGGFAE18CC,博孝段,.00,都市：商,,,,01400000
RPRNMLSKOHGGFAE18CC,博孝段,.00,都市：商,,,,01390000
RPPNMLSKOHGGFAE97CC,民生段,.00,都市：商,,,,08160000
RPOOMLSKOHGGFAE97CC,前金段,14.67,都市：商,,,,00710004
RPUNMLRKOHGGFAE38CC,鹽壽段,2582.00,都市：商,,,,00050000
RPQOMLSKOHGGFAE18CC,文東段,.00,都市：商,,,,10210000
RPTQMLSKOHGGFEE09CC,興隆段,5.00,都市：商,,,,04980001
RPVNMLSKOHGGFGE56CC,華鳳段,18.52,都市：住,,,,01630001
RPUNMLSKOHGGFGE09CC,竹子腳段,23.40,都市：住,,,,00010078
RPVQMLSKOHGGFEE66CC,?後段,36.44,都市：住,,,,00370000
RPPNMLSKOHGGFGE58CC,華鳳段,16.62,都市：住,,,,00800000
RPTOMLSKOHGGFIE66CC,長庚段,661.15,都市：農,,,,00850000
RPXOMLSKOHGGFFE76CC,嘉新段,1653.00,非都市：一般農業區 ; 非都市編定：農牧用地,,,,06280000
RPPPMLSKOHGGFFE68CC,觀水段,403.41,都市：農,,,,02410024
RPTNMLSKOHGGFFE88CC,大全段,1788.00,都市：工,,,,00700000
RPQPMLSKOHGGFFE78CC,筆秀段,1124.00,都市：其他:分區界線尚未分割,,,,00790000
RPUNMLSKOHGGFJE76CC,立德段,52.89,都市：住,,,,04610000
RPPNMLKLOHGGFDE57CC,三塊厝段,65.00,都市：商,,,,11640010
RPVNMLLLOHGGFDE28CC,獅頭段,6.97,都市：住,,,,26000000
RPQNMLSKOHGGFJE98CC,大湖段,400.00,都市：農,,,,21080000
RPSNMLLLOHGGFEE08CC,新庄段十二小段,.00,都市：商,,,,12030005
RPVNMLLLOHGGFEE38CC,翠屏段三小段,806.43,都市：住,,,,00030000
RPOOMLLLOHGGFEE77CC,新庄段三小段,.00,都市：住,,,,11840000
RPXQMLLLOHGGFEE88CC,菜公段五小段,.00,都市：住,,,,13570000
RPQPMLLLOHGGFEE08CC,藍田東段,.00,都市：住,,,,01170000
RPWPMLLLOHGGFEE68CC,新庄段八小段,15.79,都市：住,,,,00920000
RPUNMLLLOHGGFAE87CC,龍華段二小段,.00,非都市： ; 非都市編定：,,,,00960000
RPVNMLLLOHGGFAE97CC,龍華段二小段,.00,非都市： ; 非都市編定：,,,,00960000
RPSQMLLLOHGGFFE48CC,興龍段,.00,非都市：特定農業區 ; 非都市編定：甲種建築用地,,,,00040000
RPUNMLLLOHGGFLE98CC,義和段,207.22,都市：住,,,,10760000
RPTQMLLLOHGGFFE58CC,興龍段,.00,非都市：特定農業區 ; 非都市編定：甲種建築用地,,,,00040000
RPUQMLLLOHGGFFE68CC,興龍段,.00,非都市：特定農業區 ; 非都市編定：甲種建築用地,,,,00040000
RPXOMLLLOHGGFCE48CC,鳳宮段,13.95,都市：住,,,,11960000
RPQNMLLLOHGGFIE28CC,竹後段,347.10,都市：工,,,,00840000
RPSNMLLLOHGGFGE28CC,竹子腳段,88.00,都市：住,,,,03490072
RPUNMLLLOHGGFGE48CC,保成段,138.84,都市：住,,,,01700000
RPPOMLLLOHGGFGE08CC,道爺?段下菜園小段,4.65,都市：住,,,,00180005
RPPOMLLLOHGGFGE08CC,道爺?段下菜園小段,7.12,都市：住,,,,00050002
RPWNMLSKOHGGFBE78CC,林德官段二小段,9.66,都市：商,,,,34410001
RPQOMLSKOHGGFBE28CC,意誠段,.00,都市：商,,,,01990000
RPXNMLSKOHGGFBE88CC,意誠段,.00,都市：商,,,,01990000
RPROMLLLOHGGFGE28CC,曹公段,592.75,都市：工,,,,00640019
RPXOMLLLOHGGFGE88CC,新甲段,11.36,都市：住,,,,11020000
RPPOMLMLOHGGFGE18CC,明頂段,70.55,都市：住,,,,01140024
RPQOMLMLOHGGFGE28CC,新甲段,.00,都市：住,,,,13230078
RPPOMLMLOHGGFGE18CC,明頂段,3.30,都市：住,,,,01140018
RPSOMLMLOHGGFGE48CC,竹子腳段,.00,都市：住,,,,06530000
RPXOMLMLOHGGFCE58CC,仁愛段,.00,都市：住,,,,02390000
RPXOMLMLOHGGFCE58CC,仁愛段,.00,都市：住,,,,02400000
RPXOMLMLOHGGFCE58CC,仁愛段,.00,都市：住,,,,02410000
RPXOMLMLOHGGFCE58CC,仁愛段,.00,都市：住,,,,02420000
RPOPMLMLOHGGFFE08CC,興龍段,.00,非都市：特定農業區 ; 非都市編定：甲種建築用地,,,,00040000
RPOQMLMLOHGGFGE28CC,赤山段,.00,都市：商,,,,07510000
RPWNMLLLOHGGFBE18CC,苓雅寮段,18.78,都市：住,,,,09120000
RPXOMLMLOHGGFGE98CC,過埤段,.00,都市：住,,,,07220000
RPUOMLSKOHGGFBE68CC,新興段二小段,2.00,都市：商,,,,13020001
RPUOMLSKOHGGFBE68CC,新興段二小段,42.96,都市：商,,,,13130000
RPSOMLMLOHGGFIE78DC,新後港西段,20.84,都市：住,,,,00690148
RPTOMLSKOHGGFBE58CC,意誠段,5.68,都市：商,,,,01990000
RPOOMLMLOHGGFAE47CC,文東段,3.91,都市：商,,,,15500000
RPSPMLMLOHGGFAE97CC,鼓中段五小段,.00,都市：住,,,,01920000
RPTOMLMLOHGGFBE08CC,過田子段,.00,都市：商,,,,11360000
RPRVMLLLOHGGFBE48CC,林德官段,8.29,都市：商,,,,41640000
RPRVMLLLOHGGFBE48CC,林德官段,4.69,都市：住,,,,41650000
RPWQMLMLOHGGFBE58CC,過田子段,.00,都市：商,,,,06360002
RPSNMLMLOHGGFAE77CC,青海段,1007.17,都市：商,,,,01740000
RPWNMLMLOHGGFEE58CC,新庄段八小段,756.00,都市：住,,,,01280000
RPPPMLMLOHGGFDE97CC,中華段一小段,.00,都市：商,,,,07550000
RPWNMLNLOHGGFDE58CC,大港段七小段,.00,都市：商,,,,04300001
RPWOMLMLOHGGFBE38CC,大統段二小段,.00,都市：商,,,,13180000
RPPRMLMLOHGGFBE97CC,大統段一小段,.00,都市：商,,,,12300000
RPWNMLMLOHGGFDE48CC,建昌段,16.16,都市：其他:第二種特定商業專用區,,,,04480000
RPWNMLMLOHGGFDE48CC,建昌段,12.26,都市：住,,,,04480001
RPXNMLNLOHGGFDE68CC,灣中段,.00,都市：商,,,,00840001
RPSNMLNLOHGGFEE28CC,藍昌段三小段,.00,都市：住,,,,01450000
RPUNMLNLOHGGFEE48CC,土庫段三小段,.00,都市：商,,,,02330003
RPVNMLNLOHGGFEE58CC,加昌段,.00,都市：商,,,,08200000
RPSOMLNLOHGGFEE38CC,楠梓段三小段,.00,都市：商,,,,05440000
RPQOMLNLOHGGFEE18CC,?後段,.00,都市：住,,,,00190003
RPQNMLNLOHGGFAE67CC,大榮段,.00,都市：住,,,,04000000
RPROMLNLOHGGFBE97CC,林德官段,.00,都市：商,,,,13470000
RPSNMLNLOHGGFAE87CC,鼓中段四小段,.00,都市：商,,,,04690000
RPOQMLNLOHGGFBE87CC,意誠段,.00,都市：商,,,,00430000
RPTNMLNLOHGGFAE97CC,龍華段八小段,1882.00,都市：商,,,,22930000
RPUNMLNLOHGGFLE56CC,龔林段,.00,都市：住,,,,09180000
RPPOMLNLOHGGFAE67CC,鹽壽段,.00,都市：商,,,,00050000
RPQOMLNLOHGGFFE28CC,灣裡段,283.29,都市：工,,,,12820008
RPQNMLNLOHGGFCE87CC,憲德段二小段,.00,都市：商,,,,00260000
RPPOMLNLOHGGFCE87CC,孔宅段,330.58,都市：農,,,,09030000
RPWNMLNLOHGGFEE68CC,加昌段,.00,都市：住,,,,01520000
RPSOMLNLOHGGFCE18CC,光華段,.00,都市：商,,,,03650000
RPOOMLNLOHGGFDE87CC,大港段二小段,.00,都市：住,,,,12110002
RPOOMLNLOHGGFDE87CC,大港段二小段,.00,都市：住,,,,12110005
RPRNMLNLOHGGFGE38CC,中崙段,.00,都市：住,,,,00180000
RPTOMLNLOHGGFBE18CC,正明段,.00,都市：住,,,,04540000
RPWNMLNLOHGGFGE88CC,中崙段,.00,都市：住,,,,00180000
RPOPMLNLOHGGFCE87CC,青島段二小段,.00,都市：住,,,,06040000
RPOOMLNLOHGGFGE18CC,牛潮埔段,773.00,都市：工,,,,05080000
RPXNMLNLOHGGFGE98CC,牛潮埔段,189.00,都市：住,,,,04830149
RPOPMLNLOHGGFGE28CC,道爺?段,.00,都市：住,,,,07060019
RPUNMLOLOHGGFCE38CC,佛公段,.00,都市：商,,,,06220000
RPXOMLNLOHGGFGE09CC,五甲段,.00,都市：住,,,,16480000
RPQNMLOLOHGGFFE28CC,文興段,330.60,非都市：特定農業區 ; 非都市編定：農牧用地,,,,04710000
RPSOMLOLOHGGFCE28CC,愛群段,15.03,都市：商,,,,23940000
RPROMLOLOHGGFFE48CC,典寶段,116.00,非都市：特定農業區 ; 非都市編定：農牧用地,,,,09330000
RPTNMLOLOHGGFFE58CC,為隨段,261.00,非都市：特定農業區 ; 非都市編定：丁種建築用地,,,,01360064
RPTNMLLKOHGGFFE18CC,文化段,.00,都市：商,,,,02920000
RPPOMLOLOHGGFAE77CC,前金段,.00,都市：商,,,,00660000
RPWOMLOLOHGGFFE98CC,岡山段,71.00,都市：住,,,,06390027
RPSNMLOLOHGGFAE97CC,青海段,.00,都市：住,,,,00970000
RPTOMLOLOHGGFAE18CC,前金段,.00,都市：商,,,,01080004
RPTPMLOLOHGGFBE38CC,新興段四小段,.00,都市：商,,,,17840000
RPRRMLOLOHGGFEE68CC,楠梓段四小段,.00,都市：住,,,,03940000
RPSRMLPLOHGGFDE78CC,三塊厝段一小段,.00,都市：商,,,,10850000
RPXNMLOLOHGGFDE78CC,鼎泰段,.00,都市：商,,,,13530000
RPPVMLPLOHGGFDE88CC,大港段四小段,.00,都市：商,,,,32080001
RPTRMLPLOHGGFDE88CC,大港段二小段,23.17,都市：商,,,,17470000
RPSNMLPLOHGGFEE48CC,新庄段十三小段,8.75,都市：商,,,,14450000
RPQVOLPLOHGGFDE56CC,大裕段一小段,.00,都市：住,,,,03240000
RPOUOLPLOHGGFDE88CC,覆鼎金段覆鼎金小段,26.88,都市：住,,,,09750000
RPWNMLPLOHGGFEE88CC,菜公段二小段,3209.00,都市：工,,,,01030000
RPUNMLPLOHGGFAE28CC,青海段,34.04,都市：住,,,,06430000
RPSRMLPLOHGGFBE58CC,林德官段一小段,6.09,都市：商,,,,24070000
RPVQMLPLOHGGFBE78CC,意誠段,6.92,都市：商,,,,07270000
RPOOMLPLOHGGFFE28CC,文化段,22.42,都市：商,,,,02920000
RPUNMLPLOHGGFEE68CC,清楠段,18.65,都市：住,,,,03820000
RPOOMLPLOHGGFCE97CC,獅甲段二小段,14.17,都市：住,,,,05530000
RPWOMLPLOHGGFGE56CC,灣頭段,101.00,都市：住,,,,00400102
RPSOMLPLOHGGFCE38CC,獅甲段,.72,都市：商,,,,03300000
RPSOMLPLOHGGFCE38CC,獅甲段,2.26,都市：商,,,,03310000
RPUNMLPLOHGGFLE86DC,後庄段,1782.49,都市：住,,,,03580000
RPOOMLPLOHGGFIE58CC,永仁段,157.84,都市：住,,,,00390000
RPOOMLPLOHGGFIE58CC,永仁段,202.62,都市：住,,,,00400000
RPOOMLPLOHGGFIE58CC,永仁段,79.23,都市：住,,,,00380000
RPTNMLQLOHGGFBE38CC,意誠段,.00,都市：商,,,,01990000
RPPNMLQLOHGGFDE18CC,中華段一小段,198.35,都市：工,,,,09290000
RPWTMLSLOHGGFEE17CC,新庄段十三小段,32.66,都市：住,,,,13890000
RPPVMLSLOHGGFEE66CC,新庄段六小段,26.28,都市：住,,,,09130000
RPSNMLSLOHGGFBE48CC,新興段四小段,11.44,都市：商,,,,01210000
RPSNMLSLOHGGFBE48CC,新興段四小段,.08,都市：商,,,,01210002
RPSONLSLOHGGFAE58CC,興仁段,24.32,都市：商,,,,03910000
RPRONLSLOHGGFAE48CC,青海段,126.00,都市：住,,,,01050000
RPPPMLSLOHGGFJE56CC,東安段,85.19,都市：住,,,,13230000
RPUNMLSLOHGGFBE68CC,新興段四小段,9.51,都市：商,,,,00510000
RPRNMLSLOHGGFCE48CC,獅甲段二小段,48.69,都市：商,,,,05520000
RPRNMLSLOHGGFGE88CC,灣頭段,.00,都市：住,,,,00210210
RPWNMLSLOHGGFCE98CC,獅甲段,89.00,都市：住,,,,00800000
RPWUMLSLOHGGFAE86CC,龍華段七小段,.00,都市：住,,,,10810000
RPSTMLSLOHGGFFE86CC,岡山段,101.27,都市：住,,,,04620000
RPPNMLTLOHGGFCE38CC,店鎮段一小段,.00,都市：商,,,,12210000
RPVNMLTLOHGGFCE98CC,獅甲段二小段,.00,都市：住,,,,05910000
RPTNMLTLOHGGFIE76CC,慈惠段,.00,都市：住,,,,10270000
RPXNMLTLOHGGFLE47CC,赤崁段潮州寮小段,132.23,都市：農,,,,56680000
RPVOMLTLOHGGFCE09CC,憲德段一小段,.00,都市：住,,,,08110000
RPQOMLTLOHGGFLE86CC,清水巖段,.00,都市：住,,,,11920000
RPXQMLTLOHGGFAE66CC,前金段,6.85,都市：商,,,,00650000
RPROMLTLOHGGFAE48CC,前金段,54.01,都市：商,,,,00710004
RPOQMLTLOHGGFBE48CC,意誠段,.00,都市：商,,,,07630001
RPSNMLTLOHGGFBE58CC,過田子段,.00,都市：商,,,,06070000
RPSRMLTLOHGGFBE98CC,苓雅寮段,7.80,都市：商,,,,04900000
RPRNMLTLOHGGFBE48CC,過田子段,.00,都市：商,,,,06070000
RPSQMLTLOHGGFBE88CC,武聖段,73.00,都市：住,,,,24530000
RPTRMLTLOHGGFBE09CC,林聖段,.00,都市：住,,,,10560006
RPTOMLTLOHGGFDE98CC,德北段,10.15,都市：住,,,,00170000
RPOROLTLOHGGFEE09CC,右昌段四小段,.00,都市：商,,,,06850000
RPUNOLTLOHGGFEE66CC,果貿段,.00,都市：住,,,,02150011
RPTPOLTLOHGGFEE76CC,新庄段十三小段,4.74,都市：商,,,,15090000
RPPROLTLOHGGFEE56CC,芎蕉段,.00,都市：商,,,,00880000
RPROMLTLOHGGFDE78CC,澄東段,55.21,都市：住,,,,01050011
RPQPMLKMOHGGFEE08CC,楠梓段三小段,.00,非都市： ; 非都市編定：,,,,06470001
RPQPMLKMOHGGFEE08CC,楠梓段三小段,.00,非都市： ; 非都市編定：,,,,06490000
RPOQMLKMOHGGFEE97CC,新庄段七小段,.00,都市：住,,,,10030000
RPSNMLKMOHGGFEE08CC,加昌段,37.80,都市：住,,,,06300000
RPQRMLKMOHGGFEE28CC,新庄段八小段,14.87,都市：住,,,,00920000
RPWQMLKMOHGGFEE78CC,新福段七小段,30.97,都市：住,,,,00040000
RPXQMLKMOHGGFEE88CC,新博段,163.20,都市：住,,,,00130000
RPRRMLKMOHGGFEE38CC,新庄段十三小段,12.49,都市：住,,,,14020000
RPRNMLKMOHGGFBE67CC,苓洲段,4.99,都市：商,,,,17920000
RPSRMLKMOHGGFEE48CC,高昌段,14.80,都市：住,,,,01210000
RPQOMLKMOHGGFBE67CC,新興段四小段,.00,都市：商,,,,18230000
RPXNMLKMOHGGFBE28CC,苓洲段,7.50,都市：商,,,,05420000
RPUWMLSLOHGGFEE27CC,翠屏段一小段,48.71,都市：住,,,,00330001
RPOWNLTLOHGGFEE86CC,新庄段八小段,.00,都市：住,,,,00620000
RPPOMLKMOHGGFBE57CC,苓洲段,7.50,都市：商,,,,05420000
RPPOMLKMOHGGFAE47CC,前金段,.00,都市：商,,,,01360000
RPQOMLKMOHGGFAE57CC,龍華段二小段,.00,都市：住,,,,00220002
RPVOMLKMOHGGFAE08CC,龍華段二小段,.00,都市：住,,,,00220002
RPTNMLKMOHGGFAE77CC,龍中段,21.38,都市：商,,,,01130000
RPOPMLKMOHGGFAE47CC,青海段,20.41,都市：商,,,,02120000
RPPPMLKMOHGGFAE57CC,龍中段,54.27,都市：商,,,,00280001
RPSNMLKMOHGGFGE28CC,明頂段,68.00,都市：住,,,,01140037
RPSNMLKMOHGGFGE28CC,明頂段,6.60,都市：住,,,,01140043
RPVNMLKMOHGGFGE58CC,竹子腳段,11.00,都市：住,,,,00810000
RPTNMLKMOHGGFGE38CC,五甲段,.00,都市：住,,,,02060040
RPXNMLKMOHGGFGE78CC,文山段,.00,都市：住,,,,03970000
RPPPMLKMOHGGFCE77CC,光華段一小段,23.23,都市：住,,,,20120000
RPVSMLKMOHGGFCE68CC,獅甲段二小段,14.17,都市：商,,,,05530000
RPVTMLKMOHGGFCE78CC,店鎮段一小段,.00,都市：商,,,,12210000
RPVQMLKMOHGGFCE48CC,仁愛段,256.00,都市：工,,,,07920009
RPXTMLKMOHGGFCE98CC,宏明段,.00,都市：住,,,,02490000
RPRRMLKMOHGGFCE18CC,籬子內段籬子內小段,8.86,都市：住,,,,12870009
RPRRMLKMOHGGFCE18CC,籬子內段籬子內小段,13.29,都市：住,,,,12870009
RPUNMLKMOHGGFFE38CC,興龍段,.00,非都市：特定農業區 ; 非都市編定：甲種建築用地,,,,00040000
RPOTMLKMOHGGFCE08CC,竹北段一小段,11.21,都市：住,,,,20960000
RPWOMLKMOHGGFFE68CC,興龍段,.00,非都市：特定農業區 ; 非都市編定：甲種建築用地,,,,00040000
RPQPMLKMOHGGFFE18CC,興龍段,.00,非都市：特定農業區 ; 非都市編定：甲種建築用地,,,,00040000
RPUOMLLJPHGGFCE08CC,獅甲段,.00,都市：商,,,,03300000
RPUOMLLJPHGGFCE08CC,獅甲段,.00,都市：商,,,,03310000
RPSNMLLJPHGGFFE08CC,後壁田段,13.83,都市：住,,,,00960000
RPPPMLLJPHGGFFE97CC,文化段,80.00,都市：商,,,,00050000
RPPPMLLJPHGGFFE97CC,文化段,64.00,都市：商,,,,00060000
RPQPMLLJPHGGFGE18CC,曹公段,393.81,都市：工,,,,01030122
RPPNMLLJPHGGFGE87CC,鳳青段,19.70,都市：住,,,,01320000
RPQNMLLJPHGGFAE37CC,前金段,.00,都市：商,,,,00810002
RPTNMLLJPHGGFBE77CC,新興段二小段,15.56,都市：商,,,,17670000
RPVNMLLJPHGGFBE97CC,新興段二小段,.00,都市：商,,,,14590000
RPOOMLLJPHGGFBE37CC,大統段二小段,7.42,都市：商,,,,07640000
RPOOMLLJPHGGFBE37CC,大統段二小段,32.03,都市：商,,,,07650000
RPXOMLKMOHGGFDE58CC,三塊厝段三小段,94.75,都市：住,,,,36500000
RPPPMLKMOHGGFDE87CC,建豐段,.00,都市：商,,,,07000000
RPPPMLKMOHGGFDE87CC,建豐段,.00,都市：商,,,,07010000
RPVOMLKMOHGGFDE38CC,建德段,9.80,都市：商,,,,00310000
RPWOMLKMOHGGFDE48CC,中華段二小段,32.31,都市：商,,,,14030000
RPQNMLLJPHGGFEE77CC,新福段九小段,9.24,都市：商,,,,00060000
RPTOMLLJPHGGFEE18CC,新庄段十三小段,.00,都市：商,,,,14770000
RPQOMLLJPHGGFEE87CC,新庄段八小段,14.80,都市：住,,,,00920000
RPTNMLLJPHGGFDE97CC,建豐段,1.31,都市：商,,,,07020000
RPTNMLLJPHGGFDE97CC,建豐段,6.78,都市：商,,,,07030000
RPUOMLLJPHGGFEE28CC,新庄段一小段,.00,都市：住,,,,07550000
RPXOMLLJPHGGFDE48CC,澄東段,.00,都市：住,,,,00280000
RPPPMLLJPHGGFDE77CC,灣中段,6.47,都市：商,,,,00840001
RPWOMLLJPHGGFEE48CC,新庄段十三小段,.00,都市：商,,,,14930000
RPROMLMJPHGGFDE97CC,覆鼎金段覆鼎金小段,.00,都市：住,,,,13260016
RPUNMLMJPHGGFDE18CC,鼎祥段,.00,都市：住,,,,00230000
RPXQMLLJPHGGFEE78CC,新庄段七小段,124.00,都市：住,,,,09870000
RPWOMLMJPHGGFDE48CC,灣和段,34.40,都市：住,,,,01020000
RPUOMLMJPHGGFDE28CC,獅頭段一小段,.00,都市：商,,,,18650000
RPRNMLMJPHGGFEE97CC,新庄段一小段,.00,都市：住,,,,01920000
RPSNMLMJPHGGFEE08CC,菜公段二小段,2567.60,都市：工,,,,04010000
RPRNMLLJPHGGFAE47CC,博孝段,.00,都市：商,,,,13450000
RPOOMLLJPHGGFAE27CC,鼓南段一小段,23.92,都市：商,,,,03940000
RPTOMLMJPHGGFDE18CC,覆鼎金段覆鼎金小段,.00,都市：住,,,,13260016
RPWNMLLJPHGGFAE97CC,興仁段,.00,都市：商,,,,00230000
RPWNMLLJPHGGFAE97CC,興仁段,.00,都市：商,,,,00240000
RPWNMLLJPHGGFAE97CC,興仁段,.00,都市：其他:道路,,,,00240001
RPXNMLMJPHGGFEE58CC,楠梓段一小段,24.72,都市：住,,,,02490000
RPRNMLMJPHGGFBE67CC,意誠段,.00,都市：商,,,,01990000
RPSNMLMJPHGGFBE77CC,意誠段,.00,都市：商,,,,01990000
RPUNMLMJPHGGFBE97CC,過田子段,.00,都市：商,,,,11360000
RPSOMLMJPHGGFEE18CC,新庄段十三小段,6.70,都市：商,,,,14450000
RPTOMLMJPHGGFEE28CC,福民段,20.69,都市：住,,,,01080000
RPTNMLMJPHGGFBE87CC,過田子段,.00,都市：商,,,,11360000
RPQNMLMJPHGGFBE57CC,意誠段,.00,都市：商,,,,01990000
RPROMLMJPHGGFEE08CC,新庄段十三小段,117.10,都市：商,,,,15380000
RPQOMLMJPHGGFEE97CC,楠都段二小段,100.00,都市：住,,,,02030000
RPVNMLMJPHGGFAE97CC,東金段,.00,都市：商,,,,13280000
RPPOMLMJPHGGFBE57CC,新興段四小段,.00,都市：商,,,,16770000
RPPOMLMJPHGGFBE57CC,新興段四小段,.00,都市：商,,,,16780000
RPQNMLMJPHGGFAE47CC,府北段五小段,.00,都市：商,,,,01460000
RPOOMLMJPHGGFBE47CC,五塊厝段,8.10,都市：住,,,,18360001
RPXNMLMJPHGGFBE28CC,過田子段,.00,都市：商,,,,11360000
RPQNMLMJPHGGFGE08CC,新甲段,3.83,都市：其他:道路用地,,,,11410001
RPQNMLMJPHGGFGE08CC,新甲段,36.25,都市：住,,,,11410010
RPQNMLMJPHGGFGE08CC,新甲段,2.67,都市：其他:道路用地,,,,11410015
RPVNMLMJPHGGFBE08CC,新興段四小段,.00,都市：商,,,,16770000
RPVNMLMJPHGGFBE08CC,新興段四小段,.00,都市：商,,,,16780000
RPOOMLMJPHGGFGE97CC,道爺?段,.00,都市：住,,,,10910046
RPQNMLMJPHGGFIE28CC,後港段,100.15,都市：住,,,,02610000
RPPOMLMJPHGGFIE28CC,灣北段,36.05,都市：住,,,,00410000
RPQOMLMJPHGGFFE08CC,興龍段,.00,非都市：鄉村區 ; 非都市編定：乙種建築用地,,,,03180000
RPQNMLNJPHGGFAE57CC,龍華段八小段,53.86,都市：商,,,,24200000
RPQNMLNJPHGGFBE67CC,意誠段,.00,都市：商,,,,01990000
RPPNMLNJPHGGFBE57CC,意誠段,.00,都市：商,,,,01990000
RPRNMLNJPHGGFBE77CC,苓洲段,9.41,都市：商,,,,05420000
RPTNMLNJPHGGFBE97CC,苓洲段,7.77,都市：商,,,,05420000
RPPNMLOJPHGGFFE08CC,後壁田段,29.45,都市：住,,,,03090000
RPSNMLPJPHGGFFE48CC,岡山段,.00,都市：住,,,,06310006
RPRNMLNJPHGGFDE97CC,三塊厝段二小段,80.77,都市：商,,,,13870000
RPSOMLPJPHGGFGE68CC,赤山段,.00,都市：商,,,,07280000
RPWOMLPJPHGGFGE09CC,文英段,.00,都市：住,,,,07320000
RPXNMLPJPHGGFLE96CC,磚子?段,918.00,都市：工,,,,30650003
RPXNMLPJPHGGFLE96CC,磚子?段,36.00,都市：工,,,,30650004
RPPNMLPJPHGGFDE97CC,獅頭段,.00,都市：商,,,,21320000
RPSNMLPJPHGGFDE28CC,大港段五小段,101.00,都市：商,,,,08600000
RPXNMLPJPHGGFGE09CC,新庄子段,.00,都市：住,,,,01650000
RPTNMLPJPHGGFDE38CC,三塊厝段一小段,.00,都市：商,,,,10850000
RPWNMLPJPHGGFEE78CC,和平段四小段,.00,都市：住,,,,02090000
RPVNMLPJPHGGFEE68CC,和平段四小段,.00,都市：住,,,,00330000
RPQOMLPJPHGGFEE28CC,高昌段,.00,都市：住,,,,03590000
RPVOMLPJPHGGFBE48CC,正言段,.00,都市：商,,,,01950000
RPXOMLPJPHGGFEE98CC,福山段,.00,都市：住,,,,05130000
RPQPMLPJPHGGFEE38CC,和平段五小段,.00,都市：住,,,,04010000
RPPPMLPJPHGGFBE97CC,衛武段,158.00,都市：住,,,,01110000
RPVNMLPJPHGGFCE48CC,愛群段,.00,都市：商,,,,28140000
RPRQMLMJPHGGFCE08CC,港墘段,.00,都市：住,,,,02430000
RPTOMLPJPHGGFCE38CC,鎮東段,44.00,都市：住,,,,06430000
RPTOMLPJPHGGFCE38CC,鎮東段,48.00,都市：住,,,,06440000
RPTOMLPJPHGGFCE38CC,鎮東段,9.93,都市：住,,,,06450000
RPUNMLPJPHGGFCE38CC,籬子內段籬子內小段,.00,都市：住,,,,11920000
RPTOMLMJPHGGFCE08CC,盛興段,12.09,都市：住,,,,14920000
RPRNMLPJPHGGFAE87CC,龍華段八小段,6.50,都市：商,,,,22210000
RPQOMLPJPHGGFAE87CC,府北段五小段,.00,都市：商,,,,02350000
RPXNMLPJPHGGFAE48CC,東金段,.00,都市：商,,,,11040000
RPUNMLPJPHGGFAE18CC,龍華段八小段,5.79,都市：商,,,,22540000
RPOOMLPJPHGGFAE67CC,龍華段八小段,16.16,都市：商,,,,22160000
RPWNMLPJPHGGFAE38CC,龍中段,23.63,都市：住,,,,01680000
RPPNMLPJPHGGFAE67CC,鹽壽段,.00,都市：商,,,,00050000
RPVNMLPJPHGGFAE28CC,龍中段,7.05,都市：住,,,,00950000
RPSOMLPJPHGGFAE08CC,鹽壽段,.00,都市：商,,,,00050000
RPUOMLPJPHGGFAE28CC,龍中段,.00,都市：商,,,,01120000
RPTOMLQJPHGGFBE38CC,新興段三小段,.00,都市：商,,,,00200000
RPOOMLQJPHGGFEE18CC,新庄段十二小段,19.90,都市：住,,,,10400000
RPVOMLPJPHGGFAE38CC,文東段,3.55,都市：商,,,,10210000
RPVOMLPJPHGGFAE38CC,文東段,.01,都市：商,,,,10220000
RPUNMLQJPHGGFEE68CC,新光段,2095.90,都市：住,,,,01710000
RPUOMLQJPHGGFAE38CC,青海段,28.72,都市：住,,,,00820000
RPRNMLQJPHGGFEE38CC,福山段,.00,都市：商,,,,03430000
RPXQMLQJPHGGFEE66CC,新庄段五小段,15.42,都市：住,,,,10980000
RPSNMLQJPHGGFEE48CC,菜公段二小段,19.31,都市：住,,,,01970000
RPOPMLQJPHGGFEE28CC,新庄段十二小段,.00,都市：住,,,,11630000
RPPRMLQJPHGGFEE58CC,新庄段十三小段,.00,都市：商,,,,15090000
RPQRMLQJPHGGFEE68CC,菜公段五小段,.00,都市：住,,,,12290001
RPQRMLQJPHGGFEE68CC,菜公段五小段,.00,都市：住,,,,12300001
RPPOMLQJPHGGFLE98CC,磚子?段,249.00,都市：農,,,,33270007
RPWOMLQJPHGGFGE56CC,新甲段,12.97,都市：住,,,,10160007
RPSRMLQJPHGGFGE09CC,新庄子段,25.00,都市：住,,,,01280097
RPPPMLQJPHGGFDE28CC,鼎金段,39.36,都市：農,,,,02720007
RPPPMLQJPHGGFDE28CC,鼎金段,9.88,都市：農,,,,02720008
RPSRMLQJPHGGFGE09CC,新庄子段,31.00,都市：住,,,,01910068
RPPPMLQJPHGGFDE28CC,鼎金段,39.11,都市：農,,,,02720009
RPSRMLQJPHGGFGE09CC,新庄子段,11.00,都市：住,,,,01970061
RPPPMLQJPHGGFDE28CC,鼎金段,80.34,都市：農,,,,02720010
RPPPMLQJPHGGFDE28CC,鼎金段,608.89,都市：農,,,,02760012
RPUPMLQJPHGGFDE78CC,大港段四小段,.00,都市：商,,,,33550000
RPUPMLQJPHGGFDE78CC,大港段四小段,.00,都市：商,,,,33560000
RPPOMLQJPHGGFIE68CC,鹽埕段,131.28,都市：農,,,,02840016
RPWOMLQJPHGGFDE88CC,大港段,.00,都市：住,,,,35750000
RPWOMLQJPHGGFDE88CC,大港段,.00,都市：住,,,,35760000
RPOOMLQJPHGGFIE58CC,松埔段,66.10,都市：農,,,,11550000
RPSOMLQJPHGGFIE98CC,清福段,99.17,都市：其他:分區界線尚未分割,,,,01900001
RPWNMLQJPHGGFIE66CC,美德段,132.23,都市：農,,,,05110000
RPPOMLQJPHGGFCE08CC,瑞崗段二小段,16.15,都市：住,,,,04760000
RPPOMLQJPHGGFCE08CC,瑞崗段二小段,6.02,都市：商,,,,04760001
RPROMLQJPHGGFIE88CC,?埔段,859.50,都市：農,,,,13910000
RPOOMLQJPHGGFCE97CC,光華段一小段,.00,都市：住,,,,16700018
RPWOMLQJPHGGFCE78CC,宏明段,.00,都市：住,,,,03500000
RPTNMLQJPHGGFFE68CC,下竹圍段,67.02,都市：住,,,,00040018
RPTOMLRJPHGGFFE88CC,後壁田段,.00,都市：商,,,,00610000
RPXOMLQJPHGGFCE88CC,光華段一小段,.00,都市：住,,,,20220000
RPUNMLQJPHGGFFE78CC,介壽段,80.00,都市：住,,,,02400000
RPSNMLRJPHGGFCE38CC,店鎮段一小段,.00,都市：商,,,,12210000
RPQOMLRJPHGGFFE58CC,鳳雄段,705.02,非都市：一般農業區 ; 非都市編定：農牧用地,,,,02930000
RPQOMLRJPHGGFFE58CC,鳳雄段,1135.71,非都市：一般農業區 ; 非都市編定：農牧用地,,,,02940000
RPQOMLRJPHGGFFE58CC,鳳雄段,317.55,非都市：一般農業區 ; 非都市編定：農牧用地,,,,02950000
RPSOMLRJPHGGFCE48CC,光華段一小段,.00,都市：商,,,,20700010
RPSOMLRJPHGGFCE48CC,光華段一小段,.00,都市：商,,,,20700032
RPTNMLRJPHGGFIE09CC,保社段,211.90,都市：工,,,,00100000
RPPOMLRJPHGGFIE78CC,金鼎段,120.55,都市：住,,,,01980010
RPWNMLRJPHGGFDE88CC,獅頭段,.00,都市：商,,,,22420000
RPSNMLRJPHGGFLE66CC,仁德段,.00,都市：住,,,,01550000
RPPPMLRJPHGGFDE38CC,獅頭段一小段,.00,都市：商,,,,16850000
RPTOMLRJPHGGFDE68CC,獅頭段一小段,25.26,都市：住,,,,14520000
RPSOMLRJPHGGFDE58CC,建工段,.00,非都市： ; 非都市編定：,,,,00030000
RPUPMLRJPHGGFGE56CC,七老爺段一甲小段,53.00,都市：住,,,,12320003
RPSNMLRJPHGGFEE58CC,和平段四小段,.00,都市：住,,,,00500000
RPWNMLRJPHGGFEE98CC,楠都段三小段,8.24,都市：住,,,,06020000
RPRPMLRJPHGGFDE58CC,水源段,9.23,都市：商,,,,04320000
RPXOMLRJPHGGFEE56CC,新庄段七小段,22.78,都市：住,,,,03840000
RPRPMLRJPHGGFDE58CC,水源段,3.63,都市：商,,,,04320001
RPPNMLRJPHGGFAE87CC,青海段,17.79,都市：住,,,,00820000
RPRNMLRJPHGGFAE08CC,東金段,.00,都市：商,,,,11040000
RPSNMLRJPHGGFAE18CC,龍華段八小段,.00,都市：商,,,,24210000
RPPOMLRJPHGGFAE97CC,鹽壽段,.00,都市：商,,,,00050000
RPQOMLRJPHGGFAE08CC,內惟段二小段,150.00,都市：住,,,,01660001
RPPPMLRJPHGGFAE08CC,龍華段八小段,.00,都市：商,,,,22290000
RPQOMLSJPHGGFAE18CC,龍華段八小段,.00,都市：商,,,,22820000
RPQPMLRJPHGGFAE18CC,龍中段,.00,都市：商,,,,00590000
RPSOMLSJPHGGFAE38CC,文東段,127.00,都市：商,,,,07250000
RPPNMLSJPHGGFAE97CC,前金段,.00,都市：商,,,,00810002
RPUOMLSJPHGGFAE58CC,大榮段,.00,都市：商,,,,00430000
RPRNMLSJPHGGFDE48CC,三塊厝段一小段,.00,都市：商,,,,10850000
RPQRMLSJPHGGFEE88CC,藍田西段一小段,89.00,都市：住,,,,02260000
RPTOMLSJPHGGFAE48CC,龍華段八小段,.00,都市：商,,,,22850000
RPOPMLSJPHGGFGE68CC,五甲段,140.00,都市：商,,,,17560000
RPROMLSJPHGGFCE48CC,盛興段,103.00,都市：商,,,,04160000
RPXNMLSJPHGGFFE66CC,鳳雄段,517.31,非都市：一般農業區 ; 非都市編定：丁種建築用地,,,,03050000
RPRQMLSJPHGGFGE09CC,五甲段,661.15,都市：住,,,,12730028
RPPOMLSJPHGGFFE58CC,筆秀段,1124.00,都市：其他:分區界線尚未分割,,,,00790000
RPUOMLSJPHGGFFE09CC,頂田段,1322.40,非都市：特定農業區 ; 非都市編定：農牧用地,,,,18350000
RPRNMLTJPHGGFCE48CC,高松段一小段,.00,都市：住,,,,11100000
RPROMLTJPHGGFCE58CC,光華段,.00,都市：住,,,,00230000
RPTNMLTJPHGGFCE68CC,港和段二小段,69.00,都市：住,,,,05390009
RPQOMLTJPHGGFCE48CC,瑞隆段二小段,165.29,都市：其他:第二種特定商業專用區,,,,06740000
RPTOMLTJPHGGFCE78CC,盛興段,30.22,都市：住,,,,14920000
RPPOMLTJPHGGFGE78CC,竹子腳段,.00,都市：住,,,,02600007
RPSNMLTJPHGGFGE98CC,華鳳段,.00,都市：住,,,,01120001
RPQOMLTJPHGGFGE88CC,道爺?段,.00,都市：商,,,,10860000
RPPPMLTJPHGGFGE88CC,文英段,.00,都市：住,,,,21420003
RPTPMLTJPHGGFGE66CC,新甲段,74.00,都市：住,,,,11480006
RPRNMLTJPHGGFJE56CC,工專段,332.96,都市：農,,,,12050000
RPUNMLTJPHGGFJE86CC,中軍段,496.00,非都市：一般農業區 ; 非都市編定：農牧用地,,,,09990000
RPSNMLTJPHGGFDE68CC,中都段四小段,37.00,都市：住,,,,03030000
RPSNMLTJPHGGFDE68CC,中都段四小段,4.00,都市：住,,,,03040000
RPVNMLTJPHGGFDE98CC,灣中段,.00,都市：商,,,,01400000
RPPOMLTJPHGGFDE48CC,大港段二小段,125.00,都市：住,,,,12700037
RPOOMLTJPHGGFDE38CC,陽明段二小段,.00,都市：商,,,,00350001
RPOOMLTJPHGGFDE38CC,陽明段二小段,.00,都市：住,,,,00350022
RPTNMLTJPHGGFAE48CC,前金段,4.93,都市：商,,,,00660000
RPVNMLTJPHGGFAE68CC,龍華段八小段,8.80,都市：商,,,,24200000
RPXNMLTJPHGGFBE98CC,過田子段,.00,都市：商,,,,09130010
RPXNMLTJPHGGFBE98CC,過田子段,.00,都市：其他:道路用地,,,,09130044
RPXNMLRJPHGGFBE78CC,過田子段,92.00,都市：商,,,,08330000
RPUNMLRJPHGGFBE48CC,林德官段一小段,.00,都市：商,,,,23490000
RPWNMLSJPHGGFBE78CC,正福段,100.68,都市：商,,,,06280000
RPVOMLRJPHGGFBE68CC,新興段三小段,.00,都市：商,,,,00420000
RPXOMLRJPHGGFBE88CC,意誠段,.00,都市：商,,,,01990000
RPPNMLKKPHGGFBE37CC,意誠段,.00,都市：商,,,,07760010
RPQNMLKKPHGGFBE47CC,意誠段,.00,都市：商,,,,01990000
RPRNMLKKPHGGFBE57CC,新興段四小段,.00,都市：商,,,,04400000
RPTOMLPLOHGGFCE58DC,孔宅段,53.00,都市：商,,,,12100000
RPWNMLMKPHGGFGE78CC,大貝湖段,.00,都市：住,,,,01330000
RPTOMLMKPHGGFGE58CC,大貝湖段,.00,都市：住,,,,01330000
RPUPMLTJPHGGFGE76CC,五甲段,76.00,都市：住,,,,15330005
RPRNMLMKPHGGFGE28CC,維新段,100.32,都市：住,,,,11170000
RPQNMLKKPHGGFGE97CC,赤山段,23.20,都市：住,,,,01220006
RPPNMLKKPHGGFGE87CC,埤頂段,57.00,都市：住,,,,14560152
RPPNMLKKPHGGFGE87CC,埤頂段,66.00,都市：住,,,,14560184
RPPNMLKKPHGGFGE87CC,埤頂段,5.00,都市：住,,,,14560187
RPTNMLMKPHGGFLE98CC,翁公園段,31.00,都市：住,,,,38690101
RPTNMLMKPHGGFLE98CC,翁公園段,32.00,都市：住,,,,38690102
RPUPMLMKPHGGFBE28CC,五塊厝段,.00,都市：商,,,,20110004
RPVNMLMKPHGGFDE38CC,大港段二小段,.00,都市：住,,,,14860000
RPRPMLMKPHGGFBE97CC,武聖段,61.00,都市：商,,,,18400000
RPQOMLNKPHGGFDE08CC,獅頭段,22.74,都市：住,,,,28020000
RPWNMLNKPHGGFEE68CC,新庄段二小段,.00,都市：住,,,,05480000
RPQOMLNKPHGGFEE18CC,清豐段,.00,都市：住,,,,02270023
RPVOMLNKPHGGFEE68CC,加昌段,8.54,都市：住,,,,00180000
RPVOMLNKPHGGFEE68CC,藍田東段二小段,3.35,都市：住,,,,00320000
RPTOMLNKPHGGFEE48CC,清豐段,.00,都市：住,,,,02270023
RPXOMLNKPHGGFEE88CC,加昌段,8.03,都市：住,,,,00180000
RPXOMLNKPHGGFEE88CC,藍田東段二小段,3.15,都市：住,,,,00320000
RPQPMLNKPHGGFEE28CC,菜公段三小段,37.75,都市：住,,,,00340000
RPSPMLNKPHGGFEE48CC,菜公段六小段,.00,都市：住,,,,10010000
RPVPMLNKPHGGFEE78CC,福山段,.00,都市：商,,,,01380000
RPOPMLNKPHGGFEE08CC,芎蕉段,25.19,都市：商,,,,00880000
RPOQMLMKPHGGFCE87CC,草衙段一小段,210.30,都市：其他:第三種住宅區。,,,,01420001
RPQNMLNKPHGGFBE77CC,過田子段,.00,都市：商,,,,08980006
RPPNMLNKPHGGFBE67CC,五塊厝段,.00,都市：商,,,,20000000
RPQOMLNKPHGGFBE87CC,苓雅寮段,.00,都市：住,,,,09510000
RPTOMLNKPHGGFBE18CC,林德官段,.00,都市：商,,,,11400000
RPSOMLNKPHGGFBE08CC,苓雅寮段,.00,都市：商,,,,06410000
RPSOMLNKPHGGFBE08CC,苓雅寮段,.00,都市：商,,,,06410002
RPVNMLNKPHGGFLE66CC,赤崁段潮州寮三小段,.00,都市：工,,,,69280001
RPXNMLNKPHGGFLE86CC,大寮段,967.00,都市：農,,,,31360000
RPTNMLNKPHGGFIE88DC,新後港西段,20.84,都市：住,,,,00690148
RPPNMLNKPHGGFGE18CC,道爺?段,.00,都市：住,,,,07060017
RPPOMLNKPHGGFGE28CC,保泰段,64.31,都市：商,,,,00050000
RPTOMLNKPHGGFGE68CC,新庄子段,.00,都市：住,,,,02430000
RPWNMLOKPHGGFGE98CC,頂庄段,28.69,都市：住,,,,05200000
RPWNMLOKPHGGFGE98CC,頂庄段,10.65,都市：住,,,,05240000
RPTOMLOKPHGGFGE78CC,明頂段,85.95,都市：其他:機關用地,,,,00780000
RPUOMLOKPHGGFGE88CC,明頂段,115.70,都市：其他:機關用地,,,,00380000
RPUNMLNKPHGGFIE88CC,文武段,78.58,都市：住,,,,03560001
RPPOMLOKPHGGFIE58CC,清福段,99.17,都市：其他:分區界線尚未分割,,,,01900001
RPTNMLMKPHGGFIE68CC,豐禾段,63.89,都市：住,,,,06770008
RPTNMLMKPHGGFIE68CC,豐禾段,32.96,都市：住,,,,06770000
RPTNMLMKPHGGFIE68CC,豐禾段,2.07,都市：住,,,,06790000
RPOOMLOKPHGGFIE48CC,文武段,52.44,都市：住,,,,00570000
RPROMLOKPHGGFIE78CC,暘善段,528.92,都市：農,,,,01060000
RPQOMLOKPHGGFIE68CC,赤南段,330.57,都市：住,,,,00460000
RPWOMLOKPHGGFIE66CC,美山段,793.38,非都市：一般農業區 ; 非都市編定：農牧用地,,,,04160000
RPXOMLOKPHGGFIE76CC,仁營段,297.52,都市：其他:分區界線尚未分割,,,,00640001
RPUPMLOKPHGGFCE58CC,憲德段二小段,.00,都市：商,,,,00200000
RPVPMLOKPHGGFCE68CC,愛群段,.00,都市：商,,,,00120000
RPSQMLOKPHGGFCE48CC,愛群段,.00,都市：商,,,,24590000
RPUNMLOKPHGGFFE68CC,福潭段,198.72,非都市：特定農業區 ; 非都市編定：農牧用地,,,,05130000
RPUNMLOKPHGGFFE68CC,福潭段,65.75,非都市：特定農業區 ; 非都市編定：農牧用地,,,,05120000
RPOOMLOKPHGGFFE18CC,瓊安段,266.74,都市：工,,,,08580000
RPOOMLOKPHGGFFE18CC,瓊安段,247.28,都市：工,,,,08580011
RPUOMLOKPHGGFFE78CC,福潭段,158.70,非都市：特定農業區 ; 非都市編定：農牧用地,,,,03520000
RPXNMLOKPHGGFBE58CC,苓洲段,7.77,都市：商,,,,05420000
RPSOMLOKPHGGFBE18CC,苓東段,70.00,都市：商,,,,05500000
RPROMLPKPHGGFEE48CC,新庄段七小段,29.74,都市：住,,,,06380000
RPSOMLOKPHGGFEE48CC,新福段四小段,61.29,都市：住,,,,00010000
RPWQMLPKPHGGFEE56CC,新庄段十三小段,22.32,都市：住,,,,14020000
RPPNMLPKPHGGFDE08CC,三塊厝段,76.00,都市：商,,,,11560013
RPRNMLPKPHGGFDE28CC,大港段一小段,45.00,都市：住,,,,00800067
RPQNMLPKPHGGFDE18CC,大港段四小段,.00,都市：住,,,,21140008
RPTNMLPKPHGGFDE48CC,建德段,19.67,都市：商,,,,01010000
RPWNMLTJPHGGFAE78CC,青海段,22.95,都市：住,,,,06150000
RPQNMLNKPHGGFAE67CC,府北段五小段,.00,都市：商,,,,01690000
RPXNMLNKPHGGFAE38CC,龍中段,118.35,都市：住,,,,02080000
RPWOMLMKPHGGFAE28CC,後金段,.00,都市：商,,,,05300000
RPRPMLMKPHGGFAE87CC,鹽壽段,.00,都市：商,,,,00050000
RPPOMLTJPHGGFAE18CC,北金段,.00,都市：住,,,,00730000
RPTNMLPKPHGGFBE28CC,新興段一小段,136.00,都市：商,,,,10080000
RPVNMLPKPHGGFBE48CC,苓雅寮段,5.97,都市：商,,,,07120000
RPSOMLPKPHGGFBE28CC,林德官段二小段,.00,都市：住,,,,34790009
RPVOMLPKPHGGFBE58CC,林德官段二小段,.00,都市：住,,,,34790008
RPWNMLPKPHGGFBE58CC,苓雅寮段,.00,都市：商,,,,07120000
RPUOMLPKPHGGFBE48CC,林德官段二小段,.00,都市：住,,,,34790010
RPWOMLPKPHGGFBE68CC,林德官段二小段,.00,都市：住,,,,34790000
RPQNMLPKPHGGFAE87CC,龍華段一小段,.00,都市：住,,,,07810000
RPXOMLPKPHGGFBE78CC,林德官段二小段,.00,都市：住,,,,34790000
RPPPMLPKPHGGFBE08CC,苓洲段,7.62,都市：商,,,,05420000
RPRNMLPKPHGGFFE48CC,台安段,244.07,非都市：工業區 ; 非都市編定：丁種建築用地,,,,00720008
RPSNMLPKPHGGFFE58CC,台安段,291.43,非都市：工業區 ; 非都市編定：丁種建築用地,,,,00720009
RPSNMLPKPHGGFFE58CC,台安段,382.45,非都市：一般農業區 ; 非都市編定：水利用地,,,,00790001
RPSNMLPKPHGGFFE58CC,台安段,31.75,非都市：一般農業區 ; 非都市編定：水利用地,,,,00830000
RPSNMLPKPHGGFFE58CC,台安段,3.16,非都市：一般農業區 ; 非都市編定：水利用地,,,,00780000
RPXNMLPKPHGGFIE76CC,仁春段,114.00,都市：住,,,,02200000
RPSNMLPKPHGGFGE68CC,福誠段,.00,都市：住,,,,00240000
RPWNMLPKPHGGFGE09CC,福誠段,.00,都市：住,,,,00240000
RPTOMLPKPHGGFBE48DC,意誠段,.00,都市：商,,,,00430000
RPPNMLQKPHGGFGE48CC,五甲段,40.25,都市：住,,,,12790008
RPSOMLPKPHGGFGE88DC,新甲段,158.00,都市：住,,,,12560207
RPTNMLQKPHGGFIE09CC,興農段,.00,都市：住,,,,07940010
RPTNMLQKPHGGFIE09CC,興農段,.00,都市：住,,,,07940011
RPUNMLQKPHGGFFE88CC,興龍段,.00,非都市：特定農業區 ; 非都市編定：甲種建築用地,,,,00040000
RPVOMLQKPHGGFIE76CC,興農段,.00,都市：住,,,,07940010
RPVOMLQKPHGGFIE76CC,興農段,.00,都市：住,,,,07940011
RPOOMLQKPHGGFFE38CC,興龍段,.00,非都市：特定農業區 ; 非都市編定：甲種建築用地,,,,00040000
RPTNMLQKPHGGFFE78CC,興龍段,.00,非都市：特定農業區 ; 非都市編定：甲種建築用地,,,,00040000
RPROMLQKPHGGFFE68CC,安西段,215.00,都市：農,,,,02190000
RPPOMLQKPHGGFFE48CC,興龍段,.00,非都市：特定農業區 ; 非都市編定：甲種建築用地,,,,00040000
RPTNMLQKPHGGFCE48CC,仁愛段,.00,都市：住,,,,02390000
RPTNMLQKPHGGFCE48CC,仁愛段,.00,都市：住,,,,02400000
RPTNMLQKPHGGFCE48CC,仁愛段,.00,都市：住,,,,02410000
RPTNMLQKPHGGFCE48CC,仁愛段,.00,都市：住,,,,02420000
RPPOMLQKPHGGFCE18CC,港和段一小段,44.55,都市：商,,,,05340000
RPWOMLQKPHGGFCE88CC,獅甲段二小段,.00,都市：住,,,,05910000
RPXNMLQKPHGGFBE78CC,五塊厝段,.00,都市：商,,,,17090000
RPUNMLQKPHGGFBE48CC,過田子段,.00,都市：商,,,,06480000
RPSNMLQKPHGGFAE18CC,興仁段,67.00,都市：商,,,,02330000
RPSNMLQKPHGGFAE18CC,興仁段,6.00,都市：商,,,,02170000
RPSNMLQKPHGGFAE18CC,興仁段,21.00,都市：商,,,,02220000
RPSNMLQKPHGGFAE18CC,興仁段,7.00,都市：商,,,,02220001
RPSNMLQKPHGGFAE18CC,興仁段,18.00,都市：商,,,,02320000
RPUNMLQKPHGGFAE38CC,青海段,22.16,都市：住,,,,01050000
RPQNMLQKPHGGFAE97CC,鼓南段四小段,.00,非都市： ; 非都市編定：,,,,04710000
RPUOMLPKPHGGFAE38CC,龍華段三小段,28.72,都市：住,,,,06660006
RPQNMLQKPHGGFEE38CC,福山段,.00,都市：商,,,,03060000
RPRPMLQKPHGGFEE68CC,新庄段六小段,81.63,都市：住,,,,09500000
RPUPMLQKPHGGFEE98CC,興隆段,.00,非都市： ; 非都市編定：,,,,08590000
RPWPMLQKPHGGFEE56CC,新博段,74.42,都市：住,,,,00080000
RPRQMLQKPHGGFEE78CC,楠梓段三小段,.00,都市：商,,,,06470001
RPRQMLQKPHGGFEE78CC,楠梓段三小段,.00,都市：商,,,,06490000
RPRNMLRKPHGGFEE58CC,清豐段,26.93,都市：住,,,,01940001
RPTQMLQKPHGGFEE98CC,新庄段五小段,.00,都市：住,,,,08190000
RPTQMLQKPHGGFEE98CC,新庄段五小段,.00,都市：住,,,,08220000
RPRNMLRKPHGGFBE28CC,苓洲段,5.52,都市：商,,,,06090000
RPSNMLRKPHGGFBE38CC,新興段三小段,6.86,都市：商,,,,00450000
RPRNMLRKPHGGFAE18CC,龍華段八小段,10.00,都市：商,,,,22110000
RPSNMLRKPHGGFAE28CC,民生段,9.76,都市：商,,,,03370000
RPQNMLRKPHGGFDE48DC,灣復段,57.26,都市：商,,,,00750000
RPQOMLTKPHGGFCE58CC,獅甲段,11.80,都市：其他:特貿四,,,,04190004
RPSOMLTKPHGGFCE78CC,青島段一小段,108.36,都市：住,,,,07400000
RPTOMLTKPHGGFCE88CC,鎮昌段,42.00,都市：住,,,,02880000
RPUOMLTKPHGGFCE98CC,店鎮段一小段,29.60,都市：商,,,,15650000
RPOOMLTKPHGGFFE68CC,後壁田段,.00,都市：住,,,,03550006
RPUOMLTKPHGGFIE96CC,金鼎段,141.46,都市：住,,,,06870006
RPVNMLTKPHGGFGE76CC,赤山段,16.39,都市：住,,,,03580002
RPVNMLTKPHGGFGE76CC,赤山段,.02,都市：其他:道路用地,,,,03580022
RPQOMLTKPHGGFGE98CC,文英段,16.65,都市：住,,,,16920000
RPROMLTKPHGGFGE09CC,中崙段,35.62,都市：住,,,,00170000
RPRNMLTKPHGGFAE38CC,內惟段二小段,14.72,都市：住,,,,01200002
RPTNMLTKPHGGFAE58CC,青海段,18.18,都市：商,,,,02040000
RPUNMLTKPHGGFAE68CC,龍華段一小段,13.10,都市：住,,,,05000000
RPOOMLTKPHGGFAE18CC,文東段,97.00,都市：商,,,,15540000
RPQOMLTKPHGGFAE38CC,前峰段,30.15,都市：住,,,,01790000
RPUOMLTKPHGGFAE78CC,前金段,2.09,都市：商,,,,00630000
RPUOMLTKPHGGFAE78CC,前金段,2.84,都市：商,,,,01080005
RPUOMLTKPHGGFAE78CC,前金段,3.40,都市：商,,,,01080021
RPVOMLTKPHGGFAE88CC,龍華段二小段,30.30,都市：商,,,,16360000
RPUNMLTKPHGGFBE78CC,林德官段,5.68,都市：商,,,,12940000
RPXNMLTKPHGGFBE09CC,過田子段,.00,都市：商,,,,11480000
RPOOMLTKPHGGFBE28CC,意誠段,.00,都市：商,,,,01990000
RPVNMLQKPHGGFDE78CC,建豐段,.00,都市：商,,,,07000000
RPVNMLQKPHGGFDE78CC,建豐段,.00,都市：商,,,,07010000
RPPOMLQKPHGGFDE28CC,建豐段,.00,都市：商,,,,07000000
RPPOMLQKPHGGFDE28CC,建豐段,.00,都市：商,,,,07010000
RPRNMLQKPHGGFDE38CC,灣內段,353.49,都市：住,,,,07330000
RPRNMLQKPHGGFDE38CC,灣內段,218.04,都市：住,,,,07340000
RPWNMLPKPHGGFDE78CC,獅頭段一小段,21.24,都市：商,,,,14590000
RPQOMLPKPHGGFDE28CC,灣華段,.00,都市：住,,,,09820000
RPQNMLQKPHGGFDE28CC,義民段,55.70,都市：商,,,,09630000
RPVNMLPKPHGGFDE68CC,建豐段,63.00,都市：住,,,,00150000
RPUNMLPKPHGGFDE58CC,覆鼎金段覆鼎金小段,.00,都市：住,,,,16560000
RPPNMLRKPHGGFDE28CC,灣中段,10.20,都市：商,,,,01360000
RPVOMLTKPHGGFDE56CC,建豐段,59.00,都市：商,,,,05590000
RPOOMLTKPHGGFDE48CC,灣成段,4.72,都市：商,,,,04680000
RPSNMLTKPHGGFEE88CC,新庄段十三小段,15.28,都市：商,,,,14910000
RPVNMLTKPHGGFEE56CC,新庄段八小段,10.90,都市：住,,,,01810000
RPROMLTKPHGGFEE88CC,左南段,40.27,都市：住,,,,15950000
RPTOMLTKPHGGFEE09CC,新庄段十三小段,9.77,都市：商,,,,14910000
RPOPMLTKPHGGFEE68CC,新光段,.00,都市：商,,,,03670000
RPUPMLTKPHGGFEE66CC,清豐段,.00,都市：住,,,,01920012
RPOPMLKLPHGGFEE87CC,楠梓段三小段,.00,都市：住,,,,03040000
RPQOMLKLPHGGFDE87CC,三塊厝段,.00,都市：住,,,,11310013
RPTOMLTKPHGGFBE78CC,林德官段,8.20,都市：商,,,,11400000
RPPNMLKLPHGGFBE47CC,新興段二小段,.00,都市：商,,,,15440000
RPTPMLTKPHGGFBE88CC,新興段四小段,39.00,都市：商,,,,17580000
RPROMLTKPHGGFBE58CC,林聖段,.00,都市：住,,,,17600000
RPRPMLTKPHGGFBE68CC,新興段四小段,.00,都市：商,,,,12810000
RPQNMLKLPHGGFBE57CC,新興段二小段,.00,都市：商,,,,15440000
RPOQMLTKPHGGFBE48CC,苓雅寮段,18.57,都市：商,,,,08260000
RPSPMLTKPHGGFBE78CC,新興段二小段,6.56,都市：商,,,,16220000
RPUOMLTKPHGGFBE88CC,意誠段,.00,都市：商,,,,01990000
RPSOMLTKPHGGFBE68CC,成功段,.00,都市：商,,,,06860000
RPSOMLTKPHGGFBE68CC,成功段,.00,都市：商,,,,06870000
RPXNMLKLPHGGFBE28CC,過田子段,.00,都市：商,,,,11360000
RPROMLKLPHGGFBE77CC,成功段,.00,都市：商,,,,04400000
RPPPMLKLPHGGFGE18CC,北門段,.00,都市：住,,,,12370000
RPUNMLKLPHGGFGE48CC,道爺?段,26.90,都市：住,,,,10930114
RPRPMLKLPHGGFGE38CC,赤山段,.00,都市：住,,,,05770001
RPSPMLKLPHGGFGE48CC,赤山段,.00,都市：住,,,,03990043
RPWPMLKLPHGGFGE88CC,文山段,.00,都市：住,,,,01600001
RPXOMLKLPHGGFCE48CC,瑞隆段一小段,23.30,都市：住,,,,06310000
RPSNMLKLPHGGFAE67CC,民生段,.00,都市：商,,,,03730000
RPWPMLKLPHGGFCE48CC,宏明段,.00,都市：住,,,,02940000
RPVNMLKLPHGGFLE09CC,琉球段,109.11,都市：住,,,,07550000
RPVNMLKLPHGGFLE09CC,琉球段,111.49,都市：住,,,,07540000
RPPOMLKLPHGGFCE77DC,盛興段,.00,都市：住,,,,14920000
RPUNMLLLPHGGFLE09CC,翁公園段二小段,991.74,都市：農,,,,56370000
RPTNMLLLPHGGFCE08CC,二苓段,.00,都市：商,,,,14190000
RPTNMLLLPHGGFCE08CC,二苓段,.00,都市：住,,,,14190001
RPVNMLLLPHGGFLE56CC,頂寮段,396.69,都市：農,,,,10880000
RPXNMLLLPHGGFGE88CC,竹子腳段,.00,都市：住,,,,00500124
RPPPMLLLPHGGFGE28CC,文英段,.00,都市：住,,,,21420014
RPRRMLLLPHGGFGE68CC,七老爺段一甲小段,.00,都市：住,,,,13640005
RPTOMLLLPHGGFIE78CC,育才段,.00,都市：住,,,,02460000
RPXOMLLLPHGGFIE56CC,圳觀段,198.34,都市：農,,,,04260000
RPOOMLLLPHGGFAE47CC,府北段五小段,.00,都市：商,,,,02110000
RPOPMLKLPHGGFAE47CC,青海段,12.26,都市：住,,,,06430000
RPTNMLLLPHGGFAE87CC,東金段,.00,都市：商,,,,18600000
RPTNMLLLPHGGFAE87CC,東金段,.00,都市：商,,,,18610000
RPTNMLLLPHGGFAE87CC,東金段,.00,都市：商,,,,18620000
RPWNMLLLPHGGFAE18CC,鼓中段二小段,8.00,都市：商,,,,02610000
RPWNMLLLPHGGFAE18CC,鼓中段二小段,59.00,都市：商,,,,02600000
RPWNMLLLPHGGFAE18CC,鼓中段二小段,18.00,都市：商,,,,02570003
RPWNMLLLPHGGFAE18CC,鼓中段二小段,21.00,都市：商,,,,02570004
RPQPMLKLPHGGFAE67CC,龍華段八小段,.00,都市：商,,,,22430000
RPRPMLKLPHGGFAE77CC,龍中段,.00,都市：商,,,,00110000
RPQNMLLLPHGGFDE87CC,建豐段,.00,都市：商,,,,04610000
RPOOMLLLPHGGFEE87CC,新庄段三小段,.00,都市：商,,,,00920000
RPTPMLLLPHGGFEE48CC,加昌段,.00,都市：住,,,,12180000
RPRNMLMLPHGGFDE08CC,灣和段,.00,都市：住,,,,00480000
RPTNMLMLPHGGFBE08CC,過田子段,75.00,都市：商,,,,05440000
RPTNMLLLPHGGFBE97CC,新興段四小段,.00,都市：商,,,,04990000
RPXOMLKLPHGGFBE38CC,福東段,.00,都市：住,,,,01230000
RPXOMLKLPHGGFBE38CC,福東段,.00,都市：其他:道路用地,,,,01240000
RPSNMLMLPHGGFBE97CC,意誠段,.00,都市：商,,,,01990000
RPVOMLKLPHGGFBE18CC,意誠段,.00,都市：商,,,,07630000
RPWNMLMLPHGGFBE38CC,意誠段,.00,都市：商,,,,01990000
RPSOMLKLPHGGFBE87CC,五塊厝段,111.30,都市：商,,,,16420000
RPSOMLKLPHGGFBE87CC,五塊厝段,104.30,都市：商,,,,16430000
RPSOMLKLPHGGFBE87CC,五塊厝段,103.60,都市：商,,,,16440000
RPSOMLKLPHGGFBE87CC,五塊厝段,104.30,都市：商,,,,16450000
RPSOMLKLPHGGFBE87CC,五塊厝段,112.00,都市：商,,,,16460000
RPSOMLKLPHGGFBE87CC,五塊厝段,72.10,都市：商,,,,16470000
RPSOMLKLPHGGFBE87CC,五塊厝段,72.80,都市：商,,,,16490000
RPSOMLKLPHGGFBE87CC,五塊厝段,70.00,都市：商,,,,16500000
RPSOMLKLPHGGFBE87CC,五塊厝段,71.40,都市：商,,,,16510000
RPSOMLKLPHGGFBE87CC,五塊厝段,70.70,都市：商,,,,16520000
RPVNMLLLPHGGFBE18CC,大統段二小段,.00,都市：商,,,,11730000
RPRNMLMLPHGGFBE87CC,意誠段,.00,都市：商,,,,01810000
RPTOMLKLPHGGFBE97CC,苓洲段,.00,都市：商,,,,17920000
RPOOMLMLPHGGFBE67CC,意誠段,.00,都市：商,,,,01990000
RPTNMLMLPHGGFIE78CC,仁德段,77.00,都市：其他:無使用分區,,,,13080006
RPXNMLMLPHGGFBE48CC,意誠段,.00,都市：商,,,,01990000
RPTNMLMLPHGGFAE97CC,龍華段一小段,6.84,都市：住,,,,05200000
RPSNMLMLPHGGFFE38CC,福潭段,568.41,非都市：特定農業區 ; 非都市編定：農牧用地,,,,00060000
RPUNMLMLPHGGFFE58CC,後壁田段,29.45,都市：住,,,,03090000
RPQOMLMLPHGGFFE28CC,安西段,555.14,都市：工,,,,01440000
RPUOMLMLPHGGFFE68CC,復興段,1515.03,非都市：特定農業區 ; 非都市編定：農牧用地,,,,09550000
RPQNMLMLPHGGFJE58CC,中華段,195.10,都市：農,,,,08220000
RPQNMLNLPHGGFJE68CC,中路段,248.00,非都市：特定農業區 ; 非都市編定：農牧用地,,,,23810000
RPQNMLNLPHGGFJE68CC,中路段,248.00,非都市：特定農業區 ; 非都市編定：農牧用地,,,,23820000
RPOOMLNLPHGGFIE48CC,仁德段,80.00,都市：住,,,,00220008
RPROMLNLPHGGFIE78CC,豐禾段,99.80,都市：住,,,,05640000
RPPNMLNLPHGGFAE67CC,龍華段八小段,10.48,都市：商,,,,23920000
RPUNMLNLPHGGFLE66CC,山子頂段,1556.50,都市：農,,,,33150000
RPQNMLNLPHGGFAE77CC,前峰段,.00,都市：住,,,,01610000
RPVNMLNLPHGGFLE76CC,磚子?段,297.50,都市：農,,,,27160002
RPSOMLNLPHGGFGE68CC,曹公段,273.90,都市：工,,,,01030069
RPSNMLNLPHGGFAE97CC,前峰段,.00,都市：住,,,,01830000
RPUNMLNLPHGGFAE18CC,前峰段,15.45,都市：住,,,,01830000
RPXNMLNLPHGGFBE58CC,大統段一小段,.00,都市：商,,,,00740000
RPVOMLNLPHGGFBE48CC,林德官段,86.00,都市：商,,,,11520011
RPUNMLNLPHGGFBE28CC,五塊厝段,24.77,都市：商,,,,24020000
RPWOMLNLPHGGFBE58CC,成功段,.00,都市：商,,,,00400000
RPXNMLNLPHGGFEE88CC,芎蕉段,.00,都市：商,,,,00880000
RPUNMLNLPHGGFDE48CC,大港段六小段,.00,都市：商,,,,06380001
RPTNMLNLPHGGFDE38CC,灣復段,9.98,都市：商,,,,03870000
RPPNMLPLPHGGFAE87CC,龍華段二小段,30.25,都市：住,,,,06010000
RPROMLNLPHGGFEE38CC,翠屏段一小段,.00,都市：住,,,,00010000
RPRNMLOLPHGGFEE38CC,福山段,5.95,都市：商,,,,03210000
RPTOMLQLPHGGFAE48CC,前金段,7.56,都市：商,,,,00930004
RPVOMLQLPHGGFAE68CC,龍中段,.00,都市：商,,,,00630000
RPWOMLQLPHGGFAE78CC,青海段,.00,都市：住,,,,06590000
RPWNMLNLPHGGFCE58CC,憲德段二小段,15.64,都市：商,,,,00280003
RPTNMLMLPHGGFCE18CC,新生段,15.66,都市：工,,,,16880000
RPTNMLMLPHGGFCE18CC,新生段,10.09,都市：工,,,,16880003
RPTNMLMLPHGGFCE18CC,新生段,.07,都市：其他:道路用地,,,,16880004
RPTQMLQLPHGGFGE66CC,頂新段,12.41,都市：商,,,,00310000
RPXQMLQLPHGGFGE07CC,文山段,14.99,都市：住,,,,08970000
RPUNMLQLPHGGFLE96CC,潭頭段,2128.00,都市：農,,,,20640000
RPROMLQLPHGGFIE56DC,育才段,8.37,都市：住,,,,02560000
RPRNMLRLPHGGFGE88CC,園尾段,.00,都市：住,,,,00530012
RPRNMLRLPHGGFGE88CC,園尾段,.00,都市：住,,,,00530044
RPVNMLRLPHGGFIE86CC,豐禾段,30.00,都市：住,,,,13670000
RPROMLQLPHGGFBE38CC,大統段一小段,.00,都市：商,,,,02170000
RPQNMLOLPHGGFBE97CC,意誠段,.00,都市：商,,,,01990000
RPWNMLRLPHGGFCE98CC,盛興段,22.59,都市：住,,,,14920000
RPTOMLQLPHGGFBE58CC,大統段二小段,11.43,都市：商,,,,02560000
RPVNMLRLPHGGFCE88CC,桂林段,89.00,都市：住,,,,00800009
RPOPMLNLPHGGFBE87CC,新興段三小段,.00,都市：商,,,,00170000
RPXOMLNLPHGGFBE68CC,新興段三小段,.00,都市：商,,,,00180000
RPUNMLRLPHGGFBE68CC,林德官段一小段,18.21,都市：商,,,,31090000
RPQNMLRLPHGGFFE68CC,橫山段,302.99,非都市：鄉村區 ; 非都市編定：乙種建築用地,,,,10110000
RPVNMLRLPHGGFBE78CC,福東段,129.00,都市：住,,,,04330011
RPTNMLRLPHGGFAE48CC,龍華段八小段,10.16,都市：商,,,,22160000
RPXNMLRLPHGGFFE76CC,橋北段,179.00,都市：其他:空白,,,,02720000
RPXNMLRLPHGGFFE76CC,橋北段,6.00,都市：其他:空白,,,,02720001
RPSOMLRLPHGGFDE78CC,水源段,10.08,都市：住,,,,00130000
RPSOMLRLPHGGFDE78CC,水源段,16.40,都市：住,,,,00140000
RPWOMLRLPHGGFAE88CC,龍華段八小段,.00,都市：商,,,,22370001
RPOOMLSLPHGGFAE18CC,後金段,.00,都市：商,,,,00370000
RPWNMLSLPHGGFDE56CC,獅頭段一小段,.00,都市：住,,,,20010000
RPXNMLSLPHGGFDE66CC,灣華段,.00,都市：住,,,,09820000
RPXNMLSLPHGGFBE09CC,正明段,.00,都市：住,,,,04540000
RPXOMLSLPHGGFDE76CC,明仁段,.00,都市：住,,,,00040000
RPPNMLSLPHGGFDE48CC,大港段三小段,34.68,都市：商,,,,07960000
RPPNMLSLPHGGFDE48CC,大港段三小段,4.26,都市：商,,,,07970006
RPVNMLSLPHGGFDE09CC,獅頭段,.00,都市：商,,,,26790000
RPSPMLSLPHGGFDE98CC,建豐段,.00,都市：商,,,,07000000
RPSPMLSLPHGGFDE98CC,建豐段,.00,都市：商,,,,07010000
RPVNMLSLPHGGFEE56CC,果貿段,.00,都市：住,,,,00020005
RPPOMLSLPHGGFEE68CC,新庄段十二小段,.00,都市：住,,,,12170000
RPROMLSLPHGGFEE88CC,福山段,.00,都市：商,,,,02860000
RPXNMLSLPHGGFEE76CC,楠梓段一小段,.00,都市：住,,,,01480000
RPXNMLSLPHGGFFE86CC,大德段,199.11,都市：住,,,,00290000
RPXNMLSLPHGGFFE86CC,大德段,43.19,都市：住,,,,00290001
RPSNMLSLPHGGFCE68CC,瑞隆段一小段,.00,都市：住,,,,06810000
RPTOMLSLPHGGFEE09CC,高昌段,167.88,都市：住,,,,00900000
RPTOMLSLPHGGFEE09CC,高昌段,165.94,都市：住,,,,00900001
RPTNMLSLPHGGFCE78CC,宏明段,.00,都市：住,,,,03500000
RPOPMLSLPHGGFIE56DC,豐禾段,168.33,都市：住,,,,00690002
RPXNMLSLPHGGFCE56CC,草衙段二小段,.00,都市：商,,,,02090000
RPOPMLTLPHGGFCE58CC,愛群段,5.93,都市：商,,,,17460000
RPVNMLSLPHGGFCE98CC,瑞隆段二小段,.00,都市：住,,,,00450000
RPTNMLSLPHGGFLE07CC,潭頭段,1.00,都市：農,,,,20630000
RPTNMLSLPHGGFLE07CC,潭頭段,1354.00,都市：農,,,,20630002
RPTNMLSLPHGGFLE07CC,潭頭段,80.00,都市：農,,,,20620000
RPTNMLSLPHGGFLE07CC,潭頭段,869.00,都市：農,,,,20620002
RPTNMLSLPHGGFLE07CC,潭頭段,231.00,都市：農,,,,20600000
RPTNMLSLPHGGFLE07CC,潭頭段,790.00,都市：農,,,,20600002
RPTNMLSLPHGGFLE07CC,潭頭段,554.00,都市：農,,,,20590000
RPTNMLSLPHGGFLE07CC,潭頭段,855.00,都市：農,,,,20590002
RPTNMLSLPHGGFLE07CC,潭頭段,229.00,都市：其他:自來水管線用地,,,,20590001
RPTNMLSLPHGGFLE07CC,潭頭段,167.00,都市：其他:自來水管線用地,,,,20600001
RPTNMLSLPHGGFLE07CC,潭頭段,157.00,都市：其他:自來水管線用地,,,,20620001
RPTNMLSLPHGGFLE07CC,潭頭段,119.00,都市：其他:自來水管線用地,,,,20630001
RPVNMLTLPHGGFGE86CC,五甲段,522.00,都市：住,,,,03370001
RPTOMLTLPHGGFGE76CC,赤山段,47.00,都市：商,,,,07830000
RPXOMLTLPHGGFFE07CC,後壁田段,.00,都市：住,,,,02840000
RPOQMLTLPHGGFEE88CC,果貿段,16.69,都市：住,,,,02150011
RPPPMLTLPHGGFFE98CC,德松段,60.00,都市：住,,,,09120014
RPPPMLTLPHGGFFE98CC,德松段,24.65,都市：住,,,,09120000
RPPPMLTLPHGGFFE98CC,德松段,.08,都市：住,,,,06840000
RPSNMLTLPHGGFDE88CC,灣內段,97.89,都市：工,,,,02200000
RPSNMLTLPHGGFDE88CC,灣內段,99.64,都市：工,,,,02210000
RPQNMLTLPHGGFBE48CC,意誠段,.00,都市：商,,,,01990000
RPPNMLTLPHGGFBE38CC,意誠段,.00,都市：商,,,,01990000
RPUOMLTLPHGGFDE56CC,覆鼎金段覆鼎金小段,36.26,都市：住,,,,15140000
RPWNMLTLPHGGFBE09CC,五塊厝段二小段,31.29,都市：住,,,,25550001
RPSNMLTLPHGGFBE68CC,意誠段,.00,都市：商,,,,01990000
RPRNMLTLPHGGFBE58CC,意誠段,.00,都市：商,,,,01990000
RPQOMLTLPHGGFBE58CC,新興段二小段,25.06,都市：商,,,,14390000
RPROMLTLPHGGFBE68CC,苓洲段,4.33,都市：商,,,,05420000
RPVNMLTLPHGGFAE88CC,前金段,114.00,都市：商,,,,00580009
RPUNMLTLPHGGFAE78CC,前金段,114.00,都市：商,,,,00580009
RPWNMLKMPHGGFEE58CC,福民段,.00,都市：住,,,,01780000
RPWNMLKMPHGGFAE18CC,龍中段,.00,都市：商,,,,01520000
RPXNMLKMPHGGFBE38CC,苓洲段,20.32,都市：商,,,,06090000
RPVPMLKMPHGGFEE68CC,加昌段二小段,25.74,都市：住,,,,19360000
RPOPMLKMPHGGFGE18CC,五甲段,.00,都市：住,,,,02060041
RPXNMLKMPHGGFIE09CC,興農段,.00,都市：住,,,,07940010
RPUOMLKMPHGGFGE68CC,文山段,.00,都市：住,,,,03940000
RPOOMLKMPHGGFFE97CC,興龍段,.00,非都市：特定農業區 ; 非都市編定：甲種建築用地,,,,00040000
RPOOMLKMPHGGFIE28CC,興農段,.00,都市：住,,,,07940010
RPPOMLKMPHGGFCE77CC,坪頂段,82.58,都市：住,,,,00590023
RPOOMLKMPHGGFIE28CC,興農段,.00,都市：住,,,,07940011
RPSOMLKMPHGGFCE08CC,草衙段二小段,.00,都市：商,,,,02090000
RPUOMLKMPHGGFCE28CC,草衙段二小段,.00,都市：商,,,,02090000
RPPOMLKMPHGGFLE68CC,三隆段,.00,都市：住,,,,02140002
RPQNMLKMPHGGFJE48CC,文北段,78.85,都市：住,,,,02830005
RPQNMLLJQHGGFEE87CC,新庄段五小段,.00,都市：住,,,,10840000
RPUOMLLMPHGGFGE78CC,五甲段,17.11,都市：住,,,,04230000
RPROMLKMPHGGFLE88CC,翁公園段二小段,30.79,都市：住,,,,53780000
RPRNMLLJQHGGFEE97CC,楠梓段五小段,.00,都市：住,,,,11860000
RPPNMLLJQHGGFDE67CC,獅頭段一小段,.00,都市：商,,,,16940000
RPRPMLMJQHGGFAE87CC,內惟段六小段,19.47,都市：住,,,,11770000
RPQNMLLJQHGGFAE47CC,龍華段三小段,23.00,都市：農,,,,07000000
RPSUMLMJQHGGFAE48CC,龍華段一小段,.00,都市：住,,,,07810000
RPQNMLMJQHGGFBE67CC,正憲段,.00,都市：住,,,,05620000
RPXNMLMJQHGGFDE58CC,獅頭段,10.70,都市：商,,,,22450000
RPPOMLMJQHGGFBE67CC,意誠段,.00,都市：商,,,,07630000
RPPOMLMJQHGGFBE67CC,意誠段,.00,都市：商,,,,07630001
RPWPMLMJQHGGFDE68CC,中都段三小段,.00,都市：住,,,,11570000
RPTQMLMJQHGGFDE48CC,中華段一小段,80.00,都市：商,,,,02840000
RPTQMLMJQHGGFDE48CC,中華段一小段,18.00,都市：其他:道路用地,,,,02840001
RPQOMLMJQHGGFEE08CC,新庄段十三小段,.00,都市：商,,,,14930000
RPXOMLMJQHGGFEE78CC,新庄段十二小段,.00,都市：住,,,,10270000
RPROMLMJQHGGFGE38CC,文山段,.00,都市：住,,,,06100011
RPVOMLMJQHGGFCE38CC,店鎮段一小段,8.61,都市：商,,,,11980000
RPSNMLNJQHGGFGE48CC,田中央段,81.83,都市：住,,,,00190001
RPRNMLNJQHGGFIE58CC,金鼎段,21.72,都市：住,,,,05460000
RPRNMLNJQHGGFGE38CC,田中央段,81.83,都市：住,,,,00190001
RPUOMLNJQHGGFIE98CC,烏林段,19.54,非都市：鄉村區 ; 非都市編定：乙種建築用地,,,,11100000
RPXNMLNJQHGGFEE78CC,菜公段六小段,10.48,都市：住,,,,11430000
RPPOMLNJQHGGFEE08CC,右昌段六小段,20.86,都市：住,,,,16670000
RPQQMLNJQHGGFEE38CC,新庄段七小段,.00,都市：住,,,,09180000
RPVOMLNJQHGGFIE09CC,鳳松段,82.69,都市：住,,,,06010000
RPRNMLNJQHGGFBE87CC,意誠段,.00,都市：商,,,,01990000
RPQNMLNJQHGGFBE77CC,意誠段,.00,都市：商,,,,01990000
RPPNMLNJQHGGFBE67CC,意誠段,.00,都市：商,,,,01990000
RPOOMLNJQHGGFBE67CC,苓雅寮段,192.00,都市：住,,,,08760000
RPPWMLNJQHGGFAE48CC,青海段,222.15,都市：住,,,,00690000
RPPNMLOJQHGGFAE67CC,大智段,.00,都市：商,,,,05310000
RPQNMLOJQHGGFAE77CC,鼓南段一小段,.00,都市：其他:道路用地,,,,03520001
RPQOOLNJQHGGFAE97CC,鼓南段一小段,.00,都市：商,,,,03940000
RPQNMLOJQHGGFAE77CC,鼓南段一小段,.00,都市：商,,,,03530000
RPQNMLOJQHGGFAE77CC,鼓南段一小段,.00,都市：商,,,,03520000
RPTNMLOJQHGGFAE08CC,鼓南段四小段,.00,都市：住,,,,04700000
RPRNMLOJQHGGFAE87CC,北金段,89.00,都市：商,,,,02730000
RPVQMLOJQHGGFAE58CC,前金段,2.83,都市：商,,,,01080005
RPVQMLOJQHGGFAE58CC,前金段,3.39,都市：商,,,,01080021
RPVQMLOJQHGGFAE58CC,前金段,2.09,都市：商,,,,00630000
RPWQMLOJQHGGFAE68CC,龍中段,22.79,都市：住,,,,00280001
RPPRMLOJQHGGFAE08CC,東金段,.00,都市：商,,,,13280000
RPQRMLOJQHGGFAE18CC,青海段,.00,都市：住,,,,06360000
RPRRMLOJQHGGFAE28CC,前金段,4.53,都市：商,,,,00930004
RPSRMLOJQHGGFAE38CC,龍華段八小段,107.93,都市：商,,,,22120000
RPPOMLOJQHGGFBE87CC,苓東段,18.49,都市：商,,,,00090000
RPWNMLOJQHGGFBE48CC,林德官段,5.68,都市：商,,,,12940023
RPUOMLOJQHGGFBE38CC,苓東段,92.00,都市：商,,,,09530000
RPQOMLOJQHGGFBE97CC,新興段四小段,9.04,都市：商,,,,12140000
RPPNMLOJQHGGFEE08CC,左東段,.00,都市：住,,,,02630088
RPSOMLOJQHGGFEE48CC,後勁段三小段,99.00,都市：住,,,,02580003
RPSOMLOJQHGGFEE48CC,後勁段三小段,91.00,都市：住,,,,02580002
RPXOMLOJQHGGFEE98CC,果貿段,.00,都市：住,,,,00540000
RPUOMLOJQHGGFEE68CC,新光段,134.56,都市：住,,,,03460000
RPRPMLOJQHGGFEE48CC,清豐段,26.93,都市：住,,,,01940001
RPWNMLOJQHGGFEE78CC,新庄段十三小段,5.88,都市：商,,,,15090000
RPWNMLOJQHGGFDE68CC,德北段,9.98,都市：住,,,,00190000
RPQOMLOJQHGGFDE18CC,大豐段一小段,8.76,都市：住,,,,01080000
RPVOMLOJQHGGFDE68CC,鼎泰段,58.13,都市：住,,,,14530000
RPRNMLOJQHGGFGE48CC,新庄子段,.00,都市：住,,,,01630023
RPRNMLOJQHGGFGE48CC,新庄子段,.00,都市：住,,,,01630028
RPSNMLOJQHGGFGE58CC,新庄子段,.00,都市：住,,,,01490027
RPOPMLOJQHGGFDE08CC,中華段二小段,5.43,都市：商,,,,14030000
RPWPMLOJQHGGFDE88CC,大港段四小段,.00,都市：住,,,,26970000
RPUNMLOJQHGGFGE78CC,曹公段,278.24,都市：工,,,,00600020
RPWNMLOJQHGGFCE58CC,瑞隆段三小段,.00,都市：住,,,,03420000
RPTOMLOJQHGGFFE68CC,三仙段,2541.59,非都市：特定農業區 ; 非都市編定：丁種建築用地,,,,07010000
RPROMLOJQHGGFCE18CC,憲德段二小段,16.64,都市：商,,,,00160000
RPPPMLOJQHGGFFE38CC,後壁田段,12.20,都市：住,,,,03550006
RPRNMLPJQHGGFFE48CC,鳳龍段,.00,都市：住,,,,07240000
RPVOMLOJQHGGFFE88CC,岡山段,74.00,都市：商,,,,01140019
RPSNMLPJQHGGFJE98CC,工專段,40.82,都市：住,,,,04780000
RPSNMLPJQHGGFJE98CC,工專段,13.07,都市：住,,,,04790000
RPPOMLOJQHGGFLE88CC,義勇段,.00,都市：住,,,,03570000
RPWOMLPJQHGGFCE78CC,鳳宮段,.00,都市：住,,,,02890000
RPPPMLPJQHGGFCE18CC,瑞南段一小段,.00,都市：商,,,,10180000
RPUPMLPJQHGGFCE68CC,大業段,.00,都市：商,,,,00370000
RPRQMLPJQHGGFCE48CC,高松段一小段,69.00,都市：住,,,,10280002
RPPQMLPJQHGGFCE28CC,獅甲段,11.94,都市：其他:第四種特定經貿核心專用區,,,,04190004
RPOQMLPJQHGGFCE18CC,盛興段,12.09,都市：住,,,,14920000
RPRNMLPJQHGGFGE58CC,七老爺段一甲小段,.00,都市：住,,,,14750007
RPXOMLPJQHGGFGE66CC,竹子腳段,11.92,都市：住,,,,00770057
RPXOMLPJQHGGFGE66CC,竹子腳段,.17,都市：住,,,,00770071
RPSOMLPJQHGGFIE98CC,大?腿段,330.57,都市：農,,,,15280000
RPVOMLPJQHGGFIE66CC,保社段,452.83,都市：農,,,,03490005
RPOPMLPJQHGGFIE68CC,翠屏段,.00,都市：住,,,,07910000
RPTOMLPJQHGGFIE09CC,清福段,109.09,都市：其他:分區界線尚未分割,,,,01900001
RPUNMLPJQHGGFDE58CC,三塊厝段四小段,.00,都市：住,,,,26970000
RPOOMLPJQHGGFDE08CC,建豐段,1.50,都市：商,,,,07020000
RPSOMLPJQHGGFDE48CC,大港段三小段,.00,都市：商,,,,07850014
RPOOMLPJQHGGFDE08CC,建豐段,7.80,都市：商,,,,07030000
RPPOMLPJQHGGFDE18CC,大港段三小段,92.00,都市：商,,,,07890037
RPTOMLPJQHGGFDE58CC,大順段,.00,都市：住,,,,03990001
RPXOMLPJQHGGFDE98CC,大港段,.00,都市：住,,,,36140000
RPVNMLPJQHGGFEE78CC,清豐段,.00,都市：住,,,,02270517
RPWNMLPJQHGGFEE88CC,清豐段,.00,都市：商,,,,04100000
RPROMLPJQHGGFEE48CC,右昌段三小段,.00,都市：住,,,,06040000
RPXPMLPJQHGGFEE56CC,福民段,15.45,都市：住,,,,00100000
RPXOMLPJQHGGFEE09CC,楠都段一小段,81.00,都市：住,,,,12870000
RPPQMLPJQHGGFEE48CC,福民段,15.87,都市：住,,,,02590001
RPSQMLPJQHGGFEE78CC,新民段,.00,都市：住,,,,00070000
RPQQMLPJQHGGFEE58CC,福山段,333.69,都市：住,,,,00840000
RPOQMLPJQHGGFEE38CC,藍昌段二小段,12.84,都市：商,,,,10170000
RPTNMLPJQHGGFBE28CC,林德官段,28.97,都市：商,,,,11910000
RPVNMLPJQHGGFBE48CC,福裕段,71.00,都市：住,,,,07450000
RPXNMLPJQHGGFBE68CC,林聖段,.00,都市：住,,,,00740000
RPVNMLPJQHGGFBE48CC,福裕段,82.00,都市：住,,,,07460000
RPSNMLPJQHGGFAE08CC,青海段,118.10,都市：商,,,,01890004
RPUOMLPJQHGGFAE38CC,博孝段,4.97,都市：商,,,,12340000
RPVNMLQJQHGGFAE48CC,大智段,5.96,都市：商,,,,05310000
RPTNMLQJQHGGFAE28CC,青海段,26.51,都市：商,,,,02170000
RPWOMLQJQHGGFAE68CC,府北段五小段,.00,都市：商,,,,02210000
RPTOMLPJQHGGFAE28CC,府北段五小段,.00,都市：商,,,,02110000
RPXNMLQJQHGGFAE68CC,龍華段八小段,10.85,都市：商,,,,22590000
RPUNMLQJQHGGFBE48CC,成功段,7.53,都市：商,,,,02990000
RPTNMLQJQHGGFBE38CC,苓雅寮段,5.92,都市：商,,,,04900000
RPQNMLQJQHGGFEE38CC,新庄段六小段,.00,都市：住,,,,12020001
RPPNMLQJQHGGFEE28CC,福山段,.00,都市：商,,,,01400000
RPQOMLQJQHGGFEE48CC,新庄段七小段,18.37,都市：住,,,,03150000
RPWNMLQJQHGGFEE98CC,新庄段十三小段,8.47,都市：商,,,,15090000
RPROMLQJQHGGFEE58CC,新康段,14.39,都市：住,,,,00060000
RPUNMLQJQHGGFEE78CC,新華段,12.40,都市：住,,,,00260000
RPSOMLQJQHGGFEE68CC,和平段五小段,.00,都市：住,,,,02300000
RPWOMLQJQHGGFEE09CC,新庄段十三小段,.00,都市：商,,,,15080000
RPSNMLQJQHGGFDE48CC,獅頭段一小段,65.00,都市：商,,,,18700005
RPPNMLQJQHGGFDE18CC,寶國段,.00,都市：商,,,,04270000
RPTNMLQJQHGGFGE88CC,五甲段,16.43,都市：住,,,,13880002
RPTNMLQJQHGGFGE88CC,五甲段,4.98,都市：住,,,,13890001
RPPNMLQJQHGGFCE08CC,愛群段,11.62,都市：商,,,,29500003
RPVNMLQJQHGGFCE68CC,愛群段,.00,都市：住,,,,18310013
RPTOMLTJQHGGFLE17CC,會結南段,561.99,都市：農,,,,04360000
RPXNMLQJQHGGFCE88CC,獅甲段二小段,.00,都市：商,,,,05520000
RPVOMLTJQHGGFLE37CC,翁公園段,.00,都市：住,,,,38790002
RPQNMLTJQHGGFCE48CC,愛群段,7.61,都市：商,,,,24590000
RPSNMLQJQHGGFLE66CC,赤崁段潮州寮小段,115.71,都市：農,,,,56680000
RPWNMLTJQHGGFCE09CC,佛公段,21.19,都市：住,,,,09240000
RPROMLTJQHGGFCE68CC,高松段,.00,都市：住,,,,01520013
RPPOMLTJQHGGFFE78CC,後壁田段,.00,都市：住,,,,03550006
RPVPMLTJQHGGFEE76CC,新庄段五小段,10.02,都市：住,,,,10840000
RPQNMLTJQHGGFBE38CC,成功段,.00,都市：商,,,,06860000
RPQNMLTJQHGGFBE38CC,成功段,.00,都市：商,,,,06870000
RPWNMLTJQHGGFFE76CC,下竹圍段,29.29,都市：住,,,,00220003
RPUQMLTJQHGGFEE76CC,新庄段十二小段,.00,都市：住,,,,10300000
RPUQMLTJQHGGFEE76CC,新庄段十二小段,.00,都市：住,,,,10310000
RPUNMLTJQHGGFBE78CC,林德官段,4.92,都市：商,,,,11400000
RPVOMLTJQHGGFBE98CC,意誠段,.00,都市：商,,,,01990000
RPQNMLKKQHGGFBE57CC,新興段四小段,12.86,都市：商,,,,17840000
RPRNMLKKQHGGFBE67CC,過田子段,.00,都市：商,,,,11360000
RPWOMLTJQHGGFBE09CC,意誠段,.00,都市：商,,,,01990000
RPSNMLKKQHGGFBE77CC,意誠段,.00,都市：商,,,,01990000
RPUNMLKKQHGGFBE97CC,意誠段,.00,都市：商,,,,01990000
RPTNMLKKQHGGFBE87CC,過田子段,.00,都市：商,,,,11360000
RPWNMLKKQHGGFBE18CC,意誠段,.00,都市：商,,,,01990000
RPXNMLKKQHGGFBE28CC,意誠段,.00,都市：商,,,,01990000
RPROMLKKQHGGFBE77CC,新興段二小段,6.49,都市：商,,,,12760000
RPUOMLKKQHGGFBE08CC,林德官段,5.23,都市：商,,,,11400000
RPXNMLKKQHGGFAE18CC,前金段,4.98,都市：商,,,,00930004
RPPOMLKKQHGGFAE47CC,龍北段,14.44,都市：住,,,,00100000
RPUOMLKKQHGGFAE97CC,青海段,19.12,都市：住,,,,06600000
RPXOMLKKQHGGFAE28CC,博孝段,7.60,都市：商,,,,12650000
RPOPMLKKQHGGFAE47CC,龍華段三小段,29.54,都市：住,,,,09450000
RPXOMLKKQHGGFEE68CC,新庄段八小段,16.12,都市：住,,,,00920000
RPPPMLKKQHGGFAE57CC,龍中段,81.37,都市：商,,,,01490000
RPPPMLKKQHGGFEE97CC,福山段,6.85,都市：商,,,,03420000
RPOPMLKKQHGGFEE87CC,新光段,20.06,都市：商,,,,03740000
RPOPMLKKQHGGFEE87CC,新庄段五小段,4.15,都市：商,,,,03080000
RPURMLKKQHGGFEE68CC,福山段,29.82,都市：住,,,,02240000
RPSRMLKKQHGGFEE48CC,果貿段,16.28,都市：住,,,,02150011
RPPSMLKKQHGGFEE28CC,藍田中段二小段,.00,都市：商,,,,00050000
RPUNMLKKQHGGFDE18CC,灣成段,5.58,都市：商,,,,04680000
RPVPMLKKQHGGFDE48CC,大港段四小段,24.29,都市：住,,,,20980002
RPSNMLKKQHGGFDE97CC,覆鼎金段覆鼎金小段,11.04,都市：住,,,,15260000
RPUPMLKKQHGGFDE38CC,三塊厝段四小段,26.00,都市：商,,,,30760000
RPTPMLKKQHGGFDE28CC,德北段,13.17,都市：住,,,,00190000
RPXNMLKKQHGGFCE38CC,憲德段二小段,12.85,都市：商,,,,00260001
RPPOMLKKQHGGFCE67CC,愛群段,5.41,都市：商,,,,24590000
RPUOMLKKQHGGFCE18CC,獅甲段,15.05,都市：商,,,,04190004
RPVOMLKKQHGGFCE28CC,獅甲段,11.46,都市：商,,,,04190004
RPUOMLKKQHGGFGE58CC,竹子腳段,34.34,都市：住,,,,00080008
RPROMLKKQHGGFGE28CC,頂新段,.00,都市：住,,,,00810000
RPUNMLKKQHGGFIE68CC,保社段,22.79,都市：工,,,,02860002
RPUNMLKKQHGGFIE68CC,保社段,13.00,都市：工,,,,02830000
RPOOMLKKQHGGFIE18CC,育才段,50.89,都市：住,,,,03160000
RPTNMLKKQHGGFLE88CC,三隆段,.00,都市：住,,,,02140002
RPRNMLLKQHGGFIE48CC,清福段,99.17,都市：其他:分區界線未分割,,,,01900001
RPOOMLLKQHGGFIE28CC,新赤山段,600.02,都市：住,,,,00260001
RPOOMLLKQHGGFIE28CC,新赤山段,165.30,都市：住,,,,00260002
RPROMLLKQHGGFIE68DC,青雲段,191.00,都市：住,,,,05630000
RPWNMLLKQHGGFIE98CC,澄德段,22.50,都市：商,,,,00230000
RPQOMLLKQHGGFIE48CC,大安段,187.00,都市：住,,,,09900002
RPQNMLLKQHGGFGE18CC,鳳山段火房口小段,13.84,都市：商,,,,03120000
RPXOMLLKQHGGFGE98CC,大貝湖段,.00,都市：住,,,,01420000
RPOPMLLKQHGGFGE18CC,新庄子段,.00,都市：商,,,,00950042
RPXNMLLKQHGGFCE48CC,店鎮段二小段,.00,都市：住,,,,29400000
RPUNMLLKQHGGFFE48CC,大仁段,166.00,都市：住,,,,00230000
RPOOMLLKQHGGFCE67CC,店鎮段一小段,.00,都市：商,,,,12210000
RPTOMLLKQHGGFDE28CC,獅頭段,61.00,都市：商,,,,26440025
RPUPMLLKQHGGFDE48CC,大豐段三小段,.00,都市：住,,,,01720000
RPQPMLLKQHGGFEE18CC,楠都段三小段,170.00,都市：住,,,,00790000
RPQPMLLKQHGGFEE18CC,楠都段三小段,1.00,都市：住,,,,00800000
RPUPMLLKQHGGFDE48CC,大豐段三小段,.00,都市：住,,,,01730000
RPSNMLLKQHGGFAE77CC,龍華段四小段,39.60,都市：住,,,,09100000
RPQOMLLKQHGGFEE08CC,果貿段,11.25,都市：住,,,,02150001
RPSNMLLKQHGGFAE77CC,龍華段四小段,4.53,都市：住,,,,08530000
RPXNMLLKQHGGFAE28CC,鹽壽段,195.00,都市：商,,,,02840000
RPSNMLLKQHGGFBE87CC,意誠段,.00,都市：商,,,,01990000
RPQOMLLKQHGGFBE77CC,林德官段,25.00,都市：商,,,,11910000
RPVOMLMKQHGGFBE38CC,新興段二小段,176.00,都市：商,,,,03920000
RPOOMLMKQHGGFBE67CC,大統段一小段,.00,都市：商,,,,09010000
RPOOMLMKQHGGFBE67CC,大統段一小段,.00,都市：商,,,,09010001
RPXNMLQLPHGGFEE56CC,新民段,26.90,都市：住,,,,01110000
RPPNMLMKQHGGFBE67CC,過田子段,.00,都市：住,,,,08680000
RPSNMLMKQHGGFBE97CC,苓洲段,.00,都市：商,,,,18300000
RPTOMLMKQHGGFBE18CC,意誠段,.00,都市：商,,,,01990000
RPWOMLMKQHGGFBE48CC,新興段二小段,87.00,都市：商,,,,16230000
RPVOMLQLPHGGFEE09CC,加昌段一小段,21.22,都市：住,,,,17390000
RPWOMLQLPHGGFEE56CC,福民段,.00,都市：住,,,,01950000
RPQOMLMKQHGGFAE77CC,鹽新段,.00,都市：商,,,,01870000
RPPOMLMKQHGGFEE08CC,楠都段一小段,.00,都市：住,,,,10340000
RPROMLMKQHGGFEE28CC,和平段五小段,.00,都市：住,,,,03170000
RPSOMLMKQHGGFAE97CC,文東段,23.98,都市：商,,,,04010000
RPWPMLMKQHGGFEE88CC,和平段五小段,.00,都市：住,,,,01020000
RPOPMLMKQHGGFEE08CC,和平段四小段,.00,都市：住,,,,01850000
RPPQMLMKQHGGFEE28CC,菜公段二小段,.00,都市：住,,,,08580020
RPPQMLMKQHGGFEE28CC,菜公段二小段,.00,都市：住,,,,08600008
RPQRMLMKQHGGFEE48CC,藍田西段,7.72,都市：商,,,,01440000
RPWQMLMKQHGGFEE98CC,和平段一小段,.00,都市：住,,,,04370000
RPROMLMKQHGGFDE18CC,三塊厝段一小段,.00,都市：商,,,,10880016
RPTNMLMKQHGGFDE28CC,長明段,.00,都市：商,,,,01900000
RPSOMLMKQHGGFDE28CC,鼎泰段,.00,都市：住,,,,13660000
RPXOMLMKQHGGFDE78CC,獅頭段一小段,.00,都市：商,,,,17000000
RPWOMLMKQHGGFDE68CC,灣華段,.00,都市：住,,,,09820000
RPVNMLMKQHGGFFE68CC,中山段,228.10,都市：住,,,,00950000
RPVNMLMKQHGGFFE68CC,中山段,274.08,都市：住,,,,00960000
RPVNMLMKQHGGFFE68CC,中山段,67.51,都市：其他:道路用地,,,,00960001
RPROMLMKQHGGFFE38CC,興龍段,.00,非都市：特定農業區 ; 非都市編定：甲種建築用地,,,,00040000
RPOPMLMKQHGGFDE97CC,獅頭段一小段,.00,都市：住,,,,19680000
RPTOMLMKQHGGFFE58CC,興龍段,.00,非都市：特定農業區 ; 非都市編定：甲種建築用地,,,,00040000
RPSOMLMKQHGGFFE48CC,興龍段,.00,非都市：特定農業區 ; 非都市編定：甲種建築用地,,,,00040000
RPUOMLMKQHGGFFE68CC,興龍段,.00,非都市：特定農業區 ; 非都市編定：甲種建築用地,,,,00040000
RPSNMLMKQHGGFCE08CC,店鎮段二小段,.00,都市：住,,,,29400000
RPVNMLMKQHGGFCE38CC,光華段,.00,都市：住,,,,01410003
RPPOMLMKQHGGFCE87CC,光華段一小段,.00,都市：住,,,,20220000
RPROMLMKQHGGFCE08CC,憲德段二小段,.00,都市：商,,,,00260001
RPSNMLMKQHGGFGE48CC,竹子腳段,34.32,都市：住,,,,02980097
RPUOMLMKQHGGFIE98CC,興農段,.00,都市：住,,,,07940010
RPTNMLMKQHGGFGE58CC,赤山段,.00,都市：住,,,,02240000
RPXOMLMKQHGGFGE09CC,埤頂段,.00,都市：住,,,,11790000
RPUPMLMKQHGGFGE88CC,五甲段,.00,都市：住,,,,02060042
RPVOMLMKQHGGFIE09CC,山水段,11.66,都市：其他:遊樂商業中心,,,,07960000
RPVOMLMKQHGGFIE09CC,山水段,2.19,都市：其他:遊樂商業中心,,,,07960001
RPQNMLMKQHGGFIE58DC,金鼎段,77.88,都市：住,,,,01090019
RPTOMLMKQHGGFIE98DC,?埔段,231.40,都市：農,,,,13900000
RPPOMLMKQHGGFAE77DC,前金段,5.32,都市：商,,,,00660000
RPXNMLMKQHGGFAE48DC,鹽國段,261.00,都市：商,,,,05150000
RPXNMLMKQHGGFAE48DC,鹽國段,33.00,都市：商,,,,05160000
RPWNMLMKQHGGFLE76CC,內坑段,.00,都市：住,,,,09130000
RPORMLMKQHGGFEE38DC,高昌段,147.80,都市：住,,,,00040000
RPWNMLNKQHGGFIE56CC,興農段,165.28,都市：其他:國小用地,,,,00630000
RPTOMLMKQHGGFLE56CC,後庄段,56.88,都市：商,,,,04660000
RPPNMLNKQHGGFJE58CC,福安段,248.47,都市：工,,,,04340000
RPWNMLNKQHGGFGE98CC,牛潮埔段,661.15,都市：住,,,,02820015
RPPOMLNKQHGGFIE58CC,灣勢段,220.00,都市：農,,,,04500000
RPPOMLNKQHGGFIE58CC,灣勢段,441.00,都市：農,,,,04490000
RPXOMLNKQHGGFCE78CC,獅甲段,1.95,都市：商,,,,03300000
RPXOMLNKQHGGFCE78CC,獅甲段,6.16,都市：商,,,,03310000
RPQPMLNKQHGGFCE18CC,獅甲段,.51,都市：商,,,,03300000
RPQPMLNKQHGGFCE18CC,獅甲段,1.62,都市：商,,,,03310000
RPVOMLNKQHGGFFE88CC,安西段,279.39,都市：工,,,,01060000
RPSNMLNKQHGGFFE48CC,典寶段,100.00,非都市：特定農業區 ; 非都市編定：農牧用地,,,,09330000
RPVOMLNKQHGGFEE78CC,果貿段,16.68,都市：住,,,,02150011
RPWOMLNKQHGGFBE58CC,意誠段,12.13,都市：商,,,,00510000
RPWOMLNKQHGGFFE98CC,筆秀段,1720.00,都市：其他:分區界線尚未分割,,,,00790000
RPPNMLOKQHGGFBE87CC,林德官段,.00,都市：商,,,,12940023
RPWQMLNKQHGGFEE09CC,菜公段六小段,.00,都市：住,,,,11190000
RPRNMLOKQHGGFBE08CC,苓雅寮段,13.74,都市：住,,,,07450000
RPPNMLOKQHGGFDE08CC,覆鼎金段覆鼎金小段,118.00,都市：住,,,,14070000
RPPNMLQKQHGGFBE08CC,大統段一小段,.00,都市：商,,,,00060000
RPPNMLPKQHGGFBE97CC,林德官段,.00,都市：商,,,,13680000
RPPNMLPKQHGGFBE97CC,林德官段,.00,都市：住,,,,13680001
RPXNMLQKQHGGFBE88CC,五塊厝段,90.00,都市：商,,,,23790001
RPXNMLQKQHGGFBE88CC,五塊厝段,74.00,都市：商,,,,23800000
RPXNMLQKQHGGFBE88CC,五塊厝段,81.00,都市：商,,,,23790002
RPXNMLQKQHGGFBE88CC,五塊厝段,50.00,都市：商,,,,23790000
RPPNMLOKQHGGFIE58CC,青雲段,192.00,都市：住,,,,03960000
RPUNMLQKQHGGFAE48CC,博孝段,65.00,都市：住,,,,10000000
RPSNMLQKQHGGFAE28CC,青海段,17.60,都市：商,,,,01570001
RPQNMLQKQHGGFDE38CC,大港段,.00,都市：住,,,,35370000
RPPNMLQKQHGGFAE97CC,青海段,.00,都市：商,,,,02050000
RPPNMLQKQHGGFAE97CC,龍水段一小段,.00,都市：商,,,,11830000
RPXNMLQKQHGGFDE09CC,水源段,7.69,都市：住,,,,04810000
RPXNMLQKQHGGFDE09CC,水源段,1.56,都市：商,,,,05110001
RPWNMLQKQHGGFDE98CC,水源段,15.73,都市：住,,,,04810000
RPWNMLQKQHGGFDE98CC,水源段,3.19,都市：商,,,,05110001
RPOOMLQKQHGGFDE28CC,中華段一小段,199.00,都市：商,,,,07490000
RPROMLQKQHGGFEE68CC,新庄段十三小段,7.00,都市：商,,,,15090000
RPWNMLQKQHGGFIE86CC,保社段,363.63,都市：工,,,,02860002
RPQPMLQKQHGGFEE68CC,清豐段,26.93,都市：住,,,,01940001
RPTOMLQKQHGGFEE88CC,新福段四小段,13.60,都市：住,,,,00010000
RPOOMLQKQHGGFIE78CC,大丘園段,26.44,非都市：一般農業區 ; 非都市編定：農牧用地,,,,04910000
RPSOMLQKQHGGFIE56CC,松埔段,.00,非都市：鄉村區 ; 非都市編定：乙種建築用地,,,,05310000
RPUOMLQKQHGGFIE76CC,松埔段,33.05,都市：農,,,,11550000
RPSNMLQKQHGGFCE48CC,瑞隆段四小段,.00,都市：商,,,,13210000
RPPOMLQKQHGGFIE88CC,仁新段,198.34,都市：其他:產業專用區(產1),,,,07110000
RPVOMLQKQHGGFCE88CC,光華段一小段,.00,都市：住,,,,19820000
RPSPMLQKQHGGFCE68CC,光華段一小段,49.25,都市：住,,,,19830000
RPRNMLQKQHGGFFE68CC,後壁田段,23.23,都市：住,,,,02840000
RPPNMLQKQHGGFJE88CC,大仁段,461.79,都市：工,,,,05820000
RPPNMLQKQHGGFJE88CC,大仁段,461.79,都市：工,,,,05820002
RPTPMLQKQHGGFCE78CC,店鎮段一小段,.00,都市：商,,,,11980000
RPVNMLQKQHGGFIE86DC,北屋段,168.75,都市：住,,,,03830000
RPOOMLQKQHGGFLE09CC,翁公園段二小段,.00,都市：住,,,,53780000
RPXNMLRKQHGGFLE37CC,內厝段,.00,都市：住,,,,05780000
RPSOMLRKQHGGFLE96CC,赤崁段,138.85,都市：農,,,,17830000
RPUNMLQKQHGGFLE96CC,頂寮段,.00,都市：住,,,,00200000
RPWNMLRKQHGGFCE98CC,瑞隆段三小段,.00,都市：住,,,,00080000
RPWNMLRKQHGGFCE98CC,瑞隆段三小段,.00,都市：住,,,,00080001
RPTNMLRKQHGGFIE66CC,澄清段,84.92,都市：住,,,,00750008
RPUNMLRKQHGGFFE09CC,興龍段,.00,非都市：特定農業區 ; 非都市編定：甲種建築用地,,,,00040000
RPPOMLRKQHGGFLE66CC,後庄段,.00,都市：住,,,,12500000
RPPOMLRKQHGGFLE66CC,後庄段,.00,都市：住,,,,12580000
RPUOMLRKQHGGFCE88CC,憲德段二小段,.00,都市：商,,,,00260004
RPQOMLRKQHGGFLE76CC,內厝段,.00,都市：住,,,,05780000
RPSOMLRKQHGGFCE68CC,鎮昌段一小段,130.38,都市：住,,,,15110002
RPUNMLRKQHGGFGE56CC,五甲段,287.00,都市：住,,,,03170008
RPPOMLRKQHGGFIE98CC,圳觀段,595.04,都市：農,,,,12210000
RPTQMLRKQHGGFEE56CC,楠都段二小段,.00,非都市： ; 非都市編定：,,,,13050000
RPPOMLRKQHGGFEE58CC,新庄段七小段,.00,都市：住,,,,03150000
RPPQMLRKQHGGFEE78CC,新庄段十二小段,.00,非都市： ; 非都市編定：,,,,10570000
RPVQMLRKQHGGFEE76CC,楠都段三小段,7.26,都市：住,,,,06020000
RPPOMLRKQHGGFAE18CC,東金段,.00,都市：商,,,,02100000
RPPOMLRKQHGGFDE48CC,鼎泰段,.00,都市：住,,,,14740004
RPQOMLRKQHGGFBE38CC,苓洲段,.00,都市：商,,,,17150000
RPQOMLRKQHGGFBE38CC,苓洲段,.00,都市：商,,,,17160000
RPTOMLRKQHGGFAE58CC,北金段,.00,都市：商,,,,09250000
RPVNMLSKQHGGFBE88CC,林德官段一小段,9.05,都市：商,,,,26100000
RPWNMLSKQHGGFBE98CC,意誠段,.00,都市：商,,,,01990000
RPUOMLSKQHGGFBE88CC,林德官段二小段,.00,都市：住,,,,34230000
RPXOMLSKQHGGFBE56CC,苓洲段,.00,都市：商,,,,00140000
RPXNMLSKQHGGFBE09CC,意誠段,.00,都市：商,,,,01990000
RPQPMLSKQHGGFBE58CC,新興段四小段,56.00,都市：商,,,,22540000
RPQOMLSKQHGGFBE48CC,意誠段,6.20,都市：商,,,,01990000
RPPPMLSKQHGGFBE48CC,林聖段,.00,都市：住,,,,10470005
RPPPMLSKQHGGFBE48CC,林聖段,.00,都市：住,,,,10480000
RPSNMLSKQHGGFAE48CC,鼓中段五小段,.00,都市：住,,,,01920000
RPSOMLSKQHGGFBE68CC,林興段,.00,都市：住,,,,04980000
RPTNMLSKQHGGFAE58CC,前峰段,31.55,都市：住,,,,02150000
RPOOMLSKQHGGFDE48CC,獅頭段一小段,.00,都市：商,,,,16850000
RPSPMLSKQHGGFDE98CC,灣華段,11.06,都市：住,,,,05280000
RPRNMLSKQHGGFEE78CC,果貿段,.00,都市：住,,,,00120000
RPPOMLSKQHGGFEE68CC,福山段,.00,都市：住,,,,05920000
RPTQMLSKQHGGFDE56CC,獅頭段,.00,都市：商,,,,27860000
RPTQMLSKQHGGFDE56CC,獅頭段,.00,都市：住,,,,27860001
RPPSMLSKQHGGFDE98CC,三塊厝段四小段,.00,都市：住,,,,20040001
RPRRMLSKQHGGFDE09CC,大港段二小段,1156.00,都市：住,,,,14860000
RPTNMLSKQHGGFEE98CC,果貿段,.00,都市：住,,,,00020005
RPXPMLSKQHGGFDE86CC,鼎泰段,197.00,都市：住,,,,14010002
RPOOMLSKQHGGFEE58CC,新庄段二小段,.00,都市：住,,,,05210000
RPSTMLSKQHGGFDE76CC,新都段,13.28,都市：住,,,,03290000
RPSOMLSKQHGGFEE98CC,福山段,.00,都市：商,,,,01400001
RPVOMLSKQHGGFEE66CC,藍田西段,15.79,都市：商,,,,01440000
RPRNMLSKQHGGFGE98CC,新甲段,.00,都市：住,,,,12230010
RPRSMLSKQHGGFEE66CC,和平東段,5.13,都市：住,,,,00420000
RPOPMLSKQHGGFEE68CC,藍田西段,15.79,都市：商,,,,01440000
RPQNMLSKQHGGFFE78CC,富貴段,.00,都市：住,,,,07230000
RPSNMLSKQHGGFCE68CC,瑞隆段一小段,.00,都市：住,,,,07180000
RPPRMLSKQHGGFEE98CC,新庄段十二小段,37.47,都市：住,,,,11820000
RPVNMLSKQHGGFGE76CC,道爺?段,.00,都市：住,,,,10930117
RPROMLSKQHGGFGE09CC,大貝湖段,.00,都市：住,,,,01330000
RPXNMLSKQHGGFCE56CC,盛興段,12.32,都市：住,,,,14920000
RPSOMLSKQHGGFCE78CC,盛興段,18.00,都市：商,,,,13360000
RPOOMLSKQHGGFLE66CC,翁公園段二小段,1081.00,都市：農,,,,49230000
RPTOMLSKQHGGFEE56DC,楠都段一小段,48.00,都市：其他:第四種商業區,,,,14600000
RPTOMLSKQHGGFCE88CC,盛興段,54.00,都市：商,,,,13360000
RPPPMLSKQHGGFCE58CC,中厝段,.00,都市：商,,,,02370000
RPUNMLTKQHGGFJE07CC,華山段,400.00,非都市：一般農業區 ; 非都市編定：農牧用地,,,,00590000
RPWNMLTKQHGGFJE27CC,東安段,89.25,都市：住,,,,11300000
RPWNMLTKQHGGFLE47CC,赤崁段潮州寮小段,397.00,都市：農,,,,54120000
RPSNMLTKQHGGFCE78CC,光華段,62.00,都市：住,,,,14090000
RPPPMLTKQHGGFEE88CC,福山段,9.09,都市：商,,,,04760002
RPRNMLTKQHGGFLE96CC,翁公園段,14.48,都市：商,,,,38140003
RPOOMLTKQHGGFDE58CC,灣中段,6.75,都市：住,,,,05010000
RPRNMLTKQHGGFDE78CC,建昌段,24.80,都市：住,,,,04160000
RPRNMLTKQHGGFDE78CC,建昌段,1.50,都市：商,,,,04160001
RPPOMLTKQHGGFDE68CC,大港段七小段,2.44,都市：商,,,,06660000
RPTOMLTKQHGGFGE76CC,頂新段,12.41,都市：商,,,,00310000
RPQOMLTKQHGGFDE78CC,灣子內段寶珠溝小段,40.60,都市：商,,,,07530004
RPQOMLTKQHGGFIE66CC,竹園段,360.00,都市：工,,,,04330007
RPWNMLTKQHGGFDE66CC,灣志段,36.87,都市：住,,,,02440000
RPWNMLTKQHGGFDE66CC,灣志段,53.09,都市：住,,,,02450000
RPWNMLTKQHGGFDE66CC,灣志段,80.77,都市：住,,,,02460000
RPWNMLTKQHGGFDE66CC,灣志段,66.02,都市：住,,,,02470000
RPWNMLTKQHGGFDE66CC,灣志段,73.04,都市：住,,,,03140000
RPWNMLTKQHGGFDE66CC,灣志段,246.05,都市：住,,,,03150000
RPRNMLKLQHGGFDE97CC,大順段,.00,都市：住,,,,03990001
RPTNMLKLQHGGFEE28CC,清豐段,12.99,都市：商,,,,03790001
RPRPMLKLQHGGFEE28CC,和平段五小段,8.28,都市：住,,,,01020000
RPUNMLKLQHGGFEE38CC,果貿段,16.69,都市：住,,,,02150011
RPQOMLKLQHGGFAE67CC,龍中段,12.27,都市：商,,,,00400000
RPUNMLKLQHGGFAE97CC,青海段,25.36,都市：住,,,,00850000
RPRNMLKLQHGGFBE77CC,林德官段,5.08,都市：商,,,,11870000
RPUNMLKLQHGGFBE08CC,苓洲段,11.36,都市：商,,,,05370005
RPTNMLKLQHGGFAE87CC,內惟段五小段,.00,都市：住,,,,02960001
RPPOMLKLQHGGFBE67CC,林德官段,8.78,都市：商,,,,15150000
RPQNMLKLQHGGFAE57CC,青海段,.00,都市：商,,,,01660000
RPWNMLKLQHGGFBE28CC,苓雅寮段,5.73,都市：商,,,,07120000
RPQOMLKLQHGGFIE48CC,興農段,.00,都市：住,,,,07940010
RPPOMLKLQHGGFIE38CC,興農段,.00,都市：住,,,,07940010
RPROMLKLQHGGFIE58CC,興農段,.00,都市：住,,,,07940010
RPROMLKLQHGGFIE58CC,興農段,.00,都市：住,,,,07940011
RPPOMLKLQHGGFGE18CC,新甲段,.00,非都市： ; 非都市編定：,,,,12370007
RPXOMLKLQHGGFIE56CC,興農段,.00,都市：住,,,,07940010
RPXOMLKLQHGGFIE56CC,興農段,.00,都市：住,,,,07940011
RPVNMLKLQHGGFGE68CC,華鳳段,24.33,都市：住,,,,01250000
RPQOMLKLQHGGFGE28CC,五甲段,.00,都市：住,,,,02060042
RPWNMLKLQHGGFGE78CC,牛潮埔段,.00,都市：住,,,,07950000
RPWOMLKLQHGGFFE78CC,興龍段,.00,非都市：特定農業區 ; 非都市編定：甲種建築用地,,,,00040000
RPOPMLKLQHGGFFE08CC,興龍段,.00,非都市：特定農業區 ; 非都市編定：甲種建築用地,,,,00040000
RPVPMLKLQHGGFFE78CC,興龍段,.00,非都市：特定農業區 ; 非都市編定：甲種建築用地,,,,00040000
RPXPMLKLQHGGFFE98CC,興龍段,.00,非都市：特定農業區 ; 非都市編定：甲種建築用地,,,,00040000
RPROMLKLQHGGFCE97CC,愛群段,5.94,都市：商,,,,24590000
RPTPMLKLQHGGFFE58CC,興龍段,.00,非都市：特定農業區 ; 非都市編定：甲種建築用地,,,,00040000
RPPQMLKLQHGGFFE28CC,興龍段,.00,非都市：特定農業區 ; 非都市編定：甲種建築用地,,,,00040000
RPQPMLKLQHGGFFE28CC,興龍段,.00,非都市：特定農業區 ; 非都市編定：甲種建築用地,,,,00040000
RPSPMLKLQHGGFFE48CC,興龍段,.00,非都市：特定農業區 ; 非都市編定：甲種建築用地,,,,00040000
RPUPMLKLQHGGFFE68CC,興龍段,.00,非都市：特定農業區 ; 非都市編定：甲種建築用地,,,,00040000
RPQQMLKLQHGGFFE38CC,興龍段,.00,非都市：特定農業區 ; 非都市編定：甲種建築用地,,,,00040000
RPSQMLKLQHGGFFE58CC,興龍段,.00,非都市：特定農業區 ; 非都市編定：甲種建築用地,,,,00040000
RPUQMLKLQHGGFFE78CC,興龍段,.00,非都市：特定農業區 ; 非都市編定：甲種建築用地,,,,00040000
RPVQMLKLQHGGFFE88CC,興龍段,.00,非都市：特定農業區 ; 非都市編定：甲種建築用地,,,,00040000
RPTQMLKLQHGGFFE68CC,興龍段,.00,非都市：特定農業區 ; 非都市編定：甲種建築用地,,,,00040000
RPWQMLKLQHGGFFE98CC,興龍段,.00,非都市：特定農業區 ; 非都市編定：甲種建築用地,,,,00040000
RPRNMLKLQHGGFJE58CC,東安段,89.25,都市：住,,,,11350000
