﻿編號,屋齡,建物移轉面積平方公尺,主要用途,主要建材,建築完成日期,總層數,建物分層
The serial number,room age,building shifting area square meter,the main use,main building materials,construction completes the date,total layer,building lamination
RPWOMLRKOHGGFAI09CC,25,47.16,住家用,鋼筋混凝土造,85年3月11日,二十層,
RPTQMLOLOHGGFAI78CC,49,92.05,住家用,鋼筋混凝土加強磚造,61年1月20日,二層,
RPTPMLLKOHGGFAI28CC,25,46.13,住家用,鋼筋混凝土造,85年3月11日,二十層,
RPTNMLPKOHGGFAI48CC,46,82.08,住家用,鋼筋混凝土加強磚造,64年6月13日,二層,
RPPPMLLKOHGGFAI87CC,26,131.07,住家用,鋼筋混凝土造,84年2月11日,七層,
RPOPMLRKOHGGFAI38CC,28,40.90,住家用,鋼筋混凝土造,82年6月9日,十六層,
RPQPMLLKOHGGFAI97CC,22,208.36,車庫、住宅,鋼筋混凝土造,88年3月4日,四層,
RPVOMLRKOHGGFAI98CC,27,38.70,住家用,鋼筋混凝土造,83年3月19日,七層,
RPSPMLLKOHGGFAI18CC,26,74.45,住家用,鋼筋混凝土造,84年10月4日,十一層,
RPRRMLOLOHGGFAI68CC,27,105.36,住家用,鋼筋混凝土造,82年12月23日,十二層,
RPXQMLOLOHGGFAI56CC,28,109.62,住家用,鋼筋混凝土造,82年5月15日,十五層,
RPPRMLOLOHGGFAI48CC,22,166.99,住家用,鋼筋混凝土造,88年4月21日,十四層,
RPPOMLQJPHGGFAI28CC,35,91.81,住家用,鋼筋混凝土造,74年12月14日,四層,
RPROMLLJPHGGFAI97CC,38,112.21,住家用,鋼筋混凝土造,72年3月31日,五層,
RPSOMLLJPHGGFAI08CC,39,80.84,國民住宅,鋼筋混凝土造,71年5月3日,五層,
RPROMLPLOHGGFAI48CC,23,86.26,住家用,鋼筋混凝土造,87年3月19日,二十二層,
RPSOMLPLOHGGFAI58CC,23,79.98,住家用,鋼筋混凝土造,87年3月19日,二十二層,
RPROMLPLOHGGFAI48CC,23,15.59,共有部份,鋼筋混凝土造,87年3月19日,二十二層,
RPSOMLPLOHGGFAI58CC,23,16.85,共有部份,鋼筋混凝土造,87年3月19日,二十二層,
RPROMLPLOHGGFAI48CC,23,18.09,共有部份,鋼筋混凝土造,87年3月19日,二十二層,
RPSOMLPLOHGGFAI58CC,23,18.09,共有部份,鋼筋混凝土造,87年3月19日,二十二層,
RPXNMLKMOHGGFAI58CC,1,51.24,辦公室,鋼筋混凝土構造,109年2月27日,九層,
RPTOMLQJPHGGFAI68CC,28,154.28,住商用,鋼筋混凝土造,82年3月25日,十二層,
RPUOMLQJPHGGFAI78CC,2,26.33,住家用,鋼筋混凝土構造,108年11月25日,五層,
RPWPMLSLOHGGFAI76CC,25,47.77,住家用,鋼筋混凝土造,85年3月11日,二十層,
RPXPMLSLOHGGFAI86CC,25,59.50,住家用,鋼筋混凝土造,85年3月11日,二十層,
RPXNMLRJPHGGFAI09CC,2,30.55,住家用,鋼筋混凝土構造,108年11月25日,五層,
RPROMLRJPHGGFAI58CC,30,30.11,住家用,鋼筋混凝土造,80年1月4日,六層,
RPPOMLRJPHGGFAI38CC,39,109.21,住家用,鋼筋混凝土造,71年11月16日,五層,
RPSOMLRJPHGGFAI68CC,29,116.97,住家用,鋼筋混凝土造,81年8月28日,十層,
RPVNMLSJPHGGFAI98CC,23,57.13,住家用,鋼筋混凝土造,87年3月19日,二十二層,
RPVNMLSJPHGGFAI98CC,23,10.80,共有部份,鋼筋混凝土造,87年3月19日,二十二層,
RPVNMLSJPHGGFAI98CC,23,11.63,共有部份,鋼筋混凝土造,87年3月19日,二十二層,
RPOOMLRJPHGGFAI28CC,26,30.10,住家用,鋼筋混凝土造,84年1月12日,五層,
RPPOMLSJPHGGFAI48CC,31,125.91,住家用,鋼筋混凝土造,79年11月19日,七層,
RPQOMLRJPHGGFAI48CC,26,38.88,住家用,鋼筋混凝土造,84年5月17日,九層,
RPSNMLRJPHGGFAI78EC,10,185.02,騎樓、補習班、住宅,鋼筋混凝土構造,100年11月15日,四層,
RPWNMLSJPHGGFAI09CC,23,81.45,住家用,鋼筋混凝土造,87年3月19日,二十二層,
RPWNMLSJPHGGFAI09CC,23,17.07,共有部份,鋼筋混凝土造,87年3月19日,二十二層,
RPWNMLSJPHGGFAI09CC,23,18.09,共有部份,鋼筋混凝土造,87年3月19日,二十二層,
RPROMLSJPHGGFAI68CC,28,129.47,住商用,鋼筋混凝土造,82年12月15日,四層,
RPQOMLSJPHGGFAI58CC,30,124.17,住家用,鋼筋混凝土造,80年12月18日,七層,
RPSOMLSJPHGGFAI78CC,27,28.40,住家用,鋼筋混凝土造,83年8月30日,七層,
RPPNMLKKPHGGFAI67CC,17,127.02,住家用,鋼筋混凝土造,93年10月28日,十四層,
RPPNMLKKPHGGFAI67CC,17,80.06,共有部份,鋼筋混凝土造,93年10月28日,十四層,
RPXPMLLLPHGGFAI88CC,33,134.96,住家用,加強磚造,77年5月19日,二層,
RPXNMLPKPHGGFAI98CC,27,110.73,住家用,鋼筋混凝土造,83年12月31日,十二層,
RPTOMLSJPHGGFAI88CC,22,78.99,住家用,鋼筋混凝土造,88年4月21日,十四層,
RPXNMLTKPHGGFAI76CC,23,104.66,住家用,鋼筋混凝土造,87年3月19日,二十二層,
RPXNMLTKPHGGFAI76CC,23,19.62,共有部份,鋼筋混凝土造,87年3月19日,二十二層,
RPXNMLTKPHGGFAI76CC,23,23.26,共有部份,鋼筋混凝土造,87年3月19日,二十二層,
RPPOMLPKPHGGFAI28CC,28,46.32,住家用,鋼筋混凝土造,82年6月9日,十六層,
RPTNMLTKPHGGFAI98CC,23,104.66,住家用,鋼筋混凝土造,87年3月19日,二十二層,
RPTNMLTKPHGGFAI98CC,23,19.62,共有部份,鋼筋混凝土造,87年3月19日,二十二層,
RPTNMLTKPHGGFAI98CC,23,23.26,共有部份,鋼筋混凝土造,87年3月19日,二十二層,
RPUNMLTKPHGGFAI09CC,23,104.66,住家用,鋼筋混凝土造,87年3月19日,二十二層,
RPUNMLTKPHGGFAI09CC,23,19.62,共有部份,鋼筋混凝土造,87年3月19日,二十二層,
RPUNMLTKPHGGFAI09CC,23,23.26,共有部份,鋼筋混凝土造,87年3月19日,二十二層,
RPWNMLPKPHGGFAI88CC,31,76.78,住商用,鋼筋混凝土造,79年6月18日,四層,
RPVNMLPKPHGGFAI78CC,30,34.89,住商用,鋼筋混凝土造,80年5月8日,十層,
RPOQMLLLPHGGFAI08CC,22,66.84,住家用,鋼筋混凝土造,88年4月21日,十四層,
RPXOMLQLPHGGFAI66CC,26,38.88,住家用,鋼筋混凝土造,84年5月17日,九層,
RPPPMLQLPHGGFAI58CC,32,28.31,住家用,鋼筋混凝土造,78年2月3日,七層,
RPUOMLSLPHGGFAI56CC,6,40.50,店舖、住宅,鋼筋混凝土構造,104年11月10日,五層,
RPWOMLMLPHGGFAI78CC,2,26.73,住家用,鋼筋混凝土構造,108年11月25日,五層,
RPVOMLSLPHGGFAI66CC,31,121.62,住家用,鋼筋混凝土造,79年2月19日,七層,
RPPPMLSLPHGGFAI78CC,32,36.65,住家用,鋼筋混凝土造,78年2月3日,七層,
RPVOMLQLPHGGFAI09CC,27,131.34,住家用,鋼筋混凝土造,83年7月1日,十四層,
RPOPMLQLPHGGFAI48CC,29,37.12,住家用,鋼筋混凝土造,81年10月29日,十層,
RPSOMLKMPHGGFAI28CC,31,30.47,住家用,鋼筋混凝土造,80年1月4日,六層,
RPWOMLSLPHGGFAI76CC,37,115.45,住家用,鋼筋混凝土造,73年7月28日,五層,
RPWOMLKMPHGGFAI68CC,38,39.28,住家用,鋼筋混凝土造,72年7月8日,五層,
RPTOMLKMPHGGFAI38CC,36,43.05,住家用,鋼筋混凝土造,74年11月29日,五層,
RPXOMLKMPHGGFAI78CC,37,42.23,住家用,鋼筋混凝土造,73年11月29日,六層,
RPWNMLOJQHGGFAI78CC,23,59.97,住家用,鋼筋混凝土造,87年3月19日,二十二層,
RPWNMLOJQHGGFAI78CC,23,11.52,共有部份,鋼筋混凝土造,87年3月19日,二十二層,
RPWNMLOJQHGGFAI78CC,23,12.92,共有部份,鋼筋混凝土造,87年3月19日,二十二層,
RPOPMLKMPHGGFAI97CC,22,118.50,住家用,鋼筋混凝土造,88年4月21日,十四層,
RPOPMLQJQHGGFAI38CC,37,128.83,住家用,加強磚造,73年9月22日,二層,
RPSPMLQJQHGGFAI78CC,36,107.88,住家用,加強磚造,74年3月5日,二層,
RPWOMLQJQHGGFAI09CC,14,135.88,住家用,鋼筋混凝土造,96年8月8日,四層,
RPTPMLQJQHGGFAI88CC,28,28.11,住家用,鋼筋混凝土造,82年6月9日,十二層,
RPQPMLQJQHGGFAI58CC,28,39.51,住家用,鋼筋混凝土造,82年6月9日,十六層,
RPVPMLQJQHGGFAI09CC,26,38.67,住家用,鋼筋混凝土造,84年5月22日,十二層,
RPUPMLQJQHGGFAI98CC,31,144.25,住家用,鋼筋混凝土造,79年2月19日,七層,
RPPNMLRJQHGGFAI38CC,23,81.45,住家用,鋼筋混凝土造,87年3月19日,二十二層,
RPPNMLRJQHGGFAI38CC,23,17.07,共有部份,鋼筋混凝土造,87年3月19日,二十二層,
RPPNMLRJQHGGFAI38CC,23,18.09,共有部份,鋼筋混凝土造,87年3月19日,二十二層,
RPTNMLTJQHGGFAI98CC,28,110.29,住家用,鋼筋混凝土造,82年5月25日,十層,
RPUNMLTJQHGGFAI09CC,33,114.70,住家用,鋼筋混凝土造,78年1月17日,七層,
RPRNMLSKQHGGFAI78CC,13,14.02,辦公室,鋼筋混凝土造,97年3月3日,四層,
RPXNMLKLQHGGFAI68CC,27,38.70,住家用,鋼筋混凝土造,83年3月19日,七層,
RPOOMLRKQHGGFAI68EC,50,395.76,住工用,見使用執照,60年7月29日,一層,
RPTOMLKLQHGGFAI38CC,27,40.14,住家用,鋼筋混凝土造,83年3月19日,七層,
RPWNMLKLQHGGFAI58CC,47,88.37,住家用,鋼筋混凝土加強磚造,63年10月14日,二層,
RPVNMLKLQHGGFAI48CC,26,27.37,住家用,鋼筋混凝土造,84年5月17日,九層,
RPOOMLKLQHGGFAI87CC,28,52.00,住家用,鋼筋混凝土造,83年1月27日,七層,
RPPOMLKLQHGGFAI97CC,40,173.75,住商用,鋼筋混凝土加強磚造,70年6月18日,三層,
RPPPMLKLQHGGFAI08CC,31,33.91,住家用,鋼筋混凝土造,80年1月4日,六層,
