﻿編號,土地位置,土地移轉面積(平方公尺),使用分區或編定,權利人持分分母,權利人持分分子,移轉情形,地號
The serial number, land position,land shifting area square meter,the use zoning or compiles and checks,,,,land parcel
RPROMLNLOHGGFDK68CB,大同段,17.39,都市：商,100000,398,持分移轉,07230000
RPSOMLNLOHGGFDK78CB,大同段,16.47,都市：商,100000,377,持分移轉,07230000
RPQOMLNLOHGGFDK58CB,大同段,22.20,都市：商,100000,508,持分移轉,07230000
RPUOMLNLOHGGFDK98CB,大同段,17.39,都市：商,100000,398,持分移轉,07230000
RPVOMLNLOHGGFDK09CB,大同段,28.23,都市：商,100000,646,持分移轉,07230000
RPPPMLNLOHGGFDK58CB,大同段,17.08,都市：商,100000,391,持分移轉,07230000
RPTOMLNLOHGGFDK88CB,大同段,16.47,都市：商,100000,377,持分移轉,07230000
RPXOMLNLOHGGFDK66CB,大同段,17.08,都市：商,100000,391,持分移轉,07230000
RPWOMLNLOHGGFDK56CB,大同段,17.08,都市：商,100000,391,持分移轉,07230000
RPOPMLNLOHGGFDK48CB,大同段,17.08,都市：商,100000,391,持分移轉,07230000
RPRPMLNLOHGGFDK78CB,大同段,17.08,都市：商,100000,391,持分移轉,07230000
RPSPMLNLOHGGFDK88CB,大同段,17.08,都市：商,100000,391,持分移轉,07230000
RPOQMLNLOHGGFDK58CB,大同段,17.08,都市：商,100000,391,持分移轉,07230000
RPTPMLNLOHGGFDK98CB,大同段,17.08,都市：商,100000,391,持分移轉,07230000
RPXPMLNLOHGGFDK76CB,大同段,17.08,都市：商,100000,391,持分移轉,07230000
RPUPMLNLOHGGFDK09CB,大同段,17.08,都市：商,100000,391,持分移轉,07230000
RPQPMLNLOHGGFDK68CB,大同段,17.08,都市：商,100000,391,持分移轉,07230000
RPRQMLNLOHGGFDK88CB,大同段,12.85,都市：商,100000,294,持分移轉,07230000
RPPQMLNLOHGGFDK68CB,大同段,17.08,都市：商,100000,391,持分移轉,07230000
RPVPMLNLOHGGFDK56CB,大同段,17.08,都市：商,100000,391,持分移轉,07230000
RPSQMLNLOHGGFDK98CB,大同段,12.85,都市：商,100000,294,持分移轉,07230000
RPQQMLNLOHGGFDK78CB,大同段,12.85,都市：商,100000,294,持分移轉,07230000
RPTQMLNLOHGGFDK09CB,大同段,12.89,都市：商,100000,295,持分移轉,07230000
RPUQMLNLOHGGFDK56CB,大同段,12.89,都市：商,100000,295,持分移轉,07230000
RPWQMLNLOHGGFDK76CB,大同段,12.89,都市：商,100000,295,持分移轉,07230000
RPVQMLNLOHGGFDK66CB,大同段,12.89,都市：商,100000,295,持分移轉,07230000
RPPRMLNLOHGGFDK78CB,大同段,12.89,都市：商,100000,295,持分移轉,07230000
RPWPMLNLOHGGFDK66CB,大同段,17.08,都市：商,100000,391,持分移轉,07230000
RPRRMLNLOHGGFDK98CB,大同段,12.89,都市：商,100000,295,持分移轉,07230000
RPXQMLNLOHGGFDK86CB,大同段,12.89,都市：商,100000,295,持分移轉,07230000
RPTRMLNLOHGGFDK56CB,大同段,12.89,都市：商,100000,295,持分移轉,07230000
RPORMLNLOHGGFDK68CB,大同段,12.89,都市：商,100000,295,持分移轉,07230000
RPVRMLNLOHGGFDK76CB,大同段,12.89,都市：商,100000,295,持分移轉,07230000
RPSSMLNLOHGGFDK56CB,大同段,12.89,都市：商,100000,295,持分移轉,07230000
RPWRMLNLOHGGFDK86CB,大同段,12.85,都市：商,100000,294,持分移轉,07230000
RPURMLNLOHGGFDK66CB,大同段,12.89,都市：商,100000,295,持分移轉,07230000
RPXRMLNLOHGGFDK96CB,大同段,12.85,都市：商,100000,294,持分移轉,07230000
RPOSMLNLOHGGFDK78CB,大同段,12.85,都市：商,100000,294,持分移轉,07230000
RPRSMLNLOHGGFDK09CB,大同段,12.89,都市：商,100000,295,持分移轉,07230000
RPPSMLNLOHGGFDK88CB,大同段,12.89,都市：商,100000,295,持分移轉,07230000
RPTSMLNLOHGGFDK66CB,大同段,12.89,都市：商,100000,295,持分移轉,07230000
RPQSMLNLOHGGFDK98CB,大同段,12.89,都市：商,100000,295,持分移轉,07230000
RPVSMLNLOHGGFDK86CB,大同段,12.89,都市：商,100000,295,持分移轉,07230000
RPUSMLNLOHGGFDK76CB,大同段,12.89,都市：商,100000,295,持分移轉,07230000
RPXSMLNLOHGGFDK07CB,大同段,12.89,都市：商,100000,295,持分移轉,07230000
RPWSMLNLOHGGFDK96CB,大同段,12.89,都市：商,100000,295,持分移轉,07230000
RPOTMLNLOHGGFDK88CB,大同段,12.89,都市：商,100000,295,持分移轉,07230000
RPPTMLNLOHGGFDK98CB,大同段,12.89,都市：商,100000,295,持分移轉,07230000
RPQTMLNLOHGGFDK09CB,大同段,17.08,都市：商,100000,391,持分移轉,07230000
RPRTMLNLOHGGFDK56CB,大同段,17.08,都市：商,100000,391,持分移轉,07230000
RPSTMLNLOHGGFDK66CB,大同段,17.08,都市：商,100000,391,持分移轉,07230000
RPUTMLNLOHGGFDK86CB,大同段,17.08,都市：商,100000,391,持分移轉,07230000
RPWTMLNLOHGGFDK07CB,大同段,17.08,都市：商,100000,391,持分移轉,07230000
RPXTMLNLOHGGFDK17CB,大同段,17.08,都市：商,100000,391,持分移轉,07230000
RPOUMLNLOHGGFDK98CB,大同段,17.08,都市：商,100000,391,持分移轉,07230000
RPVTMLNLOHGGFDK96CB,大同段,17.08,都市：商,100000,391,持分移轉,07230000
RPTTMLNLOHGGFDK76CB,大同段,17.08,都市：商,100000,391,持分移轉,07230000
RPTUMLNLOHGGFDK86CB,大同段,17.08,都市：商,100000,391,持分移轉,07230000
RPUUMLNLOHGGFDK96CB,大同段,12.67,都市：商,100000,290,持分移轉,07230000
RPVUMLNLOHGGFDK07CB,大同段,12.67,都市：商,100000,290,持分移轉,07230000
RPRUMLNLOHGGFDK66CB,大同段,17.08,都市：商,100000,391,持分移轉,07230000
RPXUMLNLOHGGFDK27CB,大同段,12.67,都市：商,100000,290,持分移轉,07230000
RPPUMLNLOHGGFDK09CB,大同段,17.08,都市：商,100000,391,持分移轉,07230000
RPOVMLNLOHGGFDK09CB,大同段,12.67,都市：商,100000,290,持分移轉,07230000
RPQUMLNLOHGGFDK56CB,大同段,17.08,都市：商,100000,391,持分移轉,07230000
RPSUMLNLOHGGFDK76CB,大同段,17.08,都市：商,100000,391,持分移轉,07230000
RPPVMLNLOHGGFDK56CB,大同段,12.67,都市：商,100000,290,持分移轉,07230000
RPQVMLNLOHGGFDK66CB,大同段,12.67,都市：商,100000,290,持分移轉,07230000
RPSVMLNLOHGGFDK86CB,大同段,12.67,都市：商,100000,290,持分移轉,07230000
RPUVMLNLOHGGFDK07CB,大同段,12.67,都市：商,100000,290,持分移轉,07230000
RPWUMLNLOHGGFDK17CB,大同段,12.67,都市：商,100000,290,持分移轉,07230000
RPXVMLNLOHGGFDK37CB,大同段,12.67,都市：商,100000,290,持分移轉,07230000
RPOWMLNLOHGGFDK56CB,大同段,18.39,都市：商,100000,421,持分移轉,07230000
RPRVMLNLOHGGFDK76CB,大同段,12.67,都市：商,100000,290,持分移轉,07230000
RPWVMLNLOHGGFDK27CB,大同段,12.67,都市：商,100000,290,持分移轉,07230000
RPTVMLNLOHGGFDK96CB,大同段,12.67,都市：商,100000,290,持分移轉,07230000
RPVVMLNLOHGGFDK17CB,大同段,12.67,都市：商,100000,290,持分移轉,07230000
RPPWMLNLOHGGFDK66CB,大同段,18.39,都市：商,100000,421,持分移轉,07230000
RPQWMLNLOHGGFDK76CB,大同段,18.39,都市：商,100000,421,持分移轉,07230000
RPRWMLNLOHGGFDK86CB,大同段,18.39,都市：商,100000,421,持分移轉,07230000
RPQNMLQLOHGGFDK78CB,大同段,18.39,都市：商,100000,421,持分移轉,07230000
RPRNMLQLOHGGFDK88CB,大同段,18.39,都市：商,100000,421,持分移轉,07230000
RPTNMLQLOHGGFDK09CB,大同段,18.39,都市：商,100000,421,持分移轉,07230000
RPVNMLQLOHGGFDK66CB,大同段,18.39,都市：商,100000,421,持分移轉,07230000
RPXNMLQLOHGGFDK86CB,大同段,18.39,都市：商,100000,421,持分移轉,07230000
RPSNMLQLOHGGFDK98CB,大同段,18.39,都市：商,100000,421,持分移轉,07230000
RPWNMLQLOHGGFDK76CB,大同段,18.39,都市：商,100000,421,持分移轉,07230000
RPPOMLQLOHGGFDK78CB,大同段,18.39,都市：商,100000,421,持分移轉,07230000
RPROMLQLOHGGFDK98CB,大同段,12.85,都市：商,100000,294,持分移轉,07230000
RPOOMLQLOHGGFDK68CB,大同段,18.39,都市：商,100000,421,持分移轉,07230000
RPSOMLQLOHGGFDK09CB,大同段,12.85,都市：商,100000,294,持分移轉,07230000
RPQOMLQLOHGGFDK88CB,大同段,12.85,都市：商,100000,294,持分移轉,07230000
RPUOMLQLOHGGFDK66CB,大同段,12.89,都市：商,100000,295,持分移轉,07230000
RPTOMLQLOHGGFDK56CB,大同段,12.89,都市：商,100000,295,持分移轉,07230000
RPVOMLQLOHGGFDK76CB,大同段,12.89,都市：商,100000,295,持分移轉,07230000
RPWOMLQLOHGGFDK86CB,大同段,12.89,都市：商,100000,295,持分移轉,07230000
RPOPMLQLOHGGFDK78CB,大同段,12.89,都市：商,100000,295,持分移轉,07230000
RPQPMLQLOHGGFDK98CB,大同段,12.89,都市：商,100000,295,持分移轉,07230000
RPPPMLQLOHGGFDK88CB,大同段,12.89,都市：商,100000,295,持分移轉,07230000
RPSPMLQLOHGGFDK56CB,大同段,12.89,都市：商,100000,295,持分移轉,07230000
RPRPMLQLOHGGFDK09CB,大同段,12.89,都市：商,100000,295,持分移轉,07230000
RPUPMLQLOHGGFDK76CB,大同段,12.89,都市：商,100000,295,持分移轉,07230000
RPTPMLQLOHGGFDK66CB,大同段,12.89,都市：商,100000,295,持分移轉,07230000
RPXOMLQLOHGGFDK96CB,大同段,12.89,都市：商,100000,295,持分移轉,07230000
RPVPMLQLOHGGFDK86CB,大同段,12.89,都市：商,100000,295,持分移轉,07230000
RPWPMLQLOHGGFDK96CB,大同段,12.89,都市：商,100000,295,持分移轉,07230000
RPUNMLQLOHGGFDK56CB,大同段,18.39,都市：商,100000,421,持分移轉,07230000
RPXPMLQLOHGGFDK07CB,大同段,12.89,都市：商,100000,295,持分移轉,07230000
RPPQMLQLOHGGFDK98CB,大同段,12.89,都市：商,100000,295,持分移轉,07230000
RPQQMLQLOHGGFDK09CB,大同段,12.89,都市：商,100000,295,持分移轉,07230000
RPRQMLQLOHGGFDK56CB,大同段,12.89,都市：商,100000,295,持分移轉,07230000
RPTQMLQLOHGGFDK76CB,大同段,12.89,都市：商,100000,295,持分移轉,07230000
RPSQMLQLOHGGFDK66CB,大同段,12.89,都市：商,100000,295,持分移轉,07230000
RPXQMLQLOHGGFDK17CB,大同段,12.89,都市：商,100000,295,持分移轉,07230000
RPUQMLQLOHGGFDK86CB,大同段,12.89,都市：商,100000,295,持分移轉,07230000
RPVQMLQLOHGGFDK96CB,大同段,12.89,都市：商,100000,295,持分移轉,07230000
RPORMLQLOHGGFDK98CB,大同段,12.89,都市：商,100000,295,持分移轉,07230000
RPWQMLQLOHGGFDK07CB,大同段,12.89,都市：商,100000,295,持分移轉,07230000
RPPRMLQLOHGGFDK09CB,大同段,18.39,都市：商,100000,421,持分移轉,07230000
RPQRMLQLOHGGFDK56CB,大同段,18.39,都市：商,100000,421,持分移轉,07230000
RPSRMLQLOHGGFDK76CB,大同段,18.39,都市：商,100000,421,持分移轉,07230000
RPRRMLQLOHGGFDK66CB,大同段,18.39,都市：商,100000,421,持分移轉,07230000
RPTRMLQLOHGGFDK86CB,大同段,18.39,都市：商,100000,421,持分移轉,07230000
RPWRMLQLOHGGFDK17CB,大同段,18.39,都市：商,100000,421,持分移轉,07230000
RPXRMLQLOHGGFDK27CB,大同段,18.39,都市：商,100000,421,持分移轉,07230000
RPURMLQLOHGGFDK96CB,大同段,18.39,都市：商,100000,421,持分移轉,07230000
RPOSMLQLOHGGFDK09CB,大同段,18.39,都市：商,100000,421,持分移轉,07230000
RPVRMLQLOHGGFDK07CB,大同段,18.39,都市：商,100000,421,持分移轉,07230000
RPRSMLQLOHGGFDK76CB,大同段,18.39,都市：商,100000,421,持分移轉,07230000
RPQSMLQLOHGGFDK66CB,大同段,18.39,都市：商,100000,421,持分移轉,07230000
RPPSMLQLOHGGFDK56CB,大同段,18.39,都市：商,100000,421,持分移轉,07230000
RPUSMLQLOHGGFDK07CB,大同段,12.67,都市：商,100000,290,持分移轉,07230000
RPVSMLQLOHGGFDK17CB,大同段,12.67,都市：商,100000,290,持分移轉,07230000
RPOTMLQLOHGGFDK56CB,大同段,12.67,都市：商,100000,290,持分移轉,07230000
RPSSMLQLOHGGFDK86CB,大同段,18.39,都市：商,100000,421,持分移轉,07230000
RPWSMLQLOHGGFDK27CB,大同段,12.67,都市：商,100000,290,持分移轉,07230000
RPXSMLQLOHGGFDK37CB,大同段,12.67,都市：商,100000,290,持分移轉,07230000
RPQTMLQLOHGGFDK76CB,大同段,12.67,都市：商,100000,290,持分移轉,07230000
RPRTMLQLOHGGFDK86CB,大同段,12.67,都市：商,100000,290,持分移轉,07230000
RPPTMLQLOHGGFDK66CB,大同段,12.67,都市：商,100000,290,持分移轉,07230000
RPSTMLQLOHGGFDK96CB,大同段,12.67,都市：商,100000,290,持分移轉,07230000
RPTTMLQLOHGGFDK07CB,大同段,12.67,都市：商,100000,290,持分移轉,07230000
RPTSMLQLOHGGFDK96CB,大同段,12.67,都市：商,100000,290,持分移轉,07230000
RPUTMLQLOHGGFDK17CB,大同段,12.67,都市：商,100000,290,持分移轉,07230000
RPVTMLQLOHGGFDK27CB,大同段,12.67,都市：商,100000,290,持分移轉,07230000
RPWTMLQLOHGGFDK37CB,大同段,12.67,都市：商,100000,290,持分移轉,07230000
RPXTMLQLOHGGFDK47CB,大同段,17.08,都市：商,100000,391,持分移轉,07230000
RPOUMLQLOHGGFDK66CB,大同段,17.08,都市：商,100000,391,持分移轉,07230000
RPPUMLQLOHGGFDK76CB,大同段,17.08,都市：商,100000,391,持分移轉,07230000
RPQUMLQLOHGGFDK86CB,大同段,17.08,都市：商,100000,391,持分移轉,07230000
RPRUMLQLOHGGFDK96CB,大同段,17.08,都市：商,100000,391,持分移轉,07230000
RPUUMLQLOHGGFDK27CB,大同段,17.08,都市：商,100000,391,持分移轉,07230000
RPTUMLQLOHGGFDK17CB,大同段,17.08,都市：商,100000,391,持分移轉,07230000
RPSUMLQLOHGGFDK07CB,大同段,17.08,都市：商,100000,391,持分移轉,07230000
RPVUMLQLOHGGFDK37CB,大同段,17.08,都市：商,100000,391,持分移轉,07230000
RPWUMLQLOHGGFDK47CB,大同段,17.08,都市：商,100000,391,持分移轉,07230000
RPOVMLQLOHGGFDK76CB,大同段,17.08,都市：商,100000,391,持分移轉,07230000
RPXUMLQLOHGGFDK57CB,大同段,17.08,都市：商,100000,391,持分移轉,07230000
RPSVMLQLOHGGFDK17CB,大同段,12.89,都市：商,100000,295,持分移轉,07230000
RPRVMLQLOHGGFDK07CB,大同段,12.89,都市：商,100000,295,持分移轉,07230000
RPTVMLQLOHGGFDK27CB,大同段,12.89,都市：商,100000,295,持分移轉,07230000
RPVVMLQLOHGGFDK47CB,大同段,12.89,都市：商,100000,295,持分移轉,07230000
RPUVMLQLOHGGFDK37CB,大同段,12.89,都市：商,100000,295,持分移轉,07230000
RPPVMLQLOHGGFDK86CB,大同段,17.08,都市：商,100000,391,持分移轉,07230000
RPXVMLQLOHGGFDK67CB,大同段,12.89,都市：商,100000,295,持分移轉,07230000
RPOWMLQLOHGGFDK86CB,大同段,12.89,都市：商,100000,295,持分移轉,07230000
RPWVMLQLOHGGFDK57CB,大同段,12.89,都市：商,100000,295,持分移轉,07230000
RPPWMLQLOHGGFDK96CB,大同段,12.89,都市：商,100000,295,持分移轉,07230000
RPSWMLQLOHGGFDK27CB,大同段,12.89,都市：商,100000,295,持分移轉,07230000
RPQVMLQLOHGGFDK96CB,大同段,17.08,都市：商,100000,391,持分移轉,07230000
RPQWMLQLOHGGFDK07CB,大同段,12.89,都市：商,100000,295,持分移轉,07230000
RPRWMLQLOHGGFDK17CB,大同段,12.89,都市：商,100000,295,持分移轉,07230000
RPTWMLQLOHGGFDK37CB,大同段,12.89,都市：商,100000,295,持分移轉,07230000
RPWWMLQLOHGGFDK67CB,大同段,12.89,都市：商,100000,295,持分移轉,07230000
RPUWMLQLOHGGFDK47CB,大同段,12.89,都市：商,100000,295,持分移轉,07230000
RPONNLQLOHGGFDK68CB,大同段,12.89,都市：商,100000,295,持分移轉,07230000
RPXWMLQLOHGGFDK77CB,大同段,12.89,都市：商,100000,295,持分移轉,07230000
RPPNNLQLOHGGFDK78CB,大同段,12.89,都市：商,100000,295,持分移轉,07230000
RPRNNLQLOHGGFDK98CB,大同段,12.89,都市：商,100000,295,持分移轉,07230000
RPQNNLQLOHGGFDK88CB,大同段,12.89,都市：商,100000,295,持分移轉,07230000
RPSNNLQLOHGGFDK09CB,大同段,12.89,都市：商,100000,295,持分移轉,07230000
RPTNNLQLOHGGFDK56CB,大同段,12.89,都市：商,100000,295,持分移轉,07230000
RPXNNLQLOHGGFDK96CB,大同段,12.89,都市：商,100000,295,持分移轉,07230000
RPUNNLQLOHGGFDK66CB,大同段,12.89,都市：商,100000,295,持分移轉,07230000
RPWNNLQLOHGGFDK86CB,大同段,12.89,都市：商,100000,295,持分移轉,07230000
RPSONLQLOHGGFDK56CB,大同段,17.08,都市：商,100000,391,持分移轉,07230000
RPVNNLQLOHGGFDK76CB,大同段,12.89,都市：商,100000,295,持分移轉,07230000
RPTONLQLOHGGFDK66CB,大同段,17.08,都市：商,100000,391,持分移轉,07230000
RPQONLQLOHGGFDK98CB,大同段,17.08,都市：商,100000,391,持分移轉,07230000
RPRONLQLOHGGFDK09CB,大同段,17.08,都市：商,100000,391,持分移轉,07230000
RPOONLQLOHGGFDK78CB,大同段,12.89,都市：商,100000,295,持分移轉,07230000
RPUONLQLOHGGFDK76CB,大同段,17.08,都市：商,100000,391,持分移轉,07230000
RPRPNLQLOHGGFDK56CB,大同段,17.08,都市：商,100000,391,持分移轉,07230000
RPWONLQLOHGGFDK96CB,大同段,17.08,都市：商,100000,391,持分移轉,07230000
RPXONLQLOHGGFDK07CB,大同段,17.08,都市：商,100000,391,持分移轉,07230000
RPOPNLQLOHGGFDK88CB,大同段,17.08,都市：商,100000,391,持分移轉,07230000
RPVONLQLOHGGFDK86CB,大同段,17.08,都市：商,100000,391,持分移轉,07230000
RPQPNLQLOHGGFDK09CB,大同段,17.08,都市：商,100000,391,持分移轉,07230000
RPPONLQLOHGGFDK88CB,大同段,17.08,都市：商,100000,391,持分移轉,07230000
RPSPNLQLOHGGFDK66CB,大同段,17.08,都市：商,100000,391,持分移轉,07230000
RPPPNLQLOHGGFDK98CB,大同段,17.08,都市：商,100000,391,持分移轉,07230000
RPTPNLQLOHGGFDK76CB,大同段,12.67,都市：商,100000,290,持分移轉,07230000
RPUPNLQLOHGGFDK86CB,大同段,12.67,都市：商,100000,290,持分移轉,07230000
RPWPNLQLOHGGFDK07CB,大同段,12.67,都市：商,100000,290,持分移轉,07230000
RPQQNLQLOHGGFDK56CB,大同段,12.67,都市：商,100000,290,持分移轉,07230000
RPOQNLQLOHGGFDK98CB,大同段,12.67,都市：商,100000,290,持分移轉,07230000
RPXPNLQLOHGGFDK17CB,大同段,12.67,都市：商,100000,290,持分移轉,07230000
RPPQNLQLOHGGFDK09CB,大同段,12.67,都市：商,100000,290,持分移轉,07230000
RPSQNLQLOHGGFDK76CB,大同段,12.67,都市：商,100000,290,持分移轉,07230000
RPVPNLQLOHGGFDK96CB,大同段,12.67,都市：商,100000,290,持分移轉,07230000
RPRQNLQLOHGGFDK66CB,大同段,12.67,都市：商,100000,290,持分移轉,07230000
RPVQNLQLOHGGFDK07CB,大同段,12.67,都市：商,100000,290,持分移轉,07230000
RPPRNLQLOHGGFDK56CB,大同段,18.39,都市：商,100000,421,持分移轉,07230000
RPUQNLQLOHGGFDK96CB,大同段,12.67,都市：商,100000,290,持分移轉,07230000
RPXQNLQLOHGGFDK27CB,大同段,18.39,都市：商,100000,421,持分移轉,07230000
RPRRNLQLOHGGFDK76CB,大同段,18.39,都市：商,100000,421,持分移轉,07230000
RPQRNLQLOHGGFDK66CB,大同段,18.39,都市：商,100000,421,持分移轉,07230000
RPTQNLQLOHGGFDK86CB,大同段,12.67,都市：商,100000,290,持分移轉,07230000
RPSRNLQLOHGGFDK86CB,大同段,18.39,都市：商,100000,421,持分移轉,07230000
RPTRNLQLOHGGFDK96CB,大同段,18.39,都市：商,100000,421,持分移轉,07230000
RPWQNLQLOHGGFDK17CB,大同段,12.67,都市：商,100000,290,持分移轉,07230000
RPQSNLQLOHGGFDK76CB,大同段,18.39,都市：商,100000,421,持分移轉,07230000
RPOSNLQLOHGGFDK56CB,大同段,18.39,都市：商,100000,421,持分移轉,07230000
RPVRNLQLOHGGFDK17CB,大同段,18.39,都市：商,100000,421,持分移轉,07230000
RPWRNLQLOHGGFDK27CB,大同段,18.39,都市：商,100000,421,持分移轉,07230000
RPXRNLQLOHGGFDK37CB,大同段,18.39,都市：商,100000,421,持分移轉,07230000
RPPSNLQLOHGGFDK66CB,大同段,18.39,都市：商,100000,421,持分移轉,07230000
RPURNLQLOHGGFDK07CB,大同段,18.39,都市：商,100000,421,持分移轉,07230000
RPSSNLQLOHGGFDK96CB,大同段,12.89,都市：商,100000,295,持分移轉,07230000
RPRSNLQLOHGGFDK86CB,大同段,12.89,都市：商,100000,295,持分移轉,07230000
RPVSNLQLOHGGFDK27CB,大同段,12.89,都市：商,100000,295,持分移轉,02950000
RPORNLQLOHGGFDK09CB,大同段,18.39,都市：商,100000,421,持分移轉,07230000
RPTSNLQLOHGGFDK07CB,大同段,12.89,都市：商,100000,295,持分移轉,07230000
RPXSNLQLOHGGFDK47CB,大同段,12.89,都市：商,100000,295,持分移轉,07230000
RPUSNLQLOHGGFDK17CB,大同段,12.89,都市：商,100000,295,持分移轉,07230000
RPPTNLQLOHGGFDK76CB,大同段,12.89,都市：商,100000,295,持分移轉,07230000
RPWSNLQLOHGGFDK37CB,大同段,12.89,都市：商,100000,295,持分移轉,07230000
RPRTNLQLOHGGFDK96CB,大同段,12.89,都市：商,100000,295,持分移轉,07230000
RPOTNLQLOHGGFDK66CB,大同段,12.89,都市：商,100000,295,持分移轉,07230000
RPUTNLQLOHGGFDK27CB,大同段,12.89,都市：商,100000,295,持分移轉,07230000
RPTTNLQLOHGGFDK17CB,大同段,12.89,都市：商,100000,295,持分移轉,07230000
RPQTNLQLOHGGFDK86CB,大同段,12.89,都市：商,100000,295,持分移轉,07230000
RPWTNLQLOHGGFDK47CB,大同段,12.89,都市：商,100000,295,持分移轉,07230000
RPSTNLQLOHGGFDK07CB,大同段,12.89,都市：商,100000,295,持分移轉,07230000
RPQUNLQLOHGGFDK96CB,大同段,12.89,都市：商,100000,295,持分移轉,07230000
RPVTNLQLOHGGFDK37CB,大同段,12.89,都市：商,100000,295,持分移轉,07230000
RPPUNLQLOHGGFDK86CB,大同段,12.89,都市：商,100000,295,持分移轉,07230000
RPRUNLQLOHGGFDK07CB,大同段,12.89,都市：商,100000,295,持分移轉,07230000
RPXTNLQLOHGGFDK57CB,大同段,12.89,都市：商,100000,295,持分移轉,07230000
RPUUNLQLOHGGFDK37CB,大同段,12.89,都市：商,100000,295,持分移轉,07230000
RPSUNLQLOHGGFDK17CB,大同段,12.89,都市：商,100000,295,持分移轉,07230000
RPVUNLQLOHGGFDK47CB,大同段,12.89,都市：商,100000,295,持分移轉,07230000
RPTUNLQLOHGGFDK27CB,大同段,12.89,都市：商,100000,295,持分移轉,07230000
RPWUNLQLOHGGFDK57CB,大同段,12.89,都市：商,100000,295,持分移轉,07230000
RPXUNLQLOHGGFDK67CB,大同段,12.89,都市：商,100000,295,持分移轉,07230000
RPOVNLQLOHGGFDK86CB,大同段,12.89,都市：商,100000,295,持分移轉,07230000
RPOUNLQLOHGGFDK76CB,大同段,12.89,都市：商,100000,295,持分移轉,07230000
RPTVNLQLOHGGFDK37CB,大同段,18.39,都市：商,100000,421,持分移轉,07230000
RPPVNLQLOHGGFDK96CB,大同段,18.39,都市：商,100000,421,持分移轉,07230000
RPQVNLQLOHGGFDK07CB,大同段,18.39,都市：商,100000,421,持分移轉,07230000
RPSVNLQLOHGGFDK27CB,大同段,18.39,都市：商,100000,421,持分移轉,07230000
RPRVNLQLOHGGFDK17CB,大同段,18.39,都市：商,100000,421,持分移轉,07230000
RPUVNLQLOHGGFDK47CB,大同段,18.39,都市：商,100000,421,持分移轉,07230000
RPWVNLQLOHGGFDK67CB,大同段,18.39,都市：商,100000,421,持分移轉,07230000
RPVVNLQLOHGGFDK57CB,大同段,18.39,都市：商,100000,421,持分移轉,07230000
RPOWNLQLOHGGFDK96CB,大同段,18.39,都市：商,100000,421,持分移轉,07230000
RPXVNLQLOHGGFDK77CB,大同段,18.39,都市：商,100000,421,持分移轉,07230000
RPQWNLQLOHGGFDK17CB,大同段,18.39,都市：商,100000,421,持分移轉,07230000
RPPWNLQLOHGGFDK07CB,大同段,18.39,都市：商,100000,421,持分移轉,07230000
RPRWNLQLOHGGFDK27CB,大同段,18.39,都市：商,100000,421,持分移轉,07230000
RPUWNLQLOHGGFDK57CB,大同段,12.67,都市：商,100000,290,持分移轉,07230000
RPVWNLQLOHGGFDK67CB,大同段,12.67,都市：商,100000,290,持分移轉,07230000
RPTWNLQLOHGGFDK47CB,大同段,12.67,都市：商,100000,290,持分移轉,07230000
RPWWNLQLOHGGFDK77CB,大同段,12.67,都市：商,100000,290,持分移轉,07230000
RPSWNLQLOHGGFDK37CB,大同段,18.39,都市：商,100000,421,持分移轉,07230000
RPONOLQLOHGGFDK78CB,大同段,12.67,都市：商,100000,290,持分移轉,07230000
RPPNOLQLOHGGFDK88CB,大同段,12.67,都市：商,100000,290,持分移轉,07230000
RPQNOLQLOHGGFDK98CB,大同段,12.67,都市：商,100000,290,持分移轉,07230000
RPXWNLQLOHGGFDK87CB,大同段,12.67,都市：商,100000,290,持分移轉,07230000
RPTNOLQLOHGGFDK66CB,大同段,12.67,都市：商,100000,290,持分移轉,07230000
RPRNOLQLOHGGFDK09CB,大同段,12.67,都市：商,100000,290,持分移轉,07230000
RPUNOLQLOHGGFDK76CB,大同段,12.67,都市：商,100000,290,持分移轉,07230000
RPVNOLQLOHGGFDK86CB,大同段,12.67,都市：商,100000,290,持分移轉,07230000
RPSNOLQLOHGGFDK56CB,大同段,12.67,都市：商,100000,290,持分移轉,07230000
RPWNOLQLOHGGFDK96CB,大同段,12.67,都市：商,100000,290,持分移轉,07230000
RPPNMLKLPHGGFFK38CB,光華段,13.36,都市：商,100000,441,持分移轉,14220000
RPTNMLKLPHGGFBK38CB,文峰段,33.47,都市：住,100000,2729,持分移轉,05940000
RPQNMLNLPHGGFBK38CB,文峰段,2.51,都市：住,100000,1894,持分移轉,05910000
RPQNMLNLPHGGFBK38CB,文峰段,31.62,都市：住,100000,1894,持分移轉,05920000
RPUNMLKLPHGGFBK48CB,文峰段,33.46,都市：住,100000,2728,持分移轉,05940000
RPRNMLNLPHGGFBK48CB,文峰段,2.54,都市：住,100000,1919,持分移轉,05910000
RPRNMLNLPHGGFBK48CB,文峰段,32.03,都市：住,100000,1919,持分移轉,05920000
RPQNMLLJQHGGFFK48CB,公園段,7.07,都市：商,100000,402,持分移轉,00120000
RPQNMLLJQHGGFFK48CB,公園段,1.29,都市：商,100000,402,持分移轉,00130000
RPQNMLLJQHGGFFK48CB,公園段,.81,都市：商,100000,402,持分移轉,00140000
RPQNMLLJQHGGFFK48CB,公園段,1.02,都市：商,100000,402,持分移轉,00150000
RPSNMLNLPHGGFBK58CB,文峰段,2.51,都市：住,100000,1894,持分移轉,05910000
RPSNMLNLPHGGFBK58CB,文峰段,31.62,都市：住,100000,1894,持分移轉,05920000
RPPNMLLJQHGGFFK38CB,公園段,7.00,都市：商,100000,398,持分移轉,00120000
RPPNMLLJQHGGFFK38CB,公園段,1.27,都市：商,100000,398,持分移轉,00130000
RPPNMLLJQHGGFFK38CB,公園段,.80,都市：商,100000,398,持分移轉,00140000
RPPNMLLJQHGGFFK38CB,公園段,1.01,都市：商,100000,398,持分移轉,00150000
RPQNMLMJQHGGFDK38CB,仁德段,61.73,都市：住,1,1,全筆移轉,10430022
RPQNMLMJQHGGFDK38CB,仁德段,29.72,都市：住,17,3,持分移轉,10430027
RPRNMLMJQHGGFDK48CB,仁德段,57.90,都市：住,1,1,全筆移轉,10430020
RPRNMLMJQHGGFDK48CB,仁德段,29.72,都市：住,17,3,持分移轉,10430027
RPUOMLMJQHGGFDK88CB,大同段,65.17,都市：住,1,1,全筆移轉,11640017
RPUOMLMJQHGGFDK88CB,大同段,36.10,都市：住,10,1,持分移轉,11640000
RPWNMLMJQHGGFDK98CB,大同段,105.13,都市：住,1,1,全筆移轉,11640007
RPXNMLMJQHGGFDK09CB,大同段,92.93,都市：住,1,1,全筆移轉,11640005
RPSOMLMJQHGGFDK68CB,大同段,56.75,都市：住,1,1,全筆移轉,11640001
RPSOMLMJQHGGFDK68CB,大同段,36.10,都市：住,10,1,持分移轉,11640000
RPOOMLMJQHGGFDK28CB,大同段,85.26,都市：住,1,1,全筆移轉,11640006
RPPNMLNJQHGGFCK28CB,苑西段,.45,都市：住,100000,1449,持分移轉,10360000
RPUNMLPJQHGGFDK09CB,淡文湖段,86.00,非都市：特定農業區 ; 非都市編定：甲種建築用地,1,1,全筆移轉,11220053
RPUNMLPJQHGGFDK09CB,淡文湖段,3.19,非都市：特定農業區 ; 非都市編定：甲種建築用地,181,1,持分移轉,11220004
RPUNMLPJQHGGFDK09CB,淡文湖段,4.80,非都市：特定農業區 ; 非都市編定：甲種建築用地,61,1,持分移轉,11220068
RPUNMLPJQHGGFDK09CB,淡文湖段,.69,非都市：特定農業區 ; 非都市編定：甲種建築用地,61,1,持分移轉,11220050
RPUNMLPJQHGGFDK09CB,淡文湖段,6.80,非都市：特定農業區 ; 非都市編定：甲種建築用地,61,1,持分移轉,11220069
RPUNMLPJQHGGFDK09CB,淡文湖段,.85,非都市：特定農業區 ; 非都市編定：甲種建築用地,61,1,持分移轉,11220022
RPVOMLMJQHGGFDK98CB,淡文湖段,113.00,非都市：特定農業區 ; 非都市編定：甲種建築用地,1,1,全筆移轉,11220067
RPVOMLMJQHGGFDK98CB,淡文湖段,3.19,非都市：特定農業區 ; 非都市編定：甲種建築用地,181,1,持分移轉,11220004
RPVOMLMJQHGGFDK98CB,淡文湖段,4.80,非都市：特定農業區 ; 非都市編定：甲種建築用地,61,1,持分移轉,11220068
RPVOMLMJQHGGFDK98CB,淡文湖段,.69,非都市：特定農業區 ; 非都市編定：甲種建築用地,61,1,持分移轉,11220050
RPVOMLMJQHGGFDK98CB,淡文湖段,6.80,非都市：特定農業區 ; 非都市編定：甲種建築用地,61,1,持分移轉,11220069
RPVOMLMJQHGGFDK98CB,淡文湖段,.85,非都市：特定農業區 ; 非都市編定：甲種建築用地,61,1,持分移轉,11220022
RPPNMLPJQHGGFDK58CB,淡文湖段,74.00,非都市：特定農業區 ; 非都市編定：甲種建築用地,1,1,全筆移轉,11220061
RPPNMLPJQHGGFDK58CB,淡文湖段,3.19,非都市：特定農業區 ; 非都市編定：甲種建築用地,181,1,持分移轉,11220004
RPPNMLPJQHGGFDK58CB,淡文湖段,4.80,非都市：特定農業區 ; 非都市編定：甲種建築用地,61,1,持分移轉,11220068
RPPNMLPJQHGGFDK58CB,淡文湖段,.69,非都市：特定農業區 ; 非都市編定：甲種建築用地,61,1,持分移轉,11220050
RPPNMLPJQHGGFDK58CB,淡文湖段,6.80,非都市：特定農業區 ; 非都市編定：甲種建築用地,61,1,持分移轉,11220069
RPPNMLPJQHGGFDK58CB,淡文湖段,.85,非都市：特定農業區 ; 非都市編定：甲種建築用地,61,1,持分移轉,11220022
RPQNMLPJQHGGFDK68CB,淡文湖段,76.00,非都市：特定農業區 ; 非都市編定：甲種建築用地,1,1,全筆移轉,11220065
RPQNMLPJQHGGFDK68CB,淡文湖段,3.19,非都市：特定農業區 ; 非都市編定：甲種建築用地,181,1,持分移轉,11220004
RPQNMLPJQHGGFDK68CB,淡文湖段,4.80,非都市：特定農業區 ; 非都市編定：甲種建築用地,61,1,持分移轉,11220068
RPQNMLPJQHGGFDK68CB,淡文湖段,.69,非都市：特定農業區 ; 非都市編定：甲種建築用地,61,1,持分移轉,11220050
RPQNMLPJQHGGFDK68CB,淡文湖段,6.80,非都市：特定農業區 ; 非都市編定：甲種建築用地,61,1,持分移轉,11220069
RPQNMLPJQHGGFDK68CB,淡文湖段,.85,非都市：特定農業區 ; 非都市編定：甲種建築用地,61,1,持分移轉,11220022
RPRNMLTJQHGGFCK09CB,鎮安段,93.55,非都市：特定農業區 ; 非都市編定：甲種建築用地,1,1,全筆移轉,08290000
RPVNMLPJQHGGFDK56CB,淡文湖段,91.00,非都市：特定農業區 ; 非都市編定：甲種建築用地,1,1,全筆移轉,11220052
RPVNMLPJQHGGFDK56CB,淡文湖段,3.19,非都市：特定農業區 ; 非都市編定：甲種建築用地,181,1,持分移轉,11220004
RPVNMLPJQHGGFDK56CB,淡文湖段,4.80,非都市：特定農業區 ; 非都市編定：甲種建築用地,61,1,持分移轉,11220068
RPVNMLPJQHGGFDK56CB,淡文湖段,.69,非都市：特定農業區 ; 非都市編定：甲種建築用地,61,1,持分移轉,11220050
RPVNMLPJQHGGFDK56CB,淡文湖段,6.80,非都市：特定農業區 ; 非都市編定：甲種建築用地,61,1,持分移轉,11220069
RPVNMLPJQHGGFDK56CB,淡文湖段,.85,非都市：特定農業區 ; 非都市編定：甲種建築用地,61,1,持分移轉,11220022
RPSNMLTJQHGGFCK56CB,鎮安段,90.98,非都市：特定農業區 ; 非都市編定：甲種建築用地,1,1,全筆移轉,08290009
RPTNMLTJQHGGFCK66CB,鎮安段,93.43,非都市：特定農業區 ; 非都市編定：甲種建築用地,1,1,全筆移轉,08290010
RPPNMLKKQHGGFFK38CB,仁愛段,27.35,都市：住,10000,54,持分移轉,00390000
RPPNMLKKQHGGFFK38CB,仁愛段,.51,都市：住,10000,1,持分移轉,00390000
RPRNMLKKQHGGFFK58CB,仁愛段,27.35,都市：住,10000,54,持分移轉,00390000
RPRNMLKKQHGGFFK58CB,仁愛段,.51,都市：住,10000,1,持分移轉,00390000
RPUNMLTJQHGGFCK76CB,鎮安段,95.88,非都市：特定農業區 ; 非都市編定：甲種建築用地,1,1,全筆移轉,08290011
RPSNMLKKQHGGFFK68CB,仁愛段,27.35,都市：住,10000,54,持分移轉,00390000
RPSNMLKKQHGGFFK68CB,仁愛段,.51,都市：住,10000,1,持分移轉,00390000
RPVNMLTJQHGGFCK86CB,鎮安段,98.32,非都市：特定農業區 ; 非都市編定：甲種建築用地,1,1,全筆移轉,08290012
RPQNMLKKQHGGFFK48CB,仁愛段,27.35,都市：住,10000,54,持分移轉,00390000
RPQNMLKKQHGGFFK48CB,仁愛段,.51,都市：住,10000,1,持分移轉,00390000
RPWNMLKKQHGGFFK09CB,仁愛段,27.35,都市：住,10000,54,持分移轉,00390000
RPWNMLKKQHGGFFK09CB,仁愛段,.51,都市：住,10000,1,持分移轉,00390000
RPTNMLKKQHGGFFK78CB,仁愛段,27.35,都市：住,10000,54,持分移轉,00390000
RPTNMLKKQHGGFFK78CB,仁愛段,.51,都市：住,10000,1,持分移轉,00390000
RPXNMLKKQHGGFFK56CB,仁愛段,27.35,都市：住,10000,54,持分移轉,00390000
RPXNMLKKQHGGFFK56CB,仁愛段,.51,都市：住,10000,1,持分移轉,00390000
RPVNMLKKQHGGFFK98CB,仁愛段,27.35,都市：住,10000,54,持分移轉,00390000
RPVNMLKKQHGGFFK98CB,仁愛段,.51,都市：住,10000,1,持分移轉,00390000
RPUNMLKKQHGGFFK88CB,仁愛段,27.35,都市：住,10000,54,持分移轉,00390000
RPUNMLKKQHGGFFK88CB,仁愛段,.51,都市：住,10000,1,持分移轉,00390000
RPUNMLKKQHGGFFK88CB,仁愛段,.51,都市：住,10000,1,持分移轉,00390000
RPOOMLKKQHGGFFK38CB,仁愛段,27.35,都市：住,10000,54,持分移轉,00390000
RPOOMLKKQHGGFFK38CB,仁愛段,.51,都市：住,10000,1,持分移轉,00390000
RPPOMLKKQHGGFFK48CB,仁愛段,27.35,都市：住,10000,54,持分移轉,00390000
RPPOMLKKQHGGFFK48CB,仁愛段,.51,都市：住,10000,1,持分移轉,00390000
RPROMLKKQHGGFFK68CB,仁愛段,27.35,都市：住,10000,54,持分移轉,00390000
RPROMLKKQHGGFFK68CB,仁愛段,.51,都市：住,10000,1,持分移轉,00390000
RPSOMLKKQHGGFFK78CB,仁愛段,27.35,都市：住,10000,54,持分移轉,00390000
RPSOMLKKQHGGFFK78CB,仁愛段,.51,都市：住,10000,1,持分移轉,00390000
RPTOMLKKQHGGFFK88CB,仁愛段,27.35,都市：住,10000,54,持分移轉,00390000
RPTOMLKKQHGGFFK88CB,仁愛段,.51,都市：住,10000,1,持分移轉,00390000
RPUOMLKKQHGGFFK98CB,仁愛段,27.35,都市：住,10000,54,持分移轉,00390000
RPUOMLKKQHGGFFK98CB,仁愛段,.51,都市：住,10000,1,持分移轉,00390000
RPXOMLKKQHGGFFK66CB,仁愛段,23.30,都市：住,10000,46,持分移轉,00390000
RPXOMLKKQHGGFFK66CB,仁愛段,.51,都市：住,10000,1,持分移轉,00390000
RPWOMLKKQHGGFFK56CB,仁愛段,27.35,都市：住,10000,54,持分移轉,00390000
RPWOMLKKQHGGFFK56CB,仁愛段,.51,都市：住,10000,1,持分移轉,00390000
RPQOMLKKQHGGFFK58CB,仁愛段,27.35,都市：住,10000,54,持分移轉,00390000
RPQOMLKKQHGGFFK58CB,仁愛段,.51,都市：住,10000,1,持分移轉,00390000
RPQOMLKKQHGGFFK58CB,仁愛段,.51,都市：住,10000,1,持分移轉,00390000
RPVOMLKKQHGGFFK09CB,仁愛段,27.35,都市：住,10000,54,持分移轉,00390000
RPVOMLKKQHGGFFK09CB,仁愛段,.51,都市：住,10000,1,持分移轉,00390000
RPQPMLKKQHGGFFK68CB,仁愛段,21.27,都市：住,10000,42,持分移轉,00390000
RPQPMLKKQHGGFFK68CB,仁愛段,.51,都市：住,10000,1,持分移轉,00390000
RPPPMLKKQHGGFFK58CB,仁愛段,21.27,都市：住,10000,42,持分移轉,00390000
RPPPMLKKQHGGFFK58CB,仁愛段,.51,都市：住,10000,1,持分移轉,00390000
RPOPMLKKQHGGFFK48CB,仁愛段,21.27,都市：住,10000,42,持分移轉,00390000
RPOPMLKKQHGGFFK48CB,仁愛段,.51,都市：住,10000,1,持分移轉,00390000
RPUPMLKKQHGGFFK09CB,仁愛段,26.84,都市：住,10000,53,持分移轉,00390000
RPUPMLKKQHGGFFK09CB,仁愛段,.51,都市：住,10000,1,持分移轉,00390000
RPRPMLKKQHGGFFK78CB,仁愛段,21.27,都市：住,10000,42,持分移轉,00390000
RPRPMLKKQHGGFFK78CB,仁愛段,.51,都市：住,10000,1,持分移轉,00390000
RPSPMLKKQHGGFFK88CB,仁愛段,21.27,都市：住,10000,42,持分移轉,00390000
RPSPMLKKQHGGFFK88CB,仁愛段,.51,都市：住,10000,1,持分移轉,00390000
RPTPMLKKQHGGFFK98CB,仁愛段,21.27,都市：住,10000,42,持分移轉,00390000
RPTPMLKKQHGGFFK98CB,仁愛段,.51,都市：住,10000,1,持分移轉,00390000
RPXPMLKKQHGGFFK76CB,仁愛段,24.31,都市：住,10000,48,持分移轉,00390000
RPXPMLKKQHGGFFK76CB,仁愛段,.51,都市：住,10000,1,持分移轉,00390000
RPVPMLKKQHGGFFK56CB,仁愛段,24.31,都市：住,10000,48,持分移轉,00390000
RPVPMLKKQHGGFFK56CB,仁愛段,.51,都市：住,10000,1,持分移轉,00390000
RPPQMLKKQHGGFFK68CB,仁愛段,24.31,都市：住,10000,48,持分移轉,00390000
RPPQMLKKQHGGFFK68CB,仁愛段,.51,都市：住,10000,1,持分移轉,00390000
RPWPMLKKQHGGFFK66CB,仁愛段,24.31,都市：住,10000,48,持分移轉,00390000
RPWPMLKKQHGGFFK66CB,仁愛段,.51,都市：住,10000,1,持分移轉,00390000
RPOQMLKKQHGGFFK58CB,仁愛段,24.31,都市：住,10000,48,持分移轉,00390000
RPOQMLKKQHGGFFK58CB,仁愛段,.51,都市：住,10000,1,持分移轉,00390000
RPSQMLKKQHGGFFK98CB,仁愛段,26.84,都市：住,10000,53,持分移轉,00390000
RPSQMLKKQHGGFFK98CB,仁愛段,.51,都市：住,10000,1,持分移轉,00390000
RPQQMLKKQHGGFFK78CB,仁愛段,24.31,都市：住,10000,48,持分移轉,00390000
RPQQMLKKQHGGFFK78CB,仁愛段,.51,都市：住,10000,1,持分移轉,00390000
RPRQMLKKQHGGFFK88CB,仁愛段,24.31,都市：住,10000,48,持分移轉,00390000
RPRQMLKKQHGGFFK88CB,仁愛段,.51,都市：住,10000,1,持分移轉,00390000
RPTQMLKKQHGGFFK09CB,仁愛段,24.31,都市：住,10000,48,持分移轉,00390000
RPTQMLKKQHGGFFK09CB,仁愛段,.51,都市：住,10000,1,持分移轉,00390000
RPVQMLKKQHGGFFK66CB,仁愛段,24.31,都市：住,10000,48,持分移轉,00390000
RPVQMLKKQHGGFFK66CB,仁愛段,.51,都市：住,10000,1,持分移轉,00390000
RPWQMLKKQHGGFFK76CB,仁愛段,24.31,都市：住,10000,48,持分移轉,00390000
RPWQMLKKQHGGFFK76CB,仁愛段,.51,都市：住,10000,1,持分移轉,00390000
RPUQMLKKQHGGFFK56CB,仁愛段,24.31,都市：住,10000,48,持分移轉,00390000
RPUQMLKKQHGGFFK56CB,仁愛段,.51,都市：住,10000,1,持分移轉,00390000
RPXQMLKKQHGGFFK86CB,仁愛段,24.31,都市：住,10000,48,持分移轉,00390000
RPXQMLKKQHGGFFK86CB,仁愛段,.51,都市：住,10000,1,持分移轉,00390000
RPPRMLKKQHGGFFK78CB,仁愛段,24.31,都市：住,10000,48,持分移轉,00390000
RPPRMLKKQHGGFFK78CB,仁愛段,.51,都市：住,10000,1,持分移轉,00390000
RPORMLKKQHGGFFK68CB,仁愛段,24.31,都市：住,10000,48,持分移轉,00390000
RPORMLKKQHGGFFK68CB,仁愛段,.51,都市：住,10000,1,持分移轉,00390000
RPRRMLKKQHGGFFK98CB,仁愛段,22.79,都市：住,10000,45,持分移轉,00390000
RPRRMLKKQHGGFFK98CB,仁愛段,.51,都市：住,10000,1,持分移轉,00390000
RPSRMLKKQHGGFFK09CB,仁愛段,21.78,都市：住,10000,43,持分移轉,00390000
RPSRMLKKQHGGFFK09CB,仁愛段,.51,都市：住,10000,1,持分移轉,00390000
RPURMLKKQHGGFFK66CB,仁愛段,21.78,都市：住,10000,43,持分移轉,00390000
RPURMLKKQHGGFFK66CB,仁愛段,.51,都市：住,10000,1,持分移轉,00390000
RPTRMLKKQHGGFFK56CB,仁愛段,21.78,都市：住,10000,43,持分移轉,00390000
RPTRMLKKQHGGFFK56CB,仁愛段,.51,都市：住,10000,1,持分移轉,00390000
RPVRMLKKQHGGFFK76CB,仁愛段,21.78,都市：住,10000,43,持分移轉,00390000
RPVRMLKKQHGGFFK76CB,仁愛段,.51,都市：住,10000,1,持分移轉,00390000
RPWRMLKKQHGGFFK86CB,仁愛段,21.78,都市：住,10000,43,持分移轉,00390000
RPWRMLKKQHGGFFK86CB,仁愛段,.51,都市：住,10000,1,持分移轉,00390000
RPQRMLKKQHGGFFK88CB,仁愛段,24.31,都市：住,10000,48,持分移轉,00390000
RPQRMLKKQHGGFFK88CB,仁愛段,.51,都市：住,10000,1,持分移轉,00390000
RPXRMLKKQHGGFFK96CB,仁愛段,21.78,都市：住,10000,43,持分移轉,00390000
RPXRMLKKQHGGFFK96CB,仁愛段,.51,都市：住,10000,1,持分移轉,00390000
RPPSMLKKQHGGFFK88CB,仁愛段,26.84,都市：住,10000,53,持分移轉,00390000
RPPSMLKKQHGGFFK88CB,仁愛段,.51,都市：住,10000,1,持分移轉,00390000
RPOSMLKKQHGGFFK78CB,仁愛段,21.78,都市：住,10000,43,持分移轉,00390000
RPOSMLKKQHGGFFK78CB,仁愛段,.51,都市：住,10000,1,持分移轉,00390000
RPQSMLKKQHGGFFK98CB,仁愛段,26.84,都市：住,10000,53,持分移轉,00390000
RPQSMLKKQHGGFFK98CB,仁愛段,.51,都市：住,10000,1,持分移轉,00390000
RPSSMLKKQHGGFFK56CB,仁愛段,26.84,都市：住,10000,53,持分移轉,00390000
RPSSMLKKQHGGFFK56CB,仁愛段,.51,都市：住,10000,1,持分移轉,00390000
RPWSMLKKQHGGFFK96CB,仁愛段,23.80,都市：住,10000,47,持分移轉,00390000
RPWSMLKKQHGGFFK96CB,仁愛段,.51,都市：住,10000,1,持分移轉,00390000
RPUSMLKKQHGGFFK76CB,仁愛段,23.80,都市：住,10000,47,持分移轉,00390000
RPUSMLKKQHGGFFK76CB,仁愛段,.51,都市：住,10000,1,持分移轉,00390000
RPRSMLKKQHGGFFK09CB,仁愛段,26.84,都市：住,10000,53,持分移轉,00390000
RPRSMLKKQHGGFFK09CB,仁愛段,.51,都市：住,10000,1,持分移轉,00390000
RPTSMLKKQHGGFFK66CB,仁愛段,23.80,都市：住,10000,47,持分移轉,00390000
RPTSMLKKQHGGFFK66CB,仁愛段,.51,都市：住,10000,1,持分移轉,00390000
RPPTMLKKQHGGFFK98CB,仁愛段,26.33,都市：住,10000,52,持分移轉,00390000
RPPTMLKKQHGGFFK98CB,仁愛段,.51,都市：住,10000,1,持分移轉,00390000
RPXSMLKKQHGGFFK07CB,仁愛段,35.45,都市：住,10000,70,持分移轉,00390000
RPXSMLKKQHGGFFK07CB,仁愛段,.51,都市：住,10000,1,持分移轉,00390000
RPVSMLKKQHGGFFK86CB,仁愛段,23.80,都市：住,10000,47,持分移轉,00390000
RPVSMLKKQHGGFFK86CB,仁愛段,.51,都市：住,10000,1,持分移轉,00390000
RPRTMLKKQHGGFFK56CB,仁愛段,23.80,都市：住,10000,47,持分移轉,00390000
RPRTMLKKQHGGFFK56CB,仁愛段,.51,都市：住,10000,1,持分移轉,00390000
RPOTMLKKQHGGFFK88CB,仁愛段,28.36,都市：住,10000,56,持分移轉,00390000
RPOTMLKKQHGGFFK88CB,仁愛段,.51,都市：住,10000,1,持分移轉,00390000
RPSTMLKKQHGGFFK66CB,仁愛段,23.80,都市：住,10000,47,持分移轉,00390000
RPSTMLKKQHGGFFK66CB,仁愛段,.51,都市：住,10000,1,持分移轉,00390000
RPQTMLKKQHGGFFK09CB,仁愛段,23.80,都市：住,10000,47,持分移轉,00390000
RPQTMLKKQHGGFFK09CB,仁愛段,.51,都市：住,10000,1,持分移轉,00390000
RPVTMLKKQHGGFFK96CB,仁愛段,35.45,都市：住,10000,70,持分移轉,00390000
RPVTMLKKQHGGFFK96CB,仁愛段,.51,都市：住,10000,1,持分移轉,00390000
RPXTMLKKQHGGFFK17CB,仁愛段,35.45,都市：住,10000,70,持分移轉,00390000
RPXTMLKKQHGGFFK17CB,仁愛段,.51,都市：住,10000,1,持分移轉,00390000
RPOUMLKKQHGGFFK98CB,仁愛段,35.45,都市：住,10000,70,持分移轉,00390000
RPOUMLKKQHGGFFK98CB,仁愛段,.51,都市：住,10000,1,持分移轉,00390000
RPWTMLKKQHGGFFK07CB,仁愛段,35.45,都市：住,10000,70,持分移轉,00390000
RPWTMLKKQHGGFFK07CB,仁愛段,.51,都市：住,10000,1,持分移轉,00390000
RPTTMLKKQHGGFFK76CB,仁愛段,23.80,都市：住,10000,47,持分移轉,00390000
RPTTMLKKQHGGFFK76CB,仁愛段,.51,都市：住,10000,1,持分移轉,00390000
RPQUMLKKQHGGFFK56CB,仁愛段,28.36,都市：住,10000,56,持分移轉,00390000
RPQUMLKKQHGGFFK56CB,仁愛段,.51,都市：住,10000,1,持分移轉,00390000
RPRUMLKKQHGGFFK66CB,仁愛段,28.36,都市：住,10000,56,持分移轉,00390000
RPRUMLKKQHGGFFK66CB,仁愛段,.51,都市：住,10000,1,持分移轉,00390000
RPTUMLKKQHGGFFK86CB,仁愛段,26.33,都市：住,10000,52,持分移轉,00390000
RPTUMLKKQHGGFFK86CB,仁愛段,.51,都市：住,10000,1,持分移轉,00390000
RPSUMLKKQHGGFFK76CB,仁愛段,26.33,都市：住,10000,52,持分移轉,00390000
RPSUMLKKQHGGFFK76CB,仁愛段,.51,都市：住,10000,1,持分移轉,00390000
RPPUMLKKQHGGFFK09CB,仁愛段,28.36,都市：住,10000,56,持分移轉,00390000
RPPUMLKKQHGGFFK09CB,仁愛段,.51,都市：住,10000,1,持分移轉,00390000
RPPUMLKKQHGGFFK09CB,仁愛段,.51,都市：住,10000,1,持分移轉,00390000
RPVUMLKKQHGGFFK07CB,仁愛段,26.33,都市：住,10000,52,持分移轉,00390000
RPVUMLKKQHGGFFK07CB,仁愛段,.51,都市：住,10000,1,持分移轉,00390000
RPUUMLKKQHGGFFK96CB,仁愛段,26.33,都市：住,10000,52,持分移轉,00390000
RPUUMLKKQHGGFFK96CB,仁愛段,.51,都市：住,10000,1,持分移轉,00390000
RPPVMLKKQHGGFFK56CB,仁愛段,27.35,都市：住,10000,54,持分移轉,00390000
RPPVMLKKQHGGFFK56CB,仁愛段,.51,都市：住,10000,1,持分移轉,00390000
RPXUMLKKQHGGFFK27CB,仁愛段,27.35,都市：住,10000,54,持分移轉,00390000
RPXUMLKKQHGGFFK27CB,仁愛段,.51,都市：住,10000,1,持分移轉,00390000
RPWUMLKKQHGGFFK17CB,仁愛段,26.33,都市：住,10000,52,持分移轉,00390000
RPWUMLKKQHGGFFK17CB,仁愛段,.51,都市：住,10000,1,持分移轉,00390000
RPRVMLKKQHGGFFK76CB,仁愛段,27.35,都市：住,10000,54,持分移轉,00390000
RPRVMLKKQHGGFFK76CB,仁愛段,.51,都市：住,10000,1,持分移轉,00390000
RPSVMLKKQHGGFFK86CB,仁愛段,27.35,都市：住,10000,54,持分移轉,00390000
RPSVMLKKQHGGFFK86CB,仁愛段,.51,都市：住,10000,1,持分移轉,00390000
RPQVMLKKQHGGFFK66CB,仁愛段,27.35,都市：住,10000,54,持分移轉,00390000
RPQVMLKKQHGGFFK66CB,仁愛段,.51,都市：住,10000,1,持分移轉,00390000
RPTVMLKKQHGGFFK96CB,仁愛段,27.35,都市：住,10000,54,持分移轉,00390000
RPTVMLKKQHGGFFK96CB,仁愛段,.51,都市：住,10000,1,持分移轉,00390000
RPUVMLKKQHGGFFK07CB,仁愛段,27.35,都市：住,10000,54,持分移轉,00390000
RPUVMLKKQHGGFFK07CB,仁愛段,.51,都市：住,10000,1,持分移轉,00390000
RPWVMLKKQHGGFFK27CB,仁愛段,27.35,都市：住,10000,54,持分移轉,00390000
RPWVMLKKQHGGFFK27CB,仁愛段,.51,都市：住,10000,1,持分移轉,00390000
RPPWMLKKQHGGFFK66CB,仁愛段,21.27,都市：住,10000,42,持分移轉,00390000
RPPWMLKKQHGGFFK66CB,仁愛段,.51,都市：住,10000,1,持分移轉,00390000
RPRWMLKKQHGGFFK86CB,仁愛段,21.27,都市：住,10000,42,持分移轉,00390000
RPRWMLKKQHGGFFK86CB,仁愛段,.51,都市：住,10000,1,持分移轉,00390000
RPVVMLKKQHGGFFK17CB,仁愛段,27.35,都市：住,10000,54,持分移轉,00390000
RPVVMLKKQHGGFFK17CB,仁愛段,.51,都市：住,10000,1,持分移轉,00390000
RPTWMLKKQHGGFFK07CB,仁愛段,21.27,都市：住,10000,42,持分移轉,00390000
RPTWMLKKQHGGFFK07CB,仁愛段,.51,都市：住,10000,1,持分移轉,00390000
RPOWMLKKQHGGFFK56CB,仁愛段,21.27,都市：住,10000,42,持分移轉,00390000
RPOWMLKKQHGGFFK56CB,仁愛段,.51,都市：住,10000,1,持分移轉,00390000
RPQWMLKKQHGGFFK76CB,仁愛段,21.27,都市：住,10000,42,持分移轉,00390000
RPQWMLKKQHGGFFK76CB,仁愛段,.51,都市：住,10000,1,持分移轉,00390000
RPWWMLKKQHGGFFK37CB,仁愛段,26.84,都市：住,10000,53,持分移轉,00390000
RPWWMLKKQHGGFFK37CB,仁愛段,.51,都市：住,10000,1,持分移轉,00390000
RPVWMLKKQHGGFFK27CB,仁愛段,26.84,都市：住,10000,53,持分移轉,00390000
RPVWMLKKQHGGFFK27CB,仁愛段,.51,都市：住,10000,1,持分移轉,00390000
RPXWMLKKQHGGFFK47CB,仁愛段,26.84,都市：住,10000,53,持分移轉,00390000
RPXWMLKKQHGGFFK47CB,仁愛段,.51,都市：住,10000,1,持分移轉,00390000
RPPNMLLKQHGGFFK48CB,仁愛段,26.84,都市：住,10000,53,持分移轉,00390000
RPPNMLLKQHGGFFK48CB,仁愛段,.51,都市：住,10000,1,持分移轉,00390000
RPRNMLLKQHGGFFK68CB,仁愛段,26.84,都市：住,10000,53,持分移轉,00390000
RPRNMLLKQHGGFFK68CB,仁愛段,.51,都市：住,10000,1,持分移轉,00390000
RPTNMLLKQHGGFFK88CB,仁愛段,26.84,都市：住,10000,53,持分移轉,00390000
RPTNMLLKQHGGFFK88CB,仁愛段,.51,都市：住,10000,1,持分移轉,00390000
RPSNMLLKQHGGFFK78CB,仁愛段,26.84,都市：住,10000,53,持分移轉,00390000
RPSNMLLKQHGGFFK78CB,仁愛段,.51,都市：住,10000,1,持分移轉,00390000
RPUNMLLKQHGGFFK98CB,仁愛段,26.84,都市：住,10000,53,持分移轉,00390000
RPUNMLLKQHGGFFK98CB,仁愛段,.51,都市：住,10000,1,持分移轉,00390000
RPWNMLLKQHGGFFK56CB,仁愛段,26.84,都市：住,10000,53,持分移轉,00390000
RPWNMLLKQHGGFFK56CB,仁愛段,.51,都市：住,10000,1,持分移轉,00390000
RPPOMLLKQHGGFFK58CB,仁愛段,24.31,都市：住,10000,48,持分移轉,00390000
RPPOMLLKQHGGFFK58CB,仁愛段,.51,都市：住,10000,1,持分移轉,00390000
RPOOMLLKQHGGFFK48CB,仁愛段,24.31,都市：住,10000,48,持分移轉,00390000
RPOOMLLKQHGGFFK48CB,仁愛段,.51,都市：住,10000,1,持分移轉,00390000
RPVNMLLKQHGGFFK09CB,仁愛段,26.84,都市：住,10000,53,持分移轉,00390000
RPVNMLLKQHGGFFK09CB,仁愛段,.51,都市：住,10000,1,持分移轉,00390000
RPQOMLLKQHGGFFK68CB,仁愛段,24.31,都市：住,10000,48,持分移轉,00390000
RPQOMLLKQHGGFFK68CB,仁愛段,.51,都市：住,10000,1,持分移轉,00390000
RPROMLLKQHGGFFK78CB,仁愛段,24.31,都市：住,10000,48,持分移轉,00390000
RPROMLLKQHGGFFK78CB,仁愛段,.51,都市：住,10000,1,持分移轉,00390000
RPTOMLLKQHGGFFK98CB,仁愛段,27.35,都市：住,10000,54,持分移轉,00390000
RPTOMLLKQHGGFFK98CB,仁愛段,.51,都市：住,10000,1,持分移轉,00390000
RPSOMLLKQHGGFFK88CB,仁愛段,24.31,都市：住,10000,48,持分移轉,00390000
RPSOMLLKQHGGFFK88CB,仁愛段,.51,都市：住,10000,1,持分移轉,00390000
RPWOMLLKQHGGFFK66CB,仁愛段,26.84,都市：住,10000,53,持分移轉,00390000
RPWOMLLKQHGGFFK66CB,仁愛段,.51,都市：住,10000,1,持分移轉,00390000
RPVOMLLKQHGGFFK56CB,仁愛段,26.84,都市：住,10000,53,持分移轉,00390000
RPVOMLLKQHGGFFK56CB,仁愛段,.51,都市：住,10000,1,持分移轉,00390000
RPRPMLLKQHGGFFK88CB,仁愛段,26.84,都市：住,10000,53,持分移轉,00390000
RPRPMLLKQHGGFFK88CB,仁愛段,.51,都市：住,10000,1,持分移轉,00390000
RPQPMLLKQHGGFFK78CB,仁愛段,26.84,都市：住,10000,53,持分移轉,00390000
RPQPMLLKQHGGFFK78CB,仁愛段,.51,都市：住,10000,1,持分移轉,00390000
RPOPMLLKQHGGFFK58CB,仁愛段,26.84,都市：住,10000,53,持分移轉,00390000
RPOPMLLKQHGGFFK58CB,仁愛段,.51,都市：住,10000,1,持分移轉,00390000
RPPPMLLKQHGGFFK68CB,仁愛段,26.84,都市：住,10000,53,持分移轉,00390000
RPPPMLLKQHGGFFK68CB,仁愛段,.51,都市：住,10000,1,持分移轉,00390000
RPWPMLLKQHGGFFK76CB,仁愛段,26.84,都市：住,10000,53,持分移轉,00390000
RPWPMLLKQHGGFFK76CB,仁愛段,.51,都市：住,10000,1,持分移轉,00390000
RPVPMLLKQHGGFFK66CB,仁愛段,26.84,都市：住,10000,53,持分移轉,00390000
RPVPMLLKQHGGFFK66CB,仁愛段,.51,都市：住,10000,1,持分移轉,00390000
RPTPMLLKQHGGFFK09CB,仁愛段,26.84,都市：住,10000,53,持分移轉,00390000
RPTPMLLKQHGGFFK09CB,仁愛段,.51,都市：住,10000,1,持分移轉,00390000
RPSPMLLKQHGGFFK98CB,仁愛段,26.84,都市：住,10000,53,持分移轉,00390000
RPSPMLLKQHGGFFK98CB,仁愛段,.51,都市：住,10000,1,持分移轉,00390000
RPXOMLLKQHGGFFK76CB,仁愛段,26.84,都市：住,10000,53,持分移轉,00390000
RPXOMLLKQHGGFFK76CB,仁愛段,.51,都市：住,10000,1,持分移轉,00390000
RPOQMLLKQHGGFFK68CB,仁愛段,24.31,都市：住,10000,48,持分移轉,00390000
RPOQMLLKQHGGFFK68CB,仁愛段,.51,都市：住,10000,1,持分移轉,00390000
RPXPMLLKQHGGFFK86CB,仁愛段,24.31,都市：住,10000,48,持分移轉,00390000
RPXPMLLKQHGGFFK86CB,仁愛段,.51,都市：住,10000,1,持分移轉,00390000
RPPQMLLKQHGGFFK78CB,仁愛段,24.31,都市：住,10000,48,持分移轉,00390000
RPPQMLLKQHGGFFK78CB,仁愛段,.51,都市：住,10000,1,持分移轉,00390000
RPQQMLLKQHGGFFK88CB,仁愛段,24.31,都市：住,10000,48,持分移轉,00390000
RPQQMLLKQHGGFFK88CB,仁愛段,.51,都市：住,10000,1,持分移轉,00390000
RPUPMLLKQHGGFFK56CB,仁愛段,26.84,都市：住,10000,53,持分移轉,00390000
RPUPMLLKQHGGFFK56CB,仁愛段,.51,都市：住,10000,1,持分移轉,00390000
RPUPMLLKQHGGFFK56CB,仁愛段,.51,都市：住,10000,1,持分移轉,00390000
RPRQMLLKQHGGFFK98CB,仁愛段,24.31,都市：住,10000,48,持分移轉,00390000
RPRQMLLKQHGGFFK98CB,仁愛段,.51,都市：住,10000,1,持分移轉,00390000
RPTQMLLKQHGGFFK56CB,仁愛段,21.78,都市：住,10000,43,持分移轉,00390000
RPTQMLLKQHGGFFK56CB,仁愛段,.51,都市：住,10000,1,持分移轉,00390000
RPORMLLKQHGGFFK78CB,仁愛段,35.45,都市：住,10000,70,持分移轉,00390000
RPORMLLKQHGGFFK78CB,仁愛段,.51,都市：住,10000,1,持分移轉,00390000
RPORMLLKQHGGFFK78CB,仁愛段,.51,都市：住,10000,1,持分移轉,00390000
RPUQMLLKQHGGFFK66CB,仁愛段,21.78,都市：住,10000,43,持分移轉,00390000
RPUQMLLKQHGGFFK66CB,仁愛段,.51,都市：住,10000,1,持分移轉,00390000
RPVQMLLKQHGGFFK76CB,仁愛段,21.78,都市：住,10000,43,持分移轉,00390000
RPVQMLLKQHGGFFK76CB,仁愛段,.51,都市：住,10000,1,持分移轉,00390000
RPWQMLLKQHGGFFK86CB,仁愛段,21.78,都市：住,10000,43,持分移轉,00390000
RPWQMLLKQHGGFFK86CB,仁愛段,.51,都市：住,10000,1,持分移轉,00390000
RPPRMLLKQHGGFFK88CB,仁愛段,26.84,都市：住,10000,53,持分移轉,00390000
RPPRMLLKQHGGFFK88CB,仁愛段,.51,都市：住,10000,1,持分移轉,00390000
RPSQMLLKQHGGFFK09CB,仁愛段,21.78,都市：住,10000,43,持分移轉,00390000
RPSQMLLKQHGGFFK09CB,仁愛段,.51,都市：住,10000,1,持分移轉,00390000
RPRRMLLKQHGGFFK09CB,仁愛段,26.84,都市：住,10000,53,持分移轉,00390000
RPRRMLLKQHGGFFK09CB,仁愛段,.51,都市：住,10000,1,持分移轉,00390000
RPQRMLLKQHGGFFK98CB,仁愛段,26.84,都市：住,10000,53,持分移轉,00390000
RPQRMLLKQHGGFFK98CB,仁愛段,.51,都市：住,10000,1,持分移轉,00390000
RPXQMLLKQHGGFFK96CB,仁愛段,21.78,都市：住,10000,43,持分移轉,00390000
RPXQMLLKQHGGFFK96CB,仁愛段,.51,都市：住,10000,1,持分移轉,00390000
RPTRMLLKQHGGFFK66CB,仁愛段,26.84,都市：住,10000,53,持分移轉,00390000
RPTRMLLKQHGGFFK66CB,仁愛段,.51,都市：住,10000,1,持分移轉,00390000
RPURMLLKQHGGFFK76CB,仁愛段,26.84,都市：住,10000,53,持分移轉,00390000
RPURMLLKQHGGFFK76CB,仁愛段,.51,都市：住,10000,1,持分移轉,00390000
RPVRMLLKQHGGFFK86CB,仁愛段,26.84,都市：住,10000,53,持分移轉,00390000
RPVRMLLKQHGGFFK86CB,仁愛段,.51,都市：住,10000,1,持分移轉,00390000
RPWRMLLKQHGGFFK96CB,仁愛段,26.84,都市：住,10000,53,持分移轉,00390000
RPWRMLLKQHGGFFK96CB,仁愛段,.51,都市：住,10000,1,持分移轉,00390000
RPXRMLLKQHGGFFK07CB,仁愛段,26.84,都市：住,10000,53,持分移轉,00390000
RPXRMLLKQHGGFFK07CB,仁愛段,.51,都市：住,10000,1,持分移轉,00390000
RPPSMLLKQHGGFFK98CB,仁愛段,32.41,都市：住,10000,64,持分移轉,00390000
RPPSMLLKQHGGFFK98CB,仁愛段,.51,都市：住,10000,1,持分移轉,00390000
RPPSMLLKQHGGFFK98CB,仁愛段,.51,都市：住,10000,1,持分移轉,00390000
RPOSMLLKQHGGFFK88CB,仁愛段,26.84,都市：住,10000,53,持分移轉,00390000
RPOSMLLKQHGGFFK88CB,仁愛段,.51,都市：住,10000,1,持分移轉,00390000
RPQSMLLKQHGGFFK09CB,仁愛段,25.83,都市：住,10000,51,持分移轉,00390000
RPQSMLLKQHGGFFK09CB,仁愛段,.51,都市：住,10000,1,持分移轉,00390000
RPSSMLLKQHGGFFK66CB,仁愛段,23.80,都市：住,10000,47,持分移轉,00390000
RPSSMLLKQHGGFFK66CB,仁愛段,.51,都市：住,10000,1,持分移轉,00390000
RPRSMLLKQHGGFFK56CB,仁愛段,23.80,都市：住,10000,47,持分移轉,00390000
RPRSMLLKQHGGFFK56CB,仁愛段,.51,都市：住,10000,1,持分移轉,00390000
RPUSMLLKQHGGFFK86CB,仁愛段,23.80,都市：住,10000,47,持分移轉,00390000
RPUSMLLKQHGGFFK86CB,仁愛段,.51,都市：住,10000,1,持分移轉,00390000
RPTSMLLKQHGGFFK76CB,仁愛段,23.80,都市：住,10000,47,持分移轉,00390000
RPTSMLLKQHGGFFK76CB,仁愛段,.51,都市：住,10000,1,持分移轉,00390000
RPWSMLLKQHGGFFK07CB,仁愛段,36.97,都市：住,10000,73,持分移轉,00390000
RPWSMLLKQHGGFFK07CB,仁愛段,.51,都市：住,10000,1,持分移轉,00390000
RPWSMLLKQHGGFFK07CB,仁愛段,.51,都市：住,10000,1,持分移轉,00390000
RPPTMLLKQHGGFFK09CB,仁愛段,35.45,都市：住,10000,70,持分移轉,00390000
RPPTMLLKQHGGFFK09CB,仁愛段,.51,都市：住,10000,1,持分移轉,00390000
RPPTMLLKQHGGFFK09CB,仁愛段,.51,都市：住,10000,1,持分移轉,00390000
RPVSMLLKQHGGFFK96CB,仁愛段,23.80,都市：住,10000,47,持分移轉,00390000
RPVSMLLKQHGGFFK96CB,仁愛段,.51,都市：住,10000,1,持分移轉,00390000
RPOTMLLKQHGGFFK98CB,仁愛段,35.45,都市：住,10000,70,持分移轉,00390000
RPOTMLLKQHGGFFK98CB,仁愛段,.51,都市：住,10000,1,持分移轉,00390000
RPOTMLLKQHGGFFK98CB,仁愛段,.51,都市：住,10000,1,持分移轉,00390000
RPXSMLLKQHGGFFK17CB,仁愛段,35.45,都市：住,10000,70,持分移轉,00390000
RPXSMLLKQHGGFFK17CB,仁愛段,.51,都市：住,10000,1,持分移轉,00390000
RPXSMLLKQHGGFFK17CB,仁愛段,.51,都市：住,10000,1,持分移轉,00390000
RPQTMLLKQHGGFFK56CB,仁愛段,35.45,都市：住,10000,70,持分移轉,00390000
RPQTMLLKQHGGFFK56CB,仁愛段,.51,都市：住,10000,1,持分移轉,00390000
RPQTMLLKQHGGFFK56CB,仁愛段,.51,都市：住,10000,1,持分移轉,00390000
RPRTMLLKQHGGFFK66CB,仁愛段,35.45,都市：住,10000,70,持分移轉,00390000
RPRTMLLKQHGGFFK66CB,仁愛段,.51,都市：住,10000,1,持分移轉,00390000
RPSTMLLKQHGGFFK76CB,仁愛段,35.45,都市：住,10000,70,持分移轉,00390000
RPSTMLLKQHGGFFK76CB,仁愛段,.51,都市：住,10000,1,持分移轉,00390000
RPTTMLLKQHGGFFK86CB,仁愛段,35.45,都市：住,10000,70,持分移轉,00390000
RPTTMLLKQHGGFFK86CB,仁愛段,.51,都市：住,10000,1,持分移轉,00390000
RPTTMLLKQHGGFFK86CB,仁愛段,.51,都市：住,10000,1,持分移轉,00390000
RPUTMLLKQHGGFFK96CB,仁愛段,41.53,都市：住,10000,82,持分移轉,00390000
RPUTMLLKQHGGFFK96CB,仁愛段,.51,都市：住,10000,1,持分移轉,00390000
RPVTMLLKQHGGFFK07CB,仁愛段,28.87,都市：住,10000,57,持分移轉,00390000
RPVTMLLKQHGGFFK07CB,仁愛段,.51,都市：住,10000,1,持分移轉,00390000
RPVTMLLKQHGGFFK07CB,仁愛段,.51,都市：住,10000,1,持分移轉,00390000
RPWTMLLKQHGGFFK17CB,仁愛段,28.36,都市：住,10000,56,持分移轉,00390000
RPWTMLLKQHGGFFK17CB,仁愛段,.51,都市：住,10000,1,持分移轉,00390000
RPPUMLLKQHGGFFK56CB,仁愛段,28.36,都市：住,10000,56,持分移轉,00390000
RPPUMLLKQHGGFFK56CB,仁愛段,.51,都市：住,10000,1,持分移轉,00390000
RPXTMLLKQHGGFFK27CB,仁愛段,28.36,都市：住,10000,56,持分移轉,00390000
RPXTMLLKQHGGFFK27CB,仁愛段,.51,都市：住,10000,1,持分移轉,00390000
RPSUMLLKQHGGFFK86CB,仁愛段,28.36,都市：住,10000,56,持分移轉,00390000
RPSUMLLKQHGGFFK86CB,仁愛段,.51,都市：住,10000,1,持分移轉,00390000
RPRUMLLKQHGGFFK76CB,仁愛段,28.36,都市：住,10000,56,持分移轉,00390000
RPRUMLLKQHGGFFK76CB,仁愛段,.51,都市：住,10000,1,持分移轉,00390000
RPTUMLLKQHGGFFK96CB,仁愛段,28.36,都市：住,10000,56,持分移轉,00390000
RPTUMLLKQHGGFFK96CB,仁愛段,.51,都市：住,10000,1,持分移轉,00390000
RPOUMLLKQHGGFFK09CB,仁愛段,28.36,都市：住,10000,56,持分移轉,00390000
RPOUMLLKQHGGFFK09CB,仁愛段,.51,都市：住,10000,1,持分移轉,00390000
RPVUMLLKQHGGFFK17CB,仁愛段,29.37,都市：住,10000,58,持分移轉,00390000
RPVUMLLKQHGGFFK17CB,仁愛段,.51,都市：住,10000,1,持分移轉,00390000
RPRVMLLKQHGGFFK86CB,仁愛段,26.33,都市：住,10000,52,持分移轉,00390000
RPRVMLLKQHGGFFK86CB,仁愛段,.51,都市：住,10000,1,持分移轉,00390000
RPUUMLLKQHGGFFK07CB,仁愛段,28.36,都市：住,10000,56,持分移轉,00390000
RPUUMLLKQHGGFFK07CB,仁愛段,.51,都市：住,10000,1,持分移轉,00390000
RPXUMLLKQHGGFFK37CB,仁愛段,26.33,都市：住,10000,52,持分移轉,00390000
RPXUMLLKQHGGFFK37CB,仁愛段,.51,都市：住,10000,1,持分移轉,00390000
RPWUMLLKQHGGFFK27CB,仁愛段,26.84,都市：住,10000,53,持分移轉,00390000
RPWUMLLKQHGGFFK27CB,仁愛段,.51,都市：住,10000,1,持分移轉,00390000
RPOVMLLKQHGGFFK56CB,仁愛段,26.33,都市：住,10000,52,持分移轉,00390000
RPOVMLLKQHGGFFK56CB,仁愛段,.51,都市：住,10000,1,持分移轉,00390000
RPQVMLLKQHGGFFK76CB,仁愛段,26.33,都市：住,10000,52,持分移轉,00390000
RPQVMLLKQHGGFFK76CB,仁愛段,.51,都市：住,10000,1,持分移轉,00390000
RPQVMLLKQHGGFFK76CB,仁愛段,.51,都市：住,10000,1,持分移轉,00390000
RPPVMLLKQHGGFFK66CB,仁愛段,26.33,都市：住,10000,52,持分移轉,00390000
RPPVMLLKQHGGFFK66CB,仁愛段,.51,都市：住,10000,1,持分移轉,00390000
RPSVMLLKQHGGFFK96CB,仁愛段,26.33,都市：住,10000,52,持分移轉,00390000
RPSVMLLKQHGGFFK96CB,仁愛段,.51,都市：住,10000,1,持分移轉,00390000
RPTVMLLKQHGGFFK07CB,仁愛段,26.33,都市：住,10000,52,持分移轉,00390000
RPTVMLLKQHGGFFK07CB,仁愛段,.51,都市：住,10000,1,持分移轉,00390000
RPUVMLLKQHGGFFK17CB,公園段,8.36,都市：商,100000,475,持分移轉,00120000
RPUVMLLKQHGGFFK17CB,公園段,1.52,都市：商,100000,475,持分移轉,00130000
RPUVMLLKQHGGFFK17CB,公園段,.95,都市：商,100000,475,持分移轉,00140000
RPUVMLLKQHGGFFK17CB,公園段,1.20,都市：商,100000,475,持分移轉,00150000
RPVVMLLKQHGGFFK27CB,公園段,8.38,都市：商,100000,476,持分移轉,00120000
RPVVMLLKQHGGFFK27CB,公園段,1.52,都市：商,100000,476,持分移轉,00130000
RPVVMLLKQHGGFFK27CB,公園段,.96,都市：商,100000,476,持分移轉,00140000
RPVVMLLKQHGGFFK27CB,公園段,1.21,都市：商,100000,476,持分移轉,00150000
RPTNMLLKQHGGFDK68CB,淡文湖段,78.00,非都市：特定農業區 ; 非都市編定：甲種建築用地,1,1,全筆移轉,11220066
RPTNMLLKQHGGFDK68CB,淡文湖段,3.19,非都市：特定農業區 ; 非都市編定：甲種建築用地,181,1,持分移轉,11220004
RPTNMLLKQHGGFDK68CB,淡文湖段,4.80,非都市：特定農業區 ; 非都市編定：甲種建築用地,61,1,持分移轉,11220068
RPTNMLLKQHGGFDK68CB,淡文湖段,.69,非都市：特定農業區 ; 非都市編定：甲種建築用地,61,1,持分移轉,11220050
RPTNMLLKQHGGFDK68CB,淡文湖段,6.80,非都市：特定農業區 ; 非都市編定：甲種建築用地,61,1,持分移轉,11220069
RPTNMLLKQHGGFDK68CB,淡文湖段,.85,非都市：特定農業區 ; 非都市編定：甲種建築用地,61,1,持分移轉,11220022
RPOWMLLKQHGGFFK66CB,公園段,7.00,都市：商,100000,398,持分移轉,00120000
RPOWMLLKQHGGFFK66CB,公園段,1.27,都市：商,100000,398,持分移轉,00130000
RPOWMLLKQHGGFFK66CB,公園段,.80,都市：商,100000,398,持分移轉,00140000
RPOWMLLKQHGGFFK66CB,公園段,1.01,都市：商,100000,398,持分移轉,00150000
RPWVMLLKQHGGFFK37CB,公園段,8.38,都市：商,100000,476,持分移轉,00120000
RPWVMLLKQHGGFFK37CB,公園段,1.52,都市：商,100000,476,持分移轉,00130000
RPWVMLLKQHGGFFK37CB,公園段,.96,都市：商,100000,476,持分移轉,00140000
RPWVMLLKQHGGFFK37CB,公園段,1.21,都市：商,100000,476,持分移轉,00150000
RPXVMLLKQHGGFFK47CB,公園段,7.07,都市：商,100000,402,持分移轉,00120000
RPXVMLLKQHGGFFK47CB,公園段,1.29,都市：商,100000,402,持分移轉,00130000
RPXVMLLKQHGGFFK47CB,公園段,.81,都市：商,100000,402,持分移轉,00140000
RPXVMLLKQHGGFFK47CB,公園段,1.02,都市：商,100000,402,持分移轉,00150000
RPPWMLLKQHGGFFK76CB,公園段,8.36,都市：商,100000,475,持分移轉,00120000
RPPWMLLKQHGGFFK76CB,公園段,1.52,都市：商,100000,475,持分移轉,00130000
RPPWMLLKQHGGFFK76CB,公園段,.95,都市：商,100000,475,持分移轉,00140000
RPPWMLLKQHGGFFK76CB,公園段,1.20,都市：商,100000,475,持分移轉,00150000
RPUNMLLKQHGGFDK78CB,淡文湖段,68.00,非都市：特定農業區 ; 非都市編定：甲種建築用地,1,1,全筆移轉,11220060
RPUNMLLKQHGGFDK78CB,淡文湖段,3.19,非都市：特定農業區 ; 非都市編定：甲種建築用地,181,1,持分移轉,11220004
RPUNMLLKQHGGFDK78CB,淡文湖段,4.80,非都市：特定農業區 ; 非都市編定：甲種建築用地,61,1,持分移轉,11220068
RPUNMLLKQHGGFDK78CB,淡文湖段,.69,非都市：特定農業區 ; 非都市編定：甲種建築用地,61,1,持分移轉,11220050
RPUNMLLKQHGGFDK78CB,淡文湖段,6.80,非都市：特定農業區 ; 非都市編定：甲種建築用地,61,1,持分移轉,11220069
RPUNMLLKQHGGFDK78CB,淡文湖段,.85,非都市：特定農業區 ; 非都市編定：甲種建築用地,61,1,持分移轉,11220022
RPVNMLLKQHGGFDK88CB,淡文湖段,83.00,非都市：特定農業區 ; 非都市編定：甲種建築用地,1,1,全筆移轉,11220051
RPVNMLLKQHGGFDK88CB,淡文湖段,3.19,非都市：特定農業區 ; 非都市編定：甲種建築用地,181,1,持分移轉,11220004
RPVNMLLKQHGGFDK88CB,淡文湖段,4.80,非都市：特定農業區 ; 非都市編定：甲種建築用地,61,1,持分移轉,11220068
RPVNMLLKQHGGFDK88CB,淡文湖段,.69,非都市：特定農業區 ; 非都市編定：甲種建築用地,61,1,持分移轉,11220050
RPVNMLLKQHGGFDK88CB,淡文湖段,6.80,非都市：特定農業區 ; 非都市編定：甲種建築用地,61,1,持分移轉,11220069
RPVNMLLKQHGGFDK88CB,淡文湖段,.85,非都市：特定農業區 ; 非都市編定：甲種建築用地,61,1,持分移轉,11220022
RPWNMLLKQHGGFDK98CB,淡文湖段,67.00,非都市：特定農業區 ; 非都市編定：甲種建築用地,1,1,全筆移轉,11220035
RPWNMLLKQHGGFDK98CB,淡文湖段,3.19,非都市：特定農業區 ; 非都市編定：甲種建築用地,181,1,持分移轉,11220004
RPWNMLLKQHGGFDK98CB,淡文湖段,4.80,非都市：特定農業區 ; 非都市編定：甲種建築用地,61,1,持分移轉,11220068
RPWNMLLKQHGGFDK98CB,淡文湖段,.69,非都市：特定農業區 ; 非都市編定：甲種建築用地,61,1,持分移轉,11220050
RPWNMLLKQHGGFDK98CB,淡文湖段,6.80,非都市：特定農業區 ; 非都市編定：甲種建築用地,61,1,持分移轉,11220069
RPWNMLLKQHGGFDK98CB,淡文湖段,.85,非都市：特定農業區 ; 非都市編定：甲種建築用地,61,1,持分移轉,11220022
RPOOMLLKQHGGFDK28CB,淡文湖段,23.87,非都市：特定農業區 ; 非都市編定：甲種建築用地,100000,796,持分移轉,11220000
RPOOMLLKQHGGFDK28CB,淡文湖段,3.19,非都市：特定農業區 ; 非都市編定：甲種建築用地,181,1,持分移轉,11220004
RPXNMLLKQHGGFDK09CB,淡文湖段,63.00,非都市：特定農業區 ; 非都市編定：甲種建築用地,1,1,全筆移轉,11220021
RPXNMLLKQHGGFDK09CB,淡文湖段,3.19,非都市：特定農業區 ; 非都市編定：甲種建築用地,181,1,持分移轉,11220004
RPXNMLLKQHGGFDK09CB,淡文湖段,4.80,非都市：特定農業區 ; 非都市編定：甲種建築用地,61,1,持分移轉,11220068
RPXNMLLKQHGGFDK09CB,淡文湖段,.69,非都市：特定農業區 ; 非都市編定：甲種建築用地,61,1,持分移轉,11220050
RPXNMLLKQHGGFDK09CB,淡文湖段,6.80,非都市：特定農業區 ; 非都市編定：甲種建築用地,61,1,持分移轉,11220069
RPXNMLLKQHGGFDK09CB,淡文湖段,.85,非都市：特定農業區 ; 非都市編定：甲種建築用地,61,1,持分移轉,11220022
RPPOMLLKQHGGFDK38CB,淡文湖段,67.00,非都市：特定農業區 ; 非都市編定：甲種建築用地,1,1,全筆移轉,11220059
RPPOMLLKQHGGFDK38CB,淡文湖段,3.19,非都市：特定農業區 ; 非都市編定：甲種建築用地,181,1,持分移轉,11220004
RPPOMLLKQHGGFDK38CB,淡文湖段,4.80,非都市：特定農業區 ; 非都市編定：甲種建築用地,61,1,持分移轉,11220068
RPPOMLLKQHGGFDK38CB,淡文湖段,.69,非都市：特定農業區 ; 非都市編定：甲種建築用地,61,1,持分移轉,11220050
RPPOMLLKQHGGFDK38CB,淡文湖段,6.80,非都市：特定農業區 ; 非都市編定：甲種建築用地,61,1,持分移轉,11220069
RPPOMLLKQHGGFDK38CB,淡文湖段,.85,非都市：特定農業區 ; 非都市編定：甲種建築用地,61,1,持分移轉,11220022
RPVOMLLKQHGGFDK98CB,海口段海口小段,14.79,都市：住,100000,2138,持分移轉,04090004
RPVOMLLKQHGGFDK98CB,海口段海口小段,19.88,都市：住,100000,2138,持分移轉,04090005
RPSOMLLKQHGGFDK68CB,海口段海口小段,14.67,都市：住,100000,2120,持分移轉,04090004
RPSOMLLKQHGGFDK68CB,海口段海口小段,19.72,都市：住,100000,2120,持分移轉,04090005
RPTOMLLKQHGGFDK78CB,海口段海口小段,14.67,都市：住,100000,2120,持分移轉,04090004
RPTOMLLKQHGGFDK78CB,海口段海口小段,19.72,都市：住,100000,2120,持分移轉,04090005
RPUOMLLKQHGGFDK88CB,海口段海口小段,14.67,都市：住,100000,2120,持分移轉,04090004
RPUOMLLKQHGGFDK88CB,海口段海口小段,19.72,都市：住,100000,2120,持分移轉,04090005
RPQOMLLKQHGGFDK48CB,淡文湖段,70.00,非都市：特定農業區 ; 非都市編定：甲種建築用地,1,1,全筆移轉,11220005
RPQOMLLKQHGGFDK48CB,淡文湖段,3.19,非都市：特定農業區 ; 非都市編定：甲種建築用地,181,1,持分移轉,11220004
RPQOMLLKQHGGFDK48CB,淡文湖段,4.80,非都市：特定農業區 ; 非都市編定：甲種建築用地,61,1,持分移轉,11220068
RPQOMLLKQHGGFDK48CB,淡文湖段,.69,非都市：特定農業區 ; 非都市編定：甲種建築用地,61,1,持分移轉,11220050
RPQOMLLKQHGGFDK48CB,淡文湖段,6.80,非都市：特定農業區 ; 非都市編定：甲種建築用地,61,1,持分移轉,11220069
RPQOMLLKQHGGFDK48CB,淡文湖段,.85,非都市：特定農業區 ; 非都市編定：甲種建築用地,61,1,持分移轉,11220022
RPROMLLKQHGGFDK58CB,海口段海口小段,13.79,都市：住,100000,1993,持分移轉,04090004
RPROMLLKQHGGFDK58CB,海口段海口小段,18.53,都市：住,100000,1993,持分移轉,04090005
RPOPMLLKQHGGFDK38CB,海口段海口小段,13.79,都市：住,100000,1993,持分移轉,04090004
RPOPMLLKQHGGFDK38CB,海口段海口小段,18.53,都市：住,100000,1993,持分移轉,04090005
RPWOMLLKQHGGFDK09CB,海口段海口小段,14.67,都市：住,100000,2120,持分移轉,04090004
RPWOMLLKQHGGFDK09CB,海口段海口小段,19.72,都市：住,100000,2120,持分移轉,04090005
RPPNMLMKQHGGFDK38CB,海口段海口小段,14.78,都市：住,100000,2136,持分移轉,04090004
RPPNMLMKQHGGFDK38CB,海口段海口小段,19.86,都市：住,100000,2136,持分移轉,04090005
RPPPMLLKQHGGFDK48CB,海口段海口小段,13.79,都市：住,100000,1993,持分移轉,04090004
RPPPMLLKQHGGFDK48CB,海口段海口小段,18.53,都市：住,100000,1993,持分移轉,04090005
RPQNMLNKQHGGFCK48CB,苑西段,28.66,都市：住,100000,1332,持分移轉,10360000
RPQNMLMKQHGGFDK48CB,淡文湖段,22.01,非都市：特定農業區 ; 非都市編定：甲種建築用地,100000,734,持分移轉,11220000
RPQNMLMKQHGGFDK48CB,淡文湖段,3.19,非都市：特定農業區 ; 非都市編定：甲種建築用地,181,1,持分移轉,11220004
RPPNMLNKQHGGFDK48CB,海口段海口小段,13.79,都市：住,100000,1993,持分移轉,04090004
RPPNMLNKQHGGFDK48CB,海口段海口小段,18.53,都市：住,100000,1993,持分移轉,04090005
RPSNMLNKQHGGFCK68CB,苑西段,26.55,都市：住,100000,1234,持分移轉,10360000
RPPNMLNKQHGGFFK68CB,仁愛段,28.36,都市：住,10000,56,持分移轉,00390000
RPPNMLNKQHGGFFK68CB,仁愛段,.51,都市：住,10000,1,持分移轉,00390000
RPRNMLNKQHGGFCK58CB,苑西段,20.33,都市：住,100000,945,持分移轉,10360000
RPUNMLNKQHGGFCK88CB,苑西段,26.55,都市：住,100000,1234,持分移轉,10360000
RPPNMLNKQHGGFCK38CB,苑西段,31.20,都市：住,100000,1450,持分移轉,10360000
RPXNMLNKQHGGFCK56CB,苑西段,20.33,都市：住,100000,945,持分移轉,10360000
RPVNMLNKQHGGFCK98CB,苑西段,26.55,都市：住,100000,1234,持分移轉,10360000
RPPOMLNKQHGGFCK48CB,苑西段,20.33,都市：住,100000,945,持分移轉,10360000
RPOOMLNKQHGGFCK38CB,苑西段,20.33,都市：住,100000,945,持分移轉,10360000
RPTNMLNKQHGGFCK78CB,苑西段,20.33,都市：住,100000,945,持分移轉,10360000
RPWNMLNKQHGGFCK09CB,苑西段,26.55,都市：住,100000,1234,持分移轉,10360000
RPQOMLNKQHGGFCK58CB,苑西段,31.20,都市：住,100000,1450,持分移轉,10360000
RPROMLNKQHGGFCK68CB,苑西段,26.55,都市：住,100000,1234,持分移轉,10360000
RPTOMLNKQHGGFCK88CB,苑西段,28.73,都市：住,100000,1335,持分移轉,10360000
RPSOMLNKQHGGFCK78CB,苑西段,31.20,都市：住,100000,1450,持分移轉,10360000
RPVOMLNKQHGGFCK09CB,苑西段,20.33,都市：住,100000,945,持分移轉,10360000
RPUOMLNKQHGGFCK98CB,苑西段,20.33,都市：住,100000,945,持分移轉,10360000
RPOPMLNKQHGGFCK48CB,苑西段,28.73,都市：住,100000,1335,持分移轉,10360000
RPRPMLNKQHGGFCK78CB,苑西段,28.73,都市：住,100000,1335,持分移轉,10360000
RPPPMLNKQHGGFCK58CB,苑西段,28.73,都市：住,100000,1335,持分移轉,10360000
RPQPMLNKQHGGFCK68CB,苑西段,20.33,都市：住,100000,945,持分移轉,10360000
RPSPMLNKQHGGFCK88CB,苑西段,28.73,都市：住,100000,1335,持分移轉,10360000
RPWOMLNKQHGGFCK56CB,苑西段,20.33,都市：住,100000,945,持分移轉,10360000
RPXOMLNKQHGGFCK66CB,苑西段,28.73,都市：住,100000,1335,持分移轉,10360000
RPTPMLNKQHGGFCK98CB,苑西段,31.20,都市：住,100000,1450,持分移轉,10360000
RPVPMLNKQHGGFCK56CB,苑西段,28.73,都市：住,100000,1335,持分移轉,10360000
RPWPMLNKQHGGFCK66CB,苑西段,28.73,都市：住,100000,1335,持分移轉,10360000
RPQQMLNKQHGGFCK78CB,苑西段,31.20,都市：住,100000,1450,持分移轉,10360000
RPUPMLNKQHGGFCK09CB,苑西段,26.55,都市：住,100000,1234,持分移轉,10360000
RPXPMLNKQHGGFCK76CB,苑西段,31.20,都市：住,100000,1450,持分移轉,10360000
RPRQMLNKQHGGFCK88CB,苑西段,26.55,都市：住,100000,1234,持分移轉,10360000
RPOQMLNKQHGGFCK58CB,苑西段,31.20,都市：住,100000,1450,持分移轉,10360000
RPSQMLNKQHGGFCK98CB,苑西段,28.73,都市：住,100000,1335,持分移轉,10360000
RPPQMLNKQHGGFCK68CB,苑西段,31.20,都市：住,100000,1450,持分移轉,10360000
RPTQMLNKQHGGFCK09CB,苑西段,31.20,都市：住,100000,1450,持分移轉,10360000
RPUQMLNKQHGGFCK56CB,苑西段,31.20,都市：住,100000,1450,持分移轉,10360000
RPWQMLNKQHGGFCK76CB,苑西段,20.33,都市：住,100000,945,持分移轉,10360000
RPXQMLNKQHGGFCK86CB,苑西段,20.33,都市：住,100000,945,持分移轉,10360000
RPORMLNKQHGGFCK68CB,苑西段,20.33,都市：住,100000,945,持分移轉,10360000
RPVQMLNKQHGGFCK66CB,苑西段,20.33,都市：住,100000,945,持分移轉,10360000
RPRRMLNKQHGGFCK98CB,苑西段,28.73,都市：住,100000,1335,持分移轉,10360000
RPPRMLNKQHGGFCK78CB,苑西段,28.73,都市：住,100000,1335,持分移轉,10360000
RPQRMLNKQHGGFCK88CB,苑西段,26.55,都市：住,100000,1234,持分移轉,10360000
RPSRMLNKQHGGFCK09CB,苑西段,31.20,都市：住,100000,1450,持分移轉,10360000
RPTRMLNKQHGGFCK56CB,苑西段,20.33,都市：住,100000,945,持分移轉,10360000
RPURMLNKQHGGFCK66CB,苑西段,31.20,都市：住,100000,1450,持分移轉,10360000
RPUNMLQKQHGGFFK96DB,公園段,14.82,都市：商,100000,640,持分移轉,00430000
RPVNMLQKQHGGFFK07DB,公園段,14.54,都市：商,100000,628,持分移轉,00430000
RPPNMLQKQHGGFBK58CB,文峰段,2.54,都市：住,100000,1919,持分移轉,05910000
RPPNMLQKQHGGFBK58CB,文峰段,32.03,都市：住,100000,1919,持分移轉,05920000
RPSNMLQKQHGGFFK76DB,公園段,17.53,都市：商,100000,757,持分移轉,00430000
RPXNMLQKQHGGFFK27DB,公園段,14.98,都市：商,100000,647,持分移轉,00430000
RPTNMLQKQHGGFFK86DB,公園段,14.82,都市：商,100000,640,持分移轉,00430000
RPWNMLQKQHGGFFK17DB,公園段,14.54,都市：商,100000,628,持分移轉,00430000
RPPNMLQKQHGGFFK98CB,光華段,16.91,都市：商,100000,558,持分移轉,14220000
RPQNMLQKQHGGFFK09CB,光華段,16.51,都市：商,100000,545,持分移轉,14220000
RPRNMLQKQHGGFFK56CB,光華段,19.24,都市：商,100000,635,持分移轉,14220000
RPSNMLQKQHGGFFK66CB,光華段,20.00,都市：商,100000,660,持分移轉,14220000
RPUNMLSKQHGGFBK66CB,館興段,34.02,都市：住,10000,287,持分移轉,03240000
RPPNMLSKQHGGFDK98CB,海口段海口小段,14.67,都市：住,100000,2120,持分移轉,04090004
RPPNMLSKQHGGFDK98CB,海口段海口小段,19.72,都市：住,100000,2120,持分移轉,04090005
RPOOMLSKQHGGFBK78CB,英才段,29.81,都市：住,10000,1231,持分移轉,10250000
RPQNMLSKQHGGFDK09CB,海口段海口小段,14.67,都市：住,100000,2120,持分移轉,04090004
RPQNMLSKQHGGFDK09CB,海口段海口小段,19.72,都市：住,100000,2120,持分移轉,04090005
RPPOMLSKQHGGFBK88CB,英才段,30.73,都市：住,10000,1269,持分移轉,10250000
RPPNMLRKQHGGFFK56DB,公園段,14.80,都市：商,100000,639,持分移轉,00380000
RPPNMLTKQHGGFFK66CB,公園段,8.36,都市：商,100000,475,持分移轉,00120000
RPPNMLTKQHGGFFK66CB,公園段,1.52,都市：商,100000,475,持分移轉,00130000
RPPNMLTKQHGGFFK66CB,公園段,.95,都市：商,100000,475,持分移轉,00140000
RPPNMLTKQHGGFFK66CB,公園段,1.20,都市：商,100000,475,持分移轉,00150000
RPQNMLRKQHGGFFK66DB,公園段,14.80,都市：商,100000,639,持分移轉,00380000
RPRNMLTKQHGGFFK86CB,公園段,7.00,都市：商,100000,398,持分移轉,00120000
RPRNMLTKQHGGFFK86CB,公園段,1.27,都市：商,100000,398,持分移轉,00130000
RPRNMLTKQHGGFFK86CB,公園段,.80,都市：商,100000,398,持分移轉,00140000
RPRNMLTKQHGGFFK86CB,公園段,1.01,都市：商,100000,398,持分移轉,00150000
RPRNMLKLQHGGFFK78DB,湳湖段,20.62,都市：住,10000,245,持分移轉,09150000
RPQNMLKLQHGGFFK68DB,湳湖段,20.79,都市：住,10000,247,持分移轉,09150000
RPPNMLKLQHGGFFK58DB,湳湖段,20.62,都市：住,10000,245,持分移轉,09150000
RPPNMLKLQHGGFDK28CB,天聲段,77.18,都市：住,1,1,全筆移轉,08740006
RPPNMLKLQHGGFDK28CB,天聲段,8.92,都市：住,10000,417,持分移轉,08740000
RPQNMLTKQHGGFFK76CB,公園段,8.36,都市：商,100000,475,持分移轉,00120000
RPRNMLOLQHGGFDK88CB,大同段,89.99,都市：住,1,1,全筆移轉,11640010
RPQNMLTKQHGGFFK76CB,公園段,1.52,都市：商,100000,475,持分移轉,00130000
RPQNMLTKQHGGFFK76CB,公園段,.95,都市：商,100000,475,持分移轉,00140000
RPQNMLTKQHGGFFK76CB,公園段,1.20,都市：商,100000,475,持分移轉,00150000
RPXNMLOLQHGGFDK86CB,大同段,61.43,都市：住,1,1,全筆移轉,11640016
RPXNMLOLQHGGFDK86CB,大同段,36.10,都市：住,10,1,持分移轉,11640000
RPWNMLOLQHGGFDK76CB,大同段,59.01,都市：住,1,1,全筆移轉,11640015
RPWNMLOLQHGGFDK76CB,大同段,36.10,都市：住,10,1,持分移轉,11640000
RPQNMLQLQHGGFFK56CB,公園段,6.51,都市：商,100000,370,持分移轉,00120000
RPQNMLQLQHGGFFK56CB,公園段,1.18,都市：商,100000,370,持分移轉,00130000
RPQNMLQLQHGGFFK56CB,公園段,.74,都市：商,100000,370,持分移轉,00140000
RPQNMLQLQHGGFFK56CB,公園段,.94,都市：商,100000,370,持分移轉,00150000
RPPNMLQLQHGGFFK09CB,公園段,8.38,都市：商,100000,476,持分移轉,00120000
RPPNMLQLQHGGFFK09CB,公園段,1.52,都市：商,100000,476,持分移轉,00130000
RPPNMLQLQHGGFFK09CB,公園段,.96,都市：商,100000,476,持分移轉,00140000
RPPNMLQLQHGGFFK09CB,公園段,1.21,都市：商,100000,476,持分移轉,00150000
RPRNMLQLQHGGFFK66CB,公園段,7.07,都市：商,100000,402,持分移轉,00120000
RPRNMLQLQHGGFFK66CB,公園段,1.29,都市：商,100000,402,持分移轉,00130000
RPRNMLQLQHGGFFK66CB,公園段,.81,都市：商,100000,402,持分移轉,00140000
RPRNMLQLQHGGFFK66CB,公園段,1.02,都市：商,100000,402,持分移轉,00150000
RPSNMLOLQHGGFBK78CB,館興段,34.02,都市：住,10000,287,持分移轉,03240000
RPUNMLQLQHGGFFK96CB,公園段,9.84,都市：商,100000,559,持分移轉,00120000
RPUNMLQLQHGGFFK96CB,公園段,1.79,都市：商,100000,559,持分移轉,00130000
RPUNMLQLQHGGFFK96CB,公園段,1.12,都市：商,100000,559,持分移轉,00140000
RPUNMLQLQHGGFFK96CB,公園段,1.42,都市：商,100000,559,持分移轉,00150000
RPSNMLQLQHGGFFK76CB,公園段,9.84,都市：商,100000,559,持分移轉,00120000
RPSNMLQLQHGGFFK76CB,公園段,1.79,都市：商,100000,559,持分移轉,00130000
RPSNMLQLQHGGFFK76CB,公園段,1.12,都市：商,100000,559,持分移轉,00140000
RPSNMLQLQHGGFFK76CB,公園段,1.42,都市：商,100000,559,持分移轉,00150000
RPTNMLQLQHGGFFK86CB,公園段,9.84,都市：商,100000,559,持分移轉,00120000
RPTNMLQLQHGGFFK86CB,公園段,1.79,都市：商,100000,559,持分移轉,00130000
RPTNMLQLQHGGFFK86CB,公園段,1.12,都市：商,100000,559,持分移轉,00140000
RPTNMLQLQHGGFFK86CB,公園段,1.42,都市：商,100000,559,持分移轉,00150000
RPVNMLQLQHGGFFK07CB,公園段,8.38,都市：商,100000,476,持分移轉,00120000
RPVNMLQLQHGGFFK07CB,公園段,1.52,都市：商,100000,476,持分移轉,00130000
RPVNMLQLQHGGFFK07CB,公園段,.96,都市：商,100000,476,持分移轉,00140000
RPVNMLQLQHGGFFK07CB,公園段,1.21,都市：商,100000,476,持分移轉,00150000
RPPNMLSLQHGGFFK66CB,八德段,25.01,都市：住,755,25,持分移轉,18130000
RPPNMLSLQHGGFFK66CB,八德段,9.48,都市：住,342,10,持分移轉,18140000
RPXNMLQLQHGGFFK27CB,公園段,7.00,都市：商,100000,398,持分移轉,00120000
RPXNMLQLQHGGFFK27CB,公園段,1.27,都市：商,100000,398,持分移轉,00130000
RPXNMLQLQHGGFFK27CB,公園段,.80,都市：商,100000,398,持分移轉,00140000
RPXNMLQLQHGGFFK27CB,公園段,1.01,都市：商,100000,398,持分移轉,00150000
RPWNMLQLQHGGFFK17CB,公園段,9.84,都市：商,100000,559,持分移轉,00120000
RPRNMLSLQHGGFFK86CB,八德段,28.01,都市：住,755,28,持分移轉,18130000
RPWNMLQLQHGGFFK17CB,公園段,1.79,都市：商,100000,559,持分移轉,00130000
RPWNMLQLQHGGFFK17CB,公園段,1.12,都市：商,100000,559,持分移轉,00140000
RPRNMLSLQHGGFFK86CB,八德段,12.33,都市：住,342,13,持分移轉,18140000
RPWNMLQLQHGGFFK17CB,公園段,1.42,都市：商,100000,559,持分移轉,00150000
RPPNMLKMQHGGFFK58CB,光華段,13.36,都市：商,100000,441,持分移轉,14220000
RPPNMLLMQHGGFFK68CB,仁愛段,27.35,都市：住,10000,54,持分移轉,00390001
RPPNMLLMQHGGFFK68CB,仁愛段,.51,都市：住,10000,1,持分移轉,00390001
RPQNMLLMQHGGFFK78CB,仁愛段,24.81,都市：住,10000,49,持分移轉,00390001
RPQNMLLMQHGGFFK78CB,仁愛段,.51,都市：住,10000,1,持分移轉,00390001
RPRNMLKMQHGGFBK48DB,維祥段維祥小段,12.09,非都市：鄉村區 ; 非都市編定：乙種建築用地,10000,54,持分移轉,03540000
RPRNMLKMQHGGFBK48DB,維新段,16.44,非都市：鄉村區 ; 非都市編定：乙種建築用地,10000,54,持分移轉,00290000
RPPNMLKMQHGGFBK28DB,維祥段維祥小段,20.37,非都市：鄉村區 ; 非都市編定：乙種建築用地,10000,91,持分移轉,03540000
RPPNMLKMQHGGFBK28DB,維新段,27.70,非都市：鄉村區 ; 非都市編定：乙種建築用地,10000,91,持分移轉,00290000
RPQNMLKMQHGGFBK38DB,維祥段維祥小段,12.09,非都市：鄉村區 ; 非都市編定：乙種建築用地,10000,54,持分移轉,03540000
RPQNMLKMQHGGFBK38DB,維新段,16.44,非都市：鄉村區 ; 非都市編定：乙種建築用地,10000,54,持分移轉,00290000
RPRNMLLMQHGGFFK88CB,仁愛段,24.81,都市：住,10000,49,持分移轉,00390001
RPRNMLLMQHGGFFK88CB,仁愛段,.51,都市：住,10000,1,持分移轉,00390001
RPSNMLLMQHGGFFK98CB,仁愛段,33.42,都市：住,10000,66,持分移轉,00390001
RPSNMLLMQHGGFFK98CB,仁愛段,.51,都市：住,10000,1,持分移轉,00390001
RPVNMLLMQHGGFFK66CB,仁愛段,30.38,都市：住,10000,60,持分移轉,00390001
RPTNMLLMQHGGFFK09CB,仁愛段,27.35,都市：住,10000,54,持分移轉,00390001
RPTNMLLMQHGGFFK09CB,仁愛段,.51,都市：住,10000,1,持分移轉,00390001
RPWNMLLMQHGGFFK76CB,仁愛段,24.31,都市：住,10000,48,持分移轉,00390001
RPWNMLLMQHGGFFK76CB,仁愛段,.51,都市：住,10000,1,持分移轉,00390001
RPOOMLLMQHGGFFK68CB,仁愛段,24.31,都市：住,10000,48,持分移轉,00390001
RPOOMLLMQHGGFFK68CB,仁愛段,.51,都市：住,10000,1,持分移轉,00390001
RPUNMLLMQHGGFFK56CB,仁愛段,27.35,都市：住,10000,54,持分移轉,00390001
RPUNMLLMQHGGFFK56CB,仁愛段,.51,都市：住,10000,1,持分移轉,00390001
RPQOMLLMQHGGFFK88CB,仁愛段,37.47,都市：住,10000,74,持分移轉,00390001
RPQOMLLMQHGGFFK88CB,仁愛段,.51,都市：住,10000,1,持分移轉,00390001
RPXNMLLMQHGGFFK86CB,仁愛段,24.31,都市：住,10000,48,持分移轉,00390001
RPXNMLLMQHGGFFK86CB,仁愛段,.51,都市：住,10000,1,持分移轉,00390001
RPPOMLLMQHGGFFK78CB,仁愛段,24.31,都市：住,10000,48,持分移轉,00390001
RPPOMLLMQHGGFFK78CB,仁愛段,.51,都市：住,10000,1,持分移轉,00390001
RPTOMLLMQHGGFFK56CB,仁愛段,27.85,都市：住,10000,55,持分移轉,00390001
RPSOMLLMQHGGFFK09CB,仁愛段,28.86,都市：住,10000,57,持分移轉,00390001
RPSOMLLMQHGGFFK09CB,仁愛段,.51,都市：住,10000,1,持分移轉,00390001
RPROMLLMQHGGFFK98CB,仁愛段,28.86,都市：住,10000,57,持分移轉,00390001
RPROMLLMQHGGFFK98CB,仁愛段,.51,都市：住,10000,1,持分移轉,00390001
RPUOMLLMQHGGFFK66CB,仁愛段,27.35,都市：住,10000,54,持分移轉,00390001
RPUOMLLMQHGGFFK66CB,仁愛段,.51,都市：住,10000,1,持分移轉,00390001
RPQNMLLJRHGGFFK68DB,公園段,9.82,都市：商,100000,424,持分移轉,00430000
RPVOMLLMQHGGFFK76CB,仁愛段,27.35,都市：住,10000,54,持分移轉,00390001
RPVOMLLMQHGGFFK76CB,仁愛段,.51,都市：住,10000,1,持分移轉,00390001
RPWOMLLMQHGGFFK86CB,仁愛段,27.35,都市：住,10000,54,持分移轉,00390001
RPWOMLLMQHGGFFK86CB,仁愛段,.51,都市：住,10000,1,持分移轉,00390001
RPWNMLLJRHGGFFK66DB,公園段,14.54,都市：商,100000,628,持分移轉,00430000
RPRNMLLJRHGGFFK78DB,公園段,14.54,都市：商,100000,628,持分移轉,00430000
RPPOMLLJRHGGFFK68DB,公園段,17.53,都市：商,100000,757,持分移轉,00430000
RPVNMLLJRHGGFFK56DB,公園段,11.21,都市：商,100000,484,持分移轉,00430000
RPOOMLLJRHGGFFK58DB,公園段,14.82,都市：商,100000,640,持分移轉,00430000
RPPNMLMJRHGGFDK38CB,淡文湖段,25.73,非都市：特定農業區 ; 非都市編定：甲種建築用地,100000,858,持分移轉,11220000
RPPNMLMJRHGGFDK38CB,淡文湖段,3.19,非都市：特定農業區 ; 非都市編定：甲種建築用地,181,1,持分移轉,11220004
RPPNMLMJRHGGFFK58CB,八德段,25.01,都市：住,755,25,持分移轉,18130000
RPPNMLMJRHGGFFK58CB,八德段,9.48,都市：住,342,10,持分移轉,18140000
RPRNMLMJRHGGFFK78CB,公園段,7.00,都市：商,100000,398,持分移轉,00120000
RPRNMLMJRHGGFFK78CB,公園段,1.27,都市：商,100000,398,持分移轉,00130000
RPRNMLMJRHGGFFK78CB,公園段,.80,都市：商,100000,398,持分移轉,00140000
RPRNMLMJRHGGFFK78CB,公園段,1.01,都市：商,100000,398,持分移轉,00150000
RPRNMLMJRHGGFDK58CB,淡文湖段,65.00,非都市：特定農業區 ; 非都市編定：甲種建築用地,1,1,全筆移轉,11220005
RPRNMLMJRHGGFDK58CB,淡文湖段,3.19,非都市：特定農業區 ; 非都市編定：甲種建築用地,181,1,持分移轉,11220004
RPRNMLMJRHGGFDK58CB,淡文湖段,4.80,非都市：特定農業區 ; 非都市編定：甲種建築用地,61,1,持分移轉,11220068
RPRNMLMJRHGGFDK58CB,淡文湖段,.69,非都市：特定農業區 ; 非都市編定：甲種建築用地,61,1,持分移轉,11220050
RPRNMLMJRHGGFDK58CB,淡文湖段,6.80,非都市：特定農業區 ; 非都市編定：甲種建築用地,61,1,持分移轉,11220069
RPRNMLMJRHGGFDK58CB,淡文湖段,.85,非都市：特定農業區 ; 非都市編定：甲種建築用地,61,1,持分移轉,11220022
RPPNMLNJRHGGFFK78DB,湳湖段,85.27,都市：農,1,1,全筆移轉,07830003
RPPNMLQJRHGGFFK09DB,斗換坪段新華小段,121.00,都市：農,1,1,全筆移轉,03170003
RPQNMLMJRHGGFDK48CB,淡文湖段,72.00,非都市：特定農業區 ; 非都市編定：甲種建築用地,1,1,全筆移轉,11220038
RPQNMLMJRHGGFDK48CB,淡文湖段,3.19,非都市：特定農業區 ; 非都市編定：甲種建築用地,181,1,持分移轉,11220004
RPQNMLMJRHGGFDK48CB,淡文湖段,4.80,非都市：特定農業區 ; 非都市編定：甲種建築用地,61,1,持分移轉,11220068
RPQNMLMJRHGGFDK48CB,淡文湖段,.69,非都市：特定農業區 ; 非都市編定：甲種建築用地,61,1,持分移轉,11220050
RPQNMLMJRHGGFDK48CB,淡文湖段,6.80,非都市：特定農業區 ; 非都市編定：甲種建築用地,61,1,持分移轉,11220069
RPQNMLMJRHGGFDK48CB,淡文湖段,.85,非都市：特定農業區 ; 非都市編定：甲種建築用地,61,1,持分移轉,11220022
RPTNMLRJRHGGFDK66CB,大同段,61.43,都市：住,1,1,全筆移轉,11640014
RPTNMLRJRHGGFDK66CB,大同段,36.10,都市：住,10,1,持分移轉,11640000
RPRNMLQJRHGGFDK09DB,崎工段,92.00,非都市：工業區 ; 非都市編定：丁種建築用地,1,1,全筆移轉,01520003
RPRNMLKKRHGGFFK68CB,八德段,23.01,都市：住,755,23,持分移轉,18130000
RPRNMLKKRHGGFFK68CB,八德段,10.01,都市：住,324,10,持分移轉,18140000
RPTNMLKKRHGGFFK88CB,八德段,23.01,都市：住,755,23,持分移轉,18130000
RPTNMLKKRHGGFFK88CB,八德段,10.01,都市：住,324,10,持分移轉,18140000
RPSNMLKKRHGGFFK78CB,八德段,25.01,都市：住,755,25,持分移轉,18130000
RPSNMLKKRHGGFFK78CB,八德段,9.01,都市：住,324,9,持分移轉,18140000
