﻿鄉鎮市區,交易標的,土地位置建物門牌,土地移轉總面積平方公尺,都市土地使用分區,非都市土地使用分區,非都市土地使用編定,交易年月日,交易筆棟數,移轉層次,總樓層數,建物型態,主要用途,主要建材,建築完成年月,建物移轉總面積平方公尺,建物現況格局-房,建物現況格局-廳,建物現況格局-衛,建物現況格局-隔間,有無管理組織,總價元,單價元平方公尺,車位類別,車位移轉總面積平方公尺,車位總價元,備註,編號,建案名稱
The villages and towns urban district,transaction sign,land sector position building sector house number plate,land shifting total area square meter,the use zoning or compiles and checks,the non-metropolis land use district,non-metropolis land use,transaction year month and day,transaction pen number,shifting level,total floor number,building state,main use,main building materials,construction to complete the years,building shifting total area,Building present situation pattern - room,building present situation pattern - hall,building present situation pattern - health,building present situation pattern - compartmented,Whether there is manages the organization,total price NTD,the unit price (NTD / square meter),the berth category,berth shifting total area square meter,the berth total price NTD,the note,serial number,build case
草屯鎮,房地(土地+建物)+車位,南投縣草屯鎮富春路四維巷,48.79,住,,,1091208,土地2建物1車位1,四層,12,住宅大樓(11層含以上有電梯),住家用,鋼筋混凝土造,,134.02,3,2,2,有,無,8400000,62602,坡道機械,11.82,750000,,RPPNMLTLPHGGFBM09CB,久樘四季Villa
草屯鎮,房地(土地+建物)+車位,南投縣草屯鎮富春路四維巷,48.79,住,,,1091204,土地2建物1車位1,十層,12,住宅大樓(11層含以上有電梯),住家用,鋼筋混凝土造,,134.02,3,2,2,有,無,9230000,71390,坡道平面,23.64,1350000,,RPQNMLTLPHGGFBM56CB,久樘四季Villa
草屯鎮,房地(土地+建物)+車位,南投縣草屯鎮富春路四維巷,29.31,住,,,1100318,土地2建物1車位1,二層,12,住宅大樓(11層含以上有電梯),住家用,鋼筋混凝土造,,80.61,2,2,1,有,無,5230000,68033,坡道機械,11.82,550000,,RPRNMLTLPHGGFBM66CB,久樘四季Villa
草屯鎮,房地(土地+建物)+車位,南投縣草屯鎮富春路四維巷,29.31,住,,,1100318,土地2建物1車位1,四層,12,住宅大樓(11層含以上有電梯),住家用,鋼筋混凝土造,,80.61,2,2,1,有,無,5230000,68033,坡道機械,11.82,550000,,RPSNMLTLPHGGFBM76CB,久樘四季Villa
草屯鎮,房地(土地+建物)+車位,南投縣草屯鎮富春路四維巷,29.31,住,,,1100529,土地2建物1車位1,六層,12,住宅大樓(11層含以上有電梯),住家用,鋼筋混凝土造,,80.61,2,2,1,有,無,5580000,73121,坡道機械,11.82,550000,,RPTNMLTLPHGGFBM86CB,久樘四季Villa
草屯鎮,房地(土地+建物)+車位,南投縣草屯鎮富春路四維巷,29.31,住,,,1100522,土地2建物1車位1,八層,12,住宅大樓(11層含以上有電梯),住家用,鋼筋混凝土造,,80.61,2,2,1,有,無,5750000,71958,坡道機械,11.82,800000,,RPUNMLTLPHGGFBM96CB,久樘四季Villa
草屯鎮,房地(土地+建物)+車位,南投縣草屯鎮富春路四維巷,29.31,住,,,1100429,土地2建物1車位1,十層,12,住宅大樓(11層含以上有電梯),住家用,鋼筋混凝土造,,80.61,2,2,1,有,無,5800000,72685,坡道機械,11.82,800000,,RPVNMLTLPHGGFBM07CB,久樘四季Villa
草屯鎮,房地(土地+建物)+車位,南投縣草屯鎮富春路四維巷,39.3,住,,,1100518,土地2建物1車位1,十一層,12,住宅大樓(11層含以上有電梯),住家用,鋼筋混凝土造,,108.29,3,2,2,有,無,7830000,77141,坡道平面,23.64,1300000,,RPWNMLTLPHGGFBM17CB,久樘四季Villa
草屯鎮,房地(土地+建物)+車位,南投縣草屯鎮富春路四維巷,48.79,住,,,1100724,土地2建物1車位1,八層,12,住宅大樓(11層含以上有電梯),住家用,鋼筋混凝土造,,134.02,3,2,2,有,無,10190000,80540,坡道平面,23.64,1300000,,RPXNMLTLPHGGFBM27CB,久樘四季Villa
草屯鎮,房地(土地+建物)+車位,南投縣草屯鎮富春路四維巷,29.39,住,,,1100724,土地2建物1車位1,二層,12,住宅大樓(11層含以上有電梯),住家用,鋼筋混凝土造,,81.03,2,2,1,有,無,5900000,73689,坡道機械,11.82,800000,,RPOOMLTLPHGGFBM09CB,久樘四季Villa
埔里鎮,房地(土地+建物)+車位,南投縣埔里鎮中華路,20.36,住,,,1100712,土地1建物1車位1,二層,15,住宅大樓(11層含以上有電梯),住家用,鋼筋混凝土造,,128.57,3,2,2,有,無,7450000,63216,坡道平面,27.33,1050000,,RPPNMLTLPHGGFCM56CB,博克萊
埔里鎮,房地(土地+建物)+車位,南投縣埔里鎮中華路,20.62,住,,,1100720,土地1建物1車位1,三層,15,住宅大樓(11層含以上有電梯),住家用,鋼筋混凝土造,,129.82,3,2,2,有,無,7680000,64689,坡道平面,27.33,1050000,,RPRNMLTLPHGGFCM76CB,博克萊
埔里鎮,房地(土地+建物)+車位,南投縣埔里鎮中華路,20.6,住,,,1100717,土地1建物1車位1,五層,15,住宅大樓(11層含以上有電梯),住家用,鋼筋混凝土造,,129.75,3,2,2,有,無,7630000,64245,坡道平面,27.33,1050000,,RPSNMLTLPHGGFCM86CB,博克萊
南投市,房地(土地+建物),南投縣南投市順溪北路,49.76,,鄉村區,乙種建築用地,1100709,土地3建物1車位0,三層,5,華廈(10層含以下有電梯),住家用,鋼筋混凝土造,,85.54,2,1,1,有,無,4890000,57166,,0.0,0,,RPPNMLTLPHGGFAM09DB,中龍天匯
南投市,房地(土地+建物),南投縣南投市順溪北路,49.76,,鄉村區,乙種建築用地,1100720,土地3建物1車位0,三層,5,華廈(10層含以下有電梯),住家用,鋼筋混凝土造,,85.54,2,1,1,有,無,4950000,57868,,0.0,0,,RPQNMLTLPHGGFAM56DB,中龍天匯
草屯鎮,房地(土地+建物)+車位,南投縣草屯鎮新富路B1-02,27.85,住,,,1080810,土地1建物1車位2,二層,15,住宅大樓(11層含以上有電梯),住家用,鋼筋混凝土造,,161.11,3,2,2,有,無,9000000,63157,坡道機械,36.5,1130000,,RPSNMLKMPHGGFBM58CB,富宇上景
草屯鎮,房地(土地+建物)+車位,南投縣草屯鎮新富路B1-03,27.65,住,,,1080202,土地1建物1車位1,三層,15,住宅大樓(11層含以上有電梯),住家用,鋼筋混凝土造,,160.27,3,2,2,有,無,8420000,58334,坡道平面,36.5,1200000,,RPWNMLKMPHGGFBM98CB,富宇上景
草屯鎮,房地(土地+建物)+車位,南投縣草屯鎮新富路B1-04,27.65,住,,,1080427,土地1建物1車位2,四層,15,住宅大樓(11層含以上有電梯),住家用,鋼筋混凝土造,,160.27,3,2,2,有,無,8430000,58980,坡道機械,36.5,1130000,,RPPOMLKMPHGGFBM38CB,富宇上景
草屯鎮,房地(土地+建物)+車位,南投縣草屯鎮新富路B1-05,27.65,住,,,1080321,土地1建物1車位1,五層,15,住宅大樓(11層含以上有電梯),住家用,鋼筋混凝土造,,142.02,3,2,2,有,無,8100000,60192,坡道機械,18.25,650000,,RPSOMLKMPHGGFBM68CB,富宇上景
草屯鎮,房地(土地+建物)+車位,南投縣草屯鎮新富路B1-06,27.65,住,,,1080218,土地1建物1車位2,六層,15,住宅大樓(11層含以上有電梯),住家用,鋼筋混凝土造,,178.52,3,2,2,有,無,9200000,59384,坡道平面,54.75,1850000,,RPUOMLKMPHGGFBM88CB,富宇上景
草屯鎮,房地(土地+建物)+車位,南投縣草屯鎮新富路B1-07,27.65,住,,,1071218,土地1建物1車位1,七層,15,住宅大樓(11層含以上有電梯),住家用,鋼筋混凝土造,,160.27,3,2,2,有,無,8570000,59546,坡道平面,36.5,1200000,,RPWOMLKMPHGGFBM09CB,富宇上景
草屯鎮,房地(土地+建物)+車位,南投縣草屯鎮新富路B1-08,27.65,住,,,1080131,土地1建物1車位1,八層,15,住宅大樓(11層含以上有電梯),住家用,鋼筋混凝土造,,160.27,3,2,2,有,無,8350000,58576,坡道平面,36.5,1100000,,RPQPMLKMPHGGFBM58CB,富宇上景
草屯鎮,房地(土地+建物)+車位,南投縣草屯鎮新富路B1-09,27.65,住,,,1080120,土地1建物1車位1,九層,15,住宅大樓(11層含以上有電梯),住家用,鋼筋混凝土造,,142.02,3,2,2,有,無,8170000,60758,坡道機械,18.25,650000,,RPUPMLKMPHGGFBM98CB,富宇上景
草屯鎮,房地(土地+建物),南投縣草屯鎮御富路與東山路口,89.76,住,,,1100715,土地6建物1車位0,全,4,透天厝,住家用,鋼筋混凝土造,,174.25,4,2,5,有,無,11550000,66284,,0.0,0,,RPPNMLLMPHGGFBM38CB,昌祐大聚
草屯鎮,房地(土地+建物),南投縣草屯鎮御富路與東山路口,89.76,住,,,1100703,土地6建物1車位0,全,4,透天厝,住家用,鋼筋混凝土造,,174.25,4,2,5,有,無,11500000,65997,,0.0,0,,RPQNMLLMPHGGFBM48CB,昌祐大聚
草屯鎮,房地(土地+建物),南投縣草屯鎮御富路與東山路口,75.38,住,,,1100724,土地6建物1車位0,全,4,透天厝,住家用,鋼筋混凝土造,,150.05,4,2,5,有,無,9880000,65845,,0.0,0,,RPRNMLLMPHGGFBM58CB,昌祐大聚
草屯鎮,房地(土地+建物),南投縣草屯鎮御富路與東山路口,98.73,住,,,1100726,土地6建物1車位0,全,4,透天厝,住家用,鋼筋混凝土造,,190.54,4,2,5,有,無,12650000,66390,,0.0,0,,RPSNMLLMPHGGFBM68CB,昌祐大聚
草屯鎮,房地(土地+建物),南投縣草屯鎮御富路與東山路口,98.73,住,,,1100725,土地6建物1車位0,全,4,透天厝,住家用,鋼筋混凝土造,,188.79,4,2,5,有,無,12450000,65946,,0.0,0,,RPPNMLMJQHGGFBM28CB,昌祐大聚
草屯鎮,房地(土地+建物),南投縣草屯鎮御富路與東山路口,93.34,住,,,1100721,土地6建物1車位0,全,4,透天厝,住家用,鋼筋混凝土造,,180.79,4,2,5,有,無,11980000,66265,,0.0,0,,RPQNMLMJQHGGFBM38CB,昌祐大聚
草屯鎮,房地(土地+建物),南投縣草屯鎮御富路與東山路口,93.34,住,,,1100430,土地6建物1車位0,全,4,透天厝,住家用,鋼筋混凝土造,,180.79,4,2,5,有,無,12120000,67039,,0.0,0,,RPTNMLMJQHGGFBM68CB,昌祐大聚
草屯鎮,房地(土地+建物),南投縣草屯鎮御富路與東山路口,89.76,住,,,1100430,土地6建物1車位0,全,4,透天厝,住家用,鋼筋混凝土造,,174.25,4,2,5,有,無,11660000,66915,,0.0,0,,RPUNMLMJQHGGFBM78CB,昌祐大聚
草屯鎮,房地(土地+建物),南投縣草屯鎮御富路與東山路口,93.34,住,,,1100612,土地6建物1車位0,全,4,透天厝,住家用,鋼筋混凝土造,,180.79,4,2,5,有,無,11980000,66265,,0.0,0,,RPVNMLMJQHGGFBM88CB,昌祐大聚
草屯鎮,房地(土地+建物),南投縣草屯鎮御富路與東山路口,93.34,住,,,1100507,土地6建物1車位0,全,4,透天厝,住家用,鋼筋混凝土造,,180.79,4,2,5,有,無,12100000,66928,,0.0,0,,RPWNMLMJQHGGFBM98CB,昌祐大聚
草屯鎮,房地(土地+建物),南投縣草屯鎮御富路與東山路口,108.52,住,,,1100611,土地6建物1車位0,全,4,透天厝,住家用,鋼筋混凝土造,,187.28,5,2,5,有,無,13200000,70483,,0.0,0,,RPXNMLMJQHGGFBM09CB,昌祐大聚
草屯鎮,房地(土地+建物),南投縣草屯鎮御富路與東山路口,64.97,住,,,1100501,土地6建物1車位0,全,5,透天厝,住家用,鋼筋混凝土造,,188.38,5,2,5,有,無,10230000,54305,,0.0,0,,RPOOMLMJQHGGFBM28CB,昌祐大聚
草屯鎮,房地(土地+建物),南投縣草屯鎮御富路與東山路口,75.38,住,,,1100515,土地6建物1車位0,全,4,透天厝,住家用,鋼筋混凝土造,,150.05,4,2,5,有,無,9750000,64978,,0.0,0,,RPPOMLMJQHGGFBM38CB,昌祐大聚
南投市,房地(土地+建物),南投縣南投市順溪北路,49.76,,鄉村區,乙種建築用地,1100731,土地3建物1車位0,三層,5,華廈(10層含以下有電梯),住家用,鋼筋混凝土造,,85.54,2,1,1,有,無,4890000,57166,,0.0,0,,RPPNMLMJQHGGFAM28DB,中龍天匯
南投市,房地(土地+建物),南投縣南投市文化南路55號旁,80.93,住,,,1100710,土地3建物1車位0,全,4,透天厝,住家用,見其他登記事項,,184.31,3,3,3,有,無,9500000,51544,,0.0,0,,RPWNMLMJQHGGFAM88CB,山水年華
南投市,房地(土地+建物),南投縣南投市文化南路,80.93,住,,,1100714,土地3建物1車位0,全,4,透天厝,住家用,見其他登記事項,,184.31,3,3,3,有,無,10080000,54690,,0.0,0,,RPRNMLNJQHGGFAM48CB,山水年華
草屯鎮,房地(土地+建物),南投縣草屯鎮御富路與東山路口,115.37,住,,,1100725,土地6建物1車位0,全,4,透天厝,住家用,鋼筋混凝土造,,187.28,5,2,5,有,無,13660000,72939,,0.0,0,,RPRNMLNJQHGGFBM58CB,昌祐大聚
草屯鎮,房地(土地+建物),南投縣草屯鎮御富路與東山路口,112.85,住,,,1100724,土地6建物1車位0,全,4,透天厝,住家用,鋼筋混凝土造,,187.28,5,2,5,有,無,13510000,72138,,0.0,0,,RPSNMLNJQHGGFBM68CB,昌祐大聚
南投市,房地(土地+建物)+車位,南投縣南投市彰南路一段,24.63,,鄉村區,乙種建築用地,1100718,土地1建物1車位1,三層,9,華廈(10層含以下有電梯),住家用,鋼筋混凝土造,,92.0,2,2,1,有,無,5020000,54565,升降機械,0.0,550000,,RPPNMLOJQHGGFAM38CB,遇見愛
埔里鎮,房地(土地+建物)+車位,南投縣埔里鎮中華路,20.62,住,,,1100717,土地1建物1車位1,二層,15,住宅大樓(11層含以上有電梯),住家用,鋼筋混凝土造,,129.82,3,2,2,有,無,7630000,64201,坡道平面,27.33,1050000,,RPQNMLOJQHGGFCM68CB,博克萊
草屯鎮,房地(土地+建物)+車位,南投縣草屯鎮新富路,27.85,住,,,1080531,土地1建物1車位1,二層,15,住宅大樓(11層含以上有電梯),住家用,鋼筋混凝土造,,161.11,3,2,2,有,無,7580000,52002,坡道平面,36.5,1100000,親友、員工、共有人或其他特殊關係間之交易；,RPPNMLKKQHGGFBM18CB,富宇上景
草屯鎮,房地(土地+建物)+車位,南投縣草屯鎮新富路,27.65,住,,,1080526,土地1建物1車位1,三層,15,住宅大樓(11層含以上有電梯),住家用,鋼筋混凝土造,,142.02,3,2,2,有,無,8480000,63263,坡道機械,18.25,650000,,RPQNMLKKQHGGFBM28CB,富宇上景
草屯鎮,房地(土地+建物)+車位,南投縣草屯鎮新富路,27.65,住,,,1080711,土地1建物1車位2,四層,15,住宅大樓(11層含以上有電梯),住家用,鋼筋混凝土造,,160.27,3,2,2,有,無,8540000,59869,坡道機械,36.5,1130000,,RPRNMLKKQHGGFBM38CB,富宇上景
草屯鎮,房地(土地+建物)+車位,南投縣草屯鎮新富路,27.65,住,,,1071226,土地1建物1車位1,七層,15,住宅大樓(11層含以上有電梯),住家用,鋼筋混凝土造,,160.27,3,2,2,有,無,8500000,59788,坡道平面,36.5,1100000,親友、員工、共有人或其他特殊關係間之交易；,RPSNMLKKQHGGFBM48CB,富宇上景
草屯鎮,房地(土地+建物)+車位,南投縣草屯鎮新富路,27.65,住,,,1080408,土地1建物1車位1,八層,15,住宅大樓(11層含以上有電梯),住家用,鋼筋混凝土造,,142.02,3,2,2,有,無,8000000,59627,坡道機械,18.25,620000,親友、員工、共有人或其他特殊關係間之交易；,RPTNMLKKQHGGFBM58CB,富宇上景
草屯鎮,房地(土地+建物)+車位,南投縣草屯鎮新富路,27.65,住,,,1080720,土地1建物1車位1,十層,15,住宅大樓(11層含以上有電梯),住家用,鋼筋混凝土造,,160.27,3,2,2,有,無,9060000,63505,坡道平面,36.5,1200000,,RPUNMLKKQHGGFBM68CB,富宇上景
草屯鎮,房地(土地+建物)+車位,南投縣草屯鎮新富路,27.65,住,,,1071224,土地1建物1車位1,十一層,15,住宅大樓(11層含以上有電梯),住家用,鋼筋混凝土造,,160.27,3,2,2,有,無,8870000,61970,坡道平面,36.5,1200000,,RPVNMLKKQHGGFBM78CB,富宇上景
草屯鎮,房地(土地+建物)+車位,南投縣草屯鎮新富路,33.21,住,,,1071224,土地1建物1車位1,十二層,15,住宅大樓(11層含以上有電梯),住家用,鋼筋混凝土造,,185.19,4,2,2,有,無,10900000,65236,坡道平面,36.5,1200000,,RPWNMLKKQHGGFBM88CB,富宇上景
草屯鎮,房地(土地+建物)+車位,南投縣草屯鎮新富路,33.21,住,,,1081015,土地1建物1車位2,十三層,15,住宅大樓(11層含以上有電梯),住家用,鋼筋混凝土造,,203.44,4,2,2,有,無,11220000,63017,坡道平面,54.75,1850000,,RPXNMLKKQHGGFBM98CB,富宇上景
草屯鎮,房地(土地+建物)+車位,南投縣草屯鎮新富路,33.21,住,,,1071219,土地1建物1車位1,十四層,15,住宅大樓(11層含以上有電梯),住家用,鋼筋混凝土造,,185.19,4,2,2,有,無,10590000,63152,坡道平面,36.5,1200000,,RPOOMLKKQHGGFBM18CB,富宇上景
草屯鎮,房地(土地+建物)+車位,南投縣草屯鎮新富路,33.21,住,,,1080730,土地1建物1車位1,十五層,15,住宅大樓(11層含以上有電梯),住家用,鋼筋混凝土造,,185.19,4,2,2,有,無,10390000,61806,坡道平面,36.5,1200000,,RPPOMLKKQHGGFBM28CB,富宇上景
草屯鎮,房地(土地+建物)+車位,南投縣草屯鎮新富路,19.86,住,,,1080819,土地1建物1車位1,二層,15,住宅大樓(11層含以上有電梯),住家用,鋼筋混凝土造,,107.14,2,1,1,有,無,6180000,64124,坡道機械,18.25,480000,,RPQOMLKKQHGGFBM38CB,富宇上景
草屯鎮,房地(土地+建物)+車位,南投縣草屯鎮新富路,17.93,住,,,1080526,土地1建物1車位1,三層,15,住宅大樓(11層含以上有電梯),住家用,鋼筋混凝土造,,98.61,2,1,1,有,無,5500000,62469,坡道機械,18.25,480000,,RPROMLKKQHGGFBM48CB,富宇上景
草屯鎮,房地(土地+建物)+車位,南投縣草屯鎮新富路,17.93,住,,,1080623,土地1建物1車位1,四層,15,住宅大樓(11層含以上有電梯),住家用,鋼筋混凝土造,,98.61,2,1,1,有,無,5330000,60727,坡道機械,18.25,450000,,RPSOMLKKQHGGFBM58CB,富宇上景
草屯鎮,房地(土地+建物)+車位,南投縣草屯鎮新富路,17.93,住,,,1080109,土地1建物1車位1,六層,15,住宅大樓(11層含以上有電梯),住家用,鋼筋混凝土造,,98.61,2,1,1,有,無,5460000,61971,坡道機械,18.25,480000,,RPTOMLKKQHGGFBM68CB,富宇上景
草屯鎮,房地(土地+建物)+車位,南投縣草屯鎮新富路,27.65,住,,,1071231,土地1建物1車位1,十層,15,住宅大樓(11層含以上有電梯),住家用,鋼筋混凝土造,,160.27,3,2,2,有,無,8570000,59546,坡道平面,36.5,1200000,,RPUOMLKKQHGGFBM78CB,富宇上景
草屯鎮,房地(土地+建物)+車位,南投縣草屯鎮新富路,17.93,住,,,1080218,土地1建物1車位1,八層,15,住宅大樓(11層含以上有電梯),住家用,鋼筋混凝土造,,98.61,2,1,1,有,無,5530000,62842,坡道機械,18.25,480000,,RPVOMLKKQHGGFBM88CB,富宇上景
草屯鎮,房地(土地+建物)+車位,南投縣草屯鎮新富路,27.65,住,,,1071231,土地1建物1車位2,十一層,15,住宅大樓(11層含以上有電梯),住家用,鋼筋混凝土造,,160.27,3,2,2,有,無,8650000,59546,坡道機械,36.5,1280000,,RPWOMLKKQHGGFBM98CB,富宇上景
草屯鎮,房地(土地+建物)+車位,南投縣草屯鎮新富路,17.93,住,,,1071225,土地1建物1車位1,九層,15,住宅大樓(11層含以上有電梯),住家用,鋼筋混凝土造,,98.61,2,1,1,有,無,5730000,63216,坡道機械,18.25,650000,,RPXOMLKKQHGGFBM09CB,富宇上景
草屯鎮,房地(土地+建物)+車位,南投縣草屯鎮新富路,17.93,住,,,1080113,土地1建物1車位1,十一層,15,住宅大樓(11層含以上有電梯),住家用,鋼筋混凝土造,,98.61,2,1,1,有,無,5560000,63216,坡道機械,18.25,480000,,RPOPMLKKQHGGFBM28CB,富宇上景
草屯鎮,房地(土地+建物)+車位,南投縣草屯鎮新富路,33.21,住,,,1080922,土地1建物1車位2,十二層,15,住宅大樓(11層含以上有電梯),住家用,鋼筋混凝土造,,221.69,4,2,2,有,無,11970000,65035,坡道平面,73.0,2300000,,RPPPMLKKQHGGFBM38CB,富宇上景
草屯鎮,房地(土地+建物)+車位,南投縣草屯鎮新富路,33.21,住,,,1090113,土地1建物1車位3,十二層,15,住宅大樓(11層含以上有電梯),住家用,鋼筋混凝土造,,221.69,4,2,2,有,無,11760000,63421,坡道平面,73.0,2330000,,RPQPMLKKQHGGFBM48CB,富宇上景
草屯鎮,房地(土地+建物)+車位,南投縣草屯鎮新富路,33.21,住,,,1090103,土地1建物1車位1,十三層,15,住宅大樓(11層含以上有電梯),住家用,鋼筋混凝土造,,185.19,4,2,2,有,無,10530000,62748,坡道平面,36.5,1200000,,RPRPMLKKQHGGFBM58CB,富宇上景
草屯鎮,房地(土地+建物)+車位,南投縣草屯鎮新富路,33.21,住,,,1080423,土地1建物1車位1,十三層,15,住宅大樓(11層含以上有電梯),住家用,鋼筋混凝土造,,185.19,4,2,2,有,無,10600000,63219,坡道平面,36.5,1200000,,RPSPMLKKQHGGFBM68CB,富宇上景
草屯鎮,房地(土地+建物)+車位,南投縣草屯鎮新富路,33.21,住,,,1081122,土地1建物1車位2,十四層,15,住宅大樓(11層含以上有電梯),住家用,鋼筋混凝土造,,185.19,4,2,2,有,無,10500000,63017,坡道機械,36.5,1130000,,RPTPMLKKQHGGFBM78CB,富宇上景
草屯鎮,房地(土地+建物)+車位,南投縣草屯鎮新富路,33.21,住,,,1080118,土地1建物1車位2,十四層,15,住宅大樓(11層含以上有電梯),住家用,鋼筋混凝土造,,221.69,4,2,2,有,無,11800000,63219,坡道平面,73.0,2400000,,RPUPMLKKQHGGFBM88CB,富宇上景
草屯鎮,房地(土地+建物)+車位,南投縣草屯鎮新富路,33.21,住,,,1090107,土地1建物1車位2,十五層,15,住宅大樓(11層含以上有電梯),住家用,鋼筋混凝土造,,203.44,4,2,2,有,無,11060000,61941,坡道平面,54.75,1850000,,RPVPMLKKQHGGFBM98CB,富宇上景
草屯鎮,房地(土地+建物)+車位,南投縣草屯鎮新富路,33.21,住,,,1080414,土地1建物1車位1,十五層,15,住宅大樓(11層含以上有電梯),住家用,鋼筋混凝土造,,185.19,4,2,2,有,無,10650000,63555,坡道平面,36.5,1200000,,RPWPMLKKQHGGFBM09CB,富宇上景
草屯鎮,房地(土地+建物)+車位,南投縣草屯鎮新富路,27.85,住,,,1080801,土地1建物1車位2,二層,15,住宅大樓(11層含以上有電梯),住家用,鋼筋混凝土造,,161.11,3,2,2,有,無,8810000,61632,坡道機械,36.5,1130000,,RPXPMLKKQHGGFBM56CB,富宇上景
草屯鎮,房地(土地+建物)+車位,南投縣草屯鎮新富路,27.65,住,,,1080603,土地1建物1車位1,三層,15,住宅大樓(11層含以上有電梯),住家用,鋼筋混凝土造,,142.02,3,2,2,有,無,7950000,58980,坡道機械,18.25,650000,,RPOQMLKKQHGGFBM38CB,富宇上景
草屯鎮,房地(土地+建物)+車位,南投縣草屯鎮新富路,19.86,住,,,1080816,土地1建物1車位2,二層,15,住宅大樓(11層含以上有電梯),住家用,鋼筋混凝土造,,143.64,2,1,1,有,無,7220000,62887,坡道平面,54.75,1630000,,RPPQMLKKQHGGFBM48CB,富宇上景
草屯鎮,房地(土地+建物)+車位,南投縣草屯鎮新富路,27.65,住,,,1080530,土地1建物1車位1,四層,15,住宅大樓(11層含以上有電梯),住家用,鋼筋混凝土造,,160.27,3,2,2,有,無,8500000,58980,坡道平面,36.5,1200000,,RPQQMLKKQHGGFBM58CB,富宇上景
草屯鎮,房地(土地+建物)+車位,南投縣草屯鎮新富路,17.93,住,,,1080131,土地1建物1車位1,三層,15,住宅大樓(11層含以上有電梯),住家用,鋼筋混凝土造,,98.61,2,1,1,有,無,5360000,60727,坡道機械,18.25,480000,,RPRQMLKKQHGGFBM68CB,富宇上景
草屯鎮,房地(土地+建物)+車位,南投縣草屯鎮新富路,27.65,住,,,1080405,土地1建物1車位1,五層,15,住宅大樓(11層含以上有電梯),住家用,鋼筋混凝土造,,142.02,3,2,2,有,無,7830000,59384,坡道機械,18.25,480000,,RPSQMLKKQHGGFBM78CB,富宇上景
草屯鎮,房地(土地+建物)+車位,南投縣草屯鎮新富路,17.93,住,,,1080429,土地1建物1車位1,四層,15,住宅大樓(11層含以上有電梯),住家用,鋼筋混凝土造,,98.61,2,1,1,有,無,5340000,60478,坡道機械,18.25,480000,,RPTQMLKKQHGGFBM88CB,富宇上景
草屯鎮,房地(土地+建物)+車位,南投縣草屯鎮新富路,27.65,住,,,1080225,土地1建物1車位1,六層,15,住宅大樓(11層含以上有電梯),住家用,鋼筋混凝土造,,142.02,3,2,2,有,無,8000000,59384,坡道機械,18.25,650000,,RPUQMLKKQHGGFBM98CB,富宇上景
草屯鎮,房地(土地+建物)+車位,南投縣草屯鎮新富路,17.93,住,,,1080716,土地1建物1車位1,五層,15,住宅大樓(11層含以上有電梯),住家用,鋼筋混凝土造,,98.61,2,1,1,有,無,5500000,62469,坡道機械,18.25,480000,,RPVQMLKKQHGGFBM09CB,富宇上景
草屯鎮,房地(土地+建物)+車位,南投縣草屯鎮新富路,27.65,住,,,1080130,土地1建物1車位1,七層,15,住宅大樓(11層含以上有電梯),住家用,鋼筋混凝土造,,160.27,3,2,2,有,無,8500000,59384,坡道平面,36.5,1150000,,RPWQMLKKQHGGFBM56CB,富宇上景
草屯鎮,房地(土地+建物)+車位,南投縣草屯鎮新富路,17.93,住,,,1080310,土地1建物1車位1,六層,15,住宅大樓(11層含以上有電梯),住家用,鋼筋混凝土造,,98.61,2,1,1,有,無,5510000,62593,坡道機械,18.25,480000,,RPXQMLKKQHGGFBM66CB,富宇上景
草屯鎮,房地(土地+建物)+車位,南投縣草屯鎮新富路,27.65,住,,,1071218,土地1建物1車位1,八層,15,住宅大樓(11層含以上有電梯),住家用,鋼筋混凝土造,,160.27,3,2,2,有,無,8720000,60758,坡道平面,36.5,1200000,,RPORMLKKQHGGFBM48CB,富宇上景
草屯鎮,房地(土地+建物)+車位,南投縣草屯鎮新富路,27.65,住,,,1080114,土地1建物1車位1,九層,15,住宅大樓(11層含以上有電梯),住家用,鋼筋混凝土造,,142.02,3,2,2,有,無,8150000,60596,坡道機械,18.25,650000,,RPPRMLKKQHGGFBM58CB,富宇上景
草屯鎮,房地(土地+建物)+車位,南投縣草屯鎮新富路,17.93,住,,,1071227,土地1建物1車位1,七層,15,住宅大樓(11層含以上有電梯),住家用,鋼筋混凝土造,,98.61,2,1,1,有,無,5460000,61971,坡道機械,18.25,480000,,RPQRMLKKQHGGFBM68CB,富宇上景
草屯鎮,房地(土地+建物)+車位,南投縣草屯鎮新富路,27.65,住,,,1080210,土地1建物1車位2,十層,15,住宅大樓(11層含以上有電梯),住家用,鋼筋混凝土造,,160.27,3,2,2,有,無,8690000,61081,坡道機械,36.5,1130000,,RPRRMLKKQHGGFBM78CB,富宇上景
草屯鎮,房地(土地+建物)+車位,南投縣草屯鎮新富路,17.93,住,,,1080423,土地1建物1車位1,八層,15,住宅大樓(11層含以上有電梯),住家用,鋼筋混凝土造,,98.61,2,1,1,有,無,5600000,63713,坡道機械,18.25,480000,,RPSRMLKKQHGGFBM88CB,富宇上景
草屯鎮,房地(土地+建物)+車位,南投縣草屯鎮新富路,22.84,住,,,1080531,土地1建物1車位2,一層,15,住宅大樓(11層含以上有電梯),住家用,鋼筋混凝土造,,157.11,2,2,2,有,無,7830000,60375,坡道平面,54.75,1650000,親友、員工、共有人或其他特殊關係間之交易；,RPTRMLKKQHGGFBM98CB,富宇上景
草屯鎮,房地(土地+建物)+車位,南投縣草屯鎮新富路,17.93,住,,,1080418,土地1建物1車位1,十層,15,住宅大樓(11層含以上有電梯),住家用,鋼筋混凝土造,,98.61,2,1,1,有,無,5530000,62842,坡道機械,18.25,480000,,RPURMLKKQHGGFBM09CB,富宇上景
草屯鎮,房地(土地+建物)+車位,南投縣草屯鎮新富路,22.51,住,,,1080306,土地1建物1車位1,二層,15,住宅大樓(11層含以上有電梯),住家用,鋼筋混凝土造,,119.05,2,2,2,有,無,6680000,59821,坡道機械,18.25,650000,,RPVRMLKKQHGGFBM56CB,富宇上景
草屯鎮,房地(土地+建物)+車位,南投縣草屯鎮新富路,17.93,住,,,1080130,土地1建物1車位1,十一層,15,住宅大樓(11層含以上有電梯),住家用,鋼筋混凝土造,,98.61,2,1,1,有,無,5580000,63464,坡道機械,18.25,480000,,RPWRMLKKQHGGFBM66CB,富宇上景
草屯鎮,房地(土地+建物)+車位,南投縣草屯鎮新富路,21.5,住,,,1080324,土地1建物1車位1,三層,15,住宅大樓(11層含以上有電梯),住家用,鋼筋混凝土造,,114.45,2,2,2,有,無,6160000,59044,坡道機械,18.25,480000,,RPXRMLKKQHGGFBM76CB,富宇上景
草屯鎮,房地(土地+建物)+車位,南投縣草屯鎮新富路,33.21,住,,,1071230,土地1建物1車位1,十二層,15,住宅大樓(11層含以上有電梯),住家用,鋼筋混凝土造,,185.19,4,2,2,有,無,10260000,60932,坡道平面,36.5,1200000,親友、員工、共有人或其他特殊關係間之交易；,RPOSMLKKQHGGFBM58CB,富宇上景
草屯鎮,房地(土地+建物)+車位,南投縣草屯鎮新富路,21.5,住,,,1080125,土地1建物1車位1,四層,15,住宅大樓(11層含以上有電梯),住家用,鋼筋混凝土造,,114.45,2,2,2,有,無,6080000,58212,坡道機械,18.25,480000,,RPPSMLKKQHGGFBM68CB,富宇上景
草屯鎮,房地(土地+建物)+車位,南投縣草屯鎮新富路,33.21,住,,,1071230,土地1建物1車位1,十三層,15,住宅大樓(11層含以上有電梯),住家用,鋼筋混凝土造,,185.19,4,2,2,有,無,9950000,59520,坡道平面,36.5,1100000,親友、員工、共有人或其他特殊關係間之交易；,RPQSMLKKQHGGFBM78CB,富宇上景
草屯鎮,房地(土地+建物)+車位,南投縣草屯鎮新富路,21.5,住,,,1080120,土地1建物1車位1,五層,15,住宅大樓(11層含以上有電梯),住家用,鋼筋混凝土造,,114.45,2,2,2,有,無,6110000,58524,坡道機械,18.25,480000,,RPRSMLKKQHGGFBM88CB,富宇上景
草屯鎮,房地(土地+建物)+車位,南投縣草屯鎮新富路,33.21,住,,,1080130,土地1建物1車位3,十四層,15,住宅大樓(11層含以上有電梯),住家用,鋼筋混凝土造,,239.94,4,2,2,有,無,12450000,63219,坡道平面,91.25,3050000,,RPSSMLKKQHGGFBM98CB,富宇上景
草屯鎮,房地(土地+建物)+車位,南投縣草屯鎮新富路,21.5,住,,,1080311,土地1建物1車位2,六層,15,住宅大樓(11層含以上有電梯),住家用,鋼筋混凝土造,,132.7,2,2,2,有,無,6950000,60499,坡道機械,36.5,1130000,,RPTSMLKKQHGGFBM09CB,富宇上景
草屯鎮,房地(土地+建物)+車位,南投縣草屯鎮新富路,33.21,住,,,1080327,土地1建物1車位1,十五層,15,住宅大樓(11層含以上有電梯),住家用,鋼筋混凝土造,,185.19,4,2,2,有,無,10600000,63219,坡道平面,36.5,1200000,,RPUSMLKKQHGGFBM56CB,富宇上景
草屯鎮,房地(土地+建物)+車位,南投縣草屯鎮新富路,21.5,住,,,1080131,土地1建物1車位1,七層,15,住宅大樓(11層含以上有電梯),住家用,鋼筋混凝土造,,114.45,2,2,2,有,無,6330000,59044,坡道機械,18.25,650000,,RPVSMLKKQHGGFBM66CB,富宇上景
草屯鎮,房地(土地+建物)+車位,南投縣草屯鎮新富路,21.5,住,,,1080408,土地1建物1車位1,八層,15,住宅大樓(11層含以上有電梯),住家用,鋼筋混凝土造,,114.45,2,2,2,有,無,6180000,59252,坡道機械,18.25,480000,親友、員工、共有人或其他特殊關係間之交易；,RPWSMLKKQHGGFBM76CB,富宇上景
草屯鎮,房地(土地+建物)+車位,南投縣草屯鎮新富路,27.85,住,,,1080629,土地1建物1車位1,二層,15,住宅大樓(11層含以上有電梯),住家用,鋼筋混凝土造,,142.86,3,2,2,有,無,8580000,63639,坡道機械,18.25,650000,,RPXSMLKKQHGGFBM86CB,富宇上景
草屯鎮,房地(土地+建物)+車位,南投縣草屯鎮新富路,21.5,住,,,1080123,土地1建物1車位2,九層,15,住宅大樓(11層含以上有電梯),住家用,鋼筋混凝土造,,132.7,2,2,2,有,無,6980000,60811,坡道機械,36.5,1130000,,RPOTMLKKQHGGFBM68CB,富宇上景
草屯鎮,房地(土地+建物)+車位,南投縣草屯鎮新富路,21.5,住,,,1080304,土地1建物1車位1,十層,15,住宅大樓(11層含以上有電梯),住家用,鋼筋混凝土造,,114.45,2,2,2,有,無,6200000,57692,坡道機械,18.25,650000,親友、員工、共有人或其他特殊關係間之交易；,RPPTMLKKQHGGFBM78CB,富宇上景
草屯鎮,房地(土地+建物)+車位,南投縣草屯鎮新富路,21.5,住,,,1071227,土地1建物1車位1,十一層,15,住宅大樓(11層含以上有電梯),住家用,鋼筋混凝土造,,114.45,2,2,2,有,無,6500000,60811,坡道機械,18.25,650000,,RPQTMLKKQHGGFBM88CB,富宇上景
草屯鎮,房地(土地+建物)+車位,南投縣草屯鎮新富路,21.5,住,,,1080307,土地1建物1車位2,十二層,15,住宅大樓(11層含以上有電梯),住家用,鋼筋混凝土造,,132.7,2,2,2,有,無,7240000,63514,坡道機械,36.5,1130000,,RPRTMLKKQHGGFBM98CB,富宇上景
草屯鎮,房地(土地+建物)+車位,南投縣草屯鎮新富路,27.65,住,,,1080721,土地1建物1車位2,四層,15,住宅大樓(11層含以上有電梯),住家用,鋼筋混凝土造,,160.27,3,2,2,有,無,8700000,61162,坡道機械,36.5,1130000,,RPSTMLKKQHGGFBM09CB,富宇上景
草屯鎮,房地(土地+建物)+車位,南投縣草屯鎮新富路,21.5,住,,,1071222,土地1建物1車位2,十三層,15,住宅大樓(11層含以上有電梯),住家用,鋼筋混凝土造,,132.7,2,2,2,有,無,7180000,63202,坡道機械,36.5,1100000,,RPTTMLKKQHGGFBM56CB,富宇上景
草屯鎮,房地(土地+建物)+車位,南投縣草屯鎮新富路,21.5,住,,,1071229,土地1建物1車位1,十四層,15,住宅大樓(11層含以上有電梯),住家用,鋼筋混凝土造,,132.7,2,2,2,有,無,6950000,60811,坡道平面,36.5,1100000,親友、員工、共有人或其他特殊關係間之交易；,RPUTMLKKQHGGFBM66CB,富宇上景
草屯鎮,房地(土地+建物)+車位,南投縣草屯鎮新富路,21.5,住,,,1080121,土地1建物1車位1,十五層,15,住宅大樓(11層含以上有電梯),住家用,鋼筋混凝土造,,114.45,2,2,2,有,無,6730000,63202,坡道機械,18.25,650000,,RPVTMLKKQHGGFBM76CB,富宇上景
草屯鎮,房地(土地+建物)+車位,南投縣草屯鎮新富路,27.65,住,,,1080525,土地1建物1車位2,五層,15,住宅大樓(11層含以上有電梯),住家用,鋼筋混凝土造,,178.52,3,2,2,有,無,9560000,62293,坡道平面,54.75,1850000,,RPWTMLKKQHGGFBM86CB,富宇上景
草屯鎮,房地(土地+建物)+車位,南投縣草屯鎮新富路,21.14,住,,,1080124,土地1建物1車位1,一層,15,住宅大樓(11層含以上有電梯),住家用,鋼筋混凝土造,,113.0,2,2,2,有,無,7500000,72296,坡道機械,18.25,650000,,RPXTMLKKQHGGFBM96CB,富宇上景
草屯鎮,房地(土地+建物)+車位,南投縣草屯鎮新富路,27.65,住,,,1080321,土地1建物1車位1,六層,15,住宅大樓(11層含以上有電梯),住家用,鋼筋混凝土造,,160.27,3,2,2,有,無,8950000,62616,坡道平面,36.5,1200000,,RPOUMLKKQHGGFBM78CB,富宇上景
草屯鎮,房地(土地+建物)+車位,南投縣草屯鎮新富路,20.78,住,,,1080819,土地1建物1車位1,二層,15,住宅大樓(11層含以上有電梯),住家用,鋼筋混凝土造,,111.35,2,2,2,有,無,6380000,61547,坡道機械,18.25,650000,,RPPUMLKKQHGGFBM88CB,富宇上景
草屯鎮,房地(土地+建物)+車位,南投縣草屯鎮新富路,27.65,住,,,1080527,土地1建物1車位1,七層,15,住宅大樓(11層含以上有電梯),住家用,鋼筋混凝土造,,160.27,3,2,2,有,無,8950000,62616,坡道平面,36.5,1200000,,RPQUMLKKQHGGFBM98CB,富宇上景
草屯鎮,房地(土地+建物)+車位,南投縣草屯鎮新富路,20.68,住,,,1080803,土地1建物1車位1,三層,15,住宅大樓(11層含以上有電梯),住家用,鋼筋混凝土造,,110.86,2,2,2,有,無,6220000,61980,坡道機械,18.25,480000,,RPRUMLKKQHGGFBM09CB,富宇上景
草屯鎮,房地(土地+建物)+車位,南投縣草屯鎮新富路,20.68,住,,,1080721,土地1建物1車位1,四層,15,住宅大樓(11層含以上有電梯),住家用,鋼筋混凝土造,,110.86,2,2,2,有,無,6330000,61332,坡道機械,18.25,650000,,RPSUMLKKQHGGFBM56CB,富宇上景
草屯鎮,房地(土地+建物)+車位,南投縣草屯鎮新富路,20.68,住,,,1080721,土地1建物1車位1,五層,15,住宅大樓(11層含以上有電梯),住家用,鋼筋混凝土造,,110.86,2,2,2,有,無,6300000,62844,坡道機械,18.25,480000,,RPTUMLKKQHGGFBM66CB,富宇上景
草屯鎮,房地(土地+建物)+車位,南投縣草屯鎮新富路,20.68,住,,,1080328,土地1建物1車位1,六層,15,住宅大樓(11層含以上有電梯),住家用,鋼筋混凝土造,,110.86,2,2,2,有,無,6250000,62304,坡道機械,18.25,480000,,RPUUMLKKQHGGFBM76CB,富宇上景
草屯鎮,房地(土地+建物)+車位,南投縣草屯鎮新富路,27.65,住,,,1071226,土地1建物1車位1,八層,15,住宅大樓(11層含以上有電梯),住家用,鋼筋混凝土造,,160.27,3,2,2,有,無,9020000,63182,坡道平面,36.5,1200000,,RPVUMLKKQHGGFBM86CB,富宇上景
草屯鎮,房地(土地+建物)+車位,南投縣草屯鎮新富路,20.68,住,,,1080315,土地1建物1車位1,七層,15,住宅大樓(11層含以上有電梯),住家用,鋼筋混凝土造,,110.86,2,2,2,有,無,6050000,58309,坡道機械,18.25,650000,親友、員工、共有人或其他特殊關係間之交易；,RPWUMLKKQHGGFBM96CB,富宇上景
草屯鎮,房地(土地+建物)+車位,南投縣草屯鎮新富路,20.68,住,,,1080322,土地1建物1車位1,八層,15,住宅大樓(11層含以上有電梯),住家用,鋼筋混凝土造,,110.86,2,2,2,有,無,6360000,63492,坡道機械,18.25,480000,,RPXUMLKKQHGGFBM07CB,富宇上景
草屯鎮,房地(土地+建物)+車位,南投縣草屯鎮新富路,20.68,住,,,1080506,土地1建物1車位2,九層,15,住宅大樓(11層含以上有電梯),住家用,鋼筋混凝土造,,129.11,2,2,2,有,無,7010000,63492,坡道機械,36.5,1130000,,RPOVMLKKQHGGFBM88CB,富宇上景
草屯鎮,房地(土地+建物)+車位,南投縣草屯鎮新富路,27.65,住,,,1080220,土地1建物1車位1,十層,15,住宅大樓(11層含以上有電梯),住家用,鋼筋混凝土造,,160.27,3,2,2,有,無,9000000,63020,坡道平面,36.5,1200000,,RPPVMLKKQHGGFBM98CB,富宇上景
草屯鎮,房地(土地+建物)+車位,南投縣草屯鎮新富路,20.68,住,,,1080516,土地1建物1車位1,十層,15,住宅大樓(11層含以上有電梯),住家用,鋼筋混凝土造,,110.86,2,2,2,有,無,6500000,63168,坡道機械,18.25,650000,,RPQVMLKKQHGGFBM09CB,富宇上景
草屯鎮,房地(土地+建物)+車位,南投縣草屯鎮新富路,20.68,住,,,1080305,土地1建物1車位1,十一層,15,住宅大樓(11層含以上有電梯),住家用,鋼筋混凝土造,,110.86,2,2,2,有,無,6360000,63492,坡道機械,18.25,480000,,RPRVMLKKQHGGFBM56CB,富宇上景
草屯鎮,房地(土地+建物)+車位,南投縣草屯鎮新富路,20.68,住,,,1080210,土地1建物1車位1,十二層,15,住宅大樓(11層含以上有電梯),住家用,鋼筋混凝土造,,110.86,2,2,2,有,無,6360000,63492,坡道機械,18.25,480000,,RPSVMLKKQHGGFBM66CB,富宇上景
草屯鎮,房地(土地+建物)+車位,南投縣草屯鎮新富路,21.14,住,,,1080124,土地1建物1車位1,一層,15,住宅大樓(11層含以上有電梯),住家用,鋼筋混凝土造,,113.0,2,2,2,有,無,7530000,72612,坡道機械,18.25,650000,,RPTVMLKKQHGGFBM76CB,富宇上景
草屯鎮,房地(土地+建物)+車位,南投縣草屯鎮新富路,20.68,住,,,1080710,土地1建物1車位1,十三層,15,住宅大樓(11層含以上有電梯),住家用,鋼筋混凝土造,,110.86,2,2,2,有,無,6530000,63492,坡道機械,18.25,650000,,RPUVMLKKQHGGFBM86CB,富宇上景
草屯鎮,房地(土地+建物)+車位,南投縣草屯鎮新富路,20.68,住,,,1080113,土地1建物1車位1,十四層,15,住宅大樓(11層含以上有電梯),住家用,鋼筋混凝土造,,110.86,2,2,2,有,無,6500000,63168,坡道機械,18.25,650000,,RPVVMLKKQHGGFBM96CB,富宇上景
草屯鎮,房地(土地+建物)+車位,南投縣草屯鎮新富路,20.78,住,,,1080901,土地1建物1車位1,二層,15,住宅大樓(11層含以上有電梯),住家用,鋼筋混凝土造,,111.35,2,2,2,有,無,6600000,63910,坡道機械,18.25,650000,,RPWVMLKKQHGGFBM07CB,富宇上景
草屯鎮,房地(土地+建物)+車位,南投縣草屯鎮新富路,20.68,住,,,1080115,土地1建物1車位1,十五層,15,住宅大樓(11層含以上有電梯),住家用,鋼筋混凝土造,,110.86,2,2,2,有,無,6330000,63168,坡道機械,18.25,480000,,RPXVMLKKQHGGFBM17CB,富宇上景
草屯鎮,房地(土地+建物)+車位,南投縣草屯鎮新富路,20.68,住,,,1080824,土地1建物1車位1,三層,15,住宅大樓(11層含以上有電梯),住家用,鋼筋混凝土造,,110.86,2,2,2,有,無,6230000,60253,坡道機械,18.25,650000,,RPOWMLKKQHGGFBM98CB,富宇上景
草屯鎮,房地(土地+建物)+車位,南投縣草屯鎮新富路,22.84,住,,,1090110,土地1建物1車位1,一層,15,住宅大樓(11層含以上有電梯),住家用,鋼筋混凝土造,,138.86,2,2,2,有,無,8260000,69949,坡道平面,36.5,1100000,,RPPWMLKKQHGGFBM09CB,富宇上景
草屯鎮,房地(土地+建物)+車位,南投縣草屯鎮新富路,22.51,住,,,1080803,土地1建物1車位1,二層,15,住宅大樓(11層含以上有電梯),住家用,鋼筋混凝土造,,119.05,2,2,2,有,無,6800000,61012,坡道機械,18.25,650000,,RPQWMLKKQHGGFBM56CB,富宇上景
草屯鎮,房地(土地+建物)+車位,南投縣草屯鎮新富路,21.5,住,,,1080324,土地1建物1車位1,三層,15,住宅大樓(11層含以上有電梯),住家用,鋼筋混凝土造,,114.45,2,2,2,有,無,6160000,59044,坡道機械,18.25,480000,,RPRWMLKKQHGGFBM66CB,富宇上景
草屯鎮,房地(土地+建物)+車位,南投縣草屯鎮新富路,21.5,住,,,1080416,土地1建物1車位1,四層,15,住宅大樓(11層含以上有電梯),住家用,鋼筋混凝土造,,114.45,2,2,2,有,無,6180000,59252,坡道機械,18.25,480000,,RPSWMLKKQHGGFBM76CB,富宇上景
草屯鎮,房地(土地+建物)+車位,南投縣草屯鎮新富路,20.68,住,,,1080313,土地1建物1車位1,五層,15,住宅大樓(11層含以上有電梯),住家用,鋼筋混凝土造,,110.86,2,2,2,有,無,6130000,61009,坡道機械,18.25,480000,,RPTWMLKKQHGGFBM86CB,富宇上景
草屯鎮,房地(土地+建物)+車位,南投縣草屯鎮新富路,21.5,住,,,1080120,土地1建物1車位1,五層,15,住宅大樓(11層含以上有電梯),住家用,鋼筋混凝土造,,114.45,2,2,2,有,無,6110000,58524,坡道機械,18.25,480000,,RPUWMLKKQHGGFBM96CB,富宇上景
草屯鎮,房地(土地+建物)+車位,南投縣草屯鎮新富路,21.5,住,,,1080113,土地1建物1車位1,六層,15,住宅大樓(11層含以上有電梯),住家用,鋼筋混凝土造,,114.45,2,2,2,有,無,6390000,59667,坡道機械,18.25,650000,,RPVWMLKKQHGGFBM07CB,富宇上景
草屯鎮,房地(土地+建物)+車位,南投縣草屯鎮新富路,20.68,住,,,1080326,土地1建物1車位1,六層,15,住宅大樓(11層含以上有電梯),住家用,鋼筋混凝土造,,110.86,2,2,2,有,無,6280000,62628,坡道機械,18.25,480000,,RPWWMLKKQHGGFBM17CB,富宇上景
草屯鎮,房地(土地+建物)+車位,南投縣草屯鎮新富路,21.5,住,,,1080106,土地1建物1車位2,七層,15,住宅大樓(11層含以上有電梯),住家用,鋼筋混凝土造,,132.7,2,2,2,有,無,6840000,59563,坡道機械,36.5,1110000,,RPXWMLKKQHGGFBM27CB,富宇上景
草屯鎮,房地(土地+建物)+車位,南投縣草屯鎮新富路,20.68,住,,,1080210,土地1建物1車位1,七層,15,住宅大樓(11層含以上有電梯),住家用,鋼筋混凝土造,,110.86,2,2,2,有,無,6280000,62628,坡道機械,18.25,480000,,RPONNLKKQHGGFBM18CB,富宇上景
草屯鎮,房地(土地+建物)+車位,南投縣草屯鎮新富路,21.5,住,,,1080115,土地1建物1車位1,八層,15,住宅大樓(11層含以上有電梯),住家用,鋼筋混凝土造,,114.45,2,2,2,有,無,6310000,60603,坡道機械,18.25,480000,,RPPNNLKKQHGGFBM28CB,富宇上景
草屯鎮,房地(土地+建物)+車位,南投縣草屯鎮新富路,21.5,住,,,1071226,土地1建物1車位1,九層,15,住宅大樓(11層含以上有電梯),住家用,鋼筋混凝土造,,114.45,2,2,2,有,無,6500000,60811,坡道機械,18.25,650000,,RPQNNLKKQHGGFBM38CB,富宇上景
草屯鎮,房地(土地+建物)+車位,南投縣草屯鎮新富路,20.68,住,,,1080625,土地1建物1車位1,八層,15,住宅大樓(11層含以上有電梯),住家用,鋼筋混凝土造,,110.86,2,2,2,有,無,6530000,63492,坡道機械,18.25,650000,,RPRNNLKKQHGGFBM48CB,富宇上景
草屯鎮,房地(土地+建物)+車位,南投縣草屯鎮新富路,21.5,住,,,1071222,土地1建物1車位1,十層,15,住宅大樓(11層含以上有電梯),住家用,鋼筋混凝土造,,114.45,2,2,2,有,無,6330000,60811,坡道機械,18.25,480000,,RPSNNLKKQHGGFBM58CB,富宇上景
草屯鎮,房地(土地+建物)+車位,南投縣草屯鎮新富路,21.5,住,,,1071230,土地1建物1車位1,十一層,15,住宅大樓(11層含以上有電梯),住家用,鋼筋混凝土造,,114.45,2,2,2,有,無,6440000,60187,坡道機械,18.25,650000,,RPTNNLKKQHGGFBM68CB,富宇上景
草屯鎮,房地(土地+建物)+車位,南投縣草屯鎮新富路,20.68,住,,,1080502,土地1建物1車位1,九層,15,住宅大樓(11層含以上有電梯),住家用,鋼筋混凝土造,,129.11,2,2,2,有,無,7000000,63708,坡道平面,36.5,1100000,,RPUNNLKKQHGGFBM78CB,富宇上景
草屯鎮,房地(土地+建物)+車位,南投縣草屯鎮新富路,21.5,住,,,1080323,土地1建物1車位1,十二層,15,住宅大樓(11層含以上有電梯),住家用,鋼筋混凝土造,,114.45,2,2,2,有,無,6800000,63929,坡道機械,18.25,650000,,RPVNNLKKQHGGFBM88CB,富宇上景
草屯鎮,房地(土地+建物)+車位,南投縣草屯鎮新富路,20.68,住,,,1071222,土地1建物1車位1,十層,15,住宅大樓(11層含以上有電梯),住家用,鋼筋混凝土造,,110.86,2,2,2,有,無,6500000,63168,坡道機械,18.25,650000,,RPWNNLKKQHGGFBM98CB,富宇上景
草屯鎮,房地(土地+建物)+車位,南投縣草屯鎮新富路,20.68,住,,,1080220,土地1建物1車位1,十一層,15,住宅大樓(11層含以上有電梯),住家用,鋼筋混凝土造,,110.86,2,2,2,有,無,6360000,63492,坡道機械,18.25,480000,,RPXNNLKKQHGGFBM09CB,富宇上景
草屯鎮,房地(土地+建物)+車位,南投縣草屯鎮新富路,21.5,住,,,1071218,土地1建物1車位2,十三層,15,住宅大樓(11層含以上有電梯),住家用,鋼筋混凝土造,,132.7,2,2,2,有,無,6950000,60811,坡道機械,36.5,1100000,,RPOONLKKQHGGFBM28CB,富宇上景
草屯鎮,房地(土地+建物)+車位,南投縣草屯鎮新富路,21.5,住,,,1080112,土地1建物1車位1,十四層,15,住宅大樓(11層含以上有電梯),住家用,鋼筋混凝土造,,114.45,2,2,2,有,無,6500000,62578,坡道機械,18.25,480000,,RPPONLKKQHGGFBM38CB,富宇上景
草屯鎮,房地(土地+建物)+車位,南投縣草屯鎮新富路,20.68,住,,,1080326,土地1建物1車位1,十二層,15,住宅大樓(11層含以上有電梯),住家用,鋼筋混凝土造,,110.86,2,2,2,有,無,6360000,63492,坡道機械,18.25,480000,,RPQONLKKQHGGFBM48CB,富宇上景
草屯鎮,房地(土地+建物)+車位,南投縣草屯鎮新富路,21.5,住,,,1080121,土地1建物1車位1,十五層,15,住宅大樓(11層含以上有電梯),住家用,鋼筋混凝土造,,114.45,2,2,2,有,無,6730000,63202,坡道機械,18.25,650000,,RPRONLKKQHGGFBM58CB,富宇上景
草屯鎮,房地(土地+建物)+車位,南投縣草屯鎮新富路,20.68,住,,,1080226,土地1建物1車位1,十三層,15,住宅大樓(11層含以上有電梯),住家用,鋼筋混凝土造,,110.86,2,2,2,有,無,6500000,63168,坡道機械,18.25,650000,,RPSONLKKQHGGFBM68CB,富宇上景
草屯鎮,房地(土地+建物)+車位,南投縣草屯鎮新富路,20.68,住,,,1080803,土地1建物1車位1,十四層,15,住宅大樓(11層含以上有電梯),住家用,鋼筋混凝土造,,110.86,2,2,2,有,無,6350000,63384,坡道機械,18.25,480000,,RPTONLKKQHGGFBM78CB,富宇上景
草屯鎮,房地(土地+建物)+車位,南投縣草屯鎮新富路,20.68,住,,,1080302,土地1建物1車位1,十五層,15,住宅大樓(11層含以上有電梯),住家用,鋼筋混凝土造,,110.86,2,2,2,有,無,6360000,63492,坡道機械,18.25,480000,,RPUONLKKQHGGFBM88CB,富宇上景
草屯鎮,房地(土地+建物),南投縣草屯鎮新富路,17.93,住,,,1080507,土地1建物1車位0,五層,15,住宅大樓(11層含以上有電梯),住家用,鋼筋混凝土造,,80.36,2,1,1,有,無,5000000,62220,,0.0,0,,RPVONLKKQHGGFBM98CB,富宇上景
草屯鎮,房地(土地+建物)+車位,南投縣草屯鎮新富路,27.65,住,,,1080307,土地1建物1車位1,五層,15,住宅大樓(11層含以上有電梯),住家用,鋼筋混凝土造,,160.27,3,2,2,有,無,8980000,62859,坡道平面,36.5,1200000,,RPWONLKKQHGGFBM09CB,富宇上景
草屯鎮,房地(土地+建物)+車位,南投縣草屯鎮新富路,27.65,住,,,1080318,土地1建物1車位1,六層,15,住宅大樓(11層含以上有電梯),住家用,鋼筋混凝土造,,160.27,3,2,2,有,無,9000000,63020,坡道平面,36.5,1200000,,RPXONLKKQHGGFBM56CB,富宇上景
草屯鎮,房地(土地+建物)+車位,南投縣草屯鎮新富路,27.65,住,,,1080307,土地1建物1車位1,九層,15,住宅大樓(11層含以上有電梯),住家用,鋼筋混凝土造,,160.27,3,2,2,有,無,9060000,63505,坡道平面,36.5,1200000,,RPOPNLKKQHGGFBM38CB,富宇上景
草屯鎮,房地(土地+建物)+車位,南投縣草屯鎮新富路,17.93,住,,,1071223,土地1建物1車位1,七層,15,住宅大樓(11層含以上有電梯),住家用,鋼筋混凝土造,,98.61,2,1,1,有,無,5460000,61971,坡道機械,18.25,480000,,RPPPNLKKQHGGFBM48CB,富宇上景
草屯鎮,房地(土地+建物),南投縣草屯鎮新富路,17.93,住,,,1080701,土地1建物1車位0,十層,15,住宅大樓(11層含以上有電梯),住家用,鋼筋混凝土造,,80.36,2,1,1,有,無,5110000,63589,,0.0,0,,RPQPNLKKQHGGFBM58CB,富宇上景
草屯鎮,房地(土地+建物),南投縣草屯鎮新富路,27.65,住,,,1080214,土地1建物1車位0,十一層,15,住宅大樓(11層含以上有電梯),住家用,鋼筋混凝土造,,123.77,3,2,2,有,無,7520000,60758,,0.0,0,,RPRPNLKKQHGGFBM68CB,富宇上景
草屯鎮,房地(土地+建物),南投縣草屯鎮新富路,17.93,住,,,1080701,土地1建物1車位0,九層,15,住宅大樓(11層含以上有電梯),住家用,鋼筋混凝土造,,80.36,2,1,1,有,無,5110000,63589,,0.0,0,,RPSPNLKKQHGGFBM78CB,富宇上景
草屯鎮,房地(土地+建物)+車位,南投縣草屯鎮新富路,27.65,住,,,1080728,土地1建物1車位1,三層,15,住宅大樓(11層含以上有電梯),住家用,鋼筋混凝土造,,160.27,3,2,2,有,無,9020000,63182,坡道平面,36.5,1200000,,RPTPNLKKQHGGFBM88CB,富宇上景
草屯鎮,房地(土地+建物)+車位,南投縣草屯鎮新富路,27.65,住,,,1080615,土地1建物1車位1,九層,15,住宅大樓(11層含以上有電梯),住家用,鋼筋混凝土造,,160.27,3,2,2,有,無,8780000,62051,坡道平面,36.5,1100000,,RPUPNLKKQHGGFBM98CB,富宇上景
草屯鎮,房地(土地+建物),南投縣草屯鎮新富路,27.65,住,,,1080428,土地1建物1車位0,十一層,15,住宅大樓(11層含以上有電梯),住家用,鋼筋混凝土造,,123.77,3,2,2,有,無,7860000,63505,,0.0,0,,RPVPNLKKQHGGFBM09CB,富宇上景
草屯鎮,房地(土地+建物),南投縣草屯鎮新富路,20.68,住,,,1080522,土地1建物1車位0,四層,15,住宅大樓(11層含以上有電梯),住家用,鋼筋混凝土造,,92.61,2,2,2,有,無,5650000,61009,,0.0,0,,RPWPNLKKQHGGFBM56CB,富宇上景
草屯鎮,房地(土地+建物)+車位,南投縣草屯鎮富春路四維巷,48.79,住,,,1100618,土地2建物1車位1,三層,12,住宅大樓(11層含以上有電梯),住家用,鋼筋混凝土造,,134.02,3,2,2,有,無,9750000,76101,坡道平面,23.64,1350000,,RPPNMLPKQHGGFBM68CB,久樘四季Villa
草屯鎮,房地(土地+建物)+車位,南投縣草屯鎮富春路四維巷,41.37,住,,,1100305,土地2建物1車位1,八層,12,住宅大樓(11層含以上有電梯),住家用,鋼筋混凝土造,,113.98,3,2,2,有,無,8160000,76489,坡道平面,23.64,1250000,,RPQNMLPKQHGGFBM78CB,久樘四季Villa
草屯鎮,房地(土地+建物)+車位,南投縣草屯鎮富春路四維巷,41.37,住,,,1100220,土地2建物1車位1,九層,12,住宅大樓(11層含以上有電梯),住家用,鋼筋混凝土造,,113.98,3,2,2,有,無,8180000,76710,坡道平面,23.64,1250000,,RPRNMLPKQHGGFBM88CB,久樘四季Villa
草屯鎮,房地(土地+建物)+車位,南投縣草屯鎮富春路四維巷,41.37,住,,,1100419,土地2建物1車位1,十層,12,住宅大樓(11層含以上有電梯),住家用,鋼筋混凝土造,,113.98,3,2,2,有,無,8400000,78592,坡道平面,23.64,1300000,,RPSNMLPKQHGGFBM98CB,久樘四季Villa
草屯鎮,房地(土地+建物)+車位,南投縣草屯鎮富春路四維巷,41.37,住,,,1100207,土地2建物1車位1,十一層,12,住宅大樓(11層含以上有電梯),住家用,鋼筋混凝土造,,113.98,3,2,2,有,無,7700000,67541,坡道機械,11.82,800000,,RPTNMLPKQHGGFBM09CB,久樘四季Villa
草屯鎮,房地(土地+建物),南投縣草屯鎮富春路四維巷,29.39,住,,,1100627,土地2建物1車位0,四層,12,住宅大樓(11層含以上有電梯),住家用,鋼筋混凝土造,,81.03,2,2,1,有,無,5200000,64174,,0.0,0,,RPUNMLPKQHGGFBM56CB,久樘四季Villa
草屯鎮,房地(土地+建物)+車位,南投縣草屯鎮富春路四維巷,29.39,住,,,1100327,土地2建物1車位1,五層,12,住宅大樓(11層含以上有電梯),住家用,鋼筋混凝土造,,81.03,2,2,1,有,無,5630000,73400,坡道機械,11.82,550000,,RPVNMLPKQHGGFBM66CB,久樘四季Villa
草屯鎮,房地(土地+建物)+車位,南投縣草屯鎮富春路四維巷,29.39,住,,,1100324,土地2建物1車位1,七層,12,住宅大樓(11層含以上有電梯),住家用,鋼筋混凝土造,,81.03,2,2,1,有,無,6370000,89214,坡道平面,23.64,1250000,,RPWNMLPKQHGGFBM76CB,久樘四季Villa
草屯鎮,房地(土地+建物)+車位,南投縣草屯鎮富春路四維巷,29.39,住,,,1100318,土地2建物1車位1,十層,12,住宅大樓(11層含以上有電梯),住家用,鋼筋混凝土造,,81.03,2,2,1,有,無,5800000,72244,坡道機械,11.82,800000,,RPXNMLPKQHGGFBM86CB,久樘四季Villa
草屯鎮,房地(土地+建物)+車位,南投縣草屯鎮富春路四維巷,29.39,住,,,1100207,土地2建物1車位1,十一層,12,住宅大樓(11層含以上有電梯),住家用,鋼筋混凝土造,,81.03,2,2,1,有,無,5530000,71955,坡道機械,11.82,550000,,RPOOMLPKQHGGFBM68CB,久樘四季Villa
埔里鎮,房地(土地+建物)+車位,南投縣埔里鎮中華路,20.6,住,,,1100801,土地1建物1車位1,四層,15,住宅大樓(11層含以上有電梯),住家用,鋼筋混凝土造,,129.75,3,2,2,有,無,7530000,62293,坡道平面,27.33,1150000,,RPPNMLQKQHGGFCM88CB,博克萊
南投市,房地(土地+建物),南投縣南投市文化南路233巷,157.0,住,,,1100717,土地2建物1車位0,全,4,透天厝,住家用,鋼筋混凝土造,,245.44,5,2,5,有,無,16500000,67226,,0.0,0,,RPPNMLQKQHGGFAM68CB,勝邦茵悅墅
南投市,房地(土地+建物)+車位,南投縣南投市復興路,23.39,住,,,1100730,土地3建物1車位2,二層,12,住宅大樓(11層含以上有電梯),住家用,鋼筋混凝土造,,107.33,3,2,2,有,無,7500000,69878,一樓平面,46.34,0,,RPPNMLSKQHGGFAM09EB,吉富市
南投市,房地(土地+建物)+車位,南投縣南投市復興路,23.39,住,,,1100730,土地3建物1車位3,二層,12,住宅大樓(11層含以上有電梯),住家用,鋼筋混凝土造,,107.33,3,2,2,有,無,8700000,81058,坡道平面,69.51,0,,RPQNMLSKQHGGFAM56EB,吉富市
南投市,房地(土地+建物)+車位,南投縣南投市復興路,23.39,住,,,1100730,土地3建物1車位2,二層,12,住宅大樓(11層含以上有電梯),住家用,鋼筋混凝土造,,107.33,3,2,2,有,無,8300000,77332,坡道平面,46.34,0,,RPRNMLSKQHGGFAM66EB,吉富市
南投市,房地(土地+建物)+車位,南投縣南投市復興路,23.38,住,,,1100719,土地3建物1車位2,二層,12,住宅大樓(11層含以上有電梯),住家用,鋼筋混凝土造,,107.26,3,2,2,有,無,7700000,71788,一樓平面,46.34,0,,RPSNMLSKQHGGFAM76EB,吉富市
鹿谷鄉,房地(土地+建物)+車位,南投縣鹿谷鄉中寮路與八德街交叉口,28.3,住,,,1100724,土地1建物1車位1,四層,7,華廈(10層含以下有電梯),住家用,鋼筋混凝土造,,108.7,2,2,2,有,無,6750000,66344,坡道平面,22.03,1000000,,RPPNMLTKQHGGFDM66CB,自在溪頭
鹿谷鄉,房地(土地+建物)+車位,南投縣鹿谷鄉中寮路與八德街交叉口,28.3,住,,,1100726,土地1建物1車位1,三層,7,華廈(10層含以下有電梯),住家用,鋼筋混凝土造,,120.81,2,2,2,有,無,6900000,66921,坡道平面,34.14,1100000,,RPQNMLTKQHGGFDM76CB,自在溪頭
埔里鎮,房地(土地+建物),南投縣埔里鎮三勰路,205.02,,特定農業區,甲種建築用地,1100726,土地3建物1車位0,全,3,透天厝,住家用,鋼筋混凝土造,,204.0,3,2,4,有,無,11600000,56863,,0.0,0,,RPQNMLKLQHGGFCM48CB,逸境
草屯鎮,房地(土地+建物)+車位,南投縣草屯鎮富春路四維巷,29.31,住,,,1100628,土地2建物1車位1,七層,12,住宅大樓(11層含以上有電梯),住家用,鋼筋混凝土造,,80.61,2,2,1,有,無,5770000,75883,坡道機械,11.82,550000,,RPPNMLKLQHGGFBM28CB,久樘四季Villa
草屯鎮,房地(土地+建物)+車位,南投縣草屯鎮富春路四維巷,40.77,住,,,1100110,土地2建物1車位1,九層,12,住宅大樓(11層含以上有電梯),住家用,鋼筋混凝土造,,112.19,3,2,2,有,無,8160000,77470,坡道平面,23.64,1300000,,RPRNMLKLQHGGFBM48CB,久樘四季Villa
草屯鎮,房地(土地+建物)+車位,南投縣草屯鎮富春路四維巷,40.77,住,,,1100407,土地2建物1車位1,十一層,12,住宅大樓(11層含以上有電梯),住家用,鋼筋混凝土造,,112.19,3,2,2,有,無,8100000,76228,坡道平面,23.64,1350000,,RPSNMLKLQHGGFBM58CB,久樘四季Villa
草屯鎮,房地(土地+建物)+車位,南投縣草屯鎮富春路四維巷,29.31,住,,,1100517,土地2建物1車位1,六層,12,住宅大樓(11層含以上有電梯),住家用,鋼筋混凝土造,,80.61,2,2,1,有,無,5780000,72394,坡道機械,11.82,800000,,RPTNMLKLQHGGFBM68CB,久樘四季Villa
草屯鎮,房地(土地+建物)+車位,南投縣草屯鎮富春路四維巷,29.31,住,,,1100421,土地2建物1車位1,七層,12,住宅大樓(11層含以上有電梯),住家用,鋼筋混凝土造,,80.61,2,2,1,有,無,5690000,71086,坡道機械,11.82,800000,,RPUNMLKLQHGGFBM78CB,久樘四季Villa
草屯鎮,房地(土地+建物)+車位,南投縣草屯鎮富春路四維巷,39.3,住,,,1100519,土地2建物1車位1,三層,12,住宅大樓(11層含以上有電梯),住家用,鋼筋混凝土造,,108.29,3,2,2,有,無,7000000,64269,坡道機械,11.82,800000,,RPVNMLKLQHGGFBM88CB,久樘四季Villa
草屯鎮,房地(土地+建物)+車位,南投縣草屯鎮富春路四維巷,39.3,住,,,1100506,土地2建物1車位1,十層,12,住宅大樓(11層含以上有電梯),住家用,鋼筋混凝土造,,108.29,3,2,2,有,無,7800000,77377,坡道平面,23.64,1250000,,RPWNMLKLQHGGFBM98CB,久樘四季Villa
草屯鎮,房地(土地+建物)+車位,南投縣草屯鎮富春路四維巷,39.3,住,,,1100518,土地2建物1車位1,十一層,12,住宅大樓(11層含以上有電梯),住家用,鋼筋混凝土造,,108.29,3,2,2,有,無,7830000,77141,坡道平面,23.64,1300000,,RPXNMLKLQHGGFBM09CB,久樘四季Villa
草屯鎮,房地(土地+建物)+車位,南投縣草屯鎮富春路四維巷,41.37,住,,,1100417,土地2建物1車位1,六層,12,住宅大樓(11層含以上有電梯),住家用,鋼筋混凝土造,,113.98,3,2,2,有,無,8530000,79478,坡道平面,23.64,1350000,,RPOOMLKLQHGGFBM28CB,久樘四季Villa
草屯鎮,房地(土地+建物)+車位,南投縣草屯鎮富春路四維巷,25.08,住,,,1100110,土地2建物1車位1,三層,12,住宅大樓(11層含以上有電梯),住家用,鋼筋混凝土造,,68.99,2,2,1,有,無,4550000,69967,坡道機械,11.82,550000,,RPPOMLKLQHGGFBM38CB,久樘四季Villa
草屯鎮,房地(土地+建物)+車位,南投縣草屯鎮富春路四維巷,25.08,住,,,1100116,土地2建物1車位1,六層,12,住宅大樓(11層含以上有電梯),住家用,鋼筋混凝土造,,68.99,2,2,1,有,無,4790000,74165,坡道機械,11.82,550000,,RPROMLKLQHGGFBM58CB,久樘四季Villa
草屯鎮,房地(土地+建物)+車位,南投縣草屯鎮富春路四維巷,25.08,住,,,1100126,土地2建物1車位1,八層,12,住宅大樓(11層含以上有電梯),住家用,鋼筋混凝土造,,68.99,2,2,1,有,無,4800000,74340,坡道機械,11.82,550000,,RPSOMLKLQHGGFBM68CB,久樘四季Villa
草屯鎮,房地(土地+建物)+車位,南投縣草屯鎮富春路四維巷,25.08,住,,,1100114,土地2建物1車位1,九層,12,住宅大樓(11層含以上有電梯),住家用,鋼筋混凝土造,,68.99,2,2,1,有,無,4790000,74165,坡道機械,11.82,550000,,RPTOMLKLQHGGFBM78CB,久樘四季Villa
草屯鎮,房地(土地+建物)+車位,南投縣草屯鎮富春路四維巷,36.55,住,,,1100206,土地2建物1車位1,三層,12,住宅大樓(11層含以上有電梯),住家用,鋼筋混凝土造,,100.61,3,2,2,有,無,6530000,64534,坡道機械,11.82,800000,,RPVOMLKLQHGGFBM98CB,久樘四季Villa
草屯鎮,房地(土地+建物)+車位,南投縣草屯鎮富春路四維巷,36.55,住,,,1100305,土地2建物1車位1,四層,12,住宅大樓(11層含以上有電梯),住家用,鋼筋混凝土造,,100.61,3,2,2,有,無,6520000,64422,坡道機械,11.82,800000,,RPWOMLKLQHGGFBM09CB,久樘四季Villa
草屯鎮,房地(土地+建物)+車位,南投縣草屯鎮富春路四維巷,36.55,住,,,1100227,土地2建物1車位1,五層,12,住宅大樓(11層含以上有電梯),住家用,鋼筋混凝土造,,100.61,3,2,2,有,無,6950000,69265,坡道機械,11.82,800000,,RPXOMLKLQHGGFBM56CB,久樘四季Villa
草屯鎮,房地(土地+建物)+車位,南投縣草屯鎮富春路四維巷,36.55,住,,,1100311,土地2建物1車位1,六層,12,住宅大樓(11層含以上有電梯),住家用,鋼筋混凝土造,,100.61,3,2,2,有,無,7500000,79252,坡道平面,23.64,1400000,,RPOPMLKLQHGGFBM38CB,久樘四季Villa
草屯鎮,房地(土地+建物)+車位,南投縣草屯鎮富春路四維巷,36.55,住,,,1100311,土地2建物1車位1,八層,12,住宅大樓(11層含以上有電梯),住家用,鋼筋混凝土造,,100.61,3,2,2,有,無,6660000,68814,坡道機械,11.82,550000,,RPPPMLKLQHGGFBM48CB,久樘四季Villa
草屯鎮,房地(土地+建物)+車位,南投縣草屯鎮富春路四維巷,36.55,住,,,1100612,土地2建物1車位1,九層,12,住宅大樓(11層含以上有電梯),住家用,鋼筋混凝土造,,100.61,3,2,2,有,無,7130000,71292,坡道機械,11.82,800000,,RPQPMLKLQHGGFBM58CB,久樘四季Villa
草屯鎮,房地(土地+建物)+車位,南投縣草屯鎮富春路四維巷,36.55,住,,,1100223,土地2建物1車位1,十層,12,住宅大樓(11層含以上有電梯),住家用,鋼筋混凝土造,,100.61,3,2,2,有,無,7300000,78602,坡道平面,23.64,1250000,,RPRPMLKLQHGGFBM68CB,久樘四季Villa
草屯鎮,房地(土地+建物)+車位,南投縣草屯鎮富春路四維巷,36.55,住,,,1100302,土地2建物1車位1,十一層,12,住宅大樓(11層含以上有電梯),住家用,鋼筋混凝土造,,100.61,3,2,2,有,無,7330000,78992,坡道平面,23.64,1250000,,RPSPMLKLQHGGFBM78CB,久樘四季Villa
草屯鎮,房地(土地+建物)+車位,南投縣草屯鎮富春路四維巷,36.55,住,,,1100311,土地2建物1車位1,十二層,12,住宅大樓(11層含以上有電梯),住家用,鋼筋混凝土造,,100.61,3,2,2,有,無,7400000,79252,坡道平面,23.64,1300000,,RPTPMLKLQHGGFBM88CB,久樘四季Villa
草屯鎮,房地(土地+建物)+車位,南投縣草屯鎮富春路四維巷,26.81,住,,,1100413,土地2建物1車位1,三層,12,住宅大樓(11層含以上有電梯),住家用,鋼筋混凝土造,,73.83,2,2,1,有,無,4830000,69021,坡道機械,11.82,550000,,RPVPMLKLQHGGFBM09CB,久樘四季Villa
草屯鎮,房地(土地+建物)+車位,南投縣草屯鎮富春路四維巷,26.81,住,,,1100413,土地2建物1車位1,四層,12,住宅大樓(11層含以上有電梯),住家用,鋼筋混凝土造,,73.83,2,2,1,有,無,5080000,69021,坡道機械,11.82,800000,,RPWPMLKLQHGGFBM56CB,久樘四季Villa
草屯鎮,房地(土地+建物)+車位,南投縣草屯鎮富春路四維巷,26.81,住,,,1100419,土地2建物1車位1,十一層,12,住宅大樓(11層含以上有電梯),住家用,鋼筋混凝土造,,73.83,2,2,1,有,無,5120000,73698,坡道機械,11.82,550000,,RPOQMLKLQHGGFBM48CB,久樘四季Villa
草屯鎮,房地(土地+建物)+車位,南投縣草屯鎮富春路四維巷,26.72,住,,,1100305,土地2建物1車位1,二層,12,住宅大樓(11層含以上有電梯),住家用,鋼筋混凝土造,,73.54,2,2,1,有,無,4700000,67239,坡道機械,11.82,550000,,RPPQMLKLQHGGFBM58CB,久樘四季Villa
草屯鎮,房地(土地+建物)+車位,南投縣草屯鎮富春路四維巷,26.72,住,,,1100602,土地2建物1車位1,三層,12,住宅大樓(11層含以上有電梯),住家用,鋼筋混凝土造,,73.54,2,2,1,有,無,5130000,74206,坡道機械,11.82,550000,,RPQQMLKLQHGGFBM68CB,久樘四季Villa
草屯鎮,房地(土地+建物)+車位,南投縣草屯鎮富春路四維巷,26.72,住,,,1100116,土地2建物1車位1,四層,12,住宅大樓(11層含以上有電梯),住家用,鋼筋混凝土造,,73.54,2,2,1,有,無,4900000,67239,坡道機械,11.82,750000,,RPRQMLKLQHGGFBM78CB,久樘四季Villa
草屯鎮,房地(土地+建物)+車位,南投縣草屯鎮富春路四維巷,26.72,住,,,1100222,土地2建物1車位1,五層,12,住宅大樓(11層含以上有電梯),住家用,鋼筋混凝土造,,73.54,2,2,1,有,無,4950000,71290,坡道機械,11.82,550000,,RPSQMLKLQHGGFBM88CB,久樘四季Villa
草屯鎮,房地(土地+建物)+車位,南投縣草屯鎮富春路四維巷,26.72,住,,,1100126,土地2建物1車位1,六層,12,住宅大樓(11層含以上有電梯),住家用,鋼筋混凝土造,,73.54,2,2,1,有,無,5000000,72100,坡道機械,11.82,550000,,RPTQMLKLQHGGFBM98CB,久樘四季Villa
草屯鎮,房地(土地+建物)+車位,南投縣草屯鎮富春路四維巷,26.72,住,,,1100206,土地2建物1車位1,七層,12,住宅大樓(11層含以上有電梯),住家用,鋼筋混凝土造,,73.54,2,2,1,有,無,5000000,72100,坡道機械,11.82,550000,,RPUQMLKLQHGGFBM09CB,久樘四季Villa
草屯鎮,房地(土地+建物),南投縣草屯鎮富春路四維巷,26.72,住,,,1100209,土地2建物1車位0,十一層,12,住宅大樓(11層含以上有電梯),住家用,鋼筋混凝土造,,73.54,2,2,1,有,無,4350000,59151,,0.0,0,,RPVQMLKLQHGGFBM56CB,久樘四季Villa
草屯鎮,房地(土地+建物)+車位,南投縣草屯鎮富春路四維巷,37.32,住,,,1100314,土地2建物1車位1,二層,12,住宅大樓(11層含以上有電梯),住家用,鋼筋混凝土造,,102.83,3,2,2,有,無,6880000,66806,坡道機械,11.82,800000,,RPWQMLKLQHGGFBM66CB,久樘四季Villa
草屯鎮,房地(土地+建物)+車位,南投縣草屯鎮富春路四維巷,37.32,住,,,1100101,土地2建物1車位1,四層,12,住宅大樓(11層含以上有電梯),住家用,鋼筋混凝土造,,102.83,3,2,2,有,無,6460000,64938,坡道機械,11.82,550000,,RPXQMLKLQHGGFBM76CB,久樘四季Villa
草屯鎮,房地(土地+建物)+車位,南投縣草屯鎮富春路四維巷,37.32,住,,,1100326,土地2建物1車位1,八層,12,住宅大樓(11層含以上有電梯),住家用,鋼筋混凝土造,,102.83,3,2,2,有,無,7770000,82334,坡道平面,23.64,1250000,,RPORMLKLQHGGFBM58CB,久樘四季Villa
草屯鎮,房地(土地+建物)+車位,南投縣草屯鎮富春路四維巷,37.32,住,,,1100110,土地2建物1車位1,九層,12,住宅大樓(11層含以上有電梯),住家用,鋼筋混凝土造,,102.83,3,2,2,有,無,6950000,70322,坡道機械,11.82,550000,,RPPRMLKLQHGGFBM68CB,久樘四季Villa
草屯鎮,房地(土地+建物)+車位,南投縣草屯鎮富春路四維巷,37.32,住,,,1100106,土地2建物1車位1,十層,12,住宅大樓(11層含以上有電梯),住家用,鋼筋混凝土造,,102.83,3,2,2,有,無,7000000,68124,坡道機械,11.82,800000,,RPQRMLKLQHGGFBM78CB,久樘四季Villa
草屯鎮,房地(土地+建物)+車位,南投縣草屯鎮富春路四維巷,25.08,住,,,1100317,土地2建物1車位1,一層,12,住宅大樓(11層含以上有電梯),住家用,鋼筋混凝土造,,68.99,2,2,1,有,無,4970000,72940,坡道機械,11.82,800000,,RPRRMLKLQHGGFBM88CB,久樘四季Villa
草屯鎮,房地(土地+建物)+車位,南投縣草屯鎮富春路四維巷,25.08,住,,,1100131,土地2建物1車位1,二層,12,住宅大樓(11層含以上有電梯),住家用,鋼筋混凝土造,,68.99,2,2,1,有,無,4520000,69442,坡道機械,11.82,550000,,RPSRMLKLQHGGFBM98CB,久樘四季Villa
草屯鎮,房地(土地+建物)+車位,南投縣草屯鎮富春路四維巷,25.08,住,,,1100126,土地2建物1車位1,四層,12,住宅大樓(11層含以上有電梯),住家用,鋼筋混凝土造,,68.99,2,2,1,有,無,4780000,69617,坡道機械,11.82,800000,,RPTRMLKLQHGGFBM09CB,久樘四季Villa
草屯鎮,房地(土地+建物)+車位,南投縣草屯鎮富春路四維巷,25.08,住,,,1100429,土地2建物1車位1,五層,12,住宅大樓(11層含以上有電梯),住家用,鋼筋混凝土造,,68.99,2,2,1,有,無,4810000,74515,坡道機械,11.82,550000,,RPURMLKLQHGGFBM56CB,久樘四季Villa
草屯鎮,房地(土地+建物)+車位,南投縣草屯鎮富春路四維巷,25.08,住,,,1100112,土地2建物1車位1,六層,12,住宅大樓(11層含以上有電梯),住家用,鋼筋混凝土造,,68.99,2,2,1,有,無,4800000,74340,坡道機械,11.82,550000,,RPVRMLKLQHGGFBM66CB,久樘四季Villa
草屯鎮,房地(土地+建物)+車位,南投縣草屯鎮富春路四維巷,36.55,住,,,1100415,土地2建物1車位1,五層,12,住宅大樓(11層含以上有電梯),住家用,鋼筋混凝土造,,100.61,3,2,2,有,無,7350000,78602,坡道平面,23.64,1300000,,RPWRMLKLQHGGFBM76CB,久樘四季Villa
草屯鎮,房地(土地+建物)+車位,南投縣草屯鎮富春路四維巷,36.55,住,,,1100413,土地2建物1車位1,十一層,12,住宅大樓(11層含以上有電梯),住家用,鋼筋混凝土造,,100.61,3,2,2,有,無,7370000,79511,坡道平面,23.64,1250000,,RPXRMLKLQHGGFBM86CB,久樘四季Villa
草屯鎮,房地(土地+建物),南投縣草屯鎮富春路四維巷,26.81,住,,,1100505,土地2建物1車位0,二層,12,住宅大樓(11層含以上有電梯),住家用,鋼筋混凝土造,,73.83,2,2,1,有,無,4250000,57565,,0.0,0,,RPOSMLKLQHGGFBM68CB,久樘四季Villa
草屯鎮,房地(土地+建物)+車位,南投縣草屯鎮富春路四維巷,26.81,住,,,1100601,土地2建物1車位1,三層,12,住宅大樓(11層含以上有電梯),住家用,鋼筋混凝土造,,73.83,2,2,1,有,無,4880000,69827,坡道機械,11.82,550000,,RPPSMLKLQHGGFBM78CB,久樘四季Villa
草屯鎮,房地(土地+建物)+車位,南投縣草屯鎮富春路四維巷,26.81,住,,,1100509,土地2建物1車位1,六層,12,住宅大樓(11層含以上有電梯),住家用,鋼筋混凝土造,,73.83,2,2,1,有,無,5100000,73375,坡道機械,11.82,550000,,RPQSMLKLQHGGFBM88CB,久樘四季Villa
草屯鎮,房地(土地+建物)+車位,南投縣草屯鎮富春路四維巷,26.72,住,,,1100321,土地2建物1車位1,二層,12,住宅大樓(11層含以上有電梯),住家用,鋼筋混凝土造,,73.54,2,2,1,有,無,4700000,67239,坡道機械,11.82,550000,,RPTSMLKLQHGGFBM56CB,久樘四季Villa
草屯鎮,房地(土地+建物)+車位,南投縣草屯鎮富春路四維巷,26.72,住,,,1100331,土地2建物1車位1,十一層,12,住宅大樓(11層含以上有電梯),住家用,鋼筋混凝土造,,73.54,2,2,1,有,無,5880000,89780,坡道平面,23.64,1400000,,RPUSMLKLQHGGFBM66CB,久樘四季Villa
草屯鎮,房地(土地+建物)+車位,南投縣草屯鎮富春路四維巷,37.32,住,,,1100322,土地2建物1車位1,八層,12,住宅大樓(11層含以上有電梯),住家用,鋼筋混凝土造,,102.83,3,2,2,有,無,7550000,79555,坡道平面,23.64,1250000,,RPVSMLKLQHGGFBM76CB,久樘四季Villa
南投市,房地(土地+建物),南投縣南投市文化南路233巷,156.0,住,,,1100701,土地2建物1車位0,全,4,透天厝,住家用,鋼筋混凝土造,,246.23,5,2,5,有,無,16550000,67214,,0.0,0,,RPPNMLOLQHGGFAM58CB,勝邦茵悅墅
鹿谷鄉,房地(土地+建物)+車位,南投縣鹿谷鄉中寮路與八德街交叉口,22.99,住,,,1100813,土地1建物1車位1,三層,7,華廈(10層含以下有電梯),住家用,鋼筋混凝土造,,104.53,1,2,1,有,無,5900000,68192,坡道平面,34.14,1100000,,RPPNMLQLQHGGFDM09CB,自在溪頭
鹿谷鄉,房地(土地+建物)+車位,南投縣鹿谷鄉中寮路與八德街交叉口,28.16,住,,,1100818,土地1建物1車位1,四層,7,華廈(10層含以下有電梯),住家用,鋼筋混凝土造,,120.37,2,2,2,有,無,6900000,66102,坡道平面,34.14,1200000,,RPQNMLQLQHGGFDM56CB,自在溪頭
草屯鎮,房地(土地+建物)+車位,南投縣草屯鎮博愛路,29.52,住,,,1100729,土地1建物1車位1,七層,15,住宅大樓(11層含以上有電梯),住家用,鋼筋混凝土造,,156.45,3,2,2,有,無,9500000,68380,坡道平面,35.8,1250000,,RPQNMLQLQHGGFBM98CB,富宇博愛苑
草屯鎮,房地(土地+建物)+車位,南投縣草屯鎮博愛路,22.27,住,,,1100801,土地1建物1車位1,七層,15,住宅大樓(11層含以上有電梯),住家用,鋼筋混凝土造,,126.85,2,2,1,有,無,7720000,69962,坡道平面,35.8,1350000,,RPPNMLTLQHGGFBM56CB,富宇博愛苑
草屯鎮,房地(土地+建物),南投縣草屯鎮青宅巷,88.49,,特定農業區,甲種建築用地,1100801,土地2建物1車位0,全,4,透天厝,住家用,鋼筋混凝土造,,169.75,4,2,3,有,無,9860000,58085,,0.0,0,,RPPNMLLMQHGGFBM48CB,陶淵明(禮遇2)
草屯鎮,房地(土地+建物)+車位,南投縣草屯鎮中山街,23.34,商,,,1100803,土地1建物1車位1,十四層,15,住宅大樓(11層含以上有電梯),住商用,鋼筋混凝土造,,152.8,3,2,2,有,無,10230000,72291,坡道平面,28.58,1250000,,RPQNMLLJRHGGFBM38CB,富宇中山溱邸
草屯鎮,房地(土地+建物)+車位,南投縣草屯鎮中山街,26.06,商,,,1100806,土地1建物1車位2,六層,15,住宅大樓(11層含以上有電梯),住商用,鋼筋混凝土造,,195.81,4,2,2,有,無,12250000,71042,坡道平面,57.16,2400000,,RPRNMLLJRHGGFBM48CB,富宇中山溱邸
草屯鎮,房地(土地+建物)+車位,南投縣草屯鎮博愛路,29.52,住,,,1100804,土地1建物1車位1,十四層,15,住宅大樓(11層含以上有電梯),住家用,鋼筋混凝土造,,156.45,3,2,2,有,無,9850000,71281,坡道平面,35.8,1250000,,RPSNMLLJRHGGFBM58CB,富宇博愛苑
草屯鎮,房地(土地+建物),南投縣草屯鎮碧峰段1537-13地號,101.11,,鄉村區,乙種建築用地,1100805,土地1建物1車位0,全,3,透天厝,住家用,鋼筋混凝土造,,178.75,4,2,5,有,無,12580000,70378,,0.0,0,,RPPNMLMJRHGGFBM38CB,元弘愛家
埔里鎮,房地(土地+建物)+車位,南投縣埔里鎮朝陽街,28.87,住,,,1100806,土地1建物1車位1,二層,5,華廈(10層含以下有電梯),住家用,鋼筋混凝土造,,98.55,3,2,2,有,無,6980000,71462,一樓平面,13.75,920000,,RPPNMLMJRHGGFCM58DB,喬富易居
埔里鎮,房地(土地+建物)+車位,南投縣埔里鎮朝陽街,29.85,住,,,1100806,土地1建物1車位1,二層,5,華廈(10層含以下有電梯),住家用,鋼筋混凝土造,,101.44,3,2,2,有,無,7220000,71844,一樓平面,13.75,920000,,RPQNMLMJRHGGFCM68DB,喬富易居
竹山鎮,房地(土地+建物),南投縣竹山鎮昭德街,100.88,商,,,1100805,土地2建物1車位0,全,4,透天厝,住家用,見其他登記事項,,167.95,4,3,4,有,無,11300000,67282,,0.0,0,,RPPNMLNJRHGGFDM68CB,山水富築
南投市,房地(土地+建物),南投縣南投市文化南路,79.76,住,,,1100805,土地2建物1車位0,全,4,透天厝,住家用,見其他登記事項,,184.31,3,2,3,有,無,9680000,52520,,0.0,0,建物格局不包含一樓停車空間、屋突樓梯間,RPPNMLNJRHGGFAM38CB,山水年華
草屯鎮,房地(土地+建物)+車位,南投縣草屯鎮博愛路,22.27,住,,,1100808,土地1建物1車位1,五層,15,住宅大樓(11層含以上有電梯),住家用,鋼筋混凝土造,,126.85,2,2,1,有,無,7450000,69193,坡道平面,35.8,1150000,,RPPNMLPJRHGGFBM68CB,富宇博愛苑
埔里鎮,房地(土地+建物),南投縣埔里鎮福長路,108.46,,一般農業區,甲種建築用地,1100811,土地2建物1車位0,全,3,透天厝,住家用,鋼筋混凝土造,,137.02,4,2,3,有,無,8000000,58386,,0.0,0,,RPQNMLQJRHGGFCM09DB,戀戀溫泉
埔里鎮,房地(土地+建物),南投縣埔里鎮福長路,121.46,,一般農業區,甲種建築用地,1100809,土地2建物1車位0,全,3,透天厝,住家用,鋼筋混凝土造,,140.32,5,2,3,有,無,8280000,59008,,0.0,0,,RPRNMLQJRHGGFCM56DB,戀戀溫泉
草屯鎮,房地(土地+建物)+車位,南投縣草屯鎮石川路,27.4,,鄉村區,乙種建築用地,1100808,土地6建物1車位1,二層,9,華廈(10層含以下有電梯),住家用,鋼筋混凝土造,,109.5,2,2,1,有,無,6000000,63094,坡道機械,19.0,290000,,RPPNMLRJRHGGFBM88CB,澄玉
草屯鎮,房地(土地+建物)+車位,南投縣草屯鎮石川路,27.4,,鄉村區,乙種建築用地,1100811,土地6建物1車位1,四層,9,華廈(10層含以下有電梯),住家用,鋼筋混凝土造,,109.5,2,2,1,有,無,5800000,60884,坡道機械,19.0,290000,,RPQNMLRJRHGGFBM98CB,澄玉
草屯鎮,房地(土地+建物),南投縣草屯鎮御富路與東山路口,68.62,住,,,1100808,土地6建物1車位0,全,5,透天厝,住家用,鋼筋混凝土造,,188.38,5,2,6,有,無,10360000,54995,,0.0,0,,RPPNMLSJRHGGFBM98CB,昌祐大聚
草屯鎮,房地(土地+建物),南投縣草屯鎮御富路與東山路口,75.38,住,,,1100809,土地6建物1車位0,全,4,透天厝,住家用,鋼筋混凝土造,,150.05,4,2,5,有,無,9700000,64645,,0.0,0,,RPQNMLSJRHGGFBM09CB,昌祐大聚
草屯鎮,房地(土地+建物),南投縣草屯鎮御富路與東山路口,93.34,住,,,1100811,土地6建物1車位0,全,4,透天厝,住家用,鋼筋混凝土造,,180.79,4,2,5,有,無,11960000,66154,,0.0,0,,RPRNMLSJRHGGFBM56CB,昌祐大聚
草屯鎮,房地(土地+建物),南投縣草屯鎮御富路與東山路口,93.34,住,,,1100812,土地6建物1車位0,全,4,透天厝,住家用,鋼筋混凝土造,,180.79,4,2,5,有,無,11980000,66265,,0.0,0,,RPSNMLSJRHGGFBM66CB,昌祐大聚
草屯鎮,房地(土地+建物),南投縣草屯鎮御富路與東山路口,75.39,住,,,1100812,土地6建物1車位0,全,4,透天厝,住家用,鋼筋混凝土造,,150.05,4,2,5,有,無,9800000,65312,,0.0,0,,RPUNMLSJRHGGFBM86CB,昌祐大聚
草屯鎮,房地(土地+建物)+車位,南投縣草屯鎮石川路,33.4,,鄉村區,乙種建築用地,1100710,土地6建物1車位1,三層,9,華廈(10層含以下有電梯),住家用,鋼筋混凝土造,,148.34,3,2,2,有,無,7350000,59821,坡道平面,38.01,750000,含裝潢費；,RPPNMLTJRHGGFBM09CB,澄玉
草屯鎮,房地(土地+建物)+車位,南投縣草屯鎮石川路,27.4,,鄉村區,乙種建築用地,1100703,土地6建物1車位1,四層,9,華廈(10層含以下有電梯),住家用,鋼筋混凝土造,,109.5,2,2,1,有,無,5660000,59337,坡道機械,19.0,290000,含裝潢費；,RPQNMLTJRHGGFBM56CB,澄玉
草屯鎮,房地(土地+建物)+車位,南投縣草屯鎮石川路,27.4,,鄉村區,乙種建築用地,1100715,土地6建物1車位1,三層,9,華廈(10層含以下有電梯),住家用,鋼筋混凝土造,,109.5,2,2,1,有,無,6000000,61326,坡道機械,19.0,450000,含裝潢費；,RPRNMLTJRHGGFBM66CB,澄玉
草屯鎮,房地(土地+建物)+車位,南投縣草屯鎮石川路,24.36,,鄉村區,乙種建築用地,1100726,土地6建物1車位1,五層,9,華廈(10層含以下有電梯),住家用,鋼筋混凝土造,,99.47,2,2,1,有,無,5350000,60892,坡道機械,19.0,450000,含裝潢費；,RPSNMLTJRHGGFBM76CB,澄玉
草屯鎮,房地(土地+建物)+車位,南投縣草屯鎮石川路,24.36,,鄉村區,乙種建築用地,1100717,土地6建物1車位1,八層,9,華廈(10層含以下有電梯),住家用,鋼筋混凝土造,,99.47,2,2,1,有,無,5300000,60271,坡道機械,19.0,450000,含裝潢費；,RPTNMLTJRHGGFBM86CB,澄玉
草屯鎮,房地(土地+建物)+車位,南投縣草屯鎮石川路,24.36,,鄉村區,乙種建築用地,1100806,土地6建物1車位1,二層,9,華廈(10層含以下有電梯),住家用,鋼筋混凝土造,,99.47,2,2,1,有,無,5130000,60147,坡道機械,19.0,290000,含裝潢費；,RPUNMLTJRHGGFBM96CB,澄玉
草屯鎮,房地(土地+建物),南投縣草屯鎮富頂路一段,85.87,住,,,1100810,土地1建物1車位0,全,3,透天厝,住家用,鋼筋混凝土造,,155.37,4,3,3,有,無,9400000,60501,,0.0,0,,RPPNMLKKRHGGFBM28CB,富春新墅
草屯鎮,房地(土地+建物),南投縣草屯鎮青宅巷,102.36,,特定農業區,甲種建築用地,1100812,土地3建物1車位0,全,4,透天厝,住家用,鋼筋混凝土造,,178.25,4,2,3,有,無,9100000,51052,,0.0,0,,RPRNMLKKRHGGFBM48CB,陶淵明(禮遇2)
南投市,房地(土地+建物),南投縣南投市華陽路,29.06,住,,,1100810,土地6建物1車位0,三層,14,住宅大樓(11層含以上有電梯),住家用,鋼筋混凝土造,,110.58,3,2,2,有,無,6400000,57877,,0.0,0,,RPPNMLKKRHGGFAM18CB,首富京站
南投市,房地(土地+建物),南投縣南投市華陽路,21.98,住,,,1100810,土地6建物1車位0,五層,14,住宅大樓(11層含以上有電梯),住家用,鋼筋混凝土造,,86.45,2,2,1,有,無,4480000,51822,,0.0,0,,RPQNMLKKRHGGFAM28CB,首富京站
南投市,房地(土地+建物),南投縣南投市華陽路,21.98,住,,,1100810,土地6建物1車位0,八層,14,住宅大樓(11層含以上有電梯),住家用,鋼筋混凝土造,,86.45,2,2,1,有,無,4580000,52979,,0.0,0,,RPRNMLKKRHGGFAM38CB,首富京站
南投市,房地(土地+建物),南投縣南投市華陽路,21.98,住,,,1100810,土地6建物1車位0,五層,14,住宅大樓(11層含以上有電梯),住家用,鋼筋混凝土造,,86.45,2,2,1,有,無,4480000,51822,,0.0,0,,RPSNMLKKRHGGFAM48CB,首富京站
南投市,房地(土地+建物),南投縣南投市華陽路,21.98,住,,,1100820,土地6建物1車位0,十一層,14,住宅大樓(11層含以上有電梯),住家用,鋼筋混凝土造,,86.45,2,2,1,有,無,4680000,54135,,0.0,0,,RPTNMLKKRHGGFAM58CB,首富京站
南投市,房地(土地+建物),南投縣南投市華陽路,21.98,住,,,1100819,土地6建物1車位0,十二層,14,住宅大樓(11層含以上有電梯),住家用,鋼筋混凝土造,,86.45,2,2,1,有,無,4680000,54135,,0.0,0,,RPUNMLKKRHGGFAM68CB,首富京站
