﻿編號,土地位置,土地移轉面積(平方公尺),使用分區或編定,權利人持分分母,權利人持分分子,移轉情形,地號
The serial number, land position,land shifting area square meter,the use zoning or compiles and checks,,,,land parcel
RPPNMLTLPHGGFBM09CB,新富功段,47.75,都市：住,100000,566,持分移轉,00650000
RPPNMLTLPHGGFBM09CB,新富功段,1.04,都市：住,100000,566,持分移轉,01110000
RPQNMLTLPHGGFBM56CB,新富功段,47.75,都市：住,100000,566,持分移轉,00650000
RPQNMLTLPHGGFBM56CB,新富功段,1.04,都市：住,100000,566,持分移轉,01110000
RPRNMLTLPHGGFBM66CB,新富功段,28.68,都市：住,100000,340,持分移轉,00650000
RPRNMLTLPHGGFBM66CB,新富功段,.62,都市：住,100000,340,持分移轉,01110000
RPSNMLTLPHGGFBM76CB,新富功段,28.68,都市：住,100000,340,持分移轉,00650000
RPSNMLTLPHGGFBM76CB,新富功段,.62,都市：住,100000,340,持分移轉,01110000
RPVNMLTLPHGGFBM07CB,新富功段,28.68,都市：住,100000,340,持分移轉,00650000
RPVNMLTLPHGGFBM07CB,新富功段,.62,都市：住,100000,340,持分移轉,01110000
RPWNMLTLPHGGFBM17CB,新富功段,38.47,都市：住,100000,456,持分移轉,00650000
RPWNMLTLPHGGFBM17CB,新富功段,.83,都市：住,100000,456,持分移轉,01110000
RPTNMLTLPHGGFBM86CB,新富功段,28.68,都市：住,100000,340,持分移轉,00650000
RPTNMLTLPHGGFBM86CB,新富功段,.62,都市：住,100000,340,持分移轉,01110000
RPXNMLTLPHGGFBM27CB,新富功段,47.75,都市：住,100000,566,持分移轉,00650000
RPXNMLTLPHGGFBM27CB,新富功段,1.04,都市：住,100000,566,持分移轉,01110000
RPUNMLTLPHGGFBM96CB,新富功段,28.68,都市：住,100000,340,持分移轉,00650000
RPUNMLTLPHGGFBM96CB,新富功段,.62,都市：住,100000,340,持分移轉,01110000
RPOOMLTLPHGGFBM09CB,新富功段,28.77,都市：住,100000,341,持分移轉,00650000
RPOOMLTLPHGGFBM09CB,新富功段,.62,都市：住,100000,341,持分移轉,01110000
RPSNMLTLPHGGFCM86CB,忠孝段,20.60,都市：住,100000,1291,持分移轉,01950000
RPPNMLTLPHGGFAM09DB,福溪段,25.77,非都市：鄉村區 ; 非都市編定：乙種建築用地,100000,2087,持分移轉,05450000
RPPNMLTLPHGGFAM09DB,福溪段,22.13,非都市：一般農業區 ; 非都市編定：農牧用地,100000,2161,持分移轉,05470000
RPPNMLTLPHGGFAM09DB,福溪段,1.85,非都市：一般農業區 ; 非都市編定：農牧用地,100000,2161,持分移轉,05480000
RPWNMLKMPHGGFBM98CB,建興段,27.65,都市：住,100000,845,持分移轉,13030000
RPRNMLTLPHGGFCM76CB,忠孝段,20.62,都市：住,100000,1292,持分移轉,01950000
RPPOMLKMPHGGFBM38CB,建興段,27.65,都市：住,100000,845,持分移轉,13030000
RPQNMLTLPHGGFAM56DB,福溪段,25.77,非都市：鄉村區 ; 非都市編定：乙種建築用地,100000,2087,持分移轉,05450000
RPQNMLTLPHGGFAM56DB,福溪段,22.13,非都市：一般農業區 ; 非都市編定：農牧用地,100000,2161,持分移轉,05470000
RPQNMLTLPHGGFAM56DB,福溪段,1.85,非都市：一般農業區 ; 非都市編定：農牧用地,100000,2161,持分移轉,05480000
RPSNMLKMPHGGFBM58CB,建興段,27.85,都市：住,100000,851,持分移轉,13030000
RPSOMLKMPHGGFBM68CB,建興段,27.65,都市：住,100000,845,持分移轉,13030000
RPPNMLTLPHGGFCM56CB,忠孝段,20.36,都市：住,100000,1276,持分移轉,01950000
RPUOMLKMPHGGFBM88CB,建興段,27.65,都市：住,100000,845,持分移轉,13030000
RPUPMLKMPHGGFBM98CB,建興段,27.65,都市：住,100000,845,持分移轉,13030000
RPWOMLKMPHGGFBM09CB,建興段,27.65,都市：住,100000,845,持分移轉,13030000
RPPNMLLMPHGGFBM38CB,新御史段,75.38,都市：住,1,1,全筆移轉,00540013
RPPNMLLMPHGGFBM38CB,新御史段,1.67,都市：住,100000,1347,持分移轉,00540080
RPPNMLLMPHGGFBM38CB,新御史段,3.86,都市：住,100000,1149,持分移轉,00540076
RPPNMLLMPHGGFBM38CB,新御史段,3.81,都市：住,100000,1149,持分移轉,00540069
RPPNMLLMPHGGFBM38CB,新御史段,3.77,都市：住,100000,1149,持分移轉,00540062
RPPNMLLMPHGGFBM38CB,新御史段,1.27,都市：住,100000,1347,持分移轉,00540060
RPQNMLLMPHGGFBM48CB,新御史段,75.38,都市：住,1,1,全筆移轉,00540018
RPQNMLLMPHGGFBM48CB,新御史段,1.67,都市：住,100000,1347,持分移轉,00540080
RPQNMLLMPHGGFBM48CB,新御史段,3.86,都市：住,100000,1149,持分移轉,00540076
RPQNMLLMPHGGFBM48CB,新御史段,3.81,都市：住,100000,1149,持分移轉,00540069
RPQNMLLMPHGGFBM48CB,新御史段,3.77,都市：住,100000,1149,持分移轉,00540062
RPQNMLLMPHGGFBM48CB,新御史段,1.27,都市：住,100000,1347,持分移轉,00540060
RPRNMLLMPHGGFBM58CB,新御史段,63.31,都市：住,1,1,全筆移轉,00540032
RPRNMLLMPHGGFBM58CB,新御史段,1.40,都市：住,100000,1131,持分移轉,00540080
RPRNMLLMPHGGFBM58CB,新御史段,3.24,都市：住,100000,965,持分移轉,00540076
RPRNMLLMPHGGFBM58CB,新御史段,3.20,都市：住,100000,965,持分移轉,00540069
RPRNMLLMPHGGFBM58CB,新御史段,3.17,都市：住,100000,965,持分移轉,00540062
RPRNMLLMPHGGFBM58CB,新御史段,1.07,都市：住,100000,1131,持分移轉,00540060
RPSNMLLMPHGGFBM68CB,新御史段,82.91,都市：住,1,1,全筆移轉,00540039
RPSNMLLMPHGGFBM68CB,新御史段,1.83,都市：住,100000,1481,持分移轉,00540080
RPSNMLLMPHGGFBM68CB,新御史段,4.24,都市：住,100000,1264,持分移轉,00540076
RPSNMLLMPHGGFBM68CB,新御史段,4.19,都市：住,100000,1264,持分移轉,00540069
RPSNMLLMPHGGFBM68CB,新御史段,4.15,都市：住,100000,1264,持分移轉,00540062
RPSNMLLMPHGGFBM68CB,新御史段,1.39,都市：住,100000,1481,持分移轉,00540060
RPWNMLMJQHGGFBM98CB,新御史段,78.39,都市：住,1,1,全筆移轉,00540036
RPWNMLMJQHGGFBM98CB,新御史段,1.73,都市：住,100000,1401,持分移轉,00540080
RPWNMLMJQHGGFBM98CB,新御史段,4.01,都市：住,100000,1195,持分移轉,00540076
RPWNMLMJQHGGFBM98CB,新御史段,3.96,都市：住,100000,1195,持分移轉,00540069
RPWNMLMJQHGGFBM98CB,新御史段,3.93,都市：住,100000,1195,持分移轉,00540062
RPWNMLMJQHGGFBM98CB,新御史段,1.32,都市：住,100000,1401,持分移轉,00540060
RPQNMLMJQHGGFBM38CB,新御史段,78.39,都市：住,1,1,全筆移轉,00540033
RPQNMLMJQHGGFBM38CB,新御史段,1.73,都市：住,100000,1401,持分移轉,00540080
RPQNMLMJQHGGFBM38CB,新御史段,4.01,都市：住,100000,1195,持分移轉,00540076
RPQNMLMJQHGGFBM38CB,新御史段,3.96,都市：住,100000,1195,持分移轉,00540069
RPQNMLMJQHGGFBM38CB,新御史段,3.93,都市：住,100000,1195,持分移轉,00540062
RPQNMLMJQHGGFBM38CB,新御史段,1.32,都市：住,100000,1401,持分移轉,00540060
RPVNMLMJQHGGFBM88CB,新御史段,78.39,都市：住,1,1,全筆移轉,00540038
RPVNMLMJQHGGFBM88CB,新御史段,1.73,都市：住,100000,1401,持分移轉,00540080
RPVNMLMJQHGGFBM88CB,新御史段,4.01,都市：住,100000,1195,持分移轉,00540076
RPVNMLMJQHGGFBM88CB,新御史段,3.96,都市：住,100000,1195,持分移轉,00540069
RPVNMLMJQHGGFBM88CB,新御史段,3.93,都市：住,100000,1195,持分移轉,00540062
RPVNMLMJQHGGFBM88CB,新御史段,1.32,都市：住,100000,1401,持分移轉,00540060
RPPNMLMJQHGGFBM28CB,新御史段,82.91,都市：住,1,1,全筆移轉,00540029
RPPNMLMJQHGGFBM28CB,新御史段,1.83,都市：住,100000,1481,持分移轉,00540080
RPPNMLMJQHGGFBM28CB,新御史段,4.24,都市：住,100000,1264,持分移轉,00540076
RPPNMLMJQHGGFBM28CB,新御史段,4.19,都市：住,100000,1264,持分移轉,00540069
RPPNMLMJQHGGFBM28CB,新御史段,4.15,都市：住,100000,1264,持分移轉,00540062
RPPNMLMJQHGGFBM28CB,新御史段,1.39,都市：住,100000,1481,持分移轉,00540060
RPUNMLMJQHGGFBM78CB,新御史段,75.38,都市：住,1,1,全筆移轉,00540017
RPUNMLMJQHGGFBM78CB,新御史段,1.67,都市：住,100000,1347,持分移轉,00540080
RPUNMLMJQHGGFBM78CB,新御史段,3.86,都市：住,100000,1149,持分移轉,00540076
RPUNMLMJQHGGFBM78CB,新御史段,3.81,都市：住,100000,1149,持分移轉,00540069
RPUNMLMJQHGGFBM78CB,新御史段,3.77,都市：住,100000,1149,持分移轉,00540062
RPUNMLMJQHGGFBM78CB,新御史段,1.27,都市：住,100000,1347,持分移轉,00540060
RPTNMLMJQHGGFBM68CB,新御史段,78.39,都市：住,1,1,全筆移轉,00540037
RPTNMLMJQHGGFBM68CB,新御史段,1.73,都市：住,100000,1401,持分移轉,00540080
RPTNMLMJQHGGFBM68CB,新御史段,4.01,都市：住,100000,1195,持分移轉,00540076
RPTNMLMJQHGGFBM68CB,新御史段,3.96,都市：住,100000,1195,持分移轉,00540069
RPTNMLMJQHGGFBM68CB,新御史段,3.93,都市：住,100000,1195,持分移轉,00540062
RPTNMLMJQHGGFBM68CB,新御史段,1.32,都市：住,100000,1401,持分移轉,00540060
RPXNMLMJQHGGFBM09CB,新御史段,91.14,都市：住,1,1,全筆移轉,00540056
RPXNMLMJQHGGFBM09CB,新御史段,2.02,都市：住,100000,1629,持分移轉,00540080
RPXNMLMJQHGGFBM09CB,新御史段,4.66,都市：住,100000,1389,持分移轉,00540076
RPXNMLMJQHGGFBM09CB,新御史段,4.61,都市：住,100000,1389,持分移轉,00540069
RPXNMLMJQHGGFBM09CB,新御史段,4.56,都市：住,100000,1389,持分移轉,00540062
RPXNMLMJQHGGFBM09CB,新御史段,1.53,都市：住,100000,1629,持分移轉,00540060
RPOOMLMJQHGGFBM28CB,新御史段,54.56,都市：住,1,1,全筆移轉,00540002
RPOOMLMJQHGGFBM28CB,新御史段,1.21,都市：住,100000,975,持分移轉,00540080
RPOOMLMJQHGGFBM28CB,新御史段,2.79,都市：住,100000,832,持分移轉,00540076
RPOOMLMJQHGGFBM28CB,新御史段,2.76,都市：住,100000,832,持分移轉,00540069
RPOOMLMJQHGGFBM28CB,新御史段,2.73,都市：住,100000,832,持分移轉,00540062
RPOOMLMJQHGGFBM28CB,新御史段,.92,都市：住,100000,975,持分移轉,00540060
RPPOMLMJQHGGFBM38CB,新御史段,63.31,都市：住,1,1,全筆移轉,00540031
RPPOMLMJQHGGFBM38CB,新御史段,1.40,都市：住,100000,1131,持分移轉,00540080
RPPOMLMJQHGGFBM38CB,新御史段,3.24,都市：住,100000,965,持分移轉,00540076
RPPOMLMJQHGGFBM38CB,新御史段,3.20,都市：住,100000,965,持分移轉,00540069
RPPOMLMJQHGGFBM38CB,新御史段,3.17,都市：住,100000,965,持分移轉,00540062
RPPOMLMJQHGGFBM38CB,新御史段,1.07,都市：住,100000,1131,持分移轉,00540060
RPPNMLMJQHGGFAM28DB,福溪段,25.77,非都市：鄉村區 ; 非都市編定：乙種建築用地,100000,2087,持分移轉,05450000
RPPNMLMJQHGGFAM28DB,福溪段,22.13,非都市：一般農業區 ; 非都市編定：農牧用地,100000,2161,持分移轉,05470000
RPPNMLMJQHGGFAM28DB,福溪段,1.85,非都市：一般農業區 ; 非都市編定：農牧用地,100000,2161,持分移轉,05480000
RPSNMLNJQHGGFBM68CB,新御史段,94.77,都市：住,1,1,全筆移轉,00540053
RPSNMLNJQHGGFBM68CB,新御史段,2.10,都市：住,100000,1693,持分移轉,00540080
RPSNMLNJQHGGFBM68CB,新御史段,4.85,都市：住,100000,1445,持分移轉,00540076
RPSNMLNJQHGGFBM68CB,新御史段,4.79,都市：住,100000,1445,持分移轉,00540069
RPSNMLNJQHGGFBM68CB,新御史段,4.75,都市：住,100000,1445,持分移轉,00540062
RPSNMLNJQHGGFBM68CB,新御史段,1.59,都市：住,100000,1693,持分移轉,00540060
RPPNMLOJQHGGFAM38CB,茄苳腳段,24.63,非都市：鄉村區 ; 非都市編定：乙種建築用地,100000,1883,持分移轉,02990010
RPWNMLMJQHGGFAM88CB,茄苳腳段,50.00,都市：住,1,1,全筆移轉,04400046
RPWNMLMJQHGGFAM88CB,茄苳腳段,24.76,都市：住,29,1,持分移轉,04400000
RPWNMLMJQHGGFAM88CB,茄苳腳段,6.17,都市：住,6,1,持分移轉,04400051
RPRNMLNJQHGGFAM48CB,茄苳腳段,50.00,都市：住,1,1,全筆移轉,04400048
RPRNMLNJQHGGFAM48CB,茄苳腳段,24.76,都市：住,29,1,持分移轉,04400000
RPRNMLNJQHGGFAM48CB,茄苳腳段,6.17,都市：住,6,1,持分移轉,04400051
RPPNMLKKQHGGFBM18CB,建興段,27.85,都市：住,100000,851,持分移轉,13030000
RPRNMLNJQHGGFBM58CB,新御史段,96.89,都市：住,1,1,全筆移轉,00540051
RPRNMLNJQHGGFBM58CB,新御史段,2.14,都市：住,100000,1731,持分移轉,00540080
RPRNMLNJQHGGFBM58CB,新御史段,4.96,都市：住,100000,1477,持分移轉,00540076
RPRNMLNJQHGGFBM58CB,新御史段,4.90,都市：住,100000,1477,持分移轉,00540069
RPRNMLNJQHGGFBM58CB,新御史段,4.85,都市：住,100000,1477,持分移轉,00540062
RPRNMLNJQHGGFBM58CB,新御史段,1.63,都市：住,100000,1731,持分移轉,00540060
RPQNMLOJQHGGFCM68CB,忠孝段,20.62,都市：住,100000,1292,持分移轉,01950000
RPQNMLKKQHGGFBM28CB,建興段,27.65,都市：住,100000,845,持分移轉,13030000
RPRNMLKKQHGGFBM38CB,建興段,27.65,都市：住,100000,845,持分移轉,13030000
RPSNMLKKQHGGFBM48CB,建興段,27.65,都市：住,100000,845,持分移轉,13030000
RPUNMLKKQHGGFBM68CB,建興段,27.65,都市：住,100000,845,持分移轉,13030000
RPOOMLKKQHGGFBM18CB,建興段,33.21,都市：住,100000,1015,持分移轉,13030000
RPVNMLKKQHGGFBM78CB,建興段,27.65,都市：住,100000,845,持分移轉,13030000
RPXNMLKKQHGGFBM98CB,建興段,33.21,都市：住,100000,1015,持分移轉,13030000
RPTNMLKKQHGGFBM58CB,建興段,27.65,都市：住,100000,845,持分移轉,13030000
RPWNMLKKQHGGFBM88CB,建興段,33.21,都市：住,100000,1015,持分移轉,13030000
RPPOMLKKQHGGFBM28CB,建興段,33.21,都市：住,100000,1015,持分移轉,13030000
RPROMLKKQHGGFBM48CB,建興段,17.93,都市：住,100000,548,持分移轉,13030000
RPQOMLKKQHGGFBM38CB,建興段,19.86,都市：住,100000,607,持分移轉,13030000
RPTOMLKKQHGGFBM68CB,建興段,17.93,都市：住,100000,548,持分移轉,13030000
RPSOMLKKQHGGFBM58CB,建興段,17.93,都市：住,100000,548,持分移轉,13030000
RPVOMLKKQHGGFBM88CB,建興段,17.93,都市：住,100000,548,持分移轉,13030000
RPUOMLKKQHGGFBM78CB,建興段,27.65,都市：住,100000,845,持分移轉,13030000
RPXOMLKKQHGGFBM09CB,建興段,17.93,都市：住,100000,548,持分移轉,13030000
RPWOMLKKQHGGFBM98CB,建興段,27.65,都市：住,100000,845,持分移轉,13030000
RPOPMLKKQHGGFBM28CB,建興段,17.93,都市：住,100000,548,持分移轉,13030000
RPPPMLKKQHGGFBM38CB,建興段,33.21,都市：住,100000,1015,持分移轉,13030000
RPQPMLKKQHGGFBM48CB,建興段,33.21,都市：住,100000,1015,持分移轉,13030000
RPRPMLKKQHGGFBM58CB,建興段,33.21,都市：住,100000,1015,持分移轉,13030000
RPUPMLKKQHGGFBM88CB,建興段,33.21,都市：住,100000,1015,持分移轉,13030000
RPWPMLKKQHGGFBM09CB,建興段,33.21,都市：住,100000,1015,持分移轉,13030000
RPVPMLKKQHGGFBM98CB,建興段,33.21,都市：住,100000,1015,持分移轉,13030000
RPTPMLKKQHGGFBM78CB,建興段,33.21,都市：住,100000,1015,持分移轉,13030000
RPSPMLKKQHGGFBM68CB,建興段,33.21,都市：住,100000,1015,持分移轉,13030000
RPQQMLKKQHGGFBM58CB,建興段,27.65,都市：住,100000,845,持分移轉,13030000
RPOQMLKKQHGGFBM38CB,建興段,27.65,都市：住,100000,845,持分移轉,13030000
RPXPMLKKQHGGFBM56CB,建興段,27.85,都市：住,100000,851,持分移轉,13030000
RPPQMLKKQHGGFBM48CB,建興段,19.86,都市：住,100000,607,持分移轉,13030000
RPRQMLKKQHGGFBM68CB,建興段,17.93,都市：住,100000,548,持分移轉,13030000
RPUQMLKKQHGGFBM98CB,建興段,27.65,都市：住,100000,845,持分移轉,13030000
RPSQMLKKQHGGFBM78CB,建興段,27.65,都市：住,100000,845,持分移轉,13030000
RPTQMLKKQHGGFBM88CB,建興段,17.93,都市：住,100000,548,持分移轉,13030000
RPORMLKKQHGGFBM48CB,建興段,27.65,都市：住,100000,845,持分移轉,13030000
RPXQMLKKQHGGFBM66CB,建興段,17.93,都市：住,100000,548,持分移轉,13030000
RPVQMLKKQHGGFBM09CB,建興段,17.93,都市：住,100000,548,持分移轉,13030000
RPPRMLKKQHGGFBM58CB,建興段,27.65,都市：住,100000,845,持分移轉,13030000
RPQRMLKKQHGGFBM68CB,建興段,17.93,都市：住,100000,548,持分移轉,13030000
RPWQMLKKQHGGFBM56CB,建興段,27.65,都市：住,100000,845,持分移轉,13030000
RPRRMLKKQHGGFBM78CB,建興段,27.65,都市：住,100000,845,持分移轉,13030000
RPSRMLKKQHGGFBM88CB,建興段,17.93,都市：住,100000,548,持分移轉,13030000
RPWRMLKKQHGGFBM66CB,建興段,17.93,都市：住,100000,548,持分移轉,13030000
RPTRMLKKQHGGFBM98CB,建興段,22.84,都市：住,100000,698,持分移轉,13030000
RPXRMLKKQHGGFBM76CB,建興段,21.50,都市：住,100000,657,持分移轉,13030000
RPOSMLKKQHGGFBM58CB,建興段,33.21,都市：住,100000,1015,持分移轉,13030000
RPVRMLKKQHGGFBM56CB,建興段,22.51,都市：住,100000,688,持分移轉,13030000
RPURMLKKQHGGFBM09CB,建興段,17.93,都市：住,100000,548,持分移轉,13030000
RPPSMLKKQHGGFBM68CB,建興段,21.50,都市：住,100000,657,持分移轉,13030000
RPQSMLKKQHGGFBM78CB,建興段,33.21,都市：住,100000,1015,持分移轉,13030000
RPRSMLKKQHGGFBM88CB,建興段,21.50,都市：住,100000,657,持分移轉,13030000
RPUSMLKKQHGGFBM56CB,建興段,33.21,都市：住,100000,1015,持分移轉,13030000
RPTSMLKKQHGGFBM09CB,建興段,21.50,都市：住,100000,657,持分移轉,13030000
RPWSMLKKQHGGFBM76CB,建興段,21.50,都市：住,100000,657,持分移轉,13030000
RPVSMLKKQHGGFBM66CB,建興段,21.50,都市：住,100000,657,持分移轉,13030000
RPSSMLKKQHGGFBM98CB,建興段,33.21,都市：住,100000,1015,持分移轉,13030000
RPOTMLKKQHGGFBM68CB,建興段,21.50,都市：住,100000,657,持分移轉,13030000
RPPTMLKKQHGGFBM78CB,建興段,21.50,都市：住,100000,657,持分移轉,13030000
RPXSMLKKQHGGFBM86CB,建興段,27.85,都市：住,100000,851,持分移轉,13030000
RPQTMLKKQHGGFBM88CB,建興段,21.50,都市：住,100000,657,持分移轉,13030000
RPRTMLKKQHGGFBM98CB,建興段,21.50,都市：住,100000,657,持分移轉,13030000
RPSTMLKKQHGGFBM09CB,建興段,27.65,都市：住,100000,845,持分移轉,13030000
RPUTMLKKQHGGFBM66CB,建興段,21.50,都市：住,100000,657,持分移轉,13030000
RPTTMLKKQHGGFBM56CB,建興段,21.50,都市：住,100000,657,持分移轉,13030000
RPOUMLKKQHGGFBM78CB,建興段,27.65,都市：住,100000,845,持分移轉,13030000
RPPUMLKKQHGGFBM88CB,建興段,20.78,都市：住,100000,635,持分移轉,13030000
RPWTMLKKQHGGFBM86CB,建興段,27.65,都市：住,100000,845,持分移轉,13030000
RPVTMLKKQHGGFBM76CB,建興段,21.50,都市：住,100000,657,持分移轉,13030000
RPXTMLKKQHGGFBM96CB,建興段,21.14,都市：住,100000,646,持分移轉,13030000
RPSUMLKKQHGGFBM56CB,建興段,20.68,都市：住,100000,632,持分移轉,13030000
RPRUMLKKQHGGFBM09CB,建興段,20.68,都市：住,100000,632,持分移轉,13030000
RPUUMLKKQHGGFBM76CB,建興段,20.68,都市：住,100000,632,持分移轉,13030000
RPQUMLKKQHGGFBM98CB,建興段,27.65,都市：住,100000,845,持分移轉,13030000
RPWUMLKKQHGGFBM96CB,建興段,20.68,都市：住,100000,632,持分移轉,13030000
RPVUMLKKQHGGFBM86CB,建興段,27.65,都市：住,100000,845,持分移轉,13030000
RPTUMLKKQHGGFBM66CB,建興段,20.68,都市：住,100000,632,持分移轉,13030000
RPXUMLKKQHGGFBM07CB,建興段,20.68,都市：住,100000,632,持分移轉,13030000
RPOVMLKKQHGGFBM88CB,建興段,20.68,都市：住,100000,632,持分移轉,13030000
RPPVMLKKQHGGFBM98CB,建興段,27.65,都市：住,100000,845,持分移轉,13030000
RPRVMLKKQHGGFBM56CB,建興段,20.68,都市：住,100000,632,持分移轉,13030000
RPQVMLKKQHGGFBM09CB,建興段,20.68,都市：住,100000,632,持分移轉,13030000
RPVVMLKKQHGGFBM96CB,建興段,20.68,都市：住,100000,632,持分移轉,13030000
RPSVMLKKQHGGFBM66CB,建興段,20.68,都市：住,100000,632,持分移轉,13030000
RPUVMLKKQHGGFBM86CB,建興段,20.68,都市：住,100000,632,持分移轉,13030000
RPXVMLKKQHGGFBM17CB,建興段,20.68,都市：住,100000,632,持分移轉,13030000
RPOWMLKKQHGGFBM98CB,建興段,20.68,都市：住,100000,632,持分移轉,13030000
RPPWMLKKQHGGFBM09CB,建興段,22.84,都市：住,100000,698,持分移轉,13030000
RPTVMLKKQHGGFBM76CB,建興段,21.14,都市：住,100000,646,持分移轉,13030000
RPQWMLKKQHGGFBM56CB,建興段,22.51,都市：住,100000,688,持分移轉,13030000
RPWVMLKKQHGGFBM07CB,建興段,20.78,都市：住,100000,635,持分移轉,13030000
RPTWMLKKQHGGFBM86CB,建興段,20.68,都市：住,100000,632,持分移轉,13030000
RPSWMLKKQHGGFBM76CB,建興段,21.50,都市：住,100000,657,持分移轉,13030000
RPRWMLKKQHGGFBM66CB,建興段,21.50,都市：住,100000,657,持分移轉,13030000
RPUWMLKKQHGGFBM96CB,建興段,21.50,都市：住,100000,657,持分移轉,13030000
RPVWMLKKQHGGFBM07CB,建興段,21.50,都市：住,100000,657,持分移轉,13030000
RPWWMLKKQHGGFBM17CB,建興段,20.68,都市：住,100000,632,持分移轉,13030000
RPPNNLKKQHGGFBM28CB,建興段,21.50,都市：住,100000,657,持分移轉,13030000
RPXWMLKKQHGGFBM27CB,建興段,21.50,都市：住,100000,657,持分移轉,13030000
RPONNLKKQHGGFBM18CB,建興段,20.68,都市：住,100000,632,持分移轉,13030000
RPQNNLKKQHGGFBM38CB,建興段,21.50,都市：住,100000,657,持分移轉,13030000
RPSNNLKKQHGGFBM58CB,建興段,21.50,都市：住,100000,657,持分移轉,13030000
RPRNNLKKQHGGFBM48CB,建興段,20.68,都市：住,100000,632,持分移轉,13030000
RPTNNLKKQHGGFBM68CB,建興段,21.50,都市：住,100000,657,持分移轉,13030000
RPUNNLKKQHGGFBM78CB,建興段,20.68,都市：住,100000,632,持分移轉,13030000
RPVNNLKKQHGGFBM88CB,建興段,21.50,都市：住,100000,657,持分移轉,13030000
RPXNNLKKQHGGFBM09CB,建興段,20.68,都市：住,100000,632,持分移轉,13030000
RPPONLKKQHGGFBM38CB,建興段,21.50,都市：住,100000,657,持分移轉,13030000
RPOONLKKQHGGFBM28CB,建興段,21.50,都市：住,100000,657,持分移轉,13030000
RPWNNLKKQHGGFBM98CB,建興段,20.68,都市：住,100000,632,持分移轉,13030000
RPTONLKKQHGGFBM78CB,建興段,20.68,都市：住,100000,632,持分移轉,13030000
RPQONLKKQHGGFBM48CB,建興段,20.68,都市：住,100000,632,持分移轉,13030000
RPVONLKKQHGGFBM98CB,建興段,17.93,都市：住,100000,548,持分移轉,13030000
RPRONLKKQHGGFBM58CB,建興段,21.50,都市：住,100000,657,持分移轉,13030000
RPUONLKKQHGGFBM88CB,建興段,20.68,都市：住,100000,632,持分移轉,13030000
RPSONLKKQHGGFBM68CB,建興段,20.68,都市：住,100000,632,持分移轉,13030000
RPOPNLKKQHGGFBM38CB,建興段,27.65,都市：住,100000,845,持分移轉,13030000
RPXONLKKQHGGFBM56CB,建興段,27.65,都市：住,100000,845,持分移轉,13030000
RPPPNLKKQHGGFBM48CB,建興段,17.93,都市：住,100000,548,持分移轉,13030000
RPQPNLKKQHGGFBM58CB,建興段,17.93,都市：住,100000,548,持分移轉,13030000
RPWONLKKQHGGFBM09CB,建興段,27.65,都市：住,100000,845,持分移轉,13030000
RPRPNLKKQHGGFBM68CB,建興段,27.65,都市：住,100000,845,持分移轉,13030000
RPTPNLKKQHGGFBM88CB,建興段,27.65,都市：住,100000,845,持分移轉,13030000
RPSPNLKKQHGGFBM78CB,建興段,17.93,都市：住,100000,548,持分移轉,13030000
RPUPNLKKQHGGFBM98CB,建興段,27.65,都市：住,100000,845,持分移轉,13030000
RPPNMLPKQHGGFBM68CB,新富功段,47.75,都市：住,100000,566,持分移轉,00650000
RPPNMLPKQHGGFBM68CB,新富功段,1.04,都市：住,100000,566,持分移轉,01110000
RPQNMLPKQHGGFBM78CB,新富功段,40.50,都市：住,100000,480,持分移轉,00650000
RPQNMLPKQHGGFBM78CB,新富功段,.88,都市：住,100000,480,持分移轉,01110000
RPWPNLKKQHGGFBM56CB,建興段,20.68,都市：住,100000,632,持分移轉,13030000
RPVPNLKKQHGGFBM09CB,建興段,27.65,都市：住,100000,845,持分移轉,13030000
RPTNMLPKQHGGFBM09CB,新富功段,40.50,都市：住,100000,480,持分移轉,00650000
RPTNMLPKQHGGFBM09CB,新富功段,.88,都市：住,100000,480,持分移轉,01110000
RPSNMLPKQHGGFBM98CB,新富功段,40.50,都市：住,100000,480,持分移轉,00650000
RPSNMLPKQHGGFBM98CB,新富功段,.88,都市：住,100000,480,持分移轉,01110000
RPRNMLPKQHGGFBM88CB,新富功段,40.50,都市：住,100000,480,持分移轉,00650000
RPRNMLPKQHGGFBM88CB,新富功段,.88,都市：住,100000,480,持分移轉,01110000
RPUNMLPKQHGGFBM56CB,新富功段,28.77,都市：住,100000,341,持分移轉,00650000
RPUNMLPKQHGGFBM56CB,新富功段,.62,都市：住,100000,341,持分移轉,01110000
RPWNMLPKQHGGFBM76CB,新富功段,28.77,都市：住,100000,341,持分移轉,00650000
RPWNMLPKQHGGFBM76CB,新富功段,.62,都市：住,100000,341,持分移轉,01110000
RPXNMLPKQHGGFBM86CB,新富功段,28.77,都市：住,100000,341,持分移轉,00650000
RPXNMLPKQHGGFBM86CB,新富功段,.62,都市：住,100000,341,持分移轉,01110000
RPVNMLPKQHGGFBM66CB,新富功段,28.77,都市：住,100000,341,持分移轉,00650000
RPVNMLPKQHGGFBM66CB,新富功段,.62,都市：住,100000,341,持分移轉,01110000
RPOOMLPKQHGGFBM68CB,新富功段,28.77,都市：住,100000,341,持分移轉,00650000
RPOOMLPKQHGGFBM68CB,新富功段,.62,都市：住,100000,341,持分移轉,01110000
RPPNMLQKQHGGFCM88CB,忠孝段,20.60,都市：住,100000,1291,持分移轉,01950000
RPPNMLSKQHGGFAM09EB,牛運堀段,22.28,都市：住,1000000,7717,持分移轉,01180000
RPPNMLSKQHGGFAM09EB,牛運堀段,.57,都市：住,1000000,7717,持分移轉,01180003
RPPNMLSKQHGGFAM09EB,牛運堀段,.54,都市：住,1000000,7717,持分移轉,01180004
RPPNMLQKQHGGFAM68CB,三塊厝段,132.00,都市：住,1,1,全筆移轉,01450021
RPPNMLQKQHGGFAM68CB,三塊厝段,25.00,都市：住,26,1,持分移轉,01450004
RPQNMLSKQHGGFAM56EB,牛運堀段,22.28,都市：住,1000000,7718,持分移轉,01180000
RPQNMLSKQHGGFAM56EB,牛運堀段,.57,都市：住,1000000,7718,持分移轉,01180003
RPQNMLSKQHGGFAM56EB,牛運堀段,.54,都市：住,1000000,7718,持分移轉,01180004
RPRNMLSKQHGGFAM66EB,牛運堀段,22.28,都市：住,1000000,7717,持分移轉,01180000
RPRNMLSKQHGGFAM66EB,牛運堀段,.57,都市：住,1000000,7717,持分移轉,01180003
RPRNMLSKQHGGFAM66EB,牛運堀段,.54,都市：住,1000000,7717,持分移轉,01180004
RPPNMLTKQHGGFDM66CB,興產段,28.30,都市：住,100000,1944,持分移轉,01100000
RPQNMLKLQHGGFCM48CB,吉段,100.80,非都市：特定農業區 ; 非都市編定：甲種建築用地,1,1,全筆移轉,09430002
RPQNMLKLQHGGFCM48CB,吉段,43.00,非都市：特定農業區 ; 非都市編定：甲種建築用地,17,1,持分移轉,09430018
RPQNMLKLQHGGFCM48CB,吉段,61.22,非都市：特定農業區 ; 非都市編定：農牧用地,17,1,持分移轉,09440000
RPQNMLTKQHGGFDM76CB,興產段,28.30,都市：住,100000,1944,持分移轉,01100000
RPSNMLSKQHGGFAM76EB,牛運堀段,22.26,都市：住,1000000,7712,持分移轉,01180000
RPSNMLSKQHGGFAM76EB,牛運堀段,.57,都市：住,1000000,7712,持分移轉,01180003
RPSNMLSKQHGGFAM76EB,牛運堀段,.54,都市：住,1000000,7712,持分移轉,01180004
RPSNMLKLQHGGFBM58CB,新富功段,39.90,都市：住,100000,473,持分移轉,00650000
RPSNMLKLQHGGFBM58CB,新富功段,.87,都市：住,100000,473,持分移轉,01110000
RPPNMLKLQHGGFBM28CB,新富功段,28.68,都市：住,100000,340,持分移轉,00650000
RPPNMLKLQHGGFBM28CB,新富功段,.62,都市：住,100000,340,持分移轉,01110000
RPRNMLKLQHGGFBM48CB,新富功段,39.90,都市：住,100000,473,持分移轉,00650000
RPRNMLKLQHGGFBM48CB,新富功段,.87,都市：住,100000,473,持分移轉,01110000
RPTNMLKLQHGGFBM68CB,新富功段,28.68,都市：住,100000,340,持分移轉,00650000
RPTNMLKLQHGGFBM68CB,新富功段,.62,都市：住,100000,340,持分移轉,01110000
RPVNMLKLQHGGFBM88CB,新富功段,38.47,都市：住,100000,456,持分移轉,00650000
RPVNMLKLQHGGFBM88CB,新富功段,.83,都市：住,100000,456,持分移轉,01110000
RPUNMLKLQHGGFBM78CB,新富功段,28.68,都市：住,100000,340,持分移轉,00650000
RPUNMLKLQHGGFBM78CB,新富功段,.62,都市：住,100000,340,持分移轉,01110000
RPXNMLKLQHGGFBM09CB,新富功段,38.47,都市：住,100000,456,持分移轉,00650000
RPXNMLKLQHGGFBM09CB,新富功段,.83,都市：住,100000,456,持分移轉,01110000
RPWNMLKLQHGGFBM98CB,新富功段,38.47,都市：住,100000,456,持分移轉,00650000
RPWNMLKLQHGGFBM98CB,新富功段,.83,都市：住,100000,456,持分移轉,01110000
RPOOMLKLQHGGFBM28CB,新富功段,40.50,都市：住,100000,480,持分移轉,00650000
RPOOMLKLQHGGFBM28CB,新富功段,.88,都市：住,100000,480,持分移轉,01110000
RPSOMLKLQHGGFBM68CB,新富功段,24.55,都市：住,100000,291,持分移轉,00650000
RPSOMLKLQHGGFBM68CB,新富功段,.53,都市：住,100000,291,持分移轉,01110000
RPTOMLKLQHGGFBM78CB,新富功段,24.55,都市：住,100000,291,持分移轉,00650000
RPTOMLKLQHGGFBM78CB,新富功段,.53,都市：住,100000,291,持分移轉,01110000
RPROMLKLQHGGFBM58CB,新富功段,24.55,都市：住,100000,291,持分移轉,00650000
RPROMLKLQHGGFBM58CB,新富功段,.53,都市：住,100000,291,持分移轉,01110000
RPVOMLKLQHGGFBM98CB,新富功段,35.77,都市：住,100000,424,持分移轉,00650000
RPVOMLKLQHGGFBM98CB,新富功段,.78,都市：住,100000,424,持分移轉,01110000
RPPOMLKLQHGGFBM38CB,新富功段,24.55,都市：住,100000,291,持分移轉,00650000
RPPOMLKLQHGGFBM38CB,新富功段,.53,都市：住,100000,291,持分移轉,01110000
RPWOMLKLQHGGFBM09CB,新富功段,35.77,都市：住,100000,424,持分移轉,00650000
RPWOMLKLQHGGFBM09CB,新富功段,.78,都市：住,100000,424,持分移轉,01110000
RPPPMLKLQHGGFBM48CB,新富功段,35.77,都市：住,100000,424,持分移轉,00650000
RPPPMLKLQHGGFBM48CB,新富功段,.78,都市：住,100000,424,持分移轉,01110000
RPQPMLKLQHGGFBM58CB,新富功段,35.77,都市：住,100000,424,持分移轉,00650000
RPQPMLKLQHGGFBM58CB,新富功段,.78,都市：住,100000,424,持分移轉,01110000
RPXOMLKLQHGGFBM56CB,新富功段,35.77,都市：住,100000,424,持分移轉,00650000
RPXOMLKLQHGGFBM56CB,新富功段,.78,都市：住,100000,424,持分移轉,01110000
RPRPMLKLQHGGFBM68CB,新富功段,35.77,都市：住,100000,424,持分移轉,00650000
RPRPMLKLQHGGFBM68CB,新富功段,.78,都市：住,100000,424,持分移轉,01110000
RPOPMLKLQHGGFBM38CB,新富功段,35.77,都市：住,100000,424,持分移轉,00650000
RPOPMLKLQHGGFBM38CB,新富功段,.78,都市：住,100000,424,持分移轉,01110000
RPSPMLKLQHGGFBM78CB,新富功段,35.77,都市：住,100000,424,持分移轉,00650000
RPSPMLKLQHGGFBM78CB,新富功段,.78,都市：住,100000,424,持分移轉,01110000
RPTPMLKLQHGGFBM88CB,新富功段,35.77,都市：住,100000,424,持分移轉,00650000
RPTPMLKLQHGGFBM88CB,新富功段,.78,都市：住,100000,424,持分移轉,01110000
RPVPMLKLQHGGFBM09CB,新富功段,26.24,都市：住,100000,311,持分移轉,00650000
RPVPMLKLQHGGFBM09CB,新富功段,.57,都市：住,100000,311,持分移轉,01110000
RPWPMLKLQHGGFBM56CB,新富功段,26.24,都市：住,100000,311,持分移轉,00650000
RPWPMLKLQHGGFBM56CB,新富功段,.57,都市：住,100000,311,持分移轉,01110000
RPOQMLKLQHGGFBM48CB,新富功段,26.24,都市：住,100000,311,持分移轉,00650000
RPOQMLKLQHGGFBM48CB,新富功段,.57,都市：住,100000,311,持分移轉,01110000
RPRQMLKLQHGGFBM78CB,新富功段,26.15,都市：住,100000,310,持分移轉,00650000
RPRQMLKLQHGGFBM78CB,新富功段,.57,都市：住,100000,310,持分移轉,01110000
RPQQMLKLQHGGFBM68CB,新富功段,26.15,都市：住,100000,310,持分移轉,00650000
RPQQMLKLQHGGFBM68CB,新富功段,.57,都市：住,100000,310,持分移轉,01110000
RPPQMLKLQHGGFBM58CB,新富功段,26.15,都市：住,100000,310,持分移轉,00650000
RPPQMLKLQHGGFBM58CB,新富功段,.57,都市：住,100000,310,持分移轉,01110000
RPSQMLKLQHGGFBM88CB,新富功段,26.15,都市：住,100000,310,持分移轉,00650000
RPSQMLKLQHGGFBM88CB,新富功段,.57,都市：住,100000,310,持分移轉,01110000
RPTQMLKLQHGGFBM98CB,新富功段,26.15,都市：住,100000,310,持分移轉,00650000
RPTQMLKLQHGGFBM98CB,新富功段,.57,都市：住,100000,310,持分移轉,01110000
RPUQMLKLQHGGFBM09CB,新富功段,26.15,都市：住,100000,310,持分移轉,00650000
RPUQMLKLQHGGFBM09CB,新富功段,.57,都市：住,100000,310,持分移轉,01110000
RPWQMLKLQHGGFBM66CB,新富功段,36.53,都市：住,100000,433,持分移轉,00650000
RPWQMLKLQHGGFBM66CB,新富功段,.79,都市：住,100000,433,持分移轉,01110000
RPVQMLKLQHGGFBM56CB,新富功段,26.15,都市：住,100000,310,持分移轉,00650000
RPVQMLKLQHGGFBM56CB,新富功段,.57,都市：住,100000,310,持分移轉,01110000
RPXQMLKLQHGGFBM76CB,新富功段,36.53,都市：住,100000,433,持分移轉,00650000
RPXQMLKLQHGGFBM76CB,新富功段,.79,都市：住,100000,433,持分移轉,01110000
RPORMLKLQHGGFBM58CB,新富功段,36.53,都市：住,100000,433,持分移轉,00650000
RPORMLKLQHGGFBM58CB,新富功段,.79,都市：住,100000,433,持分移轉,01110000
RPRRMLKLQHGGFBM88CB,新富功段,24.55,都市：住,100000,291,持分移轉,00650000
RPTRMLKLQHGGFBM09CB,新富功段,24.55,都市：住,100000,291,持分移轉,00650000
RPRRMLKLQHGGFBM88CB,新富功段,.53,都市：住,100000,291,持分移轉,01110000
RPTRMLKLQHGGFBM09CB,新富功段,.53,都市：住,100000,291,持分移轉,01110000
RPURMLKLQHGGFBM56CB,新富功段,24.55,都市：住,100000,291,持分移轉,00650000
RPURMLKLQHGGFBM56CB,新富功段,.53,都市：住,100000,291,持分移轉,01110000
RPPRMLKLQHGGFBM68CB,新富功段,36.53,都市：住,100000,433,持分移轉,00650000
RPPRMLKLQHGGFBM68CB,新富功段,.79,都市：住,100000,433,持分移轉,01110000
RPSRMLKLQHGGFBM98CB,新富功段,24.55,都市：住,100000,291,持分移轉,00650000
RPSRMLKLQHGGFBM98CB,新富功段,.53,都市：住,100000,291,持分移轉,01110000
RPVRMLKLQHGGFBM66CB,新富功段,24.55,都市：住,100000,291,持分移轉,00650000
RPVRMLKLQHGGFBM66CB,新富功段,.53,都市：住,100000,291,持分移轉,01110000
RPQRMLKLQHGGFBM78CB,新富功段,36.53,都市：住,100000,433,持分移轉,00650000
RPQRMLKLQHGGFBM78CB,新富功段,.79,都市：住,100000,433,持分移轉,01110000
RPWRMLKLQHGGFBM76CB,新富功段,35.77,都市：住,100000,424,持分移轉,00650000
RPWRMLKLQHGGFBM76CB,新富功段,.78,都市：住,100000,424,持分移轉,01110000
RPXRMLKLQHGGFBM86CB,新富功段,35.77,都市：住,100000,424,持分移轉,00650000
RPXRMLKLQHGGFBM86CB,新富功段,.78,都市：住,100000,424,持分移轉,01110000
RPTSMLKLQHGGFBM56CB,新富功段,26.15,都市：住,100000,310,持分移轉,00650000
RPTSMLKLQHGGFBM56CB,新富功段,.57,都市：住,100000,310,持分移轉,01110000
RPOSMLKLQHGGFBM68CB,新富功段,26.24,都市：住,100000,311,持分移轉,00650000
RPOSMLKLQHGGFBM68CB,新富功段,.57,都市：住,100000,311,持分移轉,01110000
RPPSMLKLQHGGFBM78CB,新富功段,26.24,都市：住,100000,311,持分移轉,00650000
RPPSMLKLQHGGFBM78CB,新富功段,.57,都市：住,100000,311,持分移轉,01110000
RPVSMLKLQHGGFBM76CB,新富功段,36.53,都市：住,100000,433,持分移轉,00650000
RPVSMLKLQHGGFBM76CB,新富功段,.79,都市：住,100000,433,持分移轉,01110000
RPPNMLOLQHGGFAM58CB,三塊厝段,131.00,都市：住,1,1,全筆移轉,01450012
RPPNMLOLQHGGFAM58CB,三塊厝段,25.00,都市：住,26,1,持分移轉,01450004
RPQSMLKLQHGGFBM88CB,新富功段,26.24,都市：住,100000,311,持分移轉,00650000
RPQSMLKLQHGGFBM88CB,新富功段,.57,都市：住,100000,311,持分移轉,01110000
RPPNMLQLQHGGFDM09CB,興產段,22.99,都市：住,100000,1579,持分移轉,01100000
RPUSMLKLQHGGFBM66CB,新富功段,26.15,都市：住,100000,310,持分移轉,00650000
RPUSMLKLQHGGFBM66CB,新富功段,.57,都市：住,100000,310,持分移轉,01110000
RPQNMLQLQHGGFDM56CB,興產段,28.16,都市：住,100000,1934,持分移轉,01100000
RPQNMLQLQHGGFBM98CB,玉峰段,29.52,都市：住,100000,880,持分移轉,01960000
RPPNMLLMQHGGFBM48CB,青宅段,88.36,非都市：特定農業區 ; 非都市編定：甲種建築用地,1,1,全筆移轉,09020010
RPPNMLLMQHGGFBM48CB,青宅段,.13,非都市：特定農業區 ; 非都市編定：甲種建築用地,25,1,持分移轉,09020027
RPPNMLTLQHGGFBM56CB,玉峰段,22.27,都市：住,100000,664,持分移轉,01960000
RPRNMLLJRHGGFBM48CB,草屯段,26.06,都市：商,100000,593,持分移轉,07370001
RPQNMLLJRHGGFBM38CB,草屯段,23.34,都市：商,100000,531,持分移轉,07370001
RPPNMLMJRHGGFBM38CB,碧峰段,101.11,非都市：鄉村區 ; 非都市編定：乙種建築用地,1,1,全筆移轉,15370013
RPPNMLMJRHGGFCM58DB,南光段,28.87,都市：住,100000,4787,持分移轉,05740000
RPPNMLNJRHGGFDM68CB,菩提段,75.00,都市：商,1,1,全筆移轉,01100022
RPPNMLNJRHGGFDM68CB,菩提段,25.88,都市：商,8,1,持分移轉,01100026
RPSNMLLJRHGGFBM58CB,玉峰段,29.52,都市：住,100000,880,持分移轉,01960000
RPPNMLNJRHGGFAM38CB,茄苳腳段,55.00,都市：住,1,1,全筆移轉,04400014
RPPNMLNJRHGGFAM38CB,茄苳腳段,24.76,都市：住,29,1,持分移轉,04400000
RPQNMLMJRHGGFCM68DB,南光段,29.85,都市：住,100000,4951,持分移轉,05740000
RPRNMLQJRHGGFCM56DB,福興段,104.00,非都市：一般農業區 ; 非都市編定：甲種建築用地,1,1,全筆移轉,16090002
RPRNMLQJRHGGFCM56DB,福興段,17.46,非都市：一般農業區 ; 非都市編定：甲種建築用地,13,1,持分移轉,16090000
RPPNMLPJRHGGFBM68CB,玉峰段,22.27,都市：住,100000,664,持分移轉,01960000
RPQNMLQJRHGGFCM09DB,福興段,91.00,非都市：一般農業區 ; 非都市編定：甲種建築用地,1,1,全筆移轉,16090003
RPQNMLQJRHGGFCM09DB,福興段,17.46,非都市：一般農業區 ; 非都市編定：甲種建築用地,13,1,持分移轉,16090000
RPPNMLRJRHGGFBM88CB,新光段,8.57,非都市：鄉村區 ; 非都市編定：乙種建築用地,100000,2090,持分移轉,00210000
RPPNMLRJRHGGFBM88CB,新光段,3.01,非都市：鄉村區 ; 非都市編定：乙種建築用地,100000,2090,持分移轉,00210001
RPPNMLRJRHGGFBM88CB,新光段,5.79,非都市：鄉村區 ; 非都市編定：乙種建築用地,100000,2090,持分移轉,00210002
RPPNMLRJRHGGFBM88CB,新光段,5.79,非都市：鄉村區 ; 非都市編定：乙種建築用地,100000,2090,持分移轉,00210003
RPPNMLRJRHGGFBM88CB,新光段,3.39,非都市：鄉村區 ; 非都市編定：乙種建築用地,100000,2090,持分移轉,00220002
RPPNMLRJRHGGFBM88CB,新光段,.86,非都市：鄉村區 ; 非都市編定：乙種建築用地,100000,2090,持分移轉,00240001
RPPNMLSJRHGGFBM98CB,新御史段,57.63,都市：住,1,1,全筆移轉,00540009
RPPNMLSJRHGGFBM98CB,新御史段,1.27,都市：住,100000,1030,持分移轉,00540080
RPPNMLSJRHGGFBM98CB,新御史段,2.95,都市：住,100000,878,持分移轉,00540076
RPPNMLSJRHGGFBM98CB,新御史段,2.91,都市：住,100000,878,持分移轉,00540069
RPPNMLSJRHGGFBM98CB,新御史段,2.88,都市：住,100000,878,持分移轉,00540062
RPPNMLSJRHGGFBM98CB,新御史段,.97,都市：住,100000,1030,持分移轉,00540060
RPRNMLSJRHGGFBM56CB,新御史段,78.39,都市：住,1,1,全筆移轉,00540035
RPRNMLSJRHGGFBM56CB,新御史段,1.73,都市：住,100000,1401,持分移轉,00540080
RPRNMLSJRHGGFBM56CB,新御史段,4.01,都市：住,100000,1195,持分移轉,00540076
RPRNMLSJRHGGFBM56CB,新御史段,3.96,都市：住,100000,1195,持分移轉,00540069
RPRNMLSJRHGGFBM56CB,新御史段,3.93,都市：住,100000,1195,持分移轉,00540062
RPRNMLSJRHGGFBM56CB,新御史段,1.32,都市：住,100000,1401,持分移轉,00540060
RPQNMLSJRHGGFBM09CB,新御史段,63.31,都市：住,1,1,全筆移轉,00540048
RPQNMLSJRHGGFBM09CB,新御史段,1.40,都市：住,100000,1131,持分移轉,00540080
RPQNMLSJRHGGFBM09CB,新御史段,3.24,都市：住,100000,965,持分移轉,00540076
RPQNMLSJRHGGFBM09CB,新御史段,3.20,都市：住,100000,965,持分移轉,00540069
RPQNMLSJRHGGFBM09CB,新御史段,3.17,都市：住,100000,965,持分移轉,00540062
RPQNMLSJRHGGFBM09CB,新御史段,1.07,都市：住,100000,1131,持分移轉,00540060
RPQNMLRJRHGGFBM98CB,新光段,8.57,非都市：鄉村區 ; 非都市編定：乙種建築用地,100000,2090,持分移轉,00210000
RPQNMLRJRHGGFBM98CB,新光段,3.01,非都市：鄉村區 ; 非都市編定：乙種建築用地,100000,2090,持分移轉,00210001
RPQNMLRJRHGGFBM98CB,新光段,5.79,非都市：鄉村區 ; 非都市編定：乙種建築用地,100000,2090,持分移轉,00210002
RPQNMLRJRHGGFBM98CB,新光段,5.79,非都市：鄉村區 ; 非都市編定：乙種建築用地,100000,2090,持分移轉,00210003
RPQNMLRJRHGGFBM98CB,新光段,3.39,非都市：鄉村區 ; 非都市編定：乙種建築用地,100000,2090,持分移轉,00220002
RPQNMLRJRHGGFBM98CB,新光段,.86,非都市：鄉村區 ; 非都市編定：乙種建築用地,100000,2090,持分移轉,00240001
RPUNMLSJRHGGFBM86CB,新御史段,63.32,都市：住,1,1,全筆移轉,00540022
RPUNMLSJRHGGFBM86CB,新御史段,1.40,都市：住,100000,1130,持分移轉,00540080
RPUNMLSJRHGGFBM86CB,新御史段,3.24,都市：住,100000,965,持分移轉,00540076
RPUNMLSJRHGGFBM86CB,新御史段,3.20,都市：住,100000,965,持分移轉,00540069
RPUNMLSJRHGGFBM86CB,新御史段,3.17,都市：住,100000,965,持分移轉,00540062
RPUNMLSJRHGGFBM86CB,新御史段,1.06,都市：住,100000,1130,持分移轉,00540060
RPSNMLSJRHGGFBM66CB,新御史段,78.39,都市：住,1,1,全筆移轉,00540034
RPSNMLSJRHGGFBM66CB,新御史段,1.73,都市：住,100000,1401,持分移轉,00540080
RPSNMLSJRHGGFBM66CB,新御史段,4.01,都市：住,100000,1195,持分移轉,00540076
RPSNMLSJRHGGFBM66CB,新御史段,3.96,都市：住,100000,1195,持分移轉,00540069
RPSNMLSJRHGGFBM66CB,新御史段,3.93,都市：住,100000,1195,持分移轉,00540062
RPSNMLSJRHGGFBM66CB,新御史段,1.32,都市：住,100000,1401,持分移轉,00540060
RPRNMLTJRHGGFBM66CB,新光段,8.57,非都市：鄉村區 ; 非都市編定：乙種建築用地,100000,2090,持分移轉,00210000
RPRNMLTJRHGGFBM66CB,新光段,3.01,非都市：鄉村區 ; 非都市編定：乙種建築用地,100000,2090,持分移轉,00210001
RPRNMLTJRHGGFBM66CB,新光段,5.79,非都市：鄉村區 ; 非都市編定：乙種建築用地,100000,2090,持分移轉,00210002
RPRNMLTJRHGGFBM66CB,新光段,5.79,非都市：鄉村區 ; 非都市編定：乙種建築用地,100000,2090,持分移轉,00210003
RPRNMLTJRHGGFBM66CB,新光段,3.39,非都市：鄉村區 ; 非都市編定：乙種建築用地,100000,2090,持分移轉,00220002
RPRNMLTJRHGGFBM66CB,新光段,.86,非都市：鄉村區 ; 非都市編定：乙種建築用地,100000,2090,持分移轉,00240001
RPPNMLTJRHGGFBM09CB,新光段,10.45,非都市：鄉村區 ; 非都市編定：乙種建築用地,100000,2548,持分移轉,00210000
RPPNMLTJRHGGFBM09CB,新光段,3.67,非都市：鄉村區 ; 非都市編定：乙種建築用地,100000,2548,持分移轉,00210001
RPPNMLTJRHGGFBM09CB,新光段,7.06,非都市：鄉村區 ; 非都市編定：乙種建築用地,100000,2548,持分移轉,00210002
RPPNMLTJRHGGFBM09CB,新光段,7.06,非都市：鄉村區 ; 非都市編定：乙種建築用地,100000,2548,持分移轉,00210003
RPPNMLTJRHGGFBM09CB,新光段,4.13,非都市：鄉村區 ; 非都市編定：乙種建築用地,100000,2548,持分移轉,00220002
RPPNMLTJRHGGFBM09CB,新光段,1.04,非都市：鄉村區 ; 非都市編定：乙種建築用地,100000,2548,持分移轉,00240001
RPSNMLTJRHGGFBM76CB,新光段,7.62,非都市：鄉村區 ; 非都市編定：乙種建築用地,100000,1858,持分移轉,00210000
RPSNMLTJRHGGFBM76CB,新光段,2.68,非都市：鄉村區 ; 非都市編定：乙種建築用地,100000,1858,持分移轉,00210001
RPSNMLTJRHGGFBM76CB,新光段,5.15,非都市：鄉村區 ; 非都市編定：乙種建築用地,100000,1858,持分移轉,00210002
RPSNMLTJRHGGFBM76CB,新光段,5.15,非都市：鄉村區 ; 非都市編定：乙種建築用地,100000,1858,持分移轉,00210003
RPSNMLTJRHGGFBM76CB,新光段,3.01,非都市：鄉村區 ; 非都市編定：乙種建築用地,100000,1858,持分移轉,00220002
RPSNMLTJRHGGFBM76CB,新光段,.76,非都市：鄉村區 ; 非都市編定：乙種建築用地,100000,1858,持分移轉,00240001
RPUNMLTJRHGGFBM96CB,新光段,7.62,非都市：鄉村區 ; 非都市編定：乙種建築用地,100000,1858,持分移轉,00210000
RPUNMLTJRHGGFBM96CB,新光段,2.68,非都市：鄉村區 ; 非都市編定：乙種建築用地,100000,1858,持分移轉,00210001
RPUNMLTJRHGGFBM96CB,新光段,5.15,非都市：鄉村區 ; 非都市編定：乙種建築用地,100000,1858,持分移轉,00210002
RPUNMLTJRHGGFBM96CB,新光段,5.15,非都市：鄉村區 ; 非都市編定：乙種建築用地,100000,1858,持分移轉,00210003
RPUNMLTJRHGGFBM96CB,新光段,3.01,非都市：鄉村區 ; 非都市編定：乙種建築用地,100000,1858,持分移轉,00220002
RPUNMLTJRHGGFBM96CB,新光段,.76,非都市：鄉村區 ; 非都市編定：乙種建築用地,100000,1858,持分移轉,00240001
RPPNMLKKRHGGFBM28CB,新富寮段,85.87,都市：住,100000,2140,持分移轉,05540000
RPQNMLTJRHGGFBM56CB,新光段,8.57,非都市：鄉村區 ; 非都市編定：乙種建築用地,100000,2090,持分移轉,00210000
RPQNMLTJRHGGFBM56CB,新光段,3.01,非都市：鄉村區 ; 非都市編定：乙種建築用地,100000,2090,持分移轉,00210001
RPQNMLTJRHGGFBM56CB,新光段,5.79,非都市：鄉村區 ; 非都市編定：乙種建築用地,100000,2090,持分移轉,00210002
RPQNMLTJRHGGFBM56CB,新光段,5.79,非都市：鄉村區 ; 非都市編定：乙種建築用地,100000,2090,持分移轉,00210003
RPQNMLTJRHGGFBM56CB,新光段,3.39,非都市：鄉村區 ; 非都市編定：乙種建築用地,100000,2090,持分移轉,00220002
RPQNMLTJRHGGFBM56CB,新光段,.86,非都市：鄉村區 ; 非都市編定：乙種建築用地,100000,2090,持分移轉,00240001
RPTNMLTJRHGGFBM86CB,新光段,7.62,非都市：鄉村區 ; 非都市編定：乙種建築用地,100000,1858,持分移轉,00210000
RPTNMLTJRHGGFBM86CB,新光段,2.68,非都市：鄉村區 ; 非都市編定：乙種建築用地,100000,1858,持分移轉,00210001
RPTNMLTJRHGGFBM86CB,新光段,5.15,非都市：鄉村區 ; 非都市編定：乙種建築用地,100000,1858,持分移轉,00210002
RPTNMLTJRHGGFBM86CB,新光段,5.15,非都市：鄉村區 ; 非都市編定：乙種建築用地,100000,1858,持分移轉,00210003
RPTNMLTJRHGGFBM86CB,新光段,3.01,非都市：鄉村區 ; 非都市編定：乙種建築用地,100000,1858,持分移轉,00220002
RPTNMLTJRHGGFBM86CB,新光段,.76,非都市：鄉村區 ; 非都市編定：乙種建築用地,100000,1858,持分移轉,00240001
RPRNMLKKRHGGFBM48CB,青宅段,85.02,非都市：特定農業區 ; 非都市編定：甲種建築用地,1,1,全筆移轉,09020023
RPRNMLKKRHGGFBM48CB,青宅段,.13,非都市：特定農業區 ; 非都市編定：甲種建築用地,25,1,持分移轉,09020027
RPRNMLKKRHGGFBM48CB,青宅段,17.21,非都市：特定農業區 ; 非都市編定：甲種建築用地,12,1,持分移轉,09020000
RPQNMLKKRHGGFAM28CB,牛運堀段,10.65,都市：住,100000,512,持分移轉,01670000
RPPNMLKKRHGGFAM18CB,牛運堀段,14.08,都市：住,100000,677,持分移轉,01670000
RPQNMLKKRHGGFAM28CB,牛運堀段,8.50,都市：住,100000,512,持分移轉,01670012
RPPNMLKKRHGGFAM18CB,牛運堀段,11.24,都市：住,100000,677,持分移轉,01670012
RPQNMLKKRHGGFAM28CB,牛運堀段,.07,都市：住,100000,512,持分移轉,01670013
RPQNMLKKRHGGFAM28CB,牛運堀段,.01,都市：住,100000,512,持分移轉,01670014
RPPNMLKKRHGGFAM18CB,牛運堀段,.09,都市：住,100000,677,持分移轉,01670013
RPQNMLKKRHGGFAM28CB,牛運堀段,.49,都市：住,100000,512,持分移轉,01670015
RPPNMLKKRHGGFAM18CB,牛運堀段,.01,都市：住,100000,677,持分移轉,01670014
RPQNMLKKRHGGFAM28CB,牛運堀段,2.27,都市：住,100000,512,持分移轉,01970000
RPPNMLKKRHGGFAM18CB,牛運堀段,.64,都市：住,100000,677,持分移轉,01670015
RPPNMLKKRHGGFAM18CB,牛運堀段,3.01,都市：住,100000,677,持分移轉,01970000
RPRNMLKKRHGGFAM38CB,牛運堀段,10.65,都市：住,100000,512,持分移轉,01670000
RPRNMLKKRHGGFAM38CB,牛運堀段,8.50,都市：住,100000,512,持分移轉,01670012
RPRNMLKKRHGGFAM38CB,牛運堀段,.07,都市：住,100000,512,持分移轉,01670013
RPRNMLKKRHGGFAM38CB,牛運堀段,.01,都市：住,100000,512,持分移轉,01670014
RPRNMLKKRHGGFAM38CB,牛運堀段,.49,都市：住,100000,512,持分移轉,01670015
RPRNMLKKRHGGFAM38CB,牛運堀段,2.27,都市：住,100000,512,持分移轉,01970000
RPSNMLKKRHGGFAM48CB,牛運堀段,10.65,都市：住,100000,512,持分移轉,01670000
RPSNMLKKRHGGFAM48CB,牛運堀段,8.50,都市：住,100000,512,持分移轉,01670012
RPSNMLKKRHGGFAM48CB,牛運堀段,.07,都市：住,100000,512,持分移轉,01670013
RPSNMLKKRHGGFAM48CB,牛運堀段,.01,都市：住,100000,512,持分移轉,01670014
RPSNMLKKRHGGFAM48CB,牛運堀段,.49,都市：住,100000,512,持分移轉,01670015
RPSNMLKKRHGGFAM48CB,牛運堀段,2.27,都市：住,100000,512,持分移轉,01970000
RPTNMLKKRHGGFAM58CB,牛運堀段,10.65,都市：住,100000,512,持分移轉,01670000
RPTNMLKKRHGGFAM58CB,牛運堀段,8.50,都市：住,100000,512,持分移轉,01670012
RPTNMLKKRHGGFAM58CB,牛運堀段,.07,都市：住,100000,512,持分移轉,01670013
RPTNMLKKRHGGFAM58CB,牛運堀段,.01,都市：住,100000,512,持分移轉,01670014
RPTNMLKKRHGGFAM58CB,牛運堀段,.49,都市：住,100000,512,持分移轉,01670015
RPTNMLKKRHGGFAM58CB,牛運堀段,2.27,都市：住,100000,512,持分移轉,01970000
RPUNMLKKRHGGFAM68CB,牛運堀段,10.65,都市：住,100000,512,持分移轉,01670000
RPUNMLKKRHGGFAM68CB,牛運堀段,8.50,都市：住,100000,512,持分移轉,01670012
RPUNMLKKRHGGFAM68CB,牛運堀段,.07,都市：住,100000,512,持分移轉,01670013
RPUNMLKKRHGGFAM68CB,牛運堀段,.01,都市：住,100000,512,持分移轉,01670014
RPUNMLKKRHGGFAM68CB,牛運堀段,.49,都市：住,100000,512,持分移轉,01670015
RPUNMLKKRHGGFAM68CB,牛運堀段,2.27,都市：住,100000,512,持分移轉,01970000
RPQPMLKMPHGGFBM58CB,建興段,27.65,都市：住,100000,845,持分移轉,13030000
