﻿編號,土地位置,土地移轉面積(平方公尺),使用分區或編定,權利人持分分母,權利人持分分子,移轉情形,地號
The serial number, land position,land shifting area square meter,the use zoning or compiles and checks,,,,land parcel
RPVNMLPLOHGGFAP96EB,海豐崙段海豐崙小段,83.00,都市：住,1,1,全筆移轉,13010009
RPUNMLPLOHGGFAP86EB,海豐崙段海豐崙小段,83.00,都市：住,1,1,全筆移轉,13010008
RPWNMLPLOHGGFAP07EB,海豐崙段海豐崙小段,83.00,都市：住,1,1,全筆移轉,13010010
RPWNMLPLOHGGFAP07EB,海豐崙段海豐崙小段,18.50,都市：住,6,1,持分移轉,13010014
RPQOMLPLOHGGFAP56EB,海豐崙段海豐崙小段,86.00,都市：住,1,1,全筆移轉,13010013
RPQOMLPLOHGGFAP56EB,海豐崙段海豐崙小段,18.50,都市：住,6,1,持分移轉,13010014
RPPOMLPLOHGGFAP09EB,海豐崙段海豐崙小段,83.00,都市：住,1,1,全筆移轉,13010012
RPPOMLPLOHGGFAP09EB,海豐崙段海豐崙小段,18.50,都市：住,6,1,持分移轉,13010014
RPSOMLPLOHGGFAP76EB,海豐崙段海豐崙小段,121.00,都市：住,1,1,全筆移轉,13010002
RPTNMLPLOHGGFAP76EB,海豐崙段海豐崙小段,84.00,都市：住,1,1,全筆移轉,13010007
RPTOMLPLOHGGFAP86EB,海豐崙段海豐崙小段,77.00,都市：住,1,1,全筆移轉,13010015
RPPNMLTLOHGGFAP76EB,海豐崙段海豐崙小段,89.00,都市：住,1,1,全筆移轉,13010016
RPQNMLTLOHGGFAP86EB,東陽段,101.23,非都市：鄉村區 ; 非都市編定：乙種建築用地,1000,106,持分移轉,11970000
RPRNMLTLOHGGFAP96EB,東陽段,91.68,非都市：鄉村區 ; 非都市編定：乙種建築用地,1000,96,持分移轉,11970000
RPRNMLPLOHGGFAP56EB,海豐崙段海豐崙小段,90.79,都市：住,1,1,全筆移轉,13010000
RPVNMLTLOHGGFAP37EB,東陽段,140.38,非都市：鄉村區 ; 非都市編定：乙種建築用地,1000,147,持分移轉,11970000
RPXNMLPLOHGGFAP17EB,海豐崙段海豐崙小段,80.00,都市：住,1,1,全筆移轉,13010011
RPXNMLPLOHGGFAP17EB,海豐崙段海豐崙小段,18.50,都市：住,6,1,持分移轉,13010014
RPTNMLTLOHGGFAP17EB,東陽段,118.42,非都市：鄉村區 ; 非都市編定：乙種建築用地,1000,124,持分移轉,11970000
RPSNMLTLOHGGFAP07EB,東陽段,87.86,非都市：鄉村區 ; 非都市編定：乙種建築用地,1000,92,持分移轉,11970000
RPWNMLTLOHGGFAP47EB,東陽段,130.84,非都市：鄉村區 ; 非都市編定：乙種建築用地,1000,137,持分移轉,11970000
RPPQMLTLOHGGFAP07EB,光明段,99.00,非都市：工業區 ; 非都市編定：丁種建築用地,1,1,全筆移轉,03750000
RPXNMLTLOHGGFAP57EB,東陽段,131.79,非都市：鄉村區 ; 非都市編定：乙種建築用地,1000,138,持分移轉,11970000
RPUNMLTLOHGGFAP27EB,東陽段,149.94,非都市：鄉村區 ; 非都市編定：乙種建築用地,1000,157,持分移轉,11970000
RPQQMLTLOHGGFAP17EB,光明段,99.00,非都市：工業區 ; 非都市編定：丁種建築用地,1,1,全筆移轉,03750001
RPSQMLTLOHGGFAP37EB,光明段,75.77,非都市：工業區 ; 非都市編定：丁種建築用地,1,1,全筆移轉,04150001
RPRQMLTLOHGGFAP27EB,光明段,77.52,非都市：工業區 ; 非都市編定：丁種建築用地,1,1,全筆移轉,04150000
RPXQMLTLOHGGFAP87EB,光明段,94.50,非都市：工業區 ; 非都市編定：丁種建築用地,1,1,全筆移轉,04370003
RPORMLTLOHGGFAP07EB,光明段,94.50,非都市：工業區 ; 非都市編定：丁種建築用地,1,1,全筆移轉,04370004
RPTQMLTLOHGGFAP47EB,光明段,77.71,非都市：工業區 ; 非都市編定：丁種建築用地,1,1,全筆移轉,04150002
RPPNMLKMOHGGFAP58EB,光明段,94.50,非都市：工業區 ; 非都市編定：丁種建築用地,1,1,全筆移轉,04370005
RPSNMLKMOHGGFAP88EB,光明段,77.52,非都市：工業區 ; 非都市編定：丁種建築用地,1,1,全筆移轉,04510002
RPQNMLKMOHGGFAP68EB,光明段,94.50,非都市：工業區 ; 非都市編定：丁種建築用地,1,1,全筆移轉,04370006
RPTNMLKMOHGGFAP98EB,光明段,75.77,非都市：工業區 ; 非都市編定：丁種建築用地,1,1,全筆移轉,04510001
RPUNMLKMOHGGFAP09EB,光明段,77.71,非都市：工業區 ; 非都市編定：丁種建築用地,1,1,全筆移轉,04510000
RPUQMLTLOHGGFAP57EB,光明段,96.59,非都市：工業區 ; 非都市編定：丁種建築用地,1,1,全筆移轉,04370000
RPWQMLTLOHGGFAP77EB,光明段,94.50,非都市：工業區 ; 非都市編定：丁種建築用地,1,1,全筆移轉,04370002
RPVNMLKMOHGGFAP56EB,光明段,98.00,非都市：工業區 ; 非都市編定：丁種建築用地,1,1,全筆移轉,04550011
RPVQMLTLOHGGFAP67EB,光明段,94.50,非都市：工業區 ; 非都市編定：丁種建築用地,1,1,全筆移轉,04370001
RPRNMLKMOHGGFAP78EB,光明段,96.46,非都市：工業區 ; 非都市編定：丁種建築用地,1,1,全筆移轉,04370007
RPXNMLKMOHGGFAP76EB,光明段,95.72,非都市：工業區 ; 非都市編定：丁種建築用地,1,1,全筆移轉,04550009
RPOOMLKMOHGGFAP58EB,光明段,95.72,非都市：工業區 ; 非都市編定：丁種建築用地,1,1,全筆移轉,04550008
RPWNMLKMOHGGFAP66EB,光明段,95.72,非都市：工業區 ; 非都市編定：丁種建築用地,1,1,全筆移轉,04550010
RPSOMLKMOHGGFAP98EB,光明段,94.06,非都市：工業區 ; 非都市編定：丁種建築用地,1,1,全筆移轉,04640002
RPROMLKMOHGGFAP88EB,光明段,98.13,非都市：工業區 ; 非都市編定：丁種建築用地,1,1,全筆移轉,04550000
RPTOMLKMOHGGFAP09EB,光明段,91.87,非都市：工業區 ; 非都市編定：丁種建築用地,1,1,全筆移轉,04640001
RPUOMLKMOHGGFAP56EB,光明段,78.12,非都市：工業區 ; 非都市編定：丁種建築用地,1,1,全筆移轉,04640000
RPVOMLKMOHGGFAP66EB,光明段,106.86,非都市：工業區 ; 非都市編定：丁種建築用地,1,1,全筆移轉,05780002
RPQOMLKMOHGGFAP78EB,光明段,98.72,非都市：工業區 ; 非都市編定：丁種建築用地,1,1,全筆移轉,04550007
RPXOMLKMOHGGFAP86EB,光明段,86.16,非都市：工業區 ; 非都市編定：丁種建築用地,1,1,全筆移轉,05780000
RPOPMLKMOHGGFAP68EB,光明段,105.50,非都市：工業區 ; 非都市編定：丁種建築用地,1,1,全筆移轉,06330002
RPWOMLKMOHGGFAP76EB,光明段,104.50,非都市：工業區 ; 非都市編定：丁種建築用地,1,1,全筆移轉,05780001
RPQPMLKMOHGGFAP88EB,光明段,89.58,非都市：工業區 ; 非都市編定：丁種建築用地,1,1,全筆移轉,06330000
RPVPMLKMOHGGFAP76EB,斗六段,16.58,都市：商,10000,152,持分移轉,00530000
RPWPMLKMOHGGFAP86EB,斗六段,22.47,都市：商,10000,206,持分移轉,00530000
RPPQMLKMOHGGFAP88EB,斗六段,16.58,都市：商,10000,152,持分移轉,00530000
RPPPMLKMOHGGFAP78EB,光明段,103.00,非都市：工業區 ; 非都市編定：丁種建築用地,1,1,全筆移轉,06330001
RPXPMLKMOHGGFAP96EB,斗六段,15.06,都市：商,10000,138,持分移轉,00530000
RPVQMLKMOHGGFAP86EB,斗六段,18.55,都市：商,10000,170,持分移轉,00530000
RPOQMLKMOHGGFAP78EB,斗六段,21.82,都市：商,10000,200,持分移轉,00530000
RPQQMLKMOHGGFAP98EB,斗六段,21.82,都市：商,10000,200,持分移轉,00530000
RPWQMLKMOHGGFAP96EB,斗六段,18.22,都市：商,10000,167,持分移轉,00530000
RPQRMLKMOHGGFAP09EB,斗六段,21.82,都市：商,10000,200,持分移轉,00530000
RPXQMLKMOHGGFAP07EB,斗六段,16.58,都市：商,10000,152,持分移轉,00530000
RPRRMLKMOHGGFAP56EB,斗六段,22.47,都市：商,10000,206,持分移轉,00530000
RPSQMLKMOHGGFAP56EB,斗六段,22.47,都市：商,10000,206,持分移轉,00530000
RPURMLKMOHGGFAP86EB,斗六段,13.09,都市：商,10000,120,持分移轉,00530000
RPTRMLKMOHGGFAP76EB,斗六段,21.82,都市：商,10000,200,持分移轉,00530000
RPVRMLKMOHGGFAP96EB,斗六段,21.60,都市：商,10000,198,持分移轉,00530000
RPWRMLKMOHGGFAP07EB,斗六段,22.47,都市：商,10000,206,持分移轉,00530000
RPOSMLKMOHGGFAP98EB,斗六段,21.71,都市：商,10000,199,持分移轉,00530000
RPPSMLKMOHGGFAP09EB,斗六段,14.95,都市：商,10000,137,持分移轉,00530000
RPRSMLKMOHGGFAP66EB,斗六段,22.47,都市：商,10000,206,持分移轉,00530000
RPQSMLKMOHGGFAP56EB,斗六段,21.82,都市：商,10000,200,持分移轉,00530000
RPSRMLKMOHGGFAP66EB,斗六段,20.29,都市：商,10000,186,持分移轉,00530000
RPSSMLKMOHGGFAP76EB,斗六段,20.29,都市：商,10000,186,持分移轉,00530000
RPUSMLKMOHGGFAP96EB,斗六段,21.82,都市：商,10000,200,持分移轉,00530000
RPXRMLKMOHGGFAP17EB,斗六段,18.55,都市：商,10000,170,持分移轉,00530000
RPTSMLKMOHGGFAP86EB,斗六段,21.82,都市：商,10000,200,持分移轉,00530000
RPVSMLKMOHGGFAP07EB,斗六段,14.95,都市：商,10000,137,持分移轉,00530000
RPXSMLKMOHGGFAP27EB,斗六段,20.29,都市：商,10000,186,持分移轉,00530000
RPSTMLKMOHGGFAP86EB,斗六段,20.29,都市：商,10000,186,持分移轉,00530000
RPWSMLKMOHGGFAP17EB,斗六段,22.47,都市：商,10000,206,持分移轉,00530000
RPOTMLKMOHGGFAP09EB,斗六段,21.71,都市：商,10000,199,持分移轉,00530000
RPQTMLKMOHGGFAP66EB,斗六段,18.33,都市：商,10000,168,持分移轉,00530000
RPPTMLKMOHGGFAP56EB,斗六段,16.58,都市：商,10000,152,持分移轉,00530000
RPTTMLKMOHGGFAP96EB,斗六段,21.49,都市：商,10000,197,持分移轉,00530000
RPRTMLKMOHGGFAP76EB,斗六段,22.47,都市：商,10000,206,持分移轉,00530000
RPVTMLKMOHGGFAP17EB,斗六段,21.82,都市：商,10000,200,持分移轉,00530000
RPWTMLKMOHGGFAP27EB,斗六段,20.29,都市：商,10000,186,持分移轉,00530000
RPUTMLKMOHGGFAP07EB,斗六段,14.95,都市：商,10000,137,持分移轉,00530000
RPQUMLKMOHGGFAP76EB,斗六段,21.49,都市：商,10000,197,持分移轉,00530000
RPPUMLKMOHGGFAP66EB,斗六段,14.95,都市：商,10000,137,持分移轉,00530000
RPXTMLKMOHGGFAP37EB,斗六段,19.97,都市：商,10000,183,持分移轉,00530000
RPSUMLKMOHGGFAP96EB,斗六段,20.29,都市：商,10000,186,持分移轉,00530000
RPVNMLQLPHGGFAP96CB,九芎段,16.40,非都市：鄉村區 ; 非都市編定：乙種建築用地,2500000,100737,持分移轉,03080000
RPVNMLQLPHGGFAP96CB,九芎段,15.27,非都市：鄉村區 ; 非都市編定：乙種建築用地,2500000,100737,持分移轉,03070000
RPVNMLQLPHGGFAP96CB,九芎段,24.28,非都市：鄉村區 ; 非都市編定：乙種建築用地,2500000,100737,持分移轉,03050000
RPVNMLQLPHGGFAP96CB,九芎段,15.11,非都市：鄉村區 ; 非都市編定：乙種建築用地,2500000,100737,持分移轉,03060000
RPVNMLQLPHGGFAP96CB,九芎段,16.45,非都市：鄉村區 ; 非都市編定：乙種建築用地,2500000,100737,持分移轉,03090000
RPVNMLQLPHGGFAP96CB,九芎段,16.44,非都市：鄉村區 ; 非都市編定：乙種建築用地,2500000,100737,持分移轉,03100000
RPUOMLNLPHGGFAP66CB,斗六段,13.70,都市：住,100000,4325,持分移轉,09400001
RPRUMLKMOHGGFAP86EB,斗六段,22.47,都市：商,10000,206,持分移轉,00530000
RPUNMLQLPHGGFAP86CB,九芎段,22.20,非都市：鄉村區 ; 非都市編定：乙種建築用地,10000000,545443,持分移轉,03080000
RPUNMLQLPHGGFAP86CB,九芎段,20.67,非都市：鄉村區 ; 非都市編定：乙種建築用地,10000000,545443,持分移轉,03070000
RPUNMLQLPHGGFAP86CB,九芎段,32.86,非都市：鄉村區 ; 非都市編定：乙種建築用地,10000000,545443,持分移轉,03050000
RPUNMLQLPHGGFAP86CB,九芎段,20.45,非都市：鄉村區 ; 非都市編定：乙種建築用地,10000000,545443,持分移轉,03060000
RPUNMLQLPHGGFAP86CB,九芎段,22.27,非都市：鄉村區 ; 非都市編定：乙種建築用地,10000000,545443,持分移轉,03090000
RPUNMLQLPHGGFAP86CB,九芎段,22.25,非都市：鄉村區 ; 非都市編定：乙種建築用地,10000000,545443,持分移轉,03100000
RPPNMLQLPHGGFBP09CB,文安段,107.77,都市：住,1,1,全筆移轉,02680029
RPPNMLQLPHGGFAP98CB,海豐崙段朱丹灣小段,75.33,都市：住,100,52,持分移轉,05640000
RPXNMLSLPHGGFDP67CB,高南段,23.93,都市：住,100000,1074,持分移轉,04100000
RPTNMLTLPHGGFCP27CB,南榮段,119.14,都市：住,1,1,全筆移轉,06310007
RPPNMLSLPHGGFAP56CB,榴中段,21.85,非都市：一般農業區 ; 非都市編定：甲種建築用地,10000,74,持分移轉,08880000
RPUNMLTLPHGGFCP37CB,南榮段,117.58,都市：住,1,1,全筆移轉,06310004
RPXNMLTLPHGGFCP67CB,東玄段,94.18,都市：住,1,1,全筆移轉,04170009
RPVNMLTLPHGGFCP47CB,南榮段,120.57,都市：住,1,1,全筆移轉,06310008
RPPNMLTLPHGGFAP86EB,東陽段,86.00,非都市：鄉村區 ; 非都市編定：乙種建築用地,1,1,全筆移轉,16960011
RPWNMLTLPHGGFCP57CB,東玄段,94.06,都市：住,1,1,全筆移轉,04170008
RPRNMLTLPHGGFAP07EB,東陽段,86.00,非都市：鄉村區 ; 非都市編定：乙種建築用地,1,1,全筆移轉,16960009
RPSNMLTLPHGGFAP17EB,東陽段,87.00,非都市：鄉村區 ; 非都市編定：乙種建築用地,1,1,全筆移轉,16960008
RPQNMLTLPHGGFAP96EB,東陽段,86.00,非都市：鄉村區 ; 非都市編定：乙種建築用地,1,1,全筆移轉,16960010
RPOOMLTLPHGGFAP86EB,東陽段,107.00,非都市：鄉村區 ; 非都市編定：乙種建築用地,1,1,全筆移轉,16960014
RPTNMLTLPHGGFAP27EB,東陽段,95.00,非都市：鄉村區 ; 非都市編定：乙種建築用地,1,1,全筆移轉,16960019
RPVNMLTLPHGGFAP47EB,東陽段,89.00,非都市：鄉村區 ; 非都市編定：乙種建築用地,1,1,全筆移轉,16960021
RPTNMLKMPHGGFAP09EB,光明段,23.75,非都市：工業區 ; 非都市編定：丁種建築用地,10000,266,持分移轉,06260000
RPUNMLTLPHGGFAP37EB,東陽段,92.00,非都市：鄉村區 ; 非都市編定：乙種建築用地,1,1,全筆移轉,16960020
RPUNMLKMPHGGFAP56EB,光明段,26.17,非都市：工業區 ; 非都市編定：丁種建築用地,10000,293,持分移轉,06260000
RPWNMLTLPHGGFAP57EB,東陽段,96.00,非都市：鄉村區 ; 非都市編定：乙種建築用地,1,1,全筆移轉,16960012
RPXNMLTLPHGGFAP67EB,東陽段,102.00,非都市：鄉村區 ; 非都市編定：乙種建築用地,1,1,全筆移轉,16960013
RPVNMLKMPHGGFAP66EB,光明段,23.84,非都市：工業區 ; 非都市編定：丁種建築用地,10000,267,持分移轉,06260000
RPWNMLKMPHGGFAP76EB,光明段,23.84,非都市：工業區 ; 非都市編定：丁種建築用地,10000,267,持分移轉,06260000
RPPOMLKMPHGGFAP78EB,光明段,34.47,非都市：工業區 ; 非都市編定：丁種建築用地,10000,386,持分移轉,06260000
RPOOMLKMPHGGFAP68EB,光明段,23.84,非都市：工業區 ; 非都市編定：丁種建築用地,10000,267,持分移轉,06260000
RPPNMLKMPHGGFBP58CB,新崙段,108.85,非都市：鄉村區 ; 非都市編定：乙種建築用地,1,1,全筆移轉,00850000
RPQNMLMJQHGGFBP68CB,僑真段,27.65,都市：住,100000,1571,持分移轉,06230000
RPXNMLKMPHGGFAP86EB,光明段,23.84,非都市：工業區 ; 非都市編定：丁種建築用地,10000,267,持分移轉,06260000
RPUNMLKMPHGGFAP98CB,大崙段茄苳腳小段,.38,非都市：鄉村區 ; 非都市編定：乙種建築用地,100000,1656,持分移轉,05170000
RPTNMLKMPHGGFAP88CB,大崙段茄苳腳小段,.63,非都市：鄉村區 ; 非都市編定：乙種建築用地,100000,2149,持分移轉,05170000
RPPNMLKMPHGGFDP88DB,高南段,106.81,都市：住,396753,10681,持分移轉,00680000
RPPNMLKMPHGGFDP88DB,高南段,37.42,都市：住,396753,3742,持分移轉,00680000
RPQNMLKMPHGGFBP68CB,新崙段,99.00,非都市：鄉村區 ; 非都市編定：乙種建築用地,1,1,全筆移轉,00850000
RPWNMLMJQHGGFAP56CB,科加段,77.90,非都市：工業區 ; 非都市編定：丁種建築用地,1,1,全筆移轉,00070181
RPWNMLMJQHGGFAP56CB,科加段,9.20,非都市：工業區 ; 非都市編定：丁種建築用地,10000,80,持分移轉,00070188
RPWNMLMJQHGGFAP56CB,科加段,.15,非都市：工業區 ; 非都市編定：丁種建築用地,59,1,持分移轉,00070178
RPPOMLMJQHGGFAP58CB,科加段,88.63,非都市：工業區 ; 非都市編定：丁種建築用地,1,1,全筆移轉,00070148
RPPOMLMJQHGGFAP58CB,科加段,10.57,非都市：工業區 ; 非都市編定：丁種建築用地,10000,92,持分移轉,00070188
RPPOMLMJQHGGFAP58CB,科加段,.15,非都市：工業區 ; 非都市編定：丁種建築用地,59,1,持分移轉,00070178
RPPNMLNJQHGGFAP58CB,科加段,73.50,非都市：工業區 ; 非都市編定：丁種建築用地,1,1,全筆移轉,00070173
RPPNMLNJQHGGFAP58CB,科加段,8.51,非都市：工業區 ; 非都市編定：丁種建築用地,10000,74,持分移轉,00070188
RPPNMLNJQHGGFAP58CB,科加段,.15,非都市：工業區 ; 非都市編定：丁種建築用地,59,1,持分移轉,00070178
RPOOMLMJQHGGFAP48CB,科加段,73.50,非都市：工業區 ; 非都市編定：丁種建築用地,1,1,全筆移轉,00070140
RPOOMLMJQHGGFAP48CB,科加段,8.51,非都市：工業區 ; 非都市編定：丁種建築用地,10000,74,持分移轉,00070188
RPOOMLMJQHGGFAP48CB,科加段,.15,非都市：工業區 ; 非都市編定：丁種建築用地,59,1,持分移轉,00070178
RPRNMLNJQHGGFAP78CB,科加段,73.50,非都市：工業區 ; 非都市編定：丁種建築用地,1,1,全筆移轉,00070176
RPRNMLNJQHGGFAP78CB,科加段,8.51,非都市：工業區 ; 非都市編定：丁種建築用地,10000,74,持分移轉,00070188
RPRNMLNJQHGGFAP78CB,科加段,.15,非都市：工業區 ; 非都市編定：丁種建築用地,59,1,持分移轉,00070178
RPXNMLMJQHGGFAP66CB,科加段,73.50,非都市：工業區 ; 非都市編定：丁種建築用地,1,1,全筆移轉,00070136
RPXNMLMJQHGGFAP66CB,科加段,8.51,非都市：工業區 ; 非都市編定：丁種建築用地,10000,74,持分移轉,00070188
RPXNMLMJQHGGFAP66CB,科加段,.15,非都市：工業區 ; 非都市編定：丁種建築用地,59,1,持分移轉,00070178
RPQNMLNJQHGGFAP68CB,科加段,76.04,非都市：工業區 ; 非都市編定：丁種建築用地,1,1,全筆移轉,00070153
RPQNMLNJQHGGFAP68CB,科加段,8.85,非都市：工業區 ; 非都市編定：丁種建築用地,10000,77,持分移轉,00070188
RPQNMLNJQHGGFAP68CB,科加段,.15,非都市：工業區 ; 非都市編定：丁種建築用地,59,1,持分移轉,00070178
RPPNMLOJQHGGFAP88EB,東陽段,135.00,非都市：鄉村區 ; 非都市編定：乙種建築用地,1,1,全筆移轉,16960006
RPTNMLNJQHGGFAP98CB,科加段,150.43,非都市：工業區 ; 非都市編定：丁種建築用地,1,1,全筆移轉,00070121
RPUNMLNJQHGGFAP09CB,科加段,161.45,非都市：工業區 ; 非都市編定：丁種建築用地,1,1,全筆移轉,00070122
RPQNMLOJQHGGFAP98EB,東陽段,123.00,非都市：鄉村區 ; 非都市編定：乙種建築用地,1,1,全筆移轉,16960005
RPTNMLOJQHGGFAP66EB,東陽段,97.00,非都市：鄉村區 ; 非都市編定：乙種建築用地,1,1,全筆移轉,16960002
RPVNMLOJQHGGFAP86EB,東陽段,107.00,非都市：鄉村區 ; 非都市編定：乙種建築用地,1,1,全筆移轉,16960018
RPWNMLOJQHGGFAP96EB,東陽段,88.00,非都市：鄉村區 ; 非都市編定：乙種建築用地,1,1,全筆移轉,16960017
RPXNMLOJQHGGFAP07EB,東陽段,88.00,非都市：鄉村區 ; 非都市編定：乙種建築用地,1,1,全筆移轉,16960016
RPSNMLOJQHGGFAP56EB,東陽段,90.00,非都市：鄉村區 ; 非都市編定：乙種建築用地,1,1,全筆移轉,16960003
RPRNMLOJQHGGFAP09EB,東陽段,68.00,非都市：鄉村區 ; 非都市編定：乙種建築用地,1,1,全筆移轉,16960004
RPRNMLOJQHGGFAP09EB,東陽段,15.00,非都市：鄉村區 ; 非都市編定：乙種建築用地,1,1,全筆移轉,16960022
RPUNMLOJQHGGFAP76EB,東陽段,108.00,非都市：鄉村區 ; 非都市編定：乙種建築用地,1,1,全筆移轉,16960001
RPRNMLOJQHGGFDP66DB,石廟子段,91.25,非都市：鄉村區 ; 非都市編定：乙種建築用地,1,1,全筆移轉,12680024
RPRNMLOJQHGGFDP66DB,石廟子段,22.72,非都市：鄉村區 ; 非都市編定：乙種建築用地,23,1,持分移轉,12680001
RPRNMLOJQHGGFDP66DB,石廟子段,.24,非都市：鄉村區 ; 非都市編定：乙種建築用地,25,1,持分移轉,12680028
RPSNMLOJQHGGFDP76DB,石廟子段,91.25,非都市：鄉村區 ; 非都市編定：乙種建築用地,1,1,全筆移轉,12680025
RPSNMLOJQHGGFDP76DB,石廟子段,22.72,非都市：鄉村區 ; 非都市編定：乙種建築用地,23,1,持分移轉,12680001
RPSNMLOJQHGGFDP76DB,石廟子段,.24,非都市：鄉村區 ; 非都市編定：乙種建築用地,25,1,持分移轉,12680028
RPOOMLOJQHGGFAP88EB,東陽段,88.00,非都市：鄉村區 ; 非都市編定：乙種建築用地,1,1,全筆移轉,16960015
RPTNMLPJQHGGFAP56CB,大竹圍段,24.79,非都市：特定農業區 ; 非都市編定：甲種建築用地,1000000,8199,持分移轉,00530000
RPQNMLOJQHGGFDP56DB,石廟子段,107.69,非都市：鄉村區 ; 非都市編定：乙種建築用地,1,1,全筆移轉,12680007
RPQNMLOJQHGGFDP56DB,石廟子段,22.72,非都市：鄉村區 ; 非都市編定：乙種建築用地,23,1,持分移轉,12680001
RPQNMLOJQHGGFDP56DB,石廟子段,.24,非都市：鄉村區 ; 非都市編定：乙種建築用地,25,1,持分移轉,12680028
RPTNMLOJQHGGFDP86DB,石廟子段,104.39,非都市：鄉村區 ; 非都市編定：乙種建築用地,1,1,全筆移轉,12680008
RPTNMLOJQHGGFDP86DB,石廟子段,22.72,非都市：鄉村區 ; 非都市編定：乙種建築用地,23,1,持分移轉,12680001
RPTNMLOJQHGGFDP86DB,石廟子段,.24,非都市：鄉村區 ; 非都市編定：乙種建築用地,25,1,持分移轉,12680028
RPSNMLPJQHGGFCP66CB,興西段,36.54,都市：住,121120,3654,持分移轉,03200000
RPUNMLPJQHGGFAP66CB,大竹圍段,33.00,非都市：特定農業區 ; 非都市編定：甲種建築用地,1000000,10915,持分移轉,00530000
RPTNMLPJQHGGFCP76CB,興西段,35.74,都市：住,121120,3574,持分移轉,03200000
RPRNMLPJQHGGFCP56CB,興西段,35.74,都市：住,121120,3574,持分移轉,03200000
RPPNMLQJQHGGFAP88CB,南安段,94.38,都市：住,1,1,全筆移轉,14550008
RPQNMLTJQHGGFAP66CB,大竹圍段,30.59,非都市：特定農業區 ; 非都市編定：甲種建築用地,1000000,10117,持分移轉,00530000
RPVNMLPJQHGGFCP96CB,興西段,35.77,都市：住,121120,3577,持分移轉,03200000
RPSNMLTJQHGGFAP86CB,九芎段,11.81,非都市：鄉村區 ; 非都市編定：乙種建築用地,2500000,72517,持分移轉,03080000
RPSNMLTJQHGGFAP86CB,九芎段,10.99,非都市：鄉村區 ; 非都市編定：乙種建築用地,2500000,72517,持分移轉,03070000
RPSNMLTJQHGGFAP86CB,九芎段,17.48,非都市：鄉村區 ; 非都市編定：乙種建築用地,2500000,72517,持分移轉,03050000
RPSNMLTJQHGGFAP86CB,九芎段,10.88,非都市：鄉村區 ; 非都市編定：乙種建築用地,2500000,72517,持分移轉,03060000
RPSNMLTJQHGGFAP86CB,九芎段,11.84,非都市：鄉村區 ; 非都市編定：乙種建築用地,2500000,72517,持分移轉,03090000
RPSNMLTJQHGGFAP86CB,九芎段,11.83,非都市：鄉村區 ; 非都市編定：乙種建築用地,2500000,72517,持分移轉,03100000
RPPNMLTJQHGGFBP76DB,僑真段,28.93,都市：住,100000,2332,持分移轉,06290000
RPUNMLPJQHGGFCP86CB,興西段,34.30,都市：住,121120,3430,持分移轉,03200000
RPQNMLTJQHGGFBP86DB,僑真段,28.46,都市：住,100000,2294,持分移轉,06290000
RPSNMLTJQHGGFBP07DB,僑真段,28.93,都市：住,100000,2332,持分移轉,06290000
RPUNMLTJQHGGFAP07CB,九芎段,16.74,非都市：鄉村區 ; 非都市編定：乙種建築用地,2500000,102828,持分移轉,03080000
RPUNMLTJQHGGFAP07CB,九芎段,15.59,非都市：鄉村區 ; 非都市編定：乙種建築用地,2500000,102828,持分移轉,03070000
RPUNMLTJQHGGFAP07CB,九芎段,24.78,非都市：鄉村區 ; 非都市編定：乙種建築用地,2500000,102828,持分移轉,03050000
RPUNMLTJQHGGFAP07CB,九芎段,15.42,非都市：鄉村區 ; 非都市編定：乙種建築用地,2500000,102828,持分移轉,03060000
RPUNMLTJQHGGFAP07CB,九芎段,16.79,非都市：鄉村區 ; 非都市編定：乙種建築用地,2500000,102828,持分移轉,03090000
RPUNMLTJQHGGFAP07CB,九芎段,16.78,非都市：鄉村區 ; 非都市編定：乙種建築用地,2500000,102828,持分移轉,03100000
RPVNMLTJQHGGFBP37DB,僑真段,27.88,都市：住,100000,2247,持分移轉,06290000
RPTNMLTJQHGGFBP17DB,僑真段,27.88,都市：住,100000,2247,持分移轉,06290000
RPUNMLTJQHGGFBP27DB,僑真段,18.11,都市：住,100000,1460,持分移轉,06290000
RPRNMLTJQHGGFBP96DB,僑真段,28.46,都市：住,100000,2294,持分移轉,06290000
RPWNMLTJQHGGFBP47DB,僑真段,27.88,都市：住,100000,2247,持分移轉,06290000
RPPNMLKKQHGGFDP68CB,高南段,25.62,都市：住,100000,1150,持分移轉,04100000
RPXNMLTJQHGGFBP57DB,僑真段,27.88,都市：住,100000,2247,持分移轉,06290000
RPPNMLKKQHGGFAP38CB,海豐崙段海豐崙小段,66.95,都市：住,1,1,全筆移轉,14600007
RPWNMLKKQHGGFDP76CB,高南段,128.39,都市：住,396753,12839,持分移轉,00680000
RPWNMLKKQHGGFDP76CB,高南段,37.42,都市：住,396753,3742,持分移轉,00680000
RPSNMLKKQHGGFAP68CB,新興段,102.00,都市：住,1,1,全筆移轉,04030004
RPOOMLTJQHGGFBP76DB,僑真段,91.79,都市：住,1,1,全筆移轉,06290002
RPOOMLTJQHGGFBP76DB,僑真段,.32,都市：住,14,1,持分移轉,06290007
RPTNMLKKQHGGFAP78CB,榴中段,22.14,非都市：一般農業區 ; 非都市編定：甲種建築用地,10000,75,持分移轉,08880000
RPUNMLKKQHGGFAP88CB,榴中段,21.85,非都市：一般農業區 ; 非都市編定：甲種建築用地,10000,74,持分移轉,08880000
RPQNMLKKQHGGFCP68CB,阿勸段,107.00,非都市：鄉村區 ; 非都市編定：乙種建築用地,1,1,全筆移轉,06010015
RPQNMLKKQHGGFCP68CB,阿勸段,3.12,非都市：鄉村區 ; 非都市編定：乙種建築用地,16,1,持分移轉,06010001
RPQNMLKKQHGGFCP68CB,阿勸段,19.38,非都市：鄉村區 ; 非都市編定：乙種建築用地,16,1,持分移轉,06010025
RPPNMLKKQHGGFCP58CB,阿勸段,107.00,非都市：鄉村區 ; 非都市編定：乙種建築用地,1,1,全筆移轉,06010034
RPPNMLKKQHGGFCP58CB,阿勸段,3.12,非都市：鄉村區 ; 非都市編定：乙種建築用地,16,1,持分移轉,06010001
RPPNMLKKQHGGFCP58CB,阿勸段,19.38,非都市：鄉村區 ; 非都市編定：乙種建築用地,16,1,持分移轉,06010025
RPRNMLKKQHGGFCP78CB,阿勸段,107.00,非都市：鄉村區 ; 非都市編定：乙種建築用地,1,1,全筆移轉,06010016
RPRNMLKKQHGGFCP78CB,阿勸段,3.12,非都市：鄉村區 ; 非都市編定：乙種建築用地,16,1,持分移轉,06010001
RPRNMLKKQHGGFCP78CB,阿勸段,19.38,非都市：鄉村區 ; 非都市編定：乙種建築用地,16,1,持分移轉,06010025
RPUNMLKKQHGGFCP09CB,阿勸段,107.00,非都市：鄉村區 ; 非都市編定：乙種建築用地,1,1,全筆移轉,06010030
RPUNMLKKQHGGFCP09CB,阿勸段,3.12,非都市：鄉村區 ; 非都市編定：乙種建築用地,16,1,持分移轉,06010001
RPUNMLKKQHGGFCP09CB,阿勸段,19.38,非都市：鄉村區 ; 非都市編定：乙種建築用地,16,1,持分移轉,06010025
RPTNMLKKQHGGFCP98CB,阿勸段,114.00,非都市：鄉村區 ; 非都市編定：乙種建築用地,1,1,全筆移轉,06010040
RPTNMLKKQHGGFCP98CB,阿勸段,12.00,非都市：鄉村區 ; 非都市編定：乙種建築用地,1,1,全筆移轉,06010041
RPVNMLKKQHGGFCP56CB,阿勸段,144.00,非都市：鄉村區 ; 非都市編定：乙種建築用地,1,1,全筆移轉,06010036
RPSNMLKKQHGGFCP88CB,阿勸段,107.00,非都市：鄉村區 ; 非都市編定：乙種建築用地,1,1,全筆移轉,06010033
RPSNMLKKQHGGFCP88CB,阿勸段,3.12,非都市：鄉村區 ; 非都市編定：乙種建築用地,16,1,持分移轉,06010001
RPSNMLKKQHGGFCP88CB,阿勸段,19.38,非都市：鄉村區 ; 非都市編定：乙種建築用地,16,1,持分移轉,06010025
RPWNMLKKQHGGFCP66CB,阿勸段,143.00,非都市：鄉村區 ; 非都市編定：乙種建築用地,1,1,全筆移轉,06010042
RPPNMLLKQHGGFBP58CB,新崙段,118.69,非都市：鄉村區 ; 非都市編定：乙種建築用地,1,1,全筆移轉,00850000
RPQNMLLKQHGGFBP68CB,新崙段,101.60,非都市：鄉村區 ; 非都市編定：乙種建築用地,1,1,全筆移轉,00850000
RPQNMLLKQHGGFFP09CB,橋頭段,25.41,非都市：鄉村區 ; 非都市編定：乙種建築用地,100000,1354,持分移轉,10380001
RPPNMLMKQHGGFBP68CB,新崙段,128.07,非都市：鄉村區 ; 非都市編定：乙種建築用地,1,1,全筆移轉,00850000
RPQNMLMKQHGGFBP78CB,新崙段,97.06,非都市：鄉村區 ; 非都市編定：乙種建築用地,1,1,全筆移轉,00850000
RPPNMLLKQHGGFFP98CB,橋頭段,20.57,非都市：鄉村區 ; 非都市編定：乙種建築用地,100000,1096,持分移轉,10380001
RPRNMLMKQHGGFBP88CB,新崙段,101.05,非都市：鄉村區 ; 非都市編定：乙種建築用地,1,1,全筆移轉,00850000
RPPNMLMKQHGGFCP78CB,漢北段,107.96,都市：住,1,1,全筆移轉,06430006
RPQNMLMKQHGGFCP88CB,漢北段,94.46,都市：住,1,1,全筆移轉,04460018
RPWNMLMKQHGGFAP66CB,南安段,100.08,都市：住,1,1,全筆移轉,14550011
RPSNMLMKQHGGFCP09CB,漢北段,94.46,都市：住,1,1,全筆移轉,04460019
RPTNMLMKQHGGFCP56CB,漢北段,94.46,都市：住,1,1,全筆移轉,04460019
RPRNMLMKQHGGFCP98CB,漢北段,98.61,都市：住,1,1,全筆移轉,04460017
RPUNMLMKQHGGFCP66CB,漢北段,94.46,都市：住,1,1,全筆移轉,04460018
RPXNMLMKQHGGFAP76CB,南安段,98.41,都市：住,1,1,全筆移轉,14550005
RPOOMLMKQHGGFAP58CB,明德段,89.54,非都市：鄉村區 ; 非都市編定：乙種建築用地,1,1,全筆移轉,10270039
RPOOMLMKQHGGFAP58CB,明德段,28.82,非都市：鄉村區 ; 非都市編定：乙種建築用地,10000,176,持分移轉,10270001
RPPNMLNKQHGGFAP68CB,南安段,98.18,都市：住,1,1,全筆移轉,14550010
RPPOMLMKQHGGFAP68CB,明德段,89.58,非都市：鄉村區 ; 非都市編定：乙種建築用地,1,1,全筆移轉,10270038
RPPOMLMKQHGGFAP68CB,明德段,28.82,非都市：鄉村區 ; 非都市編定：乙種建築用地,10000,176,持分移轉,10270001
RPQNMLNKQHGGFAP78CB,大崙段茄苳腳小段,30.98,非都市：鄉村區 ; 非都市編定：乙種建築用地,100000,2261,持分移轉,05170000
RPTOMLRKQHGGFDP27CB,高南段,37.14,都市：住,100000,1667,持分移轉,04100000
RPUOMLRKQHGGFDP37CB,高南段,25.62,都市：住,100000,1150,持分移轉,04100000
RPPNMLPKQHGGFDP56CB,石廟子段,90.00,非都市：鄉村區 ; 非都市編定：乙種建築用地,1,1,全筆移轉,06760005
RPWOMLRKQHGGFDP57CB,高南段,57.01,都市：住,100000,2559,持分移轉,04100000
RPXOMLRKQHGGFDP67CB,高南段,25.62,都市：住,100000,1150,持分移轉,04100000
RPSOMLRKQHGGFDP17CB,高南段,23.93,都市：住,100000,1074,持分移轉,04100000
RPOPMLRKQHGGFDP86CB,高南段,24.77,都市：住,100000,1112,持分移轉,04100000
RPVOMLRKQHGGFDP47CB,高南段,40.35,都市：住,100000,1811,持分移轉,04100000
RPPPMLRKQHGGFDP96CB,高南段,37.18,都市：住,100000,1669,持分移轉,04100000
RPUNMLRKQHGGFCP17CB,庄內段,91.32,非都市：鄉村區 ; 非都市編定：乙種建築用地,1,1,全筆移轉,00340011
RPUNMLRKQHGGFCP17CB,庄內段,33.44,非都市：鄉村區 ; 非都市編定：乙種建築用地,10,1,持分移轉,00340023
RPUNMLRKQHGGFCP17CB,庄內段,2.30,非都市：鄉村區 ; 非都市編定：乙種建築用地,10,1,持分移轉,00340024
RPVNMLRKQHGGFCP27CB,庄內段,124.45,非都市：鄉村區 ; 非都市編定：乙種建築用地,1,1,全筆移轉,00340000
RPVNMLRKQHGGFCP27CB,庄內段,33.44,非都市：鄉村區 ; 非都市編定：乙種建築用地,10,1,持分移轉,00340023
RPVNMLRKQHGGFCP27CB,庄內段,2.30,非都市：鄉村區 ; 非都市編定：乙種建築用地,10,1,持分移轉,00340024
RPPNMLSKQHGGFAP76EB,科加段,106.60,非都市：工業區 ; 非都市編定：丁種建築用地,892801,10660,持分移轉,00270000
RPRNMLRKQHGGFAP86EB,科加段,106.60,非都市：工業區 ; 非都市編定：丁種建築用地,892801,10660,持分移轉,00270000
RPWNMLRKQHGGFCP37CB,三塊厝段三塊厝小段,90.00,非都市：鄉村區 ; 非都市編定：乙種建築用地,1,1,全筆移轉,06730009
RPWNMLRKQHGGFCP37CB,三塊厝段三塊厝小段,21.67,非都市：鄉村區 ; 非都市編定：乙種建築用地,24,1,持分移轉,06730000
RPQNMLSKQHGGFAP86EB,科加段,106.60,非都市：工業區 ; 非都市編定：丁種建築用地,892801,10660,持分移轉,00270000
RPRNMLSKQHGGFAP96EB,科加段,106.60,非都市：工業區 ; 非都市編定：丁種建築用地,892801,10660,持分移轉,00270000
RPPNMLRKQHGGFAP66EB,科加段,114.36,非都市：工業區 ; 非都市編定：丁種建築用地,892801,11436,持分移轉,00270000
RPQNMLRKQHGGFAP76EB,科加段,106.60,非都市：工業區 ; 非都市編定：丁種建築用地,892801,10660,持分移轉,00270000
RPTNMLSKQHGGFAP17EB,科加段,106.60,非都市：工業區 ; 非都市編定：丁種建築用地,892801,10660,持分移轉,00270000
RPVNMLSKQHGGFAP37EB,科加段,113.19,非都市：工業區 ; 非都市編定：丁種建築用地,892801,11319,持分移轉,00270000
RPSNMLSKQHGGFAP07EB,科加段,106.60,非都市：工業區 ; 非都市編定：丁種建築用地,892801,10660,持分移轉,00270000
RPUNMLSKQHGGFAP27EB,科加段,106.60,非都市：工業區 ; 非都市編定：丁種建築用地,892801,10660,持分移轉,00270000
RPWNMLSKQHGGFAP47EB,科加段,113.19,非都市：工業區 ; 非都市編定：丁種建築用地,892801,11319,持分移轉,00270000
RPOOMLSKQHGGFAP76EB,科加段,106.60,非都市：工業區 ; 非都市編定：丁種建築用地,892801,10660,持分移轉,00270000
RPXNMLSKQHGGFAP57EB,科加段,106.60,非都市：工業區 ; 非都市編定：丁種建築用地,892801,10660,持分移轉,00270000
RPQOMLSKQHGGFAP96EB,科加段,106.60,非都市：工業區 ; 非都市編定：丁種建築用地,892801,10660,持分移轉,00270000
RPROMLSKQHGGFAP07EB,科加段,106.60,非都市：工業區 ; 非都市編定：丁種建築用地,892801,10660,持分移轉,00270000
RPSOMLSKQHGGFAP17EB,科加段,106.60,非都市：工業區 ; 非都市編定：丁種建築用地,892801,10660,持分移轉,00270000
RPWOMLSKQHGGFAP57EB,科加段,107.66,非都市：工業區 ; 非都市編定：丁種建築用地,892801,10766,持分移轉,00270000
RPTOMLSKQHGGFAP27EB,科加段,106.60,非都市：工業區 ; 非都市編定：丁種建築用地,892801,10660,持分移轉,00270000
RPXOMLSKQHGGFAP67EB,科加段,107.51,非都市：工業區 ; 非都市編定：丁種建築用地,892801,10751,持分移轉,00270000
RPVOMLSKQHGGFAP47EB,科加段,106.60,非都市：工業區 ; 非都市編定：丁種建築用地,892801,10660,持分移轉,00270000
RPOPMLSKQHGGFAP86EB,科加段,107.37,非都市：工業區 ; 非都市編定：丁種建築用地,892801,10737,持分移轉,00270000
RPQPMLSKQHGGFAP07EB,科加段,107.07,非都市：工業區 ; 非都市編定：丁種建築用地,892801,10707,持分移轉,00270000
RPPPMLSKQHGGFAP96EB,科加段,107.22,非都市：工業區 ; 非都市編定：丁種建築用地,892801,10722,持分移轉,00270000
RPRPMLSKQHGGFAP17EB,科加段,106.93,非都市：工業區 ; 非都市編定：丁種建築用地,892801,10693,持分移轉,00270000
RPPOMLSKQHGGFAP86EB,科加段,106.60,非都市：工業區 ; 非都市編定：丁種建築用地,892801,10660,持分移轉,00270000
RPSPMLSKQHGGFAP27EB,科加段,113.38,非都市：工業區 ; 非都市編定：丁種建築用地,892801,11338,持分移轉,00270000
RPTPMLSKQHGGFAP37EB,科加段,113.21,非都市：工業區 ; 非都市編定：丁種建築用地,892801,11321,持分移轉,00270000
RPUPMLSKQHGGFAP47EB,科加段,106.46,非都市：工業區 ; 非都市編定：丁種建築用地,892801,10646,持分移轉,00270000
RPVPMLSKQHGGFAP57EB,科加段,106.32,非都市：工業區 ; 非都市編定：丁種建築用地,892801,10632,持分移轉,00270000
RPWPMLSKQHGGFAP67EB,科加段,106.17,非都市：工業區 ; 非都市編定：丁種建築用地,892801,10617,持分移轉,00270000
RPXPMLSKQHGGFAP77EB,科加段,106.01,非都市：工業區 ; 非都市編定：丁種建築用地,892801,10601,持分移轉,00270000
RPOQMLSKQHGGFAP96EB,科加段,105.87,非都市：工業區 ; 非都市編定：丁種建築用地,892801,10587,持分移轉,00270000
RPPQMLSKQHGGFAP07EB,科加段,105.72,非都市：工業區 ; 非都市編定：丁種建築用地,892801,10572,持分移轉,00270000
RPTQMLSKQHGGFAP47EB,科加段,99.49,非都市：工業區 ; 非都市編定：丁種建築用地,892801,9949,持分移轉,00270000
RPSQMLSKQHGGFAP37EB,科加段,105.29,非都市：工業區 ; 非都市編定：丁種建築用地,892801,10529,持分移轉,00270000
RPRQMLSKQHGGFAP27EB,科加段,105.43,非都市：工業區 ; 非都市編定：丁種建築用地,892801,10543,持分移轉,00270000
RPWQMLSKQHGGFAP77EB,科加段,106.70,非都市：工業區 ; 非都市編定：丁種建築用地,892801,10670,持分移轉,00270000
RPORMLSKQHGGFAP07EB,科加段,106.70,非都市：工業區 ; 非都市編定：丁種建築用地,892801,10670,持分移轉,00270000
RPUQMLSKQHGGFAP57EB,科加段,114.53,非都市：工業區 ; 非都市編定：丁種建築用地,892801,11453,持分移轉,00270000
RPVQMLSKQHGGFAP67EB,科加段,106.70,非都市：工業區 ; 非都市編定：丁種建築用地,892801,10670,持分移轉,00270000
RPXQMLSKQHGGFAP87EB,科加段,106.70,非都市：工業區 ; 非都市編定：丁種建築用地,892801,10670,持分移轉,00270000
RPQRMLSKQHGGFAP27EB,科加段,106.70,非都市：工業區 ; 非都市編定：丁種建築用地,892801,10670,持分移轉,00270000
RPPRMLSKQHGGFAP17EB,科加段,106.70,非都市：工業區 ; 非都市編定：丁種建築用地,892801,10670,持分移轉,00270000
RPSRMLSKQHGGFAP47EB,科加段,106.70,非都市：工業區 ; 非都市編定：丁種建築用地,892801,10670,持分移轉,00270000
RPQNMLSKQHGGFCP86CB,庄內段,92.94,非都市：鄉村區 ; 非都市編定：乙種建築用地,1,1,全筆移轉,00340015
RPQNMLSKQHGGFCP86CB,庄內段,33.44,非都市：鄉村區 ; 非都市編定：乙種建築用地,10,1,持分移轉,00340023
RPQNMLSKQHGGFCP86CB,庄內段,2.30,非都市：鄉村區 ; 非都市編定：乙種建築用地,10,1,持分移轉,00340024
RPTRMLSKQHGGFAP57EB,科加段,113.29,非都市：工業區 ; 非都市編定：丁種建築用地,892801,11329,持分移轉,00270000
RPSNMLSKQHGGFCP07CB,漢北段,97.08,都市：住,1,1,全筆移轉,04460003
RPRRMLSKQHGGFAP37EB,科加段,106.70,非都市：工業區 ; 非都市編定：丁種建築用地,892801,10670,持分移轉,00270000
RPPNMLSKQHGGFAP56CB,南安段,94.18,都市：住,1,1,全筆移轉,14550002
RPPNMLTKQHGGFAP86EB,科加段,113.29,非都市：工業區 ; 非都市編定：丁種建築用地,892801,11329,持分移轉,00270000
RPPNMLTKQHGGFCP86CB,三塊厝段三塊厝小段,88.00,非都市：鄉村區 ; 非都市編定：乙種建築用地,1,1,全筆移轉,06730015
RPPNMLTKQHGGFCP86CB,三塊厝段三塊厝小段,21.67,非都市：鄉村區 ; 非都市編定：乙種建築用地,24,1,持分移轉,06730000
RPUOMLSKQHGGFAP37EB,科加段,106.60,非都市：工業區 ; 非都市編定：丁種建築用地,892801,10660,持分移轉,00270000
RPSNMLTKQHGGFAP17EB,科加段,106.70,非都市：工業區 ; 非都市編定：丁種建築用地,892801,10670,持分移轉,00270000
RPQNMLTKQHGGFCP96CB,三塊厝段三塊厝小段,87.00,非都市：鄉村區 ; 非都市編定：乙種建築用地,1,1,全筆移轉,06730020
RPQNMLTKQHGGFCP96CB,三塊厝段三塊厝小段,21.67,非都市：鄉村區 ; 非都市編定：乙種建築用地,24,1,持分移轉,06730000
RPQNMLTKQHGGFAP96EB,科加段,106.70,非都市：工業區 ; 非都市編定：丁種建築用地,892801,10670,持分移轉,00270000
RPRNMLTKQHGGFAP07EB,科加段,106.70,非都市：工業區 ; 非都市編定：丁種建築用地,892801,10670,持分移轉,00270000
RPTNMLTKQHGGFAP27EB,科加段,106.70,非都市：工業區 ; 非都市編定：丁種建築用地,892801,10670,持分移轉,00270000
RPUNMLTKQHGGFAP37EB,科加段,106.70,非都市：工業區 ; 非都市編定：丁種建築用地,892801,10670,持分移轉,00270000
RPWNMLTKQHGGFAP57EB,科加段,106.70,非都市：工業區 ; 非都市編定：丁種建築用地,892801,10670,持分移轉,00270000
RPOOMLTKQHGGFAP86EB,科加段,106.70,非都市：工業區 ; 非都市編定：丁種建築用地,892801,10670,持分移轉,00270000
RPVNMLTKQHGGFAP47EB,科加段,106.70,非都市：工業區 ; 非都市編定：丁種建築用地,892801,10670,持分移轉,00270000
RPQOMLTKQHGGFAP07EB,科加段,109.15,非都市：工業區 ; 非都市編定：丁種建築用地,892801,10915,持分移轉,00270000
RPPOMLTKQHGGFAP96EB,科加段,109.15,非都市：工業區 ; 非都市編定：丁種建築用地,892801,10915,持分移轉,00270000
RPROMLTKQHGGFAP17EB,科加段,109.15,非都市：工業區 ; 非都市編定：丁種建築用地,892801,10915,持分移轉,00270000
RPXNMLTKQHGGFAP67EB,科加段,106.70,非都市：工業區 ; 非都市編定：丁種建築用地,892801,10670,持分移轉,00270000
RPTOMLTKQHGGFAP37EB,科加段,109.15,非都市：工業區 ; 非都市編定：丁種建築用地,892801,10915,持分移轉,00270000
RPQQMLSKQHGGFAP17EB,科加段,105.58,非都市：工業區 ; 非都市編定：丁種建築用地,892801,10558,持分移轉,00270000
RPUOMLTKQHGGFAP47EB,科加段,109.15,非都市：工業區 ; 非都市編定：丁種建築用地,892801,10915,持分移轉,00270000
RPVOMLTKQHGGFAP57EB,科加段,115.94,非都市：工業區 ; 非都市編定：丁種建築用地,892801,11594,持分移轉,00270000
RPSOMLTKQHGGFAP27EB,科加段,109.15,非都市：工業區 ; 非都市編定：丁種建築用地,892801,10915,持分移轉,00270000
RPWOMLTKQHGGFAP67EB,科加段,115.94,非都市：工業區 ; 非都市編定：丁種建築用地,892801,11594,持分移轉,00270000
RPPPMLTKQHGGFAP07EB,科加段,109.15,非都市：工業區 ; 非都市編定：丁種建築用地,892801,10915,持分移轉,00270000
RPXOMLTKQHGGFAP77EB,科加段,109.15,非都市：工業區 ; 非都市編定：丁種建築用地,892801,10915,持分移轉,00270000
RPOPMLTKQHGGFAP96EB,科加段,109.15,非都市：工業區 ; 非都市編定：丁種建築用地,892801,10915,持分移轉,00270000
RPTPMLTKQHGGFAP47EB,科加段,109.15,非都市：工業區 ; 非都市編定：丁種建築用地,892801,10915,持分移轉,00270000
RPQPMLTKQHGGFAP17EB,科加段,109.15,非都市：工業區 ; 非都市編定：丁種建築用地,892801,10915,持分移轉,00270000
RPVPMLTKQHGGFAP67EB,科加段,109.15,非都市：工業區 ; 非都市編定：丁種建築用地,892801,10915,持分移轉,00270000
RPRPMLTKQHGGFAP27EB,科加段,109.15,非都市：工業區 ; 非都市編定：丁種建築用地,892801,10915,持分移轉,00270000
RPUPMLTKQHGGFAP57EB,科加段,109.15,非都市：工業區 ; 非都市編定：丁種建築用地,892801,10915,持分移轉,00270000
RPSPMLTKQHGGFAP37EB,科加段,109.15,非都市：工業區 ; 非都市編定：丁種建築用地,892801,10915,持分移轉,00270000
RPWPMLTKQHGGFAP77EB,科加段,103.59,非都市：工業區 ; 非都市編定：丁種建築用地,892801,10359,持分移轉,00270000
RPQNMLKLQHGGFCP78CB,埔西段,74.28,都市：住,1,1,全筆移轉,04810033
RPQNMLKLQHGGFCP78CB,埔西段,1.36,都市：住,48,1,持分移轉,04810065
RPQNMLKLQHGGFCP78CB,埔西段,.20,都市：住,48,1,持分移轉,04810077
RPQNMLKLQHGGFCP78CB,埔西段,5.30,都市：住,48,1,持分移轉,04810066
RPQNMLKLQHGGFCP78CB,埔西段,19.71,都市：住,18,1,持分移轉,04810078
RPRNMLKLQHGGFCP88CB,埔西段,86.37,都市：住,1,1,全筆移轉,04810032
RPRNMLKLQHGGFCP88CB,埔西段,1.36,都市：住,48,1,持分移轉,04810065
RPRNMLKLQHGGFCP88CB,埔西段,.20,都市：住,48,1,持分移轉,04810077
RPPNMLKLQHGGFCP68CB,埔西段,94.28,都市：住,1,1,全筆移轉,04810053
RPRNMLKLQHGGFCP88CB,埔西段,5.30,都市：住,48,1,持分移轉,04810066
RPRNMLKLQHGGFCP88CB,埔西段,19.71,都市：住,18,1,持分移轉,04810078
RPPNMLKLQHGGFCP68CB,埔西段,1.36,都市：住,48,1,持分移轉,04810065
RPPNMLKLQHGGFCP68CB,埔西段,.20,都市：住,48,1,持分移轉,04810077
RPPNMLKLQHGGFCP68CB,埔西段,5.30,都市：住,48,1,持分移轉,04810066
RPPNMLKLQHGGFCP68CB,埔西段,22.66,都市：住,16,1,持分移轉,04810079
RPPNMLKLQHGGFAP48CB,南安段,108.54,都市：住,1,1,全筆移轉,14550012
RPPNMLMLQHGGFAP68CB,大崙段茄苳腳小段,30.98,非都市：鄉村區 ; 非都市編定：乙種建築用地,100000,2261,持分移轉,05170000
RPQNMLKLQHGGFDP88CB,高北段,13.70,都市：住,10000,89,持分移轉,04160000
RPRNMLKLQHGGFDP09DB,復興段,91.68,都市：住,1,1,全筆移轉,02450006
RPRNMLKLQHGGFDP09DB,復興段,14.82,都市：住,10691,1482,持分移轉,02450010
RPPNMLNLQHGGFAP78CB,大崙段茄苳腳小段,30.98,非都市：鄉村區 ; 非都市編定：乙種建築用地,100000,2261,持分移轉,05170000
RPQNMLKLQHGGFAP58CB,南安段,96.28,都市：住,1,1,全筆移轉,14550009
RPSNMLKLQHGGFDP09CB,高北段,13.70,都市：住,10000,89,持分移轉,04160000
RPPNMLNLQHGGFAP88DB,八德段,25.05,非都市：鄉村區 ; 非都市編定：乙種建築用地,100000,1855,持分移轉,08110000
RPUNMLNLQHGGFDP96CB,高南段,112.00,都市：住,396753,11200,持分移轉,00680000
RPUNMLNLQHGGFDP96CB,高南段,.49,都市：住,396753,49,持分移轉,00680000
RPTNMLNLQHGGFDP86CB,高南段,124.20,都市：住,396753,12420,持分移轉,00680000
RPTNMLNLQHGGFDP86CB,高南段,37.40,都市：住,396753,3740,持分移轉,00680000
RPUNMLNLQHGGFAP86EB,光明段,33.93,非都市：工業區 ; 非都市編定：丁種建築用地,10000,380,持分移轉,06260000
RPSNMLNLQHGGFAP66EB,光明段,31.08,非都市：工業區 ; 非都市編定：丁種建築用地,10000,348,持分移轉,06260000
RPWNMLNLQHGGFAP07EB,光明段,26.17,非都市：工業區 ; 非都市編定：丁種建築用地,10000,293,持分移轉,06260000
RPTNMLNLQHGGFAP56CB,大崙段茄苳腳小段,30.98,非都市：鄉村區 ; 非都市編定：乙種建築用地,100000,2261,持分移轉,05170000
RPPNMLOLQHGGFAP98DB,保庄段,32.66,都市：住,47838,3266,持分移轉,08450008
RPVNMLNLQHGGFAP96EB,光明段,33.93,非都市：工業區 ; 非都市編定：丁種建築用地,10000,380,持分移轉,06260000
RPRNMLOLQHGGFAP56DB,龍潭段,33.94,非都市：鄉村區 ; 非都市編定：乙種建築用地,100000,4414,持分移轉,00470000
RPSNMLOLQHGGFAP66DB,龍潭段,25.37,非都市：鄉村區 ; 非都市編定：乙種建築用地,100000,3300,持分移轉,00470000
RPQOMLOLQHGGFDP76CB,高南段,124.69,都市：住,396753,12469,持分移轉,00680000
RPQOMLOLQHGGFDP76CB,高南段,37.42,都市：住,396753,3742,持分移轉,00680000
RPSNMLOLQHGGFDP86CB,大學段,93.78,都市：住,333405,9378,持分移轉,03390000
RPPOMLOLQHGGFDP66CB,高南段,106.81,都市：住,396753,10681,持分移轉,00680000
RPPOMLOLQHGGFDP66CB,高南段,37.42,都市：住,396753,3742,持分移轉,00680000
RPPPMLOLQHGGFDP76CB,高北段,13.70,都市：住,10000,89,持分移轉,04160000
RPROMLOLQHGGFDP86CB,大學段,93.78,都市：住,333405,9378,持分移轉,03390000
RPSOMLOLQHGGFDP96CB,大學段,57.83,都市：住,175478,5783,持分移轉,02890000
RPPNMLPLQHGGFDP66CB,大屯段,86.36,非都市：鄉村區 ; 非都市編定：乙種建築用地,147049,8636,持分移轉,01800000
RPPNMLPLQHGGFDP66CB,大屯段,27.53,非都市：鄉村區 ; 非都市編定：乙種建築用地,147049,2753,持分移轉,01800000
RPSOMLOLQHGGFDP96CB,大學段,21.12,都市：住,175478,2112,持分移轉,02890000
RPUOMLOLQHGGFDP17CB,大學段,57.83,都市：住,175478,5783,持分移轉,02890000
RPUOMLOLQHGGFDP17CB,大學段,21.12,都市：住,175478,2112,持分移轉,02890000
RPQNMLPLQHGGFDP76CB,大屯段,85.68,非都市：鄉村區 ; 非都市編定：乙種建築用地,147049,8568,持分移轉,01800000
RPQNMLPLQHGGFDP76CB,大屯段,27.53,非都市：鄉村區 ; 非都市編定：乙種建築用地,147049,2753,持分移轉,01800000
RPUNMLPLQHGGFDP17CB,大學段,90.00,都市：住,333405,9000,持分移轉,03390000
RPUNMLPLQHGGFDP17CB,大學段,22.28,都市：住,333405,2228,持分移轉,03390000
RPRNMLPLQHGGFDP86CB,大屯段,85.22,非都市：鄉村區 ; 非都市編定：乙種建築用地,147049,8522,持分移轉,01800000
RPRNMLPLQHGGFDP86CB,大屯段,27.53,非都市：鄉村區 ; 非都市編定：乙種建築用地,147049,2753,持分移轉,01800000
RPTNMLPLQHGGFDP07CB,大學段,90.00,都市：住,333405,9000,持分移轉,03390000
RPTNMLPLQHGGFDP07CB,大學段,22.28,都市：住,333405,2228,持分移轉,03390000
RPVNMLPLQHGGFDP27CB,大學段,90.00,都市：住,333405,9000,持分移轉,03390000
RPVNMLPLQHGGFDP27CB,大學段,22.28,都市：住,333405,2228,持分移轉,03390000
RPSNMLPLQHGGFDP96CB,大屯段,84.53,非都市：鄉村區 ; 非都市編定：乙種建築用地,147049,8453,持分移轉,01800000
RPSNMLPLQHGGFDP96CB,大屯段,27.53,非都市：鄉村區 ; 非都市編定：乙種建築用地,147049,2753,持分移轉,01800000
RPQNMLPLQHGGFAP09CB,大崙段茄苳腳小段,30.98,非都市：鄉村區 ; 非都市編定：乙種建築用地,100000,2261,持分移轉,05170000
RPPNMLPLQHGGFAP98CB,大崙段茄苳腳小段,29.44,非都市：鄉村區 ; 非都市編定：乙種建築用地,100000,2149,持分移轉,05170000
RPSNMLPLQHGGFAP66CB,科加段,108.50,非都市：工業區 ; 非都市編定：丁種建築用地,1,1,全筆移轉,00070145
RPSNMLPLQHGGFAP66CB,科加段,12.76,非都市：工業區 ; 非都市編定：丁種建築用地,10000,111,持分移轉,00070188
RPSNMLPLQHGGFAP66CB,科加段,.15,非都市：工業區 ; 非都市編定：丁種建築用地,59,1,持分移轉,00070178
RPTNMLPLQHGGFAP76CB,科加段,235.87,非都市：工業區 ; 非都市編定：丁種建築用地,1,1,全筆移轉,00070146
RPTNMLPLQHGGFAP76CB,科加段,27.70,非都市：工業區 ; 非都市編定：丁種建築用地,10000,241,持分移轉,00070188
RPTNMLPLQHGGFAP76CB,科加段,.15,非都市：工業區 ; 非都市編定：丁種建築用地,59,1,持分移轉,00070178
RPTNMLPLQHGGFAP76CB,科加段,.50,非都市：工業區 ; 非都市編定：丁種建築用地,1,1,全筆移轉,00070183
RPTNMLPLQHGGFAP76CB,科加段,3.42,非都市：工業區 ; 非都市編定：丁種建築用地,1,1,全筆移轉,00070184
RPWNMLPLQHGGFDP37CB,高北段,35.76,都市：住,1000,29,持分移轉,01140000
RPUNMLPLQHGGFAP86CB,科加段,81.05,非都市：工業區 ; 非都市編定：丁種建築用地,1,1,全筆移轉,00070149
RPUNMLPLQHGGFAP86CB,科加段,9.65,非都市：工業區 ; 非都市編定：丁種建築用地,10000,84,持分移轉,00070188
RPUNMLPLQHGGFAP86CB,科加段,.15,非都市：工業區 ; 非都市編定：丁種建築用地,59,1,持分移轉,00070178
RPPNMLQLQHGGFDP76CB,高北段,13.70,都市：住,10000,89,持分移轉,04160000
RPXNMLPLQHGGFAP17CB,科加段,86.45,非都市：工業區 ; 非都市編定：丁種建築用地,1,1,全筆移轉,00070154
RPXNMLPLQHGGFAP17CB,科加段,10.34,非都市：工業區 ; 非都市編定：丁種建築用地,10000,90,持分移轉,00070188
RPXNMLPLQHGGFAP17CB,科加段,.15,非都市：工業區 ; 非都市編定：丁種建築用地,59,1,持分移轉,00070178
RPQNMLQLQHGGFDP86CB,高北段,13.70,都市：住,10000,89,持分移轉,04160000
RPWNMLPLQHGGFAP07CB,科加段,76.04,非都市：工業區 ; 非都市編定：丁種建築用地,1,1,全筆移轉,00070151
RPWNMLPLQHGGFAP07CB,科加段,8.85,非都市：工業區 ; 非都市編定：丁種建築用地,10000,77,持分移轉,00070188
RPWNMLPLQHGGFAP07CB,科加段,.15,非都市：工業區 ; 非都市編定：丁種建築用地,59,1,持分移轉,00070178
RPPNMLQLQHGGFBP56CB,僑真段,22.93,都市：住,100000,1303,持分移轉,06230000
RPRNMLQLQHGGFDP96CB,高北段,13.70,都市：住,10000,89,持分移轉,04160000
RPSNMLQLQHGGFDP07CB,高北段,13.70,都市：住,10000,89,持分移轉,04160000
RPPNMLRLQHGGFAP76EB,光明段,33.31,非都市：工業區 ; 非都市編定：丁種建築用地,10000,373,持分移轉,06260000
RPPNMLSLQHGGFBP86DB,僑真段,28.93,都市：住,100000,2332,持分移轉,06290000
RPPNMLTLQHGGFDP07CB,高北段,13.70,都市：住,10000,89,持分移轉,04160000
RPPNMLSLQHGGFDP96CB,高南段,14.74,都市：住,1579240,14740,持分移轉,00650000
RPRNMLKMQHGGFAP88DB,八德段,32.66,非都市：鄉村區 ; 非都市編定：乙種建築用地,100000,2419,持分移轉,08110000
RPSNMLKMQHGGFAP98DB,八德段,33.51,非都市：鄉村區 ; 非都市編定：乙種建築用地,100000,2482,持分移轉,08110000
RPQNMLTLQHGGFDP17CB,高北段,13.70,都市：住,10000,89,持分移轉,04160000
RPSNMLLMQHGGFCP56CB,崙北段,163.30,都市：住,1,1,全筆移轉,08950016
RPPNMLKMQHGGFAP58CB,大崙段茄苳腳小段,39.31,非都市：鄉村區 ; 非都市編定：乙種建築用地,100000,2869,持分移轉,05170000
RPRNMLKMQHGGFAP78CB,大崙段茄苳腳小段,36.18,非都市：鄉村區 ; 非都市編定：乙種建築用地,100000,2641,持分移轉,05170000
RPUNMLKMQHGGFCP66CB,東玄段,94.31,都市：住,1,1,全筆移轉,04170010
RPSNMLKMQHGGFAP88CB,大崙段茄苳腳小段,29.44,非都市：鄉村區 ; 非都市編定：乙種建築用地,100000,2149,持分移轉,05170000
RPTNMLLMQHGGFCP66CB,崙北段,124.67,都市：住,1,1,全筆移轉,08950022
RPTNMLLMQHGGFCP66CB,崙北段,32.24,都市：住,9,1,持分移轉,08950032
RPUNMLLMQHGGFCP76CB,崙北段,106.92,都市：住,1,1,全筆移轉,08950019
RPUNMLLMQHGGFCP76CB,崙北段,32.24,都市：住,9,1,持分移轉,08950032
RPWNMLLMQHGGFCP96CB,崙北段,127.98,都市：住,1,1,全筆移轉,08950021
RPWNMLLMQHGGFCP96CB,崙北段,32.24,都市：住,9,1,持分移轉,08950032
RPVNMLLMQHGGFCP86CB,崙北段,150.12,都市：住,1,1,全筆移轉,08950020
RPVNMLLMQHGGFCP86CB,崙北段,32.24,都市：住,9,1,持分移轉,08950032
RPXNMLLMQHGGFCP07CB,崙北段,118.22,都市：住,1,1,全筆移轉,08950023
RPXNMLLMQHGGFCP07CB,崙北段,32.24,都市：住,9,1,持分移轉,08950032
RPPOMLLMQHGGFCP98CB,崙北段,164.86,都市：住,1,1,全筆移轉,08950025
RPPOMLLMQHGGFCP98CB,崙北段,32.24,都市：住,9,1,持分移轉,08950032
RPOOMLLMQHGGFCP88CB,崙北段,113.71,都市：住,1,1,全筆移轉,08950024
RPOOMLLMQHGGFCP88CB,崙北段,32.24,都市：住,9,1,持分移轉,08950032
RPUNMLLMQHGGFAP56CB,榴中段,21.85,非都市：一般農業區 ; 非都市編定：甲種建築用地,10000,74,持分移轉,08880000
RPQOMLLMQHGGFCP09CB,崙北段,136.73,都市：住,1,1,全筆移轉,09420006
RPPNMLLMQHGGFBP88DB,興國段,98.00,都市：住,1,1,全筆移轉,14610008
RPPNMLLMQHGGFBP88DB,興國段,9.79,都市：住,33,1,持分移轉,14610000
RPPNMLLMQHGGFBP88DB,興國段,5.52,都市：住,33,1,持分移轉,14610022
RPPNMLLMQHGGFBP88DB,興國段,.18,都市：住,55,1,持分移轉,14610065
RPPNMLLMQHGGFBP88DB,興國段,.25,都市：住,55,1,持分移轉,14610013
RPQNMLLMQHGGFBP98DB,興國段,83.00,都市：住,1,1,全筆移轉,14610020
RPQNMLLMQHGGFBP98DB,興國段,9.79,都市：住,33,1,持分移轉,14610000
RPQNMLLMQHGGFBP98DB,興國段,5.52,都市：住,33,1,持分移轉,14610022
RPQNMLLMQHGGFBP98DB,興國段,.18,都市：住,55,1,持分移轉,14610065
RPQNMLLMQHGGFBP98DB,興國段,.25,都市：住,55,1,持分移轉,14610013
RPPNMLLMQHGGFDP98CB,高南段,104.29,都市：住,396753,10429,持分移轉,00680000
RPPNMLLMQHGGFDP98CB,高南段,37.42,都市：住,396753,3742,持分移轉,00680000
RPVNMLLMQHGGFDP96CB,高北段,13.70,都市：住,10000,89,持分移轉,04160000
RPRNMLLMQHGGFDP56CB,高南段,23.93,都市：住,100000,1074,持分移轉,04100000
RPSNMLLMQHGGFDP66CB,高南段,23.93,都市：住,100000,1074,持分移轉,04100000
RPQNMLLJRHGGFBP78DB,興國段,83.00,都市：住,1,1,全筆移轉,14610023
RPQNMLLJRHGGFBP78DB,興國段,9.79,都市：住,33,1,持分移轉,14610000
RPQNMLLJRHGGFBP78DB,興國段,5.52,都市：住,33,1,持分移轉,14610022
RPQNMLLJRHGGFBP78DB,興國段,.18,都市：住,55,1,持分移轉,14610065
RPQNMLLJRHGGFBP78DB,興國段,.25,都市：住,55,1,持分移轉,14610013
RPWNMLLMQHGGFDP07CB,高北段,17.54,都市：住,10000,114,持分移轉,04160000
RPQNMLLMQHGGFDP09CB,高南段,40.35,都市：住,100000,1811,持分移轉,04100000
RPRNMLLJRHGGFBP88DB,興國段,102.00,都市：住,1,1,全筆移轉,14610054
RPRNMLLJRHGGFBP88DB,興國段,9.79,都市：住,33,1,持分移轉,14610000
RPRNMLLJRHGGFBP88DB,興國段,5.52,都市：住,33,1,持分移轉,14610022
RPRNMLLJRHGGFBP88DB,興國段,.18,都市：住,55,1,持分移轉,14610065
RPRNMLLJRHGGFBP88DB,興國段,.25,都市：住,55,1,持分移轉,14610013
RPRNMLLJRHGGFBP88DB,興國段,5.00,都市：住,1,1,全筆移轉,14610053
RPSNMLLJRHGGFBP98DB,興國段,92.00,都市：住,1,1,全筆移轉,14610050
RPXNMLLMQHGGFDP17CB,高北段,46.86,都市：住,1000,38,持分移轉,01140000
RPSNMLLJRHGGFBP98DB,興國段,9.79,都市：住,33,1,持分移轉,14610000
RPSNMLLJRHGGFBP98DB,興國段,5.52,都市：住,33,1,持分移轉,14610022
RPSNMLLJRHGGFBP98DB,興國段,.18,都市：住,55,1,持分移轉,14610065
RPSNMLLJRHGGFBP98DB,興國段,.25,都市：住,55,1,持分移轉,14610013
RPTNMLLJRHGGFBP09DB,興國段,83.00,都市：住,1,1,全筆移轉,14610019
RPTNMLLJRHGGFBP09DB,興國段,9.79,都市：住,33,1,持分移轉,14610000
RPTNMLLJRHGGFBP09DB,興國段,5.52,都市：住,33,1,持分移轉,14610022
RPTNMLLJRHGGFBP09DB,興國段,.18,都市：住,55,1,持分移轉,14610065
RPTNMLLJRHGGFBP09DB,興國段,.25,都市：住,55,1,持分移轉,14610013
RPUNMLLJRHGGFBP56DB,興國段,93.00,都市：住,1,1,全筆移轉,14610009
RPUNMLLJRHGGFBP56DB,興國段,.18,都市：住,55,1,持分移轉,14610065
RPUNMLLJRHGGFBP56DB,興國段,.25,都市：住,55,1,持分移轉,14610013
RPXNMLLJRHGGFBP86DB,興國段,83.00,都市：住,1,1,全筆移轉,14610007
RPXNMLLJRHGGFBP86DB,興國段,9.79,都市：住,33,1,持分移轉,14610000
RPXNMLLJRHGGFBP86DB,興國段,5.52,都市：住,33,1,持分移轉,14610022
RPXNMLLJRHGGFBP86DB,興國段,.18,都市：住,55,1,持分移轉,14610065
RPXNMLLJRHGGFBP86DB,興國段,.25,都市：住,55,1,持分移轉,14610013
RPPNMLLJRHGGFAP68EB,光明段,23.84,非都市：工業區 ; 非都市編定：丁種建築用地,10000,267,持分移轉,06260000
RPQNMLLJRHGGFAP58CB,科加段,129.61,非都市：工業區 ; 非都市編定：丁種建築用地,1,1,全筆移轉,00070177
RPQNMLLJRHGGFAP58CB,科加段,15.29,非都市：工業區 ; 非都市編定：丁種建築用地,10000,133,持分移轉,00070188
RPQNMLLJRHGGFAP58CB,科加段,.15,非都市：工業區 ; 非都市編定：丁種建築用地,59,1,持分移轉,00070178
RPQNMLLJRHGGFAP78EB,光明段,33.93,非都市：工業區 ; 非都市編定：丁種建築用地,10000,380,持分移轉,06260000
RPPNMLLJRHGGFAP48CB,科加段,79.62,非都市：工業區 ; 非都市編定：丁種建築用地,1,1,全筆移轉,00070155
RPPNMLLJRHGGFAP48CB,科加段,9.43,非都市：工業區 ; 非都市編定：丁種建築用地,10000,82,持分移轉,00070188
RPPNMLLJRHGGFAP48CB,科加段,.15,非都市：工業區 ; 非都市編定：丁種建築用地,59,1,持分移轉,00070178
RPSNMLLJRHGGFAP98EB,光明段,33.93,非都市：工業區 ; 非都市編定：丁種建築用地,10000,380,持分移轉,06260000
RPTNMLLJRHGGFAP09EB,光明段,26.17,非都市：工業區 ; 非都市編定：丁種建築用地,10000,293,持分移轉,06260000
RPUNMLLJRHGGFAP56EB,光明段,23.84,非都市：工業區 ; 非都市編定：丁種建築用地,10000,267,持分移轉,06260000
RPVNMLLJRHGGFAP66EB,光明段,26.17,非都市：工業區 ; 非都市編定：丁種建築用地,10000,293,持分移轉,06260000
RPTNMLMJRHGGFAP98CB,斗六段,38.45,都市：住,100000,12140,持分移轉,09400001
RPUNMLMJRHGGFAP09CB,斗六段,11.83,都市：住,100000,3736,持分移轉,09400001
RPRNMLLJRHGGFAP88EB,光明段,23.84,非都市：工業區 ; 非都市編定：丁種建築用地,10000,267,持分移轉,06260000
RPVNMLMJRHGGFAP56CB,斗六段,11.05,都市：住,100000,3487,持分移轉,09400001
RPQNMLMJRHGGFCP88CB,埔北段,101.51,都市：住,1,1,全筆移轉,05190072
RPQNMLMJRHGGFCP88CB,埔北段,28.61,都市：住,29,1,持分移轉,05190000
RPQNMLMJRHGGFCP88CB,埔北段,.36,都市：住,33,1,持分移轉,05190079
RPPNMLMJRHGGFDP88CB,越港段,31.70,都市：住,1,1,全筆移轉,00680033
RPPNMLMJRHGGFDP88CB,越港段,80.79,都市：住,1,1,全筆移轉,00680034
RPPNMLMJRHGGFDP88CB,越港段,28.87,都市：住,13,1,持分移轉,00680002
RPWNMLLJRHGGFAP76EB,光明段,33.93,非都市：工業區 ; 非都市編定：丁種建築用地,10000,380,持分移轉,06260000
RPRNMLMJRHGGFCP98CB,埔北段,86.64,都市：住,1,1,全筆移轉,05190050
RPRNMLMJRHGGFCP98CB,埔北段,28.61,都市：住,29,1,持分移轉,05190000
RPRNMLMJRHGGFCP98CB,埔北段,.36,都市：住,33,1,持分移轉,05190079
RPPNMLPJRHGGFDP56CB,高北段,17.54,都市：住,10000,114,持分移轉,04160000
RPQNMLPJRHGGFDP66CB,高北段,13.70,都市：住,10000,89,持分移轉,04160000
RPPNMLPJRHGGFCP09CB,埔東段,111.01,都市：農,1,1,全筆移轉,08040035
RPPNMLQJRHGGFCP56CB,埔北段,92.84,都市：住,1,1,全筆移轉,05190071
RPPNMLRJRHGGFAP09CB,大崙段茄苳腳小段,35.14,非都市：鄉村區 ; 非都市編定：乙種建築用地,54900,3514,持分移轉,00900003
RPPNMLQJRHGGFCP56CB,埔北段,28.61,都市：住,29,1,持分移轉,05190000
RPPNMLQJRHGGFCP56CB,埔北段,.36,都市：住,33,1,持分移轉,05190079
RPQNMLQJRHGGFCP66CB,埔北段,100.09,都市：住,1,1,全筆移轉,05190063
RPQNMLQJRHGGFCP66CB,埔北段,28.61,都市：住,29,1,持分移轉,05190000
RPQNMLQJRHGGFCP66CB,埔北段,.36,都市：住,33,1,持分移轉,05190079
RPTNMLRJRHGGFAP86CB,大崙段茄苳腳小段,18.13,非都市：鄉村區 ; 非都市編定：乙種建築用地,100000,1323,持分移轉,05170000
RPQNMLPJRHGGFCP56CB,埔東段,21.12,都市：農,24,1,持分移轉,08040000
RPQNMLPJRHGGFCP56CB,埔東段,79.30,都市：農,1,1,全筆移轉,08040030
RPQNMLRJRHGGFAP56CB,大崙段茄苳腳小段,39.50,非都市：鄉村區 ; 非都市編定：乙種建築用地,5490,395,持分移轉,00900003
RPRNMLRJRHGGFAP66CB,大崙段茄苳腳小段,24.63,非都市：鄉村區 ; 非都市編定：乙種建築用地,100000,1798,持分移轉,05170000
RPUNMLRJRHGGFAP96CB,大崙段茄苳腳小段,24.63,非都市：鄉村區 ; 非都市編定：乙種建築用地,100000,1798,持分移轉,05170000
RPQNMLSJRHGGFAP66CB,高林北段,102.82,非都市：一般農業區 ; 非都市編定：甲種建築用地,10000,689,持分移轉,06990000
RPPNMLSJRHGGFDP86CB,高北段,13.70,都市：住,10000,89,持分移轉,04160000
RPPNMLTJRHGGFDP07DB,馬公厝段,94.81,非都市：鄉村區 ; 非都市編定：乙種建築用地,1,1,全筆移轉,02100005
RPPNMLTJRHGGFDP07DB,馬公厝段,26.15,非都市：鄉村區 ; 非都市編定：乙種建築用地,6,1,持分移轉,02100010
RPPNMLTJRHGGFDP07DB,馬公厝段,21.52,非都市：鄉村區 ; 非都市編定：乙種建築用地,17,1,持分移轉,02020000
RPPNMLKKRHGGFAP48CB,莿桐段,73.00,非都市：鄉村區 ; 非都市編定：乙種建築用地,1,1,全筆移轉,09930034
RPPNMLKKRHGGFAP48CB,莿桐段,23.20,非都市：鄉村區 ; 非都市編定：乙種建築用地,5,1,持分移轉,09930037
