﻿編號,土地位置,土地移轉面積(平方公尺),使用分區或編定,權利人持分分母,權利人持分分子,移轉情形,地號
The serial number, land position,land shifting area square meter,the use zoning or compiles and checks,,,,land parcel
RPQNMLTLPHGGFDQ27DB,過溝段過溝小段,90.00,都市：住,1,1,全筆移轉,10570030
RPQNMLTLPHGGFDQ27DB,過溝段過溝小段,.40,都市：住,1000,66,持分移轉,11340012
RPQNMLTLPHGGFDQ27DB,過溝段過溝小段,36.30,都市：住,1000,66,持分移轉,10570044
RPQNMLTLPHGGFDQ27DB,過溝段過溝小段,1.39,都市：住,1000,66,持分移轉,10570045
RPTNMLMJQHGGFCQ56CB,竹子腳段西昌小段,107.00,非都市：特定農業區 ; 非都市編定：甲種建築用地,1,1,全筆移轉,02070003
RPPNMLKMPHGGFCQ78CB,中工段,124.86,非都市：工業區 ; 非都市編定：丁種建築用地,1,1,全筆移轉,00770033
RPRNMLSLPHGGFDQ27DB,過溝段過溝小段,102.00,都市：住,1,1,全筆移轉,10570027
RPPNMLMJQHGGFCQ78CB,竹子腳段西昌小段,125.00,非都市：特定農業區 ; 非都市編定：甲種建築用地,1,1,全筆移轉,02070045
RPRNMLSLPHGGFDQ27DB,過溝段過溝小段,.40,都市：住,1000,66,持分移轉,11340012
RPRNMLSLPHGGFDQ27DB,過溝段過溝小段,36.30,都市：住,1000,66,持分移轉,10570044
RPRNMLSLPHGGFDQ27DB,過溝段過溝小段,1.39,都市：住,1000,66,持分移轉,10570045
RPSNMLMJQHGGFCQ09CB,竹子腳段西昌小段,108.00,非都市：特定農業區 ; 非都市編定：甲種建築用地,1,1,全筆移轉,02070072
RPRNMLMJQHGGFCQ98CB,竹子腳段西昌小段,91.00,非都市：特定農業區 ; 非都市編定：甲種建築用地,1,1,全筆移轉,02070062
RPPNMLRLPHGGFCQ76CB,崙子頂段,88.00,非都市：鄉村區 ; 非都市編定：乙種建築用地,1,1,全筆移轉,02580031
RPPNMLRLPHGGFCQ76CB,崙子頂段,20.59,非都市：鄉村區 ; 非都市編定：乙種建築用地,64,1,持分移轉,02580014
RPQNMLMJQHGGFCQ88CB,竹子腳段西昌小段,92.00,非都市：特定農業區 ; 非都市編定：甲種建築用地,1,1,全筆移轉,02070051
RPUNMLMJQHGGFBQ66DB,蘇厝段,75.48,非都市：鄉村區 ; 非都市編定：乙種建築用地,1,1,全筆移轉,06000011
RPUNMLMJQHGGFBQ66DB,蘇厝段,16.21,非都市：鄉村區 ; 非都市編定：乙種建築用地,38897,1621,持分移轉,06000004
RPVNMLMJQHGGFBQ76DB,德安段,102.00,都市：住,1,1,全筆移轉,12080016
RPSNMLMJQHGGFBQ09DB,蘇厝段,75.60,非都市：鄉村區 ; 非都市編定：乙種建築用地,1,1,全筆移轉,06000013
RPSNMLMJQHGGFBQ09DB,蘇厝段,16.21,非都市：鄉村區 ; 非都市編定：乙種建築用地,38897,1621,持分移轉,06000004
RPQNMLNJQHGGFBQ88CB,內厝段,114.39,都市：住,1,1,全筆移轉,10230006
RPVNMLMJQHGGFCQ76CB,竹子腳段西昌小段,102.00,非都市：特定農業區 ; 非都市編定：甲種建築用地,1,1,全筆移轉,02070079
RPTNMLMJQHGGFBQ56DB,蘇厝段,75.60,非都市：鄉村區 ; 非都市編定：乙種建築用地,1,1,全筆移轉,06000012
RPTNMLMJQHGGFBQ56DB,蘇厝段,16.21,非都市：鄉村區 ; 非都市編定：乙種建築用地,38897,1621,持分移轉,06000004
RPPNMLNJQHGGFBQ78CB,內厝段,103.44,都市：住,1,1,全筆移轉,10230017
RPPNMLNJQHGGFBQ78CB,內厝段,32.38,都市：住,4,1,持分移轉,10230020
RPPNMLNJQHGGFCQ88CB,崙子頂段,88.99,非都市：鄉村區 ; 非都市編定：乙種建築用地,1,1,全筆移轉,02580010
RPPNMLNJQHGGFCQ88CB,崙子頂段,20.59,非都市：鄉村區 ; 非都市編定：乙種建築用地,64,1,持分移轉,02580014
RPUNMLMJQHGGFCQ66CB,竹子腳段西昌小段,102.00,非都市：特定農業區 ; 非都市編定：甲種建築用地,1,1,全筆移轉,02070078
RPQNMLOJQHGGFBQ98CB,內厝段,107.73,都市：住,1,1,全筆移轉,10230007
RPQNMLOJQHGGFBQ09DB,蘇厝段,34.38,非都市：鄉村區 ; 非都市編定：乙種建築用地,121319,3438,持分移轉,06000023
RPQNMLOJQHGGFBQ09DB,蘇厝段,5.51,非都市：鄉村區 ; 非都市編定：乙種建築用地,38897,551,持分移轉,06000004
RPPNMLPJQHGGFBQ09DB,蘇厝段,34.22,非都市：鄉村區 ; 非都市編定：乙種建築用地,121319,3422,持分移轉,06000023
RPPNMLPJQHGGFBQ09DB,蘇厝段,5.48,非都市：鄉村區 ; 非都市編定：乙種建築用地,38897,548,持分移轉,06000004
RPTNMLOJQHGGFBQ76DB,蘇厝段,24.38,非都市：鄉村區 ; 非都市編定：乙種建築用地,121319,2438,持分移轉,06000023
RPTNMLOJQHGGFBQ76DB,蘇厝段,3.91,非都市：鄉村區 ; 非都市編定：乙種建築用地,38897,391,持分移轉,06000004
RPUNMLOJQHGGFBQ86DB,蘇厝段,24.97,非都市：鄉村區 ; 非都市編定：乙種建築用地,121319,2497,持分移轉,06000023
RPUNMLOJQHGGFBQ86DB,蘇厝段,4.00,非都市：鄉村區 ; 非都市編定：乙種建築用地,38897,400,持分移轉,06000004
RPPNMLPJQHGGFDQ56CB,龍潭段,29.21,都市：住,10000,246,持分移轉,14430000
RPPNMLOJQHGGFBQ88CB,內厝段,110.38,都市：住,1,1,全筆移轉,10230013
RPPNMLKKQHGGFDQ88DB,東新段,84.60,都市：住,1,1,全筆移轉,01700038
RPPNMLKKQHGGFDQ88DB,東新段,22.63,都市：住,17,1,持分移轉,01700049
RPTNMLPJQHGGFBQ86DB,蘇厝段,34.12,非都市：鄉村區 ; 非都市編定：乙種建築用地,121319,3412,持分移轉,06000023
RPTNMLPJQHGGFBQ86DB,蘇厝段,5.47,非都市：鄉村區 ; 非都市編定：乙種建築用地,38897,547,持分移轉,06000004
RPSNMLOJQHGGFBQ66DB,蘇厝段,34.38,非都市：鄉村區 ; 非都市編定：乙種建築用地,121319,3438,持分移轉,06000023
RPSNMLOJQHGGFBQ66DB,蘇厝段,5.51,非都市：鄉村區 ; 非都市編定：乙種建築用地,38897,551,持分移轉,06000004
RPPNMLQJQHGGFCQ56CB,竹子腳段西昌小段,103.00,非都市：特定農業區 ; 非都市編定：甲種建築用地,1,1,全筆移轉,02070088
RPQNMLKKQHGGFDQ98DB,東新段,90.00,都市：住,1,1,全筆移轉,01700032
RPQNMLKKQHGGFDQ98DB,東新段,19.75,都市：住,19,1,持分移轉,01700022
RPQNMLKKQHGGFBQ78DB,牛埔段,100.27,都市：住,1,1,全筆移轉,06790015
RPPNMLQJQHGGFDQ66CB,龍潭段,29.21,都市：住,10000,246,持分移轉,14430000
RPRNMLKKQHGGFBQ88DB,牛埔段,102.56,都市：住,1,1,全筆移轉,06790014
RPPNMLMKQHGGFCQ88CB,古民段新民小段,125.00,都市：住,1,1,全筆移轉,06680019
RPQNMLMKQHGGFCQ09DB,甘蔗崙段甘蔗崙小段,99.00,都市：住,1,1,全筆移轉,01380038
RPQNMLMKQHGGFCQ09DB,甘蔗崙段甘蔗崙小段,23.00,都市：住,357,23,持分移轉,01380027
RPRNMLMKQHGGFCQ56DB,甘蔗崙段甘蔗崙小段,95.00,都市：住,1,1,全筆移轉,01380026
RPRNMLMKQHGGFCQ56DB,甘蔗崙段甘蔗崙小段,23.00,都市：住,357,23,持分移轉,01380027
RPSNMLKKQHGGFBQ98DB,牛埔段,129.80,都市：住,1,1,全筆移轉,06790007
RPSNMLKKQHGGFBQ98DB,牛埔段,22.00,都市：住,7,1,持分移轉,06790006
RPPNMLQKQHGGFCQ66CB,崙子頂段,88.99,非都市：鄉村區 ; 非都市編定：乙種建築用地,1,1,全筆移轉,02580012
RPPNMLQKQHGGFCQ66CB,崙子頂段,20.59,非都市：鄉村區 ; 非都市編定：乙種建築用地,64,1,持分移轉,02580014
RPPNMLKKQHGGFBQ68DB,牛埔段,104.15,都市：住,1,1,全筆移轉,06790016
RPQNMLQKQHGGFCQ76CB,崙子頂段,88.99,非都市：鄉村區 ; 非都市編定：乙種建築用地,1,1,全筆移轉,02580008
RPQNMLQKQHGGFCQ76CB,崙子頂段,20.59,非都市：鄉村區 ; 非都市編定：乙種建築用地,64,1,持分移轉,02580014
RPPNMLQKQHGGFDQ86DB,護生段,22.66,非都市：鄉村區 ; 非都市編定：乙種建築用地,10000,1209,持分移轉,06440000
RPPNMLQKQHGGFDQ86DB,護生段,93.16,非都市：鄉村區 ; 非都市編定：乙種建築用地,1,1,全筆移轉,06440013
RPRNMLRKQHGGFBQ96DB,牛埔段,96.54,都市：住,1,1,全筆移轉,06790004
RPUNMLRKQHGGFBQ27DB,牛埔段,101.57,都市：住,1,1,全筆移轉,06790010
RPPNMLQKQHGGFDQ96EB,護生段,22.66,非都市：鄉村區 ; 非都市編定：乙種建築用地,10000,1209,持分移轉,06440000
RPPNMLQKQHGGFDQ96EB,護生段,81.44,非都市：鄉村區 ; 非都市編定：乙種建築用地,1,1,全筆移轉,06440017
RPPNMLSKQHGGFCQ96DB,三角段,103.00,非都市：鄉村區 ; 非都市編定：乙種建築用地,1,1,全筆移轉,01420031
RPPNMLSKQHGGFCQ96DB,三角段,21.19,非都市：鄉村區 ; 非都市編定：乙種建築用地,32,1,持分移轉,01420034
RPPNMLMKQHGGFDQ09DB,東新段,95.04,都市：住,1,1,全筆移轉,01700037
RPPNMLMKQHGGFDQ09DB,東新段,22.63,都市：住,17,1,持分移轉,01700049
RPVNMLRKQHGGFBQ37DB,牛埔段,98.09,都市：住,1,1,全筆移轉,06790005
RPVNMLRKQHGGFBQ37DB,牛埔段,22.00,都市：住,7,1,持分移轉,06790006
RPPNMLSKQHGGFCQ86CB,東湖段,82.03,非都市：鄉村區 ; 非都市編定：乙種建築用地,1,1,全筆移轉,14150024
RPPNMLSKQHGGFCQ86CB,東湖段,.39,非都市：鄉村區 ; 非都市編定：乙種建築用地,31,1,持分移轉,14150003
RPPNMLSKQHGGFCQ86CB,東湖段,.48,非都市：鄉村區 ; 非都市編定：乙種建築用地,31,1,持分移轉,14150017
RPPNMLSKQHGGFCQ86CB,東湖段,16.43,非都市：鄉村區 ; 非都市編定：乙種建築用地,31,1,持分移轉,14150018
RPPNMLSKQHGGFCQ86CB,東湖段,.28,非都市：鄉村區 ; 非都市編定：乙種建築用地,31,1,持分移轉,14150034
RPPNMLSKQHGGFCQ86CB,東湖段,.32,非都市：鄉村區 ; 非都市編定：乙種建築用地,31,1,持分移轉,14150036
RPRNMLSKQHGGFCQ07CB,雙援段,78.00,非都市：特定農業區 ; 非都市編定：甲種建築用地,1,1,全筆移轉,00900010
RPTNMLSKQHGGFCQ27CB,東湖段,87.15,非都市：鄉村區 ; 非都市編定：乙種建築用地,1,1,全筆移轉,14150004
RPTNMLSKQHGGFCQ27CB,東湖段,.39,非都市：鄉村區 ; 非都市編定：乙種建築用地,31,1,持分移轉,14150003
RPTNMLSKQHGGFCQ27CB,東湖段,.48,非都市：鄉村區 ; 非都市編定：乙種建築用地,31,1,持分移轉,14150017
RPTNMLSKQHGGFCQ27CB,東湖段,16.43,非都市：鄉村區 ; 非都市編定：乙種建築用地,31,1,持分移轉,14150018
RPTNMLSKQHGGFCQ27CB,東湖段,.28,非都市：鄉村區 ; 非都市編定：乙種建築用地,31,1,持分移轉,14150034
RPTNMLSKQHGGFCQ27CB,東湖段,.32,非都市：鄉村區 ; 非都市編定：乙種建築用地,31,1,持分移轉,14150036
RPVNMLSKQHGGFCQ47CB,東湖段,80.52,非都市：鄉村區 ; 非都市編定：乙種建築用地,1,1,全筆移轉,14150006
RPVNMLSKQHGGFCQ47CB,東湖段,.39,非都市：鄉村區 ; 非都市編定：乙種建築用地,31,1,持分移轉,14150003
RPVNMLSKQHGGFCQ47CB,東湖段,.48,非都市：鄉村區 ; 非都市編定：乙種建築用地,31,1,持分移轉,14150017
RPVNMLSKQHGGFCQ47CB,東湖段,16.43,非都市：鄉村區 ; 非都市編定：乙種建築用地,31,1,持分移轉,14150018
RPVNMLSKQHGGFCQ47CB,東湖段,.28,非都市：鄉村區 ; 非都市編定：乙種建築用地,31,1,持分移轉,14150034
RPVNMLSKQHGGFCQ47CB,東湖段,.32,非都市：鄉村區 ; 非都市編定：乙種建築用地,31,1,持分移轉,14150036
RPUNMLSKQHGGFCQ37CB,東湖段,117.31,非都市：鄉村區 ; 非都市編定：乙種建築用地,1,1,全筆移轉,14150035
RPUNMLSKQHGGFCQ37CB,東湖段,.39,非都市：鄉村區 ; 非都市編定：乙種建築用地,31,1,持分移轉,14150003
RPUNMLSKQHGGFCQ37CB,東湖段,.48,非都市：鄉村區 ; 非都市編定：乙種建築用地,31,1,持分移轉,14150017
RPUNMLSKQHGGFCQ37CB,東湖段,16.43,非都市：鄉村區 ; 非都市編定：乙種建築用地,31,1,持分移轉,14150018
RPUNMLSKQHGGFCQ37CB,東湖段,.28,非都市：鄉村區 ; 非都市編定：乙種建築用地,31,1,持分移轉,14150034
RPUNMLSKQHGGFCQ37CB,東湖段,.32,非都市：鄉村區 ; 非都市編定：乙種建築用地,31,1,持分移轉,14150036
RPPNMLTKQHGGFBQ96DB,牛埔段,138.61,都市：住,1,1,全筆移轉,06790001
RPPNMLTKQHGGFBQ96DB,牛埔段,22.00,都市：住,7,1,持分移轉,06790006
RPPNMLTKQHGGFCQ07DB,甘蔗崙段甘蔗崙小段,93.00,都市：住,1,1,全筆移轉,01380013
RPRNMLRLQHGGFCQ17DB,甘蔗崙段甘蔗崙小段,101.00,都市：住,1,1,全筆移轉,01250003
RPQNMLNLQHGGFCQ56CB,東湖段,81.11,非都市：鄉村區 ; 非都市編定：乙種建築用地,1,1,全筆移轉,14150011
RPQNMLNLQHGGFCQ56CB,東湖段,.39,非都市：鄉村區 ; 非都市編定：乙種建築用地,31,1,持分移轉,14150003
RPQNMLNLQHGGFCQ56CB,東湖段,.48,非都市：鄉村區 ; 非都市編定：乙種建築用地,31,1,持分移轉,14150017
RPQNMLNLQHGGFCQ56CB,東湖段,16.43,非都市：鄉村區 ; 非都市編定：乙種建築用地,31,1,持分移轉,14150018
RPQNMLNLQHGGFCQ56CB,東湖段,.28,非都市：鄉村區 ; 非都市編定：乙種建築用地,31,1,持分移轉,14150034
RPQNMLNLQHGGFCQ56CB,東湖段,.32,非都市：鄉村區 ; 非都市編定：乙種建築用地,31,1,持分移轉,14150036
RPQNMLSKQHGGFCQ96CB,東湖段,139.80,非都市：鄉村區 ; 非都市編定：乙種建築用地,1,1,全筆移轉,14150016
RPQNMLSKQHGGFCQ96CB,東湖段,.39,非都市：鄉村區 ; 非都市編定：乙種建築用地,31,1,持分移轉,14150003
RPQNMLSKQHGGFCQ96CB,東湖段,.48,非都市：鄉村區 ; 非都市編定：乙種建築用地,31,1,持分移轉,14150017
RPQNMLSKQHGGFCQ96CB,東湖段,16.43,非都市：鄉村區 ; 非都市編定：乙種建築用地,31,1,持分移轉,14150018
RPQNMLSKQHGGFCQ96CB,東湖段,.28,非都市：鄉村區 ; 非都市編定：乙種建築用地,31,1,持分移轉,14150034
RPQNMLSKQHGGFCQ96CB,東湖段,.32,非都市：鄉村區 ; 非都市編定：乙種建築用地,31,1,持分移轉,14150036
RPPNMLOLQHGGFCQ66DB,新興段,117.00,都市：住,1,1,全筆移轉,04060000
RPPNMLOLQHGGFCQ66DB,新興段,5.65,都市：住,1500,565,持分移轉,04060002
RPSNMLOLQHGGFCQ86CB,東湖段,125.99,非都市：鄉村區 ; 非都市編定：乙種建築用地,1,1,全筆移轉,14150019
RPSNMLOLQHGGFCQ86CB,東湖段,.39,非都市：鄉村區 ; 非都市編定：乙種建築用地,31,1,持分移轉,14150003
RPSNMLOLQHGGFCQ86CB,東湖段,.48,非都市：鄉村區 ; 非都市編定：乙種建築用地,31,1,持分移轉,14150017
RPSNMLOLQHGGFCQ86CB,東湖段,16.43,非都市：鄉村區 ; 非都市編定：乙種建築用地,31,1,持分移轉,14150018
RPSNMLOLQHGGFCQ86CB,東湖段,.28,非都市：鄉村區 ; 非都市編定：乙種建築用地,31,1,持分移轉,14150034
RPSNMLOLQHGGFCQ86CB,東湖段,.32,非都市：鄉村區 ; 非都市編定：乙種建築用地,31,1,持分移轉,14150036
RPQNMLOLQHGGFCQ66CB,東湖段,96.43,非都市：鄉村區 ; 非都市編定：乙種建築用地,1,1,全筆移轉,14150015
RPQNMLOLQHGGFCQ66CB,東湖段,.39,非都市：鄉村區 ; 非都市編定：乙種建築用地,31,1,持分移轉,14150003
RPQNMLOLQHGGFCQ66CB,東湖段,.48,非都市：鄉村區 ; 非都市編定：乙種建築用地,31,1,持分移轉,14150017
RPQNMLOLQHGGFCQ66CB,東湖段,16.43,非都市：鄉村區 ; 非都市編定：乙種建築用地,31,1,持分移轉,14150018
RPQNMLOLQHGGFCQ66CB,東湖段,.28,非都市：鄉村區 ; 非都市編定：乙種建築用地,31,1,持分移轉,14150034
RPQNMLOLQHGGFCQ66CB,東湖段,.32,非都市：鄉村區 ; 非都市編定：乙種建築用地,31,1,持分移轉,14150036
RPPNMLSLQHGGFBQ96DB,蘇厝段,75.60,非都市：鄉村區 ; 非都市編定：乙種建築用地,1,1,全筆移轉,06000015
RPPNMLSLQHGGFBQ96DB,蘇厝段,16.21,非都市：鄉村區 ; 非都市編定：乙種建築用地,38897,1621,持分移轉,06000004
RPSNMLRLQHGGFCQ27DB,甘蔗崙段甘蔗崙小段,91.00,都市：住,1,1,全筆移轉,01250007
RPPNMLOLQHGGFCQ56CB,東湖段,199.34,非都市：鄉村區 ; 非都市編定：乙種建築用地,1,1,全筆移轉,14150037
RPPNMLOLQHGGFCQ56CB,東湖段,.39,非都市：鄉村區 ; 非都市編定：乙種建築用地,31,1,持分移轉,14150003
RPPNMLOLQHGGFCQ56CB,東湖段,.48,非都市：鄉村區 ; 非都市編定：乙種建築用地,31,1,持分移轉,14150017
RPPNMLOLQHGGFCQ56CB,東湖段,16.43,非都市：鄉村區 ; 非都市編定：乙種建築用地,31,1,持分移轉,14150018
RPPNMLOLQHGGFCQ56CB,東湖段,.28,非都市：鄉村區 ; 非都市編定：乙種建築用地,31,1,持分移轉,14150034
RPPNMLOLQHGGFCQ56CB,東湖段,.32,非都市：鄉村區 ; 非都市編定：乙種建築用地,31,1,持分移轉,14150036
RPTNMLSLQHGGFBQ37DB,蘇厝段,34.38,非都市：鄉村區 ; 非都市編定：乙種建築用地,121319,3438,持分移轉,06000023
RPTNMLSLQHGGFBQ37DB,蘇厝段,5.51,非都市：鄉村區 ; 非都市編定：乙種建築用地,38897,551,持分移轉,06000004
RPXNMLKMQHGGFDQ17CB,龍潭段,122.24,都市：住,1,1,全筆移轉,05900040
RPXNMLKMQHGGFDQ17CB,龍潭段,25.94,都市：住,8,1,持分移轉,05900047
RPUNMLSLQHGGFBQ47DB,蘇厝段,34.38,非都市：鄉村區 ; 非都市編定：乙種建築用地,121319,3438,持分移轉,06000023
RPUNMLSLQHGGFBQ47DB,蘇厝段,5.51,非都市：鄉村區 ; 非都市編定：乙種建築用地,38897,551,持分移轉,06000004
RPQNMLKMQHGGFBQ98DB,蘇厝段,35.38,非都市：鄉村區 ; 非都市編定：乙種建築用地,121319,3538,持分移轉,06000023
RPQNMLKMQHGGFBQ98DB,蘇厝段,5.67,非都市：鄉村區 ; 非都市編定：乙種建築用地,38897,567,持分移轉,06000004
RPVNMLKMQHGGFDQ96CB,龍潭段,183.84,都市：住,1,1,全筆移轉,05900046
RPVNMLKMQHGGFDQ96CB,龍潭段,25.94,都市：住,8,1,持分移轉,05900047
RPPNMLLMQHGGFDQ09CB,護生段,93.40,非都市：鄉村區 ; 非都市編定：乙種建築用地,1,1,全筆移轉,03210009
RPPNMLLMQHGGFDQ09CB,護生段,26.61,非都市：鄉村區 ; 非都市編定：乙種建築用地,1,1,全筆移轉,03210010
RPTNMLNJRHGGFCQ76CB,中工段,.01,非都市：工業區 ; 非都市編定：丁種建築用地,1000000000,31341,持分移轉,00790006
RPTNMLNJRHGGFCQ76CB,中工段,.01,非都市：工業區 ; 非都市編定：丁種建築用地,1000000000,31341,持分移轉,00800010
RPTNMLNJRHGGFCQ76CB,中工段,.00,非都市：工業區 ; 非都市編定：丁種建築用地,1000000000,31341,持分移轉,00800009
RPQNMLLMQHGGFDQ56CB,過溝段過溝小段,90.00,都市：其他:嘉義交流道特定區,1,1,全筆移轉,06240048
RPPNMLLJRHGGFCQ78CB,中工段,.01,非都市：工業區 ; 非都市編定：丁種建築用地,1000000000,31341,持分移轉,00790006
RPPNMLLJRHGGFCQ78CB,中工段,.01,非都市：工業區 ; 非都市編定：丁種建築用地,1000000000,31341,持分移轉,00800010
RPPNMLLJRHGGFCQ78CB,中工段,.00,非都市：工業區 ; 非都市編定：丁種建築用地,1000000000,31341,持分移轉,00800009
RPVNMLSLQHGGFBQ57DB,蘇厝段,24.38,非都市：鄉村區 ; 非都市編定：乙種建築用地,121319,2438,持分移轉,06000023
RPVNMLSLQHGGFBQ57DB,蘇厝段,3.91,非都市：鄉村區 ; 非都市編定：乙種建築用地,38897,391,持分移轉,06000004
RPPNMLQJRHGGFCQ66CB,崙子頂段,88.00,非都市：鄉村區 ; 非都市編定：乙種建築用地,1,1,全筆移轉,02580020
RPPNMLQJRHGGFCQ66CB,崙子頂段,20.59,非都市：鄉村區 ; 非都市編定：乙種建築用地,64,1,持分移轉,02580014
RPUNMLNJRHGGFCQ86CB,中工段,.01,非都市：工業區 ; 非都市編定：丁種建築用地,1000000000,41077,持分移轉,00790006
RPUNMLNJRHGGFCQ86CB,中工段,.01,非都市：工業區 ; 非都市編定：丁種建築用地,1000000000,41077,持分移轉,00800010
RPUNMLNJRHGGFCQ86CB,中工段,.00,非都市：工業區 ; 非都市編定：丁種建築用地,1000000000,41078,持分移轉,00800009
RPQNMLNJRHGGFCQ09CB,東湖段,81.66,非都市：鄉村區 ; 非都市編定：乙種建築用地,1,1,全筆移轉,14150008
RPQNMLNJRHGGFCQ09CB,東湖段,.39,非都市：鄉村區 ; 非都市編定：乙種建築用地,31,1,持分移轉,14150003
RPQNMLNJRHGGFCQ09CB,東湖段,.48,非都市：鄉村區 ; 非都市編定：乙種建築用地,31,1,持分移轉,14150017
RPQNMLNJRHGGFCQ09CB,東湖段,16.43,非都市：鄉村區 ; 非都市編定：乙種建築用地,31,1,持分移轉,14150018
RPQNMLNJRHGGFCQ09CB,東湖段,.28,非都市：鄉村區 ; 非都市編定：乙種建築用地,31,1,持分移轉,14150034
RPQNMLNJRHGGFCQ09CB,東湖段,.32,非都市：鄉村區 ; 非都市編定：乙種建築用地,31,1,持分移轉,14150036
RPQNMLQJRHGGFCQ76CB,崙子頂段,88.00,非都市：鄉村區 ; 非都市編定：乙種建築用地,1,1,全筆移轉,02580033
RPQNMLQJRHGGFCQ76CB,崙子頂段,20.59,非都市：鄉村區 ; 非都市編定：乙種建築用地,64,1,持分移轉,02580014
RPRNMLQJRHGGFCQ86CB,崙子頂段,88.00,非都市：鄉村區 ; 非都市編定：乙種建築用地,1,1,全筆移轉,02580030
RPRNMLQJRHGGFCQ86CB,崙子頂段,20.59,非都市：鄉村區 ; 非都市編定：乙種建築用地,64,1,持分移轉,02580014
RPPNMLQJRHGGFDQ76CB,龍潭段,98.41,都市：住,1,1,全筆移轉,05900045
RPPNMLQJRHGGFDQ76CB,龍潭段,25.94,都市：住,8,1,持分移轉,05900047
RPPNMLTJRHGGFCQ96CB,新興段,97.00,都市：住,1,1,全筆移轉,04060023
RPSNMLQJRHGGFCQ96CB,崙子頂段,88.99,非都市：鄉村區 ; 非都市編定：乙種建築用地,1,1,全筆移轉,02580009
RPSNMLQJRHGGFCQ96CB,崙子頂段,20.59,非都市：鄉村區 ; 非都市編定：乙種建築用地,64,1,持分移轉,02580014
