﻿編號,屋齡,建物移轉面積平方公尺,主要用途,主要建材,建築完成日期,總層數,建物分層
The serial number,room age,building shifting area square meter,the main use,main building materials,construction completes the date,total layer,building lamination
RPPNMLMLNHGGFCV56DA,37,53.62,住家用,加強磚造,73年2月14日,二層,一層 二層 騎樓
RPPNMLMLNHGGFCV56DA,37,53.62,住家用,加強磚造,73年2月14日,二層,一層 二層 騎樓
RPQNMLTLMHGGFCV27DA,5,90.64,Ｈ２住宅,鋼筋混凝土造,104年12月18日,三層,一層 二層 三層 陽台
RPQNMLTLMHGGFCV27DA,5,90.64,Ｈ２住宅,鋼筋混凝土造,104年12月18日,三層,一層 二層 三層 陽台
RPPNMLQJOHGGFAV66DA,,48.35,Ｈ２集合住宅,ＲＣ造,109年7月24日,五層,見其他登記事項 見其他登記事項
RPPNMLQJOHGGFAV66DA,,16.04,共用部份,ＲＣ造,109年7月24日,五層,
RPVNMLOJOHGGFAV07DA,,177.21,Ｈ２住宅,ＲＣ造,110年3月5日,三層,一層 二層 三層 見其他登記事項
RPQNMLSLNHGGFAV07DA,26,13.87,通廊，電梯，樓梯，共同使用,鋼筋混凝土造,83年12月17日,八層,
RPQNMLSLNHGGFAV07DA,26,29.81,地下一層（共同使用）防空斗避難室兼停車空間,鋼筋混凝土造,83年12月17日,八層,
RPQNMLSLNHGGFAV07DA,26,14.45,地下二層（共同使用）防空避難室兼停車空間,鋼筋混凝土造,83年12月17日,八層,
RPQNMLSLNHGGFAV07DA,26,109.58,集合住宅,鋼筋混凝土造,83年12月17日,八層,四層 陽台 花台
RPQNMLKKOHGGFAV88DA,,197.61,住家用,ＲＣ造,110年1月19日,三層,一層 二層 三層 見其他登記事項
RPQOMLTJOHGGFAV17DA,44,68.75,住家用,木石磚造,66年5月1日,一層,一層
RPTNMLOLNHGGFAV96DA,5,205.73,住宅、樓梯間,ＲＣ造,105年1月5日,三層,一層 二層 三層 見其他登記事項 見其他登記事項
RPUNMLQLNHGGFAV27DA,26,100.22,集合住宅,鋼筋混凝土造,84年2月17日,八層,七層 陽台 花台
RPUNMLQLNHGGFAV27DA,26,17.65,防空避難室暨停車空間、配電室,鋼筋混凝土造,84年2月17日,八層,
RPUNMLQLNHGGFAV27DA,26,12.74,車道、警衛室、托兒所、電梯、樓梯,鋼筋混凝土造,84年2月17日,八層,
RPPNMLKKOHGGFDV09DA,28,13.54,出租套房（共同使用）．樓梯間．機械房．水箱,鋼筋混凝土造,82年11月8日,八層,
RPPNMLKKOHGGFDV09DA,28,36.90,出租套房,鋼筋混凝土造,82年11月8日,八層,四層 陽台
RPPNMLQLNHGGFAV76DA,,11.71,住家用,鐵筋水泥磚,,二層,一層 二層 騎樓
RPQNMLPKOHGGFCV96DA,42,126.28,住商用,鐵筋水泥磚,68年10月15日,二層,一層 二層 騎樓
RPUNMLOLNHGGFAV07DA,38,100.78,集合住宅,鋼筋混凝土造,72年2月9日,四層,四層 陽台
RPUNMLOLNHGGFAV07DA,38,7.82,國民住宅、走道,鋼筋混凝土造,72年2月9日,四層,
RPUNMLOJOHGGFAV96DA,,179.91,Ｈ２住宅,ＲＣ造,110年3月5日,三層,一層 二層 三層 見其他登記事項
RPPNMLLMNHGGFAV98DA,26,73.96,集合住宅,鋼筋混凝土造,84年6月1日,五層,三層 見其他登記事項
RPPNMLLMNHGGFAV98DA,26,8.53,停車空間．兼儲藏室（共同使用）,鋼筋混凝土造,84年6月1日,五層,
RPPNMLLMNHGGFAV98DA,26,10.63,樓梯．通廊．瞭望台．水箱．蓄水池（共同使用）,鋼筋混凝土造,84年6月1日,五層,
RPTNMLLKOHGGFAV66DA,,73.44,住家用,水泥磚木蓋瓦,,一層,一層
RPPNMLLJNHGGFAV68DA,6,413.20,住宅、樓梯間、騎樓,ＲＣ造,104年7月15日,三層,一層 二層 三層 騎樓 見其他登記事項 見其他登記事項
RPTNMLOLMHGGFAV86DA,,99.39,住家用,鋼筋混凝土造,109年12月23日,四層,一層 二層 三層 四層 見其他登記事項
RPTNMLOLMHGGFAV86DA,,99.39,住家用,鋼筋混凝土造,109年12月23日,四層,一層 二層 三層 四層 見其他登記事項
RPTNMLKKOHGGFAV56DA,,229.23,住宅、樓梯間,ＲＣ造,110年3月9日,三層,一層 二層 三層 見其他登記事項 見其他登記事項
RPSNMLQJOHGGFAV96DA,,56.03,Ｈ２集合住宅,ＲＣ造,109年7月24日,五層,見其他登記事項 見其他登記事項
RPSNMLQJOHGGFAV96DA,,20.10,共用部份,ＲＣ造,109年7月24日,五層,
RPPNMLLKOHGGFAV88DA,21,402.01,住商用,鋼筋混凝土造,89年1月4日,三層,一層 二層 三層 陽台
RPRNMLOJNHGGFAV56DA,37,84.48,住家用,加強磚造,73年5月8日,二層,一層 二層
RPWNMLQJOHGGFAV37DA,,56.03,Ｈ２集合住宅,ＲＣ造,109年7月24日,五層,見其他登記事項 見其他登記事項
RPWNMLQJOHGGFAV37DA,,20.10,共用部份,ＲＣ造,109年7月24日,五層,
RPTNMLQJOHGGFAV07DA,,56.03,Ｈ２集合住宅,ＲＣ造,109年7月24日,五層,見其他登記事項 見其他登記事項
RPTNMLQJOHGGFAV07DA,,20.10,共用部份,ＲＣ造,109年7月24日,五層,
RPRNMLQJOHGGFAV86DA,,48.35,Ｈ２集合住宅,ＲＣ造,109年7月24日,五層,見其他登記事項 見其他登記事項
RPRNMLQJOHGGFAV86DA,,16.04,共用部份,ＲＣ造,109年7月24日,五層,
RPTNMLTJLHGGFAV07DA,,.09,店舖,ＲＣ造,110年3月9日,十二層,一層
RPTNMLTJLHGGFAV07DA,,45.38,集合住宅,ＲＣ造,110年3月9日,十二層,二層 見其他登記事項
RPTNMLTJLHGGFAV07DA,,45.38,集合住宅,ＲＣ造,110年3月9日,十二層,二層 見其他登記事項
RPTNMLTJLHGGFAV07DA,,6.24,防空避難室及停車空間、台電配電室、管委會空間,ＲＣ造,110年3月9日,十二層,
RPTNMLTJLHGGFAV07DA,,18.88,防空避難室及停車空間、台電配電室、管委會空間,ＲＣ造,110年3月9日,十二層,
RPTNMLTJLHGGFAV07DA,,6.24,防空避難室及停車空間、台電配電室、管委會空間,ＲＣ造,110年3月9日,十二層,
RPTNMLTJLHGGFAV07DA,,18.88,防空避難室及停車空間、台電配電室、管委會空間,ＲＣ造,110年3月9日,十二層,
RPTNMLTJLHGGFAV07DA,,12.17,梯間,ＲＣ造,110年3月9日,十二層,
RPTNMLTJLHGGFAV07DA,,12.17,梯間,ＲＣ造,110年3月9日,十二層,
RPTNMLTJLHGGFAV07DA,,.03,梯間,ＲＣ造,110年3月9日,十二層,
RPTNMLTJLHGGFAV07DA,,.03,梯間,ＲＣ造,110年3月9日,十二層,
RPTNMLTJLHGGFAV07DA,,.09,店舖,ＲＣ造,110年3月9日,十二層,一層
RPUNMLSLNHGGFAV47DA,25,85.45,集合住宅,鋼筋混凝土造,84年12月20日,七層,二層 陽台
RPUNMLSLNHGGFAV47DA,,32.96,避難室、門廳、電樓梯間,鋼筋混凝土造,,七層,
RPVNMLSLMHGGFAV47DA,25,184.99,住家用,鋼筋混凝土造,85年2月13日,三層,一層 二層 三層 屋頂突出物 見其他登記事項
RPPNMLTLMHGGFAV96DA,46,66.42,住家用,鐵筋水泥磚,64年2月7日,二層,一層 二層
RPPNMLTLMHGGFAV96DA,,87.30,住商用,鐵筋水泥磚,,二層,一層 二層 騎樓
RPPNMLKMNHGGFAV88DA,27,143.12,住家用,鋼筋混凝土造,83年5月5日,五層,四層 陽台
RPPNMLKMNHGGFAV88DA,27,43.37,避難室（共同使用）,鋼筋混凝土造,83年5月5日,五層,
RPRNMLPLNHGGFAV86DA,3,213.50,住宅、樓梯間,ＲＣ造,107年7月2日,三層,一層 二層 三層 屋頂突出物 見其他登記事項
RPPNMLMKOHGGFDV66DA,27,5.45,樓梯間．門房走道,鋼筋混凝土造,83年9月30日,八層,
RPPNMLMKOHGGFDV66DA,27,31.54,套房,鋼筋混凝土造,83年9月30日,八層,七層 陽台
RPSNMLRKNHGGFAV07DA,25,35.92,電梯．樓梯．走道．水箱．機械室．防空避難室及停車間（公共設施．共同使用）,鋼筋混凝土造,84年12月4日,十六層,
RPSNMLRKNHGGFAV07DA,25,104.95,住家用,鋼筋混凝土造,84年12月4日,十六層,九層 陽台
RPSOMLRLNHGGFAV27DA,1,223.92,騎樓、店鋪、住宅、樓梯間,ＲＣ造,109年10月21日,三層,一層 二層 三層 騎樓 見其他登記事項 見其他登記事項
RPQNMLPKNHGGFAV66DA,26,162.14,鄉村住宅,鋼筋混凝土造,84年5月16日,三層,一層 二層 三層 見其他登記事項
RPRNMLSJOHGGFAV07DA,27,164.08,住家用,鋼筋混凝土造,82年12月18日,三層,一層 二層 三層 屋頂突出物
RPUNMLSJOHGGFAV37DA,3,51.84,集合住宅,ＲＣ造,107年3月23日,九層,六層 見其他登記事項
RPUNMLSJOHGGFAV37DA,3,55.70,停車空間、騎樓、樓梯間、機械室、蓄水池,ＲＣ造,107年3月23日,九層,
RPUNMLQJOHGGFAV17DA,1,48.16,Ｈ２集合住宅,ＲＣ造,109年7月24日,五層,見其他登記事項 見其他登記事項
RPUNMLQJOHGGFAV17DA,1,15.96,共用部份,ＲＣ造,109年7月24日,五層,
RPVNMLQJOHGGFAV27DA,,48.09,Ｈ２集合住宅,ＲＣ造,109年7月24日,五層,見其他登記事項 見其他登記事項
RPVNMLQJOHGGFAV27DA,,15.93,共用部份,ＲＣ造,109年7月24日,五層,
RPVNMLPKOHGGFAV27DA,43,93.60,住家用,加強磚造,67年4月20日,二層,一層 二層
RPRNMLPKOHGGFAV86DA,40,110.40,住家用,加強磚造,70年11月13日,二層,一層 二層
RPXNMLPKOHGGFAV47DA,27,7.45,集合住宅（共同使用）,鋼筋混凝土造,82年10月19日,七層,
RPXNMLPKOHGGFAV47DA,27,7.45,集合住宅（共同使用）,鋼筋混凝土造,82年10月19日,七層,
RPXNMLPKOHGGFAV47DA,27,2.98,樓梯間（共同使用）,鋼筋混凝土造,82年10月19日,七層,
RPXNMLPKOHGGFAV47DA,27,2.98,樓梯間（共同使用）,鋼筋混凝土造,82年10月19日,七層,
RPXNMLPKOHGGFAV47DA,27,27.42,集合住宅,鋼筋混凝土造,82年10月19日,七層,六層 陽台
RPXNMLPKOHGGFAV47DA,27,27.42,集合住宅,鋼筋混凝土造,82年10月19日,七層,七層 陽台
RPSOMLPKOHGGFAV07DA,26,84.12,集合住宅,鋼筋混凝土造,84年1月25日,十層,七層 陽台 花台
RPSOMLPKOHGGFAV07DA,,2.11,樓梯，電梯，機械房,鋼筋混凝土造,,十層,
RPSOMLPKOHGGFAV07DA,26,9.34,樓梯．電梯間,鋼筋混凝土造,84年1月25日,十層,
RPSOMLPKOHGGFAV07DA,26,2.26,門廳．車道．水箱．交誼廳．通道,鋼筋混凝土造,84年1月25日,十層,
RPSOMLPKOHGGFAV07DA,26,11.52,防空避難室．配電室．停車空間,鋼筋混凝土造,84年1月25日,十層,
RPRNMLNKNHGGFAV56DA,,82.70,住宅,ＲＣ造,110年3月9日,三層,一層 二層 三層 見其他登記事項
RPRNMLNKNHGGFAV56DA,,82.70,住宅,ＲＣ造,110年3月9日,三層,一層 二層 三層 見其他登記事項
RPQNMLQJOHGGFAV76DA,,55.72,Ｈ２集合住宅,ＲＣ造,109年7月24日,五層,見其他登記事項 見其他登記事項
RPQNMLQJOHGGFAV76DA,,19.98,共用部份,ＲＣ造,109年7月24日,五層,
RPPNMLQKOHGGFAV76DA,25,213.51,住商用,鋼筋混凝土造,85年1月13日,四層,一層 二層 三層 四層 騎樓 停車場 見其他登記事項
RPQNMLRJOHGGFDV17DA,28,35.56,出租套房,鋼筋混凝土造,82年11月8日,八層,八層 陽台
RPQNMLRJOHGGFDV17DA,28,13.01,出租套房、通道、停車場、避難室．屋頂突出物,鋼筋混凝土造,82年11月8日,八層,
RPSNMLSJOHGGFAV27EA,27,2.26,避難室．機械室．共同使用,鋼筋混凝土造,82年12月3日,四層,
RPSNMLSJOHGGFAV27EA,27,.25,樓梯間．共同使用,鋼筋混凝土造,82年12月3日,四層,
RPSNMLSJOHGGFAV27EA,27,.25,樓梯間．公同使用,鋼筋混凝土造,82年12月3日,四層,
RPSNMLSJOHGGFAV27EA,27,.25,樓梯間．公同使用,鋼筋混凝土造,82年12月3日,四層,
RPSNMLSJOHGGFAV27EA,27,.25,樓梯間．公同使用,鋼筋混凝土造,82年12月3日,四層,
RPSNMLSJOHGGFAV27EA,27,.25,樓梯間．公同使用,鋼筋混凝土造,82年12月3日,四層,
RPSNMLSJOHGGFAV27EA,27,.25,樓梯間．公同使用,鋼筋混凝土造,82年12月3日,四層,
RPSNMLSJOHGGFAV27EA,27,.25,樓梯間．公同使用,鋼筋混凝土造,82年12月3日,四層,
RPSNMLSJOHGGFAV27EA,27,.25,樓梯間．公同使用,鋼筋混凝土造,82年12月3日,四層,
RPSNMLSJOHGGFAV27EA,27,.69,樓梯間．公同使用,鋼筋混凝土造,82年12月3日,四層,
RPSNMLSJOHGGFAV27EA,27,.69,樓梯間．公同使用,鋼筋混凝土造,82年12月3日,四層,
RPSNMLSJOHGGFAV27EA,27,.26,樓梯間．公同使用,鋼筋混凝土造,82年12月3日,四層,
RPSNMLSJOHGGFAV27EA,27,.26,樓梯間．公同使用,鋼筋混凝土造,82年12月3日,四層,
RPSNMLSJOHGGFAV27EA,27,.26,樓梯間．公同使用,鋼筋混凝土造,82年12月3日,四層,
RPSNMLSJOHGGFAV27EA,27,3.58,避難室．機械室．公同使用,鋼筋混凝土造,82年12月3日,四層,
RPSNMLSJOHGGFAV27EA,27,.25,樓梯間．公同使用,鋼筋混凝土造,82年12月3日,四層,
RPSNMLSJOHGGFAV27EA,27,.25,樓梯間．屋頂突出物．公同使用,鋼筋混凝土造,82年12月3日,四層,
RPSNMLSJOHGGFAV27EA,27,.25,樓梯間．公同使用,鋼筋混凝土造,82年12月3日,四層,
RPSNMLSJOHGGFAV27EA,27,.25,樓梯間．屋頂突出物．公同使用,鋼筋混凝土造,82年12月3日,四層,
RPSNMLSJOHGGFAV27EA,27,.25,樓梯間．公同使用,鋼筋混凝土造,82年12月3日,四層,
RPSNMLSJOHGGFAV27EA,27,.25,樓梯間．屋頂突出物．公同使用,鋼筋混凝土造,82年12月3日,四層,
RPSNMLSJOHGGFAV27EA,27,.25,樓梯間．屋頂突出物．公同使用,鋼筋混凝土造,82年12月3日,四層,
RPSNMLSJOHGGFAV27EA,27,.25,樓梯間．屋頂突出物．公同使用,鋼筋混凝土造,82年12月3日,四層,
RPSNMLSJOHGGFAV27EA,27,.25,樓梯間．公同使用,鋼筋混凝土造,82年12月3日,四層,
RPSNMLSJOHGGFAV27EA,27,.25,樓梯間．屋頂突出物．公同使用,鋼筋混凝土造,82年12月3日,四層,
RPSNMLSJOHGGFAV27EA,27,.25,樓梯間．屋頂突出物．公同使用,鋼筋混凝土造,82年12月3日,四層,
RPSNMLSJOHGGFAV27EA,27,.25,樓梯間．屋頂突出物．公同使用,鋼筋混凝土造,82年12月3日,四層,
RPSNMLSJOHGGFAV27EA,27,.25,樓梯間．屋頂突出物．公同使用,鋼筋混凝土造,82年12月3日,四層,
RPSNMLSJOHGGFAV27EA,27,.25,樓梯間．屋頂突出物．公同使用,鋼筋混凝土造,82年12月3日,四層,
RPSNMLSJOHGGFAV27EA,27,.26,樓梯間．屋頂突出物．公同使用,鋼筋混凝土造,82年12月3日,四層,
RPSNMLSJOHGGFAV27EA,27,.26,樓梯間．屋頂突出物．公同使用,鋼筋混凝土造,82年12月3日,四層,
RPSNMLSJOHGGFAV27EA,27,.26,樓梯間．屋頂突出物．公同使用,鋼筋混凝土造,82年12月3日,四層,
RPSNMLSJOHGGFAV27EA,27,.26,樓梯間．屋頂突出物．公同使用,鋼筋混凝土造,82年12月3日,四層,
RPSNMLSJOHGGFAV27EA,27,.26,樓梯間．屋頂突出物．公同使用,鋼筋混凝土造,82年12月3日,四層,
RPSNMLSJOHGGFAV27EA,27,102.02,集合住宅,鋼筋混凝土造,82年12月3日,四層,一層 平台
RPPNMLRLNHGGFDV27EA,27,12.84,出租套房（共同使用）．樓梯間．機械房．水箱,鋼筋混凝土造,82年11月8日,八層,
RPPNMLRLNHGGFDV27EA,27,34.40,出租套房,鋼筋混凝土造,82年11月8日,八層,四層 陽台
RPPNMLSKNHGGFAV86DA,26,9.80,避難室,鋼筋混凝土造,84年7月6日,四層,
RPPNMLSKNHGGFAV86DA,26,.65,樓梯間等五項,鋼筋混凝土造,84年7月6日,,
RPPNMLSKNHGGFAV86DA,26,.65,樓梯間等伍項,鋼筋混凝土造,84年7月6日,,
RPPNMLSKNHGGFAV86DA,26,1.61,樓梯間等伍項,鋼筋混凝土造,84年7月6日,四層,
RPPNMLSKNHGGFAV86DA,26,.65,樓梯間等伍項,鋼筋混凝土造,84年7月6日,,
RPPNMLSKNHGGFAV86DA,26,.65,樓梯間,鋼筋混凝土造,84年7月6日,,
RPPNMLSKNHGGFAV86DA,26,.65,樓梯間,鋼筋混凝土造,84年7月6日,,
RPPNMLSKNHGGFAV86DA,26,.65,樓梯間,鋼筋混凝土造,84年7月6日,,
RPPNMLSKNHGGFAV86DA,26,.65,樓梯間,鋼筋混凝土造,84年7月6日,,
RPPNMLSKNHGGFAV86DA,26,.65,樓梯間,鋼筋混凝土造,84年7月6日,,
RPPNMLSKNHGGFAV86DA,26,.65,樓梯間,鋼筋混凝土造,84年7月6日,,
RPPNMLSKNHGGFAV86DA,26,.65,樓梯間等伍項,鋼筋混凝土造,84年7月6日,,
RPPNMLSKNHGGFAV86DA,26,.65,樓梯間,鋼筋混凝土造,84年7月6日,,
RPPNMLSKNHGGFAV86DA,26,.65,樓梯間,鋼筋混凝土造,84年7月6日,,
RPPNMLSKNHGGFAV86DA,26,.65,樓梯間,鋼筋混凝土造,84年7月6日,,
RPPNMLSKNHGGFAV86DA,26,.65,樓梯間,鋼筋混凝土造,84年7月6日,,
RPSNMLKKOHGGFAV09DA,16,192.35,住家用,鋼筋混凝土造,94年5月19日,三層,一層 二層 三層 見其他登記事項
RPPNMLSKNHGGFAV86DA,26,114.98,集合住宅,鋼筋混凝土造,84年7月6日,四層,二層 陽台
RPRNMLRLNHGGFAV07DA,25,8.85,共同使用：樓梯．電梯,鋼筋混凝土造,85年6月28日,七層,
RPRNMLRLNHGGFAV07DA,25,6.01,樓梯、電梯、機械房、水箱共同使用,鋼筋混凝土造,85年6月28日,七層,
RPRNMLRLNHGGFAV07DA,25,4.36,車道、水箱、樓梯、機械房配電室共同使用　,鋼筋混凝土造,85年6月28日,七層,
RPRNMLRLNHGGFAV07DA,25,16.01,防空避難室暨停車空間共同使用,鋼筋混凝土造,85年6月28日,七層,
RPRNMLRLNHGGFAV07DA,25,101.78,住家用,鋼筋混凝土造,85年6月28日,七層,二層 陽台 花台 雨遮
RPROMLRJNHGGFAV96DA,24,1033.70,冷凍廠．辦公廳．機房．避難室．冷凍庫,鋼筋混凝土造,86年10月17日,二層,一層 二層 屋頂突出物 夾層 地下層
RPPNMLSKOHGGFAV96DA,1,71.53,Ｈ２集合住宅,ＲＣ造,109年3月3日,五層,五層 見其他登記事項
RPPNMLSKOHGGFAV96DA,1,.27,Ｇ３店舖、機房,ＲＣ造,109年3月3日,五層,
RPPNMLSKOHGGFAV96DA,1,15.21,樓梯間、昇降機間,ＲＣ造,109年3月3日,五層,
RPRNMLQKOHGGFAV96DA,27,12.52,避難室,鋼筋混凝土造,83年5月16日,十三層,
RPRNMLQKOHGGFAV96DA,27,1.27,樓梯間走道,鋼筋混凝土造,83年5月16日,十三層,
RPRNMLQKOHGGFAV96DA,27,.85,樓梯間,鋼筋混凝土造,83年5月16日,十三層,
RPRNMLQKOHGGFAV96DA,27,.16,樓梯間,鋼筋混凝土造,83年5月16日,十三層,
RPRNMLQKOHGGFAV96DA,27,.59,樓梯間,鋼筋混凝土造,83年5月16日,十三層,
RPRNMLQKOHGGFAV96DA,27,.64,樓梯間,鋼筋混凝土造,83年5月16日,十三層,
RPRNMLQKOHGGFAV96DA,27,.16,樓梯間,鋼筋混凝土造,83年5月16日,十三層,
RPRNMLQKOHGGFAV96DA,27,.42,樓梯間,鋼筋混凝土造,83年5月16日,十三層,
RPRNMLQKOHGGFAV96DA,27,.34,樓梯間,鋼筋混凝土造,83年5月16日,十三層,
RPRNMLQKOHGGFAV96DA,27,.42,樓梯間,鋼筋混凝土造,83年5月16日,十三層,
RPRNMLQKOHGGFAV96DA,27,.34,樓梯間,鋼筋混凝土造,83年5月16日,十三層,
RPRNMLQKOHGGFAV96DA,27,.34,樓梯間,鋼筋混凝土造,83年5月16日,十三層,
RPRNMLQKOHGGFAV96DA,27,.42,樓梯間,鋼筋混凝土造,83年5月16日,十三層,
RPRNMLQKOHGGFAV96DA,27,.42,樓梯間,鋼筋混凝土造,83年5月16日,十三層,
RPRNMLQKOHGGFAV96DA,27,.34,樓梯間,鋼筋混凝土造,83年5月16日,十三層,
RPRNMLQKOHGGFAV96DA,27,.34,樓梯間,鋼筋混凝土造,83年5月16日,十三層,
RPRNMLQKOHGGFAV96DA,27,.42,樓梯間,鋼筋混凝土造,83年5月16日,十三層,
RPRNMLQKOHGGFAV96DA,27,.42,樓梯間,鋼筋混凝土造,83年5月16日,十三層,
RPRNMLQKOHGGFAV96DA,27,.34,樓梯間,鋼筋混凝土造,83年5月16日,十三層,
RPRNMLQKOHGGFAV96DA,27,.42,樓梯間,鋼筋混凝土造,83年5月16日,十三層,
RPRNMLQKOHGGFAV96DA,27,.34,樓梯間,鋼筋混凝土造,83年5月16日,十三層,
RPRNMLQKOHGGFAV96DA,27,.34,樓梯間,鋼筋混凝土造,83年5月16日,十三層,
RPRNMLQKOHGGFAV96DA,27,.42,樓梯間,鋼筋混凝土造,83年5月16日,十三層,
RPRNMLQKOHGGFAV96DA,27,.34,樓梯間,鋼筋混凝土造,83年5月16日,十三層,
RPRNMLQKOHGGFAV96DA,27,.42,樓梯間,鋼筋混凝土造,83年5月16日,十三層,
RPRNMLQKOHGGFAV96DA,27,.34,樓梯間,鋼筋混凝土造,83年5月16日,十三層,
RPRNMLQKOHGGFAV96DA,27,.42,空白,鋼筋混凝土造,83年5月16日,十三層,
RPRNMLQKOHGGFAV96DA,27,.30,空白,鋼筋混凝土造,83年5月16日,十三層,
RPRNMLQKOHGGFAV96DA,27,.30,空白,鋼筋混凝土造,83年5月16日,十三層,
RPRNMLQKOHGGFAV96DA,27,.32,空白,鋼筋混凝土造,83年5月16日,十三層,
RPRNMLQKOHGGFAV96DA,27,.38,空白,鋼筋混凝土造,83年5月16日,十三層,
RPRNMLQKOHGGFAV96DA,27,.33,空白,鋼筋混凝土造,83年5月16日,十三層,
RPRNMLQKOHGGFAV96DA,27,87.33,集合住宅,鋼筋混凝土造,83年5月16日,十三層,五層 陽台
RPSNMLSKOHGGFAV27DA,27,11.13,避難室,鋼筋混凝土造,83年5月16日,十三層,
RPSNMLSKOHGGFAV27DA,27,1.13,樓梯間走道,鋼筋混凝土造,83年5月16日,十三層,
RPSNMLSKOHGGFAV27DA,27,.75,樓梯間,鋼筋混凝土造,83年5月16日,十三層,
RPSNMLSKOHGGFAV27DA,27,.14,樓梯間,鋼筋混凝土造,83年5月16日,十三層,
RPSNMLSKOHGGFAV27DA,27,.53,樓梯間,鋼筋混凝土造,83年5月16日,十三層,
RPSNMLSKOHGGFAV27DA,27,.56,樓梯間,鋼筋混凝土造,83年5月16日,十三層,
RPSNMLSKOHGGFAV27DA,27,.14,樓梯間,鋼筋混凝土造,83年5月16日,十三層,
RPSNMLSKOHGGFAV27DA,27,.37,樓梯間,鋼筋混凝土造,83年5月16日,十三層,
RPSNMLSKOHGGFAV27DA,27,.30,樓梯間,鋼筋混凝土造,83年5月16日,十三層,
RPSNMLSKOHGGFAV27DA,27,.37,樓梯間,鋼筋混凝土造,83年5月16日,十三層,
RPSNMLSKOHGGFAV27DA,27,.30,樓梯間,鋼筋混凝土造,83年5月16日,十三層,
RPSNMLSKOHGGFAV27DA,27,.30,樓梯間,鋼筋混凝土造,83年5月16日,十三層,
RPSNMLSKOHGGFAV27DA,27,.37,樓梯間,鋼筋混凝土造,83年5月16日,十三層,
RPSNMLSKOHGGFAV27DA,27,.37,樓梯間,鋼筋混凝土造,83年5月16日,十三層,
RPSNMLSKOHGGFAV27DA,27,.30,樓梯間,鋼筋混凝土造,83年5月16日,十三層,
RPSNMLSKOHGGFAV27DA,27,.30,樓梯間,鋼筋混凝土造,83年5月16日,十三層,
RPSNMLSKOHGGFAV27DA,27,.37,樓梯間,鋼筋混凝土造,83年5月16日,十三層,
RPUNMLSKOHGGFAV47DA,41,92.22,住家用,加強磚造,69年11月28日,二層,一層 二層
RPSNMLSKOHGGFAV27DA,27,.37,樓梯間,鋼筋混凝土造,83年5月16日,十三層,
RPSNMLSKOHGGFAV27DA,27,.30,樓梯間,鋼筋混凝土造,83年5月16日,十三層,
RPSNMLSKOHGGFAV27DA,27,.37,樓梯間,鋼筋混凝土造,83年5月16日,十三層,
RPSNMLSKOHGGFAV27DA,27,.30,樓梯間,鋼筋混凝土造,83年5月16日,十三層,
RPSNMLSKOHGGFAV27DA,27,.30,樓梯間,鋼筋混凝土造,83年5月16日,十三層,
RPSNMLSKOHGGFAV27DA,27,.37,樓梯間,鋼筋混凝土造,83年5月16日,十三層,
RPSNMLSKOHGGFAV27DA,27,.30,樓梯間,鋼筋混凝土造,83年5月16日,十三層,
RPSNMLSKOHGGFAV27DA,27,.37,樓梯間,鋼筋混凝土造,83年5月16日,十三層,
RPSNMLSKOHGGFAV27DA,27,.30,樓梯間,鋼筋混凝土造,83年5月16日,十三層,
RPSNMLSKOHGGFAV27DA,27,.37,空白,鋼筋混凝土造,83年5月16日,十三層,
RPSNMLSKOHGGFAV27DA,27,.27,空白,鋼筋混凝土造,83年5月16日,十三層,
RPSNMLSKOHGGFAV27DA,27,.27,空白,鋼筋混凝土造,83年5月16日,十三層,
RPSNMLSKOHGGFAV27DA,27,.28,空白,鋼筋混凝土造,83年5月16日,十三層,
RPSNMLSKOHGGFAV27DA,27,.34,空白,鋼筋混凝土造,83年5月16日,十三層,
RPSNMLSKOHGGFAV27DA,27,.30,空白,鋼筋混凝土造,83年5月16日,十三層,
RPSNMLSKOHGGFAV27DA,27,83.53,集合住宅,鋼筋混凝土造,83年5月16日,十三層,三層 陽台
RPTNMLSKOHGGFAV37DA,27,133.00,住家用,鋼筋混凝土造,83年3月8日,三層,一層 二層 三層
RPQNMLKLOHGGFAV98DA,46,86.46,住家用,鐵筋水泥磚,64年2月19日,二層,一層 二層 騎樓
RPVNMLRJOHGGFAV37DA,2,238.59,住家用,ＲＣ造,108年9月12日,三層,一層 二層 三層 見其他登記事項
RPWNMLKKOHGGFAV86DA,41,106.22,住家用,鋼筋混凝土加強磚造,69年5月7日,二層,一層 二層 騎樓
RPRNMLSKOHGGFAV17DA,27,2.20,避難室．機械室．共同使用,鋼筋混凝土造,82年12月3日,四層,
RPRNMLSKOHGGFAV17DA,27,.24,樓梯間．共同使用,鋼筋混凝土造,82年12月3日,四層,
RPRNMLSKOHGGFAV17DA,27,.24,樓梯間．公同使用,鋼筋混凝土造,82年12月3日,四層,
RPRNMLSKOHGGFAV17DA,27,.24,樓梯間．公同使用,鋼筋混凝土造,82年12月3日,四層,
RPRNMLSKOHGGFAV17DA,27,.24,樓梯間．公同使用,鋼筋混凝土造,82年12月3日,四層,
RPRNMLSKOHGGFAV17DA,27,.24,樓梯間．公同使用,鋼筋混凝土造,82年12月3日,四層,
RPRNMLSKOHGGFAV17DA,27,.24,樓梯間．公同使用,鋼筋混凝土造,82年12月3日,四層,
RPRNMLSKOHGGFAV17DA,27,.24,樓梯間．公同使用,鋼筋混凝土造,82年12月3日,四層,
RPRNMLSKOHGGFAV17DA,27,.24,樓梯間．公同使用,鋼筋混凝土造,82年12月3日,四層,
RPRNMLSKOHGGFAV17DA,27,.67,樓梯間．公同使用,鋼筋混凝土造,82年12月3日,四層,
RPRNMLSKOHGGFAV17DA,27,.67,樓梯間．公同使用,鋼筋混凝土造,82年12月3日,四層,
RPRNMLSKOHGGFAV17DA,27,.25,樓梯間．公同使用,鋼筋混凝土造,82年12月3日,四層,
RPRNMLSKOHGGFAV17DA,27,.25,樓梯間．公同使用,鋼筋混凝土造,82年12月3日,四層,
RPRNMLSKOHGGFAV17DA,27,.25,樓梯間．公同使用,鋼筋混凝土造,82年12月3日,四層,
RPRNMLSKOHGGFAV17DA,27,102.02,集合住宅,鋼筋混凝土造,82年12月3日,四層,四層 陽台
RPRNMLSKOHGGFAV17DA,27,3.49,避難室．機械室．公同使用,鋼筋混凝土造,82年12月3日,四層,
RPRNMLSKOHGGFAV17DA,27,.24,樓梯間．公同使用,鋼筋混凝土造,82年12月3日,四層,
RPRNMLSKOHGGFAV17DA,27,.24,樓梯間．屋頂突出物．公同使用,鋼筋混凝土造,82年12月3日,四層,
RPRNMLSKOHGGFAV17DA,27,.24,樓梯間．公同使用,鋼筋混凝土造,82年12月3日,四層,
RPRNMLSKOHGGFAV17DA,27,.24,樓梯間．屋頂突出物．公同使用,鋼筋混凝土造,82年12月3日,四層,
RPRNMLSKOHGGFAV17DA,27,.24,樓梯間．公同使用,鋼筋混凝土造,82年12月3日,四層,
RPRNMLSKOHGGFAV17DA,27,.24,樓梯間．屋頂突出物．公同使用,鋼筋混凝土造,82年12月3日,四層,
RPRNMLSKOHGGFAV17DA,27,.24,樓梯間．屋頂突出物．公同使用,鋼筋混凝土造,82年12月3日,四層,
RPRNMLSKOHGGFAV17DA,27,.24,樓梯間．屋頂突出物．公同使用,鋼筋混凝土造,82年12月3日,四層,
RPRNMLSKOHGGFAV17DA,27,.24,樓梯間．公同使用,鋼筋混凝土造,82年12月3日,四層,
RPRNMLSKOHGGFAV17DA,27,.24,樓梯間．屋頂突出物．公同使用,鋼筋混凝土造,82年12月3日,四層,
RPRNMLSKOHGGFAV17DA,27,.24,樓梯間．屋頂突出物．公同使用,鋼筋混凝土造,82年12月3日,四層,
RPRNMLSKOHGGFAV17DA,27,.24,樓梯間．屋頂突出物．公同使用,鋼筋混凝土造,82年12月3日,四層,
RPRNMLSKOHGGFAV17DA,27,.24,樓梯間．屋頂突出物．公同使用,鋼筋混凝土造,82年12月3日,四層,
RPRNMLSKOHGGFAV17DA,27,.24,樓梯間．屋頂突出物．公同使用,鋼筋混凝土造,82年12月3日,四層,
RPRNMLSKOHGGFAV17DA,27,.25,樓梯間．屋頂突出物．公同使用,鋼筋混凝土造,82年12月3日,四層,
RPRNMLSKOHGGFAV17DA,27,.25,樓梯間．屋頂突出物．公同使用,鋼筋混凝土造,82年12月3日,四層,
RPRNMLSKOHGGFAV17DA,27,.25,樓梯間．屋頂突出物．公同使用,鋼筋混凝土造,82年12月3日,四層,
RPRNMLSKOHGGFAV17DA,27,.25,樓梯間．屋頂突出物．公同使用,鋼筋混凝土造,82年12月3日,四層,
RPRNMLSKOHGGFAV17DA,27,.25,樓梯間．屋頂突出物．公同使用,鋼筋混凝土造,82年12月3日,四層,
RPPNMLSJOHGGFAV86DA,37,84.25,住家用,鋼筋混凝土造,73年1月30日,四層,三層
RPQNMLSKOHGGFAV07DA,1,88.43,Ｈ２集合住宅,ＲＣ造,109年3月3日,五層,五層 見其他登記事項
RPQNMLSKOHGGFAV07DA,1,.34,Ｇ３店舖、機房,ＲＣ造,109年3月3日,五層,
RPQNMLSKOHGGFAV07DA,1,15.22,樓梯間、昇降機間,ＲＣ造,109年3月3日,五層,
RPQNMLSJOHGGFBV07DA,50,221.37,住宅、倉庫、工廠,鋼筋水泥磚、木造蓋瓦及鐵皮,59年12月10日,二層,一層 二層 騎樓
RPRNMLLKOHGGFBV56DA,31,141.74,住家用,加強磚造,79年1月10日,二層,一層 二層 屋頂突出物
RPQNMLLLOHGGFCV66DA,,43.36,商業用,木造,,一層,一層 騎樓
RPRNMLLLOHGGFCV76DA,,46.02,住商用,木造,,一層,一層 騎樓
RPPNMLMLOHGGFAV56EA,28,24.33,集合住宅,鋼筋混凝土造,82年5月22日,十二層,十層 陽台
RPPNMLMLOHGGFAV56EA,28,3.03,共用部份,鋼筋混凝土造,82年5月22日,十二層,
RPPNMLMLOHGGFAV56EA,28,6.37,走廊．電樓梯間接（共同使用部分）,鋼筋混凝土造,82年5月22日,十二層,
RPTNMLSJOHGGFAV27DA,5,269.84,住家用,ＲＣ造,105年7月27日,三層,一層 二層 三層 見其他登記事項
RPPNMLKKOHGGFAV78DA,3,168.62,住家用,ＲＣ造,106年12月21日,三層,一層 二層 三層 見其他登記事項
RPOOMLOJOHGGFAV09DA,1,56.03,Ｈ２集合住宅,ＲＣ造,109年7月24日,五層,見其他登記事項 見其他登記事項
RPOOMLOJOHGGFAV09DA,1,20.10,共用部份,ＲＣ造,109年7月24日,五層,
RPQNMLQKOHGGFAV86DA,,192.90,住家用,ＲＣ造,110年2月22日,三層,一層 二層 三層 見其他登記事項
RPTNMLSLNHGGFAV37DA,39,220.73,Ｈ２住宅、樓梯間,加強磚造,71年1月6日,二層,一層 二層 見其他登記事項
RPRNMLNLOHGGFAV76DA,26,33.83,電梯．樓梯．走道．水箱．機械室．防空避難室及停車間（公共設施．共同使用）,鋼筋混凝土造,84年12月4日,十六層,
RPRNMLNLOHGGFAV76DA,26,84.14,住家用,鋼筋混凝土造,84年12月4日,十六層,十層 陽台
RPSNMLOLOHGGFCV17DA,18,152.98,住家用,鋼筋混凝土造,91年12月20日,三層,一層 二層 三層 陽台 平台
RPTNMLLJOHGGFAV56DA,43,79.10,住家用,加強磚造,67年6月19日,一層,一層 騎樓
RPPNMLMKOHGGFAV98DA,39,101.48,住家用,加強磚造,70年12月28日,二層,一層 二層 騎樓
RPUNMLOLOHGGFAV17DA,39,24.72,住家用,加強磚造,71年7月15日,二層,一層 二層 見其他登記事項
RPVNMLPLOHGGFAV37DA,25,78.87,集合住宅,鋼筋混凝土造,84年12月20日,七層,二層 陽台
RPVNMLPLOHGGFAV37DA,,29.66,避難室、門廳、電樓梯間,鋼筋混凝土造,,七層,
RPRNMLSLOHGGFAV27DA,40,151.04,住家用,加強磚造,70年3月25日,二層,一層 二層
RPTNMLPLOHGGFAV17DA,8,242.42,住家用,ＲＣ造,102年4月19日,三層,一層 二層 三層 見其他登記事項
RPPNMLTLOHGGFAV17DA,1,88.43,Ｈ２集合住宅,ＲＣ造,109年3月3日,五層,三層 見其他登記事項
RPPNMLTLOHGGFAV17DA,1,.34,Ｇ３店舖、機房,ＲＣ造,109年3月3日,五層,
RPPNMLTLOHGGFAV17DA,1,15.22,樓梯間、昇降機間,ＲＣ造,109年3月3日,五層,
RPQNMLPKOHGGFBV86DA,,71.16,住家用,混泥土木,,一層,一層 騎樓
RPVNMLLMNHGGFAV96DA,15,95.04,防空避難室、停車空間、梯廳、水箱、走道、社區活動中心、社區管理中心、突出物、儲藏室、機械室、配線室（共同使用部份）,鋼筋混凝土造,95年3月10日,十層,
RPVNMLLMNHGGFAV96DA,15,124.83,集合住宅,鋼筋混凝土造,95年3月10日,十層,三層 陽台
RPPNMLRLNHGGFBV96DA,36,120.25,住家用,加強磚造,74年7月17日,二層,一層 二層 陽台 騎樓
RPPNMLOKPHGGFDV96DA,27,5.45,樓梯間．門房走道,鋼筋混凝土造,83年9月30日,八層,
RPPNMLOKPHGGFDV96DA,27,31.54,套房,鋼筋混凝土造,83年9月30日,八層,四層 陽台
RPPNMLLJPHGGFAV88DA,38,106.39,集合住宅,鋼筋混凝土造,72年10月4日,四層,二層 陽台
RPPNMLLJPHGGFAV88DA,,5.21,樓梯間,鋼筋水泥,,四層,
RPSNMLSLOHGGFAV37DA,26,100.22,集合住宅,鋼筋混凝土造,84年2月17日,八層,七層 陽台 花台
RPSNMLSLOHGGFAV37DA,26,31.88,防空避難室暨停車空間、配電室,鋼筋混凝土造,84年2月17日,八層,
RPSNMLSLOHGGFAV37DA,26,12.74,車道、警衛室、托兒所、電梯、樓梯,鋼筋混凝土造,84年2月17日,八層,
RPQNMLKMOHGGFAV09DA,1,71.57,Ｈ２集合住宅,ＲＣ造,109年3月3日,五層,四層 見其他登記事項
RPQNMLKMOHGGFAV09DA,1,.27,Ｇ３店舖、機房,ＲＣ造,109年3月3日,五層,
RPQNMLKMOHGGFAV09DA,1,15.23,樓梯間、昇降機間,ＲＣ造,109年3月3日,五層,
RPQNMLQLNHGGFAV86DA,32,134.62,住家用,加強磚造,78年3月22日,二層,一層 二層 屋頂突出物 騎樓
RPTNMLMJPHGGFAV86EA,27,2.62,避難室．機械室．共同使用,鋼筋混凝土造,82年12月3日,四層,
RPTNMLMJPHGGFAV86EA,27,.29,樓梯間．共同使用,鋼筋混凝土造,82年12月3日,四層,
RPTNMLMJPHGGFAV86EA,27,.29,樓梯間．公同使用,鋼筋混凝土造,82年12月3日,四層,
RPTNMLMJPHGGFAV86EA,27,.29,樓梯間．公同使用,鋼筋混凝土造,82年12月3日,四層,
RPTNMLMJPHGGFAV86EA,27,.29,樓梯間．公同使用,鋼筋混凝土造,82年12月3日,四層,
RPTNMLMJPHGGFAV86EA,27,.29,樓梯間．公同使用,鋼筋混凝土造,82年12月3日,四層,
RPTNMLMJPHGGFAV86EA,27,.29,樓梯間．公同使用,鋼筋混凝土造,82年12月3日,四層,
RPTNMLMJPHGGFAV86EA,27,.29,樓梯間．公同使用,鋼筋混凝土造,82年12月3日,四層,
RPTNMLMJPHGGFAV86EA,27,.29,樓梯間．公同使用,鋼筋混凝土造,82年12月3日,四層,
RPTNMLMJPHGGFAV86EA,27,.80,樓梯間．公同使用,鋼筋混凝土造,82年12月3日,四層,
RPTNMLMJPHGGFAV86EA,27,.80,樓梯間．公同使用,鋼筋混凝土造,82年12月3日,四層,
RPTNMLMJPHGGFAV86EA,27,.30,樓梯間．公同使用,鋼筋混凝土造,82年12月3日,四層,
RPTNMLMJPHGGFAV86EA,27,.30,樓梯間．公同使用,鋼筋混凝土造,82年12月3日,四層,
RPTNMLMJPHGGFAV86EA,27,.30,樓梯間．公同使用,鋼筋混凝土造,82年12月3日,四層,
RPTNMLMJPHGGFAV86EA,27,4.16,避難室．機械室．公同使用,鋼筋混凝土造,82年12月3日,四層,
RPTNMLMJPHGGFAV86EA,27,.29,樓梯間．公同使用,鋼筋混凝土造,82年12月3日,四層,
RPTNMLMJPHGGFAV86EA,27,.29,樓梯間．屋頂突出物．公同使用,鋼筋混凝土造,82年12月3日,四層,
RPTNMLMJPHGGFAV86EA,27,.29,樓梯間．公同使用,鋼筋混凝土造,82年12月3日,四層,
RPTNMLMJPHGGFAV86EA,27,.29,樓梯間．屋頂突出物．公同使用,鋼筋混凝土造,82年12月3日,四層,
RPTNMLMJPHGGFAV86EA,27,.29,樓梯間．公同使用,鋼筋混凝土造,82年12月3日,四層,
RPTNMLMJPHGGFAV86EA,27,.29,樓梯間．屋頂突出物．公同使用,鋼筋混凝土造,82年12月3日,四層,
RPTNMLMJPHGGFAV86EA,27,.29,樓梯間．屋頂突出物．公同使用,鋼筋混凝土造,82年12月3日,四層,
RPTNMLMJPHGGFAV86EA,27,.29,樓梯間．屋頂突出物．公同使用,鋼筋混凝土造,82年12月3日,四層,
RPTNMLMJPHGGFAV86EA,27,.29,樓梯間．公同使用,鋼筋混凝土造,82年12月3日,四層,
RPTNMLMJPHGGFAV86EA,27,.29,樓梯間．屋頂突出物．公同使用,鋼筋混凝土造,82年12月3日,四層,
RPTNMLMJPHGGFAV86EA,27,.29,樓梯間．屋頂突出物．公同使用,鋼筋混凝土造,82年12月3日,四層,
RPTNMLMJPHGGFAV86EA,27,.29,樓梯間．屋頂突出物．公同使用,鋼筋混凝土造,82年12月3日,四層,
RPTNMLMJPHGGFAV86EA,27,.29,樓梯間．屋頂突出物．公同使用,鋼筋混凝土造,82年12月3日,四層,
RPTNMLMJPHGGFAV86EA,27,.29,樓梯間．屋頂突出物．公同使用,鋼筋混凝土造,82年12月3日,四層,
RPTNMLMJPHGGFAV86EA,27,.30,樓梯間．屋頂突出物．公同使用,鋼筋混凝土造,82年12月3日,四層,
RPTNMLMJPHGGFAV86EA,27,.30,樓梯間．屋頂突出物．公同使用,鋼筋混凝土造,82年12月3日,四層,
RPTNMLMJPHGGFAV86EA,27,.30,樓梯間．屋頂突出物．公同使用,鋼筋混凝土造,82年12月3日,四層,
RPTNMLMJPHGGFAV86EA,27,.30,樓梯間．屋頂突出物．公同使用,鋼筋混凝土造,82年12月3日,四層,
RPTNMLMJPHGGFAV86EA,27,.30,樓梯間．屋頂突出物．公同使用,鋼筋混凝土造,82年12月3日,四層,
RPTNMLMJPHGGFAV86EA,27,124.08,集合住宅,鋼筋混凝土造,82年12月3日,四層,三層 陽台
RPUNMLMJPHGGFAV86DA,30,154.46,住家用,加強磚造,80年4月23日,二層,一層 二層 屋頂突出物
RPTOMLRLNHGGFAV37DA,38,104.70,住家用,加強磚造,72年5月12日,二層,一層 二層
RPUNMLPJPHGGFAV17DA,6,210.33,住宅、樓梯間,ＲＣ造,104年2月16日,三層,一層 二層 三層 見其他登記事項 見其他登記事項
RPPNMLKMOHGGFAV98DA,1,71.53,Ｈ２集合住宅,ＲＣ造,109年3月3日,五層,二層 見其他登記事項
RPPNMLKMOHGGFAV98DA,1,.27,Ｇ３店舖、機房,ＲＣ造,109年3月3日,五層,
RPPNMLKMOHGGFAV98DA,1,15.21,樓梯間、昇降機間,ＲＣ造,109年3月3日,五層,
RPRNMLKMOHGGFAV56DA,1,71.53,Ｈ２集合住宅,ＲＣ造,109年3月3日,五層,二層 見其他登記事項
RPRNMLKMOHGGFAV56DA,1,.27,Ｇ３店舖、機房,ＲＣ造,109年3月3日,五層,
RPRNMLKMOHGGFAV56DA,1,15.21,樓梯間、昇降機間,ＲＣ造,109年3月3日,五層,
RPPNMLPJPHGGFAV66DA,25,91.91,住家用,鋼筋混凝土造,84年12月30日,三層,一層 二層 三層 見其他登記事項
RPPNMLQJPHGGFAV76DA,26,440.28,農舍,鋼筋混凝土造,83年11月8日,三層,一層 二層 三層 陽台
RPQNMLQJPHGGFAV86DA,,69.38,住家用,加強磚及磚造,,一層,一層
RPOOMLPJPHGGFAV66DA,26,109.58,集合住宅,鋼筋混凝土造,84年2月17日,八層,四層 陽台 花台
RPOOMLPJPHGGFAV66DA,26,33.59,防空避難室暨停車空間、配電室,鋼筋混凝土造,84年2月17日,八層,
RPOOMLPJPHGGFAV66DA,26,14.08,車道、警衛室、托兒所、電梯、樓梯,鋼筋混凝土造,84年2月17日,八層,
RPQNMLPJPHGGFAV76DA,1,60.49,Ｈ２集合住宅,ＲＣ造,109年3月3日,五層,二層 見其他登記事項
RPQNMLPJPHGGFAV76DA,1,.23,Ｇ３店舖、機房,ＲＣ造,109年3月3日,五層,
RPQNMLPJPHGGFAV76DA,1,11.68,樓梯間、昇降機間,ＲＣ造,109年3月3日,五層,
RPPNMLPJPHGGFDV96DA,23,35.30,商業用,鋼筋混凝土造,87年3月6日,十五層,十層 陽台
RPPNMLPJPHGGFDV96DA,23,1.12,機房、樓梯,鋼筋混凝土造,87年3月6日,十五層,
RPPNMLPJPHGGFDV96DA,23,7.21,梯間、通道,鋼筋混凝土造,87年3月6日,十五層,
RPPNMLPJPHGGFDV96DA,23,5.57,通道、活動室、樓梯間、門廳、車道、辦公室,鋼筋混凝土造,87年3月6日,十層,
RPPNMLTJPHGGFBV17DA,43,52.22,住商用,加強磚造,67年11月20日,二層,一層 二層 騎樓
RPTNMLKMOHGGFAV76DA,28,14.75,集合住宅（共同使用）,鋼筋混凝土造,82年10月19日,七層,
RPTNMLKMOHGGFAV76DA,28,5.90,樓梯間（共同使用）,鋼筋混凝土造,82年10月19日,七層,
RPTNMLKMOHGGFAV76DA,28,53.78,集合住宅,鋼筋混凝土造,82年10月19日,七層,七層 陽台 花台
RPTNMLLJPHGGFAV66DA,50,46.14,住家用,鐵筋水泥磚,60年3月5日,二層,一層 二層
RPXNMLPLNHGGFAV47DA,15,235.32,住家用,ＲＣ造,95年8月15日,三層,一層 二層 三層 屋頂突出物 見其他登記事項
RPXNMLPLNHGGFAV47DA,15,.58,住家用,ＲＣ造,95年8月15日,一層,一層
RPPNMLTKOHGGFAV07DA,8,282.08,住家用,ＲＣ造,102年12月11日,四層,一層 二層 三層 四層 見其他登記事項
RPUNMLKMOHGGFAV86DA,1,88.40,Ｈ２集合住宅,ＲＣ造,109年3月3日,五層,一層 見其他登記事項
RPUNMLKMOHGGFAV86DA,1,.34,Ｇ３店舖、機房,ＲＣ造,109年3月3日,五層,
RPUNMLKMOHGGFAV86DA,1,15.22,樓梯間、昇降機間,ＲＣ造,109年3月3日,五層,
RPTNMLSJPHGGFAV37DA,25,42.64,車道,鋼筋混凝土造,84年12月11日,三層,
RPTNMLSJPHGGFAV37DA,25,346.53,車庫．住宅,鋼筋混凝土造,84年12月11日,三層,一層 二層 三層 地下層 見其他登記事項
RPRNMLLKOHGGFAV09DA,41,92.22,住家用,加強磚造,69年11月28日,二層,一層 二層
RPVNMLMJPHGGFAV96DA,1,71.53,Ｈ２集合住宅,ＲＣ造,109年3月3日,五層,三層 見其他登記事項
RPVNMLMJPHGGFAV96DA,1,.27,Ｇ３店舖、機房,ＲＣ造,109年3月3日,五層,
RPVNMLMJPHGGFAV96DA,1,15.21,樓梯間、昇降機間,ＲＣ造,109年3月3日,五層,
RPQOMLTLOHGGFAV37DA,,193.54,Ｈ２住宅,ＲＣ造,110年5月17日,三層,一層 二層 三層 見其他登記事項
RPROMLTLOHGGFAV47DA,,191.34,Ｈ２住宅,ＲＣ造,110年5月17日,三層,一層 二層 三層 見其他登記事項
RPOOMLTLOHGGFAV17DA,,201.35,Ｈ２住宅、樓梯間,ＲＣ造,110年5月17日,三層,一層 二層 三層 見其他登記事項 見其他登記事項
RPQNMLRJPHGGFAV96DA,28,66.00,農舍,有牆鋼架造,82年3月30日,一層,一層
RPOOMLQJPHGGFAV76DA,1,71.53,Ｈ２集合住宅,ＲＣ造,109年3月3日,五層,五層 見其他登記事項
RPOOMLQJPHGGFAV76DA,1,.27,Ｇ３店舖、機房,ＲＣ造,109年3月3日,五層,
RPOOMLQJPHGGFAV76DA,1,15.21,樓梯間、昇降機間,ＲＣ造,109年3月3日,五層,
RPQNMLNLNHGGFAV56DA,25,41.50,電梯．樓梯．走道．水箱．機械室．防空避難室及停車間（公共設施．共同使用）,鋼筋混凝土造,84年12月4日,十六層,
RPQNMLNLNHGGFAV56DA,25,132.21,辦公室,鋼筋混凝土造,84年12月4日,十六層,八層 陽台
RPQNMLNLNHGGFAV56DA,25,122.57,辦公室,鋼筋混凝土造,84年12月4日,十六層,八層 陽台
RPQNMLNLNHGGFAV56DA,25,49.87,電梯．樓梯．走道．水箱．機械室．防空避難室及停車間（公共設施．共同使用）,鋼筋混凝土造,84年12月4日,十六層,
RPPNMLNKPHGGFAV56DA,,87.20,住家用,鋼筋混凝土造,,二層,一層 二層 陽台
RPXNMLTLOHGGFAV97DA,,173.47,Ｈ２住宅,鋼筋混凝土造,110年5月17日,三層,一層 二層 三層 見其他登記事項
RPRNMLTLOHGGFAV37DA,,201.35,Ｈ２住宅、樓梯間,鋼筋混凝土造,110年5月17日,三層,一層 二層 三層 見其他登記事項 見其他登記事項
RPVNMLTLOHGGFAV77DA,,173.74,Ｈ２住宅,鋼筋混凝土造,110年5月17日,三層,一層 二層 三層 見其他登記事項
RPUNMLTLOHGGFAV67DA,,200.85,Ｈ２住宅、樓梯間,鋼筋混凝土造,110年5月17日,三層,一層 二層 三層 見其他登記事項 見其他登記事項
RPTNMLTLOHGGFAV57DA,,203.04,Ｈ２住宅、樓梯間,鋼筋混凝土造,110年5月17日,三層,一層 二層 三層 見其他登記事項 見其他登記事項
RPPNMLKMOHGGFCV56DA,15,160.87,住家用,鋼筋混凝土造,95年7月21日,三層,一層 二層 三層 見其他登記事項 見其他登記事項
RPSNMLKMOHGGFAV66DA,,175.35,Ｈ２住宅,鋼筋混凝土造,110年5月17日,三層,一層 二層 三層 見其他登記事項
RPPNMLPKPHGGFCV96DA,40,143.70,住家用,加強磚造,70年3月2日,二層,一層 二層 陽台 騎樓
RPQNMLMKPHGGFDV86DA,28,15.41,出租套房（共同使用）．樓梯間．機械房．水箱,鋼筋混凝土造,82年11月8日,八層,
RPQNMLMKPHGGFDV86DA,28,41.57,出租套房,鋼筋混凝土造,82年11月8日,八層,二層 陽台
RPPNMLMJPHGGFAV98DA,28,391.19,避難室、宿舍、工廠,鋼筋混凝土無墻鋼架造,82年7月13日,一層,一層 地下層
RPPOMLTLOHGGFAV27DA,,203.04,Ｈ２住宅、樓梯間,ＲＣ造,110年5月17日,三層,一層 二層 三層 見其他登記事項 見其他登記事項
RPXNMLMJPHGGFAV17DA,29,178.33,鄉村住宅,加強磚造,81年9月10日,二層,一層 二層 屋頂突出物
RPQNMLLJPHGGFAV98DA,1,88.40,Ｈ２集合住宅,ＲＣ造,109年3月3日,五層,一層 見其他登記事項
RPRNMLNKPHGGFAV76DA,25,192.65,住家用,鋼筋混凝土造,84年11月9日,三層,一層 二層 三層 陽台 平台
RPQNMLLJPHGGFAV98DA,1,.34,Ｇ３店舖、機房,ＲＣ造,109年3月3日,五層,
RPQNMLLJPHGGFAV98DA,1,15.22,樓梯間、昇降機間,ＲＣ造,109年3月3日,五層,
RPPOMLPJPHGGFAV76DA,26,86.31,集合住宅,鋼筋混凝土造,84年6月1日,五層,三層 見其他登記事項
RPPOMLPJPHGGFAV76DA,26,10.48,停車空間．兼儲藏室（共同使用）,鋼筋混凝土造,84年6月1日,五層,
RPPOMLPJPHGGFAV76DA,26,8.34,人行．樓梯．通廊．水箱．蓄水池（共同使用）,鋼筋混凝土造,84年6月1日,五層,
RPTNMLQJPHGGFAV17DA,10,203.87,住宅、樓梯間,ＲＣ造,100年5月13日,三層,一層 二層 三層 屋頂突出物 見其他登記事項
RPRNMLTJPHGGFAV27DA,1,60.43,Ｈ２集合住宅,ＲＣ造,109年3月3日,五層,三層 見其他登記事項
RPRNMLTJPHGGFAV27DA,1,.23,Ｇ３店舖、機房,ＲＣ造,109年3月3日,五層,
RPRNMLTJPHGGFAV27DA,1,11.66,樓梯間、昇降機間,ＲＣ造,109年3月3日,五層,
RPSNMLSJPHGGFAV27DA,1,73.34,Ｈ２集合住宅,ＲＣ造,109年2月27日,五層,五層 見其他登記事項
RPSNMLSJPHGGFAV27DA,1,12.07,樓梯間、昇降機間,ＲＣ造,109年2月27日,五層,
RPUNMLPKPHGGFAV27DA,1,239.40,住家用,ＲＣ造,109年7月23日,三層,一層 二層 三層
RPPNMLPKNHGGFAV56DA,25,189.92,鄉村住宅,鋼筋混凝土造,85年7月4日,三層,一層 二層 三層 陽台
RPQNMLRKPHGGFDV37DA,27,5.45,樓梯間．門房走道,鋼筋混凝土造,83年9月30日,八層,
RPQNMLRKPHGGFDV37DA,27,31.54,套房,鋼筋混凝土造,83年9月30日,八層,五層 陽台
RPQNMLQKPHGGFDV37EA,27,8.57,樓梯間．門房走道,鋼筋混凝土造,83年9月30日,八層,
RPQNMLQKPHGGFDV37EA,27,43.08,套房,鋼筋混凝土造,83年9月30日,八層,七層 陽台
RPPNMLLLPHGGFAV09DA,32,189.85,住家用,加強磚造,78年2月4日,二層,一層 二層 屋頂突出物
RPTNMLTKPHGGFAV57DA,26,79.10,集合住宅,鋼筋混凝土造,84年1月25日,十層,十層 陽台 花台
RPTNMLTKPHGGFAV57DA,,2.14,樓梯，電梯，機械房,鋼筋混凝土造,,十層,
RPTNMLTKPHGGFAV57DA,26,9.44,樓梯．電梯間,鋼筋混凝土造,84年1月25日,十層,
RPTNMLTKPHGGFAV57DA,26,2.26,門廳．車道．水箱．交誼廳．通道,鋼筋混凝土造,84年1月25日,十層,
RPTNMLTKPHGGFAV57DA,26,11.52,防空避難室．配電室．停車空間,鋼筋混凝土造,84年1月25日,十層,
RPRNMLRKPHGGFAV17DA,49,67.24,住家用,鐵筋水泥磚造,61年8月30日,一層,一層
RPOOMLKLPHGGFAV98DA,6,233.97,住宅、樓梯間,ＲＣ造,104年3月4日,三層,一層 二層 三層 見其他登記事項 見其他登記事項
RPQNMLTJPHGGFAV17DA,1,71.53,Ｈ２集合住宅,ＲＣ造,109年3月3日,五層,二層 見其他登記事項
RPQNMLTJPHGGFAV17DA,1,.27,Ｇ３店舖、機房,ＲＣ造,109年3月3日,五層,
RPQNMLTJPHGGFAV17DA,1,15.21,樓梯間、昇降機間,ＲＣ造,109年3月3日,五層,
RPSNMLQKOHGGFAV07DA,27,162.44,住家用,鋼筋混凝土造,83年5月13日,三層,一層 二層 三層 陽台
RPQNMLMLOHGGFAV56DA,38,89.74,住家用,鋼筋混凝土造,72年10月19日,四層,三層 陽台
RPQNMLMLOHGGFAV56DA,,4.78,樓梯間,鋼筋水泥,,四層,
RPPNMLSLNHGGFAV96DA,7,168.27,住家用,ＲＣ造,103年1月9日,三層,一層 二層 三層 見其他登記事項
RPUNMLTKPHGGFAV67DA,25,7.68,主要內容：樓梯．電梯（共同使用）,鋼筋混凝土造,85年6月21日,七層,
RPUNMLTKPHGGFAV67DA,25,4.40,電梯．水箱．機械房．樓梯共同使用,鋼筋混凝土造,85年6月21日,七層,
RPUNMLTKPHGGFAV67DA,25,4.47,車道．樓梯．配電室．機械房．蓄水池．機車停車位共同使用,鋼筋混凝土造,85年6月21日,七層,
RPUNMLTKPHGGFAV67DA,25,16.82,防空避難室暨停車空間共同使用,鋼筋混凝土造,85年6月21日,七層,
RPUNMLTKPHGGFAV67DA,25,63.01,集合住宅,鋼筋混凝土造,85年6月21日,七層,六層 陽台
RPPNMLLLPHGGFDV76DA,28,48.72,出租套房,鋼筋混凝土造,82年11月8日,八層,八層 陽台
RPPNMLLLPHGGFDV76DA,28,18.66,出租套房、通道、停車場、避難室．屋頂突出物,鋼筋混凝土造,82年11月8日,八層,
RPQNMLMLPHGGFAV66DA,28,125.82,住家用,鋼筋混凝土造,82年6月7日,三層,一層 二層 三層
RPTNMLPJPHGGFAV07DA,27,96.34,集合住宅,鋼筋混凝土造,83年2月25日,十二層,六層 陽台 花台
RPTNMLPJPHGGFAV07DA,27,13.80,避難室兼停車場．共同使用,鋼筋混凝土造,83年2月25日,十二層,
RPTNMLPJPHGGFAV07DA,27,12.96,梯間．共同使用,鋼筋混凝土造,83年2月25日,十二層,
RPSNMLTLOHGGFAV47DA,,203.04,Ｈ２住宅、樓梯間,鋼筋混凝土造,110年5月17日,三層,一層 二層 三層 見其他登記事項 見其他登記事項
RPQNMLSJPHGGFAV07DA,52,67.92,住家用,鐵筋水泥磚,58年2月1日,二層,一層 二層
RPRNMLOKPHGGFAV86DA,1,60.43,Ｈ２集合住宅,ＲＣ造,109年3月3日,五層,一層 見其他登記事項
RPRNMLOKPHGGFAV86DA,1,.23,Ｇ３店舖、機房,ＲＣ造,109年3月3日,五層,
RPRNMLOKPHGGFAV86DA,1,11.66,樓梯間、昇降機間,ＲＣ造,109年3月3日,五層,
RPRNMLPKNHGGFAV76DA,25,189.92,鄉村住宅,鋼筋混凝土造,85年7月4日,三層,一層 二層 三層 陽台
RPPNMLNLPHGGFDV96DA,13,134.64,車庫，住宅,ＲＣ造,97年5月22日,三層,一層 二層 三層
RPUNMLNKPHGGFAV07DA,26,78.10,集合住宅,鋼筋混凝土造,84年6月1日,五層,二層 見其他登記事項
RPUNMLNKPHGGFAV07DA,26,9.16,停車空間．兼儲藏室（共同使用）,鋼筋混凝土造,84年6月1日,五層,
RPUNMLNKPHGGFAV07DA,26,10.93,樓梯．通廊．瞭望台．水箱．蓄水池（共同使用）,鋼筋混凝土造,84年6月1日,五層,
RPROMLRLNHGGFAV17DA,,167.96,住宅,ＲＣ造,110年3月9日,三層,一層 二層 三層 見其他登記事項
RPRNMLMLPHGGFDV07DA,23,35.30,商業用,鋼筋混凝土造,87年3月6日,十層,五層 陽台
RPRNMLMLPHGGFDV07DA,23,1.12,機房、樓梯,鋼筋混凝土造,87年3月6日,十五層,
RPRNMLMLPHGGFDV07DA,23,7.21,梯間、通道,鋼筋混凝土造,87年3月6日,十五層,
RPRNMLMLPHGGFDV07DA,23,5.57,通道、活動室、樓梯間、門廳、車道、辦公室,鋼筋混凝土造,87年3月6日,十層,
RPPNMLRKPHGGFDV27DA,27,5.45,樓梯間．門房走道,鋼筋混凝土造,83年9月30日,八層,
RPPNMLRKPHGGFDV27DA,27,31.54,套房,鋼筋混凝土造,83年9月30日,八層,七層 陽台
RPSNMLTJPHGGFAV37DA,1,88.40,Ｈ２集合住宅,ＲＣ造,109年3月3日,五層,二層 見其他登記事項
RPSNMLTJPHGGFAV37DA,1,.34,Ｇ３店舖、機房,ＲＣ造,109年3月3日,五層,
RPSNMLTJPHGGFAV37DA,1,15.22,樓梯間、昇降機間,ＲＣ造,109年3月3日,五層,
RPRNMLMKPHGGFAV66DA,1,88.40,Ｈ２集合住宅,ＲＣ造,109年3月3日,五層,一層 見其他登記事項
RPRNMLMKPHGGFAV66DA,1,.34,Ｇ３店舖、機房,ＲＣ造,109年3月3日,五層,
RPRNMLMKPHGGFAV66DA,1,15.22,樓梯間、昇降機間,ＲＣ造,109年3月3日,五層,
RPWNMLMJPHGGFAV07DA,1,56.03,Ｈ２集合住宅,ＲＣ造,109年7月24日,五層,見其他登記事項 見其他登記事項
RPWNMLMJPHGGFAV07DA,1,20.10,共用部份,ＲＣ造,109年7月24日,五層,
RPRNMLNLPHGGFAV86DA,16,315.26,人行道、店舖、住宅,ＲＣ造,94年12月13日,四層,一層 二層 三層 四層 騎樓 見其他登記事項
RPPNMLQLPHGGFBV07DA,28,133.65,農舍,加強磚造,82年9月9日,三層,一層 二層 三層 陽台
RPPNMLKKPHGGFAV88DA,29,212.37,住家用,鋼筋混凝土造,81年5月12日,四層,一層 二層 三層 四層 騎樓
RPQOMLKLPHGGFAV56DA,28,28.00,商業用,鋼筋混凝土造,82年10月26日,六層,一層
RPQOMLKLPHGGFAV56DA,28,11.62,電梯間、樓梯間、避難室、走道,鋼筋混凝土造,82年10月26日,六層,
RPPNMLPKPHGGFDV07DA,23,35.30,商業用,鋼筋混凝土造,87年3月6日,十五層,六層 陽台
RPPNMLPKPHGGFDV07DA,23,1.12,機房、樓梯,鋼筋混凝土造,87年3月6日,十五層,
RPPNMLPKPHGGFDV07DA,23,7.21,梯間、通道,鋼筋混凝土造,87年3月6日,十五層,
RPPNMLPKPHGGFDV07DA,23,5.57,通道、活動室、樓梯間、門廳、車道、辦公室,鋼筋混凝土造,87年3月6日,十層,
RPWNMLKLPHGGFAV07DA,,56.03,Ｈ２集合住宅,ＲＣ造,109年7月24日,五層,見其他登記事項 見其他登記事項
RPWNMLKLPHGGFAV07DA,,38.60,共用部份,ＲＣ造,109年7月24日,五層,
RPSNMLOKPHGGFAV96DA,1,60.43,Ｈ２集合住宅,ＲＣ造,109年3月3日,五層,一層 見其他登記事項
RPSNMLOKPHGGFAV96DA,1,.23,Ｇ３店舖、機房,ＲＣ造,109年3月3日,五層,
RPSNMLOKPHGGFAV96DA,1,11.66,樓梯間、昇降機間,ＲＣ造,109年3月3日,五層,
RPQNMLOKPHGGFAV76DA,1,71.53,Ｈ２集合住宅,ＲＣ造,109年3月3日,五層,四層 見其他登記事項
RPQNMLKLPHGGFAV09DA,,48.35,Ｈ２集合住宅,ＲＣ造,109年7月24日,五層,見其他登記事項 見其他登記事項
RPQNMLOKPHGGFAV76DA,1,.27,Ｇ３店舖、機房,ＲＣ造,109年3月3日,五層,
RPQNMLKLPHGGFAV09DA,,34.55,共用部份,ＲＣ造,109年7月24日,五層,
RPQNMLOKPHGGFAV76DA,1,15.21,樓梯間、昇降機間,ＲＣ造,109年3月3日,五層,
RPRNMLQKPHGGFAV07DA,25,5.31,共同使用：樓梯．電梯,鋼筋混凝土造,85年6月28日,七層,
RPRNMLQKPHGGFAV07DA,25,3.29,樓梯、電梯、機械房、水箱共同使用,鋼筋混凝土造,85年6月28日,七層,
RPRNMLQKPHGGFAV07DA,25,2.81,車道、水箱、樓梯、機械房配電室共同使用　,鋼筋混凝土造,85年6月28日,七層,
RPRNMLQKPHGGFAV07DA,25,16.01,防空避難室暨停車空間共同使用,鋼筋混凝土造,85年6月28日,七層,
RPRNMLQKPHGGFAV07DA,25,63.38,住家用,鋼筋混凝土造,85年6月28日,七層,七層 陽台
RPWNMLLJPHGGFAV96DA,37,84.48,住家用,加強磚造,73年5月8日,二層,一層 二層
RPRNMLQLNHGGFAV96DA,26,77.36,集合住宅,鋼筋混凝土造,84年1月25日,十層,九層 陽台 花台
RPRNMLQLNHGGFAV96DA,,2.09,樓梯，電梯，機械房,鋼筋混凝土造,,十層,
RPRNMLQLNHGGFAV96DA,26,9.24,樓梯．電梯間,鋼筋混凝土造,84年1月25日,十層,
RPRNMLQLNHGGFAV96DA,26,2.20,門廳．車道．水箱．交誼廳．通道,鋼筋混凝土造,84年1月25日,十層,
RPRNMLQLNHGGFAV96DA,26,11.21,防空避難室．配電室．停車空間,鋼筋混凝土造,84年1月25日,十層,
RPPNMLLLOHGGFAV98DA,,152.50,住家用,ＲＣ造,110年3月4日,三層,一層 二層 三層 見其他登記事項
RPRNMLSLPHGGFAV37DA,35,121.27,住家用,加強磚造,75年11月10日,二層,一層 二層 陽台 屋頂突出物
RPVNMLMLPHGGFAV17DA,5,212.28,住家用,ＲＣ造,105年5月26日,三層,一層 二層 三層 見其他登記事項
RPSNMLLLPHGGFAV76DA,1,73.34,Ｈ２集合住宅,ＲＣ造,109年2月27日,五層,三層 見其他登記事項
RPSNMLLLPHGGFAV76DA,1,12.07,樓梯間、昇降梯間,ＲＣ造,109年2月27日,五層,
RPRNMLKLPHGGFAV56DA,,48.16,Ｈ２集合住宅,ＲＣ造,109年7月24日,五層,見其他登記事項 見其他登記事項
RPRNMLKLPHGGFAV56DA,,15.96,共用部份,ＲＣ造,109年7月24日,五層,
RPRNMLKLPHGGFDV86DA,23,35.30,商業用,鋼筋混凝土造,87年3月6日,十五層,十二層 陽台
RPRNMLKLPHGGFDV86DA,23,1.12,機房、樓梯,鋼筋混凝土造,87年3月6日,十五層,
RPRNMLKLPHGGFDV86DA,23,7.21,梯間、通道,鋼筋混凝土造,87年3月6日,十五層,
RPRNMLKLPHGGFDV86DA,23,5.57,通道、活動室、樓梯間、門廳、車道、辦公室,鋼筋混凝土造,87年3月6日,十層,
RPPNMLKMPHGGFDV76DA,28,13.54,出租套房（共同使用）．樓梯間．機械房．水箱,鋼筋混凝土造,82年11月8日,八層,
RPPNMLKMPHGGFDV76DA,28,36.90,出租套房,鋼筋混凝土造,82年11月8日,八層,八層 陽台
RPRNMLLLPHGGFAV66DA,15,250.89,店舖、住宅、樓梯間,ＲＣ造,95年9月25日,三層,一層 二層 三層 屋頂突出物 見其他登記事項
RPSNMLKLPHGGFAV66DA,,48.35,Ｈ２集合住宅,ＲＣ造,109年7月24日,五層,見其他登記事項 見其他登記事項
RPSNMLKLPHGGFAV66DA,,34.55,共用部份,ＲＣ造,109年7月24日,五層,
RPSNMLMLPHGGFAV86DA,1,71.53,Ｈ２集合住宅,ＲＣ造,109年3月3日,五層,一層 見其他登記事項
RPSNMLMLPHGGFAV86DA,1,.27,Ｇ３店舖、機房,ＲＣ造,109年3月3日,五層,
RPSNMLMLPHGGFAV86DA,1,15.21,樓梯間、昇降機間,ＲＣ造,109年3月3日,五層,
RPSNMLPKPHGGFAV07DA,25,202.51,住商用,鋼筋混凝土造,85年1月13日,四層,一層 二層 三層 四層 騎樓 停車場 見其他登記事項
RPTNMLTLPHGGFAV67DA,26,61.21,集合住宅,鋼筋混凝土造,84年2月17日,八層,八層 花台
RPTNMLTLPHGGFAV67DA,26,4.11,走道,鋼筋混凝土造,84年2月17日,八層,
RPTNMLTLPHGGFAV67DA,26,11.38,防空避難室暨停車空間、配電室,鋼筋混凝土造,84年2月17日,八層,
RPTNMLTLPHGGFAV67DA,26,8.38,車道、警衛室、托兒所、電梯、樓梯,鋼筋混凝土造,84年2月17日,八層,
RPTNMLKLPHGGFAV76DA,,48.16,Ｈ２集合住宅,ＲＣ造,109年7月24日,五層,見其他登記事項 見其他登記事項
RPTNMLKLPHGGFAV76DA,,15.96,共用部份,ＲＣ造,109年7月24日,五層,
RPUNMLKLPHGGFAV86DA,,56.03,Ｈ２集合住宅,ＲＣ造,109年7月24日,五層,見其他登記事項 見其他登記事項
RPUNMLKLPHGGFAV86DA,,20.10,共用部份,ＲＣ造,109年7月24日,五層,
RPPNMLPKPHGGFAV76DA,26,61.21,集合住宅,鋼筋混凝土造,84年2月17日,八層,八層 花台
RPPNMLPKPHGGFAV76DA,26,4.11,走道,鋼筋混凝土造,84年2月17日,八層,
RPPNMLPKPHGGFAV76DA,26,11.38,防空避難室暨停車空間、配電室,鋼筋混凝土造,84年2月17日,八層,
RPPNMLPKPHGGFAV76DA,26,8.38,車道、警衛室、托兒所、電梯、樓梯,鋼筋混凝土造,84年2月17日,八層,
RPVNMLKLPHGGFAV96DA,,48.35,Ｈ２集合住宅,ＲＣ造,109年7月24日,五層,見其他登記事項 見其他登記事項
RPVNMLKLPHGGFAV96DA,,16.04,共用部份,ＲＣ造,109年7月24日,五層,
RPQNMLKMPHGGFBV76EA,28,34.21,住家用,有牆鋼鐵造,82年7月23日,一層,一層
RPPNMLKLPHGGFAV98DA,,48.35,Ｈ２集合住宅,ＲＣ造,109年7月24日,五層,見其他登記事項 見其他登記事項
RPPNMLKLPHGGFAV98DA,,16.04,共用部份,ＲＣ造,109年7月24日,五層,
RPRNMLMJQHGGFAV66DA,41,98.90,住家用,加強磚造,69年6月3日,二層,一層 二層
RPVNMLLJPHGGFAV86DA,35,112.23,住家用,加強磚造,75年10月27日,二層,一層 二層 陽台 騎樓
RPQNMLQLPHGGFAV07DA,9,121.56,住家用,ＲＣ造,101年4月11日,三層,一層 二層 三層 見其他登記事項
RPVNMLKMPHGGFAV07DA,27,83.80,集合住宅,鋼筋混凝土造,83年6月1日,三層,三層 陽台
RPVNMLKMPHGGFAV07DA,27,9.54,住商用,鋼筋混凝土造,83年6月1日,三層,
RPRNMLTLPHGGFAV47DA,43,64.87,住家用,水泥磚木蓋瓦,67年6月30日,一層,一層
RPPNMLKMPHGGFAV09DA,7,258.26,住家用,鋼骨混凝土造,103年12月16日,,一層 二層 三層 見其他登記事項
RPUNMLRLPHGGFAV57DA,26,156.32,鄉村住宅,鋼筋混凝土造,84年5月16日,三層,一層 二層 三層 見其他登記事項
RPSNMLMJQHGGFAV76DA,26,191.42,住家用,鋼筋混凝土造,84年6月30日,四層,一層 二層 三層 四層 陽台 平台
RPWNMLKMPHGGFAV17DA,26,8.86,避難室,鋼筋混凝土造,84年7月6日,四層,
RPWNMLKMPHGGFAV17DA,26,.59,樓梯間等五項,鋼筋混凝土造,84年7月6日,,
RPWNMLKMPHGGFAV17DA,26,.59,樓梯間等伍項,鋼筋混凝土造,84年7月6日,,
RPWNMLKMPHGGFAV17DA,26,1.46,樓梯間等伍項,鋼筋混凝土造,84年7月6日,四層,
RPWNMLKMPHGGFAV17DA,26,.59,樓梯間等伍項,鋼筋混凝土造,84年7月6日,,
RPWNMLKMPHGGFAV17DA,26,.59,樓梯間,鋼筋混凝土造,84年7月6日,,
RPWNMLKMPHGGFAV17DA,26,.59,樓梯間,鋼筋混凝土造,84年7月6日,,
RPWNMLKMPHGGFAV17DA,26,.59,樓梯間,鋼筋混凝土造,84年7月6日,,
RPWNMLKMPHGGFAV17DA,26,.59,樓梯間,鋼筋混凝土造,84年7月6日,,
RPWNMLKMPHGGFAV17DA,26,.59,樓梯間,鋼筋混凝土造,84年7月6日,,
RPWNMLKMPHGGFAV17DA,26,.59,樓梯間,鋼筋混凝土造,84年7月6日,,
RPWNMLKMPHGGFAV17DA,26,.59,樓梯間等伍項,鋼筋混凝土造,84年7月6日,,
RPWNMLKMPHGGFAV17DA,26,.59,樓梯間,鋼筋混凝土造,84年7月6日,,
RPWNMLKMPHGGFAV17DA,26,.59,樓梯間,鋼筋混凝土造,84年7月6日,,
RPWNMLKMPHGGFAV17DA,26,.59,樓梯間,鋼筋混凝土造,84年7月6日,,
RPWNMLKMPHGGFAV17DA,26,.59,樓梯間,鋼筋混凝土造,84年7月6日,,
RPWNMLKMPHGGFAV17DA,26,102.22,集合住宅,鋼筋混凝土造,84年7月6日,四層,四層 陽台
RPQNMLTKNHGGFBV17DA,37,235.05,住宅,加強磚造,73年7月15日,一層,一層
RPXNMLTKPHGGFAV97DA,1,71.53,Ｈ２集合住宅,ＲＣ造,109年3月3日,五層,二層 見其他登記事項
RPXNMLTKPHGGFAV97DA,1,.27,Ｇ３店舖、機房,ＲＣ造,109年3月3日,五層,
RPXNMLTKPHGGFAV97DA,1,15.21,樓梯間、昇降機間,ＲＣ造,109年3月3日,五層,
RPPNMLRKPHGGFAV96DA,,14.92,汽車昇降機間．避難室停車場,鋼筋混凝土造,,一層,
RPPNMLRKPHGGFAV96DA,40,16.57,公共通道,鋼筋混凝土造,70年10月21日,七層,
RPPNMLRKPHGGFAV96DA,40,90.12,住家用,鋼筋混凝土造,70年10月21日,七層,七層 陽台
RPOOMLNJQHGGFAV56DA,1,71.57,Ｈ２集合住宅,ＲＣ造,109年3月3日,五層,五層 見其他登記事項
RPOOMLNJQHGGFAV56DA,1,.27,Ｇ３店舖、機房,ＲＣ造,109年3月3日,五層,
RPOOMLNJQHGGFAV56DA,1,15.23,樓梯間、昇降機間,ＲＣ造,109年3月3日,五層,
RPPNMLOJQHGGFAV66DA,,77.71,Ｈ２集合住宅,ＲＣ造,110年5月31日,五層,四層 見其他登記事項
RPPNMLOJQHGGFAV66DA,,14.55,梯間、樓梯間（公共設施）,ＲＣ造,110年5月31日,五層,
RPQNMLOJQHGGFAV76DA,,77.71,Ｈ２集合住宅,ＲＣ造,110年5月31日,五層,五層 見其他登記事項
RPQNMLOJQHGGFAV76DA,,14.55,梯間、樓梯間（公共設施）,ＲＣ造,110年5月31日,五層,
RPVNMLOJQHGGFAV27DA,1,88.43,Ｈ２集合住宅,ＲＣ造,109年3月3日,五層,一層 見其他登記事項
RPVNMLOJQHGGFAV27DA,1,.34,Ｇ３店舖、機房,ＲＣ造,109年3月3日,五層,
RPVNMLOJQHGGFAV27DA,1,15.22,樓梯間、昇降機間,ＲＣ造,109年3月3日,五層,
RPQNMLTKPHGGFAV27DA,26,207.18,住商用,鋼筋混凝土造,84年11月8日,三層,一層 二層 三層 屋頂突出物 騎樓
RPPNMLOKPHGGFAV66DA,1,60.49,Ｈ２集合住宅,ＲＣ造,109年3月3日,五層,五層 見其他登記事項
RPPNMLOKPHGGFAV66DA,1,.23,Ｇ３店舖、機房,ＲＣ造,109年3月3日,五層,
RPPNMLOKPHGGFAV66DA,1,11.68,樓梯間、昇降機間,ＲＣ造,109年3月3日,五層,
RPRNMLOJQHGGFAV86DA,,77.76,Ｈ２集合住宅,ＲＣ造,110年5月31日,五層,二層 見其他登記事項
RPRNMLOJQHGGFAV86DA,,14.55,梯間、樓梯間（公共設施）,ＲＣ造,110年5月31日,五層,
RPQNMLQJQHGGFDV27DA,28,15.41,出租套房（共同使用）．樓梯間．機械房．水箱,鋼筋混凝土造,82年11月8日,八層,
RPPNMLQJQHGGFAV86DA,,124.93,Ｈ２集合住宅,ＲＣ造,110年5月31日,五層,三層 見其他登記事項
RPQNMLQJQHGGFDV27DA,28,41.58,出租套房,鋼筋混凝土造,82年11月8日,八層,三層 陽台
RPPNMLQJQHGGFAV86DA,,29.88,樓梯間、梯間（公共設施）,ＲＣ造,110年5月31日,五層,
RPVNMLTJQHGGFAV77DA,37,91.99,住家用,加強磚造,73年4月3日,二層,一層 二層
RPQNMLRLPHGGFDV47DA,23,35.30,商業用,鋼筋混凝土造,87年3月6日,十五層,十二層 陽台
RPQNMLRLPHGGFDV47DA,23,1.12,機房、樓梯,鋼筋混凝土造,87年3月6日,十五層,
RPQNMLRLPHGGFDV47DA,23,7.21,梯間、通道,鋼筋混凝土造,87年3月6日,十五層,
RPQNMLRLPHGGFDV47DA,23,5.57,通道、活動室、樓梯間、門廳、車道、辦公室,鋼筋混凝土造,87年3月6日,十層,
RPPNMLTJQHGGFAV17DA,45,109.20,住家用,鐵筋水泥磚,65年10月1日,二層,一層 二層 騎樓
RPUNMLMJQHGGFAV96DA,46,222.73,騎樓、店舖、住宅、防空避難室,鋼筋混凝土造,64年8月12日,三層,一層 二層 三層 騎樓 地下一層
RPTNMLNKPHGGFAV96DA,27,83.80,集合住宅,鋼筋混凝土造,83年6月1日,三層,一層 平台
RPTNMLNKPHGGFAV96DA,27,9.54,樓梯共同使用,鋼筋混凝土造,83年6月1日,三層,
RPPOMLTKPHGGFAV27DA,23,89.26,集合住宅,鋼筋混凝土造,87年10月14日,七層,七層 陽台
RPPOMLTKPHGGFAV27DA,23,13.52,樓梯．電梯．走道．機械房．水塔,鋼筋混凝土造,87年10月14日,七層,
RPPOMLTKPHGGFAV27DA,23,20.46,防空避難室．停車空間．樓梯．電梯．走道．機械室．受電室（共同使用）,鋼筋混凝土造,87年10月14日,七層,
RPXOMLKKQHGGFAV27DA,1,60.43,Ｈ２集合住宅,ＲＣ造,109年3月3日,五層,一層 見其他登記事項
RPXOMLKKQHGGFAV27DA,1,.23,Ｇ３店舖、機房,ＲＣ造,109年3月3日,五層,
RPXOMLKKQHGGFAV27DA,1,11.66,樓梯間、昇降機間,ＲＣ造,109年3月3日,五層,
RPPNMLRJQHGGFDV27DA,23,35.30,商業用,鋼筋混凝土造,87年3月6日,十層,四層 陽台
RPPNMLRJQHGGFDV27DA,23,1.12,機房、樓梯,鋼筋混凝土造,87年3月6日,十五層,
RPPNMLRJQHGGFDV27DA,23,7.21,梯間、通道,鋼筋混凝土造,87年3月6日,十五層,
RPPNMLRJQHGGFDV27DA,23,5.57,通道、活動室、樓梯間、門廳、車道、辦公室,鋼筋混凝土造,87年3月6日,十層,
RPQOMLNJQHGGFAV76DA,1,71.53,Ｈ２集合住宅,ＲＣ造,109年3月3日,五層,五層 見其他登記事項
RPQOMLNJQHGGFAV76DA,1,.27,Ｇ３店舖、機房,ＲＣ造,109年3月3日,五層,
RPQOMLNJQHGGFAV76DA,1,15.21,樓梯間、昇降機間,ＲＣ造,109年3月3日,五層,
RPPOMLTJQHGGFAV27DA,,195.39,Ｈ２住宅,ＲＣ造,110年3月5日,三層,一層 二層 三層 見其他登記事項
RPXNMLNJQHGGFAV37DA,1,88.43,Ｈ２集合住宅,ＲＣ造,109年3月3日,五層,五層 見其他登記事項
RPXNMLNJQHGGFAV37DA,1,.34,Ｇ３店舖、機房,ＲＣ造,109年3月3日,五層,
RPXNMLNJQHGGFAV37DA,1,15.22,樓梯間、昇降機間,ＲＣ造,109年3月3日,五層,
RPUNMLKKQHGGFAV86DA,,77.71,Ｈ２集合住宅,ＲＣ造,110年5月31日,五層,三層 見其他登記事項
RPUNMLKKQHGGFAV86DA,,14.55,梯間、樓梯間（公共設施）,ＲＣ造,110年5月31日,五層,
RPPNMLTLPHGGFAV27DA,,4.63,樓梯間,鋼筋混凝土造,,四層,
RPPNMLTLPHGGFAV27DA,38,88.82,集合住宅,鋼筋混凝土造,72年10月19日,四層,三層 陽台
RPVNMLPJQHGGFAV37DA,26,79.66,集合住宅,鋼筋混凝土造,84年1月25日,十層,三層 陽台 花台
RPVNMLPJQHGGFAV37DA,,2.14,樓梯，電梯，機械房,鋼筋混凝土造,,十層,
RPVNMLPJQHGGFAV37DA,26,9.44,樓梯．電梯間,鋼筋混凝土造,84年1月25日,十層,
RPVNMLPJQHGGFAV37DA,26,2.26,門廳．車道．水箱．交誼廳．通道,鋼筋混凝土造,84年1月25日,十層,
RPVNMLPJQHGGFAV37DA,26,11.52,防空避難室．配電室．停車空間,鋼筋混凝土造,84年1月25日,十層,
RPPNMLNJQHGGFAV56DA,26,12.34,通廊．電梯．汽車昇降孔．共同使用,鋼筋混凝土造,84年5月17日,七層,
RPPNMLNJQHGGFAV56DA,26,5.28,防空．避難室．停車空間．共同使用,鋼筋混凝土造,84年5月17日,七層,
RPPNMLNJQHGGFAV56DA,26,23.40,集合住宅,鋼筋混凝土造,84年5月17日,七層,三層
RPWNMLLKQHGGFAV17DA,43,89.74,住家用,加強磚造,67年5月22日,二層,一層 二層
RPVNMLNKQHGGFAV27DA,37,105.01,住家用,加強磚造,73年6月2日,二層,一層 二層 陽台
RPRNMLNJQHGGFAV76DA,26,10.10,通廊．電梯．汽車昇降孔．共同使用,鋼筋混凝土造,84年5月17日,七層,
RPRNMLNJQHGGFAV76DA,26,4.27,防空．避難室．停車空間．共同使用,鋼筋混凝土造,84年5月17日,七層,
RPRNMLNJQHGGFAV76DA,26,24.88,集合住宅,鋼筋混凝土造,84年5月17日,七層,四層 陽台
RPSNMLTJQHGGFAV47DA,,112.17,Ｈ２集合住宅,ＲＣ造,110年5月31日,五層,一層
RPSNMLTJQHGGFAV47DA,,29.88,樓梯間、梯間（公共設施）,ＲＣ造,110年5月31日,五層,
RPTNMLKMPHGGFAV86DA,3,220.45,住宅,ＲＣ造,107年2月1日,三層,一層 二層 三層 見其他登記事項
RPVNMLPKPHGGFAV37DA,18,175.10,住家用,鋼筋混凝土造,92年11月24日,三層,一層 二層 三層 見其他登記事項
RPPOMLKLPHGGFAV09DA,1,237.47,Ｈ２住宅,ＲＣ造,109年6月9日,四層,一層 二層 三層 四層 見其他登記事項
RPQNMLLKQHGGFDV86DA,27,8.26,樓梯間、機械室、電梯間、屋頂突出物避難室車道,鋼筋混凝土造,83年4月27日,九層,
RPQNMLLKQHGGFDV86DA,27,38.27,走道,鋼筋混凝土造,83年4月27日,九層,
RPQNMLLKQHGGFDV86DA,27,34.84,商業用,鋼筋混凝土造,83年4月27日,九層,八層 陽台
RPPNMLMKQHGGFDV86DA,28,35.56,出租套房,鋼筋混凝土造,82年11月8日,八層,二層 陽台
RPPNMLMKQHGGFDV86DA,28,13.01,出租套房、通道、停車場、避難室．屋頂突出物,鋼筋混凝土造,82年11月8日,八層,
RPPNMLMJQHGGFAV09DA,17,209.29,住家用,鋼筋混凝土造,93年12月17日,三層,一層 二層 三層 屋頂突出物 見其他登記事項
RPPOMLQKQHGGFAV07DA,26,10.82,通廊．電梯．汽車昇降孔．共同使用,鋼筋混凝土造,84年5月17日,七層,
RPPOMLQKQHGGFAV07DA,26,4.62,防空．避難室．停車空間．共同使用,鋼筋混凝土造,84年5月17日,七層,
RPPOMLQKQHGGFAV07DA,26,20.54,集合住宅,鋼筋混凝土造,84年5月17日,七層,五層
RPUNMLPJQHGGFAV27DA,1,71.53,Ｈ２集合住宅,ＲＣ造,109年3月3日,五層,一層 見其他登記事項
RPUNMLPJQHGGFAV27DA,1,.27,Ｇ３店舖、機房,ＲＣ造,109年3月3日,五層,
RPUNMLPJQHGGFAV27DA,1,15.21,樓梯間、昇降機間,ＲＣ造,109年3月3日,五層,
RPSNMLQKQHGGFAV27DA,23,89.27,店舖．人行．集合住宅,鋼筋混凝土造,87年10月14日,七層,一層 二層 陽台 平台 騎樓
RPSNMLQKQHGGFAV27DA,23,13.33,樓梯．電梯．走道．機械房．水塔,鋼筋混凝土造,87年10月14日,七層,
RPSNMLQKQHGGFAV27DA,23,20.17,防空避難室．停車空間．樓梯．電梯．走道．機械室．受電室（共同使用）,鋼筋混凝土造,87年10月14日,七層,
RPTNMLNKQHGGFAV07DA,26,10.17,通廊．電梯．汽車昇降孔．共同使用,鋼筋混凝土造,84年5月17日,七層,
RPTNMLNKQHGGFAV07DA,26,4.36,防空．避難室．停車空間．共同使用,鋼筋混凝土造,84年5月17日,七層,
RPTNMLNKQHGGFAV07DA,26,19.31,集合住宅,鋼筋混凝土造,84年5月17日,七層,五層
RPQNMLNKQHGGFAV76DA,26,6.78,通廊．電梯．汽車昇降孔．共同使用,鋼筋混凝土造,84年5月17日,七層,
RPQNMLNKQHGGFAV76DA,26,2.88,防空．避難室．停車空間．共同使用,鋼筋混凝土造,84年5月17日,七層,
RPQNMLNKQHGGFAV76DA,26,17.89,集合住宅,鋼筋混凝土造,84年5月17日,七層,三層 陽台
RPRNMLRKQHGGFAV27DA,24,15.30,儲藏室、停車空間、蓄水池,鋼筋混凝土造,86年9月26日,五層,
RPRNMLRKQHGGFAV27DA,24,8.35,電梯．樓梯．走廊．水箱．機械房．儲藏室．瞭望台,鋼筋混凝土造,86年9月26日,五層,
RPRNMLRKQHGGFAV27DA,24,67.85,集合住宅,鋼筋混凝土造,86年9月26日,五層,五層 陽台
RPQNMLLKQHGGFAV56DA,,48.09,Ｈ２集合住宅,ＲＣ造,109年7月24日,五層,見其他登記事項 見其他登記事項
RPQNMLLKQHGGFAV56DA,,34.44,共用部份,ＲＣ造,109年7月24日,五層,
RPQNMLPJQHGGFAV86DA,39,32.66,住家用,鋼筋混凝土造,71年7月29日,二層,一層 二層 陽台
RPWOMLKKQHGGFAV17DA,35,116.71,住家用,加強磚造,75年12月16日,二層,一層 二層 陽台 騎樓
RPTNMLPJQHGGFAV17DA,1,88.40,Ｈ２集合住宅,ＲＣ造,109年3月3日,五層,三層 見其他登記事項
RPTNMLPJQHGGFAV17DA,1,.34,Ｇ３店舖、機房,ＲＣ造,109年3月3日,五層,
RPTNMLPJQHGGFAV17DA,1,15.22,樓梯間、昇降機間,ＲＣ造,109年3月3日,五層,
RPPNMLRKQHGGFDV37DA,28,35.56,出租套房,鋼筋混凝土造,82年11月8日,八層,六層 陽台
RPPNMLRKQHGGFDV37DA,28,13.01,出租套房、通道、停車場、避難室．屋頂突出物,鋼筋混凝土造,82年11月8日,八層,
RPRNMLQKQHGGFAV17DA,15,82.46,防空避難室、停車空間、梯廳、水箱、走道、社區活動中心、社區管理中心、突出物、儲藏室、機械室、配線室（共同使用部份）,鋼筋混凝土造,95年3月10日,十層,
RPRNMLQKQHGGFAV17DA,15,108.36,集合住宅,鋼筋混凝土造,95年3月10日,十層,四層 陽台
RPWNMLTKQHGGFAV97DA,1,88.43,Ｈ２集合住宅,ＲＣ造,109年3月3日,五層,五層 見其他登記事項
RPWNMLTKQHGGFAV97DA,1,.34,Ｇ３店舖、機房,ＲＣ造,109年3月3日,五層,
RPWNMLTKQHGGFAV97DA,1,15.22,樓梯間、昇降機間,ＲＣ造,109年3月3日,五層,
RPSNMLSKQHGGFAV47DA,1,88.40,Ｈ２集合住宅,ＲＣ造,109年3月3日,五層,三層 見其他登記事項
RPSNMLSKQHGGFAV47DA,1,.34,Ｇ３店舖、機房,ＲＣ造,109年3月3日,五層,
RPSNMLSKQHGGFAV47DA,1,15.22,樓梯間、昇降機間,ＲＣ造,109年3月3日,五層,
RPWNMLSKQHGGFAV87DA,52,82.32,住家用,加強磚造,58年7月15日,二層,一層 二層
RPRNMLMKQHGGFAV76DA,,142.13,Ｈ２集合住宅、停車空間,鋼筋混凝土造,110年4月19日,三層,一層 二層 三層 見其他登記事項
RPOOMLLKQHGGFAV09DA,19,121.73,飲食店、垃圾儲藏室,鋼骨造、有牆鋼架造,91年9月9日,二層,一層 二層
RPOOMLTJQHGGFAV17DA,42,42.16,住家用,木石磚造（磚石造）,68年3月1日,一層,一層
RPRNMLKMPHGGFAV66DA,36,97.44,住家用,加強磚造,74年6月25日,二層,一層 二層 陽台
RPSNMLMKQHGGFAV86DA,,137.69,Ｈ２集合住宅、停車空間,鋼筋混凝土造,110年4月19日,三層,一層 二層 三層 見其他登記事項
RPSNMLKMPHGGFAV76DA,44,92.02,住家用,加強磚造,66年12月2日,二層,一層 二層
RPSNMLNJQHGGFAV86DA,27,167.14,住家用,鋼筋混凝土造,83年3月24日,三層,一層 二層 三層 陽台
RPPNMLSKQHGGFDV47DA,26,9.49,樓梯．電梯．機械房．水箱．清水池．走道．陽台．屋頂突出物,鋼筋混凝土造,84年7月14日,八層,
RPPNMLSKQHGGFDV47DA,26,42.60,套房,鋼筋混凝土造,84年7月14日,八層,五層 見其他登記事項
RPPNMLSKQHGGFCV37DA,,309.78,住商用,鋼筋混凝土造,,三層,一層 二層 三層 騎樓
RPQNMLKLQHGGFAV66EA,26,10.10,通廊．電梯．汽車昇降孔．共同使用,鋼筋混凝土造,84年5月17日,七層,
RPQNMLKLQHGGFAV66EA,26,4.27,防空．避難室．停車空間．共同使用,鋼筋混凝土造,84年5月17日,七層,
RPQNMLKLQHGGFAV66EA,26,24.88,集合住宅,鋼筋混凝土造,84年5月17日,七層,五層 陽台
RPUNMLNLQHGGFAV27DA,5,292.02,住家用,鋼筋混凝土造,105年11月3日,三層,一層 二層 三層 見其他登記事項
RPPNMLSLPHGGFDV57EA,28,12.84,出租套房（共同使用）．樓梯間．機械房．水箱,鋼筋混凝土造,82年11月8日,八層,
RPPNMLSLPHGGFDV57EA,28,14.01,出租套房（共同使用）．樓梯間．機械房．水箱,鋼筋混凝土造,82年11月8日,八層,
RPPNMLSLPHGGFDV57EA,28,34.40,出租套房,鋼筋混凝土造,82年11月8日,八層,三層 陽台
RPPNMLSLPHGGFDV57EA,28,38.21,出租套房,鋼筋混凝土造,82年11月8日,八層,七層 陽台
RPSNMLKLQHGGFAV76DA,,4.63,樓梯間,鋼筋混凝土造,,四層,
RPSNMLKLQHGGFAV76DA,38,100.88,國民住宅,鋼筋混凝土造,72年10月19日,四層,四層 陽台
RPSOMLKKQHGGFAV76DA,,70.04,Ｈ２集合住宅,ＲＣ造,110年5月31日,五層,一層
RPSOMLKKQHGGFAV76DA,,14.55,梯間、樓梯間（公共設施）,ＲＣ造,110年5月31日,五層,
RPUNMLTJQHGGFAV67DA,,124.93,Ｈ２集合住宅,ＲＣ造,110年5月31日,五層,四層 見其他登記事項
RPUNMLTJQHGGFAV67DA,,29.88,樓梯間、梯間（公共設施）,ＲＣ造,110年5月31日,五層,
RPUNMLQLPHGGFAV47DA,,108.66,Ｈ２集合住宅,ＲＣ造,110年5月12日,四層,四層 見其他登記事項
RPUNMLQLPHGGFAV47DA,,25.28,Ｈ２集合住宅、樓梯間、機房（公共設施）,ＲＣ造,110年5月12日,四層,
RPRNMLNJQHGGFDV07DA,28,35.56,出租套房,鋼筋混凝土造,82年11月8日,八層,六層 陽台
RPRNMLNJQHGGFDV07DA,28,13.01,出租套房、通道、停車場、避難室．屋頂突出物,鋼筋混凝土造,82年11月8日,八層,
RPQNMLNLQHGGFAV86DA,26,9.74,通廊．電梯．汽車昇降孔．共同使用,鋼筋混凝土造,84年5月17日,七層,
RPQNMLNLQHGGFAV86DA,26,4.14,防空．避難室．停車空間．共同使用,鋼筋混凝土造,84年5月17日,七層,
RPQNMLNLQHGGFAV86DA,26,18.38,集合住宅,鋼筋混凝土造,84年5月17日,七層,四層
RPSNMLNJQHGGFDV17DA,28,35.56,出租套房,鋼筋混凝土造,82年11月8日,八層,六層 陽台
RPSNMLNJQHGGFDV17DA,28,13.01,出租套房、通道、停車場、避難室．屋頂突出物,鋼筋混凝土造,82年11月8日,八層,
RPROMLNJQHGGFAV86DA,29,137.84,住家用,鋼筋混凝土造,81年3月24日,三層,一層 二層 三層
RPUNMLNLPHGGFAV17DA,28,342.80,補習班、住宅,鋼筋混凝土造,82年12月14日,四層,一層 二層 三層 四層 騎樓
RPRNMLNLQHGGFAV96DA,26,6.78,通廊．電梯．汽車昇降孔．共同使用,鋼筋混凝土造,84年5月17日,七層,
RPRNMLNLQHGGFAV96DA,26,2.88,防空．避難室．停車空間．共同使用,鋼筋混凝土造,84年5月17日,七層,
RPRNMLNLQHGGFAV96DA,26,17.89,集合住宅,鋼筋混凝土造,84年5月17日,七層,四層 陽台
RPSNMLNLQHGGFAV07DA,24,6.78,通廊．電梯．汽車昇降孔．共同使用,鋼筋混凝土造,84年5月17日,七層,
RPSNMLNLQHGGFAV07DA,24,2.88,防空．避難室．停車空間．共同使用,鋼筋混凝土造,84年5月17日,七層,
RPSNMLNLQHGGFAV07DA,24,17.89,集合住宅,鋼筋混凝土造,84年5月17日,七層,四層 陽台
RPVNMLKKQHGGFAV96DA,,77.71,Ｈ２集合住宅,ＲＣ造,110年5月31日,五層,四層 見其他登記事項
RPVNMLKKQHGGFAV96DA,,14.55,梯間、樓梯間（公共設施）,ＲＣ造,110年5月31日,五層,
RPWNMLKKQHGGFAV07DA,,70.04,Ｈ２集合住宅,ＲＣ造,110年5月31日,五層,一層
RPWNMLKKQHGGFAV07DA,,14.55,梯間、樓梯間（公共設施）,ＲＣ造,110年5月31日,五層,
RPRNMLKKQHGGFAV56DA,,77.71,Ｈ２集合住宅,ＲＣ造,110年5月31日,五層,五層 見其他登記事項
RPRNMLKKQHGGFAV56DA,,14.55,梯間、樓梯間（公共設施）,ＲＣ造,110年5月31日,五層,
RPROMLTJQHGGFAV47DA,45,180.08,住家用,鐵筋水泥磚,65年8月10日,二層,一層 二層 騎樓
RPUOMLKKQHGGFAV96DA,,77.71,Ｈ２集合住宅,ＲＣ造,110年5月31日,五層,三層 見其他登記事項
RPUOMLKKQHGGFAV96DA,,14.55,梯間、樓梯間（公共設施）,ＲＣ造,110年5月31日,五層,
RPRNMLMLPHGGFAV76DA,4,309.96,住宅、樓梯間,ＲＣ造,106年2月10日,三層,一層 二層 三層 屋頂突出物 見其他登記事項
RPQNMLRJQHGGFAV07DA,40,112.10,住家用,加強磚造,70年5月18日,二層,一層 二層 騎樓
RPVNMLQKQHGGFAV57DA,,16.33,住家用,鋼筋混凝土造,71年7月29日,二層,一層 二層 陽台
RPUNMLQLQHGGFAV57DA,,91.52,住家用,鐵筋水泥磚,62年7月4日,二層,一層 二層 騎樓
RPVNMLRLQHGGFAV77DA,1,221.83,騎樓、店鋪、住宅、樓梯間,ＲＣ造,109年10月21日,三層,一層 二層 三層 騎樓 見其他登記事項 見其他登記事項
RPTNMLRKQHGGFAV47DA,39,32.66,住家用,鋼筋混凝土造,71年7月29日,二層,一層 二層 陽台
RPQNMLTKQHGGFCV57DA,40,94.66,住家用,鐵筋水泥磚,70年9月3日,二層,一層 二層
RPRNMLPLQHGGFDV47DA,26,6.94,樓梯．電梯．機械房．水箱．清水池．走道．陽台．屋頂突出物,鋼筋混凝土造,84年7月14日,八層,
RPRNMLPLQHGGFDV47DA,26,30.87,套房,鋼筋混凝土造,84年7月14日,八層,六層 見其他登記事項
RPPNMLQLQHGGFDV37DA,26,7.30,樓梯．電梯．機械房．水箱．清水池．走道．陽台．屋頂突出物,鋼筋混凝土造,84年7月14日,八層,
RPPNMLQLQHGGFDV37DA,26,33.25,套房,鋼筋混凝土造,84年7月14日,八層,三層 見其他登記事項
RPPNMLQKQHGGFAV96DA,26,42.64,車道,鋼筋混凝土造,84年12月11日,三層,
RPPNMLQKQHGGFAV96DA,26,334.67,車庫．住宅,鋼筋混凝土造,84年12月11日,三層,一層 二層 三層 地下層 見其他登記事項
RPPNMLKMQHGGFDV86DA,27,5.45,樓梯間．門房走道,鋼筋混凝土造,83年9月30日,八層,
RPPNMLKMQHGGFDV86DA,27,31.54,套房,鋼筋混凝土造,83年9月30日,八層,五層 陽台
RPSNMLPLQHGGFAV27DA,,158.44,Ｈ２住宅,ＲＣ造,110年5月28日,三層,一層 二層 三層 見其他登記事項
RPPNMLMKQHGGFAV56DA,48,47.03,住家用,磚造,,一層,一層
RPTNMLPLQHGGFAV37DA,,158.04,Ｈ２住宅,ＲＣ造,110年5月28日,三層,一層 二層 三層 見其他登記事項
RPVNMLPLQHGGFAV57DA,,168.39,Ｈ２住宅,ＲＣ造,110年5月28日,三層,一層 二層 三層 見其他登記事項
RPUNMLPLQHGGFAV47DA,,158.04,Ｈ２住宅,ＲＣ造,110年5月28日,三層,一層 二層 三層 見其他登記事項
RPSNMLKMQHGGFAV86DA,42,138.61,住家用,木石磚造（磚石造）,68年7月1日,一層,一層
RPWNMLNLQHGGFAV47DA,15,70.32,公共空間、機械室、梯廳、儲藏室、管理委員會辦公室、社區活動中心、防空避難室、停車空間、樓梯間、水箱、機械室、走廊、社區管理中心、社區活動中心（共同使用部份）,鋼筋混凝土造,95年3月10日,十層,
RPWNMLNLQHGGFAV47DA,15,111.88,集合住宅,鋼筋混凝土造,95年3月10日,十層,六層 陽台
RPPNMLKMQHGGFBV66DA,20,144.28,鄉村住宅,加強磚造,91年1月21日,二層,一層 二層 陽台 屋頂突出物
RPUNMLKMQHGGFAV07DA,40,.00,住家用,水泥磚木蓋瓦,70年9月7日,一層,
RPPOMLTLPHGGFAV37DA,28,14.31,集合住宅（共同使用）,鋼筋混凝土造,82年10月19日,七層,
RPPOMLTLPHGGFAV37DA,28,5.73,樓梯間（共同使用）,鋼筋混凝土造,82年10月19日,七層,
RPPOMLTLPHGGFAV37DA,28,53.13,集合住宅,鋼筋混凝土造,82年10月19日,七層,三層 陽台
RPSNMLQLPHGGFAV27DA,27,83.80,集合住宅,鋼筋混凝土造,83年6月1日,三層,三層 陽台
RPSNMLQLPHGGFAV27DA,27,9.54,樓梯共同使用,鋼筋混凝土造,83年6月1日,三層,
RPQNMLKKQHGGFAV09DA,,124.93,Ｈ２集合住宅,ＲＣ造,110年5月31日,五層,二層 見其他登記事項
RPQNMLKKQHGGFAV09DA,,29.88,樓梯間、梯間（公共設施）,ＲＣ造,110年5月31日,五層,
RPTNMLTJQHGGFAV57DA,,124.93,Ｈ２集合住宅,ＲＣ造,110年5月31日,五層,五層 見其他登記事項
RPTNMLTJQHGGFAV57DA,,29.88,樓梯間、梯間（公共設施）,ＲＣ造,110年5月31日,五層,
RPTNMLOLQHGGFAV27DA,43,81.28,住家用,加強磚造,,一層,一層
RPQNMLOLQHGGFAV96DA,26,201.65,住商用,鋼筋混凝土造,84年2月24日,三層,一層 二層 三層 陽台 屋頂突出物
RPSNMLTKPHGGFAV47DA,40,124.90,住家用,加強磚造,70年9月1日,二層,一層 二層 騎樓
RPPNMLLLQHGGFDV86DA,28,13.54,出租套房（共同使用）．樓梯間．機械房．水箱,鋼筋混凝土造,82年11月8日,八層,
RPPNMLLLQHGGFDV86DA,28,36.90,出租套房,鋼筋混凝土造,82年11月8日,八層,三層 陽台
RPRNMLKMQHGGFAV76DA,25,186.46,農舍,有牆鋼架造,85年9月21日,一層,一層
RPXNMLSKQHGGFAV97DA,45,73.47,住家用,鐵筋水泥磚,65年3月18日,二層,一層 二層
RPPNMLKKQHGGFAV98DA,27,197.04,停車空間．住宅,鋼筋混凝土造,84年1月28日,五層,一層 二層 三層 四層 五層 見其他登記事項
RPRNMLLJRHGGFAV66DA,45,47.60,住家用,水泥磚木蓋瓦,65年3月1日,一層,一層
RPPNMLKMQHGGFAV56DA,1,213.78,Ｈ２住宅、樓梯間,ＲＣ造,109年6月3日,三層,一層 二層 三層 見其他登記事項 見其他登記事項
RPQNMLKMQHGGFAV66DA,26,6.78,通廊．電梯．汽車昇降孔．共同使用,鋼筋混凝土造,84年5月17日,七層,
RPQNMLKMQHGGFAV66DA,26,10.82,通廊．電梯．汽車昇降孔．共同使用,鋼筋混凝土造,84年5月17日,七層,
RPQNMLKMQHGGFAV66DA,26,2.88,防空．避難室．停車空間．共同使用,鋼筋混凝土造,84年5月17日,七層,
RPQNMLKMQHGGFAV66DA,26,4.62,防空．避難室．停車空間．共同使用,鋼筋混凝土造,84年5月17日,七層,
RPQNMLKMQHGGFAV66DA,26,17.89,集合住宅,鋼筋混凝土造,84年5月17日,七層,三層 陽台
RPQNMLKMQHGGFAV66DA,26,20.54,集合住宅,鋼筋混凝土造,84年5月17日,七層,三層
RPUOMLKLPHGGFAV96DA,27,194.34,住商用,鋼筋混凝土造,83年10月4日,四層,一層 二層 三層 四層 騎樓
RPXNMLKKQHGGFAV17DA,,77.76,Ｈ２集合住宅,ＲＣ造,110年5月31日,五層,二層 見其他登記事項
RPXNMLKKQHGGFAV17DA,,14.55,梯間、樓梯間（公共設施）,ＲＣ造,110年5月31日,五層,
RPQOMLQKQHGGFAV17DA,,32.09,住家用,水泥磚木造,,一層,一層
RPPOMLNJQHGGFAV66DA,27,96.34,集合住宅,鋼筋混凝土造,83年2月25日,十二層,六層 陽台 花台
RPPOMLNJQHGGFAV66DA,27,13.80,避難室兼停車場．共同使用,鋼筋混凝土造,83年2月25日,十二層,
RPRNMLQLPHGGFAV17DA,25,6.84,共同使用：樓梯．電梯,鋼筋混凝土造,85年6月28日,七層,
RPPOMLNJQHGGFAV66DA,27,12.96,梯間．共同使用,鋼筋混凝土造,83年2月25日,十二層,
RPRNMLQLPHGGFAV17DA,25,3.93,樓梯、電梯、機械房、水箱共同使用,鋼筋混凝土造,85年6月28日,七層,
RPRNMLQLPHGGFAV17DA,25,3.85,車道、水箱、樓梯、機械房配電室共同使用　,鋼筋混凝土造,85年6月28日,七層,
RPRNMLQLPHGGFAV17DA,25,16.01,防空避難室暨停車空間共同使用,鋼筋混凝土造,85年6月28日,七層,
RPRNMLQLPHGGFAV17DA,25,89.74,住家用,鋼筋混凝土造,85年6月28日,七層,二層 陽台 花台 雨遮
RPVNMLSKQHGGFAV77DA,27,79.66,集合住宅,鋼筋混凝土造,84年1月25日,十層,三層 陽台 花台
RPVNMLSKQHGGFAV77DA,,2.14,樓梯，電梯，機械房,鋼筋混凝土造,,十層,
RPVNMLSKQHGGFAV77DA,27,9.44,樓梯．電梯間,鋼筋混凝土造,84年1月25日,十層,
RPVNMLSKQHGGFAV77DA,27,2.26,門廳．車道．水箱．交誼廳．通道,鋼筋混凝土造,84年1月25日,十層,
RPVNMLSKQHGGFAV77DA,27,11.52,防空避難室．配電室．停車空間,鋼筋混凝土造,84年1月25日,十層,
RPPNMLOLPHGGFAV76DA,28,286.44,住家用,有牆鋼架造鋼筋混凝土,82年8月25日,三層,一層 二層 三層 陽台 騎樓
RPRNMLOLPHGGFAV96DA,27,12.48,通廊，電梯，樓梯，共同使用,鋼筋混凝土造,83年12月17日,八層,
RPRNMLOLPHGGFAV96DA,27,18.65,地下一層（共同使用）防空斗避難室兼停車空間,鋼筋混凝土造,83年12月17日,八層,
RPRNMLOLPHGGFAV96DA,27,9.04,地下二層（共同使用）防空避難室兼停車空間,鋼筋混凝土造,83年12月17日,八層,
RPRNMLOLPHGGFAV96DA,27,100.22,集合住宅　　,鋼筋混凝土造,83年12月17日,八層,一層 平台 花台
RPQNMLSJQHGGFAV17DA,29,153.19,住家用,加強磚造,81年8月28日,二層,一層 二層 陽台 屋頂突出物
RPPNMLSJRHGGFAV17DA,43,115.26,住家用,加強磚造,67年8月15日,二層,一層 二層 騎樓
SPPNMLSJRHGGFAV27DA,43,112.20,住家用,加強磚造,67年7月14日,二層,一層 二層 騎樓
RPTNMLMJRHGGFAV96DA,18,172.27,住家用,鋼筋混凝土造,92年11月24日,三層,一層 二層 三層 見其他登記事項
RPQNMLNLQHGGFBV96DA,36,88.24,住家用,加強磚造,74年4月8日,二層,一層 二層 騎樓
RPPNMLTKQHGGFDV57DA,28,35.56,出租套房,鋼筋混凝土造,82年11月8日,八層,二層 陽台
RPPNMLTKQHGGFDV57DA,28,13.01,出租套房、通道、停車場、避難室．屋頂突出物,鋼筋混凝土造,82年11月8日,八層,
RPQNMLRKQHGGFDV47DA,41,87.07,住商用,加強磚造,69年11月3日,二層,一層 二層
RPQNMLLMQHGGFCV96DA,22,70.00,農舍,有牆鋼架造,88年3月3日,一層,一層
RPPNMLLMQHGGFAV66DA,25,83.62,集合住宅,鋼筋混凝土造,85年6月28日,九層,三層 陽台
RPPNMLLMQHGGFAV66DA,25,8.92,電梯，樓梯共同使用,鋼筋混凝土造,85年6月28日,九層,
RPPNMLLMQHGGFAV66DA,25,9.57,配電室．樓梯．電梯．機械房．通道．水箱．人行共同使用,鋼筋混凝土造,85年6月28日,九層,
RPRNMLTKQHGGFAV47DA,23,324.35,鄉村住宅,鋼筋混凝土造,88年1月16日,三層,一層 二層 三層 陽台 雨遮
RPTNMLKLQHGGFAV86DA,,98.92,住家用,加強磚造,68年2月9日,二層,一層 二層
RPWNMLOLQHGGFAV57DA,48,128.17,住家用,鐵筋水泥磚,62年11月1日,二層,一層 二層 騎樓
RPWNMLOLQHGGFAV57DA,,55.61,住家用,鋼筋水泥,,二層,二層
RPTNMLRLQHGGFAV57DA,,106.26,店舖．住宅,加強磚造,67年12月24日,二層,一層 二層 騎樓
RPRNMLKKOHGGFAV98DA,26,202.00,住家用,有牆鋼造架,84年1月18日,二層,一層 二層
RPWOMLQJRHGGFAV77DA,,46.66,住家用,加強磚造,60年3月14日,一層,一層
RPRNMLRJRHGGFAV27DA,40,107.82,住家用,加強磚造,70年12月30日,二層,一層 二層 騎樓
RPRNMLNJRHGGFBV96DA,40,154.16,住家用,鋼筋混凝土加強磚造,70年9月18日,二層,一層 二層
