﻿鄉鎮市區,交易標的,土地位置建物門牌,土地面積平方公尺,都市土地使用分區,非都市土地使用分區,非都市土地使用編定,租賃年月日,租賃筆棟數,租賃層次,總樓層數,建物型態,主要用途,主要建材,建築完成年月,建物總面積平方公尺,建物現況格局-房,建物現況格局-廳,建物現況格局-衛,建物現況格局-隔間,有無管理組織,有無附傢俱,總額元,單價元平方公尺,車位類別,車位面積平方公尺,車位總額元,備註,編號
The villages and towns urban district,transaction sign,land sector position building sector house number plate,land shifting total area square meter,the use zoning or compiles and checks,the non-metropolis land use district,non-metropolis land use,transaction year month and day,transaction pen number,shifting level,total floor number,building state,main use,main building materials,construction to complete the years,building shifting total area,Building present situation pattern - room,building present situation pattern - hall,building present situation pattern - health,building present situation pattern - compartmented,Whether there is manages the organization,Whether there is attaches the furniture,total price NTD,the unit price (NTD / square meter),the berth category,berth shifting total area square meter,the berth total price NTD,the note,serial number
永康區,土地,南工段49地號,0.0,住,,,1050428,土地1建物0車位0,,,其他,,,,0.0,4,0,0,有,無,有,15000,0,,0.0,0,,RPRNMLMJNHLFFHR17CC
永康區,房地(土地+建物),臺南市永康區永大路3段618巷55弄12號,85.95,住,,,1050430,土地3建物1車位0,全,4,透天厝,住家用,見其他登記事項,1020403,197.6,3,2,5,有,有,有,25000,127,,0.0,0,,RPWNMLMJNHLFFHR77DC
北區,房地(土地+建物),臺南市北區開元路501號15樓之7,5.73,商,,,1040426,土地3建物1車位0,十五層,24,住宅大樓(11層含以上有電梯),見其他登記事項,見其他登記事項,1041105,81.61,2,2,1,有,有,有,15000,184,,0.0,0,,RPPPMLNJNHLFFAD87DC
北區,建物,臺南市北區開元路258巷51弄18之1號,0.0,住,,,1050423,土地0建物1車位0,全,3,透天厝,住家用,鋼筋混凝土造,0650823,92.58,5,3,2,有,無,有,15500,167,,0.0,0,,RPVQMLNJNHLFFAD48CC
東區,房地(土地+建物),臺南市東區崇德十八街113號三樓,22.04,住,,,1050410,土地2建物1車位0,三層,6,華廈(10層含以下有電梯),住家用,鋼筋混凝土構造,0801004,99.88,3,2,2,有,無,無,12000,120,,0.0,0,,RPUNMLNJNHLFFCD28CC
北區,房地(土地+建物),臺南市北區武聖路20號,103.88,住,,,1050503,土地1建物1車位0,見其他登記事項,2,店面(店鋪),住家用,加強磚造,0590303,147.24,0,0,0,無,無,無,20000,136,,0.0,0,,RPXOMLOJNHLFFAD58CC
永康區,建物,臺南市永康區中正路256巷5號之24,0.0,住,,,1050503,土地0建物1車位0,九層,16,住宅大樓(11層含以上有電梯),住家用,鋼筋混凝土造,0820824,82.97,2,1,1,有,有,有,9000,108,,0.0,0,,RPUNMLOJNHLFFHR67CC
安南區,房地(土地+建物),臺南市安南區郡安路五段31巷2弄4號,105.6,其他,,,1050503,土地2建物1車位0,全,4,透天厝,住家用,鋼筋混凝土造,0831115,222.42,5,3,3,有,無,有,21000,94,,0.0,0,,RPSNMLOJNHLFFBD08CC
永康區,房地(土地+建物),臺南市永康區中華一路39巷22號,67.15,住,,,1050410,土地1建物1車位0,全,3,透天厝,住商用,加強磚造,0640808,70.28,3,2,3,有,無,有,11000,157,,0.0,0,,RPUNMLPJNHLFFHR77CC
南區,房地(土地+建物),臺南市南區大同路二段640巷14號,328.46,其他,,,1050430,土地4建物1車位0,見其他登記事項,1,其他,住家用,加強磚造,0560731,122.63,3,1,1,有,無,無,15000,122,,0.0,0,,RPPNMLPJNHLFFCD97CC
東區,建物,臺南市東區崇信街４１之２號,0.0,住,,,1050416,土地0建物1車位0,一層,7,店面(店鋪),住商用,鋼筋混凝土造,0831008,133.34,0,1,1,有,有,無,14000,105,,0.0,0,只租賃一樓部分面積-南側，故公設面積無法分算,RPSNMLPJNHLFFCD28CC
北區,房地(土地+建物),臺南市北區臨安路二段321號,79.8,住,,,1050429,土地1建物1車位0,見其他登記事項,4,店面(店鋪),住商用,鋼筋混凝土造,0701228,295.49,4,2,3,有,無,有,30000,102,,0.0,0,,RPPNMLSJNHLFFAD08CC
永康區,房地(土地+建物),臺南市永康區中華路592號,79.99,其他,,,1050506,土地1建物1車位0,全,3,透天厝,住商用,鋼筋混凝土造,0741212,185.5,10,0,6,有,無,有,26000,140,,0.0,0,,RPPNMLSJNHLFFHR57CC
永康區,房地(土地+建物),臺南市永康區中正路155巷5號,122.09,其他,,,1050320,土地1建物1車位0,全,2,透天厝,住家用,加強磚造,0750520,127.95,8,1,1,有,無,有,36000,281,,0.0,0,,RPQNMLSJNHLFFHR67CC
中西區,房地(土地+建物),臺南市中西區信義街37號,106.0,住,,,1050430,土地1建物1車位0,全,1,透天厝,住家用,磚造,,95.1,3,0,0,有,無,無,30000,315,,0.0,0,,RPSOMLTJNHLFFAD58CC
東區,房地(土地+建物),臺南市東區東門路二段389號,336.83,其他,,,1050409,土地1建物1車位0,一層,1,店面(店鋪),見其他登記事項,見其他登記事項,1040420,266.76,0,0,0,無,無,無,150000,562,,0.0,0,,RPUNMLTJNHLFFCD88CC
東區,房地(土地+建物),臺南市東區東門路二段385號,344.14,其他,,,1050411,土地1建物1車位0,一層,1,店面(店鋪),見其他登記事項,見其他登記事項,1040420,254.45,0,0,0,無,無,無,150000,590,,0.0,0,,RPVNMLTJNHLFFCD98CC
東區,建物,臺南市東區裕農路726巷19號5樓,0.0,住,,,1050501,土地0建物1車位0,五層,5,公寓(5樓含以下無電梯),住家用,鋼筋混凝土構造,0700804,91.79,3,1,1,有,無,有,8000,87,,0.0,0,,RPWNMLTJNHLFFCD09CC
東區,房地(土地+建物),臺南市東區中華東路三段261號,280.0,商,,,1050427,土地2建物1車位0,二層,2,店面(店鋪),住商用,見其他登記事項,0741017,148.0,0,0,0,無,無,無,102000,689,,0.0,0,,RPQNMLKKNHLFFCD67CC
南區,房地(土地+建物),臺南市南區?埕路241號,72.53,其他,,,1050509,土地1建物1車位0,見其他登記事項,2,店面(店鋪),住商用,見其他登記事項,0520101,76.36,3,2,2,有,無,有,11000,144,,0.0,0,,RPQOMLKKNHLFFCD77CC
北區,建物,臺南市北區長榮路四段169號1F,69.41,商,,,1050506,土地0建物1車位0,一層,14,住宅大樓(11層含以上有電梯),見其他登記事項,見其他登記事項,1020716,225.09,0,0,0,無,有,無,100000,444,,0.0,0,,RPQNMLKKNHLFFAD47CC
北區,房地(土地+建物),臺南市北區裕民街69巷7號1樓,0.0,商,,,1050503,土地1建物1車位0,一層,5,公寓(5樓含以下無電梯),商業用,鋼筋混凝土造,0800830,32.04,1,1,1,有,無,無,9000,281,,0.0,0,,RPVOMLKKNHLFFAD08CC
中西區,房地(土地+建物),臺南市中西區五妃街202之3號,0.0,住,,,1050506,土地1建物1車位0,四層,4,公寓(5樓含以下無電梯),住家用,鋼筋混凝土造,0690930,107.98,3,2,2,有,無,有,10000,93,,0.0,0,,RPWOMLKKNHLFFAD18CC
北區,房地(土地+建物),臺南市北區長勝路53號,0.0,住,,,1050507,土地1建物1車位0,見其他登記事項,14,店面(店鋪),見其他登記事項,鋼筋混凝土造,0920916,125.87,1,2,3,有,無,無,15000,119,,0.0,0,,RPOPMLKKNHLFFAD47CC
北區,房地(土地+建物),臺南市北區長勝路53號,0.0,住,,,1050507,土地1建物1車位0,見其他登記事項,14,店面(店鋪),見其他登記事項,鋼筋混凝土造,0920916,125.87,1,2,3,有,無,無,15000,119,,0.0,0,,RPPPMLKKNHLFFAD57CC
東區,建物,臺南市東區崇德三街114號7樓之1,0.0,住,,,1050416,土地0建物1車位0,七層,7,華廈(10層含以下有電梯),住家用,鋼筋混凝土構造,0811231,91.1,3,2,1,有,有,有,15000,165,,0.0,0,,RPSNMLLKNHLFFCD97CC
東區,建物,臺南市東區東成200巷55號7樓,0.0,住,,,1050420,土地0建物1車位0,七層,7,華廈(10層含以下有電梯),住家用,鋼筋混凝土構造,0830202,119.12,3,1,2,有,有,無,11000,92,,0.0,0,,RPTNMLLKNHLFFCD08CC
東區,建物,臺南市東區怡東路150巷20號4樓,0.0,住,,,1050422,土地0建物1車位0,四層,12,住宅大樓(11層含以上有電梯),見其他登記事項,鋼筋混凝土構造,0881116,133.25,5,1,3,有,有,有,19000,143,,0.0,0,,RPUNMLLKNHLFFCD18CC
東區,建物,臺南市東區中華東路一段201號1樓,0.0,商,,,1050430,土地0建物1車位0,全,4,透天厝,住商用,鋼筋混凝土構造,0750912,94.42,0,0,1,有,無,無,32000,339,,0.0,0,,RPXNMLLKNHLFFCD48CC
東區,建物,臺南市東區怡東路72巷4號4樓,0.0,住,,,1050501,土地0建物1車位0,四層,5,公寓(5樓含以下無電梯),住家用,鋼筋混凝土構造,0721216,111.23,3,1,2,有,無,有,10000,90,,0.0,0,,RPOOMLLKNHLFFCD67CC
永康區,土地,富強段754地號,0.0,商,,,1050420,土地1建物0車位0,,,其他,,,,0.0,0,0,0,有,無,無,13000,0,,0.0,0,,RPSNMLLKNHLFFHR27CC
永康區,建物,臺南市永康區二王路12號8樓之1,0.0,住,,,1050510,土地0建物1車位1,八層,15,住宅大樓(11層含以上有電梯),住家用,鋼筋混凝土造,0831006,93.36,2,1,1,有,有,無,12500,134,坡道平面,30.7,0,,RPOOMLLKNHLFFHR96CC
新市區,房地(土地+建物),臺南市新巿區大營131-8號,88.0,,特定農業區,甲種建築用地,1050510,土地1建物1車位0,全,3,透天厝,住商用,鋼筋混凝土造,0870812,207.41,5,2,3,有,無,無,20000,96,,0.0,0,,RPPNMLLKNHLFFER66CC
歸仁區,建物,臺南市歸仁區南丁路591巷37弄31號,0.0,,鄉村區,乙種建築用地,1050508,土地0建物1車位0,全,4,透天厝,住家用,鋼筋混凝土造,0830422,138.68,3,2,2,有,無,無,10000,72,,0.0,0,,RPSNMLLKNHLFFFR07CC
仁德區,土地,二王段1008地號,4696.13,其他,,,1050414,土地1建物0車位0,,,其他,,,,0.0,0,0,0,有,無,無,39800,8,,0.0,0,1.廠房，建物未保存登記，面積約96.23平方公尺2.由所有權人提供租屋資訊,RPSNMLMKNHLFFFR17CC
北區,房地(土地+建物),臺南市北區北安路一段275號,0.0,住,,,1050430,土地1建物1車位0,一層,4,店面(店鋪),見其他登記事項,鋼筋混凝土造,0911007,67.81,0,0,0,無,無,無,23000,339,,0.0,0,,RPPNMLMKNHLFFAD57CC
中西區,房地(土地+建物),臺南市中西區永華路一段70號,112.0,商,,,1050507,土地1建物2車位0,見其他登記事項,2,店面(店鋪),住家用,加強磚造,0540712,131.54,6,2,4,有,無,無,46000,350,,0.0,0,,RPUOMLMKNHLFFAD18CC
北區,建物,臺南市北區北門路二段527巷19號,0.0,住,,,1050420,土地0建物1車位0,一層,10,華廈(10層含以下有電梯),見其他登記事項,鋼筋混凝土造,0930329,134.92000000000002,3,2,2,有,有,有,12000,89,,0.0,0,,RPRNMLNKNHLFFAD87CC
中西區,房地(土地+建物),臺南市中西區民生路一段125號,40.35,商,,,1050421,土地1建物1車位0,一層,2,店面(店鋪),住商用,磚造,0360101,40.17,0,0,1,有,無,有,15000,373,,0.0,0,,RPTNMLNKNHLFFAD08CC
中西區,房地(土地+建物),臺南市中西區民生路一段125號,41.98,商,,,1050421,土地1建物1車位0,全,2,透天厝,住商用,磚造,0360101,40.17,0,0,0,無,無,無,10000,249,,0.0,0,,RPUNMLNKNHLFFAD18CC
北區,建物,臺南市北區公園南路363號十樓之3,0.0,,,,1050423,土地0建物1車位0,十層,14,住宅大樓(11層含以上有電梯),見其他登記事項,見其他登記事項,0960824,67.47,2,1,1,有,有,有,13000,193,,0.0,0,,RPVNMLNKNHLFFAD28CC
中西區,房地(土地+建物),臺南市中西區民生路一段125號,41.98,商,,,1050421,土地1建物1車位0,全,2,透天厝,住商用,磚造,0360101,40.17,0,0,1,有,無,有,15000,373,,0.0,0,,RPWNMLNKNHLFFAD38CC
北區,房地(土地+建物),臺南市北區成功路584號5樓之6,3.04,其他,,,1050510,土地1建物1車位0,五層,12,套房(1房1廳1衛),住家用,鋼筋混凝土造,0840307,25.29,1,1,1,有,無,有,8500,336,,0.0,0,,RPXNMLNKNHLFFAD48CC
中西區,建物,臺南市中西區五妃街309巷21之4號,0.0,,,,1050424,土地0建物1車位0,五層,5,公寓(5樓含以下無電梯),住家用,鋼筋混凝土造,0730626,149.81,4,2,2,有,無,有,13000,87,,0.0,0,,RPOOMLNKNHLFFAD67CC
北區,房地(土地+建物),臺南市北區成功路584號5樓之4,2.72,其他,,,1050511,土地1建物1車位0,五層,12,套房(1房1廳1衛),住家用,鋼筋混凝土造,0840307,22.47,1,0,1,有,無,有,7500,334,,0.0,0,,RPTOMLNKNHLFFAD18CC
南區,建物,臺南市南區新興路500巷3弄4之4號,0.0,住,,,1050421,土地0建物1車位0,五層,5,公寓(5樓含以下無電梯),見其他登記事項,鋼筋混凝土構造,0720705,75.45,3,2,1,有,無,有,8000,106,,0.0,0,,RPTNMLNKNHLFFCD28CC
南區,建物,臺南市南區永成路三段552號,0.0,,,,1050422,土地0建物1車位0,全,3,透天厝,住商用,鋼筋混凝土構造,0820812,114.75,0,0,1,有,無,無,16000,139,,0.0,0,,RPVNMLNKNHLFFCD48CC
東區,建物,臺南市東區裕豐街214巷1號之1四樓之1,0.0,,,,1050422,土地0建物1車位0,四層,7,華廈(10層含以下有電梯),住商用,鋼筋混凝土構造,0830331,109.82,3,2,2,有,有,有,13000,118,,0.0,0,,RPWNMLNKNHLFFCD58CC
安南區,土地,溪南段719地號,998.57,其他,,,1050507,土地1建物0車位0,,,其他,,,,0.0,0,0,0,有,無,有,40000,40,,0.0,0,,RPROMLNKNHLFFBD08CC
永康區,建物,臺南市永康區大橋一街324巷18號,0.0,,,,1050421,土地0建物1車位0,全,2,透天厝,住家用,加強磚造,0720518,102.74,5,1,3,有,無,無,19000,185,,0.0,0,,RPTNMLNKNHLFFHR57CC
永康區,建物,臺南市永康區永安二街3號1樓之2,0.0,住,,,1050512,土地0建物1車位0,一層,7,華廈(10層含以下有電梯),住家用,鋼筋混凝土造,0830122,98.74,2,2,2,有,有,有,12500,127,坡道平面,49.89,0,,RPROMLNKNHLFFHR47CC
永康區,建物,臺南市永康區中華二路266巷15號九樓之3,0.0,,,,1050425,土地0建物1車位0,九層,16,住宅大樓(11層含以上有電梯),住家用,鋼筋混凝土造,0850522,99.97,3,2,2,有,有,有,12500,125,,0.0,0,,RPPNMLOKNHLFFHR27CC
南區,建物,臺南市南區永成路三段552號,0.0,,,,1050427,土地0建物1車位0,全,3,透天厝,住商用,鋼筋混凝土構造,0820812,114.75,3,1,2,有,無,有,16000,139,,0.0,0,,RPPNMLOKNHLFFCD97CC
安平區,房地(土地+建物),臺南市安平區平通路622號,112.0,住,,,1050513,土地1建物1車位0,見其他登記事項,5,店面(店鋪),住商用,鋼筋混凝土造,0820623,365.08,5,3,6,有,無,有,33000,90,,0.0,0,,RPPNMLOKNHLFFAD77CC
東區,房地(土地+建物),臺南市東區中華東路三段198號3樓,300.0,商,,,1050501,土地1建物1車位0,三層,4,店面(店鋪),住商用,鋼筋混凝土構造,0760615,157.96,0,0,0,無,無,無,20000,127,,0.0,0,,RPPNMLPKNHLFFCD08CC
東區,建物,臺南市東區龍山街１０７號十一樓,0.0,商,,,1050426,土地0建物1車位1,十一層,14,住宅大樓(11層含以上有電梯),住家用,鋼筋混凝土構造,0960906,149.96,3,2,2,有,有,有,25000,167,坡道平面,29.92,0,,RPVNMLQKNHLFFCD78CC
東區,建物,臺南市東區大同路一段141巷53號5樓之4,0.0,住,,,1050515,土地0建物1車位0,五層,7,華廈(10層含以下有電梯),住家用,鋼筋混凝土構造,0831214,93.32,3,1,1,有,有,有,8500,91,,0.0,0,,RPOOMLQKNHLFFCD18CC
安平區,房地(土地+建物)+車位,臺南市安平區建平八街72號4樓之1,1287.0,住,,,1050510,土地1建物1車位1,四層,14,住宅大樓(11層含以上有電梯),見其他登記事項,鋼筋混凝土造,0880816,100.67,3,2,2,有,有,有,14000,139,坡道平面,0.0,0,,RPSNMLQKNHLFFAD28CC
中西區,建物,臺南市中西區金華路四段１３２號,0.0,商,,,1050425,土地0建物1車位0,見其他登記事項,4,店面(店鋪),住商用,鋼筋混凝土造,0681013,123.16,3,1,2,有,無,無,30000,244,,0.0,0,,RPWNMLQKNHLFFAD68CC
永康區,土地,文化段1235地號,595.05,農,,,1050505,土地1建物0車位0,,,其他,,,,0.0,0,0,0,有,無,無,62000,104,,0.0,0,1.合約書無填具土地租賃面積.2.由所有權人提供出租資訊.3.包含未保存登記建物4.廠房分租部份坪數,RPPPMLQKNHLFFHR67CC
永康區,土地,文化段1235地號,661.16,農,,,1050505,土地1建物0車位0,,,其他,,,,0.0,0,0,0,有,無,無,70000,106,,0.0,0,1.合約書無填具土地租賃面積.2.由所有權人提供出租資訊.3.包含地上未保存登記建物4.廠房分租部份坪數,RPQPMLQKNHLFFHR77CC
永康區,建物,臺南市永康區中華路988號5樓2,0.0,住,,,1050514,土地0建物1車位0,五層,20,住宅大樓(11層含以上有電梯),住家用,鋼筋混凝土造,0860529,101.95,3,2,2,有,有,有,15000,147,坡道機械,31.96,0,,RPRPMLQKNHLFFHR87CC
永康區,土地,崑山段697地號,55.67,住,,,1050323,土地2建物0車位0,,,其他,,,,0.0,0,0,0,有,無,無,22000,395,,0.0,0,,RPSPMLQKNHLFFHR97CC
新化區,建物,臺南市新化區民治路33巷30號5樓之3,0.0,住,,,1050514,土地0建物1車位0,五層,8,華廈(10層含以下有電梯),住家用,鋼筋混凝土造,0841017,73.01,2,1,2,有,有,有,9000,123,坡道平面,25.32,0,,RPUOMLQKNHLFFER77CC
永康區,房地(土地+建物),臺南市永康區南工街311巷57號,1680.06,住,,,1041230,土地1建物1車位0,見其他登記事項,1,廠辦,工業用,見其他登記事項,0610801,844.0,0,0,0,無,無,無,200000,237,,0.0,0,,RPUNMLRKNHLFFHR08CC
佳里區,房地(土地+建物),臺南市佳里區光復路108號,80.85,住,,,1050425,土地2建物1車位0,見其他登記事項,4,店面(店鋪),住商用,鋼筋混凝土造,0690704,242.55,4,1,3,有,無,無,18000,74,,0.0,0,承租建物樓層1-3F,RPOOMLRKNHLFFDR27DC
北區,建物,臺南市北區北園街8巷12號十五樓之8,0.0,商,,,1050517,土地0建物1車位0,十五層,19,住宅大樓(11層含以上有電梯),住家用,鋼筋混凝土造,0851202,80.36,2,1,1,有,有,有,13000,162,,0.0,0,,RPRNMLRKNHLFFAD28CC
北區,土地,小北段406地號,448.52,住,,,1050424,土地2建物0車位0,,,其他,,,,0.0,0,0,0,有,無,無,140000,312,,0.0,0,,RPSOMLSKNHLFFAD58CC
安平區,建物,臺南市安平區育平路212號四樓之23,0.0,,,,1050428,土地0建物1車位0,四層,17,住宅大樓(11層含以上有電梯),住家用,鋼筋混凝土造,0840729,77.59,2,1,1,有,有,有,13200,170,,0.0,0,,RPXOMLSKNHLFFAD09CC
北區,土地,北元段182地號,210.57,住,,,1050516,土地1建物0車位0,,,其他,,,,0.0,0,0,0,有,無,有,17000,81,,0.0,0,,RPUQMLSKNHLFFAD98CC
東區,建物,臺南市東區大學路12巷7號之2,0.0,,,,1050428,土地0建物1車位0,二層,5,公寓(5樓含以下無電梯),住家用,鋼筋混凝土造,0840331,56.940000000000005,4,1,2,有,無,有,17000,299,,0.0,0,,RPSOMLSKNHLFFCD78CC
永康區,建物,臺南市永康區正強里中正路201號,0.0,,,,1050428,土地0建物1車位0,全,4,透天厝,住家用,鋼筋混凝土造,0901126,237.34,5,2,5,有,無,有,25000,105,,0.0,0,,RPSOMLSKNHLFFHR08CC
永康區,建物,臺南市永康區三合里中山東路167號,0.0,,,,1050429,土地0建物1車位0,全,2,透天厝,住商用,加強磚造,0711007,230.4,7,4,1,有,無,有,28000,122,,0.0,0,1.租賃契約書無填寫土地租賃面積2.由所有權人提供租屋資訊3.承租人承租二樓,RPTNMLTKNHLFFHR18CC
永康區,建物,臺南市永康區復興路26巷66號,0.0,,,,1050430,土地0建物1車位0,見其他登記事項,2,廠辦,見其他登記事項,加強磚造,0691219,454.73,3,0,2,有,無,有,75000,165,,0.0,0,,RPOOMLTKNHLFFHR77CC
永康區,建物,臺南市永康區中華二路206巷68弄75號五樓之5,0.0,商,,,1050518,土地0建物1車位0,五層,6,華廈(10層含以下有電梯),住家用,鋼筋混凝土造,0950126,126.56,3,1,2,有,有,有,17000,134,,0.0,0,1.合約書無填具土地租賃面積.2.由所有權人提供出租資訊.3.租金已包含車位,RPPOMLTKNHLFFHR87CC
仁德區,建物,臺南市仁德區新田里民安路二段75之1號十樓之2,0.0,,,,1050429,土地0建物1車位0,十層,11,住宅大樓(11層含以上有電梯),住家用,鋼筋混凝土造,0840331,80.13,4,1,2,有,有,有,12000,150,,0.0,0,1.租賃契約書無填寫土地租賃面積2.由所有權人提供租屋資訊,RPTNMLTKNHLFFFR97CC
新營區,房地(土地+建物),臺南市新營區新營區大同路1號、3號1樓,133.12,商,,,1050422,土地1建物1車位0,一層,2,店面(店鋪),住商用,鋼筋混凝土造,0600514,75.61,0,1,1,有,無,有,40000,529,,0.0,0,只租1樓,RPPNMLTKNHLFFAR07CC
東區,建物,臺南市東區東安路50號七樓之3,0.0,,,,1050430,土地0建物1車位0,七層,7,華廈(10層含以下有電梯),住家用,鋼筋混凝土造,0701224,85.49,3,2,2,有,有,有,10500,123,,0.0,0,,RPQOMLTKNHLFFCD68CC
南區,建物,臺南市南區西門路一段354號,0.0,,,,1050504,土地0建物1車位0,一層,6,店面(店鋪),住商用,鋼筋混凝土造,0651227,101.94,1,0,1,有,無,無,22000,216,,0.0,0,,RPSOMLTKNHLFFCD88CC
中西區,建物,臺南市中西區北門路一段97號六樓之1,0.0,,,,1050430,土地0建物1車位0,六層,11,住宅大樓(11層含以上有電梯),住家用,鋼筋混凝土造,0710831,198.89,3,2,4,有,有,有,16000,80,,0.0,0,,RPOOMLTKNHLFFAD28CC
東區,房地(土地+建物),臺南市東區仁和路77之18號,967.97,住,,,1050425,土地1建物1車位0,二層,2,店面(店鋪),住商用,加強磚造,0630916,187.99,5,0,2,有,無,有,22000,117,,0.0,0,,RPVOMLKLNHLFFCD38CC
東區,房地(土地+建物),臺南市東區裕文路45號,23.96,住,,,1050513,土地1建物1車位0,一層,9,華廈(10層含以下有電梯),住商用,鋼筋混凝土造,0850409,120.26,2,1,2,有,有,有,25000,208,,0.0,0,,RPPPMLKLNHLFFCD87CC
安平區,建物,臺南市安平區永華六街26之2號,0.0,,,,1050421,土地0建物1車位0,一層,8,華廈(10層含以下有電梯),見其他登記事項,鋼筋混凝土造,0880331,106.08,2,2,1,有,有,有,18500,174,,0.0,0,,RPQOMLKLNHLFFAD77DC
東區,房地(土地+建物),臺南市東區崇明九街79號,105.98,住,,,1050424,土地1建物1車位0,全,4,透天厝,住家用,鋼筋混凝土造,0771219,220.82,3,2,2,有,無,無,25000,113,,0.0,0,,RPROMLKLNHLFFCD08DC
東區,房地(土地+建物),臺南市東區崇明十一街52巷16號1樓,120.0,住,,,1050520,土地1建物1車位0,全,3,透天厝,住商用,鋼筋混凝土造,0690314,196.95,0,1,0,有,無,無,10000,51,,0.0,0,,RPVOMLLLNHLFFCD48CC
中西區,房地(土地+建物),臺南市中西區康樂街116號,208.71,商,,,1050518,土地3建物1車位0,全,2,透天厝,住商用,見其他登記事項,0840708,330.46,8,2,3,有,無,無,70000,212,,0.0,0,,RPVNMLLLNHLFFAD18CC
東區,房地(土地+建物),臺南市東區崇德路937號7樓,850.0,住,,,1050509,土地1建物1車位0,七層,7,華廈(10層含以下有電梯),住家用,鋼筋混凝土造,0890306,112.84,4,2,2,有,無,無,14550,129,,0.0,0,,RPPNMLMLNHLFFCD87CC
仁德區,建物,臺南市仁德區中正路二段1162號2樓.3樓,62.04,住,,,1050520,土地0建物0車位0,全,3,透天厝,住商用,鋼筋混凝土造,0580501,139.48,5,1,2,有,無,有,10000,72,,0.0,0,,RPPNMLMLNHLFFFR96CC
安南區,建物,臺南市安南區安中路三段226號,0.0,住,,,1050521,土地0建物1車位0,見其他登記事項,5,店面(店鋪),住商用,鋼筋混凝土造,0790927,299.58,6,3,4,有,無,無,23000,77,,0.0,0,,RPQNMLNLNHLFFBD97CC
東區,房地(土地+建物),臺南市東區崇明十四街60巷10之1號,10.78,其他,,,1050517,土地1建物1車位0,一層,6,華廈(10層含以下有電梯),住商用,鋼筋混凝土造,0791226,64.34,3,2,2,有,無,有,11000,171,,0.0,0,有車位-坡道機械B1-20號坪數包含在公設裡面金額已內含車位,RPUOMLNLNHLFFCD58CC
東區,房地(土地+建物),臺南市東區莊敬路9號八樓之1,22.57,住,,,1050507,土地1建物1車位0,八層,9,華廈(10層含以下有電梯),住家用,鋼筋混凝土造,0860701,181.47,3,2,2,有,有,有,25000,138,,0.0,0,,RPVOMLNLNHLFFCD68CC
中西區,房地(土地+建物),臺南市中西區湖美街70巷6號4樓之2,14.46,其他,,,1050523,土地1建物1車位0,四層,14,住宅大樓(11層含以上有電梯),住家用,鋼筋混凝土造,0871203,80.64,3,2,2,有,無,有,15000,186,,0.0,0,,RPXOMLNLNHLFFAD68CC
永康區,房地(土地+建物),臺南市永康區中山南路195巷32-7號5F-3,11.95,住,,,1050518,土地1建物1車位0,五層,11,住宅大樓(11層含以上有電梯),住家用,鋼筋混凝土造,0880317,65.6,3,2,1,有,有,有,10000,152,,0.0,0,,RPTNMLOLNHLFFHR77CC
安南區,房地(土地+建物),臺南市安南區海佃路一段282號,126.81,住,,,1050524,土地1建物1車位0,一層,4,店面(店鋪),住商用,鋼筋混凝土造,0801106,72.17,9,2,5,有,無,有,60000,831,,0.0,0,,RPQNMLPLNHLFFBD18CC
安平區,建物,臺南市安平區郡平路295號,0.0,住,,,1050518,土地0建物1車位0,一層,7,華廈(10層含以下有電梯),住商用,鋼筋混凝土造,0840711,146.15,1,1,2,有,有,無,16000,109,,0.0,0,,RPSNMLPLNHLFFAD28CC
東區,房地(土地+建物),臺南市東區自由路一段29號,83.0,住,,,1050521,土地1建物1車位0,見其他登記事項,4,店面(店鋪),住商用,鋼筋混凝土造,1010312,209.3,4,0,0,無,無,無,26000,124,,0.0,0,一樓店面無隔間簽約日期105年5月21日，辦理公證日期105年5月24日,RPUNMLPLNHLFFCD68CC
東區,建物,臺南市東區崇學路171+169號4樓,0.0,住,,,1050428,土地0建物1車位0,四層,5,華廈(10層含以下有電梯),住家用,鋼筋混凝土造,0960209,527.8299999999999,1,0,2,有,有,有,73000,138,,0.0,0,,RPPOMLQLNHLFFCD38CC
中西區,土地,白金段309地號,173.58,商,,,1050510,土地1建物0車位0,,,其他,,,,0.0,3,0,0,有,無,有,10000,58,,0.0,0,,RPVNMLQLNHLFFAD68CC
中西區,房地(土地+建物),臺南市中西區民族路二段220號,121.27,商,,,1050509,土地6建物1車位0,全,4,透天厝,住家用,鋼筋混凝土造,0690919,197.47,6,3,4,有,無,有,80000,405,,0.0,0,,RPXNMLQLNHLFFAD88CC
中西區,房地(土地+建物),臺南市中西區府前路一段28號,50.0,其他,,,1050514,土地1建物1車位0,全,1,透天厝,住家用,磚造,,50.0,0,0,0,無,無,無,18000,360,,0.0,0,,RPOOMLQLNHLFFAD08CC
東區,建物,臺南市東區東門路三段101號五樓之1,0.0,,,,1050507,土地0建物1車位0,五層,12,住宅大樓(11層含以上有電梯),住家用,鋼筋混凝土造,0840322,140.63,3,2,2,有,有,有,14000,100,,0.0,0,,RPTNMLRLNHLFFCD78CC
南區,建物,臺南市南區大成路二段57號,0.0,,,,1050510,土地0建物1車位0,見其他登記事項,2,店面(店鋪),住商用,鋼筋混凝土造,0760713,117.1,4,1,3,有,無,無,25000,213,,0.0,0,,RPUNMLRLNHLFFCD88CC
善化區,房地(土地+建物),臺南市善化區牛庄555之26號,158.17,,特定農業區,甲種建築用地,1050527,土地1建物1車位0,全,4,透天厝,住家用,鋼筋混凝土造,1041015,46.0,1,0,1,有,無,有,7500,163,,0.0,0,,RPQOMLRLNHLFFER57CC
永康區,建物,臺南市永康區新興街30號,0.0,,,,1050509,土地0建物1車位0,一層,2,店面(店鋪),住家用,加強磚造,0630704,54.12,0,0,1,有,無,無,8000,148,,0.0,0,,RPVNMLRLNHLFFHR28CC
東區,房地(土地+建物)+車位,臺南市東區崇明路133號6樓之1,0.0,住,,,1050519,土地1建物1車位1,六層,16,住宅大樓(11層含以上有電梯),住家用,鋼筋混凝土造,0850203,78.09,3,2,2,有,無,有,17000,218,坡道平面,13.37,0,租賃合約書無填寫土地租賃.租金含管理費,RPPNMLTLNHLFFCD58CC
北區,房地(土地+建物),臺南市北區公園南路365號10樓之10,2.9,住,,,1050502,土地1建物1車位0,十層,14,住宅大樓(11層含以上有電梯),見其他登記事項,見其他登記事項,0960824,20.86,1,0,1,有,有,有,7000,336,,0.0,0,,RPPNMLTLNHLFFAD38CC
中西區,房地(土地+建物),臺南市中西區西門路二段370巷6號,74.07,商,,,1050509,土地1建物1車位0,全,3,透天厝,住家用,磚造,,165.87,0,0,0,無,無,無,10000,60,,0.0,0,,RPQNMLTLNHLFFAD48CC
北區,房地(土地+建物),臺南市北區公園南路365號10樓之1,4.35,住,,,1050513,土地1建物1車位0,十層,14,住宅大樓(11層含以上有電梯),見其他登記事項,見其他登記事項,0960824,29.35,1,0,1,有,有,有,10000,341,,0.0,0,,RPRNMLTLNHLFFAD58CC
北區,建物,臺南市北區公園路134號三樓之5,0.0,,,,1050510,土地0建物1車位0,三層,10,華廈(10層含以下有電梯),住家用,鋼筋混凝土造,0780803,60.0,2,2,1,有,有,有,12500,208,,0.0,0,,RPOPMLKMNHLFFAD67CC
東區,房地(土地+建物)+車位,臺南市東區中華東路三段380巷79號6樓,23.51,住,,,1050523,土地1建物1車位1,六層,7,華廈(10層含以下有電梯),住家用,鋼筋混凝土造,0811222,107.84,3,2,2,有,有,有,14500,134,坡道機械,9.99,0,,RPOOMLKMNHLFFCD77CC
南區,建物,臺南市南區金華路一段116巷4之3號,0.0,,,,1050510,土地0建物1車位0,四層,5,公寓(5樓含以下無電梯),住家用,鋼筋混凝土造,0701203,66.51,2,2,1,有,無,無,7000,105,,0.0,0,,RPSOMLKMNHLFFCD18CC
永康區,建物,臺南市永康區南灣里南興路43號,0.0,工,,,1050529,土地0建物1車位0,一層,4,倉庫,見其他登記事項,鋼筋混凝土造,0731019,132.23,0,0,0,無,無,無,12000,,,0.0,0,1.合約書無填具土地租賃面積.2.由所有權人提供出租資訊.3.廠房分租1樓,RPWNMLKMNHLFFHR77CC
新市區,建物,臺南市新巿區永就15之106號,0.0,,鄉村區,乙種建築用地,1050526,土地0建物1車位0,全,4,透天厝,見其他登記事項,鋼筋混凝土造,1011212,172.67,5,2,5,有,無,有,28000,162,,0.0,0,,RPVOMLKMNHLFFER47CC
永康區,建物,臺南市永康區中山東路152號十樓之8,0.0,住,,,1050530,土地0建物1車位0,十層,11,住宅大樓(11層含以上有電梯),住家用,鋼筋混凝土造,0900110,66.72,3,1,2,有,有,有,12500,187,,0.0,0,,RPQOMLLMNHLFFHR37CC
南區,建物,臺南市南區興昌路65號十三樓,0.0,商,,,1050525,土地0建物1車位0,十三層,14,住宅大樓(11層含以上有電梯),見其他登記事項,鋼筋混凝土造,1050314,140.99,3,2,2,有,無,有,22000,156,,0.0,0,,RPWNMLLMNHLFFCD58CC
安平區,房地(土地+建物),臺南市安平區建平17街81號11F,30.18,住,,,1050530,土地1建物1車位0,十一層,12,住宅大樓(11層含以上有電梯),住家用,鋼筋混凝土造,0800604,353.22,4,2,4,有,有,有,14000,40,,0.0,0,,RPORMLLMNHLFFAD97CC
東區,建物,臺南市東區大同路二段615號9樓之4,0.0,商,,,1050516,土地0建物1車位0,九層,22,辦公商業大樓,商業用,鋼筋混凝土造,0790917,174.89,0,0,0,無,無,無,18000,103,,0.0,0,,RPXOMLLJOHLFFCD58CC
東區,建物,臺南市東區崇明十街6號,20.56,,,,1050601,土地0建物1車位0,一層,10,華廈(10層含以下有電梯),商業用,鋼筋混凝土造,0870220,97.5,1,2,2,有,無,有,18000,185,,0.0,0,,RPSOMLMJOHLFFCD18CC
永康區,建物,臺南市永康區大武街71巷3號,0.0,住,,,1050528,土地0建物1車位0,二層,16,住宅大樓(11層含以上有電梯),住商用,鋼筋混凝土造,0840523,83.9,2,1,2,有,無,有,7500,89,,0.0,0,1.合約書無填具土地租賃面積.2.由所有權人提供出租資訊3.實際租賃樓層為:2+3F,RPQNMLMJOHLFFHR17CC
安南區,房地(土地+建物),臺南市安南區培安路488號,160.73,住,,,1050602,土地1建物1車位0,全,4,透天厝,見其他登記事項,鋼筋混凝土造,0961003,453.42,5,2,7,有,無,有,55000,121,,0.0,0,,RPOOMLMJOHLFFBD67CC
佳里區,土地,六安段438地號,312.67,農,,,1050528,土地1建物0車位0,,,其他,,,,0.0,0,0,0,有,無,無,40000,128,,0.0,0,,RPUNMLMJOHLFFDR27DC
官田區,土地,番子田段404-160地號,99.0,住,,,1050601,土地3建物0車位0,,,其他,,,,0.0,3,0,0,有,無,無,4500,45,,0.0,0,平房無保存登記含增建或未登記建物。,RPPNMLNJOHLFFCR66CC
仁德區,房地(土地+建物),臺南市仁德區中正路一段534號,1205.42,,工業區,丁種建築用地,1050524,土地1建物1車位0,見其他登記事項,3,廠辦,住工用,鋼造,0871218,1070.67,0,0,0,無,無,無,115000,107,,0.0,0,,RPQNMLNJOHLFFFR07CC
安平區,房地(土地+建物),臺南市安平區永華六街22巷12號,93.0,住,,,1050527,土地1建物1車位0,全,5,透天厝,住家用,鋼筋混凝土造,0971106,267.27,4,3,5,有,無,有,35000,131,,0.0,0,,RPPOMLNJOHLFFAD77CC
中西區,土地,新美段190地號,51.7,商,,,1050602,土地6建物0車位0,,,其他,,,,0.0,0,0,0,有,無,有,20000,387,,0.0,0,,RPUNMLOJOHLFFAD28CC
北區,建物,臺南市北區開元路68巷30號,0.0,住,,,1050514,土地0建物1車位0,全,4,透天厝,住商用,鋼筋混凝土造,0700521,158.85,4,1,3,有,無,無,13000,82,,0.0,0,,RPROMLOJOHLFFAD08CC
北區,房地(土地+建物),臺南市北區西門路四段1巷25號,131.29,其他,,,1050602,土地2建物1車位0,全,2,透天厝,見其他登記事項,鋼筋混凝土造,0870407,222.71,2,1,3,有,無,有,22000,99,,0.0,0,,RPOPMLOJOHLFFAD87CC
東區,建物,臺南市東區東門路一段13號二樓之1及二樓之2,0.0,,,,1050506,土地0建物1車位0,二層,5,公寓(5樓含以下無電梯),住家用,鋼筋混凝土造,0751106,216.54999999999998,6,2,2,有,無,有,24000,111,,0.0,0,1.租賃契約書無填寫土地租賃面積2.由所有權人提供租屋資訊3.出租人將二樓之1及二樓之2打通出租,RPQOMLOJOHLFFCD18CC
東區,建物,臺南市東區建東街54巷46號,0.0,住,,,1050512,土地0建物1車位0,全,2,透天厝,住家用,加強磚造,0700129,82.53,6,1,2,有,無,有,20000,242,,0.0,0,,RPTOMLOJOHLFFCD48CC
東區,建物,臺南市東區小東路376號,0.0,商,,,1050518,土地0建物1車位0,全,2,透天厝,住商用,加強磚造,0631122,46.83,0,0,1,有,無,無,18000,384,,0.0,0,,RPRPMLOJOHLFFCD38CC
安南區,土地,安和段407-1地號,501.01,工,,,1050602,土地2建物0車位0,,,其他,,,,0.0,0,0,0,有,無,有,32000,64,,0.0,0,,RPQNMLOJOHLFFBD97CC
安南區,建物,臺南市安南區環館三路13巷30弄42號,0.0,住,,,1050518,土地0建物1車位0,全,4,透天厝,住家用,鋼筋混凝土造,1001114,217.59,3,1,4,有,有,無,24000,110,,0.0,0,,RPROMLOJOHLFFBD18CC
永康區,建物,臺南市永康區中山南路74之8號,0.0,,,,1050507,土地0建物1車位0,三層,5,公寓(5樓含以下無電梯),住家用,鋼筋混凝土造,0710222,106.07,3,2,2,有,無,有,12000,113,,0.0,0,,RPPNMLOJOHLFFHR27CC
中西區,建物,臺南市中西區友愛東街32、34號,0.0,商,,,1050517,土地0建物1車位0,一層,1,店面(店鋪),商業用,見其他登記事項,0840428,94.17,0,0,1,有,無,無,42000,446,,0.0,0,,RPPNMLQJOHLFFAD97CC
永康區,房地(土地+建物),臺南市永康區永大路688巷47號,27.95,其他,,,1050602,土地1建物1車位0,一層,12,住宅大樓(11層含以上有電梯),見其他登記事項,鋼筋混凝土造,0820614,191.01,3,2,2,有,無,有,15000,79,,0.0,0,,RPRNMLRJOHLFFHR77CC
永康區,房地(土地+建物),臺南市永康區忠義街60巷1號15樓之14,15.0,商,,,1050605,土地1建物1車位0,十五層,15,套房(1房1廳1衛),見其他登記事項,鋼筋混凝土造,0840331,86.74,1,0,1,有,有,無,5500,63,,0.0,0,,RPTNMLRJOHLFFHR97CC
永康區,房地(土地+建物),臺南市永康區中華路368號,90.2,其他,,,1050607,土地1建物1車位0,全,4,透天厝,住商用,加強磚造,0690606,255.71,7,2,4,有,無,無,25000,98,,0.0,0,,RPPPMLRJOHLFFHR77CC
永康區,建物,臺南市永康區崑山里大仁街7鄰52號,0.0,,,,1050511,土地0建物0車位0,騎樓,2,店面(店鋪),住家用,加強磚造,0701231,11.94,0,0,0,無,無,有,7000,586,,0.0,0,1.租賃契約書無填寫土地租賃面積2.由所有權人提供租屋資訊3.承租方承租騎樓,RPWPMLRJOHLFFHR48CC
佳里區,房地(土地+建物),臺南市佳里區延平路305號,114.0,其他,,,1050510,土地1建物1車位0,全,3,透天厝,住商用,加強磚造,0650618,422.55,0,0,0,無,無,無,56000,133,,0.0,0,,RPVNMLRJOHLFFDR87DC
安南區,房地(土地+建物),臺南市安南區安和路四段94巷10弄7之1號,403.57,工,,,1050601,土地1建物1車位0,見其他登記事項,1,工廠,見其他登記事項,見其他登記事項,1040716,183.92,0,0,0,無,無,無,43800,,,0.0,0,,RPRNMLSJOHLFFBD48CC
永康區,房地(土地+建物),臺南市永康區復國一路418號,92.56,其他,,,1050607,土地1建物1車位0,一層,4,店面(店鋪),住商用,鋼筋混凝土造,0810512,37.8,2,1,1,有,無,無,18000,476,,0.0,0,,RPPNMLTJOHLFFHR77CC
永康區,建物,臺南市永康區大橋一街47之7號三樓之2,0.0,住,,,1050610,土地0建物1車位0,三層,14,住宅大樓(11層含以上有電梯),住家用,鋼筋混凝土造,0880824,106.47,3,1,2,有,有,有,13000,122,,0.0,0,,RPQNMLKKOHLFFHR07CC
永康區,建物,臺南市永康區中華路327號十四樓之6,0.0,,,,1050513,土地0建物1車位0,十四層,16,住宅大樓(11層含以上有電梯),住家用,鋼筋混凝土造,0850129,67.59,2,1,1,有,有,有,8000,118,,0.0,0,,RPSNMLKKOHLFFHR27CC
歸仁區,建物,臺南市歸仁區武東村高鐵十二路171號,0.0,,,,1050516,土地0建物1車位0,全,4,透天厝,住商用,鋼筋混凝土造,0960215,202.97,5,2,3,有,無,有,20000,99,,0.0,0,1.租賃契約書無填寫土地租賃面積2.由所有權人提供租屋資訊,RPTNMLKKOHLFFFR17CC
安平區,土地,金城段39-24地號,312.0,住,,,1050519,土地1建物0車位0,,,其他,,,,0.0,0,0,0,有,無,有,22000,71,,0.0,0,,RPRNMLKKOHLFFAD67CC
東區,建物,臺南市東區東門路三段293號四樓之1,0.0,,,,1050512,土地0建物1車位0,四層,16,辦公商業大樓,見其他登記事項,鋼筋混凝土造,0851005,82.56,0,0,0,無,無,有,15000,182,,0.0,0,,RPSNMLKKOHLFFCD97CC
東區,建物,臺南市東區中華東路二段169號四樓之5,0.0,,,,1050521,土地0建物1車位0,四層,14,住宅大樓(11層含以上有電梯),住家用,鋼筋混凝土造,0970229,72.7,1,1,1,有,有,有,12500,172,,0.0,0,,RPPNMLLKOHLFFCD77CC
南區,建物,臺南市南區南寧街113號,0.0,,,,1050523,土地0建物1車位0,四層,4,公寓(5樓含以下無電梯),住家用,見其他登記事項,0570215,81.3,3,1,1,有,無,有,6500,80,,0.0,0,,RPQNMLLKOHLFFCD87CC
南區,建物,臺南市南區新義南路2號,0.0,,,,1050523,土地0建物1車位0,見其他登記事項,2,廠辦,見其他登記事項,加強磚造,0701109,1023.17,2,0,3,有,無,無,95000,93,,0.0,0,,RPRNMLLKOHLFFCD97CC
中西區,建物,臺南市中西區頂美一街7號七樓之3,0.0,,,,1050517,土地0建物1車位0,七層,7,華廈(10層含以下有電梯),住家用,鋼筋混凝土造,0661202,46.879999999999995,1,1,1,有,無,有,10000,213,,0.0,0,,RPPNMLLKOHLFFAD57CC
北區,建物,臺南市北區開元路523號四樓之2,0.0,,,,1050521,土地0建物1車位0,四層,24,住宅大樓(11層含以上有電梯),見其他登記事項,見其他登記事項,1041105,78.60000000000001,2,1,1,有,無,有,17000,216,,0.0,0,,RPQNMLLKOHLFFAD67CC
中西區,建物,臺南市中西區忠義路二段226號,0.0,商,,,1050523,土地0建物1車位0,二層,2,店面(店鋪),商業用,鋼筋混凝土造,0801105,150.94,0,0,1,有,無,無,60000,398,,0.0,0,,RPRNMLLKOHLFFAD77CC
中西區,建物,臺南市中西區信義街60巷40號,0.0,住,,,1050528,土地0建物1車位0,全,2,透天厝,住家用,磚造,,50.05,2,2,1,有,無,有,7500,150,,0.0,0,,RPSNMLLKOHLFFAD87CC
永康區,建物,臺南市永康區網寮里永二街413號十四樓,0.0,,,,1050519,土地0建物1車位0,十四層,16,住宅大樓(11層含以上有電梯),住家用,鋼筋混凝土造,0830504,126.11,3,2,2,有,無,有,10000,79,,0.0,0,,RPPNMLLKOHLFFHR07CC
安南區,房地(土地+建物)+車位,臺南市安南區館前一路112號4樓之2,42.42,住,,,1050602,土地1建物1車位0,四層,7,華廈(10層含以下有電梯),見其他登記事項,鋼筋混凝土造,1031105,158.21,3,2,2,有,有,有,13500,85,坡道平面,0.0,0,車位:汽車1個與機車1個,RPPNMLMKOHLFFBD77CC
永康區,土地,大灣段6043地號,331.0,其他,,,1050606,土地1建物0車位0,,,其他,,,,0.0,0,0,0,有,無,無,15000,45,,0.0,0,,RPSOMLNKOHLFFHR67CC
安平區,房地(土地+建物),臺南市安平區郡平路188號15樓之24,18.71,住,,,1050610,土地1建物1車位0,十四層,17,住宅大樓(11層含以上有電梯),住家用,鋼筋混凝土造,0850907,119.86,3,3,3,有,無,有,22500,188,,0.0,0,,RPROMLNKOHLFFAD08CC
東區,房地(土地+建物),臺南市東區崇明路960號,106.0,住,,,1050531,土地1建物1車位0,見其他登記事項,5,店面(店鋪),見其他登記事項,鋼筋混凝土構造,0960626,253.67,5,3,6,有,無,有,45000,177,,0.0,0,,RPUNMLNKOHLFFCD48CC
南區,建物,臺南市南區體育路21巷38之1號,0.0,,,,1050527,土地0建物1車位0,一層,5,公寓(5樓含以下無電梯),住家用,鋼筋混凝土構造,0710716,89.74,3,1,1,有,無,無,8000,89,,0.0,0,,RPXNMLNKOHLFFCD78CC
東區,房地(土地+建物),臺南市東區大同路一段173號六樓之1,17.69,商,,,1050523,土地1建物1車位0,六層,12,辦公商業大樓,商業用,鋼筋混凝土構造,0800718,219.35,2,1,1,有,有,有,19000,87,,0.0,0,,RPUNMLOKOHLFFCD58CC
中西區,土地,中正段818地號,4.01,商,,,1050610,土地1建物0車位0,,,其他,,,,0.0,0,0,0,有,無,無,5000,1247,,0.0,0,,RPQOMLOKOHLFFAD08CC
仁德區,房地(土地+建物),臺南市仁德區大同路三段452號,159.16,住,,,1050601,土地3建物1車位0,見其他登記事項,2,店面(店鋪),住商用,鋼筋混凝土造,1030609,129.03,4,3,5,有,無,無,25000,194,,0.0,0,,RPUNMLOKOHLFFFR67CC
永康區,建物,臺南市永康區大橋一街47之1號四樓之5,0.0,住,,,1050609,土地0建物1車位0,四層,14,住宅大樓(11層含以上有電梯),住家用,鋼筋混凝土造,0880824,132.41,3,1,2,有,無,有,17000,128,,0.0,0,1.合約書無填具土地租賃面積.2.由所有權人提供出租資訊3.租金已包含車位,RPRNMLPKOHLFFHR67CC
中西區,建物,臺南市中西區慶中街14號七樓之1,0.0,,,,1050530,土地0建物1車位0,七層,7,華廈(10層含以下有電梯),住家用,鋼筋混凝土造,0741127,122.78,4,2,3,有,有,有,15000,122,,0.0,0,,RPVNMLPKOHLFFAD58CC
新市區,房地(土地+建物),臺南市新巿區光華街105之7號,89.69,住,,,1050615,土地1建物1車位0,全,4,透天厝,見其他登記事項,鋼筋混凝土造,0950317,199.63,5,1,4,有,無,有,26000,130,,0.0,0,,RPRNMLQKOHLFFER47CC
中西區,土地,五條港段559地號,45.3,商,,,1050614,土地1建物0車位0,,,其他,,,,0.0,0,0,0,有,無,無,23000,508,,0.0,0,,RPQNMLQKOHLFFAD28DC
永康區,建物,臺南市永康區永大路三段378號,0.0,其他,,,1050615,土地0建物1車位0,全,2,透天厝,見其他登記事項,鋼筋混凝土造,0981106,113.81,3,1,3,有,無,有,25000,220,,0.0,0,,RPRNMLRKOHLFFHR87CC
東區,房地(土地+建物),臺南市東區裕信路417號,0.0,住,,,1050526,土地1建物1車位0,一層,10,店面(店鋪),見其他登記事項,鋼筋混凝土構造,0880312,79.35,2,1,1,有,無,無,19000,239,,0.0,0,,RPXNMLRKOHLFFCD56CC
東區,房地(土地+建物),臺南市東區東安路76巷17之3號,23.8,住,,,1050618,土地1建物1車位0,四層,5,公寓(5樓含以下無電梯),住家用,鋼筋混凝土構造,0730109,88.36,3,2,1,有,無,有,10000,113,,0.0,0,,RPPNMLTKOHLFFCD58CC
北區,建物,臺南市北區公園北路156號3樓之3,0.0,其他,,,1050617,土地0建物1車位0,三層,14,住宅大樓(11層含以上有電梯),見其他登記事項,見其他登記事項,0951001,94.0,2,2,1,有,無,有,18000,191,,0.0,0,,RPWNMLKLOHLFFAD28CC
北區,房地(土地+建物),臺南市北區開元路519號5樓8,9.0,商,,,1050620,土地3建物1車位0,五層,24,住宅大樓(11層含以上有電梯),見其他登記事項,見其他登記事項,1041105,125.04,3,2,2,有,無,無,15000,120,,0.0,0,,RPVNMLKLOHLFFAD28DC
新市區,房地(土地+建物),臺南市新巿區大營131之1號,87.0,,特定農業區,甲種建築用地,1050621,土地1建物1車位0,全,4,透天厝,住商用,鋼筋混凝土造,0860911,56.04,5,3,3,有,無,無,15000,268,,0.0,0,,RPQNMLLLOHLFFER96CC
善化區,房地(土地+建物),臺南市善化區中山路502號,133.08,商,,,1050620,土地2建物1車位0,全,3,透天厝,住商用,加強磚造,0660801,294.65,6,3,5,有,無,無,29000,98,,0.0,0,,RPTNMLLLOHLFFER27CC
安南區,建物,臺南市安南區安中路一段703巷4之3號4樓,0.0,住,,,1050525,土地0建物1車位0,四層,4,公寓(5樓含以下無電梯),見其他登記事項,鋼筋混凝土造,0700907,103.72,3,2,2,有,無,無,6000,58,,0.0,0,,RPSNMLLLOHLFFBD08CC
安南區,建物,臺南市安南區安和路四段30號,0.0,工,,,1050617,土地0建物1車位0,一層,1,倉庫,見其他登記事項,見其他登記事項,0820120,1535.04,0,0,0,無,無,無,110000,,,0.0,0,,RPOOMLLLOHLFFBD77CC
北區,建物,臺南市北區開元路333巷5號,0.0,住,,,1050617,土地0建物1車位0,,13,住宅大樓(11層含以上有電梯),見其他登記事項,鋼筋混凝土造,0920916,165.91,3,1,2,有,有,無,14600,88,,0.0,0,,RPRNMLLLOHLFFAD87CC
北區,建物,臺南市北區北門路二段246號,0.0,住,,,1050525,土地0建物1車位0,一層,11,住宅大樓(11層含以上有電梯),見其他登記事項,鋼筋混凝土造,0911115,160.99,1,1,1,有,有,有,15000,93,,0.0,0,,RPSNMLLLOHLFFAD97CC
安平區,房地(土地+建物),臺南市安平區平豐路236巷2號,635.0,住,,,1050613,土地4建物1車位0,一層,1,店面(店鋪),住家用,加強磚造,0770504,86.78,0,0,0,無,無,無,93000,1072,,0.0,0,,RPOOMLLLOHLFFAD67CC
東區,建物,臺南市東區建東街35巷12號,0.0,住,,,1050524,土地0建物1車位0,全,2,透天厝,住家用,加強磚造,0571205,71.0,5,2,4,有,無,無,12000,169,,0.0,0,,RPTNMLLLOHLFFCD28CC
東區,房地(土地+建物),臺南市東區崇明路141號1~2樓,11.1,商,,,1050615,土地1建物1車位0,一層,16,店面(店鋪),住商用,鋼筋混凝土構造,0850203,116.23,1,2,2,有,無,有,22000,189,,0.0,0,,RPWNMLLLOHLFFCD58CC
東區,建物,臺南市東區府東街222號九樓之2,0.0,住,,,1050617,土地0建物1車位0,九層,9,華廈(10層含以下有電梯),住家用,鋼筋混凝土構造,0830625,188.88,3,2,2,有,有,有,16000,85,,0.0,0,,RPQOMLLLOHLFFCD08CC
東區,房地(土地+建物),臺南市東區東寧路254號1~2樓,83.0,商,,,1050616,土地1建物1車位0,一層,5,店面(店鋪),住商用,鋼筋混凝土構造,0740204,94.08,7,2,5,有,無,無,25000,266,,0.0,0,1~2樓出租,RPROMLLLOHLFFCD18CC
北區,建物,臺南市北區北園街8巷28號十九樓之6,0.0,商,,,1050621,土地0建物1車位0,十九層,19,住宅大樓(11層含以上有電梯),見其他登記事項,鋼筋混凝土造,0961227,85.03,2,2,1,有,有,有,15000,176,,0.0,0,,RPVNMLMLOHLFFAD38CC
安南區,土地,安東段92地號,0.0,住,,,1050614,土地1建物0車位0,,,其他,,,,0.0,0,0,0,有,無,無,15000,0,,0.0,0,,RPPNMLMLOHLFFBD87CC
善化區,房地(土地+建物),臺南市善化區中山路27號,75.84,農,,,1050608,土地1建物1車位0,全,2,透天厝,住商用,加強磚造,0660210,108.16,3,1,2,有,無,有,12000,111,,0.0,0,,RPSNMLMLOHLFFER27CC
善化區,房地(土地+建物),臺南市善化區大信路29號,66.19,其他,,,1050601,土地1建物1車位0,全,3,透天厝,住商用,加強磚造,0630228,158.2,5,1,3,有,無,有,20000,126,,0.0,0,,RPTNMLMLOHLFFER37CC
善化區,土地,善成段1152地號,179.39,住,,,1050620,土地2建物0車位0,,,其他,,,,0.0,0,0,0,有,無,有,35000,195,,0.0,0,,RPUNMLMLOHLFFER47CC
新市區,土地,潭頂段503地號,347.12,,鄉村區,乙種建築用地,1050602,土地1建物0車位0,,,其他,,,,0.0,0,0,0,有,無,有,10000,29,,0.0,0,,RPVNMLMLOHLFFER57CC
永康區,建物,臺南市永康區中山南路654號,0.0,住,,,1050623,土地0建物1車位0,全,3,透天厝,住商用,加強磚造,0640531,126.68,2,1,3,有,無,無,15000,118,,0.0,0,1.合約書無填具土地租賃面積.2.由所有權人提供出租資訊.3.租整棟透天,RPUNMLNLOHLFFHR87CC
鹽水區,房地(土地+建物),臺南市鹽水區武廟路8之5號7樓,20.07,住,,,1050616,土地1建物1車位0,七層,7,華廈(10層含以下有電梯),住家用,鋼筋混凝土造,0841026,112.59,3,2,2,有,無,有,7000,62,,0.0,0,,RPVNMLNLOHLFFAR27CC
佳里區,房地(土地+建物),臺南市佳里區佳西路263號,103.47,住,,,1050428,土地1建物1車位0,一層,4,店面(店鋪),住商用,鋼筋混凝土造,1020722,49.22,1,1,1,有,無,無,13500,274,,0.0,0,含水費不含電費,RPWNMLNLOHLFFDR77DC
中西區,建物,臺南市中西區湖美一街92巷1號,0.0,,,,1050530,土地0建物1車位0,全,3,透天厝,住家用,鋼筋混凝土造,0750327,204.13,4,2,3,有,無,無,22000,108,,0.0,0,,RPXNMLNLOHLFFAD68CC
安平區,建物,臺南市安平區育平路52號七樓之1,0.0,,,,1050606,土地0建物1車位0,七層,14,住宅大樓(11層含以上有電梯),見其他登記事項,見其他登記事項,1021125,57.769999999999996,2,1,1,有,有,有,18000,312,,0.0,0,,RPOOMLNLOHLFFAD87CC
安平區,建物,臺南市安平區永華路二段819號四樓之12,0.0,,,,1050612,土地0建物1車位0,四層,24,住宅大樓(11層含以上有電梯),住家用,鋼筋混凝土造,0840530,117.12,3,2,2,有,有,有,15000,128,,0.0,0,,RPOPMLOLOHLFFAD08CC
永康區,建物,臺南市永康區新民街66巷6號9樓2,0.0,住,,,1050622,土地0建物1車位0,九層,9,華廈(10層含以下有電梯),住家用,鋼筋混凝土造,0821230,126.39,3,2,2,有,無,有,11000,87,,0.0,0,,RPUNMLOLOHLFFHR97CC
永康區,建物,臺南市永康區永大路二段1129號十九樓之3,0.0,住,,,1050622,土地0建物1車位0,十九層,19,住宅大樓(11層含以上有電梯),住家用,鋼筋混凝土造,0830711,96.17999999999999,3,2,2,有,無,有,8500,88,,0.0,0,,RPVNMLOLOHLFFHR08CC
永康區,建物,臺南市永康區安康里中華西街122巷72之4號,0.0,,,,1050607,土地0建物1車位0,五層,5,公寓(5樓含以下無電梯),住家用,鋼筋混凝土造,0711231,96.57,3,2,2,有,無,有,9000,93,,0.0,0,,RPOOMLOLOHLFFHR47CC
安南區,建物,臺南市安南區長和路一段378號,0.0,住,,,1050622,土地0建物1車位0,全,4,透天厝,見其他登記事項,鋼筋混凝土造,0971128,226.74,4,2,4,有,無,有,27000,119,,0.0,0,,RPTNMLOLOHLFFBD48CC
新市區,房地(土地+建物),臺南市新巿區光明街47號,67.04,其他,,,1050627,土地1建物1車位0,全,4,透天厝,見其他登記事項,鋼筋混凝土造,0820708,189.44,5,1,3,有,無,有,15000,79,,0.0,0,,RPPNMLRLOHLFFER47CC
新營區,房地(土地+建物),臺南市新營區南紙街119巷15號,19.7,住,,,1050609,土地1建物1車位0,一層,7,華廈(10層含以下有電梯),住家用,鋼筋混凝土造,0840119,104.83,2,2,2,有,無,有,9000,86,,0.0,0,,RPQNMLRLOHLFFAR17CC
新營區,房地(土地+建物),臺南市新營區新進路二段445巷6號,81.57,商,,,1050608,土地3建物1車位0,全,2,透天厝,住商用,加強磚造,0691022,124.65,6,3,3,有,無,無,8000,64,,0.0,0,,RPVNMLRLOHLFFAR67CC
永康區,建物,臺南市永康區文化路128巷2號五樓之3,0.0,住,,,1050622,土地0建物1車位0,五層,8,華廈(10層含以下有電梯),住家用,鋼筋混凝土造,0840109,144.53,3,2,2,有,無,有,18000,125,,0.0,0,1.合約書無填具土地租賃面積.2.由所有權人提供出租資訊3.租金已包含車位,RPSNMLSLOHLFFHR18CC
北區,建物,臺南市北區公園路128號六樓之23,0.0,商,,,1050624,土地0建物1車位0,六層,8,華廈(10層含以下有電梯),住家用,鋼筋混凝土造,0700923,108.66000000000001,4,2,2,有,無,有,9000,83,,0.0,0,,RPQOMLSLOHLFFAD58CC
東區,房地(土地+建物),臺南市東區中華東路二段167號二樓之5,6.56,住,,,1050604,土地1建物1車位0,二層,14,套房(1房1廳1衛),住家用,鋼筋混凝土構造,0970229,34.38,1,1,1,有,有,有,7500,218,,0.0,0,,RPROMLSLOHLFFCD88CC
東區,房地(土地+建物),臺南市東區中華東路二段167號二樓之5,6.56,住,,,1050604,土地1建物1車位0,二層,14,套房(1房1廳1衛),住家用,鋼筋混凝土構造,0970229,34.33,1,1,1,有,有,有,7500,218,,0.0,0,,RPSOMLSLOHLFFCD98CC
東區,建物,臺南市東區德東街151巷72號,0.0,住,,,1050602,土地0建物1車位0,全,2,透天厝,住家用,加強磚造,0640801,88.18,3,2,1,有,無,有,8500,96,,0.0,0,,RPVNMLTLOHLFFCD66CC
北區,建物,臺南市北區北園街8巷12號11F之6,0.0,商,,,1050627,土地0建物1車位0,十一層,19,住宅大樓(11層含以上有電梯),住家用,鋼筋混凝土造,0851202,33.44,1,0,1,有,無,有,7000,209,,0.0,0,,RPQNMLTLOHLFFAD58CC
中西區,建物,臺南市中西區五妃街258號三樓之8,0.0,住,,,1050628,土地0建物1車位0,三層,8,華廈(10層含以下有電梯),見其他登記事項,鋼筋混凝土造,0931203,65.94,2,1,1,有,有,有,15000,227,,0.0,0,,RPVNMLTLOHLFFAD09CC
安平區,建物,臺南市安平區建平十七街159號6樓之2,0.0,商,,,1050608,土地0建物1車位0,六層,12,辦公商業大樓,見其他登記事項,鋼筋混凝土造,0851011,231.40999999999997,0,0,0,無,有,無,15000,65,,0.0,0,,RPWNMLTLOHLFFAD56CC
永康區,建物,臺南市永康區復華五街55巷3號,0.0,住,,,1050530,土地0建物1車位0,一層,10,華廈(10層含以下有電梯),見其他登記事項,見其他登記事項,1040810,166.74,4,1,2,有,有,無,22000,132,,0.0,0,1.租賃契約無填寫土地租賃面積。2.由所有權人提供租屋資訊。3.實際租賃層次為1~3樓。,RPQNMLTLOHLFFHR08CC
安南區,建物,臺南市安南區本原街三段169巷18號,0.0,住,,,1050601,土地0建物1車位0,全,2,透天厝,住家用,加強磚造,0820713,117.09,5,1,3,有,無,無,12000,102,,0.0,0,,RPVNMLTLOHLFFBD56CC
永康區,建物,臺南市永康區中山南路43巷11之2號,0.0,住,,,1050628,土地0建物1車位0,三層,5,公寓(5樓含以下無電梯),住家用,鋼筋混凝土造,0710810,62.61,2,1,1,有,無,有,9000,144,,0.0,0,,RPRNMLKMOHLFFHR37CC
永康區,房地(土地+建物),臺南市永康區中華路140.140之1號,1898.49,住,,,1050601,土地1建物2車位0,四層,8,店面(店鋪),住商用,鋼筋混凝土造,0780713,445.46,0,1,1,有,無,無,113520,255,,0.0,0,,RPTNMLKMOHLFFHR57CC
東區,房地(土地+建物),臺南市東區大學路12巷10之1號五樓,32.7,住,,,1050601,土地1建物1車位0,五層,5,公寓(5樓含以下無電梯),住家用,鋼筋混凝土造,0740724,36.15,3,2,2,有,無,無,13000,360,,0.0,0,,RPUOMLKMOHLFFCD58DC
永康區,建物,臺南市永康區東橋三路19號1樓,80.36,住,,,1050604,土地0建物1車位0,一層,4,店面(店鋪),住商用,鋼筋混凝土造,0960731,39.81,0,0,0,無,無,無,12000,301,,0.0,0,,RPQNMLLJPHLFFHR17CC
北區,房地(土地+建物),臺南市北區公園南路365號三樓之5,3.26,住,,,1050608,土地1建物1車位0,三層,14,住宅大樓(11層含以上有電梯),見其他登記事項,見其他登記事項,0960824,21.16,1,0,1,有,有,有,7500,354,,0.0,0,,RPTPMLLJPHLFFAD18CC
南區,房地(土地+建物),臺南市南區新建路19巷12-2號,34.61,住,,,1050701,土地1建物1車位0,三層,5,公寓(5樓含以下無電梯),見其他登記事項,鋼筋混凝土造,0720718,76.26,3,2,1,有,無,有,7000,92,,0.0,0,,RPUNMLNJPHLFFCD48CC
北區,房地(土地+建物),臺南市北區文成一路46號,81.0,住,,,1050701,土地1建物1車位0,一層,3,店面(店鋪),住商用,鋼筋混凝土造,0751023,38.3,0,1,1,有,無,無,5000,131,,0.0,0,,RPUNMLOJPHLFFAD38CC
中西區,土地,青年段55地號,40.38,商,,,1050630,土地1建物0車位0,,,其他,,,,0.0,0,0,0,有,無,無,56000,1387,,0.0,0,,RPQNMLOJPHLFFAD08DC
東區,房地(土地+建物)+車位,臺南市東區中華東路二段185巷12號14F,9.91,商,,,1050627,土地1建物1車位1,十四層,20,住宅大樓(11層含以上有電梯),住家用,鋼筋混凝土構造,0841106,133.05,3,2,2,有,有,有,19000,170,坡道平面,33.05,0,租金已包含平面車位及含稅但不含管理費,RPOOMLPJPHLFFCD18CC
東區,房地(土地+建物),臺南市東區林森路2段51號,0.0,住,,,1050613,土地1建物1車位0,一層,2,店面(店鋪),住商用,加強磚造,0640402,26.08,0,0,0,無,無,無,19000,729,,0.0,0,,RPQOMLPJPHLFFCD38CC
東區,房地(土地+建物),臺南市東區崇德11街34號,0.0,住,,,1050618,土地1建物1車位0,全,2,透天厝,住家用,鋼筋混凝土構造,0740828,119.22,5,2,2,有,無,有,17000,143,,0.0,0,,RPSOMLPJPHLFFCD58CC
北區,建物,臺南市北區長榮路五段41巷36號九樓之1,0.0,住,,,1050704,土地0建物1車位0,九層,14,住宅大樓(11層含以上有電梯),見其他登記事項,鋼筋混凝土造,0920916,168.82,3,2,2,有,有,有,16000,95,,0.0,0,,RPSNMLQJPHLFFAD38CC
安南區,建物,臺南市安南區安和路一段288巷130號,0.0,住,,,1050703,土地0建物1車位0,全,3,透天厝,住商用,鋼筋混凝土造,0820925,177.6,4,1,3,有,無,有,17000,96,,0.0,0,1.合約書無填具土地租賃面積.2.由所有權人提供出租資訊.3.租整棟透天,RPVNMLQJPHLFFBD78CC
安南區,建物,臺南市安南區媽祖宮路155號,0.0,住,,,1050607,土地0建物1車位0,全,2,透天厝,住商用,加強磚造,0710701,139.96,2,2,2,有,無,無,8000,57,,0.0,0,1.租賃契約書無填寫土地租賃面積2.由所有權人提供租屋資訊,RPROMLQJPHLFFBD48CC
新化區,土地,新音段829地號,0.0,商,,,1050630,土地1建物0車位0,,,其他,,,,0.0,0,0,0,有,無,有,10000,0,,0.0,0,,RPQNMLQJPHLFFER37CC
仁德區,土地,二王段1097地號,0.0,農,,,1050629,土地1建物0車位0,,,其他,,,,0.0,0,0,0,有,無,無,14000,0,,0.0,0,,RPQNMLRJPHLFFFR57CC
中西區,土地,銀同段179地號,107.77,其他,,,1050702,土地1建物0車位0,,,其他,,,,0.0,1,0,0,有,無,無,18000,167,,0.0,0,,RPQOMLRJPHLFFAD38CC
中西區,建物,臺南市中西區大同路一段46巷23號四樓之1,0.0,,,,1050609,土地0建物1車位0,四層,6,套房(1房1廳1衛),住家用,鋼筋混凝土造,0830301,35.7,1,0,1,有,無,有,5000,140,,0.0,0,,RPXPMLRJPHLFFAD56CC
北區,土地,自強段1769地號,97.0,商,,,1050623,土地1建物0車位0,,,其他,,,,0.0,0,0,0,有,無,有,4500,46,,0.0,0,,RPQNMLTJPHLFFAD48CC
東區,房地(土地+建物),臺南市東區林森路一段365號,37.0,商,,,1050708,土地1建物1車位0,二層,2,店面(店鋪),見其他登記事項,鋼筋混凝土造,1041006,175.73,0,2,2,有,無,無,65000,370,,0.0,0,,RPPNMLTJPHLFFCD58CC
東區,建物,臺南市東區中華東路二段41巷58號2樓,0.0,住,,,1050620,土地0建物1車位0,二層,5,公寓(5樓含以下無電梯),住家用,鋼筋混凝土造,0681214,68.39,3,2,1,有,無,有,9000,132,,0.0,0,,RPRNMLTJPHLFFCD78CC
安南區,土地,安慶段1049-4地號,4168.7,住,,,1050630,土地1建物0車位0,,,其他,,,,0.0,0,0,0,有,無,有,50000,12,,0.0,0,,RPPNMLTJPHLFFBD48CC
安南區,建物,臺南市安南區北安路三段145巷8號,51.95,住,,,1050624,土地0建物1車位0,全,4,透天厝,見其他登記事項,鋼筋混凝土造,0840309,146.22,3,2,4,有,無,有,16000,109,,0.0,0,,RPQNMLTJPHLFFBD58CC
新市區,房地(土地+建物),臺南市新巿區永華二街36號,61.32,,特定專用區,甲種建築用地,1050709,土地1建物1車位0,二層,8,華廈(10層含以下有電梯),住家用,鋼筋混凝土造,0860825,112.99,4,2,2,有,有,有,10000,89,,0.0,0,,RPTNMLLKPHLFFER27CC
北區,建物,臺南市北區開元路333巷15號,0.0,住,,,1050710,土地0建物1車位0,一層,13,住宅大樓(11層含以上有電梯),見其他登記事項,鋼筋混凝土造,0920916,159.05,3,2,3,有,有,無,15000,94,,0.0,0,,RPQOMLLKPHLFFAD87CC
東區,房地(土地+建物),臺南市東區勝利路77號2+3F,61.0,住,,,1050711,土地1建物1車位0,全,4,透天厝,住家用,鋼筋混凝土構造,0731126,105.48,0,0,0,無,無,無,17000,161,,0.0,0,租賃層次為2-3F,RPPNMLMKPHLFFCD97CC
新市區,土地,大洲段234地號,87.0,,鄉村區,乙種建築用地,1050712,土地1建物0車位0,,,其他,,,,0.0,0,0,0,有,無,無,4500,52,,0.0,0,,RPVNMLMKPHLFFER57CC
永康區,建物,臺南市永康區中華一路203巷6號十一樓之2,0.0,住,,,1050711,土地0建物1車位0,十一層,11,住宅大樓(11層含以上有電梯),住家用,鋼筋混凝土造,0871026,65.56,3,1,2,有,有,有,13500,206,,0.0,0,,RPSNMLNKPHLFFHR67CC
安平區,建物,臺南市安平區育平路70號十三樓之3,0.0,住,,,1050711,土地0建物1車位0,十三層,14,住宅大樓(11層含以上有電梯),見其他登記事項,見其他登記事項,1021225,212.39,3,2,2,有,有,有,28000,132,,0.0,0,,RPPNMLNKPHLFFAD87CC
北區,建物,臺南市北區林森路三段140巷9號二樓,0.0,,,,1050615,土地0建物1車位0,二層,8,華廈(10層含以下有電梯),見其他登記事項,鋼筋混凝土造,0860802,142.0,3,2,2,有,有,無,12000,85,,0.0,0,,RPQOMLNKPHLFFAD08CC
安平區,建物,臺南市安平區建平十七街81號十樓之2,0.0,商,,,1050714,土地0建物1車位0,十層,12,住宅大樓(11層含以上有電梯),住家用,鋼筋混凝土造,0800604,120.34,2,1,2,有,有,無,13000,108,,0.0,0,,RPUNMLOKPHLFFAD48CC
中西區,建物,臺南市中西區湖美街70巷6號7樓之6,0.0,住,,,1050617,土地0建物1車位0,七層,14,住宅大樓(11層含以上有電梯),住家用,鋼筋混凝土造,0871203,133.35,3,1,2,有,有,有,13000,97,,0.0,0,,RPROMLPKPHLFFAD38CC
中西區,建物,臺南市中西區忠義路二段41號3樓,0.0,商,,,1050623,土地0建物1車位0,三層,8,辦公商業大樓,商業用,鋼筋混凝土造,0811229,136.64,0,0,1,有,有,無,18000,132,,0.0,0,,RPUOMLPKPHLFFAD68CC
中西區,建物,臺南市中西區民族路二段66號6樓之2,0.0,住,,,1050627,土地0建物1車位0,六層,13,住宅大樓(11層含以上有電梯),住家用,鋼筋混凝土造,0821102,74.81,2,2,2,有,有,有,12000,160,,0.0,0,,RPVOMLPKPHLFFAD78CC
北區,建物,臺南市北區成功路2號七樓之13,0.0,,,,1050618,土地0建物1車位0,七層,14,住宅大樓(11層含以上有電梯),住家用,鋼筋混凝土造,0731228,63.160000000000004,2,1,1,有,有,有,9300,147,,0.0,0,,RPTPMLPKPHLFFAD68CC
東區,建物,臺南市東區東寧路554號,0.0,商,,,1050628,土地0建物1車位0,一層,14,住宅大樓(11層含以上有電梯),住商用,鋼筋混凝土構造,0840325,235.24,0,1,1,有,有,有,18000,77,,0.0,0,1.租賃契約書無填寫土地租賃面積。2.由所有權人提供租屋資訊。3.租賃樓層為1~2樓,RPPOMLPKPHLFFCD38CC
東區,房地(土地+建物),臺南市東區大同路二段567號,91.17,商,,,1050707,土地1建物1車位0,見其他登記事項,3,店面(店鋪),住商用,加強磚造,0640521,184.49,5,2,3,有,無,無,18000,98,,0.0,0,,RPQOMLPKPHLFFCD48CC
永康區,建物,臺南市永康區文賢街355號,0.0,住,,,1050713,土地0建物1車位0,全,4,透天厝,住家用,見其他登記事項,1040720,28.29,1,0,1,有,無,有,5500,194,,0.0,0,1.合約書無填具土地租賃面積.2.由所有權人提供出租資訊3.實際租賃單位為2樓後,RPRNMLPKPHLFFHR77CC
永康區,建物,臺南市永康區中正北路19巷1號10樓之3,0.0,住,,,1050618,土地0建物1車位0,十層,14,住宅大樓(11層含以上有電梯),住家用,鋼筋混凝土造,0830922,112.59,3,2,2,有,有,有,12000,107,,0.0,0,,RPVNMLPKPHLFFHR18CC
永康區,建物,臺南市永康區中華路727巷16號12樓之2,0.0,住,,,1050619,土地0建物1車位0,十二層,14,住宅大樓(11層含以上有電梯),住家用,鋼筋混凝土造,0880824,107.33,3,1,2,有,有,有,12000,112,,0.0,0,,RPXNMLPKPHLFFHR38CC
永康區,房地(土地+建物),臺南市永康區復國一路173巷34弄4號,119.26,住,,,1050710,土地1建物1車位0,全,2,透天厝,住家用,加強磚造,0750710,42.75,2,0,1,有,無,有,6500,152,,0.0,0,,RPUOMLPKPHLFFHR18CC
安南區,房地(土地+建物),臺南市安南區安和路五段269巷21弄10號,125.0,住,,,1050706,土地1建物1車位0,全,2,透天厝,住家用,加強磚造,0770716,172.1,3,2,2,有,無,無,9000,52,,0.0,0,,RPPOMLPKPHLFFBD28CC
安南區,建物,臺南市安南區府安路五段44巷5號,0.0,住,,,1050624,土地0建物1車位0,全,2,透天厝,住家用,加強磚造,0700826,115.33,4,2,2,有,無,有,12000,104,,0.0,0,,RPROMLPKPHLFFBD48CC
安南區,建物,臺南市安南區慈安路109巷5號,0.0,,,,1050617,土地0建物1車位0,全,4,透天厝,見其他登記事項,鋼筋混凝土造,1011207,182.21,5,1,4,有,無,無,21000,115,,0.0,0,,RPSOMLPKPHLFFBD58CC
歸仁區,房地(土地+建物),臺南市歸仁區民權南路170號5F,202.93,住,,,1050618,土地1建物1車位0,五層,7,華廈(10層含以下有電梯),住家用,鋼筋混凝土造,0821119,110.55,4,2,2,有,無,無,10000,90,,0.0,0,,RPWNMLPKPHLFFFR08CC
仁德區,建物,臺南市仁德區文心路56號1樓,0.0,住,,,1050616,土地0建物1車位0,全,4,透天厝,住商用,鋼筋混凝土造,0910503,48.36,0,1,1,有,無,無,11000,227,,0.0,0,,RPXNMLPKPHLFFFR18CC
仁德區,建物,臺南市仁德區德南路197號1樓,0.0,住,,,1050707,土地0建物1車位0,全,4,透天厝,住家用,鋼筋混凝土造,1020624,59.8,0,1,0,有,無,無,6500,109,,0.0,0,,RPOOMLPKPHLFFFR37CC
永康區,土地,大灣段4649-3地號,552.0,其他,,,1050714,土地1建物0車位0,,,其他,,,,0.0,0,0,0,有,無,無,33000,60,,0.0,0,,RPQOMLPKPHLFFHR87DC
北區,建物,臺南市北區和緯路一段86巷10號,0.0,住,,,1050714,土地0建物1車位0,一層,10,華廈(10層含以下有電梯),見其他登記事項,鋼筋混凝土造,0930329,168.33,1,3,2,有,無,有,12000,71,,0.0,0,,RPRNMLQKPHLFFAD38CC
安平區,建物,臺南市安平區健康三街592巷55號五樓之10,0.0,,,,1050621,土地0建物1車位0,五層,24,住宅大樓(11層含以上有電梯),住家用,鋼筋混凝土造,0861022,110.34,3,2,2,有,有,有,16000,145,坡道機械,13.87,0,,RPPNMLRKPHLFFAD28CC
中西區,建物,臺南市中西區臨安路一段73號六樓之8,0.0,,,,1050621,土地0建物1車位0,六層,7,華廈(10層含以下有電梯),住家用,鋼筋混凝土造,0790920,25.09,1,0,1,有,無,有,4500,179,,0.0,0,,RPQNMLRKPHLFFAD38CC
中西區,建物,臺南市中西區大智街143號,0.0,,,,1050622,土地0建物1車位0,全,2,透天厝,住家用,磚造,0500101,81.12,4,1,3,有,無,無,17000,210,,0.0,0,,RPRNMLRKPHLFFAD48CC
仁德區,建物,臺南市仁德區上崙村上崙子1之39號二樓之1,0.0,,,,1050621,土地0建物1車位0,二層,5,公寓(5樓含以下無電梯),住家用,鋼筋混凝土造,0830625,50.32,2,1,1,有,無,無,6000,119,,0.0,0,,RPPNMLRKPHLFFFR57CC
永康區,建物,臺南市永康區中正南路168巷2弄112號,0.0,,,,1050619,土地0建物1車位0,全,2,透天厝,住家用,加強磚造,0631105,93.48,3,2,2,有,無,無,7000,75,,0.0,0,,RPPNMLRKPHLFFHR77CC
新市區,建物,臺南市新巿區中正路116巷2弄7號,63.0,其他,,,1050701,土地0建物1車位0,全,3,透天厝,見其他登記事項,鋼筋混凝土造,0820408,175.2,4,2,3,有,無,有,11000,63,,0.0,0,,RPPNMLSKPHLFFER57CC
永康區,房地(土地+建物)+車位,臺南市永康區五王里中華路578巷2之1號,27.67,商,,,1050625,土地2建物1車位1,見其他登記事項,8,店面(店鋪),住商用,鋼筋混凝土造,0851028,161.76999999999998,2,2,2,有,無,無,17500,108,坡道機械,27.29,0,,RPTOMLSKPHLFFHR48DC
佳里區,房地(土地+建物),臺南市佳里區中山路180號,109.0,住,,,1050718,土地1建物1車位0,全,2,透天厝,住家用,加強磚造,0670712,58.65,2,1,2,有,無,有,13000,222,,0.0,0,,RPRNMLSKPHLFFDR67CC
新化區,房地(土地+建物),臺南市新化區頂山腳195、197號,3977.0,,特定農業區,農牧用地,1050620,土地2建物1車位0,見其他登記事項,2,農舍,見其他登記事項,加強磚造,0770505,184.32,3,2,3,有,無,有,155000,,,0.0,0,,RPPOMLTKPHLFFER77CC
中西區,建物,臺南市中西區樹林街二段252號六樓之2,0.0,住,,,1050713,土地0建物1車位0,六層,9,華廈(10層含以下有電梯),住家用,鋼筋混凝土造,0870905,76.66,2,1,1,有,無,有,11000,143,,0.0,0,,RPSNMLTKPHLFFAD78CC
安平區,房地(土地+建物),臺南市安平區慶平路539號7樓之24,14.34,住,,,1050716,土地1建物1車位0,七層,24,住宅大樓(11層含以上有電梯),見其他登記事項,鋼筋混凝土造,0880211,130.37,4,2,3,有,無,有,22400,172,,0.0,0,,RPUOMLTKPHLFFAD09CC
北區,房地(土地+建物),臺南市北區公園北路156號之11,25.88,商,,,1050630,土地1建物1車位0,一層,14,住宅大樓(11層含以上有電梯),見其他登記事項,見其他登記事項,0951001,115.42,1,1,1,有,無,有,30000,260,,0.0,0,,RPWOMLTKPHLFFAD66CC
中西區,房地(土地+建物),臺南市中西區赤崁東街46號,34.2,商,,,1050621,土地1建物1車位0,一層,3,店面(店鋪),見其他登記事項,見其他登記事項,1050421,34.2,0,0,0,無,無,無,15000,439,,0.0,0,,RPXOMLTKPHLFFAD76CC
中西區,房地(土地+建物),臺南市中西區赤崁東街46號,53.19,商,,,1050628,土地1建物1車位0,見其他登記事項,3,店面(店鋪),見其他登記事項,見其他登記事項,1050421,171.29,0,0,0,無,無,無,35000,204,,0.0,0,,RPOPMLTKPHLFFAD58CC
安平區,建物,臺南市安平區建平八街72號八樓之9,0.0,,,,1050624,土地0建物1車位0,八層,14,住宅大樓(11層含以上有電梯),見其他登記事項,鋼筋混凝土造,0880816,122.25999999999999,3,2,2,有,有,有,18000,147,,0.0,0,,RPUNMLKLPHLFFAD18CC
北區,建物,臺南市北區開元路517號十七樓之5,0.0,,,,1050625,土地0建物1車位0,十七層,24,住宅大樓(11層含以上有電梯),見其他登記事項,見其他登記事項,1041105,115.72999999999999,2,1,1,有,有,有,19500,168,,0.0,0,,RPWNMLKLPHLFFAD38CC
新化區,房地(土地+建物),臺南市新化區金華路一段24號,43.95,,特定專用區,甲種建築用地,1050720,土地1建物1車位0,三層,7,華廈(10層含以下有電梯),住家用,鋼筋混凝土造,0860825,79.85,3,2,2,有,無,無,9500,119,,0.0,0,,RPPOMLKLPHLFFER96CC
安南區,房地(土地+建物),臺南市安南區長和路四段186巷64號,93.29,住,,,1050719,土地6建物1車位0,全,4,透天厝,住家用,鋼筋混凝土造,0820906,228.92,5,2,3,有,無,有,13000,57,,0.0,0,,RPPNMLKLPHLFFBD77CC
永康區,房地(土地+建物),臺南市永康區中正三街490號,319.9,工,,,1050716,土地1建物1車位0,見其他登記事項,1,廠辦,工業用,鋼造,0830927,178.28,0,0,0,無,無,有,48000,269,,0.0,0,,RPPNMLKLPHLFFHR17CC
永康區,建物,臺南市永康區中華二路206巷68弄20號三樓之1,0.0,商,,,1050719,土地0建物1車位0,三層,5,公寓(5樓含以下無電梯),住家用,鋼筋混凝土造,0700604,16.53,1,0,1,有,無,有,3500,212,,0.0,0,1.合約書無填具土地租賃面積.2.由所有權人提供出租資訊3.此為分租套房實際出租位置為3F後房間,RPPNMLLLPHLFFHR27CC
永康區,建物,臺南市永康區大橋里中華路619巷28號,0.0,,,,1050628,土地0建物1車位0,二層,4,套房(1房1廳1衛),見其他登記事項,鋼筋混凝土造,0770825,26.45,1,0,1,有,無,有,6000,227,,0.0,0,1.租賃契約書無填寫土地租賃面積2.由所有權人提供租屋資訊3.承租二樓的其中一間套房,RPUNMLLLPHLFFHR77CC
永康區,建物,臺南市永康區大橋里中華路619巷28號,0.0,,,,1050628,土地0建物1車位0,二層,4,套房(1房1廳1衛),見其他登記事項,鋼筋混凝土造,0770825,39.67,1,0,1,有,無,有,7000,176,,0.0,0,,RPVNMLLLPHLFFHR87CC
善化區,建物,臺南市善化區牛庄550之11號,0.0,,特定農業區,甲種建築用地,1050718,土地0建物1車位0,全,4,透天厝,住家用,鋼筋混凝土造,1041015,38.53,1,0,1,有,無,有,8500,221,,0.0,0,1.合約書無填具土地租賃面積.2.由所有權人提供出租資訊3.此為透天分租套房租賃樓層為4F前後共兩間每間坪數約6坪,RPQNMLLLPHLFFER07CC
仁德區,建物,臺南市仁德區中洲里276之9號,0.0,,鄉村區,乙種建築用地,1050718,土地0建物1車位0,一層,3,店面(店鋪),住商用,鋼筋混凝土造,0920416,107.26,0,1,1,有,無,無,9000,84,,0.0,0,,RPTNMLLLPHLFFFR47CC
仁德區,建物,臺南市仁德區太子路86巷5號,0.0,,,,1050627,土地0建物1車位0,見其他登記事項,1,農舍,農舍,混凝土造,0670523,42.78,0,0,1,有,無,無,23000,,,0.0,0,,RPQOMLLLPHLFFFR27CC
北區,建物,臺南市北區公園北路156號五樓之2,0.0,商,,,1050719,土地0建物1車位0,五層,14,住宅大樓(11層含以上有電梯),見其他登記事項,見其他登記事項,0951001,94.0,2,1,1,有,無,有,15000,160,,0.0,0,,RPTNMLLLPHLFFAD18CC
北區,建物,臺南市北區北成路393號,0.0,,,,1050625,土地0建物1車位0,一層,4,店面(店鋪),見其他登記事項,鋼筋混凝土造,0921226,56.39,0,1,1,有,無,無,19000,337,,0.0,0,,RPUNMLLLPHLFFAD28CC
中西區,建物,臺南市中西區永福路二段158巷2號,49.0,商,,,1050718,土地0建物1車位0,全,2,透天厝,住家用,加強磚造,0590124,88.38,4,3,2,有,無,無,10000,113,,0.0,0,,RPQOMLLLPHLFFAD97CC
北區,房地(土地+建物),臺南市北區開元路517號7樓之2,5.75,住,,,1050715,土地3建物1車位0,七層,24,住宅大樓(11層含以上有電梯),見其他登記事項,見其他登記事項,1041105,55.02,2,2,1,有,有,有,15500,282,,0.0,0,,RPRPMLLLPHLFFAD18CC
南區,建物,臺南市南區中華南路二段300巷2弄11號五樓,0.0,,,,1050625,土地0建物1車位0,五層,5,公寓(5樓含以下無電梯),見其他登記事項,鋼筋混凝土構造,0711129,92.42,3,1,2,有,無,有,9000,97,,0.0,0,,RPRNMLLLPHLFFCD18CC
南區,建物,臺南市南區永南街31號,0.0,,,,1050627,土地0建物1車位0,全,6,透天厝,住商用,鋼筋混凝土構造,0790801,784.81,3,6,7,有,無,無,80000,102,,0.0,0,,RPQOMLLLPHLFFCD18CC
東區,房地(土地+建物),臺南市東區裕農路975-6號,111.86,住,,,1050628,土地1建物1車位0,一層,4,店面(店鋪),見其他登記事項,鋼筋混凝土構造,0961221,60.66,0,0,0,無,無,無,12000,198,,0.0,0,,RPROMLLLPHLFFCD28CC
東區,房地(土地+建物),臺南市東區東門路二段３５０號,161.0,商,,,1050711,土地2建物2車位0,見其他登記事項,4,店面(店鋪),住商用,鋼筋混凝土構造,0740603,493.28,8,1,6,有,無,無,63000,128,,0.0,0,分段式租金105/8-110/8每月租金63000元，110/9-115/8每月租金74000元，共承租兩門牌,RPQOMLMLPHLFFCD28CC
東區,房地(土地+建物),臺南市東區立德八路3巷66-4號五樓,22.81,住,,,1050707,土地1建物1車位0,五層,5,公寓(5樓含以下無電梯),住家用,鋼筋混凝土構造,0730927,102.44999999999999,3,2,2,有,無,有,7000,68,,0.0,0,,RPXOMLMLPHLFFCD98CC
永康區,建物,臺南市永康區六合路71巷18號,0.0,住,,,1050719,土地0建物1車位0,全,3,透天厝,住家用,加強磚造,0630501,171.39,5,2,3,有,無,無,18000,105,,0.0,0,,RPSNMLMLPHLFFHR67CC
永康區,建物,臺南市永康區復華一街28巷25弄16號,0.0,,,,1050630,土地0建物1車位0,全,3,透天厝,住家用,鋼筋混凝土造,0790827,160.62,5,2,2,有,無,有,15500,97,,0.0,0,,RPPNMLPLPHLFFHR67CC
永康區,建物,臺南市永康區中華西街122巷66號五樓之4,0.0,,,,1050630,土地0建物1車位0,全,5,透天厝,住家用,鋼筋混凝土造,0711231,102.36999999999999,3,2,1,有,無,有,8000,78,,0.0,0,,RPQNMLPLPHLFFHR77CC
永康區,建物,臺南市永康區復國路72號十四樓之5,0.0,,,,1050706,土地0建物1車位0,十四層,14,住宅大樓(11層含以上有電梯),住家用,鋼筋混凝土造,0960920,204.16000000000003,3,2,2,有,有,有,18000,88,,0.0,0,,RPSNMLPLPHLFFHR97CC
東區,房地(土地+建物),臺南市東區東平路252巷4號,93.0,住,,,1050701,土地1建物1車位0,全,2,透天厝,住家用,鋼筋混凝土造,0761116,125.84,4,2,3,有,無,無,17000,135,,0.0,0,,RPRNMLPLPHLFFCD58CC
東區,建物,臺南市東區林森路一段160號十樓之7,0.0,,,,1050706,土地0建物1車位0,十層,12,住宅大樓(11層含以上有電梯),住家用,鋼筋混凝土造,0790926,22.63,1,1,1,有,有,有,3000,133,,0.0,0,,RPXNMLPLPHLFFCD56CC
東區,建物,臺南市東區東門路三段293號十六樓之5,0.0,,,,1050706,土地0建物1車位0,十六層,16,住宅大樓(11層含以上有電梯),住家用,鋼筋混凝土造,0851005,118.0,3,2,2,有,有,有,15000,127,,0.0,0,,RPOOMLPLPHLFFCD38CC
南區,建物,臺南市南區興昌路71號二樓,0.0,,,,1050710,土地0建物1車位0,二層,14,住宅大樓(11層含以上有電梯),見其他登記事項,鋼筋混凝土造,1050314,158.57,3,2,2,有,有,有,22500,142,,0.0,0,,RPPOMLPLPHLFFCD48CC
北區,建物,臺南市北區北門路二段344巷3號五樓,0.0,,,,1050630,土地0建物1車位0,五層,11,住宅大樓(11層含以上有電梯),見其他登記事項,鋼筋混凝土造,0911115,129.71,4,1,2,有,有,有,12000,93,,0.0,0,,RPSNMLPLPHLFFAD48CC
北區,建物,臺南市北區大武街337巷6號,0.0,,,,1050630,土地0建物1車位0,全,2,透天厝,住家用,加強磚造,0680312,104.72,4,2,3,有,無,有,15000,143,,0.0,0,,RPTNMLPLPHLFFAD58CC
安平區,建物,臺南市安平區國平路5號,0.0,,,,1050701,土地0建物1車位0,全,5,透天厝,見其他登記事項,見其他登記事項,0950324,293.31,3,3,4,有,無,有,43000,147,,0.0,0,,RPVNMLPLPHLFFAD78CC
安平區,建物,臺南市安平區育平五街6號十七樓之7,0.0,,,,1050702,土地0建物1車位0,十七層,22,住宅大樓(11層含以上有電梯),住家用,鋼筋混凝土造,0861021,185.62,3,1,2,有,有,有,18000,97,,0.0,0,,RPWNMLPLPHLFFAD88CC
安平區,建物,臺南市安平區育平路212號十六樓之24,0.0,,,,1050706,土地0建物1車位0,十六層,17,住宅大樓(11層含以上有電梯),住家用,鋼筋混凝土造,0840729,77.59,2,1,1,有,有,有,10000,129,,0.0,0,,RPXNMLPLPHLFFAD98CC
北區,建物,臺南市北區公園路321巷11之3號,0.0,,,,1050711,土地0建物1車位0,四層,4,公寓(5樓含以下無電梯),住家用,鋼筋混凝土造,0701218,173.53,3,2,3,有,無,有,13000,75,,0.0,0,,RPROMLPLPHLFFAD48CC
安平區,建物,臺南市安平區育平路212號十六樓之27,0.0,住,,,1050723,土地0建物1車位0,十六層,17,住宅大樓(11層含以上有電梯),住家用,鋼筋混凝土造,0840729,47.91,1,1,1,有,有,有,7500,157,,0.0,0,,RPSNMLQLPHLFFAD58CC
北區,建物,臺南市北區開元路507號五樓之3,0.0,商,,,1050724,土地0建物1車位0,五層,24,住宅大樓(11層含以上有電梯),見其他登記事項,見其他登記事項,1041105,79.73,2,1,1,有,有,有,14500,182,,0.0,0,,RPUNMLQLPHLFFAD78CC
北區,建物,臺南市北區臨安路二段２４９巷１０號之１,0.0,住,,,1050710,土地0建物1車位0,二層,5,公寓(5樓含以下無電梯),住家用,鋼筋混凝土造,0701223,103.86,3,2,2,有,無,無,11000,106,,0.0,0,,RPWNMLQLPHLFFAD98CC
中西區,房地(土地+建物),臺南市中西區赤崁東街46號,34.2,商,,,1050721,土地1建物1車位0,一層,3,店面(店鋪),見其他登記事項,見其他登記事項,1050421,34.2,0,0,0,無,無,無,15000,439,,0.0,0,,RPPOMLQLPHLFFAD38CC
中西區,土地,五條港段987地號,69.57,商,,,1050702,土地3建物0車位0,,,其他,,,,0.0,0,0,0,有,無,無,21000,302,,0.0,0,,RPQOMLQLPHLFFAD48CC
永康區,土地,六合段860地號,0.0,住,,,1050719,土地1建物0車位0,,,其他,,,,0.0,0,0,0,有,無,有,9000,0,,0.0,0,,RPQNMLQLPHLFFHR87CC
永康區,土地,鹽中段308地號,0.0,住,,,1050715,土地1建物0車位0,,,其他,,,,0.0,0,0,0,有,無,無,10000,0,,0.0,0,,RPSNMLQLPHLFFHR08CC
善化區,房地(土地+建物),臺南市善化區民權路283號,166.13,住,,,1050714,土地1建物1車位0,全,1,透天厝,商業用,加強磚造,0690201,78.85,3,2,2,有,無,有,15000,190,,0.0,0,,RPPNMLQLPHLFFER47CC
北區,房地(土地+建物),臺南市北區開元路501號5樓之7,0.0,住,,,1050713,土地1建物1車位0,五層,24,住宅大樓(11層含以上有電梯),見其他登記事項,見其他登記事項,1041105,48.17,2,1,1,有,無,有,15000,311,,0.0,0,,RPWNMLSLPHLFFAD56CC
北區,土地,仁愛段620地號,687.0,商,,,1050728,土地2建物0車位0,,,其他,,,,0.0,0,0,0,有,無,無,55000,80,,0.0,0,,RPRNMLTLPHLFFAD78CC
北區,房地(土地+建物),臺南市北區和緯路2段300.302.306.308號,843.02,住,,,1050729,土地1建物4車位0,一層,1,店面(店鋪),見其他登記事項,見其他登記事項,1050504,466.24,0,0,0,無,無,無,200000,429,,0.0,0,,RPTOMLTLPHLFFAD09CC
北區,房地(土地+建物)+車位,臺南市北區開元路５１９號１３樓之１,11.13,商,,,1050702,土地2建物1車位1,十三層,24,住宅大樓(11層含以上有電梯),見其他登記事項,見其他登記事項,1041105,160.86,3,2,2,有,有,有,27000,168,坡道機械,32.55,0,,RPVOMLTLPHLFFAD66CC
永康區,建物,臺南市永康區復國一路159巷10號,0.0,住,,,1050727,土地0建物1車位0,全,3,透天厝,住家用,鋼筋混凝土造,0740307,19.83,1,0,1,有,無,有,6000,303,,0.0,0,1.合約書無填具土地租賃面積.2.由所有權人提供出租資訊3.此為透天分租物件實際租賃單位為3F前套房,RPQNMLTLPHLFFHR18CC
東區,房地(土地+建物),臺南市東區裕農路389巷1弄1號3樓,42.84,住,,,1050718,土地1建物1車位0,三層,5,公寓(5樓含以下無電梯),住家用,鋼筋混凝土造,0760327,142.25,1,1,2,有,無,有,9000,63,,0.0,0,,RPVPMLTLPHLFFCD07DC
安平區,房地(土地+建物),臺南市安平區國平路599號8樓之14,4.43,住,,,1050730,土地1建物1車位0,十四層,21,套房(1房1廳1衛),商業用,鋼筋混凝土造,0831222,33.89,1,1,1,有,無,有,8000,236,,0.0,0,,RPPNMLLMPHLFFAD87CC
