﻿編號,土地位置,土地移轉面積(平方公尺),使用分區或編定,權利人持分分母,權利人持分分子,移轉情形,地號
The serial number, land position,land shifting area square meter,the use zoning or compiles and checks,,,,land parcel
RPOOMLMJNHLFFAE57CC,大成段,32.80,都市：住,,,,01670000
RPUNMLMJNHLFFBE18CC,五權段,11.80,都市：住,,,,03710000
RPQNMLMJNHLFFDE97CC,建豐段,58.00,都市：住,,,,00910000
RPWNMLMJNHLFFIE09CC,金鼎段,82.38,都市：住,,,,05430000
RPUNMLMJNHLFFEE48CC,新庄段十三小段,8.02,都市：商,,,,14450000
RPTNMLMJNHLFFGE58CC,頂新段,12.18,都市：商,,,,00310000
RPXOMLMJNHLFFGE09CC,竹子腳段,.00,都市：住,,,,00500174
RPUNMLNJNHLFFDE48CC,陽明段二小段,266.00,都市：住,,,,00730000
RPWOMLNJNHLFFGE56DC,新甲段,13.22,都市：住,,,,10310006
RPVPMLNJNHLFFEE88CC,和平段四小段,.00,非都市： ; 非都市編定：,,,,01070000
RPVOMLNJNHLFFEE78CC,左北段,121.00,都市：住,,,,15640000
RPQOMLNJNHLFFDE18CC,覆鼎金段覆鼎金小段,.00,都市：住,,,,11320002
RPVNMLNJNHLFFDE58CC,灣和段,.00,都市：住,,,,00200000
RPWOMLNJNHLFFBE58CC,過田子段,35.73,都市：住,,,,08790000
RPQNMLNJNHLFFDE08CC,灣內段,29.23,都市：工,,,,04690000
RPVOMLNJNHLFFBE48CC,大統段二小段,.00,都市：商,,,,02780000
RPSOMLOJNHLFFBE28CC,新興段一小段,8.31,都市：商,,,,04310000
RPSOMLOJNHLFFBE28CC,新興段一小段,8.49,都市：商,,,,04310001
RPROMLOJNHLFFBE18CC,新興段二小段,239.00,都市：商,,,,09180001
RPUNMLOJNHLFFBE38CC,大港埔段,7.19,都市：商,,,,05600000
RPPNMLOJNHLFFDE08CC,獅頭段,8.05,都市：商,,,,22170000
RPSNMLOJNHLFFEE48CC,芎蕉段,16.95,都市：商,,,,00150000
RPXNMLOJNHLFFEE98CC,新庄段十一小段,99.97,都市：住,,,,14960009
RPWNMLOJNHLFFEE88CC,芎蕉段,17.37,都市：商,,,,01090000
RPRNMLOJNHLFFGE58CC,華鳳段,26.67,都市：住,,,,00970000
RPRNMLOJNHLFFIE78CC,松埔段,40.99,非都市：鄉村區 ; 非都市編定：乙種建築用地,,,,06450000
RPTOMLOJNHLFFGE88CC,文山段,17.64,都市：住,,,,05860000
RPOOMLOJNHLFFEE18CC,芎蕉段,17.64,都市：商,,,,00150000
RPVPMLOJNHLFFEE98CC,高昌段,210.26,都市：住,,,,01580000
RPQNMLOJNHLFFFE38CC,岡山段,12.95,都市：住,,,,06360067
RPUNMLOJNHLFFFE78CC,介壽段,163.00,都市：住,,,,19470000
RPUNMLOJNHLFFFE78CC,介壽段,171.00,都市：住,,,,19480000
RPOOMLPJNHLFFCE08CC,港和段二小段,132.23,都市：住,,,,00260000
RPWNMLPJNHLFFDE88CC,獅頭段一小段,25.44,都市：住,,,,19110000
RPQNMLOJNHLFFDE18CC,獅頭段,28.98,都市：住,,,,26020000
RPUNMLOJNHLFFDE58CC,鼎泰段,15.96,都市：住,,,,14740000
RPTNMLQJNHLFFDE68CC,鼎中段,208.64,都市：住,,,,00720000
RPVNMLQJNHLFFDE88CC,鼎泰段,9.56,都市：住,,,,14470000
RPPNMLQJNHLFFFE48CC,茄苳坑段,130.00,非都市：鄉村區 ; 非都市編定：乙種建築用地,,,,04650000
RPSNMLQJNHLFFAE28CC,鹽府段,20.00,都市：其他:,,,,01410000
RPSNMLQJNHLFFAE28CC,鹽府段,80.00,都市：其他:,,,,01420000
RPRNMLQJNHLFFAE18CC,龍華段二小段,92.00,都市：住,,,,09170001
RPPNMLPJNHLFFAE87CC,前金段,.00,都市：商,,,,00960011
RPROMLPJNHLFFAE18CC,前峰段,21.51,都市：住,,,,01830000
RPROMLPJNHLFFAE18CC,前峰段,.01,都市：其他:道路用地,,,,01830001
RPROMLPJNHLFFAE18CC,前峰段,.01,都市：其他:國宅用地,,,,01830002
RPROMLPJNHLFFAE18CC,前峰段,.02,都市：其他:道路用地,,,,01830003
RPROMLPJNHLFFAE18CC,前峰段,.00,都市：其他:道路用地,,,,01830004
RPQNMLTJNHLFFDE68CC,大港段二小段,54.00,都市：住,,,,15740013
RPQNMLRJNHLFFBE28CC,意誠段,.00,都市：商,,,,01990000
RPVNMLTJNHLFFDE56CC,澄東段,181.91,都市：住,,,,00710018
RPQNMLTJNHLFFAE38CC,青海段,7.61,都市：商,,,,02090001
RPRNMLSJNHLFFBE48CC,林德官段,10.62,都市：商,,,,11970001
RPTNMLTJNHLFFCE88CC,瑞崗段二小段,43.00,都市：住,,,,05440000
RPSNMLTJNHLFFCE78CC,二苓段,108.00,都市：住,,,,11970001
RPWNMLTJNHLFFBE09CC,新興段一小段,.00,都市：商,,,,17560000
RPTNMLTJNHLFFBE78CC,過田子段,52.00,都市：商,,,,11250006
RPTNMLTJNHLFFBE78CC,過田子段,52.00,都市：商,,,,11250005
RPUNMLTJNHLFFBE88CC,大統段一小段,11.72,都市：商,,,,02040000
RPRNMLTJNHLFFIE66CC,大埤段,16.73,都市：住,,,,00310000
RPQPMLTJNHLFFGE56CC,文英段,7.27,都市：住,,,,21420003
RPQPMLTJNHLFFGE56CC,文英段,.18,都市：住,,,,03350000
RPQPMLTJNHLFFGE56CC,文英段,.94,都市：住,,,,03390000
RPVNMLTJNHLFFGE86CC,七老爺段,35.30,都市：住,,,,12440018
RPWPMLKKNHLFFEE78CC,福山段,.00,都市：商,,,,05390000
RPPPMLTJNHLFFGE09CC,文山段,14.16,都市：住,,,,08970000
RPSNMLKKNHLFFAE77CC,青海段,.00,都市：住,,,,06150000
RPOQMLKKNHLFFCE87CC,憲德段一小段,20.79,都市：商,,,,08130000
RPROMLKKNHLFFAE77CC,東金段,57.00,都市：商,,,,17660000
RPQOMLKKNHLFFBE77CC,意誠段,.00,都市：商,,,,01990000
RPRNMLKKNHLFFDE97CC,大豐段二小段,35.95,都市：住,,,,03150000
RPPOMLKKNHLFFBE67CC,過田子段,63.25,都市：商,,,,11840000
RPQNMLLKNHLFFBE77CC,苓洲段,.00,都市：商,,,,02630000
RPUNMLLKNHLFFBE18CC,意誠段,.00,都市：商,,,,01990000
RPROMLKKNHLFFBE87CC,苓東段,.00,都市：商,,,,02760000
RPQOMLLKNHLFFDE08CC,義民段,60.11,都市：商,,,,08430000
RPRNMLLKNHLFFAE77CC,龍華段八小段,.00,都市：商,,,,21920000
RPQNMLLKNHLFFAE67CC,龍華段八小段,.00,都市：商,,,,21920000
RPPNMLLKNHLFFAE57CC,後金段,64.00,都市：商,,,,01140000
RPWNMLLKNHLFFBE38CC,意誠段,.00,都市：商,,,,01860000
RPWNMLLKNHLFFAE28CC,文東段,2.73,都市：商,,,,06520000
RPWNMLLKNHLFFAE28CC,文東段,3.80,都市：商,,,,06530000
RPWOMLLKNHLFFDE68CC,中華段二小段,.00,都市：商,,,,14670000
RPQOMLLKNHLFFCE97CC,盛興段,64.00,都市：住,,,,06290000
RPVNMLLKNHLFFGE78CC,七老爺段一甲小段,97.00,都市：其他:,,,,13730005
RPPNMLMKNHLFFEE08CC,和平段四小段,.00,非都市： ; 非都市編定：,,,,01070000
RPOOMLLKNHLFFGE18CC,牛潮埔段,82.00,都市：其他:,,,,11790001
RPXNMLMKNHLFFEE88CC,清楠段,91.04,都市：住,,,,02100000
RPWNMLMKNHLFFCE58CC,獅甲段,8.41,都市：住,,,,01600001
RPWNMLMKNHLFFCE58CC,獅甲段,9.14,都市：商,,,,01580001
RPTOMLMKNHLFFGE78CC,文英段,29.31,都市：住,,,,21310000
RPROMLMKNHLFFAE97CC,文東段,5.41,都市：住,,,,16130000
RPWNMLMKNHLFFDE68CC,大港段二小段,.00,都市：商,,,,17470000
RPQNMLNKNHLFFBE97CC,成功段,.00,都市：商,,,,02990000
RPUNMLNKNHLFFBE38CC,正德段,.00,都市：住,,,,04470000
RPSNMLNKNHLFFBE18CC,五塊厝段,.00,都市：住,,,,18360000
RPSNMLNKNHLFFBE18CC,五塊厝段,.00,都市：商,,,,18360001
RPRNMLNKNHLFFBE08CC,林德官段,54.11,都市：商,,,,13480000
RPXNMLMKNHLFFBE58CC,新興段一小段,.00,都市：商,,,,10270000
RPRNMLMKNHLFFBE97CC,五權段,93.50,都市：住,,,,00490000
RPQOMLNKNHLFFBE08CC,林德官段一小段,.00,都市：住,,,,26990007
RPOOMLNKNHLFFBE87CC,林德官段,8.61,都市：商,,,,13680000
RPUNMLNKNHLFFDE58CC,獅頭段一小段,.00,都市：商,,,,14530000
RPQOMLNKNHLFFDE28CC,大港段二小段,.00,都市：商,,,,17970006
RPSNMLNKNHLFFIE88CC,大華段,139.00,都市：住,,,,00580003
RPSNMLNKNHLFFIE88CC,大華段,15.00,都市：住,,,,00580000
RPVNMLNKNHLFFCE58CC,盛興段,9.05,都市：住,,,,15500000
RPVPMLNKNHLFFGE56CC,五甲段,31.64,都市：住,,,,04560004
RPXPMLNKNHLFFGE76CC,福誠段,22.90,都市：住,,,,00190000
RPSNMLOKNHLFFGE78CC,文英段,11.31,都市：住,,,,21420003
RPSNMLOKNHLFFAE18CC,興福段,13.21,都市：商,,,,05660000
RPVNMLQJNHLFFBE68CC,新興段四小段,62.00,都市：商,,,,14500000
RPUOMLOJNHLFFBE48CC,林德官段,7.14,都市：商,,,,13280000
RPPNMLRJNHLFFBE18CC,成功段,86.00,都市：商,,,,00080000
RPRNMLPJNHLFFBE18CC,成功段,.00,都市：商,,,,02990000
RPQNMLOKNHLFFBE08CC,過田子段,.00,非都市： ; 非都市編定：,,,,10000000
RPWNMLQKNHLFFBE88CC,成功段,.00,都市：商,,,,07030000
RPUNMLQKNHLFFDE88CC,獅頭段一小段,120.00,都市：住,,,,19000016
RPTOMLNKNHLFFEE68CC,?後段,35.55,都市：住,,,,00190003
RPUPMLQKNHLFFEE56CC,新光段,607.57,都市：住,,,,01000000
RPQNMLOKNHLFFEE38CC,新庄段十二小段,14.51,都市：商,,,,12040000
RPVNMLNKNHLFFEE78CC,新福段七小段,15.15,都市：住,,,,00050000
RPVNMLNKNHLFFEE78CC,新福段七小段,15.20,都市：住,,,,00050000
RPOOMLQKNHLFFGE68CC,大貝湖段,.00,非都市： ; 非都市編定：,,,,01300000
RPPNMLQKNHLFFGE68CC,文英段,6.00,都市：住,,,,15710012
RPPNMLQKNHLFFGE68CC,文英段,73.00,都市：住,,,,15590001
RPVOMLQKNHLFFGE76CC,頂庄段,75.37,都市：住,,,,07470000
RPUNMLQKNHLFFIE76CC,仁雄段,196.24,都市：住,,,,03390000
RPUNMLQKNHLFFIE76CC,仁雄段,192.94,都市：住,,,,03390002
RPUNMLQKNHLFFIE76CC,仁雄段,192.83,都市：住,,,,03390001
RPPPMLRKNHLFFDE78DC,獅頭段一小段,.00,都市：商,,,,20410001
RPPRMLRKNHLFFGE56CC,鳳甲段,22.07,都市：其他:,,,,00520000
RPTOMLRKNHLFFDE98CC,澄東段,158.07,都市：住,,,,00990004
RPUNMLSKNHLFFDE09CC,大港段一小段,45.00,都市：住,,,,00800067
RPSOMLQKNHLFFDE78CC,獅頭段,30.20,都市：住,,,,20750000
RPQNMLSKNHLFFDE68CC,覆鼎金段覆鼎金小段,7.56,都市：商,,,,10780000
RPWNMLQKNHLFFDE09CC,大港段二小段,237.00,都市：住,,,,14660000
RPWNMLQKNHLFFDE09CC,大港段二小段,22.00,都市：其他:道路用地,,,,14660001
RPPOMLQKNHLFFDE48CC,獅頭段,87.00,都市：商,,,,23340017
RPVNMLSKNHLFFDE56CC,獅頭段,64.00,都市：住,,,,24230006
RPWNMLSKNHLFFDE66CC,大裕段一小段,67.00,都市：住,,,,01760005
RPTNMLRKNHLFFJE86CC,文北段,78.85,都市：住,,,,02830005
RPOPMLSKNHLFFGE98CC,新庄子段,67.13,都市：住,,,,01320037
RPQPMLSKNHLFFGE56CC,文英段,77.00,都市：住,,,,16870001
RPPOMLSKNHLFFEE78CC,清豐段,178.29,都市：住,,,,02450027
RPQPMLSKNHLFFAE58CC,文東段,6.53,都市：商,,,,16130000
RPXOMLQKNHLFFAE98CC,龍華段一小段,2995.00,都市：住,,,,05200000
RPUOMLQKNHLFFAE68CC,青海段,.00,都市：商,,,,02140001
RPVPMLSKNHLFFAE09CC,龍中段,1250.08,都市：住,,,,01770000
RPPPMLSKNHLFFEE88CC,新庄段六小段,78.00,都市：住,,,,00350000
RPTPMLSKNHLFFAE88CC,青海段,108.04,都市：住,,,,05160000
RPROMLSKNHLFFEE98CC,新庄段十三小段,6.70,都市：商,,,,14450000
RPROMLSKNHLFFEE98CC,新庄段十三小段,8.67,都市：商,,,,14450000
RPROMLSKNHLFFBE68CC,林興段,70.00,都市：商,,,,11820000
RPTOMLSKNHLFFBE88CC,苓洲段,3.64,都市：商,,,,17660000
RPTOMLSKNHLFFBE88CC,苓洲段,2.93,都市：商,,,,17600000
RPTOMLSKNHLFFBE88CC,苓洲段,4.27,都市：商,,,,17610000
RPTOMLSKNHLFFBE88CC,苓洲段,12.83,都市：商,,,,17670000
RPTOMLSKNHLFFBE88CC,苓洲段,1.50,都市：商,,,,17680000
RPROMLQKNHLFFBE48CC,林德官段一小段,10.04,都市：住,,,,24420000
RPROMLQKNHLFFBE48CC,林德官段一小段,5.61,都市：住,,,,24420002
RPROMLQKNHLFFBE48CC,林德官段一小段,4.43,都市：商,,,,24420003
RPROMLQKNHLFFBE48CC,林德官段一小段,5.52,都市：商,,,,24420004
RPQOMLSKNHLFFBE58CC,意誠段,.00,都市：住,,,,05030000
RPRNMLTKNHLFFEE98CC,新庄段六小段,23.45,都市：住,,,,12010000
RPXNMLTKNHLFFGE17CC,道爺?段,.00,非都市： ; 非都市編定：,,,,10930099
RPUOMLTKNHLFFEE76CC,和平段五小段,11.58,都市：住,,,,02690000
RPXNMLTKNHLFFAE56CC,龍中段,22.78,都市：商,,,,00280001
RPQNMLTKNHLFFAE48CC,龍中段,671.99,都市：商,,,,00730000
RPVNMLKLNHLFFAE18CC,龍中段,.00,都市：住,,,,01730002
RPVNMLKLNHLFFBE28CC,新興段四小段,48.00,都市：商,,,,04290000
RPVNMLKLNHLFFBE28CC,新興段四小段,9.50,都市：商,,,,04280000
RPTOMLKLNHLFFDE38CC,獅頭段,16.39,都市：住,,,,26560000
RPWOMLKLNHLFFGE98CC,青年段,138.81,都市：住,,,,00020010
RPUNMLKLNHLFFEE48CC,新庄段五小段,19.84,都市：住,,,,10980000
RPPNMLLLNHLFFBE77CC,意誠段,.00,都市：商,,,,02000000
RPXNMLNLNHLFFDE98CC,河濱段,32.00,都市：商,,,,02240000
RPXNMLNLNHLFFDE98CC,河濱段,14.00,都市：住,,,,02240001
RPQNMLLLNHLFFBE87CC,意誠段,.00,都市：商,,,,01990000
RPPOMLNLNHLFFDE28CC,義民段,15.79,都市：住,,,,11190000
RPRNMLLLNHLFFBE97CC,意誠段,.00,都市：商,,,,07630000
RPSNMLNLNHLFFAE18CC,內惟段八小段,30.31,都市：其他:,,,,04210000
RPQNMLNLNHLFFEE38CC,新庄段十三小段,16.78,都市：住,,,,12870000
RPUNMLNLNHLFFIE56CC,大安段,53.00,都市：住,,,,09940000
RPUNMLNLNHLFFIE56CC,大安段,208.00,都市：住,,,,09920001
RPSOMLNLNHLFFEE68CC,楠都段一小段,297.00,都市：商,,,,01550000
RPOPMLSKNHLFFCE58CC,憲德段,47.00,都市：住,,,,03000000
RPROMLSKNHLFFCE78CC,憲德段一小段,5.21,都市：住,,,,08040000
RPROMLSKNHLFFCE78CC,憲德段一小段,1.75,都市：住,,,,08040001
RPOOMLSKNHLFFCE48CC,店鎮段一小段,13.90,都市：住,,,,15590000
RPOOMLSKNHLFFCE48CC,店鎮段一小段,18.80,都市：住,,,,15600000
RPOOMLSKNHLFFCE48CC,店鎮段一小段,19.27,都市：住,,,,15580000
RPRNMLNLNHLFFGE68CC,華鳳段,27.10,都市：住,,,,00970000
RPWOMLNLNHLFFGE66CC,文福段,26.26,都市：住,,,,00090000
RPQOMLNLNHLFFGE68CC,新甲段,77.00,都市：住,,,,13220017
RPRPMLNLNHLFFGE88CC,赤山段,.00,非都市： ; 非都市編定：,,,,07280000
RPTNMLOLNHLFFEE78CC,福山段,1170.55,都市：住,,,,05640000
RPVNMLOLNHLFFEE98CC,楠梓段二小段,80.00,都市：住,,,,05440000
RPQOMLOLNHLFFGE78CC,鳳甲段,.00,都市：住,,,,02330000
RPXNMLOLNHLFFIE96CC,仁德段,67.00,都市：住,,,,09200008
RPPOMLOLNHLFFIE88CC,仁新段,265.00,都市：農,,,,14730000
RPQOMLOLNHLFFIE98CC,仁雄段,297.00,都市：住,,,,02120000
RPQNMLOLNHLFFDE38CC,大港段三小段,81.00,都市：住,,,,07170004
RPROMLOLNHLFFDE58CC,大港段四小段,13.49,都市：商,,,,32500000
RPPNMLOLNHLFFBE08CC,苓洲段,26.20,都市：商,,,,18300000
RPVNMLOLNHLFFBE68CC,過田子段,.00,都市：商,,,,11360000
RPVNMLPLNHLFFAE68CC,龍中段,8.08,都市：商,,,,00150000
RPWNMLPLNHLFFAE78CC,文東段,.00,都市：商,,,,15500000
RPWNMLNLNHLFFCE78CC,憲德段二小段,19.97,都市：商,,,,00160000
RPOQMLSKNHLFFCE68CC,店子後段,32.80,都市：商,,,,11040000
RPSNMLNLNHLFFCE38CC,鎮昌段一小段,.00,都市：住,,,,12970000
RPXNMLTKNHLFFCE76CC,憲德段一小段,8.57,都市：住,,,,08040000
RPXNMLTKNHLFFCE76CC,憲德段一小段,2.87,都市：住,,,,08040001
RPQOMLKLNHLFFCE97CC,草衙段一小段,.00,都市：商,,,,06040000
RPWNMLPLNHLFFGE76CC,七老爺段一甲小段,20.79,都市：住,,,,14900053
RPXNMLPLNHLFFGE86CC,七老爺段一甲小段,20.79,都市：住,,,,14900053
RPVNMLQLNHLFFCE98CC,愛群段,.00,都市：商,,,,24590000
RPOOMLPLNHLFFGE68CC,七老爺段一甲小段,20.79,都市：住,,,,14900053
RPROMLQLNHLFFFE98CC,橋中段,106.78,都市：其他:,,,,01210000
RPSNMLPLNHLFFEE78CC,新光段,.00,都市：商,,,,02430000
RPTQMLOLNHLFFEE09CC,福民段,14.76,都市：住,,,,01600000
RPSOMLOLNHLFFEE78CC,新庄段十三小段,7.43,都市：商,,,,14900000
RPXQMLOLNHLFFEE86CC,菜公段一小段,60.00,都市：住,,,,02080071
RPXNMLPLNHLFFEE66CC,新庄段五小段,1.01,都市：住,,,,07170001
RPOPMLPLNHLFFEE58CC,新庄段十三小段,59.79,都市：商,,,,14290000
RPVNMLQLNHLFFDE09CC,灣華段,.00,都市：住,,,,05610000
RPOOMLQLNHLFFDE48CC,大港段四小段,.00,都市：商,,,,28290019
RPXNMLQLNHLFFDE66CC,獅頭段,28.00,都市：商,,,,22560000
RPUNMLRLNHLFFBE88CC,五塊厝段,22.19,都市：商,,,,16090000
RPTNMLQLNHLFFBE68CC,林德官段,3.97,都市：商,,,,11430000
RPSNMLQLNHLFFBE58CC,苓洲段,4.35,都市：商,,,,06090000
RPVOMLQLNHLFFBE98CC,大統段二小段,152.00,都市：商,,,,11330000
RPVOMLQLNHLFFBE98CC,大統段二小段,3.00,都市：其他:,,,,11330001
RPRNMLRLNHLFFBE58CC,大統段一小段,.00,都市：商,,,,10850000
RPRNMLRLNHLFFBE58CC,大統段一小段,.00,都市：商,,,,10860000
RPUNMLPLNHLFFBE68CC,新興段二小段,36.54,都市：商,,,,08960000
RPPNMLRLNHLFFBE38CC,新興段一小段,7.94,都市：商,,,,20240000
RPOOMLRLNHLFFBE38CC,大統段二小段,56.00,都市：商,,,,09330000
RPPOMLRLNHLFFDE68CC,大港段七小段,2.50,都市：商,,,,06660001
RPQNMLRLNHLFFAE48DC,龍中段,1194.44,都市：商,,,,00310000
RPUNMLRLNHLFFIE96CC,大安段,38.00,都市：住,,,,09200001
RPXNMLRLNHLFFCE66CC,愛群段,12.01,都市：住,,,,17770000
RPVQMLRLNHLFFGE17CC,七老爺段一甲小段,816.00,都市：住,,,,10950009
RPPNMLSLNHLFFDE68CC,大港段,8.16,都市：商,,,,35650000
RPQNMLSLNHLFFBE58CC,意誠段,.00,都市：商,,,,01990000
RPQNMLKMNHLFFAE77CC,龍華段二小段,.00,都市：住,,,,01960004
RPTNMLKMNHLFFAE08CC,龍華段八小段,11.67,都市：商,,,,22870000
RPTNMLSLNHLFFAE78CC,博孝段,.00,都市：商,,,,05360000
RPSNMLSLNHLFFAE68CC,文東段,.00,非都市： ; 非都市編定：,,,,13790000
RPSNMLSLNHLFFAE68CC,文東段,.00,非都市： ; 非都市編定：,,,,13800000
RPRNMLSLNHLFFAE58CC,龍中段,.00,都市：商,,,,01480000
RPOOMLKMNHLFFAE67CC,鹽國段,154.00,都市：商,,,,04240000
RPQPMLPLNHLFFAE38CC,龍華段八小段,.00,都市：商,,,,23830000
RPSNMLKMNHLFFAE97CC,青海段,8.00,都市：商,,,,01010000
RPXOMLQLNHLFFAE09CC,青海段,6.29,都市：住,,,,04560000
RPROMLQLNHLFFAE48CC,文東段,.00,非都市： ; 非都市編定：,,,,15500000
RPXOMLKMNHLFFGE56CC,頂新段,101.88,都市：住,,,,00280003
RPWOMLKMNHLFFGE09CC,頂新段,101.88,都市：住,,,,00280003
RPQOMLKMNHLFFEE28CC,新庄段三小段,.00,非都市： ; 非都市編定：,,,,03830000
RPRNMLLMNHLFFCE18CC,憲德段二小段,12.20,都市：商,,,,00260002
RPQNMLLMNHLFFAE87CC,龍華段八小段,20.61,都市：住,,,,23580000
RPVNMLLMNHLFFAE38CC,龍華段一小段,.00,都市：住,,,,07810002
RPWNMLLMNHLFFAE48CC,文東段,67.00,都市：商,,,,05630000
RPWNMLLMNHLFFAE48CC,文東段,64.00,都市：商,,,,05640000
RPWNMLLMNHLFFAE48CC,文東段,65.00,都市：商,,,,05650000
RPWNMLLMNHLFFAE48CC,文東段,58.00,都市：商,,,,05770005
RPWNMLLMNHLFFAE48CC,文東段,19.00,都市：商,,,,05790000
RPWNMLLMNHLFFAE48CC,文東段,35.00,都市：商,,,,05800000
RPWNMLLMNHLFFAE48CC,文東段,70.00,都市：商,,,,05810000
RPWNMLLMNHLFFAE48CC,文東段,30.00,都市：商,,,,05810001
RPWNMLLMNHLFFAE48CC,文東段,79.00,都市：商,,,,05810002
RPWNMLLMNHLFFAE48CC,文東段,41.00,都市：商,,,,05810003
RPWNMLLMNHLFFAE48CC,文東段,43.00,都市：商,,,,05810004
RPWNMLLMNHLFFAE48CC,文東段,47.00,都市：商,,,,05810005
RPWNMLLMNHLFFAE48CC,文東段,57.00,都市：商,,,,05810006
RPWNMLLMNHLFFAE48CC,文東段,77.00,都市：商,,,,05820000
RPWNMLLMNHLFFAE48CC,文東段,68.00,都市：商,,,,05830000
RPOOMLKMNHLFFEE08CC,新庄段七小段,.00,都市：住,,,,02220000
RPTNMLLMNHLFFDE48CC,大港段五小段,77.00,都市：商,,,,08450000
RPUNMLLMNHLFFDE58CC,大港段三小段,62.41,都市：商,,,,07880001
RPUNMLLMNHLFFDE58CC,大港段三小段,5.87,都市：其他:,,,,07880006
RPROMLLJOHLFFAE87CC,北金段,6.91,都市：商,,,,02550000
RPPNMLKMNHLFFJE58CC,大同段,661.15,都市：住,,,,10950000
RPWNMLLJOHLFFAE28CC,前金段,.00,都市：商,,,,00520008
RPUNMLLMNHLFFAE28CC,內惟段三小段,88.00,都市：住,,,,01860005
RPTOMLLJOHLFFAE08CC,興福段,1.83,都市：商,,,,00050000
RPSOMLLJOHLFFAE97CC,前金段,7.04,都市：商,,,,00470000
RPTNMLLJOHLFFBE08CC,林德官段,7.74,都市：商,,,,13680000
RPTNMLLJOHLFFBE08CC,林德官段,3.70,都市：商,,,,13680001
RPXNMLLJOHLFFBE48CC,大統段一小段,.00,都市：商,,,,00060000
RPOOMLLJOHLFFBE67CC,過田子段,.00,都市：商,,,,11360000
RPPOMLLJOHLFFBE77CC,大統段一小段,.00,都市：商,,,,00060000
RPUOMLLJOHLFFAE18CC,前金段,.00,都市：商,,,,00650000
RPQQMLLJOHLFFEE38CC,楠園段,73.02,都市：住,,,,00030004
RPOQMLLJOHLFFEE18CC,新庄段三小段,.00,都市：住,,,,11840000
RPRQMLLJOHLFFEE48CC,福山段,8.09,都市：商,,,,03170000
RPRNMLLJOHLFFBE87CC,新興段二小段,8.96,都市：商,,,,12760000
RPWNMLLJOHLFFIE09CC,松埔段,335.87,都市：農,,,,11660000
RPQPMLMJOHLFFDE28CC,大港段三小段,164.00,都市：商,,,,08130022
RPRPMLMJOHLFFDE38CC,大港段七小段,.00,都市：商,,,,04440006
RPPPMLNJOHLFFAE97CC,青海段,118.10,都市：商,,,,01890003
RPQPMLNJOHLFFAE08CC,龍華段二小段,.00,都市：住,,,,01180000
RPOOMLMJOHLFFGE28CC,青年段,138.81,都市：住,,,,00020010
RPOPMLLMNHLFFGE48CC,新庄子段,21.17,都市：住,,,,01280003
RPPOMLMJOHLFFGE38CC,竹子腳段,66.00,都市：住,,,,02860080
RPOOMLLJOHLFFGE18CC,赤山段,10.38,都市：住,,,,07280000
RPOOMLNJOHLFFGE38CC,鳳青段,110.63,都市：住,,,,02520001
RPROMLNJOHLFFEE48CC,加昌段一小段,71.00,都市：住,,,,18640000
RPPNMLNJOHLFFFE28CC,介壽段,24.00,都市：住,,,,03490000
RPSNMLOJOHLFFFE68CC,富貴段,104.00,都市：住,,,,01190017
RPQOMLMJOHLFFBE97CC,正明段,.00,都市：住,,,,04540000
RPQOMLOJOHLFFGE68CC,五甲段,62.00,都市：住,,,,10360024
RPVNMLNJOHLFFBE48CC,林聖段,81.00,都市：住,,,,03210000
RPWNMLMJOHLFFBE48CC,苓東段,11.12,都市：商,,,,01280000
RPWNMLMJOHLFFBE48CC,苓東段,21.04,都市：商,,,,01290000
RPSNMLMJOHLFFBE08CC,新興段四小段,.00,都市：商,,,,16770000
RPSNMLMJOHLFFBE08CC,新興段四小段,.00,都市：商,,,,16780000
RPROMLMJOHLFFBE08CC,林德官段,40.36,都市：商,,,,13320007
RPROMLMJOHLFFBE08CC,林德官段,14.00,都市：商,,,,13320008
RPROMLMJOHLFFBE08CC,林德官段,14.54,都市：商,,,,13320003
RPOOMLOJOHLFFFE38CC,仕隆段,.00,都市：住,,,,15020000
RPQOMLLJOHLFFBE87CC,大統段二小段,20.52,都市：商,,,,11880000
RPTNMLOJOHLFFBE38CC,意誠段,.00,都市：商,,,,00470000
RPUNMLOJOHLFFBE48CC,意誠段,.00,都市：商,,,,00470000
RPPNMLQJOHLFFDE38CC,鼎中段,13.02,都市：商,,,,04070000
RPRNMLQJOHLFFDE58CC,灣和段,.00,都市：住,,,,00730000
RPQNMLQJOHLFFDE48CC,中都段四小段,55.00,都市：住,,,,01000030
RPTNMLQJOHLFFCE68CC,宏明段,114.13,都市：住,,,,05010002
RPROMLQJOHLFFCE58CC,桂林段,991.00,都市：其他:體育場用地,,,,00070000
RPXNMLRJOHLFFCE56CC,?莊段,76.00,都市：住,,,,07190063
RPPOMLQJOHLFFGE78CC,大貝湖段,30.83,都市：住,,,,01330000
RPSNMLRJOHLFFIE66CC,大華段,107.00,都市：住,,,,05000023
RPSNMLRJOHLFFIE66CC,大華段,10.69,都市：住,,,,05000013
RPOOMLRJOHLFFFE68CC,大公段,880.00,都市：商,,,,05210000
RPOOMLRJOHLFFFE68CC,大公段,779.00,都市：商,,,,05220000
RPOOMLRJOHLFFFE68CC,大公段,99.00,都市：商,,,,06430000
RPOOMLRJOHLFFFE68CC,大公段,12.00,都市：商,,,,06490000
RPOOMLRJOHLFFFE68CC,大公段,35.00,都市：商,,,,06490002
RPOOMLRJOHLFFGE78CC,赤山段,.00,都市：住,,,,03550000
RPSOMLRJOHLFFFE09CC,富貴段,104.00,都市：住,,,,01190017
RPTNMLRJOHLFFEE98CC,清豐段,84.00,都市：住,,,,01940126
RPQNMLRJOHLFFDE58CC,灣中段,46.16,都市：商,,,,05290000
RPQNMLRJOHLFFDE58CC,灣中段,22.98,都市：商,,,,05330000
RPQNMLRJOHLFFDE58CC,灣中段,44.27,都市：商,,,,05340000
RPQNMLRJOHLFFDE58CC,灣中段,21.06,都市：商,,,,05300000
RPTNMLQJOHLFFBE58CC,意誠段,.00,都市：商,,,,01990000
RPWNMLSJOHLFFBE09CC,過田子段,13.17,都市：商,,,,10830000
RPOOMLRJOHLFFBE28CC,新興段四小段,49.98,都市：商,,,,14300000
RPSNMLQJOHLFFBE48CC,意誠段,.00,都市：商,,,,01990000
RPXNMLSJOHLFFBE56CC,林德官段二小段,8.30,都市：住,,,,34230000
RPXNMLSJOHLFFBE56CC,林德官段二小段,8.30,都市：住,,,,34230003
RPQNMLQJOHLFFBE28CC,過田子段,.00,都市：商,,,,10830000
RPOOMLOJOHLFFBE97CC,新興段二小段,180.00,都市：商,,,,09930000
RPOOMLOJOHLFFBE97CC,新興段二小段,17.00,都市：其他:,,,,09930001
RPWNMLOJOHLFFBE68CC,意誠段,.00,都市：商,,,,01990000
RPXNMLOJOHLFFBE78CC,意誠段,.00,都市：商,,,,01990000
RPVNMLOJOHLFFBE58CC,意誠段,.00,都市：商,,,,01990000
RPTPMLSJOHLFFEE76DC,楠都段四小段,20.86,都市：住,,,,01830000
RPSOMLSJOHLFFEE09CC,芎蕉段,14.39,都市：住,,,,00150000
RPPNMLTJOHLFFIE56CC,林內段,164.00,都市：住,,,,01860004
RPXNMLSJOHLFFCE66CC,光華段,69.00,都市：住,,,,01140000
RPRNMLTJOHLFFIE76CC,育才段,56.70,都市：住,,,,03160000
RPQNMLTJOHLFFEE88CC,新夏段,9.13,都市：住,,,,00080000
RPUPMLSJOHLFFEE86DC,楠都段四小段,18.46,都市：住,,,,01830000
RPPNMLKKOHLFFBE67CC,新興段二小段,.00,都市：商,,,,08060000
RPQNMLKKOHLFFEE08CC,新博段,18.30,都市：住,,,,00030000
RPPNMLKKOHLFFIE38CC,灣勢段,583.55,都市：農,,,,07490000
RPPNMLKKOHLFFIE38CC,灣勢段,14.80,都市：農,,,,07490001
RPQNMLKKOHLFFIE48CC,育才段,55.25,都市：住,,,,03160000
RPPNMLKKOHLFFCE77CC,港墘段一小段,14.14,都市：住,,,,07240001
RPRNMLTJOHLFFAE58CC,內惟段六小段,141.00,都市：住,,,,09370002
RPTPMLSJOHLFFAE88CC,龍華段二小段,74.00,都市：住,,,,08560005
RPWPMLSJOHLFFAE56CC,後金段,30.00,都市：其他:第三種特定商業專用區,,,,01450000
RPWPMLSJOHLFFAE56CC,後金段,64.00,都市：其他:第三種特定商業專用區,,,,01460000
RPRPMLSJOHLFFAE68CC,龍中段,2.78,都市：商,,,,00280001
RPRNMLKKOHLFFAE77CC,龍華段八小段,11.53,都市：商,,,,22700000
RPSPMLSJOHLFFAE78CC,青海段,28.72,都市：住,,,,05450000
RPQNMLKKOHLFFAE67CC,青海段,82.46,都市：住,,,,06780001
RPPNMLTJOHLFFAE38CC,北金段,.00,都市：住,,,,07550000
RPPNMLLKOHLFFEE08CC,新光段,8.43,都市：商,,,,03490000
RPOQMLSJOHLFFAE48CC,龍華段九小段,.00,都市：住,,,,09580000
RPQNMLLKOHLFFEE18CC,新庄段五小段,15.16,都市：住,,,,10840000
RPVNMLNKOHLFFBE58CC,五權段,23.90,都市：住,,,,03710000
RPWNMLNKOHLFFEE98CC,福山段,17.01,都市：商,,,,05480000
RPWNMLNKOHLFFGE56CC,華鳳段,21.44,都市：住,,,,01510000
RPPOMLNKOHLFFGE58CC,道爺?段,15.30,都市：住,,,,10850058
RPVNMLNKOHLFFCE68CC,愛群段,.00,都市：商,,,,10810000
RPUNMLNKOHLFFGE98CC,五甲段,.00,都市：住,,,,04560012
RPWOMLNKOHLFFCE88CC,光華段,85.00,都市：商,,,,15510004
RPPNMLNKOHLFFEE38DC,新庄段七小段,37.54,都市：住,,,,09860000
RPROMLOKOHLFFDE68DC,大順段,13.09,都市：商,,,,08720000
RPQNMLOKOHLFFFE58CC,五甲尾段,600.00,都市：農,,,,07480002
RPRNMLOKOHLFFIE98CC,仁新段,1324.00,都市：農,,,,16390002
RPSNMLOKOHLFFIE09CC,保安段,33.00,都市：住,,,,01400000
RPSNMLOKOHLFFIE09CC,保安段,172.00,都市：住,,,,01410002
RPSNMLOKOHLFFIE09CC,保安段,172.00,都市：住,,,,01410003
RPTNMLOKOHLFFIE56CC,大華段,92.00,都市：住,,,,02070031
RPOOMLOKOHLFFGE58CC,竹子腳段,65.00,都市：其他:,,,,02190019
RPUNMLOKOHLFFBE58CC,新興段一小段,116.00,都市：商,,,,10160000
RPVNMLOKOHLFFBE68CC,新興段四小段,.00,都市：商,,,,07480000
RPXNMLOKOHLFFBE88CC,福東段,64.00,都市：商,,,,00660000
RPXNMLOKOHLFFBE88CC,福東段,5.00,都市：商,,,,00620000
RPXNMLOKOHLFFBE88CC,福東段,4.00,都市：商,,,,00630000
RPROMLOKOHLFFBE38CC,意誠段,15.32,都市：商,,,,00470000
RPUNMLOKOHLFFAE48CC,龍華段八小段,.00,都市：商,,,,21920000
RPPNMLOKOHLFFAE97CC,前金段,629.00,都市：商,,,,00760002
RPRNMLLKOHLFFAE87CC,龍華段一小段,16.93,都市：住,,,,07810000
RPQNMLLKOHLFFAE77CC,前金段,13.17,都市：商,,,,00510005
RPPNMLLKOHLFFAE67CC,龍中段,19.07,都市：商,,,,00600000
RPTOMLOKOHLFFDE78CC,建昌段,68.00,都市：住,,,,06120000
RPWOMLNKOHLFFEE09CC,藍昌段三小段,162.00,都市：商,,,,04280000
RPWPMLNKOHLFFEE56CC,福民段,1752.15,都市：住,,,,03580000
RPQOMLPKOHLFFGE88CC,五甲段,472.00,都市：住,,,,03250002
RPRPMLNKOHLFFEE68CC,興隆段,10.90,都市：住,,,,08580022
RPROMLPKOHLFFGE98CC,南華段,20.17,都市：商,,,,00240000
RPPOMLOKOHLFFDE38CC,澄東段,181.91,都市：住,,,,00710018
RPUOMLPKOHLFFGE66CC,大貝湖段,291.60,都市：住,,,,00320002
RPVNMLPKOHLFFBE88DC,林德官段二小段,88.75,都市：住,,,,34530000
RPWNMLPKOHLFFBE98DC,意誠段,7.67,都市：商,,,,00430000
RPRNMLPKOHLFFFE78CC,岡山段,96.96,都市：住,,,,04620000
RPVNMLPKOHLFFAE78DC,青海段,15.69,都市：住,,,,02900000
RPQPMLPKOHLFFCE68DC,愛群段,13.00,都市：其他:,,,,26260012
RPQPMLPKOHLFFCE68DC,愛群段,35.00,都市：其他:,,,,26460000
RPUNMLQKOHLFFIE96DC,育英段,85.56,都市：住,,,,05140000
RPOOMLQKOHLFFDE58DC,大港段,447.00,都市：住,,,,36260000
RPOOMLQKOHLFFDE58DC,大港段,131.00,都市：住,,,,36260001
RPPPMLQKOHLFFEE78CC,福民段,15.63,都市：住,,,,01260000
RPRPMLQKOHLFFEE98CC,福民段,395.93,都市：住,,,,00420000
RPVOMLQKOHLFFDE56CC,陽明段四小段,34.63,都市：住,,,,00760000
RPPNMLQKOHLFFAE18CC,鼓南段三小段,31.00,都市：商,,,,15360000
RPUOMLRKOHLFFAE88CC,青海段,122.59,都市：住,,,,03050000
RPVOMLRKOHLFFAE98CC,龍華段一小段,1953.00,都市：住,,,,02560000
RPWOMLRKOHLFFAE09CC,大榮段,59.00,都市：商,,,,01020000
RPWOMLRKOHLFFAE09CC,大榮段,70.00,都市：商,,,,01010000
RPWOMLRKOHLFFAE09CC,大榮段,16.00,都市：其他:道路,,,,01010001
RPWOMLRKOHLFFAE09CC,大榮段,3.00,都市：商,,,,01030000
RPRNMLQKOHLFFBE48CC,意誠段,.00,都市：商,,,,01990000
RPUNMLQKOHLFFBE78CC,成功段,15.88,都市：住,,,,00590000
RPTNMLPKOHLFFBE58CC,意誠段,.00,都市：商,,,,01990000
RPPNMLRKOHLFFDE58CC,建興段,65.00,都市：商,,,,00420000
RPPNMLRKOHLFFDE58CC,建興段,158.00,都市：商,,,,00450000
RPSNMLQKOHLFFBE58CC,新興段二小段,.00,都市：商,,,,17300000
RPSNMLPKOHLFFBE48CC,意誠段,.00,都市：商,,,,01990000
RPQNMLRKOHLFFBE48CC,成功段,42.00,都市：商,,,,03930000
RPQNMLRKOHLFFBE48CC,成功段,27.00,都市：商,,,,03940000
RPXNMLRKOHLFFEE86CC,新庄段十三小段,3.35,都市：商,,,,14450000
RPOOMLRKOHLFFEE68CC,新庄段七小段,50.07,都市：住,,,,06110000
RPTOMLRKOHLFFBE88CC,苓洲段,85.00,都市：住,,,,04600000
RPSNMLRKOHLFFGE56CC,新甲段,1111.00,都市：住,,,,01850000
RPXNMLRKOHLFFBE56CC,林德官段二小段,.00,都市：住,,,,34570005
RPUNMLRKOHLFFEE56CC,新庄段十三小段,46.98,都市：商,,,,14450000
RPPNMLTKOHLFFBE58CC,意誠段,.00,都市：商,,,,01990000
RPUNMLKLOHLFFBE28CC,過田子段,.00,都市：商,,,,11360000
RPPNMLSKOHLFFDE68CC,澄義段,94.35,都市：商,,,,01560000
RPQNMLTKOHLFFBE68CC,意誠段,.00,都市：商,,,,01990000
RPQNMLSKOHLFFBE58CC,林德官段一小段,6.26,都市：商,,,,23690000
RPQNMLSKOHLFFBE58CC,林德官段一小段,2.44,都市：商,,,,23840000
RPPOMLKLOHLFFDE08CC,大港段六小段,.00,都市：商,,,,06370026
RPVNMLKLOHLFFBE38CC,新興段四小段,.00,都市：商,,,,16770000
RPVNMLKLOHLFFBE38CC,新興段四小段,.00,都市：商,,,,16780000
RPOOMLKLOHLFFGE28CC,竹子腳段,90.00,都市：住,,,,01280060
RPQOMLKLOHLFFBE97CC,新興段四小段,.00,都市：商,,,,16770000
RPQOMLKLOHLFFBE97CC,新興段四小段,.00,都市：商,,,,16780000
RPUOMLKLOHLFFGE88CC,新甲段,25.00,都市：住,,,,12270014
RPSOMLKLOHLFFEE48CC,新庄段十三小段,.00,非都市： ; 非都市編定：,,,,14440000
RPOQMLKLOHLFFEE28CC,右昌段六小段,57.00,都市：住,,,,03010000
RPVTMLKLOHLFFEE66CC,新庄段三小段,92.00,都市：住,,,,10180000
RPPUMLKLOHLFFEE78CC,福民段,17.62,都市：住,,,,03270000
RPTOMLLLOHLFFEE68CC,新福段十小段,22.12,都市：住,,,,00550000
RPQNMLLLOHLFFGE48CC,七老爺段,56.00,都市：住,,,,12280018
RPQPMLLLOHLFFGE68CC,竹子腳段,58.00,都市：商,,,,02720067
RPQNMLLLOHLFFBE97CC,大統段二小段,33.48,都市：商,,,,11740000
RPUNMLLLOHLFFEE78DC,新庄段七小段,101.00,都市：住,,,,08070008
RPXNMLOKOHLFFCE98CC,獅甲段二小段,.00,都市：商,,,,05530000
RPOPMLNKOHLFFCE18CC,憲德段二小段,.00,都市：商,,,,00200000
RPOOMLQKOHLFFCE38CC,獅甲段,2.05,都市：住,,,,03300000
RPOOMLQKOHLFFCE38CC,獅甲段,6.48,都市：住,,,,03310000
RPTOMLPKOHLFFCE78CC,?莊段,17.86,都市：商,,,,07270000
RPUNMLKLOHLFFCE38CC,獅甲段,.00,都市：住,,,,01600001
RPUNMLRKOHLFFCE98CC,瑞崗段五小段,23.00,都市：住,,,,01480006
RPXOMLMLOHLFFAE88DC,青海段,.00,都市：住,,,,06220000
RPSOMLMLOHLFFGE88CC,五甲段,.00,非都市： ; 非都市編定：,,,,02960000
RPOQMLMLOHLFFEE48CC,新庄段十二小段,338.00,都市：住,,,,09970004
RPOQMLMLOHLFFEE48CC,新庄段十二小段,84.00,都市：住,,,,09970005
RPOQMLMLOHLFFEE48CC,新庄段十二小段,85.00,都市：住,,,,09970006
RPOQMLMLOHLFFEE48CC,新庄段十二小段,318.00,都市：住,,,,10020000
RPSNMLMLOHLFFAE18CC,龍華段八小段,24.04,都市：商,,,,22390000
RPQQMLMLOHLFFEE68CC,德昌段,18.45,都市：住,,,,01580000
RPPNMLNLOHLFFCE18CC,愛群段,.00,都市：商,,,,29550000
RPRNMLNLOHLFFCE38CC,獅甲段二小段,143.10,都市：其他:國宅用地,,,,05910000
RPRNMLNLOHLFFCE38CC,獅甲段二小段,.07,都市：其他:國宅用地,,,,05910000
RPUNMLNLOHLFFCE68CC,二苓段,145.00,都市：住,,,,11750000
RPVOMLNLOHLFFIE86CC,育英段,85.56,都市：住,,,,05140000
RPXNMLNLOHLFFBE88CC,意誠段,.00,都市：商,,,,01990000
RPOOMLNLOHLFFBE08CC,意誠段,.00,都市：商,,,,01990000
RPPOMLNLOHLFFBE18CC,意誠段,.00,都市：商,,,,01990000
RPXPMLNLOHLFFBE09CC,過田子段,.00,都市：商,,,,06070000
RPOQMLNLOHLFFBE28CC,過田子段,.00,都市：商,,,,11360000
RPQQMLNLOHLFFBE48CC,過田子段,.00,都市：商,,,,11360000
RPPOMLMLOHLFFAE97CC,東金段,6.00,都市：商,,,,18600000
RPPOMLMLOHLFFAE97CC,東金段,6.00,都市：商,,,,18610000
RPPOMLMLOHLFFAE97CC,東金段,177.00,都市：商,,,,18620000
RPUNMLOLOHLFFAE58CC,龍華段八小段,17.10,都市：商,,,,22850000
RPSNMLOLOHLFFIE56CC,仁雄段,193.01,都市：住,,,,03390003
RPSNMLOLOHLFFIE56CC,仁雄段,237.43,都市：住,,,,03390004
RPSNMLOLOHLFFIE56CC,仁雄段,237.57,都市：住,,,,03390005
RPQOMLOLOHLFFCE48CC,瑞隆段三小段,34.00,都市：商,,,,00450000
RPQOMLOLOHLFFCE48CC,瑞隆段三小段,10.00,都市：商,,,,00460000
RPOOMLOLOHLFFEE48CC,菜公段六小段,18.47,都市：住,,,,10830000
RPRQMLNLOHLFFEE88CC,新庄段十三小段,721.00,都市：其他:,,,,14010000
RPVQMLNLOHLFFEE66CC,新庄段三小段,.00,都市：住,,,,09640000
RPVQMLNLOHLFFEE66CC,新庄段三小段,.00,都市：住,,,,09690000
RPOPMLRLOHLFFDE78CC,大港段七小段,2.58,都市：商,,,,04440006
RPSNMLPLOHLFFAE48CC,青海段,9.52,都市：商,,,,01660000
RPTOMLOLOHLFFGE56CC,鳳甲段,19.65,都市：住,,,,00680000
RPRPMLRLOHLFFDE09CC,中華段二小段,.00,都市：商,,,,14670000
RPTPMLRLOHLFFDE66CC,澄清段一小段,108.00,都市：住,,,,02270000
RPUPMLRLOHLFFDE76CC,義民段,60.71,都市：住,,,,10080000
RPSNMLRLOHLFFBE78CC,林德官段,.00,非都市： ; 非都市編定：,,,,14520000
RPPNMLRLOHLFFGE98CC,鳳甲段,21.19,都市：住,,,,00520000
RPTNMLRLOHLFFBE88CC,過田子段,.00,都市：商,,,,11360000
RPPPMLRLOHLFFGE56CC,新甲段,17.21,都市：住,,,,13230070
RPSNMLRLOHLFFEE09CC,新庄段一小段,5.11,都市：住,,,,12510000
RPVQMLSLOHLFFEE17CC,翠屏段一小段,23.67,都市：住,,,,00250000
RPOPMLOLOHLFFDE48CC,鼎新段,68.12,都市：住,,,,04290000
RPOPMLOLOHLFFDE48CC,鼎新段,62.52,都市：住,,,,04300003
RPOPMLOLOHLFFDE48CC,鼎新段,109.22,都市：住,,,,04310000
RPTNMLNLOHLFFDE68CC,灣中段,86.00,都市：商,,,,03590000
RPSPMLMLOHLFFDE68CC,覆鼎金段覆鼎金一小段,25.00,都市：住,,,,06170000
RPPPMLMLOHLFFDE38CC,灣昌段,.00,都市：住,,,,04680000
RPXOMLMLOHLFFDE09CC,三塊厝段,84.00,都市：住,,,,11240013
RPSOMLLLOHLFFDE48CC,灣中段,14.74,非都市： ; 非都市編定：,,,,04800000
RPSOMLLLOHLFFDE48CC,灣中段,17.04,非都市： ; 非都市編定：,,,,04800001
RPPPMLKLOHLFFDE18CC,大豐段二小段,108.00,都市：商,,,,06910006
RPRNMLSLOHLFFIE86CC,尖山腳段,364.00,非都市：一般農業區 ; 非都市編定：農牧用地,,,,10830000
RPUNMLSLOHLFFGE96CC,新甲段,83.00,都市：住,,,,02060040
RPPNMLSLOHLFFAE48CC,龍華段八小段,11.48,都市：商,,,,22430000
RPXNMLSLOHLFFGE27CC,文福段,.00,非都市： ; 非都市編定：,,,,00050001
RPXNMLSLOHLFFFE17CC,大仁段,93.00,都市：住,,,,22540000
RPROMLTLOHLFFBE98CC,意誠段,4.80,都市：住,,,,01990000
RPTNMLSLOHLFFAE88CC,青海段,.00,都市：商,,,,06220000
RPTNMLSLOHLFFLE37CC,後庄段,172.61,都市：住,,,,12460000
RPTNMLSLOHLFFLE37CC,後庄段,55.94,都市：住,,,,12400000
RPTNMLSLOHLFFLE37CC,後庄段,87.83,都市：住,,,,12410000
RPTNMLSLOHLFFLE37CC,後庄段,27.28,都市：住,,,,12420000
RPSOMLTLOHLFFBE09CC,過田子段,30.53,都市：商,,,,06350001
RPTOMLTLOHLFFBE56CC,林德官段一小段,72.00,都市：商,,,,16020000
RPTOMLTLOHLFFIE27CC,澄合段,22.10,都市：住,,,,03060000
RPTNMLTLOHLFFDE76DC,大港段六小段,31.40,都市：商,,,,06560024
RPSNMLSLOHLFFAE78CC,東金段,94.00,都市：商,,,,12230000
RPSNMLSLOHLFFAE78CC,東金段,119.00,都市：商,,,,12220000
RPVNMLTLOHLFFCE76CC,店鎮段一小段,4812.00,都市：其他:,,,,13560000
RPSOMLSLOHLFFAE88CC,青海段,18.02,都市：住,,,,03260000
RPOPMLKMOHLFFEE28CC,新庄段十三小段,8.21,都市：商,,,,14450000
RPRRMLTLOHLFFEE96CC,新光段,6.47,都市：商,,,,03500000
RPRNMLKMOHLFFGE58CC,道爺?段,59.00,都市：住,,,,03390008
RPRNMLKMOHLFFGE58CC,道爺?段,7.00,都市：住,,,,03230009
RPSNMLSLOHLFFBE98DC,新興段二小段,206.00,都市：商,,,,09420000
RPXPMLKMOHLFFEE56CC,新光段,.00,都市：住,,,,03660000
RPUOMLKMOHLFFGE98CC,新甲段,84.00,都市：其他:停車場用地,,,,11120037
RPOPMLTLOHLFFEE09CC,藍田西段,9.42,都市：商,,,,00990000
RPOOMLKMOHLFFIE58CC,金鼎段,71.25,都市：住,,,,06540018
RPRPMLTLOHLFFEE76CC,福山段,12.34,都市：住,,,,01590000
RPWNMLKMOHLFFBE58CC,林德官段一小段,57.98,都市：商,,,,18640000
RPTOMLKMOHLFFBE38CC,五塊厝段,24.00,都市：商,,,,21990008
RPXNMLKMOHLFFBE68CC,新興段二小段,.00,都市：商,,,,17670000
RPSNMLKMOHLFFJE98CC,竹西段,62.80,都市：住,,,,02090000
RPROMLKMOHLFFAE08CC,東金段,94.00,都市：商,,,,12230000
RPROMLKMOHLFFAE08CC,東金段,119.00,都市：商,,,,12220000
RPOOMLKMOHLFFBE87CC,林德官段一小段,61.00,都市：住,,,,30640000
RPSOMLLJPHLFFDE38CC,大港段,35.40,都市：住,,,,35250000
RPQOMLKMOHLFFAE97CC,青海段,92.70,都市：住,,,,04090018
RPUOMLLJPHLFFDE58CC,大港段五小段,28.46,都市：住,,,,08240000
RPUNMLLJPHLFFDE48CC,大港段四小段,24.76,都市：商,,,,28230000
RPTNMLLJPHLFFDE38CC,灣內段,17.21,都市：工,,,,04690000
RPVNMLLJPHLFFBE38CC,意誠段,.00,都市：商,,,,01990000
RPOOMLKMOHLFFDE08CC,大豐段二小段,108.00,都市：商,,,,06910004
RPTOMLLJPHLFFDE48CC,河濱段,46.00,都市：商,,,,02250000
RPUNMLLJPHLFFBE28CC,意誠段,.00,都市：商,,,,07630000
RPOOMLLJPHLFFFE18CC,文化段,76.00,都市：住,,,,06700005
RPUNMLLJPHLFFCE48DC,憲德段,47.00,都市：住,,,,03000000
RPWNMLLJPHLFFFE88CC,大智段,4498.00,都市：農,,,,02880000
RPWNMLLJPHLFFFE88CC,大智段,117.00,都市：農,,,,05670000
RPWNMLLJPHLFFFE88CC,大智段,39.00,都市：農,,,,05680000
RPQOMLLJPHLFFIE68CC,竹園段,396.70,都市：工,,,,14340000
RPOQMLLJPHLFFEE28CC,福山段,23.05,都市：商,,,,03490000
RPSPMLLJPHLFFEE58CC,和平段五小段,6133.00,都市：住,,,,01020000
RPQQMLLJPHLFFEE48CC,福民段,21.02,都市：住,,,,03370000
RPPNMLMJPHLFFCE97CC,獅甲段二小段,16.48,都市：住,,,,05570000
RPXOMLKMOHLFFGE66CC,文山段,24.51,都市：住,,,,00520000
RPQOMLLJPHLFFGE48CC,七老爺段一甲小段,67.00,都市：住,,,,14710048
RPOOMLLJPHLFFGE28CC,明頂段,134.55,都市：住,,,,00260000
RPUNMLMJPHLFFDE58CC,覆鼎金段覆鼎金小段,32.93,都市：住,,,,15140000
RPQPMLKMOHLFFGE68CC,牛潮埔段,50.32,都市：住,,,,09620000
RPSNMLMJPHLFFAE08CC,鼓中段五小段,16.12,都市：住,,,,03270000
RPTNMLMJPHLFFAE18CC,青海段,13.64,都市：住,,,,06350000
RPXNMLOJPHLFFCE98CC,憲德段二小段,75.80,都市：商,,,,00260004
RPUOMLOJPHLFFEE98CC,新博段,34.08,都市：住,,,,00080000
RPPNMLNJPHLFFCE08CC,光華段一小段,.00,非都市： ; 非都市編定：,,,,20700000
RPVOMLOJPHLFFEE09CC,新庄段五小段,10.26,都市：住,,,,10980000
RPPPMLOJPHLFFEE58CC,興隆段,127.00,都市：住,,,,08710125
RPTNMLOJPHLFFAE38CC,前金段,27.19,都市：商,,,,01130009
RPXPMLOJPHLFFEE76CC,新庄段十二小段,32.11,都市：住,,,,09120000
RPSQMLOJPHLFFEE98CC,福民段,22.11,都市：住,,,,03370000
RPWNMLPJPHLFFDE09CC,鼎泰段,15.72,都市：住,,,,13660000
RPRNMLOJPHLFFDE48CC,鼎泰段一小段,.00,都市：住,,,,06290000
RPSNMLPJPHLFFEE78CC,新庄段六小段,25.00,都市：住,,,,06980000
RPSNMLPJPHLFFEE78CC,新庄段六小段,675.00,都市：住,,,,06990000
RPOOMLPJPHLFFCE28CC,獅甲段,.00,都市：商,,,,03300000
RPOOMLPJPHLFFCE28CC,獅甲段,.00,都市：商,,,,03310000
RPQOMLPJPHLFFCE48CC,光華段,26.90,都市：住,,,,01500000
RPVOMLPJPHLFFCE98CC,憲德段二小段,13.52,都市：商,,,,00260002
RPRNMLQJPHLFFCE58CC,港興段,237.00,都市：住,,,,03480000
RPRNMLQJPHLFFFE88CC,大全段,54.00,都市：住,,,,11720000
RPUNMLQJPHLFFIE86CC,金鼎段,155.54,都市：住,,,,05300006
RPXNMLQJPHLFFEE76CC,菜公段六小段,153.94,都市：商,,,,11170000
RPXNMLQJPHLFFEE76CC,菜公段六小段,157.63,都市：商,,,,11170001
RPXOMLQJPHLFFEE86CC,楠梓段三小段,159.00,都市：商,,,,07030000
RPXOMLQJPHLFFEE86CC,楠梓段三小段,67.00,都市：商,,,,07030001
RPXOMLQJPHLFFEE86CC,楠梓段三小段,118.00,都市：商,,,,07030002
RPTNMLQJPHLFFGE56CC,新庄子段,24.12,都市：住,,,,01030045
RPTNMLQJPHLFFGE56CC,新庄子段,3.35,都市：住,,,,01020004
RPPOMLQJPHLFFBE38CC,意誠段,.00,都市：商,,,,01990000
RPUOMLQJPHLFFDE09CC,灣中段,92.50,都市：住,,,,04940014
RPTNMLQJPHLFFAE58CC,府北段五小段,5.97,都市：商,,,,02460000
RPPOMLRJPHLFFAE38CC,鹽新段,21.00,都市：其他:,,,,03690000
RPPOMLRJPHLFFAE38CC,鹽新段,1.00,都市：商,,,,03700000
RPPOMLRJPHLFFAE38CC,鹽新段,116.00,都市：商,,,,03710000
RPPNMLRJPHLFFDE58CC,三塊厝段三小段,.00,都市：住,,,,37170000
RPQOMLRJPHLFFDE78CC,有光段,75.97,都市：商,,,,02980000
RPXPMLRJPHLFFDE96CC,獅頭段一小段,88.00,都市：住,,,,14430013
RPSNMLRJPHLFFBE68CC,福東段,.00,都市：商,,,,00040000
RPSNMLRJPHLFFBE68CC,福東段,.00,都市：商,,,,00040001
RPXNMLRJPHLFFBE56CC,意誠段,.00,都市：商,,,,01990000
RPUNMLRJPHLFFGE76CC,鳳甲段,10.44,都市：其他:,,,,00440000
RPVNMLRJPHLFFGE86CC,道爺?段,19.05,都市：住,,,,10910057
RPSNMLRJPHLFFEE98CC,福民段,38.51,都市：住,,,,00100000
RPQPMLRJPHLFFEE98CC,新民段,115.87,都市：住,,,,03870000
RPPNMLTJPHLFFEE88CC,新民段,127.37,都市：住,,,,02800000
RPSNMLTJPHLFFEE56CC,楠都段一小段,225.00,都市：住,,,,10190000
RPTNMLTJPHLFFEE66CC,新庄段十三小段,16.84,都市：商,,,,14440000
RPPNMLTJPHLFFBE58CC,新興段四小段,185.00,都市：商,,,,07250000
RPQNMLTJPHLFFBE68CC,過田子段,74.99,都市：商,,,,05850007
RPPNMLTJPHLFFAE48CC,青海段,19.10,都市：商,,,,01390000
RPQNMLTJPHLFFAE58CC,鼓中段四小段,22.00,都市：商,,,,08160000
RPQNMLTJPHLFFAE58CC,鼓中段四小段,5.00,都市：商,,,,08170000
RPQNMLTJPHLFFAE58CC,鼓中段四小段,19.00,都市：商,,,,07300018
RPQNMLKKPHLFFEE18CC,?後段,36.43,都市：住,,,,00370000
RPPNMLNJPHLFFBE97CC,新興段三小段,4.74,都市：住,,,,00200000
RPUNMLMJPHLFFBE38CC,意誠段,110.46,都市：商,,,,07630000
RPSNMLMJPHLFFBE18CC,大統段二小段,123.00,都市：商,,,,03360000
RPVOMLLJPHLFFBE48CC,過田子段,13.80,都市：住,,,,10310002
RPSOMLPJPHLFFBE58CC,過田子段,69.00,都市：住,,,,10310003
RPPNMLMJPHLFFBE87CC,大統段一小段,.00,非都市： ; 非都市編定：,,,,00060000
RPUOMLLJPHLFFBE38CC,過田子段,86.00,都市：商,,,,05810003
RPOOMLQJPHLFFBE28CC,意誠段,.00,都市：商,,,,01990000
RPRNMLMJPHLFFBE08CC,大統段二小段,123.00,都市：商,,,,03360000
RPTNMLLKPHLFFLE76DC,內厝段,15.30,都市：住,,,,02480000
RPTOMLLKPHLFFCE48CC,愛群段,42.95,都市：商,,,,24590000
RPUOMLLKPHLFFAE38CC,龍華段一小段,9.17,都市：住,,,,08600008
RPOOMLLKPHLFFBE97DC,意誠段,6.29,都市：商,,,,01990000
RPPOMLLKPHLFFDE18CC,獅頭段,14.32,都市：商,,,,26770000
RPQNMLLKPHLFFIE68CC,青雲段,35.70,都市：住,,,,05970000
RPROMLLKPHLFFAE08CC,青海段,77.47,都市：住,,,,03600000
RPXOMLLKPHLFFDE98CC,陽明段二小段,118.00,都市：住,,,,00200000
RPUNMLLKPHLFFLE76CC,翁公園段,40.00,都市：其他:,,,,53010002
RPUNMLLKPHLFFLE76CC,翁公園段,1439.00,都市：住,,,,53010000
RPUNMLLKPHLFFLE76CC,翁公園段,912.00,都市：住,,,,53020000
RPUNMLLKPHLFFLE76CC,翁公園段,78.00,都市：住,,,,53020002
RPUNMLLKPHLFFBE38CC,新興段四小段,46.20,都市：商,,,,01210000
RPXNMLLKPHLFFBE68CC,林德官段二小段,.00,都市：住,,,,34790000
RPXNMLLKPHLFFBE68CC,林德官段二小段,.00,都市：住,,,,34790008
RPRPMLLKPHLFFGE78CC,五甲段,8.95,都市：住,,,,02960000
RPWNMLLKPHLFFAE48CC,青海段,127.49,都市：住,,,,05450000
RPRNMLLKPHLFFAE97CC,東金段,19.51,都市：商,,,,12370000
RPSOMLMKPHLFFBE38CC,五塊厝段,7.72,都市：商,,,,16140000
RPPOMLLKPHLFFBE97CC,林德官段,.00,都市：商,,,,15090002
RPTNMLMKPHLFFDE58CC,獅頭段,25.08,都市：商,,,,26550000
RPUNMLMKPHLFFDE68CC,大豐段二小段,.00,都市：住,,,,01400000
RPVOMLMKPHLFFDE88CC,灣華段,.00,都市：住,,,,09940000
RPUOMLMKPHLFFBE58CC,林興段,26.50,都市：住,,,,14600000
RPVNMLMKPHLFFBE58CC,大統段二小段,.00,都市：商,,,,02440000
RPQNMLMKPHLFFAE97CC,青海段,3723.72,非都市： ; 非都市編定：,,,,00600000
RPVNMLMKPHLFFAE48CC,鼓中段五小段,.79,都市：商,,,,03270005
RPSNMLMKPHLFFCE38CC,愛群段,14.02,都市：商,,,,02020000
RPRNMLMKPHLFFDE38CC,覆鼎金段覆鼎金小段,151.00,都市：商,,,,13220000
RPVOMLMKPHLFFAE58CC,內惟段一小段,191.00,都市：住,,,,05420000
RPOPMLMKPHLFFBE18DC,新興段三小段,8.70,都市：商,,,,09010000
RPQNMLMKPHLFFLE09CC,伍厝段,24.17,都市：住,,,,03800000
RPPOMLLKPHLFFEE28CC,新庄段十三小段,126.83,都市：住,,,,14140000
RPSPMLMKPHLFFGE98CC,文山段,.00,都市：住,,,,01790000
RPOOMLMKPHLFFEE28CC,新庄段十三小段,10.34,都市：商,,,,14910000
RPPOMLMKPHLFFEE38CC,新庄段十三小段,8.67,都市：商,,,,14450000
RPPOMLMKPHLFFEE38CC,新庄段十三小段,6.70,都市：商,,,,14450000
RPROMLNKPHLFFDE68DC,獅頭段,3.63,都市：商,,,,23190000
RPPPMLNKPHLFFIE98CC,烏林段,442.90,非都市：一般農業區 ; 非都市編定：丁種建築用地,,,,08190000
RPPPMLNKPHLFFIE98CC,烏林段,108.00,非都市：一般農業區 ; 非都市編定：丁種建築用地,,,,08200000
RPPPMLNKPHLFFIE98CC,烏林段,720.00,非都市：一般農業區 ; 非都市編定：丁種建築用地,,,,08760000
RPPPMLNKPHLFFIE98CC,烏林段,83.90,非都市：一般農業區 ; 非都市編定：農牧用地,,,,08770000
RPPNMLNKPHLFFAE97CC,前金段,13.67,都市：商,,,,00960001
RPRNMLNKPHLFFAE18CC,鹽壽段,2582.00,都市：商,,,,00050000
RPROMLNKPHLFFAE28CC,北金段,.00,都市：商,,,,02550000
RPRPMLMKPHLFFDE58CC,灣和段,2286.32,都市：住,,,,00890000
RPRPMLMKPHLFFDE58CC,灣和段,645.64,都市：住,,,,00920000
RPRPMLMKPHLFFDE58CC,灣和段,909.58,都市：住,,,,00930000
RPPPMLMKPHLFFDE38CC,大豐段二小段,3278.00,都市：住,,,,05150000
RPSNMLNKPHLFFDE58CC,建民段,3.68,都市：住,,,,07740000
RPWOMLMKPHLFFDE98CC,大港段四小段,23.90,都市：住,,,,26970000
RPQPMLMKPHLFFDE48CC,大港段,317.82,都市：住,,,,34160000
RPUNMLNKPHLFFDE78CC,水源段,26.59,都市：住,,,,02610000
RPQOMLOKPHLFFBE38CC,新興段二小段,6.62,都市：商,,,,12760000
RPUNMLOKPHLFFBE68CC,意誠段,.00,都市：商,,,,01990000
RPOOMLOKPHLFFBE18CC,新興段二小段,7.01,都市：商,,,,12760000
RPPOMLNKPHLFFBE18CC,新興段一小段,.00,都市：商,,,,17560000
RPOPMLNKPHLFFBE18CC,林德官段二小段,.00,都市：住,,,,34080000
RPWNMLOKPHLFFAE78CC,鹽壽段,18.07,都市：住,,,,02720000
RPPOMLOKPHLFFEE58CC,新庄段一小段,64.00,都市：住,,,,05300000
RPROMLOKPHLFFEE78CC,新光段,.00,都市：住,,,,00250000
RPVOMLOKPHLFFEE56CC,福民段,23.81,都市：住,,,,03370000
RPPOMLOKPHLFFGE78CC,道爺?段,106.52,都市：其他:,,,,07780000
RPROMLOKPHLFFGE98CC,新甲段,8.02,都市：其他:,,,,10310006
RPQOMLPKPHLFFGE98CC,頂新段,13.64,都市：其他:,,,,00320000
RPSOMLPKPHLFFGE56CC,二甲段,41.54,都市：住,,,,02100000
RPOOMLPKPHLFFGE88DC,赤山段,25.06,都市：住,,,,05050000
RPWNMLPKPHLFFDE56CC,三塊厝段三小段,241.00,都市：住,,,,37230000
RPQNMLQKPHLFFDE68CC,大港段七小段,78.00,都市：住,,,,04760007
RPPNMLQKPHLFFBE38CC,過田子段,57.00,都市：商,,,,11200002
RPRNMLQKPHLFFBE58CC,意誠段,5.41,都市：商,,,,01990000
RPPOMLSKPHLFFBE68CC,意誠段,.00,都市：商,,,,01990000
RPPOMLSKPHLFFDE88CC,河濱段,9.44,都市：商,,,,00060000
RPQOMLSKPHLFFDE98CC,水源段,26.84,都市：住,,,,08580003
RPUOMLSKPHLFFAE09CC,鹽中段,18.00,都市：商,,,,07910000
RPUOMLSKPHLFFAE09CC,鹽中段,59.00,都市：商,,,,07920000
RPUOMLSKPHLFFDE76CC,灣立段,168.58,都市：商,,,,00010000
RPXOMLOKPHLFFEE76CC,新庄段六小段,80.00,都市：住,,,,07020000
RPQOMLPKPHLFFEE78CC,新光段,13.66,都市：住,,,,01140000
RPVNMLTKPHLFFFE17DC,石螺潭段,29.98,非都市：特定農業區 ; 非都市編定：甲種建築用地,,,,06060016
RPVNMLSKPHLFFIE27CC,烏林段,1269.81,非都市：一般農業區 ; 非都市編定：丁種建築用地,,,,08190000
RPSNMLNKPHLFFCE48CC,草衙段二小段,165.24,都市：住,,,,04200000
RPOPMLMKPHLFFCE18CC,瑞隆段四小段,56.00,都市：住,,,,11720000
RPTNMLMKPHLFFCE48CC,愛群段,5.41,都市：商,,,,24590000
RPUNMLPKPHLFFCE88CC,愛群段,7.30,都市：商,,,,24590000
RPRNMLSKPHLFFCE88CC,獅甲段,.31,都市：商,,,,03300000
RPRNMLSKPHLFFCE88CC,獅甲段,.97,都市：商,,,,03310000
RPTOMLTKPHLFFBE56CC,成功段,9.66,都市：商,,,,02960000
RPUPMLMKPHLFFCE78CC,光華段,47.00,都市：住,,,,11520000
RPROMLMKPHLFFCE38CC,孔宅段,25.35,都市：住,,,,02770000
RPRNMLKLPHLFFBE08CC,新興段三小段,135.00,都市：商,,,,01440000
RPRNMLKLPHLFFBE08CC,新興段三小段,17.00,都市：其他:道路用地,,,,01440001
RPTNMLKLPHLFFBE28CC,林聖段,27.80,都市：住,,,,01590004
RPPNMLKLPHLFFGE38CC,竹子腳段,.00,都市：住,,,,02780013
RPPNMLKLPHLFFGE38CC,竹子腳段,.00,都市：住,,,,02780014
RPUNMLTKPHLFFFE96CC,岡山段,34.47,都市：住,,,,04620000
RPTNMLSKPHLFFCE09CC,獅甲段,2.59,都市：商,,,,03300000
RPTNMLSKPHLFFCE09CC,獅甲段,.82,都市：商,,,,03310000
RPVOMLTKPHLFFGE27CC,五甲段,.00,都市：住,,,,04560012
RPTNMLTKPHLFFBE09CC,五塊厝段,.00,都市：商,,,,20670000
RPTNMLKLPHLFFDE48CC,獅頭段一小段,15.35,都市：住,,,,19150000
RPQNMLKLPHLFFBE97CC,林德官段一小段,22.30,都市：商,,,,33140000
RPQPMLKLPHLFFGE68CC,文山段,10.83,都市：住,,,,08970000
RPXOMLLLPHLFFIE96CC,烏林段,250.25,非都市：一般農業區 ; 非都市編定：丁種建築用地,,,,08190000
RPXOMLLLPHLFFIE96CC,烏林段,1316.16,非都市：一般農業區 ; 非都市編定：丁種建築用地,,,,08200000
RPOPMLLLPHLFFIE78CC,烏林段,1319.34,非都市：一般農業區 ; 非都市編定：丁種建築用地,,,,08190000
RPOPMLLLPHLFFIE78CC,烏林段,92.96,非都市：一般農業區 ; 非都市編定：丁種建築用地,,,,08200000
RPPNMLLLPHLFFCE08CC,草衙段二小段,71.50,都市：商,,,,02110000
RPOOMLLLPHLFFEE28CC,新庄段六小段,103.00,都市：住,,,,05190002
RPUOMLLLPHLFFEE88CC,新福段十小段,84.55,都市：住,,,,00910002
RPXNMLKLPHLFFGE56CC,頂新段,.00,都市：商,,,,00310000
RPXNMLLLPHLFFDE98CC,灣立段,.00,都市：商,,,,00530000
RPSNMLLLPHLFFDE48CC,鼎金段,.00,都市：住,,,,10530000
RPQNMLLLPHLFFLE09CC,磚子?段,446.00,都市：農,,,,32850001
RPRNMLLLPHLFFDE38CC,覆鼎金段覆鼎金小段,73.00,都市：商,,,,15300014
RPQPMLLLPHLFFDE48CC,灣華段,.00,非都市： ; 非都市編定：,,,,05090000
RPOQMLLLPHLFFDE38CC,灣華段,14.20,都市：商,,,,05630000
RPVOMLLLPHLFFCE78CC,光華段一小段,.00,都市：住,,,,19710000
RPSOMLLLPHLFFCE48CC,獅甲段二小段,.00,都市：商,,,,05520000
RPWNMLKLPHLFFBE58CC,過田子段,.00,都市：商,,,,11360000
RPWNMLMLPHLFFBE78CC,林德官段,.00,都市：商,,,,11480000
RPUNMLMLPHLFFBE58CC,大統段二小段,.00,都市：商,,,,11070000
RPUNMLMLPHLFFBE58CC,大統段二小段,.00,都市：商,,,,11070003
RPXNMLKLPHLFFBE68CC,過田子段,.00,都市：商,,,,11360000
RPQNMLMLPHLFFBE18CC,大統段一小段,9.92,都市：商,,,,03400000
RPOOMLMLPHLFFBE08CC,意誠段,.00,都市：商,,,,00470000
RPVNMLLLPHLFFAE48CC,龍中段,73.91,都市：商,,,,00150000
RPVNMLLLPHLFFBE58CC,大統段二小段,123.00,都市：商,,,,03360000
RPVOMLLLPHLFFAE58CC,龍北段,.00,都市：住,,,,00170000
RPXNMLMLPHLFFBE88CC,意誠段,.00,都市：商,,,,01990000
RPPOMLMLPHLFFAE08CC,內惟段四小段,8.60,都市：住,,,,03880000
RPROMLMLPHLFFBE38CC,意誠段,.00,都市：商,,,,00430000
RPQNMLMLPHLFFDE38CC,獅頭段,8.71,都市：住,,,,27390000
RPTOMLMLPHLFFDE78CC,三塊厝段,18.33,都市：商,,,,12620034
RPSNMLMLPHLFFFE78CC,保安段,1197.03,非都市：一般農業區 ; 非都市編定：農牧用地,,,,00600000
RPSOMLMLPHLFFBE48CC,意誠段,.00,都市：商,,,,00430000
RPWNMLMLPHLFFDE98CC,澄東段,22.89,都市：住,,,,00280000
RPWOMLMLPHLFFDE09CC,三塊厝段三小段,120.00,都市：住,,,,36420000
RPQPMLMLPHLFFEE68CC,福山段,2.58,都市：商,,,,04820000
RPQPMLMLPHLFFEE68CC,福山段,4.43,都市：商,,,,04820002
RPQPMLMLPHLFFEE68CC,福山段,6.25,都市：商,,,,04820001
RPPNMLNLPHLFFEE48CC,楠都段三小段,15.38,都市：住,,,,06260000
RPUNMLPLPHLFFAE78CC,東金段,19.24,都市：商,,,,06660000
RPQNMLNLPHLFFAE18CC,龍中段,12.87,都市：住,,,,02260000
RPROMLMLPHLFFDE58CC,灣華段,.00,都市：住,,,,05340000
RPWNMLMLPHLFFFE56CC,協榮段,15.36,都市：住,,,,05510000
RPUPMLPLPHLFFDE66CC,覆鼎金段覆鼎金小段,211.76,都市：住,,,,12480000
RPUNMLMLPHLFFFE98CC,大舍甲段,1501.00,非都市：一般農業區 ; 非都市編定：農牧用地,,,,05220001
RPOOMLPLPHLFFAE28CC,前金段,12.77,都市：其他:,,,,04210007
RPRNMLMLPHLFFEE58CC,新博段,17.19,都市：住,,,,00030000
RPTPMLPLPHLFFDE56CC,覆鼎金段覆鼎金小段,380.16,都市：住,,,,12420000
RPPPMLPLPHLFFBE58CC,過田子段,81.00,都市：商,,,,05450008
RPPPMLPLPHLFFBE58CC,過田子段,92.00,都市：商,,,,05450010
RPOQMLPLPHLFFBE58CC,新興段二小段,.00,非都市： ; 非都市編定：,,,,06360000
RPXPMLPLPHLFFBE76CC,過田子段,.00,都市：商,,,,11360000
RPWPMLPLPHLFFBE66CC,過田子段,.00,都市：商,,,,11360000
RPPOMLPLPHLFFBE48CC,五塊厝段,27.19,都市：商,,,,20040000
RPSPMLPLPHLFFBE88CC,意誠段,.00,都市：商,,,,01990000
RPQOMLPLPHLFFEE88CC,新庄段八小段,605.00,都市：住,,,,00010007
RPTPMLPLPHLFFEE66CC,和平段五小段,2.00,都市：住,,,,01510004
RPTPMLPLPHLFFEE66CC,和平段五小段,79.00,都市：住,,,,02430000
RPTPMLPLPHLFFEE66CC,和平段五小段,79.00,都市：住,,,,02430002
RPRPMLPLPHLFFDE09DC,大港段,15.00,都市：住,,,,34670000
RPRPMLPLPHLFFDE09DC,大港段,11.20,都市：住,,,,34670006
RPVPMLPLPHLFFBE56CC,過田子段,.00,都市：商,,,,11360000
RPPQMLPLPHLFFEE98CC,福民段,80.16,都市：住,,,,00650000
RPROMLQLPHLFFCE88CC,盛興段,12.90,都市：商,,,,11250000
RPRNMLQLPHLFFBE68CC,新興段一小段,.00,非都市： ; 非都市編定：,,,,17560000
RPQPMLPLPHLFFIE76CC,永仁段,18.29,都市：住,,,,00900015
RPQPMLPLPHLFFIE76CC,永仁段,101.96,都市：住,,,,00900021
RPRNMLPLPHLFFBE68DC,正文段,33.82,都市：商,,,,07540000
RPTOMLQLPHLFFCE09CC,獅甲段二小段,.00,都市：其他:國宅用地,,,,05910000
RPQPMLQLPHLFFGE66CC,文山段,64.00,都市：住,,,,05900005
RPOPMLQLPHLFFCE68CC,光華段一小段,57.06,都市：住,,,,18600001
RPWNMLQLPHLFFBE56CC,五權段,30.46,都市：住,,,,00500000
RPTOMLQLPHLFFBE98CC,林德官段,67.80,都市：住,,,,11180000
RPQNMLQLPHLFFBE58CC,新興段四小段,7.61,都市：商,,,,21730000
RPROMLQLPHLFFBE78CC,林德官段,.00,都市：商,,,,10770000
RPVOMLQLPHLFFBE56CC,林德官段二小段,16.00,都市：住,,,,34570005
RPWOMLQLPHLFFBE66CC,新興段三小段,.00,都市：商,,,,03200000
RPOPMLQLPHLFFBE58CC,過田子段,.00,都市：商,,,,11360000
RPWPMLQLPHLFFDE96CC,三塊厝段二小段,12.00,都市：商,,,,13730038
RPWPMLQLPHLFFDE96CC,三塊厝段二小段,36.00,都市：商,,,,13730019
RPXOMLQLPHLFFBE76CC,新興段三小段,.00,都市：商,,,,03200000
RPPOMLQLPHLFFDE78CC,獅頭段,9.12,都市：住,,,,27390000
RPPOMLRLPHLFFAE58CC,青海段,13.20,都市：住,,,,02090001
RPSPMLQLPHLFFDE56CC,建安段,60.00,都市：商,,,,01130000
RPPPMLRLPHLFFDE98CC,大港段,37.76,都市：商,,,,35650001
RPPPMLQLPHLFFBE68CC,林興段,70.00,都市：商,,,,11820000
RPWNMLQLPHLFFAE09CC,青海段,16.34,都市：住,,,,06590000
RPRPMLQLPHLFFAE78CC,龍中段,9.63,都市：商,,,,00870000
RPSNMLRLPHLFFCE98CC,仁愛段,5700.00,都市：工,,,,08030005
RPSNMLRLPHLFFCE98CC,仁愛段,3098.00,都市：工,,,,08030027
RPUNMLSLPHLFFFE96CC,仕興段,185.00,都市：住,,,,01680002
RPOPMLQLPHLFFAE48CC,博孝段,.00,都市：商,,,,05360000
RPPNMLSLPHLFFIE76CC,仁營段,421.00,都市：農,,,,09930042
RPWNMLSLPHLFFGE27CC,七老爺段一甲小段,67.00,都市：住,,,,14710048
RPVNMLRLPHLFFEE86CC,藍田西段,9.60,都市：商,,,,01090000
RPUOMLRLPHLFFEE86CC,新庄段十二小段,.00,都市：住,,,,11020000
RPQOMLSLPHLFFEE56CC,新庄段十三小段,99.00,都市：住,,,,12960003
RPTNMLSLPHLFFDE66CC,大裕段一小段,26.87,都市：住,,,,02190000
RPPOMLSLPHLFFBE78CC,林德官段二小段,.00,都市：商,,,,33970000
RPWNMLSLPHLFFBE76CC,意誠段,5.78,都市：商,,,,01990000
RPUNMLRLPHLFFBE09CC,意誠段,.00,都市：商,,,,01990000
RPRNMLSLPHLFFBE88CC,新興段三小段,4.74,都市：商,,,,00200000
RPVNMLSLPHLFFBE66CC,意誠段,12.06,都市：商,,,,01990000
RPVOMLSLPHLFFBE76CC,過田子段,.00,都市：商,,,,11360000
RPUOMLSLPHLFFBE66CC,苓洲段,4.26,都市：商,,,,05420000
RPUNMLTLPHLFFAE56CC,龍華段八小段,11.17,都市：商,,,,22800000
RPWNMLRLPHLFFBE66CC,苓洲段,4.33,都市：商,,,,05420000
RPWNMLRLPHLFFBE66CC,苓洲段,4.33,都市：商,,,,05420000
RPVNMLRLPHLFFBE56CC,林德官段,5.53,都市：商,,,,13680000
RPQOMLSLPHLFFDE09CC,三塊厝段四小段,25.20,都市：住,,,,30420000
RPPOMLTLPHLFFDE09CC,覆鼎金段覆鼎金小段,.00,都市：住,,,,11610007
RPTOMLTLPHLFFGE17CC,七老爺段一甲小段,.00,都市：住,,,,13740029
RPTNMLTLPHLFFAE09CC,龍中段,12.38,都市：商,,,,00360000
RPXNMLTLPHLFFAE86CC,龍中段,16.49,都市：住,,,,02280000
RPSNMLTLPHLFFEE76CC,藍昌段三小段,7.68,都市：商,,,,04860000
RPVNMLTLPHLFFBE76CC,成功段,14.56,都市：商,,,,00590000
RPRNMLTLPHLFFBE98CC,苓洲段,14.75,都市：商,,,,02630000
RPUNMLTLPHLFFBE66CC,林德官段二小段,.00,都市：住,,,,34010004
RPUNMLTLPHLFFBE66CC,林德官段二小段,.00,都市：住,,,,34010009
RPOOMLTLPHLFFDE09DC,長明段,51.05,都市：商,,,,02440000
RPUOMLTLPHLFFIE47CC,烏林段,1297.25,非都市：山坡地保育區 ; 非都市編定：丁種建築用地,,,,07290000
RPQOMLTLPHLFFCE09CC,愛群段,65.89,都市：其他:(空白),,,,29490000
RPROMLTLPHLFFCE56CC,獅甲段,.31,都市：住,,,,03300000
RPROMLTLPHLFFCE56CC,獅甲段,.97,都市：住,,,,03310000
RPSOMLTLPHLFFCE66CC,愛群段,5.86,都市：住,,,,24590000
RPPNMLKMPHLFFBE97CC,意誠段,.00,都市：商,,,,01990000
RPQNMLKMPHLFFBE08CC,意誠段,.00,都市：商,,,,01990000
RPVOMLTLPHLFFEE17CC,芎蕉段,629.09,都市：其他:,,,,01830000
RPTOMLTLPHLFFEE96CC,藍田中段,73.78,都市：住,,,,01270000
RPTNMLTLPHLFFEE86CC,福山段,8.53,都市：商,,,,03420000
RPOOMLTLPHLFFEE09CC,新庄段五小段,80.00,都市：商,,,,02810000
RPVNMLTLPHLFFEE07CC,新庄段十二小段,26.21,都市：住,,,,11560000
RPXOMLTLPHLFFEE37CC,清豐段,.00,都市：住,,,,02270508
RPWNMLTLPHLFFEE17CC,和平段五小段,3724.00,都市：住,,,,01620000
RPOPMLTLPHLFFAE78CC,興仁段,20.00,都市：商,,,,00600000
RPOPMLTLPHLFFAE78CC,興仁段,152.00,都市：商,,,,00610000
RPWOMLTLPHLFFAE86CC,民生段,15.84,都市：住,,,,06080000
