﻿編號,土地位置,土地移轉面積(平方公尺),使用分區或編定,權利人持分分母,權利人持分分子,移轉情形,地號
The serial number, land position,land shifting area square meter,the use zoning or compiles and checks,,,,land parcel
RPXOMLNJNHLFFAO96CC,國道段,.00,都市：住,,,,10960000
RPUNMLNJNHLFFAO56CC,光武段,.00,都市：住,,,,11490000
RPSQMLNJNHLFFAO66CC,長春段,.00,都市：住,,,,16720000
RPOPMLOJNHLFFAO88CC,榮光段二小段,.00,都市：商,,,,00040013
RPSQMLOJNHLFFAO76CC,東橋段,.00,都市：住,,,,00500000
RPSPMLPJNHLFFAO76CC,崙子段,.00,都市：住,,,,00230000
RPSNMLQJNHLFFAO66CC,光復段,.00,都市：住,,,,13530004
RPSOMLQJNHLFFAO76CC,唐高段,.00,都市：住,,,,04510000
RPROMLQJNHLFFAO66CC,唐高段,.00,都市：住,,,,04320000
RPQPMLPJNHLFFAO56CC,聚吉段,.00,都市：商,,,,00550000
RPTPMLPJNHLFFAO86CC,西門段一小段,.00,都市：商,,,,01640000
RPQPMLQJNHLFFAO66CC,光復段,.00,都市：住,,,,13530117
RPPPMLQJNHLFFAO56CC,光復段,.00,都市：住,,,,13530059
RPXNMLTJNHLFFAO47CC,武陵段,.00,都市：其他:住 及 園道用地,,,,03160000
RPXOMLMKNHLFFAO96CC,南門段四小段,.00,都市：住,,,,02520026
RPXOMLMKNHLFFAO96CC,南門段四小段,.00,都市：住,,,,02520028
RPXOMLMKNHLFFAO96CC,南門段四小段,.00,都市：住,,,,02580002
RPTPMLQJNHLFFAO96CC,國道段,.00,都市：商,,,,10010000
RPVOMLRKNHLFFAO27CC,竹蓮段,.00,都市：住,,,,07770000
RPOPMLNKNHLFFAO88CC,大庄段,.00,都市：住,,,,01070001
RPUNMLPKNHLFFAO86CC,武陵段,.00,都市：住,,,,11270000
RPXNMLMKNHLFFAO86CC,武陵段,.00,都市：住,,,,11280000
RPUOMLTKNHLFFAO37CC,東山段一小段,.00,都市：住,,,,04340000
RPUOMLTKNHLFFAO37CC,東山段一小段,.00,都市：其他:住一及道路用地,,,,04350000
RPXOMLKLNHLFFAO86CC,長春段,.00,都市：住,,,,16720000
RPSQMLNLNHLFFAO86CC,中山段二小段,.00,都市：商,,,,00660000
RPSQMLNLNHLFFAO86CC,中山段二小段,.00,都市：商,,,,00670000
RPSQMLNLNHLFFAO86CC,中山段二小段,.00,都市：商,,,,00680000
RPSQMLNLNHLFFAO86CC,中山段二小段,.00,都市：商,,,,00690000
RPSQMLNLNHLFFAO86CC,中山段二小段,.00,都市：商,,,,00700000
RPTSMLPLNHLFFAO37CC,東光段,547.27,都市：商,,,,02730000
RPUOMLQLNHLFFAO17CC,北門段,.00,都市：商,,,,17500000
RPVOMLPLNHLFFAO17CC,親仁段二小段,.00,都市：住,,,,00010000
RPWPMLPLNHLFFAO37CC,西濱段,.00,都市：住,,,,00150000
RPUQMLOLNHLFFAO17CC,樹下段,57.06,非都市：鄉村區 ; 非都市編定：乙種建築用地,,,,15080006
RPPPMLQLNHLFFAO76CC,柑林段,.00,非都市：山坡地保育區 ; 非都市編定：丙種建築用地,,,,05210000
RPPPMLQLNHLFFAO76CC,柑林段,.00,非都市：山坡地保育區 ; 非都市編定：丙種建築用地,,,,05220001
RPRPMLKMNHLFFAO09CC,光復段,.00,都市：住,,,,11670001
RPPRMLQLNHLFFAO96CC,北門段,16.01,都市：商,,,,17730000
RPWQMLLMNHLFFAO17CC,,.00,都市：住,,,,07410000
RPWPMLMJOHLFFAO96CC,榮光段一小段,.00,都市：商,,,,00120000
RPPNMLNJOHLFFAO78CC,中央段,.00,都市：住,,,,00230000
RPRNMLLJOHLFFAO78CC,忠孝段,179.00,都市：住,,,,04710000
RPSRMLKMNHLFFAO76CC,自由段,.00,都市：住,,,,00020000
RPRQMLMJOHLFFAO56CC,信義段,.00,都市：住,,,,07450000
RPPPMLOJOHLFFAO09CC,聚吉段,.00,都市：商,,,,01090001
RPRNMLPJOHLFFAO56CC,西門段三小段,.00,都市：商,,,,00520005
RPQOMLPJNHLFFAO09CC,榮光段二小段,.00,都市：住,,,,00040013
RPQNMLPJOHLFFAO09CC,新興段一小段,.00,都市：住,,,,01030000
RPUNMLPJNHLFFAO76CC,復中段,.00,都市：住,,,,08300000
RPOPMLPJNHLFFAO98CC,聚吉段,.00,都市：商,,,,00550000
RPTNMLPJNHLFFAO66CC,東光段,.00,都市：商,,,,01660000
RPTNMLPJNHLFFAO66CC,東光段,.00,都市：商,,,,01700000
RPSQMLQJOHLFFAO07CC,北門段,.00,都市：住,,,,22720000
RPVNMLPJOHLFFAO96CC,中雅段,.00,都市：住,,,,00960002
RPOQMLQJOHLFFAO66CC,南門段三小段,.00,都市：商,,,,01700000
RPQRMLQJOHLFFAO96CC,國道段,.00,都市：商,,,,10010000
RPXPMLQJOHLFFAO47CC,民富段,.00,都市：住,,,,07120000
RPTNMLPJOHLFFAO76CC,信義段,.00,都市：住,,,,05620000
RPUNMLPJOHLFFAO86CC,福林段,.00,都市：住,,,,03030000
RPSNMLPJOHLFFAO66CC,竹蓮段,.00,都市：商,,,,16070002
RPVOMLPKOHLFFAO17CC,榮光段一小段,9.07,都市：住,,,,00120000
RPOPMLRKOHLFFAO76CC,北門段,.00,都市：住,,,,02270000
RPVPMLRJOHLFFAO37CC,長春段,.00,都市：住,,,,14520000
RPRPMLMKOHLFFAO56CC,香中段,.00,都市：住,,,,11890000
RPQPMLRKOHLFFAO96CC,復中段,.00,都市：住,,,,08300000
RPXPMLSJOHLFFAO67CC,新莊段,6.46,都市：商,,,,06870000
RPVQMLKLOHLFFAO96CC,光華段,.00,都市：住,,,,08300000
RPWNMLLLOHLFFAO86CC,國道段,.00,都市：住,,,,11170000
RPPPMLLLOHLFFAO98CC,光武段,.00,都市：住,,,,10800000
RPRNMLQLOHLFFAO86CC,東山段二小段,.00,都市：住,,,,06830000
RPXNMLRLOHLFFAO57CC,東山段一小段,85.00,都市：其他:住宅.道路用地,,,,11540019
RPQOMLRLOHLFFAO96CC,崙子段,61.00,非都市：鄉村區 ; 非都市編定：乙種建築用地,,,,14130000
RPXOMLOLOHLFFAO37CC,榮光段三小段,.00,都市：商,,,,00070003
RPXOMLOLOHLFFAO37CC,榮光段三小段,.00,都市：商,,,,00070008
RPXOMLOLOHLFFAO37CC,榮光段三小段,.00,都市：商,,,,00080006
RPXOMLOLOHLFFAO37CC,榮光段三小段,.00,都市：商,,,,00080007
RPXOMLOLOHLFFAO37CC,榮光段三小段,.00,都市：商,,,,00150004
RPROMLRLOHLFFAO07CC,光復段,.00,都市：住,,,,13530061
RPVNMLSLOHLFFAO47CC,東橋段,8.18,都市：住,,,,01990000
RPVNMLSLOHLFFAO47CC,東橋段,.48,都市：住,,,,01980000
RPVNMLSLOHLFFAO47CC,東橋段,1.57,都市：住,,,,02010000
RPVNMLSLOHLFFAO47CC,東橋段,18.85,都市：住,,,,02020000
RPSOMLRLOHLFFAO17CC,信義段,.00,都市：住,,,,07640000
RPOOMLSLOHLFFAO86CC,柴橋段,87.78,都市：住,,,,01890000
RPROMLSLOHLFFAO17CC,北門段,.00,都市：商,,,,17500000
RPTNMLTLOHLFFAO37CC,中華段,.00,都市：其他:住商,,,,01360000
RPQOMLSLOHLFFAO07CC,北門段,.00,都市：商,,,,17500000
RPQNMLTLOHLFFAO07CC,武陵段,.00,都市：住,,,,03160001
RPWNMLTLOHLFFAO77DC,西門段一小段,.00,都市：商,,,,03390000
RPVNMLTLOHLFFAO57CC,親仁段二小段,.00,都市：住,,,,00010000
RPTUNLKMOHLFFAO37CC,南湖段,.00,非都市：山坡地保育區 ; 非都市編定：丙種建築用地,,,,04550000
RPVOMLLJPHLFFAO76CC,北門段,.00,都市：商,,,,17500000
RPPNMLNJPHLFFAO88CC,東明段,26.59,都市：住,,,,00490000
RPUNMLMJPHLFFAO66CC,長春段,37.34,都市：住,,,,15960000
RPSOMLQJPHLFFAO96CC,聚吉段,.00,都市：商,,,,00740000
RPVNMLQJPHLFFAO17CC,光武段,.00,都市：住,,,,11490000
RPUOMLQJPHLFFAO17CC,三姓段,.00,都市：商,,,,05210000
RPTOMLQJPHLFFAO07CC,東山段一小段,.00,都市：住,,,,03910000
RPVOMLQJPHLFFAO27CC,南門段四小段,.00,都市：住,,,,01200030
RPXOMLQJPHLFFAO47CC,新興段一小段,.00,都市：住,,,,00990000
RPOPMLQJPHLFFAO66CC,柴橋段,.00,都市：其他:甲風,,,,08250000
RPRPMLQJPHLFFAO96CC,南湖段,.00,非都市：山坡地保育區 ; 非都市編定：丙種建築用地,,,,04580000
RPRNMLKKPHLFFAO88CC,新興段,.00,都市：住,,,,19930000
RPUNMLKKPHLFFAO56CC,關東段,.00,都市：住,,,,06930000
RPWNMLKKPHLFFAO76CC,北門段,.00,都市：住,,,,22720000
RPXNMLKKPHLFFAO86CC,自由段,.00,都市：住,,,,05790000
RPSOMLLKPHLFFAO56CC,新興段一小段,.00,都市：住,,,,00860008
RPPWMLNKPHLFFAO27CC,師院段,.00,非都市：山坡地保育區 ; 非都市編定：丙種建築用地,,,,05750000
RPVOMLMKPHLFFAO96CC,國道段,.00,都市：住,,,,10970001
RPSONLNKPHLFFAO86CC,榮光段三小段,.00,都市：商,,,,00040007
RPOPMLPJPHLFFAO56CC,長春段,.00,都市：住,,,,11160000
RPPQMLPJPHLFFAO76CC,復中段,.00,都市：住,,,,08300000
RPOQMLOKOHLFFAO56CC,榮光段一小段,.00,都市：住,,,,00120000
RPXPMLMKOHLFFAO17CC,武陵段,.00,都市：住,,,,11270007
RPPQMLMKOHLFFAO09CC,光復段,.00,都市：住,,,,11990000
RPOPMLOKOHLFFAO09CC,東光段,16.00,都市：商,,,,01660000
RPRPMLNKOHLFFAO66CC,東門段一小段,.00,都市：商,,,,00060066
RPRPMLNKOHLFFAO66CC,東門段一小段,.00,都市：商,,,,00060068
RPXNMLKLPHLFFAO17EC,國道段,.00,都市：商,,,,10350000
RPWNMLKLPHLFFAO86CC,武陵段,.00,都市：住,,,,11270001
RPTPNLLLPHLFFAO96CC,復興段,.80,都市：住,,,,03680000
RPTPNLLLPHLFFAO96CC,復興段,10.13,都市：住,,,,03690000
RPTPNLLLPHLFFAO96CC,復興段,.61,都市：住,,,,03740000
RPTPMLMKOHLFFAO76CC,南門段四小段,.00,都市：商,,,,00820001
RPTPMLMKOHLFFAO76CC,南門段四小段,.00,都市：商,,,,00830011
RPPNOLLLPHLFFAO09CC,科園段科園小段,.00,都市：其他:園區事業專用區,,,,00060020
RPSTMLMLPHLFFAO27CC,北門段,.00,都市：住,,,,12220000
RPUTMLMLPHLFFAO47CC,西門段三小段,73.11,都市：住,,,,00800048
RPVTMLMLPHLFFAO57CC,東山段一小段,.00,都市：住,,,,02300000
RPTNMLTKPHLFFAO37CC,聚吉段,.00,都市：商,,,,00560008
RPQRMLPLPHLFFAO37EC,光華段,2.12,都市：住,,,,12370000
RPVOMLPKPHLFFAO27CC,中興段,.00,都市：農,,,,03420003
RPUPMLTKPHLFFAO67CC,新興段,59.00,都市：住,,,,11670000
RPUPMLTKPHLFFAO67CC,新興段,1.00,都市：住,,,,11670001
RPUPMLTKPHLFFAO67CC,新興段,73.00,都市：住,,,,11680000
RPUPMLTKPHLFFAO67CC,新興段,36.00,都市：住,,,,11690000
RPUPMLTKPHLFFAO67CC,新興段,181.00,都市：住,,,,11700000
RPUPMLTKPHLFFAO67CC,新興段,62.00,都市：住,,,,11740000
RPUPMLTKPHLFFAO67CC,新興段,60.00,都市：住,,,,11750000
RPUPMLTKPHLFFAO67CC,新興段,60.00,都市：住,,,,11760000
RPUPMLTKPHLFFAO67CC,新興段,60.00,都市：住,,,,11770000
RPUPMLTKPHLFFAO67CC,新興段,72.00,都市：住,,,,11780000
RPVPMLOKPHLFFAO27CC,新興段一小段,.00,都市：住,,,,00860008
RPSOMLPKPHLFFAO96CC,東明段,.00,都市：住,,,,11100000
RPUPMLOKPHLFFAO17CC,新興段一小段,.00,都市：住,,,,00860008
RPUOMLPKPHLFFAO17CC,北門段,.00,都市：商,,,,17500000
RPXOMLQLPHLFFAO67CC,新興段一小段,.00,都市：住,,,,00860008
RPQQMLQLPHLFFAO17CC,信義段,4012.00,都市：住,,,,07450000
RPOPMLRLPHLFFAO96CC,聚吉段,.00,都市：商,,,,00560008
RPSQMLPLPHLFFAO27CC,西門段一小段,.00,都市：商,,,,01120002
RPPQMLSLPHLFFAO27CC,中華段,.00,都市：住,,,,01410000
RPSPMLRLPHLFFAO37CC,北門段,.00,都市：商,,,,17500000
RPRQMLPLPHLFFAO17CC,東山段一小段,.00,都市：商,,,,02100011
RPRQMLRLPHLFFAO37CC,關東段,.00,都市：商,,,,12270000
RPRRMLSLPHLFFAO57CC,中央段,.00,都市：住,,,,08750000
RPRSMLQLPHLFFAO47CC,中華段,.00,都市：其他:住商,,,,01360000
RPTPMLRLPHLFFAO47CC,榮光段一小段,.00,都市：商,,,,00120000
RPRNMLLMPHLFFAO56CC,中華段,.00,都市：商,,,,01190000
RPQNMLLMPHLFFAO09CC,光復段,.00,都市：住,,,,11670001
RPPNMLLMPHLFFAO98CC,東光段,.00,都市：商,,,,01660000
RPPNMLLMPHLFFAO98CC,東光段,.00,都市：商,,,,01700000
RPUNMLLMPHLFFAO86CC,東光段,.00,都市：商,,,,04150000
RPPOMLTLPHLFFAO17CC,關東段,.00,都市：住,,,,15210005
RPPOMLTLPHLFFAO17CC,關東段,.00,都市：住,,,,15210006
RPVNMLLMPHLFFAO96CC,光復段,.00,都市：住,,,,13020000
