﻿鄉鎮市區,交易標的,土地位置建物門牌,土地面積平方公尺,都市土地使用分區,非都市土地使用分區,非都市土地使用編定,租賃年月日,租賃筆棟數,租賃層次,總樓層數,建物型態,主要用途,主要建材,建築完成年月,建物總面積平方公尺,建物現況格局-房,建物現況格局-廳,建物現況格局-衛,建物現況格局-隔間,有無管理組織,有無附傢俱,總額元,單價元平方公尺,車位類別,車位面積平方公尺,車位總額元,備註,編號
The villages and towns urban district,transaction sign,land sector position building sector house number plate,land shifting total area square meter,the use zoning or compiles and checks,the non-metropolis land use district,non-metropolis land use,transaction year month and day,transaction pen number,shifting level,total floor number,building state,main use,main building materials,construction to complete the years,building shifting total area,Building present situation pattern - room,building present situation pattern - hall,building present situation pattern - health,building present situation pattern - compartmented,Whether there is manages the organization,Whether there is attaches the furniture,total price NTD,the unit price (NTD / square meter),the berth category,berth shifting total area square meter,the berth total price NTD,the note,serial number
新竹市,建物,新竹市新竹市慈濟路226號18樓,0.0,住,,,1050331,土地0建物1車位2,十八層,23,住宅大樓(11層含以上有電梯),見其他登記事項,鋼筋混凝土造,1040114,216.47,3,2,2,有,有,有,46000,213,坡道平面,0.0,0,含稅及二代健保補充保費,RPUNMLNJNHLFFAO56CC
新竹市,建物,新竹市新竹市新竹市東區埔頂二路153號,0.0,住,,,1050424,土地0建物1車位1,一層,12,店面(店鋪),見其他登記事項,鋼筋混凝土造,1000324,118.28,0,0,0,無,無,無,32500,275,坡道平面,0.0,0,,RPXOMLNJNHLFFAO96CC
新竹市,建物,新竹市新竹市東區關新東路163號,0.0,住,,,1050412,土地0建物1車位0,一層,8,店面(店鋪),見其他登記事項,鋼筋混凝土造,1031110,114.82,0,0,0,無,有,無,19800,172,,0.0,0,,RPSQMLNJNHLFFAO66CC
新竹市,建物,新竹市新竹市中華路二段312巷9號2樓B房,0.0,商,,,1050413,土地0建物0車位0,全,3,透天厝,見其他登記事項,見其他登記事項,,96.26,3,3,3,有,無,有,6500,68,,0.0,0,,RPOPMLOJNHLFFAO88CC
新竹市,建物,新竹市新竹市光復路一段41巷9號六樓之9,0.0,住,,,1050405,土地0建物1車位0,六層,7,套房(1房1廳1衛),見其他登記事項,鋼筋混凝土造,0960501,35.68,1,1,1,有,有,有,12500,350,,0.0,0,租金含管理費 1000,RPSQMLOJNHLFFAO76CC
新竹市,建物,新竹市新竹市中華路二段203號八樓,0.0,商,,,1050412,土地0建物1車位0,八層,18,住宅大樓(11層含以上有電梯),見其他登記事項,鋼筋混凝土造,1020615,173.51999999999998,3,2,2,有,有,有,42000,242,,0.0,0,,RPTNMLPJNHLFFAO66CC
新竹市,建物,新竹市新竹市世界街46號十一樓,0.0,住,,,1050411,土地0建物1車位0,十一層,14,住宅大樓(11層含以上有電梯),見其他登記事項,鋼筋混凝土造,0980617,113.09,2,2,1,有,有,有,33000,292,,0.0,0,,RPUNMLPJNHLFFAO76CC
新竹市,建物,新竹市新竹市中華路二段３１２巷９號２樓Ｄ室,0.0,住,,,1050415,土地0建物0車位0,全,3,透天厝,見其他登記事項,見其他登記事項,,96.26,4,4,4,有,無,有,7000,73,,0.0,0,,RPQOMLPJNHLFFAO09CC
新竹市,建物,新竹市新竹市中華路三段10號11樓之29,0.0,商,,,1050408,土地0建物1車位0,十一層,14,套房(1房1廳1衛),住家用,鋼筋混凝土造,0890417,41.64,1,0,1,有,有,有,8000,192,,0.0,0,租金含管理費第四台,RPOPMLPJNHLFFAO98CC
新竹市,建物,新竹市新竹市中華路三段10號12樓之29,0.0,商,,,1050413,土地0建物1車位0,十二層,14,套房(1房1廳1衛),住家用,鋼筋混凝土造,0890417,41.7,1,0,1,有,有,有,9000,216,,0.0,0,租金含管理費網路第四台,RPQPMLPJNHLFFAO56CC
新竹市,建物,新竹市新竹市竹光路8號7樓之17,0.0,住,,,1050423,土地0建物1車位1,七層,14,套房(1房1廳1衛),住家用,鋼筋混凝土造,0860205,39.6,1,0,1,有,有,有,8500,215,坡道機械,0.0,0,租金含管理費.機械車位,RPSPMLPJNHLFFAO76CC
新竹市,建物,新竹市新竹市仁德街50號3樓之1,0.0,商,,,1050418,土地0建物1車位0,三層,11,套房(1房1廳1衛),見其他登記事項,鋼筋混凝土造,0961205,33.45,1,0,1,有,有,有,8000,239,,0.0,0,租金含管理費第四台,RPTPMLPJNHLFFAO86CC
新竹市,建物,新竹市新竹市建功一路53巷16號4樓,0.0,住,,,1050407,土地0建物1車位0,四層,5,公寓(5樓含以下無電梯),國民住宅,鋼筋混凝土造,,75.9,4,2,2,有,無,有,14000,184,,0.0,0,,RPSNMLQJNHLFFAO66CC
新竹市,建物,新竹市新竹市中山路650之5號3樓,0.0,住,,,1050408,土地0建物1車位1,三層,7,華廈(10層含以下有電梯),住家用,鋼筋混凝土造,0821125,133.6,3,2,2,有,有,有,16500,124,坡道平面,0.0,0,租金16500元含管理費.平面車位,RPROMLQJNHLFFAO66CC
新竹市,建物,新竹市新竹市中山路640巷11號6樓之1,0.0,住,,,1050417,土地0建物1車位0,六層,7,華廈(10層含以下有電梯),住家用,鋼筋混凝土造,0800708,98.99000000000001,3,2,2,有,無,有,12000,121,,0.0,0,,RPSOMLQJNHLFFAO76CC
新竹市,建物,新竹市新竹市建功一路49巷6號3樓,0.0,住,,,1050411,土地0建物1車位0,三層,5,公寓(5樓含以下無電梯),住家用,鋼筋混凝土造,0720609,75.9,4,2,2,有,無,有,13000,171,,0.0,0,,RPPPMLQJNHLFFAO56CC
新竹市,建物,新竹市新竹市建新路21號3樓,0.0,住,,,1050415,土地0建物1車位0,三層,5,公寓(5樓含以下無電梯),住家用,鋼筋混凝土造,0730523,77.48,3,2,1,有,無,有,12000,155,,0.0,0,,RPQPMLQJNHLFFAO66CC
新竹市,建物,新竹市新竹市慈雲路137號13樓之6,0.0,商,,,1050420,土地0建物1車位1,十三層,28,住宅大樓(11層含以上有電梯),見其他登記事項,鋼筋混凝土造,1031208,155.69,3,2,2,有,有,有,34000,218,坡道平面,0.0,0,,RPTPMLQJNHLFFAO96CC
新竹市,建物,新竹市新竹市武陵路１７５巷３號９樓之１,0.0,其他,,,1050414,土地0建物1車位0,九層,21,住宅大樓(11層含以上有電梯),住家用,鋼筋混凝土造,0870718,114.47999999999999,3,2,2,有,有,無,12500,109,,0.0,0,,RPXNMLTJNHLFFAO47CC
新竹市,建物,新竹市新竹市北區武陵路98巷15號13樓,0.0,住,,,1050417,土地0建物1車位1,十三層,13,住宅大樓(11層含以上有電梯),見其他登記事項,鋼筋混凝土造,0930915,161.04,3,2,2,有,有,無,14000,87,坡道平面,0.0,0,,RPXNMLMKNHLFFAO86CC
新竹市,建物,新竹市新竹市興達街15號,0.0,住,,,1050420,土地0建物1車位1,全,2,透天厝,住家用,加強磚造,,107.52,6,2,3,有,無,有,15000,140,一樓平面,0.0,0,,RPXOMLMKNHLFFAO96CC
新竹市,建物,新竹市新竹市宮口街33巷3弄7號5樓,0.0,住,,,1050422,土地0建物1車位0,五層,5,公寓(5樓含以下無電梯),住家用,鋼筋混凝土造,0811029,119.49,3,2,2,有,無,有,12000,100,,0.0,0,,RPOPMLNKNHLFFAO88CC
新竹市,建物,新竹市新竹市東大路二段190巷20號3樓,0.0,住,,,1050515,土地0建物1車位0,三層,7,華廈(10層含以下有電梯),住家用,鋼筋混凝土造,0861030,146.42000000000002,3,2,2,有,有,無,13000,89,,0.0,0,租金含管理費.車位NO.48,RPUNMLPKNHLFFAO86CC
新竹市,建物,新竹市新竹市興學街14號5樓之3,0.0,住,,,1050424,土地0建物1車位0,五層,7,華廈(10層含以下有電梯),住家用,鋼筋混凝土造,0791116,87.42,3,2,2,有,無,無,14000,160,,0.0,0,,RPVOMLRKNHLFFAO27CC
新竹市,建物,新竹市新竹市食品路27號8樓之7,0.0,其他,,,1050427,土地0建物1車位0,八層,9,套房(1房1廳1衛),住家用,鋼筋混凝土造,0870108,49.81999999999999,1,1,1,有,有,有,8000,161,,0.0,0,,RPUOMLTKNHLFFAO37CC
新竹市,建物,新竹市新竹市關新東路163號2F,0.0,住,,,1050518,土地0建物1車位1,二層,8,華廈(10層含以下有電梯),見其他登記事項,鋼筋混凝土造,1031110,104.28,3,2,2,有,有,有,25000,240,坡道機械,0.0,0,,RPXOMLKLNHLFFAO86CC
新竹市,建物,新竹市新竹市北大路169號6樓之1,0.0,商,,,1050517,土地0建物1車位0,六層,12,辦公商業大樓,住家用,鋼筋混凝土造,0841209,39.79,0,0,0,無,無,無,10216,257,,0.0,0,,RPSQMLNLNHLFFAO86CC
新竹市,房地(土地+建物),新竹市新竹市浸水街４０６巷４８弄４５號,57.06,,鄉村區,乙種建築用地,1050503,土地1建物1車位0,全,5,透天厝,見其他登記事項,鋼筋混凝土造,1030502,198.16,5,2,3,有,無,有,25000,126,,0.0,0,,RPUQMLOLNHLFFAO17CC
新竹市,建物,新竹市新竹市中央路152號八樓之2,0.0,住,,,1050501,土地0建物1車位0,八層,29,住宅大樓(11層含以上有電梯),見其他登記事項,鋼筋混凝土造,0961101,138.10000000000002,3,2,2,有,有,有,35222,255,,0.0,0,,RPVOMLPLNHLFFAO17CC
新竹市,建物,新竹市新竹市延平路三段523號1F,0.0,住,,,1050516,土地0建物1車位0,全,4,透天厝,見其他登記事項,鋼筋混凝土造,0971017,40.51,0,0,0,無,無,無,3000,74,,0.0,0,,RPWPMLPLNHLFFAO37CC
新竹市,房地(土地+建物)+車位,新竹市新竹市東光路192號2樓之2,547.27,商,,,1050513,土地1建物1車位2,二層,10,廠辦,見其他登記事項,鋼筋混凝土造,0910430,1061.43,0,0,0,無,有,無,160800,151,坡道機械,0.0,0,,RPTSMLPLNHLFFAO37CC
新竹市,建物,新竹市新竹市中正路１５７巷８號４樓,0.0,商,,,1050509,土地0建物0車位0,全,5,透天厝,住家用,土造,,27.69,4,4,4,有,無,無,6000,217,,0.0,0,,RPUOMLQLNHLFFAO17CC
新竹市,建物,新竹市新竹市元培街２９０號,0.0,,山坡地保育區,丙種建築用地,1050510,土地0建物1車位0,全,3,透天厝,住家用,鋼筋混凝土造,0920325,364.52,6,2,4,有,無,無,10000,27,,0.0,0,,RPPPMLQLNHLFFAO76CC
新竹市,房地(土地+建物)+車位,新竹市新竹市北區北門街180號三樓之2,16.01,商,,,1050526,土地1建物1車位1,三層,13,住宅大樓(11層含以上有電梯),見其他登記事項,鋼筋混凝土造,1040720,136.51,3,2,2,有,有,無,35000,256,坡道機械,16.53,0,,RPPRMLQLNHLFFAO96CC
新竹市,建物,新竹市新竹市公道五路二段317號13樓,0.0,住,,,1050529,土地0建物1車位1,十三層,13,住宅大樓(11層含以上有電梯),見其他登記事項,鋼筋混凝土造,0980922,159.87,3,2,2,有,有,有,33000,206,坡道平面,0.0,0,,RPRPMLKMNHLFFAO09CC
新竹市,建物,新竹市新竹市光華二街72巷38之5號8樓之1,0.0,住,,,1050521,土地0建物1車位1,八層,14,住宅大樓(11層含以上有電梯),住家用,鋼筋混凝土造,0830423,166.84,3,2,2,有,有,有,17000,102,坡道平面,0.0,0,,RPSRMLKMNHLFFAO76CC
新竹市,建物,新竹市新竹市牛埔北路９６號,0.0,住,,,1050518,土地0建物1車位0,全,2,透天厝,住商用,加強磚造,0680822,98.1,2,2,2,有,無,無,12000,122,,0.0,0,,RPWQMLLMNHLFFAO17CC
新竹市,房地(土地+建物),新竹市新竹市牛埔路506號1樓,179.0,住,,,1050517,土地1建物1車位0,全,3,透天厝,,加強磚造,,180.9,0,0,0,無,無,無,20000,111,,0.0,0,,RPRNMLLJOHLFFAO78CC
新竹市,建物,新竹市新竹市東門街34巷32號22樓,0.0,商,,,1050525,土地0建物1車位0,二十二層,25,住宅大樓(11層含以上有電梯),見其他登記事項,鋼筋混凝土造,1011015,188.89999999999998,4,2,2,有,有,有,43572,231,,0.0,0,,RPWPMLMJOHLFFAO96CC
新竹市,建物,新竹市新竹市東華路7號7樓之9,0.0,住,,,1050509,土地0建物1車位1,七層,15,住宅大樓(11層含以上有電梯),見其他登記事項,鋼筋混凝土造,1030829,164.60000000000002,3,2,2,有,有,無,21000,128,坡道平面,37.43,0,,RPRQMLMJOHLFFAO56CC
新竹市,建物,新竹市新竹市中央路田心二巷7之2號,0.0,住,,,1050513,土地0建物1車位0,三層,4,公寓(5樓含以下無電梯),住家用,鋼筋混凝土造,,92.09,4,2,2,有,無,有,13200,143,,0.0,0,,RPPNMLNJOHLFFAO78CC
新竹市,建物,新竹市新竹市中華路三段126號7樓之4,0.0,商,,,1050513,土地0建物1車位0,七層,12,住宅大樓(11層含以上有電梯),住家用,鋼筋混凝土造,0821210,80.05000000000001,2,2,1,有,有,有,12000,150,,0.0,0,租金包含管理費,RPPPMLOJOHLFFAO09CC
新竹市,建物,新竹市新竹市振興一街56號4樓,0.0,住,,,1050511,土地0建物1車位0,四層,5,公寓(5樓含以下無電梯),住家用,鋼筋混凝土造,,69.81,2,2,1,有,無,有,12000,172,,0.0,0,,RPQNMLPJOHLFFAO09CC
新竹市,建物,新竹市新竹市勝利路245巷5號4樓,0.0,商,,,1050524,土地0建物1車位0,四層,4,公寓(5樓含以下無電梯),住家用,鋼筋混凝土造,0690502,72.84,3,2,1,有,無,有,11000,151,,0.0,0,,RPRNMLPJOHLFFAO56CC
新竹市,建物,新竹市新竹市南大路273號三樓之5,0.0,商,,,1050521,土地0建物1車位0,三層,10,套房(1房1廳1衛),住家用,鋼筋混凝土造,0840227,79.45,1,1,1,有,有,有,10000,126,,0.0,0,管理費700租客另外支付,RPSNMLPJOHLFFAO66CC
新竹市,建物,新竹市新竹市華北路75號7樓,0.0,住,,,1050519,土地0建物1車位0,七層,8,華廈(10層含以下有電梯),住家用,鋼筋混凝土造,0830505,114.39,3,2,2,有,有,無,11000,96,,0.0,0,租金含管理費,RPTNMLPJOHLFFAO76CC
新竹市,建物,新竹市新竹市中正路482巷31號3樓,0.0,住,,,1050517,土地0建物1車位0,三層,5,公寓(5樓含以下無電梯),住家用,鋼筋混凝土造,,110.06,3,2,2,有,無,有,14000,127,,0.0,0,,RPUNMLPJOHLFFAO86CC
新竹市,建物,新竹市新竹市北新街131號8樓之20,0.0,住,,,1050511,土地0建物1車位0,八層,10,華廈(10層含以下有電梯),辦公室,鋼筋混凝土造,0980319,51.36,2,1,1,有,有,有,16000,312,,0.0,0,租金包含管理費.第四台.網路,RPVNMLPJOHLFFAO96CC
新竹市,建物,新竹市新竹市西大路742號二樓之1,0.0,住,,,1050508,土地0建物1車位0,二層,8,華廈(10層含以下有電梯),住家用,鋼筋混凝土造,,114.91,3,2,2,有,無,有,12000,104,,0.0,0,,RPXPMLQJOHLFFAO47CC
新竹市,建物,新竹市新竹市勝利路228巷4號2樓,0.0,商,,,1050509,土地0建物1車位0,二層,5,公寓(5樓含以下無電梯),住家用,鋼筋混凝土造,0840815,69.2,2,1,1,有,無,無,9500,137,,0.0,0,,RPOQMLQJOHLFFAO66CC
新竹市,建物,新竹市新竹市新竹市水田街50巷19之6號,0.0,住,,,1050302,土地0建物1車位0,一層,5,套房(1房1廳1衛),住家用,鋼筋混凝土造,0801230,22.61,1,0,1,有,無,有,8000,354,,0.0,0,,RPSQMLQJOHLFFAO07CC
新竹市,建物,新竹市新竹市慈雲路139號5樓之5,0.0,商,,,1050522,土地0建物1車位1,五層,28,住宅大樓(11層含以上有電梯),見其他登記事項,鋼筋混凝土造,1031208,156.43,2,2,2,有,有,有,25000,160,坡道平面,0.0,0,租金含管,RPQRMLQJOHLFFAO96CC
新竹市,建物,新竹市新竹市新莊街１４６號５樓,0.0,住,,,1050521,土地0建物1車位1,五層,7,華廈(10層含以下有電梯),住家用,鋼筋混凝土造,0840830,100.53,3,2,2,有,有,有,14000,139,坡道機械,0.0,0,,RPVPMLRJOHLFFAO37CC
新竹市,房地(土地+建物),新竹市新竹市關東路290號,6.46,商,,,1050608,土地1建物1車位0,一層,24,店面(店鋪),見其他登記事項,鋼筋混凝土造,1021115,85.41,0,0,1,有,有,無,38500,451,,0.0,0,,RPXPMLSJOHLFFAO67CC
新竹市,建物,新竹市新竹市香北路190號3樓,0.0,住,,,1050513,土地0建物1車位0,三層,7,華廈(10層含以下有電梯),國民住宅,鋼筋混凝土造,0861210,136.65,3,2,2,有,有,有,12000,88,,0.0,0,,RPRPMLMKOHLFFAO56CC
新竹市,建物,新竹市新竹市西門街129號5樓,0.0,商,,,1050514,土地0建物1車位0,五層,5,公寓(5樓含以下無電梯),住家用,鋼筋混凝土造,0750424,91.0,3,2,2,有,無,有,18000,198,,0.0,0,,RPTPMLMKOHLFFAO76CC
新竹市,建物,新竹市新竹市武陵路86巷3號八樓,0.0,住,,,1050520,土地0建物1車位1,八層,11,住宅大樓(11層含以上有電梯),見其他登記事項,鋼筋混凝土造,0930215,154.34,3,2,2,有,有,無,16000,104,坡道平面,0.0,0,租金含管理費1500,RPXPMLMKOHLFFAO17CC
新竹市,建物,新竹市新竹市建美路58巷2弄7號3樓,0.0,住,,,1050520,土地0建物1車位0,三層,3,公寓(5樓含以下無電梯),國民住宅,加強磚造,0690508,65.5,3,2,1,有,無,有,12000,183,,0.0,0,,RPPQMLMKOHLFFAO09CC
新竹市,建物,新竹市新竹市中正路90號,0.0,商,,,1050518,土地0建物1車位0,全,3,透天厝,商業用,磚造,,259.05,0,0,0,無,無,無,120000,463,,0.0,0,,RPRPMLNKOHLFFAO66CC
新竹市,房地(土地+建物),新竹市新竹市中華路二段199號16樓,16.0,商,,,1050608,土地1建物1車位0,十六層,18,住宅大樓(11層含以上有電梯),見其他登記事項,鋼筋混凝土造,1020615,235.93,3,2,2,有,有,有,50000,212,,0.0,0,,RPOPMLOKOHLFFAO09CC
新竹市,建物,新竹市新竹市東門街34巷18號3樓,0.0,住,,,1050531,土地0建物1車位0,三層,20,住宅大樓(11層含以上有電梯),見其他登記事項,鋼筋混凝土造,1011015,180.18,3,2,2,有,有,有,36327,202,,0.0,0,,RPOQMLOKOHLFFAO56CC
新竹市,房地(土地+建物)+車位,新竹市新竹市東門街34巷36號7樓,9.07,住,,,1050601,土地1建物1車位1,七層,25,住宅大樓(11層含以上有電梯),見其他登記事項,鋼筋混凝土造,1011015,145.87,3,1,2,有,無,有,60000,411,坡道平面,27.41,0,,RPVOMLPKOHLFFAO17CC
新竹市,建物,新竹市新竹市武陵路28號7樓之1,0.0,住,,,1050518,土地0建物1車位0,七層,26,住宅大樓(11層含以上有電梯),見其他登記事項,鋼筋混凝土造,0970826,197.39,3,2,2,有,有,有,29515,150,,0.0,0,含二代健保,RPOPMLRKOHLFFAO76CC
新竹市,建物,新竹市新竹市世界街36號十一樓,0.0,住,,,1050525,土地0建物1車位0,十一層,14,住宅大樓(11層含以上有電梯),見其他登記事項,鋼筋混凝土造,0980617,147.76,3,2,2,有,有,有,29000,196,,0.0,0,,RPQPMLRKOHLFFAO96CC
新竹市,建物,新竹市新竹市光華街２７巷１１號二樓,0.0,住,,,1050528,土地0建物1車位0,二層,5,公寓(5樓含以下無電梯),住家用,鋼筋混凝土造,0781208,127.17999999999999,4,2,2,有,無,無,16000,126,,0.0,0,,RPVQMLKLOHLFFAO96CC
新竹市,建物,新竹市新竹市埔頂三路９９號三樓,0.0,住,,,1050604,土地0建物1車位0,三層,14,住宅大樓(11層含以上有電梯),見其他登記事項,鋼筋混凝土造,1000501,154.49,4,2,2,有,有,無,26000,168,,0.0,0,,RPWNMLLLOHLFFAO86CC
新竹市,建物,新竹市新竹市龍山東路212號2樓之3,0.0,住,,,1050613,土地0建物1車位1,二層,23,住宅大樓(11層含以上有電梯),見其他登記事項,鋼筋混凝土造,1021125,230.23000000000002,4,2,2,有,有,有,30000,130,坡道平面,28.1,0,,RPPPMLLLOHLFFAO98CC
新竹市,建物,新竹市新竹市中正路26號,0.0,商,,,1050531,土地0建物1車位0,全,4,透天厝,商業用,加強磚造,,629.76,0,0,2,有,無,無,550000,873,,0.0,0,租金:第1-3年.每月55萬，第4-6年.每月56萬,RPXOMLOLOHLFFAO37CC
新竹市,建物,新竹市新竹市培英街51巷5號5樓,0.0,住,,,1050527,土地0建物1車位0,五層,5,公寓(5樓含以下無電梯),住家用,鋼筋混凝土造,0741230,90.39,2,2,1,有,無,有,15500,171,,0.0,0,,RPRNMLQLOHLFFAO86CC
新竹市,房地(土地+建物),新竹市新竹市新竹市食品路132號,85.0,其他,,,1050521,土地1建物1車位0,全,2,透天厝,住家用,加強磚造,,152.94,0,2,2,有,無,無,65000,425,,0.0,0,1樓店面3樓未建物保存登記,RPXNMLRLOHLFFAO57CC
新竹市,房地(土地+建物),新竹市新竹市和平路139巷60號,61.0,,鄉村區,乙種建築用地,1050603,土地1建物1車位0,全,2,透天厝,住家用,加強磚造,0621010,80.55,3,2,1,有,無,有,12000,149,,0.0,0,,RPQOMLRLOHLFFAO96CC
新竹市,建物,新竹市新竹市建功一路49巷2號4樓,0.0,住,,,1050604,土地0建物1車位0,四層,5,公寓(5樓含以下無電梯),住家用,鋼筋混凝土造,0730523,75.9,3,2,1,有,無,有,12000,158,,0.0,0,,RPROMLRLOHLFFAO07CC
新竹市,建物,新竹市新竹市中華路四段320號5樓,0.0,住,,,1050606,土地0建物1車位0,五層,12,住宅大樓(11層含以上有電梯),住家用,鋼筋混凝土造,0850125,111.3,3,2,2,有,有,有,11000,99,,0.0,0,,RPSOMLRLOHLFFAO17CC
新竹市,房地(土地+建物)+車位,新竹市新竹市光復路一段89巷139號6樓,29.08,住,,,1050530,土地4建物1車位1,六層,16,住宅大樓(11層含以上有電梯),住家用,鋼筋混凝土造,0870531,215.63,4,2,2,有,有,有,23000,107,坡道平面,0.0,0,,RPVNMLSLOHLFFAO47CC
新竹市,房地(土地+建物),新竹市新竹市明湖路400巷64弄18號,87.78,住,,,1050505,土地1建物1車位0,全,2,透天厝,住家用,鋼筋混凝土造,0780131,129.14,4,2,2,有,無,有,16000,124,,0.0,0,,RPOOMLSLOHLFFAO86CC
新竹市,建物,新竹市新竹市中正路１５７巷８號,0.0,商,,,1050609,土地0建物0車位0,全,5,透天厝,住家用,鋼筋混凝土造,0790503,22.15,5,5,5,有,有,無,6000,271,,0.0,0,,RPQOMLSLOHLFFAO07CC
新竹市,建物,新竹市新竹市中正路１５７巷８號,0.0,商,,,1050607,土地0建物0車位0,全,5,透天厝,住家用,鋼筋混凝土造,0790503,22.15,5,5,5,有,無,無,7500,339,,0.0,0,,RPROMLSLOHLFFAO17CC
新竹市,建物,新竹市新竹市武陵路163號14樓之1,0.0,住,,,1050606,土地0建物1車位0,十四層,15,住宅大樓(11層含以上有電梯),住家用,鋼筋混凝土造,0850131,81.91,3,2,1,有,有,有,16000,195,,0.0,0,租金含管理費約1200元,RPQNMLTLOHLFFAO07CC
新竹市,建物,新竹市新竹市新竹市鐵道路一段60號,0.0,其他,,,1050625,土地0建物1車位0,一層,14,住宅大樓(11層含以上有電梯),見其他登記事項,鋼筋混凝土造,1020916,193.97,0,0,0,無,有,無,68000,351,,0.0,0,,RPTNMLTLOHLFFAO37CC
新竹市,建物,新竹市新竹市新竹市東區中央路158號20樓之2,0.0,住,,,1050602,土地0建物1車位0,二十層,29,住宅大樓(11層含以上有電梯),見其他登記事項,鋼筋混凝土造,0961101,294.69,3,2,2,有,有,有,40000,136,,0.0,0,,RPVNMLTLOHLFFAO57CC
新竹市,建物,新竹市新竹市長安街103號,0.0,商,,,1050606,土地0建物1車位0,全,2,透天厝,住家用,加強磚造,0540614,86.65,2,2,2,有,無,無,10000,115,,0.0,0,,RPWNMLTLOHLFFAO77DC
新竹市,建物,新竹市新竹市明湖路１０５０巷１２４號５樓,0.0,,山坡地保育區,丙種建築用地,1050614,土地0建物1車位0,五層,5,公寓(5樓含以下無電梯),住家用,鋼筋混凝土造,0831114,61.04,2,1,1,有,無,有,10500,172,,0.0,0,,RPTUNLKMOHLFFAO37CC
新竹市,建物,新竹市新竹市中正路１５７巷８號,0.0,商,,,1050615,土地0建物0車位0,全,5,透天厝,住家用,鋼筋混凝土造,0790503,22.15,5,5,5,有,無,有,6000,271,,0.0,0,,RPVOMLLJPHLFFAO76CC
新竹市,房地(土地+建物)+車位,新竹市新竹市關新路213號14樓之5,37.34,住,,,1050624,土地1建物1車位1,十四層,21,住宅大樓(11層含以上有電梯),見其他登記事項,鋼筋混凝土造,0990723,253.61,4,2,2,有,有,有,48814,192,坡道平面,29.03,0,,RPUNMLMJPHLFFAO66CC
新竹市,房地(土地+建物)+車位,新竹市新竹市建中路59號11樓之2,26.59,住,,,1050627,土地1建物1車位1,一層,12,住宅大樓(11層含以上有電梯),見其他登記事項,鋼筋混凝土造,0870410,129.72,3,2,2,有,無,有,15000,116,一樓平面,0.0,0,,RPPNMLNJPHLFFAO88CC
新竹市,建物,新竹市新竹市光復路一段446號,0.0,住,,,1050614,土地0建物1車位0,全,3,透天厝,見使用執照,鋼筋混凝土造,0740406,224.96,0,0,2,有,無,無,85000,378,,0.0,0,店面,RPOPMLPJPHLFFAO56CC
新竹市,建物,新竹市新竹市世界街48號七樓,0.0,住,,,1050623,土地0建物1車位1,七層,14,住宅大樓(11層含以上有電梯),見其他登記事項,鋼筋混凝土造,0980617,153.57999999999998,2,2,1,有,有,有,45900,299,坡道平面,33.58,0,,RPPQMLPJPHLFFAO76CC
新竹市,建物,新竹市新竹市慈濟路222號四樓,0.0,住,,,1050617,土地0建物1車位1,四層,23,住宅大樓(11層含以上有電梯),見其他登記事項,鋼筋混凝土造,1040114,194.7,4,2,2,有,有,有,40950,210,坡道平面,0.0,0,租金內含發票稅,RPVNMLQJPHLFFAO17CC
新竹市,建物,新竹市新竹市林森路275號17樓之9,0.0,商,,,1050608,土地0建物1車位0,十七層,17,套房(1房1廳1衛),辦公室,鋼筋混凝土造,0860520,140.78,1,0,1,有,有,有,6500,46,,0.0,0,租金包含管理費.第四台.網路,RPSOMLQJPHLFFAO96CC
新竹市,建物,新竹市新竹市園後街67巷1號3樓,0.0,住,,,1050610,土地0建物1車位0,三層,5,公寓(5樓含以下無電梯),住家用,鋼筋混凝土造,0781007,159.24,4,2,2,有,無,有,16000,100,,0.0,0,,RPTOMLQJPHLFFAO07CC
新竹市,建物,新竹市新竹市中華路四段705之27號二樓,0.0,商,,,1050610,土地0建物1車位0,二層,6,套房(1房1廳1衛),見其他登記事項,鋼筋混凝土造,0960630,28.27,1,0,1,有,有,有,6500,230,,0.0,0,租金含管理費.網路.第四台,RPUOMLQJPHLFFAO17CC
新竹市,建物,新竹市新竹市林森路200巷32號,0.0,住,,,1050614,土地0建物1車位0,全,3,透天厝,工業用,鋼造,,170.4,3,2,3,有,無,無,17000,100,,0.0,0,,RPVOMLQJPHLFFAO27CC
新竹市,建物,新竹市新竹市振興路99巷14號3樓,0.0,住,,,1050620,土地0建物1車位0,三層,5,華廈(10層含以下有電梯),住家用,鋼筋混凝土造,0801205,69.11,2,2,1,有,無,有,15000,217,,0.0,0,,RPXOMLQJPHLFFAO47CC
新竹市,建物,新竹市新竹市明湖路751號地下三層之32,0.0,其他,,,1050615,土地0建物1車位0,地下三層,4,套房(1房1廳1衛),見其他登記事項,鋼筋混凝土造,0940220,48.34,1,0,1,有,有,有,10000,207,,0.0,0,租金含管理費.網路.第四台,RPOPMLQJPHLFFAO66CC
新竹市,建物,新竹市新竹市明湖路１０５０巷６號４樓,0.0,,山坡地保育區,丙種建築用地,1050619,土地0建物1車位1,四層,5,公寓(5樓含以下無電梯),住家用,鋼筋混凝土造,0821019,121.00999999999999,3,2,2,有,有,無,9000,74,坡道平面,0.0,0,,RPRPMLQJPHLFFAO96CC
新竹市,建物,新竹市新竹市南大路634巷15號5樓,0.0,住,,,1050611,土地0建物1車位0,五層,5,公寓(5樓含以下無電梯),住家用,鋼筋混凝土造,0701118,76.51,3,2,1,有,無,有,10000,131,,0.0,0,,RPRNMLKKPHLFFAO88CC
新竹市,建物,新竹市新竹市關東路158號三樓之1,0.0,住,,,1050615,土地0建物1車位0,三層,7,華廈(10層含以下有電梯),住家用,鋼筋混凝土造,0850511,106.49000000000001,3,2,2,有,無,有,14000,131,,0.0,0,,RPUNMLKKPHLFFAO56CC
新竹市,建物,新竹市新竹市水田街50巷19號2樓之2,0.0,住,,,1050615,土地0建物1車位0,二層,5,華廈(10層含以下有電梯),住家用,鋼筋混凝土造,0801230,96.52000000000001,2,2,1,有,無,有,12800,133,,0.0,0,含管理費約800元,RPWNMLKKPHLFFAO76CC
新竹市,建物,新竹市新竹市湳雅街212之4號2樓,0.0,住,,,1050617,土地0建物1車位1,二層,7,華廈(10層含以下有電梯),住家用,鋼筋混凝土造,0841009,139.81,3,2,2,有,有,有,14000,100,坡道平面,0.0,0,租金含管理費 約1500元/月,RPXNMLKKPHLFFAO86CC
新竹市,建物,新竹市新竹市振興一街１３９號,0.0,住,,,1050621,土地0建物0車位0,一層,5,公寓(5樓含以下無電梯),見其他登記事項,鋼筋混凝土造,0860203,21.72,5,5,5,有,無,有,6500,299,,0.0,0,,RPSOMLLKPHLFFAO56CC
新竹市,建物,新竹市新竹市埔頂三路１６０號四樓之３,0.0,住,,,1050623,土地0建物1車位1,四層,15,住宅大樓(11層含以上有電梯),見其他登記事項,鋼筋混凝土造,1010229,120.18,3,2,2,有,有,無,18000,150,坡道平面,32.6,0,,RPVOMLMKPHLFFAO96CC
新竹市,建物,新竹市新竹市香村路３００巷９５弄３號,0.0,,山坡地保育區,丙種建築用地,1050625,土地0建物1車位0,全,3,透天厝,住家用,鋼筋混凝土造,0840127,177.16,4,1,3,有,無,無,16000,90,,0.0,0,,RPPWMLNKPHLFFAO27CC
新竹市,建物,新竹市新竹市中正路40號,0.0,商,,,1050614,土地0建物1車位0,見其他登記事項,3,店面(店鋪),見其他登記事項,見其他登記事項,,439.84,0,0,0,無,無,無,530000,1205,,0.0,0,租金:第1-3年每月53萬，第4-5年每月55萬,RPSONLNKPHLFFAO86CC
新竹市,建物,新竹市新竹市振興一街１３９號,0.0,住,,,1050627,土地0建物0車位0,一層,5,公寓(5樓含以下無電梯),見其他登記事項,鋼筋混凝土造,0860203,21.72,5,5,5,有,無,有,5800,267,,0.0,0,,RPUPMLOKPHLFFAO17CC
新竹市,建物,新竹市新竹市振興一街１３９號５樓之１,0.0,住,,,1050626,土地0建物1車位0,五層,5,套房(1房1廳1衛),住家用,鋼筋混凝土造,0860203,32.91,1,1,1,有,無,無,7500,228,,0.0,0,,RPVPMLOKPHLFFAO27CC
新竹市,建物,新竹市新竹市東明街１０４號３樓,0.0,住,,,1050628,土地0建物1車位0,三層,17,住宅大樓(11層含以上有電梯),住家用,鋼筋混凝土造,0830808,148.44,4,2,2,有,有,有,24000,162,,0.0,0,,RPSOMLPKPHLFFAO96CC
新竹市,建物,新竹市新竹市中正路１５７巷８號,0.0,商,,,1050629,土地0建物0車位0,全,5,透天厝,住家用,鋼筋混凝土造,0790503,22.15,5,5,5,有,無,無,6000,271,,0.0,0,,RPUOMLPKPHLFFAO17CC
新竹市,建物,新竹市新竹市牛埔路３４６巷７８之１號,0.0,農,,,1050630,土地0建物1車位0,全,1,透天厝,見其他登記事項,鋼筋混凝土造,1030426,63.63,1,1,1,有,無,無,12000,189,,0.0,0,,RPVOMLPKPHLFFAO27CC
新竹市,建物,新竹市新竹市中華路三段9號6樓之8,0.0,商,,,1050713,土地0建物1車位0,六層,16,辦公商業大樓,辦公室,鋼筋混凝土造,0800708,64.71,0,0,0,無,無,無,8500,131,,0.0,0,,RPTNMLTKPHLFFAO37CC
新竹市,房地(土地+建物),新竹市新竹市明湖路143號 143之1 143之2 143之3 143之4 143之5 143之6號,664.0,住,,,1050620,土地10建物7車位0,全,2,透天厝,住家用,加強磚造,0620726,728.9,0,0,0,無,無,無,100000,137,,0.0,0,,RPUPMLTKPHLFFAO67CC
新竹市,建物,新竹市新竹市東大路二段172巷1弄3號2樓,0.0,住,,,1050626,土地0建物1車位0,二層,10,華廈(10層含以下有電梯),住家用,鋼筋混凝土造,0870615,156.31,3,2,2,有,有,有,12000,77,,0.0,0,,RPWNMLKLPHLFFAO86CC
新竹市,建物,新竹市新竹市立鵬路102號3樓,0.0,商,,,1050612,土地0建物1車位1,三層,25,住宅大樓(11層含以上有電梯),見其他登記事項,鋼筋混凝土造,1031117,163.58,4,2,2,有,有,無,23000,141,坡道平面,18.48,0,,RPXNMLKLPHLFFAO17EC
新竹市,房地(土地+建物)+車位,新竹市新竹市埔頂路161號,11.54,住,,,1050713,土地3建物1車位1,一層,8,店面(店鋪),商業用,鋼筋混凝土造,0841208,87.72,0,0,0,無,有,無,14000,160,坡道平面,0.0,0,,RPTPNLLLPHLFFAO96CC
新竹市,建物,新竹市新竹市科技五路2號,0.0,其他,,,1050628,土地0建物0車位0,五層,6,廠辦,見其他登記事項,鋼筋混凝土造,0870828,1487.6,1,0,1,有,有,無,382500,257,,0.0,0,,RPPNOLLLPHLFFAO09CC
新竹市,建物,新竹市新竹市長和街20巷2號5樓,0.0,住,,,1050623,土地0建物1車位0,五層,5,華廈(10層含以下有電梯),住家用,鋼筋混凝土造,,111.53,3,2,2,有,有,有,15000,134,,0.0,0,含管理費1000元,RPSTMLMLPHLFFAO27CC
新竹市,建物,新竹市新竹市中山路296巷3號5樓,73.11,住,,,1050624,土地0建物1車位0,五層,5,公寓(5樓含以下無電梯),住家用,鋼筋混凝土造,0840629,93.17,3,2,1,有,無,有,10000,107,,0.0,0,,RPUTMLMLPHLFFAO47CC
新竹市,建物,新竹市新竹市園後街56號2樓,0.0,住,,,1050624,土地0建物1車位0,二層,5,華廈(10層含以下有電梯),住家用,鋼筋混凝土造,0800918,79.4,3,2,1,有,無,有,13000,164,,0.0,0,含管理費500元,RPVTMLMLPHLFFAO57CC
新竹市,建物,新竹市新竹市光復路二段409號,0.0,商,,,1050624,土地0建物2車位2,一層,14,店面(店鋪),見其他登記事項,鋼筋混凝土造,0940801,122.06,0,0,0,無,有,無,55000,451,坡道平面,0.0,0,租金含管理費共3400元。現況兩戶打通。,RPRQMLPLPHLFFAO17CC
新竹市,建物,新竹市新竹市江山街25號5樓之2,0.0,商,,,1050712,土地0建物1車位0,五層,11,住宅大樓(11層含以上有電梯),見其他登記事項,鋼筋混凝土造,1011015,193.97,3,2,2,有,有,有,34643,179,,0.0,0,含二代健保,RPSQMLPLPHLFFAO27CC
新竹市,房地(土地+建物)+車位,新竹市新竹市北大路12號11樓之2,2.12,住,,,1050320,土地1建物1車位1,十一層,28,住宅大樓(11層含以上有電梯),見其他登記事項,鋼骨鋼筋混凝土造,0960703,168.23000000000002,3,2,2,有,有,有,45000,267,升降機械,16.27,0,租金含管理費,RPQRMLPLPHLFFAO37EC
新竹市,建物,新竹市新竹市振興一街１３９號２樓之４,0.0,住,,,1050707,土地0建物1車位0,二層,5,套房(1房1廳1衛),住家用,鋼筋混凝土造,0850805,28.35,1,1,1,有,無,無,7000,247,,0.0,0,,RPXOMLQLPHLFFAO67CC
新竹市,建物,新竹市新竹市東華路7號十樓之1,4012.0,住,,,1050625,土地0建物1車位1,十層,15,住宅大樓(11層含以上有電梯),見其他登記事項,鋼筋混凝土造,1030829,147.61,3,2,2,有,有,有,18000,122,坡道平面,37.43,0,租金含管理費1650元,RPQQMLQLPHLFFAO17CC
新竹市,建物,新竹市新竹市鐵道路一段28巷89號4樓,0.0,其他,,,1050711,土地0建物1車位1,四層,14,住宅大樓(11層含以上有電梯),見其他登記事項,鋼筋混凝土造,1020916,149.55,3,2,2,有,有,有,32460,217,坡道平面,0.0,0,含二代健保,RPRSMLQLPHLFFAO47CC
新竹市,建物,新竹市新竹市中華路三段9號11樓之4,0.0,商,,,1050726,土地0建物1車位0,十一層,16,辦公商業大樓,辦公室,鋼筋混凝土造,0800708,67.41,0,0,0,無,有,無,10000,148,,0.0,0,,RPOPMLRLPHLFFAO96CC
新竹市,建物,新竹市新竹市中正路１５７巷８號,0.0,商,,,1050706,土地0建物0車位0,全,5,透天厝,住家用,鋼筋混凝土造,0790503,22.15,5,5,5,有,無,有,6000,271,,0.0,0,,RPSPMLRLPHLFFAO37CC
新竹市,建物,新竹市新竹市東區東門街34巷38號19樓,0.0,商,,,1050630,土地0建物1車位0,十九層,25,住宅大樓(11層含以上有電梯),見其他登記事項,鋼筋混凝土造,1011015,230.56,3,2,3,有,有,有,45000,195,,0.0,0,,RPTPMLRLPHLFFAO47CC
新竹市,建物,新竹市新竹市光復路一段268巷12號6樓之1,0.0,商,,,1050625,土地0建物1車位1,六層,16,住宅大樓(11層含以上有電梯),住家用,鋼筋混凝土造,0850214,150.85999999999999,3,2,2,有,有,有,18000,119,坡道平面,0.0,0,租金含管理費1700元,RPRQMLRLPHLFFAO37CC
新竹市,建物,新竹市新竹市中華路一段384巷6弄6號3樓,0.0,住,,,1050629,土地0建物1車位0,三層,5,公寓(5樓含以下無電梯),住家用,鋼筋混凝土造,0771108,90.85,3,2,1,有,無,有,14000,154,,0.0,0,,RPPQMLSLPHLFFAO27CC
新竹市,建物,新竹市新竹市民族路１０９巷１３號２樓,0.0,住,,,1050710,土地0建物1車位0,二層,5,套房(1房1廳1衛),住家用,鋼筋混凝土造,0821001,43.400000000000006,1,1,1,有,無,有,8500,196,,0.0,0,,RPRRMLSLPHLFFAO57CC
新竹市,建物,新竹市新竹市光復路一段３３２號及３３４號,0.0,住,,,1050712,土地0建物0車位0,見其他登記事項,5,店面(店鋪),見其他登記事項,鋼筋混凝土造,0850713,438.6,0,0,0,無,無,無,120000,274,,0.0,0,租 地下一樓 + 一樓 + 二樓,RPPOMLTLPHLFFAO17CC
新竹市,建物,新竹市新竹市中華路二段213號六樓,0.0,商,,,1050701,土地0建物1車位1,六層,18,住宅大樓(11層含以上有電梯),見其他登記事項,鋼筋混凝土造,1020615,179.47,2,2,2,有,有,有,42500,237,坡道平面,32.2,0,,RPPNMLLMPHLFFAO98CC
新竹市,建物,新竹市新竹市公道五路二段299號5樓,0.0,住,,,1050701,土地0建物1車位1,五層,14,住宅大樓(11層含以上有電梯),見其他登記事項,鋼筋混凝土造,0980922,261.8,3,2,2,有,有,有,61231,234,坡道平面,37.63,0,租金含稅,RPQNMLLMPHLFFAO09CC
新竹市,建物,新竹市新竹市鐵道路一段28巷31號四樓,0.0,商,,,1050706,土地0建物1車位0,四層,14,住宅大樓(11層含以上有電梯),見其他登記事項,鋼筋混凝土造,1000718,127.51,3,2,2,有,有,有,35102,275,坡道平面,24.27,0,租金含稅,RPRNMLLMPHLFFAO56CC
新竹市,建物,新竹市新竹市八德路173號十四樓,0.0,商,,,1050718,土地0建物1車位1,十四層,14,住宅大樓(11層含以上有電梯),辦公室,鋼筋混凝土造,0971126,140.08,3,2,2,有,有,有,38888,278,坡道平面,23.25,0,含10%租賃所得稅及1.91%二代健保,RPUNMLLMPHLFFAO86CC
新竹市,建物,新竹市新竹市公道五路二段377號四樓,0.0,住,,,1050716,土地0建物1車位1,四層,13,住宅大樓(11層含以上有電梯),見其他登記事項,鋼筋混凝土造,0961206,211.14,3,2,2,有,有,有,43995,208,坡道平面,24.58,0,含稅,RPVNMLLMPHLFFAO96CC
