﻿鄉鎮市區,交易標的,土地位置建物門牌,土地移轉總面積平方公尺,都市土地使用分區,非都市土地使用分區,非都市土地使用編定,交易年月日,交易筆棟數,移轉層次,總樓層數,建物型態,主要用途,主要建材,建築完成年月,建物移轉總面積平方公尺,建物現況格局-房,建物現況格局-廳,建物現況格局-衛,建物現況格局-隔間,有無管理組織,總價元,單價元平方公尺,車位類別,車位移轉總面積平方公尺,車位總價元,備註,編號
The villages and towns urban district,transaction sign,land sector position building sector house number plate,land shifting total area square meter,the use zoning or compiles and checks,the non-metropolis land use district,non-metropolis land use,transaction year month and day,transaction pen number,shifting level,total floor number,building state,main use,main building materials,construction to complete the years,building shifting total area,Building present situation pattern - room,building present situation pattern - hall,building present situation pattern - health,building present situation pattern - compartmented,Whether there is manages the organization,total price NTD,the unit price (NTD / square meter),the berth category,berth shifting total area square meter,the berth total price NTD,the note,serial number
潭子區,房地(土地+建物),臺中市潭子區頭張段3地號等土地 - A2,100.59,住,,,1020613,土地2建物1車位0,全,4,透天厝,住家用,鋼筋混凝土造,,220.39,4,2,4,有,無,13100000,59440,,0.0,0,,RPQNMLKLNHKFFFL68CB
潭子區,房地(土地+建物),臺中市潭子區頭張段3地號等土地- A3,103.13,住,,,1020615,土地2建物1車位0,全,4,透天厝,住家用,鋼筋混凝土造,,220.39,4,2,4,有,無,13200000,59894,,0.0,0,,RPRNMLKLNHKFFFL78CB
潭子區,房地(土地+建物),臺中市潭子區頭張段3地號等土地 -A5,107.06,住,,,1021017,土地2建物1車位0,全,4,透天厝,住家用,鋼筋混凝土造,,220.4,4,2,4,有,無,13000000,58984,,0.0,0,,RPSNMLKLNHKFFFL88CB
潭子區,房地(土地+建物),臺中市潭子區頭張段3地號等土地  A6,91.23,住,,,1020402,土地2建物1車位0,全,4,透天厝,住家用,鋼筋混凝土造,,217.85,4,2,4,有,無,13500000,61969,,0.0,0,,RPTNMLKLNHKFFFL98CB
潭子區,房地(土地+建物),臺中市潭子區頭張段3地號等土地 - A8,91.23,住,,,1020506,土地2建物1車位0,全,4,透天厝,住家用,鋼筋混凝土造,,220.4,4,2,4,有,無,13580000,61615,,0.0,0,,RPUNMLKLNHKFFFL09CB
潭子區,房地(土地+建物),臺中市潭子區頭張段3地號等土地 - A9,91.23,住,,,1020504,土地2建物1車位0,全,4,透天厝,住家用,鋼筋混凝土造,,220.4,4,2,4,有,無,13500000,61252,,0.0,0,,RPVNMLKLNHKFFFL56CB
潭子區,房地(土地+建物),臺中市潭子區頭張段3地號等土地 - B8,99.23,住,,,1020526,土地3建物1車位0,全,4,透天厝,住家用,鋼筋混凝土造,,286.31,4,2,4,有,無,15600000,54486,,0.0,0,,RPWNMLKLNHKFFFL66CB
潭子區,房地(土地+建物),臺中市潭子區頭張段3地號等土地  B9,99.23,住,,,1030612,土地3建物1車位0,全,4,透天厝,住家用,鋼筋混凝土造,,286.31,4,2,4,有,無,15500000,54137,,0.0,0,,RPXNMLKLNHKFFFL76CB
潭子區,房地(土地+建物),臺中市潭子區頭張段3地號等土地  C10,99.23,住,,,1030429,土地3建物1車位0,全,4,透天厝,住家用,鋼筋混凝土造,,286.31,4,2,4,有,無,15000000,52391,,0.0,0,,RPOOMLKLNHKFFFL58CB
潭子區,房地(土地+建物),臺中市潭子區頭張段3地號等土地 - C8,99.23,住,,,1021231,土地3建物1車位0,全,4,透天厝,住家用,鋼筋混凝土造,,286.31,4,2,4,有,無,15500000,54137,,0.0,0,,RPPOMLKLNHKFFFL68CB
潭子區,房地(土地+建物),臺中市潭子區頭張段3地號等土地  C9,99.23,住,,,1030429,土地3建物1車位0,全,4,透天厝,住家用,鋼筋混凝土造,,286.31,4,2,4,有,無,15000000,52391,,0.0,0,,RPQOMLKLNHKFFFL78CB
潭子區,房地(土地+建物),臺中市潭子區頭張段3地號等土地  D11,134.11,住,,,1030619,土地3建物1車位0,全,4,透天厝,住家用,鋼筋混凝土造,,303.6,4,2,4,有,無,15080000,49671,,0.0,0,,RPROMLKLNHKFFFL88CB
潭子區,房地(土地+建物),臺中市潭子區頭張段3地號等土地 - D2,99.23,住,,,1020429,土地3建物1車位0,全,4,透天厝,住家用,鋼筋混凝土造,,286.31,4,2,4,有,無,16100000,56233,,0.0,0,,RPSOMLKLNHKFFFL98CB
潭子區,房地(土地+建物),臺中市潭子區頭張段3地號等土地- D3,99.23,住,,,1021215,土地3建物1車位0,全,4,透天厝,住家用,鋼筋混凝土造,,286.31,4,2,4,有,無,15500000,54137,,0.0,0,,RPTOMLKLNHKFFFL09CB
潭子區,房地(土地+建物),臺中市潭子區頭張段3地號等土地  D7,99.23,住,,,1030419,土地3建物1車位0,全,4,透天厝,住家用,鋼筋混凝土造,,286.31,4,2,4,有,無,15500000,54137,,0.0,0,,RPUOMLKLNHKFFFL56CB
潭子區,房地(土地+建物),臺中市潭子區頭張段3地號等土地  D9,99.23,住,,,1020611,土地3建物1車位0,全,4,透天厝,住家用,鋼筋混凝土造,,286.31,4,2,4,有,無,15500000,54137,,0.0,0,,RPVOMLKLNHKFFFL66CB
潭子區,房地(土地+建物),臺中市潭子區頭張段3地號等土地- E5,99.24,住,,,1020610,土地3建物1車位0,全,4,透天厝,住家用,鋼筋混凝土造,,286.31,4,2,4,有,無,16280000,56861,,0.0,0,,RPWOMLKLNHKFFFL76CB
潭子區,房地(土地+建物),臺中市潭子區頭張段3地號等土地  E7,99.23,住,,,1030404,土地3建物1車位0,全,4,透天厝,住家用,鋼筋混凝土造,,286.31,4,2,4,有,無,15600000,54486,,0.0,0,,RPXOMLKLNHKFFFL86CB
潭子區,房地(土地+建物),臺中市潭子區頭張段3地號等土地 F5,99.23,住,,,1030603,土地3建物1車位0,全,4,透天厝,住家用,鋼筋混凝土造,,286.31,4,2,4,有,無,15250000,53264,,0.0,0,,RPOPMLKLNHKFFFL68CB
潭子區,房地(土地+建物),臺中市潭子區頭張段3地號等土地  F6,99.23,住,,,1030514,土地3建物1車位0,全,4,透天厝,住家用,鋼筋混凝土造,,286.31,4,2,4,有,無,15500000,54137,,0.0,0,,RPPPMLKLNHKFFFL78CB
潭子區,房地(土地+建物),臺中市潭子區頭張段3地號等土地  F7,99.23,住,,,1020601,土地3建物1車位0,全,4,透天厝,住家用,鋼筋混凝土造,,286.31,4,2,4,有,無,15600000,54486,,0.0,0,,RPQPMLKLNHKFFFL88CB
潭子區,房地(土地+建物),臺中市潭子區頭張段3地號等土地  特D1,179.03,住,,,1020717,土地3建物1車位0,全,4,透天厝,住家用,鋼筋混凝土造,,510.11,7,2,7,有,無,23000000,45088,,0.0,0,,RPRPMLKLNHKFFFL98CB
潭子區,房地(土地+建物),臺中市潭子區頭張段3地號等土地 特E11,142.04,住,,,1030530,土地3建物1車位0,全,4,透天厝,住家用,鋼筋混凝土造,,350.94,4,2,4,有,無,20500000,58415,,0.0,0,,RPSPMLKLNHKFFFL09CB
潭子區,房地(土地+建物),臺中市潭子區頭張段3地號等土地- 特F1,142.7,住,,,1021021,土地3建物1車位0,全,4,透天厝,住家用,鋼筋混凝土造,,324.89,4,2,4,有,無,17500000,53864,,0.0,0,,RPTPMLKLNHKFFFL56CB
潭子區,房地(土地+建物),臺中市潭子區頭張段3地號等土地  特F11,122.17,住,,,1030307,土地3建物1車位0,全,4,透天厝,住家用,鋼筋混凝土造,,339.9,5,2,5,有,無,18800000,55310,,0.0,0,,RPUPMLKLNHKFFFL66CB
潭子區,房地(土地+建物),臺中市潭子區頭張段3地號等土地 特F8,161.11,住,,,1021014,土地3建物1車位0,全,4,透天厝,住家用,鋼筋混凝土造,,488.69,6,2,6,有,無,21500000,43995,,0.0,0,,RPVPMLKLNHKFFFL76CB
潭子區,房地(土地+建物),臺中市潭子區頭張段3地號等土地 特G1,115.32,住,,,1030629,土地3建物1車位0,全,4,透天厝,住家用,鋼筋混凝土造,,331.86,4,2,4,有,無,18780000,56590,,0.0,0,,RPWPMLKLNHKFFFL86CB
潭子區,房地(土地+建物),臺中市潭子區頭張段3地號等土地 -特G10,115.32,住,,,1030212,土地3建物1車位0,全,4,透天厝,住家用,鋼筋混凝土造,,331.86,4,2,4,有,無,19550000,58910,,0.0,0,,RPXPMLKLNHKFFFL96CB
潭子區,房地(土地+建物),臺中市潭子區頭張段3地號等土地- 特G12,121.11,住,,,1021117,土地3建物1車位0,全,4,透天厝,住家用,鋼筋混凝土造,,331.57,4,2,4,有,無,20300000,61224,,0.0,0,,RPOQMLKLNHKFFFL78CB
潭子區,房地(土地+建物),臺中市潭子區頭張段3地號等土地 特G3,115.32,住,,,1030630,土地3建物1車位0,全,4,透天厝,住家用,鋼筋混凝土造,,331.83,4,2,4,有,無,18880000,56897,,0.0,0,,RPPQMLKLNHKFFFL88CB
潭子區,房地(土地+建物),臺中市潭子區頭張段3地號等土地- 特G5,115.32,住,,,1021223,土地3建物1車位0,全,4,透天厝,住家用,鋼筋混凝土造,,331.86,4,2,4,有,無,18600000,56048,,0.0,0,,RPQQMLKLNHKFFFL98CB
潭子區,房地(土地+建物),臺中市潭子區頭張段3地號- 特G6,115.34,住,,,1020227,土地3建物1車位0,全,4,透天厝,住家用,鋼筋混凝土造,,331.87,4,2,4,有,無,18500000,55745,,0.0,0,,RPRQMLKLNHKFFFL09CB
潭子區,房地(土地+建物),臺中市潭子區頭張段3地號等土地 - 特G7,115.33,住,,,1020918,土地3建物1車位0,全,4,透天厝,住家用,鋼筋混凝土造,,331.83,4,2,4,有,無,18600000,56053,,0.0,0,,RPSQMLKLNHKFFFL56CB
潭子區,房地(土地+建物),臺中市潭子區頭張段3地號等土地 -特G8,115.33,住,,,1020918,土地3建物1車位0,全,4,透天厝,住家用,鋼筋混凝土造,,331.83,4,2,4,有,無,18550000,55902,,0.0,0,,RPTQMLKLNHKFFFL66CB
潭子區,房地(土地+建物),臺中市潭子區頭張段3地號等土地 -特G9,115.33,住,,,1020712,土地3建物1車位0,全,4,透天厝,住家用,鋼筋混凝土造,,331.87,4,2,4,有,無,18380000,55383,,0.0,0,,RPUQMLKLNHKFFFL76CB
潭子區,房地(土地+建物),臺中市潭子區頭張段3地號等土地 -特H2,112.98,住,,,1021113,土地3建物1車位0,全,4,透天厝,住家用,鋼筋混凝土造,,306.01,4,2,4,有,無,17900000,58495,,0.0,0,,RPVQMLKLNHKFFFL86CB
潭子區,房地(土地+建物),臺中市潭子區頭張段3地號等土地  特H5,112.85,住,,,1030321,土地3建物1車位0,全,4,透天厝,住家用,鋼筋混凝土造,,306.01,4,2,4,有,無,18200000,59475,,0.0,0,,RPWQMLKLNHKFFFL96CB
潭子區,房地(土地+建物),臺中市潭子區頭張段3地號等土地- 特H6,112.82,住,,,1030603,土地3建物1車位0,全,4,透天厝,住家用,鋼筋混凝土造,,306.01,4,2,4,有,無,18000000,58822,,0.0,0,,RPXQMLKLNHKFFFL07CB
潭子區,房地(土地+建物),臺中市潭子區頭張段3地號等土地- 特H7,112.92,住,,,1021020,土地3建物1車位0,全,4,透天厝,住家用,鋼筋混凝土造,,306.01,4,2,4,有,無,17360000,56730,,0.0,0,,RPORMLKLNHKFFFL88CB
潭子區,房地(土地+建物),臺中市潭子區頭張段3地號等土地  特H9,146.37,住,,,1030519,土地3建物1車位0,全,4,透天厝,住家用,鋼筋混凝土造,,339.9,4,2,4,有,無,21400000,62960,,0.0,0,,RPPRMLKLNHKFFFL98CB
北屯區,房地(土地+建物)+車位,臺中市北屯區台中市北屯區軍福段282地號 A 棟3 樓,27.23,住,,,1031017,土地1建物1車位1,三層,12,住宅大樓(11層含以上有電梯),住家用,鋼筋混凝土造,,170.73,3,2,2,有,無,9880000,57869,坡道平面,0.0,1200000,,RPTNMLTLNHKFFBB48CB
北屯區,房地(土地+建物)+車位,臺中市北屯區台中市北屯區軍福段282地號 A 棟4樓,26.66,住,,,1040119,土地1建物1車位1,四層,12,住宅大樓(11層含以上有電梯),住家用,鋼筋混凝土造,,132.91,3,2,2,有,無,9280000,69822,坡道平面,0.0,1200000,,RPUNMLTLNHKFFBB58CB
北屯區,房地(土地+建物)+車位,臺中市北屯區台中市北屯區軍福段282地號 A 棟6樓,27.23,住,,,1030308,土地1建物1車位1,六層,12,住宅大樓(11層含以上有電梯),住家用,鋼筋混凝土造,,170.73,3,2,2,有,無,9580000,56112,坡道平面,0.0,1200000,,RPVNMLTLNHKFFBB68CB
北屯區,房地(土地+建物)+車位,臺中市北屯區台中市北屯區軍福段282地號 A 棟7樓,27.23,住,,,1021114,土地1建物1車位1,七層,12,住宅大樓(11層含以上有電梯),住家用,鋼筋混凝土造,,170.73,3,2,2,有,無,9250000,54179,坡道平面,0.0,1150000,,RPXNMLTLNHKFFBB88CB
北屯區,房地(土地+建物)+車位,臺中市北屯區台中市北屯區軍福段282地號 A 棟8樓,27.23,住,,,1030705,土地1建物1車位1,八層,12,住宅大樓(11層含以上有電梯),住家用,鋼筋混凝土造,,170.73,3,2,2,有,無,10000000,58572,坡道平面,0.0,1200000,,RPOOMLTLNHKFFBB08CB
北屯區,房地(土地+建物)+車位,臺中市北屯區台中市北屯區軍福段282地號 A 棟9樓,27.23,住,,,1021011,土地1建物1車位1,九層,12,住宅大樓(11層含以上有電梯),住家用,鋼筋混凝土造,,170.73,3,2,2,有,無,9400000,55058,坡道平面,0.0,1150000,,RPPOMLTLNHKFFBB18CB
北屯區,房地(土地+建物)+車位,臺中市北屯區台中市北屯區軍福段282地號 A 棟10樓,27.23,住,,,1021215,土地1建物1車位1,十層,12,住宅大樓(11層含以上有電梯),住家用,鋼筋混凝土造,,170.73,3,2,2,有,無,9500000,55643,坡道平面,0.0,1150000,,RPROMLTLNHKFFBB38CB
北屯區,房地(土地+建物)+車位,臺中市北屯區台中市北屯區軍福段282地號 A 棟11樓,26.68,住,,,1030913,土地1建物1車位1,十一層,12,住宅大樓(11層含以上有電梯),住家用,鋼筋混凝土造,,165.42,3,2,2,有,無,10020000,60573,坡道平面,0.0,1200000,,RPSOMLTLNHKFFBB48CB
北屯區,房地(土地+建物)+車位,臺中市北屯區台中市北屯區軍福段282地號B棟2樓,27.7,住,,,1030915,土地1建物1車位1,二層,12,住宅大樓(11層含以上有電梯),住家用,鋼筋混凝土造,,168.18,3,2,2,有,無,9700000,57676,坡道平面,0.0,1200000,,RPTOMLTLNHKFFBB58CB
北屯區,房地(土地+建物)+車位,臺中市北屯區台中市北屯區軍福段282地號B棟3樓,27.15,住,,,1021217,土地1建物1車位1,三層,12,住宅大樓(11層含以上有電梯),住家用,鋼筋混凝土造,,168.18,3,2,2,有,無,9550000,56784,坡道平面,0.0,1100000,,RPVOMLTLNHKFFBB78CB
北屯區,房地(土地+建物)+車位,臺中市北屯區台中市北屯區軍福段282地號B棟4樓,27.7,住,,,1030212,土地1建物1車位1,四層,12,住宅大樓(11層含以上有電梯),住家用,鋼筋混凝土造,,173.49,3,2,2,有,無,9980000,57525,坡道平面,0.0,1150000,,RPWOMLTLNHKFFBB88CB
北屯區,房地(土地+建物)+車位,臺中市北屯區台中市北屯區軍福段282地號B棟5樓,27.15,住,,,1021026,土地1建物1車位1,五層,12,住宅大樓(11層含以上有電梯),住家用,鋼筋混凝土造,,168.18,3,2,2,有,無,9550000,56784,坡道平面,0.0,1100000,,RPOPMLTLNHKFFBB18CB
北屯區,房地(土地+建物)+車位,臺中市北屯區台中市北屯區軍福段282地號B棟6樓,27.15,住,,,1030406,土地1建物1車位1,六層,12,住宅大樓(11層含以上有電梯),住家用,鋼筋混凝土造,,168.18,3,2,2,有,無,9980000,59341,坡道平面,0.0,1100000,,RPPPMLTLNHKFFBB28CB
北屯區,房地(土地+建物)+車位,臺中市北屯區台中市北屯區軍福段282地號B棟7樓,27.7,住,,,1030427,土地1建物1車位1,七層,12,住宅大樓(11層含以上有電梯),住家用,鋼筋混凝土造,,173.49,3,2,2,有,無,10200000,58793,坡道平面,0.0,1200000,,RPQPMLTLNHKFFBB38CB
北屯區,房地(土地+建物)+車位,臺中市北屯區台中市北屯區軍福段282地號B棟8樓,27.7,住,,,1021202,土地1建物1車位1,八層,12,住宅大樓(11層含以上有電梯),住家用,鋼筋混凝土造,,173.49,3,2,2,有,無,9800000,56487,坡道平面,0.0,1150000,,RPRPMLTLNHKFFBB48CB
北屯區,房地(土地+建物)+車位,臺中市北屯區台中市北屯區軍福段282地號B棟9樓,27.7,住,,,1030509,土地1建物1車位1,九層,12,住宅大樓(11層含以上有電梯),住家用,鋼筋混凝土造,,173.49,3,2,2,有,無,10280000,59254,坡道平面,0.0,1200000,,RPSPMLTLNHKFFBB58CB
北屯區,房地(土地+建物)+車位,臺中市北屯區台中市北屯區軍福段282地號B棟10樓,27.7,住,,,1030212,土地1建物1車位1,十層,12,住宅大樓(11層含以上有電梯),住家用,鋼筋混凝土造,,173.49,3,2,2,有,無,10200000,58793,坡道平面,0.0,1150000,,RPTPMLTLNHKFFBB68CB
北屯區,房地(土地+建物)+車位,臺中市北屯區台中市北屯區軍福段282地號B棟11樓,27.7,住,,,1030617,土地1建物1車位1,十一層,12,住宅大樓(11層含以上有電梯),住家用,鋼筋混凝土造,,173.49,3,2,2,有,無,10800000,62251,坡道平面,0.0,1300000,,RPUPMLTLNHKFFBB78CB
北屯區,房地(土地+建物)+車位,臺中市北屯區台中市北屯區軍福段282地號B棟12樓,27.7,住,,,1030825,土地1建物1車位1,十二層,12,住宅大樓(11層含以上有電梯),住家用,鋼筋混凝土造,,173.49,3,2,2,有,無,10630000,61272,坡道平面,0.0,1200000,,RPVPMLTLNHKFFBB88CB
北屯區,房地(土地+建物)+車位,臺中市北屯區台中市北屯區軍福段282地號C棟2樓,31.21,住,,,1021130,土地1建物1車位1,二層,12,住宅大樓(11層含以上有電梯),住家用,鋼筋混凝土造,,193.55,3,2,2,有,無,11200000,57866,坡道平面,0.0,1200000,,RPXPMLTLNHKFFBB09CB
北屯區,房地(土地+建物)+車位,臺中市北屯區台中市北屯區軍福段282地號C棟3樓,31.21,住,,,1030426,土地1建物1車位1,三層,12,住宅大樓(11層含以上有電梯),住家用,鋼筋混凝土造,,193.55,3,2,2,有,無,11250000,58125,坡道平面,0.0,1200000,,RPOQMLTLNHKFFBB28CB
北屯區,房地(土地+建物)+車位,臺中市北屯區台中市北屯區軍福段282地號C棟4樓,31.21,住,,,1030426,土地1建物1車位1,四層,12,住宅大樓(11層含以上有電梯),住家用,鋼筋混凝土造,,155.87,3,2,2,有,無,11000000,70572,坡道平面,0.0,1300000,,RPPQMLTLNHKFFBB38CB
北屯區,房地(土地+建物)+車位,臺中市北屯區台中市北屯區軍福段282地號C棟5樓,31.21,住,,,1030304,土地1建物1車位1,五層,12,住宅大樓(11層含以上有電梯),住家用,鋼筋混凝土造,,193.55,3,2,2,有,無,11500000,59416,坡道平面,0.0,1200000,,RPUQMLTLNHKFFBB88CB
北屯區,房地(土地+建物)+車位,臺中市北屯區台中市北屯區軍福段282地號C棟6樓,31.21,住,,,1020907,土地1建物1車位1,六層,12,住宅大樓(11層含以上有電梯),住家用,鋼筋混凝土造,,193.55,3,2,2,有,無,10880000,56213,坡道平面,0.0,1200000,,RPVQMLTLNHKFFBB98CB
北屯區,房地(土地+建物)+車位,臺中市北屯區台中市北屯區軍福段282地號C棟7樓,31.21,住,,,1020907,土地1建物1車位1,七層,12,住宅大樓(11層含以上有電梯),住家用,鋼筋混凝土造,,193.55,3,2,2,有,無,10700000,55283,坡道平面,0.0,1200000,,RPWQMLTLNHKFFBB09CB
北屯區,房地(土地+建物)+車位,臺中市北屯區台中市北屯區軍福段282地號C棟8樓,31.21,住,,,1021018,土地1建物1車位1,八層,12,住宅大樓(11層含以上有電梯),住家用,鋼筋混凝土造,,193.55,3,2,2,有,無,10800000,55800,坡道平面,0.0,1150000,,RPORMLTLNHKFFBB38CB
北屯區,房地(土地+建物)+車位,臺中市北屯區台中市北屯區軍福段282地號C棟9樓,31.21,住,,,1020824,土地1建物1車位1,九層,12,住宅大樓(11層含以上有電梯),住家用,鋼筋混凝土造,,193.55,3,2,2,有,無,11880000,61379,坡道平面,0.0,1200000,,RPPRMLTLNHKFFBB48CB
北屯區,房地(土地+建物)+車位,臺中市北屯區台中市北屯區軍福段282地號C棟10樓,31.21,住,,,1011107,土地1建物1車位1,十層,12,住宅大樓(11層含以上有電梯),住家用,鋼筋混凝土造,,193.55,3,2,2,有,無,10980000,56730,坡道平面,0.0,1200000,,RPRRMLTLNHKFFBB68CB
北屯區,房地(土地+建物)+車位,臺中市北屯區台中市北屯區軍福段282地號D棟3樓,31.21,住,,,1030426,土地1建物1車位1,三層,12,住宅大樓(11層含以上有電梯),住家用,鋼筋混凝土造,,193.55,3,2,2,有,無,11250000,58125,坡道平面,0.0,1200000,,RPSRMLTLNHKFFBB78CB
北屯區,房地(土地+建物)+車位,臺中市北屯區台中市北屯區軍福段282地號D棟4樓,31.21,住,,,1030321,土地1建物1車位1,四層,12,住宅大樓(11層含以上有電梯),住家用,鋼筋混凝土造,,193.55,3,2,2,有,無,11300000,58383,坡道平面,0.0,1200000,,RPURMLTLNHKFFBB98CB
北屯區,房地(土地+建物)+車位,臺中市北屯區台中市北屯區軍福段282地號D棟5樓,31.21,住,,,1021013,土地1建物1車位1,五層,12,住宅大樓(11層含以上有電梯),住家用,鋼筋混凝土造,,193.55,3,2,2,有,無,10600000,54766,坡道平面,0.0,1200000,,RPVRMLTLNHKFFBB09CB
北屯區,房地(土地+建物)+車位,臺中市北屯區台中市北屯區軍福段282地號D棟6樓,31.21,住,,,1031217,土地1建物1車位1,六層,12,住宅大樓(11層含以上有電梯),住家用,鋼筋混凝土造,,193.55,3,2,2,有,無,11020000,56936,坡道平面,0.0,1150000,,RPWRMLTLNHKFFBB56CB
北屯區,房地(土地+建物)+車位,臺中市北屯區台中市北屯區軍福段282地號D棟7樓,31.21,住,,,1021018,土地1建物1車位1,七層,12,住宅大樓(11層含以上有電梯),住家用,鋼筋混凝土造,,193.55,3,2,2,有,無,10700000,55283,坡道平面,0.0,1200000,,RPXRMLTLNHKFFBB66CB
北屯區,房地(土地+建物)+車位,臺中市北屯區台中市北屯區軍福段282地號D棟9樓,31.21,住,,,1030531,土地1建物1車位1,九層,12,住宅大樓(11層含以上有電梯),住家用,鋼筋混凝土造,,193.55,3,2,2,有,無,12100000,62516,坡道平面,0.0,1300000,,RPOSMLTLNHKFFBB48CB
北屯區,房地(土地+建物)+車位,臺中市北屯區台中市北屯區軍福段282地號D棟10樓,31.21,住,,,1030101,土地1建物1車位1,十層,12,住宅大樓(11層含以上有電梯),住家用,鋼筋混凝土造,,193.55,3,2,2,有,無,11450000,59158,坡道平面,0.0,1200000,,RPPSMLTLNHKFFBB58CB
北屯區,房地(土地+建物)+車位,臺中市北屯區台中市北屯區軍福段282地號E棟3樓,27.7,住,,,1030106,土地1建物1車位1,三層,12,住宅大樓(11層含以上有電梯),住家用,鋼筋混凝土造,,173.49,3,2,2,有,無,9480000,54643,坡道平面,0.0,1150000,,RPQSMLTLNHKFFBB68CB
北屯區,房地(土地+建物)+車位,臺中市北屯區台中市北屯區軍福段282地號E棟4樓,27.7,住,,,1030321,土地1建物1車位1,四層,12,住宅大樓(11層含以上有電梯),住家用,鋼筋混凝土造,,173.49,3,2,2,有,無,9800000,56487,坡道平面,0.0,1200000,,RPRSMLTLNHKFFBB78CB
北屯區,房地(土地+建物)+車位,臺中市北屯區台中市北屯區軍福段282地號E棟5樓,27.7,住,,,1021216,土地1建物1車位1,五層,12,住宅大樓(11層含以上有電梯),住家用,鋼筋混凝土造,,173.49,3,2,2,有,無,9600000,55335,坡道平面,0.0,1150000,,RPSSMLTLNHKFFBB88CB
北屯區,房地(土地+建物)+車位,臺中市北屯區台中市北屯區軍福段282地號E棟6樓,27.7,住,,,1030314,土地1建物1車位1,六層,12,住宅大樓(11層含以上有電梯),住家用,鋼筋混凝土造,,173.49,3,2,2,有,無,9960000,57410,坡道平面,0.0,1200000,,RPTSMLTLNHKFFBB98CB
北屯區,房地(土地+建物)+車位,臺中市北屯區台中市北屯區軍福段282地號E棟7樓,27.7,住,,,1020912,土地1建物1車位1,七層,12,住宅大樓(11層含以上有電梯),住家用,鋼筋混凝土造,,173.49,3,2,2,有,無,9380000,54067,坡道平面,0.0,1150000,,RPWSMLTLNHKFFBB66CB
北屯區,房地(土地+建物)+車位,臺中市北屯區台中市北屯區軍福段282地號E棟8樓,27.7,住,,,1030306,土地1建物1車位1,八層,12,住宅大樓(11層含以上有電梯),住家用,鋼筋混凝土造,,173.49,3,2,2,有,無,10080000,58101,坡道平面,0.0,1200000,,RPXSMLTLNHKFFBB76CB
北屯區,房地(土地+建物)+車位,臺中市北屯區台中市北屯區軍福段282地號E棟9樓,27.7,住,,,1020907,土地1建物1車位1,九層,12,住宅大樓(11層含以上有電梯),住家用,鋼筋混凝土造,,173.49,3,2,2,有,無,9380000,54067,坡道平面,0.0,1150000,,RPPTMLTLNHKFFBB68CB
北屯區,房地(土地+建物)+車位,臺中市北屯區台中市北屯區軍福段282地號E棟10樓,27.7,住,,,1030509,土地1建物1車位1,十層,12,住宅大樓(11層含以上有電梯),住家用,鋼筋混凝土造,,173.49,3,2,2,有,無,10300000,59369,坡道平面,0.0,1200000,,RPQTMLTLNHKFFBB78CB
北屯區,房地(土地+建物)+車位,臺中市北屯區台中市北屯區軍福段282地號E棟11樓,27.7,住,,,1030608,土地1建物1車位1,十一層,12,住宅大樓(11層含以上有電梯),住家用,鋼筋混凝土造,,173.49,3,2,2,有,無,10800000,62251,坡道平面,0.0,1300000,,RPRTMLTLNHKFFBB88CB
北屯區,房地(土地+建物)+車位,臺中市北屯區台中市北屯區軍福段282地號F棟2樓,26.64,住,,,1040326,土地1建物1車位1,二層,12,住宅大樓(11層含以上有電梯),住家用,鋼筋混凝土造,,132.96,3,2,2,有,無,9000000,67690,坡道平面,0.0,1200000,,RPSTMLTLNHKFFBB98CB
北屯區,房地(土地+建物)+車位,臺中市北屯區台中市北屯區軍福段282地號F棟3樓,26.66,住,,,1040309,土地1建物1車位1,三層,12,住宅大樓(11層含以上有電梯),住家用,鋼筋混凝土造,,132.96,3,2,2,有,無,10400000,78219,坡道平面,0.0,1200000,,RPTTMLTLNHKFFBB09CB
北屯區,房地(土地+建物)+車位,臺中市北屯區台中市北屯區軍福段282地號F棟5樓,27.23,住,,,1021019,土地1建物1車位1,五層,12,住宅大樓(11層含以上有電梯),住家用,鋼筋混凝土造,,170.73,3,2,2,有,無,8950000,52422,坡道平面,0.0,1150000,,RPUTMLTLNHKFFBB56CB
北屯區,房地(土地+建物)+車位,臺中市北屯區台中市北屯區軍福段282地號F棟6樓,27.23,住,,,1021215,土地1建物1車位1,六層,12,住宅大樓(11層含以上有電梯),住家用,鋼筋混凝土造,,170.73,3,2,2,有,無,9500000,55643,坡道平面,0.0,1150000,,RPVTMLTLNHKFFBB66CB
北屯區,房地(土地+建物)+車位,臺中市北屯區台中市北屯區軍福段282地號F棟7樓,27.23,住,,,1030215,土地1建物1車位1,七層,12,住宅大樓(11層含以上有電梯),住家用,鋼筋混凝土造,,170.73,3,2,2,有,無,9700000,56815,坡道平面,0.0,1150000,,RPXTMLTLNHKFFBB86CB
北屯區,房地(土地+建物)+車位,臺中市北屯區台中市北屯區軍福段282地號F棟8樓,27.23,住,,,1021012,土地1建物1車位1,八層,12,住宅大樓(11層含以上有電梯),住家用,鋼筋混凝土造,,170.73,3,2,2,有,無,9300000,54472,坡道平面,0.0,1150000,,RPOUMLTLNHKFFBB68CB
北屯區,房地(土地+建物)+車位,臺中市北屯區台中市北屯區軍福段282地號F棟9樓,27.24,住,,,1030227,土地1建物1車位1,九層,12,住宅大樓(11層含以上有電梯),住家用,鋼筋混凝土造,,170.73,3,2,2,有,無,9800000,57401,坡道平面,0.0,1200000,,RPPUMLTLNHKFFBB78CB
北屯區,房地(土地+建物)+車位,臺中市北屯區台中市北屯區軍福段282地號F棟10樓,27.24,住,,,1021021,土地1建物1車位1,十層,12,住宅大樓(11層含以上有電梯),住家用,鋼筋混凝土造,,170.73,3,2,2,有,無,9300000,54472,坡道平面,0.0,1150000,,RPQUMLTLNHKFFBB88CB
北屯區,房地(土地+建物)+車位,臺中市北屯區台中市北屯區軍福段282地號 A 棟5樓,27.23,住,,,1031102,土地1建物1車位1,五層,12,住宅大樓(11層含以上有電梯),住家用,鋼筋混凝土造,,170.73,3,2,2,有,無,9800000,57401,坡道平面,0.0,1200000,,RPWTMLOJOHKFFBB78CB
清水區,房地(土地+建物)+車位,臺中市清水區光華段799、800、807、808、809、815、816地號,3170.52,住,,,1031115,土地1建物1車位1,四層,7,華廈(10層含以下有電梯),住家用,鋼筋混凝土造,,74.36,2,2,1,有,無,3770000,50699,升降機械,0.0,0,,RPRNMLMKOHKFFCL78DB
清水區,房地(土地+建物),臺中市清水區光華段799、800、807、808、809、815、816地號,3170.52,住,,,1031012,土地1建物1車位0,一層,7,華廈(10層含以下有電梯),住家用,鋼筋混凝土造,,61.64,1,1,1,有,無,2760000,44776,,0.0,0,,RPSNMLMKOHKFFCL88DB
清水區,房地(土地+建物)+車位,臺中市清水區光華段799、800、807、808、809、815、816地號,3170.52,住,,,1031106,土地1建物1車位1,一層,7,華廈(10層含以下有電梯),住家用,鋼筋混凝土造,,74.26,2,2,1,有,無,3850000,51845,升降機械,0.0,0,,RPTNMLMKOHKFFCL98DB
清水區,房地(土地+建物)+車位,臺中市清水區光華段799、800、807、808、809、815、816地號,3170.52,住,,,1031003,土地1建物1車位1,六層,7,華廈(10層含以下有電梯),住家用,鋼筋混凝土造,,78.16,2,2,1,有,無,4220000,53992,升降機械,0.0,0,,RPUNMLMKOHKFFCL09DB
清水區,房地(土地+建物)+車位,臺中市清水區光華段799、800、807、808、809、815、816地號,3170.52,住,,,1031003,土地1建物1車位1,六層,7,華廈(10層含以下有電梯),住家用,鋼筋混凝土造,,78.16,2,2,1,有,無,4220000,53992,升降機械,0.0,0,,RPVNMLMKOHKFFCL56DB
清水區,房地(土地+建物)+車位,臺中市清水區光華段799、800、807、808、809、815、816地號,3170.52,住,,,1031008,土地1建物1車位1,四層,7,華廈(10層含以下有電梯),住家用,鋼筋混凝土造,,104.55,3,2,2,有,無,5040000,48207,升降機械,0.0,0,,RPWNMLMKOHKFFCL66DB
清水區,房地(土地+建物),臺中市清水區光華段799、800、807、808、809、815、816地號,3170.52,住,,,1031012,土地1建物1車位0,四層,7,華廈(10層含以下有電梯),住家用,鋼筋混凝土造,,74.36,2,2,1,有,無,3310000,44513,,0.0,0,,RPXNMLMKOHKFFCL76DB
清水區,房地(土地+建物)+車位,臺中市清水區光華段799、800、807、808、809、815、816地號,3170.52,住,,,1031026,土地1建物1車位1,三層,7,華廈(10層含以下有電梯),住家用,鋼筋混凝土造,,61.64,1,1,1,有,無,3280000,53212,升降機械,0.0,0,,RPOOMLMKOHKFFCL58DB
清水區,房地(土地+建物)+車位,臺中市清水區光華段799、800、807、808、809、815、816地號,3170.52,住,,,1031012,土地1建物1車位1,七層,7,華廈(10層含以下有電梯),住家用,鋼筋混凝土造,,78.16,2,2,1,有,無,4200000,53736,升降機械,0.0,0,,RPPOMLMKOHKFFCL68DB
清水區,房地(土地+建物)+車位,臺中市清水區光華段799、800、807、808、809、815、816地號,3170.52,住,,,1031018,土地1建物1車位1,五層,7,華廈(10層含以下有電梯),住家用,鋼筋混凝土造,,104.55,3,2,2,有,無,5040000,48207,升降機械,0.0,0,,RPQOMLMKOHKFFCL78DB
清水區,房地(土地+建物)+車位,臺中市清水區光華段799、800、807、808、809、815、816地號,3170.52,住,,,1031008,土地1建物1車位1,七層,7,華廈(10層含以下有電梯),住家用,鋼筋混凝土造,,74.36,2,2,1,有,無,3930000,52851,升降機械,0.0,0,,RPSOMLMKOHKFFCL98DB
清水區,房地(土地+建物)+車位,臺中市清水區光華段799、800、807、808、809、815、816地號,3170.52,住,,,1031011,土地1建物1車位1,二層,7,華廈(10層含以下有電梯),住家用,鋼筋混凝土造,,78.16,2,2,1,有,無,3930000,50281,升降機械,0.0,0,,RPTOMLMKOHKFFCL09DB
清水區,房地(土地+建物),臺中市清水區光華段799、800、807、808、809、815、816地號,3170.52,住,,,1031106,土地1建物1車位0,二層,7,華廈(10層含以下有電梯),住家用,鋼筋混凝土造,,61.64,1,1,1,有,無,2760000,44776,,0.0,0,,RPVOMLMKOHKFFCL66DB
清水區,房地(土地+建物),臺中市清水區光華段799、800、807、808、809、815、816地號,3170.52,住,,,1031107,土地1建物1車位0,六層,7,華廈(10層含以下有電梯),住家用,鋼筋混凝土造,,61.64,1,1,1,有,無,2880000,46723,,0.0,0,,RPWOMLMKOHKFFCL76DB
清水區,房地(土地+建物)+車位,臺中市清水區光華段799、800、807、808、809、815、816地號,3170.52,住,,,1031006,土地1建物1車位1,三層,7,華廈(10層含以下有電梯),住家用,鋼筋混凝土造,,104.55,3,2,2,有,無,5270000,50407,升降機械,0.0,0,,RPXOMLMKOHKFFCL86DB
清水區,房地(土地+建物)+車位,臺中市清水區光華段799、800、807、808、809、815、816地號,3170.52,住,,,1031027,土地1建物1車位1,二層,7,華廈(10層含以下有電梯),住家用,鋼筋混凝土造,,74.26,2,2,1,有,無,3780000,50902,升降機械,0.0,0,,RPOPMLMKOHKFFCL68DB
清水區,房地(土地+建物)+車位,臺中市清水區光華段799、800、807、808、809、815、816地號,3170.52,住,,,1031004,土地1建物1車位1,二層,7,華廈(10層含以下有電梯),住家用,鋼筋混凝土造,,104.55,3,2,2,有,無,4920000,47059,升降機械,0.0,0,,RPPPMLMKOHKFFCL78DB
清水區,房地(土地+建物)+車位,臺中市清水區光華段799、800、807、808、809、815、816地號,3170.52,住,,,1031025,土地1建物1車位1,一層,7,華廈(10層含以下有電梯),住家用,鋼筋混凝土造,,78.16,2,2,1,有,無,3900000,49898,升降機械,0.0,0,,RPQPMLMKOHKFFCL88DB
清水區,房地(土地+建物),臺中市清水區光華段799、800、807、808、809、815、816地號,3170.52,住,,,1031019,土地1建物1車位0,三層,7,華廈(10層含以下有電梯),住家用,鋼筋混凝土造,,78.16,2,2,1,有,無,3520000,45036,,0.0,0,,RPRPMLMKOHKFFCL98DB
清水區,房地(土地+建物),臺中市清水區光華段799、800、807、808、809、815、816地號,3170.52,住,,,1031012,土地1建物1車位0,二層,7,華廈(10層含以下有電梯),住家用,鋼筋混凝土造,,74.36,2,2,1,有,無,3340000,44917,,0.0,0,,RPTPMLMKOHKFFCL56DB
清水區,房地(土地+建物)+車位,臺中市清水區光華段799、800、807、808、809、815、816地號,3170.52,住,,,1031011,土地1建物1車位1,四層,7,華廈(10層含以下有電梯),住家用,鋼筋混凝土造,,61.64,1,1,1,有,無,3190000,51752,升降機械,0.0,0,,RPVPMLMKOHKFFCL76DB
清水區,房地(土地+建物),臺中市清水區光華段799、800、807、808、809、815、816地號,3170.52,住,,,1031012,土地1建物1車位0,四層,7,華廈(10層含以下有電梯),住家用,鋼筋混凝土造,,78.16,2,2,1,有,無,3450000,44140,,0.0,0,,RPXPMLMKOHKFFCL96DB
清水區,房地(土地+建物)+車位,臺中市清水區光華段799、800、807、808、809、815、816地號,3170.52,住,,,1031014,土地1建物1車位1,二層,7,華廈(10層含以下有電梯),住家用,鋼筋混凝土造,,104.55,3,2,2,有,無,5050000,48302,升降機械,0.0,0,,RPPQMLMKOHKFFCL88DB
清水區,房地(土地+建物),臺中市清水區光華段799、800、807、808、809、815、816地號,3170.52,住,,,1031009,土地1建物1車位0,六層,7,華廈(10層含以下有電梯),住家用,鋼筋混凝土造,,61.64,1,1,1,有,無,2880000,46723,,0.0,0,,RPQQMLMKOHKFFCL98DB
清水區,房地(土地+建物)+車位,臺中市清水區光華段799、800、807、808、809、815、816地號,3170.52,住,,,1031008,土地1建物1車位1,二層,7,華廈(10層含以下有電梯),住家用,鋼筋混凝土造,,74.36,2,2,1,有,無,3730000,50161,升降機械,0.0,0,,RPRQMLMKOHKFFCL09DB
清水區,房地(土地+建物)+車位,臺中市清水區光華段799、800、807、808、809、815、816地號,3170.52,住,,,1031010,土地1建物1車位1,六層,7,華廈(10層含以下有電梯),住家用,鋼筋混凝土造,,78.16,2,2,1,有,無,4070000,52073,升降機械,0.0,0,,RPTQMLMKOHKFFCL66DB
清水區,房地(土地+建物)+車位,臺中市清水區光華段799、800、807、808、809、815、816地號,3170.52,住,,,1031002,土地1建物1車位1,七層,7,華廈(10層含以下有電梯),住家用,鋼筋混凝土造,,78.16,2,2,1,有,無,4070000,52073,升降機械,0.0,0,,RPUQMLMKOHKFFCL76DB
清水區,房地(土地+建物),臺中市清水區光華段799、800、807、808、809、815、816地號,3170.52,住,,,1031005,土地1建物1車位0,二層,7,華廈(10層含以下有電梯),住家用,鋼筋混凝土造,,74.36,2,2,1,有,無,3340000,44917,,0.0,0,,RPVQMLMKOHKFFCL86DB
清水區,房地(土地+建物)+車位,臺中市清水區光華段799、800、807、808、809、815、816地號,3170.52,住,,,1031004,土地1建物1車位1,七層,7,華廈(10層含以下有電梯),住家用,鋼筋混凝土造,,104.55,3,2,2,有,無,5230000,50024,升降機械,0.0,0,,RPWQMLMKOHKFFCL96DB
清水區,房地(土地+建物)+車位,臺中市清水區光華段799、800、807、808、809、815、816地號,3170.52,住,,,1031014,土地1建物1車位2,四層,7,華廈(10層含以下有電梯),住家用,鋼筋混凝土造,,78.16,2,2,1,有,無,4500000,57574,升降機械,0.0,0,,RPXQMLMKOHKFFCL07DB
清水區,房地(土地+建物)+車位,臺中市清水區光華段799、800、807、808、809、815、816地號,3170.52,住,,,1031014,土地1建物1車位1,四層,7,華廈(10層含以下有電梯),住家用,鋼筋混凝土造,,78.16,2,2,1,有,無,3900000,49898,升降機械,0.0,0,,RPORMLMKOHKFFCL88DB
清水區,房地(土地+建物)+車位,臺中市清水區光華段799、800、807、808、809、815、816地號,3170.52,住,,,1031006,土地1建物1車位1,三層,7,華廈(10層含以下有電梯),住家用,鋼筋混凝土造,,78.16,2,2,1,有,無,3960000,50665,升降機械,0.0,0,,RPPRMLMKOHKFFCL98DB
清水區,房地(土地+建物)+車位,臺中市清水區光華段799、800、807、808、809、815、816地號,3170.52,住,,,1031005,土地1建物1車位1,五層,7,華廈(10層含以下有電梯),住家用,鋼筋混凝土造,,104.55,3,2,2,有,無,5300000,50693,升降機械,0.0,0,,RPQRMLMKOHKFFCL09DB
清水區,房地(土地+建物),臺中市清水區光華段799、800、807、808、809、815、816地號,3170.52,住,,,1031018,土地1建物1車位0,四層,7,華廈(10層含以下有電梯),住家用,鋼筋混凝土造,,74.26,2,2,1,有,無,3150000,42419,,0.0,0,,RPRRMLMKOHKFFCL56DB
清水區,房地(土地+建物)+車位,臺中市清水區光華段799、800、807、808、809、815、816地號,3170.52,住,,,1031023,土地1建物1車位1,七層,7,華廈(10層含以下有電梯),住家用,鋼筋混凝土造,,104.55,3,2,2,有,無,5230000,50024,升降機械,0.0,0,,RPSRMLMKOHKFFCL66DB
清水區,房地(土地+建物)+車位,臺中市清水區光華段799、800、807、808、809、815、816地號,3170.52,住,,,1031004,土地1建物1車位1,一層,7,華廈(10層含以下有電梯),住家用,鋼筋混凝土造,,78.16,2,2,1,有,無,4080000,52201,升降機械,0.0,0,,RPTRMLMKOHKFFCL76DB
清水區,房地(土地+建物),臺中市清水區光華段799、800、807、808、809、815、816地號,3170.52,住,,,1031115,土地1建物1車位0,七層,7,華廈(10層含以下有電梯),住家用,鋼筋混凝土造,,61.64,1,1,1,有,無,2880000,46723,,0.0,0,,RPURMLMKOHKFFCL86DB
清水區,房地(土地+建物)+車位,臺中市清水區光華段799、800、807、808、809、815、816地號,3170.52,住,,,1031005,土地1建物1車位1,五層,7,華廈(10層含以下有電梯),住家用,鋼筋混凝土造,,74.36,2,2,1,有,無,4030000,54196,升降機械,0.0,0,,RPVRMLMKOHKFFCL96DB
清水區,房地(土地+建物)+車位,臺中市清水區光華段799、800、807、808、809、815、816地號,3170.52,住,,,1031009,土地1建物1車位1,一層,7,華廈(10層含以下有電梯),住家用,鋼筋混凝土造,,104.55,3,2,2,有,無,5200000,49737,升降機械,0.0,0,,RPWRMLMKOHKFFCL07DB
清水區,房地(土地+建物),臺中市清水區光華段799、800、807、808、809、815、816地號,3170.52,住,,,1031011,土地1建物1車位0,二層,7,華廈(10層含以下有電梯),住家用,鋼筋混凝土造,,104.55,3,2,2,有,無,4600000,43998,,0.0,0,,RPXRMLMKOHKFFCL17DB
清水區,房地(土地+建物)+車位,臺中市清水區光華段799、800、807、808、809、815、816地號,3170.52,住,,,1031005,土地1建物1車位1,四層,7,華廈(10層含以下有電梯),住家用,鋼筋混凝土造,,104.55,3,2,2,有,無,5150000,49259,升降機械,0.0,0,,RPOSMLMKOHKFFCL98DB
清水區,房地(土地+建物),臺中市清水區光華段799、800、807、808、809、815、816地號,3170.52,住,,,1031012,土地1建物1車位0,二層,7,華廈(10層含以下有電梯),住家用,鋼筋混凝土造,,61.64,1,1,1,有,無,2760000,44776,,0.0,0,,RPPSMLMKOHKFFCL09DB
清水區,房地(土地+建物)+車位,臺中市清水區光華段799、800、807、808、809、815、816地號,3170.52,住,,,1031004,土地1建物1車位1,六層,7,華廈(10層含以下有電梯),住家用,鋼筋混凝土造,,78.16,2,2,1,有,無,4220000,53992,升降機械,0.0,0,,RPQSMLMKOHKFFCL56DB
清水區,房地(土地+建物)+車位,臺中市清水區光華段799、800、807、808、809、815、816地號,3170.52,住,,,1031013,土地1建物1車位1,二層,7,華廈(10層含以下有電梯),住家用,鋼筋混凝土造,,74.36,2,2,1,有,無,3880000,52179,升降機械,0.0,0,,RPRSMLMKOHKFFCL66DB
清水區,房地(土地+建物),臺中市清水區光華段799、800、807、808、809、815、816地號,3170.52,住,,,1031029,土地1建物1車位0,一層,7,華廈(10層含以下有電梯),住家用,鋼筋混凝土造,,61.64,1,1,1,有,無,2760000,44776,,0.0,0,,RPSSMLMKOHKFFCL76DB
清水區,房地(土地+建物),臺中市清水區光華段799、800、807、808、809、815、816地號,3170.52,住,,,1031020,土地1建物1車位0,六層,7,華廈(10層含以下有電梯),住家用,鋼筋混凝土造,,61.64,1,1,1,有,無,2840000,46074,,0.0,0,,RPTSMLMKOHKFFCL86DB
清水區,房地(土地+建物)+車位,臺中市清水區光華段799、800、807、808、809、815、816地號,3170.52,住,,,1031006,土地1建物1車位1,五層,7,華廈(10層含以下有電梯),住家用,鋼筋混凝土造,,104.55,3,2,2,有,無,5170000,49450,升降機械,0.0,0,,RPUSMLMKOHKFFCL96DB
清水區,房地(土地+建物)+車位,臺中市清水區光華段799、800、807、808、809、815、816地號,3170.52,住,,,1031001,土地1建物1車位2,七層,7,華廈(10層含以下有電梯),住家用,鋼筋混凝土造,,74.36,2,2,1,有,無,4530000,60920,升降機械,0.0,0,,RPVSMLMKOHKFFCL07DB
清水區,房地(土地+建物)+車位,臺中市清水區光華段799、800、807、808、809、815、816地號,3170.52,住,,,1031014,土地1建物1車位1,七層,7,華廈(10層含以下有電梯),住家用,鋼筋混凝土造,,104.55,3,2,2,有,無,5250000,50215,升降機械,0.0,0,,RPWSMLMKOHKFFCL17DB
清水區,房地(土地+建物)+車位,臺中市清水區光華段799、800、807、808、809、815、816地號,3170.52,住,,,1031017,土地1建物1車位1,一層,7,華廈(10層含以下有電梯),住家用,鋼筋混凝土造,,74.36,2,2,1,有,無,3790000,50968,升降機械,0.0,0,,RPXSMLMKOHKFFCL27DB
清水區,房地(土地+建物)+車位,臺中市清水區光華段799、800、807、808、809、815、816地號,3170.52,住,,,1031018,土地1建物1車位1,二層,7,華廈(10層含以下有電梯),住家用,鋼筋混凝土造,,78.16,2,2,1,有,無,3900000,49898,升降機械,0.0,0,,RPOTMLMKOHKFFCL09DB
清水區,房地(土地+建物)+車位,臺中市清水區光華段799、800、807、808、809、815、816地號,3170.52,住,,,1031008,土地1建物1車位1,七層,7,華廈(10層含以下有電梯),住家用,鋼筋混凝土造,,74.36,2,2,1,有,無,4080000,54868,升降機械,0.0,0,,RPPTMLMKOHKFFCL56DB
清水區,房地(土地+建物)+車位,臺中市清水區光華段799、800、807、808、809、815、816地號,3170.52,住,,,1031008,土地1建物1車位1,五層,7,華廈(10層含以下有電梯),住家用,鋼筋混凝土造,,74.36,2,2,1,有,無,4030000,54196,升降機械,0.0,0,,RPQTMLMKOHKFFCL66DB
清水區,房地(土地+建物)+車位,臺中市清水區光華段799、800、807、808、809、815、816地號,3170.52,住,,,1031010,土地1建物1車位1,一層,7,華廈(10層含以下有電梯),住家用,鋼筋混凝土造,,74.36,2,2,1,有,無,3790000,50968,升降機械,0.0,0,,RPRTMLMKOHKFFCL76DB
清水區,房地(土地+建物)+車位,臺中市清水區光華段799、800、807、808、809、815、816地號,3170.52,住,,,1031014,土地1建物1車位1,七層,7,華廈(10層含以下有電梯),住家用,鋼筋混凝土造,,78.16,2,2,1,有,無,4060000,51945,升降機械,0.0,0,,RPSTMLMKOHKFFCL86DB
清水區,房地(土地+建物)+車位,臺中市清水區光華段799、800、807、808、809、815、816地號,3170.52,住,,,1031014,土地1建物1車位1,六層,7,華廈(10層含以下有電梯),住家用,鋼筋混凝土造,,104.55,3,2,2,有,無,5250000,50215,升降機械,0.0,0,,RPTTMLMKOHKFFCL96DB
清水區,房地(土地+建物)+車位,臺中市清水區光華段799、800、807、808、809、815、816地號,3170.52,住,,,1031008,土地1建物1車位1,五層,7,華廈(10層含以下有電梯),住家用,鋼筋混凝土造,,78.16,2,2,1,有,無,4180000,53480,升降機械,0.0,0,,RPUTMLMKOHKFFCL07DB
清水區,房地(土地+建物),臺中市清水區光華段799、800、807、808、809、815、816地號,3170.52,住,,,1031010,土地1建物1車位0,三層,7,華廈(10層含以下有電梯),住家用,鋼筋混凝土造,,78.16,2,2,1,有,無,3460000,44268,,0.0,0,,RPVTMLMKOHKFFCL17DB
清水區,房地(土地+建物)+車位,臺中市清水區光華段799、800、807、808、809、815、816地號,3170.52,住,,,1031006,土地1建物1車位1,一層,7,華廈(10層含以下有電梯),住家用,鋼筋混凝土造,,74.36,2,2,1,有,無,3790000,50968,升降機械,0.0,0,,RPWTMLMKOHKFFCL27DB
清水區,房地(土地+建物)+車位,臺中市清水區光華段799、800、807、808、809、815、816地號,3170.52,住,,,1031005,土地1建物1車位1,四層,7,華廈(10層含以下有電梯),住家用,鋼筋混凝土造,,104.55,3,2,2,有,無,5150000,49259,升降機械,0.0,0,,RPXTMLMKOHKFFCL37DB
清水區,房地(土地+建物),臺中市清水區光華段799、800、807、808、809、815、816地號,3170.52,住,,,1031022,土地1建物1車位0,五層,7,華廈(10層含以下有電梯),住家用,鋼筋混凝土造,,74.26,2,2,1,有,無,3000000,40399,,0.0,0,,RPOUMLMKOHKFFCL56DB
清水區,房地(土地+建物),臺中市清水區光華段799、800、807、808、809、815、816地號,3170.52,住,,,1031005,土地1建物1車位0,六層,7,華廈(10層含以下有電梯),住家用,鋼筋混凝土造,,74.26,2,2,1,有,無,3320000,44708,,0.0,0,,RPPUMLMKOHKFFCL66DB
清水區,房地(土地+建物),臺中市清水區光華段799、800、807、808、809、815、816地號,3170.52,住,,,1031014,土地1建物1車位0,二層,7,華廈(10層含以下有電梯),住家用,鋼筋混凝土造,,61.64,1,1,1,有,無,2760000,44776,,0.0,0,,RPQUMLMKOHKFFCL76DB
清水區,房地(土地+建物),臺中市清水區光華段799、800、807、808、809、815、816地號,3170.52,住,,,1031115,土地1建物1車位0,七層,7,華廈(10層含以下有電梯),住家用,鋼筋混凝土造,,61.64,1,1,1,有,無,2880000,46723,,0.0,0,,RPRUMLMKOHKFFCL86DB
清水區,房地(土地+建物)+車位,臺中市清水區光華段799、800、807、808、809、815、816地號,3170.52,住,,,1031019,土地1建物1車位1,五層,7,華廈(10層含以下有電梯),住家用,鋼筋混凝土造,,78.16,2,2,1,有,無,4030000,51561,升降機械,0.0,0,,RPSUMLMKOHKFFCL96DB
清水區,房地(土地+建物)+車位,臺中市清水區光華段799、800、807、808、809、815、816地號,3170.52,住,,,1031010,土地1建物1車位1,三層,7,華廈(10層含以下有電梯),住家用,鋼筋混凝土造,,74.36,2,2,1,有,無,3920000,52717,升降機械,0.0,0,,RPTUMLMKOHKFFCL07DB
清水區,房地(土地+建物)+車位,臺中市清水區光華段799、800、807、808、809、815、816地號,3170.52,住,,,1031014,土地1建物1車位1,三層,7,華廈(10層含以下有電梯),住家用,鋼筋混凝土造,,104.55,3,2,2,有,無,5120000,48972,升降機械,0.0,0,,RPUUMLMKOHKFFCL17DB
清水區,房地(土地+建物)+車位,臺中市清水區光華段799、800、807、808、809、815、816地號,3170.52,住,,,1031010,土地1建物1車位1,三層,7,華廈(10層含以下有電梯),住家用,鋼筋混凝土造,,74.36,2,2,1,有,無,3920000,52717,升降機械,0.0,0,,RPVUMLMKOHKFFCL27DB
清水區,房地(土地+建物)+車位,臺中市清水區光華段799、800、807、808、809、815、816地號,3170.52,住,,,1031016,土地1建物1車位1,一層,7,華廈(10層含以下有電梯),住家用,鋼筋混凝土造,,104.55,3,2,2,有,無,4920000,47059,升降機械,0.0,0,,RPOVMLMKOHKFFCL66DB
清水區,房地(土地+建物)+車位,臺中市清水區光華段799、800、807、808、809、815、816地號,3170.52,住,,,1031011,土地1建物1車位1,六層,7,華廈(10層含以下有電梯),住家用,鋼筋混凝土造,,78.16,2,2,1,有,無,4210000,53864,升降機械,0.0,0,,RPPVMLMKOHKFFCL76DB
清水區,房地(土地+建物)+車位,臺中市清水區光華段799、800、807、808、809、815、816地號,3170.52,住,,,1031003,土地1建物1車位1,五層,7,華廈(10層含以下有電梯),住家用,鋼筋混凝土造,,78.16,2,2,1,有,無,4160000,53224,升降機械,0.0,0,,RPQVMLMKOHKFFCL86DB
清水區,房地(土地+建物)+車位,臺中市清水區光華段799、800、807、808、809、815、816地號,3170.52,住,,,1031006,土地1建物1車位1,三層,7,華廈(10層含以下有電梯),住家用,鋼筋混凝土造,,74.36,2,2,1,有,無,3920000,52717,升降機械,0.0,0,,RPRVMLMKOHKFFCL96DB
清水區,房地(土地+建物)+車位,臺中市清水區光華段799、800、807、808、809、815、816地號,3170.52,住,,,1031026,土地1建物1車位1,六層,7,華廈(10層含以下有電梯),住家用,鋼筋混凝土造,,74.36,2,2,1,有,無,3940000,52985,升降機械,0.0,0,,RPSVMLMKOHKFFCL07DB
清水區,房地(土地+建物),臺中市清水區光華段799、800、807、808、809、815、816地號,3170.52,住,,,1031105,土地1建物1車位0,三層,7,華廈(10層含以下有電梯),住家用,鋼筋混凝土造,,61.64,1,1,1,有,無,2800000,45425,,0.0,0,,RPTVMLMKOHKFFCL17DB
清水區,房地(土地+建物)+車位,臺中市清水區光華段799、800、807、808、809、815、816地號,3170.52,住,,,1031003,土地1建物1車位1,六層,7,華廈(10層含以下有電梯),住家用,鋼筋混凝土造,,78.16,2,2,1,有,無,4050000,51817,升降機械,0.0,0,,RPUVMLMKOHKFFCL27DB
清水區,房地(土地+建物)+車位,臺中市清水區光華段799、800、807、808、809、815、816地號,3170.52,住,,,1031008,土地1建物1車位1,五層,7,華廈(10層含以下有電梯),住家用,鋼筋混凝土造,,74.36,2,2,1,有,無,3880000,52179,升降機械,0.0,0,,RPVVMLMKOHKFFCL37DB
清水區,房地(土地+建物)+車位,臺中市清水區光華段799、800、807、808、809、815、816地號,3170.52,住,,,1031006,土地1建物1車位1,二層,7,華廈(10層含以下有電梯),住家用,鋼筋混凝土造,,78.16,2,2,1,有,無,3930000,50281,升降機械,0.0,0,,RPWVMLMKOHKFFCL47DB
清水區,房地(土地+建物)+車位,臺中市清水區光華段799、800、807、808、809、815、816地號,3170.52,住,,,1031006,土地1建物1車位1,三層,7,華廈(10層含以下有電梯),住家用,鋼筋混凝土造,,78.16,2,2,1,有,無,4060000,51945,升降機械,0.0,0,,RPXVMLMKOHKFFCL57DB
清水區,房地(土地+建物)+車位,臺中市清水區光華段799、800、807、808、809、815、816地號,3170.52,住,,,1031028,土地1建物1車位1,三層,7,華廈(10層含以下有電梯),住家用,鋼筋混凝土造,,61.64,1,1,1,有,無,3350000,54348,升降機械,0.0,0,,RPPWMLMKOHKFFCL86DB
清水區,房地(土地+建物)+車位,臺中市清水區光華段799、800、807、808、809、815、816地號,3170.52,住,,,1031021,土地1建物1車位2,三層,7,華廈(10層含以下有電梯),住家用,鋼筋混凝土造,,74.36,2,2,1,有,無,4370000,58768,升降機械,0.0,0,,RPQWMLMKOHKFFCL96DB
清水區,房地(土地+建物),臺中市清水區光華段799、800、807、808、809、815、816地號,3170.52,住,,,1031115,土地1建物1車位0,七層,7,華廈(10層含以下有電梯),住家用,鋼筋混凝土造,,61.64,1,1,1,有,無,2880000,46723,,0.0,0,,RPRWMLMKOHKFFCL07DB
清水區,房地(土地+建物)+車位,臺中市清水區光華段799、800、807、808、809、815、816地號,3170.52,住,,,1031016,土地1建物1車位1,四層,7,華廈(10層含以下有電梯),住家用,鋼筋混凝土造,,78.16,2,2,1,有,無,3900000,49898,升降機械,0.0,0,,RPSWMLMKOHKFFCL17DB
清水區,房地(土地+建物),臺中市清水區光華段799、800、807、808、809、815、816地號,3170.52,住,,,1031106,土地1建物1車位0,四層,7,華廈(10層含以下有電梯),住家用,鋼筋混凝土造,,61.64,1,1,1,有,無,2740000,44452,,0.0,0,,RPTWMLMKOHKFFCL27DB
清水區,房地(土地+建物)+車位,臺中市清水區光華段799、800、807、808、809、815、816地號,3170.52,住,,,1031005,土地1建物1車位1,五層,7,華廈(10層含以下有電梯),住家用,鋼筋混凝土造,,78.16,2,2,1,有,無,4030000,51561,升降機械,0.0,0,,RPUWMLMKOHKFFCL37DB
清水區,房地(土地+建物)+車位,臺中市清水區光華段799、800、807、808、809、815、816地號,3170.52,住,,,1031012,土地1建物1車位1,三層,7,華廈(10層含以下有電梯),住家用,鋼筋混凝土造,,104.55,3,2,2,有,無,4980000,47633,升降機械,0.0,0,,RPVWMLMKOHKFFCL47DB
清水區,房地(土地+建物)+車位,臺中市清水區光華段799、800、807、808、809、815、816地號,3170.52,住,,,1031007,土地1建物1車位1,五層,7,華廈(10層含以下有電梯),住家用,鋼筋混凝土造,,74.36,2,2,1,有,無,4030000,54196,升降機械,0.0,0,,RPWWMLMKOHKFFCL57DB
清水區,房地(土地+建物)+車位,臺中市清水區光華段799、800、807、808、809、815、816地號,3170.52,住,,,1031008,土地1建物1車位1,七層,7,華廈(10層含以下有電梯),住家用,鋼筋混凝土造,,78.16,2,2,1,有,無,4220000,53992,升降機械,0.0,0,,RPXWMLMKOHKFFCL67DB
清水區,房地(土地+建物)+車位,臺中市清水區光華段799、800、807、808、809、815、816地號,3170.52,住,,,1031007,土地1建物1車位1,四層,7,華廈(10層含以下有電梯),住家用,鋼筋混凝土造,,78.16,2,2,1,有,無,3880000,49642,升降機械,0.0,0,,RPONNLMKOHKFFCL58DB
清水區,房地(土地+建物)+車位,臺中市清水區光華段799、800、807、808、809、815、816地號,3170.52,住,,,1031008,土地1建物1車位1,七層,7,華廈(10層含以下有電梯),住家用,鋼筋混凝土造,,74.36,2,2,1,有,無,4080000,54868,升降機械,0.0,0,,RPPNNLMKOHKFFCL68DB
清水區,房地(土地+建物)+車位,臺中市清水區光華段799、800、807、808、809、815、816地號,3170.52,住,,,1031017,土地1建物1車位1,一層,7,華廈(10層含以下有電梯),住家用,鋼筋混凝土造,,74.36,2,2,1,有,無,3790000,50968,升降機械,0.0,0,,RPQNNLMKOHKFFCL78DB
清水區,房地(土地+建物)+車位,臺中市清水區光華段799、800、807、808、809、815、816地號,3170.52,住,,,1031008,土地1建物1車位1,六層,7,華廈(10層含以下有電梯),住家用,鋼筋混凝土造,,104.55,3,2,2,有,無,5330000,50980,升降機械,0.0,0,,RPRNNLMKOHKFFCL88DB
清水區,房地(土地+建物)+車位,臺中市清水區光華段799、800、807、808、809、815、816地號,3170.52,住,,,1031005,土地1建物1車位1,六層,7,華廈(10層含以下有電梯),住家用,鋼筋混凝土造,,104.55,3,2,2,有,無,5530000,52893,坡道平面,0.0,0,,RPTNNLMKOHKFFCL09DB
清水區,房地(土地+建物),臺中市清水區光華段799、800、807、808、809、815、816地號,3170.52,住,,,1031028,土地1建物1車位0,四層,7,華廈(10層含以下有電梯),住家用,鋼筋混凝土造,,61.64,1,1,1,有,無,2740000,44452,,0.0,0,,RPVNNLMKOHKFFCL66DB
清水區,房地(土地+建物)+車位,臺中市清水區光華段799、800、807、808、809、815、816地號,3170.52,住,,,1031011,土地1建物1車位1,四層,1,華廈(10層含以下有電梯),住家用,鋼筋混凝土造,,74.36,2,2,1,有,無,3770000,50699,升降機械,0.0,0,,RPWNNLMKOHKFFCL76DB
清水區,房地(土地+建物)+車位,臺中市清水區光華段799、800、807、808、809、815、816地號,3170.52,住,,,1031008,土地1建物1車位1,一層,7,華廈(10層含以下有電梯),住家用,鋼筋混凝土造,,78.16,2,2,1,有,無,3930000,50281,升降機械,0.0,0,,RPXNNLMKOHKFFCL86DB
清水區,房地(土地+建物)+車位,臺中市清水區光華段799、800、807、808、809、815、816地號,3170.52,住,,,1031001,土地1建物1車位2,一層,7,華廈(10層含以下有電梯),住家用,鋼筋混凝土造,,104.55,3,2,2,有,無,5650000,54041,升降機械,0.0,0,,RPOONLMKOHKFFCL68DB
清水區,房地(土地+建物)+車位,臺中市清水區光華段799、800、807、808、809、815、816地號,3170.52,住,,,1031003,土地1建物1車位1,六層,7,華廈(10層含以下有電梯),住家用,鋼筋混凝土造,,74.36,2,2,1,有,無,4020000,54061,升降機械,0.0,0,,RPRONLMKOHKFFCL98DB
清水區,房地(土地+建物)+車位,臺中市清水區光華段799、800、807、808、809、815、816地號,3170.52,住,,,1031007,土地1建物1車位1,一層,7,華廈(10層含以下有電梯),住家用,鋼筋混凝土造,,78.16,2,2,1,有,無,4080000,52201,升降機械,0.0,0,,RPSONLMKOHKFFCL09DB
清水區,房地(土地+建物)+車位,臺中市清水區光華段799、800、807、808、809、815、816地號,3170.52,住,,,1031007,土地1建物1車位2,一層,7,華廈(10層含以下有電梯),住家用,鋼筋混凝土造,,61.64,1,1,1,有,無,3800000,61648,升降機械,0.0,0,,RPTONLMKOHKFFCL56DB
清水區,房地(土地+建物)+車位,臺中市清水區光華段799、800、807、808、809、815、816地號,3170.52,住,,,1031009,土地1建物1車位1,二層,7,華廈(10層含以下有電梯),住家用,鋼筋混凝土造,,78.16,2,2,1,有,無,3930000,50281,升降機械,0.0,0,,RPUONLMKOHKFFCL66DB
清水區,房地(土地+建物)+車位,臺中市清水區光華段799、800、807、808、809、815、816地號,3170.52,住,,,1031115,土地1建物1車位1,四層,7,華廈(10層含以下有電梯),住家用,鋼筋混凝土造,,74.36,2,2,1,有,無,3780000,50834,升降機械,0.0,0,,RPVONLMKOHKFFCL76DB
清水區,房地(土地+建物),臺中市清水區光華段799、800、807、808、809、815、816地號,3170.52,住,,,1031020,土地1建物1車位0,七層,7,華廈(10層含以下有電梯),住家用,鋼筋混凝土造,,74.26,2,2,1,有,無,3320000,44708,,0.0,0,,RPWONLMKOHKFFCL86DB
清水區,房地(土地+建物)+車位,臺中市清水區光華段799、800、807、808、809、815、816地號,3170.52,住,,,1031007,土地1建物1車位1,七層,7,華廈(10層含以下有電梯),住家用,鋼筋混凝土造,,78.16,2,2,1,有,無,4070000,52073,升降機械,0.0,0,,RPXONLMKOHKFFCL96DB
清水區,房地(土地+建物)+車位,臺中市清水區光華段799、800、807、808、809、815、816地號,3170.52,住,,,1031010,土地1建物1車位1,五層,7,華廈(10層含以下有電梯),住家用,鋼筋混凝土造,,61.64,1,1,1,有,無,3290000,53374,升降機械,0.0,0,,RPPPNLMKOHKFFCL88DB
清水區,房地(土地+建物)+車位,臺中市清水區光華段799、800、807、808、809、815、816地號,3170.52,住,,,1031008,土地1建物1車位1,一層,7,華廈(10層含以下有電梯),住家用,鋼筋混凝土造,,78.16,2,2,1,有,無,3930000,50281,升降機械,0.0,0,,RPPQNLMKOHKFFCL98DB
清水區,房地(土地+建物),臺中市清水區光華段799、800、807、808、809、815、816地號,3170.52,住,,,1031005,土地1建物1車位0,三層,1,華廈(10層含以下有電梯),住家用,鋼筋混凝土造,,74.26,2,2,1,有,無,3220000,43361,,0.0,0,,RPQQNLMKOHKFFCL09DB
北區,房地(土地+建物)+車位,臺中市北區乾溝子段167-10地號A棟4樓,26.9,商,,,1040311,土地1建物1車位2,四層,21,住宅大樓(11層含以上有電梯),住家用,鋼筋混凝土造,,267.48,4,2,2,有,無,25700000,96082,坡道平面,0.0,2700000,,RPQQMLOKPHKFFBB08CB
北區,房地(土地+建物)+車位,臺中市北區乾溝子段167-10地號A棟5樓,26.9,商,,,1040125,土地1建物1車位2,五層,21,住宅大樓(11層含以上有電梯),住家用,鋼筋混凝土造,,267.48,4,2,2,有,無,25950000,97017,坡道平面,0.0,2700000,,RPSQMLOKPHKFFBB28CB
北區,房地(土地+建物)+車位,臺中市北區乾溝子段167-10地號A棟6樓,26.9,商,,,1040126,土地1建物1車位2,六層,21,住宅大樓(11層含以上有電梯),住家用,鋼筋混凝土造,,267.48,4,2,2,有,無,24910000,93128,坡道平面,0.0,2700000,,RPTQMLOKPHKFFBB38CB
北區,房地(土地+建物)+車位,臺中市北區乾溝子段167-10地號A棟7樓,26.9,商,,,1040212,土地1建物1車位2,七層,21,住宅大樓(11層含以上有電梯),住家用,鋼筋混凝土造,,267.48,4,2,2,有,無,25090000,93801,坡道平面,0.0,2700000,,RPUQMLOKPHKFFBB48CB
北區,房地(土地+建物)+車位,臺中市北區乾溝子段167-10地號A棟8樓,26.9,商,,,1031122,土地1建物1車位2,八層,21,住宅大樓(11層含以上有電梯),住家用,鋼筋混凝土造,,267.48,4,2,2,有,無,25780000,96381,坡道平面,0.0,2700000,,RPVQMLOKPHKFFBB58CB
北區,房地(土地+建物)+車位,臺中市北區乾溝子段167-10地號A棟9樓,26.9,商,,,1040125,土地1建物1車位2,九層,21,住宅大樓(11層含以上有電梯),住家用,鋼筋混凝土造,,267.48,4,2,2,有,無,26550000,99260,坡道平面,0.0,2700000,,RPWQMLOKPHKFFBB68CB
北區,房地(土地+建物)+車位,臺中市北區乾溝子段167-10地號A棟10樓,26.9,商,,,1040127,土地1建物1車位2,十層,21,住宅大樓(11層含以上有電梯),住家用,鋼筋混凝土造,,267.48,4,2,2,有,無,26700000,99821,坡道平面,0.0,2700000,,RPXQMLOKPHKFFBB78CB
北區,房地(土地+建物)+車位,臺中市北區乾溝子段167-10地號A棟11樓,24.41,商,,,1031219,土地1建物1車位1,十一層,21,住宅大樓(11層含以上有電梯),住家用,鋼筋混凝土造,,231.12,4,2,2,有,無,25630000,110895,坡道平面,0.0,1450000,,RPORMLOKPHKFFBB97CB
北區,房地(土地+建物)+車位,臺中市北區乾溝子段167-10地號A棟12樓,26.9,商,,,1031218,土地1建物1車位2,十二層,21,住宅大樓(11層含以上有電梯),住家用,鋼筋混凝土造,,267.48,4,2,2,有,無,26780000,100120,坡道平面,0.0,2700000,,RPPNMLPKPHKFFBB77CB
北區,房地(土地+建物)+車位,臺中市北區乾溝子段167-10地號A棟13樓,26.9,商,,,1040120,土地1建物1車位2,十三層,21,住宅大樓(11層含以上有電梯),住家用,鋼筋混凝土造,,267.48,4,2,2,有,無,26800000,100194,坡道平面,0.0,2700000,,RPRNMLPKPHKFFBB97CB
北區,房地(土地+建物)+車位,臺中市北區乾溝子段167-10地號A棟14樓,26.9,商,,,1040112,土地1建物1車位2,十四層,21,住宅大樓(11層含以上有電梯),住家用,鋼筋混凝土造,,267.48,4,2,2,有,無,27000000,100942,坡道平面,0.0,2700000,,RPSNMLPKPHKFFBB08CB
北區,房地(土地+建物)+車位,臺中市北區乾溝子段167-10地號A棟15樓,26.9,商,,,1031230,土地1建物1車位2,十五層,21,住宅大樓(11層含以上有電梯),住家用,鋼筋混凝土造,,267.48,4,2,2,有,無,27400000,102438,坡道平面,0.0,2700000,,RPTNMLPKPHKFFBB18CB
北區,房地(土地+建物)+車位,臺中市北區乾溝子段167-10地號A棟16樓,26.9,商,,,1031206,土地1建物1車位2,十六層,21,住宅大樓(11層含以上有電梯),住家用,鋼筋混凝土造,,267.48,4,2,2,有,無,27380000,102363,坡道平面,0.0,2700000,,RPVNMLPKPHKFFBB38CB
北區,房地(土地+建物)+車位,臺中市北區乾溝子段167-10地號A棟17樓,26.9,商,,,1040105,土地1建物1車位2,十七層,21,住宅大樓(11層含以上有電梯),住家用,鋼筋混凝土造,,267.48,4,2,2,有,無,27430000,102550,坡道平面,0.0,2700000,,RPWNMLPKPHKFFBB48CB
北區,房地(土地+建物)+車位,臺中市北區乾溝子段167-10地號A棟18樓,26.9,商,,,1040111,土地1建物1車位2,十八層,21,住宅大樓(11層含以上有電梯),住家用,鋼筋混凝土造,,267.48,4,2,2,有,無,27630000,103297,坡道平面,0.0,2700000,,RPXNMLPKPHKFFBB58CB
北區,房地(土地+建物)+車位,臺中市北區乾溝子段167-10地號A棟19樓,26.9,商,,,1040110,土地1建物1車位2,十九層,21,住宅大樓(11層含以上有電梯),住家用,鋼筋混凝土造,,267.48,4,2,2,有,無,27700000,103559,坡道平面,0.0,2700000,,RPOOMLPKPHKFFBB77CB
北區,房地(土地+建物)+車位,臺中市北區乾溝子段167-10地號A棟20樓,26.9,商,,,1040104,土地1建物1車位2,二十層,21,住宅大樓(11層含以上有電梯),住家用,鋼筋混凝土造,,267.48,4,2,2,有,無,27950000,104494,坡道平面,0.0,2700000,,RPPOMLPKPHKFFBB87CB
北區,房地(土地+建物)+車位,臺中市北區乾溝子段167-10地號A棟21樓,26.9,商,,,1031215,土地1建物1車位2,二十一層,21,住宅大樓(11層含以上有電梯),住家用,鋼筋混凝土造,,267.48,4,2,2,有,無,28080000,104980,坡道平面,0.0,2700000,,RPQOMLPKPHKFFBB97CB
北區,房地(土地+建物)+車位,臺中市北區乾溝子段167-10地號B棟5樓,29.59,商,,,1031128,土地1建物1車位2,五層,21,住宅大樓(11層含以上有電梯),住家用,鋼筋混凝土造,,295.7,4,2,2,有,無,29700000,100440,坡道平面,0.0,2700000,,RPROMLPKPHKFFBB08CB
北區,房地(土地+建物)+車位,臺中市北區乾溝子段167-10地號B棟7樓,29.59,商,,,1040419,土地1建物1車位2,七層,21,住宅大樓(11層含以上有電梯),住家用,鋼筋混凝土造,,295.7,4,2,2,有,無,30280000,102401,坡道平面,0.0,2700000,,RPSOMLPKPHKFFBB18CB
北區,房地(土地+建物)+車位,臺中市北區乾溝子段167-10地號B棟8樓,29.59,商,,,1040209,土地1建物1車位2,八層,21,住宅大樓(11層含以上有電梯),住家用,鋼筋混凝土造,,295.7,4,2,2,有,無,30400000,102807,坡道平面,0.0,2700000,,RPTOMLPKPHKFFBB28CB
北區,房地(土地+建物)+車位,臺中市北區乾溝子段167-10地號B棟9樓,29.59,商,,,1031210,土地1建物1車位2,九層,21,住宅大樓(11層含以上有電梯),住家用,鋼筋混凝土造,,295.7,4,2,2,有,無,30560000,103348,坡道平面,0.0,2700000,,RPUOMLPKPHKFFBB38CB
北區,房地(土地+建物)+車位,臺中市北區乾溝子段167-10地號B棟10樓,29.59,商,,,1040127,土地1建物1車位2,十層,21,住宅大樓(11層含以上有電梯),住家用,鋼筋混凝土造,,295.7,4,2,2,有,無,30900000,104498,坡道平面,0.0,2700000,,RPWOMLPKPHKFFBB58CB
北區,房地(土地+建物)+車位,臺中市北區乾溝子段167-10地號B棟11樓,29.59,商,,,1040429,土地1建物1車位2,十一層,21,住宅大樓(11層含以上有電梯),住家用,鋼筋混凝土造,,295.7,4,2,2,有,無,30700000,103821,坡道平面,0.0,2700000,,RPRPMLPKPHKFFBB18CB
北屯區,房地(土地+建物)+車位,臺中市北屯區台中市北屯區軍福段282地號 A 棟2 樓,26.64,住,,,1040505,土地1建物1車位1,二層,12,住宅大樓(11層含以上有電梯),住家用,鋼筋混凝土造,,132.91,3,2,2,有,無,9100000,68467,坡道平面,0.0,1200000,,RPUQMLPKPHKFFBB58CB
北屯區,房地(土地+建物)+車位,臺中市北屯區台中市北屯區軍福段282地號 D 棟2 樓,31.21,住,,,1040417,土地1建物1車位1,二層,12,住宅大樓(11層含以上有電梯),住家用,鋼筋混凝土造,,155.87,3,2,2,有,無,11380000,73010,坡道平面,0.0,1300000,,RPVQMLPKPHKFFBB68CB
北屯區,房地(土地+建物)+車位,臺中市北屯區台中市北屯區軍福段282地號 E 棟2 樓,27.13,住,,,1040428,土地1建物1車位1,二層,12,住宅大樓(11層含以上有電梯),住家用,鋼筋混凝土造,,135.76,3,2,2,有,無,9000000,66293,坡道平面,0.0,1200000,,RPWQMLPKPHKFFBB78CB
北區,房地(土地+建物)+車位,臺中市北區乾溝子段167-10地號B棟12樓,29.59,商,,,1040124,土地1建物1車位2,十二層,21,住宅大樓(11層含以上有電梯),住家用,鋼筋混凝土造,,295.7,4,2,2,有,無,31300000,105851,坡道平面,0.0,3000000,,RPXQMLPKPHKFFBB88CB
北區,房地(土地+建物)+車位,臺中市北區乾溝子段167-10地號B棟13樓,29.59,商,,,1040113,土地1建物1車位2,十三層,21,住宅大樓(11層含以上有電梯),住家用,鋼筋混凝土造,,295.7,4,2,2,有,無,31020000,104904,坡道平面,0.0,2700000,,RPORMLPKPHKFFBB08CB
北區,房地(土地+建物)+車位,臺中市北區乾溝子段167-10地號B棟14樓,29.59,商,,,1031126,土地1建物1車位2,十四層,21,住宅大樓(11層含以上有電梯),住家用,鋼筋混凝土造,,295.7,4,2,2,有,無,31500000,106527,坡道平面,0.0,2700000,,RPPRMLPKPHKFFBB18CB
北區,房地(土地+建物)+車位,臺中市北區乾溝子段167-10地號B棟15樓,29.59,商,,,1031224,土地1建物1車位2,十五層,21,住宅大樓(11層含以上有電梯),住家用,鋼筋混凝土造,,295.7,4,2,2,有,無,31600000,106865,坡道平面,0.0,2700000,,RPQRMLPKPHKFFBB28CB
北區,房地(土地+建物)+車位,臺中市北區乾溝子段167-10地號B棟16樓,29.59,商,,,1031130,土地1建物1車位2,十六層,21,住宅大樓(11層含以上有電梯),住家用,鋼筋混凝土造,,295.7,4,2,2,有,無,30900000,104498,坡道平面,0.0,2500000,,RPSRMLPKPHKFFBB48CB
北區,房地(土地+建物)+車位,臺中市北區乾溝子段167-10地號B棟17樓,29.59,商,,,1031208,土地1建物1車位2,十七層,21,住宅大樓(11層含以上有電梯),住家用,鋼筋混凝土造,,295.7,4,2,2,有,無,31900000,107880,坡道平面,0.0,2800000,,RPTRMLPKPHKFFBB58CB
北區,房地(土地+建物)+車位,臺中市北區乾溝子段167-10地號B棟18樓,29.59,商,,,1040111,土地1建物1車位2,十八層,21,住宅大樓(11層含以上有電梯),住家用,鋼筋混凝土造,,295.7,4,2,2,有,無,31930000,107981,坡道平面,0.0,2800000,,RPVRMLPKPHKFFBB78CB
北區,房地(土地+建物)+車位,臺中市北區乾溝子段167-10地號B棟19樓,29.59,商,,,1031201,土地1建物1車位2,十九層,21,住宅大樓(11層含以上有電梯),住家用,鋼筋混凝土造,,295.7,4,2,2,有,無,31950000,108049,坡道平面,0.0,2900000,,RPWRMLPKPHKFFBB88CB
北區,房地(土地+建物)+車位,臺中市北區乾溝子段167-10地號B棟20樓,29.59,商,,,1031231,土地1建物1車位2,二十層,21,住宅大樓(11層含以上有電梯),住家用,鋼筋混凝土造,,295.7,4,2,2,有,無,32610000,110281,坡道平面,0.0,2700000,,RPXRMLPKPHKFFBB98CB
北區,房地(土地+建物)+車位,臺中市北區乾溝子段167-10地號B棟21樓,29.59,商,,,1031215,土地1建物1車位2,二十一層,21,住宅大樓(11層含以上有電梯),住家用,鋼筋混凝土造,,295.7,4,2,2,有,無,32830000,111025,坡道平面,0.0,3100000,,RPOSMLPKPHKFFBB18CB
北區,房地(土地+建物)+車位,臺中市北區乾溝子段167-10地號C棟4樓,27.31,商,,,1040307,土地1建物1車位2,四層,21,住宅大樓(11層含以上有電梯),住家用,鋼筋混凝土造,,271.62,4,2,2,有,無,26260000,96679,坡道平面,0.0,2700000,,RPPSMLPKPHKFFBB28CB
北區,房地(土地+建物)+車位,臺中市北區乾溝子段167-10地號C棟6樓,27.31,商,,,1040311,土地1建物1車位2,六層,21,住宅大樓(11層含以上有電梯),住家用,鋼筋混凝土造,,271.62,4,2,2,有,無,26350000,97011,坡道平面,0.0,2700000,,RPQSMLPKPHKFFBB38CB
北區,房地(土地+建物)+車位,臺中市北區乾溝子段167-10地號C棟8樓,27.31,商,,,1031126,土地1建物1車位2,八層,21,住宅大樓(11層含以上有電梯),住家用,鋼筋混凝土造,,271.62,4,2,2,有,無,26820000,98741,坡道平面,0.0,2700000,,RPRSMLPKPHKFFBB48CB
北區,房地(土地+建物)+車位,臺中市北區乾溝子段167-10地號C棟9樓,27.31,商,,,1040212,土地1建物1車位2,九層,21,住宅大樓(11層含以上有電梯),住家用,鋼筋混凝土造,,271.62,4,2,2,有,無,27000000,99404,坡道平面,0.0,2700000,,RPTSMLPKPHKFFBB68CB
北區,房地(土地+建物)+車位,臺中市北區乾溝子段167-10地號C棟10樓,27.31,商,,,1031121,土地1建物1車位2,十層,21,住宅大樓(11層含以上有電梯),住家用,鋼筋混凝土造,,271.62,4,2,2,有,無,25930000,95464,坡道平面,0.0,2700000,,RPUSMLPKPHKFFBB78CB
北區,房地(土地+建物)+車位,臺中市北區乾溝子段167-10地號C棟11樓,27.31,商,,,1040101,土地1建物1車位2,十一層,21,住宅大樓(11層含以上有電梯),住家用,鋼筋混凝土造,,271.62,4,2,2,有,無,27300000,100508,坡道平面,0.0,2700000,,RPVSMLPKPHKFFBB88CB
北區,房地(土地+建物)+車位,臺中市北區乾溝子段167-10地號C棟12樓,27.31,商,,,1031217,土地1建物1車位2,十二層,21,住宅大樓(11層含以上有電梯),住家用,鋼筋混凝土造,,271.62,4,2,2,有,無,27420000,100950,坡道平面,0.0,2700000,,RPWSMLPKPHKFFBB98CB
北區,房地(土地+建物)+車位,臺中市北區乾溝子段167-10地號C棟13樓,27.31,商,,,1031127,土地1建物1車位2,十三層,21,住宅大樓(11層含以上有電梯),住家用,鋼筋混凝土造,,271.62,4,2,2,有,無,27820000,102423,坡道平面,0.0,2700000,,RPXSMLPKPHKFFBB09CB
北區,房地(土地+建物)+車位,臺中市北區乾溝子段167-10地號C棟14樓,27.31,商,,,1031127,土地1建物1車位2,十四層,21,住宅大樓(11層含以上有電梯),住家用,鋼筋混凝土造,,271.62,4,2,2,有,無,27900000,102717,坡道平面,0.0,2700000,,RPOTMLPKPHKFFBB28CB
北區,房地(土地+建物)+車位,臺中市北區乾溝子段167-10地號C棟15樓,27.31,商,,,1031225,土地1建物1車位2,十五層,21,住宅大樓(11層含以上有電梯),住家用,鋼筋混凝土造,,271.62,4,2,2,有,無,27820000,102423,坡道平面,0.0,2700000,,RPPTMLPKPHKFFBB38CB
北區,房地(土地+建物)+車位,臺中市北區乾溝子段167-10地號C棟16樓,27.31,商,,,1031123,土地1建物1車位2,十六層,21,住宅大樓(11層含以上有電梯),住家用,鋼筋混凝土造,,271.62,4,2,2,有,無,26650000,98115,坡道平面,0.0,2700000,,RPQTMLPKPHKFFBB48CB
北區,房地(土地+建物)+車位,臺中市北區乾溝子段167-10地號C棟17樓,27.31,商,,,1031123,土地1建物1車位2,十七層,21,住宅大樓(11層含以上有電梯),住家用,鋼筋混凝土造,,271.62,4,2,2,有,無,26770000,98557,坡道平面,0.0,2700000,,RPRTMLPKPHKFFBB58CB
北區,房地(土地+建物)+車位,臺中市北區乾溝子段167-10地號C棟18樓,27.31,商,,,1031121,土地1建物1車位2,十八層,21,住宅大樓(11層含以上有電梯),住家用,鋼筋混凝土造,,271.62,4,2,2,有,無,28500000,104926,坡道平面,0.0,2900000,,RPSTMLPKPHKFFBB68CB
北區,房地(土地+建物)+車位,臺中市北區乾溝子段167-10地號C棟19樓,27.31,商,,,1031126,土地1建物1車位2,十九層,21,住宅大樓(11層含以上有電梯),住家用,鋼筋混凝土造,,271.62,4,2,2,有,無,28600000,105294,坡道平面,0.0,2900000,,RPTTMLPKPHKFFBB78CB
北區,房地(土地+建物)+車位,臺中市北區乾溝子段167-10地號C棟20樓,27.93,商,,,1031126,土地1建物1車位2,二十層,21,住宅大樓(11層含以上有電梯),住家用,鋼筋混凝土造,,271.62,4,2,2,有,無,28900000,106399,坡道平面,0.0,3000000,,RPUTMLPKPHKFFBB88CB
北區,房地(土地+建物)+車位,臺中市北區乾溝子段167-10地號C棟21樓,27.93,商,,,1031128,土地1建物1車位2,二十一層,21,住宅大樓(11層含以上有電梯),住家用,鋼筋混凝土造,,271.62,4,2,2,有,無,28920000,106472,坡道平面,0.0,3000000,,RPVTMLPKPHKFFBB98CB
北區,房地(土地+建物)+車位,臺中市北區乾溝子段167-10地號D棟4樓,24.0,商,,,1031202,土地1建物1車位2,四層,21,住宅大樓(11層含以上有電梯),住家用,鋼筋混凝土造,,240.32,3,2,2,有,無,22530000,93750,坡道平面,0.0,2600000,,RPWTMLPKPHKFFBB09CB
北區,房地(土地+建物)+車位,臺中市北區乾溝子段167-10地號D棟5樓,24.0,商,,,1031128,土地1建物1車位2,五層,21,住宅大樓(11層含以上有電梯),住家用,鋼筋混凝土造,,240.29,3,2,2,有,無,22400000,93221,坡道平面,0.0,2600000,,RPXTMLPKPHKFFBB56CB
北區,房地(土地+建物)+車位,臺中市北區乾溝子段167-10地號D棟6樓,24.0,商,,,1031127,土地1建物1車位2,六層,21,住宅大樓(11層含以上有電梯),住家用,鋼筋混凝土造,,240.29,3,2,2,有,無,22550000,93845,坡道平面,0.0,2600000,,RPOUMLPKPHKFFBB38CB
北區,房地(土地+建物)+車位,臺中市北區乾溝子段167-10地號D棟7樓,21.52,商,,,1031128,土地1建物1車位1,七層,21,住宅大樓(11層含以上有電梯),住家用,鋼筋混凝土造,,203.93,3,2,2,有,無,21640000,106115,坡道平面,0.0,1450000,,RPPUMLPKPHKFFBB48CB
北區,房地(土地+建物)+車位,臺中市北區乾溝子段167-10地號D棟8樓,24.0,商,,,1031202,土地1建物1車位2,八層,21,住宅大樓(11層含以上有電梯),住家用,鋼筋混凝土造,,240.29,3,2,2,有,無,22800000,94885,坡道平面,0.0,2600000,,RPQUMLPKPHKFFBB58CB
北區,房地(土地+建物)+車位,臺中市北區乾溝子段167-10地號D棟9樓,24.0,商,,,1031127,土地1建物1車位2,九層,21,住宅大樓(11層含以上有電梯),住家用,鋼筋混凝土造,,240.29,3,2,2,有,無,23400000,97382,坡道平面,0.0,2700000,,RPRUMLPKPHKFFBB68CB
北區,房地(土地+建物)+車位,臺中市北區乾溝子段167-10地號D棟10樓,24.0,商,,,1040216,土地1建物1車位2,十層,21,住宅大樓(11層含以上有電梯),住家用,鋼筋混凝土造,,240.29,3,2,2,有,無,22950000,95510,坡道平面,0.0,2600000,,RPSUMLPKPHKFFBB78CB
北區,房地(土地+建物)+車位,臺中市北區乾溝子段167-10地號D棟11樓,24.0,商,,,1031215,土地1建物1車位2,十一層,21,住宅大樓(11層含以上有電梯),住家用,鋼筋混凝土造,,240.29,3,2,2,有,無,22500000,93637,坡道平面,0.0,2600000,,RPTUMLPKPHKFFBB88CB
北區,房地(土地+建物)+車位,臺中市北區乾溝子段167-10地號D棟12樓,24.0,商,,,1031126,土地1建物1車位2,十二層,21,住宅大樓(11層含以上有電梯),住家用,鋼筋混凝土造,,240.29,3,2,2,有,無,23170000,96425,坡道平面,0.0,2700000,,RPUUMLPKPHKFFBB98CB
北區,房地(土地+建物)+車位,臺中市北區乾溝子段167-10地號D棟13樓,21.52,商,,,1031204,土地1建物1車位1,十三層,21,住宅大樓(11層含以上有電梯),住家用,鋼筋混凝土造,,203.93,3,2,2,有,無,22150000,108616,坡道平面,0.0,1350000,,RPVUMLPKPHKFFBB09CB
北區,房地(土地+建物)+車位,臺中市北區乾溝子段167-10地號D棟14樓,21.52,商,,,1031122,土地1建物1車位1,十四層,21,住宅大樓(11層含以上有電梯),住家用,鋼筋混凝土造,,203.93,3,2,2,有,無,21560000,105723,坡道平面,0.0,1350000,,RPWUMLPKPHKFFBB56CB
北區,房地(土地+建物)+車位,臺中市北區乾溝子段167-10地號D棟15樓,24.0,商,,,1031128,土地1建物1車位2,十五層,21,住宅大樓(11層含以上有電梯),住家用,鋼筋混凝土造,,240.29,3,2,2,有,無,23400000,97382,坡道平面,0.0,2600000,,RPXUMLPKPHKFFBB66CB
北區,房地(土地+建物)+車位,臺中市北區乾溝子段167-10地號D棟16樓,21.52,商,,,1031125,土地1建物1車位1,十六層,21,住宅大樓(11層含以上有電梯),住家用,鋼筋混凝土造,,240.29,3,2,2,有,無,22310000,92846,坡道平面,0.0,1450000,,RPOVMLPKPHKFFBB48CB
北區,房地(土地+建物)+車位,臺中市北區乾溝子段167-10地號D棟17樓,24.0,商,,,1031228,土地1建物1車位2,十七層,21,住宅大樓(11層含以上有電梯),住家用,鋼筋混凝土造,,240.29,3,2,2,有,無,22120000,92055,坡道平面,0.0,2600000,,RPPVMLPKPHKFFBB58CB
北區,房地(土地+建物)+車位,臺中市北區乾溝子段167-10地號D棟18樓,24.0,商,,,1031210,土地1建物1車位2,十八層,21,住宅大樓(11層含以上有電梯),住家用,鋼筋混凝土造,,240.29,3,2,2,有,無,22470000,93512,坡道平面,0.0,2800000,,RPQVMLPKPHKFFBB68CB
北區,房地(土地+建物)+車位,臺中市北區乾溝子段167-10地號D棟19樓,21.52,商,,,1031224,土地1建物1車位1,十九層,21,住宅大樓(11層含以上有電梯),住家用,鋼筋混凝土造,,203.93,3,2,2,有,無,22950000,112539,坡道平面,0.0,1450000,,RPRVMLPKPHKFFBB78CB
北區,房地(土地+建物)+車位,臺中市北區乾溝子段167-10地號D棟20樓,21.52,商,,,1031204,土地1建物1車位1,二十層,21,住宅大樓(11層含以上有電梯),住家用,鋼筋混凝土造,,203.93,3,2,2,有,無,23170000,113617,坡道平面,0.0,1450000,,RPSVMLPKPHKFFBB88CB
北區,房地(土地+建物)+車位,臺中市北區乾溝子段167-10地號D棟21樓,24.0,商,,,1031121,土地1建物1車位2,二十一層,21,住宅大樓(11層含以上有電梯),住家用,鋼筋混凝土造,,240.29,3,2,2,有,無,24600000,102376,坡道平面,0.0,2700000,,RPTVMLPKPHKFFBB98CB
西屯區,房地(土地+建物)+車位,臺中市西屯區福星段604地號A棟2樓,26.87,住,,,1030105,土地1建物1車位2,二層,18,住宅大樓(11層含以上有電梯),住家用,鋼筋混凝土造,,264.85,4,2,2,有,無,16550000,69394,坡道平面,59.5,2300000,,RPXOMLMLPHKFFCB58CB
西屯區,房地(土地+建物)+車位,臺中市西屯區福星段604地號A棟3樓,27.18,住,,,1030118,土地1建物1車位2,三層,18,住宅大樓(11層含以上有電梯),住家用,鋼筋混凝土造,,267.25,4,2,2,有,無,17700000,75090,坡道平面,59.5,2100000,,RPOPMLMLPHKFFCB77CB
西屯區,房地(土地+建物)+車位,臺中市西屯區福星段604地號A棟4樓,27.41,住,,,1030310,土地1建物1車位2,四層,18,住宅大樓(11層含以上有電梯),住家用,鋼筋混凝土造,,269.01,4,2,2,有,無,18100000,74459,坡道平面,59.5,2500000,,RPPPMLMLPHKFFCB87CB
西屯區,房地(土地+建物)+車位,臺中市西屯區福星段604地號A棟5樓,27.43,住,,,1021226,土地1建物1車位2,五層,18,住宅大樓(11層含以上有電梯),住家用,鋼筋混凝土造,,269.1,4,2,2,有,無,17190000,71517,坡道平面,59.5,2200000,,RPRPMLMLPHKFFCB08CB
西屯區,房地(土地+建物)+車位,臺中市西屯區福星段604地號A棟14樓,27.43,住,,,1031101,土地1建物1車位2,十四層,18,住宅大樓(11層含以上有電梯),住家用,鋼筋混凝土造,,269.1,4,2,2,有,無,21900000,91603,坡道平面,59.5,2700000,,RPSPMLMLPHKFFCB18CB
西屯區,房地(土地+建物)+車位,臺中市西屯區福星段604地號B棟2樓,26.27,住,,,1030116,土地1建物1車位1,二層,18,住宅大樓(11層含以上有電梯),住家用,鋼筋混凝土造,,230.49,3,2,2,有,無,14600000,67500,坡道平面,29.75,1050000,,RPUPMLMLPHKFFCB38CB
西屯區,房地(土地+建物)+車位,臺中市西屯區福星段604地號B棟4樓,26.81,住,,,1021222,土地1建物1車位1,四層,18,住宅大樓(11層含以上有電梯),住家用,鋼筋混凝土造,,234.65,3,2,2,有,無,15530000,70181,坡道平面,29.75,1150000,,RPVPMLMLPHKFFCB48CB
西屯區,房地(土地+建物)+車位,臺中市西屯區福星段604地號B棟5樓,26.83,住,,,1021222,土地1建物1車位2,五層,18,住宅大樓(11層含以上有電梯),住家用,鋼筋混凝土造,,264.49,3,2,2,有,無,17200000,73174,坡道平面,59.5,2200000,,RPWPMLMLPHKFFCB58CB
西屯區,房地(土地+建物)+車位,臺中市西屯區福星段604地號B棟13樓,26.83,住,,,1030923,土地1建物1車位1,十三層,18,住宅大樓(11層含以上有電梯),住家用,鋼筋混凝土造,,234.74,3,2,2,有,無,19450000,88297,坡道平面,29.75,1350000,,RPXPMLMLPHKFFCB68CB
西屯區,房地(土地+建物)+車位,臺中市西屯區福星段604地號C棟4樓,24.39,住,,,1030118,土地1建物1車位2,四層,18,住宅大樓(11層含以上有電梯),住家用,鋼筋混凝土造,,245.83,3,2,2,有,無,15050000,67890,坡道平面,59.5,2400000,,RPOQMLMLPHKFFCB87CB
西屯區,房地(土地+建物)+車位,臺中市西屯區福星段604地號C棟5樓,24.39,住,,,1021230,土地1建物1車位1,五層,18,住宅大樓(11層含以上有電梯),住家用,鋼筋混凝土造,,216.08,3,2,2,有,無,14500000,72184,坡道平面,29.75,1050000,,RPPQMLMLPHKFFCB97CB
西屯區,房地(土地+建物)+車位,臺中市西屯區福星段604地號C棟6樓,24.39,住,,,1030312,土地1建物1車位1,六層,18,住宅大樓(11層含以上有電梯),住家用,鋼筋混凝土造,,216.08,3,2,2,有,無,15920000,79268,坡道平面,29.75,1150000,,RPQQMLMLPHKFFCB08CB
西屯區,房地(土地+建物)+車位,臺中市西屯區福星段604地號C棟7樓,24.39,住,,,1030125,土地1建物1車位1,七層,18,住宅大樓(11層含以上有電梯),住家用,鋼筋混凝土造,,216.08,3,2,2,有,無,16400000,81844,坡道平面,29.75,1150000,,RPRQMLMLPHKFFCB18CB
西屯區,房地(土地+建物)+車位,臺中市西屯區福星段604地號C棟8樓,24.39,住,,,1021216,土地1建物1車位1,八層,18,住宅大樓(11層含以上有電梯),住家用,鋼筋混凝土造,,216.08,3,2,2,有,無,16400000,82381,坡道平面,29.75,1050000,,RPSQMLMLPHKFFCB28CB
西屯區,房地(土地+建物)+車位,臺中市西屯區福星段604地號D棟3樓,25.73,住,,,1021216,土地1建物1車位1,三層,18,住宅大樓(11層含以上有電梯),住家用,鋼筋混凝土造,,226.37,4,2,2,有,無,14450000,68152,坡道平面,29.75,1050000,,RPTQMLMLPHKFFCB38CB
西屯區,房地(土地+建物)+車位,臺中市西屯區福星段604地號D棟4樓,25.57,住,,,1021218,土地1建物1車位2,四層,18,住宅大樓(11層含以上有電梯),住家用,鋼筋混凝土造,,254.88,4,2,2,有,無,16050000,70376,坡道平面,59.5,2300000,,RPVQMLMLPHKFFCB58CB
西屯區,房地(土地+建物)+車位,臺中市西屯區福星段604地號D棟6樓,25.57,住,,,1030116,土地1建物1車位1,六層,18,住宅大樓(11層含以上有電梯),住家用,鋼筋混凝土造,,225.13,4,2,2,有,無,16200000,77029,坡道平面,29.75,1150000,,RPWQMLMLPHKFFCB68CB
西屯區,房地(土地+建物)+車位,臺中市西屯區福星段604地號D棟7樓,25.57,住,,,1030208,土地1建物1車位2,七層,18,住宅大樓(11層含以上有電梯),住家用,鋼筋混凝土造,,254.88,4,2,2,有,無,17500000,77797,坡道平面,59.5,2300000,,RPORMLMLPHKFFCB97CB
西屯區,房地(土地+建物)+車位,臺中市西屯區福星段604地號D棟8樓,25.57,住,,,1030120,土地1建物1車位2,八層,18,住宅大樓(11層含以上有電梯),住家用,鋼筋混凝土造,,254.88,4,2,2,有,無,17500000,77797,坡道平面,59.5,2300000,,RPPRMLMLPHKFFCB08CB
西屯區,房地(土地+建物)+車位,臺中市西屯區福星段604地號D棟9樓,25.57,住,,,1021218,土地1建物1車位2,九層,18,住宅大樓(11層含以上有電梯),住家用,鋼筋混凝土造,,254.88,4,2,2,有,無,17950000,80100,坡道平面,59.5,2300000,,RPQRMLMLPHKFFCB18CB
西屯區,房地(土地+建物)+車位,臺中市西屯區福星段604地號D棟10樓,25.57,住,,,1030615,土地1建物1車位1,十層,18,住宅大樓(11層含以上有電梯),住家用,鋼筋混凝土造,,225.13,4,2,2,有,無,17500000,82659,坡道平面,29.75,1350000,,RPRRMLMLPHKFFCB28CB
西屯區,房地(土地+建物)+車位,臺中市西屯區福星段604地號A棟15樓,27.43,住,,,1030604,土地1建物1車位2,十五層,18,住宅大樓(11層含以上有電梯),住家用,鋼筋混凝土造,,269.1,4,2,2,有,無,21800000,91603,坡道平面,59.5,2600000,,RPSRMLMLPHKFFCB38CB
