﻿編號,土地位置,土地移轉面積(平方公尺),使用分區或編定,權利人持分分母,權利人持分分子,移轉情形,地號
The serial number, land position,land shifting area square meter,the use zoning or compiles and checks,,,,land parcel
RPRNMLLJNHKFFDF97CC,智興段,.00,都市：住,,,,02650000
RPRNMLLJNHKFFDF97CC,智興段,.00,都市：其他:道路,,,,02650001
RPUOMLLJNHKFFAF08CC,公館段,36.75,都市：住,,,,07120000
RPSPMLLJNHKFFDF28CC,智興段,.00,都市：住,,,,01040000
RPPNMLMJNHKFFGF18CC,集美段,.00,都市：住,,,,06400000
RPSOMLLJNHKFFAF08EC,金城段,8.68,都市：住,,,,03380000
RPRNMLLJNHKFFBF77CC,力行段,22.18,都市：住,,,,11530000
RPQNMLNJNHKFFBF87CC,中泰段,21.09,都市：住,,,,00620000
RPOOMLLJNHKFFGF08CC,光興段,6.61,都市：住,,,,00110000
RPWNMLOJNHKFFAF68EC,中華段,.00,都市：工,,,,06010000
RPVNMLOJNHKFFAF58EC,力行段,.00,都市：住,,,,10970000
RPQNMLOJNHKFFCF28EC,大豐段,29.51,都市：住,,,,00400000
RPPNMLOJNHKFFHF48CC,南勢段,.00,都市：住,,,,06010000
RPOQMLOJNHKFFEF38CC,公司田段,25.73,都市：住,,,,00940000
RPQPMLPJNHKFFHF88CC,中原段,39.89,都市：工,,,,05350000
RPXNMLLJNHKFFEF68CC,公司田段,17.77,都市：住,,,,00060000
RPPPMLPJNHKFFHF78CC,健康段,122.26,都市：工,,,,11590000
RPQNMLOJNHKFFDF18CC,同新段,17.45,都市：工,,,,00130000
RPPNMLPJNHKFFEF28CC,海天段,5.09,都市：住,,,,01900000
RPPNMLMJNHKFFEF97CC,公司田段,21.73,都市：住,,,,00390000
RPRNMLOJNHKFFHF68CC,中和段,22.63,都市：住,,,,04200000
RPVNMLPJNHKFFGF09CC,集美段,.00,都市：住,,,,06400000
RPORMLPJNHKFFAF18CC,公館段,.00,都市：住,,,,15570000
RPPOMLPJNHKFFAF97CC,江子翠段溪頭小段,.00,都市：住,,,,01320000
RPVPMLPJNHKFFAF68CC,振興段,.00,都市：住,,,,00570000
RPPQMLQJNHKFFEF68CC,海天段,12.72,都市：住,,,,01900000
RPOQMLRJNHKFFEF68CC,馬偕段,14.40,都市：工,,,,01960000
RPVNMLRJNHKFFCF09EC,華城一段,4722.85,都市：住,,,,00010010
RPRPMLRJNHKFFEF98DC,公司田段,17.70,都市：其他:,,,,00910000
RPSNMLSJNHKFFGF56DC,過田段,.00,非都市： ; 非都市編定：,,,,09060000
RPXPMLSJNHKFFBF86EC,全安段,41.25,都市：住,,,,03880000
RPQNMLPJNHKFFBF08CC,建林段,15.82,都市：住,,,,04130000
RPTNMLNJNHKFFBF18CC,忠孝段,10.37,都市：住,,,,04520000
RPSNMLSJNHKFFDF88DC,中正段,.00,都市：住,,,,08170000
RPSTMLSJNHKFFAF09CC,中山段,29.50,都市：住,,,,16760000
RPTNMLSJNHKFFDF88CC,工建段,31.71,都市：工,,,,01910000
RPTNMLSJNHKFFDF88CC,工建段,21.57,都市：工,,,,01920000
RPUOMLSJNHKFFDF09CC,智興段,.00,都市：住,,,,01040000
RPWOMLSJNHKFFDF66CC,同新段,8.45,都市：工,,,,00130000
RPOPMLSJNHKFFDF58CC,同新段,17.45,都市：工,,,,00130000
RPTPMLSJNHKFFEF56CC,新興段,23.88,都市：其他:,,,,07430000
RPWOMLRJNHKFFHF96CC,民利段,.00,都市：住,,,,06530000
RPUOMLQJNHKFFHF66CC,板南段,28.72,都市：工,,,,03110000
RPTOMLQJNHKFFHF56CC,健康段,.00,都市：工,,,,11600000
RPSOMLQJNHKFFHF09CC,板南段,92.05,都市：工,,,,03110000
RPPRMLSJNHKFFAF78EC,幸福段,16.40,都市：住,,,,07600006
RPWRMLSJNHKFFAF86EC,亞東段,.00,都市：住,,,,08070000
RPVNMLLKNHKFFDF48CC,福興段,.00,非都市：鄉村區 ; 非都市編定：乙種建築用地,,,,22260000
RPSPMLLKNHKFFAF08CC,介壽段,.00,非都市： ; 非都市編定：,,,,03990000
RPPPMLLKNHKFFEF18CC,新市段,17.18,都市：住,,,,00870000
RPTTMLLKNHKFFBF68CC,榮富段,24.82,都市：住,,,,04270000
RPSRMLLKNHKFFBF38CC,副都心段一小段,21.63,都市：商,,,,00120000
RPUTMLLKNHKFFBF78CC,榮富段,21.39,都市：住,,,,09290000
RPPNMLTJNHKFFBF38CC,榮富段,10.97,都市：住,,,,09290000
RPQNMLTJNHKFFBF48CC,中原段,7.28,都市：住,,,,00050000
RPUUMLRJNHKFFBF76CC,復興段,.00,都市：住,,,,05770000
RPSQMLLKNHKFFHF88CC,保生段,5.42,都市：住,,,,07870000
RPRNMLMKNHKFFDF38EC,保長段,3.91,都市：住,,,,09950000
RPORMLLKNHKFFAF08EC,新板段二小段,.00,都市：住,,,,00110000
RPSNMLMKNHKFFDF48EC,保長段,3.90,都市：住,,,,09950000
RPXQMLLKNHKFFHF76CC,民權段,40.92,都市：住,,,,07040000
RPROMLLKNHKFFDF38EC,智興段,7128.00,都市：住,,,,01040000
RPWNMLMKNHKFFDF88EC,保長段,7.62,都市：住,,,,09950000
RPPOMLMKNHKFFDF28EC,保長段,6.71,都市：住,,,,09950000
RPXNMLMKNHKFFDF98EC,保長段,3.90,都市：住,,,,09950000
RPQOMLMKNHKFFDF38EC,保長段,8.79,都市：住,,,,09950000
RPROMLMKNHKFFDF48EC,保長段,6.70,都市：住,,,,09950000
RPSNMLMKNHKFFHF68CC,新民段,.00,都市：工,,,,03570000
RPTNMLMKNHKFFHF78CC,民富段,.00,都市：工,,,,00290000
RPXNMLMKNHKFFHF56CC,華中段,24.47,都市：住,,,,00600000
RPVNMLMKNHKFFHF98CC,南山段,.00,都市：住,,,,07260000
RPVNMLMKNHKFFHF98CC,南山段,.00,都市：住,,,,07300000
RPOOMLMKNHKFFHF38CC,雙和段,.00,都市：商,,,,09430000
RPOOMLMKNHKFFHF38CC,雙和段,.00,都市：商,,,,09420000
RPWTMLLKNHKFFBF98CC,中泰段,68.11,都市：住,,,,02550000
RPQUMLLKNHKFFBF48CC,五工段,702.82,非都市：工業區 ; 非都市編定：丁種建築用地,,,,01240000
RPXPMLMKNHKFFHF76CC,台貿段,10.27,都市：住,,,,01660000
RPWOMLMKNHKFFHF56CC,大同段,.00,都市：住,,,,05270000
RPWOMLMKNHKFFHF56CC,大同段,.00,都市：住,,,,05280000
RPWOMLMKNHKFFHF56CC,大同段,.00,都市：住,,,,05290000
RPWOMLMKNHKFFHF56CC,大同段,.00,都市：住,,,,05300000
RPUOMLMKNHKFFHF98CC,新和段,.00,都市：住,,,,08550000
RPVOMLMKNHKFFHF09CC,中安段,.00,都市：住,,,,05670000
RPTPMLMKNHKFFHF98CC,保平段,.00,都市：商,,,,04770000
RPROMLMKNHKFFHF68CC,復興段,16.62,都市：住,,,,00650000
RPPOMLMKNHKFFHF48CC,文化段,.00,都市：住,,,,09410000
RPWNMLMKNHKFFEF78CC,正德段,4.91,都市：住,,,,09030000
RPQNMLMKNHKFFDF08CC,智興段,4.55,都市：住,,,,01040000
RPQNMLMKNHKFFEF18CC,蕃薯寮段水碓小段,42.52,非都市：山坡地保育區 ; 非都市編定：丙種建築用地,,,,01310000
RPOPMLLKNHKFFGF28CC,成功段,.00,都市：住,,,,08320000
RPSOMLMKNHKFFGF68CC,三民段,.00,都市：住,,,,04950000
RPTSMLMKNHKFFBF68CC,昌隆段,.00,都市：住,,,,06470000
RPVNMLMKNHKFFBF38CC,五工段,207.00,非都市：工業區 ; 非都市編定：丁種建築用地,,,,04310000
RPOPMLNKNHKFFDF38EC,保長段,7.55,都市：住,,,,09950000
RPUPMLMKNHKFFCF58CC,寶橋段,.00,都市：工,,,,00800000
RPOPMLNKNHKFFCF08CC,民安段,18.93,都市：住,,,,09290000
RPVPMLMKNHKFFCF68CC,復興段,.00,都市：工,,,,01850000
RPVPMLMKNHKFFCF68CC,復興段,.00,都市：工,,,,02020000
RPVPMLMKNHKFFCF68CC,復興段,.00,都市：工,,,,02030000
RPOPMLMKNHKFFCF97CC,惠國段,26.43,都市：住,,,,09220000
RPOPMLMKNHKFFCF97CC,惠國段,.61,都市：其他:捷運系統用地,,,,09220001
RPQPMLQJNHKFFCF48CC,復興段,5.52,都市：工,,,,05170000
RPQPMLQJNHKFFCF48CC,復興段,2.76,都市：工,,,,05170001
RPQPMLQJNHKFFCF48CC,復興段,2.76,都市：工,,,,05170002
RPXNMLOKNHKFFCF98DC,復興段,.00,非都市： ; 非都市編定：,,,,03730000
RPXNMLNKNHKFFAF68DC,延和段,.20,都市：住,,,,04930000
RPPOMLOKNHKFFEF38CC,公司田段,28.77,都市：住,,,,00580000
RPWOMLOKNHKFFEF09CC,仁愛段,8.91,都市：商,,,,01440000
RPTOMLOKNHKFFCF68DC,惠國段,.00,非都市： ; 非都市編定：,,,,00930000
RPROMLOKNHKFFCF48DC,復興段,.00,非都市： ; 非都市編定：,,,,05890000
RPPOMLOKNHKFFCF28DC,寶強段,.00,非都市： ; 非都市編定：,,,,06680000
RPUNMLOKNHKFFHF09CC,福和段,.00,都市：商,,,,09860000
RPVNMLOKNHKFFHF56CC,大同段,.00,都市：住,,,,05270000
RPVNMLOKNHKFFHF56CC,大同段,.00,都市：住,,,,05280000
RPVNMLOKNHKFFHF56CC,大同段,.00,都市：住,,,,05290000
RPVNMLOKNHKFFHF56CC,大同段,.00,都市：住,,,,05300000
RPXOMLOKNHKFFHF86CC,永平段,.00,都市：住,,,,09420000
RPXOMLOKNHKFFHF86CC,永平段,.00,都市：商,,,,09440000
RPORMLPKNHKFFEF68CC,淡海段,28.52,都市：其他:,,,,00850000
RPOOMLPKNHKFFAF97CC,大安段,54.23,都市：工,,,,07450000
RPTPMLNKNHKFFDF88EC,保長段,3.91,都市：住,,,,09950000
RPUPMLNKNHKFFDF98EC,保長段,12.63,都市：住,,,,09950000
RPTNMLOKNHKFFDF78EC,保長段,12.63,都市：住,,,,09950000
RPPRMLSKNHKFFAF68CC,中山段,.00,非都市： ; 非都市編定：,,,,06680000
RPSNMLPKNHKFFIF09CC,和平段,13.08,都市：住,,,,05240000
RPXOMLMKNHKFFIF76CC,樹德段,.00,都市：住,,,,08010000
RPTNMLPKNHKFFIF56CC,和平段,13.08,都市：住,,,,05240000
RPRNMLOKNHKFFIF88CC,三角埔段,32.70,非都市：山坡地保育區 ; 非都市編定：丙種建築用地,,,,04400005
RPOOMLSKNHKFFBF38CC,中原段,25.13,都市：住,,,,00950000
RPSNMLSKNHKFFEF98CC,公司田段,21.06,都市：住,,,,01340000
RPSOMLSKNHKFFBF78CC,新工段二小段,21.13,非都市：工業區 ; 非都市編定：丁種建築用地,,,,00920000
RPPNMLSKNHKFFEF68CC,公司田段,24.30,都市：住,,,,01340000
RPTNMLSKNHKFFEF09CC,公司田段,24.30,都市：住,,,,01340000
RPVNMLSKNHKFFEF66CC,淡海段,17.55,都市：住,,,,00790000
RPWNMLSKNHKFFEF76CC,淡海段,16.40,都市：住,,,,00790000
RPPOMLSKNHKFFEF78CC,淡海段,17.55,都市：住,,,,00790000
RPXNMLSKNHKFFEF86CC,淡海段,17.41,都市：住,,,,00790000
RPQOMLSKNHKFFEF88CC,淡海段,17.07,都市：住,,,,00790000
RPXPMLSKNHKFFEF07CC,淡海段,17.41,都市：住,,,,00790000
RPOPMLSKNHKFFEF78CC,淡海段,17.41,都市：住,,,,00790000
RPPPMLSKNHKFFEF88CC,淡海段,17.88,都市：住,,,,00790000
RPPQMLSKNHKFFEF98CC,淡海段,16.55,都市：住,,,,00790000
RPSQMLSKNHKFFEF66CC,淡海段,14.16,都市：住,,,,00790000
RPRQMLSKNHKFFEF56CC,淡海段,17.41,都市：住,,,,00790000
RPWQMLSKNHKFFEF07CC,公司田段,15.00,都市：住,,,,00390001
RPORMLSKNHKFFEF98CC,新市段,15.81,都市：住,,,,00120000
RPUQMLSKNHKFFEF86CC,中正段,9.90,都市：商,,,,05490000
RPOPMLSKNHKFFIF56CC,大學段一小段,5.88,都市：住,,,,01840000
RPPPMLSKNHKFFIF66CC,介壽段,17.44,都市：住,,,,00090011
RPQNMLSKNHKFFGF98CC,中興段,.00,都市：工,,,,16840000
RPPOMLSKNHKFFHF09CC,圓通段,30.33,都市：住,,,,03830000
RPWOMLTKNHKFFGF17CC,正義北段,.00,都市：商,,,,09580000
RPSOMLSKNHKFFHF76CC,福祥段,.00,都市：商,,,,05270000
RPPPMLTKNHKFFGF56CC,民權段,34.07,都市：住,,,,06550000
RPOOMLTKNHKFFEF78CC,竹圍段,4.58,都市：住,,,,08950000
RPTPMLSKNHKFFDF56CC,昊天段,36.00,都市：工,,,,07760000
RPTQMLTKNHKFFDF76CC,同新段,12.00,都市：工,,,,00130000
RPUNMLTKNHKFFDF56CC,智興段,.00,都市：商,,,,05490000
RPQNMLRKNHKFFDF58CC,智興段,.00,都市：商,,,,04410000
RPRPMLNKNHKFFDF48CC,北山段,7.01,都市：住,,,,04210000
RPRPMLNKNHKFFDF48CC,北山段,796.61,都市：住,,,,02560000
RPWNMLNKNHKFFDF78CC,工建段,.00,都市：工,,,,08450000
RPUQMLTKNHKFFDF86CC,同新段,12.00,都市：工,,,,00130000
RPSSMLTKNHKFFEF17EC,下罟子段下罟子小段,1506.00,都市：農,,,,03340000
RPSSMLTKNHKFFEF17EC,下罟子段下罟子小段,321.00,都市：農,,,,03340002
RPSSMLTKNHKFFEF17EC,下罟子段下罟子小段,27.00,都市：農,,,,03340065
RPSSMLTKNHKFFEF17EC,下罟子段下罟子小段,158.00,都市：農,,,,03340003
RPSSMLTKNHKFFEF17EC,下罟子段下罟子小段,648.00,都市：農,,,,03340068
RPVNMLKLNHKFFAF38EC,公館段,.00,都市：住,,,,01580000
RPVQMLTKNHKFFDF96CC,環河段,41.85,都市：工,,,,00440000
RPWNMLKLNHKFFAF48EC,金城段,12.96,都市：住,,,,04160000
RPWNMLKLNHKFFAF48EC,金城段,2.43,都市：住,,,,04170000
RPWNMLKLNHKFFAF48EC,金城段,17.24,都市：住,,,,04180000
RPOQMLKLNHKFFDF08CC,東勢段,.00,非都市：山坡地保育區 ; 非都市編定：丙種建築用地,,,,07300000
RPSNMLKLNHKFFBF97CC,五工段,2897.44,非都市：工業區 ; 非都市編定：丁種建築用地,,,,05560006
RPUNMLKLNHKFFEF48CC,長興段,5.61,都市：住,,,,04510000
RPTNMLKLNHKFFEF38CC,公司田段,25.11,都市：住,,,,01340000
RPSOMLKLNHKFFHF68CC,民治段,.00,都市：住,,,,05640000
RPSOMLLLNHKFFHF78CC,板南段,.00,都市：工,,,,03820000
RPSOMLLLNHKFFHF78CC,板南段,.00,都市：其他:道路用地,,,,03820001
RPOPMLLLNHKFFHF48CC,錦和段,13.87,都市：住,,,,09590000
RPROMLLLNHKFFGF58CC,成功段,.00,都市：商,,,,11040000
RPWNMLLLNHKFFBF48CC,國宅段,17.29,都市：住,,,,00180000
RPTPMLLLNHKFFBF38CC,中興段,102.25,都市：工,,,,09740000
RPUPMLLLNHKFFBF48CC,全安段,99.52,都市：住,,,,07330000
RPUPMLLLNHKFFBF48CC,全安段,103.19,都市：住,,,,07320000
RPXQMLLLNHKFFBF88CC,豐年段,26.07,都市：住,,,,02670000
RPVPMLLLNHKFFBF58CC,光明段,22.15,都市：住,,,,01980000
RPPNMLLLNHKFFDF97CC,智興段,.00,都市：住,,,,02460000
RPXNMLTKNHKFFAF56CC,樂利段,4.70,都市：其他:空白,,,,06950000
RPOOMLKLNHKFFAF57CC,振興段,661.00,都市：商,,,,02370000
RPWPMLLLNHKFFAF58CC,仁愛段,66.94,都市：工,,,,06380000
RPPPMLTKNHKFFAF58CC,光華段,.00,都市：住,,,,03100000
RPTQMLKLNHKFFAF28CC,江子翠段第二崁小段,.00,非都市： ; 非都市編定：,,,,02200027
RPOQMLKLNHKFFAF77CC,江子翠段第二崁小段,.00,非都市： ; 非都市編定：,,,,02200027
RPQNMLLLNHKFFDF08CC,智興段,.00,都市：商,,,,05600000
RPQNMLLLNHKFFDF08CC,智興段,.00,都市：其他:道路,,,,05600001
RPQNMLLLNHKFFDF08CC,智興段,.00,都市：商,,,,05600002
RPTNMLMLNHKFFBF28CC,中原段,18.05,都市：住,,,,00020000
RPQOMLTKNHKFFAF58CC,忠孝段,.00,都市：住,,,,15680000
RPXPMLMLNHKFFGF76CC,仁義段,94.00,都市：住,,,,09510000
RPOOMLMLNHKFFEF18CC,正德段,25.02,都市：住,,,,01470000
RPPOMLMLNHKFFIF68CC,樹新段,25.48,都市：住,,,,02060000
RPROMLMLNHKFFEF48CC,公司田段,15.87,都市：住,,,,00690000
RPROMLMLNHKFFHF78CC,得和段,.00,都市：住,,,,00490000
RPTOMLMLNHKFFHF98CC,大仁段,34.18,都市：住,,,,05680000
RPOQMLMLNHKFFEF38CC,水仙段,.46,都市：住,,,,00670003
RPOQMLMLNHKFFEF38CC,水仙段,2.48,都市：住,,,,00670000
RPPNMLNLNHKFFHF58CC,大仁段,30.82,都市：住,,,,05710000
RPPQMLMLNHKFFEF48CC,水仙段,.43,都市：住,,,,00670003
RPPQMLMLNHKFFEF48CC,水仙段,2.29,都市：住,,,,00670000
RPSPMLMLNHKFFHF98CC,連城段,.00,都市：住,,,,06220000
RPSPMLMLNHKFFHF98CC,連城段,.00,都市：住,,,,06260000
RPSPMLMLNHKFFHF98CC,連城段,.00,都市：住,,,,06270000
RPSPMLMLNHKFFHF98CC,連城段,.00,都市：其他:人行步道,,,,06270001
RPSPMLMLNHKFFHF98CC,連城段,.00,都市：住,,,,06280000
RPRNMLNLNHKFFBF18CC,中原段,19.42,都市：住,,,,01530000
RPPNMLNLNHKFFGF48CC,永安段,14.00,都市：住,,,,20850000
RPOOMLNLNHKFFBF97CC,恒安段,21.01,都市：住,,,,05030000
RPQOMLNLNHKFFBF18CC,中原段,19.42,都市：住,,,,01530000
RPSNMLNLNHKFFBF28CC,中原段,13.01,都市：商,,,,01960000
RPXNMLNLNHKFFBF78CC,榮富段,10.87,都市：住,,,,08350000
RPTNMLNLNHKFFBF38CC,榮富段,7.40,都市：住,,,,09290000
RPPOMLNLNHKFFBF08CC,榮富段,22.23,都市：住,,,,08680000
RPUNMLNLNHKFFBF48CC,中原段,23.88,都市：住,,,,03210000
RPROMLNLNHKFFBF28CC,榮富段,24.07,都市：住,,,,08620000
RPSOMLNLNHKFFBF38CC,中誠段,23.51,都市：住,,,,07860000
RPRNMLOLNHKFFDF48CC,智興段,.00,都市：商,,,,04410000
RPQNMLPLNHKFFDF48CC,昊天段,52.49,都市：工,,,,10860000
RPQNMLOLNHKFFDF38CC,智興段,.00,都市：住,,,,02650000
RPQNMLOLNHKFFDF38CC,智興段,.00,都市：其他:道路用地,,,,02650001
RPSPMLPLNHKFFBF68CC,新工段一小段,1154.73,非都市：工業區 ; 非都市編定：丁種建築用地,,,,00190000
RPPNMLOLNHKFFBF08CC,國宅段,18.65,都市：住,,,,00170001
RPUNMLPLNHKFFHF66CC,連城段,.00,都市：住,,,,01550000
RPUOMLPLNHKFFHF76CC,復興段,27.11,都市：住,,,,10480000
RPVNMLQLNHKFFHF86CC,連城段,.00,都市：住,,,,06270000
RPOOMLQLNHKFFHF88CC,盛昌段,.00,都市：住,,,,01450000
RPROMLQLNHKFFHF56CC,大同段,16.00,都市：住,,,,00040000
RPSOMLQLNHKFFHF66CC,橋和段,.00,都市：商,,,,03340000
RPTOMLQLNHKFFHF76CC,復興段,.00,都市：住,,,,00650000
RPPOMLKLNHKFFCF87CC,中正段,.00,都市：其他:捷運系統用地,,,,01650000
RPPNMLRKNHKFFCF38CC,順安段,.00,都市：住,,,,04380000
RPPNMLRKNHKFFCF38CC,順安段,.00,都市：住,,,,04390000
RPVOMLQLNHKFFGF86CC,大安段,14.57,都市：住,,,,02180000
RPVOMLQLNHKFFGF86CC,大安段,.09,都市：其他:,,,,02180001
RPPPMLQLNHKFFIF56CC,大學段二小段,8.29,都市：商,,,,00980000
RPWNMLQLNHKFFBF98CC,麗林段,21.72,都市：商,,,,04070004
RPTQMLQLNHKFFBF98CC,芳洲段,24.09,都市：住,,,,01700000
RPVQMLQLNHKFFBF56CC,榮富段,65.04,都市：住,,,,04850000
RPSNMLQLNHKFFDF78CC,智興段,.00,都市：住,,,,01040000
RPSNMLPLNHKFFDF68CC,昊天段,166.99,都市：工,,,,10860000
RPQPMLQLNHKFFDF78CC,同新段,.68,都市：工,,,,00130000
RPXOMLPLNHKFFDF66CC,智興段,.00,非都市： ; 非都市編定：,,,,01040000
RPVPMLQLNHKFFAF98CC,幸福段,30.00,都市：住,,,,11160006
RPUNMLQLNHKFFCF88CC,寶強段,.00,都市：住,,,,00620000
RPTNMLQLNHKFFAF58CC,江子翠段第二崁小段,.00,都市：其他:機關用地,,,,02270046
RPVNMLQLNHKFFCF98CC,安康段,.00,都市：其他:風景區,,,,16220000
RPVNMLQLNHKFFAF98EC,忠孝段,.00,非都市： ; 非都市編定：,,,,01330000
RPVNMLRLNHKFFAF98DC,金城段,11.35,都市：住,,,,03380000
RPOOMLQLNHKFFAF38EC,新雅段,.00,都市：住,,,,03650000
RPWNMLQLNHKFFCF56DC,寶強段,.00,非都市： ; 非都市編定：,,,,06010000
RPWNMLQLNHKFFCF56DC,寶強段,.00,非都市： ; 非都市編定：,,,,06010001
RPWNMLQLNHKFFCF56DC,寶強段,.00,非都市： ; 非都市編定：,,,,06010002
RPWNMLQLNHKFFCF56DC,寶強段,.00,非都市： ; 非都市編定：,,,,06010003
RPWNMLRLNHKFFAF09DC,清水段,19.05,都市：住,,,,05340000
RPSNMLRLNHKFFAF78EC,大庭段,12.29,都市：住,,,,20240000
RPRQMLRLNHKFFBF88CC,中誠段,42.89,都市：住,,,,08000000
RPSOMLRLNHKFFHF76CC,民富段,.00,都市：工,,,,09500000
RPUOMLRLNHKFFHF96CC,板南段,30.72,都市：工,,,,03110000
RPTOMLRLNHKFFHF86CC,安平段,12.88,都市：住,,,,08700000
RPWOMLRLNHKFFHF17CC,健康段,8.15,都市：工,,,,02580000
RPVRMLSLNHKFFBF86CC,中原段,30.40,都市：住,,,,01030000
RPWNMLSLNHKFFDF86DC,金龍段,24.68,都市：住,,,,04910000
RPXNMLSLNHKFFDF96DC,金龍段,34.00,都市：住,,,,04080000
RPTOMLTLNHKFFCF76EC,小城段,79.00,都市：住,,,,16390000
RPXPMLTLNHKFFGF57DC,福德南段,115.39,都市：住,,,,05220000
RPRNMLTLNHKFFDF98CC,智興段,.00,都市：商,,,,02650000
RPRNMLTLNHKFFDF98CC,智興段,.00,都市：其他:道路,,,,02650001
RPTPMLTLNHKFFBF56CC,中原段,32.50,都市：住,,,,02830000
RPVPMLTLNHKFFBF76CC,中原段,30.51,都市：住,,,,00970000
RPSNMLSLNHKFFCF88CC,惠國段,4.30,都市：住,,,,00490000
RPXNMLTLNHKFFCF86CC,建國段,54.68,都市：住,,,,02530000
RPTNMLTLNHKFFHF96CC,信和段,83.48,都市：住,,,,00470000
RPTSMLTLNHKFFBF86CC,光明段,.00,都市：住,,,,10840000
RPRQMLTLNHKFFIF17CC,大學段二小段,8.22,都市：商,,,,00980000
RPSQMLTLNHKFFIF27CC,復興段,32.80,都市：住,,,,10720000
RPROMLPLNHKFFEF78CC,新興段,2.61,都市：住,,,,06470000
RPPQMLTLNHKFFEF56CC,新市段,7295.67,都市：其他:,,,,00530000
RPQQMLMLNHKFFEF58CC,長興段,4.81,都市：住,,,,04510000
RPQQMLMLNHKFFEF58CC,長興段,.16,都市：住,,,,04510001
RPTNMLRLNHKFFEF09CC,公司田段,22.36,都市：其他:,,,,00190000
RPTNMLQLNHKFFEF98CC,鄧公段,.00,都市：住,,,,02430000
RPSOMLPLNHKFFEF88CC,新市段,18.95,都市：住,,,,00580000
RPWOMLQLNHKFFEF76CC,竹圍段,8.06,都市：商,,,,03600000
RPVPMLPLNHKFFEF66CC,公司田段,44.28,都市：住,,,,00300000
RPPOMLLJOHKFFGF28CC,成功段,.00,都市：住,,,,01200000
RPPOMLLJOHKFFGF28CC,成功段,.00,都市：住,,,,01180000
RPUQMLLJOHKFFAF38CC,中山段,9.16,都市：其他:第一種特定專用區,,,,06680000
RPUOMLLJOHKFFDF48CC,同新段,15.15,都市：工,,,,00130000
RPOPMLLJOHKFFDF97CC,同新段,61.06,都市：工,,,,00130000
RPQOMLLJOHKFFDF08CC,智興段,.00,都市：商,,,,05110000
RPXPMLLJOHKFFDF98DC,厚德段,.00,都市：住,,,,01860000
RPROMLLJOHKFFDF38EC,北山段,36.86,都市：住,,,,10070000
RPUOMLMJOHKFFAF48EC,公館段,.00,都市：住,,,,01580000
RPPNMLKMNHKFFCF87CC,香坡段,163.36,非都市：山坡地保育區 ; 非都市編定：丙種建築用地,,,,01820000
RPPNMLKMNHKFFCF87CC,香坡段,4.26,非都市：山坡地保育區 ; 非都市編定：林業用地,,,,01800000
RPPNMLKMNHKFFCF87CC,香坡段,1.19,非都市：山坡地保育區 ; 非都市編定：林業用地,,,,01810000
RPPNMLKMNHKFFCF87CC,香坡段,5.08,非都市：山坡地保育區 ; 非都市編定：遊憩用地,,,,01980000
RPPNMLKMNHKFFCF87CC,香坡段,2.38,非都市：山坡地保育區 ; 非都市編定：遊憩用地,,,,02130000
RPPNMLKMNHKFFCF87CC,香坡段,2.38,非都市：山坡地保育區 ; 非都市編定：林業用地,,,,02140000
RPRQMLMJOHKFFEF58CC,灰?子段後洲子小段,2891.00,都市：其他:,,,,00250006
RPUNMLMJOHKFFDF48CC,智興段,.00,都市：住,,,,01040000
RPSNMLMJOHKFFDF28CC,水源段,.00,都市：住,,,,09920000
RPSNMLMJOHKFFDF28CC,水源段,.00,都市：住,,,,09920001
RPQOMLLJOHKFFEF18CC,舊小基隆段埔頭小段,145.33,都市：農,,,,00940004
RPQOMLLJOHKFFEF18CC,舊小基隆段埔頭小段,356.67,都市：農,,,,00770014
RPPNMLLMNHKFFEF18CC,新市段,17.19,都市：住,,,,00870000
RPRPMLMJOHKFFHF78CC,南勢段,.00,都市：住,,,,01800000
RPWNMLNJOHKFFGF09CC,正義段,.00,都市：住,,,,04710000
RPQNMLLMNHKFFEF28CC,紅毛城段,5.59,都市：住,,,,05330000
RPORMLTLNHKFFEF56CC,長興段,.00,都市：住,,,,14840000
RPORMLTLNHKFFEF56CC,長興段,.00,都市：住,,,,14830000
RPORMLTLNHKFFEF56CC,長興段,.00,都市：住,,,,09090000
RPORMLTLNHKFFEF56CC,滬尾段,.00,都市：其他:道路用地,,,,00200000
RPTOMLNJOHKFFAF28CC,江子翠段新埔小段,.00,都市：住,,,,00310003
RPVPMLMJOHKFFHF56CC,連城段,.00,都市：住,,,,01220000
RPVQMLNJOHKFFBF78CC,忠孝段,10.37,都市：住,,,,04520000
RPQPMLNJOHKFFAF28EC,員和段,100.95,都市：其他:道路用地,,,,03180000
RPQPMLNJOHKFFAF28EC,員和段,43.21,都市：住,,,,03200000
RPPPMLOJOHKFFAF08CC,樂利段,30.40,都市：住,,,,10100000
RPXNMLOJOHKFFEF09CC,龍米段,4.68,都市：其他:,,,,24310000
RPQPMLPJOHKFFEF68CC,新興段,12.91,都市：住,,,,05980000
RPQOMLPJOHKFFHF88CC,廟美段,33.83,都市：住,,,,08460000
RPSOMLPJOHKFFHF09CC,板南段,.00,都市：工,,,,03820000
RPSOMLPJOHKFFHF09CC,板南段,.00,都市：其他:道路用地,,,,03820001
RPRQMLPJOHKFFHF56CC,信和段,.00,都市：住,,,,00470000
RPQRMLNJOHKFFBF38CC,榮富段,10.36,都市：住,,,,08460000
RPTOMLPJOHKFFHF56CC,板南段,.00,都市：工,,,,03820000
RPTOMLPJOHKFFHF56CC,板南段,.00,都市：其他:道路用地,,,,03820001
RPTRMLNJOHKFFBF68CC,中原段,24.19,都市：住,,,,00050000
RPRRMLNJOHKFFBF48CC,新工段一小段,76.22,非都市：工業區 ; 非都市編定：丁種建築用地,,,,00020000
RPVRMLNJOHKFFBF88CC,五工段,1003.05,非都市：工業區 ; 非都市編定：丁種建築用地,,,,03870000
RPVRMLNJOHKFFBF88CC,五工段,1003.00,非都市：工業區 ; 非都市編定：丁種建築用地,,,,03880000
RPSRMLNJOHKFFBF58CC,中原段,14.57,都市：住,,,,00050000
RPUOMLPJOHKFFHF66CC,健康段,87.29,都市：工,,,,00640000
RPQPMLPJOHKFFDF58CC,同新段,12.33,都市：工,,,,00130000
RPQOMLPJOHKFFBF28CC,榮富段,10.44,都市：住,,,,08820000
RPROMLPJOHKFFBF38CC,自立段,20.26,都市：住,,,,00400000
RPSOMLPJOHKFFDF68CC,同新段,7.80,都市：工,,,,00130000
RPSOMLPJOHKFFBF48CC,榮富段,8.60,都市：住,,,,09060000
RPTNMLQJOHKFFDF78CC,建成段,4292.19,都市：商,,,,05040000
RPTNMLQJOHKFFDF78CC,建成段,2117.48,都市：商,,,,05750000
RPPOMLPJOHKFFBF18CC,榮富段,9.97,都市：住,,,,01520000
RPUOMLPJOHKFFDF09EC,智興段,6.88,都市：住,,,,01040000
RPQNMLQJOHKFFEF58CC,海天段,16.09,都市：住,,,,05480000
RPQNMLQJOHKFFEF58CC,海天段,.91,都市：住,,,,05480000
RPSOMLRJOHKFFEF98CC,公司田段,17.56,都市：住,,,,01920000
RPPNMLQJOHKFFEF48CC,新市段,28.61,都市：住,,,,00450000
RPSOMLSJOHKFFGF66CC,正義段,.00,非都市： ; 非都市編定：,,,,00500001
RPROMLRJOHKFFEF88CC,新興段,34.72,都市：住,,,,03160000
RPXRMLSJOHKFFIF67CC,大學段一小段,15.69,都市：商,,,,00530000
RPROMLSJOHKFFEF98CC,龍米段,.00,都市：住,,,,13940000
RPUNMLSJOHKFFHF86CC,華福段,.00,都市：住,,,,02690000
RPUNMLSJOHKFFHF86CC,華福段,.00,都市：住,,,,02710000
RPPNMLQJOHKFFCF28CC,玫瑰段,.00,都市：住,,,,00760000
RPTTMLSJOHKFFIF47CC,大學段一小段,.00,都市：住,,,,00330000
RPPOMLSJOHKFFHF09CC,南山段,.00,都市：住,,,,05340000
RPUOMLSJOHKFFHF96CC,中安段,6.62,都市：住,,,,03610000
RPQNMLSJOHKFFCF58CC,秀水段,18.27,都市：住,,,,08880000
RPQPMLSJOHKFFDF88CC,保安段,905.97,都市：工,,,,11910000
RPTPMLTJOHKFFBF09CC,全安段,28.20,都市：住,,,,01700000
RPSNMLTJOHKFFDF98CC,昊天段,23.90,都市：工,,,,08720000
RPPNMLSJOHKFFDF58CC,智興段,.00,都市：住,,,,01040000
RPSOMLSJOHKFFDF98CC,金龍段,15.07,都市：住,,,,03280000
RPXNMLTJOHKFFDF86CC,保安段,905.97,都市：工,,,,11910000
RPPOMLSJOHKFFDF68CC,大同段,.00,都市：住,,,,07140000
RPSNMLTJOHKFFGF66CC,菜寮段,.00,非都市： ; 非都市編定：,,,,02810000
RPSNMLTJOHKFFGF66CC,菜寮段,.00,非都市： ; 非都市編定：,,,,02810001
RPXOMLSJOHKFFBF66CC,建林段,297.52,都市：住,,,,10810000
RPOOMLTJOHKFFCF68DC,寶橋段,107.80,都市：工,,,,02550000
RPTOMLKKOHKFFAF28EC,光仁段,.00,都市：住,,,,28220000
RPXPMLTJOHKFFEF17CC,公司田段,28.40,都市：住,,,,00480000
RPROMLTJOHKFFEF09CC,正德段,.00,非都市： ; 非都市編定：,,,,07090000
RPSOMLKKOHKFFAF18EC,府中段,.00,都市：住,,,,00470000
RPUOMLKKOHKFFEF68DC,鄧公段,4.81,都市：住,,,,06300000
RPUOMLKKOHKFFAF38EC,成功段,.00,都市：住,,,,06520000
RPRNMLKKOHKFFEF28DC,鄧公段,7.02,都市：住,,,,06300000
RPQQMLOJOHKFFAF28CC,新板段二小段,.00,非都市： ; 非都市編定：,,,,00040000
RPOQMLOJOHKFFAF08CC,運校段,176.02,都市：其他:產業專用區(一),,,,00810002
RPXNMLKKOHKFFHF09CC,水源段,54.05,都市：商,,,,01820000
RPWNMLKKOHKFFHF09DC,永福段,16.75,都市：商,,,,09640000
RPUPMLTJOHKFFAF09CC,江子翠段新埔小段,16.50,都市：商,,,,00070011
RPUPMLTJOHKFFAF09CC,江子翠段新埔小段,14.50,都市：商,,,,00070020
RPOQMLSJOHKFFAF48CC,新雅段,15.21,都市：住,,,,06120000
RPXNMLKKOHKFFGF98CC,仁愛段,.00,非都市： ; 非都市編定：,,,,19280007
RPXNMLKKOHKFFGF98CC,仁愛段,.00,非都市： ; 非都市編定：,,,,19290004
RPUPMLKKOHKFFBF38CC,雙鳳段,9.14,都市：住,,,,04410000
RPVPMLKKOHKFFAF38CC,中山段,10.65,都市：其他:第一種特定專用區,,,,06680000
RPOOMLLKOHKFFHF38CC,圓通段,.00,都市：住,,,,01760000
RPUOMLLKOHKFFHF98CC,錦和段,.00,都市：商,,,,06360000
RPROMLLKOHKFFHF68CC,復興段,.00,都市：住,,,,10360000
RPRPMLLKOHKFFBF18CC,菁埔段漳洲寮小段,4270.00,都市：農,,,,00190004
RPSRMLKKOHKFFBF38CC,民安段,8.19,都市：住,,,,06550000
RPSPMLLKOHKFFBF28CC,力行段,13.05,都市：商,,,,02590001
RPVNMLLKOHKFFDF58CC,智興段,.00,都市：商,,,,04410000
RPPRMLLKOHKFFBF18CC,建林段,53.41,都市：住,,,,09520000
RPOPMLLKOHKFFHF48CC,安邦段,.00,都市：住,,,,01350000
RPXOMLLKOHKFFHF66CC,永安段,.00,都市：商,,,,02470000
RPVOMLLKOHKFFHF09CC,捷運段,.00,都市：其他:捷運系統用地,,,,00080000
RPWOMLLKOHKFFHF56CC,圓通段,.00,都市：住,,,,07070000
RPPPMLLKOHKFFHF58CC,連城段,.00,都市：住,,,,03570000
RPPNMLLKOHKFFFF18CC,明燈段,18.36,都市：住,,,,00300000
RPSPMLMKOHKFFIF56DC,大仁段,32.29,都市：住,,,,06120000
RPOPMLMKOHKFFIF88EC,大學段一小段,16.26,都市：住,,,,00110000
RPOUMLMKOHKFFDF68CC,同新段,17.45,都市：工,,,,00130000
RPXOMLMKOHKFFCF88CC,寶元段,104.56,都市：工,,,,01740000
RPXNMLMKOHKFFBF68CC,榮富段,11.87,都市：住,,,,06510000
RPOOMLMKOHKFFBF87CC,和平段,7.51,都市：住,,,,07760000
RPPNMLNKOHKFFDF18CC,智興段,13.24,都市：商,,,,07210000
RPUPMLMKOHKFFBF58CC,泰山段一小段,1007.00,非都市：特定農業區 ; 非都市編定：農牧用地,,,,02860000
RPXOMLMKOHKFFBF78CC,力行段,25.56,都市：住,,,,04220000
RPPOMLMKOHKFFBF97CC,復興段,227.02,都市：住,,,,05480000
RPRNMLPKOHKFFDF58CC,智興段,.00,都市：商,,,,04710000
RPRNMLPKOHKFFDF58CC,智興段,.00,都市：住,,,,04760000
RPQSMLPKOHKFFDF98CC,福興段,.00,非都市：鄉村區 ; 非都市編定：乙種建築用地,,,,21970000
RPQSMLPKOHKFFDF98CC,福興段,.00,非都市：鄉村區 ; 非都市編定：乙種建築用地,,,,22750000
RPQSMLPKOHKFFDF98CC,福興段,.00,非都市：鄉村區 ; 非都市編定：乙種建築用地,,,,23790000
RPRSMLPKOHKFFDF09CC,福興段,.00,非都市：鄉村區 ; 非都市編定：乙種建築用地,,,,09850000
RPTOMLPKOHKFFCF78CC,華城二段,.00,都市：住,,,,01200000
RPRPMLPKOHKFFEF88CC,新市段,.00,都市：住,,,,00810000
RPWNMLQKOHKFFCF09CC,中正段,.00,都市：住,,,,09530000
RPQNMLQKOHKFFCF48CC,復興段,.00,都市：工,,,,00820000
RPVQMLQKOHKFFBF66DC,榮富段,.00,都市：住,,,,06740000
RPSNMLRKOHKFFDF98DC,北山段,24.56,都市：住,,,,04380000
RPUNMLRKOHKFFCF98CC,北新段,.00,都市：其他:道路,,,,05480001
RPUNMLRKOHKFFCF98CC,北新段,.00,都市：住,,,,05480000
RPQOMLLKOHKFFAF87CC,亞東段,.00,都市：住,,,,09230000
RPUOMLRKOHKFFAF88CC,金城段,3.55,都市：住,,,,03900000
RPXNMLLKOHKFFAF48CC,延和段,.00,都市：其他:第二種住宅區,,,,04360000
RPWPMLKKOHKFFAF48CC,新板段三小段,2.76,都市：其他:第二種特定專區,,,,00250000
RPPPMLRKOHKFFAF48CC,江子翠段溪頭小段,.00,都市：住,,,,02000010
RPPPMLRKOHKFFHF56CC,大智段,.00,都市：住,,,,01690000
RPVPMLRKOHKFFHF17CC,安邦段,.00,都市：工,,,,01640000
RPOPMLRKOHKFFHF09CC,樂華段,8.74,都市：商,,,,03900000
RPOPMLRKOHKFFHF09CC,樂華段,4.83,都市：住,,,,04100000
RPPQMLRKOHKFFEF98CC,淡海段,28.44,都市：住,,,,00850000
RPQQMLRKOHKFFHF76CC,健康段,9.26,都市：工,,,,02580000
RPVPMLSKOHKFFIF37CC,大學段二小段,8.94,都市：商,,,,00980000
RPPQMLRKOHKFFHF66CC,信義段,3.13,都市：商,,,,05040000
RPTPMLRKOHKFFGF86CC,長壽段,.00,都市：商,,,,06680000
RPTPMLRKOHKFFGF86CC,長壽段,.00,都市：商,,,,06680001
RPTOMLSKOHKFFGF86CC,集美段,.00,都市：住,,,,05390000
RPPQMLSKOHKFFIF86CC,和平段,14.11,都市：住,,,,04550000
RPVOMLSKOHKFFEF86CC,公司田段,21.06,都市：住,,,,01340000
RPTPMLSKOHKFFEF76CC,正德段,20.90,都市：住,,,,08650000
RPXQMLSKOHKFFEF27CC,公司田段,29.53,都市：住,,,,00880000
RPSRMLSKOHKFFEF86CC,新興段,22.92,都市：住,,,,03160000
RPXNMLSKOHKFFAF56CC,江子翠段第二崁小段,5.16,都市：商,,,,01960000
RPOOMLSKOHKFFAF38CC,文化段,2.10,都市：住,,,,11980000
RPSTMLSKOHKFFDF96CC,金龍段,.00,非都市：山坡地保育區 ; 非都市編定：丙種建築用地,,,,12770000
RPRQMLSKOHKFFAF88CC,新雅段,.00,非都市： ; 非都市編定：,,,,02130000
RPTTMLSKOHKFFDF07CC,福德段,30.00,都市：住,,,,08510000
RPTTMLSKOHKFFDF07CC,福德段,3.05,都市：住,,,,08560000
RPVPMLSKOHKFFBF66CC,副都心段一小段,10.58,都市：商,,,,00110000
RPQNMLSKOHKFFBF58CC,昌隆段,15.12,都市：住,,,,05220000
RPXPMLSKOHKFFBF86CC,榮富段,10.01,都市：住,,,,08500000
RPOQMLSKOHKFFBF68CC,榮富段,10.97,都市：住,,,,09290000
RPQQMLSKOHKFFBF88CC,思源段,31.07,都市：住,,,,00370000
RPPRMLSKOHKFFBF98DC,榮富段,34.74,都市：住,,,,00230000
RPWNMLSKOHKFFCF76DC,寶橋段,.00,非都市： ; 非都市編定：,,,,04210000
RPTNMLSKOHKFFIF07DC,育英段,40.67,都市：商,,,,01080000
RPQNMLSKOHKFFDF98EC,新峰段,3.07,都市：住,,,,01190000
RPSNMLSKOHKFFDF56EC,保長段,3.91,都市：住,,,,09950000
RPUNMLSKOHKFFDF76EC,保長段,8.53,都市：住,,,,09950000
RPXNMLRKOHKFFGF27EC,仁興段,.00,非都市： ; 非都市編定：,,,,24130000
RPQNMLSKOHKFFAF68EC,中山段,29.50,都市：住,,,,16760000
RPUNMLLKOHKFFAF38EC,大安段,50.00,都市：工,,,,07450000
RPTNMLLKOHKFFAF28EC,沛陂段,1207.02,都市：工,,,,02040000
RPUPMLQKOHKFFHF96CC,保健段,1.89,都市：商,,,,01080002
RPRQMLLKOHKFFHF88CC,中原段,.00,都市：工,,,,05350000
RPUPMLQKOHKFFHF96CC,保健段,10.91,都市：住,,,,01050000
RPWNMLSKOHKFFDF96EC,保長段,3.91,都市：住,,,,09950000
RPVNMLSKOHKFFDF86EC,保長段,3.91,都市：住,,,,09950000
RPPNMLTKOHKFFDF78CC,智興段,3739.00,都市：其他:,,,,10610000
RPRNMLTKOHKFFIF86CC,大學段一小段,11.64,都市：住,,,,01860000
RPPNMLTKOHKFFGF09CC,中民段,39.97,都市：商,,,,02040000
RPORMLSKOHKFFBF78CC,五工段,861.88,非都市：工業區 ; 非都市編定：丁種建築用地,,,,04480000
RPUNMLTKOHKFFBF09CC,榮富段,12.20,都市：住,,,,02470000
RPXQMLSKOHKFFBF96CC,力行段,8.41,都市：住,,,,10250000
RPPNMLTKOHKFFBF58CC,中原段,11.93,都市：住,,,,02480000
RPWNMLTKOHKFFBF66CC,榮富段,18.71,都市：住,,,,08310000
RPSNMLTKOHKFFBF88CC,副都心段一小段,16.67,都市：商,,,,03990000
RPOOMLTKOHKFFBF58CC,中原段,24.30,都市：住,,,,00760000
RPPNMLLLOHKFFBF87CC,國宅段,16.16,都市：住,,,,00110006
RPPOMLMLOHKFFBF08CC,中原段,11.93,都市：住,,,,02480000
RPQNMLTKOHKFFBF68CC,榮富段,13.13,都市：住,,,,09640001
RPTNMLMLOHKFFCF48CC,順安段,.00,都市：住,,,,02550000
RPRPMLMLOHKFFHF98CC,華中段,.00,都市：住,,,,00190000
RPVPMLMLOHKFFHF76CC,健康段,.00,都市：工,,,,11600000
RPUPMLMLOHKFFHF66CC,健康段,90.29,都市：工,,,,11590000
RPQNMLMLOHKFFHF68CC,板南段,361.56,都市：工,,,,05640000
RPWPMLMLOHKFFHF86CC,信和段,11.59,都市：住,,,,01320000
RPQNMLMLOHKFFHF88EC,信義段,.00,都市：商,,,,00040000
RPOPMLNLOHKFFAF28EC,新板段二小段,5.03,都市：其他:特專二,,,,00110000
RPSOMLMLOHKFFCF58DC,福園段,34.08,都市：住,,,,06070000
RPXNMLNLOHKFFEF66DC,中興段,50.38,都市：商,,,,01580000
RPUPMLNLOHKFFIF86CC,大學段一小段,5.34,都市：住,,,,00910000
RPVPMLNLOHKFFIF96CC,仁愛段,7.16,都市：住,,,,05050000
RPROMLNLOHKFFCF48CC,萬順寮段草地尾小段,12.04,都市：工,,,,00590000
RPWPMLMLOHKFFBF88CC,力行段,17.47,都市：住,,,,11470000
RPRRMLMLOHKFFBF58CC,副都心段一小段,21.79,都市：商,,,,00120000
RPQNMLOLOHKFFDF48CC,智興段,.00,都市：商,,,,04410000
RPUPMLNLOHKFFDF98CC,工建段,52.49,都市：工,,,,06730000
RPPOMLNLOHKFFDF38CC,同新段,9.95,都市：工,,,,00130000
RPROMLNLOHKFFDF58CC,昊天段,15.70,都市：工,,,,10860000
RPSOMLNLOHKFFDF68CC,同新段,11.64,都市：工,,,,00130000
RPRPMLMLOHKFFDF58CC,保安段,28.52,都市：工,,,,11910000
RPPNMLMLOHKFFDF18CC,智興段,.00,都市：商,,,,05070000
RPOSMLOLOHKFFDF78CC,福德段,1698.83,都市：商,,,,11040000
RPQPMLMLOHKFFDF48CC,昊天段,7.04,都市：工,,,,08720000
RPWOMLMLOHKFFDF98CC,工建段,76.48,都市：工,,,,06730000
RPQNMLOLOHKFFCF38CC,民安段,2.40,都市：住,,,,06970000
RPQNMLOLOHKFFCF38CC,民安段,.87,都市：住,,,,07050000
RPQNMLOLOHKFFCF38CC,民安段,22.23,都市：住,,,,06980000
RPOSMLOLOHKFFBF58CC,副都心段一小段,26.83,都市：商,,,,00120000
RPXRMLOLOHKFFBF76CC,中原段,22.19,都市：住,,,,00050000
RPUNMLOLOHKFFHF66CC,樂華段,101.26,都市：商,,,,11840000
RPWNMLOLOHKFFHF86CC,興南段,31.70,都市：住,,,,03970000
RPXNMLPLOHKFFHF07CC,板南段,.00,都市：工,,,,03180000
RPXNMLPLOHKFFHF07CC,板南段,.00,都市：工,,,,03420000
RPXNMLPLOHKFFHF07CC,板南段,.00,都市：其他:道路用地,,,,03420001
RPTOMLOLOHKFFHF66CC,竹林段,.00,都市：住,,,,08140000
RPTNMLPLOHKFFHF66CC,民樂段,.00,都市：其他:市場用地,,,,09350000
RPPOMLPLOHKFFHF98CC,板南段,64.58,都市：工,,,,01450000
RPROMLPLOHKFFHF56CC,健康段,27.90,都市：工,,,,02330000
RPVOMLPLOHKFFHF96CC,南勢段,.00,都市：住,,,,04420000
RPQNMLPLOHKFFGF88CC,重陽段,.00,都市：商,,,,02340000
RPWOMLPLOHKFFHF07CC,得林段,17.84,都市：住,,,,00010000
RPUOMLPLOHKFFGF76CC,成功段,26.97,都市：商,,,,03390000
RPTNMLPLOHKFFEF98CC,新興段,8.46,都市：其他:,,,,07890000
RPVOMLPLOHKFFGF86CC,正義段,.00,都市：住,,,,03810000
RPXNMLPLOHKFFEF76CC,天生段,25.52,都市：住,,,,06960000
RPSOMLPLOHKFFEF98CC,中正段,7.06,都市：住,,,,02020000
RPSOMLPLOHKFFEF98CC,中正段,3.31,都市：住,,,,01990000
RPSOMLPLOHKFFEF98CC,中正段,3.82,都市：住,,,,01960000
RPUOMLPLOHKFFEF56CC,水仙段,2.27,都市：住,,,,00670000
RPUOMLPLOHKFFEF56CC,水仙段,.42,都市：住,,,,00670003
RPSOMLPLOHKFFGF66DC,集美段,.00,非都市： ; 非都市編定：,,,,00640002
RPSOMLPLOHKFFGF66DC,集美段,.00,非都市： ; 非都市編定：,,,,00640001
RPSOMLPLOHKFFGF66DC,集美段,.00,非都市： ; 非都市編定：,,,,00640000
RPQTMLPLOHKFFDF76EC,智興段,6.88,都市：住,,,,01040000
RPXPMLPLOHKFFBF66CC,合鳳段,9.80,都市：住,,,,03150000
RPXPMLPLOHKFFBF66CC,合鳳段,9.80,都市：住,,,,03150000
RPQNMLQLOHKFFBF48CC,新工段二小段,15.36,非都市：工業區 ; 非都市編定：丁種建築用地,,,,01220000
RPUPMLPLOHKFFBF98CC,和平段,23.00,都市：住,,,,07890000
RPTRMLPLOHKFFBF09CC,泰山段二小段,.00,都市：商,,,,01940003
RPQQMLPLOHKFFBF68CC,榮富段,9.49,都市：住,,,,08820000
RPPQMLPLOHKFFBF58CC,榮富段,13.91,都市：住,,,,08820000
RPRNMLQLOHKFFDF78CC,智興段,.00,都市：商,,,,04410000
RPOOMLQLOHKFFBF38CC,力行段,18.72,都市：商,,,,01490000
RPQNMLQLOHKFFEF78CC,海鷗段,.00,都市：住,,,,04840000
RPQNMLQLOHKFFEF78CC,海鷗段,.00,都市：工,,,,04010002
RPVOMLQLOHKFFHF07CC,福和段,.00,都市：住,,,,10250000
RPQRMLOLOHKFFAF58CC,新板段三小段,.00,都市：商,,,,00240000
RPSOMLOLOHKFFCF68CC,寶強段,.00,都市：住,,,,10400000
RPWNMLOLOHKFFCF98CC,玫瑰段,58.14,都市：住,,,,00240000
RPWNMLOLOHKFFCF98CC,玫瑰段,8.37,都市：住,,,,00210000
RPWNMLOLOHKFFCF98CC,玫瑰段,6.31,都市：住,,,,00470000
RPRNMLOLOHKFFCF48CC,安坑段車子路小段,.99,非都市：山坡地保育區 ; 非都市編定：丙種建築用地,,,,01800171
RPRNMLOLOHKFFCF48CC,安坑段車子路小段,49.45,非都市：山坡地保育區 ; 非都市編定：丙種建築用地,,,,01800043
RPVNMLRLOHKFFEF76CC,淡海段,41.03,都市：其他:,,,,01040000
RPRNMLSLOHKFFEF09CC,海天段,.02,都市：住,,,,06420000
RPRNMLSLOHKFFEF09CC,海天段,.00,都市：住,,,,06420003
RPRNMLSLOHKFFEF09CC,海天段,2.91,都市：住,,,,06530000
RPRNMLSLOHKFFEF09CC,海天段,.21,都市：住,,,,06530004
RPRNMLSLOHKFFEF09CC,海天段,.01,都市：住,,,,06530005
RPSNMLSLOHKFFEF56CC,海天段,13.02,都市：住,,,,02250000
RPTNMLSLOHKFFEF66CC,海天段,.02,都市：住,,,,06420000
RPTNMLSLOHKFFEF66CC,海天段,.00,都市：住,,,,06420003
RPTNMLSLOHKFFEF66CC,海天段,2.62,都市：住,,,,06530000
RPTNMLSLOHKFFEF66CC,海天段,.19,都市：住,,,,06530004
RPTNMLSLOHKFFEF66CC,海天段,.01,都市：住,,,,06530005
RPPNMLSLOHKFFDF78CC,智興段,.00,都市：商,,,,04410000
RPQNMLTLOHKFFDF98CC,智興段,6.21,都市：商,,,,05060000
RPQPMLTLOHKFFDF56CC,水源段,1.95,都市：住,,,,09920000
RPQPMLTLOHKFFDF56CC,水源段,.00,都市：住,,,,09920001
RPSQMLQLOHKFFHF96CC,圓通段,10.19,都市：住,,,,05330000
RPTQMLQLOHKFFHF07CC,員山段,.00,都市：工,,,,01420000
RPRQMLQLOHKFFHF86CC,安邦段,17.00,都市：住,,,,09630000
RPQQMLQLOHKFFHF76CC,華福段,.00,都市：住,,,,11670000
RPQOMLTLOHKFFGF76CC,大智段,.00,都市：住,,,,05580000
RPXQMLTLOHKFFEF47CC,海鷗段,2.62,都市：住,,,,11910000
RPUQMLTLOHKFFEF17CC,海鷗段,3.07,都市：住,,,,11910000
RPTNMLTLOHKFFIF17CC,永昌段,1490.93,都市：工,,,,07010000
RPVPMLTLOHKFFHF47CC,福祥段,.00,都市：住,,,,04010000
RPTOMLTLOHKFFBF56CC,榮富段,12.64,都市：住,,,,01830000
RPUOMLTLOHKFFBF66CC,五工段,1641.53,非都市：工業區 ; 非都市編定：丁種建築用地,,,,04660000
RPUNMLTLOHKFFDF96EC,茄苳腳段,137.00,非都市：山坡地保育區 ; 非都市編定：丙種建築用地,,,,03030118
RPQOMLTLOHKFFDF66EC,茄苳腳段,71.46,非都市：山坡地保育區 ; 非都市編定：丙種建築用地,,,,03170000
RPQQMLTLOHKFFBF66EC,昌隆段,19.77,都市：住,,,,06470000
RPPQMLQLOHKFFHF66CC,公園段,.00,都市：住,,,,04670000
RPXPMLQLOHKFFHF37CC,圓通段,.00,都市：住,,,,05330000
RPOQMLQLOHKFFHF56CC,圓通段,.00,都市：住,,,,01760000
RPWPMLQLOHKFFHF27CC,國道段,40.88,都市：農,,,,02540000
RPPRMLKMOHKFFIF98CC,大仁段,17.30,都市：住,,,,00660000
RPXSMLKMOHKFFIF27CC,民生段,.00,都市：住,,,,02210000
RPWOMLKMOHKFFBF68CC,建林段,22.94,都市：住,,,,03700000
RPTRMLKMOHKFFBF68CC,恒安段,27.74,都市：住,,,,09040000
RPTRMLKMOHKFFBF68CC,恒安段,18.50,都市：住,,,,09060004
RPWSMLKMOHKFFBF09CC,國宅段,6.63,都市：住,,,,00170001
RPRNMLKMOHKFFDF28CC,智興段,.00,都市：住,,,,05000000
RPVPMLKMOHKFFCF78CC,太平段,.00,都市：商,,,,05630000
RPURMLKMOHKFFCF88CC,民權段,.00,都市：住,,,,03640000
RPXNMLKMOHKFFGF56CC,仁愛段,.00,非都市： ; 非都市編定：,,,,24430000
RPQPMLKMOHKFFHF78CC,永安段,.00,都市：商,,,,01600000
RPOQMLKMOHKFFHF68CC,健康段,37.60,都市：工,,,,00540000
RPTPMLKMOHKFFHF09CC,中原段,11.72,都市：工,,,,03540000
RPTPMLKMOHKFFHF09CC,中原段,148.06,都市：工,,,,03550000
RPSPMLKMOHKFFHF98CC,橋和段,42.44,都市：工,,,,01780000
RPXPMLTLOHKFFHF67CC,文化段,7.69,都市：住,,,,00860000
RPWPMLQLOHKFFAF56CC,新板段三小段,3.38,都市：其他:第二種特定專區,,,,00250000
RPPQMLKMOHKFFHF78CC,中興段,.00,都市：住,,,,01420000
RPPQMLKMOHKFFHF78CC,中興段,.00,都市：其他:部分住，部分道路用地,,,,01430000
RPQPMLLJPHKFFCF18CC,惠國段,.00,都市：住,,,,00730000
RPPTMLLJPHKFFCF48CC,復興段,.00,都市：工,,,,02080000
RPSOMLLJPHKFFEF48CC,新興段,9.26,都市：住,,,,05830000
RPROMLLJPHKFFEF38CC,新興段,23.76,都市：住,,,,03690000
RPSPMLLJPHKFFIF56EC,民生段,2.53,都市：住,,,,06570000
RPRPMLLJPHKFFIF09EC,大學段一小段,17.72,都市：住,,,,00690000
RPQOMLMJPHKFFEF38CC,新興段,9.43,都市：其他:,,,,10780000
RPTPMLMJPHKFFGF98CC,重新段壹小段,.00,都市：住,,,,00480020
RPVPMLMJPHKFFGF66DC,永德段,.00,都市：工,,,,13850000
RPVPMLMJPHKFFGF66DC,永德段,.00,都市：工,,,,13850001
RPVPMLMJPHKFFGF66DC,永德段,.00,都市：工,,,,13890000
RPVPMLMJPHKFFHF66CC,健康段,283.00,都市：工,,,,05240000
RPSPMLMJPHKFFBF38CC,榮富段,13.91,都市：住,,,,08820000
RPQOMLMJPHKFFDF28CC,智興段,.00,都市：商,,,,05000000
RPRSMLMJPHKFFBF58CC,中原段,23.21,都市：住,,,,02830000
RPTSMLMJPHKFFBF78CC,福營段,5.91,都市：工,,,,08000000
RPVSMLMJPHKFFBF98CC,中泰段,121.40,都市：住,,,,07590000
RPXSMLNJPHKFFBF66CC,光榮段,941.33,都市：工,,,,03500000
RPXSMLNJPHKFFBF66CC,光榮段,152.27,都市：工,,,,03490000
RPXSMLNJPHKFFBF66CC,光榮段,104.31,都市：工,,,,03540000
RPXSMLNJPHKFFBF66CC,光榮段,133.69,都市：工,,,,03580001
RPXSMLNJPHKFFBF66CC,光榮段,26.74,都市：工,,,,03590000
RPWSMLMJPHKFFBF09CC,榮富段,13.64,都市：住,,,,08500001
RPRTMLNJPHKFFBF78CC,中原段,.00,都市：住,,,,03340000
RPTOMLNJPHKFFDF68CC,北山段,966.72,都市：住,,,,05280000
RPSNMLNJPHKFFDF48CC,智興段,.00,都市：商,,,,04410000
RPVNMLNJPHKFFHF56CC,安樂段,.00,都市：住,,,,10170000
RPQPMLNJPHKFFDF48CC,金龍段,16.39,都市：住,,,,00060000
RPQPMLNJPHKFFDF48CC,金龍段,19.02,非都市：山坡地保育區 ; 非都市編定：丙種建築用地,,,,12770000
RPQPMLNJPHKFFDF48CC,金龍段,.39,非都市： ; 非都市編定：,,,,12770001
RPQPMLNJPHKFFDF48CC,金龍段,.31,非都市： ; 非都市編定：,,,,12770002
RPXNMLNJPHKFFGF66CC,正義北段,.00,非都市： ; 非都市編定：,,,,09580000
RPVOMLNJPHKFFHF66CC,台貿段,53.25,都市：住,,,,01120000
RPVOMLNJPHKFFHF66CC,台貿段,.03,都市：其他:道路用地,,,,01120001
RPRNMLNJPHKFFIF88CC,大學段二小段,14.87,都市：住,,,,00740000
RPVQMLNJPHKFFHF86CC,永利段,.00,都市：住,,,,10410000
RPWOMLNJPHKFFGF66CC,福德北段,11.74,都市：住,,,,04130000
RPTNMLNJPHKFFIF09CC,大學段二小段,14.60,都市：商,,,,00900000
RPVNMLNJPHKFFIF66CC,大學段二小段,8.46,都市：住,,,,01030000
RPUNMLNJPHKFFIF56CC,大學段二小段,10.22,都市：商,,,,00900000
RPWNMLNJPHKFFIF76CC,民生段,27.49,都市：住,,,,02590000
RPPNMLOJPHKFFCF28DC,福園段,.00,非都市： ; 非都市編定：,,,,06220000
RPPNMLPJPHKFFDF38CC,智興段,.00,都市：商,,,,04410000
RPQNMLPJPHKFFDF48CC,新峰段,.00,都市：住,,,,07420000
RPPNMLOJPHKFFBF08CC,國宅段,12.24,都市：住,,,,00170000
RPSPMLQJPHKFFEF09CC,中正段,23.20,都市：商,,,,08710000
RPXQMLQJPHKFFEF07CC,公司田段,10.96,都市：住,,,,00880001
RPXPMLQJPHKFFGF17CC,中興段,.00,都市：工,,,,00180000
RPQOMLQJPHKFFHF09CC,復興段,14.80,都市：住,,,,06530000
RPQOMLQJPHKFFHF09CC,復興段,14.80,都市：住,,,,06530000
RPTOMLQJPHKFFHF76CC,福祥段,.00,都市：住,,,,04010000
RPUOMLQJPHKFFHF86CC,福祥段,.00,都市：住,,,,04010000
RPXOMLQJPHKFFHF17CC,福祥段,.00,都市：住,,,,04010000
RPPPMLQJPHKFFHF09CC,福祥段,.00,都市：住,,,,04010000
RPUPMLMJPHKFFCF68CC,寶強段,23.08,都市：住,,,,02330000
RPQPMLQJPHKFFHF56CC,福祥段,.00,都市：住,,,,04010000
RPPPMLQJPHKFFDF68CC,同新段,26.17,都市：工,,,,00130000
RPQPMLQJPHKFFDF78CC,同新段,704.41,都市：工,,,,00130000
RPUOMLQJPHKFFAF78CC,延和段,.00,都市：住,,,,05120000
RPRQMLQJPHKFFBF78CC,國宅段,146.51,都市：住,,,,00030004
RPSQMLQJPHKFFBF88CC,力行段,2.78,都市：住,,,,09370000
RPXSMLQJPHKFFBF96CC,自立段,24.73,都市：商,,,,09770000
RPOTMLQJPHKFFBF78CC,中泰段,21.09,都市：住,,,,00620000
RPQOMLQJPHKFFEF88DC,大堀段,1004.95,都市：住,,,,00950000
RPSOMLQJPHKFFDF09EC,保長段,3.91,都市：住,,,,09950000
RPTOMLQJPHKFFDF56EC,保長段,8.53,都市：住,,,,09950000
RPUOMLQJPHKFFDF66EC,保長段,7.55,都市：住,,,,09950000
RPVOMLQJPHKFFDF76EC,保長段,3.91,都市：住,,,,09950000
RPXNMLRJPHKFFBF76EC,建林段,20.56,都市：住,,,,04130000
RPUPMLRJPHKFFBF09CC,中原段,28.12,都市：住,,,,03340000
RPQQMLRJPHKFFBF78CC,五工段,.00,非都市：工業區 ; 非都市編定：丁種建築用地,,,,01810000
RPUQMLRJPHKFFBF56CC,泰山段三小段,19.25,都市：住,,,,06240059
RPWQMLRJPHKFFBF76CC,泰山段三小段,47.30,都市：住,,,,08210011
RPQOMLRJPHKFFDF78CC,金龍段,.00,都市：住,,,,03370000
RPSPMLQJPHKFFDF98CC,同新段,17.45,都市：工,,,,00130000
RPUNMLRJPHKFFHF86CC,民權段,.00,都市：住,,,,05440000
RPWNMLRJPHKFFHF07CC,南勢段,.00,都市：住,,,,06010000
RPWOMLRJPHKFFHF17CC,永安段,.00,都市：住,,,,03730000
RPSPMLRJPHKFFEF56CC,樹林口段樹林口小段,.81,非都市：山坡地保育區 ; 非都市編定：丙種建築用地,,,,01420000
RPSPMLRJPHKFFEF56CC,興福寮段,33.95,非都市：山坡地保育區 ; 非都市編定：丙種建築用地,,,,01550000
RPUNMLSJPHKFFEF66CC,新興段,4.54,都市：住,,,,06470000
RPUNMLSJPHKFFEF66CC,新興段,.01,都市：住,,,,06470001
RPVNMLSJPHKFFGF96CC,仁義段,.03,都市：住,,,,13340000
RPVNMLSJPHKFFGF96CC,仁義段,.01,都市：住,,,,13360001
RPWNMLSJPHKFFDF76CC,智興段,.00,都市：住,,,,01040000
RPPOMLSJPHKFFDF78CC,智興段,.00,都市：商,,,,04710000
RPPOMLSJPHKFFDF78CC,智興段,.00,都市：住,,,,04760000
RPVNMLSJPHKFFEF76CC,鄧公段,5.06,都市：住,,,,06290000
RPTNMLSJPHKFFCF98CC,福園段,18.25,都市：住,,,,02960000
RPTNMLSJPHKFFCF98CC,福園段,7.64,都市：住,,,,02990000
RPUPMLTJPHKFFAF76EC,文化段,.00,都市：商,,,,15160000
RPTPMLSJPHKFFAF09DC,南天母段,29.22,非都市：山坡地保育區 ; 非都市編定：丙種建築用地,,,,03750000
RPROMLQJPHKFFDF88DC,厚德段,23.69,都市：住,,,,06690000
RPXNMLTJPHKFFEF07CC,飛歌段,44.16,都市：商,,,,07590000
RPUNMLTJPHKFFHF07CC,信義段,19.85,都市：住,,,,00910000
RPWNMLTJPHKFFHF27CC,華中段,26.89,都市：住,,,,00610000
RPXNMLTJPHKFFHF37CC,保健段,13.26,都市：住,,,,01050000
RPROMLTJPHKFFHF86CC,景華段,18.49,都市：住,,,,04200000
RPRQMLMJPHKFFEF68CC,淡海段,28.64,都市：住,,,,00850000
RPSNMLOJPHKFFEF68CC,海鷗段,3.86,都市：住,,,,11920000
RPPNMLPJPHKFFEF48CC,新市段,11.64,都市：住,,,,00810000
RPXPMLMJPHKFFEF56CC,公司田段,20.17,都市：住,,,,01930000
RPPNMLOJPHKFFEF38CC,中正段,6.67,都市：商,,,,05490000
RPWPMLNJPHKFFEF56CC,竹圍段,19.48,都市：商,,,,03770000
RPTQMLMJPHKFFEF88CC,水仙段,11.43,都市：住,,,,03190000
RPQNMLKKPHKFFIF58CC,復興段,.00,都市：住,,,,02450000
RPPNMLMKPHKFFDF18CC,智興段,.00,都市：商,,,,05110000
RPPNMLMKPHKFFEF28CC,海天段,6.73,都市：住,,,,02150000
RPQNMLMKPHKFFEF38CC,天生段,88.21,都市：住,,,,04650000
RPSPMLNKPHKFFEF88CC,公司田段,32.37,都市：住,,,,01210000
RPQRMLNKPHKFFEF88CC,竹圍段,20.69,都市：住,,,,06770000
RPQRMLNKPHKFFEF88CC,竹圍段,.26,都市：住,,,,08030002
RPQRMLNKPHKFFEF88CC,竹圍段,.01,都市：住,,,,08030004
RPQRMLNKPHKFFEF88CC,竹圍段,.09,都市：住,,,,08090001
RPQRMLNKPHKFFEF88CC,竹圍段,.28,都市：住,,,,08120001
RPPOMLNKPHKFFCF28CC,中正段,28.64,都市：住,,,,08700000
RPROMLNKPHKFFCF48CC,中央段,6.18,都市：住,,,,04410000
RPSOMLNKPHKFFCF58CC,中央段,6.36,都市：住,,,,04980000
RPSNMLNKPHKFFDF78EC,保長段,8.53,都市：住,,,,09950000
RPVNMLNKPHKFFDF09EC,保長段,3.90,都市：住,,,,09950000
RPROMLOKPHKFFAF58EC,中山段,.00,都市：住,,,,02650001
RPUOMLOKPHKFFCF98DC,大豐段,.00,非都市： ; 非都市編定：,,,,05090000
RPUOMLTJPHKFFHF17CC,永利段,15.24,都市：住,,,,10170000
RPTPMLTJPHKFFHF17CC,民治段,.00,都市：商,,,,04330000
RPSPMLTJPHKFFHF07CC,大智段,.00,都市：住,,,,03780000
RPQPMLTJPHKFFHF86CC,保健段,13.79,都市：住,,,,01050000
RPPPMLTJPHKFFHF76CC,安邦段,.00,都市：住,,,,09630000
RPQNMLOKPHKFFDF48CC,智興段,.00,都市：住,,,,13870000
RPPTMLOKPHKFFEF09CC,海鷗段,8.66,都市：住,,,,01770000
RPOPMLPKPHKFFEF68CC,飛歌段,17.04,都市：工,,,,07900003
RPXNMLNKPHKFFHF86CC,橋和段,536.69,都市：工,,,,00870000
RPPNMLLKPHKFFAF77CC,青雲段,6.82,都市：其他:第二種商業區,,,,02870000
RPVNMLPKPHKFFHF86CC,健康段,.00,都市：工,,,,01880000
RPXNMLPKPHKFFHF07CC,中原段,.00,都市：工,,,,05290000
RPSOMLPKPHKFFHF66CC,福祥段,.00,都市：住,,,,04010000
RPUOMLPKPHKFFHF86CC,福祥段,.00,都市：住,,,,04010000
RPTOMLPKPHKFFHF76CC,福祥段,.00,都市：住,,,,04010000
RPOPMLPKPHKFFHF98CC,民富段,24.26,都市：住,,,,11100000
RPVOMLPKPHKFFHF96CC,福祥段,.00,都市：住,,,,04010000
RPXPMLPKPHKFFHF27CC,得林段,.00,都市：住,,,,02840000
RPXPMLPKPHKFFHF27CC,得林段,.00,都市：住,,,,02850000
RPXPMLPKPHKFFHF27CC,得林段,.00,都市：住,,,,02970000
RPXPMLPKPHKFFHF27CC,得林段,.00,都市：住,,,,02980000
RPTRMLPKPHKFFIF27DC,大仁段,10.25,都市：住,,,,04040000
RPSOMLPKPHKFFAF58CC,港子嘴段,.00,都市：住,,,,01160000
RPSNMLPKPHKFFDF78CC,智興段,.00,都市：商,,,,04860000
RPWNMLQKPHKFFCF76EC,順安段,93.84,都市：住,,,,04040000
RPVNMLQKPHKFFCF66EC,惠國段,7198.14,都市：住,,,,10020000
RPUNMLQKPHKFFCF98CC,安康段,396.00,都市：農,,,,09180000
RPXNMLQKPHKFFHF17CC,大新段,.00,都市：商,,,,04370000
RPQOMLQKPHKFFHF56CC,得和段,24.25,都市：住,,,,07320000
RPUOMLOKPHKFFBF78CC,成功段,23.30,都市：住,,,,04040000
RPVQMLTJPHKFFBF86CC,頭興段,.00,都市：工,,,,00500000
RPSNMLTJPHKFFBF88CC,國宅段,22.75,都市：住,,,,00180000
RPPOMLOKPHKFFBF28CC,福營段,144.31,都市：工,,,,01390000
RPPOMLOKPHKFFBF28CC,福營段,85.93,都市：工,,,,01400000
RPROMLOKPHKFFBF48CC,福營段,203.73,都市：工,,,,01410000
RPWNMLRKPHKFFHF17CC,三民段,.00,都市：住,,,,10370000
RPSQMLRKPHKFFHF07CC,健康段,34.06,都市：工,,,,02330000
RPVNMLRKPHKFFHF07CC,捷運段,18.11,都市：其他:捷運系統用地,,,,00080000
RPOOMLRKPHKFFHF09CC,捷運段,8.30,都市：其他:捷運系統用地,,,,00080000
RPSOMLRKPHKFFGF76CC,光華段,.00,非都市： ; 非都市編定：,,,,00360000
RPWQMLRKPHKFFHF47CC,公園段,14.30,都市：住,,,,06290000
RPWQMLRKPHKFFHF47CC,公園段,.00,都市：商,,,,06300003
RPWQMLRKPHKFFHF47CC,公園段,3.69,都市：商,,,,06470000
RPORMLRKPHKFFHF76CC,秀峰段,.00,都市：住,,,,01690000
RPVQMLRKPHKFFHF37CC,民富段,22.23,都市：住,,,,11100000
RPVNMLRKPHKFFCF56CC,明德段,31.96,都市：住,,,,06870000
RPVNMLRKPHKFFCF56CC,明德段,11.16,都市：住,,,,06880000
RPTOMLRKPHKFFAF88CC,民族段,.00,都市：住,,,,08620000
RPTOMLRKPHKFFAF88CC,民族段,.00,都市：住,,,,08620004
RPRRMLRKPHKFFAF98CC,光仁段,.00,都市：商,,,,05310000
RPRRMLRKPHKFFAF98CC,光仁段,.00,都市：商,,,,05320001
RPOQMLRKPHKFFBF68CC,幸福段,.00,非都市： ; 非都市編定：,,,,04960000
RPXOMLRKPHKFFDF96CC,智興段,.00,都市：商,,,,05000000
RPRNMLRKPHKFFHF86EC,健康段,.00,都市：工,,,,11600000
RPURMLRKPHKFFHF47DC,健康段,60.50,都市：工,,,,11590000
RPSNMLSKPHKFFGF76CC,文化北段,.00,都市：商,,,,13050000
RPUNMLTKPHKFFDF76CC,智興段,.00,都市：商,,,,04410000
RPRQMLKLPHKFFBF38CC,泰山段一小段,661.00,都市：農,,,,04770000
RPRNMLKLPHKFFDF28CC,新峰段,10.57,都市：住,,,,02610000
RPUOMLKLPHKFFAF58EC,江子翠段第二崁小段,.00,都市：其他:機關用地,,,,02270046
RPSQMLKLPHKFFEF88DC,新市段,2373.67,都市：住,,,,01860000
RPPNMLSKPHKFFEF88CC,飛歌段,8.36,都市：工,,,,07900003
RPSRMLKLPHKFFEF88CC,正德段,38.30,都市：住,,,,00360000
RPRPMLQKPHKFFEF09CC,望高樓段,34.48,都市：其他:,,,,07610000
RPQSMLPKPHKFFEF56CC,海天段,14.69,都市：住,,,,02160003
RPWRMLPKPHKFFEF07CC,海鷗段,.70,都市：住,,,,04010002
RPWRMLPKPHKFFEF07CC,海鷗段,17.65,都市：住,,,,04840000
RPWNMLRKPHKFFEF86CC,天生段,.00,都市：住,,,,14980000
RPQNMLLLPHKFFEF38CC,海鷗段,30.46,都市：住,,,,09760000
RPQOMLQKPHKFFEF88CC,新興段,.00,都市：住,,,,02550000
RPVOMLKLPHKFFAF68EC,學成段,14.60,都市：其他:,,,,06880000
RPXOMLLLPHKFFGF76CC,興德段,.00,都市：工,,,,03700000
RPXOMLLLPHKFFIF96CC,民族段,23.20,都市：住,,,,02580000
RPPOMLLLPHKFFBF08CC,光華段,3788.42,都市：工,,,,08680000
RPOPMLLLPHKFFIF78CC,大學段一小段,15.10,都市：商,,,,00530000
RPRPMLLLPHKFFIF09CC,和平段,27.10,都市：住,,,,07210000
RPWPMLLLPHKFFIF96CC,大學段一小段,10.51,都市：商,,,,00530000
RPPPMLLLPHKFFIF88CC,安溪段,31.47,都市：商,,,,01600000
RPRPMLLLPHKFFCF48CC,北新段,.00,都市：其他:道路,,,,05480001
RPRPMLLLPHKFFCF48CC,北新段,.00,都市：住,,,,05480000
RPWNMLMLPHKFFDF98CC,智興段,.00,都市：住,,,,01040000
RPXUMLLLPHKFFBF86CC,泰山段一小段,1007.00,非都市：特定農業區 ; 非都市編定：農牧用地,,,,02860000
RPSOMLLLPHKFFAF28CC,民族段,5.20,都市：商,,,,04020000
RPXOMLMLPHKFFBF98CC,力行段,18.32,都市：住,,,,00210000
RPRQMLMLPHKFFCF68CC,中央段,14.26,都市：住,,,,12640000
RPSQMLMLPHKFFIF76CC,安溪段,10.74,都市：住,,,,13870000
RPSPMLMLPHKFFIF66CC,永安段,22.82,都市：住,,,,16430000
RPSOMLMLPHKFFHF09CC,中信段,.00,都市：住,,,,10170000
RPSOMLMLPHKFFHF09CC,中信段,.00,都市：住,,,,10180000
RPTOMLLLPHKFFHF09CC,福祥段,.00,都市：住,,,,04010000
RPPPMLNLPHKFFEF68CC,大崁段,3283.03,都市：工,,,,02610000
RPXNMLMLPHKFFEF56CC,新市段,23.62,都市：住,,,,00870000
RPVOMLLLPHKFFHF66CC,福祥段,.00,都市：住,,,,04010000
RPSRMLRKPHKFFHF17CC,景新段,.01,都市：住,,,,00250001
RPSRMLRKPHKFFHF17CC,景新段,.29,都市：住,,,,00260000
RPSRMLRKPHKFFHF17CC,景平段,22.48,都市：住,,,,00230000
RPUOMLLLPHKFFHF56CC,福祥段,.00,都市：住,,,,04010000
RPSOMLLLPHKFFHF98CC,福祥段,.00,都市：住,,,,04010000
RPTPMLMLPHKFFEF98CC,公司田段,44.62,都市：住,,,,01210000
RPSPMLNLPHKFFHF66CC,健康段,.00,都市：工,,,,11590000
RPOPMLNLPHKFFHF88CC,保生段,.00,都市：住,,,,03610000
RPRNMLNLPHKFFDF58CC,智興段,.00,都市：商,,,,04410000
RPTQMLNLPHKFFHF86CC,捷運段,10.82,都市：其他:捷運系統用地,,,,00080000
RPPOMLNLPHKFFDF48CC,智興段,.00,都市：商,,,,05070000
RPPOMLNLPHKFFCF38CC,大豐段,19.73,都市：住,,,,07500000
RPXNMLNLPHKFFCF56DC,大豐段,.00,非都市： ; 非都市編定：,,,,00480000
RPXNMLNLPHKFFCF56DC,大豐段,.00,非都市： ; 非都市編定：,,,,00490000
RPXNMLNLPHKFFCF56DC,大豐段,.00,非都市： ; 非都市編定：,,,,00510000
RPXNMLNLPHKFFCF56DC,大豐段,.00,非都市： ; 非都市編定：,,,,00470000
RPRQMLNLPHKFFAF68DC,江子翠段第三崁小段,.00,都市：住,,,,02090077
RPTOMLOLPHKFFGF76DC,福德北段,.00,都市：住,,,,05650000
RPUQMLOLPHKFFDF86EC,保長段,7.56,都市：住,,,,09950000
RPXQMLOLPHKFFDF17EC,保長段,8.47,都市：住,,,,09950000
RPQRMLNLPHKFFAF58CC,大安段,.00,都市：工,,,,07450000
RPVSMLOLPHKFFEF27EC,新市段,23.08,都市：住,,,,00680000
RPWSMLOLPHKFFEF37EC,新市段,15.95,都市：住,,,,00720000
RPXNMLOLPHKFFDF66CC,北山段,.00,都市：工,,,,03590000
RPXNMLOLPHKFFDF66CC,北山段,.00,都市：工,,,,04000000
RPVPMLOLPHKFFHF07CC,新民段,90.54,都市：工,,,,02780000
RPRQMLOLPHKFFAF68CC,學成段,11.01,都市：住,,,,04020000
RPRQMLOLPHKFFHF76CC,永平段,4.24,都市：商,,,,07780000
RPSOMLOLPHKFFDF88CC,昊天段,.00,都市：工,,,,08720000
RPRQMLOLPHKFFHF76CC,永平段,.13,都市：商,,,,07780001
RPRQMLOLPHKFFHF76CC,永平段,.47,都市：商,,,,07790000
RPUQMLOLPHKFFHF07CC,新和段,23.12,都市：住,,,,03250000
RPPNMLPLPHKFFEF68CC,公司田段,21.39,都市：其他:,,,,00580000
RPWNMLOLPHKFFGF86CC,光興段,.00,都市：商,,,,00430000
RPWNMLOLPHKFFGF86CC,光興段,.00,都市：住,,,,01320000
RPWNMLPLPHKFFEF76CC,竹圍段,28.50,都市：工,,,,07780000
RPPNMLPLPHKFFAF28CC,江子翠段第二崁小段,.00,非都市： ; 非都市編定：,,,,02200027
RPVQMLOLPHKFFHF17CC,信義段,.00,都市：住,,,,00910000
RPQNMLQLPHKFFHF56CC,健康段,90.82,都市：工,,,,11600000
RPWQMLOLPHKFFHF27CC,水源段,.00,都市：商,,,,00700000
RPRNMLQLPHKFFHF66CC,健康段,29.15,都市：工,,,,11590000
RPRPMLRLPHKFFHF96CC,信義段,15.12,都市：住,,,,00910000
RPPOMLRLPHKFFEF98CC,海鷗段,10.06,都市：住,,,,09250000
RPVPMLRLPHKFFEF07CC,公司田段,.00,都市：住,,,,01920000
RPSPMLRLPHKFFHF07CC,秀峰段,.00,都市：住,,,,02010000
RPQNMLRLPHKFFDF88CC,智興段,.00,都市：商,,,,04410000
RPWOMLRLPHKFFDF96CC,工建段,95.77,都市：商,,,,06730000
RPRRMLRLPHKFFDF76CC,福興段,.00,都市：住,,,,06430000
RPTPMLRLPHKFFHF17CC,中和段,13.70,都市：商,,,,00140000
RPPPMLRLPHKFFBF78CC,五工段,861.88,非都市：工業區 ; 非都市編定：丁種建築用地,,,,04480000
RPVNMLRLPHKFFBF56CC,中原段,16.53,都市：商,,,,01710000
RPOOMLRLPHKFFBF58CC,國宅段,44.76,都市：住,,,,00010000
RPTPMLRLPHKFFBF56CC,五工段,1482.84,非都市：工業區 ; 非都市編定：丁種建築用地,,,,00090000
RPXPMLRLPHKFFHF77EC,公園段,15.92,都市：住,,,,02710000
RPOOMLRLPHKFFDF98EC,保長段,8.36,都市：住,,,,10540000
RPQRMLRLPHKFFBF09CC,瓊林段,36.64,都市：住,,,,00610000
RPPQMLSLPHKFFBF98CC,思源段,20.42,都市：住,,,,00900000
RPXPMLRLPHKFFBF96CC,中原段,43.67,都市：住,,,,01180000
RPSQMLSLPHKFFBF66CC,恒安段,.32,都市：住,,,,08420000
RPSQMLSLPHKFFBF66CC,恒安段,15.87,都市：住,,,,08390000
RPRQMLSLPHKFFBF56CC,新工段二小段,26.28,非都市：工業區 ; 非都市編定：丁種建築用地,,,,01910000
RPTOMLSLPHKFFCF66CC,復興段,30.28,都市：工,,,,04160000
RPTOMLSLPHKFFCF66CC,復興段,30.28,都市：工,,,,04160001
RPUOMLSLPHKFFCF76CC,民權段,.00,都市：住,,,,02450000
RPSNMLOLPHKFFBF58CC,新工段一小段,44.54,非都市：工業區 ; 非都市編定：丁種建築用地,,,,00050000
RPQNMLOLPHKFFBF38CC,新工段一小段,80.61,非都市：工業區 ; 非都市編定：丁種建築用地,,,,00070000
RPTPMLOLPHKFFBF88CC,信華段二小段,9.02,都市：住,,,,00200000
RPTPMLOLPHKFFBF88CC,信華段一小段,16.89,都市：住,,,,00090000
RPOUMLMLPHKFFBF68CC,瓊林段,36.64,都市：住,,,,00610000
RPPUMLMLPHKFFBF78CC,雙鳳段,.00,都市：住,,,,01660000
RPVOMLSLPHKFFCF86CC,惠國段,384.46,都市：住,,,,06570000
RPQPMLSLPHKFFGF86CC,中興段,.00,都市：工,,,,00180000
RPOPMLSLPHKFFIF86CC,大學段二小段,27.04,都市：商,,,,00940000
RPRNMLSLPHKFFHF86CC,健康段,25.26,都市：工,,,,11600000
RPSNMLSLPHKFFHF96CC,福祥段,.00,都市：住,,,,04010000
RPQQMLSLPHKFFEF76CC,淡海段,28.15,都市：住,,,,01580000
RPXPMLSLPHKFFEF37CC,新市段,15.98,都市：住,,,,00530000
RPROMLSLPHKFFEF66CC,大義段,6.21,都市：住,,,,03940000
RPVNMLTLPHKFFCF86CC,寶強段,20.07,都市：住,,,,00320000
RPTPMLTLPHKFFCF86CC,復興段,.00,都市：工,,,,01850000
RPWPMLTLPHKFFCF17CC,寶橋段,.00,都市：工,,,,04510000
RPVNMLTLPHKFFDF96CC,智興段,.00,都市：住,,,,00480000
RPRNMLTLPHKFFBF98CC,中原段,25.44,都市：商,,,,01030000
RPPOMLTLPHKFFBF88CC,光明段,.00,都市：住,,,,04000000
RPVNMLSLPHKFFAF56CC,中山段,9.39,都市：住,,,,10840000
RPPPMLTLPHKFFAF88CC,員福段,19.92,都市：住,,,,03480000
RPQOMLRLPHKFFAF68CC,府中段,.00,非都市： ; 非都市編定：,,,,18990000
RPPPMLTLPHKFFAF88CC,員福段,1.59,都市：住,,,,03490000
RPPPMLTLPHKFFAF88CC,員福段,.28,都市：住,,,,03500000
RPPPMLTLPHKFFAF88CC,員福段,.47,都市：住,,,,03510000
RPQOMLRLPHKFFAF68CC,府中段,.00,非都市： ; 非都市編定：,,,,19000000
RPUOMLTLPHKFFBF76CC,芳洲段,4.99,都市：住,,,,01490000
RPTQMLKMPHKFFBF68CC,中原段,14.28,都市：住,,,,00050000
RPRSMLTLPHKFFBF86CC,泰山段一小段,2010.00,非都市：特定農業區 ; 非都市編定：農牧用地,,,,02900000
RPUQMLKMPHKFFBF78CC,中原段,7.40,都市：住,,,,00740000
RPORMLKMPHKFFBF28CC,思賢段,15.70,都市：住,,,,06390000
RPQRMLKMPHKFFBF48CC,思源段,19.39,都市：住,,,,15190000
RPXQMLKMPHKFFBF09CC,榮富段,29.67,都市：住,,,,07480000
RPPRMLKMPHKFFBF38CC,榮富段,18.18,都市：住,,,,08460000
RPUNMLSLPHKFFHF17CC,福祥段,.00,都市：住,,,,04010000
RPVNMLSLPHKFFHF27CC,福祥段,.00,都市：住,,,,04010000
RPWNMLSLPHKFFHF37CC,福祥段,.00,都市：住,,,,04010000
RPTNMLSLPHKFFHF07CC,福祥段,.00,都市：住,,,,04010000
RPRPMLSLPHKFFHF07CC,永平段,21.21,都市：商,,,,07780000
RPRPMLSLPHKFFHF07CC,永平段,.67,都市：商,,,,07780001
RPRPMLSLPHKFFHF07CC,永平段,2.36,都市：商,,,,07790000
RPPNMLKMPHKFFGF48CC,大有段,.00,都市：其他:,,,,05060000
RPUPMLKMPHKFFEF98CC,海天段,.02,都市：住,,,,06420000
RPUPMLKMPHKFFEF98CC,海天段,.00,都市：住,,,,06420003
RPUPMLKMPHKFFEF98CC,海天段,2.33,都市：住,,,,06530000
RPUPMLKMPHKFFEF98CC,海天段,.17,都市：住,,,,06530004
RPUPMLKMPHKFFEF98CC,海天段,.01,都市：住,,,,06530005
RPRNMLLMPHKFFEF58CC,新市段,17.89,都市：住,,,,00870000
RPPPMLLMPHKFFEF58CC,淡海段,.00,都市：住,,,,00850000
RPXNMLKMPHKFFAF68CC,金城段,3.53,都市：住,,,,03900000
RPPNMLLMPHKFFDF28CC,智興段,.00,都市：住,,,,00480000
RPORMLLMPHKFFBF38CC,同興段,7.55,都市：商,,,,01360000
RPPRMLKMPHKFFHF98CC,民富段,26.55,都市：工,,,,03570000
RPUNMLLMPHKFFDF78CC,智興段,.00,都市：商,,,,04410000
RPSPMLLMPHKFFDF78CC,同新段,17.45,都市：工,,,,00130000
RPRPMLLMPHKFFDF68CC,保安段,35.23,都市：工,,,,11910000
RPPPMLLMPHKFFDF48CC,同新段,17.45,都市：工,,,,00130000
RPQPMLLMPHKFFDF58CC,同新段,45.80,都市：工,,,,00130000
RPOPMLLMPHKFFDF38CC,同新段,17.45,都市：工,,,,00130000
RPUOMLRLPHKFFBF66DC,力行段,17.95,都市：住,,,,10190000
