﻿鄉鎮市區,交易標的,土地位置建物門牌,土地移轉總面積平方公尺,都市土地使用分區,非都市土地使用分區,非都市土地使用編定,交易年月日,交易筆棟數,移轉層次,總樓層數,建物型態,主要用途,主要建材,建築完成年月,建物移轉總面積平方公尺,建物現況格局-房,建物現況格局-廳,建物現況格局-衛,建物現況格局-隔間,有無管理組織,總價元,單價元平方公尺,車位類別,車位移轉總面積(平方公尺),車位總價元,備註,編號,主建物面積,附屬建物面積,陽台面積,電梯,移轉編號
The villages and towns urban district,transaction sign,land sector position building sector house number plate,land shifting total area square meter,the use zoning or compiles and checks,the non-metropolis land use district,non-metropolis land use,transaction year month and day,transaction pen number,shifting level,total floor number,building state,main use,main building materials,construction to complete the years,building shifting total area,Building present situation pattern - room,building present situation pattern - hall,building present situation pattern - health,building present situation pattern - compartmented,Whether there is manages the organization,total price NTD,the unit price (NTD / square meter),the berth category,berth shifting total area square meter,the berth total price NTD,the note,serial number,,,,,
金寧鄉,土地,西堡劃測段258-1地號,900.02,農,,,1040311,土地2建物0車位0,,,其他,,,,0.0,0,0,0,有,無,2500000,2778,,0.0,0,親友、員工或其他特殊關係間之交易。,RPRNMLLJNHKFFAW56CA,0.0,0.0,0.0,,
金沙鎮,土地,中蘭劃測段474-1地號,1960.12,農,,,1040411,土地3建物0車位0,,,其他,,,,0.0,0,0,0,有,無,14500000,7398,,0.0,0,,RPPOMLOJNHKFFAW76CA,0.0,0.0,0.0,,
金城鎮,土地,歐厝段525地號,406.75,農,,,1040402,土地1建物0車位0,,,其他,,,,0.0,0,0,0,有,無,550000,1352,,0.0,0,,RPPNMLPJNHKFFAW76CA,0.0,0.0,0.0,,
金湖鎮,土地,陳坑段814地號,62.0,住,,,1040414,土地1建物0車位0,,,其他,,,,0.0,0,0,0,有,無,850000,13710,,0.0,0,,RPQNMLPJNHKFFAW86CA,0.0,0.0,0.0,,
金寧鄉,土地,寧安四劃段632-2地號,573.33,農,,,1040416,土地1建物0車位0,,,其他,,,,0.0,0,0,0,有,無,1800000,3140,,0.0,0,,RPPNMLQJNHKFFAW86CA,0.0,0.0,0.0,,
金寧鄉,土地,寧古劃段66地號,1998.0,其他,,,1040415,土地4建物0車位0,,,其他,,,,0.0,0,0,0,有,無,4250000,2127,,0.0,0,,RPPNMLRJNHKFFAW96CA,0.0,0.0,0.0,,
金沙鎮,土地,沙港劃段843地號,1000.25,農,,,1040402,土地1建物0車位0,,,其他,,,,0.0,0,0,0,有,無,3600000,3599,,0.0,0,,RPRNMLOKNHKFFAW96CA,0.0,0.0,0.0,,
金城鎮,土地,小西門劃測段1392-2地號,134.47,農,,,1040429,土地1建物0車位0,,,其他,,,,0.0,0,0,0,有,無,134000,997,,0.0,0,,RPVNMLOJNHKFFAW37DA,0.0,0.0,0.0,,
金寧鄉,土地,寧劃段700地號,488.91,農,,,1040420,土地1建物0車位0,,,其他,,,,0.0,0,0,0,有,無,1222275,2500,,0.0,0,,RPVNMLRJNHKFFAW57CA,0.0,0.0,0.0,,
金沙鎮,土地,北九十劃段677地號,1500.57,農,,,1040421,土地2建物0車位0,,,其他,,,,0.0,0,0,0,有,無,8800000,5864,,0.0,0,,RPRNMLLKNHKFFAW66CA,0.0,0.0,0.0,,
金沙鎮,土地,北九劃段1135地號,1000.0,農,,,1040430,土地1建物0車位0,,,其他,,,,0.0,0,0,0,有,無,4500000,4500,,0.0,0,,RPRNMLPLNHKFFAW17CA,0.0,0.0,0.0,,
金城鎮,土地,延平段357地號,708.6,農,,,1040417,土地1建物0車位0,,,其他,,,,0.0,0,0,0,有,無,8800000,12419,,0.0,0,,RPQNMLRJNHKFFAW07CA,0.0,0.0,0.0,,
金寧鄉,土地,后沙村段215地號,380.0,其他,,,1040428,土地1建物0車位0,,,其他,,,,0.0,0,0,0,有,無,4700000,12368,,0.0,0,,RPRNMLRJNHKFFAW17CA,0.0,0.0,0.0,,
烈嶼鄉,土地,西方段318-1地號,151.32,其他,,,1040430,土地1建物0車位0,,,其他,,,,0.0,0,0,0,有,無,2000000,13217,,0.0,0,,RPSNMLRJNHKFFAW27CA,0.0,0.0,0.0,,
金湖鎮,土地,中六劃段91地號,1480.13,農,,,1040417,土地2建物0車位0,,,其他,,,,0.0,0,0,0,有,無,7428496,5019,,0.0,0,,RPQNMLLKNHKFFAW56CA,0.0,0.0,0.0,,
金城鎮,土地,城西段607地號,58.46,其他,,,1040409,土地5建物0車位0,,,其他,,,,0.0,0,0,0,有,無,5000000,85529,,0.0,0,,RPQNMLKLNHKFFAW56CA,0.0,0.0,0.0,,
金城鎮,土地,中一段398地號,1066.55,農,,,1040429,土地2建物0車位0,,,其他,,,,0.0,0,0,0,有,無,21000000,19690,,0.0,0,,RPRNMLNKNHKFFAW86CA,0.0,0.0,0.0,,
金寧鄉,土地,寧北一劃段343地號,2218.96,農,,,1040505,土地3建物0車位0,,,其他,,,,0.0,0,0,0,有,無,2200000,991,,0.0,0,,RPPNMLSJNHKFFAW17DA,0.0,0.0,0.0,,
金寧鄉,土地,后沙劃測段586地號,621.35,住,,,1040507,土地2建物0車位0,,,其他,,,,0.0,0,0,0,有,無,4000000,6438,,0.0,0,,RPSNMLMKNHKFFAW86CA,0.0,0.0,0.0,,
金城鎮,土地,城南段411地號,312.63,住,,,1040422,土地1建物0車位0,,,其他,,,,0.0,0,0,0,有,無,9378900,30000,,0.0,0,,RPWNMLPKNHKFFAW57CA,0.0,0.0,0.0,,
金湖鎮,土地,塔后段1203地號,72.67,住,,,1040508,土地1建物0車位0,,,其他,,,,0.0,0,0,0,有,無,6600000,90822,,0.0,0,含未登記建物140.26㎡公寓含陽台、公設。,RPQNMLPLNHKFFAW07CA,0.0,0.0,0.0,,
金湖鎮,房地(土地+建物),金門縣金湖鎮塔后４９８號,96.02,住,,,1040504,土地1建物1車位0,全,三層,透天厝,集合住宅,鋼筋混凝土造,1030623,222.88,5,2,5,有,無,16000000,71788,,0.0,0,,RPOOMLPKNHKFFAW86CA,216.72,0.0,6.16,,
金城鎮,土地,前水頭段523地號,1268.0,其他,,,1040417,土地1建物0車位0,,,其他,,,,0.0,0,0,0,有,無,21350000,16838,,0.0,0,,RPRNMLOJOHKFFAW96CA,0.0,0.0,0.0,,
金沙鎮,土地,英坑段393地號,1037.81,農,,,1040414,土地2建物0車位0,,,其他,,,,0.0,0,0,0,有,無,2500000,2409,,0.0,0,,RPXNMLPKNHKFFAW67CA,0.0,0.0,0.0,,
金寧鄉,房地(土地+建物),金門縣金寧鄉頂堡６之２號,66.0,其他,,,1040409,土地1建物1車位0,一層,三層,公寓(5樓含以下無電梯),,,1030709,116.14,3,2,2,有,無,6680000,57517,,0.0,0,,RPTNMLNKNHKFFAW07CA,94.8,0.0,9.79,,
金城鎮,土地,城北段421地號,92.37,住,,,1030618,土地2建物0車位0,,,其他,,,,0.0,0,0,0,有,無,6800000,73617,,0.0,0,,RPVNMLNKNHKFFAW27CA,0.0,0.0,0.0,,
金湖鎮,房地(土地+建物),金門縣金湖鎮環島南路五段５００號二樓,47.82,其他,,,1040206,土地1建物1車位0,二層,三層,公寓(5樓含以下無電梯),集合住宅,鋼筋混凝土造,1040203,122.86,3,2,2,有,無,8000000,65115,,0.0,0,,RPSNMLPKNHKFFAW17CA,72.83,21.01,7.53,,
金城鎮,土地,金門城段758地號,94.4,住,,,1040410,土地1建物0車位0,,,其他,,,,0.0,0,0,0,有,無,2000000,21186,,0.0,0,,RPPNMLRLNHKFFAW17CA,0.0,0.0,0.0,,
金湖鎮,房地(土地+建物),金門縣金湖鎮環島南路五段５００號三樓,47.82,其他,,,1040206,土地1建物1車位0,三層,三層,公寓(5樓含以下無電梯),集合住宅,鋼筋混凝土造,1040203,122.86,2,2,2,有,無,9000000,73254,,0.0,0,,RPUNMLPKNHKFFAW37CA,72.83,21.01,7.53,,
金湖鎮,房地(土地+建物),金門縣金湖鎮下新厝３０號,1150.0,住,,,1040504,土地3建物1車位0,全,三層,透天厝,住家用,鋼筋混凝土造,0921113,564.18,5,2,5,有,無,18200000,32259,,0.0,0,親友、員工或其他特殊關係間之交易。,RPQNMLMLNHKFFAW76CA,515.32,0.0,48.86,,
金寧鄉,土地,寧北一劃段292地號,978.57,農,,,1040421,土地1建物0車位0,,,其他,,,,0.0,0,0,0,有,無,3550000,3628,,0.0,0,,RPPOMLPKNHKFFAW96CA,0.0,0.0,0.0,,
金湖鎮,房地(土地+建物),金門縣金湖鎮武德新莊１３０號,95.85,住,,,1040408,土地1建物1車位0,全,四層,透天厝,住家用,鋼筋混凝土造,0890930,232.26,4,2,3,有,無,2343755,10091,,0.0,0,親友、員工或其他特殊關係間之交易。,RPPNMLMJOHKFFAW56CA,213.58,4.5,14.18,,
金湖鎮,房地(土地+建物),金門縣金湖鎮武德新莊１５５號,98.09,住,,,1040408,土地1建物1車位0,全,四層,透天厝,住家用,鋼筋混凝土造,0890930,203.76,4,2,3,有,無,2331327,11442,,0.0,0,親友、員工或其他特殊關係間之交易。,SPPNMLMJOHKFFAW66CA,180.92,5.21,17.63,,
金湖鎮,房地(土地+建物),金門縣金湖鎮武德新莊１５６號,77.77,住,,,1040408,土地1建物1車位0,全,四層,透天厝,住家用,鋼筋混凝土造,0890930,204.89,4,2,3,有,無,1927531,9408,,0.0,0,親友、員工或其他特殊關係間之交易。,TPPNMLMJOHKFFAW76CA,182.71,5.13,17.05,,
金城鎮,房地(土地+建物),金門縣金城鎮民權路184巷2弄3號,77.14,其他,,,1040504,土地1建物1車位0,全,四層,透天厝,住家用,鋼筋混凝土造,0940711,178.01,4,2,3,有,無,14500000,81456,,0.0,0,,RPPNMLSKNHKFFAW27DA,0.0,0.0,0.0,,
金寧鄉,房地(土地+建物),金門縣金寧鄉頂堡５２之８號,50.67,其他,,,1040504,土地1建物1車位0,全,三層,透天厝,住商用,鋼筋混凝土造,0750815,114.4,0,0,0,無,無,4000000,34965,,0.0,0,,RPQNMLSKNHKFFAW27CA,114.39,0.0,0.0,,
金寧鄉,土地,西堡劃測段218地號,1979.05,農,,,1040430,土地2建物0車位0,,,其他,,,,0.0,0,0,0,有,無,5600000,2830,,0.0,0,,RPTNMLMLNHKFFAW07CA,0.0,0.0,0.0,,
金沙鎮,土地,官嶼劃段24地號,798.92,農,,,1040425,土地1建物0車位0,,,其他,,,,0.0,0,0,0,有,無,3400000,4256,,0.0,0,,RPRNMLMLNHKFFAW86CA,0.0,0.0,0.0,,
金寧鄉,土地,后沙劃測段700地號,583.6,其他,,,1040501,土地1建物0車位0,,,其他,,,,0.0,0,0,0,有,無,3510000,6014,,0.0,0,,RPQNMLTKNHKFFAW37CA,0.0,0.0,0.0,,
金寧鄉,房地(土地+建物),金門縣金寧鄉下堡１９０號,69.37,其他,,,1040312,土地1建物1車位0,一層,三層,公寓(5樓含以下無電梯),集合住宅,鋼筋混凝土造,1031113,125.64,3,2,2,有,無,7550000,60092,,0.0,0,,RPSNMLTKNHKFFAW57CA,112.1,0.0,7.84,,
金寧鄉,房地(土地+建物),金門縣金寧鄉下堡１９５號,71.42,其他,,,1040213,土地1建物1車位0,一層,三層,公寓(5樓含以下無電梯),集合住宅,鋼筋混凝土造,1031113,121.25,3,2,2,有,無,7850000,64742,,0.0,0,,RPUNMLTKNHKFFAW77CA,110.74,0.0,4.64,,
金寧鄉,房地(土地+建物),金門縣金寧鄉下堡１９５號二樓,71.42,其他,,,1040211,土地1建物1車位0,二層,三層,公寓(5樓含以下無電梯),集合住宅,鋼筋混凝土造,1031113,121.25,3,2,2,有,無,7300000,60206,,0.0,0,,RPWNMLTKNHKFFAW97CA,110.74,0.0,4.64,,
金寧鄉,土地,中山林段377地號,594.43,農,,,1040501,土地1建物0車位0,,,其他,,,,0.0,0,0,0,有,無,950000,1598,,0.0,0,無通路之農業用地,RPXNMLTKNHKFFAW08CA,0.0,0.0,0.0,,
金城鎮,土地,延平段489-11地號,51.19,農,,,1040508,土地2建物0車位0,,,其他,,,,0.0,0,0,0,有,無,656000,12815,,0.0,0,,RPVNMLMJOHKFFAW17CA,0.0,0.0,0.0,,
金寧鄉,土地,赤岑段153地號,308.09,其他,,,1040428,土地1建物0車位0,,,其他,,,,0.0,0,0,0,有,無,350000,1136,,0.0,0,,RPRNMLMJOHKFFAW76CA,0.0,0.0,0.0,,
金寧鄉,土地,大園段165地號,490.15,其他,,,1040428,土地1建物0車位0,,,其他,,,,0.0,0,0,0,有,無,500000,1020,,0.0,0,,RPSNMLMJOHKFFAW86CA,0.0,0.0,0.0,,
金湖鎮,房地(土地+建物),金門縣金湖鎮湖前３９之３號二樓,70.17,其他,,,1040428,土地2建物1車位0,二層,三層,公寓(5樓含以下無電梯),集合住宅,鋼筋混凝土造,1020205,112.89,3,2,2,有,無,7500000,66436,,0.0,0,,RPQNMLLLNHKFFAW66CA,93.18,0.0,11.75,,
金城鎮,土地,北堤段249地號,63.14,其他,,,1040513,土地2建物0車位0,,,其他,,,,0.0,0,0,0,有,無,5500000,87108,,0.0,0,親友、員工或其他特殊關係間之交易。含未登記建物一棟面積178平方公尺。,RPPNMLQLNHKFFAW17DA,0.0,0.0,0.0,,
金湖鎮,土地,塔后段563地號,210.84,住,,,1040507,土地1建物0車位0,,,其他,,,,0.0,0,0,0,有,無,7300000,34623,,0.0,0,,RPQNMLTLNHKFFAW47CA,0.0,0.0,0.0,,
金寧鄉,土地,北二三劃測段468地號,500.0,農,,,1040506,土地1建物0車位0,,,其他,,,,0.0,0,0,0,有,無,2850000,5700,,0.0,0,,RPRNMLRLNHKFFAW37CA,0.0,0.0,0.0,,
金寧鄉,土地,寧安四劃段317地號,666.66,其他,,,1040401,土地1建物0車位0,,,其他,,,,0.0,0,0,0,有,無,22000000,33000,,0.0,0,,RPSNMLQLNHKFFAW37CA,0.0,0.0,0.0,,
烈嶼鄉,房地(土地+建物),金門縣烈嶼鄉后井１８號,136.69,住,,,1040515,土地2建物1車位0,全,三層,透天厝,住家用,鋼筋混凝土造,0911121,179.48,8,2,6,有,無,4787574,26675,,0.0,0,2人共有親友、員工或其他特殊關係間之交易。,RPUNMLMJOHKFFAW07CA,169.3,0.0,10.18,,
金城鎮,房地(土地+建物),金門縣金城鎮西海三段２２巷４弄２８之１號,77.4,住,,,1040428,土地1建物1車位0,全,三層,透天厝,住家用,鋼筋混凝土加強磚造,0860116,236.34,4,2,4,有,無,7850000,33215,,0.0,0,,RPWNMLLJOHKFFAW17CA,236.34,0.0,0.0,,
金城鎮,房地(土地+建物),金門縣金城鎮西海路三段２２巷４弄２８號,77.4,住,,,1040428,土地1建物1車位0,全,三層,透天厝,住家用,鋼筋混凝土加強磚造,0860116,242.21,5,1,3,有,無,7850000,32410,,0.0,0,,RPXNMLLJOHKFFAW27CA,242.21,0.0,0.0,,
金湖鎮,土地,太湖劃測段112地號,956.62,其他,,,1040424,土地1建物0車位0,,,其他,,,,0.0,0,0,0,有,無,7500000,7840,,0.0,0,,RPRNMLQLNHKFFAW27CA,0.0,0.0,0.0,,
金沙鎮,土地,沙港劃段1190地號,200.97,住,,,1040414,土地1建物0車位0,,,其他,,,,0.0,0,0,0,有,無,4900000,24382,,0.0,0,,RPPNMLQKOHKFFAW07CA,0.0,0.0,0.0,,
金寧鄉,房地(土地+建物)+車位,金門縣金寧鄉安岐１３２號,50.35,住,,,1040509,土地1建物1車位1,一層,三層,公寓(5樓含以下無電梯),集合住宅,鋼筋混凝土造,1030829,147.21,3,1,2,有,無,6320000,42932,坡道平面,0.0,0,,RPSNMLLJOHKFFAW76CA,84.54,0.0,11.14,,
金寧鄉,房地(土地+建物)+車位,金門縣金寧鄉安岐１３０號,108.29,住,,,1040510,土地1建物1車位2,全,三層,透天厝,集合住宅,鋼筋混凝土造,1030829,297.8,5,1,4,有,無,12000000,40296,坡道平面,0.0,0,,RPTNMLLJOHKFFAW86CA,183.43,0.0,21.86,,
金城鎮,土地,天后宮段465地號,17.08,住,,,1040519,土地1建物0車位0,,,其他,,,,0.0,0,0,0,有,無,1440000,84309,,0.0,0,,RPXNMLMJOHKFFAW47DA,0.0,0.0,0.0,,
金城鎮,房地(土地+建物),金門縣金城鎮珠浦南路50巷3弄6號3樓,17.08,住,,,1040519,土地1建物1車位0,三層,五層,公寓(5樓含以下無電梯),集合住宅,鋼筋混凝土造,1040204,42.45,1,1,1,有,無,1760000,41461,,0.0,0,本件純建物申報,RPOOMLMJOHKFFAW66DA,35.57,3.2,3.68,,
金沙鎮,土地,北九十劃段631地號,1000.37,農,,,1040521,土地2建物0車位0,,,其他,,,,0.0,0,0,0,有,無,4000000,3999,,0.0,0,,RPRNMLSJOHKFFAW47DA,0.0,0.0,0.0,,
金寧鄉,土地,寧古劃段439地號,500.0,農,,,1040501,土地1建物0車位0,,,其他,,,,0.0,0,0,0,有,無,1300000,2600,,0.0,0,,RPSNMLTJOHKFFAW67DA,0.0,0.0,0.0,,
金沙鎮,土地,沙港劃段44-1地號,1743.49,農,,,1040526,土地3建物0車位0,,,其他,,,,0.0,0,0,0,有,無,4000000,2294,,0.0,0,,RPWNMLOLOHKFFAW77DA,0.0,0.0,0.0,,
金寧鄉,土地,寧安二劃段504地號,1163.77,農,,,1040507,土地1建物0車位0,,,其他,,,,0.0,0,0,0,有,無,5600000,4812,,0.0,0,,RPUNMLLJOHKFFAW96CA,0.0,0.0,0.0,,
烈嶼鄉,土地,東面山測段891地號,342.62,其他,,,1040515,土地1建物0車位0,,,其他,,,,0.0,0,0,0,有,無,3000000,8756,,0.0,0,,RPRNMLSLNHKFFAW47CA,0.0,0.0,0.0,,
金沙鎮,土地,官澳段1554地號,989.0,農,,,1040507,土地1建物0車位0,,,其他,,,,0.0,0,0,0,有,無,3065900,3100,,0.0,0,親友、員工或其他特殊關係間之交易。,RPTNMLMJOHKFFAW96CA,0.0,0.0,0.0,,
金城鎮,土地,祥安段547地號,2385.39,住,,,1040608,土地14建物0車位0,,,其他,,,,0.0,0,0,0,有,無,62000000,25992,,0.0,0,,RPUNMLMLOHKFFAW27CA,0.0,0.0,0.0,,
金湖鎮,土地,北五劃段403地號,928.88,農,,,1040522,土地1建物0車位0,,,其他,,,,0.0,0,0,0,有,無,6200000,6675,,0.0,0,,RPOOMLLJOHKFFAW09CA,0.0,0.0,0.0,,
金寧鄉,土地,煙墩段1006地號,606.19,其他,,,1040519,土地1建物0車位0,,,其他,,,,0.0,0,0,0,有,無,26500000,43716,,0.0,0,,RPQNMLLJOHKFFAW56CA,0.0,0.0,0.0,,
金城鎮,房地(土地+建物),金門縣金城鎮前水頭１３９之２號二樓,120.5,其他,,,1040514,土地2建物1車位0,全,三層,透天厝,,,1010501,162.82,7,1,7,有,無,16000000,98268,,0.0,0,,RPPNMLSJOHKFFAW17CA,0.0,0.0,0.0,,
金沙鎮,土地,東店段722地號,7520.0,其他,,,1040408,土地14建物0車位0,,,其他,,,,0.0,0,0,0,有,無,18000000,2394,,0.0,0,,RPVNMLMLOHKFFAW37CA,0.0,0.0,0.0,,
金沙鎮,土地,中蘭劃測段527地號,490.0,農,,,1040425,土地1建物0車位0,,,其他,,,,0.0,0,0,0,有,無,2220000,4531,,0.0,0,,RPQNMLQKOHKFFAW17CA,0.0,0.0,0.0,,
金寧鄉,土地,寧湖一劃段535地號,500.0,農,,,1040518,土地1建物0車位0,,,其他,,,,0.0,0,0,0,有,無,5800000,11600,,0.0,0,,RPRNMLNJOHKFFAW86CA,0.0,0.0,0.0,,
金湖鎮,土地,湖前段722地號,158.39,農,,,1040527,土地1建物0車位0,,,其他,,,,0.0,0,0,0,有,無,1700000,10733,,0.0,0,,RPQNMLPJOHKFFAW96CA,0.0,0.0,0.0,,
金寧鄉,土地,寧湖二劃測段900地號,960.01,住,,,1040527,土地2建物0車位0,,,其他,,,,0.0,0,0,0,有,無,31300000,32604,,0.0,0,,RPQNMLKKOHKFFAW56CA,0.0,0.0,0.0,,
金城鎮,土地,中一段25地號,956.62,農,,,1040605,土地1建物0車位0,,,其他,,,,0.0,0,0,0,有,無,13000000,13590,,0.0,0,,RPVNMLOLOHKFFAW57CA,0.0,0.0,0.0,,
金城鎮,土地,金門城段308-3地號,161.0,其他,,,1040601,土地3建物0車位0,,,其他,,,,0.0,0,0,0,有,無,2000000,12422,,0.0,0,,RPPNMLOLOHKFFAW96CA,0.0,0.0,0.0,,
金沙鎮,土地,山柄段1399地號,282.47,農,,,1040526,土地1建物0車位0,,,其他,,,,0.0,0,0,0,有,無,200000,708,,0.0,0,,RPWNMLMLOHKFFAW47CA,0.0,0.0,0.0,,
金寧鄉,土地,長寮段1398地號,560.81,農,,,1040521,土地1建物0車位0,,,其他,,,,0.0,0,0,0,有,無,4900000,8737,,0.0,0,,RPVNMLTJOHKFFAW87CA,0.0,0.0,0.0,,
金寧鄉,土地,青山段527地號,815.1,農,,,1040513,土地1建物0車位0,,,其他,,,,0.0,0,0,0,有,無,5800000,7116,,0.0,0,,RPRNMLRKOHKFFAW37CA,0.0,0.0,0.0,,
烈嶼鄉,土地,中墩段14-1地號,187.0,其他,,,1040604,土地1建物0車位0,,,其他,,,,0.0,0,0,0,有,無,523600,2800,,0.0,0,親友、員工或其他特殊關係間之交易。,RPPNMLOKPHKFFAW07DA,0.0,0.0,0.0,,
金城鎮,土地,城南段409地號,70.0,住,,,1040519,土地1建物0車位0,,,其他,,,,0.0,0,0,0,有,無,2486334,35519,,0.0,0,,RPWNMLNLOHKFFAW67DA,0.0,0.0,0.0,,
金寧鄉,土地,機場段83-1地號,343.2,其他,,,1040512,土地1建物0車位0,,,其他,,,,0.0,0,0,0,有,無,755040,2200,,0.0,0,,RPUNMLQKOHKFFAW57CA,0.0,0.0,0.0,,
金沙鎮,土地,浦邊段765地號,57.0,住,,,1040603,土地1建物0車位0,,,其他,,,,0.0,0,0,0,有,無,400000,7018,,0.0,0,,RPRNMLKKOHKFFAW66CA,0.0,0.0,0.0,,
金寧鄉,房地(土地+建物),金門縣金寧鄉頂堡６之２號三樓,66.0,其他,,,1040525,土地1建物1車位0,三層,三層,公寓(5樓含以下無電梯),,,1030709,115.35,3,2,2,有,無,6500000,56350,,0.0,0,,RPTNMLTJOHKFFAW67CA,93.93,0.0,9.87,,
金沙鎮,土地,沙溪一劃段94地號,986.68,農,,,1040430,土地1建物0車位0,,,其他,,,,0.0,0,0,0,有,無,3100000,3142,,0.0,0,,RPPNMLLKOHKFFAW56CA,0.0,0.0,0.0,,
金城鎮,房地(土地+建物),金門縣金城鎮伯玉路１段２４０巷１０號,88.17,農,,,1040513,土地3建物1車位0,全,一層,透天厝,,,0840516,85.83,0,0,0,無,無,3600000,41943,,0.0,0,,RPRNMLLKOHKFFAW76CA,0.0,0.0,0.0,,
金沙鎮,土地,高坑劃測段543地號,936.27,農,,,1040601,土地2建物0車位0,,,其他,,,,0.0,0,0,0,有,無,4000000,4272,,0.0,0,,RPVNMLQKOHKFFAW67CA,0.0,0.0,0.0,,
金寧鄉,土地,寧山段771地號,835.25,農,,,1040603,土地3建物0車位0,,,其他,,,,0.0,0,0,0,有,無,2203000,2638,,0.0,0,,RPSNMLRKOHKFFAW47CA,0.0,0.0,0.0,,
金湖鎮,土地,中五劃段21-1地號,667.0,農,,,1040430,土地2建物0車位0,,,其他,,,,0.0,0,0,0,有,無,7000000,10495,,0.0,0,,RPQNMLSKOHKFFAW37CA,0.0,0.0,0.0,,
金寧鄉,土地,寧湖三劃段779地號,1000.0,農,,,1040601,土地1建物0車位0,,,其他,,,,0.0,0,0,0,有,無,6000000,6000,,0.0,0,,RPQNMLRLOHKFFAW37CA,0.0,0.0,0.0,,
金寧鄉,土地,寧湖一劃段382地號,1000.0,農,,,1040527,土地1建物0車位0,,,其他,,,,0.0,0,0,0,有,無,13100000,13100,,0.0,0,,RPRNMLPLOHKFFAW37DA,0.0,0.0,0.0,,
金寧鄉,土地,寧湖一劃段383地號,1000.02,農,,,1040527,土地1建物0車位0,,,其他,,,,0.0,0,0,0,有,無,13100000,13100,,0.0,0,,RPSNMLPLOHKFFAW47DA,0.0,0.0,0.0,,
金城鎮,房地(土地+建物),金門縣金城鎮東門里浯江路21號,49.45,其他,,,1040503,土地2建物1車位0,一層,三層,公寓(5樓含以下無電梯),集合住宅,鋼筋混凝土造,0971008,86.5,3,2,2,有,無,7500000,86705,,0.0,0,,RPPNMLSKOHKFFAW37DA,74.75,0.0,3.14,,
金沙鎮,土地,后宅測段218地號,1384.7,農,,,1040515,土地3建物0車位0,,,其他,,,,0.0,0,0,0,有,無,1311000,947,,0.0,0,,RPPNMLRJPHKFFAW17CA,0.0,0.0,0.0,,
金湖鎮,房地(土地+建物),金門縣金湖鎮料羅新村５７０號三樓,33.68,其他,,,1040526,土地1建物1車位0,三層,三層,公寓(5樓含以下無電梯),集合住宅,鋼筋混凝土造,1040402,83.24000000000001,2,1,1,有,無,3416400,41043,,0.0,0,,RPPNMLKLPHKFFAW66CA,57.4,0.0,6.86,,
金湖鎮,房地(土地+建物)+車位,金門縣金湖鎮料羅新村５７２號三樓,41.37,其他,,,1040526,土地1建物1車位1,三層,三層,公寓(5樓含以下無電梯),集合住宅,鋼筋混凝土造,1040402,83.17,2,1,1,有,無,3416400,41077,坡道平面,15.17,0,,SPPNMLKLPHKFFAW76CA,57.4,0.0,6.86,,
金寧鄉,土地,安西劃段1079地號,577.85,農,,,1040605,土地1建物0車位0,,,其他,,,,0.0,0,0,0,有,無,3700000,6403,,0.0,0,,RPPNMLMLOHKFFAW76CA,0.0,0.0,0.0,,
金湖鎮,房地(土地+建物)+車位,金門縣金湖鎮料羅新村５７３號二樓,41.37,其他,,,1040526,土地1建物1車位1,二層,三層,公寓(5樓含以下無電梯),集合住宅,鋼筋混凝土造,1040402,83.17,2,1,1,有,無,3500000,42082,坡道平面,15.17,0,,RPQNMLMLOHKFFAW86CA,57.4,0.0,6.86,,
金寧鄉,房地(土地+建物),金門縣金寧鄉安岐48之5號二樓,32.93,其他,,,1040608,土地1建物1車位0,二層,三層,公寓(5樓含以下無電梯),集合住宅,鋼筋混凝土造,1040414,63.650000000000006,2,2,2,有,無,3600000,56559,,0.0,0,,RPSNMLNJPHKFFAW07CA,51.39,0.0,7.88,,
金湖鎮,房地(土地+建物),金門縣金湖鎮漁村７８號,151.68,住,,,1040615,土地2建物1車位0,全,三層,透天厝,住家用,鋼筋混凝土加強磚造,0840725,273.0,8,1,8,有,無,10278880,37652,,0.0,0,,RPSNMLOLOHKFFAW27CA,268.45,4.55,0.0,,
金湖鎮,土地,漁村段395-1地號,2.51,住,,,1040615,土地1建物0車位0,,,其他,,,,0.0,0,0,0,有,無,24096,9600,,0.0,0,,RPTNMLOLOHKFFAW37CA,0.0,0.0,0.0,,
金城鎮,房地(土地+建物),金門縣金城鎮珠浦西路６巷１弄９號五樓,10.17,住,,,1040623,土地1建物1車位0,五層,五層,套房(1房1廳1衛),集合住宅,鋼筋混凝土造,0961001,36.34,1,1,1,有,無,2500000,68795,,0.0,0,,RPUNMLOLOHKFFAW47CA,22.95,0.0,2.76,,
金湖鎮,土地,太湖劃測段191-2地號,1158.74,農,,,1040511,土地1建物0車位0,,,其他,,,,0.0,0,0,0,有,無,5500000,4747,,0.0,0,,RPRNMLNLOHKFFAW07CA,0.0,0.0,0.0,,
金湖鎮,土地,太湖劃測段191-3地號,1158.74,農,,,1040520,土地1建物0車位0,,,其他,,,,0.0,0,0,0,有,無,5500000,4747,,0.0,0,,RPSNMLNLOHKFFAW17CA,0.0,0.0,0.0,,
金沙鎮,土地,北八劃段494地號,1000.0,農,,,1040610,土地1建物0車位0,,,其他,,,,0.0,0,0,0,有,無,5000000,5000,,0.0,0,,RPXNMLMLOHKFFAW67DA,0.0,0.0,0.0,,
金寧鄉,土地,西堡劃測段309地號,1532.17,農,,,1040515,土地4建物0車位0,,,其他,,,,0.0,0,0,0,有,無,3884000,2535,,0.0,0,,RPRNMLQLOHKFFAW47DA,0.0,0.0,0.0,,
金城鎮,土地,中一段338地號,276.2,農,,,1040418,土地1建物0車位0,,,其他,,,,0.0,0,0,0,有,無,5730000,20746,,0.0,0,,RPSNMLPKPHKFFAW47DA,0.0,0.0,0.0,,
金湖鎮,土地,南雄段626地號,707.33,農,,,1040611,土地1建物0車位0,,,其他,,,,0.0,0,0,0,有,無,3000000,4241,,0.0,0,,RPVNMLNLOHKFFAW47CA,0.0,0.0,0.0,,
金湖鎮,土地,陳坑段533-2地號,135.08,其他,,,1040527,土地1建物0車位0,,,其他,,,,0.0,0,0,0,有,無,2000000,14806,,0.0,0,,RPPNMLPLOHKFFAW07CA,0.0,0.0,0.0,,
金湖鎮,房地(土地+建物),金門縣金湖鎮漁村７９號,91.39,住,,,1040615,土地1建物1車位0,全,三層,透天厝,住家用,鋼筋混凝土加強磚造,0840725,273.0,6,1,6,有,無,9697024,35520,,0.0,0,,RPRNMLOLOHKFFAW17CA,268.45,4.55,0.0,,
金寧鄉,土地,東洲段762地號,1448.06,農,,,1040608,土地1建物0車位0,,,其他,,,,0.0,0,0,0,有,無,7200000,4972,,0.0,0,,RPSNMLTJPHKFFAW67CA,0.0,0.0,0.0,,
金寧鄉,土地,寧北一劃段231地號,978.38,農,,,1040610,土地1建物0車位0,,,其他,,,,0.0,0,0,0,有,無,3800000,3884,,0.0,0,,RPSNMLKMOHKFFAW96CA,0.0,0.0,0.0,,
烈嶼鄉,土地,東面山測段1181地號,303.5,其他,,,1040514,土地1建物0車位0,,,其他,,,,0.0,0,0,0,有,無,4250000,14003,,0.0,0,,RPPNMLQLOHKFFAW17CA,0.0,0.0,0.0,,
金寧鄉,土地,上后垵段58地號,445.0,其他,,,1040610,土地1建物0車位0,,,其他,,,,0.0,0,0,0,有,無,12900000,28989,,0.0,0,,RPQNMLQLOHKFFAW27CA,0.0,0.0,0.0,,
金沙鎮,土地,洋山段828地號,67.0,住,,,1040610,土地1建物0車位0,,,其他,,,,0.0,0,0,0,有,無,650000,9701,,0.0,0,,RPRNMLSLOHKFFAW57CA,0.0,0.0,0.0,,
金寧鄉,房地(土地+建物),金門縣金寧鄉上后垵１６之１號二樓,57.83,住,,,1040614,土地1建物1車位0,二層,三層,公寓(5樓含以下無電梯),,,1000706,95.80000000000001,3,2,2,有,無,5600000,58455,,0.0,0,,RPSNMLSLOHKFFAW67CA,82.95,0.0,7.45,,
金城鎮,土地,旗牌段398-2地號,225.36,住,,,1040527,土地3建物0車位0,,,其他,,,,0.0,0,0,0,有,無,4958000,22000,,0.0,0,,RPTNMLKMOHKFFAW07CA,0.0,0.0,0.0,,
金湖鎮,房地(土地+建物),金門縣金湖鎮環島南路塔后段５巷２６號,69.88,住,,,1040616,土地5建物1車位0,全,三層,透天厝,集合住宅,鋼筋混凝土造,0990707,143.9,3,3,3,有,無,9200000,63933,,0.0,0,,RPQNMLQKPHKFFAW27CA,134.74,8.64,0.52,,
金城鎮,土地,城東段18地號,2.01,住,,,1040525,土地2建物0車位0,,,其他,,,,0.0,0,0,0,有,無,150000,74627,,0.0,0,,RPPNMLMLPHKFFAW86CA,0.0,0.0,0.0,,
金寧鄉,土地,寧湖二劃測段766地號,147.02,住,,,1040622,土地1建物0車位0,,,其他,,,,0.0,0,0,0,有,無,1573114,10700,,0.0,0,,RPUNMLKMOHKFFAW17CA,0.0,0.0,0.0,,
金湖鎮,土地,中五劃段21-1地號,667.0,農,,,1040608,土地2建物0車位0,,,其他,,,,0.0,0,0,0,有,無,14800000,22189,,0.0,0,,RPTNMLTJPHKFFAW77CA,0.0,0.0,0.0,,
金城鎮,土地,古坵段952地號,108.0,其他,,,1040429,土地1建物0車位0,,,其他,,,,0.0,0,0,0,有,無,980000,9074,,0.0,0,,RPPNMLKMOHKFFAW66CA,0.0,0.0,0.0,,
烈嶼鄉,土地,西方劃測段301地號,236.09,其他,,,1031231,土地1建物0車位0,,,其他,,,,0.0,0,0,0,有,無,500000,2118,,0.0,0,親友、員工或其他特殊關係間之交易。,RPRNMLKMOHKFFAW86CA,0.0,0.0,0.0,,
金湖鎮,土地,瓊林段533地號,3457.02,農,,,1040527,土地3建物0車位0,,,其他,,,,0.0,0,0,0,有,無,24000000,6942,,0.0,0,,RPRNMLMJPHKFFAW86CA,0.0,0.0,0.0,,
金沙鎮,土地,北八劃段436地號,1000.0,農,,,1040610,土地1建物0車位0,,,其他,,,,0.0,0,0,0,有,無,4990000,4990,,0.0,0,,RPPNMLNJPHKFFAW76CA,0.0,0.0,0.0,,
金寧鄉,土地,后垵段579地號,2144.96,農,,,1040624,土地3建物0車位0,,,其他,,,,0.0,0,0,0,有,無,7500000,3497,,0.0,0,,RPQNMLMJPHKFFAW76CA,0.0,0.0,0.0,,
金沙鎮,土地,東珩段471地號,619.42,農,,,1040624,土地1建物0車位0,,,其他,,,,0.0,0,0,0,有,無,1800000,2906,,0.0,0,,RPTNMLNJPHKFFAW17CA,0.0,0.0,0.0,,
金湖鎮,土地,塔后段1191-13地號,56.65,其他,,,1040629,土地1建物0車位0,,,其他,,,,0.0,0,0,0,有,無,328000,5790,,0.0,0,,RPQNMLNJPHKFFAW96DA,0.0,0.0,0.0,,
金湖鎮,房地(土地+建物),金門縣金湖鎮料羅新村５７８號二樓,33.68,其他,,,1040526,土地1建物1車位0,二層,三層,公寓(5樓含以下無電梯),集合住宅,鋼筋混凝土造,1040402,83.24000000000001,2,1,1,有,無,3500000,42047,,0.0,0,,RPPNMLTJPHKFFAW37CA,57.4,0.0,6.86,,
金湖鎮,房地(土地+建物),金門縣金湖鎮料羅新村５７０號二樓,33.68,其他,,,1040526,土地1建物1車位0,二層,三層,公寓(5樓含以下無電梯),集合住宅,鋼筋混凝土造,1040402,83.24000000000001,2,1,1,有,無,4000000,48054,,0.0,0,,RPQNMLTJPHKFFAW47CA,57.4,0.0,6.86,,
金城鎮,房地(土地+建物),金門縣金城鎮民族路６０號,82.13,其他,,,1040621,土地2建物1車位0,一層，騎樓，三層，二層,三層,店面(店鋪),住商用,鋼筋混凝土造,0711218,247.05,3,1,3,有,無,22000000,89051,,0.0,0,,RPPNMLQKPHKFFAW17CA,239.66,0.0,7.39,,
金城鎮,房地(土地+建物),金門縣金寧鄉環島北路一段３８巷１弄５號３樓,30.63,農,,,1040616,土地1建物1車位0,三層,三層,公寓(5樓含以下無電梯),住家用,鋼筋混凝土造,0850214,115.28999999999999,3,2,2,有,無,7000000,60716,,0.0,0,,RPQOMLMLPHKFFAW07CA,92.42,0.0,11.13,,
金寧鄉,土地,后垵段355地號,725.4,農,,,1040702,土地1建物0車位0,,,其他,,,,0.0,0,0,0,有,無,3200000,4411,,0.0,0,,RPQNMLPKPHKFFAW17CA,0.0,0.0,0.0,,
金城鎮,房地(土地+建物),金門縣金城鎮金山路１２１巷１６弄２２號,88.83,農,,,1040310,土地2建物1車位0,一層,三層,公寓(5樓含以下無電梯),集合住宅,鋼筋混凝土造,1040217,122.2,3,2,2,有,無,5000000,40917,,0.0,0,,RPSNMLLKPHKFFAW96CA,109.84,0.0,12.36,,
金城鎮,房地(土地+建物),金門縣金城鎮金山路１２１巷１６弄２２號二樓,88.81,農,,,1040310,土地2建物1車位0,二層,三層,公寓(5樓含以下無電梯),集合住宅,鋼筋混凝土造,1040217,121.76,3,2,2,有,無,5400000,44350,,0.0,0,,RPUNMLLKPHKFFAW17CA,107.01,0.0,14.75,,
金城鎮,房地(土地+建物),金門縣金城鎮金山路１２１巷１６弄２１號,227.24,農,,,1040226,土地2建物1車位0,全,三層,透天厝,集合住宅,鋼筋混凝土造,1040217,425.33,7,3,4,有,無,14000000,32916,,0.0,0,,RPVNMLLKPHKFFAW27CA,416.87,0.0,8.46,,
金城鎮,房地(土地+建物),金門縣金城鎮金山路１２１巷１６弄２３號,88.83,農,,,1040310,土地2建物1車位0,一層,三層,公寓(5樓含以下無電梯),集合住宅,鋼筋混凝土造,1040217,123.13,3,2,2,有,無,5000000,40607,,0.0,0,,RPXNMLLKPHKFFAW47CA,110.77,0.0,12.36,,
金城鎮,房地(土地+建物),金門縣金城鎮金山路１２１巷１６弄２３號二樓,88.81,農,,,1040310,土地2建物1車位0,二層,三層,公寓(5樓含以下無電梯),集合住宅,鋼筋混凝土造,1040217,122.59,3,2,2,有,無,5000000,40786,,0.0,0,,RPPOMLLKPHKFFAW76CA,107.82,0.0,14.77,,
金城鎮,房地(土地+建物),金門縣金城鎮金山路１２１巷１６弄２３號三樓,88.81,農,,,1040310,土地2建物1車位0,三層,三層,公寓(5樓含以下無電梯),集合住宅,鋼筋混凝土造,1040217,122.59,3,2,2,有,無,5000000,40786,,0.0,0,,RPROMLLKPHKFFAW96CA,107.82,0.0,14.77,,
金城鎮,房地(土地+建物),金門縣金城鎮金山路１２１巷１５弄２３號,129.4,農,,,1040312,土地3建物1車位0,全,三層,透天厝,集合住宅,鋼筋混凝土造,1040217,221.25,5,2,4,有,無,11500000,51977,,0.0,0,,RPTOMLLKPHKFFAW17CA,199.32,5.98,15.95,,
金城鎮,房地(土地+建物),金門縣金城鎮金山路１２１巷１５弄２５號,129.4,農,,,1040510,土地3建物1車位0,全,三層,透天厝,集合住宅,鋼筋混凝土造,1040217,221.25,5,2,4,有,無,15000000,67797,,0.0,0,,RPVOMLLKPHKFFAW37CA,199.32,5.98,15.95,,
金城鎮,房地(土地+建物),金門縣金城鎮金山路１２１巷１５弄２６號,129.4,農,,,1040316,土地3建物1車位0,全,三層,透天厝,集合住宅,鋼筋混凝土造,1040217,221.25,5,2,4,有,無,11600000,52429,,0.0,0,,RPXOMLLKPHKFFAW57CA,199.32,5.98,15.95,,
金城鎮,房地(土地+建物),金門縣金城鎮金山路１２１巷１５弄２７號,129.4,農,,,1040226,土地3建物1車位0,全,三層,透天厝,集合住宅,鋼筋混凝土造,1040217,221.25,5,2,4,有,無,10560000,47729,,0.0,0,,RPRNMLNKPHKFFAW07CA,199.32,5.98,15.95,,
金城鎮,房地(土地+建物),金門縣金城鎮金山路１２１巷１５弄２８號,149.7,農,,,1040330,土地3建物1車位0,全,三層,透天厝,集合住宅,鋼筋混凝土造,1040217,224.59,5,2,4,有,無,12500000,55657,,0.0,0,,RPTNMLNKPHKFFAW27CA,202.31,6.07,16.21,,
金湖鎮,房地(土地+建物),金門縣金湖鎮料羅新村５７１號二樓,33.68,其他,,,1040526,土地1建物1車位0,二層,三層,公寓(5樓含以下無電梯),集合住宅,鋼筋混凝土造,1040402,83.24000000000001,2,1,1,有,無,3150000,37842,,0.0,0,,RPRNMLTJPHKFFAW57CA,57.4,0.0,6.86,,
金沙鎮,土地,浯坑劃測段69地號,1751.64,農,,,1040612,土地3建物0車位0,,,其他,,,,0.0,0,0,0,有,無,8758000,5000,,0.0,0,,RPPOMLRJPHKFFAW27CA,0.0,0.0,0.0,,
金湖鎮,土地,庵邊段338地號,841.0,住,,,1040623,土地2建物0車位0,,,其他,,,,0.0,0,0,0,有,無,12000000,14269,,0.0,0,,RPVNMLRJPHKFFAW87DA,0.0,0.0,0.0,,
金湖鎮,土地,湖前段431地號,770.23,其他,,,1040514,土地1建物0車位0,,,其他,,,,0.0,0,0,0,有,無,39000000,50634,,0.0,0,,RPUNMLTJPHKFFAW87CA,0.0,0.0,0.0,,
金湖鎮,土地,羅劃測段148地號,768.68,住,,,1040612,土地1建物0車位0,,,其他,,,,0.0,0,0,0,有,無,14500000,18864,,0.0,0,,RPRNMLNLPHKFFAW17CA,0.0,0.0,0.0,,
金沙鎮,土地,高坑劃測段568-3地號,300.01,農,,,1040709,土地2建物0車位0,,,其他,,,,0.0,0,0,0,有,無,1800000,6000,,0.0,0,,RPQNMLLMPHKFFAW07DA,0.0,0.0,0.0,,
金寧鄉,建物,金門縣金寧鄉頂堡66之7號2樓,85.82,其他,,,1040624,土地0建物1車位0,二層,三層,公寓(5樓含以下無電梯),集合住宅,鋼筋混凝土造,1040112,103.55999999999999,3,2,2,有,無,2800000,27037,,0.0,0,,RPWNMLLMPHKFFAW67DA,84.58,0.0,8.99,,
金寧鄉,土地,青山段1019地號,257.45,其他,,,1040624,土地1建物0車位0,,,其他,,,,0.0,0,0,0,有,無,8300000,32239,,0.0,0,,RPXNMLLMPHKFFAW77DA,0.0,0.0,0.0,,
金城鎮,房地(土地+建物),金門縣金城鎮珠浦西路６巷３弄６號五樓,21.66,住,,,1040629,土地1建物1車位0,五層,十層,華廈(10層含以下有電梯),一般事務所,鋼筋混凝土造,1040109,109.72,3,2,2,有,無,12000000,109369,,0.0,0,,RPWNMLNKPHKFFAW57CA,91.73,6.4,11.59,,
金城鎮,房地(土地+建物),金門縣金城鎮民權路２２６巷４弄１２號七樓,15.16,住,,,1040708,土地1建物1車位0,七層,七層,套房(1房1廳1衛),集合住宅,鋼筋混凝土造,1030926,66.43,1,1,1,有,無,6600000,99353,,0.0,0,,RPQNMLOKPHKFFAW07CA,43.51,0.0,6.77,,
金湖鎮,房地(土地+建物),金門縣金湖鎮環島南路五段１８９之１號二樓,65.1,其他,,,1040601,土地1建物1車位0,二層,三層,公寓(5樓含以下無電梯),集合住宅,鋼筋混凝土造,1040410,103.55000000000001,3,2,2,有,無,4800000,46354,,0.0,0,,RPROMLMLPHKFFAW17CA,89.23,0.0,2.86,,
金湖鎮,房地(土地+建物)+車位,金門縣金湖鎮環島南路五段１８９號,143.98,其他,,,1040601,土地1建物1車位2,全,三層,透天厝,住家用,鋼筋混凝土造,1040410,301.2,5,2,5,有,無,14000000,46481,坡道平面,30.82,0,,RPTOMLMLPHKFFAW37CA,179.16,0.0,17.91,,
金湖鎮,房地(土地+建物),金門縣金湖鎮環島南路五段１８７之２號,64.14,其他,,,1040601,土地1建物1車位0,一層,三層,公寓(5樓含以下無電梯),集合住宅,鋼筋混凝土造,1040410,51.019999999999996,3,2,2,有,無,4880000,95649,,0.0,0,,RPVOMLMLPHKFFAW57CA,43.12,0.0,2.1,,
金湖鎮,房地(土地+建物)+車位,金門縣金湖鎮環島南路五段１８７號,145.39,其他,,,1040601,土地1建物1車位1,全,三層,透天厝,住家用,鋼筋混凝土造,1040410,308.56,5,2,5,有,無,14000000,45372,坡道平面,15.41,0,,RPXOMLMLPHKFFAW77CA,179.16,0.0,22.62,,
金湖鎮,房地(土地+建物)+車位,金門縣金湖鎮環島南路五段１８９之１號,67.21,其他,,,1040601,土地1建物1車位1,一層,三層,公寓(5樓含以下無電梯),集合住宅,鋼筋混凝土造,1040410,140.63,3,2,2,有,無,8000000,56887,坡道平面,15.41,0,,SPXOMLMLPHKFFAW87CA,89.23,0.0,2.86,,
金湖鎮,房地(土地+建物),金門縣金湖鎮環島南路五段１８９之１號三樓,65.1,其他,,,1040601,土地1建物1車位0,三層,三層,公寓(5樓含以下無電梯),集合住宅,鋼筋混凝土造,1040410,103.55000000000001,3,2,2,有,無,6000000,57943,,0.0,0,,RPSNMLMLPHKFFAW17CA,89.23,0.0,2.86,,
金湖鎮,房地(土地+建物),金門縣金湖鎮環島南路五段１８９之２號三樓,66.07,其他,,,1040601,土地1建物1車位0,三層,三層,公寓(5樓含以下無電梯),集合住宅,鋼筋混凝土造,1040410,99.08,3,2,2,有,無,6200000,62576,,0.0,0,,RPUNMLMLPHKFFAW37CA,88.9,0.0,4.21,,
金湖鎮,房地(土地+建物),金門縣金湖鎮環島南路五段１８９之２號,66.07,其他,,,1040601,土地1建物1車位0,一層,三層,公寓(5樓含以下無電梯),集合住宅,鋼筋混凝土造,1040410,99.08,3,2,2,有,無,5500000,55511,,0.0,0,,RPWNMLMLPHKFFAW57CA,88.9,0.0,4.21,,
金湖鎮,房地(土地+建物),金門縣金湖鎮環島南路五段１８９之２號二樓,66.07,其他,,,1040601,土地1建物1車位0,二層,三層,公寓(5樓含以下無電梯),集合住宅,鋼筋混凝土造,1040410,99.08,3,2,2,有,無,5000000,50464,,0.0,0,,RPOOMLMLPHKFFAW86CA,88.9,0.0,4.21,,
金湖鎮,房地(土地+建物),金門縣金湖鎮環島南路五段１８７之２號二樓,64.14,其他,,,1040601,土地1建物1車位0,二層,三層,公寓(5樓含以下無電梯),集合住宅,鋼筋混凝土造,1040410,96.25,3,2,2,有,無,5700000,59221,,0.0,0,,RPQOMLLLPHKFFAW96CA,86.24,0.0,4.21,,
金湖鎮,房地(土地+建物),金門縣金湖鎮環島南路五段１８７之２號三樓,64.14,其他,,,1040601,土地1建物1車位0,三層,三層,公寓(5樓含以下無電梯),集合住宅,鋼筋混凝土造,1040410,96.25,3,2,2,有,無,6350000,65974,,0.0,0,,RPSOMLLLPHKFFAW17CA,86.24,0.0,4.21,,
金沙鎮,土地,斗門劃測段402地號,714.91,農,,,1040710,土地1建物0車位0,,,其他,,,,0.0,0,0,0,有,無,1500000,2098,,0.0,0,,RPPNMLSLPHKFFAW57DA,0.0,0.0,0.0,,
金寧鄉,土地,寧湖二劃測段1155地號,348.56,農,,,1040710,土地1建物0車位0,,,其他,,,,0.0,0,0,0,有,無,3000000,8607,,0.0,0,,RPTNMLPKPHKFFAW57DA,0.0,0.0,0.0,,
金湖鎮,土地,太湖劃測段911-14地號,181.29,工,,,1040710,土地3建物0車位0,,,其他,,,,0.0,0,0,0,有,無,2100000,11584,,0.0,0,,RPRNMLPKPHKFFAW37DA,0.0,0.0,0.0,,
金湖鎮,房地(土地+建物),金門縣金湖鎮太湖路三段１巷１號,319.13,住,,,1040713,土地1建物1車位0,全,三層,透天厝,集合住宅,鋼筋混凝土造,0940330,222.91,5,3,4,有,無,14800000,66395,,0.0,0,,RPUNMLPJQHKFFAW57CA,206.3,0.0,16.61,,
金寧鄉,房地(土地+建物),金門縣金寧鄉仁愛新?１７７號二樓,18.39,其他,,,1040605,土地1建物1車位0,二層,三層,套房(1房1廳1衛),集合住宅,鋼筋混凝土造,1040414,31.02,1,0,1,有,無,2100000,67698,,0.0,0,,RPTNMLLLPHKFFAW17CA,23.23,0.0,2.75,,
金寧鄉,房地(土地+建物),金門縣金寧鄉仁愛新?１７７號二樓之１,18.39,其他,,,1040605,土地1建物1車位0,二層,三層,套房(1房1廳1衛),集合住宅,鋼筋混凝土造,1040414,31.02,1,0,1,有,無,2100000,67698,,0.0,0,,RPSNMLLLPHKFFAW07CA,23.23,0.0,2.75,,
金城鎮,房地(土地+建物),金門縣金城鎮金門城30之5號,63.57,其他,,,1040622,土地1建物1車位0,一層,三層,公寓(5樓含以下無電梯),,,1000125,97.43,3,2,2,有,無,5450000,55938,,0.0,0,,RPQNMLOLPHKFFAW17CA,78.61,0.0,10.15,,
金城鎮,土地,賢厝村段140-1地號,352.0,其他,,,1040709,土地1建物0車位0,,,其他,,,,0.0,0,0,0,有,無,15000000,42614,,0.0,0,,RPQNMLOKPHKFFAW37CD,0.0,0.0,0.0,,
金湖鎮,房地(土地+建物)+車位,金門縣金湖鎮料羅新村５７８號三樓,41.37,其他,,,1040526,土地1建物1車位1,三層,三層,公寓(5樓含以下無電梯),集合住宅,鋼筋混凝土造,1040402,83.17,2,1,1,有,無,4000000,48094,坡道平面,15.17,0,,RPWNMLLLPHKFFAW47CA,57.4,0.0,6.86,,
金寧鄉,房地(土地+建物),金門縣金寧鄉仁愛新?１７７號二樓之２,40.09,其他,,,1040605,土地1建物1車位0,二層,三層,套房(1房1廳1衛),集合住宅,鋼筋混凝土造,1040414,66.93,1,1,1,有,無,4000000,59764,,0.0,0,,RPQNMLLLPHKFFAW86CA,52.97,0.0,2.98,,
金寧鄉,房地(土地+建物),金門縣金寧鄉仁愛新?１７７號二樓之３,20.91,其他,,,1040605,土地1建物1車位0,二層,三層,套房(1房1廳1衛),集合住宅,鋼筋混凝土造,1040414,34.86,1,0,1,有,無,2100000,60241,,0.0,0,,RPRNMLLLPHKFFAW96CA,26.15,0.0,2.98,,
金寧鄉,房地(土地+建物),金門縣金寧鄉仁愛新?１７７號三樓,18.39,其他,,,1040605,土地1建物1車位0,三層,三層,套房(1房1廳1衛),集合住宅,鋼筋混凝土造,1040414,31.02,1,0,1,有,無,2100000,67698,,0.0,0,,RPUNMLLLPHKFFAW27CA,23.23,0.0,2.75,,
金寧鄉,房地(土地+建物),金門縣金寧鄉仁愛新?１７７號三樓之３,20.88,其他,,,1040605,土地1建物1車位0,三層,三層,套房(1房1廳1衛),集合住宅,鋼筋混凝土造,1040414,34.85,1,0,1,有,無,2100000,60258,,0.0,0,,RPVNMLLLPHKFFAW37CA,26.15,0.0,2.98,,
金湖鎮,房地(土地+建物),金門縣金湖鎮料羅新村５７６號三樓,33.68,其他,,,1040526,土地1建物1車位0,三層,三層,公寓(5樓含以下無電梯),集合住宅,鋼筋混凝土造,1040402,83.24000000000001,2,1,1,有,無,4000000,48054,,0.0,0,,RPOOMLLLPHKFFAW76CA,57.4,0.0,6.86,,
金湖鎮,房地(土地+建物),金門縣金湖鎮料羅新村５７６號,31.25,其他,,,1040526,土地1建物1車位0,一層,三層,公寓(5樓含以下無電梯),集合住宅,鋼筋混凝土造,1040402,79.31,2,1,1,有,無,3800000,47913,,0.0,0,,RPQNMLNLPHKFFAW07CA,57.4,0.0,4.35,,
金湖鎮,土地,中五劃段40地號,1600.0,農,,,1040529,土地3建物0車位0,,,其他,,,,0.0,0,0,0,有,無,22000000,13750,,0.0,0,,RPQNMLMLPHKFFAW96CA,0.0,0.0,0.0,,
金沙鎮,房地(土地+建物),金門縣金沙鎮博愛路２１號,34.0,商,,,1040717,土地1建物1車位0,一層，三層，二層,三層,店面(店鋪),住商用,鋼筋混凝土造,0650615,99.0,3,3,3,有,無,5000000,50505,,0.0,0,,RPTNMLPJQHKFFAW47CA,0.0,0.0,0.0,,
金湖鎮,房地(土地+建物),金門縣金湖鎮料羅新村５７１號三樓,33.68,其他,,,1040623,土地1建物1車位0,三層,三層,公寓(5樓含以下無電梯),集合住宅,鋼筋混凝土造,1040402,83.24000000000001,2,1,1,有,無,4600000,55262,,0.0,0,,RPRNMLRLPHKFFAW57CA,57.4,0.0,6.86,,
金湖鎮,房地(土地+建物)+車位,金門縣金湖鎮料羅新村５７３號三樓,41.37,其他,,,1040623,土地1建物1車位1,三層,三層,公寓(5樓含以下無電梯),集合住宅,鋼筋混凝土造,1040402,83.17,2,1,1,有,無,4600000,55308,坡道平面,15.17,0,,SPRNMLRLPHKFFAW67CA,57.4,0.0,6.86,,
金湖鎮,土地,庵邊段237地號,686.0,其他,,,1040702,土地2建物0車位0,,,其他,,,,0.0,0,0,0,有,無,12348000,18000,,0.0,0,,RPPNMLOKPHKFFAW27CD,0.0,0.0,0.0,,
金湖鎮,房地(土地+建物)+車位,金門縣金湖鎮料羅新村５７８號,70.57,其他,,,1040526,土地1建物1車位1,一層，地下一層,三層,公寓(5樓含以下無電梯),集合住宅,鋼筋混凝土造,1040402,162.51,4,2,2,有,無,5200000,31998,坡道平面,15.17,0,,RPXNMLLLPHKFFAW57CA,120.21,0.0,6.86,,
金湖鎮,房地(土地+建物),金門縣金湖鎮料羅新村５７２號二樓,33.68,其他,,,1040526,土地1建物1車位0,二層,三層,公寓(5樓含以下無電梯),集合住宅,鋼筋混凝土造,1040402,83.24000000000001,2,1,1,有,無,4000000,48054,,0.0,0,,RPTNMLRLPHKFFAW77CA,57.4,0.0,6.86,,
金湖鎮,房地(土地+建物),金門縣金湖鎮料羅新村５７５號二樓,33.68,其他,,,1040526,土地1建物1車位0,二層,三層,公寓(5樓含以下無電梯),集合住宅,鋼筋混凝土造,1040402,83.24000000000001,2,1,1,有,無,4000000,48054,,0.0,0,,SPTNMLRLPHKFFAW87CA,57.4,0.0,6.86,,
金湖鎮,房地(土地+建物),金門縣金湖鎮料羅新村５７５號三樓,33.68,其他,,,1040526,土地1建物1車位0,三層,三層,公寓(5樓含以下無電梯),集合住宅,鋼筋混凝土造,1040402,83.24000000000001,2,1,1,有,無,4000000,48054,,0.0,0,,RPQNMLRLPHKFFAW47CA,57.4,0.0,6.86,,
金湖鎮,房地(土地+建物)+車位,金門縣金湖鎮料羅新村５７７號三樓,41.37,其他,,,1040526,土地1建物1車位1,三層,三層,公寓(5樓含以下無電梯),集合住宅,鋼筋混凝土造,1040402,83.17,2,1,1,有,無,4000000,48094,坡道平面,15.17,0,,SPQNMLRLPHKFFAW57CA,57.4,0.0,6.86,,
金湖鎮,房地(土地+建物),金門縣金湖鎮料羅新村５７７號二樓,33.68,其他,,,1040526,土地1建物1車位0,二層,三層,公寓(5樓含以下無電梯),集合住宅,鋼筋混凝土造,1040402,83.24000000000001,2,1,1,有,無,4000000,48054,,0.0,0,,RPSNMLNLPHKFFAW27CA,57.4,0.0,6.86,,
金湖鎮,土地,中五劃段445地號,1000.0,農,,,1040627,土地1建物0車位0,,,其他,,,,0.0,0,0,0,有,無,11000000,11000,,0.0,0,,RPPNMLOJQHKFFAW96CA,0.0,0.0,0.0,,
金湖鎮,房地(土地+建物),金門縣金湖鎮料羅新村88號,141.57,其他,,,1040703,土地1建物1車位0,全,二層,透天厝,住家用,鋼筋混凝土造,0870520,191.14,4,2,3,有,無,5000000,26159,,0.0,0,,RPPNMLNLPHKFFAW07DA,175.48,5.51,10.15,,
金寧鄉,房地(土地+建物),金門縣金寧鄉仁愛新?１７７號三樓之１,18.39,其他,,,1040707,土地1建物1車位0,三層,三層,套房(1房1廳1衛),集合住宅,鋼筋混凝土造,1040414,31.02,1,0,1,有,無,2100000,67698,,0.0,0,,RPTNMLNLPHKFFAW37CA,23.23,0.0,2.75,,
金沙鎮,土地,洋山測段430地號,444.8,農,,,1040608,土地1建物0車位0,,,其他,,,,0.0,0,0,0,有,無,1000000,2248,,0.0,0,,RPPNMLOLPHKFFAW07CA,0.0,0.0,0.0,,
金湖鎮,房地(土地+建物),金門縣金湖鎮市港一路２６６號,22.43,其他,,,1040622,土地1建物1車位0,一層,三層,套房(1房1廳1衛),集合住宅,鋼筋混凝土造,1040429,53.02,1,1,1,有,無,4750000,89589,,0.0,0,,RPQNMLOJQHKFFAW07CA,33.35,1.64,5.21,,
金湖鎮,房地(土地+建物),金門縣金湖鎮市港一路２６６號二樓,22.43,其他,,,1040622,土地1建物1車位0,二層,三層,套房(1房1廳1衛),集合住宅,鋼筋混凝土造,1040429,53.02,1,1,1,有,無,3262000,61524,,0.0,0,,RPVNMLOJQHKFFAW57CA,33.35,1.64,5.21,,
金沙鎮,土地,西園段935地號,77.0,住,,,1040708,土地1建物0車位0,,,其他,,,,0.0,0,0,0,有,無,1000000,12987,,0.0,0,,RPUOMLPJQHKFFAW67CA,0.0,0.0,0.0,,
金城鎮,土地,吳厝村段129地號,99.33,住,,,1040721,土地2建物0車位0,,,其他,,,,0.0,0,0,0,有,無,800000,8054,,0.0,0,,RPPNMLRLPHKFFAW47DA,0.0,0.0,0.0,,
金湖鎮,房地(土地+建物)+車位,金門縣金湖鎮市港一路２６６號三樓,23.76,其他,,,1040622,土地1建物1車位1,三層,三層,套房(1房1廳1衛),集合住宅,鋼筋混凝土造,1040429,92.80000000000001,1,1,1,有,無,4150000,70728,坡道平面,39.78,400000,,RPUNMLPJIIKFFAW86CA,33.35,1.64,5.21,,
金城鎮,土地,洪門港段18-9地號,100.0,住,,,1040715,土地3建物0車位0,,,其他,,,,0.0,0,0,0,有,無,2700000,27000,,0.0,0,,RPPNMLQKPHKFFAW47CD,0.0,0.0,0.0,,
金湖鎮,土地,庵邊段116地號,368.0,其他,,,1040716,土地1建物0車位0,,,其他,,,,0.0,0,0,0,有,無,6624000,18000,,0.0,0,,RPQNMLLLPHKFFAW17CD,0.0,0.0,0.0,,
金湖鎮,房地(土地+建物),金門縣金湖鎮市港一路２６５號二樓,21.22,其他,,,1040622,土地1建物1車位0,二層,三層,套房(1房1廳1衛),集合住宅,鋼筋混凝土造,1040429,50.18,1,1,1,有,無,3084000,61459,,0.0,0,,RPWNMLOJQHKFFAW67CA,34.51,3.53,0.0,,
金湖鎮,房地(土地+建物),金門縣金湖鎮市港一路２６５號,21.22,其他,,,1040622,土地1建物1車位0,一層,三層,套房(1房1廳1衛),集合住宅,鋼筋混凝土造,1040429,50.18,1,1,1,有,無,3855000,76823,,0.0,0,,RPTNMLOJQHKFFAW37CA,34.51,3.53,0.0,,
金湖鎮,房地(土地+建物),金門縣金湖鎮市港一路２６３號,22.89,其他,,,1040622,土地1建物1車位0,一層,三層,套房(1房1廳1衛),集合住宅,鋼筋混凝土造,1040429,54.11,1,1,1,有,無,4185000,77342,,0.0,0,,RPUNMLOJQHKFFAW47CA,36.43,4.6,0.0,,
金湖鎮,房地(土地+建物),金門縣金湖鎮市港一路２６５號三樓,21.22,其他,,,1040622,土地1建物1車位0,三層,三層,套房(1房1廳1衛),集合住宅,鋼筋混凝土造,1040429,50.18,1,1,1,有,無,3546000,70666,,0.0,0,,RPXNMLOJQHKFFAW77CA,34.51,3.53,0.0,,
金湖鎮,土地,塔后段1203地號,72.67,其他,,,1040706,土地1建物0車位0,,,其他,,,,0.0,0,0,0,有,無,2180000,29999,,0.0,0,,RPSNMLSLPHKFFAW77CA,0.0,0.0,0.0,,
金湖鎮,房地(土地+建物),金門縣金湖鎮市港一路２６３號二樓,22.89,其他,,,1040622,土地1建物1車位0,二層,三層,套房(1房1廳1衛),集合住宅,鋼筋混凝土造,1040429,54.11,1,1,1,有,無,3348000,61874,,0.0,0,,RPUNMLQJIIKFFAW96CA,36.43,4.6,0.0,,
金湖鎮,房地(土地+建物)+車位,金門縣金湖鎮市港一路２６３號三樓,24.23,其他,,,1040622,土地1建物1車位1,三層,三層,套房(1房1廳1衛),集合住宅,鋼筋混凝土造,1040429,93.9,1,1,1,有,無,4250000,71138,坡道平面,39.78,400000,,SPUNMLQJIIKFFAW07CA,36.43,4.6,0.0,,
金城鎮,土地,后豐港段62地號,670.5,農,,,1040728,土地1建物0車位0,,,其他,,,,0.0,0,0,0,有,無,6700000,9993,,0.0,0,,RPQNMLSLPHKFFAW67DA,0.0,0.0,0.0,,
金沙鎮,土地,沙溪一劃段112地號,957.11,農,,,1040724,土地1建物0車位0,,,其他,,,,0.0,0,0,0,有,無,1850000,1933,,0.0,0,,RPSNMLLMPHKFFAW27DA,0.0,0.0,0.0,,
金寧鄉,土地,寧湖二劃測段1129地號,804.09,農,,,1040528,土地3建物0車位0,,,其他,,,,0.0,0,0,0,有,無,3000000,3731,,0.0,0,,RPROMLPJQHKFFAW37CA,0.0,0.0,0.0,,
金湖鎮,房地(土地+建物),金門縣金湖鎮市港一路２５８號二樓,32.52,其他,,,1040622,土地1建物1車位0,二層,三層,套房(1房1廳1衛),集合住宅,鋼筋混凝土造,1040429,76.91,1,1,1,有,無,4625000,60135,,0.0,0,,RPOOMLOJQHKFFAW96CA,51.87,0.76,5.68,,
金湖鎮,房地(土地+建物),金門縣金湖鎮市港一路２５９號二樓,32.52,其他,,,1040622,土地1建物1車位0,二層,三層,套房(1房1廳1衛),集合住宅,鋼筋混凝土造,1040429,76.91,1,1,1,有,無,4616000,60018,,0.0,0,,SPOOMLOJQHKFFAW07CA,51.87,0.76,5.68,,
金湖鎮,房地(土地+建物),金門縣金湖鎮市港一路２６２號二樓,25.47,其他,,,1040622,土地1建物1車位0,二層,三層,套房(1房1廳1衛),集合住宅,鋼筋混凝土造,1040429,57.07000000000001,1,1,1,有,無,3410000,59751,,0.0,0,,TPOOMLOJQHKFFAW17CA,36.99,3.02,3.26,,
金城鎮,土地,城西段676地號,105.15,其他,,,1040719,土地5建物0車位0,,,其他,,,,0.0,0,0,0,有,無,1200000,11412,,0.0,0,親友、員工或其他特殊關係間之交易。登記名義人共2人,RPVNMLTLPHKFFAW18CA,0.0,0.0,0.0,,
金湖鎮,房地(土地+建物),金門縣金湖鎮市港一路２６０號,42.2,其他,,,1040622,土地1建物1車位0,一層，地下一層,三層,公寓(5樓含以下無電梯),集合住宅,鋼筋混凝土造,1040429,99.77,2,1,1,有,無,8711000,87311,,0.0,0,,RPWNMLPJQHKFFAW77CA,69.26,0.7,5.68,,
金湖鎮,房地(土地+建物),金門縣金湖鎮市港一路２６２號三樓,24.13,其他,,,1040622,土地1建物1車位0,三層,三層,套房(1房1廳1衛),集合住宅,鋼筋混凝土造,1040429,57.07000000000001,1,1,1,有,無,4022000,70475,,0.0,0,,RPXNMLPJQHKFFAW87CA,36.99,3.02,3.26,,
金湖鎮,房地(土地+建物),金門縣金湖鎮市港一路２６１號二樓,38.83,其他,,,1040622,土地1建物1車位0,二層,三層,套房(1房1廳1衛),集合住宅,鋼筋混凝土造,1040429,91.83000000000001,1,1,1,有,無,5900000,64249,,0.0,0,,RPOOMLPJQHKFFAW07CA,52.59,11.35,5.68,,
金湖鎮,房地(土地+建物),金門縣金湖鎮市港一路２６１號三樓,38.83,其他,,,1040622,土地1建物1車位0,三層,三層,套房(1房1廳1衛),集合住宅,鋼筋混凝土造,1040429,91.83000000000001,1,1,1,有,無,6750000,73505,,0.0,0,,RPPOMLPJQHKFFAW17CA,52.59,11.35,5.68,,
金湖鎮,房地(土地+建物),金門縣金湖鎮市港一路２６０號二樓,27.0,其他,,,1040622,土地1建物1車位0,二層,三層,套房(1房1廳1衛),集合住宅,鋼筋混凝土造,1040429,63.849999999999994,1,1,1,有,無,3840000,60141,,0.0,0,,RPQOMLPJQHKFFAW27CA,42.03,0.7,5.68,,
金湖鎮,房地(土地+建物)+車位,金門縣金湖鎮市港一路２６１號,56.06,其他,,,1040622,土地1建物1車位1,一層，地下一層,三層,公寓(5樓含以下無電梯),集合住宅,鋼筋混凝土造,1040429,169.19,2,1,1,有,無,10580000,78665,坡道平面,39.78,400000,,RPOOMLRJIIKFFAW56CA,81.08,11.35,5.68,,
金湖鎮,房地(土地+建物)+車位,金門縣金湖鎮市港一路２６０號三樓,27.0,其他,,,1040622,土地1建物1車位1,三層,三層,套房(1房1廳1衛),集合住宅,鋼筋混凝土造,1040429,103.63,1,1,1,有,無,4878000,70916,坡道平面,39.78,350000,,RPQNMLSJIIKFFAW76CA,42.03,0.7,5.68,,
金寧鄉,土地,湖尾村段86地號,140.0,其他,,,1040624,土地1建物0車位0,,,其他,,,,0.0,0,0,0,有,無,1000000,7143,,0.0,0,,RPPNMLLLPHKFFAW07CD,0.0,0.0,0.0,,
金寧鄉,房地(土地+建物),金門縣金寧鄉安岐270之2號,48.18,住,,,1040723,土地1建物1車位0,一層,三層,公寓(5樓含以下無電梯),集合住宅,鋼筋混凝土造,1040428,85.09,3,2,2,有,無,3990000,46892,,0.0,0,,RPTOMLQJQHKFFAW77DA,77.03,0.0,2.76,,
金寧鄉,房地(土地+建物),金門縣金寧鄉安岐270之1號,46.26,住,,,1040723,土地1建物1車位0,一層,三層,公寓(5樓含以下無電梯),集合住宅,鋼筋混凝土造,1040428,81.46000000000001,3,2,2,有,無,3900000,47876,,0.0,0,,SPTOMLQJQHKFFAW87DA,69.68,0.0,6.69,,
金寧鄉,房地(土地+建物),金門縣金寧鄉安岐270之2號3樓,48.15,住,,,1040723,土地1建物1車位0,三層,三層,公寓(5樓含以下無電梯),集合住宅,鋼筋混凝土造,1040428,85.08000000000001,3,2,2,有,無,3950000,46427,,0.0,0,,TPTOMLQJQHKFFAW97DA,77.03,0.0,2.76,,
金寧鄉,房地(土地+建物),金門縣金寧鄉安岐270之3號3樓,51.36,住,,,1040723,土地1建物1車位0,三層,三層,公寓(5樓含以下無電梯),集合住宅,鋼筋混凝土造,1040428,87.83000000000001,3,2,2,有,無,4070000,46340,,0.0,0,,UPTOMLQJQHKFFAW08DA,0.0,0.0,0.0,,
金城鎮,房地(土地+建物),金門縣金城鎮金門城5之10號2樓,31.92,其他,,,1040721,土地1建物1車位0,二層,三層,公寓(5樓含以下無電梯),,,1040216,64.73,2,1,2,有,無,3900000,60250,,0.0,0,,RPQNMLRJQHKFFAW47DA,50.82,0.0,9.56,,
金湖鎮,房地(土地+建物),金門縣金湖鎮市港一路255號,26.28,其他,,,1040622,土地1建物1車位0,一層,三層,套房(1房1廳1衛),集合住宅,鋼筋混凝土造,1040429,62.14,1,1,1,有,無,4765000,76682,,0.0,0,,RPSNMLRJIIKFFAW96DA,36.66,6.93,3.52,,
金湖鎮,房地(土地+建物)+車位,金門縣金湖鎮市港一路259號,50.43,其他,,,1040622,土地1建物1車位2,一層，地下一層,三層,公寓(5樓含以下無電梯),集合住宅,鋼筋混凝土造,1040429,195.64,2,1,1,有,無,6402000,48260,坡道平面,79.56,800000,,SPSNMLRJIIKFFAW07DA,81.57,0.76,5.68,,
金湖鎮,房地(土地+建物)+車位,金門縣金湖鎮市港一路２５８號,49.93,其他,,,1040622,土地1建物1車位2,一層，地下一層,三層,公寓(5樓含以下無電梯),集合住宅,鋼筋混凝土造,1040429,194.48,2,1,1,有,無,6384000,48590,坡道平面,79.56,800000,,RPWNMLRJIIKFFAW27CA,80.69,0.76,5.68,,
金湖鎮,房地(土地+建物)+車位,金門縣金湖鎮市港一路259號,50.43,其他,,,1040622,土地1建物1車位2,一層，地下一層,三層,公寓(5樓含以下無電梯),集合住宅,鋼筋混凝土造,1040429,195.64,2,1,1,有,無,6402000,48260,坡道平面,79.56,800000,,SPWNMLRJIIKFFAW37CA,81.57,0.76,5.68,,
金寧鄉,土地,西堡劃測段169地號,3115.03,農,,,1040722,土地5建物0車位0,,,其他,,,,0.0,0,0,0,有,無,7650000,2456,,0.0,0,,RPPNMLSJQHKFFAW37CA,0.0,0.0,0.0,,
金寧鄉,房地(土地+建物),金門縣金寧鄉西浦頭７９之３號,100.75,其他,,,1040615,土地1建物1車位0,全,三層,透天厝,集合住宅,鋼筋混凝土造,1040430,186.21,5,3,5,有,無,7200000,38666,,0.0,0,,RPQNMLNJQHKFFAW96CA,178.44,0.0,7.77,,
金寧鄉,房地(土地+建物),金門縣金寧鄉西浦頭７９之１１號三樓,51.9,其他,,,1040615,土地1建物1車位0,三層,三層,公寓(5樓含以下無電梯),集合住宅,鋼筋混凝土造,1040430,78.14,3,2,2,有,無,3250000,41592,,0.0,0,,RPSNMLNJQHKFFAW17CA,63.41,2.85,5.86,,
金寧鄉,房地(土地+建物),金門縣金寧鄉西浦頭７９之６號,106.72,其他,,,1040615,土地1建物1車位0,全,三層,透天厝,集合住宅,鋼筋混凝土造,1040430,186.21,5,3,5,有,無,8000000,42962,,0.0,0,,RPUNMLNJQHKFFAW37CA,178.44,0.0,7.77,,
金寧鄉,房地(土地+建物),金門縣金寧鄉西浦頭７９之９號三樓,51.9,其他,,,1040615,土地1建物1車位0,三層,三層,公寓(5樓含以下無電梯),集合住宅,鋼筋混凝土造,1040430,79.58999999999999,3,2,2,有,無,3900000,49007,,0.0,0,,SPUNMLNJQHKFFAW47CA,64.89,2.84,5.84,,
金寧鄉,房地(土地+建物),金門縣金寧鄉西浦頭７９之５號,103.73,其他,,,1040615,土地1建物1車位0,全,三層,透天厝,集合住宅,鋼筋混凝土造,1040430,186.21,5,3,5,有,無,8000000,42962,,0.0,0,,RPWNMLNJQHKFFAW57CA,178.44,0.0,7.77,,
金寧鄉,房地(土地+建物),金門縣金寧鄉西浦頭７９之１０號,51.9,其他,,,1040615,土地1建物1車位0,一層,三層,公寓(5樓含以下無電梯),集合住宅,鋼筋混凝土造,1040430,78.7,3,2,2,有,無,3700000,47014,,0.0,0,,RPOOMLNJQHKFFAW86CA,67.13,0.0,5.55,,
金寧鄉,房地(土地+建物),金門縣金寧鄉埔後４之６號,111.43,其他,,,1040623,土地3建物1車位0,全,三層,透天厝,住家用,鋼筋混凝土造,0951229,200.94,5,3,5,有,無,9600000,47775,,0.0,0,,RPSNMLPJQHKFFAW37CA,182.58,0.0,18.36,,
金湖鎮,房地(土地+建物),金門縣金湖鎮市港一路２５５號二樓,26.28,其他,,,1040622,土地1建物1車位0,二層,三層,套房(1房1廳1衛),集合住宅,鋼筋混凝土造,1040429,62.14,1,1,1,有,無,3812000,61345,,0.0,0,,RPWOMLPJQHKFFAW87CA,36.66,6.93,3.52,,
金湖鎮,房地(土地+建物),金門縣金湖鎮市港一路２５５號三樓,26.28,其他,,,1040622,土地1建物1車位0,三層,三層,套房(1房1廳1衛),集合住宅,鋼筋混凝土造,1040429,62.14,1,1,1,有,無,4900000,78854,,0.0,0,,RPXOMLPJQHKFFAW97CA,36.66,6.93,3.52,,
金湖鎮,房地(土地+建物),金門縣金湖鎮市港一路２５６號,23.0,其他,,,1040622,土地1建物1車位0,一層,三層,套房(1房1廳1衛),集合住宅,鋼筋混凝土造,1040429,54.379999999999995,1,1,1,有,無,3162000,58146,,0.0,0,,RPOPMLPJQHKFFAW17CA,36.0,1.82,3.41,,
金湖鎮,房地(土地+建物),金門縣金湖鎮市港一路２５６號二樓,23.0,其他,,,1040622,土地1建物1車位0,二層,三層,套房(1房1廳1衛),集合住宅,鋼筋混凝土造,1040429,54.379999999999995,1,1,1,有,無,2000000,36778,,0.0,0,,RPPPMLPJQHKFFAW27CA,36.0,1.82,3.41,,
金湖鎮,房地(土地+建物),金門縣金湖鎮市港一路２５６號三樓,23.0,其他,,,1040622,土地1建物1車位0,三層,三層,套房(1房1廳1衛),集合住宅,鋼筋混凝土造,1040429,54.379999999999995,1,1,1,有,無,3827000,70375,,0.0,0,,RPQPMLPJQHKFFAW37CA,36.0,1.82,3.41,,
金湖鎮,房地(土地+建物),金門縣金湖鎮市港一路２５７號,22.83,其他,,,1040622,土地1建物1車位0,一層,三層,套房(1房1廳1衛),集合住宅,鋼筋混凝土造,1040429,53.97,1,1,1,有,無,3177000,58866,,0.0,0,,RPTPMLPJQHKFFAW67CA,36.0,1.4,3.52,,
金湖鎮,房地(土地+建物),金門縣金湖鎮市港一路２５７號二樓,22.83,其他,,,1040622,土地1建物1車位0,二層,三層,套房(1房1廳1衛),集合住宅,鋼筋混凝土造,1040429,53.97,1,1,1,有,無,3177000,58866,,0.0,0,,RPQNMLQJQHKFFAW27CA,36.0,1.4,3.52,,
金湖鎮,房地(土地+建物),金門縣金湖鎮市港一路２５７號三樓,22.83,其他,,,1040622,土地1建物1車位0,三層,三層,套房(1房1廳1衛),集合住宅,鋼筋混凝土造,1040429,53.97,1,1,1,有,無,3845000,71243,,0.0,0,,RPRNMLQJQHKFFAW37CA,36.0,1.4,3.52,,
金湖鎮,房地(土地+建物),金門縣金湖鎮市港一路２５３號,42.34,其他,,,1040622,土地1建物1車位0,一層，地下一層,三層,公寓(5樓含以下無電梯),集合住宅,鋼筋混凝土造,1040429,100.06,2,1,1,有,無,6868000,68639,,0.0,0,,RPSOMLQJQHKFFAW57CA,61.56,8.96,5.34,,
烈嶼鄉,土地,西方劃測段756地號,287.6,其他,,,1040625,土地2建物0車位0,,,其他,,,,0.0,0,0,0,有,無,2430000,8449,,0.0,0,,RPTOMLPJQHKFFAW57CA,0.0,0.0,0.0,,
