﻿編號,土地位置,土地移轉面積(平方公尺),使用分區或編定,權利人持分分母,權利人持分分子,移轉情形,地號
The serial number, land position,land shifting area square meter,the use zoning or compiles and checks,,,,land parcel
RPUNMLOKNHKFFAX37CA,埕東段,66.25,非都市： ; 非都市編定：,1,1,全筆移轉,03360000
RPVNMLPJNHKFFAX57DA,光華段,53.04,非都市：鄉村區 ; 非都市編定：乙種建築用地,1,1,全筆移轉,08890000
RPSNMLQJNHKFFAX27CA,北極段,65.76,非都市： ; 非都市編定：,1,1,全筆移轉,08220000
RPSNMLSJNHKFFAX47CA,鐵線段,34.11,非都市：一般農業區 ; 非都市編定：水利用地,1,1,全筆移轉,07500001
RPRNMLMKNHKFFAX96DA,雙湖段,58.38,非都市：森林區 ; 非都市編定：丙種建築用地,2,1,持分移轉,00290000
RPRNMLMKNHKFFAX96DA,雙湖段,18.50,非都市：森林區 ; 非都市編定：丙種建築用地,2,1,持分移轉,00300000
RPRNMLMKNHKFFAX96DA,雙湖段,199.48,非都市：森林區 ; 非都市編定：丙種建築用地,2,1,持分移轉,00310000
RPRNMLMKNHKFFAX96DA,雙湖段,14.72,非都市：森林區 ; 非都市編定：丙種建築用地,2,1,持分移轉,00320000
RPRNMLMKNHKFFAX96DA,雙湖段,680.02,非都市：森林區 ; 非都市編定：丙種建築用地,2,1,持分移轉,00330000
RPRNMLMKNHKFFAX96DA,雙湖段,6.64,非都市：森林區 ; 非都市編定：丙種建築用地,2,1,持分移轉,00340000
RPRNMLMKNHKFFAX96DA,雙湖段,67.40,非都市：森林區 ; 非都市編定：丙種建築用地,2,1,持分移轉,00350000
RPPNMLSKNHKFFAX37DA,後寮段,463.00,非都市：一般農業區 ; 非都市編定：農牧用地,1,1,全筆移轉,23880000
RPPNMLRJNHKFFAX07CA,橫礁段,708.00,非都市：風景區 ; 非都市編定：農牧用地,1,1,全筆移轉,06220000
RPPNMLOKNHKFFAX96DA,四維段,84.38,非都市：鄉村區 ; 非都市編定：乙種建築用地,1,1,全筆移轉,01570000
RPQNMLRJNHKFFAX17CA,五德西段,985.24,非都市：一般農業區 ; 非都市編定：農牧用地,1,1,全筆移轉,00980001
RPQNMLRJNHKFFAX17CA,五德西段,632.81,非都市：一般農業區 ; 非都市編定：農牧用地,1,1,全筆移轉,00980000
RPQNMLRJNHKFFAX17CA,五德西段,678.70,非都市：一般農業區 ; 非都市編定：農牧用地,1,1,全筆移轉,00980002
RPQNMLRJNHKFFAX17CA,五德西段,835.86,非都市：一般農業區 ; 非都市編定：農牧用地,1,1,全筆移轉,00980003
RPQNMLRJNHKFFAX17CA,五德西段,811.40,非都市：一般農業區 ; 非都市編定：農牧用地,1,1,全筆移轉,00980004
RPPNMLSJNHKFFAX17CA,竹篙灣段,247.00,非都市：鄉村區 ; 非都市編定：乙種建築用地,1,1,全筆移轉,19070001
RPRNMLNKNHKFFAX07DA,馬公段,32.00,非都市： ; 非都市編定：,1,1,全筆移轉,16210135
RPUNMLPLNHKFFAX67DA,後寮段,116.00,非都市：鄉村區 ; 非都市編定：乙種建築用地,1,1,全筆移轉,24850000
RPTNMLOKNHKFFAX27CA,東澳段,59.06,非都市： ; 非都市編定：,4,1,持分移轉,05040000
RPQNMLMKNHKFFAX76CA,興崁段,381.25,非都市：一般農業區 ; 非都市編定：農牧用地,1,1,全筆移轉,10990000
RPWNMLMLNHKFFAX47CA,光榮段,14.58,非都市： ; 非都市編定：,10000,124,持分移轉,04960000
RPXNMLOKNHKFFAX67CA,鐵線段,190.59,非都市：一般農業區 ; 非都市編定：農牧用地,36,3,持分移轉,05950000
RPRNMLLLNHKFFAX86CA,沙港北段,1191.14,非都市：一般農業區 ; 非都市編定：農牧用地,1,1,全筆移轉,12360000
RPSOMLOKNHKFFAX27CA,西溪新段,423.15,非都市：一般農業區 ; 非都市編定：農牧用地,1,1,全筆移轉,17810000
RPWNMLOKNHKFFAX57CA,光華段,63.68,非都市：一般農業區 ; 非都市編定：甲種建築用地,1,1,全筆移轉,06730000
RPTNMLTLNHKFFAX87CA,海堤段,128.53,非都市： ; 非都市編定：,1,1,全筆移轉,09120000
RPOOMLOKNHKFFAX86CA,雙湖段,3288.19,非都市：一般農業區 ; 非都市編定：農牧用地,1,1,全筆移轉,11090000
RPPOMLOKNHKFFAX96CA,通梁南段,300.40,非都市： ; 非都市編定：,1,1,全筆移轉,10250001
RPSNMLPKNHKFFAX37DA,尖山南段,483.16,非都市：一般農業區 ; 非都市編定：農牧用地,1,1,全筆移轉,04660000
RPVNMLMLNHKFFAX47DA,春暉段,82.28,非都市： ; 非都市編定：,1,1,全筆移轉,07310000
RPTNMLSKNHKFFAX77DA,通梁東段,854.03,非都市：一般農業區 ; 非都市編定：農牧用地,1,1,全筆移轉,05480000
RPPNMLLLNHKFFAX76DA,上瓦硐段,375.17,非都市：一般農業區 ; 非都市編定：農牧用地,4,1,持分移轉,00240000
RPPNMLLLNHKFFAX76DA,上瓦硐段,114.83,非都市：一般農業區 ; 非都市編定：農牧用地,4,1,持分移轉,00550000
RPPNMLLLNHKFFAX76DA,上瓦硐段,204.66,非都市：一般農業區 ; 非都市編定：農牧用地,4,1,持分移轉,01340000
RPPNMLLLNHKFFAX76DA,上瓦硐段,258.12,非都市：一般農業區 ; 非都市編定：農牧用地,4,1,持分移轉,03260000
RPPNMLLLNHKFFAX76DA,上瓦硐段,88.42,非都市：一般農業區 ; 非都市編定：農牧用地,4,1,持分移轉,03570000
RPRNMLMLNHKFFAX96CA,五福段,239.18,非都市：一般農業區 ; 非都市編定：農牧用地,2,1,持分移轉,05230000
RPRNMLMLNHKFFAX96CA,五福段,239.18,非都市：一般農業區 ; 非都市編定：農牧用地,2,1,持分移轉,05230000
RPQNMLMLNHKFFAX86CA,鐵線段,243.44,非都市：一般農業區 ; 非都市編定：農牧用地,1000,171,持分移轉,06620000
RPQNMLMLNHKFFAX86CA,鐵線段,239.17,非都市：一般農業區 ; 非都市編定：農牧用地,1000,168,持分移轉,06620000
RPQNMLMLNHKFFAX86CA,鐵線段,232.05,非都市：一般農業區 ; 非都市編定：農牧用地,1000,163,持分移轉,06620000
RPQNMLMLNHKFFAX86CA,鐵線段,232.05,非都市：一般農業區 ; 非都市編定：農牧用地,1000,163,持分移轉,06620000
RPQNMLMLNHKFFAX86CA,鐵線段,233.47,非都市：一般農業區 ; 非都市編定：農牧用地,1000,164,持分移轉,06620000
RPROMLOKNHKFFAX17CA,湖東新段,213.18,非都市：一般農業區 ; 非都市編定：農牧用地,1,1,全筆移轉,04780000
RPQOMLOKNHKFFAX07CA,尖山南段,2279.22,非都市：一般農業區 ; 非都市編定：農牧用地,1,1,全筆移轉,10960000
RPRNMLPKNHKFFAX17CA,湖西南段,654.36,非都市：一般農業區 ; 非都市編定：農牧用地,1,1,全筆移轉,17680000
RPSNMLLLNHKFFAX96CA,案山段,239.92,非都市： ; 非都市編定：,4,1,持分移轉,01130000
RPVNMLLLNHKFFAX27CA,大嶼段,580.50,非都市：一般農業區 ; 非都市編定：農牧用地,2,1,持分移轉,40930000
RPPNMLTKNHKFFAX37CA,五福段,797.18,非都市：一般農業區 ; 非都市編定：農牧用地,1,1,全筆移轉,02670000
RPQNMLTKNHKFFAX47CA,五福段,265.00,非都市：一般農業區 ; 非都市編定：農牧用地,1,1,全筆移轉,02690001
RPUNMLLLNHKFFAX17CA,大嶼段,15.00,非都市：一般農業區 ; 非都市編定：甲種建築用地,1,1,全筆移轉,41340000
RPUNMLLLNHKFFAX17CA,大嶼段,12.00,非都市：一般農業區 ; 非都市編定：農牧用地,1,1,全筆移轉,41340001
RPUNMLLLNHKFFAX17CA,大嶼段,109.00,非都市：一般農業區 ; 非都市編定：農牧用地,1,1,全筆移轉,41340004
RPUNMLLLNHKFFAX17CA,大嶼段,675.50,非都市：一般農業區 ; 非都市編定：農牧用地,2,1,持分移轉,41350000
RPUNMLLLNHKFFAX17CA,大嶼段,100.00,非都市：一般農業區 ; 非都市編定：農牧用地,3,1,持分移轉,41360000
RPRNMLSJNHKFFAX47DA,小池角段,536.00,非都市：一般農業區 ; 非都市編定：農牧用地,1,1,全筆移轉,08790000
RPRNMLSJNHKFFAX47DA,小池角段,110.00,非都市：一般農業區 ; 非都市編定：農牧用地,2,1,持分移轉,08820000
RPRNMLSKNHKFFAX57DA,小池角段,121.00,非都市：一般農業區 ; 非都市編定：甲種建築用地,1,1,全筆移轉,27120000
RPTNMLPKNHKFFAX47DA,林投北段,2046.45,非都市：一般農業區 ; 非都市編定：農牧用地,1,1,全筆移轉,05590000
RPRNMLTKNHKFFAX57CA,案山段,217.61,非都市： ; 非都市編定：,1,1,全筆移轉,00500000
RPRNMLTKNHKFFAX57CA,案山段,341.67,非都市： ; 非都市編定：,1,1,全筆移轉,00520000
RPSNMLTKNHKFFAX67CA,文石段,22.22,非都市： ; 非都市編定：,21,1,持分移轉,14230000
RPXNMLMLNHKFFAX57CA,文石段,22.22,非都市： ; 非都市編定：,21,1,持分移轉,14230000
RPSNMLSKNHKFFAX57CA,國宅段,330.54,非都市：一般農業區 ; 非都市編定：農牧用地,1,1,全筆移轉,00390000
RPRNMLKLNHKFFAX76CA,井垵西段,595.39,非都市：一般農業區 ; 非都市編定：農牧用地,1,1,全筆移轉,04380000
RPTNMLTKNHKFFAX77CA,後寮段,461.00,非都市：一般農業區 ; 非都市編定：農牧用地,1,1,全筆移轉,11700000
RPQNMLTLNHKFFAX67DA,湖西南段,513.75,非都市：一般農業區 ; 非都市編定：農牧用地,2,1,持分移轉,20820000
RPQNMLKLNHKFFAX76DA,馬公段,36.25,非都市： ; 非都市編定：,10000,36,持分移轉,02010000
RPPNMLRLNHKFFAX37DA,講美段,29.40,非都市： ; 非都市編定：,1,1,全筆移轉,06130001
RPVNMLOKNHKFFAX47CA,山水北段,23.36,非都市：一般農業區 ; 非都市編定：交通用地,1,1,全筆移轉,05070000
RPVNMLOKNHKFFAX47CA,山水北段,1802.11,非都市：一般農業區 ; 非都市編定：農牧用地,1,1,全筆移轉,05080000
RPQNMLRLNHKFFAX47DA,講美段,1.64,非都市： ; 非都市編定：,1,1,全筆移轉,06220001
RPPNMLKLNHKFFAX56CA,吉貝東段,747.34,非都市：一般農業區 ; 非都市編定：農牧用地,1,1,全筆移轉,07960000
RPSNMLMLNHKFFAX07CA,鎖港南段,620.52,非都市：一般農業區 ; 非都市編定：農牧用地,2,1,持分移轉,03470000
RPSNMLMLNHKFFAX07CA,鎖港南段,620.52,非都市：一般農業區 ; 非都市編定：農牧用地,2,1,持分移轉,03470000
RPTNMLMLNHKFFAX17CA,龍門北段,533.31,非都市：一般農業區 ; 非都市編定：農牧用地,3,1,持分移轉,01220000
RPTNMLMLNHKFFAX17CA,龍門北段,533.31,非都市：一般農業區 ; 非都市編定：農牧用地,3,1,持分移轉,01220000
RPTNMLMLNHKFFAX17CA,龍門北段,533.31,非都市：一般農業區 ; 非都市編定：農牧用地,3,1,持分移轉,01220000
RPWNMLLLNHKFFAX47DA,林投北段,2226.30,非都市：一般農業區 ; 非都市編定：農牧用地,1,1,全筆移轉,09760000
RPUNMLMLNHKFFAX37DA,鐵線段,533.64,非都市：一般農業區 ; 非都市編定：農牧用地,1,1,全筆移轉,12160001
RPUNMLMLNHKFFAX37DA,鐵線段,533.64,非都市：一般農業區 ; 非都市編定：農牧用地,1,1,全筆移轉,12160002
RPQNMLPLNHKFFAX27DA,赤崁南段,13.84,非都市：一般農業區 ; 非都市編定：交通用地,1,1,全筆移轉,03260000
RPQNMLPLNHKFFAX27DA,赤崁南段,549.53,非都市：一般農業區 ; 非都市編定：農牧用地,1,1,全筆移轉,03270000
RPQNMLLKOHKFFAX76CA,文東段,900.61,非都市：一般農業區 ; 非都市編定：農牧用地,1,1,全筆移轉,04290000
RPRNMLTJOHKFFAX57CA,文寮段,239.17,非都市：一般農業區 ; 非都市編定：農牧用地,10000,1234,持分移轉,00420000
RPWNMLLLNHKFFAX57EA,機場段,2171.62,非都市：一般農業區 ; 非都市編定：農牧用地,1,1,全筆移轉,06570000
RPPNMLPLNHKFFAX27EA,潭邊新段,1081.00,非都市：一般農業區 ; 非都市編定：農牧用地,1,1,全筆移轉,02830000
RPVNMLTJOHKFFAX97CA,國宅段,219.89,非都市：一般農業區 ; 非都市編定：農牧用地,12,2,持分移轉,00910000
RPPNMLLKNHKFFAX76EA,埕西段,58.25,非都市： ; 非都市編定：,1,1,全筆移轉,07930000
RPQNMLSKNHKFFAX57EA,港子段,441.00,非都市：一般農業區 ; 非都市編定：農牧用地,1,1,全筆移轉,05640000
RPQNMLSKNHKFFAX57EA,鎮海新段,412.96,非都市：一般農業區 ; 非都市編定：農牧用地,1,1,全筆移轉,00150000
RPQNMLNKNHKFFAX07EA,後寮南段,199.03,非都市：一般農業區 ; 非都市編定：農牧用地,1,1,全筆移轉,01740000
RPPNMLNKNHKFFAX96EA,鎖港南段,38.00,非都市： ; 非都市編定：,4,1,持分移轉,05140000
RPSNMLPLNHKFFAX37CA,文澳段,122.00,非都市： ; 非都市編定：,1,1,全筆移轉,24210000
RPTNMLPLNHKFFAX47CA,隘門新段,104.77,非都市：一般農業區 ; 非都市編定：交通用地,2,1,持分移轉,00590000
RPTNMLPLNHKFFAX47CA,隘門新段,104.77,非都市：一般農業區 ; 非都市編定：交通用地,2,1,持分移轉,00590000
RPTNMLPLNHKFFAX47CA,隘門新段,482.11,非都市：一般農業區 ; 非都市編定：農牧用地,2,1,持分移轉,00600000
RPTNMLPLNHKFFAX47CA,隘門新段,482.11,非都市：一般農業區 ; 非都市編定：農牧用地,2,1,持分移轉,00600000
RPQNMLMJOHKFFAX76CA,國宅段,126.87,非都市： ; 非都市編定：,1,1,全筆移轉,04730000
RPPNMLNJOHKFFAX76CA,案山段,146.62,非都市： ; 非都市編定：,1,1,全筆移轉,01520000
RPPNMLNJOHKFFAX76CA,案山段,24.31,非都市： ; 非都市編定：,1,1,全筆移轉,01550000
RPPNMLQLNHKFFAX17CA,安宅段,186.19,非都市：一般農業區 ; 非都市編定：甲種建築用地,1,1,全筆移轉,07490002
RPPNMLQLNHKFFAX17CA,安宅段,39.64,非都市：一般農業區 ; 非都市編定：交通用地,12,1,持分移轉,07510001
RPRNMLRLNHKFFAX47CA,五福段,236.04,非都市：一般農業區 ; 非都市編定：農牧用地,1460,236,持分移轉,10620000
RPRNMLRLNHKFFAX47CA,五福段,237.04,非都市：一般農業區 ; 非都市編定：農牧用地,1460,237,持分移轉,10620000
RPRNMLRLNHKFFAX47CA,五福段,237.04,非都市：一般農業區 ; 非都市編定：農牧用地,1460,237,持分移轉,10620000
RPRNMLRLNHKFFAX47CA,五福段,241.04,非都市：一般農業區 ; 非都市編定：農牧用地,1460,241,持分移轉,10620000
RPRNMLRLNHKFFAX47CA,五福段,243.04,非都市：一般農業區 ; 非都市編定：農牧用地,1460,243,持分移轉,10620000
RPRNMLRLNHKFFAX47CA,五福段,266.05,非都市：一般農業區 ; 非都市編定：農牧用地,1460,266,持分移轉,10620000
RPPNMLOJOHKFFAX96DA,光榮段,344.39,非都市： ; 非都市編定：,1,1,全筆移轉,09690000
RPXNMLTJOHKFFAX18CA,雙湖段,23.43,非都市：鄉村區 ; 非都市編定：乙種建築用地,15,1,持分移轉,09120000
RPXNMLTJOHKFFAX18CA,雙湖段,75.51,非都市：鄉村區 ; 非都市編定：乙種建築用地,5,1,持分移轉,09160000
RPXNMLTJOHKFFAX18CA,雙湖段,14.81,非都市：鄉村區 ; 非都市編定：乙種建築用地,15,1,持分移轉,09200000
RPPNMLSLNHKFFAX47DA,?裡新段,5.49,非都市：鄉村區 ; 非都市編定：交通用地,1,1,全筆移轉,03840001
RPPNMLKMNHKFFAX66CA,光華段,3.16,非都市：鄉村區 ; 非都市編定：乙種建築用地,1,1,全筆移轉,07050000
RPPNMLKMNHKFFAX66CA,光華段,32.21,非都市：鄉村區 ; 非都市編定：乙種建築用地,1,1,全筆移轉,07060000
RPPNMLKMNHKFFAX66CA,光華段,17.93,非都市：鄉村區 ; 非都市編定：乙種建築用地,1,1,全筆移轉,07070000
RPQNMLKMNHKFFAX76CA,大池角段,567.00,非都市：一般農業區 ; 非都市編定：農牧用地,1,1,全筆移轉,05690000
RPPNMLPKOHKFFAX07CA,北澳段,1559.82,非都市：一般農業區 ; 非都市編定：農牧用地,1,1,全筆移轉,05880000
RPPNMLMJOHKFFAX76DA,中西段,989.20,非都市：一般農業區 ; 非都市編定：農牧用地,1,1,全筆移轉,07270000
RPPNMLLJOHKFFAX66DA,安宅段,742.25,非都市：一般農業區 ; 非都市編定：農牧用地,1,1,全筆移轉,10300000
RPPNMLMKOHKFFAX76CA,埕西段,58.82,非都市： ; 非都市編定：,1,1,全筆移轉,07980002
RPRNMLMJOHKFFAX07EA,中西段,288.19,非都市：一般農業區 ; 非都市編定：農牧用地,1,1,全筆移轉,07280000
RPRNMLKMNHKFFAX86CA,文化段,205.49,非都市： ; 非都市編定：,1,1,全筆移轉,02410000
RPPNMLTLNHKFFAX67EA,紅羅段,786.62,非都市：一般農業區 ; 非都市編定：農牧用地,1,1,全筆移轉,21540000
RPQNMLNJOHKFFAX86CA,文光段,34.29,非都市： ; 非都市編定：,11,1,持分移轉,08110000
RPUNMLTJOHKFFAX97DA,鼎灣新段,600.39,非都市：一般農業區 ; 非都市編定：農牧用地,135678,60040,持分移轉,06020000
RPQNMLNJOHKFFAX86CA,文光段,45.48,非都市： ; 非都市編定：,1,1,全筆移轉,08150000
RPQNMLNJOHKFFAX86CA,文光段,18.85,非都市： ; 非都市編定：,11,1,持分移轉,08160000
RPTNMLLKOHKFFAX07CA,鐵線段,181.50,非都市：一般農業區 ; 非都市編定：農牧用地,98729,18150,持分移轉,10680000
RPSNMLTJOHKFFAX77DA,鼎灣新段,456.17,非都市：一般農業區 ; 非都市編定：農牧用地,135678,45618,持分移轉,06020000
RPQNMLLJOHKFFAX76DA,二崁北段,478.05,非都市：一般農業區 ; 非都市編定：農牧用地,1,1,全筆移轉,14320000
RPSNMLPJOHKFFAX37DA,中衛段,137.09,非都市： ; 非都市編定：,1,1,全筆移轉,06270000
RPTNMLTJOHKFFAX87DA,中衛段,138.96,非都市： ; 非都市編定：,1,1,全筆移轉,06270001
RPQOMLTJOHKFFAX57CA,文東段,53.66,非都市：鄉村區 ; 非都市編定：乙種建築用地,1,1,全筆移轉,15500000
RPROMLTJOHKFFAX67CA,風櫃東段,1032.22,非都市：一般農業區 ; 非都市編定：農牧用地,1,1,全筆移轉,02750000
RPPNMLQJOHKFFAX07CA,小池角段,559.00,非都市：一般農業區 ; 非都市編定：農牧用地,1,1,全筆移轉,07360000
RPPNMLPJOHKFFAX96CA,海堤段,101.58,非都市： ; 非都市編定：,1,1,全筆移轉,03230000
RPPNMLSJOHKFFAX37DA,許家段,95.95,非都市：一般農業區 ; 非都市編定：交通用地,1,1,全筆移轉,00820000
RPPNMLSJOHKFFAX37DA,許家段,1045.72,非都市：一般農業區 ; 非都市編定：農牧用地,1,1,全筆移轉,00830000
RPPNMLSJOHKFFAX37DA,許家段,907.62,非都市：一般農業區 ; 非都市編定：農牧用地,1,1,全筆移轉,00840000
RPPNMLSJOHKFFAX37DA,許家段,312.66,非都市：一般農業區 ; 非都市編定：交通用地,1,1,全筆移轉,00850000
RPPOMLTJOHKFFAX47CA,海堤段,131.96,非都市： ; 非都市編定：,1,1,全筆移轉,02460001
RPXNMLMKOHKFFAX57CA,雙湖段,1231.85,非都市：一般農業區 ; 非都市編定：農牧用地,1,1,全筆移轉,10850000
RPTNMLKKOHKFFAX96CA,馬公段,31.00,非都市： ; 非都市編定：,1,1,全筆移轉,08620000
RPSNMLLKOHKFFAX96CA,中衛段,129.32,非都市： ; 非都市編定：,1,1,全筆移轉,08810019
RPQNMLKKOHKFFAX66CA,文東段,190.15,非都市：一般農業區 ; 非都市編定：農牧用地,1,1,全筆移轉,09020000
RPRNMLKKOHKFFAX76CA,山水北段,564.18,非都市：一般農業區 ; 非都市編定：農牧用地,1,1,全筆移轉,01750002
RPPNMLLKOHKFFAX66CA,望安段,180.00,非都市：一般農業區 ; 非都市編定：農牧用地,1,1,全筆移轉,01880000
RPPNMLLKOHKFFAX66CA,望安段,8.00,非都市：一般農業區 ; 非都市編定：交通用地,1,1,全筆移轉,01880003
RPRNMLRKOHKFFAX47CA,埕東段,38.59,非都市： ; 非都市編定：,10000,301,持分移轉,02160000
RPRNMLPLNHKFFAX47EA,隘門新段,878.47,非都市：一般農業區 ; 非都市編定：農牧用地,1,1,全筆移轉,11260000
RPRNMLPLNHKFFAX47EA,城北段,1698.32,非都市：一般農業區 ; 非都市編定：農牧用地,1,1,全筆移轉,09770000
RPRNMLPLNHKFFAX47EA,許家段,668.31,非都市：一般農業區 ; 非都市編定：農牧用地,1,1,全筆移轉,07880000
RPRNMLPLNHKFFAX47EA,許家段,566.12,非都市：一般農業區 ; 非都市編定：農牧用地,1,1,全筆移轉,07920000
RPQOMLMKOHKFFAX96CA,五德西段,260.79,非都市：一般農業區 ; 非都市編定：農牧用地,1,1,全筆移轉,02530000
RPOOMLMKOHKFFAX76CA,安宅段,485.04,非都市：一般農業區 ; 非都市編定：農牧用地,2,1,持分移轉,10600000
RPOOMLMKOHKFFAX76CA,安宅段,485.04,非都市：一般農業區 ; 非都市編定：農牧用地,2,1,持分移轉,10600000
RPPOMLMKOHKFFAX86CA,山水北段,7.79,非都市：一般農業區 ; 非都市編定：交通用地,3,1,持分移轉,05070000
RPPOMLMKOHKFFAX86CA,山水北段,7.79,非都市：一般農業區 ; 非都市編定：交通用地,3,1,持分移轉,05070000
RPPOMLMKOHKFFAX86CA,山水北段,7.79,非都市：一般農業區 ; 非都市編定：交通用地,3,1,持分移轉,05070000
RPPOMLMKOHKFFAX86CA,山水北段,600.70,非都市：一般農業區 ; 非都市編定：農牧用地,3,1,持分移轉,05080000
RPPOMLMKOHKFFAX86CA,山水北段,600.70,非都市：一般農業區 ; 非都市編定：農牧用地,3,1,持分移轉,05080000
RPPOMLMKOHKFFAX86CA,山水北段,600.70,非都市：一般農業區 ; 非都市編定：農牧用地,3,1,持分移轉,05080000
RPQNMLMKOHKFFAX86CA,四維段,346.09,非都市： ; 非都市編定：,3,1,持分移轉,03740000
RPSNMLMKOHKFFAX27EA,岐頭段,79.00,非都市：一般農業區 ; 非都市編定：甲種建築用地,2,1,持分移轉,02140001
RPVNMLQLOHKFFAX08EA,西溪新段,281.24,非都市：一般農業區 ; 非都市編定：農牧用地,1,1,全筆移轉,07900000
RPRNMLKMOHKFFAX17EA,港子段,441.00,非都市：一般農業區 ; 非都市編定：農牧用地,1,1,全筆移轉,05640000
RPRNMLKMOHKFFAX17EA,鎮海新段,412.96,非都市：一般農業區 ; 非都市編定：農牧用地,1,1,全筆移轉,00150000
RPROMLMKOHKFFAX07CA,五德西段,776.59,非都市：一般農業區 ; 非都市編定：農牧用地,1,1,全筆移轉,06780000
RPPNMLQKOHKFFAX17CA,隘門新段,878.47,非都市：一般農業區 ; 非都市編定：農牧用地,1,1,全筆移轉,11260000
RPRNMLQLOHKFFAX47CA,文寮段,289.95,非都市：一般農業區 ; 非都市編定：農牧用地,10000,1496,持分移轉,00420000
RPSNMLQLOHKFFAX57CA,烏崁新段,21.72,非都市：一般農業區 ; 非都市編定：甲種建築用地,5,1,持分移轉,09030001
RPSNMLQLOHKFFAX57CA,烏崁新段,13.00,非都市：一般農業區 ; 非都市編定：甲種建築用地,5,1,持分移轉,09060000
RPSNMLQLOHKFFAX57CA,烏崁新段,1.66,非都市：一般農業區 ; 非都市編定：農牧用地,5,1,持分移轉,09080003
RPPNMLSLOHKFFAX47CA,埕中段,13.95,非都市： ; 非都市編定：,1,1,全筆移轉,01710000
RPPNMLSLOHKFFAX47CA,埕中段,66.72,非都市： ; 非都市編定：,1,1,全筆移轉,01720000
RPQNMLNLOHKFFAX07CA,五福段,250.97,非都市：一般農業區 ; 非都市編定：農牧用地,2102,251,持分移轉,01160000
RPPNMLQLOHKFFAX27CA,山水南段,3336.84,非都市：一般農業區 ; 非都市編定：農牧用地,1,1,全筆移轉,01570000
RPPNMLRKOHKFFAX37DA,東澳段,97.53,非都市： ; 非都市編定：,1,1,全筆移轉,01450009
RPUOMLTJOHKFFAX08DA,國宅段,32.08,非都市： ; 非都市編定：,2,1,持分移轉,08230005
RPUOMLTJOHKFFAX08DA,國宅段,195.12,非都市： ; 非都市編定：,2,1,持分移轉,08240000
RPTOMLTJOHKFFAX97DA,中衛段,24.34,非都市： ; 非都市編定：,3,1,持分移轉,06280000
RPTOMLTJOHKFFAX97DA,中衛段,17.07,非都市： ; 非都市編定：,15,1,持分移轉,06290000
RPTOMLTJOHKFFAX97DA,中衛段,151.68,非都市： ; 非都市編定：,1,1,全筆移轉,06110000
RPTOMLTJOHKFFAX97DA,中衛段,44.00,非都市： ; 非都市編定：,1,1,全筆移轉,06110004
RPWNMLMKOHKFFAX57DA,許家段,249.10,非都市：一般農業區 ; 非都市編定：農牧用地,1000,329,持分移轉,05880000
RPWNMLMKOHKFFAX57DA,許家段,242.28,非都市：一般農業區 ; 非都市編定：農牧用地,1000,320,持分移轉,05880000
RPWNMLMKOHKFFAX57DA,許家段,265.75,非都市：一般農業區 ; 非都市編定：農牧用地,1000,351,持分移轉,05880000
RPUNMLMKOHKFFAX37DA,成功南段,267.67,非都市：一般農業區 ; 非都市編定：農牧用地,10000,1085,持分移轉,11400000
RPUNMLMKOHKFFAX37DA,成功南段,271.61,非都市：一般農業區 ; 非都市編定：農牧用地,10000,1101,持分移轉,11400000
RPUNMLMKOHKFFAX37DA,成功南段,288.39,非都市：一般農業區 ; 非都市編定：農牧用地,10000,1169,持分移轉,11400000
RPUNMLMKOHKFFAX37DA,成功南段,301.71,非都市：一般農業區 ; 非都市編定：農牧用地,10000,1223,持分移轉,11400000
RPUNMLMKOHKFFAX37DA,成功南段,271.61,非都市：一般農業區 ; 非都市編定：農牧用地,10000,1101,持分移轉,11400000
RPUNMLMKOHKFFAX37DA,成功南段,272.60,非都市：一般農業區 ; 非都市編定：農牧用地,10000,1105,持分移轉,11400000
RPUNMLMKOHKFFAX37DA,成功南段,272.60,非都市：一般農業區 ; 非都市編定：農牧用地,10000,1105,持分移轉,11400000
RPUNMLMKOHKFFAX37DA,成功南段,267.42,非都市：一般農業區 ; 非都市編定：農牧用地,10000,1084,持分移轉,11400000
RPUNMLMKOHKFFAX37DA,成功南段,253.36,非都市：一般農業區 ; 非都市編定：農牧用地,10000,1027,持分移轉,11400000
RPQNMLQKOHKFFAX27CA,東澳段,1.04,非都市： ; 非都市編定：,10000,445,持分移轉,04890002
RPQNMLQKOHKFFAX27CA,東澳段,45.89,非都市： ; 非都市編定：,10000,445,持分移轉,05000000
RPQNMLPLOHKFFAX27CA,案山段,34.71,非都市： ; 非都市編定：,15,4,持分移轉,03570000
RPQNMLPLOHKFFAX27CA,案山段,64.19,非都市： ; 非都市編定：,15,4,持分移轉,03580000
RPQNMLPLOHKFFAX27CA,案山段,34.79,非都市： ; 非都市編定：,15,4,持分移轉,03600000
RPQNMLQLOHKFFAX37CA,興仁段,1553.67,非都市：一般農業區 ; 非都市編定：農牧用地,1,1,全筆移轉,03580000
RPTNMLNLOHKFFAX37CA,?裡新段,47.54,非都市：一般農業區 ; 非都市編定：水利用地,2,1,持分移轉,05670001
RPTNMLNLOHKFFAX37CA,?裡新段,47.54,非都市：一般農業區 ; 非都市編定：水利用地,2,1,持分移轉,05670001
RPSNMLNLOHKFFAX27CA,案山段,61.57,非都市： ; 非都市編定：,15,4,持分移轉,03590000
RPSNMLSKOHKFFAX67CA,林投北段,194.03,非都市：一般農業區 ; 非都市編定：農牧用地,1,1,全筆移轉,05580000
RPQNMLSLOHKFFAX57CA,五福段,1305.51,非都市：一般農業區 ; 非都市編定：農牧用地,1,1,全筆移轉,08840000
RPSNMLRKOHKFFAX57CA,文石段,24.45,非都市：一般農業區 ; 非都市編定：交通用地,10,1,持分移轉,11660004
RPSNMLRKOHKFFAX57CA,文石段,150.80,非都市：一般農業區 ; 非都市編定：甲種建築用地,1,1,全筆移轉,11660009
RPSNMLRKOHKFFAX57CA,文石段,23.65,非都市：一般農業區 ; 非都市編定：交通用地,10,1,持分移轉,11660011
RPRNMLSLOHKFFAX67CA,文東段,68.60,非都市：一般農業區 ; 非都市編定：農牧用地,120,7,持分移轉,15370000
RPRNMLSLOHKFFAX67CA,文東段,68.60,非都市：一般農業區 ; 非都市編定：農牧用地,120,7,持分移轉,15370000
RPRNMLSLOHKFFAX67CA,文東段,68.60,非都市：一般農業區 ; 非都市編定：農牧用地,120,7,持分移轉,15370000
RPRNMLSLOHKFFAX67CA,文東段,68.60,非都市：一般農業區 ; 非都市編定：農牧用地,120,7,持分移轉,15370000
RPRNMLSLOHKFFAX67CA,文東段,274.40,非都市：一般農業區 ; 非都市編定：農牧用地,120,28,持分移轉,15370000
RPRNMLSLOHKFFAX67CA,文東段,202.53,非都市：一般農業區 ; 非都市編定：農牧用地,360,62,持分移轉,15370000
RPRNMLSKOHKFFAX57CA,安宅段,203.89,非都市：鄉村區 ; 非都市編定：乙種建築用地,1,1,全筆移轉,12540001
RPTNMLRKOHKFFAX67CA,鐵線段,941.87,非都市：一般農業區 ; 非都市編定：農牧用地,1,1,全筆移轉,12850000
RPRNMLPLOHKFFAX57EA,文澳段,2.03,非都市： ; 非都市編定：,8,1,持分移轉,22530000
RPRNMLPLOHKFFAX57EA,文澳段,79.00,非都市： ; 非都市編定：,1,1,全筆移轉,22530001
RPRNMLNLOHKFFAX27DA,四維段,89.55,非都市：鄉村區 ; 非都市編定：乙種建築用地,1,1,全筆移轉,03020000
RPQNMLMLOHKFFAX96CA,沙港南段,194.32,非都市：一般農業區 ; 非都市編定：農牧用地,1,1,全筆移轉,06810000
RPQNMLMLOHKFFAX96CA,沙港南段,339.03,非都市：一般農業區 ; 非都市編定：農牧用地,1,1,全筆移轉,06820000
RPSNMLSLOHKFFAX77CA,林投南段,376.71,非都市：一般農業區 ; 非都市編定：農牧用地,1,1,全筆移轉,01750000
RPTNMLSLOHKFFAX87CA,港子西段,1009.02,非都市：風景區 ; 非都市編定：農牧用地,1,1,全筆移轉,00470000
RPTNMLSLOHKFFAX87CA,港子西段,325.75,非都市：風景區 ; 非都市編定：農牧用地,1,1,全筆移轉,00500000
RPPNMLNLOHKFFAX96CA,二崁北段,695.44,非都市：一般農業區 ; 非都市編定：農牧用地,1,1,全筆移轉,12360000
RPPNMLOLOHKFFAX07CA,吉貝西段,379.22,非都市：一般農業區 ; 非都市編定：農牧用地,1,1,全筆移轉,05150000
RPPNMLPLOHKFFAX17CA,大池角段,44.00,非都市：鄉村區 ; 非都市編定：乙種建築用地,1,1,全筆移轉,09200000
RPPNMLPLOHKFFAX17CA,大池角段,184.00,非都市：鄉村區 ; 非都市編定：乙種建築用地,1,1,全筆移轉,09210000
RPQNMLOLOHKFFAX17CA,東澳段,25.86,非都市： ; 非都市編定：,14,1,持分移轉,09230000
RPTNMLLJPHKFFAX07CA,太武新段,2202.96,非都市：一般農業區 ; 非都市編定：農牧用地,1,1,全筆移轉,00010000
RPSNMLPLOHKFFAX47CA,鎮海新段,758.37,非都市：一般農業區 ; 非都市編定：農牧用地,1,1,全筆移轉,07740000
RPTNMLQLOHKFFAX67CA,岐頭段,704.00,非都市：一般農業區 ; 非都市編定：農牧用地,1,1,全筆移轉,13020000
RPWNMLQLOHKFFAX97CA,光華段,192.90,非都市：一般農業區 ; 非都市編定：甲種建築用地,1,1,全筆移轉,05310002
RPUNMLQLOHKFFAX77CA,鐵線段,583.58,非都市：一般農業區 ; 非都市編定：農牧用地,2,1,持分移轉,05730000
RPUNMLQLOHKFFAX77CA,鐵線段,68.16,非都市：一般農業區 ; 非都市編定：農牧用地,2,1,持分移轉,05740000
RPWNMLQLOHKFFAX97CA,光華段,47.15,非都市：一般農業區 ; 非都市編定：交通用地,8,1,持分移轉,05310004
RPQNMLKMOHKFFAX96DA,二崁南段,45.54,非都市： ; 非都市編定：,3,1,持分移轉,05380000
RPVNMLKMOHKFFAX47DA,馬公段,53.00,非都市： ; 非都市編定：,1,1,全筆移轉,25940000
RPRNMLLJPHKFFAX86CA,烏崁新段,428.59,非都市：特定專用區 ; 非都市編定：國土保安用地,1,1,全筆移轉,04410000
RPPNMLTLOHKFFAX57CA,山水北段,303.26,非都市：一般農業區 ; 非都市編定：農牧用地,1,1,全筆移轉,02570000
RPPNMLTLOHKFFAX57CA,山水北段,63.03,非都市：一般農業區 ; 非都市編定：農牧用地,1,1,全筆移轉,02570001
RPPNMLTLOHKFFAX57CA,山水北段,17.42,非都市：一般農業區 ; 非都市編定：農牧用地,1,1,全筆移轉,02570002
RPUNMLKMOHKFFAX27CA,中衛段,92.02,非都市： ; 非都市編定：,1,1,全筆移轉,05250000
RPPNMLQJPHKFFAX17CA,馬公段,6.57,非都市： ; 非都市編定：,10000,119,持分移轉,02930001
RPTNMLKMOHKFFAX17CA,山水東段,330.25,非都市：一般農業區 ; 非都市編定：農牧用地,1,1,全筆移轉,06980001
RPRNMLTLOHKFFAX77CA,大池角段,22.00,非都市：鄉村區 ; 非都市編定：乙種建築用地,2,1,持分移轉,09200000
RPRNMLTLOHKFFAX77CA,大池角段,92.00,非都市：鄉村區 ; 非都市編定：乙種建築用地,2,1,持分移轉,09210000
RPOOMLKMOHKFFAX76CA,山水南段,112.02,非都市：鄉村區 ; 非都市編定：乙種建築用地,6,3,持分移轉,05900000
RPQNMLLJPHKFFAX76CA,山水北段,6.02,非都市：一般農業區 ; 非都市編定：農牧用地,1,1,全筆移轉,01950000
RPSNMLLJPHKFFAX96CA,山水北段,115.58,非都市：一般農業區 ; 非都市編定：交通用地,1,1,全筆移轉,01950001
RPSNMLLJPHKFFAX96CA,山水北段,14.26,非都市： ; 非都市編定：,1,1,全筆移轉,01950002
RPSNMLLJPHKFFAX96CA,山水北段,246.70,非都市：一般農業區 ; 非都市編定：農牧用地,1,1,全筆移轉,01960000
RPSNMLLJPHKFFAX96CA,山水北段,27.06,非都市：一般農業區 ; 非都市編定：交通用地,1,1,全筆移轉,01960001
RPSNMLLJPHKFFAX96CA,山水北段,41.72,非都市： ; 非都市編定：,1,1,全筆移轉,01970000
RPRNMLKKPHKFFAX96DA,安宅段,235.46,非都市：一般農業區 ; 非都市編定：農牧用地,10000,695,持分移轉,01010000
RPRNMLKKPHKFFAX96DA,安宅段,208.70,非都市：一般農業區 ; 非都市編定：農牧用地,10000,616,持分移轉,01010000
RPRNMLKKPHKFFAX96DA,安宅段,205.99,非都市：一般農業區 ; 非都市編定：農牧用地,10000,608,持分移轉,01010000
RPRNMLKKPHKFFAX96DA,安宅段,205.99,非都市：一般農業區 ; 非都市編定：農牧用地,10000,608,持分移轉,01010000
RPRNMLKKPHKFFAX96DA,安宅段,205.99,非都市：一般農業區 ; 非都市編定：農牧用地,10000,608,持分移轉,01010000
RPRNMLKKPHKFFAX96DA,安宅段,205.99,非都市：一般農業區 ; 非都市編定：農牧用地,10000,608,持分移轉,01010000
RPRNMLKKPHKFFAX96DA,安宅段,208.02,非都市：一般農業區 ; 非都市編定：農牧用地,10000,614,持分移轉,01010000
RPRNMLKKPHKFFAX96DA,安宅段,211.74,非都市：一般農業區 ; 非都市編定：農牧用地,10000,625,持分移轉,01010000
RPRNMLKKPHKFFAX96DA,安宅段,215.13,非都市：一般農業區 ; 非都市編定：農牧用地,10000,635,持分移轉,01010000
RPRNMLKKPHKFFAX96DA,安宅段,218.86,非都市：一般農業區 ; 非都市編定：農牧用地,10000,646,持分移轉,01010000
RPRNMLKKPHKFFAX96DA,安宅段,550.88,非都市：一般農業區 ; 非都市編定：農牧用地,10000,1626,持分移轉,01010000
RPWNMLKMOHKFFAX47CA,二崁南段,116.37,非都市： ; 非都市編定：,1,1,全筆移轉,03100000
RPTNMLSJPHKFFAX77CA,山水南段,257.37,非都市：一般農業區 ; 非都市編定：農牧用地,2,1,持分移轉,03190000
RPTNMLSJPHKFFAX77CA,山水南段,94.95,非都市：一般農業區 ; 非都市編定：農牧用地,2,1,持分移轉,03200000
RPTNMLSJPHKFFAX77CA,山水南段,226.30,非都市：一般農業區 ; 非都市編定：農牧用地,2,1,持分移轉,03210000
RPXNMLSJPHKFFAX18CA,鐵線段,96.10,非都市：一般農業區 ; 非都市編定：甲種建築用地,1,1,全筆移轉,07580000
RPUNMLLJPHKFFAX17CA,後寮段,441.00,非都市：一般農業區 ; 非都市編定：農牧用地,1,1,全筆移轉,18990000
RPWNMLLJPHKFFAX37CA,竹篙灣段,2156.00,非都市：一般農業區 ; 非都市編定：農牧用地,1,1,全筆移轉,34860000
RPWNMLLJPHKFFAX37CA,竹篙灣段,2073.00,非都市：一般農業區 ; 非都市編定：農牧用地,1,1,全筆移轉,34890000
RPSNMLNKPHKFFAX37DA,吉貝西段,379.22,非都市：一般農業區 ; 非都市編定：農牧用地,1,1,全筆移轉,05150000
RPVNMLTJPHKFFAX18DA,尖山南段,735.27,非都市：一般農業區 ; 非都市編定：農牧用地,1,1,全筆移轉,04760000
RPWNMLSJPHKFFAX08CA,雙湖段,125.85,非都市：鄉村區 ; 非都市編定：乙種建築用地,3,1,持分移轉,09160000
RPWNMLSJPHKFFAX08CA,雙湖段,125.85,非都市：鄉村區 ; 非都市編定：乙種建築用地,3,1,持分移轉,09160000
RPWNMLSJPHKFFAX08CA,雙湖段,46.05,非都市：鄉村區 ; 非都市編定：乙種建築用地,3,1,持分移轉,09130000
RPWNMLSJPHKFFAX08CA,雙湖段,46.05,非都市：鄉村區 ; 非都市編定：乙種建築用地,3,1,持分移轉,09130000
RPWNMLSJPHKFFAX08CA,雙湖段,125.85,非都市：鄉村區 ; 非都市編定：乙種建築用地,3,1,持分移轉,09160000
RPWNMLSJPHKFFAX08CA,雙湖段,117.17,非都市：鄉村區 ; 非都市編定：乙種建築用地,3,1,持分移轉,09120000
RPWNMLSJPHKFFAX08CA,雙湖段,117.17,非都市：鄉村區 ; 非都市編定：乙種建築用地,3,1,持分移轉,09120000
RPWNMLSJPHKFFAX08CA,雙湖段,117.17,非都市：鄉村區 ; 非都市編定：乙種建築用地,3,1,持分移轉,09120000
RPWNMLSJPHKFFAX08CA,雙湖段,46.05,非都市：鄉村區 ; 非都市編定：乙種建築用地,3,1,持分移轉,09130000
RPWNMLSJPHKFFAX08CA,雙湖段,51.36,非都市：鄉村區 ; 非都市編定：乙種建築用地,3,1,持分移轉,09190000
RPWNMLSJPHKFFAX08CA,雙湖段,51.36,非都市：鄉村區 ; 非都市編定：乙種建築用地,3,1,持分移轉,09190000
RPWNMLSJPHKFFAX08CA,雙湖段,51.36,非都市：鄉村區 ; 非都市編定：乙種建築用地,3,1,持分移轉,09190000
RPWNMLSJPHKFFAX08CA,雙湖段,74.07,非都市：鄉村區 ; 非都市編定：乙種建築用地,3,1,持分移轉,09200000
RPWNMLSJPHKFFAX08CA,雙湖段,74.07,非都市：鄉村區 ; 非都市編定：乙種建築用地,3,1,持分移轉,09200000
RPWNMLSJPHKFFAX08CA,雙湖段,74.07,非都市：鄉村區 ; 非都市編定：乙種建築用地,3,1,持分移轉,09200000
RPOOMLSJPHKFFAX37CA,鐵線段,233.47,非都市：一般農業區 ; 非都市編定：農牧用地,1000,164,持分移轉,06620000
RPQNMLKLPHKFFAX96DA,北寮新段,369.41,非都市：鄉村區 ; 非都市編定：乙種建築用地,1,1,全筆移轉,02390000
RPQNMLTJPHKFFAX67DA,隘門新段,491.75,非都市：一般農業區 ; 非都市編定：農牧用地,1,1,全筆移轉,03030000
RPQNMLTJPHKFFAX67DA,隘門新段,1115.37,非都市：一般農業區 ; 非都市編定：農牧用地,1,1,全筆移轉,03040000
RPQNMLTJPHKFFAX67DA,隘門新段,2244.78,非都市：一般農業區 ; 非都市編定：農牧用地,1,1,全筆移轉,03050000
RPQNMLTJPHKFFAX67DA,隘門新段,1184.56,非都市：一般農業區 ; 非都市編定：農牧用地,1,1,全筆移轉,03060000
RPQNMLTJPHKFFAX67DA,隘門新段,403.62,非都市：一般農業區 ; 非都市編定：農牧用地,1,1,全筆移轉,03070000
RPQNMLTJPHKFFAX67DA,隘門新段,976.98,非都市：一般農業區 ; 非都市編定：農牧用地,1,1,全筆移轉,03080000
RPQNMLTJPHKFFAX67DA,隘門新段,146.60,非都市：一般農業區 ; 非都市編定：農牧用地,1,1,全筆移轉,03100000
RPQNMLTJPHKFFAX67DA,隘門新段,937.00,非都市：一般農業區 ; 非都市編定：農牧用地,1,1,全筆移轉,03140000
RPPNMLRJPHKFFAX47EA,湖西南段,50.83,非都市：鄉村區 ; 非都市編定：乙種建築用地,1,1,全筆移轉,06760000
RPRNMLSJPHKFFAX57CA,竹篙灣段,764.00,非都市：一般農業區 ; 非都市編定：農牧用地,1,1,全筆移轉,34840001
RPSNMLSJPHKFFAX67CA,井垵西段,254.51,非都市：一般農業區 ; 非都市編定：農牧用地,1,1,全筆移轉,15260001
RPUNMLSJPHKFFAX87CA,鎖港西段,350.42,非都市： ; 非都市編定：,1,1,全筆移轉,10180000
RPPNMLKKPHKFFAX66CA,下瓦硐段,915.67,非都市：一般農業區 ; 非都市編定：農牧用地,1,1,全筆移轉,12110000
RPRNMLNKPHKFFAX17CA,風櫃西段,91.42,非都市：一般農業區 ; 非都市編定：甲種建築用地,1,1,全筆移轉,13610000
RPRNMLNKPHKFFAX17CA,風櫃西段,57.85,非都市：一般農業區 ; 非都市編定：交通用地,3,1,持分移轉,13630000
RPTNMLTJPHKFFAX87CA,紅羅段,1217.04,非都市：一般農業區 ; 非都市編定：農牧用地,1,1,全筆移轉,17000000
RPUNMLTJPHKFFAX08DA,埕東段,40.55,非都市： ; 非都市編定：,1,1,全筆移轉,08410000
RPUNMLTJPHKFFAX08DA,埕東段,22.80,非都市： ; 非都市編定：,17,1,持分移轉,08260000
RPQNMLKKPHKFFAX76CA,興仁南段,1946.78,非都市：一般農業區 ; 非都市編定：農牧用地,1,1,全筆移轉,03440000
RPQNMLKKPHKFFAX76CA,興仁南段,214.68,非都市：一般農業區 ; 非都市編定：農牧用地,1,1,全筆移轉,03700000
RPPOMLSJPHKFFAX47CA,許家段,1055.28,非都市：一般農業區 ; 非都市編定：農牧用地,2,1,持分移轉,11760000
RPPOMLSJPHKFFAX47CA,許家段,1055.28,非都市：一般農業區 ; 非都市編定：農牧用地,2,1,持分移轉,11760000
RPQNMLSLPHKFFAX67CA,東澳段,213.90,非都市： ; 非都市編定：,1,1,全筆移轉,02720001
RPQNMLSLPHKFFAX67CA,東澳段,213.60,非都市： ; 非都市編定：,1,1,全筆移轉,02720002
RPPNMLSLPHKFFAX57CA,五福段,112.76,非都市：一般農業區 ; 非都市編定：農牧用地,2,1,持分移轉,04950000
RPPNMLSLPHKFFAX57CA,五福段,112.76,非都市：一般農業區 ; 非都市編定：農牧用地,2,1,持分移轉,04950000
RPPNMLNKPHKFFAX96CA,合界頭段,1481.00,非都市：一般農業區 ; 非都市編定：農牧用地,1,1,全筆移轉,09120000
RPPNMLNKPHKFFAX96CA,合界頭段,272.00,非都市：一般農業區 ; 非都市編定：農牧用地,1,1,全筆移轉,09140000
RPQNMLOLPHKFFAX27CA,文東段,209.14,非都市：一般農業區 ; 非都市編定：農牧用地,900,209,持分移轉,04290000
RPPNMLOKPHKFFAX07CA,北澳段,54.99,非都市：鄉村區 ; 非都市編定：乙種建築用地,1,1,全筆移轉,02850000
RPQNMLNKPHKFFAX07CA,後寮段,611.00,非都市：一般農業區 ; 非都市編定：農牧用地,1,1,全筆移轉,12050000
RPQNMLNKPHKFFAX07CA,後寮段,404.00,非都市：一般農業區 ; 非都市編定：農牧用地,1,1,全筆移轉,12050002
RPQNMLNKPHKFFAX07CA,後寮段,29.00,非都市：一般農業區 ; 非都市編定：交通用地,1,1,全筆移轉,12050004
RPPNMLPKPHKFFAX27DA,?裡新段,.72,非都市：一般農業區 ; 非都市編定：交通用地,2,1,持分移轉,03580000
RPPNMLPKPHKFFAX27DA,?裡新段,157.00,非都市：鄉村區 ; 非都市編定：乙種建築用地,2,1,持分移轉,03770000
RPPNMLPKPHKFFAX27DA,?裡新段,199.30,非都市：風景區 ; 非都市編定：農牧用地,2,1,持分移轉,10950000
RPPNMLPKPHKFFAX27DA,?裡新段,408.04,非都市：風景區 ; 非都市編定：農牧用地,2,1,持分移轉,11090000
RPPNMLPKPHKFFAX27DA,井垵西段,85.02,非都市：一般農業區 ; 非都市編定：農牧用地,2,1,持分移轉,13200000
RPSNMLKMPHKFFAX27DA,馬公段,76.00,非都市： ; 非都市編定：,1,1,全筆移轉,11880000
RPSNMLKMPHKFFAX27DA,鎖港南段,54.45,非都市： ; 非都市編定：,1,1,全筆移轉,06250000
RPUNMLKMPHKFFAX47DA,文石段,2366.96,非都市：一般農業區 ; 非都市編定：農牧用地,1,1,全筆移轉,00550000
RPQNMLOKPHKFFAX37EA,烏崁新段,1018.43,非都市：一般農業區 ; 非都市編定：農牧用地,10,4,持分移轉,17740000
RPTNMLKMPHKFFAX37DA,海堤段,67.12,非都市： ; 非都市編定：,1,1,全筆移轉,08480000
RPSNMLOKPHKFFAX37CA,城北段,2189.18,非都市：一般農業區 ; 非都市編定：農牧用地,1,1,全筆移轉,10990000
RPTNMLNJQHKFFAX47DA,瓦硐段,734.00,非都市：一般農業區 ; 非都市編定：農牧用地,1,1,全筆移轉,18100000
RPTNMLNJQHKFFAX47DA,瓦硐段,131.00,非都市：一般農業區 ; 非都市編定：農牧用地,1,1,全筆移轉,18070000
RPTNMLNJQHKFFAX47DA,瓦硐段,603.50,非都市：一般農業區 ; 非都市編定：農牧用地,2,1,持分移轉,18110000
RPTNMLKLPHKFFAX27DA,文寮段,342.24,非都市：鄉村區 ; 非都市編定：乙種建築用地,1,1,全筆移轉,05660000
RPQNMLRKPHKFFAX47CA,望安段,679.00,非都市：一般農業區 ; 非都市編定：農牧用地,1,1,全筆移轉,14250000
RPRNMLSLPHKFFAX77CA,成功南段,1166.66,非都市：一般農業區 ; 非都市編定：農牧用地,1,1,全筆移轉,12670000
RPQNMLQKPHKFFAX37CA,文寮段,64.07,非都市：鄉村區 ; 非都市編定：乙種建築用地,20,8,持分移轉,10280000
RPQNMLQKPHKFFAX37CA,文寮段,210.34,非都市：鄉村區 ; 非都市編定：乙種建築用地,20,8,持分移轉,10290000
RPSNMLSLPHKFFAX87CA,文東段,24.50,非都市：一般農業區 ; 非都市編定：農牧用地,144,3,持分移轉,15370000
RPSNMLSLPHKFFAX87CA,文東段,24.50,非都市：一般農業區 ; 非都市編定：農牧用地,144,3,持分移轉,15370000
RPSNMLSLPHKFFAX87CA,文東段,24.50,非都市：一般農業區 ; 非都市編定：農牧用地,144,3,持分移轉,15370000
RPSNMLSLPHKFFAX87CA,文東段,24.50,非都市：一般農業區 ; 非都市編定：農牧用地,144,3,持分移轉,15370000
RPSNMLSLPHKFFAX87CA,文東段,98.00,非都市：一般農業區 ; 非都市編定：農牧用地,36,3,持分移轉,15370000
RPRNMLQKPHKFFAX47CA,興崁段,758.38,非都市：一般農業區 ; 非都市編定：農牧用地,1,1,全筆移轉,11000000
RPPNMLQKPHKFFAX27CA,山水西段,227.05,非都市：一般農業區 ; 非都市編定：農牧用地,1,1,全筆移轉,01480000
RPRNMLRKPHKFFAX57CA,林投北段,153.19,非都市：鄉村區 ; 非都市編定：乙種建築用地,1,1,全筆移轉,03270000
RPPNMLRKPHKFFAX37CA,城前新段,582.21,非都市：一般農業區 ; 非都市編定：農牧用地,1,1,全筆移轉,06130000
RPPNMLOLPHKFFAX17CA,馬公段,72.00,非都市： ; 非都市編定：,1,1,全筆移轉,18680006
RPPNMLOLPHKFFAX17CA,馬公段,5.00,非都市： ; 非都市編定：,1,1,全筆移轉,18680017
RPPNMLKLPHKFFAX76CA,井垵西段,29.10,非都市：一般農業區 ; 非都市編定：農牧用地,15,1,持分移轉,04430000
RPPNMLKLPHKFFAX76CA,井垵西段,10.42,非都市：鄉村區 ; 非都市編定：乙種建築用地,15,1,持分移轉,06670000
RPPNMLKLPHKFFAX76CA,井垵西段,22.60,非都市：一般農業區 ; 非都市編定：農牧用地,15,1,持分移轉,09680000
RPSNMLRLPHKFFAX77CA,外垵一段,159.09,非都市：一般農業區 ; 非都市編定：甲種建築用地,1,1,全筆移轉,01330001
RPSNMLRLPHKFFAX77CA,外垵一段,63.41,非都市：一般農業區 ; 非都市編定：交通用地,3,1,持分移轉,01330003
RPQNMLMLPHKFFAX07CA,光華段,597.34,非都市：一般農業區 ; 非都市編定：農牧用地,2,1,持分移轉,03010000
RPQNMLMLPHKFFAX07CA,成功南段,558.56,非都市：一般農業區 ; 非都市編定：農牧用地,2,1,持分移轉,12530000
RPQNMLMLPHKFFAX07CA,城北段,351.58,非都市：一般農業區 ; 非都市編定：農牧用地,2,1,持分移轉,11060000
RPQNMLMLPHKFFAX07CA,城北段,220.52,非都市：一般農業區 ; 非都市編定：農牧用地,2,1,持分移轉,12650000
RPPNMLRLPHKFFAX47CA,案山段,2.20,非都市： ; 非都市編定：,1,1,全筆移轉,00400000
RPPNMLRLPHKFFAX47CA,案山段,194.85,非都市： ; 非都市編定：,1,1,全筆移轉,00510000
RPQNMLNJQHKFFAX07CA,安宅段,485.04,非都市：一般農業區 ; 非都市編定：農牧用地,1,1,全筆移轉,10600000
RPRNMLNLPHKFFAX27CA,安宅段,485.04,非都市：一般農業區 ; 非都市編定：農牧用地,1,1,全筆移轉,10600001
RPRNMLOLPHKFFAX37CA,山水北段,1329.29,非都市：一般農業區 ; 非都市編定：農牧用地,1,1,全筆移轉,02010000
RPPNMLNLPHKFFAX07CA,五福段,212.13,非都市：一般農業區 ; 非都市編定：農牧用地,18,2,持分移轉,00710000
RPRNMLNJQHKFFAX17CA,鼎灣新段,1940.29,非都市：一般農業區 ; 非都市編定：農牧用地,1,1,全筆移轉,12520000
RPRNMLNJQHKFFAX17CA,東石新段,1823.79,非都市：一般農業區 ; 非都市編定：農牧用地,1,1,全筆移轉,07790000
RPSNMLNLPHKFFAX57EA,北澳段,83.93,非都市： ; 非都市編定：,1,1,全筆移轉,06260000
RPSNMLNLPHKFFAX57EA,北澳段,3.59,非都市： ; 非都市編定：,1,1,全筆移轉,06360001
RPQNMLTLPHKFFAX87DA,文光段,26.95,非都市： ; 非都市編定：,100000,618,持分移轉,00570000
RPTNMLNLPHKFFAX47CA,?裡新段,220.00,非都市：風景區 ; 非都市編定：林業用地,1,1,全筆移轉,10310000
RPUNMLNLPHKFFAX57CA,五福段,1014.58,非都市：一般農業區 ; 非都市編定：農牧用地,1,1,全筆移轉,08900000
RPRNMLRLPHKFFAX67CA,東澳段,16.56,非都市： ; 非都市編定：,60,6,持分移轉,08700000
RPSNMLOLPHKFFAX57DA,小池角段,22.00,非都市：一般農業區 ; 非都市編定：農牧用地,10,1,持分移轉,08820000
RPPNMLTLPHKFFAX67CA,鐵線段,2798.51,非都市：一般農業區 ; 非都市編定：農牧用地,1,1,全筆移轉,06660000
RPPNMLKMPHKFFAX86CA,東衛段,338.66,非都市：一般農業區 ; 非都市編定：農牧用地,1,1,全筆移轉,09780000
RPPNMLKMPHKFFAX86CA,東衛段,422.33,非都市：一般農業區 ; 非都市編定：農牧用地,1,1,全筆移轉,09790000
RPRNMLKMPHKFFAX07CA,下瓦硐段,93.51,非都市：一般農業區 ; 非都市編定：交通用地,1,1,全筆移轉,05370000
RPQNMLLMPHKFFAX07CA,井垵西段,145.59,非都市：一般農業區 ; 非都市編定：農牧用地,6,2,持分移轉,04280000
RPQNMLKMPHKFFAX07DA,沙港南段,194.32,非都市：一般農業區 ; 非都市編定：農牧用地,1,1,全筆移轉,06810000
RPQNMLKMPHKFFAX07DA,沙港南段,339.03,非都市： ; 非都市編定：,1,1,全筆移轉,06820000
RPPNMLOJQHKFFAX27EA,外垵二段,65.02,非都市：鄉村區 ; 非都市編定：乙種建築用地,1,1,全筆移轉,11940000
RPPNMLLMPHKFFAX07DA,光華段,64.40,非都市：一般農業區 ; 非都市編定：甲種建築用地,1,1,全筆移轉,06740000
RPSNMLNJQHKFFAX27CA,?裡新段,336.28,非都市：風景區 ; 非都市編定：農牧用地,1,1,全筆移轉,14340000
RPSNMLNJQHKFFAX27CA,?裡新段,349.39,非都市：風景區 ; 非都市編定：農牧用地,1,1,全筆移轉,14350000
RPSNMLNJQHKFFAX27CA,?裡新段,378.06,非都市：風景區 ; 非都市編定：農牧用地,1,1,全筆移轉,14370000
RPUNMLPJQHKFFAX67CA,成功南段,205.69,非都市：一般農業區 ; 非都市編定：甲種建築用地,1,1,全筆移轉,13360001
RPUNMLPJQHKFFAX67CA,成功南段,46.10,非都市：一般農業區 ; 非都市編定：交通用地,7,1,持分移轉,13360004
RPTNMLPJQHKFFAX57CA,光榮段,.18,非都市： ; 非都市編定：,10000,150,持分移轉,04610000
RPTNMLPJQHKFFAX57CA,光榮段,6.00,非都市： ; 非都市編定：,10000,150,持分移轉,04720000
RPTNMLPJQHKFFAX57CA,光榮段,.32,非都市： ; 非都市編定：,10000,150,持分移轉,04730000
RPTNMLPJQHKFFAX57CA,光榮段,1.41,非都市： ; 非都市編定：,10000,150,持分移轉,04740000
RPTNMLPJQHKFFAX57CA,光榮段,1.28,非都市： ; 非都市編定：,10000,150,持分移轉,04750000
RPTNMLPJQHKFFAX57CA,光榮段,6.89,非都市： ; 非都市編定：,10000,150,持分移轉,04760000
RPTNMLPJQHKFFAX57CA,光榮段,.71,非都市： ; 非都市編定：,10000,150,持分移轉,04870001
RPTNMLPJQHKFFAX57CA,光榮段,2.23,非都市： ; 非都市編定：,10000,150,持分移轉,04880000
RPTNMLPJQHKFFAX57CA,光榮段,.51,非都市： ; 非都市編定：,10000,150,持分移轉,04890000
RPTNMLPJQHKFFAX57CA,光榮段,.07,非都市： ; 非都市編定：,10000,150,持分移轉,04920001
RPTNMLOJQHKFFAX47CA,許家段,668.31,非都市：一般農業區 ; 非都市編定：農牧用地,1,1,全筆移轉,07880000
RPRNMLPJQHKFFAX37CA,?裡新段,679.10,非都市：風景區 ; 非都市編定：農牧用地,1,1,全筆移轉,14050000
RPRNMLPJQHKFFAX37CA,?裡新段,95.64,非都市：風景區 ; 非都市編定：農牧用地,1,1,全筆移轉,14060000
RPPNMLMKQHKFFAX96CA,光華段,1532.42,非都市：一般農業區 ; 非都市編定：農牧用地,1,1,全筆移轉,03050000
RPPNMLMKQHKFFAX96CA,光華段,2151.74,非都市：一般農業區 ; 非都市編定：農牧用地,1,1,全筆移轉,05290000
RPSNMLOLQHKFFAX57CA,文光段,84.29,非都市： ; 非都市編定：,1,1,全筆移轉,06650000
RPQNMLOJQHKFFAX27DA,青螺新段,104.86,非都市：森林區 ; 非都市編定：丙種建築用地,1,1,全筆移轉,14200000
RPQNMLOJQHKFFAX27DA,青螺新段,627.89,非都市：森林區 ; 非都市編定：丙種建築用地,1,1,全筆移轉,14240000
RPQNMLOJQHKFFAX27DA,青螺新段,566.63,非都市：森林區 ; 非都市編定：丙種建築用地,1,1,全筆移轉,14250000
RPQNMLOJQHKFFAX27DA,青螺新段,207.53,非都市：森林區 ; 非都市編定：丙種建築用地,1,1,全筆移轉,14280000
RPQNMLOJQHKFFAX27DA,青螺新段,144.87,非都市：森林區 ; 非都市編定：丙種建築用地,1,1,全筆移轉,14320000
RPQNMLOJQHKFFAX27DA,青螺新段,487.75,非都市：森林區 ; 非都市編定：丙種建築用地,1,1,全筆移轉,14290000
RPPNMLMLPHKFFAX96CA,水垵段,77.67,非都市：一般農業區 ; 非都市編定：農牧用地,3,1,持分移轉,21040000
RPSNMLKLPHKFFAX07CA,林投南段,587.37,非都市：一般農業區 ; 非都市編定：農牧用地,1,1,全筆移轉,01150004
RPRNMLKLPHKFFAX96CA,許家段,432.01,非都市：一般農業區 ; 非都市編定：農牧用地,1,1,全筆移轉,04990000
RPPNMLLLPHKFFAX86CA,瓦硐段,177.00,非都市：一般農業區 ; 非都市編定：農牧用地,8,1,持分移轉,14750000
RPPNMLLLPHKFFAX86CA,港子段,74.00,非都市：一般農業區 ; 非都市編定：農牧用地,8,1,持分移轉,06360000
RPPNMLLLPHKFFAX86CA,港子段,9.12,非都市：鄉村區 ; 非都市編定：乙種建築用地,8,1,持分移轉,07590000
RPPNMLLLPHKFFAX86CA,港子段,103.62,非都市：一般農業區 ; 非都市編定：農牧用地,8,1,持分移轉,10110000
RPPNMLLLPHKFFAX86CA,鎮海新段,20.76,非都市：一般農業區 ; 非都市編定：農牧用地,8,1,持分移轉,00090000
RPPNMLLLPHKFFAX86CA,鎮海新段,106.42,非都市：一般農業區 ; 非都市編定：農牧用地,8,1,持分移轉,11740000
RPPNMLSKQHKFFAX67DA,講美段,137.39,非都市：一般農業區 ; 非都市編定：農牧用地,6,1,持分移轉,11990000
RPWNMLPJQHKFFAX97DA,埕西段,41.85,非都市： ; 非都市編定：,1,1,全筆移轉,06950000
RPWNMLPJQHKFFAX97DA,埕西段,35.42,非都市： ; 非都市編定：,11,1,持分移轉,07030000
RPPNMLNJQHKFFAX96CA,烏崁新段,986.83,非都市：特定專用區 ; 非都市編定：國土保安用地,3,2,持分移轉,04460000
RPPNMLOLPHKFFAX47CD,五福段,1014.58,非都市：一般農業區 ; 非都市編定：農牧用地,1,1,全筆移轉,08900000
RPPNMLRLPHKFFAX77CD,文石段,24.45,非都市：一般農業區 ; 非都市編定：交通用地,10,1,持分移轉,11660004
RPPNMLRLPHKFFAX77CD,文石段,150.25,非都市：一般農業區 ; 非都市編定：甲種建築用地,1,1,全筆移轉,11660008
RPPNMLRLPHKFFAX77CD,文石段,23.65,非都市：一般農業區 ; 非都市編定：交通用地,10,1,持分移轉,11660011
RPPNMLNLPHKFFAX37CD,文寮段,165.07,非都市：鄉村區 ; 非都市編定：乙種建築用地,1,1,全筆移轉,10150000
RPQNMLOLPHKFFAX57CD,成功南段,308.28,非都市：一般農業區 ; 非都市編定：甲種建築用地,1,1,全筆移轉,13500003
RPQNMLOLPHKFFAX57CD,成功南段,46.59,非都市：一般農業區 ; 非都市編定：交通用地,7,1,持分移轉,13500004
