﻿編號,土地位置,土地移轉面積(平方公尺),使用分區或編定,權利人持分分母,權利人持分分子,移轉情形,地號
The serial number, land position,land shifting area square meter,the use zoning or compiles and checks,,,,land parcel
RPRNMLLKQHNFFCE48CC,憲德段,186.00,都市：商,,,,00600000
RPQNMLLKQHNFFCE38CC,瑞崗段四小段,2.00,都市：商,,,,02760001
RPQNMLLKQHNFFCE38CC,瑞崗段四小段,55.00,都市：住,,,,02750002
RPQNMLLKQHNFFCE38CC,瑞崗段四小段,1.00,都市：商,,,,02750004
RPTNMLLKQHNFFGE09CC,青年段,.00,都市：住,,,,00270010
RPSNMLLKQHNFFGE98CC,文山段,.00,都市：住,,,,02380000
RPUNMLLKQHNFFGE56CC,七老爺段一甲小段,.00,都市：住,,,,14750007
RPQNMLLKQHNFFIE98CC,鳳松段,122.00,都市：住,,,,04920006
RPPOMLNKQHNFFCE58CC,愛群段,17.17,都市：商,,,,13840000
RPPOMLNKQHNFFCE58CC,愛群段,.02,都市：商,,,,13810001
RPQNMLMKQHNFFIE56DC,新後港西段,88.11,都市：住,,,,00690023
RPQNMLMKQHNFFIE56DC,新後港西段,2.60,都市：住,,,,00690147
RPPNMLMKQHNFFIE09DC,新後港西段,88.11,都市：住,,,,00690027
RPPNMLMKQHNFFIE09DC,新後港西段,2.65,都市：住,,,,00690147
RPPNMLLKQHNFFEE48CC,左東段,14.78,都市：住,,,,05280000
RPOPMLNKQHNFFEE78CC,楠梓段三小段,.00,都市：住,,,,04630000
RPWOMLNKQHNFFEE86CC,福民段,9.49,都市：住,,,,03880000
RPPNMLMKQHNFFCE48DC,籬子內段籬子內小段,60.00,都市：住,,,,12620002
RPQNMLLKQHNFFBE28CC,五塊厝段,8.09,都市：商,,,,20130000
RPSNMLOKQHNFFBE78CC,苓東段,64.00,都市：商,,,,11360000
RPQOMLOKQHNFFBE68CC,大統段一小段,57.15,都市：商,,,,02600000
RPVNMLNKQHNFFBE98CC,林德官段二小段,57.33,都市：住,,,,34080000
RPOOMLOKQHNFFBE48CC,大統段一小段,73.00,都市：商,,,,14760000
RPTNMLOKQHNFFBE88CC,苓東段,64.00,都市：商,,,,11360000
RPQNMLOKQHNFFBE58CC,林德官段二小段,59.74,都市：住,,,,34300000
RPXNMLOKQHNFFBE66CC,新興段二小段,.00,非都市： ; 非都市編定：,,,,18600000
RPRNMLNKQHNFFBE58CC,林德官段一小段,6.25,都市：商,,,,27630000
RPPPMLOKQHNFFCE78CC,盛興段,.00,都市：商,,,,13530000
RPQOMLOKQHNFFCE78CC,憲德段二小段,8.97,都市：商,,,,00280003
RPOPMLOKQHNFFDE78CC,大港段三小段,261.00,都市：商,,,,07880001
RPXPMLOKQHNFFDE07CC,鼎泰段,.00,都市：住,,,,14740001
RPOQMLOKQHNFFDE88CC,獅頭段一小段,.00,都市：住,,,,19750000
RPROMLOKQHNFFEE09CC,藍田中段,56.02,都市：住,,,,00530000
RPSOMLOKQHNFFEE56CC,新庄段十三小段,4.43,都市：商,,,,14360000
RPWNMLOKQHNFFFE96CC,文化段,.00,都市：住,,,,06390000
RPVQMLOKQHNFFEE07CC,新光段,9.98,都市：住,,,,00440000
RPQOMLOKQHNFFIE76CC,暘善段,80.35,都市：農,,,,04450000
RPUOMLOKQHNFFDE66CC,覆鼎金段覆鼎金一小段,.00,都市：住,,,,06280009
RPXOMLOKQHNFFGE27CC,道爺?段,26.90,都市：住,,,,10930086
RPPPMLPKQHNFFIE86CC,澄清段,78.84,都市：住,,,,00190055
RPSNMLPKQHNFFCE98CC,愛群段,68.44,都市：商,,,,07740000
RPUOMLPKQHNFFEE86CC,新博段,24.89,都市：住,,,,00080000
RPWOMLOKQHNFFGE17CC,新庄子段,37.85,都市：住,,,,02440276
RPPPMLPKQHNFFDE98CC,大港段四小段,16.55,都市：商,,,,28360000
RPQNMLOKQHNFFGE09CC,牛潮埔段,3789.00,都市：工,,,,10780000
RPTNMLOKQHNFFGE76CC,牛潮埔段,3789.00,都市：工,,,,10780000
RPWNMLPKQHNFFBE66CC,林德官段一小段,.00,都市：住,,,,26990007
RPXNMLQKQHNFFAE76CC,龍中段,22.79,都市：商,,,,00280001
RPPOMLQKQHNFFAE68CC,前金段,6.76,都市：商,,,,00710017
RPTNMLQKQHNFFCE56CC,朝興段,421.14,都市：工,,,,01460008
RPXNMLQKQHNFFCE96CC,獅甲段,.51,都市：住,,,,03300000
RPXNMLQKQHNFFCE96CC,獅甲段,1.62,都市：住,,,,03310000
RPROMLQKQHNFFCE09CC,愛群段,8.68,都市：住,,,,10810000
RPUNMLQKQHNFFDE76CC,鼎盛段,140.37,都市：商,,,,00720000
RPWNMLQKQHNFFGE27CC,竹子腳段,65.00,都市：住,,,,02190019
RPVNMLQKQHNFFAE56CC,前金段,14.79,都市：商,,,,00710004
RPQNMLPKQHNFFAE58CC,北金段,304.00,都市：住,,,,11970000
RPQNMLPKQHNFFAE58CC,北金段,30.00,都市：住,,,,11970001
RPOOMLOKQHNFFAE38CC,前金段,3.00,都市：商,,,,01080021
RPPOMLOKQHNFFAE48CC,東金段,77.23,都市：商,,,,02390000
RPWNMLQKQHNFFAE66CC,府北段五小段,4.03,都市：商,,,,02210000
RPTPMLRKQHNFFIE47CC,仁雄段,402.02,都市：住,,,,03580001
RPPNMLRKQHNFFDE98CC,大港段三小段,.00,都市：商,,,,07840001
RPTOMLRKQHNFFDE86CC,覆鼎金段覆鼎金小段,.00,都市：住,,,,13260016
RPSOMLRKQHNFFDE76CC,鼎泰段,.00,都市：住,,,,13760000
RPUOMLRKQHNFFDE96CC,灣復段,23.61,都市：商,,,,09900000
RPQNMLRKQHNFFCE98CC,獅甲段,1.84,都市：商,,,,03300000
RPQNMLRKQHNFFCE98CC,獅甲段,5.83,都市：商,,,,03310000
RPQPMLRKQHNFFDE66CC,建民段,.00,都市：商,,,,07330007
RPWOMLRKQHNFFEE27CC,福山段,15.88,都市：商,,,,05450000
RPUNMLRKQHNFFCE76CC,港和段二小段,35.72,都市：住,,,,08560000
RPSOMLQKQHNFFBE09CC,成功段,14.34,都市：商,,,,00590000
RPTOMLQKQHNFFBE56CC,苓雅寮段,.00,都市：商,,,,05110000
RPUOMLQKQHNFFBE66CC,正昌段,159.08,都市：商,,,,08840003
RPUOMLQKQHNFFBE66CC,正昌段,22.14,都市：住,,,,08840005
RPUOMLQKQHNFFBE66CC,正昌段,48.89,都市：商,,,,08840006
RPUOMLQKQHNFFBE66CC,正昌段,6.75,都市：住,,,,08840007
RPTNMLRKQHNFFAE09CC,東金段,18.00,都市：商,,,,10230000
RPTNMLRKQHNFFAE09CC,東金段,8.00,都市：商,,,,10900000
RPTNMLRKQHNFFAE09CC,東金段,119.00,都市：商,,,,10910000
RPTNMLRKQHNFFAE09CC,東金段,16.00,都市：商,,,,10920000
RPRPMLRKQHNFFEE86CC,新光段,.00,都市：商,,,,02250000
RPWNMLRKQHNFFAE76CC,青海段,60.93,都市：住,,,,05850000
RPSNMLRKQHNFFAE98CC,龍華段八小段,11.58,都市：商,,,,24010000
RPUNMLRKQHNFFAE56CC,文東段,62.00,都市：商,,,,05130000
RPSOMLQKQHNFFGE96CC,赤山段,10.98,都市：商,,,,07510000
RPPOMLRKQHNFFGE76CC,五甲段,.00,都市：住,,,,22050000
RPRNMLRKQHNFFBE98CC,林德官段二小段,.00,都市：住,,,,34790010
RPQNMLRKQHNFFBE88CC,新興段一小段,167.00,都市：商,,,,10810000
RPSOMLRKQHNFFAE09CC,龍華段八小段,.00,都市：商,,,,22280000
RPXNMLRKQHNFFBE96CC,新興段二小段,.00,都市：商,,,,12620000
RPXNMLRKQHNFFBE96CC,新興段二小段,.00,都市：商,,,,12630000
RPWNMLRKQHNFFBE86CC,過田子段,.00,都市：商,,,,11360000
RPPOMLRKQHNFFBE88CC,新興段三小段,84.00,都市：商,,,,17760000
RPPOMLRKQHNFFBE88CC,新興段三小段,115.00,都市：商,,,,17770000
RPPPMLRKQHNFFBE98CC,林德官段,22.44,都市：商,,,,15090002
RPQNMLSKQHNFFCE09CC,愛群段,3488.00,都市：商,,,,18530000
RPPNMLTKQHNFFDE56CC,建工段,7.79,都市：商,,,,05730000
RPUOMLKLQHNFFDE98CC,大港段,2.85,都市：商,,,,35650000
RPSQMLKLQHNFFEE09CC,新博段,34.08,都市：住,,,,00080000
RPXPMLKLQHNFFEE86CC,新庄段十三小段,5.08,都市：商,,,,15090000
RPWNMLKLQHNFFEE56CC,新福段七小段,221.14,都市：住,,,,00760000
RPWNMLKLQHNFFEE56CC,新福段七小段,179.24,都市：住,,,,00760001
RPVNMLKLQHNFFEE09CC,新夏段,84.32,都市：住,,,,00060001
RPOPMLKLQHNFFEE58CC,新庄段十三小段,8.51,都市：商,,,,14450000
RPSOMLKLQHNFFEE88CC,藍昌段三小段,6.61,都市：商,,,,04860000
RPUOMLKLQHNFFAE68CC,青海段,28.33,都市：住,,,,03150000
RPPOMLKLQHNFFEE68DC,楠都段四小段,20.86,都市：住,,,,01830000
RPVNMLLLQHNFFGE76CC,新甲段,613.00,都市：工,,,,13500160
RPTOMLKLQHNFFGE56CC,七老爺段一甲小段,30.28,都市：住,,,,12420003
RPOOMLKLQHNFFEE58DC,果貿段,14.41,都市：住,,,,00060000
RPRNMLSKQHNFFBE09CC,新興段二小段,206.75,都市：商,,,,12370000
RPQNMLLLQHNFFJE56CC,大仁段,923.57,都市：工,,,,05820001
RPQNMLLLQHNFFJE56CC,大仁段,823.70,都市：工,,,,05880000
RPSRMLKLQHNFFEE56CC,新光段,12.51,都市：住,,,,03210000
RPSNMLKLQHNFFBE48CC,五塊厝段,7.72,都市：商,,,,16140000
RPRRMLKLQHNFFEE09CC,新庄段四小段,63.00,都市：住,,,,03490001
RPQNMLLLQHNFFAE28CC,青海段,14.93,都市：住,,,,00360000
RPPNMLLLQHNFFAE18CC,龍華段八小段,11.66,都市：商,,,,22700000
RPSNMLLLQHNFFAE48CC,博孝段,5.45,都市：商,,,,00060000
RPTNMLLLQHNFFFE09CC,大全段,3886.00,都市：工,,,,01640000
RPTNMLLLQHNFFFE09CC,大全段,3047.00,都市：工,,,,01670000
RPTNMLLLQHNFFFE09CC,大全段,906.00,都市：工,,,,01670002
RPTNMLLLQHNFFFE09CC,大全段,1732.00,都市：工,,,,01670003
RPUNMLLLQHNFFBE78CC,新興段三小段,9.29,都市：商,,,,09410000
RPTNMLLLQHNFFAE58CC,龍中段,17.72,都市：住,,,,01950000
RPOOMLLLQHNFFBE28CC,苓洲段,5.28,都市：商,,,,05420000
RPOPMLLLQHNFFEE68CC,菜公段六小段,.00,都市：住,,,,11030000
RPQOMLLLQHNFFEE78CC,新庄段七小段,84.00,都市：住,,,,09180000
RPQOMLLLQHNFFEE78CC,新庄段七小段,78.00,都市：住,,,,09190000
RPQOMLLLQHNFFEE78CC,新庄段七小段,41.00,都市：住,,,,09200000
RPQOMLLLQHNFFEE78CC,新庄段七小段,16.00,都市：住,,,,09330002
RPRPMLLLQHNFFEE98CC,新光段,12.75,都市：商,,,,03660000
RPVNMLMLQHNFFEE66CC,加昌段,42.72,都市：住,,,,02410000
RPWNMLLLQHNFFCE09CC,憲德段二小段,18.05,都市：商,,,,00260004
RPXNMLLLQHNFFCE56CC,瑞隆段二小段,59.75,都市：住,,,,04910000
RPWNMLMLQHNFFEE76CC,加昌段,42.72,都市：住,,,,02410000
RPWNMLMLQHNFFBE09CC,成功段,.00,都市：住,,,,10990000
RPRNMLMLQHNFFBE58CC,新興段三小段,60.00,都市：商,,,,07550000
RPRNMLMLQHNFFBE58CC,新興段三小段,12.00,都市：商,,,,07550001
RPQOMLLLQHNFFDE68CC,澄東段,151.62,都市：住,,,,01050005
RPQOMLLLQHNFFDE68CC,澄東段,11.26,都市：住,,,,01050012
RPSNMLLLQHNFFDE78CC,大港段二小段,54.00,都市：商,,,,14980050
RPQNMLNLQHNFFBE58CC,新興段三小段,.00,非都市： ; 非都市編定：,,,,09010000
RPROMLLLQHNFFDE78CC,鼎祥段,17.21,都市：住,,,,00230000
RPWOMLLLQHNFFDE66CC,大港段二小段,21.49,都市：商,,,,15020000
RPWNMLNLQHNFFDE76CC,大順段,118.50,都市：住,,,,02600000
RPQNMLOLQHNFFFE09CC,大紅段,.00,都市：住,,,,04950000
RPRNMLLLQHNFFJE66CC,大湖段,314.00,都市：農,,,,21080003
RPQNMLNLQHNFFIE66CC,慈惠段,13.43,都市：住,,,,10270000
RPVNMLLLQHNFFIE96CC,澄德段,15.04,都市：商,,,,00950000
RPRNMLOLQHNFFBE78CC,成功段,.00,都市：商,,,,02960000
RPQNMLOLQHNFFDE88CC,水源段,.00,都市：住,,,,00230000
RPSNMLOLQHNFFBE88CC,意誠段,.00,都市：商,,,,01990000
RPWNMLOLQHNFFBE66CC,新興段四小段,.00,都市：商,,,,13290000
RPXNMLOLQHNFFBE76CC,苓洲段,.00,都市：商,,,,00140000
RPOOMLOLQHNFFBE58CC,林德官段二小段,.00,都市：住,,,,34230000
RPOOMLOLQHNFFBE58CC,林德官段二小段,.00,都市：住,,,,34230003
RPQOMLMLQHNFFAE48CC,東金段,5.20,都市：商,,,,02390000
RPOOMLLLQHNFFAE18CC,龍中段,9.16,都市：商,,,,01040000
RPQOMLNLQHNFFAE58CC,龍華段八小段,121.00,都市：商,,,,22370003
RPTNMLRLQHNFFDE86CC,澄東段,.00,都市：住,,,,01010000
RPPOMLRLQHNFFDE56CC,鼎泰段,16.74,都市：住,,,,13680000
RPVNMLRLQHNFFCE96CC,獅甲段一小段,33.13,都市：住,,,,05310000
RPPNMLPLQHNFFCE78CC,愛群段,41.00,都市：商,,,,07830000
RPPNMLPLQHNFFCE78CC,愛群段,3.50,都市：商,,,,07830001
RPRNMLOLQHNFFCE88CC,光華段一小段,10.78,都市：住,,,,20220000
RPSNMLNLQHNFFCE88CC,愛群段,.00,非都市： ; 非都市編定：,,,,24590000
RPUNMLRLQHNFFBE76CC,林德官段二小段,168.58,都市：住,,,,35100001
RPUNMLRLQHNFFJE57CC,海埔段,31.00,都市：工,,,,22030109
RPUNMLRLQHNFFJE57CC,海埔段,143.00,都市：工,,,,22030033
RPUOMLRLQHNFFGE37CC,埤頂段,50241.00,都市：住,,,,12430035
RPQNMLOLQHNFFAE58CC,前金段,.00,都市：商,,,,00710037
RPRNMLRLQHNFFAE98CC,前峰段,17.48,都市：住,,,,01610000
RPRNMLRLQHNFFAE98CC,前峰段,.09,都市：住,,,,01610002
RPTOMLRLQHNFFAE66CC,博孝段,.00,都市：商,,,,04640000
RPROMLNLQHNFFAE68CC,龍華段一小段,86.00,都市：住,,,,04740014
RPQNMLSLQHNFFGE96CC,文山段,1364.00,都市：住,,,,02700007
RPPNMLTLQHNFFHE07CC,旗山段,154.00,都市：住,,,,01830081
RPQNMLTLQHNFFGE07CC,五甲段,333.00,都市：住,,,,03070004
RPWOMLTLQHNFFCE37CC,店鎮段一小段,148.00,都市：商,,,,15670000
RPWNMLKMQHNFFCE09CC,愛群段,.00,都市：商,,,,30430000
RPTPMLTLQHNFFCE17CC,愛群段,37.50,都市：住,,,,16360000
RPQNMLKMQHNFFCE48CC,山明段,16.08,都市：住,,,,07140000
RPTOMLKMQHNFFCE88CC,憲德段二小段,.00,都市：商,,,,00280000
RPWNMLKMQHNFFDE56CC,灣志段,56.15,都市：住,,,,00130000
RPXNMLKMQHNFFDE66CC,義民段,.00,都市：商,,,,03990000
RPPOMLKMQHNFFDE58CC,義民段,.00,都市：住,,,,06210000
RPROMLKMQHNFFDE78CC,大裕段一小段,.00,都市：住,,,,02190000
RPSOMLKMQHNFFDE88CC,水源段,14.62,都市：住,,,,04810000
RPTPMLKMQHNFFEE56CC,新庄段六小段,20.07,都市：住,,,,09500000
RPTPMLKMQHNFFEE56CC,新庄段六小段,15.57,都市：住,,,,09500000
RPPQMLTLQHNFFEE07CC,福民段,191.22,都市：住,,,,01160003
RPQPMLKMQHNFFEE88CC,福山段,11.22,都市：商,,,,03020000
RPQQMLTLQHNFFEE17CC,藍田中段,93.95,都市：住,,,,02390000
RPQQMLTLQHNFFEE17CC,藍田中段,86.59,都市：住,,,,02390000
RPQQMLTLQHNFFEE17CC,藍田中段,86.59,都市：住,,,,02390000
RPQQMLTLQHNFFEE17CC,藍田中段,152.00,都市：住,,,,02390000
RPQQMLTLQHNFFEE17CC,藍田中段,152.00,都市：住,,,,02390000
RPQQMLTLQHNFFEE17CC,藍田中段,99.16,都市：住,,,,02390000
RPQQMLTLQHNFFEE17CC,藍田中段,99.16,都市：住,,,,02390000
RPQQMLTLQHNFFEE17CC,藍田中段,516.60,都市：住,,,,02390000
RPQQMLTLQHNFFEE17CC,藍田中段,462.47,都市：住,,,,02390000
RPQQMLTLQHNFFEE17CC,藍田中段,93.95,都市：住,,,,02390000
RPRQMLRLQHNFFEE07CC,新光段,15.89,都市：住,,,,01830000
RPXOMLKMQHNFFEE86CC,高昌段,21.92,都市：住,,,,01120000
RPXNMLNLQHNFFEE96CC,新庄段八小段,634.00,都市：住,,,,00130000
RPXNMLNLQHNFFEE96CC,新庄段八小段,253.00,都市：住,,,,00150000
RPXNMLNLQHNFFEE96CC,新庄段八小段,71.00,都市：住,,,,00160000
RPSNMLOLQHNFFEE56CC,右昌段三小段,.00,都市：住,,,,06040000
RPWNMLKMQHNFFAE88CC,青海段,11.18,都市：住,,,,03600000
RPXNMLKMQHNFFAE98CC,龍華段一小段,.00,都市：住,,,,03580000
RPUNMLKMQHNFFGE66CC,竹子腳段,15.18,都市：住,,,,01060000
RPOOMLKMQHNFFAE18CC,前峰段,31.55,都市：住,,,,02150000
RPUNMLKMQHNFFHE76CC,旗南段,1302.48,都市：住,,,,02660000
RPUNMLKMQHNFFHE76CC,旗南段,297.88,都市：住,,,,02790000
RPQOMLKMQHNFFGE98CC,新甲段,.00,都市：住,,,,11670000
RPROMLKMQHNFFGE09CC,文山段,.00,非都市： ; 非都市編定：,,,,00480000
RPQNMLLMQHNFFAE38CC,青海段,31.80,都市：住,,,,00850000
RPVNMLLMQHNFFAE88CC,興福段,13.21,都市：商,,,,05660000
RPVNMLLMQHNFFEE66CC,新庄段十三小段,8.40,都市：商,,,,14450000
RPPOMLLMQHNFFDE68CC,鼎金段,24.14,都市：住,,,,10530000
RPOOMLLMQHNFFEE68CC,新庄段四小段,.00,都市：住,,,,08320000
RPXPMLLMQHNFFEE07CC,新庄段十三小段,6.53,都市：商,,,,14910000
RPXNMLLMQHNFFCE66CC,獅甲段,1.95,都市：住,,,,03300000
RPXNMLLMQHNFFCE66CC,獅甲段,6.16,都市：住,,,,03310000
RPQNMLMJRHNFFDE58CC,大豐段三小段,24.95,都市：住,,,,02450000
RPWNMLNJRHNFFCE56CC,瑞隆段三小段,72.00,都市：住,,,,06520000
RPWNMLNJRHNFFDE66CC,獅頭段,3.63,都市：商,,,,23190000
RPQOMLNJRHNFFCE68CC,獅甲段,6.94,都市：住,,,,01580001
RPQOMLNJRHNFFCE68CC,獅甲段,6.38,都市：住,,,,01600001
RPTNMLNJRHNFFBE78CC,意誠段,8.92,都市：商,,,,01860000
RPVNMLKMQHNFFBE88CC,成功段,9.02,都市：商,,,,02990000
RPSNMLLJRHNFFBE48CC,意誠段,.00,都市：商,,,,01990000
RPRNMLLJRHNFFBE38CC,意誠段,.00,都市：商,,,,01990000
RPUNMLKMQHNFFBE78CC,過田子段,.00,都市：商,,,,10650000
RPXNMLRLQHNFFBE07CC,新興段三小段,90.00,都市：商,,,,16330000
RPRNMLNJRHNFFAE48CC,青海段,11.70,都市：商,,,,02090000
RPQOMLLMQHNFFBE58CC,新興段一小段,9.90,都市：商,,,,17560000
RPRNMLKMQHNFFBE48CC,林德官段,71.00,都市：住,,,,11120006
RPVNMLNJRHNFFAE88CC,龍中段,7.90,都市：住,,,,00110000
RPSOMLRLQHNFFBE66CC,新興段二小段,4.08,都市：商,,,,09090000
RPXNMLNJRHNFFGE07CC,曹公段,273.90,都市：工,,,,01030057
RPXNMLNJRHNFFGE07CC,曹公段,273.90,都市：工,,,,01030056
RPVNMLOJRHNFFGE96CC,七老爺段一甲小段,47.00,都市：住,,,,00690090
RPPOMLOJRHNFFGE09CC,大貝湖段,47.45,都市：住,,,,00760001
RPTOMLOJRHNFFAE98DC,前金段,382.00,都市：商,,,,00730008
RPTOMLOJRHNFFCE56DC,坪頂段,402.70,都市：住,,,,00620005
RPROMLNJRHNFFCE78CC,獅甲段二小段,18.44,都市：住,,,,05580000
RPQOMLOJRHNFFGE56CC,大貝湖段,47.45,都市：住,,,,00760000
RPRNMLOJRHNFFBE68CC,苓洲段,4.33,都市：商,,,,05420000
RPUNMLOJRHNFFBE98CC,苓洲段,4.25,都市：商,,,,05420000
RPWOMLOJRHNFFAE56CC,內惟段八小段,19.76,都市：住,,,,04210000
RPWOMLOJRHNFFAE56CC,內惟段八小段,13.51,都市：住,,,,04210000
RPVOMLOJRHNFFAE09CC,青海段,19.65,都市：住,,,,04400000
RPWNMLOJRHNFFAE09CC,前峰段,.00,都市：住,,,,01830000
RPPPMLOJRHNFFAE58CC,興仁段,.00,都市：住,,,,00230000
RPPPMLOJRHNFFAE58CC,興仁段,.00,都市：住,,,,00240000
RPPPMLOJRHNFFAE58CC,興仁段,.00,都市：住,,,,00240001
RPSOMLNJRHNFFAE68CC,龍華段一小段,29950.00,都市：住,,,,05200000
RPUOMLOJRHNFFAE98CC,青海段,31.69,都市：住,,,,06590000
RPOPMLOJRHNFFAE48CC,龍華段三小段,16.50,都市：農,,,,07000000
RPXOMLOJRHNFFAE66CC,府北段五小段,.00,都市：商,,,,01690000
RPSNMLOJRHNFFDE98CC,水源段,14.62,都市：住,,,,04810000
RPVNMLOJRHNFFAE98CC,青海段,7.83,都市：住,,,,00940000
RPPPMLOJRHNFFDE88CC,覆鼎金段覆鼎金一小段,.00,都市：住,,,,06280001
RPOPMLOJRHNFFDE78CC,鼎泰段,.00,都市：住,,,,14740082
RPWNMLOJRHNFFDE76CC,大港段七小段,37.21,都市：商,,,,06860000
RPRPMLOJRHNFFDE09CC,獅頭段一小段,.00,都市：商,,,,16940000
RPQPMLOJRHNFFEE09CC,新庄段十三小段,6.23,都市：商,,,,14450000
RPTNMLPJRHNFFDE56CC,獅頭段一小段,27.42,都市：商,,,,15310000
RPPOMLPJRHNFFDE88CC,大港段二小段,1080.00,都市：商,,,,15020000
RPSNMLOJRHNFFCE88CC,獅甲段一小段,37.07,都市：住,,,,05310000
RPUOMLOJRHNFFCE56CC,愛群段,21.97,都市：商,,,,23940000
RPROMLPJRHNFFCE98CC,愛群段,11.62,都市：商,,,,29500003
RPPNMLPJRHNFFBE58CC,林德官段,14.09,都市：商,,,,11980001
RPWNMLPJRHNFFAE56CC,前金段,2.83,都市：商,,,,01080005
RPSNMLPJRHNFFBE88CC,大統段一小段,.00,都市：商,,,,02600000
RPXNMLPJRHNFFAE66CC,北金段,5.53,都市：住,,,,02550000
RPQNMLPJRHNFFGE56CC,五甲段,43.00,都市：住,,,,18780002
RPQNMLPJRHNFFGE56CC,五甲段,12.00,都市：住,,,,18780006
RPVPMLOJRHNFFEE96CC,清楠段,.14,都市：住,,,,05160014
RPVPMLOJRHNFFEE96CC,清楠段,77.38,都市：住,,,,05160037
RPTOMLPJRHNFFIE17CC,中里段,264.46,都市：住,,,,11200000
RPPNMLPJRHNFFEE88CC,新庄段十三小段,.00,都市：住,,,,12800000
RPVNMLPJRHNFFEE86CC,和平段五小段,67.00,都市：住,,,,02940015
RPRQMLOJRHNFFEE66CC,?後段,.00,都市：住,,,,01350003
RPSOMLPJRHNFFIE07CC,長庚段,112.00,都市：住,,,,04000008
RPWOMLPJRHNFFIE47CC,育英段,102.79,都市：住,,,,07850000
RPUOMLPJRHNFFEE86CC,新庄段十三小段,6.23,都市：商,,,,14450000
RPVQMLOJRHNFFEE07CC,新庄段五小段,.00,都市：住,,,,10840000
RPUPMLOJRHNFFEE86CC,新庄段十三小段,8.28,都市：商,,,,14450000
RPSNMLQJRHNFFLE37CC,林子邊段,1620.00,都市：農,,,,19070000
RPPNMLQJRHNFFAE58CC,青海段,.00,都市：住,,,,06570000
RPWPMLQJRHNFFGE47CC,七老爺段一甲小段,44.00,都市：住,,,,14840090
RPRNMLQJRHNFFDE09CC,澄清段二小段,22.01,都市：住,,,,00520000
RPUNMLQJRHNFFBE56CC,意誠段,.00,都市：商,,,,01990000
RPPQMLQJRHNFFGE86CC,埤頂段,146.00,都市：其他:道路用地,,,,13090011
RPPQMLQJRHNFFGE86CC,埤頂段,36.00,都市：其他:道路用地,,,,13090043
RPPQMLQJRHNFFGE86CC,埤頂段,89.00,都市：其他:道路用地,,,,13090046
RPPQMLQJRHNFFGE86CC,埤頂段,217.00,都市：其他:道路用地,,,,13090010
RPTNMLQJRHNFFBE09CC,意誠段,.00,都市：商,,,,01990000
RPSNMLQJRHNFFBE98CC,意誠段,.00,都市：商,,,,01990000
RPQOMLRJRHNFFCE09CC,獅甲段,10.28,非都市： ; 非都市編定：,,,,01600001
RPTNMLQJRHNFFDE66CC,大港段二小段,10.57,都市：商,,,,10950000
RPTNMLQJRHNFFDE66CC,大港段二小段,1.04,都市：其他:道路用地,,,,10950009
RPQNMLQJRHNFFAE68CC,前金段,11.31,都市：商,,,,00710004
RPRNMLRJRHNFFAE88CC,府北段五小段,4.03,都市：商,,,,02210000
RPTNMLRJRHNFFAE09CC,龍華段八小段,7.93,都市：商,,,,22720000
RPUNMLRJRHNFFAE56CC,龍華段八小段,6.42,都市：商,,,,22800000
RPVNMLRJRHNFFAE66CC,前金段,14.88,都市：商,,,,00710004
RPWNMLRJRHNFFAE76CC,青海段,11.18,都市：住,,,,03600000
RPXOMLRJRHNFFGE57CC,明頂段,104.01,都市：住,,,,00340018
RPOOMLRJRHNFFAE68CC,鼓中段五小段,.79,都市：商,,,,03270005
RPWNMLRJRHNFFIE57CC,華美段,141.65,都市：住,,,,06920000
RPSNMLRJRHNFFIE17CC,仁雄段,368.88,都市：住,,,,03520001
RPXNMLRJRHNFFBE07DC,苓雅寮段,6.51,都市：商,,,,08210000
RPOOMLRJRHNFFEE56DC,新庄段一小段,.00,都市：住,,,,11030005
RPSOMLKKRHNFFIE66CC,大?腿段,1316.00,都市：工,,,,16330001
RPSOMLRJRHNFFEE86CC,新庄段十三小段,38.29,都市：商,,,,15110000
RPRNMLKKRHNFFIE09CC,仁春段,98.00,都市：住,,,,04520007
RPTPMLRJRHNFFEE07CC,加昌段二小段,9.21,都市：商,,,,19400000
RPRNMLKKRHNFFIE09CC,仁春段,.34,都市：住,,,,04520001
RPRNMLKKRHNFFIE09CC,仁春段,13.02,都市：住,,,,04520003
RPRNMLKKRHNFFIE09CC,仁春段,1.77,都市：其他:人行步道,,,,04530002
RPPPMLRJRHNFFEE66CC,興隆段,13.42,都市：住,,,,08590050
RPPPMLRJRHNFFEE66CC,興隆段,12.08,都市：住,,,,08590050
RPPNMLKKRHNFFAE08CC,前金段,2.55,都市：商,,,,01080021
RPVNMLKKRHNFFGE66CC,四甲段,1517.41,都市：住,,,,00030000
RPQNMLKKRHNFFAE18CC,內惟段一小段,18.12,都市：住,,,,14290000
RPRNMLKKRHNFFAE28CC,青海段,18.35,都市：住,,,,06350000
RPUOMLKKRHNFFAE68CC,博孝段,5.08,都市：商,,,,12340000
RPQNMLKKRHNFFDE48CC,建昌段,.00,都市：住,,,,03860000
RPTNMLLKRHNFFCE78CC,愛群段,.00,都市：商,,,,10810000
RPVNMLLKRHNFFCE98CC,鳳宮段,82.00,都市：住,,,,05910000
RPVNMLLKRHNFFCE98CC,鳳宮段,81.00,都市：住,,,,05920000
RPOOMLLKRHNFFCE38CC,愛群段,.00,都市：商,,,,10810000
RPVOMLLKRHNFFCE09CC,愛群段,.00,都市：住,,,,08130000
RPPOMLKKRHNFFBE28CC,過田子段,.00,都市：商,,,,11360000
RPOOMLKKRHNFFBE18CC,林德官段,3.11,都市：住,,,,13680001
RPOOMLKKRHNFFBE18CC,林德官段,6.51,都市：商,,,,13680000
RPRNMLRJRHNFFBE98CC,意誠段,.00,都市：商,,,,01990000
RPTNMLRJRHNFFBE56CC,林德官段一小段,5.04,都市：商,,,,24070000
RPOOMLQJRHNFFBE68CC,正言段,111.45,都市：住,,,,03200000
RPQNMLRJRHNFFBE88CC,意誠段,.00,都市：商,,,,01990000
RPQNMLLKRHNFFEE68CC,菜公段六小段,.00,都市：住,,,,11050000
RPVNMLRJRHNFFBE76CC,新興段二小段,5.97,都市：商,,,,12760000
RPRNMLLKRHNFFEE78CC,藍田中段,94.02,都市：商,,,,02610005
RPSNMLLKRHNFFEE88CC,藍田中段,93.79,都市：商,,,,02610006
RPWNMLLKRHNFFAE88CC,龍華段八小段,14.38,都市：商,,,,22850000
RPRNMLLKRHNFFGE98CC,新甲段,19.06,都市：住,,,,13020000
RPOOMLLKRHNFFAE18CC,府北段五小段,85.14,都市：商,,,,00940000
RPPOMLMKRHNFFIE56CC,大安段,163.00,都市：住,,,,09900005
RPTNMLMKRHNFFFE56CC,安西段,219.46,都市：工,,,,09190000
RPSNMLMKRHNFFGE56CC,五甲段,16.60,都市：住,,,,10940010
RPQOMLLKRHNFFEE78CC,新庄段二小段,.00,都市：住,,,,05210000
RPWNMLMKRHNFFGE96CC,頂庄段,.00,都市：住,,,,07100000
RPPNMLLKRHNFFIE98CC,保安段,94.00,都市：住,,,,10000000
RPXNMLMKRHNFFIE27CC,灣勢段,319.32,都市：農,,,,07600000
RPXNMLMKRHNFFIE27CC,灣勢段,159.11,都市：農,,,,07790000
RPQOMLMKRHNFFAE48CC,龍中段,9.63,都市：商,,,,00870000
RPXNMLMKRHNFFEE86CC,清豐段,.00,都市：住,,,,02270517
RPRNMLMKRHNFFAE48CC,龍華段八小段,.00,都市：商,,,,21920000
RPQOMLMKRHNFFEE88CC,新庄段十二小段,21.50,都市：住,,,,09760000
RPTNMLMKRHNFFAE68CC,前金段,51.76,都市：商,,,,00510000
RPTNMLMKRHNFFAE68CC,前金段,8.24,都市：商,,,,00510002
RPOOMLMKRHNFFEE68CC,右昌段三小段,76.00,都市：住,,,,03370000
RPXNMLMKRHNFFDE76CC,大港段,.00,都市：住,,,,34650000
RPUNMLMKRHNFFDE09CC,灣昌段,25.64,都市：住,,,,02510000
RPVNMLMKRHNFFCE09CC,獅甲段,.00,都市：商,,,,03310000
RPVNMLMKRHNFFDE56CC,灣昌段,51.28,都市：住,,,,02510000
RPROMLMKRHNFFDE88CC,水源段,361.25,都市：商,,,,06660001
RPPOMLMKRHNFFDE68CC,澄東段,41.13,都市：住,,,,00280000
RPSOMLMKRHNFFDE98CC,覆鼎金段覆鼎金小段,.00,都市：住,,,,11830000
RPOQMLNKRHNFFEE98CC,新庄段十二小段,.00,都市：住,,,,10350007
RPXOMLNKRHNFFEE07CC,福山段,7.74,都市：商,,,,03420000
RPQOMLKKRHNFFBE38CC,大統段一小段,.00,都市：商,,,,02600000
RPXNMLNKRHNFFAE56CC,前金段,14.88,都市：商,,,,00710004
RPSOMLKKRHNFFBE58CC,五塊厝段,132.15,都市：商,,,,20370001
RPPNMLNKRHNFFAE38CC,龍華段八小段,12.13,都市：商,,,,23920000
RPQNMLLKRHNFFBE38CC,過田子段,76.00,都市：商,,,,10740094
RPXOMLNKRHNFFGE27CC,鳳山段草店尾小段,10.09,都市：商,,,,02330027
RPUOMLMKRHNFFBE98CC,正福段,22.81,都市：住,,,,02790000
RPUOMLMKRHNFFBE98CC,正福段,1.33,都市：住,,,,02780000
RPUOMLMKRHNFFBE98CC,正福段,4.09,都市：其他:道路用地,,,,02790001
RPWNMLOKRHNFFGE17CC,北門段,126.00,都市：住,,,,00370000
RPRPMLOKRHNFFGE86CC,文英段,.00,都市：住,,,,21420003
RPVNMLOKRHNFFGE07CC,牛潮埔段,239.00,都市：工,,,,10780007
RPRNMLOKRHNFFIE86CC,興農段,800.00,都市：農,,,,00490000
RPQOMLOKRHNFFAE68CC,前金段,.04,都市：商,,,,06680008
RPQOMLOKRHNFFAE68CC,前金段,23.68,都市：商,,,,06680000
RPROMLOKRHNFFAE78CC,龍華段八小段,.00,都市：商,,,,21990001
RPROMLOKRHNFFAE78CC,龍華段八小段,.00,都市：商,,,,21990000
RPVNMLOKRHNFFAE09CC,內惟段六小段,.00,都市：住,,,,11770000
RPQNMLOKRHNFFEE98CC,福民段,690.20,都市：住,,,,00200000
RPQNMLOKRHNFFEE98CC,福民段,535.57,都市：住,,,,00210000
RPWNMLOKRHNFFEE96CC,福民段,13.54,都市：住,,,,02090000
RPWOMLOKRHNFFDE96CC,灣內段,112.03,都市：工,,,,01420220
RPTNMLPKRHNFFDE66CC,覆鼎金段覆鼎金一小段,.00,都市：住,,,,06320000
RPVNMLOKRHNFFDE76CC,建安段,86.00,都市：商,,,,00130000
RPSNMLPKRHNFFCE09CC,瑞隆段四小段,35.58,都市：商,,,,09200000
RPUOMLOKRHNFFBE56CC,過田子段,.00,都市：商,,,,06000000
RPWNMLOKRHNFFBE66CC,苓洲段,6.60,都市：商,,,,02630000
RPQNMLNKRHNFFBE58CC,苓洲段,4.25,都市：商,,,,05420000
RPROMLOKRHNFFBE88CC,苓洲段,26.23,都市：商,,,,18300000
RPRNMLOKRHNFFBE78CC,大統段二小段,85.00,都市：商,,,,03180000
RPTOMLNKRHNFFBE98CC,新興段三小段,9.32,都市：商,,,,09010000
RPTNMLRKRHNFFEE96CC,新庄段十三小段,.00,都市：商,,,,15310000
RPTNMLRKRHNFFEE96CC,新庄段十三小段,.00,都市：商,,,,15330000
RPUOMLRKRHNFFBE86CC,正德段,.00,都市：住,,,,04670000
RPUNMLRKRHNFFBE76CC,意誠段,.00,都市：商,,,,01990000
RPVOMLRKRHNFFBE96CC,正德段,.00,都市：住,,,,04470000
RPSOMLRKRHNFFEE96CC,加昌段二小段,12.02,都市：住,,,,19400000
RPXOMLRKRHNFFBE17CC,過田子段,.00,都市：商,,,,06070000
RPOPMLRKRHNFFBE98CC,過田子段,.00,都市：商,,,,05440006
RPSNMLRKRHNFFAE09CC,龍華段八小段,9.39,都市：商,,,,22430000
RPOOMLSKRHNFFAE88CC,青海段,13.70,都市：商,,,,02090001
RPVNMLSKRHNFFAE86CC,文東段,.00,都市：商,,,,10510000
RPVNMLSKRHNFFAE86CC,文東段,.00,都市：商,,,,10500000
RPUOMLSKRHNFFAE86CC,青海段,15.55,都市：住,,,,05350000
RPSOMLSKRHNFFAE66CC,龍中段,11.87,都市：商,,,,01030000
RPQOMLSKRHNFFAE09CC,龍中段,25.18,都市：商,,,,01490000
RPVOMLSKRHNFFAE96CC,青海段,6.82,都市：住,,,,01010000
RPQOMLSKRHNFFAE09CC,龍中段,18.98,都市：商,,,,01490000
RPQOMLSKRHNFFAE09CC,龍中段,20.14,都市：商,,,,01490000
RPXOMLSKRHNFFAE17CC,後金段,9.30,都市：商,,,,05300000
RPXOMLSKRHNFFAE17CC,後金段,9.30,都市：商,,,,05300000
RPXOMLSKRHNFFAE17CC,後金段,9.52,都市：商,,,,05300000
RPSNMLSKRHNFFEE96CC,福山段,150.54,都市：住,,,,01300000
RPRNMLSKRHNFFEE86CC,新庄段七小段,.00,都市：住,,,,05750000
RPSOMLSKRHNFFEE07CC,新庄段一小段,503.00,都市：住,,,,06050000
RPSOMLSKRHNFFEE07CC,新庄段十一小段,343.84,都市：住,,,,14760000
RPSNMLSKRHNFFCE76CC,光華段,1148.00,都市：商,,,,02190000
RPSNMLSKRHNFFCE76CC,光華段,103.00,都市：商,,,,02190001
RPTNMLSKRHNFFCE86CC,愛群段,7.29,都市：商,,,,24590000
RPUNMLSKRHNFFCE96CC,獅甲段二小段,13.43,都市：住,,,,05520000
RPVNMLSKRHNFFCE07CC,愛群段,7.84,都市：商,,,,24590000
RPVNMLSKRHNFFCE07CC,愛群段,7.61,都市：商,,,,24590000
RPQOMLSKRHNFFCE66CC,憲德段二小段,18.51,都市：商,,,,00200000
RPROMLSKRHNFFCE76CC,二橋段,2201.00,都市：工,,,,12710000
RPTOMLSKRHNFFCE96CC,愛群段,7.61,都市：商,,,,24590000
RPPOMLSKRHNFFDE66CC,灣復段,.00,都市：商,,,,03940000
RPVOMLRKRHNFFGE47CC,道爺?段,127.00,都市：住,,,,01450021
RPVOMLRKRHNFFGE47CC,道爺?段,98.00,都市：住,,,,01450003
RPTNMLPKRHNFFGE96CC,七老爺段,96.00,都市：商,,,,12310001
RPUOMLRKRHNFFGE37CC,竹子腳段,.00,都市：住,,,,01690013
RPUOMLRKRHNFFGE37CC,竹子腳段,.00,都市：住,,,,01770010
RPUOMLRKRHNFFGE37CC,竹子腳段,.00,都市：住,,,,01780030
RPUOMLRKRHNFFGE37CC,竹子腳段,.00,都市：住,,,,01780032
RPVNMLSKRHNFFIE67CC,灣勢段,1165.00,都市：農,,,,13440000
RPWNMLSKRHNFFIE77CC,大?腿段,420.00,都市：農,,,,13410000
RPRNMLTKRHNFFDE86CC,建豐段,5.02,都市：住,,,,03900000
RPTNMLTKRHNFFDE07CC,大順段,8.59,都市：商,,,,04320000
RPTNMLTKRHNFFDE07CC,大順段,12.43,都市：商,,,,04330000
RPVNMLTKRHNFFCE17CC,山明段,16.73,都市：住,,,,07020000
RPQPMLTKRHNFFEE07CC,新庄段二小段,184.00,都市：商,,,,07940057
RPQPMLTKRHNFFEE07CC,新庄段二小段,146.00,都市：商,,,,07920002
RPSNMLTKRHNFFCE86CC,愛群段,5.94,都市：商,,,,24590000
RPUPMLTKRHNFFEE47CC,新夏段,27.82,都市：住,,,,00120000
RPXPMLTKRHNFFEE77CC,新福段七小段,15.20,都市：住,,,,00050000
RPXPMLTKRHNFFEE77CC,新福段七小段,15.14,都市：住,,,,00050000
RPORMLTKRHNFFEE07CC,福山段,9.82,都市：商,,,,02910000
RPXOMLTKRHNFFAE27CC,北金段,73.00,都市：商,,,,11340000
RPWOMLTKRHNFFAE17CC,北金段,10.86,都市：商,,,,02550000
RPVNMLKLRHNFFAE78CC,龍華段八小段,7.09,都市：商,,,,22210000
RPSQMLKLRHNFFEE56CC,新庄段十三小段,6.70,都市：商,,,,14450000
RPTQMLKLRHNFFEE66CC,菜公段五小段,61.00,都市：住,,,,12600000
RPPRMLKLRHNFFEE98CC,新庄段十三小段,.00,都市：商,,,,14450000
RPUNMLSKRHNFFBE86CC,苓東段,24.86,都市：住,,,,01290000
RPVNMLKLRHNFFBE88CC,新興段一小段,3.47,都市：商,,,,20270000
RPVNMLKLRHNFFBE88CC,新興段一小段,9.88,都市：商,,,,20240000
RPVNMLKLRHNFFBE88CC,新興段一小段,.31,都市：商,,,,20480000
RPPOMLSKRHNFFBE09CC,苓洲段,5.28,都市：商,,,,05420000
RPRNMLTKRHNFFBE66CC,成功段,.00,都市：住,,,,10990000
RPPNMLKLRHNFFBE28CC,新興段二小段,8.80,都市：商,,,,17670000
RPROMLSKRHNFFBE66CC,意誠段,.00,都市：商,,,,01990000
RPSOMLSKRHNFFBE76CC,意誠段,.00,都市：商,,,,01990000
RPOOMLKLRHNFFBE28CC,正昌段,21.69,都市：住,,,,02150000
RPOOMLKLRHNFFBE28CC,正昌段,3.24,都市：住,,,,02160000
RPWNMLSKRHNFFBE07CC,苓洲段,4.24,都市：商,,,,05420000
RPWNMLKLRHNFFFE76CC,橋南段,65.00,都市：住,,,,06730000
RPRNMLLLRHNFFGE09CC,文英段,27.85,都市：住,,,,21450000
RPSNMLLLRHNFFGE56CC,北門段,57.00,都市：住,,,,13030000
RPRNMLLLRHNFFEE88CC,新庄段十三小段,6.33,都市：商,,,,14360000
RPPNMLLLRHNFFDE58CC,大港段七小段,2.59,都市：商,,,,04440006
RPUNMLLLRHNFFCE98CC,光華段一小段,.00,都市：住,,,,18830000
RPQNMLLLRHNFFDE68CC,覆鼎金段覆鼎金小段,10.13,都市：住,,,,11830000
RPSOMLLLRHNFFDE98CC,三塊厝段四小段,14.10,都市：商,,,,30770000
RPQPMLLLRHNFFDE88CC,大裕段一小段,.00,都市：住,,,,03310000
RPQOMLLLRHNFFDE78CC,金獅段,67.84,都市：商,,,,01530000
RPPPMLLLRHNFFBE58CC,過田子段,.00,都市：商,,,,11360000
RPPOMLLLRHNFFCE58CC,愛群段,6.77,都市：住,,,,23940000
RPTOMLLLRHNFFBE88CC,林聖段,39.46,都市：住,,,,11990000
RPTNMLPLRHNFFAE09CC,北金段,62.00,都市：商,,,,02950000
RPWOMLLLRHNFFCE66CC,桂林段,141.64,都市：商,,,,00640000
RPSOMLLLRHNFFAE68CC,青海段,.00,都市：住,,,,00970000
RPOPMLPLRHNFFBE88CC,林德官段,.00,都市：商,,,,15160000
RPTOMLPLRHNFFBE66CC,林德官段二小段,.00,都市：住,,,,34600000
RPUPMLLLRHNFFBE09CC,林德官段二小段,.00,都市：住,,,,34240004
RPUOMLPLRHNFFBE76CC,林德官段,.00,都市：商,,,,11980003
RPUOMLPLRHNFFBE76CC,林德官段,.00,都市：商,,,,11980004
RPWNMLPLRHNFFBE86CC,林德官段,9.76,都市：商,,,,11810000
RPVOMLPLRHNFFBE86CC,過田子段,.00,都市：商,,,,11360000
RPWNMLPLRHNFFBE86CC,林德官段,.92,都市：其他:道路用地,,,,11810003
RPQOMLPLRHNFFBE98CC,大統段一小段,.00,都市：商,,,,14050000
RPUNMLPLRHNFFBE66CC,林德官段,26.06,都市：住,,,,11210000
RPUNMLPLRHNFFDE86CC,覆鼎金段覆鼎金小段,.00,都市：住,,,,13260016
RPPNMLPLRHNFFCE88CC,店鎮段一小段,.00,都市：商,,,,12140000
RPUNMLQLRHNFFDE96CC,大港段二小段,72.00,都市：住,,,,14330001
RPSNMLQLRHNFFGE07CC,七老爺段一甲小段,82.00,都市：住,,,,10950046
RPWOMLPLRHNFFGE47CC,埤頂段,45.22,都市：住,,,,12430035
RPSNMLPLRHNFFEE76CC,福民段,9.03,都市：住,,,,00010000
RPRNMLQLRHNFFIE27DC,新後港西段,88.11,都市：住,,,,00690027
RPRNMLQLRHNFFIE27DC,新後港西段,2.68,都市：住,,,,00690147
RPROMLPLRHNFFDE66CC,鼎泰段一小段,.00,非都市： ; 非都市編定：,,,,09750000
RPUNMLQLRHNFFAE66CC,青海段,19.04,都市：住,,,,06360000
RPPNMLPLRHNFFDE98CC,大港段,.00,都市：住,,,,34460000
RPPNMLPLRHNFFDE98CC,大港段,.00,都市：住,,,,34470000
RPTNMLPLRHNFFEE86CC,新庄段十二小段,.00,都市：住,,,,11480000
RPTNMLRLRHNFFBE76CC,新興段二小段,123.00,都市：商,,,,03360000
RPWNMLRLRHNFFAE96CC,龍華段八小段,16.37,都市：商,,,,22930000
RPWNMLRLRHNFFBE07CC,苓中段,133.00,都市：商,,,,01370000
RPWOMLRLRHNFFCE27CC,瑞崗段四小段,6.89,都市：住,,,,02770000
RPWOMLRLRHNFFCE27CC,瑞崗段六小段,3.02,都市：住,,,,12510000
RPRNMLRLRHNFFDE76CC,灣中段,139.09,都市：商,,,,03800000
RPRNMLRLRHNFFDE76CC,灣中段,5.65,都市：商,,,,03830000
RPXNMLRLRHNFFBE17CC,新興段四小段,4.14,都市：商,,,,12590000
RPUNMLRLRHNFFEE17CC,新福段四小段,13.60,都市：住,,,,00010000
RPUNMLRLRHNFFEE17CC,新福段四小段,13.60,都市：住,,,,00010000
RPUNMLRLRHNFFEE17CC,新福段四小段,13.60,都市：住,,,,00010000
RPUNMLRLRHNFFJE67CC,保安段,579.34,都市：工,,,,02790000
RPROMLRLRHNFFBE66CC,苓中段,133.00,都市：商,,,,01370000
RPWNMLRLRHNFFGE57CC,七老爺段,17.03,都市：住,,,,03670000
RPWNMLRLRHNFFEE37CC,新庄段十二小段,148.00,都市：住,,,,09920002
RPUNMLSLRHNFFLE97CC,六合段,.00,都市：住,,,,01420000
RPTOMLRLRHNFFBE86CC,林德官段,17.00,都市：商,,,,11570003
RPTOMLRLRHNFFBE86CC,林德官段,28.00,都市：商,,,,11570012
RPRNMLSLRHNFFCE76CC,瑞隆段三小段,27.44,都市：住,,,,11560000
RPSNMLSLRHNFFAE76DC,青海段,45.86,都市：住,,,,02900000
RPTNMLSLRHNFFDE07CC,三塊厝段四小段,.00,都市：住,,,,29260000
RPPNMLSLRHNFFLE47CC,林園段,189.68,都市：住,,,,02540000
RPQNMLSLRHNFFDE76CC,獅頭段二小段,15.64,都市：住,,,,13680000
RPPNMLSLRHNFFBE09CC,新興段一小段,47.00,都市：商,,,,12560000
RPRNMLSLRHNFFDE86CC,建德段,23.60,都市：商,,,,02040000
RPSNMLSLRHNFFDE96CC,覆鼎金段覆鼎金小段,68.00,都市：住,,,,14090000
RPQPMLSLRHNFFDE96CC,大港段三小段,108.00,都市：商,,,,08010014
RPQPMLSLRHNFFDE96CC,大港段三小段,61.00,都市：商,,,,08010015
RPPPMLSLRHNFFDE86CC,大港段三小段,108.00,都市：商,,,,08010014
RPPPMLSLRHNFFDE86CC,大港段三小段,61.00,都市：商,,,,08010015
RPPNMLTLRHNFFCE66CC,愛群段,10.41,都市：商,,,,10810000
RPSNMLSLRHNFFBE76CC,林德官段一小段,62.00,都市：住,,,,26990006
RPSNMLTLRHNFFGE37CC,福誠段,22.90,都市：住,,,,00190000
RPTNMLSLRHNFFBE86CC,福東段,.00,都市：商,,,,04340001
RPTNMLSLRHNFFBE86CC,福東段,.00,都市：住,,,,04340004
RPQNMLTLRHNFFBE66CC,林德官段,38.75,都市：住,,,,10920000
RPQNMLTLRHNFFBE66CC,林德官段,3.90,都市：住,,,,10920003
RPRNMLLJIINFFIE28CC,北屋段,133.11,都市：住,,,,13390006
RPRNMLLJIINFFIE28CC,北屋段,.12,都市：住,,,,13390017
RPRNMLLJIINFFIE28CC,北屋段,.58,都市：住,,,,13390018
RPTNMLLJIINFFIE48CC,澄清段,94.90,都市：住,,,,00330031
RPQOMLLJIINFFDE77CC,大港段二小段,.00,都市：住,,,,17220007
RPXNMLSLRHNFFAE17CC,龍華段一小段,.00,都市：住,,,,05200000
RPUNMLLJIINFFBE87CC,新興段三小段,.00,都市：商,,,,09410000
RPROMLLJIINFFDE87CC,大港段二小段,.00,都市：住,,,,17220007
RPVNMLLJIINFFBE97CC,新興段三小段,.00,都市：商,,,,09410000
RPPOMLLJIINFFBE47CC,意誠段,.00,都市：商,,,,01990000
RPRNMLLJIINFFBE57CC,新興段二小段,8.69,都市：商,,,,17670000
RPOOMLLJIINFFBE37CC,意誠段,.00,都市：商,,,,01990000
RPSOMLLJIINFFBE77CC,新興段四小段,.00,都市：商,,,,04400000
RPTOMLLJIINFFBE87CC,五權段,5.94,都市：住,,,,00500000
RPTOMLMJIINFFAE87CC,龍中段,11.13,都市：商,,,,00590000
RPXOMLMJIINFFAE28CC,青海段,7.40,都市：商,,,,01510000
RPQNMLLJIINFFLE48CC,山子頂段,26.82,都市：住,,,,32140000
RPPPMLLJIINFFEE87CC,楠都段三小段,71.00,都市：商,,,,01260000
RPSNMLMJIINFFEE08CC,左東段,.00,都市：住,,,,03460000
RPVOMLLJIINFFEE38CC,新福段七小段,161.55,都市：住,,,,00180007
RPROMLSLRHNFFEE07CC,?後段,36.08,都市：住,,,,00190009
RPVNMLMJIINFFEE38CC,新光段,.00,都市：住,,,,02530000
RPWNMLMJIINFFEE48CC,新庄段十三小段,.00,都市：商,,,,14840000
RPSPMLMJIINFFEE28CC,新庄段十二小段,60.56,都市：住,,,,09270000
RPTPMLMJIINFFEE38CC,新庄段十三小段,6.72,都市：商,,,,15160000
RPVPMLMJIINFFEE58CC,福山段,.00,都市：住,,,,00550008
RPROMLMJIINFFDE97CC,水源段,11.29,都市：住,,,,04810000
RPWOMLMJIINFFDE48CC,建昌段,84.00,都市：住,,,,01060000
RPWNMLMJIINFFDE38CC,建民段,.00,都市：商,,,,07320000
RPWNMLMJIINFFDE38CC,建民段,.00,都市：商,,,,07330001
RPXNMLMJIINFFBE28CC,林德官段一小段,15.37,都市：商,,,,25270000
RPPOMLMJIINFFDE77CC,獅頭段,.00,都市：商,,,,26980026
RPQNMLMJIINFFBE57CC,五塊厝段,147.00,都市：商,,,,23580001
RPUOMLLJIINFFBE97CC,過田子段,23.77,都市：住,,,,09060000
RPTNMLMJIINFFBE87CC,意誠段,.00,都市：商,,,,01990000
RPSNMLMJIINFFBE77CC,過田子段,.00,都市：商,,,,11360000
RPVNMLMJIINFFFE48CC,?子段,2341.00,非都市：特定農業區 ; 非都市編定：農牧用地,,,,01230003
RPUNMLMJIINFFFE38CC,台安段,727.57,都市：農,,,,04010000
RPSNMLMJIINFFCE87CC,瑞崗段一小段,41.00,都市：商,,,,04010000
RPTOMLMJIINFFCE08CC,憲德段二小段,.00,都市：商,,,,00260004
RPTOMLMJIINFFGE48CC,大貝湖段,21.98,都市：住,,,,01420000
RPOOMLNJIINFFEE87CC,加昌段,.00,都市：商,,,,08680000
RPTNMLNJIINFFDE18CC,三塊厝段,6.94,都市：住,,,,11460008
RPTNMLNJIINFFDE18CC,三塊厝段,11.23,都市：住,,,,11460009
RPSNMLNJIINFFBE87CC,新興段二小段,5.97,都市：商,,,,12760000
RPTNMLNJIINFFBE97CC,林德官段二小段,9.66,都市：商,,,,34410001
RPVNMLNJIINFFBE18CC,林德官段二小段,89.00,都市：住,,,,34790008
RPVNMLNJIINFFBE18CC,林德官段二小段,137.00,都市：住,,,,34790000
RPWNMLNJIINFFBE28CC,林德官段,94.94,都市：商,,,,13950000
RPUOMLNJIINFFBE18CC,林德官段,.00,都市：商,,,,15080000
RPOOMLNJIINFFBE57CC,過田子段,60.00,都市：商,,,,06740000
RPROMLNJIINFFBE87CC,新興段四小段,.00,都市：商,,,,16770000
RPROMLNJIINFFBE87CC,新興段四小段,.00,都市：商,,,,16780000
RPVOMLNJIINFFBE28CC,大統段二小段,.00,都市：商,,,,02770000
RPTNMLOJIINFFBE08CC,新興段三小段,.00,都市：商,,,,00200000
RPUNMLOJIINFFBE18CC,苓洲段,.00,都市：商,,,,18170000
RPOOMLOJIINFFBE67CC,新興段三小段,.00,都市：商,,,,09410000
RPWNMLOJIINFFBE38CC,新興段三小段,.00,都市：商,,,,09410000
RPQNMLNJIINFFCE77CC,憲德段二小段,18.73,都市：商,,,,00200000
RPWOMLMJIINFFCE38CC,瑞隆段一小段,22.85,都市：住,,,,07010000
RPWOMLMJIINFFCE38CC,瑞隆段一小段,35.16,都市：住,,,,07040000
RPUOMLMJIINFFCE18CC,憲德段二小段,.00,都市：商,,,,00260004
RPWNMLNJIINFFCE38CC,獅甲段,.00,都市：住,,,,01600001
RPXOMLOJIINFFBE58CC,林德官段一小段,30.08,都市：商,,,,25260000
RPUOMLOJIINFFBE28CC,過田子段,.00,都市：商,,,,11360000
RPQOMLOJIINFFBE87CC,新興段二小段,3.71,都市：商,,,,16220000
RPXOMLNJIINFFGE98CC,五甲段,.00,都市：住,,,,12800010
RPQPMLOJIINFFAE87CC,北金段,9.23,都市：商,,,,10970000
RPPNMLNJIINFFAE47CC,青海段,18.49,都市：住,,,,06350000
RPPNMLNJIINFFAE47CC,青海段,18.02,都市：住,,,,06350000
RPUPMLOJIINFFEE68CC,新博段,11.75,都市：住,,,,00200000
RPWQMLOJIINFFEE98CC,新庄段十二小段,.00,都市：住,,,,12360000
RPRQMLOJIINFFEE48CC,福山段,.00,都市：商,,,,03240000
RPUNMLOJIINFFAE08CC,龍華段八小段,.00,都市：商,,,,22100000
RPXPMLOJIINFFEE98CC,新庄段十三小段,8.67,都市：商,,,,14450000
RPXPMLOJIINFFEE98CC,新庄段十三小段,8.67,都市：商,,,,14450000
RPOPMLMJIINFFAE47CC,內惟段一小段,30.85,都市：住,,,,04940005
RPVQMLOJIINFFEE88CC,新庄段十二小段,.00,都市：住,,,,12360000
RPOQMLOJIINFFEE18CC,新庄段十三小段,.00,都市：商,,,,15310000
RPOQMLOJIINFFEE18CC,新庄段十三小段,.00,都市：商,,,,15330000
RPTNMLOJIINFFCE18CC,獅甲段,.00,都市：商,,,,03300000
RPROMLOJIINFFCE08CC,愛群段,.00,都市：商,,,,24590000
RPWNMLOJIINFFDE58CC,獅頭段,17.30,都市：商,,,,26380000
RPOOMLOJIINFFLE68CC,頂寮段,74.26,都市：農,,,,03260000
RPOOMLOJIINFFGE18CC,牛潮埔段,102.00,都市：住,,,,02150080
RPXNMLPJIINFFGE09CC,竹子腳段,7.77,都市：住,,,,02830019
RPRNMLPJIINFFFE38CC,文化段,5.77,都市：住,,,,06390000
RPRNMLPJIINFFIE68CC,育才段,31.19,都市：住,,,,02460000
RPSOMLPJIINFFGE68CC,五甲段,72.00,都市：住,,,,12820010
RPVNMLOJIINFFIE98CC,崎子?段,1694.00,都市：農,,,,12470000
RPTOMLPJIINFFGE78CC,道爺?段,27.10,都市：住,,,,10930088
RPTNMLPJIINFFCE28CC,獅甲段二小段,10.32,都市：住,,,,05520000
RPSNMLPJIINFFIE78CC,赤南段,170.47,都市：住,,,,00960000
RPUNMLPJIINFFCE38CC,瑞隆段三小段,80.00,都市：住,,,,03170000
RPVNMLPJIINFFCE48CC,瑞隆段三小段,80.00,都市：住,,,,03170000
RPWNMLPJIINFFCE58CC,憲德段二小段,13.65,都市：商,,,,00260004
RPWNMLPJIINFFEE78CC,加昌段,11.41,都市：住,,,,00180003
RPXNMLPJIINFFEE88CC,楠都段一小段,108.00,都市：商,,,,06160002
RPQOMLPJIINFFEE28CC,左東段,.00,都市：住,,,,03460000
RPPOMLPJIINFFDE08CC,大裕段一小段,16.21,都市：住,,,,02280000
RPPOMLPJIINFFDE08CC,大豐段二小段,5.67,都市：住,,,,01620000
RPUNMLPJIINFFEE58CC,新庄段十三小段,8.40,都市：商,,,,14450000
RPWNMLPJIINFFAE38CC,龍中段,12.80,都市：其他:廣場用地,,,,00650000
RPWNMLPJIINFFAE38CC,龍中段,19.83,都市：其他:廣場用地,,,,00650000
RPWNMLPJIINFFAE38CC,龍中段,10.66,都市：其他:廣場用地,,,,00650000
RPWNMLPJIINFFAE38CC,龍中段,13.13,都市：其他:廣場用地,,,,00650000
RPUNMLPJIINFFBE28CC,林德官段二小段,17.64,都市：商,,,,34120000
RPSNMLPJIINFFAE97CC,龍中段,6.91,都市：商,,,,01120000
RPVPMLPJIINFFEE88CC,福山段,22.17,都市：商,,,,02930000
RPQNMLQJIINFFBE97CC,苓洲段,4.32,都市：商,,,,05420000
RPSNMLQJIINFFBE18CC,成功段,.00,都市：商,,,,02990000
RPTNMLSJIINFFDE68CC,大豐段一小段,14.68,都市：住,,,,01080000
RPPNMLQJIINFFEE18CC,新福段四小段,13.60,都市：住,,,,00010000
RPPNMLQJIINFFEE18CC,新福段四小段,13.60,都市：住,,,,00010000
RPPNMLQJIINFFEE18CC,新福段四小段,13.60,都市：住,,,,00010000
RPQNMLQJIINFFDE18CC,大裕段一小段,17.03,都市：住,,,,01300000
RPPOMLSJIINFFDE38CC,建民段,.00,都市：住,,,,07790000
RPROMLSJIINFFDE58CC,中華段一小段,.00,都市：商,,,,02760000
RPOOMLPJIINFFCE87CC,盛興段,.00,都市：住,,,,00400001
RPXOMLPJIINFFCE78CC,愛群段,1185.00,都市：商,,,,07980001
RPTOMLPJIINFFCE38CC,瑞隆段一小段,28.54,都市：住,,,,06810000
RPWOMLPJIINFFCE68CC,愛群段,1185.00,都市：商,,,,07980001
RPXNMLPJIINFFCE68CC,獅甲段二小段,2.12,都市：商,,,,05530000
RPXNMLPJIINFFCE68CC,獅甲段二小段,10.76,都市：商,,,,05530000
RPOPMLSJIINFFDE38CC,大港段四小段,.00,都市：住,,,,26890000
RPWOMLSJIINFFDE09CC,灣子內段寶珠溝小段,24.17,都市：住,,,,06730000
RPXOMLSJIINFFDE56CC,鼎泰段一小段,10.36,都市：住,,,,02920000
RPSOMLSJIINFFDE68CC,大港段四小段,.00,都市：商,,,,30630000
RPVNMLSJIINFFCE78CC,愛群段,16.44,都市：住,,,,23940000
RPWNMLSJIINFFCE88CC,愛群段,8.09,都市：住,,,,23940000
RPTOMLSJIINFFCE68CC,獅甲段,.64,都市：住,,,,03310000
RPTOMLSJIINFFCE68CC,獅甲段,.20,都市：住,,,,03300000
RPUOMLSJIINFFCE78CC,港和段二小段,40.50,都市：住,,,,06020000
RPUNMLSJIINFFBE58CC,福河段,70.00,都市：住,,,,17400000
RPTOMLSJIINFFEE88CC,新福段七小段,15.14,都市：住,,,,00050000
RPXNMLSJIINFFBE88CC,新興段二小段,6.49,都市：商,,,,12760000
RPVNMLPJIINFFFE78CC,深水段,1358.00,非都市：山坡地保育區 ; 非都市編定：農牧用地,,,,01430000
RPPOMLSJIINFFBE18CC,意誠段,8.32,都市：商,,,,00430000
RPUOMLSJIINFFBE68CC,林聖段,60.30,都市：住,,,,02990001
RPQOMLSJIINFFBE28CC,苓洲段,105.00,都市：商,,,,11290000
RPWOMLSJIINFFBE88CC,意誠段,8.92,都市：商,,,,01860000
RPOOMLSJIINFFBE08CC,意誠段,8.32,都市：商,,,,00430000
RPTNMLSJIINFFGE98CC,新甲段,43.00,都市：住,,,,11840002
RPTNMLSJIINFFGE98CC,新甲段,83.00,都市：住,,,,11840003
RPOPMLSJIINFFAE08CC,龍華段八小段,10.00,都市：商,,,,22110000
RPSNMLSJIINFFAE28CC,博孝段,9.47,都市：住,,,,05360000
RPQOMLSJIINFFAE18CC,青海段,.00,都市：住,,,,04910000
RPVOMLSJIINFFAE68CC,青海段,21.25,都市：住,,,,03550002
RPWOMLSJIINFFAE78CC,北金段,23.61,都市：商,,,,10390000
RPWOMLSJIINFFAE78CC,北金段,11.18,都市：商,,,,10300000
RPUOMLSJIINFFGE56CC,牛潮埔段,102.00,都市：住,,,,02150080
RPRNMLSJIINFFAE18CC,青海段,6.09,都市：商,,,,02090001
RPSOMLSJIINFFAE38CC,青海段,.00,都市：住,,,,04910000
RPTNMLTJIINFFGE09CC,新庄子段,56.00,都市：住,,,,02440292
RPTNMLTJIINFFGE09CC,新庄子段,60.00,都市：住,,,,02440043
RPTNMLTJIINFFGE09CC,新庄子段,44.00,都市：住,,,,02440042
RPTNMLTJIINFFGE09CC,新庄子段,91.00,都市：住,,,,02440041
RPPOMLSJIINFFIE88CC,北屋段,5.48,都市：住,,,,13330000
RPPOMLSJIINFFIE88CC,北屋段,17.67,都市：住,,,,13340000
RPQPMLSJIINFFAE28CC,鹽府段,11.00,都市：商,,,,02300000
RPTOMLTJIINFFGE56CC,華鳳段,19.35,都市：住,,,,00970000
RPQOMLTJIINFFBE38CC,新興段三小段,.00,都市：商,,,,05340000
RPRNMLTJIINFFAE28CC,鼓中段五小段,7.95,都市：商,,,,03270000
RPRNMLTJIINFFEE68CC,新庄段八小段,13.21,都市：住,,,,01810000
RPWOMLTJIINFFEE66CC,新福段七小段,11.08,都市：住,,,,00050000
RPOPMLTJIINFFEE58CC,新庄段十三小段,8.28,都市：商,,,,14450000
RPUNMLTJIINFFCE78CC,港墘段,63.00,都市：住,,,,04450002
RPUNMLTJIINFFCE78CC,港墘段,64.00,都市：住,,,,04450003
RPSNMLTJIINFFBE48CC,成功段,31.22,都市：商,,,,05930000
RPRNMLKKIINFFBE57CC,新興段一小段,.00,都市：商,,,,21720000
RPQPMLTJIINFFEE78CC,新庄段十三小段,3.34,都市：商,,,,14450000
RPSNMLTJIINFFDE68CC,三塊厝段三小段,16.60,都市：住,,,,36500000
RPVNMLTJIINFFDE98CC,大港段四小段,.00,都市：商,,,,30630000
RPVNMLLKIINFFBE08CC,林德官段,.00,都市：商,,,,11480000
RPOOMLLKIINFFBE47CC,新興段一小段,3.03,都市：商,,,,10670000
RPTPMLLKIINFFDE28CC,澄東段,53.59,都市：住,,,,01010000
RPPNMLLKIINFFCE57CC,草衙段二小段,165.24,都市：住,,,,04200000
RPTOMLLKIINFFCE08CC,憲德段二小段,8.91,都市：商,,,,00260001
RPUOMLLKIINFFCE18CC,二苓段,100.00,都市：商,,,,13840004
RPSPMLLKIINFFEE28CC,福山段,9.98,都市：商,,,,03430000
RPQRMLLKIINFFGE48CC,文英段,11.29,都市：住,,,,16970000
RPWRMLLKIINFFGE09CC,文山段,11.72,都市：住,,,,08650000
RPOOMLLKIINFFIE18CC,澄合段,20.52,都市：住,,,,03060000
RPQOMLLKIINFFIE38CC,育才段,33.91,都市：住,,,,02460000
RPSNMLLKIINFFLE78CC,永芳段,95.00,都市：住,,,,06900000
RPRQMLLKIINFFAE87CC,青海段,117.46,都市：住,,,,06690004
RPSQMLLKIINFFAE97CC,博孝段,4.78,都市：商,,,,12340000
RPSNMLMKIINFFFE28CC,富貴段,957.00,都市：工,,,,00700000
RPSNMLMKIINFFFE28CC,富貴段,120.00,都市：工,,,,00700001
RPVNMLMKIINFFGE68CC,五甲段,15.00,都市：住,,,,02820071
RPVNMLMKIINFFGE68CC,五甲段,13.50,都市：住,,,,02820068
RPVPMLMKIINFFGE88CC,新甲段,43.92,都市：住,,,,10510008
RPXOMLMKIINFFGE98CC,竹子腳段,589.00,都市：住,,,,00080008
RPPSMLLKIINFFGE48CC,文英段,7.27,都市：住,,,,21420003
RPPSMLLKIINFFGE48CC,文英段,.17,都市：住,,,,03350000
RPPSMLLKIINFFGE48CC,文英段,.94,都市：住,,,,03390000
RPQNMLMKIINFFEE97CC,高昌段,81.35,都市：住,,,,07250001
RPVOMLMKIINFFEE58CC,新福段三小段,391.90,都市：住,,,,00130000
RPVNMLMKIINFFAE08CC,青海段,29.92,都市：住,,,,04930000
RPQOMLMKIINFFAE67CC,龍華段八小段,7.00,都市：商,,,,24200000
RPQOMLMKIINFFCE87CC,愛群段,7.29,都市：商,,,,24590000
RPOPMLMKIINFFAE57CC,前峰段,22.07,都市：住,,,,01830000
RPSOMLMKIINFFAE87CC,龍華段八小段,10.32,都市：商,,,,24060000
RPXOMLMKIINFFAE38CC,龍中段,25.66,都市：商,,,,00920000
RPQNMLNKIINFFEE18DC,?後段,51.01,都市：住,,,,00370006
RPUOMLPKIINFFGE98CC,道爺?段,27.00,都市：住,,,,10850030
RPTOMLPKIINFFGE88CC,鳳甲段,4179.94,都市：住,,,,00680000
RPVOMLPKIINFFGE09CC,灣頭段,.00,都市：住,,,,00350126
RPRNMLPKIINFFAE97CC,龍華段八小段,265.00,都市：商,,,,23240000
RPROMLPKIINFFAE08CC,青海段,.00,都市：住,,,,06150000
RPROMLPKIINFFAE08CC,龍水段,.00,都市：住,,,,06670000
RPSNMLPKIINFFAE08CC,龍華段八小段,14.64,都市：商,,,,23850000
RPTOMLPKIINFFCE48CC,憲德段二小段,.00,都市：商,,,,00160020
RPTOMLPKIINFFDE58CC,鼎泰段,22.71,都市：住,,,,14450000
RPXOMLPKIINFFDE98CC,建民段,79.00,都市：商,,,,07090011
RPQOMLPKIINFFEE38CC,新庄段八小段,513.00,都市：住,,,,00390000
RPXOMLPKIINFFEE09CC,新民段,.00,都市：商,,,,02010000
RPOPMLPKIINFFEE28CC,新庄段十三小段,.00,都市：商,,,,15080000
RPTOMLQKIINFFEE78CC,新庄段十三小段,6.33,都市：商,,,,14360000
RPVOMLQKIINFFEE98CC,新光段,112.37,都市：商,,,,03770009
RPWOMLQKIINFFEE09CC,新庄段六小段,13.19,都市：住,,,,09130000
RPQNMLQKIINFFDE28CC,獅頭段一小段,30.85,都市：住,,,,19680001
RPVNMLPKIINFFBE48CC,林聖段,.00,都市：住,,,,10680006
RPTNMLMKIINFFBE97CC,意誠段,10.72,都市：商,,,,00430000
RPTPMLLKIINFFAE97CC,北金段,5.53,都市：商,,,,11340000
RPPOMLQKIINFFCE18CC,店鎮段一小段,4.82,都市：商,,,,11110000
RPWPMLLKIINFFAE28CC,民生段,.00,都市：商,,,,08160000
RPWNMLTJIINFFAE78CC,龍中段,.00,都市：商,,,,00150000
RPXNMLTJIINFFAE88CC,青海段,20.21,都市：商,,,,01210000
RPQNMLQKIINFFBE08CC,大統段二小段,70.00,都市：商,,,,14510000
RPPPMLLKIINFFAE57CC,前金段,.00,都市：商,,,,01330007
RPVNMLTJIINFFAE68CC,青海段,11.03,都市：商,,,,02150000
RPSNMLQKIINFFBE28CC,新興段三小段,92.00,都市：商,,,,12260000
RPRNMLQKIINFFBE18CC,意誠段,.00,都市：商,,,,01990000
RPOOMLQKIINFFIE68CC,文武段,78.58,都市：住,,,,03560001
RPOQMLQKIINFFDE48DC,三塊厝段,107.00,都市：住,,,,13000006
RPQPMLRKIINFFDE68DC,獅頭段,107.00,都市：住,,,,28560000
RPPPMLRKIINFFDE58DC,獅頭段,107.00,都市：住,,,,28560000
RPQOMLRKIINFFGE78CC,鳳山段火房口小段,137.00,都市：商,,,,03220000
RPOOMLRKIINFFIE88DC,新後港西段,115.40,都市：住,,,,00690010
RPQPMLRKIINFFGE88CC,五甲段,20.24,都市：住,,,,13230018
RPWNMLRKIINFFAE78DC,內惟段九小段,7.72,都市：住,,,,00190000
RPPNMLRKIINFFBE18DC,過田子段,.00,都市：商,,,,11450001
RPVPMLRKIINFFGE76CC,鳳山段火房口小段,234.00,都市：住,,,,02600000
RPUPMLRKIINFFGE66CC,赤山段,23.14,都市：住,,,,06160000
RPPPMLRKIINFFEE58CC,新庄段十三小段,.00,都市：住,,,,14770000
RPQNMLSKIINFFBE28CC,五塊厝段一小段,62.00,都市：住,,,,01800031
RPOOMLSKIINFFEE48CC,新夏段,999.04,都市：住,,,,00090000
RPRNMLSKIINFFBE38CC,過田子段,.00,都市：商,,,,11360000
RPTNMLSKIINFFBE58CC,過田子段,.00,都市：商,,,,06000000
RPTNMLSKIINFFBE58CC,過田子段,.00,都市：商,,,,06010000
RPROMLSKIINFFBE48CC,林興段,.00,都市：住,,,,02260000
RPQOMLSKIINFFGE88CC,華鳳段,19.16,都市：住,,,,01030000
RPSNMLSKIINFFAE38CC,青海段,17.93,都市：住,,,,00930000
RPUNMLSKIINFFAE58CC,內惟段六小段,.00,都市：住,,,,13350011
RPTOMLSKIINFFGE56CC,華鳳段,23.20,都市：住,,,,01250000
RPUOMLSKIINFFGE66CC,鳳青段,318.45,都市：住,,,,01200000
RPUOMLSKIINFFGE66CC,鳳青段,357.96,都市：住,,,,01060000
RPXOMLSKIINFFGE96CC,文英段,.00,都市：住,,,,21420003
RPROMLTKIINFFGE09CC,新庄子段,194.00,都市：住,,,,01930118
RPROMLTKIINFFGE09CC,新庄子段,64.00,都市：住,,,,01930119
RPQNMLTKIINFFBE38CC,林興段,70.00,都市：商,,,,11820000
RPTNMLTKIINFFAE58CC,大成段,9.34,都市：商,,,,07150000
RPSNMLTKIINFFAE48CC,龍中段,12.61,都市：商,,,,00360000
RPTOMLTKIINFFGE66CC,中崙段,41.42,都市：住,,,,00170000
RPRNMLTKIINFFBE48CC,過田子段,67.00,都市：商,,,,05510002
RPWNMLTKIINFFBE98CC,林德官段,.00,都市：商,,,,11880000
RPQNMLTKIINFFCE48CC,愛群段,.00,都市：住,,,,09950000
RPVQMLTKIINFFCE66CC,憲德段二小段,.00,都市：商,,,,00260000
RPQNMLKLIINFFBE57CC,意誠段,.00,都市：商,,,,01990000
RPPNMLKLIINFFAE37CC,文東段,.00,非都市： ; 非都市編定：,,,,15500000
RPOOMLMLIINFFFE08CC,內庄段,6185.44,都市：農,,,,01060000
RPQNMLMLIINFFAE67CC,龍中段,18.90,都市：其他:廣場用地,,,,00650000
RPPNMLKLIINFFGE97CC,曹公段,3031.61,都市：工,,,,01030062
RPPNMLKLIINFFGE97CC,曹公段,273.90,都市：工,,,,01030060
RPTNMLMLIINFFGE58CC,新甲段,26.90,都市：住,,,,12450303
RPSNMLMLIINFFAE87CC,內惟段一小段,.00,都市：住,,,,02870000
RPTNMLMLIINFFBE08CC,五塊厝段,.00,都市：商,,,,20370001
RPOOMLMLIINFFBE67CC,福裕段,20.30,都市：住,,,,13520000
RPQOMLMLIINFFBE87CC,意誠段,.00,都市：商,,,,01990000
RPVOMLMLIINFFBE38CC,林德官段一小段,.00,都市：住,,,,32060000
RPSOMLMLIINFFEE38CC,福山段,6.91,都市：商,,,,03210000
RPUNMLMLIINFFCE28CC,店鎮段,19.57,都市：住,,,,01690000
RPOPMLMLIINFFCE87CC,憲德段一小段,64.00,都市：住,,,,08270013
RPUNMLNLIINFFEE58CC,土庫段四小段,57.00,都市：商,,,,05090000
RPROMLNLIINFFBE08CC,五塊厝段,6.82,都市：商,,,,16140000
RPVNMLNLIINFFJE56CC,大同段,78.69,都市：住,,,,00680000
RPUNMLNLIINFFAE28DC,龍中段,8.00,都市：住,,,,01040000
RPQNMLOLIINFFFE38CC,大公段,192.00,都市：住,,,,04720009
RPWOMLOLIINFFGE56CC,七老爺段一甲小段,32.00,都市：住,,,,00470015
RPWOMLOLIINFFGE56CC,七老爺段一甲小段,6.00,都市：住,,,,00550055
RPWOMLOLIINFFGE56CC,七老爺段一甲小段,43.00,都市：住,,,,00580017
RPWOMLOLIINFFGE56CC,七老爺段一甲小段,3.00,都市：住,,,,00580025
RPVNMLNLIINFFDE58CC,三塊厝段,.00,都市：住,,,,13280000
RPRNMLQKIINFFDE38CC,大順段,18.14,都市：商,,,,05350000
RPTOMLSKIINFFDE88CC,澄東段,126.71,都市：住,,,,00920012
RPUNMLRKIINFFDE78CC,灣內段,8.58,都市：工,,,,01020000
RPUNMLRKIINFFDE78CC,灣內段,146.93,都市：工,,,,01030000
RPUNMLRKIINFFDE78CC,灣內段,162.24,都市：工,,,,01040000
RPUNMLRKIINFFDE78CC,灣內段,15.16,都市：工,,,,01050000
RPWOMLNLIINFFDE78CC,三塊厝段,4.60,都市：住,,,,11700000
RPUOMLMLIINFFDE48CC,建民段,3.68,都市：住,,,,07740000
RPSNMLQKIINFFDE48CC,大港段二小段,13.40,都市：商,,,,10780000
RPPNMLOLIINFFBE87CC,新興段一小段,107.00,都市：商,,,,10600000
RPSOMLTKIINFFDE88CC,大港段三小段,74.00,都市：商,,,,08020003
RPRNMLRKIINFFDE48CC,大港段三小段,135.00,都市：住,,,,07280003
RPRNMLOLIINFFBE08CC,過田子段,.00,都市：商,,,,11360000
RPSNMLPLIINFFEE58CC,新福段九小段,6.33,都市：商,,,,00110000
RPSNMLPLIINFFEE58CC,新庄段三小段,4.00,都市：商,,,,01240000
RPVNMLOLIINFFBE48CC,意誠段,.00,都市：商,,,,01990000
RPTNMLOLIINFFAE18CC,前金段,153.00,都市：商,,,,01080026
RPPPMLPLIINFFEE48CC,新民段,57.84,都市：住,,,,00260012
RPUNMLPLIINFFDE68CC,大順段,5.78,都市：商,,,,04850000
RPUNMLPLIINFFDE68CC,大順段,78.44,都市：商,,,,05010000
RPVNMLPLIINFFDE78CC,建豐段,13.37,都市：商,,,,08970003
RPTNMLOLIINFFEE58CC,新庄段十三小段,12.49,都市：住,,,,14020000
RPSOMLPLIINFFDE58CC,建豐段,8.91,都市：商,,,,07030000
RPSNMLPLIINFFBE28CC,苓東段,18.70,都市：商,,,,01280000
RPUNMLPLIINFFBE48CC,新興段二小段,9.22,都市：商,,,,05340000
RPTNMLPLIINFFGE88CC,文英段,13.80,都市：住,,,,16920000
RPROMLPLIINFFBE28CC,意誠段,10.10,都市：商,,,,01860000
RPWNMLPLIINFFCE78CC,獅甲段一小段,37.06,都市：住,,,,05310000
RPOOMLPLIINFFBE97CC,意誠段,.00,都市：商,,,,01990000
RPXOMLPLIINFFCE98CC,憲德段二小段,10.77,都市：商,,,,00260000
RPOOMLPLIINFFGE48CC,文山段,22.91,都市：住,,,,05830001
RPROMLPLIINFFGE78CC,竹子腳段,.00,都市：住,,,,02610056
RPROMLPLIINFFGE78CC,竹子腳段,.00,都市：住,,,,02610058
RPROMLPLIINFFGE78CC,竹子腳段,.00,都市：住,,,,02620082
RPPNMLPLIINFFLE98CC,翁公園段二小段,2272.00,都市：農,,,,45330000
RPOPMLQLIINFFGE68CC,七老爺段一甲小段,.00,都市：住,,,,00470012
RPOPMLQLIINFFGE68CC,七老爺段一甲小段,.00,都市：住,,,,00480031
RPOPMLQLIINFFGE68CC,七老爺段一甲小段,.00,都市：住,,,,00550039
RPOPMLQLIINFFGE68CC,七老爺段一甲小段,.00,都市：住,,,,00550045
RPOPMLQLIINFFGE68CC,七老爺段一甲小段,.00,都市：住,,,,00570004
RPXNMLQLIINFFFE66CC,大全段,72.00,都市：商,,,,12900004
RPXNMLQLIINFFFE66CC,大全段,16.00,都市：商,,,,12910006
RPRNMLPLIINFFAE08CC,青海段,19.02,都市：商,,,,01930000
RPPNMLPLIINFFFE38CC,大全段,3105.00,都市：工,,,,00900000
RPUNMLQLIINFFGE09CC,道爺?段,26.97,都市：住,,,,07060000
RPXOMLQLIINFFGE86CC,竹子腳段,39.97,都市：住,,,,02040001
RPVNMLQLIINFFBE68CC,林德官段二小段,21.93,都市：住,,,,34790001
RPQNMLQLIINFFBE18CC,大統段一小段,.00,都市：商,,,,00060000
RPOOMLQLIINFFBE08CC,意誠段,.00,都市：商,,,,01990000
RPWNMLQLIINFFBE78CC,過田子段,11.92,都市：商,,,,08220000
RPRNMLQLIINFFEE58CC,福山段,7.49,都市：商,,,,03010000
RPWPMLQLIINFFCE09CC,光華段一小段,58.00,都市：住,,,,16450015
RPVPMLQLIINFFEE56CC,加昌段,.00,都市：住,,,,08680000
RPTPMLQLIINFFEE98CC,福山段,10.53,都市：商,,,,04740000
RPSNMLQLIINFFAE28CC,龍華段八小段,.00,都市：商,,,,21920000
RPXNMLQLIINFFCE98CC,愛群段,5.94,都市：商,,,,24590000
RPPNMLQLIINFFAE97CC,青海段,25.36,都市：住,,,,00850000
RPTNMLQLIINFFAE38CC,文東段,.00,都市：商,,,,06300000
RPTNMLQLIINFFAE38CC,文東段,.00,都市：商,,,,06310000
RPWPMLQLIINFFEE66CC,新福段十小段,.00,都市：住,,,,01520000
RPPNMLRLIINFFIE88CC,林內段,310.00,都市：住,,,,01550000
RPQOMLTLIINFFGE09CC,南華段,32.29,都市：住,,,,00180028
RPSPMLTLIINFFCE09DC,獅甲段,1.54,都市：住,,,,03300000
RPSPMLTLIINFFCE09DC,獅甲段,4.86,都市：住,,,,03310000
RPPNMLSLIINFFIE98CC,赤南段,77.00,都市：住,,,,00840010
RPQPMLTLIINFFCE78CC,愛群段,6.44,都市：住,,,,23940000
RPPNMLRLIINFFDE38CC,大港段七小段,74.00,都市：商,,,,04370000
RPPNMLRLIINFFDE38CC,大港段七小段,57.00,都市：商,,,,04370002
RPORMLTLIINFFGE56CC,新庄子段,75.00,都市：商,,,,00630016
RPXPMLTLIINFFCE86CC,憲德段二小段,.00,都市：商,,,,00280003
RPROMLTLIINFFIE76CC,慈惠段,13.43,都市：住,,,,10270000
RPVNMLTLIINFFDE56CC,覆鼎金段覆鼎金小段,85.00,都市：住,,,,11870007
RPWNMLTLIINFFBE09CC,過田子段,.00,都市：商,,,,06000000
RPTNMLTLIINFFEE09CC,和平段四小段,95.00,都市：住,,,,00810005
RPXNMLKMIINFFBE38CC,苓雅寮段,.00,都市：商,,,,04810000
RPPNMLKMIINFFEE87CC,福民段,.00,都市：住,,,,01910000
RPPNMLKMIINFFCE67CC,桂林段,.00,都市：住,,,,00480003
RPVNMLKMIINFFDE38CC,大港段,.00,都市：住,,,,34650000
RPQOMLTLIINFFDE78CC,灣和段,.00,非都市： ; 非都市編定：,,,,00200000
RPOOMLKMIINFFDE77CC,灣復段,8.43,都市：商,,,,03890000
RPUOMLKMIINFFDE38CC,獅頭段一小段,96.00,都市：商,,,,18080000
RPVNMLKMIINFFIE88CC,?埔段,1908.00,都市：農,,,,13310000
RPPOMLKMIINFFDE87CC,建德段,116.00,都市：其他:(空白),,,,04990000
RPUNMLKMIINFFJE88CC,湖內段,350.00,非都市：特定農業區 ; 非都市編定：丁種建築用地,,,,20770000
RPOOMLLMIINFFJE48CC,崎漏段,136.00,都市：住,,,,05470049
RPROMLKMIINFFLE88CC,大寮段芎蕉腳小段,74.00,都市：住,,,,22930017
RPWNMLLMIINFFLE76CC,後庄段,3.53,都市：住,,,,02170000
RPWNMLLMIINFFLE76CC,後庄段,54.93,都市：住,,,,02160000
RPUNMLLMIINFFFE58CC,介壽段,76.00,都市：住,,,,01700000
RPSNMLLMIINFFFE38CC,?子段,2953.00,非都市：山坡地保育區 ; 非都市編定：農牧用地,,,,10880000
RPSNMLLMIINFFFE38CC,?子段,1158.00,非都市：山坡地保育區 ; 非都市編定：丁種建築用地,,,,10920005
RPSNMLLMIINFFFE38CC,?子段,307.00,非都市：山坡地保育區 ; 非都市編定：暫未編定,,,,10920006
RPSNMLLMIINFFFE38CC,?子段,563.00,非都市：一般農業區 ; 非都市編定：丁種建築用地,,,,10930001
RPSNMLLMIINFFFE38CC,?子段,767.00,非都市：山坡地保育區 ; 非都市編定：丁種建築用地,,,,10930005
RPSNMLLMIINFFFE38CC,?子段,767.00,非都市：山坡地保育區 ; 非都市編定：丁種建築用地,,,,10940001
RPSNMLLMIINFFFE38CC,?子段,1218.00,非都市：山坡地保育區 ; 非都市編定：農牧用地,,,,10940005
RPSNMLLMIINFFFE38CC,?子段,1480.00,非都市：山坡地保育區 ; 非都市編定：農牧用地,,,,10940007
RPSNMLLMIINFFFE38CC,?子段,1366.00,非都市：山坡地保育區 ; 非都市編定：丁種建築用地,,,,10940009
RPSNMLLMIINFFFE38CC,?子段,1668.00,非都市：山坡地保育區 ; 非都市編定：丁種建築用地,,,,10940010
RPSNMLLMIINFFFE38CC,?子段,185.00,非都市：山坡地保育區 ; 非都市編定：丁種建築用地,,,,10950002
RPSNMLLMIINFFFE38CC,?子段,1016.00,非都市：山坡地保育區 ; 非都市編定：丁種建築用地,,,,10950007
RPSNMLLMIINFFFE38CC,?子段,291.00,非都市：山坡地保育區 ; 非都市編定：農牧用地,,,,10960010
RPSNMLLMIINFFFE38CC,?子段,2915.00,非都市：山坡地保育區 ; 非都市編定：農牧用地,,,,10980000
RPTOMLLMIINFFGE68CC,新甲段,27.12,都市：住,,,,11590011
RPTOMLLMIINFFGE68CC,新甲段,5.00,都市：住,,,,11590014
RPTOMLLMIINFFGE68CC,新甲段,.75,都市：住,,,,11590034
RPSOMLLMIINFFDE28CC,建安段,60.00,都市：商,,,,04780000
RPUOMLLMIINFFDE48CC,獅頭段一小段,.00,都市：商,,,,16940000
RPTPMLKMIINFFEE48CC,新民段,35.44,都市：住,,,,00750000
RPROMLKMIINFFEE18CC,興隆段,10349.00,都市：住,,,,08640000
RPVNMLKMIINFFEE48CC,和平東段,.00,都市：住,,,,00190001
RPTNMLLMIINFFBE08CC,成功段,.00,都市：商,,,,07030000
RPUNMLLMIINFFBE18CC,新興段三小段,30.69,都市：商,,,,05200000
RPPOMLLMIINFFBE77CC,新興段四小段,.00,都市：商,,,,16770000
RPPOMLLMIINFFBE77CC,新興段四小段,.00,都市：商,,,,16780000
RPQOMLLMIINFFBE87CC,新興段四小段,.00,都市：商,,,,16770000
RPQOMLLMIINFFBE87CC,新興段四小段,.00,都市：商,,,,16780000
RPQOMLLJJINFFBE67CC,新興段二小段,6.55,都市：商,,,,16220000
RPUOMLLJJINFFBE08CC,五塊厝段三小段,34.94,都市：住,,,,26680003
RPPNMLLJJINFFDE67CC,鼎泰段,.00,都市：住,,,,14740082
RPVOMLLJJINFFBE18CC,林德官段一小段,88.00,都市：商,,,,25150001
RPWNMLLJJINFFDE38CC,大港段四小段,129.00,都市：住,,,,20290003
RPXOMLLJJINFFCE48CC,瑞隆段三小段,79.00,都市：商,,,,02720000
RPQQMLLJJINFFCE97CC,愛群段,20.23,都市：商,,,,15490000
RPTOMLLJJINFFEE28CC,新庄段十三小段,3.61,都市：商,,,,15240000
RPXNMLTLIINFFAE09CC,北金段,41.29,都市：住,,,,07550000
RPWNMLKMIINFFAE18CC,北金段,628.00,都市：住,,,,02550000
RPPNMLLMIINFFAE57CC,前金段,.00,都市：商,,,,00700000
RPTNMLLMIINFFAE97CC,前金段,.00,都市：商,,,,00520008
RPRNMLLMIINFFAE77CC,龍華段二小段,11.41,非都市： ; 非都市編定：,,,,15670000
RPOOMLKMIINFFAE47CC,龍華段一小段,23.48,都市：住,,,,05200000
RPSOMLTLIINFFAE68CC,龍華段八小段,11.90,都市：商,,,,24200000
RPROMLLJJINFFDE08DC,灣復段,5.10,都市：商,,,,07620000
RPROMLLJJINFFDE08DC,灣復段,.01,都市：其他:,,,,07620001
RPPNMLLJJINFFIE18CC,大昌段,68.46,都市：住,,,,00660000
RPRNMLMJJINFFJE58CC,三爺埤段,1253.00,非都市：一般農業區 ; 非都市編定：農牧用地,,,,01930003
RPVPMLMJJINFFEE68CC,芎蕉段,16.95,都市：商,,,,00150000
RPVNMLMJJINFFBE18CC,苓洲段,4.24,都市：商,,,,05420000
RPPNMLNJJINFFAE57CC,龍中段,1.97,都市：商,,,,01120000
RPQOMLPJJINFFAE97CC,龍華段八小段,.00,都市：住,,,,24010000
RPROMLPJJINFFAE08CC,大成段,32.80,都市：住,,,,01670000
RPQNMLPJJINFFEE28CC,新庄段一小段,8.00,都市：住,,,,03120007
RPQNMLPJJINFFEE28CC,新庄段一小段,18.00,都市：住,,,,03120008
RPQNMLPJJINFFEE28CC,新庄段一小段,238.00,都市：住,,,,03160000
RPRNMLPJJINFFEE38CC,新庄段一小段,265.00,都市：住,,,,03160000
RPVNMLPJJINFFEE78CC,新庄段十三小段,5.88,都市：商,,,,14360000
RPTOMLPJJINFFEE68CC,?後段,35.48,都市：住,,,,00190009
RPQOMLPJJINFFEE38CC,新庄段十三小段,.00,都市：商,,,,15310000
RPQOMLPJJINFFEE38CC,新庄段十三小段,.00,都市：商,,,,15330000
RPUOMLPJJINFFEE78CC,新庄段十三小段,158.00,都市：住,,,,12880000
RPPNMLPJJINFFCE97CC,憲德段二小段,24.39,都市：商,,,,00260004
RPPOMLPJJINFFCE08CC,佛公段,74.00,都市：住,,,,07880000
RPQNMLPJJINFFDE18CC,三塊厝段四小段,116.00,都市：住,,,,20020000
RPVNMLPJJINFFDE68CC,大順段,81.88,都市：住,,,,03590000
RPXNMLLJJINFFGE78CC,五甲段,4.97,都市：住,,,,13890001
RPXNMLLJJINFFGE78CC,五甲段,16.42,都市：住,,,,13880002
RPXNMLLJJINFFGE78CC,五甲段,1.45,都市：其他:道路用地,,,,13880003
RPWOMLMJJINFFGE88CC,五甲段,85.00,都市：住,,,,03320013
RPROMLLJJINFFGE28CC,大貝湖段,153.21,都市：住,,,,00780054
RPVNMLPJJINFFGE98CC,大樹保安段,64.64,都市：住,,,,04180000
RPQNMLMJJINFFGE18CC,埤頂段,123.00,都市：其他:空白,,,,14290057
RPQOMLPJJINFFGE58CC,五甲段,50.00,都市：住,,,,12340063
RPQOMLPJJINFFGE58CC,五甲段,7.00,都市：住,,,,12340068
RPTNMLQJJINFFGE88CC,埤頂段,.00,都市：住,,,,12430036
RPQOMLQJJINFFGE68CC,北門段,128.00,都市：商,,,,03490000
RPUNMLQJJINFFDE68CC,水源段,.00,都市：住,,,,04810000
RPUNMLQJJINFFDE68CC,水源段,.00,都市：商,,,,05110001
RPPNMLQJJINFFCE18DC,獅甲段,.41,都市：住,,,,03300000
RPPNMLQJJINFFCE18DC,獅甲段,1.29,都市：住,,,,03310000
RPQNMLQJJINFFCE18CC,獅甲段一小段,1.01,都市：住,,,,05250082
RPQNMLQJJINFFCE18CC,獅甲段一小段,57.77,都市：住,,,,05250000
RPQNMLQJJINFFCE18CC,獅甲段一小段,1.01,都市：住,,,,05250083
RPPOMLQJJINFFAE97CC,龍中段,7.89,都市：商,,,,00110000
RPTNMLQJJINFFAE28CC,青海段,.00,都市：商,,,,01210000
RPWNMLQJJINFFAE58CC,龍中段,19.03,都市：住,,,,01660000
RPSNMLQJJINFFAE18CC,龍華段八小段,.00,都市：商,,,,24060000
RPRNMLQJJINFFBE18CC,過田子段,64.00,都市：商,,,,09260007
RPTNMLQJJINFFBE38CC,福河段,.00,都市：住,,,,04610000
RPQNMLQJJINFFBE08CC,苓洲段,64.00,都市：商,,,,09010003
RPXOMLQJJINFFEE56CC,新庄段十三小段,1.73,都市：商,,,,14360000
RPRNMLMJJINFFFE18CC,瓊東段,970.93,非都市：一般農業區 ; 非都市編定：農牧用地,,,,03630000
RPXNMLMJJINFFFE78CC,梓中段,.00,都市：住,,,,08720000
RPXNMLMJJINFFFE78CC,梓中段,.00,都市：住,,,,08720001
RPOOMLLMIINFFFE08CC,文化段,5.77,都市：住,,,,06390000
RPUNMLMJJINFFFE48CC,大公段,52.00,都市：商,,,,10250000
RPQNMLRJJINFFAE08CC,內惟段八小段,19.76,都市：住,,,,04210000
RPPNMLRJJINFFEE38CC,福山段,396.69,都市：住,,,,05640000
RPSNMLRJJINFFAE28CC,民生段,.00,都市：商,,,,02560000
RPSNMLRJJINFFAE28CC,民生段,.00,都市：其他:道路用地,,,,02560001
RPSNMLRJJINFFAE28CC,民生段,.00,都市：其他:道路用地,,,,02560002
RPSNMLRJJINFFAE28CC,民生段,.00,都市：商,,,,02570000
RPSNMLRJJINFFAE28CC,民生段,.00,都市：商,,,,02590000
RPRNMLRJJINFFAE18CC,內惟段九小段,10.70,都市：住,,,,00190000
RPQOMLRJJINFFEE58CC,新庄段十三小段,4.98,都市：商,,,,14290000
RPWOMLRJJINFFEE56CC,新庄段十三小段,9.77,都市：商,,,,14910000
RPRNMLRJJINFFCE38CC,憲德段一小段,.00,都市：住,,,,08040000
RPQNMLRJJINFFCE28CC,朝興段,276.97,都市：工,,,,01480001
RPVNMLRJJINFFCE78CC,愛群段,.00,都市：商,,,,24590000
RPXPMLRJJINFFEE76CC,新庄段十三小段,6.69,都市：商,,,,14450000
RPVNMLRJJINFFLE07CC,磚子?段,330.57,都市：農,,,,20790000
RPWNMLRJJINFFCE88CC,鳳鼻頭段,6577.00,都市：其他:都市計劃外,,,,10820002
RPOPMLRJJINFFDE38CC,灣復段,73.01,都市：商,,,,10710000
RPQOMLRJJINFFGE78CC,竹子腳段,50.03,都市：住,,,,02940013
RPVOMLSJJINFFGE76CC,鳳青段,64.33,都市：住,,,,01540000
RPVOMLSJJINFFGE76CC,鳳青段,49.60,都市：住,,,,01540001
RPVOMLSJJINFFGE76CC,鳳青段,63.23,都市：住,,,,01540002
RPVOMLSJJINFFGE76CC,鳳青段,49.59,都市：住,,,,01540004
RPVOMLSJJINFFGE76CC,鳳青段,28.56,都市：住,,,,01540007
RPVNMLSJJINFFDE98CC,長明段,.00,都市：商,,,,05220000
RPTPMLSJJINFFGE66CC,竹子腳段,13.78,都市：住,,,,02830019
RPWOMLSJJINFFDE56CC,灣中段,14.51,都市：住,,,,04400000
RPRNMLSJJINFFEE68CC,新庄段十三小段,6.24,都市：商,,,,14450000
RPUNMLSJJINFFEE98CC,福民段,.00,都市：住,,,,01190001
RPXNMLSJJINFFEE66CC,菜公段四小段,68.00,都市：住,,,,10250000
RPPPMLSJJINFFAE28CC,前金段,.00,都市：商,,,,01320004
RPPPMLSJJINFFAE28CC,前金段,.00,都市：商,,,,01320048
RPPPMLSJJINFFAE28CC,前金段,.00,都市：商,,,,01320072
RPRPMLSJJINFFAE48CC,龍華段八小段,15.28,都市：商,,,,22160000
RPPNMLSJJINFFCE28CC,憲德段二小段,9.68,都市：商,,,,00280003
RPOOMLSJJINFFCE28CC,憲德段一小段,.00,都市：商,,,,08040001
RPOOMLSJJINFFCE28CC,憲德段一小段,.00,都市：住,,,,08040000
RPWNMLTJJINFFBE98CC,林德官段,5.97,都市：商,,,,11400000
RPOOMLQJJINFFBE97CC,過田子段,251.00,都市：商,,,,06130000
RPWNMLRJJINFFBE78CC,意誠段,.00,都市：商,,,,01990000
RPVNMLTJJINFFBE88CC,衛武段,64.00,都市：住,,,,04330000
RPVOMLSJJINFFBE88CC,過田子段,.00,都市：商,,,,11360000
RPWOMLRJJINFFBE88CC,過田子段,.00,都市：商,,,,08220000
RPUNMLTJJINFFBE78CC,新興段二小段,19.69,都市：商,,,,08960000
RPVOMLRJJINFFBE78CC,新興段二小段,9.34,都市：商,,,,08960000
RPUNMLQJJINFFBE48CC,林德官段,.00,都市：商,,,,13920000
RPPOMLTJJINFFAE28CC,龍華段八小段,.00,都市：住,,,,22850000
RPSPMLTJJINFFEE09CC,新庄段十三小段,4.00,都市：商,,,,14450000
RPVNMLTJJINFFEE56CC,和平段五小段,6.02,都市：住,,,,00390000
RPVNMLTJJINFFEE56CC,和平段五小段,6.02,都市：住,,,,00390000
RPSQMLTJJINFFEE56CC,新庄段一小段,80.00,都市：商,,,,13180011
RPQQMLTJJINFFEE98CC,新庄段十三小段,.00,都市：住,,,,14770000
RPTPMLTJJINFFEE56CC,新庄段八小段,35.90,都市：住,,,,01130000
RPVQMLTJJINFFEE86CC,新福段十小段,22.11,都市：住,,,,00550000
RPXRMLTJJINFFEE17CC,菜公段六小段,.00,都市：住,,,,10160000
RPWRMLTJJINFFEE07CC,新庄段七小段,.00,都市：住,,,,09310000
RPQSMLTJJINFFEE56CC,新庄段十三小段,11.80,都市：住,,,,13590000
RPPSMLTJJINFFEE09CC,新庄段七小段,16.81,都市：住,,,,06110000
RPQOMLTJJINFFCE58CC,鎮昌段一小段,19.98,都市：住,,,,15040000
RPWOMLTJJINFFCE56CC,盛興段,9.04,都市：住,,,,15500000
RPWOMLTJJINFFCE56CC,盛興段,9.04,都市：住,,,,15500000
RPSOMLTJJINFFCE78CC,光華段一小段,44.77,都市：住,,,,19830000
RPRPMLTJJINFFCE78CC,青島段一小段,17.84,都市：住,,,,07840000
RPUPMLTJJINFFCE09CC,憲德段二小段,19.33,都市：商,,,,00260002
RPTOMLTJJINFFDE98CC,鼎泰段,.00,都市：住,,,,14740082
RPRPMLTJJINFFGE56CC,鳳山段大老衙小段,86.00,都市：商,,,,01450047
RPVNMLTJJINFFDE09CC,覆鼎金段覆鼎金一小段,.00,都市：住,,,,06280009
RPVNMLTJJINFFJE07CC,聖母段,80.22,都市：住,,,,10460000
RPQNMLTJJINFFFE78CC,大仁段,47.00,都市：住,,,,28220000
RPPOMLTJJINFFIE09CC,慈惠段,113.61,都市：商,,,,03090000
RPPNMLKKJINFFGE97CC,頂宏段,153.52,都市：住,,,,00030000
RPOPMLTJJINFFAE28CC,前金段,8.44,都市：商,,,,00580016
RPROMLTJJINFFAE48CC,青海段,6.83,都市：住,,,,01010000
RPRPMLTJJINFFAE58CC,前金段,.00,都市：商,,,,04240000
RPSPMLTJJINFFAE68CC,北金段,13.52,都市：商,,,,09610000
RPSOMLTJJINFFBE68CC,新興段二小段,.00,都市：商,,,,12410000
RPROMLTJJINFFBE58CC,苓東段,135.00,都市：商,,,,11580000
RPQOMLTJJINFFBE48CC,林德官段,70.00,都市：住,,,,13510013
RPPNMLKKJINFFBE47CC,意誠段,.00,都市：商,,,,01990000
