﻿編號,土地位置,土地移轉面積(平方公尺),使用分區或編定,權利人持分分母,權利人持分分子,移轉情形,地號
The serial number, land position,land shifting area square meter,the use zoning or compiles and checks,,,,land parcel
RPOPMLOJRHNFFAH68CB,水汴頭段,11.67,都市：商,10000,19,持分移轉,00560000
RPWOMLOJRHNFFAH76CB,水汴頭段,11.67,都市：商,10000,19,持分移轉,00560000
RPUOMLOJRHNFFAH56CB,水汴頭段,12.90,都市：商,10000,21,持分移轉,00560000
RPVOMLOJRHNFFAH66CB,水汴頭段,11.67,都市：商,10000,19,持分移轉,00560000
RPROMLOJRHNFFAH88CB,水汴頭段,11.06,都市：商,10000,18,持分移轉,00560000
RPXOMLOJRHNFFAH86CB,水汴頭段,11.67,都市：商,10000,19,持分移轉,00560000
RPPPMLOJRHNFFAH78CB,水汴頭段,11.67,都市：商,10000,19,持分移轉,00560000
RPQOMLOJRHNFFAH78CB,水汴頭段,11.06,都市：商,10000,18,持分移轉,00560000
RPTOMLOJRHNFFAH09CB,水汴頭段,11.06,都市：商,10000,18,持分移轉,00560000
RPSPMLOJRHNFFAH09CB,水汴頭段,17.82,都市：商,10000,29,持分移轉,00560000
RPSOMLOJRHNFFAH98CB,水汴頭段,11.06,都市：商,10000,18,持分移轉,00560000
RPUPMLOJRHNFFAH66CB,水汴頭段,12.90,都市：商,10000,21,持分移轉,00560000
RPQPMLOJRHNFFAH88CB,水汴頭段,17.82,都市：商,10000,29,持分移轉,00560000
RPTPMLOJRHNFFAH56CB,水汴頭段,12.90,都市：商,10000,21,持分移轉,00560000
RPQQMLOJRHNFFAH98CB,水汴頭段,12.90,都市：商,10000,21,持分移轉,00560000
RPOQMLOJRHNFFAH78CB,水汴頭段,12.90,都市：商,10000,21,持分移轉,00560000
RPWPMLOJRHNFFAH86CB,水汴頭段,12.90,都市：商,10000,21,持分移轉,00560000
RPXPMLOJRHNFFAH96CB,水汴頭段,12.90,都市：商,10000,21,持分移轉,00560000
RPPQMLOJRHNFFAH88CB,水汴頭段,12.90,都市：商,10000,21,持分移轉,00560000
RPSQMLOJRHNFFAH56CB,水汴頭段,12.90,都市：商,10000,21,持分移轉,00560000
RPUQMLOJRHNFFAH76CB,水汴頭段,12.90,都市：商,10000,21,持分移轉,00560000
RPWQMLOJRHNFFAH96CB,水汴頭段,17.82,都市：商,10000,29,持分移轉,00560000
RPVQMLOJRHNFFAH86CB,水汴頭段,12.90,都市：商,10000,21,持分移轉,00560000
RPXQMLOJRHNFFAH07CB,水汴頭段,17.82,都市：商,10000,29,持分移轉,00560000
RPORMLOJRHNFFAH88CB,水汴頭段,12.90,都市：商,10000,21,持分移轉,00560000
RPRRMLOJRHNFFAH56CB,水汴頭段,12.90,都市：商,10000,21,持分移轉,00560000
RPRQMLOJRHNFFAH09CB,水汴頭段,12.90,都市：商,10000,21,持分移轉,00560000
RPTQMLOJRHNFFAH66CB,水汴頭段,19.05,都市：商,10000,31,持分移轉,00560000
RPURMLOJRHNFFAH86CB,水汴頭段,11.06,都市：商,10000,18,持分移轉,00560000
RPVRMLOJRHNFFAH96CB,水汴頭段,17.82,都市：商,10000,29,持分移轉,00560000
RPWRMLOJRHNFFAH07CB,水汴頭段,17.82,都市：商,10000,29,持分移轉,00560000
RPXRMLOJRHNFFAH17CB,水汴頭段,16.59,都市：商,10000,27,持分移轉,00560000
RPOQMLMKRHNFFBH98EB,仁祥段,27.94,都市：住,10000,48,持分移轉,10200000
RPPQMLMKRHNFFBH09EB,仁祥段,25.61,都市：住,10000,44,持分移轉,10200000
RPSRMLOJRHNFFAH66CB,水汴頭段,12.90,都市：商,10000,21,持分移轉,00560000
RPQQMLMKRHNFFBH56EB,仁祥段,18.63,都市：住,10000,32,持分移轉,10200000
RPOSMLOJRHNFFAH98CB,水汴頭段,16.59,都市：商,10000,27,持分移轉,00560000
RPSQMLMKRHNFFBH76EB,仁祥段,18.63,都市：住,10000,32,持分移轉,10200000
RPUQMLMKRHNFFBH96EB,仁祥段,15.13,都市：住,10000,26,持分移轉,10200000
RPQTMLOJRHNFFAH66CB,水汴頭段,15.98,都市：商,10000,26,持分移轉,00560000
RPXQMLMKRHNFFBH27EB,仁祥段,15.13,都市：住,10000,26,持分移轉,10200000
RPTQMLMKRHNFFBH86EB,仁祥段,18.63,都市：住,10000,32,持分移轉,10200000
RPWQMLMKRHNFFBH17EB,仁祥段,20.37,都市：住,10000,35,持分移轉,10200000
RPRQMLMKRHNFFBH66EB,仁祥段,15.13,都市：住,10000,26,持分移轉,10200000
RPTQMLKMIINFFBH48CB,培英段,14.56,都市：住,10000,53,持分移轉,00050000
RPUQMLKMIINFFBH58CB,培英段,23.90,都市：住,10000,87,持分移轉,00050000
RPVQMLKMIINFFBH68CB,培英段,23.90,都市：住,10000,87,持分移轉,00050000
RPRQMLKMIINFFBH28CB,培英段,14.84,都市：住,10000,54,持分移轉,00050000
RPXQMLKMIINFFBH88CB,培英段,15.94,都市：住,10000,58,持分移轉,00050000
RPVQMLMKRHNFFBH07EB,仁祥段,18.04,都市：住,10000,31,持分移轉,10200000
RPQRMLKMIINFFBH28CB,培英段,23.90,都市：住,10000,87,持分移轉,00050000
RPPRMLKMIINFFBH18CB,培英段,23.90,都市：住,10000,87,持分移轉,00050000
RPSQMLKMIINFFBH38CB,培英段,14.56,都市：住,10000,53,持分移轉,00050000
RPSRMLKMIINFFBH48CB,培英段,14.84,都市：住,10000,54,持分移轉,00050000
RPVRMLKMIINFFBH78CB,培英段,23.90,都市：住,10000,87,持分移轉,00050000
RPURMLKMIINFFBH68CB,培英段,23.90,都市：住,10000,87,持分移轉,00050000
RPTRMLKMIINFFBH58CB,培英段,14.56,都市：住,10000,53,持分移轉,00050000
RPORMLKMIINFFBH08CB,培英段,21.71,都市：住,10000,79,持分移轉,00050000
RPWQMLKMIINFFBH78CB,培英段,18.41,都市：住,10000,67,持分移轉,00050000
RPPSMLKMIINFFBH28CB,培英段,21.71,都市：住,10000,79,持分移轉,00050000
RPQSMLKMIINFFBH38CB,培英段,14.56,都市：住,10000,53,持分移轉,00050000
RPWRMLKMIINFFBH88CB,培英段,23.90,都市：住,10000,87,持分移轉,00050000
RPXRMLKMIINFFBH98CB,培英段,16.21,都市：住,10000,59,持分移轉,00050000
RPOSMLKMIINFFBH18CB,培英段,14.84,都市：住,10000,54,持分移轉,00050000
RPSSMLKMIINFFBH58CB,培英段,16.21,都市：住,10000,59,持分移轉,00050000
RPRSMLKMIINFFBH48CB,培英段,15.94,都市：住,10000,58,持分移轉,00050000
RPSTMLKMIINFFBH68CB,培英段,19.23,都市：住,10000,70,持分移轉,00050000
RPRTMLKMIINFFBH58CB,培英段,16.49,都市：住,10000,60,持分移轉,00050000
RPUSMLKMIINFFBH78CB,培英段,14.84,都市：住,10000,54,持分移轉,00050000
RPOTMLKMIINFFBH28CB,培英段,23.90,都市：住,10000,87,持分移轉,00050000
RPVSMLKMIINFFBH88CB,培英段,23.90,都市：住,10000,87,持分移轉,00050000
RPWSMLKMIINFFBH98CB,培英段,18.41,都市：住,10000,67,持分移轉,00050000
RPPTMLKMIINFFBH38CB,培英段,23.90,都市：住,10000,87,持分移轉,00050000
RPXSMLKMIINFFBH09CB,培英段,23.90,都市：住,10000,87,持分移轉,00050000
RPTSMLKMIINFFBH68CB,培英段,20.61,都市：住,10000,75,持分移轉,00050000
RPQTMLKMIINFFBH48CB,培英段,19.23,都市：住,10000,70,持分移轉,00050000
RPVTMLKMIINFFBH98CB,培英段,21.98,都市：住,10000,80,持分移轉,00050000
RPWTMLKMIINFFBH09CB,培英段,23.90,都市：住,10000,87,持分移轉,00050000
RPQUMLKMIINFFBH58CB,培英段,16.21,都市：住,10000,59,持分移轉,00050000
RPOUMLKMIINFFBH38CB,培英段,16.49,都市：住,10000,60,持分移轉,00050000
RPRUMLKMIINFFBH68CB,培英段,23.90,都市：住,10000,87,持分移轉,00050000
RPTTMLKMIINFFBH78CB,培英段,23.90,都市：住,10000,87,持分移轉,00050000
RPXTMLKMIINFFBH56CB,培英段,21.98,都市：住,10000,80,持分移轉,00050000
RPUTMLKMIINFFBH88CB,培英段,21.71,都市：住,10000,79,持分移轉,00050000
RPPUMLKMIINFFBH48CB,培英段,19.23,都市：住,10000,70,持分移轉,00050000
RPXUMLKMIINFFBH66CB,培英段,19.23,都市：住,10000,70,持分移轉,00050000
RPPVMLKMIINFFBH58CB,培英段,14.56,都市：住,10000,53,持分移轉,00050000
RPVUMLKMIINFFBH09CB,培英段,21.71,都市：住,10000,79,持分移轉,00050000
RPQVMLKMIINFFBH68CB,培英段,19.23,都市：住,10000,70,持分移轉,00050000
RPOVMLKMIINFFBH48CB,培英段,23.90,都市：住,10000,87,持分移轉,00050000
RPRVMLKMIINFFBH78CB,培英段,21.71,都市：住,10000,79,持分移轉,00050000
RPWUMLKMIINFFBH56CB,培英段,14.56,都市：住,10000,53,持分移轉,00050000
RPSVMLKMIINFFBH88CB,培英段,14.84,都市：住,10000,54,持分移轉,00050000
RPWVMLKMIINFFBH66CB,培英段,23.90,都市：住,10000,87,持分移轉,00050000
RPTVMLKMIINFFBH98CB,培英段,16.49,都市：住,10000,60,持分移轉,00050000
RPUVMLKMIINFFBH09CB,培英段,21.71,都市：住,10000,79,持分移轉,00050000
RPXVMLKMIINFFBH76CB,培英段,23.90,都市：住,10000,87,持分移轉,00050000
RPVVMLKMIINFFBH56CB,培英段,14.56,都市：住,10000,53,持分移轉,00050000
RPPWMLKMIINFFBH68CB,培英段,21.98,都市：住,10000,80,持分移轉,00050000
RPQWMLKMIINFFBH78CB,培英段,23.90,都市：住,10000,87,持分移轉,00050000
RPOWMLKMIINFFBH58CB,培英段,14.56,都市：住,10000,53,持分移轉,00050000
RPRWMLKMIINFFBH88CB,培英段,19.23,都市：住,10000,70,持分移轉,00050000
RPTWMLKMIINFFBH09CB,培英段,21.71,都市：住,10000,79,持分移轉,00050000
RPXWMLKMIINFFBH86CB,培英段,14.56,都市：住,10000,53,持分移轉,00050000
RPWWMLKMIINFFBH76CB,培英段,23.90,都市：住,10000,87,持分移轉,00050000
RPVWMLKMIINFFBH66CB,培英段,23.90,都市：住,10000,87,持分移轉,00050000
RPSWMLKMIINFFBH98CB,培英段,16.21,都市：住,10000,59,持分移轉,00050000
RPUWMLKMIINFFBH56CB,培英段,19.23,都市：住,10000,70,持分移轉,00050000
RPONNLKMIINFFBH77CB,培英段,21.98,都市：住,10000,80,持分移轉,00050000
RPRNNLKMIINFFBH08CB,培英段,14.84,都市：住,10000,54,持分移轉,00050000
RPQNNLKMIINFFBH97CB,培英段,24.18,都市：住,10000,88,持分移轉,00050000
RPPNNLKMIINFFBH87CB,培英段,19.23,都市：住,10000,70,持分移轉,00050000
RPUNNLKMIINFFBH38CB,培英段,16.49,都市：住,10000,60,持分移轉,00050000
RPTNNLKMIINFFBH28CB,培英段,14.84,都市：住,10000,54,持分移轉,00050000
RPOONLKMIINFFBH87CB,培英段,21.71,都市：住,10000,79,持分移轉,00050000
RPSONLKMIINFFBH28CB,培英段,19.23,都市：住,10000,70,持分移轉,00050000
RPXNNLKMIINFFBH68CB,培英段,16.21,都市：住,10000,59,持分移轉,00050000
RPRONLKMIINFFBH18CB,培英段,16.21,都市：住,10000,59,持分移轉,00050000
RPVNNLKMIINFFBH48CB,培英段,16.21,都市：住,10000,59,持分移轉,00050000
RPWNNLKMIINFFBH58CB,培英段,16.49,都市：住,10000,60,持分移轉,00050000
RPQONLKMIINFFBH08CB,培英段,19.23,都市：住,10000,70,持分移轉,00050000
RPTONLKMIINFFBH38CB,培英段,19.23,都市：住,10000,70,持分移轉,00050000
RPPONLKMIINFFBH97CB,培英段,17.04,都市：住,10000,62,持分移轉,00050000
RPQPMLLMIINFFAH08CB,龍鳳段,20.72,都市：住,10000,70,持分移轉,01470000
RPQPMLLMIINFFAH08CB,龍鳳段,.07,都市：住,10000,70,持分移轉,01470001
RPQPMLLMIINFFAH08CB,龍鳳段,.07,都市：住,10000,70,持分移轉,01470002
RPQPMLLMIINFFAH08CB,龍鳳段,.41,都市：住,10000,70,持分移轉,01470003
RPRPMLLMIINFFAH18CB,龍鳳段,20.72,都市：住,10000,70,持分移轉,01470000
RPRPMLLMIINFFAH18CB,龍鳳段,.07,都市：住,10000,70,持分移轉,01470001
RPRPMLLMIINFFAH18CB,龍鳳段,.07,都市：住,10000,70,持分移轉,01470002
RPRPMLLMIINFFAH18CB,龍鳳段,.41,都市：住,10000,70,持分移轉,01470003
RPUONLKMIINFFBH48CB,培英段,16.49,都市：住,10000,60,持分移轉,00050000
RPOQMLLMIINFFAH97CB,龍鳳段,20.72,都市：住,10000,70,持分移轉,01470000
RPOQMLLMIINFFAH97CB,龍鳳段,.07,都市：住,10000,70,持分移轉,01470001
RPOQMLLMIINFFAH97CB,龍鳳段,.07,都市：住,10000,70,持分移轉,01470002
RPOQMLLMIINFFAH97CB,龍鳳段,.41,都市：住,10000,70,持分移轉,01470003
RPXPMLLMIINFFAH78CB,龍鳳段,20.72,都市：住,10000,70,持分移轉,01470000
RPXPMLLMIINFFAH78CB,龍鳳段,.07,都市：住,10000,70,持分移轉,01470001
RPXPMLLMIINFFAH78CB,龍鳳段,.07,都市：住,10000,70,持分移轉,01470002
RPXPMLLMIINFFAH78CB,龍鳳段,.41,都市：住,10000,70,持分移轉,01470003
RPSPMLLMIINFFAH28CB,龍鳳段,20.72,都市：住,10000,70,持分移轉,01470000
RPSPMLLMIINFFAH28CB,龍鳳段,.07,都市：住,10000,70,持分移轉,01470001
RPSPMLLMIINFFAH28CB,龍鳳段,.07,都市：住,10000,70,持分移轉,01470002
RPSPMLLMIINFFAH28CB,龍鳳段,.41,都市：住,10000,70,持分移轉,01470003
RPVPMLLMIINFFAH58CB,龍鳳段,20.72,都市：住,10000,70,持分移轉,01470000
RPVPMLLMIINFFAH58CB,龍鳳段,.07,都市：住,10000,70,持分移轉,01470001
RPVPMLLMIINFFAH58CB,龍鳳段,.07,都市：住,10000,70,持分移轉,01470002
RPVPMLLMIINFFAH58CB,龍鳳段,.41,都市：住,10000,70,持分移轉,01470003
RPWPMLLMIINFFAH68CB,龍鳳段,20.72,都市：住,10000,70,持分移轉,01470000
RPWPMLLMIINFFAH68CB,龍鳳段,.07,都市：住,10000,70,持分移轉,01470001
RPWPMLLMIINFFAH68CB,龍鳳段,.07,都市：住,10000,70,持分移轉,01470002
RPWPMLLMIINFFAH68CB,龍鳳段,.41,都市：住,10000,70,持分移轉,01470003
RPORMLLMIINFFAH08CB,龍鳳段,16.87,都市：住,10000,57,持分移轉,01470000
RPORMLLMIINFFAH08CB,龍鳳段,.06,都市：住,10000,57,持分移轉,01470001
RPORMLLMIINFFAH08CB,龍鳳段,.06,都市：住,10000,57,持分移轉,01470002
RPPQMLLMIINFFAH08CB,龍鳳段,21.02,都市：住,10000,71,持分移轉,01470000
RPORMLLMIINFFAH08CB,龍鳳段,.34,都市：住,10000,57,持分移轉,01470003
RPPQMLLMIINFFAH08CB,龍鳳段,.07,都市：住,10000,71,持分移轉,01470001
RPPQMLLMIINFFAH08CB,龍鳳段,.07,都市：住,10000,71,持分移轉,01470002
RPPQMLLMIINFFAH08CB,龍鳳段,.42,都市：住,10000,71,持分移轉,01470003
RPVQMLLMIINFFAH68CB,龍鳳段,16.87,都市：住,10000,57,持分移轉,01470000
RPVQMLLMIINFFAH68CB,龍鳳段,.06,都市：住,10000,57,持分移轉,01470001
RPVQMLLMIINFFAH68CB,龍鳳段,.06,都市：住,10000,57,持分移轉,01470002
RPVQMLLMIINFFAH68CB,龍鳳段,.34,都市：住,10000,57,持分移轉,01470003
RPUQMLLMIINFFAH58CB,龍鳳段,20.72,都市：住,10000,70,持分移轉,01470000
RPUQMLLMIINFFAH58CB,龍鳳段,.07,都市：住,10000,70,持分移轉,01470001
RPUQMLLMIINFFAH58CB,龍鳳段,.07,都市：住,10000,70,持分移轉,01470002
RPUQMLLMIINFFAH58CB,龍鳳段,.41,都市：住,10000,70,持分移轉,01470003
RPWQMLLMIINFFAH78CB,龍鳳段,16.87,都市：住,10000,57,持分移轉,01470000
RPWQMLLMIINFFAH78CB,龍鳳段,.06,都市：住,10000,57,持分移轉,01470001
RPWQMLLMIINFFAH78CB,龍鳳段,.06,都市：住,10000,57,持分移轉,01470002
RPWQMLLMIINFFAH78CB,龍鳳段,.34,都市：住,10000,57,持分移轉,01470003
RPXQMLLMIINFFAH88CB,龍鳳段,16.87,都市：住,10000,57,持分移轉,01470000
RPXQMLLMIINFFAH88CB,龍鳳段,.06,都市：住,10000,57,持分移轉,01470001
RPXQMLLMIINFFAH88CB,龍鳳段,.06,都市：住,10000,57,持分移轉,01470002
RPXQMLLMIINFFAH88CB,龍鳳段,.34,都市：住,10000,57,持分移轉,01470003
RPQQMLLMIINFFAH18CB,龍鳳段,20.72,都市：住,10000,70,持分移轉,01470000
RPQQMLLMIINFFAH18CB,龍鳳段,.07,都市：住,10000,70,持分移轉,01470001
RPQQMLLMIINFFAH18CB,龍鳳段,.07,都市：住,10000,70,持分移轉,01470002
RPQQMLLMIINFFAH18CB,龍鳳段,.41,都市：住,10000,70,持分移轉,01470003
RPSQMLLMIINFFAH38CB,龍鳳段,20.72,都市：住,10000,70,持分移轉,01470000
RPSQMLLMIINFFAH38CB,龍鳳段,.07,都市：住,10000,70,持分移轉,01470001
RPSQMLLMIINFFAH38CB,龍鳳段,.07,都市：住,10000,70,持分移轉,01470002
RPSQMLLMIINFFAH38CB,龍鳳段,.41,都市：住,10000,70,持分移轉,01470003
RPTQMLLMIINFFAH48CB,龍鳳段,20.72,都市：住,10000,70,持分移轉,01470000
RPTQMLLMIINFFAH48CB,龍鳳段,.07,都市：住,10000,70,持分移轉,01470001
RPTQMLLMIINFFAH48CB,龍鳳段,.07,都市：住,10000,70,持分移轉,01470002
RPTQMLLMIINFFAH48CB,龍鳳段,.41,都市：住,10000,70,持分移轉,01470003
RPRQMLLMIINFFAH28CB,龍鳳段,20.72,都市：住,10000,70,持分移轉,01470000
RPRQMLLMIINFFAH28CB,龍鳳段,.07,都市：住,10000,70,持分移轉,01470001
RPRQMLLMIINFFAH28CB,龍鳳段,.07,都市：住,10000,70,持分移轉,01470002
RPRQMLLMIINFFAH28CB,龍鳳段,.41,都市：住,10000,70,持分移轉,01470003
RPPRMLLMIINFFAH18CB,龍鳳段,16.87,都市：住,10000,57,持分移轉,01470000
RPPRMLLMIINFFAH18CB,龍鳳段,.06,都市：住,10000,57,持分移轉,01470001
RPPRMLLMIINFFAH18CB,龍鳳段,.06,都市：住,10000,57,持分移轉,01470002
RPPRMLLMIINFFAH18CB,龍鳳段,.34,都市：住,10000,57,持分移轉,01470003
RPRRMLLMIINFFAH38CB,龍鳳段,16.87,都市：住,10000,57,持分移轉,01470000
RPRRMLLMIINFFAH38CB,龍鳳段,.06,都市：住,10000,57,持分移轉,01470001
RPRRMLLMIINFFAH38CB,龍鳳段,.06,都市：住,10000,57,持分移轉,01470002
RPRRMLLMIINFFAH38CB,龍鳳段,.34,都市：住,10000,57,持分移轉,01470003
RPTRMLLMIINFFAH58CB,龍鳳段,16.87,都市：住,10000,57,持分移轉,01470000
RPTRMLLMIINFFAH58CB,龍鳳段,.06,都市：住,10000,57,持分移轉,01470001
RPTRMLLMIINFFAH58CB,龍鳳段,.06,都市：住,10000,57,持分移轉,01470002
RPTRMLLMIINFFAH58CB,龍鳳段,.34,都市：住,10000,57,持分移轉,01470003
RPQRMLLMIINFFAH28CB,龍鳳段,16.87,都市：住,10000,57,持分移轉,01470000
RPQRMLLMIINFFAH28CB,龍鳳段,.06,都市：住,10000,57,持分移轉,01470001
RPQRMLLMIINFFAH28CB,龍鳳段,.06,都市：住,10000,57,持分移轉,01470002
RPQRMLLMIINFFAH28CB,龍鳳段,.34,都市：住,10000,57,持分移轉,01470003
RPWRMLLMIINFFAH88CB,龍鳳段,16.87,都市：住,10000,57,持分移轉,01470000
RPWRMLLMIINFFAH88CB,龍鳳段,.06,都市：住,10000,57,持分移轉,01470001
RPWRMLLMIINFFAH88CB,龍鳳段,.06,都市：住,10000,57,持分移轉,01470002
RPWRMLLMIINFFAH88CB,龍鳳段,.34,都市：住,10000,57,持分移轉,01470003
RPURMLLMIINFFAH68CB,龍鳳段,16.87,都市：住,10000,57,持分移轉,01470000
RPURMLLMIINFFAH68CB,龍鳳段,.06,都市：住,10000,57,持分移轉,01470001
RPURMLLMIINFFAH68CB,龍鳳段,.06,都市：住,10000,57,持分移轉,01470002
RPURMLLMIINFFAH68CB,龍鳳段,.34,都市：住,10000,57,持分移轉,01470003
RPOSMLLMIINFFAH18CB,龍鳳段,16.87,都市：住,10000,57,持分移轉,01470000
RPOSMLLMIINFFAH18CB,龍鳳段,.06,都市：住,10000,57,持分移轉,01470001
RPOSMLLMIINFFAH18CB,龍鳳段,.06,都市：住,10000,57,持分移轉,01470002
RPOSMLLMIINFFAH18CB,龍鳳段,.34,都市：住,10000,57,持分移轉,01470003
RPPSMLLMIINFFAH28CB,龍鳳段,16.87,都市：住,10000,57,持分移轉,01470000
RPPSMLLMIINFFAH28CB,龍鳳段,.06,都市：住,10000,57,持分移轉,01470001
RPPSMLLMIINFFAH28CB,龍鳳段,.06,都市：住,10000,57,持分移轉,01470002
RPPSMLLMIINFFAH28CB,龍鳳段,.34,都市：住,10000,57,持分移轉,01470003
RPRSMLLMIINFFAH48CB,龍鳳段,15.69,都市：住,10000,53,持分移轉,01470000
RPRSMLLMIINFFAH48CB,龍鳳段,.05,都市：住,10000,53,持分移轉,01470001
RPRSMLLMIINFFAH48CB,龍鳳段,.06,都市：住,10000,53,持分移轉,01470002
RPRSMLLMIINFFAH48CB,龍鳳段,.31,都市：住,10000,53,持分移轉,01470003
RPVRMLLMIINFFAH78CB,龍鳳段,16.87,都市：住,10000,57,持分移轉,01470000
RPVRMLLMIINFFAH78CB,龍鳳段,.06,都市：住,10000,57,持分移轉,01470001
RPVRMLLMIINFFAH78CB,龍鳳段,.06,都市：住,10000,57,持分移轉,01470002
RPVRMLLMIINFFAH78CB,龍鳳段,.34,都市：住,10000,57,持分移轉,01470003
RPXRMLLMIINFFAH98CB,龍鳳段,16.87,都市：住,10000,57,持分移轉,01470000
RPXRMLLMIINFFAH98CB,龍鳳段,.06,都市：住,10000,57,持分移轉,01470001
RPXRMLLMIINFFAH98CB,龍鳳段,.06,都市：住,10000,57,持分移轉,01470002
RPXRMLLMIINFFAH98CB,龍鳳段,.34,都市：住,10000,57,持分移轉,01470003
RPQSMLLMIINFFAH38CB,龍鳳段,15.69,都市：住,10000,53,持分移轉,01470000
RPQSMLLMIINFFAH38CB,龍鳳段,.05,都市：住,10000,53,持分移轉,01470001
RPQSMLLMIINFFAH38CB,龍鳳段,.06,都市：住,10000,53,持分移轉,01470002
RPQSMLLMIINFFAH38CB,龍鳳段,.31,都市：住,10000,53,持分移轉,01470003
RPSSMLLMIINFFAH58CB,龍鳳段,15.69,都市：住,10000,53,持分移轉,01470000
RPSSMLLMIINFFAH58CB,龍鳳段,.05,都市：住,10000,53,持分移轉,01470001
RPSSMLLMIINFFAH58CB,龍鳳段,.06,都市：住,10000,53,持分移轉,01470002
RPSSMLLMIINFFAH58CB,龍鳳段,.31,都市：住,10000,53,持分移轉,01470003
RPUSMLLMIINFFAH78CB,龍鳳段,15.69,都市：住,10000,53,持分移轉,01470000
RPUSMLLMIINFFAH78CB,龍鳳段,.05,都市：住,10000,53,持分移轉,01470001
RPUSMLLMIINFFAH78CB,龍鳳段,.06,都市：住,10000,53,持分移轉,01470002
RPUSMLLMIINFFAH78CB,龍鳳段,.31,都市：住,10000,53,持分移轉,01470003
RPVSMLLMIINFFAH88CB,龍鳳段,15.69,都市：住,10000,53,持分移轉,01470000
RPVSMLLMIINFFAH88CB,龍鳳段,.05,都市：住,10000,53,持分移轉,01470001
RPVSMLLMIINFFAH88CB,龍鳳段,.06,都市：住,10000,53,持分移轉,01470002
RPVSMLLMIINFFAH88CB,龍鳳段,.31,都市：住,10000,53,持分移轉,01470003
RPXSMLLMIINFFAH09CB,龍鳳段,15.39,都市：住,10000,52,持分移轉,01470000
RPXSMLLMIINFFAH09CB,龍鳳段,.05,都市：住,10000,52,持分移轉,01470001
RPXSMLLMIINFFAH09CB,龍鳳段,.05,都市：住,10000,52,持分移轉,01470002
RPXSMLLMIINFFAH09CB,龍鳳段,.31,都市：住,10000,52,持分移轉,01470003
RPRTMLLMIINFFAH58CB,龍鳳段,15.39,都市：住,10000,52,持分移轉,01470000
RPRTMLLMIINFFAH58CB,龍鳳段,.05,都市：住,10000,52,持分移轉,01470001
RPRTMLLMIINFFAH58CB,龍鳳段,.05,都市：住,10000,52,持分移轉,01470002
RPRTMLLMIINFFAH58CB,龍鳳段,.31,都市：住,10000,52,持分移轉,01470003
RPSTMLLMIINFFAH68CB,龍鳳段,15.39,都市：住,10000,52,持分移轉,01470000
RPSTMLLMIINFFAH68CB,龍鳳段,.05,都市：住,10000,52,持分移轉,01470001
RPSTMLLMIINFFAH68CB,龍鳳段,.05,都市：住,10000,52,持分移轉,01470002
RPSTMLLMIINFFAH68CB,龍鳳段,.31,都市：住,10000,52,持分移轉,01470003
RPQTMLLMIINFFAH48CB,龍鳳段,15.39,都市：住,10000,52,持分移轉,01470000
RPQTMLLMIINFFAH48CB,龍鳳段,.05,都市：住,10000,52,持分移轉,01470001
RPQTMLLMIINFFAH48CB,龍鳳段,.05,都市：住,10000,52,持分移轉,01470002
RPQTMLLMIINFFAH48CB,龍鳳段,.31,都市：住,10000,52,持分移轉,01470003
RPTTMLLMIINFFAH78CB,龍鳳段,15.39,都市：住,10000,52,持分移轉,01470000
RPTTMLLMIINFFAH78CB,龍鳳段,.05,都市：住,10000,52,持分移轉,01470001
RPTTMLLMIINFFAH78CB,龍鳳段,.05,都市：住,10000,52,持分移轉,01470002
RPTTMLLMIINFFAH78CB,龍鳳段,.31,都市：住,10000,52,持分移轉,01470003
RPPTMLLMIINFFAH38CB,龍鳳段,15.39,都市：住,10000,52,持分移轉,01470000
RPPTMLLMIINFFAH38CB,龍鳳段,.05,都市：住,10000,52,持分移轉,01470001
RPPTMLLMIINFFAH38CB,龍鳳段,.05,都市：住,10000,52,持分移轉,01470002
RPPTMLLMIINFFAH38CB,龍鳳段,.31,都市：住,10000,52,持分移轉,01470003
RPWSMLLMIINFFAH98CB,龍鳳段,15.69,都市：住,10000,53,持分移轉,01470000
RPWSMLLMIINFFAH98CB,龍鳳段,.05,都市：住,10000,53,持分移轉,01470001
RPWSMLLMIINFFAH98CB,龍鳳段,.06,都市：住,10000,53,持分移轉,01470002
RPWSMLLMIINFFAH98CB,龍鳳段,.31,都市：住,10000,53,持分移轉,01470003
RPOTMLLMIINFFAH28CB,龍鳳段,15.39,都市：住,10000,52,持分移轉,01470000
RPOTMLLMIINFFAH28CB,龍鳳段,.05,都市：住,10000,52,持分移轉,01470001
RPOTMLLMIINFFAH28CB,龍鳳段,.05,都市：住,10000,52,持分移轉,01470002
RPOTMLLMIINFFAH28CB,龍鳳段,.31,都市：住,10000,52,持分移轉,01470003
RPVTMLLMIINFFAH98CB,龍鳳段,15.39,都市：住,10000,52,持分移轉,01470000
RPVTMLLMIINFFAH98CB,龍鳳段,.05,都市：住,10000,52,持分移轉,01470001
RPVTMLLMIINFFAH98CB,龍鳳段,.05,都市：住,10000,52,持分移轉,01470002
RPVTMLLMIINFFAH98CB,龍鳳段,.31,都市：住,10000,52,持分移轉,01470003
RPUTMLLMIINFFAH88CB,龍鳳段,15.39,都市：住,10000,52,持分移轉,01470000
RPUTMLLMIINFFAH88CB,龍鳳段,.05,都市：住,10000,52,持分移轉,01470001
RPUTMLLMIINFFAH88CB,龍鳳段,.05,都市：住,10000,52,持分移轉,01470002
RPUTMLLMIINFFAH88CB,龍鳳段,.31,都市：住,10000,52,持分移轉,01470003
RPXTMLLMIINFFAH56CB,龍鳳段,15.39,都市：住,10000,52,持分移轉,01470000
RPXTMLLMIINFFAH56CB,龍鳳段,.05,都市：住,10000,52,持分移轉,01470001
RPXTMLLMIINFFAH56CB,龍鳳段,.05,都市：住,10000,52,持分移轉,01470002
RPXTMLLMIINFFAH56CB,龍鳳段,.31,都市：住,10000,52,持分移轉,01470003
RPPUMLLMIINFFAH48CB,龍鳳段,15.69,都市：住,10000,53,持分移轉,01470000
RPPUMLLMIINFFAH48CB,龍鳳段,.05,都市：住,10000,53,持分移轉,01470001
RPPUMLLMIINFFAH48CB,龍鳳段,.06,都市：住,10000,53,持分移轉,01470002
RPPUMLLMIINFFAH48CB,龍鳳段,.31,都市：住,10000,53,持分移轉,01470003
RPOUMLLMIINFFAH38CB,龍鳳段,15.69,都市：住,10000,53,持分移轉,01470000
RPOUMLLMIINFFAH38CB,龍鳳段,.05,都市：住,10000,53,持分移轉,01470001
RPOUMLLMIINFFAH38CB,龍鳳段,.06,都市：住,10000,53,持分移轉,01470002
RPOUMLLMIINFFAH38CB,龍鳳段,.31,都市：住,10000,53,持分移轉,01470003
RPWTMLLMIINFFAH09CB,龍鳳段,15.39,都市：住,10000,52,持分移轉,01470000
RPWTMLLMIINFFAH09CB,龍鳳段,.05,都市：住,10000,52,持分移轉,01470001
RPWTMLLMIINFFAH09CB,龍鳳段,.05,都市：住,10000,52,持分移轉,01470002
RPWTMLLMIINFFAH09CB,龍鳳段,.31,都市：住,10000,52,持分移轉,01470003
RPWUMLLMIINFFAH56CB,龍鳳段,16.87,都市：住,10000,57,持分移轉,01470000
RPWUMLLMIINFFAH56CB,龍鳳段,.06,都市：住,10000,57,持分移轉,01470001
RPWUMLLMIINFFAH56CB,龍鳳段,.06,都市：住,10000,57,持分移轉,01470002
RPWUMLLMIINFFAH56CB,龍鳳段,.34,都市：住,10000,57,持分移轉,01470003
RPOVMLLMIINFFAH48CB,龍鳳段,16.87,都市：住,10000,57,持分移轉,01470000
RPOVMLLMIINFFAH48CB,龍鳳段,.06,都市：住,10000,57,持分移轉,01470001
RPOVMLLMIINFFAH48CB,龍鳳段,.06,都市：住,10000,57,持分移轉,01470002
RPOVMLLMIINFFAH48CB,龍鳳段,.34,都市：住,10000,57,持分移轉,01470003
RPRUMLLMIINFFAH68CB,龍鳳段,15.69,都市：住,10000,53,持分移轉,01470000
RPRUMLLMIINFFAH68CB,龍鳳段,.05,都市：住,10000,53,持分移轉,01470001
RPRUMLLMIINFFAH68CB,龍鳳段,.06,都市：住,10000,53,持分移轉,01470002
RPRUMLLMIINFFAH68CB,龍鳳段,.31,都市：住,10000,53,持分移轉,01470003
RPUUMLLMIINFFAH98CB,龍鳳段,16.87,都市：住,10000,57,持分移轉,01470000
RPUUMLLMIINFFAH98CB,龍鳳段,.06,都市：住,10000,57,持分移轉,01470001
RPUUMLLMIINFFAH98CB,龍鳳段,.06,都市：住,10000,57,持分移轉,01470002
RPUUMLLMIINFFAH98CB,龍鳳段,.34,都市：住,10000,57,持分移轉,01470003
RPSUMLLMIINFFAH78CB,龍鳳段,15.69,都市：住,10000,53,持分移轉,01470000
RPSUMLLMIINFFAH78CB,龍鳳段,.05,都市：住,10000,53,持分移轉,01470001
RPSUMLLMIINFFAH78CB,龍鳳段,.06,都市：住,10000,53,持分移轉,01470002
RPSUMLLMIINFFAH78CB,龍鳳段,.31,都市：住,10000,53,持分移轉,01470003
RPPVMLLMIINFFAH58CB,龍鳳段,16.87,都市：住,10000,57,持分移轉,01470000
RPPVMLLMIINFFAH58CB,龍鳳段,.06,都市：住,10000,57,持分移轉,01470001
RPPVMLLMIINFFAH58CB,龍鳳段,.06,都市：住,10000,57,持分移轉,01470002
RPPVMLLMIINFFAH58CB,龍鳳段,.34,都市：住,10000,57,持分移轉,01470003
RPVUMLLMIINFFAH09CB,龍鳳段,16.87,都市：住,10000,57,持分移轉,01470000
RPVUMLLMIINFFAH09CB,龍鳳段,.06,都市：住,10000,57,持分移轉,01470001
RPVUMLLMIINFFAH09CB,龍鳳段,.06,都市：住,10000,57,持分移轉,01470002
RPVUMLLMIINFFAH09CB,龍鳳段,.34,都市：住,10000,57,持分移轉,01470003
RPQUMLLMIINFFAH58CB,龍鳳段,15.69,都市：住,10000,53,持分移轉,01470000
RPQUMLLMIINFFAH58CB,龍鳳段,.05,都市：住,10000,53,持分移轉,01470001
RPQUMLLMIINFFAH58CB,龍鳳段,.06,都市：住,10000,53,持分移轉,01470002
RPQUMLLMIINFFAH58CB,龍鳳段,.31,都市：住,10000,53,持分移轉,01470003
RPXUMLLMIINFFAH66CB,龍鳳段,16.87,都市：住,10000,57,持分移轉,01470000
RPXUMLLMIINFFAH66CB,龍鳳段,.06,都市：住,10000,57,持分移轉,01470001
RPXUMLLMIINFFAH66CB,龍鳳段,.06,都市：住,10000,57,持分移轉,01470002
RPXUMLLMIINFFAH66CB,龍鳳段,.34,都市：住,10000,57,持分移轉,01470003
RPQVMLLMIINFFAH68CB,龍鳳段,16.87,都市：住,10000,57,持分移轉,01470000
RPQVMLLMIINFFAH68CB,龍鳳段,.06,都市：住,10000,57,持分移轉,01470001
RPQVMLLMIINFFAH68CB,龍鳳段,.06,都市：住,10000,57,持分移轉,01470002
RPQVMLLMIINFFAH68CB,龍鳳段,.34,都市：住,10000,57,持分移轉,01470003
RPTUMLLMIINFFAH88CB,龍鳳段,15.69,都市：住,10000,53,持分移轉,01470000
RPTUMLLMIINFFAH88CB,龍鳳段,.05,都市：住,10000,53,持分移轉,01470001
RPTUMLLMIINFFAH88CB,龍鳳段,.06,都市：住,10000,53,持分移轉,01470002
RPTUMLLMIINFFAH88CB,龍鳳段,.31,都市：住,10000,53,持分移轉,01470003
RPVVMLLMIINFFAH56CB,龍鳳段,16.87,都市：住,10000,57,持分移轉,01470000
RPVVMLLMIINFFAH56CB,龍鳳段,.06,都市：住,10000,57,持分移轉,01470001
RPVVMLLMIINFFAH56CB,龍鳳段,.06,都市：住,10000,57,持分移轉,01470002
RPVVMLLMIINFFAH56CB,龍鳳段,.34,都市：住,10000,57,持分移轉,01470003
RPUVMLLMIINFFAH09CB,龍鳳段,16.87,都市：住,10000,57,持分移轉,01470000
RPUVMLLMIINFFAH09CB,龍鳳段,.06,都市：住,10000,57,持分移轉,01470001
RPUVMLLMIINFFAH09CB,龍鳳段,.06,都市：住,10000,57,持分移轉,01470002
RPUVMLLMIINFFAH09CB,龍鳳段,.34,都市：住,10000,57,持分移轉,01470003
RPRVMLLMIINFFAH78CB,龍鳳段,16.87,都市：住,10000,57,持分移轉,01470000
RPRVMLLMIINFFAH78CB,龍鳳段,.06,都市：住,10000,57,持分移轉,01470001
RPRVMLLMIINFFAH78CB,龍鳳段,.06,都市：住,10000,57,持分移轉,01470002
RPRVMLLMIINFFAH78CB,龍鳳段,.34,都市：住,10000,57,持分移轉,01470003
RPSVMLLMIINFFAH88CB,龍鳳段,16.87,都市：住,10000,57,持分移轉,01470000
RPSVMLLMIINFFAH88CB,龍鳳段,.06,都市：住,10000,57,持分移轉,01470001
RPSVMLLMIINFFAH88CB,龍鳳段,.06,都市：住,10000,57,持分移轉,01470002
RPSVMLLMIINFFAH88CB,龍鳳段,.34,都市：住,10000,57,持分移轉,01470003
RPTVMLLMIINFFAH98CB,龍鳳段,16.87,都市：住,10000,57,持分移轉,01470000
RPTVMLLMIINFFAH98CB,龍鳳段,.06,都市：住,10000,57,持分移轉,01470001
RPTVMLLMIINFFAH98CB,龍鳳段,.06,都市：住,10000,57,持分移轉,01470002
RPTVMLLMIINFFAH98CB,龍鳳段,.34,都市：住,10000,57,持分移轉,01470003
RPWVMLLMIINFFAH66CB,龍鳳段,16.87,都市：住,10000,57,持分移轉,01470000
RPWVMLLMIINFFAH66CB,龍鳳段,.06,都市：住,10000,57,持分移轉,01470001
RPWVMLLMIINFFAH66CB,龍鳳段,.06,都市：住,10000,57,持分移轉,01470002
RPWVMLLMIINFFAH66CB,龍鳳段,.34,都市：住,10000,57,持分移轉,01470003
RPXVMLLMIINFFAH76CB,龍鳳段,16.87,都市：住,10000,57,持分移轉,01470000
RPXVMLLMIINFFAH76CB,龍鳳段,.06,都市：住,10000,57,持分移轉,01470001
RPXVMLLMIINFFAH76CB,龍鳳段,.06,都市：住,10000,57,持分移轉,01470002
RPXVMLLMIINFFAH76CB,龍鳳段,.34,都市：住,10000,57,持分移轉,01470003
RPPWMLLMIINFFAH68CB,龍鳳段,21.61,都市：住,10000,73,持分移轉,01470000
RPPWMLLMIINFFAH68CB,龍鳳段,.07,都市：住,10000,73,持分移轉,01470001
RPPWMLLMIINFFAH68CB,龍鳳段,.08,都市：住,10000,73,持分移轉,01470002
RPUWMLLMIINFFAH56CB,龍鳳段,21.61,都市：住,10000,73,持分移轉,01470000
RPPWMLLMIINFFAH68CB,龍鳳段,.43,都市：住,10000,73,持分移轉,01470003
RPUWMLLMIINFFAH56CB,龍鳳段,.07,都市：住,10000,73,持分移轉,01470001
RPUWMLLMIINFFAH56CB,龍鳳段,.08,都市：住,10000,73,持分移轉,01470002
RPUWMLLMIINFFAH56CB,龍鳳段,.43,都市：住,10000,73,持分移轉,01470003
RPTWMLLMIINFFAH09CB,龍鳳段,21.61,都市：住,10000,73,持分移轉,01470000
RPRWMLLMIINFFAH88CB,龍鳳段,21.61,都市：住,10000,73,持分移轉,01470000
RPTWMLLMIINFFAH09CB,龍鳳段,.07,都市：住,10000,73,持分移轉,01470001
RPRWMLLMIINFFAH88CB,龍鳳段,.07,都市：住,10000,73,持分移轉,01470001
RPTWMLLMIINFFAH09CB,龍鳳段,.08,都市：住,10000,73,持分移轉,01470002
RPRWMLLMIINFFAH88CB,龍鳳段,.08,都市：住,10000,73,持分移轉,01470002
RPTWMLLMIINFFAH09CB,龍鳳段,.43,都市：住,10000,73,持分移轉,01470003
RPRWMLLMIINFFAH88CB,龍鳳段,.43,都市：住,10000,73,持分移轉,01470003
RPSWMLLMIINFFAH98CB,龍鳳段,21.61,都市：住,10000,73,持分移轉,01470000
RPSWMLLMIINFFAH98CB,龍鳳段,.07,都市：住,10000,73,持分移轉,01470001
RPSWMLLMIINFFAH98CB,龍鳳段,.08,都市：住,10000,73,持分移轉,01470002
RPSWMLLMIINFFAH98CB,龍鳳段,.43,都市：住,10000,73,持分移轉,01470003
RPQWMLLMIINFFAH78CB,龍鳳段,21.61,都市：住,10000,73,持分移轉,01470000
RPQWMLLMIINFFAH78CB,龍鳳段,.07,都市：住,10000,73,持分移轉,01470001
RPQWMLLMIINFFAH78CB,龍鳳段,.08,都市：住,10000,73,持分移轉,01470002
RPQWMLLMIINFFAH78CB,龍鳳段,.43,都市：住,10000,73,持分移轉,01470003
RPVWMLLMIINFFAH66CB,龍鳳段,21.61,都市：住,10000,73,持分移轉,01470000
RPVWMLLMIINFFAH66CB,龍鳳段,.07,都市：住,10000,73,持分移轉,01470001
RPVWMLLMIINFFAH66CB,龍鳳段,.08,都市：住,10000,73,持分移轉,01470002
RPVWMLLMIINFFAH66CB,龍鳳段,.43,都市：住,10000,73,持分移轉,01470003
RPXWMLLMIINFFAH86CB,龍鳳段,21.61,都市：住,10000,73,持分移轉,01470000
RPXWMLLMIINFFAH86CB,龍鳳段,.07,都市：住,10000,73,持分移轉,01470001
RPXWMLLMIINFFAH86CB,龍鳳段,.08,都市：住,10000,73,持分移轉,01470002
RPXWMLLMIINFFAH86CB,龍鳳段,.43,都市：住,10000,73,持分移轉,01470003
RPPNNLLMIINFFAH87CB,龍鳳段,21.61,都市：住,10000,73,持分移轉,01470000
RPPNNLLMIINFFAH87CB,龍鳳段,.07,都市：住,10000,73,持分移轉,01470001
RPPNNLLMIINFFAH87CB,龍鳳段,.08,都市：住,10000,73,持分移轉,01470002
RPPNNLLMIINFFAH87CB,龍鳳段,.43,都市：住,10000,73,持分移轉,01470003
RPWWMLLMIINFFAH76CB,龍鳳段,21.61,都市：住,10000,73,持分移轉,01470000
RPWWMLLMIINFFAH76CB,龍鳳段,.07,都市：住,10000,73,持分移轉,01470001
RPWWMLLMIINFFAH76CB,龍鳳段,.08,都市：住,10000,73,持分移轉,01470002
RPWWMLLMIINFFAH76CB,龍鳳段,.43,都市：住,10000,73,持分移轉,01470003
RPONNLLMIINFFAH77CB,龍鳳段,21.61,都市：住,10000,73,持分移轉,01470000
RPONNLLMIINFFAH77CB,龍鳳段,.07,都市：住,10000,73,持分移轉,01470001
RPONNLLMIINFFAH77CB,龍鳳段,.08,都市：住,10000,73,持分移轉,01470002
RPONNLLMIINFFAH77CB,龍鳳段,.43,都市：住,10000,73,持分移轉,01470003
RPQNNLLMIINFFAH97CB,龍鳳段,21.61,都市：住,10000,73,持分移轉,01470000
RPQNNLLMIINFFAH97CB,龍鳳段,.07,都市：住,10000,73,持分移轉,01470001
RPQNNLLMIINFFAH97CB,龍鳳段,.08,都市：住,10000,73,持分移轉,01470002
RPQNNLLMIINFFAH97CB,龍鳳段,.43,都市：住,10000,73,持分移轉,01470003
RPUNNLLMIINFFAH38CB,龍鳳段,20.72,都市：住,10000,70,持分移轉,01470000
RPUNNLLMIINFFAH38CB,龍鳳段,.07,都市：住,10000,70,持分移轉,01470001
RPUNNLLMIINFFAH38CB,龍鳳段,.07,都市：住,10000,70,持分移轉,01470002
RPUNNLLMIINFFAH38CB,龍鳳段,.41,都市：住,10000,70,持分移轉,01470003
RPTNNLLMIINFFAH28CB,龍鳳段,20.72,都市：住,10000,70,持分移轉,01470000
RPTNNLLMIINFFAH28CB,龍鳳段,.07,都市：住,10000,70,持分移轉,01470001
RPTNNLLMIINFFAH28CB,龍鳳段,.07,都市：住,10000,70,持分移轉,01470002
RPTNNLLMIINFFAH28CB,龍鳳段,.41,都市：住,10000,70,持分移轉,01470003
RPSNNLLMIINFFAH18CB,龍鳳段,21.61,都市：住,10000,73,持分移轉,01470000
RPSNNLLMIINFFAH18CB,龍鳳段,.07,都市：住,10000,73,持分移轉,01470001
RPSNNLLMIINFFAH18CB,龍鳳段,.08,都市：住,10000,73,持分移轉,01470002
RPSNNLLMIINFFAH18CB,龍鳳段,.43,都市：住,10000,73,持分移轉,01470003
RPRNNLLMIINFFAH08CB,龍鳳段,21.90,都市：住,10000,74,持分移轉,01470000
RPRNNLLMIINFFAH08CB,龍鳳段,.08,都市：住,10000,74,持分移轉,01470001
RPRNNLLMIINFFAH08CB,龍鳳段,.08,都市：住,10000,74,持分移轉,01470002
RPRNNLLMIINFFAH08CB,龍鳳段,.44,都市：住,10000,74,持分移轉,01470003
RPWNNLLMIINFFAH58CB,龍鳳段,21.02,都市：住,10000,71,持分移轉,01470000
RPVNNLLMIINFFAH48CB,龍鳳段,20.72,都市：住,10000,70,持分移轉,01470000
RPWNNLLMIINFFAH58CB,龍鳳段,.07,都市：住,10000,71,持分移轉,01470001
RPVNNLLMIINFFAH48CB,龍鳳段,.07,都市：住,10000,70,持分移轉,01470001
RPWNNLLMIINFFAH58CB,龍鳳段,.07,都市：住,10000,71,持分移轉,01470002
RPVNNLLMIINFFAH48CB,龍鳳段,.07,都市：住,10000,70,持分移轉,01470002
RPWNNLLMIINFFAH58CB,龍鳳段,.42,都市：住,10000,71,持分移轉,01470003
RPVNNLLMIINFFAH48CB,龍鳳段,.41,都市：住,10000,70,持分移轉,01470003
RPOONLLMIINFFAH87CB,龍鳳段,21.61,都市：住,10000,73,持分移轉,01470000
RPOONLLMIINFFAH87CB,龍鳳段,.07,都市：住,10000,73,持分移轉,01470001
RPOONLLMIINFFAH87CB,龍鳳段,.08,都市：住,10000,73,持分移轉,01470002
RPOONLLMIINFFAH87CB,龍鳳段,.43,都市：住,10000,73,持分移轉,01470003
RPXNNLLMIINFFAH68CB,龍鳳段,21.61,都市：住,10000,73,持分移轉,01470000
RPXNNLLMIINFFAH68CB,龍鳳段,.07,都市：住,10000,73,持分移轉,01470001
RPXNNLLMIINFFAH68CB,龍鳳段,.08,都市：住,10000,73,持分移轉,01470002
RPXNNLLMIINFFAH68CB,龍鳳段,.43,都市：住,10000,73,持分移轉,01470003
RPQONLLMIINFFAH08CB,龍鳳段,21.61,都市：住,10000,73,持分移轉,01470000
RPQONLLMIINFFAH08CB,龍鳳段,.07,都市：住,10000,73,持分移轉,01470001
RPQONLLMIINFFAH08CB,龍鳳段,.08,都市：住,10000,73,持分移轉,01470002
RPQONLLMIINFFAH08CB,龍鳳段,.43,都市：住,10000,73,持分移轉,01470003
RPRONLLMIINFFAH18CB,龍鳳段,21.61,都市：住,10000,73,持分移轉,01470000
RPRONLLMIINFFAH18CB,龍鳳段,.07,都市：住,10000,73,持分移轉,01470001
RPRONLLMIINFFAH18CB,龍鳳段,.08,都市：住,10000,73,持分移轉,01470002
RPRONLLMIINFFAH18CB,龍鳳段,.43,都市：住,10000,73,持分移轉,01470003
RPPONLLMIINFFAH97CB,龍鳳段,21.61,都市：住,10000,73,持分移轉,01470000
RPPONLLMIINFFAH97CB,龍鳳段,.07,都市：住,10000,73,持分移轉,01470001
RPPONLLMIINFFAH97CB,龍鳳段,.08,都市：住,10000,73,持分移轉,01470002
RPPONLLMIINFFAH97CB,龍鳳段,.43,都市：住,10000,73,持分移轉,01470003
RPUONLLMIINFFAH48CB,龍鳳段,21.61,都市：住,10000,73,持分移轉,01470000
RPUONLLMIINFFAH48CB,龍鳳段,.07,都市：住,10000,73,持分移轉,01470001
RPUONLLMIINFFAH48CB,龍鳳段,.08,都市：住,10000,73,持分移轉,01470002
RPUONLLMIINFFAH48CB,龍鳳段,.43,都市：住,10000,73,持分移轉,01470003
RPRPNLLMIINFFAH28CB,龍鳳段,20.72,都市：住,10000,70,持分移轉,01470000
RPRPNLLMIINFFAH28CB,龍鳳段,.07,都市：住,10000,70,持分移轉,01470001
RPRPNLLMIINFFAH28CB,龍鳳段,.07,都市：住,10000,70,持分移轉,01470002
RPRPNLLMIINFFAH28CB,龍鳳段,.41,都市：住,10000,70,持分移轉,01470003
RPSPNLLMIINFFAH38CB,龍鳳段,20.72,都市：住,10000,70,持分移轉,01470000
RPSPNLLMIINFFAH38CB,龍鳳段,.07,都市：住,10000,70,持分移轉,01470001
RPSPNLLMIINFFAH38CB,龍鳳段,.07,都市：住,10000,70,持分移轉,01470002
RPSPNLLMIINFFAH38CB,龍鳳段,.41,都市：住,10000,70,持分移轉,01470003
RPOPNLLMIINFFAH97CB,龍鳳段,21.61,都市：住,10000,73,持分移轉,01470000
RPOPNLLMIINFFAH97CB,龍鳳段,.07,都市：住,10000,73,持分移轉,01470001
RPOPNLLMIINFFAH97CB,龍鳳段,.08,都市：住,10000,73,持分移轉,01470002
RPOPNLLMIINFFAH97CB,龍鳳段,.43,都市：住,10000,73,持分移轉,01470003
RPXONLLMIINFFAH78CB,龍鳳段,21.61,都市：住,10000,73,持分移轉,01470000
RPXONLLMIINFFAH78CB,龍鳳段,.07,都市：住,10000,73,持分移轉,01470001
RPXONLLMIINFFAH78CB,龍鳳段,.08,都市：住,10000,73,持分移轉,01470002
RPXONLLMIINFFAH78CB,龍鳳段,.43,都市：住,10000,73,持分移轉,01470003
RPTONLLMIINFFAH38CB,龍鳳段,21.61,都市：住,10000,73,持分移轉,01470000
RPTONLLMIINFFAH38CB,龍鳳段,.07,都市：住,10000,73,持分移轉,01470001
RPTONLLMIINFFAH38CB,龍鳳段,.08,都市：住,10000,73,持分移轉,01470002
RPTONLLMIINFFAH38CB,龍鳳段,.43,都市：住,10000,73,持分移轉,01470003
RPVONLLMIINFFAH58CB,龍鳳段,21.61,都市：住,10000,73,持分移轉,01470000
RPVONLLMIINFFAH58CB,龍鳳段,.07,都市：住,10000,73,持分移轉,01470001
RPVONLLMIINFFAH58CB,龍鳳段,.08,都市：住,10000,73,持分移轉,01470002
RPVONLLMIINFFAH58CB,龍鳳段,.43,都市：住,10000,73,持分移轉,01470003
RPQPNLLMIINFFAH18CB,龍鳳段,20.72,都市：住,10000,70,持分移轉,01470000
RPQPNLLMIINFFAH18CB,龍鳳段,.07,都市：住,10000,70,持分移轉,01470001
RPQPNLLMIINFFAH18CB,龍鳳段,.07,都市：住,10000,70,持分移轉,01470002
RPQPNLLMIINFFAH18CB,龍鳳段,.41,都市：住,10000,70,持分移轉,01470003
RPPPNLLMIINFFAH08CB,龍鳳段,21.61,都市：住,10000,73,持分移轉,01470000
RPPPNLLMIINFFAH08CB,龍鳳段,.07,都市：住,10000,73,持分移轉,01470001
RPPPNLLMIINFFAH08CB,龍鳳段,.08,都市：住,10000,73,持分移轉,01470002
RPPPNLLMIINFFAH08CB,龍鳳段,.43,都市：住,10000,73,持分移轉,01470003
RPUPNLLMIINFFAH58CB,龍鳳段,20.72,都市：住,10000,70,持分移轉,01470000
RPUPNLLMIINFFAH58CB,龍鳳段,.07,都市：住,10000,70,持分移轉,01470001
RPUPNLLMIINFFAH58CB,龍鳳段,.07,都市：住,10000,70,持分移轉,01470002
RPUPNLLMIINFFAH58CB,龍鳳段,.41,都市：住,10000,70,持分移轉,01470003
RPTPNLLMIINFFAH48CB,龍鳳段,20.72,都市：住,10000,70,持分移轉,01470000
RPTPNLLMIINFFAH48CB,龍鳳段,.07,都市：住,10000,70,持分移轉,01470001
RPTPNLLMIINFFAH48CB,龍鳳段,.07,都市：住,10000,70,持分移轉,01470002
RPTPNLLMIINFFAH48CB,龍鳳段,.41,都市：住,10000,70,持分移轉,01470003
RPVPNLLMIINFFAH68CB,龍鳳段,20.72,都市：住,10000,70,持分移轉,01470000
RPVPNLLMIINFFAH68CB,龍鳳段,.07,都市：住,10000,70,持分移轉,01470001
RPVPNLLMIINFFAH68CB,龍鳳段,.07,都市：住,10000,70,持分移轉,01470002
RPVPNLLMIINFFAH68CB,龍鳳段,.41,都市：住,10000,70,持分移轉,01470003
RPWONLLMIINFFAH68CB,龍鳳段,21.61,都市：住,10000,73,持分移轉,01470000
RPWONLLMIINFFAH68CB,龍鳳段,.07,都市：住,10000,73,持分移轉,01470001
RPWONLLMIINFFAH68CB,龍鳳段,.08,都市：住,10000,73,持分移轉,01470002
RPWONLLMIINFFAH68CB,龍鳳段,.43,都市：住,10000,73,持分移轉,01470003
RPXPMLMJJINFFAH68CB,中路三段,1.62,都市：住,1,1,全筆移轉,01320000
RPXPMLMJJINFFAH68CB,中路三段,15.01,都市：住,1,1,全筆移轉,01320001
RPXPMLMJJINFFAH68CB,中路三段,.16,都市：住,1,1,全筆移轉,01330000
RPXPMLMJJINFFAH68CB,中路三段,5.65,都市：住,1,1,全筆移轉,01350000
RPPQMLMJJINFFAH97CB,中路三段,1.58,都市：住,1,1,全筆移轉,01320000
RPPQMLMJJINFFAH97CB,中路三段,14.61,都市：住,1,1,全筆移轉,01320001
RPPQMLMJJINFFAH97CB,中路三段,.15,都市：住,1,1,全筆移轉,01330000
RPPQMLMJJINFFAH97CB,中路三段,5.50,都市：住,1,1,全筆移轉,01350000
RPWPNLLMIINFFAH78CB,龍鳳段,20.72,都市：住,10000,70,持分移轉,01470000
RPWPNLLMIINFFAH78CB,龍鳳段,.07,都市：住,10000,70,持分移轉,01470001
RPWPNLLMIINFFAH78CB,龍鳳段,.07,都市：住,10000,70,持分移轉,01470002
RPWPNLLMIINFFAH78CB,龍鳳段,.41,都市：住,10000,70,持分移轉,01470003
RPVPMLMJJINFFAH48CB,中路三段,1.57,都市：住,1,1,全筆移轉,01320000
RPVPMLMJJINFFAH48CB,中路三段,14.58,都市：住,1,1,全筆移轉,01320001
RPVPMLMJJINFFAH48CB,中路三段,.15,都市：住,1,1,全筆移轉,01330000
RPVPMLMJJINFFAH48CB,中路三段,5.49,都市：住,1,1,全筆移轉,01350000
RPOQMLMJJINFFAH87CB,中路三段,1.13,都市：住,1,1,全筆移轉,01320000
RPOQMLMJJINFFAH87CB,中路三段,10.42,都市：住,1,1,全筆移轉,01320001
RPOQMLMJJINFFAH87CB,中路三段,.11,都市：住,1,1,全筆移轉,01330000
RPOQMLMJJINFFAH87CB,中路三段,3.92,都市：住,1,1,全筆移轉,01350000
RPQQMLMJJINFFAH08CB,中路三段,1.62,都市：住,1,1,全筆移轉,01320000
RPQQMLMJJINFFAH08CB,中路三段,15.01,都市：住,1,1,全筆移轉,01320001
RPQQMLMJJINFFAH08CB,中路三段,.16,都市：住,1,1,全筆移轉,01330000
RPQQMLMJJINFFAH08CB,中路三段,5.65,都市：住,1,1,全筆移轉,01350000
RPWPMLMJJINFFAH58CB,中路三段,1.13,都市：住,1,1,全筆移轉,01320000
RPWPMLMJJINFFAH58CB,中路三段,10.42,都市：住,1,1,全筆移轉,01320001
RPWPMLMJJINFFAH58CB,中路三段,.11,都市：住,1,1,全筆移轉,01330000
RPWPMLMJJINFFAH58CB,中路三段,3.92,都市：住,1,1,全筆移轉,01350000
RPWQMLMJJINFFAH68CB,中路三段,1.46,都市：住,1,1,全筆移轉,01320000
RPWQMLMJJINFFAH68CB,中路三段,13.49,都市：住,1,1,全筆移轉,01320001
RPWQMLMJJINFFAH68CB,中路三段,.14,都市：住,1,1,全筆移轉,01330000
RPWQMLMJJINFFAH68CB,中路三段,5.08,都市：住,1,1,全筆移轉,01350000
RPXQMLMJJINFFAH78CB,中路三段,1.58,都市：住,1,1,全筆移轉,01320000
RPXQMLMJJINFFAH78CB,中路三段,14.61,都市：住,1,1,全筆移轉,01320001
RPXQMLMJJINFFAH78CB,中路三段,.15,都市：住,1,1,全筆移轉,01330000
RPXQMLMJJINFFAH78CB,中路三段,5.50,都市：住,1,1,全筆移轉,01350000
RPTQMLMJJINFFAH38CB,中路三段,1.13,都市：住,1,1,全筆移轉,01320000
RPTQMLMJJINFFAH38CB,中路三段,10.42,都市：住,1,1,全筆移轉,01320001
RPTQMLMJJINFFAH38CB,中路三段,.11,都市：住,1,1,全筆移轉,01330000
RPTQMLMJJINFFAH38CB,中路三段,3.92,都市：住,1,1,全筆移轉,01350000
RPSQMLMJJINFFAH28CB,中路三段,1.13,都市：住,1,1,全筆移轉,01320000
RPSQMLMJJINFFAH28CB,中路三段,10.42,都市：住,1,1,全筆移轉,01320001
RPSQMLMJJINFFAH28CB,中路三段,.11,都市：住,1,1,全筆移轉,01330000
RPSQMLMJJINFFAH28CB,中路三段,3.92,都市：住,1,1,全筆移轉,01350000
RPPRMLMJJINFFAH08CB,中路三段,1.12,都市：住,1,1,全筆移轉,01320000
RPPRMLMJJINFFAH08CB,中路三段,10.33,都市：住,1,1,全筆移轉,01320001
RPPRMLMJJINFFAH08CB,中路三段,.11,都市：住,1,1,全筆移轉,01330000
RPPRMLMJJINFFAH08CB,中路三段,3.89,都市：住,1,1,全筆移轉,01350000
RPRQMLMJJINFFAH18CB,中路三段,1.13,都市：住,1,1,全筆移轉,01320000
RPRQMLMJJINFFAH18CB,中路三段,10.42,都市：住,1,1,全筆移轉,01320001
RPRQMLMJJINFFAH18CB,中路三段,.11,都市：住,1,1,全筆移轉,01330000
RPRQMLMJJINFFAH18CB,中路三段,3.92,都市：住,1,1,全筆移轉,01350000
RPQRMLMJJINFFAH18CB,中路三段,1.13,都市：住,1,1,全筆移轉,01320000
RPQRMLMJJINFFAH18CB,中路三段,10.42,都市：住,1,1,全筆移轉,01320001
RPQRMLMJJINFFAH18CB,中路三段,.11,都市：住,1,1,全筆移轉,01330000
RPQRMLMJJINFFAH18CB,中路三段,3.92,都市：住,1,1,全筆移轉,01350000
RPSRMLMJJINFFAH38CB,中路三段,1.45,都市：住,1,1,全筆移轉,01320000
RPSRMLMJJINFFAH38CB,中路三段,13.46,都市：住,1,1,全筆移轉,01320001
RPSRMLMJJINFFAH38CB,中路三段,.14,都市：住,1,1,全筆移轉,01330000
RPSRMLMJJINFFAH38CB,中路三段,5.07,都市：住,1,1,全筆移轉,01350000
RPRRMLMJJINFFAH28CB,中路三段,1.62,都市：住,1,1,全筆移轉,01320000
RPRRMLMJJINFFAH28CB,中路三段,14.98,都市：住,1,1,全筆移轉,01320001
RPRRMLMJJINFFAH28CB,中路三段,.16,都市：住,1,1,全筆移轉,01330000
RPRRMLMJJINFFAH28CB,中路三段,5.64,都市：住,1,1,全筆移轉,01350000
RPWRMLMJJINFFAH78CB,中路三段,1.46,都市：住,1,1,全筆移轉,01320000
RPWRMLMJJINFFAH78CB,中路三段,13.49,都市：住,1,1,全筆移轉,01320001
RPWRMLMJJINFFAH78CB,中路三段,.14,都市：住,1,1,全筆移轉,01330000
RPWRMLMJJINFFAH78CB,中路三段,5.08,都市：住,1,1,全筆移轉,01350000
RPTRMLMJJINFFAH48CB,中路三段,1.13,都市：住,1,1,全筆移轉,01320000
RPTRMLMJJINFFAH48CB,中路三段,10.42,都市：住,1,1,全筆移轉,01320001
RPTRMLMJJINFFAH48CB,中路三段,.11,都市：住,1,1,全筆移轉,01330000
RPTRMLMJJINFFAH48CB,中路三段,3.92,都市：住,1,1,全筆移轉,01350000
RPURMLMJJINFFAH58CB,中路三段,1.13,都市：住,1,1,全筆移轉,01320000
RPURMLMJJINFFAH58CB,中路三段,10.42,都市：住,1,1,全筆移轉,01320001
RPURMLMJJINFFAH58CB,中路三段,.11,都市：住,1,1,全筆移轉,01330000
RPURMLMJJINFFAH58CB,中路三段,3.92,都市：住,1,1,全筆移轉,01350000
RPPSMLMJJINFFAH18CB,中路三段,1.13,都市：住,1,1,全筆移轉,01320000
RPPSMLMJJINFFAH18CB,中路三段,10.42,都市：住,1,1,全筆移轉,01320001
RPPSMLMJJINFFAH18CB,中路三段,.11,都市：住,1,1,全筆移轉,01330000
RPPSMLMJJINFFAH18CB,中路三段,3.92,都市：住,1,1,全筆移轉,01350000
RPOSMLMJJINFFAH08CB,中路三段,1.58,都市：住,1,1,全筆移轉,01320000
RPOSMLMJJINFFAH08CB,中路三段,14.61,都市：住,1,1,全筆移轉,01320001
RPOSMLMJJINFFAH08CB,中路三段,.15,都市：住,1,1,全筆移轉,01330000
RPOSMLMJJINFFAH08CB,中路三段,5.50,都市：住,1,1,全筆移轉,01350000
RPXRMLMJJINFFAH88CB,中路三段,1.45,都市：住,1,1,全筆移轉,01320000
RPXRMLMJJINFFAH88CB,中路三段,13.46,都市：住,1,1,全筆移轉,01320001
RPXRMLMJJINFFAH88CB,中路三段,.14,都市：住,1,1,全筆移轉,01330000
RPXRMLMJJINFFAH88CB,中路三段,5.07,都市：住,1,1,全筆移轉,01350000
