﻿編號,土地位置,土地移轉面積(平方公尺),使用分區或編定,權利人持分分母,權利人持分分子,移轉情形,地號
The serial number, land position,land shifting area square meter,the use zoning or compiles and checks,,,,land parcel
RPPNMLOKQHNFFCV47CA,新福段,175.33,非都市：一般農業區 ; 非都市編定：農牧用地,1,1,全筆移轉,06020000
RPPNMLOKQHNFFCV47CA,新福段,2426.82,非都市：一般農業區 ; 非都市編定：農牧用地,1,1,全筆移轉,06040000
RPSNMLPKQHNFFBV77CA,玉長段,157.19,非都市：鄉村區 ; 非都市編定：乙種建築用地,1,1,全筆移轉,08480000
RPSNMLQKQHNFFAV77CA,德安段,21.21,都市：住,1,1,全筆移轉,01640006
RPOPMLKLQHNFFAV07CA,常德段,24.34,都市：商,10000,190,持分移轉,06970000
RPWNMLQKQHNFFAV18CA,建和段,2.41,都市：住,1,1,全筆移轉,13040003
RPWNMLQKQHNFFAV18CA,青林段,121.17,都市：住,1,1,全筆移轉,00220004
RPUOMLMLQHNFFAV77CA,常德段,423.09,都市：其他:道路用地,100,80,持分移轉,06170000
RPUOMLMLQHNFFAV77CA,常德段,665.11,都市：其他:道路用地,100,80,持分移轉,07250000
RPUOMLMLQHNFFAV77CA,常德段,6.39,都市：其他:道路用地,100,80,持分移轉,07300000
RPQNMLNKQHNFFAV27CA,新中寮段,174.94,都市：住,1,1,全筆移轉,04790000
RPQNMLRKQHNFFAV67CA,常德段,117.76,都市：住,1,1,全筆移轉,05070001
RPQOMLOKQHNFFAV47CA,利家段,2767.00,非都市：特定農業區 ; 非都市編定：農牧用地,1,1,全筆移轉,70630000
RPPNMLPKQHNFFAV37CA,新園段,408.00,非都市：特定農業區 ; 非都市編定：甲種建築用地,1,1,全筆移轉,03490000
RPPNMLPKQHNFFAV37CA,新園段,1053.00,非都市：特定農業區 ; 非都市編定：農牧用地,1,1,全筆移轉,03520000
RPSNMLPKQHNFFAV67CA,順天段,826.45,都市：農,1,1,全筆移轉,01220002
RPQNMLPKQHNFFAV47CA,梧州段,107.17,都市：住,1,1,全筆移轉,04360006
RPPNMLPKQHNFFBV47CA,萬年段,110.00,非都市：鄉村區 ; 非都市編定：乙種建築用地,1,1,全筆移轉,07960000
RPSNMLNLQHNFFAV57CA,南清段,84.47,都市：住,1,1,全筆移轉,05270000
RPSNMLNLQHNFFAV57CA,南清段,1.27,都市：住,4,1,持分移轉,05340000
RPSNMLNLQHNFFAV57CA,南清段,.64,都市：其他:部分住宅區部分道路用地,4,1,持分移轉,05340001
RPUNMLPKQHNFFAV87CA,青林段,83.04,都市：住,1,1,全筆移轉,03560000
RPPNMLQKQHNFFAV47CA,大業段,1399.47,非都市：特定農業區 ; 非都市編定：農牧用地,2,1,持分移轉,05590000
RPPNMLQKQHNFFAV47CA,大業段,1399.47,非都市：特定農業區 ; 非都市編定：農牧用地,2,1,持分移轉,05590000
RPPNMLQKQHNFFAV47CA,大業段,1250.00,非都市：特定農業區 ; 非都市編定：農牧用地,2,1,持分移轉,05590002
RPPNMLQKQHNFFAV47CA,大業段,1250.00,非都市：特定農業區 ; 非都市編定：農牧用地,2,1,持分移轉,05590002
RPTOMLMLQHNFFAV67CA,常德段,2.56,都市：商,1,1,全筆移轉,06130000
RPTOMLMLQHNFFAV67CA,常德段,38.36,都市：商,1,1,全筆移轉,06140000
RPTOMLMLQHNFFAV67CA,常德段,2800.08,都市：商,1,1,全筆移轉,06150000
RPTOMLMLQHNFFAV67CA,常德段,135.14,都市：商,1,1,全筆移轉,06160000
RPTOMLMLQHNFFAV67CA,常德段,101.80,都市：商,1,1,全筆移轉,06180000
RPTOMLMLQHNFFAV67CA,常德段,155.14,都市：商,1,1,全筆移轉,06210000
RPTOMLMLQHNFFAV67CA,常德段,960.10,都市：商,1,1,全筆移轉,07260000
RPTOMLMLQHNFFAV67CA,常德段,222.32,都市：商,1,1,全筆移轉,07320000
RPRNMLQKQHNFFAV67CA,新園段,165.00,非都市：特定農業區 ; 非都市編定：甲種建築用地,1,1,全筆移轉,01170001
RPTNMLPKQHNFFAV77CA,常德段,16.91,都市：商,10000,132,持分移轉,06970000
RPRNMLRKQHNFFAV77CA,豐川段,2500.00,非都市：特定農業區 ; 非都市編定：農牧用地,1,1,全筆移轉,05220000
RPRNMLLLQHNFFAV27CA,石壁段,100.02,都市：住,1,1,全筆移轉,00390000
RPRNMLLLQHNFFAV27CA,石壁段,5.31,都市：住,1,1,全筆移轉,00390001
RPRNMLPKQHNFFAV57CA,馬蘭段,45.29,都市：住,21,3,持分移轉,18400000
RPRNMLSKQHNFFAV87CA,常德段,36.12,都市：商,10000,282,持分移轉,06970000
RPPNMLRKQHNFFDV87CA,台拉段,3346.49,非都市：山坡地保育區 ; 非都市編定：農牧用地,1,1,全筆移轉,00120009
RPPNMLQKQHNFFBV57CA,東河段,269.73,都市：住,1,1,全筆移轉,03180000
RPPNMLLLQHNFFDV37CA,秀山段,8.08,都市：商,10000,7,持分移轉,07230000
RPPNMLLLQHNFFDV37CA,秀山段,.00,都市：商,10000,7,持分移轉,07230001
RPQNMLLLQHNFFDV47CA,秀山段,8.08,都市：商,10000,7,持分移轉,07230000
RPQNMLLLQHNFFDV47CA,秀山段,.00,都市：商,10000,7,持分移轉,07230001
RPTNMLQKQHNFFAV87CA,常德段,105.80,都市：住,1,1,全筆移轉,10360001
RPSNMLRKQHNFFAV87CA,利家段,2175.00,非都市：特定農業區 ; 非都市編定：農牧用地,2,1,持分移轉,59150000
RPOOMLNLQHNFFAV27CA,常德段,16.91,都市：商,10000,132,持分移轉,06970000
RPPNMLNJRHNFFCV37CA,高台段,4705.70,非都市：山坡地保育區 ; 非都市編定：農牧用地,1,1,全筆移轉,01270000
RPPNMLRLQHNFFCV87CA,大埔段,347.95,都市：住,1,1,全筆移轉,03210000
RPPNMLTKQHNFFAV77CA,豐年段,13.50,都市：住,10000,27,持分移轉,00270000
RPQNMLTKQHNFFAV87CA,豐年段,11.50,都市：住,10000,23,持分移轉,00270000
RPQNMLSKQHNFFAV77CA,常德段,14.47,都市：商,10000,113,持分移轉,06970000
RPQNMLKLQHNFFAV07CA,台東段,205.00,都市：住,1,1,全筆移轉,01860004
RPQNMLMLQHNFFAV27CA,台東段,12.77,都市：住,100000,789,持分移轉,00040009
RPRNMLMLQHNFFAV37CA,豐航段,73.57,都市：住,1,1,全筆移轉,08660000
RPTNMLOJRHNFFAV67CA,梧州段,1.01,都市：住,80,3,持分移轉,02520002
RPTNMLOJRHNFFAV67CA,梧州段,3.77,都市：住,80,3,持分移轉,02410000
RPTNMLOJRHNFFAV67CA,梧州段,3.77,都市：住,80,3,持分移轉,02410000
RPTNMLOJRHNFFAV67CA,梧州段,3.77,都市：住,80,3,持分移轉,02410000
RPTNMLOJRHNFFAV67CA,梧州段,10.45,都市：住,80,31,持分移轉,02520002
RPTNMLOJRHNFFAV67CA,梧州段,10.11,都市：住,80,30,持分移轉,02520002
RPTNMLOJRHNFFAV67CA,梧州段,3.37,都市：住,80,10,持分移轉,02520002
RPTNMLOJRHNFFAV67CA,梧州段,1.01,都市：住,80,3,持分移轉,02520002
RPTNMLOJRHNFFAV67CA,梧州段,1.01,都市：住,80,3,持分移轉,02520002
RPTNMLOJRHNFFAV67CA,梧州段,6.51,都市：住,80,31,持分移轉,01220000
RPTNMLOJRHNFFAV67CA,梧州段,6.30,都市：住,80,30,持分移轉,01220000
RPTNMLOJRHNFFAV67CA,梧州段,2.10,都市：住,80,10,持分移轉,01220000
RPTNMLOJRHNFFAV67CA,梧州段,.63,都市：住,80,3,持分移轉,01220000
RPTNMLOJRHNFFAV67CA,梧州段,.63,都市：住,80,3,持分移轉,01220000
RPTNMLOJRHNFFAV67CA,梧州段,.63,都市：住,80,3,持分移轉,01220000
RPTNMLOJRHNFFAV67CA,梧州段,30.59,都市：住,80,31,持分移轉,01230000
RPTNMLOJRHNFFAV67CA,梧州段,29.60,都市：住,80,30,持分移轉,01230000
RPTNMLOJRHNFFAV67CA,梧州段,9.87,都市：住,80,10,持分移轉,01230000
RPTNMLOJRHNFFAV67CA,梧州段,2.96,都市：住,80,3,持分移轉,01230000
RPTNMLOJRHNFFAV67CA,梧州段,2.96,都市：住,80,3,持分移轉,01230000
RPTNMLOJRHNFFAV67CA,梧州段,2.96,都市：住,80,3,持分移轉,01230000
RPTNMLOJRHNFFAV67CA,梧州段,39.01,都市：住,80,31,持分移轉,02410000
RPTNMLOJRHNFFAV67CA,梧州段,37.75,都市：住,80,30,持分移轉,02410000
RPTNMLOJRHNFFAV67CA,梧州段,12.58,都市：住,80,10,持分移轉,02410000
RPWNMLOJRHNFFAV97CA,常德段,40.99,都市：商,10000,320,持分移轉,06970000
RPPNMLKLQHNFFBV17DA,南八里段,35.10,非都市：風景區 ; 非都市編定：交通用地,1,1,全筆移轉,08450000
RPPNMLKLQHNFFBV17DA,南八里段,58.11,非都市：風景區 ; 非都市編定：農牧用地,1,1,全筆移轉,08530000
RPPNMLKLQHNFFBV17DA,南八里段,65.24,非都市：風景區 ; 非都市編定：交通用地,1,1,全筆移轉,08640001
RPQNMLLLQHNFFAV17CA,大業段,8.46,都市：住,1,1,全筆移轉,00150001
RPPNMLNLQHNFFBV37CA,坪頂段,2000.00,非都市：風景區 ; 非都市編定：農牧用地,1,1,全筆移轉,08540000
RPPNMLNLQHNFFBV37CA,坪頂段,86.64,非都市：風景區 ; 非都市編定：農牧用地,1,1,全筆移轉,08550000
RPQNMLPJRHNFFAV47CA,青林段,83.75,都市：住,1,1,全筆移轉,03550000
RPQNMLMLQHNFFCV57DA,廣原段,9120.00,非都市：山坡地保育區 ; 非都市編定：林業用地,1,1,全筆移轉,07520000
RPTNMLRLQHNFFAV08CA,台東段,76.00,都市：住,1,1,全筆移轉,20240000
RPTNMLRLQHNFFAV08CA,台東段,147.00,都市：住,1,1,全筆移轉,20300000
RPPOMLNLQHNFFAV37CA,台東段,79.00,都市：住,1,1,全筆移轉,04400010
RPSNMLOLQHNFFAV67CA,梧州段,79.58,都市：其他:道路用地,1,1,全筆移轉,04510003
RPRNMLNLQHNFFAV47CA,利家段,3418.00,非都市：特定農業區 ; 非都市編定：農牧用地,1,1,全筆移轉,58610001
RPQNMLNLQHNFFBV47CA,小馬東段,3693.72,非都市：風景區 ; 非都市編定：農牧用地,1,1,全筆移轉,01270000
RPQNMLNLQHNFFBV47CA,小馬東段,25.19,非都市：風景區 ; 非都市編定：交通用地,1,1,全筆移轉,01330000
RPRNMLLLQHNFFDV57CA,泰王段,129.40,都市：住,1,1,全筆移轉,05680000
RPTNMLLLQHNFFAV47CA,常德段,20.37,都市：商,10000,159,持分移轉,06970000
RPSNMLLLQHNFFDV77DA,都哇拔段,255.83,非都市：鄉村區 ; 非都市編定：乙種建築用地,1,1,全筆移轉,02890001
RPPNMLMLQHNFFAV17CA,岩灣段,155.39,都市：住,1,1,全筆移轉,00490002
RPPOMLMLQHNFFAV27CA,豐成段,175.60,非都市：特定農業區 ; 非都市編定：農牧用地,1,1,全筆移轉,06210000
RPPPMLKLQHNFFAV17CA,東海段,141.67,都市：住,1,1,全筆移轉,06350001
RPQOMLMLQHNFFAV37CA,建成段,108.06,都市：住,1,1,全筆移轉,00680003
RPPNMLLLQHNFFAV07CA,台東段,116.00,都市：住,1,1,全筆移轉,00240076
RPROMLMLQHNFFAV47CA,建成段,116.28,都市：住,1,1,全筆移轉,00630005
RPTNMLOLQHNFFAV77CA,石山段,3432.00,非都市：風景區 ; 非都市編定：農牧用地,1,1,全筆移轉,03370001
RPVNMLOLQHNFFAV97CA,公?東段,824.07,都市：農,1,1,全筆移轉,04020000
RPWNMLNLQHNFFAV97CA,常德段,15.63,都市：商,10000,122,持分移轉,06970000
RPUNMLOLQHNFFAV87CA,石山段,3431.00,非都市：風景區 ; 非都市編定：農牧用地,1,1,全筆移轉,03370014
RPPNMLOLQHNFFBV57DA,三民段,92.40,都市：住,1,1,全筆移轉,10150000
RPXOMLMLQHNFFAV08CA,富岡南段,174.96,非都市：鄉村區 ; 非都市編定：乙種建築用地,1,1,全筆移轉,04290002
RPOOMLMLQHNFFAV27DA,建華段,1339.74,非都市：特定農業區 ; 非都市編定：農牧用地,1,1,全筆移轉,00050000
RPOOMLMLQHNFFAV27DA,建華段,305.89,非都市：特定農業區 ; 非都市編定：農牧用地,1,1,全筆移轉,00090000
RPOOMLMLQHNFFAV27DA,建華段,43.72,非都市：特定農業區 ; 非都市編定：農牧用地,1,1,全筆移轉,00130000
RPSOMLMLQHNFFAV57CA,台東段,111.00,都市：住,1,1,全筆移轉,25050000
RPSOMLMLQHNFFAV57CA,台東段,104.00,都市：住,1,1,全筆移轉,25130000
RPPNMLNLQHNFFCV57DA,隆興段,153.91,非都市：一般農業區 ; 非都市編定：農牧用地,1,1,全筆移轉,06010000
RPPNMLNLQHNFFCV57DA,隆興段,271.14,非都市：一般農業區 ; 非都市編定：農牧用地,1,1,全筆移轉,06070000
RPPNMLNLQHNFFAV27CA,豐里段,2858.07,非都市：特定農業區 ; 非都市編定：農牧用地,1,1,全筆移轉,00480000
RPPNMLOLQHNFFCV57CA,龍田段,152.85,都市：農,1,1,全筆移轉,13840002
RPQNMLNLQHNFFAV37CA,南清段,79.60,都市：住,1,1,全筆移轉,09830000
RPQNMLNLQHNFFAV37CA,南清段,4.35,都市：住,1,1,全筆移轉,09830001
RPTNMLNLQHNFFAV67CA,永清段,127.88,都市：住,1,1,全筆移轉,06000004
RPUNMLNLQHNFFAV77CA,永清段,130.89,都市：住,1,1,全筆移轉,06000005
RPQNMLOLQHNFFAV47CA,台東段,80.00,都市：住,1,1,全筆移轉,11850016
RPQNMLOLQHNFFAV47CA,台東段,2.00,都市：住,1,1,全筆移轉,11860004
RPSNMLPJRHNFFAV67CA,豐年段,21.17,都市：住,10000,82,持分移轉,00270003
RPVNMLNLQHNFFAV87CA,台東段,102.00,都市：住,1,1,全筆移轉,00050037
RPRNMLPJRHNFFAV57CA,台東段,72.00,都市：商,1,1,全筆移轉,01030010
RPRNMLPJRHNFFAV57CA,台東段,23.00,都市：商,1,1,全筆移轉,01160010
RPPNMLTLQHNFFAV87CA,煙草間段,8.89,非都市：鄉村區 ; 非都市編定：交通用地,1,1,全筆移轉,05290004
RPPNMLLMQHNFFDV47CA,荒野段,26.90,非都市： ; 非都市編定：,1,1,全筆移轉,08290001
RPQNMLRLQHNFFAV77CA,常德段,32.92,都市：商,10000,257,持分移轉,06970000
RPSNMLKMQHNFFAV37CA,南榮段,91.75,都市：住,1,1,全筆移轉,11830000
RPPNMLLMQHNFFBV37DA,新都威段,404.53,非都市：風景區 ; 非都市編定：農牧用地,1,1,全筆移轉,00130002
RPRNMLRLQHNFFAV87CA,射馬干段,132.82,非都市：特定農業區 ; 非都市編定：農牧用地,1,1,全筆移轉,06260000
RPRNMLRLQHNFFAV87CA,射馬干段,238.28,非都市：特定農業區 ; 非都市編定：農牧用地,1,1,全筆移轉,06300000
RPPNMLRLQHNFFAV67CA,台東段,4.00,都市：住,200,200,全筆移轉,21950001
RPQNMLSLQHNFFAV87CA,台東段,141.00,都市：住,1,1,全筆移轉,04540066
RPRNMLOJRHNFFAV47CA,東海段,25.08,都市：住,10000,42,持分移轉,01300000
RPRNMLOJRHNFFAV47CA,東海段,1.62,都市：住,10000,42,持分移轉,01300002
RPPNMLNKRHNFFBV37CA,永福段,121.45,非都市：鄉村區 ; 非都市編定：乙種建築用地,1,1,全筆移轉,04700001
RPRNMLKMQHNFFAV27CA,馬蘭段,120.00,都市：商,1,1,全筆移轉,15620024
RPRNMLOLQHNFFAV57CA,自強段,168.13,都市：住,1,1,全筆移轉,09620003
RPQNMLMKRHNFFBV37CA,三民段,247.85,都市：住,1,1,全筆移轉,06540000
RPWNMLPJRHNFFAV08CA,建國段,105.89,都市：住,1,1,全筆移轉,06230000
RPQNMLMKRHNFFBV37CA,三民段,198.86,都市：其他:道路用地,1,1,全筆移轉,06550000
RPWNMLPJRHNFFAV08CA,建國段,5.11,都市：住,1,1,全筆移轉,06230001
RPPNMLOJRHNFFBV37CA,北八里段,656.91,非都市：風景區 ; 非都市編定：農牧用地,1,1,全筆移轉,02080000
RPPNMLOJRHNFFBV37CA,北八里段,2547.86,非都市：風景區 ; 非都市編定：農牧用地,1,1,全筆移轉,02090000
RPPNMLOLQHNFFAV37CA,常德段,72.44,都市：住,1,1,全筆移轉,11700011
RPPNMLOLQHNFFAV37CA,常德段,14.42,都市：住,1,1,全筆移轉,11790014
RPPNMLRLQHNFFBV77CA,大馬段,1445.00,非都市：風景區 ; 非都市編定：農牧用地,1,1,全筆移轉,00240000
RPPNMLNKRHNFFCV57DA,南山段,78.75,都市：住,1,1,全筆移轉,05890000
RPQNMLKMQHNFFDV57DA,金富段,88.58,非都市：鄉村區 ; 非都市編定：乙種建築用地,1,1,全筆移轉,03410000
RPQNMLSLQHNFFCV08CA,隆盛段,574.10,非都市：特定農業區 ; 非都市編定：甲種建築用地,1,1,全筆移轉,09670000
RPQNMLKMQHNFFAV27DA,台東段,56.00,都市：其他:公園用地,1,1,全筆移轉,01010036
RPPNMLKMQHNFFCV37DA,萬福段,4253.33,非都市：特定農業區 ; 非都市編定：農牧用地,1,1,全筆移轉,05730000
RPPNMLKMQHNFFCV37DA,萬福段,674.39,非都市：特定農業區 ; 非都市編定：農牧用地,1,1,全筆移轉,05740000
RPRNMLSLQHNFFCV18CA,中華段,3000.00,都市：農,1,1,全筆移轉,08980003
RPRNMLTLQHNFFAV08CA,富岡南段,553.02,非都市：風景區 ; 非都市編定：農牧用地,4,1,持分移轉,08730000
RPVNMLPJRHNFFAV97CA,南王段,211.59,都市：住,1,1,全筆移轉,03550000
RPSNMLTLQHNFFAV18CA,富岡南段,553.02,非都市：風景區 ; 非都市編定：農牧用地,4,1,持分移轉,08730000
RPQNMLTLQHNFFAV97CA,常德段,15.88,都市：住,10000,124,持分移轉,06970000
RPPNMLSLQHNFFAV77CA,中正段,93.00,都市：住,1,1,全筆移轉,05830000
RPPNMLSLQHNFFAV77CA,中正段,13.00,都市：住,1,1,全筆移轉,05840000
RPTNMLTLQHNFFAV28CA,富岡南段,553.02,非都市：風景區 ; 非都市編定：農牧用地,40,10,持分移轉,08730000
RPUNMLTLQHNFFAV38CA,台東段,9.00,都市：住,1,1,全筆移轉,14970000
RPUNMLTLQHNFFAV38CA,台東段,155.00,都市：住,1,1,全筆移轉,14980000
RPUNMLTLQHNFFAV38CA,台東段,84.00,都市：住,1,1,全筆移轉,15110000
RPWNMLMKRHNFFAV87CA,中正段,132.00,都市：住,1,1,全筆移轉,01010000
RPPNMLLMQHNFFAV17CA,永和段,541.02,非都市：一般農業區 ; 非都市編定：甲種建築用地,1,1,全筆移轉,06410000
RPPNMLKMQHNFFAV07CA,利家段,1200.00,非都市：特定農業區 ; 非都市編定：農牧用地,25,12,持分移轉,58610000
RPTNMLLKRHNFFAV47CA,旭川段,3.08,非都市：鄉村區 ; 非都市編定：乙種建築用地,1,1,全筆移轉,02660001
RPUNMLKMQHNFFAV57CA,南清段,74.71,都市：住,1,1,全筆移轉,09900000
RPUNMLKMQHNFFAV57CA,南清段,3.19,都市：其他:道,1,1,全筆移轉,09900001
RPUNMLKMQHNFFAV57CA,南清段,7.01,都市：住,1,1,全筆移轉,09910000
RPRNMLNJRHNFFAV37CA,豐里段,27.44,非都市：特定農業區 ; 非都市編定：甲種建築用地,9,1,持分移轉,02640002
RPRNMLNJRHNFFAV37CA,豐里段,111.79,非都市：特定農業區 ; 非都市編定：甲種建築用地,1,1,全筆移轉,02640013
RPTNMLPJRHNFFAV77CA,馬蘭段,10.98,都市：住,10000,271,持分移轉,18030000
RPPNMLPJRHNFFBV47CA,東河段,169.10,都市：住,1,1,全筆移轉,03890000
RPTNMLLMQHNFFAV67DA,台東段,42.00,都市：住,2,1,持分移轉,06540316
RPSNMLOJRHNFFAV57CA,台東段,12.68,都市：住,100000,783,持分移轉,00040009
RPQNMLLMQHNFFAV27CA,永清段,127.77,都市：住,1,1,全筆移轉,06000003
RPSNMLLMQHNFFAV47CA,建成段,114.04,都市：住,1,1,全筆移轉,00620006
RPRNMLLMQHNFFAV37CA,永清段,127.55,都市：住,1,1,全筆移轉,06000001
RPPNMLLJRHNFFAV96CA,常德段,14.47,都市：商,10000,113,持分移轉,06970000
RPPNMLNJRHNFFAV17CA,岩灣段,135.47,都市：住,1,1,全筆移轉,03120000
RPPNMLOJRHNFFAV27CA,豐年段,265.37,都市：住,1,1,全筆移轉,09540032
RPQNMLLMQHNFFDV57CA,泰王段,9.10,都市：住,1,1,全筆移轉,09790003
RPQNMLOJRHNFFBV47CA,北都歷段,114.50,非都市：鄉村區 ; 非都市編定：乙種建築用地,1,1,全筆移轉,08590000
RPQNMLOJRHNFFDV67CA,秀山段,.65,都市：其他:道,10000,56,持分移轉,03470000
RPQNMLOJRHNFFDV67CA,秀山段,8.50,都市：其他:旅館區,10000,56,持分移轉,03470001
RPUNMLOJRHNFFAV77CA,永清段,131.48,都市：住,1,1,全筆移轉,06000000
RPVNMLOJRHNFFAV87CA,永清段,63.83,都市：住,2,1,持分移轉,06000002
RPVNMLOJRHNFFAV87CA,永清段,63.83,都市：住,2,1,持分移轉,06000002
RPXNMLOJRHNFFAV08CA,常德段,16.78,都市：住,10000,131,持分移轉,06970000
RPOOMLOJRHNFFAV27CA,東海段,25.08,都市：住,10000,42,持分移轉,01300000
RPOOMLOJRHNFFAV27CA,東海段,1.62,都市：住,10000,42,持分移轉,01300002
RPXNMLPJRHNFFAV18CA,東谷段,2093.98,非都市：特定農業區 ; 非都市編定：農牧用地,1,1,全筆移轉,00540000
RPQNMLQJRHNFFAV57CA,梅園段,120.07,非都市：鄉村區 ; 非都市編定：乙種建築用地,1,1,全筆移轉,05720000
RPQNMLRJRHNFFAV67CA,利家段,96.00,非都市：特定農業區 ; 非都市編定：甲種建築用地,1,1,全筆移轉,75900081
RPRNMLQJRHNFFAV67CA,利泰段,123.29,非都市：鄉村區 ; 非都市編定：乙種建築用地,10000,919,持分移轉,07140000
RPRNMLQJRHNFFAV67CA,利泰段,4.28,非都市：鄉村區 ; 非都市編定：乙種建築用地,10000,919,持分移轉,07500000
RPUNMLQJRHNFFAV97CA,知本段,150.00,非都市：特定農業區 ; 非都市編定：甲種建築用地,1,1,全筆移轉,78940020
RPWNMLQJRHNFFAV18CA,豐成段,87.72,非都市：特定農業區 ; 非都市編定：甲種建築用地,1,1,全筆移轉,09260000
RPSNMLQJRHNFFAV77CA,南清段,104.83,都市：住,1,1,全筆移轉,07460004
RPPNMLNJIINFFAV98CA,豐谷段,96.00,都市：住,1,1,全筆移轉,05340000
RPTNMLNKRHNFFAV67CA,石壁段,1315.68,都市：農,2,1,持分移轉,12060000
RPXNMLQJRHNFFAV28CA,利卡夢段,99.74,非都市：鄉村區 ; 非都市編定：乙種建築用地,1,1,全筆移轉,02520000
RPTNMLNKRHNFFAV67CA,石壁段,1315.68,都市：農,2,1,持分移轉,12060000
RPPOMLQJRHNFFAV57CA,德安段,21.26,都市：住,30000,170,持分移轉,00630000
RPPOMLQJRHNFFAV57CA,德安段,22.88,都市：住,30000,183,持分移轉,00630000
RPPOMLQJRHNFFAV57CA,德安段,.15,都市：住,30000,170,持分移轉,00630001
RPPOMLQJRHNFFAV57CA,德安段,.16,都市：住,30000,183,持分移轉,00630001
RPPOMLQJRHNFFAV57CA,德安段,1.96,都市：住,30000,170,持分移轉,00630002
RPPOMLQJRHNFFAV57CA,德安段,2.11,都市：住,30000,183,持分移轉,00630002
RPPOMLQJRHNFFAV57CA,德安段,.04,都市：住,30000,170,持分移轉,00630003
RPPOMLQJRHNFFAV57CA,德安段,.04,都市：住,30000,183,持分移轉,00630003
RPUNMLPJRHNFFAV97DA,知本段,150.00,非都市：特定農業區 ; 非都市編定：甲種建築用地,1,1,全筆移轉,75040012
RPPNMLMKRHNFFBV37DA,大俱來段,1706.51,非都市：風景區 ; 非都市編定：農牧用地,1,1,全筆移轉,00250000
RPPNMLMKRHNFFBV37DA,大俱來段,2300.01,非都市：風景區 ; 非都市編定：農牧用地,1,1,全筆移轉,00340000
RPPNMLQJRHNFFBV57CA,新都威段,1293.61,非都市：風景區 ; 非都市編定：農牧用地,1,1,全筆移轉,01630000
RPTNMLQJRHNFFAV87CA,南榮段,25.63,都市：住,1,1,全筆移轉,03960002
RPTNMLQJRHNFFAV87CA,南榮段,410.95,都市：住,1,1,全筆移轉,04000001
RPOOMLPJRHNFFAV37CA,石壁段,1559.73,都市：農,1,1,全筆移轉,00290000
RPOOMLPJRHNFFAV37CA,石壁段,51.16,都市：住,1,1,全筆移轉,00290001
RPOOMLPJRHNFFAV37CA,石壁段,11.91,都市：其他:道路用地,1,1,全筆移轉,00290002
RPOOMLPJRHNFFAV37CA,石壁段,64.21,都市：其他:鐵路用地,1,1,全筆移轉,00290003
RPQNMLTKRHNFFCV18CA,武陵段,334.00,非都市：鄉村區 ; 非都市編定：乙種建築用地,1,1,全筆移轉,05300003
RPTOMLLKRHNFFCV77CA,新福段,791.49,非都市：一般農業區 ; 非都市編定：水利用地,1,1,全筆移轉,05020003
RPTOMLLKRHNFFCV77CA,新福段,1000.59,非都市：一般農業區 ; 非都市編定：水利用地,1,1,全筆移轉,05040001
RPTOMLLKRHNFFCV77CA,新福段,464.77,非都市：一般農業區 ; 非都市編定：水利用地,1,1,全筆移轉,05320001
RPTOMLLKRHNFFCV77CA,新福段,2033.65,非都市：一般農業區 ; 非都市編定：水利用地,1,1,全筆移轉,08030002
RPTOMLLKRHNFFCV77CA,新福段,780.30,非都市：一般農業區 ; 非都市編定：水利用地,1,1,全筆移轉,08040001
RPTOMLLKRHNFFCV77CA,新福段,964.58,非都市：一般農業區 ; 非都市編定：水利用地,1,1,全筆移轉,08060001
RPPNMLTKRHNFFCV08CA,霧鹿段,6150.00,非都市：森林區 ; 非都市編定：農牧用地,1,1,全筆移轉,02920000
RPPNMLRJRHNFFAV57CA,富山段,80.93,非都市：風景區 ; 非都市編定：丙種建築用地,1,1,全筆移轉,09840000
RPPNMLQJRHNFFAV47CA,利家段,2068.00,非都市：特定農業區 ; 非都市編定：農牧用地,1,1,全筆移轉,73430000
RPPNMLQJRHNFFAV47CA,利家段,1606.00,非都市：特定農業區 ; 非都市編定：農牧用地,1,1,全筆移轉,73440000
RPRNMLMKRHNFFAV37CA,豐谷段,281.00,都市：住,1,1,全筆移轉,07120000
RPSNMLLKRHNFFAV37CA,南王段,88.14,都市：住,1,1,全筆移轉,00450009
RPPNMLRJRHNFFCV77CA,月野段,2572.00,非都市：特定農業區 ; 非都市編定：農牧用地,1,1,全筆移轉,15900000
RPPNMLRJRHNFFCV77CA,月野段,1266.00,非都市：特定農業區 ; 非都市編定：農牧用地,1,1,全筆移轉,15920000
RPSNMLKKRHNFFCV47CA,大池段,507.84,非都市：風景區 ; 非都市編定：丙種建築用地,1,1,全筆移轉,01080001
RPSNMLKKRHNFFCV47CA,大池段,60.13,非都市：風景區 ; 非都市編定：丙種建築用地,1,1,全筆移轉,01080003
RPSNMLOKRHNFFAV67CA,建成段,107.92,都市：住,1,1,全筆移轉,00680002
RPPNMLLKRHNFFCV27CA,新福段,2190.49,非都市：一般農業區 ; 非都市編定：水利用地,1,1,全筆移轉,05300000
RPPNMLLKRHNFFCV27CA,新福段,290.77,非都市：一般農業區 ; 非都市編定：水利用地,1,1,全筆移轉,05310000
RPQNMLLKRHNFFCV37CA,新福段,408.39,非都市：一般農業區 ; 非都市編定：水利用地,1,1,全筆移轉,07600001
RPRNMLLKRHNFFCV47CA,新福段,24.70,非都市：一般農業區 ; 非都市編定：水利用地,1,1,全筆移轉,07870001
RPSNMLLKRHNFFCV57CA,新福段,947.16,非都市：一般農業區 ; 非都市編定：水利用地,1,1,全筆移轉,07810001
RPSNMLLKRHNFFCV57CA,新福段,191.63,非都市：一般農業區 ; 非都市編定：水利用地,1,1,全筆移轉,07840001
RPTNMLLKRHNFFCV67CA,新福段,1314.57,非都市：一般農業區 ; 非都市編定：水利用地,1,1,全筆移轉,07890001
RPUNMLLKRHNFFCV77CA,新福段,621.93,非都市：一般農業區 ; 非都市編定：水利用地,1,1,全筆移轉,05270001
RPUNMLLKRHNFFCV77CA,新福段,613.41,非都市：一般農業區 ; 非都市編定：水利用地,1,1,全筆移轉,05270002
RPUNMLLKRHNFFCV77CA,新福段,509.72,非都市：一般農業區 ; 非都市編定：水利用地,1,1,全筆移轉,05290001
RPVNMLLKRHNFFCV87CA,新福段,1390.14,非都市：一般農業區 ; 非都市編定：水利用地,1,1,全筆移轉,05280001
RPWNMLLKRHNFFCV97CA,新福段,379.82,非都市：一般農業區 ; 非都市編定：水利用地,1,1,全筆移轉,05250000
RPOOMLLKRHNFFCV27CA,新福段,153.27,非都市：一般農業區 ; 非都市編定：水利用地,1,1,全筆移轉,02990001
RPXNMLLKRHNFFCV08CA,新福段,1674.90,非都市：一般農業區 ; 非都市編定：水利用地,1,1,全筆移轉,02980001
RPPOMLLKRHNFFCV37CA,新福段,199.92,非都市：一般農業區 ; 非都市編定：水利用地,1,1,全筆移轉,03120001
RPPNMLQLRHNFFBV87DA,萬年段,42.00,非都市：鄉村區 ; 非都市編定：乙種建築用地,1,1,全筆移轉,08560000
RPQOMLLKRHNFFCV47CA,新福段,2210.18,非都市：一般農業區 ; 非都市編定：水利用地,1,1,全筆移轉,05050001
RPRNMLKKRHNFFCV47DA,西莊段,118.08,非都市：特定農業區 ; 非都市編定：水利用地,3,1,持分移轉,07630000
RPRNMLKKRHNFFCV47DA,西莊段,3847.86,非都市：特定農業區 ; 非都市編定：農牧用地,3,1,持分移轉,07670000
RPRNMLKKRHNFFCV47DA,西莊段,120.13,非都市：特定農業區 ; 非都市編定：農牧用地,3,1,持分移轉,07650000
RPRNMLKKRHNFFCV47DA,西莊段,212.21,非都市：特定農業區 ; 非都市編定：甲種建築用地,3,1,持分移轉,07690000
RPRNMLKKRHNFFCV47DA,西莊段,52.64,非都市：特定農業區 ; 非都市編定：農牧用地,3,1,持分移轉,07870000
RPROMLLKRHNFFCV57CA,新福段,1882.64,非都市：一般農業區 ; 非都市編定：水利用地,1,1,全筆移轉,05190001
RPSOMLLKRHNFFCV67CA,新福段,334.77,非都市：一般農業區 ; 非都市編定：水利用地,1,1,全筆移轉,05240001
RPSOMLLKRHNFFCV67CA,新福段,627.38,非都市：一般農業區 ; 非都市編定：水利用地,1,1,全筆移轉,05260001
RPUOMLLKRHNFFCV87CA,新福段,31.82,非都市：一般農業區 ; 非都市編定：水利用地,1,1,全筆移轉,07850001
RPUOMLLKRHNFFCV87CA,新福段,208.21,非都市：一般農業區 ; 非都市編定：水利用地,1,1,全筆移轉,07860001
RPVOMLLKRHNFFCV97CA,新福段,50.21,非都市：一般農業區 ; 非都市編定：水利用地,1,1,全筆移轉,08020001
RPRNMLTKRHNFFCV28CA,新福段,117.50,非都市：一般農業區 ; 非都市編定：水利用地,1,1,全筆移轉,07790001
RPRNMLNKRHNFFAV47CA,康樂段,4233.00,非都市：特定農業區 ; 非都市編定：農牧用地,2,1,持分移轉,02070000
RPRNMLNKRHNFFAV47CA,康樂段,458.00,非都市：特定農業區 ; 非都市編定：農牧用地,2,1,持分移轉,02090000
RPRNMLNKRHNFFAV47CA,康樂段,4603.00,非都市：特定農業區 ; 非都市編定：農牧用地,2,1,持分移轉,02100000
RPRNMLNKRHNFFAV47CA,康樂段,690.00,非都市：特定農業區 ; 非都市編定：農牧用地,2,1,持分移轉,02670000
RPVNMLQJRHNFFAV18DA,常德段,15.19,都市：商,10000,80,持分移轉,07520000
RPPNMLPJRHNFFDV67CA,復興段,92.36,都市：住,1,1,全筆移轉,04890009
RPQNMLLLRHNFFAV27CA,豐源段,153.01,非都市：特定農業區 ; 非都市編定：甲種建築用地,1,1,全筆移轉,01760000
RPRNMLPLJHOFFAV07CA,東海段,25.08,都市：住,10000,42,持分移轉,01300000
RPRNMLPLJHOFFAV07CA,東海段,1.62,都市：住,10000,42,持分移轉,01300002
RPSNMLMKRHNFFAV47CA,豐榮段,107.00,都市：住,1,1,全筆移轉,10200000
RPVNMLLKRHNFFAV67CA,射馬干段,701.80,非都市：特定農業區 ; 非都市編定：農牧用地,4,1,持分移轉,07880000
RPVNMLLKRHNFFAV67CA,射馬干段,542.87,非都市：特定農業區 ; 非都市編定：農牧用地,4,1,持分移轉,07930000
RPQNMLMKRHNFFAV27CA,自強段,60.00,都市：住,1,1,全筆移轉,00490000
RPVNMLKLRHNFFAV67CA,東海段,128.78,都市：住,1,1,全筆移轉,01270000
RPUNMLKLRHNFFAV57CA,東農段,77.52,非都市：特定農業區 ; 非都市編定：水利用地,1,1,全筆移轉,07920000
RPUNMLKLRHNFFAV57CA,東農段,99.50,非都市：特定農業區 ; 非都市編定：水利用地,1,1,全筆移轉,08050000
RPUNMLLKRHNFFAV57CA,馬蘭段,9.50,都市：住,10000,76,持分移轉,16940000
RPPNMLNKRHNFFAV27CA,豐康段,18.90,都市：住,1,1,全筆移轉,00010006
RPPNMLNKRHNFFAV27CA,豐康段,21.41,都市：住,1,1,全筆移轉,00580000
RPPNMLNKRHNFFAV27CA,豐康段,37.10,都市：住,1,1,全筆移轉,00580002
RPQNMLNKRHNFFAV37CA,中山段,124.00,都市：住,1,1,全筆移轉,05090000
RPPNMLLKRHNFFAV07CA,東興段,142.25,非都市：特定農業區 ; 非都市編定：農牧用地,2,1,持分移轉,03630000
RPQNMLLKRHNFFAV17CA,東海段,25.08,都市：住,10000,42,持分移轉,01300000
RPQNMLLKRHNFFAV17CA,東海段,1.62,都市：住,10000,42,持分移轉,01300002
RPSNMLRJRHNFFAV87CA,新生段,10.42,都市：住,10000,42,持分移轉,00440000
RPRNMLRJRHNFFAV77CA,東海段,16.12,都市：住,10000,27,持分移轉,01300000
RPRNMLRJRHNFFAV77CA,東海段,1.04,都市：住,10000,27,持分移轉,01300002
RPSNMLNKRHNFFAV57CA,富岡南段,245.17,非都市：鄉村區 ; 非都市編定：乙種建築用地,1,1,全筆移轉,11400000
RPSNMLNKRHNFFAV57CA,富岡南段,30.24,非都市：鄉村區 ; 非都市編定：乙種建築用地,1,1,全筆移轉,13130000
RPPNMLSJRHNFFAV67CA,下賓朗段,58.64,非都市：一般農業區 ; 非都市編定：甲種建築用地,2,1,持分移轉,06710000
RPPNMLKKRHNFFAV96CA,東海段,89.50,都市：住,1,1,全筆移轉,02710001
RPPNMLRKRHNFFAV67CA,豐川段,485.49,非都市：特定農業區 ; 非都市編定：甲種建築用地,1,1,全筆移轉,09060000
RPPNMLRKRHNFFCV87CA,錦富段,6689.43,非都市：特定農業區 ; 非都市編定：農牧用地,1,1,全筆移轉,06980000
RPPNMLRKRHNFFCV87CA,錦富段,1737.99,非都市：特定農業區 ; 非都市編定：農牧用地,1,1,全筆移轉,06990000
RPPNMLRKRHNFFCV87CA,錦富段,598.12,非都市：特定農業區 ; 非都市編定：甲種建築用地,1,1,全筆移轉,09450000
RPQNMLRKRHNFFAV77CA,梧州段,50.59,都市：農,1,1,全筆移轉,06170000
RPQNMLRKRHNFFAV77CA,梧州段,15.23,都市：農,1,1,全筆移轉,06220000
RPQNMLRKRHNFFAV77CA,梧州段,7.85,非都市：特定農業區 ; 非都市編定：水利用地,1,1,全筆移轉,06230000
RPPNMLLKRHNFFBV17CA,北八里段,5263.88,非都市：風景區 ; 非都市編定：農牧用地,1,1,全筆移轉,03280000
RPPNMLOKRHNFFBV47CA,烏石鼻段,824.86,非都市：風景區 ; 非都市編定：農牧用地,1,1,全筆移轉,04970000
RPRNMLMKRHNFFBV47CA,成功段,75.64,都市：住,1,1,全筆移轉,05860000
RPUNMLNKRHNFFAV77CA,上岩灣段,1881.50,非都市：特定農業區 ; 非都市編定：農牧用地,1,1,全筆移轉,11540000
RPPNMLOKRHNFFAV37CA,台東段,168.00,都市：住,1,1,全筆移轉,18810002
RPQNMLRLRHNFFAV87CA,豐源段,277.05,都市：農,1,1,全筆移轉,01770001
RPRNMLRKRHNFFAV87CA,豐康段,195.23,都市：住,1,1,全筆移轉,07950000
RPQNMLLLRHNFFCV47CA,大同段,58.10,都市：農,10000,247,持分移轉,08780000
RPQNMLLLRHNFFCV47CA,大同段,734.83,都市：農,1,1,全筆移轉,09900000
RPQNMLLLRHNFFCV47CA,大同段,1363.92,都市：農,1,1,全筆移轉,09910000
RPTNMLOKRHNFFAV77CA,馬蘭段,139.00,都市：住,1,1,全筆移轉,15690005
RPRNMLLKRHNFFAV27CA,常德段,14.24,都市：住,10000,75,持分移轉,07520000
RPPNMLSKRHNFFCV97CA,中福段,100.87,都市：住,1,1,全筆移轉,06670000
RPPNMLLJIINFFBV88CA,忠勇段,95.30,都市：住,1,1,全筆移轉,02940006
RPWNMLKLRHNFFAV77CA,永清段,5232.48,都市：農,1,1,全筆移轉,00480000
RPRNMLSKRHNFFAV97CA,利家段,89.00,非都市：特定農業區 ; 非都市編定：甲種建築用地,1,1,全筆移轉,75900050
RPPNMLSKRHNFFAV77CA,自強段,77.55,都市：住,1,1,全筆移轉,10410003
RPPNMLMJIINFFBV98CA,忠勇段,155.59,都市：商,2,1,持分移轉,12100000
RPPNMLMJIINFFBV98CA,忠勇段,155.59,都市：商,2,1,持分移轉,12100000
RPPNMLMLRHNFFCV47CA,慶豐段,96.05,非都市：鄉村區 ; 非都市編定：乙種建築用地,1,1,全筆移轉,05490000
RPPNMLMLRHNFFCV47CA,慶豐段,58.07,非都市：鄉村區 ; 非都市編定：交通用地,1,1,全筆移轉,05500000
RPSNMLSKRHNFFAV18DA,南榮段,938.95,都市：農,4,3,持分移轉,01680000
RPQNMLTKRHNFFAV08DA,台東段,153.00,都市：住,1,1,全筆移轉,18070006
RPQNMLPLRHNFFAV77DA,台東段,36.00,都市：住,1,1,全筆移轉,00080136
RPQNMLSKRHNFFDV18CA,秀山段,10.39,都市：其他:旅館區,10000,9,持分移轉,07230000
RPQNMLSKRHNFFDV18CA,秀山段,.00,都市：其他:旅館區,10000,9,持分移轉,07230001
RPQNMLQKIINFFCV07CA,水井段,416.28,非都市：特定農業區 ; 非都市編定：甲種建築用地,1,1,全筆移轉,02290000
RPQNMLKLRHNFFAV17CA,利家段,82.00,非都市：鄉村區 ; 非都市編定：乙種建築用地,1,1,全筆移轉,74880059
RPRNMLTKRHNFFAV08CA,普優瑪段,3000.00,都市：農,1,1,全筆移轉,11940000
RPTNMLTKRHNFFAV28CA,普優瑪段,2654.65,都市：農,1,1,全筆移轉,11940002
RPTNMLSKRHNFFAV18CA,富山段,4458.09,非都市：風景區 ; 非都市編定：農牧用地,1,1,全筆移轉,06400000
RPTNMLSKRHNFFAV18CA,富山段,9382.21,非都市：風景區 ; 非都市編定：農牧用地,1,1,全筆移轉,06480000
RPTNMLSKRHNFFAV18CA,富山段,9110.08,非都市：風景區 ; 非都市編定：農牧用地,1,1,全筆移轉,06490000
RPTNMLSKRHNFFAV18CA,富山段,9518.51,非都市：風景區 ; 非都市編定：農牧用地,1,1,全筆移轉,06520000
RPTNMLSKRHNFFAV18CA,富山段,20358.00,非都市：風景區 ; 非都市編定：農牧用地,1,1,全筆移轉,07120000
RPTNMLSKRHNFFAV18CA,富山段,9086.56,非都市：風景區 ; 非都市編定：農牧用地,1,1,全筆移轉,07130000
RPTNMLSKRHNFFAV18CA,富山段,1946.33,非都市：風景區 ; 非都市編定：農牧用地,1,1,全筆移轉,07140000
RPTNMLSKRHNFFAV18CA,富山段,3250.01,非都市：風景區 ; 非都市編定：農牧用地,1,1,全筆移轉,07150000
RPTNMLSKRHNFFAV18CA,富山段,14914.23,非都市：風景區 ; 非都市編定：農牧用地,1,1,全筆移轉,07160000
RPTNMLSKRHNFFAV18CA,富山段,11314.29,非都市：風景區 ; 非都市編定：農牧用地,1,1,全筆移轉,07190000
RPTNMLSKRHNFFAV18CA,富山段,2885.73,非都市：風景區 ; 非都市編定：農牧用地,1,1,全筆移轉,07320000
RPTNMLSKRHNFFAV18CA,富山段,3029.70,非都市：風景區 ; 非都市編定：農牧用地,1,1,全筆移轉,07330000
RPTNMLSKRHNFFAV18CA,富山段,2740.22,非都市：風景區 ; 非都市編定：農牧用地,1,1,全筆移轉,07340000
RPTNMLSKRHNFFAV18CA,富山段,4156.44,非都市：風景區 ; 非都市編定：農牧用地,1,1,全筆移轉,07350000
RPPNMLTKRHNFFAV87CA,利家段,2717.00,非都市：特定農業區 ; 非都市編定：農牧用地,1,1,全筆移轉,58590000
RPPNMLTKRHNFFAV87CA,利家段,2015.00,非都市：特定農業區 ; 非都市編定：農牧用地,1,1,全筆移轉,58600000
RPSNMLTKRHNFFAV18CA,普優瑪段,2654.65,都市：農,1,1,全筆移轉,11940003
RPXNMLLLRHNFFAV97CA,初鹿段,983.25,非都市：特定農業區 ; 非都市編定：農牧用地,4,1,持分移轉,38080000
RPOOMLLLRHNFFAV17CA,大業段,125.12,都市：住,1,1,全筆移轉,02220000
RPQNMLQLRHNFFAV77CA,利家段,89.00,非都市：特定農業區 ; 非都市編定：甲種建築用地,1,1,全筆移轉,75860052
RPTNMLLLRHNFFAV57CA,澱粉段,93.37,非都市：特定農業區 ; 非都市編定：甲種建築用地,1,1,全筆移轉,02270000
RPVNMLLLRHNFFAV77CA,馬蘭段,120.00,都市：住,1,1,全筆移轉,15620026
RPRNMLQLRHNFFAV87CA,下南寮段,14.44,都市：其他:道路,2,1,持分移轉,01610000
RPRNMLQLRHNFFAV87CA,下南寮段,9.24,都市：住,2,1,持分移轉,01610001
RPRNMLQLRHNFFAV87CA,下南寮段,309.93,都市：住,1,1,全筆移轉,01620000
RPSNMLLLRHNFFAV47CA,台東段,92.00,都市：住,1,1,全筆移轉,00060243
RPRNMLLLRHNFFAV37CA,中清段,20.62,都市：住,1,1,全筆移轉,02120000
RPRNMLLLRHNFFAV37CA,中清段,566.79,都市：住,1,1,全筆移轉,02130000
RPRNMLLLRHNFFAV37CA,中清段,65.87,都市：其他:道,1,1,全筆移轉,02140000
RPRNMLLLRHNFFAV37CA,中清段,.22,都市：住,1,1,全筆移轉,02140001
RPWNMLLLRHNFFAV87CA,常德段,15.88,都市：住,10000,124,持分移轉,06970000
RPSNMLKLRHNFFAV37CA,東海段,22.69,都市：住,10000,38,持分移轉,01300000
RPSNMLKLRHNFFAV37CA,東海段,1.46,都市：住,10000,38,持分移轉,01300002
RPTNMLKLRHNFFAV47CA,台東段,10.08,都市：住,10000,67,持分移轉,20080000
RPQNMLLLRHNFFDV57CA,台?段,8595.00,非都市：山坡地保育區 ; 非都市編定：林業用地,2,1,持分移轉,01450000
RPQNMLLLRHNFFDV57CA,台拉段,157.82,非都市：鄉村區 ; 非都市編定：乙種建築用地,3,1,持分移轉,03150000
RPPNMLKLRHNFFAV07CA,常德段,120.44,都市：住,1,1,全筆移轉,07930008
RPUNMLTKRHNFFAV38CA,台東段,51.96,都市：住,100000,646,持分移轉,25450000
RPRNMLLLRHNFFCV57CA,西莊段,10237.52,非都市：特定農業區 ; 非都市編定：農牧用地,1,1,全筆移轉,04290000
RPPNMLKLRHNFFCV37DA,福原段,118.28,都市：住,1,1,全筆移轉,07400000
RPPNMLLLRHNFFCV47DA,隆昌段,114.13,非都市：鄉村區 ; 非都市編定：乙種建築用地,1,1,全筆移轉,11930000
RPQNMLMJIINFFBV09CA,長光段,136.86,非都市：風景區 ; 非都市編定：丙種建築用地,1,1,全筆移轉,05020000
RPPNMLLLRHNFFAV17CA,豐利段,82.30,都市：住,1,1,全筆移轉,07890000
RPUNMLLLRHNFFAV67CA,台東段,7.00,都市：住,1,1,全筆移轉,05730012
RPUNMLLLRHNFFAV67CA,台東段,144.00,都市：住,1,1,全筆移轉,05740006
RPPNMLPLRHNFFAV57CA,鎮樂段,2425.00,非都市：山坡地保育區 ; 非都市編定：農牧用地,2,1,持分移轉,06770001
RPRNMLMJIINFFAV09CA,馬蘭段,107.00,都市：住,1,1,全筆移轉,16140004
RPPNMLRLRHNFFAV77CA,新生段,13.65,都市：住,10000,55,持分移轉,00440000
RPPNMLQLRHNFFAV67CA,自強段,191.00,都市：住,1,1,全筆移轉,07190002
RPTNMLPLRHNFFAV97CA,自強段,130.00,都市：住,1,1,全筆移轉,08280004
RPPNMLNJIINFFDV76DA,正興段,478.63,都市：住,1,1,全筆移轉,02000000
RPSNMLPLRHNFFAV97DA,台東段,50.00,都市：商,1,1,全筆移轉,03500002
RPPNMLLKIINFFDV66DA,南興段,208.00,非都市：山坡地保育區 ; 非都市編定：農牧用地,1,1,全筆移轉,02360001
RPPNMLRLRHNFFCV97CA,中和段,2051.43,非都市：一般農業區 ; 非都市編定：農牧用地,1,1,全筆移轉,02210000
RPSNMLNJIINFFAV66CA,建樂段,303.81,都市：農,10,1,持分移轉,02010000
RPSNMLQLRHNFFAV97CA,馬蘭段,6.49,都市：住,10000,185,持分移轉,15680000
RPSNMLQLRHNFFAV97CA,馬蘭段,7.64,都市：住,10000,185,持分移轉,15700000
RPPNMLSLRHNFFAV87CA,馬蘭段,2.46,都市：住,10000,70,持分移轉,15680000
RPPNMLSLRHNFFAV87CA,馬蘭段,2.89,都市：住,10000,70,持分移轉,15700000
RPPNMLKMRHNFFAV17CA,利家段,1668.00,非都市：山坡地保育區 ; 非都市編定：農牧用地,1,1,全筆移轉,02020000
RPPNMLLJIINFFAV78CA,豐年段,111.77,都市：住,1,1,全筆移轉,11260012
RPVNMLRKIINFFAV57DA,利家段,112.00,非都市：鄉村區 ; 非都市編定：乙種建築用地,1,1,全筆移轉,74730000
RPPNMLLJIINFFDV09CA,秀山段,8.08,都市：其他:旅館區,10000,7,持分移轉,07230000
RPPNMLLJIINFFDV09CA,秀山段,.00,都市：其他:旅館區,10000,7,持分移轉,07230001
RPQNMLLJIINFFDV56CA,秀山段,8.08,都市：住,10000,7,持分移轉,07230000
RPQNMLLJIINFFDV56CA,秀山段,.00,都市：住,10000,7,持分移轉,07230001
RPPNMLPJIINFFAV66DA,台東段,57.00,都市：住,1,1,全筆移轉,01660084
RPQNMLSLRHNFFAV08DA,中心段,111.00,都市：住,1,1,全筆移轉,08980002
RPPNMLOJIINFFCV66CA,水井段,34.10,非都市：鄉村區 ; 非都市編定：乙種建築用地,1,1,全筆移轉,08060000
RPQNMLOJIINFFCV76CA,水井段,470.87,非都市：鄉村區 ; 非都市編定：乙種建築用地,1,1,全筆移轉,07890001
RPPNMLOLIINFFAV76DA,台東段,74.00,都市：住,1,1,全筆移轉,21610000
RPPNMLMJIINFFAV88CA,台東段,35.00,都市：商,1,1,全筆移轉,04790021
RPQOMLOJIINFFAV66CA,豐年段,78.33,都市：住,1,1,全筆移轉,10380000
RPPOMLOJIINFFAV56CA,普優瑪段,75.21,都市：住,1,1,全筆移轉,00900000
RPQNMLSJIINFFAV96CA,豐年段,1092.57,都市：住,1,1,全筆移轉,09850001
RPQNMLSJIINFFAV96CA,豐年段,1263.54,都市：住,1,1,全筆移轉,09850004
RPQNMLSJIINFFAV96CA,豐年段,290.09,都市：住,1,1,全筆移轉,09880000
RPQNMLSJIINFFAV96CA,豐年段,127.01,都市：其他:道路用地,10000,3615,持分移轉,09880003
RPQNMLSJIINFFAV96CA,豐年段,867.50,都市：住,1,1,全筆移轉,09850000
RPRNMLSJIINFFAV07CA,永清段,125.22,都市：住,1,1,全筆移轉,09660002
RPRNMLSJIINFFAV07CA,永清段,.97,都市：其他:道,1,1,全筆移轉,09710006
RPSNMLSJIINFFAV17CA,永清段,113.35,都市：住,1,1,全筆移轉,09660008
RPSNMLSJIINFFAV17CA,永清段,1.05,都市：其他:道,1,1,全筆移轉,09710008
RPTNMLSJIINFFAV27CA,豐年段,23.57,都市：住,10000,51,持分移轉,00270007
RPPNMLTJIINFFAV96CA,利家段,2461.14,非都市：特定農業區 ; 非都市編定：農牧用地,7,2,持分移轉,69080000
RPQOMLSJIINFFAV07CA,中心段,56.00,都市：住,1,1,全筆移轉,05410000
RPQOMLSJIINFFAV07CA,中心段,24.00,都市：住,1,1,全筆移轉,05410001
RPQNMLMJIINFFAV98CA,利家段,1601.00,非都市：特定農業區 ; 非都市編定：農牧用地,1,1,全筆移轉,71450000
RPPNMLQJIINFFAV66CA,永樂段,348.00,都市：住,1,1,全筆移轉,00900000
RPRNMLMJIINFFBV56CA,黃金橋段,486.30,非都市：風景區 ; 非都市編定：農牧用地,1,1,全筆移轉,02470000
RPSNMLOJIINFFAV76CA,南王段,87.87,都市：住,1,1,全筆移轉,00450007
RPPNMLOJIINFFAV09CA,台東段,168.00,都市：住,1,1,全筆移轉,18810004
RPRNMLOJIINFFAV66CA,建樂段,8.95,都市：住,10000,45,持分移轉,04240000
RPRNMLOJIINFFAV66CA,建樂段,1.03,都市：住,10000,45,持分移轉,04240001
RPPNMLQKIINFFCV96CA,瑞里段,987.54,非都市：一般農業區 ; 非都市編定：農牧用地,1,1,全筆移轉,00490000
RPROMLLKIINFFAV56CA,台東段,22.00,都市：住,1,1,全筆移轉,06130049
RPRNMLLKIINFFAV09CA,豐榮段,35.00,都市：住,1,1,全筆移轉,04370000
RPRNMLLKIINFFAV09CA,豐榮段,44.00,都市：住,1,1,全筆移轉,04380000
RPSOMLLKIINFFAV66CA,台東段,68.00,都市：住,1,1,全筆移轉,06130003
RPPOMLLKIINFFAV98CA,建成段,108.34,都市：住,1,1,全筆移轉,00680005
RPUNMLRKIINFFAV37CA,台東段,127.00,都市：住,1,1,全筆移轉,00250017
RPWNMLQKIINFFAV47CA,豐康段,17.34,都市：住,10000,118,持分移轉,08260000
RPWNMLQKIINFFAV47CA,豐康段,6.58,都市：住,10000,118,持分移轉,08260001
RPQNMLPJIINFFAV66CA,馬蘭段,114.00,都市：住,1,1,全筆移轉,15270004
RPQNMLOJIINFFAV66DA,富岡南段,18.23,非都市：風景區 ; 非都市編定：丙種建築用地,1,1,全筆移轉,08390000
RPVNMLOJIINFFAV07CA,東農段,833.00,非都市：特定農業區 ; 非都市編定：農牧用地,214390,83300,持分移轉,09200004
RPQNMLSJIINFFBV07CA,大馬段,3831.00,非都市：風景區 ; 非都市編定：農牧用地,1,1,全筆移轉,00330000
RPPNMLSJIINFFDV27DA,德其段,43.00,都市：住,1,1,全筆移轉,07640001
RPPNMLPJIINFFDV86CA,秀山段,65.34,都市：商,10000,105,持分移轉,06590003
RPUNMLOJIINFFAV96CA,台東段,7.92,都市：住,1000,30,持分移轉,15640000
RPVNMLSJIINFFAV47CA,利家段,89.00,非都市：特定農業區 ; 非都市編定：甲種建築用地,1,1,全筆移轉,75900021
RPPNMLLKIINFFAV88CA,泰安段,54.38,非都市：一般農業區 ; 非都市編定：甲種建築用地,1,1,全筆移轉,03060002
RPXNMLSJIINFFAV67CA,台東段,7.19,都市：住,100000,353,持分移轉,05610004
RPWNMLSJIINFFAV57CA,台東段,16.72,都市：住,10000,131,持分移轉,18050000
RPPNMLQLIINFFAV86CA,豐年段,11.50,都市：住,10000,23,持分移轉,00270000
RPQNMLTJIINFFAV07CA,豐康段,209.94,都市：住,1,1,全筆移轉,00570013
RPPOMLSJIINFFAV96CA,豐里段,107.01,非都市：鄉村區 ; 非都市編定：乙種建築用地,1,1,全筆移轉,09560004
RPPNMLSJIINFFAV86CA,富岡段,9.30,非都市：鄉村區 ; 非都市編定：乙種建築用地,1,1,全筆移轉,10400001
RPUNMLSJIINFFAV37CA,中清段,204.46,都市：其他:道路用地,1,1,全筆移轉,05790000
RPUNMLSJIINFFAV37CA,中清段,125.62,都市：住,1,1,全筆移轉,05790001
RPUNMLSJIINFFAV37CA,中清段,9.13,都市：其他:道路用地,1,1,全筆移轉,05790002
RPUNMLSJIINFFAV37CA,中清段,4.75,都市：住,1,1,全筆移轉,05790003
RPUNMLSJIINFFAV37CA,中清段,120.49,都市：其他:道路用地,1,1,全筆移轉,05800000
RPUNMLSJIINFFAV37CA,中清段,.25,都市：住,1,1,全筆移轉,05800001
RPUNMLSJIINFFAV37CA,中清段,19.32,都市：住,1,1,全筆移轉,05800002
RPUNMLSJIINFFAV37CA,中清段,15.58,都市：住,1,1,全筆移轉,05800003
RPUNMLSJIINFFAV37CA,中清段,.26,都市：住,1,1,全筆移轉,05800004
RPUNMLSJIINFFAV37CA,中清段,.89,都市：其他:道路用地,1,1,全筆移轉,05800005
RPUNMLSJIINFFAV37CA,中清段,193.99,都市：住,1,1,全筆移轉,05810000
RPUNMLSJIINFFAV37CA,中清段,158.93,都市：住,1,1,全筆移轉,05840000
RPUNMLSJIINFFAV37CA,中清段,.43,都市：住,1,1,全筆移轉,05840001
RPUNMLSJIINFFAV37CA,中清段,9.97,都市：其他:道路用地,1,1,全筆移轉,05840002
RPUNMLSJIINFFAV37CA,中清段,3.72,都市：其他:道路用地,1,1,全筆移轉,05840003
RPPNMLKKIINFFDV09CA,金崙段,2707.00,非都市：山坡地保育區 ; 非都市編定：農牧用地,1,1,全筆移轉,02480000
RPPNMLSJIINFFCV07CA,慶豐段,666.49,非都市：特定農業區 ; 非都市編定：甲種建築用地,1,1,全筆移轉,04080000
RPOOMLLKIINFFAV88CA,台東段,78.00,都市：住,7,3,持分移轉,03270048
RPSNMLLKIINFFAV56CA,豐年段,93.84,都市：住,10000,193,持分移轉,00270006
RPXNMLLKIINFFAV07CA,台東段,3.00,都市：住,7,3,持分移轉,03260008
RPXNMLLKIINFFAV07CA,台東段,35.14,都市：住,7,3,持分移轉,03270137
RPRNMLMKIINFFBV66CA,永福段,318.01,非都市：風景區 ; 非都市編定：丙種建築用地,1,1,全筆移轉,10550000
RPTNMLLKIINFFAV66CA,建成段,117.58,都市：住,1,1,全筆移轉,00630000
RPUOMLLKIINFFAV86CA,新生段,75.00,都市：住,1,1,全筆移轉,03230000
RPVNMLLKIINFFAV86CA,上南寮段,86.69,都市：其他:保護區,1,1,全筆移轉,07420000
RPRNMLTKIINFFCV47CA,水井段,484.48,非都市：特定農業區 ; 非都市編定：農牧用地,1,1,全筆移轉,07390000
RPRNMLTKIINFFCV47CA,水井段,1187.96,非都市：特定農業區 ; 非都市編定：農牧用地,1,1,全筆移轉,07380000
RPSNMLTKIINFFCV57CA,水井段,1279.38,非都市：特定農業區 ; 非都市編定：農牧用地,1,1,全筆移轉,07660000
RPSNMLTKIINFFCV57CA,水井段,1243.15,非都市：特定農業區 ; 非都市編定：農牧用地,1,1,全筆移轉,07590000
RPSNMLTKIINFFCV57CA,水井段,124.38,非都市：特定農業區 ; 非都市編定：農牧用地,1,1,全筆移轉,07650000
RPSNMLTKIINFFCV57CA,水井段,1840.42,非都市：特定農業區 ; 非都市編定：農牧用地,1,1,全筆移轉,07710000
RPSNMLTKIINFFCV57CA,水井段,2245.06,非都市：特定農業區 ; 非都市編定：農牧用地,1,1,全筆移轉,07770000
RPSNMLTKIINFFCV57CA,水井段,4645.77,非都市：特定農業區 ; 非都市編定：農牧用地,1,1,全筆移轉,11140000
RPSNMLTKIINFFCV57CA,水井段,420.19,非都市：特定農業區 ; 非都市編定：農牧用地,1,1,全筆移轉,07780000
RPSNMLTKIINFFCV57CA,水井段,1838.52,非都市：特定農業區 ; 非都市編定：農牧用地,1,1,全筆移轉,07530000
RPSNMLTKIINFFCV57CA,水井段,3699.37,非都市：特定農業區 ; 非都市編定：農牧用地,1,1,全筆移轉,07510000
RPSNMLTKIINFFCV57CA,水井段,1222.84,非都市：特定農業區 ; 非都市編定：農牧用地,1,1,全筆移轉,07550000
RPSNMLTKIINFFCV57CA,水井段,174.13,非都市：特定農業區 ; 非都市編定：農牧用地,1,1,全筆移轉,07470000
RPSNMLTKIINFFCV57CA,水井段,3144.10,非都市：特定農業區 ; 非都市編定：農牧用地,1,1,全筆移轉,07440000
RPSNMLTKIINFFCV57CA,水井段,287.44,非都市：特定農業區 ; 非都市編定：農牧用地,1,1,全筆移轉,07450000
RPSNMLTKIINFFCV57CA,水井段,3493.36,非都市：特定農業區 ; 非都市編定：農牧用地,1,1,全筆移轉,07480000
RPTNMLTKIINFFCV67CA,西莊段,17625.28,非都市：一般農業區 ; 非都市編定：農牧用地,1,1,全筆移轉,10740000
RPXNMLOJIINFFAV27CA,東農段,47.39,都市：住,1,1,全筆移轉,05620001
RPUNMLTKIINFFCV77CA,西莊段,1254.46,非都市：一般農業區 ; 非都市編定：農牧用地,1,1,全筆移轉,10850000
RPUNMLTKIINFFCV77CA,西莊段,1750.13,非都市：一般農業區 ; 非都市編定：農牧用地,1,1,全筆移轉,10860000
RPQNMLLKIINFFBV09CA,三民段,74.56,都市：住,1,1,全筆移轉,10200000
RPQNMLLKIINFFBV09CA,三民段,21.90,都市：住,1,1,全筆移轉,10210000
RPWNMLOJIINFFAV17CA,台東段,54.89,都市：住,100000,850,持分移轉,25640000
RPOOMLOJIINFFAV09CA,東農段,15.61,都市：住,1,1,全筆移轉,05610000
RPOOMLOJIINFFAV09CA,東農段,312.17,都市：住,1,1,全筆移轉,05620000
RPPNMLMLIINFFCV66CA,大埔段,133.86,都市：住,1,1,全筆移轉,02460000
RPPNMLPKIINFFBV86DA,成功段,443.86,都市：住,1,1,全筆移轉,04340000
RPPNMLPKIINFFCV86CA,錦富段,493.18,非都市：鄉村區 ; 非都市編定：乙種建築用地,1,1,全筆移轉,03500000
RPQNMLTKIINFFAV27DA,光明段,134.00,都市：其他:河川用地,1,1,全筆移轉,02870007
RPVNMLMJJINFFAV96CA,建國段,7.96,都市：住,10,1,持分移轉,05750002
RPPNMLMKIINFFAV98CA,台東段,9.67,都市：住,3,1,持分移轉,00030243
RPTNMLMJJINFFAV76CA,建國段,39.80,都市：住,2,1,持分移轉,05750002
RPTNMLMKIINFFAV76CA,公?西段,522.21,都市：住,1,1,全筆移轉,03580000
RPTNMLMKIINFFAV76CA,公?西段,181.60,都市：住,1,1,全筆移轉,03790000
RPRNMLMKIINFFAV56CA,岩灣段,146.57,都市：住,1,1,全筆移轉,00120001
RPTNMLRKIINFFAV27CA,豐里段,106.18,非都市：鄉村區 ; 非都市編定：乙種建築用地,1,1,全筆移轉,05560000
RPWNMLMKIINFFAV07CA,豐富段,2492.74,都市：農,1,1,全筆移轉,01720000
RPWNMLMKIINFFAV07CA,豐富段,2237.73,都市：農,1,1,全筆移轉,01730000
RPWNMLMKIINFFAV07CA,豐富段,1476.10,都市：農,1,1,全筆移轉,01740000
RPWNMLMKIINFFAV07CA,豐富段,2939.07,都市：農,1,1,全筆移轉,01900000
RPVNMLMKIINFFAV96CA,東海段,83.41,都市：住,1,1,全筆移轉,09910003
RPRNMLLJJINFFAV09CA,建成段,172.60,都市：住,1,1,全筆移轉,01750000
RPPNMLLJJINFFAV88CA,德安段,102.60,都市：住,1,1,全筆移轉,02950010
RPUNMLLMIINFFAV96CA,豐川段,65.47,都市：住,1,1,全筆移轉,02230001
RPQNMLPKIINFFAV76CA,豐榮段,103.00,都市：住,1,1,全筆移轉,06790000
RPPNMLPKIINFFAV66CA,台東段,53.92,都市：住,100000,835,持分移轉,25640000
RPXNMLPKIINFFAV47CA,豐年段,90.28,都市：住,1,1,全筆移轉,05340000
RPSNMLQKIINFFAV07CA,馬蘭段,2.53,都市：住,10000,72,持分移轉,15680000
RPSNMLQKIINFFAV07CA,馬蘭段,2.97,都市：住,10000,72,持分移轉,15700000
RPQNMLQKIINFFAV86CA,台東段,13.40,都市：住,5,1,持分移轉,06550008
RPWNMLPKIINFFAV37CA,自強段,387.00,都市：農,1,1,全筆移轉,08450002
RPUNMLMJJINFFAV86CA,建國段,7.96,都市：住,10,1,持分移轉,05750002
RPQNMLPKIINFFCV07DA,四維段,4161.23,非都市：一般農業區 ; 非都市編定：農牧用地,1,1,全筆移轉,05690000
RPQNMLPKIINFFCV07DA,四維段,1773.13,非都市：一般農業區 ; 非都市編定：農牧用地,1,1,全筆移轉,05720000
RPPNMLRKIINFFBV07DA,坪頂段,52.35,非都市：風景區 ; 非都市編定：農牧用地,1,1,全筆移轉,05580002
RPWNMLMJJINFFAV07CA,建國段,7.96,都市：住,10,1,持分移轉,05750002
RPRNMLQKIINFFAV07DA,台東段,3.67,都市：商,100000,636,持分移轉,18220000
RPPNMLSKIINFFAV07DA,東谷段,77.78,都市：住,1,1,全筆移轉,03680000
RPQNMLQJJINFFCV07CA,慶福段,165.72,都市：住,1,1,全筆移轉,04530004
RPPNMLSKIINFFBV07CA,新竹湖段,89.86,非都市：風景區 ; 非都市編定：交通用地,1,1,全筆移轉,11540000
RPTNMLQKIINFFAV17CA,豐里段,304.80,非都市：鄉村區 ; 非都市編定：乙種建築用地,1,1,全筆移轉,08390000
RPPNMLSKIINFFBV07CA,新竹湖段,3036.00,非都市：風景區 ; 非都市編定：農牧用地,1,1,全筆移轉,11550000
RPVNMLQKIINFFAV37CA,台東段,4.23,都市：住,100000,733,持分移轉,18220000
RPOOMLPKIINFFAV66CA,知本段,4717.00,非都市：特定農業區 ; 非都市編定：農牧用地,1,1,全筆移轉,85190000
RPPNMLQKIINFFAV76CA,建興段,54.00,都市：住,1,1,全筆移轉,04590000
RPSNMLRKIINFFAV17CA,岩灣段,176.10,都市：住,1,1,全筆移轉,01430008
RPROMLLJJINFFAV56CA,豐康段,114.89,非都市：特定農業區 ; 非都市編定：農牧用地,1,1,全筆移轉,03110000
RPQNMLRJJINFFBV07CA,加走灣段,728.15,非都市：風景區 ; 非都市編定：農牧用地,1,1,全筆移轉,00440000
RPVNMLOLIINFFAV37DA,常德段,117.90,都市：住,1,1,全筆移轉,08610016
RPVNMLOLIINFFAV37DA,常德段,101.70,都市：住,1,1,全筆移轉,08610017
RPUNMLNLIINFFAV07CA,利家段,111.00,非都市：特定農業區 ; 非都市編定：甲種建築用地,1,1,全筆移轉,77390001
RPPNMLKMIINFFCV66DA,南山段,784.01,都市：住,1,1,全筆移轉,07040000
RPPNMLKMIINFFCV66DA,南山段,3.99,都市：其他:道路用地,1,1,全筆移轉,07040002
RPTNMLNLIINFFAV96CA,利家段,106.00,非都市：特定農業區 ; 非都市編定：甲種建築用地,1,1,全筆移轉,77390018
RPQNMLSKIINFFAV07CA,台東段,17.50,都市：住,10000,761,持分移轉,06380001
RPQNMLSKIINFFBV17CA,大俱來段,1301.68,非都市：風景區 ; 非都市編定：農牧用地,1,1,全筆移轉,00470001
RPSNMLNLIINFFAV86CA,台東段,200.00,都市：商,1,1,全筆移轉,03040003
RPSNMLSKIINFFAV27CA,台東段,62.00,都市：住,1,1,全筆移轉,04510069
RPQOMLLJJINFFAV09CA,明峰段,532.86,非都市：山坡地保育區 ; 非都市編定：農牧用地,1,1,全筆移轉,03190000
RPQOMLLJJINFFAV09CA,明峰段,1432.48,非都市：山坡地保育區 ; 非都市編定：農牧用地,1,1,全筆移轉,03200000
RPQOMLLJJINFFAV09CA,明峰段,1562.72,非都市：山坡地保育區 ; 非都市編定：農牧用地,1,1,全筆移轉,03220000
RPQOMLLJJINFFAV09CA,明峰段,2518.05,非都市：山坡地保育區 ; 非都市編定：農牧用地,1,1,全筆移轉,03180000
RPVNMLTKIINFFAV67CA,馬蘭段,20.98,都市：住,10000,174,持分移轉,16590000
RPPNMLTKIINFFAV07CA,常德段,30.23,都市：商,10000,236,持分移轉,06970000
RPSNMLTKIINFFAV37CA,馬蘭段,106.00,都市：住,1,1,全筆移轉,17690002
RPTNMLTKIINFFAV47CA,馬蘭段,14.00,都市：住,1,1,全筆移轉,14710002
RPTNMLTKIINFFAV47CA,馬蘭段,113.00,都市：住,1,1,全筆移轉,14720000
RPXNMLOLIINFFAV57DA,利家段,2972.00,非都市：特定農業區 ; 非都市編定：農牧用地,1,1,全筆移轉,55660000
RPWNMLTKIINFFCV08DA,萬朝段,168.52,非都市：鄉村區 ; 非都市編定：乙種建築用地,3,1,持分移轉,09820000
RPVNMLTKIINFFCV97DA,萬朝段,188.26,非都市：鄉村區 ; 非都市編定：乙種建築用地,1,1,全筆移轉,09880000
RPWNMLTKIINFFAV77CA,建國段,480.19,都市：住,1,1,全筆移轉,05050000
RPPNMLKKJINFFAV98DA,台東段,53.30,都市：農,10,1,持分移轉,07450004
RPQNMLMLIINFFBV66CA,高原段,75.00,非都市：鄉村區 ; 非都市編定：乙種建築用地,1,1,全筆移轉,06280010
RPQNMLMLIINFFBV66CA,高原段,27.00,非都市：鄉村區 ; 非都市編定：乙種建築用地,1,1,全筆移轉,06280024
RPPNMLPLIINFFDV07CA,秀山段,8.08,都市：商,10000,7,持分移轉,07230000
RPPNMLPLIINFFDV07CA,秀山段,.00,都市：商,10000,7,持分移轉,07230001
RPQNMLOLIINFFCV96CA,坪頂段,2500.33,非都市：一般農業區 ; 非都市編定：農牧用地,1,1,全筆移轉,02760000
RPQNMLOLIINFFCV96CA,坪頂段,2500.39,非都市：一般農業區 ; 非都市編定：農牧用地,1,1,全筆移轉,02770000
RPPNMLMLIINFFAV09CA,自強段,133.14,都市：住,1,1,全筆移轉,10290000
RPQOMLOLIINFFAV86CA,東谷段,932.82,非都市：特定農業區 ; 非都市編定：農牧用地,1,1,全筆移轉,05620000
RPPNMLNLIINFFAV56CA,台東段,1848.00,都市：農,1,1,全筆移轉,07460002
RPTNMLTJJINFFAV47CA,東農段,25.45,都市：其他:道路用地,1,1,全筆移轉,04950001
RPTNMLRJJINFFAV27CA,上南寮段,123.05,都市：住,1,1,全筆移轉,12110000
RPTNMLRJJINFFAV27CA,上南寮段,6.59,都市：其他:道路用地,1,1,全筆移轉,12120000
RPWNMLOLIINFFAV37CA,石川段,4798.07,非都市：風景區 ; 非都市編定：農牧用地,1,1,全筆移轉,04690000
RPQNMLPLIINFFAV86CA,豐年段,7.00,都市：住,10000,14,持分移轉,00270000
RPRNMLOLIINFFAV86CA,梧州段,92.60,都市：住,13,1,持分移轉,05230000
RPQNMLMLIINFFAV56CA,南王段,2.82,都市：住,1,1,全筆移轉,01290000
RPQNMLMLIINFFAV56CA,南王段,56.24,都市：住,1,1,全筆移轉,01300000
RPPNMLTJJINFFCV27CA,瑞里段,987.54,非都市：一般農業區 ; 非都市編定：農牧用地,1,1,全筆移轉,00490000
RPRNMLMLIINFFAV66CA,豐川段,792.21,非都市：特定農業區 ; 非都市編定：農牧用地,1,1,全筆移轉,11950000
RPRNMLNLIINFFAV76CA,豐年段,13.50,都市：住,10000,27,持分移轉,00270000
RPQNMLQLIINFFCV17CA,里?段,536.26,非都市：一般農業區 ; 非都市編定：甲種建築用地,1,1,全筆移轉,11930000
RPPNMLPLIINFFCV96CA,大原段,3324.00,非都市：特定農業區 ; 非都市編定：農牧用地,2,1,持分移轉,46890012
RPPNMLPLIINFFCV96CA,大原段,3324.00,非都市：特定農業區 ; 非都市編定：農牧用地,2,1,持分移轉,46890012
RPQNMLPLIINFFCV07CA,新福段,64.79,非都市： ; 非都市編定：,1,1,全筆移轉,06590001
RPRNMLKMIINFFAV56CA,建樂段,7.87,都市：住,10000,32,持分移轉,04840000
RPPNMLQLIINFFCV07CA,南山段,129.22,都市：住,1,1,全筆移轉,01680006
RPRNMLKMIINFFAV56CA,建樂段,.02,都市：住,10000,32,持分移轉,04840001
RPPNMLQLIINFFCV07CA,南山段,.14,都市：住,1,1,全筆移轉,01700005
RPPNMLOLIINFFBV76CA,忠智段,55.17,都市：住,1,1,全筆移轉,00960000
RPPNMLOLIINFFDV96CA,正興段,395.38,都市：工,4,2,持分移轉,04520000
RPVNMLLJJINFFAV86CA,德安段,102.60,都市：住,1,1,全筆移轉,02950008
RPSNMLQLIINFFAV17CA,東農段,47.53,非都市：特定農業區 ; 非都市編定：甲種建築用地,1,1,全筆移轉,02110001
RPSNMLQLIINFFAV17CA,東農段,950.27,非都市：特定農業區 ; 非都市編定：農牧用地,1,1,全筆移轉,02110000
RPTNMLTLIINFFAV57CA,東谷段,102.12,都市：住,2,1,持分移轉,02080000
RPTNMLTLIINFFAV57CA,東谷段,102.12,都市：住,2,1,持分移轉,02080000
RPSNMLPLIINFFAV07CA,永清段,.74,都市：住,1,1,全筆移轉,08890051
RPRNMLPLIINFFAV96CA,永清段,.68,都市：住,1,1,全筆移轉,08890049
RPWNMLLJJINFFAV96CA,德安段,102.60,都市：住,1,1,全筆移轉,02950012
RPQNMLNLIINFFAV66CA,岩灣段,137.94,都市：住,1,1,全筆移轉,01000001
RPXNMLLJJINFFAV07CA,台東段,107.00,都市：住,1,1,全筆移轉,17630001
RPTNMLPLIINFFAV17CA,常德段,175.98,都市：住,1,1,全筆移轉,10860000
RPOOMLOLIINFFAV66CA,梧州段,103.92,都市：住,1,1,全筆移轉,01760000
RPTNMLLJJINFFAV66CA,德安段,102.60,都市：住,1,1,全筆移轉,02950011
RPUNMLTLIINFFAV67CA,新中寮段,246.53,都市：住,1,1,全筆移轉,06930000
RPUNMLTLIINFFAV67CA,新中寮段,37.38,都市：住,1,1,全筆移轉,06940000
RPQNMLKMIINFFAV09CA,東農段,64.90,都市：其他:道路用地,1,1,全筆移轉,04950000
RPXNMLQJJINFFAV57CA,煙草間段,199.03,非都市：特定農業區 ; 非都市編定：甲種建築用地,1,1,全筆移轉,02090000
RPPNMLSJJINFFAV96CA,東興段,30.40,非都市：鄉村區 ; 非都市編定：乙種建築用地,3,1,持分移轉,08320001
RPRNMLQLIINFFAV17DA,煙草間段,84.95,非都市：特定農業區 ; 非都市編定：甲種建築用地,1,1,全筆移轉,02020000
RPRNMLQLIINFFAV17DA,煙草間段,5.17,非都市：特定農業區 ; 非都市編定：甲種建築用地,22,1,持分移轉,02080000
RPRNMLQLIINFFAV17DA,煙草間段,2.78,非都市：特定農業區 ; 非都市編定：甲種建築用地,22,1,持分移轉,02100000
RPRNMLQLIINFFAV17DA,煙草間段,21.30,非都市：特定農業區 ; 非都市編定：甲種建築用地,22,1,持分移轉,02110000
RPSNMLKMIINFFAV66CA,富岡段,131.68,非都市：鄉村區 ; 非都市編定：乙種建築用地,1,1,全筆移轉,10730000
RPWNMLTLIINFFAV87CA,德安段,132.33,都市：住,1,1,全筆移轉,02100001
RPXNMLTLIINFFAV97CA,德安段,21.21,都市：住,1,1,全筆移轉,01640006
RPPNMLRLIINFFDV27CA,秀山段,.00,都市：商,10000,7,持分移轉,07230001
RPPNMLRLIINFFDV27CA,秀山段,8.08,都市：商,10000,7,持分移轉,07230000
RPOOMLTLIINFFAV17CA,東興段,1928.36,非都市：山坡地保育區 ; 非都市編定：農牧用地,3,1,持分移轉,01980000
RPTNMLQLIINFFAV27CA,中山段,177.00,都市：住,1,1,全筆移轉,06840000
RPTNMLQJJINFFAV17CA,建成段,172.61,都市：住,1,1,全筆移轉,01750001
RPSNMLQJJINFFAV07CA,中山段,134.00,都市：住,1,1,全筆移轉,05060000
RPUNMLQJJINFFAV27CA,新生段,166.00,都市：住,1,1,全筆移轉,00250001
RPQNMLRLIINFFDV37CA,泰王段,106.83,都市：住,1,1,全筆移轉,09460002
RPQNMLRLIINFFDV37CA,泰王段,45.21,都市：住,1,1,全筆移轉,09460008
RPVNMLQJJINFFAV37CA,興安段,138.10,都市：住,1,1,全筆移轉,03860009
RPQNMLTLIINFFAV27CA,建成段,89.67,都市：住,1,1,全筆移轉,03290004
RPTNMLKMIINFFAV76CA,興航段,150.93,都市：住,1,1,全筆移轉,00520000
RPUNMLLJJINFFAV76CA,德安段,104.40,都市：住,1,1,全筆移轉,02950014
RPPNMLOKJINFFAV76DA,馬蘭段,21.35,都市：住,10000,177,持分移轉,16590000
RPRNMLTLIINFFAV37CA,台東段,120.00,都市：住,1,1,全筆移轉,05470024
RPRNMLTLIINFFAV37CA,台東段,28.00,都市：住,1,1,全筆移轉,05470057
RPRNMLTLIINFFAV37CA,台東段,7.00,都市：住,1,1,全筆移轉,05470059
RPQNMLSJJINFFAV07CA,東興段,23.53,非都市：鄉村區 ; 非都市編定：乙種建築用地,27,8,持分移轉,08320000
RPQNMLSJJINFFAV07CA,東興段,23.53,非都市：鄉村區 ; 非都市編定：乙種建築用地,27,8,持分移轉,08320000
RPQNMLSJJINFFAV07CA,東興段,23.53,非都市：鄉村區 ; 非都市編定：乙種建築用地,27,8,持分移轉,08320000
RPPNMLKMIINFFAV09DA,豐榮段,68.00,都市：住,1,1,全筆移轉,08490000
RPXNMLMJJINFFAV17CA,龍過脈段,140.80,非都市：特定農業區 ; 非都市編定：甲種建築用地,1,1,全筆移轉,07770000
RPRNMLRJJINFFBV17CA,長光段,643.32,非都市：風景區 ; 非都市編定：農牧用地,1,1,全筆移轉,02020000
RPPNMLSKJINFFAV07CA,馬蘭段,2.53,都市：住,10000,72,持分移轉,15680000
RPPNMLSKJINFFAV07CA,馬蘭段,2.97,都市：住,10000,72,持分移轉,15700000
RPQNMLKMIINFFCV66CA,瑞和段,1292.23,非都市：一般農業區 ; 非都市編定：農牧用地,1,1,全筆移轉,02810000
RPQNMLKMIINFFCV66CA,瑞和段,3490.91,非都市：一般農業區 ; 非都市編定：農牧用地,1,1,全筆移轉,02830000
RPQNMLKMIINFFCV66CA,瑞和段,449.93,非都市：一般農業區 ; 非都市編定：農牧用地,1,1,全筆移轉,02840000
RPQNMLKMIINFFCV66CA,瑞和段,120.39,非都市：一般農業區 ; 非都市編定：水利用地,1,1,全筆移轉,02850000
RPPNMLLMIINFFCV76DA,鹿寮段,1548.45,非都市：鄉村區 ; 非都市編定：乙種建築用地,1,1,全筆移轉,08690000
RPPNMLLMIINFFCV76DA,鹿寮段,185.67,非都市：鄉村區 ; 非都市編定：交通用地,1,1,全筆移轉,08870000
RPPOMLTLIINFFAV27CA,自強段,1088.06,都市：住,1,1,全筆移轉,09400000
RPSNMLTLIINFFAV47CA,台東段,36.37,都市：住,10000,285,持分移轉,18050000
RPQNMLLMIINFFCV86DA,錦富段,4243.14,非都市：特定農業區 ; 非都市編定：農牧用地,1,1,全筆移轉,00690000
RPPNMLLJJINFFCV56DA,鹿野段,620.00,非都市：特定農業區 ; 非都市編定：農牧用地,2,1,持分移轉,20520000
RPPNMLLJJINFFCV56DA,鹿野段,802.50,非都市：特定農業區 ; 非都市編定：農牧用地,2,1,持分移轉,21150000
RPPNMLLJJINFFCV56DA,隆昌段,1850.52,非都市：山坡地保育區 ; 非都市編定：農牧用地,2,1,持分移轉,04000000
RPPNMLKMIINFFDV76DA,泰王段,206.41,都市：住,1,1,全筆移轉,09790000
RPRNMLLMIINFFCV86CA,福文段,102.44,都市：住,1,1,全筆移轉,08100000
RPSNMLLMIINFFAV76CA,建成段,116.06,都市：住,1,1,全筆移轉,00630003
RPQNMLLJJINFFCV56CA,中福段,66.93,都市：商,1,1,全筆移轉,03680000
RPVNMLKMIINFFAV96CA,常德段,129.59,都市：商,1,1,全筆移轉,05730000
RPTNMLLMIINFFAV86CA,豐康段,23.52,都市：住,10000,160,持分移轉,08260000
RPTNMLLMIINFFAV86CA,豐康段,8.93,都市：住,10000,160,持分移轉,08260001
RPWNMLKMIINFFAV07CA,岩灣段,138.19,都市：住,1,1,全筆移轉,04180001
RPRNMLLMIINFFAV66CA,永清段,2632.29,都市：農,1,1,全筆移轉,00460000
RPXNMLKMIINFFAV17CA,自強段,110.34,都市：住,1,1,全筆移轉,10420000
RPPNMLPJJINFFDV96CA,北橋段,123.87,都市：住,1,1,全筆移轉,03840003
RPVNMLNLJINFFAV27CA,上岩灣段,8.52,都市：住,2,1,持分移轉,07840002
RPVNMLNLJINFFAV27CA,上岩灣段,445.34,都市：其他:道,2,1,持分移轉,07840000
RPVNMLNLJINFFAV27CA,上岩灣段,53.18,都市：住,2,1,持分移轉,07840001
RPVNMLNLJINFFAV27CA,永和段,985.55,都市：其他:市場,2,1,持分移轉,03950000
RPVNMLNLJINFFAV27CA,永和段,878.66,都市：其他:道,2,1,持分移轉,03960000
RPVNMLNLJINFFAV27CA,永和段,809.47,都市：其他:學校,2,1,持分移轉,03980000
RPVNMLNLJINFFAV27CA,永和段,653.86,都市：住,2,1,持分移轉,03990000
RPVNMLNLJINFFAV27CA,上岩灣段,21.03,都市：其他:道,2,1,持分移轉,07790001
RPVNMLNLJINFFAV27CA,上岩灣段,375.67,都市：住,2,1,持分移轉,07850000
RPVNMLNLJINFFAV27CA,上岩灣段,786.05,都市：住,2,1,持分移轉,07860000
RPVNMLNLJINFFAV27CA,上岩灣段,50.39,都市：其他:道,2,1,持分移轉,07860001
RPPNMLTLJINFFBV37CA,真柄段,216.67,非都市：風景區 ; 非都市編定：林業用地,6,1,持分移轉,08300016
RPSNMLPJJINFFAV96CA,下南寮段,16.00,都市：其他:港埠用地,2,1,持分移轉,07230000
RPSNMLPJJINFFAV96CA,下南寮段,16.00,都市：其他:港埠用地,2,1,持分移轉,07230000
RPSNMLPJJINFFAV96CA,下南寮段,72.12,都市：其他:港埠用地,2,1,持分移轉,07240000
RPSNMLPJJINFFAV96CA,下南寮段,72.12,都市：其他:港埠用地,2,1,持分移轉,07240000
RPSNMLPJJINFFAV96CA,下南寮段,14.26,都市：其他:港埠用地,2,1,持分移轉,07260000
RPSNMLPJJINFFAV96CA,下南寮段,14.26,都市：其他:港埠用地,2,1,持分移轉,07260000
RPQNMLPJJINFFDV07CA,秀山段,8.08,都市：住,10000,7,持分移轉,07230000
RPQNMLPJJINFFDV07CA,秀山段,.00,都市：住,10000,7,持分移轉,07230001
RPWNMLNLJINFFAV37CA,德安段,102.60,都市：住,1,1,全筆移轉,02950013
RPQNMLSKJINFFAV17CA,東海段,22.69,都市：住,10000,38,持分移轉,01300000
RPQNMLSKJINFFAV17CA,東海段,1.46,都市：住,10000,38,持分移轉,01300002
RPPNMLMJJINFFAV98CA,馬蘭段,41.96,都市：住,10000,222,持分移轉,14460000
RPQNMLLMIINFFAV56CA,富岡段,8.76,非都市：鄉村區 ; 非都市編定：乙種建築用地,1,1,全筆移轉,10400002
RPSNMLMJJINFFAV66CA,中山段,70.00,都市：住,1,1,全筆移轉,09940000
RPOOMLLJJINFFAV88CA,豐康段,152.06,都市：住,1,1,全筆移轉,08440003
RPXNMLOKJINFFAV57DA,豐工段,4434.70,都市：工,1,1,全筆移轉,01020000
RPXNMLOKJINFFAV57DA,豐工段,8520.72,都市：工,1,1,全筆移轉,01020001
RPRNMLMJJINFFAV56CA,建興段,3.15,都市：住,10000,50,持分移轉,04120000
RPRNMLMJJINFFAV56CA,建興段,7.41,都市：住,10000,50,持分移轉,04120002
RPPOMLLJJINFFAV98CA,豐航段,90.11,都市：住,1,1,全筆移轉,08080000
RPQNMLTJJINFFBV27CA,高原段,3429.00,非都市：森林區 ; 非都市編定：農牧用地,1,1,全筆移轉,04070000
RPPNMLOKJINFFBV86DA,玉港段,52.02,非都市：鄉村區 ; 非都市編定：乙種建築用地,3,1,持分移轉,07200000
RPUNMLPJJINFFAV17CA,下南寮段,1175.63,都市：其他:保護區,1,1,全筆移轉,10490000
RPUNMLPJJINFFAV17CA,下南寮段,288.24,都市：其他:保護區,1,1,全筆移轉,10500000
RPPOMLNLJINFFAV76CA,台東段,552.00,都市：住,1,1,全筆移轉,01600840
RPPOMLNLJINFFAV76CA,台東段,443.00,都市：住,1,1,全筆移轉,01600841
RPPNMLPJJINFFAV66CA,北南王段,115.29,都市：住,1,1,全筆移轉,00470000
RPPNMLPJJINFFBV76CA,小湊段美山小段,1310.00,非都市：風景區 ; 非都市編定：農牧用地,2,1,持分移轉,08680000
RPPNMLPJJINFFBV76CA,小湊段美山小段,1360.00,非都市：風景區 ; 非都市編定：農牧用地,2,1,持分移轉,08430000
RPPNMLPJJINFFBV76CA,小湊段美山小段,1470.00,非都市：風景區 ; 非都市編定：農牧用地,2,1,持分移轉,08480000
RPPNMLPJJINFFBV76CA,小湊段美山小段,1810.00,非都市：風景區 ; 非都市編定：農牧用地,2,1,持分移轉,08490000
RPPNMLPJJINFFBV76CA,小湊段美山小段,1010.00,非都市：風景區 ; 非都市編定：農牧用地,2,1,持分移轉,08600000
RPPNMLPJJINFFBV76CA,小湊段美山小段,5145.00,非都市：風景區 ; 非都市編定：農牧用地,2,1,持分移轉,08620000
RPPNMLPJJINFFBV76CA,小湊段美山小段,802.50,非都市：風景區 ; 非都市編定：農牧用地,2,1,持分移轉,02840000
RPPNMLPJJINFFBV76CA,小湊段美山小段,1968.50,非都市：風景區 ; 非都市編定：農牧用地,2,1,持分移轉,02850000
RPPNMLPJJINFFBV76CA,小湊段美山小段,335.00,非都市：風景區 ; 非都市編定：農牧用地,2,1,持分移轉,02850001
RPPNMLPJJINFFBV76CA,小湊段美山小段,67.00,非都市：風景區 ; 非都市編定：農牧用地,2,1,持分移轉,08330000
RPPNMLPJJINFFBV76CA,小湊段美山小段,1355.00,非都市：風景區 ; 非都市編定：農牧用地,2,1,持分移轉,08340000
RPPNMLPJJINFFBV76CA,新美山段,774.88,非都市：風景區 ; 非都市編定：農牧用地,2,1,持分移轉,08070000
RPPNMLPJJINFFBV76CA,新美山段,2616.17,非都市：風景區 ; 非都市編定：農牧用地,2,1,持分移轉,08140000
RPPNMLPJJINFFBV76CA,新美山段,2090.77,非都市：風景區 ; 非都市編定：農牧用地,2,1,持分移轉,08180000
RPPNMLPJJINFFBV76CA,新美山段,535.44,非都市：風景區 ; 非都市編定：農牧用地,2,1,持分移轉,08270000
RPVNMLPJJINFFAV27CA,豐利段,77.83,都市：住,1,1,全筆移轉,03960000
RPVNMLPJJINFFAV27CA,豐利段,13.98,都市：其他:道,1,1,全筆移轉,03960001
RPRNMLPJJINFFAV86CA,興安段,197.01,都市：住,1,1,全筆移轉,02130001
RPQNMLPJJINFFAV76CA,豐康段,1137.99,都市：住,1,1,全筆移轉,00580000
RPOOMLNLJINFFAV66CA,中山段,66.00,都市：住,1,1,全筆移轉,08610000
RPPNMLQJJINFFAV76CA,中山段,85.00,都市：住,1,1,全筆移轉,10800000
RPRNMLQKJINFFAV17DA,新生段,7.57,都市：住,100000,305,持分移轉,00440000
RPSNMLPKJINFFAV07CA,光明段,945.00,都市：農,1,1,全筆移轉,07750000
RPQNMLTJJINFFAV17CA,南清段,104.83,都市：住,1,1,全筆移轉,07460004
RPRNMLMKJINFFAV66CA,興安段,76.39,都市：住,1,1,全筆移轉,03510000
RPRNMLMKJINFFAV66CA,興安段,16.20,都市：住,1,1,全筆移轉,03510001
RPRNMLMKJINFFAV66CA,興安段,106.70,都市：住,1,1,全筆移轉,03520000
RPPNMLQJJINFFCV96CA,中福段,134.45,都市：住,1,1,全筆移轉,05620000
RPPNMLQJJINFFCV96CA,中福段,1.51,都市：其他:道路用地,1,1,全筆移轉,05660000
RPPNMLRLJINFFCV27CA,福原段,1655.26,都市：農,1,1,全筆移轉,09160000
RPPNMLPJJINFFCV86CA,福文段,116.76,都市：住,1,1,全筆移轉,08790000
RPPNMLRLJINFFCV27CA,福原段,242.44,都市：農,1,1,全筆移轉,09170000
RPPNMLRLJINFFCV27CA,福原段,581.50,都市：農,1,1,全筆移轉,09180000
RPPNMLRLJINFFCV27CA,福原段,225.36,都市：農,1,1,全筆移轉,09200000
RPPNMLRLJINFFCV27CA,福原段,36.68,都市：農,1,1,全筆移轉,09650000
RPPNMLRLJINFFCV27CA,福原段,853.38,都市：農,1,1,全筆移轉,09660000
RPPNMLRLJINFFCV27CA,福原段,3.23,都市：農,1,1,全筆移轉,09680000
RPPNMLRLJINFFCV27CA,福原段,54.81,都市：農,1,1,全筆移轉,09690000
RPPNMLRJJINFFAV96DA,利家段,179.00,非都市：山坡地保育區 ; 非都市編定：丙種建築用地,1,1,全筆移轉,02930019
RPQNMLRLJINFFCV37CA,福原段,279.30,都市：住,1,1,全筆移轉,09370000
RPQNMLRLJINFFCV37CA,福原段,654.62,都市：住,1,1,全筆移轉,09640000
RPQNMLRLJINFFCV37CA,福原段,26.53,都市：住,1,1,全筆移轉,09670000
RPQNMLRJJINFFAV96CA,永清段,.56,都市：住,1,1,全筆移轉,08890047
RPRNMLRJJINFFAV07CA,豐年段,6.00,都市：住,10000,12,持分移轉,00270000
RPRNMLTJJINFFAV27CA,豐里段,1144.70,非都市：特定農業區 ; 非都市編定：農牧用地,1,1,全筆移轉,00480001
RPRNMLTJJINFFAV27CA,豐里段,151.63,非都市：特定農業區 ; 非都市編定：甲種建築用地,1,1,全筆移轉,00480002
RPSNMLRJJINFFAV17CA,利泰段,116.62,非都市：一般農業區 ; 非都市編定：甲種建築用地,1,1,全筆移轉,00650002
RPRNMLQJJINFFAV96CA,南王段,48.97,都市：住,1,1,全筆移轉,07680000
RPRNMLQJJINFFAV96CA,南王段,70.31,都市：住,1,1,全筆移轉,07690000
RPRNMLQJJINFFAV96CA,南王段,4.16,都市：其他:道路用地,1,1,全筆移轉,07690001
RPRNMLQJJINFFAV96CA,南王段,9.41,都市：其他:道路用地,1,1,全筆移轉,07700000
RPPNMLRJJINFFDV17CA,金?段,2007.57,非都市：森林區 ; 非都市編定：林業用地,7,1,持分移轉,00100003
RPQOMLNLJINFFAV86CA,台東段,104.00,都市：住,7,4,持分移轉,03270048
RPSNMLMLJINFFAV86CA,台東段,16.00,都市：住,1,1,全筆移轉,01000010
RPSNMLMLJINFFAV86CA,台東段,26.00,都市：住,1,1,全筆移轉,01000020
RPRNMLMLJINFFAV76CA,興安段,104.49,都市：住,1,1,全筆移轉,00280006
RPQNMLQKJINFFBV07CA,新都威段,241.20,非都市：鄉村區 ; 非都市編定：乙種建築用地,1,1,全筆移轉,06070000
RPQNMLTJJINFFCV37CA,新福段,1911.38,非都市：特定農業區 ; 非都市編定：農牧用地,1,1,全筆移轉,06590000
RPPNMLPKJINFFDV07CA,秀山段,11.54,都市：商,10000,10,持分移轉,07230000
RPPNMLPKJINFFDV07CA,秀山段,.00,都市：商,10000,10,持分移轉,07230001
RPTNMLNKJINFFAV07DA,利家段,5888.00,非都市：特定農業區 ; 非都市編定：農牧用地,1,1,全筆移轉,49870000
RPPNMLRJJINFFBV07DA,坪頂段,383.06,非都市：風景區 ; 非都市編定：農牧用地,1,1,全筆移轉,05580001
RPQNMLLLJINFFDV86CA,秀山段,8.08,都市：住,10000,7,持分移轉,07230000
RPQNMLLLJINFFDV86CA,秀山段,.00,都市：住,10000,7,持分移轉,07230001
RPPNMLTJJINFFAV07CA,利家段,348.00,非都市：特定農業區 ; 非都市編定：甲種建築用地,1,1,全筆移轉,54800026
RPWNMLTJJINFFAV77CA,上岩灣段,86.94,都市：住,100000,1013,持分移轉,01980000
RPPNMLKLJINFFAV98CA,大業段,108.25,都市：住,1,1,全筆移轉,00530003
RPUNMLRJJINFFAV37CA,下賓朗段,247.08,非都市：鄉村區 ; 非都市編定：乙種建築用地,1,1,全筆移轉,07030000
RPUNMLSJJINFFAV47CA,上岩灣段,65.14,都市：住,100000,1540,持分移轉,01990000
RPUNMLTJJINFFAV57CA,台東段,8.88,都市：住,8,1,持分移轉,00010278
RPXNMLTJJINFFAV87CA,永清段,.03,都市：住,1,1,全筆移轉,08890055
RPQNMLMKJINFFAV56CA,利家段,1544.00,非都市：特定農業區 ; 非都市編定：農牧用地,1,1,全筆移轉,51860000
RPTNMLRLJINFFCV67CA,福原段,430.11,都市：住,62847,43011,持分移轉,09390000
RPPNMLTLJINFFCV47CA,高台段,359.40,非都市：山坡地保育區 ; 非都市編定：農牧用地,1,1,全筆移轉,01280000
RPSNMLRLJINFFCV57CA,福原段,9.86,都市：住,1,1,全筆移轉,09380000
RPPNMLQKJINFFAV86CA,上岩灣段,4.43,都市：其他:道路用地,1,1,全筆移轉,04910001
RPPNMLQKJINFFAV86CA,上岩灣段,14.10,都市：住,1,1,全筆移轉,04910000
RPPNMLQKJINFFAV86CA,上岩灣段,255.34,都市：住,1,1,全筆移轉,04920000
RPPNMLTKJINFFAV17CA,豐康段,158.03,都市：住,1,1,全筆移轉,08440004
RPUNMLTKJINFFAV67CA,北南王段,3958.08,都市：農,1,1,全筆移轉,05020000
RPUNMLTKJINFFAV67CA,北南王段,1956.54,都市：農,1,1,全筆移轉,05030000
RPQNMLQLJINFFBV17CA,忠勇段,86.25,都市：住,1,1,全筆移轉,12190000
RPPNMLRJKINFFAV96CA,豐成段,3180.03,非都市：特定農業區 ; 非都市編定：農牧用地,1,1,全筆移轉,05990001
RPPNMLTJJINFFBV17CA,忠勇段,318.41,都市：住,1,1,全筆移轉,07600000
RPPNMLMKJINFFBV56CA,加走灣段,162.50,非都市：風景區 ; 非都市編定：農牧用地,1,1,全筆移轉,04310002
RPROMLNLJINFFAV96CA,台東段,4.00,都市：住,7,4,持分移轉,03260008
RPQNMLMKJINFFBV66CA,成功段,93.28,都市：其他:公共設施保留地(道路用地),1,1,全筆移轉,01280001
RPQNMLMKJINFFBV66CA,成功段,118.96,都市：住,1,1,全筆移轉,01290001
RPROMLNLJINFFAV96CA,台東段,46.86,都市：住,7,4,持分移轉,03270137
RPPNMLNLJINFFAV66CA,台東段,1.00,都市：住,1,1,全筆移轉,00060149
RPPNMLNLJINFFAV66CA,台東段,90.00,都市：住,1,1,全筆移轉,00060174
RPPNMLNLJINFFAV66CA,台東段,20.00,都市：住,1,1,全筆移轉,00060207
RPTNMLKLJINFFAV76CA,利家段,508.00,非都市：鄉村區 ; 非都市編定：乙種建築用地,1,1,全筆移轉,74930000
RPPNMLOKJINFFDV96CA,秀山段,7.72,都市：住,10000,24,持分移轉,07280000
RPUNMLOKJINFFAV27DA,台東段,70.00,都市：商,1,1,全筆移轉,04930000
RPPNMLMKJINFFAV56DA,豐谷段,109.83,都市：住,1,1,全筆移轉,08870000
RPPNMLLLJINFFAV09CA,台東段,133.00,都市：商,1,1,全筆移轉,05410016
RPSNMLKMJINFFAV76CA,興安段,104.49,都市：住,1,1,全筆移轉,00280005
RPTNMLMKJINFFAV86CA,建成段,121.20,都市：商,1,1,全筆移轉,01900000
RPTNMLMKJINFFAV86CA,建成段,121.92,都市：商,1,1,全筆移轉,01900001
RPUNMLMKJINFFAV96CA,建成段,121.88,都市：商,1,1,全筆移轉,01900002
RPUNMLMKJINFFAV96CA,建成段,121.86,都市：商,1,1,全筆移轉,01900003
RPVNMLMKJINFFAV07CA,台東段,81.00,都市：住,1,1,全筆移轉,04440008
RPSNMLNKJINFFAV86CA,利家段,5135.00,非都市：特定農業區 ; 非都市編定：農牧用地,1,1,全筆移轉,55960000
RPWNMLNKJINFFAV27CA,梧州段,94.72,都市：住,2,1,持分移轉,02510001
RPWNMLNKJINFFAV27CA,梧州段,29.88,都市：住,2,1,持分移轉,02520001
RPTNMLOKJINFFAV07CA,馬蘭段,2.25,都市：住,10000,64,持分移轉,15680000
RPTNMLOKJINFFAV07CA,馬蘭段,2.64,都市：住,10000,64,持分移轉,15700000
