﻿編號,屋齡,建物移轉面積平方公尺,主要用途,主要建材,建築完成日期,總層數,建物分層
The serial number,room age,building shifting area square meter,the main use,main building materials,construction completes the date,total layer,building lamination
RPOPMLKLQHNFFAV07CA,,73.32,集合住宅,ＲＣ造,107年3月23日,九層,八層 見其他登記事項
RPOPMLKLQHNFFAV07CA,,61.92,停車空間、騎樓、樓梯間、機械室、蓄水池,ＲＣ造,107年3月23日,九層,
RPQNMLRKQHNFFAV67CA,27,183.71,住家用,鋼筋混凝土造,80年7月1日,四層,一層 二層 三層 四層
RPQNMLPKQHNFFAV47CA,14,203.72,住家用,鋼筋混凝土造,93年8月17日,三層,一層 二層 三層 屋頂突出物 見其他登記事項
RPUNMLPKQHNFFAV87CA,24,133.44,住家用,鋼筋混凝土造,83年7月18日,三層,一層 二層 三層 陽台
RPRNMLQKQHNFFAV67CA,18,179.62,鄉村住宅,鋼筋混凝土造,89年10月25日,三層,一層 二層 三層 陽台 平台
RPTNMLPKQHNFFAV77CA,,61.04,集合住宅,ＲＣ造,107年3月23日,九層,五層 見其他登記事項
RPTNMLPKQHNFFAV77CA,,26.11,停車空間、騎樓、樓梯間、機械室、蓄水池,ＲＣ造,107年3月23日,九層,
RPRNMLLLQHNFFAV27CA,21,165.55,住家用,鋼筋混凝土造,86年2月4日,三層,一層 二層 三層 陽台 雨遮
RPRNMLPKQHNFFAV57CA,25,178.90,住家用,鋼筋混凝土造,82年10月30日,七層,四層 陽台
RPRNMLPKQHNFFAV57CA,25,40.64,住家用,鋼筋混凝土造,82年10月30日,七層,
RPRNMLPKQHNFFAV57CA,25,29.38,住家用,鋼筋混凝土造,82年10月30日,七層,
RPRNMLSKQHNFFAV87CA,,114.65,集合住宅,ＲＣ造,107年3月23日,九層,八層 見其他登記事項
RPRNMLSKQHNFFAV87CA,,79.57,停車空間、騎樓、樓梯間、機械室、蓄水池,ＲＣ造,107年3月23日,九層,
RPPNMLLLQHNFFDV37CA,24,31.54,套房,鋼筋混凝土造,83年9月30日,八層,四層 陽台
RPPNMLLLQHNFFDV37CA,24,6.07,樓梯間．門房走道,鋼筋混凝土造,83年9月30日,八層,
RPQNMLLLQHNFFDV47CA,24,31.54,套房,鋼筋混凝土造,83年9月30日,八層,四層 陽台
RPQNMLLLQHNFFDV47CA,24,6.07,樓梯間．門房走道,鋼筋混凝土造,83年9月30日,八層,
RPTNMLQKQHNFFAV87CA,21,160.99,住家用,鋼筋混凝土造,86年2月1日,三層,一層 二層 三層 陽台 屋頂突出物
RPOOMLNLQHNFFAV27CA,,61.04,集合住宅,ＲＣ造,107年3月23日,九層,四層 見其他登記事項
RPOOMLNLQHNFFAV27CA,,26.11,停車空間、騎樓、樓梯間、機械室、蓄水池,ＲＣ造,107年3月23日,九層,
RPPNMLRLQHNFFCV87CA,35,118.65,住家用,加強磚造,73年1月18日,二層,一層 二層 電梯樓梯間
RPPNMLTKQHNFFAV77CA,22,66.56,集合住宅,鋼筋混凝土造,85年6月28日,九層,四層 陽台 花台
RPPNMLTKQHNFFAV77CA,22,13.81,電梯，樓梯共同使用,鋼筋混凝土造,85年6月28日,九層,
RPPNMLTKQHNFFAV77CA,22,8.20,配電室．樓梯．電梯．機械房．通道．水箱．人行共同使用,鋼筋混凝土造,85年6月28日,九層,
RPQNMLTKQHNFFAV87CA,22,56.46,集合住宅,鋼筋混凝土造,85年6月28日,九層,三層 陽台
RPQNMLTKQHNFFAV87CA,22,11.22,電梯，樓梯共同使用,鋼筋混凝土造,85年6月28日,九層,
RPQNMLTKQHNFFAV87CA,22,6.84,配電室．樓梯．電梯．機械房．通道．水箱．人行共同使用,鋼筋混凝土造,85年6月28日,九層,
RPQNMLSKQHNFFAV77CA,,51.84,集合住宅,ＲＣ造,107年3月23日,九層,六層 見其他登記事項
RPQNMLSKQHNFFAV77CA,,22.38,停車空間、騎樓、樓梯間、機械室、蓄水池,ＲＣ造,107年3月23日,九層,
RPQNMLKLQHNFFAV07CA,,81.57,住家用,混凝土木,,一層,一層 騎樓 見其他登記事項
RPQNMLMLQHNFFAV27CA,23,83.72,集合住宅,鋼筋混凝土造,84年1月25日,十層,三層 陽台 花台
RPQNMLMLQHNFFAV27CA,,2.21,樓梯，電梯，機械房,鋼筋混凝土造,,十層,
RPQNMLMLQHNFFAV27CA,23,2.35,門廳．車道．水箱．交誼廳．通道,鋼筋混凝土造,84年1月25日,十層,
RPQNMLMLQHNFFAV27CA,23,9.76,樓梯．電梯間,鋼筋混凝土造,84年1月25日,十層,
RPQNMLMLQHNFFAV27CA,23,11.98,防空避難室．配電室．停車空間,鋼筋混凝土造,84年1月25日,十層,
RPRNMLMLQHNFFAV37CA,42,47.60,住家用,水泥磚木蓋瓦,65年3月1日,一層,一層
RPWNMLOJRHNFFAV97CA,,119.31,集合住宅,ＲＣ造,107年3月23日,九層,九層 見其他登記事項
RPWNMLOJRHNFFAV97CA,,124.58,停車空間、騎樓、樓梯間、機械室、蓄水池,ＲＣ造,107年3月23日,九層,
RPQNMLPJRHNFFAV47CA,24,133.44,住家用,鋼筋混凝土造,83年7月18日,三層,一層 二層 三層 陽台
RPTNMLRLQHNFFAV08CA,41,94.92,住家用,加強磚造,66年10月27日,二層,一層 二層
RPPOMLNLQHNFFAV37CA,,57.30,住家用,木造,,一層,一層 騎樓
RPTNMLLLQHNFFAV47CA,,72.26,集合住宅,ＲＣ造,107年3月23日,九層,四層 見其他登記事項
RPTNMLLLQHNFFAV47CA,,31.08,停車空間、騎樓、樓梯間、機械室、蓄水池,ＲＣ造,107年3月23日,九層,
RPPNMLMLQHNFFAV17CA,5,296.94,住家用,ＲＣ造,103年1月20日,四層,一層 二層 三層 四層 見其他登記事項
RPQOMLMLQHNFFAV37CA,,230.38,住宅、樓梯間,ＲＣ造,107年3月22日,三層,一層 二層 三層 見其他登記事項 見其他登記事項
RPROMLMLQHNFFAV47CA,,237.32,住宅、樓梯間,ＲＣ造,107年3月23日,三層,一層 二層 三層 見其他登記事項 見其他登記事項
RPWNMLNLQHNFFAV97CA,,55.68,集合住宅,ＲＣ造,107年3月23日,九層,五層 見其他登記事項
RPWNMLNLQHNFFAV97CA,,23.87,停車空間、騎樓、樓梯間、機械室、蓄水池,ＲＣ造,107年3月23日,九層,
RPPNMLOLQHNFFBV57DA,35,92.98,住家用,加強磚造,72年6月29日,二層,一層 二層 騎樓
RPXOMLMLQHNFFAV08CA,2,251.65,住宅、樓梯間,ＲＣ造,106年1月19日,三層,一層 二層 三層 見其他登記事項 見其他登記事項
RPQNMLNLQHNFFAV37CA,39,113.14,住家用,加強磚造,68年5月29日,二層,一層 二層 騎樓
RPTNMLNLQHNFFAV67CA,,220.07,住家用,ＲＣ造,107年6月21日,三層,一層 二層 三層 見其他登記事項
RPUNMLNLQHNFFAV77CA,,223.23,住家用,ＲＣ造,107年6月21日,三層,一層 二層 三層 見其他登記事項
RPQNMLOLQHNFFAV47CA,41,95.34,住家用,鋼筋水泥造,66年6月23日,二層,一層 二層 騎樓
RPSNMLPJRHNFFAV67CA,22,89.74,住家用,鋼筋混凝土造,85年6月28日,七層,五層 陽台 花台 雨遮
RPSNMLPJRHNFFAV67CA,22,3.93,樓梯、電梯、機械房、水箱共同使用,鋼筋混凝土造,85年6月28日,七層,
RPSNMLPJRHNFFAV67CA,22,16.01,防空避難室暨停車空間共同使用,鋼筋混凝土造,85年6月28日,七層,
RPSNMLPJRHNFFAV67CA,22,3.85,車道、水箱、樓梯、機械房配電室共同使用　,鋼筋混凝土造,85年6月28日,七層,
RPSNMLPJRHNFFAV67CA,22,6.84,共同使用：樓梯．電梯,鋼筋混凝土造,85年6月28日,七層,
RPRNMLPJRHNFFAV57CA,,106.71,商業用,木造,,二層,一層 二層
RPQNMLRLQHNFFAV77CA,,104.32,集合住宅,ＲＣ造,107年3月23日,九層,九層 見其他登記事項
RPQNMLRLQHNFFAV77CA,,75.10,停車空間、騎樓、樓梯間、機械室、蓄水池,ＲＣ造,107年3月23日,九層,
RPSNMLKMQHNFFAV37CA,41,124.04,住家用,鋼筋水泥加強磚造,66年9月13日,二層,一層 二層 騎樓
RPQNMLSLQHNFFAV87CA,23,160.08,住家用,鋼骨造,85年1月8日,三層,一層 二層 三層 屋頂突出物
RPRNMLOJRHNFFAV47CA,23,109.58,集合住宅,鋼筋混凝土造,84年2月17日,八層,五層 陽台 花台
RPRNMLOJRHNFFAV47CA,23,19.35,防空避難室暨停車空間、配電室,鋼筋混凝土造,84年2月17日,八層,
RPRNMLOJRHNFFAV47CA,23,14.08,車道、警衛室、托兒所、電梯、樓梯,鋼筋混凝土造,84年2月17日,八層,
RPRNMLKMQHNFFAV27CA,3,259.99,騎樓、店舖、住宅、樓梯間,ＲＣ造,104年1月5日,三層,一層 二層 三層 騎樓 見其他登記事項 見其他登記事項
RPRNMLOLQHNFFAV57CA,26,192.06,住家用,鋼筋混凝土造,81年12月9日,三層,一層 二層 三層
RPQNMLMKRHNFFBV37CA,25,102.18,住家用,加強磚造,82年8月4日,二層,一層 二層 陽台
RPWNMLPJRHNFFAV08CA,41,97.79,住家用,加強磚造,66年9月24日,二層,一層 二層 騎樓
RPPNMLOLQHNFFAV37CA,25,128.45,住家用,鋼筋混凝土造,82年6月4日,三層,一層 二層 三層
RPQNMLTLQHNFFAV97CA,,56.94,集合住宅,ＲＣ造,107年3月23日,九層,二層 見其他登記事項
RPQNMLTLQHNFFAV97CA,,24.37,停車空間、騎樓、樓梯間、機械室、蓄水池,ＲＣ造,107年3月23日,九層,
RPWNMLMKRHNFFAV87CA,3,291.26,騎樓、私設騎樓、店舖、住宅、樓梯間,ＲＣ造,104年2月10日,三層,見其他登記事項 見其他登記事項
RPPNMLLMQHNFFAV17CA,1,99.83,住家用,ＲＣ造,107年1月8日,一層,一層
RPUNMLKMQHNFFAV57CA,39,113.14,住家用,加強磚造,68年5月29日,二層,一層 二層 騎樓
RPRNMLNJRHNFFAV37CA,3,183.53,住家用,ＲＣ造,104年10月14日,三層,一層 二層 三層 見其他登記事項
RPTNMLPJRHNFFAV77CA,23,29.44,集合住宅,鋼筋混凝土造,84年2月21日,五層,一層 平台
RPTNMLPJRHNFFAV77CA,23,7.61,樓梯間走道（共同使用）門廳,鋼筋混凝土造,84年2月21日,五層,
RPTNMLPJRHNFFAV77CA,23,7.38,避難室（共同使用）,鋼筋混凝土造,84年2月21日,五層,
RPTNMLPJRHNFFAV77CA,23,1.71,共有部分,鋼筋混凝土造,84年2月21日,五層,
RPTNMLLMQHNFFAV67DA,41,40.03,住家用,鐵筋水泥磚,65年10月2日,二層,一層 二層
RPSNMLOJRHNFFAV57CA,24,79.66,集合住宅,鋼筋混凝土造,84年1月25日,十層,三層 陽台 花台
RPSNMLOJRHNFFAV57CA,,2.14,樓梯，電梯，機械房,鋼筋混凝土造,,十層,
RPSNMLOJRHNFFAV57CA,24,9.44,樓梯．電梯間,鋼筋混凝土造,84年1月25日,十層,
RPSNMLOJRHNFFAV57CA,24,2.26,門廳．車道．水箱．交誼廳．通道,鋼筋混凝土造,84年1月25日,十層,
RPSNMLOJRHNFFAV57CA,24,11.52,防空避難室．配電室．停車空間,鋼筋混凝土造,84年1月25日,十層,
RPQNMLLMQHNFFAV27CA,,220.07,住家用,ＲＣ造,107年6月21日,三層,一層 二層 三層 見其他登記事項
RPSNMLLMQHNFFAV47CA,,236.64,住宅、樓梯間,ＲＣ造,107年5月7日,三層,一層 二層 三層 見其他登記事項 見其他登記事項
RPRNMLLMQHNFFAV37CA,,219.99,住家用,ＲＣ造,107年6月21日,三層,一層 二層 三層 見其他登記事項
RPPNMLLJRHNFFAV96CA,,51.84,集合住宅,ＲＣ造,107年3月23日,九層,四層 見其他登記事項
RPPNMLLJRHNFFAV96CA,,22.38,停車空間、騎樓、樓梯間、機械室、蓄水池,ＲＣ造,107年3月23日,九層,
RPPNMLOJRHNFFAV27CA,,550.98,住宅、樓梯間,鋼筋混凝土造,107年4月2日,四層,一層 二層 三層 四層 見其他登記事項 見其他登記事項
RPQNMLOJRHNFFAV37CA,,38.67,住家用,磚木造,,一層,一層 騎樓
RPQNMLOJRHNFFDV67CA,24,31.50,套房,鋼筋混凝土造,84年1月10日,八層,八層
RPQNMLOJRHNFFDV67CA,24,7.92,人行樓梯、電梯．大廳．防空避難室．屋頂突出物　,鋼筋混凝土造,84年1月10日,八層,
RPQNMLOJRHNFFDV67CA,24,3.41,走廊,鋼筋混凝土造,84年1月10日,八層,
RPUNMLOJRHNFFAV77CA,,223.02,住家用,ＲＣ造,107年6月21日,三層,一層 二層 三層 見其他登記事項
RPVNMLOJRHNFFAV87CA,,110.00,住家用,ＲＣ造,107年6月21日,三層,一層 二層 三層 見其他登記事項
RPVNMLOJRHNFFAV87CA,,110.00,住家用,ＲＣ造,107年6月21日,三層,一層 二層 三層 見其他登記事項
RPXNMLOJRHNFFAV08CA,,60.37,集合住宅,ＲＣ造,107年3月23日,九層,二層 見其他登記事項
RPXNMLOJRHNFFAV08CA,,25.86,停車空間、騎樓、樓梯間、機械室、蓄水池,ＲＣ造,107年3月23日,九層,
RPOOMLOJRHNFFAV27CA,23,109.58,集合住宅,鋼筋混凝土造,84年2月17日,八層,七層 陽台 花台
RPOOMLOJRHNFFAV27CA,23,19.35,防空避難室暨停車空間、配電室,鋼筋混凝土造,84年2月17日,八層,
RPOOMLOJRHNFFAV27CA,23,14.08,車道、警衛室、托兒所、電梯、樓梯,鋼筋混凝土造,84年2月17日,八層,
RPQNMLRJRHNFFAV67CA,32,121.27,住家用,加強磚造,75年11月8日,二層,一層 二層 陽台 屋頂突出物
RPRNMLQJRHNFFAV67CA,14,249.31,鄉村住宅、停車空間、儲藏室,鋼筋混凝土造,93年11月16日,三層,一層 二層 三層 地下一層 見其他登記事項
RPRNMLQJRHNFFAV67CA,14,21.69,車道（共同使用部份）,鋼筋混凝土造,93年11月16日,,
RPUNMLQJRHNFFAV97CA,29,49.50,鄉村住宅,加強磚造,78年9月26日,一層,一層
RPWNMLQJRHNFFAV18CA,23,134.32,住家用,鋼筋混凝土造,84年10月26日,三層,一層 二層 三層 陽台
RPSNMLQJRHNFFAV77CA,23,213.08,人行、店鋪住宅,鋼筋混凝土造,84年5月16日,四層,一層 二層 三層 四層 騎樓
RPPNMLNJIINFFAV98CA,45,46.19,住家用,水泥磚木蓋瓦,62年6月6日,一層,一層
RPXNMLQJRHNFFAV28CA,21,178.18,住家用,鋼筋混凝土造,86年7月16日,三層,一層 二層 三層 陽台
RPPOMLQJRHNFFAV57CA,23,78.10,集合住宅,鋼筋混凝土造,84年6月1日,五層,三層 見其他登記事項
RPPOMLQJRHNFFAV57CA,23,9.16,停車空間．兼儲藏室（共同使用）,鋼筋混凝土造,84年6月1日,五層,
RPPOMLQJRHNFFAV57CA,23,10.93,樓梯．通廊．瞭望台．水箱．蓄水池（共同使用）,鋼筋混凝土造,84年6月1日,五層,
RPUNMLPJRHNFFAV97DA,45,88.03,住家用,磚石造瓦屋頂,62年9月10日,一層,一層 騎樓
RPPNMLRJRHNFFAV57CA,33,119.97,住家用,加強磚造,74年5月8日,二層,一層 二層 陽台 騎樓
RPRNMLMKRHNFFAV37CA,46,99.53,住家用,水泥磚木蓋瓦,61年7月1日,一層,一層 騎樓
RPSNMLLKRHNFFAV37CA,1,168.62,住家用,ＲＣ造,106年12月21日,三層,一層 二層 三層 見其他登記事項
RPPNMLRJRHNFFCV77CA,7,172.32,Ｈ２自用農舍,鋼筋混凝土造,101年1月16日,一層,一層
RPSNMLOKRHNFFAV67CA,,230.56,住宅、樓梯間,ＲＣ造,107年3月22日,三層,一層 二層 三層 見其他登記事項 見其他登記事項
RPVNMLQJRHNFFAV18DA,24,99.13,集合住宅,鋼筋混凝土造,83年5月16日,十三層,十二層 陽台
RPVNMLQJRHNFFAV18DA,24,12.52,避難室,鋼筋混凝土造,83年5月16日,十三層,
RPVNMLQJRHNFFAV18DA,24,1.27,樓梯間走道,鋼筋混凝土造,83年5月16日,十三層,
RPVNMLQJRHNFFAV18DA,24,.85,樓梯間,鋼筋混凝土造,83年5月16日,十三層,
RPVNMLQJRHNFFAV18DA,24,.16,樓梯間,鋼筋混凝土造,83年5月16日,十三層,
RPVNMLQJRHNFFAV18DA,24,.59,樓梯間,鋼筋混凝土造,83年5月16日,十三層,
RPVNMLQJRHNFFAV18DA,24,.64,樓梯間,鋼筋混凝土造,83年5月16日,十三層,
RPVNMLQJRHNFFAV18DA,24,.16,樓梯間,鋼筋混凝土造,83年5月16日,十三層,
RPVNMLQJRHNFFAV18DA,24,.42,樓梯間,鋼筋混凝土造,83年5月16日,十三層,
RPVNMLQJRHNFFAV18DA,24,.34,樓梯間,鋼筋混凝土造,83年5月16日,十三層,
RPVNMLQJRHNFFAV18DA,24,.42,樓梯間,鋼筋混凝土造,83年5月16日,十三層,
RPVNMLQJRHNFFAV18DA,24,.34,樓梯間,鋼筋混凝土造,83年5月16日,十三層,
RPVNMLQJRHNFFAV18DA,24,.34,樓梯間,鋼筋混凝土造,83年5月16日,十三層,
RPVNMLQJRHNFFAV18DA,24,.42,樓梯間,鋼筋混凝土造,83年5月16日,十三層,
RPVNMLQJRHNFFAV18DA,24,.42,樓梯間,鋼筋混凝土造,83年5月16日,十三層,
RPVNMLQJRHNFFAV18DA,24,.34,樓梯間,鋼筋混凝土造,83年5月16日,十三層,
RPVNMLQJRHNFFAV18DA,24,.34,樓梯間,鋼筋混凝土造,83年5月16日,十三層,
RPVNMLQJRHNFFAV18DA,24,.42,樓梯間,鋼筋混凝土造,83年5月16日,十三層,
RPVNMLQJRHNFFAV18DA,24,.42,樓梯間,鋼筋混凝土造,83年5月16日,十三層,
RPVNMLQJRHNFFAV18DA,24,.42,樓梯間,鋼筋混凝土造,83年5月16日,十三層,
RPVNMLQJRHNFFAV18DA,24,.34,樓梯間,鋼筋混凝土造,83年5月16日,十三層,
RPVNMLQJRHNFFAV18DA,24,.34,樓梯間,鋼筋混凝土造,83年5月16日,十三層,
RPVNMLQJRHNFFAV18DA,24,.34,樓梯間,鋼筋混凝土造,83年5月16日,十三層,
RPVNMLQJRHNFFAV18DA,24,.42,樓梯間,鋼筋混凝土造,83年5月16日,十三層,
RPVNMLQJRHNFFAV18DA,24,.34,樓梯間,鋼筋混凝土造,83年5月16日,十三層,
RPVNMLQJRHNFFAV18DA,24,.42,樓梯間,鋼筋混凝土造,83年5月16日,十三層,
RPVNMLQJRHNFFAV18DA,24,.34,樓梯間,鋼筋混凝土造,83年5月16日,十三層,
RPVNMLQJRHNFFAV18DA,24,.42,空白,鋼筋混凝土造,83年5月16日,十三層,
RPVNMLQJRHNFFAV18DA,24,.30,空白,鋼筋混凝土造,83年5月16日,十三層,
RPVNMLQJRHNFFAV18DA,24,.30,空白,鋼筋混凝土造,83年5月16日,十三層,
RPVNMLQJRHNFFAV18DA,24,.32,空白,鋼筋混凝土造,83年5月16日,十三層,
RPVNMLQJRHNFFAV18DA,24,.38,空白,鋼筋混凝土造,83年5月16日,十三層,
RPVNMLQJRHNFFAV18DA,24,.33,空白,鋼筋混凝土造,83年5月16日,十三層,
RPPNMLPJRHNFFDV67CA,10,134.64,車庫，住宅,ＲＣ造,97年5月22日,三層,一層 二層 三層
RPRNMLPLJHOFFAV07CA,23,109.58,集合住宅,鋼筋混凝土造,84年2月17日,八層,四層 陽台 花台
RPRNMLPLJHOFFAV07CA,23,19.35,防空避難室暨停車空間、配電室,鋼筋混凝土造,84年2月17日,八層,
RPRNMLPLJHOFFAV07CA,23,14.08,車道、警衛室、托兒所、電梯、樓梯,鋼筋混凝土造,84年2月17日,八層,
RPSNMLMKRHNFFAV47CA,38,120.12,住家用,加強磚造,69年7月26日,二層,一層 二層 騎樓
RPQNMLMKRHNFFAV27CA,44,92.04,住家用,鐵筋水泥磚,64年1月27日,二層,一層 二層 騎樓
RPVNMLKLRHNFFAV67CA,18,259.79,住家用,鋼筋混凝土造,89年9月20日,四層,一層 二層 三層 四層 陽台 平台 屋頂突出物
RPUNMLLKRHNFFAV57CA,25,39.28,集合住宅,鋼筋混凝土造,82年10月19日,七層,四層 陽台 花台
RPUNMLLKRHNFFAV57CA,25,11.10,集合住宅（共同使用）,鋼筋混凝土造,82年10月19日,七層,
RPUNMLLKRHNFFAV57CA,25,4.44,樓梯間（共同使用）,鋼筋混凝土造,82年10月19日,七層,
RPQNMLLKRHNFFAV17CA,24,109.58,集合住宅,鋼筋混凝土造,84年2月17日,八層,四層 陽台 花台
RPQNMLLKRHNFFAV17CA,24,19.35,防空避難室暨停車空間、配電室,鋼筋混凝土造,84年2月17日,八層,
RPQNMLLKRHNFFAV17CA,24,14.08,車道、警衛室、托兒所、電梯、樓梯,鋼筋混凝土造,84年2月17日,八層,
RPSNMLRJRHNFFAV87CA,24,58.04,集合住宅,鋼筋混凝土造,83年4月19日,十四層,四層 陽台
RPSNMLRJRHNFFAV87CA,24,20.51,避難室，電梯．樓梯．地下室．通廊共同使用,鋼筋混凝土造,83年4月19日,十四層,
RPRNMLRJRHNFFAV77CA,24,74.68,集合住宅　　,鋼筋混凝土造,84年2月17日,八層,八層 陽台
RPRNMLRJRHNFFAV77CA,24,4.45,走道,鋼筋混凝土造,84年2月17日,八層,
RPRNMLRJRHNFFAV77CA,24,11.95,防空避難室暨停車空間、配電室,鋼筋混凝土造,84年2月17日,八層,
RPRNMLRJRHNFFAV77CA,24,9.05,車道、警衛室、托兒所、電梯、樓梯,鋼筋混凝土造,84年2月17日,八層,
RPPNMLSJRHNFFAV67CA,41,35.76,住家用,鋼筋水泥加強磚造,66年5月1日,二層,一層 二層
RPPNMLKKRHNFFAV96CA,1,205.91,住宅、樓梯間,ＲＣ造,106年7月11日,三層,一層 二層 三層 見其他登記事項 見其他登記事項
RPRNMLMKRHNFFBV47CA,48,39.90,住家用,加強磚造,60年1月15日,一層,一層
RPPNMLOKRHNFFAV37CA,26,209.00,住家用,鋼筋混凝土造,81年6月25日,三層,一層 二層 三層
RPTNMLOKRHNFFAV77CA,36,158.13,住家用,加強磚造,72年2月14日,二層,一層 二層 陽台
RPRNMLLKRHNFFAV27CA,24,127.42,集合住宅,鋼筋混凝土造,83年5月16日,十三層,四層 陽台 露台
RPRNMLLKRHNFFAV27CA,24,11.13,避難室,鋼筋混凝土造,83年5月16日,十三層,
RPRNMLLKRHNFFAV27CA,24,1.13,樓梯間走道,鋼筋混凝土造,83年5月16日,十三層,
RPRNMLLKRHNFFAV27CA,24,.37,樓梯間,鋼筋混凝土造,83年5月16日,十三層,
RPRNMLLKRHNFFAV27CA,24,.30,樓梯間,鋼筋混凝土造,83年5月16日,十三層,
RPRNMLLKRHNFFAV27CA,24,.30,樓梯間,鋼筋混凝土造,83年5月16日,十三層,
RPRNMLLKRHNFFAV27CA,24,.37,樓梯間,鋼筋混凝土造,83年5月16日,十三層,
RPRNMLLKRHNFFAV27CA,24,.30,樓梯間,鋼筋混凝土造,83年5月16日,十三層,
RPRNMLLKRHNFFAV27CA,24,.30,樓梯間,鋼筋混凝土造,83年5月16日,十三層,
RPRNMLLKRHNFFAV27CA,24,.27,空白,鋼筋混凝土造,83年5月16日,十三層,
RPRNMLLKRHNFFAV27CA,24,.34,空白,鋼筋混凝土造,83年5月16日,十三層,
RPRNMLLKRHNFFAV27CA,24,.75,樓梯間,鋼筋混凝土造,83年5月16日,十三層,
RPRNMLLKRHNFFAV27CA,24,.37,空白,鋼筋混凝土造,83年5月16日,十三層,
RPRNMLLKRHNFFAV27CA,24,.27,空白,鋼筋混凝土造,83年5月16日,十三層,
RPRNMLLKRHNFFAV27CA,24,.28,空白,鋼筋混凝土造,83年5月16日,十三層,
RPRNMLLKRHNFFAV27CA,24,.14,樓梯間,鋼筋混凝土造,83年5月16日,十三層,
RPRNMLLKRHNFFAV27CA,24,.37,樓梯間,鋼筋混凝土造,83年5月16日,十三層,
RPRNMLLKRHNFFAV27CA,24,.53,樓梯間,鋼筋混凝土造,83年5月16日,十三層,
RPRNMLLKRHNFFAV27CA,24,.14,樓梯間,鋼筋混凝土造,83年5月16日,十三層,
RPRNMLLKRHNFFAV27CA,24,.30,樓梯間,鋼筋混凝土造,83年5月16日,十三層,
RPRNMLLKRHNFFAV27CA,24,.37,樓梯間,鋼筋混凝土造,83年5月16日,十三層,
RPRNMLLKRHNFFAV27CA,24,.37,樓梯間,鋼筋混凝土造,83年5月16日,十三層,
RPRNMLLKRHNFFAV27CA,24,.56,樓梯間,鋼筋混凝土造,83年5月16日,十三層,
RPRNMLLKRHNFFAV27CA,24,.37,樓梯間,鋼筋混凝土造,83年5月16日,十三層,
RPRNMLLKRHNFFAV27CA,24,.30,樓梯間,鋼筋混凝土造,83年5月16日,十三層,
RPRNMLLKRHNFFAV27CA,24,.30,樓梯間,鋼筋混凝土造,83年5月16日,十三層,
RPRNMLLKRHNFFAV27CA,24,.37,樓梯間,鋼筋混凝土造,83年5月16日,十三層,
RPRNMLLKRHNFFAV27CA,24,.37,樓梯間,鋼筋混凝土造,83年5月16日,十三層,
RPRNMLLKRHNFFAV27CA,24,.30,樓梯間,鋼筋混凝土造,83年5月16日,十三層,
RPRNMLLKRHNFFAV27CA,24,.37,樓梯間,鋼筋混凝土造,83年5月16日,十三層,
RPRNMLLKRHNFFAV27CA,24,.30,樓梯間,鋼筋混凝土造,83年5月16日,十三層,
RPRNMLLKRHNFFAV27CA,24,.30,樓梯間,鋼筋混凝土造,83年5月16日,十三層,
RPRNMLLKRHNFFAV27CA,24,.30,空白,鋼筋混凝土造,83年5月16日,十三層,
RPPNMLSKRHNFFCV97CA,37,171.60,住家用,鐵筋水泥磚,70年12月8日,三層,一層 二層 三層 騎樓
RPPNMLLJIINFFBV88CA,25,166.33,住家用,鋼筋混凝土造,82年6月29日,三層,一層 二層 三層 陽台
RPRNMLSKRHNFFAV97CA,32,121.27,住家用,加強磚造,75年10月31日,二層,一層 二層 陽台 屋頂突出物
RPPNMLSKRHNFFAV77CA,25,187.31,住家用,鋼筋混凝土造,82年9月13日,四層,一層 二層 三層 四層 陽台
RPPNMLMJIINFFBV98CA,54,44.89,住家用,鋼筋混凝土加強磚造,53年12月28日,一層,一層
RPPNMLMJIINFFBV98CA,54,44.89,住家用,鋼筋混凝土加強磚造,53年12月28日,一層,一層
RPQNMLTKRHNFFAV08DA,14,200.90,住家用,鋼筋混凝土造,94年1月12日,三層,一層 二層 三層 見其他登記事項
RPQNMLSKRHNFFDV18CA,23,30.87,套房,鋼筋混凝土造,84年7月14日,八層,三層 見其他登記事項
RPQNMLSKRHNFFDV18CA,23,7.44,樓梯．電梯．機械房．水箱．清水池．走道．陽台．屋頂突出物,鋼筋混凝土造,84年7月14日,八層,
RPQNMLQKIINFFCV07CA,35,73.50,住家用,加強磚造,72年7月15日,一層,一層
RPQNMLKLRHNFFAV17CA,28,116.64,住家用,鋼筋混凝土造,79年8月11日,三層,一層 二層 三層
RPOOMLLLRHNFFAV17CA,37,114.46,住家用,加強磚造,70年4月24日,二層,一層 二層
RPQNMLQLRHNFFAV77CA,32,121.27,住家用,加強磚造,75年8月28日,二層,一層 二層 陽台 屋頂突出物
RPTNMLLLRHNFFAV57CA,14,152.45,住家用,鋼筋混凝土造,93年6月10日,三層,一層 二層 三層 見其他登記事項
RPVNMLLLRHNFFAV77CA,4,259.99,騎樓、店舖、住宅、樓梯間,ＲＣ造,104年1月5日,三層,一層 二層 三層 騎樓 見其他登記事項 見其他登記事項
RPSNMLLLRHNFFAV47CA,37,107.22,住家用,加強磚造,70年8月17日,二層,一層 二層
RPWNMLLLRHNFFAV87CA,,56.94,集合住宅,ＲＣ造,107年3月23日,九層,三層 見其他登記事項
RPWNMLLLRHNFFAV87CA,,24.37,停車空間、騎樓、樓梯間、機械室、蓄水池,ＲＣ造,107年3月23日,九層,
RPSNMLKLRHNFFAV37CA,24,100.22,集合住宅,鋼筋混凝土造,84年2月17日,八層,二層 陽台 花台
RPSNMLKLRHNFFAV37CA,24,12.74,車道、警衛室、托兒所、電梯、樓梯,鋼筋混凝土造,84年2月17日,八層,
RPSNMLKLRHNFFAV37CA,24,17.65,防空避難室暨停車空間、配電室,鋼筋混凝土造,84年2月17日,八層,
RPTNMLKLRHNFFAV47CA,23,76.34,住家用,鋼筋混凝土造,84年12月4日,十六層,八層 陽台
RPTNMLKLRHNFFAV47CA,23,21.97,電梯．樓梯．走道．水箱．機械室．防空避難室及停車間（公共設施．共同使用）,鋼筋混凝土造,84年12月4日,十六層,
RPPNMLKLRHNFFAV07CA,,209.41,住宅、樓梯間,ＲＣ造,107年5月25日,三層,一層 二層 三層 屋頂突出物 見其他登記事項
RPUNMLTKRHNFFAV38CA,25,102.22,集合住宅,鋼筋混凝土造,82年12月3日,四層,二層 陽台
RPUNMLTKRHNFFAV38CA,25,.25,樓梯間．屋頂突出物．公同使用,鋼筋混凝土造,82年12月3日,四層,
RPUNMLTKRHNFFAV38CA,25,.25,樓梯間．屋頂突出物．公同使用,鋼筋混凝土造,82年12月3日,四層,
RPUNMLTKRHNFFAV38CA,25,.25,樓梯間．共同使用,鋼筋混凝土造,82年12月3日,四層,
RPUNMLTKRHNFFAV38CA,25,3.58,避難室．機械室．公同使用,鋼筋混凝土造,82年12月3日,四層,
RPUNMLTKRHNFFAV38CA,25,.25,樓梯間．公同使用,鋼筋混凝土造,82年12月3日,四層,
RPUNMLTKRHNFFAV38CA,25,.25,樓梯間．屋頂突出物．公同使用,鋼筋混凝土造,82年12月3日,四層,
RPUNMLTKRHNFFAV38CA,25,.25,樓梯間．公同使用,鋼筋混凝土造,82年12月3日,四層,
RPUNMLTKRHNFFAV38CA,25,.26,樓梯間．公同使用,鋼筋混凝土造,82年12月3日,四層,
RPUNMLTKRHNFFAV38CA,25,.25,樓梯間．屋頂突出物．公同使用,鋼筋混凝土造,82年12月3日,四層,
RPUNMLTKRHNFFAV38CA,25,.25,樓梯間．屋頂突出物．公同使用,鋼筋混凝土造,82年12月3日,四層,
RPUNMLTKRHNFFAV38CA,25,.26,樓梯間．公同使用,鋼筋混凝土造,82年12月3日,四層,
RPUNMLTKRHNFFAV38CA,25,.26,樓梯間．屋頂突出物．公同使用,鋼筋混凝土造,82年12月3日,四層,
RPUNMLTKRHNFFAV38CA,25,.25,樓梯間．公同使用,鋼筋混凝土造,82年12月3日,四層,
RPUNMLTKRHNFFAV38CA,25,.25,樓梯間．屋頂突出物．公同使用,鋼筋混凝土造,82年12月3日,四層,
RPUNMLTKRHNFFAV38CA,25,.25,樓梯間．公同使用,鋼筋混凝土造,82年12月3日,四層,
RPUNMLTKRHNFFAV38CA,25,.25,樓梯間．屋頂突出物．公同使用,鋼筋混凝土造,82年12月3日,四層,
RPUNMLTKRHNFFAV38CA,25,.26,樓梯間．屋頂突出物．公同使用,鋼筋混凝土造,82年12月3日,四層,
RPUNMLTKRHNFFAV38CA,25,.25,樓梯間．公同使用,鋼筋混凝土造,82年12月3日,四層,
RPUNMLTKRHNFFAV38CA,25,.26,樓梯間．公同使用,鋼筋混凝土造,82年12月3日,四層,
RPUNMLTKRHNFFAV38CA,25,.25,樓梯間．屋頂突出物．公同使用,鋼筋混凝土造,82年12月3日,四層,
RPUNMLTKRHNFFAV38CA,25,.69,樓梯間．公同使用,鋼筋混凝土造,82年12月3日,四層,
RPUNMLTKRHNFFAV38CA,25,.26,樓梯間．屋頂突出物．公同使用,鋼筋混凝土造,82年12月3日,四層,
RPUNMLTKRHNFFAV38CA,25,.25,樓梯間．公同使用,鋼筋混凝土造,82年12月3日,四層,
RPUNMLTKRHNFFAV38CA,25,.26,樓梯間．屋頂突出物．公同使用,鋼筋混凝土造,82年12月3日,四層,
RPUNMLTKRHNFFAV38CA,25,.25,樓梯間．屋頂突出物．公同使用,鋼筋混凝土造,82年12月3日,四層,
RPUNMLTKRHNFFAV38CA,25,.25,樓梯間．公同使用,鋼筋混凝土造,82年12月3日,四層,
RPUNMLTKRHNFFAV38CA,25,.25,樓梯間．公同使用,鋼筋混凝土造,82年12月3日,四層,
RPUNMLTKRHNFFAV38CA,25,.25,樓梯間．屋頂突出物．公同使用,鋼筋混凝土造,82年12月3日,四層,
RPUNMLTKRHNFFAV38CA,25,.26,樓梯間．屋頂突出物．公同使用,鋼筋混凝土造,82年12月3日,四層,
RPUNMLTKRHNFFAV38CA,25,.25,樓梯間．公同使用,鋼筋混凝土造,82年12月3日,四層,
RPUNMLTKRHNFFAV38CA,25,.69,樓梯間．公同使用,鋼筋混凝土造,82年12月3日,四層,
RPUNMLTKRHNFFAV38CA,25,2.26,避難室．機械室．共同使用,鋼筋混凝土造,82年12月3日,四層,
RPUNMLTKRHNFFAV38CA,25,.25,樓梯間．公同使用,鋼筋混凝土造,82年12月3日,四層,
RPUNMLTKRHNFFAV38CA,25,.25,樓梯間．公同使用,鋼筋混凝土造,82年12月3日,四層,
RPPNMLKLRHNFFCV37DA,24,191.44,住家用,鋼筋混凝土造,83年6月1日,三層,一層 二層 三層 騎樓
RPPNMLLLRHNFFCV47DA,20,187.58,住家用,鋼筋混凝土造,87年8月7日,三層,一層 二層 三層 陽台
RPQNMLMJIINFFBV09CA,30,116.93,住家用,加強磚造,77年10月22日,二層,一層 二層 屋頂突出物
RPPNMLLLRHNFFAV17CA,42,35.69,住家用,磚木造瓦屋頂,65年7月15日,一層,一層
RPUNMLLLRHNFFAV67CA,,45.98,住家用,蓋瓦鐵板及水泥磚木,,一層,一層
RPRNMLMJIINFFAV09CA,37,200.52,住家用,鋼筋混凝土造,70年12月31日,三層,一層 二層 三層 騎樓
RPPNMLRLRHNFFAV77CA,24,78.36,集合住宅,鋼筋混凝土造,83年4月19日,十四層,十層 陽台
RPPNMLRLRHNFFAV77CA,24,24.52,避難室，電梯．樓梯．地下室．通廊共同使用,鋼筋混凝土造,83年4月19日,十四層,
RPPNMLQLRHNFFAV67CA,32,134.88,住家用,加強磚造,75年12月26日,二層,一層 二層
RPTNMLPLRHNFFAV97CA,4,225.99,住宅、樓梯間,ＲＣ造,103年9月17日,三層,一層 二層 三層 見其他登記事項 見其他登記事項
RPSNMLQLRHNFFAV97CA,25,62.65,集合住宅,鋼筋混凝土造,83年1月26日,七層,七層 陽台
RPSNMLQLRHNFFAV97CA,25,1.58,共有部分,鋼筋混凝土造,83年1月26日,七層,
RPSNMLQLRHNFFAV97CA,25,1.58,共有部分,鋼筋混凝土造,83年1月26日,七層,
RPSNMLQLRHNFFAV97CA,25,1.58,共有部分,鋼筋混凝土造,83年1月26日,七層,
RPSNMLQLRHNFFAV97CA,25,1.58,共有部分,鋼筋混凝土造,83年1月26日,七層,
RPSNMLQLRHNFFAV97CA,25,1.58,共有部分,鋼筋混凝土造,83年1月26日,七層,
RPSNMLQLRHNFFAV97CA,25,1.58,共有部分,鋼筋混凝土造,83年1月26日,七層,
RPSNMLQLRHNFFAV97CA,25,1.59,共有部分,鋼筋混凝土造,83年1月26日,七層,
RPSNMLQLRHNFFAV97CA,25,11.96,共有部分,鋼筋混凝土造,83年1月26日,七層,
RPPNMLSLRHNFFAV87CA,25,23.83,集合住宅,鋼筋混凝土造,83年1月26日,七層,五層 陽台
RPPNMLSLRHNFFAV87CA,25,.57,共有部分,鋼筋混凝土造,83年1月26日,七層,
RPPNMLSLRHNFFAV87CA,25,.58,共有部分,鋼筋混凝土造,83年1月26日,七層,
RPPNMLSLRHNFFAV87CA,25,.57,共有部分,鋼筋混凝土造,83年1月26日,七層,
RPPNMLSLRHNFFAV87CA,25,.57,共有部分,鋼筋混凝土造,83年1月26日,七層,
RPPNMLSLRHNFFAV87CA,25,.57,共有部分,鋼筋混凝土造,83年1月26日,七層,
RPPNMLSLRHNFFAV87CA,25,.57,共有部分,鋼筋混凝土造,83年1月26日,七層,
RPPNMLSLRHNFFAV87CA,25,4.33,共有部分,鋼筋混凝土造,83年1月26日,七層,
RPPNMLSLRHNFFAV87CA,25,.57,共有部分,鋼筋混凝土造,83年1月26日,七層,
RPPNMLLJIINFFAV78CA,3,205.73,住家用,ＲＣ造,105年1月5日,三層,一層 二層 三層 見其他登記事項 見其他登記事項
RPPNMLLJIINFFDV09CA,24,31.54,套房,鋼筋混凝土造,83年9月30日,八層,五層 陽台
RPPNMLLJIINFFDV09CA,24,6.07,樓梯間．門房走道,鋼筋混凝土造,83年9月30日,八層,
RPQNMLLJIINFFDV56CA,24,31.54,套房,鋼筋混凝土造,83年9月30日,八層,八層 陽台
RPQNMLLJIINFFDV56CA,24,6.07,樓梯間．門房走道,鋼筋混凝土造,83年9月30日,八層,
RPRNMLRKIINFFAV17DA,35,35.38,住家用,鐵筋加強磚,72年3月1日,一層,一層
RPQNMLSLRHNFFAV08DA,34,131.78,住家用,加強磚造,73年11月5日,二層,一層 二層 陽台
RPPNMLOLIINFFAV76DA,40,83.00,住家用,加強磚造,67年3月25日,二層,一層 二層
RPPNMLMJIINFFAV88CA,51,64.76,住商用,鐵筋水泥磚,56年12月15日,二層,一層 二層
RPQOMLOJIINFFAV66CA,39,103.60,住家用,鋼筋混凝土造,69年1月8日,二層,一層 二層 騎樓
RPPOMLOJIINFFAV56CA,41,92.02,住家用,加強磚造,66年12月2日,二層,一層 二層
RPRNMLSJIINFFAV07CA,,220.72,住宅、樓梯間,ＲＣ造,107年7月2日,三層,一層 二層 三層 屋頂突出物 見其他登記事項
RPSNMLSJIINFFAV17CA,,213.50,住宅、樓梯間,ＲＣ造,107年7月2日,三層,一層 二層 三層 屋頂突出物 見其他登記事項
RPTNMLSJIINFFAV27CA,22,91.50,集合住宅,鋼筋混凝土造,85年6月21日,七層,七層 陽台 雨遮
RPTNMLSJIINFFAV27CA,22,16.82,防空避難室暨停車空間共同使用,鋼筋混凝土造,85年6月21日,七層,
RPTNMLSJIINFFAV27CA,22,8.68,主要內容：樓梯．電梯（共同使用）,鋼筋混凝土造,85年6月21日,七層,
RPTNMLSJIINFFAV27CA,22,6.17,車道．樓梯．配電室．機械房．蓄水池．機車停車位共同使用,鋼筋混凝土造,85年6月21日,七層,
RPTNMLSJIINFFAV27CA,22,5.87,電梯．水箱．機械房．樓梯共同使用,鋼筋混凝土造,85年6月21日,七層,
RPQOMLSJIINFFAV07CA,43,74.82,住家用,鐵筋水泥磚,64年10月30日,二層,一層 二層
RPSNMLOJIINFFAV76CA,1,168.62,住家用,ＲＣ造,106年12月21日,三層,一層 二層 三層 見其他登記事項
RPPNMLOJIINFFAV09CA,26,209.00,住家用,鋼筋混凝土造,81年6月25日,三層,一層 二層 三層
RPRNMLOJIINFFAV66CA,25,28.00,集合住宅,鋼筋混凝土造,82年10月26日,六層,六層
RPRNMLOJIINFFAV66CA,25,11.62,電梯間、樓梯間、避難室、走道,鋼筋混凝土造,82年10月26日,六層,
RPRNMLLKIINFFAV09CA,44,53.50,住家用,水泥磚木蓋瓦,63年5月1日,一層,一層
RPSOMLLKIINFFAV66CA,33,106.78,住家用,加強磚造,74年8月2日,二層,一層 二層 陽台
RPPOMLLKIINFFAV98CA,,230.38,住宅、樓梯間,ＲＣ造,107年3月22日,三層,一層 二層 三層 見其他登記事項 見其他登記事項
RPUNMLRKIINFFAV37CA,,226.94,住宅、樓梯間,ＲＣ造,107年4月20日,三層,一層 二層 三層 見其他登記事項 見其他登記事項
RPWNMLQKIINFFAV47CA,21,60.07,集合住宅,鋼筋混凝土造,86年9月26日,五層,二層 陽台
RPWNMLQKIINFFAV47CA,21,13.47,儲藏室、停車空間、蓄水池,鋼筋混凝土造,86年9月26日,五層,
RPWNMLQKIINFFAV47CA,21,9.88,見其他登記事項,,86年9月26日,五層,
RPQNMLPJIINFFAV66CA,20,261.64,住家用,鋼筋混凝土造,87年8月25日,四層,一層 二層 三層 四層 陽台 平台 屋頂突出物
RPPNMLPJIINFFDV86CA,20,35.30,商業用,鋼筋混凝土造,87年3月6日,十層,六層 陽台
RPUNMLOJIINFFAV96CA,25,18.22,集合住宅,鋼筋混凝土造,83年3月2日,五層,三層
RPUNMLOJIINFFAV96CA,25,8.02,樓梯間．走道．共同使用,鋼筋混凝土造,83年3月2日,五層,
RPVNMLSJIINFFAV47CA,32,121.27,住家用,加強磚造,75年10月18日,二層,一層 二層 陽台 屋頂突出物
RPPNMLLKIINFFAV88CA,35,32.55,住家用,磚石造,73年1月15日,一層,一層 騎樓
RPXNMLSJIINFFAV67CA,37,91.53,住家用,鋼筋混凝土造,70年10月21日,七層,五層 陽台
RPXNMLSJIINFFAV67CA,,14.92,汽車昇降機間．避難室停車場,鋼筋混凝土造,,一層,
RPXNMLSJIINFFAV67CA,37,16.28,公共通道．水塔,鋼筋混凝土造,70年10月21日,七層,
RPWNMLSJIINFFAV57CA,22,73.40,集合住宅,鋼筋混凝土造,85年3月26日,八層,七層 見其他登記事項
RPWNMLSJIINFFAV57CA,22,8.44,電梯．樓梯．通道．水箱．機械房．公共使用,鋼筋混凝土造,85年3月26日,八層,
RPWNMLSJIINFFAV57CA,22,12.89,防空避難室．停車空間,鋼筋混凝土造,85年3月26日,八層,
RPPNMLQLIINFFAV86CA,22,10.94,電梯，樓梯共同使用,鋼筋混凝土造,85年6月28日,九層,
RPPNMLQLIINFFAV86CA,22,6.84,配電室．樓梯．電梯．機械房．通道．水箱．人行共同使用,鋼筋混凝土造,85年6月28日,九層,
RPPNMLQLIINFFAV86CA,22,54.59,集合住宅,鋼筋混凝土造,85年6月28日,九層,九層 陽台
RPPOMLSJIINFFAV96CA,4,204.91,住家用,ＲＣ造,103年6月5日,三層,一層 二層 三層 見其他登記事項
RPOOMLLKIINFFAV88CA,31,100.12,住商用,鋼筋混凝土造,76年4月18日,三層,一層 二層 三層 屋頂突出物 騎樓 地下層
RPSNMLLKIINFFAV56CA,22,218.41,集合住宅,鋼筋混凝土造,85年5月23日,四層,一層 二層 三層 四層 見其他登記事項
RPXNMLLKIINFFAV07CA,31,98.07,住商用,鋼筋混凝土造,76年4月18日,三層,一層 二層 三層 屋頂突出物 騎樓 地下層
RPTNMLLKIINFFAV66CA,,239.44,住宅、樓梯間,ＲＣ造,107年3月23日,三層,一層 二層 三層 見其他登記事項 見其他登記事項
RPUOMLLKIINFFAV86CA,38,90.30,住家用,加強磚造,69年7月18日,二層,一層 二層
RPQNMLLKIINFFBV09CA,35,92.98,住家用,加強磚造,72年6月29日,二層,一層 二層 騎樓
RPWNMLOJIINFFAV17CA,25,102.74,集合住宅,鋼筋混凝土造,82年12月3日,四層,四層 陽台
RPWNMLOJIINFFAV17CA,25,.26,樓梯間．公同使用,鋼筋混凝土造,82年12月3日,四層,
RPWNMLOJIINFFAV17CA,25,.69,樓梯間．公同使用,鋼筋混凝土造,82年12月3日,四層,
RPWNMLOJIINFFAV17CA,25,.25,樓梯間．屋頂突出物．公同使用,鋼筋混凝土造,82年12月3日,四層,
RPWNMLOJIINFFAV17CA,25,.25,樓梯間．屋頂突出物．公同使用,鋼筋混凝土造,82年12月3日,四層,
RPWNMLOJIINFFAV17CA,25,.25,樓梯間．公同使用,鋼筋混凝土造,82年12月3日,四層,
RPWNMLOJIINFFAV17CA,25,.26,樓梯間．公同使用,鋼筋混凝土造,82年12月3日,四層,
RPWNMLOJIINFFAV17CA,25,.25,樓梯間．公同使用,鋼筋混凝土造,82年12月3日,四層,
RPWNMLOJIINFFAV17CA,25,.25,樓梯間．公同使用,鋼筋混凝土造,82年12月3日,四層,
RPWNMLOJIINFFAV17CA,25,.25,樓梯間．屋頂突出物．公同使用,鋼筋混凝土造,82年12月3日,四層,
RPWNMLOJIINFFAV17CA,25,.25,樓梯間．公同使用,鋼筋混凝土造,82年12月3日,四層,
RPWNMLOJIINFFAV17CA,25,.26,樓梯間．屋頂突出物．公同使用,鋼筋混凝土造,82年12月3日,四層,
RPWNMLOJIINFFAV17CA,25,.26,樓梯間．屋頂突出物．公同使用,鋼筋混凝土造,82年12月3日,四層,
RPWNMLOJIINFFAV17CA,25,.25,樓梯間．屋頂突出物．公同使用,鋼筋混凝土造,82年12月3日,四層,
RPWNMLOJIINFFAV17CA,25,.26,樓梯間．屋頂突出物．公同使用,鋼筋混凝土造,82年12月3日,四層,
RPWNMLOJIINFFAV17CA,25,.25,樓梯間．公同使用,鋼筋混凝土造,82年12月3日,四層,
RPWNMLOJIINFFAV17CA,25,.25,樓梯間．屋頂突出物．公同使用,鋼筋混凝土造,82年12月3日,四層,
RPWNMLOJIINFFAV17CA,25,3.58,避難室．機械室．公同使用,鋼筋混凝土造,82年12月3日,四層,
RPWNMLOJIINFFAV17CA,25,.25,樓梯間．公同使用,鋼筋混凝土造,82年12月3日,四層,
RPWNMLOJIINFFAV17CA,25,.25,樓梯間．共同使用,鋼筋混凝土造,82年12月3日,四層,
RPWNMLOJIINFFAV17CA,25,.25,樓梯間．屋頂突出物．公同使用,鋼筋混凝土造,82年12月3日,四層,
RPWNMLOJIINFFAV17CA,25,.26,樓梯間．屋頂突出物．公同使用,鋼筋混凝土造,82年12月3日,四層,
RPWNMLOJIINFFAV17CA,25,.25,樓梯間．公同使用,鋼筋混凝土造,82年12月3日,四層,
RPWNMLOJIINFFAV17CA,25,.25,樓梯間．公同使用,鋼筋混凝土造,82年12月3日,四層,
RPWNMLOJIINFFAV17CA,25,.25,樓梯間．屋頂突出物．公同使用,鋼筋混凝土造,82年12月3日,四層,
RPWNMLOJIINFFAV17CA,25,.25,樓梯間．屋頂突出物．公同使用,鋼筋混凝土造,82年12月3日,四層,
RPWNMLOJIINFFAV17CA,25,.26,樓梯間．屋頂突出物．公同使用,鋼筋混凝土造,82年12月3日,四層,
RPWNMLOJIINFFAV17CA,25,.25,樓梯間．屋頂突出物．公同使用,鋼筋混凝土造,82年12月3日,四層,
RPWNMLOJIINFFAV17CA,25,.25,樓梯間．公同使用,鋼筋混凝土造,82年12月3日,四層,
RPWNMLOJIINFFAV17CA,25,.25,樓梯間．公同使用,鋼筋混凝土造,82年12月3日,四層,
RPWNMLOJIINFFAV17CA,25,.69,樓梯間．公同使用,鋼筋混凝土造,82年12月3日,四層,
RPWNMLOJIINFFAV17CA,25,.25,樓梯間．屋頂突出物．公同使用,鋼筋混凝土造,82年12月3日,四層,
RPWNMLOJIINFFAV17CA,25,.26,樓梯間．公同使用,鋼筋混凝土造,82年12月3日,四層,
RPWNMLOJIINFFAV17CA,25,2.26,避難室．機械室．共同使用,鋼筋混凝土造,82年12月3日,四層,
RPVNMLMJJINFFAV96CA,28,15.90,住家用,鋼筋混凝土造,79年7月13日,三層,一層 二層 三層 屋頂突出物 騎樓
RPTNMLMJJINFFAV76CA,28,79.52,住家用,鋼筋混凝土造,79年7月13日,三層,一層 二層 三層 屋頂突出物 騎樓
RPRNMLMKIINFFAV56CA,2,294.08,住宅、樓梯間,鋼筋混凝土造,105年11月16日,三層,一層 二層 三層 屋頂突出物 見其他登記事項
RPPNMLRKIINFFAV86CA,22,12.27,電梯．樓梯．通道．水箱．機械房．公共使用,鋼筋混凝土造,85年3月26日,八層,
RPPNMLRKIINFFAV86CA,22,18.75,防空避難室．停車空間,鋼筋混凝土造,85年3月26日,八層,
RPQNMLRKIINFFAV96CA,22,6.14,電梯．樓梯．通道．水箱．機械房．公共使用,鋼筋混凝土造,85年3月26日,八層,
RPQNMLRKIINFFAV96CA,22,9.37,防空避難室．停車空間,鋼筋混凝土造,85年3月26日,八層,
RPTNMLRKIINFFAV27CA,,54.76,住家用,磚石造,,一層,一層
RPWNMLRKIINFFAV57CA,22,12.27,電梯．樓梯．通道．水箱．機械房．公共使用,鋼筋混凝土造,85年3月26日,八層,
RPWNMLRKIINFFAV57CA,22,18.75,防空避難室．停車空間,鋼筋混凝土造,85年3月26日,八層,
RPVNMLMKIINFFAV96CA,23,158.16,住家用,鋼筋混凝土造,84年4月19日,四層,一層 二層 三層 四層 陽台
RPXNMLRKIINFFAV67CA,22,6.14,電梯．樓梯．通道．水箱．機械房．公共使用,鋼筋混凝土造,85年3月26日,八層,
RPXNMLRKIINFFAV67CA,22,9.37,防空避難室．停車空間,鋼筋混凝土造,85年3月26日,八層,
RPPNMLLJJINFFAV88CA,,207.30,住宅、樓梯間,ＲＣ造,107年7月24日,三層,一層 二層 三層 見其他登記事項 見其他登記事項
RPQNMLPKIINFFAV76CA,39,121.73,住家用,加強磚造,68年7月19日,二層,一層 二層
RPPNMLPKIINFFAV66CA,25,102.22,集合住宅,鋼筋混凝土造,82年12月3日,四層,二層 陽台
RPPNMLPKIINFFAV66CA,25,.67,樓梯間．公同使用,鋼筋混凝土造,82年12月3日,四層,
RPPNMLPKIINFFAV66CA,25,.24,樓梯間．屋頂突出物．公同使用,鋼筋混凝土造,82年12月3日,四層,
RPPNMLPKIINFFAV66CA,25,.24,樓梯間．屋頂突出物．公同使用,鋼筋混凝土造,82年12月3日,四層,
RPPNMLPKIINFFAV66CA,25,.25,樓梯間．屋頂突出物．公同使用,鋼筋混凝土造,82年12月3日,四層,
RPPNMLPKIINFFAV66CA,25,.24,樓梯間．公同使用,鋼筋混凝土造,82年12月3日,四層,
RPPNMLPKIINFFAV66CA,25,.24,樓梯間．公同使用,鋼筋混凝土造,82年12月3日,四層,
RPPNMLPKIINFFAV66CA,25,.24,樓梯間．屋頂突出物．公同使用,鋼筋混凝土造,82年12月3日,四層,
RPPNMLPKIINFFAV66CA,25,.25,樓梯間．公同使用,鋼筋混凝土造,82年12月3日,四層,
RPPNMLPKIINFFAV66CA,25,.25,樓梯間．屋頂突出物．公同使用,鋼筋混凝土造,82年12月3日,四層,
RPPNMLPKIINFFAV66CA,25,.25,樓梯間．屋頂突出物．公同使用,鋼筋混凝土造,82年12月3日,四層,
RPPNMLPKIINFFAV66CA,25,.24,樓梯間．屋頂突出物．公同使用,鋼筋混凝土造,82年12月3日,四層,
RPPNMLPKIINFFAV66CA,25,.24,樓梯間．屋頂突出物．公同使用,鋼筋混凝土造,82年12月3日,四層,
RPPNMLPKIINFFAV66CA,25,.25,樓梯間．屋頂突出物．公同使用,鋼筋混凝土造,82年12月3日,四層,
RPPNMLPKIINFFAV66CA,25,.24,樓梯間．公同使用,鋼筋混凝土造,82年12月3日,四層,
RPPNMLPKIINFFAV66CA,25,.25,樓梯間．公同使用,鋼筋混凝土造,82年12月3日,四層,
RPPNMLPKIINFFAV66CA,25,.24,樓梯間．公同使用,鋼筋混凝土造,82年12月3日,四層,
RPPNMLPKIINFFAV66CA,25,.24,樓梯間．屋頂突出物．公同使用,鋼筋混凝土造,82年12月3日,四層,
RPPNMLPKIINFFAV66CA,25,.24,樓梯間．公同使用,鋼筋混凝土造,82年12月3日,四層,
RPPNMLPKIINFFAV66CA,25,.25,樓梯間．屋頂突出物．公同使用,鋼筋混凝土造,82年12月3日,四層,
RPPNMLPKIINFFAV66CA,25,3.49,避難室．機械室．公同使用,鋼筋混凝土造,82年12月3日,四層,
RPPNMLPKIINFFAV66CA,25,2.43,樓梯間．公同使用,鋼筋混凝土造,82年12月3日,四層,
RPPNMLPKIINFFAV66CA,25,.24,樓梯間．公同使用,鋼筋混凝土造,82年12月3日,四層,
RPPNMLPKIINFFAV66CA,25,.24,樓梯間．公同使用,鋼筋混凝土造,82年12月3日,四層,
RPPNMLPKIINFFAV66CA,25,.24,樓梯間．公同使用,鋼筋混凝土造,82年12月3日,四層,
RPPNMLPKIINFFAV66CA,25,.24,樓梯間．共同使用,鋼筋混凝土造,82年12月3日,四層,
RPPNMLPKIINFFAV66CA,25,.24,樓梯間．屋頂突出物．公同使用,鋼筋混凝土造,82年12月3日,四層,
RPPNMLPKIINFFAV66CA,25,.24,樓梯間．屋頂突出物．公同使用,鋼筋混凝土造,82年12月3日,四層,
RPPNMLPKIINFFAV66CA,25,.25,樓梯間．公同使用,鋼筋混凝土造,82年12月3日,四層,
RPPNMLPKIINFFAV66CA,25,.24,樓梯間．屋頂突出物．公同使用,鋼筋混凝土造,82年12月3日,四層,
RPPNMLPKIINFFAV66CA,25,.24,樓梯間．公同使用,鋼筋混凝土造,82年12月3日,四層,
RPPNMLPKIINFFAV66CA,25,.24,樓梯間．公同使用,鋼筋混凝土造,82年12月3日,四層,
RPPNMLPKIINFFAV66CA,25,.67,樓梯間．公同使用,鋼筋混凝土造,82年12月3日,四層,
RPXNMLPKIINFFAV47CA,33,103.10,住家用,加強磚造,74年6月1日,二層,一層 二層
RPPNMLPKIINFFAV66CA,25,.24,樓梯間．屋頂突出物．公同使用,鋼筋混凝土造,82年12月3日,四層,
RPPNMLPKIINFFAV66CA,25,2.20,避難室．機械室．共同使用,鋼筋混凝土造,82年12月3日,四層,
RPSNMLQKIINFFAV07CA,25,24.28,集合住宅,鋼筋混凝土造,83年1月26日,七層,二層
RPSNMLQKIINFFAV07CA,25,.82,共有部分,鋼筋混凝土造,83年1月26日,七層,
RPSNMLQKIINFFAV07CA,25,.82,共有部分,鋼筋混凝土造,83年1月26日,七層,
RPSNMLQKIINFFAV07CA,25,.82,共有部分,鋼筋混凝土造,83年1月26日,七層,
RPSNMLQKIINFFAV07CA,25,.82,共有部分,鋼筋混凝土造,83年1月26日,七層,
RPSNMLQKIINFFAV07CA,25,.82,共有部分,鋼筋混凝土造,83年1月26日,七層,
RPSNMLQKIINFFAV07CA,25,.82,共有部分,鋼筋混凝土造,83年1月26日,七層,
RPSNMLQKIINFFAV07CA,25,.82,共有部分,鋼筋混凝土造,83年1月26日,七層,
RPSNMLQKIINFFAV07CA,25,6.16,共有部分,鋼筋混凝土造,83年1月26日,七層,
RPQNMLQKIINFFAV86CA,31,46.25,住宅．避難室,鋼筋混凝土造,77年1月21日,四層,一層 二層 三層 四層 地下層
RPUNMLMJJINFFAV86CA,28,15.90,住家用,鋼筋混凝土造,79年7月13日,三層,一層 二層 三層 屋頂突出物 騎樓
RPWNMLMJJINFFAV07CA,28,15.90,住家用,鋼筋混凝土造,79年7月13日,三層,一層 二層 三層 屋頂突出物 騎樓
RPRNMLQKIINFFAV07DA,25,27.05,集合住宅,鋼筋混凝土造,82年5月22日,十二層,十一層 陽台
RPRNMLQKIINFFAV07DA,25,3.45,共有部分,鋼筋混凝土造,82年5月22日,十二層,
RPRNMLQKIINFFAV07DA,25,7.26,走廊．電樓梯間接（共同使用部分）,鋼筋混凝土造,82年5月22日,十二層,
RPPNMLSKIINFFAV07DA,39,107.93,住家用,加強磚造,69年3月19日,二層,一層 二層 騎樓
RPQNMLQJJINFFCV07CA,13,209.91,住宅、店舖,鋼筋混凝土造,94年7月12日,二層,一層 二層 騎樓 見其他登記事項
RPVNMLQKIINFFAV37CA,25,31.01,集合住宅,鋼筋混凝土造,82年5月22日,十二層,十一層 陽台
RPVNMLQKIINFFAV37CA,25,8.49,走廊．電樓梯間接（共同使用部分）,鋼筋混凝土造,82年5月22日,十二層,
RPVNMLQKIINFFAV37CA,25,4.03,共有部分,鋼筋混凝土造,82年5月22日,十二層,
RPSNMLRKIINFFAV17CA,5,306.26,住家用,ＲＣ造,102年12月18日,四層,一層 二層 三層 四層 見其他登記事項
RPTOMLRKIINFFAV37CA,22,6.14,電梯．樓梯．通道．水箱．機械房．公共使用,鋼筋混凝土造,85年3月26日,八層,
RPTOMLRKIINFFAV37CA,22,9.37,防空避難室．停車空間,鋼筋混凝土造,85年3月26日,八層,
RPROMLRKIINFFAV17CA,22,6.14,電梯．樓梯．通道．水箱．機械房．公共使用,鋼筋混凝土造,85年3月26日,八層,
RPROMLRKIINFFAV17CA,22,9.37,防空避難室．停車空間,鋼筋混凝土造,85年3月26日,八層,
RPPOMLRKIINFFAV96CA,22,6.14,電梯．樓梯．通道．水箱．機械房．公共使用,鋼筋混凝土造,85年3月26日,八層,
RPPOMLRKIINFFAV96CA,22,9.37,防空避難室．停車空間,鋼筋混凝土造,85年3月26日,八層,
RPVOMLRKIINFFAV57CA,22,6.14,電梯．樓梯．通道．水箱．機械房．公共使用,鋼筋混凝土造,85年3月26日,八層,
RPVOMLRKIINFFAV57CA,22,9.37,防空避難室．停車空間,鋼筋混凝土造,85年3月26日,八層,
RPUOMLRKIINFFAV47CA,22,6.14,電梯．樓梯．通道．水箱．機械房．公共使用,鋼筋混凝土造,85年3月26日,八層,
RPUOMLRKIINFFAV47CA,22,9.37,防空避難室．停車空間,鋼筋混凝土造,85年3月26日,八層,
RPSOMLRKIINFFAV27CA,22,6.14,電梯．樓梯．通道．水箱．機械房．公共使用,鋼筋混凝土造,85年3月26日,八層,
RPSOMLRKIINFFAV27CA,22,9.37,防空避難室．停車空間,鋼筋混凝土造,85年3月26日,八層,
RPOOMLRKIINFFAV86CA,22,6.14,電梯．樓梯．通道．水箱．機械房．公共使用,鋼筋混凝土造,85年3月26日,八層,
RPOOMLRKIINFFAV86CA,22,9.37,防空避難室．停車空間,鋼筋混凝土造,85年3月26日,八層,
RPVNMLOLIINFFAV37DA,26,400.27,住家用,鋼筋混凝土造,81年12月31日,三層,一層 二層 三層 屋頂突出物 騎樓
RPUNMLNLIINFFAV07CA,24,133.00,住家用,鋼筋混凝土造,83年3月8日,三層,一層 二層 三層
RPTNMLNLIINFFAV96CA,25,133.00,住家用,鋼筋混凝土造,83年3月8日,三層,一層 二層 三層
RPQNMLSKIINFFAV07CA,27,72.77,住家用,鋼筋混凝土造,80年7月17日,五層,五層
RPQNMLSKIINFFAV07CA,27,7.02,共同使用部份．樓梯間,鋼筋混凝土造,80年7月17日,五層,
RPVNMLTKIINFFAV67CA,25,95.83,集合住宅,鋼筋混凝土造,82年8月14日,七層,三層 陽台 花台
RPVNMLTKIINFFAV67CA,25,9.48,樓梯間,鋼筋混凝土造,82年8月14日,七層,
RPVNMLTKIINFFAV67CA,25,18.07,騎樓樓梯間、門廳、水箱、地下停車場,鋼筋混凝土造,82年8月14日,七層,
RPVNMLTKIINFFAV67CA,25,1.47,樓梯間,鋼筋混凝土造,82年8月14日,七層,
RPPNMLTKIINFFAV07CA,1,93.07,店舖,ＲＣ造,107年3月23日,九層,一層 騎樓 見其他登記事項
RPPNMLTKIINFFAV07CA,1,52.72,停車空間、騎樓、樓梯間、機械室、蓄水池,ＲＣ造,107年3月23日,九層,
RPSNMLTKIINFFAV37CA,35,135.81,住商用,加強磚造,72年11月29日,二層,一層 二層 騎樓
RPTNMLTKIINFFAV47CA,32,137.39,住家用,加強磚造,76年1月6日,二層,一層 二層 屋頂突出物 騎樓
RPPNMLKKJINFFAV98DA,44,15.87,商業用,鐵筋水泥磚,63年8月7日,一層,一層 騎樓
RPPNMLPLIINFFDV07CA,24,31.54,套房,鋼筋混凝土造,83年9月30日,八層,六層 陽台
RPPNMLPLIINFFDV07CA,24,6.07,樓梯間．門房走道,鋼筋混凝土造,83年9月30日,八層,
RPPNMLMLIINFFAV09CA,,233.10,住宅、樓梯間,ＲＣ造,107年4月25日,三層,一層 二層 三層 見其他登記事項 見其他登記事項
RPQNMLPLIINFFAV86CA,22,33.22,集合住宅,鋼筋混凝土造,85年6月28日,九層,六層 陽台 花台
RPQNMLPLIINFFAV86CA,22,6.91,電梯，樓梯共同使用,鋼筋混凝土造,85年6月28日,九層,
RPQNMLPLIINFFAV86CA,22,4.10,配電室．樓梯．電梯．機械房．通道．水箱．人行共同使用,鋼筋混凝土造,85年6月28日,九層,
RPRNMLOLIINFFAV86CA,21,165.79,住家用,鋼筋混凝土造,86年3月27日,三層,一層 二層 三層 見其他登記事項
RPRNMLNLIINFFAV76CA,22,66.56,集合住宅,鋼筋混凝土造,85年6月28日,九層,四層 陽台 花台
RPRNMLNLIINFFAV76CA,22,8.20,配電室．樓梯．電梯．機械房．通道．水箱．人行共同使用,鋼筋混凝土造,85年6月28日,九層,
RPRNMLNLIINFFAV76CA,22,13.81,電梯，樓梯共同使用,鋼筋混凝土造,85年6月28日,九層,
RPQNMLQLIINFFCV17CA,27,186.03,住家用,鋼筋混凝土造,81年1月25日,二層,一層 二層
RPRNMLKMIINFFAV56CA,24,36.92,集合住宅,鋼筋混凝土造,84年3月27日,十層,三層 陽台
RPPNMLQLIINFFCV07CA,24,181.52,住家用,鋼筋混凝土造,83年12月30日,三層,一層 二層 三層
RPRNMLKMIINFFAV56CA,24,8.37,電梯、門廊、水箱、樓梯、配電室、機械室公同共有使用,鋼筋混凝土造,84年3月27日,十層,
RPVNMLLJJINFFAV86CA,,206.94,住宅、樓梯間,ＲＣ造,107年7月24日,三層,一層 二層 三層 見其他登記事項 見其他登記事項
RPTNMLTLIINFFAV57CA,2,171.36,住家用,ＲＣ造,105年4月19日,三層,一層 二層 三層 見其他登記事項
RPTNMLTLIINFFAV57CA,2,171.36,住家用,ＲＣ造,105年4月19日,三層,一層 二層 三層 見其他登記事項
RPWNMLLJJINFFAV96CA,,207.30,住宅、樓梯間,ＲＣ造,107年7月24日,三層,一層 二層 三層 見其他登記事項 見其他登記事項
RPQNMLNLIINFFAV66CA,2,301.21,住家用,鋼筋混凝土造,105年7月5日,四層,一層 二層 三層 四層 見其他登記事項
RPXNMLLJJINFFAV07CA,,225.52,住宅,ＲＣ造,107年5月15日,四層,一層 二層 三層 四層 見其他登記事項
RPTNMLPLIINFFAV17CA,29,149.20,住家用,加強磚造,78年5月19日,二層,一層 二層 陽台 屋頂突出物
RPOOMLOLIINFFAV66CA,37,119.82,住家用,加強磚造,70年12月26日,二層,一層 二層
RPTNMLLJJINFFAV66CA,,207.30,住宅、樓梯間,ＲＣ造,107年7月24日,三層,一層 二層 三層 見其他登記事項 見其他登記事項
RPRNMLQLIINFFAV17DA,23,127.44,鄉村住宅,鋼筋混凝土造,84年5月16日,三層,一層 二層 三層 見其他登記事項
RPWNMLTLIINFFAV87CA,21,216.33,住家用,鋼筋混凝土造,86年6月2日,三層,一層 二層 三層 陽台 平台
RPPNMLRLIINFFDV27CA,24,31.54,套房,鋼筋混凝土造,83年9月30日,八層,六層 陽台
RPPNMLRLIINFFDV27CA,24,6.07,樓梯間．門房走道,鋼筋混凝土造,83年9月30日,八層,
RPTNMLQLIINFFAV27CA,50,67.00,住家用,鐵筋水泥磚,58年2月1日,二層,一層 二層
RPTNMLQLIINFFAV27CA,41,119.64,住家用,加強磚造,66年11月18日,二層,一層 二層 騎樓
RPQNMLRLIINFFDV37CA,22,128.36,住家用,鋼筋混凝土造,86年2月11日,三層,一層 二層 三層
RPVNMLQJJINFFAV37CA,8,228.90,住家用,ＲＣ造,100年1月31日,三層,一層 二層 三層 見其他登記事項
RPQNMLTLIINFFAV27CA,23,177.50,住商用,鋼筋混凝土造,84年6月9日,三層,一層 二層 三層 陽台 屋頂突出物 騎樓
RPTNMLKMIINFFAV76CA,15,347.06,騎樓、店舖、住宅,鋼筋混凝土造,92年1月24日,四層,一層 二層 三層 四層 屋頂突出物 騎樓 見其他登記事項
RPUNMLLJJINFFAV76CA,,206.98,住宅、樓梯間,ＲＣ造,107年7月24日,三層,一層 二層 三層 見其他登記事項 見其他登記事項
RPPNMLOKJINFFAV76DA,25,85.96,集合住宅,鋼筋混凝土造,82年8月14日,七層,六層 陽台 花台
RPPNMLOKJINFFAV76DA,25,15.24,騎樓樓梯間、門廳、水箱、地下停車場,鋼筋混凝土造,82年8月14日,七層,
RPPNMLOKJINFFAV76DA,25,1.48,樓梯間,鋼筋混凝土造,82年8月14日,七層,
RPPNMLOKJINFFAV76DA,25,9.59,樓梯間,鋼筋混凝土造,82年8月14日,七層,
RPPNMLKMIINFFAV09DA,44,50.69,住家用,水泥磚木蓋瓦,63年7月10日,一層,一層 騎樓 廚房
RPXNMLMJJINFFAV17CA,23,168.27,住家用,鋼筋混凝土造,84年7月12日,三層,一層 二層 三層 見其他登記事項
RPPNMLSKJINFFAV07CA,25,.82,共有部分,鋼筋混凝土造,83年1月26日,七層,
RPPNMLSKJINFFAV07CA,25,24.32,集合住宅,鋼筋混凝土造,83年1月26日,七層,二層
RPPNMLSKJINFFAV07CA,25,.82,共有部分,鋼筋混凝土造,83年1月26日,七層,
RPPNMLSKJINFFAV07CA,25,.82,共有部分,鋼筋混凝土造,83年1月26日,七層,
RPPNMLSKJINFFAV07CA,25,.82,共有部分,鋼筋混凝土造,83年1月26日,七層,
RPPNMLSKJINFFAV07CA,25,.82,共有部分,鋼筋混凝土造,83年1月26日,七層,
RPPNMLSKJINFFAV07CA,25,.82,共有部分,鋼筋混凝土造,83年1月26日,七層,
RPPNMLSKJINFFAV07CA,25,.82,共有部分,鋼筋混凝土造,83年1月26日,七層,
RPPNMLSKJINFFAV07CA,25,6.16,共有部分,鋼筋混凝土造,83年1月26日,七層,
RPSNMLTLIINFFAV47CA,23,160.12,集合住宅,鋼筋混凝土造,85年3月26日,八層,五層 見其他登記事項
RPSNMLTLIINFFAV47CA,23,24.47,電梯．樓梯．通道．水箱．機械房．公共使用,鋼筋混凝土造,85年3月26日,八層,
RPSNMLTLIINFFAV47CA,23,37.38,防空避難室．停車空間,鋼筋混凝土造,85年3月26日,八層,
RPSNMLLMIINFFAV76CA,1,237.32,住宅、樓梯間,ＲＣ造,107年3月23日,三層,一層 二層 三層 見其他登記事項 見其他登記事項
RPQNMLLJJINFFCV56CA,,92.60,住商用,鐵筋水泥磚,,二層,一層 二層 騎樓
RPVNMLKMIINFFAV96CA,31,127.15,住家用,加強磚造,76年9月1日,二層,一層 二層 屋頂突出物
RPTNMLLMIINFFAV86CA,21,87.35,集合住宅,鋼筋混凝土造,86年9月26日,五層,四層 陽台
RPTNMLLMIINFFAV86CA,21,18.27,儲藏室、停車空間、蓄水池,鋼筋混凝土造,86年9月26日,五層,
RPTNMLLMIINFFAV86CA,21,13.35,見其他登記事項,,86年9月26日,五層,
RPWNMLKMIINFFAV07CA,6,284.68,住家用,ＲＣ造,101年11月23日,四層,一層 二層 三層 四層 雨遮 見其他登記事項
RPXNMLKMIINFFAV17CA,27,156.46,住家用,鋼筋混凝土造,80年6月3日,三層,一層 二層 三層
RPQNMLPJJINFFDV07CA,24,6.07,樓梯間．門房走道,鋼筋混凝土造,83年9月30日,八層,
RPQNMLPJJINFFDV07CA,24,31.54,套房,鋼筋混凝土造,83年9月30日,八層,八層 陽台
RPWNMLNLJINFFAV37CA,,207.30,住宅、樓梯間,ＲＣ造,107年7月24日,三層,一層 二層 三層 見其他登記事項 見其他登記事項
RPQNMLSKJINFFAV17CA,24,100.22,集合住宅　　,鋼筋混凝土造,84年2月17日,八層,八層 陽台 花台
RPQNMLSKJINFFAV17CA,24,12.74,車道、警衛室、托兒所、電梯、樓梯,鋼筋混凝土造,84年2月17日,八層,
RPQNMLSKJINFFAV17CA,24,17.65,防空避難室暨停車空間、配電室,鋼筋混凝土造,84年2月17日,八層,
RPPNMLMJJINFFAV98CA,35,93.87,集合住宅,鋼筋混凝土造,72年10月12日,四層,一層 平台 騎樓
RPPNMLMJJINFFAV98CA,,6.51,樓梯間,鋼筋混凝土造,,四層,
RPSNMLMJJINFFAV66CA,43,82.32,住家用,鐵筋水泥磚,64年10月28日,二層,一層 二層
RPOOMLLJJINFFAV88CA,1,220.45,住宅,ＲＣ造,107年2月1日,三層,一層 二層 三層 見其他登記事項
RPRNMLMJJINFFAV56CA,25,30.33,住家用,鋼筋混凝土造,82年10月27日,六層,二層
RPRNMLMJJINFFAV56CA,25,15.66,共同使用部份：樓梯．電梯．地下室．走廊,鋼筋混凝土造,82年10月27日,六層,
RPPOMLLJJINFFAV98CA,40,62.98,住家用,水泥磚木蓋瓦,67年6月30日,一層,一層
RPPNMLPJJINFFAV66CA,40,127.91,住家用,加強磚造,67年10月5日,二層,一層 二層 騎樓
RPRNMLPJJINFFAV86CA,5,308.80,住家用,ＲＣ造,102年7月15日,三層,一層 二層 三層 見其他登記事項
RPOOMLNLJINFFAV66CA,42,102.74,住家用,鐵筋水泥磚,65年12月24日,二層,一層 二層 騎樓 夾層
RPPNMLQJJINFFAV76CA,41,111.76,住家用,加強磚造鋼筋水泥造,66年8月26日,二層,一層 二層 騎樓
RPRNMLQKJINFFAV17DA,24,76.24,集合住宅,鋼筋混凝土造,83年4月19日,十四層,二層 陽台
RPRNMLQKJINFFAV17DA,24,28.98,避難室，電梯．樓梯．地下室．通廊共同使用,鋼筋混凝土造,83年4月19日,十四層,
RPQNMLTJJINFFAV17CA,23,213.08,人行、店鋪住宅,鋼筋混凝土造,84年5月16日,四層,一層 二層 三層 四層 騎樓
RPRNMLMKJINFFAV66CA,1,486.34,住宅、樓梯間,ＲＣ造,107年2月22日,四層,一層 二層 三層 四層 屋頂突出物 見其他登記事項
RPRNMLRJJINFFAV07CA,22,29.35,集合住宅,鋼筋混凝土造,85年6月28日,九層,二層 陽台
RPRNMLRJJINFFAV07CA,22,3.56,配電室．樓梯．電梯．機械房．通道．水箱．人行共同使用,鋼筋混凝土造,85年6月28日,九層,
RPRNMLRJJINFFAV07CA,22,6.33,電梯，樓梯共同使用,鋼筋混凝土造,85年6月28日,九層,
RPSNMLRJJINFFAV17CA,,200.18,住家用,ＲＣ造,107年7月24日,三層,一層 二層 三層 見其他登記事項
RPRNMLQJJINFFAV96CA,,193.13,騎樓、住宅,ＲＣ造,107年8月28日,三層,一層 二層 三層 騎樓 見其他登記事項
RPQOMLNLJINFFAV86CA,31,133.49,住商用,鋼筋混凝土造,76年4月18日,三層,一層 二層 三層 屋頂突出物 騎樓 地下層
RPQNMLQKJINFFBV07CA,13,250.73,住家用,加強磚造,94年5月12日,三層,一層 二層 三層
RPPNMLPKJINFFDV07CA,23,34.99,套房,鋼筋混凝土造,84年7月14日,八層,六層 見其他登記事項
RPPNMLPKJINFFDV07CA,23,8.68,樓梯．電梯．機械房．水箱．清水池．走道．陽台．屋頂突出物,鋼筋混凝土造,84年7月14日,八層,
RPQNMLLLJINFFDV86CA,24,31.54,套房,鋼筋混凝土造,83年9月30日,八層,四層 陽台
RPQNMLLLJINFFDV86CA,24,6.07,樓梯間．門房走道,鋼筋混凝土造,83年9月30日,八層,
RPWNMLTJJINFFAV77CA,13,118.69,集合住宅,鋼筋混凝土造,95年3月10日,十層,五層 陽台
RPWNMLTJJINFFAV77CA,13,90.40,防空避難室、停車空間、梯廳、水箱、走道、社區活動中心、社區管理中心、突出物、儲藏室、機械室、配線室（共同使用部份）,鋼筋混凝土造,95年3月10日,十層,
RPPNMLKLJINFFAV98CA,25,217.52,住家用,鋼筋混凝土造,83年1月27日,四層,一層 二層 三層 四層 陽台
RPUNMLSJJINFFAV47CA,13,111.88,集合住宅,鋼筋混凝土造,95年3月10日,十層,六層 陽台
RPUNMLSJJINFFAV47CA,13,70.32,公共空間、機械室、梯廳、儲藏室、管理委員會辦公室、社區活動中心、防空避難室、停車空間、樓梯間、水箱、機械室、走廊、社區管理中心、社區活動中心（共同使用部份）,鋼筋混凝土造,95年3月10日,十層,
RPPNMLTKJINFFAV17CA,1,214.25,住宅,ＲＣ造,107年2月1日,三層,一層 二層 三層 見其他登記事項
RPROMLNLJINFFAV96CA,31,130.76,住商用,鋼筋混凝土造,76年4月18日,三層,一層 二層 三層 屋頂突出物 騎樓 地下層
RPPNMLNLJINFFAV66CA,40,131.86,住家用,加強磚造,67年11月22日,二層,一層 二層
RPTNMLKLJINFFAV76CA,40,136.00,住家用,磚石造瓦屋頂,67年4月1日,一層,一層 騎樓
RPPNMLOKJINFFDV96CA,19,36.90,出租套房,鋼筋混凝土造,82年11月8日,八層,二層 陽台
RPPNMLOKJINFFDV96CA,19,13.54,出租套房（共同使用）．樓梯間．機械房．水箱,鋼筋混凝土造,82年11月8日,八層,
RPPNMLMKJINFFAV56DA,39,119.54,住家用,加強磚造,69年3月12日,二層,一層 二層 騎樓
RPPNMLLLJINFFAV09CA,7,203.87,住宅、樓梯間,ＲＣ造,100年5月13日,三層,一層 二層 三層 屋頂突出物 見其他登記事項
RPVNMLMKJINFFAV07CA,,66.64,住家用,木造,,一層,一層 騎樓
RPTNMLOKJINFFAV07CA,25,21.81,集合住宅,鋼筋混凝土造,83年1月26日,七層,三層 陽台
RPTNMLOKJINFFAV07CA,25,.48,共有部分,鋼筋混凝土造,83年1月26日,七層,
RPTNMLOKJINFFAV07CA,25,.48,共有部分,鋼筋混凝土造,83年1月26日,七層,
RPTNMLOKJINFFAV07CA,25,.48,共有部分,鋼筋混凝土造,83年1月26日,七層,
RPTNMLOKJINFFAV07CA,25,.48,共有部分,鋼筋混凝土造,83年1月26日,七層,
RPTNMLOKJINFFAV07CA,25,.48,共有部分,鋼筋混凝土造,83年1月26日,七層,
RPTNMLOKJINFFAV07CA,25,.48,共有部分,鋼筋混凝土造,83年1月26日,七層,
RPTNMLOKJINFFAV07CA,25,.49,共有部分,鋼筋混凝土造,83年1月26日,七層,
RPTNMLOKJINFFAV07CA,25,3.66,共有部分,鋼筋混凝土造,83年1月26日,七層,
