﻿編號,土地位置,土地移轉面積(平方公尺),使用分區或編定,權利人持分分母,權利人持分分子,移轉情形,地號
The serial number, land position,land shifting area square meter,the use zoning or compiles and checks,,,,land parcel
RPPNMLOKQHNFFAW37CA,湖前段,59.64,都市：其他:自然村專用區,10000,751,持分移轉,03990000
RPUNMLRKQHNFFAW18CA,新頭段,.23,都市：其他:自然村專用區,10000,1,持分移轉,07370000
RPSNMLRKQHNFFAW97CA,城隍廟段,33.88,都市：商,1,1,全筆移轉,05780000
RPUNMLRKQHNFFAW18CA,新頭段,116.71,都市：其他:自然村專用區,1,1,全筆移轉,07370046
RPSNMLRKQHNFFAW97CA,城隍廟段,4.12,都市：其他:道路用地,1,1,全筆移轉,05790000
RPQNMLOKQHNFFAW47CA,祥和段,26.90,都市：其他:道路用地,1,1,全筆移轉,06790001
RPPNMLKLQHNFFAW07CA,浯坑劃測段,900.80,都市：農,1,1,全筆移轉,09350000
RPRNMLSLQHNFFAW08CA,北二三劃測段,334.98,都市：農,1,1,全筆移轉,05940000
RPRNMLSLQHNFFAW08CA,北二三劃測段,115.00,都市：其他:道,1,1,全筆移轉,05940001
RPWNMLNJRHNFFAW97CA,陳坑段,216.00,都市：住,1,1,全筆移轉,08610000
RPRNMLSLQHNFFAW08CA,北二三劃測段,550.02,都市：農,1,1,全筆移轉,05940002
RPOPMLKLQHNFFAW27DA,東面山測段,42.74,都市：其他:道路用地,1,1,全筆移轉,10030001
RPVNMLRKQHNFFAW28CA,寧湖二劃測段,52.04,都市：其他:自然村專用區,135830,16456,持分移轉,07640000
RPQPMLKLQHNFFAW47DA,陽宅段,663.00,都市：農,1,1,全筆移轉,13910000
RPQNMLKLQHNFFAW17CA,湖尾段,964.78,都市：農,1,1,全筆移轉,11910000
RPSNMLKLQHNFFAW37CA,賢聚測段,42.08,都市：其他:自然村專用區,6,1,持分移轉,01400003
RPXNMLSLQHNFFAW68CA,湖尾村段,130.00,都市：其他:自然村,1,1,全筆移轉,00660001
RPWNMLKKRHNFFAW77CA,新頭段,1.81,都市：其他:自然村專用區,10000,8,持分移轉,07370000
RPWNMLKKRHNFFAW77CA,新頭段,98.28,都市：其他:自然村專用區,1,1,全筆移轉,07370024
RPTNMLKKRHNFFAW47CA,沙港劃段,1000.07,都市：農,1,1,全筆移轉,01700000
RPVNMLKKRHNFFAW67CA,后頭段,180.08,都市：其他:自然村專用區,1,1,全筆移轉,00810001
RPROMLRJRHNFFAW97CA,湖前段,59.90,都市：其他:自然村專用區,997010,5990,持分移轉,04210000
RPWNMLRJRHNFFAW38CA,湖前段,68.68,都市：其他:自然村專用區,997010,6868,持分移轉,04210000
RPPOMLRJRHNFFAW77CA,湖前段,59.90,都市：其他:自然村專用區,997010,5990,持分移轉,04210000
RPOOMLRJRHNFFAW67CA,湖前段,67.36,都市：其他:自然村專用區,997010,6736,持分移轉,04210000
RPSOMLRJRHNFFAW08CA,湖前段,59.90,都市：其他:自然村專用區,997010,5990,持分移轉,04210000
RPXNMLRJRHNFFAW48CA,湖前段,67.36,都市：其他:自然村專用區,997010,6736,持分移轉,04210000
RPQOMLRJRHNFFAW87CA,湖前段,59.90,都市：其他:自然村專用區,997010,5990,持分移轉,04210000
RPUNMLRJRHNFFAW18CA,湖前段,67.36,都市：其他:自然村專用區,997010,6736,持分移轉,04210000
RPVNMLRJRHNFFAW28CA,湖前段,68.68,都市：其他:自然村專用區,997010,6868,持分移轉,04210000
RPTOMLRJRHNFFAW18CA,湖前段,68.68,都市：其他:自然村專用區,997010,6868,持分移轉,04210000
RPPNMLKKRHNFFAW07CA,湖前段,111.32,都市：其他:自然村專用區,997010,11132,持分移轉,04210000
RPQPMLRJRHNFFAW97CA,湖前段,67.36,都市：其他:自然村專用區,997010,6736,持分移轉,04210000
RPRPMLRJRHNFFAW08CA,湖前段,59.90,都市：其他:自然村專用區,997010,5990,持分移轉,04210000
RPUNMLKKRHNFFAW57CA,高坑劃測段,26.56,都市：其他:自然村專用區,40130,2656,持分移轉,03020000
RPUNMLKKRHNFFAW57CA,高坑劃測段,26.56,都市：其他:自然村專用區,40130,2656,持分移轉,03020000
RPSNMLKKRHNFFAW37CA,湖前段,111.32,都市：其他:自然村專用區,997010,11132,持分移轉,04210000
RPRNMLKKRHNFFAW27CA,湖前段,109.14,都市：其他:自然村專用區,997010,10914,持分移轉,04210000
RPUNMLKMQHNFFAW67CA,歐厝村段,156.00,都市：其他:第一類一般管制區生活發展用地,1,1,全筆移轉,01650000
RPRNMLOLQHNFFAW67CA,湖前段,99.32,都市：其他:自然村專用區,1,1,全筆移轉,05260002
RPXNMLNJRHNFFAW08CA,庵前劃測段,445.00,都市：住,1,1,全筆移轉,03870000
RPTNMLKMQHNFFAW57CA,北四劃段,347.00,都市：農,1,1,全筆移轉,06020000
RPOPMLKMQHNFFAW27CA,西山段,701.01,都市：農,1,1,全筆移轉,06090000
RPOPMLKMQHNFFAW27CA,西山段,307.94,都市：其他:自然村專用區,1,1,全筆移轉,06090001
RPQPMLKMQHNFFAW47CA,湖前段,222.64,都市：其他:自然村專用區,997010,22264,持分移轉,04210000
RPSNMLTLQHNFFAW38DA,小西門劃測段,31.12,都市：農,1,1,全筆移轉,22220000
RPRNMLTLQHNFFAW28DA,山前段,266.00,都市：農,1,1,全筆移轉,03520001
RPPPMLRJRHNFFAW87CA,湖前段,67.36,都市：其他:自然村專用區,997010,6736,持分移轉,04210000
RPWOMLRJRHNFFAW48CA,湖前段,67.36,都市：其他:自然村專用區,997010,6736,持分移轉,04210000
RPUOMLRJRHNFFAW28CA,湖前段,68.68,都市：其他:自然村專用區,997010,6868,持分移轉,04210000
RPOPMLRJRHNFFAW77CA,湖前段,68.68,都市：其他:自然村專用區,997010,6868,持分移轉,04210000
RPVOMLRJRHNFFAW38CA,湖前段,67.36,都市：其他:自然村專用區,997010,6736,持分移轉,04210000
RPXOMLRJRHNFFAW58CA,湖前段,68.68,都市：其他:自然村專用區,997010,6868,持分移轉,04210000
RPXOMLSLQHNFFAW88DA,沙港劃段,38.37,都市：住,3,1,持分移轉,12300000
RPOPMLSLQHNFFAW97CA,中一段,54.21,都市：其他:農業區建地目,11000,1348,持分移轉,03220000
RPOPMLSLQHNFFAW97CA,中一段,55.24,都市：其他:農業區建地目,1,1,全筆移轉,03260000
RPOOMLSLQHNFFAW87CA,后宅段,127.00,都市：其他:自然村專用區,1,1,全筆移轉,12830000
RPWOMLSLQHNFFAW68CA,吳厝村段,155.00,都市：其他:自然村專用區,1,1,全筆移轉,01170000
RPPNMLNJRHNFFAW27CA,汶沙測段,255.03,都市：其他:社教用地,1,1,全筆移轉,15400000
RPPNMLNJRHNFFAW27CA,汶沙測段,67.98,都市：其他:綠地、道路,1,1,全筆移轉,15400001
RPPNMLNJRHNFFAW27CA,汶沙測段,46.87,都市：其他:綠地,1,1,全筆移轉,15400002
RPPPMLSLQHNFFAW08CA,中一段,54.21,都市：其他:農業區建地目,11000,1348,持分移轉,03220000
RPPPMLSLQHNFFAW08CA,中一段,55.20,都市：其他:農業區建地目,1,1,全筆移轉,03250000
RPSNMLSLQHNFFAW18CA,庵前劃測段,800.02,都市：農,1,1,全筆移轉,02510000
RPRNMLNJRHNFFAW57DA,洋山段,232.00,都市：農,1,1,全筆移轉,10710000
RPQNMLLMQHNFFAW47DA,歐厝段,1149.29,都市：其他:國家公園區-第二類一般管制區,2,1,持分移轉,09760005
RPUNMLTLQHNFFAW58DA,士校段,1824.01,都市：其他:國家公園區-第二類一般管制區,1,1,全筆移轉,01400000
RPUNMLTLQHNFFAW58DA,士校段,250.71,都市：其他:國家公園區道路用地-第二類一般管制區，金門特定計畫區,1,1,全筆移轉,01390008
RPVNMLNJRHNFFAW97DA,后宅測段,320.45,都市：農,1,1,全筆移轉,01750000
RPPNMLTLQHNFFAW08DA,西堡劃測段,166.67,都市：農,1,1,全筆移轉,05110001
RPQNMLSLQHNFFAW08DA,東洲段,1460.85,都市：農,1,1,全筆移轉,08030000
RPVNMLTLQHNFFAW58CA,旗牌段,108.80,都市：住,4,1,持分移轉,03760002
RPPNMLLMQHNFFAW27CA,寧安二劃段,150.00,都市：農,6,1,持分移轉,04260000
RPSNMLKMQHNFFAW47CA,金門城段,46.30,都市：其他:自然村專用區,10000,1456,持分移轉,06540000
RPRNMLRJRHNFFAW87CA,庵邊段,41.67,都市：住,12,1,持分移轉,06000000
RPRNMLRJRHNFFAW87CA,庵邊段,41.67,都市：住,12,1,持分移轉,06000000
RPOOMLKMQHNFFAW17CA,下埔下段,84.00,都市：其他:自然村專用區,1,1,全筆移轉,00360001
RPPPMLKMQHNFFAW37CA,后宅測段,1613.34,都市：農,1,1,全筆移轉,01980000
RPOOMLKKRHNFFAW07CA,新頭段,14.26,都市：其他:自然村專用區,10000,63,持分移轉,07370000
RPOOMLKKRHNFFAW07CA,新頭段,86.23,都市：其他:自然村專用區,1,1,全筆移轉,07370033
RPSNMLNJRHNFFAW57CA,官嶼劃段,984.00,都市：農,1,1,全筆移轉,02790000
RPSNMLNJRHNFFAW57CA,官嶼劃段,16.00,都市：農,1,1,全筆移轉,02790001
RPQOMLOJRHNFFAW57CA,寧劃段,245.30,都市：農,2,1,持分移轉,08620000
RPOOMLNJRHNFFAW27CA,洋山段,23.26,都市：住,10000,495,持分移轉,09930000
RPOOMLNJRHNFFAW27CA,洋山段,19.60,都市：住,10000,495,持分移轉,10200000
RPVNMLOJRHNFFAW97CA,汶沙測段,303.61,都市：其他:道路用地,1,1,全筆移轉,15260000
RPWNMLOJRHNFFAW08CA,山外段,120.00,都市：住,1,1,全筆移轉,01290000
RPPNMLQJRHNFFAW57CA,東洲段,29.38,都市：其他:自然村專用區,20000,791,持分移轉,04880000
RPPNMLQJRHNFFAW57CA,東洲段,29.38,都市：其他:自然村專用區,20000,791,持分移轉,04880000
RPTNMLOJRHNFFAW77CA,大園段,490.15,都市：其他:國家公園區,1,1,全筆移轉,01650000
RPTNMLOJRHNFFAW77CA,大園段,447.90,都市：其他:國家公園區,1,1,全筆移轉,02960000
RPTNMLOJRHNFFAW77CA,山后段,420.35,都市：其他:國家公園區,1,1,全筆移轉,07620000
RPTOMLKKRHNFFAW57CA,官澳段,73.75,都市：住,4,1,持分移轉,12130000
RPXNMLOJRHNFFAW28DA,祥瑞段,1.62,都市：其他:道路用地、第二種住宅區,6534,2370,持分移轉,07060000
RPOOMLOJRHNFFAW47DA,延平段,666.86,都市：農,1,1,全筆移轉,00830001
RPUNMLQJRHNFFAW08CA,城北段,11.34,都市：商,2,1,持分移轉,06820000
RPUNMLQJRHNFFAW08CA,城北段,.88,都市：其他:道路,2,1,持分移轉,06810000
RPSNMLLLRHNFFAW67DA,寧湖一劃段,125.00,都市：農,2,1,持分移轉,01930001
RPSNMLLLRHNFFAW67DA,寧湖一劃段,123.38,都市：農,2,1,持分移轉,02350001
RPSNMLLLRHNFFAW67DA,寧湖三劃段,125.00,都市：農,2,1,持分移轉,05540001
RPSNMLLLRHNFFAW67DA,寧湖三劃段,62.50,都市：農,2,1,持分移轉,05580002
RPUOMLKKRHNFFAW77DA,東洲段,59.65,都市：住,10000,803,持分移轉,04880000
RPQNMLLLRHNFFAW37CA,后壟段,1290.00,都市：農,1,1,全筆移轉,01740000
RPSNMLPJRHNFFAW77CA,市港段,11.85,都市：其他:第五種住宅區道路用地,400000,11632,持分移轉,00990000
RPTNMLQLRHNFFAW18CA,寧山段,56.39,都市：其他:自然村專用區,100,17,持分移轉,09620000
RPPNMLLKRHNFFAW17CA,城東段,11.16,都市：住,12,1,持分移轉,04850000
RPPNMLLKRHNFFAW17CA,城東段,11.16,都市：住,12,1,持分移轉,04850000
RPPNMLLKRHNFFAW17CA,城東段,11.16,都市：住,12,1,持分移轉,04850000
RPPNMLLKRHNFFAW17CA,城東段,11.16,都市：住,12,1,持分移轉,04850000
RPPNMLLKRHNFFAW17CA,城東段,11.16,都市：住,12,1,持分移轉,04850000
RPPNMLLKRHNFFAW17CA,城東段,11.16,都市：住,12,1,持分移轉,04850000
RPPNMLLKRHNFFAW17CA,城東段,11.16,都市：住,12,1,持分移轉,04850000
RPPNMLLKRHNFFAW17CA,城東段,11.16,都市：住,12,1,持分移轉,04850000
RPPNMLLKRHNFFAW17CA,城東段,11.16,都市：住,12,1,持分移轉,04850000
RPPNMLLKRHNFFAW17CA,城東段,11.16,都市：住,12,1,持分移轉,04850000
RPPNMLLKRHNFFAW17CA,城東段,11.16,都市：住,12,1,持分移轉,04850000
RPPNMLLKRHNFFAW17CA,城東段,11.16,都市：住,12,1,持分移轉,04850000
RPWOMLKKRHNFFAW87CA,后沙村段,380.00,都市：其他:自然村專用區及道,1,1,全筆移轉,02150000
RPRNMLLKKINFFAW76CA,湖前段,111.32,都市：其他:自然村專用區,997010,11132,持分移轉,04210000
RPVOMLKKRHNFFAW77CA,祥安段,18.73,都市：住,12,2,持分移轉,04100000
RPVOMLKKRHNFFAW77CA,祥安段,9.37,都市：住,24,2,持分移轉,04100000
RPVOMLKKRHNFFAW77CA,祥安段,9.37,都市：住,36,3,持分移轉,04100000
RPVOMLKKRHNFFAW77CA,祥安段,37.44,都市：住,3,1,持分移轉,04130000
RPPOMLKKRHNFFAW17CA,市港段,21.06,都市：住,10000,304,持分移轉,00530000
RPUNMLRKRHNFFAW28CA,寧山段,56.39,都市：其他:自然村專用區,100,17,持分移轉,09620000
RPQOMLKKRHNFFAW27CA,旗牌段,128.00,都市：其他:道路用地、住三(區段徵收範圍內土地),1,1,全筆移轉,03000000
RPROMLKKRHNFFAW37CA,湖后劃段,1398.22,都市：農,1,1,全筆移轉,04540000
RPSOMLKKRHNFFAW47CA,沙田劃段,791.00,都市：其他:保護區,1,1,全筆移轉,05910000
RPQNMLRJRHNFFAW77CA,庵邊段,83.33,都市：住,6,1,持分移轉,06000000
RPQNMLLKRHNFFAW27CA,沙田劃段,1000.00,都市：其他:保護區,1,1,全筆移轉,05690000
RPRNMLLKRHNFFAW37CA,沙東劃段,1000.13,都市：農,1,1,全筆移轉,02860000
RPUOMLRKRHNFFAW38CA,士校段,671.36,都市：農,1,1,全筆移轉,01690010
RPUOMLRKRHNFFAW38CA,士校段,1360.57,都市：農,1,1,全筆移轉,01690011
RPUOMLRKRHNFFAW38CA,士校段,89.66,都市：農,1,1,全筆移轉,01690012
RPPOMLRKRHNFFAW87CA,寧山段,56.39,都市：其他:自然村專用區,100,17,持分移轉,09620000
RPQOMLRKRHNFFAW97CA,寧山段,53.08,都市：其他:自然村專用區,100,16,持分移轉,09620000
RPWOMLOKRHNFFAW38DA,中五劃段,537.00,都市：農,1,1,全筆移轉,00120000
RPRNMLMKRHNFFAW47CA,湖前段,141.28,都市：其他:自然村專用區,1,1,全筆移轉,10000006
RPQNMLNKRHNFFAW47CA,后豐港段,419.00,都市：農,1,1,全筆移轉,03990000
RPQNMLLJIINFFAW98CA,新頭段,.23,都市：其他:自然村專用區,10000,1,持分移轉,07370000
RPQNMLLJIINFFAW98CA,新頭段,118.85,都市：其他:自然村專用區,1,1,全筆移轉,07370008
SPQNMLLJIINFFAW09CA,新頭段,.23,都市：其他:自然村專用區,10000,1,持分移轉,07370000
SPQNMLLJIINFFAW09CA,新頭段,105.97,都市：其他:自然村專用區,1,1,全筆移轉,07370026
RPTNMLNKRHNFFAW77CA,山前段,82.93,都市：其他:自然村專用區,1,1,全筆移轉,04510005
RPTNMLNKRHNFFAW77CA,山前段,1.49,都市：其他:自然村專用區,100,1,持分移轉,04510008
RPTNMLNKRHNFFAW77CA,吳厝村測段,3.75,都市：其他:自然村專用區,100,1,持分移轉,01270004
RPTNMLNKRHNFFAW77CA,吳厝村測段,1.51,都市：其他:自然村專用區,100,1,持分移轉,01270005
RPTNMLNKRHNFFAW77CA,吳厝村測段,.20,都市：其他:自然村專用區,100,1,持分移轉,01270011
RPPNMLSLRHNFFAW97CA,新頭段,16.30,都市：其他:自然村專用區,10000,72,持分移轉,07370000
RPPNMLSLRHNFFAW97CA,新頭段,84.25,都市：其他:自然村專用區,1,1,全筆移轉,07370038
RPRNMLSLRHNFFAW18CA,新頭段,.23,都市：其他:自然村專用區,10000,1,持分移轉,07370000
RPRNMLSLRHNFFAW18CA,新頭段,100.10,都市：其他:自然村專用區,1,1,全筆移轉,07370020
RPPNMLLJIINFFAW88CA,新頭段,11.32,都市：其他:自然村專用區,10000,50,持分移轉,07370000
RPPNMLLJIINFFAW88CA,新頭段,89.14,都市：其他:自然村專用區,1,1,全筆移轉,07370051
RPXNMLNKRHNFFAW18CA,山前段,3.21,都市：其他:自然村專用區,6,1,持分移轉,04510001
RPXNMLNKRHNFFAW18CA,山前段,1.49,都市：其他:自然村專用區,100,1,持分移轉,04510008
RPXNMLNKRHNFFAW18CA,吳厝村測段,3.75,都市：其他:自然村專用區,100,1,持分移轉,01270004
RPXNMLNKRHNFFAW18CA,吳厝村測段,1.51,都市：其他:自然村專用區,100,1,持分移轉,01270005
RPXNMLNKRHNFFAW18CA,吳厝村測段,48.49,都市：其他:自然村專用區,6,1,持分移轉,01270010
RPXNMLNKRHNFFAW18CA,吳厝村測段,.20,都市：其他:自然村專用區,100,1,持分移轉,01270011
RPWNMLNKRHNFFAW08CA,延平段,79.97,都市：農,1,1,全筆移轉,05690000
RPWNMLNKRHNFFAW08CA,延平段,39.20,都市：農,1,1,全筆移轉,05650007
RPTNMLNJIINFFAW86CA,湖前段,111.32,都市：其他:自然村專用區,997010,11132,持分移轉,04210000
RPQNMLPLRHNFFAW87DA,城東段,6.57,都市：其他:道路用地,10,2,持分移轉,03140000
RPQNMLPLRHNFFAW87DA,城東段,36.08,都市：商,10,2,持分移轉,03150000
RPPOMLNKRHNFFAW47CA,山前段,3.21,都市：其他:自然村專用區,6,1,持分移轉,04510001
RPPOMLNKRHNFFAW47CA,山前段,1.49,都市：其他:自然村專用區,100,1,持分移轉,04510008
RPPOMLNKRHNFFAW47CA,吳厝村測段,3.75,都市：其他:自然村專用區,100,1,持分移轉,01270004
RPPOMLNKRHNFFAW47CA,吳厝村測段,1.51,都市：其他:自然村專用區,100,1,持分移轉,01270005
RPPOMLNKRHNFFAW47CA,吳厝村測段,48.49,都市：其他:自然村專用區,6,1,持分移轉,01270010
RPPOMLNKRHNFFAW47CA,吳厝村測段,.20,都市：其他:自然村專用區,100,1,持分移轉,01270011
RPXNMLNJIINFFAW27CA,湖前段,109.14,都市：其他:自然村專用區,997010,10914,持分移轉,04210000
RPWNMLNJIINFFAW17CA,湖前段,111.32,都市：其他:自然村專用區,997010,11132,持分移轉,04210000
RPVNMLNJIINFFAW07CA,湖前段,111.32,都市：其他:自然村專用區,997010,11132,持分移轉,04210000
RPUNMLNJIINFFAW96CA,湖前段,111.32,都市：其他:自然村專用區,997010,11132,持分移轉,04210000
RPSOMLKLRHNFFAW57CA,陽宅段,21.92,都市：其他:自然村專用區,12,1,持分移轉,10940000
RPSOMLKLRHNFFAW57CA,陽宅段,21.92,都市：其他:自然村專用區,12,1,持分移轉,10940000
RPQPMLRKRHNFFAW08CA,北二三劃測段,17.30,都市：其他:自然村專用區,20000,187,持分移轉,02640000
RPQPMLRKRHNFFAW08CA,北二三劃測段,17.30,都市：其他:自然村專用區,20000,187,持分移轉,02640000
RPTNMLRKRHNFFAW28DA,安西劃段,98.03,都市：農,1,1,全筆移轉,08790010
RPPNMLOKRHNFFAW57DA,中一段,162.66,都市：其他:綠地,6,2,持分移轉,05700000
RPQPMLOKRHNFFAW77CA,龍潭段,486.18,都市：其他:國家公園,1,1,全筆移轉,03820000
RPRPMLOKRHNFFAW87CA,北二三劃測段,107.03,都市：其他:自然村專用區,100000,5772,持分移轉,01640000
RPQNMLRKRHNFFAW87CA,北二三劃測段,106.96,都市：其他:自然村專用區,100000,5768,持分移轉,01640000
RPPPMLOKRHNFFAW67CA,北二三劃測段,107.03,都市：其他:自然村專用區,100000,5772,持分移轉,01640000
RPROMLOKRHNFFAW77CA,北二三劃測段,107.03,都市：其他:自然村專用區,100000,5772,持分移轉,01640000
RPWNMLOKRHNFFAW18CA,天后宮段,12.88,都市：住,10000,693,持分移轉,02620000
RPXOMLOKRHNFFAW38CA,北二三劃測段,107.03,都市：其他:自然村專用區,100000,5772,持分移轉,01640000
RPPOMLNJIINFFAW56CA,湖前段,115.96,都市：其他:自然村專用區,997010,11596,持分移轉,04210000
RPROMLNJIINFFAW76CA,湖前段,249.65,都市：其他:自然村專用區,997010,24965,持分移轉,04210000
RPPOMLOKRHNFFAW57CA,北二三劃測段,110.44,都市：其他:自然村專用區,100000,5956,持分移轉,01640000
RPRNMLRKRHNFFAW97CA,北二三劃測段,106.96,都市：其他:自然村專用區,100000,5768,持分移轉,01640000
RPSOMLOKRHNFFAW87CA,北二三劃測段,107.03,都市：其他:自然村專用區,100000,5772,持分移轉,01640000
RPUOMLOKRHNFFAW08CA,北二三劃測段,107.03,都市：其他:自然村專用區,100000,5772,持分移轉,01640000
RPVNMLRKRHNFFAW38CA,北二三劃測段,106.96,都市：其他:自然村專用區,100000,5768,持分移轉,01640000
RPXNMLRKRHNFFAW58CA,北二三劃測段,106.77,都市：其他:自然村專用區,100000,5758,持分移轉,01640000
RPPNMLTKRHNFFAW97CA,長寮段,957.47,都市：農,1,1,全筆移轉,14100000
RPPNMLTKRHNFFAW97CA,長寮段,240.94,都市：其他:道路用地,1,1,全筆移轉,14100001
RPOOMLRKRHNFFAW77CA,北二三劃測段,55.98,都市：其他:自然村專用區,100000,3019,持分移轉,01640000
RPSNMLLJIINFFAW56CA,湖下村段,49.50,都市：其他:自然村專用區,2,1,持分移轉,01380000
RPSNMLLJIINFFAW56CA,湖下村段,49.50,都市：其他:自然村專用區,2,1,持分移轉,01380000
RPRNMLLJIINFFAW09CA,新頭段,11.32,都市：其他:自然村專用區,10000,50,持分移轉,07370000
RPRNMLLJIINFFAW09CA,新頭段,89.14,都市：其他:自然村專用區,1,1,全筆移轉,07370050
RPOPMLOKRHNFFAW57CA,北二三劃測段,106.96,都市：其他:自然村專用區,100000,5768,持分移轉,01640000
RPWOMLNJIINFFAW27CA,煙墩段,965.17,都市：其他:保護區,1,1,全筆移轉,12020000
RPOPMLRKRHNFFAW87CA,北二三劃測段,61.06,都市：其他:自然村專用區,100000,3293,持分移轉,01640000
RPWOMLNJIINFFAW27CA,煙墩段,1241.28,都市：其他:保護區,1,1,全筆移轉,12030000
RPWOMLNJIINFFAW27CA,煙墩段,718.47,都市：其他:保護區,1,1,全筆移轉,12060000
RPVOMLRKRHNFFAW58DA,漁村段,223.75,都市：其他:道路用地,1,1,全筆移轉,07910000
RPVOMLRKRHNFFAW58DA,漁村段,21.45,都市：其他:風景區,1,1,全筆移轉,07910001
RPPNMLPLRHNFFAW77DA,北一段,12.48,都市：農,24,1,持分移轉,04890000
RPPNMLPLRHNFFAW77DA,北一段,8.70,都市：其他:道路用地,24,1,持分移轉,04890001
RPPNMLPLRHNFFAW77DA,北一段,14.63,都市：農,24,1,持分移轉,04900000
RPPNMLPLRHNFFAW77DA,北一段,6.97,都市：其他:道路用地,24,1,持分移轉,04900001
RPPNMLPLRHNFFAW77DA,北一段,13.07,都市：其他:道路用地,24,1,持分移轉,04990000
RPPNMLPLRHNFFAW77DA,北一段,.04,都市：農,24,1,持分移轉,04990001
RPPNMLPLRHNFFAW77DA,北一段,15.99,都市：農,24,1,持分移轉,04990002
RPPNMLPLRHNFFAW77DA,北一段,7.94,都市：農,24,1,持分移轉,04990003
RPPNMLPLRHNFFAW77DA,北一段,.01,都市：其他:道路用地,24,1,持分移轉,04990004
RPPNMLPLRHNFFAW77DA,北一段,3.30,都市：其他:道路用地,24,1,持分移轉,04990005
RPPNMLPLRHNFFAW77DA,北一段,31.20,都市：農,24,1,持分移轉,05000000
RPPNMLPLRHNFFAW77DA,北一段,2.17,都市：農,24,1,持分移轉,05000001
RPQNMLKLRHNFFAW27CA,北二三劃測段,59.95,都市：其他:自然村專用區,100000,3233,持分移轉,01640000
RPXOMLRKRHNFFAW68CA,北二三劃測段,61.06,都市：其他:自然村專用區,100000,3293,持分移轉,01640000
RPWOMLRKRHNFFAW68DA,榮湖段,576.39,都市：其他:道路用地、保護區、農業區,1,1,全筆移轉,05220000
RPSNMLKLRHNFFAW47CA,北二三劃測段,59.95,都市：其他:自然村專用區,100000,3233,持分移轉,01640000
RPQNMLKMQHNFFAW57CD,北一段,3.12,都市：農,96,1,持分移轉,04890000
RPQNMLKMQHNFFAW57CD,北一段,2.17,都市：其他:道路用地,96,1,持分移轉,04890001
RPQNMLKMQHNFFAW57CD,北一段,3.66,都市：農,96,1,持分移轉,04900000
RPQNMLKMQHNFFAW57CD,北一段,1.74,都市：其他:道路用地,96,1,持分移轉,04900001
RPQNMLKMQHNFFAW57CD,北一段,3.27,都市：其他:道路用地,96,1,持分移轉,04990000
RPQNMLKMQHNFFAW57CD,北一段,.01,都市：農,96,1,持分移轉,04990001
RPQNMLKMQHNFFAW57CD,北一段,4.00,都市：農,96,1,持分移轉,04990002
RPQNMLKMQHNFFAW57CD,北一段,1.99,都市：農,96,1,持分移轉,04990003
RPQNMLKMQHNFFAW57CD,北一段,.00,都市：其他:道路用地,96,1,持分移轉,04990004
RPQNMLKMQHNFFAW57CD,北一段,.83,都市：其他:道路用地,96,1,持分移轉,04990005
RPQNMLKMQHNFFAW57CD,北一段,7.80,都市：農,96,1,持分移轉,05000000
RPQNMLKMQHNFFAW57CD,北一段,.54,都市：農,96,1,持分移轉,05000001
RPUNMLKLRHNFFAW67CA,新市段,76.92,都市：商,1,1,全筆移轉,07250000
RPUNMLKLRHNFFAW67CA,新市段,7.31,都市：其他:遊憩用地,1,1,全筆移轉,07260000
RPRNMLKLRHNFFAW37CA,北二三劃測段,55.02,都市：其他:自然村專用區,100000,2967,持分移轉,01640000
RPPNMLMJIINFFAW98CA,西堡劃測段,251.06,都市：農,5,1,持分移轉,02000000
RPXNMLKLRHNFFAW97CA,北九劃段,450.52,都市：農,2,1,持分移轉,11130000
RPXNMLKLRHNFFAW97CA,北九劃段,49.48,都市：其他:道路用地,2,1,持分移轉,11130001
RPQNMLTKRHNFFAW08CA,寧劃段,490.60,都市：農,1,1,全筆移轉,08620000
RPOOMLKLRHNFFAW17CA,羅劃測段,43.46,都市：其他:自然村專用區,10000,476,持分移轉,01870000
RPTNMLKLRHNFFAW57CA,后宅測段,1613.34,都市：農,1,1,全筆移轉,01980000
RPQNMLLKIINFFAW09CA,寧湖二劃測段,969.26,都市：其他:自然村專用區,1,1,全筆移轉,03720000
RPQNMLLKIINFFAW09CA,寧湖二劃測段,30.78,都市：其他:道路用地,1,1,全筆移轉,03720002
RPWNMLKLRHNFFAW87CA,古塔段,34.51,都市：其他:自然村專用區,10,1,持分移轉,00650000
RPOOMLLJIINFFAW88CA,湖前段,109.14,都市：住,997010,10914,持分移轉,04210000
RPPNMLSJIINFFAW96CA,湖前段,68.68,都市：其他:自然村專用區,997010,6868,持分移轉,04210000
SPQOMLKLRHNFFAW47CA,市港段,1.97,都市：住,20000,57,持分移轉,00530000
RPPNMLLLRHNFFAW27CA,安西劃段,530.20,都市：農,1,1,全筆移轉,07860000
RPQOMLKLRHNFFAW37CA,市港段,1.97,都市：住,20000,57,持分移轉,00530000
RPSNMLPJIINFFAW96CA,歐厝段,1070.09,都市：農,1,1,全筆移轉,02790000
RPWNMLQLRHNFFAW48CA,城隍廟段,82.67,都市：商,3,1,持分移轉,00070000
RPXNMLQLRHNFFAW58CA,夏興段,49.68,都市：其他:自然村專用區,10000,1684,持分移轉,12460000
RPPOMLQLRHNFFAW87CA,金門城測段,16.19,都市：其他:自然村專用區,10000,509,持分移轉,06540000
RPRNMLLKIINFFAW56CA,高坑劃測段,1950.03,都市：農,1,1,全筆移轉,07120000
RPQNMLRLRHNFFAW97CA,寧湖一劃段,2.49,都市：住,7,1,持分移轉,04270000
RPQNMLRLRHNFFAW97CA,寧湖一劃段,27.48,都市：住,30115,2748,持分移轉,04270001
RPQNMLRLRHNFFAW97CA,寧湖一劃段,62.10,都市：住,1,1,全筆移轉,04270008
RPRNMLQLRHNFFAW97CA,昔果山段,78.27,都市：其他:自然村專用區,100000,4231,持分移轉,00650000
RPVNMLQLRHNFFAW48DA,古塔段,42.17,都市：其他:自然村專用區農業區,1,1,全筆移轉,00740000
RPSNMLMKIINFFAW76CA,湖前段,30.37,都市：其他:自然村專用區,1000,81,持分移轉,09380002
RPRNMLMKIINFFAW66CA,湖前段,28.50,都市：其他:自然村專用區,1000,76,持分移轉,09380002
RPTNMLQKIINFFAW27CA,新頭段,26.79,都市：住,100000,13070,持分移轉,11840000
RPUNMLQLRHNFFAW38DA,古塔段,260.55,都市：其他:自然村專用區,1,1,全筆移轉,00700000
RPPNMLMKIINFFAW09CA,湖前段,30.37,都市：其他:自然村專用區,1000,81,持分移轉,09380002
RPXNMLLJIINFFAW07CA,小西門劃測段,545.03,都市：農,1,1,全筆移轉,07800000
RPSNMLSLRHNFFAW28CA,昔果山段,76.72,都市：其他:自然村專用區,100000,4147,持分移轉,00650000
RPQNMLSLRHNFFAW18DA,太武段,871.50,都市：其他:國家公園區,1,1,全筆移轉,08290000
RPRNMLMJIINFFAW66DA,古崗段,821.61,都市：住,1,1,全筆移轉,07250000
RPTNMLLJIINFFAW66CA,東洲段,711.36,都市：其他:保護區,1,1,全筆移轉,00650000
RPRNMLNJIINFFAW66CA,延平段,33.20,都市：農,18,1,持分移轉,05090000
RPQOMLNJIINFFAW66CA,青山段,71.42,都市：其他:自然村專用區,10000,839,持分移轉,10450001
RPWNMLQKIINFFAW57CA,祥瑞段,112.06,都市：住,1,1,全筆移轉,05040000
RPQNMLTJIINFFAW17CA,盤山村段,52.00,都市：住,1,1,全筆移轉,02320001
RPQNMLTJIINFFAW17CA,盤山村段,53.00,都市：住,2,1,持分移轉,02360000
RPTNMLPKIINFFAW17CA,寧湖一劃段,70.74,都市：農,1,1,全筆移轉,00200001
RPUNMLLKIINFFAW86CA,城隍廟段,70.15,都市：商,1,1,全筆移轉,07300000
RPUNMLLKIINFFAW86CA,城隍廟段,.86,都市：商,1,1,全筆移轉,07310000
RPUNMLPKIINFFAW27CA,寧湖一劃段,61.05,都市：農,1,1,全筆移轉,00250001
RPQNMLSJIINFFAW07CA,寧北一劃段,978.62,都市：農,1,1,全筆移轉,02970000
RPQNMLSJIINFFAW07CA,寧北一劃段,978.60,都市：農,1,1,全筆移轉,03080000
RPRNMLSJIINFFAW17CA,洋山測段,681.41,都市：農,1,1,全筆移轉,05780000
RPSNMLTJIINFFAW37CA,后沙劃測段,457.96,都市：其他:農業區、道路用地,1,1,全筆移轉,02210000
RPTNMLTJIINFFAW47CA,后沙劃測段,699.99,都市：農,1,1,全筆移轉,01850000
RPSNMLQKIINFFAW17CA,新頭段,.23,都市：其他:自然村專用區,10000,1,持分移轉,07370000
RPSNMLQKIINFFAW17CA,新頭段,106.02,都市：其他:自然村專用區,1,1,全筆移轉,07370047
RPPNMLNLIINFFAW66CA,小西門劃測段,42.91,都市：其他:自然村專用區,3,1,持分移轉,00100002
RPSNMLRKIINFFAW27CA,新頭段,.68,都市：其他:自然村專用區,10000,3,持分移轉,07370000
RPSNMLRKIINFFAW27CA,新頭段,99.51,都市：其他:自然村專用區,1,1,全筆移轉,07370053
RPRNMLRKIINFFAW17CA,斗門劃測段,61.16,都市：其他:自然村專用區,3,1,持分移轉,08830000
RPQNMLRKIINFFAW07CA,后宅測段,852.00,都市：農,1,1,全筆移轉,08020000
RPQNMLRKIINFFAW07CA,后宅測段,640.01,都市：農,1,1,全筆移轉,10780000
RPQNMLRKIINFFAW07CA,后宅測段,322.17,都市：農,1,1,全筆移轉,10850000
RPQNMLRKIINFFAW07CA,后宅測段,59.00,都市：農,1,1,全筆移轉,10860000
RPQNMLQLIINFFAW07CA,湖前段,118.20,都市：其他:自然村專用區,997010,11820,持分移轉,04210000
RPRNMLQLIINFFAW17CA,湖前段,116.52,都市：其他:自然村專用區,997010,11652,持分移轉,04210000
RPTNMLRKIINFFAW37CA,新頭段,.23,都市：其他:自然村專用區,10000,1,持分移轉,07370000
RPTNMLRKIINFFAW37CA,新頭段,163.24,都市：其他:自然村專用區,1,1,全筆移轉,07370007
RPQOMLSKIINFFAW27CA,金門城測段,692.43,都市：其他:自然村專用區 道路用地,1,1,全筆移轉,02110000
RPSNMLTKIINFFAW47CA,市港段,25.98,都市：住,10000,782,持分移轉,00550000
RPROMLSKIINFFAW37CA,夏興段,107.00,都市：其他:自然村專用區,1,1,全筆移轉,13300000
RPTNMLQLIINFFAW37CA,尚義段,569.90,都市：農,2,1,持分移轉,07950000
RPTNMLQLIINFFAW37CA,尚義段,199.22,都市：其他:農業區、道路用地,2,1,持分移轉,07960000
RPXNMLQKIINFFAW67CA,山前段,374.00,都市：農,1,1,全筆移轉,00630000
RPPNMLTKIINFFAW17CA,小西門劃測段,34.71,都市：其他:自然村專用區,10000,1709,持分移轉,01360000
RPRNMLSKIINFFAW27CA,青山段,62.01,都市：其他:自然村專用區,10000,816,持分移轉,10790000
RPPNMLSKIINFFAW07CA,嚨口村段,28.00,都市：其他:自然村專用區,1,1,全筆移轉,00400000
RPQNMLMLIINFFAW66CA,延平段,985.49,都市：農,1,1,全筆移轉,07330000
RPWNMLSKIINFFAW77CA,小西門劃測段,34.81,都市：其他:自然村專用區,10000,1714,持分移轉,01360000
RPPOMLSKIINFFAW17CA,小西門劃測段,34.81,都市：其他:自然村專用區,10000,1714,持分移轉,01360000
RPTNMLSKIINFFAW47CA,小西門劃測段,34.71,都市：其他:自然村專用區,10000,1709,持分移轉,01360000
RPUNMLSKIINFFAW57CA,小西門劃測段,32.45,都市：其他:自然村專用區,10000,1598,持分移轉,01360000
RPQNMLTKIINFFAW27CA,西堡劃測段,1260.03,都市：農,1,1,全筆移轉,02950000
RPTNMLNLIINFFAW07CA,市港段,16.49,都市：商,10000,456,持分移轉,00910000
RPVNMLNLIINFFAW27CA,太湖劃測段,118.58,都市：工,10000,1125,持分移轉,03390000
RPRNMLNLIINFFAW86CA,古塔段,34.51,都市：其他:自然村專用區,10,1,持分移轉,00650000
RPXNMLNLIINFFAW47CA,西堡劃測段,593.67,都市：農,1,1,全筆移轉,02620000
RPXNMLNLIINFFAW47CA,西堡劃測段,6.35,都市：其他:國家公園,1,1,全筆移轉,02620001
RPUNMLQLIINFFAW47CA,榮湖段,403.40,都市：農,1,1,全筆移轉,07010000
RPUNMLRKIINFFAW57DA,鎮西段,1011.87,都市：農,1,1,全筆移轉,03030000
RPPNMLMLIINFFAW66DA,庵前劃測段,21.35,都市：其他:第二種住宅區道路用地,5,1,持分移轉,09680001
RPPNMLMLIINFFAW66DA,庵前劃測段,90.21,都市：其他:第二種住宅區道路用地,1,1,全筆移轉,09680002
RPPNMLMLIINFFAW66DA,庵前劃測段,2.58,都市：其他:農業區第二種住宅區道路用地,5,1,持分移轉,09680003
RPPNMLMLIINFFAW66DA,庵前劃測段,33.09,都市：其他:第二種住宅區,5,1,持分移轉,09680007
RPPNMLMLIINFFAW66DA,庵前劃測段,21.70,都市：其他:農業區第二種住宅區道路用地,1,1,全筆移轉,09680008
RPRNMLPKIINFFAW07DA,昔果山段,44.00,都市：農,1,1,全筆移轉,01540000
RPRNMLPKIINFFAW07DA,機場段,98.72,都市：農,1,1,全筆移轉,04670002
RPRNMLPKIINFFAW07DA,機場段,867.85,都市：農,1,1,全筆移轉,04960000
RPRNMLPKIINFFAW07DA,機場段,299.48,都市：農,1,1,全筆移轉,04670000
RPSNMLPKIINFFAW17DA,沙港劃段,120.00,都市：農,15000,1200,持分移轉,00440000
RPSNMLPKIINFFAW17DA,沙港劃段,52.05,都市：農,22005,5205,持分移轉,00440001
RPPNMLQKIINFFAW96DA,天后宮段,33.78,都市：住,10000,808,持分移轉,02750000
RPWNMLPLIINFFAW57CA,吳厝村測段,41.79,都市：其他:自然村專用區,10000,549,持分移轉,01510000
RPTNMLPLIINFFAW27CA,寧湖一劃段,65.19,都市：其他:自然村專用區,10000,726,持分移轉,02520000
RPPOMLPLIINFFAW96CA,龍骨山測段,1837.07,都市：農,1,1,全筆移轉,08840000
RPROMLQLIINFFAW27CA,祥豐段,17.49,都市：住,10000,225,持分移轉,00390000
RPROMLQLIINFFAW27CA,祥豐段,13.57,都市：住,10000,225,持分移轉,00400000
RPSOMLQLIINFFAW37CA,祥豐段,17.49,都市：住,10000,225,持分移轉,00390000
RPSOMLQLIINFFAW37CA,祥豐段,13.57,都市：住,10000,225,持分移轉,00400000
RPPNMLTLIINFFAW27CA,北二三劃測段,1000.09,都市：農,1,1,全筆移轉,07160000
RPRNMLPLIINFFAW17DA,寧湖一劃段,55.79,都市：農,6,1,持分移轉,00230000
RPVNMLPLIINFFAW47CA,吳厝村測段,43.23,都市：其他:自然村專用區,10000,568,持分移轉,01510000
RPRNMLMJJINFFAW76DA,青山段,85.81,都市：住,39761,8581,持分移轉,10190000
RPTOMLQLIINFFAW47CA,湖前段,59.64,都市：其他:自然村專用區,10000,751,持分移轉,03990000
RPVOMLQLIINFFAW67CA,太湖劃測段,114.15,都市：工,10000,1083,持分移轉,03390000
RPQNMLTLIINFFAW37CA,瓊林段,394.13,都市：其他:國家公園區,4,1,持分移轉,06100000
RPQNMLTLIINFFAW37CA,瓊林段,394.13,都市：其他:國家公園區,4,1,持分移轉,06100000
RPQNMLTLIINFFAW37CA,瓊林段,394.13,都市：其他:國家公園區,4,1,持分移轉,06100000
RPQNMLTLIINFFAW37CA,瓊林段,394.13,都市：其他:國家公園區,4,1,持分移轉,06100000
RPSNMLTLIINFFAW57CA,市港段,19.89,都市：商,10000,550,持分移轉,00910000
RPUNMLTLIINFFAW77CA,市港段,19.89,都市：商,10000,550,持分移轉,00910000
RPQNMLOKJINFFAW86CA,湖后劃段,1000.00,都市：農,1,1,全筆移轉,02620000
RPQNMLKMIINFFAW56CA,市港段,13.53,都市：住,10000,185,持分移轉,00980000
RPPNMLMKJINFFAW56CA,新頭段,4.30,都市：其他:自然村專用區,10000,19,持分移轉,07370000
RPPNMLMKJINFFAW56CA,新頭段,4.30,都市：其他:自然村專用區,10000,19,持分移轉,07370000
RPPNMLMKJINFFAW56CA,新頭段,45.92,都市：其他:自然村專用區,2,1,持分移轉,07370037
RPPNMLMKJINFFAW56CA,新頭段,45.92,都市：其他:自然村專用區,2,1,持分移轉,07370037
RPSNMLQJJINFFAW17CA,湖前段,125.53,都市：其他:自然村專用區,997010,12553,持分移轉,04210000
RPQNMLMKJINFFAW66CA,新頭段,1.81,都市：其他:自然村專用區,10000,8,持分移轉,07370000
RPQNMLMKJINFFAW66CA,新頭段,98.28,都市：其他:自然村專用區,1,1,全筆移轉,07370014
RPRNMLMKJINFFAW76CA,新頭段,.23,都市：其他:自然村專用區,10000,1,持分移轉,07370000
RPRNMLMKJINFFAW76CA,新頭段,100.46,都市：其他:自然村專用區,1,1,全筆移轉,07370015
RPSNMLMKJINFFAW86CA,新頭段,.23,都市：其他:自然村專用區,10000,1,持分移轉,07370000
RPSNMLMKJINFFAW86CA,新頭段,119.99,都市：其他:自然村專用區,1,1,全筆移轉,07370052
RPTNMLMKJINFFAW96CA,新頭段,1.81,都市：其他:自然村專用區,10000,8,持分移轉,07370000
RPTNMLMKJINFFAW96CA,新頭段,98.28,都市：其他:自然村專用區,1,1,全筆移轉,07370013
RPRNMLOKJINFFAW96CA,新頭段,.23,都市：其他:自然村專用區,10000,1,持分移轉,07370000
RPRNMLOKJINFFAW96CA,新頭段,103.05,都市：其他:自然村專用區,1,1,全筆移轉,07370021
RPSNMLOKJINFFAW07CA,新頭段,.23,都市：其他:自然村專用區,10000,1,持分移轉,07370000
RPSNMLOKJINFFAW07CA,新頭段,100.46,都市：其他:自然村專用區,1,1,全筆移轉,07370011
RPTNMLOKJINFFAW17CA,新頭段,14.26,都市：其他:自然村專用區,10000,63,持分移轉,07370000
RPTNMLOKJINFFAW17CA,新頭段,86.27,都市：其他:自然村專用區,1,1,全筆移轉,07370029
RPUNMLOKJINFFAW27CA,新頭段,.23,都市：其他:自然村專用區,10000,1,持分移轉,07370000
RPUNMLOKJINFFAW27CA,新頭段,110.89,都市：其他:自然村專用區,1,1,全筆移轉,07370025
RPVNMLOKJINFFAW37CA,新頭段,11.09,都市：其他:自然村專用區,10000,49,持分移轉,07370000
RPVNMLOKJINFFAW37CA,新頭段,89.28,都市：其他:自然村專用區,1,1,全筆移轉,07370028
RPTNMLKLJINFFAW86CA,市港段,25.98,都市：住,10000,782,持分移轉,00550000
RPPNMLMJJINFFAW09CA,東洲段,472.20,都市：農,1,1,全筆移轉,06710000
RPTNMLLJJINFFAW76CA,浯坑劃測段,533.92,都市：農,1,1,全筆移轉,00980000
RPTNMLLJJINFFAW76CA,浯坑劃測段,16.12,都市：其他:道路,1,1,全筆移轉,00980001
RPQNMLMJJINFFAW56CA,燕南山段,945.69,都市：農,1,1,全筆移轉,08200000
RPSNMLLJJINFFAW66CA,北五劃段,953.01,都市：農,1,1,全筆移轉,02390000
RPSNMLKMIINFFAW76CA,市港段,13.53,都市：住,10000,185,持分移轉,00980000
RPUNMLKMIINFFAW96CA,北二三劃測段,783.98,都市：農,1,1,全筆移轉,03330016
RPVNMLKMIINFFAW07CA,延平段,24.25,都市：農,18,1,持分移轉,10450000
RPVNMLKMIINFFAW07CA,延平段,30.25,都市：農,3,1,持分移轉,10480000
RPTNMLKMIINFFAW86CA,官嶼劃段,970.00,都市：農,1,1,全筆移轉,00640000
RPTNMLKMIINFFAW86CA,官嶼劃段,30.00,都市：農,1,1,全筆移轉,00640001
RPTNMLKMIINFFAW86CA,青嶼測段,853.16,都市：農,1,1,全筆移轉,06410000
RPPNMLLJJINFFAW98CA,陽宅段,43.83,都市：其他:自然村專用區,6,1,持分移轉,10940000
RPSNMLPJJINFFAW07CA,后豐港段,69.79,都市：農,1,1,全筆移轉,03340000
RPSNMLPJJINFFAW07CA,后豐港段,518.49,都市：其他:道路用地,1,1,全筆移轉,03340001
RPSNMLPJJINFFAW07CA,后豐港段,22.63,都市：農,1,1,全筆移轉,03340002
RPRNMLNKJINFFAW86CA,西方劃測段,500.00,都市：農,1,1,全筆移轉,07430000
RPQNMLPJJINFFAW96DA,湖前段,79.50,都市：其他:道路用地,2,1,持分移轉,00210001
RPQNMLPJJINFFAW96DA,湖前段,158.74,都市：其他:農業區、保護區,2,1,持分移轉,00210000
RPRNMLLJJINFFAW56CA,市港段,8.56,都市：住,10000,117,持分移轉,00980000
RPWNMLOKJINFFAW47CA,湖前段,68.68,都市：其他:自然村專用區,997010,6868,持分移轉,04210000
RPSNMLRJJINFFAW27CA,古崗村測段,212.16,都市：住,1,1,全筆移轉,04310000
RPPNMLPJJINFFAW86DA,湖前段,79.50,都市：其他:道路用地,2,1,持分移轉,00210001
RPPNMLPJJINFFAW86DA,湖前段,158.74,都市：其他:農業區、保護區,2,1,持分移轉,00210000
RPRNMLRJJINFFAW27DA,中一段,207.69,都市：農,1,1,全筆移轉,00580004
RPPNMLQJJINFFAW96DA,中山林段,748.43,都市：其他:保護區,1,1,全筆移轉,00990002
RPTNMLQJJINFFAW27CA,安西劃段,461.44,都市：農,1,1,全筆移轉,07860001
RPUNMLTLJINFFAW87CA,湖尚劃段,645.33,都市：其他:風景區,3,2,持分移轉,02310000
RPUNMLTLJINFFAW87CA,尚義段,260.99,都市：農,3,2,持分移轉,03640000
RPUNMLTLJINFFAW87CA,尚義段,285.12,都市：農,3,2,持分移轉,03660000
RPRNMLQJJINFFAW07CA,市港段,8.85,都市：住,10000,121,持分移轉,00980000
RPXNMLOKJINFFAW57CA,西堡劃測段,251.06,都市：農,5,1,持分移轉,02000000
RPSNMLSJJINFFAW37CA,太湖劃測段,118.58,都市：其他:甲種工業區,10000,1125,持分移轉,03390000
RPPNMLOKJINFFAW86DA,長寮段,292.03,都市：住,1,1,全筆移轉,00780000
RPPNMLOKJINFFAW86DA,長寮段,302.78,都市：其他:道路用地,1,1,全筆移轉,00780001
RPPNMLOKJINFFAW86DA,長寮段,143.09,都市：住,1,1,全筆移轉,00780002
RPQNMLSJJINFFAW17CA,太湖劃測段,118.58,都市：其他:甲種工業區,10000,1125,持分移轉,03390000
RPPNMLNKJINFFAW66CA,歐厝段,443.34,都市：農,1,1,全筆移轉,05580000
RPUNMLMKJINFFAW07CA,寧劃段,667.00,都市：農,1,1,全筆移轉,07670000
RPUNMLMKJINFFAW07CA,寧古劃段,500.00,都市：其他:國家公園特別景觀區,1,1,全筆移轉,14430000
RPSNMLNJKINFFAW96CA,北九十劃段,981.86,都市：農,1,1,全筆移轉,01580000
RPUNMLNJKINFFAW17CA,官澳段,349.00,都市：其他:自然村/農業區,1,1,全筆移轉,15510000
RPTNMLNJKINFFAW07CA,北九十劃段,981.86,都市：農,1,1,全筆移轉,01360000
RPTNMLNJKINFFAW07CA,北九十劃段,955.57,都市：農,1,1,全筆移轉,01440000
RPWNMLKMJINFFAW27CA,中一段,151.44,都市：農,1,1,全筆移轉,01970007
RPTNMLNJKINFFAW07CA,官嶼劃段,666.50,都市：農,2,1,持分移轉,00880000
RPTNMLNJKINFFAW07CA,浯坑劃測段,340.08,都市：農,1,1,全筆移轉,00770000
RPWNMLKMJINFFAW27CA,庵前劃測段,497.33,都市：其他:保護區 農業區,1,1,全筆移轉,01290000
RPTNMLNJKINFFAW07CA,浯坑劃測段,79.92,都市：其他:道路,1,1,全筆移轉,00770001
RPPOMLTLJINFFAW57DA,山外段,74.26,都市：商,1,1,全筆移轉,03160000
RPSNMLTLJINFFAW77DA,西山段,288.55,都市：其他:住農,1,1,全筆移轉,06670000
RPSNMLTLJINFFAW77DA,西山段,106.48,都市：住,1,1,全筆移轉,06670001
RPSNMLTLJINFFAW77DA,西山段,100.21,都市：住,1,1,全筆移轉,06670002
RPQNMLKMJINFFAW66CA,湖前段,32.52,都市：其他:自然村使用區,100000,2438,持分移轉,08920000
