﻿鄉鎮市區,交易標的,土地位置建物門牌,土地移轉總面積平方公尺,都市土地使用分區,非都市土地使用分區,非都市土地使用編定,交易年月日,交易筆棟數,移轉層次,總樓層數,建物型態,主要用途,主要建材,建築完成年月,建物移轉總面積平方公尺,建物現況格局-房,建物現況格局-廳,建物現況格局-衛,建物現況格局-隔間,有無管理組織,總價元,單價元平方公尺,車位類別,車位移轉總面積(平方公尺),車位總價元,備註,編號,主建物面積,附屬建物面積,陽台面積,電梯,移轉編號
The villages and towns urban district,transaction sign,land sector position building sector house number plate,land shifting total area square meter,the use zoning or compiles and checks,the non-metropolis land use district,non-metropolis land use,transaction year month and day,transaction pen number,shifting level,total floor number,building state,main use,main building materials,construction to complete the years,building shifting total area,Building present situation pattern - room,building present situation pattern - hall,building present situation pattern - health,building present situation pattern - compartmented,Whether there is manages the organization,total price NTD,the unit price (NTD / square meter),the berth category,berth shifting total area square meter,the berth total price NTD,the note,serial number,,,,,
金湖鎮,房地(土地+建物),金門縣金湖鎮環島南路五段１２７號三樓,59.64,其他,,,1070713,土地1建物1車位0,三層,三層,公寓(5樓含以下無電梯),集合住宅,鋼筋混凝土造,1061117,105.16,3,2,2,有,無,5700000,54203,,0.0,0,,RPPNMLOKQHNFFAW37CA,81.71,3.15,13.25,,
金城鎮,土地,祥和段679-1地號,26.9,其他,,,1070808,土地1建物0車位0,,,其他,,,,0.0,0,0,0,有,無,900000,33457,,0.0,0,,RPQNMLOKQHNFFAW47CA,0.0,0.0,0.0,,
金寧鄉,土地,北二三劃測段594-1地號,1000.0,農,,,1070716,土地3建物0車位0,,,其他,,,,0.0,0,0,0,有,無,10200000,10200,,0.0,0,,RPRNMLSLQHNFFAW08CA,0.0,0.0,0.0,,
金沙鎮,土地,沙港劃段170地號,1000.07,農,,,1070718,土地1建物0車位0,,,其他,,,,0.0,0,0,0,有,無,4600000,4600,,0.0,0,,RPTNMLKKRHNFFAW47CA,0.0,0.0,0.0,,
金城鎮,房地(土地+建物),金門縣金城鎮莒光路１４３號,38.0,商,,,1070806,土地2建物1車位0,全,三層,透天厝,商業用,鋼筋混凝土造,0620212,107.53,3,1,2,有,無,12000000,111597,,0.0,0,,RPSNMLRKQHNFFAW97CA,101.07,0.0,6.46,,
金湖鎮,房地(土地+建物),金門縣金湖鎮林兜３０５號,116.94,其他,,,1070720,土地2建物1車位0,全,三層,透天厝,住家用,鋼筋混凝土造,1070327,185.26,4,2,4,有,無,11500000,62075,,0.0,0,土地及建物分次登記案件。前案土地登記收件字號：；,RPUNMLRKQHNFFAW18CA,173.45,0.0,11.81,,
金沙鎮,土地,浯坑劃測段935地號,900.8,農,,,1070710,土地1建物0車位0,,,其他,,,,0.0,0,0,0,有,無,3500000,3885,,0.0,0,受債權債務影響或債務抵償之交易。；急買急賣。；,RPPNMLKLQHNFFAW07CA,0.0,0.0,0.0,,
金湖鎮,房地(土地+建物),金門縣金湖鎮成功５１之２號,216.0,住,,,1070806,土地1建物1車位0,全,二層,透天厝,住家用,鋼筋混凝土造,0980910,210.52,4,2,4,有,無,12000000,57002,,0.0,0,,RPWNMLNJRHNFFAW97CA,199.32,0.0,11.2,,
烈嶼鄉,房地(土地+建物),金門縣烈嶼鄉后頭４６號,180.08,其他,,,1070727,土地1建物1車位0,全,一層,透天厝,住家用,鋼筋混凝土造,1040819,108.12,3,2,2,有,無,8000000,73992,,0.0,0,,RPVNMLKKRHNFFAW67CA,108.12,0.0,0.0,,
金寧鄉,房地(土地+建物)+車位,金門縣金寧鄉東州762號2樓,59.65,住,,,1070724,土地1建物1車位1,二層,三層,華廈(10層含以下有電梯),集合住宅,鋼筋混凝土造,1040721,145.25,3,2,2,有,無,7300000,50258,坡道平面,0.0,0,,RPUOMLKKRHNFFAW77DA,83.68,2.92,9.16,,
烈嶼鄉,土地,東面山測段1003-1地號,42.74,其他,,,1070815,土地1建物0車位0,,,其他,,,,0.0,0,0,0,有,無,170960,4000,,0.0,0,,RPOPMLKLQHNFFAW27DA,0.0,0.0,0.0,,
金沙鎮,土地,陽宅段1391地號,663.0,農,,,1070815,土地1建物0車位0,,,其他,,,,0.0,0,0,0,有,無,1500000,2262,,0.0,0,親友、員工或其他特殊關係間之交易。；,RPQPMLKLQHNFFAW47DA,0.0,0.0,0.0,,
金寧鄉,土地,湖尾段1191地號,964.78,農,,,1070730,土地1建物0車位0,,,其他,,,,0.0,0,0,0,有,無,3400000,3524,,0.0,0,,RPQNMLKLQHNFFAW17CA,0.0,0.0,0.0,,
金城鎮,房地(土地+建物),金門縣金城鎮賢聚４０之５號三樓,42.08,其他,,,1070710,土地1建物1車位0,三層,三層,公寓(5樓含以下無電梯),集合住宅,鋼筋混凝土造,1070214,76.92,3,2,2,有,無,4500000,58502,,0.0,0,,RPSNMLKLQHNFFAW37CA,65.93,0.0,5.12,,
金寧鄉,房地(土地+建物),金門縣金寧鄉湖下２３６之１號三樓,52.04,其他,,,1070714,土地1建物1車位0,三層,三層,公寓(5樓含以下無電梯),集合住宅,鋼筋混凝土造,1051228,92.41,3,2,2,有,無,4800000,51942,,0.0,0,,RPVNMLRKQHNFFAW28CA,71.78,2.87,7.47,,
金寧鄉,土地,湖尾村段66-1地號,130.0,其他,,,1070811,土地1建物0車位0,,,其他,,,,0.0,0,0,0,有,無,1500000,11538,,0.0,0,,RPXNMLSLQHNFFAW68CA,0.0,0.0,0.0,,
金湖鎮,房地(土地+建物),金門縣金湖鎮林兜３１９號,100.09,其他,,,1070726,土地0建物1車位0,全,三層,透天厝,住家用,鋼筋混凝土造,1070327,185.26,4,3,4,有,無,11500000,62075,,0.0,0,,RPWNMLKKRHNFFAW77CA,173.45,0.0,11.81,,
金湖鎮,房地(土地+建物)+車位,金門縣金湖鎮環島南路五段１６５巷８弄１號二樓,67.36,其他,,,1070801,土地1建物1車位1,二層,三層,華廈(10層含以下有電梯),集合住宅,鋼筋混凝土造,1070514,171.33,3,2,2,有,有,5750000,33561,坡道平面,39.24,0,土地及建物分次登記案件。前案土地登記收件字號：；,RPUNMLRJRHNFFAW18CA,89.9,0.0,6.0,,
金湖鎮,房地(土地+建物)+車位,金門縣金湖鎮環島南路五段１６５巷７弄３號三樓,68.68,其他,,,1070801,土地1建物1車位1,三層,三層,華廈(10層含以下有電梯),集合住宅,鋼筋混凝土造,1070514,173.92000000000002,3,2,2,有,有,5880000,33809,坡道平面,39.24,0,土地及建物分次登記案件。前案土地登記收件字號：；,RPVNMLRJRHNFFAW28CA,91.73,0.0,6.0,,
金湖鎮,房地(土地+建物)+車位,金門縣金湖鎮環島南路五段１６５巷７弄１號三樓,68.68,其他,,,1070801,土地1建物1車位1,三層,三層,華廈(10層含以下有電梯),集合住宅,鋼筋混凝土造,1070514,173.92000000000002,3,2,2,有,有,5650000,32486,坡道平面,39.24,0,土地及建物分次登記案件。前案土地登記收件字號：；,RPWNMLRJRHNFFAW38CA,91.73,0.0,6.0,,
金湖鎮,房地(土地+建物)+車位,金門縣金湖鎮環島南路五段１６５巷８弄３號三樓,67.36,其他,,,1070801,土地1建物1車位1,三層,三層,華廈(10層含以下有電梯),集合住宅,鋼筋混凝土造,1070514,171.33,3,2,2,有,有,6300000,36771,坡道平面,39.24,0,土地及建物分次登記案件。前案土地登記收件字號：；,RPXNMLRJRHNFFAW48CA,89.9,0.0,6.0,,
金湖鎮,房地(土地+建物)+車位,金門縣金湖鎮環島南路五段１６５巷８弄１號三樓,67.36,其他,,,1070801,土地1建物1車位1,三層,三層,華廈(10層含以下有電梯),集合住宅,鋼筋混凝土造,1070514,171.33,3,2,2,有,有,5800000,33853,坡道平面,39.24,0,土地及建物分次登記案件。前案土地登記收件字號：；,RPOOMLRJRHNFFAW67CA,89.9,0.0,6.0,,
金湖鎮,房地(土地+建物)+車位,金門縣金湖鎮環島南路五段１６５巷７弄２號,59.9,其他,,,1070801,土地1建物1車位1,一層,三層,華廈(10層含以下有電梯),集合住宅,鋼筋混凝土造,1070514,156.96,3,2,2,有,有,5600000,35678,坡道平面,39.24,0,土地及建物分次登記案件。前案土地登記收件字號：；,RPPOMLRJRHNFFAW77CA,85.59,0.0,0.0,,
金湖鎮,房地(土地+建物)+車位,金門縣金湖鎮環島南路五段１６５巷７弄６號,59.9,其他,,,1070801,土地1建物1車位1,一層,三層,華廈(10層含以下有電梯),集合住宅,鋼筋混凝土造,1070514,156.96,3,2,2,有,有,5520000,35168,坡道平面,39.24,0,土地及建物分次登記案件。前案土地登記收件字號：；,RPQOMLRJRHNFFAW87CA,85.59,0.0,0.0,,
金湖鎮,房地(土地+建物)+車位,金門縣金湖鎮環島南路五段１６５巷８弄２號,59.9,其他,,,1070801,土地1建物1車位2,一層,三層,華廈(10層含以下有電梯),集合住宅,鋼筋混凝土造,1070514,196.34,3,2,2,有,有,5600000,28522,坡道平面,78.48,0,土地及建物分次登記案件。前案土地登記收件字號：；,RPROMLRJRHNFFAW97CA,85.73,0.0,0.0,,
金湖鎮,房地(土地+建物)+車位,金門縣金湖鎮環島南路五段１６５巷８弄６號,59.9,其他,,,1070801,土地1建物1車位2,一層,三層,華廈(10層含以下有電梯),集合住宅,鋼筋混凝土造,1070514,196.34,3,2,2,有,有,4500000,22919,坡道平面,78.48,0,土地及建物分次登記案件。前案土地登記收件字號：；,RPSOMLRJRHNFFAW08CA,85.73,0.0,0.0,,
金湖鎮,房地(土地+建物)+車位,金門縣金湖鎮環島南路五段１６５巷７弄２號二樓,68.68,其他,,,1070801,土地1建物1車位1,二層,三層,華廈(10層含以下有電梯),集合住宅,鋼筋混凝土造,1070514,173.92000000000002,3,2,2,有,有,5700000,32774,坡道平面,39.24,0,土地及建物分次登記案件。前案土地登記收件字號：；,RPTOMLRJRHNFFAW18CA,91.73,0.0,6.0,,
金湖鎮,房地(土地+建物)+車位,金門縣金湖鎮環島南路五段１６５巷７弄６號二樓,68.68,其他,,,1070801,土地1建物1車位1,二層,三層,華廈(10層含以下有電梯),集合住宅,鋼筋混凝土造,1070514,173.92000000000002,3,2,2,有,有,5000000,28749,坡道平面,39.24,0,土地及建物分次登記案件。前案土地登記收件字號：；,RPUOMLRJRHNFFAW28CA,91.73,0.0,6.0,,
金湖鎮,房地(土地+建物)+車位,金門縣金湖鎮環島南路五段１６５巷８弄２號二樓,67.36,其他,,,1070801,土地1建物1車位1,二層,三層,華廈(10層含以下有電梯),集合住宅,鋼筋混凝土造,1070514,171.33,3,2,2,有,有,5300000,30934,坡道平面,39.24,0,土地及建物分次登記案件。前案土地登記收件字號：；,RPVOMLRJRHNFFAW38CA,89.9,0.0,6.0,,
金湖鎮,房地(土地+建物)+車位,金門縣金湖鎮環島南路五段１６５巷８弄６號二樓,67.36,其他,,,1070801,土地1建物1車位1,二層,三層,華廈(10層含以下有電梯),集合住宅,鋼筋混凝土造,1070514,171.33,3,2,2,有,有,6000000,35020,坡道平面,39.24,0,土地及建物分次登記案件。前案土地登記收件字號：；,RPWOMLRJRHNFFAW48CA,89.9,0.0,6.0,,
金湖鎮,房地(土地+建物)+車位,金門縣金湖鎮環島南路五段１６５巷７弄２號三樓,68.68,其他,,,1070801,土地1建物1車位1,三層,三層,華廈(10層含以下有電梯),集合住宅,鋼筋混凝土造,1070514,173.92000000000002,3,2,2,有,有,5150000,29611,坡道平面,39.24,0,土地及建物分次登記案件。前案土地登記收件字號：；,RPXOMLRJRHNFFAW58CA,91.73,0.0,6.0,,
金湖鎮,房地(土地+建物)+車位,金門縣金湖鎮環島南路五段１６５巷７弄６號三樓,68.68,其他,,,1070801,土地1建物1車位1,三層,三層,華廈(10層含以下有電梯),集合住宅,鋼筋混凝土造,1070514,173.92000000000002,3,2,2,有,有,5300000,30474,坡道平面,39.24,0,土地及建物分次登記案件。前案土地登記收件字號：；,RPOPMLRJRHNFFAW77CA,91.73,0.0,6.0,,
金湖鎮,房地(土地+建物)+車位,金門縣金湖鎮環島南路五段１６５巷８弄２號三樓,67.36,其他,,,1070801,土地1建物1車位1,三層,三層,華廈(10層含以下有電梯),集合住宅,鋼筋混凝土造,1070514,171.33,3,2,2,有,有,5800000,33853,坡道平面,39.24,0,土地及建物分次登記案件。前案土地登記收件字號：；,RPPPMLRJRHNFFAW87CA,89.9,0.0,6.0,,
金湖鎮,房地(土地+建物)+車位,金門縣金湖鎮環島南路五段１６５巷８弄６號三樓,67.36,其他,,,1070801,土地1建物1車位1,三層,三層,華廈(10層含以下有電梯),集合住宅,鋼筋混凝土造,1070514,171.33,3,2,2,有,有,6150000,35896,坡道平面,39.24,0,土地及建物分次登記案件。前案土地登記收件字號：；,RPQPMLRJRHNFFAW97CA,89.9,0.0,6.0,,
金湖鎮,房地(土地+建物)+車位,金門縣金湖鎮環島南路五段１６５巷７弄３號,59.9,其他,,,1070801,土地1建物1車位1,一層,三層,華廈(10層含以下有電梯),集合住宅,鋼筋混凝土造,1070514,156.96,3,2,2,有,有,5600000,35678,坡道平面,39.24,0,土地及建物分次登記案件。前案土地登記收件字號：；,RPRPMLRJRHNFFAW08CA,85.59,0.0,0.0,,
金湖鎮,房地(土地+建物)+車位,金門縣金湖鎮環島南路五段１６５巷６弄５號,111.32,其他,,,1070801,土地1建物1車位1,全,三層,透天厝,集合住宅,鋼筋混凝土造,1070514,253.92000000000002,5,2,4,有,有,9300000,36626,坡道平面,39.24,0,土地及建物分次登記案件。前案土地登記收件字號：；,RPPNMLKKRHNFFAW07CA,174.75,0.0,4.9,,
金湖鎮,房地(土地+建物)+車位,金門縣金湖鎮環島南路五段１６５巷５弄１８號,109.14,其他,,,1070801,土地1建物1車位1,全,三層,透天厝,集合住宅,鋼筋混凝土造,1070514,249.77999999999997,5,2,4,有,有,9500000,38033,坡道平面,39.24,0,土地及建物分次登記案件。前案土地登記收件字號：；,RPRNMLKKRHNFFAW27CA,171.27,0.0,4.9,,
金湖鎮,房地(土地+建物)+車位,金門縣金湖鎮環島南路五段１６５巷５弄５號,111.32,其他,,,1070801,土地1建物1車位1,全,三層,透天厝,集合住宅,鋼筋混凝土造,1070514,253.92000000000002,5,2,4,有,有,9400000,37020,坡道平面,39.24,0,土地及建物分次登記案件。前案土地登記收件字號：；,RPSNMLKKRHNFFAW37CA,174.72,0.0,4.9,,
金沙鎮,房地(土地+建物),金門縣金沙鎮何厝４６之５號二樓,53.12,其他,,,1070814,土地1建物1車位0,二層,三層,公寓(5樓含以下無電梯),集合住宅,鋼筋混凝土造,1050111,101.16,3,2,2,有,無,4650000,45967,,0.0,0,,RPUNMLKKRHNFFAW57CA,79.64,0.0,12.28,,
金城鎮,房地(土地+建物),金門縣金城鎮歐厝３５之１號,156.0,其他,,,1070523,土地1建物1車位0,全,,透天厝,,,,256.65,4,2,4,有,無,8800000,34288,,0.0,0,親友、員工或其他特殊關係間之交易。；,RPUNMLKMQHNFFAW67CA,0.0,0.0,0.0,,
金湖鎮,房地(土地+建物),金門縣金湖鎮太湖路一段３１號,99.32,其他,,,1070620,土地1建物1車位0,全,三層,透天厝,一般零售業、住宅、停車空間,鋼筋混凝土造,0880730,216.43,4,2,3,有,無,13800000,63762,,0.0,0,,RPRNMLOLQHNFFAW67CA,182.83,6.72,26.88,,
金城鎮,土地,庵前劃測段387地號,445.0,住,,,1070803,土地1建物0車位0,,,其他,,,,0.0,0,0,0,有,無,5200000,11685,,0.0,0,,RPXNMLNJRHNFFAW08CA,0.0,0.0,0.0,,
金寧鄉,土地,西山段609地號,1008.95,農,,,1070816,土地2建物0車位0,,,其他,,,,0.0,0,0,0,有,無,12000000,11894,,0.0,0,,RPOPMLKMQHNFFAW27CA,0.0,0.0,0.0,,
金湖鎮,房地(土地+建物)+車位,金門縣金湖鎮環島南路五段１６５巷6弄12號,222.64,其他,,,1070713,土地1建物2車位2,全,三層,透天厝,集合住宅,鋼筋混凝土造,1070514,507.84000000000003,5,2,4,有,有,20000000,39382,坡道平面,78.48,0,,RPQPMLKMQHNFFAW47CA,349.5,0.0,9.8,,
金寧鄉,土地,北四劃段602地號,347.0,農,,,1070816,土地1建物0車位0,,,其他,,,,0.0,0,0,0,有,無,1280000,3689,,0.0,0,,RPTNMLKMQHNFFAW57CA,0.0,0.0,0.0,,
金湖鎮,房地(土地+建物)+車位,金門縣金湖鎮環島南路五段１６５巷６弄１０號,111.32,其他,,,1070713,土地1建物1車位1,全,三層,透天厝,集合住宅,鋼筋混凝土造,1070514,253.92000000000002,5,2,4,有,有,10800000,42533,坡道平面,39.24,0,,RPRNMLLKKINFFAW76CA,174.75,0.0,4.9,,
金城鎮,土地,小西門劃測段2222地號,31.12,農,,,1070810,土地1建物0車位0,,,其他,,,,0.0,0,0,0,有,無,230000,7391,,0.0,0,,RPSNMLTLQHNFFAW38DA,0.0,0.0,0.0,,
金城鎮,土地,山前段352-1地號,266.0,農,,,1070818,土地1建物0車位0,,,其他,,,,0.0,0,0,0,有,無,2600000,9774,,0.0,0,,RPRNMLTLQHNFFAW28DA,0.0,0.0,0.0,,
金沙鎮,房地(土地+建物),金門縣金沙鎮沙美260號2樓,38.37,住,,,1070808,土地1建物1車位0,二層,三層,公寓(5樓含以下無電梯),集合住宅,鋼筋混凝土造,1060817,76.97,2,1,2,有,無,4200000,54567,,0.0,0,,RPXOMLSLQHNFFAW88DA,58.67,0.0,4.75,,
金沙鎮,土地,汶沙測段1540-2地號,369.88,其他,,,1070808,土地3建物0車位0,,,其他,,,,0.0,0,0,0,有,無,11836160,32000,,0.0,0,土地價購,RPPNMLNJRHNFFAW27CA,0.0,0.0,0.0,,
金城鎮,土地,庵前劃測段251地號,800.02,農,,,1070801,土地1建物0車位0,,,其他,,,,0.0,0,0,0,有,無,4800000,6000,,0.0,0,親友、員工或其他特殊關係間之交易。；建商與地主合建案。；畸零地或有合併使用之交易。；受債權債務影響或債務抵償之交易。；,RPSNMLSLQHNFFAW18CA,0.0,0.0,0.0,,
金沙鎮,土地,后宅段1283地號,127.0,其他,,,1070814,土地1建物0車位0,,,其他,,,,0.0,0,0,0,有,無,800000,6299,,0.0,0,親友、員工或其他特殊關係間之交易。；地上物未辦保存登記，隨同土地一併移轉，土地增值稅由買方負擔。,RPOOMLSLQHNFFAW87CA,0.0,0.0,0.0,,
金城鎮,房地(土地+建物),金門縣金城鎮浴井３９號,155.0,其他,,,1070730,土地1建物1車位0,全,,透天厝,,,,293.74,6,2,7,有,無,15500000,52768,,0.0,0,,RPWOMLSLQHNFFAW68CA,0.0,0.0,0.0,,
金城鎮,房地(土地+建物),金門縣金寧鄉伯玉路一段２１６之３號,109.45,其他,,,1070725,土地2建物1車位0,全,三層,透天厝,住家用,鋼筋混凝土造,1051027,245.98,4,2,5,有,無,7200000,29271,,0.0,0,,RPOPMLSLQHNFFAW97CA,230.69,0.0,15.29,,
金城鎮,房地(土地+建物),金門縣金寧鄉伯玉路一段２１６之２號,109.41,其他,,,1070725,土地2建物1車位0,全,三層,透天厝,住家用,鋼筋混凝土造,1051028,245.98,4,2,5,有,無,7200000,29271,,0.0,0,,RPPPMLSLQHNFFAW08CA,230.69,0.0,15.29,,
金湖鎮,土地,后壟段174地號,1290.0,農,,,1070801,土地1建物0車位0,,,其他,,,,0.0,0,0,0,有,無,4644000,3600,,0.0,0,,RPQNMLLLRHNFFAW37CA,0.0,0.0,0.0,,
金寧鄉,土地,東洲段803地號,1460.85,農,,,1070808,土地1建物0車位0,,,其他,,,,0.0,0,0,0,有,無,5700000,3902,,0.0,0,,RPQNMLSLQHNFFAW08DA,0.0,0.0,0.0,,
金城鎮,土地,歐厝段976-5地號,1149.29,其他,,,1070823,土地1建物0車位0,,,其他,,,,0.0,0,0,0,有,無,4100000,3567,,0.0,0,,RPQNMLLMQHNFFAW47DA,0.0,0.0,0.0,,
金沙鎮,土地,洋山段1071地號,232.0,農,,,1070802,土地1建物0車位0,,,其他,,,,0.0,0,0,0,有,無,278400,1200,,0.0,0,,RPRNMLNJRHNFFAW57DA,0.0,0.0,0.0,,
金沙鎮,土地,后宅測段175地號,320.45,農,,,1070802,土地1建物0車位0,,,其他,,,,0.0,0,0,0,有,無,384600,1200,,0.0,0,,RPVNMLNJRHNFFAW97DA,0.0,0.0,0.0,,
金湖鎮,土地,士校段140地號,2074.72,其他,,,1070822,土地2建物0車位0,,,其他,,,,0.0,0,0,0,有,無,7000000,3374,,0.0,0,,RPUNMLTLQHNFFAW58DA,0.0,0.0,0.0,,
金寧鄉,土地,西堡劃測段511-1地號,166.67,農,,,1070806,土地1建物0車位0,,,其他,,,,0.0,0,0,0,有,無,533344,3200,,0.0,0,,RPPNMLTLQHNFFAW08DA,0.0,0.0,0.0,,
金城鎮,土地,旗牌段376-2地號,108.8,住,,,1070806,土地1建物0車位0,,,其他,,,,0.0,0,0,0,有,無,2284800,21000,,0.0,0,,RPVNMLTLQHNFFAW58CA,0.0,0.0,0.0,,
金城鎮,房地(土地+建物),金門縣金城鎮金門城１５９之８號三樓之３,46.3,其他,,,1070724,土地1建物1車位0,,,公寓(5樓含以下無電梯),,,,81.25,3,2,2,有,無,4680000,57600,,0.0,0,土地及建物分次登記案件。前案土地登記收件字號：；,RPSNMLKMQHNFFAW47CA,0.0,0.0,0.0,,
金寧鄉,土地,下埔下段36-1地號,84.0,其他,,,1070807,土地1建物0車位0,,,其他,,,,0.0,0,0,0,有,無,2520000,30000,,0.0,0,,RPOOMLKMQHNFFAW17CA,0.0,0.0,0.0,,
金寧鄉,土地,寧安二劃段426地號,150.0,農,,,1070820,土地1建物0車位0,,,其他,,,,0.0,0,0,0,有,無,1000000,6667,,0.0,0,,RPPNMLLMQHNFFAW27CA,0.0,0.0,0.0,,
金湖鎮,房地(土地+建物),金門縣金湖鎮庵邊２之２０號,83.33,住,,,1070809,土地1建物1車位0,一層,三層,華廈(10層含以下有電梯),集合住宅,鋼筋混凝土造,1070425,138.54,3,2,2,有,無,7200000,51971,,0.0,0,,RPRNMLRJRHNFFAW87CA,122.14,0.0,2.93,,
金沙鎮,土地,后宅測段198地號,1613.34,農,,,1070823,土地1建物0車位0,,,其他,,,,0.0,0,0,0,有,無,2420000,1500,,0.0,0,,RPPPMLKMQHNFFAW37CA,0.0,0.0,0.0,,
金寧鄉,土地,寧湖一劃段193-1地號,435.88,農,,,1070823,土地4建物0車位0,,,其他,,,,0.0,0,0,0,有,無,4350000,9980,,0.0,0,,RPSNMLLLRHNFFAW67DA,0.0,0.0,0.0,,
金寧鄉,土地,后沙村段215地號,380.0,其他,,,1070815,土地1建物0車位0,,,其他,,,,0.0,0,0,0,有,無,9300000,24474,,0.0,0,,RPWOMLKKRHNFFAW87CA,0.0,0.0,0.0,,
金湖鎮,房地(土地+建物),金門縣金湖鎮林兜３３２號,100.49,其他,,,1070815,土地2建物1車位0,全,三層,透天厝,住家用,鋼筋混凝土造,1070327,185.26,4,3,4,有,無,8600000,46421,,0.0,0,,RPOOMLKKRHNFFAW07CA,173.45,0.0,11.81,,
金沙鎮,房地(土地+建物),金門縣金沙鎮洋山８８號一樓之２,42.87,住,,,1070710,土地2建物1車位0,一層,三層,公寓(5樓含以下無電梯),集合住宅,鋼筋混凝土造,1070308,63.209999999999994,2,1,1,有,無,2970000,46986,,0.0,0,,RPOOMLNJRHNFFAW27CA,58.41,0.0,0.0,,
金沙鎮,土地,官嶼劃段279地號,1000.0,農,,,1070815,土地2建物0車位0,,,其他,,,,0.0,0,0,0,有,無,2800000,2800,,0.0,0,,RPSNMLNJRHNFFAW57CA,0.0,0.0,0.0,,
金沙鎮,土地,汶沙測段1526地號,303.61,其他,,,1070820,土地1建物0車位0,,,其他,,,,0.0,0,0,0,有,無,7225918,23800,,0.0,0,包含公共設施保留地之交易。；,RPVNMLOJRHNFFAW97CA,0.0,0.0,0.0,,
金湖鎮,土地,山外段129地號,120.0,住,,,1070820,土地1建物0車位0,,,其他,,,,0.0,0,0,0,有,無,6000000,50000,,0.0,0,含增建或未登記建物。；,RPWNMLOJRHNFFAW08CA,0.0,0.0,0.0,,
金寧鄉,土地,寧劃段862地號,245.3,農,,,1070816,土地1建物0車位0,,,其他,,,,0.0,0,0,0,有,無,1000000,4077,,0.0,0,,RPQOMLOJRHNFFAW57CA,0.0,0.0,0.0,,
金寧鄉,房地(土地+建物)+車位,金門縣金寧鄉東州７６之２號三樓,58.75,其他,,,1070820,土地1建物1車位1,三層,三層,華廈(10層含以下有電梯),集合住宅,鋼筋混凝土造,1040721,144.51,3,2,2,有,無,7000000,48440,一樓平面,0.0,0,,RPPNMLQJRHNFFAW57CA,83.68,2.92,9.16,,
金寧鄉,土地,山后段762地號,1358.4,其他,,,1070801,土地3建物0車位0,,,其他,,,,0.0,0,0,0,有,無,1602900,1180,,0.0,0,,RPTNMLOJRHNFFAW77CA,0.0,0.0,0.0,,
金寧鄉,房地(土地+建物),金門縣金寧鄉榜林6之11號二樓,56.39,其他,,,1070823,土地1建物1車位0,二層,三層,公寓(5樓含以下無電梯),集合住宅,鋼筋混凝土造,1070627,86.97999999999999,3,1,2,有,無,5800000,66682,,0.0,0,土地及建物分次登記案件。前案土地登記收件字號：；,RPTNMLQLRHNFFAW18CA,73.15,0.0,4.17,,
金沙鎮,土地,官澳段1213地號,73.75,住,,,1070816,土地1建物0車位0,,,其他,,,,0.0,0,0,0,有,無,516250,7000,,0.0,0,親友、員工或其他特殊關係間之交易。；,RPTOMLKKRHNFFAW57CA,0.0,0.0,0.0,,
金寧鄉,房地(土地+建物),金門縣金寧鄉榜林6之11號,56.39,其他,,,1070823,土地1建物1車位0,一層,三層,公寓(5樓含以下無電梯),集合住宅,鋼筋混凝土造,1070627,86.97999999999999,3,1,2,有,無,6000000,68981,,0.0,0,土地及建物分次登記案件。前案土地登記收件字號：；,RPUNMLRKRHNFFAW28CA,73.15,0.0,4.17,,
金寧鄉,房地(土地+建物),金門縣金寧鄉榜林６之１１號三樓,56.39,其他,,,1070823,土地1建物1車位0,三層,三層,公寓(5樓含以下無電梯),集合住宅,鋼筋混凝土造,1070627,86.97999999999999,3,1,2,有,無,5900000,67832,,0.0,0,土地及建物分次登記案件。前案土地登記收件字號：；,RPPOMLRKRHNFFAW87CA,73.15,0.0,4.17,,
金寧鄉,房地(土地+建物),金門縣金寧鄉榜林６之１２號,53.08,其他,,,1070823,土地1建物1車位0,一層,三層,公寓(5樓含以下無電梯),集合住宅,鋼筋混凝土造,1070627,82.04,2,1,2,有,無,5800000,70697,,0.0,0,土地及建物分次登記案件。前案土地登記收件字號：；,RPQOMLRKRHNFFAW97CA,69.02,0.0,3.93,,
金城鎮,土地,祥瑞段706地號,1.62,其他,,,1070823,土地1建物0車位0,,,其他,,,,0.0,0,0,0,有,無,65826,40633,,0.0,0,,RPXNMLOJRHNFFAW28DA,0.0,0.0,0.0,,
金城鎮,土地,延平段83-1地號,666.86,農,,,1070821,土地1建物0車位0,,,其他,,,,0.0,0,0,0,有,無,6600000,9897,,0.0,0,,RPOOMLOJRHNFFAW47DA,0.0,0.0,0.0,,
金城鎮,房地(土地+建物),金門縣金城鎮中興路７２號,12.22,商,,,1070824,土地2建物1車位0,全,二層,透天厝,住商用,鋼筋混凝土加強磚造,0510701,23.45,1,1,1,有,無,2000000,85288,,0.0,0,,RPUNMLQJRHNFFAW08CA,21.38,2.08,0.0,,
金湖鎮,房地(土地+建物),金門縣金湖鎮市港三路１５０號,11.85,其他,,,1070827,土地1建物1車位0,一層，見其他登記事項,七層,華廈(10層含以下有電梯),飲食店,鋼筋混凝土造,1040923,135.24,0,0,0,無,無,8250000,61003,,0.0,0,土地及建物分次登記案件。前案土地登記收件字號：；,RPSNMLPJRHNFFAW77CA,91.61,0.0,3.7,,
金城鎮,土地,城東段485地號,133.94,住,,,1070806,土地1建物0車位0,,,其他,,,,0.0,0,0,0,有,無,1836735,13713,,0.0,0,,RPPNMLLKRHNFFAW17CA,0.0,0.0,0.0,,
金湖鎮,土地,士校段169-10地號,2121.59,農,,,1070730,土地3建物0車位0,,,其他,,,,0.0,0,0,0,有,無,7635000,3599,,0.0,0,,RPUOMLRKRHNFFAW38CA,0.0,0.0,0.0,,
金湖鎮,房地(土地+建物),金門縣金湖鎮林兜３６３號,100.55,其他,,,1070827,土地2建物1車位0,全,三層,透天厝,住家用,鋼筋混凝土造,1070327,185.26,4,3,4,有,無,10600000,57217,,0.0,0,,RPPNMLSLRHNFFAW97CA,173.45,0.0,11.81,,
金湖鎮,房地(土地+建物),金門縣金湖鎮林兜３３８號,100.33,其他,,,1070823,土地2建物1車位0,全,三層,透天厝,住家用,鋼筋混凝土造,1070327,185.67,4,3,4,有,無,7600000,40933,,0.0,0,,RPRNMLSLRHNFFAW18CA,173.75,0.0,11.92,,
金湖鎮,房地(土地+建物),金門縣金湖鎮林兜３１１號,100.46,其他,,,1070827,土地2建物1車位0,全,三層,透天厝,住家用,鋼筋混凝土造,1070327,185.26,4,3,4,有,無,10800000,58296,,0.0,0,,RPPNMLLJIINFFAW88CA,173.45,0.0,11.81,,
金湖鎮,房地(土地+建物),金門縣金湖鎮林兜３１３號,119.08,其他,,,1070827,土地2建物1車位0,全,三層,透天厝,住家用,鋼筋混凝土造,1070327,185.67,4,3,4,有,無,11400000,61399,,0.0,0,,RPQNMLLJIINFFAW98CA,173.75,0.0,11.92,,
金湖鎮,房地(土地+建物),金門縣金湖鎮林兜３２１號,106.2,其他,,,1070827,土地2建物1車位0,全,三層,透天厝,住家用,鋼筋混凝土造,1070327,185.26,4,3,4,有,無,10600000,57217,,0.0,0,,SPQNMLLJIINFFAW09CA,173.45,0.0,11.81,,
金城鎮,房地(土地+建物),金門縣金城鎮富康一村６巷１５號,74.91,住,,,1070808,土地2建物1車位0,全,四層,透天厝,停車空間，集合住宅,鋼筋混凝土造,0890215,189.75,4,3,3,有,無,9800000,51647,,0.0,0,,RPVOMLKKRHNFFAW77CA,173.28,0.0,16.47,,
金湖鎮,房地(土地+建物),金門縣金湖鎮市港三路２３５號二樓,21.06,住,,,1070808,土地1建物1車位0,二層,八層,華廈(10層含以下有電梯),集合住宅,鋼筋混凝土造,1050421,105.26,3,2,2,有,無,6880000,65362,,0.0,0,土地及建物分次登記案件。前案土地登記收件字號：；,RPPOMLKKRHNFFAW17CA,71.11,2.08,8.06,,
金城鎮,土地,旗牌段300地號,128.0,其他,,,1070817,土地1建物0車位0,,,其他,,,,0.0,0,0,0,有,無,3584000,28000,,0.0,0,,RPQOMLKKRHNFFAW27CA,0.0,0.0,0.0,,
金湖鎮,土地,湖后劃段454地號,1398.22,農,,,1070828,土地1建物0車位0,,,其他,,,,0.0,0,0,0,有,無,3800000,2718,,0.0,0,,RPROMLKKRHNFFAW37CA,0.0,0.0,0.0,,
金沙鎮,土地,沙田劃段591地號,791.0,其他,,,1070822,土地1建物0車位0,,,其他,,,,0.0,0,0,0,有,無,1900000,2402,,0.0,0,,RPSOMLKKRHNFFAW47CA,0.0,0.0,0.0,,
金湖鎮,房地(土地+建物),金門縣金湖鎮庵邊２之２１號,83.33,住,,,1070828,土地1建物1車位0,一層,三層,華廈(10層含以下有電梯),集合住宅,鋼筋混凝土造,1070425,138.54,3,2,2,有,無,7400000,53414,,0.0,0,,RPQNMLRJRHNFFAW77CA,122.14,0.0,2.93,,
金沙鎮,土地,沙田劃段569地號,1000.0,其他,,,1070823,土地1建物0車位0,,,其他,,,,0.0,0,0,0,有,無,2200000,2200,,0.0,0,,RPQNMLLKRHNFFAW27CA,0.0,0.0,0.0,,
金沙鎮,土地,沙東劃段286地號,1000.13,農,,,1070822,土地1建物0車位0,,,其他,,,,0.0,0,0,0,有,無,2000000,2000,,0.0,0,,RPRNMLLKRHNFFAW37CA,0.0,0.0,0.0,,
金城鎮,房地(土地+建物),金門縣金城鎮西海路三段２２巷４弄６２號,119.17,農,,,1070726,土地2建物1車位0,全,三層,透天厝,住家用,鋼筋混凝土造,0840626,195.86,5,2,3,有,無,7850000,40080,,0.0,0,,RPWNMLNKRHNFFAW08CA,178.89,0.0,16.97,,
金城鎮,房地(土地+建物),金門縣金城鎮浴井７８號二樓,58.66,其他,,,1070728,土地6建物1車位0,二層,三層,公寓(5樓含以下無電梯),集合住宅,鋼筋混凝土造,1070208,124.52,3,2,2,有,無,7800000,62641,,0.0,0,土地及建物分次登記案件。前案土地登記收件字號：；,RPXNMLNKRHNFFAW18CA,109.52,0.0,8.9,,
金城鎮,房地(土地+建物),金門縣金城鎮浴井７９號,58.66,其他,,,1070820,土地6建物1車位0,一層,三層,公寓(5樓含以下無電梯),集合住宅,鋼筋混凝土造,1070208,115.61999999999999,3,2,2,有,無,7700000,66597,,0.0,0,土地及建物分次登記案件。前案土地登記收件字號：；,RPPOMLNKRHNFFAW47CA,109.52,0.0,0.0,,
金湖鎮,土地,中五劃段12地號,537.0,農,,,1070817,土地1建物0車位0,,,其他,,,,0.0,0,0,0,有,無,5110000,9516,,0.0,0,,RPWOMLOKRHNFFAW38DA,0.0,0.0,0.0,,
金城鎮,房地(土地+建物),金門縣金城鎮民族路32之1號,42.65,商,,,1070903,土地2建物2車位0,一層,五層,公寓(5樓含以下無電梯),住家用,鋼筋混凝土加強磚造,0850229,151.68,2,1,1,有,無,11500000,75818,,0.0,0,,RPQNMLPLRHNFFAW87DA,116.93,10.34,10.32,,
金湖鎮,房地(土地+建物),金門縣金湖鎮信義新村２之１１號,141.28,其他,,,1070731,土地1建物1車位0,全,三層,透天厝,集合住宅,鋼筋混凝土造,1010204,190.68,5,2,5,有,無,11350000,59524,,0.0,0,,RPRNMLMKRHNFFAW47CA,181.56,0.0,9.12,,
金城鎮,土地,后豐港段399地號,419.0,農,,,1070905,土地1建物0車位0,,,其他,,,,0.0,0,0,0,有,無,500000,1193,,0.0,0,畸零地或有合併使用之交易。；沒有通路的農地,RPQNMLNKRHNFFAW47CA,0.0,0.0,0.0,,
金城鎮,房地(土地+建物),金門縣金城鎮浴井８０號,89.88,其他,,,1070823,土地5建物1車位0,全,三層,透天厝,集合住宅,鋼筋混凝土造,1070208,187.51,5,2,3,有,無,11600000,61863,,0.0,0,土地及建物分次登記案件。前案土地登記收件字號：；,RPTNMLNKRHNFFAW77CA,174.82,0.0,12.69,,
金寧鄉,房地(土地+建物)+車位,金門縣金寧鄉下堡１４９號,110.44,其他,,,1070829,土地1建物1車位3,全,三層,透天厝,集合住宅,鋼筋混凝土造,1070627,335.48,5,3,5,有,無,13200000,39347,坡道平面,59.64,0,土地及建物分次登記案件。前案土地登記收件字號：；,RPPOMLOKRHNFFAW57CA,211.42,2.03,5.33,,
金寧鄉,房地(土地+建物)+車位,金門縣金寧鄉下堡１４９之１號,107.03,其他,,,1070829,土地1建物1車位1,全,三層,透天厝,集合住宅,鋼筋混凝土造,1070627,296.51,5,3,5,有,無,13850000,46710,坡道平面,32.05,0,土地及建物分次登記案件。前案土地登記收件字號：；,RPROMLOKRHNFFAW77CA,201.96,2.03,5.2,,
金湖鎮,房地(土地+建物)+車位,金門縣金湖鎮環島南路五段１６５巷６弄７號,111.32,其他,,,1070801,土地1建物1車位1,全,三層,透天厝,集合住宅,鋼筋混凝土造,1070514,253.92000000000002,5,2,4,有,有,9500000,37413,坡道平面,39.24,0,土地及建物分次登記案件。前案土地登記收件字號：；,RPTNMLNJIINFFAW86CA,174.75,0.0,4.9,,
金湖鎮,房地(土地+建物)+車位,金門縣金湖鎮環島南路五段１６５巷６弄９號,111.32,其他,,,1070801,土地1建物1車位1,全,三層,透天厝,集合住宅,鋼筋混凝土造,1070514,253.92000000000002,5,2,4,有,有,9500000,37413,坡道平面,39.24,0,土地及建物分次登記案件。前案土地登記收件字號：；,RPUNMLNJIINFFAW96CA,174.75,0.0,4.9,,
金湖鎮,房地(土地+建物)+車位,金門縣金湖鎮環島南路五段１６５巷５弄７號,111.32,其他,,,1070801,土地1建物1車位1,全,三層,透天厝,集合住宅,鋼筋混凝土造,1070514,253.92000000000002,5,2,4,有,有,11000000,43321,坡道平面,39.24,0,土地及建物分次登記案件。前案土地登記收件字號：；,RPVNMLNJIINFFAW07CA,174.75,0.0,4.9,,
金湖鎮,房地(土地+建物)+車位,金門縣金湖鎮環島南路五段１６５巷６弄３號,111.32,其他,,,1070801,土地1建物1車位1,全,三層,透天厝,集合住宅,鋼筋混凝土造,1070514,253.92000000000002,5,2,4,有,有,10000000,39382,坡道平面,39.24,0,土地及建物分次登記案件。前案土地登記收件字號：；,RPWNMLNJIINFFAW17CA,174.75,0.0,4.9,,
金湖鎮,房地(土地+建物)+車位,金門縣金湖鎮環島南路五段１６５巷５弄２０號,109.14,其他,,,1070801,土地1建物1車位1,全,三層,透天厝,集合住宅,鋼筋混凝土造,1070514,249.77999999999997,5,2,4,有,有,10800000,43238,坡道平面,39.24,0,土地及建物分次登記案件。前案土地登記收件字號：；,RPXNMLNJIINFFAW27CA,171.27,0.0,4.9,,
金湖鎮,房地(土地+建物)+車位,金門縣金湖鎮環島南路五段１６５巷３弄５號,115.96,其他,,,1070801,土地1建物1車位1,全,三層,透天厝,集合住宅,鋼筋混凝土造,1070514,262.91,5,2,4,有,有,9500000,36134,坡道平面,39.24,0,土地及建物分次登記案件。前案土地登記收件字號：；,RPPOMLNJIINFFAW56CA,182.25,0.0,4.9,,
金湖鎮,房地(土地+建物)+車位,金門縣金湖鎮環島南路五段１６５巷２弄１８號,249.65,其他,,,1070801,土地1建物2車位2,全,三層,透天厝,集合住宅,鋼筋混凝土造,1070514,560.4300000000001,5,2,4,有,有,20000000,35687,坡道平面,78.48,0,土地及建物分次登記案件。前案土地登記收件字號：；,RPROMLNJIINFFAW76CA,388.3,0.0,15.08,,
金寧鄉,房地(土地+建物)+車位,金門縣金寧鄉下堡１４９之２號,107.03,其他,,,1070829,土地1建物1車位2,全,三層,透天厝,集合住宅,鋼筋混凝土造,1070627,310.45,5,3,5,有,無,13200000,42519,坡道平面,45.99,0,土地及建物分次登記案件。前案土地登記收件字號：；,RPSOMLOKRHNFFAW87CA,201.96,2.03,5.2,,
金寧鄉,房地(土地+建物)+車位,金門縣金寧鄉下堡１４９之７號,107.03,其他,,,1070829,土地1建物1車位2,全,三層,透天厝,集合住宅,鋼筋混凝土造,1070627,309.33,5,3,5,有,無,13600000,43966,坡道平面,44.87,0,,RPXOMLOKRHNFFAW38CA,201.96,2.03,5.2,,
金寧鄉,房地(土地+建物)+車位,金門縣金寧鄉下堡１４９之６號,107.03,其他,,,1070829,土地1建物1車位1,全,三層,透天厝,集合住宅,鋼筋混凝土造,1070627,296.51,5,3,5,有,無,13600000,45867,坡道平面,32.05,0,,RPPPMLOKRHNFFAW67CA,201.96,2.03,5.2,,
金寧鄉,房地(土地+建物),金門縣金寧鄉下堡１００之１１號,34.59,其他,,,1070822,土地1建物1車位0,一層,三層,公寓(5樓含以下無電梯),集合住宅,鋼筋混凝土造,1021120,98.63999999999999,3,0,3,有,無,4800000,48662,,0.0,0,,RPQPMLRKRHNFFAW08CA,68.27,0.0,7.22,,
金沙鎮,房地(土地+建物),金門縣金沙鎮陽翟１２６號二樓,43.83,其他,,,1070622,土地1建物1車位0,二層,三層,華廈(10層含以下有電梯),集合住宅,鋼筋混凝土造,1060324,96.1,3,2,2,有,無,4800000,49948,,0.0,0,,RPSOMLKLRHNFFAW57CA,69.83,0.0,7.44,,
金城鎮,房地(土地+建物),金門縣金城鎮珠浦南路４４巷１２弄９號三樓之２,12.88,住,,,1070905,土地1建物1車位0,三層,四層,華廈(10層含以下有電梯),集合住宅,鋼筋混凝土造,1070117,29.07,1,1,1,有,無,3500000,120399,,0.0,0,,RPWNMLOKRHNFFAW18CA,19.16,1.1,2.23,,
金寧鄉,土地,安西劃段879-10地號,98.03,農,,,1070911,土地1建物0車位0,,,其他,,,,0.0,0,0,0,有,無,4000000,40804,,0.0,0,,RPTNMLRKRHNFFAW28DA,0.0,0.0,0.0,,
金城鎮,土地,中一段570地號,162.66,其他,,,1070409,土地1建物0車位0,,,其他,,,,0.0,0,0,0,有,無,1600000,9836,,0.0,0,,RPPNMLOKRHNFFAW57DA,0.0,0.0,0.0,,
金寧鄉,土地,龍潭段382地號,486.18,其他,,,1070806,土地1建物0車位0,,,其他,,,,0.0,0,0,0,有,無,250000,514,,0.0,0,沒有通路的農地,RPQPMLOKRHNFFAW77CA,0.0,0.0,0.0,,
金寧鄉,房地(土地+建物)+車位,金門縣金寧鄉下堡１４９之５號,107.03,其他,,,1070829,土地1建物1車位1,全,三層,透天厝,集合住宅,鋼筋混凝土造,1070627,296.51,5,3,5,有,無,12920000,43574,坡道平面,32.05,0,,RPRPMLOKRHNFFAW87CA,201.96,2.03,5.2,,
金寧鄉,房地(土地+建物)+車位,金門縣金寧鄉下堡１４９之１１號,106.96,其他,,,1070829,土地1建物1車位1,全,三層,透天厝,集合住宅,鋼筋混凝土造,1070627,278.32,5,3,6,有,無,11700000,42038,坡道平面,13.94,0,,RPQNMLRKRHNFFAW87CA,203.97,2.03,3.14,,
金寧鄉,房地(土地+建物)+車位,金門縣金寧鄉下堡１４９之１２號,106.96,其他,,,1070829,土地1建物1車位2,全,三層,透天厝,集合住宅,鋼筋混凝土造,1070627,310.48,5,3,5,有,無,12400000,39938,坡道平面,46.09,0,,RPRNMLRKRHNFFAW97CA,203.97,2.03,3.14,,
金寧鄉,房地(土地+建物)+車位,金門縣金寧鄉下堡１４９之１３號,106.96,其他,,,1070829,土地1建物1車位1,全,三層,透天厝,集合住宅,鋼筋混凝土造,1070627,295.54999999999995,5,3,5,有,無,11300000,38234,坡道平面,31.17,0,,RPVNMLRKRHNFFAW38CA,203.97,2.03,3.14,,
金寧鄉,房地(土地+建物)+車位,金門縣金寧鄉下堡１４９之１５號,106.77,其他,,,1070829,土地1建物1車位1,全,三層,透天厝,集合住宅,鋼筋混凝土造,1070627,278.84,5,3,5,有,無,10000000,35863,坡道平面,13.94,0,,RPXNMLRKRHNFFAW58CA,204.31,2.03,3.42,,
金寧鄉,房地(土地+建物)+車位,金門縣金寧鄉下堡１４９之１６號,55.98,其他,,,1070829,土地1建物1車位1,一層,三層,華廈(10層含以下有電梯),集合住宅,鋼筋混凝土造,1070627,151.07,4,2,2,有,無,7000000,46336,坡道平面,12.82,0,,RPOOMLRKRHNFFAW77CA,109.33,0.0,0.0,,
金寧鄉,房地(土地+建物)+車位,金門縣金寧鄉下堡１４９之１０號,106.96,其他,,,1070829,土地1建物1車位1,全,三層,透天厝,集合住宅,鋼筋混凝土造,1070627,281.31,5,3,5,有,無,11500000,40880,坡道平面,13.94,0,,RPOPMLOKRHNFFAW57CA,206.96,2.03,3.14,,
金寧鄉,房地(土地+建物)+車位,金門縣金寧鄉下堡１４９之３號,107.03,其他,,,1070829,土地1建物1車位1,全,三層,透天厝,集合住宅,鋼筋混凝土造,1070627,296.51,5,3,5,有,無,11000000,37098,坡道平面,32.05,0,土地及建物分次登記案件。前案土地登記收件字號：；,RPUOMLOKRHNFFAW08CA,201.96,2.03,5.2,,
金寧鄉,土地,湖下村段138地號,99.0,其他,,,1070820,土地1建物0車位0,,,其他,,,,0.0,0,0,0,有,無,2600000,26263,,0.0,0,含增建或未登記建物。；,RPSNMLLJIINFFAW56CA,0.0,0.0,0.0,,
金湖鎮,房地(土地+建物),金門縣金湖鎮林兜３１０號,100.46,其他,,,1070907,土地2建物1車位0,全,三層,透天厝,住家用,鋼筋混凝土造,1070327,185.67,4,3,4,有,無,7600000,40933,,0.0,0,,RPRNMLLJIINFFAW09CA,173.75,0.0,11.92,,
金寧鄉,土地,煙墩段1206地號,2924.92,其他,,,1070801,土地3建物0車位0,,,其他,,,,0.0,0,0,0,有,無,11500000,3932,,0.0,0,,RPWOMLNJIINFFAW27CA,0.0,0.0,0.0,,
金寧鄉,土地,長寮段1410-1地號,1198.41,農,,,1070820,土地2建物0車位0,,,其他,,,,0.0,0,0,0,有,無,8000000,6676,,0.0,0,,RPPNMLTKRHNFFAW97CA,0.0,0.0,0.0,,
金寧鄉,房地(土地+建物)+車位,金門縣金寧鄉下堡１４９之１６號二樓,61.06,其他,,,1070829,土地1建物1車位1,二層,三層,華廈(10層含以下有電梯),集合住宅,鋼筋混凝土造,1070627,163.82,4,2,2,有,無,7600000,46392,坡道平面,13.94,0,,RPXOMLRKRHNFFAW68CA,109.33,0.0,9.01,,
金寧鄉,房地(土地+建物)+車位,金門縣金寧鄉下堡１４９之１６號三樓,61.06,其他,,,1070829,土地1建物1車位1,三層,三層,華廈(10層含以下有電梯),集合住宅,鋼筋混凝土造,1070627,162.7,4,2,2,有,無,7200000,44253,坡道平面,12.82,0,,RPOPMLRKRHNFFAW87CA,109.33,0.0,9.01,,
金寧鄉,房地(土地+建物)+車位,金門縣金寧鄉下堡１４９之１７號三樓,59.95,其他,,,1070829,土地1建物1車位1,三層,三層,華廈(10層含以下有電梯),集合住宅,鋼筋混凝土造,1070627,158.91,4,2,2,有,無,7000000,44050,坡道平面,12.82,0,,RPQNMLKLRHNFFAW27CA,106.61,0.0,8.5,,
金寧鄉,房地(土地+建物)+車位,金門縣金寧鄉下堡１４９之１７號,55.02,其他,,,1070829,土地1建物1車位1,一層,三層,華廈(10層含以下有電梯),集合住宅,鋼筋混凝土造,1070627,156.37,4,2,2,有,無,7200000,46045,坡道平面,21.28,0,,RPRNMLKLRHNFFAW37CA,106.66,0.0,0.0,,
金寧鄉,房地(土地+建物)+車位,金門縣金寧鄉下堡１４９之１７號二樓,59.95,其他,,,1070829,土地1建物1車位1,二層,三層,華廈(10層含以下有電梯),集合住宅,鋼筋混凝土造,1070627,160.01999999999998,4,2,3,有,無,7750000,48431,坡道平面,13.94,0,,RPSNMLKLRHNFFAW47CA,106.61,0.0,8.5,,
金城鎮,土地,北一段489-1地號,116.49,農,,,1070813,土地12建物0車位0,,,其他,,,,0.0,0,0,0,有,無,1800000,15452,,0.0,0,親友、員工或其他特殊關係間之交易。；,RPPNMLPLRHNFFAW77DA,0.0,0.0,0.0,,
金湖鎮,土地,漁村段791-1地號,245.2,其他,,,1070904,土地2建物0車位0,,,其他,,,,0.0,0,0,0,有,無,3187600,13000,,0.0,0,,RPVOMLRKRHNFFAW58DA,0.0,0.0,0.0,,
金沙鎮,土地,榮湖段522地號,576.39,其他,,,1070904,土地1建物0車位0,,,其他,,,,0.0,0,0,0,有,無,1729170,3000,,0.0,0,,RPWOMLRKRHNFFAW68DA,0.0,0.0,0.0,,
金城鎮,土地,北一段499-1地號,29.12,農,,,1070813,土地12建物0車位0,,,其他,,,,0.0,0,0,0,有,無,450000,15453,,0.0,0,親友、員工或其他特殊關係間之交易。；,RPQNMLKMQHNFFAW57CD,0.0,0.0,0.0,,
金沙鎮,土地,后宅測段198地號,1613.34,農,,,1070910,土地1建物0車位0,,,其他,,,,0.0,0,0,0,有,無,2420000,1500,,0.0,0,,RPTNMLKLRHNFFAW57CA,0.0,0.0,0.0,,
金湖鎮,房地(土地+建物),金門縣金湖鎮復興路９９號,84.23,商,,,1070907,土地2建物1車位0,全,三層,透天厝,住商用,鋼筋混凝土造,0691130,251.82,0,0,0,無,無,22000000,87364,,0.0,0,,RPUNMLKLRHNFFAW67CA,248.21,0.0,3.61,,
金城鎮,房地(土地+建物),金門縣金城鎮金門城１０６之９號三樓,34.51,其他,,,1070910,土地1建物1車位0,三層,五層,公寓(5樓含以下無電梯),集合住宅,鋼筋混凝土造,1070202,83.29,3,1,2,有,無,4600000,55229,,0.0,0,,RPWNMLKLRHNFFAW87CA,60.89,0.0,6.37,,
金寧鄉,土地,寧劃段862地號,490.6,農,,,1070905,土地1建物0車位0,,,其他,,,,0.0,0,0,0,有,無,2280000,4647,,0.0,0,,RPQNMLTKRHNFFAW08CA,0.0,0.0,0.0,,
金寧鄉,土地,西堡劃測段200地號,251.06,農,,,1070712,土地1建物0車位0,,,其他,,,,0.0,0,0,0,有,無,803392,3200,,0.0,0,,RPPNMLMJIINFFAW98CA,0.0,0.0,0.0,,
金沙鎮,土地,北九劃段1113-1地號,500.0,農,,,1070906,土地2建物0車位0,,,其他,,,,0.0,0,0,0,有,無,2700000,5400,,0.0,0,,RPXNMLKLRHNFFAW97CA,0.0,0.0,0.0,,
金湖鎮,房地(土地+建物),金門縣金湖鎮料羅新村６０８號三樓,43.46,其他,,,1070822,土地1建物1車位0,三層,四層,華廈(10層含以下有電梯),集合住宅,鋼筋混凝土造,1070118,82.83,3,2,2,有,無,4180000,50465,,0.0,0,,RPOOMLKLRHNFFAW17CA,64.92,0.0,6.65,,
金湖鎮,房地(土地+建物)+車位,金門縣金湖鎮市港三路２３５號八樓,1.97,住,,,1070831,土地1建物0車位1,,,華廈(10層含以下有電梯),,,,9.94,0,0,0,有,無,500000,0,坡道機械,9.94,200000,土地及建物分次登記案件。前案土地登記收件字號：；,RPQOMLKLRHNFFAW37CA,0.0,0.0,0.0,,
金湖鎮,房地(土地+建物)+車位,金門縣金湖鎮市港三路２３５號五樓,1.97,住,,,1070831,土地1建物0車位1,,,華廈(10層含以下有電梯),,,,9.94,0,0,0,有,無,500000,0,坡道機械,9.94,200000,土地及建物分次登記案件。前案土地登記收件字號：；,SPQOMLKLRHNFFAW47CA,0.0,0.0,0.0,,
金寧鄉,土地,安西劃段786地號,530.2,農,,,1070828,土地1建物0車位0,,,其他,,,,0.0,0,0,0,有,無,3800000,7167,,0.0,0,,RPPNMLLLRHNFFAW27CA,0.0,0.0,0.0,,
金城鎮,土地,歐厝段279地號,1070.09,農,,,1070828,土地1建物0車位0,,,其他,,,,0.0,0,0,0,有,無,2000000,1869,,0.0,0,,RPSNMLPJIINFFAW96CA,0.0,0.0,0.0,,
金湖鎮,房地(土地+建物)+車位,金門縣金湖鎮環島南路五段１６５巷５弄１２號,109.14,住,,,1070810,土地1建物1車位1,全,三層,透天厝,集合住宅,鋼筋混凝土造,1070514,249.77999999999997,5,2,4,有,無,8950000,35832,坡道平面,39.24,0,,RPOOMLLJIINFFAW88CA,171.27,0.0,4.9,,
金湖鎮,建物,金門縣金湖鎮市港三路243號6樓,0.0,,,,1070511,土地0建物1車位0,六層,七層,華廈(10層含以下有電梯),集合住宅,鋼筋混凝土造,1061213,115.53999999999999,3,2,2,有,無,2925000,25316,,0.0,0,土地及建物分次登記案件。前案土地登記收件字號：；,RPRNMLTKIINFFAW37CA,79.81,1.22,8.02,,
金湖鎮,房地(土地+建物),金門縣金湖鎮市港三路243號6樓,25.98,住,,,1070511,土地1建物1車位0,六層,七層,華廈(10層含以下有電梯),集合住宅,鋼筋混凝土造,1061213,115.53999999999999,3,2,2,有,無,6500000,56258,,0.0,0,土地及建物分次登記案件。前案土地登記收件字號：；,RPSNMLTKIINFFAW47CA,79.81,1.22,8.02,,
金湖鎮,房地(土地+建物)+車位,金門縣金湖鎮環島南路五段１６５巷７弄５號三樓,68.68,其他,,,1070913,土地1建物1車位1,三層,三層,公寓(5樓含以下無電梯),集合住宅,鋼筋混凝土造,1070514,173.92000000000002,3,2,2,有,無,5200000,29899,坡道平面,39.24,0,親友、員工或其他特殊關係間之交易。；,RPPNMLSJIINFFAW96CA,91.73,0.0,6.0,,
金寧鄉,土地,寧湖二劃測段372-2地號,1000.04,其他,,,1070827,土地2建物0車位0,,,其他,,,,0.0,0,0,0,有,無,17300000,17299,,0.0,0,,RPQNMLLKIINFFAW09CA,0.0,0.0,0.0,,
金沙鎮,土地,高坑劃測段712地號,1950.03,農,,,1070827,土地1建物0車位0,,,其他,,,,0.0,0,0,0,有,無,9100000,4667,,0.0,0,,RPRNMLLKIINFFAW56CA,0.0,0.0,0.0,,
金湖鎮,房地(土地+建物),金門縣金湖鎮環島南路四段550號3樓之1,30.37,其他,,,1070611,土地1建物1車位0,三層,三層,公寓(5樓含以下無電梯),集合住宅,鋼筋混凝土造,1051212,60.4,1,1,1,有,有,4500000,74503,,0.0,0,,RPSNMLMKIINFFAW76CA,47.58,0.0,7.82,,
金寧鄉,房地(土地+建物),金門縣金寧鄉昔果山７７號二樓,78.27,其他,,,1070913,土地1建物1車位0,二層,三層,華廈(10層含以下有電梯),,,1060712,105.36,3,2,2,有,無,5200000,49355,,0.0,0,,RPRNMLQLRHNFFAW97CA,84.61,0.0,10.23,,
金城鎮,土地,城隍廟段7地號,82.67,商,,,1070915,土地1建物0車位0,,,其他,,,,0.0,0,0,0,有,無,18500000,223781,,0.0,0,含增建或未登記建物。；,RPWNMLQLRHNFFAW48CA,0.0,0.0,0.0,,
金湖鎮,房地(土地+建物),金門縣金湖鎮夏興１２之２號,49.68,其他,,,1070821,土地1建物1車位0,一層,三層,公寓(5樓含以下無電梯),集合住宅,鋼筋混凝土造,1060407,82.13,3,2,2,有,無,5400000,65741,,0.0,0,,RPXNMLQLRHNFFAW58CA,75.61,0.0,0.0,,
金城鎮,房地(土地+建物),金門縣金城鎮金門城１５９之９號,16.19,其他,,,1070822,土地1建物1車位0,一層,三層,公寓(5樓含以下無電梯),集合住宅,鋼筋混凝土造,1051219,27.18,1,1,1,有,無,1900000,69904,,0.0,0,土地及建物分次登記案件。前案土地登記收件字號：；,RPPOMLQLRHNFFAW87CA,23.6,0.0,0.0,,
金寧鄉,房地(土地+建物),金門縣金寧鄉埔後４０之３號,92.07,住,,,1070914,土地3建物1車位0,全,三層,透天厝,集合住宅,鋼筋混凝土造,1021008,166.3,3,2,2,有,無,9000000,54119,,0.0,0,,RPQNMLRLRHNFFAW97CA,156.99,0.0,9.31,,
金湖鎮,房地(土地+建物),金門縣金湖鎮環島南路四段546號３樓之２,28.5,其他,,,1070807,土地1建物1車位0,三層,三層,公寓(5樓含以下無電梯),集合住宅,鋼筋混凝土造,1051212,66.64,1,1,1,有,有,5000000,75030,,0.0,0,,RPRNMLMKIINFFAW66CA,57.18,0.0,4.77,,
金城鎮,土地,古塔段70地號,260.55,其他,,,1070904,土地1建物0車位0,,,其他,,,,0.0,0,0,0,有,無,8618994,33080,,0.0,0,,RPUNMLQLRHNFFAW38DA,0.0,0.0,0.0,,
金城鎮,土地,古塔段74地號,42.17,其他,,,1070904,土地1建物0車位0,,,其他,,,,0.0,0,0,0,有,無,1394984,33080,,0.0,0,,RPVNMLQLRHNFFAW48DA,0.0,0.0,0.0,,
金湖鎮,房地(土地+建物),金門縣金湖鎮環島南路四段550號2樓之1,30.37,其他,,,1070823,土地1建物1車位0,二層,三層,公寓(5樓含以下無電梯),集合住宅,鋼筋混凝土造,1051212,60.4,1,1,1,有,有,4500000,74503,,0.0,0,,RPPNMLMKIINFFAW09CA,47.58,0.0,7.82,,
金湖鎮,房地(土地+建物),金門縣金湖鎮林兜２３號二樓,26.79,住,,,1070523,土地1建物1車位0,二層,三層,公寓(5樓含以下無電梯),集合住宅,鋼筋混凝土造,1040716,60.68,2,1,1,有,有,4150000,68392,,0.0,0,,RPTNMLQKIINFFAW27CA,43.47,3.52,4.44,,
金沙鎮,土地,后宅測段802地號,1873.18,農,,,1070729,土地4建物0車位0,,,其他,,,,0.0,0,0,0,有,無,7500000,4004,,0.0,0,,RPQNMLRKIINFFAW07CA,0.0,0.0,0.0,,
金沙鎮,房地(土地+建物),金門縣金沙鎮斗門８９號三樓,61.16,其他,,,1070816,土地1建物1車位0,三層,三層,公寓(5樓含以下無電梯),集合住宅,鋼筋混凝土造,1070123,110.79,3,2,2,有,無,3000000,27078,,0.0,0,,RPRNMLRKIINFFAW17CA,88.95,0.0,6.34,,
金寧鄉,房地(土地+建物),金門縣金寧鄉昔果山７９號二樓,76.72,其他,,,1070911,土地1建物1車位0,二層,三層,華廈(10層含以下有電梯),,,1060712,103.47999999999999,3,2,2,有,無,5200000,50251,,0.0,0,,RPSNMLSLRHNFFAW28CA,84.5,0.0,8.46,,
金寧鄉,土地,東洲段65地號,711.36,其他,,,1070906,土地1建物0車位0,,,其他,,,,0.0,0,0,0,有,無,4080000,5735,,0.0,0,,RPTNMLLJIINFFAW66CA,0.0,0.0,0.0,,
金城鎮,土地,小西門劃測段780地號,545.03,農,,,1070914,土地1建物0車位0,,,其他,,,,0.0,0,0,0,有,無,2100000,3853,,0.0,0,,RPXNMLLJIINFFAW07CA,0.0,0.0,0.0,,
金湖鎮,土地,太武段829地號,871.5,其他,,,1070801,土地1建物0車位0,,,其他,,,,0.0,0,0,0,有,無,1220100,1400,,0.0,0,,RPQNMLSLRHNFFAW18DA,0.0,0.0,0.0,,
金城鎮,土地,古崗段725地號,821.61,住,,,1070919,土地1建物0車位0,,,其他,,,,0.0,0,0,0,有,無,19450000,23673,,0.0,0,,RPRNMLMJIINFFAW66DA,0.0,0.0,0.0,,
金湖鎮,房地(土地+建物),金門縣金湖鎮林兜３０１號,100.19,其他,,,1070918,土地2建物1車位0,全,三層,透天厝,住家用,鋼筋混凝土造,1070327,187.29,4,3,4,有,無,7600000,40579,,0.0,0,,RPSNMLRKIINFFAW27CA,175.37,0.0,11.92,,
金城鎮,房地(土地+建物),金門縣金城鎮西海路三段３９巷２弄１７號１樓,33.2,農,,,1070915,土地1建物1車位0,一層,三層,公寓(5樓含以下無電梯),住家用,鋼筋混凝土加強磚造,0831008,98.14,3,2,2,有,無,5100000,51967,,0.0,0,,RPRNMLNJIINFFAW66CA,89.4,8.74,0.0,,
金寧鄉,房地(土地+建物),金門縣金寧鄉下堡１９５號三樓,71.42,其他,,,1070823,土地1建物1車位0,三層,三層,公寓(5樓含以下無電梯),集合住宅,鋼筋混凝土造,1031113,121.25,3,2,2,有,無,7250000,59794,,0.0,0,土地及建物分次登記案件。前案土地登記收件字號：；,RPQOMLNJIINFFAW66CA,110.74,0.0,4.64,,
金湖鎮,房地(土地+建物),金門縣金湖鎮林兜３００號,163.47,其他,,,1070918,土地2建物1車位0,全,三層,透天厝,住家用,鋼筋混凝土造,1070327,187.29,4,3,4,有,無,7600000,40579,,0.0,0,,RPTNMLRKIINFFAW37CA,175.37,0.0,11.92,,
金城鎮,房地(土地+建物),金門縣金城鎮小西門１之１１號二樓,42.91,其他,,,1070913,土地1建物1車位0,二層,三層,公寓(5樓含以下無電梯),集合住宅,鋼筋混凝土造,0991012,88.41,3,2,2,有,無,4250000,48071,,0.0,0,,RPPNMLNLIINFFAW66CA,69.89,0.0,8.86,,
金城鎮,房地(土地+建物),金門縣金城鎮珠浦西路５０巷５弄５號,112.06,住,,,1070927,土地1建物1車位0,全,二層,透天厝,住家用,鋼筋混凝土造,0671220,185.64,6,2,2,有,無,11550000,62217,,0.0,0,,RPWNMLQKIINFFAW57CA,171.79,0.0,13.85,,
金寧鄉,土地,盤山村段236地號,105.0,住,,,1070927,土地2建物0車位0,,,其他,,,,0.0,0,0,0,有,無,2100000,20000,,0.0,0,,RPQNMLTJIINFFAW17CA,0.0,0.0,0.0,,
金城鎮,房地(土地+建物),金門縣金城鎮莒光路１６９之１號,71.01,商,,,1070910,土地2建物1車位0,全,三層,透天厝,住商用,鋼筋混凝土造,0681230,211.86,2,2,2,有,無,16800000,79298,,0.0,0,,RPUNMLLKIINFFAW86CA,211.86,0.0,0.0,,
金寧鄉,土地,寧湖一劃段20-1地號,70.74,農,,,1070928,土地1建物0車位0,,,其他,,,,0.0,0,0,0,有,無,799362,11300,,0.0,0,,RPTNMLPKIINFFAW17CA,0.0,0.0,0.0,,
金寧鄉,土地,寧湖一劃段25-1地號,61.05,農,,,1070928,土地1建物0車位0,,,其他,,,,0.0,0,0,0,有,無,689865,11300,,0.0,0,,RPUNMLPKIINFFAW27CA,0.0,0.0,0.0,,
金寧鄉,土地,寧北一劃段308地號,1957.22,農,,,1070930,土地2建物0車位0,,,其他,,,,0.0,0,0,0,有,無,5400000,2759,,0.0,0,,RPQNMLSJIINFFAW07CA,0.0,0.0,0.0,,
金沙鎮,土地,洋山測段578地號,681.41,農,,,1070920,土地1建物0車位0,,,其他,,,,0.0,0,0,0,有,無,600000,881,,0.0,0,,RPRNMLSJIINFFAW17CA,0.0,0.0,0.0,,
金寧鄉,土地,后沙劃測段221地號,457.96,其他,,,1070831,土地1建物0車位0,,,其他,,,,0.0,0,0,0,有,無,1650000,3603,,0.0,0,,RPSNMLTJIINFFAW37CA,0.0,0.0,0.0,,
金寧鄉,土地,后沙劃測段185地號,699.99,農,,,1070831,土地1建物0車位0,,,其他,,,,0.0,0,0,0,有,無,2100000,3000,,0.0,0,,RPTNMLTJIINFFAW47CA,0.0,0.0,0.0,,
金湖鎮,房地(土地+建物),金門縣金湖鎮林兜３０３號,106.25,其他,,,1070928,土地2建物1車位0,全,三層,透天厝,住家用,鋼筋混凝土造,1070327,185.67,4,2,4,有,無,11600000,62476,,0.0,0,,RPSNMLQKIINFFAW17CA,173.75,0.0,11.92,,
金城鎮,土地,金門城測段211地號,692.43,其他,,,1070912,土地1建物0車位0,,,其他,,,,0.0,0,0,0,有,無,23000000,33216,,0.0,0,包含公共設施保留地之交易。；,RPQOMLSKIINFFAW27CA,0.0,0.0,0.0,,
金寧鄉,土地,鎮西段303地號,1011.87,農,,,1071008,土地1建物0車位0,,,其他,,,,0.0,0,0,0,有,無,4500000,4447,,0.0,0,,RPUNMLRKIINFFAW57DA,0.0,0.0,0.0,,
金城鎮,房地(土地+建物),金門縣金城鎮小西門57-2號,168.94,其他,,,1071003,土地5建物1車位0,全,三層,透天厝,住家用,鋼筋混凝土造,1001004,168.44,4,1,3,有,無,12000000,71242,,0.0,0,,RPPNMLMLIINFFAW66DA,0.0,0.0,0.0,,
金寧鄉,土地,機場段467地號,1310.05,農,,,1070823,土地4建物0車位0,,,其他,,,,0.0,0,0,0,有,無,300000,229,,0.0,0,親友、員工或其他特殊關係間之交易。；親友交易,RPRNMLPKIINFFAW07DA,0.0,0.0,0.0,,
金城鎮,房地(土地+建物),金門縣金城鎮金門城１０６之９號二樓,34.51,其他,,,1071001,土地1建物1車位0,二層,五層,公寓(5樓含以下無電梯),集合住宅,鋼筋混凝土造,1070202,83.29,3,2,2,有,無,4880000,58590,,0.0,0,,RPRNMLNLIINFFAW86CA,60.89,0.0,6.37,,
金湖鎮,房地(土地+建物)+車位,金門縣金湖鎮環島南路五段１６５巷６弄１５號,118.2,其他,,,1070913,土地1建物1車位1,全,三層,透天厝,集合住宅,鋼筋混凝土造,1070514,267.21,5,2,4,有,有,9400000,35178,坡道平面,39.24,0,土地及建物分次登記案件。前案土地登記收件字號：；,RPQNMLQLIINFFAW07CA,183.39,0.0,7.4,,
金湖鎮,房地(土地+建物)+車位,金門縣金湖鎮環島南路五段１６５巷3弄7號,116.52,其他,,,1070913,土地1建物1車位3,全,三層,透天厝,集合住宅,鋼筋混凝土造,1070514,342.54,5,2,4,有,有,11000000,32113,坡道平面,117.72,0,土地及建物分次登記案件。前案土地登記收件字號：；,RPRNMLQLIINFFAW17CA,183.15,0.0,4.9,,
金湖鎮,房地(土地+建物)+車位,金門縣金湖鎮環島南路五段１６５巷2弄１6號,125.53,其他,,,1070913,土地1建物1車位2,全,三層,透天厝,集合住宅,鋼筋混凝土造,1070514,320.76,5,2,4,有,有,10000000,31176,坡道平面,78.48,0,土地及建物分次登記案件。前案土地登記收件字號：；,RPSNMLQJJINFFAW17CA,195.36,0.0,7.43,,
金湖鎮,土地,尚義段796地號,769.12,農,,,1070914,土地2建物0車位0,,,其他,,,,0.0,0,0,0,有,無,2750000,3576,,0.0,0,,RPTNMLQLIINFFAW37CA,0.0,0.0,0.0,,
金沙鎮,土地,沙港劃段44-1地號,172.05,農,,,1071003,土地2建物0車位0,,,其他,,,,0.0,0,0,0,有,無,2500000,14531,,0.0,0,含增建或未登記建物。；,RPSNMLPKIINFFAW17DA,0.0,0.0,0.0,,
金城鎮,房地(土地+建物),金門縣金城鎮珠浦南路74巷27號5樓,33.78,住,,,1070921,土地1建物1車位0,五層,五層,華廈(10層含以下有電梯),集合住宅,鋼筋混凝土造,1000705,85.08,3,1,2,有,無,7500000,88152,,0.0,0,,RPPNMLQKIINFFAW96DA,65.36,0.0,4.48,,
金湖鎮,土地,夏興段1330地號,107.0,其他,,,1070920,土地1建物0車位0,,,其他,,,,0.0,0,0,0,有,無,2500000,23364,,0.0,0,,RPROMLSKIINFFAW37CA,0.0,0.0,0.0,,
金城鎮,房地(土地+建物),金門縣金城鎮西海路３５巷２５號,374.0,農,,,1071005,土地1建物1車位0,全,三層,透天厝,農舍,鋼筋混凝土造,1020918,332.51,9,4,10,有,無,18000000,54134,,0.0,0,,RPXNMLQKIINFFAW67CA,330.17,0.0,2.34,,
金城鎮,房地(土地+建物),金門縣金城鎮小西門３９號二樓,34.71,其他,,,1070926,土地1建物1車位0,二層,三層,公寓(5樓含以下無電梯),集合住宅,鋼筋混凝土造,1070713,64.00999999999999,2,1,1,有,無,3650000,57022,,0.0,0,,RPPNMLTKIINFFAW17CA,48.66,0.0,8.82,,
金寧鄉,土地,嚨口村段40地號,28.0,其他,,,1071011,土地1建物0車位0,,,其他,,,,0.0,0,0,0,有,無,600000,21429,,0.0,0,,RPPNMLSKIINFFAW07CA,0.0,0.0,0.0,,
金寧鄉,房地(土地+建物),金門縣金寧鄉下堡２２７號二樓,62.01,其他,,,1070910,土地1建物1車位0,二層,三層,公寓(5樓含以下無電梯),集合住宅,鋼筋混凝土造,1061116,99.67,3,2,2,有,無,5560000,55784,,0.0,0,土地及建物分次登記案件。前案土地登記收件字號：；,RPRNMLSKIINFFAW27CA,78.23,0.0,13.1,,
金城鎮,土地,延平段733地號,985.49,農,,,1070927,土地1建物0車位0,,,其他,,,,0.0,0,0,0,有,無,8100000,8219,,0.0,0,,RPQNMLMLIINFFAW66CA,0.0,0.0,0.0,,
金城鎮,房地(土地+建物),金門縣金城鎮小西門４０號三樓,34.81,其他,,,1070926,土地1建物1車位0,三層,三層,公寓(5樓含以下無電梯),集合住宅,鋼筋混凝土造,1070713,66.59,2,1,1,有,無,3750000,56315,,0.0,0,土地及建物分次登記案件。前案土地登記收件字號：；,RPWNMLSKIINFFAW77CA,50.83,1.27,7.94,,
金城鎮,房地(土地+建物),金門縣金城鎮小西門４０號二樓,34.81,其他,,,1070926,土地1建物1車位0,二層,三層,公寓(5樓含以下無電梯),集合住宅,鋼筋混凝土造,1070713,66.59,2,1,1,有,無,3700000,55564,,0.0,0,土地及建物分次登記案件。前案土地登記收件字號：；,RPPOMLSKIINFFAW17CA,50.83,1.27,7.94,,
金城鎮,房地(土地+建物),金門縣金城鎮小西門３９號三樓,34.71,其他,,,1070926,土地1建物1車位0,三層,三層,公寓(5樓含以下無電梯),集合住宅,鋼筋混凝土造,1070713,64.00999999999999,2,1,1,有,無,3800000,59366,,0.0,0,土地及建物分次登記案件。前案土地登記收件字號：；,RPTNMLSKIINFFAW47CA,48.66,0.0,8.82,,
金城鎮,房地(土地+建物),金門縣金城鎮小西門３９號,32.45,其他,,,1070926,土地1建物1車位0,一層,三層,公寓(5樓含以下無電梯),集合住宅,鋼筋混凝土造,1070713,60.03,2,1,1,有,無,4120000,68632,,0.0,0,,RPUNMLSKIINFFAW57CA,48.66,0.0,5.27,,
金湖鎮,土地,湖后劃段262地號,1000.0,農,,,1070806,土地1建物0車位0,,,其他,,,,0.0,0,0,0,有,無,3700000,3700,,0.0,0,親友、員工或其他特殊關係間之交易。；,RPQNMLOKJINFFAW86CA,0.0,0.0,0.0,,
金寧鄉,土地,西堡劃測段295地號,1260.03,農,,,1070917,土地1建物0車位0,,,其他,,,,0.0,0,0,0,有,無,4500000,3571,,0.0,0,,RPQNMLTKIINFFAW27CA,0.0,0.0,0.0,,
金湖鎮,房地(土地+建物),金門縣金湖鎮市港五路１３８號五樓之２,16.49,商,,,1070910,土地1建物1車位0,五層,十層,華廈(10層含以下有電梯),辦公室（廳）,鋼筋混凝土造,1051206,117.35,3,1,2,有,無,7350000,62633,,0.0,0,土地及建物分次登記案件。前案土地登記收件字號：；,RPTNMLNLIINFFAW07CA,65.7,5.61,13.19,,
金湖鎮,房地(土地+建物),金門縣金湖鎮三谿橋３之５號二樓,118.58,工,,,1070904,土地1建物1車位0,二層,五層,工廠,工廠,鋼筋混凝土造,1070522,282.96000000000004,0,0,0,無,無,8990000,,,0.0,0,土地及建物分次登記案件。前案土地登記收件字號：；,RPVNMLNLIINFFAW27CA,158.3,0.0,0.0,,
金寧鄉,土地,西堡劃測段262地號,600.02,農,,,1071015,土地2建物0車位0,,,其他,,,,0.0,0,0,0,有,無,1725000,2875,,0.0,0,,RPXNMLNLIINFFAW47CA,0.0,0.0,0.0,,
金沙鎮,土地,榮湖段701地號,403.4,農,,,1071009,土地1建物0車位0,,,其他,,,,0.0,0,0,0,有,無,350000,868,,0.0,0,,RPUNMLQLIINFFAW47CA,0.0,0.0,0.0,,
金寧鄉,建物,金門縣金寧鄉西浦頭２０之８號三樓,0.0,,,,1071008,土地0建物1車位0,三層,三層,公寓(5樓含以下無電梯),集合住宅,鋼筋混凝土造,1060908,92.24,3,2,2,有,無,5600000,60711,,0.0,0,建商與地主合建案。；,RPOOMLPLIINFFAW86CA,78.45,0.0,7.65,,
金湖鎮,土地,瓊林段610地號,1576.53,其他,,,1071001,土地1建物0車位0,,,其他,,,,0.0,0,0,0,有,無,8800000,5582,,0.0,0,,RPQNMLTLIINFFAW37CA,0.0,0.0,0.0,,
金寧鄉,建物,金門縣金寧鄉西浦頭２０之７號三樓,0.0,,,,1071008,土地0建物1車位0,三層,三層,公寓(5樓含以下無電梯),集合住宅,鋼筋混凝土造,1060908,92.24,3,2,2,有,無,5500000,59627,,0.0,0,建商與地主合建案。；,RPQNMLLMIINFFAW66CA,78.45,0.0,7.65,,
金城鎮,房地(土地+建物),金門縣金城鎮浴井３３號,41.79,其他,,,1070916,土地1建物1車位0,一層,三層,公寓(5樓含以下無電梯),集合住宅,鋼筋混凝土造,1060807,74.83000000000001,3,2,2,有,無,5160000,68956,,0.0,0,,RPWNMLPLIINFFAW57CA,66.44,0.0,3.32,,
金城鎮,房地(土地+建物)+車位,金門縣金城鎮民權路２２６巷２弄１２號九樓之３,31.06,住,,,1070910,土地2建物1車位2,九層,十一層,住宅大樓(11層含以上有電梯),集合住宅,鋼筋混凝土造,1051104,232.46,4,2,2,有,無,17500000,96718,坡道平面,72.2,2000000,土地及建物分次登記案件。前案土地登記收件字號：；,RPROMLQLIINFFAW27CA,107.7,0.0,11.33,,
金城鎮,房地(土地+建物)+車位,金門縣金城鎮民權路２２６巷２弄１２號八樓之３,31.06,住,,,1070719,土地2建物1車位1,八層,十一層,住宅大樓(11層含以上有電梯),集合住宅,鋼筋混凝土造,1051104,197.20999999999998,4,2,2,有,無,17300000,101173,坡道平面,36.1,1000000,土地及建物分次登記案件。前案土地登記收件字號：；,RPSOMLQLIINFFAW37CA,108.33,0.0,11.36,,
金寧鄉,房地(土地+建物),金門縣金寧鄉下埔下328號,55.79,農,,,1070921,土地1建物1車位0,一層,三層,公寓(5樓含以下無電梯),集合住宅,鋼筋混凝土造,1011207,105.0,3,2,3,有,無,7200000,68571,,0.0,0,,RPRNMLPLIINFFAW17DA,92.54,0.0,3.32,,
金寧鄉,房地(土地+建物),金門縣金寧鄉埔邊３７號二樓,65.19,其他,,,1071001,土地1建物1車位0,二層,三層,公寓(5樓含以下無電梯),集合住宅,鋼筋混凝土造,1021227,114.39,3,2,2,有,無,7900000,69062,,0.0,0,,RPTNMLPLIINFFAW27CA,100.04,0.0,5.01,,
烈嶼鄉,土地,龍骨山測段884地號,1837.07,農,,,1071018,土地1建物0車位0,,,其他,,,,0.0,0,0,0,有,無,8600000,4681,,0.0,0,,RPPOMLPLIINFFAW96CA,0.0,0.0,0.0,,
金湖鎮,房地(土地+建物),金門縣金湖鎮市港五路１５１號五樓之１,13.53,住,,,1071012,土地1建物1車位0,五層,九層,華廈(10層含以下有電梯),集合住宅,鋼筋混凝土造,1051123,89.23,2,2,1,有,無,6050000,67802,,0.0,0,土地及建物分次登記案件。前案土地登記收件字號：；,RPQNMLKMIINFFAW56CA,49.83,5.39,5.41,,
金沙鎮,房地(土地+建物),金門縣金沙鎮陽翟１２８號二樓,43.83,其他,,,1071015,土地1建物1車位0,二層,三層,華廈(10層含以下有電梯),集合住宅,鋼筋混凝土造,1060324,96.1,3,2,2,有,無,4660000,48491,,0.0,0,,RPPNMLLJJINFFAW98CA,69.83,0.0,7.44,,
金湖鎮,房地(土地+建物),金門縣金湖鎮市港五路１３８號四樓之１,19.89,商,,,1071008,土地1建物1車位0,四層,十層,華廈(10層含以下有電梯),集合住宅,鋼筋混凝土造,1051206,141.26,3,2,2,有,無,9000000,63712,,0.0,0,土地及建物分次登記案件。前案土地登記收件字號：；,RPSNMLTLIINFFAW57CA,91.42,6.5,3.76,,
金寧鄉,土地,北二三劃測段716地號,1000.09,農,,,1071001,土地1建物0車位0,,,其他,,,,0.0,0,0,0,有,無,6500000,6499,,0.0,0,,RPPNMLTLIINFFAW27CA,0.0,0.0,0.0,,
金湖鎮,房地(土地+建物),金門縣金湖鎮林兜３６２號,100.44,其他,,,1071011,土地2建物1車位0,全,三層,透天厝,住家用,鋼筋混凝土造,1070327,185.67,4,3,4,有,無,10600000,57091,,0.0,0,,RPPNMLMKJINFFAW56CA,173.75,0.0,11.92,,
金湖鎮,房地(土地+建物),金門縣金湖鎮林兜３２７號,100.09,其他,,,1071011,土地2建物1車位0,全,三層,透天厝,住家用,鋼筋混凝土造,1070327,185.26,4,3,4,有,無,7600000,41023,,0.0,0,,RPQNMLMKJINFFAW66CA,173.45,0.0,11.81,,
金城鎮,房地(土地+建物),金門縣金城鎮浴井３５號,43.23,其他,,,1070922,土地1建物1車位0,一層,三層,公寓(5樓含以下無電梯),集合住宅,鋼筋混凝土造,1060807,76.39,3,2,2,有,無,4700000,61526,,0.0,0,,RPVNMLPLIINFFAW47CA,70.76,0.0,1.32,,
金寧鄉,房地(土地+建物),金門縣金寧鄉盤山村頂堡66之7號,85.81,住,,,1071016,土地1建物1車位0,一層,三層,公寓(5樓含以下無電梯),集合住宅,鋼筋混凝土造,1040112,97.27,3,2,2,有,無,5600000,57572,,0.0,0,,RPRNMLMJJINFFAW76DA,84.58,0.0,2.7,,
金湖鎮,房地(土地+建物),金門縣金湖鎮環島南路五段１２７號二樓,59.64,其他,,,1070814,土地1建物1車位0,二層,三層,公寓(5樓含以下無電梯),集合住宅,鋼筋混凝土造,1061117,105.16,3,2,2,有,無,5700000,54203,,0.0,0,,RPTOMLQLIINFFAW47CA,81.71,3.15,13.25,,
金湖鎮,房地(土地+建物),金門縣金湖鎮三谿橋３之６號,114.15,工,,,1070904,土地1建物1車位0,一層,五層,工廠,工廠,鋼筋混凝土造,1070522,272.56,0,0,0,無,無,13150000,,,0.0,0,土地及建物分次登記案件。前案土地登記收件字號：；,RPVOMLQLIINFFAW67CA,152.55,0.0,0.0,,
金城鎮,房地(土地+建物),金門縣金城鎮西海路三段２２巷２３弄４號２樓,54.5,農,,,1070913,土地2建物1車位0,二層,三層,公寓(5樓含以下無電梯),住家用,鋼筋混凝土加強磚造,0840517,92.6,3,2,2,有,無,3800000,41037,,0.0,0,,RPVNMLKMIINFFAW07CA,86.13,0.0,0.0,,
金湖鎮,房地(土地+建物),金門縣金湖鎮市港五路１３８號五樓之１,19.89,商,,,1071016,土地1建物1車位0,五層,十層,華廈(10層含以下有電梯),集合住宅,鋼筋混凝土造,1051206,141.26,3,2,2,有,無,9650000,68314,,0.0,0,土地及建物分次登記案件。前案土地登記收件字號：；,RPUNMLTLIINFFAW77CA,91.42,6.5,3.76,,
金湖鎮,土地,北五劃段239地號,953.01,農,,,1071001,土地1建物0車位0,,,其他,,,,0.0,0,0,0,有,無,4300000,4512,,0.0,0,,RPSNMLLJJINFFAW66CA,0.0,0.0,0.0,,
金湖鎮,房地(土地+建物),金門縣金湖鎮市港五路１５１號七樓之１,13.53,住,,,1070921,土地1建物1車位0,七層,九層,華廈(10層含以下有電梯),集合住宅,鋼筋混凝土造,1051123,89.23,2,2,1,有,無,6290000,70492,,0.0,0,土地及建物分次登記案件。前案土地登記收件字號：；,RPSNMLKMIINFFAW76CA,49.83,5.39,5.41,,
金沙鎮,土地,官嶼劃段64-1地號,1853.16,農,,,1071018,土地3建物0車位0,,,其他,,,,0.0,0,0,0,有,無,4200000,2266,,0.0,0,,RPTNMLKMIINFFAW86CA,0.0,0.0,0.0,,
金寧鄉,土地,北二三劃測段333-16地號,783.98,農,,,1070928,土地1建物0車位0,,,其他,,,,0.0,0,0,0,有,無,3920000,5000,,0.0,0,,RPUNMLKMIINFFAW96CA,0.0,0.0,0.0,,
金湖鎮,房地(土地+建物),金門縣金湖鎮林兜３２８號,100.69,其他,,,1071011,土地2建物1車位0,全,三層,透天厝,住家用,鋼筋混凝土造,1070327,185.67,4,3,4,有,無,7600000,40933,,0.0,0,,RPRNMLMKJINFFAW76CA,173.75,0.0,11.92,,
金湖鎮,房地(土地+建物),金門縣金湖鎮林兜３１２號,120.22,其他,,,1071011,土地2建物1車位0,全,三層,透天厝,住家用,鋼筋混凝土造,1070327,185.67,4,3,4,有,無,7600000,40933,,0.0,0,,RPSNMLMKJINFFAW86CA,173.75,0.0,11.92,,
金湖鎮,房地(土地+建物),金門縣金湖鎮林兜３２６號,100.09,其他,,,1071011,土地2建物1車位0,全,三層,透天厝,住家用,鋼筋混凝土造,1070327,185.67,4,3,4,有,無,7600000,40933,,0.0,0,,RPTNMLMKJINFFAW96CA,173.75,0.0,11.92,,
金城鎮,土地,燕南山段820地號,945.69,農,,,1071004,土地1建物0車位0,,,其他,,,,0.0,0,0,0,有,無,3800000,4018,,0.0,0,,RPQNMLMJJINFFAW56CA,0.0,0.0,0.0,,
金湖鎮,房地(土地+建物),金門縣金湖鎮林兜３３９號,103.28,其他,,,1071011,土地2建物1車位0,全,三層,透天厝,住家用,鋼筋混凝土造,1070327,185.26,4,3,4,有,無,7600000,41023,,0.0,0,,RPRNMLOKJINFFAW96CA,173.45,0.0,11.81,,
金湖鎮,房地(土地+建物),金門縣金湖鎮市港三路２４３號六樓,25.98,住,,,1071018,土地1建物1車位0,六層,七層,華廈(10層含以下有電梯),集合住宅,鋼筋混凝土造,1061213,115.53999999999999,3,2,2,有,無,6400000,55392,,0.0,0,,RPTNMLKLJINFFAW86CA,79.81,1.22,8.02,,
金湖鎮,房地(土地+建物),金門縣金湖鎮林兜３１７號,100.69,其他,,,1071017,土地2建物1車位0,全,三層,透天厝,住家用,鋼筋混凝土造,1070327,185.26,4,3,4,有,無,7600000,41023,,0.0,0,,RPSNMLOKJINFFAW07CA,173.45,0.0,11.81,,
金湖鎮,房地(土地+建物),金門縣金湖鎮林兜３２９號,100.53,其他,,,1071017,土地2建物1車位0,全,三層,透天厝,住家用,鋼筋混凝土造,1070327,185.26,4,3,4,有,無,7600000,41023,,0.0,0,,RPTNMLOKJINFFAW17CA,173.45,0.0,11.81,,
金湖鎮,房地(土地+建物),金門縣金湖鎮林兜３２０號,111.12,其他,,,1071017,土地2建物1車位0,全,三層,透天厝,住家用,鋼筋混凝土造,1070327,185.67,4,3,4,有,無,8600000,46319,,0.0,0,,RPUNMLOKJINFFAW27CA,173.75,0.0,11.92,,
金湖鎮,房地(土地+建物),金門縣金湖鎮林兜３２３號,100.37,其他,,,1071017,土地2建物1車位0,全,三層,透天厝,住家用,鋼筋混凝土造,1070327,184.13,4,3,4,有,無,8600000,46706,,0.0,0,,RPVNMLOKJINFFAW37CA,172.32,0.0,11.81,,
金沙鎮,土地,浯坑劃測段98-1地號,550.04,農,,,1071015,土地2建物0車位0,,,其他,,,,0.0,0,0,0,有,無,2500000,4545,,0.0,0,,RPTNMLLJJINFFAW76CA,0.0,0.0,0.0,,
金寧鄉,土地,東洲段671地號,472.2,農,,,1071011,土地1建物0車位0,,,其他,,,,0.0,0,0,0,有,無,2250000,4765,,0.0,0,,RPPNMLMJJINFFAW09CA,0.0,0.0,0.0,,
金湖鎮,房地(土地+建物),金門縣金湖鎮市港五路１５１號六樓之５,8.56,住,,,1071002,土地1建物1車位0,六層,九層,華廈(10層含以下有電梯),集合住宅,鋼筋混凝土造,1051123,56.089999999999996,1,1,1,有,無,3910000,69709,,0.0,0,土地及建物分次登記案件。前案土地登記收件字號：；,RPRNMLLJJINFFAW56CA,31.89,1.5,4.84,,
金湖鎮,房地(土地+建物)+車位,金門縣金湖鎮環島南路五段１６５巷７弄５號三樓,68.68,其他,,,1071015,土地1建物1車位1,三層,三層,公寓(5樓含以下無電梯),集合住宅,鋼筋混凝土造,1070514,173.92000000000002,3,2,2,有,有,5200000,29899,坡道平面,39.24,0,,RPWNMLOKJINFFAW47CA,91.73,0.0,6.0,,
金城鎮,土地,后豐港段334地號,610.91,其他,,,1071011,土地3建物0車位0,,,其他,,,,0.0,0,0,0,有,無,4200000,6875,,0.0,0,,RPSNMLPJJINFFAW07CA,0.0,0.0,0.0,,
金湖鎮,土地,湖尚劃段231地號,1191.44,其他,,,1071001,土地3建物0車位0,,,其他,,,,0.0,0,0,0,有,無,2000000,1679,,0.0,0,,RPUNMLTLJINFFAW87CA,0.0,0.0,0.0,,
金城鎮,土地,古崗村測段431地號,212.16,住,,,1071023,土地1建物0車位0,,,其他,,,,0.0,0,0,0,有,無,5000000,23567,,0.0,0,,RPSNMLRJJINFFAW27CA,0.0,0.0,0.0,,
烈嶼鄉,土地,西方劃測段743地號,500.0,農,,,1071001,土地1建物0車位0,,,其他,,,,0.0,0,0,0,有,無,1800000,3600,,0.0,0,,RPRNMLNKJINFFAW86CA,0.0,0.0,0.0,,
金湖鎮,車位,金門縣金湖鎮環島南路五段１６５巷５弄２１號,0.0,,,,1071018,土地0建物0車位1,,,其他,,,,0.0,0,0,0,有,有,400000,,坡道平面,39.24,400000,單獨車位交易。；,RPTNMLTLJINFFAW77CA,0.0,0.0,0.0,,
金湖鎮,土地,湖前段21-1地號,238.24,其他,,,1070907,土地2建物0車位0,,,其他,,,,0.0,0,0,0,有,無,3561763,14950,,0.0,0,包含公共設施保留地之交易。；,RPPNMLPJJINFFAW86DA,0.0,0.0,0.0,,
金湖鎮,土地,湖前段21-1地號,238.24,其他,,,1070907,土地2建物0車位0,,,其他,,,,0.0,0,0,0,有,無,3561763,14950,,0.0,0,包含公共設施保留地之交易。；,RPQNMLPJJINFFAW96DA,0.0,0.0,0.0,,
金寧鄉,土地,中山林段99-2地號,748.43,其他,,,1071022,土地1建物0車位0,,,其他,,,,0.0,0,0,0,有,無,7858515,10500,,0.0,0,,RPPNMLQJJINFFAW96DA,0.0,0.0,0.0,,
金城鎮,土地,中一段58-4地號,207.69,農,,,1071101,土地1建物0車位0,,,其他,,,,0.0,0,0,0,有,無,300000,1444,,0.0,0,,RPRNMLRJJINFFAW27DA,0.0,0.0,0.0,,
金城鎮,房地(土地+建物),金門縣金寧鄉伯玉路一段236巷1弄18號,648.77,其他,,,1071001,土地2建物1車位0,一層，二層，三層,三層,農舍,集村農舍,鋼筋混凝土造,1020618,184.98,5,2,4,有,無,12500000,,,0.0,0,,RPWNMLKMJINFFAW27CA,173.49,0.0,11.49,,
金湖鎮,房地(土地+建物),金門縣金湖鎮市港五路１５１號六樓之９,8.85,住,,,1070927,土地1建物1車位0,六層,九層,華廈(10層含以下有電梯),集合住宅,鋼筋混凝土造,1051123,55.68,1,1,1,有,無,3890000,69864,,0.0,0,土地及建物分次登記案件。前案土地登記收件字號：；,RPRNMLQJJINFFAW07CA,32.51,0.0,5.24,,
金寧鄉,土地,安西劃段786-1地號,461.44,農,,,1071101,土地1建物0車位0,,,其他,,,,0.0,0,0,0,有,無,3300000,7152,,0.0,0,,RPTNMLQJJINFFAW27CA,0.0,0.0,0.0,,
金寧鄉,土地,西堡劃測段200地號,251.06,農,,,1071021,土地1建物0車位0,,,其他,,,,0.0,0,0,0,有,無,803392,3200,,0.0,0,,RPXNMLOKJINFFAW57CA,0.0,0.0,0.0,,
金湖鎮,房地(土地+建物),金門縣金湖鎮市港一路２５９號三樓,32.52,其他,,,1070917,土地1建物1車位0,三層,三層,公寓(5樓含以下無電梯),集合住宅,鋼筋混凝土造,1040429,76.91,3,1,2,有,無,6000000,78013,,0.0,0,,RPQNMLKMJINFFAW66CA,51.87,0.76,5.68,,
金湖鎮,房地(土地+建物),金門縣金湖鎮三谿橋３之６號四樓,118.58,其他,,,1070929,土地1建物1車位0,四層,五層,工廠,工廠,鋼筋混凝土造,1070522,283.22,0,0,0,無,無,15340000,,,0.0,0,土地及建物分次登記案件。前案土地登記收件字號：；,RPQNMLSJJINFFAW17CA,158.56,0.0,0.0,,
金湖鎮,房地(土地+建物),金門縣金湖鎮三谿橋３之６號二樓,118.58,其他,,,1070929,土地1建物1車位0,二層,五層,工廠,工廠,鋼筋混凝土造,1070522,283.22,0,0,0,無,無,17990000,,,0.0,0,土地及建物分次登記案件。前案土地登記收件字號：；,RPSNMLSJJINFFAW37CA,158.56,0.0,0.0,,
金寧鄉,土地,長寮段78-2地號,737.9,其他,,,1071029,土地3建物0車位0,,,其他,,,,0.0,0,0,0,有,無,13050000,17685,,0.0,0,,RPPNMLOKJINFFAW86DA,0.0,0.0,0.0,,
金寧鄉,土地,西山段667-1地號,495.24,其他,,,1071030,土地3建物0車位0,,,其他,,,,0.0,0,0,0,有,無,10000000,20192,,0.0,0,,RPSNMLTLJINFFAW77DA,0.0,0.0,0.0,,
金湖鎮,房地(土地+建物),金門縣金湖鎮山外48之2號,74.26,商,,,1071101,土地1建物1車位0,全,二層,透天厝,店屋,鋼筋混凝土造,0690429,132.86,4,2,5,有,無,10300000,77525,,0.0,0,含增建或未登記建物。；,RPPOMLTLJINFFAW57DA,132.86,0.0,0.0,,
金城鎮,房地(土地+建物),金門縣金城鎮西湖路１號,443.34,農,,,1071011,土地1建物1車位0,一層，二層，屋頂突出物,二層,農舍,農舍,鋼筋混凝土造,1020702,295.58,8,2,6,有,無,13600000,,,0.0,0,,RPPNMLNKJINFFAW66CA,285.4,0.0,10.18,,
金沙鎮,土地,北九十劃段158地號,981.86,農,,,1071101,土地1建物0車位0,,,其他,,,,0.0,0,0,0,有,無,2850000,2903,,0.0,0,,RPSNMLNJKINFFAW96CA,0.0,0.0,0.0,,
金沙鎮,土地,官嶼劃段88地號,3023.93,農,,,1071101,土地5建物0車位0,,,其他,,,,0.0,0,0,0,有,無,7200000,2381,,0.0,0,,RPTNMLNJKINFFAW07CA,0.0,0.0,0.0,,
金沙鎮,土地,官澳段1551地號,349.0,其他,,,1071101,土地1建物0車位0,,,其他,,,,0.0,0,0,0,有,無,2443000,7000,,0.0,0,,RPUNMLNJKINFFAW17CA,0.0,0.0,0.0,,
金寧鄉,土地,寧劃段767地號,1167.0,農,,,1071019,土地2建物0車位0,,,其他,,,,0.0,0,0,0,有,無,1000000,857,,0.0,0,,RPUNMLMKJINFFAW07CA,0.0,0.0,0.0,,
