﻿編號,土地位置,土地移轉面積(平方公尺),使用分區或編定,權利人持分分母,權利人持分分子,移轉情形,地號
The serial number, land position,land shifting area square meter,the use zoning or compiles and checks,,,,land parcel
RPTNMLOKQHNFFAX87CA,南寮北段,612.22,非都市：一般農業區 ; 非都市編定：農牧用地,1,1,全筆移轉,16700000
RPQNMLMLQHNFFAX47CA,北極段,713.62,非都市： ; 非都市編定：,1,1,全筆移轉,06630000
RPUNMLOKQHNFFAX97CA,大池段,366.69,非都市：一般農業區 ; 非都市編定：農牧用地,1,1,全筆移轉,11160000
RPPNMLRKQHNFFAX77CA,東衛段,319.99,非都市：鄉村區 ; 非都市編定：乙種建築用地,1,1,全筆移轉,14190000
RPQNMLRKQHNFFAX87CA,北澳段,163.75,非都市：一般農業區 ; 非都市編定：甲種建築用地,1,1,全筆移轉,00180002
RPQNMLRKQHNFFAX87CA,北澳段,5.31,非都市：一般農業區 ; 非都市編定：交通用地,1000,138,持分移轉,00180004
RPQNMLRKQHNFFAX87CA,北澳段,4.39,非都市：一般農業區 ; 非都市編定：交通用地,1000,138,持分移轉,00180009
RPRNMLLLQHNFFAX67EA,虎井段,129.00,非都市：鄉村區 ; 非都市編定：乙種建築用地,1,1,全筆移轉,12570002
RPRNMLLMQHNFFAX67DA,青螺新段,970.22,非都市：一般農業區 ; 非都市編定：農牧用地,1,1,全筆移轉,12720000
RPPNMLSLQHNFFAX97CA,東衛段,100.98,非都市：鄉村區 ; 非都市編定：乙種建築用地,1,1,全筆移轉,10910000
RPSNMLQKQHNFFAX97CA,井垵西段,150.03,非都市：一般農業區 ; 非都市編定：農牧用地,1,1,全筆移轉,13710000
RPSNMLQKQHNFFAX97CA,井垵西段,867.17,非都市：一般農業區 ; 非都市編定：農牧用地,1,1,全筆移轉,13720000
RPSNMLTLQHNFFAX38CA,?葉新段,1857.81,非都市：一般農業區 ; 非都市編定：農牧用地,1,1,全筆移轉,25550000
RPQNMLLLQHNFFAX37CA,文光段,25.19,非都市： ; 非都市編定：,100000,304,持分移轉,00200000
RPQNMLLLQHNFFAX37CA,文光段,3.26,非都市： ; 非都市編定：,100000,304,持分移轉,00540000
RPPNMLMLQHNFFAX37CA,案山段,234.00,非都市： ; 非都市編定：,1,1,全筆移轉,08230000
RPSOMLKMQHNFFAX67CA,安宅段,1178.11,非都市：一般農業區 ; 非都市編定：農牧用地,1,1,全筆移轉,09280000
RPSOMLKMQHNFFAX67CA,安宅段,44.82,非都市：一般農業區 ; 非都市編定：交通用地,1,1,全筆移轉,09290000
RPSOMLKMQHNFFAX67CA,安宅段,37.22,非都市：一般農業區 ; 非都市編定：交通用地,1,1,全筆移轉,09290002
RPSOMLKMQHNFFAX67CA,安宅段,38.32,非都市：一般農業區 ; 非都市編定：交通用地,1,1,全筆移轉,09290003
RPSOMLKMQHNFFAX67CA,安宅段,41.02,非都市：一般農業區 ; 非都市編定：交通用地,1,1,全筆移轉,09290004
RPSNMLSLRHNFFAX38CA,四維段,43.94,非都市：鄉村區 ; 非都市編定：乙種建築用地,8,1,持分移轉,08920001
RPPNMLLKRHNFFAX27CA,山水南段,912.13,非都市：一般農業區 ; 非都市編定：農牧用地,1,1,全筆移轉,03070000
RPPNMLLKRHNFFAX27CA,山水南段,3.07,非都市：一般農業區 ; 非都市編定：農牧用地,1,1,全筆移轉,03100000
RPPNMLLMQHNFFAX37CA,馬公段,19.98,非都市： ; 非都市編定：,10000,537,持分移轉,01970000
RPSNMLLMQHNFFAX67CA,七美二段,279.24,非都市：鄉村區 ; 非都市編定：乙種建築用地,1,1,全筆移轉,06360000
RPQNMLLMQHNFFAX47CA,埕東段,340.54,非都市： ; 非都市編定：,1,1,全筆移轉,02310000
RPQNMLLMQHNFFAX47CA,埕東段,300.83,非都市： ; 非都市編定：,1,1,全筆移轉,02320000
RPXNMLOJRHNFFAX28CA,烏崁新段,38.52,非都市：一般農業區 ; 非都市編定：農牧用地,32,1,持分移轉,03210000
RPXNMLOJRHNFFAX28CA,烏崁新段,3.06,非都市：鄉村區 ; 非都市編定：乙種建築用地,32,1,持分移轉,13710000
RPXNMLOJRHNFFAX28CA,烏崁新段,2.58,非都市：鄉村區 ; 非都市編定：乙種建築用地,32,1,持分移轉,13750000
RPXNMLOJRHNFFAX28CA,烏崁新段,37.73,非都市：一般農業區 ; 非都市編定：農牧用地,32,1,持分移轉,16400000
RPXNMLOJRHNFFAX28CA,烏崁新段,17.11,非都市：一般農業區 ; 非都市編定：農牧用地,32,1,持分移轉,17910000
RPXNMLOJRHNFFAX28CA,烏崁新段,25.64,非都市：一般農業區 ; 非都市編定：農牧用地,32,1,持分移轉,18670000
RPXNMLOJRHNFFAX28CA,興仁段,18.10,非都市：一般農業區 ; 非都市編定：甲種建築用地,32,1,持分移轉,02430000
RPXNMLOJRHNFFAX28CA,興仁段,85.69,非都市：一般農業區 ; 非都市編定：農牧用地,32,1,持分移轉,02440000
RPXNMLOJRHNFFAX28CA,興仁段,9.41,非都市：一般農業區 ; 非都市編定：農牧用地,32,1,持分移轉,02530000
RPXNMLOJRHNFFAX28CA,興仁段,16.53,非都市：一般農業區 ; 非都市編定：農牧用地,32,1,持分移轉,02600000
RPXNMLOJRHNFFAX28CA,興仁段,13.94,非都市：一般農業區 ; 非都市編定：農牧用地,32,1,持分移轉,02610000
RPXNMLOJRHNFFAX28CA,興仁段,6.61,非都市：一般農業區 ; 非都市編定：甲種建築用地,32,1,持分移轉,02670000
RPXNMLOJRHNFFAX28CA,興仁段,34.91,非都市：一般農業區 ; 非都市編定：農牧用地,32,1,持分移轉,08570000
RPXNMLOJRHNFFAX28CA,興仁段,16.30,非都市：一般農業區 ; 非都市編定：農牧用地,32,1,持分移轉,10110000
RPXNMLOJRHNFFAX28CA,興仁段,18.25,非都市：一般農業區 ; 非都市編定：農牧用地,32,1,持分移轉,10570000
RPXNMLOJRHNFFAX28CA,興仁段,14.95,非都市：一般農業區 ; 非都市編定：農牧用地,32,1,持分移轉,10800000
RPSNMLOLQHNFFAX87CA,中衛段,1149.52,非都市： ; 非都市編定：,1,1,全筆移轉,08270000
RPPNMLOLQHNFFAX57CA,四維段,62.12,非都市：鄉村區 ; 非都市編定：乙種建築用地,1,1,全筆移轉,08250000
RPROMLKMQHNFFAX57CA,大池段,265.00,非都市：一般農業區 ; 非都市編定：甲種建築用地,2,1,持分移轉,12410000
RPUOMLOKNHOFFAX87CA,埕東段,7.15,非都市： ; 非都市編定：,10000,185,持分移轉,08560000
RPUOMLOKNHOFFAX87CA,埕東段,.12,非都市： ; 非都市編定：,10000,185,持分移轉,08600000
RPUOMLOKNHOFFAX87CA,埕東段,2.18,非都市： ; 非都市編定：,10000,185,持分移轉,08610000
RPUOMLOKNHOFFAX87CA,埕東段,17.18,非都市： ; 非都市編定：,10000,185,持分移轉,08640000
RPPNMLRLQHNFFAX97DA,安宅段,133.36,非都市：鄉村區 ; 非都市編定：乙種建築用地,1,1,全筆移轉,13130000
RPXNMLKMQHNFFAX08CA,光華段,1165.10,非都市：一般農業區 ; 非都市編定：農牧用地,1,1,全筆移轉,02900000
RPQNMLRLQHNFFAX97CA,文石段,276.48,非都市： ; 非都市編定：,1,1,全筆移轉,13970000
RPWNMLSLRHNFFAX78CA,四維段,43.94,非都市：鄉村區 ; 非都市編定：乙種建築用地,8,1,持分移轉,08920001
RPVNMLSLRHNFFAX68CA,四維段,43.94,非都市：鄉村區 ; 非都市編定：乙種建築用地,8,1,持分移轉,08920001
RPXNMLSLRHNFFAX88CA,四維段,43.94,非都市：鄉村區 ; 非都市編定：乙種建築用地,8,1,持分移轉,08920001
RPQNMLOJRHNFFAX57CA,案山段,130.23,非都市： ; 非都市編定：,1,1,全筆移轉,02010000
RPQNMLOJRHNFFAX57CA,案山段,42.54,非都市： ; 非都市編定：,1,1,全筆移轉,02050000
RPQNMLOJRHNFFAX57CA,案山段,29.95,非都市： ; 非都市編定：,1,1,全筆移轉,02070000
RPQNMLSLQHNFFAX08CA,六合段,144.32,非都市：一般農業區 ; 非都市編定：交通用地,1,1,全筆移轉,01630013
RPRNMLRLQHNFFAX08CA,大嶼段,67.00,非都市：鄉村區 ; 非都市編定：乙種建築用地,1,1,全筆移轉,40710002
RPRNMLRJRHNFFAX97CA,馬公段,281.00,非都市： ; 非都市編定：,1,1,全筆移轉,03980002
RPSNMLRLQHNFFAX28DA,後寮段,504.00,非都市：一般農業區 ; 非都市編定：農牧用地,1,1,全筆移轉,09480000
RPPNMLTLQHNFFAX08CA,馬公段,50.00,非都市： ; 非都市編定：,1,1,全筆移轉,20210055
RPRNMLPLRHNFFAX08DA,馬公段,47.00,非都市： ; 非都市編定：,1,1,全筆移轉,20210056
RPSNMLSLQHNFFAX48EA,馬公段,13.00,非都市： ; 非都市編定：,1,1,全筆移轉,06880002
RPOOMLOJRHNFFAX47CA,山水南段,359.77,非都市： ; 非都市編定：,1,1,全筆移轉,00420001
RPOOMLSLRHNFFAX08CA,四維段,43.94,非都市：鄉村區 ; 非都市編定：乙種建築用地,8,1,持分移轉,08920001
RPPNMLRKRHNFFAX87CA,興仁段,1019.83,非都市：一般農業區 ; 非都市編定：農牧用地,188709,101983,持分移轉,08330000
RPPNMLKMQHNFFAX27CA,埕西段,15.79,非都市： ; 非都市編定：,10000,1646,持分移轉,03570000
RPPNMLKMQHNFFAX27CA,埕西段,38.67,非都市： ; 非都市編定：,10000,1646,持分移轉,03580002
RPSNMLNKRHNFFAX77CA,北澳段,14.50,非都市：鄉村區 ; 非都市編定：乙種建築用地,10000,159,持分移轉,02600000
RPQNMLNKRHNFFAX57CA,北澳段,15.05,非都市：鄉村區 ; 非都市編定：乙種建築用地,10000,165,持分移轉,02600000
RPTNMLNKRHNFFAX87CA,北澳段,14.50,非都市：鄉村區 ; 非都市編定：乙種建築用地,10000,159,持分移轉,02600000
RPRNMLNKRHNFFAX67CA,北澳段,16.69,非都市：鄉村區 ; 非都市編定：乙種建築用地,10000,183,持分移轉,02600000
RPPNMLNKRHNFFAX47CA,北澳段,14.78,非都市：鄉村區 ; 非都市編定：乙種建築用地,10000,162,持分移轉,02600000
RPVNMLKMQHNFFAX87CA,大嶼段,193.33,非都市：鄉村區 ; 非都市編定：乙種建築用地,3,1,持分移轉,07480000
RPRNMLQJRHNFFAX87CA,馬公段,85.00,非都市： ; 非都市編定：,1,1,全筆移轉,17570001
RPRNMLQJRHNFFAX87CA,馬公段,15.00,非都市： ; 非都市編定：,1,1,全筆移轉,17580004
RPPNMLNJRHNFFAX37CA,鎖港南段,181.46,非都市：一般農業區 ; 非都市編定：農牧用地,1,1,全筆移轉,03770003
RPQNMLNJRHNFFAX47CA,鎖港南段,181.45,非都市：一般農業區 ; 非都市編定：農牧用地,1,1,全筆移轉,03770000
RPRNMLNJRHNFFAX57CA,大池段,332.62,非都市：一般農業區 ; 非都市編定：農牧用地,1,1,全筆移轉,04050000
RPPNMLQLRHNFFAX87CA,馬公段,60.00,非都市： ; 非都市編定：,1,1,全筆移轉,17650014
RPUNMLSLRHNFFAX58CA,四維段,43.94,非都市：鄉村區 ; 非都市編定：乙種建築用地,8,1,持分移轉,08920001
RPTNMLSLRHNFFAX48CA,四維段,43.94,非都市：鄉村區 ; 非都市編定：乙種建築用地,8,1,持分移轉,08920001
RPPOMLNKRHNFFAX57CA,北澳段,23.17,非都市：鄉村區 ; 非都市編定：乙種建築用地,10000,254,持分移轉,02600000
RPROMLNKRHNFFAX77CA,北澳段,15.41,非都市：鄉村區 ; 非都市編定：乙種建築用地,10000,169,持分移轉,02600000
RPSOMLNKRHNFFAX87CA,北澳段,13.59,非都市：鄉村區 ; 非都市編定：乙種建築用地,10000,149,持分移轉,02600000
RPVNMLNKRHNFFAX08CA,北澳段,14.50,非都市：鄉村區 ; 非都市編定：乙種建築用地,10000,159,持分移轉,02600000
RPOOMLNKRHNFFAX47CA,北澳段,15.41,非都市：鄉村區 ; 非都市編定：乙種建築用地,10000,169,持分移轉,02600000
RPTOMLNKRHNFFAX97CA,北澳段,14.50,非都市：鄉村區 ; 非都市編定：乙種建築用地,10000,159,持分移轉,02600000
RPQOMLNKRHNFFAX67CA,北澳段,16.23,非都市：鄉村區 ; 非都市編定：乙種建築用地,10000,178,持分移轉,02600000
RPXNMLNKRHNFFAX28CA,北澳段,16.69,非都市：鄉村區 ; 非都市編定：乙種建築用地,10000,183,持分移轉,02600000
RPWNMLNKRHNFFAX18CA,北澳段,14.50,非都市：鄉村區 ; 非都市編定：乙種建築用地,10000,159,持分移轉,02600000
RPUNMLNKRHNFFAX97CA,北澳段,16.23,非都市：鄉村區 ; 非都市編定：乙種建築用地,10000,178,持分移轉,02600000
RPVOMLNKRHNFFAX18CA,北澳段,16.69,非都市：鄉村區 ; 非都市編定：乙種建築用地,10000,183,持分移轉,02600000
RPUOMLNKRHNFFAX08CA,北澳段,14.50,非都市：鄉村區 ; 非都市編定：乙種建築用地,10000,159,持分移轉,02600000
RPQNMLLKRHNFFAX37CA,林投南段,1.84,非都市： ; 非都市編定：,1,1,全筆移轉,10510001
RPQNMLLKRHNFFAX37CA,林投南段,1255.19,非都市：一般農業區 ; 非都市編定：農牧用地,1,1,全筆移轉,10510000
RPXOMLNKRHNFFAX38CA,北澳段,16.69,非都市：鄉村區 ; 非都市編定：乙種建築用地,10000,183,持分移轉,02600000
RPWOMLNKRHNFFAX28CA,北澳段,14.32,非都市：鄉村區 ; 非都市編定：乙種建築用地,10000,157,持分移轉,02600000
RPQNMLRJRHNFFAX97DA,隘門新段,188.37,非都市：一般農業區 ; 非都市編定：農牧用地,1,1,全筆移轉,08290002
RPPNMLPJRHNFFAX77EA,馬公段,12.00,非都市： ; 非都市編定：,1,1,全筆移轉,00680043
RPSNMLQJRHNFFAX97CA,龍門南段,329.00,非都市：一般農業區 ; 非都市編定：農牧用地,4,1,持分移轉,01910000
RPSNMLQJRHNFFAX97CA,龍門南段,329.00,非都市：一般農業區 ; 非都市編定：農牧用地,4,1,持分移轉,01910000
RPSNMLQJRHNFFAX97CA,龍門南段,329.00,非都市：一般農業區 ; 非都市編定：農牧用地,4,1,持分移轉,01910000
RPSNMLQJRHNFFAX97CA,龍門南段,329.00,非都市：一般農業區 ; 非都市編定：農牧用地,4,1,持分移轉,01910000
RPRNMLPJRHNFFAX97EA,馬公段,4.00,非都市： ; 非都市編定：,2,1,持分移轉,00680044
RPRNMLPJRHNFFAX97EA,馬公段,4.00,非都市： ; 非都市編定：,2,1,持分移轉,00680044
RPQNMLPJRHNFFAX87EA,馬公段,21.00,非都市： ; 非都市編定：,1,1,全筆移轉,00680042
RPPNMLRJRHNFFAX77CA,龍門南段,122.65,非都市：一般農業區 ; 非都市編定：農牧用地,1,1,全筆移轉,01910002
RPOPMLNKRHNFFAX57CA,北澳段,14.50,非都市：鄉村區 ; 非都市編定：乙種建築用地,10000,159,持分移轉,02600000
RPPPMLNKRHNFFAX67CA,北澳段,14.41,非都市：鄉村區 ; 非都市編定：乙種建築用地,10000,158,持分移轉,02600000
RPPOMLPKRHNFFAX77CA,北澳段,14.50,非都市：鄉村區 ; 非都市編定：乙種建築用地,10000,159,持分移轉,02600000
RPXNMLPKRHNFFAX48CA,北澳段,16.69,非都市：鄉村區 ; 非都市編定：乙種建築用地,10000,183,持分移轉,02600000
RPOOMLPKRHNFFAX67CA,北澳段,14.50,非都市：鄉村區 ; 非都市編定：乙種建築用地,10000,159,持分移轉,02600000
RPQOMLPKRHNFFAX87CA,北澳段,15.41,非都市：鄉村區 ; 非都市編定：乙種建築用地,10000,169,持分移轉,02600000
RPROMLPKRHNFFAX97CA,北澳段,16.23,非都市：鄉村區 ; 非都市編定：乙種建築用地,10000,178,持分移轉,02600000
RPSOMLPKRHNFFAX08CA,北澳段,14.50,非都市：鄉村區 ; 非都市編定：乙種建築用地,10000,159,持分移轉,02600000
RPTOMLPKRHNFFAX18CA,北澳段,14.50,非都市：鄉村區 ; 非都市編定：乙種建築用地,10000,159,持分移轉,02600000
RPUOMLPKRHNFFAX28CA,北澳段,16.69,非都市：鄉村區 ; 非都市編定：乙種建築用地,10000,183,持分移轉,02600000
RPVOMLPKRHNFFAX38CA,北澳段,16.69,非都市：鄉村區 ; 非都市編定：乙種建築用地,10000,183,持分移轉,02600000
RPXOMLPKRHNFFAX58CA,北澳段,14.41,非都市：鄉村區 ; 非都市編定：乙種建築用地,10000,158,持分移轉,02600000
RPOPMLPKRHNFFAX77CA,北澳段,15.41,非都市：鄉村區 ; 非都市編定：乙種建築用地,10000,169,持分移轉,02600000
RPWOMLPKRHNFFAX48CA,北澳段,14.41,非都市：鄉村區 ; 非都市編定：乙種建築用地,10000,158,持分移轉,02600000
RPPPMLPKRHNFFAX87CA,北澳段,16.23,非都市：鄉村區 ; 非都市編定：乙種建築用地,10000,178,持分移轉,02600000
RPRPMLPKRHNFFAX08CA,北澳段,16.69,非都市：鄉村區 ; 非都市編定：乙種建築用地,10000,183,持分移轉,02600000
RPQPMLPKRHNFFAX97CA,北澳段,14.41,非都市：鄉村區 ; 非都市編定：乙種建築用地,10000,158,持分移轉,02600000
RPTNMLPKRHNFFAX08CA,北澳段,15.41,非都市：鄉村區 ; 非都市編定：乙種建築用地,10000,169,持分移轉,02600000
RPUNMLPKRHNFFAX18CA,北澳段,16.23,非都市：鄉村區 ; 非都市編定：乙種建築用地,10000,178,持分移轉,02600000
RPRNMLPKRHNFFAX87CA,北澳段,14.50,非都市：鄉村區 ; 非都市編定：乙種建築用地,10000,159,持分移轉,02600000
RPQNMLPKRHNFFAX77CA,北澳段,16.69,非都市：鄉村區 ; 非都市編定：乙種建築用地,10000,183,持分移轉,02600000
RPUPMLPKRHNFFAX38CA,北澳段,14.41,非都市：鄉村區 ; 非都市編定：乙種建築用地,10000,158,持分移轉,02600000
RPTPMLPKRHNFFAX28CA,北澳段,14.41,非都市：鄉村區 ; 非都市編定：乙種建築用地,10000,158,持分移轉,02600000
RPVNMLPKRHNFFAX28CA,北澳段,14.50,非都市：鄉村區 ; 非都市編定：乙種建築用地,10000,159,持分移轉,02600000
RPWNMLPKRHNFFAX38CA,北澳段,16.69,非都市：鄉村區 ; 非都市編定：乙種建築用地,10000,183,持分移轉,02600000
RPSPMLPKRHNFFAX18CA,北澳段,16.69,非都市：鄉村區 ; 非都市編定：乙種建築用地,10000,183,持分移轉,02600000
RPSNMLPKRHNFFAX97CA,北澳段,14.50,非都市：鄉村區 ; 非都市編定：乙種建築用地,10000,159,持分移轉,02600000
RPVPMLPKRHNFFAX48CA,北澳段,15.41,非都市：鄉村區 ; 非都市編定：乙種建築用地,10000,169,持分移轉,02600000
RPWPMLPKRHNFFAX58CA,北澳段,16.23,非都市：鄉村區 ; 非都市編定：乙種建築用地,10000,178,持分移轉,02600000
RPOQMLPKRHNFFAX87CA,北澳段,14.41,非都市：鄉村區 ; 非都市編定：乙種建築用地,10000,158,持分移轉,02600000
RPXPMLPKRHNFFAX68CA,北澳段,14.41,非都市：鄉村區 ; 非都市編定：乙種建築用地,10000,158,持分移轉,02600000
RPRQMLPKRHNFFAX18CA,北澳段,16.69,非都市：鄉村區 ; 非都市編定：乙種建築用地,10000,183,持分移轉,02600000
RPPQMLPKRHNFFAX97CA,北澳段,16.69,非都市：鄉村區 ; 非都市編定：乙種建築用地,10000,183,持分移轉,02600000
RPTQMLPKRHNFFAX38CA,北澳段,14.41,非都市：鄉村區 ; 非都市編定：乙種建築用地,10000,158,持分移轉,02600000
RPSQMLPKRHNFFAX28CA,北澳段,14.41,非都市：鄉村區 ; 非都市編定：乙種建築用地,10000,158,持分移轉,02600000
RPUQMLPKRHNFFAX48CA,北澳段,15.41,非都市：鄉村區 ; 非都市編定：乙種建築用地,10000,169,持分移轉,02600000
RPWQMLPKRHNFFAX68CA,北澳段,14.41,非都市：鄉村區 ; 非都市編定：乙種建築用地,10000,158,持分移轉,02600000
RPXQMLPKRHNFFAX78CA,北澳段,14.41,非都市：鄉村區 ; 非都市編定：乙種建築用地,10000,158,持分移轉,02600000
RPORMLPKRHNFFAX97CA,北澳段,16.69,非都市：鄉村區 ; 非都市編定：乙種建築用地,10000,183,持分移轉,02600000
RPQNMLSKRHNFFAX08CA,埕東段,30.00,非都市： ; 非都市編定：,10000,234,持分移轉,02160001
RPSNMLLKRHNFFAX57CA,二崁北段,742.07,非都市：一般農業區 ; 非都市編定：農牧用地,1,1,全筆移轉,06110000
RPUNMLLLRHNFFAX87CA,後寮南段,388.60,非都市：一般農業區 ; 非都市編定：農牧用地,1,1,全筆移轉,00350000
RPVQMLPKRHNFFAX58CA,北澳段,16.23,非都市：鄉村區 ; 非都市編定：乙種建築用地,10000,178,持分移轉,02600000
RPVOMLSLRHNFFAX78CA,埕中段,77.14,非都市： ; 非都市編定：,1,1,全筆移轉,00980000
RPRNMLRLRHNFFAX18CA,中衛段,945.59,非都市： ; 非都市編定：,1,1,全筆移轉,02890000
RPTNMLKKNHOFFAX27CA,光榮段,20.70,非都市： ; 非都市編定：,10000,176,持分移轉,04960000
RPXNMLKKNHOFFAX67CA,文光段,27.09,非都市： ; 非都市編定：,100000,327,持分移轉,00200000
RPXNMLKKNHOFFAX67CA,文光段,3.51,非都市： ; 非都市編定：,100000,327,持分移轉,00540000
RPROMLOKNHOFFAX57CA,埕東段,.80,非都市： ; 非都市編定：,10000,156,持分移轉,04490000
RPROMLOKNHOFFAX57CA,埕東段,17.75,非都市： ; 非都市編定：,10000,156,持分移轉,04500000
RPPNMLOKRHNFFAX67DA,海堤段,494.05,非都市： ; 非都市編定：,1,1,全筆移轉,09610000
RPTNMLPLRHNFFAX18CA,安宅段,169.33,非都市：一般農業區 ; 非都市編定：甲種建築用地,1,1,全筆移轉,01010002
RPTNMLPLRHNFFAX18CA,安宅段,39.35,非都市：一般農業區 ; 非都市編定：交通用地,15,1,持分移轉,01010004
RPUQMLMKRHNFFAX18CA,東澳段,.16,非都市： ; 非都市編定：,10000,1,持分移轉,05940000
RPXOMLMKRHNFFAX28CA,馬公段,32.67,非都市： ; 非都市編定：,3,1,持分移轉,15060004
RPPNMLMJIINFFAX09CA,赤崁北段,649.72,非都市：一般農業區 ; 非都市編定：農牧用地,2,1,持分移轉,05670002
RPPNMLMJIINFFAX09CA,赤崁北段,649.72,非都市：一般農業區 ; 非都市編定：農牧用地,2,1,持分移轉,05670002
RPQPMLNKRHNFFAX77CA,文光段,25.47,非都市： ; 非都市編定：,5,1,持分移轉,03580000
RPQPMLNKRHNFFAX77CA,文光段,34.84,非都市： ; 非都市編定：,1,1,全筆移轉,03590000
RPVQMLMKRHNFFAX28CA,下瓦硐段,245.33,非都市：一般農業區 ; 非都市編定：農牧用地,1,1,全筆移轉,13800000
RPRNMLLKRHNFFAX47CA,埕西段,9.05,非都市： ; 非都市編定：,7,1,持分移轉,07970000
RPPNMLTKRHNFFAX08CA,成功南段,2330.42,非都市：一般農業區 ; 非都市編定：農牧用地,4,3,持分移轉,09670000
RPWQMLMKRHNFFAX38CA,馬公段,35.00,非都市： ; 非都市編定：,1,1,全筆移轉,20710000
RPWQMLMKRHNFFAX38CA,馬公段,8.00,非都市： ; 非都市編定：,1,1,全筆移轉,20710003
RPSNMLOKRHNFFAX87CA,光華段,848.51,非都市：一般農業區 ; 非都市編定：農牧用地,1,1,全筆移轉,02910000
RPPOMLSLRHNFFAX18CA,四維段,43.94,非都市：鄉村區 ; 非都市編定：乙種建築用地,8,1,持分移轉,08920001
RPQNMLRKRHNFFAX97CA,竹灣段,611.20,非都市：一般農業區 ; 非都市編定：農牧用地,1,1,全筆移轉,18630000
RPSNMLKKNHOFFAX17CA,馬公段,20.54,非都市： ; 非都市編定：,10000,706,持分移轉,16650000
RPRNMLTKRHNFFAX28CA,馬公段,2.12,非都市： ; 非都市編定：,8,1,持分移轉,20610001
RPRNMLTKRHNFFAX28CA,馬公段,27.62,非都市： ; 非都市編定：,8,1,持分移轉,20590000
RPPNMLPLRHNFFAX77CA,橫礁段,57.00,非都市：一般農業區 ; 非都市編定：農牧用地,4,1,持分移轉,03780000
RPPNMLPLRHNFFAX77CA,橫礁段,70.25,非都市：鄉村區 ; 非都市編定：乙種建築用地,4,1,持分移轉,03940000
RPQNMLLLRHNFFAX47CA,山水南段,912.13,非都市：一般農業區 ; 非都市編定：農牧用地,1,1,全筆移轉,03070000
RPQNMLLLRHNFFAX47CA,山水南段,3.07,非都市：一般農業區 ; 非都市編定：農牧用地,1,1,全筆移轉,03100000
RPPNMLLLRHNFFAX37CA,中衛段,1853.01,非都市：一般農業區 ; 非都市編定：特定目的事業用地,1,1,全筆移轉,15650000
RPTNMLLLRHNFFAX77CA,尖山南段,254.11,非都市：一般農業區 ; 非都市編定：農牧用地,1000,138,持分移轉,04500000
RPTNMLLLRHNFFAX77CA,尖山南段,257.79,非都市：一般農業區 ; 非都市編定：農牧用地,1000,140,持分移轉,04500000
RPTNMLLLRHNFFAX77CA,尖山南段,237.54,非都市：一般農業區 ; 非都市編定：農牧用地,1000,129,持分移轉,04500000
RPTNMLLLRHNFFAX77CA,尖山南段,250.43,非都市：一般農業區 ; 非都市編定：農牧用地,1000,136,持分移轉,04500000
RPTNMLLLRHNFFAX77CA,尖山南段,296.46,非都市：一般農業區 ; 非都市編定：農牧用地,1000,161,持分移轉,04500000
RPPNMLQJIINFFAX86CA,六合段,71.25,非都市：鄉村區 ; 非都市編定：乙種建築用地,4,3,持分移轉,00030001
RPQNMLTKRHNFFAX18CA,北澳段,170.42,非都市：一般農業區 ; 非都市編定：甲種建築用地,1,1,全筆移轉,05880000
RPQNMLTKRHNFFAX18CA,北澳段,85.23,非都市：一般農業區 ; 非都市編定：交通用地,6,1,持分移轉,05880004
RPRNMLQJIINFFAX07CA,光華段,53.23,非都市：鄉村區 ; 非都市編定：乙種建築用地,1,1,全筆移轉,07350000
RPPNMLRLRHNFFAX97CA,國宅段,111.52,非都市： ; 非都市編定：,1,1,全筆移轉,03190006
RPPNMLKKIINFFAX98CA,鎖港西段,786.82,非都市：一般農業區 ; 非都市編定：農牧用地,1,1,全筆移轉,09900000
RPQNMLPLRHNFFAX97DA,許家段,8.89,非都市：一般農業區 ; 非都市編定：特定目的事業用地,1,1,全筆移轉,04500001
RPQNMLQJIINFFAX96CA,五福段,230.63,非都市：一般農業區 ; 非都市編定：農牧用地,1,1,全筆移轉,07770001
RPSNMLQLRHNFFAX28DA,國宅段,79.24,非都市： ; 非都市編定：,1,1,全筆移轉,06180000
RPROMLSLRHNFFAX38CA,興崁段,2320.73,非都市：一般農業區 ; 非都市編定：農牧用地,1,1,全筆移轉,09750000
RPOPMLSLRHNFFAX18CA,五福段,722.60,非都市：一般農業區 ; 非都市編定：農牧用地,1,1,全筆移轉,00800000
RPRNMLSLJHOFFAX57CA,馬公段,51.00,非都市： ; 非都市編定：,2,1,持分移轉,25800000
RPOPMLSLRHNFFAX18CA,五福段,818.85,非都市：一般農業區 ; 非都市編定：農牧用地,1,1,全筆移轉,05370001
RPRNMLSLRHNFFAX28CA,興崁段,192.14,非都市：一般農業區 ; 非都市編定：甲種建築用地,1,1,全筆移轉,10790013
RPRNMLSLRHNFFAX28CA,興崁段,33.14,非都市：一般農業區 ; 非都市編定：交通用地,8,1,持分移轉,10790014
RPRNMLLLRHNFFAX57CA,山水南段,4.37,非都市：一般農業區 ; 非都市編定：交通用地,1,1,全筆移轉,08720000
RPWOMLSLRHNFFAX88CA,鐵線段,325.07,非都市：一般農業區 ; 非都市編定：農牧用地,6,1,持分移轉,06640000
RPWOMLSLRHNFFAX88CA,鐵線段,325.07,非都市：一般農業區 ; 非都市編定：農牧用地,6,1,持分移轉,06640000
RPWOMLSLRHNFFAX88CA,鐵線段,264.31,非都市：一般農業區 ; 非都市編定：農牧用地,4,1,持分移轉,11440000
RPWOMLSLRHNFFAX88CA,鐵線段,264.31,非都市：一般農業區 ; 非都市編定：農牧用地,4,1,持分移轉,11440000
RPQNMLPKIINFFAX96CA,馬公段,3.31,非都市： ; 非都市編定：,10000,60,持分移轉,02930001
RPQNMLMJIINFFAX56CA,五福段,1377.33,非都市：一般農業區 ; 非都市編定：農牧用地,1,1,全筆移轉,01600000
RPQNMLLJIINFFAX09CA,龍門西段,168.20,非都市：一般農業區 ; 非都市編定：農牧用地,2,1,持分移轉,03760000
RPRNMLLJIINFFAX56CA,成功北段,160.03,非都市：一般農業區 ; 非都市編定：甲種建築用地,1,1,全筆移轉,05400000
RPRNMLLJIINFFAX56CA,成功北段,364.02,非都市：一般農業區 ; 非都市編定：甲種建築用地,1,1,全筆移轉,05410000
RPRNMLLJIINFFAX56CA,成功北段,280.90,非都市：一般農業區 ; 非都市編定：甲種建築用地,1,1,全筆移轉,05420000
RPTNMLQLRHNFFAX28CA,興仁段,1115.68,非都市：一般農業區 ; 非都市編定：農牧用地,1,1,全筆移轉,07720000
RPXOMLSLRHNFFAX98CA,興崁段,2994.84,非都市：一般農業區 ; 非都市編定：農牧用地,1,1,全筆移轉,11750000
RPXOMLSLRHNFFAX98CA,興崁段,1625.46,非都市：一般農業區 ; 非都市編定：農牧用地,1,1,全筆移轉,11770000
RPPNMLPKIINFFAX86CA,馬公段,3.42,非都市： ; 非都市編定：,10000,62,持分移轉,02930001
RPUNMLTKIINFFAX77CA,文澳段,53.63,非都市： ; 非都市編定：,10000,168,持分移轉,22930000
RPUNMLMJIINFFAX96CA,紅羅段,674.16,非都市：一般農業區 ; 非都市編定：農牧用地,1,1,全筆移轉,05450000
RPTOMLSLRHNFFAX68DA,六合段,127.15,非都市：鄉村區 ; 非都市編定：乙種建築用地,1,1,全筆移轉,03060001
RPSNMLMJIINFFAX86DA,外垵二段,112.88,非都市：一般農業區 ; 非都市編定：農牧用地,2,1,持分移轉,08550000
RPSNMLMJIINFFAX86DA,外垵二段,19.40,非都市：一般農業區 ; 非都市編定：交通用地,2,1,持分移轉,08670000
RPUNMLLJIINFFAX86CA,六合段,120.00,非都市： ; 非都市編定：,1,1,全筆移轉,06890001
RPTNMLLJIINFFAX86DA,二崁南段,1265.26,非都市：風景區 ; 非都市編定：農牧用地,6,5,持分移轉,13780000
RPTNMLLJIINFFAX86DA,二崁南段,159.92,非都市：風景區 ; 非都市編定：交通用地,6,5,持分移轉,13530000
RPTNMLLJIINFFAX86DA,二崁南段,231.29,非都市：風景區 ; 非都市編定：農牧用地,6,5,持分移轉,13830000
RPRNMLMJIINFFAX66CA,機場段,113.50,非都市：一般農業區 ; 非都市編定：甲種建築用地,1,1,全筆移轉,09510000
RPRNMLMJIINFFAX66CA,機場段,1.51,非都市：一般農業區 ; 非都市編定：甲種建築用地,1,1,全筆移轉,09520000
RPPNMLRKIINFFAX17DA,雙湖段,207.18,非都市：鄉村區 ; 非都市編定：乙種建築用地,1,1,全筆移轉,04020002
RPRNMLRKIINFFAX27CA,紅羅段,408.13,非都市：鄉村區 ; 非都市編定：乙種建築用地,1,1,全筆移轉,04200000
RPPNMLLJIINFFAX98CA,後寮段,291.00,非都市：一般農業區 ; 非都市編定：農牧用地,1,1,全筆移轉,28360000
RPSNMLLJIINFFAX76DA,文東段,100.30,非都市：鄉村區 ; 非都市編定：乙種建築用地,1,1,全筆移轉,07490000
RPSNMLLJIINFFAX76DA,文東段,25.08,非都市：鄉村區 ; 非都市編定：乙種建築用地,6,1,持分移轉,07560000
RPPNMLSKIINFFAX17CA,?葉新段,479.10,非都市：一般農業區 ; 非都市編定：農牧用地,1,1,全筆移轉,15080001
RPPNMLSKIINFFAX17CA,?葉新段,19.55,非都市：一般農業區 ; 非都市編定：交通用地,3,1,持分移轉,15100000
RPQNMLPJIINFFAX86CA,中屯新段,329.12,非都市：鄉村區 ; 非都市編定：乙種建築用地,1,1,全筆移轉,10140000
RPRNMLOJIINFFAX86CA,埕中段,41.52,非都市： ; 非都市編定：,2,1,持分移轉,03840000
RPTNMLQLIINFFAX47CA,埕西段,2.74,非都市： ; 非都市編定：,100000,4658,持分移轉,07520000
RPTNMLQLIINFFAX47CA,埕西段,14.03,非都市： ; 非都市編定：,100000,4658,持分移轉,07530000
RPTNMLQLIINFFAX47CA,埕西段,8.26,非都市： ; 非都市編定：,100000,4658,持分移轉,07550000
RPPNMLKKNHOFFAX86CA,四維段,52.80,非都市：鄉村區 ; 非都市編定：乙種建築用地,100000,4419,持分移轉,00700000
RPPNMLPJIINFFAX76CA,馬公段,74.00,非都市： ; 非都市編定：,1,1,全筆移轉,20210021
RPPNMLPJIINFFAX76CA,馬公段,74.00,非都市： ; 非都市編定：,1,1,全筆移轉,20210022
RPWOMLOKNHOFFAX08CA,興仁段,4086.25,非都市：一般農業區 ; 非都市編定：農牧用地,1,1,全筆移轉,06500000
RPQNMLTJIINFFAX47EA,北極段,133.77,非都市： ; 非都市編定：,2,1,持分移轉,10390000
RPQNMLTJIINFFAX47EA,北極段,33.26,非都市： ; 非都市編定：,2,1,持分移轉,10400000
RPQNMLTJIINFFAX47EA,北極段,13.77,非都市： ; 非都市編定：,2,1,持分移轉,10410000
RPRNMLLMIINFFAX86CA,城北段,236.09,非都市：一般農業區 ; 非都市編定：農牧用地,2353,236,持分移轉,09300000
RPRNMLLMIINFFAX86CA,城北段,231.09,非都市：一般農業區 ; 非都市編定：農牧用地,2353,231,持分移轉,09300000
RPRNMLLMIINFFAX86CA,城北段,231.09,非都市：一般農業區 ; 非都市編定：農牧用地,2353,231,持分移轉,09300000
RPRNMLLMIINFFAX86CA,城北段,231.09,非都市：一般農業區 ; 非都市編定：農牧用地,2353,231,持分移轉,09300000
RPRNMLLMIINFFAX86CA,城北段,235.09,非都市：一般農業區 ; 非都市編定：農牧用地,2353,235,持分移轉,09300000
RPRNMLLMIINFFAX86CA,城北段,237.09,非都市：一般農業區 ; 非都市編定：農牧用地,2353,237,持分移轉,09300000
RPRNMLLMIINFFAX86CA,城北段,233.09,非都市：一般農業區 ; 非都市編定：農牧用地,2353,233,持分移轉,09300000
RPRNMLLMIINFFAX86CA,城北段,233.09,非都市：一般農業區 ; 非都市編定：農牧用地,2353,233,持分移轉,09300000
RPRNMLLMIINFFAX86CA,城北段,234.09,非都市：一般農業區 ; 非都市編定：農牧用地,2353,234,持分移轉,09300000
RPRNMLLMIINFFAX86CA,城北段,252.10,非都市：一般農業區 ; 非都市編定：農牧用地,2353,252,持分移轉,09300000
RPRNMLSJIINFFAX27CA,雙湖段,427.08,非都市：鄉村區 ; 非都市編定：乙種建築用地,1,1,全筆移轉,03960000
RPTPMLOKNHOFFAX97DA,光榮段,16.46,非都市： ; 非都市編定：,10000,140,持分移轉,04960000
RPRNMLTJIINFFAX37CA,馬公段,25.00,非都市： ; 非都市編定：,1,1,全筆移轉,05330001
RPPNMLTJIINFFAX17CA,六合段,18.04,非都市：一般農業區 ; 非都市編定：交通用地,7,1,持分移轉,01630012
RPPNMLTJIINFFAX17CA,六合段,226.85,非都市：一般農業區 ; 非都市編定：甲種建築用地,1,1,全筆移轉,01630007
RPPNMLNKIINFFAX66CA,二崁南段,1232.35,非都市： ; 非都市編定：,1,1,全筆移轉,10530000
RPPNMLNKIINFFAX66CA,二崁南段,1427.73,非都市：一般農業區 ; 非都市編定：農牧用地,1,1,全筆移轉,11480000
RPPNMLNKIINFFAX66CA,二崁南段,1445.02,非都市：一般農業區 ; 非都市編定：農牧用地,1,1,全筆移轉,14920000
RPSNMLSKIINFFAX47CA,烏崁新段,45.11,非都市：一般農業區 ; 非都市編定：農牧用地,1,1,全筆移轉,04220000
RPUNMLSKIINFFAX67CA,文石段,111.64,非都市：一般農業區 ; 非都市編定：甲種建築用地,1,1,全筆移轉,05760000
RPQNMLLKIINFFAX76EA,埕西段,52.65,非都市： ; 非都市編定：,1,1,全筆移轉,02430000
RPPNMLLKIINFFAX09CA,埕東段,49.90,非都市： ; 非都市編定：,1,1,全筆移轉,04820000
RPRNMLSKIINFFAX37CA,烏崁新段,389.82,非都市：一般農業區 ; 非都市編定：農牧用地,1,1,全筆移轉,04200000
RPTNMLTKIINFFAX67CA,興仁段,1057.63,非都市：一般農業區 ; 非都市編定：農牧用地,1,1,全筆移轉,12120001
RPTNMLTKIINFFAX67CA,興仁段,260.00,非都市：一般農業區 ; 非都市編定：農牧用地,1,1,全筆移轉,12120000
RPSNMLQKIINFFAX27CA,文光段,18.45,非都市： ; 非都市編定：,3,1,持分移轉,03720000
RPRNMLMLIINFFAX86CA,埕中段,119.53,非都市： ; 非都市編定：,1,1,全筆移轉,01910001
RPTNMLSKIINFFAX57CA,鎮海新段,512.12,非都市：一般農業區 ; 非都市編定：農牧用地,1,1,全筆移轉,01220000
RPQNMLSKIINFFAX37DA,西溪新段,90.01,非都市：鄉村區 ; 非都市編定：乙種建築用地,4,1,持分移轉,03680000
RPQNMLSKIINFFAX37DA,西溪新段,27.62,非都市：鄉村區 ; 非都市編定：乙種建築用地,4,1,持分移轉,03710000
RPPNMLTKIINFFAX27CA,馬公段,13.97,非都市： ; 非都市編定：,10000,253,持分移轉,02930001
RPPNMLMLIINFFAX76DA,山水北段,134.18,非都市：一般農業區 ; 非都市編定：甲種建築用地,1,1,全筆移轉,04030000
RPUNMLQLIINFFAX57CA,文東段,100.45,非都市：鄉村區 ; 非都市編定：乙種建築用地,1,1,全筆移轉,01670000
RPUNMLQLIINFFAX57CA,文東段,8.19,非都市：鄉村區 ; 非都市編定：乙種建築用地,1,1,全筆移轉,01680000
RPQNMLTLIINFFAX47CA,城北段,219.18,非都市：一般農業區 ; 非都市編定：甲種建築用地,1,1,全筆移轉,10760001
RPQNMLTLIINFFAX47CA,城北段,54.61,非都市：一般農業區 ; 非都市編定：交通用地,10,1,持分移轉,10760004
RPQNMLTLIINFFAX47CA,城北段,21.56,非都市：一般農業區 ; 非都市編定：交通用地,20,1,持分移轉,10870000
RPPNMLKLIINFFAX09CA,東澳段,97.84,非都市： ; 非都市編定：,1,1,全筆移轉,10600000
RPQNMLPLIINFFAX17DA,五福段,95.83,非都市：鄉村區 ; 非都市編定：乙種建築用地,1,1,全筆移轉,04340000
RPQOMLPLIINFFAX17CA,成功南段,318.39,非都市：一般農業區 ; 非都市編定：甲種建築用地,1,1,全筆移轉,08250000
RPQOMLPLIINFFAX17CA,成功南段,52.34,非都市：一般農業區 ; 非都市編定：交通用地,5,1,持分移轉,08250004
RPRNMLQLIINFFAX27CA,望安段,129.00,非都市：一般農業區 ; 非都市編定：農牧用地,1,1,全筆移轉,01830000
RPRNMLQLIINFFAX27CA,望安段,167.00,非都市：一般農業區 ; 非都市編定：農牧用地,1,1,全筆移轉,14320000
RPSNMLPLIINFFAX27CA,五福段,30.00,非都市：一般農業區 ; 非都市編定：交通用地,979830,30000,持分移轉,08140004
RPSNMLPLIINFFAX27CA,五福段,76.20,非都市：一般農業區 ; 非都市編定：交通用地,4,1,持分移轉,08160002
RPTNMLPLIINFFAX37CA,國宅段,563.35,非都市：一般農業區 ; 非都市編定：農牧用地,1,1,全筆移轉,02710000
RPSNMLPLIINFFAX27CA,五福段,163.95,非都市：一般農業區 ; 非都市編定：甲種建築用地,1,1,全筆移轉,08160003
RPPNMLPLIINFFAX96CA,鐵線段,330.00,非都市：一般農業區 ; 非都市編定：甲種建築用地,1,1,全筆移轉,05960000
RPPNMLOLIINFFAX86CA,北極段,44.58,非都市： ; 非都市編定：,1,1,全筆移轉,06310001
RPQNMLMLIINFFAX86DA,龍門南段,133.81,非都市：一般農業區 ; 非都市編定：農牧用地,20,2,持分移轉,04200000
RPQNMLOLIINFFAX96CA,興崁段,300.35,非都市：一般農業區 ; 非都市編定：農牧用地,900,194,持分移轉,04850000
RPQNMLOLIINFFAX96CA,興崁段,272.48,非都市：一般農業區 ; 非都市編定：農牧用地,900,176,持分移轉,04850000
RPQNMLOLIINFFAX96CA,興崁段,272.48,非都市：一般農業區 ; 非都市編定：農牧用地,900,176,持分移轉,04850000
RPQNMLOLIINFFAX96CA,興崁段,300.35,非都市：一般農業區 ; 非都市編定：農牧用地,900,194,持分移轉,04850000
RPRNMLOLIINFFAX07CA,興崁段,236.75,非都市：一般農業區 ; 非都市編定：農牧用地,900,302,持分移轉,04890000
RPRNMLOLIINFFAX07CA,興崁段,236.75,非都市：一般農業區 ; 非都市編定：農牧用地,900,302,持分移轉,04890000
RPRNMLOLIINFFAX07CA,興崁段,232.05,非都市：一般農業區 ; 非都市編定：農牧用地,900,296,持分移轉,04890000
RPROMLPLIINFFAX27CA,湖東新段,23.24,非都市：一般農業區 ; 非都市編定：交通用地,1,1,全筆移轉,01470000
RPROMLPLIINFFAX27CA,湖東新段,53.72,非都市：一般農業區 ; 非都市編定：農牧用地,1,1,全筆移轉,01480000
RPROMLPLIINFFAX27CA,湖東新段,121.01,非都市：鄉村區 ; 非都市編定：乙種建築用地,1,1,全筆移轉,01500000
RPSNMLMLIINFFAX96CA,東澳段,82.80,非都市： ; 非都市編定：,2,1,持分移轉,08700000
RPSNMLMLIINFFAX96CA,東澳段,82.80,非都市： ; 非都市編定：,2,1,持分移轉,08700000
RPSNMLMLIINFFAX96CA,東澳段,7.03,非都市： ; 非都市編定：,2,1,持分移轉,08710000
RPSNMLMLIINFFAX96CA,東澳段,7.03,非都市： ; 非都市編定：,2,1,持分移轉,08710000
RPPNMLKMIINFFAX56CA,湖東新段,93.13,非都市：鄉村區 ; 非都市編定：乙種建築用地,1,1,全筆移轉,00960000
RPQNMLQLIINFFAX27DA,赤馬一段,173.10,非都市：鄉村區 ; 非都市編定：乙種建築用地,1,1,全筆移轉,04640000
RPSNMLOKJINFFAX17CA,興仁段,198.59,非都市：一般農業區 ; 非都市編定：農牧用地,1000,190,持分移轉,08320000
RPSNMLOKJINFFAX17CA,興仁段,150.51,非都市：一般農業區 ; 非都市編定：農牧用地,1000,144,持分移轉,08320000
RPSNMLOKJINFFAX17CA,興仁段,162.00,非都市：一般農業區 ; 非都市編定：農牧用地,1000,155,持分移轉,08320000
RPSNMLOKJINFFAX17CA,興仁段,168.28,非都市：一般農業區 ; 非都市編定：農牧用地,1000,161,持分移轉,08320000
RPSNMLOKJINFFAX17CA,興仁段,162.00,非都市：一般農業區 ; 非都市編定：農牧用地,1000,155,持分移轉,08320000
RPSNMLOKJINFFAX17CA,興仁段,203.81,非都市：一般農業區 ; 非都市編定：農牧用地,1000,195,持分移轉,08320000
RPSNMLOKJINFFAX17CA,興仁段,43.56,非都市：一般農業區 ; 非都市編定：交通用地,12,1,持分移轉,08320004
RPSNMLOKJINFFAX17CA,興仁段,43.56,非都市：一般農業區 ; 非都市編定：交通用地,12,1,持分移轉,08320004
RPSNMLOKJINFFAX17CA,興仁段,43.56,非都市：一般農業區 ; 非都市編定：交通用地,12,1,持分移轉,08320004
RPSNMLOKJINFFAX17CA,興仁段,43.56,非都市：一般農業區 ; 非都市編定：交通用地,12,1,持分移轉,08320004
RPSNMLOKJINFFAX17CA,興仁段,43.56,非都市：一般農業區 ; 非都市編定：交通用地,12,1,持分移轉,08320004
RPSNMLOKJINFFAX17CA,興仁段,43.56,非都市：一般農業區 ; 非都市編定：交通用地,12,1,持分移轉,08320004
RPSNMLLMIINFFAX07DA,講美段,118.22,非都市：鄉村區 ; 非都市編定：乙種建築用地,12,10,持分移轉,05600000
RPSNMLLMIINFFAX07DA,講美段,141.71,非都市：鄉村區 ; 非都市編定：乙種建築用地,12,10,持分移轉,05610000
RPPOMLTJNHOFFAX87DA,文光段,26.85,非都市： ; 非都市編定：,100000,324,持分移轉,00200000
RPPOMLTJNHOFFAX87DA,文光段,3.47,非都市： ; 非都市編定：,100000,324,持分移轉,00540000
RPTNMLOKJINFFAX27CA,烏崁新段,368.02,非都市：一般農業區 ; 非都市編定：農牧用地,3,1,持分移轉,12840000
RPTNMLPJJINFFAX27CA,五福段,11.75,非都市：鄉村區 ; 非都市編定：乙種建築用地,18,1,持分移轉,09690000
RPTNMLPJJINFFAX27CA,五福段,23.23,非都市：鄉村區 ; 非都市編定：乙種建築用地,18,1,持分移轉,09700000
RPPNMLTJJINFFAX27CA,馬公段,28.00,非都市： ; 非都市編定：,2,1,持分移轉,13850000
RPRNMLPJJINFFAX07CA,五福段,7.01,非都市：鄉村區 ; 非都市編定：乙種建築用地,36,1,持分移轉,04490000
RPRNMLPJJINFFAX07CA,五福段,10.88,非都市：鄉村區 ; 非都市編定：乙種建築用地,18,1,持分移轉,04840000
RPRNMLPJJINFFAX07CA,五福段,18.31,非都市：鄉村區 ; 非都市編定：乙種建築用地,18,1,持分移轉,09310000
RPTNMLLJJINFFAX86CA,龍門南段,234.22,非都市：一般農業區 ; 非都市編定：農牧用地,1,1,全筆移轉,09650000
RPPNMLQLIINFFAX07CA,文寮段,50.06,非都市：一般農業區 ; 非都市編定：農牧用地,1,1,全筆移轉,11320000
RPOOMLPLIINFFAX96CA,五福段,390.09,非都市：一般農業區 ; 非都市編定：農牧用地,1,1,全筆移轉,05250002
RPQNMLPJJINFFAX96CA,雙湖段,932.07,非都市：一般農業區 ; 非都市編定：農牧用地,131754,93207,持分移轉,10450000
RPSNMLLJJINFFAX86DA,文石段,232.32,非都市：一般農業區 ; 非都市編定：甲種建築用地,1,1,全筆移轉,04970012
RPPOMLPLIINFFAX07CA,五福段,390.09,非都市：一般農業區 ; 非都市編定：農牧用地,1,1,全筆移轉,05250000
RPPNMLPJJINFFAX86CA,講美段,269.08,非都市：風景區 ; 非都市編定：農牧用地,1,1,全筆移轉,01870001
RPPNMLPJJINFFAX86CA,講美段,273.95,非都市：風景區 ; 非都市編定：農牧用地,1,1,全筆移轉,01870000
RPRNMLTLIINFFAX57CA,鐵線段,19.00,非都市：鄉村區 ; 非都市編定：乙種建築用地,1,1,全筆移轉,09100000
RPRNMLTLIINFFAX57CA,鐵線段,3.69,非都市：鄉村區 ; 非都市編定：乙種建築用地,1,1,全筆移轉,09100001
RPRNMLTLIINFFAX57CA,鐵線段,126.21,非都市：鄉村區 ; 非都市編定：乙種建築用地,1,1,全筆移轉,09610000
RPRNMLTLIINFFAX57CA,鐵線段,112.48,非都市：鄉村區 ; 非都市編定：乙種建築用地,1,1,全筆移轉,09610001
RPRNMLTLIINFFAX57CA,鐵線段,45.67,非都市：鄉村區 ; 非都市編定：乙種建築用地,1,1,全筆移轉,09610002
RPRNMLLJJINFFAX66CA,山水西段,400.17,非都市：一般農業區 ; 非都市編定：農牧用地,1,1,全筆移轉,05080001
RPPNMLLJJINFFAX09CA,文化段,64.17,非都市： ; 非都市編定：,1,1,全筆移轉,02550001
RPQNMLMKJINFFAX86DA,吉貝東段,58.38,非都市：鄉村區 ; 非都市編定：乙種建築用地,1,1,全筆移轉,09240000
RPQNMLLJJINFFAX66DA,光榮段,82.84,非都市： ; 非都市編定：,1,1,全筆移轉,07160000
RPPNMLNJJINFFAX76DA,文石段,115.97,非都市：一般農業區 ; 非都市編定：甲種建築用地,1,1,全筆移轉,04970013
RPQNMLNJJINFFAX76CA,文東段,594.65,非都市：一般農業區 ; 非都市編定：農牧用地,1,1,全筆移轉,06140001
RPRNMLSLJINFFAX57CA,五福段,231.35,非都市：一般農業區 ; 非都市編定：農牧用地,10000,1156,持分移轉,08830000
RPRNMLSLJINFFAX57CA,五福段,231.35,非都市：一般農業區 ; 非都市編定：農牧用地,10000,1156,持分移轉,08830000
RPRNMLSLJINFFAX57CA,五福段,231.35,非都市：一般農業區 ; 非都市編定：農牧用地,10000,1156,持分移轉,08830000
RPRNMLSLJINFFAX57CA,五福段,315.61,非都市：一般農業區 ; 非都市編定：農牧用地,10000,1577,持分移轉,08830000
RPRNMLSLJINFFAX57CA,五福段,231.35,非都市：一般農業區 ; 非都市編定：農牧用地,10000,1156,持分移轉,08830000
RPRNMLSLJINFFAX57CA,五福段,231.35,非都市：一般農業區 ; 非都市編定：農牧用地,10000,1156,持分移轉,08830000
RPRNMLSLJINFFAX57CA,五福段,264.37,非都市：一般農業區 ; 非都市編定：農牧用地,10000,1321,持分移轉,08830000
RPTNMLRJJINFFAX47CA,春暉段,280.97,非都市： ; 非都市編定：,1,1,全筆移轉,06200000
RPSNMLRJJINFFAX37CA,五福段,173.56,非都市：一般農業區 ; 非都市編定：農牧用地,10000,1872,持分移轉,05260000
RPSNMLRJJINFFAX37CA,五福段,173.56,非都市：一般農業區 ; 非都市編定：農牧用地,10000,1872,持分移轉,05260000
RPRNMLNKJINFFAX96CA,通梁東段,1331.78,非都市：一般農業區 ; 非都市編定：農牧用地,1,1,全筆移轉,01810000
RPRNMLNKJINFFAX96CA,通梁東段,202.40,非都市：一般農業區 ; 非都市編定：農牧用地,1,1,全筆移轉,01850000
RPRNMLNKJINFFAX96CA,通梁東段,714.34,非都市：一般農業區 ; 非都市編定：農牧用地,1,1,全筆移轉,01860000
RPRNMLNKJINFFAX96CA,通梁東段,231.89,非都市：一般農業區 ; 非都市編定：農牧用地,1,1,全筆移轉,01870000
RPRNMLNKJINFFAX96CA,通梁東段,140.31,非都市：一般農業區 ; 非都市編定：農牧用地,1,1,全筆移轉,01880000
RPPNMLRJJINFFAX07CA,埕東段,.49,非都市： ; 非都市編定：,10000,60,持分移轉,03750000
RPPNMLRJJINFFAX07CA,埕東段,12.00,非都市： ; 非都市編定：,10000,60,持分移轉,03780000
RPSNMLPJJINFFAX17CA,鎖港南段,107.20,非都市： ; 非都市編定：,1,1,全筆移轉,07850000
RPQNMLRJJINFFAX27DA,五福段,2776.61,非都市：一般農業區 ; 非都市編定：農牧用地,1,1,全筆移轉,08070000
RPUNMLPJJINFFAX37CA,文寮段,898.96,非都市：一般農業區 ; 非都市編定：農牧用地,1,1,全筆移轉,04270000
RPPNMLNKJINFFAX76CA,西溪新段,32.04,非都市：鄉村區 ; 非都市編定：乙種建築用地,5,1,持分移轉,08110000
RPPNMLNKJINFFAX76CA,西溪新段,12.68,非都市：鄉村區 ; 非都市編定：乙種建築用地,10,1,持分移轉,08120000
RPQNMLNJKINFFAX96DA,二崁南段,1697.76,非都市：風景區 ; 非都市編定：農牧用地,1,1,全筆移轉,14350000
RPPNMLMKJINFFAX66CA,馬公段,114.00,非都市： ; 非都市編定：,1,1,全筆移轉,01000035
RPPNMLOJKINFFAX86CA,沙港南段,210.02,非都市：一般農業區 ; 非都市編定：農牧用地,10,1,持分移轉,03520000
RPPNMLOJKINFFAX86CA,沙港南段,49.02,非都市：一般農業區 ; 非都市編定：甲種建築用地,10,1,持分移轉,03530000
RPWNMLTJNHOFFAX38CA,西澳段,4.43,非都市： ; 非都市編定：,14,1,持分移轉,07780000
RPWNMLTJNHOFFAX38CA,西澳段,2.93,非都市： ; 非都市編定：,14,1,持分移轉,07790000
RPWNMLTJNHOFFAX38CA,西澳段,23.92,非都市： ; 非都市編定：,14,1,持分移轉,07800000
