﻿鄉鎮市區,交易標的,土地位置建物門牌,土地移轉總面積平方公尺,都市土地使用分區,非都市土地使用分區,非都市土地使用編定,交易年月日,交易筆棟數,移轉層次,總樓層數,建物型態,主要用途,主要建材,建築完成年月,建物移轉總面積平方公尺,建物現況格局-房,建物現況格局-廳,建物現況格局-衛,建物現況格局-隔間,有無管理組織,總價元,單價元平方公尺,車位類別,車位移轉總面積(平方公尺),車位總價元,備註,編號,主建物面積,附屬建物面積,陽台面積,電梯,移轉編號
The villages and towns urban district,transaction sign,land sector position building sector house number plate,land shifting total area square meter,the use zoning or compiles and checks,the non-metropolis land use district,non-metropolis land use,transaction year month and day,transaction pen number,shifting level,total floor number,building state,main use,main building materials,construction to complete the years,building shifting total area,Building present situation pattern - room,building present situation pattern - hall,building present situation pattern - health,building present situation pattern - compartmented,Whether there is manages the organization,total price NTD,the unit price (NTD / square meter),the berth category,berth shifting total area square meter,the berth total price NTD,the note,serial number,,,,,
馬公市,房地(土地+建物),澎湖縣馬公市東衛113號,319.99,,鄉村區,乙種建築用地,1070625,土地1建物1車位0,全,一層,透天厝,,,0290101,75.6,1,1,0,有,無,6000000,79365,,0.0,0,,RPPNMLRKQHNFFAX77CA,75.6,0.0,0.0,,
馬公市,土地,北極段663地號,713.62,住,,,1070702,土地1建物0車位0,,,其他,,,,0.0,0,0,0,有,無,9826800,13770,,0.0,0,,RPQNMLMLQHNFFAX47CA,0.0,0.0,0.0,,
馬公市,土地,北澳段18-9地號,173.45,,一般農業區,甲種建築用地,1070629,土地3建物0車位0,,,其他,,,,0.0,0,0,0,有,無,8980000,51773,,0.0,0,變更起造人，含未來興建房屋之費用,RPQNMLRKQHNFFAX87CA,0.0,0.0,0.0,,
湖西鄉,土地,南寮北段1670地號,612.22,,一般農業區,農牧用地,1070718,土地1建物0車位0,,,其他,,,,0.0,0,0,0,有,無,2220000,3626,,0.0,0,,RPTNMLOKQHNFFAX87CA,0.0,0.0,0.0,,
西嶼鄉,土地,大池段1116地號,366.69,,一般農業區,農牧用地,1070808,土地1建物0車位0,,,其他,,,,0.0,0,0,0,有,無,270000,736,,0.0,0,賣方賣清價,RPUNMLOKQHNFFAX97CA,0.0,0.0,0.0,,
馬公市,房地(土地+建物),澎湖縣馬公市東衛１９８號,100.98,,鄉村區,乙種建築用地,1070803,土地1建物1車位0,全,四層,透天厝,住家用,鋼筋混凝土造,0850112,200.1,3,2,3,有,無,5200000,25987,,0.0,0,,RPPNMLSLQHNFFAX97CA,187.74,12.36,0.0,,
七美鄉,房地(土地+建物),澎湖縣七美鄉南滬３５之３號,279.24,,鄉村區,乙種建築用地,1070509,土地1建物1車位0,全,二層,透天厝,住商用,鋼筋混凝土加強磚造,0710222,339.98,4,3,2,有,無,5000000,14707,,0.0,0,,RPSNMLLMQHNFFAX67CA,339.98,0.0,0.0,,
湖西鄉,土地,青螺新段1272地號,970.22,,一般農業區,農牧用地,1070808,土地1建物0車位0,,,其他,,,,0.0,0,0,0,有,無,880000,907,,0.0,0,含土地增值稅230000元,RPRNMLLMQHNFFAX67DA,0.0,0.0,0.0,,
馬公市,土地,虎井段1257-2地號,129.0,,鄉村區,乙種建築用地,1070712,土地1建物0車位0,,,其他,,,,0.0,0,0,0,有,無,1444800,11200,,0.0,0,向政府機關承購之案件。；,RPRNMLLLQHNFFAX67EA,0.0,0.0,0.0,,
馬公市,土地,安宅段929-4地號,1339.49,,一般農業區,農牧用地,1070803,土地5建物0車位0,,,其他,,,,0.0,0,0,0,有,無,55920000,41747,,0.0,0,權利人數：7人變更起造人，含未來興建房屋之費用,RPSOMLKMQHNFFAX67CA,0.0,0.0,0.0,,
馬公市,土地,埕東段232地號,641.37,住,,,1070810,土地2建物0車位0,,,其他,,,,0.0,0,0,0,有,無,82020000,127883,,0.0,0,,RPQNMLLMQHNFFAX47CA,0.0,0.0,0.0,,
馬公市,土地,井垵西段1372地號,1017.2,,一般農業區,農牧用地,1070731,土地2建物0車位0,,,其他,,,,0.0,0,0,0,有,無,1450000,1425,,0.0,0,,RPSNMLQKQHNFFAX97CA,0.0,0.0,0.0,,
湖西鄉,土地,葉新段2555地號,1857.81,,一般農業區,農牧用地,1070803,土地1建物0車位0,,,其他,,,,0.0,0,0,0,有,無,4730000,2546,,0.0,0,,RPSNMLTLQHNFFAX38CA,0.0,0.0,0.0,,
馬公市,房地(土地+建物),澎湖縣馬公市後窟潭３９之１０號五樓之一,43.94,,鄉村區,乙種建築用地,1070720,土地1建物1車位0,五層,五層,華廈(10層含以下有電梯),集合住宅,鋼筋混凝土造,1070601,147.28,3,2,2,有,有,5800000,39381,,0.0,0,,RPUNMLSLRHNFFAX58CA,91.86,9.49,0.0,,
馬公市,房地(土地+建物),澎湖縣馬公市後窟潭３９之１０號四樓之一,43.94,,鄉村區,乙種建築用地,1070720,土地1建物1車位0,四層,五層,華廈(10層含以下有電梯),集合住宅,鋼筋混凝土造,1070601,147.28,3,2,2,有,有,5800000,39381,,0.0,0,,RPVNMLSLRHNFFAX68CA,91.86,9.49,0.0,,
馬公市,房地(土地+建物),澎湖縣馬公市後窟潭３９之１０號二樓之一,43.94,,鄉村區,乙種建築用地,1070720,土地1建物1車位0,二層,五層,華廈(10層含以下有電梯),集合住宅,鋼筋混凝土造,1070601,147.28,3,2,2,有,有,5800000,39381,,0.0,0,,RPSNMLSLRHNFFAX38CA,91.86,9.49,0.0,,
馬公市,房地(土地+建物),澎湖縣馬公市後窟潭３９之１０號三樓之二,43.94,,鄉村區,乙種建築用地,1070720,土地1建物1車位0,三層,五層,華廈(10層含以下有電梯),集合住宅,鋼筋混凝土造,1070601,147.52,3,2,2,有,有,5800000,39317,,0.0,0,,RPTNMLSLRHNFFAX48CA,92.1,9.49,0.0,,
馬公市,房地(土地+建物),澎湖縣馬公市後窟潭３９之１０號五樓之二,43.94,,鄉村區,乙種建築用地,1070720,土地1建物1車位0,五層,五層,華廈(10層含以下有電梯),集合住宅,鋼筋混凝土造,1070601,147.52,3,2,2,有,有,5600000,37961,,0.0,0,,RPWNMLSLRHNFFAX78CA,92.1,9.49,0.0,,
馬公市,房地(土地+建物)+車位,澎湖縣馬公市貿商街１２２號三樓之五,28.45,住,,,1070627,土地2建物1車位1,三層,十四層,住宅大樓(11層含以上有電梯),集合住宅,鋼筋混凝土造,0950710,173.55,3,1,2,有,無,4680000,26966,坡道平面,0.0,0,,RPQNMLLLQHNFFAX37CA,95.13,0.0,11.16,,
馬公市,土地,案山段823地號,234.0,住,,,1070711,土地1建物0車位0,,,其他,,,,0.0,0,0,0,有,無,7000000,29915,,0.0,0,,RPPNMLMLQHNFFAX37CA,0.0,0.0,0.0,,
馬公市,房地(土地+建物),澎湖縣馬公市光復路５９號六樓之１,19.98,住,,,1070801,土地1建物1車位0,六層,七層,華廈(10層含以下有電梯),住家用,鋼筋混凝土造,0811202,141.89,4,1,2,有,無,5500000,38762,,0.0,0,,RPPNMLLMQHNFFAX37CA,108.72,0.0,0.0,,
馬公市,土地,山水南段310地號,915.2,,一般農業區,農牧用地,1070813,土地2建物0車位0,,,其他,,,,0.0,0,0,0,有,無,8308200,9078,,0.0,0,地籍清理標售,RPPNMLLKRHNFFAX27CA,0.0,0.0,0.0,,
馬公市,房地(土地+建物),澎湖縣馬公市後窟潭３９之１０號三樓之一,43.94,,鄉村區,乙種建築用地,1070720,土地1建物1車位0,三層,五層,華廈(10層含以下有電梯),集合住宅,鋼筋混凝土造,1070601,147.28,3,2,2,有,有,5800000,39381,,0.0,0,,RPXNMLSLRHNFFAX88CA,91.86,9.49,0.0,,
馬公市,房地(土地+建物),澎湖縣馬公市雙頭掛１０４號,359.33,,一般農業區,農牧用地,1070723,土地16建物1車位0,全,一層,透天厝,住家用,造,0180101,3.29,0,0,0,無,無,400000,121581,,0.0,0,親友、員工或其他特殊關係間之交易。；,RPXNMLOJRHNFFAX28CA,0.0,0.0,0.0,,
馬公市,房地(土地+建物),澎湖縣馬公市後窟潭2之17號,62.12,,鄉村區,乙種建築用地,1070810,土地1建物1車位0,全,三層,透天厝,住家用,鋼筋混凝土加強磚造,0701210,116.6,2,1,2,有,無,3200000,27444,,0.0,0,,RPPNMLOLQHNFFAX57CA,116.6,0.0,0.0,,
馬公市,土地,中衛段827地號,1149.52,農,,,1070719,土地1建物0車位0,,,其他,,,,0.0,0,0,0,有,無,19646000,17091,,0.0,0,,RPSNMLOLQHNFFAX87CA,0.0,0.0,0.0,,
西嶼鄉,土地,大池段1241地號,265.0,,一般農業區,甲種建築用地,1070710,土地1建物0車位0,,,其他,,,,0.0,0,0,0,有,無,1600000,6038,,0.0,0,,RPROMLKMQHNFFAX57CA,0.0,0.0,0.0,,
馬公市,房地(土地+建物)+車位,澎湖縣馬公市朝陽路７３號六樓之一,26.64,住,,,1070724,土地4建物1車位1,六層,七層,華廈(10層含以下有電梯),住家用,鋼筋混凝土造,0830509,150.34,3,2,2,有,無,4900000,32593,坡道機械,0.0,0,,RPUOMLOKNHOFFAX87CA,104.72,8.5,0.0,,
馬公市,土地,安宅段1313地號,133.36,,鄉村區,乙種建築用地,1070810,土地1建物0車位0,,,其他,,,,0.0,0,0,0,有,無,800160,6000,,0.0,0,親友、員工或其他特殊關係間之交易。；,RPPNMLRLQHNFFAX97DA,0.0,0.0,0.0,,
馬公市,土地,光華段290地號,1165.1,,一般農業區,農牧用地,1070809,土地1建物0車位0,,,其他,,,,0.0,0,0,0,有,無,3520000,3021,,0.0,0,,RPXNMLKMQHNFFAX08CA,0.0,0.0,0.0,,
馬公市,土地,文石段1397地號,276.48,住,,,1070809,土地1建物0車位0,,,其他,,,,0.0,0,0,0,有,無,12550000,45392,,0.0,0,,RPQNMLRLQHNFFAX97CA,0.0,0.0,0.0,,
七美鄉,土地,大嶼段4071-2地號,67.0,,鄉村區,乙種建築用地,1070601,土地1建物0車位0,,,其他,,,,0.0,0,0,0,有,無,140700,2100,,0.0,0,親友、員工或其他特殊關係間之交易。；,RPRNMLRLQHNFFAX08CA,0.0,0.0,0.0,,
馬公市,房地(土地+建物),澎湖縣馬公市中華路１５之５號,281.0,商,,,1070605,土地1建物1車位0,一層,一層,店面(店鋪),商業用,鋼骨構造,1040209,123.08,0,0,0,無,無,36000000,292493,,0.0,0,,RPRNMLRJRHNFFAX97CA,123.08,0.0,0.0,,
馬公市,建物,澎湖縣馬公市中華路１５之６號,0.0,,,,1070605,土地0建物1車位0,一層,一層,店面(店鋪),商業用,鋼骨構造,1040209,93.95,0,0,0,無,無,0,0,,0.0,0,價格記載於標的1,SPRNMLRJRHNFFAX08CA,0.0,0.0,0.0,,
馬公市,土地,案山段207地號,202.72,住,,,1070807,土地3建物0車位0,,,其他,,,,0.0,0,0,0,有,無,7360000,36306,,0.0,0,,RPQNMLOJRHNFFAX57CA,0.0,0.0,0.0,,
馬公市,土地,六合段163-13地號,144.32,,一般農業區,交通用地,1070822,土地1建物0車位0,,,其他,,,,0.0,0,0,0,有,無,3030720,21000,,0.0,0,協議價購一般農業區農牧用地21000元/M2,RPQNMLSLQHNFFAX08CA,0.0,0.0,0.0,,
馬公市,房地(土地+建物),澎湖縣馬公市永興街１０號,50.0,商,,,1070720,土地1建物1車位0,全,四層,透天厝,住商用,鋼筋混凝土造,0710702,162.91,4,3,4,有,無,9200000,56473,,0.0,0,,RPPNMLTLQHNFFAX08CA,162.91,0.0,0.0,,
馬公市,土地,興仁段833地號,1019.83,,一般農業區,農牧用地,1070822,土地1建物0車位0,,,其他,,,,0.0,0,0,0,有,無,36200000,35496,,0.0,0,權利人數5人農變建變更起造人含未來興建房屋之費用,RPPNMLRKRHNFFAX87CA,0.0,0.0,0.0,,
馬公市,房地(土地+建物),澎湖縣馬公市長安里永興街14號,47.0,商,,,1070730,土地1建物1車位0,一層，二層，三層，四層，地下層,四層,店面(店鋪),住商用,鋼筋混凝土造,0710702,154.59,5,2,4,有,無,12880000,83317,,0.0,0,,RPRNMLPLRHNFFAX08DA,154.59,0.0,0.0,,
白沙鄉,土地,後寮段948地號,504.0,,一般農業區,農牧用地,1070820,土地1建物0車位0,,,其他,,,,0.0,0,0,0,有,無,600000,1190,,0.0,0,親友、員工或其他特殊關係間之交易。；,RPSNMLRLQHNFFAX28DA,0.0,0.0,0.0,,
馬公市,土地,馬公段688-2地號,13.0,商,,,1070821,土地1建物0車位0,,,其他,,,,0.0,0,0,0,有,無,1196000,92000,,0.0,0,向政府機關承購之案件。；,RPSNMLSLQHNFFAX48EA,0.0,0.0,0.0,,
馬公市,土地,埕西段358-2地號,54.46,住,,,1070808,土地2建物0車位0,,,其他,,,,0.0,0,0,0,有,無,2290000,42049,,0.0,0,親友、員工或其他特殊關係間之交易。；,RPPNMLKMQHNFFAX27CA,0.0,0.0,0.0,,
馬公市,土地,山水南段42-1地號,359.77,,,,1070815,土地1建物0車位0,,,其他,,,,0.0,0,0,0,有,無,1060000,2946,,0.0,0,,RPOOMLOJRHNFFAX47CA,0.0,0.0,0.0,,
馬公市,房地(土地+建物),澎湖縣馬公市後窟潭３９之１０號四樓之二,43.94,,鄉村區,乙種建築用地,1070720,土地1建物1車位0,四層,五層,華廈(10層含以下有電梯),集合住宅,鋼筋混凝土造,1070601,147.52,3,2,2,有,有,5600000,37961,,0.0,0,,RPOOMLSLRHNFFAX08CA,92.1,9.49,0.0,,
馬公市,房地(土地+建物)+車位,澎湖縣馬公市東文澳１２３之１號,14.78,,鄉村區,乙種建築用地,1070817,土地1建物1車位4,一層,九層,華廈(10層含以下有電梯),旅館,鋼筋混凝土造,1070620,146.35,1,0,1,有,無,5280000,60483,坡道平面,92.12,2000000,土地及建物分次登記案件，前案土地 含土地款131萬、車位4個、車位土地款80萬，此案為合建分售案,RPPNMLNKRHNFFAX47CA,30.94,2.88,0.0,,
馬公市,房地(土地+建物)+車位,澎湖縣馬公市東文澳１２３之２號,15.05,,鄉村區,乙種建築用地,1070817,土地1建物1車位3,一層,九層,華廈(10層含以下有電梯),旅館,鋼筋混凝土造,1070620,124.53,1,0,1,有,無,5870000,78824,坡道平面,69.09,1500000,土地及建物分次登記案件，前案土地含土地款175萬、車位3個、車位土地款60萬，此案為合建分售案,RPQNMLNKRHNFFAX57CA,34.58,0.0,0.0,,
馬公市,房地(土地+建物),澎湖縣馬公市東文澳１２３之１號四樓之五,16.69,,鄉村區,乙種建築用地,1070817,土地1建物1車位0,四層,九層,華廈(10層含以下有電梯),旅館,鋼筋混凝土造,1070620,62.59,1,0,1,有,無,3800000,60713,,0.0,0,土地及建物分次登記案件，前案土地含土地款152萬，此案為合建分售案,RPRNMLNKRHNFFAX67CA,33.33,5.71,0.0,,
馬公市,房地(土地+建物),澎湖縣馬公市東文澳１２３之１號四樓之三,14.5,,鄉村區,乙種建築用地,1070817,土地1建物1車位0,四層,九層,華廈(10層含以下有電梯),旅館,鋼筋混凝土造,1070620,54.239999999999995,1,0,1,有,無,3800000,70059,,0.0,0,土地及建物分次登記案件，前案土地含土地款152萬，此案為合建分售案,RPSNMLNKRHNFFAX77CA,28.91,4.92,0.0,,
馬公市,房地(土地+建物),澎湖縣馬公市東文澳１２３之１號四樓之二,14.5,,鄉村區,乙種建築用地,1070817,土地1建物1車位0,四層,九層,華廈(10層含以下有電梯),旅館,鋼筋混凝土造,1070620,54.239999999999995,1,0,1,有,無,3800000,70059,,0.0,0,土地及建物分次登記案件，前案土地含土地款152萬，此案為合建分售案,RPTNMLNKRHNFFAX87CA,28.91,4.92,0.0,,
馬公市,房地(土地+建物),澎湖縣馬公市東文澳１２３之１號四樓之九,16.23,,鄉村區,乙種建築用地,1070817,土地1建物1車位0,四層,九層,華廈(10層含以下有電梯),旅館,鋼筋混凝土造,1070620,60.81,1,0,1,有,無,3800000,62490,,0.0,0,土地及建物分次登記案件，前案土地含土地款152萬，此案為合建分售案,RPUNMLNKRHNFFAX97CA,33.14,4.79,0.0,,
馬公市,房地(土地+建物),澎湖縣馬公市東文澳１２３之１號四樓之八,14.5,,鄉村區,乙種建築用地,1070817,土地1建物1車位0,四層,九層,華廈(10層含以下有電梯),旅館,鋼筋混凝土造,1070620,54.239999999999995,1,0,1,有,無,3800000,70059,,0.0,0,土地及建物分次登記案件，前案土地含土地款152萬，此案為合建分售案,RPVNMLNKRHNFFAX08CA,28.91,4.92,0.0,,
馬公市,房地(土地+建物),澎湖縣馬公市東文澳１２３之１號四樓之七,14.5,,鄉村區,乙種建築用地,1070817,土地1建物1車位0,四層,九層,華廈(10層含以下有電梯),旅館,鋼筋混凝土造,1070620,54.239999999999995,1,0,1,有,無,3800000,70059,,0.0,0,土地及建物分次登記案件，前案土地含土地款152萬，此案為合建分售案,RPWNMLNKRHNFFAX18CA,28.91,4.92,0.0,,
馬公市,房地(土地+建物),澎湖縣馬公市東文澳１２３之１號四樓之六,16.69,,鄉村區,乙種建築用地,1070817,土地1建物1車位0,四層,九層,華廈(10層含以下有電梯),旅館,鋼筋混凝土造,1070620,62.59,1,0,1,有,無,3800000,60713,,0.0,0,土地及建物分次登記案件，前案土地含土地款152萬，此案為合建分售案,RPXNMLNKRHNFFAX28CA,33.33,5.71,0.0,,
馬公市,房地(土地+建物),澎湖縣馬公市東文澳１２３之１號四樓之一,15.41,,鄉村區,乙種建築用地,1070817,土地1建物1車位0,四層,九層,華廈(10層含以下有電梯),旅館,鋼筋混凝土造,1070620,57.94,1,0,1,有,無,3800000,65585,,0.0,0,土地及建物分次登記案件，前案土地含土地款152萬，此案為合建分售案,RPOOMLNKRHNFFAX47CA,31.35,4.79,0.0,,
馬公市,房地(土地+建物)+車位,澎湖縣馬公市東文澳１２３之１號九樓,23.17,,鄉村區,乙種建築用地,1070817,土地1建物1車位3,九層,九層,華廈(10層含以下有電梯),旅館,鋼筋混凝土造,1070620,155.05,1,0,1,有,無,7790000,69684,一樓平面,69.09,1800000,土地及建物分次登記案件，前案土地含土地款240萬、一樓平面車位3個、車位土地款72萬，此案為合建分售案,RPPOMLNKRHNFFAX57CA,53.62,0.0,0.0,,
馬公市,土地,馬公段1758-4地號,100.0,住,,,1070730,土地2建物0車位0,,,其他,,,,0.0,0,0,0,有,無,4547800,45478,,0.0,0,親友、員工或其他特殊關係間之交易。；含增建或未登記建物。；,RPRNMLQJRHNFFAX87CA,0.0,0.0,0.0,,
七美鄉,土地,大嶼段748地號,193.33,,鄉村區,乙種建築用地,1070822,土地1建物0車位0,,,其他,,,,0.0,0,0,0,有,無,1000000,5173,,0.0,0,,RPVNMLKMQHNFFAX87CA,0.0,0.0,0.0,,
馬公市,土地,鎖港南段377-3地號,181.46,,一般農業區,農牧用地,1070828,土地1建物0車位0,,,其他,,,,0.0,0,0,0,有,無,8700000,47944,,0.0,0,農變建變更起造人，含未來興建房屋之費用,RPPNMLNJRHNFFAX37CA,0.0,0.0,0.0,,
馬公市,土地,鎖港南段377地號,181.45,,一般農業區,農牧用地,1070828,土地1建物0車位0,,,其他,,,,0.0,0,0,0,有,無,9200000,50703,,0.0,0,農變建變更起造人，含未來興建房屋之費用,RPQNMLNJRHNFFAX47CA,0.0,0.0,0.0,,
西嶼鄉,土地,大池段405地號,332.62,,一般農業區,農牧用地,1070820,土地1建物0車位0,,,其他,,,,0.0,0,0,0,有,無,955795,2874,,0.0,0,,RPRNMLNJRHNFFAX57CA,0.0,0.0,0.0,,
馬公市,房地(土地+建物),澎湖縣馬公市信義路２７號,60.0,住,,,1070810,土地1建物1車位0,全,二層,透天厝,住家用,鋼筋混凝土加強磚造,0660829,81.96,3,1,1,有,無,6500000,79307,,0.0,0,,RPPNMLQLRHNFFAX87CA,81.96,0.0,0.0,,
馬公市,房地(土地+建物),澎湖縣馬公市東文澳１２３之１號二樓之九,16.23,,鄉村區,乙種建築用地,1070817,土地1建物1車位0,二層,九層,華廈(10層含以下有電梯),旅館,鋼筋混凝土造,1070620,60.81,1,0,1,有,無,3800000,62490,,0.0,0,土地及建物分次登記案件，前案土地含土地款152萬，此案為合建分售案,RPQOMLNKRHNFFAX67CA,33.14,4.79,0.0,,
馬公市,房地(土地+建物),澎湖縣馬公市東文澳１２３之１號二樓之一,15.41,,鄉村區,乙種建築用地,1070817,土地1建物1車位0,二層,九層,華廈(10層含以下有電梯),旅館,鋼筋混凝土造,1070620,57.94,1,0,1,有,無,3800000,65585,,0.0,0,土地及建物分次登記案件，前案土地含土地款152萬，此案為合建分售案,RPROMLNKRHNFFAX77CA,31.35,4.79,0.0,,
馬公市,房地(土地+建物),澎湖縣馬公市東文澳１２３之１號二樓之二,13.59,,鄉村區,乙種建築用地,1070817,土地1建物1車位0,二層,九層,華廈(10層含以下有電梯),旅館,鋼筋混凝土造,1070620,50.97,1,0,1,有,無,3800000,74554,,0.0,0,土地及建物分次登記案件，前案土地含土地款152萬，此案為合建分售案,RPSOMLNKRHNFFAX87CA,28.91,2.88,0.0,,
馬公市,房地(土地+建物),澎湖縣馬公市東文澳１２３之１號二樓之七,14.5,,鄉村區,乙種建築用地,1070817,土地1建物1車位0,二層,九層,華廈(10層含以下有電梯),旅館,鋼筋混凝土造,1070620,54.239999999999995,1,0,1,有,無,3800000,70059,,0.0,0,土地及建物分次登記案件，前案土地含土地款152萬，此案為合建分售案,RPTOMLNKRHNFFAX97CA,28.91,4.92,0.0,,
馬公市,房地(土地+建物),澎湖縣馬公市東文澳１２３之１號三樓之八,14.5,,鄉村區,乙種建築用地,1070817,土地1建物1車位0,三層,九層,華廈(10層含以下有電梯),旅館,鋼筋混凝土造,1070620,54.239999999999995,1,0,1,有,無,3800000,70059,,0.0,0,土地及建物分次登記案件，前案土地含土地款152萬，此案為合建分售案,RPUOMLNKRHNFFAX08CA,28.91,4.92,0.0,,
馬公市,房地(土地+建物),澎湖縣馬公市東文澳１２３之１號二樓之六,16.69,,鄉村區,乙種建築用地,1070817,土地1建物1車位0,二層,九層,華廈(10層含以下有電梯),旅館,鋼筋混凝土造,1070620,62.59,1,0,1,有,無,3800000,60713,,0.0,0,土地及建物分次登記案件，前案土地含土地款152萬，此案為合建分售案,RPVOMLNKRHNFFAX18CA,33.33,5.71,0.0,,
馬公市,房地(土地+建物),澎湖縣馬公市東文澳１２３之１號二樓之三,14.32,,鄉村區,乙種建築用地,1070817,土地1建物1車位0,二層,九層,華廈(10層含以下有電梯),旅館,鋼筋混凝土造,1070620,53.75,1,0,1,有,無,3800000,70698,,0.0,0,土地及建物分次登記案件，前案土地含土地款152萬，此案為合建分售案,RPWOMLNKRHNFFAX28CA,28.91,4.61,0.0,,
馬公市,房地(土地+建物),澎湖縣馬公市東文澳１２３之１號二樓之五,16.69,,鄉村區,乙種建築用地,1070817,土地1建物1車位0,二層,九層,華廈(10層含以下有電梯),旅館,鋼筋混凝土造,1070620,62.59,1,0,1,有,無,3800000,60713,,0.0,0,土地及建物分次登記案件，前案土地含土地款152萬，此案為合建分售案,RPXOMLNKRHNFFAX38CA,33.33,5.71,0.0,,
馬公市,房地(土地+建物),澎湖縣馬公市東文澳１２３之１號二樓之八,14.5,,鄉村區,乙種建築用地,1070817,土地1建物1車位0,二層,九層,華廈(10層含以下有電梯),旅館,鋼筋混凝土造,1070620,54.239999999999995,1,0,1,有,無,3800000,70059,,0.0,0,土地及建物分次登記案件，前案土地含土地款152萬，此案為合建分售案,RPOPMLNKRHNFFAX57CA,28.91,4.92,0.0,,
馬公市,房地(土地+建物),澎湖縣馬公市東文澳１２３之１號六樓之八,14.41,,鄉村區,乙種建築用地,1070817,土地1建物1車位0,六層,九層,華廈(10層含以下有電梯),旅館,鋼筋混凝土造,1070620,54.239999999999995,1,0,1,有,無,3800000,70059,,0.0,0,土地及建物分次登記案件，前案土地含土地款152萬，此案為合建分售案,RPPPMLNKRHNFFAX67CA,28.91,4.92,0.0,,
湖西鄉,土地,林投南段1051地號,1257.03,,一般農業區,農牧用地,1070824,土地2建物0車位0,,,其他,,,,0.0,0,0,0,有,無,14500000,11535,,0.0,0,,RPQNMLLKRHNFFAX37CA,0.0,0.0,0.0,,
馬公市,土地,馬公段68-43地號,12.0,住,,,1070821,土地1建物0車位0,,,其他,,,,0.0,0,0,0,有,無,1186320,98860,,0.0,0,向政府機關承購之案件。；,RPPNMLPJRHNFFAX77EA,0.0,0.0,0.0,,
馬公市,土地,馬公段68-42地號,21.0,住,,,1070821,土地1建物0車位0,,,其他,,,,0.0,0,0,0,有,無,2076060,98860,,0.0,0,向政府機關承購之案件。；,RPQNMLPJRHNFFAX87EA,0.0,0.0,0.0,,
馬公市,土地,馬公段68-44地號,8.0,住,,,1070821,土地1建物0車位0,,,其他,,,,0.0,0,0,0,有,無,790880,98860,,0.0,0,向政府機關承購之案件。；,RPRNMLPJRHNFFAX97EA,0.0,0.0,0.0,,
湖西鄉,土地,隘門新段829-2地號,188.37,,一般農業區,農牧用地,1070830,土地1建物0車位0,,,其他,,,,0.0,0,0,0,有,無,301392,1600,,0.0,0,親友、員工或其他特殊關係間之交易。；,RPQNMLRJRHNFFAX97DA,0.0,0.0,0.0,,
湖西鄉,土地,龍門南段191地號,1315.98,,一般農業區,農牧用地,1070815,土地1建物0車位0,,,其他,,,,0.0,0,0,0,有,無,6687000,5081,,0.0,0,,RPSNMLQJRHNFFAX97CA,0.0,0.0,0.0,,
湖西鄉,土地,龍門南段191-2地號,122.65,,一般農業區,農牧用地,1070815,土地1建物0車位0,,,其他,,,,0.0,0,0,0,有,無,623000,5079,,0.0,0,,RPPNMLRJRHNFFAX77CA,0.0,0.0,0.0,,
馬公市,房地(土地+建物),澎湖縣馬公市東文澳１２３之１號三樓之五,16.69,,鄉村區,乙種建築用地,1070817,土地1建物1車位0,三層,九層,華廈(10層含以下有電梯),旅館,鋼筋混凝土造,1070620,62.59,1,0,1,有,無,3900000,62310,,0.0,0,土地及建物分次登記案件，前案土地含土地款156萬，此案為合建分售案,RPQNMLPKRHNFFAX77CA,33.33,5.71,0.0,,
馬公市,房地(土地+建物),澎湖縣馬公市東文澳１２３之１號三樓之三,14.5,,鄉村區,乙種建築用地,1070817,土地1建物1車位0,三層,九層,華廈(10層含以下有電梯),旅館,鋼筋混凝土造,1070620,54.239999999999995,1,0,1,有,無,3900000,71903,,0.0,0,土地及建物分次登記案件，前案土地含土地款156萬，此案為合建分售案,RPRNMLPKRHNFFAX87CA,28.91,4.92,0.0,,
馬公市,房地(土地+建物),澎湖縣馬公市東文澳１２３之１號三樓之二,14.5,,鄉村區,乙種建築用地,1070817,土地1建物1車位0,三層,九層,華廈(10層含以下有電梯),旅館,鋼筋混凝土造,1070620,54.239999999999995,1,0,1,有,無,4000000,73746,,0.0,0,土地及建物分次登記案件，前案土地含土地款160萬，此案為合建分售案,RPSNMLPKRHNFFAX97CA,28.91,4.92,0.0,,
馬公市,房地(土地+建物),澎湖縣馬公市東文澳１２３之１號三樓之一,15.41,,鄉村區,乙種建築用地,1070817,土地1建物1車位0,三層,九層,華廈(10層含以下有電梯),旅館,鋼筋混凝土造,1070620,57.94,1,0,1,有,無,3850000,66448,,0.0,0,土地及建物分次登記案件，前案土地含土地款154萬，此案為合建分售案,RPTNMLPKRHNFFAX08CA,31.35,4.79,0.0,,
馬公市,房地(土地+建物),澎湖縣馬公市東文澳１２３之１號三樓之九,16.23,,鄉村區,乙種建築用地,1070817,土地1建物1車位0,三層,九層,華廈(10層含以下有電梯),旅館,鋼筋混凝土造,1070620,60.81,1,0,1,有,無,3880000,63805,,0.0,0,土地及建物分次登記案件，前案土地含土地款157萬，此案為合建分售案,RPUNMLPKRHNFFAX18CA,33.14,4.79,0.0,,
馬公市,房地(土地+建物),澎湖縣馬公市東文澳１２３之１號三樓之七,14.5,,鄉村區,乙種建築用地,1070817,土地1建物1車位0,三層,九層,華廈(10層含以下有電梯),旅館,鋼筋混凝土造,1070620,54.239999999999995,1,0,1,有,無,4000000,73746,,0.0,0,土地及建物分次登記案件，前案土地含土地款160萬，此案為合建分售案,RPVNMLPKRHNFFAX28CA,28.91,4.92,0.0,,
馬公市,房地(土地+建物),澎湖縣馬公市東文澳１２３之１號三樓之六,16.69,,鄉村區,乙種建築用地,1070817,土地1建物1車位0,三層,九層,華廈(10層含以下有電梯),旅館,鋼筋混凝土造,1070620,62.59,1,0,1,有,無,3900000,62310,,0.0,0,土地及建物分次登記案件，前案土地含土地款157萬，此案為合建分售案,RPWNMLPKRHNFFAX38CA,33.33,5.71,0.0,,
馬公市,房地(土地+建物),澎湖縣馬公市東文澳１２３之１號五樓之五,16.69,,鄉村區,乙種建築用地,1070817,土地1建物1車位0,五層,九層,華廈(10層含以下有電梯),旅館,鋼筋混凝土造,1070620,62.59,1,0,1,有,無,4000000,63908,,0.0,0,土地及建物分次登記案件，前案土地含土地款160萬，此案為合建分售案,RPXNMLPKRHNFFAX48CA,33.33,5.71,0.0,,
馬公市,房地(土地+建物),澎湖縣馬公市東文澳１２３之１號五樓之三,14.5,,鄉村區,乙種建築用地,1070817,土地1建物1車位0,五層,九層,華廈(10層含以下有電梯),旅館,鋼筋混凝土造,1070620,54.239999999999995,1,0,1,有,無,4000000,73746,,0.0,0,土地及建物分次登記案件，前案土地含土地款160萬，此案為合建分售案,RPOOMLPKRHNFFAX67CA,28.91,4.92,0.0,,
馬公市,房地(土地+建物),澎湖縣馬公市東文澳１２３之１號五樓之二,14.5,,鄉村區,乙種建築用地,1070817,土地1建物1車位0,五層,九層,華廈(10層含以下有電梯),旅館,鋼筋混凝土造,1070620,54.239999999999995,1,0,1,有,無,4000000,73746,,0.0,0,土地及建物分次登記案件，前案土地含土地款160萬，此案為合建分售案,RPPOMLPKRHNFFAX77CA,28.91,4.92,0.0,,
馬公市,房地(土地+建物),澎湖縣馬公市東文澳１２３之１號五樓之一,15.41,,鄉村區,乙種建築用地,1070817,土地1建物1車位0,五層,九層,華廈(10層含以下有電梯),旅館,鋼筋混凝土造,1070620,57.94,1,0,1,有,無,4000000,69037,,0.0,0,土地及建物分次登記案件，前案土地含土地款160萬，此案為合建分售案,RPQOMLPKRHNFFAX87CA,31.35,4.79,0.0,,
馬公市,房地(土地+建物),澎湖縣馬公市東文澳１２３之１號五樓之九,16.23,,鄉村區,乙種建築用地,1070817,土地1建物1車位0,五層,九層,華廈(10層含以下有電梯),旅館,鋼筋混凝土造,1070620,60.81,1,0,1,有,無,4000000,65779,,0.0,0,土地及建物分次登記案件，前案土地含土地款160萬，此案為合建分售案,RPROMLPKRHNFFAX97CA,33.14,4.79,0.0,,
馬公市,房地(土地+建物),澎湖縣馬公市東文澳１２３之１號五樓之八,14.5,,鄉村區,乙種建築用地,1070817,土地1建物1車位0,五層,九層,華廈(10層含以下有電梯),旅館,鋼筋混凝土造,1070620,54.239999999999995,1,0,1,有,無,4000000,73746,,0.0,0,土地及建物分次登記案件，前案土地含土地款160萬，此案為合建分售案,RPSOMLPKRHNFFAX08CA,28.91,4.92,0.0,,
馬公市,房地(土地+建物),澎湖縣馬公市東文澳１２３之１號五樓之七,14.5,,鄉村區,乙種建築用地,1070817,土地1建物1車位0,五層,九層,華廈(10層含以下有電梯),旅館,鋼筋混凝土造,1070620,54.239999999999995,1,0,1,有,無,3900000,71903,,0.0,0,土地及建物分次登記案件，前案土地含土地款156萬，此案為合建分售案,RPTOMLPKRHNFFAX18CA,28.91,4.92,0.0,,
馬公市,房地(土地+建物),澎湖縣馬公市東文澳１２３之１號五樓之六,16.69,,鄉村區,乙種建築用地,1070817,土地1建物1車位0,五層,九層,華廈(10層含以下有電梯),旅館,鋼筋混凝土造,1070620,62.59,1,0,1,有,無,3900000,62310,,0.0,0,土地及建物分次登記案件，前案土地含土地款156萬，此案為合建分售案,RPUOMLPKRHNFFAX28CA,33.33,5.71,0.0,,
馬公市,房地(土地+建物),澎湖縣馬公市東文澳１２３之１號六樓之五,16.69,,鄉村區,乙種建築用地,1070817,土地1建物1車位0,六層,九層,華廈(10層含以下有電梯),旅館,鋼筋混凝土造,1070620,62.59,1,0,1,有,無,4100000,65506,,0.0,0,土地及建物分次登記案件，前案土地含土地款163萬，此案為合建分售案,RPVOMLPKRHNFFAX38CA,33.33,5.71,0.0,,
馬公市,房地(土地+建物),澎湖縣馬公市東文澳１２３之１號六樓之三,14.41,,鄉村區,乙種建築用地,1070817,土地1建物1車位0,六層,九層,華廈(10層含以下有電梯),旅館,鋼筋混凝土造,1070620,54.22,1,0,1,有,無,4100000,75618,,0.0,0,土地及建物分次登記案件，前案土地含土地款164萬，此案為合建分售案,RPWOMLPKRHNFFAX48CA,28.91,4.92,0.0,,
馬公市,房地(土地+建物),澎湖縣馬公市東文澳１２３之１號六樓之二,14.41,,鄉村區,乙種建築用地,1070817,土地1建物1車位0,六層,九層,華廈(10層含以下有電梯),旅館,鋼筋混凝土造,1070620,54.22,1,0,1,有,無,4000000,73774,,0.0,0,土地及建物分次登記案件，前案土地含土地款160萬，此案為合建分售案,RPXOMLPKRHNFFAX58CA,28.91,4.92,0.0,,
馬公市,房地(土地+建物),澎湖縣馬公市東文澳１２３之１號六樓之一,15.41,,鄉村區,乙種建築用地,1070817,土地1建物1車位0,六層,九層,華廈(10層含以下有電梯),旅館,鋼筋混凝土造,1070620,57.94,1,0,1,有,無,4000000,69037,,0.0,0,土地及建物分次登記案件，前案土地含土地款160萬，此案為合建分售案,RPOPMLPKRHNFFAX77CA,31.35,4.79,0.0,,
馬公市,房地(土地+建物),澎湖縣馬公市東文澳１２３之１號六樓之九,16.23,,鄉村區,乙種建築用地,1070817,土地1建物1車位0,六層,九層,華廈(10層含以下有電梯),旅館,鋼筋混凝土造,1070620,60.81,1,0,1,有,無,4000000,65779,,0.0,0,土地及建物分次登記案件，前案土地含土地款160萬，此案為合建分售案,RPPPMLPKRHNFFAX87CA,33.14,4.79,0.0,,
馬公市,房地(土地+建物),澎湖縣馬公市東文澳１２３之１號六樓之七,14.41,,鄉村區,乙種建築用地,1070817,土地1建物1車位0,六層,九層,華廈(10層含以下有電梯),旅館,鋼筋混凝土造,1070620,54.22,1,0,1,有,無,3800000,70085,,0.0,0,土地及建物分次登記案件，前案土地含土地款152萬，此案為合建分售案,RPQPMLPKRHNFFAX97CA,28.91,4.92,0.0,,
馬公市,房地(土地+建物),澎湖縣馬公市東文澳１２３之１號六樓之六,16.69,,鄉村區,乙種建築用地,1070817,土地1建物1車位0,六層,九層,華廈(10層含以下有電梯),旅館,鋼筋混凝土造,1070620,62.59,1,0,1,有,無,3800000,60713,,0.0,0,土地及建物分次登記案件，前案土地含土地款152萬，此案為合建分售案,RPRPMLPKRHNFFAX08CA,33.33,5.71,0.0,,
馬公市,房地(土地+建物),澎湖縣馬公市東文澳１２３之１號七樓之五,16.69,,鄉村區,乙種建築用地,1070817,土地1建物1車位0,七層,九層,華廈(10層含以下有電梯),旅館,鋼筋混凝土造,1070620,62.59,1,0,1,有,無,4200000,67103,,0.0,0,土地及建物分次登記案件，前案土地含土地款168萬，此案為合建分售案,RPSPMLPKRHNFFAX18CA,33.33,5.71,0.0,,
馬公市,房地(土地+建物),澎湖縣馬公市東文澳１２３之１號七樓之三,14.41,,鄉村區,乙種建築用地,1070817,土地1建物1車位0,七層,九層,華廈(10層含以下有電梯),旅館,鋼筋混凝土造,1070620,54.22,1,0,1,有,無,4200000,77462,,0.0,0,土地及建物分次登記案件，前案土地含土地款168萬，此案為合建分售案,RPTPMLPKRHNFFAX28CA,28.91,4.92,0.0,,
馬公市,房地(土地+建物),澎湖縣馬公市東文澳１２３之１號七樓之二,14.41,,鄉村區,乙種建築用地,1070817,土地1建物1車位0,七層,九層,華廈(10層含以下有電梯),旅館,鋼筋混凝土造,1070620,54.22,1,0,1,有,無,4200000,77462,,0.0,0,土地及建物分次登記案件，前案土地含土地款168萬，此案為合建分售案,RPUPMLPKRHNFFAX38CA,28.91,4.92,0.0,,
馬公市,房地(土地+建物),澎湖縣馬公市東文澳１２３之１號七樓之一,15.41,,鄉村區,乙種建築用地,1070817,土地1建物1車位0,七層,九層,華廈(10層含以下有電梯),旅館,鋼筋混凝土造,1070620,57.94,1,0,1,有,無,4200000,72489,,0.0,0,土地及建物分次登記案件，前案土地含土地款168萬，此案為合建分售案,RPVPMLPKRHNFFAX48CA,31.35,4.79,0.0,,
馬公市,房地(土地+建物),澎湖縣馬公市東文澳１２３之１號七樓之九,16.23,,鄉村區,乙種建築用地,1070817,土地1建物1車位0,七層,九層,華廈(10層含以下有電梯),旅館,鋼筋混凝土造,1070620,60.81,1,0,1,有,無,4000000,65779,,0.0,0,土地及建物分次登記案件，前案土地含土地款160萬，此案為合建分售案,RPWPMLPKRHNFFAX58CA,33.14,4.79,0.0,,
馬公市,房地(土地+建物),澎湖縣馬公市東文澳１２３之１號七樓之八,14.41,,鄉村區,乙種建築用地,1070817,土地1建物1車位0,七層,九層,華廈(10層含以下有電梯),旅館,鋼筋混凝土造,1070620,54.22,1,0,1,有,無,4000000,73774,,0.0,0,土地及建物分次登記案件，前案土地含土地款160萬，此案為合建分售案,RPXPMLPKRHNFFAX68CA,28.91,4.92,0.0,,
馬公市,房地(土地+建物),澎湖縣馬公市東文澳１２３之１號七樓之七,14.41,,鄉村區,乙種建築用地,1070817,土地1建物1車位0,七層,九層,華廈(10層含以下有電梯),旅館,鋼筋混凝土造,1070620,54.22,1,0,1,有,無,4200000,77462,,0.0,0,土地及建物分次登記案件，前案土地含土地款168萬，此案為合建分售案,RPOQMLPKRHNFFAX87CA,28.91,4.92,0.0,,
馬公市,房地(土地+建物),澎湖縣馬公市東文澳１２３之１號七樓之六,16.69,,鄉村區,乙種建築用地,1070817,土地1建物1車位0,七層,九層,華廈(10層含以下有電梯),旅館,鋼筋混凝土造,1070620,62.59,1,0,1,有,無,4200000,67103,,0.0,0,土地及建物分次登記案件，前案土地含土地款168萬，此案為合建分售案,RPPQMLPKRHNFFAX97CA,33.33,5.71,0.0,,
馬公市,房地(土地+建物),澎湖縣馬公市東文澳１２３之１號八樓之五,16.69,,鄉村區,乙種建築用地,1070817,土地1建物1車位0,八層,九層,華廈(10層含以下有電梯),旅館,鋼筋混凝土造,1070620,62.59,1,0,1,有,無,4000000,63908,,0.0,0,土地及建物分次登記案件，前案土地含土地款160萬，此案為合建分售案,RPRQMLPKRHNFFAX18CA,33.33,5.71,0.0,,
馬公市,房地(土地+建物),澎湖縣馬公市東文澳１２３之１號八樓之三,14.41,,鄉村區,乙種建築用地,1070817,土地1建物1車位0,八層,九層,華廈(10層含以下有電梯),旅館,鋼筋混凝土造,1070620,54.22,1,0,1,有,無,4000000,73774,,0.0,0,土地及建物分次登記案件，前案土地含土地款160萬，此案為合建分售案,RPSQMLPKRHNFFAX28CA,28.91,4.92,0.0,,
馬公市,房地(土地+建物),澎湖縣馬公市東文澳１２３之１號八樓之二,14.41,,鄉村區,乙種建築用地,1070817,土地1建物1車位0,八層,九層,華廈(10層含以下有電梯),旅館,鋼筋混凝土造,1070620,54.22,1,0,1,有,無,4000000,73774,,0.0,0,土地及建物分次登記案件，前案土地含土地款160萬，此案為合建分售案,RPTQMLPKRHNFFAX38CA,28.91,4.92,0.0,,
馬公市,房地(土地+建物),澎湖縣馬公市東文澳１２３之１號八樓之一,15.41,,鄉村區,乙種建築用地,1070817,土地1建物1車位0,八層,九層,華廈(10層含以下有電梯),旅館,鋼筋混凝土造,1070620,57.94,1,0,1,有,無,4000000,69037,,0.0,0,土地及建物分次登記案件，前案土地含土地款160萬，此案為合建分售案,RPUQMLPKRHNFFAX48CA,31.35,4.79,0.0,,
馬公市,房地(土地+建物),澎湖縣馬公市東文澳１２３之１號八樓之九,16.23,,鄉村區,乙種建築用地,1070817,土地1建物1車位0,八層,九層,華廈(10層含以下有電梯),旅館,鋼筋混凝土造,1070620,60.81,1,0,1,有,無,4000000,65779,,0.0,0,土地及建物分次登記案件，前案土地含土地款160萬，此案為合建分售案,RPVQMLPKRHNFFAX58CA,33.14,4.79,0.0,,
馬公市,房地(土地+建物),澎湖縣馬公市東文澳１２３之１號八樓之八,14.41,,鄉村區,乙種建築用地,1070817,土地1建物1車位0,八層,九層,華廈(10層含以下有電梯),旅館,鋼筋混凝土造,1070620,54.22,1,0,1,有,無,4000000,73774,,0.0,0,土地及建物分次登記案件，前案土地含土地款160萬，此案為合建分售案,RPWQMLPKRHNFFAX68CA,28.91,4.92,0.0,,
馬公市,房地(土地+建物),澎湖縣馬公市東文澳１２３之１號八樓之七,14.41,,鄉村區,乙種建築用地,1070817,土地1建物1車位0,八層,九層,華廈(10層含以下有電梯),旅館,鋼筋混凝土造,1070620,54.22,1,0,1,有,無,4000000,73774,,0.0,0,土地及建物分次登記案件，前案土地含土地款160萬，此案為合建分售案,RPXQMLPKRHNFFAX78CA,28.91,4.92,0.0,,
馬公市,房地(土地+建物),澎湖縣馬公市東文澳１２３之１號八樓之六,16.69,,鄉村區,乙種建築用地,1070817,土地1建物1車位0,八層,九層,華廈(10層含以下有電梯),旅館,鋼筋混凝土造,1070620,62.59,1,0,1,有,無,4000000,63908,,0.0,0,土地及建物分次登記案件，前案土地含土地款160萬，此案為合建分售案,RPORMLPKRHNFFAX97CA,33.33,5.71,0.0,,
馬公市,房地(土地+建物),澎湖縣馬公市林森路８６之３號三樓,30.0,住,,,1070723,土地1建物1車位0,三層,七層,華廈(10層含以下有電梯),住家用,鋼筋混凝土造,0870925,150.16,3,2,2,有,無,4700000,31300,,0.0,0,,RPQNMLSKRHNFFAX08CA,98.86,0.0,7.73,,
西嶼鄉,土地,二崁北段611地號,742.07,,一般農業區,農牧用地,1070815,土地1建物0車位0,,,其他,,,,0.0,0,0,0,有,無,1250000,1684,,0.0,0,,RPSNMLLKRHNFFAX57CA,0.0,0.0,0.0,,
白沙鄉,土地,後寮南段35地號,388.6,,一般農業區,農牧用地,1070823,土地1建物0車位0,,,其他,,,,0.0,0,0,0,有,無,936000,2409,,0.0,0,,RPUNMLLLRHNFFAX87CA,0.0,0.0,0.0,,
馬公市,土地,中衛段289地號,945.59,工,,,1070815,土地1建物0車位0,,,其他,,,,0.0,0,0,0,有,無,6800000,7191,,0.0,0,,RPRNMLRLRHNFFAX18CA,0.0,0.0,0.0,,
馬公市,房地(土地+建物),澎湖縣馬公市林森路１５巷３６弄６之１號,77.14,住,,,1070813,土地1建物1車位0,一層,一層,倉庫,倉庫,鋼筋混凝土造,1021205,47.9,0,0,0,無,無,4209024,,,0.0,0,,RPVOMLSLRHNFFAX78CA,47.9,0.0,0.0,,
馬公市,房地(土地+建物),澎湖縣馬公市三多路４１１號六樓之五,20.7,住,,,1070826,土地1建物1車位0,六層,十層,華廈(10層含以下有電梯),住家用,鋼筋混凝土造,0850308,184.24,4,2,2,有,無,5950000,32295,,0.0,0,,RPTNMLKKNHOFFAX27CA,136.97,14.36,0.0,,
馬公市,房地(土地+建物),澎湖縣馬公市貿商街１３６號十四樓之五,30.6,住,,,1070813,土地2建物1車位0,十四層,十四層,住宅大樓(11層含以上有電梯),集合住宅,鋼筋混凝土造,0950710,186.73,3,2,2,有,有,5750000,30793,,0.0,0,,RPXNMLKKNHOFFAX67CA,102.74,0.0,11.64,,
馬公市,房地(土地+建物),澎湖縣馬公市林森路３６號五樓,18.55,其他,,,1070810,土地2建物1車位0,五層,八層,華廈(10層含以下有電梯),住家用,鋼筋混凝土造,0850202,134.53,3,2,2,有,有,4790000,35605,,0.0,0,,RPROMLOKNHOFFAX57CA,93.58,0.0,11.04,,
馬公市,土地,海堤段961地號,494.05,商,,,1070904,土地1建物0車位0,,,其他,,,,0.0,0,0,0,有,無,7650000,15484,,0.0,0,,RPPNMLOKRHNFFAX67DA,0.0,0.0,0.0,,
白沙鄉,土地,赤崁北段567-2地號,1299.44,,一般農業區,農牧用地,1070822,土地1建物0車位0,,,其他,,,,0.0,0,0,0,有,無,2500000,1924,,0.0,0,,RPPNMLMJIINFFAX09CA,0.0,0.0,0.0,,
馬公市,房地(土地+建物),澎湖縣馬公市宅腳嶼１６１號,208.68,,一般農業區,甲種建築用地,1070815,土地2建物1車位0,全,三層,透天厝,住家用,鋼筋混凝土造,1070607,240.45,4,2,5,有,無,11000000,45748,,0.0,0,,RPTNMLPLRHNFFAX18CA,234.27,6.18,0.0,,
馬公市,房地(土地+建物),澎湖縣馬公市建國路４６號,32.67,商,,,1070718,土地1建物1車位0,全,二層,透天厝,住商用,鋼筋混凝土加強空心磚造,0570610,30.78,2,2,2,有,無,3000000,97466,,0.0,0,親友、員工或其他特殊關係間之交易。；,RPXOMLMKRHNFFAX28CA,30.78,0.0,0.0,,
馬公市,車位,澎湖縣馬公市文山路２７巷８之１號,0.16,住,,,1070823,土地0建物0車位1,,,其他,,,,23.31,0,0,0,有,有,500000,,坡道平面,23.31,500000,因661建號原2個車位賣出1個車位，餘1個車位，所以固必須重新出狀。,RPUQMLMKRHNFFAX18CA,0.0,0.0,0.0,,
馬公市,車位,澎湖縣馬公市文山路２７巷８之３號二樓,0.0,,,,1070823,土地0建物0車位1,,,其他,,,,0.0,0,0,0,有,有,0,,坡道平面,23.31,0,因661建號原2個車位賣出1個車位，餘1個車位，所以固必須重新出狀，以至於此出現標的二。,SPUQMLMKRHNFFAX28CA,0.0,0.0,0.0,,
馬公市,房地(土地+建物),澎湖縣馬公市文光路134號,60.31,住,,,1070830,土地2建物1車位0,全,二層,透天厝,住商用,鋼筋混凝土加強磚造,0680305,69.78,2,1,1,有,無,2391875,34277,,0.0,0,親友、員工或其他特殊關係間之交易。；,RPQPMLNKRHNFFAX77CA,69.78,0.0,0.0,,
馬公市,房地(土地+建物),澎湖縣馬公市光復路２６９號,9.05,住,,,1070809,土地1建物1車位0,全,一層,透天厝,住家用,造,0510519,4.97,1,1,1,有,無,810000,162978,,0.0,0,親友、員工或其他特殊關係間之交易。；,RPRNMLLKRHNFFAX47CA,4.97,0.0,0.0,,
白沙鄉,土地,下瓦硐段1380地號,245.33,,一般農業區,農牧用地,1070703,土地1建物0車位0,,,其他,,,,0.0,0,0,0,有,無,1160000,4728,,0.0,0,,RPVQMLMKRHNFFAX28CA,0.0,0.0,0.0,,
馬公市,房地(土地+建物),澎湖縣馬公市民族路３７巷５之１號,43.0,住,,,1070730,土地2建物1車位0,全,二層,透天厝,住家用,鋼筋混凝土加強磚造,0650727,60.8,5,2,3,有,無,7500000,123355,,0.0,0,,RPWQMLMKRHNFFAX38CA,60.8,0.0,0.0,,
湖西鄉,土地,成功南段967地號,2330.42,,一般農業區,農牧用地,1070717,土地1建物0車位0,,,其他,,,,0.0,0,0,0,有,無,3500000,1502,,0.0,0,受債權債務影響或債務抵償之交易。；,RPPNMLTKRHNFFAX08CA,0.0,0.0,0.0,,
馬公市,房地(土地+建物),澎湖縣馬公市後窟潭３９之１０號二樓之二,43.94,,鄉村區,乙種建築用地,1070720,土地1建物1車位0,二層,五層,華廈(10層含以下有電梯),集合住宅,鋼筋混凝土造,1070601,147.52,3,2,3,有,有,5800000,39317,,0.0,0,,RPPOMLSLRHNFFAX18CA,92.1,9.49,0.0,,
西嶼鄉,土地,竹灣段1863地號,611.2,,一般農業區,農牧用地,1070906,土地1建物0車位0,,,其他,,,,0.0,0,0,0,有,無,400000,654,,0.0,0,,RPQNMLRKRHNFFAX97CA,0.0,0.0,0.0,,
馬公市,土地,光華段291地號,848.51,,一般農業區,農牧用地,1070816,土地1建物0車位0,,,其他,,,,0.0,0,0,0,有,無,1500000,1768,,0.0,0,,RPSNMLOKRHNFFAX87CA,0.0,0.0,0.0,,
馬公市,房地(土地+建物),澎湖縣馬公市文化路５９號七樓,20.54,住,,,1070813,土地1建物1車位0,七層,七層,華廈(10層含以下有電梯),住家用,鋼筋混凝土造,0830601,107.41,3,1,2,有,有,4000000,37240,,0.0,0,,RPSNMLKKNHOFFAX17CA,76.4,10.41,0.0,,
西嶼鄉,土地,橫礁段394地號,127.25,,鄉村區,乙種建築用地,1070906,土地2建物0車位0,,,其他,,,,0.0,0,0,0,有,無,308000,2420,,0.0,0,,RPPNMLPLRHNFFAX77CA,0.0,0.0,0.0,,
馬公市,房地(土地+建物),澎湖縣馬公市仁愛路６８巷３號四樓之三,29.75,住,,,1070804,土地2建物1車位0,四層，電梯樓梯間,四層,公寓(5樓含以下無電梯),住家用,鋼筋混凝土造,0700820,86.81,2,2,1,有,無,3400000,39166,,0.0,0,,RPRNMLTKRHNFFAX28CA,79.73,0.0,0.0,,
馬公市,土地,中衛段1565地號,1853.01,,一般農業區,特定目的事業用地,1061019,土地1建物0車位0,,,其他,,,,0.0,0,0,0,有,無,20500000,11063,,0.0,0,,RPPNMLLLRHNFFAX37CA,0.0,0.0,0.0,,
馬公市,土地,山水南段310地號,915.2,,一般農業區,農牧用地,1070910,土地2建物0車位0,,,其他,,,,0.0,0,0,0,有,無,8308200,9078,,0.0,0,,RPQNMLLLRHNFFAX47CA,0.0,0.0,0.0,,
湖西鄉,土地,尖山南段450地號,1296.33,,一般農業區,農牧用地,1070911,土地1建物0車位0,,,其他,,,,0.0,0,0,0,有,無,37260000,28743,,0.0,0,建商與地主合建案農變建移轉土地持分給予權利人共5人 內含未來5戶興建之成本 共3726萬,RPTNMLLLRHNFFAX77CA,0.0,0.0,0.0,,
馬公市,土地,北澳段588-4地號,255.65,,一般農業區,甲種建築用地,1070701,土地2建物0車位0,,,其他,,,,0.0,0,0,0,有,無,11800000,46157,,0.0,0,農變建之起造人變更含未來興建房屋價款,RPQNMLTKRHNFFAX18CA,0.0,0.0,0.0,,
馬公市,土地,六合段3-1地號,71.25,,鄉村區,乙種建築用地,1070827,土地1建物0車位0,,,其他,,,,0.0,0,0,0,有,無,2000000,28070,,0.0,0,,RPPNMLQJIINFFAX86CA,0.0,0.0,0.0,,
馬公市,房地(土地+建物),澎湖縣馬公市石泉１之１３７號,53.23,,鄉村區,乙種建築用地,1070903,土地1建物1車位0,全,三層,透天厝,住家用,鋼筋混凝土造,0730621,122.8,3,2,1,有,無,3460000,28176,,0.0,0,,RPRNMLQJIINFFAX07CA,122.8,0.0,0.0,,
馬公市,土地,鎖港西段990地號,786.82,,一般農業區,農牧用地,1070727,土地1建物0車位0,,,其他,,,,0.0,0,0,0,有,無,26300000,33426,,0.0,0,權利人數：3人變更起造人，含未來興建房屋之費用,RPPNMLKKIINFFAX98CA,0.0,0.0,0.0,,
馬公市,房地(土地+建物),澎湖縣馬公市鎖管港８５之３號,111.52,住,,,1070802,土地1建物1車位0,全,四層,透天厝,住家用,鋼筋混凝土造,1060508,264.23,5,2,6,有,無,9060000,34288,,0.0,0,,RPPNMLRLRHNFFAX97CA,244.29,19.94,0.0,,
馬公市,房地(土地+建物),澎湖縣馬公市民族路１５號,51.0,住,,,1070828,土地1建物1車位0,全,三層,透天厝,住家用,鋼筋混凝土加強磚造,0810903,90.26,3,1,4,有,無,5000000,55396,,0.0,0,,RPRNMLSLJHOFFAX57CA,90.26,0.0,0.0,,
湖西鄉,土地,許家段450-1地號,8.89,,一般農業區,特定目的事業用地,1070827,土地1建物0車位0,,,其他,,,,0.0,0,0,0,有,無,150686,16950,,0.0,0,向政府機關承購之案件。；,RPQNMLPLRHNFFAX97DA,0.0,0.0,0.0,,
馬公市,土地,興崁段975地號,2320.73,,一般農業區,農牧用地,1070822,土地1建物0車位0,,,其他,,,,0.0,0,0,0,有,無,6200000,2672,,0.0,0,,RPROMLSLRHNFFAX38CA,0.0,0.0,0.0,,
馬公市,土地,五福段537-1地號,1541.45,,一般農業區,農牧用地,1070827,土地2建物0車位0,,,其他,,,,0.0,0,0,0,有,無,18500000,12002,,0.0,0,,RPOPMLSLRHNFFAX18CA,0.0,0.0,0.0,,
馬公市,土地,五福段777-1地號,230.63,,一般農業區,農牧用地,1070827,土地1建物0車位0,,,其他,,,,0.0,0,0,0,有,無,2300000,9973,,0.0,0,,RPQNMLQJIINFFAX96CA,0.0,0.0,0.0,,
馬公市,土地,山水南段872地號,4.37,,一般農業區,交通用地,1070917,土地1建物0車位0,,,其他,,,,0.0,0,0,0,有,無,22724,5200,,0.0,0,協議價購一般農業區 交通用地,RPRNMLLLRHNFFAX57CA,0.0,0.0,0.0,,
馬公市,房地(土地+建物),澎湖縣馬公市鎖管港59號,79.24,住,,,1070731,土地1建物1車位0,全,二層,透天厝,住家用,鋼筋混凝土加強磚造,0700216,78.98,4,1,2,有,無,1600000,20258,,0.0,0,親友、員工或其他特殊關係間之交易。；,RPSNMLQLRHNFFAX28DA,78.98,0.0,0.0,,
馬公市,房地(土地+建物)+車位,澎湖縣馬公市三多路411號9樓之9,16.46,商,,,1070805,土地1建物1車位1,九層,十層,華廈(10層含以下有電梯),住家用,鋼筋混凝土造,0850308,176.82,3,2,2,有,無,6500000,36761,坡道機械,0.0,0,,RPTPMLOKNHOFFAX97DA,94.64,51.26,0.0,,
馬公市,土地,鐵線段1144地號,1178.76,,一般農業區,農牧用地,1070912,土地2建物0車位0,,,其他,,,,0.0,0,0,0,有,無,2100000,1782,,0.0,0,,RPWOMLSLRHNFFAX88CA,0.0,0.0,0.0,,
馬公市,房地(土地+建物),澎湖縣馬公市雙頭掛２１１號,225.28,,一般農業區,甲種建築用地,1070822,土地2建物1車位0,全,三層,透天厝,住家用,鋼筋混凝土造,1060705,298.03,5,1,6,有,無,8760000,29393,,0.0,0,,RPRNMLSLRHNFFAX28CA,286.57,11.46,0.0,,
馬公市,土地,興仁段772地號,1115.68,,一般農業區,農牧用地,1070828,土地1建物0車位0,,,其他,,,,0.0,0,0,0,有,無,5730000,5136,,0.0,0,,RPTNMLQLRHNFFAX28CA,0.0,0.0,0.0,,
馬公市,土地,五福段160地號,1377.33,,一般農業區,農牧用地,1070831,土地1建物0車位0,,,其他,,,,0.0,0,0,0,有,無,17670000,12829,,0.0,0,,RPQNMLMJIINFFAX56CA,0.0,0.0,0.0,,
馬公市,房地(土地+建物),澎湖縣馬公市水源路２之１號四樓之二,3.31,商,,,1070829,土地1建物1車位0,四層,十二層,住宅大樓(11層含以上有電梯),辦公室,鋼筋混凝土造,0850828,33.95,1,1,1,有,無,1600000,47128,,0.0,0,,RPQNMLPKIINFFAX96CA,20.87,4.19,0.0,,
馬公市,房地(土地+建物),澎湖縣馬公市民裕街３６巷２６號五樓,53.63,住,,,1070808,土地1建物1車位0,五層,五層,公寓(5樓含以下無電梯),集合住宅,鋼筋混凝土造,0840119,112.78999999999999,3,2,2,有,無,3920000,34755,,0.0,0,,RPUNMLTKIINFFAX77CA,88.25,11.5,0.0,,
湖西鄉,土地,龍門西段376地號,168.2,,一般農業區,農牧用地,1070905,土地1建物0車位0,,,其他,,,,0.0,0,0,0,有,無,850000,5054,,0.0,0,,RPQNMLLJIINFFAX09CA,0.0,0.0,0.0,,
湖西鄉,土地,成功北段542地號,804.95,,一般農業區,甲種建築用地,1070727,土地3建物0車位0,,,其他,,,,0.0,0,0,0,有,無,5300000,6584,,0.0,0,,RPRNMLLJIINFFAX56CA,0.0,0.0,0.0,,
馬公市,土地,興崁段1177地號,4620.3,,一般農業區,農牧用地,1070811,土地2建物0車位0,,,其他,,,,0.0,0,0,0,有,無,24460000,5294,,0.0,0,,RPXOMLSLRHNFFAX98CA,0.0,0.0,0.0,,
湖西鄉,土地,紅羅段545地號,674.16,,一般農業區,農牧用地,1070921,土地1建物0車位0,,,其他,,,,0.0,0,0,0,有,無,1850000,2744,,0.0,0,,RPUNMLMJIINFFAX96CA,0.0,0.0,0.0,,
馬公市,房地(土地+建物),澎湖縣馬公市水源路２之１號四樓之三,3.42,商,,,1070829,土地1建物1車位0,四層,十二層,住宅大樓(11層含以上有電梯),辦公室,鋼筋混凝土造,0850828,35.28,1,1,1,有,無,1200000,34014,,0.0,0,,RPPNMLPKIINFFAX86CA,22.2,4.19,0.0,,
馬公市,房地(土地+建物),澎湖縣馬公市光復路328號,127.15,,鄉村區,乙種建築用地,1070905,土地1建物1車位0,全,三層,透天厝,住家用,鋼筋混凝土造,0870223,205.26,4,2,4,有,無,3500000,17052,,0.0,0,親友、員工或其他特殊關係間之交易。；,RPTOMLSLRHNFFAX68DA,197.16,8.1,0.0,,
西嶼鄉,土地,二崁南段1383地號,1656.47,,風景區,農牧用地,1070918,土地3建物0車位0,,,其他,,,,0.0,0,0,0,有,無,5631988,3400,,0.0,0,,RPTNMLLJIINFFAX86DA,0.0,0.0,0.0,,
西嶼鄉,土地,外垵二段867地號,132.28,,一般農業區,農牧用地,1070705,土地2建物0車位0,,,其他,,,,0.0,0,0,0,有,無,2000000,15119,,0.0,0,親友、員工或其他特殊關係間之交易。；,RPSNMLMJIINFFAX86DA,0.0,0.0,0.0,,
馬公市,土地,雙湖段402-2地號,207.18,,鄉村區,乙種建築用地,1070921,土地1建物0車位0,,,其他,,,,0.0,0,0,0,有,無,3000000,14480,,0.0,0,親友、員工或其他特殊關係間之交易。；,RPPNMLRKIINFFAX17DA,0.0,0.0,0.0,,
湖西鄉,房地(土地+建物),澎湖縣湖西鄉隘門１２４之１１號,115.01,,一般農業區,甲種建築用地,1070817,土地2建物1車位0,全,三層,透天厝,住家用,鋼筋混凝土造,0880707,209.25,4,2,3,有,無,4300000,20550,,0.0,0,買方負擔土地增值稅51714元,RPRNMLMJIINFFAX66CA,196.17,13.08,0.0,,
馬公市,房地(土地+建物),澎湖縣馬公市光復路２８６號,120.0,農,,,1070910,土地1建物1車位0,全,四層,透天厝,住商用,鋼筋混凝土造,1060602,272.11,6,2,7,有,無,23000000,84525,,0.0,0,,RPUNMLLJIINFFAX86CA,248.21,23.9,0.0,,
白沙鄉,土地,後寮段2836地號,291.0,,一般農業區,農牧用地,1070919,土地1建物0車位0,,,其他,,,,0.0,0,0,0,有,無,200000,687,,0.0,0,親友、員工或其他特殊關係間之交易。；急買急賣。；,RPPNMLLJIINFFAX98CA,0.0,0.0,0.0,,
馬公市,房地(土地+建物),澎湖縣馬公市東衛里2鄰東衛21號之3,125.38,,鄉村區,乙種建築用地,1070914,土地2建物1車位0,全,三層,透天厝,住家用,鋼筋混凝土造,0830525,192.47,4,2,4,有,無,6000000,31174,,0.0,0,,RPSNMLLJIINFFAX76DA,185.13,7.34,0.0,,
湖西鄉,房地(土地+建物),澎湖縣湖西鄉紅羅罩１０４號,408.13,,鄉村區,乙種建築用地,1070810,土地1建物1車位0,全,一層,透天厝,住家用,加強磚造,0900202,125.75,3,2,2,有,無,1280977,10187,,0.0,0,,RPRNMLRKIINFFAX27CA,125.75,0.0,0.0,,
湖西鄉,土地,葉新段1510地號,498.65,,一般農業區,農牧用地,1070921,土地2建物0車位0,,,其他,,,,0.0,0,0,0,有,無,1750000,3509,,0.0,0,交通用地不計價土地增值稅由買方負擔,RPPNMLSKIINFFAX17CA,0.0,0.0,0.0,,
馬公市,房地(土地+建物),澎湖縣馬公市光復路２９５之１號四樓之二,25.04,住,,,1070917,土地3建物1車位0,四層,七層,華廈(10層含以下有電梯),住家用,鋼筋混凝土造,0860320,127.25,3,2,2,有,有,4920000,38664,,0.0,0,,RPTNMLQLIINFFAX47CA,86.49,9.52,0.0,,
馬公市,房地(土地+建物),澎湖縣馬公市光復路１８０號,41.52,住,,,1070820,土地1建物1車位0,全,三層,透天厝,住商用,鋼筋混凝土造,0670802,67.12,2,2,1,有,無,6500000,96841,,0.0,0,親友、員工或其他特殊關係間之交易。；,RPRNMLOJIINFFAX86CA,67.12,0.0,0.0,,
馬公市,房地(土地+建物),澎湖縣馬公市光武街３號、５號,148.0,商,,,1070904,土地2建物2車位0,全,三層,透天厝,住商用,鋼筋混凝土加強空心磚造,0570705,315.29,6,2,4,有,無,30000000,95150,,0.0,0,,RPPNMLPJIINFFAX76CA,315.29,0.0,0.0,,
白沙鄉,土地,中屯新段1014地號,329.12,,鄉村區,乙種建築用地,1070823,土地1建物0車位0,,,其他,,,,0.0,0,0,0,有,無,1650000,5013,,0.0,0,,RPQNMLPJIINFFAX86CA,0.0,0.0,0.0,,
湖西鄉,土地,城北段930地號,2353.92,,一般農業區,農牧用地,1070915,土地1建物0車位0,,,其他,,,,0.0,0,0,0,有,無,18854000,8010,,0.0,0,,RPRNMLLMIINFFAX86CA,0.0,0.0,0.0,,
馬公市,房地(土地+建物)+車位,澎湖縣馬公市五福路３巷４３號四樓之６,52.8,,鄉村區,乙種建築用地,1070910,土地1建物1車位1,四層，夾層,四層,公寓(5樓含以下無電梯),住家用,鋼筋混凝土造,0840530,128.34,4,2,2,有,無,4500000,35063,一樓平面,0.0,0,,RPPNMLKKNHOFFAX86CA,101.75,7.92,0.0,,
馬公市,土地,興仁段650地號,4086.25,,一般農業區,農牧用地,1070815,土地1建物0車位0,,,其他,,,,0.0,0,0,0,有,無,18541350,4537,,0.0,0,依土地法第34條之1處分,RPWOMLOKNHOFFAX08CA,0.0,0.0,0.0,,
馬公市,土地,北極段1041地號,180.8,住,,,1070608,土地3建物0車位0,,,其他,,,,0.0,0,0,0,有,無,909800,5032,,0.0,0,向政府機關承購之案件。；,RPQNMLTJIINFFAX47EA,0.0,0.0,0.0,,
馬公市,土地,雙湖段396地號,427.08,,鄉村區,乙種建築用地,1070919,土地1建物0車位0,,,其他,,,,0.0,0,0,0,有,無,7105450,16637,,0.0,0,,RPRNMLSJIINFFAX27CA,0.0,0.0,0.0,,
馬公市,房地(土地+建物),澎湖縣馬公市西衛８３之４５號,244.89,,一般農業區,甲種建築用地,1071001,土地2建物1車位0,全,三層,透天厝,住家用,鋼筋混凝土造,1070827,317.24,7,2,6,有,無,12260000,38646,,0.0,0,親友、員工或其他特殊關係間之交易。；,RPPNMLTJIINFFAX17CA,289.89,27.35,0.0,,
馬公市,土地,馬公段533-1地號,25.0,商,,,1070905,土地1建物0車位0,,,其他,,,,0.0,0,0,0,有,無,2925000,117000,,0.0,0,向政府機關承購之案件。；,RPRNMLTJIINFFAX37CA,0.0,0.0,0.0,,
馬公市,房地(土地+建物),澎湖縣馬公市朝陽路６０號,49.9,商,,,1070921,土地1建物1車位0,全,三層,透天厝,住商用,鋼筋混凝土造,0730411,145.8,4,2,3,有,無,6100000,41838,,0.0,0,,RPPNMLLKIINFFAX09CA,145.8,0.0,0.0,,
西嶼鄉,土地,二崁南段1492地號,4105.1,,一般農業區,農牧用地,1070710,土地3建物0車位0,,,其他,,,,0.0,0,0,0,有,無,2600000,633,,0.0,0,,RPPNMLNKIINFFAX66CA,0.0,0.0,0.0,,
馬公市,房地(土地+建物),澎湖縣馬公市石泉１１之３６號,111.64,,一般農業區,甲種建築用地,1070913,土地1建物1車位0,全,三層,透天厝,住家用,鋼筋混凝土造,0870702,203.33,5,1,5,有,無,5300000,26066,,0.0,0,親友、員工或其他特殊關係間之交易。；,RPUNMLSKIINFFAX67CA,187.33,16.0,0.0,,
馬公市,土地,烏崁新段420地號,389.82,,一般農業區,農牧用地,1070822,土地1建物0車位0,,,其他,,,,0.0,0,0,0,有,無,1768800,4537,,0.0,0,,RPRNMLSKIINFFAX37CA,0.0,0.0,0.0,,
馬公市,土地,烏崁新段422地號,45.11,,一般農業區,農牧用地,1070822,土地1建物0車位0,,,其他,,,,0.0,0,0,0,有,無,204600,4536,,0.0,0,,RPSNMLSKIINFFAX47CA,0.0,0.0,0.0,,
馬公市,房地(土地+建物),澎湖縣馬公市西文澳１２之５號四樓,31.28,住,,,1070905,土地3建物1車位0,四層,七層,華廈(10層含以下有電梯),住家用,鋼筋混凝土造,0820831,149.85,4,2,2,有,有,3900000,26026,,0.0,0,,RPWNMLTJNHOFFAX38CA,117.95,0.0,0.0,,
馬公市,房地(土地+建物),澎湖縣馬公市三多路１４６巷１５弄２３號,52.65,住,,,1071003,土地1建物1車位0,全,二層,透天厝,住家用,鋼筋混凝土加強磚造,0681105,68.32,3,1,2,有,無,2200000,32201,,0.0,0,親友、員工或其他特殊關係間之交易。；,RPQNMLLKIINFFAX76EA,68.32,0.0,0.0,,
馬公市,房地(土地+建物),澎湖縣馬公市西衛３１號,34.98,,鄉村區,乙種建築用地,1070921,土地2建物1車位0,全,一層,透天厝,住家用,造,0450101,4.95,8,1,1,有,無,1435000,289899,,0.0,0,,RPTNMLPJJINFFAX27CA,0.0,0.0,0.0,,
馬公市,房地(土地+建物),澎湖縣馬公市水源路２之１號三樓之一,13.97,商,,,1071003,土地1建物1車位0,三層,十二層,住宅大樓(11層含以上有電梯),住家用,鋼筋混凝土造,0850828,146.01,4,0,4,有,無,3980000,27258,,0.0,0,,RPPNMLTKIINFFAX27CA,94.53,14.32,0.0,,
馬公市,土地,興仁段1212地號,1317.63,,一般農業區,農牧用地,1070530,土地2建物0車位0,,,其他,,,,0.0,0,0,0,有,無,5050000,3833,,0.0,0,,RPTNMLTKIINFFAX67CA,0.0,0.0,0.0,,
馬公市,土地,文光段372地號,18.45,住,,,1070918,土地1建物0車位0,,,其他,,,,0.0,0,0,0,有,無,576693,31257,,0.0,0,,RPSNMLQKIINFFAX27CA,0.0,0.0,0.0,,
白沙鄉,土地,鎮海新段122地號,512.12,,一般農業區,農牧用地,1070829,土地1建物0車位0,,,其他,,,,0.0,0,0,0,有,無,1400000,2734,,0.0,0,,RPTNMLSKIINFFAX57CA,0.0,0.0,0.0,,
馬公市,土地,五福段931地號,36.19,,鄉村區,乙種建築用地,1070910,土地3建物0車位0,,,其他,,,,0.0,0,0,0,有,無,90000,2487,,0.0,0,,RPRNMLPJJINFFAX07CA,0.0,0.0,0.0,,
馬公市,房地(土地+建物),澎湖縣馬公市文林街１巷８號,119.53,住,,,1070921,土地1建物1車位0,全,二層,透天厝,住家用,加強磚造,0920206,105.37,2,1,2,有,無,9200000,87311,,0.0,0,,RPRNMLMLIINFFAX86CA,105.37,0.0,0.0,,
馬公市,房地(土地+建物),澎湖縣馬公市東衛１５５之１２號,108.64,,鄉村區,乙種建築用地,1070913,土地2建物1車位0,全,三層,透天厝,住家用,鋼筋混凝土造,0850328,250.62,4,2,5,有,無,5800000,23143,,0.0,0,,RPUNMLQLIINFFAX57CA,248.36,2.26,0.0,,
湖西鄉,房地(土地+建物),澎湖縣湖西鄉西溪55之2號,117.64,,鄉村區,乙種建築用地,1070913,土地2建物1車位0,全,三層,透天厝,住家用,鋼筋混凝土造,0831227,89.92,8,3,5,有,無,259000,2880,,0.0,0,親友、員工或其他特殊關係間之交易。；權利人共2人,RPQNMLSKIINFFAX37DA,0.0,0.0,0.0,,
馬公市,房地(土地+建物),澎湖縣馬公市珠江151之46號,134.18,,一般農業區,甲種建築用地,1071005,土地1建物1車位0,全,三層,透天厝,住家用,鋼筋混凝土造,0890506,178.89,5,2,3,有,無,5380000,30074,,0.0,0,,RPPNMLMLIINFFAX76DA,170.26,8.63,0.0,,
馬公市,房地(土地+建物),澎湖縣馬公市西衛171之1號,95.83,,鄉村區,乙種建築用地,1070508,土地1建物1車位0,全,二層,透天厝,住家用,鋼筋混凝土加強磚造,0700112,78.72,3,2,1,有,無,3980000,50559,,0.0,0,,RPQNMLPLIINFFAX17DA,78.72,0.0,0.0,,
湖西鄉,土地,城北段1087地號,295.35,,一般農業區,甲種建築用地,1070905,土地3建物0車位0,,,其他,,,,0.0,0,0,0,有,無,7760000,26274,,0.0,0,變更起造人，含未來興建房屋之費用,RPQNMLTLIINFFAX47CA,0.0,0.0,0.0,,
湖西鄉,土地,成功南段825-4地號,370.73,,一般農業區,甲種建築用地,1071011,土地2建物0車位0,,,其他,,,,0.0,0,0,0,有,無,3740000,10088,,0.0,0,農變建專案核准變更起造人,RPQOMLPLIINFFAX17CA,0.0,0.0,0.0,,
望安鄉,土地,望安段1432地號,296.0,,一般農業區,農牧用地,1070919,土地2建物0車位0,,,其他,,,,0.0,0,0,0,有,無,1200000,4054,,0.0,0,,RPRNMLQLIINFFAX27CA,0.0,0.0,0.0,,
馬公市,房地(土地+建物),澎湖縣馬公市文山路６７巷１１號,97.84,住,,,1071004,土地1建物1車位0,全,三層,透天厝,住家用,鋼筋混凝土造,0961017,208.51,6,2,5,有,無,10360000,49686,,0.0,0,,RPPNMLKLIINFFAX09CA,193.8,14.71,0.0,,
馬公市,土地,五福段816-3地號,270.16,,一般農業區,甲種建築用地,1070801,土地3建物0車位0,,,其他,,,,0.0,0,0,0,有,無,8800000,32573,,0.0,0,變更起造人，含未來興建房屋之費用,RPSNMLPLIINFFAX27CA,0.0,0.0,0.0,,
馬公市,土地,國宅段271地號,563.35,,一般農業區,農牧用地,1070918,土地1建物0車位0,,,其他,,,,0.0,0,0,0,有,無,3373800,5989,,0.0,0,,RPTNMLPLIINFFAX37CA,0.0,0.0,0.0,,
馬公市,土地,鐵線段596地號,330.0,,一般農業區,甲種建築用地,1070911,土地1建物0車位0,,,其他,,,,0.0,0,0,0,有,無,9910000,30030,,0.0,0,變更起造人，含未來興建房屋之費用,RPPNMLPLIINFFAX96CA,0.0,0.0,0.0,,
馬公市,土地,北極段631-1地號,44.58,住,,,1070919,土地1建物0車位0,,,其他,,,,0.0,0,0,0,有,無,735570,16500,,0.0,0,向政府機關承購之案件。；,RPPNMLOLIINFFAX86CA,0.0,0.0,0.0,,
湖西鄉,土地,龍門南段420地號,133.81,,一般農業區,農牧用地,1071015,土地1建物0車位0,,,其他,,,,0.0,0,0,0,有,無,600000,4484,,0.0,0,,RPQNMLMLIINFFAX86DA,0.0,0.0,0.0,,
馬公市,土地,興崁段485地號,1145.65,,一般農業區,農牧用地,1070630,土地1建物0車位0,,,其他,,,,0.0,0,0,0,有,無,12612000,11009,,0.0,0,,RPQNMLOLIINFFAX96CA,0.0,0.0,0.0,,
馬公市,土地,興崁段489地號,705.55,,一般農業區,農牧用地,1070630,土地1建物0車位0,,,其他,,,,0.0,0,0,0,有,無,8910000,12628,,0.0,0,,RPRNMLOLIINFFAX07CA,0.0,0.0,0.0,,
馬公市,土地,東澳段871地號,179.67,住,,,1071009,土地2建物0車位0,,,其他,,,,0.0,0,0,0,有,無,12289000,68398,,0.0,0,共有人2人,RPSNMLMLIINFFAX96CA,0.0,0.0,0.0,,
馬公市,土地,馬公段1385地號,28.0,商,,,1070911,土地1建物0車位0,,,其他,,,,0.0,0,0,0,有,無,1400000,50000,,0.0,0,,RPPNMLTJJINFFAX27CA,0.0,0.0,0.0,,
馬公市,土地,興仁段832-4地號,1306.55,,一般農業區,農牧用地,1071011,土地2建物0車位0,,,其他,,,,0.0,0,0,0,有,無,7417800,5677,,0.0,0,,RPSNMLOKJINFFAX17CA,0.0,0.0,0.0,,
馬公市,土地,烏崁新段1284地號,368.02,,一般農業區,農牧用地,1071016,土地1建物0車位0,,,其他,,,,0.0,0,0,0,有,無,2000000,5434,,0.0,0,,RPTNMLOKJINFFAX27CA,0.0,0.0,0.0,,
馬公市,建物,澎湖縣馬公市中華路２２４號,0.0,,,,1071001,土地0建物1車位0,全,三層,透天厝,住商用,鋼筋混凝土造,0990322,143.09,4,2,5,有,無,1500000,10483,,0.0,0,親友、員工或其他特殊關係間之交易。；,RPRNMLRJJINFFAX27CA,140.53,2.56,0.0,,
湖西鄉,土地,湖東新段150地號,197.97,,鄉村區,乙種建築用地,1071012,土地3建物0車位0,,,其他,,,,0.0,0,0,0,有,無,1130000,5708,,0.0,0,,RPROMLPLIINFFAX27CA,0.0,0.0,0.0,,
湖西鄉,房地(土地+建物),澎湖縣湖西鄉湖東４２之２號,93.13,,鄉村區,乙種建築用地,1070904,土地1建物1車位0,全,二層,透天厝,住家用,加強磚造,0950102,83.11,2,1,2,有,無,380000,4572,,0.0,0,親友、員工或其他特殊關係間之交易。；含增建或未登記建物。；,RPPNMLKMIINFFAX56CA,83.11,0.0,0.0,,
西嶼鄉,土地,赤馬一段464地號,173.1,,鄉村區,乙種建築用地,1071019,土地1建物0車位0,,,其他,,,,0.0,0,0,0,有,無,500000,2889,,0.0,0,,RPQNMLQLIINFFAX27DA,0.0,0.0,0.0,,
白沙鄉,房地(土地+建物),澎湖縣白沙鄉講美村68號,259.92,,鄉村區,乙種建築用地,1071011,土地2建物1車位0,全,一層,透天厝,住家用,造,,142.32,4,1,4,有,無,3200000,22485,,0.0,0,親友、員工或其他特殊關係間之交易。；,RPSNMLLMIINFFAX07DA,142.32,0.0,0.0,,
馬公市,房地(土地+建物)+車位,澎湖縣馬公市貿商街142號14樓之5,30.32,住,,,1070921,土地2建物1車位1,十四層,十四層,住宅大樓(11層含以上有電梯),集合住宅,鋼筋混凝土造,0950710,184.91,3,1,2,有,無,3380000,18279,坡道平面,0.0,0,親友、員工或其他特殊關係間之交易。；父女間交易另有買受人1人,RPPOMLTJNHOFFAX87DA,101.58,0.0,11.64,,
湖西鄉,土地,龍門南段965地號,234.22,,一般農業區,農牧用地,1070919,土地1建物0車位0,,,其他,,,,0.0,0,0,0,有,無,1000000,4269,,0.0,0,,RPTNMLLJJINFFAX86CA,0.0,0.0,0.0,,
馬公市,土地,文寮段1132地號,50.06,,一般農業區,農牧用地,1071019,土地1建物0車位0,,,其他,,,,0.0,0,0,0,有,無,130000,2597,,0.0,0,,RPPNMLQLIINFFAX07CA,0.0,0.0,0.0,,
馬公市,土地,五福段525-2地號,390.09,,一般農業區,農牧用地,1071016,土地1建物0車位0,,,其他,,,,0.0,0,0,0,有,無,9431000,24176,,0.0,0,,RPOOMLPLIINFFAX96CA,0.0,0.0,0.0,,
馬公市,土地,五福段525地號,390.09,,一般農業區,農牧用地,1071016,土地1建物0車位0,,,其他,,,,0.0,0,0,0,有,無,9431000,24176,,0.0,0,,RPPOMLPLIINFFAX07CA,0.0,0.0,0.0,,
馬公市,土地,雙湖段1045地號,932.07,,一般農業區,農牧用地,1071012,土地1建物0車位0,,,其他,,,,0.0,0,0,0,有,無,39060000,41907,,0.0,0,權利人數：4人變更起造人，含未來興建房屋之費用,RPQNMLPJJINFFAX96CA,0.0,0.0,0.0,,
白沙鄉,土地,講美段187地號,543.03,,風景區,農牧用地,1070720,土地2建物0車位0,,,其他,,,,0.0,0,0,0,有,無,2300000,4235,,0.0,0,,RPPNMLPJJINFFAX86CA,0.0,0.0,0.0,,
馬公市,房地(土地+建物),澎湖縣馬公市石泉2之55號,232.32,,一般農業區,甲種建築用地,1071001,土地1建物1車位0,全,四層,透天厝,住家用,鋼筋混凝土造,1070703,621.4,15,2,16,有,無,30000000,48278,,0.0,0,有電梯,RPSNMLLJJINFFAX86DA,574.63,46.77,0.0,,
馬公市,房地(土地+建物),澎湖縣馬公市石泉2之53號,115.97,,一般農業區,甲種建築用地,1071005,土地1建物1車位0,全,四層,透天厝,住家用,鋼筋混凝土造,1070703,278.8,7,1,7,有,無,13250000,47525,,0.0,0,,RPPNMLNJJINFFAX76DA,256.16,22.64,0.0,,
馬公市,土地,鐵線段961-2地號,307.05,,鄉村區,乙種建築用地,1071013,土地5建物0車位0,,,其他,,,,0.0,0,0,0,有,無,3436000,11190,,0.0,0,,RPRNMLTLIINFFAX57CA,0.0,0.0,0.0,,
馬公市,土地,山水西段508-1地號,400.17,,一般農業區,農牧用地,1070903,土地1建物0車位0,,,其他,,,,0.0,0,0,0,有,無,8000000,19992,,0.0,0,,RPRNMLLJJINFFAX66CA,0.0,0.0,0.0,,
白沙鄉,土地,吉貝東段924地號,58.38,,鄉村區,乙種建築用地,1071021,土地1建物0車位0,,,其他,,,,0.0,0,0,0,有,無,216006,3700,,0.0,0,親友、員工或其他特殊關係間之交易。；,RPQNMLMKJINFFAX86DA,0.0,0.0,0.0,,
馬公市,房地(土地+建物),澎湖縣馬公市成功街3之1號,82.84,住,,,1071018,土地1建物1車位0,全,二層,透天厝,住家用,鋼筋混凝土加強磚造,0720420,95.0,3,3,3,有,無,4860000,51158,,0.0,0,,RPQNMLLJJINFFAX66DA,95.0,0.0,0.0,,
馬公市,土地,文化段255-1地號,64.17,住,,,1071003,土地1建物0車位0,,,其他,,,,0.0,0,0,0,有,無,5009110,78060,,0.0,0,向政府機關承購之案件。；,RPPNMLLJJINFFAX09CA,0.0,0.0,0.0,,
馬公市,土地,文東段614-1地號,594.65,,一般農業區,農牧用地,1071020,土地1建物0車位0,,,其他,,,,0.0,0,0,0,有,無,3767000,6335,,0.0,0,,RPQNMLNJJINFFAX76CA,0.0,0.0,0.0,,
馬公市,土地,五福段883地號,1736.74,,一般農業區,農牧用地,1071022,土地1建物0車位0,,,其他,,,,0.0,0,0,0,有,無,43825000,25234,,0.0,0,共有人7人。農變建專案核准興建住宅,RPRNMLSLJINFFAX57CA,0.0,0.0,0.0,,
馬公市,房地(土地+建物),澎湖縣馬公市三多路５７號三樓之一,12.5,住,,,1071002,土地2建物1車位0,三層,十層,華廈(10層含以下有電梯),住家用,鋼筋混凝土造,0850215,78.62,1,1,1,有,無,2400000,30527,,0.0,0,,RPPNMLRJJINFFAX07CA,46.56,4.8,0.0,,
白沙鄉,土地,通梁東段188地號,2620.72,,一般農業區,農牧用地,1071015,土地5建物0車位0,,,其他,,,,0.0,0,0,0,有,無,2536768,968,,0.0,0,,RPRNMLNKJINFFAX96CA,0.0,0.0,0.0,,
馬公市,房地(土地+建物),澎湖縣馬公市鎖管港１６８３號,107.2,住,,,1071019,土地1建物1車位0,全,二層,透天厝,住家用,鋼筋混凝土加強磚造,0711211,103.46,3,2,2,有,無,2500000,24164,,0.0,0,,RPSNMLPJJINFFAX17CA,103.46,0.0,0.0,,
馬公市,土地,五福段526地號,347.13,,一般農業區,農牧用地,1070927,土地1建物0車位0,,,其他,,,,0.0,0,0,0,有,無,8000000,23046,,0.0,0,,RPSNMLRJJINFFAX37CA,0.0,0.0,0.0,,
馬公市,土地,春暉段620地號,280.97,農,,,1071010,土地1建物0車位0,,,其他,,,,0.0,0,0,0,有,無,6000000,21355,,0.0,0,,RPTNMLRJJINFFAX47CA,0.0,0.0,0.0,,
馬公市,土地,文寮段427地號,898.96,,一般農業區,農牧用地,1071023,土地1建物0車位0,,,其他,,,,0.0,0,0,0,有,無,6438600,7162,,0.0,0,,RPUNMLPJJINFFAX37CA,0.0,0.0,0.0,,
馬公市,土地,五福段807地號,2776.61,,一般農業區,農牧用地,1071022,土地1建物0車位0,,,其他,,,,0.0,0,0,0,有,無,91700000,33026,,0.0,0,農變建移轉土地持分給予權利人共11人內含未來11戶興建之成本9170萬,RPQNMLRJJINFFAX27DA,0.0,0.0,0.0,,
西嶼鄉,土地,二崁南段1435地號,1697.76,,風景區,農牧用地,1071008,土地1建物0車位0,,,其他,,,,0.0,0,0,0,有,無,2037312,1200,,0.0,0,,RPQNMLNJKINFFAX96DA,0.0,0.0,0.0,,
馬公市,房地(土地+建物),澎湖縣馬公市永安街２７號,114.0,住,,,1071102,土地1建物1車位0,全,四層,透天厝,住商用,鋼筋混凝土造,0970122,319.37,6,2,7,有,無,19000000,59492,,0.0,0,,RPPNMLMKJINFFAX66CA,290.58,3.23,25.56,,
湖西鄉,土地,西溪新段812地號,44.72,,鄉村區,乙種建築用地,1071018,土地2建物0車位0,,,其他,,,,0.0,0,0,0,有,無,111394,2491,,0.0,0,親友、員工或其他特殊關係間之交易。；,RPPNMLNKJINFFAX76CA,0.0,0.0,0.0,,
湖西鄉,土地,沙港南段353地號,259.04,,一般農業區,農牧用地,1071028,土地2建物0車位0,,,其他,,,,0.0,0,0,0,有,無,733970,2833,,0.0,0,,RPPNMLOJKINFFAX86CA,0.0,0.0,0.0,,
