﻿編號,土地位置,土地移轉面積(平方公尺),使用分區或編定,權利人持分分母,權利人持分分子,移轉情形,地號
The serial number, land position,land shifting area square meter,the use zoning or compiles and checks,,,,land parcel
RPPNMLMJKHLFFHR66CC,鹽中段,.00,都市：住,,,,04130000
RPPNMLMJKHLFFHR66CC,鹽中段,.00,都市：住,,,,04140000
RPRNMLLJKHLFFER09CC,大營段,25.71,非都市：特定農業區 ; 非都市編定：甲種建築用地,,,,12570014
RPQNMLMJKHLFFHR76CC,二王段,.00,都市：其他:,,,,13380000
RPSNMLNJKHLFFHR07CC,大灣段,10.31,都市：住,,,,62300000
RPOOMLNJKHLFFFR56CC,歸仁南段,113.00,非都市：一般農業區 ; 非都市編定：甲種建築用地,,,,10000019
RPXNMLOJKHLFFAD18CC,金華段,.00,都市：商,,,,01220008
RPXNMLNJKHLFFAD08CC,開元段,.00,都市：住,,,,05970000
RPXNMLNJKHLFFAD08CC,開元段,.00,都市：住,,,,06180000
RPPNMLOJKHLFFCD57CC,虎尾寮段,.00,都市：住,,,,05910019
RPQNMLNJKHLFFFR66CC,八甲段,2500.00,非都市：特定農業區 ; 非都市編定：農牧用地,,,,27680000
RPSOMLOJKHLFFAD77CC,金華段,17.38,都市：住,,,,01680003
RPTNMLOJKHLFFCD97CC,鹽埕段,.00,都市：住,,,,02900762
RPRNMLPJKHLFFBD77CC,科工段,.00,都市：住,,,,04480054
RPRNMLOJKHLFFBD67CC,十字段,.00,都市：住,,,,07410017
RPTOMLPJKHLFFAD97CC,青年段,2.53,都市：住,,,,02540000
RPTPMLPJKHLFFAD08CC,銀同段,70.42,都市：其他:,,,,08650000
RPTOMLPJKHLFFAD97CC,青年段,5.91,都市：住,,,,02550000
RPTOMLPJKHLFFAD97CC,青年段,.24,都市：住,,,,02560000
RPRNMLPKKHLFFER96CC,大營段,87.00,非都市：特定農業區 ; 非都市編定：甲種建築用地,,,,24270022
RPPNMLQKKHLFFBD77CC,和館段,.00,都市：住,,,,00940266
RPPNMLPKKHLFFER76CC,北勢段,43.84,非都市：特定專用區 ; 非都市編定：甲種建築用地,,,,05740009
RPPNMLSKKHLFFCD08CC,育樂段,.00,都市：住,,,,05350000
RPQNMLSKKHLFFCD18CC,竹篙厝段,.00,都市：商,,,,13910002
RPXOMLRKKHLFFAD68CC,立人段,7.74,都市：住,,,,00650004
RPXOMLRKKHLFFAD68CC,立人段,1.01,都市：住,,,,01040000
RPQNMLRKKHLFFCD08CC,光明段,40.50,都市：商,,,,04290007
RPQNMLRKKHLFFCD08CC,光明段,.60,都市：商,,,,04290008
RPQNMLSKKHLFFBD08CC,和館段,.00,都市：住,,,,00940266
RPOOMLSKKHLFFCD08CC,竹篙厝段,6.67,都市：商,,,,39460008
RPOOMLSKKHLFFCD08CC,竹篙厝段,7.50,都市：商,,,,39460011
RPOOMLSKKHLFFCD08CC,竹篙厝段,.10,都市：商,,,,39460012
RPSOMLTKKHLFFAD48DC,南寧段,2933.00,都市：住,,,,07350000
RPQNMLKLKHLFFAD27CC,立人段,.00,都市：其他:,,,,00650004
RPQNMLKLKHLFFAD27CC,立人段,.00,都市：其他:,,,,01040000
RPSNMLKLKHLFFCD67CC,鹽埕段,.00,都市：住,,,,01920007
RPTNMLTKKHLFFCD58CC,仁和段,.00,都市：住,,,,04490058
RPWNMLTKKHLFFAD68CC,金華段,.00,都市：住,,,,00870000
RPPNMLLLKHLFFAD27CC,實踐段,192.64,都市：住,,,,09420000
RPPNMLLLKHLFFAD27CC,實踐段,31.56,都市：其他:,,,,09310000
RPQNMLLLKHLFFAD37CC,中正段,60.01,都市：商,,,,10530000
RPRNMLLLKHLFFAD47CC,立人段,3.26,都市：住,,,,00650000
RPQNMLMLKHLFFAD47CC,小北段,140.00,都市：住,,,,10580044
RPRNMLMLKHLFFCD77CC,竹篙厝段,.00,都市：住,,,,40620000
RPPOMLNLKHLFFER76CC,福壽段,18.86,都市：住,,,,02050000
RPOOMLNLKHLFFCD67CC,東光段,80.00,都市：其他:,,,,60030005
RPXNMLOLKHLFFHR87CC,成功段,.00,都市：住,,,,00340000
RPRNMLTKKHLFFHR67CC,大灣段,.00,都市：住,,,,87350000
RPTOMLOJKHLFFHR37CC,五王段,44.60,都市：住,,,,07860000
RPUNMLSKKHLFFHR87CC,永興段,44.36,都市：住,,,,00130000
RPSNMLOLKHLFFCD08CC,東光段,112.00,都市：其他:,,,,05340015
RPTNMLOJKHLFFHR27CC,兵北段,83.66,都市：住,,,,08190010
RPVNMLOLKHLFFCD38CC,光華段,.00,都市：住,,,,12630000
RPXNMLOLKHLFFCD58CC,竹篙厝段,.00,都市：住,,,,37270002
RPWNMLOLKHLFFCD48CC,竹篙厝段,.00,都市：住,,,,06300182
RPQOMLOLKHLFFCD97CC,仁和段,.00,都市：住,,,,13350000
RPSNMLQLKHLFFCD28CC,新東段,25.83,都市：住,,,,15170000
RPTNMLQLKHLFFCD38CC,新東段,29.66,都市：住,,,,15170000
RPVOMLQLKHLFFCD68CC,竹篙厝段,.00,都市：住,,,,31800000
RPSNMLSKKHLFFFR47CC,崁腳北段,.00,都市：住,,,,02760000
RPOOMLPKKHLFFFR86CC,和愛段,54.01,都市：工,,,,01200000
RPOOMLPKKHLFFFR86CC,和愛段,172.58,都市：工,,,,01210000
RPOOMLPKKHLFFFR86CC,和愛段,41.21,都市：工,,,,01220000
RPOOMLPKKHLFFFR86CC,和愛段,35.10,都市：工,,,,01250000
RPOOMLPKKHLFFFR86CC,和愛段,147.05,都市：工,,,,01260000
RPOOMLPKKHLFFFR86CC,和愛段,38.99,都市：工,,,,01270000
RPOOMLPKKHLFFFR86CC,和愛段,56.87,都市：工,,,,01290000
RPOOMLPKKHLFFFR86CC,和愛段,215.70,都市：工,,,,01300000
RPOOMLPKKHLFFFR86CC,和愛段,51.48,都市：工,,,,01310000
RPSOMLPLKHLFFAD08CC,三民段,115.00,都市：商,,,,01150000
RPQOMLOLKHLFFAD77CC,開元段,.00,都市：住,,,,05970000
RPQOMLOLKHLFFAD77CC,開元段,.00,都市：住,,,,06180000
RPWOMLQLKHLFFCD78CC,虎尾寮段,.00,都市：住,,,,05690079
RPSPMLOLKHLFFAD08CC,小北段,.00,都市：住,,,,11750027
RPPOMLPLKHLFFAD77CC,頂美段,71.06,都市：住,,,,12260000
RPQNMLQLKHLFFHR37CC,南新段,.00,都市：住,,,,01300000
RPTNMLMLKHLFFAD77CC,立人段,.00,都市：住,,,,00520000
RPTOMLQLKHLFFHR77CC,六甲頂段,.00,都市：住,,,,10910000
RPPNMLTLKHLFFBD18CC,新淵段,51.60,都市：其他:,,,,06070019
RPPNMLTLKHLFFBD18CC,新淵段,1.66,都市：其他:,,,,06060002
RPPNMLTLKHLFFBD18CC,新淵段,1.39,都市：其他:,,,,06060005
RPPNMLTLKHLFFBD18CC,新淵段,.56,都市：其他:,,,,06070011
RPPNMLTLKHLFFBD18CC,新淵段,13.95,都市：其他:,,,,06070012
RPPNMLTLKHLFFBD18CC,新淵段,11.16,都市：其他:,,,,06070024
RPSNMLQLKHLFFHR57CC,中興段,.00,都市：住,,,,03200000
RPPOMLLJLHLFFHR76CC,永信段,.00,都市：住,,,,07370000
RPSOMLQLKHLFFHR67CC,永興段,.00,都市：住,,,,00130000
RPTQMLLJLHLFFAD87CC,開元段,.00,都市：住,,,,06250000
RPUPMLNJLHLFFAD08CC,北華段,33.50,都市：其他:建,,,,02940000
RPQPMLNJLHLFFAD67CC,康祥段,.00,都市：住,,,,06950000
RPPQMLNJLHLFFAD67CC,開元段,.00,都市：商,,,,06250000
RPSNMLNJLHLFFBD77CC,怡北段,.00,都市：住,,,,09340000
RPTNMLLJLHLFFER76CC,番子寮段,105.00,非都市：鄉村區 ; 非都市編定：乙種建築用地,,,,13980014
RPQNMLOJLHLFFHR07CC,永仁段,72.43,都市：住,,,,05600000
RPSNMLRJLHLFFBD18CC,新淵段,79.55,都市：住,,,,06070007
RPRNMLOJLHLFFDR76CC,佳里段,66.00,都市：住,,,,10980016
RPRNMLOJLHLFFDR76CC,佳里段,2.00,都市：住,,,,10990006
RPRNMLOJLHLFFCD87CC,裕東段,116.34,都市：住,,,,06350005
RPTNMLOJLHLFFAD87CC,武聖段,97.71,都市：住,,,,25010010
RPSNMLRJLHLFFCR07CC,中段,80.00,都市：住,,,,02020058
RPQNMLSJLHLFFAD97CC,北元段,.00,都市：其他:,,,,01640000
RPPNMLTJLHLFFER17CC,大成段,36.79,都市：其他:,,,,04600000
RPPNMLTJLHLFFER17CC,大成段,36.79,都市：其他:,,,,04610000
RPRNMLTJLHLFFCD38CC,竹篙厝段,75.00,都市：商,,,,27900016
RPQNMLTJLHLFFHR57CC,大灣段,95.00,都市：住,,,,06680015
RPWNMLKKLHLFFCD08CC,竹篙厝段,.00,都市：住,,,,20980000
RPTNMLLKLHLFFFR96CC,歸仁南段,59.00,非都市：鄉村區 ; 非都市編定：乙種建築用地,,,,06140112
RPSOMLTJLHLFFAD38CC,中正段,9.44,都市：住,,,,08080000
RPPNMLNKLHLFFAD47CC,中正段,.00,非都市： ; 非都市編定：,,,,00490000
RPSOMLTJLHLFFAD38CC,中正段,8.39,都市：住,,,,08090000
RPSOMLTJLHLFFAD38CC,中正段,18.18,都市：住,,,,08100000
RPQOMLTJLHLFFAD18CC,中正段,9.44,都市：住,,,,08080000
RPQOMLTJLHLFFAD18CC,中正段,8.39,都市：住,,,,08090000
RPQOMLTJLHLFFAD18CC,中正段,18.18,都市：住,,,,08100000
RPVNMLLKLHLFFAD87CC,康祥段,76.68,都市：住,,,,03120000
RPXNMLOKLHLFFAD38CC,金城段,184.00,都市：商,,,,00170015
RPXNMLOKLHLFFAD38CC,金城段,185.00,都市：商,,,,00170016
RPROMLOKLHLFFAD87CC,金華段,68.13,都市：其他:,,,,01330000
RPTOMLOKLHLFFAD08CC,新南段,.00,非都市： ; 非都市編定：,,,,00390007
RPQNMLOKLHLFFER86CC,善昌段,79.00,都市：住,,,,11000008
RPRNMLOKLHLFFBD87CC,溪心段,.00,都市：住,,,,03440002
RPPNMLNKLHLFFCD67CC,竹篙厝段,4376.00,都市：商,,,,22330000
RPOOMLOKLHLFFCD77CC,竹篙厝段,.00,非都市： ; 非都市編定：,,,,14690000
RPXNMLOKLHLFFCD58CC,日新段,.00,非都市： ; 非都市編定：,,,,02170000
RPXNMLOKLHLFFCD58CC,日新段,.00,非都市： ; 非都市編定：,,,,09010000
RPOOMLKKLHLFFCD37CC,竹篙厝段,.00,都市：商,,,,16780008
RPSNMLLKLHLFFCD77CC,虎尾寮段,4.02,都市：其他:部分商業區、部分住宅區。,,,,04610000
RPVNMLPKLHLFFAD38DC,新南段,22.27,都市：住,,,,00430001
RPUNMLPKLHLFFBD38DC,海佃段,95.99,都市：住,,,,08080000
RPUNMLPKLHLFFBD38DC,海佃段,9.02,都市：住,,,,08080001
RPRNMLPKLHLFFAD97DC,環河段,.00,都市：商,,,,23360000
RPPOMLPKLHLFFAD87DC,金華段,7.60,都市：住,,,,00720000
RPPNMLPKLHLFFAD67CC,南寧段,8.59,都市：住,,,,04390000
RPSNMLPKLHLFFBD18DC,海佃段,95.99,都市：住,,,,08080000
RPSNMLPKLHLFFBD18DC,海佃段,9.02,都市：住,,,,08080001
RPQNMLPKLHLFFAD77CC,立人段,7.97,都市：其他:,,,,00650003
RPSNMLQKLHLFFAD08CC,北華段,.00,都市：其他:,,,,09080000
RPSNMLQKLHLFFAD08CC,北華段,.00,都市：其他:,,,,09150000
RPSNMLPKLHLFFAD97CC,南寧段,9.58,都市：住,,,,60060076
RPOPMLQKLHLFFAD87CC,金華段,.00,都市：住,,,,00010009
RPPOMLPKLHLFFCD97CC,鹽埕段,10.32,都市：住,,,,00570014
RPPOMLPKLHLFFCD97CC,鹽埕段,.31,都市：住,,,,00570062
RPQNMLQKLHLFFCD08CC,大同段,88.78,都市：商,,,,13300000
RPUNMLKKLHLFFHR17CC,六合段,.00,都市：住,,,,10730000
RPQNMLLKLHLFFHR86CC,六甲頂段,229.00,都市：住,,,,05860000
RPPNMLRKLHLFFHR37CC,南新段,.00,都市：住,,,,09000000
RPWNMLKKLHLFFHR37CC,永中段,22.09,都市：住,,,,02900000
RPUOMLQKLHLFFHR87CC,成功段,14.71,都市：商,,,,01670000
RPUNMLRKLHLFFHR87CC,六合段,111.84,都市：住,,,,09190003
RPVNMLKKLHLFFHR27CC,永中段,22.09,都市：住,,,,02900000
RPTNMLRKLHLFFHR77CC,六甲頂段,.00,非都市： ; 非都市編定：,,,,04160000
RPTNMLRKLHLFFHR77CC,六甲頂段,.00,非都市： ; 非都市編定：,,,,04170000
RPXNMLQKLHLFFHR08CC,崑山段,82.12,都市：住,,,,01560000
RPXNMLQKLHLFFHR08CC,崑山段,82.11,都市：住,,,,01570000
RPTNMLPKLHLFFHR57CC,崑山段,44.61,都市：住,,,,06970000
RPTNMLPKLHLFFHR57CC,崑山段,11.06,都市：住,,,,06960000
RPVNMLRKLHLFFHR97CC,六合段,.00,都市：住,,,,08870000
RPVNMLRKLHLFFHR97CC,六合段,.00,都市：住,,,,08880000
RPWNMLRKLHLFFER77CC,福壽段,203.53,都市：住,,,,11280000
RPUNMLRKLHLFFER57CC,新北段,322.59,都市：其他:,,,,01490000
RPVNMLRKLHLFFCD68CC,大林段,.00,非都市： ; 非都市編定：,,,,04050000
RPXNMLRKLHLFFER87CC,善駕段,.00,非都市： ; 非都市編定：,,,,00970000
RPPOMLRKLHLFFCD18CC,鹽埕段,.00,非都市： ; 非都市編定：,,,,01920007
RPOOMLRKLHLFFCD08CC,竹篙厝段,.00,非都市： ; 非都市編定：,,,,21630000
RPPNMLRKLHLFFAD87CC,富台段,.00,都市：住,,,,06440000
RPTOMLRKLHLFFCD58CC,竹篙厝段,.00,都市：住,,,,06100000
RPTOMLRKLHLFFCD58CC,竹篙厝段,.00,都市：住,,,,06300245
RPSNMLSKLHLFFHR77CC,六合段,.00,都市：住,,,,10730000
RPSNMLTKLHLFFHR87CC,六合段,.00,非都市： ; 非都市編定：,,,,09630000
RPWNMLRKLHLFFHR08CC,蜈蜞潭段,.00,非都市： ; 非都市編定：,,,,19700026
RPQNMLTKLHLFFFR47CC,崁腳北段,.00,非都市： ; 非都市編定：,,,,13850000
RPXNMLRKLHLFFHR18CC,永信段,.00,都市：住,,,,09880000
RPSNMLTKLHLFFAD38CC,上鯤鯓段,.00,非都市： ; 非都市編定：,,,,05250000
RPQNMLKLLHLFFAD37CC,立人段,4.35,都市：住,,,,00650003
RPRNMLKLLHLFFAD47CC,北華段,94.00,都市：其他:,,,,08500000
RPTNMLLLLHLFFFR07CC,清水段,91.73,都市：住,,,,08960028
RPWNMLMLLHLFFAD18CC,青年段,257.18,都市：住,,,,03060000
RPXNMLMLLHLFFAD28CC,中正段,4.42,都市：其他:,,,,09350000
RPSNMLLLLHLFFAR09CC,新東段,1.95,都市：住,,,,05830000
RPPNMLLLLHLFFBD47CC,朝皇段,211.68,都市：住,,,,06850000
RPTNMLNLLHLFFAD97CC,新南段,.00,非都市： ; 非都市編定：,,,,00240025
RPVNMLMLLHLFFAD08CC,仁愛段,83.00,都市：住,,,,04680042
RPRNMLNLLHLFFAD77CC,金城段,.00,非都市： ; 非都市編定：,,,,00740008
RPWNMLTKLHLFFCD98CC,仁和段,.00,非都市： ; 非都市編定：,,,,08930011
RPTNMLNLLHLFFCD18CC,鹽埕段,.00,非都市： ; 非都市編定：,,,,20470001
RPUNMLNLLHLFFCD28CC,新東段,.00,都市：其他:,,,,15510010
RPXNMLNLLHLFFCD58CC,東安段,.00,都市：住,,,,04800004
RPUOMLLLLHLFFCD18CC,竹篙厝段,309.00,都市：商,,,,40160001
RPVNMLTKLHLFFCD88CC,竹篙厝段,.00,非都市： ; 非都市編定：,,,,36690001
RPWNMLNLLHLFFCD48CC,新東段,52.00,都市：其他:,,,,19200000
RPRNMLNLLHLFFCD97CC,育樂段,.00,非都市： ; 非都市編定：,,,,13770000
RPOOMLTKLHLFFCD28CC,鹽埕段,.00,非都市： ; 非都市編定：,,,,25460001
RPVNMLNLLHLFFCD38CC,新東段,52.00,都市：其他:,,,,19200000
RPSNMLOLLHLFFCD18CC,虎尾寮段,.00,非都市： ; 非都市編定：,,,,04590000
RPUNMLOLLHLFFCD38CC,龍山段,.00,非都市： ; 非都市編定：,,,,10310000
RPOOMLNLLHLFFCD77CC,竹篙厝段,.00,都市：其他:,,,,07970001
RPSOMLNLLHLFFFR27CC,德南段,.00,都市：商,,,,06760001
RPSOMLNLLHLFFFR27CC,德南段,.00,都市：商,,,,06760000
RPTNMLOLLHLFFHR57CC,永和段,.00,非都市： ; 非都市編定：,,,,06770000
RPQNMLOLLHLFFAD77CC,金華段,.00,非都市： ; 非都市編定：,,,,01330000
RPWNMLPLLHLFFHR97CC,鹽北段,296.00,都市：其他:空白,,,,15790056
RPQNMLQLLHLFFBD08CC,新淵段,329.02,都市：其他:,,,,03310002
RPQNMLQLLHLFFBD08CC,新淵段,164.51,都市：其他:,,,,03310000
RPROMLTLLHLFFAD48CC,開元段,.00,都市：住,,,,06250000
RPWOMLTLLHLFFAD98CC,建興段,.00,都市：住,,,,01160000
RPWOMLTLLHLFFAD98CC,建興段,.00,都市：住,,,,60000049
RPWPMLPLLHLFFAD68CC,郡王段,.00,非都市： ; 非都市編定：,,,,02560001
RPWPMLPLLHLFFAD68CC,郡王段,.00,非都市： ; 非都市編定：,,,,02780000
RPWPMLPLLHLFFAD68CC,郡王段,.00,非都市： ; 非都市編定：,,,,02790000
RPWPMLPLLHLFFAD68CC,郡王段,.00,非都市： ; 非都市編定：,,,,02800000
RPSPMLTLLHLFFAD68CC,觀音段,.00,都市：商,,,,06480000
RPSPMLTLLHLFFAD68CC,觀音段,.00,都市：商,,,,06490000
RPSPMLTLLHLFFAD68CC,觀音段,.00,都市：商,,,,06500000
RPVOMLPLLHLFFAD48CC,金華段,.00,非都市： ; 非都市編定：,,,,00450001
RPOOMLOLLHLFFAD67CC,金華段,.00,非都市： ; 非都市編定：,,,,01050001
RPWOMLTLLHLFFER18CC,新豐段,27.58,都市：住,,,,02400000
RPXNMLTLLHLFFHR48CC,崑山段,.00,都市：住,,,,01780000
RPQNMLKMLHLFFER66CC,七王段,25.47,都市：其他:,,,,04420000
RPQNMLKMLHLFFER66CC,七王段,2.95,都市：其他:,,,,04500000
RPSNMLOLLHLFFAD97CC,南寧段,.00,非都市： ; 非都市編定：,,,,06060000
RPTNMLKMLHLFFCD08DC,公英段,33.01,都市：住,,,,00080000
RPSNMLTLLHLFFBD58CC,安慶段,.00,都市：工,,,,13050000
RPQNMLKMLHLFFAD47CC,金華段,87.25,都市：住,,,,01070061
RPVNMLKMLHLFFDR17DC,佳里段,66.00,都市：住,,,,18720028
RPVNMLKMLHLFFDR17DC,佳里段,11.00,都市：住,,,,18720034
RPVNMLKMLHLFFCD18CC,光華段,.00,非都市： ; 非都市編定：,,,,02070000
RPXOMLLJMHLFFCD38CC,虎尾寮段,.00,非都市： ; 非都市編定：,,,,04610000
RPPNMLSLLHLFFCD28CC,裕東段,.00,都市：住,,,,01700000
RPPNMLSLLHLFFCD28CC,裕東段,.00,都市：住,,,,01700017
RPPNMLSLLHLFFCD28CC,裕東段,.00,都市：住,,,,01700028
RPWOMLLJMHLFFCD28CC,鹽埕段,.00,非都市： ; 非都市編定：,,,,02900762
RPXNMLTLLHLFFCD56CC,光明段,.00,都市：住,,,,05820012
RPVNMLOLLHLFFCD48CC,虎尾寮段,67.00,都市：住,,,,05110000
RPVNMLOLLHLFFCD48CC,虎尾寮段,27.00,都市：住,,,,05110020
RPVNMLOLLHLFFCD48CC,虎尾寮段,17.00,都市：住,,,,05110030
RPVNMLOLLHLFFCD48CC,虎尾寮段,29.00,都市：住,,,,05110040
RPTOMLLJMHLFFCD97CC,竹篙厝段,5.37,都市：其他:,,,,18780000
RPXNMLLJMHLFFCD28CC,鹽埕段,.00,非都市： ; 非都市編定：,,,,01920007
RPQOMLLJMHLFFCD67CC,鹽埕段,.00,非都市： ; 非都市編定：,,,,01920007
RPPOMLLJMHLFFCD57CC,鹽埕段,.00,非都市： ; 非都市編定：,,,,01920007
RPOPMLLJMHLFFCD57CC,大林段,.00,非都市： ; 非都市編定：,,,,04050000
RPQNMLLJMHLFFAD37CC,仁愛段,14.52,都市：住,,,,10890000
RPQPMLLJMHLFFCD77CC,鹽埕段,.00,非都市： ; 非都市編定：,,,,26170000
RPQPMLLJMHLFFCD77CC,鹽埕段,.00,非都市： ; 非都市編定：,,,,26170003
RPQPMLLJMHLFFCD77CC,鹽埕段,.00,非都市： ; 非都市編定：,,,,26180000
RPRNMLLJMHLFFCD77DC,竹篙厝段,120.00,都市：住,,,,09750000
RPPNMLNJMHLFFCR09CC,保安段,.00,都市：其他:,,,,07690000
RPPNMLNJMHLFFCR09CC,保安段,.00,都市：其他:,,,,07780000
RPPNMLPJMHLFFER86CC,大榮段,11.89,都市：住,,,,07780000
RPPNMLPJMHLFFER86CC,大榮段,.65,都市：住,,,,07790000
RPPNMLPJMHLFFER86CC,大榮段,8.02,都市：住,,,,07800000
RPRNMLPJMHLFFCD08CC,府連段,.00,都市：住,,,,08360000
RPRNMLPJMHLFFCD08CC,府連段,.00,都市：住,,,,08370000
RPPPMLLJMHLFFCD67CC,新東段,.00,非都市： ; 非都市編定：,,,,04740000
RPPPMLLJMHLFFCD67CC,新東段,.00,非都市： ; 非都市編定：,,,,04750000
RPPPMLLJMHLFFCD67CC,新東段,.00,非都市： ; 非都市編定：,,,,05190000
RPQNMLMJMHLFFAR88CC,大同段,209.08,都市：住,,,,01020000
RPQNMLMJMHLFFHR96CC,永信段,.00,都市：其他:,,,,02990000
RPVNMLQJMHLFFAD48DC,保安段,77.00,都市：住,,,,19960000
RPQNMLRJMHLFFAD97CC,新美段,.00,非都市： ; 非都市編定：,,,,06290000
RPSNMLRJMHLFFAR96CC,歡雅段,100.79,非都市：鄉村區 ; 非都市編定：乙種建築用地,,,,11390000
RPPNMLRJMHLFFCD08CC,竹篙厝段,.00,非都市： ; 非都市編定：,,,,35720004
RPSNMLRJMHLFFAD18CC,北安段,83.72,都市：住,,,,01110005
RPWNMLRJMHLFFAD58CC,中正段,3.17,都市：其他:,,,,09350000
RPPNMLTJMHLFFCD28CC,虎尾寮段,.00,都市：住,,,,03740002
RPPNMLTJMHLFFHR57CC,中興段,.00,都市：住,,,,03070000
RPQNMLTJMHLFFHR67CC,鹽新段,.00,非都市： ; 非都市編定：,,,,04790000
RPXNMLSJMHLFFCD98CC,竹篙厝段,.00,都市：住,,,,06300176
RPRNMLTJMHLFFHR77CC,六甲頂段,.00,非都市： ; 非都市編定：,,,,08770001
RPSNMLTJMHLFFHR87CC,永強段,.00,非都市： ; 非都市編定：,,,,06080000
RPUNMLLKMHLFFHR37CC,鹽埕段,.00,都市：住,,,,06640000
RPTNMLMKMHLFFCD08CC,光明段,34.30,都市：住,,,,04230011
RPSNMLMKMHLFFAR66DC,忠義段,87.00,非都市：特定農業區 ; 非都市編定：甲種建築用地,,,,05710010
RPUNMLLKMHLFFER07CC,港子墘段,1401.00,非都市：特定農業區 ; 非都市編定：農牧用地,,,,08620000
RPXNMLMKMHLFFCD48CC,光明段,27.50,都市：住,,,,05710012
RPPNMLQJMHLFFBD87CC,溪東段,.00,都市：住,,,,14600000
RPRNMLMKMHLFFAD67CC,金城段,.00,都市：住,,,,00550052
RPOOMLNKMHLFFAD57CC,福安段,128.07,都市：商,,,,07020000
RPSOMLNKMHLFFAD97CC,富台段,.00,都市：住,,,,10230000
RPQOMLNKMHLFFAD77CC,北安段,.00,都市：住,,,,00560108
RPQNMLTJMHLFFAD18CC,光賢段,.00,都市：住,,,,03830000
RPPOMLNKMHLFFAD67CC,北安段,151.69,都市：住,,,,00560156
RPXNMLNKMHLFFAD38CC,開元段,.00,都市：住,,,,04820000
RPSNMLTJMHLFFAD38CC,金華段,.00,非都市： ; 非都市編定：,,,,00220044
RPPNMLTJMHLFFAD08CC,新南段,.00,都市：住,,,,00710001
RPOPMLSJMHLFFAD08CC,正興段,.00,都市：住,,,,04960008
RPOPMLNKMHLFFAD67CC,康祥段,.00,都市：住,,,,03490000
RPRNMLNKMHLFFBD87CC,淵南段,.00,都市：住,,,,00350033
RPUNMLNKMHLFFHR57CC,六甲頂段,.00,都市：住,,,,12500000
RPUNMLNKMHLFFBD18CC,安和段,.00,都市：工,,,,00850000
RPTNMLNKMHLFFER17CC,新平段,.00,都市：住,,,,06490000
RPQNMLPKMHLFFCD08CC,光明段,.00,都市：住,,,,03480000
RPTOMLNKMHLFFAD08CC,富台段,.00,都市：住,,,,10230000
RPPNMLOKMHLFFCD87CC,虎尾寮段,.00,都市：住,,,,04590000
RPQNMLOKMHLFFCD97CC,鹽埕段,100.00,都市：住,,,,02820121
RPTNMLPKMHLFFCD38CC,府連段,.00,都市：住,,,,00560000
RPUNMLPKMHLFFCD48CC,新興段,.00,非都市： ; 非都市編定：,,,,02770000
RPUNMLPKMHLFFCD48CC,新興段,.00,非都市： ; 非都市編定：,,,,02770002
RPXNMLPKMHLFFCD78CC,新興段,.00,非都市： ; 非都市編定：,,,,02770000
RPXNMLPKMHLFFCD78CC,新興段,.00,非都市： ; 非都市編定：,,,,02770002
RPVNMLPKMHLFFHR87CC,六甲頂段,.00,都市：住,,,,10910000
RPWNMLPKMHLFFHR97CC,六甲頂段,98.00,都市：住,,,,09080006
RPWNMLPKMHLFFHR97CC,六甲頂段,101.00,都市：住,,,,09080005
RPWNMLPKMHLFFHR97CC,六甲頂段,103.00,都市：住,,,,09080004
RPWNMLPKMHLFFHR97CC,六甲頂段,107.00,都市：住,,,,09080003
RPRPMLPKMHLFFFR47CC,武東段,.00,非都市： ; 非都市編定：,,,,05290017
RPPNMLQKMHLFFCD08CC,東光段,.00,都市：住,,,,03210000
RPQNMLQKMHLFFCD18CC,育樂段,.00,都市：住,,,,04200000
RPSNMLQKMHLFFCD38CC,新東段,.00,都市：住,,,,14080005
RPRNMLQKMHLFFCD28CC,東光段,.00,非都市： ; 非都市編定：,,,,05510001
RPTNMLQKMHLFFCD48CC,光明段,.00,都市：住,,,,03480004
RPUNMLQKMHLFFCD58CC,鹽埕段,.00,都市：住,,,,00740019
RPVNMLQKMHLFFCD68CC,育樂段,.00,都市：住,,,,07750000
RPWNMLQKMHLFFCD78CC,鹽埕段,87.00,都市：商,,,,01500173
RPPNMLRKMHLFFCD18CC,龍山段,.00,都市：住,,,,04060000
RPPNMLRKMHLFFCD18CC,龍山段,.00,都市：住,,,,04360000
RPRNMLQKMHLFFHR57CC,自強段,103.62,都市：住,,,,07970000
RPSNMLQKMHLFFHR67CC,六甲頂段,.00,都市：住,,,,12500000
RPPOMLPKMHLFFHR37CC,仁愛段,.00,非都市： ; 非都市編定：,,,,03820000
RPRNMLRKMHLFFAD18CC,中山段,.00,都市：住,,,,02140000
RPSOMLSKMHLFFAD48CC,南寧段,.00,都市：住,,,,60060040
RPROMLPKMHLFFAD08CC,正興段,.00,非都市： ; 非都市編定：,,,,09320010
RPRNMLQKMHLFFAD08CC,妙壽段,61.83,都市：住,,,,00180001
RPRNMLQKMHLFFAD08CC,妙壽段,61.83,都市：住,,,,00180004
RPPOMLPKMHLFFAD87CC,金城段,.00,都市：住,,,,00170024
RPSNMLPKMHLFFAD08CC,建興段,.00,都市：商,,,,05590002
RPPNMLSKMHLFFER27CC,信義段,1.00,都市：其他:,,,,07790080
RPSNMLSKMHLFFHR87CC,南工段,.00,都市：住,,,,00440000
RPSNMLSKMHLFFHR87CC,南工段,.00,都市：住,,,,01410000
RPRNMLSKMHLFFFR57CC,後壁段,.00,都市：住,,,,00940000
RPPOMLSKMHLFFHR67CC,永和段,.00,都市：其他:,,,,06710000
RPVNMLTKMHLFFHR28CC,頂南段,.00,非都市： ; 非都市編定：,,,,04380000
RPWNMLTKMHLFFHR38CC,永興段,.00,非都市： ; 非都市編定：,,,,00130000
RPUNMLTKMHLFFAD68CC,觀音段,.00,非都市： ; 非都市編定：,,,,07130000
RPXNMLTKMHLFFAD98CC,金華段,.00,非都市： ; 非都市編定：,,,,00030098
RPUNMLKLMHLFFAD87CC,小北段,.00,都市：住,,,,11180024
RPTNMLKLMHLFFAD77CC,仁愛段,.00,都市：住,,,,10940003
RPPOMLTKMHLFFAD28CC,南寧段,.00,非都市： ; 非都市編定：,,,,60140057
RPPOMLTKMHLFFAD28CC,南寧段,.00,非都市： ; 非都市編定：,,,,60200015
RPOOMLTKMHLFFAD18CC,金華段,.00,非都市： ; 非都市編定：,,,,01050001
RPRNMLLLMHLFFAD67CC,華興段,.00,都市：住,,,,09090006
RPSNMLLLMHLFFAD77CC,觀音段,3.19,都市：其他:,,,,03060000
RPTNMLLLMHLFFBD97CC,和館段,.00,都市：住,,,,00340148
RPQOMLMLMHLFFAD87DC,金城段,101.00,都市：住,,,,00210040
RPSOMLKLMHLFFCD97CC,竹篙厝段,.00,非都市： ; 非都市編定：,,,,07630005
RPPOMLSKMHLFFCD38CC,鹽埕段,.00,都市：住,,,,02900745
RPOOMLKLMHLFFCD57CC,德高段,.00,都市：住,,,,14830002
RPQOMLKLMHLFFCD77CC,鹽埕段,.00,都市：住,,,,02090004
RPWNMLSKMHLFFCD98CC,光明段,.00,都市：住,,,,60000000
RPSOMLTKMHLFFCD78CC,日新段,.00,都市：住,,,,02350000
RPSOMLTKMHLFFCD78CC,日新段,.00,都市：住,,,,02350001
RPSOMLTKMHLFFCD78CC,日新段,.00,都市：住,,,,02340000
RPSOMLTKMHLFFCD78CC,日新段,.00,都市：住,,,,02340001
RPTOMLTKMHLFFCD88CC,竹篙厝段,.00,都市：商,,,,29640006
RPTOMLTKMHLFFCD88CC,竹篙厝段,.00,都市：商,,,,29640007
RPXNMLSKMHLFFCD09CC,虎尾寮段,.00,都市：住,,,,03660001
RPSNMLSKMHLFFCD58CC,裕東段,31.34,都市：住,,,,06650000
RPSNMLMLMHLFFAD87CC,金華段,132.35,都市：住,,,,00110085
RPQPMLMLMHLFFAD87CC,裕民段,.00,都市：住,,,,07220000
RPTNMLMLMHLFFCD18CC,竹篙厝段,3368.00,都市：住,,,,06100000
RPPNMLNLMHLFFCD87CC,竹篙厝段,7.00,都市：其他:,,,,40260000
RPQNMLNLMHLFFCD97CC,竹篙厝段,21.79,都市：其他:,,,,27890000
RPSNMLPLMHLFFAD18CC,金華段,628.09,都市：商,,,,01350000
RPTOMLQLMHLFFAD48CC,金華段,12.47,都市：其他:,,,,00880000
RPVNMLQLMHLFFAD58CC,永安段,19.00,都市：住,,,,13930006
RPVNMLQLMHLFFAD58CC,永安段,106.00,都市：住,,,,18420000
RPOOMLQLMHLFFCD18CC,竹篙厝段,.00,都市：住,,,,38680000
RPOOMLQLMHLFFCD18CC,竹篙厝段,.00,都市：住,,,,38680001
RPOOMLSLMHLFFHR67CC,頂安段,.00,都市：住,,,,06700000
RPUNMLQLMHLFFHR97CC,六甲頂段,.00,都市：住,,,,10910000
RPVNMLQLMHLFFHR08CC,兵南段,.00,都市：商,,,,00840000
RPOOMLSLMHLFFCD38CC,東光段,499.00,都市：其他:,,,,06090000
RPXNMLQLMHLFFCD98CC,公英段,.00,都市：住,,,,02120000
RPPNMLSLMHLFFAD18CC,金城段,193.00,都市：住,,,,00520008
RPPNMLSLMHLFFAD18CC,金城段,150.00,都市：住,,,,00520009
RPPNMLSLMHLFFAD18CC,金城段,141.00,都市：住,,,,00520015
RPPNMLSLMHLFFAD18CC,金城段,151.00,都市：住,,,,00520018
RPRNMLRLMHLFFHR77CC,鹽埕段,.00,都市：住,,,,02620000
RPTNMLQLMHLFFHR87CC,六甲頂段,.00,都市：住,,,,14480019
RPSNMLSLMHLFFDR57CC,廣安段,69.40,都市：住,,,,00360000
RPSNMLSLMHLFFAD48CC,白金段,.00,都市：住,,,,04580000
RPSNMLSLMHLFFAD48CC,白金段,.00,都市：住,,,,04590000
RPRNMLSLMHLFFAD38CC,立人段,3.98,都市：住,,,,00650003
RPTNMLSLMHLFFAD58CC,開元段,.00,都市：住,,,,04830000
RPUNMLTLMHLFFHR28CC,鹽南段,1239.67,都市：工,,,,02890000
RPPOMLTLMHLFFCD58CC,光華段,.00,都市：住,,,,00990000
RPQNMLKMMHLFFBD67CC,安中段,92.48,都市：住,,,,07560006
RPPNMLKMMHLFFAD47CC,青年段,11.90,都市：商,,,,00670000
RPPNMLKMMHLFFAD47CC,青年段,59.52,都市：商,,,,00690000
RPPNMLKMMHLFFBD57CC,和業段,449.21,都市：農,,,,01060000
RPPNMLKMMHLFFBD57CC,和業段,232.07,都市：農,,,,01060001
RPPNMLKMMHLFFBD57CC,和業段,486.08,都市：農,,,,01070000
RPPNMLKMMHLFFBD57CC,和業段,11.21,都市：農,,,,01070003
