﻿編號,土地位置,土地移轉面積(平方公尺),使用分區或編定,權利人持分分母,權利人持分分子,移轉情形,地號
The serial number, land position,land shifting area square meter,the use zoning or compiles and checks,,,,land parcel
RPRNMLLJKHLFFBE47CC,意誠段,3.66,都市：住,,,,01990000
RPSNMLLJKHLFFBE57CC,過田子段,162.00,都市：商,,,,05810002
RPPOMLLJKHLFFBE37CC,正德段,35.62,都市：商,,,,07430000
RPUNMLLJKHLFFBE77CC,大統段二小段,82.00,都市：商,,,,11930000
RPQOMLLJKHLFFBE47CC,意誠段,2.70,都市：商,,,,01990000
RPPNMLLJKHLFFDE47CC,建昌段,16.16,都市：商,,,,04480000
RPPNMLLJKHLFFDE47CC,建昌段,12.26,都市：住,,,,04480001
RPUNMLLJKHLFFDE97CC,建豐段,58.00,都市：住,,,,00910000
RPXNMLLJKHLFFDE28CC,三塊厝段一小段,3.00,都市：商,,,,10850001
RPWOMLLJKHLFFCE18CC,愛群段,.00,都市：商,,,,10810000
RPTOMLLJKHLFFCE87CC,竹北段,19.65,都市：住,,,,17040000
RPUOMLLJKHLFFCE97CC,瑞隆段一小段,30.50,都市：住,,,,08070000
RPUNMLLJKHLFFCE87CC,佛公段,.00,都市：商,,,,06220000
RPVOMLLJKHLFFEE28CC,新光段,19.06,都市：住,,,,00160000
RPUOMLLJKHLFFEE18CC,新庄段十三小段,7.68,都市：商,,,,15090000
RPSOMLLJKHLFFEE97CC,新光段,12.75,都市：商,,,,03660000
RPROMLLJKHLFFEE87CC,新庄段十三小段,6.24,都市：商,,,,14450000
RPWOMLLJKHLFFEE38CC,新光段,11.29,都市：住,,,,00160000
RPTOMLLJKHLFFEE08CC,福山段,8.09,都市：商,,,,03170000
RPSOMLLJKHLFFBE67CC,新興段四小段,6.63,都市：商,,,,24000000
RPWNMLLJKHLFFGE48CC,二甲段,167.00,都市：住,,,,00440027
RPUNMLLJKHLFFIE48CC,竹園段,240.00,都市：工,,,,13850044
RPSOMLLJKHLFFFE08CC,岡山段,84.00,都市：住,,,,03980048
RPVNMLLJKHLFFIE58CC,竹園段,231.00,都市：工,,,,13850043
RPWNMLLJKHLFFIE68CC,竹園段,236.00,都市：工,,,,13850042
RPQPMLLJKHLFFCE77DC,獅甲段二小段,30.31,都市：住,,,,05910000
RPSNMLMJKHLFFDE87CC,灣立段,74.32,都市：商,,,,00520000
RPTOMLMJKHLFFCE97CC,光華段,.00,都市：商,,,,12410000
RPRNMLMJKHLFFBE57CC,林德官段一小段,.00,都市：住,,,,19600000
RPQNMLNJKHLFFBE57CC,過田子段,.00,都市：商,,,,11360000
RPSNMLNJKHLFFBE77CC,意誠段,.00,都市：商,,,,01990000
RPTNMLNJKHLFFBE87CC,意誠段,.00,都市：商,,,,01990000
RPTOMLLJKHLFFIE48CC,興工段,11.44,都市：商,,,,02040000
RPWNMLNJKHLFFCE28CC,憲德段二小段,.00,都市：商,,,,00260004
RPVNMLNJKHLFFDE28CC,義民段,.00,都市：住,,,,10080000
RPXPMLNJKHLFFDE68CC,灣和段,.00,都市：住,,,,00530000
RPXNMLNJKHLFFEE68DC,菜公段四小段,52.00,都市：住,,,,10470000
RPRNMLNJKHLFFFE08CC,下竹圍段,22.17,都市：住,,,,00100005
RPQQMLMJKHLFFEE08CC,加昌段一小段,27.82,都市：住,,,,17370000
RPRPMLNJKHLFFGE38CC,五甲段,127.00,都市：住,,,,11860019
RPOPMLLJKHLFFEE67CC,新庄段十三小段,6.70,都市：商,,,,14450000
RPSPMLLJKHLFFEE08CC,福山段,10.30,都市：商,,,,02910000
RPUPMLLJKHLFFEE28CC,新庄段十三小段,11.04,都市：住,,,,14020000
RPUNMLOJKHLFFDE28CC,大港段四小段,208.00,都市：商,,,,31220000
RPOOMLOJKHLFFDE77CC,灣立段,.00,都市：商,,,,04620000
RPROMLOJKHLFFEE18CC,新庄段十三小段,8.67,都市：商,,,,14450000
RPOOMLOJKHLFFCE67CC,籬子內段籬子內小段,24.07,都市：住,,,,12480000
RPVOMLOJKHLFFCE38CC,憲德段一小段,.00,都市：商,,,,08040001
RPSOMLOJKHLFFEE28CC,菜公段六小段,13.29,都市：住,,,,11020000
RPROMLOJKHLFFCE97CC,愛群段,11.44,都市：商,,,,27710000
RPQPMLOJKHLFFCE97CC,獅甲段三小段,88.57,都市：商,,,,06280005
RPVNMLOJKHLFFBE18CC,五塊厝段三小段,.00,非都市： ; 非都市編定：,,,,26910000
RPPNMLPJKHLFFBE67CC,新興段四小段,.00,都市：商,,,,23180000
RPSNMLPJKHLFFBE97CC,福東段,70.00,都市：商,,,,04630000
RPTNMLOJKHLFFBE97CC,大統段二小段,.00,非都市： ; 非都市編定：,,,,11730000
RPUNMLPJKHLFFBE18CC,林德官段,80.00,都市：商,,,,11800007
RPQOMLPJKHLFFBE87CC,新興段四小段,60.71,都市：商,,,,15110000
RPTNMLPJKHLFFBE08CC,林德官段,80.00,都市：商,,,,11800007
RPVOMLPJKHLFFCE48CC,獅甲段,3.56,都市：商,,,,03310000
RPVOMLPJKHLFFCE48CC,獅甲段,1.13,都市：商,,,,03300000
RPVNMLPJKHLFFEE58CC,新庄段六小段,5.95,都市：住,,,,09130000
RPWNMLPJKHLFFEE68CC,新福段七小段,11.19,都市：住,,,,00050000
RPXNMLPJKHLFFEE78CC,新庄段十三小段,8.93,都市：商,,,,15090000
RPSOMLPJKHLFFDE28CC,獅頭段一小段,2919.00,都市：住,,,,14470000
RPVNMLPJKHLFFFE68CC,為隨段,18.00,非都市：特定農業區 ; 非都市編定：丁種建築用地,,,,06780025
RPVNMLPJKHLFFFE68CC,為隨段,240.00,非都市：特定農業區 ; 非都市編定：丁種建築用地,,,,06790020
RPWNMLPJKHLFFFE78CC,大仁段,82.00,都市：住,,,,11290002
RPPNMLNKKHLFFEE87CC,後勁段二小段,515.00,都市：住,,,,08820000
RPPNMLNKKHLFFEE87CC,後勁段二小段,64.00,都市：住,,,,08810000
RPPNMLNKKHLFFEE87CC,後勁段二小段,232.00,都市：住,,,,08710000
RPPOMLPKKHLFFEE18CC,果貿段,46.51,都市：其他:,,,,00170000
RPWNMLPKKHLFFLE86CC,磚子?段,1073.00,都市：工,,,,39540002
RPXNMLPKKHLFFLE96CC,磚子?段,1293.00,都市：工,,,,39560002
RPRNMLPKKHLFFJE78CC,大同段,570.36,都市：住,,,,10950000
RPVNMLPKKHLFFBE38CC,正昌段,29.05,都市：住,,,,02230000
RPQNMLPKKHLFFBE87CC,五塊厝段,66.00,都市：商,,,,24620002
RPQNMLQKKHLFFBE97CC,武聖段,36.95,都市：住,,,,10830000
RPSNMLQKKHLFFBE18CC,意誠段,.00,都市：商,,,,01990000
RPTNMLQKKHLFFBE28CC,正明段,10.09,都市：商,,,,00320000
RPOOMLQKKHLFFCE97CC,籬子內段崗山子小段,69.00,都市：其他:,,,,16760000
RPTOMLQKKHLFFCE48CC,憲德段二小段,.00,都市：商,,,,00260001
RPXNMLQKKHLFFAE58CC,大成段,8.70,都市：商,,,,07150000
RPSNMLMJKHLFFAE57CC,龍華段二小段,.00,都市：住,,,,07750000
RPVNMLPJKHLFFAE18CC,青海段,17.80,都市：住,,,,00820000
RPSNMLOJKHLFFAE77CC,龍華段八小段,8.66,都市：商,,,,24200000
RPQOMLLJKHLFFAE37CC,青海段,13.64,都市：住,,,,06350000
RPTNMLPJKHLFFAE97CC,龍中段,16.18,都市：商,,,,00910000
RPTNMLNJKHLFFAE77CC,龍中段,.00,非都市： ; 非都市編定：,,,,01810000
RPVNMLLJKHLFFAE77CC,青海段,29.92,都市：住,,,,04930000
RPXNMLLJKHLFFAE97CC,龍中段,16.24,都市：住,,,,02210000
RPQNMLQKKHLFFFE38CC,安西段,219.27,都市：工,,,,03320000
RPWNMLQKKHLFFDE78CC,獅頭段一小段,66.00,都市：住,,,,20320003
RPPNMLQKKHLFFDE08CC,三塊厝段,71.00,都市：其他:,,,,12250001
RPVNMLRKKHLFFGE09CC,文英段,.00,都市：住,,,,21420003
RPPNMLRKKHLFFDE28DC,灣興段,158.93,都市：商,,,,02090000
RPTNMLRKKHLFFAE28CC,北金段,.00,都市：住,,,,02550000
RPRNMLRKKHLFFAE08CC,博孝段,.00,都市：住,,,,12340000
RPOOMLQKKHLFFAE77CC,大成段,6.87,都市：商,,,,07150000
RPQNMLRKKHLFFAE97CC,青海段,80.43,都市：住,,,,04430037
RPPNMLRKKHLFFBE97CC,過田子段,.00,都市：商,,,,11360000
RPSNMLRKKHLFFBE28CC,過田子段,.00,都市：商,,,,10820000
RPQNMLRKKHLFFBE08CC,新興段四小段,.00,都市：商,,,,16770000
RPQNMLRKKHLFFBE08CC,新興段四小段,.00,都市：商,,,,16780000
RPSNMLSKKHLFFBE38CC,新興段二小段,8.69,都市：商,,,,17670000
RPPNMLSKKHLFFAE97CC,龍華段八小段,56.79,都市：商,,,,23010000
RPPOMLSKKHLFFAE08CC,龍華段八小段,.00,都市：商,,,,21920000
RPROMLSKKHLFFCE48CC,獅甲段二小段,4.58,都市：其他:,,,,05910000
RPUOMLSKKHLFFCE78CC,愛群段,.00,都市：商,,,,10810000
RPXOMLSKKHLFFEE86EC,高昌段,365.10,都市：其他:,,,,01480000
RPQNMLSKKHLFFIE88CC,林子邊段,496.00,都市：農,,,,02670000
RPQPMLQKKHLFFDE38CC,灣興段,.00,都市：工,,,,03030000
RPQOMLQKKHLFFDE28CC,獅頭段,636.00,都市：住,,,,26220000
RPQOMLQKKHLFFDE28CC,獅頭段,91.00,都市：住,,,,26220003
RPRNMLSKKHLFFDE48CC,大港段,.00,都市：住,,,,35650000
RPPNMLSKKHLFFDE28CC,三塊厝段四小段,25.66,都市：商,,,,17410000
RPQNMLSKKHLFFDE38CC,灣復段,.00,都市：商,,,,03910000
RPTNMLSKKHLFFDE68CC,大港段二小段,.00,都市：商,,,,14990000
RPSNMLSKKHLFFDE58CC,大裕段一小段,87.00,都市：商,,,,01680008
RPRNMLTKKHLFFDE58CC,中華段二小段,.00,都市：商,,,,14670000
RPQNMLTKKHLFFDE48CC,建豐段,67.00,都市：住,,,,00300000
RPSNMLTKKHLFFDE68CC,灣復段,4.85,都市：商,,,,03890000
RPSOMLTKKHLFFEE88CC,新庄段十二小段,14.15,都市：住,,,,11930000
RPPOMLRKKHLFFEE38CC,菜公段六小段,.00,都市：住,,,,11030000
RPPPMLSKKHLFFEE58CC,福山段,12.34,都市：住,,,,01590000
RPQNMLTKKHLFFEE58CC,新庄段七小段,23.38,都市：住,,,,10370000
RPOPMLQKKHLFFEE28CC,福山段,10.53,都市：商,,,,04740000
RPTOMLTKKHLFFEE98CC,新光段,7.78,都市：住,,,,03790000
RPXOMLTKKHLFFEE76CC,新庄段十三小段,165.41,都市：住,,,,14060000
RPVNMLQKKHLFFEE78CC,新庄段十三小段,12.49,都市：住,,,,14020000
RPUOMLTKKHLFFEE09CC,左南段,191.00,都市：住,,,,17840000
RPUOMLTKKHLFFEE09CC,左南段,7.00,都市：住,,,,17860000
RPQOMLRKKHLFFEE48CC,新庄段十三小段,4.63,都市：商,,,,15090000
RPPOMLTKKHLFFGE78CC,鳳山段大老衙小段,75.00,都市：住,,,,01450014
RPPOMLTKKHLFFAE18CC,青海段,11.19,都市：住,,,,03600000
RPOOMLTKKHLFFGE68CC,新甲段,61.00,都市：其他:,,,,13370010
RPVOMLTKKHLFFIE96CC,金鼎段,86.65,都市：住,,,,03700000
RPSNMLTKKHLFFBE48CC,新興段一小段,.00,都市：商,,,,13560000
RPPOMLMLKHLFFBE67CC,新興段一小段,17.01,都市：住,,,,11100000
RPPOMLMLKHLFFBE67CC,新興段一小段,17.21,都市：住,,,,11120000
RPSOMLMLKHLFFDE18CC,澄東段,150.53,都市：住,,,,01050004
RPSOMLMLKHLFFDE18CC,澄東段,11.02,都市：住,,,,01050010
RPXNMLMLKHLFFDE58CC,中華段二小段,.00,都市：商,,,,14670000
RPSNMLMLKHLFFBE87CC,大統段一小段,.00,非都市： ; 非都市編定：,,,,02040000
RPRNMLNLKHLFFBE87CC,過田子段,.00,都市：商,,,,11450002
RPTNMLNLKHLFFBE08CC,林德官段一小段,.00,都市：商,,,,31770007
RPUNMLNLKHLFFIE88CC,仁德段,223.00,都市：住,,,,00410000
RPWNMLNLKHLFFBE38CC,大統段二小段,.00,都市：商,,,,11030000
RPQNMLNLKHLFFCE87CC,愛群段,.00,都市：商,,,,30440000
RPPOMLNLKHLFFBE77CC,新興段二小段,12.51,都市：商,,,,17510000
RPUNMLMLKHLFFAE97CC,鹽壽段,194.97,都市：商,,,,02840000
RPRNMLOLKHLFFAE87CC,龍華段二小段,88.00,都市：住,,,,01960004
RPQOMLTKKHLFFAE28CC,龍中段,19.74,都市：商,,,,00360000
RPROMLTKKHLFFAE38CC,東金段,7.52,都市：商,,,,15890000
RPROMLTKKHLFFAE38CC,東金段,.56,都市：商,,,,15890001
RPPOMLNLKHLFFAE67CC,龍中段,16.42,都市：住,,,,02280000
RPXNMLNLKHLFFAE38CC,龍中段,14.85,都市：商,,,,00590000
RPPNMLKLKHLFFAE27CC,內惟段六小段,47.08,都市：住,,,,12660000
RPPNMLKLKHLFFAE27CC,內惟段六小段,5.12,都市：住,,,,12660001
RPXNMLOLKHLFFAE48CC,青海段,21.85,都市：住,,,,05450000
RPSNMLOLKHLFFBE08CC,苓洲段,.00,都市：商,,,,06090000
RPOOMLOLKHLFFGE38DC,埤頂段,59.28,都市：住,,,,12430035
RPPNMLOLKHLFFIE48CC,澄清段,106.00,都市：住,,,,00270005
RPROMLOLKHLFFAE97CC,龍中段,.00,都市：商,,,,01490000
RPSNMLOLKHLFFFE48CC,甲圍段,90.69,非都市：鄉村區 ; 非都市編定：乙種建築用地,,,,11370000
RPUNMLPLKHLFFFE78CC,岡山段,96.96,都市：住,,,,04620000
RPSNMLPLKHLFFBE18CC,新興段二小段,12.73,都市：商,,,,08960000
RPOOMLNLKHLFFCE77CC,獅甲段,8.18,都市：商,,,,00290000
RPSNMLOLKHLFFCE18CC,?莊段,88.00,都市：住,,,,06990026
RPXNMLNLKHLFFCE58CC,高松段一小段,78.00,都市：住,,,,12040001
RPPOMLQLKHLFFCE18CC,愛群段,5.94,都市：商,,,,24590000
RPRNMLPLKHLFFCE18CC,獅甲段,.31,都市：住,,,,03300000
RPRNMLPLKHLFFCE18CC,獅甲段,.97,都市：住,,,,03310000
RPPOMLQLKHLFFAE97CC,青海段,12.61,都市：住,,,,00360000
RPTNMLQLKHLFFBE38CC,意誠段,.00,都市：商,,,,01990000
RPSNMLQLKHLFFBE28CC,意誠段,.00,都市：商,,,,01990000
RPVNMLQLKHLFFBE58CC,意誠段,.00,都市：商,,,,01990000
RPUNMLQLKHLFFBE48CC,意誠段,.00,都市：商,,,,01990000
RPWNMLQLKHLFFBE78DC,過田子段,432.00,都市：住,,,,09150001
RPUOMLPLKHLFFEE78CC,新民段,72.13,都市：住,,,,03980000
RPQOMLQLKHLFFEE48CC,新庄段十三小段,4.75,都市：商,,,,14360000
RPWNMLOLKHLFFEE78CC,福民段,429.94,都市：住,,,,02800001
RPUNMLQLKHLFFEE78CC,新庄段十三小段,.00,都市：商,,,,15310000
RPUNMLQLKHLFFEE78CC,新庄段十三小段,.00,都市：商,,,,15330000
RPOPMLQLKHLFFEE38CC,新庄段十三小段,6.77,都市：商,,,,14450000
RPQNMLRLKHLFFEE48CC,新庄段十二小段,29.35,都市：住,,,,11020000
RPPNMLRLKHLFFBE08CC,林德官段一小段,15.34,都市：商,,,,25270000
RPQNMLRLKHLFFBE18CC,林德官段一小段,88.00,都市：商,,,,25150001
RPVNMLOLKHLFFDE58CC,義民段,12.24,都市：其他:,,,,09640000
RPTNMLQLKHLFFDE58CC,水源段,76.39,都市：住,,,,09480000
RPTNMLOLKHLFFDE38CC,澄東段,39.76,都市：住,,,,01010000
RPPOMLQLKHLFFDE28CC,大裕段一小段,71.00,都市：住,,,,00750002
RPPOMLQLKHLFFDE28CC,大裕段一小段,33.83,都市：住,,,,00750005
RPSNMLPLKHLFFDE38CC,大港段二小段,.00,都市：住,,,,08970000
RPRNMLRLKHLFFBE28CC,意誠段,.00,都市：商,,,,01990000
RPXNMLQLKHLFFDE98CC,金獅段,6.42,都市：商,,,,01490000
RPSNMLRLKHLFFBE38CC,意誠段,.00,都市：商,,,,01990000
RPPNMLTLKHLFFAE18CC,龍中段,111.34,都市：商,,,,01520008
RPPNMLTLKHLFFDE48CC,獅頭段,26.15,都市：住,,,,22530000
RPQNMLTLKHLFFAE28CC,龍華段一小段,25.48,都市：住,,,,09160000
RPQNMLTLKHLFFDE58CC,水源段,25.23,都市：住,,,,04450001
RPQNMLTLKHLFFDE58CC,水源段,8.10,都市：住,,,,04450000
RPSNMLTLKHLFFDE78CC,鼎泰段,15.83,都市：住,,,,13570000
RPRNMLNJLHLFFGE38DC,新庄子段,28.20,都市：住,,,,00010004
RPSNMLMJLHLFFDE97CC,灣復段,14.78,都市：商,,,,06460000
RPVNMLNJLHLFFDE48DC,建民段,26.87,都市：住,,,,07770000
RPOOMLLJLHLFFAE27CC,龍華段三小段,25.42,都市：住,,,,09450000
RPUNMLMJLHLFFEE38DC,新民段,146.88,都市：住,,,,00530000
RPTNMLNJLHLFFGE48CC,七老爺段,11.42,都市：其他:,,,,02950003
RPSNMLNJLHLFFCE97CC,獅甲段,4.21,都市：商,,,,03310000
RPSNMLNJLHLFFCE97CC,獅甲段,1.34,都市：商,,,,03300000
RPOOMLNJLHLFFBE57CC,意誠段,.00,都市：商,,,,01990000
RPRNMLOJLHLFFBE87CC,大統段一小段,.00,都市：商,,,,10850000
RPTNMLNJLHLFFBE97CC,意誠段,5.41,都市：商,,,,01990000
RPQNMLOJLHLFFBE77CC,新興段二小段,99.00,都市：商,,,,13370000
RPSNMLTLKHLFFBE58CC,苓雅寮段,59.45,都市：商,,,,05200000
RPSNMLTLKHLFFBE58CC,苓雅寮段,1.59,都市：商,,,,05200001
RPSNMLTLKHLFFBE58CC,苓雅寮段,6.19,都市：商,,,,05210001
RPPNMLTLKHLFFBE28CC,苓東段,112.00,都市：商,,,,09450000
RPQNMLTLKHLFFBE38CC,意誠段,.00,都市：商,,,,01990000
RPRNMLTLKHLFFBE48CC,意誠段,.00,都市：商,,,,01990000
RPUNMLOJLHLFFBE18CC,意誠段,6.29,都市：商,,,,01990000
RPROMLOJLHLFFBE97CC,正昌段,128.41,都市：商,,,,08840000
RPROMLOJLHLFFBE97CC,正昌段,78.12,都市：商,,,,08840002
RPROMLOJLHLFFBE97CC,正昌段,159.08,都市：商,,,,08840003
RPROMLOJLHLFFBE97CC,正昌段,10.80,都市：住,,,,08840004
RPROMLOJLHLFFBE97CC,正昌段,22.14,都市：住,,,,08840005
RPROMLOJLHLFFBE97CC,正昌段,48.89,都市：商,,,,08840006
RPROMLOJLHLFFBE97CC,正昌段,6.75,都市：住,,,,08840007
RPPNMLOJLHLFFCE77CC,愛群段,21.97,都市：商,,,,23940000
RPRNMLOJLHLFFAE77CC,龍華段三小段,22.51,都市：住,,,,09100002
RPOOMLOJLHLFFGE18CC,埤頂段,89.00,都市：住,,,,21540000
RPQNMLOJLHLFFGE28CC,新庄子段,118.00,都市：工,,,,01700045
RPRNMLOJLHLFFDE08CC,大裕段一小段,14.78,都市：住,,,,03260000
RPOOMLOJLHLFFEE97CC,清豐段,71.17,都市：住,,,,01440016
RPXNMLRJLHLFFDE98CC,覆鼎金段覆鼎金一小段,13.10,都市：住,,,,05870000
RPROMLRJLHLFFDE48CC,鼎泰段一小段,69.46,都市：住,,,,03060000
RPXNMLOJLHLFFEE78CC,清豐段,71.17,都市：住,,,,01440016
RPXOMLRJLHLFFDE09CC,有光段,21.25,都市：住,,,,00600000
RPVOMLRJLHLFFDE88CC,大裕段一小段,18.16,都市：住,,,,03260000
RPQNMLRJLHLFFIE78CC,竹園段,45.00,都市：工,,,,04330020
RPQNMLRJLHLFFIE78CC,竹園段,28.00,都市：工,,,,04330005
RPQNMLRJLHLFFIE78CC,竹園段,334.00,都市：工,,,,04330010
RPQNMLRJLHLFFIE78CC,竹園段,29.00,都市：工,,,,04510043
RPRNMLRJLHLFFAE08CC,青海段,16.63,都市：住,,,,06070000
RPWNMLRJLHLFFAE58CC,青海段,31.21,都市：住,,,,00850000
RPQNMLRJLHLFFBE08CC,新興段一小段,.00,都市：商,,,,20240000
RPTNMLRJLHLFFBE38CC,過田子段,.00,都市：商,,,,06070000
RPRNMLSJLHLFFBE28CC,苓洲段,5.34,都市：商,,,,06090000
RPTNMLSJLHLFFBE48CC,意誠段,.00,都市：商,,,,01990000
RPUNMLSJLHLFFBE58CC,意誠段,.00,都市：商,,,,01990000
RPWNMLSJLHLFFBE78CC,大統段二小段,.00,都市：商,,,,03360000
RPRNMLSJLHLFFAE18CC,龍中段,18.31,都市：住,,,,02280000
RPSNMLSJLHLFFAE28CC,龍華段八小段,.00,都市：商,,,,22870000
RPQNMLOJLHLFFCE87CC,愛群段,7.62,都市：商,,,,24590000
RPPNMLRJLHLFFCE08CC,獅甲段二小段,16.48,都市：住,,,,05570000
RPUNMLRJLHLFFCE58CC,愛群段,.00,都市：商,,,,10810000
RPVNMLRJLHLFFCE68CC,獅甲段二小段,23.30,都市：其他:,,,,05890000
RPSNMLRJLHLFFCE38CC,佛公段,.00,都市：商,,,,06280000
RPXNMLSJLHLFFAE78CC,內惟段四小段,36.18,都市：住,,,,08570000
RPSNMLNJLHLFFFE28CC,鳳雄段,5069.57,非都市：一般農業區 ; 非都市編定：農牧用地,,,,00750000
RPRNMLOJLHLFFFE28CC,大公段,673.00,都市：商,,,,04740025
RPRNMLOJLHLFFFE28CC,大公段,31.00,都市：商,,,,05210002
RPRNMLOJLHLFFFE28CC,大公段,72.00,都市：商,,,,05220002
RPRNMLOJLHLFFFE28CC,大公段,488.00,都市：商,,,,05220003
RPRNMLOJLHLFFFE28CC,大公段,130.00,都市：商,,,,04730015
RPQNMLOJLHLFFFE18CC,為隨段,264.00,非都市：特定農業區 ; 非都市編定：丁種建築用地,,,,01360068
RPTNMLTJLHLFFIE66CC,烏林段,739.20,非都市：一般農業區 ; 非都市編定：農牧用地,,,,08210000
RPTNMLTJLHLFFIE66CC,烏林段,134.90,非都市：一般農業區 ; 非都市編定：丁種建築用地,,,,08700000
RPVOMLTJLHLFFGE76CC,新庄子段,105.00,都市：住,,,,02000169
RPPOMLSJLHLFFDE38CC,建豐段,58.00,都市：住,,,,00910000
RPTNMLSJLHLFFDE68CC,陽明段二小段,68.00,都市：住,,,,00050000
RPSOMLTJLHLFFDE78CC,覆鼎金段覆鼎金小段,.00,都市：住,,,,13260016
RPQNMLTJLHLFFAE18CC,青海段,126.90,都市：住,,,,02460002
RPQOMLSJLHLFFDE48CC,建豐段,58.00,都市：住,,,,00910000
RPUNMLSJLHLFFDE78CC,大裕段一小段,18.16,都市：住,,,,03260000
RPRNMLTJLHLFFBE38CC,新興段一小段,12.84,都市：商,,,,11770000
RPTNMLKKLHLFFBE77CC,過田子段,109.00,都市：商,,,,05470000
RPWNMLKKLHLFFBE08CC,過田子段,.00,都市：商,,,,11360000
RPXNMLKKLHLFFBE18CC,新興段四小段,.00,都市：商,,,,16770000
RPXNMLKKLHLFFBE18CC,新興段四小段,.00,都市：商,,,,16780000
RPVNMLTJLHLFFCE88CC,盛興段,62.00,都市：商,,,,04160001
RPVNMLTJLHLFFCE88CC,盛興段,62.00,都市：商,,,,04160002
RPOOMLKKLHLFFBE37CC,苓雅寮段,.00,都市：商,,,,05110000
RPQNMLKKLHLFFCE57CC,愛群段,.00,都市：商,,,,24590000
RPPOMLKKLHLFFAE37CC,北金段,.00,都市：商,,,,03280000
RPTNMLKKLHLFFCE87CC,愛群段,.00,都市：商,,,,24590000
RPTNMLKKLHLFFFE18CC,介壽段,86.00,都市：住,,,,03720000
RPQNMLKKLHLFFIE18CC,大安段,32.00,都市：住,,,,08060009
RPQNMLKKLHLFFIE18CC,大安段,48.00,都市：住,,,,08390001
RPQOMLKKLHLFFDE77CC,灣立段,88.73,都市：商,,,,00390000
RPSNMLLKLHLFFDE97CC,鼎泰段,15.76,都市：住,,,,13960000
RPUNMLLKLHLFFDE18CC,灣復段,31.65,都市：住,,,,01420000
RPUNMLLKLHLFFDE18CC,灣復段,76.37,都市：住,,,,01410000
RPVNMLLKLHLFFGE58CC,鳳山段大老衙小段,11.28,都市：住,,,,02300000
RPPNMLLKLHLFFAE37CC,龍華段五小段,28.62,都市：住,,,,11470000
RPPOMLLKLHLFFGE08CC,七老爺段一甲小段,1.58,都市：其他:,,,,00480012
RPPOMLLKLHLFFGE08CC,七老爺段一甲小段,8.37,都市：其他:,,,,00480018
RPPOMLLKLHLFFGE08CC,七老爺段,7.27,都市：其他:,,,,12480006
RPPOMLLKLHLFFGE08CC,七老爺段,7.69,都市：其他:,,,,12490002
RPUNMLLKLHLFFAE87CC,鹽國段,.00,非都市： ; 非都市編定：,,,,02120000
RPXNMLLKLHLFFAE18CC,龍中段,16.10,都市：商,,,,00650000
RPRNMLLKLHLFFCE77CC,愛群段,7.85,都市：商,,,,24590000
RPWNMLLKLHLFFAE08CC,龍中段,7.55,都市：商,,,,01120000
RPXNMLLKLHLFFBE28CC,苓東段,11.12,都市：商,,,,01280000
RPXNMLLKLHLFFBE28CC,苓東段,21.04,都市：住,,,,01290000
RPUNMLOKLHLFFBE28CC,新興段二小段,15.77,都市：商,,,,07770000
RPSNMLOKLHLFFCE18CC,鎮東段,36.00,都市：住,,,,06860000
RPXNMLOKLHLFFCE68CC,獅甲段三小段,75.82,都市：住,,,,06290004
RPXNMLOKLHLFFBE58CC,衛武段,80.00,都市：住,,,,05290000
RPOOMLOKLHLFFBE77CC,林興段,.00,都市：住,,,,03280001
RPOOMLOKLHLFFBE77CC,林興段,.00,都市：住,,,,03860000
RPOOMLOKLHLFFBE77CC,林興段,.00,都市：住,,,,03870000
RPUNMLPKLHLFFBE48DC,新興段二小段,.00,都市：商,,,,09420000
RPVNMLOKLHLFFLE86DC,龍潭段,64.79,都市：住,,,,04880000
RPOOMLPKLHLFFLE88CC,赤崁段,777.00,都市：農,,,,22550000
RPRNMLSJLHLFFEE58CC,和平段五小段,21.52,都市：住,,,,02690000
RPTNMLLKLHLFFEE18CC,菜公段六小段,.00,都市：住,,,,10780000
RPSOMLLKLHLFFEE18CC,清豐段,1.99,都市：住,,,,02270516
RPSOMLLKLHLFFEE18CC,清豐段,14.21,都市：住,,,,02270517
RPUNMLLKLHLFFEE28CC,新庄段十三小段,8.41,都市：商,,,,14450000
RPTNMLSJLHLFFEE78CC,新庄段一小段,89.00,都市：其他:,,,,00940000
RPOOMLRJLHLFFEE28CC,新庄段四小段,85.00,都市：住,,,,05080001
RPOOMLSJLHLFFEE38CC,新庄段十三小段,.00,非都市： ; 非都市編定：,,,,14410000
RPRNMLPKLHLFFCE18CC,盛興段,.00,都市：住,,,,15230000
RPVNMLPKLHLFFCE58CC,憲德段二小段,2.22,都市：商,,,,00260000
RPPOMLPKLHLFFAE87CC,龍中段,12.72,都市：商,,,,00910000
RPOOMLPKLHLFFAE77CC,龍華段八小段,15.28,都市：商,,,,22160000
RPWNMLOKLHLFFAE38CC,前金段,19.74,都市：商,,,,06680008
RPWNMLPKLHLFFAE48CC,鹽國段,154.00,都市：商,,,,04240000
RPQNMLPKLHLFFBE97CC,新興段二小段,82.00,都市：商,,,,01240000
RPUNMLPKLHLFFAE28CC,龍華段八小段,.00,都市：商,,,,21920000
RPQNMLPKLHLFFAE87CC,龍華段三小段,30.57,都市：住,,,,06660000
RPPNMLPKLHLFFBE87CC,新興段一小段,12.59,都市：商,,,,17560000
RPWNMLPKLHLFFBE58CC,林德官段,179.60,都市：住,,,,10930000
RPWNMLPKLHLFFBE58CC,林德官段,18.31,都市：其他:道路用地,,,,10930002
RPVNMLQKLHLFFBE58CC,林德官段,63.43,都市：商,,,,11550000
RPRNMLQKLHLFFCE28CC,憲德段二小段,.00,都市：商,,,,00260000
RPRNMLQKLHLFFAE08CC,內惟段一小段,21.41,都市：住,,,,14290000
RPOOMLQKLHLFFBE97CC,新興段二小段,10.05,都市：商,,,,07280000
RPUNMLQKLHLFFAE38CC,青海段,16.41,都市：住,,,,01210000
RPVNMLPKLHLFFBE48CC,過田子段,.00,都市：商,,,,06480000
RPXNMLPKLHLFFBE68CC,苓中段,70.00,都市：商,,,,04130000
RPWNMLRKLHLFFCE88CC,獅甲段二小段,548.42,都市：其他:國宅用地,,,,05940000
RPQNMLQKLHLFFFE48CC,大全段,1425.00,都市：工,,,,00950000
RPSNMLSKLHLFFAE38CC,青海段,56.66,都市：住,,,,02670000
RPSNMLQKLHLFFDE48CC,陽明段三小段,1002.00,都市：住,,,,00400000
RPWNMLRKLHLFFBE78CC,新興段二小段,40.00,都市：商,,,,06710000
RPPNMLSKLHLFFBE18CC,成功段,2.65,都市：商,,,,02990000
RPROMLQKLHLFFDE48CC,建安段,.00,都市：商,,,,04710000
RPPNMLRKLHLFFAE97CC,龍華段八小段,15.04,都市：商,,,,22160000
RPWNMLSKLHLFFBE88CC,正言段,28.11,都市：住,,,,01310000
RPPNMLKLLHLFFBE47CC,意誠段,.00,都市：商,,,,01990000
RPTNMLSKLHLFFAE48CC,北金段,6.34,都市：商,,,,02550000
RPQNMLKLLHLFFBE57CC,意誠段,.00,都市：商,,,,01990000
RPRNMLKLLHLFFBE67CC,意誠段,.00,都市：商,,,,01990000
RPUNMLSKLHLFFDE88CC,大港段三小段,86.00,都市：住,,,,07510005
RPSNMLKLLHLFFBE77CC,意誠段,.00,都市：商,,,,01990000
RPTNMLLLLHLFFDE18CC,鼎中段,7.03,都市：商,,,,04070000
RPPNMLSKLHLFFAE18DC,龍華段八小段,11.23,都市：住,,,,23580000
RPVNMLLLLHLFFFE58CC,建樹段,154.82,都市：住,,,,01160004
RPRNMLPKLHLFFEE38CC,和平段四小段,.00,非都市： ; 非都市編定：,,,,01070000
RPRNMLPKLHLFFEE38CC,和平段四小段,.00,非都市： ; 非都市編定：,,,,01060000
RPQNMLMLLHLFFEE08CC,新庄段六小段,.00,都市：住,,,,05190002
RPQNMLLLLHLFFGE18CC,華英段,97.50,都市：住,,,,00040006
RPUNMLMLLHLFFJE98CC,阿蓮段,132.00,都市：住,,,,32220000
RPWOMLSKLHLFFGE86CC,新甲段,25.09,都市：住,,,,13230116
RPPPMLPKLHLFFEE38CC,福民段,153.16,都市：住,,,,02210000
RPSNMLLLLHLFFGE38CC,竹子腳段,113.00,都市：住,,,,02620086
RPVNMLMLLHLFFJE09CC,阿蓮段,132.00,都市：住,,,,32220000
RPTNMLMLLHLFFCE18CC,愛群段,155.00,都市：住,,,,15950000
RPQOMLLLLHLFFAE67CC,內惟段一小段,.00,都市：住,,,,14290000
RPQOMLNLLHLFFBE97CC,林德官段一小段,32.00,都市：住,,,,22900000
RPVNMLMLLHLFFCE38CC,瑞隆段三小段,78.00,都市：住,,,,05850000
RPXOMLPKLHLFFEE09CC,福民段,35.06,都市：住,,,,02010000
RPTNMLMLLHLFFBE08CC,林德官段,.00,都市：商,,,,13680000
RPWNMLMLLHLFFBE38CC,過田子段,72.00,都市：商,,,,04780003
RPWNMLMLLHLFFBE38CC,過田子段,71.00,都市：商,,,,04780004
RPWNMLNLLHLFFBE48CC,苓雅寮段,.00,都市：商,,,,05110000
RPRNMLNLLHLFFBE97CC,苓洲段,.00,都市：商,,,,18300000
RPTNMLNLLHLFFCE28CC,愛群段,20.03,都市：商,,,,24630000
RPSOMLNLLHLFFAE08CC,青海段,.00,都市：商,,,,01770000
RPVNMLNLLHLFFDE58CC,義民段,72.21,都市：住,,,,11190000
RPQOMLNLLHLFFDE18CC,覆鼎金段覆鼎金小段,69.00,都市：住,,,,10510000
RPUNMLNLLHLFFDE48CC,中華段二小段,.00,都市：商,,,,14670000
RPOQMLNLLHLFFGE48CC,文山段,30.80,都市：住,,,,02370002
RPPOMLNLLHLFFAE77CC,龍中段,.00,都市：商,,,,01040000
RPQOMLNLLHLFFAE87CC,東金段,7.42,都市：商,,,,00850000
RPQOMLNLLHLFFAE87CC,東金段,8.71,都市：商,,,,00860000
RPQOMLNLLHLFFAE87CC,東金段,7.42,都市：商,,,,00870000
RPVNMLOLLHLFFGE98CC,五甲段,62.00,都市：住,,,,13210026
RPUNMLNLLHLFFFE68CC,岡山段,11.02,都市：商,,,,03860068
RPUNMLNLLHLFFFE68CC,岡山段,46.40,都市：商,,,,03860007
RPSOMLNLLHLFFFE58CC,岡山段,8.08,都市：住,,,,00300008
RPRNMLOLLHLFFDE28CC,大港段二小段,.00,都市：商,,,,10700000
RPRNMLOLLHLFFDE28CC,大港段二小段,.00,都市：商,,,,10700004
RPSNMLOLLHLFFGE68CC,鳳山段縣口小段,44.00,都市：商,,,,00080002
RPSNMLOLLHLFFGE68CC,鳳山段縣口小段,1.00,都市：其他:查無分區,,,,00080014
RPVNMLOLLHLFFBE48CC,林德官段,.00,非都市： ; 非都市編定：,,,,13320007
RPVNMLOLLHLFFBE48CC,林德官段,.00,非都市： ; 非都市編定：,,,,13320008
RPWNMLPLLHLFFBE68CC,意誠段,.00,都市：商,,,,01990000
RPQOMLPLLHLFFBE18CC,意誠段,.00,都市：商,,,,07270000
RPUNMLPLLHLFFBE48CC,意誠段,.00,都市：商,,,,01990000
RPUNMLPLLHLFFFE88CC,大公段,206.00,都市：其他:,,,,03700002
RPUNMLPLLHLFFFE88CC,大公段,26.00,都市：其他:,,,,03690003
RPWOMLPLLHLFFAE68CC,龍華段八小段,.00,都市：商,,,,23830000
RPXNMLPLLHLFFBE78CC,意誠段,.00,都市：商,,,,01990000
RPSNMLPLLHLFFAE18CC,東金段,53.67,都市：商,,,,17740000
RPPOMLPLLHLFFLE09CC,潭頭段,341.00,都市：農,,,,32560000
RPVOMLPLLHLFFAE58CC,龍華段八小段,.00,都市：商,,,,23840000
RPPNMLQLLHLFFAE97CC,龍華段四小段,.00,都市：住,,,,07630000
RPPNMLQLLHLFFBE08CC,五塊厝段,9.06,都市：商,,,,20130000
RPPOMLPLLHLFFCE18CC,宏明段,34.04,都市：住,,,,02490000
RPUNMLQLLHLFFCE68CC,愛群段,7.38,都市：商,,,,10810000
RPXNMLPLLHLFFCE88CC,愛群段,58.50,都市：商,,,,28680000
RPVNMLOLLHLFFCE58CC,光華段,.00,都市：住,,,,00390001
RPWNMLSLLHLFFIE07CC,新赤山段,199.92,都市：住,,,,01370000
RPRNMLSLLHLFFGE98CC,道爺?段,35.00,都市：住,,,,02320004
RPRNMLSLLHLFFGE98CC,道爺?段,43.00,都市：住,,,,02340000
RPRNMLSLLHLFFGE98CC,道爺?段,29.00,都市：住,,,,01510137
RPVNMLSLLHLFFFE66CC,?子段,2488.00,非都市：特定農業區 ; 非都市編定：農牧用地,,,,20280000
RPVNMLSLLHLFFBE88CC,成功段,.00,都市：商,,,,06400000
RPVNMLSLLHLFFBE88CC,成功段,.00,都市：商,,,,06410000
RPVNMLSLLHLFFBE88CC,成功段,.00,都市：商,,,,06420000
RPVNMLSLLHLFFBE88CC,成功段,.00,都市：商,,,,06430000
RPVNMLSLLHLFFBE88CC,成功段,.00,都市：商,,,,06440000
RPVNMLSLLHLFFBE88CC,成功段,.00,都市：其他:道路用地,,,,06440001
RPVNMLSLLHLFFBE88CC,成功段,.00,都市：商,,,,06450000
RPVNMLSLLHLFFBE88CC,成功段,.00,都市：其他:道路用地,,,,06450001
RPVNMLSLLHLFFBE88CC,成功段,.00,都市：商,,,,06460000
RPWNMLSLLHLFFBE98CC,成功段,.00,都市：商,,,,06400000
RPWNMLSLLHLFFBE98CC,成功段,.00,都市：商,,,,06410000
RPWNMLSLLHLFFBE98CC,成功段,.00,都市：商,,,,06420000
RPWNMLSLLHLFFBE98CC,成功段,.00,都市：商,,,,06430000
RPWNMLSLLHLFFBE98CC,成功段,.00,都市：商,,,,06440000
RPWNMLSLLHLFFBE98CC,成功段,.00,都市：其他:道路用地,,,,06440001
RPWNMLSLLHLFFBE98CC,成功段,.00,都市：商,,,,06450000
RPWNMLSLLHLFFBE98CC,成功段,.00,都市：其他:道路用地,,,,06450001
RPWNMLSLLHLFFBE98CC,成功段,.00,都市：商,,,,06460000
RPPNMLQLLHLFFDE28CC,中都段二小段,106.00,都市：住,,,,07080000
RPUNMLOLLHLFFDE58CC,獅頭段,8.55,都市：住,,,,27390000
RPUNMLOLLHLFFDE58CC,獅頭段,1.46,都市：住,,,,27390001
RPPNMLRLLHLFFDE38CC,獅頭段,16.39,都市：住,,,,26560000
RPVNMLSLLHLFFDE09CC,大港段四小段,25.49,都市：商,,,,28290001
RPQOMLPLLHLFFDE38CC,有光段,26.84,都市：住,,,,03870000
RPVNMLSLLHLFFCE98CC,愛群段,5.94,都市：商,,,,24590000
RPOOMLSLLHLFFCE38CC,獅甲段,2.59,都市：住,,,,03310000
RPPOMLSLLHLFFCE48CC,獅甲段,4.81,都市：住,,,,03310000
RPPOMLSLLHLFFCE48CC,獅甲段,1.54,都市：住,,,,03300000
RPUOMLSLLHLFFCE98CC,愛群段,89.18,都市：商,,,,28630000
RPSOMLSLLHLFFCE78CC,獅甲段,.00,都市：住,,,,01600001
RPOOMLSLLHLFFAE18CC,青海段,40.60,都市：其他:,,,,01940000
RPOOMLSLLHLFFAE18CC,龍水段一小段,10.71,都市：其他:,,,,11750000
RPPOMLSLLHLFFAE28CC,前金段,2.70,都市：住,,,,06820000
RPPOMLSLLHLFFAE28CC,北金段,1.58,都市：住,,,,00730000
RPROMLTLLHLFFAE58CC,旗汕段,.00,都市：住,,,,00660000
RPTNMLTLLHLFFIE86CC,北屋段,59.19,都市：住,,,,09520000
RPTNMLTLLHLFFIE86CC,北屋段,14.77,都市：住,,,,09090000
RPTNMLTLLHLFFIE86CC,北屋段,.29,都市：住,,,,09180000
RPSOMLTLLHLFFFE56CC,仕興段,131.00,都市：住,,,,06620000
RPQOMLKMLHLFFGE28CC,五甲段,36.00,都市：住,,,,22140013
RPTOMLKMLHLFFFE48CC,竹圍段,1804.00,都市：農,,,,01320000
RPSOMLKMLHLFFGE48CC,新甲段,75.00,都市：住,,,,11840013
RPUOMLKMLHLFFGE68CC,五甲段,14.78,都市：住,,,,10660002
RPUOMLKMLHLFFGE68CC,五甲段,16.05,都市：住,,,,10670002
RPVNMLKMLHLFFDE38CC,三塊厝段,29.53,都市：住,,,,13280000
RPUOMLKMLHLFFDE38CC,鼎泰段,556.00,都市：住,,,,13890000
RPXPMLKMLHLFFDE78CC,大豐段二小段,76.96,都市：住,,,,05150000
RPPOMLSLLHLFFBE38CC,新興段四小段,.00,都市：商,,,,16770000
RPPOMLSLLHLFFBE38CC,新興段四小段,.00,都市：商,,,,16780000
RPWOMLTLLHLFFBE56CC,林德官段一小段,34.30,都市：住,,,,19250000
RPRNMLTLLHLFFBE58CC,林德官段,.00,都市：商,,,,11330000
RPOOMLKMLHLFFBE57CC,過田子段,.00,都市：商,,,,11360000
RPSNMLKMLHLFFBE87CC,五權段,32.40,都市：住,,,,04780000
RPSOMLSLLHLFFBE68CC,意誠段,.00,都市：商,,,,01860000
RPQOMLSLLHLFFBE48CC,五塊厝段,.00,都市：商,,,,20670000
RPOOMLSLLHLFFBE28CC,意誠段,4.01,都市：商,,,,01990000
RPVOMLKMLHLFFAE18CC,龍華段八小段,.00,都市：商,,,,24200000
RPPOMLLMLHLFFAE67CC,龍中段,9.45,都市：商,,,,00870000
RPTNMLLMLHLFFBE08CC,林德官段一小段,20.95,都市：商,,,,26810000
RPPOMLKMLHLFFAE57CC,龍中段,12.98,都市：商,,,,00630000
RPXOMLLMLHLFFCE68CC,草衙段一小段,.00,都市：商,,,,06040000
RPRNMLKMLHLFFCE87CC,憲德段二小段,18.17,都市：商,,,,00200000
RPOOMLLMLHLFFBE67CC,意誠段,.00,都市：商,,,,01990000
RPSOMLLMLHLFFCE18CC,愛群段,5.40,都市：商,,,,24590000
RPXOMLLMLHLFFBE58CC,五塊厝段,7.72,都市：商,,,,16140000
RPXNMLLMLHLFFBE48CC,意誠段,.00,都市：商,,,,01990000
RPOPMLLMLHLFFBE77CC,新興段三小段,7.53,都市：商,,,,09410000
RPOOMLLMLHLFFDE87CC,鼎泰段,6.38,都市：住,,,,14030001
RPSPMLLMLHLFFBE18CC,新興段二小段,27.00,都市：商,,,,13410000
RPTPMLLMLHLFFBE28CC,新興段二小段,25.66,都市：商,,,,18600000
RPVPMLLMLHLFFBE48CC,新興段三小段,49.00,都市：商,,,,00770000
RPUPMLLMLHLFFBE38CC,新興段二小段,88.00,都市：商,,,,03920000
RPUOMLLMLHLFFFE68CC,中山段,274.08,都市：其他:,,,,00960000
RPRNMLLMLHLFFHE58DC,旗南段,68.51,都市：住,,,,03900010
RPWOMLLJMHLFFGE88DC,埤頂段,74.00,都市：住,,,,12560026
RPVOMLLJMHLFFGE78DC,鳳青段,394.47,都市：住,,,,02600000
RPOOMLLJMHLFFAE47DC,東金段,163.00,都市：商,,,,12180000
RPROMLLMLHLFFAE87CC,龍華段八小段,10.69,都市：商,,,,22160000
RPPNMLMJMHLFFDE77CC,三塊厝段三小段,190.00,都市：住,,,,36470000
RPPNMLMJMHLFFDE77CC,三塊厝段三小段,259.00,都市：住,,,,36450000
RPQNMLMJMHLFFBE67CC,意誠段,.00,都市：商,,,,01990000
RPRNMLMJMHLFFBE77CC,意誠段,.00,都市：商,,,,01990000
RPSNMLMJMHLFFBE87CC,意誠段,.00,都市：商,,,,01990000
RPTNMLMJMHLFFBE97CC,新興段一小段,21.51,都市：商,,,,19750000
RPUPMLLMLHLFFEE68CC,莒光段一小段,25.80,都市：住,,,,07680000
RPPNMLMJMHLFFCE67CC,宏明段,83.68,都市：住,,,,02760001
RPRNMLQLLHLFFEE58CC,興隆段,30.65,都市：住,,,,08590000
RPQNMLOJMHLFFDE08CC,獅頭段,72.00,都市：住,,,,25090002
RPQNMLMJMHLFFCE77CC,瑞隆段四小段,69.00,都市：住,,,,05180000
RPPNMLNJMHLFFDE87CC,三塊厝段,102.00,都市：商,,,,12990001
RPPNMLOJMHLFFAE67CC,龍華段二小段,92.00,都市：住,,,,04960002
RPPNMLPJMHLFFCE97CC,憲德段二小段,7.34,都市：商,,,,00260000
RPQNMLPJMHLFFCE08CC,瑞隆段四小段,64.00,都市：住,,,,01080000
RPVNMLQJMHLFFDE78CC,大港段七小段,6.75,都市：商,,,,06810000
RPQOMLQJMHLFFDE38CC,大港段六小段,67.00,都市：商,,,,06540008
RPQOMLQJMHLFFDE38CC,大港段六小段,16.00,都市：其他:,,,,06540016
RPXNMLQJMHLFFAE68CC,龍華段八小段,8.09,都市：商,,,,22290000
RPOOMLQJMHLFFAE87CC,青海段,100.01,都市：商,,,,03690008
RPVNMLRJMHLFFAE58CC,文東段,13.22,都市：商,,,,14060000
RPROMLRJMHLFFAE28CC,鹽壽段,9.57,都市：住,,,,05360000
RPSOMLRJMHLFFAE38CC,前峰段,30.54,都市：其他:前峰國宅專用住宅區,,,,05020000
RPROMLRJMHLFFCE48CC,瑞隆段四小段,64.00,都市：住,,,,01080000
RPWNMLRJMHLFFCE88CC,愛群段,16.18,都市：住,,,,24630000
RPRNMLRJMHLFFBE28CC,意誠段,5.24,都市：商,,,,01990000
RPSNMLLJMHLFFGE28CC,赤山段,18.61,都市：商,,,,07280000
RPPNMLMJMHLFFGE08CC,新甲段,38.11,都市：住,,,,11650000
RPPNMLMJMHLFFLE58CC,內湖段,16.55,都市：住,,,,08220000
RPOOMLLMLHLFFGE18CC,七老爺段,7.95,都市：住,,,,03670000
RPTPMLLMLHLFFGE78CC,五甲段,.00,都市：商,,,,02960000
RPWOMLKMLHLFFGE88CC,七老爺段一甲小段,20.65,都市：住,,,,14750007
RPWOMLKMLHLFFGE88CC,七老爺段一甲小段,.20,都市：住,,,,14750001
RPUNMLRJMHLFFDE78CC,大港段二小段,20.88,都市：住,,,,15260002
RPWOMLRJMHLFFBE88CC,林德官段二小段,15.78,都市：住,,,,34820000
RPTOMLRJMHLFFBE58CC,林德官段二小段,15.78,都市：住,,,,34820000
RPXNMLRJMHLFFBE88CC,新興段一小段,3.47,都市：商,,,,20270000
RPXNMLRJMHLFFBE88CC,新興段一小段,9.88,都市：商,,,,20240000
RPXNMLRJMHLFFBE88CC,新興段一小段,.31,都市：商,,,,20480000
RPWNMLSJMHLFFGE76CC,文福段,.00,非都市： ; 非都市編定：,,,,00050001
RPTNMLRJMHLFFDE68CC,大港段二小段,.00,都市：商,,,,10720000
RPRNMLSJMHLFFIE09CC,竹園段,251.00,都市：工,,,,02210077
RPSNMLSJMHLFFBE48CC,過田子段,.00,都市：商,,,,11360000
RPRNMLSJMHLFFBE38CC,過田子段,.00,都市：商,,,,11360000
RPXNMLSJMHLFFBE98CC,林德官段,.00,都市：商,,,,13680000
RPVNMLSJMHLFFAE68CC,龍中段,11.98,都市：住,,,,01950000
RPXNMLSJMHLFFBE98CC,林德官段,.00,都市：住,,,,13680001
RPRNMLTJMHLFFBE48CC,武聖段,61.00,都市：住,,,,24160000
RPQOMLSJMHLFFAE28CC,文東段,.00,都市：商,,,,14120000
RPQNMLKKMHLFFFE97CC,介壽段,93.00,都市：住,,,,06890000
RPQOMLSJMHLFFAE28CC,文東段,.00,都市：商,,,,14130000
RPRNMLLKMHLFFBE77CC,新興段二小段,9.72,都市：商,,,,16950000
RPUNMLLKMHLFFBE08CC,苓西段,.00,都市：商,,,,03410000
RPTNMLLKMHLFFBE97CC,新興段一小段,70.00,都市：商,,,,17430000
RPPNMLKKMHLFFBE47CC,意誠段,.00,都市：商,,,,01990000
RPVNMLLKMHLFFBE18CC,苓洲段,5.45,都市：商,,,,05420000
RPUNMLLKMHLFFAE97CC,青海段,249.48,都市：住,,,,04170000
RPPOMLLKMHLFFIE38CC,草潭段,50.26,都市：住,,,,12050011
RPPOMLLKMHLFFIE38CC,草潭段,8.90,都市：住,,,,12050016
RPPOMLLKMHLFFIE38CC,草潭段,17.98,都市：住,,,,12050017
RPXNMLLKMHLFFCE48CC,愛群段,24.40,都市：商,,,,02020000
RPSNMLLKMHLFFLE88CC,上寮南段,396.70,都市：農,,,,02500001
RPXNMLLKMHLFFIE09CC,澄德段,21.66,都市：商,,,,00640000
RPRNMLLKMHLFFGE28CC,五甲段,52.11,都市：住,,,,04420001
RPVNMLLKMHLFFLE56CC,大寮段,136.00,都市：住,,,,32290022
RPPOMLMKMHLFFFE18CC,鳳雄段,5069.57,非都市：一般農業區 ; 非都市編定：農牧用地,,,,00750000
RPPNMLMKMHLFFCE77CC,光華段一小段,4.44,都市：住,,,,20700000
RPPNMLMKMHLFFCE77CC,光華段一小段,3.94,都市：商,,,,20700031
RPPNMLMKMHLFFAE57CC,青海段,2859.17,都市：住,,,,01210000
RPXNMLMKMHLFFBE48CC,意誠段,.00,都市：商,,,,01990000
RPRPMLMKMHLFFEE38CC,新庄段三小段,18.00,都市：住,,,,11840000
RPVOMLMKMHLFFBE38CC,意誠段,.00,都市：商,,,,01990000
RPTOMLNKMHLFFBE28CC,過田子段,23.53,都市：住,,,,09060000
RPVOMLNKMHLFFBE48CC,大統段一小段,12.15,都市：商,,,,02040000
RPWOMLNKMHLFFBE58CC,意誠段,.00,都市：商,,,,01860000
RPTNMLNKMHLFFAE08CC,旗港段,169.00,都市：商,,,,07560000
RPTNMLNKMHLFFAE08CC,旗港段,111.00,都市：住,,,,07560001
RPWNMLNKMHLFFAE38CC,青海段,24.28,都市：住,,,,06800000
RPXNMLNKMHLFFAE48CC,北金段,10.11,都市：商,,,,02550000
RPXNMLNKMHLFFAE48CC,北金段,6.49,都市：商,,,,02550000
RPOOMLNKMHLFFAE67CC,青海段,8.46,都市：住,,,,04170001
RPUOMLNKMHLFFAE28CC,龍華段二小段,65.00,都市：住,,,,04730000
RPVNMLNKMHLFFCE48CC,愛群段,86.00,都市：商,,,,26150001
RPPOMLNKMHLFFCE97CC,愛群段,.00,都市：商,,,,07400000
RPQOMLNKMHLFFCE08CC,宏明段,25.41,都市：其他:住商區,,,,04510000
RPPOMLNKMHLFFGE38CC,埤頂段,.00,都市：住,,,,12430036
RPOOMLNKMHLFFJE58CC,工專段,51.68,都市：住,,,,08870000
RPVOMLNKMHLFFEE78CC,莒光段四小段,87.00,都市：商,,,,13440000
RPSNMLOKMHLFFFE58CC,大紅段,67.73,都市：住,,,,05510000
RPOOMLOKMHLFFCE97CC,憲德段二小段,9.39,都市：商,,,,00200000
RPPOMLOKMHLFFCE08CC,憲德段二小段,9.39,都市：商,,,,00200000
RPWNMLOKMHLFFBE58CC,大統段一小段,155.00,都市：商,,,,10850000
RPWNMLOKMHLFFBE58CC,大統段一小段,10.00,都市：商,,,,10860000
RPRNMLTJMHLFFEE78CC,新庄段八小段,24.66,都市：住,,,,01090000
RPTNMLPJMHLFFEE58CC,菜公段五小段,22.76,都市：住,,,,12270000
RPPOMLPKMHLFFAE97CC,龍華段八小段,.00,都市：商,,,,21960000
RPSNMLPKMHLFFBE28CC,過田子段,.00,都市：商,,,,11210009
RPXNMLPKMHLFFLE17CC,永芳段,25.00,都市：住,,,,06930000
RPXNMLPKMHLFFLE17CC,永芳段,95.00,都市：住,,,,06900000
RPOOMLPKMHLFFLE98CC,永芳段,95.00,都市：住,,,,06900000
RPOOMLPKMHLFFLE98CC,永芳段,25.00,都市：住,,,,06930000
RPPOMLLJMHLFFDE87DC,獅頭段一小段,.00,都市：其他:,,,,20410001
RPSNMLPKMHLFFIE98CC,翠屏段,168.00,都市：住,,,,12930000
RPUNMLPKMHLFFIE56CC,北屋段,230.62,都市：住,,,,13390000
RPUNMLPKMHLFFIE56CC,北屋段,.12,都市：住,,,,13390017
RPUNMLPKMHLFFIE56CC,北屋段,.12,都市：住,,,,13390018
RPWNMLNKMHLFFIE56CC,松埔段,12.07,非都市：鄉村區 ; 非都市編定：乙種建築用地,,,,05310000
RPWNMLNKMHLFFIE56CC,松埔段,3.15,非都市：鄉村區 ; 非都市編定：乙種建築用地,,,,06440000
RPOOMLPKMHLFFDE18CC,三塊厝段三小段,11.57,都市：住,,,,37140000
RPWNMLPKMHLFFDE88CC,建德段,41.00,都市：商,,,,02470000
RPXNMLPKMHLFFDE98CC,大港段五小段,105.00,都市：商,,,,08500000
RPQOMLLKMHLFFDE97CC,澄清段一小段,27.00,都市：住,,,,01380000
RPVNMLPKMHLFFDE78CC,灣中段,82.32,都市：住,,,,05710004
RPRNMLPKMHLFFDE38CC,三塊厝段,10.86,都市：商,,,,13230000
RPRNMLPKMHLFFDE38CC,三塊厝段,6.12,都市：商,,,,13230021
RPXNMLLKMHLFFDE58CC,灣立段,27.98,都市：住,,,,03640000
RPXNMLOKMHLFFDE88CC,灣復段,6.08,都市：商,,,,00220000
RPQNMLSJMHLFFDE48CC,大港段七小段,163.00,都市：商,,,,04310004
RPQNMLSJMHLFFDE48CC,大港段七小段,14.00,都市：商,,,,04310016
RPTOMLRJMHLFFDE78CC,鼎泰段,.00,都市：住,,,,14740082
RPQOMLPKMHLFFDE38CC,三塊厝段,58.00,都市：住,,,,12120007
RPRNMLQKMHLFFBE28CC,新興段四小段,334.00,都市：商,,,,06880001
RPPNMLQKMHLFFGE58CC,牛潮埔段,102.00,都市：住,,,,02150080
RPPNMLQKMHLFFBE08CC,五塊厝段,23.63,都市：商,,,,24020000
RPVNMLSKMHLFFBE88CC,五塊厝段,19.48,都市：商,,,,17350000
RPWOMLSKMHLFFBE09CC,過田子段,.00,都市：商,,,,11360000
RPXOMLSKMHLFFBE56CC,大統段一小段,.00,都市：商,,,,00060000
RPQOMLSKMHLFFBE48CC,五塊厝段,13.10,都市：商,,,,17080000
RPXNMLSKMHLFFAE98CC,文東段,.00,都市：商,,,,10540000
RPXNMLSKMHLFFAE98CC,文東段,.00,都市：商,,,,10540001
RPSOMLSKMHLFFAE58CC,文東段,.00,都市：商,,,,10540000
RPSOMLSKMHLFFAE58CC,文東段,.00,都市：商,,,,10540001
RPPOMLSKMHLFFAE28CC,文東段,339.00,都市：商,,,,10540000
RPPOMLSKMHLFFAE28CC,文東段,300.00,都市：商,,,,10540001
RPWOMLSKMHLFFAE98CC,龍華段八小段,4.89,都市：商,,,,22390000
RPWNMLSKMHLFFCE09CC,愛群段,20.14,都市：商,,,,28140000
RPRNMLSKMHLFFIE56CC,澄清段,81.00,都市：住,,,,00170016
RPSNMLSKMHLFFGE56DC,七老爺段一甲小段,368.00,都市：住,,,,12620000
RPSNMLSKMHLFFGE56DC,七老爺段一甲小段,41.00,都市：住,,,,12620003
RPVPMLSKMHLFFDE66CC,建民段,17.36,都市：住,,,,07740000
RPVPMLSKMHLFFDE66CC,建民段,6.09,都市：商,,,,07740001
RPUNMLSKMHLFFEE56DC,福山段,102.50,都市：住,,,,01780002
RPOPMLSKMHLFFBE38CC,新興段四小段,.00,都市：商,,,,16770000
RPOPMLSKMHLFFBE38CC,新興段四小段,.00,都市：商,,,,16780000
RPQQMLSKMHLFFDE88CC,覆鼎金段覆鼎金小段,4800.00,都市：住,,,,12260000
RPTPMLSKMHLFFEE56CC,新庄段十三小段,6.55,都市：商,,,,15090000
RPWOMLTKMHLFFGE07CC,竹子腳段,.00,都市：住,,,,02720005
RPPNMLTKMHLFFFE78CC,岡山段,75.00,都市：商,,,,03860068
RPOOMLTKMHLFFGE88CC,華鳳段,26.67,都市：住,,,,00970000
RPSOMLTKMHLFFGE66CC,新甲段,17.31,都市：住,,,,10740000
RPRNMLTKMHLFFBE58CC,意誠段,.00,都市：商,,,,01990000
RPSNMLTKMHLFFBE68CC,意誠段,.00,都市：商,,,,01990000
RPPNMLKLMHLFFBE57CC,過田子段,4.76,都市：商,,,,06000000
RPPNMLKLMHLFFBE57CC,過田子段,.45,都市：商,,,,06000001
RPPNMLKLMHLFFBE57CC,過田子段,5.19,都市：商,,,,06010000
RPWNMLKLMHLFFBE28CC,林德官段,6.06,都市：商,,,,11330000
RPWNMLKLMHLFFBE28CC,林德官段,30.30,都市：商,,,,11330001
RPWNMLKLMHLFFAE18CC,文東段,55.38,都市：商,,,,15500000
RPVNMLKLMHLFFAE08CC,文東段,36.70,都市：商,,,,15500000
RPXNMLTKMHLFFAE09CC,龍華段八小段,13.79,都市：商,,,,24040000
RPVNMLKLMHLFFBE28DC,林德官段,1230.00,都市：商,,,,13680000
RPVNMLKLMHLFFBE28DC,林德官段,588.00,都市：商,,,,13680001
RPUOMLKLMHLFFEE48CC,福山段,12.13,都市：商,,,,02910000
RPXOMLTKMHLFFGE17CC,新庄子段,28.00,都市：住,,,,02220062
RPXOMLTKMHLFFGE17CC,新庄子段,13.00,都市：住,,,,02220063
RPRNMLLLMHLFFBE87CC,新興段一小段,36.42,都市：商,,,,05270000
RPVNMLLLMHLFFBE28CC,五權段,47.75,都市：住,,,,03270000
RPXNMLLLMHLFFBE48CC,正憲段,2756.12,都市：其他:,,,,00650000
RPUNMLMLMHLFFBE28CC,林德官段一小段,19.16,都市：其他:,,,,28690000
RPUNMLLLMHLFFCE28CC,獅甲段,11.18,都市：商,,,,01580001
RPUNMLLLMHLFFCE28CC,獅甲段,10.28,都市：住,,,,01600001
RPSOMLMLMHLFFBE18CC,大統段二小段,.00,都市：商,,,,12660000
RPPOMLKLMHLFFCE77CC,憲德段一小段,5.52,都市：住,,,,08040000
RPUNMLKLMHLFFCE18CC,愛群段,7.32,都市：商,,,,10810000
RPUNMLKLMHLFFCE18CC,愛群段,14.08,都市：商,,,,10810000
RPOOMLSKMHLFFCE38CC,愛群段,.00,都市：商,,,,20250000
RPXNMLMLMHLFFAE48CC,青海段,6.51,都市：住,,,,01010000
RPOOMLMLMHLFFAE67CC,龍華段九小段,11.50,都市：住,,,,09620000
RPVNMLMLMHLFFDE58CC,鼎祥段,.00,非都市： ; 非都市編定：,,,,00230000
RPTNMLMLMHLFFDE38CC,獅頭段,.00,都市：商,,,,23300000
RPTNMLMLMHLFFIE88CC,澄合段,50.00,都市：住,,,,02130000
RPPOMLKLMHLFFDE87CC,建德段,.00,都市：商,,,,07200000
RPPOMLKLMHLFFDE87CC,建德段,.00,都市：商,,,,07200001
RPSNMLLLMHLFFDE18CC,澄清段二小段,41.99,都市：住,,,,00520000
RPVNMLTKMHLFFDE56CC,大豐段二小段,13.76,都市：住,,,,05150000
RPVNMLTKMHLFFDE56CC,大豐段二小段,.81,都市：住,,,,05150001
RPQNMLTKMHLFFDE68CC,大港段三小段,117.00,都市：商,,,,08010000
RPQNMLTKMHLFFDE68CC,大港段三小段,66.00,都市：商,,,,08010001
RPRQMLSKMHLFFDE98CC,灣興段,.00,都市：住,,,,03430000
RPRQMLSKMHLFFDE98CC,灣興段,.00,都市：住,,,,03400000
RPRNMLMLMHLFFLE98CC,大寮段,190.65,都市：工,,,,19260001
RPSNMLPLMHLFFCE48CC,獅甲段二小段,.03,都市：其他:國民住宅,,,,05910000
RPSNMLNLMHLFFCE28CC,獅甲段,2.59,都市：商,,,,03310000
RPSNMLNLMHLFFCE28CC,獅甲段,.82,都市：商,,,,03300000
RPOOMLPLMHLFFCE18CC,二橋段,663.45,都市：工,,,,12820000
RPRNMLNLMHLFFCE18CC,獅甲段,.21,都市：商,,,,03300000
RPRNMLNLMHLFFCE18CC,獅甲段,.65,都市：商,,,,03310000
RPWNMLPLMHLFFCE88CC,二橋段,663.45,都市：工,,,,12820000
RPVNMLPLMHLFFIE76CC,烏林段,1487.60,非都市：一般農業區 ; 非都市編定：農牧用地,,,,02000000
RPWNMLPLMHLFFIE86CC,烏林段,1147.10,非都市：一般農業區 ; 非都市編定：丁種建築用地,,,,08760000
RPWNMLPLMHLFFIE86CC,烏林段,552.06,非都市：一般農業區 ; 非都市編定：農牧用地,,,,08770000
RPWNMLPLMHLFFIE86CC,烏林段,99.10,非都市：一般農業區 ; 非都市編定：丁種建築用地,,,,08190000
RPQNMLNLMHLFFCE08CC,獅甲段,2.59,都市：商,,,,03310000
RPQNMLNLMHLFFCE08CC,獅甲段,.82,都市：商,,,,03300000
RPVNMLPLMHLFFGE56CC,文山段,14.77,都市：住,,,,05840000
RPXNMLPLMHLFFGE76CC,道爺?段,.00,都市：住,,,,10910017
RPOQMLPLMHLFFGE78CC,鳳青段,524.90,都市：住,,,,02530000
RPPQMLPLMHLFFGE88CC,鳳青段,524.90,都市：住,,,,02530000
RPOOMLPLMHLFFGE58CC,文山段,10.83,都市：住,,,,08970000
RPSOMLPLMHLFFGE98CC,華鳳段,26.24,都市：住,,,,00970000
RPUNMLPLMHLFFDE78CC,大豐段二小段,20.13,都市：住,,,,01400000
RPOOMLQLMHLFFGE68CC,新甲段,21.77,都市：住,,,,10850003
RPXNMLQLMHLFFGE86CC,新甲段,23.21,都市：住,,,,12450182
RPXOMLQLMHLFFGE96CC,竹子腳段,88.00,都市：住,,,,03490072
RPPNMLQLMHLFFIE88CC,清福段,80.00,都市：工,,,,00670000
RPWNMLQLMHLFFIE96CC,永和段,63.08,都市：住,,,,12920000
RPOOMLQLMHLFFIE88CC,青雲段,222.00,都市：住,,,,03930000
RPSNMLQLMHLFFIE56CC,保甲段,1831.63,都市：農,,,,02450000
RPWNMLQLMHLFFIE96CC,永和段,123.08,都市：住,,,,12910000
RPPOMLQLMHLFFIE98CC,金鼎段,154.35,都市：住,,,,07200000
RPPOMLQLMHLFFIE98CC,金鼎段,76.31,都市：住,,,,07200001
RPPOMLQLMHLFFIE98CC,金鼎段,76.85,都市：住,,,,07200002
RPPOMLQLMHLFFIE98CC,金鼎段,77.44,都市：住,,,,07200003
RPPOMLQLMHLFFIE98CC,金鼎段,79.17,都市：住,,,,07200004
RPPOMLQLMHLFFIE98CC,金鼎段,96.63,都市：住,,,,07200005
RPPOMLQLMHLFFIE98CC,金鼎段,93.81,都市：住,,,,07200006
RPPOMLQLMHLFFIE98CC,金鼎段,93.82,都市：住,,,,07200007
RPPOMLQLMHLFFIE98CC,金鼎段,96.62,都市：住,,,,07200008
RPUOMLQLMHLFFAE68CC,龍華段八小段,6.70,都市：商,,,,24060000
RPTOMLQLMHLFFAE58CC,龍華段四小段,14.32,都市：住,,,,06180000
RPUNMLQLMHLFFBE68CC,意誠段,.00,都市：商,,,,01990000
RPOOMLQLMHLFFFE58CC,大仁段,929.00,都市：住,,,,12550000
RPOOMLQLMHLFFFE58CC,大仁段,40.00,都市：住,,,,31980006
RPVNMLQLMHLFFBE78CC,意誠段,.00,都市：商,,,,01990000
RPPOMLQLMHLFFBE28CC,苓雅寮段,.00,都市：商,,,,06940000
RPWNMLQLMHLFFBE88CC,意誠段,.00,都市：商,,,,01990000
RPPNMLRLMHLFFBE28CC,苓雅寮段,358.00,都市：商,,,,04810000
RPTNMLRLMHLFFBE68CC,新興段二小段,.00,都市：商,,,,03130000
RPQOMLRLMHLFFBE48CC,大統段一小段,.00,都市：商,,,,00060000
RPVNMLRLMHLFFBE88CC,新興段四小段,.00,都市：商,,,,16770000
RPVNMLRLMHLFFBE88CC,新興段四小段,.00,都市：商,,,,16780000
RPTOMLRLMHLFFAE68CC,龍華段八小段,.00,都市：商,,,,21920000
RPUNMLRLMHLFFBE78CC,過田子段,.00,都市：商,,,,11360000
RPROMLRLMHLFFAE48CC,龍華段八小段,.00,都市：商,,,,21920000
RPVOMLRLMHLFFAE88CC,龍華段八小段,.00,都市：商,,,,21920000
RPXOMLRLMHLFFAE09CC,龍華段九小段,21.53,都市：住,,,,09580000
RPRNMLRLMHLFFGE98CC,埤頂段,75.00,都市：住,,,,12620083
RPRNMLRLMHLFFGE98CC,埤頂段,17.00,都市：其他:,,,,12620099
RPWNMLSLMHLFFGE96CC,園尾段,73.23,都市：住,,,,00530083
RPQNMLSLMHLFFGE98CC,新甲段,326.00,都市：住,,,,12000011
RPQNMLSLMHLFFGE98CC,新甲段,183.00,都市：住,,,,12000013
RPOOMLSLMHLFFGE88CC,灣頭段,104.94,都市：住,,,,00400106
RPOOMLSLMHLFFGE88CC,灣頭段,101.66,都市：住,,,,00400105
RPQNMLSLMHLFFLE86CC,磚子?段,2280.00,都市：農,,,,37920000
RPTNMLSLMHLFFIE86CC,竹後段,1322.00,都市：工,,,,00920002
RPQOMLSLMHLFFGE09CC,新甲段,9.59,都市：其他:,,,,11860000
RPUPMLSLMHLFFEE76CC,左東段,15.59,都市：住,,,,05280000
RPOQMLSLMHLFFEE88CC,新庄段七小段,20.75,都市：住,,,,09860000
RPTPMLQLMHLFFEE09CC,左南段,111.00,都市：住,,,,00370003
RPTOMLPLMHLFFEE88CC,福民段,129.63,都市：住,,,,02340000
RPSPMLSLMHLFFEE56CC,新庄段十三小段,8.28,都市：商,,,,14450000
RPVPMLSLMHLFFEE86CC,新博段,17.19,都市：住,,,,00030000
RPOQMLQLMHLFFEE68CC,新庄段一小段,18.02,都市：住,,,,10730000
RPRPMLSLMHLFFEE09CC,新庄段六小段,7.24,都市：住,,,,09130000
RPXPMLQLMHLFFEE86CC,新庄段十三小段,.00,都市：住,,,,12930000
RPTPMLMLMHLFFEE68CC,福山段,38.38,都市：商,,,,03370000
RPSNMLSLMHLFFAE58CC,大成段,9.01,都市：商,,,,07170000
RPQNMLSLMHLFFBE48CC,過田子段,108.00,都市：商,,,,09030001
RPQNMLSLMHLFFBE48CC,過田子段,107.00,都市：商,,,,09030007
RPRNMLTLMHLFFAE58CC,內惟段一小段,56.00,都市：住,,,,08590032
RPTNMLSLMHLFFAE68CC,大成段,9.34,都市：商,,,,07150000
RPTNMLSLMHLFFAE68CC,大成段,9.18,都市：商,,,,07170000
RPRNMLTLMHLFFCE78CC,愛群段,26.94,都市：商,,,,13840000
RPOOMLTLMHLFFEE78CC,菜公段六小段,13.86,都市：住,,,,11280000
RPQOMLTLMHLFFEE98CC,新民段,789.69,都市：住,,,,00980000
RPQNMLTLMHLFFDE78CC,中華段一小段,833.00,都市：工,,,,07900000
RPXNMLTLMHLFFCE76CC,光華段,93.00,都市：住,,,,09210000
RPRNMLTLMHLFFDE88CC,獅頭段,30.35,都市：住,,,,27900000
RPWNMLTLMHLFFCE66CC,獅甲段一小段,37.07,都市：住,,,,05310000
RPPNMLTLMHLFFFE88CC,大紅段,67.73,都市：住,,,,05510000
RPRNMLTLMHLFFGE56CC,新甲段,21.47,都市：其他:,,,,11000000
RPPOMLTLMHLFFGE09CC,大貝湖段,.00,都市：住,,,,00140000
RPXOMLTLMHLFFGE27CC,文山段,13.49,都市：住,,,,01460023
RPSNMLTLMHLFFBE78CC,苓中段,72.00,都市：商,,,,03310000
RPRNMLTLMHLFFBE68CC,林德官段,81.00,都市：商,,,,11160016
RPSOMLSLMHLFFBE78CC,林德官段一小段,.00,都市：住,,,,27350002
RPVNMLSLMHLFFBE98CC,苓洲段,18.28,都市：商,,,,02630000
RPRNMLSLMHLFFBE58CC,成功段,66.43,都市：商,,,,07030000
RPUNMLSLMHLFFBE88CC,新興段一小段,8.66,都市：商,,,,01400004
