﻿編號,屋齡,建物移轉面積平方公尺,主要用途,主要建材,建築完成日期,總層數,建物分層
The serial number,room age,building shifting area square meter,the main use,main building materials,construction completes the date,total layer,building lamination
RPRNMLLJKHLFFBE47CC,19,73.27,住家用,鋼筋混凝土造,86年4月21日,三十五層,
RPRNMLLJKHLFFBE47CC,19,40.61,見使用執照,鋼筋混凝土造,86年4月21日,三十五層,
RPSNMLLJKHLFFBE57CC,40,74.23,,鋼筋混凝土造,65年6月12日,四層,
RPPOMLLJKHLFFBE37CC,37,58.53,,鋼筋混凝土造,66年6月22日,四層,
RPUNMLLJKHLFFBE77CC,32,189.90,見使用執照,鋼筋混凝土造,72年10月15日,六層,
RPQOMLLJKHLFFBE47CC,19,98.06,住家用,鋼筋混凝土造,86年4月21日,三十五層,
RPQOMLLJKHLFFBE47CC,19,28.63,見使用執照,鋼筋混凝土造,86年4月21日,三十五層,
RPPNMLLJKHLFFDE47CC,38,66.04,,鋼筋混凝土造,66年11月9日,四層,
RPUNMLLJKHLFFDE97CC,39,55.69,,鋼筋混凝土造,66年4月26日,三層,
RPXNMLLJKHLFFDE28CC,17,24.63,商業用,鋼骨鋼筋混凝土造,87年9月29日,二十五層,
RPXNMLLJKHLFFDE28CC,17,2.92,商業用,鋼骨鋼筋混凝土造,87年9月29日,二十五層,
RPXNMLLJKHLFFDE28CC,17,12.11,見使用執照,鋼骨鋼筋混凝土造,87年9月29日,二十五層,
RPWOMLLJKHLFFCE18CC,18,133.85,商業用,鋼筋混凝土造,87年7月14日,二十八層,
RPWOMLLJKHLFFCE18CC,18,60.32,共有部份,鋼筋混凝土造,87年7月14日,二十八層,
RPTOMLLJKHLFFCE87CC,2,74.28,住家用,鋼筋混凝土造,102年9月18日,十五層,
RPUOMLLJKHLFFCE97CC,35,75.24,,鋼筋混凝土造,70年3月5日,五層,
RPTOMLLJKHLFFCE87CC,2,11.86,住家用,鋼筋混凝土造,102年9月18日,十五層,
RPTOMLLJKHLFFCE87CC,2,72.63,共有部份,鋼筋混凝土造,102年9月18日,十五層,
RPUNMLLJKHLFFCE87CC,25,136.56,商業用,鋼筋混凝土造,80年3月1日,十四層,
RPUNMLLJKHLFFCE87CC,25,10.29,見使用執照,鋼筋混凝土造,80年3月1日,十四層,
RPUNMLLJKHLFFCE87CC,25,31.33,見使用執照,鋼筋混凝土造,80年3月1日,十四層,
RPVOMLLJKHLFFEE28CC,1,77.64,集合住宅,鋼筋混凝土,104年4月10日,十四層,
RPVOMLLJKHLFFEE28CC,1,11.29,集合住宅,鋼筋混凝土,104年4月10日,十四層,
RPVOMLLJKHLFFEE28CC,1,67.75,本共有部分之項目有防空避難室兼停車空間、停車空間、門廊、管委會使用空間、樓梯間、車道、機械室、水箱等８項。,鋼筋混凝土,104年4月10日,十四層,
RPUOMLLJKHLFFEE18CC,1,50.70,住家用,鋼筋混凝土造,103年11月4日,十五層,
RPUOMLLJKHLFFEE18CC,1,7.69,住家用,鋼筋混凝土造,103年11月4日,十五層,
RPSOMLLJKHLFFEE97CC,2,73.76,住家用,鋼筋混凝土造,103年2月27日,十五層,
RPUOMLLJKHLFFEE18CC,1,42.05,本共有部分之項目有防空避難室兼停車空間、門廊、門廳、管委員會使用空間、停車空間、車道、樓梯間、機械房、水箱等９項。,鋼筋混凝土造,103年11月4日,十五層,
RPSOMLLJKHLFFEE97CC,2,19.83,住家用,鋼筋混凝土造,103年2月27日,十五層,
RPSOMLLJKHLFFEE97CC,2,59.22,本共有部分之項目包括防空避難室兼停車空間、停車空間、騎樓、梯間、管委會使用空間、車道、門廊、樓梯間、管道、機房、水箱共１１項。,鋼筋混凝土造,103年2月27日,十五層,
RPROMLLJKHLFFEE87CC,2,46.98,住家用,鋼筋混凝土造,103年3月27日,十五層,
RPROMLLJKHLFFEE87CC,2,8.44,住家用,鋼筋混凝土造,103年3月27日,十五層,
RPROMLLJKHLFFEE87CC,2,28.64,本共有部分之項目有防空避難室兼停車空間、停車空間、梯間、門廳、門廊、管理委員會使用空間、走廊、立體架構投影、機械室、水箱、夾層、遮、陽台等１３項。,鋼筋混凝土造,103年3月27日,十五層,
RPWOMLLJKHLFFEE38CC,1,51.34,集合住宅,鋼筋混凝土,104年4月10日,十四層,
RPWOMLLJKHLFFEE38CC,1,4.59,集合住宅,鋼筋混凝土,104年4月10日,十四層,
RPWOMLLJKHLFFEE38CC,1,30.24,本共有部分之項目有防空避難室兼停車空間、停車空間、門廊、管委會使用空間、樓梯間、車道、機械室、水箱等８項。,鋼筋混凝土,104年4月10日,十四層,
RPTOMLLJKHLFFEE08CC,2,84.42,住家用,鋼筋混凝土造,102年12月2日,二十五層,
RPTOMLLJKHLFFEE08CC,2,17.60,住家用,鋼筋混凝土造,102年12月2日,二十五層,
RPTOMLLJKHLFFEE08CC,2,64.85,本共有部分之項目有防空避難室兼停車空間、停車空間、騎樓、門廳、門廊、梯間、防災中心、車道投影、管理委員會使用空間、設備空間、樓梯間、水箱、機械室、陽台、雨遮等１５項。,鋼筋混凝土造,102年12月2日,二十五層,
RPSOMLLJKHLFFBE67CC,15,154.30,住家用,鋼骨造,90年3月26日,四十一層,
RPSOMLLJKHLFFBE67CC,15,16.53,住家用,鋼骨造,90年3月26日,四十一層,
RPSOMLLJKHLFFBE67CC,15,84.15,社區中心、設備空間、防空避難室，停車空間，游泳池，機械室，梯廳，水箱,鋼骨造,90年3月26日,四十一層,
RPWNMLLJKHLFFGE48CC,11,238.65,店舖、停車空間、住宅、樓梯間,鋼筋混凝土,93年9月16日,四層,
RPUNMLLJKHLFFIE48CC,8,169.98,廠房,鋼骨構造,96年9月6日,一層,
RPSOMLLJKHLFFFE08CC,10,93.97,住商用,鋼筋混凝土造,94年9月26日,四層,
RPVNMLLJKHLFFIE58CC,8,163.17,廠房,鋼骨構造,96年9月6日,一層,
RPWNMLLJKHLFFIE68CC,8,163.61,廠房,鋼骨構造,96年9月6日,一層,
RPQPMLLJKHLFFCE77DC,20,137.97,住家用,鋼筋混凝土造,83年8月9日,十二層,
RPSNMLMJKHLFFDE87CC,41,151.20,,加強磚造,64年6月11日,三層,
RPTOMLMJKHLFFCE97CC,40,222.80,,鋼筋混凝土造,65年6月16日,四層,
RPRNMLMJKHLFFBE57CC,36,201.58,,鋼筋混凝土造,69年2月2日,六層,
RPQNMLNJKHLFFBE57CC,26,56.00,,鋼筋混凝土造,78年11月9日,十二層,
RPTOMLLJKHLFFIE48CC,18,81.73,住家用,鋼筋混凝土造,84年8月17日,十層,
RPWNMLNJKHLFFCE28CC,9,128.94,住家用,鋼筋混凝土造,96年5月9日,二十七層,
RPWNMLNJKHLFFCE28CC,9,82.45,共有部份,鋼筋混凝土造,96年5月9日,二十七層,
RPVNMLNJKHLFFDE28CC,25,84.58,,鋼筋混凝土造,80年3月1日,十二層,
RPVNMLNJKHLFFDE28CC,25,41.13,,鋼筋混凝土造,80年3月1日,十二層,
RPXPMLNJKHLFFDE68CC,16,79.27,商業用,見使用執照,88年10月26日,二層,
RPXPMLNJKHLFFDE68CC,16,226.55,商業用,見使用執照,88年10月26日,二層,
RPXPMLNJKHLFFDE68CC,16,113.34,商業用,見使用執照,88年10月26日,二層,
RPXNMLNJKHLFFEE68DC,35,64.56,,加強磚造,68年2月2日,二層,
RPRNMLNJKHLFFFE08CC,22,121.96,住家用,鋼筋混凝土造,83年1月20日,六層,
RPQQMLMJKHLFFEE08CC,25,138.87,住商用,鋼筋混凝土造,79年6月21日,七層,
RPRPMLNJKHLFFGE38CC,38,220.80,住商用,鋼筋混凝土造,67年7月21日,四層,
RPOPMLLJKHLFFEE67CC,2,50.38,住家用,鋼筋混凝土造,103年3月27日,十五層,
RPOPMLLJKHLFFEE67CC,2,5.87,住家用,鋼筋混凝土造,103年3月27日,十五層,
RPOPMLLJKHLFFEE67CC,2,29.12,本共有部分之項目有防空避難室兼停車空間、停車空間、梯間、門廳、門廊、管理委員會使用空間、走廊、立體架構投影、機械室、水箱、夾層、遮、陽台等１３項。,鋼筋混凝土造,103年3月27日,十五層,
RPSPMLLJKHLFFEE08CC,2,70.99,住家用,鋼筋混凝土造,102年11月11日,十五層,
RPSPMLLJKHLFFEE08CC,2,12.14,住家用,鋼筋混凝土造,102年11月11日,十五層,
RPSPMLLJKHLFFEE08CC,2,60.87,本共有部分之項目有防空避難室兼停車空間、停車空間、騎樓、管理委員會使用空間、門廳、梯間、門廊、車道面積、陽台、樓梯間、水箱、機械室等１２項。,鋼筋混凝土造,102年11月11日,十五層,
RPUPMLLJKHLFFEE28CC,18,92.29,住家用,鋼筋混凝土造,87年2月17日,二十六層,
RPUPMLLJKHLFFEE28CC,18,12.31,住家用,鋼筋混凝土造,87年2月17日,二十六層,
RPUPMLLJKHLFFEE28CC,18,37.33,見使用執照,鋼筋混凝土造,87年2月17日,二十六層,
RPUNMLOJKHLFFDE28CC,21,164.65,住商用,鋼筋混凝土造,83年9月27日,八層,
RPOOMLOJKHLFFDE77CC,48,115.18,住商用,加強磚造,57年5月10日,三層,
RPROMLOJKHLFFEE18CC,2,50.38,住家用,鋼筋混凝土造,103年3月27日,十五層,
RPROMLOJKHLFFEE18CC,2,5.87,住家用,鋼筋混凝土造,103年3月27日,十五層,
RPROMLOJKHLFFEE18CC,2,58.39,本共有部分之項目有防空避難室兼停車空間、停車空間、梯間、門廳、門廊、管理委員會使用空間、走廊、立體架構投影、機械室、水箱、夾層、遮、陽台等１３項。,鋼筋混凝土造,103年3月27日,十五層,
RPOOMLOJKHLFFCE67CC,22,169.35,住家用,鋼筋混凝土造,82年10月2日,八層,
RPVOMLOJKHLFFCE38CC,19,290.17,住商用,鋼筋混凝土造,86年5月27日,二十七層,
RPVOMLOJKHLFFCE38CC,19,20.05,見使用執照,鋼筋混凝土造,86年5月27日,二十七層,
RPSOMLOJKHLFFEE28CC,17,130.91,住商用,鋼筋混凝土造,87年8月26日,十四層,
RPSOMLOJKHLFFEE28CC,17,22.83,見使用執照,鋼筋混凝土造,87年8月26日,十四層,
RPROMLOJKHLFFCE97CC,25,95.21,商業用,鋼筋混凝土造,80年5月14日,十二層,
RPROMLOJKHLFFCE97CC,25,53.71,見使用執照,鋼筋混凝土造,80年5月14日,十二層,
RPQPMLOJKHLFFCE97CC,9,207.50,住商用,鋼筋混凝土造,96年3月12日,五層,
RPVNMLOJKHLFFBE18CC,21,31.50,商業用,鋼筋混凝土造,81年12月8日,四層,
RPPNMLPJKHLFFBE67CC,33,89.57,,鋼筋混凝土造,72年4月28日,十二層,
RPPNMLPJKHLFFBE67CC,33,12.44,,鋼筋混凝土造,72年4月28日,十二層,
RPSNMLPJKHLFFBE97CC,41,185.33,,加強磚造,63年8月13日,三層,
RPTNMLOJKHLFFBE97CC,26,112.14,,鋼筋混凝土造,77年12月16日,七層,
RPTNMLOJKHLFFBE97CC,26,19.19,,鋼筋混凝土造,77年12月16日,七層,
RPUNMLPJKHLFFBE18CC,41,65.45,,加強磚造,64年3月25日,三層,
RPQOMLPJKHLFFBE87CC,22,271.69,商業用,鋼筋混凝土造,83年6月10日,十二層,
RPQOMLPJKHLFFBE87CC,22,39.66,商業用,鋼筋混凝土造,83年6月10日,十二層,
RPQOMLPJKHLFFBE87CC,22,6.82,商業用,鋼筋混凝土造,83年6月10日,十二層,
RPQOMLPJKHLFFBE87CC,22,123.55,見使用執照,鋼筋混凝土造,83年6月10日,十二層,
RPTNMLPJKHLFFBE08CC,41,65.45,,加強磚造,64年3月25日,三層,
RPVOMLPJKHLFFCE48CC,17,52.45,共有部份,鋼骨造,88年2月9日,三十九層,
RPVOMLPJKHLFFCE48CC,17,16.54,共有部份,鋼骨造,88年2月9日,三十九層,
RPVOMLPJKHLFFCE48CC,17,41.55,共有部份,鋼骨造,88年2月9日,三十九層,
RPVNMLPJKHLFFEE58CC,21,76.74,住家用,鋼筋混凝土造,83年8月11日,二十七層,
RPWNMLPJKHLFFEE68CC,2,54.86,住家用,鋼筋混凝土造,103年4月29日,十三層,
RPWNMLPJKHLFFEE68CC,2,53.04,本共有部分之項目有停車空間、防空避難室兼停車空間、樓梯間、管委會使用空間、門廳兼梯廳、車道、水箱、機械室等共８項。,鋼筋混凝土造,103年4月29日,十三層,
RPXNMLPJKHLFFEE78CC,1,62.22,住家用,鋼筋混凝土造,103年11月4日,十五層,
RPXNMLPJKHLFFEE78CC,1,51.40,本共有部分之項目有防空避難室兼停車空間、門廊、門廳、管委員會使用空間、停車空間、車道、樓梯間、機械房、水箱等９項。,鋼筋混凝土造,103年11月4日,十五層,
RPSOMLPJKHLFFDE28CC,22,94.68,住家用,鋼筋混凝土造,82年9月27日,十四層,
RPVNMLPJKHLFFFE68CC,24,159.75,廠房,鋼造,81年2月10日,一層,
RPWNMLPJKHLFFFE78CC,28,162.49,住商用,鋼筋混凝土造,76年9月15日,三層,
RPPOMLPKKHLFFEE18CC,20,100.37,住商用,鋼筋混凝土造,84年10月13日,十六層,
RPVNMLPKKHLFFBE38CC,31,107.97,,鋼筋混凝土造,73年12月14日,五層,
RPQNMLPKKHLFFBE87CC,29,201.88,,鋼筋混凝土造,75年12月8日,四層,
RPQNMLQKKHLFFBE97CC,38,36.95,,鋼筋混凝土造,67年1月5日,三層,
RPTNMLQKKHLFFBE28CC,35,83.83,,鋼筋混凝土造,70年4月25日,十二層,
RPOOMLQKKHLFFCE97CC,36,193.92,住商用,鋼筋混凝土造,69年6月18日,四層,
RPTOMLQKKHLFFCE48CC,10,117.26,住家用,鋼筋混凝土造,95年6月14日,十五層,
RPTOMLQKKHLFFCE48CC,10,78.90,共有部份,鋼筋混凝土造,95年6月14日,十五層,
RPXNMLQKKHLFFAE58CC,1,123.33,住家用,鋼筋混凝土造,104年3月23日,十五層,
RPXNMLQKKHLFFAE58CC,1,15.50,住家用,鋼筋混凝土造,104年3月23日,十五層,
RPXNMLQKKHLFFAE58CC,1,52.41,本共有部分之項目有防空避難室兼停車空間、停車空間、門廊、電信室、管理室、門廳、發電機室、車道、污物處理空間、梯間等１０項。,鋼筋混凝土造,104年3月23日,十五層,
RPSNMLMJKHLFFAE57CC,21,100.00,商業用,鋼筋混凝土造,84年1月26日,十六層,
RPSNMLMJKHLFFAE57CC,21,65.00,見使用執照,鋼筋混凝土造,84年1月26日,十六層,
RPVNMLPJKHLFFAE18CC,2,112.27,住家用,鋼筋混凝土造,103年2月12日,二十四層,
RPVNMLPJKHLFFAE18CC,2,91.52,本共有部分之項目有門廳、樓梯間、公共服務空間、頂蓋型廣場式開放空間、防災中心、出入口緩衝空間、防空避難室兼停車空間、機械室、水箱等９項。,鋼筋混凝土造,103年2月12日,二十四層,
RPSNMLOJKHLFFAE77CC,10,97.00,住家用,鋼筋混凝土造,94年8月2日,十四層,
RPQOMLLJKHLFFAE37CC,3,64.82,住家用,鋼筋混凝土造,101年11月7日,十五層,
RPQOMLLJKHLFFAE37CC,3,57.62,見其他登記事項,鋼筋混凝土造,101年11月7日,十五層,
RPTNMLPJKHLFFAE97CC,11,105.27,住家用,鋼筋混凝土造,94年8月4日,十五層,
RPTNMLPJKHLFFAE97CC,11,43.46,共有部份,鋼筋混凝土造,94年8月4日,十五層,
RPTNMLNJKHLFFAE77CC,12,214.95,商業用,鋼筋混凝土造,93年5月13日,十四層,
RPVNMLLJKHLFFAE77CC,6,139.71,住家用,鋼筋混凝土造,99年5月4日,二十二層,
RPVNMLLJKHLFFAE77CC,6,138.39,本共有部分之項目有防空避難室兼停車空間、管道間、出入口緩衝空間、門廳、車道、門廊、樓梯間、管理委員會使用空間、機械室、水箱等１０項,鋼筋混凝土造,99年5月4日,二十二層,
RPXNMLLJKHLFFAE97CC,9,87.49,住家用,鋼筋混凝土造,95年3月16日,十五層,
RPXNMLLJKHLFFAE97CC,9,48.50,共有部份,鋼筋混凝土造,95年3月16日,十五層,
RPQNMLQKKHLFFFE38CC,22,332.09,工業用,鋼筋混凝土造,83年2月3日,四層,
RPWNMLQKKHLFFDE78CC,28,260.07,,鋼筋混凝土造,77年6月25日,五層,
RPPNMLQKKHLFFDE08CC,50,119.18,住商用,加強磚造,55年4月14日,二層,
RPVNMLRKKHLFFGE09CC,4,92.23,集合住宅,鋼筋混凝土,98年3月30日,十四層,
RPPNMLRKKHLFFDE28DC,33,875.14,,鋼筋混凝土造,70年5月15日,三層,
RPTNMLRKKHLFFAE28CC,1,150.36,住家用,鋼筋混凝土造,101年9月26日,十五層,
RPRNMLRKKHLFFAE08CC,11,70.58,住家用,鋼筋混凝土造,91年6月18日,二十二層,
RPOOMLQKKHLFFAE77CC,1,96.32,住家用,鋼筋混凝土造,104年3月23日,十五層,
RPOOMLQKKHLFFAE77CC,1,13.05,住家用,鋼筋混凝土造,104年3月23日,十五層,
RPOOMLQKKHLFFAE77CC,1,43.51,本共有部分之項目有防空避難室兼停車空間、停車空間、門廊、電信室、管理室、門廳、發電機室、車道、污物處理空間、梯間等１０項。,鋼筋混凝土造,104年3月23日,十五層,
RPQNMLRKKHLFFAE97CC,7,227.60,住商用,鋼筋混凝土造,95年5月25日,五層,
RPPNMLRKKHLFFBE97CC,26,7.87,,鋼筋混凝土造,78年11月9日,十二層,
RPSNMLRKKHLFFBE28CC,25,153.12,,鋼筋混凝土造,78年1月14日,十七層,
RPQNMLRKKHLFFBE08CC,39,55.27,,鋼筋混凝土造,65年11月24日,十層,
RPSNMLSKKHLFFBE38CC,9,64.39,住家用,鋼筋混凝土造,96年4月13日,十五層,
RPSNMLSKKHLFFBE38CC,9,29.27,共有部份,鋼筋混凝土造,96年4月13日,十五層,
RPPNMLSKKHLFFAE97CC,19,72.85,商業用,鋼筋混凝土造,84年1月25日,二十三層,
RPPOMLSKKHLFFAE08CC,26,136.26,商業用,鋼筋混凝土造,79年2月16日,十二層,
RPROMLSKKHLFFCE48CC,22,41.73,住家用,鋼筋混凝土造,83年8月9日,十二層,
RPUOMLSKKHLFFCE78CC,18,150.57,商業用,鋼筋混凝土造,87年7月14日,二十八層,
RPUOMLSKKHLFFCE78CC,18,99.38,共有部份,鋼筋混凝土造,87年7月14日,二十八層,
RPXOMLSKKHLFFEE86EC,10,207.95,住商用,見使用執照,93年8月13日,二層,
RPXOMLSKKHLFFEE86EC,10,208.55,住商用,見使用執照,93年8月13日,二層,
RPQPMLQKKHLFFDE38CC,33,247.59,,鋼造,71年8月17日,一層,
RPQOMLQKKHLFFDE28CC,23,397.99,商業用,鋼造,81年12月23日,一層,
RPRNMLSKKHLFFDE48CC,17,46.06,住家用,鋼筋混凝土造,84年12月19日,二十六層,
RPPNMLSKKHLFFDE28CC,43,63.42,,加強磚造,61年11月8日,三層,
RPQNMLSKKHLFFDE38CC,18,125.02,住商用,鋼筋混凝土造,83年10月12日,七層,
RPTNMLSKKHLFFDE68CC,23,217.35,,鋼筋混凝土造,78年11月16日,十八層,
RPSNMLSKKHLFFDE58CC,16,303.06,住商用,鋼筋混凝土造,86年3月12日,五層,
RPRNMLTKKHLFFDE58CC,21,74.25,商業用,鋼筋混凝土造,83年11月1日,十二層,
RPQNMLTKKHLFFDE48CC,30,199.93,,鋼筋混凝土造,74年11月1日,四層,
RPSNMLTKKHLFFDE68CC,22,40.28,住家用,鋼筋混凝土造,83年1月5日,十一層,
RPSNMLTKKHLFFDE68CC,22,10.49,見使用執照,鋼筋混凝土造,83年1月5日,十一層,
RPSOMLTKKHLFFEE88CC,23,133.46,住家用,鋼筋混凝土造,79年6月15日,十四層,
RPSOMLTKKHLFFEE88CC,23,53.96,見使用執照,鋼筋混凝土造,79年6月15日,十四層,
RPPOMLRKKHLFFEE38CC,4,84.62,住商用,鋼筋混凝土結構造,100年12月2日,十五層,
RPPOMLRKKHLFFEE38CC,4,43.71,本共有部份之項目有停車空間、台電配電室、防空避難室兼停車空間、樓梯間、管理員室、門廊、娛樂休閒室、機械室、水箱共９項。,鋼筋混凝土結構造,100年12月2日,十五層,
RPPPMLSKKHLFFEE58CC,21,65.79,住商用,鋼筋混凝土造,84年1月23日,十一層,
RPQNMLTKKHLFFEE58CC,28,76.35,,鋼筋混凝土造,75年5月30日,五層,
RPQNMLTKKHLFFEE58CC,28,8.40,,鋼筋混凝土造,75年5月30日,五層,
RPOPMLQKKHLFFEE28CC,10,80.06,住家用,鋼筋混凝土造,94年10月12日,十五層,
RPOPMLQKKHLFFEE28CC,10,32.16,見使用執照,鋼筋混凝土造,94年10月12日,十五層,
RPTOMLTKKHLFFEE98CC,19,60.93,住家用,鋼筋混凝土造,83年11月4日,十二層,
RPTOMLTKKHLFFEE98CC,19,22.85,見使用執照,鋼筋混凝土造,83年11月4日,十二層,
RPXOMLTKKHLFFEE76CC,19,170.47,住家用,鋼筋混凝土造,83年5月13日,七層,
RPXOMLTKKHLFFEE76CC,19,41.98,見使用執照,鋼筋混凝土造,83年5月13日,七層,
RPVNMLQKKHLFFEE78CC,18,104.55,住家用,鋼筋混凝土造,87年2月17日,二十六層,
RPVNMLQKKHLFFEE78CC,18,25.17,住家用,鋼筋混凝土造,87年2月17日,二十六層,
RPVNMLQKKHLFFEE78CC,18,42.31,見使用執照,鋼筋混凝土造,87年2月17日,二十六層,
RPUOMLTKKHLFFEE09CC,48,163.60,住家用,加強磚造,56年11月20日,三層,
RPQOMLRKKHLFFEE48CC,1,36.93,住家用,鋼筋混凝土造,103年11月4日,十五層,
RPQOMLRKKHLFFEE48CC,1,4.73,住家用,鋼筋混凝土造,103年11月4日,十五層,
RPQOMLRKKHLFFEE48CC,1,22.63,本共有部分之項目有防空避難室兼停車空間、門廊、門廳、管委員會使用空間、停車空間、車道、樓梯間、機械房、水箱等９項。,鋼筋混凝土造,103年11月4日,十五層,
RPPOMLTKKHLFFGE78CC,67,99.36,住商用,鋼筋混凝土加強磚造,38年7月3日,二層,
RPPOMLTKKHLFFAE18CC,3,70.33,住家用,鋼筋混凝土造,101年10月25日,十五層,
RPPOMLTKKHLFFAE18CC,3,9.82,住家用,鋼筋混凝土造,101年10月25日,十五層,
RPPOMLTKKHLFFAE18CC,3,45.48,見其他登記事項,鋼筋混凝土造,101年10月25日,十五層,
RPOOMLTKKHLFFGE68CC,41,80.84,住家用,加強磚造,62年3月16日,二層,
RPVOMLTKKHLFFIE96CC,22,193.93,住商用,鋼筋混凝土造,83年3月16日,四層,
RPSNMLTKKHLFFBE48CC,25,91.81,,鋼筋混凝土造,80年3月12日,十二層,
RPSNMLTKKHLFFBE48CC,25,57.15,,鋼筋混凝土造,80年3月12日,十二層,
RPPOMLMLKHLFFBE67CC,22,129.89,商業用,鋼筋混凝土造,82年9月20日,六層,
RPPOMLMLKHLFFBE67CC,22,53.38,見使用執照,鋼筋混凝土造,82年9月20日,六層,
RPSOMLMLKHLFFDE18CC,2,79.46,住家用,鋼筋混凝土造,103年5月1日,五層,
RPXNMLMLKHLFFDE58CC,21,45.98,商業用,鋼筋混凝土造,83年11月1日,十二層,
RPSNMLMLKHLFFBE87CC,3,121.77,住家用,鋼筋混凝土造,102年5月17日,十四層,
RPRNMLNLKHLFFBE87CC,42,321.62,,鋼筋混凝土造,63年2月19日,四層,
RPTNMLNLKHLFFBE08CC,38,53.27,,鋼筋混凝土造,67年4月14日,五層,
RPUNMLNLKHLFFIE88CC,1,416.32,店舖、住宅、停車空間、樓梯間,鋼筋混凝土造,103年12月9日,四層,
RPWNMLNLKHLFFBE38CC,54,53.00,,加強磚造,50年11月10日,三層,
RPQNMLNLKHLFFCE87CC,40,125.19,,鋼筋混凝土造,64年10月13日,三層,
RPPOMLNLKHLFFBE77CC,30,131.98,,鋼筋混凝土造,75年7月21日,十二層,
RPUNMLMLKHLFFAE97CC,6,137.19,商業用,鋼筋混凝土造,99年3月12日,二層,
RPRNMLOLKHLFFAE87CC,3,283.50,住商用,鋼筋混凝土造,99年9月8日,五層,
RPQOMLTKKHLFFAE28CC,3,158.34,住家用,鋼筋混凝土造,102年4月9日,二十四層,
RPQOMLTKKHLFFAE28CC,3,33.29,住家用,鋼筋混凝土造,102年4月9日,二十四層,
RPQOMLTKKHLFFAE28CC,3,89.87,本共有部分之項目有樓梯間、防空避難室兼停車空間、騎樓兼有頂蓋人行步道、有頂蓋人行步道、門廊、出入口緩衝空間、防災中心、管委會使用空間、車道、中繼室、水箱、機械室等１２項。,鋼筋混凝土造,102年4月9日,二十四層,
RPROMLTKKHLFFAE38CC,35,79.54,,鋼筋混凝土造,70年6月2日,十二層,
RPROMLTKKHLFFAE38CC,35,12.54,,鋼筋混凝土造,70年6月2日,十二層,
RPPOMLNLKHLFFAE67CC,11,126.60,住家用,鋼筋混凝土造,94年5月31日,十五層,
RPXNMLNLKHLFFAE38CC,7,173.46,住家用,鋼筋混凝土造,97年8月26日,二十四層,
RPPNMLKLKHLFFAE27CC,25,290.86,住家用,鋼筋混凝土造,79年8月22日,十四層,
RPPNMLKLKHLFFAE27CC,25,38.69,見使用執照,鋼筋混凝土造,79年8月22日,十四層,
RPXNMLOLKHLFFAE48CC,10,127.49,住家用,鋼筋混凝土造,95年2月21日,二十五層,
RPXNMLOLKHLFFAE48CC,10,15.44,住家用,鋼筋混凝土造,95年2月21日,二十五層,
RPXNMLOLKHLFFAE48CC,10,82.54,共有部份,鋼筋混凝土造,95年2月21日,二十五層,
RPSNMLOLKHLFFBE08CC,23,44.85,商業用,鋼筋混凝土造,82年4月1日,二十層,
RPSNMLOLKHLFFBE08CC,23,.03,見使用執照,鋼筋混凝土造,82年4月1日,二十層,
RPOOMLOLKHLFFGE38DC,4,147.85,店舖、門廊、集合住宅,鋼筋混凝土造,101年6月5日,十四層,
RPPNMLOLKHLFFIE48CC,28,26.88,住家用,鋼筋混凝土造,76年12月18日,三層,
RPROMLOLKHLFFAE97CC,7,144.18,商業用,鋼筋混凝土造,97年11月4日,十九層,
RPROMLOLKHLFFAE97CC,7,97.58,共有部份,鋼筋混凝土造,97年11月4日,十九層,
RPSNMLOLKHLFFFE48CC,28,104.52,住商用,加強磚造,76年10月22日,二層,
RPUNMLPLKHLFFFE78CC,10,122.34,住商用,鋼筋混凝土造,95年5月12日,十三層,
RPSNMLPLKHLFFBE18CC,6,212.44,住家用,鋼筋混凝土造,98年12月22日,十五層,
RPOOMLNLKHLFFCE77CC,18,173.76,商業用,鋼筋混凝土造,86年11月5日,二十八層,
RPSNMLOLKHLFFCE18CC,8,216.18,住商用,鋼筋混凝土造,96年11月12日,四層,
RPSNMLOLKHLFFCE18CC,8,30.00,住商用,鋼筋混凝土造,96年11月12日,四層,
RPXNMLNLKHLFFCE58CC,23,300.74,住商用,鋼筋混凝土造,82年4月15日,五層,
RPPOMLQLKHLFFCE18CC,5,42.95,住家用,鋼筋混凝土造,100年1月25日,十五層,
RPPOMLQLKHLFFCE18CC,5,7.10,住家用,鋼筋混凝土造,100年1月25日,十五層,
RPPOMLQLKHLFFCE18CC,5,26.93,本共有部分之項目有防空避難室兼停車空間、管委會使用空間、自行車停車空間、門廊、外廊、陽台、梯廳、樓梯間、車道、水箱及機械室等１１項。,鋼筋混凝土造,100年1月25日,十五層,
RPRNMLPLKHLFFCE18CC,17,25.02,住家用,鋼骨造,88年2月9日,三十九層,
RPRNMLPLKHLFFCE18CC,17,3.24,住家用,鋼骨造,88年2月9日,三十九層,
RPPOMLQLKHLFFAE97CC,10,94.65,住家用,鋼筋混凝土造,94年12月15日,十三層,
RPVNMLQLKHLFFBE58CC,19,166.78,住商用,鋼筋混凝土造,86年4月21日,三十五層,
RPUNMLQLKHLFFBE48CC,19,157.24,住商用,鋼筋混凝土造,86年4月21日,三十五層,
RPUOMLPLKHLFFEE78CC,21,130.63,住商用,鋼筋混凝土造,84年7月29日,十四層,
RPUOMLPLKHLFFEE78CC,21,31.54,見使用執照,鋼筋混凝土造,84年7月29日,十四層,
RPUOMLPLKHLFFEE78CC,21,144.94,住商用,鋼筋混凝土造,84年7月29日,十四層,
RPUOMLPLKHLFFEE78CC,21,32.34,見使用執照,鋼筋混凝土造,84年7月29日,十四層,
RPQOMLQLKHLFFEE48CC,4,64.68,住家用,鋼筋混凝土造,100年10月28日,十五層,
RPWNMLOLKHLFFEE78CC,1,171.39,商業用,鋼骨構造（有牆）,102年4月29日,一層,
RPUNMLQLKHLFFEE78CC,26,70.15,辦公室,鋼筋混凝土造,79年3月26日,十九層,
RPOPMLQLKHLFFEE38CC,2,86.36,住家用,鋼筋混凝土造,103年3月27日,十五層,
RPQNMLRLKHLFFEE48CC,23,200.81,住商用,鋼筋混凝土造,82年2月9日,八層,
RPPNMLRLKHLFFBE08CC,28,153.67,,鋼筋混凝土造,77年1月13日,十二層,
RPPNMLRLKHLFFBE08CC,28,21.79,,鋼筋混凝土造,77年1月13日,十二層,
RPQNMLRLKHLFFBE18CC,32,317.40,,鋼筋混凝土造,73年7月24日,四層,
RPVNMLOLKHLFFDE58CC,31,217.35,,鋼筋混凝土造,73年9月21日,五層,
RPTNMLQLKHLFFDE58CC,37,92.52,,加強磚造,67年9月22日,二層,
RPTNMLOLKHLFFDE38CC,2,119.39,住家用,鋼筋混凝土造,103年6月10日,十五層,
RPTNMLOLKHLFFDE38CC,2,17.67,住家用,鋼筋混凝土造,103年6月10日,十五層,
RPTNMLOLKHLFFDE38CC,2,99.19,共有部份,鋼筋混凝土造,103年6月10日,十五層,
RPPOMLQLKHLFFDE28CC,3,220.26,住家用,鋼筋混凝土造,101年4月11日,四層,
RPSNMLPLKHLFFDE38CC,47,49.72,,鋼筋混凝土加強磚造,57年11月2日,三層,
RPXNMLQLKHLFFDE98CC,2,86.52,住家用,鋼筋混凝土造,102年10月23日,十五層,
RPPNMLTLKHLFFAE18CC,7,411.91,住商用,鋼筋混凝土造,97年9月8日,五層,
RPPNMLTLKHLFFDE48CC,26,255.45,,鋼筋混凝土造,79年3月19日,十二層,
RPQNMLTLKHLFFAE28CC,32,89.22,,鋼筋混凝土造,72年10月15日,五層,
RPQNMLTLKHLFFDE58CC,36,77.95,,鋼筋混凝土造,68年10月12日,五層,
RPSNMLTLKHLFFDE78CC,22,105.45,住家用,鋼筋混凝土造,83年5月2日,十六層,
RPRNMLNJLHLFFGE38DC,35,67.01,住家用,鋼筋混凝土造,70年5月4日,五層,
RPSNMLMJLHLFFDE97CC,25,71.94,,鋼筋混凝土造,79年11月10日,七層,
RPVNMLNJLHLFFDE48DC,23,159.27,住商用,鋼筋混凝土造,82年1月16日,十四層,
RPOOMLLJLHLFFAE27CC,3,153.47,住家用,鋼筋混凝土造,102年3月13日,二十六層,
RPOOMLLJLHLFFAE27CC,3,15.91,住家用,鋼筋混凝土造,102年3月13日,二十六層,
RPOOMLLJLHLFFAE27CC,3,104.38,本共有部分之項目有防空避難室、停車空間、電樓梯間、機械室、中繼室、管理委員會使用空間、水箱、頂蓋型開放空間、公共服務中心、防災中心、門廊、車道、管理員室等１３項。,鋼筋混凝土造,102年3月13日,二十六層,
RPUNMLMJLHLFFEE38DC,16,359.99,住家用,見使用執照,89年1月3日,四層,
RPTNMLNJLHLFFGE48CC,19,104.28,住家用,鋼筋混凝土造,85年12月3日,二十七層,
RPTNMLNJLHLFFGE48CC,19,58.25,共有部份,鋼筋混凝土造,85年12月3日,二十七層,
RPSNMLNJLHLFFCE97CC,17,93.41,住家用,鋼骨造,88年2月9日,三十九層,
RPSNMLNJLHLFFCE97CC,17,12.26,住家用,鋼骨造,88年2月9日,三十九層,
RPSNMLNJLHLFFCE97CC,17,33.76,共有部份,鋼骨造,88年2月9日,三十九層,
RPRNMLOJLHLFFBE87CC,8,224.52,商業用,鋼筋混凝土造,97年5月9日,二層,
RPRNMLOJLHLFFBE87CC,8,229.00,商業用,鋼筋混凝土造,97年5月9日,二層,
RPTNMLNJLHLFFBE97CC,19,98.06,住家用,鋼筋混凝土造,86年4月21日,三十五層,
RPTNMLNJLHLFFBE97CC,19,28.63,見使用執照,鋼筋混凝土造,86年4月21日,三十五層,
RPQNMLOJLHLFFBE77CC,39,351.95,,鋼筋混凝土造,66年1月12日,四層,
RPSNMLTLKHLFFBE58CC,30,149.54,,鋼筋混凝土造,74年11月2日,十二層,
RPPNMLTLKHLFFBE28CC,34,74.42,,鋼筋混凝土造,70年11月19日,五層,
RPRNMLTLKHLFFBE48CC,19,205.62,住商用,鋼筋混凝土造,86年4月21日,三十五層,
RPUNMLOJLHLFFBE18CC,19,109.84,住家用,鋼筋混凝土造,86年4月21日,三十五層,
RPUNMLOJLHLFFBE18CC,19,51.94,見使用執照,鋼筋混凝土造,86年4月21日,三十五層,
RPROMLOJLHLFFBE97CC,7,266.59,商業用,鋼筋混凝土造,97年10月28日,二層,
RPROMLOJLHLFFBE97CC,7,270.82,商業用,鋼筋混凝土造,97年10月28日,二層,
RPPNMLOJLHLFFCE77CC,6,199.18,住家用,鋼筋混凝土造,98年12月24日,十九層,
RPPNMLOJLHLFFCE77CC,6,116.23,本共有部分之項目有避難室兼停車空間、管委會使用空間、門廳、車道、防災中心、水池、水箱、樓梯間及機械室等九項。,鋼筋混凝土造,98年12月24日,十九層,
RPRNMLOJLHLFFAE77CC,32,83.15,,鋼筋混凝土造,73年2月14日,五層,
RPOOMLOJLHLFFGE18CC,38,185.91,住商用,鋼筋混凝土造,66年12月1日,三層,
RPQNMLOJLHLFFGE28CC,40,77.81,工業用,加強磚造,64年10月27日,三層,
RPRNMLOJLHLFFDE08CC,3,72.37,住家用,鋼筋混凝土造,101年9月26日,十五層,
RPRNMLOJLHLFFDE08CC,3,40.37,共有部份,鋼筋混凝土造,101年9月26日,十五層,
RPOOMLOJLHLFFEE97CC,13,171.21,住家用,見使用執照,91年11月19日,四層,
RPXNMLRJLHLFFDE98CC,2,100.62,住家用,鋼筋混凝土造,103年4月9日,十五層,
RPROMLRJLHLFFDE48CC,39,143.19,,鋼筋混凝土造,66年2月15日,三層,
RPXNMLOJLHLFFEE78CC,13,171.21,住家用,見使用執照,91年11月19日,四層,
RPXOMLRJLHLFFDE09CC,23,104.71,住家用,鋼筋混凝土造,82年2月1日,八層,
RPXOMLRJLHLFFDE09CC,23,28.92,見使用執照,鋼筋混凝土造,82年2月1日,八層,
RPVOMLRJLHLFFDE88CC,3,134.94,住家用,鋼筋混凝土造,101年9月26日,十五層,
RPQNMLRJLHLFFIE78CC,23,590.94,見其他登記事項,鋼筋混凝土造,82年3月16日,二層,
RPRNMLRJLHLFFAE08CC,12,123.71,住家用,鋼筋混凝土造,93年6月10日,十四層,
RPWNMLRJLHLFFAE58CC,4,279.35,商業用,鋼筋混凝土造,101年4月19日,二十八層,
RPQNMLRJLHLFFBE08CC,14,144.76,商業用,鋼骨鋼筋混凝土造,91年3月1日,二十六層,
RPQNMLRJLHLFFBE08CC,14,38.49,防空避難室，停車空間，門廊，門廳，樓梯間,鋼骨鋼筋混凝土造,91年3月1日,二十六層,
RPTNMLRJLHLFFBE38CC,33,37.65,,鋼筋混凝土造,72年3月5日,十二層,
RPTNMLRJLHLFFBE38CC,33,8.42,,鋼筋混凝土造,72年3月5日,十二層,
RPRNMLSJLHLFFBE28CC,23,73.52,商業用,鋼筋混凝土造,82年4月1日,二十層,
RPTNMLSJLHLFFBE48CC,19,145.12,住家用,鋼筋混凝土造,86年4月21日,三十五層,
RPUNMLSJLHLFFBE58CC,19,166.78,住商用,鋼筋混凝土造,86年4月21日,三十五層,
RPWNMLSJLHLFFBE78CC,35,18.76,,鋼筋混凝土造,69年10月14日,五層,
RPRNMLSJLHLFFAE18CC,11,131.17,住家用,鋼筋混凝土造,94年5月31日,十五層,
RPSNMLSJLHLFFAE28CC,10,85.17,住家用,鋼筋混凝土造,94年11月10日,十五層,
RPSNMLSJLHLFFAE28CC,10,50.94,共有部份,鋼筋混凝土造,94年11月10日,十五層,
RPQNMLOJLHLFFCE87CC,5,59.76,住家用,鋼筋混凝土造,100年1月25日,十五層,
RPQNMLOJLHLFFCE87CC,5,53.03,本共有部分之項目有防空避難室兼停車空間、管委會使用空間、自行車停車空間、門廊、外廊、陽台、梯廳、樓梯間、車道、水箱及機械室等１１項。,鋼筋混凝土造,100年1月25日,十五層,
RPPNMLRJLHLFFCE08CC,10,57.53,住家用,鋼筋混凝土造,94年10月28日,十層,
RPPNMLRJLHLFFCE08CC,10,24.27,共有部份,鋼筋混凝土造,94年10月28日,十層,
RPUNMLRJLHLFFCE58CC,18,150.57,商業用,鋼筋混凝土造,87年7月14日,二十八層,
RPUNMLRJLHLFFCE58CC,18,99.38,共有部份,鋼筋混凝土造,87年7月14日,二十八層,
RPVNMLRJLHLFFCE68CC,14,88.50,住家用,鋼筋混凝土造,91年6月19日,十四層,
RPSNMLRJLHLFFCE38CC,22,257.85,商業用,鋼筋混凝土造,82年10月1日,十二層,
RPSNMLRJLHLFFCE38CC,22,88.15,見使用執照,鋼筋混凝土造,82年10月1日,十二層,
RPSNMLRJLHLFFCE38CC,22,66.00,商業用,鋼筋混凝土造,82年10月1日,十二層,
RPXNMLSJLHLFFAE78CC,40,118.17,,鋼筋混凝土造,65年4月6日,四層,
RPQNMLOJLHLFFFE18CC,8,181.91,工業用,鋼骨構造,96年12月19日,一層,
RPTNMLTJLHLFFIE66CC,40,134.90,工業用,鋼筋架,64年7月28日,一層,
RPVOMLTJLHLFFGE76CC,42,152.94,住商用,加強磚造,63年7月11日,三層,
RPVOMLTJLHLFFGE76CC,42,108.24,住家用,加強磚造,63年7月11日,三層,
RPPOMLSJLHLFFDE38CC,39,55.69,,鋼筋混凝土造,66年4月26日,三層,
RPTNMLSJLHLFFDE68CC,29,131.56,,鋼筋混凝土造,75年9月25日,三層,
RPSOMLTJLHLFFDE78CC,32,14.25,,鋼筋混凝土造,73年5月3日,四層,
RPQNMLTJLHLFFAE18CC,10,387.51,住商用,鋼筋混凝土造,95年2月27日,五層,
RPQOMLSJLHLFFDE48CC,39,55.69,,鋼筋混凝土造,66年4月26日,三層,
RPUNMLSJLHLFFDE78CC,3,134.94,住家用,鋼筋混凝土造,101年9月26日,十五層,
RPRNMLTJLHLFFBE38CC,36,116.87,,鋼筋混凝土造,69年5月14日,十二層,
RPTNMLKKLHLFFBE77CC,46,264.87,,加強磚造,59年6月1日,三層,
RPWNMLKKLHLFFBE08CC,26,43.74,,鋼筋混凝土造,78年11月9日,十二層,
RPXNMLKKLHLFFBE18CC,39,45.16,,鋼筋混凝土造,65年11月24日,十層,
RPVNMLTJLHLFFCE88CC,28,344.76,見使用執照,鋼筋混凝土造,77年4月5日,五層,
RPOOMLKKLHLFFBE37CC,26,56.10,,鋼筋混凝土造,79年4月18日,十二層,
RPOOMLKKLHLFFBE37CC,26,27.62,,鋼筋混凝土造,79年4月18日,十二層,
RPQNMLKKLHLFFCE57CC,5,63.26,住家用,鋼筋混凝土造,100年1月25日,十五層,
RPQNMLKKLHLFFCE57CC,5,35.26,本共有部分之項目有防空避難室兼停車空間、管委會使用空間、自行車停車空間、門廊、外廊、陽台、梯廳、樓梯間、車道、水箱及機械室等１１項。,鋼筋混凝土造,100年1月25日,十五層,
RPPOMLKKLHLFFAE37CC,4,144.73,住家用,鋼筋混凝土造,100年11月10日,二十一層,
RPPOMLKKLHLFFAE37CC,4,66.66,見其他登記事項,鋼筋混凝土造,100年11月10日,二十一層,
RPTNMLKKLHLFFCE87CC,5,65.49,住家用,鋼筋混凝土造,100年1月25日,十五層,
RPTNMLKKLHLFFCE87CC,5,35.26,本共有部分之項目有防空避難室兼停車空間、管委會使用空間、自行車停車空間、門廊、外廊、陽台、梯廳、樓梯間、車道、水箱及機械室等１１項。,鋼筋混凝土造,100年1月25日,十五層,
RPTNMLKKLHLFFFE18CC,35,165.88,住商用,鋼筋混凝土造,70年2月5日,三層,
RPQNMLKKLHLFFIE18CC,28,158.15,住商用,鋼筋混凝土造,76年4月20日,三層,
RPQOMLKKLHLFFDE77CC,49,160.56,,加強磚造,56年2月5日,二層,
RPSNMLLKLHLFFDE97CC,21,142.41,住商用,鋼筋混凝土造,83年11月3日,十六層,
RPUNMLLKLHLFFDE18CC,36,366.86,,鋼筋混凝土造,69年1月15日,四層,
RPVNMLLKLHLFFGE58CC,21,180.37,住家用,鋼筋混凝土造,84年5月10日,十六層,
RPPNMLLKLHLFFAE37CC,30,51.28,,鋼筋混凝土造,75年2月5日,五層,
RPPNMLLKLHLFFAE37CC,30,21.63,,鋼筋混凝土造,75年2月5日,五層,
RPPNMLLKLHLFFAE37CC,30,4.18,見使用執照,鋼筋混凝土造,75年2月5日,五層,
RPPOMLLKLHLFFGE08CC,33,61.65,住家用,鋼筋混凝土造,72年2月28日,五層,
RPUNMLLKLHLFFAE87CC,21,71.80,住家用,鋼筋混凝土造,84年3月26日,十一層,
RPXNMLLKLHLFFAE18CC,3,132.81,住家用,鋼筋混凝土造,102年5月22日,二十四層,
RPXNMLLKLHLFFAE18CC,3,14.82,住家用,鋼筋混凝土造,102年5月22日,二十四層,
RPXNMLLKLHLFFAE18CC,3,98.35,本共有部分之項目有樓梯間、防空避難室兼停車空間、車道、門廊、廁所、管委會使用空間、防災中心、景觀水池、出入口衝空間、機械室、水箱等１１項。,鋼筋混凝土造,102年5月22日,二十四層,
RPRNMLLKLHLFFCE77CC,5,39.06,住家用,鋼筋混凝土造,100年1月25日,十五層,
RPRNMLLKLHLFFCE77CC,5,7.16,住家用,鋼筋混凝土造,100年1月25日,十五層,
RPRNMLLKLHLFFCE77CC,5,32.73,本共有部分之項目有防空避難室兼停車空間、管委會使用空間、自行車停車空間、門廊、外廊、陽台、梯廳、樓梯間、車道、水箱及機械室等１１項。,鋼筋混凝土造,100年1月25日,十五層,
RPWNMLLKLHLFFAE08CC,4,44.48,住家用,鋼筋混凝土造,100年10月7日,十五層,
RPWNMLLKLHLFFAE08CC,4,5.62,住家用,鋼筋混凝土造,100年10月7日,十五層,
RPWNMLLKLHLFFAE08CC,4,33.40,見其他登記事項,鋼筋混凝土造,100年10月7日,十五層,
RPXNMLLKLHLFFBE28CC,6,161.36,住家用,鋼筋混凝土造,98年11月9日,二十四層,
RPXNMLLKLHLFFBE28CC,6,21.13,住家用,鋼筋混凝土造,98年11月9日,二十四層,
RPXNMLLKLHLFFBE28CC,6,126.56,本共有部分之項目有防空避難室兼停車空間、公共服務空間、樓梯間、門廊、延街步道式開放空間、蓄水池、垃圾暫存室、防災中心、管理員室、管委會使用空間、管道間、梯廳、雨遮、陽台、中繼水箱機械室、水箱。,鋼筋混凝土造,98年11月9日,二十四層,
RPUNMLOKLHLFFBE28CC,34,145.25,,鋼筋混凝土造,70年10月5日,十二層,
RPUNMLOKLHLFFBE28CC,34,24.82,,鋼筋混凝土造,70年10月5日,十二層,
RPXNMLOKLHLFFCE68CC,9,198.97,住商用,鋼筋混凝土造,96年3月12日,四層,
RPXNMLOKLHLFFBE58CC,38,163.44,,鋼筋混凝土造,67年2月28日,三層,
RPOOMLOKLHLFFBE77CC,27,133.99,,鋼筋混凝土造,78年3月10日,七層,
RPOOMLOKLHLFFBE77CC,27,66.61,,鋼筋混凝土造,78年3月10日,七層,
RPUNMLPKLHLFFBE48DC,34,326.54,,鋼筋混凝土造,71年5月10日,四層,
RPVNMLOKLHLFFLE86DC,24,142.27,住家用,鋼筋混凝土造,81年1月15日,三層,
RPOOMLPKLHLFFLE88CC,6,66.85,農舍,鋼骨構造,99年2月8日,一層,
RPRNMLSJLHLFFEE58CC,4,138.91,住商用,鋼筋混凝土造,100年9月13日,十五層,
RPRNMLSJLHLFFEE58CC,4,50.73,本共有部分之項目有防空避難室兼停車空間、車道、停車空間、門廳、頂蓋型廣場式開放空間、公共服務空間、樓梯間、屋頂突出物等８項。,鋼筋混凝土造,100年9月13日,十五層,
RPTNMLLKLHLFFEE18CC,,206.56,店舖，集合住宅,鋼筋混凝土,104年11月19日,十二層,
RPTNMLLKLHLFFEE18CC,,50.42,本共有部分之項目有防空避難室兼停車空間、梯廳兼排煙室、管委會使用空間、管道間、安全梯間、廁所、緊急及一般升降機、機車自行車停車區、梯間、樓梯間、機械室一、機械室二、水箱共計１３項。,鋼筋混凝土,104年11月19日,十二層,
RPSOMLLKLHLFFEE18CC,4,146.74,住家用,鋼筋混凝土造,101年8月17日,十七層,
RPUNMLLKLHLFFEE28CC,2,50.38,住家用,鋼筋混凝土造,103年3月27日,十五層,
RPUNMLLKLHLFFEE28CC,2,5.87,住家用,鋼筋混凝土造,103年3月27日,十五層,
RPUNMLLKLHLFFEE28CC,2,54.53,本共有部分之項目有防空避難室兼停車空間、停車空間、梯間、門廳、門廊、管理委員會使用空間、走廊、立體架構投影、機械室、水箱、夾層、遮、陽台等１３項。,鋼筋混凝土造,103年3月27日,十五層,
RPTNMLSJLHLFFEE78CC,38,112.62,,加強磚造,67年5月27日,二層,
RPOOMLRJLHLFFEE28CC,30,40.33,,鋼筋混凝土造,74年12月13日,四層,
RPOOMLSJLHLFFEE38CC,10,143.71,商業用,鋼筋混凝土造,94年10月24日,二層,
RPRNMLPKLHLFFCE18CC,33,86.92,,鋼筋混凝土造,72年6月3日,十二層,
RPRNMLPKLHLFFCE18CC,33,14.28,見使用執照,鋼筋混凝土造,72年6月3日,000,
RPVNMLPKLHLFFCE58CC,10,80.30,住家用,鋼筋混凝土造,94年12月28日,十五層,
RPPOMLPKLHLFFAE87CC,11,122.13,住家用,鋼筋混凝土造,94年8月4日,十五層,
RPOOMLPKLHLFFAE77CC,3,144.72,住家用,鋼筋混凝土造,102年6月4日,十五層,
RPWNMLOKLHLFFAE38CC,21,164.29,住家用,鋼筋混凝土造,84年8月21日,十二層,
RPWNMLPKLHLFFAE48CC,22,112.65,住商用,鋼筋混凝土造,83年5月31日,五層,
RPQNMLPKLHLFFBE97CC,58,40.77,,磚造,47年5月15日,一層,
RPUNMLPKLHLFFAE28CC,26,86.18,商業用,鋼筋混凝土造,79年2月16日,十二層,
RPQNMLPKLHLFFAE87CC,35,120.23,,鋼筋混凝土造,70年4月25日,五層,
RPPNMLPKLHLFFBE87CC,23,354.68,商業用,鋼筋混凝土造,81年9月15日,二十五層,
RPPNMLPKLHLFFBE87CC,23,113.31,見使用執照,鋼筋混凝土造,81年9月15日,二十五層,
RPWNMLPKLHLFFBE58CC,27,97.16,,鋼筋混凝土造,77年12月12日,七層,
RPWNMLPKLHLFFBE58CC,27,162.76,,鋼筋混凝土造,77年12月12日,七層,
RPVNMLQKLHLFFBE58CC,26,543.49,,鋼筋混凝土造,79年3月21日,十二層,
RPVNMLQKLHLFFBE58CC,26,129.63,,鋼筋混凝土造,79年3月21日,十二層,
RPRNMLQKLHLFFCE28CC,10,54.30,住家用,鋼筋混凝土造,94年12月28日,十五層,
RPRNMLQKLHLFFCE28CC,10,25.75,共有部份,鋼筋混凝土造,94年12月28日,十五層,
RPRNMLQKLHLFFAE08CC,3,109.45,住家用,鋼筋混凝土造,101年9月21日,十三層,
RPRNMLQKLHLFFAE08CC,3,84.17,見其他登記事項,鋼筋混凝土造,101年9月21日,十三層,
RPOOMLQKLHLFFBE97CC,28,154.93,,鋼筋混凝土造,77年6月15日,十層,
RPUNMLQKLHLFFAE38CC,9,81.34,住家用,鋼筋混凝土造,95年10月30日,十五層,
RPVNMLPKLHLFFBE48CC,28,142.53,,鋼筋混凝土造,77年8月5日,十二層,
RPVNMLPKLHLFFBE48CC,28,46.23,,鋼筋混凝土造,77年8月5日,十二層,
RPWNMLRKLHLFFCE88CC,16,406.86,住商用,鋼筋混凝土造,89年8月2日,十四層,
RPSNMLSKLHLFFAE38CC,7,230.90,住家用,鋼筋混凝土造,97年10月14日,二十七層,
RPSNMLSKLHLFFAE38CC,7,39.65,住家用,鋼筋混凝土造,97年10月14日,二十七層,
RPSNMLSKLHLFFAE38CC,7,113.29,共有部份,鋼筋混凝土造,97年10月14日,二十七層,
RPSNMLQKLHLFFDE48CC,35,109.57,,鋼筋混凝土造,70年4月24日,五層,
RPWNMLRKLHLFFBE78CC,45,100.70,住商用,加強磚造,59年11月27日,三層,
RPPNMLSKLHLFFBE18CC,9,32.42,住家用,鋼筋混凝土造,96年5月8日,十五層,
RPROMLQKLHLFFDE48CC,24,137.54,住商用,鋼筋混凝土造,81年5月14日,二十五層,
RPPNMLRKLHLFFAE97CC,3,196.23,住家用,鋼筋混凝土造,102年6月4日,十五層,
RPWNMLSKLHLFFBE88CC,36,75.55,,鋼筋混凝土造,68年9月8日,五層,
RPTNMLSKLHLFFAE48CC,3,46.57,住家用,鋼筋混凝土造,101年9月26日,十五層,
RPTNMLSKLHLFFAE48CC,3,9.97,住家用,鋼筋混凝土造,101年9月26日,十五層,
RPTNMLSKLHLFFAE48CC,3,36.02,本共有部分之項目有防空避難室兼停車空間、樓梯間、屋頂突出物、管理委員會使用空間、門廳、外廊、車道等７項。,鋼筋混凝土造,101年9月26日,十五層,
RPQNMLKLLHLFFBE57CC,19,125.60,住家用,鋼筋混凝土造,86年4月21日,三十五層,
RPUNMLSKLHLFFDE88CC,35,284.77,,鋼筋混凝土造,70年5月14日,五層,
RPSNMLKLLHLFFBE77CC,19,278.64,住家用,鋼筋混凝土造,86年4月21日,三十五層,
RPTNMLLLLHLFFDE18CC,1,48.06,住家用,鋼筋混凝土造,103年11月24日,十五層,
RPPNMLSKLHLFFAE18DC,11,88.26,住家用,鋼筋混凝土造,94年3月22日,九層,
RPVNMLLLLHLFFFE58CC,24,41.83,住商用,鋼筋混凝土造,81年8月20日,四層,
RPRNMLPKLHLFFEE38CC,20,30.85,住家用,鋼筋混凝土造,84年12月22日,七層,
RPQNMLMLLHLFFEE08CC,19,25.00,住商用,鋼筋混凝土造,86年2月3日,四層,
RPQNMLLLLHLFFGE18CC,8,280.42,店舖、門廊、住宅、樓梯間,鋼筋混凝土,97年1月1日,四層,
RPUNMLMLLHLFFJE98CC,1,226.19,住家用,鋼筋混凝土造,104年1月21日,三層,
RPWOMLSKLHLFFGE86CC,19,227.55,住商用,鋼筋混凝土造,85年11月30日,十九層,
RPPPMLPKLHLFFEE38CC,9,478.35,住商用,鋼筋混凝土造,96年3月26日,五層,
RPSNMLLLLHLFFGE38CC,12,49.60,店舖、住宅、樓梯間,鋼筋混凝土造,92年10月5日,二層,
RPSNMLLLLHLFFGE38CC,12,22.32,店舖、住宅、樓梯間,鋼筋混凝土造,92年10月5日,二層,
RPVNMLMLLHLFFJE09CC,1,226.19,住家用,鋼筋混凝土造,104年1月21日,三層,
RPTNMLMLLHLFFCE18CC,39,103.61,,鋼筋混凝土造,66年8月20日,四層,
RPQOMLLLLHLFFAE67CC,3,92.48,住家用,鋼筋混凝土造,101年9月21日,十三層,
RPQOMLLLLHLFFAE67CC,3,61.96,見其他登記事項,鋼筋混凝土造,101年9月21日,十三層,
RPQOMLNLLHLFFBE97CC,6,144.20,商業用,鋼筋混凝土造,99年5月4日,十五層,
RPQOMLNLLHLFFBE97CC,6,137.50,商業用,鋼筋混凝土造,99年5月4日,十五層,
RPVNMLMLLHLFFCE38CC,41,162.03,,加強磚造,64年7月1日,三層,
RPXOMLPKLHLFFEE09CC,19,168.71,住商用,鋼筋混凝土造,85年11月18日,十四層,
RPTNMLMLLHLFFBE08CC,24,56.29,商業用,鋼筋混凝土造,81年6月29日,二十五層,
RPTNMLMLLHLFFBE08CC,24,20.35,見使用執照,鋼筋混凝土造,81年6月29日,二十五層,
RPWNMLMLLHLFFBE38CC,49,106.73,住家用,加強磚造,56年2月4日,二層,
RPWNMLMLLHLFFBE38CC,49,105.54,住家用,加強磚造,56年2月4日,二層,
RPWNMLNLLHLFFBE48CC,26,69.47,,鋼筋混凝土造,79年4月18日,十二層,
RPWNMLNLLHLFFBE48CC,26,27.31,,鋼筋混凝土造,79年4月18日,十二層,
RPRNMLNLLHLFFBE97CC,27,108.41,,鋼筋混凝土造,78年6月3日,十二層,
RPRNMLNLLHLFFBE97CC,27,34.97,,鋼筋混凝土造,78年6月3日,十二層,
RPTNMLNLLHLFFCE28CC,2,191.91,住家用,鋼筋混凝土造,103年7月15日,二十九層,
RPTNMLNLLHLFFCE28CC,2,15.14,住家用,鋼筋混凝土造,103年7月15日,二十九層,
RPTNMLNLLHLFFCE28CC,2,124.97,本共有部分之項目有防空避難室兼停車空間、停車空間、門廳、防災中心、管委會空間及垃圾儲存空間等６項。,鋼筋混凝土造,103年7月15日,二十九層,
RPSOMLNLLHLFFAE08CC,10,207.01,商業用,鋼筋混凝土造,94年10月6日,十五層,
RPSOMLNLLHLFFAE08CC,10,78.69,共有部份,鋼筋混凝土造,94年10月6日,十五層,
RPVNMLNLLHLFFDE58CC,27,98.40,,鋼筋混凝土造,77年10月26日,十一層,
RPQOMLNLLHLFFDE18CC,39,140.91,,鋼筋混凝土造,66年5月28日,三層,
RPUNMLNLLHLFFDE48CC,21,77.42,商業用,鋼筋混凝土造,83年11月1日,十二層,
RPOQMLNLLHLFFGE48CC,21,95.33,住商用,鋼筋混凝土造,84年9月19日,七層,
RPOQMLNLLHLFFGE48CC,21,12.64,共有部份,鋼筋混凝土造,84年9月19日,七層,
RPPOMLNLLHLFFAE77CC,10,120.63,住家用,鋼筋混凝土造,95年1月26日,十五層,
RPPOMLNLLHLFFAE77CC,10,52.65,共有部份,鋼筋混凝土造,95年1月26日,十五層,
RPQOMLNLLHLFFAE87CC,35,37.19,,鋼筋混凝土造,70年5月23日,七層,
RPQOMLNLLHLFFAE87CC,35,53.41,,鋼筋混凝土造,70年5月23日,七層,
RPQOMLNLLHLFFAE87CC,35,17.84,,鋼筋混凝土造,70年5月23日,七層,
RPVNMLOLLHLFFGE98CC,46,91.30,住家用,加強磚造,59年3月2日,二層,
RPUNMLNLLHLFFFE68CC,38,38.13,住商用,鋼筋混凝土造,66年11月25日,三層,
RPSOMLNLLHLFFFE58CC,20,119.72,住家用,鋼筋混凝土造,84年11月18日,二十四層,
RPRNMLOLLHLFFDE28CC,34,256.99,,鋼筋混凝土造,71年7月5日,十二層,
RPRNMLOLLHLFFDE28CC,34,55.68,,鋼筋混凝土造,71年7月5日,十二層,
RPRNMLOLLHLFFDE28CC,34,311.42,,鋼筋混凝土造,71年7月5日,十二層,
RPSNMLOLLHLFFGE68CC,39,100.62,住商用,鋼筋混凝土造,66年8月1日,三層,
RPVNMLOLLHLFFBE48CC,18,169.28,商業用,鋼筋混凝土造,87年7月14日,十三層,
RPVNMLOLLHLFFBE48CC,18,136.47,停車空間，電樓梯間,鋼筋混凝土造,87年7月14日,十三層,
RPQOMLPLLHLFFBE18CC,23,283.10,商業用,鋼骨混凝土造,81年12月30日,二十五層,
RPQOMLPLLHLFFBE18CC,23,98.92,見使用執照,鋼骨混凝土造,81年12月30日,二十五層,
RPUNMLPLLHLFFBE48CC,19,94.71,住家用,鋼筋混凝土造,86年4月21日,三十五層,
RPUNMLPLLHLFFFE88CC,2,52.96,店鋪,鋼骨構造,103年5月21日,一層,
RPWOMLPLLHLFFAE68CC,10,73.66,商業用,鋼筋混凝土造,95年4月7日,十三層,
RPWOMLPLLHLFFAE68CC,10,137.62,商業用,鋼筋混凝土造,95年4月7日,十三層,
RPWOMLPLLHLFFAE68CC,10,50.04,共有部份,鋼筋混凝土造,95年4月7日,十三層,
RPSNMLPLLHLFFAE18CC,24,669.95,商業用,鋼筋混凝土造,80年10月17日,十二層,
RPVOMLPLLHLFFAE58CC,17,137.23,住商用,鋼筋混凝土造,88年7月29日,二十一層,
RPVOMLPLLHLFFAE58CC,17,128.06,住商用,鋼筋混凝土造,88年7月29日,二十一層,
RPVOMLPLLHLFFAE58CC,17,70.17,共有部份,鋼筋混凝土造,88年7月29日,二十一層,
RPPNMLQLLHLFFAE97CC,45,65.02,,鋼筋混凝土造,60年2月13日,四層,
RPPNMLQLLHLFFBE08CC,2,97.06,住家用,鋼筋混凝土造,103年1月27日,十三層,
RPPOMLPLLHLFFCE18CC,21,143.46,住商用,鋼筋混凝土造,83年11月11日,十二層,
RPUNMLQLLHLFFCE68CC,18,183.38,商業用,鋼筋混凝土造,87年7月14日,二十八層,
RPXNMLPLLHLFFCE88CC,41,121.74,,鋼筋混凝土造,64年5月5日,四層,
RPXNMLPLLHLFFCE88CC,41,91.60,,鋼筋混凝土造,64年5月5日,四層,
RPVNMLOLLHLFFCE58CC,37,77.88,,鋼筋混凝土造,68年5月9日,五層,
RPRNMLSLLHLFFGE98CC,43,218.54,住商用,加強磚造,61年11月12日,三層,
RPVNMLSLLHLFFBE88CC,26,270.13,,鋼筋混凝土造,78年12月15日,十二層,
RPWNMLSLLHLFFBE98CC,26,231.70,,鋼筋混凝土造,78年12月15日,十二層,
RPPNMLQLLHLFFDE28CC,28,458.03,,鋼筋混凝土造,77年1月12日,四層,
RPUNMLOLLHLFFDE58CC,1,100.36,住家用,鋼筋混凝土造,104年8月13日,十五層,
RPPNMLRLLHLFFDE38CC,11,165.40,商業用,鋼筋混凝土造,94年6月13日,十五層,
RPVNMLSLLHLFFDE09CC,30,107.92,,鋼筋混凝土造,74年10月11日,五層,
RPQOMLPLLHLFFDE38CC,33,93.49,,鋼筋混凝土造,72年8月16日,五層,
RPVNMLSLLHLFFCE98CC,5,26.92,本共有部分之項目有防空避難室兼停車空間、管委會使用空間、自行車停車空間、門廊、外廊、陽台、梯廳、樓梯間、車道、水箱及機械室等１１項。,鋼筋混凝土造,100年1月25日,十五層,
RPVNMLSLLHLFFCE98CC,5,50.05,住家用,鋼筋混凝土造,100年1月25日,十五層,
RPOOMLSLLHLFFCE38CC,17,46.18,住家用,鋼骨造,88年2月9日,三十九層,
RPOOMLSLLHLFFCE38CC,17,23.37,共有部份,鋼骨造,88年2月9日,三十九層,
RPOOMLSLLHLFFCE38CC,17,4.88,住家用,鋼骨造,88年2月9日,三十九層,
RPPOMLSLLHLFFCE48CC,17,88.19,住家用,鋼骨造,88年2月9日,三十九層,
RPPOMLSLLHLFFCE48CC,17,5.04,住家用,鋼骨造,88年2月9日,三十九層,
RPPOMLSLLHLFFCE48CC,17,44.15,共有部份,鋼骨造,88年2月9日,三十九層,
RPPOMLSLLHLFFCE48CC,17,34.75,停車空間,鋼骨造,88年2月9日,三十九層,
RPUOMLSLLHLFFCE98CC,41,110.97,,鋼筋混凝土造,64年5月5日,四層,
RPSOMLSLLHLFFCE78CC,23,106.95,住商用,鋼筋混凝土造,82年7月30日,二十四層,
RPSOMLSLLHLFFCE78CC,23,63.47,見使用執照,鋼筋混凝土造,82年7月30日,二十四層,
RPOOMLSLLHLFFAE18CC,10,398.54,商業用,鋼筋混凝土造,95年8月21日,十四層,
RPPOMLSLLHLFFAE28CC,20,35.64,住家用,鋼筋混凝土造,84年12月19日,二十層,
RPPOMLSLLHLFFAE28CC,20,9.97,見使用執照,鋼筋混凝土造,84年12月19日,二十四層,
RPROMLTLLHLFFAE58CC,30,110.94,,鋼筋混凝土造,75年6月24日,五層,
RPTNMLTLLHLFFIE86CC,17,166.67,見使用執照,鋼筋混凝土造,88年9月14日,四層,
RPTNMLTLLHLFFIE86CC,17,.28,見使用執照,鋼筋混凝土造,88年9月14日,四層,
RPSOMLTLLHLFFFE56CC,37,177.86,住商用,鋼筋混凝土造,67年11月11日,二層,
RPQOMLKMLHLFFGE28CC,32,105.30,住家用,鋼筋混凝土造,73年1月10日,三層,
RPSOMLKMLHLFFGE48CC,43,52.80,住商用,加強磚造,62年5月10日,二層,
RPUOMLKMLHLFFGE68CC,33,88.41,住家用,鋼筋混凝土造,71年10月13日,五層,
RPVNMLKMLHLFFDE38CC,37,69.90,,鋼筋混凝土造,68年4月26日,五層,
RPUOMLKMLHLFFDE38CC,,184.00,商業用,鋼骨構造,104年12月2日,一層,
RPUOMLKMLHLFFDE38CC,,174.62,商業用,鋼骨構造,104年12月2日,一層,
RPXPMLKMLHLFFDE78CC,21,154.26,住商用,鋼筋混凝土造,84年8月23日,十三層,
RPPOMLSLLHLFFBE38CC,39,39.17,,鋼筋混凝土造,65年11月24日,十層,
RPWOMLTLLHLFFBE56CC,37,100.40,,鋼筋混凝土造,68年5月18日,五層,
RPRNMLTLLHLFFBE58CC,34,34.64,,鋼筋混凝土造,70年10月20日,十一層,
RPOOMLKMLHLFFBE57CC,26,7.87,,鋼筋混凝土造,78年11月9日,十二層,
RPSNMLKMLHLFFBE87CC,21,166.15,住家用,鋼筋混凝土造,84年6月26日,十九層,
RPSNMLKMLHLFFBE87CC,21,46.34,見使用執照,鋼筋混凝土造,84年6月26日,十九層,
RPSOMLSLLHLFFBE68CC,24,137.03,商業用,鋼骨鋼筋混凝土造,81年7月25日,四十二層,
RPSOMLSLLHLFFBE68CC,24,99.34,見使用執照,鋼骨鋼筋混凝土造,81年7月25日,四十二層,
RPQOMLSLLHLFFBE48CC,25,162.36,商業用,鋼筋混凝土造,80年7月22日,十二層,
RPQOMLSLLHLFFBE48CC,25,64.30,見使用執照,鋼筋混凝土造,80年7月22日,十二層,
RPOOMLSLLHLFFBE28CC,19,73.36,住家用,鋼筋混凝土造,86年4月21日,三十五層,
RPOOMLSLLHLFFBE28CC,19,20.64,見使用執照,鋼筋混凝土造,86年4月21日,三十五層,
RPVOMLKMLHLFFAE18CC,11,229.72,商業用,鋼筋混凝土造,94年8月2日,十四層,
RPPOMLLMLHLFFAE67CC,10,48.92,住家用,鋼筋混凝土造,95年8月9日,十五層,
RPPOMLLMLHLFFAE67CC,10,5.23,住家用,鋼筋混凝土造,95年8月9日,十五層,
RPPOMLLMLHLFFAE67CC,10,37.18,共有部份,鋼筋混凝土造,95年8月9日,十五層,
RPTNMLLMLHLFFBE08CC,26,262.75,,鋼筋混凝土造,78年12月21日,二十層,
RPPOMLKMLHLFFAE57CC,10,87.94,住家用,鋼筋混凝土造,94年9月29日,十五層,
RPPOMLKMLHLFFAE57CC,10,38.92,共有部份,鋼筋混凝土造,94年9月29日,十五層,
RPXOMLLMLHLFFCE68CC,39,16.50,,鋼筋混凝土造,66年4月18日,三層,
RPRNMLKMLHLFFCE87CC,9,107.99,住家用,鋼筋混凝土結構造,95年11月21日,十五層,
RPRNMLKMLHLFFCE87CC,9,20.56,住家用,鋼筋混凝土結構造,95年11月21日,十五層,
RPOOMLLMLHLFFBE67CC,19,237.29,住家用,鋼筋混凝土造,86年4月21日,三十五層,
RPRNMLKMLHLFFCE87CC,9,79.11,共有部份,鋼筋混凝土結構造,95年11月21日,十五層,
RPSOMLLMLHLFFCE18CC,6,39.06,住家用,鋼筋混凝土造,98年12月24日,十九層,
RPSOMLLMLHLFFCE18CC,6,7.16,住家用,鋼筋混凝土造,98年12月24日,十九層,
RPSOMLLMLHLFFCE18CC,5,24.90,本共有部分之項目有防空避難室兼停車空間、管委會使用空間、自行車停車空間、門廊、外廊、陽台、梯廳、樓梯間、車道、水箱及機械室等１１項。,鋼筋混凝土造,100年1月25日,十五層,
RPXOMLLMLHLFFBE58CC,9,100.50,住家用,鋼筋混凝土造,96年3月14日,三十層,
RPXOMLLMLHLFFBE58CC,9,11.21,住家用,鋼筋混凝土造,96年3月14日,三十層,
RPXOMLLMLHLFFBE58CC,9,49.38,共有部份,鋼筋混凝土造,96年3月14日,三十層,
RPXNMLLMLHLFFBE48CC,19,113.39,住家用,鋼筋混凝土造,86年4月21日,三十五層,
RPOPMLLMLHLFFBE77CC,4,39.70,住家用,鋼筋混凝土造,101年5月9日,十四層,
RPOPMLLMLHLFFBE77CC,4,12.07,住家用,鋼筋混凝土造,101年5月9日,十四層,
RPOPMLLMLHLFFBE77CC,4,29.79,見其他登記事項,鋼筋混凝土造,101年5月9日,十四層,
RPOOMLLMLHLFFDE87CC,17,133.76,住商用,鋼筋混凝土造,88年5月19日,二十七層,
RPSPMLLMLHLFFBE18CC,39,88.14,,鋼筋混凝土造,66年1月12日,四層,
RPTPMLLMLHLFFBE28CC,32,207.28,,鋼筋混凝土造,72年11月11日,十一層,
RPVPMLLMLHLFFBE48CC,51,88.01,,加強磚造,54年6月30日,二層,
RPUPMLLMLHLFFBE38CC,41,92.00,,鋼筋混凝土造,63年9月23日,四層,
RPRNMLLMLHLFFHE58DC,24,158.24,住商用,鋼筋混凝土造,81年4月13日,四層,
RPWOMLLJMHLFFGE88DC,34,194.00,住商用,鋼筋混凝土造,70年5月16日,四層,
RPVOMLLJMHLFFGE78DC,,125.57,店舖,鋼骨構造,104年4月1日,一層,
RPOOMLLJMHLFFAE47DC,46,142.14,,鋼筋混凝土造,58年10月31日,四層,
RPROMLLMLHLFFAE87CC,3,75.52,住家用,鋼筋混凝土造,102年6月4日,十五層,
RPROMLLMLHLFFAE87CC,3,7.75,住家用,鋼筋混凝土造,102年6月4日,十五層,
RPROMLLMLHLFFAE87CC,3,62.21,本共有部分之項目有防空避難室、停車空間、電樓梯間、機械室、水箱、管委會使用空間、門廊、車道等８項。,鋼筋混凝土造,102年6月4日,十五層,
RPPNMLMJMHLFFDE77CC,29,617.52,住商用,鋼筋混凝土造,75年10月2日,二層,
RPSNMLMJMHLFFBE87CC,19,94.71,住家用,鋼筋混凝土造,86年4月21日,三十五層,
RPTNMLMJMHLFFBE97CC,34,131.42,,鋼筋混凝土造,71年2月27日,十層,
RPTNMLMJMHLFFBE97CC,34,31.09,,鋼筋混凝土造,71年2月27日,十層,
RPUPMLLMLHLFFEE68CC,28,146.14,住家用,鋼筋混凝土造,77年5月12日,五層,
RPPNMLMJMHLFFCE67CC,19,228.88,住家用,鋼筋混凝土造,86年2月4日,五層,
RPRNMLQLLHLFFEE58CC,9,93.90,住家用,鋼筋混凝土造,96年4月10日,十五層,
RPRNMLQLLHLFFEE58CC,9,66.96,共用部分,鋼筋混凝土造,96年4月10日,十五層,
RPRNMLQLLHLFFEE58CC,9,75.27,住家用,鋼筋混凝土造,96年4月10日,十五層,
RPQNMLOJMHLFFDE08CC,32,207.43,,鋼筋混凝土造,73年8月30日,四層,
RPQNMLMJMHLFFCE77CC,45,70.58,住家用,加強磚造,60年5月12日,二層,
RPPNMLNJMHLFFDE87CC,40,83.60,住商用,鋼筋混凝土造,65年3月5日,四層,
RPPNMLOJMHLFFAE67CC,21,55.50,住商用,鋼筋混凝土造,84年3月14日,五層,
RPPNMLPJMHLFFCE97CC,10,80.30,住家用,鋼筋混凝土造,94年12月28日,十五層,
RPQNMLPJMHLFFCE08CC,41,45.44,,加強磚造,64年1月22日,三層,
RPVNMLQJMHLFFDE78CC,60,262.56,住商用,加強磚造,44年12月30日,三層,
RPQOMLQJMHLFFDE38CC,54,106.05,,加強磚造,50年12月30日,二層,
RPXNMLQJMHLFFAE68CC,3,25.66,住家用,鋼筋混凝土造,102年1月24日,十四層,
RPOOMLQJMHLFFAE87CC,9,276.12,住商用,鋼筋混凝土造,96年6月11日,五層,
RPROMLRJMHLFFAE28CC,9,59.56,防空避難室、停車空間、樓梯間、電梯機械室、水箱、排煙室,鋼筋混凝土造,96年2月8日,十五層,
RPROMLRJMHLFFAE28CC,9,89.52,住家用,鋼筋混凝土造,96年2月8日,十五層,
RPSOMLRJMHLFFAE38CC,34,74.32,,鋼筋混凝土造,71年3月17日,十二層,
RPROMLRJMHLFFCE48CC,41,45.44,,加強磚造,64年1月22日,三層,
RPWNMLRJMHLFFCE88CC,2,165.44,住家用,鋼筋混凝土造,103年7月15日,二十九層,
RPWNMLRJMHLFFCE88CC,2,75.31,本共有部分之項目有防空避難室兼停車空間、停車空間、門廳、防災中心、管委會空間及垃圾儲存空間等６項。,鋼筋混凝土造,103年7月15日,二十九層,
RPWNMLRJMHLFFCE88CC,2,33.72,本共有部分之項目有樓梯間、中繼機房、機械室及水箱等４項。,鋼筋混凝土造,103年7月15日,二十九層,
RPRNMLRJMHLFFBE28CC,19,147.65,住家用,鋼筋混凝土造,86年4月21日,三十五層,
RPSNMLLJMHLFFGE28CC,4,204.43,集合住宅,鋼筋混凝土,101年9月1日,十五層,
RPPNMLMJMHLFFGE08CC,19,43.52,住商用,鋼筋混凝土造,86年1月17日,十四層,
RPPNMLMJMHLFFLE58CC,22,77.94,住家用,鋼筋混凝土造,83年2月5日,十一層,
RPPNMLMJMHLFFLE58CC,22,23.13,共有部份,鋼筋混凝土造,83年2月5日,十五層,
RPOOMLLMLHLFFGE18CC,8,47.35,集合住宅,鋼筋混凝土,97年4月1日,十四層,
RPOOMLLMLHLFFGE18CC,8,8.79,集合住宅,鋼筋混凝土,97年4月1日,十四層,
RPOOMLLMLHLFFGE18CC,8,21.46,停車空間兼防空避難室、樓梯間、頂蓋型開放空間、車道、門廳、門廊、公共服務空間、儲藏室、機械室、水箱,鋼筋混凝土,97年4月1日,十四層,
RPTPMLLMLHLFFGE78CC,3,57.55,集合住宅,鋼筋混凝土造,101年10月31日,十三層,
RPTPMLLMLHLFFGE78CC,1,32.37,本共有部分之項目有防空避難室兼停車空間、梯間、管委會使用空間、門廳、外廊、車道、樓梯間、機械室、水箱等項。,鋼筋混凝土,104年5月8日,十五層,
RPWOMLKMLHLFFGE88CC,36,54.03,住家用,鋼筋混凝土造,68年11月19日,五層,
RPUNMLRJMHLFFDE78CC,34,63.50,,鋼筋混凝土造,71年6月4日,五層,
RPWOMLRJMHLFFBE88CC,35,152.76,,鋼筋混凝土造,70年3月27日,七層,
RPTOMLRJMHLFFBE58CC,35,127.21,,鋼筋混凝土造,70年3月27日,七層,
RPXNMLRJMHLFFBE88CC,14,152.60,住家用,鋼骨鋼筋混凝土造,91年3月1日,二十六層,
RPXNMLRJMHLFFBE88CC,14,78.76,防空避難室，停車空間，門廊，門廳，樓梯間,鋼骨鋼筋混凝土造,91年3月1日,二十六層,
RPWNMLSJMHLFFGE76CC,,212.80,店舖,鋼筋混凝土,104年10月26日,一層,
RPTNMLRJMHLFFDE68CC,24,73.81,,鋼造,80年12月7日,二層,
RPRNMLSJMHLFFIE09CC,11,177.32,廠房,鋼骨構造,94年6月9日,一層,
RPSNMLSJMHLFFBE48CC,26,9.92,,鋼筋混凝土造,78年11月9日,十二層,
RPRNMLSJMHLFFBE38CC,26,39.70,,鋼筋混凝土造,78年11月9日,十二層,
RPXNMLSJMHLFFBE98CC,24,156.58,商業用,鋼筋混凝土造,81年6月29日,二十五層,
RPVNMLSJMHLFFAE68CC,11,88.79,住家用,鋼筋混凝土造,94年1月18日,十三層,
RPRNMLTJMHLFFBE48CC,35,82.14,,鋼筋混凝土造,70年6月30日,三層,
RPQOMLSJMHLFFAE28CC,52,138.68,,加強磚造,53年9月10日,四層,
RPQNMLKKMHLFFFE97CC,40,44.16,住家用,加強磚造,64年11月4日,一層,
RPRNMLLKMHLFFBE77CC,35,57.53,,鋼筋混凝土造,69年12月1日,八層,
RPRNMLLKMHLFFBE77CC,35,8.74,,鋼筋混凝土造,69年12月1日,八層,
RPUNMLLKMHLFFBE08CC,29,51.27,,鋼筋混凝土造,76年5月1日,十二層,
RPUNMLLKMHLFFBE08CC,29,13.60,,鋼筋混凝土造,76年5月1日,十二層,
RPVNMLLKMHLFFBE18CC,8,58.30,住家用,鋼筋混凝土造,97年9月19日,十三層,
RPUNMLLKMHLFFAE97CC,1,188.44,店鋪、住宅,鋼筋混凝土造,104年7月9日,二層,
RPPOMLLKMHLFFIE38CC,15,175.86,見使用執照,鋼筋混凝土造,90年6月12日,四層,
RPXNMLLKMHLFFCE48CC,3,202.40,集合住宅,鋼筋混凝土造,102年1月29日,十五層,
RPXNMLLKMHLFFIE09CC,1,152.79,集合住宅,鋼筋混凝土造,104年4月20日,十五層,
RPRNMLLKMHLFFGE28CC,22,147.24,住家用,鋼筋混凝土造,83年8月3日,七層,
RPRNMLLKMHLFFGE28CC,22,152.10,住家用,鋼筋混凝土造,83年8月3日,七層,
RPVNMLLKMHLFFLE56CC,24,348.67,住商用,鋼筋混凝土造,81年3月29日,四層,
RPPNMLMKMHLFFCE77CC,20,184.50,住家用,鋼筋混凝土造,84年12月12日,二十七層,
RPPNMLMKMHLFFAE57CC,9,59.06,住家用,鋼筋混凝土造,95年10月30日,十五層,
RPXNMLMKMHLFFBE48CC,19,120.60,住家用,鋼筋混凝土造,86年4月21日,三十五層,
RPRPMLMKMHLFFEE38CC,23,290.94,住家用,鋼筋混凝土造,81年11月11日,二十四層,
RPVOMLMKMHLFFBE38CC,19,94.72,住家用,鋼筋混凝土造,86年4月21日,三十五層,
RPTOMLNKMHLFFBE28CC,4,131.26,住家用,鋼筋混凝土造,101年2月15日,十五層,
RPTOMLNKMHLFFBE28CC,4,16.01,住家用,鋼筋混凝土造,101年2月15日,十五層,
RPTOMLNKMHLFFBE28CC,4,89.29,本件共有部份：包括防空避難室兼停車空間、停車空間、梯間、門廊、垃圾儲存空間、公共服務空間、車道投影、頂蓋型開放空間、樓梯間、水箱、機械室等１１項。,鋼筋混凝土造,101年2月15日,十五層,
RPVOMLNKMHLFFBE48CC,3,53.85,住家用,鋼筋混凝土造,102年5月17日,十四層,
RPVOMLNKMHLFFBE48CC,3,9.85,住家用,鋼筋混凝土造,102年5月17日,十四層,
RPVOMLNKMHLFFBE48CC,3,30.50,共有部份,鋼筋混凝土造,102年5月17日,十四層,
RPWOMLNKMHLFFBE58CC,24,137.03,商業用,鋼骨鋼筋混凝土造,81年7月25日,四十二層,
RPWOMLNKMHLFFBE58CC,24,72.73,見使用執照,鋼骨鋼筋混凝土造,81年7月25日,四十二層,
RPWNMLNKMHLFFAE38CC,3,120.58,住家用,鋼筋混凝土造,102年6月19日,二十四層,
RPWNMLNKMHLFFAE38CC,3,19.88,住家用,鋼筋混凝土造,102年6月19日,二十四層,
RPWNMLNKMHLFFAE38CC,3,96.59,本共有部分之項目有防空避難室、停車空間、電樓梯間、機械室、中繼水箱、垃圾儲存空間、管委會使用空間、頂蓋型廣場式開放空間、防災中心、緩衝空間、門廳、走廊等１２項。,鋼筋混凝土造,102年6月19日,二十四層,
RPXNMLNKMHLFFAE48CC,4,76.34,住家用,鋼筋混凝土造,101年9月26日,十五層,
RPXNMLNKMHLFFAE48CC,4,11.04,住家用,鋼筋混凝土造,101年9月26日,十五層,
RPXNMLNKMHLFFAE48CC,4,62.98,本共有部分之項目有防空避難室兼停車空間、樓梯間、屋頂突出物、管理委員會使用空間、門廳、外廊、車道等７項。,鋼筋混凝土造,101年9月26日,十五層,
RPOOMLNKMHLFFAE67CC,2,150.18,住家用,鋼筋混凝土造,103年2月25日,二十五層,
RPOOMLNKMHLFFAE67CC,2,29.82,住家用,鋼筋混凝土造,103年2月25日,二十五層,
RPOOMLNKMHLFFAE67CC,2,118.34,本共有部分之項目有防空避難室、停車空間、電樓梯間、機械室、水箱、頂蓋型開放空間、出入口緩衝空間、公共服務空間、防災中心、門廊、車道投影、瓦斯室、走廊、梯廳、中繼幫浦室等１５項。,鋼筋混凝土造,103年2月25日,二十五層,
RPUOMLNKMHLFFAE28CC,37,144.60,,鋼筋混凝土造,68年3月16日,三層,
RPVNMLNKMHLFFCE48CC,38,41.41,住商用,鋼筋混凝土造,67年6月26日,四層,
RPPOMLNKMHLFFCE97CC,26,181.82,商業用,鋼筋混凝土造,79年7月4日,十二層,
RPQOMLNKMHLFFCE08CC,22,159.92,住商用,鋼筋混凝土造,83年9月29日,七層,
RPPOMLNKMHLFFGE38CC,4,346.04,店舖、集合住宅、門廊,鋼筋混凝土造,101年5月2日,十四層,
RPOOMLNKMHLFFJE58CC,22,115.15,店舖、車庫、集合住宅,鋼筋混凝土造,83年4月29日,五層,
RPSNMLOKMHLFFFE58CC,22,262.63,住商用,鋼筋混凝土造,83年1月20日,八層,
RPSNMLOKMHLFFFE58CC,22,45.18,梯間，車道，門廳，停車空間，避難室，機械室，水箱,鋼筋混凝土造,83年1月20日,八層,
RPOOMLOKMHLFFCE97CC,9,39.24,住商用,鋼筋混凝土結構造,95年11月21日,十五層,
RPPOMLOKMHLFFCE08CC,9,20.17,住商用,鋼筋混凝土結構造,95年11月21日,十五層,
RPWNMLOKMHLFFBE58CC,8,310.29,商業用,鋼筋混凝土造,97年5月9日,二層,
RPRNMLTJMHLFFEE78CC,21,273.60,見使用執照,鋼筋混凝土造,84年9月30日,十五層,
RPTNMLPJMHLFFEE58CC,23,146.66,住商用,鋼筋混凝土造,82年2月9日,八層,
RPPOMLPKMHLFFAE97CC,11,300.73,商業用,鋼筋混凝土造,93年12月16日,十四層,
RPPOMLPKMHLFFAE97CC,11,73.53,共有部份,鋼筋混凝土造,93年12月16日,十四層,
RPSNMLPKMHLFFBE28CC,43,213.13,,加強磚造,62年2月27日,三層,
RPXNMLPKMHLFFLE17CC,37,174.15,住商用,鋼筋混凝土造,67年10月11日,三層,
RPOOMLPKMHLFFLE98CC,37,174.15,住商用,鋼筋混凝土造,67年10月11日,三層,
RPPOMLLJMHLFFDE87DC,24,144.84,,鋼筋混凝土造,80年12月18日,十四層,
RPSNMLPKMHLFFIE98CC,46,67.65,住商用,加強磚造,59年7月30日,三層,
RPUNMLPKMHLFFIE56CC,4,336.11,停車空間、店舖、集合住宅、住宅﹝附屬梯間﹞,鋼筋混凝土造,101年8月7日,四層,
RPWNMLNKMHLFFIE56CC,21,56.56,住家用,鋼筋混凝土造,84年9月15日,十六層,
RPWNMLNKMHLFFIE56CC,21,8.47,休憩室．電梯間．樓梯間．機械室．水箱,鋼筋混凝土造,84年9月15日,十六層,
RPWNMLNKMHLFFIE56CC,21,8.25,見使用執照,鋼筋混凝土造,84年9月15日,十六層,
RPOOMLPKMHLFFDE18CC,1,53.30,住家用,鋼筋混凝土造,103年10月2日,十二層,
RPOOMLPKMHLFFDE18CC,1,43.46,共有部份,鋼筋混凝土造,103年10月2日,十二層,
RPWNMLPKMHLFFDE88CC,48,67.80,,加強磚造,57年7月10日,二層,
RPXNMLPKMHLFFDE98CC,42,346.04,,鋼筋混凝土造,63年6月27日,四層,
RPQOMLLKMHLFFDE97CC,37,69.72,,鋼筋混凝土造,68年6月15日,四層,
RPVNMLPKMHLFFDE78CC,11,45.60,住商用,鋼筋混凝土造,94年8月25日,五層,
RPRNMLPKMHLFFDE38CC,25,213.91,,鋼筋混凝土造,80年9月19日,二十層,
RPXNMLLKMHLFFDE58CC,38,42.85,,鋼筋混凝土造,67年7月12日,三層,
RPXNMLOKMHLFFDE88CC,10,77.02,住家用,鋼筋混凝土造,95年6月21日,十五層,
RPQNMLSJMHLFFDE48CC,69,180.04,,磚造,36年8月20日,二層,
RPTOMLRJMHLFFDE78CC,19,91.99,住家用,鋼筋混凝土造,86年7月9日,十四層,
RPTOMLRJMHLFFDE78CC,19,30.11,見使用執照,鋼筋混凝土造,86年7月9日,十四層,
RPQOMLPKMHLFFDE38CC,50,109.15,住商用,加強磚造,55年5月28日,二層,
RPRNMLQKMHLFFBE28CC,30,140.44,住商用,加強磚造,75年6月2日,二層,
RPRNMLQKMHLFFBE28CC,30,137.45,住商用,加強磚造,75年6月2日,二層,
RPRNMLQKMHLFFBE28CC,30,137.45,住商用,加強磚造,75年6月2日,二層,
RPRNMLQKMHLFFBE28CC,30,137.45,住商用,加強磚造,75年6月2日,二層,
RPPNMLQKMHLFFGE58CC,2,118.14,住宅、樓梯間,鋼筋混凝土,103年9月25日,二層,
RPPNMLQKMHLFFBE08CC,19,138.53,住家用,鋼筋混凝土造,85年12月21日,十五層,
RPPNMLQKMHLFFBE08CC,19,.61,見使用執照,鋼筋混凝土造,85年12月21日,十五層,
RPVNMLSKMHLFFBE88CC,22,190.18,商業用,鋼筋混凝土造,83年1月31日,十一層,
RPWOMLSKMHLFFBE09CC,26,56.00,,鋼筋混凝土造,78年11月9日,十二層,
RPXOMLSKMHLFFBE56CC,23,135.86,商業用,鋼筋混凝土造,82年3月4日,二十八層,
RPXOMLSKMHLFFBE56CC,23,57.17,見使用執照,鋼筋混凝土造,82年3月4日,二十八層,
RPQOMLSKMHLFFBE48CC,4,163.63,住家用,鋼筋混凝土造,101年7月5日,二十九層,
RPQOMLSKMHLFFBE48CC,4,85.00,見其他登記事項,鋼筋混凝土造,101年7月5日,二十九層,
RPXNMLSKMHLFFAE98CC,32,122.83,住商用,鋼筋混凝土造,73年3月13日,三層,
RPSOMLSKMHLFFAE58CC,32,755.87,住商用,鋼筋混凝土造,73年3月13日,三層,
RPPOMLSKMHLFFAE28CC,32,731.23,住商用,鋼筋混凝土造,73年3月13日,三層,
RPWOMLSKMHLFFAE98CC,25,49.49,住家用,鋼筋混凝土造,80年8月10日,十六層,
RPWOMLSKMHLFFAE98CC,25,20.04,,鋼筋混凝土造,80年8月10日,十六層,
RPWNMLSKMHLFFCE09CC,34,140.12,,鋼筋混凝土造,70年12月21日,十二層,
RPWNMLSKMHLFFCE09CC,34,211.80,,鋼筋混凝土造,70年12月21日,十二層,
RPRNMLSKMHLFFIE56CC,21,37.40,見使用執照,鋼筋混凝土造,84年1月10日,四層,
RPSNMLSKMHLFFGE56DC,35,168.54,住宅、店舖,鋼架造,70年8月10日,一層,
RPVPMLSKMHLFFDE66CC,22,43.67,商業用,鋼筋混凝土造,83年1月4日,七層,
RPUNMLSKMHLFFEE56DC,11,189.28,住商用,鋼筋混凝土造,94年9月7日,三層,
RPOPMLSKMHLFFBE38CC,39,48.93,,鋼筋混凝土造,65年11月24日,十層,
RPQQMLSKMHLFFDE88CC,20,101.24,住商用,鋼筋混凝土造,85年7月19日,二十四層,
RPTPMLSKMHLFFEE56CC,1,58.39,住家用,鋼筋混凝土造,103年11月4日,十五層,
RPTPMLSKMHLFFEE56CC,1,31.68,本共有部分之項目有防空避難室兼停車空間、門廊、門廳、管委員會使用空間、停車空間、車道、樓梯間、機械房、水箱等９項。,鋼筋混凝土造,103年11月4日,十五層,
RPWOMLTKMHLFFGE07CC,16,127.19,住家用,鋼筋混凝土,89年7月25日,十四層,
RPWOMLTKMHLFFGE07CC,16,65.59,頂蓋型開放空間、管理中心、門廊、車道、樓梯間、防空避難室、停車空間、瞭望台、機械室、水箱,鋼筋混凝土,89年7月25日,十四層,
RPPNMLTKMHLFFFE78CC,38,38.13,住商用,鋼筋混凝土造,66年11月25日,三層,
RPOOMLTKMHLFFGE88CC,2,152.06,集合住宅,鋼筋混凝土,103年2月21日,十五層,
RPSOMLTKMHLFFGE66CC,23,145.38,住商用,鋼筋混凝土造,81年11月10日,十三層,
RPSNMLTKMHLFFBE68CC,19,120.60,住家用,鋼筋混凝土造,86年4月21日,三十五層,
RPPNMLKLMHLFFBE57CC,38,79.39,,鋼筋混凝土造,67年8月21日,十四層,
RPWNMLKLMHLFFBE28CC,34,252.95,,鋼筋混凝土造,70年10月20日,十一層,
RPWNMLKLMHLFFAE18CC,11,55.38,住家用,鋼筋混凝土造,94年6月24日,十五層,
RPVNMLKLMHLFFAE08CC,11,36.70,住家用,鋼筋混凝土造,94年6月24日,十五層,
RPXNMLTKMHLFFAE09CC,20,125.92,住家用,鋼筋混凝土造,85年10月2日,十一層,
RPVNMLKLMHLFFBE28DC,24,176.70,商業用,鋼筋混凝土造,81年6月29日,二十五層,
RPUOMLKLMHLFFEE48CC,2,84.28,住家用,鋼筋混凝土造,102年11月11日,十五層,
RPUOMLKLMHLFFEE48CC,2,13.77,住家用,鋼筋混凝土造,102年11月11日,十五層,
RPUOMLKLMHLFFEE48CC,2,68.12,本共有部分之項目有防空避難室兼停車空間、停車空間、騎樓、管理委員會使用空間、門廳、梯間、門廊、車道面積、陽台、樓梯間、水箱、機械室等１２項。,鋼筋混凝土造,102年11月11日,十五層,
RPXOMLTKMHLFFGE17CC,24,14.00,住商用,鋼筋混凝土造,81年5月30日,四層,
RPRNMLLLMHLFFBE87CC,27,205.23,,鋼筋混凝土造,77年10月19日,十二層,
RPRNMLLLMHLFFBE87CC,27,90.77,,鋼筋混凝土造,77年10月19日,十二層,
RPRNMLLLMHLFFBE87CC,27,82.55,,鋼筋混凝土造,77年10月19日,十二層,
RPVNMLLLMHLFFBE28CC,51,101.86,,加強磚造,54年5月16日,四層,
RPXNMLLLMHLFFBE48CC,37,107.16,,鋼筋混凝土造,68年2月6日,三層,
RPUNMLMLMHLFFBE28CC,28,181.61,,鋼筋混凝土造,77年6月27日,十七層,
RPUNMLLLMHLFFCE28CC,23,333.99,住商用,鋼筋混凝土造,82年7月30日,二十四層,
RPSOMLMLMHLFFBE18CC,49,69.30,住家用,鋼筋混凝土造,55年10月24日,三層,
RPPOMLKLMHLFFCE77CC,19,97.52,住家用,鋼筋混凝土造,86年5月27日,二十七層,
RPPOMLKLMHLFFCE77CC,19,24.18,住家用,鋼筋混凝土造,86年5月27日,二十七層,
RPPOMLKLMHLFFCE77CC,19,37.41,見使用執照,鋼筋混凝土造,86年5月27日,二十七層,
RPUNMLKLMHLFFCE18CC,18,126.34,商業用,鋼筋混凝土造,87年7月14日,二十八層,
RPUNMLKLMHLFFCE18CC,18,165.93,共有部份,鋼筋混凝土造,87年7月14日,二十八層,
RPUNMLKLMHLFFCE18CC,18,241.48,商業用,鋼筋混凝土造,87年7月14日,二十八層,
RPOOMLSKMHLFFCE38CC,25,109.09,商業用,鋼筋混凝土造,80年5月8日,十二層,
RPXNMLMLMHLFFAE48CC,1,35.83,集合住宅,鋼筋混凝土,104年10月7日,十五層,
RPXNMLMLMHLFFAE48CC,1,6.78,集合住宅,鋼筋混凝土,104年10月7日,十五層,
RPXNMLMLMHLFFAE48CC,1,25.24,本共有部分之項目有防空避難室、停車空間、樓梯間、機械室、水箱、垃圾暫存空間、管委會使用空間、門廳等８項,鋼筋混凝土,104年10月7日,十五層,
RPOOMLMLMHLFFAE67CC,9,97.48,住家用,鋼筋混凝土造,96年4月2日,十五層,
RPVNMLMLMHLFFDE58CC,2,110.46,住家用,鋼筋混凝土造,103年8月31日,十五層,
RPTNMLMLMHLFFDE38CC,26,105.24,,鋼筋混凝土造,79年3月22日,十二層,
RPPOMLKLMHLFFDE87CC,24,105.20,商業用,鋼筋混凝土造,81年3月11日,二十三層,
RPPOMLKLMHLFFDE87CC,24,68.99,見使用執照,鋼筋混凝土造,81年3月11日,二十三層,
RPSNMLLLMHLFFDE18CC,4,398.62,住商用,鋼筋混凝土造,101年8月15日,十五層,
RPVNMLTKMHLFFDE56CC,21,114.27,住家用,鋼筋混凝土造,84年8月23日,十三層,
RPRQMLSKMHLFFDE98CC,48,121.71,,加強磚造,57年1月2日,二層,
RPRNMLMLMHLFFLE98CC,40,190.65,工業用,鐵架石棉瓦造,65年4月2日,一層,
RPSNMLPLMHLFFCE48CC,22,230.81,住商用,鋼筋混凝土造,83年8月9日,十二層,
RPSNMLNLMHLFFCE28CC,17,23.36,住家用,鋼骨造,88年2月9日,三十九層,
RPSNMLNLMHLFFCE28CC,17,3.24,住家用,鋼骨造,88年2月9日,三十九層,
RPSNMLNLMHLFFCE28CC,17,12.98,共有部份,鋼骨造,88年2月9日,三十九層,
RPOOMLPLMHLFFCE18CC,37,309.55,,鋼造,68年9月24日,一層,
RPRNMLNLMHLFFCE18CC,17,24.18,住家用,鋼骨造,88年2月9日,三十九層,
RPRNMLNLMHLFFCE18CC,17,3.12,住家用,鋼骨造,88年2月9日,三十九層,
RPRNMLNLMHLFFCE18CC,17,12.99,共有部份,鋼骨造,88年2月9日,三十九層,
RPWNMLPLMHLFFCE88CC,37,309.55,,鋼造,68年9月24日,一層,
RPQNMLNLMHLFFCE08CC,17,41.73,住家用,鋼骨造,88年2月9日,三十九層,
RPQNMLNLMHLFFCE08CC,17,3.22,住家用,鋼骨造,88年2月9日,三十九層,
RPQNMLNLMHLFFCE08CC,17,20.77,共有部份,鋼骨造,88年2月9日,三十九層,
RPVNMLPLMHLFFGE56CC,19,73.39,住家用,鋼筋混凝土造,86年6月27日,十四層,
RPVNMLPLMHLFFGE56CC,19,10.70,住家用,鋼筋混凝土造,86年6月27日,十四層,
RPVNMLPLMHLFFGE56CC,19,48.63,共有部份,鋼筋混凝土造,86年6月27日,十四層,
RPXNMLPLMHLFFGE76CC,32,274.28,商業用,鋼筋混凝土造,73年2月21日,十二層,
RPOOMLPLMHLFFGE58CC,5,49.85,集合住宅,鋼筋混凝土造,100年9月12日,十五層,
RPOOMLPLMHLFFGE58CC,5,26.56,共有部分，本共有部分之項目有停車空間、防空避難室兼停車空間、樓梯間、公共服務空間、車道、沿街步道式頂蓋型開放空間、廣場式頂蓋型開放空間、機械室及水箱等９項。,鋼筋混凝土造,100年9月12日,十五層,
RPSOMLPLMHLFFGE98CC,2,149.70,集合住宅,鋼筋混凝土,103年2月21日,十五層,
RPUNMLPLMHLFFDE78CC,22,117.00,住家用,鋼筋混凝土造,83年1月21日,十五層,
RPOOMLQLMHLFFGE68CC,22,146.39,住商用,鋼筋混凝土造,83年9月23日,十二層,
RPXNMLQLMHLFFGE86CC,16,138.96,住家用,鋼筋混凝土造,89年8月10日,十三層,
RPXNMLQLMHLFFGE86CC,16,.13,見使用執照,鋼筋混凝土造,89年8月10日,十三層,
RPXNMLQLMHLFFGE86CC,16,.20,見使用執照,鋼筋混凝土造,89年8月10日,十三層,
RPXNMLQLMHLFFGE86CC,16,.50,見使用執照,鋼筋混凝土造,89年8月10日,十三層,
RPXOMLQLMHLFFGE96CC,47,71.07,住商用,鋼筋混凝土加強磚造,58年5月27日,四層,
RPWNMLQLMHLFFIE96CC,23,87.84,住家用,鋼筋混凝土造,82年4月8日,三層,
RPOOMLQLMHLFFIE88CC,41,209.71,住家用,加強磚造,64年8月11日,三層,
RPWNMLQLMHLFFIE96CC,23,93.15,住家用,鋼筋混凝土造,82年4月8日,三層,
RPUOMLQLMHLFFAE68CC,15,47.44,住家用,鋼筋混凝土造,90年10月8日,十四層,
RPUOMLQLMHLFFAE68CC,15,5.60,住家用,鋼筋混凝土造,90年10月8日,十四層,
RPUOMLQLMHLFFAE68CC,15,1.04,住家用,鋼筋混凝土造,90年10月8日,十四層,
RPTOMLQLMHLFFAE58CC,21,157.06,住家用,鋼筋混凝土造,84年7月7日,二十七層,
RPUOMLQLMHLFFAE68CC,15,23.42,共有部份,鋼筋混凝土造,90年10月8日,十四層,
RPUNMLQLMHLFFBE68CC,19,145.45,住家用,鋼筋混凝土造,86年4月21日,三十五層,
RPOOMLQLMHLFFFE58CC,,894.99,住商用,鋼骨構造（有牆）,105年1月15日,二層,
RPPOMLQLMHLFFBE28CC,25,334.47,商業用,鋼筋混凝土造,80年8月24日,十二層,
RPPOMLQLMHLFFBE28CC,25,154.65,見使用執照,鋼筋混凝土造,80年8月24日,十二層,
RPPNMLRLMHLFFBE28CC,27,45.40,,鋼筋混凝土造,78年5月11日,十二層,
RPPNMLRLMHLFFBE28CC,27,97.61,,鋼筋混凝土造,78年5月11日,十二層,
RPPNMLRLMHLFFBE28CC,27,113.97,,鋼筋混凝土造,78年5月11日,十二層,
RPPNMLRLMHLFFBE28CC,27,101.66,,鋼筋混凝土造,78年5月11日,十二層,
RPTNMLRLMHLFFBE68CC,26,295.23,,鋼筋混凝土造,79年5月9日,十二層,
RPTNMLRLMHLFFBE68CC,26,94.29,,鋼筋混凝土造,79年5月9日,十二層,
RPQOMLRLMHLFFBE48CC,23,189.41,商業用,鋼筋混凝土造,82年3月4日,二十八層,
RPQOMLRLMHLFFBE48CC,23,93.64,見使用執照,鋼筋混凝土造,82年3月4日,二十八層,
RPVNMLRLMHLFFBE88CC,39,39.97,,鋼筋混凝土造,65年11月24日,十層,
RPTOMLRLMHLFFAE68CC,26,79.40,商業用,鋼筋混凝土造,79年2月16日,十二層,
RPUNMLRLMHLFFBE78CC,26,68.63,,鋼筋混凝土造,78年11月9日,十二層,
RPROMLRLMHLFFAE48CC,26,86.18,商業用,鋼筋混凝土造,79年2月16日,十二層,
RPVOMLRLMHLFFAE88CC,26,136.26,商業用,鋼筋混凝土造,79年2月16日,十二層,
RPXOMLRLMHLFFAE09CC,25,190.36,商業用,鋼筋混凝土造,80年5月8日,十二層,
RPRNMLRLMHLFFGE98CC,36,232.68,住商用,鋼筋混凝土造,69年7月1日,四層,
RPWNMLSLMHLFFGE96CC,5,166.69,店舖、住宅、停車空間、樓梯間,鋼筋混凝土造,99年11月15日,四層,
RPQNMLSLMHLFFGE98CC,30,165.66,倉庫,鋼鐵構造,74年11月20日,一層,
RPOOMLSLMHLFFGE88CC,11,203.99,店舖、住宅、門廊、樓梯間,鋼筋混凝土,94年6月15日,三層,
RPOOMLSLMHLFFGE88CC,11,201.18,店舖、住宅、門廊、樓梯間,鋼筋混凝土,94年6月15日,三層,
RPTNMLSLMHLFFIE86CC,40,1322.00,住家用,加強磚造,65年3月20日,二層,
RPQOMLSLMHLFFGE09CC,23,58.95,住商用,鋼筋混凝土造,82年4月14日,八層,
RPUPMLSLMHLFFEE76CC,5,73.19,住家用,鋼筋混凝土造,100年6月28日,十五層,
RPUPMLSLMHLFFEE76CC,5,15.10,住家用,鋼筋混凝土造,100年6月28日,十五層,
RPUPMLSLMHLFFEE76CC,5,54.44,本共有部分之項目有防空避難室兼停車空間、停車空間、車道、門廊、私設道路、梯間、排煙室及走廊、樓梯間、機械室、水箱、屋頂突出物等１１項。,鋼筋混凝土造,100年6月28日,十五層,
RPOQMLSLMHLFFEE88CC,4,134.95,住家用,鋼筋混凝土造,101年9月14日,十三層,
RPTPMLQLMHLFFEE09CC,23,63.07,住商用,鋼筋混凝土造,81年11月30日,四層,
RPTOMLPLMHLFFEE88CC,4,461.06,住家用,鋼筋混凝土造,101年1月4日,五層,
RPSPMLSLMHLFFEE56CC,2,47.62,住家用,鋼筋混凝土造,103年3月27日,十五層,
RPSPMLSLMHLFFEE56CC,2,8.59,住家用,鋼筋混凝土造,103年3月27日,十五層,
RPSPMLSLMHLFFEE56CC,2,58.39,本共有部分之項目有防空避難室兼停車空間、停車空間、梯間、門廳、門廊、管理委員會使用空間、走廊、立體架構投影、機械室、水箱、夾層、遮、陽台等１３項。,鋼筋混凝土造,103年3月27日,十五層,
RPVPMLSLMHLFFEE86CC,9,74.47,住家用,鋼筋混凝土造,96年4月4日,十四層,
RPVPMLSLMHLFFEE86CC,9,8.05,住家用,鋼筋混凝土造,96年4月4日,十四層,
RPVPMLSLMHLFFEE86CC,9,54.30,共有部份,鋼筋混凝土造,96年4月4日,十四層,
RPOQMLQLMHLFFEE68CC,21,104.11,住家用,鋼筋混凝土造,83年11月28日,七層,
RPOQMLQLMHLFFEE68CC,21,21.59,見使用執照,鋼筋混凝土造,83年11月28日,七層,
RPRPMLSLMHLFFEE09CC,22,66.38,住家用,鋼筋混凝土造,83年8月11日,二十七層,
RPRPMLSLMHLFFEE09CC,22,6.12,住家用,鋼筋混凝土造,83年8月11日,二十七層,
RPRPMLSLMHLFFEE09CC,22,23.19,見使用執照,鋼筋混凝土造,83年8月11日,二十七層,
RPXPMLQLMHLFFEE86CC,7,65.33,商業用,鋼骨造,98年4月10日,一層,
RPTPMLMLMHLFFEE68CC,4,367.51,商業用,鋼筋混凝土造,101年5月30日,十五層,
RPSNMLSLMHLFFAE58CC,1,122.27,住家用,鋼筋混凝土造,104年3月23日,十五層,
RPSNMLSLMHLFFAE58CC,1,21.51,住家用,鋼筋混凝土造,104年3月23日,十五層,
RPSNMLSLMHLFFAE58CC,1,54.09,本共有部分之項目有防空避難室兼停車空間、停車空間、門廊、電信室、管理室、門廳、發電機室、車道、污物處理空間、梯間等１０項。,鋼筋混凝土造,104年3月23日,十五層,
RPQNMLSLMHLFFBE48CC,17,145.06,診所、住宅,鋼筋混凝土造,87年10月30日,五層,
RPRNMLTLMHLFFAE58CC,39,102.80,,鋼筋混凝土造,66年10月14日,三層,
RPTNMLSLMHLFFAE68CC,1,124.59,住家用,鋼筋混凝土造,104年3月23日,十五層,
RPTNMLSLMHLFFAE68CC,1,21.72,住家用,鋼筋混凝土造,104年3月23日,十五層,
RPTNMLSLMHLFFAE68CC,1,54.68,本共有部分之項目有防空避難室兼停車空間、停車空間、門廊、電信室、管理室、門廳、發電機室、車道、污物處理空間、梯間等１０項。,鋼筋混凝土造,104年3月23日,十五層,
RPRNMLTLMHLFFCE78CC,17,120.39,住家用,鋼筋混凝土造,87年11月23日,二十三層,
RPRNMLTLMHLFFCE78CC,17,16.56,住家用,鋼筋混凝土造,87年11月23日,二十三層,
RPRNMLTLMHLFFCE78CC,17,76.62,共有部份,鋼筋混凝土造,87年11月23日,二十三層,
RPOOMLTLMHLFFEE78CC,17,135.35,住家用,鋼筋混凝土結構造,88年1月6日,九層,
RPQNMLTLMHLFFDE78CC,11,405.69,工業用,鋼筋混凝土造,94年6月15日,四層,
RPXNMLTLMHLFFCE76CC,41,187.65,,加強磚造,63年12月24日,三層,
RPRNMLTLMHLFFDE88CC,30,87.81,,鋼筋混凝土造,75年6月28日,五層,
RPRNMLTLMHLFFDE88CC,30,7.82,,鋼筋混凝土造,75年6月28日,五層,
RPRNMLTLMHLFFDE88CC,30,15.55,,鋼筋混凝土造,75年6月28日,五層,
RPWNMLTLMHLFFCE66CC,5,169.93,住家用,鋼筋混凝土結構造,100年6月22日,二十七層,
RPWNMLTLMHLFFCE66CC,5,20.15,住家用,鋼筋混凝土結構造,100年6月22日,二十七層,
RPWNMLTLMHLFFCE66CC,5,129.14,本共有部分之項目有防空避難室兼停車空間、出入口緩衝空間、門廊、公共服務空間、梯廳、樓梯間、防災中心、管理員室、垃圾暫存室、管委會使用空間、中繼水箱、機械室、陽台、雨遮及水箱等１５項。,鋼筋混凝土結構造,100年6月22日,二十七層,
RPPNMLTLMHLFFFE88CC,22,112.22,住商用,鋼筋混凝土造,83年1月20日,八層,
RPPNMLTLMHLFFFE88CC,22,45.18,梯間，車道，門廳，停車空間，避難室，機械室，水箱,鋼筋混凝土造,83年1月20日,八層,
RPRNMLTLMHLFFGE56CC,18,59.04,住商用,鋼筋混凝土造,87年6月6日,十三層,
RPPOMLTLMHLFFGE09CC,6,312.13,辦公室,鋼骨構造,99年9月9日,三層,
RPPOMLTLMHLFFGE09CC,6,130.86,停車空間、樓梯間,鋼骨構造,99年9月9日,三層,
RPXOMLTLMHLFFGE27CC,23,112.17,住家用,鋼筋混凝土造,81年11月30日,十五層,
RPSNMLTLMHLFFBE78CC,50,133.55,,加強磚造,55年3月1日,二層,
RPRNMLTLMHLFFBE68CC,42,147.11,,鋼筋混凝土造,62年11月16日,三層,
RPSOMLSLMHLFFBE78CC,36,66.93,,鋼筋混凝土造,69年5月29日,五層,
RPVNMLSLMHLFFBE98CC,7,172.21,住家用,鋼筋混凝土造,98年10月5日,十五層,
RPVNMLSLMHLFFBE98CC,,96.18,本共有部分之項目有防空避難室、停車空間、電樓梯間、管理委員室使用空間、車道、外廊、門廊、門廳、梯廳、機械室、水箱等十一項。,鋼筋混凝土造,,十五層,
RPRNMLSLMHLFFBE58CC,19,70.58,商業用,鋼造,86年2月12日,二十七層,
RPRNMLSLMHLFFBE58CC,19,232.16,見使用執照,鋼造,86年2月12日,二十七層,
RPUNMLSLMHLFFBE88CC,7,66.45,本共有部分之項目有防空避難兼停車空間、停車空間、頂蓋型開放空間、車道、專用出入口緩衝空間、公共設施、樓梯間、機械室、管理委員會使用空間、中繼水箱、水箱，等１１項。,鋼筋混凝土造,98年10月5日,二十四層,
RPUNMLSLMHLFFBE88CC,7,141.35,住家用,鋼筋混凝土造,98年10月5日,二十四層,
