﻿編號,土地位置,土地移轉面積(平方公尺),使用分區或編定,權利人持分分母,權利人持分分子,移轉情形,地號
The serial number, land position,land shifting area square meter,the use zoning or compiles and checks,,,,land parcel
RPVNMLQLKHLFFFH56CB,明智段,32.77,都市：住,100000,241,持分移轉,00040000
RPWNMLQLKHLFFFH66CB,明智段,22.84,都市：住,100000,168,持分移轉,00040000
RPOOMLQLKHLFFFH58CB,明智段,17.13,都市：住,100000,126,持分移轉,00040000
RPQOMLQLKHLFFFH78CB,明智段,22.16,都市：住,100000,163,持分移轉,00040000
RPUNMLQLKHLFFFH09CB,明智段,32.77,都市：住,100000,241,持分移轉,00040000
RPROMLQLKHLFFFH88CB,明智段,16.99,都市：住,100000,125,持分移轉,00040000
RPTOMLQLKHLFFFH09CB,明智段,16.99,都市：住,100000,125,持分移轉,00040000
RPQPMLQLKHLFFFH88CB,明智段,16.99,都市：住,100000,125,持分移轉,00040000
RPWOMLQLKHLFFFH76CB,明智段,22.16,都市：住,100000,163,持分移轉,00040000
RPSPMLQLKHLFFFH09CB,明智段,23.25,都市：住,100000,171,持分移轉,00040000
RPRPMLQLKHLFFFH98CB,明智段,16.99,都市：住,100000,125,持分移轉,00040000
RPVOMLQLKHLFFFH66CB,明智段,22.16,都市：住,100000,163,持分移轉,00040000
RPUOMLQLKHLFFFH56CB,明智段,22.16,都市：住,100000,163,持分移轉,00040000
RPSOMLQLKHLFFFH98CB,明智段,16.99,都市：住,100000,125,持分移轉,00040000
RPPPMLQLKHLFFFH78CB,明智段,22.16,都市：住,100000,163,持分移轉,00040000
RPXOMLQLKHLFFFH86CB,明智段,22.16,都市：住,100000,163,持分移轉,00040000
RPTNMLMJLHLFFAH97CB,桃園段武陵小段,11.54,都市：商,10000,77,持分移轉,00920000
RPSNMLMJLHLFFAH87CB,桃園段武陵小段,11.54,都市：商,10000,77,持分移轉,00920000
RPQNMLMJLHLFFAH67CB,桃園段武陵小段,11.39,都市：商,10000,76,持分移轉,00920000
RPVNMLMJLHLFFAH18CB,桃園段武陵小段,11.54,都市：商,10000,77,持分移轉,00920000
RPRNMLMJLHLFFAH77CB,桃園段武陵小段,11.54,都市：商,10000,77,持分移轉,00920000
RPWNMLMJLHLFFAH28CB,桃園段武陵小段,11.54,都市：商,10000,77,持分移轉,00920000
RPOOMLMJLHLFFAH57CB,桃園段武陵小段,11.54,都市：商,10000,77,持分移轉,00920000
RPXNMLMJLHLFFAH38CB,桃園段武陵小段,11.54,都市：商,10000,77,持分移轉,00920000
RPPOMLMJLHLFFAH67CB,桃園段武陵小段,11.54,都市：商,10000,77,持分移轉,00920000
RPUNMLMJLHLFFAH08CB,桃園段武陵小段,11.54,都市：商,10000,77,持分移轉,00920000
RPWOMLMJLHLFFAH38CB,桃園段武陵小段,12.29,都市：商,10000,82,持分移轉,00920000
RPTOMLMJLHLFFAH08CB,桃園段武陵小段,12.29,都市：商,10000,82,持分移轉,00920000
RPSOMLMJLHLFFAH97CB,桃園段武陵小段,11.54,都市：商,10000,77,持分移轉,00920000
RPVOMLMJLHLFFAH28CB,桃園段武陵小段,12.29,都市：商,10000,82,持分移轉,00920000
RPQOMLMJLHLFFAH77CB,桃園段武陵小段,11.54,都市：商,10000,77,持分移轉,00920000
RPXOMLMJLHLFFAH48CB,桃園段武陵小段,12.14,都市：商,10000,81,持分移轉,00920000
RPROMLMJLHLFFAH87CB,桃園段武陵小段,11.54,都市：商,10000,77,持分移轉,00920000
RPUOMLMJLHLFFAH18CB,桃園段武陵小段,12.29,都市：商,10000,82,持分移轉,00920000
RPOPMLMJLHLFFAH67CB,桃園段武陵小段,12.29,都市：商,10000,82,持分移轉,00920000
RPVPMLMJLHLFFAH38CB,桃園段武陵小段,10.94,都市：商,10000,73,持分移轉,00920000
RPUPMLMJLHLFFAH28CB,桃園段武陵小段,12.29,都市：商,10000,82,持分移轉,00920000
RPRPMLMJLHLFFAH97CB,桃園段武陵小段,12.29,都市：商,10000,82,持分移轉,00920000
RPPPMLMJLHLFFAH77CB,桃園段武陵小段,12.29,都市：商,10000,82,持分移轉,00920000
RPTPMLMJLHLFFAH18CB,桃園段武陵小段,12.29,都市：商,10000,82,持分移轉,00920000
RPOQMLMJLHLFFAH77CB,桃園段武陵小段,11.09,都市：商,10000,74,持分移轉,00920000
RPXPMLMJLHLFFAH58CB,桃園段武陵小段,11.09,都市：商,10000,74,持分移轉,00920000
RPSPMLMJLHLFFAH08CB,桃園段武陵小段,12.14,都市：商,10000,81,持分移轉,00920000
RPQPMLMJLHLFFAH87CB,桃園段武陵小段,12.29,都市：商,10000,82,持分移轉,00920000
RPWPMLMJLHLFFAH48CB,桃園段武陵小段,11.09,都市：商,10000,74,持分移轉,00920000
RPRQMLMJLHLFFAH08CB,桃園段武陵小段,11.09,都市：商,10000,74,持分移轉,00920000
RPPRMLMJLHLFFAH97CB,桃園段武陵小段,11.09,都市：商,10000,74,持分移轉,00920000
RPPQMLMJLHLFFAH87CB,桃園段武陵小段,10.94,都市：商,10000,73,持分移轉,00920000
RPVQMLMJLHLFFAH48CB,桃園段武陵小段,11.09,都市：商,10000,74,持分移轉,00920000
RPQQMLMJLHLFFAH97CB,桃園段武陵小段,10.94,都市：商,10000,73,持分移轉,00920000
RPSQMLMJLHLFFAH18CB,桃園段武陵小段,11.24,都市：商,10000,75,持分移轉,00920000
RPXQMLMJLHLFFAH68CB,桃園段武陵小段,11.09,都市：商,10000,74,持分移轉,00920000
RPTQMLMJLHLFFAH28CB,桃園段武陵小段,11.09,都市：商,10000,74,持分移轉,00920000
RPORMLMJLHLFFAH87CB,桃園段武陵小段,11.24,都市：商,10000,75,持分移轉,00920000
RPWQMLMJLHLFFAH58CB,桃園段武陵小段,11.09,都市：商,10000,74,持分移轉,00920000
RPVRMLMJLHLFFAH58CB,桃園段武陵小段,11.24,都市：商,10000,75,持分移轉,00920000
RPRRMLMJLHLFFAH18CB,桃園段武陵小段,11.24,都市：商,10000,75,持分移轉,00920000
RPTRMLMJLHLFFAH38CB,桃園段武陵小段,11.09,都市：商,10000,74,持分移轉,00920000
RPQRMLMJLHLFFAH08CB,桃園段武陵小段,11.24,都市：商,10000,75,持分移轉,00920000
RPSRMLMJLHLFFAH28CB,桃園段武陵小段,11.24,都市：商,10000,75,持分移轉,00920000
RPVSMLMJLHLFFAH68CB,桃園段武陵小段,11.99,都市：商,10000,80,持分移轉,00920000
RPUSMLMJLHLFFAH58CB,桃園段武陵小段,11.99,都市：商,10000,80,持分移轉,00920000
RPRSMLMJLHLFFAH28CB,桃園段武陵小段,11.99,都市：商,10000,80,持分移轉,00920000
RPSSMLMJLHLFFAH38CB,桃園段武陵小段,11.99,都市：商,10000,80,持分移轉,00920000
RPQSMLMJLHLFFAH18CB,桃園段武陵小段,11.24,都市：商,10000,75,持分移轉,00920000
RPPSMLMJLHLFFAH08CB,桃園段武陵小段,11.24,都市：商,10000,75,持分移轉,00920000
RPWRMLMJLHLFFAH68CB,桃園段武陵小段,11.24,都市：商,10000,75,持分移轉,00920000
RPTSMLMJLHLFFAH48CB,桃園段武陵小段,11.99,都市：商,10000,80,持分移轉,00920000
RPOSMLMJLHLFFAH97CB,桃園段武陵小段,11.24,都市：商,10000,75,持分移轉,00920000
RPXRMLMJLHLFFAH78CB,桃園段武陵小段,11.24,都市：商,10000,75,持分移轉,00920000
RPXSMLMJLHLFFAH88CB,桃園段武陵小段,11.99,都市：商,10000,80,持分移轉,00920000
RPPTMLMJLHLFFAH18CB,桃園段武陵小段,11.99,都市：商,10000,80,持分移轉,00920000
RPSTMLMJLHLFFAH48CB,桃園段武陵小段,11.99,都市：商,10000,80,持分移轉,00920000
RPOTMLMJLHLFFAH08CB,桃園段武陵小段,11.99,都市：商,10000,80,持分移轉,00920000
RPVTMLMJLHLFFAH78CB,桃園段武陵小段,10.79,都市：商,10000,72,持分移轉,00920000
RPQTMLMJLHLFFAH28CB,桃園段武陵小段,12.14,都市：商,10000,81,持分移轉,00920000
RPRTMLMJLHLFFAH38CB,桃園段武陵小段,11.99,都市：商,10000,80,持分移轉,00920000
RPUTMLMJLHLFFAH68CB,桃園段武陵小段,11.99,都市：商,10000,80,持分移轉,00920000
RPWTMLMJLHLFFAH88CB,桃園段武陵小段,10.64,都市：商,10000,71,持分移轉,00920000
RPOUMLMJLHLFFAH18CB,桃園段武陵小段,10.34,都市：商,10000,69,持分移轉,00920000
RPTTMLMJLHLFFAH58CB,桃園段武陵小段,11.99,都市：商,10000,80,持分移轉,00920000
RPXTMLMJLHLFFAH98CB,桃園段武陵小段,10.49,都市：商,10000,70,持分移轉,00920000
RPQUMLMJLHLFFAH38CB,桃園段武陵小段,10.49,都市：商,10000,70,持分移轉,00920000
RPPUMLMJLHLFFAH28CB,桃園段武陵小段,10.34,都市：商,10000,69,持分移轉,00920000
RPUUMLMJLHLFFAH78CB,桃園段武陵小段,10.49,都市：商,10000,70,持分移轉,00920000
RPTUMLMJLHLFFAH68CB,桃園段武陵小段,10.49,都市：商,10000,70,持分移轉,00920000
RPRUMLMJLHLFFAH48CB,桃園段武陵小段,10.49,都市：商,10000,70,持分移轉,00920000
RPWUMLMJLHLFFAH98CB,桃園段武陵小段,10.34,都市：商,10000,69,持分移轉,00920000
RPXUMLMJLHLFFAH09CB,桃園段武陵小段,10.34,都市：商,10000,69,持分移轉,00920000
RPOVMLMJLHLFFAH28CB,桃園段武陵小段,10.49,都市：商,10000,70,持分移轉,00920000
RPPVMLMJLHLFFAH38CB,桃園段武陵小段,10.94,都市：商,10000,73,持分移轉,00920000
RPUVMLMJLHLFFAH88CB,桃園段武陵小段,10.64,都市：商,10000,71,持分移轉,00920000
RPRVMLMJLHLFFAH58CB,桃園段武陵小段,10.64,都市：商,10000,71,持分移轉,00920000
RPSVMLMJLHLFFAH68CB,桃園段武陵小段,10.64,都市：商,10000,71,持分移轉,00920000
RPVUMLMJLHLFFAH88CB,桃園段武陵小段,10.34,都市：商,10000,69,持分移轉,00920000
RPTVMLMJLHLFFAH78CB,桃園段武陵小段,10.64,都市：商,10000,71,持分移轉,00920000
RPQVMLMJLHLFFAH48CB,桃園段武陵小段,10.79,都市：商,10000,72,持分移轉,00920000
RPWVMLMJLHLFFAH09CB,桃園段武陵小段,10.64,都市：商,10000,71,持分移轉,00920000
RPXVMLMJLHLFFAH56CB,桃園段武陵小段,10.64,都市：商,10000,71,持分移轉,00920000
RPPWMLMJLHLFFAH48CB,桃園段武陵小段,10.49,都市：商,10000,70,持分移轉,00920000
RPOWMLMJLHLFFAH38CB,桃園段武陵小段,10.64,都市：商,10000,71,持分移轉,00920000
RPONNLMJLHLFFAH57CB,桃園段武陵小段,10.04,都市：商,10000,67,持分移轉,00920000
RPTWMLMJLHLFFAH88CB,桃園段武陵小段,10.19,都市：商,10000,68,持分移轉,00920000
RPWWMLMJLHLFFAH56CB,桃園段武陵小段,10.04,都市：商,10000,67,持分移轉,00920000
RPQWMLMJLHLFFAH58CB,桃園段武陵小段,10.64,都市：商,10000,71,持分移轉,00920000
RPXWMLMJLHLFFAH66CB,桃園段武陵小段,10.04,都市：商,10000,67,持分移轉,00920000
RPQNNLMJLHLFFAH77CB,桃園段武陵小段,10.04,都市：商,10000,67,持分移轉,00920000
RPRWMLMJLHLFFAH68CB,桃園段武陵小段,10.64,都市：商,10000,71,持分移轉,00920000
RPVWMLMJLHLFFAH09CB,桃園段武陵小段,9.89,都市：商,10000,66,持分移轉,00920000
RPPNNLMJLHLFFAH67CB,桃園段武陵小段,9.89,都市：商,10000,66,持分移轉,00920000
RPUWMLMJLHLFFAH98CB,桃園段武陵小段,10.04,都市：商,10000,67,持分移轉,00920000
RPSNNLMJLHLFFAH97CB,桃園段武陵小段,10.04,都市：商,10000,67,持分移轉,00920000
RPTNNLMJLHLFFAH08CB,桃園段武陵小段,9.89,都市：商,10000,66,持分移轉,00920000
RPXNNLMJLHLFFAH48CB,桃園段武陵小段,10.79,都市：商,10000,72,持分移轉,00920000
RPRNNLMJLHLFFAH87CB,桃園段武陵小段,10.04,都市：商,10000,67,持分移轉,00920000
RPUNNLMJLHLFFAH18CB,桃園段武陵小段,10.04,都市：商,10000,67,持分移轉,00920000
RPRONLMJLHLFFAH97CB,桃園段武陵小段,10.64,都市：商,10000,71,持分移轉,00920000
RPVNNLMJLHLFFAH28CB,桃園段武陵小段,9.89,都市：商,10000,66,持分移轉,00920000
RPTONLMJLHLFFAH18CB,桃園段武陵小段,10.49,都市：商,10000,70,持分移轉,00920000
RPUONLMJLHLFFAH28CB,桃園段武陵小段,10.64,都市：商,10000,71,持分移轉,00920000
RPQONLMJLHLFFAH87CB,桃園段武陵小段,10.64,都市：商,10000,71,持分移轉,00920000
RPOONLMJLHLFFAH67CB,桃園段武陵小段,10.64,都市：商,10000,71,持分移轉,00920000
RPSONLMJLHLFFAH08CB,桃園段武陵小段,10.64,都市：商,10000,71,持分移轉,00920000
RPXONLMJLHLFFAH58CB,桃園段武陵小段,10.64,都市：商,10000,71,持分移轉,00920000
RPOPNLMJLHLFFAH77CB,桃園段武陵小段,10.49,都市：商,10000,70,持分移轉,00920000
RPPONLMJLHLFFAH77CB,桃園段武陵小段,10.64,都市：商,10000,71,持分移轉,00920000
RPWONLMJLHLFFAH48CB,桃園段武陵小段,10.64,都市：商,10000,71,持分移轉,00920000
RPPPNLMJLHLFFAH87CB,桃園段武陵小段,10.64,都市：商,10000,71,持分移轉,00920000
RPUNMLPKLHLFFBH58CB,永興段,20.16,都市：商,10000,77,持分移轉,00930000
RPWNMLPKLHLFFBH78CB,永興段,20.16,都市：商,10000,77,持分移轉,00930000
RPVNMLPKLHLFFBH68CB,永興段,20.16,都市：商,10000,77,持分移轉,00930000
RPXNMLPKLHLFFBH88CB,永興段,20.16,都市：商,10000,77,持分移轉,00930000
RPQPNLMJLHLFFAH97CB,桃園段武陵小段,10.64,都市：商,10000,71,持分移轉,00920000
RPOOMLPKLHLFFBH08CB,永興段,20.16,都市：商,10000,77,持分移轉,00930000
RPPOMLPKLHLFFBH18CB,永興段,20.16,都市：商,10000,77,持分移轉,00930000
RPQOMLPKLHLFFBH28CB,永興段,20.16,都市：商,10000,77,持分移轉,00930000
RPTOMLPKLHLFFBH58CB,永興段,20.16,都市：商,10000,77,持分移轉,00930000
RPSOMLPKLHLFFBH48CB,永興段,20.42,都市：商,10000,78,持分移轉,00930000
RPROMLPKLHLFFBH38CB,永興段,20.16,都市：商,10000,77,持分移轉,00930000
RPPPMLPKLHLFFBH28CB,永興段,12.83,都市：商,10000,49,持分移轉,00930000
RPQPMLPKLHLFFBH38CB,永興段,12.57,都市：商,10000,48,持分移轉,00930000
RPVOMLPKLHLFFBH78CB,永興段,18.85,都市：商,10000,72,持分移轉,00930000
RPUOMLPKLHLFFBH68CB,永興段,20.16,都市：商,10000,77,持分移轉,00930000
RPOPMLPKLHLFFBH18CB,永興段,12.04,都市：商,10000,46,持分移轉,00930000
RPWOMLPKLHLFFBH88CB,永興段,18.85,都市：商,10000,72,持分移轉,00930000
RPXOMLPKLHLFFBH98CB,永興段,18.85,都市：商,10000,72,持分移轉,00930000
RPSPMLPKLHLFFBH58CB,永興段,12.83,都市：商,10000,49,持分移轉,00930000
RPWPMLPKLHLFFBH98CB,永興段,12.57,都市：商,10000,48,持分移轉,00930000
RPRPMLPKLHLFFBH48CB,永興段,12.57,都市：商,10000,48,持分移轉,00930000
RPTPMLPKLHLFFBH68CB,永興段,11.00,都市：商,10000,42,持分移轉,00930000
RPUPMLPKLHLFFBH78CB,永興段,11.26,都市：商,10000,43,持分移轉,00930000
RPVPMLPKLHLFFBH88CB,永興段,11.26,都市：商,10000,43,持分移轉,00930000
RPXPMLPKLHLFFBH09CB,永興段,12.04,都市：商,10000,46,持分移轉,00930000
RPOQMLPKLHLFFBH28CB,永興段,18.33,都市：商,10000,70,持分移轉,00930000
RPPQMLPKLHLFFBH38CB,永興段,18.33,都市：商,10000,70,持分移轉,00930000
RPQQMLPKLHLFFBH48CB,永興段,18.59,都市：商,10000,71,持分移轉,00930000
RPRQMLPKLHLFFBH58CB,永興段,18.85,都市：商,10000,72,持分移轉,00930000
RPSQMLPKLHLFFBH68CB,永興段,6.81,都市：商,10000,26,持分移轉,00930000
RPWQMLPKLHLFFBH09CB,永興段,8.38,都市：商,10000,32,持分移轉,00930000
RPTQMLPKLHLFFBH78CB,永興段,7.07,都市：商,10000,27,持分移轉,00930000
RPUQMLPKLHLFFBH88CB,永興段,6.02,都市：商,10000,23,持分移轉,00930000
RPVQMLPKLHLFFBH98CB,永興段,8.38,都市：商,10000,32,持分移轉,00930000
RPXQMLPKLHLFFBH56CB,永興段,8.12,都市：商,10000,31,持分移轉,00930000
RPUOMLPKMHLFFGH66CB,平鎮段,16.44,都市：商,100000,389,持分移轉,09410000
RPWOMLPKMHLFFGH86CB,平鎮段,15.81,都市：商,100000,374,持分移轉,09410000
RPPPMLPKMHLFFGH88CB,平鎮段,9.85,都市：商,100000,233,持分移轉,09410000
RPRPMLPKMHLFFGH09CB,平鎮段,10.57,都市：商,100000,250,持分移轉,09410000
RPVPMLPKMHLFFGH86CB,平鎮段,14.84,都市：商,100000,351,持分移轉,09410000
RPSPMLPKMHLFFGH56CB,平鎮段,9.76,都市：商,100000,231,持分移轉,09410000
RPVOMLPKMHLFFGH76CB,平鎮段,15.81,都市：商,100000,374,持分移轉,09410000
RPOPMLPKMHLFFGH78CB,平鎮段,9.76,都市：商,100000,231,持分移轉,09410000
RPTPMLPKMHLFFGH66CB,平鎮段,11.33,都市：商,100000,268,持分移轉,09410000
RPQPMLPKMHLFFGH98CB,平鎮段,9.47,都市：商,100000,224,持分移轉,09410000
RPXOMLPKMHLFFGH96CB,平鎮段,15.77,都市：商,100000,373,持分移轉,09410000
RPXPMLPKMHLFFGH07CB,平鎮段,15.34,都市：商,100000,363,持分移轉,09410000
RPWPMLPKMHLFFGH96CB,平鎮段,8.75,都市：商,100000,207,持分移轉,09410000
RPQQMLPKMHLFFGH09CB,平鎮段,14.84,都市：商,100000,351,持分移轉,09410000
RPPQMLPKMHLFFGH98CB,平鎮段,9.64,都市：商,100000,228,持分移轉,09410000
RPUQMLPKMHLFFGH86CB,平鎮段,10.23,都市：商,100000,242,持分移轉,09410000
RPRQMLPKMHLFFGH56CB,平鎮段,9.05,都市：商,100000,214,持分移轉,09410000
RPSQMLPKMHLFFGH66CB,平鎮段,9.13,都市：商,100000,216,持分移轉,09410000
RPOQMLPKMHLFFGH88CB,平鎮段,8.96,都市：商,100000,212,持分移轉,09410000
RPTQMLPKMHLFFGH76CB,平鎮段,10.23,都市：商,100000,242,持分移轉,09410000
RPVQMLPKMHLFFGH96CB,平鎮段,12.38,都市：商,100000,293,持分移轉,09410000
RPWQMLPKMHLFFGH07CB,平鎮段,12.38,都市：商,100000,293,持分移轉,09410000
RPXQMLPKMHLFFGH17CB,平鎮段,12.22,都市：商,100000,289,持分移轉,09410000
RPPRMLPKMHLFFGH09CB,平鎮段,9.05,都市：商,100000,214,持分移轉,09410000
RPORMLPKMHLFFGH98CB,平鎮段,8.75,都市：商,100000,207,持分移轉,09410000
RPURMLPKMHLFFGH96CB,平鎮段,14.84,都市：商,100000,351,持分移轉,09410000
RPSRMLPKMHLFFGH76CB,平鎮段,10.86,都市：商,100000,257,持分移轉,09410000
RPQRMLPKMHLFFGH56CB,平鎮段,8.75,都市：商,100000,207,持分移轉,09410000
RPTRMLPKMHLFFGH86CB,平鎮段,11.96,都市：商,100000,283,持分移轉,09410000
RPRRMLPKMHLFFGH66CB,平鎮段,13.48,都市：商,100000,319,持分移轉,09410000
RPVRMLPKMHLFFGH07CB,平鎮段,12.38,都市：商,100000,293,持分移轉,09410000
RPWRMLPKMHLFFGH17CB,平鎮段,8.67,都市：商,100000,205,持分移轉,09410000
RPOSMLPKMHLFFGH09CB,平鎮段,13.10,都市：商,100000,310,持分移轉,09410000
RPPSMLPKMHLFFGH56CB,平鎮段,14.84,都市：商,100000,351,持分移轉,09410000
RPXRMLPKMHLFFGH27CB,平鎮段,10.23,都市：商,100000,242,持分移轉,09410000
RPTSMLPKMHLFFGH96CB,平鎮段,12.38,都市：商,100000,293,持分移轉,09410000
RPSSMLPKMHLFFGH86CB,平鎮段,8.75,都市：商,100000,207,持分移轉,09410000
RPQSMLPKMHLFFGH66CB,平鎮段,11.58,都市：商,100000,274,持分移轉,09410000
RPRSMLPKMHLFFGH76CB,平鎮段,8.75,都市：商,100000,207,持分移轉,09410000
RPVSMLPKMHLFFGH17CB,平鎮段,9.05,都市：商,100000,214,持分移轉,09410000
RPUSMLPKMHLFFGH07CB,平鎮段,15.56,都市：商,100000,368,持分移轉,09410000
RPXSMLPKMHLFFGH37CB,平鎮段,15.47,都市：商,100000,366,持分移轉,09410000
RPQTMLPKMHLFFGH76CB,平鎮段,13.48,都市：商,100000,319,持分移轉,09410000
RPOTMLPKMHLFFGH56CB,平鎮段,8.75,都市：商,100000,207,持分移轉,09410000
RPPTMLPKMHLFFGH66CB,平鎮段,12.38,都市：商,100000,293,持分移轉,09410000
RPRTMLPKMHLFFGH86CB,平鎮段,10.86,都市：商,100000,257,持分移轉,09410000
RPSTMLPKMHLFFGH96CB,平鎮段,15.22,都市：商,100000,360,持分移轉,09410000
RPTTMLPKMHLFFGH07CB,平鎮段,8.75,都市：商,100000,207,持分移轉,09410000
RPUTMLPKMHLFFGH17CB,平鎮段,15.47,都市：商,100000,366,持分移轉,09410000
RPWTMLPKMHLFFGH37CB,平鎮段,8.75,都市：商,100000,207,持分移轉,09410000
RPVTMLPKMHLFFGH27CB,平鎮段,12.00,都市：商,100000,284,持分移轉,09410000
RPXTMLPKMHLFFGH47CB,平鎮段,9.13,都市：商,100000,216,持分移轉,09410000
RPOUMLPKMHLFFGH66CB,平鎮段,15.22,都市：商,100000,360,持分移轉,09410000
RPRUMLPKMHLFFGH96CB,平鎮段,12.09,都市：商,100000,286,持分移轉,09410000
RPOVMLPKMHLFFGH76CB,平鎮段,12.09,都市：商,100000,286,持分移轉,09410000
RPQUMLPKMHLFFGH86CB,平鎮段,10.86,都市：商,100000,257,持分移轉,09410000
RPWUMLPKMHLFFGH47CB,平鎮段,8.75,都市：商,100000,207,持分移轉,09410000
RPVUMLPKMHLFFGH37CB,平鎮段,12.30,都市：商,100000,291,持分移轉,09410000
RPXUMLPKMHLFFGH57CB,平鎮段,8.75,都市：商,100000,207,持分移轉,09410000
RPPUMLPKMHLFFGH76CB,平鎮段,14.84,都市：商,100000,351,持分移轉,09410000
RPUUMLPKMHLFFGH27CB,平鎮段,14.63,都市：商,100000,346,持分移轉,09410000
RPSUMLPKMHLFFGH07CB,平鎮段,14.75,都市：商,100000,349,持分移轉,09410000
RPTUMLPKMHLFFGH17CB,平鎮段,9.13,都市：商,100000,216,持分移轉,09410000
RPQVMLPKMHLFFGH96CB,平鎮段,10.23,都市：商,100000,242,持分移轉,09410000
RPPVMLPKMHLFFGH86CB,平鎮段,12.38,都市：商,100000,293,持分移轉,09410000
RPSVMLPKMHLFFGH17CB,平鎮段,12.09,都市：商,100000,286,持分移轉,09410000
RPRVMLPKMHLFFGH07CB,平鎮段,15.47,都市：商,100000,366,持分移轉,09410000
RPUVMLPKMHLFFGH37CB,平鎮段,14.84,都市：商,100000,351,持分移轉,09410000
RPTVMLPKMHLFFGH27CB,平鎮段,10.23,都市：商,100000,242,持分移轉,09410000
RPVVMLPKMHLFFGH47CB,平鎮段,12.38,都市：商,100000,293,持分移轉,09410000
RPWVMLPKMHLFFGH57CB,平鎮段,13.48,都市：商,100000,319,持分移轉,09410000
RPXVMLPKMHLFFGH67CB,平鎮段,8.75,都市：商,100000,207,持分移轉,09410000
RPPWMLPKMHLFFGH96CB,平鎮段,9.13,都市：商,100000,216,持分移轉,09410000
RPQWMLPKMHLFFGH07CB,平鎮段,10.23,都市：商,100000,242,持分移轉,09410000
RPSWMLPKMHLFFGH27CB,平鎮段,15.22,都市：商,100000,360,持分移轉,09410000
RPRWMLPKMHLFFGH17CB,平鎮段,10.86,都市：商,100000,257,持分移轉,09410000
RPWWMLPKMHLFFGH67CB,平鎮段,12.38,都市：商,100000,293,持分移轉,09410000
RPTWMLPKMHLFFGH37CB,平鎮段,12.30,都市：商,100000,291,持分移轉,09410000
RPONNLPKMHLFFGH68CB,平鎮段,9.13,都市：商,100000,216,持分移轉,09410000
RPVWMLPKMHLFFGH57CB,平鎮段,8.67,都市：商,100000,205,持分移轉,09410000
RPXWMLPKMHLFFGH77CB,平鎮段,10.23,都市：商,100000,242,持分移轉,09410000
RPPNNLPKMHLFFGH78CB,平鎮段,14.84,都市：商,100000,351,持分移轉,09410000
RPQNNLPKMHLFFGH88CB,平鎮段,12.00,都市：商,100000,284,持分移轉,09410000
RPSNNLPKMHLFFGH09CB,平鎮段,8.75,都市：商,100000,207,持分移轉,09410000
RPRNNLPKMHLFFGH98CB,平鎮段,8.75,都市：商,100000,207,持分移轉,09410000
RPUNNLPKMHLFFGH66CB,平鎮段,13.48,都市：商,100000,319,持分移轉,09410000
RPTNNLPKMHLFFGH56CB,平鎮段,18.26,都市：商,100000,432,持分移轉,09410000
RPWNNLPKMHLFFGH86CB,平鎮段,14.84,都市：商,100000,351,持分移轉,09410000
RPVNNLPKMHLFFGH76CB,平鎮段,13.48,都市：商,100000,319,持分移轉,09410000
RPPONLPKMHLFFGH88CB,平鎮段,15.47,都市：商,100000,366,持分移轉,09410000
RPXNNLPKMHLFFGH96CB,平鎮段,14.84,都市：商,100000,351,持分移轉,09410000
RPOONLPKMHLFFGH78CB,平鎮段,12.30,都市：商,100000,291,持分移轉,09410000
RPQONLPKMHLFFGH98CB,平鎮段,12.38,都市：商,100000,293,持分移轉,09410000
RPSONLPKMHLFFGH56CB,平鎮段,14.12,都市：商,100000,334,持分移轉,09410000
RPVONLPKMHLFFGH86CB,平鎮段,13.48,都市：商,100000,319,持分移轉,09410000
RPTONLPKMHLFFGH66CB,平鎮段,12.17,都市：商,100000,288,持分移轉,09410000
RPUONLPKMHLFFGH76CB,平鎮段,12.09,都市：商,100000,286,持分移轉,09410000
RPRONLPKMHLFFGH09CB,平鎮段,13.27,都市：商,100000,314,持分移轉,09410000
RPTPNLPKMHLFFGH76CB,平鎮段,10.86,都市：商,100000,257,持分移轉,09410000
RPVPNLPKMHLFFGH96CB,平鎮段,8.75,都市：商,100000,207,持分移轉,09410000
RPWONLPKMHLFFGH96CB,平鎮段,8.75,都市：商,100000,207,持分移轉,09410000
RPPPNLPKMHLFFGH98CB,平鎮段,15.47,都市：商,100000,366,持分移轉,09410000
RPRPNLPKMHLFFGH56CB,平鎮段,9.05,都市：商,100000,214,持分移轉,09410000
RPOPNLPKMHLFFGH88CB,平鎮段,9.13,都市：商,100000,216,持分移轉,09410000
RPXONLPKMHLFFGH07CB,平鎮段,12.09,都市：商,100000,286,持分移轉,09410000
RPUPNLPKMHLFFGH86CB,平鎮段,12.00,都市：商,100000,284,持分移轉,09410000
RPSPNLPKMHLFFGH66CB,平鎮段,15.22,都市：商,100000,360,持分移轉,09410000
RPQPNLPKMHLFFGH09CB,平鎮段,12.00,都市：商,100000,284,持分移轉,09410000
RPWPNLPKMHLFFGH07CB,平鎮段,15.47,都市：商,100000,366,持分移轉,09410000
RPXPNLPKMHLFFGH17CB,平鎮段,9.05,都市：商,100000,214,持分移轉,09410000
RPPQNLPKMHLFFGH09CB,平鎮段,12.38,都市：商,100000,293,持分移轉,09410000
RPTQNLPKMHLFFGH86CB,平鎮段,8.75,都市：商,100000,207,持分移轉,09410000
RPOQNLPKMHLFFGH98CB,平鎮段,13.27,都市：商,100000,314,持分移轉,09410000
RPSQNLPKMHLFFGH76CB,平鎮段,14.84,都市：商,100000,351,持分移轉,09410000
RPUQNLPKMHLFFGH96CB,平鎮段,8.75,都市：商,100000,207,持分移轉,09410000
RPVQNLPKMHLFFGH07CB,平鎮段,9.13,都市：商,100000,216,持分移轉,09410000
RPQQNLPKMHLFFGH56CB,平鎮段,9.13,都市：商,100000,216,持分移轉,09410000
RPRQNLPKMHLFFGH66CB,平鎮段,15.47,都市：商,100000,366,持分移轉,09410000
RPSRNLPKMHLFFGH86CB,平鎮段,12.22,都市：商,100000,289,持分移轉,09410000
RPQRNLPKMHLFFGH66CB,平鎮段,9.05,都市：商,100000,214,持分移轉,09410000
RPRRNLPKMHLFFGH76CB,平鎮段,10.23,都市：商,100000,242,持分移轉,09410000
RPWQNLPKMHLFFGH17CB,平鎮段,10.23,都市：商,100000,242,持分移轉,09410000
RPXQNLPKMHLFFGH27CB,平鎮段,12.00,都市：商,100000,284,持分移轉,09410000
RPTRNLPKMHLFFGH96CB,平鎮段,14.84,都市：商,100000,351,持分移轉,09410000
RPURNLPKMHLFFGH07CB,平鎮段,8.67,都市：商,100000,205,持分移轉,09410000
RPVRNLPKMHLFFGH17CB,平鎮段,8.96,都市：商,100000,212,持分移轉,09410000
RPORNLPKMHLFFGH09CB,平鎮段,15.47,都市：商,100000,366,持分移轉,09410000
RPPRNLPKMHLFFGH56CB,平鎮段,8.75,都市：商,100000,207,持分移轉,09410000
RPVOMLTLMHLFFGH27CB,平鎮段,9.75,都市：商,1000000,2340,持分移轉,09610000
RPQOMLTLMHLFFGH76CB,平鎮段,16.34,都市：商,1000000,3923,持分移轉,09610000
RPPOMLTLMHLFFGH66CB,平鎮段,9.66,都市：商,1000000,2320,持分移轉,09610000
RPWOMLTLMHLFFGH37CB,平鎮段,9.75,都市：商,1000000,2340,持分移轉,09610000
RPUOMLTLMHLFFGH17CB,平鎮段,9.66,都市：商,1000000,2320,持分移轉,09610000
RPWRNLPKMHLFFGH27CB,平鎮段,9.68,都市：商,100000,229,持分移轉,09410000
RPROMLTLMHLFFGH86CB,平鎮段,13.03,都市：商,1000000,3128,持分移轉,09610000
RPXRNLPKMHLFFGH37CB,平鎮段,10.91,都市：商,100000,258,持分移轉,09410000
RPTOMLTLMHLFFGH07CB,平鎮段,16.34,都市：商,1000000,3923,持分移轉,09610000
RPSOMLTLMHLFFGH96CB,平鎮段,9.75,都市：商,1000000,2340,持分移轉,09610000
RPQPMLTLMHLFFGH86CB,平鎮段,12.98,都市：商,1000000,3116,持分移轉,09610000
RPPPMLTLMHLFFGH76CB,平鎮段,14.95,都市：商,1000000,3590,持分移轉,09610000
RPXOMLTLMHLFFGH47CB,平鎮段,9.70,都市：商,1000000,2328,持分移轉,09610000
RPUPMLTLMHLFFGH27CB,平鎮段,16.08,都市：商,1000000,3860,持分移轉,09610000
RPRPMLTLMHLFFGH96CB,平鎮段,15.77,都市：商,1000000,3786,持分移轉,09610000
RPSPMLTLMHLFFGH07CB,平鎮段,15.77,都市：商,1000000,3786,持分移轉,09610000
RPWPMLTLMHLFFGH47CB,平鎮段,13.03,都市：商,1000000,3128,持分移轉,09610000
RPTPMLTLMHLFFGH17CB,平鎮段,12.94,都市：商,1000000,3107,持分移轉,09610000
RPOQMLTLMHLFFGH76CB,平鎮段,9.66,都市：商,1000000,2319,持分移轉,09610000
RPVPMLTLMHLFFGH37CB,平鎮段,13.03,都市：商,1000000,3128,持分移轉,09610000
RPXPMLTLMHLFFGH57CB,平鎮段,16.34,都市：商,1000000,3923,持分移轉,09610000
RPPQMLTLMHLFFGH86CB,平鎮段,9.75,都市：商,1000000,2340,持分移轉,09610000
RPTQMLTLMHLFFGH27CB,平鎮段,13.03,都市：商,1000000,3128,持分移轉,09610000
RPQQMLTLMHLFFGH96CB,平鎮段,13.03,都市：商,1000000,3128,持分移轉,09610000
RPRQMLTLMHLFFGH07CB,平鎮段,9.76,都市：商,1000000,2343,持分移轉,09610000
RPSQMLTLMHLFFGH17CB,平鎮段,16.44,都市：商,1000000,3948,持分移轉,09610000
RPWQMLTLMHLFFGH57CB,平鎮段,13.04,都市：商,1000000,3131,持分移轉,09610000
RPVQMLTLMHLFFGH47CB,平鎮段,16.44,都市：商,1000000,3948,持分移轉,09610000
RPPRMLTLMHLFFGH96CB,平鎮段,9.85,都市：商,1000000,2366,持分移轉,09610000
RPQRMLTLMHLFFGH07CB,平鎮段,13.69,都市：商,1000000,3286,持分移轉,09610000
RPXQMLTLMHLFFGH67CB,平鎮段,13.03,都市：商,1000000,3128,持分移轉,09610000
RPUQMLTLMHLFFGH37CB,平鎮段,9.75,都市：商,1000000,2340,持分移轉,09610000
RPORMLTLMHLFFGH86CB,平鎮段,12.77,都市：商,1000000,3065,持分移轉,09610000
RPOSMLTLMHLFFGH96CB,平鎮段,13.03,都市：商,1000000,3128,持分移轉,09610000
RPWRMLTLMHLFFGH67CB,平鎮段,16.44,都市：商,1000000,3948,持分移轉,09610000
RPQSMLTLMHLFFGH17CB,平鎮段,13.04,都市：商,1000000,3131,持分移轉,09610000
RPSRMLTLMHLFFGH27CB,平鎮段,9.85,都市：商,1000000,2366,持分移轉,09610000
RPXRMLTLMHLFFGH77CB,平鎮段,9.75,都市：商,1000000,2340,持分移轉,09610000
RPVRMLTLMHLFFGH57CB,平鎮段,9.76,都市：商,1000000,2343,持分移轉,09610000
RPPSMLTLMHLFFGH07CB,平鎮段,16.44,都市：商,1000000,3948,持分移轉,09610000
RPTRMLTLMHLFFGH37CB,平鎮段,15.77,都市：商,1000000,3786,持分移轉,09610000
RPURMLTLMHLFFGH47CB,平鎮段,12.49,都市：商,1000000,2998,持分移轉,09610000
RPRRMLTLMHLFFGH17CB,平鎮段,10.40,都市：商,1000000,2498,持分移轉,09610000
RPRSMLTLMHLFFGH27CB,平鎮段,9.75,都市：商,1000000,2340,持分移轉,09610000
RPSSMLTLMHLFFGH37CB,平鎮段,9.75,都市：商,1000000,2340,持分移轉,09610000
RPUSMLTLMHLFFGH57CB,平鎮段,16.44,都市：商,1000000,3948,持分移轉,09610000
RPTSMLTLMHLFFGH47CB,平鎮段,9.76,都市：商,1000000,2343,持分移轉,09610000
RPWSMLTLMHLFFGH77CB,平鎮段,13.03,都市：商,1000000,3128,持分移轉,09610000
RPXSMLTLMHLFFGH87CB,平鎮段,16.44,都市：商,1000000,3948,持分移轉,09610000
RPOTMLTLMHLFFGH07CB,平鎮段,13.04,都市：商,1000000,3131,持分移轉,09610000
RPPTMLTLMHLFFGH17CB,平鎮段,13.03,都市：商,1000000,3128,持分移轉,09610000
RPVSMLTLMHLFFGH67CB,平鎮段,9.75,都市：商,1000000,2340,持分移轉,09610000
RPQTMLTLMHLFFGH27CB,平鎮段,13.03,都市：商,1000000,3128,持分移轉,09610000
RPRTMLTLMHLFFGH37CB,平鎮段,9.85,都市：商,1000000,2366,持分移轉,09610000
RPXTMLTLMHLFFGH97CB,平鎮段,9.76,都市：商,1000000,2343,持分移轉,09610000
RPWTMLTLMHLFFGH87CB,平鎮段,12.49,都市：商,1000000,2998,持分移轉,09610000
RPVTMLTLMHLFFGH77CB,平鎮段,15.77,都市：商,1000000,3786,持分移轉,09610000
RPOUMLTLMHLFFGH17CB,平鎮段,16.18,都市：商,1000000,3885,持分移轉,09610000
RPPUMLTLMHLFFGH27CB,平鎮段,9.75,都市：商,1000000,2340,持分移轉,09610000
RPQUMLTLMHLFFGH37CB,平鎮段,9.75,都市：商,1000000,2340,持分移轉,09610000
RPTTMLTLMHLFFGH57CB,平鎮段,11.02,都市：商,1000000,2646,持分移轉,09610000
RPUTMLTLMHLFFGH67CB,平鎮段,11.02,都市：商,1000000,2646,持分移轉,09610000
RPUUMLTLMHLFFGH77CB,平鎮段,9.75,都市：商,1000000,2340,持分移轉,09610000
RPTUMLTLMHLFFGH67CB,平鎮段,9.75,都市：商,1000000,2340,持分移轉,09610000
RPSUMLTLMHLFFGH57CB,平鎮段,9.76,都市：商,1000000,2343,持分移轉,09610000
RPPNMLKMMHLFFGH38CB,平鎮段,9.76,都市：商,1000000,2343,持分移轉,09610000
RPOVMLTLMHLFFGH27CB,平鎮段,12.77,都市：商,1000000,3065,持分移轉,09610000
RPXUMLTLMHLFFGH08CB,平鎮段,13.03,都市：商,1000000,3128,持分移轉,09610000
RPWUMLTLMHLFFGH97CB,平鎮段,16.44,都市：商,1000000,3948,持分移轉,09610000
RPRUMLTLMHLFFGH47CB,平鎮段,16.44,都市：商,1000000,3948,持分移轉,09610000
RPSVMLTLMHLFFGH67CB,平鎮段,13.16,都市：商,1000000,3160,持分移轉,09610000
RPVUMLTLMHLFFGH87CB,平鎮段,9.75,都市：商,1000000,2340,持分移轉,09610000
RPTNMLKMMHLFFGH78CB,平鎮段,14.30,都市：商,1000000,3434,持分移轉,09610000
RPWNMLKMMHLFFGH09CB,平鎮段,15.77,都市：商,1000000,3786,持分移轉,09610000
RPSNMLKMMHLFFGH68CB,平鎮段,13.14,都市：商,1000000,3154,持分移轉,09610000
RPPOMLKMMHLFFGH48CB,平鎮段,13.03,都市：商,1000000,3128,持分移轉,09610000
RPVNMLKMMHLFFGH98CB,平鎮段,9.85,都市：商,1000000,2366,持分移轉,09610000
RPUNMLKMMHLFFGH88CB,平鎮段,14.30,都市：商,1000000,3434,持分移轉,09610000
RPXNMLKMMHLFFGH56CB,平鎮段,15.77,都市：商,1000000,3786,持分移轉,09610000
RPOOMLKMMHLFFGH38CB,平鎮段,13.04,都市：商,1000000,3131,持分移轉,09610000
RPRNMLKMMHLFFGH58CB,平鎮段,9.75,都市：商,1000000,2340,持分移轉,09610000
RPQNMLKMMHLFFGH48CB,平鎮段,9.75,都市：商,1000000,2340,持分移轉,09610000
RPQOMLKMMHLFFGH58CB,平鎮段,16.44,都市：商,1000000,3948,持分移轉,09610000
RPVOMLKMMHLFFGH09CB,平鎮段,9.75,都市：商,1000000,2340,持分移轉,09610000
RPXOMLKMMHLFFGH66CB,平鎮段,9.76,都市：商,1000000,2343,持分移轉,09610000
RPOPMLKMMHLFFGH48CB,平鎮段,16.44,都市：商,1000000,3948,持分移轉,09610000
RPPPMLKMMHLFFGH58CB,平鎮段,13.03,都市：商,1000000,3128,持分移轉,09610000
RPROMLKMMHLFFGH68CB,平鎮段,13.03,都市：商,1000000,3128,持分移轉,09610000
RPWOMLKMMHLFFGH56CB,平鎮段,12.77,都市：商,1000000,3065,持分移轉,09610000
RPSOMLKMMHLFFGH78CB,平鎮段,13.03,都市：商,1000000,3128,持分移轉,09610000
RPTOMLKMMHLFFGH88CB,平鎮段,16.18,都市：商,1000000,3885,持分移轉,09610000
RPQPMLKMMHLFFGH68CB,平鎮段,9.75,都市：商,1000000,2340,持分移轉,09610000
RPUOMLKMMHLFFGH98CB,平鎮段,13.04,都市：商,1000000,3131,持分移轉,09610000
RPXPMLKMMHLFFGH76CB,平鎮段,14.30,都市：商,1000000,3434,持分移轉,09610000
RPWPMLKMMHLFFGH66CB,平鎮段,14.30,都市：商,1000000,3434,持分移轉,09610000
RPQQMLKMMHLFFGH78CB,平鎮段,15.77,都市：商,1000000,3786,持分移轉,09610000
RPOQMLKMMHLFFGH58CB,平鎮段,9.85,都市：商,1000000,2366,持分移轉,09610000
RPRPMLKMMHLFFGH78CB,平鎮段,16.44,都市：商,1000000,3948,持分移轉,09610000
RPVPMLKMMHLFFGH56CB,平鎮段,13.14,都市：商,1000000,3154,持分移轉,09610000
RPUPMLKMMHLFFGH09CB,平鎮段,12.77,都市：商,1000000,3065,持分移轉,09610000
RPPQMLKMMHLFFGH68CB,平鎮段,15.77,都市：商,1000000,3786,持分移轉,09610000
RPTPMLKMMHLFFGH98CB,平鎮段,9.75,都市：商,1000000,2340,持分移轉,09610000
RPSPMLKMMHLFFGH88CB,平鎮段,12.78,都市：商,1000000,3068,持分移轉,09610000
RPTQMLKMMHLFFGH09CB,平鎮段,13.03,都市：商,1000000,3128,持分移轉,09610000
RPUQMLKMMHLFFGH56CB,平鎮段,13.03,都市：商,1000000,3128,持分移轉,09610000
RPRQMLKMMHLFFGH88CB,平鎮段,9.76,都市：商,1000000,2343,持分移轉,09610000
RPXQMLKMMHLFFGH86CB,平鎮段,9.75,都市：商,1000000,2340,持分移轉,09610000
RPVQMLKMMHLFFGH66CB,平鎮段,16.44,都市：商,1000000,3948,持分移轉,09610000
RPORMLKMMHLFFGH68CB,平鎮段,9.75,都市：商,1000000,2340,持分移轉,09610000
RPSQMLKMMHLFFGH98CB,平鎮段,16.44,都市：商,1000000,3948,持分移轉,09610000
RPPRMLKMMHLFFGH78CB,平鎮段,13.04,都市：商,1000000,3131,持分移轉,09610000
RPQRMLKMMHLFFGH88CB,平鎮段,16.44,都市：商,1000000,3948,持分移轉,09610000
RPRRMLKMMHLFFGH98CB,平鎮段,9.75,都市：商,1000000,2340,持分移轉,09610000
RPWQMLKMMHLFFGH76CB,平鎮段,13.04,都市：商,1000000,3131,持分移轉,09610000
RPXRMLKMMHLFFGH96CB,平鎮段,13.14,都市：商,1000000,3154,持分移轉,09610000
RPOSMLKMMHLFFGH78CB,平鎮段,11.02,都市：商,1000000,2646,持分移轉,09610000
RPWRMLKMMHLFFGH86CB,平鎮段,9.75,都市：商,1000000,2340,持分移轉,09610000
RPPSMLKMMHLFFGH88CB,平鎮段,11.02,都市：商,1000000,2646,持分移轉,09610000
RPQSMLKMMHLFFGH98CB,平鎮段,13.14,都市：商,1000000,3154,持分移轉,09610000
RPRSMLKMMHLFFGH09CB,平鎮段,15.51,都市：商,1000000,3723,持分移轉,09610000
RPTSMLKMMHLFFGH66CB,平鎮段,13.04,都市：商,1000000,3131,持分移轉,09610000
RPSSMLKMMHLFFGH56CB,平鎮段,15.77,都市：商,1000000,3786,持分移轉,09610000
RPOTMLKMMHLFFGH88CB,平鎮段,13.04,都市：商,1000000,3131,持分移轉,09610000
RPUSMLKMMHLFFGH76CB,平鎮段,16.44,都市：商,1000000,3948,持分移轉,09610000
RPWSMLKMMHLFFGH96CB,平鎮段,13.03,都市：商,1000000,3128,持分移轉,09610000
RPQTMLKMMHLFFGH09CB,平鎮段,9.75,都市：商,1000000,2340,持分移轉,09610000
RPPTMLKMMHLFFGH98CB,平鎮段,13.03,都市：商,1000000,3128,持分移轉,09610000
RPSTMLKMMHLFFGH66CB,平鎮段,16.44,都市：商,1000000,3948,持分移轉,09610000
RPRTMLKMMHLFFGH56CB,平鎮段,9.76,都市：商,1000000,2343,持分移轉,09610000
RPTTMLKMMHLFFGH76CB,平鎮段,13.03,都市：商,1000000,3128,持分移轉,09610000
RPVTMLKMMHLFFGH96CB,平鎮段,16.44,都市：商,1000000,3948,持分移轉,09610000
RPUTMLKMMHLFFGH86CB,平鎮段,9.75,都市：商,1000000,2340,持分移轉,09610000
RPOUMLKMMHLFFGH98CB,平鎮段,13.03,都市：商,1000000,3128,持分移轉,09610000
RPXTMLKMMHLFFGH17CB,平鎮段,12.77,都市：商,1000000,3065,持分移轉,09610000
RPWTMLKMMHLFFGH07CB,平鎮段,13.04,都市：商,1000000,3131,持分移轉,09610000
RPSRMLKMMHLFFGH09CB,平鎮段,9.75,都市：商,1000000,2340,持分移轉,09610000
RPTRMLKMMHLFFGH56CB,平鎮段,16.44,都市：商,1000000,3948,持分移轉,09610000
RPURMLKMMHLFFGH66CB,平鎮段,13.04,都市：商,1000000,3131,持分移轉,09610000
RPVRMLKMMHLFFGH76CB,平鎮段,13.03,都市：商,1000000,3128,持分移轉,09610000
RPQUMLKMMHLFFGH56CB,平鎮段,11.02,都市：商,1000000,2646,持分移轉,09610000
RPPUMLKMMHLFFGH09CB,平鎮段,13.14,都市：商,1000000,3154,持分移轉,09610000
RPXSMLKMMHLFFGH07CB,平鎮段,17.10,都市：商,1000000,4106,持分移轉,09610000
RPVUMLKMMHLFFGH07CB,平鎮段,13.04,都市：商,1000000,3131,持分移轉,09610000
RPTUMLKMMHLFFGH86CB,平鎮段,15.77,都市：商,1000000,3786,持分移轉,09610000
RPSUMLKMMHLFFGH76CB,平鎮段,9.85,都市：商,1000000,2366,持分移轉,09610000
RPUUMLKMMHLFFGH96CB,平鎮段,15.77,都市：商,1000000,3786,持分移轉,09610000
RPRUMLKMMHLFFGH66CB,平鎮段,11.02,都市：商,1000000,2646,持分移轉,09610000
RPVVMLKMMHLFFGH17CB,平鎮段,9.75,都市：商,1000000,2340,持分移轉,09610000
RPXUMLKMMHLFFGH27CB,平鎮段,12.77,都市：商,1000000,3065,持分移轉,09610000
RPUVMLKMMHLFFGH07CB,平鎮段,16.44,都市：商,1000000,3948,持分移轉,09610000
RPWUMLKMMHLFFGH17CB,平鎮段,16.44,都市：商,1000000,3948,持分移轉,09610000
RPQVMLKMMHLFFGH66CB,平鎮段,13.04,都市：商,1000000,3131,持分移轉,09610000
RPSVMLKMMHLFFGH86CB,平鎮段,12.77,都市：商,1000000,3065,持分移轉,09610000
RPPVMLKMMHLFFGH56CB,平鎮段,16.44,都市：商,1000000,3948,持分移轉,09610000
RPTVMLKMMHLFFGH96CB,平鎮段,13.04,都市：商,1000000,3131,持分移轉,09610000
RPRVMLKMMHLFFGH76CB,平鎮段,9.75,都市：商,1000000,2340,持分移轉,09610000
RPOVMLKMMHLFFGH09CB,平鎮段,13.03,都市：商,1000000,3128,持分移轉,09610000
RPOWMLKMMHLFFGH56CB,平鎮段,13.04,都市：商,1000000,3131,持分移轉,09610000
RPWVMLKMMHLFFGH27CB,平鎮段,12.77,都市：商,1000000,3065,持分移轉,09610000
RPSWMLKMMHLFFGH96CB,平鎮段,14.30,都市：商,1000000,3434,持分移轉,09610000
RPRWMLKMMHLFFGH86CB,平鎮段,13.14,都市：商,1000000,3154,持分移轉,09610000
RPXVMLKMMHLFFGH37CB,平鎮段,16.44,都市：商,1000000,3948,持分移轉,09610000
RPTWMLKMMHLFFGH07CB,平鎮段,14.30,都市：商,1000000,3434,持分移轉,09610000
RPPWMLKMMHLFFGH66CB,平鎮段,13.03,都市：商,1000000,3128,持分移轉,09610000
RPQWMLKMMHLFFGH76CB,平鎮段,9.75,都市：商,1000000,2340,持分移轉,09610000
RPUWMLKMMHLFFGH17CB,平鎮段,13.14,都市：商,1000000,3154,持分移轉,09610000
RPVWMLKMMHLFFGH27CB,平鎮段,16.43,都市：商,1000000,3944,持分移轉,09610000
RPWWMLKMMHLFFGH37CB,平鎮段,15.77,都市：商,1000000,3786,持分移轉,09610000
RPXWMLKMMHLFFGH47CB,平鎮段,13.04,都市：商,1000000,3131,持分移轉,09610000
RPONNLKMMHLFFGH38CB,平鎮段,16.44,都市：商,1000000,3948,持分移轉,09610000
RPPNNLKMMHLFFGH48CB,平鎮段,9.75,都市：商,1000000,2340,持分移轉,09610000
RPQNNLKMMHLFFGH58CB,平鎮段,9.75,都市：商,1000000,2340,持分移轉,09610000
RPVNNLKMMHLFFGH09CB,平鎮段,13.04,都市：商,1000000,3131,持分移轉,09610000
RPRNNLKMMHLFFGH68CB,平鎮段,13.04,都市：商,1000000,3131,持分移轉,09610000
RPSNNLKMMHLFFGH78CB,平鎮段,16.44,都市：商,1000000,3948,持分移轉,09610000
RPTNNLKMMHLFFGH88CB,平鎮段,13.03,都市：商,1000000,3128,持分移轉,09610000
RPUNNLKMMHLFFGH98CB,平鎮段,12.77,都市：商,1000000,3065,持分移轉,09610000
RPWNNLKMMHLFFGH56CB,平鎮段,16.44,都市：商,1000000,3948,持分移轉,09610000
RPPONLKMMHLFFGH58CB,平鎮段,16.44,都市：商,1000000,3948,持分移轉,09610000
RPSONLKMMHLFFGH88CB,平鎮段,13.03,都市：商,1000000,3128,持分移轉,09610000
RPXNNLKMMHLFFGH66CB,平鎮段,13.03,都市：商,1000000,3128,持分移轉,09610000
RPTONLKMMHLFFGH98CB,平鎮段,13.14,都市：商,1000000,3154,持分移轉,09610000
RPUONLKMMHLFFGH09CB,平鎮段,14.30,都市：商,1000000,3434,持分移轉,09610000
RPVONLKMMHLFFGH56CB,平鎮段,14.30,都市：商,1000000,3434,持分移轉,09610000
RPQONLKMMHLFFGH68CB,平鎮段,12.78,都市：商,1000000,3068,持分移轉,09610000
RPOONLKMMHLFFGH48CB,平鎮段,9.75,都市：商,1000000,2340,持分移轉,09610000
RPRONLKMMHLFFGH78CB,平鎮段,13.03,都市：商,1000000,3128,持分移轉,09610000
RPWONLKMMHLFFGH66CB,平鎮段,13.14,都市：商,1000000,3154,持分移轉,09610000
RPXONLKMMHLFFGH76CB,平鎮段,15.77,都市：商,1000000,3786,持分移轉,09610000
RPOPNLKMMHLFFGH58CB,平鎮段,15.77,都市：商,1000000,3786,持分移轉,09610000
