﻿編號,土地位置,土地移轉面積(平方公尺),使用分區或編定,權利人持分分母,權利人持分分子,移轉情形,地號
The serial number, land position,land shifting area square meter,the use zoning or compiles and checks,,,,land parcel
RPXOMLLJKHLFFBH48CC,忠福段,.00,都市：住,,,,21020000
RPUPMLLJKHLFFBH28CC,新街段,.00,都市：住,,,,08620000
RPQOMLMJKHLFFBH97DC,遠東段,33.33,都市：住,,,,03570017
RPWRMLLJKHLFFGH56CC,平東段,32.03,都市：住,,,,04550000
RPOPMLLJKHLFFAH57CC,大樹林段,.00,都市：住,,,,05320000
RPUOMLLJKHLFFBH18CC,忠福段,.00,都市：住,,,,33260000
RPSPMLLJKHLFFBH08CC,成功段,.00,都市：住,,,,02010000
RPPNMLMJKHLFFDH08EC,永福段,90.84,都市：住,,,,15720041
RPSOMLNJKHLFFFH68DC,同福段,21.32,都市：住,,,,06540000
RPRNMLNJKHLFFEH28CC,六福段,521.02,都市：工,,,,06710000
RPUQMLNJKHLFFBH58CC,新街段,.00,都市：住,,,,08620000
RPUNMLMJKHLFFGH78DC,金星段,88.40,都市：商,,,,08920004
RPVPMLNJKHLFFBH68DC,仁美段,57.00,都市：農,,,,04850000
RPVNMLOJKHLFFFH98DC,明智段,16.99,都市：住,,,,00040000
RPPOMLPKKHLFFGH68CC,新勢段,52.09,都市：住,,,,13310000
RPPOMLPKKHLFFGH68CC,新勢段,10.89,都市：住,,,,13320000
RPUNMLPKKHLFFFH98CC,建國段,78.16,非都市：特定農業區 ; 非都市編定：甲種建築用地,,,,14230000
RPSSMLRKKHLFFEH76CC,長興段,389.98,都市：工,,,,05800000
RPSNMLRKKHLFFGH09CC,廣南段,21.40,都市：住,,,,14180000
RPUNMLRKKHLFFGH76DC,廣北段,44.71,都市：住,,,,05640000
RPTPMLLJKHLFFAH08CC,同安段,.00,都市：住,,,,11310000
RPVNMLOJKHLFFAH38CC,大有段,34.30,都市：住,,,,04470000
RPUNMLPJKHLFFAH38CC,雲林段,159.99,都市：住,,,,00090000
RPUNMLPJKHLFFAH38CC,雲林段,160.23,都市：住,,,,00100000
RPROMLSKKHLFFAH58CC,埔子段埔子小段,114.00,都市：其他:,,,,20340009
RPPQMLOJKHLFFAH18DC,和平段,2500.00,都市：住,,,,04340000
RPRQMLOJKHLFFAH38DC,富國段,2506.00,都市：住,,,,00860000
RPUQMLMJKHLFFAH48DC,中德段,20.79,都市：住,,,,10310000
RPVOMLMLKHLFFAH48CC,中平段,43.07,都市：住,,,,08920000
RPPQMLMLKHLFFAH18DC,興華段,51.22,都市：住,,,,03450000
RPXPMLMLKHLFFBH98DC,後興段,11.80,都市：住,,,,04880000
RPPOMLMLKHLFFAH08EC,同德段,31.89,都市：商,,,,00100000
RPSNMLNLKHLFFGH88DC,忠貞段,11.41,都市：商,,,,00480028
RPWNMLNLKHLFFCH88DC,仁善段,84.74,都市：商,,,,06950000
RPUNMLNLKHLFFFH98DC,新興段,81.32,非都市：特定農業區 ; 非都市編定：甲種建築用地,,,,07980000
RPTPMLMLKHLFFBH48CC,青溪段,.00,都市：住,,,,06010000
RPXOMLSKKHLFFBH66CC,普義段,.00,都市：其他:住  商,,,,14660000
RPSNMLTKKHLFFBH78CC,普義段,.00,都市：住,,,,20210000
RPPNMLNKKHLFFBH87CC,青平段,40.76,都市：其他:空白,,,,03730000
RPTNMLRKKHLFFBH68CC,中工段,.00,都市：住,,,,17420000
RPVQMLNJKHLFFBH68CC,三座屋段舊社小段,60.00,都市：住,,,,00910016
RPQPMLSKKHLFFBH68CC,環東段,.00,都市：住,,,,05190000
RPSOMLNLKHLFFEH78DC,五福段,31.37,都市：住,,,,05330000
RPSNMLOLKHLFFBH48DC,雙嶺段,15.14,都市：商,,,,14170000
RPUQMLOLKHLFFBH98DC,前寮段,14.00,都市：住,,,,05080010
RPTQMLOLKHLFFBH88DC,前寮段,14.00,都市：住,,,,05080010
RPVQMLOLKHLFFBH09DC,前寮段,14.00,都市：住,,,,05080010
RPWQMLOLKHLFFBH56DC,前寮段,14.00,都市：住,,,,05080010
RPTPMLOLKHLFFAH58CC,龍安段,1150.00,都市：住,,,,00540000
RPUPMLOLKHLFFAH68CC,東門段,1522.00,都市：住,,,,04720000
RPRNMLOLKHLFFBH28CC,老街溪段,.00,都市：住,,,,14960000
RPXNMLNLKHLFFEH09CC,北港段,538.00,非都市：工業區 ; 非都市編定：丁種建築用地,,,,00300000
RPQNMLOLKHLFFEH48CC,南崁段,200.62,都市：住,,,,05490000
RPQNMLMLKHLFFEH28CC,水尾段,.00,都市：工,,,,19190000
RPVNMLPLKHLFFFH56CC,麻園段,69.62,非都市：鄉村區 ; 非都市編定：乙種建築用地,,,,05340000
RPROMLPLKHLFFAH58EC,富國段,9.05,都市：住,,,,08530000
RPPOMLPLKHLFFEH78EC,客運一段,37.25,都市：住,,,,00680000
RPTPMLQLKHLFFFH86EC,豐田段,32.95,都市：住,,,,14680000
RPSNMLQLKHLFFEH88CC,河底段,26.01,都市：住,,,,03300000
RPXNMLNLKHLFFFH66DC,,39.89,都市：住,,,,14700000
RPWNMLNLKHLFFFH56DC,福興段,22.16,都市：商,,,,09580000
RPQNMLQLKHLFFEH78DC,富興段,125.25,都市：農,,,,02410000
RPTOMLPLKHLFFEH09DC,青峰段,16.70,都市：住,,,,03340000
RPXNMLPLKHLFFEH76DC,青峰段,48.01,都市：住,,,,02480000
RPUPMLQLKHLFFAH88CC,興華段,19.94,都市：住,,,,07670000
RPTPMLQLKHLFFAH78CC,中正段,.00,都市：商,,,,01390000
RPTPMLQLKHLFFAH78CC,中正段,.00,都市：商,,,,03190000
RPVNMLNLKHLFFFH09DC,福興段,45.76,都市：商,,,,09750000
RPROMLPLKHLFFEH88DC,青峰段,55.58,都市：住,,,,03090000
RPPOMLPLKHLFFBH38DC,青溪段,42.76,都市：住,,,,04700000
RPOOMLLJLHLFFAH57CC,華亞段,1891.51,都市：工,,,,00310001
RPVOMLLJLHLFFAH28CC,忠義段,.00,都市：住,,,,07000000
RPQNMLRLKHLFFAH38CC,自強段,24.92,都市：住,,,,07730000
RPSNMLTLKHLFFAH78CC,兔子坑段,38.73,非都市：鄉村區 ; 非都市編定：乙種建築用地,,,,00120000
RPSNMLTLKHLFFAH78CC,東嶺段,.32,非都市：鄉村區 ; 非都市編定：乙種建築用地,,,,03770000
RPSNMLTLKHLFFAH78CC,東嶺段,.28,非都市：鄉村區 ; 非都市編定：乙種建築用地,,,,03790000
RPRNMLRLKHLFFAH48CC,大興段,34.77,都市：住,,,,09700000
RPRNMLTLKHLFFAH68CC,東門段,.00,非都市： ; 非都市編定：,,,,07580000
RPQNMLTLKHLFFAH58CC,小檜溪段,240.66,都市：住,,,,10340000
RPPNMLTLKHLFFAH48CC,新埔段,511.39,都市：住,,,,00540000
RPTNMLLJLHLFFAH08DC,峨眉段,22.32,都市：住,,,,08050000
RPQPMLLJLHLFFBH18EC,復興段,6.90,都市：住,,,,20340000
RPVNMLQLKHLFFEH76EC,青峰段,36.93,都市：住,,,,03090000
RPSNMLLJLHLFFCH18DC,仁善段,125.68,都市：住,,,,07170006
RPROMLLJLHLFFFH48DC,桃德段,94.27,都市：住,,,,02950000
RPROMLLJLHLFFFH48DC,桃德段,107.43,都市：住,,,,02940000
RPROMLLJLHLFFEH28CC,長安段,141.00,都市：工,,,,03430000
RPVNMLLJLHLFFCH48DC,仁善段,125.68,都市：住,,,,07170006
RPTNMLLJLHLFFCH28DC,仁善段,125.68,都市：住,,,,07170006
RPQNMLMJLHLFFEH18CC,長興段,2890.50,都市：工,,,,04680000
RPQNMLMJLHLFFEH18CC,長興段,1148.32,都市：工,,,,04700000
RPQNMLMJLHLFFEH18CC,長興段,730.27,都市：工,,,,04690000
RPQNMLMJLHLFFEH18CC,長興段,3001.03,都市：工,,,,04670000
RPQNMLMJLHLFFEH18CC,長興段,798.49,都市：工,,,,04720000
RPQNMLMJLHLFFEH18CC,長興段,60.28,都市：工,,,,04710000
RPWNMLMJLHLFFCH68DC,龍華段,80.24,都市：住,,,,08310014
RPWNMLMJLHLFFCH68DC,龍華段,4.54,都市：住,,,,08310001
RPPOMLNJLHLFFBH97CC,三座屋段三座屋小段,1.81,都市：其他:,,,,00040000
RPPOMLNJLHLFFBH97CC,三座屋段舊社小段,8.45,都市：其他:,,,,01170000
RPROMLNJLHLFFBH18CC,中壢埔頂段,.00,都市：住,,,,10580000
RPXOMLNJLHLFFAH68CC,和平段,40.66,都市：住,,,,01430000
RPWOMLNJLHLFFAH58CC,和平段,39.50,都市：住,,,,01600000
RPWNNLMJLHLFFAH48CC,中路三段,307.44,都市：住,,,,02110000
RPWNNLMJLHLFFAH48CC,中路三段,248.36,都市：住,,,,02110001
RPPOMLNJLHLFFAH87CC,中路段,.00,都市：住,,,,27450000
RPPOMLNJLHLFFFH38CC,福興段,.00,都市：商,,,,09750000
RPRNMLNJLHLFFFH48CC,興仁段,15.00,都市：住,,,,03970000
RPXNMLMJLHLFFFH09DC,大福段,343.73,都市：住,,,,06190000
RPXNMLMJLHLFFFH09DC,大福段,317.65,都市：住,,,,06200000
RPWNMLMJLHLFFFH98DC,大華段,3.58,都市：住,,,,07840000
RPWNMLMJLHLFFFH98DC,大華段,10.85,都市：住,,,,07900000
RPSOMLLJLHLFFFH58DC,興隆段,71.99,非都市：特定農業區 ; 非都市編定：水利用地,,,,19260000
RPSOMLLJLHLFFFH58DC,興隆段,71.99,非都市：特定農業區 ; 非都市編定：水利用地,,,,19290000
RPSOMLLJLHLFFFH58DC,興隆段,72.01,非都市：特定農業區 ; 非都市編定：水利用地,,,,19300000
RPSOMLLJLHLFFFH58DC,興隆段,71.99,非都市：特定農業區 ; 非都市編定：水利用地,,,,19330000
RPSOMLLJLHLFFFH58DC,興隆段,71.99,非都市：特定農業區 ; 非都市編定：水利用地,,,,19340000
RPSOMLLJLHLFFFH58DC,興隆段,72.01,非都市：特定農業區 ; 非都市編定：水利用地,,,,19370000
RPSOMLLJLHLFFFH58DC,興隆段,71.99,非都市：特定農業區 ; 非都市編定：水利用地,,,,19380000
RPSOMLLJLHLFFFH58DC,興隆段,71.99,非都市：特定農業區 ; 非都市編定：水利用地,,,,19410000
RPSOMLLJLHLFFFH58DC,興隆段,72.01,非都市：特定農業區 ; 非都市編定：水利用地,,,,19420000
RPSOMLLJLHLFFFH58DC,興隆段,40.37,非都市：特定農業區 ; 非都市編定：水利用地,,,,19430000
RPSOMLLJLHLFFFH58DC,興隆段,37.01,非都市：特定農業區 ; 非都市編定：水利用地,,,,19440000
RPSOMLLJLHLFFFH58DC,興隆段,71.99,非都市：特定農業區 ; 非都市編定：水利用地,,,,19450000
RPSOMLLJLHLFFFH58DC,興隆段,71.99,非都市：特定農業區 ; 非都市編定：水利用地,,,,19460000
RPSOMLLJLHLFFFH58DC,興隆段,26.94,非都市：特定農業區 ; 非都市編定：水利用地,,,,19470000
RPSOMLLJLHLFFFH58DC,興隆段,23.59,非都市：特定農業區 ; 非都市編定：水利用地,,,,19480000
RPSOMLLJLHLFFFH58DC,興隆段,71.99,非都市：特定農業區 ; 非都市編定：水利用地,,,,19490000
RPSOMLLJLHLFFFH58DC,興隆段,72.01,非都市：特定農業區 ; 非都市編定：水利用地,,,,19500000
RPSOMLLJLHLFFFH58DC,興隆段,20.23,非都市：特定農業區 ; 非都市編定：水利用地,,,,19510000
RPSOMLLJLHLFFFH58DC,興隆段,16.87,非都市：特定農業區 ; 非都市編定：水利用地,,,,19520000
RPSOMLLJLHLFFFH58DC,興隆段,71.99,非都市：特定農業區 ; 非都市編定：水利用地,,,,19530000
RPSOMLLJLHLFFFH58DC,興隆段,106.96,非都市：特定農業區 ; 非都市編定：水利用地,,,,19540000
RPSOMLLJLHLFFFH58DC,興隆段,72.36,非都市：特定農業區 ; 非都市編定：水利用地,,,,19550000
RPVNMLPLKHLFFGH76DC,新榮段,7.61,都市：其他:,,,,01680000
RPVNMLPLKHLFFGH76DC,新榮段,1421.00,都市：其他:,,,,01600000
RPVNMLPLKHLFFGH76DC,新榮段,17.22,都市：其他:,,,,01670000
RPUNMLLJLHLFFGH78DC,南勢段,5097.48,都市：其他:,,,,01890000
RPTNMLOJLHLFFAH28CC,同德段,33.24,都市：商,,,,00560000
RPUNMLOJLHLFFAH38CC,國聖段,12.79,都市：住,,,,07530000
RPXNMLOJLHLFFAH68CC,和平段,12.87,都市：住,,,,02500000
RPPOMLOJLHLFFAH97CC,慈文段,48.60,都市：住,,,,09480000
RPPNMLPJLHLFFGH58CC,金鍊段,89.52,都市：住,,,,08720000
RPWNMLRJLHLFFGH86CC,廣豐段,.00,都市：住,,,,03290000
RPXOMLRJLHLFFEH86CC,上興段,.00,都市：工,,,,08170000
RPXOMLRJLHLFFEH86CC,上興段,.00,都市：工,,,,09560000
RPSNMLRJLHLFFAH58DC,中路段,16.00,都市：商,,,,16710035
RPSNMLRJLHLFFAH58DC,中路段,16.00,都市：商,,,,16710034
RPXPMLRJLHLFFBH76DC,石頭段,239.00,都市：其他:,,,,05670000
RPRPMLRJLHLFFAH58CC,大樹林段,8.64,都市：住,,,,03790000
RPSPMLRJLHLFFAH68CC,,10.35,都市：住,,,,21540001
RPVPMLRJLHLFFBH09CC,復興段,.00,都市：住,,,,20340000
RPWPMLRJLHLFFBH56CC,中北段,.00,都市：工,,,,10340000
RPPPMLSJLHLFFBH58CC,中原段,43.49,都市：其他:,,,,10490000
RPPPMLSJLHLFFBH58CC,中原段,.88,都市：其他:,,,,10500002
RPXNMLTJLHLFFAH56CC,江南段,14.51,都市：住,,,,13180000
RPXNMLTJLHLFFEH07DC,青峰段,33.70,都市：住,,,,03090000
RPSNMLTJLHLFFGH66CC,東北段,32.96,都市：住,,,,04990005
RPSNMLTJLHLFFGH66CC,東北段,30.82,都市：住,,,,00910059
RPTNMLTJLHLFFGH76CC,東社段,83.52,都市：住,,,,04140000
RPTNMLTJLHLFFFH66CC,大庄段,259.31,非都市：鄉村區 ; 非都市編定：乙種建築用地,,,,21330000
RPVNMLTJLHLFFCH56CC,銅鑼圈段,.33,非都市：山坡地保育區 ; 非都市編定：交通用地,,,,11610002
RPUNMLKKLHLFFEH58DC,河底段,7.85,都市：住,,,,03850000
RPRNMLKKLHLFFAH77CC,寶山段,2174.54,都市：住,,,,07230000
RPOOMLLKLHLFFAH67CC,中埔段,762.00,都市：住,,,,03020000
RPPQMLSJLHLFFBH68CC,三座屋段舊社小段,.00,都市：住,,,,01170004
RPWPMLLKLHLFFBH68CC,興南段興南小段,.00,都市：商,,,,02660000
RPPNMLLKLHLFFCH87CC,潛龍段,.53,非都市：鄉村區 ; 非都市編定：乙種建築用地,,,,10790000
RPPNMLLKLHLFFCH87CC,潛龍段,86.90,非都市：鄉村區 ; 非都市編定：乙種建築用地,,,,10990000
RPTRMLOJLHLFFBH78CC,忠孝段,.00,都市：住,,,,04560000
RPOSMLOJLHLFFBH38CC,石頭段,.00,都市：商,,,,00030891
RPOSMLOJLHLFFBH38CC,石頭段,.00,都市：商,,,,00030892
RPQSMLOJLHLFFBH58CC,復興段,.00,都市：住,,,,20280000
RPXRMLOJLHLFFBH56CC,新街段,.00,都市：住,,,,08620000
RPVRMLOJLHLFFBH98CC,榮民段,.00,都市：住,,,,00090000
RPPSMLOJLHLFFBH48CC,中壢埔頂段,.00,都市：住,,,,13780000
RPTOMLNJLHLFFBH38CC,石頭段,35.06,都市：其他:空白,,,,00030026
RPTNMLLKLHLFFCH38DC,田心子段下田心子小段,22.18,都市：住,,,,05310000
RPSOMLNJLHLFFBH28CC,興南段興南小段,.00,都市：商,,,,02750000
RPSOMLOKLHLFFAH38CC,龍祥段,32.57,都市：住,,,,07220000
RPWOMLOKLHLFFAH78CC,忠義段,13.89,都市：其他:店舖、起居室、集合住宅,,,,07000000
RPPNMLMKLHLFFBH87CC,後寮段,3.48,都市：住,,,,02530000
RPVOMLOKLHLFFAH68CC,大有段,11.23,都市：住,,,,05450000
RPXOMLOKLHLFFAH88CC,會稽段,13.64,都市：住,,,,02050000
RPWQMLOKLHLFFAH98CC,慈文段,7.95,都市：住,,,,00370000
RPVQMLOKLHLFFAH88CC,中山段,11.23,都市：住,,,,01690000
RPPQMLOKLHLFFAH28CC,三元段,4.72,都市：住,,,,07840000
RPTQMLOKLHLFFAH68CC,同安段,106.23,都市：住,,,,13860000
RPWPMLOKLHLFFAH88CC,大興段,21.66,都市：住,,,,04670000
RPUPMLOKLHLFFAH68CC,忠義段,6.14,都市：住,,,,07000000
RPSPMLOKLHLFFAH48CC,大樹林段,7.41,都市：住,,,,19580000
RPORMLOKLHLFFAH28CC,三元段,16.17,都市：住,,,,08280000
RPRPMLOKLHLFFAH38CC,忠義段,4.38,都市：住,,,,05140000
RPSRMLOKLHLFFAH68CC,新埔段,32.00,都市：住,,,,04480000
RPSRMLOKLHLFFAH68CC,新埔段,539.00,都市：住,,,,04490002
RPSRMLOKLHLFFAH68CC,新埔段,539.00,都市：住,,,,04500000
RPSRMLOKLHLFFAH68CC,新埔段,244.00,都市：住,,,,04510000
RPSRMLOKLHLFFAH68CC,新埔段,60.00,都市：住,,,,04520000
RPSRMLOKLHLFFAH68CC,新埔段,596.00,都市：住,,,,04550003
RPSRMLOKLHLFFAH68CC,新埔段,23.00,都市：住,,,,04560005
RPTRMLOKLHLFFAH78CC,忠義段,4.37,都市：住,,,,05140000
RPWRMLOKLHLFFAH09CC,中路段,15.07,都市：住,,,,17560000
RPURMLOKLHLFFAH88CC,埔子段埔子小段,14.42,都市：住,,,,18720000
RPXPMLOKLHLFFAH09DC,興華段,783.00,都市：商,,,,00040000
RPOSMLOKLHLFFAH38CC,國聖段,6.25,都市：住,,,,03500000
RPTOMLPKLHLFFFH56DC,華興段,79.23,非都市：鄉村區 ; 非都市編定：乙種建築用地,,,,08590000
RPUOMLPKLHLFFFH66DC,大和段,27.69,都市：住,,,,05360000
RPVNMLPKLHLFFAH68CC,中山段,.00,都市：住,,,,00490000
RPVTMLPKLHLFFBH86DC,富強段,12.65,都市：住,,,,01360000
RPRSMLOKLHLFFAH68CC,慈文段,23.19,都市：住,,,,22210000
RPOOMLPKLHLFFAH08CC,寶山段,.00,都市：商,,,,07230000
RPPOMLPKLHLFFAH18CC,大興段,.00,都市：住,,,,08180000
RPRSMLPKLHLFFBH88CC,中工段,.00,非都市：工業區 ; 非都市編定：丁種建築用地,,,,14600000
RPWSMLPKLHLFFBH76CC,內壢段,.00,都市：農,,,,08320014
RPSOMLQKLHLFFBH68CC,復興段,.00,都市：住,,,,14480000
RPXOMLQKLHLFFBH56CC,興和段,.00,都市：農,,,,03470000
RPVNMLRKLHLFFEH76DC,青峰段,14.72,都市：住,,,,03340000
RPSNMLRKLHLFFEH09DC,南崁廟口段營盤坑小段,19.95,都市：住,,,,01940000
RPUNMLQKLHLFFEH56DC,青峰段,16.80,都市：住,,,,03340000
RPVNMLRKLHLFFAH98DC,自強段,24.00,都市：住,,,,05140000
RPTNMLRKLHLFFBH78CC,中工段,15.34,都市：住,,,,07440006
RPTNMLRKLHLFFBH78CC,中工段,2.33,非都市：工業區 ; 非都市編定：丁種建築用地,,,,07440013
RPWNMLRKLHLFFAH98CC,陽明段,.00,都市：住,,,,04610000
RPXNMLRKLHLFFAH09CC,慈文段,20.31,都市：住,,,,01130000
RPXOMLRKLHLFFAH56CC,同安段,.00,都市：住,,,,12480000
RPOPMLRKLHLFFAH38CC,文化段,58.29,都市：住,,,,06500000
RPQPMLRKLHLFFAH58CC,大有段,2371.15,都市：住,,,,05570000
RPWNMLRKLHLFFBH66EC,三座屋段舊社小段,6.27,都市：住,,,,00810000
RPWPMLLLLHLFFAH68CC,桃鶯段,.00,都市：住,,,,05250000
RPWNMLTKLHLFFAH56CC,龍華段,16.42,都市：住,,,,09580000
RPRNMLLKLHLFFFH38CC,桃德段,87.15,都市：住,,,,09830000
RPQOMLPKLHLFFEH68CC,五福段,.00,都市：住,,,,00720000
RPROMLPKLHLFFEH78CC,河底段,16.70,都市：住,,,,05310000
RPUNMLRKLHLFFEH56CC,五福段,.00,都市：住,,,,03300000
RPUOMLLLLHLFFEH88DC,羊稠段,31.71,都市：住,,,,05390000
RPSQMLLLLHLFFAH48DC,大樹林段,38.48,都市：商,,,,19520000
RPSNMLMLLHLFFAH28DC,龍祥段,5246.94,都市：住,,,,10010000
RPVNMLMLLHLFFEH88CC,橫山段橫山小段,1080.00,非都市：特定農業區 ; 非都市編定：丁種建築用地,,,,02600006
RPQNMLNLLHLFFAH18DC,和平段,28.10,都市：住,,,,04340000
RPSOMLNLLHLFFFH88CC,福興段,.00,都市：商,,,,09750000
RPSQMLNLLHLFFBH78DC,新街段,59.96,都市：商,,,,02630000
RPRPMLNLLHLFFBH58DC,自立段,41.97,都市：住,,,,06670000
RPTQMLNLLHLFFBH88DC,復興段,133.00,都市：住,,,,14750000
RPROMLNLLHLFFEH78DC,錦明段,7.52,都市：住,,,,10970000
RPPOMLOKLHLFFCH28CC,高平段,256.74,非都市：山坡地保育區 ; 非都市編定：丁種建築用地,,,,02650000
RPQNMLLKLHLFFCH97CC,潛龍段,35.74,非都市：鄉村區 ; 非都市編定：乙種建築用地,,,,10790000
RPQNMLLKLHLFFCH97CC,潛龍段,.59,非都市：鄉村區 ; 非都市編定：乙種建築用地,,,,10990000
RPPOMLMLLHLFFCH18CC,干城段,.00,非都市：鄉村區 ; 非都市編定：乙種建築用地,,,,00100000
RPOOMLOLLHLFFBH18CC,石頭段,176.00,都市：商,,,,00310395
RPXPMLLLLHLFFBH88CC,自立段,.00,都市：住,,,,08510000
RPSRMLNLLHLFFBH78CC,遠東段,.00,都市：住,,,,01200000
RPWPMLNLLHLFFBH98CC,復興段,.00,非都市： ; 非都市編定：,,,,20430000
RPTPMLLLLHLFFBH48CC,自立段,.00,都市：住,,,,15690000
RPPQMLLLLHLFFBH18CC,環東段,.00,都市：住,,,,05130000
RPOQMLLLLHLFFBH08CC,遠東段,.00,都市：住,,,,03630000
RPSNMLOLLHLFFAH48DC,桃鶯段,6521.98,都市：住,,,,01160000
RPWOMLOLLHLFFCH56DC,仁武段,51.41,都市：住,,,,01580000
RPWOMLOLLHLFFCH56DC,仁武段,35.45,都市：住,,,,01610000
RPVOMLOLLHLFFCH09DC,仁武段,51.41,都市：住,,,,01580000
RPVPMLPLLHLFFAH09DC,龍安段,9.70,都市：住,,,,01290000
RPVOMLOLLHLFFCH09DC,仁武段,35.45,都市：住,,,,01610000
RPXNMLOLLHLFFEH76DC,青峰段,39.80,都市：住,,,,03090000
RPTOMLPLLHLFFAH68CC,中路段,105.00,都市：住,,,,17300014
RPTOMLPLLHLFFAH68CC,中路段,9.00,都市：住,,,,17310022
RPSQMLPLLHLFFAH78CC,埔子段北門埔子小段,.00,都市：商,,,,00150051
RPSQMLPLLHLFFAH78CC,埔子段北門埔子小段,.00,都市：商,,,,00150052
RPRNMLSLLHLFFEH09CC,河底段,6991.26,都市：住,,,,03500000
RPQOMLTLLHLFFEH56CC,大新段,.00,非都市： ; 非都市編定：,,,,04780002
RPXOMLTLLHLFFEH27CC,五福段,.00,都市：住,,,,03300000
RPTPMLSLLHLFFBH56CC,後寮段,.00,都市：住,,,,02810000
RPVQMLPLLHLFFBH56CC,中工段,.00,都市：住,,,,16490001
RPRPMLSLLHLFFBH98CC,中壢埔頂段,.00,非都市： ; 非都市編定：,,,,13990000
RPUPMLPLLHLFFBH98CC,忠孝段,.00,都市：住,,,,04560000
RPSOMLOLLHLFFBH58CC,中北段,.00,都市：住,,,,02430000
RPQOMLOLLHLFFBH38CC,中寮段,.00,都市：住,,,,08720000
RPUOMLTLLHLFFEH07DC,南崁廟口段營盤坑小段,16.39,都市：住,,,,01490000
RPRNMLTLLHLFFEH66DC,北港段,21.41,非都市：工業區 ; 非都市編定：丁種建築用地,,,,01850000
RPORMLPLLHLFFAH48CC,桃園段武陵小段,.00,都市：商,,,,00020017
RPVNMLTLLHLFFBH66CC,石頭段,.00,都市：商,,,,01310016
RPVNMLTLLHLFFBH66CC,石頭段,.00,都市：商,,,,01310017
RPWNMLTLLHLFFBH76CC,石頭段,.00,都市：商,,,,00030062
RPWNMLTLLHLFFBH76CC,石頭段,.00,都市：商,,,,00030063
RPXNMLSLLHLFFAH66CC,大有段,26.86,都市：住,,,,06270000
RPPOMLTLLHLFFAH68CC,同安段,.00,都市：住,,,,18130000
RPSNMLTLLHLFFAH88CC,慈文段,7.41,都市：住,,,,00190000
RPXNMLTLLHLFFCH17EC,銅鑼圈段,.33,非都市：山坡地保育區 ; 非都市編定：丙種建築用地,,,,11610028
RPPPMLTLLHLFFBH88CC,仁和段,.00,都市：住,,,,01780002
RPPNMLTLLHLFFFH66EC,福興段,28.97,都市：住,,,,08080000
RPROMLKMLHLFFDH48DC,梅獅段,47.38,都市：住,,,,04340000
RPWNMLTLLHLFFAH86EC,龍安段,8.31,都市：住,,,,03380000
RPUNMLKMLHLFFEH78DC,南新段,22.57,都市：住,,,,01960000
RPWNMLKMLHLFFAH58DC,慈文段,11.10,都市：住,,,,02350000
RPVPMLKMLHLFFBH78DC,新街段,38.56,都市：住,,,,08670000
RPOQMLKMLHLFFBH18DC,新街段,34.88,都市：住,,,,08670000
RPUNMLLMLHLFFEH78CC,長安段,37.14,都市：工,,,,02980000
RPUNMLLMLHLFFEH78CC,長安段,126.78,都市：工,,,,02990000
RPUNMLLMLHLFFEH78CC,長安段,15.85,都市：工,,,,03000000
RPSNMLLMLHLFFAH18CC,公華段,2037.99,都市：工,,,,02850000
RPWQMLLJMHLFFAH68CC,同安段,.00,都市：住,,,,00430000
RPTRMLLJMHLFFAH48CC,新埔段,.00,都市：住,,,,09370018
RPSSMLLJMHLFFAH48CC,大有段,.00,都市：住,,,,04470000
RPUNMLLJMHLFFEH58CC,六福段,7.82,都市：工,,,,03270000
RPPNMLLJMHLFFCH87CC,潛龍段,27.74,非都市：鄉村區 ; 非都市編定：乙種建築用地,,,,10790000
RPPNMLLJMHLFFCH87CC,潛龍段,.59,非都市：鄉村區 ; 非都市編定：乙種建築用地,,,,10990000
RPROMLLMLHLFFBH28CC,普義段,.00,都市：住,,,,03220001
RPQNMLMJMHLFFAH87CC,國聖段,7.15,都市：住,,,,07530000
RPPNMLNJMHLFFBH97CC,石頭段,6.69,都市：住,,,,00410002
RPQNMLNJMHLFFBH08CC,石頭段,16.61,都市：住,,,,00420024
RPQNMLLJMHLFFCH97CC,潛龍段,.53,非都市：鄉村區 ; 非都市編定：乙種建築用地,,,,10790000
RPQNMLLJMHLFFCH97CC,潛龍段,29.97,非都市：鄉村區 ; 非都市編定：乙種建築用地,,,,10990000
RPWNMLLMLHLFFFH56DC,豐田段,19.28,都市：住,,,,14750000
RPSNMLNJMHLFFBH28CC,石頭段,21.22,都市：住,,,,00420024
RPTNMLNJMHLFFBH38CC,石頭段,16.40,都市：住,,,,00410001
RPRNMLNJMHLFFBH18CC,石頭段,11.96,都市：住,,,,00410002
RPPOMLQJMHLFFBH38CC,石頭段,.00,都市：商,,,,01310025
RPVNMLQJMHLFFBH88CC,雙嶺段,90.49,都市：工,,,,11650076
RPVNMLQJMHLFFBH88CC,雙嶺段,18.10,都市：工,,,,11620020
RPQOMLQJMHLFFBH48CC,興南段興南小段,4.25,都市：住,,,,02270116
RPTOMLQJMHLFFBH78CC,培英段,.00,都市：住,,,,00090000
RPROMLQJMHLFFBH58CC,忠福段,.00,都市：住,,,,21310002
RPPOMLQJMHLFFEH68CC,內海墘段特工區小段,2903.00,非都市：工業區 ; 非都市編定：丁種建築用地,,,,00190002
RPXOMLQJMHLFFBH66DC,興南段興南小段,8.83,都市：住,,,,02600000
RPTNMLRJMHLFFAH78DC,江南段,14.80,都市：住,,,,11840000
RPTNMLRJMHLFFAH78DC,江南段,.89,都市：住,,,,11830000
RPPNMLRJMHLFFEH68CC,坑子口段海湖小段,1413.00,非都市：工業區 ; 非都市編定：丁種建築用地,,,,00560588
RPQNMLTLLHLFFFH66DC,大智段,26.14,都市：住,,,,04200000
RPVNMLLMLHLFFFH09DC,桃德段,82.44,都市：工,,,,10540000
RPQNMLQKLHLFFFH88DC,明智段,32.77,都市：住,,,,00040000
RPQRMLTLLHLFFFH07DC,豐田段,41.55,都市：住,,,,14700000
RPRRMLTLLHLFFFH17DC,豐田段,27.74,都市：住,,,,14050000
RPSRMLTLLHLFFFH27DC,豐田段,19.90,都市：住,,,,14050000
RPTQMLTLLHLFFFH27DC,同福段,10.91,都市：住,,,,03630000
RPRNMLSJMHLFFFH66EC,大智段,77.06,都市：住,,,,01480000
RPSNMLRJMHLFFDH98DC,楊梅段,85.00,都市：住,,,,02120011
RPSNMLRJMHLFFDH98DC,楊梅段,77.00,都市：住,,,,02130045
RPRNMLSJMHLFFEH98CC,宏竹段,46.62,非都市：特定農業區 ; 非都市編定：甲種建築用地,,,,06400000
RPUNMLSJMHLFFEH66CC,竹中段,29.16,都市：住,,,,10680000
RPVNMLSJMHLFFEH76CC,大興段,22.54,都市：住,,,,00390000
RPXNMLSJMHLFFEH07DC,青峰段,24.86,都市：住,,,,03090000
RPTNMLLKMHLFFEH58CC,羊稠段,21.50,都市：其他:,,,,05020000
RPTNMLLKMHLFFFH68CC,興仁段,23.01,都市：住,,,,03990000
RPQONLSJMHLFFAH68CC,法政段,.00,都市：住,,,,07030000
RPUONLSJMHLFFAH09CC,新埔段,241.00,都市：住,,,,09820007
RPSPMLLKMHLFFAH28CC,大興段,343.54,都市：住,,,,03990000
RPSPMLRJMHLFFAH78CC,福元段,14.04,都市：住,,,,03100000
RPUOMLRJMHLFFAH88CC,西門段,.00,都市：住,,,,00930000
RPSOMLQJMHLFFAH58CC,慈文段,7.41,都市：住,,,,00370000
RPVOMLLKMHLFFAH48CC,興華段,51.85,都市：住,,,,06050000
RPSNMLLKMHLFFBH18CC,三座屋段舊社小段,836.00,都市：住,,,,00390134
RPOONLSJMHLFFAH48CC,法政段,.00,都市：住,,,,07030000
RPQNMLLKMHLFFCH18DC,健行段,30.39,非都市：一般農業區 ; 非都市編定：甲種建築用地,,,,04160000
RPSOMLRJMHLFFAH68CC,小檜溪段,.00,都市：住,,,,04820003
RPSOMLRJMHLFFAH68CC,小檜溪段,.00,都市：住,,,,04830007
RPPNMLLKMHLFFGH48DC,東豐段,48.15,都市：住,,,,02570002
RPOOMLMKMHLFFGH58DC,新榮段,6134.38,都市：其他:,,,,02970000
RPTNMLMKMHLFFFH88DC,興豐段,2.33,都市：住,,,,08670000
RPRNMLMKMHLFFFH68DC,大庄段,26.10,非都市：鄉村區 ; 非都市編定：乙種建築用地,,,,23130000
RPUNMLNKMHLFFAH58DC,水汴頭段,31.82,都市：商,,,,00350000
RPPOMLNKMHLFFAH18DC,桃園段中南小段,78.00,都市：其他:,,,,01040004
RPVOMLNKMHLFFAH78DC,壽山段,33.90,都市：住,,,,00800000
RPROMLNKMHLFFEH78DC,青峰段,52.77,都市：住,,,,02640000
RPXNMLNKMHLFFCH98CC,仁善段,.00,非都市： ; 非都市編定：,,,,12100000
RPSNMLNKMHLFFGH88CC,廣仁段,.73,都市：商,,,,00030000
RPROMLMKMHLFFAH18CC,興華段,15.28,都市：住,,,,00280000
RPPNMLMKMHLFFAH87CC,慈文段,.00,都市：住,,,,02510000
RPPNMLMKMHLFFAH87CC,慈文段,.00,都市：住,,,,02520000
RPPNMLMKMHLFFAH87CC,慈文段,.00,都市：住,,,,02530005
RPPNMLMKMHLFFAH87CC,慈文段,.00,都市：住,,,,00990034
RPTNMLNKMHLFFGH98CC,廣仁段,11.02,都市：商,,,,00030000
RPUNMLNKMHLFFGH09CC,廣仁段,11.76,都市：商,,,,00030000
RPWNMLNKMHLFFAH68CC,延壽段,.00,都市：住,,,,01650000
RPQOMLNKMHLFFAH18CC,法政段,.00,都市：住,,,,11320000
RPSNMLNKMHLFFBH38CC,仁愛段,25.28,都市：住,,,,14550000
RPUNMLNKMHLFFEH88CC,錦興段,.00,都市：住,,,,00550000
RPPOMLNKMHLFFBH18CC,中工段,.00,非都市：工業區 ; 非都市編定：丁種建築用地,,,,07440013
RPPOMLNKMHLFFBH18CC,中工段,.00,都市：住,,,,07440006
RPRNMLNKMHLFFEH58CC,長興段,.00,都市：工,,,,00950000
RPWNMLMKMHLFFEH98CC,河底段,.00,都市：住,,,,03500000
RPSNMLMKMHLFFEH58CC,南崁廟口段營盤坑小段,.00,都市：住,,,,01490007
RPQOMLNKMHLFFBH28CC,遠東段,.00,都市：住,,,,00910004
RPROMLNKMHLFFBH38CC,後寮段,3.48,都市：住,,,,02530000
RPPOMLOKMHLFFGH78CC,廣豐段,23.49,都市：住,,,,02150000
RPSNMLOKMHLFFFH88CC,興隆段,.00,都市：工,,,,02380000
RPPQMLPKMHLFFCH68CC,潛龍段,660.94,非都市：一般農業區 ; 非都市編定：丁種建築用地,,,,00790000
RPWNMLOKMHLFFAH88DC,同安段,13.95,都市：住,,,,18350000
RPWSMLPKMHLFFGH37CC,南華段,64.65,都市：住,,,,05870000
RPWSMLPKMHLFFGH37CC,南華段,6.35,都市：住,,,,05950000
RPTOMLPKMHLFFGH76DC,忠貞段,11.41,都市：住,,,,00480028
RPRNMLPKMHLFFAH38CC,富國段,7.89,都市：住,,,,08530000
RPUPMLPKMHLFFGH96DC,忠貞段,11.41,都市：住,,,,00480028
RPPOMLSKMHLFFAH58CC,富國段,62.31,都市：住,,,,00610000
RPSOMLSKMHLFFAH88CC,三元段,16.17,都市：住,,,,08280000
RPUOMLSKMHLFFAH09CC,小檜溪段,19.00,都市：住,,,,06920000
RPXOMLSKMHLFFAH76CC,同安段,3.34,都市：住,,,,00740000
RPTOMLSKMHLFFAH98CC,三元段,22.77,都市：住,,,,07740000
RPWOMLSKMHLFFAH66CC,富國段,12.66,都市：住,,,,03780000
RPRPMLSKMHLFFAH88CC,桃鶯段,23.89,都市：住,,,,05250006
RPOPMLSKMHLFFAH58CC,桃園段武陵小段,2.43,都市：住,,,,01870000
RPSOMLSKMHLFFFH76CC,茄明段,18.13,都市：住,,,,00310000
RPSPMLSKMHLFFAH98CC,桃園段中南小段,6.00,都市：住,,,,01130006
RPPOMLSKMHLFFEH98CC,河底段,.00,都市：住,,,,03500000
RPTOMLTKMHLFFEH96DC,河底段,25.01,都市：住,,,,05500000
RPSOMLTKMHLFFFH96DC,興仁段,14.48,都市：住,,,,05890000
RPPONLTKMHLFFAH78CC,慈文段,.00,都市：住,,,,02510000
RPPONLTKMHLFFAH78CC,慈文段,.00,都市：住,,,,02520000
RPPONLTKMHLFFAH78CC,慈文段,.00,都市：住,,,,02530005
RPPONLTKMHLFFAH78CC,慈文段,.00,都市：住,,,,00990034
RPQPOLTKMHLFFAH09CC,中平段,1662.53,都市：住,,,,03730000
RPQPOLTKMHLFFAH09CC,中平段,29.71,都市：其他:道,,,,03730001
RPQPOLTKMHLFFAH09CC,中平段,154.03,都市：其他:道,,,,03740001
RPVNMLTKMHLFFAH66DC,大興段,131.15,都市：住,,,,02740000
RPPNMLPKMHLFFBH28CC,忠福段,34.71,都市：住,,,,21300004
RPVOMLTKMHLFFBH76CC,中原段,158.00,都市：工,,,,06760056
RPVOMLTKMHLFFBH76CC,中原段,120.00,都市：工,,,,06760007
RPWOMLOKMHLFFBH98CC,遠東段,.00,都市：住,,,,01200000
RPPNMLQKMHLFFBH38CC,三座屋段舊社小段,5.78,都市：其他:,,,,01170000
RPPNMLQKMHLFFBH38CC,三座屋段三座屋小段,1.24,都市：其他:,,,,00040000
RPSPPLTKMHLFFAH96EC,新埔段,28.81,都市：住,,,,11780000
RPRPMLLLMHLFFBH38CC,仁愛段,.00,都市：商,,,,09250000
RPOOMLLLMHLFFBH97CC,仁愛段,.00,都市：商,,,,09550000
RPWNMLLLMHLFFCH78CC,潛龍段,77.34,非都市：鄉村區 ; 非都市編定：乙種建築用地,,,,10790000
RPWNMLLLMHLFFCH78CC,潛龍段,.59,非都市：鄉村區 ; 非都市編定：乙種建築用地,,,,10990000
RPTOMLTKMHLFFFH07DC,豐田段,42.38,都市：住,,,,14700000
RPQOMLSJMHLFFBH78DC,興南段興南小段,4.25,都市：商,,,,02270116
RPUOMLTKMHLFFFH17DC,福興段,16.31,都市：商,,,,09750000
RPWOMLMLMHLFFEH56CC,埔心段三塊厝小段,1442.00,非都市：特定農業區 ; 非都市編定：農牧用地,,,,04880000
RPPOMLPKMHLFFBH48DC,興南段中壢老小段,40.94,都市：商,,,,02190077
RPXOMLMKMHLFFBH98DC,大路段,92.95,非都市：特定農業區 ; 非都市編定：甲種建築用地,,,,07410000
RPWNMLMLMHLFFBH88DC,榮南段,36.54,都市：住,,,,02630000
RPWNMLMLMHLFFBH88DC,榮南段,2.42,都市：住,,,,02630001
RPUNMLLLMHLFFGH98CC,金星段,.00,都市：商,,,,12160000
RPSPMLMLMHLFFBH68DC,自立段,1.41,都市：其他:,,,,10410000
RPWNMLMLMHLFFFH66DC,興仁段,24.84,都市：商,,,,05890000
RPVNMLMLMHLFFGH56CC,新富段,.00,都市：住,,,,04560000
RPXOMLMLMHLFFBH09DC,雙嶺段,16.07,都市：商,,,,14170000
RPOOMLMLMHLFFBH08CC,新街段,.00,都市：住,,,,08670000
RPXNMLMLMHLFFBH88CC,忠孝段,.00,都市：住,,,,04690000
RPQOMLMLMHLFFBH28CC,中壢埔頂段,.00,都市：住,,,,18870000
RPROMLMLMHLFFBH38CC,中壢埔頂段,.00,都市：住,,,,10280000
RPTOMLMLMHLFFBH58CC,中壢埔頂段,.00,都市：住,,,,15930005
RPPOMLMLMHLFFFH78EC,前程段,114.92,都市：住,,,,04290000
RPOQMLMLMHLFFFH88EC,豐田段,39.89,都市：住,,,,14700000
RPSOMLMLMHLFFGH09DC,忠貞段,.00,都市：商,,,,00480028
RPTOMLMLMHLFFGH56DC,忠貞段,103.17,都市：商,,,,01050000
RPQOMLMLMHLFFDH68EC,新生段,107.00,都市：住,,,,01620000
RPPOMLPLMHLFFGH56EC,南勢段,13.96,都市：商,,,,01890000
RPPQMLMLMHLFFFH98EC,福興段,28.63,都市：商,,,,09750000
RPROMLMLMHLFFCH68EC,仁善段,140.66,都市：住,,,,14750000
RPQNMLPLMHLFFAH58EC,同安段,11.56,都市：住,,,,00320000
RPXNMLMLMHLFFFH66CC,同福段,13.17,都市：住,,,,03510000
RPSPMLPLMHLFFBH88CC,忠孝段,.00,都市：住,,,,04560000
RPVPMLPLMHLFFBH56CC,中壢埔頂段,.00,都市：住,,,,11870000
RPUPMLPLMHLFFBH09CC,興南段興南小段,.00,都市：商,,,,02700000
RPTPMLPLMHLFFBH98CC,普仁段,.00,都市：商,,,,10260000
RPWQPLPLMHLFFAH07DC,興華段,2885.00,都市：商,,,,00080000
RPOOMLPLMHLFFGH88CC,平鎮段,.00,都市：住,,,,10690000
RPVPMLLLMHLFFAH68CC,埔子段埔子小段,.00,都市：住,,,,19370113
RPXNMLPLMHLFFGH07CC,振平段,.00,都市：住,,,,10910000
RPXTOLTKMHLFFAH57CC,華亞段,652.64,都市：其他:,,,,00040002
RPXTOLTKMHLFFAH57CC,華亞段,3227.93,都市：其他:,,,,00070000
RPSOMLPLMHLFFGH66CC,東社段,65.52,都市：住,,,,08450000
RPTOMLQLMHLFFFH86DC,茄明段,14.63,都市：住,,,,07990000
RPPNMLQLMHLFFEH88DC,大新段,1348.00,都市：住,,,,03910000
RPSQMLQLMHLFFGH17EC,南勢段,13.96,都市：商,,,,01890000
RPQNMLQLMHLFFGH56DC,廣南段,3.64,都市：住,,,,14440002
RPWPMLPLMHLFFBH66CC,富強段,.00,都市：住,,,,06400000
RPWPMLQLMHLFFBH76CC,後興段,694.21,都市：農,,,,08740000
RPWPMLQLMHLFFBH76CC,後興段,2039.44,都市：農,,,,08740000
RPUPMLQLMHLFFBH56CC,普義段,2.38,都市：商,,,,12880000
RPUPMLQLMHLFFBH56CC,普義段,11.47,都市：住,,,,12890000
RPXNMLRLMHLFFBH76CC,榮民段,.00,都市：住,,,,08740001
RPUNMLRLMHLFFEH86DC,青峰段,47.79,都市：住,,,,02480000
RPOQMLMLMHLFFAH18CC,海萍段,26.55,非都市：鄉村區 ; 非都市編定：乙種建築用地,,,,06620000
RPOQMLMLMHLFFAH18CC,海萍段,69.00,非都市：鄉村區 ; 非都市編定：乙種建築用地,,,,06570000
RPVTMLPLMHLFFAH86CC,精忠段,21.53,都市：住,,,,13840000
RPWOMLQLMHLFFAH56CC,大樹林段,.00,都市：住,,,,03140003
RPWOMLQLMHLFFAH56CC,大樹林段,.00,都市：住,,,,05130017
RPWOMLQLMHLFFAH56CC,大樹林段,.00,都市：住,,,,05130018
RPRQMLMLMHLFFAH48CC,海萍段,26.55,非都市：鄉村區 ; 非都市編定：乙種建築用地,,,,06620000
RPXPMLLLMHLFFAH88CC,東門段,.00,都市：商,,,,04730000
RPRQMLMLMHLFFAH48CC,海萍段,69.00,非都市：鄉村區 ; 非都市編定：乙種建築用地,,,,06570000
RPSQMLMLMHLFFAH58CC,海萍段,26.55,非都市：鄉村區 ; 非都市編定：乙種建築用地,,,,06620000
RPSQMLMLMHLFFAH58CC,海萍段,69.00,非都市：鄉村區 ; 非都市編定：乙種建築用地,,,,06570000
RPWQMLRLMHLFFAH96DC,西門段,13.38,都市：住,,,,02140000
RPPPMLRLMHLFFGH66CC,新榮段,.00,都市：住,,,,05450000
RPUOMLSLMHLFFAH66DC,文化段,1955.00,都市：住,,,,02160000
RPPOMLSLMHLFFEH09CC,南崁廟口段廟口小段,42.01,都市：其他:,,,,00080000
RPXNMLSLMHLFFEH17CC,羊稠段,84.69,都市：其他:,,,,01210005
RPSRMLSLMHLFFAH66CC,龍安段,13.27,都市：住,,,,02690000
RPWNMLTLMHLFFGH37CC,湧豐段,952.43,都市：住,,,,00620000
RPVSMLKMMHLFFGH07DC,金鍊段,21.60,都市：住,,,,03690000
RPQNMLKMMHLFFAH97CC,玉山段,777.87,都市：住,,,,03450000
RPRNMLTLMHLFFEH76DC,錦興段,.00,非都市： ; 非都市編定：,,,,05600000
RPVNMLSLMHLFFEH07DC,青峰段,48.01,都市：住,,,,02480000
RPPNMLQLMHLFFDH78DC,頭重溪段,378.00,都市：住,,,,00380007
RPOOMLRLMHLFFBH58CC,石頭段,.00,都市：商,,,,00410000
RPPNMLSLMHLFFFH56DC,豐田段,21.50,都市：住,,,,14490000
RPXNMLRLMHLFFFH27DC,興豐段,50.28,非都市：鄉村區 ; 非都市編定：乙種建築用地,,,,03090000
RPRNMLRLMHLFFFH66DC,豐田段,20.10,都市：住,,,,14680000
RPRPMLSLMHLFFFH96DC,大義段,79.06,都市：住,,,,12930001
