﻿編號,屋齡,建物移轉面積平方公尺,主要用途,主要建材,建築完成日期,總層數,建物分層
The serial number,room age,building shifting area square meter,the main use,main building materials,construction completes the date,total layer,building lamination
RPOOMLOJKHLFFAI67CA,37,67.32,住家用,鋼筋混凝土加強磚造,67年9月4日,二層,一層 二層
RPUNMLNJKHLFFAI08CA,27,297.99,住商用,加強磚造,77年12月7日,二層,一層 二層 電梯樓梯間
RPVNMLOLKHLFFAI48CA,23,216.08,住商用,鋼筋混凝土造,82年6月23日,十二層,一層 二層 三層 陽台 騎樓
RPVNMLOLKHLFFAI48CA,23,27.95,共有部份,鋼筋混凝土造,82年6月23日,十三層,
RPVNMLOLKHLFFAI48CA,23,33.79,共有部份,鋼筋混凝土造,82年6月23日,十三層,
RPXNMLOJKHLFFAI48CA,,190.98,見其他登記事項,見其他登記事項,104年10月21日,四層,一層 二層 三層 四層
RPUOMLPJKHLFFAI38CA,21,149.94,住商用,鋼筋混凝土造,83年7月18日,六層,一層 二層 三層 陽台
RPUOMLPJKHLFFAI38CA,21,38.23,共有部份,鋼筋混凝土造,83年7月18日,六層,
RPPOMLOJKHLFFAI77CA,,194.95,見其他登記事項,見其他登記事項,104年10月21日,四層,一層 二層 三層 四層
RPPOMLNJKHLFFAI67CA,36,145.04,住家用,鋼筋混凝土加強磚造,68年10月9日,二層,一層 二層 電梯樓梯間
RPPNMLPJKHLFFAI77CA,23,21.63,住家用,鋼筋混凝土造,82年6月9日,十六層,十三層
RPPNMLPJKHLFFAI77CA,23,3.59,共有部份,鋼筋混凝土造,82年6月9日,十六層,
RPPNMLPJKHLFFAI77CA,23,4.85,共有部份,鋼筋混凝土造,82年6月9日,十六層,
RPVOMLNJKHLFFAI28CA,32,78.12,集合住宅,鋼筋混凝土造,73年2月20日,五層,二層
RPVOMLNJKHLFFAI28CA,32,9.44,共有部份,鋼筋混凝土造,73年2月20日,五層,
RPUNMLMJKHLFFAI18EA,7,228.47,住家用,鋼筋混凝土構造,98年2月27日,四層,一層 二層 三層 四層 陽台
RPSNMLOJKHLFFAI97CA,33,75.92,住家用,鋼筋混凝土造,72年7月11日,五層,三層
RPSNMLOJKHLFFAI97CA,33,11.98,共有部份,鋼筋混凝土造,72年7月11日,五層,
RPPNMLSJKHLFFAI08CA,13,186.40,停車空間集合住宅,鋼筋混凝土造,92年1月24日,三層,一層 二層 三層 陽台 電梯樓梯間 雨遮
RPVNMLOJKHLFFAI28CA,13,165.32,住家用,鋼筋混凝土造,92年4月16日,三層,一層 二層 三層 陽台 屋頂突出物
RPTNMLQKKHLFFAI38CA,11,115.81,住家用,鋼筋混凝土造,93年10月28日,十四層,四層 陽台
RPTNMLQKKHLFFAI38CA,11,79.80,共有部份,鋼筋混凝土造,93年10月28日,十四層,
RPPNMLRKKHLFFAI08CA,30,114.51,住家用,加強磚造,75年4月23日,二層,一層 二層 電梯樓梯間
RPVNMLQKKHLFFAI58CA,20,75.72,住家用,鋼筋混凝土造,85年3月11日,二十層,七層 陽台
RPVNMLQKKHLFFAI58CA,20,22.59,共有部份,鋼筋混凝土造,85年3月11日,二十層,
RPPNMLOLKHLFFAI87CA,29,261.88,住商用,鋼筋混凝土造,75年9月16日,三層,一層 二層 三層 騎樓 電梯樓梯間 地下層
RPTNMLPKKHLFFAI48EA,10,170.50,住家用,鋼筋混凝土造,94年8月19日,四層,一層 二層 三層 四層 陽台
RPRNMLOLKHLFFAI08CA,21,143.71,住家用,鋼筋混凝土造,83年8月24日,八層,四層 陽台 走廊
RPRNMLOLKHLFFAI08CA,21,17.26,共有部份,鋼筋混凝土造,83年8月24日,八層,
RPRNMLOLKHLFFAI08CA,21,23.42,共有部份,鋼筋混凝土造,83年8月24日,八層,
RPQOMLQKKHLFFAI18CA,3,289.07,住家用,鋼筋混凝土構造,102年1月24日,三層,一層 二層 三層 陽台
RPOOMLPLKHLFFAI97CA,11,181.29,住宅，梯間,鋼筋混凝土造,94年3月22日,三層,一層 二層 三層 陽台 見其他登記事項
RPVOMLPJKHLFFAI48CA,42,76.74,住家用,鋼筋混凝土加強磚造,63年4月2日,二層,一層 二層
RPTOMLPJKHLFFAI28CA,1,552.35,法定騎樓、店舖、住宅、樓梯間,鋼筋混凝土構造,104年6月9日,四層,一層 二層 三層 四層 陽台 騎樓 見其他登記事項
RPSNMLPKKHLFFAI18CA,31,96.50,住商用,鋼筋混凝土造,74年3月13日,四層,一層 二層 三層 四層 騎樓 電梯樓梯間
RPROMLPJKHLFFAI08CA,23,86.76,住家用,鋼筋混凝土造,82年1月12日,八層,二層 陽台
RPROMLPJKHLFFAI08CA,23,33.68,共有部份,鋼筋混凝土造,82年1月12日,八層,
RPPNMLQKKHLFFAI97CA,20,49.20,住家用,鋼筋混凝土造,85年1月30日,十四層,十二層 陽台
RPPNMLQKKHLFFAI97CA,20,11.62,共有部份,鋼筋混凝土造,85年1月31日,十四層,
RPQNMLTKKHLFFAI38CA,20,78.88,住家用,鋼筋混凝土造,84年10月4日,十一層,三層 陽台 花台
RPQNMLTKKHLFFAI38CA,20,14.07,共有部份,鋼筋混凝土造,84年10月4日,十一層,
RPQNMLTKKHLFFAI38CA,20,8.90,共有部份,鋼筋混凝土造,84年10月4日,十一層,
RPPOMLPLKHLFFAI08CA,25,85.37,住家用,鋼筋混凝土造,80年5月18日,七層,七層
RPPOMLPLKHLFFAI08CA,25,15.54,共有部份,鋼筋混凝土造,80年5月18日,七層,
RPPNMLMJLHLFFAI57CA,11,108.26,住家用,鋼筋混凝土造,93年11月3日,十四層,八層 陽台
RPPNMLMJLHLFFAI57CA,11,75.38,共有部份,鋼筋混凝土造,93年11月3日,十四層,
RPWNMLMJLHLFFAI28CA,35,121.19,住商用,鋼筋混凝土造,69年11月3日,二層,一層 二層 騎樓 電梯樓梯間 夾層
RPTOMLKMLHLFFAI38EA,20,85.82,住家用,鋼筋混凝土造,85年3月11日,二十層,十層 陽台
RPTOMLKMLHLFFAI38EA,20,22.59,共有部份,鋼筋混凝土造,85年3月11日,二十層,
RPWNMLKKLHLFFAI18CA,18,104.66,住家用,鋼筋混凝土造,87年3月19日,二十二層,八層
RPWNMLKKLHLFFAI18CA,18,19.62,共有部份,鋼筋混凝土造,87年3月19日,二十二層,
RPWNMLKKLHLFFAI18CA,18,23.26,共有部份,鋼筋混凝土造,87年3月19日,二十二層,
RPTNMLMJLHLFFAI97CA,20,70.82,住家用,鋼筋混凝土造,85年6月18日,九層,九層 露台
RPTNMLMJLHLFFAI97CA,20,15.59,共有部份,鋼筋混凝土造,85年6月18日,九層,
RPSNMLQLKHLFFAI38CA,23,22.61,住家用,鋼筋混凝土造,82年6月9日,十二層,九層 陽台
RPSNMLQLKHLFFAI38CA,23,4.18,共有部份,鋼筋混凝土造,82年6月9日,十二層,
RPSNMLQLKHLFFAI38CA,23,6.58,共有部份,鋼筋混凝土造,82年6月9日,十二層,
RPPNMLNLKHLFFAI77CA,24,150.20,住家用,鋼筋混凝土造,80年12月19日,三層,一層 二層 三層 陽台
RPUNMLQLKHLFFAI58CA,11,127.57,住家用,鋼筋混凝土造,93年10月28日,十四層,八層 陽台
RPUNMLQLKHLFFAI58CA,11,82.70,共有部份,鋼筋混凝土造,93年10月28日,十四層,
RPQNMLLJLHLFFAI57CA,22,103.53,住家用,鋼筋混凝土造,82年12月23日,十二層,五層 陽台 見其他登記事項
RPQNMLLJLHLFFAI57CA,22,10.34,共有部份,鋼筋混凝土造,82年12月23日,十二層,
RPQNMLLJLHLFFAI57CA,22,1.20,共有部份,鋼筋混凝土造,82年12月23日,十二層,
RPQNMLLJLHLFFAI57CA,22,15.81,共有部份,鋼筋混凝土造,82年12月23日,十二層,
RPRNMLPLKHLFFAI38EA,50,50.22,住家用,木造,55年1月10日,一層,一層 地下層
RPRNMLPLKHLFFAI38EA,50,52.41,住家用,木造,54年12月15日,一層,一層 騎樓
RPQNMLOLKHLFFAI97CA,25,113.95,住家用,鋼筋混凝土造,79年11月10日,八層,三層 陽台 花台
RPQNMLOLKHLFFAI97CA,25,32.39,共有部份,鋼筋混凝土造,79年11月10日,八層,
RPTNMLNJLHLFFAI08CA,23,101.18,住家用,鋼筋混凝土造,82年6月9日,十二層,十二層 陽台 花台
RPTNMLNJLHLFFAI08CA,23,18.80,共有部份,鋼筋混凝土造,82年6月9日,十二層,
RPTNMLNJLHLFFAI08CA,23,17.32,共有部份,鋼筋混凝土造,82年6月9日,十二層,
RPOOMLNJLHLFFAI67CA,20,265.87,住商用,鋼筋混凝土造,85年2月16日,五層,一層 二層 三層 四層 五層 陽台 平台 電梯樓梯間 露台
RPUNMLNJLHLFFAI18CA,9,214.85,住宅，樓梯間，停車空間,鋼筋混凝土造,96年5月23日,四層,一層 二層 三層 四層 陽台 見其他登記事項
RPROMLMJLHLFFAI87CA,27,77.05,住家用,鋼筋混凝土造,77年11月8日,七層,二層 陽台
RPROMLMJLHLFFAI87CA,27,12.95,共有部份,鋼筋混凝土造,77年11月8日,七層,
RPQNMLOJLHLFFAI87CA,22,88.95,住家用,鋼筋混凝土造,82年12月22日,七層,五層 陽台 花台
RPQNMLOJLHLFFAI87CA,22,32.24,共有部份,鋼筋混凝土造,82年12月22日,七層,
RPTNMLQLKHLFFAI48CA,11,114.80,住家用,鋼筋混凝土造,93年10月29日,十四層,一層 陽台
RPTNMLQLKHLFFAI48CA,11,70.78,共有部份,鋼筋混凝土造,93年10月29日,十四層,
RPRNMLMJLHLFFAI77CA,11,115.04,住家用,鋼筋混凝土造,93年10月28日,十二層,五層 陽台
RPRNMLMJLHLFFAI77CA,11,72.28,共有部份,鋼筋混凝土造,93年10月28日,十二層,
RPUNMLTJLHLFFAI78CA,12,173.57,住家用,鋼筋混凝土造,92年10月3日,四層,一層 二層 三層 四層 陽台
RPUNMLPLKHLFFAI68EA,38,117.48,住家用,鋼筋混凝土加強磚造,67年1月20日,二層,一層 二層
RPRNMLNJLHLFFAI08EA,22,567.54,辦公室,鋼筋混凝土造,82年12月16日,七層,二層 陽台 花台
RPRNMLNJLHLFFAI08EA,22,173.49,共有部份,鋼筋混凝土造,82年12月16日,七層,
RPPNMLNKLHLFFAI77CA,33,95.58,住家用,鋼筋混凝土造,71年11月16日,五層,一層
RPPNMLNKLHLFFAI77CA,33,13.63,共有部份,鋼筋混凝土造,71年11月16日,五層,
RPXNMLPKLHLFFAI78CA,40,107.06,店舖、住房,鋼筋混凝土造,65年5月14日,三層,一層 二層 三層 騎樓
RPWNMLPKLHLFFAI68CA,21,82.18,住家用,鋼筋混凝土造,84年5月22日,十二層,四層 陽台
RPWNMLPKLHLFFAI68CA,21,21.02,共有部份,鋼筋混凝土造,84年5月22日,十二層,
RPQNMLMJLHLFFAI67CA,24,95.29,住家用,鋼筋混凝土造,80年12月6日,七層,七層 陽台
RPQNMLMJLHLFFAI67CA,24,46.99,共有部份,鋼筋混凝土造,80年12月6日,七層,
RPRNMLLJLHLFFAI67CA,22,101.49,住家用,鋼筋混凝土造,83年6月6日,十層,十層 陽台
RPRNMLLJLHLFFAI67CA,22,19.84,共有部份,鋼筋混凝土造,83年6月6日,十層,
RPRNMLLJLHLFFAI67CA,22,11.28,共有部份,鋼筋混凝土造,83年6月6日,十層,
RPVNMLLJLHLFFAI08CA,20,49.48,住家用,鋼筋混凝土造,85年1月30日,十四層,十三層 陽台
RPVNMLLJLHLFFAI08CA,20,11.62,共有部份,鋼筋混凝土造,85年1月31日,十四層,
RPWNMLLJLHLFFAI18CA,52,100.78,住家用,鋼筋混凝土加強磚造,52年12月30日,二層,一層 二層 騎樓
RPPNMLQLKHLFFAI08CA,18,89.09,住家用,鋼筋混凝土造,87年3月19日,二十二層,七層
RPPNMLQLKHLFFAI08CA,18,16.26,共有部份,鋼筋混凝土造,87年3月19日,二十二層,
RPPNMLQLKHLFFAI08CA,18,19.39,共有部份,鋼筋混凝土造,87年3月19日,二十二層,
RPRNMLOLKHLFFAI28EA,26,1048.33,住房、避難室、自用停車場,鋼筋混凝土、鋼鐵造,78年9月25日,四層,一層 二層 三層 四層 陽台 花台 地下層 見其他登記事項
RPOOMLRJLHLFFAI08CA,20,96.91,住家用,鋼筋混凝土造,84年8月16日,十八層,八層 陽台 花台
RPOOMLRJLHLFFAI08CA,20,31.28,共有部份,鋼筋混凝土造,84年8月16日,十九層,
RPQOMLRJLHLFFAI28CA,,161.61,住家用,鋼筋混凝土造,,,
RPPOMLRJLHLFFAI18CA,20,55.25,住家用,鋼筋混凝土造,85年3月11日,二十層,六層 陽台
RPPOMLRJLHLFFAI18CA,20,13.55,共有部份,鋼筋混凝土造,85年3月11日,二十層,
RPSNMLRKLHLFFAI48CA,1,227.77,店舖、住宅、樓梯間,鋼筋混凝土構造,103年8月7日,四層,一層 二層 三層 四層 陽台 見其他登記事項
RPSNMLRKLHLFFAI48CA,1,.25,本共有部份之項目計有管理室等一項,鋼筋混凝土構造,103年8月7日,一層,
RPTOMLRKLHLFFAI68CA,22,81.57,住家用,鋼筋混凝土造,82年12月29日,十二層,八層 陽台
RPTOMLRKLHLFFAI68CA,22,20.16,共有部份,鋼筋混凝土造,82年12月29日,十二層,
RPPOMLPKLHLFFAI08CA,21,92.28,住家用,鋼筋混凝土造,83年7月23日,十一層,五層 陽台 花台
RPPOMLPKLHLFFAI08CA,21,25.37,共有部份,鋼筋混凝土造,83年7月23日,十一層,
RPSOMLRKLHLFFAI58CA,39,86.40,住家用,鋼筋混凝土加強磚造,66年4月20日,二層,一層 二層
RPSNMLPJLHLFFAI18CA,34,73.71,住商用,鋼筋混凝土加強磚造,70年12月22日,二層,一層 二層 電梯樓梯間
RPTNMLPJLHLFFAI28CA,41,89.88,住家用,鋼筋混凝土加強磚造,63年8月28日,二層,一層 二層
RPQNMLSJLHLFFAI38DA,4,194.90,停車空間、店舖、住宅,鋼筋混凝土構造,100年8月3日,四層,一層 二層 三層 四層 陽台
RPXNMLKKLHLFFAI28CA,22,88.03,住商用,鋼筋混凝土造,83年7月18日,十二層,八層 陽台
RPXNMLKKLHLFFAI28CA,22,7.40,共有部份,鋼筋混凝土造,83年7月18日,十二層,
RPXNMLKKLHLFFAI28CA,22,15.63,共有部份,鋼筋混凝土造,83年7月18日,十二層,
RPQNMLRJLHLFFAI18CA,21,36.16,住家用,鋼筋混凝土造,84年7月11日,十二層,十層 陽台 花台
RPQNMLRJLHLFFAI18CA,21,8.88,共有部份,鋼筋混凝土造,84年7月11日,十二層,
RPRNMLPKLHLFFAI38EA,23,33.12,住家用,鋼筋混凝土造,81年10月29日,十層,六層
RPRNMLPKLHLFFAI38EA,23,1.60,共有部份,鋼筋混凝土造,81年10月29日,十層,
RPRNMLPKLHLFFAI38EA,23,5.03,共有部份,鋼筋混凝土造,81年10月29日,十層,
RPRNMLPKLHLFFAI38EA,23,2.49,共有部份,鋼筋混凝土造,81年10月29日,十層,
RPQNMLPKLHLFFAI28EA,23,31.03,住家用,鋼筋混凝土造,81年10月29日,十層,六層
RPQNMLPKLHLFFAI28EA,23,4.68,共有部份,鋼筋混凝土造,81年10月29日,十層,
RPQNMLPKLHLFFAI28EA,23,1.60,共有部份,鋼筋混凝土造,81年10月29日,十層,
RPQNMLPKLHLFFAI28EA,23,2.24,共有部份,鋼筋混凝土造,81年10月29日,十層,
RPSNMLRJLHLFFAI38CA,7,180.15,停車空間、住宅,鋼筋混凝土構造,98年6月17日,三層,一層 二層 三層
RPVNMLMJLHLFFAI18CA,22,114.62,住家用,鋼筋混凝土造,83年6月2日,十層,二層 陽台
RPVNMLMJLHLFFAI18CA,22,15.92,共有部份,鋼筋混凝土造,83年6月2日,十層,
RPVNMLMJLHLFFAI18CA,22,12.68,共有部份,鋼筋混凝土造,83年6月2日,十層,
RPPOMLMJLHLFFAI67CA,21,91.70,住家用,鋼筋混凝土造,83年9月14日,十二層,十層 陽台 花台
RPPOMLMJLHLFFAI67CA,21,29.42,共有部份,鋼筋混凝土造,83年9月14日,十二層,
RPPNMLLJLHLFFAI47CA,21,27.81,住家用,鋼筋混凝土造,84年7月25日,七層,五層 陽台 花台
RPPNMLLJLHLFFAI47CA,21,10.76,共有部份,鋼筋混凝土造,84年7月25日,七層,
RPQNMLPJLHLFFAI97CA,24,73.45,住家用,鋼筋混凝土造,80年8月15日,七層,七層 陽台
RPQNMLPJLHLFFAI97CA,24,9.98,共有部份,鋼筋混凝土造,80年8月15日,七層,
RPQNMLPJLHLFFAI97CA,24,12.74,共有部份,鋼筋混凝土造,80年8月15日,七層,
RPRNMLPJLHLFFAI08CA,26,115.24,住家用,加強磚造,79年2月7日,二層,一層 二層 電梯樓梯間 夾層 見使用執照
RPWNMLRKLHLFFAI88CA,19,221.58,住商用,鋼筋混凝土造,85年12月11日,四層,一層 二層 三層 四層 陽台 電梯樓梯間
RPSNMLLJLHLFFAI97EA,41,87.92,住家用,鋼筋混凝土加強磚造,64年1月23日,二層,一層 二層
RPSNMLMJLHLFFAI08EA,22,115.16,住家用,鋼筋混凝土造,83年5月30日,十六層,十二層 陽台
RPSNMLMJLHLFFAI08EA,22,54.81,共有部份,鋼筋混凝土造,83年5月30日,十六層,
RPQNMLKKLHLFFAI57CA,22,282.51,住商用,鋼筋混凝土造,83年1月15日,五層,一層 二層 三層 四層 五層 陽台 騎樓 電梯樓梯間
RPOOMLPKLHLFFAI97CA,18,20.92,共有部份,鋼筋混凝土造,87年4月21日,十六層,
RPTNMLLKLHLFFAI97CA,9,244.91,住宅，樓梯間，停車空間,鋼筋混凝土造,96年5月23日,四層,一層 二層 三層 四層 陽台 見其他登記事項
RPQNMLNJLHLFFAI77CA,20,53.82,住家用,鋼筋混凝土造,84年10月9日,七層,六層 陽台
RPQNMLNJLHLFFAI77CA,20,26.81,共有部份,鋼筋混凝土造,84年10月9日,七層,
RPWOMLRKLHLFFAI98CA,38,163.96,住家用,鋼筋混凝土加強磚造,67年1月30日,二層,一層 二層 電梯樓梯間 車庫
RPRNMLOJLHLFFAI97CA,31,90.72,住家用,鋼筋混凝土造,74年5月28日,五層,四層 陽台
RPRNMLOJLHLFFAI97CA,31,5.96,共有部份,鋼筋混凝土造,74年5月28日,五層,
RPSNMLSKLHLFFAI58CA,17,374.47,住家用,鋼筋混凝土造,87年10月26日,四層,一層 二層 三層 四層 陽台 電梯樓梯間
RPSOMLQKLHLFFAI48CA,11,114.03,住家用,鋼筋混凝土造,93年10月28日,十四層,六層 陽台
RPSOMLQKLHLFFAI48CA,11,71.76,共有部份,鋼筋混凝土造,93年10月28日,十四層,
RPSOMLLLJHGGFAI67EA,16,74.56,住家用,鋼筋混凝土造,88年11月29日,十二層,五層 陽台 夾層
RPSOMLLLJHGGFAI67EA,16,15.88,共有部份,鋼筋混凝土造,88年11月29日,十二層,
RPSOMLLLJHGGFAI67EA,16,22.06,共有部份,鋼筋混凝土造,88年11月29日,十二層,
RPSOMLLLJHGGFAI67EA,16,.16,警衛室,鋼筋混凝土造,88年11月29日,十二層,一層 陽台
RPSOMLLLJHGGFAI67EA,16,.03,共有部份,鋼筋混凝土造,88年11月29日,十二層,
RPSNMLOLLHLFFAI28CA,20,110.34,住家用,鋼筋混凝土造,84年9月26日,十二層,四層 陽台
RPSNMLOLLHLFFAI28CA,20,29.90,共有部份,鋼筋混凝土造,84年9月26日,十二層,
RPOOMLPLLHLFFAI08CA,,240.92,店舖、住宅,鋼筋混凝土構造,105年1月11日,四層,一層 二層 三層 四層 陽台
RPPOMLPLLHLFFAI18CA,,248.79,店舖、住宅,鋼筋混凝土構造,105年1月11日,四層,一層 二層 三層 四層 陽台
RPVNMLNJLHLFFAI48EA,21,83.81,住家用,鋼筋混凝土造,84年8月16日,十八層,十層 陽台 花台
RPVNMLNJLHLFFAI48EA,21,29.05,共有部份,鋼筋混凝土造,84年8月16日,十九層,
RPUOMLQKLHLFFAI68CA,23,36.77,儲藏室,鋼筋混凝土造,81年12月10日,十六層,
RPUOMLQKLHLFFAI68CA,23,6.85,共有部份,鋼筋混凝土造,81年12月10日,十六層,
RPUOMLQKLHLFFAI68CA,23,109.77,住家用,鋼筋混凝土造,81年12月10日,十六層,十一層 陽台 花台
RPUOMLQKLHLFFAI68CA,23,18.81,共有部份,鋼筋混凝土造,81年12月10日,十六層,
RPUOMLQKLHLFFAI68CA,23,.21,共有部份,鋼筋混凝土造,81年12月10日,十六層,
RPUNMLLLLHLFFAI18CA,11,198.34,停車空間、住宅,鋼筋混凝土造,94年6月3日,四層,一層 二層 三層 四層 陽台 雨遮
RPPNMLKLLHLFFAI57CA,41,104.05,住家用,鋼筋混凝土加強磚造,64年2月8日,二層,一層 二層 電梯樓梯間
RPVNMLSKLHLFFAI88CA,21,90.02,住家用,鋼筋混凝土造,83年12月23日,十四層,八層 陽台 花台
RPVNMLSKLHLFFAI88CA,21,24.53,共有部份,鋼筋混凝土造,83年12月23日,十四層,
RPVNMLSKLHLFFAI88CA,21,14.29,共有部份,鋼筋混凝土造,83年12月23日,十四層,
RPTNMLSKLHLFFAI68CA,20,17.03,商業用,鋼筋混凝土造,85年3月1日,十一層,十一層
RPTNMLSKLHLFFAI68CA,20,8.41,共有部份,鋼筋混凝土造,85年3月1日,十一層,
RPTNMLSKLHLFFAI68CA,20,5.02,共有部份,鋼筋混凝土造,85年3月1日,十一層,
RPWOMLQKLHLFFAI88CA,20,15.27,共有部份,鋼筋混凝土造,84年10月4日,十一層,
RPQOMLPKLHLFFAI18CA,23,35.31,住家用,鋼筋混凝土造,82年4月23日,八層,七層
RPQOMLPKLHLFFAI18CA,23,20.90,共有部份,鋼筋混凝土造,82年4月23日,八層,
RPXOMLQKLHLFFAI98CA,20,112.96,住家用,鋼筋混凝土造,84年10月4日,十一層,六層 陽台
RPXOMLQKLHLFFAI98CA,20,21.45,共有部份,鋼筋混凝土造,84年10月4日,十一層,
RPXOMLQKLHLFFAI98CA,20,13.90,共有部份,鋼筋混凝土造,84年10月4日,十一層,
RPRNMLMKLHLFFAI87CA,23,117.56,住家用,鋼筋混凝土造,81年12月10日,十六層,十層 陽台 花台
RPRNMLMKLHLFFAI87CA,23,7.40,共有部份,鋼筋混凝土造,81年12月10日,十六層,
RPRNMLMKLHLFFAI87CA,23,19.99,共有部份,鋼筋混凝土造,81年12月10日,十六層,
RPRNMLMKLHLFFAI87CA,23,36.77,儲藏室,鋼筋混凝土造,81年12月10日,十六層,
RPRNMLMKLHLFFAI87CA,23,.21,共有部份,鋼筋混凝土造,81年12月10日,十六層,
RPVNMLKKLHLFFAI08CA,22,138.47,住家用,鋼筋混凝土造,83年4月8日,十二層,三層 陽台 花台
RPVNMLKKLHLFFAI08CA,22,18.01,共有部份,鋼筋混凝土造,83年4月8日,十二層,
RPVNMLKKLHLFFAI08CA,22,11.60,共有部份,鋼筋混凝土造,83年4月8日,十二層,
RPPNMLPJLHLFFAI87CA,22,32.93,住家用,鋼筋混凝土造,83年5月6日,七層,六層 陽台
RPPNMLPJLHLFFAI87CA,22,6.73,共有部份,鋼筋混凝土造,83年5月6日,七層,
RPPNMLPJLHLFFAI87CA,22,6.33,共有部份,鋼筋混凝土造,83年5月6日,七層,
RPUNMLOJLHLFFAI28CA,18,62.35,住家用,鋼筋混凝土造,87年3月19日,二十二層,十二層
RPUNMLOJLHLFFAI28CA,18,12.16,共有部份,鋼筋混凝土造,87年3月19日,二十二層,
RPUNMLOJLHLFFAI28CA,18,12.92,共有部份,鋼筋混凝土造,87年3月19日,二十二層,
RPTNMLRJLHLFFAI48CA,23,110.08,住家用,鋼筋混凝土造,81年8月28日,十層,四層 陽台 露台
RPWNMLRJLHLFFAI78CA,,117.74,住商用,鋼筋混凝土加強磚造,,,
RPTNMLRJLHLFFAI48CA,23,23.47,共有部份,鋼筋混凝土造,81年8月28日,十層,
RPRNMLTJLHLFFAI48CA,23,33.55,住家用,鋼筋混凝土造,82年6月9日,十六層,四層 陽台
RPRNMLTJLHLFFAI48CA,23,5.50,共有部份,鋼筋混凝土造,82年6月9日,十六層,
RPRNMLTJLHLFFAI48CA,23,7.27,共有部份,鋼筋混凝土造,82年6月9日,十六層,
RPPNMLRJLHLFFAI08CA,30,46.02,住家用,鋼筋混凝土造,74年12月14日,四層,一層
RPPNMLRJLHLFFAI08CA,30,1.41,共有部份,鋼筋混凝土造,74年12月14日,四層,
RPPNMLRJLHLFFAI08CA,30,3.32,共有部份,鋼筋混凝土造,74年12月14日,四層,
RPPNMLRJLHLFFAI08CA,30,1.65,共有部份,鋼筋混凝土造,74年12月14日,四層,
RPROMLPKLHLFFAI28CA,30,102.30,住家用,鋼筋混凝土造,74年12月28日,二層,一層 二層 陽台 平台 電梯樓梯間
RPVOMLQKLHLFFAI78CA,2,160.47,住宅、樓梯間,鋼筋混凝土構造,102年10月28日,三層,一層 二層 三層 陽台 見其他登記事項
RPUOMLRKLHLFFAI78CA,23,95.81,住商用,鋼筋混凝土造,81年11月11日,五層,一層 平台
RPUOMLRKLHLFFAI78CA,23,15.87,共有部份,鋼筋混凝土造,81年11月11日,五層,
RPOOMLQKLHLFFAI28EA,25,47.43,住家用,鋼筋混凝土造,80年6月26日,六層,五層 花台
RPOOMLQKLHLFFAI28EA,25,19.71,共有部份,鋼筋混凝土造,80年6月26日,六層,
RPTNMLSJLHLFFAI78EA,25,60.43,住家用,鋼筋混凝土造,79年11月10日,八層,五層 陽台
RPTNMLSJLHLFFAI78EA,25,9.65,共有部份,鋼筋混凝土造,79年11月10日,八層,
RPQNMLTJLHLFFAI48DA,52,63.52,住家用,木造,53年6月30日,二層,一層 二層
RPQNMLLKLHLFFAI77DA,23,19.89,住家用,鋼筋混凝土造,82年6月9日,十六層,十三層
RPQNMLLKLHLFFAI77DA,23,3.23,共有部份,鋼筋混凝土造,82年6月9日,十六層,
RPQNMLLKLHLFFAI77DA,23,4.49,共有部份,鋼筋混凝土造,82年6月9日,十六層,
RPOOMLKMLHLFFAI67CA,2,253.05,旅館、停車空間、樓梯間,鋼筋混凝土構造,102年9月6日,三層,一層 二層 三層 陽台 見其他登記事項
RPOOMLKMLHLFFAI67CA,2,.25,本共有部分之項目有公共管理空間等一項。,鋼筋混凝土構造,102年9月6日,一層,
RPXOMLRKLHLFFAI09CA,23,82.74,住家用,鋼筋混凝土造,82年6月9日,十六層,四層 陽台
RPXOMLRKLHLFFAI09CA,23,20.36,共有部份,鋼筋混凝土造,82年6月9日,十六層,
RPXOMLRKLHLFFAI09CA,23,13.52,共有部份,鋼筋混凝土造,82年6月9日,十六層,
RPRNMLKMLHLFFAI87CA,39,94.24,住家用,鋼筋混凝土加強磚造,65年8月27日,二層,一層 二層
RPQNMLQLLHLFFAI28CA,18,104.66,住家用,鋼筋混凝土造,87年3月19日,二十二層,三層
RPQNMLQLLHLFFAI28CA,18,19.62,共有部份,鋼筋混凝土造,87年3月19日,二十二層,
RPQNMLQLLHLFFAI28CA,18,23.26,共有部份,鋼筋混凝土造,87年3月19日,二十二層,
RPTOMLQKLHLFFAI58CA,23,1.33,辦公室,鋼筋混凝土造,82年6月16日,六層,
RPTOMLQKLHLFFAI58CA,23,18.90,共有部份,鋼筋混凝土造,82年6月16日,六層,
RPPNMLPKLHLFFAI97CA,27,129.06,住家用,加強磚造,78年4月14日,二層,一層 二層 電梯樓梯間 夾層
RPTOMLQKLHLFFAI58CA,23,28.80,共有部份,鋼筋混凝土造,82年6月16日,六層,
RPTOMLQKLHLFFAI58CA,23,.03,共有部份,鋼筋混凝土造,82年6月16日,六層,
RPTOMLQKLHLFFAI58CA,23,.02,共有部份,鋼筋混凝土造,82年6月16日,六層,
RPTOMLQKLHLFFAI58CA,23,94.34,住家用,鋼筋混凝土造,82年6月16日,六層,二層 陽台 花台
RPSNMLLKLHLFFAI87CA,4,551.89,住商用,鋼筋混凝土構造,101年2月16日,四層,一層 二層 三層 四層 陽台
RPPNMLMKLHLFFAI67CA,4,177.07,住家用,鋼筋混凝土構造,101年5月22日,四層,一層 二層 三層 四層 陽台
RPVNMLPKLHLFFAI58CA,32,61.60,住家用,鋼筋混凝土造,72年10月17日,八層,三層 陽台
RPVNMLPKLHLFFAI58CA,32,15.95,共有部份,鋼筋混凝土造,72年10月17日,八層,
RPQOMLQKLHLFFAI28CA,24,50.09,住家用,鋼筋混凝土造,80年8月13日,七層,三層 陽台
RPQOMLQKLHLFFAI28CA,24,8.60,共有部份,鋼筋混凝土造,80年8月13日,七層,
RPQOMLQKLHLFFAI28CA,24,8.31,避難室、停車場,鋼筋混凝土造,80年8月13日,七層,
RPTNMLKKLHLFFAI87CA,4,211.95,住商用,鋼筋混凝土構造,101年2月16日,四層,一層 二層 三層 四層 陽台
RPSNMLTJLHLFFAI78EA,23,28.64,住家用,鋼筋混凝土造,82年6月9日,十六層,八層 陽台
RPSNMLTJLHLFFAI78EA,23,6.21,共有部份,鋼筋混凝土造,82年6月9日,十六層,
RPSNMLTJLHLFFAI78EA,23,4.66,共有部份,鋼筋混凝土造,82年6月9日,十六層,
RPQNMLNLLHLFFAI18EA,41,145.38,住商用,鋼筋混凝土加強磚造,64年2月5日,二層,一層 二層 騎樓
RPWNMLQKLHLFFAI98EA,35,14.81,住家用,鋼筋混凝土造,70年4月21日,九層,九層
RPWNMLQKLHLFFAI98EA,35,5.16,共有部份,鋼筋混凝土造,70年4月21日,九層,
RPQNMLMKLHLFFAI77CA,9,221.50,住家用,鋼筋混凝土造,96年1月24日,四層,一層 二層 三層 四層 陽台
RPUNMLLKLHLFFAI08CA,21,62.73,商業用,鋼筋混凝土造,84年7月24日,十四層,九層
RPUNMLLKLHLFFAI08CA,21,21.34,共有部份,鋼筋混凝土造,84年7月24日,十四層,
RPUNMLLKLHLFFAI08CA,21,27.84,共有部份,鋼筋混凝土造,84年7月24日,十四層,
RPUNMLLKLHLFFAI08CA,21,1.16,商業用,鋼筋混凝土造,84年7月24日,十四層,
RPSOMLTLLHLFFAI88CA,31,133.03,住家用,加強磚造,73年10月22日,二層,一層 二層 電梯樓梯間
RPRNMLNLLHLFFAI08CA,20,2938.53,店舖，辦公室，停車空間,鋼筋混凝土造,85年3月11日,二十層,地下一層
RPRNMLNLLHLFFAI08CA,20,579.81,共有部份,鋼筋混凝土造,85年3月11日,二十層,
RPUNMLOKLHLFFAI58EA,21,60.51,住家用,鋼筋混凝土造,83年11月11日,二十一層,九層 陽台 花台
RPUNMLOKLHLFFAI58EA,21,14.41,共有部份,鋼筋混凝土造,83年11月11日,二十一層,
RPPNMLLKLHLFFAI67DA,13,112.42,住家用,鋼筋混凝土造,92年3月17日,十四層,四層 陽台
RPPNMLLKLHLFFAI67DA,13,62.70,共有部份,鋼筋混凝土造,92年3月17日,十四層,
RPTNMLOKLHLFFAI48EA,46,73.11,住家用,加強磚造,58年12月16日,二層,一層 二層
RPVNMLRKLHLFFAI98EA,33,95.58,住家用,鋼筋混凝土造,71年11月16日,五層,三層
RPVNMLRKLHLFFAI98EA,33,13.63,共有部份,鋼筋混凝土造,71年11月16日,五層,
RPRNMLSKLHLFFAI68EA,21,59.16,住家用,鋼筋混凝土造,83年11月29日,十六層,三層 陽台 露台 花台
RPRNMLSKLHLFFAI68EA,21,19.97,共有部份,鋼筋混凝土造,83年11月29日,十六層,
RPXNMLLMLHLFFAI58CA,24,55.68,住家用,鋼筋混凝土造,80年11月2日,八層,八層 陽台
RPXNMLLMLHLFFAI58CA,24,12.78,共有部份,鋼筋混凝土造,80年11月2日,八層,
RPTNMLOLLHLFFAI38CA,23,55.63,住家用,鋼筋混凝土造,82年6月12日,七層,四層 陽台 花台
RPTNMLOLLHLFFAI38CA,23,8.69,共有部份,鋼筋混凝土造,82年6月12日,七層,
RPTNMLOLLHLFFAI38CA,23,9.15,共有部份,鋼筋混凝土造,82年6月12日,七層,
RPUNMLQKLHLFFAI58CA,23,67.08,住家用,鋼筋混凝土造,82年6月9日,十二層,八層 陽台
RPUNMLQKLHLFFAI58CA,23,12.53,共有部份,鋼筋混凝土造,82年6月9日,十二層,
RPUNMLQKLHLFFAI58CA,23,10.58,共有部份,鋼筋混凝土造,82年6月9日,十二層,
RPXNMLQKLHLFFAI88CA,38,85.14,住家用,鋼筋混凝土造,67年3月23日,七層,五層
RPXNMLQKLHLFFAI88CA,38,12.62,共有部份,預力混凝土造,67年3月23日,四層,
RPPNMLRKLHLFFAI18CA,20,36.74,住家用,鋼筋混凝土造,84年10月13日,十二層,八層 陽台
RPPNMLRKLHLFFAI18CA,20,7.78,共有部份,鋼筋混凝土造,84年10月13日,十二層,
RPQOMLSLLHLFFAI58CA,8,199.03,住宅，樓梯間,鋼筋混凝土造,96年10月24日,三層,一層 二層 三層 陽台 見其他登記事項
RPTNMLQLLHLFFAI58CA,5,208.56,店舖、住宅、樓梯間,鋼筋混凝土構造,99年10月25日,三層,一層 二層 三層 陽台 見其他登記事項
RPXNMLQKLHLFFAI09EA,37,171.72,住家用,鋼筋混凝土加強磚造,67年10月18日,二層,一層 二層 騎樓 電梯樓梯間
RPQNMLRJMHLFFAI48EA,2,204.47,住宅、樓梯間,鋼筋混凝土構造,103年5月8日,四層,一層 二層 三層 陽台 見其他登記事項
RPRNMLQJMHLFFAI48EA,43,76.21,住家用,鋼筋混凝土造,62年3月28日,二層,一層 二層 騎樓
RPRNMLRJMHLFFAI58EA,23,346.20,壹層辦公室、店舖，貳層辦公室,鋼筋混凝土造,82年6月9日,十六層,一層 二層 陽台 平台
RPRNMLRJMHLFFAI58EA,23,56.57,共有部份,鋼筋混凝土造,82年6月9日,十六層,
RPRNMLRJMHLFFAI58EA,23,33.52,共有部份,鋼筋混凝土造,82年6月9日,十六層,
RPTNMLPKLHLFFAI58EA,46,115.35,住商用,鋼筋混凝土加強磚造,59年6月22日,二層,一層 二層 騎樓
RPRNMLQLLHLFFAI38CA,36,127.91,住商用,鋼筋混凝土加強磚造,69年7月29日,三層,一層 二層 三層 騎樓
RPRNMLQLLHLFFAI38CA,36,173.82,住商用,鋼筋混凝土加強磚造,69年7月29日,三層,一層 二層 三層 騎樓 電梯樓梯間 地下層
RPUNMLQLLHLFFAI68CA,20,54.16,住家用,鋼筋混凝土造,85年3月11日,二十層,九層 陽台
RPUNMLQLLHLFFAI68CA,20,16.57,共有部份,鋼筋混凝土造,85年3月11日,二十層,
RPVNMLKMLHLFFAI28CA,27,93.28,住家用,鋼筋混凝土造,78年7月3日,十二層,九層 陽台
RPVNMLKMLHLFFAI28CA,27,13.15,共有部份,鋼筋混凝土造,78年7月3日,十二層,
RPVNMLKMLHLFFAI28CA,27,10.56,共有部份,鋼筋混凝土造,78年7月3日,十二層,
RPSNMLSLLHLFFAI68CA,24,99.15,住家用,鋼筋混凝土造,81年6月26日,十五層,十一層 陽台
RPQNMLSLLHLFFAI48CA,11,103.08,住家用,鋼筋混凝土造,93年11月3日,十四層,十四層 陽台
RPSNMLSLLHLFFAI68CA,24,33.73,共有部份,鋼筋混凝土造,81年6月26日,十五層,
RPQNMLSLLHLFFAI48CA,11,66.24,共有部份,鋼筋混凝土造,93年11月3日,十四層,
RPSNMLSLLHLFFAI68CA,24,17.94,共有部份,鋼筋混凝土造,81年6月26日,十五層,
RPRNMLSLLHLFFAI58CA,11,108.26,住家用,鋼筋混凝土造,93年11月3日,十四層,一層 陽台
RPRNMLSLLHLFFAI58CA,11,75.38,共有部份,鋼筋混凝土造,93年11月3日,十四層,
RPROMLLMLHLFFAI08CA,21,340.85,住家用,鋼筋混凝土造,84年8月8日,四層,一層 二層 三層 四層 陽台 電梯樓梯間
RPVNMLOLLHLFFAI58CA,18,86.26,住家用,鋼筋混凝土造,87年3月19日,二十二層,五層
RPVNMLOLLHLFFAI58CA,18,15.59,共有部份,鋼筋混凝土造,87年3月19日,二十二層,
RPVNMLOLLHLFFAI58CA,18,18.09,共有部份,鋼筋混凝土造,87年3月19日,二十二層,
RPVNMLOLLHLFFAI58CA,18,15.00,見其他登記事項,鋼筋混凝土造,87年3月19日,二十二層,
RPVNMLOLLHLFFAI58CA,18,15.51,共有部份,鋼筋混凝土造,87年3月19日,二十二層,
RPWNMLKMLHLFFAI38CA,41,73.35,住家用,鋼筋混凝土加強磚造,64年6月30日,二層,一層 二層
RPPNMLQLLHLFFAI18CA,20,47.45,住家用,鋼筋混凝土造,85年3月11日,二十層,四層 陽台
RPPNMLQLLHLFFAI18CA,20,12.05,共有部份,鋼筋混凝土造,85年3月11日,二十層,
RPUNMLMLLHLFFAI28CA,22,92.28,住家用,鋼筋混凝土造,83年7月23日,十一層,八層 陽台 花台
RPUNMLMLLHLFFAI28CA,22,20.32,共有部份,鋼筋混凝土造,83年7月23日,十一層,
RPVNMLSLLHLFFAI98CA,12,151.74,住家用,鋼筋混凝土造,92年11月13日,三層,一層 二層 三層 陽台 雨遮
RPWNMLSLLHLFFAI09CA,21,150.27,住商用,鋼筋混凝土造,83年10月11日,五層,一層 夾層 地下層
RPWNMLSLLHLFFAI09CA,21,18.94,共有部份,鋼筋混凝土造,83年10月11日,五層,
RPXNMLSLLHLFFAI56CA,22,82.77,住家用,鋼筋混凝土造,83年7月18日,十二層,十二層 陽台
RPXNMLSLLHLFFAI56CA,22,24.37,共有部份,鋼筋混凝土造,83年7月18日,十二層,
RPROMLRKLHLFFAI68EA,21,68.25,住家用,鋼筋混凝土造,83年11月25日,十六層,十一層 陽台
RPROMLRKLHLFFAI68EA,21,13.71,共有部份,鋼筋混凝土造,83年11月25日,十六層,
RPROMLRKLHLFFAI68EA,21,5.24,共有部份,鋼筋混凝土造,83年11月25日,十六層,
RPVOMLKMLHLFFAI38CA,21,28.33,住家用,鋼筋混凝土造,84年7月12日,六層,四層
RPVOMLKMLHLFFAI38CA,21,15.53,共有部份,鋼筋混凝土造,84年7月12日,六層,
RPWNMLMLLHLFFAI48CA,33,97.92,住家用,鋼筋混凝土造,71年12月30日,五層,五層
RPWNMLMLLHLFFAI48CA,33,7.52,共有部份,鋼筋混凝土造,71年12月30日,五層,
RPWNMLMLLHLFFAI48CA,33,8.40,共有部份,鋼筋混凝土造,71年12月30日,五層,
RPWNMLLLLHLFFAI38CA,18,79.71,住家用,鋼筋混凝土造,87年3月19日,二十二層,六層
RPWNMLLLLHLFFAI38CA,18,16.21,共有部份,鋼筋混凝土造,87年3月19日,二十二層,
RPWNMLLLLHLFFAI38CA,18,16.80,共有部份,鋼筋混凝土造,87年3月19日,二十二層,
RPQOMLLMLHLFFAI97CA,27,20.41,住家用,鋼筋混凝土造,78年2月3日,七層,二層 陽台
RPQOMLLMLHLFFAI97CA,27,11.04,共有部份,鋼筋混凝土造,78年2月3日,七層,
RPPNMLLLLHLFFAI87EA,23,18.24,住家用,鋼筋混凝土造,82年6月9日,十二層,七層 陽台
RPPNMLLLLHLFFAI87EA,23,3.41,共有部份,鋼筋混凝土造,82年6月9日,十二層,
RPPNMLLLLHLFFAI87EA,23,5.28,共有部份,鋼筋混凝土造,82年6月9日,十二層,
RPRNMLPJMHLFFAI18CA,9,206.05,停車空間，店舖，住宅,鋼筋混凝土造,96年8月28日,四層,一層 二層 三層 四層 陽台
RPPNMLOJMHLFFAI87CA,4,188.44,住家用,鋼筋混凝土構造,101年4月5日,四層,一層 二層 三層 四層 陽台
RPSNMLPJMHLFFAI28CA,8,230.14,旅館,鋼筋混凝土造,97年6月17日,四層,一層 二層 三層 四層 陽台
RPUNMLSKLHLFFAI98EA,19,15.01,停車空間,鋼筋混凝土造,86年5月16日,七層,地下層
RPUNMLSKLHLFFAI98EA,19,3.33,共有部份,鋼筋混凝土造,86年5月16日,七層,
RPTOMLLMLHLFFAI28CA,51,155.50,住商用,鋼筋混凝土加強磚造,53年6月30日,二層,一層 二層 騎樓
RPSOMLLMLHLFFAI18CA,23,71.38,住家用,鋼筋混凝土造,82年6月9日,十六層,七層 陽台
RPSOMLLMLHLFFAI18CA,23,17.57,共有部份,鋼筋混凝土造,82年6月9日,十六層,
RPSOMLLMLHLFFAI18CA,23,11.72,共有部份,鋼筋混凝土造,82年6月9日,十六層,
RPRNMLOKMHLFFAI18CA,26,65.69,住商用,見其他登記事項,79年3月22日,一層,
RPSNMLKMLHLFFAI97CA,22,105.97,住家用,鋼筋混凝土造,82年8月28日,六層,三層 陽台 花台
RPSNMLKMLHLFFAI97CA,22,34.56,共有部份,鋼筋混凝土造,82年8月28日,六層,
RPTNMLKMLHLFFAI08CA,17,84.10,住家用,鋼筋混凝土造,88年7月31日,十四層,七層 陽台 雨遮
RPTNMLKMLHLFFAI08CA,17,14.16,共有部份,鋼筋混凝土造,88年7月31日,十四層,
RPTNMLKMLHLFFAI08CA,17,9.81,共有部份,鋼筋混凝土造,88年7月31日,十四層,
RPWNMLPKMHLFFAI78CA,29,89.64,住家用,鋼筋混凝土造,75年11月26日,五層,五層 陽台
RPWNMLPKMHLFFAI78CA,29,8.50,共有部份,鋼筋混凝土造,75年12月26日,五層,
RPWNMLPKMHLFFAI78CA,29,7.94,共有部份,鋼筋混凝土造,75年11月26日,五層,
RPXNMLPKMHLFFAI88CA,24,77.15,住家用,鋼筋混凝土造,80年11月25日,十層,九層 陽台
RPXNMLPKMHLFFAI88CA,24,12.67,共有部份,鋼筋混凝土造,80年11月25日,十層,
RPXNMLPKMHLFFAI88CA,24,17.01,避難室、停車場,鋼筋混凝土造,80年11月25日,十層,
RPPNMLQKMHLFFAI18CA,39,104.62,住家用,鋼筋混凝土加強磚造,66年2月12日,二層,一層 二層 騎樓
RPQNMLPLLHLFFAI18CA,32,182.51,住家用,鋼筋混凝土造,73年5月31日,四層,一層 二層 三層 四層 騎樓 電梯樓梯間
RPVNMLMLLHLFFAI38CA,11,108.12,住家用,鋼筋混凝土造,93年11月3日,十四層,九層 陽台
RPVNMLMLLHLFFAI38CA,11,69.55,共有部份,鋼筋混凝土造,93年11月3日,十四層,
RPWNMLOLLHLFFAI68CA,8,8.36,辦公室,鋼筋混凝土造,97年3月3日,四層,三層 陽台
RPWNMLOLLHLFFAI68CA,8,5.66,共有部份,鋼筋混凝土造,97年3月3日,四層,
RPXNMLOLLHLFFAI78CA,39,88.30,住家用,鋼筋混凝土加強磚造,66年5月30日,二層,一層 二層 電梯樓梯間
RPQNMLOLLHLFFAI08CA,23,33.55,住家用,鋼筋混凝土造,82年6月9日,十六層,十層 陽台
RPQNMLOLLHLFFAI08CA,23,5.50,共有部份,鋼筋混凝土造,82年6月9日,十六層,
RPQNMLOLLHLFFAI08CA,23,7.27,共有部份,鋼筋混凝土造,82年6月9日,十六層,
RPPNMLNJMHLFFAI77CA,45,72.06,住家用,見其他登記事項,60年7月1日,一層,
RPQNMLNJMHLFFAI87CA,23,96.80,住家用,鋼筋混凝土造,82年1月8日,七層,五層 陽台
RPQNMLNJMHLFFAI87CA,23,7.47,共有部份,鋼筋混凝土造,82年1月8日,七層,
RPQNMLNJMHLFFAI87CA,23,11.05,共有部份,鋼筋混凝土造,82年1月8日,七層,
RPUOMLLMLHLFFAI38CA,27,125.29,住家用,鋼筋混凝土造,78年6月6日,五層,二層 陽台
RPUOMLLMLHLFFAI38CA,27,20.86,共有部份,鋼筋混凝土造,78年6月6日,五層,
RPPOMLLMLHLFFAI87CA,34,129.30,住家用,鋼筋混凝土加強磚造,70年12月26日,二層,一層 二層 陽台 電梯樓梯間
RPPNMLMJMHLFFAI67CA,39,119.91,住商用,鋼筋混凝土加強磚造,65年9月18日,三層,一層 二層 三層 騎樓
RPSNMLMKMHLFFAI08CA,33,62.62,住家用,鋼筋混凝土造,72年7月8日,五層,二層 陽台
RPSNMLMKMHLFFAI08CA,33,7.42,共有部份,鋼筋混凝土造,72年7月8日,五層,
RPSNMLMKMHLFFAI08CA,33,4.94,共有部份,鋼筋混凝土造,72年7月8日,五層,
RPSNMLMJMHLFFAI97CA,22,126.79,住家用,鋼筋混凝土造,83年7月4日,十二層,四層 陽台
RPSNMLMJMHLFFAI97CA,22,23.96,共有部份,鋼筋混凝土造,83年7月4日,十二層,
RPSNMLMJMHLFFAI97CA,22,8.33,共有部份,鋼筋混凝土造,83年7月4日,十二層,
RPQNMLOKMHLFFAI08CA,12,160.48,住宅，梯間,鋼筋混凝土造,92年12月8日,三層,一層 二層 三層 陽台 見其他登記事項
RPPOMLKMLHLFFAI97EA,30,165.67,住家用,加強磚造,75年2月6日,二層,一層 二層 電梯樓梯間
RPQNMLQJMHLFFAI38EA,11,211.85,住家用,鋼筋混凝土造,94年2月2日,四層,一層 二層 三層 四層 陽台 騎樓
RPQNMLPJMHLFFAI08CA,34,143.91,住家用,鋼筋混凝土造,70年8月18日,二層,一層 二層 電梯樓梯間
RPTNMLMJMHLFFAI08CA,22,188.85,住商用,鋼筋混凝土造,82年10月12日,七層,一層 二層 三層 陽台 平台 騎樓 花台 地下層
RPTNMLMJMHLFFAI08CA,22,34.48,共有部份,鋼筋混凝土造,82年10月12日,七層,
RPOOMLSLLHLFFAI38CA,2,428.26,停車空間、住宅、機電設備空間,鋼筋混凝土構造,103年7月15日,五層,一層 二層 三層 四層 五層 陽台
RPPOMLOLLHLFFAI08CA,2,306.14,住家用,鋼筋混凝土構造,103年7月15日,五層,一層 二層 三層 四層 五層 陽台 屋簷
RPUOMLLJMHLFFAI18CA,,240.93,店舖、住宅,鋼筋混凝土構造,105年1月11日,四層,一層 二層 三層 四層 陽台
RPWOMLLJMHLFFAI38CA,23,80.42,住家用,鋼筋混凝土造,82年3月25日,六層,六層 陽台 花台
RPWOMLLJMHLFFAI38CA,23,19.29,共有部份,鋼筋混凝土造,82年3月25日,七層,
RPWOMLLJMHLFFAI38CA,23,29.25,共有部份,鋼筋混凝土造,82年3月25日,六層,
RPWOMLLJMHLFFAI38CA,23,.34,住家用,鋼筋混凝土造,82年3月25日,六層,
RPWOMLLJMHLFFAI38CA,23,.07,共有部份,鋼筋混凝土造,82年3月25日,七層,
RPOOMLLJMHLFFAI57CA,42,16.99,工業用,鋼筋混凝土加強磚造,63年7月13日,二層,一層 二層
RPQOMLKMLHLFFAI87CA,21,87.31,住家用,鋼筋混凝土造,83年12月23日,九層,三層 陽台
RPQOMLKMLHLFFAI87CA,21,19.62,共有部份,鋼筋混凝土造,83年12月23日,九層,
RPQOMLLJMHLFFAI97EA,42,73.89,住家用,鋼筋混凝土加強磚造,63年4月2日,二層,一層 二層
RPSNMLLJMHLFFAI87CA,42,63.04,住家用,木造,63年3月5日,二層,一層 二層
RPQNMLKLMHLFFAI77CA,23,75.76,住家用,鋼筋混凝土造,81年12月10日,七層,四層
RPQNMLKLMHLFFAI77CA,23,19.12,共有部份,鋼筋混凝土造,81年12月10日,七層,
RPWNMLPLLHLFFAI98EA,21,83.81,住家用,鋼筋混凝土造,84年8月16日,十八層,三層 陽台 花台
RPWNMLPLLHLFFAI98EA,21,29.05,共有部份,鋼筋混凝土造,84年8月16日,十九層,
RPSNMLSLLHLFFAI88EA,33,72.79,住家用,鋼筋混凝土造,72年3月24日,五層,五層
RPSNMLSLLHLFFAI88EA,33,12.57,共有部份,鋼筋混凝土造,72年3月24日,五層,
RPUNMLSLLHLFFAI09EA,11,115.59,住家用,鋼筋混凝土造,93年10月28日,十四層,九層 陽台
RPUNMLSLLHLFFAI09EA,11,79.63,共有部份,鋼筋混凝土造,93年10月28日,十四層,
RPUNMLTKMHLFFAI98CA,9,227.06,住宅，梯間,鋼筋混凝土造,95年12月26日,四層,一層 二層 三層 四層 陽台 見其他登記事項
RPRNMLLMLHLFFAI97CA,21,112.59,住家用,鋼筋混凝土造,84年8月16日,十八層,四層 陽台 花台
RPRNMLLMLHLFFAI97CA,21,15.91,共有部份,鋼筋混凝土造,84年8月16日,十九層,
RPRNMLLMLHLFFAI97CA,21,40.22,共有部份,鋼筋混凝土造,84年8月16日,十九層,
RPTNMLPLLHLFFAI48CA,16,67.44,住家用,鋼筋混凝土造,88年11月29日,十二層,九層 陽台 夾層
RPTNMLPLLHLFFAI48CA,16,17.65,共有部份,鋼筋混凝土造,88年11月29日,十二層,
RPTNMLPLLHLFFAI48CA,16,9.86,共有部份,鋼筋混凝土造,88年11月29日,十二層,
RPTNMLPLLHLFFAI48CA,16,.13,警衛室,鋼筋混凝土造,88年11月29日,十二層,
RPSNMLPLLHLFFAI38CA,35,56.96,住家用,鋼筋混凝土造,70年4月21日,九層,四層
RPSNMLPLLHLFFAI38CA,35,5.16,共有部份,鋼筋混凝土造,70年4月21日,九層,
RPPOMLTKMHLFFAI58CA,21,36.16,住家用,鋼筋混凝土造,84年7月11日,十二層,十層 陽台 花台
RPPOMLTKMHLFFAI58CA,21,8.88,共有部份,鋼筋混凝土造,84年7月11日,十二層,
RPUNMLPLLHLFFAI58CA,22,32.93,住家用,鋼筋混凝土造,83年5月6日,七層,四層 陽台
RPUNMLPLLHLFFAI58CA,22,6.73,共有部份,鋼筋混凝土造,83年5月6日,七層,
RPQNMLOJMHLFFAI97CA,19,90.59,住家用,鋼筋混凝土造,85年9月20日,七層,三層 陽台 花台
RPUNMLPLLHLFFAI58CA,22,6.33,共有部份,鋼筋混凝土造,83年5月6日,七層,
RPQNMLOJMHLFFAI97CA,19,25.14,共有部份,鋼筋混凝土造,85年9月20日,七層,
RPSNMLOJMHLFFAI18CA,31,31.21,住家用,鋼筋混凝土造,73年11月29日,六層,五層 陽台
RPSNMLOJMHLFFAI18CA,31,6.24,共有部份,鋼筋混凝土造,73年11月29日,六層,
RPSNMLOJMHLFFAI18CA,31,4.78,共有部份,鋼筋混凝土造,73年11月29日,六層,
RPTNMLOJMHLFFAI28CA,41,78.02,住家用,木造,63年12月28日,二層,一層 二層 騎樓
RPQNMLMJMHLFFAI77CA,36,131.36,住商用,鋼筋混凝土加強磚造,69年6月19日,三層,一層 二層 三層 防空避難室
RPRNMLMJMHLFFAI87CA,18,86.26,住家用,鋼筋混凝土造,87年3月19日,二十二層,十四層
RPRNMLMJMHLFFAI87CA,18,15.26,共有部份,鋼筋混凝土造,87年3月19日,二十二層,
RPRNMLMJMHLFFAI87CA,18,18.09,共有部份,鋼筋混凝土造,87年3月19日,二十二層,
RPTOMLTLLHLFFAI98CA,1,217.63,住宅、梯間,鋼筋混凝土構造,104年4月13日,三層,一層 二層 三層 陽台 見其他登記事項
RPVOMLLJMHLFFAI28CA,,303.55,店舖、住宅、樓梯間,鋼筋混凝土構造,105年1月11日,四層,一層 二層 三層 四層 陽台 見其他登記事項
RPPNMLKMLHLFFAI67CA,11,127.57,住家用,鋼筋混凝土造,93年10月28日,十四層,六層 陽台
RPPNMLKMLHLFFAI67CA,11,71.55,共有部份,鋼筋混凝土造,93年10月28日,十四層,
RPXNMLKMLHLFFAI48CA,21,301.08,住家用,鋼筋混凝土造,84年1月23日,四層,一層 二層 三層 四層 陽台 平台 露台 地下層 見其他登記事項
RPXNMLKMLHLFFAI48CA,21,28.85,共有部份,鋼筋混凝土造,84年1月23日,四層,
RPRNMLPKMHLFFAI28CA,11,139.31,住家用,鋼筋混凝土造,94年7月14日,三層,一層 二層 三層 陽台
RPQNMLPKMHLFFAI18CA,27,129.32,住家用,鋼筋混凝土加強磚造,78年4月3日,二層,一層 二層 陽台 平台 見其他登記事項
RPSNMLRJMHLFFAI48CA,51,117.48,住商用,鋼筋補強磚木造,53年12月24日,二層,一層 二層 騎樓
RPSNMLRJMHLFFAI48CA,51,104.37,住商用,鋼筋補強磚木造,53年12月24日,二層,一層 二層 騎樓
RPVNMLSJMHLFFAI88CA,4,257.25,停車空間、店舖、住宅、樓梯間,鋼筋混凝土構造,101年5月14日,四層,一層 二層 三層 四層 陽台 見其他登記事項
RPQNMLKMLHLFFAI77CA,70,136.26,住商用,木造,35年8月20日,二層,一層 二層 騎樓
RPPNMLKMLHLFFAI87EA,32,98.79,住家用,鋼筋混凝土加強磚造,73年5月10日,二層,一層 二層 電梯樓梯間
RPSOMLKMLHLFFAI28EA,43,73.47,住家用,見使用執照,62年9月1日,二層,一層 二層
RPOOMLLJMHLFFAI77EA,23,82.59,住家用,鋼筋混凝土造,81年9月21日,七層,七層 陽台
RPOOMLLJMHLFFAI77EA,23,9.05,共有部份,鋼筋混凝土造,81年9月21日,七層,
RPOOMLLJMHLFFAI77EA,23,8.42,避難室,鋼筋混凝土造,81年9月21日,七層,
RPOOMLLJMHLFFAI77EA,23,.65,共有部份,鋼筋混凝土造,81年9月21日,七層,
RPTNMLQJMHLFFAI68EA,13,278.05,住宅，停車空間,鋼筋混凝土造,92年6月9日,四層,一層 二層 三層 四層 陽台
RPSNMLTLLHLFFAI78CA,55,68.36,住商用,鋼筋混凝土加強磚造,50年6月15日,二層,
RPTNMLTLLHLFFAI88CA,30,150.27,住家用,鋼筋混凝土造,75年4月23日,二層,一層 二層 陽台 平台 露台 見其他登記事項
RPRNMLTLLHLFFAI68CA,55,89.92,住商用,見使用執照,49年11月27日,三層,
RPOOMLLMLHLFFAI97EA,11,114.65,住家用,鋼筋混凝土造,93年10月28日,十四層,七層 陽台
RPOOMLLMLHLFFAI97EA,11,71.76,共有部份,鋼筋混凝土造,93年10月28日,十四層,
RPPNMLLMLHLFFAI77CA,23,233.88,住商用,鋼筋混凝土造,82年7月3日,五層,一層 二層 三層 四層 五層 騎樓 見使用執照
RPQNMLLMLHLFFAI87CA,23,18.57,住家用,鋼筋混凝土造,82年6月9日,十二層,五層 陽台
RPQNMLLMLHLFFAI87CA,23,3.52,共有部份,鋼筋混凝土造,82年6月9日,十二層,
RPQNMLLMLHLFFAI87CA,23,5.41,共有部份,鋼筋混凝土造,82年6月9日,十二層,
RPPNMLLJMHLFFAI57CA,23,66.51,住家用,鋼筋混凝土造,81年9月14日,九層,七層 陽台 花台
RPPNMLLJMHLFFAI57CA,23,.01,共有部份,鋼筋混凝土造,81年9月14日,九層,
RPPNMLLJMHLFFAI57CA,23,9.74,避難室兼停車空間,鋼筋混凝土造,81年9月14日,九層,
RPPNMLLJMHLFFAI57CA,23,2.60,共有部份,鋼筋混凝土造,81年9月14日,九層,
RPPNMLLJMHLFFAI57CA,23,8.54,共有部份,鋼筋混凝土造,81年9月14日,九層,
RPQNMLLJMHLFFAI67CA,31,70.97,住家用,鋼筋混凝土造,74年9月13日,五層,三層 陽台
RPQNMLLJMHLFFAI67CA,31,6.74,共有部份,鋼筋混凝土造,74年9月13日,五層,
RPQNMLLJMHLFFAI67CA,31,6.14,共有部份,鋼筋混凝土造,74年9月13日,五層,
RPVNMLLJMHLFFAI18CA,20,54.16,住家用,鋼筋混凝土造,85年3月11日,二十層,四層 陽台
RPVNMLLJMHLFFAI18CA,20,13.55,共有部份,鋼筋混凝土造,85年3月11日,二十層,
RPXNMLKLMHLFFAI48CA,7,228.47,住家用,鋼筋混凝土構造,98年2月27日,四層,一層 二層 三層 四層 陽台
RPQNMLKKMHLFFAI67CA,21,95.01,住家用,鋼筋混凝土造,83年11月29日,十六層,十一層 陽台 花台
RPQNMLKKMHLFFAI67CA,21,18.07,共有部份,鋼筋混凝土造,83年11月29日,十六層,
RPPNMLTJMHLFFAI38CA,1,194.20,住宅、門廊、梯間,鋼筋混凝土構造,104年4月28日,三層,一層 二層 三層 陽台 見其他登記事項
RPSOMLKLMHLFFAI08CA,44,51.57,住家用,木造,60年12月12日,一層,一層
RPUOMLKLMHLFFAI28CA,20,70.58,住家用,鋼筋混凝土造,84年10月4日,十一層,三層 陽台 花台
RPUOMLKLMHLFFAI28CA,20,14.35,共有部份,鋼筋混凝土造,84年10月4日,十一層,
RPUOMLKLMHLFFAI28CA,20,7.79,共有部份,鋼筋混凝土造,84年10月4日,十一層,
RPPNMLQJMHLFFAI08CA,21,211.53,住家用,鋼筋混凝土造,84年1月13日,十二層,六層 陽台
RPPNMLQJMHLFFAI08CA,21,79.20,共有部份,鋼筋混凝土造,84年1月13日,十二層,
RPRNMLMKMHLFFAI97CA,25,210.49,儲藏室、住房、娛樂室,鋼筋混凝土造,80年4月22日,四層,一層 二層 三層 四層 水塔 地下層
RPTOMLKLMHLFFAI18CA,39,66.13,住家用,鋼筋混凝土加強磚造,65年12月11日,一層,一層
RPOOMLKLMHLFFAI67CA,20,87.64,住家用,鋼筋混凝土造,85年3月11日,二十層,十八層 陽台
RPOOMLKLMHLFFAI67CA,20,27.11,共有部份,鋼筋混凝土造,85年3月11日,二十層,
RPTNMLLJMHLFFAI97CA,27,19.25,住家用,鋼筋混凝土造,78年2月3日,七層,二層 陽台
RPTNMLLJMHLFFAI97CA,27,9.06,共有部份,鋼筋混凝土造,78年2月3日,七層,
RPPOMLLJMHLFFAI67CA,22,19.94,住家用,鋼筋混凝土造,82年10月12日,七層,七層 陽台
RPPOMLLJMHLFFAI67CA,22,11.23,共有部份,鋼筋混凝土造,82年10月12日,七層,
RPROMLLJMHLFFAI08EA,39,99.60,住商用,鋼筋混凝土加強磚造,66年7月28日,二層,一層 二層 騎樓
RPVOMLKLMHLFFAI38CA,25,92.95,住家用,鋼筋混凝土造,79年10月30日,七層,一層
RPVOMLKLMHLFFAI38CA,25,34.57,共有部份,鋼筋混凝土造,79年10月30日,七層,
RPTNMLSJMHLFFAI68CA,39,59.42,住家用,鋼筋混凝土加強磚造,66年4月21日,一層,一層
RPUNMLSJMHLFFAI78CA,33,54.81,住家用,鋼筋混凝土造,71年11月21日,五層,五層
RPUNMLSJMHLFFAI78CA,33,11.72,共有部份,鋼筋混凝土造,71年11月21日,五層,
RPXNMLTKMHLFFAI66CA,41,67.56,住家用,木造,64年7月5日,二層,一層 二層
SPXNMLTKMHLFFAI76CA,41,67.80,住家用,木造,64年7月5日,二層,一層 二層
RPWNMLQLMHLFFAI98CA,22,101.29,住家用,鋼筋混凝土造,83年5月30日,十六層,十三層 陽台
RPWNMLQLMHLFFAI98CA,22,35.08,共有部份,鋼筋混凝土造,83年5月30日,十六層,
RPXNMLQLMHLFFAI09CA,22,81.77,住家用,鋼筋混凝土造,83年1月5日,八層,七層 陽台 花台
RPXNMLQLMHLFFAI09CA,22,14.39,共有部份,鋼筋混凝土造,83年1月5日,八層,
RPXNMLQLMHLFFAI09CA,22,20.31,共有部份,鋼筋混凝土造,83年1月5日,八層,
RPUNMLQJMHLFFAI78EA,22,78.02,住家用,鋼筋混凝土造,82年12月23日,十二層,十一層 陽台 見使用執照
RPUNMLQJMHLFFAI78EA,22,9.65,共有部份,鋼筋混凝土造,82年12月23日,十二層,
RPUNMLQJMHLFFAI78EA,22,.84,共有部份,鋼筋混凝土造,82年12月23日,十二層,
RPUNMLQJMHLFFAI78EA,22,15.81,共有部份,鋼筋混凝土造,82年12月23日,十二層,
RPRNMLRLMHLFFAI58CA,23,240.91,住家用,鋼筋混凝土造,82年7月22日,四層,一層 二層 三層 四層 陽台 平台 電梯樓梯間 地下層
RPRNMLRLMHLFFAI58CA,23,20.06,共有部份,鋼筋混凝土造,82年7月22日,四層,
RPTNMLSLMHLFFAI88CA,23,27.35,住家用,鋼筋混凝土造,82年4月26日,六層,五層
RPTNMLSLMHLFFAI88CA,23,4.71,避難室、停車場,鋼筋混凝土造,82年4月26日,六層,
RPTNMLSLMHLFFAI88CA,23,.66,共有部份,鋼筋混凝土造,82年4月26日,六層,
RPTNMLSLMHLFFAI88CA,23,4.16,共有部份,鋼筋混凝土造,82年4月26日,六層,
RPPNMLNKMHLFFAI97DA,21,83.81,住家用,鋼筋混凝土造,84年8月16日,十八層,十二層 陽台 花台
RPPNMLNKMHLFFAI97DA,21,29.05,共有部份,鋼筋混凝土造,84年8月16日,十九層,
RPOOMLQLMHLFFAI28CA,12,232.22,見其他登記事項,鋼筋混凝土造,93年6月18日,四層,一層 二層 三層 四層 見其他登記事項
RPRNMLKMMHLFFAI97CA,22,32.93,住家用,鋼筋混凝土造,83年5月6日,七層,六層 陽台
RPRNMLKMMHLFFAI97CA,22,6.73,共有部份,鋼筋混凝土造,83年5月6日,七層,
RPRNMLKMMHLFFAI97CA,22,6.33,共有部份,鋼筋混凝土造,83年5月6日,七層,
RPPNMLPKMHLFFAI28EA,18,89.09,住家用,鋼筋混凝土造,87年3月19日,二十二層,十五層
RPPNMLPKMHLFFAI28EA,18,15.84,共有部份,鋼筋混凝土造,87年3月19日,二十二層,
RPPNMLPKMHLFFAI28EA,18,19.39,共有部份,鋼筋混凝土造,87年3月19日,二十二層,
RPROMLTKMHLFFAI98EA,20,117.07,住家用,鋼筋混凝土造,84年10月4日,十一層,九層 陽台
RPTNMLKLMHLFFAI28EA,38,65.08,住家用,鋼筋混凝土加強磚造,66年12月23日,二層,一層 二層
RPROMLTKMHLFFAI98EA,20,23.63,共有部份,鋼筋混凝土造,84年10月4日,十一層,
RPROMLTKMHLFFAI98EA,20,14.46,共有部份,鋼筋混凝土造,84年10月4日,十一層,
RPVNMLRJMHLFFAI78CA,22,221.61,住家用,鋼筋混凝土造,83年2月5日,三層,一層 二層 三層 陽台 平台 花台 地下層
RPVOMLTKMHLFFAI56CA,22,102.39,住家用,鋼筋混凝土造,83年7月4日,十二層,十一層 陽台
RPVOMLTKMHLFFAI56CA,22,19.66,共有部份,鋼筋混凝土造,83年7月4日,十二層,
RPVOMLTKMHLFFAI56CA,22,10.78,共有部份,鋼筋混凝土造,83年7月4日,十二層,
RPUNMLLKMHLFFAI18CA,22,228.28,住家用,鋼筋混凝土造,82年12月22日,四層,一層 二層 三層 四層 陽台 平台 地下層
RPUNMLLKMHLFFAI18CA,22,30.31,共有部份,鋼筋混凝土造,82年12月22日,四層,
RPQNMLLLMHLFFAI87CA,24,82.36,住家用,鋼筋混凝土造,81年6月25日,七層,一層 陽台 平台 花台
RPQNMLLLMHLFFAI87CA,24,15.76,共有部份,鋼筋混凝土造,81年6月25日,七層,
RPQNMLLLMHLFFAI87CA,24,13.93,避難室、停車場,鋼筋混凝土造,81年6月25日,七層,
RPTOMLTKMHLFFAI98CA,11,108.26,住家用,鋼筋混凝土造,93年11月3日,十四層,三層 陽台
RPQNMLRKMHLFFAI38CA,8,181.05,住宅，樓梯間,鋼筋混凝土造,97年1月31日,三層,一層 二層 三層 陽台 見其他登記事項
RPTOMLTKMHLFFAI98CA,11,75.38,共有部份,鋼筋混凝土造,93年11月3日,十四層,
RPPNMLMKMHLFFAI77CA,20,84.81,住家用,鋼筋混凝土造,85年2月14日,十二層,六層
RPPNMLMKMHLFFAI77CA,20,40.29,共有部份,鋼筋混凝土造,85年2月14日,十二層,
RPTNMLKMMHLFFAI18CA,20,70.24,住家用,鋼筋混凝土造,85年3月11日,二十層,十七層 陽台
RPTNMLKMMHLFFAI18CA,20,24.10,共有部份,鋼筋混凝土造,85年3月11日,二十層,
RPPOMLQLMHLFFAI38CA,24,28.97,住家用,鋼筋混凝土造,80年12月27日,六層,三層 陽台
RPPOMLQLMHLFFAI38CA,24,6.87,共有部份,鋼筋混凝土造,80年12月27日,六層,
RPPNMLSKMHLFFAI58EA,38,114.00,住家用,鋼筋混凝土加強磚造,66年10月27日,二層,一層 二層 騎樓 夾層
RPQNMLMKMHLFFAI08EA,30,78.30,住家用,鋼筋混凝土造,75年7月12日,二層,一層 二層
RPUNMLKMMHLFFAI28CA,37,42.00,住家用,鋼筋混凝土加強磚造,68年8月14日,一層,一層
RPUNMLLJNHLFFAI18CA,19,42.27,住家用,鋼筋混凝土造,86年5月16日,七層,六層 陽台
RPUNMLLJNHLFFAI18CA,19,8.07,共有部份,鋼筋混凝土造,86年5月16日,七層,
RPUNMLLJNHLFFAI18CA,19,12.05,共有部份,鋼筋混凝土造,86年5月16日,七層,
RPVNMLLJNHLFFAI28CA,22,40.36,住家用,鋼筋混凝土造,82年12月17日,七層,五層 陽台
RPVNMLLJNHLFFAI28CA,22,15.30,共有部份,鋼筋混凝土造,82年12月17日,七層,
RPWNMLLJNHLFFAI38CA,41,64.08,住家用,木造,63年12月19日,二層,一層 二層
RPTNMLNJNHLFFAI48EA,37,195.80,住商用,鋼筋混凝土造,68年2月19日,三層,一層 二層 三層 騎樓 電梯樓梯間
RPXNMLKMMHLFFAI58CA,12,164.45,住宅，梯間,鋼筋混凝土造,93年9月14日,三層,一層 二層 三層 陽台 見其他登記事項
RPTNMLMKMHLFFAI18CA,19,104.61,客廳、餐廳兼廚房、住宅,鋼筋混凝土造,86年6月21日,二層,一層 二層 陽台 電梯樓梯間
RPQNMLNKMHLFFAI97CA,1,245.29,門廳、店舖、住宅、樓梯間,鋼筋混凝土構造,104年6月10日,四層,一層 二層 三層 四層 陽台 見其他登記事項
RPQNMLNKMHLFFAI97CA,1,.09,本共有部份之項目計有管理室維護空間等一項。,鋼筋混凝土構造,104年6月10日,一層,
RPXNMLMKMHLFFAI58CA,11,108.12,住家用,鋼筋混凝土造,93年11月3日,十四層,六層 陽台
RPXNMLMKMHLFFAI58CA,11,69.55,共有部份,鋼筋混凝土造,93年11月3日,十四層,
RPPNMLRKMHLFFAI28CA,23,69.09,住家用,鋼筋混凝土造,82年6月23日,十二層,六層 陽台
RPPNMLRKMHLFFAI28CA,23,10.93,共有部份,鋼筋混凝土造,82年6月23日,十三層,
RPPNMLRKMHLFFAI28CA,23,8.37,共有部份,鋼筋混凝土造,82年6月23日,十二層,
RPVNMLTKMHLFFAI09CA,26,212.10,住家用,鋼筋混凝土造,78年9月30日,四層,一層 二層 三層 四層 陽台 平台
RPQNMLLJNHLFFAI77CA,20,54.16,住家用,鋼筋混凝土造,85年3月11日,二十層,十層 陽台
RPQNMLLJNHLFFAI77CA,20,16.57,共有部份,鋼筋混凝土造,85年3月11日,二十層,
RPSNMLKKNHLFFAI97CA,25,108.32,住家用,鋼筋混凝土造,79年10月30日,七層,七層 陽台 見其他登記事項
RPSNMLKKNHLFFAI97CA,25,34.57,共有部份,鋼筋混凝土造,79年10月30日,七層,
RPQNMLSKMHLFFAI68EA,9,196.00,住宅、樓梯間,鋼筋混凝土造,95年12月13日,三層,一層 二層 三層 陽台 見其他登記事項
RPXNMLLKNHLFFAI58CA,23,116.53,住家用,鋼筋混凝土造,81年11月14日,七層,七層 陽台
RPXNMLLKNHLFFAI58CA,23,15.96,共有部份,鋼筋混凝土造,81年11月14日,七層,
RPXNMLLKNHLFFAI58CA,23,26.89,共有部份,鋼筋混凝土造,81年11月14日,七層,
RPWOMLKLMHLFFAI48CA,31,73.20,住家用,鋼筋混凝土造,74年9月19日,五層,五層 陽台
RPWOMLKLMHLFFAI48CA,31,5.34,共有部份,鋼筋混凝土造,74年9月19日,五層,
RPWOMLKLMHLFFAI48CA,31,8.08,共有部份,鋼筋混凝土造,74年9月19日,五層,
RPSNMLKLMHLFFAI97CA,23,33.08,住家用,鋼筋混凝土造,82年1月11日,七層,四層 陽台
RPSNMLKLMHLFFAI97CA,23,9.56,共有部份,鋼筋混凝土造,82年1月11日,七層,
RPXOMLKLMHLFFAI58CA,45,109.06,住家用,鋼筋混凝土加強磚造,60年1月5日,二層,一層 二層
RPOOMLTKMHLFFAI48CA,27,181.25,住家用,鋼筋混凝土造,78年3月24日,三層,一層 二層 三層 陽台
RPUOMLTKMHLFFAI09CA,51,92.80,住家用,加強磚造,54年8月26日,二層,一層 二層
RPOOMLPKMHLFFAI08CA,11,115.36,住家用,鋼筋混凝土造,93年11月3日,十四層,五層 陽台
RPOOMLPKMHLFFAI08CA,11,90.86,共有部份,鋼筋混凝土造,93年11月3日,十四層,
RPSNMLPKMHLFFAI38CA,23,19.22,住家用,鋼筋混凝土造,82年6月9日,十二層,六層 陽台
RPSNMLPKMHLFFAI38CA,23,3.63,共有部份,鋼筋混凝土造,82年6月9日,十二層,
RPSNMLPKMHLFFAI38CA,23,5.57,共有部份,鋼筋混凝土造,82年6月9日,十二層,
RPSNMLMKNHLFFAI38EA,43,16.50,商業用,鋼造,62年5月8日,一層,一層
RPSNMLMKNHLFFAI38EA,43,15.00,住家用,鋼筋混凝土加強磚造,62年5月8日,二層,一層 二層 騎樓 浴廁
RPSNMLMKNHLFFAI38EA,43,14.80,住家用,鋼筋混凝土加強磚造,62年5月8日,二層,一層 二層 騎樓
RPTNMLTKMHLFFAI09EA,25,41.41,住家用,鋼筋混凝土造,80年8月23日,七層,四層 陽台
RPTNMLTKMHLFFAI09EA,25,5.39,共有部份,鋼筋混凝土造,80年8月23日,七層,
RPTNMLQLMHLFFAI68CA,22,21.08,住家用,鋼筋混凝土造,82年12月17日,七層,三層 陽台
RPTNMLQLMHLFFAI68CA,22,7.52,共有部份,鋼筋混凝土造,82年12月17日,七層,
RPSNMLSLMHLFFAI78CA,23,71.60,住家用,鋼筋混凝土造,82年1月12日,八層,一層 平台
RPSNMLSLMHLFFAI78CA,23,33.68,共有部份,鋼筋混凝土造,82年1月12日,八層,
RPRNMLLJNHLFFAI87CA,27,186.98,住家用,加強磚造,78年4月3日,二層,一層 二層 陽台 電梯樓梯間 露台 夾層
RPPNMLKKNHLFFAI67CA,46,116.09,工業用,見使用執照,59年9月18日,一層,一層 騎樓
RPUNMLSLMHLFFAI98CA,22,80.65,住家用,鋼筋混凝土造,82年12月23日,十二層,八層 陽台 見其他登記事項
RPUNMLSLMHLFFAI98CA,22,.90,共有部份,鋼筋混凝土造,82年12月23日,十二層,
RPUNMLSLMHLFFAI98CA,22,15.81,共有部份,鋼筋混凝土造,82年12月23日,十二層,
RPUNMLSLMHLFFAI98CA,22,8.00,共有部份,鋼筋混凝土造,82年12月23日,十二層,
RPWNMLSLMHLFFAI56CA,38,62.91,住家用,鋼筋混凝土加強磚造,66年11月8日,一層,一層
RPROMLKLMHLFFAI97CA,32,118.90,住商用,鋼筋混凝土造,72年10月17日,八層,一層 二層 陽台
RPROMLKLMHLFFAI97CA,32,30.67,共有部份,鋼筋混凝土造,72年10月17日,八層,
RPUOMLPLMHLFFAI78CA,17,94.13,住家用,鋼筋混凝土造,88年7月17日,十一層,二層 陽台
RPUOMLPLMHLFFAI78CA,17,12.56,共有部份,鋼筋混凝土造,88年7月17日,十一層,
RPUOMLPLMHLFFAI78CA,17,12.82,共有部份,鋼筋混凝土造,88年7月17日,十二層,
RPRNMLKLMHLFFAI87CA,28,365.33,住商用,鋼筋混凝土造,77年7月22日,五層,一層 二層 三層 四層 五層 陽台 平台 騎樓 地下層
RPVNMLSKMHLFFAI98CA,8,8.62,辦公室,鋼筋混凝土造,97年3月3日,四層,三層
RPVNMLSKMHLFFAI98CA,8,5.80,共有部份,鋼筋混凝土造,97年3月3日,四層,
RPUNMLPLMHLFFAI88EA,35,116.17,住商用,鋼筋混凝土加強磚造,70年6月29日,二層,一層 二層 騎樓 電梯樓梯間
RPWNMLMKNHLFFAI58CA,,328.96,店舖、住宅,鋼筋混凝土構造,105年1月11日,五層,一層 二層 三層 四層 五層 陽台
RPQNMLNJNHLFFAI97CA,42,83.46,住家用,鋼筋混凝土磚造,63年8月5日,二層,一層 二層
RPXNMLTLLHLFFAI66CA,41,102.62,住商用,鋼筋混凝土加強磚造,64年9月8日,二層,一層 二層 騎樓
RPPOMLTLLHLFFAI58CA,31,149.99,住商用,鋼筋混凝土造,73年8月30日,五層,一層 二層 三層 四層 五層 騎樓 地下層
RPPOMLTLLHLFFAI58CA,31,149.99,住商用,鋼筋混凝土造,73年8月30日,五層,一層 二層 三層 四層 五層 騎樓 地下層
RPOOMLTLLHLFFAI48CA,21,74.06,住家用,鋼筋混凝土造,83年10月11日,五層,三層 陽台 花台
RPOOMLTLLHLFFAI48CA,21,11.31,共有部份,鋼筋混凝土造,83年10月11日,五層,
RPWOMLPLMHLFFAI98CA,30,95.86,住家用,鋼筋混凝土造,74年11月29日,五層,一層 陽台 地下一層
RPWOMLPLMHLFFAI98CA,30,27.00,共有部份,鋼筋混凝土造,74年11月29日,五層,
RPWOMLPLMHLFFAI98CA,30,8.33,共有部份,鋼筋混凝土造,74年11月29日,五層,
RPUNMLKKNHLFFAI18CA,38,58.82,住家用,鋼筋混凝土加強磚造,67年5月29日,一層,一層
RPPOMLPLMHLFFAI28CA,69,79.13,商業用,木造,36年2月10日,一層,一層 騎樓 見使用執照
RPUNMLKLMHLFFAI38EA,44,68.48,住家用,木造,61年6月2日,二層,一層 二層
RPVNMLKLMHLFFAI48EA,43,128.71,騎樓、廠房、梯間,鋼筋混凝土補磚構造,62年7月24日,二層,一層 二層 騎樓 見其他登記事項
RPPNMLKLMHLFFAI87EA,5,183.69,住宅、梯間,鋼筋混凝土構造,100年9月28日,三層,一層 二層 三層 陽台 見其他登記事項
RPRNMLMLMHLFFAI08CA,2,239.07,住宅、樓梯間,鋼筋混凝土構造,102年11月7日,四層,一層 二層 三層 四層 陽台 見其他登記事項
RPRNMLMLMHLFFAI08CA,2,.23,本共有部分之項目計有管理維護空間等一項。,鋼筋混凝土構造,102年11月7日,一層,
RPTNMLLLMHLFFAI18CA,22,63.14,住家用,鋼筋混凝土造,83年4月9日,七層,三層 陽台
RPTNMLLLMHLFFAI18CA,22,27.62,共有部份,鋼筋混凝土造,83年4月9日,七層,
RPSNMLMLMHLFFAI18CA,20,16.77,商業用,鋼筋混凝土造,85年3月1日,十一層,七層 陽台
RPSNMLMLMHLFFAI18CA,20,11.04,共有部份,鋼筋混凝土造,85年3月1日,十一層,
RPSNMLMLMHLFFAI18CA,20,1.82,共有部份,鋼筋混凝土造,85年3月1日,十一層,
RPVNMLLLMHLFFAI38CA,23,79.91,住家用,鋼筋混凝土造,81年12月21日,六層,五層 陽台 花台
RPVNMLLLMHLFFAI38CA,23,23.73,共有部份,鋼筋混凝土造,81年12月21日,六層,
RPPNMLPLMHLFFAI18CA,26,97.24,住家用,鋼筋混凝土造,79年4月23日,七層,五層 陽台
RPPNMLPLMHLFFAI18CA,26,23.42,共有部份,鋼筋混凝土造,79年4月23日,七層,
RPQNMLMLMHLFFAI18EA,70,189.20,住家用,木造,35年8月20日,二層,一層 二層 倉庫 見其他登記事項
RPPOMLKLMHLFFAI77CA,50,82.95,住商用,木造,55年6月30日,二層,一層 二層
RPRNMLLLMHLFFAI97CA,23,86.23,住家用,鋼筋混凝土造,82年3月25日,六層,五層 陽台 花台
RPRNMLLLMHLFFAI97CA,23,37.43,共有部份,鋼筋混凝土造,82年3月25日,六層,
RPVNMLTJNHLFFAI09CA,9,190.97,住家用,鋼筋混凝土造,95年12月5日,四層,一層 二層 三層 四層 陽台
RPQOMLKLMHLFFAI87CA,11,108.26,住家用,鋼筋混凝土造,93年11月3日,十四層,五層 陽台
RPQOMLKLMHLFFAI87CA,11,75.38,共有部份,鋼筋混凝土造,93年11月3日,十四層,
RPWNMLTJNHLFFAI56CA,23,18.55,住家用,鋼筋混凝土造,82年6月9日,十二層,七層 陽台
RPWNMLTJNHLFFAI56CA,23,3.41,共有部份,鋼筋混凝土造,82年6月9日,十二層,
RPWNMLTJNHLFFAI56CA,23,5.36,共有部份,鋼筋混凝土造,82年6月9日,十二層,
RPVNMLKMMHLFFAI38CA,23,263.64,住商用,鋼筋混凝土造,82年7月3日,五層,一層 二層 三層 四層 五層 騎樓 見使用執照
RPVNMLSLMHLFFAI09CA,20,90.87,住家用,鋼筋混凝土造,84年10月13日,十二層,十二層 陽台
RPVNMLSLMHLFFAI09CA,20,23.89,共有部份,鋼筋混凝土造,84年10月13日,十二層,
RPSNMLQLMHLFFAI58CA,16,.13,警衛室,鋼筋混凝土造,88年11月29日,十二層,
RPSNMLQLMHLFFAI58CA,16,59.71,住家用,鋼筋混凝土造,88年11月29日,十二層,六層 陽台 夾層
RPSNMLQLMHLFFAI58CA,16,16.91,共有部份,鋼筋混凝土造,88年11月29日,十二層,
RPSNMLQLMHLFFAI58CA,16,10.93,共有部份,鋼筋混凝土造,88年11月29日,十二層,
RPSNMLQLMHLFFAI58CA,16,.02,共有部份,鋼筋混凝土造,88年11月29日,十二層,
RPWNMLMJNHLFFAI48CA,2,577.79,騎樓、住宅、樓梯間,鋼筋混凝土構造,103年7月30日,五層,一層 二層 三層 四層 五層 陽台 騎樓 見其他登記事項
RPOOMLLJNHLFFAI67CA,23,68.34,住家用,鋼筋混凝土造,82年6月9日,十六層,十一層 陽台
RPOOMLLJNHLFFAI67CA,23,16.85,共有部份,鋼筋混凝土造,82年6月9日,十六層,
RPOOMLLJNHLFFAI67CA,23,11.24,共有部份,鋼筋混凝土造,82年6月9日,十六層,
RPRNMLQLMHLFFAI48CA,11,191.14,住宅、梯間,鋼筋混凝土造,94年6月13日,三層,一層 二層 三層 陽台 屋頂突出物
RPSNMLPJNHLFFAI38CA,23,26.86,住家用,鋼筋混凝土造,82年8月24日,九層,六層 陽台
RPSNMLPJNHLFFAI38CA,23,7.46,共有部份,鋼筋混凝土造,82年8月24日,九層,
RPTOMLPLMHLFFAI68CA,,289.00,住家用,鋼筋混凝土構造,104年11月2日,四層,一層 二層 三層 四層 陽台
RPRNMLNLMHLFFAI18CA,23,64.67,住家用,鋼筋混凝土造,82年6月9日,十二層,九層 陽台
RPWNMLPLMHLFFAI09EA,37,117.11,住家用,鋼筋混凝土造,68年8月14日,二層,一層 二層 電梯樓梯間
RPRNMLNLMHLFFAI18CA,23,11.98,共有部份,鋼筋混凝土造,82年6月9日,十二層,
RPRNMLNLMHLFFAI18CA,23,10.20,共有部份,鋼筋混凝土造,82年6月9日,十二層,
RPRNMLPLMHLFFAI38CA,11,114.80,住家用,鋼筋混凝土造,93年10月29日,十四層,十一層 陽台
RPRNMLPLMHLFFAI38CA,11,70.98,共有部份,鋼筋混凝土造,93年10月29日,十四層,
RPPNMLSLMHLFFAI48CA,50,278.40,住家用,鋼筋混凝土造,55年1月30日,三層,一層 二層 三層
RPTNMLLJNHLFFAI08CA,11,149.83,住家用,鋼筋混凝土造,94年5月17日,三層,一層 二層 三層 陽台
RPPNMLNJNHLFFAI87CA,1,263.37,停車空間、住宅,鋼筋混凝土構造,104年2月6日,四層,一層 二層 三層 四層 陽台
RPPNMLQLMHLFFAI28CA,18,15.00,見其他登記事項,鋼筋混凝土造,87年3月19日,二十二層,
RPPNMLQLMHLFFAI28CA,18,15.59,共有部份,鋼筋混凝土造,87年3月19日,二十二層,
RPPNMLQLMHLFFAI28CA,18,86.26,住家用,鋼筋混凝土造,87年3月19日,二十二層,五層
RPPNMLQLMHLFFAI28CA,18,18.09,共有部份,鋼筋混凝土造,87年3月19日,二十二層,
RPPNMLQLMHLFFAI28CA,18,15.51,共有部份,鋼筋混凝土造,87年3月19日,二十二層,
RPTNMLPLMHLFFAI68DA,44,80.15,住家用,木造,61年6月1日,二層,一層 二層 騎樓
RPQOMLPLMHLFFAI58EA,26,137.14,住家用,鋼造,79年5月22日,三層,一層 二層 三層
RPQOMLPLMHLFFAI58EA,29,100.18,住家用,加強磚造,76年8月13日,二層,一層 二層
RPQOMLMKNHLFFAI08CA,21,30.53,住家用,鋼筋混凝土造,84年6月17日,八層,五層 陽台
RPROMLQKNHLFFAI58CA,13,332.36,停車空間，住宅，機房,鋼筋混凝土造,92年1月3日,五層,一層 二層 三層 四層 五層 陽台 電梯樓梯間 雨遮
RPQOMLMKNHLFFAI08CA,21,12.61,共有部份,鋼筋混凝土造,84年6月17日,八層,
RPROMLQKNHLFFAI58CA,13,1.58,共有部份,鋼筋混凝土造,92年1月3日,五層,
RPUNMLNKNHLFFAI48CA,35,187.96,住商用,鋼筋混凝土造,69年11月22日,三層,一層 二層 三層 騎樓 電梯樓梯間 地下層
RPXNMLNKNHLFFAI78CA,22,81.45,住家用,鋼筋混凝土造,82年12月29日,十二層,二層 陽台
RPXNMLNKNHLFFAI78CA,22,20.16,共有部份,鋼筋混凝土造,82年12月29日,十二層,
RPSOMLQKNHLFFAI68CA,30,323.38,住商用,鋼筋混凝土造,75年4月21日,四層,一層 二層 三層 四層 騎樓 電梯樓梯間 地下層
RPQNMLOLNHLFFAI28CA,20,69.05,共有部份,鋼筋混凝土造,85年9月5日,十二層,
RPQNMLOLNHLFFAI28CA,20,140.67,商業用,鋼筋混凝土造,85年9月5日,十二層,三層
RPQNMLOLNHLFFAI28CA,20,44.04,共有部份,鋼筋混凝土造,85年9月5日,十二層,
RPQNMLOLNHLFFAI28CA,20,113.53,住家用,鋼筋混凝土造,85年9月5日,十二層,三層 陽台
RPRNMLRJNHLFFAI48CA,22,76.36,住家用,鋼筋混凝土造,82年11月8日,八層,一層
RPRNMLRJNHLFFAI48CA,22,54.59,共有部份,鋼筋混凝土造,82年11月8日,八層,
RPQNMLMJNHLFFAI87CA,38,93.52,住商用,鋼筋混凝土加強磚造,67年9月7日,二層,一層 二層 騎樓
RPSNMLLJNHLFFAI97CA,24,343.34,住家用,鋼筋混凝土造,81年8月28日,四層,一層 二層 三層 四層 陽台 水箱 地下層
RPXNMLLJNHLFFAI48CA,23,28.72,住家用,鋼筋混凝土造,82年6月9日,十六層,三層 陽台
RPXNMLLJNHLFFAI48CA,23,7.52,共有部份,鋼筋混凝土造,82年6月9日,十六層,
RPXNMLLJNHLFFAI48CA,23,4.66,共有部份,鋼筋混凝土造,82年6月9日,十六層,
RPUNMLLKNHLFFAI28CA,18,79.06,住家用,鋼筋混凝土造,87年3月19日,二十二層,十一層
RPUNMLLKNHLFFAI28CA,18,16.38,共有部份,鋼筋混凝土造,87年3月19日,二十二層,
RPUNMLLKNHLFFAI28CA,18,18.09,共有部份,鋼筋混凝土造,87年3月19日,二十二層,
RPVNMLKLNHLFFAI38CA,2,340.81,住宅、樓梯間,鋼筋混凝土構造,103年5月13日,四層,一層 二層 三層 四層 陽台 平台 見其他登記事項
RPOOMLKMMHLFFAI77CA,20,85.82,住家用,鋼筋混凝土造,85年3月11日,二十層,十層 陽台
RPOOMLKMMHLFFAI77CA,20,22.59,共有部份,鋼筋混凝土造,85年3月11日,二十層,
RPOOMLSLMHLFFAI48CA,22,165.77,住家用,鋼筋混凝土造,83年2月8日,四層,一層 二層 三層 四層 陽台 地下層
RPOOMLSLMHLFFAI48CA,22,22.25,共有部份,鋼筋混凝土造,83年2月8日,四層,
RPPOMLSLMHLFFAI58CA,1,333.58,住宅、停車空間,鋼筋混凝土構造,104年6月11日,四層,一層 二層 三層 四層 陽台
RPUNMLTLMHLFFAI09CA,11,114.65,住家用,鋼筋混凝土造,93年10月28日,十四層,二層 陽台
RPUNMLTLMHLFFAI09CA,11,71.76,共有部份,鋼筋混凝土造,93年10月28日,十四層,
RPXNMLSLMHLFFAI66CA,16,.17,警衛室,鋼筋混凝土造,88年11月29日,十二層,
RPXNMLSLMHLFFAI66CA,16,88.99,住家用,鋼筋混凝土造,88年11月29日,十二層,十二層 陽台 夾層
RPXNMLSLMHLFFAI66CA,16,22.79,共有部份,鋼筋混凝土造,88年11月29日,十二層,
RPXNMLSLMHLFFAI66CA,16,11.88,共有部份,鋼筋混凝土造,88年11月29日,十二層,
RPXNMLSLMHLFFAI66CA,16,.03,共有部份,鋼筋混凝土造,88年11月29日,十二層,
RPQNMLKMMHLFFAI87CA,24,95.29,住家用,鋼筋混凝土造,80年12月6日,七層,七層 陽台
RPQNMLKMMHLFFAI87CA,24,46.99,共有部份,鋼筋混凝土造,80年12月6日,七層,
RPUNMLKLNHLFFAI28CA,2,400.53,停車空間、住宅、樓梯間,鋼筋混凝土構造,103年10月6日,四層,一層 二層 三層 四層 陽台 見其他登記事項
RPXOMLQKNHLFFAI56CA,,251.40,店舖、住宅,鋼筋混凝土構造,105年1月11日,四層,一層 二層 三層 四層 陽台
RPTOMLQKNHLFFAI78CA,36,151.44,住家用,鋼筋混凝土加強磚造,68年11月24日,二層,一層 二層 地下層
RPPPMLQKNHLFFAI48CA,3,276.49,住宅、樓梯間,鋼筋混凝土構造,101年10月31日,三層,一層 二層 三層 陽台 見其他登記事項
RPOPMLQKNHLFFAI38CA,3,266.45,店舖、住宅、樓梯間,鋼筋混凝土構造,102年6月28日,四層,一層 二層 三層 四層 陽台 見其他登記事項
RPRNMLMJNHLFFAI97CA,39,143.44,住商用,鋼筋混凝土造,66年8月6日,二層,一層 二層 騎樓 電梯樓梯間
RPRNMLTLMHLFFAI78CA,11,115.59,住家用,鋼筋混凝土造,93年10月28日,十四層,七層 陽台
RPRNMLTLMHLFFAI78CA,11,79.63,共有部份,鋼筋混凝土造,93年10月28日,十四層,
RPSNMLMJNHLFFAI08CA,32,112.32,住家用,鋼筋混凝土加強磚造,73年4月11日,二層,一層 二層 騎樓 電梯樓梯間
RPQNMLQKNHLFFAI38CA,23,195.42,住家用,鋼筋混凝土造,81年12月18日,四層,一層 二層 三層 四層 見使用執照
RPVNMLNJNHLFFAI48CA,18,89.09,住家用,鋼筋混凝土造,87年3月19日,二十二層,四層
RPVNMLNJNHLFFAI48CA,18,16.26,共有部份,鋼筋混凝土造,87年3月19日,二十二層,
RPVNMLNJNHLFFAI48CA,18,19.39,共有部份,鋼筋混凝土造,87年3月19日,二十二層,
RPVNMLNJNHLFFAI48CA,18,15.00,見其他登記事項,鋼筋混凝土造,87年3月19日,二十二層,
RPVNMLNJNHLFFAI48CA,18,15.51,共有部份,鋼筋混凝土造,87年3月19日,二十二層,
RPOOMLKLNHLFFAI77CA,22,82.19,住家用,鋼筋混凝土造,82年12月22日,七層,二層 陽台 花台
RPOOMLKLNHLFFAI77CA,22,29.80,共有部份,鋼筋混凝土造,82年12月22日,七層,
RPQNMLTKNHLFFAI68CA,22,230.96,商業用,鋼筋混凝土造,83年5月6日,七層,地下層
RPQNMLTKNHLFFAI68CA,22,44.39,共有部份,鋼筋混凝土造,83年5月6日,七層,
RPXNMLKLNHLFFAI58CA,22,43.75,商業用,鋼筋混凝土造,82年12月22日,七層,一層 平台
RPXNMLKLNHLFFAI58CA,22,15.86,共有部份,鋼筋混凝土造,82年12月22日,七層,
RPQNMLPLNHLFFAI48DA,27,135.44,住家用,鋼筋混凝土造,78年3月16日,十層,六層 陽台
RPQNMLPLNHLFFAI48DA,27,20.15,共有部份,鋼筋混凝土造,78年3月16日,十層,
RPQNMLPLNHLFFAI48DA,27,20.62,共有部份,鋼筋混凝土造,78年3月16日,十層,
RPUNMLOLNHLFFAI68CA,16,.16,警衛室,鋼筋混凝土造,88年11月29日,十二層,
RPUNMLOLNHLFFAI68CA,16,85.37,住家用,鋼筋混凝土造,88年11月29日,十二層,九層 陽台 夾層
RPUNMLOLNHLFFAI68CA,16,22.06,共有部份,鋼筋混凝土造,88年11月29日,十二層,
RPUNMLOLNHLFFAI68CA,16,12.69,共有部份,鋼筋混凝土造,88年11月29日,十二層,
RPUNMLOLNHLFFAI68CA,16,.03,共有部份,鋼筋混凝土造,88年11月29日,十二層,
RPSNMLRLNHLFFAI78CA,20,64.85,住家用,鋼筋混凝土造,85年3月11日,二十層,十四層 陽台 花台
RPSNMLRLNHLFFAI78CA,20,18.07,共有部份,鋼筋混凝土造,85年3月11日,二十層,
