﻿鄉鎮市區,交易標的,土地位置建物門牌,土地面積平方公尺,都市土地使用分區,非都市土地使用分區,非都市土地使用編定,租賃年月日,租賃筆棟數,租賃層次,總樓層數,建物型態,主要用途,主要建材,建築完成年月,建物總面積平方公尺,建物現況格局-房,建物現況格局-廳,建物現況格局-衛,建物現況格局-隔間,有無管理組織,有無附傢俱,總額元,單價元平方公尺,車位類別,車位面積平方公尺,車位總額元,備註,編號
The villages and towns urban district,transaction sign,land sector position building sector house number plate,land shifting total area square meter,the use zoning or compiles and checks,the non-metropolis land use district,non-metropolis land use,transaction year month and day,transaction pen number,shifting level,total floor number,building state,main use,main building materials,construction to complete the years,building shifting total area,Building present situation pattern - room,building present situation pattern - hall,building present situation pattern - health,building present situation pattern - compartmented,Whether there is manages the organization,Whether there is attaches the furniture,total price NTD,the unit price (NTD / square meter),the berth category,berth shifting total area square meter,the berth total price NTD,the note,serial number
湖口鄉,土地,中義段32地號,1160.21,住,,,1050121,土地1建物0車位0,,,其他,,,,0.0,0,0,0,有,無,無,30000,26,,0.0,0,,RPROMLNJKHLFFDJ48CC
新豐鄉,房地(土地+建物),新竹縣新豐鄉康樂路一段325巷32弄19號2樓,57.35,,一般農業區,甲種建築用地,1050101,土地2建物1車位0,二層,5,公寓(5樓含以下無電梯),住家用,鋼筋混凝土造,0831104,130.32,5,2,2,有,無,有,30000,230,,0.0,0,,RPTNMLNJKHLFFDJ68DC
新豐鄉,房地(土地+建物),新竹縣新豐鄉新興路351之15號4樓B室,33.02,其他,,,1050215,土地1建物1車位0,四層,4,套房(1房1廳1衛),見其他登記事項,鋼筋混凝土造,0991022,60.26,1,1,1,有,無,有,6000,100,,0.0,0,,RPXNMLPKKHLFFDJ76DC
竹北市,建物,新竹縣竹北市勝利一路148號9樓,0.0,住,,,1050124,土地0建物1車位1,九層,15,住宅大樓(11層含以上有電梯),住家用,鋼筋混凝土造,0941004,163.8,4,2,2,有,有,有,19000,116,坡道平面,0.0,0,租金含管,RPTOMLRKKHLFFBJ98CC
竹北市,建物,新竹縣竹北市復興二路231號6樓之12,0.0,商,,,1050125,土地0建物1車位1,六層,11,套房(1房1廳1衛),商業用,鋼筋混凝土造,0961204,39.16,1,0,1,有,有,有,11000,281,坡道平面,0.0,0,租金含管.網路.第四台,RPUOMLRKKHLFFBJ09CC
竹北市,建物,新竹縣竹北市嘉豐五路二段133號11樓,0.0,住,,,1050125,土地0建物1車位2,十一層,12,住宅大樓(11層含以上有電梯),住家用,鋼筋混凝土造,0970418,227.91,4,2,2,有,有,有,23000,101,坡道平面,0.0,0,續租,RPVOMLRKKHLFFBJ56CC
竹北市,建物,新竹縣竹北市莊敬三路50號6樓,0.0,住,,,1050201,土地0建物1車位1,六層,13,住宅大樓(11層含以上有電梯),住家用,鋼筋混凝土造,0930705,151.93,4,2,2,有,有,有,20000,132,坡道平面,0.0,0,,RPWOMLRKKHLFFBJ66CC
竹北市,建物,新竹縣竹北市復興一街183號8樓之3,0.0,住,,,1050131,土地0建物1車位1,八層,13,住宅大樓(11層含以上有電梯),住家用,鋼筋混凝土造,0980121,162.3,4,2,2,有,有,有,37000,228,坡道平面,0.0,0,租金含管.稅金.二代健保.網路.第四台,RPXOMLRKKHLFFBJ76CC
竹北市,建物,新竹縣竹北市縣政二路572號,0.0,住,,,1050201,土地0建物1車位4,見其他登記事項,12,店面(店鋪),商業用,鋼筋混凝土造,0960429,685.09,4,1,0,有,無,無,150000,219,坡道平面,0.0,0,,RPPPMLRKKHLFFBJ68CC
竹北市,建物,新竹縣竹北市復興三路一段50號1樓,0.0,住,,,1050202,土地0建物1車位1,一層,10,華廈(10層含以下有電梯),住家用,鋼筋混凝土造,0950524,125.08000000000001,2,2,1,有,有,有,17000,136,坡道平面,0.0,0,租金含管,RPQPMLRKKHLFFBJ78CC
竹北市,建物,新竹縣竹北市六家一路一段126號6樓之1,0.0,住,,,1050202,土地0建物1車位1,六層,15,住宅大樓(11層含以上有電梯),住家用,鋼筋混凝土造,1000707,121.53999999999999,2,2,1,有,有,有,19000,156,坡道平面,0.0,0,租金含管,RPXOMLSKKHLFFBJ86CC
竹北市,建物,新竹縣竹北市縣政七街29號6樓,0.0,住,,,1050202,土地0建物1車位1,六層,10,華廈(10層含以下有電梯),住家用,鋼筋混凝土造,0891021,152.56,4,2,2,有,有,有,20000,131,坡道平面,0.0,0,續租,RPOPMLSKKHLFFBJ68CC
竹北市,建物,新竹縣竹北市嘉興路338巷32號4樓,0.0,住,,,1050128,土地0建物1車位1,四層,12,住宅大樓(11層含以上有電梯),住家用,鋼筋混凝土造,1030228,134.11,2,2,1,有,有,有,25000,186,坡道平面,0.0,0,,RPSNMLTKKHLFFBJ98CC
竹北市,建物,新竹縣竹北市復興二路215號,0.0,商,,,1050201,土地0建物1車位0,全,3,透天厝,商業用,鋼筋混凝土造,1010821,229.51000000000002,5,3,2,有,有,有,55000,240,,0.0,0,,RPWNMLMLKHLFFBJ78CC
竹北市,建物,新竹縣竹北市縣政二路576號,0.0,住,,,1050201,土地0建物1車位3,見其他登記事項,12,店面(店鋪),商業用,鋼筋混凝土造,0960429,555.9100000000001,14,1,2,有,無,無,150000,270,坡道平面,0.0,0,,RPROMLNLKHLFFBJ48CC
竹北市,建物,新竹縣竹北市縣政十三路75號,0.0,住,,,1050217,土地0建物1車位0,全,4,透天厝,住商用,鋼筋混凝土造,0850528,186.95,5,3,2,有,無,無,34056,182,,0.0,0,,RPUNMLOLKHLFFBJ78CC
竹北市,建物,新竹縣竹北市復興二路229號10樓之3,0.0,商,,,1050226,土地0建物1車位0,十層,13,辦公商業大樓,商業用,鋼筋混凝土造,0961204,141.93,0,0,0,無,有,無,33000,233,坡道平面,0.0,0,地下壹樓平面車位NO.61,RPPNMLRLKHLFFBJ58CC
竹北市,建物,新竹縣竹北市六家五路二段236號,0.0,住,,,1050219,土地0建物1車位0,一層,24,店面(店鋪),住商用,鋼筋混凝土造,1010328,171.76,0,0,0,無,有,無,25000,146,,0.0,0,租1+2層,RPWNMLNJLHLFFBJ78CC
湖口鄉,建物,新竹縣湖口鄉大勇路3巷29號,18.5,,工業區,丁種建築用地,1050226,土地0建物0車位0,全,5,透天厝,住家用,鋼筋混凝土造,0931008,18.5,1,0,1,有,無,有,2000,108,,0.0,0,,RPPNMLNJLHLFFDJ28CC
竹北市,房地(土地+建物)+車位,新竹縣竹北市嘉豐五路二段66號1樓,27.56,住,,,1050227,土地1建物1車位2,見其他登記事項,15,店面(店鋪),住商用,鋼筋混凝土造,1021016,175.34,0,0,0,無,有,無,35000,200,坡道平面,63.88,0,,RPPNMLPJLHLFFBJ28CC
竹北市,房地(土地+建物),新竹縣竹北市六家五路二段１９８號,0.0,住,,,1050119,土地1建物1車位0,一層,15,店面(店鋪),商業用,鋼筋混凝土造,0980504,236.55,0,0,0,無,無,無,25000,106,,0.0,0,,RPWOMLSJLHLFFBJ86DC
竹北市,建物,新竹縣竹北市光明六路東一段166號10樓,0.0,商,,,1050223,土地0建物1車位1,十層,23,住宅大樓(11層含以上有電梯),住家用,鋼筋混凝土造,1010824,243.94,4,2,2,有,有,有,50923,209,坡道平面,0.0,0,,RPVNMLKKLHLFFBJ48CC
竹北市,建物,新竹縣竹北市十興五街132號,0.0,商,,,1050226,土地0建物1車位1,一層,14,店面(店鋪),商業用,鋼筋混凝土造,1041116,152.42000000000002,0,1,0,有,有,無,28000,184,坡道平面,0.0,0,,RPVNMLPKLHLFFBJ98CC
竹北市,建物,新竹縣竹北市復興三路一段26號4樓,0.0,住,,,1050227,土地0建物1車位1,四層,10,華廈(10層含以下有電梯),住家用,鋼筋混凝土造,0950524,140.63,3,2,2,有,有,有,18000,128,坡道機械,0.0,0,,RPWNMLPKLHLFFBJ09CC
竹北市,建物,新竹縣竹北市文興路259號8樓,0.0,商,,,1050309,土地0建物1車位2,八層,11,辦公商業大樓,見其他登記事項,鋼筋混凝土造,1031015,202.13,0,1,0,有,有,無,30650,152,坡道平面,0.0,0,,RPXNMLPKLHLFFBJ56CC
湖口鄉,建物,新竹縣湖口鄉大勇路3巷29號,10.0,,工業區,丁種建築用地,1050302,土地0建物1車位0,全,5,透天厝,住家用,鋼筋混凝土造,0931008,20.0,1,0,1,有,無,有,3000,150,,0.0,0,,RPSNMLPKLHLFFDJ88CC
竹北市,建物,新竹縣竹北市台元一街5號10樓之3,0.0,工,,,1050218,土地0建物1車位3,十層,13,廠辦,工業用,鋼筋混凝土造,0990305,1238.21,0,0,0,無,有,無,293000,237,坡道平面,0.0,0,,RPOPMLRKLHLFFBJ68CC
竹北市,建物,新竹縣竹北市六家一路一段140號4樓之6,0.0,商,,,1050303,土地0建物1車位1,四層,15,住宅大樓(11層含以上有電梯),住家用,鋼筋混凝土造,1000707,124.44999999999999,2,2,1,有,有,有,19000,153,坡道平面,0.0,0,租金含管理費,RPWNMLSKLHLFFBJ76CC
竹北市,建物,新竹縣竹北市勝利七街一段208號3樓,0.0,住,,,1050305,土地0建物1車位1,三層,10,華廈(10層含以下有電梯),住家用,鋼筋混凝土造,0920227,108.46,3,2,2,有,有,有,19500,180,坡道平面,0.0,0,租金含管續租,RPXNMLSKLHLFFBJ86CC
竹北市,建物,新竹縣竹北市光明九路10之10號2樓,0.0,住,,,1050305,土地0建物1車位1,二層,14,住宅大樓(11層含以上有電梯),住家用,鋼筋混凝土造,0941107,73.03,2,2,1,有,有,有,13500,185,坡道機械,0.0,0,租金含管,RPOOMLSKLHLFFBJ68CC
竹北市,建物,新竹縣竹北市莊敬五街36號12樓,0.0,住,,,1050305,土地0建物1車位1,十二層,15,住宅大樓(11層含以上有電梯),住家用,鋼筋混凝土造,0950519,137.89000000000001,3,2,2,有,有,有,19000,138,坡道平面,0.0,0,,RPQOMLSKLHLFFBJ88CC
竹北市,建物,新竹縣竹北市嘉興二街29號8樓,0.0,住,,,1050314,土地0建物1車位1,八層,14,住宅大樓(11層含以上有電梯),住家用,鋼筋混凝土造,1040901,120.67999999999999,2,2,1,有,有,無,16000,133,坡道平面,0.0,0,,RPROMLSKLHLFFBJ98CC
竹北市,房地(土地+建物),新竹縣竹北市嘉豐一街123號2樓,0.0,住,,,1050313,土地0建物1車位0,二層,10,華廈(10層含以下有電梯),住家用,鋼筋混凝土造,0920321,76.61,3,2,2,有,有,有,18500,241,,0.0,0,,RPRNMLLLLHLFFBJ28CC
竹東鎮,房地(土地+建物),新竹縣竹東鎮中豐路二段１６６號,87.0,住,,,1050223,土地2建物1車位0,全,4,透天厝,住商用,鋼筋混凝土造,1030705,366.07,3,2,5,有,無,無,32000,87,,0.0,0,106/03/01起租金調整為35000元/月,RPTNMLLLLHLFFCJ68DC
竹東鎮,房地(土地+建物),新竹縣竹東鎮光明路１２６巷８７弄３１號三樓,0.0,其他,,,1050314,土地1建物1車位0,三層,14,辦公商業大樓,見其他登記事項,鋼筋混凝土造,1040325,163.82,0,0,2,有,無,無,15000,92,,0.0,0,,RPVNMLLLLHLFFCJ88DC
竹東鎮,房地(土地+建物),新竹縣竹東鎮資源街18巷1號,216.0,其他,,,1050224,土地1建物1車位0,全,3,透天厝,住家用,鋼筋混凝土造,1040608,168.46,4,2,3,有,無,有,15000,89,,0.0,0,,RPUNMLNLLHLFFCJ98DC
竹北市,建物,新竹縣竹北市嘉豐南路一段122號,0.0,住,,,1050322,土地0建物1車位0,三層,5,公寓(5樓含以下無電梯),住商用,鋼筋混凝土造,0951218,82.09,2,1,1,有,無,無,26500,323,,0.0,0,,RPPOMLNLLHLFFBJ38CC
竹北市,建物,新竹縣竹北市成功十三街26號7樓,0.0,商,,,1050303,土地0建物1車位1,七層,10,辦公商業大樓,見其他登記事項,鋼筋混凝土造,1040604,136.01999999999998,0,1,0,有,有,無,19999,147,坡道平面,0.0,0,,RPVNMLOLLHLFFBJ98CC
竹北市,房地(土地+建物)+車位,新竹縣竹北市成功十三街28號2樓,0.0,住,,,1050319,土地0建物1車位1,二層,10,華廈(10層含以下有電梯),見其他登記事項,鋼筋混凝土造,1040604,136.01999999999998,0,0,0,無,有,無,16000,118,坡道平面,36.64,0,,RPWNMLOLLHLFFBJ09CC
竹北市,建物,新竹縣竹北市成功三路88號2樓,0.0,住,,,1050319,土地0建物1車位0,二層,5,華廈(10層含以下有電梯),住家用,鋼筋混凝土造,0950323,169.75,5,2,1,有,無,有,40000,236,,0.0,0,,RPXNMLOLLHLFFBJ56CC
竹北市,房地(土地+建物),新竹縣竹北市莊敬北路575號13樓,2016.68,住,,,1050324,土地1建物1車位0,十三層,13,住宅大樓(11層含以上有電梯),住家用,鋼筋混凝土造,1041105,77.72,3,2,2,有,無,有,18000,232,,0.0,0,,RPPOMLPLLHLFFBJ58CC
竹北市,房地(土地+建物)+車位,新竹縣竹北市莊敬北路575號13樓,2016.68,住,,,1050324,土地1建物1車位1,十三層,13,住宅大樓(11層含以上有電梯),住家用,鋼筋混凝土造,1041105,77.72,3,2,2,有,有,有,18000,232,其他,0.0,0,,RPQPMLPLLHLFFBJ78CC
竹北市,房地(土地+建物)+車位,新竹縣竹北市莊敬北路575號13樓,2016.68,住,,,1050324,土地1建物1車位1,十三層,13,住宅大樓(11層含以上有電梯),住家用,鋼筋混凝土造,1041105,77.72,3,2,2,有,有,有,18000,232,其他,0.0,0,,RPRPMLPLLHLFFBJ88CC
竹北市,建物,新竹縣竹北市莊敬五街45之1號2樓,0.0,住,,,1050319,土地0建物1車位1,二層,15,住宅大樓(11層含以上有電梯),住家用,鋼筋混凝土造,0940923,162.18,4,2,2,有,有,有,22000,136,坡道平面,0.0,0,,RPTPMLPLLHLFFBJ09CC
竹北市,建物,新竹縣竹北市成功十五街62號5樓之1前棟,0.0,住,,,1050223,土地0建物1車位0,全,5,透天厝,住商用,鋼筋混凝土造,1010104,26.67,1,1,1,有,無,有,6300,236,,0.0,0,,RPUNMLSLLHLFFBJ66CC
竹北市,建物,新竹縣竹北市勝利六街50號2樓之9,0.0,商,,,1050226,土地0建物1車位0,二層,10,華廈(10層含以下有電梯),商業用,鋼筋混凝土造,0930309,38.230000000000004,1,1,1,有,有,有,10000,262,,0.0,0,,RPRNMLKMLHLFFBJ28CC
湖口鄉,建物,新竹縣湖口鄉中成路73號,0.0,,特定農業區,農牧用地,1050314,土地0建物1車位0,全,3,透天厝,見其他登記事項,鋼筋混凝土造,1021219,415.05,5,2,3,有,無,無,50000,120,,0.0,0,,RPSNMLKMLHLFFDJ58CC
竹北市,房地(土地+建物),新竹縣竹北市復興三路二段80號,35.84,商,,,1050331,土地1建物1車位0,見其他登記事項,14,店面(店鋪),商業用,鋼筋混凝土造,0970321,291.71999999999997,0,0,0,無,有,無,45000,154,,0.0,0,105.4.15~108.4.14 租金為45000月108.4.15~110.4.14 租金為49000月,RPTNMLRJMHLFFBJ98CC
竹北市,建物,新竹縣竹北市復興七街50號9樓,0.0,住,,,1050322,土地0建物1車位2,九層,14,住宅大樓(11層含以上有電梯),住家用,鋼筋混凝土造,0970825,180.52999999999997,4,2,2,有,有,有,24000,133,坡道機械,0.0,0,,RPROMLLKMHLFFBJ38CC
竹北市,建物,新竹縣竹北市莊敬六街3號8樓,0.0,住,,,1050311,土地0建物1車位1,八層,15,住宅大樓(11層含以上有電梯),住家用,鋼筋混凝土造,0941114,179.10000000000002,4,2,2,有,有,有,20000,112,坡道平面,0.0,0,續租,RPTOMLLKMHLFFBJ58CC
竹北市,建物,新竹縣竹北市嘉勤北路75號4樓,0.0,住,,,1050319,土地0建物1車位1,四層,12,住宅大樓(11層含以上有電梯),住家用,鋼筋混凝土造,0950519,80.62,2,2,1,有,有,有,15000,186,坡道平面,0.0,0,租金含管續租,RPUOMLLKMHLFFBJ68CC
竹東鎮,土地,富貴段103地號,343.8,,特定農業區,農牧用地,1050329,土地1建物0車位0,,,其他,,,,0.0,0,0,0,有,無,無,39500,115,,0.0,0,,RPTNMLLKMHLFFCJ58CC
竹北市,建物,新竹縣竹北市莊敬五街78號4樓,0.0,商,,,1050320,土地0建物1車位0,四層,15,住宅大樓(11層含以上有電梯),住家用,鋼筋混凝土造,0950519,105.28,2,1,1,有,有,有,20434,194,,0.0,0,,RPVNMLMKMHLFFBJ78CC
竹北市,建物,新竹縣竹北市聯發街33號5樓,0.0,住,,,1050324,土地0建物1車位1,五層,14,住宅大樓(11層含以上有電梯),住家用,鋼筋混凝土造,1040519,132.81,2,2,1,有,有,無,17000,128,坡道平面,0.0,0,租金含管,RPROMLMKMHLFFBJ48CC
竹北市,建物,新竹縣竹北市復興二路73號5樓,0.0,住,,,1050325,土地0建物1車位1,五層,13,住宅大樓(11層含以上有電梯),住家用,鋼筋混凝土造,1001222,128.87,2,2,1,有,有,有,23000,178,坡道平面,0.0,0,,RPSOMLMKMHLFFBJ58CC
竹北市,建物,新竹縣竹北市福竹街116號3樓,0.0,住,,,1050331,土地0建物1車位1,三層,14,住宅大樓(11層含以上有電梯),住家用,鋼筋混凝土造,1021024,166.93,3,2,2,有,有,無,17000,102,坡道平面,0.0,0,續租租金含管,RPTOMLMKMHLFFBJ68CC
竹北市,建物,新竹縣竹北市隘口三街220號11樓之3,0.0,住,,,1050331,土地0建物1車位0,十一層,15,住宅大樓(11層含以上有電梯),住家用,鋼筋混凝土造,0991214,92.44,3,2,2,有,有,有,25000,270,,0.0,0,租金含管.網路.第四台續租,RPWOMLMKMHLFFBJ98CC
竹北市,建物,新竹縣竹北市光明九路8之2號6樓,0.0,住,,,1050326,土地0建物1車位1,六層,14,住宅大樓(11層含以上有電梯),住家用,鋼筋混凝土造,0941107,97.61,3,2,2,有,有,有,16000,164,坡道機械,0.0,0,租金含管附部份家具,RPXOMLMKMHLFFBJ09CC
竹北市,土地,家興段394-1地號,345.2,住,,,1050323,土地2建物0車位0,,,其他,,,,0.0,0,0,0,有,無,無,110000,319,,0.0,0,,RPQOMLNKMHLFFBJ48CC
北埔鄉,建物,新竹縣北埔鄉長春街101號,59.89,住,,,1050406,土地0建物1車位0,全,3,透天厝,住家用,加強磚造,,126.23,3,2,2,有,無,有,10000,79,,0.0,0,,RPXOMLOKMHLFFCJ76CC
竹東鎮,建物,新竹縣竹東鎮長春路二段114號,103.0,其他,,,1050406,土地0建物1車位0,全,1,透天厝,住商用,鋼筋混凝土造,,69.77,0,1,0,有,無,有,35000,502,,0.0,0,,RPTOMLOKMHLFFCJ09DC
新豐鄉,土地,文昌段719地號,151.29,住,,,1050413,土地1建物0車位0,,,其他,,,,0.0,0,0,0,有,無,無,5000,33,,0.0,0,,RPSNMLOKMHLFFDJ98DC
湖口鄉,房地(土地+建物),新竹縣湖口鄉忠孝路12之4號,116.87,住,,,1050412,土地1建物1車位0,見其他登記事項,4,店面(店鋪),住商用,鋼筋混凝土造,0800415,231.03,0,0,0,無,無,無,48000,208,,0.0,0,,RPTNMLOKMHLFFDJ09DC
竹北市,建物,新竹縣竹北市文興路257號4樓,0.0,住,,,1050316,土地0建物1車位2,四層,11,辦公商業大樓,見其他登記事項,鋼筋混凝土造,1031015,348.86,1,1,1,有,有,無,60000,172,坡道平面,86.52,0,,RPSOMLSKMHLFFBJ56CC
竹北市,建物,新竹縣竹北市聯發街33號8樓,0.0,住,,,1050326,土地0建物1車位1,八層,14,住宅大樓(11層含以上有電梯),住家用,鋼筋混凝土造,1040519,132.81,2,2,1,有,有,有,18000,136,坡道平面,0.0,0,租金含管,RPPOMLTKMHLFFBJ98CC
竹北市,建物,新竹縣竹北市勝利一路138號13樓,0.0,住,,,1050401,土地0建物1車位0,十三層,15,住宅大樓(11層含以上有電梯),住家用,鋼筋混凝土造,0941004,105.11,3,2,2,有,有,有,22000,209,,0.0,0,租金含管,RPUOMLTKMHLFFBJ86CC
竹北市,建物,新竹縣竹北市六家一路一段140號9樓之5,0.0,住,,,1050405,土地0建物1車位1,九層,15,住宅大樓(11層含以上有電梯),住家用,鋼筋混凝土造,1000707,124.44999999999999,2,2,1,有,有,有,20000,161,坡道平面,0.0,0,租金含管.第四台,RPVOMLTKMHLFFBJ96CC
竹北市,建物,新竹縣竹北市莊敬三路103號12樓,0.0,住,,,1050409,土地0建物1車位0,十二層,14,住宅大樓(11層含以上有電梯),住家用,鋼筋混凝土造,0931228,124.28,2,2,2,有,有,有,16000,129,,0.0,0,附部分家具,RPWOMLTKMHLFFBJ07CC
竹北市,建物,新竹縣竹北市自強北路70號5樓,0.0,住,,,1050401,土地0建物1車位1,五層,13,住宅大樓(11層含以上有電梯),住家用,鋼筋混凝土造,0941018,155.0,3,2,2,有,有,有,28000,181,坡道平面,0.0,0,,RPXOMLTKMHLFFBJ17CC
竹北市,建物,新竹縣竹北市自強南路45.47號壹樓及地下室全部（含附屬建物）,0.0,住,,,1050321,土地0建物2車位0,見其他登記事項,5,店面(店鋪),住商用,鋼筋混凝土造,0921210,253.27,0,0,0,無,有,無,90000,355,,0.0,0,第四、五年租金調整為 10萬/月,RPSNMLTKMHLFFBJ66DC
竹北市,建物,新竹縣竹北市莊敬六街9號10樓之6,0.0,住,,,1050412,土地0建物1車位0,十層,15,住宅大樓(11層含以上有電梯),住家用,鋼筋混凝土造,0941114,41.37,1,0,1,有,有,有,10000,242,,0.0,0,租金含管.網路.第四台,RPOOMLKLMHLFFBJ08CC
竹北市,建物,新竹縣竹北市成功一街57號13樓,0.0,住,,,1050417,土地0建物1車位1,十三層,14,住宅大樓(11層含以上有電梯),住家用,鋼筋混凝土造,0930524,149.39,3,2,2,有,有,有,18000,120,坡道機械,0.0,0,租金含管,RPROMLKLMHLFFBJ38CC
竹北市,建物,新竹縣竹北市嘉豐十路5號6樓之7,0.0,住,,,1050417,土地0建物1車位0,五層,13,套房(1房1廳1衛),商業用,鋼筋混凝土造,0970321,89.57,1,0,1,有,有,有,9500,106,,0.0,0,租金含管.網路.第四台,RPSOMLKLMHLFFBJ48CC
竹北市,建物,新竹縣竹北市文興路二段101號19樓,0.0,商,,,1050413,土地0建物1車位2,十九層,23,住宅大樓(11層含以上有電梯),住家用,鋼筋混凝土造,1030924,296.05,4,2,2,有,有,有,67000,226,坡道平面,67.78,0,含稅金管理費水電瓦斯費網路及第四台,RPTOMLKLMHLFFBJ58CC
竹北市,建物,新竹縣竹北市光明六路東一段296之5號7樓,0.0,商,,,1050331,土地0建物1車位0,七層,23,住宅大樓(11層含以上有電梯),住家用,鋼筋混凝土造,0960528,217.27,4,2,2,有,有,有,40000,184,,0.0,0,租金含管.網路.第四台,RPSPMLKLMHLFFBJ58CC
竹北市,建物,新竹縣竹北市隘口五街35號,0.0,,,,1050406,土地0建物2車位0,一層,10,華廈(10層含以下有電梯),商業用,鋼筋混凝土造,0981105,125.75,0,0,0,無,有,無,41500,330,,0.0,0,,RPQPMLMLMHLFFBJ58CC
竹北市,建物,新竹縣竹北市莊敬五街165號18樓,0.0,商,,,1050409,土地0建物1車位0,十八層,23,住宅大樓(11層含以上有電梯),住家用,鋼筋混凝土造,1030501,131.01,3,2,2,有,有,無,22000,168,,0.0,0,,RPOOMLMLMHLFFBJ38DC
寶山鄉,建物,新竹縣寶山鄉寶山七街12號,0.0,,山坡地保育區,丙種建築用地,1050416,土地0建物1車位0,全,3,透天厝,住家用,鋼筋混凝土造,0980716,529.09,6,2,4,有,無,有,28800,54,,0.0,0,,RPXQMLQLMHLFFCJ27CC
竹北市,建物,新竹縣竹北市嘉豐二街15號7樓,0.0,住,,,1050425,土地0建物1車位2,七層,14,住宅大樓(11層含以上有電梯),住家用,鋼筋混凝土造,1040901,144.25,3,2,2,有,有,有,34056,236,坡道平面,0.0,0,,RPSNMLQLMHLFFBJ98CC
竹北市,建物,新竹縣竹北市莊敬五街167號十四樓,0.0,商,,,1050416,土地0建物1車位2,十四層,23,住宅大樓(11層含以上有電梯),住家用,鋼筋混凝土造,1030501,237.7,4,2,2,有,有,有,25000,105,坡道平面,47.01,0,,RPOOMLQLMHLFFBJ68CC
竹北市,建物,新竹縣竹北市勝利一路160號,0.0,商,,,1050423,土地0建物1車位0,一層,15,店面(店鋪),住商用,鋼筋混凝土造,0941114,134.35000000000002,0,0,0,無,有,有,40000,298,,0.0,0,,RPSNMLRLMHLFFBJ09CC
竹北市,建物,新竹縣竹北市博愛街563號,0.0,商,,,1050415,土地0建物1車位1,一層,8,店面(店鋪),商業用,鋼筋混凝土造,1010118,178.14,0,1,2,有,有,無,45000,253,坡道機械,0.0,0,105年4月16日~108年4月15日 NT45000/月108年4月16日~110年4月15日 NT49500/月,RPROMLRLMHLFFBJ09CC
竹北市,建物,新竹縣竹北市台科路88號5樓,0.0,住,,,1050418,土地0建物1車位2,五層,14,住宅大樓(11層含以上有電梯),住家用,鋼筋混凝土造,1000805,130.23,3,2,2,有,有,有,25000,192,坡道平面,0.0,0,租金含管續租,RPPNMLSLMHLFFBJ88CC
竹北市,建物,新竹縣竹北市勝利六街9號7樓,0.0,住,,,1050418,土地0建物1車位1,七層,14,住宅大樓(11層含以上有電梯),住家用,鋼筋混凝土造,0931018,120.85,3,2,2,有,有,有,18000,149,坡道平面,0.0,0,租金含管,RPQNMLSLMHLFFBJ98CC
竹北市,建物,新竹縣竹北市縣政二路41號,0.0,商,,,1050418,土地0建物1車位0,全,3,透天厝,住家用,鋼筋混凝土造,0810820,292.32,8,2,3,有,無,無,67000,229,,0.0,0,,RPSNMLSLMHLFFBJ56CC
竹北市,建物,新竹縣竹北市隘口一街5號9樓之6,0.0,商,,,1050416,土地0建物1車位0,九層,10,套房(1房1廳1衛),商業用,鋼筋混凝土造,0970310,38.7,1,1,1,有,有,有,11000,284,,0.0,0,含第四台費用,RPTNMLSLMHLFFBJ66CC
竹北市,建物,新竹縣竹北市嘉興二街11號12樓,0.0,住,,,1050419,土地0建物1車位1,十二層,14,住宅大樓(11層含以上有電梯),住家用,鋼筋混凝土造,1040901,98.7,2,2,1,有,有,有,18000,182,坡道平面,0.0,0,租金含管,RPUNMLSLMHLFFBJ76CC
竹北市,建物,新竹縣竹北市成功八路172號11樓之1,0.0,住,,,1050424,土地0建物1車位2,十一層,19,住宅大樓(11層含以上有電梯),住家用,鋼筋混凝土造,1031009,202.3,3,2,2,有,有,無,22000,109,坡道平面,0.0,0,租金含管,RPVNMLSLMHLFFBJ86CC
竹北市,建物,新竹縣竹北市六家五路二段210號5樓之2,0.0,住,,,1050421,土地0建物1車位1,五層,24,住宅大樓(11層含以上有電梯),住家用,鋼筋混凝土造,1010328,181.51999999999998,4,2,2,有,有,無,22000,121,坡道平面,0.0,0,,RPWNMLSLMHLFFBJ96CC
竹北市,建物,新竹縣竹北市六家一路一段209號10樓,0.0,住,,,1050423,土地0建物1車位1,十層,14,住宅大樓(11層含以上有電梯),住家用,鋼筋混凝土造,1030725,122.2,2,2,1,有,有,有,23000,188,坡道平面,0.0,0,租金含管,RPOOMLSLMHLFFBJ88CC
竹北市,建物,新竹縣竹北市莊敬五街31號7樓,0.0,住,,,1050424,土地0建物1車位1,七層,14,住宅大樓(11層含以上有電梯),住家用,鋼筋混凝土造,0940923,136.07,4,2,2,有,有,有,20000,147,坡道平面,0.0,0,,RPPOMLSLMHLFFBJ98CC
竹北市,建物,新竹縣竹北市嘉豐十路1號9樓之1,0.0,住,,,1050424,土地0建物1車位1,九層,13,套房(1房1廳1衛),商業用,鋼筋混凝土造,0970321,49.39,1,1,1,有,有,有,13000,263,坡道平面,0.0,0,租金含管.網路.第四台,RPQOMLSLMHLFFBJ09CC
竹北市,建物,新竹縣竹北市聯發街31號11樓,0.0,住,,,1050425,土地0建物1車位1,十一層,14,住宅大樓(11層含以上有電梯),住家用,鋼筋混凝土造,1040519,132.81,2,2,1,有,有,有,17000,128,坡道平面,0.0,0,租金含管,RPSOMLSLMHLFFBJ66CC
竹北市,建物,新竹縣竹北市復興三路一段50號1樓,0.0,住,,,1050427,土地0建物1車位1,一層,10,華廈(10層含以下有電梯),住家用,鋼筋混凝土造,0950524,112.03,2,2,1,有,有,有,17000,152,坡道平面,0.0,0,租金含管,RPTOMLSLMHLFFBJ76CC
竹北市,建物,新竹縣竹北市隘口八街97號8樓,0.0,住,,,1050330,土地0建物1車位2,八層,15,住宅大樓(11層含以上有電梯),住家用,鋼筋混凝土造,0970723,245.57,4,2,2,有,有,無,24000,98,坡道平面,0.0,0,租金含稅.二代健保.管理費續租,RPUOMLSLMHLFFBJ86CC
竹北市,建物,新竹縣竹北市科大一路186號2樓,0.0,住,,,1050426,土地0建物1車位1,二層,13,住宅大樓(11層含以上有電梯),住家用,鋼筋混凝土造,1010531,116.78,2,2,1,有,有,無,15000,128,坡道平面,0.0,0,租金含管續租,RPPPMLSLMHLFFBJ09CC
竹北市,房地(土地+建物)+車位,新竹縣竹北市高鐵二路32號3樓之1,0.0,商,,,1050410,土地1建物1車位3,三層,20,辦公商業大樓,商業用,鋼筋混凝土造,0990106,281.22,0,0,0,無,有,無,85000,302,坡道平面,97.23,0,,RPWQMLSLMHLFFBJ37DC
竹北市,房地(土地+建物)+車位,新竹縣竹北市復興三路二段118號17樓,0.0,商,,,1050417,土地1建物1車位2,十七層,23,住宅大樓(11層含以上有電梯),住家用,鋼筋混凝土造,1030924,186.35,4,2,3,有,有,無,30000,161,坡道平面,67.78,0,,RPXQMLSLMHLFFBJ47DC
