﻿編號,屋齡,建物移轉面積平方公尺,主要用途,主要建材,建築完成日期,總層數,建物分層
The serial number,room age,building shifting area square meter,the main use,main building materials,construction completes the date,total layer,building lamination
RPRNMLQKKHLFFDP56CA,,255.85,住家用,鋼筋混凝土造,104年7月9日,四層,一層 二層 三層 四層 陽台
RPQNMLOJKHLFFDP78CA,,43.47,住家用,鋼筋混凝土造,,,
RPQNMLOJKHLFFDP78CA,,2.11,共有部份,鋼筋混凝土造,,,
RPQNMLOJKHLFFDP78CA,,7.36,共有部份,鋼筋混凝土造,,,
RPWNMLLJKHLFFAP88DA,25,122.94,住家用,加強磚造,80年6月21日,二層,一層 二層 電梯樓梯間 夾層
RPQNMLMJKHLFFAP48EA,34,103.86,住商用,加強磚造,70年11月7日,二層,一層 二層 騎樓 電梯樓梯間
RPQNMLLJKHLFFBP48EA,34,103.41,住家用,加強磚造,71年3月19日,二層,一層 二層 電梯樓梯間
RPXNMLMLKHLFFCP76CA,,283.18,住宅、停車空間,鋼筋混凝土造,104年11月26日,四層,一層 二層 三層 四層 見其他登記事項 見其他登記事項
RPXNMLMLKHLFFCP76CA,,4.66,﹝Ｓ１、Ｓ２、Ｓ３、Ｓ５、Ｓ６、Ｓ７、Ｓ８、Ｓ９、Ｓ１０、Ｓ１１、Ａ１、Ａ２、Ａ３、Ａ５、Ｂ１、Ｂ２、Ｂ３、Ｂ５、Ｂ６、Ｂ７棟共有﹞配電室、樓梯間,鋼筋混凝土造,104年11月26日,一層,
RPPOMLMLKHLFFCP68CA,,266.68,住宅、停車空間,鋼筋混凝土造,104年11月26日,四層,一層 二層 三層 四層 見其他登記事項 見其他登記事項
RPPOMLMLKHLFFCP68CA,,4.66,﹝Ｓ１、Ｓ２、Ｓ３、Ｓ５、Ｓ６、Ｓ７、Ｓ８、Ｓ９、Ｓ１０、Ｓ１１、Ａ１、Ａ２、Ａ３、Ａ５、Ｂ１、Ｂ２、Ｂ３、Ｂ５、Ｂ６、Ｂ７棟共有﹞配電室、樓梯間,鋼筋混凝土造,104年11月26日,一層,
RPOOMLMLKHLFFCP58CA,,191.12,騎樓、店舖、住宅、停車空間,鋼筋混凝土造,104年11月26日,四層,騎樓 見其他登記事項 見其他登記事項
RPOOMLMLKHLFFCP58CA,,4.66,﹝Ｓ１、Ｓ２、Ｓ３、Ｓ５、Ｓ６、Ｓ７、Ｓ８、Ｓ９、Ｓ１０、Ｓ１１、Ａ１、Ａ２、Ａ３、Ａ５、Ｂ１、Ｂ２、Ｂ３、Ｂ５、Ｂ６、Ｂ７棟共有﹞配電室、樓梯間,鋼筋混凝土造,104年11月26日,一層,
RPUNMLMJLHLFFDP09CA,,129.62,住家用,鋼筋混凝土造,,,
RPUNMLMJLHLFFDP09CA,,10.93,共有部份,鋼筋混凝土造,,,
RPUNMLMJLHLFFDP09CA,,1.46,共有部份,鋼筋混凝土造,,,
RPUNMLMJLHLFFDP09CA,,21.47,共有部份,鋼筋混凝土造,,,
RPTNMLQKKHLFFAP09CA,22,86.59,住家用,鋼筋混凝土造,83年6月15日,十一層,二層 陽台
RPTNMLQKKHLFFAP09CA,22,10.13,共有部份,鋼筋混凝土造,83年6月15日,,
RPTNMLQKKHLFFAP09CA,22,12.07,共有部份,鋼筋混凝土造,83年6月15日,十一層,
RPWNMLOJKHLFFAP09CA,,193.81,運動休閒設施（保健館）、樓梯間,鋼筋混凝土造,,,
RPPNMLPJKHLFFAP48CA,,84.90,住家用,鋼筋混凝土造,,,
RPPNMLPJKHLFFAP48CA,,16.90,共有部份,鋼筋混凝土造,,,
RPPNMLPJKHLFFAP48CA,,.37,共有部份,鋼筋混凝土造,,,
RPXNMLPJKHLFFBP76CA,19,89.52,住家用,鋼筋混凝土造,85年10月20日,十一層,四層 陽台
RPXNMLPJKHLFFBP76CA,19,27.96,共有部份,鋼筋混凝土造,85年10月20日,十一層,
RPRNMLPLKHLFFBP98CA,,174.99,住宅、停車空間、梯間,鋼筋混凝土造,,,
RPTNMLPLKHLFFBP56CA,,186.29,住宅、停車空間、梯間,鋼筋混凝土造,,,
RPSNMLPLKHLFFBP09CA,,174.99,住宅、停車空間、梯間,鋼筋混凝土造,,,
RPUNMLLLKHLFFCP98CA,,209.72,住家用,鋼筋混凝土造,104年11月12日,四層,一層 二層 三層 四層 陽台
RPTNMLLLKHLFFCP88CA,,195.89,住宅、樓梯間,鋼筋混凝土造,104年11月12日,三層,一層 二層 三層 陽台 見其他登記事項
RPVNMLLLKHLFFCP09CA,,176.31,住宅、停車空間,鋼筋混凝土造,104年11月10日,三層,一層 二層 三層 陽台 見其他登記事項
RPWNMLLLKHLFFCP56CA,,171.69,住家用,鋼筋混凝土造,104年11月10日,三層,一層 二層 三層 陽台
RPQOMLLLKHLFFCP68CA,,178.70,住宅、停車空間,鋼筋混凝土造,104年11月10日,三層,一層 二層 三層 陽台 見其他登記事項
RPOOMLLLKHLFFCP48CA,,193.97,住宅、樓梯間,鋼筋混凝土造,104年11月10日,三層,一層 二層 三層 見其他登記事項
RPPOMLLLKHLFFCP58CA,,182.27,住宅、停車空間,鋼筋混凝土造,104年11月10日,三層,一層 二層 三層 陽台 見其他登記事項
RPQOMLMLKHLFFCP78CA,,178.88,住宅、停車空間,鋼筋混凝土造,104年11月10日,三層,一層 二層 三層 陽台 見其他登記事項
RPROMLLLKHLFFCP78CA,,89.35,住宅、停車空間,鋼筋混凝土造,104年11月10日,三層,一層 二層 三層 陽台 見其他登記事項
RPROMLLLKHLFFCP78CA,,89.35,住宅、停車空間,鋼筋混凝土造,104年11月10日,三層,一層 二層 三層 陽台 見其他登記事項
RPVNMLSKKHLFFDP17CA,19,165.59,住家用,鋼筋混凝土造,85年8月23日,三層,一層 二層 三層 電梯樓梯間 見其他登記事項
SPQOMLMLKHLFFCP88CA,,171.58,住家用,鋼筋混凝土造,104年11月10日,三層,一層 二層 三層 陽台
RPQNMLPLKHLFFDP09CA,,100.16,住家用,鋼筋混凝土造,,,
RPQNMLPLKHLFFDP09CA,,4.48,共有部份,鋼筋混凝土造,,,
RPQNMLPLKHLFFDP09CA,,12.72,共有部份,鋼筋混凝土造,,,
RPSNMLPKKHLFFDP56CA,,124.08,住家用,鋼筋混凝土造,,,
RPPNMLPJKHLFFDP78CA,,164.23,住家用,鋼筋混凝土造,,,
RPWNMLLJLHLFFEP76DA,36,75.30,住家用,加強磚造,68年11月4日,二層,一層 二層
RPTNMLPJKHLFFAP98DA,,54.59,住家用,木石磚造（磚石造）,,,
RPVOMLOLKHLFFAP76DA,1,71.56,集合住宅,鋼筋混凝土造,104年5月12日,五層,三層 陽台
RPVOMLOLKHLFFAP76DA,1,17.10,騎樓，門廳，停車空間，門廊，蓄水池，受電室，水箱，機械室，樓梯間,鋼筋混凝土造,104年5月12日,五層,
RPVOMLOLKHLFFAP76DA,1,10.90,共用部分：樓梯間,鋼筋混凝土造,104年5月12日,五層,
RPOPMLOLKHLFFAP78DA,1,72.53,集合住宅,鋼筋混凝土造,104年5月12日,五層,四層 陽台
RPOPMLOLKHLFFAP78DA,1,7.08,騎樓，門廳，停車空間，門廊，蓄水池，受電室，水箱，機械室，樓梯間,鋼筋混凝土造,104年5月12日,五層,
RPOPMLOLKHLFFAP78DA,1,12.11,共用部分：樓梯間,鋼筋混凝土造,104年5月12日,五層,
RPRNMLPKKHLFFBP09EA,17,85.62,住家用,鋼筋混凝土造,88年7月10日,八層,八層 陽台
RPRNMLPKKHLFFBP09EA,17,24.92,共有部份,鋼筋混凝土造,88年7月10日,八層,
RPRNMLPKKHLFFBP09EA,17,9.62,共有部份,鋼筋混凝土造,88年7月10日,八層,
RPRNMLQLKHLFFFP96DA,9,183.20,住家用,鋼筋混凝土造,95年11月17日,四層,一層 二層 三層 四層 陽台 雨遮
RPSNMLPJKHLFFFP66CA,18,26.42,住家用,鋼筋混凝土造,87年3月18日,八層,六層 陽台
RPSNMLPJKHLFFFP66CA,18,3.30,共有部份,鋼筋混凝土造,87年3月18日,八層,
RPSNMLPJKHLFFFP66CA,18,8.04,共有部份,鋼筋混凝土造,87年3月18日,八層,
RPTNMLPJKHLFFFP76CA,34,114.36,住商用,加強磚造,70年7月20日,二層,一層 二層 騎樓
RPPNMLPKKHLFFFP09CA,18,258.13,住家用,鋼筋混凝土造,86年9月2日,四層,
RPRNMLLJLHLFFDP68CA,,98.82,住家用,鋼筋混凝土造,,,
RPRNMLLJLHLFFDP68CA,,28.22,共有部份,鋼筋混凝土造,,,
RPRNMLLJLHLFFDP68CA,,16.06,共有部份,鋼筋混凝土造,,,
RPSNMLQLKHLFFCP66CA,33,132.78,住商用,加強磚造,71年9月17日,二層,一層 二層 騎樓
RPVOMLLLKHLFFCP56CA,,191.72,住宅、停車空間、樓梯間,鋼筋混凝土造,104年11月12日,三層,一層 二層 三層 陽台 見其他登記事項
RPWOMLLLKHLFFCP66CA,,190.80,住宅、停車空間、樓梯間,鋼筋混凝土造,104年11月12日,三層,一層 二層 三層 陽台 見其他登記事項
RPXOMLLLKHLFFCP76CA,,173.96,住宅、停車空間,鋼筋混凝土造,104年11月12日,三層,一層 二層 三層 陽台 見其他登記事項
RPWNMLRKKHLFFBP96CA,21,194.03,住家用,鋼筋混凝土造,84年6月16日,三層,一層 二層 三層 陽台 電梯樓梯間
RPPNMLOLKHLFFBP68CA,,82.92,住家用,鋼筋混凝土造,,,
RPPNMLOLKHLFFBP68CA,,20.82,共有部份,鋼筋混凝土造,,,
RPPNMLOLKHLFFBP68CA,,31.51,共有部份,鋼筋混凝土造,,,
RPSNMLPJKHLFFAP78CA,,202.92,住家用,鋼筋混凝土造,,,
RPOOMLOLKHLFFAP58CA,17,177.42,農舍,鋼筋混凝土加強磚造,88年2月2日,一層,一層 騎樓
RPRNMLLJLHLFFAP38CA,2,245.23,旅館、停車空間、水箱間,鋼筋混凝土造,103年2月26日,四層,一層 二層 三層 四層 陽台 電梯樓梯間
RPSOMLLLKHLFFCP88CA,,171.58,住家用,鋼筋混凝土造,104年11月10日,三層,一層 二層 三層 陽台
RPTOMLLLKHLFFCP98CA,,175.62,住宅、停車空間,鋼筋混凝土造,104年11月10日,三層,一層 二層 三層 陽台 見其他登記事項
RPUOMLLLKHLFFCP09CA,,191.72,住宅、停車空間、樓梯間,鋼筋混凝土造,104年11月12日,三層,一層 二層 三層 陽台 見其他登記事項
RPSNMLLLKHLFFCP78CA,,218.65,住宅、樓梯間,鋼筋混凝土造,104年11月12日,三層,一層 二層 三層 陽台 見其他登記事項
RPPNMLQKKHLFFCP88CA,,182.28,住宅、樓梯間,鋼筋混凝土造,,,
RPRNMLMLKHLFFDP88CA,,212.37,住商用,加強磚造,,,
RPWNMLSJLHLFFDP27CA,,279.49,住家用,鋼筋混凝土造,104年10月27日,四層,一層 二層 三層 四層 陽台
RPXNMLLLKHLFFCP66CA,,192.58,住宅、樓梯間,鋼筋混凝土造,104年11月10日,三層,一層 二層 三層 陽台 見其他登記事項
RPQNMLPLKHLFFCP98CA,,120.29,農舍,加強磚造,,,
RPRNMLSKKHLFFAP09CA,,187.74,住宅、樓梯間,鋼筋混凝土造,104年8月25日,三層,一層 二層 三層 陽台 屋頂突出物
SPUNMLMJLHLFFAP88CA,13,17.95,住家用,鋼筋混凝土造,92年7月7日,四層,四層
SPUNMLMJLHLFFAP88CA,13,6.01,共有部份,鋼筋混凝土造,92年7月7日,四層,
RPUNMLMJLHLFFAP78CA,13,17.95,住家用,鋼筋混凝土造,92年7月7日,四層,四層
RPUNMLMJLHLFFAP78CA,13,6.01,共有部份,鋼筋混凝土造,92年7月7日,四層,
RPRNMLRKKHLFFCP56CA,26,175.48,住家用,ＲＣ構架造,79年3月31日,三層,一層 二層 三層 騎樓 電梯樓梯間
RPPNMLMLKHLFFCP58CA,,232.13,停車空間、住宅,鋼筋混凝土造,,,
RPXNMLOLKHLFFAP86DA,19,73.73,住家用,鋼筋混凝土造,86年5月15日,十六層,六層
RPXNMLOLKHLFFAP86DA,19,29.10,共有部份,鋼筋混凝土造,86年5月15日,十六層,
RPXNMLOLKHLFFAP86DA,19,14.39,共有部份,鋼筋混凝土造,86年5月15日,十六層,
RPQNMLMLKHLFFFP98CA,33,53.32,住家用,加強磚造,72年5月2日,一層,一層
RPQNMLTKKHLFFAP56DA,21,202.62,住家用,鋼筋混凝土造,83年8月15日,四層,一層 二層 三層 四層 地下層
RPWNMLMLKHLFFAP56DA,34,179.90,住家用,加強磚造,70年12月2日,三層,一層 二層 三層 騎樓 電梯樓梯間
RPPOMLSJLHLFFDP66CA,,221.13,住家用,鋼筋混凝土造,104年10月27日,四層,一層 二層 三層 四層 陽台
RPOOMLSJLHLFFDP56CA,,221.13,住家用,鋼筋混凝土造,104年10月27日,四層,一層 二層 三層 四層 陽台
RPXNMLSJLHLFFDP37CA,,231.74,住家用,鋼筋混凝土造,104年10月27日,四層,一層 二層 三層 四層 陽台
RPPNMLTKKHLFFAP98CA,38,118.10,住家用,加強磚造,66年11月10日,二層,一層 二層 騎樓
RPSNMLTKKHLFFAP66CA,22,93.44,住家用,鋼筋混凝土造,83年3月25日,七層,四層 陽台
RPSNMLTKKHLFFAP66CA,22,13.15,共有部份,鋼筋混凝土造,83年3月25日,七層,
RPSNMLTKKHLFFAP66CA,22,12.99,共有部份,鋼筋混凝土造,83年3月25日,七層,
RPTNMLTKKHLFFAP76CA,14,178.88,住家用,鋼筋混凝土造,91年5月7日,四層,
RPPNMLKLKHLFFAP18CA,18,224.58,住商用,鋼筋混凝土造,86年8月10日,四層,一層 二層 三層 四層 騎樓 電梯樓梯間
RPOOMLMLKHLFFAP38CA,21,55.05,住家用,鋼筋混凝土造,83年11月18日,八層,一層 平台 花台
RPOOMLMLKHLFFAP38CA,21,19.15,共有部份,鋼筋混凝土造,83年11月18日,八層,
RPUNMLSKKHLFFAP76CA,1,167.42,住商用,鋼筋混凝土造,103年10月17日,三層,一層 二層 三層 陽台
RPPNMLTJLHLFFCP76EA,27,187.55,住家用,ＲＣ構架造,77年12月12日,三層,一層 二層 三層 騎樓 電梯樓梯間
RPRNMLMLKHLFFFP09CA,8,204.69,一般事務所,ＲＣ造,96年11月16日,四層,一層 二層 三層 四層 陽台
RPQNMLTKKHLFFCP66CA,1,224.61,住宅，樓梯間,鋼筋混凝土造,104年5月4日,三層,一層 二層 三層 陽台 見其他登記事項
RPUNMLRKLHLFFAP76CA,26,175.68,住家用,鋼筋混凝土造,78年11月13日,三層,一層 二層 三層
RPSNMLQKLHLFFDP76CA,21,304.45,住商用,鋼筋混凝土造,83年11月28日,十層,一層 二層 陽台 騎樓 露台
RPSNMLQKLHLFFDP76CA,21,3.48,共有部份,鋼筋混凝土造,83年11月28日,十層,
RPSNMLQKLHLFFDP76CA,21,55.21,共有部份,鋼筋混凝土造,83年11月28日,十層,
RPSNMLQKLHLFFDP76CA,21,28.09,共有部份,鋼筋混凝土造,83年11月28日,十層,
RPQNMLKKLHLFFDP58CA,14,266.22,住宅，空氣調節室，梯間,鋼筋混凝土造,91年2月20日,五層,一層 二層 三層 四層 五層 水箱 見其他登記事項
RPQNMLOLKHLFFAP68CA,17,155.48,住家用,鋼筋混凝土造,88年4月3日,三層,一層 二層 三層 電梯樓梯間
RPQNMLQKLHLFFAP88CA,22,86.10,住家用,鋼筋混凝土造,83年1月28日,五層,二層 陽台
RPXOMLOLKHLFFAP86CA,16,110.52,住家用,鋼筋混凝土造,88年9月26日,五層,四層 五層 陽台 屋頂突出物
RPXOMLOLKHLFFAP86CA,16,21.57,共有部份,鋼筋混凝土造,88年9月26日,五層,
RPXOMLOLKHLFFAP86CA,16,19.15,停車空間,鋼筋混凝土造,88年9月26日,五層,
RPQOMLOLKHLFFAP78CA,22,193.53,住宅、車庫,鋼筋混凝土造,83年1月20日,四層,一層 二層 三層 四層 陽台 平台 電梯樓梯間
RPSNMLPLKHLFFAP98CA,12,201.45,住家用,鋼筋混凝土造,93年6月10日,四層,一層 二層 三層 四層 見其他登記事項
RPPNMLNLKHLFFCP78DA,,199.66,住家用,鋼筋混凝土造,,,
RPPNMLPKLHLFFFP56CA,15,52.39,住家用,鋼筋混凝土造,90年4月9日,九層,八層 陽台
RPPNMLPKLHLFFFP56CA,15,36.66,停車空間兼防空避難室,鋼筋混凝土造,90年4月9日,九層,
RPPNMLPKLHLFFFP56CA,15,1.93,梯間、機械室、水箱,鋼筋混凝土造,90年4月9日,九層,
RPPNMLPKLHLFFFP56CA,15,7.08,電梯、交誼室、門廳、走廊,鋼筋混凝土造,90年4月9日,九層,
RPQNMLNJLHLFFDP88DA,,189.10,住宅、樓梯間,鋼筋混凝土造,104年10月30日,三層,一層 二層 三層 陽台 見其他登記事項
RPOOMLNJLHLFFAP58EA,23,162.47,住商用,鋼筋混凝土造,81年7月20日,三層,一層 二層 三層 電梯樓梯間
RPSNMLQLKHLFFAP66EA,17,36.95,住家用,鋼筋混凝土造,87年10月30日,十層,九層 陽台
RPSNMLQLKHLFFAP66EA,17,15.04,共有部份,鋼筋混凝土造,87年10月30日,十層,
RPSNMLQLKHLFFAP66EA,17,9.46,共有部份,鋼筋混凝土造,87年10月30日,十層,
RPQNMLTKKHLFFBP76EA,18,174.16,住家用,鋼筋混凝土造,87年5月12日,三層,一層 二層 三層 陽台
RPRNMLMLKHLFFBP88EA,19,88.26,住家用,鋼筋混凝土造,85年10月20日,十一層,七層 陽台 通道
RPRNMLMLKHLFFBP88EA,19,26.95,共有部份,鋼筋混凝土造,85年10月20日,十一層,
RPRNMLMLKHLFFBP88EA,19,8.58,法定停車空間,鋼筋混凝土造,85年10月20日,十一層,
RPSNMLPLKHLFFCP66DA,,199.66,住家用,鋼筋混凝土造,,,
RPPNMLPLKHLFFDP98CA,3,162.16,住宅、騎樓,鋼筋混凝土造,101年9月26日,三層,一層 二層 三層 陽台 騎樓
RPPNMLPKLHLFFDP98CA,23,154.33,住家用,加強磚造,81年9月15日,二層,一層 二層 陽台 電梯樓梯間
RPRNMLNLKHLFFAP68CA,1,64.81,住家用,鋼筋混凝土造,103年9月4日,四層,三層 陽台
RPRNMLNLKHLFFAP68CA,1,16.58,本共有部分之項目有電梯、樓梯、管委會門廊、梯廳、外廊、機房,鋼筋混凝土造,103年9月4日,四層,
RPPNMLPLKHLFFAP68CA,2,464.73,集貨場、冷藏室,鋼鐵造有牆,102年9月3日,一層,一層
RPQNMLPJLHLFFAP68CA,25,2409.38,工業用,鋼筋混凝土造,80年6月15日,二層,一層 二層
RPSNMLOJLHLFFAP78CA,22,86.74,住家用,鋼筋混凝土造,83年6月15日,十一層,七層 陽台
RPSNMLOJLHLFFAP78CA,22,13.75,儲藏室、停車場、辦公室,鋼筋混凝土造,83年6月15日,十二層,
RPSNMLOJLHLFFAP78CA,22,10.46,共有部份,鋼筋混凝土造,83年6月15日,,
RPSNMLOJLHLFFAP78CA,22,11.62,共有部份,鋼筋混凝土造,83年6月15日,十二層,
RPSNMLMJLHLFFDP88CA,1,191.20,住宅、樓梯間,鋼筋混凝土造,104年3月11日,三層,一層 二層 三層 陽台 電梯樓梯間
RPQNMLSJLHLFFDP66CA,,96.05,住家用,鋼筋混凝土造,,,
RPQNMLSJLHLFFDP66CA,,30.14,共有部份,鋼筋混凝土造,,,
RPQNMLQLKHLFFAP88CA,18,43.71,住家用,鋼筋混凝土造,86年10月31日,五層,四層 陽台
RPQNMLQLKHLFFAP88CA,18,26.93,共有部份,鋼筋混凝土造,86年10月31日,五層,
RPSNMLLJLHLFFAP58DA,21,119.37,住家用,鋼筋混凝土造,83年9月1日,八層,三層 陽台 花台
RPQNMLNJLHLFFAP58DA,37,156.19,農舍,加強磚造,67年8月25日,二層,一層 二層 騎樓
RPSNMLLJLHLFFAP58DA,21,47.99,共有部份,鋼筋混凝土造,83年9月1日,八層,
RPQNMLNJLHLFFAP58DA,27,228.65,廠房,鋼架（有壁）造,77年11月29日,一層,一層
RPTNMLQLKHLFFEP96CA,79,235.57,住家用,磚造,26年2月8日,三層,
RPRNMLLKLHLFFCP78DA,21,115.73,住家用,鋼筋混凝土造,84年3月7日,五層,四層 陽台
RPRNMLLKLHLFFCP78DA,21,11224.08,梯間　機械室　水塔（共同使用）,鋼筋混凝土造,84年3月7日,五層,
RPQNMLQLKHLFFFP76CA,21,195.75,住家用,鋼筋混凝土造,83年10月22日,四層,一層 二層 三層 四層
RPQNMLLJLHLFFDP58CA,21,144.04,住家用,鋼筋混凝土造,84年1月11日,七層,三層 陽台
RPQNMLOJLHLFFAP58CA,21,88.49,住家用,鋼筋混凝土造,83年12月9日,九層,四層 陽台
RPQNMLOJLHLFFAP58CA,21,51.15,共有部份,鋼筋混凝土造,83年12月9日,九層,
RPUNMLQLKHLFFAP66CA,16,99.94,住家用,鋼筋混凝土造,88年9月26日,五層,二層 三層 陽台
RPUNMLQLKHLFFAP66CA,16,19.15,停車空間,鋼筋混凝土造,88年9月26日,五層,
RPUNMLQLKHLFFAP66CA,16,19.45,共有部份,鋼筋混凝土造,88年9月26日,五層,
RPPNMLQLKHLFFAP78CA,17,48.18,住家用,鋼筋混凝土造,87年12月20日,五層,三層 陽台
RPPNMLQLKHLFFAP78CA,17,4.54,共有部份,鋼筋混凝土造,87年12月20日,五層,
RPPNMLQLKHLFFAP78CA,17,6.33,共有部份,鋼筋混凝土造,87年12月20日,五層,
RPPNMLQLKHLFFAP78CA,17,15.52,共有部份,鋼筋混凝土造,87年12月20日,五層,
RPQNMLMLLHLFFAP58CA,,308.34,店舖、住宅,鋼筋混凝土造,104年9月18日,四層,一層 二層 三層 四層 陽台 騎樓
RPPNMLMJLHLFFAP28CA,22,11.60,共有部份,鋼筋混凝土造,83年6月15日,十一層,
RPPNMLMJLHLFFAP28CA,22,85.37,住家用,鋼筋混凝土造,83年6月15日,十一層,五層 陽台
RPPNMLMJLHLFFAP28CA,22,10.13,共有部份,鋼筋混凝土造,83年6月15日,,
RPPNMLLJLHLFFAP18CA,5,210.13,住家用,鋼筋混凝土造,100年4月18日,四層,一層 二層 三層 四層 陽台
RPQNMLLJLHLFFAP28CA,5,213.93,住家用,鋼筋混凝土造,100年4月18日,四層,一層 二層 三層 四層 陽台
RPUNMLNJLHLFFAP88CA,9,162.62,住家用,鋼筋混凝土造,95年11月7日,三層,一層 二層 三層 陽台 雨遮
RPVNMLNJLHLFFAP98CA,,185.16,住宅、樓梯間,鋼筋混凝土造,104年8月25日,三層,一層 二層 三層 陽台 屋頂突出物 騎樓
RPTNMLOJLHLFFAP88CA,36,105.84,住家用,加強磚造,68年8月20日,二層,一層 二層 騎樓
RPUNMLLLLHLFFDP56CA,29,223.74,住商用,鋼筋混凝土造,75年11月20日,三層,一層 二層 三層 陽台 騎樓
RPRNMLMJLHLFFAP58DA,23,185.86,住家用,鋼筋混凝土造,82年5月14日,三層,一層 二層 三層 陽台 平台
RPUNMLMLLHLFFEP76CA,36,75.30,住家用,加強磚造,68年11月4日,二層,一層 二層
RPPNMLSJLHLFFBP56EA,,80.11,住家用,鋼筋混凝土造,,,
RPPNMLSJLHLFFBP56EA,,11.81,共有部份,鋼筋混凝土造,,,
RPPNMLSJLHLFFBP56EA,,10.59,共有部份,鋼筋混凝土造,,,
RPRNMLMJLHLFFEP98DA,20,186.53,住家用,鋼筋混凝土造,84年9月19日,四層,一層 二層 三層 四層 陽台
RPPNMLLKLHLFFEP68CA,21,176.99,住家用,鋼筋混凝土造,84年4月6日,三層,一層 二層 三層 陽台 騎樓 電梯樓梯間 花台
RPTNMLNLLHLFFEP76CA,27,30.96,商業用,鋼筋混凝土造,78年5月10日,九層,二層 花台 通道
RPTNMLNLLHLFFEP76CA,27,17.70,商業用,鋼筋混凝土造,78年5月10日,九層,二層 通道
RPTNMLNLLHLFFEP76CA,27,17.70,商業用,鋼筋混凝土造,78年5月10日,九層,二層 通道
RPTNMLNLLHLFFEP76CA,27,16.82,商業用,鋼筋混凝土造,78年5月10日,九層,二層 通道
RPTNMLNLLHLFFEP76CA,27,14.86,商業用,鋼筋混凝土造,78年5月10日,九層,二層 通道
RPTNMLNLLHLFFEP76CA,27,11.26,商業用,鋼筋混凝土造,78年5月10日,九層,二層 通道
RPTNMLNLLHLFFEP76CA,27,34.45,商業用,鋼筋混凝土造,78年5月10日,九層,二層 通道
RPTNMLNLLHLFFEP76CA,27,29.96,商業用,鋼筋混凝土造,78年5月10日,九層,二層 通道
RPTNMLNLLHLFFEP76CA,27,26.23,商業用,鋼筋混凝土造,78年5月10日,九層,二層 通道
RPTNMLNLLHLFFEP76CA,27,18.23,商業用,鋼筋混凝土造,78年5月10日,九層,二層 通道
RPTNMLNLLHLFFEP76CA,27,15.16,商業用,鋼筋混凝土造,78年5月10日,九層,二層 花台 通道
RPTNMLNLLHLFFEP76CA,27,31.64,商業用,鋼筋混凝土造,78年5月10日,九層,二層 花台 通道
RPTNMLNLLHLFFEP76CA,27,14.45,商業用,鋼筋混凝土造,78年5月10日,九層,二層 花台 通道
RPTNMLNLLHLFFEP76CA,27,15.35,商業用,鋼筋混凝土造,78年5月10日,九層,二層 花台 通道
RPTNMLNLLHLFFEP76CA,27,14.03,商業用,鋼筋混凝土造,78年5月10日,九層,二層 花台 通道
RPTNMLNLLHLFFEP76CA,27,18.10,商業用,鋼筋混凝土造,78年5月10日,九層,二層 花台 通道
RPTNMLNLLHLFFEP76CA,27,15.30,商業用,鋼筋混凝土造,78年5月10日,九層,二層 花台 通道
RPTNMLNLLHLFFEP76CA,27,16.57,商業用,鋼筋混凝土造,78年5月10日,九層,二層 花台 通道
RPTNMLNLLHLFFEP76CA,27,14.48,商業用,鋼筋混凝土造,78年5月10日,九層,二層 花台 通道
RPTNMLNLLHLFFEP76CA,27,15.68,商業用,鋼筋混凝土造,78年5月10日,九層,二層 花台 通道
RPTNMLNLLHLFFEP76CA,27,25.69,商業用,鋼筋混凝土造,78年5月10日,九層,二層 花台 通道
RPTNMLNLLHLFFEP76CA,27,18.23,商業用,鋼筋混凝土造,78年5月10日,九層,二層 通道
RPTNMLNLLHLFFEP76CA,27,23.48,商業用,鋼筋混凝土造,78年5月10日,九層,二層 通道
RPTNMLNLLHLFFEP76CA,27,18.74,商業用,鋼筋混凝土造,78年5月10日,九層,二層 通道
RPTNMLNLLHLFFEP76CA,27,18.29,商業用,鋼筋混凝土造,78年5月10日,九層,二層 通道
RPTNMLNLLHLFFEP76CA,27,13.94,商業用,鋼筋混凝土造,78年5月10日,九層,二層 通道
RPTNMLNLLHLFFEP76CA,27,13.94,商業用,鋼筋混凝土造,78年5月10日,九層,二層 通道
RPTNMLNLLHLFFEP76CA,27,16.40,商業用,鋼筋混凝土造,78年5月10日,九層,二層 通道
RPTNMLNLLHLFFEP76CA,27,17.88,商業用,鋼筋混凝土造,78年5月10日,九層,二層 通道
RPTNMLNLLHLFFEP76CA,27,17.25,商業用,鋼筋混凝土造,78年5月10日,九層,二層 通道
RPTNMLNLLHLFFEP76CA,27,22.68,商業用,鋼筋混凝土造,78年5月10日,九層,二層 通道
RPTNMLNLLHLFFEP76CA,27,175.90,共有部份,鋼筋混凝土造,78年5月10日,九層,
RPSNMLOJLHLFFFP66CA,30,153.00,住家用,加強磚造,75年4月30日,二層,一層 二層 陽台
RPTNMLSJLHLFFBP76CA,44,90.23,住家用,鋼筋混凝土加強磚造,61年6月5日,二層,一層 二層 雨遮
RPRNMLSJLHLFFBP56CA,21,218.07,住家用,鋼筋混凝土造,84年1月2日,三層,一層 二層 三層 電梯樓梯間 地下層
RPQNMLNJLHLFFBP58CA,19,189.76,住商用,鋼筋混凝土造,86年6月10日,三層,一層 二層 三層 陽台 騎樓 電梯樓梯間
RPPNMLOJLHLFFBP58CA,44,89.43,住家用,鋼筋混凝土加強磚造,61年6月5日,二層,一層 二層 雨遮
RPPOMLTJLHLFFAP56DA,19,48.31,住家用,鋼筋混凝土造,86年5月15日,十六層,四層
RPPOMLTJLHLFFAP56DA,19,7.74,共有部份,鋼筋混凝土造,86年5月15日,十六層,
RPPOMLTJLHLFFAP56DA,19,15.53,共有部份,鋼筋混凝土造,86年5月15日,十六層,
RPSNMLLJLHLFFDP78CA,16,471.34,補習班，住宅,鋼筋混凝土造,88年7月17日,五層,一層 二層 三層 四層 五層 陽台 騎樓 電梯樓梯間
RPPNMLPJLHLFFAP58CA,22,118.74,住家用,鋼筋混凝土造,82年12月1日,八層,三層 陽台
RPPNMLPJLHLFFAP58CA,22,11.59,共有部份,鋼筋混凝土造,82年12月1日,八層,
RPPNMLNJLHLFFAP38CA,,178.29,住宅、樓梯間,鋼筋混凝土造,104年8月10日,三層,一層 二層 三層 陽台 屋頂突出物 騎樓
RPRNMLOJLHLFFAP68CA,36,105.84,住家用,加強磚造,68年8月20日,二層,一層 二層 騎樓
RPTNMLQJMHLFFAP56CA,21,82.31,住家用,鋼筋混凝土造,83年9月18日,十四層,十一層 陽台
RPTNMLQJMHLFFAP56CA,21,32.49,共有部份,鋼筋混凝土造,83年9月18日,十四層,
RPQNMLRKLHLFFDP66CA,14,56.27,住家用,鋼筋混凝土造,91年4月25日,六層,五層
RPQNMLRKLHLFFDP66CA,14,9.48,台電受電室、機械室、蓄水池、梯間甲、梯間乙、門廳、通道、甲乙梯、梯廳、水箱,鋼筋混凝土造,91年4月25日,六層,
RPQNMLRKLHLFFDP66CA,14,3.02,防空避難室兼停車空間,鋼筋混凝土造,91年4月25日,六層,
RPQNMLRKLHLFFDP66CA,14,6.51,走廊、空調室,鋼筋混凝土造,91年4月25日,六層,
RPTNMLQKLHLFFDP86CA,21,103.92,住家用,鋼筋混凝土造,84年4月6日,十二層,六層 陽台
RPTNMLQKLHLFFDP86CA,21,12.49,共有部份,鋼筋混凝土造,84年4月6日,十二層,
RPTNMLQKLHLFFDP86CA,21,28.22,共有部份,鋼筋混凝土造,84年4月6日,十二層,
RPSNMLPLLHLFFDP76CA,50,99.70,住家用,加強磚造,55年5月30日,二層,一層 二層
RPSNMLPLLHLFFDP76CA,50,99.05,住家用,加強磚造,55年5月30日,二層,一層 二層
RPRNMLRJLHLFFBP09CA,,109.39,住家用,加強磚造,,,
RPUNMLMJLHLFFEP56CA,22,251.62,住商用,鋼筋混凝土造,83年3月3日,三層,一層 二層 三層 陽台 騎樓 電梯樓梯間
RPQNMLRJLHLFFCP56DA,,196.35,停車空間、住宅、樓梯間,鋼筋混凝土造,104年11月18日,三層,一層 二層 三層 屋頂突出物
RPPNMLTJLHLFFAP09DA,16,99.94,住家用,鋼筋混凝土造,88年9月26日,五層,二層 三層 陽台
RPPNMLTJLHLFFAP09DA,16,19.15,停車空間,鋼筋混凝土造,88年9月26日,五層,
RPPNMLTJLHLFFAP09DA,16,19.45,共有部份,鋼筋混凝土造,88年9月26日,五層,
RPQNMLQJLHLFFBP88CA,34,76.34,住商用,加強磚造,71年4月7日,二層,一層 二層 騎樓 電梯樓梯間
RPTNMLPLLHLFFDP86CA,1,199.09,住宅、樓梯間,鋼筋混凝土造,104年7月9日,三層,一層 二層 三層 陽台 屋頂突出物
RPUNMLRJLHLFFDP96CA,3,196.07,住家用,鋼筋混凝土造,102年2月5日,四層,一層 二層 三層 四層 陽台
RPSNMLRJLHLFFAP09CA,3,285.61,店舖、住宅、停車空間,鋼筋混凝土造,102年5月10日,四層,一層 二層 三層 四層 陽台 電梯樓梯間
RPSNMLOJLHLFFDP09CA,1,284.53,住家用,鋼筋混凝土造,104年7月9日,四層,一層 二層 三層 四層 陽台
RPUNMLRJLHLFFAP66CA,35,116.30,住家用,加強磚造,70年3月2日,二層,一層 二層 電梯樓梯間
RPQNMLSJLHLFFAP98CA,26,155.24,住家用,鋼筋混凝土造,79年3月15日,二層,
RPQNMLLKLHLFFDP68CA,,269.24,住家用,鋼筋混凝土造,105年1月14日,三層,一層 二層 三層 陽台
RPVNMLTJLHLFFAP96CA,34,129.78,住家用,加強磚造,70年8月31日,二層,一層 二層 騎樓 電梯樓梯間
RPRNMLLKLHLFFDP78CA,,276.74,住家用,鋼筋混凝土造,105年1月14日,三層,一層 二層 三層 陽台
RPPNMLSLLHLFFDP76CA,20,202.02,住家用,鋼筋混凝土造,84年12月4日,五層,一層 二層 三層 四層 五層 見其他登記事項
RPPNMLSLLHLFFDP76CA,20,3.36,共有部份,鋼筋混凝土造,84年12月4日,五層,
RPPNMLSLLHLFFDP76CA,20,19.24,共有部份,鋼筋混凝土造,84年12月4日,五層,
RPPNMLTLLHLFFDP86CA,1,175.21,住家用,鋼筋混凝土造,104年7月29日,三層,一層 二層 三層 陽台
RPTNMLTJLHLFFCP96CA,1,218.96,住宅，樓梯間,鋼筋混凝土造,104年5月4日,三層,一層 二層 三層 陽台 見其他登記事項
RPSNMLTJLHLFFEP07CA,35,96.96,住家用,鋼筋混凝土加強磚造,69年9月10日,二層,一層 二層 電梯樓梯間
RPPNMLPJLHLFFEP98CA,18,210.08,店鋪、住房、停車空間,鋼筋混凝土造,86年11月10日,三層,一層 二層 三層 陽台 騎樓 電梯樓梯間 雨遮
RPQNMLOKLHLFFDP09DA,,173.29,騎樓、住宅、樓梯間,鋼筋混凝土造,104年12月1日,三層,一層 二層 三層 騎樓 見其他登記事項
RPRNMLSLLHLFFEP17DA,17,155.87,住家用,鋼筋混凝土造,87年8月17日,三層,一層 二層 三層 騎樓 電梯樓梯間
RPSNMLTJLHLFFCP07EA,19,164.99,住家用,鋼筋混凝土造,85年8月22日,四層,一層 二層 三層 四層 陽台
RPPNMLSJLHLFFFP86DA,36,156.40,店舖、住宅,加強磚造,69年6月20日,二層,一層 二層 騎樓
RPRNMLTJLHLFFAP76EA,22,85.58,住家用,鋼筋混凝土造,83年6月15日,七層,四層 陽台
RPRNMLTJLHLFFAP76EA,22,14.36,共有部份,鋼筋混凝土造,83年6月15日,十二層,
RPRNMLTJLHLFFAP76EA,22,10.13,共有部份,鋼筋混凝土造,83年6月15日,,
RPPNMLNLLHLFFBP68CA,2,225.01,住宅、樓梯間,鋼筋混凝土造,102年12月25日,三層,一層 二層 三層 陽台 見其他登記事項
RPRNMLTJLHLFFBP66CA,,174.99,住宅、停車空間、梯間,鋼筋混凝土造,104年9月17日,三層,一層 二層 三層 見其他登記事項
RPQNMLOKLHLFFBP78CA,,174.99,住宅、停車空間、梯間,鋼筋混凝土造,104年9月17日,三層,一層 二層 三層 見其他登記事項
RPQNMLTJLHLFFBP56CA,,174.99,住宅、停車空間、梯間,鋼筋混凝土造,104年9月17日,三層,一層 二層 三層 見其他登記事項
RPUNMLSKLHLFFDP17CA,1,202.44,住家用,鋼筋混凝土造,104年5月18日,四層,一層 二層 三層 四層 陽台
RPPNMLSJLHLFFCP09CA,,178.70,住宅、停車空間,鋼筋混凝土造,104年11月10日,三層,一層 二層 三層 陽台 見其他登記事項
RPPNMLLKLHLFFDP58CA,3,218.90,住宅、樓梯間,鋼筋混凝土造,101年10月15日,三層,一層 二層 三層 陽台 電梯樓梯間
RPQNMLKKLHLFFBP38CA,1,106.51,住宅、樓梯間,鋼筋混凝土造,104年4月20日,三層,一層 二層 三層 陽台 見其他登記事項
RPQNMLKKLHLFFBP38CA,1,106.51,住宅、樓梯間,鋼筋混凝土造,104年4月20日,三層,一層 二層 三層 陽台 見其他登記事項
RPSNMLSJLHLFFAP56CA,1,174.71,住家用,鋼筋混凝土造,104年5月7日,四層,一層 二層 三層 四層 陽台
RPTNMLSJLHLFFAP66CA,1,174.82,住家用,鋼筋混凝土造,104年5月7日,四層,一層 二層 三層 四層 陽台
RPUNMLSJLHLFFAP76CA,1,174.82,住家用,鋼筋混凝土造,104年5月7日,四層,一層 二層 三層 四層 陽台
RPQNMLKMLHLFFDP88DA,35,27.79,住家用,加強磚造,69年10月14日,二層,一層 二層 電梯樓梯間
RPTNMLTJLHLFFAP76CA,19,96.61,住家用,鋼筋混凝土造,86年1月8日,七層,四層 陽台
RPTNMLTJLHLFFAP76CA,19,18.15,共有部份,鋼筋混凝土造,86年1月8日,七層,
RPTNMLTJLHLFFAP76CA,19,10.79,共有部份,鋼筋混凝土造,86年1月8日,七層,
RPPNMLPJMHLFFAP68CA,35,115.55,住家用,加強磚造,70年4月10日,二層,一層 二層 騎樓 電梯樓梯間
RPOOMLPKLHLFFAP68CA,2,278.17,見其他登記事項,鋼筋混凝土造,103年1月27日,四層,
RPWNMLTJLHLFFAP07CA,10,223.06,停車空間、住宅,鋼筋混凝土造,94年12月10日,四層,一層 二層 三層 四層 陽台 電梯樓梯間 見其他登記事項
RPXNMLTJLHLFFAP17CA,15,194.65,住家用,鋼筋混凝土造,89年9月25日,四層,
RPSNMLRKLHLFFDP86CA,,193.81,住宅、外廊、停車空間、水箱、出入口雨遮、雨遮,鋼筋混凝土造,104年10月7日,三層,一層 二層 三層 陽台 雨遮 見其他登記事項
RPSNMLNLLHLFFDP56CA,1,260.47,住宅、停車空間,鋼筋混凝土造,103年12月29日,三層,一層 二層 三層 陽台 見其他登記事項
RPRNMLKKLHLFFBP48CA,32,148.68,住家用,鋼筋混凝土造,73年4月5日,二層,一層 二層 電梯樓梯間
RPSNMLKKLHLFFEP98DA,17,107.89,集合住宅,鋼筋混凝土造,88年6月3日,十層,三層 陽台
RPSNMLKKLHLFFEP98DA,17,.29,管理室,鋼筋混凝土造,88年6月3日,一層,
RPSNMLKKLHLFFEP98DA,17,55.39,Ｂ１停車場，Ｂ２防空避難，甲、乙棟一樓騎樓,鋼筋混凝土造,88年6月3日,10,
RPSNMLKKLHLFFEP98DA,17,18.01,乙棟梯間、屋頂突出物、機械房、水箱,,88年6月3日,十層,
RPVNMLLKLHLFFAP09EA,23,132.53,店舖、住宅、梯間,加強磚造,82年2月4日,二層,一層 二層 屋頂突出物
RPWNMLKKLHLFFEP76DA,15,199.99,住商用,鋼筋混凝土造,89年11月30日,三層,一層 二層 三層 陽台 電梯樓梯間
RPPNMLOKLHLFFEP98CA,77,127.72,住商用,磚造,28年1月1日,二層,一層 二層 騎樓
RPPNMLSKLHLFFCP56CA,1,198.97,住宅、樓梯間,鋼筋混凝土造,104年8月31日,三層,一層 二層 三層 見其他登記事項 見其他登記事項
RPPNMLKKLHLFFBP28CA,1,209.27,住宅、樓梯間,鋼筋混凝土造,104年4月20日,三層,一層 二層 三層 陽台 見其他登記事項
RPPNMLOKLHLFFBP68CA,35,106.76,住商用,加強磚造,70年6月1日,二層,一層 二層 騎樓
RPOOMLTJLHLFFAP98CA,1,318.32,住宅、樓梯間,鋼筋混凝土造,103年8月22日,四層,一層 二層 三層 四層 屋頂突出物 騎樓
RPSNMLPKLHLFFAP98CA,1,191.62,住家用,鋼筋混凝土造,104年4月19日,四層,一層 二層 三層 四層 陽台
RPPNMLLKLHLFFAP28CA,20,156.79,住家用,鋼筋混凝土造,85年2月29日,三層,一層 二層 三層 陽台 電梯樓梯間
RPVOMLPKLHLFFAP76CA,23,183.53,住家用,鋼筋混凝土造,82年4月21日,二層,一層 二層 陽台 電梯樓梯間
RPSNMLRKLHLFFAP56CA,35,117.77,住家用,加強磚造,69年10月20日,二層,一層 二層
RPQNMLLKLHLFFAP38CA,1,174.82,住家用,鋼筋混凝土造,104年6月5日,四層,一層 二層 三層 四層 陽台
RPPNMLMKLHLFFAP38CA,1,229.58,住宅、樓梯間,鋼筋混凝土造,104年3月20日,三層,一層 二層 三層 陽台 屋頂突出物
RPRNMLOKLHLFFAP78CA,2,193.81,運動休閒設施（保健館）、樓梯間,鋼筋混凝土造,103年6月18日,三層,一層 二層 三層 陽台 屋頂突出物
RPTNMLLLLHLFFDP09CA,22,110.65,住家用,鋼筋混凝土造,83年3月17日,九層,三層 陽台
RPTNMLLLLHLFFDP09CA,22,24.46,共有部份,鋼筋混凝土造,83年3月17日,九層,
RPTNMLLLLHLFFDP09CA,22,25.40,共有部份,鋼筋混凝土造,83年3月17日,九層,
RPRNMLSLLHLFFDP96CA,13,234.44,住商用,鋼筋混凝土造,92年7月30日,三層,
RPWNMLLKLHLFFEP76CA,22,183.54,住商用,鋼筋混凝土造,83年3月3日,三層,一層 二層 三層 陽台 騎樓 電梯樓梯間
RPTNMLLKLHLFFEP09CA,36,103.88,住商用,鋼筋混凝土加強磚造,69年6月20日,二層,一層 二層 騎樓
RPQNMLLKLHLFFFP88CA,34,94.60,住商用,加強磚造,71年6月7日,二層,一層 二層
RPOOMLSJMHLFFDP66CA,,147.35,住家用,鋼筋混凝土造,104年10月12日,三層,一層 二層 三層
RPWNMLPKLHLFFAP96EA,12,18.58,住家用,鋼筋混凝土造,93年3月26日,五層,二層
RPWNMLPKLHLFFAP96EA,12,12.45,共有部份,鋼筋混凝土造,93年3月26日,五層,
RPVNMLNLLHLFFFP17DA,17,353.29,農舍,加強磚造,88年4月12日,二層,一層 二層 陽台 電梯樓梯間
RPQNMLLLLHLFFAP58DA,1,217.77,住家用,鋼筋混凝土造,104年4月20日,四層,一層 二層 三層 四層 陽台
RPPOMLSKLHLFFDP76CA,33,190.32,住家用,加強磚造,72年5月25日,三層,一層 二層 三層 陽台 騎樓
RPRNMLRKLHLFFBP56CA,18,171.29,住商用,鋼筋混凝土造,86年10月1日,四層,一層 二層 三層 四層 陽台
RPRNMLRKLHLFFBP56CA,18,24.11,管理辦公室兼停車場,鋼筋混凝土造,86年10月1日,地下層,
RPRNMLPKLHLFFAP88CA,1,187.42,住家用,鋼筋混凝土造,104年4月19日,四層,一層 二層 三層 四層 陽台
RPRNMLQKLHLFFAP98CA,47,75.80,住家用,加強磚造,58年2月1日,,一層 騎樓
RPSNMLLLLHLFFDP98CA,2,207.10,店鋪、住宅,鋼筋混凝土造,102年11月1日,三層,一層 二層 三層 陽台
RPRNMLRJMHLFFBP56CA,2,225.01,住宅、樓梯間,鋼筋混凝土造,102年12月25日,三層,一層 二層 三層 陽台 見其他登記事項
RPSNMLSKLHLFFEP17DA,22,198.38,住家用,鋼筋混凝土造,82年9月17日,三層,一層 二層 三層 陽台 騎樓 電梯樓梯間
RPUOMLPKLHLFFAP76DA,23,92.40,住家用,鋼筋混凝土造,82年7月12日,二層,一層 二層
RPPNMLRKLHLFFCP66EA,38,130.40,住商用,ＲＣ　磚造,67年7月21日,二層,一層 二層 騎樓
RPPNMLRKLHLFFBP56EA,17,229.44,住商用,鋼筋混凝土造,88年6月20日,三層,一層 二層 三層 陽台 騎樓 電梯樓梯間
RPRNMLSKLHLFFAP76EA,21,199.46,住商用,鋼筋混凝土造,84年2月28日,四層,一層 二層 三層 四層 陽台 騎樓 電梯樓梯間
RPQNMLOLLHLFFAP78CA,8,185.14,住宅、樓梯間,鋼筋混凝土造,96年9月17日,三層,一層 二層 三層 陽台 電梯樓梯間
RPQOMLSJMHLFFDP86CA,,140.70,見其他登記事項,鋼筋混凝土造,104年10月12日,三層,一層 二層 三層
RPQNMLLLLHLFFEP88CA,16,134.11,農舍,加強磚造,89年1月15日,一層,一層
RPPNMLSKLHLFFDP66CA,,192.96,店舖、住宅、樓梯間,鋼筋混凝土造,104年9月17日,三層,一層 二層 三層 陽台 見其他登記事項
RPQNMLLLLHLFFCP68CA,21,244.33,住商用,鋼筋混凝土造,84年5月13日,四層,一層 二層 三層 四層 騎樓 見其他登記事項 見其他登記事項
RPVNMLRKLHLFFAP86CA,35,79.37,住家用,加強磚造,69年10月7日,二層,一層 二層 電梯樓梯間
RPPNMLMLLHLFFDP88DA,22,15.15,住家用,鋼筋混凝土造,83年6月14日,九層,七層 陽台
RPPNMLMLLHLFFDP88DA,22,5.81,共有部份,鋼筋混凝土造,83年6月14日,九層,
RPSNMLQKLHLFFAP56DA,23,159.40,住商用,加強磚造,81年10月22日,三層,一層 二層 三層 騎樓 電梯樓梯間
RPRNMLRKLHLFFAP56DA,35,122.01,住商用,加強磚造,70年4月20日,二層,一層 二層 騎樓 電梯樓梯間
RPQOMLNLLHLFFAP88DA,1,62.93,集合住宅,鋼筋混凝土造,104年5月12日,五層,五層 陽台
RPQOMLNLLHLFFAP88DA,1,6.15,騎樓，門廳，停車空間，門廊，蓄水池，受電室，水箱，機械室，樓梯間,鋼筋混凝土造,104年5月12日,五層,
RPQOMLNLLHLFFAP88DA,1,9.55,共用部分：樓梯間,鋼筋混凝土造,104年5月12日,五層,
RPROMLNLLHLFFAP98DA,1,71.56,集合住宅,鋼筋混凝土造,104年5月12日,五層,五層 陽台
RPROMLNLLHLFFAP98DA,1,6.99,騎樓，門廳，停車空間，門廊，蓄水池，受電室，水箱，機械室，樓梯間,鋼筋混凝土造,104年5月12日,五層,
RPROMLNLLHLFFAP98DA,1,10.90,共用部分：樓梯間,鋼筋混凝土造,104年5月12日,五層,
RPSNMLRKLHLFFEP07DA,20,266.51,住家用,鋼筋混凝土造,84年10月14日,五層,一層 二層 三層 四層 五層 電梯樓梯間 地下層
RPRNMLLKMHLFFDP88CA,1,261.85,住宅、停車空間,鋼筋混凝土造,103年12月29日,三層,一層 二層 三層 陽台 見其他登記事項
RPXNMLSLLHLFFFP77CA,2,185.58,住宅、停車空間,鋼筋混凝土造,103年7月24日,三層,一層 二層 三層 見其他登記事項 見其他登記事項
RPSNMLSKLHLFFDP96CA,10,244.37,住家用,鋼筋混凝土造,94年10月13日,四層,一層 二層 三層 四層 陽台
RPTNMLSKLHLFFDP07CA,26,345.46,住商用,鋼筋混凝土造,78年10月8日,四層,一層 二層 三層 四層 陽台 騎樓 電梯樓梯間 地下層
RPSNMLSKLHLFFCP86CA,26,202.82,住家用,ＲＣ構架造,78年8月28日,二層,一層 二層 電梯樓梯間 夾層
RPPNMLTKLHLFFCP66CA,19,208.71,住商用,鋼筋混凝土造,86年8月14日,四層,一層 二層 三層 四層 陽台 騎樓
RPRNMLMLLHLFFBP78CA,34,108.35,住家用,加強磚造,70年8月4日,二層,一層 二層 騎樓
RPRNMLMLLHLFFBP78CA,34,108.35,住家用,加強磚造,70年8月4日,二層,一層 二層 騎樓
RPQNMLNLLHLFFAP68CA,3,233.61,住宅、停車空間、梯間,鋼筋混凝土造,102年4月24日,三層,一層 二層 三層 陽台 電梯樓梯間
RPSNMLSKLHLFFAP66CA,1,174.71,住家用,鋼筋混凝土造,104年5月7日,四層,一層 二層 三層 四層 陽台
RPPNMLLLLHLFFCP58CA,21,206.74,住家用,鋼筋混凝土造,84年8月23日,四層,一層 二層 三層 四層 陽台 騎樓
RPPNMLMKMHLFFDP78CA,,221.13,住家用,鋼筋混凝土造,104年10月27日,四層,一層 二層 三層 四層 陽台
RPTNMLMLLHLFFDP66DA,12,208.84,住家用,鋼筋混凝土造,93年7月16日,四層,一層 二層 三層 四層 陽台
RPPNMLSKMHLFFDP86DA,21,195.19,住家用,鋼筋混凝土造,84年2月17日,三層,一層 二層 三層 陽台 平台 電梯樓梯間
RPPNMLMLLHLFFFP98CA,18,26.42,住家用,鋼筋混凝土造,87年3月18日,八層,六層 陽台
RPPNMLMLLHLFFFP98CA,18,3.30,共有部份,鋼筋混凝土造,87年3月18日,八層,
RPPNMLMLLHLFFFP98CA,18,8.04,共有部份,鋼筋混凝土造,87年3月18日,八層,
RPXNMLPLLHLFFAP96CA,38,99.14,住家用,加強磚造,66年12月19日,二層,一層 二層
RPWNMLLLLHLFFBP76EA,36,131.36,住家用,加強磚造,69年4月5日,二層,一層 二層 騎樓 電梯樓梯間
RPQNMLNKMHLFFFP56CA,,160.91,停車空間、住宅,鋼筋混凝土造,104年10月16日,三層,見其他登記事項 見其他登記事項
RPRNMLNKMHLFFFP66CA,,160.91,停車空間、住宅,鋼筋混凝土造,104年10月16日,三層,見其他登記事項 見其他登記事項
RPPNMLNKMHLFFFP09CA,,184.08,停車空間、住宅,鋼筋混凝土造,104年10月16日,三層,見其他登記事項 見其他登記事項
RPSNMLNKMHLFFFP76CA,,173.36,停車空間、住宅,鋼筋混凝土造,104年10月16日,三層,見其他登記事項 見其他登記事項
RPRNMLLLLHLFFEP98CA,21,185.69,住家用,鋼骨造,84年5月10日,三層,一層 二層 三層 陽台 電梯樓梯間
RPSNMLSJMHLFFCP86CA,21,70.26,住家用,鋼筋混凝土造,84年4月10日,四層,一層 二層 三層 四層 騎樓 電梯樓梯間
RPQNMLMLLHLFFCP78CA,45,126.21,住商用,鋼筋混凝土加強磚造,59年10月21日,二層,一層 二層 騎樓
RPPNMLPLLHLFFCP98CA,1,216.96,停車空間、住宅、樓梯間,鋼筋混凝土造,104年3月17日,三層,一層 二層 三層 見其他登記事項 見其他登記事項
RPPOMLNLLHLFFAP68CA,3,210.04,住家用,鋼筋混凝土造,102年5月29日,四層,一層 二層 三層 四層 陽台 雨遮
RPTNMLNLLHLFFAP98CA,35,114.79,住家用,加強磚造,70年2月10日,二層,一層 二層 電梯樓梯間
RPSOMLNLLHLFFAP98CA,34,102.55,住商用,加強磚造,71年5月20日,二層,一層 二層 騎樓
RPQNMLOLLHLFFEP56CA,36,127.68,住家用,加強磚造,68年11月4日,二層,一層 二層
RPPOMLMJNHLFFAP58CA,,249.85,住家用,鋼筋混凝土造,104年11月25日,四層,一層 二層 三層 四層 陽台
RPUNMLSJMHLFFDP17CA,20,107.38,住家用,鋼筋混凝土造,85年3月9日,十三層,十一層 陽台 花台
RPUNMLSJMHLFFDP17CA,20,19.69,共有部份,鋼筋混凝土造,85年3月9日,十三層,
RPUNMLSJMHLFFDP17CA,20,8.96,共有部份,鋼筋混凝土造,85年3月9日,十三層,
RPPNMLNLLHLFFDP98DA,44,106.55,住商用,加強磚造,60年11月25日,二層,一層 二層 騎樓
RPQNMLQLLHLFFFP86CA,22,131.89,住家用,鋼筋混凝土造,83年3月8日,三層,一層 二層 三層
RPRNMLNKMHLFFAP78CA,19,46.29,住家用,鋼筋混凝土造,86年5月15日,十六層,八層
RPRNMLNKMHLFFAP78CA,19,14.92,共有部份,鋼筋混凝土造,86年5月15日,十六層,
RPRNMLNKMHLFFAP78CA,19,7.37,共有部份,鋼筋混凝土造,86年5月15日,十六層,
RPPNMLTLLHLFFEP96CA,20,142.18,住家用,鋼筋混凝土造,84年10月19日,三層,一層 二層 三層 陽台
RPUNMLPLLHLFFAP66CA,37,81.60,住商用,加強磚造,68年2月7日,三層,一層 二層 三層
RPUNMLNKMHLFFFP96CA,,176.06,住宅,鋼筋混凝土造,104年10月16日,三層,一層 二層 三層 見其他登記事項
RPTNMLNKMHLFFFP86CA,,169.47,停車空間、住宅,鋼筋混凝土造,104年10月16日,三層,見其他登記事項 見其他登記事項
RPSNMLRJMHLFFEP07DA,25,181.40,住商用,鋼筋混凝土加強磚造,79年8月28日,二層,一層 二層 陽台 騎樓 電梯樓梯間
RPSNMLOLLHLFFAP98CA,19,28.18,住家用,鋼筋混凝土造,86年5月15日,十六層,五層
RPSNMLOLLHLFFAP98CA,19,4.51,共有部份,鋼筋混凝土造,86年5月15日,十六層,
RPSNMLOLLHLFFAP98CA,19,9.27,共有部份,鋼筋混凝土造,86年5月15日,十六層,
RPQOMLMJNHLFFAP68CA,,250.95,住家用,鋼筋混凝土造,104年11月25日,四層,一層 二層 三層 四層 陽台
RPROMLPLLHLFFAP09CA,9,174.25,住家用,鋼筋混凝土造,95年12月1日,三層,一層 二層 三層 陽台 雨遮
RPPNMLOLLHLFFAP88EA,33,113.47,住商用,加強磚造,72年5月31日,二層,一層 二層 騎樓
RPPNMLLLMHLFFBP78EA,37,114.14,住家用,加強磚造,67年11月30日,二層,一層 二層 騎樓 電梯樓梯間
RPRNMLSLLHLFFAP66CA,35,91.06,住家用,加強磚造,70年8月4日,二層,一層 二層
RPPOMLSLLHLFFAP56CA,16,110.52,住家用,鋼筋混凝土造,88年9月26日,五層,四層 五層 陽台 屋頂突出物
RPPOMLSLLHLFFAP56CA,16,19.15,停車空間,鋼筋混凝土造,88年9月26日,五層,
RPPOMLSLLHLFFAP56CA,16,21.57,共有部份,鋼筋混凝土造,88年9月26日,五層,
RPSOMLSLLHLFFAP86CA,19,27.85,住家用,鋼筋混凝土造,86年5月15日,十六層,五層
RPSOMLSLLHLFFAP86CA,19,4.42,共有部份,鋼筋混凝土造,86年5月15日,十六層,
RPSOMLSLLHLFFAP86CA,19,9.16,共有部份,鋼筋混凝土造,86年5月15日,十六層,
RPSNMLPLLHLFFAP09CA,1,197.68,住家用,鋼筋混凝土造,104年6月5日,四層,一層 二層 三層 四層 陽台
RPQNMLTLLHLFFDP96CA,22,225.28,住商用,鋼筋混凝土造,83年6月25日,四層,一層 二層 三層 四層 電梯樓梯間 見其他登記事項
RPOOMLMLMHLFFAP78EA,24,96.43,住家用,鋼筋混凝土造,81年1月13日,六層,三層 陽台 花台
RPOOMLMLMHLFFAP78EA,24,42.51,共有部份,鋼筋混凝土造,81年1月13日,六層,
RPSNMLNKMHLFFDP56CA,1,208.16,住家用,鋼筋混凝土造,104年11月17日,三層,一層 二層 三層 陽台
RPRNMLNKMHLFFDP09CA,1,197.37,住宅、樓梯間,鋼筋混凝土造,104年11月17日,三層,一層 二層 三層 陽台 屋頂突出物
RPWNMLPKMHLFFAP86CA,8,209.63,住宅、停車空間,鋼筋混凝土造,97年3月19日,四層,一層 二層 三層 四層 陽台 見其他登記事項
RPUNMLOKMHLFFDP96DA,33,142.38,住家用,加強磚造,72年3月20日,二層,一層 二層 陽台 電梯樓梯間
RPRNMLTLLHLFFCP07DA,19,187.39,住商用,鋼筋混凝土造,85年11月1日,三層,一層 二層 三層 陽台 騎樓 電梯樓梯間
RPWNMLNKMHLFFDP96CA,1,203.85,住宅、停車空間、樓梯間,鋼筋混凝土造,104年11月17日,三層,一層 二層 三層 陽台 屋頂突出物 見其他登記事項
RPOOMLNKMHLFFDP88CA,1,194.17,住宅、樓梯間,鋼筋混凝土造,104年11月17日,三層,一層 二層 三層 陽台 屋頂突出物
RPXNMLNKMHLFFDP07CA,1,194.09,住宅、樓梯間,鋼筋混凝土造,104年11月17日,三層,一層 二層 三層 陽台 屋頂突出物
RPUNMLNKMHLFFDP76CA,1,203.85,住宅、停車空間、樓梯間,鋼筋混凝土造,104年11月17日,三層,一層 二層 三層 陽台 屋頂突出物 見其他登記事項
RPPNMLMLMHLFFDP88CA,35,51.92,住商用,加強磚造,70年6月23日,二層,一層 二層 騎樓
RPPNMLMLMHLFFDP88CA,35,51.92,住商用,加強磚造,70年6月23日,二層,一層 二層 騎樓
RPROMLSLLHLFFAP76CA,1,178.50,住宅、樓梯間,鋼筋混凝土造,103年12月30日,三層,一層 二層 三層 陽台 屋頂突出物
RPUNMLSLLHLFFAP96CA,24,147.82,住家用,鋼筋混凝土造,81年7月22日,三層,一層 二層 三層 陽台 平台 電梯樓梯間
RPPNMLTLLHLFFAP56CA,2,61.84,住宅、停車空間,鋼筋混凝土造,103年9月4日,四層,一層 陽台
RPPNMLTLLHLFFAP56CA,2,5.50,本共有部分之項目有電梯、樓梯、管委會門廊、梯廳、外廊、機房,鋼筋混凝土造,103年9月4日,四層,
RPXNMLSLLHLFFAP27CA,2,175.23,住家用,鋼筋混凝土造,103年4月25日,四層,一層 二層 三層 四層 陽台
RPVNMLNKMHLFFAP56CA,21,81.83,住家用,鋼筋混凝土造,83年11月20日,十四層,十層 陽台 花台
RPVNMLNKMHLFFAP56CA,21,21.74,共有部份,鋼筋混凝土造,83年11月20日,十四層,
RPVNMLNKMHLFFAP56CA,21,10.51,共有部份,鋼筋混凝土造,83年11月20日,十四層,
RPPNMLTLLHLFFCP96EA,41,122.96,住商用,加強磚造,64年6月30日,二層,一層 二層 騎樓
RPPNMLKMLHLFFAP38CA,22,155.71,住家用,鋼筋混凝土造,83年8月25日,三層,一層 二層 三層 陽台 平台 電梯樓梯間
RPSNMLTLLHLFFDP17CA,16,57.63,住家用,鋼筋混凝土造,88年11月30日,九層,一層 平台
RPSNMLTLLHLFFDP17CA,16,13.07,共有部份,鋼筋混凝土造,88年11月30日,九層,
RPSNMLTLLHLFFDP17CA,16,6.57,共有部份,鋼筋混凝土造,88年11月30日,九層,
RPSNMLTLLHLFFEP27CA,42,97.90,住家用,加強磚造,63年2月15日,二層,一層 二層 陽台 騎樓
RPQNMLLLMHLFFDP88CA,,181.55,住家用,鋼筋混凝土造,104年11月17日,三層,一層 二層 三層 陽台
RPVNMLLMLHLFFCP76DA,,191.11,住宅、樓梯間,鋼筋混凝土造,105年1月21日,三層,一層 二層 三層 見其他登記事項 見其他登記事項
RPRNMLLLMHLFFDP98CA,1,210.85,住家用,鋼筋混凝土造,104年11月17日,三層,一層 二層 三層 陽台
RPWNMLLMLHLFFCP86DA,,191.11,住宅、樓梯間,鋼筋混凝土造,105年1月21日,三層,一層 二層 三層 見其他登記事項 見其他登記事項
RPXNMLLMLHLFFCP96DA,,193.53,住宅、樓梯間,鋼筋混凝土造,105年1月21日,三層,一層 二層 三層 見其他登記事項 見其他登記事項
RPTNMLLJMHLFFAP78DA,1,349.13,停車空間、住宅,鋼筋混凝土造,104年8月14日,四層,一層 二層 三層 四層 陽台
RPTNMLRJMHLFFEP17DA,20,92.42,住家用,鋼筋混凝土造,85年6月26日,八層,四層
RPTNMLRJMHLFFEP17DA,20,12.15,見其他登記事項,鋼筋混凝土造,85年6月26日,八層,
RPTNMLRJMHLFFEP17DA,20,14.47,見其他登記事項,鋼筋混凝土造,85年6月26日,,
RPPNMLPKMHLFFDP09CA,1,203.85,住宅、停車空間、樓梯間,鋼筋混凝土造,104年11月17日,三層,一層 二層 三層 陽台 屋頂突出物 見其他登記事項
RPUNMLKMLHLFFEP76DA,36,114.01,住家用,鋼筋混凝土加強磚造,68年12月20日,二層,一層 二層
RPPNMLLJMHLFFBP48DA,42,92.55,住家用,鋼筋混凝土加強磚造,62年10月3日,二層,一層 二層
RPRNMLLJMHLFFDP78CA,22,42.08,住家用,鋼筋混凝土造,83年6月14日,九層,六層 陽台
RPRNMLLJMHLFFDP78CA,22,16.19,共有部份,鋼筋混凝土造,83年6月14日,九層,
RPUNMLKMLHLFFAP88CA,36,143.15,防空避難、店舖、停車空間、梯間,鋼筋混凝土造,68年12月30日,三層,一層 二層 三層 屋頂突出物 騎樓 地下一層
RPSNMLMKMHLFFAP78CA,2,280.65,見其他登記事項,鋼筋混凝土造,103年1月27日,四層,
RPPNMLLMLHLFFBP78EA,33,116.87,住商用,加強磚造,71年9月20日,二層,一層 二層 騎樓
RPQNMLQJMHLFFDP56CA,2,218.34,住宅、樓梯間,鋼筋混凝土造,103年7月14日,三層,一層 二層 三層 見其他登記事項 見其他登記事項
RPQNMLSJMHLFFBP56CA,34,196.40,住商用,鋼筋混凝土加強磚造,70年12月31日,三層,一層 二層 三層 陽台 騎樓 電梯樓梯間
RPPNMLQJMHLFFAP88DA,22,205.38,住家用,鋼筋混凝土造,82年10月12日,三層,一層 二層 三層 電梯樓梯間 見其他登記事項
RPPNMLOKMHLFFFP56CA,8,210.05,一般事務所、停車空間,ＲＣ造,97年7月11日,四層,一層 二層 三層 四層 見其他登記事項 見其他登記事項
RPXNMLLJMHLFFAP56DA,38,109.96,住家用,加強磚造,67年5月1日,二層,一層 二層 騎樓
RPRNMLMKMHLFFDP98CA,1,185.10,住家用,鋼筋混凝土造,104年5月19日,三層,一層 二層 三層 見其他登記事項
RPOOMLOKMHLFFDP98CA,19,550.77,商業用,鋼筋混凝土造,86年7月31日,七層,一層 騎樓
RPOOMLOKMHLFFDP98CA,19,246.36,共有部份,鋼筋混凝土造,86年7月31日,七層,
RPOOMLOKMHLFFDP98CA,19,564.18,辦公室,鋼筋混凝土造,86年7月31日,七層,二層
RPOOMLOKMHLFFDP98CA,19,253.50,共有部份,鋼筋混凝土造,86年7月31日,七層,
RPOOMLOKMHLFFDP98CA,19,576.39,辦公室,鋼筋混凝土造,86年7月31日,七層,三層
RPOOMLOKMHLFFDP98CA,19,257.07,共有部份,鋼筋混凝土造,86年7月31日,七層,
RPOOMLOKMHLFFDP98CA,19,576.39,証券,鋼筋混凝土造,86年7月31日,七層,四層
RPOOMLOKMHLFFDP98CA,19,257.07,共有部份,鋼筋混凝土造,86年7月31日,七層,
RPOOMLOKMHLFFDP98CA,19,576.39,証券,鋼筋混凝土造,86年7月31日,七層,五層
RPOOMLOKMHLFFDP98CA,19,257.07,共有部份,鋼筋混凝土造,86年7月31日,七層,
RPOOMLOKMHLFFDP98CA,19,576.39,辦公室,鋼筋混凝土造,86年7月31日,七層,六層
RPOOMLOKMHLFFDP98CA,19,257.07,共有部份,鋼筋混凝土造,86年7月31日,七層,
RPOOMLOKMHLFFDP98CA,19,576.39,辦公室,鋼筋混凝土造,86年7月31日,七層,七層
RPOOMLOKMHLFFDP98CA,19,257.07,共有部份,鋼筋混凝土造,86年7月31日,七層,
RPPNMLTJMHLFFAP09CA,55,590.24,住商用,加強磚造,50年1月1日,四層,一層 二層 三層 四層 騎樓
RPRNMLKLMHLFFCP78CA,17,204.74,住家用,鋼筋混凝土造,87年12月3日,三層,一層 二層 三層 陽台 電梯樓梯間
RPPNMLTLMHLFFCP86CA,22,236.69,住商用,鋼筋混凝土造,83年3月19日,三層,一層 二層 三層 騎樓 電梯樓梯間
RPVNMLKLMHLFFDP66CA,38,96.40,住商用,加強磚造,67年6月18日,二層,一層 二層
RPSNMLLJMHLFFAP78EA,36,119.96,住商用,加強磚造,69年5月17日,二層,一層 二層 騎樓 電梯樓梯間
RPQNMLLKMHLFFAP68EA,17,177.68,住商用,鋼筋混凝土造,88年8月29日,三層,一層 二層 三層 陽台 騎樓 電梯樓梯間
RPPNMLKLMHLFFAP38CA,,210.40,住宅、樓梯間,鋼筋混凝土造,104年10月31日,三層,一層 二層 三層 陽台 屋頂突出物
RPXNMLLKMHLFFAP56CA,2,178.94,住家用,鋼筋混凝土造,103年8月20日,三層,一層 二層 三層 陽台 電梯樓梯間
RPWNMLLJMHLFFAP98CA,34,200.61,住商用,ＲＣ構架磚造,71年2月26日,三層,一層 二層 三層 騎樓 電梯樓梯間 地下層
RPPNMLLJNHLFFAP38CA,2,82.54,住家用,鋼筋混凝土造,103年8月20日,三層,一層 二層 三層 陽台
RPXNMLLMLHLFFAP66CA,21,89.81,住家用,鋼筋混凝土造,83年10月20日,八層,四層 陽台
RPXNMLLMLHLFFAP66CA,21,27.09,共有部份,鋼筋混凝土造,83年10月20日,八層,
RPXNMLLMLHLFFAP66CA,21,7.76,共有部份,鋼筋混凝土造,83年10月20日,八層,
RPVNMLLMLHLFFAP09CA,19,103.51,住家用,鋼筋混凝土造,86年2月11日,十三層,三層 陽台
RPVNMLLMLHLFFAP09CA,19,27.76,共有部份,鋼筋混凝土造,86年2月11日,十四層,
RPUNMLRJMHLFFDP17DA,21,97.06,住家用,鋼筋混凝土造,84年4月6日,十二層,五層 陽台
RPUNMLRJMHLFFDP17DA,21,4.22,共有部份,鋼筋混凝土造,84年4月6日,十二層,
RPUNMLRJMHLFFDP17DA,21,12.72,共有部份,鋼筋混凝土造,84年4月6日,十二層,
RPSNMLQJMHLFFCP76DA,35,126.56,住商用,加強磚造,69年10月16日,二層,一層 二層 騎樓 電梯樓梯間
RPVNMLMLMHLFFAP56CA,12,18.27,住家用,鋼筋混凝土造,93年3月26日,五層,四層
RPVNMLMLMHLFFAP56CA,12,12.45,共有部份,鋼筋混凝土造,93年3月26日,五層,
RPRNMLKLMHLFFAP58CA,,214.40,住宅、樓梯間,鋼筋混凝土造,104年10月31日,三層,一層 二層 三層 屋頂突出物
RPSNMLKLMHLFFAP68CA,,212.40,住宅、樓梯間,鋼筋混凝土造,104年10月31日,三層,一層 二層 三層 陽台 屋頂突出物
RPQNMLKLMHLFFAP48CA,,227.85,住宅、樓梯間,鋼筋混凝土造,104年10月31日,三層,一層 二層 三層 屋頂突出物
RPTNMLRJMHLFFDP96CA,2,267.55,住家用,鋼筋混凝土造,103年6月4日,四層,一層 二層 三層 四層 陽台
RPPNMLSJMHLFFCP56CA,1,235.61,住宅、樓梯間,鋼筋混凝土造,104年5月4日,三層,一層 二層 三層 陽台 見其他登記事項
RPSNMLMKMHLFFDP09CA,35,113.32,住家用,加強磚造,70年6月19日,三層,一層 二層 三層
RPRNMLTKMHLFFFP27CA,,172.16,停車空間、住宅,鋼筋混凝土造,104年10月16日,三層,見其他登記事項 見其他登記事項
RPQNMLPKMHLFFFP86DA,12,212.60,住家用,ＲＣ造,93年7月26日,四層,一層 二層 三層 四層 陽台
RPQNMLOKMHLFFDP09CA,1,255.85,住家用,鋼筋混凝土造,104年7月9日,四層,一層 二層 三層 四層 陽台
RPPOMLTJNHLFFEP17DA,,204.20,住家用,鋼筋混凝土造,105年2月4日,三層,一層 二層 三層 屋頂突出物
RPRNMLOKMHLFFDP56CA,17,222.87,住家用,鋼筋混凝土造,87年10月14日,四層,一層 二層 三層 四層 地下層 見其他登記事項
RPRNMLOKMHLFFDP56CA,17,28.81,共有部份,鋼筋混凝土造,87年10月14日,一層,
RPWNMLKLMHLFFDP76CA,15,213.72,住家用,鋼筋混凝土造,90年6月5日,三層,一層 二層 三層 陽台 電梯樓梯間
RPXNMLTLMHLFFAP47CA,1,285.82,住家用,鋼骨鋼筋混凝土造,105年1月4日,三層,一層 二層 三層 陽台
RPVNMLPLMHLFFDP17CA,16,9.40,共有部份,鋼筋混凝土造,88年11月30日,九層,
RPVNMLPLMHLFFDP17CA,16,82.52,住家用,鋼筋混凝土造,88年11月30日,九層,七層 陽台
RPVNMLPLMHLFFDP17CA,16,38.46,共有部份,鋼筋混凝土造,88年11月30日,九層,
RPTNMLPKMHLFFAP76EA,22,59.31,住家用,鋼筋混凝土造,83年6月15日,十一層,六層 陽台
RPTNMLPKMHLFFAP76EA,22,11.79,共有部份,鋼筋混凝土造,83年6月15日,十一層,
RPTNMLPKMHLFFAP76EA,22,10.13,共有部份,鋼筋混凝土造,83年6月15日,,
RPWNMLLKMHLFFAP09CA,38,116.46,住家用,鋼筋混凝土造,67年1月1日,二層,一層 二層 陽台 騎樓
RPTNMLOKMHLFFAP09CA,21,204.18,住家用,鋼筋混凝土造,83年11月15日,四層,一層 二層 三層 四層 電梯樓梯間 見其他登記事項
RPTNMLMKMHLFFAP88CA,2,55.90,住宅、停車空間,鋼筋混凝土造,103年9月4日,四層,一層 陽台
RPTNMLMKMHLFFAP88CA,2,5.50,本共有部分之項目有電梯、樓梯、管委會門廊、梯廳、外廊、機房,鋼筋混凝土造,103年9月4日,四層,
RPUNMLMKMHLFFAP98CA,2,56.52,住家用,鋼筋混凝土造,103年9月4日,四層,四層 陽台
RPUNMLMKMHLFFAP98CA,2,14.52,本共有部分之項目有電梯、樓梯、管委會門廊、梯廳、外廊、機房,鋼筋混凝土造,103年9月4日,四層,
RPQNMLMLMHLFFBP78CA,,177.78,住宅、樓梯間,鋼筋混凝土造,104年10月15日,三層,一層 二層 三層 陽台 見其他登記事項
RPRNMLMLMHLFFBP88CA,,177.95,住宅、樓梯間,鋼筋混凝土造,104年10月15日,三層,一層 二層 三層 陽台 見其他登記事項
RPRNMLKLMHLFFDP88CA,1,183.67,住家用,鋼筋混凝土造,104年7月29日,三層,一層 二層 三層 陽台
RPSNMLMLMHLFFBP98CA,,198.55,住宅、樓梯間,鋼筋混凝土造,104年10月15日,三層,一層 二層 三層 陽台 見其他登記事項
RPPNMLPLMHLFFBP98CA,,158.89,住家用,鋼筋混凝土造,104年10月15日,三層,一層 二層 三層 陽台
RPPNMLMKMHLFFCP68CA,1,220.76,住家用,鋼筋混凝土造,104年8月13日,四層,一層 二層 三層 四層 陽台
RPQNMLPLMHLFFBP09CA,,218.27,住宅、騎樓、樓梯間,鋼筋混凝土造,104年10月15日,三層,一層 二層 三層 陽台 騎樓 見其他登記事項
RPPNMLNJNHLFFBP68CA,2,225.01,住宅、樓梯間,鋼筋混凝土造,102年12月25日,三層,一層 二層 三層 陽台 見其他登記事項
RPQNMLMKMHLFFCP78CA,1,220.76,住家用,鋼筋混凝土造,104年8月13日,四層,一層 二層 三層 四層 陽台
RPXNMLTJNHLFFEP87DA,,200.40,住家用,鋼筋混凝土造,105年2月4日,三層,一層 二層 三層 屋頂突出物
RPVNMLTJNHLFFEP67DA,,200.40,住家用,鋼筋混凝土造,105年2月4日,三層,一層 二層 三層 屋頂突出物
RPTNMLTJNHLFFEP47DA,,204.75,住家用,鋼筋混凝土造,105年2月4日,三層,一層 二層 三層 屋頂突出物
RPPOMLQLMHLFFAP56DA,,187.35,住宅、樓梯間,鋼筋混凝土造,104年11月30日,三層,一層 二層 三層 見其他登記事項 見其他登記事項
RPQNMLMJNHLFFDP88CA,1,224.32,住家用,鋼筋混凝土造,104年11月17日,四層,一層 二層 三層 四層 陽台
RPQOMLQLMHLFFAP66DA,,186.97,住宅、樓梯間,鋼筋混凝土造,104年11月30日,三層,一層 二層 三層 見其他登記事項 見其他登記事項
RPROMLQLMHLFFAP76DA,,151.88,住宅、樓梯間,鋼筋混凝土造,104年11月30日,三層,一層 二層 三層 見其他登記事項 見其他登記事項
RPTOMLQLMHLFFAP96DA,,162.65,住宅、樓梯間,鋼筋混凝土造,104年11月30日,三層,一層 二層 三層 見其他登記事項 見其他登記事項
RPSOMLQLMHLFFAP86DA,,162.65,住宅、樓梯間,鋼筋混凝土造,104年11月30日,三層,一層 二層 三層 見其他登記事項 見其他登記事項
RPRNMLKLMHLFFFP56DA,,201.04,住宅、樓梯間、停車空間,鋼筋混凝土造,104年10月6日,三層,一層 二層 三層 雨遮 見其他登記事項 見其他登記事項
RPSNMLKLMHLFFFP66DA,,198.38,住宅、樓梯間、停車空間,鋼筋混凝土造,104年10月6日,三層,一層 二層 三層 雨遮 見其他登記事項 見其他登記事項
RPTNMLKLMHLFFFP76DA,,197.85,住宅、樓梯間、停車空間,鋼筋混凝土造,104年10月6日,三層,一層 二層 三層 雨遮 見其他登記事項 見其他登記事項
RPUNMLKLMHLFFFP86DA,,195.43,住宅、樓梯間、門廊,鋼筋混凝土造,104年10月6日,三層,一層 二層 三層 雨遮 見其他登記事項 見其他登記事項
RPVNMLMJNHLFFDP76CA,1,222.05,住宅、樓梯間,鋼筋混凝土造,104年11月17日,三層,一層 二層 三層 陽台 屋頂突出物
RPSNMLMJNHLFFDP09CA,1,187.55,住宅、停車空間,鋼筋混凝土造,104年11月17日,三層,一層 二層 三層 陽台 見其他登記事項
RPTNMLMJNHLFFDP56CA,1,203.85,住宅、停車空間、樓梯間,鋼筋混凝土造,104年11月17日,三層,一層 二層 三層 陽台 屋頂突出物 見其他登記事項
RPRNMLMJNHLFFDP98CA,1,203.85,住宅、停車空間、樓梯間,鋼筋混凝土造,104年11月17日,三層,一層 二層 三層 陽台 屋頂突出物 見其他登記事項
RPVNMLKLMHLFFFP96DA,,195.18,住宅、樓梯間、門廊,鋼筋混凝土造,104年10月6日,三層,一層 二層 三層 雨遮 見其他登記事項 見其他登記事項
RPUNMLMJNHLFFDP66CA,1,203.85,住宅、停車空間、樓梯間,鋼筋混凝土造,104年11月17日,三層,一層 二層 三層 陽台 屋頂突出物 見其他登記事項
RPSOMLTJNHLFFEP47DA,,200.40,住家用,鋼筋混凝土造,105年2月4日,三層,一層 二層 三層 屋頂突出物
RPPNMLNKMHLFFDP88CA,24,202.36,住家用,鋼筋混凝土造,81年5月27日,三層,一層 二層 三層 陽台 電梯樓梯間
RPPNMLPKMHLFFCP98CA,,212.27,騎樓、店舖、住宅、停車空間,鋼筋混凝土造,104年11月26日,四層,騎樓 見其他登記事項 見其他登記事項
RPPNMLPKMHLFFCP98CA,,4.66,﹝Ｓ１、Ｓ２、Ｓ３、Ｓ５、Ｓ６、Ｓ７、Ｓ８、Ｓ９、Ｓ１０、Ｓ１１、Ａ１、Ａ２、Ａ３、Ａ５、Ｂ１、Ｂ２、Ｂ３、Ｂ５、Ｂ６、Ｂ７棟共有﹞配電室、樓梯間,鋼筋混凝土造,104年11月26日,一層,
RPQNMLPKMHLFFCP09CA,,4.66,﹝Ｓ１、Ｓ２、Ｓ３、Ｓ５、Ｓ６、Ｓ７、Ｓ８、Ｓ９、Ｓ１０、Ｓ１１、Ａ１、Ａ２、Ａ３、Ａ５、Ｂ１、Ｂ２、Ｂ３、Ｂ５、Ｂ６、Ｂ７棟共有﹞配電室、樓梯間,鋼筋混凝土造,104年11月26日,一層,
RPQNMLPKMHLFFCP09CA,,309.34,騎樓、店舖、住宅、停車空間,鋼筋混凝土造,104年11月26日,四層,騎樓 見其他登記事項 見其他登記事項
RPRNMLPKMHLFFCP56CA,1,191.11,騎樓、店舖、住宅,鋼筋混凝土造,104年2月24日,四層,騎樓 見其他登記事項 見其他登記事項
RPQNMLNKMHLFFBP78CA,22,125.78,住家用,鋼筋混凝土造,82年10月18日,三層,一層 二層 三層 陽台 平台 露台
RPUNMLPKMHLFFAP66CA,36,65.70,住家用,加強磚造,68年10月22日,二層,一層 二層 電梯樓梯間
RPUNMLPKMHLFFAP66CA,36,65.70,住家用,加強磚造,68年10月22日,二層,一層 二層 電梯樓梯間
RPQNMLNKMHLFFAP88EA,10,155.70,住家用,鋼筋混凝土造,95年5月6日,三層,一層 二層 三層 電梯樓梯間
RPRNMLRLMHLFFAP86EA,25,162.44,住家用,加強磚造,80年7月10日,二層,
RPRNMLMLMHLFFAP78CA,22,70.72,住家用,鋼筋混凝土造,83年8月19日,七層,六層 陽台
RPRNMLMLMHLFFAP78CA,22,27.56,共有部份,鋼筋混凝土造,83年8月19日,七層,
RPXNMLMJNHLFFDP96CA,,285.02,住宅、樓梯間,鋼筋混凝土造,104年11月17日,三層,一層 二層 三層 陽台 屋頂突出物
RPWNMLMJNHLFFDP86CA,1,187.55,住宅、停車空間,鋼筋混凝土造,104年11月17日,三層,一層 二層 三層 陽台 見其他登記事項
RPUNMLKLMHLFFAP88CA,1,376.68,住宅、樓梯間,鋼筋混凝土造,104年6月15日,四層,一層 二層 三層 四層 屋頂突出物
RPPNMLPKMHLFFBP88CA,18,58.43,商業用,鋼骨造,87年7月20日,一層,一層 騎樓
RPUNMLKLMHLFFDP56CA,18,312.44,住商用,鋼筋混凝土造,86年10月30日,四層,一層 二層 三層 四層 陽台 騎樓 電梯樓梯間
RPRNMLTKMHLFFEP17CA,21,121.54,住家用,鋼筋混凝土造,84年8月29日,十二層,十二層
RPRNMLTKMHLFFEP17CA,21,15.23,共有部份,鋼筋混凝土造,84年8月29日,十二層,
RPRNMLTKMHLFFEP17CA,21,17.58,共有部份,鋼筋混凝土造,84年8月29日,十二層,
RPSNMLRKMHLFFEP07CA,34,160.19,住商用,鋼筋混凝土加強磚造,70年12月22日,三層,一層 二層 三層 陽台 騎樓 電梯樓梯間
RPQNMLRJNHLFFAP09CA,36,119.61,住家用,加強磚造,69年9月3日,二層,一層 二層 騎樓 電梯樓梯間
RPVNMLLKNHLFFAP09CA,37,124.58,住家用,加強磚造,68年5月10日,二層,一層 二層 騎樓
RPQOMLMKNHLFFAP78CA,45,272.66,住商用,鋼筋混凝土造,59年10月9日,三層,一層 二層 三層 騎樓 見其他登記事項
RPWNMLKLMHLFFFP07DA,,199.46,住宅、樓梯間、停車空間,鋼筋混凝土造,104年10月6日,三層,一層 二層 三層 雨遮 見其他登記事項 見其他登記事項
RPPNMLQKNHLFFDP76DA,10,139.14,住家用,鋼筋混凝土造,95年4月6日,三層,一層 二層 三層 陽台
RPXNMLKLMHLFFFP17DA,,196.74,住宅、樓梯間、停車空間,鋼筋混凝土造,104年10月6日,三層,一層 二層 三層 雨遮 見其他登記事項 見其他登記事項
RPPOMLTJNHLFFBP76CA,22,167.24,住商用,鋼筋混凝土造,82年10月10日,三層,一層 二層 三層 陽台 平台
RPPNMLTKNHLFFBP76CA,21,72.04,住家用,鋼筋混凝土造,84年1月5日,十層,八層 陽台
RPPNMLTKNHLFFBP76CA,21,14.04,共有部份,鋼筋混凝土造,84年1月5日,十層,
RPVNMLPKMHLFFEP17CA,23,141.56,住家用,鋼筋混凝土造,82年8月25日,三層,一層 二層 三層 陽台
RPXNMLSLMHLFFEP77CA,36,464.81,住家用,加強磚造,69年7月15日,二層,一層 二層 陽台
RPQNMLKLMHLFFDP78CA,34,120.28,住家用,加強磚造,70年12月25日,二層,一層 二層 陽台
RPOOMLKLMHLFFFP98DA,,196.74,住宅、樓梯間、停車空間,鋼筋混凝土造,104年10月6日,三層,一層 二層 三層 雨遮 見其他登記事項 見其他登記事項
RPPNMLQKMHLFFDP56CA,10,166.28,住家用,鋼筋混凝土造,95年4月20日,三層,一層 二層 三層 騎樓 電梯樓梯間
RPPOMLKLMHLFFFP09DA,,196.74,住宅、樓梯間、停車空間,鋼筋混凝土造,104年10月6日,三層,一層 二層 三層 雨遮 見其他登記事項 見其他登記事項
RPROMLKLMHLFFFP66DA,,196.75,住宅、樓梯間、停車空間,鋼筋混凝土造,104年10月6日,三層,一層 二層 三層 雨遮 見其他登記事項 見其他登記事項
RPQNMLTKMHLFFDP96CA,21,154.78,住家用,鋼筋混凝土造,84年1月14日,三層,一層 二層 三層 電梯樓梯間 見其他登記事項
RPSOMLKLMHLFFFP76DA,,196.75,住宅、樓梯間、停車空間,鋼筋混凝土造,104年10月6日,三層,一層 二層 三層 雨遮 見其他登記事項 見其他登記事項
RPQNMLQKMHLFFAP98CA,35,121.96,住商用,加強磚造,70年3月6日,二層,一層 二層 騎樓
RPTNMLTJNHLFFBP07CA,,158.89,住家用,鋼筋混凝土造,104年10月15日,三層,一層 二層 三層 陽台
RPPNMLSKMHLFFBP76EA,19,98.95,住家用,鋼筋混凝土造,86年4月20日,十三層,九層 陽台 花台
RPPNMLSKMHLFFBP76EA,19,35.99,共有部份,鋼筋混凝土造,86年4月20日,十三層,
RPRNMLTJNHLFFDP07CA,,164.66,住家用,鋼筋混凝土造,104年11月16日,三層,一層 二層 三層 陽台
RPWOMLKLMHLFFAP56CA,21,13.99,共有部份,鋼筋混凝土造,83年11月15日,十二層,
RPWOMLKLMHLFFAP56CA,21,86.50,住家用,鋼筋混凝土造,83年11月15日,十二層,七層 陽台 花台
RPWOMLKLMHLFFAP56CA,21,15.66,共有部份,鋼筋混凝土造,83年11月15日,十二層,
RPVNMLMLMHLFFBP66CA,17,234.16,住家用,鋼筋混凝土造,88年9月20日,三層,一層 二層 三層 陽台 電梯樓梯間
RPQNMLLLMHLFFCP98EA,21,534.56,雞舍,磚造,83年10月12日,一層,一層
RPQNMLLLMHLFFCP98EA,21,492.16,雞舍,磚造,83年10月12日,一層,一層
RPQNMLLLMHLFFCP98EA,21,622.90,雞舍,磚造,83年10月12日,一層,一層
RPQNMLLLMHLFFCP98EA,21,730.91,雞舍,磚造,83年10月12日,一層,一層
RPQNMLLLMHLFFCP98EA,21,20.43,管理室,磚造,83年10月12日,一層,一層
RPQNMLSJNHLFFDP86CA,,124.38,工廠,鋼筋混凝土造,104年9月17日,二層,一層 二層 陽台
RPQNMLSJNHLFFDP86CA,,124.38,工廠,鋼筋混凝土造,104年9月17日,二層,一層 二層 陽台
RPPNMLSJNHLFFDP76CA,,248.76,工廠,鋼筋混凝土造,104年9月17日,二層,一層 二層 陽台
RPSNMLSJNHLFFDP07CA,,248.76,工廠,鋼筋混凝土造,104年9月17日,二層,一層 二層 陽台
RPTNMLSJNHLFFDP17CA,,192.96,店舖、住宅、樓梯間,鋼筋混凝土造,104年9月17日,三層,一層 二層 三層 陽台 見其他登記事項
RPRNMLTKMHLFFDP07CA,,235.55,住家用,鋼筋混凝土造,104年9月17日,四層,一層 二層 三層 四層 陽台
RPSNMLMLMHLFFDP66DA,35,84.00,住家用,加強磚造,70年8月25日,一層,一層
RPTOMLKLMHLFFFP86DA,,215.56,住宅、樓梯間、門廊,鋼筋混凝土造,104年10月6日,三層,一層 二層 三層 雨遮 見其他登記事項 見其他登記事項
RPUOMLKLMHLFFFP96DA,,259.35,住宅、樓梯間、門廊,鋼筋混凝土造,104年10月6日,三層,一層 二層 三層 雨遮 見其他登記事項 見其他登記事項
RPPNMLOJNHLFFEP09CA,45,278.50,商業用,力霸鋼架造,60年4月30日,一層,一層
SPPNMLOJNHLFFEP56CA,49,308.52,商業用,鐵筋混凝土加強磚造,55年11月9日,一層,一層 騎樓
RPTNMLPJNHLFFBP66CA,11,164.01,住家用,鋼筋混凝土造,94年1月24日,三層,一層 二層 三層 電梯樓梯間
RPTOMLKLMHLFFAP88CA,21,192.70,住商用,鋼筋混凝土造,83年10月15日,七層,一層 二層 陽台 騎樓
RPTOMLKLMHLFFAP88CA,21,47.03,共有部份,鋼筋混凝土造,83年10月15日,七層,
RPQNMLTKMHLFFAP66CA,22,85.58,住家用,鋼筋混凝土造,83年6月15日,九層,五層 陽台
RPQNMLTKMHLFFAP66CA,22,14.16,共有部份,鋼筋混凝土造,83年6月15日,十二層,
RPQNMLTKMHLFFAP66CA,22,10.13,共有部份,鋼筋混凝土造,83年6月15日,,
RPSNMLTKMHLFFAP86CA,34,99.78,住商用,加強磚造,70年12月10日,二層,一層 二層 騎樓 電梯樓梯間
RPTNMLKLMHLFFAP78CA,1,174.71,住家用,鋼筋混凝土造,104年5月7日,四層,一層 二層 三層 四層 陽台
RPSNMLTJNHLFFDP17CA,,155.37,住家用,鋼筋混凝土造,104年11月16日,三層,一層 二層 三層 陽台
RPVNMLTJNHLFFDP47CA,1,199.79,住宅、樓梯間,鋼筋混凝土造,104年11月17日,三層,一層 二層 三層 陽台 屋頂突出物
RPXNMLTJNHLFFDP67CA,1,355.73,住家用,鋼筋混凝土造,104年11月17日,四層,一層 二層 三層 四層 陽台
RPOOMLMKNHLFFAP58CA,27,152.13,住家用,加強磚造,78年7月1日,二層,一層 二層 電梯樓梯間 夾層
RPPNMLKLMHLFFCP58CA,37,152.28,住家用,加強磚造,67年11月3日,三層,一層 二層 三層 騎樓
RPUNMLLLMHLFFBP09CA,16,154.24,住家用,鋼筋混凝土造,88年12月8日,三層,一層 二層 三層 陽台 屋頂突出物
RPWOMLTJNHLFFAP37CA,28,107.98,住家用,加強磚造,77年1月20日,二層,一層 二層 騎樓
RPXOMLMJNHLFFDP07CA,,281.97,住家用,鋼筋混凝土造,105年1月29日,四層,一層 二層 三層 四層 陽台
RPUOMLMJNHLFFDP76CA,,221.13,住家用,鋼筋混凝土造,104年10月27日,四層,一層 二層 三層 四層 陽台
RPXOMLKLMHLFFAP66CA,20,167.37,住家用,鋼筋混凝土造,85年4月27日,四層,
RPXNMLKLMHLFFAP66DA,1,66.17,集合住宅,鋼筋混凝土造,104年5月12日,五層,四層 陽台
RPXNMLKLMHLFFAP66DA,1,6.46,騎樓，門廳，停車空間，門廊，蓄水池，受電室，水箱，機械室，樓梯間,鋼筋混凝土造,104年5月12日,五層,
RPXNMLKLMHLFFAP66DA,1,1.00,共用部分：樓梯間,鋼筋混凝土造,104年5月12日,五層,
RPPNMLMLMHLFFAP68DA,20,94.02,住家用,鋼筋混凝土造,85年7月22日,八層,六層 陽台 花台
RPPNMLMLMHLFFAP68DA,20,2.14,共有部份,鋼筋混凝土造,85年7月22日,,
RPPNMLMLMHLFFAP68DA,20,21.17,共有部份,鋼筋混凝土造,85年7月22日,,
RPPNMLLLMHLFFFP98CA,20,241.59,店舖，停車場，住宅,鋼筋混凝土造,85年4月10日,四層,一層 二層 三層 四層 陽台 平台 騎樓
RPTNMLPLMHLFFEP17DA,35,113.95,住商用,鋼筋混凝土加強磚造,70年9月30日,二層,一層 二層 陽台 騎樓
RPOOMLSKNHLFFAP56CA,36,103.22,住家用,加強磚造,69年8月30日,二層,一層 二層 騎樓
RPXNMLSKNHLFFAP37CA,22,83.18,住家用,鋼筋混凝土造,83年2月15日,七層,四層 陽台
RPXNMLSKNHLFFAP37CA,22,34.64,共有部份,鋼筋混凝土造,83年2月15日,七層,
RPVOMLMJNHLFFDP86CA,,194.83,住宅、停車空間,鋼筋混凝土造,105年1月29日,四層,一層 二層 三層 四層 陽台
RPWOMLMJNHLFFDP96CA,,194.35,住宅、停車空間,鋼筋混凝土造,105年1月29日,四層,一層 二層 三層 四層 陽台
RPQOMLKLMHLFFDP88CA,22,35.44,住家用,鋼筋混凝土造,83年6月14日,九層,七層 陽台
RPQOMLKLMHLFFDP88CA,22,13.73,共有部份,鋼筋混凝土造,83年6月14日,九層,
RPTNMLMLMHLFFDP66CA,9,22.40,集合住宅,鋼筋混凝土造,96年2月5日,十三層,六層 陽台
RPTNMLMLMHLFFDP66CA,9,9.36,防空避難室、停車空間、管理委員會使用空間、門廳、門廊、車道、樓梯間、機械室、水箱,鋼筋混凝土造,96年2月5日,十三層,
RPTNMLMLMHLFFDP66CA,9,1.60,走廊,鋼筋混凝土造,96年2月5日,十三層,
RPUNMLTJNHLFFBP17CA,,158.89,住家用,鋼筋混凝土造,104年10月15日,三層,一層 二層 三層 陽台
RPVNMLTJNHLFFBP27CA,,158.89,住家用,鋼筋混凝土造,104年10月15日,三層,一層 二層 三層 陽台
RPRNMLPLMHLFFBP56CA,21,151.17,住家用,鋼筋混凝土造,83年12月29日,三層,一層 二層 三層 陽台 電梯樓梯間
RPSNMLTJNHLFFBP96CA,,208.04,住宅、騎樓、樓梯間,鋼筋混凝土造,104年10月15日,三層,一層 二層 三層 陽台 騎樓 見其他登記事項
RPTNMLLLMHLFFBP98CA,23,278.81,住商用,鋼筋混凝土造,82年7月29日,四層,一層 二層 三層 四層 騎樓 電梯樓梯間
RPRNMLLLMHLFFAP68CA,2,56.51,住家用,鋼筋混凝土造,103年9月4日,四層,一層 陽台
RPRNMLLLMHLFFAP68CA,2,5.50,本共有部分之項目有電梯、樓梯、管委會門廊、梯廳、外廊、機房,鋼筋混凝土造,103年9月4日,四層,
RPVNMLLLMHLFFAP09CA,,177.48,住家用,鋼筋混凝土造,104年12月2日,三層,一層 二層 三層 陽台 電梯樓梯間
RPQNMLMLMHLFFAP68CA,34,84.68,住家用,加強磚造,71年8月2日,二層,一層 二層
RPSOMLKLMHLFFAP78CA,11,22.18,住家用,鋼筋混凝土造,94年5月11日,四層,
RPSOMLKLMHLFFAP78CA,11,13.41,共有部份,鋼筋混凝土造,94年5月11日,四層,
RPSOMLKLMHLFFAP78CA,11,22.18,住家用,鋼筋混凝土造,94年5月11日,四層,
RPXNMLMLMHLFFAP96EA,63,186.68,住家用,磚造,42年1月15日,一層,一層 騎樓
RPPNMLMLMHLFFBP88EA,17,103.85,住家用,鋼筋混凝土造,88年7月10日,八層,二層 陽台
RPPNMLMLMHLFFBP88EA,17,26.70,共有部份,鋼筋混凝土造,88年7月10日,八層,
RPPNMLMLMHLFFBP88EA,17,10.96,共有部份,鋼筋混凝土造,88年7月10日,八層,
RPTNMLPLMHLFFAP86EA,34,107.86,住家用,加強磚造,71年2月26日,二層,一層 二層
RPPOMLMLMHLFFAP68CA,2,274.62,住家用,鋼筋混凝土造,102年12月12日,四層,一層 二層 三層 四層 陽台
RPPOMLMLMHLFFAP68CA,2,.85,住家用,鋼筋混凝土造,102年12月12日,二層,
RPQOMLMLMHLFFAP78CA,8,202.10,住商用,鋼筋混凝土造,97年1月22日,四層,一層 二層 三層 四層 騎樓 見其他登記事項
RPXNMLLLMHLFFAP66CA,22,168.90,住家用,鋼筋混凝土造,83年2月5日,三層,一層 二層 三層 陽台 平台 電梯樓梯間 雨遮
RPXNMLLLMHLFFAP66CA,22,2.47,住家用,鋼筋混凝土造,83年3月18日,四層,
RPWNMLOJNHLFFAP76CA,35,129.78,住家用,加強磚造,70年8月31日,二層,一層 二層 騎樓 電梯樓梯間
RPPNMLQLMHLFFCP56CA,1,216.96,停車空間、住宅、樓梯間,鋼筋混凝土造,104年3月17日,三層,一層 二層 三層 見其他登記事項 見其他登記事項
RPQNMLKMMHLFFCP78CA,11,47.79,住家用,加強磚造,94年8月29日,一層,一層
RPPNMLPLMHLFFEP66CA,20,92.42,住家用,鋼筋混凝土造,85年6月26日,八層,七層
RPPNMLPLMHLFFEP66CA,20,12.15,見其他登記事項,鋼筋混凝土造,85年6月26日,八層,
RPPNMLPLMHLFFEP66CA,20,21.84,見其他登記事項,鋼筋混凝土造,85年6月26日,,
RPQNMLSKNHLFFAP76DA,36,107.31,住商用,加強磚造,69年3月15日,二層,一層 二層 騎樓 電梯樓梯間
RPRNMLMLMHLFFFP66CA,3,194.22,住宅、樓梯間,鋼筋混凝土造,101年11月8日,二層,一層 二層 陽台 見其他登記事項
RPRNMLNLMHLFFFP86DA,,198.00,住宅、樓梯間、停車空間,鋼筋混凝土造,104年10月6日,三層,一層 二層 三層 雨遮 見其他登記事項 見其他登記事項
RPSNMLQLMHLFFDP96CA,40,100.04,住家用,加強磚造,65年5月30日,二層,一層 二層
RPUNMLMKNHLFFEP86CA,34,106.26,住家用,加強磚造,71年1月1日,二層,一層 二層 騎樓
RPPOMLTJNHLFFAP66CA,23,270.47,農舍,加強磚造、鋼鐵造,82年8月26日,一層,一層
RPPNMLPJNHLFFAP98EA,22,118.90,住家用,鋼筋混凝土造,82年12月1日,八層,二層 陽台
RPPNMLPJNHLFFAP98EA,22,11.59,共有部份,鋼筋混凝土造,82年12月1日,八層,
RPQNMLQJNHLFFFP96DA,33,67.00,住家用,加強磚造,71年12月29日,二層,一層 二層
RPQNMLQJNHLFFFP96DA,33,65.99,住家用,加強磚造,71年12月29日,二層,一層 二層
RPPNMLRLMHLFFAP09CA,21,32.41,住家用,鋼筋混凝土造,83年12月10日,六層,六層 陽台
RPPNMLRLMHLFFAP09CA,21,6.00,共有部份,鋼筋混凝土造,83年12月10日,六層,
RPPNMLRLMHLFFAP09CA,21,7.12,共有部份,鋼筋混凝土造,83年12月10日,六層,
RPVNMLSJNHLFFDP37CA,,212.35,住家用,鋼筋混凝土造,104年11月13日,三層,一層 二層 三層 陽台
RPPNMLNLNHLFFAP78CA,22,34.80,住家用,鋼筋混凝土造,83年9月18日,十四層,九層 陽台
RPPNMLNLNHLFFAP78CA,22,13.68,共有部份,鋼筋混凝土造,83年9月18日,十四層,
RPWNMLSJNHLFFDP47CA,,208.32,住家用,鋼筋混凝土造,104年11月13日,三層,一層 二層 三層 陽台
RPVNMLSKNHLFFDP47CA,23,237.69,住家用,鋼筋混凝土造,81年10月21日,四層,一層 二層 三層 四層 陽台 電梯樓梯間
RPVOMLTJNHLFFEP77DA,,200.40,住家用,鋼筋混凝土造,105年2月4日,三層,一層 二層 三層 屋頂突出物
RPPNMLSLMHLFFEP96CA,38,115.15,住家用,加強磚造,66年11月25日,二層,一層 二層 騎樓
RPPOMLLJOHLFFAP58CA,42,86.69,住家用,加強磚造,63年5月30日,二層,一層 二層
RPWNMLLKNHLFFDP86CA,,100.58,住家用,鋼筋混凝土造,104年11月13日,三層,一層 二層 三層 陽台
RPWNMLLKNHLFFDP86CA,,100.58,住家用,鋼筋混凝土造,104年11月13日,三層,一層 二層 三層 陽台
RPQOMLMJNHLFFDP98CA,1,180.32,住家用,鋼筋混凝土造,104年5月19日,三層,一層 二層 三層 見其他登記事項
RPRNMLSLMHLFFDP07CA,10,238.99,住家用,鋼筋混凝土造,94年7月21日,四層,一層 二層 三層 四層 見其他登記事項
RPQNMLRLMHLFFDP86CA,16,184.58,住家用,鋼筋混凝土造,88年11月29日,四層,一層 二層 三層 四層 見其他登記事項
RPPNMLNKNHLFFCP88CA,1,194.53,住宅、樓梯間,鋼筋混凝土造,104年8月31日,三層,一層 二層 三層 見其他登記事項 見其他登記事項
RPPOMLMKNHLFFDP98CA,,167.02,住家用,鋼筋混凝土造,104年11月13日,三層,一層 二層 三層 陽台
RPXNMLMKNHLFFDP07CA,,186.37,住家用,鋼筋混凝土造,104年11月13日,三層,一層 二層 三層 陽台
RPQNMLMJNHLFFCP98EA,21,140.96,住商用,鋼筋混凝土造,84年4月7日,三層,一層 二層 三層 電梯樓梯間
RPQNMLTLMHLFFBP07EA,22,181.99,住家用,鋼筋混凝土造,82年11月24日,三層,一層 二層 三層 陽台 電梯樓梯間
RPRNMLQKQHLFFAP96DA,1,66.91,集合住宅,鋼筋混凝土造,104年5月12日,五層,五層 陽台
RPRNMLQKQHLFFAP96DA,1,16.57,騎樓，門廳，停車空間，門廊，蓄水池，受電室，水箱，機械室，樓梯間,鋼筋混凝土造,104年5月12日,五層,
RPRNMLQKQHLFFAP96DA,1,10.16,共用部分：樓梯間,鋼筋混凝土造,104年5月12日,五層,
RPQNMLNJNHLFFBP78CA,35,106.42,住家用,加強磚造,70年3月24日,二層,一層 二層 騎樓 電梯樓梯間
RPTNMLSJOHLFFDP27CA,,83.51,住家用,鋼筋混凝土造,104年11月13日,三層,一層 二層 三層 陽台
RPTNMLSJOHLFFDP27CA,,83.51,住家用,鋼筋混凝土造,104年11月13日,三層,一層 二層 三層 陽台
RPPNMLTLMHLFFDP96CA,7,185.81,住宅、水箱,鋼筋混凝土造,98年2月13日,三層,一層 二層 三層 陽台 見其他登記事項
RPROMLTJNHLFFDP17CA,33,140.84,住家用,加強磚造,72年8月22日,二層,一層 二層 陽台 電梯樓梯間
RPQNMLNKNHLFFDP09CA,,169.76,住家用,鋼筋混凝土造,104年11月13日,三層,一層 二層 三層 陽台
RPQNMLLJPHLFFDP98CA,,162.06,住家用,鋼筋混凝土造,104年11月16日,三層,一層 二層 三層 陽台
RPQNMLMJNHLFFAP68DA,21,29.47,辦公室,鋼筋混凝土造,84年5月13日,十三層,四層 花台
RPQNMLMJNHLFFAP68DA,21,5.23,共有部份,鋼筋混凝土造,84年5月13日,十三層,
RPQNMLMJNHLFFAP68DA,21,4.73,共有部份,鋼筋混凝土造,84年5月13日,十三層,
RPQNMLSLMHLFFFP17CA,33,65.34,住家用,加強磚造,72年1月14日,二層,一層 二層
RPSNMLNJNHLFFFP76CA,18,26.42,住家用,鋼筋混凝土造,87年3月18日,八層,六層 陽台
RPSNMLNJNHLFFFP76CA,18,3.30,共有部份,鋼筋混凝土造,87年3月18日,八層,
RPSNMLNJNHLFFFP76CA,18,8.04,共有部份,鋼筋混凝土造,87年3月18日,八層,
SPQNMLSLMHLFFFP27CA,33,65.34,住家用,加強磚造,72年1月14日,二層,一層 二層
RPTNMLTLMHLFFCP37DA,26,202.82,住家用,ＲＣ構架造,78年8月28日,二層,一層 二層 電梯樓梯間 夾層
RPTNMLTLMHLFFAP17DA,,183.87,住宅、樓梯間,鋼筋混凝土造,104年11月30日,三層,一層 二層 三層 見其他登記事項 見其他登記事項
RPTNMLSLMHLFFDP27CA,23,295.05,住商用,鋼筋混凝土造,82年7月7日,四層,一層 二層 三層 四層 陽台 騎樓 電梯樓梯間
RPSNMLTJNHLFFEP27CA,5,672.19,住家用,鋼筋混凝土造,100年8月25日,四層,一層 二層 三層 四層 陽台
RPPNMLTLMHLFFEP07CA,21,183.43,住家用,鋼筋混凝土造,84年9月19日,四層,一層 二層 三層 四層 陽台
RPVNMLTLMHLFFCP47CA,1,218.96,住宅，樓梯間,鋼筋混凝土造,104年5月4日,三層,一層 二層 三層 陽台 見其他登記事項
RPPNMLTLMHLFFAP66CA,2,56.51,住家用,鋼筋混凝土造,103年9月4日,四層,一層 陽台
RPPNMLTLMHLFFAP66CA,2,5.50,本共有部分之項目有電梯、樓梯、管委會門廊、梯廳、外廊、機房,鋼筋混凝土造,103年9月4日,四層,
RPWNMLTLMHLFFCP57CA,1,218.96,住宅，樓梯間,鋼筋混凝土造,104年5月4日,三層,一層 二層 三層 陽台 見其他登記事項
RPUNMLTKNHLFFFP67CA,1,176.06,住宅,鋼筋混凝土造,104年10月16日,三層,一層 二層 三層 見其他登記事項
RPUNMLTLMHLFFAP17CA,23,188.38,住家用,鋼筋混凝土造,82年7月17日,三層,一層 二層 三層 陽台 電梯樓梯間
RPVNMLTLMHLFFAP27CA,21,193.58,住家用,鋼筋混凝土造,84年7月18日,四層,一層 二層 三層 四層 陽台 平台
RPPNMLQJNHLFFFP76CA,18,31.51,住家用,鋼筋混凝土造,87年3月18日,八層,三層 陽台
RPPNMLQJNHLFFFP76CA,18,4.02,共有部份,鋼筋混凝土造,87年3月18日,八層,
RPPNMLQJNHLFFFP76CA,18,9.78,共有部份,鋼筋混凝土造,87年3月18日,八層,
RPVOMLMJNHLFFAP56CA,21,29.94,共有部份,鋼筋混凝土造,84年3月30日,十五層,
RPTNMLNJNHLFFAP98CA,24,138.12,住家用,鋼筋混凝土造,81年2月15日,三層,一層 二層 三層
RPUNMLNJNHLFFAP66EA,24,198.75,廠房、宿舍,鋼筋混凝土造,81年2月1日,三層,一層 二層 三層
RPXNMLMJNHLFFAP66CA,5,259.08,運動休閒設施、運動休閒館,鋼筋混凝土造,100年8月1日,四層,一層 二層 三層 四層 陽台 雨遮
RPROMLMJNHLFFAP78CA,18,221.22,住家用,鋼筋混凝土造,86年12月28日,四層,一層 二層 三層 四層 陽台
RPUNMLPJNHLFFBP76CA,23,104.83,住家用,鋼筋混凝土造,82年5月30日,六層,四層 陽台
RPUNMLPJNHLFFBP76CA,23,14.66,共有部份,鋼筋混凝土造,82年5月30日,六層,
RPUNMLPJNHLFFBP76CA,23,13.28,共有部份,鋼筋混凝土造,82年5月30日,六層,
RPRNMLNLNHLFFBP09CA,2,225.01,住宅、樓梯間,鋼筋混凝土造,102年12月25日,三層,一層 二層 三層 陽台 見其他登記事項
RPQNMLNJNHLFFEP09CA,21,129.26,住家用,鋼筋混凝土造,84年5月26日,十二層,十一層 陽台
RPQNMLNJNHLFFEP09CA,21,2.89,共有部份,鋼筋混凝土造,84年5月26日,,
RPQNMLNJNHLFFEP09CA,21,27.54,共有部份,鋼筋混凝土造,84年5月26日,十二層,
RPQNMLNJNHLFFEP09CA,21,5.89,共有部份,鋼筋混凝土造,84年5月26日,,
RPVNMLKLNHLFFDP76CA,3,191.75,住家用,鋼筋混凝土造,101年10月9日,三層,一層 二層 三層 見其他登記事項
RPVNMLPLNHLFFDP37DA,28,197.31,住家用,加強磚造,77年4月20日,二層,一層 二層 陽台
RPRNMLLMNHLFFCP09CA,20,221.46,商業用,鋼筋混凝土造,85年2月15日,十層,三層 花台 見其他登記事項
RPRNMLLMNHLFFCP09CA,20,89.36,共有部份,鋼筋混凝土造,85年2月15日,十層,
RPRNMLLMNHLFFCP09CA,20,36.69,共有部份,鋼筋混凝土造,85年2月15日,十層,
RPRNMLLMNHLFFCP09CA,20,81.54,共有部份,鋼筋混凝土造,85年2月15日,十層,
RPRNMLLMNHLFFCP09CA,20,16.40,共有部份,鋼筋混凝土造,85年2月15日,十層,
RPRNMLLMNHLFFCP09CA,20,172.23,商業用,鋼筋混凝土造,85年2月15日,十層,三層
RPRNMLLMNHLFFCP09CA,20,212.22,商業用,鋼筋混凝土造,85年2月15日,十層,三層 花台
RPPOMLNLNHLFFAP88CA,15,192.47,住家用,鋼筋混凝土造,90年1月4日,三層,一層 二層 三層 陽台 平台 電梯樓梯間 雨遮
RPVNMLNLNHLFFAP76CA,37,35.76,住家用,加強磚造,68年7月1日,二層,一層 二層
RPWNMLNLNHLFFAP86CA,37,82.77,住家用,鋼筋混凝土造,68年8月15日,二層,一層 二層 陽台
RPVNMLPLNHLFFAP17EA,21,96.84,住家用,鋼筋混凝土造,84年3月30日,十三層,十三層 陽台
RPVNMLPLNHLFFAP17EA,21,15.56,共有部份,鋼筋混凝土造,84年3月30日,十二層,
RPVNMLPLNHLFFAP17EA,21,29.94,共有部份,鋼筋混凝土造,84年3月30日,十五層,
