﻿鄉鎮市區,交易標的,土地位置建物門牌,土地面積平方公尺,都市土地使用分區,非都市土地使用分區,非都市土地使用編定,租賃年月日,租賃筆棟數,租賃層次,總樓層數,建物型態,主要用途,主要建材,建築完成年月,建物總面積平方公尺,建物現況格局-房,建物現況格局-廳,建物現況格局-衛,建物現況格局-隔間,有無管理組織,有無附傢俱,總額元,單價元平方公尺,車位類別,車位面積平方公尺,車位總額元,備註,編號
The villages and towns urban district,transaction sign,land sector position building sector house number plate,land shifting total area square meter,the use zoning or compiles and checks,the non-metropolis land use district,non-metropolis land use,transaction year month and day,transaction pen number,shifting level,total floor number,building state,main use,main building materials,construction to complete the years,building shifting total area,Building present situation pattern - room,building present situation pattern - hall,building present situation pattern - health,building present situation pattern - compartmented,Whether there is manages the organization,Whether there is attaches the furniture,total price NTD,the unit price (NTD / square meter),the berth category,berth shifting total area square meter,the berth total price NTD,the note,serial number
中埔鄉,房地(土地+建物),嘉義縣中埔鄉武德街61巷42弄14號,81.01,住,,,1040108,土地1建物1車位0,全,2,透天厝,住商用,鋼筋混凝土加強磚造,0680929,93.93,3,2,2,有,無,無,7500,80,,0.0,0,,RPUNMLOJKHLFFDQ86CC
番路鄉,房地(土地+建物),嘉義縣番路鄉江西村6鄰平煙31號6樓2,17.17,住,,,1050204,土地2建物1車位0,六層,18,住宅大樓(11層含以上有電梯),住家用,鋼筋混凝土造,0820401,144.91,4,2,2,有,有,有,9000,62,,0.0,0,,RPPNMLMLKHLFFEQ09CC
朴子市,房地(土地+建物),嘉義縣朴子市朴子五路69號,114.37,住,,,1050301,土地1建物1車位0,全,4,透天厝,住商用,鋼筋混凝土造,0931008,198.7,5,3,4,有,無,有,10000,50,,0.0,0,,RPRNMLTJLHLFFBQ96CC
朴子市,房地(土地+建物),嘉義縣朴子市仁和二路139號8樓29,7.6,住,,,1050301,土地1建物1車位0,八層,8,套房(1房1廳1衛),住家用,鋼筋混凝土造,0950828,31.07,1,0,1,有,有,有,2500,80,,0.0,0,,RPRNMLLKLHLFFBQ88CC
太保市,房地(土地+建物),嘉義縣太保巿公園南街12號,113.59,住,,,1050316,土地1建物1車位0,全,3,透天厝,見其他登記事項,鋼筋混凝土造,0911115,175.7,5,2,3,有,無,有,8000,46,,0.0,0,,RPRNMLRKLHLFFDQ07CC
朴子市,房地(土地+建物),嘉義縣朴子市大?榔920號,67.75,,鄉村區,乙種建築用地,1050401,土地1建物1車位0,全,4,透天厝,住商用,鋼筋混凝土造,0860403,148.71,5,2,4,有,無,無,15500,104,,0.0,0,,RPSNMLRJMHLFFBQ96CC
太保市,房地(土地+建物),嘉義縣太保巿健康路165號,137.64,住,,,1050410,土地1建物1車位0,見其他登記事項,3,店面(店鋪),見其他登記事項,鋼筋混凝土造,0950718,185.85,3,2,4,有,有,有,25000,135,,0.0,0,,RPRNMLSKMHLFFDQ27CC
