﻿鄉鎮市區,交易標的,土地位置建物門牌,土地面積平方公尺,都市土地使用分區,非都市土地使用分區,非都市土地使用編定,租賃年月日,租賃筆棟數,租賃層次,總樓層數,建物型態,主要用途,主要建材,建築完成年月,建物總面積平方公尺,建物現況格局-房,建物現況格局-廳,建物現況格局-衛,建物現況格局-隔間,有無管理組織,有無附傢俱,總額元,單價元平方公尺,車位類別,車位面積平方公尺,車位總額元,備註,編號
The villages and towns urban district,transaction sign,land sector position building sector house number plate,land shifting total area square meter,the use zoning or compiles and checks,the non-metropolis land use district,non-metropolis land use,transaction year month and day,transaction pen number,shifting level,total floor number,building state,main use,main building materials,construction to complete the years,building shifting total area,Building present situation pattern - room,building present situation pattern - hall,building present situation pattern - health,building present situation pattern - compartmented,Whether there is manages the organization,Whether there is attaches the furniture,total price NTD,the unit price (NTD / square meter),the berth category,berth shifting total area square meter,the berth total price NTD,the note,serial number
花蓮市,房地(土地+建物),花蓮縣花蓮巿東興二街28巷73號,16.7,住,,,1050105,土地1建物1車位0,全,3,透天厝,住家用,鋼筋混凝土造,1000607,26.45,1,0,1,有,無,有,7000,265,,0.0,0,,RPWOMLLJKHLFFAU96CC
花蓮市,土地,民享段412地號,298.0,商,,,1050124,土地4建物0車位0,,,其他,,,,0.0,0,0,0,有,無,無,25000,84,,0.0,0,,RPOPMLOJKHLFFAU56CC
花蓮市,房地(土地+建物),花蓮縣花蓮巿林森路289號2樓-1,14.9,住,,,1050203,土地3建物1車位0,二層,12,住宅大樓(11層含以上有電梯),見其他登記事項,鋼筋混凝土造,1000121,107.66999999999999,2,1,1,有,無,有,17000,158,,0.0,0,,RPVNMLPKKHLFFAU27CC
花蓮市,房地(土地+建物),花蓮縣花蓮巿大同街19號,89.0,商,,,1050215,土地1建物1車位0,見其他登記事項,5,店面(店鋪),住商用,鋼筋混凝土造,0870123,313.04,5,3,5,有,無,無,32000,102,,0.0,0,,RPPNMLQKKHLFFAU76CC
花蓮市,房地(土地+建物),花蓮縣花蓮巿富裕十一街11號,96.0,其他,,,1050219,土地1建物1車位0,全,2,透天厝,商業用,鋼筋混凝土造,0740620,101.78,4,2,3,有,無,無,15000,147,,0.0,0,,RPPNMLNLKHLFFAU56CC
花蓮市,房地(土地+建物),花蓮縣花蓮巿化道路131巷28號,72.0,住,,,1050224,土地1建物1車位0,全,2,透天厝,住家用,鋼筋混凝土加強磚造,0650216,83.1,3,2,2,有,無,有,9500,114,,0.0,0,,RPSNMLPLKHLFFAU07CC
花蓮市,房地(土地+建物),花蓮縣花蓮巿民德四街2-19號,28.45,住,,,1050217,土地1建物1車位0,一層,12,住宅大樓(11層含以上有電梯),住家用,見其他登記事項,0920221,147.93,3,1,3,有,有,有,14000,95,,0.0,0,共租二層包含一樓二樓,RPROMLQLKHLFFAU17CC
花蓮市,房地(土地+建物),花蓮縣花蓮巿民德四街2-16號,27.91,住,,,1050201,土地1建物1車位0,一層,12,住宅大樓(11層含以上有電梯),住家用,見其他登記事項,0920221,145.22,3,1,3,有,有,有,16000,110,,0.0,0,共租二層包含一樓二樓,RPSOMLQLKHLFFAU27CC
花蓮市,房地(土地+建物),花蓮縣花蓮巿光復街128號三樓,38.2,商,,,1050131,土地4建物1車位0,三層,5,華廈(10層含以下有電梯),住家用,鋼筋混凝土造,0800621,138.54,3,2,2,有,無,無,11000,79,,0.0,0,,RPQNMLRLKHLFFAU07CC
花蓮市,房地(土地+建物),花蓮縣花蓮巿富國路1號,142.0,住,,,1050301,土地1建物1車位0,見其他登記事項,4,店面(店鋪),住商用,鋼筋混凝土造,0950103,330.53,4,3,5,有,無,無,40000,121,,0.0,0,,RPPNMLMJLHLFFAU98CC
花蓮市,房地(土地+建物),花蓮縣花蓮巿北昌三街18巷20號三樓之5,11.25,商,,,1050219,土地1建物1車位0,三層,5,華廈(10層含以下有電梯),住家用,鋼筋混凝土造,0870414,58.01,2,1,1,有,有,有,9500,164,,0.0,0,,RPRNMLMJLHLFFAU56CC
花蓮市,房地(土地+建物),花蓮縣花蓮巿北昌三街18巷20號三樓之五,11.25,商,,,1050131,土地1建物1車位0,三層,5,華廈(10層含以下有電梯),住家用,鋼筋混凝土造,0870414,58.01,2,1,1,有,有,有,10000,172,,0.0,0,,RPSNMLMJLHLFFAU66CC
花蓮市,房地(土地+建物),花蓮縣花蓮巿公正街37號二樓之二十六,3.84,商,,,1050204,土地1建物1車位0,二層,12,辦公商業大樓,商業用,鋼筋混凝土造,0830630,34.900000000000006,0,0,0,無,有,無,4000,115,,0.0,0,,RPTNMLNJLHLFFAU86CC
花蓮市,房地(土地+建物),花蓮縣花蓮巿公正街37號二樓之十一,3.59,商,,,1050220,土地1建物1車位0,二層,12,辦公商業大樓,商業用,鋼筋混凝土造,0830630,32.540000000000006,0,0,0,無,有,無,3000,92,,0.0,0,,RPVNMLNJLHLFFAU07CC
花蓮市,房地(土地+建物),花蓮縣花蓮巿軒轅路2號八樓2號,2.53,商,,,1050222,土地1建物1車位0,八層,9,套房(1房1廳1衛),住家用,鋼筋混凝土造,0750531,22.75,1,0,1,有,有,有,3800,167,,0.0,0,,RPWNMLNJLHLFFAU17CC
吉安鄉,房地(土地+建物),花蓮縣花蓮巿稻香路35巷2號四樓之一,28.6,商,,,1050218,土地2建物1車位0,四層,5,華廈(10層含以下有電梯),住家用,鋼筋混凝土造,0830516,93.91,2,1,2,有,有,有,7500,80,,0.0,0,,RPRNMLOJLHLFFAU76CC
花蓮市,房地(土地+建物),花蓮縣花蓮巿中華路317巷2-3號,241.0,住,,,1050220,土地1建物1車位0,一層,4,店面(店鋪),見其他登記事項,鋼筋混凝土造,0971111,162.99,0,0,0,無,無,無,10000,61,,0.0,0,,RPWNMLOJLHLFFAU37DC
花蓮市,房地(土地+建物),花蓮縣花蓮巿國盛六街41號6樓之9,8.54,住,,,1050301,土地2建物1車位0,六層,6,華廈(10層含以下有電梯),住家用,鋼筋混凝土造,0851104,35.120000000000005,1,0,1,有,有,有,6000,171,,0.0,0,,RPVNMLRJLHLFFAU47CC
花蓮市,房地(土地+建物),花蓮縣花蓮巿北昌三街18巷10-1號5F,17.0,商,,,1050219,土地1建物1車位0,五層,5,華廈(10層含以下有電梯),住家用,鋼筋混凝土造,0840518,62.21,2,1,1,有,無,有,10000,161,,0.0,0,,RPXNMLTJLHLFFAU87CC
花蓮市,房地(土地+建物),花蓮縣花蓮巿睦和街41巷2號,88.0,住,,,1050222,土地1建物1車位0,全,2,透天厝,住家用,鋼筋混凝土加強磚造,0621013,92.44,3,2,2,有,無,無,13000,141,,0.0,0,,RPQOMLTJLHLFFAU27CC
吉安鄉,房地(土地+建物),花蓮縣吉安鄉自強路215號,118.92,住,,,1050303,土地1建物1車位0,見其他登記事項,2,店面(店鋪),住工用,鋼筋混凝土造,0771022,150.5,3,2,3,有,無,有,28000,186,,0.0,0,,RPSPMLKKLHLFFAU76CC
吉安鄉,房地(土地+建物),花蓮縣吉安鄉吉昌一街１８９巷３６號,99.97,住,,,1050214,土地2建物1車位0,全,2,透天厝,住商用,鋼筋混凝土造,0821102,136.09,2,2,2,有,無,無,11000,81,,0.0,0,,RPXNMLKKLHLFFAU27EC
花蓮市,房地(土地+建物),花蓮縣花蓮巿國盛四街51號七樓之二十三,17.02,住,,,1050312,土地1建物1車位0,七層,8,套房(1房1廳1衛),住家用,鋼筋混凝土造,0830811,44.79,1,0,1,有,有,有,5000,112,,0.0,0,,RPRNMLPKLHLFFAU96CC
吉安鄉,房地(土地+建物),花蓮縣吉安鄉吉昌三街２６６巷９弄１５號,102.0,住,,,1050316,土地1建物1車位0,全,4,透天厝,住家用,鋼筋混凝土造,0860225,220.39,4,2,5,有,無,無,16000,73,,0.0,0,,RPQOMLMLLHLFFAU96EC
花蓮市,房地(土地+建物),花蓮縣花蓮巿明智街108之1號,155.0,住,,,1050317,土地1建物1車位0,全,3,透天厝,住家用,鋼筋混凝土造,0910808,261.22,5,2,5,有,無,有,40000,153,,0.0,0,,RPUNMLNLLHLFFAU17CC
吉安鄉,房地(土地+建物),花蓮縣吉安鄉東里一街32號二樓之五,16.95,商,,,1050305,土地2建物1車位0,二層,6,華廈(10層含以下有電梯),住家用,鋼筋混凝土造,0890509,106.97999999999999,3,2,1,有,無,有,10000,93,,0.0,0,租金含管理費,RPWNMLNLLHLFFAU37CC
花蓮市,房地(土地+建物),花蓮縣花蓮巿中美路93巷12號3樓之五,10.22,商,,,1050307,土地1建物1車位0,三層,7,華廈(10層含以下有電梯),住家用,鋼筋混凝土造,0820109,122.77000000000001,3,1,2,有,有,有,13000,106,,0.0,0,,RPTOMLPLLHLFFAU37CC
花蓮市,房地(土地+建物),花蓮縣花蓮巿三民街64之2號三樓,37.87,住,,,1050308,土地2建物1車位0,三層,4,公寓(5樓含以下無電梯),住家用,鋼筋混凝土造,0740703,105.94,3,2,2,有,無,有,11000,104,,0.0,0,,RPVOMLPLLHLFFAU57CC
吉安鄉,房地(土地+建物),花蓮縣吉安鄉東海十一街39號,87.0,住,,,1050314,土地1建物1車位0,全,2,透天厝,住商用,鋼筋混凝土加強磚造,0680414,109.93,3,2,2,有,無,有,13000,118,,0.0,0,,RPXOMLPLLHLFFAU77CC
花蓮市,房地(土地+建物),花蓮縣花蓮巿華廈街38號5樓之3,17.45,住,,,1050325,土地1建物1車位0,八層,9,華廈(10層含以下有電梯),住家用,鋼筋混凝土造,0860827,137.53,3,2,2,有,有,有,16320,119,,0.0,0,共2層8、9樓,RPTNMLSLLHLFFAU57CC
花蓮市,房地(土地+建物),花蓮縣花蓮巿國盛七街29號,123.5,住,,,1050309,土地2建物1車位0,全,2,透天厝,住商用,鋼筋混凝土加強磚造,0721227,112.04,5,2,3,有,無,有,20000,179,,0.0,0,,RPUNMLSLLHLFFAU67CC
花蓮市,房地(土地+建物),花蓮縣花蓮巿公正街37號二樓之四十三,1.29,商,,,1050301,土地1建物1車位0,二層,12,辦公商業大樓,商業用,鋼筋混凝土造,0830630,12.92,0,0,0,無,有,無,2000,155,,0.0,0,,RPVNMLSLLHLFFAU77CC
壽豐鄉,房地(土地+建物),花蓮縣壽豐鄉豐裡村文化街5-6號,3870.45,,一般農業區,農牧用地,1050327,土地3建物1車位0,見其他登記事項,1,農舍,農舍,鋼筋混凝土造,0951215,349.24,8,3,10,有,無,無,50000,,,0.0,0,,RPRNMLLMLHLFFAU86DC
花蓮市,房地(土地+建物),花蓮縣花蓮巿節約街8-1號,95.0,商,,,1050328,土地1建物1車位0,全,4,透天厝,住家用,鋼筋混凝土造,1030909,303.11,3,4,3,有,無,有,30000,99,,0.0,0,,RPTNMLRJMHLFFAU47DC
花蓮市,房地(土地+建物),花蓮縣花蓮巿中山路680號,36.0,住,,,1050406,土地1建物1車位0,一層,3,店面(店鋪),住商用,鋼筋混凝土造,0760805,92.45,0,0,0,無,無,無,15000,162,,0.0,0,包括地下室,RPQNMLRJMHLFFAU07CC
吉安鄉,房地(土地+建物),花蓮縣吉安鄉慶豐九街271巷9號,47.0,住,,,1050330,土地1建物1車位0,全,2,透天厝,住家用,鋼筋混凝土加強磚造,0660101,85.99,3,2,2,有,無,有,8000,93,,0.0,0,,RPUNMLMKMHLFFAU07CC
花蓮市,房地(土地+建物),花蓮縣花蓮巿中正路315巷2號,133.0,商,,,1050322,土地1建物1車位0,全,2,透天厝,住家用,鋼筋混凝土加強磚造,0611102,118.32,3,2,2,有,無,有,18000,152,,0.0,0,,RPRNMLNKMHLFFAU86CC
花蓮市,房地(土地+建物),花蓮縣花蓮巿富國路6之2號,12.4,住,,,1050331,土地1建物1車位0,二層,5,套房(1房1廳1衛),住家用,鋼筋混凝土造,0820724,40.0,1,0,1,有,無,有,5000,125,,0.0,0,僅承租二樓一間套房,RPTNMLOKMHLFFAU27DC
花蓮市,房地(土地+建物),花蓮縣花蓮巿國富十街１９１號六樓之二,14.74,住,,,1050328,土地1建物1車位0,六層,7,華廈(10層含以下有電梯),住家用,鋼筋混凝土造,0850716,99.37,3,1,1,有,無,有,12000,121,,0.0,0,,RPRNMLOKMHLFFAU17EC
吉安鄉,房地(土地+建物),花蓮縣吉安鄉南海四街209巷15號,73.0,,鄉村區,乙種建築用地,1050320,土地1建物1車位0,全,1,透天厝,住家用,鋼筋混凝土加強磚造,0660524,52.65,3,1,1,有,無,有,7000,133,,0.0,0,,RPSNMLOKMHLFFAU27EC
吉安鄉,房地(土地+建物),花蓮縣吉安鄉南山五街20巷24號,85.0,住,,,1050316,土地1建物1車位0,見其他登記事項,4,店面(店鋪),住商用,鋼筋混凝土造,0781030,226.83,2,2,4,有,無,無,13000,57,,0.0,0,,RPRNMLPKMHLFFAU07CC
花蓮市,房地(土地+建物),花蓮縣花蓮巿國風街21巷6號,63.0,商,,,1050323,土地1建物1車位0,全,2,透天厝,住家用,鋼筋混凝土造,0650813,97.73,3,2,2,有,無,有,10000,102,,0.0,0,,RPTNMLPKMHLFFAU27CC
花蓮市,房地(土地+建物),花蓮縣花蓮巿南京街191號五樓之十八,4.29,商,,,1050326,土地1建物1車位0,五層,7,套房(1房1廳1衛),住家用,鋼筋混凝土造,0761117,30.22,1,0,1,有,有,有,5500,182,,0.0,0,,RPVNMLPKMHLFFAU47CC
花蓮市,房地(土地+建物),花蓮縣花蓮巿富安路106號六樓之八,5.94,商,,,1050328,土地1建物1車位0,六層,7,套房(1房1廳1衛),住家用,鋼筋混凝土造,0840825,42.480000000000004,1,0,1,有,有,有,6000,141,,0.0,0,,RPWNMLPKMHLFFAU57CC
花蓮市,房地(土地+建物),花蓮縣花蓮巿公正街37號二樓之二十五,4.09,商,,,1050328,土地1建物1車位0,二層,12,辦公商業大樓,商業用,鋼筋混凝土造,0830630,36.72,0,0,0,無,有,無,4000,109,,0.0,0,,RPXNMLPKMHLFFAU67CC
花蓮市,房地(土地+建物),花蓮縣花蓮巿德安一街193號,77.0,住,,,1050414,土地1建物1車位0,見其他登記事項,2,店面(店鋪),住商用,鋼筋混凝土加強磚造,0680911,103.92,0,0,0,無,無,無,15000,144,,0.0,0,,RPSNMLSKMHLFFAU57DC
吉安鄉,房地(土地+建物),花蓮縣吉安鄉文化五街59號3樓,44.13,住,,,1050413,土地1建物1車位0,三層,6,華廈(10層含以下有電梯),住家用,鋼筋混凝土造,0821215,127.16,4,2,2,有,有,有,10000,79,,0.0,0,,RPUNMLTKMHLFFAU77CC
花蓮市,房地(土地+建物),花蓮縣花蓮巿中山路178號,122.0,商,,,1050407,土地2建物1車位0,見其他登記事項,4,店面(店鋪),住商用,鋼筋混凝土造,0600409,478.4,0,0,0,無,無,無,250000,523,,0.0,0,,RPQOMLKLMHLFFAU66CC
花蓮市,房地(土地+建物),花蓮縣花蓮巿國民八街65號5樓之5,9.44,住,,,1050417,土地1建物1車位0,五層,6,華廈(10層含以下有電梯),住家用,鋼筋混凝土造,0781104,39.86,1,1,1,有,有,有,7500,188,,0.0,0,,RPUNMLMLMHLFFAU17CC
花蓮市,房地(土地+建物),花蓮縣花蓮巿光復街83號8樓1號,12.02,商,,,1050414,土地4建物1車位0,八層,9,華廈(10層含以下有電梯),商業用,鋼筋混凝土造,0760504,132.25,3,2,2,有,無,有,10000,76,,0.0,0,,RPQOMLMLMHLFFAU86CC
花蓮市,房地(土地+建物),花蓮縣花蓮巿國盛四街51號八樓之六,8.51,住,,,1050420,土地1建物1車位0,八層,8,套房(1房1廳1衛),住家用,鋼筋混凝土造,0830811,56.769999999999996,1,0,1,有,有,有,6500,114,,0.0,0,,RPOOMLNLMHLFFAU76CC
花蓮市,房地(土地+建物),花蓮縣花蓮巿富陽路22號,143.0,商,,,1050422,土地1建物1車位0,見其他登記事項,2,店面(店鋪),住家用,鋼筋混凝土造,0760831,241.51,0,0,0,無,無,無,20000,83,,0.0,0,,RPOOMLPLMHLFFAU96CC
花蓮市,房地(土地+建物),花蓮縣花蓮巿中興路43巷3號十樓之二,18.55,住,,,1050425,土地1建物1車位0,十層,12,住宅大樓(11層含以上有電梯),住家用,鋼筋混凝土造,0850205,98.56,2,2,2,有,有,有,12000,122,,0.0,0,,RPRNMLSLMHLFFAU47CC
