﻿編號,土地位置,土地移轉面積(平方公尺),使用分區或編定,權利人持分分母,權利人持分分子,移轉情形,地號
The serial number, land position,land shifting area square meter,the use zoning or compiles and checks,,,,land parcel
RPTNMLMJKHLFFAW66CA,煙墩段,3.17,都市：其他:自然村專用區,14,1,持分移轉,09710000
RPTNMLMJKHLFFAW66CA,煙墩段,66.60,都市：其他:自然村專用區,1,1,全筆移轉,09710009
RPTNMLMJKHLFFAW66CA,煙墩段,18.11,都市：其他:自然村專用區,14,1,持分移轉,09710013
RPTNMLMJKHLFFAW66CA,煙墩段,15.39,都市：其他:自然村專用區,8,1,持分移轉,09710014
RPTNMLMJKHLFFAW66CA,煙墩段,.15,都市：其他:自然村專用區,14,1,持分移轉,09710001
RPTNMLMJKHLFFAW66CA,煙墩段,3.28,都市：其他:自然村專用區,8,1,持分移轉,09710019
RPPNMLMJKHLFFAW88CA,北堤段,56.95,都市：其他:道路用地,1,1,全筆移轉,02030001
RPPNMLMJKHLFFAW88CA,鳳翔段,175.20,都市：其他:道路用地,1,1,全筆移轉,01930003
RPWNMLMJKHLFFAW96CA,煙墩段,3.17,都市：其他:自然村專用區,14,1,持分移轉,09710000
RPWNMLMJKHLFFAW96CA,煙墩段,66.60,都市：其他:自然村專用區,1,1,全筆移轉,09710010
RPWNMLMJKHLFFAW96CA,煙墩段,18.11,都市：其他:自然村專用區,14,1,持分移轉,09710013
RPWNMLMJKHLFFAW96CA,煙墩段,15.39,都市：其他:自然村專用區,8,1,持分移轉,09710014
RPWNMLMJKHLFFAW96CA,煙墩段,.15,都市：其他:自然村專用區,14,1,持分移轉,09710001
RPWNMLMJKHLFFAW96CA,煙墩段,3.28,都市：其他:自然村專用區,8,1,持分移轉,09710019
RPUNMLNJKHLFFAW86CA,寧安二劃段,1000.00,都市：農,1,1,全筆移轉,01580000
RPRNMLOJKHLFFAW66CA,煙墩段,3.17,都市：其他:自然村專用區,14,1,持分移轉,09710000
RPRNMLOJKHLFFAW66CA,煙墩段,38.63,都市：其他:自然村專用區,6,1,持分移轉,09710012
RPRNMLOJKHLFFAW66CA,煙墩段,18.11,都市：其他:自然村專用區,14,1,持分移轉,09710013
RPRNMLOJKHLFFAW66CA,煙墩段,.15,都市：其他:自然村專用區,14,1,持分移轉,09710001
RPQNMLOJKHLFFAW56CA,多年段,602.69,都市：農,1,1,全筆移轉,07100000
RPSNMLNJKHLFFAW76DA,寧古劃段,505.00,都市：其他:國家公園,1,1,全筆移轉,07400000
RPRNMLNJKHLFFAW66DA,寧湖二劃測段,360.51,都市：農,1,1,全筆移轉,07310000
RPQNMLRKKHLFFAW96CA,夏興段,15.67,都市：其他:自然村專用地,3,1,持分移轉,11710000
RPRNMLRKKHLFFAW07CA,夏興段,118.00,都市：其他:自然村專用地,3,1,持分移轉,11790000
RPTNMLOJKHLFFAW86CA,煙墩段,3.17,都市：其他:自然村專用區,14,1,持分移轉,09710000
RPTNMLOJKHLFFAW86CA,煙墩段,38.63,都市：其他:自然村專用區,6,1,持分移轉,09710012
RPTNMLOJKHLFFAW86CA,煙墩段,18.11,都市：其他:目然村專用區,14,1,持分移轉,09710013
RPTNMLOJKHLFFAW86CA,煙墩段,.15,都市：其他:自然村專用區,14,1,持分移轉,09710001
RPSNMLOJKHLFFAW76CA,煙墩段,3.17,都市：其他:自然村專用區,14,1,持分移轉,09710000
RPSNMLOJKHLFFAW76CA,煙墩段,38.63,都市：其他:自然村專用區,6,1,持分移轉,09710012
RPSNMLOJKHLFFAW76CA,煙墩段,18.11,都市：其他:自然村專用區,14,1,持分移轉,09710013
RPSNMLOJKHLFFAW76CA,煙墩段,.15,都市：其他:自然村專用區,14,1,持分移轉,09710001
RPOOMLOJKHLFFAW09CA,后盤村段,57.00,都市：其他:自然村專用區,3,1,持分移轉,00640000
RPXNMLOJKHLFFAW27CA,煙墩段,3.17,都市：其他:自然村專用區,14,1,持分移轉,09710000
RPXNMLOJKHLFFAW27CA,煙墩段,38.63,都市：其他:自然村專用區,6,1,持分移轉,09710012
RPXNMLOJKHLFFAW27CA,煙墩段,18.11,都市：其他:自然村專用區,14,1,持分移轉,09710013
RPXNMLOJKHLFFAW27CA,煙墩段,.15,都市：其他:自然村專用區,14,1,持分移轉,09710001
RPQOMLOJKHLFFAW66CA,太湖劃測段,2400.03,都市：農,1,1,全筆移轉,18080000
RPQOMLOJKHLFFAW66CA,太湖劃測段,2400.09,都市：農,1,1,全筆移轉,18090000
RPQOMLOJKHLFFAW66CA,太湖劃測段,2400.01,都市：農,1,1,全筆移轉,18180000
RPQOMLOJKHLFFAW66CA,太湖劃測段,2400.01,都市：農,1,1,全筆移轉,18190000
RPTNMLNJKHLFFAW76CA,東珩段,550.97,都市：農,1,1,全筆移轉,06760000
RPPOMLOJKHLFFAW56CA,太湖劃測段,2400.03,都市：農,1,1,全筆移轉,18060000
RPPOMLOJKHLFFAW56CA,太湖劃測段,2400.03,都市：農,1,1,全筆移轉,18070000
RPPOMLOJKHLFFAW56CA,太湖劃測段,2400.02,都市：農,1,1,全筆移轉,18200000
RPPOMLOJKHLFFAW56CA,太湖劃測段,2400.02,都市：農,1,1,全筆移轉,18210000
RPWOMLNJKHLFFAW17CA,煙墩段,3.17,都市：其他:自然村專用區,14,1,持分移轉,09710000
RPWOMLNJKHLFFAW17CA,煙墩段,66.60,都市：其他:自然村專用區,1,1,全筆移轉,09710011
RPWOMLNJKHLFFAW17CA,煙墩段,18.11,都市：其他:自然村專用區,14,1,持分移轉,09710013
RPWOMLNJKHLFFAW17CA,煙墩段,15.39,都市：其他:然村專用區,8,1,持分移轉,09710014
RPWOMLNJKHLFFAW17CA,煙墩段,.15,都市：其他:自然村專用區,14,1,持分移轉,09710001
RPWOMLNJKHLFFAW17CA,煙墩段,3.28,都市：其他:自然村專用區,8,1,持分移轉,09710019
RPSNMLPJKHLFFAW86CA,煙墩段,3.17,都市：其他:自然村專用區,14,1,持分移轉,09710000
RPSNMLPJKHLFFAW86CA,煙墩段,79.29,都市：其他:自然村專用區,1,1,全筆移轉,09710008
RPSNMLPJKHLFFAW86CA,煙墩段,18.11,都市：其他:自然村專用區,14,1,持分移轉,09710013
RPSNMLPJKHLFFAW86CA,煙墩段,15.39,都市：其他:自然村專用區,8,1,持分移轉,09710014
RPSNMLPJKHLFFAW86CA,煙墩段,.15,都市：其他:自然村專用區,14,1,持分移轉,09710001
RPSNMLPJKHLFFAW86CA,煙墩段,3.28,都市：其他:自然村專用區,8,1,持分移轉,09710019
RPPNMLRKKHLFFAW86CA,市港段,78.41,都市：住,100000,33784,持分移轉,00310000
RPPNMLQKKHLFFAW76CA,東坑村段,78.00,都市：其他:自然村,2,1,持分移轉,00080000
RPQNMLMLKHLFFAW56CA,東沙段,1116.82,都市：其他:國家公園區,1,1,全筆移轉,09540000
RPSNMLRKKHLFFAW17CA,夏興段,32.67,都市：其他:自然村專用地,3,1,持分移轉,11780001
RPRNMLMLKHLFFAW66CA,寧湖二劃測段,50.96,都市：其他:自然村專用區,1000,153,持分移轉,09460000
RPPNMLPJKHLFFAW56CA,金門城段,318.00,都市：其他:自然村專用區,1,1,全筆移轉,02680000
RPPNMLPJKHLFFAW56CA,金門城段,35.00,都市：其他:道路用地,1,1,全筆移轉,02680001
RPUNMLMLKHLFFAW96CA,煙墩段,3.17,都市：其他:自然村專用區,14,1,持分移轉,09710000
RPUNMLMLKHLFFAW96CA,煙墩段,18.11,都市：其他:自然村專用區,14,1,持分移轉,09710013
RPUNMLMLKHLFFAW96CA,煙墩段,15.39,都市：其他:自然村專用區,8,1,持分移轉,09710014
RPUNMLMLKHLFFAW96CA,煙墩段,75.67,都市：其他:自然村專用區,1,1,全筆移轉,09710018
RPUNMLMLKHLFFAW96CA,煙墩段,.15,都市：其他:自然村專用區,14,1,持分移轉,09710001
RPUNMLMLKHLFFAW96CA,煙墩段,3.28,都市：其他:自然村專用區,8,1,持分移轉,09710019
RPUNMLMLKHLFFAW96CA,煙墩段,14.89,都市：其他:自然村專用區,1,1,全筆移轉,09710023
RPPNMLMLKHLFFAW09CA,湖尾段,380.81,都市：農,1,1,全筆移轉,09950000
RPUNMLNLKHLFFAW07CA,,3.17,都市：其他:,14,1,持分移轉,09710000
RPUNMLNLKHLFFAW07CA,,18.11,都市：其他:,14,1,持分移轉,09710013
RPUNMLNLKHLFFAW07CA,,15.39,都市：其他:,8,1,持分移轉,09710014
RPUNMLNLKHLFFAW07CA,,57.40,都市：其他:,1,1,全筆移轉,09710017
RPUNMLNLKHLFFAW07CA,,.15,都市：其他:,14,1,持分移轉,09710001
RPUNMLNLKHLFFAW07CA,,3.28,都市：其他:,8,1,持分移轉,09710019
RPUNMLNLKHLFFAW07CA,,14.24,都市：其他:,1,1,全筆移轉,09710022
RPXNMLNLKHLFFAW37CA,,3.17,都市：其他:,14,1,持分移轉,09710000
RPXNMLNLKHLFFAW37CA,,18.11,都市：其他:,14,1,持分移轉,09710013
RPXNMLNLKHLFFAW37CA,,15.39,都市：其他:,8,1,持分移轉,09710014
RPXNMLNLKHLFFAW37CA,,49.90,都市：其他:,1,1,全筆移轉,09710015
RPXNMLNLKHLFFAW37CA,,.15,都市：其他:,14,1,持分移轉,09710001
RPXNMLNLKHLFFAW37CA,,3.28,都市：其他:,8,1,持分移轉,09710019
RPXNMLNLKHLFFAW37CA,,11.75,都市：其他:,1,1,全筆移轉,09710020
RPQNMLOLKHLFFAW76CA,,2405.86,都市：農,1,1,全筆移轉,01250000
RPQNMLQLKHLFFAW96CA,,180.14,都市：住,1,1,全筆移轉,04080000
RPRNMLOLKHLFFAW86CA,,42.39,都市：住,1000,174,持分移轉,05550000
RPQNMLPLKHLFFAW96DA,,485.01,都市：農,2,1,持分移轉,03620000
RPTNMLPLKHLFFAW27DA,,155.45,都市：農,4,1,持分移轉,04560000
RPTNMLPLKHLFFAW27DA,,199.00,都市：農,4,1,持分移轉,01020000
RPTNMLPLKHLFFAW27DA,,225.00,都市：農,4,1,持分移轉,02100000
RPTNMLPLKHLFFAW27DA,,121.26,都市：農,4,1,持分移轉,03600000
RPTNMLPLKHLFFAW27DA,,122.50,都市：農,4,1,持分移轉,07000000
RPTNMLPLKHLFFAW27DA,,80.03,都市：農,4,1,持分移轉,07880000
RPSNMLQLKHLFFAW17CA,,2.98,都市：住,100000,732,持分移轉,00990000
RPTNMLLJLHLFFAW66CA,,53.00,都市：住,1,1,全筆移轉,00340000
RPQNMLOJLHLFFAW66CA,庵前劃測段,281.01,都市：其他:保護區,1,1,全筆移轉,06820000
RPRNMLOJLHLFFAW76CA,庵前劃測段,392.70,都市：其他:保護區,1,1,全筆移轉,05200000
RPRNMLOJLHLFFAW76CA,庵前劃測段,240.41,都市：其他:保護區,1,1,全筆移轉,05220000
RPRNMLOJLHLFFAW76CA,庵前劃測段,1008.01,都市：其他:保護區,1,1,全筆移轉,06810000
RPSNMLOJLHLFFAW86CA,庵前劃測段,2158.04,都市：其他:保護區,1,1,全筆移轉,05230000
RPSNMLOJLHLFFAW86CA,庵前劃測段,1534.36,都市：其他:保護區,1,1,全筆移轉,06800000
RPSNMLOJLHLFFAW86CA,庵前劃測段,929.21,都市：其他:保護區,1,1,全筆移轉,06830000
RPSNMLOJLHLFFAW86CA,庵前劃測段,163.40,都市：其他:保護區,1,1,全筆移轉,06850000
RPQNMLNKLHLFFAW76DA,,800.00,都市：農,1,1,全筆移轉,03610000
RPPNMLOKLHLFFAW76DA,,800.02,都市：農,1,1,全筆移轉,03610001
RPPNMLOJLHLFFAW56CA,東洲段,997.72,都市：農,1,1,全筆移轉,07470000
RPPNMLRJLHLFFAW86CA,小西門劃測段,338.75,都市：農,1,1,全筆移轉,02160000
RPTNMLOJLHLFFAW96CA,寧北一劃段,288.11,都市：農,3,1,持分移轉,03610000
RPTNMLOJLHLFFAW96CA,寧北一劃段,38.20,都市：農,3,1,持分移轉,03610001
RPTNMLOJLHLFFAW96CA,寧北一劃段,163.16,都市：農,6,1,持分移轉,03650000
RPTNMLOJLHLFFAW96CA,寧古劃段,166.67,都市：農,3,1,持分移轉,03560000
RPTNMLOJLHLFFAW96CA,寧古劃段,166.67,都市：農,3,1,持分移轉,07100000
RPTNMLOJLHLFFAW96CA,寧古劃段,166.67,都市：農,3,1,持分移轉,07120000
RPTNMLOJLHLFFAW96CA,寧古劃段,166.67,都市：農,3,1,持分移轉,07660000
RPTNMLOJLHLFFAW96CA,寧古劃段,166.67,都市：農,3,1,持分移轉,07770000
RPPNMLSJLHLFFAW96CA,,296.00,都市：其他:,1,1,全筆移轉,03660000
RPPNMLMLLHLFFAW66DA,寧古劃段,500.00,都市：農,1,1,全筆移轉,04560000
RPUNMLTJLHLFFAW57CA,,36.33,都市：住,6,1,持分移轉,02980000
RPPNMLMKLHLFFAW09CA,青山段,68.76,都市：住,100000,8044,持分移轉,10340000
RPSNMLLKLHLFFAW66CA,青山段,69.37,都市：住,100000,8116,持分移轉,10340000
RPSNMLTJLHLFFAW37CA,,36.33,都市：住,6,1,持分移轉,02980000
RPQNMLMKLHLFFAW56CA,青山段,68.76,都市：住,100000,8044,持分移轉,10340000
RPPNMLTJLHLFFAW07CA,旗牌段,66.30,都市：住,4,1,持分移轉,03760000
RPPNMLTJLHLFFAW07CA,旗牌段,56.12,都市：住,4,1,持分移轉,03760001
RPPNMLTJLHLFFAW07CA,旗牌段,3.20,都市：住,4,1,持分移轉,03760003
RPQNMLTJLHLFFAW27DA,小徑段,247.00,都市：其他:國家公園第一類一般管制區,1,1,全筆移轉,10440000
RPRNMLTJLHLFFAW27CA,赤岑段,825.17,都市：其他:國家公園,1,1,全筆移轉,10690000
RPQNMLKKLHLFFAW98CA,東面山測段,102.40,都市：住,2,1,持分移轉,11840000
RPQNMLKKLHLFFAW98CA,東面山測段,102.40,都市：住,2,1,持分移轉,11840000
RPPNMLKKLHLFFAW98DA,鳳翔段,2.62,都市：其他:道路用地,10000,625,持分移轉,00500003
RPPNMLKKLHLFFAW98DA,埔邊村段,6.25,都市：其他:道路用地,10000,625,持分移轉,00490002
RPPNMLKKLHLFFAW98DA,埔邊村段,35.25,都市：住,10000,625,持分移轉,00490003
RPQNMLLJMHLFFAW56DA,寧古劃段,117.00,都市：其他:國家公園區,4,1,持分移轉,00430000
RPPNMLLKLHLFFAW98CA,北二三劃測段,700.80,都市：其他:農業區道路用地,1,1,全筆移轉,03650002
RPQNMLLKLHLFFAW09CA,機場段,981.12,都市：農,1,1,全筆移轉,05990000
RPRNMLMKLHLFFAW66CA,青山段,72.62,都市：住,100000,8496,持分移轉,10340000
RPRNMLLKLHLFFAW56CA,天后宮段,79.56,都市：商,1,1,全筆移轉,00370000
RPRNMLLKLHLFFAW56CA,天后宮段,50.65,都市：其他:道路用地,1,1,全筆移轉,00370001
RPSNMLMKLHLFFAW76CA,青山段,72.00,都市：住,100000,8424,持分移轉,10340000
RPQNMLPKLHLFFAW86CA,寧劃段,488.59,都市：農,1,1,全筆移轉,06140000
RPPNMLPKLHLFFAW76CA,寧湖一劃段,15.81,都市：農,1000,15,持分移轉,02550000
RPPNMLNKLHLFFAW56CA,,202.96,都市：其他:,1,1,全筆移轉,00380001
RPPNMLNKLHLFFAW56CA,,62.78,都市：其他:,1,1,全筆移轉,05650000
RPPNMLNKLHLFFAW56CA,,103.25,都市：其他:,1,1,全筆移轉,07830000
RPPNMLQKLHLFFAW86CA,小徑段,257.00,都市：住,1,1,全筆移轉,09540004
RPPNMLQKLHLFFAW86CA,小徑段,8.00,都市：住,1000,93,持分移轉,09540005
RPUNMLQKLHLFFAW37CA,昔果山段,7.20,都市：其他:自然村,10,2,持分移轉,00720001
RPUNMLQKLHLFFAW37CA,昔果山段,53.20,都市：其他:自然村,10,2,持分移轉,00810000
RPUNMLKMLHLFFAW07DA,祥豐段,30.56,都市：住,1000,72,持分移轉,00310000
RPPNMLNLLHLFFAW76DA,北二三劃測段,885.10,都市：農,1,1,全筆移轉,06750000
RPPNMLNLLHLFFAW76DA,北二三劃測段,1000.01,都市：農,1,1,全筆移轉,07190000
RPPNMLRKLHLFFAW07DA,中四劃段,673.95,都市：農,1,1,全筆移轉,01130000
RPSNMLSJMHLFFAW47DA,北一段,154.15,都市：農,12,2,持分移轉,02590000
RPSNMLSJMHLFFAW47DA,北一段,12.53,都市：其他:道路用地,12,2,持分移轉,02590001
RPUNMLSJMHLFFAW67DA,北一段,500.28,都市：農,4,2,持分移轉,04130000
RPVNMLSJMHLFFAW77DA,北一段,255.96,都市：農,4,2,持分移轉,04840000
RPVNMLSJMHLFFAW77DA,寧湖一劃段,500.00,都市：農,4,2,持分移轉,03910000
RPRNMLSJMHLFFAW37DA,城西段,10.54,都市：商,4,2,持分移轉,05660000
RPRNMLSJMHLFFAW37DA,城西段,3.50,都市：商,4,2,持分移轉,05740000
RPRNMLQKLHLFFAW07CA,漁村段,81.76,都市：其他:自然村專用區,10000,870,持分移轉,01050003
RPTNMLSKLHLFFAW47CA,煙墩段,3.17,都市：其他:自然村專用區,14,1,持分移轉,09710000
RPTNMLSKLHLFFAW47CA,煙墩段,38.63,都市：其他:自然村專用區,6,1,持分移轉,09710012
RPTNMLSKLHLFFAW47CA,煙墩段,18.11,都市：其他:自然村專用區,14,1,持分移轉,09710013
RPTNMLSKLHLFFAW47CA,煙墩段,.15,都市：其他:自然村專用區,14,1,持分移轉,09710001
RPWNMLSKLHLFFAW77CA,煙墩段,3.17,都市：其他:自然村專用區,14,1,持分移轉,09710000
RPSNMLSLLHLFFAW47CA,水頭段,1153.05,都市：其他:第二類一般管制區,1,1,全筆移轉,11210000
RPWNMLSKLHLFFAW77CA,煙墩段,18.11,都市：其他:自然村專用區,14,1,持分移轉,09710013
RPWNMLSKLHLFFAW77CA,煙墩段,15.39,都市：其他:自然村專用區,8,1,持分移轉,09710014
RPWNMLSKLHLFFAW77CA,煙墩段,52.83,都市：其他:自然村專用區,1,1,全筆移轉,09710016
RPWNMLSKLHLFFAW77CA,煙墩段,.15,都市：其他:自然村專用區,14,1,持分移轉,09710001
RPWNMLSKLHLFFAW77CA,煙墩段,3.28,都市：其他:自然村專用區,8,1,持分移轉,09710019
RPWNMLSKLHLFFAW77CA,煙墩段,12.80,都市：其他:自然村專用區,1,1,全筆移轉,09710021
RPQNMLSLLHLFFAW27CA,湖前段,51.34,都市：住,1,1,全筆移轉,03660004
RPQNMLSLLHLFFAW27CA,湖前段,11.17,都市：住,60,3,持分移轉,03660000
RPQNMLSLLHLFFAW27CA,湖前段,6.01,都市：住,60,3,持分移轉,03660008
RPSNMLPLLHLFFAW17CA,寧湖二劃測段,115.73,都市：其他:自然村專用區,1,1,全筆移轉,10070000
RPSNMLPLLHLFFAW17CA,寧湖二劃測段,29.07,都市：其他:自然村專用區,10000,1144,持分移轉,10070009
RPRNMLSLLHLFFAW37CA,湖前段,51.34,都市：住,1,1,全筆移轉,03660005
RPRNMLSLLHLFFAW37CA,湖前段,11.17,都市：住,60,3,持分移轉,03660000
RPRNMLSLLHLFFAW37CA,湖前段,6.01,都市：住,60,3,持分移轉,03660008
RPPNMLKMLHLFFAW09CA,寧湖一劃段,15.81,都市：農,1000,15,持分移轉,02550000
RPSNMLKMLHLFFAW76CA,北五劃段,476.50,都市：農,2,1,持分移轉,02640000
RPUNMLOLLHLFFAW27CA,北堤段,16.57,都市：其他:道路用地,1,1,全筆移轉,02030000
RPUNMLOLLHLFFAW27CA,鳳翔段,47.61,都市：其他:道路用地,1,1,全筆移轉,01930002
RPQNMLKMLHLFFAW56CA,寧安二劃段,1000.00,都市：農,1,1,全筆移轉,01310000
RPVNMLOLLHLFFAW37CA,高坑劃測段,201.88,都市：其他:自然村專用區,1,1,全筆移轉,00530000
RPPNMLQLLHLFFAW96CA,小西門劃測段,650.00,都市：農,1,1,全筆移轉,10490000
RPOOMLPLLHLFFAW96DA,塔后段,44.33,都市：住,3,1,持分移轉,10380000
RPUNMLTLLHLFFAW77CA,中蘭劃測段,980.00,都市：農,1,1,全筆移轉,04560000
RPTNMLKMLHLFFAW86CA,寧湖一劃段,15.81,都市：農,1000,15,持分移轉,02550000
RPTNMLPLLHLFFAW37DA,北九十劃段,978.57,都市：農,1,1,全筆移轉,01540000
RPTNMLPLLHLFFAW37DA,北九十劃段,489.30,都市：農,2,1,持分移轉,01710000
RPVNMLTLLHLFFAW87CA,金門城段,36.33,都市：住,6,1,持分移轉,02980000
RPPNMLNKMHLFFAW66CA,陽宅段,263.00,都市：住,1,1,全筆移轉,10940000
RPWNMLPKMHLFFAW57CA,市港段,19.90,都市：住,100000,1128,持分移轉,00580000
RPVOMLPKMHLFFAW57CA,市港段,11.27,都市：住,100000,639,持分移轉,00580000
RPOOMLPKMHLFFAW86CA,市港段,11.27,都市：住,100000,639,持分移轉,00580000
RPUOMLPKMHLFFAW47CA,市港段,11.27,都市：住,100000,639,持分移轉,00580000
RPWOMLPKMHLFFAW67CA,市港段,11.27,都市：住,100000,639,持分移轉,00580000
RPWNMLTLLHLFFAW97CA,天后宮段,17.08,都市：住,169470,17075,持分移轉,04650000
RPXNMLTLLHLFFAW08CA,天后宮段,16.82,都市：住,169470,16819,持分移轉,04650000
RPPOMLSKMHLFFAW27CA,中二劃段,49.67,都市：住,10000,950,持分移轉,03310000
RPPNMLLLMHLFFAW56CA,莒光樓段,636.09,都市：其他:部份保護區.部份農業區.部份道路用地,1,1,全筆移轉,06500002
RPTNMLKLMHLFFAW86CA,羅劃測段,42.43,都市：住,100000,8252,持分移轉,01970000
RPQNMLKLMHLFFAW56CA,羅劃測段,42.43,都市：住,100000,8252,持分移轉,01970000
RPPPMLPKMHLFFAW07CA,市港段,19.93,都市：住,100000,1130,持分移轉,00580000
RPQPMLPKMHLFFAW17CA,市港段,11.43,都市：住,100000,648,持分移轉,00580000
RPOPMLPKMHLFFAW96CA,市港段,11.27,都市：住,100000,639,持分移轉,00580000
RPPNMLNJMHLFFAW56CA,盤山村段,21.00,都市：住,1,1,全筆移轉,01550001
RPSPMLPKMHLFFAW37CA,市港段,11.08,都市：住,100000,628,持分移轉,00580000
RPTPMLPKMHLFFAW47CA,市港段,11.43,都市：住,100000,648,持分移轉,00580000
RPVPMLPKMHLFFAW67CA,市港段,23.92,都市：住,100000,1356,持分移轉,00580000
RPXPMLPKMHLFFAW87CA,市港段,23.92,都市：住,100000,1356,持分移轉,00580000
RPUPMLPKMHLFFAW57CA,市港段,11.08,都市：住,100000,628,持分移轉,00580000
RPQNMLNKMHLFFAW76CA,浯坑劃測段,327.29,都市：住,1,1,全筆移轉,08310000
RPRPMLPKMHLFFAW27CA,市港段,11.43,都市：住,100000,648,持分移轉,00580000
RPWPMLPKMHLFFAW77CA,市港段,23.53,都市：住,100000,1334,持分移轉,00580000
RPPNMLTKMHLFFAW27CA,市港段,12.17,都市：住,100000,690,持分移轉,00580000
RPUNMLLMLHLFFAW07CA,市港段,18.75,都市：住,100000,4600,持分移轉,00990000
RPRNMLLJMHLFFAW56CA,西方劃測段,850.00,都市：農,1,1,全筆移轉,02000000
RPPNMLLMLHLFFAW56CA,寧安二劃段,1000.00,都市：農,1,1,全筆移轉,01590000
RPTNMLLMLHLFFAW07DA,鳳翔段,113.00,都市：其他:住宅區+道路用地。,1,1,全筆移轉,00180000
RPQNMLLMLHLFFAW76DA,洋山段,67.00,都市：住,1,1,全筆移轉,08280000
RPXNMLLMLHLFFAW47DA,煙墩段,60.13,都市：其他:自然村,10000,1558,持分移轉,09920000
RPOOMLLMLHLFFAW66DA,煙墩段,45.62,都市：其他:自然村,10000,1182,持分移轉,09920000
RPRNMLQJMHLFFAW17DA,煙墩段,72.52,都市：其他:自然村,10000,1879,持分移轉,09920000
RPPNMLRJMHLFFAW07DA,山西段,435.99,都市：其他:保護區,1,1,全筆移轉,06720000
RPSNMLMKMHLFFAW86CA,昔果山段,7.20,都市：其他:自然村,10,2,持分移轉,00720001
RPSNMLMKMHLFFAW86CA,昔果山段,53.20,都市：其他:自然村,10,2,持分移轉,00810000
RPOQMLPKMHLFFAW07CA,市港段,12.17,都市：住,100000,690,持分移轉,00580000
RPRQMLPKMHLFFAW37CA,市港段,12.52,都市：住,100000,710,持分移轉,00580000
RPSNMLSKMHLFFAW47CA,市港段,12.52,都市：住,100000,710,持分移轉,00580000
RPOOMLSKMHLFFAW17CA,市港段,23.57,都市：住,100000,1336,持分移轉,00580000
RPVNMLSKMHLFFAW77CA,市港段,23.88,都市：住,100000,1354,持分移轉,00580000
RPUNMLSKMHLFFAW67CA,市港段,23.53,都市：住,100000,1334,持分移轉,00580000
RPXNMLSKMHLFFAW97CA,市港段,23.53,都市：住,100000,1334,持分移轉,00580000
RPTNMLSKMHLFFAW57CA,市港段,12.17,都市：住,100000,690,持分移轉,00580000
RPQNMLSKMHLFFAW27CA,市港段,12.52,都市：住,100000,710,持分移轉,00580000
RPWNMLSKMHLFFAW87CA,市港段,23.57,都市：住,100000,1336,持分移轉,00580000
RPRNMLSKMHLFFAW37CA,市港段,12.17,都市：住,100000,690,持分移轉,00580000
RPPNMLSKMHLFFAW17CA,市港段,38.54,都市：住,100000,2185,持分移轉,00580000
RPXNMLMKMHLFFAW37CA,金門城段,46.00,都市：住,3,1,持分移轉,10430000
RPXOMLPKMHLFFAW77CA,市港段,11.27,都市：住,100000,639,持分移轉,00580000
RPUNMLRJMHLFFAW47CA,古坵段,111.43,都市：其他:道路用地,1,1,全筆移轉,07080001
RPUNMLRJMHLFFAW47CA,燕南山段,569.45,都市：其他:農業區、保護區,1,1,全筆移轉,08380000
RPUNMLRJMHLFFAW47CA,小西門劃測段,285.54,都市：其他:道路用地、農業區,1,1,全筆移轉,22700000
RPUNMLRJMHLFFAW47CA,小西門劃測段,177.35,都市：其他:道路用地、農業區,1,1,全筆移轉,22720000
RPUNMLRJMHLFFAW47CA,古坵段,65.00,都市：農,1,1,全筆移轉,03560000
RPUNMLRJMHLFFAW47CA,古坵段,16.23,都市：農,1,1,全筆移轉,07080000
RPUNMLRJMHLFFAW47CA,古坵段,1432.00,都市：農,1,1,全筆移轉,08490000
RPUNMLRJMHLFFAW47CA,古坵段,579.00,都市：其他:自然村專用區、保護區,1,1,全筆移轉,09510000
RPUNMLRJMHLFFAW47CA,古坵段,407.00,都市：農,1,1,全筆移轉,07320000
RPUNMLRJMHLFFAW47CA,古坵段,342.00,都市：農,1,1,全筆移轉,07350000
RPUNMLRJMHLFFAW47CA,古坵段,977.00,都市：農,1,1,全筆移轉,06680000
RPUNMLRJMHLFFAW47CA,古坵村段,754.00,都市：其他:自然村專用區,1,1,全筆移轉,01210000
RPPNMLKKMHLFFAW98CA,湖尾村段,177.50,都市：其他:公園用地,2,1,持分移轉,02750000
RPPNMLKKMHLFFAW98CA,湖尾村段,185.50,都市：其他:公園用地,2,1,持分移轉,02750001
RPPNMLKKMHLFFAW98CA,湖尾村段,219.50,都市：其他:公園用地,2,1,持分移轉,02750002
RPPNMLQJMHLFFAW96DA,煙墩段,634.92,都市：其他:保護區,1,1,全筆移轉,10940000
RPTNMLLJMHLFFAW76CA,官嶼劃段,1000.00,都市：農,1,1,全筆移轉,09330000
RPVNMLMKMHLFFAW17CA,延平段,51.50,都市：住,100000,5885,持分移轉,02230000
RPVNMLMKMHLFFAW17CA,延平段,3.62,都市：住,100000,5885,持分移轉,02230009
RPXNMLPKMHLFFAW67CA,市港段,19.90,都市：住,100000,1128,持分移轉,00580000
RPWNMLMKMHLFFAW27CA,延平段,51.93,都市：住,100000,5934,持分移轉,02230000
RPWNMLMKMHLFFAW27CA,延平段,3.65,都市：住,100000,5934,持分移轉,02230009
RPUNMLLJMHLFFAW86CA,祥安段,154.13,都市：農,4,1,持分移轉,09720000
RPOOMLMKMHLFFAW56CA,延平段,51.50,都市：住,100000,5885,持分移轉,02230000
RPOOMLMKMHLFFAW56CA,延平段,3.62,都市：住,100000,5885,持分移轉,02230009
RPTOMLMKMHLFFAW07CA,北八劃段,1000.00,都市：農,1,1,全筆移轉,03940000
RPUNMLOKMHLFFAW27CA,北二三劃測段,92.73,都市：其他:道路用地,1,1,全筆移轉,06250001
RPUNMLOKMHLFFAW27CA,北二三劃測段,102.09,都市：其他:道路用地,1,1,全筆移轉,06260001
RPUNMLOKMHLFFAW27CA,北二三劃測段,106.97,都市：其他:道路用地,1,1,全筆移轉,06270001
RPRNMLNKMHLFFAW86CA,陵水湖測段,281.11,都市：農,1,1,全筆移轉,03990000
RPQNMLRLMHLFFAW27CA,沙溪一劃段,92.75,都市：農,1,1,全筆移轉,01830001
RPVOMLMKMHLFFAW27CA,市港段,26.66,都市：住,100000,6540,持分移轉,00990000
RPPOMLMKMHLFFAW66CA,延平段,52.08,都市：住,100000,5952,持分移轉,02230000
RPPOMLMKMHLFFAW66CA,延平段,3.66,都市：住,100000,5952,持分移轉,02230009
RPQNMLOKMHLFFAW96DA,后垵段,371.39,都市：農,1,1,全筆移轉,00590002
RPSNMLOKMHLFFAW07CA,東珩段,113.46,都市：其他:道路用地,1,1,全筆移轉,02370002
RPQOMLSKMHLFFAW37CA,高坑劃測段,463.59,都市：農,1,1,全筆移轉,03620000
RPROMLPKMHLFFAW17CA,湖尾村段,58.75,都市：其他:自然村專用區,2,1,持分移轉,00860000
RPROMLPKMHLFFAW17CA,湖尾村段,11.25,都市：其他:道路用地,2,1,持分移轉,00860001
RPXNMLPJNHLFFAW67CA,市港段,11.08,都市：住,100000,628,持分移轉,00580000
RPPNMLOKMHLFFAW76CA,東紅山段,199.62,都市：其他:國家公園區第二類一般管制區,1,1,全筆移轉,06800000
RPPNMLOKMHLFFAW76CA,東紅山段,127.68,都市：其他:國家公園區第二類一般管制區,1,1,全筆移轉,09120000
RPPNMLOKMHLFFAW76CA,東紅山段,398.83,都市：其他:國家公園區第二類一般管制區,1,1,全筆移轉,09130000
RPPNMLOKMHLFFAW76CA,寧山段,794.03,都市：其他:保護區,1,1,全筆移轉,03840000
RPPOMLPJNHLFFAW96CA,市港段,11.11,都市：住,100000,630,持分移轉,00580000
RPPNMLKKNHLFFAW09CA,市港段,11.27,都市：住,100000,639,持分移轉,00580000
RPQOMLPJNHLFFAW07CA,市港段,23.57,都市：住,100000,1336,持分移轉,00580000
RPTNMLQJNHLFFAW37CA,昔果山段,7.20,都市：其他:自然村,10,2,持分移轉,00720001
RPTNMLQJNHLFFAW37CA,昔果山段,53.20,都市：其他:自然村,10,2,持分移轉,00810000
RPROMLPJNHLFFAW17CA,市港段,12.17,都市：住,100000,690,持分移轉,00580000
RPTOMLPJNHLFFAW37CA,市港段,12.17,都市：住,100000,690,持分移轉,00580000
RPUOMLPJNHLFFAW47CA,市港段,12.17,都市：住,100000,690,持分移轉,00580000
RPVOMLPJNHLFFAW57CA,市港段,12.17,都市：住,100000,690,持分移轉,00580000
RPWOMLPJNHLFFAW67CA,市港段,23.92,都市：住,100000,1356,持分移轉,00580000
RPOPMLPJNHLFFAW96CA,市港段,12.17,都市：住,100000,690,持分移轉,00580000
RPXOMLPJNHLFFAW77CA,市港段,11.08,都市：住,100000,628,持分移轉,00580000
RPSNMLKKNHLFFAW76CA,市港段,37.84,都市：住,100000,2145,持分移轉,00580000
RPTNMLOKMHLFFAW17CA,寧湖二劃測段,82.02,都市：其他:道路用地,1,1,全筆移轉,07620002
RPRNMLOKMHLFFAW96CA,西園段,591.00,都市：住,1,1,全筆移轉,15650000
RPOOMLPJNHLFFAW86CA,榜林村段,65.69,都市：住,10000,795,持分移轉,01750000
RPOOMLPJNHLFFAW86CA,榜林村段,.56,都市：住,10000,56,持分移轉,01750002
RPOOMLPJNHLFFAW86CA,榜林村段,.69,都市：住,10000,56,持分移轉,01750001
RPTOMLPKMHLFFAW37CA,汶沙段,169.97,都市：其他:自然村專用區,100000,23940,持分移轉,15750000
RPQPMLPJNHLFFAW17CA,市港段,11.27,都市：住,100000,639,持分移轉,00580000
RPPNMLQJNHLFFAW96CA,市港段,23.88,都市：住,100000,1354,持分移轉,00580000
RPQNMLQJNHLFFAW07CA,市港段,12.17,都市：住,100000,690,持分移轉,00580000
RPSNMLSLMHLFFAW57CA,長寮段,8.54,都市：其他:自然村專用,2,1,持分移轉,00800001
RPSNMLSLMHLFFAW57CA,長寮段,8.54,都市：其他:自然村專用,2,1,持分移轉,00800001
RPSNMLSLMHLFFAW57CA,安岐村段,104.00,都市：其他:自然村專用,2,1,持分移轉,03050000
RPSNMLSLMHLFFAW57CA,安岐村段,104.00,都市：其他:自然村專用,2,1,持分移轉,03050000
RPQNMLPJNHLFFAW96CA,市港段,19.93,都市：住,100000,1130,持分移轉,00580000
RPRNMLPJNHLFFAW07CA,市港段,19.90,都市：住,100000,1128,持分移轉,00580000
RPRNMLSLMHLFFAW47CA,長寮段,219.14,都市：其他:道路用地,2,1,持分移轉,00800000
RPRNMLSLMHLFFAW47CA,長寮段,219.14,都市：其他:道路用地,2,1,持分移轉,00800000
RPUNMLPJNHLFFAW37CA,市港段,11.27,都市：住,100000,639,持分移轉,00580000
RPVNMLPJNHLFFAW47CA,市港段,19.93,都市：住,100000,1130,持分移轉,00580000
RPSNMLPJNHLFFAW17CA,市港段,11.62,都市：住,100000,659,持分移轉,00580000
RPWNMLPJNHLFFAW57CA,市港段,11.11,都市：住,100000,630,持分移轉,00580000
RPTNMLPJNHLFFAW27CA,市港段,11.27,都市：住,100000,639,持分移轉,00580000
RPPQMLPKMHLFFAW17CA,燕南山段,246.58,都市：農,1,1,全筆移轉,00260000
RPPQMLPKMHLFFAW17CA,燕南山段,464.90,都市：農,1,1,全筆移轉,00290000
RPPQMLPKMHLFFAW17CA,燕南山段,.86,都市：其他:道路用地,1,1,全筆移轉,00290001
RPRNMLTKMHLFFAW47CA,高坑劃測段,278.94,都市：農,1,1,全筆移轉,05680001
RPRNMLTKMHLFFAW47CA,高坑劃測段,21.07,都市：其他:道路用地,1,1,全筆移轉,05680003
RPOPMLRLMHLFFAW27CA,市港段,18.75,都市：住,100000,4601,持分移轉,00990000
RPTNMLPLMHLFFAW37CA,安岐村段,179.00,都市：住,1,1,全筆移轉,01740000
RPSNMLPLMHLFFAW27CA,青山段,72.62,都市：住,100000,8496,持分移轉,10340000
RPRNMLMLMHLFFAW96DA,陽宅段,2657.47,都市：其他:道路用地農業區,1,1,全筆移轉,06390003
RPQOMLRLMHLFFAW37CA,寧劃段,490.67,都市：農,1,1,全筆移轉,00560000
RPRNMLLLMHLFFAW76CA,賢厝段,505.00,都市：農,1,1,全筆移轉,06320000
RPTNMLKKNHLFFAW86CA,市港段,20.29,都市：住,100000,1150,持分移轉,00580000
RPSNMLMLMHLFFAW07DA,斗門劃測段,800.03,都市：農,1,1,全筆移轉,03620000
RPRPMLRLMHLFFAW57CA,寧安二劃段,35.26,都市：其他:自然村專用區,36387,6724,持分移轉,05560001
RPTOMLLKNHLFFAW07CA,延平段,51.93,都市：住,100000,5934,持分移轉,02230000
RPTOMLLKNHLFFAW07CA,延平段,3.65,都市：住,100000,5934,持分移轉,02230009
RPVNMLKKNHLFFAW07CA,市港段,11.27,都市：住,100000,639,持分移轉,00580000
RPUNMLKKNHLFFAW96CA,市港段,11.27,都市：住,100000,639,持分移轉,00580000
RPQOMLPKMHLFFAW07CA,羅劃測段,42.56,都市：其他:自然村專用區,100000,5523,持分移轉,01840000
RPQOMLPKMHLFFAW07CA,羅劃測段,100.38,都市：其他:自然村專用區,1,1,全筆移轉,01840017
RPWNMLKKNHLFFAW17CA,市港段,11.27,都市：住,100000,639,持分移轉,00580000
RPXNMLKKNHLFFAW27CA,市港段,19.90,都市：住,100000,1128,持分移轉,00580000
RPOOMLKKNHLFFAW09CA,市港段,11.08,都市：住,100000,628,持分移轉,00580000
RPRNMLQJNHLFFAW17CA,市港段,11.08,都市：住,100000,628,持分移轉,00580000
RPPNMLLJNHLFFAW09CA,沙港劃段,937.82,都市：農,1,1,全筆移轉,04270000
RPPNMLLJNHLFFAW09CA,沙港劃段,62.21,都市：其他:道路用地,1,1,全筆移轉,04270002
RPSNMLOKNHLFFAW17CA,市港段,18.97,都市：住,10000,120,持分移轉,00080000
RPXNMLQKNHLFFAW87CA,后湖段,529.91,都市：農,6,4,持分移轉,06390000
SPSNMLOKNHLFFAW27CA,市港段,19.12,都市：住,10000,121,持分移轉,00080000
RPVNMLOKNHLFFAW47CA,市港段,18.97,都市：住,10000,120,持分移轉,00080000
RPUNMLOKNHLFFAW37CA,市港段,18.97,都市：住,10000,120,持分移轉,00080000
RPPNMLSLMHLFFAW27CA,太湖劃測段,123.76,都市：其他:道路用地,1,1,全筆移轉,07500036
RPPNMLSLMHLFFAW27CA,太湖劃測段,150.01,都市：其他:道路用地,1,1,全筆移轉,07500038
RPPNMLSLMHLFFAW27CA,太湖劃測段,188.69,都市：其他:機關用地,1,1,全筆移轉,07500078
RPPNMLSLMHLFFAW27CA,太湖劃測段,96.36,都市：其他:機關用地,1,1,全筆移轉,07500081
RPSPMLRLMHLFFAW67CA,北九劃段,898.71,都市：農,1,1,全筆移轉,10850000
RPSPMLRLMHLFFAW67CA,北九劃段,101.29,都市：其他:道路用地,1,1,全筆移轉,10850001
RPSPMLRLMHLFFAW67CA,北九劃段,450.52,都市：農,2,1,持分移轉,11130000
RPSPMLRLMHLFFAW67CA,北九劃段,49.48,都市：其他:道路用地,2,1,持分移轉,11130001
RPRNMLOKNHLFFAW07CA,市港段,20.23,都市：住,10000,128,持分移轉,00080000
RPPNMLOKNHLFFAW86CA,市港段,17.86,都市：住,10000,113,持分移轉,00080000
RPQNMLOKNHLFFAW96CA,市港段,19.44,都市：住,10000,123,持分移轉,00080000
RPWNMLOKNHLFFAW57CA,市港段,19.76,都市：住,10000,125,持分移轉,00080000
RPXNMLOKNHLFFAW67CA,市港段,24.65,都市：住,10000,156,持分移轉,00080000
SPXNMLOKNHLFFAW77CA,市港段,18.65,都市：住,10000,118,持分移轉,00080000
RPPNMLKMNHLFFAW66CA,延平段,51.59,都市：住,100000,5895,持分移轉,02230000
RPPNMLKMNHLFFAW66CA,延平段,3.63,都市：住,100000,5895,持分移轉,02230009
RPOOMLOKNHLFFAW86CA,市港段,18.65,都市：住,10000,118,持分移轉,00080000
RPPOMLRLMHLFFAW27CA,古崗村段,98.00,都市：其他:道路用地,1,1,全筆移轉,00230002
RPQNMLOJNHLFFAW96DA,榜林村段,65.69,都市：其他:自然村專用區,10000,795,持分移轉,01750000
RPWNMLRLMHLFFAW87CA,祥和段,112.00,都市：其他:道路.綠地,1,1,全筆移轉,03990000
RPWNMLRLMHLFFAW87CA,祥和段,27.64,都市：其他:道路,1,1,全筆移轉,04320000
RPQNMLOJNHLFFAW96DA,榜林村段,.69,都市：其他:自然村專用區,10000,56,持分移轉,01750001
RPQNMLOJNHLFFAW96DA,榜林村段,.56,都市：其他:自然村專用區,10000,56,持分移轉,01750002
RPQOMLKKNHLFFAW66CA,市港段,23.53,都市：住,100000,1334,持分移轉,00580000
RPSOMLPJNHLFFAW27CA,士校段,752.73,都市：農,1,1,全筆移轉,00710003
RPPNMLSKNHLFFAW37DA,吳厝村段,110.00,都市：其他:自然村專用區,1,1,全筆移轉,01490000
RPPOMLKKNHLFFAW56CA,市港段,11.11,都市：住,100000,630,持分移轉,00580000
RPROMLKKNHLFFAW76CA,市港段,12.17,都市：住,100000,690,持分移轉,00580000
RPQPMLLKNHLFFAW86CA,珠山段,843.43,都市：其他:國家公園第二類一般管制區,1,1,全筆移轉,05950000
RPSOMLKKNHLFFAW86CA,市港段,11.08,都市：住,100000,628,持分移轉,00580000
RPTNMLOKNHLFFAW27CA,市港段,18.97,都市：住,10000,120,持分移轉,00080000
RPTNMLTLMHLFFAW77CA,羅劃測段,42.56,都市：其他:自然村專用區,100000,5523,持分移轉,01840000
RPTNMLTLMHLFFAW77CA,羅劃測段,100.38,都市：其他:自然村專用區,1,1,全筆移轉,01840011
RPROMLOKNHLFFAW17CA,市港段,18.33,都市：住,10000,116,持分移轉,00080000
RPTOMLOKNHLFFAW37CA,市港段,18.33,都市：住,10000,116,持分移轉,00080000
RPSOMLOKNHLFFAW27CA,市港段,19.12,都市：住,10000,121,持分移轉,00080000
RPQOMLOKNHLFFAW07CA,市港段,18.33,都市：住,10000,116,持分移轉,00080000
RPPOMLOKNHLFFAW96CA,市港段,18.33,都市：住,10000,116,持分移轉,00080000
RPPNMLOLNHLFFAW96CA,多年段,330.37,都市：其他:保護區,1,1,全筆移轉,06370000
RPOPMLOKNHLFFAW96CA,市港段,18.33,都市：住,10000,116,持分移轉,00080000
RPPPMLOKNHLFFAW07CA,市港段,19.12,都市：住,10000,121,持分移轉,00080000
RPVOMLKKNHLFFAW27DA,寧湖一劃段,16.87,都市：其他:自然村專用區,100000,1886,持分移轉,05820000
RPWOMLKKNHLFFAW37DA,寧湖一劃段,16.87,都市：其他:自然村專用區,100000,1886,持分移轉,05820000
RPXOMLKKNHLFFAW47DA,寧湖一劃段,16.87,都市：其他:自然村專用區,100000,1886,持分移轉,05820000
RPPPMLKKNHLFFAW76DA,寧湖一劃段,16.87,都市：其他:自然村專用區,100000,1886,持分移轉,05820000
RPOPMLKKNHLFFAW66DA,寧湖一劃段,16.87,都市：其他:自然村專用區,100000,1886,持分移轉,05820000
SPQPMLKKNHLFFAW96DA,寧湖一劃段,16.87,都市：其他:自然村專用區,100000,1886,持分移轉,05820000
RPRPMLKKNHLFFAW96DA,寧湖一劃段,18.91,都市：其他:自然村專用區,100000,2114,持分移轉,05820000
RPQPMLKKNHLFFAW86DA,寧湖一劃段,16.87,都市：其他:自然村專用區,100000,1886,持分移轉,05820000
RPSPMLKKNHLFFAW07DA,寧湖一劃段,16.76,都市：其他:自然村專用區,100000,1874,持分移轉,05820000
RPPNMLLKNHLFFAW66DA,寧湖一劃段,18.24,都市：其他:自然村專用區,100000,2039,持分移轉,05820000
SPWPMLKKNHLFFAW57DA,寧湖一劃段,16.76,都市：其他:自然村專用區,100000,1874,持分移轉,05820000
RPUPMLKKNHLFFAW27DA,寧湖一劃段,16.76,都市：其他:自然村專用區,100000,1874,持分移轉,05820000
RPTPMLKKNHLFFAW17DA,寧湖一劃段,16.76,都市：其他:自然村專用區,100000,1874,持分移轉,05820000
RPVPMLKKNHLFFAW37DA,寧湖一劃段,16.76,都市：其他:自然村專用區,100000,1874,持分移轉,05820000
RPVOMLOKNHLFFAW57CA,市港段,18.81,都市：住,10000,119,持分移轉,00080000
RPWOMLOKNHLFFAW67CA,市港段,18.81,都市：住,10000,119,持分移轉,00080000
RPXOMLOKNHLFFAW77CA,市港段,19.12,都市：住,10000,121,持分移轉,00080000
RPWPMLKKNHLFFAW47DA,寧湖一劃段,16.76,都市：其他:自然村專用區,100000,1874,持分移轉,05820000
RPTNMLLKNHLFFAW07DA,寧湖一劃段,16.87,都市：其他:自然村專用區,100000,1886,持分移轉,05820000
RPRNMLLKNHLFFAW86DA,寧湖一劃段,16.87,都市：其他:自然村專用區,100000,1886,持分移轉,05820000
RPQNMLLKNHLFFAW76DA,寧湖一劃段,16.87,都市：其他:自然村專用區,100000,1886,持分移轉,05820000
RPOOMLLKNHLFFAW66DA,寧湖一劃段,16.87,都市：其他:自然村專用區,100000,1886,持分移轉,05820000
RPUNMLLKNHLFFAW17DA,寧湖一劃段,16.87,都市：其他:自然村專用區,100000,1886,持分移轉,05820000
RPXNMLLKNHLFFAW47DA,寧湖一劃段,16.87,都市：其他:自然村專用區,100000,1886,持分移轉,05820000
RPWNMLLKNHLFFAW37DA,寧湖一劃段,16.87,都市：其他:自然村專用區,100000,1886,持分移轉,05820000
RPSNMLLKNHLFFAW96DA,寧湖一劃段,16.87,都市：其他:自然村專用區,100000,1886,持分移轉,05820000
RPQOMLLKNHLFFAW86DA,寧湖一劃段,18.91,都市：其他:自然村專用區,100000,2114,持分移轉,05820000
RPROMLLKNHLFFAW96DA,寧湖一劃段,16.76,都市：其他:自然村專用區,100000,1874,持分移轉,05820000
RPSOMLLKNHLFFAW07DA,寧湖一劃段,16.76,都市：其他:自然村專用區,100000,1874,持分移轉,05820000
RPUOMLLKNHLFFAW27DA,寧湖一劃段,16.76,都市：其他:自然村專用區,100000,1874,持分移轉,05820000
RPVOMLLKNHLFFAW37DA,寧湖一劃段,16.76,都市：其他:自然村專用區,100000,1874,持分移轉,05820000
RPXPMLLKNHLFFAW67DA,寧湖一劃段,16.76,都市：其他:自然村專用區,100000,1874,持分移轉,05820000
RPWOMLLKNHLFFAW47DA,寧湖一劃段,16.76,都市：其他:自然村專用區,100000,1874,持分移轉,05820000
RPOQMLLKNHLFFAW86DA,寧湖一劃段,18.24,都市：其他:自然村專用區,100000,2039,持分移轉,05820000
RPQQMLLKNHLFFAW07DA,寧湖一劃段,16.76,都市：其他:自然村專用區,100000,1874,持分移轉,05820000
RPPNMLOJNHLFFAW86DA,金門城段,31.92,都市：其他:自然村專用區,12,1,持分移轉,04460000
RPPNMLNJNHLFFAW66CA,沙港劃段,1000.00,都市：農,1,1,全筆移轉,00760000
RPQNMLNJNHLFFAW76CA,沙溪一劃段,933.08,都市：農,1,1,全筆移轉,04520000
RPPNMLTLMHLFFAW47DA,中二劃段,41.67,都市：其他:自然村專用區,6,1,持分移轉,03300000
RPUOMLOKNHLFFAW47CA,市港段,18.33,都市：住,10000,116,持分移轉,00080000
RPTNMLNLNHLFFAW37DA,石牌段,377.50,都市：其他:機關用地,1,1,全筆移轉,03930000
RPSNMLPLNHLFFAW47DA,天后宮段,267.26,都市：住,1,1,全筆移轉,04470000
RPSNMLPLNHLFFAW47DA,城南段,72.71,都市：商,1,1,全筆移轉,01460000
RPSNMLPLNHLFFAW47DA,城南段,6.67,都市：商,1,1,全筆移轉,01470000
RPQPMLOKNHLFFAW17CA,市港段,19.28,都市：住,10000,122,持分移轉,00080000
