﻿編號,屋齡,建物移轉面積平方公尺,主要用途,主要建材,建築完成日期,總層數,建物分層
The serial number,room age,building shifting area square meter,the main use,main building materials,construction completes the date,total layer,building lamination
RPRSMLLJJIIFFAH08EC,20,81.47,住家用,鋼筋混凝土造,82年5月12日,十一層,
RPRSMLLJJIIFFAH08EC,20,13.84,共有部份,鋼筋混凝土造,82年5月12日,十二層,
RPSQMLLJJIIFFAH77CC,30,98.15,住家用,鋼筋混凝土造,73年4月2日,十二層,
RPSQMLLJJIIFFAH77CC,30,28.25,共有部份,鋼筋混凝土造,73年4月2日,十二層,
RPPOMLLJJIIFFFH97EC,40,212.55,住商用,加強磚造,62年10月10日,二層,
RPPOMLLJJIIFFFH97EC,41,213.10,住家用,加強磚造,62年3月1日,二層,
RPSNMLQJJIIFFGH68DC,6,191.44,店舖、住宅、停車空間、樓梯間,鋼筋混凝土造,96年4月26日,三層,
RPRNMLLJJIIFFBH47CC,20,39.98,住家用,鋼筋混凝土造,82年6月1日,七層,
RPRRMLPJJIIFFBH38DC,4,237.33,住宅、住宅〈附屬樓梯間〉,鋼筋混凝土造,98年4月30日,四層,
RPPSMLLJJIIFFAH87EC,11,58.80,住家用,鋼筋混凝土造,92年4月14日,十二層,
RPPSMLLJJIIFFAH87EC,11,43.98,共有部份,鋼筋混凝土造,92年4月14日,十二層,
RPPSMLLJJIIFFAH87EC,11,11.64,共有部份,鋼筋混凝土造,92年4月14日,十二層,
RPSNMLQJJIIFFEH48DC,9,128.49,住家用,鋼筋混凝土造,94年3月25日,十四層,
RPXNMLQJJIIFFAH58DC,23,173.47,商業用,鋼筋混凝土造,79年7月13日,七層,
RPSOMLQJJIIFFBH18CC,32,112.26,住家用,鋼筋混凝土造,71年2月27日,五層,
RPUQMLRJJIIFFBH68CC,4,109.48,住家用,鋼筋混凝土造,98年6月29日,二十一層,
RPUQMLRJJIIFFBH68CC,4,4.76,共有部份,鋼筋混凝土造,98年6月29日,二十二層,
RPUQMLRJJIIFFBH68CC,4,5.49,共有部份,鋼筋混凝土造,98年6月29日,二十一層,
RPUQMLRJJIIFFBH68CC,4,11.87,共有部份,鋼筋混凝土造,98年6月29日,二十一層,
RPUQMLRJJIIFFBH68CC,4,34.62,共有部份,鋼筋混凝土造,98年6月29日,二十二層,
RPOOMLPJJIIFFEH08DC,6,128.27,住家用,鋼筋混凝土造,97年4月1日,十層,
RPQNMLRJJIIFFEH48EC,6,7.48,辦公室、住宅,鋼筋混凝土造,97年4月1日,十層,
RPQNMLRJJIIFFEH48EC,6,73.31,辦公室、住宅,鋼筋混凝土造,97年4月1日,十層,
RPQNMLRJJIIFFEH48EC,6,24.23,辦公室、住宅,鋼筋混凝土造,97年4月1日,十層,
RPQNMLRJJIIFFEH48EC,6,8.17,共有部份,鋼筋混凝土造,97年4月1日,十層,
RPQNMLRJJIIFFEH48EC,6,27.07,共有部份,鋼筋混凝土造,97年4月1日,十層,
RPTTMLRJJIIFFAH78CC,17,92.28,住家用,鋼筋混凝土造,85年12月3日,七層,
RPTTMLRJJIIFFAH78CC,17,23.15,共有部份,鋼筋混凝土造,85年12月3日,七層,
RPTTMLRJJIIFFAH78CC,17,53.72,共有部份,鋼筋混凝土造,85年12月3日,七層,
RPRNMLSJJIIFFFH68DC,1,158.63,住家用,鋼筋混凝土造,101年12月4日,十二層,
RPSNMLSJJIIFFGH88DC,9,246.96,住宅、店舖、停車空間,鋼筋混凝土造,94年1月20日,四層,
RPSNMLSJJIIFFBH38DC,18,32.19,住家用,鋼筋混凝土造,84年8月5日,十二層,
RPPNMLTJJIIFFFH48CC,18,181.22,住宅，車庫,鋼筋混凝土造,84年12月11日,四層,
RPUNMLKKJIIFFEH08CC,18,36.67,住家用,鋼筋混凝土造,84年9月25日,二十層,
RPPOMLMKJIIFFAH47CC,8,83.63,住家用,鋼筋混凝土造,94年12月28日,十四層,
RPXPMLSJJIIFFBH09DC,13,279.65,停車空間、住宅、梯間,鋼筋混凝土造,90年3月29日,四層,
RPTOMLMKJIIFFAH87CC,20,69.86,住家用,鋼筋混凝土造,82年12月31日,六層,
RPSNMLMKJIIFFEH18DC,5,130.49,住宅、店舖、店舖（附屬停車空間）,鋼筋混凝土造,97年7月8日,二層,
RPSNMLMKJIIFFBH87DC,2,183.30,店舖、集合住宅,鋼筋混凝土造,100年7月20日,十三層,
RPOOMLKKJIIFFEH57CC,18,48.99,住家用,鋼筋混凝土造,84年8月11日,二十層,
RPUNMLMKJIIFFBH08DC,1,129.53,集合住宅,鋼筋混凝土造,101年11月28日,十一層,
RPPRMLMKJIIFFBH97DC,2,94.23,店舖,鋼筋混凝土造,101年3月22日,二十四層,
RPQPMLNKJIIFFAH87DC,10,207.83,住家用,鋼筋混凝土造,92年7月29日,五層,
RPQOMLNKJIIFFAH77DC,3,27.36,住家用,鋼筋混凝土造,100年3月9日,十五層,
RPVNMLNKJIIFFAH18DC,7,152.01,商業用,鋼筋混凝土造,95年11月27日,七層,
RPUQMLQJJIIFFAH58DC,18,104.40,住家用,鋼筋混凝土造,85年1月31日,十三層,
RPTQMLOKJIIFFAH38DC,11,103.65,住家用,鋼筋混凝土造,91年11月8日,十層,
RPPOMLOKJIIFFGH28CC,19,176.95,住家用,鋼筋混凝土造,83年11月11日,十八層,
RPQOMLOKJIIFFGH38CC,18,80.89,住家用,鋼筋混凝土造,84年6月13日,七層,
RPOOMLOKJIIFFBH77DC,14,67.77,店舖、辦公室,鋼筋混凝土造,88年9月17日,十五層,
RPPOMLOKJIIFFBH87DC,14,80.38,店舖、辦公室,鋼筋混凝土造,88年9月17日,十五層,
RPSOMLOKJIIFFGH68DC,7,131.56,店舖、集合住宅,鋼筋混凝土造,95年12月13日,十五層,
RPQPMLPKJIIFFEH48DC,6,125.84,住家用,鋼筋混凝土造,97年4月1日,十層,
RPQPMLPKJIIFFEH48DC,6,27.12,集合住宅附屬管理員室,鋼筋混凝土造,97年4月1日,十層,
RPXRMLNKJIIFFAH68CC,27,124.00,住家用,鋼筋混凝土造,75年8月1日,二層,
RPTNMLNKJIIFFAH87CC,42,246.69,住家用,加強磚造,60年12月29日,三層,
RPRTMLNKJIIFFAH28CC,33,97.02,住家用,鋼筋混凝土造,69年11月15日,五層,
RPXPMLPKJIIFFAH88EC,12,97.13,商業用,鋼筋混凝土造,90年5月9日,九層,
RPWNMLPJJIIFFCH48CC,17,219.63,住家用,鋼筋混凝土造,86年1月30日,四層,
RPWNMLPJJIIFFCH48CC,17,18.33,共有部份,鋼筋混凝土造,86年1月30日,四層,
RPWNMLPJJIIFFCH48CC,17,.10,共有部份,鋼筋混凝土造,86年1月30日,一層,
RPWNMLPJJIIFFCH48CC,17,6.48,社區遊憩設施,鋼筋混凝土造,86年1月30日,十四層,
RPWNMLPJJIIFFCH48CC,16,.05,社區遊憩設施,鋼筋混凝土造,86年6月26日,十五層,
RPOOMLSKJIIFFEH38CC,18,661.95,工業用,鋼筋混凝土造,84年10月14日,三層,
RPSOMLSKJIIFFDH68CC,15,157.92,停車、住宅、屋頂、水箱,鋼筋混凝土造,87年12月31日,五層,
RPXOMLSKJIIFFAH98DC,29,86.74,住家用,鋼筋混凝土造,74年5月13日,五層,
RPSSMLSKJIIFFAH88DC,2,128.82,商業用,鋼筋混凝土造,100年9月7日,七層,
RPSUMLSKJIIFFAH09DC,14,154.41,商業用,鋼筋混凝土造,89年1月27日,十五層,
RPPNMLTKJIIFFGH68CC,12,166.85,住家用,鋼筋混凝土造,90年8月7日,八層,
RPRNMLTKJIIFFGH88CC,33,141.76,住家用,加強磚造,69年6月23日,二層,
RPPPNLTKJIIFFBH48CC,14,60.97,住家用,鋼筋混凝土造,89年3月2日,十九層,
RPRWMLSKJIIFFBH56CC,12,70.11,住家用,鋼筋混凝土造,91年4月4日,九層,
RPRWMLSKJIIFFBH56CC,12,10.81,共有部份,鋼筋混凝土造,91年4月4日,十層,
RPRWMLSKJIIFFBH56CC,12,17.97,共有部份,鋼筋混凝土造,91年4月4日,十四層,
RPUNMLOKJIIFFBH18CC,10,105.06,住家用,鋼筋混凝土造,92年10月24日,十層,
RPVTMLPKJIIFFBH98CC,23,363.25,店舖、住宅、避難室,鋼筋混凝土造,79年8月2日,四層,
RPTWMLSKJIIFFBH76CC,12,9.74,共有部份,鋼筋混凝土造,91年4月4日,十層,
RPTWMLSKJIIFFBH76CC,12,65.45,住家用,鋼筋混凝土造,91年4月4日,九層,
RPTWMLSKJIIFFBH76CC,12,16.64,共有部份,鋼筋混凝土造,91年4月4日,十四層,
RPOOMLSJJIIFFBH97CC,7,82.03,住家用,鋼筋混凝土造,96年3月1日,十五層,
RPOOMLSJJIIFFBH97CC,7,13.47,共有部份,鋼筋混凝土造,96年3月1日,十五層,
RPOOMLSJJIIFFBH97CC,7,42.71,共有部份,鋼筋混凝土造,96年3月1日,十五層,
RPPTMLSKJIIFFBH68CC,21,67.62,住家用,鋼筋混凝土造,81年10月13日,六層,
RPPTMLSKJIIFFBH68CC,21,19.04,共有部份,鋼筋混凝土造,81年10月13日,六層,
RPPTMLSKJIIFFBH68CC,21,5.38,共有部份,鋼筋混凝土造,81年10月13日,六層,
RPRQMLNKJIIFFBH08CC,13,674.52,儲藏室、住宅、梯間、停車空間,鋼筋混凝土造,89年7月27日,五層,
RPUNMLSJJIIFFBH48CC,20,92.30,住家用,鋼筋混凝土造,83年4月11日,十二層,
RPUNMLSJJIIFFBH48CC,20,24.63,共有部份,鋼筋混凝土造,83年4月11日,十二層,
RPPTMLOKJIIFFBH28CC,1,94.23,集合住宅,鋼筋混凝土造,102年3月6日,十五層,
RPVQMLTKJIIFFAH98CC,3,674.15,辦公室,鋼骨鋼筋混凝土造,99年8月18日,十九層,
RPRRMLTKJIIFFAH68CC,9,128.71,住家用,鋼筋混凝土造,93年7月27日,十四層,
RPRRMLTKJIIFFAH68CC,9,10.50,管理員室,鋼筋混凝土造,93年7月27日,十四層,
RPOSMLTKJIIFFAH48CC,15,72.36,住家用,鋼筋混凝土造,88年5月1日,十六層,
RPXQMLTKJIIFFAH56CC,39,89.64,住家用,加強磚造,63年6月15日,二層,
RPVNMLTKJIIFFFH76EC,7,397.29,見使用執照,鋼筋混凝土造,95年9月15日,四層,
RPQOMLKLJIIFFFH18EC,23,57.99,店舖，住宅，走道，防空避難室,鋼筋混凝土造,79年11月5日,七層,
RPVSMLKLJIIFFDH68CC,19,97.23,住家用,鋼筋混凝土造,83年12月9日,六層,
RPOPMLKLJIIFFGH97CC,38,67.50,住家用,加強磚造,64年10月30日,二層,
RPXRMLKLJIIFFBH58CC,19,92.85,住家用,鋼筋混凝土造,83年10月24日,十二層,
RPOOMLKLJIIFFFH77CC,19,17.41,共有部份,鋼筋混凝土造,83年12月21日,七層,
RPOOMLKLJIIFFFH77CC,19,139.81,住家用,鋼筋混凝土造,83年12月21日,四層,
RPSNMLLLJIIFFEH08CC,5,53.98,一般事務所,鋼筋混凝土造,97年6月20日,十二層,
RPRRMLLLJIIFFAH97CC,20,75.10,住家用,鋼筋混凝土造,82年12月24日,六層,
RPUNMLLLJIIFFEH28CC,18,111.86,住家用,鋼筋混凝土造,84年9月25日,二十層,
RPXQMLLLJIIFFAH48CC,10,70.00,住家用,鋼筋混凝土造,92年10月30日,八層,
RPROMLMLJIIFFBH97DC,21,76.70,住家用,鋼筋混凝土造,82年2月20日,七層,
RPTOMLPLJIIFFAH28CC,21,90.75,住家用,鋼筋混凝土造,81年8月1日,七層,
RPQPMLPLJIIFFAH08CC,10,133.56,住家用,鋼筋混凝土造,92年11月21日,十四層,
RPPRMLLLJIIFFAH87DC,18,58.87,住家用,鋼筋混凝土造,84年9月30日,二十層,
RPVNMLQLJIIFFEH88CC,19,184.25,住家用,鋼筋混凝土造,84年1月24日,四層,
RPQOMLQLJIIFFCH28CC,17,251.57,住商用,鋼筋混凝土造,86年1月30日,四層,
RPQOMLQLJIIFFCH28CC,17,33.54,共有部份,鋼筋混凝土造,86年1月30日,五層,
RPQOMLQLJIIFFCH28CC,17,.12,共有部份,鋼筋混凝土造,86年1月30日,一層,
RPQOMLQLJIIFFCH28CC,17,7.81,社區遊憩設施,鋼筋混凝土造,86年1月30日,十四層,
RPQOMLQLJIIFFCH28CC,16,.05,社區遊憩設施,鋼筋混凝土造,86年6月26日,十五層,
RPWNMLRLJIIFFGH66CC,35,60.00,住家用,加強磚造,68年1月25日,二層,
RPVNMLQLJIIFFFH56EC,30,88.68,住家用,鋼筋混凝土造,73年3月10日,四層,
RPOOMLRLJIIFFGH58CC,35,60.00,住家用,加強磚造,68年1月25日,二層,
RPPOMLQLJIIFFEH38CC,3,98.51,住家用,鋼筋混凝土造,100年5月11日,十二層,
RPQSMLQLJIIFFBH68DC,22,923.95,廠房、防空避難室,鋼筋混凝土造,80年6月1日,三層,
RPOOMLQLJIIFFCH08CC,17,251.57,住商用,鋼筋混凝土造,86年1月30日,四層,
RPOOMLQLJIIFFCH08CC,17,33.54,共有部份,鋼筋混凝土造,86年1月30日,五層,
RPOOMLQLJIIFFCH08CC,17,.12,共有部份,鋼筋混凝土造,86年1月30日,一層,
RPOOMLQLJIIFFCH08CC,17,7.81,社區遊憩設施,鋼筋混凝土造,86年1月30日,十四層,
RPOOMLQLJIIFFCH08CC,16,.05,社區遊憩設施,鋼筋混凝土造,86年6月26日,十五層,
RPPOMLQLJIIFFCH18CC,16,81.17,住家用,鋼筋混凝土造,86年6月26日,十五層,
RPPOMLQLJIIFFCH18CC,16,5.26,共有部份,鋼筋混凝土造,86年6月26日,十五層,
RPPOMLQLJIIFFCH18CC,16,1.41,共有部份,鋼筋混凝土造,86年6月26日,十八層,
RPPOMLQLJIIFFCH18CC,16,1.20,共同使用（防空避難室，停車場）,鋼筋混凝土造,86年6月26日,十八層,
RPPOMLQLJIIFFCH18CC,16,.04,共有部份,鋼筋混凝土造,86年6月26日,一層,
RPPOMLQLJIIFFCH18CC,17,.05,社區遊憩設施,鋼筋混凝土造,86年1月30日,十四層,
RPPOMLQLJIIFFCH18CC,16,2.78,社區遊憩設施,鋼筋混凝土造,86年6月26日,十五層,
RPRRMLRLJIIFFAH58CC,20,144.71,住商用,鋼筋混凝土造,82年12月22日,七層,
RPROMLRLJIIFFBH38CC,16,241.18,住商用,鋼筋混凝土造,86年5月30日,十二層,
RPOSMLSLJIIFFBH58CC,43,2343.80,工業用,加強磚造及鋼筋,60年2月1日,二層,
RPQOMLTLJIIFFBH48CC,13,28.17,住家用,鋼筋混凝土造,89年8月8日,十四層,
RPQOMLTLJIIFFBH48CC,13,5.46,共有部份,鋼筋混凝土造,89年8月8日,十四層,
RPQOMLTLJIIFFBH48CC,13,2.16,共有部份,鋼筋混凝土造,89年8月8日,十四層,
RPROMLTLJIIFFBH58CC,20,111.33,住家用,鋼筋混凝土造,82年8月18日,八層,
RPROMLTLJIIFFBH58CC,20,22.91,共有部份,鋼筋混凝土造,82年8月18日,八層,
RPSNMLTLJIIFFGH56DC,6,247.26,停車空間、店舖、住宅、騎樓,鋼筋混凝土造,96年5月31日,五層,
RPSNMLTLJIIFFGH56DC,6,.97,共有部份,鋼筋混凝土造,96年5月31日,一層,
RPXOMLRLJIIFFBH98CC,30,71.74,住家用,鋼筋混凝土造,72年12月7日,五層,
RPXOMLRLJIIFFBH98CC,30,3.59,共有部份,鋼筋混凝土造,72年12月7日,五層,
RPSOMLMJKIIFFBH97DC,4,65.95,住家用,鋼筋混凝土造,98年6月29日,二十一層,
RPRPMLMJKIIFFBH87CC,32,94.68,住商用,鋼筋混凝土造,70年9月2日,四層,
RPRPMLTLJIIFFBH68CC,,122.22,商業用,磚造,,二層,
RPXOMLMJKIIFFDH58CC,19,41.77,住家用,鋼筋混凝土造,84年3月24日,十五層,
RPOQMLMJKIIFFDH87CC,19,46.60,住家用,鋼筋混凝土造,84年3月24日,十五層,
RPQPMLMJKIIFFBH77CC,1,161.80,集合住宅,鋼筋混凝土造,102年2月20日,十層,
RPQQMLMJKIIFFDH08CC,19,41.77,住家用,鋼筋混凝土造,84年3月24日,十五層,
RPPNMLNJKIIFFFH97CC,42,53.36,住家用,磚石造,61年1月15日,一層,
RPUOMLKLJIIFFFH48DC,8,241.36,見使用執照,鋼筋混凝土造,94年7月20日,四層,
RPUOMLNJKIIFFEH48CC,1,229.03,店舖、住宅、住宅（附屬停車空間、梯間）,鋼筋混凝土造,101年12月25日,五層,
RPXOMLOJKIIFFBH68DC,9,287.06,住商用,鋼筋混凝土造,94年3月31日,五層,
RPXOMLOJKIIFFBH68DC,9,279.06,住商用,鋼筋混凝土造,94年3月31日,五層,
RPWOMLMJKIIFFDH58DC,16,76.40,住家用,鋼筋混凝土造,86年9月5日,五層,
RPWOMLOJKIIFFAH48DC,18,15.04,住家用,鋼筋混凝土造,84年9月2日,八層,
RPPRMLOJKIIFFBH18DC,17,172.29,住家用,鋼筋混凝土造,86年1月29日,四層,
RPRQMLOJKIIFFDH48DC,17,101.51,住家用,鋼筋混凝土造,85年7月10日,五層,
RPUQMLPJKIIFFAH58DC,39,92.82,住家用,加強磚造,64年4月24日,二層,
RPPOMLPJKIIFFGH48DC,34,248.06,避難、通道、店舖、住宅,鋼筋混凝土造,69年2月14日,三層,
RPWOMLPJKIIFFEH98DC,20,186.79,住家用,鋼筋混凝土造,82年7月3日,四層,
RPPOMLNJKIIFFGH18CC,35,119.32,住家用,加強磚造,67年12月29日,二層,
RPXQMLQJKIIFFBH09DC,35,77.40,住家用,加強磚造,67年9月20日,二層,
RPOOMLQJKIIFFAH87DC,31,68.64,住家用,鋼筋混凝土造,71年8月30日,五層,
RPWOMLNJKIIFFCH48CC,16,82.43,住家用,鋼筋混凝土造,86年6月26日,十五層,
RPWOMLNJKIIFFCH48CC,16,5.13,共有部份,鋼筋混凝土造,86年6月26日,十五層,
RPWOMLNJKIIFFCH48CC,16,1.44,共有部份,鋼筋混凝土造,86年6月26日,十八層,
RPWOMLNJKIIFFCH48CC,16,1.20,共同使用（防空避難室，停車場）,鋼筋混凝土造,86年6月26日,十八層,
RPWOMLNJKIIFFCH48CC,16,.04,共有部份,鋼筋混凝土造,86年6月26日,一層,
RPWOMLNJKIIFFCH48CC,16,2.83,社區遊憩設施,鋼筋混凝土造,86年6月26日,十五層,
RPWOMLNJKIIFFCH48CC,17,.05,社區遊憩設施,鋼筋混凝土造,86年1月30日,十四層,
RPPOMLQJKIIFFAH97DC,19,142.71,住家用,鋼筋混凝土造,83年7月9日,十五層,
RPPSMLNJKIIFFBH08CC,20,550.15,辦公室,鋼骨鋼筋混凝土造,83年4月18日,二十二層,
RPPSMLNJKIIFFBH08CC,20,100.04,共有部份,鋼骨鋼筋混凝土造,83年4月18日,二十二層,
RPWQMLOJKIIFFBH68CC,6,269.66,住家用,鋼筋混凝土造,97年4月6日,二十二層,
RPXOMLQJKIIFFBH78CC,10,106.31,住家用,鋼筋混凝土造,93年3月25日,十層,
RPOVMLPJKIIFFBH48CC,13,71.12,住家用,鋼筋混凝土造,90年1月15日,十層,
RPOVMLPJKIIFFBH48CC,13,11.38,共有部份,鋼筋混凝土造,90年1月15日,十層,
RPOVMLPJKIIFFBH48CC,13,18.66,共有部份,鋼筋混凝土造,90年1月15日,十層,
RPTQMLPJKIIFFBH48CC,18,371.71,工業用,鋼筋混凝土造,85年5月21日,三層,
RPPOMLRJKIIFFAH97CC,16,130.96,住家用,鋼筋混凝土造,87年4月2日,二十四層,
RPPOMLRJKIIFFAH97CC,16,22.81,共有部份,鋼筋混凝土造,87年4月2日,二十四層,
RPPOMLRJKIIFFAH97CC,16,52.45,共有部份,鋼筋混凝土造,87年4月2日,二十四層,
RPSQMLRJKIIFFAH48CC,9,75.51,住家用,鋼筋混凝土造,93年12月31日,十四層,
RPSQMLRJKIIFFAH48CC,9,46.00,共有部份,鋼筋混凝土造,93年12月31日,十四層,
RPSQMLRJKIIFFAH48CC,9,15.37,共有部份,鋼筋混凝土造,93年12月31日,十四層,
RPUNMLKMJIIFFAH87CC,22,207.98,集合住宅﹐自用儲藏室,鋼筋混凝土造,81年4月30日,五層,
RPUNMLKMJIIFFAH87CC,22,3.50,共有部份,鋼筋混凝土造,81年4月30日,五層,
RPVQMLRJKIIFFAH78CC,24,40.46,住家用,鋼筋混凝土造,78年9月30日,十層,
RPVQMLRJKIIFFAH78CC,24,6.01,共有部份,鋼筋混凝土造,78年9月30日,十層,
RPVQMLRJKIIFFAH78CC,24,3.98,共有部份,鋼筋混凝土造,78年9月30日,十層,
RPSOMLRJKIIFFAH28CC,13,57.29,住家用,鋼筋混凝土造,89年8月31日,十四層,
RPSOMLRJKIIFFAH28CC,13,17.44,共有部份,鋼筋混凝土造,89年8月31日,十四層,
RPQQMLRJKIIFFAH28CC,14,70.00,住家用,鋼筋混凝土造,88年11月29日,二十四層,
RPQQMLRJKIIFFAH28CC,14,4.96,共有部份,鋼筋混凝土造,88年11月29日,二十四層,
RPQQMLRJKIIFFAH28CC,14,15.24,共有部份,鋼筋混凝土造,88年11月29日,二十四層,
RPPPMLTLJIIFFAH38CC,23,114.06,住家用,鋼筋混凝土造,80年1月19日,五層,
RPXNMLTJKIIFFBH98CC,19,145.63,住家用,鋼筋混凝土造,84年1月4日,十三層,
RPXNMLTJKIIFFBH98CC,19,10.41,共有部份,鋼筋混凝土造,84年1月4日,十三層,
RPXNMLTJKIIFFBH98CC,19,22.55,共有部份,鋼筋混凝土造,84年1月4日,十三層,
RPPQMLTJKIIFFEH78CC,14,63.27,住家用,鋼筋混凝土造,89年4月5日,十二層,
RPPQMLTJKIIFFEH78CC,14,11.05,共有部份,鋼筋混凝土造,89年4月5日,十二層,
RPPQMLTJKIIFFEH78CC,14,5.69,共有部份,鋼筋混凝土造,89年4月5日,十四層,
RPUPMLTJKIIFFEH56CC,10,87.08,住家用,鋼筋混凝土造,93年3月25日,十四層,
RPUPMLTJKIIFFEH56CC,10,10.54,共有部份,鋼筋混凝土造,93年3月25日,十四層,
RPUPMLTJKIIFFEH56CC,10,20.28,共有部份,鋼筋混凝土造,93年3月25日,十四層,
RPXPMLTJKIIFFEH86CC,14,63.27,住家用,鋼筋混凝土造,89年4月5日,十二層,
RPXPMLTJKIIFFEH86CC,14,11.06,共有部份,鋼筋混凝土造,89年4月5日,十二層,
RPXPMLTJKIIFFEH86CC,14,5.69,共有部份,鋼筋混凝土造,89年4月5日,十四層,
RPUOMLTJKIIFFGH66CC,32,98.80,住家用,加強磚造,71年4月2日,二層,
RPVNMLTJKIIFFBH88DC,20,31.29,住家用,鋼筋混凝土造,82年9月8日,十六層,
RPVNMLTJKIIFFBH88DC,20,6.95,住家用,鋼筋混凝土造,82年9月8日,十六層,
RPVNMLTJKIIFFBH88DC,20,7.32,共有部份,鋼筋混凝土造,82年9月8日,十六層,
RPVNMLTJKIIFFBH88DC,20,3.10,共有部份,鋼筋混凝土造,82年9月8日,十六層,
RPPRMLRJKIIFFAH28CC,10,46.86,住家用,鋼筋混凝土造,92年7月28日,十四層,
RPPRMLRJKIIFFAH28CC,10,6.71,共有部份,鋼筋混凝土造,92年7月28日,十四層,
RPPRMLRJKIIFFAH28CC,10,10.02,共有部份,鋼筋混凝土造,92年7月28日,十四層,
RPROMLTJKIIFFAH48DC,18,49.73,住家用,鋼筋混凝土造,84年9月2日,八層,
RPQRMLRJKIIFFAH38CC,33,24.39,套房．辦公室,鋼筋混凝土造,69年10月7日,十二層,
RPQRMLRJKIIFFAH38CC,33,7.34,共有部份,鋼筋混凝土造,69年10月7日,十二層,
RPRQMLTJKIIFFAH58CC,19,105.43,住家用,鋼筋混凝土造,84年2月25日,二十三層,
RPRQMLTJKIIFFAH58CC,19,22.22,共有部份,鋼筋混凝土造,84年2月25日,二十三層,
RPRQMLTJKIIFFAH58CC,19,16.35,共有部份,鋼筋混凝土造,84年2月25日,二十三層,
RPVRMLTJKIIFFAH09CC,15,49.92,辦公室,鋼筋混凝土造,87年12月31日,九層,
RPVRMLTJKIIFFAH09CC,15,21.55,共有部份,鋼筋混凝土造,87年12月31日,九層,
RPORMLRJKIIFFAH18CC,17,83.74,住家用,鋼筋混凝土造,85年4月12日,二十一層,
RPORMLRJKIIFFAH18CC,17,8.80,共有部份,鋼筋混凝土造,85年4月12日,十三層,
RPORMLRJKIIFFAH18CC,17,9.19,共有部份,鋼筋混凝土造,85年4月12日,二十一層,
RPXQMLRJKIIFFAH98CC,20,61.79,住家用,鋼筋混凝土造,83年3月5日,八層,
RPXQMLRJKIIFFAH98CC,20,7.92,共有部份,鋼筋混凝土造,83年3月5日,八層,
RPXQMLRJKIIFFAH98CC,20,6.11,共有部份,鋼筋混凝土造,83年3月5日,八層,
RPPSMLKKKIIFFBH97DC,6,31.01,住家用,鋼筋混凝土造,97年4月6日,二十二層,
RPPSMLKKKIIFFBH97DC,6,2.91,住家用,鋼筋混凝土造,97年4月6日,二十二層,
RPPSMLKKKIIFFBH97DC,6,1.91,共有部份,鋼筋混凝土造,97年4月6日,二十二層,
RPPSMLKKKIIFFBH97DC,6,1.75,共有部份,鋼筋混凝土造,97年4月6日,二十二層,
RPPSMLKKKIIFFBH97DC,6,7.48,共有部份,鋼筋混凝土造,97年4月6日,二十二層,
RPPSMLKKKIIFFBH97DC,6,.40,共有部份,鋼筋混凝土造,97年4月6日,二十二層,
RPPSMLKKKIIFFBH97DC,6,.70,共有部份,鋼筋混凝土造,97年4月6日,二十二層,
RPXNMLTJKIIFFGH96DC,9,211.68,住宅、停車空間,鋼筋混凝土造,93年6月11日,四層,
RPPOMLKKKIIFFCH57CC,17,70.87,住家用,鋼筋混凝土造,86年1月30日,十層,
RPPOMLKKKIIFFCH57CC,17,4.52,共有部份,鋼筋混凝土造,86年1月30日,十層,
RPPOMLKKKIIFFCH57CC,17,.87,共有部份,鋼筋混凝土造,86年1月30日,十四層,
RPPOMLKKKIIFFCH57CC,17,.99,共有部份,鋼筋混凝土造,86年1月30日,十四層,
RPPOMLKKKIIFFCH57CC,17,.03,共有部份,鋼筋混凝土造,86年1月30日,一層,
RPUOMLKKKIIFFAH87CC,17,142.28,住家用,鋼筋混凝土造,85年7月6日,七層,
RPUNMLKKKIIFFFH48EC,6,378.17,住商用,鋼筋混凝土造,97年1月23日,五層,
RPXOMLKKKIIFFAH18CC,8,74.08,住商用,鋼筋混凝土造,95年1月3日,十三層,
RPWOMLLKKIIFFBH38DC,,132.41,集合住宅,鋼筋混凝土造,102年6月5日,十五層,
RPUOMLLKKIIFFBH18DC,,132.41,集合住宅,鋼筋混凝土造,102年6月5日,十五層,
RPSPMLLKKIIFFAH87CC,33,80.11,住家用,鋼筋混凝土造,69年8月27日,四層,
RPRRMLLKKIIFFBH18DC,,132.41,集合住宅,鋼筋混凝土造,102年6月5日,十五層,
RPOSMLMKKIIFFEH38DC,7,37.96,住家用,鋼筋混凝土造,95年10月19日,十二層,
RPQNMLMKKIIFFFH08CC,33,92.65,住家用,加強磚造,69年12月30日,四層,
RPXOMLLKKIIFFBH48DC,,132.41,集合住宅,鋼筋混凝土造,102年6月5日,十五層,
RPVNMLMKKIIFFAH08CC,3,121.47,住家用,鋼筋混凝土造,99年6月28日,十五層,
RPTRMLMKKIIFFAH28CC,18,43.20,商業用,鋼筋混凝土造,85年4月20日,六層,
RPTRMLMKKIIFFAH28CC,18,5.04,共有部份,鋼筋混凝土造,85年4月20日,六層,
RPTRMLMKKIIFFAH28CC,18,2.19,共有部份,鋼筋混凝土造,85年4月20日,六層,
RPTRMLMKKIIFFAH28CC,18,6.48,共有部份,鋼筋混凝土造,85年4月20日,六層,
RPTRMLMKKIIFFAH28CC,18,27.84,共有部份,鋼筋混凝土造,85年4月20日,六層,
RPVNMLNKKIIFFAH38EC,18,90.00,商業用,鋼筋混凝土造,85年1月31日,十三層,
RPVNMLNKKIIFFAH38EC,18,90.00,辦公室,鋼筋混凝土造,85年1月31日,十三層,
RPRNMLNKKIIFFFH38DC,35,61.60,住家用,加強磚造,67年9月30日,二層,
RPOOMLMKKIIFFGH28EC,20,289.30,住宅、自用儲藏室、店舖,鋼筋混凝土造,83年5月4日,三層,
RPRNMLNKKIIFFBH97DC,9,103.81,住家用,鋼筋混凝土造,93年9月15日,十層,
RPUNMLNKKIIFFFH68DC,,166.32,住家用,鋼筋混凝土造,102年7月1日,十三層,
RPRNMLMKKIIFFFH18CC,17,117.66,住家用,鋼筋混凝土造,85年10月9日,十三層,
RPWNMLKKKIIFFEH38CC,37,130.65,住家用,加強磚造,65年12月30日,二層,
RPXOMLMKKIIFFEH78CC,14,149.89,住家用,鋼筋混凝土造,88年7月7日,十四層,
RPRQMLTJKIIFFEH98CC,8,68.86,住家用,鋼筋混凝土造,95年2月18日,十三層,
RPRQMLTJKIIFFEH98CC,8,12.12,共有部份,鋼筋混凝土造,95年2月18日,十三層,
RPRQMLTJKIIFFEH98CC,8,7.17,共有部份,鋼筋混凝土造,95年2月18日,十三層,
RPPOMLQKKIIFFEH38CC,1,140.28,店舖、集合住宅,鋼筋混凝土造,101年6月18日,十三層,
RPPNMLOKKIIFFEH08CC,17,59.60,住家用,鋼筋混凝土造,86年1月22日,二十七層,
RPXSMLMKKIIFFEH56CC,20,101.47,辦公室,鋼筋混凝土造,82年7月12日,十八層,
RPWRMLQKKIIFFAH98CC,38,19.75,住家用,加強磚造,65年4月2日,二層,
RPPPMLQKKIIFFAH08CC,10,34.55,住家用,鋼筋混凝土造,92年7月28日,十四層,
RPPPMLQKKIIFFAH08CC,10,4.85,共有部份,鋼筋混凝土造,92年7月28日,十四層,
RPPPMLQKKIIFFAH08CC,10,9.04,共有部份,鋼筋混凝土造,92年7月28日,十四層,
RPOQMLQKKIIFFAH08CC,19,67.32,住家用,鋼筋混凝土造,84年4月19日,十九層,
RPOQMLQKKIIFFAH08CC,19,12.52,共有部份,鋼筋混凝土造,84年4月19日,二十層,
RPOQMLQKKIIFFAH08CC,19,2.57,共有部份,鋼筋混凝土造,84年4月19日,十九層,
RPOPMLQKKIIFFAH97CC,21,69.92,住家用,鋼筋混凝土造,81年11月11日,十五層,
RPOPMLQKKIIFFAH97CC,21,16.93,共有部份,鋼筋混凝土造,81年11月11日,十六層,
RPSPMLQKKIIFFAH38CC,18,51.90,店舖．起居室．集合住宅,鋼筋混凝土造,85年1月18日,十七層,
RPSPMLQKKIIFFAH38CC,18,14.65,共有部份,鋼筋混凝土造,85年1月18日,十七層,
RPVPMLQKKIIFFAH68CC,18,30.40,住家用,鋼筋混凝土造,85年1月18日,十七層,
RPVPMLQKKIIFFAH68CC,18,12.56,共有部份,鋼筋混凝土造,85年1月18日,十七層,
RPVRMLMKKIIFFAH48CC,19,131.86,住家用,鋼筋混凝土造,83年7月13日,十七層,
RPQPMLQKKIIFFAH18CC,18,51.94,住家用,鋼筋混凝土造,84年7月4日,十三層,
RPQPMLQKKIIFFAH18CC,18,3.27,共有部份,鋼筋混凝土造,84年7月4日,十三層,
RPQPMLQKKIIFFAH18CC,18,36.35,共有部份,鋼筋混凝土造,84年7月4日,十三層,
RPQPMLQKKIIFFAH18CC,18,1.45,共有部份,鋼筋混凝土造,84年7月4日,十三層,
RPQPMLQKKIIFFAH18CC,18,4.82,共有部份,鋼筋混凝土造,84年7月4日,十三層,
RPXOMLQKKIIFFAH78CC,18,91.50,住家用,鋼筋混凝土造,84年4月19日,十八層,
RPXOMLQKKIIFFAH78CC,18,16.69,共有部份,鋼筋混凝土造,84年4月19日,二十層,
RPXOMLQKKIIFFAH78CC,18,3.75,共有部份,鋼筋混凝土造,84年4月19日,十八層,
RPVSMLQKKIIFFAH98CC,19,74.82,住家用,鋼筋混凝土造,84年5月20日,十三層,
RPVSMLQKKIIFFAH98CC,19,13.00,共有部份,鋼筋混凝土造,84年5月20日,十三層,
RPVSMLQKKIIFFAH98CC,19,7.37,共有部份,鋼筋混凝土造,84年5月20日,十三層,
RPVSMLQKKIIFFAH98CC,19,18.69,共有部份,鋼筋混凝土造,84年5月20日,十三層,
RPUSMLQKKIIFFAH88CC,18,30.40,住家用,鋼筋混凝土造,85年1月18日,十七層,
RPUSMLQKKIIFFAH88CC,18,12.56,共有部份,鋼筋混凝土造,85年1月18日,十七層,
RPOTMLQKKIIFFAH38CC,19,58.01,住家用,鋼筋混凝土造,83年10月26日,十六層,
RPOTMLQKKIIFFAH38CC,19,.33,共有部份,鋼筋混凝土造,83年10月26日,十六層,
RPOTMLQKKIIFFAH38CC,19,9.10,共有部份,鋼筋混凝土造,83年10月26日,十六層,
RPOTMLQKKIIFFAH38CC,19,2.84,共有部份,鋼筋混凝土造,83年10月26日,十六層,
RPTTMLQKKIIFFAH88CC,16,139.97,住家用,鋼筋混凝土造,86年5月13日,十九層,
RPTTMLQKKIIFFAH88CC,16,71.67,共有部份,鋼筋混凝土造,86年5月13日,十九層,
RPTTMLQKKIIFFAH88CC,16,98.41,住家用,鋼筋混凝土造,86年5月13日,十九層,
RPTTMLQKKIIFFAH88CC,16,60.29,共有部份,鋼筋混凝土造,86年5月13日,十九層,
RPSTMLQKKIIFFAH78CC,20,75.05,住家用,鋼筋混凝土造,82年10月18日,七層,
RPSTMLQKKIIFFAH78CC,20,21.10,共有部份,鋼筋混凝土造,82年10月18日,七層,
RPSTMLQKKIIFFAH78CC,20,4.66,共有部份,鋼筋混凝土造,82年10月18日,七層,
RPXSMLQKKIIFFAH56CC,20,90.74,住家用,鋼筋混凝土造,82年8月23日,十二層,
RPXSMLQKKIIFFAH56CC,20,18.26,共有部份,鋼筋混凝土造,82年8月23日,十二層,
RPWSMLQKKIIFFAH09CC,16,23.23,辦公室,鋼筋混凝土造,86年11月17日,十四層,
RPWSMLQKKIIFFAH09CC,16,7.08,共有部份,鋼筋混凝土造,86年11月17日,十四層,
RPWSMLQKKIIFFAH09CC,16,1.64,共有部份,鋼筋混凝土造,86年11月17日,十四層,
RPRTMLQKKIIFFAH68CC,11,30.04,住家用,鋼筋混凝土造,91年8月21日,五層,
RPRTMLQKKIIFFAH68CC,11,11.11,共有部份,鋼筋混凝土造,91年8月21日,五層,
RPPTMLQKKIIFFAH48CC,8,85.41,住家用,鋼筋混凝土造,95年1月3日,十三層,
RPPTMLQKKIIFFAH48CC,8,10.84,共有部份,鋼筋混凝土造,95年1月3日,十三層,
RPPTMLQKKIIFFAH48CC,8,30.06,住商用,鋼筋混凝土造,95年1月3日,十三層,
RPQTMLQKKIIFFAH58CC,9,47.84,住家用,鋼筋混凝土造,93年7月19日,十四層,
RPQTMLQKKIIFFAH58CC,9,13.96,共有部份,鋼筋混凝土造,93年7月19日,十四層,
RPQTMLQKKIIFFAH58CC,9,8.94,共有部份,鋼筋混凝土造,93年7月19日,十四層,
RPSNMLQKKIIFFFH68CC,5,90.45,住家用,鋼筋混凝土造,97年4月25日,十五層,
RPSNMLQKKIIFFFH68CC,5,44.90,共有部份,鋼筋混凝土造,97年4月25日,,
RPSNMLQKKIIFFFH68CC,5,24.57,共有部份,鋼筋混凝土造,97年4月25日,十五層,
RPOOMLRKKIIFFFH58DC,14,140.16,國民住宅,鋼筋混凝土造,88年11月25日,十三層,
RPSRMLRKKIIFFAH68CC,3,204.53,住家用,鋼筋混凝土造,100年1月10日,十二層,
RPPTMLSKKIIFFAH68CC,1,63.00,住家用,鋼筋混凝土造,102年1月28日,二十八層,
RPQNMLSKKIIFFFH88EC,15,136.15,集合住宅、店舖、自用儲藏室,鋼骨鋼筋混凝土造,87年7月29日,十八層,
RPRPMLKLKIIFFAH97EC,1,103.56,住家用,鋼筋混凝土造,101年10月7日,十四層,
RPRPMLKLKIIFFAH97EC,1,47.43,本共有部分之項目有（附屬停車空間）等１項。,鋼筋混凝土造,101年10月7日,十四層,
RPRPMLKLKIIFFAH97EC,1,27.16,本共有部分之項目有（附屬電梯間）等１項。,鋼筋混凝土造,101年10月7日,十四層,
RPPPMLSKKIIFFBH38CC,23,120.70,住家用,鋼筋混凝土造,80年2月6日,十二層,
RPPPMLSKKIIFFBH38CC,23,13.53,共有部份,鋼筋混凝土造,80年2月6日,十二層,
RPURMLKLKIIFFAH28CC,17,92.28,住家用,鋼筋混凝土造,85年9月18日,七層,
RPURMLKLKIIFFAH28CC,17,46.21,共有部份,鋼筋混凝土造,85年9月18日,七層,
RPPNMLNLKIIFFAH67CC,11,38.11,住家用,鋼筋混凝土造,91年6月12日,九層,
RPPNMLNLKIIFFAH67CC,11,12.99,共有部份,鋼筋混凝土造,91年6月12日,九層,
RPWPMLNLKIIFFEH98CC,26,77.61,住宅、人行道,鋼筋混凝土造,77年2月13日,四層,
RPQNMLNLKIIFFAH77CC,14,94.92,國民住宅,鋼筋混凝土造,88年8月20日,十二層,
RPQNMLNLKIIFFAH77CC,14,38.89,共有部份,鋼筋混凝土造,88年8月20日,十二層,
RPQNMLNLKIIFFAH77CC,14,15.49,共有部份,鋼筋混凝土造,88年8月20日,十二層,
RPUOMLNLKIIFFEH68CC,18,83.56,住家用,鋼筋混凝土造,84年8月11日,二十層,
RPPQMLNLKIIFFEH38CC,18,419.98,住家用,鋼筋混凝土造,85年2月10日,四層,
RPQQMLNLKIIFFEH48CC,18,57.93,住家用,鋼筋混凝土造,84年8月11日,二十層,
RPQQMLNLKIIFFEH48CC,18,12.09,共有部份,鋼筋混凝土造,84年8月11日,二十層,
RPQQMLNLKIIFFEH48CC,18,7.82,共有部份,鋼筋混凝土造,84年8月11日,二十層,
RPRQMLNLKIIFFEH58CC,17,32.71,住家用,鋼筋混凝土造,85年5月28日,十六層,
RPRQMLNLKIIFFEH58CC,17,6.81,共有部份,鋼筋混凝土造,85年5月28日,十六層,
RPRQMLNLKIIFFEH58CC,17,1.57,共有部份,鋼筋混凝土造,85年5月28日,十六層,
RPSOMLNLKIIFFEH58DC,1,134.50,住家用,鋼筋混凝土造,101年11月6日,十層,
RPSOMLNLKIIFFEH58DC,1,16.93,住家用,鋼筋混凝土造,101年11月6日,十層,
RPUNMLNLKIIFFDH48CC,15,232.74,住宅停車,鋼筋混凝土造,87年8月7日,五層,
RPWPMLNLKIIFFGH56CC,17,209.17,住宅、停車空間,鋼筋混凝土造,85年7月15日,四層,
RPWOMLNLKIIFFDH78CC,19,256.22,見其他登記事項,鋼筋混凝土造,83年9月12日,六層,
RPOPMLOLKIIFFAH87CC,20,107.00,住家用,鋼筋混凝土造,83年4月11日,十三層,
RPPRMLOLKIIFFAH18CC,10,46.67,住家用,鋼筋混凝土造,92年7月28日,十四層,
RPPRMLOLKIIFFAH18CC,10,10.02,共有部份,鋼筋混凝土造,92年7月28日,十四層,
RPPRMLOLKIIFFAH18CC,10,6.71,共有部份,鋼筋混凝土造,92年7月28日,十四層,
RPQRMLOLKIIFFAH28CC,16,61.73,住家用,鋼筋混凝土造,86年7月1日,十七層,
RPQRMLOLKIIFFAH28CC,16,12.86,共有部份,鋼筋混凝土造,86年7月1日,十七層,
RPRRMLOLKIIFFAH38CC,17,41.83,住家用,鋼筋混凝土造,85年7月13日,十一層,
RPRRMLOLKIIFFAH38CC,17,2.09,共有部份,鋼筋混凝土造,85年7月13日,十一層,
RPRRMLOLKIIFFAH38CC,17,4.78,共有部份,鋼筋混凝土造,85年7月13日,十五層,
RPVRMLOLKIIFFAH78CC,18,51.85,住家用,鋼筋混凝土造,85年1月18日,十七層,
RPVRMLOLKIIFFAH78CC,18,18.14,共有部份,鋼筋混凝土造,85年1月18日,十七層,
RPOSMLOLKIIFFAH18CC,16,35.89,住家用,鋼筋混凝土造,87年4月2日,二十四層,
RPOSMLOLKIIFFAH18CC,16,6.68,共有部份,鋼筋混凝土造,87年4月2日,二十四層,
RPOSMLOLKIIFFAH18CC,16,4.29,共有部份,鋼筋混凝土造,87年4月2日,二十四層,
RPPSMLOLKIIFFAH28CC,10,61.68,住家用,鋼筋混凝土造,92年8月19日,十四層,
RPPSMLOLKIIFFAH28CC,10,11.24,共有部份,鋼筋混凝土造,92年8月19日,十四層,
RPPSMLOLKIIFFAH28CC,10,11.51,共有部份,鋼筋混凝土造,92年8月19日,十四層,
RPXNMLPLKIIFFAH68CC,31,70.23,商業用,鋼筋混凝土造,72年1月25日,七層,
RPXNMLPLKIIFFAH68CC,31,70.23,商業用,鋼筋混凝土造,72年1月25日,七層,
RPXNMLPLKIIFFEH56DC,35,294.63,住家用,加強磚造,68年1月7日,二層,
RPWQMLQKKIIFFAH98DC,18,117.00,住家用,鋼筋混凝土造,84年11月3日,二十層,
RPOPMLNKKIIFFAH77DC,27,110.15,住家用,加強磚造,75年12月24日,二層,
RPUNMLQLKIIFFEH88CC,20,87.13,住家用,鋼筋混凝土造,83年5月31日,十三層,
RPUNMLQLKIIFFEH88CC,20,11.42,共有部份,鋼筋混凝土造,83年5月31日,十三層,
RPUNMLQLKIIFFEH88CC,20,14.30,共有部份,鋼筋混凝土造,83年5月31日,十五層,
RPPTMLQLKIIFFEH98CC,19,103.71,店舖、人行道、集合住宅,鋼筋混凝土造,83年11月29日,七層,
RPPTMLQLKIIFFEH98CC,19,17.85,共有部份,鋼筋混凝土造,83年11月29日,七層,
RPPNMLRLKIIFFEH48CC,20,121.63,住家用,鋼筋混凝土造,82年9月21日,十二層,
RPUQMLRLKIIFFAH88CC,17,96.21,住家用,鋼筋混凝土造,85年8月9日,三層,
RPUQMLRLKIIFFAH88CC,17,9.20,共有部份,鋼筋混凝土造,85年8月9日,三層,
RPWOMLQKKIIFFFH56CC,6,90.45,住家用,鋼筋混凝土造,97年4月25日,十五層,
RPWOMLQKKIIFFFH56CC,6,44.90,共有部份,鋼筋混凝土造,97年4月25日,,
RPWOMLQKKIIFFFH56CC,6,24.57,共有部份,鋼筋混凝土造,97年4月25日,十五層,
RPVPMLRLKIIFFAH98DC,1,164.43,住家用,鋼筋混凝土造,101年12月10日,十五層,
RPWRMLPLKIIFFBH56DC,22,97.00,住家用,鋼筋混凝土造,80年6月12日,七層,
RPUPMLRKKIIFFBH88DC,30,73.44,住家用,鋼筋混凝土造,72年6月24日,五層,
RPURMLPLKIIFFBH98DC,9,195.62,住家用,鋼筋混凝土造,93年11月21日,四層,
RPRQMLTKKIIFFBH88DC,2,322.14,集合住宅、店舖,鋼筋混凝土造,100年12月2日,十層,
RPQOMLLMKIIFFDH18DC,17,68.85,住家用,鋼筋混凝土造,86年5月12日,五層,
RPQOMLLMKIIFFDH18DC,17,6.27,樓梯間、水箱,鋼筋混凝土造,86年5月12日,五層,
RPQOMLLMKIIFFDH18DC,17,12.63,防空避難室、停車場,鋼筋混凝土造,86年5月12日,五層,
RPTOMLKMKIIFFFH68EC,17,132.37,住家用,鋼筋混凝土造,86年4月22日,八層,
RPSNMLLMKIIFFFH48DC,34,98.28,住商用,加強磚造,68年10月25日,三層,
RPXNMLLMKIIFFBH58DC,2,150.14,集合住宅、店舖,鋼筋混凝土造,100年12月2日,十層,
RPXRMLOLKIIFFAH56EC,26,188.24,儲藏室．店舖．住宅．通行道,鋼筋混凝土造,77年6月14日,五層,
RPPOMLLMKIIFFGH28CC,18,207.60,人行道、住宅,鋼筋混凝土造,84年12月29日,二層,
RPWNMLKMKIIFFEH68DC,8,84.52,住家用,鋼筋混凝土造,95年2月21日,十四層,
RPRRMLLMKIIFFAH18CC,34,86.10,住家用,鋼筋混凝土造,68年9月6日,五層,
RPQRMLRLKIIFFAH58CC,10,84.96,住家用,鋼筋混凝土造,92年8月19日,十四層,
RPQRMLRLKIIFFAH58CC,10,30.49,警衛室,鋼筋混凝土造,92年8月19日,十四層,
RPPPMLKMKIIFFEH08CC,8,84.52,住家用,鋼筋混凝土造,95年2月21日,十四層,
RPOPMLMJJHJFFEH77CC,3,145.06,住家用,鋼筋混凝土造,100年5月11日,十二層,
RPWRMLNJJHJFFAH58DC,16,99.17,走道，店舖，停車空間，住宅,鋼骨造,87年6月20日,二層,
RPOPMLNJJHJFFFH97CC,19,115.63,住家用,鋼筋混凝土造,84年1月25日,十三層,
RPSOMLMJJHJFFGH38DC,23,163.37,住商用,鋼筋混凝土造,80年4月17日,二層,
RPUQMLNJJHJFFAH18CC,1,119.91,住家用,鋼筋混凝土造,101年12月15日,十五層,
RPRSMLNJJHJFFAH08CC,1,63.02,住家用,鋼筋混凝土造,102年1月28日,二十八層,
RPQNMLPJJHJFFAH67CC,20,84.01,住家用,鋼筋混凝土造,83年6月16日,八層,
RPQNMLPJJHJFFAH67CC,20,11.71,共有部份,鋼筋混凝土造,83年6月16日,八層,
RPQNMLPJJHJFFAH67CC,20,14.88,共有部份,鋼筋混凝土造,83年6月16日,八層,
RPPNMLPJJHJFFFH08CC,17,93.92,店舖、住宅、瞭望室,鋼筋混凝土造,86年2月25日,四層,
RPWNMLQJJHJFFAH48DC,21,80.50,商業用,鋼筋混凝土造,82年5月13日,七層,
RPXOMLQJJHJFFBH78DC,2,69.82,集合住宅,鋼筋混凝土造,100年11月9日,十四層,
RPPNMLPJJHJFFBH67CC,2,297.48,店舖、住宅、住宅（附屬停車空間、樓梯間）,鋼筋混凝土造,101年5月31日,四層,
RPPNMLPJJHJFFBH67CC,2,.36,住宅（附屬機房、管理委員會空間）,鋼筋混凝土造,101年5月31日,四層,
RPRQMLMJJHJFFBH87CC,21,92.41,住家用,鋼筋混凝土造,81年10月30日,六層,
RPTNMLQJJHJFFBH18CC,26,85.79,住家用,鋼筋混凝土造,77年2月3日,五層,
RPOOMLNLKIIFFBH77CC,1,90.81,集合住宅,鋼筋混凝土造,102年6月5日,十五層,
RPOOMLNLKIIFFBH77CC,1,75.07,本共有部份項目為：停車空間、防空避難室、水箱、消防機房、梯間、公同門廳（一）、公共服務空間（一）藝術穿廊、公共服務空間（二）健身房及交誼廳、公共服務空間（三）才藝教室、公同門廳（二）、管理員室、垃圾集中室、汽機車坡道、緊急發電機室、台電配電場所、電信室、水景機房、消房幫浦室、蓄水池、機械室等共２０項。,鋼筋混凝土造,102年6月5日,十五層,
RPPOMLTLKIIFFBH48CC,12,35.47,住家用,鋼筋混凝土造,91年4月4日,九層,
RPPOMLTLKIIFFBH48CC,12,5.84,共有部份,鋼筋混凝土造,91年4月4日,十層,
RPPOMLTLKIIFFBH48CC,12,9.71,共有部份,鋼筋混凝土造,91年4月4日,十四層,
RPRNMLQJJHJFFBH97CC,3,134.16,集合住宅,鋼筋混凝土造,100年6月28日,十五層,
RPROMLRLKIIFFBH48CC,36,133.46,住家用,加強磚造,67年2月17日,二層,
RPXNMLOJJHJFFBH38CC,15,63.20,住家用,鋼筋混凝土造,88年5月28日,十四層,
RPVOMLLMKIIFFBH38CC,10,43.58,商業用,鋼筋混凝土造,92年7月10日,十四層,
RPVOMLLMKIIFFBH38CC,10,9.90,共有部份,鋼筋混凝土造,92年7月10日,十四層,
RPVOMLLMKIIFFBH38CC,10,18.90,共有部份,鋼筋混凝土造,92年7月10日,十四層,
RPPVMLRJJHJFFAH58CC,19,107.18,住家用,鋼筋混凝土造,83年10月29日,六層,
RPPNMLRJJHJFFEH18CC,9,138.80,住家用,鋼筋混凝土造,94年3月25日,十四層,
RPWQMLQJJHJFFBH78CC,33,26.98,住家用,鋼筋混凝土造,69年10月24日,見其他登記事項,
RPVPMLSJJHJFFDH09DC,7,16.61,店舖、住宅、停車空間,鋼筋混凝土造,96年4月13日,四層,
RPRNMLRJJHJFFGH58CC,33,99.43,住家用,鋼筋混凝土造,70年2月14日,三層,
RPQNMLSJJHJFFGH78EC,38,54.96,住家用,加強磚造,65年5月17日,二層,
RPPOMLKKJHJFFBH47DC,32,102.50,人行道、廠房、單身宿舍,鋼筋混凝土造,70年9月8日,三層,
RPVNMLKKJHJFFBH97DC,27,90.17,廠房、單身宿舍,鋼筋混凝土造,76年1月23日,三層,
RPUPMLKKJHJFFAH97DC,25,115.07,住家用,鋼筋混凝土造,78年4月15日,五層,
RPOSMLKKJHJFFAH67DC,16,99.37,住家用,鋼筋混凝土造,87年1月12日,六層,
RPWPMLKKJHJFFEH48CC,12,69.26,住家用,鋼筋混凝土造,91年5月23日,十七層,
RPWPMLKKJHJFFEH48CC,12,8.12,住家用,鋼筋混凝土造,91年5月23日,十七層,
RPWPMLKKJHJFFEH48CC,12,4.34,共有部份,鋼筋混凝土造,91年5月23日,十七層,
RPWPMLKKJHJFFEH48CC,12,18.55,共有部份,鋼筋混凝土造,91年5月23日,十七層,
RPTOMLKKJHJFFBH97EC,39,91.68,住宅、通道,加強磚造,63年9月6日,二層,
RPRNMLNKJHJFFEH08CC,22,281.17,辦公室、廠房,鋼造,81年5月22日,一層,
RPWNMLRJJHJFFEH98DC,10,161.89,停車空間、住宅、梯間,鋼筋混凝土造,92年8月26日,四層,
RPVPMLRJJHJFFBH68CC,30,78.67,住家用,鋼筋混凝土造,72年12月30日,五層,
RPVPMLRJJHJFFBH68CC,30,7.89,共有部份,鋼筋混凝土造,72年12月30日,五層,
RPTSMLRJJHJFFBH78CC,20,111.33,住家用,鋼筋混凝土造,82年8月18日,八層,
RPTSMLRJJHJFFBH78CC,20,22.91,共有部份,鋼筋混凝土造,82年8月18日,八層,
RPTPMLRJJHJFFBH48CC,2,59.36,集合住宅,鋼筋混凝土造,100年7月20日,十四層,
RPTPMLRJJHJFFBH48CC,2,62.16,本共有部分項目為：停車空間、防空避難室、水箱、消防機房、梯間、發電機房、台電配電室、警衛室、頂蓋型廣場式開放空間、公共服務空間交誼廳、電梯機房等共十一項。,鋼筋混凝土造,100年7月20日,十四層,
RPQRMLNKJHJFFDH28CC,19,43.79,住家用,鋼筋混凝土造,84年1月25日,八層,
RPQRMLNKJHJFFDH28CC,19,7.40,共有部份,鋼筋混凝土造,84年1月25日,八層,
RPQRMLNKJHJFFDH28CC,19,34.12,共有部份,鋼筋混凝土造,84年1月25日,八層,
RPQRMLNKJHJFFDH28CC,19,.29,共有部份,鋼筋混凝土造,84年1月25日,八層,
RPQRMLNKJHJFFDH28CC,19,8.61,共有部份,鋼筋混凝土造,84年1月25日,八層,
RPUQMLNKJHJFFAH38DC,21,179.81,住家用,鋼筋混凝土造,81年10月12日,七層,
RPPSMLNKJHJFFAH08DC,18,63.69,住家用,鋼筋混凝土造,84年7月14日,十三層,
RPWNMLOKJHJFFEH68CC,17,67.05,住商用,鋼筋混凝土造,85年10月7日,四層,
RPXNMLOKJHJFFBH68EC,6,249.33,一般零售業、一般事務所、停車空間,鋼筋混凝土造,96年8月1日,五層,
RPTQMLOKJHJFFBH48DC,,139.53,集合住宅,鋼筋混凝土造,102年8月28日,十二層,
RPTOMLOKJHJFFBH38EC,12,79.51,住家用,鋼筋混凝土造,90年1月15日,十層,
RPTOMLOKJHJFFBH38EC,12,12.66,共有部份,鋼筋混凝土造,90年1月15日,十層,
RPTOMLOKJHJFFBH38EC,12,18.14,共有部份,鋼筋混凝土造,90年1月15日,十層,
RPOOMLOKJHJFFBH87EC,18,89.26,住家用,鋼筋混凝土造,84年5月18日,九層,
RPOOMLOKJHJFFBH87EC,18,1.53,共有部份,鋼筋混凝土造,84年5月18日,九層,
RPOOMLOKJHJFFBH87EC,18,4.52,共有部份,鋼筋混凝土造,84年5月18日,九層,
RPOOMLOKJHJFFBH87EC,18,18.45,共有部份,鋼筋混凝土造,84年5月18日,九層,
RPWOMLOKJHJFFBH68EC,2,174.74,店舖、集合住宅,鋼筋混凝土造,100年6月1日,十二層,
RPWOMLOKJHJFFBH68EC,2,26.97,本共有部分項目為：集合住宅（附屬樓梯間、附屬機械房、水箱）、梯廳等共四項。,鋼筋混凝土造,100年6月1日,十二層,
RPWOMLOKJHJFFBH68EC,2,16.69,本共有部分項目為：廣場式開放空間（有頂蓋型）、公共服務空間、車道等共三項,鋼筋混凝土造,100年6月1日,十二層,
RPWOMLOKJHJFFBH68EC,2,46.08,本共有部分項目為：集合住宅（附屬防空避難室兼停車空間、停車空間）電信室、台電配電室、發電機室、水箱、消防泵浦室、消防水池等共八項。,鋼筋混凝土造,100年6月1日,十二層,
RPXOMLOKJHJFFBH78EC,20,94.38,住家用,鋼筋混凝土造,81年12月8日,五層,
RPXOMLOKJHJFFBH78EC,20,5.90,共有部份,鋼筋混凝土造,81年12月8日,五層,
RPUQMLSJJHJFFAH68CC,34,308.56,住商用,鋼筋混凝土造,69年5月27日,四層,
RPPNMLKKJHJFFAH17CC,1,91.99,住家用,鋼筋混凝土造,101年10月19日,十二層,
RPPNMLKKJHJFFAH17CC,1,24.81,本共有部分之項目有（附屬公共服務空間、樓梯間、機房、水箱）等４項。,鋼筋混凝土造,101年10月19日,十三層,
RPPNMLKKJHJFFAH17CC,1,48.99,本共有部分之項目有（附屬防空避難室兼停車空間、停車空間）等２項。,鋼筋混凝土造,101年10月19日,十三層,
RPURMLNKJHJFFAH38CC,19,86.05,住家用,鋼筋混凝土造,84年6月26日,十七層,
RPURMLNKJHJFFAH38CC,19,8.86,共有部份,鋼筋混凝土造,84年6月26日,十七層,
RPTRMLTJJHJFFAH78CC,19,3364.89,見其他登記事項,鋼筋混凝土造,84年1月21日,三層,
RPSTMLTJJHJFFAH88CC,10,34.55,住家用,鋼筋混凝土造,92年7月28日,十四層,
RPSTMLTJJHJFFAH88CC,10,4.85,共有部份,鋼筋混凝土造,92年7月28日,十四層,
RPSTMLTJJHJFFAH88CC,10,9.04,共有部份,鋼筋混凝土造,92年7月28日,十四層,
RPUVMLOKJHJFFAH88CC,,213.75,店舖、住宅（附屬停車空間）,鋼筋混凝土造、磚造、鋼骨造,102年10月2日,三層,
RPUVMLOKJHJFFAH88CC,,213.75,店舖、住宅（附屬停車空間）,鋼筋混凝土造、磚造、鋼骨造,102年10月2日,三層,
RPWNNLNKJHJFFAH28CC,33,62.27,住家用,鋼筋混凝土造,69年7月12日,四層,
RPSQMLOKJHJFFDH68EC,15,86.34,住家用,鋼筋混凝土造,86年12月24日,十三層,
RPSQMLOKJHJFFDH68EC,15,13.16,防空避難室、管理中心,鋼筋混凝土造,86年12月24日,十三層,
RPSQMLOKJHJFFDH68EC,15,11.44,樓梯間、電梯間、機房、水箱,鋼筋混凝土造,86年12月24日,十三層,
RPWQMLOKJHJFFAH78EC,33,68.01,住商用,鋼筋混凝土造,69年10月17日,七層,
RPWQMLOKJHJFFAH78EC,33,19.91,共有部份,鋼筋混凝土造,69年10月17日,七層,
RPQRMLOKJHJFFAH28EC,9,88.76,住家用,鋼筋混凝土造,93年12月31日,十四層,
RPQRMLOKJHJFFAH28EC,9,48.78,共有部份,鋼筋混凝土造,93年12月31日,十四層,
RPQRMLOKJHJFFAH28EC,9,19.03,共有部份,鋼筋混凝土造,93年12月31日,十四層,
RPSRMLOKJHJFFAH48EC,3,22.49,本共有部份之項目有：防空避難室兼停車空間、通廊、管委會使用空間、游泳池、樓梯間、中繼機房。,鋼筋混凝土造,99年4月22日,二十五層,
RPSRMLOKJHJFFAH48EC,3,347.41,商業用,鋼筋混凝土造,99年4月22日,二十五層,
RPWPMLOKJHJFFFH56EC,29,88.68,住家用,鋼筋混凝土造,73年3月10日,四層,
RPVQMLOKJHJFFAH68EC,14,234.16,騎樓．住宅．梯間．停車空間,鋼筋混凝土造,88年2月8日,五層,
RPRRMLOKJHJFFAH38EC,10,66.50,住家用,鋼筋混凝土造,92年1月9日,九層,
RPRRMLOKJHJFFAH38EC,10,9.19,共有部份,鋼筋混凝土造,92年1月9日,九層,
RPRRMLOKJHJFFAH38EC,10,16.27,共有部份,鋼筋混凝土造,92年1月9日,九層,
RPXPMLOKJHJFFFH66EC,20,215.22,住家用,鋼筋混凝土造,82年4月22日,三層,
RPXNMLOKJHJFFGH56EC,6,221.99,店舖、住宅（附屬設備空間、附屬梯間）,鋼筋混凝土造,96年12月6日,四層,
RPOQMLOKJHJFFFH48EC,16,84.93,住家用,鋼筋混凝土造,86年9月19日,九層,
RPOQMLOKJHJFFFH48EC,16,11.66,共有部份,鋼筋混凝土造,86年9月19日,九層,
RPOQMLOKJHJFFFH48EC,16,2.02,共有部份,鋼筋混凝土造,86年9月19日,九層,
RPRPMLPKJHJFFGH88EC,18,132.25,住商用,鋼筋混凝土造,84年4月21日,十六層,
RPRPMLPKJHJFFGH88EC,18,23.24,共有部份,鋼筋混凝土造,84年4月21日,十六層,
RPRPMLPKJHJFFGH88EC,18,3.40,共有部份,鋼筋混凝土造,84年4月21日,十六層,
RPQOMLOKJHJFFGH58EC,38,99.91,住家用,加強磚造,63年12月15日,二層,
RPUQMLQKJHJFFAH68DC,22,181.95,辦公室,鋼骨造,81年1月23日,二十層,
RPROMLOKJHJFFGH68EC,18,109.68,住家用,鋼筋混凝土造,83年10月6日,七層,
RPROMLOKJHJFFGH68EC,18,14.59,共有部份,鋼筋混凝土造,83年10月6日,七層,
RPSUMLPKJHJFFBH78CC,24,171.69,住家用,鋼筋混凝土造,79年4月23日,四層,
RPPOMLOKJHJFFGH48EC,34,59.41,住家用,加強磚造,67年12月30日,二層,
RPTSMLRKJHJFFEH56CC,18,66.06,商業用,鋼筋混凝土造,85年5月28日,十六層,
RPOUMLPKJHJFFBH38CC,31,259.44,住商用,鋼筋混凝土造,71年9月29日,四層,
RPRQMLQKJHJFFAH38DC,6,81.30,住家用,鋼筋混凝土造,97年5月2日,十一層,
RPSVMLRKJHJFFAH09DC,1,82.17,住家用,鋼筋混凝土造,101年12月19日,十五層,
RPTSMLRKJHJFFAH78CC,21,69.92,住家用,鋼筋混凝土造,81年11月11日,十五層,
RPTSMLRKJHJFFAH78CC,21,16.93,共有部份,鋼筋混凝土造,81年11月11日,十六層,
RPTWMLRKJHJFFAH56CC,9,53.45,住家用,鋼筋混凝土造,93年9月15日,八層,
RPTWMLRKJHJFFAH56CC,9,5.07,共有部份,鋼筋混凝土造,93年9月15日,九層,
RPTWMLRKJHJFFAH56CC,9,16.63,共有部份,鋼筋混凝土造,93年9月15日,八層,
RPQSMLRKJHJFFAH48CC,11,30.04,住家用,鋼筋混凝土造,91年8月21日,五層,
RPQSMLRKJHJFFAH48CC,11,11.11,共有部份,鋼筋混凝土造,91年8月21日,五層,
RPVQMLRKJHJFFBH98DC,12,20.17,住家用,鋼筋混凝土造,90年10月26日,二十一層,
RPPSMLRKJHJFFAH38CC,19,.33,共有部份,鋼筋混凝土造,83年10月26日,十六層,
RPPSMLRKJHJFFAH38CC,19,58.01,住家用,鋼筋混凝土造,83年10月26日,十六層,
RPPSMLRKJHJFFAH38CC,19,9.10,共有部份,鋼筋混凝土造,83年10月26日,十六層,
RPPSMLRKJHJFFAH38CC,19,2.84,共有部份,鋼筋混凝土造,83年10月26日,十六層,
RPWRMLRKJHJFFAH98CC,19,91.27,住家用,鋼筋混凝土造,83年11月30日,十二層,
RPWRMLRKJHJFFAH98CC,19,22.14,共有部份,鋼筋混凝土造,83年11月30日,十三層,
RPWRMLRKJHJFFAH98CC,19,6.87,共有部份,鋼筋混凝土造,83年11月30日,十二層,
RPWWMLRKJHJFFAH86CC,14,84.81,住商用,鋼筋混凝土造,89年1月14日,十四層,
RPWWMLRKJHJFFAH86CC,14,18.26,共有部份,鋼筋混凝土造,89年1月14日,十四層,
RPXWMLRKJHJFFAH96CC,38,18.00,住家用,加強磚造,65年2月18日,三層,
RPXWMLRKJHJFFAH96CC,38,4.33,住家用,加強磚造,65年2月18日,三層,
RPONNLRKJHJFFAH87CC,33,33.75,住家用,鋼筋混凝土造,69年8月26日,六層,
RPONNLRKJHJFFAH87CC,33,1.30,共有部份,鋼筋混凝土造,69年8月26日,六層,
RPONNLRKJHJFFAH87CC,33,1.04,共有部份,鋼筋混凝土造,69年8月26日,六層,
RPONNLRKJHJFFAH87CC,33,6.00,共有部份,鋼筋混凝土造,69年8月26日,六層,
RPVWMLRKJHJFFAH76CC,18,27.41,住家用,鋼筋混凝土造,85年1月18日,十七層,
RPVWMLRKJHJFFAH76CC,18,12.56,共有部份,鋼筋混凝土造,85年1月18日,十七層,
RPOOMLRKJHJFFEH48EC,8,183.92,住家用,鋼筋混凝土造,94年12月15日,二層,
RPPNNLRKJHJFFAH97CC,17,79.39,住家用,鋼筋混凝土造,85年6月14日,七層,
RPPNNLRKJHJFFAH97CC,17,16.22,共有部份,鋼筋混凝土造,85年6月14日,七層,
RPPNNLRKJHJFFAH97CC,17,12.46,共有部份,鋼筋混凝土造,85年6月14日,七層,
RPPNNLRKJHJFFAH97CC,17,.23,住家用,鋼筋混凝土造,85年6月14日,七層,
RPUQMLRKJHJFFEH66EC,2,94.21,住家用,鋼筋混凝土造,100年8月4日,十三層,
RPUQMLRKJHJFFEH66EC,2,43.78,共有部份,鋼筋混凝土造,100年8月4日,十三層,
RPUQMLRKJHJFFEH66EC,2,19.75,共有部份,鋼筋混凝土造,100年8月4日,十三層,
RPVQMLRKJHJFFEH76EC,19,86.53,住家用,鋼筋混凝土造,83年8月16日,七層,
RPVQMLRKJHJFFEH76EC,19,4.41,共有部份,鋼筋混凝土造,83年8月16日,七層,
RPVQMLRKJHJFFEH76EC,19,102.18,共有部份,鋼筋混凝土造,83年8月16日,七層,
RPWQMLRKJHJFFEH86EC,1,71.61,住家用,鋼筋混凝土造,101年8月31日,十三層,
RPWQMLRKJHJFFEH86EC,1,67.06,共有部份,鋼筋混凝土造,101年8月31日,十三層,
RPQNNLRKJHJFFAH08CC,19,68.42,住家用,鋼筋混凝土造,84年5月20日,十二層,
RPQNNLRKJHJFFAH08CC,19,12.15,共有部份,鋼筋混凝土造,84年5月20日,十二層,
RPQNNLRKJHJFFAH08CC,19,6.77,共有部份,鋼筋混凝土造,84年5月20日,十三層,
RPQNNLRKJHJFFAH08CC,19,16.99,共有部份,鋼筋混凝土造,84年5月20日,十三層,
RPRNNLRKJHJFFAH18CC,17,79.39,住家用,鋼筋混凝土造,85年6月14日,七層,
RPRNNLRKJHJFFAH18CC,17,16.22,共有部份,鋼筋混凝土造,85年6月14日,七層,
RPRNNLRKJHJFFAH18CC,17,12.46,共有部份,鋼筋混凝土造,85年6月14日,七層,
RPRNNLRKJHJFFAH18CC,17,.23,住家用,鋼筋混凝土造,85年6月14日,七層,
RPTNMLSKJHJFFAH38CC,18,27.41,住家用,鋼筋混凝土造,85年1月18日,十七層,
RPTNMLSKJHJFFAH38CC,18,12.56,共有部份,鋼筋混凝土造,85年1月18日,十七層,
RPUNMLSKJHJFFAH48CC,16,28.23,辦公室,鋼筋混凝土造,86年11月17日,十四層,
RPUNMLSKJHJFFAH48CC,16,7.88,共有部份,鋼筋混凝土造,86年11月17日,十四層,
RPUNMLSKJHJFFAH48CC,16,1.83,共有部份,鋼筋混凝土造,86年11月17日,十四層,
RPQNMLSKJHJFFAH08CC,2,43.64,住家用,鋼筋混凝土造,100年8月29日,十三層,
RPQNMLSKJHJFFAH08CC,2,21.81,本共有部分之項目有附屬防空避難室兼停車空間、蓄水池、發電機房、消防泵浦室、污水機房、梯間、台電配電場所、電信室及附屬管理室、等玖項。,鋼筋混凝土造,100年8月29日,十三層,
RPPNMLSKJHJFFAH97CC,39,47.38,住家用,加強磚造,63年11月20日,二層,
RPRNMLSKJHJFFAH18CC,16,22.38,住家用,鋼筋混凝土造,86年9月1日,十七層,
RPRNMLSKJHJFFAH18CC,16,1.77,共有部份,鋼筋混凝土造,86年9月1日,十七層,
RPRNMLSKJHJFFAH18CC,16,4.67,共有部份,鋼筋混凝土造,86年9月1日,十七層,
RPSNMLSKJHJFFAH28CC,19,87.02,住家用,鋼筋混凝土造,84年4月19日,十九層,
RPSNMLSKJHJFFAH28CC,19,15.30,共有部份,鋼筋混凝土造,84年4月19日,二十層,
RPSNMLSKJHJFFAH28CC,19,3.36,共有部份,鋼筋混凝土造,84年4月19日,十九層,
RPSNNLRKJHJFFAH28CC,19,67.32,住家用,鋼筋混凝土造,84年4月19日,十九層,
RPSNNLRKJHJFFAH28CC,19,12.52,共有部份,鋼筋混凝土造,84年4月19日,二十層,
RPSNNLRKJHJFFAH28CC,19,2.38,共有部份,鋼筋混凝土造,84年4月19日,十九層,
RPWOMLSKJHJFFBH88CC,11,100.65,國民住宅,鋼筋混凝土造,92年3月11日,十四層,
RPQVMLKLJHJFFBH38DC,2,150.26,商業用,鋼筋混凝土造,100年11月9日,十三層,
RPPQMLKLJHJFFAH67DC,9,68.30,停車空間、住宅,鋼筋混凝土造,93年11月18日,五層,
RPVTMLLLJHJFFAH68DC,18,108.12,住家用,鋼筋混凝土造,85年6月14日,七層,
RPTQMLOKJHJFFDH78EC,,69.58,住家用,鋼筋混凝土造,84年3月24日,九層,
RPTQMLOKJHJFFDH78EC,,7.38,共有部份,鋼筋混凝土造,84年3月24日,十層,
RPTQMLOKJHJFFDH78EC,,8.15,共有部份,鋼筋混凝土造,84年3月24日,十層,
RPWQNLLLJHJFFAH58DC,6,28.16,住家用,鋼筋混凝土造,97年4月24日,十一層,
RPPNMLTJJHJFFFH58DC,36,72.21,住家用,鋼筋混凝土造,66年8月25日,三層,
RPUPNLLLJHJFFAH18CC,19,66.01,住家用,鋼筋混凝土造,84年4月25日,十六層,
RPUPNLLLJHJFFAH18CC,19,16.81,共有部份,鋼筋混凝土造,84年4月25日,十六層,
RPPPMLLLJHJFFAH57CC,33,75.03,住家用,鋼筋混凝土造,69年10月17日,四層,
RPOPMLSKJHJFFAH08CC,4,58.91,住家用,鋼筋混凝土造,98年9月24日,十三層,
RPOPMLSKJHJFFAH08CC,4,83.48,住家用,鋼筋混凝土造,98年9月24日,十三層,
RPPQMLLLJHJFFAH67CC,34,48.36,商業用,鋼筋混凝土造,68年11月6日,五層,
RPPQMLLLJHJFFAH67CC,34,55.03,住家用,鋼筋混凝土造,68年11月6日,五層,
RPOOMLSKJHJFFAH97CC,18,57.78,住家用,鋼筋混凝土造,84年12月15日,十七層,
RPOOMLSKJHJFFAH97CC,18,7.18,共有部份,鋼筋混凝土造,84年12月15日,十八層,
RPOPMLLLJHJFFAH47CC,10,91.96,住家用,鋼筋混凝土造,92年1月9日,九層,
RPXNMLSKJHJFFAH78CC,22,54.37,辦公室,鋼筋混凝土造,81年4月15日,九層,
RPXNMLSKJHJFFAH78CC,22,25.12,共有部份,鋼筋混凝土造,81年4月15日,九層,
RPXNMLSKJHJFFAH78CC,22,11.63,共有部份,鋼筋混凝土造,81年4月15日,九層,
RPTOMLSKJHJFFAH48CC,3,59.16,住家用,鋼筋混凝土造,100年3月9日,十五層,
RPTOMLSKJHJFFAH48CC,3,57.40,本共有部分之主要項目有：附屬防空避難室兼停車空間、蓄水池、消防泵浦室、污水機房、發電機室、台電受電室、電信室、水池機房、管理室、開放空間、公共服務空間、垃圾處理空間、梯間、機械室及水箱等拾伍項。,鋼筋混凝土造,100年3月9日,十五層,
RPVNMLSKJHJFFAH58CC,10,42.31,住家用,鋼筋混凝土造,92年7月28日,十四層,
RPVNMLSKJHJFFAH58CC,10,5.97,共有部份,鋼筋混凝土造,92年7月28日,十四層,
RPVNMLSKJHJFFAH58CC,10,9.11,共有部份,鋼筋混凝土造,92年7月28日,十四層,
RPVQMLLLJHJFFDH68DC,7,57.94,住宅、停車空間,鋼筋混凝土造,96年4月13日,五層,
RPXVMLMLJHJFFBH56CC,18,34.96,住家用,鋼筋混凝土造,85年1月22日,十二層,
RPXVMLMLJHJFFBH56CC,18,7.24,住家用,鋼筋混凝土造,85年1月22日,十二層,
RPRNMLMLJHJFFFH38EC,14,92.00,國民住宅,鋼筋混凝土造,88年11月25日,十三層,
RPRNMLMLJHJFFFH38EC,14,18.95,共有部份,鋼筋混凝土造,88年11月25日,十三層,
RPRNMLMLJHJFFFH38EC,14,23.45,共有部份,鋼筋混凝土造,88年11月25日,十三層,
RPQRMLMLJHJFFAH08DC,32,98.65,住家用,鋼筋混凝土造,70年11月6日,五層,
RPSWMLMLJHJFFBH78CC,1,90.55,集合住宅,鋼筋混凝土造,102年6月5日,十五層,
RPSWMLMLJHJFFBH78CC,1,74.95,本共有部份項目為：停車空間、防空避難室、水箱、消防機房、梯間、公同門廳（一）、公共服務空間（一）藝術穿廊、公共服務空間（二）健身房及交誼廳、公共服務空間（三）才藝教室、公同門廳（二）、管理員室、垃圾集中室、汽機車坡道、緊急發電機室、台電配電場所、電信室、水景機房、消房幫浦室、蓄水池、機械室等共２０項。,鋼筋混凝土造,102年6月5日,十五層,
RPWRMLMLJHJFFAH68DC,22,123.38,住家用,鋼筋混凝土造,81年5月7日,五層,
RPWUMLMLJHJFFBH09DC,36,84.00,住家用,加強磚造,67年4月29日,二層,
RPSNMLMLJHJFFGH48DC,32,81.48,人行道、住宅,加強磚造,71年3月3日,二層,
RPROMLMLJHJFFFH28CC,7,91.83,住家用,鋼筋混凝土造,96年6月8日,十三層,
RPROMLMLJHJFFFH28CC,7,75.83,共有部份,鋼筋混凝土造,96年6月8日,十三層,
RPRPMLNLJHJFFAH08DC,32,148.84,住商用,鋼筋混凝土造,70年12月24日,五層,
RPWNMLNLJHJFFFH98EC,44,30.45,住家用,磚石造,59年5月5日,一層,
RPRPMLPLJHJFFBH28CC,31,23.74,國民住宅,鋼筋混凝土造,71年9月29日,五層,
RPSNMLQLJHJFFBH28CC,11,184.96,國民住宅,鋼筋混凝土造,91年9月20日,十四層,
RPTNMLQLJHJFFBH38CC,19,127.79,住家用,鋼筋混凝土造,84年5月15日,八層,
RPSNMLRLJHJFFFH88DC,17,123.07,住家用,鋼筋混凝土造,86年4月2日,九層,
RPPPMLRLJHJFFGH78CC,3,23.00,店舖、住宅、住宅（附屬停車空間）、住宅、住宅（附屬機電空間）,鋼筋混凝土造,99年12月22日,五層,
RPTNMLRLJHJFFFH98DC,30,88.18,住家用,鋼筋混凝土造,73年1月10日,四層,
RPTNMLRLJHJFFFH98DC,30,9.36,住家用,鋼筋混凝土造,73年1月10日,四層,
RPQOMLSLJHJFFBH48DC,12,179.42,住家用,鋼筋混凝土造,90年10月26日,二十一層,
RPVOMLSLJHJFFBH98DC,5,42.54,住家用,鋼筋混凝土造,98年6月29日,二十一層,
RPSPMLSLJHJFFBH78DC,14,62.23,店舖、儲藏室,鋼筋混凝土造,88年9月14日,十五層,
RPQPMLSLJHJFFAH58EC,,27.23,住家用,鋼筋混凝土造,,四層,
RPQPMLSLJHJFFAH58EC,33,76.70,住家用,鋼筋混凝土造,70年6月16日,四層,
RPRNMLQLJHJFFCH28CC,17,68.59,住家用,鋼筋混凝土造,86年6月26日,十五層,
RPRNMLQLJHJFFCH28CC,17,4.45,共有部份,鋼筋混凝土造,86年6月26日,十五層,
RPRNMLQLJHJFFCH28CC,17,1.20,共有部份,鋼筋混凝土造,86年6月26日,十八層,
RPRNMLQLJHJFFCH28CC,17,1.21,共同使用（防空避難室，停車場）,鋼筋混凝土造,86年6月26日,十八層,
RPRNMLQLJHJFFCH28CC,17,.04,共有部份,鋼筋混凝土造,86年6月26日,一層,
RPRNMLQLJHJFFCH28CC,17,.05,社區遊憩設施,鋼筋混凝土造,86年1月30日,十四層,
RPRNMLQLJHJFFCH28CC,17,3.05,社區遊憩設施,鋼筋混凝土造,86年6月26日,十五層,
RPQNMLQLJHJFFCH18CC,17,31.00,住家用,鋼筋混凝土造,86年1月30日,十四層,
RPQNMLQLJHJFFCH18CC,17,7.41,共有部份,鋼筋混凝土造,86年1月30日,十四層,
RPQNMLQLJHJFFCH18CC,17,1.81,共有部份,鋼筋混凝土造,86年1月30日,十八層,
RPQNMLQLJHJFFCH18CC,17,1.15,共有部份,鋼筋混凝土造,86年1月30日,十八層,
RPQNMLQLJHJFFCH18CC,17,.05,共有部份,鋼筋混凝土造,86年1月30日,一層,
RPQNMLQLJHJFFCH18CC,17,3.18,社區遊憩設施,鋼筋混凝土造,86年1月30日,十四層,
RPQNMLQLJHJFFCH18CC,17,.05,社區遊憩設施,鋼筋混凝土造,86年6月26日,十五層,
RPPOMLMLJHJFFGH28DC,7,51.87,住家用,鋼筋混凝土造,95年12月13日,十四層,
RPQOMLSLJHJFFAH28CC,13,74.67,住家用,鋼筋混凝土造,89年8月31日,十四層,
RPSTMLNLJHJFFAH48CC,9,82.85,住家用,鋼筋混凝土造,94年3月2日,十三層,
RPSTMLNLJHJFFAH48CC,9,9.80,共有部份,鋼筋混凝土造,94年3月2日,十三層,
RPSTMLNLJHJFFAH48CC,9,20.93,共有部份,鋼筋混凝土造,94年3月2日,十三層,
RPQSMLMLJHJFFAH08CC,11,107.42,住家用,鋼筋混凝土造,92年1月2日,九層,
RPORMLRLJHJFFAH28CC,43,85.60,住家用,加強磚造,60年7月27日,四層,
RPRTMLNLJHJFFAH38CC,15,49.92,辦公室,鋼筋混凝土造,87年12月31日,九層,
RPRTMLNLJHJFFAH38CC,15,21.55,共有部份,鋼筋混凝土造,87年12月31日,九層,
RPXNMLQLJHJFFCH88CC,17,104.18,住家用,鋼筋混凝土造,86年1月30日,十四層,
RPXNMLQLJHJFFCH88CC,17,7.66,共有部份,鋼筋混凝土造,86年1月30日,十四層,
RPXNMLQLJHJFFCH88CC,17,1.81,共有部份,鋼筋混凝土造,86年1月30日,十八層,
RPXNMLQLJHJFFCH88CC,17,.96,共有部份,鋼筋混凝土造,86年1月30日,十八層,
RPXNMLQLJHJFFCH88CC,17,.05,共有部份,鋼筋混凝土造,86年1月30日,一層,
RPXNMLQLJHJFFCH88CC,17,.05,社區遊憩設施,鋼筋混凝土造,86年6月26日,十五層,
RPXNMLQLJHJFFCH88CC,17,3.24,社區遊憩設施,鋼筋混凝土造,86年1月30日,十四層,
