﻿編號,屋齡,建物移轉面積平方公尺,主要用途,主要建材,建築完成日期,總層數,建物分層
The serial number,room age,building shifting area square meter,the main use,main building materials,construction completes the date,total layer,building lamination
RPRNMLPJJIIFFCQ68CA,20,197.24,住商用,鋼筋混凝土造,82年6月21日,三層,一層 二層 三層 騎樓 電梯樓梯間 見其他登記事項
RPPNMLOJJIIFFCQ38CA,15,150.28,住宅．梯間,鋼筋混凝土造,88年1月21日,四層,一層 二層 三層 四層 見其他登記事項
RPWNMLPKJIIFFDQ76CA,,219.55,住家用,鋼筋混凝土造,102年7月17日,四層,一層 二層 三層 四層 陽台
RPQNMLOJJIIFFBQ48DA,43,298.00,住宅、辦公室,鋼筋混凝土加強磚造,59年10月13日,四層,一層 二層 三層 四層 騎樓
RPQNMLTKJIIFFDQ56CA,18,217.07,住家用,鋼筋混凝土造,84年9月18日,三層,一層 二層 三層 陽台 地下層 見其他登記事項
RPQNMLTKJIIFFDQ56CA,18,20.02,車庫,鋼筋混凝土造,84年9月18日,地下層,
RPRNMLRJJIIFFEQ66EA,20,105.47,住家用,鋼筋混凝土造,82年4月26日,三層,一層 二層 三層 電梯樓梯間
RPUNMLTLJIIFFDQ27EA,,193.34,住宅、樓梯間,鋼筋混凝土,102年8月8日,三層,一層 二層 三層 陽台 見其他登記事項
RPSNMLRJJIIFFDQ09CA,33,125.86,住家用,鋼筋混凝土加強磚造,69年6月30日,二層,一層 二層 騎樓 電梯樓梯間
RPRNMLPJJIIFFDQ78CA,18,142.56,住家用,鋼筋混凝土造,84年11月11日,三層,一層 二層 三層 見其他登記事項
RPQNMLKLJIIFFCQ28CA,,237.98,住家用,鋼筋混凝土造,102年6月27日,四層,一層 二層 三層 四層 見其他登記事項
RPRNMLKLJIIFFCQ38CA,,235.98,住家用,鋼筋混凝土造,102年6月27日,四層,一層 二層 三層 四層 見其他登記事項
RPPOMLRJJIIFFDQ88CA,5,105.23,住家用,鋼筋混凝土造,97年7月3日,四層,一層 二層 三層 四層 陽台
RPPOMLRJJIIFFDQ88CA,5,105.23,住家用,鋼筋混凝土造,97年7月3日,四層,一層 二層 三層 四層 陽台
RPVNMLOJJIIFFCQ98CA,26,148.32,住家用,加強磚造,77年2月27日,二層,一層 二層 電梯樓梯間
RPPPMLMLJIIFFCQ58CA,2,222.71,住宅、水塔間,鋼筋混凝土造,100年12月23日,四層,一層 二層 三層 四層 見其他登記事項 見其他登記事項
RPSNMLRJJIIFFCQ98CA,25,141.01,住商用,鋼筋混凝土造,77年11月30日,三層,一層 二層 三層 騎樓 電梯樓梯間
RPVNMLPJJIIFFDQ56CA,5,251.48,店舖、住宅、停車空間,鋼筋混凝土造,97年8月4日,四層,一層 二層 三層 四層 陽台 雨遮
RPOOMLRJJIIFFDQ78CA,18,82.40,集合住宅,鋼筋混凝土造,85年2月7日,九層,五層 陽台
RPOOMLRJJIIFFDQ78CA,18,17.96,防空避難室兼停車空間,鋼筋混凝土造,85年2月7日,九層,
RPOOMLRJJIIFFDQ78CA,18,12.25,電、樓梯間,鋼筋混凝土造,85年2月7日,九層,
RPPOMLLKJIIFFDQ38CA,,108.52,住商用,鋼筋混凝土造,,三層,一層 二層 三層
RPQNMLKKJIIFFDQ28CA,7,179.13,集合住宅、停車空間,鋼筋混凝土造,95年12月22日,四層,一層 二層 三層 四層 見其他登記事項
RPQNMLKKJIIFFDQ28CA,8,1.59,門廳、遊憩設施,鋼筋混凝土造,94年8月26日,三層,
RPQNMLKKJIIFFDQ28CA,8,5.08,門廳、遊憩設施、機械空間、梯間、游泳池,鋼筋混凝土造,94年8月26日,二層,
RPUNMLTLJIIFFDQ17DA,,189.39,住宅、樓梯間,鋼筋混凝土,102年8月8日,三層,一層 二層 三層 陽台 見其他登記事項
RPSNMLQKJIIFFDQ09CA,6,340.82,店舖、停車空間、集合住宅、樓梯間,鋼筋混凝土造,96年6月14日,四層,一層 二層 三層 四層 見其他登記事項 見其他登記事項
RPSNMLQKJIIFFDQ09CA,7,2.08,機械室、樓梯間、垃圾處理場、管理中心,鋼筋混凝土造,95年7月18日,三層,
RPSNMLQKJIIFFDQ09CA,7,.88,機械室、樓梯間,鋼筋混凝土造,95年7月18日,一層,
RPSNMLQKJIIFFDQ09CA,7,1.53,機械室、樓梯間、開放空間、交誼室,鋼筋混凝土造,95年7月18日,四層,
RPRNMLRJJIIFFDQ09DA,,154.08,停車空間、住宅,鋼筋混凝土造,102年8月6日,三層,一層 二層 三層 陽台
RPVNMLSJJIIFFDQ96DA,1,272.22,店鋪，住宅，停車空間，樓梯間,鋼筋混凝土造,102年2月22日,四層,一層 二層 三層 四層 陽台 見其他登記事項
RPPNMLNKJIIFFDQ48CA,8,15.38,見其他登記事項,鋼筋混凝土造,94年8月15日,五層,三層
RPPNMLNKJIIFFDQ48CA,8,6.84,見其他登記事項,鋼筋混凝土造,94年8月15日,五層,
RPTNMLSJJIIFFDQ66CA,19,191.56,集合住宅,鋼筋混凝土造,83年8月19日,七層,七層 陽台 露台
RPSNMLSJJIIFFCQ09CA,19,190.88,住家用,鋼筋混凝土造,83年6月28日,三層,一層 二層 三層 電梯樓梯間 見其他登記事項
RPPNMLMKJIIFFCQ28CA,12,125.47,住家用,鋼筋混凝土造,91年1月14日,三層,
RPRNMLPLJIIFFCQ88CA,36,182.40,住家用,鋼筋混凝土加強磚造,66年9月1日,二層,一層 二層 騎樓
RPSNMLRJJIIFFBQ88CA,32,110.89,住家用,鋼筋混凝土加強磚造,70年11月28日,二層,一層 二層 電梯樓梯間
RPQNMLSJJIIFFBQ78CA,32,110.71,住家用,鋼筋混凝土加強磚造,70年11月3日,二層,
RPRNMLLKJIIFFBQ28CA,10,216.84,集合住宅、停車空間,鋼筋混凝土造,93年3月26日,四層,一層 二層 三層 四層 陽台
RPTNMLMJKIIFFCQ68CA,32,120.34,住家用,鋼筋混凝土加強磚造,70年12月31日,二層,
RPXNMLTLJIIFFDQ37CA,,193.92,住宅、樓梯間,鋼筋混凝土,102年8月8日,三層,一層 二層 三層 陽台 見其他登記事項
RPRNMLNKJIIFFCQ58CA,21,103.08,國民住宅,鋼筋混凝土造,82年2月17日,五層,三層
RPTNMLQKJIIFFCQ09CA,30,81.62,住家用,鋼筋混凝土加強磚造,72年9月15日,二層,
RPQNMLLKJIIFFCQ28CA,33,99.36,住家用,鋼筋混凝土加強磚造,69年6月20日,二層,一層 二層
RPPNMLKKJIIFFDQ18CA,1,221.92,,鋼筋混凝土造,101年8月29日,四層,一層 二層 三層 四層 陽台
RPPNMLKKJIIFFDQ18CA,7,.65,機械室、樓梯間、垃圾處理場、管理中心,鋼筋混凝土造,95年7月18日,三層,
RPPNMLKKJIIFFDQ18CA,7,.27,機械室、樓梯間,鋼筋混凝土造,95年7月18日,一層,
RPPNMLKKJIIFFDQ18CA,7,.48,機械室、樓梯間、開放空間、交誼室,鋼筋混凝土造,95年7月18日,四層,
RPQNMLQKJIIFFDQ88CA,14,123.88,住家用,鋼筋混凝土造,88年6月11日,三層,一層 二層 三層 陽台 平台
RPRNMLLKJIIFFDQ58DA,28,104.58,住家用,鋼筋混凝土加強磚造,75年2月5日,二層,一層 二層 電梯樓梯間
RPTNMLTKJIIFFDQ96DA,21,83.48,住家用,鋼筋混凝土造,82年2月27日,二層,一層 二層 電梯樓梯間
RPPNMLLKJIIFFEQ58EA,18,147.78,住家用,鋼筋混凝土造,84年8月30日,四層,一層 二層 三層 四層 陽台 平台
RPPNMLPKJIIFFEQ98EA,16,116.58,住商用,鋼筋混凝土造,86年11月28日,二層,一層 二層 電梯樓梯間
RPOOMLMKJIIFFDQ48DA,19,227.60,住家用,鋼筋混凝土造,84年3月13日,三層,一層 二層 三層 見其他登記事項
RPRNMLQKJIIFFDQ98CA,21,92.92,住家用,鋼筋混凝土加強磚造,81年6月29日,二層,一層 二層 陽台 平台 電梯樓梯間
RPRNMLNKJIIFFDQ68CA,18,205.66,住家用,鋼筋混凝土造,84年5月24日,四層,一層 二層 三層 四層 陽台 地下層
RPRNMLNKJIIFFDQ68CA,18,23.55,車道,鋼筋混凝土造,84年5月24日,四層,
RPPNMLMKJIIFFEQ48CA,15,79.54,住家用,鋼筋混凝土造,87年7月17日,八層,四層 陽台 雨遮
RPUNMLKLJIIFFCQ68CA,40,73.10,店舖,磚石造,62年7月1日,一層,一層 騎樓
RPSOMLNKJIIFFCQ78CA,19,19.30,共有部分,鋼筋混凝土造,83年8月8日,十一層,
RPSOMLNKJIIFFCQ78CA,19,15.71,共有部分,鋼筋混凝土造,83年8月8日,十一層,
RPSOMLNKJIIFFCQ78CA,19,75.34,集合住宅,鋼筋混凝土造,83年8月8日,十一層,四層 陽台
RPUOMLNKJIIFFCQ98CA,10,192.67,停車空間、集合住宅,鋼筋混凝土造,93年1月30日,三層,一層 二層 三層 見其他登記事項
RPVOMLNKJIIFFCQ09CA,10,192.67,停車空間、集合住宅,鋼筋混凝土造,93年1月30日,三層,一層 二層 三層 見其他登記事項
RPSNMLQKJIIFFCQ98CA,12,133.24,住家用,鋼筋混凝土造,90年11月28日,四層,一層 二層 三層 四層
RPRNMLMKJIIFFBQ38CA,7,165.89,店舖、停車空間、集合住宅,鋼筋混凝土造,95年8月28日,三層,一層 二層 三層 見其他登記事項
RPSNMLMKJIIFFBQ48CA,7,165.89,店舖、停車空間、集合住宅,鋼筋混凝土造,95年8月28日,三層,一層 二層 三層 見其他登記事項
RPRNMLPLJIIFFBQ78CA,19,86.47,住家用,鋼筋混凝土造,83年9月10日,十二層,十二層 陽台
RPXNMLMKJIIFFDQ56CA,10,88.84,集合住宅、停車空間、機電設備空間,鋼筋混凝土造,92年10月24日,四層,一層 二層 三層 四層 見其他登記事項
RPXNMLMKJIIFFDQ56CA,10,88.84,集合住宅、停車空間、機電設備空間,鋼筋混凝土造,92年10月24日,四層,一層 二層 三層 四層 見其他登記事項
RPRNMLOKJIIFFBQ68DA,18,90.74,住家用,鋼筋混凝土造,84年10月25日,六層,五層 陽台
RPTNMLPLJIIFFBQ09DA,7,19.19,住家用,鋼筋混凝土造,95年8月28日,八層,六層 陽台
RPTNMLPLJIIFFBQ09DA,7,4.61,共有部分,鋼筋混凝土造,95年8月28日,,
RPTNMLPLJIIFFBQ09DA,7,7.43,共有部分,鋼筋混凝土造,95年8月28日,,
RPXNMLNKJIIFFDQ66CA,8,203.23,住商用,鋼筋混凝土造,94年10月11日,四層,一層 二層 三層 四層 陽台
RPTNMLNKJIIFFDQ98DA,7,191.50,住家用,鋼筋混凝土造,95年5月12日,四層,一層 二層 三層 四層 陽台 雨遮
RPTNMLMKJIIFFDQ88DA,17,88.59,私設騎樓、店舖、集合住宅,鋼筋混凝土造,85年10月11日,五層,一層 二層 陽台 騎樓
RPTNMLMKJIIFFDQ88DA,17,31.21,警衛室、一樓停車空間、法定停車場,鋼筋混凝土造,85年10月11日,五層,
RPTNMLMKJIIFFDQ88DA,17,4.49,樓梯間,鋼筋混凝土造,85年10月11日,五層,
RPOOMLOKJIIFFDQ68DA,22,127.48,住家用,鋼筋混凝土造,80年6月15日,三層,一層 二層 三層
RPQNMLPKJIIFFDQ88DA,9,160.92,住家用,鋼筋混凝土造,93年7月8日,三層,一層 二層 三層 陽台 電梯樓梯間
RPRNMLPKJIIFFDQ88CA,17,155.88,住商用,鋼筋混凝土造,85年11月29日,三層,一層 二層 三層 見其他登記事項
RPQNMLNKJIIFFDQ58CA,5,561.19,店舖、住宅、停車空間,鋼筋混凝土造,97年8月4日,五層,一層 二層 三層 四層 五層 陽台 雨遮
RPRNMLNLJIIFFDQ78CA,36,91.00,住家用,鋼筋混凝土加強磚造,66年5月10日,二層,一層 二層
RPPOMLQLJIIFFDQ98CA,10,173.22,住家用,鋼筋混凝土造,93年4月15日,四層,一層 二層 三層 四層
RPSNMLNLJIIFFDQ88CA,21,190.08,住商用,鋼筋混凝土造,81年9月3日,四層,一層 二層 三層 四層 騎樓
RPVNMLNKJIIFFCQ09DA,34,126.60,住家用,ＲＣ磚造及鋼骨造,68年11月15日,三層,一層 二層 三層
RPPNMLOKJIIFFCQ48CA,7,159.39,住家用,鋼筋混凝土造,95年10月11日,三層,一層 二層 三層 見其他登記事項
RPRNMLTKJIIFFBQ09CA,25,135.82,住家用,鋼筋混凝土加強磚造,77年5月17日,二層,一層 二層 騎樓 電梯樓梯間
RPSNMLSKJIIFFBQ09CA,31,132.06,住商用,鋼筋混凝土加強磚造,72年2月4日,三層,一層 二層 三層 騎樓 電梯樓梯間
RPWNMLNKJIIFFCQ56DA,33,107.69,住家用,鋼筋混凝土加強磚造,69年7月15日,二層,一層 二層 騎樓
RPSOMLOKJIIFFDQ98CA,,170.48,住家用,鋼筋混凝土造,102年7月31日,四層,一層 二層 三層 四層 陽台
RPROMLOKJIIFFDQ88CA,,170.48,住家用,鋼筋混凝土造,102年7月31日,四層,一層 二層 三層 四層 陽台
RPOOMLNKJIIFFDQ58DA,24,110.73,住家用,鋼筋混凝土造,78年8月19日,三層,一層 二層 三層 電梯樓梯間
RPQNMLOKJIIFFDQ78DA,8,165.02,住商用,鋼筋混凝土造,94年9月19日,四層,一層 二層 三層 四層 陽台
RPQOMLOKJIIFFDQ88DA,22,170.80,住家用,鋼筋混凝土造,80年10月4日,四層,一層 二層 三層 四層
RPWNMLOJKIIFFDQ76DA,,191.46,住宅、樓梯間,鋼筋混凝土,102年8月8日,三層,一層 二層 三層 陽台 見其他登記事項
RPVNMLOJKIIFFDQ66DA,,182.57,住宅、樓梯間,鋼筋混凝土,102年8月8日,三層,一層 二層 三層 陽台 見其他登記事項
RPWNMLTJKIIFFDQ17CA,8,15.37,見其他登記事項,鋼筋混凝土造,94年8月15日,五層,四層
RPWNMLTJKIIFFDQ17CA,8,6.84,見其他登記事項,鋼筋混凝土造,94年8月15日,五層,
RPVNMLSKJIIFFDQ96CA,35,73.44,住家用,木造,68年2月19日,二層,一層 二層
RPRNMLSKJIIFFBQ09DA,10,129.98,住商用,鋼筋混凝土造,93年1月14日,三層,一層 二層 三層 電梯樓梯間
RPQNMLSKJIIFFBQ98DA,21,175.22,住家用,鋼筋混凝土造,82年3月20日,四層,一層 二層 三層 四層
RPUNMLQKJIIFFCQ56CA,35,95.71,住家用,鋼筋混凝土加強磚造,68年1月2日,二層,一層 二層
RPSNMLKLJIIFFBQ38CA,,191.84,住宅、樓梯間,鋼筋混凝土造,102年9月10日,三層,一層 二層 三層 見其他登記事項 見其他登記事項
RPPNMLNLJIIFFBQ38CA,11,78.42,住商用,鋼筋混凝土造,92年2月14日,四層,一層 二層 陽台
RPPNMLNLJIIFFBQ38CA,11,10.23,公共空間（樓梯間，電梯間）,鋼筋混凝土造,92年2月14日,四層,
RPSNMLNLJIIFFCQ78CA,33,171.90,住商用,鋼筋混凝土加強磚造,69年5月1日,二層,一層 二層 騎樓 電梯樓梯間
RPRNMLKMJIIFFCQ48CA,12,125.47,住家用,鋼筋混凝土造,91年1月14日,三層,
RPPNMLTKJIIFFBQ98DA,4,1.00,管理員室,鋼筋混凝土造,98年11月11日,二層,
RPPNMLTKJIIFFBQ98DA,4,245.05,住家用,鋼筋混凝土造,98年11月11日,四層,一層 二層 三層 四層 見其他登記事項
RPVNMLTKJIIFFDQ07CA,8,15.37,見其他登記事項,鋼筋混凝土造,94年8月15日,五層,四層
RPVNMLTKJIIFFDQ07CA,8,6.84,見其他登記事項,鋼筋混凝土造,94年8月15日,五層,
RPRNMLRLJIIFFEQ86EA,18,165.43,住家用,鋼筋混凝土造,84年8月30日,四層,一層 二層 三層 四層 陽台 平台
RPRNMLSKJIIFFDQ66DA,24,107.58,住家用,鋼筋混凝土造,78年8月19日,三層,一層 二層 三層 電梯樓梯間
RPRNMLLLJIIFFDQ58CA,12,157.02,集合住宅,鋼筋混凝土造,90年5月2日,三層,一層 二層 三層 陽台 電梯樓梯間
RPSNMLLLJIIFFDQ68CA,1,166.86,住家用,鋼筋混凝土造,102年1月22日,四層,一層 二層 三層 四層 陽台
RPTNMLTKJIIFFBQ66CA,29,127.50,住家用,鋼筋混凝土加強磚造,73年7月16日,二層,
RPUNMLTKJIIFFBQ76CA,7,165.89,店舖、停車空間、集合住宅,鋼筋混凝土造,95年8月28日,三層,一層 二層 三層 見其他登記事項
RPVNMLTKJIIFFBQ86CA,7,165.89,店舖、停車空間、集合住宅,鋼筋混凝土造,95年8月28日,三層,一層 二層 三層 見其他登記事項
RPPOMLQJKIIFFCQ78CA,21,103.43,國民住宅,鋼筋混凝土造,82年2月17日,五層,一層 平台
RPPOMLQJKIIFFCQ78CA,21,9.65,共有部分,鋼筋混凝土造,82年2月17日,五層,
RPPNMLSLJIIFFCQ98CA,30,91.66,住家用,鋼筋混凝土造,72年9月26日,四層,三層 四層
RPPNMLSLJIIFFCQ98CA,30,24.77,共有部分,鋼筋混凝土造,72年9月26日,五層,
RPQNMLLJKIIFFBQ18CA,14,296.82,住家用,鋼筋混凝土造,88年10月28日,三層,一層 二層 三層
RPUNMLPLJIIFFCQ66DA,19,177.63,農舍、梯間,鋼筋混凝土造,83年8月15日,三層,一層 二層 三層 屋頂突出物
RPPNMLKLJIIFFBQ18DA,21,115.46,住商用,鋼筋混凝土造,81年7月18日,三層,一層 二層 三層
RPPNMLOLJIIFFEQ78CA,10,121.24,住家用,加強磚造,93年3月3日,一層,一層
RPUNMLMLJIIFFDQ98CA,4,144.63,住宅、停車空間,鋼筋混凝土造,98年7月21日,三層,一層 二層 三層 陽台
RPUNMLLLJIIFFDQ88CA,,207.04,住家用,鋼筋混凝土造,102年7月17日,四層,一層 二層 三層 四層 陽台
RPQNMLKLJIIFFDQ48DA,34,93.93,住商用,鋼筋混凝土加強磚造,68年9月29日,二層,一層 二層 電梯樓梯間
RPVNMLMLJIIFFDQ56DA,30,202.66,住家用,鋼筋混凝土加強磚造,73年4月11日,二層,一層 二層
RPRNMLKLJIIFFEQ78EA,22,134.51,住商用,鋼筋混凝土造,80年5月16日,三層,一層 二層 三層 騎樓 電梯樓梯間
RPRNMLQLJIIFFEQ76EA,35,110.36,住家用,鋼筋混凝土加強磚造,68年1月12日,二層,一層 二層 騎樓
RPSNMLMLJIIFFCQ88EA,32,120.57,住家用,鋼筋混凝土加強磚造,70年12月29日,二層,一層 二層 陽台 電梯樓梯間
RPQNMLMLJIIFFDQ58CA,36,114.94,住商用,鋼筋混凝土加強磚造,66年8月25日,二層,一層 二層 騎樓
RPTNMLMLJIIFFDQ88CA,33,89.38,住商用,鋼筋混凝土加強磚造,69年6月22日,二層,一層 二層 騎樓 電梯樓梯間
RPOOMLQLJIIFFDQ88CA,4,166.26,停車空間、住宅、樓梯間,鋼筋混凝土造,99年1月27日,三層,一層 二層 三層 陽台 雨遮 見其他登記事項
RPRNMLKLJIIFFDQ48CA,17,194.35,見其他登記事項,鋼筋混凝土造,85年11月22日,四層,
RPPNMLNLJIIFFEQ68CA,31,66.98,住家用,鋼筋混凝土加強磚造,71年12月31日,一層,一層
RPPNMLNLJIIFFCQ48CA,21,83.63,住家用,鋼筋混凝土造,81年11月30日,五層,三層 陽台
RPQNMLPLJIIFFBQ68CA,17,166.51,住家用,鋼筋混凝土加強磚造,85年5月14日,三層,一層 二層 三層 電梯樓梯間
RPQOMLTJKIIFFCQ66DA,,184.43,住宅、樓梯間,鋼骨構造,102年8月21日,三層,一層 二層 三層 見其他登記事項 見其他登記事項
RPPNMLLJKIIFFBQ08CA,7,19.19,住家用,鋼筋混凝土造,95年8月28日,八層,六層 陽台
RPPNMLLJKIIFFBQ08CA,7,4.61,共有部分,鋼筋混凝土造,95年8月28日,,
RPPNMLLJKIIFFBQ08CA,7,7.43,共有部分,鋼筋混凝土造,95年8月28日,,
RPSNMLRLJIIFFBQ09CA,30,124.98,住家用,鋼筋混凝土加強磚造,73年3月10日,二層,一層 二層 騎樓 電梯樓梯間
RPUNMLLLJIIFFBQ68CA,7,199.00,住家用,鋼筋混凝土造,95年8月28日,三層,一層 二層 三層 陽台 見其他登記事項
RPUNMLLLJIIFFBQ68CA,7,.25,管理中心,鋼筋混凝土造,95年8月28日,一層,一層
RPPNMLMLJIIFFBQ28CA,1,168.26,住宅、樓梯間,鋼筋混凝土造,102年2月7日,三層,一層 二層 三層 見其他登記事項
RPVNMLRLJIIFFCQ96DA,6,19.61,集合住宅,鋼筋混凝土造,96年6月23日,五層,四層 陽台
RPPNMLLJKIIFFDQ28CA,36,59.16,住家用,鋼筋混凝土加強磚造,67年1月5日,一層,一層
RPPNMLNLJIIFFDQ58CA,20,140.92,住商用,鋼筋混凝土造,82年11月9日,三層,一層 二層 三層 夾層 見其他登記事項
RPXNMLLLJIIFFDQ56CA,1,221.92,,鋼筋混凝土造,101年8月29日,四層,一層 二層 三層 四層 陽台
RPXNMLLLJIIFFDQ56CA,7,.67,機械室、樓梯間、垃圾處理場、管理中心,鋼筋混凝土造,95年7月18日,三層,
RPXNMLLLJIIFFDQ56CA,7,.28,機械室、樓梯間,鋼筋混凝土造,95年7月18日,一層,
RPXNMLLLJIIFFDQ56CA,7,.49,機械室、樓梯間、開放空間、交誼室,鋼筋混凝土造,95年7月18日,四層,
RPOOMLLLJIIFFDQ38CA,1,279.25,,鋼筋混凝土造,101年8月29日,四層,一層 二層 三層 四層 陽台
RPOOMLLLJIIFFDQ38CA,7,.65,機械室、樓梯間、垃圾處理場、管理中心,鋼筋混凝土造,95年7月18日,三層,
RPOOMLLLJIIFFDQ38CA,7,.27,機械室、樓梯間,鋼筋混凝土造,95年7月18日,一層,
RPOOMLLLJIIFFDQ38CA,7,.48,機械室、樓梯間、開放空間、交誼室,鋼筋混凝土造,95年7月18日,四層,
RPRNMLPLJIIFFCQ09EA,37,82.72,住家用,鋼筋混凝土加強磚造,65年10月1日,二層,一層 二層 浴廁
RPWNMLTKJIIFFDQ17CA,18,142.56,住家用,鋼筋混凝土造,84年11月11日,三層,一層 二層 三層 見其他登記事項
RPXNMLTKJIIFFDQ27CA,17,174.84,住家用,鋼筋混凝土造,85年9月11日,四層,一層 二層 三層 四層 見其他登記事項
RPRNMLMLJIIFFDQ78DA,31,97.00,住家用,鋼筋混凝土加強磚造,72年5月10日,二層,一層 二層 電梯樓梯間
RPROMLOJKIIFFDQ98DA,8,165.02,住商用,鋼筋混凝土造,94年9月19日,四層,一層 二層 三層 四層 陽台
RPOOMLPLJIIFFDQ88DA,19,205.73,住房、臥室、停車空間,鋼筋混凝土造,83年8月8日,三層,一層 二層 三層 地下層 見其他登記事項
RPOOMLPLJIIFFDQ88DA,19,21.07,車道﹙共同使用﹚,鋼筋混凝土造,83年8月8日,,
RPRNMLMJKIIFFCQ58DA,19,132.32,住商用,鋼筋混凝土造,83年7月1日,三層,一層 二層 三層 見其他登記事項
RPRNMLLJKIIFFDQ48CA,16,5.79,樓梯間,鋼筋混凝土造,86年7月15日,四層,
RPRNMLLJKIIFFDQ48CA,16,78.24,集合住宅,鋼筋混凝土造,86年7月15日,四層,四層 陽台
RPPNMLNKKIIFFDQ58CA,33,85.49,住家用,鋼筋混凝土加強磚造,70年1月14日,二層,一層 二層 電梯樓梯間
RPRNMLRJKIIFFCQ98CA,32,50.37,住家用,鋼筋混凝土加強磚造,70年10月12日,一層,一層
SPRNMLRJKIIFFCQ09CA,32,50.37,住家用,鋼筋混凝土加強磚造,70年10月12日,一層,一層
RPROMLQJKIIFFCQ98CA,17,101.58,國民住宅,鋼筋混凝土造,85年11月15日,五層,五層 陽台
RPROMLQJKIIFFCQ98CA,17,9.83,共有部分,鋼筋混凝土造,85年11月15日,五層,
RPROMLQJKIIFFCQ98CA,17,.52,共有部分,鋼筋混凝土造,85年11月15日,地下二層,
RPPNMLTLJIIFFCQ09CA,,219.90,住家用,鋼筋混凝土造,102年6月4日,四層,一層 二層 三層 四層 見其他登記事項
RPQNMLLJKIIFFCQ28CA,6,128.25,住家用,鋼筋混凝土造,97年1月15日,三層,一層 二層 三層 見其他登記事項
RPPNMLLJKIIFFCQ18CA,7,178.71,住家用,鋼筋混凝土造,95年9月4日,四層,一層 二層 三層 四層 見其他登記事項
RPPNMLRLJIIFFCQ98DA,1,224.90,住家用,鋼筋混凝土造,101年6月28日,三層,一層 二層 三層 見其他登記事項
RPPNMLPLJIIFFBQ68DA,32,116.55,住商用,鋼筋混凝土加強磚造,71年2月26日,三層,一層 二層 三層
RPSNMLOJKIIFFDQ88CA,,197.07,住宅、樓梯間,鋼筋混凝土造,102年5月28日,三層,一層 二層 三層 陽台 見其他登記事項
RPQNMLNKKIIFFCQ58CA,30,104.74,住家用,鋼筋混凝土加強磚造,72年8月15日,二層,一層 二層 騎樓 電梯樓梯間
RPTNMLLJKIIFFDQ68CA,24,139.04,住家用,鋼筋混凝土造,78年8月19日,三層,一層 二層 三層 電梯樓梯間
RPUNMLLJKIIFFDQ78CA,17,155.95,住商用,鋼筋混凝土造,86年4月25日,三層,一層 二層 三層 電梯樓梯間
RPSNMLQLJIIFFDQ56CA,6,212.11,見其他登記事項,鋼筋混凝土造,96年12月6日,四層,一層 二層 三層 四層
RPUNMLQLJIIFFCQ86EA,11,11.73,見其他登記事項,鋼筋混凝土造,91年7月25日,五層,
RPUNMLQLJIIFFCQ86EA,11,.68,見其他登記事項,鋼筋混凝土造,91年7月25日,五層,
RPUNMLQLJIIFFCQ86EA,11,57.90,見其他登記事項,鋼筋混凝土造,91年7月25日,五層,
RPWNMLQLJIIFFCQ07EA,11,11.73,見其他登記事項,鋼筋混凝土造,91年7月25日,五層,
RPWNMLQLJIIFFCQ07EA,11,.68,見其他登記事項,鋼筋混凝土造,91年7月25日,五層,
RPWNMLQLJIIFFCQ07EA,11,57.27,見其他登記事項,鋼筋混凝土造,91年7月25日,五層,
RPRNMLRLJIIFFDQ66DA,,156.35,停車空間、住宅,鋼筋混凝土造,102年8月6日,三層,一層 二層 三層 陽台
RPPNMLNJKIIFFDQ48CA,32,106.99,住家用,鋼筋混凝土加強磚造,70年6月13日,二層,一層 二層 電梯樓梯間
RPSNMLRLJIIFFCQ66DA,34,109.72,住商用,鋼筋混凝土加強磚造,68年9月24日,二層,一層 二層 電梯樓梯間
RPSNMLSLJIIFFCQ76DA,19,160.18,住家用,鋼筋混凝土造,84年2月17日,三層,一層 二層 三層 平台 電梯樓梯間 見其他登記事項
RPRNMLTLJIIFFCQ76DA,4,225.06,住家用,鋼筋混凝土造,99年3月16日,四層,一層 二層 三層 四層 見其他登記事項
RPWNMLRLJIIFFBQ86CA,7,240.66,住家用,鋼筋混凝土造,95年8月28日,三層,一層 二層 三層 陽台 見其他登記事項
RPWNMLRLJIIFFBQ86CA,7,.25,管理中心,鋼筋混凝土造,95年8月28日,一層,一層
RPXNMLRLJIIFFBQ96CA,7,309.44,店舖、停車空間、集合住宅,鋼筋混凝土造,95年8月28日,三層,一層 二層 三層 陽台 見其他登記事項
RPPOMLSKKIIFFDQ56CA,15,124.21,住家用,鋼筋混凝土造,87年11月24日,三層,一層 二層 三層 陽台 平台
RPOOMLRLJIIFFBQ78CA,7,165.89,店舖、停車空間、集合住宅,鋼筋混凝土造,95年8月28日,三層,一層 二層 三層 見其他登記事項
RPPOMLRLJIIFFBQ88CA,7,165.89,店舖、停車空間、集合住宅,鋼筋混凝土造,95年8月28日,三層,一層 二層 三層 見其他登記事項
RPROMLRLJIIFFBQ09CA,7,165.89,店舖、停車空間、集合住宅,鋼筋混凝土造,95年8月28日,三層,一層 二層 三層 見其他登記事項
RPQOMLRLJIIFFBQ98CA,7,165.89,店舖、停車空間、集合住宅,鋼筋混凝土造,95年8月28日,三層,一層 二層 三層 見其他登記事項
RPPOMLNJKIIFFDQ58CA,33,112.64,住商用,鋼筋混凝土加強磚造,69年8月20日,二層,一層 二層 電梯樓梯間
RPUNMLRJKIIFFCQ66CA,30,114.96,住家用,鋼筋混凝土加強磚造,73年3月26日,二層,一層 二層 騎樓 電梯樓梯間
RPSNMLRJKIIFFCQ09CA,11,99.84,見其他登記事項,鋼筋混凝土造,91年7月25日,五層,
RPSNMLRJKIIFFCQ09CA,11,11.69,見其他登記事項,鋼筋混凝土造,91年7月25日,五層,
RPSNMLRJKIIFFCQ09CA,11,.68,見其他登記事項,鋼筋混凝土造,91年7月25日,五層,
RPTNMLPLKIIFFDQ66CA,24,98.52,住家用,加強磚造,78年8月19日,二層,一層 二層 陽台 平台
RPTNMLSLJIIFFCQ76CA,19,212.70,住房．貯藏室,鋼筋混凝土造,83年11月3日,四層,一層 二層 三層 四層 電梯樓梯間 地下層 見其他登記事項
RPSNMLMJKIIFFCQ58CA,20,167.21,住家用,鋼筋混凝土造,82年9月1日,四層,一層 二層 三層 四層
RPPNMLSLJIIFFEQ56CA,21,51.58,住家用,鋼筋混凝土造,82年4月1日,十八層,三層 陽台
RPPNMLSLJIIFFEQ56CA,21,2.45,守衛室．健身房．游泳池．防空避難室兼停車場,鋼筋混凝土造,82年4月1日,,
RPPNMLSLJIIFFEQ56CA,21,10.05,梯間,鋼筋混凝土造,82年4月1日,十八層,
RPXNMLSLJIIFFDQ27CA,1,279.25,,鋼筋混凝土造,101年8月29日,四層,一層 二層 三層 四層 陽台
RPXNMLSLJIIFFDQ27CA,7,.65,機械室、樓梯間、垃圾處理場、管理中心,鋼筋混凝土造,95年7月18日,三層,
RPXNMLSLJIIFFDQ27CA,7,.27,機械室、樓梯間,鋼筋混凝土造,95年7月18日,一層,
RPXNMLSLJIIFFDQ27CA,7,.48,機械室、樓梯間、開放空間、交誼室,鋼筋混凝土造,95年7月18日,四層,
RPPNMLSLJIIFFDQ09CA,17,79.47,住商用,鋼筋混凝土造,85年11月29日,四層,一層 二層 三層 四層 見其他登記事項
RPPNMLSLJIIFFDQ09CA,17,79.47,住商用,鋼筋混凝土造,85年11月29日,四層,一層 二層 三層 四層 見其他登記事項
RPPNMLSLJIIFFDQ09CA,17,79.47,住商用,鋼筋混凝土造,85年11月29日,四層,一層 二層 三層 四層 見其他登記事項
RPQNMLRKKIIFFCQ98CA,31,65.96,住家用,鋼筋混凝土加強磚造,71年11月8日,一層,一層
RPWNMLQJKIIFFCQ96EA,31,100.94,住家用,鋼筋混凝土加強磚造,71年11月24日,二層,一層 二層 電梯樓梯間
RPPOMLSLJIIFFDQ66DA,36,153.56,住家用,鋼筋混凝土加強磚造,67年3月15日,二層,一層 二層 騎樓
RPQNMLTLJIIFFDQ76DA,,154.08,停車空間、住宅,鋼筋混凝土造,102年8月6日,三層,一層 二層 三層 陽台
RPQNMLMJKIIFFDQ58DA,19,175.20,住家用,鋼筋混凝土造,83年6月20日,四層,一層 二層 三層 四層 地下層 見其他登記事項
RPQNMLMJKIIFFDQ58DA,19,24.00,共有部分,鋼筋混凝土造,83年6月20日,,
RPRNMLNJKIIFFDQ78DA,1,169.05,,鋼筋混凝土造,102年1月18日,三層,一層 二層 三層 陽台
RPQNMLMKKIIFFCQ58DA,15,166.49,住家用,鋼筋混凝土造,88年2月26日,三層,一層 二層 三層 電梯樓梯間
RPVNMLSLJIIFFCQ17EA,32,39.80,住家用,鋼筋混凝土加強磚造,70年12月16日,一層,一層
RPOOMLTLJIIFFDQ56CA,33,80.99,住家用,鋼筋混凝土加強磚造,70年2月13日,二層,一層 二層 電梯樓梯間
RPUNMLNKKIIFFDQ09CA,10,142.26,住家用,鋼筋混凝土造,92年12月15日,三層,一層 二層 三層 見其他登記事項
RPROMLNJKIIFFDQ78CA,,175.24,住宅、樓梯間,鋼筋混凝土造,102年9月17日,三層,一層 二層 三層 陽台 見其他登記事項
RPSOMLNJKIIFFDQ88CA,,175.05,住宅、樓梯間,鋼筋混凝土造,102年9月17日,三層,一層 二層 三層 陽台 見其他登記事項
RPTOMLNJKIIFFDQ98CA,,177.86,住宅、樓梯間,鋼筋混凝土造,102年9月17日,三層,一層 二層 三層 陽台 見其他登記事項
RPUOMLNJKIIFFDQ09CA,,173.42,住宅、樓梯間,鋼筋混凝土造,102年9月17日,三層,一層 二層 三層 陽台 見其他登記事項
RPVOMLNJKIIFFDQ56CA,,173.42,住宅、樓梯間,鋼筋混凝土造,102年9月17日,三層,一層 二層 三層 陽台 見其他登記事項
RPWOMLNJKIIFFDQ66CA,,200.82,住宅、樓梯間,鋼筋混凝土造,102年9月17日,三層,一層 二層 三層 陽台 見其他登記事項
RPXOMLNJKIIFFDQ76CA,,200.82,住宅、樓梯間,鋼筋混凝土造,102年9月17日,三層,一層 二層 三層 陽台 見其他登記事項
RPSNMLNJKIIFFEQ88CA,1,215.73,住家用,鋼筋混凝土造,101年6月15日,三層,一層 二層 三層 陽台
RPUNMLNJKIIFFEQ09CA,1,215.73,住家用,鋼筋混凝土造,101年6月15日,三層,一層 二層 三層 陽台
RPTNMLTJKIIFFBQ76DA,61,251.36,商業用,磚木造、蓋鐵皮,41年7月15日,一層,一層 騎樓
RPTNMLTJKIIFFBQ76DA,46,254.90,商業用,鋼筋混凝土加強磚造,56年12月15日,一層,一層 騎樓
RPWNMLTJKIIFFCQ07CA,,237.98,住家用,鋼筋混凝土造,102年6月27日,四層,一層 二層 三層 四層 見其他登記事項
RPRNMLPKKIIFFCQ88CA,19,140.10,住家用,鋼筋混凝土造,83年10月4日,三層,一層 二層 三層 電梯樓梯間 見其他登記事項
RPRNMLTJKIIFFCQ56CA,19,167.00,住商用,鋼筋混凝土造,83年10月4日,五層,一層 二層 三層 平台 騎樓 見其他登記事項
RPOOMLTJKIIFFCQ98CA,17,102.09,國民住宅,鋼筋混凝土造,85年11月15日,五層,二層 陽台
RPPNMLTJKIIFFBQ88CA,10,230.07,集合住宅、停車空間,鋼筋混凝土造,93年3月26日,四層,一層 二層 三層 四層 陽台
RPPNMLTJKIIFFBQ88CA,10,5.48,社區遊憩設施,鋼筋混凝土造,93年3月26日,三層,
RPRNMLPJKIIFFCQ78CA,22,130.04,住家用,鋼筋混凝土造,81年3月21日,三層,一層 二層 三層 見其他登記事項
RPXNMLNJKIIFFDQ66CA,1,161.46,住宅、樓梯間,鋼筋混凝土造,102年4月16日,三層,一層 二層 三層 陽台 見其他登記事項
RPOOMLNJKIIFFDQ48CA,11,162.15,見其他登記事項,鋼筋混凝土造,91年6月17日,三層,一層 二層 三層
RPUNMLPJKIIFFDQ56CA,30,109.23,住家用,鋼筋混凝土加強磚造,72年5月17日,二層,一層 二層 騎樓
RPUNMLQKKIIFFBQ76EA,31,151.09,住家用,鋼筋混凝土加強磚造,71年11月2日,三層,一層 二層 三層
RPRNMLMKKIIFFCQ68DA,21,85.07,住家用,鋼筋混凝土造,81年11月30日,五層,四層 陽台
RPRNMLMKKIIFFCQ68DA,21,8.68,共有部分,鋼筋混凝土造,81年11月30日,地下層,
RPRNMLMKKIIFFCQ68DA,21,6.94,共有部分,鋼筋混凝土造,81年11月30日,五層,
RPSNMLMJKIIFFDQ78DA,32,65.32,住家用,鋼筋混凝土加強磚造,70年10月30日,一層,一層
RPRNMLOJKIIFFDQ88DA,4,176.60,住家用,鋼筋混凝土造,99年2月2日,三層,一層 二層 三層 陽台 雨遮
RPVNMLQJKIIFFDQ86DA,31,109.35,住家用,鋼筋混凝土加強磚造,71年8月12日,三層,一層 二層 三層 騎樓
RPTNMLNJKIIFFDQ88CA,33,108.83,住家用,鋼筋混凝土加強磚造,69年7月5日,二層,一層 二層 騎樓 電梯樓梯間
RPSNMLNJKIIFFBQ68DA,6,189.34,集合住宅,鋼筋混凝土造,96年6月28日,四層,一層 二層 三層 四層 見其他登記事項
RPSNMLOJKIIFFEQ98CA,22,236.51,住家用,鋼筋混凝土加強磚造,80年10月8日,三層,一層 二層 三層 騎樓 電梯樓梯間
RPSNMLOJKIIFFCQ78CA,27,73.28,住家用,鋼筋混凝土加強磚造,75年10月28日,二層,一層 二層
RPUNMLOJKIIFFBQ88CA,17,92.00,住家用,鋼筋混凝土造,85年8月15日,十四層,七層 陽台
RPUNMLOJKIIFFBQ88CA,15,41.85,住家用,鋼筋混凝土造,87年12月18日,三層,一層 二層 三層
RPPNMLNLKIIFFCQ58CA,,218.00,住宅、停車空間、店舖、機電空間,鋼筋混凝土造,102年6月4日,四層,一層 二層 三層 四層 見其他登記事項 見其他登記事項
RPSNMLOLKIIFFCQ98CA,11,151.18,住家用,鋼筋混凝土造,91年12月30日,三層,一層 二層 三層 電梯樓梯間 見其他登記事項
RPQNMLPKKIIFFCQ78CA,11,102.61,見其他登記事項,鋼筋混凝土造,91年7月25日,五層,
RPQNMLPKKIIFFCQ78CA,11,12.17,見其他登記事項,鋼筋混凝土造,91年7月25日,五層,
RPQNMLPKKIIFFCQ78CA,11,.61,見其他登記事項,鋼筋混凝土造,91年7月25日,五層,
RPQNMLPKKIIFFCQ78CA,11,33.34,停車空間,鋼筋混凝土造,91年7月25日,五層,
RPUNMLKLKIIFFBQ68CA,34,94.98,住家用,鋼筋混凝土加強磚造,68年7月1日,二層,一層 二層 電梯樓梯間
RPPNMLPKKIIFFDQ78CA,37,68.19,住家用,磚造,65年8月4日,一層,一層
RPOOMLNKKIIFFDQ58CA,8,.79,門廳、遊憩設施,鋼筋混凝土造,94年8月26日,三層,
RPOOMLNKKIIFFDQ58CA,8,2.54,門廳、遊憩設施、機械空間、梯間、游泳池,鋼筋混凝土造,94年8月26日,二層,
RPOOMLNKKIIFFDQ58CA,6,154.93,集合住宅、停車空間、機電設備空間,鋼筋混凝土造,96年9月29日,四層,一層 二層 三層 四層 陽台 雨遮 地下一層
RPUNMLPJKIIFFCQ56DA,18,405.53,住商用,鋼筋混凝土造,85年3月15日,四層,一層 二層 三層 四層 騎樓 見其他登記事項
RPQOMLOJKIIFFDQ88DA,1,179.16,,鋼筋混凝土造,102年1月18日,三層,一層 二層 三層 陽台
RPXNMLNKKIIFFDQ76CA,32,102.58,住家用,鋼筋混凝土加強磚造,70年11月10日,二層,一層 二層 電梯樓梯間
RPPOMLNKKIIFFDQ68CA,8,.79,門廳、遊憩設施,鋼筋混凝土造,94年8月26日,三層,
RPPOMLNKKIIFFDQ68CA,8,2.54,門廳、遊憩設施、機械空間、梯間、游泳池,鋼筋混凝土造,94年8月26日,二層,
RPPOMLNKKIIFFDQ68CA,6,154.93,集合住宅、停車空間、機電設備空間,鋼筋混凝土造,96年9月29日,四層,一層 二層 三層 四層 陽台 雨遮 地下一層
RPTNMLNKKIIFFDQ98CA,30,118.18,,加強磚造,72年10月5日,二層,一層 二層 陽台 見其他登記事項
RPROMLPJKIIFFDQ98CA,21,186.90,住家用,鋼筋混凝土造,82年4月22日,四層,一層 二層 三層 四層 見其他登記事項
RPXNMLRKKIIFFDQ17CA,14,176.31,住家用,鋼筋混凝土造,88年12月29日,三層,一層 二層 三層 見其他登記事項
RPOOMLQJKIIFFCQ68CA,21,181.36,住家用,鋼筋混凝土造,82年4月26日,三層,一層 二層 三層 電梯樓梯間 見其他登記事項
RPTNMLOLKIIFFCQ09CA,32,111.71,住家用,鋼筋混凝土加強磚造,70年12月29日,二層,一層 二層 陽台
RPSOMLQJKIIFFCQ09CA,,185.40,住家用,鋼筋混凝土造,102年7月4日,三層,一層 二層 三層 見其他登記事項
RPTNMLPJKIIFFCQ98CA,17,102.09,國民住宅,鋼筋混凝土造,85年11月15日,五層,三層 陽台
RPQNMLQJKIIFFCQ78CA,5,161.27,住家用,鋼筋混凝土造,97年5月19日,三層,一層 二層 三層 電梯樓梯間 見其他登記事項
RPSNMLQKKIIFFCQ09CA,21,151.50,住家用,鋼筋混凝土造,82年3月23日,三層,一層 二層 三層 見其他登記事項
RPQNMLQKKIIFFCQ88CA,31,66.75,住家用,見其他登記事項,71年10月6日,一層,一層
RPUNMLTJKIIFFCQ86CA,18,151.15,集合住宅,鋼筋混凝土造,85年5月17日,八層,七層 八層 陽台
RPPNMLRJKIIFFCQ78CA,20,163.70,客廳．住房,鋼筋混凝土造,82年10月28日,四層,一層 二層 三層 四層 見其他登記事項
RPQNMLRJKIIFFCQ88CA,22,210.50,住商用,鋼筋混凝土造,80年12月11日,四層,一層 二層 三層 四層 電梯樓梯間
RPUNMLQJKIIFFBQ09CA,7,165.89,店舖、停車空間、集合住宅,鋼筋混凝土造,95年8月28日,三層,一層 二層 三層 見其他登記事項
RPTNMLQJKIIFFBQ98CA,7,165.89,店舖、停車空間、集合住宅,鋼筋混凝土造,95年8月28日,三層,一層 二層 三層 見其他登記事項
RPXNMLQJKIIFFBQ76CA,7,165.89,店舖、停車空間、集合住宅,鋼筋混凝土造,95年8月28日,三層,一層 二層 三層 見其他登記事項
RPVNMLQJKIIFFBQ56CA,7,165.89,店舖、停車空間、集合住宅,鋼筋混凝土造,95年8月28日,三層,一層 二層 三層 見其他登記事項
RPOOMLQJKIIFFBQ58CA,7,165.89,店舖、停車空間、集合住宅,鋼筋混凝土造,95年8月28日,三層,一層 二層 三層 見其他登記事項
RPWNMLQJKIIFFBQ66CA,7,165.89,店舖、停車空間、集合住宅,鋼筋混凝土造,95年8月28日,三層,一層 二層 三層 見其他登記事項
RPSNMLRKKIIFFBQ09CA,34,126.00,住家用,鋼筋混凝土加強磚造,68年8月20日,一層,一層
RPUNMLNLKIIFFDQ56CA,,200.38,住宅、樓梯間,鋼筋混凝土造,102年10月14日,三層,一層 二層 三層 陽台 見其他登記事項
RPQOMLNLKIIFFDQ88CA,,204.02,住宅、樓梯間,鋼筋混凝土造,102年10月14日,三層,一層 二層 三層 陽台 見其他登記事項
RPPOMLNLKIIFFDQ78CA,,210.33,住宅、樓梯間,鋼筋混凝土造,102年10月14日,三層,一層 二層 三層 陽台 見其他登記事項
RPTOMLNLKIIFFDQ56CA,,181.01,住宅、樓梯間,鋼筋混凝土造,102年10月14日,三層,一層 二層 三層 陽台 見其他登記事項
RPROMLNLKIIFFDQ98CA,,181.08,住宅、樓梯間,鋼筋混凝土造,102年10月14日,三層,一層 二層 三層 陽台 見其他登記事項
RPSOMLNLKIIFFDQ09CA,,91.22,住宅、樓梯間,鋼筋混凝土造,102年10月14日,三層,一層 二層 三層 陽台 見其他登記事項
RPTOMLPLKIIFFDQ76CA,,192.43,住宅、樓梯間,鋼筋混凝土造,102年9月26日,三層,一層 二層 三層 陽台 見其他登記事項
RPPNMLRJKIIFFDQ88CA,34,93.93,住商用,鋼筋混凝土加強磚造,68年9月29日,二層,一層 二層 電梯樓梯間
RPPNMLSLKIIFFCQ09CA,3,161.04,住家用,鋼筋混凝土造,99年12月24日,四層,一層 二層 三層 見其他登記事項
RPRNMLTJKIIFFDQ66CA,18,144.15,住家用,鋼筋混凝土造,84年6月24日,三層,一層 二層 三層 見其他登記事項
RPUNMLTJKIIFFDQ96CA,18,142.56,住家用,鋼筋混凝土造,84年11月11日,三層,一層 二層 三層 見其他登記事項
RPRNMLPKKIIFFDQ98CA,20,172.12,住家用,鋼筋混凝土造,82年5月17日,三層,一層 二層 三層 見其他登記事項
RPVOMLPLKIIFFDQ96CA,,189.18,住宅、樓梯間,鋼筋混凝土造,102年9月26日,三層,一層 二層 三層 陽台 見其他登記事項
RPSNMLTJKIIFFCQ86EA,35,83.78,住家用,鋼筋混凝土加強磚造,68年2月15日,二層,一層 二層
RPUNMLQKKIIFFCQ76DA,17,135.43,住商用,鋼筋混凝土造,85年12月23日,三層,一層 二層 三層 見其他登記事項
RPPNMLKMKIIFFDQ48CA,14,190.75,住家用,鋼筋混凝土造,88年9月15日,四層,一層 二層 三層 四層 見其他登記事項
RPUOMLPLKIIFFDQ86CA,,192.44,住宅、樓梯間,鋼筋混凝土造,102年9月26日,三層,一層 二層 三層 陽台 見其他登記事項
RPSOMLPLKIIFFDQ66CA,,189.18,住宅、樓梯間,鋼筋混凝土造,102年9月26日,三層,一層 二層 三層 陽台 見其他登記事項
RPRNMLSLKIIFFDQ76CA,10,165.92,住家用,鋼筋混凝土造,92年6月24日,三層,一層 二層 三層 陽台
RPPNMLMKKIIFFBQ28CA,22,231.66,住家用,鋼筋混凝土造,80年8月7日,四層,一層 二層 三層 四層 騎樓 電梯樓梯間
RPSNMLQJKIIFFBQ88CA,7,191.51,住家用,鋼筋混凝土造,95年8月28日,三層,一層 二層 三層 陽台 見其他登記事項
RPSNMLQJKIIFFBQ88CA,7,.25,管理中心,鋼筋混凝土造,95年8月28日,一層,一層
RPTNMLKKKIIFFCQ58CA,,159.82,住家用,鋼筋混凝土造,102年10月24日,三層,一層 二層 三層 見其他登記事項
RPUNMLKKKIIFFCQ68CA,,157.17,住家用,鋼筋混凝土造,102年10月24日,三層,一層 二層 三層 見其他登記事項
RPVNMLNLKIIFFDQ76DA,4,149.72,住家用,鋼筋混凝土造,99年2月2日,三層,一層 二層 三層 陽台
RPXNMLKMKIIFFDQ76DA,,154.08,停車空間、住宅,鋼筋混凝土造,102年8月6日,三層,一層 二層 三層 陽台
RPWNMLKKKIIFFCQ88CA,,138.93,住家用,鋼筋混凝土造,102年10月24日,三層,一層 二層 三層 見其他登記事項
RPXNMLKKKIIFFCQ98CA,,136.54,住家用,鋼筋混凝土造,102年10月24日,三層,一層 二層 三層 見其他登記事項
RPVNMLKKKIIFFCQ78CA,,151.84,住宅、樓梯間,鋼筋混凝土造,102年10月24日,三層,一層 二層 三層 見其他登記事項 見其他登記事項
RPOOMLKKKIIFFCQ18CA,,136.54,住家用,鋼筋混凝土造,102年10月24日,三層,一層 二層 三層 見其他登記事項
RPQOMLMKKIIFFCQ58CA,32,69.75,住家用,磚造,70年12月29日,一層,
RPPOMLKKKIIFFCQ28CA,,138.83,住家用,鋼筋混凝土造,102年10月24日,三層,一層 二層 三層 見其他登記事項
RPWNMLTKKIIFFBQ17DA,19,163.48,住商用,鋼骨鋼筋混凝土造,84年3月20日,四層,一層 二層 三層 四層 陽台
RPWNMLTKKIIFFBQ17DA,19,163.48,住商用,鋼骨鋼筋混凝土造,84年3月20日,四層,一層 二層 三層 四層 陽台
RPQNMLNKKIIFFEQ78CA,1,243.72,住家用,鋼筋混凝土造,101年6月15日,三層,一層 二層 三層 陽台
RPWNMLKLKIIFFDQ09CA,35,104.24,住商用,鋼筋混凝土加強磚造,67年7月16日,三層,一層 二層 三層
RPQOMLTJKIIFFDQ76DA,13,129.97,住家用,鋼筋混凝土造,89年10月12日,三層,一層 二層 三層 陽台
RPRNMLRJKIIFFDQ56DA,21,144.16,住家用,鋼筋混凝土造,82年4月22日,三層,一層 二層 三層 見其他登記事項
RPOOMLQJKIIFFDQ88DA,1,161.46,住宅、樓梯間,鋼筋混凝土造,102年4月16日,三層,一層 二層 三層 陽台 見其他登記事項
RPSNMLKKKIIFFDQ68DA,33,85.49,住家用,鋼筋混凝土加強磚造,70年1月14日,二層,一層 二層 電梯樓梯間
RPVNMLKKKIIFFDQ98DA,,154.08,停車空間、住宅,鋼筋混凝土造,102年8月6日,三層,一層 二層 三層 陽台
RPTNMLLKKIIFFDQ88DA,67,76.03,住家用,木造,35年11月1日,一層,一層
RPQNMLKKKIIFFEQ68EA,21,119.58,住家用,鋼筋混凝土造,82年4月1日,十九層,三層 陽台
RPPOMLMKKIIFFCQ58DA,10,235.60,住家用,鋼筋混凝土造,93年3月10日,三層,一層 二層 三層 電梯樓梯間 見其他登記事項
RPSNMLLKKIIFFDQ78DA,9,17.13,見其他登記事項,鋼筋混凝土造,94年2月4日,五層,一層
RPSNMLLKKIIFFDQ78DA,9,5.89,見其他登記事項,鋼筋混凝土造,94年2月4日,五層,
RPWNMLLKKIIFFDQ09CA,32,92.46,住家用,鋼筋混凝土加強磚造,71年1月9日,二層,一層 二層
RPRNMLNKKIIFFEQ88CA,1,215.83,住家用,鋼筋混凝土造,101年6月15日,三層,一層 二層 三層 陽台
RPXNMLPLKIIFFDQ07CA,5,172.63,住家用,鋼筋混凝土造,97年11月13日,三層,一層 二層 三層 陽台
RPVNMLMKKIIFFCQ98CA,30,80.12,住家用,鋼筋混凝土加強磚造,72年9月15日,二層,
RPRNMLQKKIIFFCQ98CA,19,171.95,住商用,鋼筋混凝土造,83年10月4日,五層,一層 二層 三層 平台 騎樓 見其他登記事項
RPXNMLNLKIIFFCQ76CA,38,110.40,住家用,鋼筋混凝土加強磚造,65年1月17日,二層,一層 二層
RPRNMLQKKIIFFBQ88CA,6,252.01,住家用,鋼筋混凝土造,96年9月17日,四層,一層 二層 三層 四層 陽台
RPRNMLMKKIIFFBQ48CA,7,165.89,店舖、停車空間、集合住宅,鋼筋混凝土造,95年8月28日,三層,一層 二層 三層 見其他登記事項
RPQNMLRLKIIFFBQ98CA,7,165.89,店舖、停車空間、集合住宅,鋼筋混凝土造,95年8月28日,三層,一層 二層 三層 見其他登記事項
RPUNMLNKKIIFFEQ56CA,33,99.09,住家用,鋼筋混凝土加強磚造,69年12月10日,二層,一層 二層 騎樓 電梯樓梯間
RPQNMLLKKIIFFEQ58CA,29,272.30,店舖、住房、梯間,鋼筋混凝土造,73年5月22日,三層,一層 二層 三層 屋頂突出物 騎樓
RPUOMLLMKIIFFDQ56CA,33,99.30,住商用,鋼筋混凝土加強磚造,69年12月27日,二層,一層 二層 電梯樓梯間
RPRNMLTLJIIFFDQ76CA,34,101.32,住家用,鋼筋混凝土加強磚造,69年1月18日,二層,一層 二層 騎樓 電梯樓梯間
RPSNMLTLJIIFFDQ86CA,1,158.33,,鋼筋混凝土造,102年1月18日,三層,一層 二層 三層 陽台
RPXNMLTKKIIFFBQ27DA,19,163.48,住商用,鋼骨鋼筋混凝土造,84年3月20日,四層,一層 二層 三層 四層 陽台
RPXNMLTKKIIFFBQ27DA,19,163.48,住商用,鋼骨鋼筋混凝土造,84年3月20日,四層,一層 二層 三層 四層 陽台
RPXNMLTKKIIFFBQ27DA,19,163.48,住商用,鋼骨鋼筋混凝土造,84年3月20日,四層,一層 二層 三層 四層 陽台
RPXNMLTKKIIFFBQ27DA,19,163.48,住商用,鋼骨鋼筋混凝土造,84年3月20日,四層,一層 二層 三層 四層 陽台
RPRNMLRJJHJFFCQ88CA,16,174.06,住商用,鋼筋混凝土造,86年8月16日,三層,一層 二層 三層 電梯樓梯間 見其他登記事項
RPQNMLMKKIIFFDQ68DA,,154.08,停車空間、住宅,鋼筋混凝土造,102年8月6日,三層,一層 二層 三層 陽台
RPTNMLRKKIIFFCQ76DA,32,97.99,住家用,鋼筋混凝土加強磚造,70年8月8日,二層,一層 二層
RPSNMLNKKIIFFDQ98DA,,154.08,停車空間、住宅,鋼筋混凝土造,102年8月6日,三層,一層 二層 三層 陽台
RPQNMLRKKIIFFDQ56DA,36,99.20,住商用,鋼筋混凝土加強磚造,67年3月10日,二層,一層 二層 騎樓
RPSNMLRKKIIFFDQ76DA,31,97.00,住家用,鋼筋混凝土加強磚造,71年9月10日,二層,一層 二層 電梯樓梯間
RPPNMLOKKIIFFDQ68CA,34,91.58,住家用,鋼筋混凝土加強磚造,69年3月1日,二層,一層 二層
RPTNMLQJJHJFFDQ09CA,10,170.35,住家用,鋼筋混凝土造,92年5月30日,四層,一層 二層 三層 四層 見其他登記事項
RPSNMLNKKIIFFEQ98CA,1,215.73,住家用,鋼筋混凝土造,101年6月15日,三層,一層 二層 三層 陽台
RPQNMLNKKIIFFBQ48CA,9,18.11,住家用,鋼筋混凝土造,94年1月3日,五層,三層 陽台
RPRNMLNKKIIFFBQ58CA,6,259.64,集合住宅、停車空間,鋼筋混凝土造,97年4月8日,四層,一層 二層 三層 四層 地下一層 見其他登記事項
RPRNMLNKKIIFFBQ58CA,6,4.08,管理委員會室,鋼筋混凝土造,97年4月8日,三層,
RPRNMLNKKIIFFBQ58CA,6,25.97,停車空間,鋼筋混凝土造,97年4月8日,四層,
RPWNMLQKKIIFFBQ76CA,33,85.85,住家用,鋼筋混凝土加強磚造,70年3月23日,二層,一層 二層 電梯樓梯間
RPQNMLSLKIIFFCQ56CA,11,102.08,見其他登記事項,鋼筋混凝土造,91年7月25日,五層,
RPQNMLSLKIIFFCQ56CA,11,15.15,見其他登記事項,鋼筋混凝土造,91年7月25日,五層,
RPQNMLSLKIIFFCQ56CA,11,33.34,停車空間,鋼筋混凝土造,91年7月25日,五層,
RPPNMLPLKIIFFCQ78CA,,237.98,住家用,鋼筋混凝土造,102年6月27日,四層,一層 二層 三層 四層 見其他登記事項
RPVNMLQKKIIFFBQ76DA,11,157.27,住家用,鋼筋混凝土造,92年1月14日,三層,一層 二層 三層 陽台 電梯樓梯間
RPPOMLSKKIIFFEQ66CA,34,113.11,住家用,鋼筋混凝土加強磚造,68年8月28日,二層,一層 二層 電梯樓梯間
RPWNMLSKKIIFFDQ17CA,20,152.88,住家用,鋼筋混凝土造,83年4月1日,三層,一層 二層 三層 陽台 騎樓 電梯樓梯間
RPRNMLPLKIIFFDQ09CA,23,181.38,住家用,鋼筋混凝土造,80年3月22日,三層,一層 二層 三層 電梯樓梯間
RPUNMLRKKIIFFDQ96DA,1,174.80,住宅、樓梯間,鋼筋混凝土造,102年4月16日,三層,一層 二層 三層 陽台 雨遮 見其他登記事項
RPQNMLQKKIIFFDQ98CA,15,215.49,住家用,見其他登記事項,88年4月28日,三層,一層 二層 三層
RPWNMLNLKIIFFDQ86DA,9,198.43,住家用,鋼筋混凝土造,93年11月18日,三層,一層 二層 三層 陽台
RPVNMLNLKIIFFCQ76EA,34,109.72,住商用,鋼筋混凝土加強磚造,68年9月24日,二層,一層 二層 電梯樓梯間
RPPNMLRKKIIFFEQ56DA,21,33.90,住家用,鋼筋混凝土造,82年4月1日,十八層,五層 陽台
RPPNMLRKKIIFFEQ56DA,21,6.62,梯間,鋼筋混凝土造,82年4月1日,十八層,
RPPNMLRKKIIFFEQ56DA,21,1.75,守衛室．健身房．游泳池．防空避難室兼停車場,鋼筋混凝土造,82年4月1日,,
RPPNMLSKKIIFFDQ56DA,23,157.08,住商用,鋼筋混凝土造,79年7月13日,三層,一層 二層 三層 電梯樓梯間
RPSNMLTKKIIFFDQ86CA,9,163.28,住家用,鋼筋混凝土造,94年3月3日,三層,一層 二層 三層 陽台
RPUOMLRJJHJFFDQ76CA,32,147.31,住家用,鋼筋混凝土加強磚造,70年11月25日,二層,一層 二層 電梯樓梯間
RPTOMLRJJHJFFDQ66CA,18,166.69,住家用,鋼筋混凝土造,84年12月26日,三層,一層 二層 三層 陽台 電梯樓梯間 雨遮
RPRNMLTKKIIFFEQ86CA,18,125.18,住家用,鋼筋混凝土造,84年7月5日,三層,一層 二層 三層 陽台 電梯樓梯間
RPPNMLKLKIIFFCQ28CA,30,99.05,住家用,鋼筋混凝土加強磚造,72年8月31日,二層,一層 二層 騎樓 電梯樓梯間
RPRNMLPLKIIFFBQ88CA,20,162.91,住商用,鋼筋混凝土造,83年4月23日,三層,一層 二層 三層 陽台 平台 電梯樓梯間
RPQNMLNLKIIFFCQ68CA,,237.98,住家用,鋼筋混凝土造,102年6月27日,四層,一層 二層 三層 四層 見其他登記事項
RPRNMLKMKIIFFEQ78CA,1,172.26,住宅、梯間,鋼筋混凝土造,102年3月25日,三層,一層 二層 三層 陽台 屋頂突出物
RPPNMLTKKIIFFBQ98CA,20,93.93,住家用,鋼筋混凝土造,82年7月12日,七層,四層 陽台
RPPNMLTKKIIFFBQ98CA,20,30.17,配電室、樓梯間、防空避難室、停車場,鋼筋混凝土造,82年7月12日,七層,
RPOOMLSKKIIFFDQ09CA,34,102.55,住家用,鋼筋混凝土加強磚造,69年3月1日,二層,一層 二層 騎樓
RPVOMLNLKIIFFDQ76CA,14,490.62,雞舍、看守舍、堆肥舍、倉庫,鋼造,88年6月15日,二層,一層 二層
RPROMLPLKIIFFDQ56CA,33,112.64,住商用,鋼筋混凝土加強磚造,69年8月20日,二層,一層 二層 電梯樓梯間
RPRNMLSKKIIFFCQ66DA,20,179.26,住家用,鋼筋混凝土造,82年12月27日,三層,一層 二層 三層 電梯樓梯間 見其他登記事項
RPQNMLPJJHJFFDQ68CA,18,170.67,,鋼筋混凝土造﹙磚壁﹚,85年4月1日,三層,一層 二層 三層 電梯樓梯間
RPSNMLSKKIIFFCQ86EA,20,145.06,住家用,鋼筋混凝土造,82年7月22日,三層,一層 二層 三層 見其他登記事項
RPTNMLTKKIIFFCQ07EA,32,56.63,住家用,鋼筋混凝土加強磚造,70年10月12日,一層,一層
RPQNMLQLKIIFFDQ09CA,6,207.21,集合住宅、停車空間,鋼筋混凝土造,96年9月29日,四層,一層 二層 三層 四層 陽台 雨遮
RPQNMLQLKIIFFDQ09CA,8,1.59,門廳、遊憩設施,鋼筋混凝土造,94年8月26日,三層,
RPQNMLQLKIIFFDQ09CA,8,5.08,門廳、遊憩設施、機械空間、梯間、游泳池,鋼筋混凝土造,94年8月26日,二層,
RPTOMLLMKIIFFDQ09CA,24,97.48,住家用,加強磚造,78年8月19日,二層,一層 二層 陽台 平台
RPOOMLNLKIIFFDQ68CA,1,183.87,住宅、樓梯間,鋼筋混凝土造,102年5月28日,三層,一層 二層 三層 陽台 見其他登記事項
RPTNMLKLKIIFFDQ78CA,34,102.28,住家用,鋼筋混凝土加強磚造,69年3月1日,二層,一層 二層 騎樓
RPQNMLOJJHJFFCQ48CA,15,113.92,住家用,鋼筋混凝土造,88年3月3日,九層,九層 陽台
RPQNMLOJJHJFFCQ48CA,15,34.52,共有部分,鋼筋混凝土造,88年3月3日,九層,
RPPOMLNJJHJFFCQ38CA,31,88.44,住家用,鋼筋混凝土加強磚造,72年4月23日,二層,一層 二層 陽台
RPVNMLPLKIIFFCQ76CA,37,50.51,住家用,竹造,66年1月15日,一層,
RPVNMLTKKIIFFBQ96CA,6,244.44,集合住宅、停車空間,鋼筋混凝土造,97年4月8日,四層,一層 二層 三層 四層 地下一層 見其他登記事項
RPPNMLOJJHJFFEQ58CA,19,174.21,住商用,鋼筋混凝土造,84年1月28日,三層,一層 二層 三層 電梯樓梯間
RPSNMLKLKIIFFDQ68CA,1,274.21,,鋼筋混凝土造,101年8月29日,四層,一層 二層 三層 四層 陽台
RPSNMLKLKIIFFDQ68CA,7,.65,機械室、樓梯間、垃圾處理場、管理中心,鋼筋混凝土造,95年7月18日,三層,
RPSNMLKLKIIFFDQ68CA,7,.27,機械室、樓梯間,鋼筋混凝土造,95年7月18日,一層,
RPSNMLKLKIIFFDQ68CA,7,.48,機械室、樓梯間、開放空間、交誼室,鋼筋混凝土造,95年7月18日,四層,
RPQNMLTJJHJFFDQ56DA,7,155.59,住宅、停車空間,鋼筋混凝土造,95年6月29日,三層,一層 二層 三層 陽台 雨遮
RPRNMLKLKIIFFDQ68DA,,154.08,停車空間、住宅,鋼筋混凝土造,102年8月6日,三層,一層 二層 三層 陽台
RPQNMLOLKIIFFDQ98DA,,154.08,停車空間、住宅,鋼筋混凝土造,102年8月6日,三層,一層 二層 三層 陽台
RPQNMLPLKIIFFDQ98CA,6,243.67,儲藏室、店舖、住宅、停車空間,鋼筋混凝土造,97年5月16日,四層,一層 二層 三層 四層 陽台 雨遮 地下一層 見其他登記事項
RPVOMLLMKIIFFDQ66CA,36,77.46,住家用,磚造,66年8月13日,一層,一層
RPSNMLQJJHJFFCQ88CA,2,149.91,住家用,鋼筋混凝土造,101年5月4日,三層,一層 二層 三層 見其他登記事項
RPRNMLOLKIIFFCQ88CA,1,235.45,住宅、樓梯間,鋼筋混凝土造,101年10月24日,三層,一層 二層 三層 見其他登記事項 見其他登記事項
RPSNMLQLKIIFFCQ56CA,32,148.39,住家用,鋼筋混凝土加強磚造,71年2月3日,三層,一層 二層 三層
RPRNMLQLKIIFFCQ09CA,,237.98,住家用,鋼筋混凝土造,102年6月27日,四層,一層 二層 三層 四層 見其他登記事項
RPQNMLOLKIIFFBQ68CA,40,66.87,住家用,鋼筋混凝土補強磚木造,62年10月9日,四層,
RPPNMLOLKIIFFBQ68DA,6,215.37,店舖、住宅、停車空間,鋼筋混凝土造,96年10月8日,四層,一層 二層 三層 四層 陽台 車庫
RPRNMLOLKIIFFBQ78CA,87,14.33,住家用,木造,16年1月1日,一層,一層
RPSOMLLMKIIFFDQ98CA,6,154.76,店舖、住宅、樓梯間,鋼筋混凝土造,97年4月14日,三層,一層 二層 三層 陽台 見其他登記事項
RPWNMLNLKIIFFCQ76DA,20,156.35,住商用,鋼筋混凝土造,83年5月13日,三層,一層 二層 三層 電梯樓梯間 見其他登記事項
RPQNMLQKJHJFFDQ88CA,17,219.66,住家用,鋼筋混凝土造,85年11月29日,四層,一層 二層 三層 四層 見其他登記事項
RPVNMLTKKIIFFDQ27DA,34,89.08,住商用,鋼筋混凝土加強磚造,69年1月29日,二層,一層 二層 電梯樓梯間
RPVNMLSKKIIFFDQ17DA,,154.08,停車空間、住宅,鋼筋混凝土造,102年8月6日,三層,一層 二層 三層 陽台
RPVNMLPLKIIFFDQ07EA,8,168.00,住家用,鋼筋混凝土造,94年11月29日,四層,一層 二層 三層 四層 陽台
RPXNMLPLKIIFFCQ07DA,45,556.32,工業用,見其他登記事項,57年8月20日,一層,
RPXNMLPLKIIFFCQ07DA,45,21.90,見其他登記事項,磚造,57年11月15日,一層,
RPXNMLPLKIIFFCQ07DA,45,26.46,見其他登記事項,鋼筋混凝土加強磚造,57年11月15日,一層,
RPXNMLPLKIIFFCQ07DA,43,152.76,住商用,見其他登記事項,59年11月30日,二層,
RPXNMLPLKIIFFCQ07DA,43,759.68,工業用,鋼筋混凝土加強磚造,59年11月30日,一層,
RPXNMLPLKIIFFCQ07DA,43,1096.35,工業用,鋼筋混凝土加強磚造,59年11月30日,一層,
RPXNMLPLKIIFFCQ07DA,43,259.53,見其他登記事項,見其他登記事項,59年11月30日,一層,
RPXNMLPLKIIFFCQ07DA,40,799.67,工業用,鋼筋混凝土加強磚造,63年2月6日,二層,
RPXNMLPLKIIFFCQ07DA,39,116.00,商業用,加強磚造,63年7月10日,二層,
RPXNMLPLKIIFFCQ07DA,39,546.48,工業用,鋼造,63年7月10日,一層,
RPXNMLRKJHJFFCQ96CA,31,95.04,住家用,鋼筋混凝土加強磚造,71年12月15日,二層,一層 二層 電梯樓梯間
RPTNMLTJJHJFFCQ66CA,12,197.96,停車空間、住房,鋼筋混凝土造,91年4月3日,三層,一層 二層 三層 陽台 電梯樓梯間
RPVNMLQLKIIFFBQ76CA,7,199.00,住家用,鋼筋混凝土造,95年8月28日,三層,一層 二層 三層 陽台 見其他登記事項
RPVNMLQLKIIFFBQ76CA,7,.25,管理中心,鋼筋混凝土造,95年8月28日,一層,一層
RPWNMLQLKIIFFBQ86CA,7,165.89,店舖、停車空間、集合住宅,鋼筋混凝土造,95年8月28日,三層,一層 二層 三層 見其他登記事項
RPUNMLQLKIIFFBQ66CA,7,165.89,店舖、停車空間、集合住宅,鋼筋混凝土造,95年8月28日,三層,一層 二層 三層 見其他登記事項
RPQNMLKMKIIFFBQ48DA,35,128.00,住家用,加強磚造,68年5月24日,二層,一層 二層 騎樓
RPQNMLLKJHJFFEQ48CA,23,124.83,住家用,鋼筋混凝土造,79年11月26日,三層,一層 二層 三層 電梯樓梯間
RPOOMLRLKIIFFDQ09CA,35,93.08,住家用,加強磚造,67年6月15日,二層,一層 二層 騎樓
RPPNMLSLKIIFFDQ56CA,33,109.12,住家用,鋼筋混凝土加強磚造,69年7月5日,二層,一層 二層 騎樓 電梯樓梯間
RPSNMLMJJHJFFCQ58DA,19,206.48,住家用,鋼筋混凝土造,83年10月29日,三層,一層 二層 三層 電梯樓梯間 見其他登記事項
RPRNMLSLKIIFFCQ76DA,31,118.02,住商用,鋼筋混凝土加強磚造,71年7月3日,二層,
RPUNMLKMKIIFFDQ09DA,37,48.30,住家用,鋼筋混凝土加強磚造,65年10月22日,一層,一層
RPVNMLRJJHJFFDQ76CA,18,150.83,健身房、住房,鋼筋混凝土造,85年3月22日,四層,一層 二層 三層 四層 陽台 平台
RPSNMLNJJHJFFDQ68CA,8,169.69,住家用,鋼筋混凝土造,95年1月25日,三層,一層 二層 三層 陽台 電梯樓梯間
RPTNMLSLKIIFFDQ96CA,37,63.10,住家用,磚造,65年9月9日,一層,一層
RPWNMLLMKIIFFCQ56CA,7,216.66,集合住宅,鋼筋混凝土造,96年3月28日,四層,一層 二層 三層 四層 見其他登記事項
RPVNMLLMKIIFFCQ09CA,17,98.63,國民住宅,鋼筋混凝土造,85年11月15日,五層,四層 陽台
RPPNMLOJJHJFFCQ38CA,18,146.82,農舍,鋼筋混凝土加強磚造,84年10月12日,一層,一層
RPSNMLKMKIIFFCQ68CA,12,125.47,住家用,鋼筋混凝土造,91年1月14日,三層,
RPPNMLMJJHJFFCQ18CA,,210.69,住家用,鋼筋混凝土造,102年7月4日,三層,一層 二層 三層 見其他登記事項
RPTNMLNJJHJFFCQ68CA,21,73.80,商業用,鋼筋混凝土造,81年11月30日,五層,一層 平台
RPTNMLNJJHJFFCQ68CA,21,3.81,共有部分,鋼筋混凝土造,81年11月30日,地下層,
RPTNMLNJJHJFFCQ68CA,21,3.47,共有部分,鋼筋混凝土造,81年11月30日,五層,
RPVNMLTJJHJFFCQ86CA,23,172.92,住家用,鋼筋混凝土造,80年1月2日,三層,一層 二層 三層 電梯樓梯間
RPOPMLLKJHJFFCQ28CA,,174.94,住家用,鋼筋混凝土造,102年10月18日,三層,一層 二層 三層 見其他登記事項
RPPPMLLKJHJFFCQ38CA,,173.80,住家用,鋼筋混凝土造,102年10月18日,三層,一層 二層 三層 見其他登記事項
RPQNMLLKJHJFFCQ28CA,,181.85,住宅、梯間,鋼筋混凝土造,102年10月18日,三層,一層 二層 三層 見其他登記事項 見其他登記事項
RPPNMLSKJHJFFBQ78CA,21,110.82,住商用,鋼筋混凝土造,81年8月5日,四層,一層 二層 三層 四層 騎樓 電梯樓梯間
RPRNMLLLJHJFFCQ48CA,10,192.67,停車空間、集合住宅,鋼筋混凝土造,93年1月30日,三層,一層 二層 三層 見其他登記事項
RPVNMLNJJHJFFBQ78CA,20,146.89,住商用,鋼筋混凝土加強磚造,83年3月26日,四層,一層 二層 三層 四層 電梯樓梯間
SPPOMLPLKIIFFDQ66EA,9,16.26,見其他登記事項,鋼筋混凝土造,93年6月9日,五層,四層
SPPOMLPLKIIFFDQ66EA,9,5.55,見其他登記事項,鋼筋混凝土造,93年6月9日,五層,
RPPOMLPLKIIFFDQ56EA,9,16.26,見其他登記事項,鋼筋混凝土造,93年6月9日,五層,四層
RPPOMLPLKIIFFDQ56EA,9,5.55,見其他登記事項,鋼筋混凝土造,93年6月9日,五層,
RPUNMLLMKIIFFCQ56EA,17,31.66,集合住宅,鋼筋混凝土造,85年12月3日,五層,二層 陽台
RPUNMLLMKIIFFCQ56EA,17,13.70,共有部分,鋼筋混凝土造,85年12月3日,五層,
RPPNMLLMKIIFFDQ68DA,21,179.87,住家用,鋼筋混凝土造,81年11月26日,三層,一層 二層 三層 見其他登記事項
RPUNMLMJJHJFFDQ78CA,18,74.15,集合住宅,鋼筋混凝土造,85年2月7日,九層,四層 陽台
RPUNMLMJJHJFFDQ78CA,18,15.74,防空避難室兼停車空間,鋼筋混凝土造,85年2月7日,九層,
RPUNMLMJJHJFFDQ78CA,18,10.78,電、樓梯間,鋼筋混凝土造,85年2月7日,九層,
RPQNMLMJJHJFFDQ38CA,33,75.75,住家用,鋼筋混凝土加強磚造,69年11月14日,二層,一層 二層
RPQNMLLKJHJFFDQ38CA,33,99.81,住家用,鋼筋混凝土加強磚造,70年6月3日,二層,一層 二層 電梯樓梯間
RPWNMLNJJHJFFBQ88CA,25,159.55,住家用,鋼筋混凝土加強磚造,77年7月23日,二層,一層 二層 陽台 騎樓 電梯樓梯間
RPRNMLQJJHJFFBQ68CA,18,88.73,住家用,鋼筋混凝土造,84年12月10日,八層,八層 陽台 花台 見其他登記事項
RPRNMLQJJHJFFBQ68CA,18,25.08,防空避難、停車空間、台電室水箱、機械室、儲藏室,鋼筋混凝土造,84年12月10日,八層,
RPRNMLMJJHJFFCQ38CA,17,98.12,國民住宅,鋼筋混凝土造,85年11月15日,五層,五層 陽台
RPSNMLQJJHJFFBQ78CA,4,1.76,管理員室,鋼筋混凝土造,98年11月11日,二層,一層 二層 見其他登記事項
RPSNMLQJJHJFFBQ78CA,4,221.13,住商用,鋼筋混凝土造,98年11月11日,四層,一層 二層 三層 四層 見其他登記事項
RPSNMLQJJHJFFBQ78CA,4,221.13,住商用,鋼筋混凝土造,98年11月11日,四層,一層 二層 三層 四層 見其他登記事項
RPPNMLTJJHJFFEQ09CA,22,382.97,辦公室,鋼造,81年1月20日,一層,一層
RPQNMLKLJHJFFDQ38CA,20,184.80,人行道、住房,鋼筋混凝土造,82年8月25日,三層,一層 二層 三層 騎樓 電梯樓梯間
RPRNMLOJJHJFFCQ68DA,37,52.60,住家用,鋼筋混凝土加強磚造,66年3月9日,二層,一層 二層
RPTNMLMJJHJFFDQ78DA,,154.08,停車空間、住宅,鋼筋混凝土造,102年8月6日,三層,一層 二層 三層 陽台
RPPNMLSJJHJFFCQ88DA,20,235.45,住家用,鋼筋混凝土造,82年12月15日,四層,一層 二層 三層 四層 見其他登記事項
RPVNMLMJJHJFFDQ98DA,36,86.52,住家用,鋼筋混凝土加強磚造,66年9月26日,二層,一層 二層
RPPNMLQJJHJFFDQ68CA,6,204.50,店舖、住宅、停車空間,鋼筋混凝土造,96年8月22日,四層,一層 二層 三層 四層 陽台
RPWNMLRJJHJFFDQ86CA,19,1805.95,廠房、辦公室、防空避難室,鐵骨造、鋼筋混凝土造,83年9月21日,二層,一層 二層 儲藏室 地下層
RPWNMLRJJHJFFDQ86CA,38,1273.00,工業用,鋼造,64年9月23日,一層,一層
RPPNMLTJJHJFFDQ98CA,32,123.88,住家用,鋼筋混凝土加強磚造,70年12月22日,三層,一層 二層 三層
RPVNMLRKJHJFFDQ86CA,8,180.02,集合住宅、停車空間,鋼筋混凝土造,95年2月16日,四層,一層 二層 三層 四層 見其他登記事項
RPVNMLRKJHJFFDQ86CA,8,1.59,門廳、遊憩設施,鋼筋混凝土造,94年8月26日,三層,
RPVNMLRKJHJFFDQ86CA,8,5.08,門廳、遊憩設施、機械空間、梯間、游泳池,鋼筋混凝土造,94年8月26日,二層,
RPOQMLLLJHJFFCQ48CA,7,491.95,停車空間、住宅、店舖,鋼筋混凝土造,96年6月11日,四層,一層 二層 三層 四層 見其他登記事項
RPQOMLLLJHJFFDQ58CA,7,184.81,住宅、梯間,鋼筋混凝土造,95年8月7日,三層,一層 二層 三層 電梯樓梯間 見其他登記事項
RPSOMLLKJHJFFCQ58CA,,152.05,住家用,鋼筋混凝土造,102年10月18日,三層,一層 二層 三層 見其他登記事項
RPVNMLQJJHJFFCQ56CA,,138.83,住家用,鋼筋混凝土造,102年8月14日,三層,一層 二層 三層 見其他登記事項
RPSNMLRJJHJFFCQ98CA,19,175.73,住家用,鋼筋混凝土造,83年6月29日,三層,一層 二層 三層 電梯樓梯間 見使用執照
RPXNMLLKJHJFFCQ98CA,,173.79,住家用,鋼筋混凝土造,102年10月18日,三層,一層 二層 三層 見其他登記事項
RPSNMLLKJHJFFCQ48CA,,152.05,住家用,鋼筋混凝土造,102年10月18日,三層,一層 二層 三層 見其他登記事項
RPPNMLLKJHJFFCQ18CA,,184.42,住宅、梯間,鋼筋混凝土造,102年10月18日,三層,一層 二層 三層 見其他登記事項 見其他登記事項
RPRNMLPKJHJFFDQ09EA,,193.92,住宅、樓梯間,鋼筋混凝土,102年8月8日,三層,一層 二層 三層 陽台 見其他登記事項
RPTNMLLKJHJFFCQ58CA,,152.05,住家用,鋼筋混凝土造,102年10月18日,三層,一層 二層 三層 見其他登記事項
RPUNMLLKJHJFFCQ68CA,,152.05,住家用,鋼筋混凝土造,102年10月18日,三層,一層 二層 三層 見其他登記事項
RPVNMLLKJHJFFCQ78CA,,152.05,住家用,鋼筋混凝土造,102年10月18日,三層,一層 二層 三層 見其他登記事項
RPPNMLOJJHJFFBQ28CA,8,24.89,住家用,鋼筋混凝土造,94年10月3日,十層,四層 陽台
RPQNMLSJJHJFFEQ09CA,1,202.00,住家用,鋼筋混凝土造,102年1月18日,三層,一層 二層 三層 陽台
RPRNMLRJJHJFFDQ98CA,16,307.70,住家用,鋼筋混凝土造,86年7月29日,三層,一層 二層 三層
RPPNMLRLJHJFFDQ98CA,16,146.50,住家用,鋼筋混凝土造,86年12月29日,三層,一層 二層 三層 陽台 平台 雨遮
RPRNMLRLJHJFFDQ56CA,20,184.12,儲藏室、店舖、集合住宅,鋼筋混凝土造,82年10月6日,九層,一層 二層 陽台 騎樓 地下層
RPRNMLRLJHJFFDQ56CA,20,28.72,避難室、停車場,鋼筋混凝土造,82年10月6日,9,
RPRNMLRLJHJFFDQ56CA,20,27.91,梯間,鋼筋混凝土造,82年10月6日,九層,
RPSOMLOLJHJFFDQ09CA,7,205.94,機械室、住宅、樓梯間,鋼筋混凝土造,95年12月5日,四層,一層 二層 三層 四層 陽台 地下層 見其他登記事項
RPUNMLQJJHJFFDQ56CA,10,156.33,住家用,鋼筋混凝土造,93年4月23日,二層,一層 二層 陽台
RPXNMLNJJHJFFDQ56CA,19,162.00,住家用,鋼筋混凝土造,83年8月3日,三層,一層 二層 三層
RPWNMLKLJHJFFDQ56EA,33,116.18,住家用,鋼筋混凝土加強磚造,69年6月11日,二層,一層 二層 騎樓
RPSNMLTJJHJFFDQ66CA,35,106.98,住商用,鋼筋混凝土加強磚造,67年6月30日,二層,一層 二層 騎樓 廚房
RPSOMLRJJHJFFDQ56CA,34,103.02,住家用,鋼筋混凝土加強磚造,69年1月18日,二層,一層 二層 騎樓 電梯樓梯間
RPPNMLKKJHJFFEQ48EA,16,182.34,住家用,鋼筋混凝土造,86年10月21日,四層,一層 二層 三層 四層 見其他登記事項
RPRNMLSJJHJFFDQ09CA,15,87.78,見其他登記事項,鋼筋混凝土造,88年5月31日,五層,
RPRNMLSJJHJFFDQ09CA,15,10.93,見其他登記事項,鋼筋混凝土造,88年5月31日,五層,
RPRNMLSJJHJFFDQ09CA,15,.80,見其他登記事項,鋼筋混凝土造,88年5月31日,一層,
RPSNMLPLJHJFFDQ09CA,,97.20,住家用,鋼筋混凝土加強磚造,,二層,一層 二層
RPWNMLLKJHJFFCQ88CA,,174.87,住家用,鋼筋混凝土造,102年10月18日,三層,一層 二層 三層 見其他登記事項
RPOOMLLKJHJFFCQ18CA,,182.99,住宅、梯間,鋼筋混凝土造,102年10月18日,三層,一層 二層 三層 見其他登記事項 見其他登記事項
RPRNMLLKJHJFFCQ38CA,,154.48,住家用,鋼筋混凝土造,102年10月18日,三層,一層 二層 三層 見其他登記事項
RPPOMLLKJHJFFCQ28CA,,174.18,住家用,鋼筋混凝土造,102年10月18日,三層,一層 二層 三層 見其他登記事項
RPQOMLLKJHJFFCQ38CA,,154.48,住家用,鋼筋混凝土造,102年10月18日,三層,一層 二層 三層 見其他登記事項
RPTOMLLKJHJFFCQ68CA,,152.05,住家用,鋼筋混凝土造,102年10月18日,三層,一層 二層 三層 見其他登記事項
RPUOMLLKJHJFFCQ78CA,,152.05,住家用,鋼筋混凝土造,102年10月18日,三層,一層 二層 三層 見其他登記事項
RPWOMLLKJHJFFCQ98CA,,152.05,住家用,鋼筋混凝土造,102年10月18日,三層,一層 二層 三層 見其他登記事項
RPXOMLLKJHJFFCQ09CA,,154.48,住家用,鋼筋混凝土造,102年10月18日,三層,一層 二層 三層 見其他登記事項
RPWNMLSJJHJFFCQ86CA,31,89.67,住商用,鋼筋混凝土加強磚造,72年5月12日,二層,一層 二層 電梯樓梯間
RPSNMLNKJHJFFCQ68CA,1,185.63,住宅、停車空間,鋼筋混凝土造,101年10月17日,四層,一層 二層 三層 四層 見其他登記事項
RPWNMLNKJHJFFCQ09CA,54,162.21,商業用,磚木造,48年7月1日,三層,一層 二層 三層 騎樓
RPPNMLPLJHJFFCQ68CA,24,178.01,住家用,鋼筋混凝土加強磚造,79年2月19日,三層,一層 二層 三層 騎樓
RPQNMLSJJHJFFBQ78CA,12,20.33,住家用,鋼筋混凝土造,91年4月23日,四層,三層 陽台
RPQNMLSJJHJFFBQ78CA,12,1.94,共有部分,鋼筋混凝土造,91年4月23日,四層,
RPQNMLSJJHJFFBQ78CA,12,5.12,共有部分,鋼筋混凝土造,91年4月23日,四層,
RPUNMLRJJHJFFBQ56DA,19,163.48,住商用,鋼骨鋼筋混凝土造,84年3月20日,四層,一層 二層 三層 四層 陽台
RPWNMLSJJHJFFBQ76CA,7,165.89,店舖、停車空間、集合住宅,鋼筋混凝土造,95年8月28日,三層,一層 二層 三層 見其他登記事項
RPSNMLSJJHJFFBQ98CA,20,129.15,住家用,鋼筋混凝土造,82年8月4日,三層,一層 二層 三層 夾層
RPXNMLSJJHJFFBQ86CA,7,309.44,店舖、停車空間、集合住宅,鋼筋混凝土造,95年8月28日,三層,一層 二層 三層 陽台 見其他登記事項
RPOOMLSJJHJFFBQ68CA,7,165.89,店舖、停車空間、集合住宅,鋼筋混凝土造,95年8月28日,三層,一層 二層 三層 見其他登記事項
RPQNMLMLJHJFFBQ38CA,1,294.73,住家用,鋼筋混凝土造,102年4月19日,四層,一層 二層 三層 四層 見其他登記事項
RPQNMLPLJHJFFCQ78CA,12,133.24,住家用,鋼筋混凝土造,90年11月28日,四層,一層 二層 三層 四層
RPRNMLTJJHJFFBQ09DA,1,168.26,住宅、樓梯間,鋼筋混凝土造,102年2月7日,三層,一層 二層 三層 見其他登記事項
RPSNMLKKJHJFFDQ48CA,20,167.29,住商用,鋼筋混凝土造,82年7月5日,三層,一層 二層 三層 見其他登記事項
RPUNMLTJJHJFFDQ86CA,8,15.37,見其他登記事項,鋼筋混凝土造,94年8月15日,五層,四層
RPUNMLTJJHJFFDQ86CA,8,6.84,見其他登記事項,鋼筋混凝土造,94年8月15日,五層,
RPQNMLPKJHJFFDQ98EA,,182.57,住宅、樓梯間,鋼筋混凝土,102年8月8日,三層,一層 二層 三層 陽台 見其他登記事項
RPSNMLPKJHJFFDQ56EA,,191.46,住宅、樓梯間,鋼筋混凝土,102年8月8日,三層,一層 二層 三層 陽台 見其他登記事項
RPQNMLKKJHJFFEQ58EA,41,110.18,住家用,鋼筋補強磚造,61年12月1日,二層,一層 二層
RPPNMLKKJHJFFCQ18DA,8,152.26,住家用,鋼筋混凝土造,94年8月31日,三層,一層 二層 三層 電梯樓梯間 見其他登記事項
RPPNMLQLJHJFFCQ88DA,32,111.71,住家用,鋼筋混凝土加強磚造,70年12月29日,二層,一層 二層 陽台
RPRNMLSJJHJFFCQ56EA,21,9.60,共有部分,鋼筋混凝土造,82年2月17日,五層,
RPRNMLSJJHJFFCQ56EA,21,103.59,國民住宅,鋼筋混凝土造,82年2月17日,五層,二層 陽台
RPQNMLQKJHJFFBQ88EA,21,5049.60,教室,鋼筋混凝土造,82年3月1日,四層,一層 二層 三層 四層 地下一層 見其他登記事項
RPSNMLSJJHJFFDQ66DA,8,207.23,集合住宅、停車空間,鋼筋混凝土造,94年8月26日,四層,一層 二層 三層 四層 見其他登記事項
RPSNMLSJJHJFFDQ66DA,8,1.59,門廳、遊憩設施,鋼筋混凝土造,94年8月26日,三層,
RPSNMLSJJHJFFDQ66DA,8,5.08,門廳、遊憩設施、機械空間、梯間、游泳池,鋼筋混凝土造,94年8月26日,二層,
RPXNMLKKJHJFFDQ09DA,,282.68,住宅、停車空間、樓梯間,鋼筋混凝土造,102年11月29日,四層,一層 二層 三層 四層 陽台 見其他登記事項
RPPOMLSJJHJFFBQ78CA,7,166.67,店舖、停車空間、集合住宅,鋼筋混凝土造,95年8月28日,三層,一層 二層 三層 陽台 見其他登記事項
RPPOMLSJJHJFFBQ78CA,7,.25,管理中心,鋼筋混凝土造,95年8月28日,一層,一層
RPQOMLSJJHJFFBQ88CA,7,165.89,店舖、停車空間、集合住宅,鋼筋混凝土造,95年8月28日,三層,一層 二層 三層 見其他登記事項
RPUPMLMLJHJFFDQ56CA,33,96.28,住家用,鋼筋混凝土加強磚造,69年9月1日,二層,一層 二層
RPWNMLRKJHJFFCQ86CA,7,218.69,集合住宅,鋼筋混凝土造,96年3月21日,四層,一層 二層 三層 四層 見其他登記事項
RPVNMLKKJHJFFCQ68CA,30,81.62,住家用,鋼筋混凝土加強磚造,72年9月15日,二層,
RPOOMLNKJHJFFCQ38CA,32,68.82,住家用,磚造,70年12月29日,一層,
RPWNMLQKJHJFFCQ76CA,17,91.78,集合住宅,鋼筋混凝土造,85年12月20日,十一層,九層 陽台
RPWNMLQKJHJFFCQ76CA,17,.73,共有部分,鋼筋混凝土造,85年12月20日,十一層,
RPWNMLQKJHJFFCQ76CA,17,17.46,共有部分,鋼筋混凝土造,85年12月20日,十一層,
RPWNMLQKJHJFFCQ76CA,17,10.69,共有部分,鋼筋混凝土造,85年12月20日,十一層,
RPUNMLKLJHJFFBQ58CA,19,206.29,住家用,鋼筋混凝土造,84年5月19日,四層,一層 二層 三層 四層 陽台
RPRNMLRKJHJFFBQ88CA,8,17.64,住家用,鋼筋混凝土造,94年10月3日,十層,三層 陽台
RPRNMLRKJHJFFBQ88CA,8,.11,管理委員會使用空間,鋼筋混凝土造,94年10月3日,十層,
RPRNMLRKJHJFFBQ88CA,8,9.30,機電設備空間、停車空間、樓梯間、走廊、機械室、水塔,鋼筋混凝土造,94年10月3日,十層,
RPRNMLKKJHJFFBQ18CA,6,261.63,集合住宅、停車空間,鋼筋混凝土造,97年4月8日,四層,一層 二層 三層 四層 地下一層 見其他登記事項
RPTNMLTJJHJFFBQ56CA,17,90.16,住家用,鋼筋混凝土造,86年1月10日,十層,二層 陽台
RPTNMLTJJHJFFBQ56CA,17,22.25,防空避難室兼停車空間,鋼筋混凝土造,86年1月10日,十層,
RPTNMLTJJHJFFBQ56CA,17,15.65,電、樓梯間,鋼筋混凝土造,86年1月10日,十層,
RPPNMLNKJHJFFBQ28CA,33,130.11,住家用,鋼筋混凝土加強磚造,70年3月25日,二層,一層 二層 電梯樓梯間
RPUNMLOKJHJFFDQ09CA,8,179.13,集合住宅、停車空間,鋼筋混凝土造,95年2月16日,四層,一層 二層 三層 四層 見其他登記事項
RPUNMLOKJHJFFDQ09CA,8,1.59,門廳、遊憩設施,鋼筋混凝土造,94年8月26日,三層,
RPUNMLOKJHJFFDQ09CA,8,5.08,門廳、遊憩設施、機械空間、梯間、游泳池,鋼筋混凝土造,94年8月26日,二層,
RPROMLRKJHJFFDQ56CA,40,143.06,工業用,鋼造,63年6月7日,一層,一層 見其他登記事項
RPQNMLNKJHJFFBQ48DA,26,125.11,住家用,加強磚造,77年4月2日,二層,一層 二層 電梯樓梯間
RPRNMLNKJHJFFDQ78DA,34,168.48,住家用,鋼筋混凝土加強磚造,69年1月18日,二層,一層 二層 騎樓 電梯樓梯間
RPVNMLKKJHJFFDQ88DA,,154.08,停車空間、住宅,鋼筋混凝土造,102年8月6日,三層,一層 二層 三層 陽台
RPSNMLLLJHJFFCQ68DA,21,132.90,住家用,鋼筋混凝土造,81年7月31日,三層,一層 二層 三層
RPTNMLRKJHJFFDQ76DA,31,107.27,住家用,鋼筋混凝土加強磚造,71年10月21日,二層,一層 二層 騎樓
RPVNMLKKKHJFFCQ98EA,20,143.75,住家用,加強磚造,82年10月6日,二層,一層 二層 陽台 平台 電梯樓梯間
RPXNMLTLJHJFFDQ37CA,32,114.80,住商用,鋼筋混凝土加強磚造,70年12月28日,二層,一層 二層 騎樓 電梯樓梯間
RPPQMLMLJHJFFDQ78CA,34,105.45,住家用,鋼筋混凝土加強磚造,69年1月18日,二層,一層 二層 騎樓 電梯樓梯間
RPVNMLLLJHJFFDQ98CA,8,1.59,門廳、遊憩設施,鋼筋混凝土造,94年8月26日,三層,
RPVNMLLLJHJFFDQ98CA,8,5.08,門廳、遊憩設施、機械空間、梯間、游泳池,鋼筋混凝土造,94年8月26日,二層,
RPVNMLLLJHJFFDQ98CA,8,204.60,集合住宅、停車空間,鋼筋混凝土造,95年2月16日,四層,一層 二層 三層 四層 見其他登記事項
RPWNMLLLJHJFFDQ09CA,35,106.62,住商用,鋼筋混凝土加強磚造,67年7月17日,三層,一層 二層 三層
RPRNMLTLJHJFFCQ66CA,,237.98,住家用,鋼筋混凝土造,102年6月27日,四層,一層 二層 三層 四層 見其他登記事項
RPRNMLQKJHJFFCQ88CA,21,152.91,住商用,鋼筋混凝土造,81年6月30日,三層,一層 二層 三層 電梯樓梯間
RPQOMLNKJHJFFCQ58CA,,130.67,住家用,鋼筋混凝土造,102年10月24日,三層,一層 二層 三層 見其他登記事項
RPQNMLLLJHJFFCQ38CA,34,101.40,住家用,鋼筋混凝土加強磚造,69年6月20日,二層,一層 二層
RPSNMLPLJHJFFCQ98CA,6,324.98,住家用,鋼筋混凝土造,97年5月22日,三層,一層 二層 三層 電梯樓梯間 見其他登記事項
RPPNMLQKJHJFFBQ58CA,7,165.89,店舖、停車空間、集合住宅,鋼筋混凝土造,95年8月28日,三層,一層 二層 三層 見其他登記事項
RPXOMLMLJHJFFDQ76CA,,164.93,住家用,鋼筋混凝土造,102年11月1日,四層,一層 二層 三層 四層 見其他登記事項
RPWOMLMLJHJFFDQ66CA,,174.71,住家用,鋼筋混凝土造,102年11月1日,四層,一層 二層 三層 四層 見其他登記事項
RPOPMLMLJHJFFDQ58CA,,176.68,住家用,鋼筋混凝土造,102年11月1日,四層,一層 二層 三層 四層 見其他登記事項
RPQPMLMLJHJFFDQ78CA,,179.93,住家用,鋼筋混凝土造,102年11月1日,四層,一層 二層 三層 四層 見其他登記事項
RPPPMLMLJHJFFDQ68CA,,174.98,住家用,鋼筋混凝土造,102年11月1日,四層,一層 二層 三層 四層 見其他登記事項
RPWOMLRKJHJFFDQ07CA,15,124.21,住家用,鋼筋混凝土造,87年11月24日,三層,一層 二層 三層 陽台 平台
RPTOMLRKJHJFFDQ76CA,8,16.15,見其他登記事項,鋼筋混凝土造,94年8月15日,五層,二層
RPTOMLRKJHJFFDQ76CA,8,7.19,見其他登記事項,鋼筋混凝土造,94年8月15日,五層,
RPQNMLRKJHJFFCQ09EA,18,61.29,住家用,鋼筋混凝土造,85年5月17日,八層,七層 陽台 花台
RPPNMLKKKHJFFCQ28DA,20,272.26,住家用,鋼筋混凝土加強磚造,82年6月30日,二層,一層 二層
RPXOMLRKJHJFFDQ17CA,46,82.14,住商用,鋼筋混凝土加強磚造,57年1月15日,二層,一層 二層
RPSOMLRKJHJFFDQ66CA,18,66.50,集合住宅,鋼筋混凝土造,84年12月27日,五層,五層 陽台
RPSOMLRKJHJFFDQ66CA,18,12.08,樓梯間、停車空間,鋼筋混凝土造,84年12月27日,五層,
RPQNMLTKJHJFFDQ56CA,1,169.01,,鋼筋混凝土造,102年1月18日,三層,一層 二層 三層 陽台
RPPNMLTKJHJFFDQ09CA,1,169.05,,鋼筋混凝土造,102年1月18日,三層,一層 二層 三層 陽台
RPQNMLLLJHJFFDQ48CA,21,81.96,住家用,鋼筋混凝土造,81年9月29日,三層,一層 二層 三層
RPTOMLRLJHJFFDQ86CA,21,120.01,住家用,鋼筋混凝土造,82年5月18日,三層,一層 二層 三層 見其他登記事項
RPRQMLLLJHJFFCQ78CA,,190.00,住宅、樓梯間,鋼筋混凝土造,102年11月4日,三層,一層 二層 三層 見其他登記事項 見其他登記事項
RPTQMLLLJHJFFCQ98CA,,190.10,住宅、樓梯間,鋼筋混凝土造,102年11月4日,三層,一層 二層 三層 見其他登記事項 見其他登記事項
RPPNMLSKJHJFFEQ09CA,28,98.75,住家用,鋼筋混凝土加強磚造,74年7月19日,二層,一層 二層 電梯樓梯間
RPROMLLLJHJFFCQ58CA,,210.53,停車空間、店鋪、住宅,鋼筋混凝土造,102年11月4日,四層,一層 二層 三層 四層 見其他登記事項
RPPQMLLLJHJFFCQ58CA,,187.36,住宅、樓梯間,鋼筋混凝土造,102年11月4日,三層,一層 二層 三層 見其他登記事項 見其他登記事項
RPUPMLLLJHJFFCQ98CA,,169.67,停車空間、住宅、樓梯間,鋼筋混凝土造,102年11月4日,三層,一層 二層 三層 見其他登記事項 見其他登記事項
RPWPMLLLJHJFFCQ56CA,,178.62,停車空間、住宅、樓梯間,鋼筋混凝土造,102年11月4日,三層,一層 二層 三層 見其他登記事項 見其他登記事項
RPUOMLLLJHJFFCQ88CA,,223.35,停車空間、店鋪、住宅,鋼筋混凝土造,102年11月4日,四層,一層 二層 三層 四層 見其他登記事項
RPXOMLLLJHJFFCQ56CA,,180.63,停車空間、住宅、樓梯間,鋼筋混凝土造,102年11月4日,三層,一層 二層 三層 見其他登記事項 見其他登記事項
RPRPMLLLJHJFFCQ68CA,,189.60,停車空間、住宅、樓梯間,鋼筋混凝土造,102年11月4日,三層,一層 二層 三層 見其他登記事項 見其他登記事項
RPOPMLLLJHJFFCQ38CA,,180.63,停車空間、住宅、樓梯間,鋼筋混凝土造,102年11月4日,三層,一層 二層 三層 見其他登記事項 見其他登記事項
RPPPMLLLJHJFFCQ48CA,,180.63,停車空間、住宅、樓梯間,鋼筋混凝土造,102年11月4日,三層,一層 二層 三層 見其他登記事項 見其他登記事項
RPWOMLLLJHJFFCQ09CA,,180.63,停車空間、住宅、樓梯間,鋼筋混凝土造,102年11月4日,三層,一層 二層 三層 見其他登記事項 見其他登記事項
RPXPMLLLJHJFFCQ66CA,,205.26,住宅、樓梯間,鋼筋混凝土造,102年11月4日,三層,一層 二層 三層 見其他登記事項 見其他登記事項
RPSOMLLLJHJFFCQ68CA,,205.43,停車空間、店鋪、住宅,鋼筋混凝土造,102年11月4日,四層,一層 二層 三層 四層 見其他登記事項
RPXNMLRLJHJFFCQ07CA,20,90.80,住家用,鋼筋混凝土造,82年12月14日,七層,三層 陽台 花台 雨遮
RPXNMLRLJHJFFCQ07CA,20,9.47,共有部分,鋼筋混凝土造,82年12月14日,七層,
RPXNMLRLJHJFFCQ07CA,20,8.92,共有部分,鋼筋混凝土造,82年12月14日,七層,
RPWNMLRLJHJFFCQ96CA,17,98.63,國民住宅,鋼筋混凝土造,85年11月15日,五層,四層 陽台
RPWNMLRLJHJFFCQ96CA,17,.52,共有部分,鋼筋混凝土造,85年11月15日,地下二層,
RPWNMLRLJHJFFCQ96CA,17,9.83,共有部分,鋼筋混凝土造,85年11月15日,五層,
RPUNMLRKJHJFFBQ56CA,7,240.05,住家用,鋼筋混凝土造,96年1月30日,四層,一層 二層 三層 四層 陽台
RPVNMLRLJHJFFDQ96CA,,198.61,住宅、樓梯間,鋼筋混凝土造,102年12月6日,三層,一層 二層 三層 陽台 見其他登記事項
RPWNMLRLJHJFFDQ07CA,,195.80,住宅、樓梯間,鋼筋混凝土造,102年12月6日,三層,一層 二層 三層 陽台 見其他登記事項
RPOOMLRLJHJFFDQ98CA,,195.80,住宅、樓梯間,鋼筋混凝土造,102年12月6日,三層,一層 二層 三層 陽台 見其他登記事項
RPPOMLRLJHJFFDQ09CA,,198.59,住宅、樓梯間,鋼筋混凝土造,102年12月6日,三層,一層 二層 三層 陽台 見其他登記事項
RPTNMLTLJHJFFDQ96CA,21,175.77,住家用,鋼筋混凝土造,82年4月26日,三層,一層 二層 三層 陽台 電梯樓梯間
RPXNMLNLJHJFFDQ76CA,35,90.40,住家用,加強磚造,68年2月1日,二層,一層 二層 騎樓
RPQNMLQJKHJFFEQ98CA,20,206.88,住家用,鋼筋混凝土造,82年9月6日,三層,一層 二層 三層 騎樓 電梯樓梯間
RPWNMLRKJHJFFBQ86DA,19,128.14,住家用,鋼筋混凝土加強磚造,84年6月5日,三層,一層 二層 三層 陽台 電梯樓梯間
RPTNMLKLJHJFFBQ58DA,36,92.00,住家用,鋼筋混凝土加強磚造,66年10月28日,二層,一層 二層
RPUNMLRKJHJFFDQ76CA,19,186.56,住商用,鋼筋混凝土造,83年8月11日,三層,一層 二層 三層 地下層 見其他登記事項
RPTNMLQKJHJFFCQ66EA,21,164.31,住家用,鋼筋混凝土造,82年5月7日,三層,一層 二層 三層 電梯樓梯間 見其他登記事項
RPPNMLRKJHJFFCQ88DA,19,173.29,住家用,鋼筋混凝土造,84年2月17日,三層,一層 二層 三層 平台 電梯樓梯間 見其他登記事項
RPSNMLKLJHJFFDQ68DA,20,176.60,住家用,鋼筋混凝土造,83年6月20日,四層,一層 二層 三層 四層 地下層 見其他登記事項
RPSNMLKLJHJFFDQ68DA,20,24.00,共有部分,鋼筋混凝土造,83年6月20日,,
RPVNMLMLJHJFFDQ56DA,,154.08,停車空間、住宅,鋼筋混凝土造,102年8月6日,三層,一層 二層 三層 陽台
RPTNMLLLJHJFFCQ78DA,19,150.94,住家用,鋼筋混凝土造,84年3月23日,三層,
RPUNMLSLJHJFFCQ96DA,20,90.80,住家用,鋼筋混凝土造,82年12月14日,七層,六層 陽台 花台 雨遮
RPUNMLSLJHJFFCQ96DA,20,9.47,共有部分,鋼筋混凝土造,82年12月14日,七層,
RPUNMLSLJHJFFCQ96DA,20,8.92,共有部分,鋼筋混凝土造,82年12月14日,七層,
RPUOMLRKJHJFFDQ86CA,11,171.41,住商用,鋼筋混凝土造,92年3月12日,四層,一層 二層 三層 四層 見其他登記事項
RPRNMLLLJHJFFEQ68CA,1,222.04,住家用,鋼筋混凝土造,102年1月18日,三層,一層 二層 三層 陽台
RPSNMLLLJHJFFEQ78CA,21,38.83,住家用,鋼筋混凝土造,82年4月1日,十八層,三層 陽台
RPSNMLMLJHJFFBQ58CA,30,270.14,住商用,鋼筋混凝土加強磚造,72年12月31日,三層,一層 二層 三層 騎樓 電梯樓梯間
RPPOMLRKJHJFFBQ78CA,7,165.89,店舖、停車空間、集合住宅,鋼筋混凝土造,95年8月28日,三層,一層 二層 三層 見其他登記事項
RPOOMLRKJHJFFBQ68CA,7,165.89,店舖、停車空間、集合住宅,鋼筋混凝土造,95年8月28日,三層,一層 二層 三層 見其他登記事項
RPQOMLLLJHJFFCQ48CA,,224.72,停車空間、店鋪、住宅,鋼筋混凝土造,102年11月4日,四層,一層 二層 三層 四層 見其他登記事項
RPXNMLOLJHJFFBQ66CA,30,118.96,住家用,鋼筋混凝土加強磚造,72年10月21日,三層,一層 二層 三層 騎樓
RPTPMLLLJHJFFCQ88CA,,185.26,停車空間、住宅、樓梯間,鋼筋混凝土造,102年11月4日,三層,一層 二層 三層 見其他登記事項 見其他登記事項
RPVPMLLLJHJFFCQ09CA,,166.93,停車空間、住宅、樓梯間,鋼筋混凝土造,102年11月4日,三層,一層 二層 三層 見其他登記事項 見其他登記事項
RPVOMLLLJHJFFCQ98CA,,180.63,停車空間、住宅、樓梯間,鋼筋混凝土造,102年11月4日,三層,一層 二層 三層 見其他登記事項 見其他登記事項
RPQPMLLLJHJFFCQ58CA,,195.65,停車空間、住宅、樓梯間,鋼筋混凝土造,102年11月4日,三層,一層 二層 三層 見其他登記事項 見其他登記事項
RPVNMLQJKHJFFCQ66CA,20,160.79,住家用,鋼筋混凝土造,82年7月8日,三層,一層 二層 三層 電梯樓梯間
RPSPMLLLJHJFFCQ78CA,,189.60,停車空間、住宅、樓梯間,鋼筋混凝土造,102年11月4日,三層,一層 二層 三層 見其他登記事項 見其他登記事項
RPQQMLLLJHJFFCQ68CA,,190.45,住宅、樓梯間,鋼筋混凝土造,102年11月4日,三層,一層 二層 三層 見其他登記事項 見其他登記事項
RPTOMLLLJHJFFCQ78CA,,211.68,停車空間、店鋪、住宅,鋼筋混凝土造,102年11月4日,四層,一層 二層 三層 四層 見其他登記事項
RPSQMLLLJHJFFCQ88CA,,186.92,住宅、樓梯間,鋼筋混凝土造,102年11月4日,三層,一層 二層 三層 見其他登記事項 見其他登記事項
RPRNMLMLJHJFFCQ58CA,21,79.90,住家用,鋼筋混凝土造,81年11月30日,五層,二層 陽台
RPRNMLMLJHJFFCQ58CA,21,8.04,共有部分,鋼筋混凝土造,81年11月30日,地下層,
RPRNMLMLJHJFFCQ58CA,21,6.74,共有部分,鋼筋混凝土造,81年11月30日,五層,
RPQOMLRKJHJFFBQ88CA,7,165.89,店舖、停車空間、集合住宅,鋼筋混凝土造,95年8月28日,三層,一層 二層 三層 見其他登記事項
RPRPMLMLJHJFFDQ88CA,,178.43,住家用,鋼筋混凝土造,102年11月1日,四層,一層 二層 三層 四層 見其他登記事項
RPRNMLKLJHJFFDQ58DA,,75.80,住家用,木造,,一層,一層
RPTNMLKLJHJFFDQ78DA,37,66.66,住家用,磚造,65年8月15日,一層,一層
RPPOMLMLJHJFFDQ68DA,,156.43,停車空間、住宅,鋼筋混凝土造,102年8月6日,三層,一層 二層 三層 陽台
RPQNMLNLJHJFFCQ78EA,30,80.12,住家用,鋼筋混凝土加強磚造,72年9月15日,二層,
RPROMLOLJHJFFCQ98DA,54,47.59,住家用,磚造,48年7月1日,一層,一層 騎樓
RPROMLOLJHJFFCQ98DA,54,114.75,住家用,壹層、加強磚造、貳層木造,48年7月1日,二層,一層 二層 騎樓
RPROMLOLJHJFFCQ98DA,46,56.02,住家用,磚造,57年2月1日,一層,一層 騎樓
RPROMLOLJHJFFCQ98DA,46,24.00,住家用,木造,57年2月1日,一層,一層
RPXNMLPJKHJFFDQ86CA,9,154.03,住家用,鋼筋混凝土造,93年9月16日,三層,一層 二層 三層 陽台 電梯樓梯間
RPPNMLSJKHJFFDQ98CA,21,150.42,住家用,鋼筋混凝土造,81年7月4日,三層,一層 二層 三層 陽台
RPRNMLSLJHJFFBQ09CA,7,198.60,停車空間、店舖、集合住宅,鋼筋混凝土造,96年6月28日,四層,一層 二層 三層 四層 見其他登記事項
RPSNMLSLJHJFFBQ56CA,2,223.04,住商用,鋼筋混凝土造,100年11月9日,四層,一層 二層 三層 四層 陽台
RPQNMLMLJHJFFCQ48CA,35,100.80,住家用,鋼筋混凝土加強磚造,67年7月25日,二層,一層 二層 廚房
RPWNMLSLJHJFFCQ07CA,22,191.73,住商用,鋼筋混凝土造,81年6月23日,四層,一層 二層 三層 四層
RPRNMLLKKHJFFDQ58CA,,372.26,店舖、住宅、樓梯間,鋼筋混凝土造,102年12月6日,三層,一層 二層 三層 陽台 見其他登記事項
RPTNMLLKKHJFFDQ78CA,1,170.30,店舖、住宅、室內停車空間,鋼筋混凝土造,102年4月8日,四層,一層 二層 三層 四層 陽台
RPUQMLLLJHJFFCQ09CA,,205.43,停車空間、店鋪、住宅,鋼筋混凝土造,102年11月4日,四層,一層 二層 三層 四層 見其他登記事項
RPTNMLTLJHJFFCQ86CA,1,237.98,住家用,鋼筋混凝土造,102年6月27日,四層,一層 二層 三層 四層 見其他登記事項
RPTNMLTKKHJFFDQ96CA,8,16.15,見其他登記事項,鋼筋混凝土造,94年8月15日,五層,二層
RPTNMLTKKHJFFDQ96CA,8,16.15,見其他登記事項,鋼筋混凝土造,94年8月15日,五層,二層
RPTNMLTKKHJFFDQ96CA,8,14.38,見其他登記事項,鋼筋混凝土造,94年8月15日,五層,
RPVQMLLLJHJFFCQ56CA,,180.63,停車空間、住宅、樓梯間,鋼筋混凝土造,102年11月4日,三層,一層 二層 三層 見其他登記事項 見其他登記事項
RPWQMLLLJHJFFCQ66CA,,175.95,停車空間、住宅、樓梯間,鋼筋混凝土造,102年11月4日,三層,一層 二層 三層 見其他登記事項 見其他登記事項
RPQNMLOLJHJFFCQ68CA,,154.48,住家用,鋼筋混凝土造,102年10月18日,三層,一層 二層 三層 見其他登記事項
RPRNMLOLJHJFFCQ78CA,,205.40,停車空間、店鋪、住宅,鋼筋混凝土造,102年11月4日,四層,一層 二層 三層 四層 見其他登記事項
RPQOMLOLJHJFFCQ78CA,20,184.60,住家用,RC造（RC磚材料）,83年1月7日,三層,一層 二層 三層 電梯樓梯間 見其他登記事項
RPQNMLTLJHJFFBQ09CA,28,105.60,住家用,鋼筋混凝土加強磚造,74年8月23日,二層,一層 二層 騎樓
RPVNMLOLJHJFFBQ09CA,,199.71,住家用,鋼筋混凝土造,102年7月1日,四層,一層 二層 三層 四層 見其他登記事項
RPTNMLSKKHJFFCQ76CA,20,169.26,住家用,鋼筋混凝土造,82年7月8日,三層,一層 二層 三層 電梯樓梯間
RPUNMLSLJHJFFDQ96CA,8,16.15,見其他登記事項,鋼筋混凝土造,94年8月15日,五層,四層
RPUNMLSLJHJFFDQ96CA,8,7.19,見其他登記事項,鋼筋混凝土造,94年8月15日,五層,
RPQNMLNLJHJFFDQ68CA,1,163.74,住宅、樓梯間,鋼筋混凝土造,102年4月16日,三層,一層 二層 三層 陽台 見其他登記事項
RPSNMLNLJHJFFDQ88CA,5,251.93,住商用,鋼筋混凝土造,97年7月4日,四層,一層 二層 三層 四層 陽台 雨遮
RPWNMLNLJHJFFDQ66CA,1,225.21,,鋼筋混凝土造,101年8月29日,四層,一層 二層 三層 四層 陽台
RPWNMLNLJHJFFDQ66CA,7,.65,機械室、樓梯間、垃圾處理場、管理中心,鋼筋混凝土造,95年7月18日,三層,
RPWNMLNLJHJFFDQ66CA,7,.27,機械室、樓梯間,鋼筋混凝土造,95年7月18日,一層,
RPWNMLNLJHJFFDQ66CA,7,.48,機械室、樓梯間、開放空間、交誼室,鋼筋混凝土造,95年7月18日,四層,
RPTNMLMLJHJFFDQ88CA,32,94.84,住家用,鋼筋混凝土加強磚造,71年5月6日,二層,一層 二層 電梯樓梯間
RPTNMLNLJHJFFCQ09EA,31,93.07,住家用,鋼筋混凝土加強磚造,71年11月15日,二層,一層 二層 電梯樓梯間
RPPNMLNLJHJFFEQ88EA,35,107.48,住家用,鋼筋混凝土加強磚造,68年1月12日,二層,一層 二層
RPWNMLOLJHJFFCQ86EA,7,7.03,停車空間、機電設備空間、管理室、梯廳、走廊,鋼筋混凝土造,96年6月23日,五層,
RPWNMLOLJHJFFCQ86EA,7,21.15,集合住宅,鋼筋混凝土造,96年6月23日,五層,四層 陽台
RPRNMLNLJHJFFDQ88DA,32,97.00,住商用,鋼筋混凝土加強磚造,70年10月29日,二層,一層 二層 電梯樓梯間
RPQNMLNLJHJFFBQ58DA,19,84.39,住家用,鋼筋混凝土造,83年9月10日,十二層,八層 陽台
RPQNMLNLJHJFFBQ58DA,19,8.68,樓梯間,鋼筋混凝土造,83年9月10日,十二層,
RPQNMLNLJHJFFBQ58DA,19,6.58,防空避難室﹒停車空間,鋼筋混凝土造,83年9月10日,十三層,
RPQNMLNLJHJFFEQ78CA,34,224.71,住商用,鋼筋混凝土加強磚造,69年1月29日,三層,
RPPNMLRLJHJFFEQ09CA,2,209.00,住家用,鋼筋混凝土造,101年6月15日,三層,一層 二層 三層 陽台
RPQNMLPJKHJFFEQ88CA,32,171.93,住商用,鋼筋混凝土加強磚造,71年2月27日,三層,一層 二層 三層 騎樓 電梯樓梯間
RPSNMLPJKHJFFEQ09CA,,58.01,商業用,木造,,一層,
RPROMLOLJHJFFDQ98CA,27,95.20,住家用,鋼筋混凝土加強磚造,76年4月2日,二層,一層 二層 陽台
RPVNMLSLJHJFFDQ07CA,8,16.15,見其他登記事項,鋼筋混凝土造,94年8月15日,五層,四層
RPVNMLSLJHJFFDQ07CA,8,7.19,見其他登記事項,鋼筋混凝土造,94年8月15日,五層,
RPRNMLTLJHJFFDQ76CA,40,193.13,工業用,鋼造,63年6月7日,一層,一層 見其他登記事項
RPPNMLTLJHJFFDQ56CA,33,96.58,住家用,鋼筋混凝土加強磚造,70年6月19日,二層,一層 二層
RPRNMLOLJHJFFBQ68CA,21,173.30,住商用,鋼筋混凝土造,82年4月22日,四層,一層 二層 三層 四層 騎樓
RPTNMLOLJHJFFBQ88CA,14,204.44,住家用,鋼筋混凝土加強磚造,88年10月22日,四層,一層 二層 三層 四層 電梯樓梯間
RPVNMLSLJHJFFCQ96CA,19,157.89,住家用,鋼筋混凝土造,84年2月16日,三層,一層 二層 三層 電梯樓梯間 見其他登記事項
RPQNMLQJKHJFFCQ78CA,,206.36,住宅、水塔間,鋼筋混凝土造,102年6月4日,四層,一層 二層 三層 四層 見其他登記事項
RPSOMLRLJHJFFCQ66CA,14,80.81,住家用,鋼筋混凝土造,88年6月29日,四層,二層 陽台
RPPNMLTLJHJFFCQ09CA,33,100.63,住家用,鋼筋混凝土加強磚造,70年2月1日,二層,一層 二層 電梯樓梯間
RPRNMLPJKHJFFCQ78CA,33,107.85,住家用,鋼筋混凝土加強磚造,69年10月22日,二層,一層 二層 電梯樓梯間
RPRNMLSKKHJFFDQ66CA,30,133.19,住家用,鋼筋混凝土加強磚造,73年4月10日,二層,一層 二層 騎樓
RPRNMLQJKHJFFBQ88DA,31,136.56,住商用,鋼筋混凝土加強磚造,71年10月18日,二層,一層 二層 騎樓 電梯樓梯間
RPPNMLOLJHJFFBQ58DA,21,115.46,住商用,鋼筋混凝土造,81年7月18日,三層,一層 二層 三層
RPTOMLSLJHJFFCQ86CA,8,1523.13,辦公室、廠房、員工宿舍、機械室、空調室、樓梯間,鋼骨構造,94年10月27日,四層,一層 二層 三層 四層 電梯樓梯間
RPSNMLOLJHJFFDQ09DA,,267.04,住商用,鋼筋混凝土造,102年8月6日,四層,一層 二層 三層 四層 陽台
RPTNMLNLJHJFFDQ09DA,18,198.14,健身房、住房,鋼筋混凝土造,85年3月22日,五層,一層 二層 三層 四層 五層 陽台 平台
RPUNMLOLJHJFFDQ66DA,,154.08,停車空間、住宅,鋼筋混凝土造,102年8月6日,三層,一層 二層 三層 陽台
RPVNMLRLJHJFFCQ96DA,17,94.68,國民住宅,鋼筋混凝土造,85年11月15日,五層,一層 陽台
RPVNMLSKKHJFFDQ17DA,15,119.23,見其他登記事項,見其他登記事項,88年1月9日,一層,
RPQOMLSLJHJFFCQ76EA,7,21.15,集合住宅,鋼筋混凝土造,96年6月23日,五層,四層 陽台
RPQOMLSLJHJFFCQ76EA,7,7.03,停車空間、機電設備空間、管理室、梯廳、走廊,鋼筋混凝土造,96年6月23日,五層,
RPSOMLRLJHJFFDQ86DA,19,198.44,住房、臥室、停車空間,鋼筋混凝土造,83年8月8日,三層,一層 二層 三層 地下層 見其他登記事項
RPPNMLOKKHJFFBQ58DA,19,114.92,住商用,鋼筋混凝土造,83年11月28日,三層,一層 二層 三層 陽台
RPVNMLPLJHJFFDQ76CA,17,155.95,住商用,鋼筋混凝土造,86年4月25日,三層,一層 二層 三層 電梯樓梯間
RPRNMLTKKHJFFDQ76CA,8,166.81,住家用,鋼筋混凝土造,95年1月25日,三層,一層 二層 三層 陽台 電梯樓梯間
RPQNMLSLJHJFFBQ98CA,4,221.13,住商用,鋼筋混凝土造,98年11月11日,四層,一層 二層 三層 四層 見其他登記事項
RPQNMLSLJHJFFBQ98CA,4,.88,管理員室,鋼筋混凝土造,98年11月11日,二層,一層 二層 見其他登記事項
RPROMLRLJHJFFCQ56CA,1,193.47,住家用,鋼筋混凝土造,102年7月4日,三層,一層 二層 三層 見其他登記事項
RPVOMLSLJHJFFCQ07CA,32,101.10,住家用,鋼筋混凝土加強磚造,70年7月25日,二層,一層 二層 電梯樓梯間
RPXNMLSLJHJFFCQ17CA,,187.36,住宅、樓梯間,鋼筋混凝土造,102年11月4日,三層,一層 二層 三層 見其他登記事項 見其他登記事項
RPOOMLSLJHJFFCQ98CA,,180.63,停車空間、住宅、樓梯間,鋼筋混凝土造,102年11月4日,三層,一層 二層 三層 見其他登記事項 見其他登記事項
RPPOMLSLJHJFFCQ09CA,,182.78,停車空間、住宅、樓梯間,鋼筋混凝土造,102年11月4日,三層,一層 二層 三層 見其他登記事項 見其他登記事項
RPQOMLTLJHJFFCQ66CA,,180.63,停車空間、住宅、樓梯間,鋼筋混凝土造,102年11月4日,三層,一層 二層 三層 見其他登記事項 見其他登記事項
RPPNMLSJKHJFFCQ88CA,32,161.37,住商用,鋼筋混凝土加強磚造,71年4月13日,三層,一層 二層 三層 騎樓 電梯樓梯間
RPPNMLSJKHJFFCQ88CA,32,165.97,住商用,鋼筋混凝土加強磚造,71年4月13日,三層,一層 二層 三層 騎樓 電梯樓梯間
RPPNMLPKKHJFFBQ58CA,4,198.72,住商用,鋼筋混凝土造,98年8月20日,四層,一層 二層 三層 四層 見其他登記事項
RPRNMLSJKHJFFCQ09CA,18,231.89,住商用,鋼筋混凝土造,85年5月3日,四層,一層 二層 三層 四層 電梯樓梯間 見其他登記事項
RPTNMLSLJHJFFBQ66CA,7,165.89,店舖、停車空間、集合住宅,鋼筋混凝土造,95年8月28日,三層,一層 二層 三層 見其他登記事項
RPUNMLSLJHJFFBQ76CA,7,165.89,店舖、停車空間、集合住宅,鋼筋混凝土造,95年8月28日,三層,一層 二層 三層 見其他登記事項
RPPNMLOKKHJFFDQ68CA,35,85.03,住家用,鋼筋混凝土加強磚造,68年2月15日,二層,一層 二層
RPWNMLQJKHJFFDQ86CA,34,103.98,住家用,鋼筋混凝土加強磚造,69年5月29日,二層,一層 二層 騎樓 電梯樓梯間
RPPNMLPJKHJFFEQ78CA,16,182.37,住家用,鋼筋混凝土造,87年3月25日,四層,一層 二層 三層 四層 陽台 見其他登記事項
RPSNMLRLJHJFFBQ56DA,7,275.98,店舖、住宅、梯間、停車空間,鋼筋混凝土造,95年10月1日,四層,一層 二層 三層 四層 見其他登記事項
RPQNMLSLJHJFFDQ66DA,,154.08,停車空間、住宅,鋼筋混凝土造,102年8月6日,三層,一層 二層 三層 陽台
RPPNMLMKKHJFFCQ58EA,28,122.88,住家用,加強磚造,74年9月5日,二層,一層 二層 電梯樓梯間
RPTNMLKKKHJFFCQ78EA,33,108.94,住家用,鋼筋混凝土加強磚造,70年3月9日,二層,一層 二層 騎樓
RPPOMLTLJHJFFCQ76EA,19,190.18,住家用,鋼筋混凝土造,84年1月13日,四層,一層 二層 三層 四層 電梯樓梯間 地下層 見其他登記事項
RPSNMLMKKHJFFCQ78DA,32,89.57,住家用,鋼筋混凝土加強磚造,71年6月22日,二層,一層 二層 電梯樓梯間
RPQOMLTLJHJFFDQ86DA,36,91.65,住家用,鋼筋混凝土加強磚造,66年8月15日,二層,一層 二層
RPPNMLQJKHJFFBQ68DA,1,238.79,住家用,鋼筋混凝土造,102年4月19日,四層,一層 二層 三層 四層 見其他登記事項
RPVNMLQJKHJFFDQ76CA,34,74.07,住家用,鋼筋混凝土加強磚造,68年10月20日,一層,一層
RPWNMLSLJHJFFDQ17CA,,175.24,住宅、樓梯間,鋼筋混凝土造,102年9月17日,三層,一層 二層 三層 陽台 見其他登記事項
RPTNMLKLKHJFFDQ78CA,20,179.67,住家用,鋼筋混凝土造,82年9月7日,三層,一層 二層 三層
RPUNMLNKKHJFFBQ88CA,13,205.06,住家用,鋼筋混凝土造,89年11月14日,三層,一層 二層 三層 陽台 電梯樓梯間
RPPNMLTLJHJFFBQ98CA,9,244.69,住商用,鋼筋混凝土造,94年5月10日,四層,一層 二層 三層 四層 陽台
RPPOMLKKKHJFFCQ28CA,33,114.80,住家用,鋼筋混凝土加強磚造,70年1月20日,二層,一層 二層 騎樓
RPWNMLOLJHJFFDQ86DA,,267.20,住商用,鋼筋混凝土造,102年8月6日,四層,一層 二層 三層 四層 陽台
RPOOMLOLJHJFFDQ78DA,,232.58,停車空間、住宅,鋼筋混凝土造,102年8月6日,四層,一層 二層 三層 四層 陽台
RPROMLTLJHJFFCQ76CA,,205.40,停車空間、店鋪、住宅,鋼筋混凝土造,102年11月4日,四層,一層 二層 三層 四層 見其他登記事項
RPQNMLPJKHJFFCQ68CA,19,145.84,住商用,鋼筋混凝土造,83年10月4日,五層,一層 二層 三層 騎樓 見其他登記事項
RPQNMLMKKHJFFCQ48CA,,190.58,住宅、樓梯間,鋼筋混凝土造,102年11月4日,三層,一層 二層 三層 見其他登記事項 見其他登記事項
RPTNMLMKKHJFFCQ98EA,,212.64,停車空間、店鋪、住宅,鋼筋混凝土造,102年11月4日,四層,一層 二層 三層 四層 見其他登記事項
RPQNMLKKKHJFFDQ38CA,17,87.25,集合住宅、國民住宅,鋼筋混凝土造,85年10月11日,五層,三層 陽台
RPQNMLKKKHJFFDQ38CA,17,29.38,警衛室、一樓停車空間、法定停車場,鋼筋混凝土造,85年10月11日,五層,
RPQNMLKKKHJFFDQ38CA,17,14.15,樓梯間,鋼筋混凝土造,85年10月11日,五層,
RPPNMLPKKHJFFDQ78CA,18,163.11,住家用,鋼筋混凝土造,84年8月31日,四層,一層 二層 三層 四層
RPQNMLQJKHJFFBQ78DA,25,186.96,住家用,鋼筋混凝土加強磚造,78年6月16日,三層,一層 二層 三層 騎樓
RPUNMLRJKHJFFDQ86DA,20,323.02,農舍,鋼筋混凝土加強磚造,83年1月20日,二層,一層 二層 電梯樓梯間
RPROMLOLKHJFFDQ09CA,7,160.91,住家用,鋼筋混凝土造,95年11月29日,三層,一層 二層 三層 陽台 雨遮
RPWNMLPLKHJFFDQ07DA,21,127.99,住家用,鋼筋混凝土造,82年2月5日,三層,一層 二層 三層 電梯樓梯間
