﻿編號,土地位置,土地移轉面積(平方公尺),使用分區或編定,權利人持分分母,權利人持分分子,移轉情形,地號
The serial number, land position,land shifting area square meter,the use zoning or compiles and checks,,,,land parcel
RPPNMLOJJIIFFAW78CA,寧安二劃段,1000.00,都市：農,1,1,全筆移轉,01660000
RPUNMLQJJIIFFAW86CA,庵邊段,762.00,都市：其他:自然村專用區,1,1,全筆移轉,02170000
RPTNMLQJJIIFFAW76CA,新頭段,391.78,都市：農,1,1,全筆移轉,00190000
RPTNMLQKJIIFFAW86CA,長寮段,94.83,都市：住,1,1,全筆移轉,05950001
RPSNMLQKJIIFFAW76CA,長寮段,527.22,都市：住,4,3,持分移轉,05950000
RPSNMLQKJIIFFAW76CA,長寮段,175.74,都市：住,4,1,持分移轉,05950000
RPPNMLKLJIIFFAW58CA,瓊林段,720.08,都市：其他:第二類一般管制區,1,1,全筆移轉,02150000
RPQNMLQJJIIFFAW09CA,陳坑段,1105.22,都市：其他:風景區,1,1,全筆移轉,00070000
RPQNMLQJJIIFFAW09CA,陳坑段,497.20,都市：其他:風景區,1,1,全筆移轉,00210000
RPQNMLQJJIIFFAW09CA,陳坑段,292.57,都市：其他:風景區,1,1,全筆移轉,00430000
RPQNMLQJJIIFFAW09CA,陳坑段,103.62,都市：其他:風景區,1,1,全筆移轉,01000000
RPQNMLQJJIIFFAW09CA,陳坑段,155.58,都市：其他:風景區,1,1,全筆移轉,01030000
RPQNMLQJJIIFFAW09CA,陳坑段,307.08,都市：其他:風景區,1,1,全筆移轉,01040000
RPQNMLQJJIIFFAW09CA,陳坑段,46.99,都市：其他:風景區,1,1,全筆移轉,01060000
RPQNMLQJJIIFFAW09CA,陳坑段,166.92,都市：其他:風景區,1,1,全筆移轉,01150000
RPQNMLQJJIIFFAW09CA,陳坑段,356.90,都市：其他:風景區,1,1,全筆移轉,01180000
RPQNMLQJJIIFFAW09CA,陳坑段,121.70,都市：其他:風景區,1,1,全筆移轉,01290000
RPQNMLQJJIIFFAW09CA,陳坑段,138.58,都市：其他:風景區,1,1,全筆移轉,01350000
RPQNMLQJJIIFFAW09CA,陳坑段,491.32,都市：其他:風景區,1,1,全筆移轉,04360000
RPQNMLQJJIIFFAW09CA,陳坑段,303.92,都市：其他:風景區,1,1,全筆移轉,04620000
RPQNMLQJJIIFFAW09CA,陳坑段,159.12,都市：其他:風景區,1,1,全筆移轉,04800000
RPQNMLQJJIIFFAW09CA,漁村段,320.05,都市：其他:風景區,1,1,全筆移轉,08690000
RPQNMLQJJIIFFAW09CA,漁村段,520.80,都市：其他:風景區,1,1,全筆移轉,08700000
RPRNMLSJJIIFFAW76CA,寧湖二劃測段,527.33,都市：農,1,1,全筆移轉,01330000
RPSNMLQJJIIFFAW66CA,官嶼劃段,496.00,都市：農,2,1,持分移轉,05810000
RPRNMLQKJIIFFAW66CA,山外段,72.31,都市：住,1,1,全筆移轉,00340000
RPTNMLLKJIIFFAW09DA,斗門劃測段,800.02,都市：農,1,1,全筆移轉,03580000
RPPNMLKKJIIFFAW48CA,漁村段,173.05,都市：住,1,1,全筆移轉,01050005
RPRNMLKLJIIFFAW78CA,士校段,946.16,都市：住,1,1,全筆移轉,04030010
RPPNMLSJJIIFFAW56CA,新頭段,662.31,都市：住,1,1,全筆移轉,07470000
RPVNMLQKJIIFFAW07CA,北九十劃段,500.00,都市：農,2,1,持分移轉,06090000
RPUNMLMKJIIFFAW56CA,中蘭劃測段,490.03,都市：農,1,1,全筆移轉,04550001
RPRNMLMKJIIFFAW88CA,青山段,109.10,都市：其他:自然村專用區,1,1,全筆移轉,10450002
RPPNMLMKJIIFFAW68CA,前水頭段,700.00,都市：其他:國家公園、生活發展用地,1,1,全筆移轉,00110000
RPPNMLMKJIIFFAW68CA,前水頭段,125.00,都市：其他:道路用地,1,1,全筆移轉,00110001
RPPNMLMKJIIFFAW68CA,前水頭段,16.00,都市：其他:國家公園、歷史風貌用地,1,1,全筆移轉,00110002
RPWNMLMKJIIFFAW76CA,浯坑劃測段,1020.00,都市：農,1,1,全筆移轉,04830000
RPUNMLQKJIIFFAW96CA,寧古劃段,1157.00,都市：農,1,1,全筆移轉,06940000
RPVNMLMKJIIFFAW66CA,高坑劃測段,492.51,都市：其他:農業區.道路用地,1,1,全筆移轉,05290000
RPUNMLQKJIIFFAW96CA,寧古劃段,398.00,都市：農,1,1,全筆移轉,11790000
RPQNMLNKJIIFFAW88CA,湖前段,82.59,都市：其他:自然村專用區,1,1,全筆移轉,04280000
RPTNMLTKJIIFFAW27DA,小西門劃測段,787.19,都市：農,1,1,全筆移轉,17390000
RPQNMLLLJIIFFAW88DA,寧安四劃段,520.00,都市：農,1,1,全筆移轉,05190000
RPPNMLOKJIIFFAW88CA,城南段,.78,都市：其他:道路用地,2,1,持分移轉,05770000
RPPNMLOKJIIFFAW88CA,城南段,60.46,都市：住,2,1,持分移轉,05780000
RPQNMLQLJIIFFAW66CA,尚義段,425.97,都市：農,1,1,全筆移轉,04150000
RPVNMLKLJIIFFAW56CA,湖前段,110.16,都市：住,1,1,全筆移轉,07310000
RPVNMLKLJIIFFAW56CA,湖前段,16.83,都市：住,1,1,全筆移轉,08870001
RPVNMLKLJIIFFAW56CA,湖前段,14.74,都市：住,1,1,全筆移轉,08870002
RPQNMLOKJIIFFAW09DA,市港段,107.65,都市：住,3,1,持分移轉,01000000
RPWNMLKLJIIFFAW66CA,湖前段,9.76,都市：住,1,1,全筆移轉,07380001
RPRNMLLLJIIFFAW88CA,煙墩段,806.48,都市：農,1,1,全筆移轉,00110000
RPPNMLSKJIIFFAW66CA,湖前段,69.52,都市：其他:自然村專用區,1,1,全筆移轉,06220002
RPXNMLTKJIIFFAW67DA,長寮段,34.84,都市：農,1,1,全筆移轉,14060000
RPPNMLTKJIIFFAW76CA,中蘭劃測段,1320.02,都市：農,1,1,全筆移轉,01900000
RPPNMLLLJIIFFAW78DA,北九十劃段,537.62,都市：農,1,1,全筆移轉,05760001
RPOOMLMLJIIFFAW78CA,蜈蚣山段,658.57,都市：其他:第二類一般管制區,1,1,全筆移轉,00600000
RPOOMLMLJIIFFAW78CA,蜈蚣山段,324.53,都市：其他:第二類一般管制區,1,1,全筆移轉,02230000
RPTNMLKLJIIFFAW98CA,沙碧劃段,1000.00,都市：農,1,1,全筆移轉,01190000
RPTNMLKLJIIFFAW98CA,沙碧劃段,1000.00,都市：農,1,1,全筆移轉,01200000
RPTNMLKLJIIFFAW98CA,沙碧劃段,1000.00,都市：農,1,1,全筆移轉,01210000
RPTNMLKLJIIFFAW98CA,沙碧劃段,1000.00,都市：農,1,1,全筆移轉,01510000
RPTNMLKLJIIFFAW98CA,沙碧劃段,1000.00,都市：農,1,1,全筆移轉,01520000
RPPNMLRLJIIFFAW66CA,珠山段,479.34,都市：農,1,1,全筆移轉,13980000
RPPNMLQLJIIFFAW66DA,城隍廟段,108.42,都市：住,1,1,全筆移轉,02610000
RPQNMLMLJIIFFAW88CA,寧安二劃段,500.00,都市：農,2,1,持分移轉,04820000
RPRNMLMLJIIFFAW98CA,埔邊村段,83.00,都市：住,1,1,全筆移轉,00430006
RPUNMLMLJIIFFAW66CA,新頭段,391.78,都市：農,1,1,全筆移轉,00190000
RPVNMLMLJIIFFAW76CA,沙宅劃段,500.00,都市：農,1,1,全筆移轉,06250000
RPWNMLMLJIIFFAW86CA,沙宅劃段,550.00,都市：農,1,1,全筆移轉,05660000
RPXNMLMLJIIFFAW96CA,中蘭劃測段,450.00,都市：農,1,1,全筆移轉,00940000
RPRNMLRLJIIFFAW86CA,后湖段,800.10,都市：農,1,1,全筆移轉,09040000
RPTNMLRLJIIFFAW07CA,中一段,79.39,都市：其他:道路用地,100,26,持分移轉,05030001
RPTNMLRLJIIFFAW07CA,中一段,44.40,都市：住,1,1,全筆移轉,05030002
RPTNMLRLJIIFFAW07CA,中一段,24.24,都市：住,1,1,全筆移轉,05030003
RPUNMLRLJIIFFAW27DA,寧湖二劃測段,24.17,都市：住,10000,1087,持分移轉,07500000
RPUNMLRLJIIFFAW27DA,寧湖二劃測段,8.86,都市：住,10000,1006,持分移轉,07500002
RPUNMLRLJIIFFAW27DA,寧湖二劃測段,20.42,都市：住,10000,1087,持分移轉,07510000
RPUNMLRLJIIFFAW27DA,寧湖二劃測段,3.67,都市：住,10000,574,持分移轉,07510001
RPUNMLRLJIIFFAW27DA,寧湖二劃測段,5.35,都市：住,10000,574,持分移轉,07510005
RPQNMLPJKIIFFAW09CA,山后段,688.90,都市：農,1,1,全筆移轉,09910000
RPQNMLPJKIIFFAW09CA,山后段,410.00,都市：農,1,1,全筆移轉,16410000
RPPNMLNJKIIFFAW78CA,赤岑段,41.77,都市：農,10,1,持分移轉,03720000
RPPNMLNJKIIFFAW78CA,赤岑段,26.30,都市：農,20,1,持分移轉,04060000
RPPNMLNJKIIFFAW78CA,赤岑段,4.91,都市：農,20,1,持分移轉,04980000
RPPNMLNJKIIFFAW78CA,赤岑段,411.37,都市：農,1,1,全筆移轉,06520000
RPPNMLNJKIIFFAW78CA,赤岑段,401.06,都市：農,1,1,全筆移轉,07580000
RPPNMLNJKIIFFAW78CA,赤岑段,289.07,都市：農,1,1,全筆移轉,13790000
RPPNMLTLJIIFFAW86CA,中三劃測段,30.91,都市：其他:道路,1,1,全筆移轉,06930001
RPPNMLKKKIIFFAW58CA,青岐段,33.10,都市：住,1,1,全筆移轉,01250000
RPPNMLKKKIIFFAW58CA,青岐段,594.00,都市：住,1,1,全筆移轉,01260000
RPRNMLMKKIIFFAW98CA,漁村段,363.61,都市：農,1,1,全筆移轉,07000000
RPRNMLMKKIIFFAW98CA,漁村段,463.37,都市：農,1,1,全筆移轉,07010000
RPUNMLQJKIIFFAW96CA,中蘭劃測段,970.24,都市：農,1,1,全筆移轉,04270000
RPTNMLTLJIIFFAW27CA,夏興段,508.00,都市：其他:自然村專用區.道路用地,1,1,全筆移轉,12330000
RPPNMLPJKIIFFAW98CA,夏興段,98.73,都市：其他:自然村專用區及機關用地,1000,328,持分移轉,13350003
RPPNMLMKKIIFFAW78CA,山外段,82.37,都市：住,1,1,全筆移轉,04320000
RPPNMLMJKIIFFAW78DA,東洲段,45.96,都市：其他:自然村,1,1,全筆移轉,05000021
RPPNMLOJKIIFFAW88CA,榜林村段,28.67,都市：其他:自然村專用區,6,1,持分移轉,03290000
RPSNMLTLJIIFFAW17CA,斗門劃測段,699.28,都市：其他:農業區/道路用地,1,1,全筆移轉,09870000
RPQNMLTLJIIFFAW96CA,石牌段,7466.23,都市：其他:道路,1,1,全筆移轉,04540000
RPRNMLTLJIIFFAW07CA,蜈蚣山段,400.00,都市：其他:第二類一般管制區,1,1,全筆移轉,10300001
RPOOMLMKKIIFFAW88DA,寧湖一劃段,29.71,都市：其他:自然村,10000,501,持分移轉,05800000
RPOOMLMKKIIFFAW88DA,寧湖二劃測段,4.72,都市：其他:自然村,10000,501,持分移轉,09580002
RPVNMLMKKIIFFAW86DA,寧湖一劃段,29.71,都市：其他:自然村,10000,501,持分移轉,05800000
RPVNMLMKKIIFFAW86DA,寧湖二劃測段,4.72,都市：其他:自然村,10000,501,持分移轉,09580002
RPSNMLKKKIIFFAW88CA,安西劃段,327.43,都市：農,2,1,持分移轉,08870000
RPROMLMKKIIFFAW56DA,寧湖一劃段,41.98,都市：其他:自然村,10000,708,持分移轉,05800000
RPROMLMKKIIFFAW56DA,寧湖二劃測段,6.67,都市：其他:自然村,10000,708,持分移轉,09580002
RPSNMLOJKIIFFAW56CA,夏興段,438.00,都市：農,1,1,全筆移轉,10670000
RPTOMLMKKIIFFAW76DA,寧湖一劃段,41.98,都市：其他:自然村,10000,708,持分移轉,05800000
RPTOMLMKKIIFFAW76DA,寧湖二劃測段,6.67,都市：其他:自然村,10000,708,持分移轉,09580002
RPPPMLMKKIIFFAW09DA,寧湖一劃段,29.71,都市：其他:自然村,10000,501,持分移轉,05800000
RPPPMLMKKIIFFAW09DA,寧湖二劃測段,4.72,都市：其他:自然村,10000,501,持分移轉,09580002
RPVOMLMKKIIFFAW96DA,寧湖一劃段,17.08,都市：其他:自然村,10000,288,持分移轉,05800000
RPVOMLMKKIIFFAW96DA,寧湖二劃測段,2.71,都市：其他:自然村,10000,288,持分移轉,09580002
RPRPMLMKKIIFFAW66DA,寧湖一劃段,29.71,都市：其他:自然村,10000,501,持分移轉,05800000
RPRPMLMKKIIFFAW66DA,寧湖二劃測段,4.72,都市：其他:自然村,10000,501,持分移轉,09580002
RPWOMLMKKIIFFAW07DA,寧湖一劃段,41.98,都市：其他:自然村,10000,708,持分移轉,05800000
RPWOMLMKKIIFFAW07DA,寧湖二劃測段,6.67,都市：其他:自然村,10000,708,持分移轉,09580002
RPQNMLOJKIIFFAW09DA,沙港劃段,1000.06,都市：農,1,1,全筆移轉,01190000
RPRNMLOJKIIFFAW56DA,沙港劃段,1000.05,都市：農,1,1,全筆移轉,00840000
RPQNMLQJKIIFFAW56CA,寧劃段,490.60,都市：農,1,1,全筆移轉,08620000
RPRNMLQJKIIFFAW66CA,歐厝段,351.36,都市：農,1,1,全筆移轉,00020000
RPTNMLQJKIIFFAW86CA,東坑段,26.00,都市：其他:道路用地,1,1,全筆移轉,00680000
RPTNMLQJKIIFFAW86CA,東坑段,108.00,都市：其他:第二類一般管制區,1,1,全筆移轉,02470000
RPTNMLQJKIIFFAW86CA,紅山測段,360.69,都市：農,1,1,全筆移轉,10820000
RPQNMLLKKIIFFAW78CA,山前段,210.31,都市：農,1,1,全筆移轉,00260000
RPQNMLLKKIIFFAW78CA,山前段,211.69,都市：其他:學校用地,1,1,全筆移轉,00260001
RPTNMLPJKIIFFAW86DA,東洲段,537.41,都市：其他:保護區及機關用地,1,1,全筆移轉,04090000
RPPNMLQJKIIFFAW56DA,青山段,688.91,都市：農,1,1,全筆移轉,01260000
RPQNMLKKKIIFFAW68CA,后湖村段,382.00,都市：其他:自然村專用區,1,1,全筆移轉,02360000
RPRNMLKKKIIFFAW78CA,寧湖三劃段,550.06,都市：農,1,1,全筆移轉,07330000
RPPNMLNLKIIFFAW98CA,北八劃段,1000.00,都市：農,1,1,全筆移轉,03980000
RPPNMLTJKIIFFAW86DA,洪門港段,150.00,都市：其他:自然村,1,1,全筆移轉,00840000
RPXNMLRLKIIFFAW67DA,小西門劃測段,247.46,都市：其他:建地,1,1,全筆移轉,19120000
RPOOMLRLKIIFFAW86DA,水頭段,238.67,都市：其他:國家公園區,1,1,全筆移轉,04080000
RPOOMLRLKIIFFAW86DA,水頭段,246.68,都市：其他:國家公園區,1,1,全筆移轉,05740000
RPOOMLRLKIIFFAW86DA,水頭段,515.19,都市：其他:國家公園區,1,1,全筆移轉,07960000
RPOOMLRLKIIFFAW86DA,水頭段,748.84,都市：其他:保謢區,1,1,全筆移轉,07600000
RPQNMLOLKIIFFAW66DA,碧山段,181.75,都市：農,1,1,全筆移轉,09680000
RPQNMLOLKIIFFAW66DA,碧山段,266.95,都市：農,1,1,全筆移轉,10410000
RPQNMLOLKIIFFAW66DA,碧山段,310.53,都市：農,1,1,全筆移轉,10420000
RPQNMLOLKIIFFAW66DA,碧山段,347.34,都市：農,1,1,全筆移轉,10460000
RPQNMLOLKIIFFAW66DA,碧山段,512.63,都市：農,1,1,全筆移轉,10470000
RPSNMLMKKIIFFAW56DA,寧湖一劃段,12.28,都市：其他:自然村,10000,207,持分移轉,05800000
RPSNMLMKKIIFFAW56DA,寧湖二劃測段,1.95,都市：其他:自然村,10000,207,持分移轉,09580002
RPUNMLMKKIIFFAW66CA,塔后段,92.25,都市：農,6,2,持分移轉,07840000
RPUNMLMKKIIFFAW66CA,塔后段,35.22,都市：農,6,2,持分移轉,08190000
RPXNMLMKKIIFFAW96CA,夏興段,50.38,都市：農,6,1,持分移轉,00050000
RPXNMLMKKIIFFAW96CA,夏興段,10.85,都市：農,6,1,持分移轉,00620000
RPXNMLMKKIIFFAW96CA,夏興段,5.28,都市：農,6,1,持分移轉,00670000
RPXNMLMKKIIFFAW96CA,夏興段,57.06,都市：住,6,1,持分移轉,04500000
RPXNMLMKKIIFFAW96CA,夏興段,27.34,都市：農,6,1,持分移轉,04510000
RPXNMLMKKIIFFAW96CA,塔后段,46.57,都市：農,6,1,持分移轉,07830000
RPTQMLMKKIIFFAW86CA,新頭段,921.01,都市：其他:第二類一般管制區,1,1,全筆移轉,06960000
RPSNMLTKKIIFFAW17CA,北五劃段,494.16,都市：農,2,1,持分移轉,01480000
RPSNMLTKKIIFFAW17CA,北五劃段,988.33,都市：農,1,1,全筆移轉,01490000
RPTNMLTKKIIFFAW27CA,長寮段,211.44,都市：農,2,1,持分移轉,10270000
RPUNMLSJJHJFFAW17DA,北二三劃測段,970.35,都市：農,1,1,全筆移轉,03000000
RPUNMLLMKIIFFAW86DA,祥和段,71.82,都市：住,1,1,全筆移轉,02300000
RPUNMLRLKIIFFAW27CA,碧山段,1004.39,都市：其他:保護區,1,1,全筆移轉,10190000
RPUNMLRLKIIFFAW27CA,東珩段,1040.06,都市：農,1,1,全筆移轉,01560000
RPUNMLRLKIIFFAW27CA,東珩段,533.06,都市：農,1,1,全筆移轉,01750000
RPUNMLRLKIIFFAW27CA,東珩段,293.19,都市：其他:保護區/道路,1,1,全筆移轉,03070000
RPUNMLRLKIIFFAW27CA,東珩段,533.05,都市：農,1,1,全筆移轉,03460000
RPUNMLRLKIIFFAW27CA,東珩段,550.70,都市：農,1,1,全筆移轉,04430000
RPXPMLMKKIIFFAW27DA,寧湖一劃段,29.71,都市：其他:自然村,10000,501,持分移轉,05800000
RPXPMLMKKIIFFAW27DA,寧湖二劃測段,4.72,都市：其他:自然村,10000,501,持分移轉,09580002
RPTNMLRLKIIFFAW17CA,后豐港段,270.22,都市：住,1,1,全筆移轉,06680001
RPUPMLMKKIIFFAW96DA,寧湖一劃段,12.28,都市：其他:自然村,10000,207,持分移轉,05800000
RPUPMLMKKIIFFAW96DA,寧湖二劃測段,1.95,都市：其他:自然村,10000,207,持分移轉,09580002
RPSNMLRLKIIFFAW07CA,沙港劃段,682.14,都市：農,1,1,全筆移轉,06880004
RPSNMLRLKIIFFAW07CA,沙港劃段,67.89,都市：農,1,1,全筆移轉,06880005
RPPQMLMKKIIFFAW56DA,寧湖一劃段,11.98,都市：其他:自然村,10000,202,持分移轉,05800000
RPPQMLMKKIIFFAW56DA,寧湖二劃測段,1.90,都市：其他:自然村,10000,202,持分移轉,09580002
RPTPMLMKKIIFFAW86DA,寧湖一劃段,11.98,都市：其他:自然村,10000,202,持分移轉,05800000
RPTPMLMKKIIFFAW86DA,寧湖二劃測段,1.90,都市：其他:自然村,10000,202,持分移轉,09580002
RPUQMLMKKIIFFAW07DA,寧湖一劃段,29.71,都市：其他:自然村,10000,501,持分移轉,05800000
RPUQMLMKKIIFFAW07DA,寧湖二劃測段,4.72,都市：其他:自然村,10000,501,持分移轉,09580002
RPQQMLMKKIIFFAW66DA,寧湖一劃段,41.98,都市：其他:自然村,10000,708,持分移轉,05800000
RPQQMLMKKIIFFAW66DA,寧湖二劃測段,6.67,都市：其他:自然村,10000,708,持分移轉,09580002
RPQNMLSLKIIFFAW96CA,吳厝村段,56.33,都市：住,6,1,持分移轉,01310000
RPQNMLSLKIIFFAW96CA,吳厝村段,56.33,都市：住,6,1,持分移轉,01310000
RPQNMLSLKIIFFAW96CA,吳厝村段,56.33,都市：住,6,1,持分移轉,01310000
RPQNMLSLKIIFFAW96CA,吳厝村段,56.33,都市：住,6,1,持分移轉,01310000
RPQNMLSLKIIFFAW96CA,吳厝村段,28.17,都市：住,12,1,持分移轉,01310000
RPQNMLSLKIIFFAW96CA,吳厝村段,28.17,都市：住,12,1,持分移轉,01310000
RPQNMLSLKIIFFAW96CA,吳厝村段,28.17,都市：住,12,1,持分移轉,01310000
RPQNMLSLKIIFFAW96CA,吳厝村段,28.17,都市：住,12,1,持分移轉,01310000
RPRNMLSLKIIFFAW07CA,新市段,28.50,都市：住,20,1,持分移轉,01230000
RPQNMLMKKIIFFAW98DA,延平段,472.12,都市：農,2,1,持分移轉,06880000
RPQNMLMKKIIFFAW98DA,延平段,20.45,都市：農,2,1,持分移轉,06880001
RPWNMLRLKIIFFAW47CA,瓊林段,1067.21,都市：其他:第二類一般管制區,1,1,全筆移轉,03100000
RPRNMLQKKIIFFAW86DA,湖前段,94.02,都市：其他:自然村,1,1,全筆移轉,06160003
RPTNMLQKKIIFFAW96CA,南雄段,482.79,都市：其他:國家公園特別景觀區,1,1,全筆移轉,01250000
RPTNMLQKKIIFFAW96CA,南雄段,296.11,都市：其他:國家公園特別景觀區,1,1,全筆移轉,04340000
RPTNMLQKKIIFFAW96CA,南雄段,341.59,都市：其他:國家公園特別景觀區,1,1,全筆移轉,04350000
RPVNMLRLKIIFFAW37CA,浦邊段,76.00,都市：住,3,1,持分移轉,08500000
RPTNMLQKKIIFFAW96CA,南雄段,91.29,都市：其他:國家公園特別景觀區,1,1,全筆移轉,04390000
RPVNMLRLKIIFFAW37CA,中蘭劃測段,738.02,都市：農,1,1,全筆移轉,00290000
RPVNMLRLKIIFFAW37CA,中蘭劃測段,734.98,都市：農,1,1,全筆移轉,07330000
RPSNMLQKKIIFFAW96DA,湖前段,100.09,都市：其他:自然村,1,1,全筆移轉,06160004
RPQNMLQKKIIFFAW76DA,湖前段,94.02,都市：其他:自然村,1,1,全筆移轉,06160002
RPPNMLQKKIIFFAW66DA,湖前段,118.03,都市：其他:自然村,1,1,全筆移轉,06160000
RPQNMLRKKIIFFAW86DA,新頭段,803.97,都市：其他:自然村,1,1,全筆移轉,07380000
RPVNMLQKKIIFFAW17CA,煙墩段,542.12,都市：其他:自然村專用區,2,1,持分移轉,09960000
RPVNMLQKKIIFFAW17CA,煙墩段,542.12,都市：其他:自然村專用區,2,1,持分移轉,09960000
RPWNMLQKKIIFFAW27CA,寧湖二劃測段,960.02,都市：其他:農業區及道路用地,1,1,全筆移轉,02710000
RPUNMLQKKIIFFAW07CA,煙墩段,1113.94,都市：其他:自然村專用區,1,1,全筆移轉,09910000
RPRNMLRKKIIFFAW86CA,東坑村段,587.00,都市：其他:自然村專用區、道路用地,1,1,全筆移轉,00220000
RPPNMLRKKIIFFAW76DA,新頭段,406.90,都市：其他:自然村,1,1,全筆移轉,07390001
RPQNMLKLKIIFFAW88DA,后豐港段,215.00,都市：農,1,1,全筆移轉,05840000
RPVNMLLMKIIFFAW96DA,寧湖二劃測段,1000.01,都市：農,1,1,全筆移轉,01810000
RPXNMLQKKIIFFAW37CA,煙墩段,891.92,都市：其他:保護區,1,1,全筆移轉,08840000
RPPNMLLLKIIFFAW78CA,尚義段,260.87,都市：農,1,1,全筆移轉,05060000
RPOOMLQKKIIFFAW56CA,湖下村段,156.00,都市：其他:自然村專用區,1,1,全筆移轉,00910000
RPOOMLQKKIIFFAW56CA,湖下村段,38.00,都市：其他:自然村專用區,4,1,持分移轉,00940000
RPSNMLKLKIIFFAW09DA,祥安段,111.29,都市：其他:道路用地,2,1,持分移轉,07420000
RPPNMLOLKIIFFAW56DA,大山頂測段,80.00,都市：住,1,1,全筆移轉,00210005
RPXNMLLMKIIFFAW17DA,歐厝段,133.55,都市：農,8,3,持分移轉,03320000
RPXNMLLMKIIFFAW17DA,歐厝段,133.55,都市：農,8,3,持分移轉,03320002
RPOOMLNLKIIFFAW98CA,西方段,31.47,都市：其他:自然村專用區,1,1,全筆移轉,04100001
RPTNMLQLKIIFFAW17DA,盤山村段,319.00,都市：住,1,1,全筆移轉,00080000
RPQNMLLLKIIFFAW88CA,漁村段,3590.07,都市：其他:,1,1,全筆移轉,02720003
RPRNMLLLKIIFFAW98CA,塔后段,298.52,都市：其他:機關用地,1,1,全筆移轉,01980000
RPQNMLTKKIIFFAW96CA,塔后段,53.00,都市：其他:自然村專用區,1,1,全筆移轉,11320000
RPRNMLTKKIIFFAW07CA,北九十劃段,500.28,都市：農,2,1,持分移轉,05360000
RPQOMLLMKIIFFAW56DA,歐厝段,546.38,都市：農,1,1,全筆移轉,03170000
RPXNMLNLKIIFFAW17CA,北八劃段,880.00,都市：農,1,1,全筆移轉,02340000
RPTNMLRKJHJFFAW07DA,新市段,32.11,都市：其他:市場用地,1,1,全筆移轉,09980000
RPPNMLKLKIIFFAW78DA,祥和段,13.95,都市：其他:道路用地,1,1,全筆移轉,07790000
RPPNMLKLKIIFFAW78DA,天后宮段,16.66,都市：其他:道路用地,1,1,全筆移轉,03780000
RPPNMLKLKIIFFAW78DA,鳳翔段,14.00,都市：其他:道路用地,1,1,全筆移轉,00290000
RPPNMLKLKIIFFAW78DA,鳳翔段,3.00,都市：其他:道路用地,1,1,全筆移轉,00310000
RPPNMLKLKIIFFAW78DA,鳳翔段,62.29,都市：其他:道路用地,1,1,全筆移轉,00380003
RPROMLNLKIIFFAW66CA,中二劃段,92.17,都市：其他:自然村專用區,1,1,全筆移轉,03360007
RPROMLNLKIIFFAW66CA,中二劃段,9.34,都市：其他:自然村專用區,84217,3790,持分移轉,03360008
RPRNMLKLKIIFFAW98DA,祥安段,111.29,都市：其他:道路用地,2,1,持分移轉,07420000
RPSNMLNLKIIFFAW66CA,長寮段,175.74,都市：其他:自然村專用區,4,1,持分移轉,05950000
RPPNMLRKJHJFFAW66DA,寧劃段,488.93,都市：農,1,1,全筆移轉,04550000
RPTNMLNLKIIFFAW76CA,陽宅段,337.00,都市：其他:自然村專用區,1,1,全筆移轉,10590000
RPTNMLNLKIIFFAW76CA,陽宅段,962.00,都市：其他:自然村專用區,1,1,全筆移轉,10600000
RPWNMLLMKIIFFAW07DA,寧湖一劃段,115.50,都市：其他:自然村,1,1,全筆移轉,03960004
RPSNMLSLKIIFFAW17CA,新市段,28.50,都市：住,20,1,持分移轉,01230000
RPXNMLNLJHJFFAW07CA,昔果山段,25.42,都市：住,20000,875,持分移轉,00580000
RPSOMLNLJHJFFAW66CA,昔果山段,45.20,都市：住,10000,778,持分移轉,00580000
RPXNMLNLJHJFFAW07CA,昔果山段,25.42,都市：住,20000,875,持分移轉,00580000
RPOOMLNLJHJFFAW88CA,昔果山段,54.32,都市：住,10000,935,持分移轉,00580000
RPUNMLNLJHJFFAW76CA,昔果山段,39.62,都市：住,10000,682,持分移轉,00580000
RPVNMLNLJHJFFAW86CA,昔果山段,39.62,都市：住,10000,682,持分移轉,00580000
RPPOMLNLJHJFFAW98CA,昔果山段,27.16,都市：住,20000,935,持分移轉,00580000
RPPOMLNLJHJFFAW98CA,昔果山段,27.16,都市：住,20000,935,持分移轉,00580000
RPQNMLNJJHJFFAW88DA,西方劃測段,206.97,都市：其他:自然村專用區,1,1,全筆移轉,01540000
RPOOMLLLJHJFFAW68CA,山外段,74.26,都市：商,1,1,全筆移轉,03160000
RPOOMLLLJHJFFAW68CA,山外段,15.68,都市：商,1,1,全筆移轉,03180000
RPROMLNLJHJFFAW56CA,昔果山段,55.08,都市：住,10000,948,持分移轉,00580000
RPRNMLPLKIIFFAW86DA,城西段,186.36,都市：住,1,1,全筆移轉,00700000
RPRNMLPLKIIFFAW86DA,城西段,1.31,都市：住,1,1,全筆移轉,00690000
RPTNMLPLKIIFFAW07DA,昔果山段,500.00,都市：其他:自然村專用區,3,2,持分移轉,00470000
RPPNMLQLKIIFFAW66CA,湖東劃段,1000.00,都市：農,1,1,全筆移轉,01230000
RPQNMLQLKIIFFAW76CA,煙墩段,789.58,都市：其他:保護區,1,1,全筆移轉,04950000
RPQNMLRLKIIFFAW86CA,歐厝段,459.33,都市：農,1,1,全筆移轉,04870000
RPQNMLRLKIIFFAW86CA,歐厝段,488.74,都市：農,1,1,全筆移轉,05100000
RPQOMLNLJHJFFAW09CA,昔果山段,54.56,都市：住,10000,939,持分移轉,00580000
RPRNMLQLKIIFFAW86CA,后湖段,800.10,都市：農,1,1,全筆移轉,09040000
RPRNMLRLKIIFFAW96CA,歐厝段,325.39,都市：農,1,1,全筆移轉,04850000
RPRNMLRLKIIFFAW96CA,歐厝段,507.98,都市：農,1,1,全筆移轉,04860000
RPRNMLRLKIIFFAW96CA,歐厝段,526.80,都市：農,1,1,全筆移轉,05230000
RPRNMLRLKIIFFAW96CA,歐厝段,843.59,都市：其他:風景區,1,1,全筆移轉,08220000
RPRNMLRLKIIFFAW96CA,后湖段,452.14,都市：農,1,1,全筆移轉,09660000
RPRNMLRLKIIFFAW96CA,后湖段,514.62,都市：農,1,1,全筆移轉,09690000
RPRNMLRLKIIFFAW96CA,泗湖村段,488.00,都市：農,1,1,全筆移轉,01800000
RPRNMLRLKIIFFAW96CA,泗湖村段,100.00,都市：農,1,1,全筆移轉,01810000
RPVNMLSLKIIFFAW47CA,延平段,776.65,都市：農,1,1,全筆移轉,03630000
RPVNMLSLKIIFFAW47CA,延平段,22.60,都市：其他:道路用地,1,1,全筆移轉,03630001
RPUNMLRKJHJFFAW17DA,士校段,70.75,都市：其他:建地自然村,1,1,全筆移轉,03790005
RPVNMLRKJHJFFAW27DA,士校段,70.75,都市：其他:建地自然村,1,1,全筆移轉,03790006
RPWNMLRKJHJFFAW37DA,士校段,70.75,都市：其他:建地自然村,1,1,全筆移轉,03790008
RPUNMLPLKIIFFAW17DA,新市段,73.83,都市：商,1,1,全筆移轉,08820000
RPUNMLPLKIIFFAW17DA,新市段,1.47,都市：商,1,1,全筆移轉,08810000
RPXNMLRKJHJFFAW47DA,士校段,70.75,都市：其他:建地自然村,1,1,全筆移轉,03790009
RPPOMLRKJHJFFAW76DA,士校段,70.75,都市：其他:建地自然村,1,1,全筆移轉,03790007
RPTNMLSJJHJFFAW96CA,祥安段,7.92,都市：其他:第一種商業區,10000,173,持分移轉,08060000
RPROMLQJJHJFFAW66CA,山后段,508.00,都市：其他:國家公園,1,1,全筆移轉,15320000
RPPOMLRLKIIFFAW96DA,西山段,1163.62,都市：農,1,1,全筆移轉,10050000
RPQOMLRLKIIFFAW96CA,鎮西段,497.79,都市：農,1,1,全筆移轉,01440001
RPOPMLNLJHJFFAW98CA,榜林村段,7.59,都市：其他:自然村專用區,69726,2213,持分移轉,01370002
RPOPMLNLJHJFFAW98CA,榜林村段,7.40,都市：其他:自然村專用區,69726,2213,持分移轉,01370001
RPTOMLNLJHJFFAW76CA,昔果山段,48.11,都市：住,10000,828,持分移轉,00580000
RPWOMLNLJHJFFAW07CA,昔果山段,55.08,都市：住,10000,948,持分移轉,00580000
RPVOMLNLJHJFFAW96CA,昔果山段,48.11,都市：住,10000,828,持分移轉,00580000
RPQOMLQJJHJFFAW56CA,中二劃段,45.68,都市：其他:自然村專用區,84217,18528,持分移轉,03360008
RPQOMLQJJHJFFAW56CA,中二劃段,127.95,都市：其他:自然村專用區,1,1,全筆移轉,03360009
RPRNMLSJJHJFFAW76CA,寧安四劃段,666.67,都市：農,3,2,持分移轉,01290000
RPPNMLQJJHJFFAW09DA,寧安二劃段,1000.00,都市：農,1,1,全筆移轉,03460000
RPQNMLMJJHJFFAW78DA,湖前段,94.02,都市：其他:自然村,1,1,全筆移轉,06160001
RPPOMLLMKIIFFAW09DA,漁村段,324.80,都市：其他:風景區,1,1,全筆移轉,06870000
RPPOMLLMKIIFFAW09DA,漁村段,350.04,都市：其他:風景區,1,1,全筆移轉,06100000
RPPOMLLMKIIFFAW09DA,塔后段,2546.67,都市：其他:機關用地,1,1,全筆移轉,02010000
RPRNMLOKJHJFFAW56DA,煙墩段,40.88,都市：其他:自然村專用區,1,1,全筆移轉,09680000
RPVNMLKLJHJFFAW56CA,尚義段,260.87,都市：農,1,1,全筆移轉,05060000
RPTNMLMLJHJFFAW66DA,湖前段,163.22,都市：住,6,3,持分移轉,02710000
RPQNMLNKJHJFFAW88CA,延平段,984.81,都市：農,1,1,全筆移轉,08020000
RPQNMLMLJHJFFAW98DA,后沙劃測段,656.01,都市：農,1,1,全筆移轉,05640000
RPPNMLMLJHJFFAW88DA,北堤段,38.86,都市：住,4,1,持分移轉,01390001
RPPNMLQKJHJFFAW09CA,湖前段,176.51,都市：農,1,1,全筆移轉,07330001
RPUNMLOKJHJFFAW76CA,寧古劃段,500.00,都市：農,1,1,全筆移轉,07560000
RPUNMLOKJHJFFAW76CA,寧古劃段,725.00,都市：農,1,1,全筆移轉,09720000
RPTNMLQJJHJFFAW76CA,中二劃段,74.90,都市：其他:自然村專用區,1,1,全筆移轉,03360006
RPTNMLQJJHJFFAW76CA,中二劃段,25.12,都市：其他:自然村專用區,84217,10190,持分移轉,03360008
RPOOMLQJJHJFFAW98CA,中二劃段,142.84,都市：其他:自然村專用區,1,1,全筆移轉,03360010
RPOOMLQJJHJFFAW98CA,中二劃段,73.50,都市：其他:自然村專用區,84217,29813,持分移轉,03360008
RPVNMLQJJHJFFAW96CA,中二劃段,72.94,都市：其他:自然村專用區,1,1,全筆移轉,03360005
RPVNMLQJJHJFFAW96CA,中二劃段,24.91,都市：其他:自然村專用區,84217,10106,持分移轉,03360008
RPPOMLNKJHJFFAW88CA,祥豐段,27.32,都市：住,100000,4735,持分移轉,00240000
RPRNMLQKJHJFFAW66CA,塔后段,120.67,都市：住,6,1,持分移轉,10220000
RPPNMLTLKIIFFAW96CA,長寮段,319.27,都市：其他:自然村,4,1,持分移轉,00900000
RPRNMLNJJHJFFAW88CA,寧湖六劃段,1000.00,都市：其他:金門特定計畫區,1,1,全筆移轉,01150000
RPPNMLMJJHJFFAW58CA,煙墩段,755.75,都市：其他:國家公園第二類一般管制區,1,1,全筆移轉,06200000
RPPNMLTLKIIFFAW96CA,長寮段,319.27,都市：其他:自然村,4,1,持分移轉,00900000
RPPNMLMJJHJFFAW58CA,慈湖段,1203.94,都市：其他:國家公園第二類一般管制區,1,1,全筆移轉,04430000
RPPNMLTLKIIFFAW96CA,長寮段,638.54,都市：其他:自然村,2,1,持分移轉,00900000
RPPNMLTLKIIFFAW96CA,長寮段,36.23,都市：其他:道路用地,4,1,持分移轉,00900001
RPPNMLTLKIIFFAW96CA,長寮段,36.23,都市：其他:道路用地,4,1,持分移轉,00900001
RPPNMLTLKIIFFAW96CA,長寮段,72.46,都市：其他:道路用地,2,1,持分移轉,00900001
RPOOMLLMKIIFFAW88CA,延平段,716.42,都市：農,1,1,全筆移轉,05830000
RPOOMLLMKIIFFAW88CA,延平段,699.48,都市：農,1,1,全筆移轉,05840000
RPTOMLRLJHJFFAW27DA,山外段,146.74,都市：其他:道路用地，第二種商業用地,2,1,持分移轉,04940000
RPPNMLLMKIIFFAW88CA,金門城段,278.00,都市：其他:自然村專用區,1,1,全筆移轉,10390000
RPUNMLRLJHJFFAW17CA,湖前段,62.50,都市：住,1,1,全筆移轉,03820025
RPUNMLRLJHJFFAW17CA,湖前段,1.05,都市：住,1200,1,持分移轉,03820026
RPTNMLRLJHJFFAW07CA,湖前段,78.99,都市：住,1,1,全筆移轉,03820009
RPTNMLRLJHJFFAW07CA,湖前段,1.05,都市：住,1200,1,持分移轉,03820026
RPSNMLRLJHJFFAW96CA,湖前段,62.53,都市：住,1,1,全筆移轉,03820008
RPSNMLRLJHJFFAW96CA,湖前段,1.05,都市：住,1200,1,持分移轉,03820026
RPVNMLRLJHJFFAW27CA,湖前段,58.75,都市：住,1,1,全筆移轉,03820024
RPVNMLRLJHJFFAW27CA,湖前段,1.05,都市：住,1200,1,持分移轉,03820026
RPQPMLRLJHJFFAW96CA,湖前段,76.26,都市：住,1,1,全筆移轉,03820016
RPQPMLRLJHJFFAW96CA,湖前段,1.05,都市：住,1200,1,持分移轉,03820026
RPRPMLRLJHJFFAW07CA,湖前段,62.50,都市：住,1,1,全筆移轉,03820004
RPRPMLRLJHJFFAW07CA,湖前段,1.05,都市：住,1200,1,持分移轉,03820026
RPSPMLRLJHJFFAW17CA,湖前段,66.53,都市：住,1,1,全筆移轉,03820017
RPSPMLRLJHJFFAW17CA,湖前段,1.05,都市：住,1200,1,持分移轉,03820026
RPTPMLRLJHJFFAW27CA,湖前段,36.88,都市：住,17218,3688,持分移轉,03820018
RPTPMLRLJHJFFAW27CA,湖前段,1.05,都市：住,1200,1,持分移轉,03820026
RPUPMLRLJHJFFAW37CA,湖前段,36.88,都市：住,17218,3688,持分移轉,03820018
RPUPMLRLJHJFFAW37CA,湖前段,1.05,都市：住,1200,1,持分移轉,03820026
RPWPMLRLJHJFFAW57CA,湖前段,36.88,都市：住,17218,3688,持分移轉,03820018
RPWPMLRLJHJFFAW57CA,湖前段,1.05,都市：住,1200,1,持分移轉,03820026
RPXPMLRLJHJFFAW67CA,湖前段,44.36,都市：住,19308,4436,持分移轉,03820000
RPXPMLRLJHJFFAW67CA,湖前段,1.05,都市：住,1200,1,持分移轉,03820026
RPXOMLRLJHJFFAW57CA,湖前段,62.50,都市：住,1,1,全筆移轉,03820015
RPXOMLRLJHJFFAW57CA,湖前段,1.05,都市：住,1200,1,持分移轉,03820026
RPXNMLRLJHJFFAW47CA,湖前段,58.75,都市：住,1,1,全筆移轉,03820021
RPXNMLRLJHJFFAW47CA,湖前段,1.05,都市：住,1200,1,持分移轉,03820026
RPUOMLRLJHJFFAW27CA,湖前段,1.05,都市：住,1200,1,持分移轉,03820026
RPUOMLRLJHJFFAW27CA,湖前段,59.04,都市：住,1,1,全筆移轉,03820007
RPPPMLRLJHJFFAW86CA,湖前段,58.75,都市：住,1,1,全筆移轉,03820005
RPPPMLRLJHJFFAW86CA,湖前段,1.05,都市：住,1200,1,持分移轉,03820026
RPOPMLRLJHJFFAW76CA,湖前段,58.75,都市：住,1,1,全筆移轉,03820013
RPOPMLRLJHJFFAW76CA,湖前段,1.05,都市：住,1200,1,持分移轉,03820026
RPWNMLRLJHJFFAW37CA,湖前段,58.75,都市：住,1,1,全筆移轉,03820023
RPWNMLRLJHJFFAW37CA,湖前段,1.05,都市：住,1200,1,持分移轉,03820026
SPXNMLRLJHJFFAW57CA,湖前段,58.75,都市：住,1,1,全筆移轉,03820022
SPXNMLRLJHJFFAW57CA,湖前段,1.05,都市：住,1200,1,持分移轉,03820026
RPVOMLRLJHJFFAW37CA,湖前段,58.75,都市：住,1,1,全筆移轉,03820014
RPVOMLRLJHJFFAW37CA,湖前段,1.05,都市：住,1200,1,持分移轉,03820026
RPRNMLQJJHJFFAW56CA,湖前段,120.30,都市：其他:自然村專用區,1,1,全筆移轉,05470003
RPSOMLQJJHJFFAW86DA,沙溪一劃段,105.00,都市：其他:自然村,1,1,全筆移轉,04770015
RPOQMLRLJHJFFAW86CA,湖前段,44.36,都市：住,19308,4436,持分移轉,03820000
RPOQMLRLJHJFFAW86CA,湖前段,1.05,都市：住,1200,1,持分移轉,03820026
RPWOMLRLJHJFFAW47CA,湖前段,58.75,都市：住,1,1,全筆移轉,03820006
RPWOMLRLJHJFFAW47CA,湖前段,1.05,都市：住,1200,1,持分移轉,03820026
RPOPMLTLJHJFFAW96CA,寧湖三劃段,153.25,都市：其他:保護區,1,1,全筆移轉,05240003
RPQPMLTLJHJFFAW17CA,寧湖三劃段,153.26,都市：其他:保護區,1,1,全筆移轉,05240004
RPTPMLTLJHJFFAW47CA,寧湖三劃段,153.25,都市：其他:保護區,1,1,全筆移轉,05240002
RPUNMLNJJHJFFAW66DA,沙港劃段,1000.06,都市：農,1,1,全筆移轉,06700000
RPSNMLQKJHJFFAW76CA,塔后段,120.67,都市：住,6,1,持分移轉,10220000
RPQNMLQKJHJFFAW56CA,塔后段,120.67,都市：住,6,1,持分移轉,10220000
RPRNMLRJJHJFFAW66CA,北八劃段,1000.00,都市：農,1,1,全筆移轉,03940000
RPSOMLRLJHJFFAW17DA,祥瑞段,47.51,都市：其他:綠地,20000,3114,持分移轉,07860000
RPSOMLRLJHJFFAW17DA,祥瑞段,5.10,都市：住,20000,3114,持分移轉,08100000
RPSOMLRLJHJFFAW17DA,祥瑞段,5.83,都市：住,20000,3114,持分移轉,08380000
RPSOMLRLJHJFFAW17DA,祥瑞段,1.14,都市：住,20000,3114,持分移轉,08430000
RPSOMLRLJHJFFAW17DA,祥瑞段,1.86,都市：住,20000,3114,持分移轉,08440000
RPSOMLRLJHJFFAW17DA,祥瑞段,406.26,都市：其他:道路,20000,3114,持分移轉,08470000
RPSOMLRLJHJFFAW17DA,祥瑞段,4.51,都市：住,20000,3114,持分移轉,08480000
RPSOMLRLJHJFFAW17DA,祥瑞段,23.07,都市：住,20000,3114,持分移轉,08770000
RPSOMLRLJHJFFAW17DA,祥瑞段,4.72,都市：住,20000,3114,持分移轉,08810000
RPSOMLRLJHJFFAW17DA,祥瑞段,2.37,都市：住,20000,3114,持分移轉,09670000
RPSOMLRLJHJFFAW17DA,祥瑞段,58.59,都市：其他:綠地,20000,3114,持分移轉,09680000
RPSOMLRLJHJFFAW17DA,祥瑞段,.57,都市：其他:道路,20000,3114,持分移轉,09690000
RPQNMLQJJHJFFAW09CA,寧湖二劃測段,507.97,都市：農,1,1,全筆移轉,13940000
RPRNMLTJJHJFFAW96DA,湖尾村段,10.00,都市：其他:建地 自然村,1,1,全筆移轉,02690001
RPPNMLSJJHJFFAW56CA,安西劃段,1025.20,都市：其他:自然村專用區,1,1,全筆移轉,01850000
RPQNMLSJJHJFFAW66CA,舊金城段,120.00,都市：其他:保護區,1,1,全筆移轉,09710001
RPUNMLNKJHJFFAW66CA,埔邊村段,76.70,都市：住,4970,767,持分移轉,00400002
RPQNMLRJJHJFFAW66DA,東洲段,750.74,都市：其他:公共設施保留地之交易。,1,1,全筆移轉,04460000
RPWNMLNKJHJFFAW86CA,埔邊村段,95.80,都市：住,4970,958,持分移轉,00400002
RPOOMLTLJHJFFAW96DA,湖前段,58.75,都市：住,1,1,全筆移轉,03820002
RPOOMLTLJHJFFAW96DA,湖前段,1.05,都市：住,1200,1,持分移轉,03820026
RPVNMLNKJHJFFAW76CA,埔邊村段,69.70,都市：住,4970,697,持分移轉,00400002
RPROMLTLJHJFFAW27DA,湖前段,62.50,都市：住,1,1,全筆移轉,03820003
RPROMLTLJHJFFAW27DA,湖前段,1.05,都市：住,1200,1,持分移轉,03820026
RPPNMLLKJHJFFAW58CA,新市段,28.50,都市：住,20,1,持分移轉,01230000
RPTNMLOKJHJFFAW66CA,中六劃段,820.00,都市：其他:第二類一般管制區,1,1,全筆移轉,01360000
RPVNMLOKJHJFFAW86CA,高坑劃測段,420.00,都市：農,1,1,全筆移轉,04280000
RPVNMLOKJHJFFAW86CA,高坑劃測段,505.42,都市：農,1,1,全筆移轉,04510001
RPOOMLNKJHJFFAW78CA,官嶼劃段,485.00,都市：農,2,1,持分移轉,00400000
RPOOMLNKJHJFFAW78CA,官嶼劃段,15.00,都市：農,2,1,持分移轉,00400002
RPOOMLNKJHJFFAW78CA,官嶼劃段,492.00,都市：農,2,1,持分移轉,02410000
RPOOMLNKJHJFFAW78CA,官嶼劃段,8.00,都市：農,2,1,持分移轉,02410001
RPOOMLNKJHJFFAW78CA,官嶼劃段,333.33,都市：農,3,1,持分移轉,03340000
RPUNMLTJJHJFFAW17CA,煙墩段,922.54,都市：其他:保護區,1,1,全筆移轉,10930000
RPQNMLTJJHJFFAW76CA,中一段,293.21,都市：住,1,1,全筆移轉,05160000
RPQNMLTJJHJFFAW76CA,中一段,327.02,都市：其他:道路用地,1,1,全筆移轉,05160001
RPSNMLTJJHJFFAW96CA,寧安二劃段,667.00,都市：農,1,1,全筆移轉,02730000
RPTNMLTJJHJFFAW07CA,城南段,86.42,都市：住,1,1,全筆移轉,02320000
RPTNMLTJJHJFFAW07CA,城南段,3.79,都市：其他:道路用地,1,1,全筆移轉,02350000
RPRNMLLKJHJFFAW78CA,前水頭段,206.00,都市：其他:國家公園第一類一般管制區,1,1,全筆移轉,05860000
RPTNMLTJJHJFFAW07CA,城南段,42.17,都市：商,1,1,全筆移轉,02360000
RPQNMLLKJHJFFAW68CA,北九十劃段,500.27,都市：農,2,1,持分移轉,05860000
RPPOMLSLJHJFFAW86CA,新頭段,318.29,都市：住,1,1,全筆移轉,07460000
RPPOMLSLJHJFFAW86CA,新頭段,192.77,都市：住,1,1,全筆移轉,07530000
RPQQMLRLJHJFFAW07CA,湖前段,44.36,都市：住,19308,4436,持分移轉,03820000
RPQQMLRLJHJFFAW07CA,湖前段,1.05,都市：住,1200,1,持分移轉,03820026
RPPNMLNKJHJFFAW98EA,青山段,1166.44,都市：農,1,1,全筆移轉,11490000
RPPOMLTLJHJFFAW07DA,安西劃段,646.24,都市：農,1,1,全筆移轉,09450000
RPOOMLRLJHJFFAW76DA,塔后段,519.40,都市：其他:保護區,1,1,全筆移轉,00160000
RPTPMLNLJHJFFAW96DA,北四劃段,733.00,都市：農,1,1,全筆移轉,05610000
RPWNMLRJKHJFFAW37DA,中一段,495.35,都市：農,2,1,持分移轉,01630000
RPWNMLRJKHJFFAW37DA,榜林村段,724.00,都市：住,1,1,全筆移轉,01580000
RPSNMLLLJHJFFAW98CA,中四劃段,357.00,都市：農,2,1,持分移轉,03550000
RPQNMLLLJHJFFAW78CA,中四劃段,798.00,都市：農,1,1,全筆移轉,04180000
RPRNMLRKJHJFFAW76CA,太湖劃測段,1054.04,都市：工,1,1,全筆移轉,03390000
RPRNMLPKJHJFFAW56CA,沙溪一劃段,933.00,都市：農,1,1,全筆移轉,03240000
RPSPMLNLJHJFFAW76CA,榜林村段,7.40,都市：其他:自然村專用區,69726,2213,持分移轉,01370001
RPSPMLNLJHJFFAW76CA,榜林村段,7.59,都市：其他:自然村專用區,69726,2213,持分移轉,01370002
RPQNMLKLJHJFFAW68CA,寧湖一劃段,38.04,都市：住,12,1,持分移轉,01410000
RPQNMLKLJHJFFAW68CA,寧湖一劃段,38.04,都市：住,12,1,持分移轉,01410000
RPQNMLRKJHJFFAW66CA,沙東劃段,1000.08,都市：農,1,1,全筆移轉,03130000
RPQNMLRKJHJFFAW66CA,沙東劃段,1000.09,都市：農,1,1,全筆移轉,03140000
RPRNMLKLJHJFFAW78CA,湖前段,27.74,都市：住,10,1,持分移轉,01450000
RPSPMLTLJHJFFAW37CA,寧湖一劃段,41.98,都市：其他:自然村,10000,708,持分移轉,05800000
RPSPMLTLJHJFFAW37CA,寧湖二劃測段,6.67,都市：其他:自然村,10000,708,持分移轉,09580002
RPTNMLSLJHJFFAW17CA,寧安四劃段,353.00,都市：農,1,1,全筆移轉,04170000
RPSNMLKLJHJFFAW88CA,東面山測段,242.40,都市：農,1,1,全筆移轉,01870000
RPROMLRKJHJFFAW86CA,漁村段,188.62,都市：住,2,1,持分移轉,03930000
RPROMLRKJHJFFAW86CA,漁村段,188.62,都市：住,2,1,持分移轉,03930000
RPTNMLKLJHJFFAW98CA,金門城段,1266.00,都市：農,1,1,全筆移轉,02420001
RPTNMLKLJHJFFAW98CA,金門城段,178.00,都市：其他:道路用地,1,1,全筆移轉,02420003
RPUNMLKLJHJFFAW09CA,金門城段,888.00,都市：其他:自然村專用區,1,1,全筆移轉,02650000
RPUNMLKLJHJFFAW09CA,金門城段,318.00,都市：其他:自然村專用區、道路用地,1,1,全筆移轉,02680000
RPUNMLKLJHJFFAW09CA,金門城段,35.00,都市：其他:道路用地,1,1,全筆移轉,02680001
RPVNMLSLJHJFFAW37CA,長寮段,50.01,都市：住,1,1,全筆移轉,05910002
RPPNMLKLJHJFFAW68DA,斗門劃測段,1586.37,都市：農,1,1,全筆移轉,06550000
RPRNMLLLJHJFFAW98DA,祥瑞段,10.08,都市：住,20000,6151,持分移轉,08100000
RPRNMLLLJHJFFAW98DA,祥瑞段,11.52,都市：住,20000,6151,持分移轉,08380000
RPRNMLLLJHJFFAW98DA,祥瑞段,2.25,都市：住,20000,6151,持分移轉,08430000
RPRNMLLLJHJFFAW98DA,祥瑞段,3.67,都市：住,20000,6151,持分移轉,08440000
RPRNMLLLJHJFFAW98DA,祥瑞段,8.90,都市：住,20000,6151,持分移轉,08480000
RPRNMLLLJHJFFAW98DA,祥瑞段,45.57,都市：住,20000,6151,持分移轉,08770000
RPRNMLLLJHJFFAW98DA,祥瑞段,9.32,都市：住,20000,6151,持分移轉,08810000
RPRNMLLLJHJFFAW98DA,祥瑞段,4.68,都市：住,20000,6151,持分移轉,09670000
RPPNMLLLJHJFFAW78DA,祥瑞段,93.85,都市：其他:綠地,20000,6151,持分移轉,07860000
RPPNMLLLJHJFFAW78DA,祥瑞段,802.47,都市：其他:道路,20000,6151,持分移轉,08470000
RPPNMLLLJHJFFAW78DA,祥瑞段,115.74,都市：其他:綠地,20000,6151,持分移轉,09680000
RPPNMLLLJHJFFAW78DA,祥瑞段,1.13,都市：其他:道路,20000,6151,持分移轉,09690000
RPTNMLLLJHJFFAW56DA,尚義段,357.00,都市：其他:自然村,1,1,全筆移轉,10570000
RPVNMLLLJHJFFAW76DA,小徑段,6.50,都市：農,1,1,全筆移轉,00850001
RPUNMLLLJHJFFAW66DA,小徑段,80.04,都市：農,1,1,全筆移轉,00850000
RPUNMLLLJHJFFAW66DA,小徑段,11.10,都市：農,1,1,全筆移轉,00760000
RPWNMLLLJHJFFAW86DA,小徑段,6.00,都市：農,1,1,全筆移轉,00850002
RPXNMLLLJHJFFAW96DA,小徑段,43.20,都市：農,1,1,全筆移轉,00760001
RPRNMLNLJHJFFAW56DA,小徑段,45.00,都市：農,1,1,全筆移轉,00760004
RPPNMLNLJHJFFAW98DA,小徑段,33.50,都市：農,1,1,全筆移轉,00760002
RPQNMLNLJHJFFAW09DA,小徑段,44.00,都市：農,1,1,全筆移轉,00760003
RPTNMLSKKHJFFAW27DA,小西門劃測段,148.32,都市：住,1,1,全筆移轉,20250000
RPSNMLNLJHJFFAW66DA,小徑段,31.00,都市：農,1,1,全筆移轉,00760005
RPSOMLTLJHJFFAW37DA,西方劃測段,1450.00,都市：其他:文教區,1,1,全筆移轉,01390000
RPSNMLTLJHJFFAW17CA,寧安二劃段,66.67,都市：農,3,1,持分移轉,04580000
RPSNMLTLJHJFFAW17CA,寧安二劃段,66.67,都市：農,3,1,持分移轉,04580000
RPSNMLTLJHJFFAW17CA,寧安二劃段,66.67,都市：農,3,1,持分移轉,04580000
RPSNMLTLJHJFFAW17CA,西堡劃測段,166.67,都市：農,3,1,持分移轉,03740000
RPSNMLTLJHJFFAW17CA,西堡劃測段,166.67,都市：農,3,1,持分移轉,03740000
RPSNMLTLJHJFFAW17CA,西堡劃測段,166.67,都市：農,3,1,持分移轉,03740000
RPUNMLMLJHJFFAW66CA,料羅段,135.00,都市：其他:自然村專用區,1,1,全筆移轉,12320000
RPQPMLNLJHJFFAW56CA,青山段,354.44,都市：農,1,1,全筆移轉,01150000
RPQPMLNLJHJFFAW56CA,青山段,903.65,都市：農,1,1,全筆移轉,03230000
RPQPMLNLJHJFFAW56CA,青山段,322.02,都市：其他:保護區,1,1,全筆移轉,03710000
RPQPMLNLJHJFFAW56CA,青山段,868.64,都市：其他:保護區,1,1,全筆移轉,03730000
RPUPMLNLJHJFFAW07DA,北四劃段,733.00,都市：農,1,1,全筆移轉,05610000
RPQNMLRLJHJFFAW86DA,寧湖一劃段,17.08,都市：其他:自然村,10000,288,持分移轉,05800000
RPQNMLRLJHJFFAW86DA,寧湖二劃測段,2.71,都市：其他:自然村,10000,288,持分移轉,09580002
RPRNMLOLJHJFFAW56CA,寧湖二劃測段,440.82,都市：農,2,1,持分移轉,12290000
RPQPMLOLJHJFFAW66CA,峰上段,109.00,都市：其他:自然村專用,1,1,全筆移轉,09410000
RPQPMLOLJHJFFAW66CA,峰上段,222.00,都市：其他:自然村專用,1,1,全筆移轉,09430002
RPPNMLTLJHJFFAW86CA,西堡劃測段,256.29,都市：其他:保護區,6,2,持分移轉,04470000
RPPNMLTLJHJFFAW86CA,西堡劃測段,128.14,都市：其他:保護區,6,1,持分移轉,04470000
RPPNMLTLJHJFFAW86CA,西堡劃測段,128.14,都市：其他:保護區,6,1,持分移轉,04470000
RPPNMLTLJHJFFAW86CA,西堡劃測段,128.14,都市：其他:保護區,6,1,持分移轉,04470000
RPPNMLTLJHJFFAW86CA,西堡劃測段,128.14,都市：其他:保護區,6,1,持分移轉,04470000
RPPNMLTLJHJFFAW86CA,西堡劃測段,181.86,都市：農,42,6,持分移轉,05130000
RPPNMLTLJHJFFAW86CA,西堡劃測段,90.93,都市：農,42,3,持分移轉,05130000
RPPNMLTLJHJFFAW86CA,西堡劃測段,90.93,都市：農,42,3,持分移轉,05130000
RPPNMLTLJHJFFAW86CA,西堡劃測段,90.93,都市：農,42,3,持分移轉,05130000
RPPNMLTLJHJFFAW86CA,西堡劃測段,90.93,都市：農,42,3,持分移轉,05130000
RPOOMLLKKHJFFAW68CA,古塔段,316.08,都市：住,2,1,持分移轉,00030000
RPOPMLOLJHJFFAW56DA,英坑段,307.00,都市：農,1,1,全筆移轉,03430001
RPOPMLOLJHJFFAW56DA,英坑段,950.14,都市：農,1,1,全筆移轉,03420001
RPQNMLSLJHJFFAW86CA,寧劃段,245.54,都市：農,2,1,持分移轉,15260000
RPQNMLSLJHJFFAW86CA,寧劃段,316.50,都市：農,2,1,持分移轉,16780000
RPQNMLSLJHJFFAW86CA,寧安二劃段,500.00,都市：農,2,1,持分移轉,02070000
RPQNMLSLJHJFFAW86CA,寧安二劃段,166.67,都市：農,6,1,持分移轉,04630000
RPQNMLSLJHJFFAW86CA,寧安四劃段,313.50,都市：農,2,1,持分移轉,00050001
RPQNMLSLJHJFFAW86CA,西堡劃測段,333.50,都市：農,2,1,持分移轉,03690000
RPQNMLSLJHJFFAW86CA,寧安四劃段,236.50,都市：其他:自然村專用區、道路用地,2,1,持分移轉,03920000
RPQNMLSLJHJFFAW86CA,寧安二劃段,190.80,都市：其他:自然村專用區,2,1,持分移轉,05560000
RPORMLRLJHJFFAW96CA,城北段,61.74,都市：住,1,1,全筆移轉,05870000
RPORMLRLJHJFFAW96CA,城北段,6.57,都市：其他:道路用地,1,1,全筆移轉,05880000
RPPNMLTJJHJFFAW66CA,中一段,27.06,都市：其他:綠地,1,1,全筆移轉,05160002
RPPNMLTJJHJFFAW66CA,中一段,7.02,都市：其他:綠地,1,1,全筆移轉,05160003
TPUNMLMKKHJFFAW86CA,榜林村段,8.45,都市：其他:自然村專用區,69726,2529,持分移轉,01370001
TPUNMLMKKHJFFAW86CA,榜林村段,8.67,都市：其他:自然村專用區,69726,2529,持分移轉,01370002
RPUNMLMKKHJFFAW66CA,榜林村段,10.01,都市：其他:自然村專用區,69726,2996,持分移轉,01370001
RPUNMLMKKHJFFAW66CA,榜林村段,10.27,都市：其他:自然村專用區,69726,2996,持分移轉,01370002
SPUNMLMKKHJFFAW76CA,榜林村段,10.01,都市：其他:自然村專用區,69726,2996,持分移轉,01370001
SPUNMLMKKHJFFAW76CA,榜林村段,10.27,都市：其他:自然村專用區,69726,2996,持分移轉,01370002
RQUNMLMKKHJFFAW76CA,榜林村段,8.45,都市：其他:自然村專用區,69726,2529,持分移轉,01370001
SQUNMLMKKHJFFAW86CA,榜林村段,8.45,都市：其他:自然村專用區,69726,2529,持分移轉,01370001
RQUNMLMKKHJFFAW76CA,榜林村段,8.67,都市：其他:自然村專用區,69726,2529,持分移轉,01370002
SQUNMLMKKHJFFAW86CA,榜林村段,8.67,都市：其他:自然村專用區,69726,2529,持分移轉,01370002
TQUNMLMKKHJFFAW96CA,榜林村段,7.40,都市：其他:自然村專用區,69726,2213,持分移轉,01370001
TQUNMLMKKHJFFAW96CA,榜林村段,7.59,都市：其他:自然村專用區,69726,2213,持分移轉,01370002
RPPQMLRLJHJFFAW96CA,寧湖一劃段,223.36,都市：其他:自然村專用區,47972,44671,持分移轉,03530001
RPWNMLSLJHJFFAW47CA,寧古劃段,500.00,都市：其他:國家公園第二類一般管制區,1,1,全筆移轉,05300000
RPWNMLSLJHJFFAW47CA,寧古劃段,500.00,都市：其他:國家公園第二類一般管制區,1,1,全筆移轉,05310000
RPXNMLSLJHJFFAW57CA,龍潭段,124.75,都市：其他:,1,1,全筆移轉,03350000
RPUNMLSLJHJFFAW27CA,多年段,207.87,都市：其他:自然村專用區道路用地,1,1,全筆移轉,10050002
RPUNMLSLJHJFFAW27CA,峰上段,393.00,都市：其他:自然村專用區道路用地,1,1,全筆移轉,06870001
RPXQMLRLJHJFFAW77CA,北九劃段,1000.00,都市：農,1,1,全筆移轉,07410000
RPXQMLRLJHJFFAW77CA,北九劃段,1000.00,都市：農,1,1,全筆移轉,07820000
RPXQMLRLJHJFFAW77CA,北九劃段,500.00,都市：農,1,1,全筆移轉,08290000
RPXQMLRLJHJFFAW77CA,北九十劃段,500.20,都市：農,2,1,持分移轉,05520000
RPXQMLRLJHJFFAW77CA,北九十劃段,500.48,都市：農,2,1,持分移轉,05690000
RPXQMLRLJHJFFAW77CA,北九十劃段,1000.95,都市：農,1,1,全筆移轉,06990000
RPXQMLRLJHJFFAW77CA,官澳段,151.00,都市：其他:自然村專用區,1,1,全筆移轉,13130000
RPXQMLRLJHJFFAW77CA,西園測段,908.98,都市：農,1,1,全筆移轉,00270000
RPWQMLRLJHJFFAW67CA,寧湖二劃測段,348.56,都市：農,1,1,全筆移轉,11550000
RPQOMLRLJHJFFAW96DA,中山林段,93.79,都市：其他:自然村專用區,1,1,全筆移轉,03300002
RPXNMLTLJHJFFAW77DA,斗門劃測段,808.34,都市：農,1,1,全筆移轉,03810000
RPSNMLLLKHJFFAW56DA,東洲段,4978.88,都市：農,1,1,全筆移轉,03260014
RPRNMLMKKHJFFAW98CA,榜林村段,7.42,都市：其他:自然村專用區,69726,2219,持分移轉,01370001
RPRNMLMKKHJFFAW98CA,榜林村段,7.61,都市：其他:自然村專用區,69726,2219,持分移轉,01370002
SPRNMLMKKHJFFAW09CA,榜林村段,7.53,都市：其他:自然村專用區,69726,2252,持分移轉,01370001
SPRNMLMKKHJFFAW09CA,榜林村段,7.72,都市：其他:自然村專用區,69726,2252,持分移轉,01370002
TPRNMLMKKHJFFAW56CA,榜林村段,10.29,都市：其他:自然村專用區,69726,3079,持分移轉,01370001
TPRNMLMKKHJFFAW56CA,榜林村段,10.55,都市：其他:自然村專用區,69726,3079,持分移轉,01370002
RPRNMLSLJHJFFAW96CA,太湖劃測段,1003.42,都市：其他:第二類一般管制區,1,1,全筆移轉,02480000
RPSNMLSLJHJFFAW07CA,寧湖三劃段,1000.00,都市：農,1,1,全筆移轉,00400000
RPUNMLLLKHJFFAW76DA,東洲段,1021.12,都市：農,1,1,全筆移轉,00430008
RPPNMLLLKHJFFAW78CA,祥瑞段,63.84,都市：其他:綠地,1,1,全筆移轉,02850000
RPPNMLLLKHJFFAW78CA,祥瑞段,75.90,都市：其他:綠地,1,1,全筆移轉,02860000
RPSNMLRJKHJFFAW86CA,沙港劃段,1000.02,都市：農,1,1,全筆移轉,04720000
RPQOMLOLKHJFFAW66CA,北二三劃測段,11.10,都市：住,10000,60,持分移轉,02640000
RPXNMLOLKHJFFAW27CA,北二三劃測段,50.50,都市：住,10000,273,持分移轉,02640000
WPUNMLMKKHJFFAW17CA,榜林村段,7.42,都市：其他:自然村專用區,69726,2219,持分移轉,01370001
QQUNMLMKKHJFFAW66CA,榜林村段,10.29,都市：其他:自然村專用區,69726,3079,持分移轉,01370001
WPUNMLMKKHJFFAW17CA,榜林村段,7.61,都市：其他:自然村專用區,69726,2219,持分移轉,01370002
QQUNMLMKKHJFFAW66CA,榜林村段,10.55,都市：其他:自然村專用區,69726,3079,持分移轉,01370002
ZPUNMLMKKHJFFAW47CA,榜林村段,10.29,都市：其他:自然村專用區,69726,3079,持分移轉,01370001
ZPUNMLMKKHJFFAW47CA,榜林村段,10.55,都市：其他:自然村專用區,69726,3079,持分移轉,01370002
VPUNMLMKKHJFFAW07CA,榜林村段,7.42,都市：其他:自然村專用區,69726,2219,持分移轉,01370001
VPUNMLMKKHJFFAW07CA,榜林村段,7.61,都市：其他:自然村專用區,69726,2219,持分移轉,01370002
YPUNMLMKKHJFFAW37CA,榜林村段,7.53,都市：其他:自然村專用區,69726,2252,持分移轉,01370001
YPUNMLMKKHJFFAW37CA,榜林村段,7.72,都市：其他:自然村專用區,69726,2252,持分移轉,01370002
UPUNMLMKKHJFFAW96CA,榜林村段,8.45,都市：其他:自然村專用區,69726,2529,持分移轉,01370001
UPUNMLMKKHJFFAW96CA,榜林村段,8.67,都市：其他:自然村專用區,69726,2529,持分移轉,01370002
XPUNMLMKKHJFFAW27CA,榜林村段,7.53,都市：其他:自然村專用區,69726,2252,持分移轉,01370001
XPUNMLMKKHJFFAW27CA,榜林村段,7.72,都市：其他:自然村專用區,69726,2252,持分移轉,01370002
RPQNMLOKKHJFFAW09CA,北二三劃測段,52.53,都市：住,10000,284,持分移轉,02640000
RPUPMLKLKHJFFAW76CA,祥瑞段,50.57,都市：其他:道路用地,1,1,全筆移轉,02790000
RPUPMLKLKHJFFAW76CA,祥瑞段,46.33,都市：其他:道路用地,1,1,全筆移轉,02800000
RPPNMLQLKHJFFAW66CA,漁村段,553.87,都市：其他:,1,1,全筆移轉,05010000
RPUOMLOLKHJFFAW07CA,北二三劃測段,11.10,都市：住,10000,60,持分移轉,02640000
RPWNMLTLJHJFFAW57CA,西堡劃測段,1019.59,都市：農,1,1,全筆移轉,02080000
RPQOMLTLJHJFFAW07CA,寧安二劃段,1000.00,都市：農,1,1,全筆移轉,04270000
RPQNMLSKKHJFFAW96DA,祥瑞段,100.83,都市：住,10000,6603,持分移轉,06000000
RPRNMLSKKHJFFAW07DA,祥瑞段,51.88,都市：住,10000,3397,持分移轉,06000000
RPQNMLPKKHJFFAW56CA,北二三劃測段,42.91,都市：住,10000,232,持分移轉,02640000
RPVNMLOKKHJFFAW96CA,北二三劃測段,11.10,都市：住,10000,60,持分移轉,02640000
RPSNMLOKKHJFFAW66CA,北二三劃測段,33.30,都市：住,10000,180,持分移轉,02640000
RPRNMLOKKHJFFAW56CA,北二三劃測段,12.39,都市：住,10000,67,持分移轉,02640000
RPPNMLPKKHJFFAW09CA,北二三劃測段,49.57,都市：住,10000,268,持分移轉,02640000
RPQNMLRJKHJFFAW76DA,湖下村段,228.00,都市：其他:自然村,6,4,持分移轉,02570000
RPPNMLRJKHJFFAW66DA,金門城段,333.00,都市：其他:自然村,1,1,全筆移轉,09940002
RPQNMLQJKHJFFAW66DA,南雄段,321.24,都市：其他:自然村,1,1,全筆移轉,01400000
RPTNMLRJKHJFFAW07DA,石牌段,420.47,都市：農,1,1,全筆移轉,01850000
RPUNMLRJKHJFFAW17DA,石牌段,386.19,都市：農,1,1,全筆移轉,01410000
RPQNMLPJKHJFFAW56DA,北一段,500.14,都市：農,1,1,全筆移轉,00770001
RPVPMLKLKHJFFAW86CA,延平段,40.15,都市：農,10000,928,持分移轉,05570000
RPVPMLKLKHJFFAW86CA,延平段,77.84,都市：農,1,1,全筆移轉,05610000
RPPOMLOLKHJFFAW56CA,北二三劃測段,12.39,都市：住,10000,67,持分移轉,02640000
RPPNMLQJKHJFFAW09CA,夏興段,581.92,都市：其他:自然村專用區+機關用地,1,1,全筆移轉,03760000
RPVNMLRJKHJFFAW27DA,烈濱劃測段,600.00,都市：農,1,1,全筆移轉,01780000
RPVNMLRJKHJFFAW27DA,烈濱劃測段,488.46,都市：農,1,1,全筆移轉,02900000
RPVNMLRJKHJFFAW27DA,黃埔段,202.00,都市：住,1,1,全筆移轉,02060001
RPSNMLRLKHJFFAW17DA,中一段,344.24,都市：農,1,1,全筆移轉,04250000
RPSNMLRLKHJFFAW17DA,中一段,490.86,都市：農,1,1,全筆移轉,04250001
RPSNMLRLKHJFFAW17DA,中一段,117.53,都市：農,1,1,全筆移轉,04250002
RPSNMLRLKHJFFAW17DA,中一段,35.89,都市：農,1,1,全筆移轉,04250003
RPWNMLSKKHJFFAW47CA,北二三劃測段,11.10,都市：住,10000,60,持分移轉,02640000
RPUNMLRKKHJFFAW17CA,北二三劃測段,52.53,都市：住,10000,284,持分移轉,02640000
RPRNMLRKKHJFFAW86CA,北二三劃測段,12.39,都市：住,10000,67,持分移轉,02640000
RPQNMLRKKHJFFAW76CA,北二三劃測段,11.10,都市：住,10000,60,持分移轉,02640000
RPTOMLKLKHJFFAW56CA,庵前劃測段,503.85,都市：農,1,1,全筆移轉,08050000
RPTOMLKLKHJFFAW56CA,庵前劃測段,.40,都市：農,1,1,全筆移轉,08050001
