﻿編號,土地位置,土地移轉面積(平方公尺),使用分區或編定,權利人持分分母,權利人持分分子,移轉情形,地號
The serial number, land position,land shifting area square meter,the use zoning or compiles and checks,,,,land parcel
RPTNMLQJJIIFFAX86CA,北極段,135.71,非都市： ; 非都市編定：,6,1,持分移轉,05140000
RPVNMLRKJIIFFAX27CA,許家段,763.58,非都市：一般農業區 ; 非都市編定：農牧用地,9,1,持分移轉,02930000
RPVNMLRKJIIFFAX27CA,許家段,763.58,非都市：一般農業區 ; 非都市編定：農牧用地,9,1,持分移轉,02930000
RPVNMLRKJIIFFAX27CA,許家段,763.58,非都市：一般農業區 ; 非都市編定：農牧用地,9,1,持分移轉,02930000
RPVNMLRKJIIFFAX27CA,許家段,763.58,非都市：一般農業區 ; 非都市編定：農牧用地,9,1,持分移轉,02930000
RPVNMLRKJIIFFAX27CA,許家段,763.58,非都市：一般農業區 ; 非都市編定：農牧用地,9,1,持分移轉,02930000
RPVNMLRKJIIFFAX27CA,許家段,763.58,非都市：一般農業區 ; 非都市編定：農牧用地,9,1,持分移轉,02930000
RPVNMLRKJIIFFAX27CA,許家段,763.58,非都市：一般農業區 ; 非都市編定：農牧用地,9,1,持分移轉,02930000
RPVNMLRKJIIFFAX27CA,許家段,763.58,非都市：一般農業區 ; 非都市編定：農牧用地,9,1,持分移轉,02930000
RPVNMLRKJIIFFAX27CA,許家段,763.58,非都市：一般農業區 ; 非都市編定：農牧用地,9,1,持分移轉,02930000
RPPNMLQJJIIFFAX09CA,埕東段,6.46,非都市： ; 非都市編定：,10000,167,持分移轉,08560000
RPPNMLQJJIIFFAX09CA,埕東段,.10,非都市： ; 非都市編定：,10000,167,持分移轉,08600000
RPPNMLQJJIIFFAX09CA,埕東段,1.97,非都市： ; 非都市編定：,10000,167,持分移轉,08610000
RPPNMLQJJIIFFAX09CA,埕東段,15.51,非都市： ; 非都市編定：,10000,167,持分移轉,08640000
RPQNMLPJJIIFFAX09CA,四維段,621.66,非都市： ; 非都市編定：,1,1,全筆移轉,01610000
RPOOMLKLJIIFFAX68CA,內垵三段,311.52,非都市：一般農業區 ; 非都市編定：農牧用地,2,1,持分移轉,07380000
RPQNMLNKJIIFFAX09DA,文石段,96.33,非都市：一般農業區 ; 非都市編定：甲種建築用地,1,1,全筆移轉,07320000
RPQNMLNKJIIFFAX09DA,文石段,16.98,非都市：一般農業區 ; 非都市編定：交通用地,8,1,持分移轉,07250000
RPSNMLQJJIIFFAX86DA,安宅段,289.04,非都市：一般農業區 ; 非都市編定：農牧用地,75,3,持分移轉,11630000
RPSNMLRJJIIFFAX86CA,鐵線段,921.72,非都市：一般農業區 ; 非都市編定：農牧用地,2,1,持分移轉,03930000
RPSNMLRJJIIFFAX86CA,鐵線段,921.72,非都市：一般農業區 ; 非都市編定：農牧用地,2,1,持分移轉,03930000
RPQNMLKLJIIFFAX78CA,五德東段,1037.91,非都市：一般農業區 ; 非都市編定：農牧用地,1,1,全筆移轉,12950000
RPPNMLSJJIIFFAX66CA,五福段,2419.90,非都市：一般農業區 ; 非都市編定：農牧用地,1,1,全筆移轉,05150000
RPOOMLKLJIIFFAX88EA,吉貝西段,301.80,非都市：一般農業區 ; 非都市編定：農牧用地,1,1,全筆移轉,12060000
RPTNMLPKJIIFFAX86CA,五福段,433.05,非都市：一般農業區 ; 非都市編定：農牧用地,1,1,全筆移轉,05590000
RPTNMLPKJIIFFAX86CA,五福段,1358.54,非都市：一般農業區 ; 非都市編定：農牧用地,1,1,全筆移轉,05600000
RPTNMLPKJIIFFAX86CA,五福段,928.67,非都市：一般農業區 ; 非都市編定：農牧用地,1,1,全筆移轉,05600001
RPTNMLPKJIIFFAX86CA,五福段,542.98,非都市：一般農業區 ; 非都市編定：農牧用地,1,1,全筆移轉,05600002
RPSNMLMKJIIFFAX09CA,竹篙灣段,218.00,非都市：風景區 ; 非都市編定：農牧用地,1,1,全筆移轉,17390000
RPRNMLSJJIIFFAX86CA,興仁段,105.14,非都市：鄉村區 ; 非都市編定：乙種建築用地,1,1,全筆移轉,02030000
RPSNMLLKJIIFFAX98CA,興崁段,165.66,非都市：一般農業區 ; 非都市編定：甲種建築用地,1,1,全筆移轉,08780001
RPSNMLLKJIIFFAX98CA,興崁段,67.39,非都市：一般農業區 ; 非都市編定：交通用地,8,1,持分移轉,08780004
RPPNMLNKJIIFFAX88CA,四維段,56.01,非都市：鄉村區 ; 非都市編定：乙種建築用地,1,1,全筆移轉,06850000
RPQNMLMKJIIFFAX98DA,雙湖段,307.34,非都市：一般農業區 ; 非都市編定：農牧用地,1,1,全筆移轉,07990000
RPRNMLMKJIIFFAX09DA,春暉段,55.00,非都市： ; 非都市編定：,1,1,全筆移轉,01530000
RPSNMLNKJIIFFAX66DA,國宅段,100.67,非都市： ; 非都市編定：,1,1,全筆移轉,04170000
RPTNMLNKJIIFFAX76DA,文澳段,53.63,非都市： ; 非都市編定：,10000,168,持分移轉,22930000
RPWOMLRKJIIFFAX47CA,五福段,19.79,非都市：一般農業區 ; 非都市編定：農牧用地,1,1,全筆移轉,00500000
RPWOMLRKJIIFFAX47CA,五福段,176.38,非都市：一般農業區 ; 非都市編定：農牧用地,1,1,全筆移轉,00510000
RPWOMLRKJIIFFAX47CA,五福段,1308.33,非都市：一般農業區 ; 非都市編定：農牧用地,1,1,全筆移轉,00540000
RPVOMLRKJIIFFAX37CA,四維段,1440.87,非都市：一般農業區 ; 非都市編定：農牧用地,1,1,全筆移轉,02060000
RPVOMLRKJIIFFAX37CA,四維段,1212.20,非都市：一般農業區 ; 非都市編定：農牧用地,1,1,全筆移轉,02070000
RPOOMLRKJIIFFAX66CA,五福段,38.16,非都市：一般農業區 ; 非都市編定：交通用地,8,1,持分移轉,01430010
RPOOMLRKJIIFFAX66CA,五福段,203.46,非都市：一般農業區 ; 非都市編定：甲種建築用地,1,1,全筆移轉,01430015
RPOOMLRKJIIFFAX66CA,五福段,19.19,非都市：一般農業區 ; 非都市編定：交通用地,16,1,持分移轉,01620004
RPTNMLPJKIIFFAX86CA,六合段,257.04,非都市：一般農業區 ; 非都市編定：農牧用地,100000,23800,持分移轉,01500000
RPTNMLPJKIIFFAX86CA,六合段,282.95,非都市：一般農業區 ; 非都市編定：農牧用地,100000,26200,持分移轉,01500000
RPTNMLPJKIIFFAX86CA,六合段,282.95,非都市：一般農業區 ; 非都市編定：農牧用地,100000,26200,持分移轉,01500000
RPUOMLRKJIIFFAX27CA,小池角段,219.50,非都市：一般農業區 ; 非都市編定：農牧用地,4,1,持分移轉,06910000
RPUOMLRKJIIFFAX27CA,小池角段,28.33,非都市：一般農業區 ; 非都市編定：甲種建築用地,6,1,持分移轉,13980000
RPUOMLRKJIIFFAX27CA,二崁南段,241.13,非都市： ; 非都市編定：,6,1,持分移轉,08970000
RPTOMLRKJIIFFAX17CA,文東段,565.83,非都市：一般農業區 ; 非都市編定：農牧用地,1,1,全筆移轉,14690001
RPQOMLRKJIIFFAX86CA,五福段,239.41,非都市：一般農業區 ; 非都市編定：農牧用地,1,1,全筆移轉,00590000
RPPNMLMJKIIFFAX78CA,林投南段,205.51,非都市：一般農業區 ; 非都市編定：甲種建築用地,1,1,全筆移轉,08600000
RPSOMLRKJIIFFAX07CA,山水北段,419.35,非都市：一般農業區 ; 非都市編定：農牧用地,32,11,持分移轉,05810000
RPPOMLRKJIIFFAX76CA,馬公段,3.50,非都市： ; 非都市編定：,2,1,持分移轉,18110000
RPPOMLRKJIIFFAX76CA,馬公段,75.00,非都市： ; 非都市編定：,1,1,全筆移轉,18110001
RPQOMLNKJIIFFAX09CA,國宅段,233.43,非都市： ; 非都市編定：,1,1,全筆移轉,07270000
RPQOMLNKJIIFFAX09CA,國宅段,391.90,非都市： ; 非都市編定：,1,1,全筆移轉,07320000
RPXOMLRKJIIFFAX57CA,興仁段,363.99,非都市：一般農業區 ; 非都市編定：農牧用地,1,1,全筆移轉,08970000
RPOOMLNKJIIFFAX88CA,湖西南段,2397.11,非都市：一般農業區 ; 非都市編定：農牧用地,1,1,全筆移轉,29980000
RPPOMLNKJIIFFAX98CA,後寮段,1055.00,非都市：一般農業區 ; 非都市編定：農牧用地,1,1,全筆移轉,14950000
RPRNMLPKJIIFFAX66CA,東石新段,539.19,非都市：風景區 ; 非都市編定：農牧用地,1,1,全筆移轉,02300000
RPRNMLPKJIIFFAX66CA,東石新段,340.60,非都市：風景區 ; 非都市編定：農牧用地,1,1,全筆移轉,02310000
RPPNMLOKJIIFFAX98CA,望安段,215.00,非都市：鄉村區 ; 非都市編定：乙種建築用地,1,1,全筆移轉,04220000
RPQNMLOKJIIFFAX09CA,潭邊新段,345.07,非都市：一般農業區 ; 非都市編定：農牧用地,1,1,全筆移轉,04130000
RPTNMLMJKIIFFAX56CA,西澳段,148.91,非都市： ; 非都市編定：,1,1,全筆移轉,01560000
RPQNMLPKJIIFFAX56CA,六合段,105.34,非都市： ; 非都市編定：,12,6,持分移轉,06910000
RPQNMLPKJIIFFAX56CA,六合段,180.50,非都市： ; 非都市編定：,12,6,持分移轉,06920000
RPQNMLPKJIIFFAX56CA,六合段,344.90,非都市： ; 非都市編定：,12,6,持分移轉,06930000
RPWNMLKLJIIFFAX76CA,許家段,1785.09,非都市：一般農業區 ; 非都市編定：農牧用地,1,1,全筆移轉,11950000
RPWNMLKLJIIFFAX76CA,湖西南段,654.36,非都市：一般農業區 ; 非都市編定：農牧用地,1,1,全筆移轉,17680000
RPTNMLRLJIIFFAX37EA,埕西段,39.52,非都市： ; 非都市編定：,1,1,全筆移轉,01570000
RPPNMLTKJIIFFAX86CA,五福段,16.76,非都市：一般農業區 ; 非都市編定：交通用地,6,1,持分移轉,01420004
RPPNMLTKJIIFFAX86CA,五福段,218.09,非都市：一般農業區 ; 非都市編定：甲種建築用地,1,1,全筆移轉,01420006
RPQNMLQLJIIFFAX76CA,安宅段,31.75,非都市：一般農業區 ; 非都市編定：交通用地,8,1,持分移轉,11680004
RPQNMLQLJIIFFAX76CA,安宅段,31.75,非都市：一般農業區 ; 非都市編定：交通用地,8,1,持分移轉,11680004
RPQNMLQLJIIFFAX76CA,安宅段,31.75,非都市：一般農業區 ; 非都市編定：交通用地,8,1,持分移轉,11680004
RPQNMLQLJIIFFAX76CA,安宅段,31.75,非都市：一般農業區 ; 非都市編定：交通用地,8,1,持分移轉,11680004
RPQNMLQLJIIFFAX76CA,安宅段,189.05,非都市：一般農業區 ; 非都市編定：農牧用地,4,1,持分移轉,11680005
RPQNMLQLJIIFFAX76CA,安宅段,189.05,非都市：一般農業區 ; 非都市編定：農牧用地,4,1,持分移轉,11680005
RPQNMLQLJIIFFAX76CA,安宅段,189.05,非都市：一般農業區 ; 非都市編定：農牧用地,4,1,持分移轉,11680005
RPQNMLQLJIIFFAX76CA,安宅段,189.05,非都市：一般農業區 ; 非都市編定：農牧用地,4,1,持分移轉,11680005
RPVNMLLLJIIFFAX76CA,東衛段,204.29,非都市：一般農業區 ; 非都市編定：農牧用地,40,19,持分移轉,15020000
RPPNMLSKJIIFFAX76CA,通梁東段,664.27,非都市：風景區 ; 非都市編定：農牧用地,1,1,全筆移轉,00140000
RPQNMLKMJIIFFAX88CA,文石段,112.89,非都市：一般農業區 ; 非都市編定：甲種建築用地,1,1,全筆移轉,07220000
RPQNMLKMJIIFFAX88CA,文石段,17.01,非都市：一般農業區 ; 非都市編定：交通用地,8,1,持分移轉,07240000
RPRNMLSKJIIFFAX96CA,文石段,2050.86,非都市：一般農業區 ; 非都市編定：農牧用地,1,1,全筆移轉,11660000
RPSNMLKLJIIFFAX09DA,五福段,83.00,非都市：一般農業區 ; 非都市編定：甲種建築用地,100000,6080,持分移轉,01410000
RPQOMLKLJIIFFAX88CA,馬公段,72.00,非都市： ; 非都市編定：,1,1,全筆移轉,21940000
RPQNMLLLJIIFFAX98DA,城北段,587.02,非都市：一般農業區 ; 非都市編定：農牧用地,1,1,全筆移轉,08360000
RPQNMLLLJIIFFAX98DA,城北段,383.01,非都市：一般農業區 ; 非都市編定：農牧用地,1,1,全筆移轉,08380000
RPUNMLLLJIIFFAX66CA,文東段,88.17,非都市：一般農業區 ; 非都市編定：農牧用地,6,1,持分移轉,04950000
RPPNMLPLJIIFFAX66DA,四維段,75.33,非都市：鄉村區 ; 非都市編定：乙種建築用地,1,1,全筆移轉,02220000
RPVNMLSLJIIFFAX47CA,雙湖段,1321.17,非都市：一般農業區 ; 非都市編定：農牧用地,159497,132117,持分移轉,10710000
RPPNMLMLJIIFFAX88CA,城北段,582.04,非都市：一般農業區 ; 非都市編定：農牧用地,2,1,持分移轉,11220000
RPPNMLMLJIIFFAX88CA,城北段,582.04,非都市：一般農業區 ; 非都市編定：農牧用地,2,1,持分移轉,11220000
RPPNMLLLJIIFFAX88DA,文澳段,108.00,非都市： ; 非都市編定：,1,1,全筆移轉,23210001
RPPNMLKMJIIFFAX78CA,文光段,27.09,非都市： ; 非都市編定：,100000,327,持分移轉,00200000
RPPNMLKMJIIFFAX78CA,文光段,3.51,非都市： ; 非都市編定：,100000,327,持分移轉,00540000
RPQNMLPLJIIFFAX66CA,埕中段,50.46,非都市： ; 非都市編定：,1,1,全筆移轉,06150000
RPQNMLPLJIIFFAX66CA,埕中段,13.97,非都市： ; 非都市編定：,1,1,全筆移轉,06160000
RPRNMLSLJIIFFAX07CA,鐵線段,605.72,非都市：一般農業區 ; 非都市編定：農牧用地,1,1,全筆移轉,05240000
RPQNMLRLJIIFFAX86CA,海堤段,330.05,非都市：一般農業區 ; 非都市編定：農牧用地,1223,330,持分移轉,00070000
RPSNMLQLJIIFFAX96CA,鐵線段,694.75,非都市：一般農業區 ; 非都市編定：農牧用地,1,1,全筆移轉,12070000
RPSNMLQLJIIFFAX96CA,鐵線段,884.32,非都市：一般農業區 ; 非都市編定：農牧用地,1,1,全筆移轉,12100000
RPRNMLQLJIIFFAX07EA,將軍澳段,178.00,非都市：鄉村區 ; 非都市編定：遊憩用地,1,1,全筆移轉,11410001
RPSNMLSLJIIFFAX17CA,鐵線段,233.05,非都市：一般農業區 ; 非都市編定：農牧用地,1,1,全筆移轉,12470000
RPSNMLSLJIIFFAX17CA,鐵線段,601.36,非都市：一般農業區 ; 非都市編定：農牧用地,1,1,全筆移轉,12500000
RPRNMLRLJIIFFAX96CA,五福段,1101.58,非都市：一般農業區 ; 非都市編定：農牧用地,1,1,全筆移轉,01160000
RPWNMLRLJIIFFAX47CA,後寮段,669.00,非都市：一般農業區 ; 非都市編定：農牧用地,1,1,全筆移轉,09440000
RPUNMLNLKIIFFAX17EA,許家段,2.14,非都市：一般農業區 ; 非都市編定：交通用地,1,1,全筆移轉,01460000
RPUNMLNLKIIFFAX17EA,許家段,1.48,非都市：一般農業區 ; 非都市編定：交通用地,1,1,全筆移轉,01470001
RPUNMLNLKIIFFAX17EA,許家段,90.09,非都市：一般農業區 ; 非都市編定：交通用地,1,1,全筆移轉,01480000
RPUNMLNLKIIFFAX17EA,許家段,2.53,非都市：一般農業區 ; 非都市編定：交通用地,1,1,全筆移轉,01480002
RPUNMLNLKIIFFAX17EA,許家段,17.60,非都市：一般農業區 ; 非都市編定：交通用地,1,1,全筆移轉,01750000
RPVNMLOLKIIFFAX37EA,埕西段,5.02,非都市： ; 非都市編定：,1,1,全筆移轉,00030002
RPVNMLRLJIIFFAX47DA,光華段,81.64,非都市：鄉村區 ; 非都市編定：乙種建築用地,1,1,全筆移轉,07540000
RPVNMLTJKIIFFAX57DA,成功南段,1030.30,非都市：一般農業區 ; 非都市編定：農牧用地,1,1,全筆移轉,06060000
RPVNMLRLJIIFFAX47DA,光華段,85.98,非都市：鄉村區 ; 非都市編定：乙種建築用地,1,1,全筆移轉,07560000
RPSNMLRLJIIFFAX17DA,東衛段,184.42,非都市：鄉村區 ; 非都市編定：乙種建築用地,8,1,持分移轉,09090000
RPPNMLTLJIIFFAX07DA,文光段,27.04,非都市： ; 非都市編定：,100000,620,持分移轉,00570000
RPSNMLPLJIIFFAX96DA,安宅段,171.01,非都市：一般農業區 ; 非都市編定：甲種建築用地,1,1,全筆移轉,11710001
RPSNMLPLJIIFFAX96DA,安宅段,51.12,非都市：一般農業區 ; 非都市編定：交通用地,7,1,持分移轉,11710004
RPQNMLQJKIIFFAX66CA,山水北段,1116.80,非都市：一般農業區 ; 非都市編定：農牧用地,1,1,全筆移轉,08000001
RPVNMLPJKIIFFAX07CA,五福段,1062.29,非都市：一般農業區 ; 非都市編定：農牧用地,1,1,全筆移轉,07000000
RPVNMLPJKIIFFAX07CA,五福段,246.18,非都市：一般農業區 ; 非都市編定：交通用地,572,161,持分移轉,07000004
RPVNMLPJKIIFFAX07CA,五福段,199.33,非都市：一般農業區 ; 非都市編定：交通用地,13,7,持分移轉,07000014
RPSNMLQJKIIFFAX86CA,五福段,263.94,非都市：一般農業區 ; 非都市編定：農牧用地,1000,463,持分移轉,02750000
RPSNMLQJKIIFFAX86CA,五福段,152.21,非都市：一般農業區 ; 非都市編定：農牧用地,1000,267,持分移轉,02750000
RPSNMLQJKIIFFAX86CA,五福段,68.07,非都市：一般農業區 ; 非都市編定：交通用地,1250,160,持分移轉,02750003
RPSNMLQJKIIFFAX86CA,五福段,38.29,非都市：一般農業區 ; 非都市編定：交通用地,1250,90,持分移轉,02750003
RPRNMLQJKIIFFAX76CA,文石段,168.17,非都市：一般農業區 ; 非都市編定：甲種建築用地,1,1,全筆移轉,12480002
RPRNMLQJKIIFFAX76CA,文石段,58.36,非都市：一般農業區 ; 非都市編定：交通用地,3,1,持分移轉,12480003
RPRNMLLKKIIFFAX09DA,光華段,47.53,非都市：鄉村區 ; 非都市編定：乙種建築用地,1,1,全筆移轉,07810000
RPTNMLQJKIIFFAX96CA,山水北段,558.40,非都市：一般農業區 ; 非都市編定：農牧用地,2,1,持分移轉,08000001
RPTNMLQJKIIFFAX96CA,山水北段,558.40,非都市：一般農業區 ; 非都市編定：農牧用地,2,1,持分移轉,08000001
RPQNMLTLJIIFFAX07CA,六合段,1670.50,非都市：一般農業區 ; 非都市編定：農牧用地,1,1,全筆移轉,04160000
RPUNMLSLJIIFFAX57EA,大倉段,89.00,非都市：鄉村區 ; 非都市編定：乙種建築用地,1,1,全筆移轉,00780007
RPQNMLMJKIIFFAX09EA,國宅段,965.56,非都市：一般農業區 ; 非都市編定：農牧用地,1,1,全筆移轉,00740000
RPPNMLSJKIIFFAX76CA,五福段,38.16,非都市：一般農業區 ; 非都市編定：交通用地,8,1,持分移轉,01430010
RPPNMLSJKIIFFAX76CA,五福段,194.15,非都市：一般農業區 ; 非都市編定：甲種建築用地,1,1,全筆移轉,01430012
RPPNMLSJKIIFFAX76CA,五福段,19.19,非都市：一般農業區 ; 非都市編定：交通用地,16,1,持分移轉,01620004
RPTNMLSJKIIFFAX17CA,五福段,38.29,非都市：一般農業區 ; 非都市編定：交通用地,1250,90,持分移轉,02750003
RPTNMLSJKIIFFAX17CA,五福段,151.30,非都市：一般農業區 ; 非都市編定：甲種建築用地,1,1,全筆移轉,02750010
RPQNMLSJKIIFFAX86CA,五福段,38.16,非都市：一般農業區 ; 非都市編定：交通用地,8,1,持分移轉,01430010
RPQNMLSJKIIFFAX86CA,五福段,181.84,非都市：一般農業區 ; 非都市編定：甲種建築用地,1,1,全筆移轉,01430013
RPQNMLSJKIIFFAX86CA,五福段,19.19,非都市：一般農業區 ; 非都市編定：交通用地,16,1,持分移轉,01620004
RPPNMLLKKIIFFAX78CA,尖山南段,1282.40,非都市：一般農業區 ; 非都市編定：農牧用地,1,1,全筆移轉,07550003
RPQNMLTJKIIFFAX96CA,東澳段,356.94,非都市： ; 非都市編定：,1,1,全筆移轉,07670000
RPQNMLTJKIIFFAX96CA,東澳段,84.59,非都市： ; 非都市編定：,1,1,全筆移轉,07680000
RPSNMLSJKIIFFAX07CA,五福段,38.29,非都市：一般農業區 ; 非都市編定：交通用地,1250,90,持分移轉,02750003
RPSNMLSJKIIFFAX07CA,五福段,151.30,非都市：一般農業區 ; 非都市編定：甲種建築用地,1,1,全筆移轉,02750011
RPPNMLNJKIIFFAX88CA,文東段,90.59,非都市：一般農業區 ; 非都市編定：農牧用地,6,1,持分移轉,05700000
RPQNMLPJKIIFFAX56CA,東衛段,754.24,非都市：一般農業區 ; 非都市編定：農牧用地,2,1,持分移轉,03470000
RPVNMLSJKIIFFAX37CA,小池角段,499.00,非都市：鄉村區 ; 非都市編定：乙種建築用地,1,1,全筆移轉,38280000
RPUNMLSJKIIFFAX27CA,興崁段,615.04,非都市：一般農業區 ; 非都市編定：農牧用地,2,1,持分移轉,05830000
RPUNMLSJKIIFFAX27CA,興崁段,615.04,非都市：一般農業區 ; 非都市編定：農牧用地,2,1,持分移轉,05830000
RPQNMLLMKIIFFAX56DA,湖西北段,659.81,非都市：一般農業區 ; 非都市編定：農牧用地,1,1,全筆移轉,06370000
RPRNMLSJKIIFFAX96CA,五德東段,22.69,非都市：一般農業區 ; 非都市編定：交通用地,1,1,全筆移轉,06550000
RPRNMLSJKIIFFAX96CA,五德東段,81.46,非都市：一般農業區 ; 非都市編定：交通用地,1,1,全筆移轉,06560000
RPRNMLSJKIIFFAX96CA,五德東段,883.56,非都市：一般農業區 ; 非都市編定：農牧用地,1,1,全筆移轉,06570000
RPRNMLPJKIIFFAX66CA,紅羅段,434.45,非都市：一般農業區 ; 非都市編定：農牧用地,2,1,持分移轉,15380000
RPRNMLPJKIIFFAX66CA,紅羅段,434.45,非都市：一般農業區 ; 非都市編定：農牧用地,2,1,持分移轉,15380000
RPSNMLTJKIIFFAX17CA,文東段,92.30,非都市：鄉村區 ; 非都市編定：乙種建築用地,1,1,全筆移轉,01510000
RPUNMLTJKIIFFAX37CA,文化段,66.73,非都市： ; 非都市編定：,1,1,全筆移轉,08170000
RPWNMLKKKIIFFAX86DA,中衛段,75.04,非都市： ; 非都市編定：,2,1,持分移轉,12280000
RPXNMLKKKIIFFAX96DA,中衛段,587.27,非都市： ; 非都市編定：,1,1,全筆移轉,12270000
RPRNMLMKKIIFFAX56DA,橫礁段,126.00,非都市：一般農業區 ; 非都市編定：農牧用地,3,1,持分移轉,05290000
RPRNMLMKKIIFFAX56DA,合界頭段,161.67,非都市：風景區 ; 非都市編定：農牧用地,3,1,持分移轉,05420000
RPRNMLMKKIIFFAX56DA,合界頭段,23.33,非都市：風景區 ; 非都市編定：農牧用地,3,1,持分移轉,05980000
RPRNMLMKKIIFFAX56DA,合界頭段,85.67,非都市：一般農業區 ; 非都市編定：農牧用地,3,1,持分移轉,04610000
RPRNMLMKKIIFFAX56DA,合界頭段,36.67,非都市：風景區 ; 非都市編定：農牧用地,3,1,持分移轉,05980001
RPRNMLMKKIIFFAX56DA,合界頭段,3.33,非都市：風景區 ; 非都市編定：農牧用地,3,1,持分移轉,05980002
RPRNMLMKKIIFFAX56DA,合界頭段,43.67,非都市：一般農業區 ; 非都市編定：農牧用地,3,1,持分移轉,06060000
RPWNMLPJKIIFFAX27DA,鎖港西段,271.44,非都市： ; 非都市編定：,1,1,全筆移轉,08010000
RPPNMLQJKIIFFAX66DA,許家段,1605.92,非都市：一般農業區 ; 非都市編定：農牧用地,4,1,持分移轉,00500000
RPUNMLKKKIIFFAX66DA,中衛段,160.01,非都市： ; 非都市編定：,2,1,持分移轉,12490000
RPRNMLQLKIIFFAX17EA,山水北段,485.22,非都市：一般農業區 ; 非都市編定：農牧用地,1,1,全筆移轉,01710000
RPRNMLQLKIIFFAX17EA,山水北段,475.51,非都市：一般農業區 ; 非都市編定：農牧用地,1,1,全筆移轉,01740000
RPVNMLKKKIIFFAX76DA,中衛段,160.01,非都市： ; 非都市編定：,2,1,持分移轉,12490000
RPSNMLKKKIIFFAX09DA,興仁段,1734.84,非都市：一般農業區 ; 非都市編定：農牧用地,1,1,全筆移轉,07490000
RPSNMLKKKIIFFAX09DA,興仁段,1402.21,非都市：一般農業區 ; 非都市編定：農牧用地,1,1,全筆移轉,07480000
RPSNMLKKKIIFFAX09DA,興仁段,213.52,非都市：一般農業區 ; 非都市編定：農牧用地,1,1,全筆移轉,07360000
RPQNMLNKKIIFFAX09CA,興崁段,759.50,非都市：一般農業區 ; 非都市編定：農牧用地,1,1,全筆移轉,10470000
RPPNMLNKKIIFFAX98CA,赤崁西段,48.55,非都市：鄉村區 ; 非都市編定：乙種建築用地,2,1,持分移轉,00150000
RPQNMLMKKIIFFAX09DA,橫礁段,126.00,非都市：一般農業區 ; 非都市編定：農牧用地,3,1,持分移轉,05290000
RPPNMLOLKIIFFAX56CA,沙港北段,201.22,非都市：一般農業區 ; 非都市編定：農牧用地,4,3,持分移轉,05390000
RPQNMLMKKIIFFAX09DA,合界頭段,161.67,非都市：風景區 ; 非都市編定：農牧用地,3,1,持分移轉,05420000
RPPNMLOLKIIFFAX56CA,沙港北段,349.73,非都市：一般農業區 ; 非都市編定：農牧用地,4,3,持分移轉,05460000
RPQNMLMKKIIFFAX09DA,合界頭段,23.33,非都市：風景區 ; 非都市編定：農牧用地,3,1,持分移轉,05980000
RPPNMLOLKIIFFAX56CA,沙港南段,299.47,非都市：一般農業區 ; 非都市編定：農牧用地,4,3,持分移轉,01140000
RPQNMLMKKIIFFAX09DA,合界頭段,85.67,非都市：一般農業區 ; 非都市編定：農牧用地,3,1,持分移轉,04610000
RPPNMLOLKIIFFAX56CA,沙港南段,411.75,非都市：一般農業區 ; 非都市編定：農牧用地,4,3,持分移轉,01930000
RPQNMLMKKIIFFAX09DA,合界頭段,36.67,非都市：風景區 ; 非都市編定：農牧用地,3,1,持分移轉,05980001
RPQNMLMKKIIFFAX09DA,合界頭段,3.33,非都市：風景區 ; 非都市編定：農牧用地,3,1,持分移轉,05980002
RPQNMLMKKIIFFAX09DA,合界頭段,43.67,非都市：一般農業區 ; 非都市編定：農牧用地,3,1,持分移轉,06060000
RPPNMLKKKIIFFAX68CA,春暉段,79.05,非都市： ; 非都市編定：,1,1,全筆移轉,00990000
RPPNMLTJKIIFFAX86CA,鐵線段,780.84,非都市：一般農業區 ; 非都市編定：農牧用地,1,1,全筆移轉,05850000
RPQNMLKKKIIFFAX78CA,春暉段,64.70,非都市： ; 非都市編定：,1,1,全筆移轉,01710000
RPTNMLTJKIIFFAX27CA,埕中段,.59,非都市： ; 非都市編定：,2604,116,持分移轉,04280000
RPTNMLTJKIIFFAX27CA,埕中段,29.44,非都市： ; 非都市編定：,2604,116,持分移轉,04300000
RPRNMLOLKIIFFAX76CA,許家段,167.54,非都市：一般農業區 ; 非都市編定：農牧用地,6,1,持分移轉,06430000
RPRNMLOLKIIFFAX76CA,許家段,722.50,非都市：一般農業區 ; 非都市編定：農牧用地,4,1,持分移轉,11650000
RPRNMLOLKIIFFAX76CA,許家段,640.65,非都市：一般農業區 ; 非都市編定：農牧用地,6,1,持分移轉,11820000
RPTNMLPLKIIFFAX07CA,馬公段,28.00,非都市： ; 非都市編定：,1,1,全筆移轉,12870000
RPTNMLPLKIIFFAX07CA,馬公段,26.00,非都市： ; 非都市編定：,1,1,全筆移轉,12880007
RPQNMLNLKIIFFAX66DA,竹篙灣段,7263.00,非都市：一般農業區 ; 非都市編定：農牧用地,1,1,全筆移轉,34400000
RPQNMLNLKIIFFAX66DA,竹篙灣段,3785.00,非都市：一般農業區 ; 非都市編定：農牧用地,1,1,全筆移轉,34410000
RPPOMLKKKIIFFAX88DA,中衛段,75.04,非都市： ; 非都市編定：,2,1,持分移轉,12280000
RPRNMLKKKIIFFAX98DA,興仁段,2081.02,非都市：一般農業區 ; 非都市編定：農牧用地,1,1,全筆移轉,14220000
RPQNMLLKKIIFFAX98DA,埕東段,54.35,非都市： ; 非都市編定：,1,1,全筆移轉,09390000
RPTNMLKKKIIFFAX56DA,文化段,9.87,非都市： ; 非都市編定：,10000,297,持分移轉,08590000
RPTNMLKKKIIFFAX56DA,文化段,12.25,非都市： ; 非都市編定：,10000,297,持分移轉,08660000
RPWNMLSJJHJFFAX47DA,許家段,24.28,非都市：一般農業區 ; 非都市編定：交通用地,1,1,全筆移轉,01600001
RPPNMLMKKIIFFAX88CA,鐵線段,412.31,非都市：一般農業區 ; 非都市編定：農牧用地,1,1,全筆移轉,08910000
RPOOMLKKKIIFFAX68CA,六合段,180.13,非都市：鄉村區 ; 非都市編定：乙種建築用地,1,1,全筆移轉,01070000
RPPNMLMJJHJFFAX68CA,馬公段,44.00,非都市： ; 非都市編定：,1,1,全筆移轉,01030029
RPTNMLOLKIIFFAX17EA,馬公段,36.25,非都市： ; 非都市編定：,10000,36,持分移轉,02010000
RPPNMLQKKIIFFAX66CA,五福段,227.68,非都市：一般農業區 ; 非都市編定：甲種建築用地,1,1,全筆移轉,02520001
RPPNMLQKKIIFFAX66CA,五福段,67.95,非都市：一般農業區 ; 非都市編定：交通用地,6,1,持分移轉,02520004
RPUNMLMKKIIFFAX76CA,山水北段,1155.96,非都市：一般農業區 ; 非都市編定：農牧用地,1,1,全筆移轉,08750001
RPUNMLMKKIIFFAX76CA,山水北段,38.93,非都市：一般農業區 ; 非都市編定：農牧用地,1,1,全筆移轉,08760001
RPTNMLMKKIIFFAX66CA,竹篙灣段,994.00,非都市：一般農業區 ; 非都市編定：農牧用地,1,1,全筆移轉,17080000
RPXNMLNJJHJFFAX07DA,山水西段,209.57,非都市：一般農業區 ; 非都市編定：農牧用地,1,1,全筆移轉,01490000
RPTNMLNLKIIFFAX96DA,安宅段,178.65,非都市：一般農業區 ; 非都市編定：甲種建築用地,1,1,全筆移轉,11710007
RPTNMLNLKIIFFAX96DA,安宅段,51.12,非都市：一般農業區 ; 非都市編定：交通用地,7,1,持分移轉,11710004
RPXNMLSJJHJFFAX57DA,許家段,29.12,非都市：一般農業區 ; 非都市編定：交通用地,2,1,持分移轉,01730000
RPXNMLSJJHJFFAX57DA,許家段,.98,非都市：風景區 ; 非都市編定：農牧用地,2,1,持分移轉,01740001
RPOOMLNJJHJFFAX88DA,山水西段,396.79,非都市：一般農業區 ; 非都市編定：農牧用地,1,1,全筆移轉,01750000
RPPOMLNJJHJFFAX98DA,山水西段,192.74,非都市：一般農業區 ; 非都市編定：農牧用地,1,1,全筆移轉,01460000
RPVNMLKMKIIFFAX96DA,東衛段,80.02,非都市：一般農業區 ; 非都市編定：農牧用地,10,1,持分移轉,05320000
RPVNMLSJJHJFFAX47EA,許家段,6.85,非都市：一般農業區 ; 非都市編定：交通用地,10,2,持分移轉,01610001
RPQNMLKMKIIFFAX09DA,東衛段,56.10,非都市：一般農業區 ; 非都市編定：農牧用地,8,1,持分移轉,01630000
RPXNMLPLKIIFFAX57DA,文石段,58.19,非都市：鄉村區 ; 非都市編定：乙種建築用地,1000,107,持分移轉,03070000
RPXNMLPLKIIFFAX57DA,文石段,38.29,非都市：鄉村區 ; 非都市編定：乙種建築用地,1000,107,持分移轉,03080000
RPVNMLTJJHJFFAX47DA,文寮段,498.14,非都市：一般農業區 ; 非都市編定：農牧用地,1,1,全筆移轉,07220000
RPVNMLTJJHJFFAX47DA,文寮段,140.62,非都市：一般農業區 ; 非都市編定：交通用地,8,3,持分移轉,07220004
RPVNMLMKKIIFFAX86CA,林投南段,1923.68,非都市：風景區 ; 非都市編定：農牧用地,1,1,全筆移轉,12780000
RPUNMLNJJHJFFAX66CA,東衛段,1905.76,非都市：一般農業區 ; 非都市編定：農牧用地,241708,190576,持分移轉,07980000
RPQNMLQKKIIFFAX76CA,外垵二段,327.66,非都市：鄉村區 ; 非都市編定：乙種建築用地,4,3,持分移轉,13240000
RPWNMLNJJHJFFAX86CA,安宅段,1334.28,非都市：一般農業區 ; 非都市編定：農牧用地,1,1,全筆移轉,07490000
RPWNMLNJJHJFFAX86CA,安宅段,237.84,非都市：一般農業區 ; 非都市編定：交通用地,2,1,持分移轉,07510001
RPPNMLNLJHJFFAX09DA,文石段,2050.86,非都市：一般農業區 ; 非都市編定：農牧用地,1,1,全筆移轉,11660000
RPUNMLPLKIIFFAX17CA,北澳段,68.19,非都市：鄉村區 ; 非都市編定：乙種建築用地,1,1,全筆移轉,02530000
RPSNMLRKKIIFFAX17DA,東澳段,.66,非都市： ; 非都市編定：,10000,282,持分移轉,04890002
RPSNMLRKKIIFFAX17DA,東澳段,29.08,非都市： ; 非都市編定：,10000,282,持分移轉,05000000
RPPNMLTKKIIFFAX07DA,文澳段,16.64,非都市： ; 非都市編定：,11,1,持分移轉,24560000
RPPNMLTKKIIFFAX07DA,文澳段,38.09,非都市： ; 非都市編定：,11,1,持分移轉,24620000
RPTNMLKMKIIFFAX76DA,東衛段,28.05,非都市：一般農業區 ; 非都市編定：農牧用地,16,1,持分移轉,01630000
RPWNMLKLKIIFFAX07EA,興仁段,116.67,非都市：鄉村區 ; 非都市編定：乙種建築用地,10,2,持分移轉,15740000
RPTOMLNJJHJFFAX66CA,文光段,25.35,非都市： ; 非都市編定：,100000,306,持分移轉,00200000
RPTOMLNJJHJFFAX66CA,文光段,3.28,非都市： ; 非都市編定：,100000,306,持分移轉,00540000
RPVNMLRLKIIFFAX57DA,北寮新段,240.56,非都市：鄉村區 ; 非都市編定：乙種建築用地,1,1,全筆移轉,00050000
RPUNMLKMKIIFFAX86DA,東衛段,28.05,非都市：一般農業區 ; 非都市編定：農牧用地,16,1,持分移轉,01630000
RPRNMLKMKIIFFAX56DA,東衛段,56.10,非都市：一般農業區 ; 非都市編定：農牧用地,8,1,持分移轉,01630000
RPUNMLKLKIIFFAX76DA,興仁段,23.21,非都市：一般農業區 ; 非都市編定：農牧用地,5,1,持分移轉,00800000
RPUNMLKLKIIFFAX76DA,興仁段,48.36,非都市： ; 非都市編定：,5,1,持分移轉,00840000
RPROMLPLKIIFFAX96CA,五德東段,519.78,非都市：一般農業區 ; 非都市編定：農牧用地,6,5,持分移轉,06620000
RPROMLPLKIIFFAX96CA,五德東段,114.82,非都市：一般農業區 ; 非都市編定：交通用地,6,5,持分移轉,06630000
RPROMLPLKIIFFAX96CA,五德東段,33.26,非都市：一般農業區 ; 非都市編定：交通用地,6,5,持分移轉,06640000
RPPNMLTLKIIFFAX07CA,沙港北段,274.51,非都市：一般農業區 ; 非都市編定：農牧用地,1,1,全筆移轉,03950000
RPWNMLPLKIIFFAX37CA,成功南段,493.06,非都市：一般農業區 ; 非都市編定：農牧用地,3,1,持分移轉,00630000
RPVNMLPLKIIFFAX27CA,文光段,28.83,非都市： ; 非都市編定：,100000,661,持分移轉,00570000
RPTNMLNJJHJFFAX56CA,山水北段,1240.02,非都市：一般農業區 ; 非都市編定：農牧用地,1,1,全筆移轉,07360000
RPPOMLPLKIIFFAX76CA,國宅段,443.78,非都市：一般農業區 ; 非都市編定：農牧用地,1,1,全筆移轉,00420000
RPPOMLPLKIIFFAX76CA,國宅段,443.78,非都市：一般農業區 ; 非都市編定：農牧用地,1,1,全筆移轉,00420002
RPRNMLRKKIIFFAX96CA,山水西段,683.79,非都市：一般農業區 ; 非都市編定：農牧用地,1,1,全筆移轉,05290000
RPTNMLRJJHJFFAX96CA,鐵線段,645.31,非都市：一般農業區 ; 非都市編定：農牧用地,1,1,全筆移轉,13590000
RPUNMLRJJHJFFAX07CA,雙湖段,158.22,非都市：鄉村區 ; 非都市編定：乙種建築用地,1,1,全筆移轉,02500000
RPRNMLNLKIIFFAX66CA,望安段,71.00,非都市：鄉村區 ; 非都市編定：乙種建築用地,1,1,全筆移轉,04220002
RPUNMLQJKIIFFAX07CA,東石新段,1064.26,非都市：風景區 ; 非都市編定：農牧用地,1,1,全筆移轉,02260000
RPPNMLRJKIIFFAX66CA,北極段,66.69,非都市： ; 非都市編定：,1,1,全筆移轉,08190000
RPVNMLQJKIIFFAX17CA,東澳段,33.10,非都市： ; 非都市編定：,1,1,全筆移轉,07560002
RPVNMLQJKIIFFAX17CA,東澳段,51.44,非都市： ; 非都市編定：,1,1,全筆移轉,07580000
RPWNMLQJKIIFFAX27CA,東澳段,117.28,非都市： ; 非都市編定：,1,1,全筆移轉,07570000
RPOOMLPLKIIFFAX66CA,中屯段,1043.00,非都市：一般農業區 ; 非都市編定：農牧用地,1,1,全筆移轉,09150000
RPSNMLKMKIIFFAX66DA,東衛段,56.10,非都市：一般農業區 ; 非都市編定：農牧用地,8,1,持分移轉,01630000
RPVNMLKLKIIFFAX96EA,興仁段,23.21,非都市：一般農業區 ; 非都市編定：農牧用地,5,1,持分移轉,00800000
RPVNMLKLKIIFFAX96EA,興仁段,48.36,非都市： ; 非都市編定：,5,1,持分移轉,00840000
RPQNMLRLKIIFFAX96CA,林投北段,64.58,非都市：鄉村區 ; 非都市編定：乙種建築用地,1,1,全筆移轉,03470000
RPRNMLPLKIIFFAX86CA,山水北段,76.49,非都市：鄉村區 ; 非都市編定：乙種建築用地,1,1,全筆移轉,06080000
RPQNMLKLKIIFFAX98DA,鐵線段,19.81,非都市：一般農業區 ; 非都市編定：水利用地,1,1,全筆移轉,06270001
RPTNMLKLKIIFFAX56CA,安宅段,1053.48,非都市：一般農業區 ; 非都市編定：農牧用地,1,1,全筆移轉,10380000
RPPNMLPLKIIFFAX66CA,山水東段,209.14,非都市：一般農業區 ; 非都市編定：農牧用地,1,1,全筆移轉,02340000
RPVNMLNLKIIFFAX07CA,望安段,252.00,非都市：鄉村區 ; 非都市編定：乙種建築用地,1,1,全筆移轉,03970000
RPOOMLLMKIIFFAX98CA,鐵線段,694.75,非都市：一般農業區 ; 非都市編定：農牧用地,1,1,全筆移轉,12070000
RPOOMLLMKIIFFAX98CA,鐵線段,884.32,非都市：一般農業區 ; 非都市編定：農牧用地,1,1,全筆移轉,12100000
RPSOMLNJJHJFFAX56CA,文東段,89.05,非都市：一般農業區 ; 非都市編定：甲種建築用地,1,1,全筆移轉,17880000
RPQNMLPLKIIFFAX76CA,許家段,2953.10,非都市：一般農業區 ; 非都市編定：農牧用地,1,1,全筆移轉,10790000
RPXNMLNLKIIFFAX27CA,馬公段,.79,非都市： ; 非都市編定：,10000,714,持分移轉,02220008
RPXNMLNLKIIFFAX27CA,馬公段,2.43,非都市： ; 非都市編定：,10000,714,持分移轉,02220009
RPXNMLNLKIIFFAX27CA,馬公段,5.50,非都市： ; 非都市編定：,10000,714,持分移轉,02230010
RPXNMLNLKIIFFAX27CA,馬公段,9.57,非都市： ; 非都市編定：,10000,714,持分移轉,02320000
RPRNMLTJJHJFFAX96CA,潭邊新段,367.69,非都市：一般農業區 ; 非都市編定：農牧用地,1,1,全筆移轉,04920000
RPRNMLTJJHJFFAX96CA,潭邊新段,33.45,非都市： ; 非都市編定：,1,1,全筆移轉,04930000
RPSNMLTJJHJFFAX07CA,潭邊新段,155.43,非都市：一般農業區 ; 非都市編定：甲種建築用地,1,1,全筆移轉,04940000
SPUNMLRJJHJFFAX17CA,雙湖段,178.89,非都市：鄉村區 ; 非都市編定：乙種建築用地,1,1,全筆移轉,02500001
RPWNMLNLKIIFFAX27DA,北極段,1608.93,非都市：一般農業區 ; 非都市編定：農牧用地,1,1,全筆移轉,04540000
RPXNMLQLKIIFFAX67DA,東澳段,486.14,非都市： ; 非都市編定：,1,1,全筆移轉,06590000
RPXNMLQLKIIFFAX67DA,東澳段,52.75,非都市： ; 非都市編定：,1,1,全筆移轉,06590001
RPXNMLQLKIIFFAX67DA,東澳段,126.26,非都市： ; 非都市編定：,1,1,全筆移轉,08740001
RPWNMLKMKIIFFAX07DA,?葉新段,330.07,非都市：一般農業區 ; 非都市編定：農牧用地,1,1,全筆移轉,14990000
RPWNMLKMKIIFFAX07DA,?葉新段,30.23,非都市：一般農業區 ; 非都市編定：交通用地,1,1,全筆移轉,15000000
RPRNMLRJJHJFFAX86DA,興崁段,835.22,非都市：一般農業區 ; 非都市編定：農牧用地,1,1,全筆移轉,10790001
RPRNMLRJJHJFFAX86DA,興崁段,835.37,非都市：一般農業區 ; 非都市編定：農牧用地,1,1,全筆移轉,10790002
RPSNMLQLKIIFFAX17DA,烏崁新段,863.13,非都市：一般農業區 ; 非都市編定：農牧用地,1,1,全筆移轉,05260001
RPQNMLNKJHJFFAX98CA,竹篙灣段,438.00,非都市：一般農業區 ; 非都市編定：農牧用地,1,1,全筆移轉,28660007
RPQNMLNKJHJFFAX98CA,通梁南段,57.03,非都市： ; 非都市編定：,1,1,全筆移轉,12570000
RPQNMLKKJHJFFAX68CA,五福段,1213.90,非都市：一般農業區 ; 非都市編定：農牧用地,1,1,全筆移轉,05220000
RPRNMLMLJHJFFAX66EA,埕東段,112.78,非都市： ; 非都市編定：,1,1,全筆移轉,08070000
RPQNMLSJJHJFFAX76CA,埕中段,98.53,非都市： ; 非都市編定：,100000,6290,持分移轉,04010000
RPUNMLRKJHJFFAX17CA,五福段,361.34,非都市：一般農業區 ; 非都市編定：農牧用地,100,51,持分移轉,05470000
RPUNMLRKJHJFFAX17CA,五福段,347.16,非都市：一般農業區 ; 非都市編定：農牧用地,100,49,持分移轉,05470000
RPSNMLNJJHJFFAX09CA,興仁南段,1271.00,非都市：風景區 ; 非都市編定：農牧用地,1,1,全筆移轉,01250000
RPPNMLRLKIIFFAX96DA,光榮段,811.17,非都市： ; 非都市編定：,1,1,全筆移轉,02910000
RPQOMLNJJHJFFAX98CA,下瓦硐段,364.00,非都市：一般農業區 ; 非都市編定：農牧用地,1,1,全筆移轉,11050000
RPQOMLNJJHJFFAX98CA,下瓦硐段,404.10,非都市： ; 非都市編定：,1,1,全筆移轉,11090000
RPUNMLQLKIIFFAX47EA,城前段,466.00,非都市：風景區 ; 非都市編定：農牧用地,1,1,全筆移轉,05880000
RPPNMLLLJHJFFAX98EA,西澳段,66.03,非都市： ; 非都市編定：,1,1,全筆移轉,02720000
RPPNMLLLJHJFFAX98EA,西澳段,110.10,非都市： ; 非都市編定：,1,1,全筆移轉,02730000
RPRNMLRLKIIFFAX17DA,林投南段,227.39,非都市：一般農業區 ; 非都市編定：農牧用地,5,1,持分移轉,08190000
RPVNMLQLKIIFFAX47DA,埕中段,89.28,非都市： ; 非都市編定：,1,1,全筆移轉,05270000
RPRNMLNJJHJFFAX98CA,文光段,27.09,非都市： ; 非都市編定：,100000,327,持分移轉,00200000
RPRNMLNJJHJFFAX98CA,文光段,3.51,非都市： ; 非都市編定：,100000,327,持分移轉,00540000
RPUNMLRLKIIFFAX37CA,埕西段,136.47,非都市： ; 非都市編定：,1,1,全筆移轉,06290000
RPWNMLQLKIIFFAX47CA,光榮段,12.51,非都市： ; 非都市編定：,1,1,全筆移轉,05450000
RPWNMLQLKIIFFAX47CA,光榮段,20.71,非都市： ; 非都市編定：,1,1,全筆移轉,05480000
RPWNMLQLKIIFFAX47CA,光榮段,281.30,非都市： ; 非都市編定：,1,1,全筆移轉,05510000
RPPOMLTLKIIFFAX17CA,埕東段,9.05,非都市： ; 非都市編定：,10000,234,持分移轉,08560000
RPPOMLTLKIIFFAX17CA,埕東段,.15,非都市： ; 非都市編定：,10000,234,持分移轉,08600000
RPPOMLTLKIIFFAX17CA,埕東段,2.76,非都市： ; 非都市編定：,10000,234,持分移轉,08610000
RPPOMLTLKIIFFAX17CA,埕東段,21.73,非都市： ; 非都市編定：,10000,234,持分移轉,08640000
RPSNMLQJJHJFFAX76CA,文光段,73.03,非都市： ; 非都市編定：,1,1,全筆移轉,04390000
RPTNMLRLKIIFFAX27CA,春暉段,73.99,非都市： ; 非都市編定：,1,1,全筆移轉,01620001
RPSNMLRLKIIFFAX27DA,馬公段,35.00,非都市： ; 非都市編定：,1,1,全筆移轉,17710003
RPSNMLRLKIIFFAX27DA,馬公段,21.00,非都市： ; 非都市編定：,1,1,全筆移轉,17720006
RPPNMLRJJHJFFAX56CA,五德西段,446.94,非都市：一般農業區 ; 非都市編定：農牧用地,1,1,全筆移轉,04600000
RPOOMLKMKIIFFAX98DA,興仁段,132.30,非都市：一般農業區 ; 非都市編定：農牧用地,1,1,全筆移轉,09000000
RPPOMLKMKIIFFAX09DA,馬公段,95.00,非都市： ; 非都市編定：,1,1,全筆移轉,20210033
RPPNMLLMKIIFFAX09DA,烏崁新段,761.05,非都市：一般農業區 ; 非都市編定：農牧用地,1,1,全筆移轉,17320000
RPPNMLNJJHJFFAX88DA,文光段,93.73,非都市： ; 非都市編定：,1,1,全筆移轉,06750000
RPWNMLRJJHJFFAX27CA,二崁北段,747.01,非都市：一般農業區 ; 非都市編定：農牧用地,1,1,全筆移轉,00750000
RPWNMLTJJHJFFAX47CA,四維段,175.34,非都市：一般農業區 ; 非都市編定：甲種建築用地,1,1,全筆移轉,05890003
RPWNMLTJJHJFFAX47CA,四維段,63.11,非都市：一般農業區 ; 非都市編定：交通用地,10,1,持分移轉,05890004
RPQNMLNLJHJFFAX09CA,水垵段,194.00,非都市：鄉村區 ; 非都市編定：乙種建築用地,1,1,全筆移轉,20430000
RPQOMLTLKIIFFAX27CA,東衛段,543.56,非都市：一般農業區 ; 非都市編定：農牧用地,1,1,全筆移轉,10180000
RPPNMLKMKIIFFAX09EA,小池角段,1135.00,非都市：一般農業區 ; 非都市編定：農牧用地,1,1,全筆移轉,20810000
RPROMLTLKIIFFAX37CA,赤崁南段,211.77,非都市：一般農業區 ; 非都市編定：甲種建築用地,1,1,全筆移轉,02590002
RPROMLTLKIIFFAX37CA,赤崁南段,60.06,非都市：一般農業區 ; 非都市編定：交通用地,5,1,持分移轉,02590004
RPXNMLLMKIIFFAX17CA,烏崁新段,1679.35,非都市：一般農業區 ; 非都市編定：農牧用地,1,1,全筆移轉,00350000
RPXNMLTJJHJFFAX57CA,雙湖段,1334.13,非都市：一般農業區 ; 非都市編定：農牧用地,1,1,全筆移轉,00870000
RPOOMLTJJHJFFAX76CA,安宅段,822.12,非都市：一般農業區 ; 非都市編定：農牧用地,2,1,持分移轉,01010000
RPOOMLTJJHJFFAX76CA,安宅段,822.12,非都市：一般農業區 ; 非都市編定：農牧用地,2,1,持分移轉,01010000
RPSNMLSJJHJFFAX07DA,成功南段,1030.30,非都市：一般農業區 ; 非都市編定：農牧用地,1,1,全筆移轉,06060000
RPPNMLOLJHJFFAX09CA,安宅段,1053.48,非都市：一般農業區 ; 非都市編定：農牧用地,1,1,全筆移轉,10380000
RPQOMLTJJHJFFAX96CA,成功南段,480.26,非都市：一般農業區 ; 非都市編定：農牧用地,1,1,全筆移轉,03890000
RPROMLTJJHJFFAX07CA,湖西北段,203.84,非都市：一般農業區 ; 非都市編定：農牧用地,4,1,持分移轉,03500000
RPROMLTJJHJFFAX07CA,湖西北段,334.56,非都市：一般農業區 ; 非都市編定：農牧用地,4,1,持分移轉,03530000
RPROMLTJJHJFFAX07CA,湖西北段,249.80,非都市：一般農業區 ; 非都市編定：農牧用地,4,1,持分移轉,03560000
RPROMLTJJHJFFAX07CA,湖西北段,329.78,非都市：一般農業區 ; 非都市編定：農牧用地,4,1,持分移轉,04710000
RPROMLTJJHJFFAX07CA,湖西北段,32.76,非都市：一般農業區 ; 非都市編定：農牧用地,4,1,持分移轉,08940000
RPROMLTJJHJFFAX07CA,湖西北段,95.77,非都市：一般農業區 ; 非都市編定：農牧用地,4,1,持分移轉,09010000
RPROMLTJJHJFFAX07CA,湖西北段,178.18,非都市：一般農業區 ; 非都市編定：農牧用地,4,1,持分移轉,09390000
RPROMLTJJHJFFAX07CA,湖西北段,93.22,非都市：一般農業區 ; 非都市編定：農牧用地,4,1,持分移轉,09400000
RPROMLTJJHJFFAX07CA,青螺新段,129.86,非都市：一般農業區 ; 非都市編定：殯葬用地,4,1,持分移轉,05780000
RPROMLTJJHJFFAX07CA,白坑段,8.78,非都市：一般農業區 ; 非都市編定：農牧用地,4,1,持分移轉,02340000
RPROMLTJJHJFFAX07CA,白坑段,139.92,非都市：一般農業區 ; 非都市編定：農牧用地,4,1,持分移轉,02950000
RPROMLTJJHJFFAX07CA,白坑段,1.90,非都市：一般農業區 ; 非都市編定：交通用地,4,1,持分移轉,03130000
RPROMLTJJHJFFAX07CA,白坑段,1.94,非都市：一般農業區 ; 非都市編定：交通用地,4,1,持分移轉,03170000
RPROMLTJJHJFFAX07CA,白坑段,143.53,非都市：一般農業區 ; 非都市編定：農牧用地,4,1,持分移轉,03900000
RPROMLTJJHJFFAX07CA,白坑段,235.70,非都市：一般農業區 ; 非都市編定：農牧用地,4,1,持分移轉,06410000
RPROMLTJJHJFFAX07CA,白坑段,288.46,非都市：一般農業區 ; 非都市編定：農牧用地,4,1,持分移轉,08090000
RPROMLTJJHJFFAX07CA,白坑段,161.44,非都市：一般農業區 ; 非都市編定：農牧用地,4,1,持分移轉,08140000
RPRNMLQJJHJFFAX66CA,興仁段,67.50,非都市：一般農業區 ; 非都市編定：農牧用地,1,1,全筆移轉,10370000
RPPNMLQJJHJFFAX09CA,埕東段,80.48,非都市： ; 非都市編定：,1,1,全筆移轉,05450000
RPUOMLNJJHJFFAX76CA,埕東段,86.34,非都市： ; 非都市編定：,1,1,全筆移轉,03160000
RPROMLNJJHJFFAX09CA,東衛段,104.34,非都市：鄉村區 ; 非都市編定：乙種建築用地,1,1,全筆移轉,09470000
RPTNMLQJJHJFFAX86CA,東衛段,511.32,非都市：一般農業區 ; 非都市編定：農牧用地,241708,51132,持分移轉,07980000
RPUNMLQJJHJFFAX96CA,興仁段,363.99,非都市：一般農業區 ; 非都市編定：農牧用地,1,1,全筆移轉,08970000
RPPNMLTJJHJFFAX76CA,竹篙灣段,1362.00,非都市：一般農業區 ; 非都市編定：農牧用地,1,1,全筆移轉,21470000
RPRNMLOKJHJFFAX66DA,中衛段,24.34,非都市： ; 非都市編定：,3,1,持分移轉,06280000
RPRNMLOKJHJFFAX66DA,中衛段,17.07,非都市： ; 非都市編定：,15,1,持分移轉,06290000
RPVNMLRKJHJFFAX27CA,沙港北段,41.07,非都市：鄉村區 ; 非都市編定：乙種建築用地,6,1,持分移轉,02670000
RPRNMLSJJHJFFAX96DA,城前段,1503.00,非都市：風景區 ; 非都市編定：農牧用地,1,1,全筆移轉,02590000
RPQNMLOLJHJFFAX56CA,四維段,191.29,非都市：一般農業區 ; 非都市編定：農牧用地,10000,721,持分移轉,02060000
RPQNMLOLJHJFFAX56CA,四維段,188.10,非都市：一般農業區 ; 非都市編定：農牧用地,10000,709,持分移轉,02060000
RPQNMLOLJHJFFAX56CA,四維段,186.78,非都市：一般農業區 ; 非都市編定：農牧用地,10000,704,持分移轉,02060000
RPQNMLOLJHJFFAX56CA,四維段,187.57,非都市：一般農業區 ; 非都市編定：農牧用地,10000,707,持分移轉,02060000
RPQNMLOLJHJFFAX56CA,四維段,185.71,非都市：一般農業區 ; 非都市編定：農牧用地,10000,700,持分移轉,02060000
RPQNMLOLJHJFFAX56CA,四維段,187.84,非都市：一般農業區 ; 非都市編定：農牧用地,10000,708,持分移轉,02060000
RPQNMLOLJHJFFAX56CA,四維段,186.51,非都市：一般農業區 ; 非都市編定：農牧用地,10000,703,持分移轉,02060000
RPQNMLOLJHJFFAX56CA,四維段,186.78,非都市：一般農業區 ; 非都市編定：農牧用地,10000,704,持分移轉,02060000
RPQNMLOLJHJFFAX56CA,四維段,191.02,非都市：一般農業區 ; 非都市編定：農牧用地,10000,720,持分移轉,02060000
RPQNMLOLJHJFFAX56CA,四維段,188.90,非都市：一般農業區 ; 非都市編定：農牧用地,10000,712,持分移轉,02060000
RPQNMLOLJHJFFAX56CA,四維段,186.51,非都市：一般農業區 ; 非都市編定：農牧用地,10000,703,持分移轉,02060000
RPQNMLOLJHJFFAX56CA,四維段,199.78,非都市：一般農業區 ; 非都市編定：農牧用地,10000,753,持分移轉,02060000
RPQNMLOLJHJFFAX56CA,四維段,187.31,非都市：一般農業區 ; 非都市編定：農牧用地,10000,706,持分移轉,02060000
RPQNMLOLJHJFFAX56CA,四維段,198.98,非都市：一般農業區 ; 非都市編定：農牧用地,10000,750,持分移轉,02060000
RPRNMLOLJHJFFAX66CA,文石段,50.31,非都市： ; 非都市編定：,1,1,全筆移轉,01890000
RPQNMLRJJHJFFAX86EA,虎井段,61.00,非都市：鄉村區 ; 非都市編定：乙種建築用地,1,1,全筆移轉,11470000
RPQNMLQJJHJFFAX56CA,山水南段,420.93,非都市：鄉村區 ; 非都市編定：乙種建築用地,1,1,全筆移轉,05530000
RPSNMLRJJHJFFAX86CA,文寮段,2462.52,非都市：一般農業區 ; 非都市編定：農牧用地,1,1,全筆移轉,05720000
RPRNMLPKJHJFFAX66CA,四維段,338.18,非都市： ; 非都市編定：,36,17,持分移轉,11670000
RPWNMLPKJHJFFAX17CA,鎮海段,21.00,非都市：鄉村區 ; 非都市編定：乙種建築用地,6,1,持分移轉,02040000
RPWNMLPKJHJFFAX17CA,鎮海段,30.67,非都市：鄉村區 ; 非都市編定：乙種建築用地,6,1,持分移轉,02070000
RPPNMLKLJHJFFAX78DA,興崁段,2278.30,非都市：一般農業區 ; 非都市編定：農牧用地,1,1,全筆移轉,08770000
RPVNMLSJJHJFFAX37DA,文寮段,2426.02,非都市：一般農業區 ; 非都市編定：農牧用地,1,1,全筆移轉,03620000
RPUNMLTJJHJFFAX37DA,文寮段,154.52,非都市：一般農業區 ; 非都市編定：甲種建築用地,1,1,全筆移轉,07220005
RPUNMLTJJHJFFAX37DA,文寮段,46.87,非都市：一般農業區 ; 非都市編定：交通用地,8,1,持分移轉,07220004
RPSNMLOLJHJFFAX76CA,五福段,203.25,非都市：一般農業區 ; 非都市編定：農牧用地,10000,952,持分移轉,05500000
RPSNMLOLJHJFFAX76CA,五福段,203.25,非都市：一般農業區 ; 非都市編定：農牧用地,10000,952,持分移轉,05500000
RPSNMLOLJHJFFAX76CA,五福段,203.25,非都市：一般農業區 ; 非都市編定：農牧用地,10000,952,持分移轉,05500000
RPSNMLOLJHJFFAX76CA,五福段,207.73,非都市：一般農業區 ; 非都市編定：農牧用地,10000,973,持分移轉,05500000
RPSNMLOLJHJFFAX76CA,五福段,218.84,非都市：一般農業區 ; 非都市編定：農牧用地,10000,1025,持分移轉,05500000
RPSNMLOLJHJFFAX76CA,五福段,218.84,非都市：一般農業區 ; 非都市編定：農牧用地,10000,1025,持分移轉,05500000
RPSNMLOLJHJFFAX76CA,五福段,218.84,非都市：一般農業區 ; 非都市編定：農牧用地,10000,1025,持分移轉,05500000
RPSNMLOLJHJFFAX76CA,五福段,219.05,非都市：一般農業區 ; 非都市編定：農牧用地,10000,1026,持分移轉,05500000
RPSNMLOLJHJFFAX76CA,五福段,218.84,非都市：一般農業區 ; 非都市編定：農牧用地,10000,1025,持分移轉,05500000
RPSNMLOLJHJFFAX76CA,五福段,223.11,非都市：一般農業區 ; 非都市編定：農牧用地,10000,1045,持分移轉,05500000
RPUNMLRLJHJFFAX27CA,馬公段,20.00,非都市： ; 非都市編定：,1,1,全筆移轉,05840167
RPUNMLRLJHJFFAX27CA,馬公段,20.00,非都市： ; 非都市編定：,1,1,全筆移轉,05840168
RPPNMLKKJHJFFAX58CA,埕中段,132.25,非都市： ; 非都市編定：,1,1,全筆移轉,05030000
RPWNMLTLKIIFFAX77CA,許家段,41.88,非都市：一般農業區 ; 非都市編定：農牧用地,24,1,持分移轉,06430000
RPWNMLTLKIIFFAX77CA,許家段,41.88,非都市：一般農業區 ; 非都市編定：農牧用地,24,1,持分移轉,06430000
RPWNMLTLKIIFFAX77CA,許家段,41.88,非都市：一般農業區 ; 非都市編定：農牧用地,24,1,持分移轉,06430000
RPWNMLTLKIIFFAX77CA,許家段,41.88,非都市：一般農業區 ; 非都市編定：農牧用地,24,1,持分移轉,06430000
RPWNMLTLKIIFFAX77CA,許家段,180.62,非都市：一般農業區 ; 非都市編定：農牧用地,16,1,持分移轉,11650000
RPWNMLTLKIIFFAX77CA,許家段,180.62,非都市：一般農業區 ; 非都市編定：農牧用地,16,1,持分移轉,11650000
RPWNMLTLKIIFFAX77CA,許家段,180.62,非都市：一般農業區 ; 非都市編定：農牧用地,16,1,持分移轉,11650000
RPWNMLTLKIIFFAX77CA,許家段,180.62,非都市：一般農業區 ; 非都市編定：農牧用地,16,1,持分移轉,11650000
RPWNMLTLKIIFFAX77CA,許家段,160.16,非都市：一般農業區 ; 非都市編定：農牧用地,24,1,持分移轉,11820000
RPWNMLTLKIIFFAX77CA,許家段,160.16,非都市：一般農業區 ; 非都市編定：農牧用地,24,1,持分移轉,11820000
RPWNMLTLKIIFFAX77CA,許家段,160.16,非都市：一般農業區 ; 非都市編定：農牧用地,24,1,持分移轉,11820000
RPWNMLTLKIIFFAX77CA,許家段,160.16,非都市：一般農業區 ; 非都市編定：農牧用地,24,1,持分移轉,11820000
RPSNMLTLKIIFFAX37CA,東石新段,997.12,非都市：風景區 ; 非都市編定：農牧用地,1,1,全筆移轉,02250000
RPXNMLTLKIIFFAX87CA,六合段,200.03,非都市：一般農業區 ; 非都市編定：農牧用地,10000,1017,持分移轉,04330000
RPXNMLTLKIIFFAX87CA,六合段,200.03,非都市：一般農業區 ; 非都市編定：農牧用地,10000,1017,持分移轉,04330000
RPXNMLTLKIIFFAX87CA,六合段,200.03,非都市：一般農業區 ; 非都市編定：農牧用地,10000,1017,持分移轉,04330000
RPXNMLTLKIIFFAX87CA,六合段,200.03,非都市：一般農業區 ; 非都市編定：農牧用地,10000,1017,持分移轉,04330000
RPXNMLTLKIIFFAX87CA,六合段,200.03,非都市：一般農業區 ; 非都市編定：農牧用地,10000,1017,持分移轉,04330000
RPXNMLTLKIIFFAX87CA,六合段,242.91,非都市：一般農業區 ; 非都市編定：農牧用地,10000,1235,持分移轉,04330000
RPXNMLTLKIIFFAX87CA,六合段,242.71,非都市：一般農業區 ; 非都市編定：農牧用地,10000,1234,持分移轉,04330000
RPQNMLTLKIIFFAX17CA,五福段,38.29,非都市：一般農業區 ; 非都市編定：交通用地,1250,90,持分移轉,02750003
RPQNMLTLKIIFFAX17CA,五福段,151.30,非都市：一般農業區 ; 非都市編定：甲種建築用地,1,1,全筆移轉,02750009
RPVNMLTLKIIFFAX67CA,許家段,167.54,非都市：一般農業區 ; 非都市編定：農牧用地,6,1,持分移轉,06430000
RPVNMLTLKIIFFAX67CA,許家段,722.50,非都市：一般農業區 ; 非都市編定：農牧用地,4,1,持分移轉,11650000
RPVNMLTLKIIFFAX67CA,許家段,640.65,非都市：一般農業區 ; 非都市編定：農牧用地,6,1,持分移轉,11820000
RPUNMLTLKIIFFAX57CA,下瓦硐段,335.10,非都市： ; 非都市編定：,1,1,全筆移轉,11110000
RPOOMLSJJHJFFAX66CA,鐵線段,1840.68,非都市：一般農業區 ; 非都市編定：農牧用地,1,1,全筆移轉,03810000
RPTNMLOKJHJFFAX86DA,光華段,23.33,非都市：一般農業區 ; 非都市編定：交通用地,8,1,持分移轉,09080000
RPTNMLOKJHJFFAX86DA,光華段,98.59,非都市：一般農業區 ; 非都市編定：甲種建築用地,1,1,全筆移轉,09040000
RPQNMLPKJHJFFAX66DA,瓦硐段,272.00,非都市：一般農業區 ; 非都市編定：農牧用地,1,1,全筆移轉,09470000
RPQNMLPKJHJFFAX66DA,瓦硐段,664.00,非都市：一般農業區 ; 非都市編定：農牧用地,1,1,全筆移轉,09480000
RPVNMLOKJHJFFAX96CA,後寮段,660.00,非都市：一般農業區 ; 非都市編定：農牧用地,1,1,全筆移轉,06110000
RPVNMLOKJHJFFAX96CA,後寮段,514.00,非都市：一般農業區 ; 非都市編定：農牧用地,1,1,全筆移轉,09280000
RPVNMLOKJHJFFAX96CA,後寮段,301.00,非都市：一般農業區 ; 非都市編定：農牧用地,1,1,全筆移轉,09710000
RPVNMLOKJHJFFAX96CA,後寮段,485.00,非都市：一般農業區 ; 非都市編定：農牧用地,1,1,全筆移轉,11090000
RPVNMLOKJHJFFAX96CA,後寮段,378.00,非都市：一般農業區 ; 非都市編定：農牧用地,1,1,全筆移轉,16700000
RPVNMLOKJHJFFAX96CA,後寮段,800.00,非都市：一般農業區 ; 非都市編定：農牧用地,1,1,全筆移轉,22130000
RPVNMLOKJHJFFAX96CA,後寮段,446.00,非都市：一般農業區 ; 非都市編定：農牧用地,1,1,全筆移轉,22700000
RPTNMLKKJHJFFAX09DA,五福段,105.61,非都市：一般農業區 ; 非都市編定：甲種建築用地,1,1,全筆移轉,13920000
RPTNMLKKJHJFFAX09DA,五福段,48.80,非都市：一般農業區 ; 非都市編定：交通用地,11,1,持分移轉,13880000
RPSNMLKKJHJFFAX88CA,五福段,189.56,非都市：鄉村區 ; 非都市編定：乙種建築用地,2,1,持分移轉,09160000
RPSNMLKKJHJFFAX88CA,五福段,187.12,非都市：鄉村區 ; 非都市編定：乙種建築用地,2,1,持分移轉,09290000
RPPNMLRLJHJFFAX76CA,紅羅段,679.24,非都市：一般農業區 ; 非都市編定：農牧用地,1,1,全筆移轉,18030000
RPTNMLNKJHJFFAX66CA,五福段,1000.21,非都市：一般農業區 ; 非都市編定：農牧用地,1,1,全筆移轉,01170000
RPRNMLTLKIIFFAX27CA,五福段,568.19,非都市：一般農業區 ; 非都市編定：農牧用地,1000,357,持分移轉,05610000
RPRNMLTLKIIFFAX27CA,五福段,568.19,非都市：一般農業區 ; 非都市編定：農牧用地,1000,357,持分移轉,05610000
RPRNMLTLKIIFFAX27CA,五福段,227.60,非都市：一般農業區 ; 非都市編定：農牧用地,1000,143,持分移轉,05610000
RPRNMLTLKIIFFAX27CA,五福段,227.60,非都市：一般農業區 ; 非都市編定：農牧用地,1000,143,持分移轉,05610000
RPRNMLTLKIIFFAX27CA,五福段,257.36,非都市：一般農業區 ; 非都市編定：農牧用地,1000,357,持分移轉,05620000
RPRNMLTLKIIFFAX27CA,五福段,257.36,非都市：一般農業區 ; 非都市編定：農牧用地,1000,357,持分移轉,05620000
RPRNMLTLKIIFFAX27CA,五福段,103.09,非都市：一般農業區 ; 非都市編定：農牧用地,1000,143,持分移轉,05620000
RPRNMLTLKIIFFAX27CA,五福段,103.09,非都市：一般農業區 ; 非都市編定：農牧用地,1000,143,持分移轉,05620000
RPRNMLTLKIIFFAX27CA,五福段,506.78,非都市：一般農業區 ; 非都市編定：農牧用地,2,1,持分移轉,05720000
RPRNMLTLKIIFFAX27CA,五福段,506.78,非都市：一般農業區 ; 非都市編定：農牧用地,2,1,持分移轉,05720000
RPRNMLTLKIIFFAX27CA,五福段,34.69,非都市：一般農業區 ; 非都市編定：農牧用地,142,62,持分移轉,05720003
RPRNMLTLKIIFFAX27CA,五福段,34.69,非都市：一般農業區 ; 非都市編定：農牧用地,142,62,持分移轉,05720003
RPUNMLOKJHJFFAX86CA,東衛段,1232.15,非都市：一般農業區 ; 非都市編定：農牧用地,1,1,全筆移轉,03390000
RPXNMLOKJHJFFAX17CA,龍門南段,1038.41,非都市：一般農業區 ; 非都市編定：農牧用地,1,1,全筆移轉,09260000
RPOOMLOKJHJFFAX98CA,五福段,298.77,非都市：一般農業區 ; 非都市編定：農牧用地,1,1,全筆移轉,08140001
RPOOMLOKJHJFFAX98CA,五福段,88.97,非都市：一般農業區 ; 非都市編定：交通用地,979830,88966,持分移轉,08140004
RPPNMLPKJHJFFAX09CA,南澳段,266.28,非都市： ; 非都市編定：,1,1,全筆移轉,00030000
RPPNMLPKJHJFFAX09CA,南澳段,8.41,非都市： ; 非都市編定：,1,1,全筆移轉,00040000
RPRNMLNKJHJFFAX09CA,湖東新段,873.00,非都市：一般農業區 ; 非都市編定：農牧用地,1,1,全筆移轉,05900000
RPTNMLTLKIIFFAX47CA,尖山南段,111.54,非都市：一般農業區 ; 非都市編定：農牧用地,4,1,持分移轉,03470000
RPTNMLTLKIIFFAX47CA,尖山南段,569.80,非都市：一般農業區 ; 非都市編定：農牧用地,4,1,持分移轉,10960000
RPRNMLNLJHJFFAX56CA,東澳段,6.30,非都市： ; 非都市編定：,1,1,全筆移轉,11840000
RPRNMLNLJHJFFAX56CA,東澳段,42.60,非都市： ; 非都市編定：,1,1,全筆移轉,11850000
RPRNMLNLJHJFFAX56CA,東澳段,61.87,非都市： ; 非都市編定：,1,1,全筆移轉,11860000
RPOOMLOLJHJFFAX66EA,烏崁新段,615.44,非都市：一般農業區 ; 非都市編定：農牧用地,1,1,全筆移轉,00860000
RPTNMLNLJHJFFAX86DA,城北段,1513.05,非都市：一般農業區 ; 非都市編定：農牧用地,1,1,全筆移轉,10510000
RPVNMLNLJHJFFAX96CA,合界頭段,141.70,非都市：鄉村區 ; 非都市編定：乙種建築用地,120,78,持分移轉,03650000
RPVNMLNLJHJFFAX96CA,合界頭段,261.95,非都市：鄉村區 ; 非都市編定：乙種建築用地,120,78,持分移轉,03650001
RPPNMLQKJHJFFAX56CA,沙港北段,395.72,非都市：一般農業區 ; 非都市編定：農牧用地,1,1,全筆移轉,01940000
RPPNMLQKJHJFFAX56CA,沙港北段,394.57,非都市：一般農業區 ; 非都市編定：農牧用地,1,1,全筆移轉,01950000
RPUNMLMLJHJFFAX76CA,埕東段,90.34,非都市： ; 非都市編定：,1,1,全筆移轉,03570000
RPSNMLNKJHJFFAX56CA,中西段,179.09,非都市：一般農業區 ; 非都市編定：農牧用地,1,1,全筆移轉,00600000
RPWNMLOKJHJFFAX07CA,沙港北段,462.17,非都市：一般農業區 ; 非都市編定：農牧用地,1,1,全筆移轉,05230000
RPWNMLOKJHJFFAX07CA,沙港北段,60.80,非都市：一般農業區 ; 非都市編定：交通用地,1,1,全筆移轉,05260000
RPRNMLSLJHJFFAX07CA,五福段,38.16,非都市：一般農業區 ; 非都市編定：交通用地,8,1,持分移轉,01430010
RPRNMLSLJHJFFAX07CA,五福段,181.72,非都市：一般農業區 ; 非都市編定：甲種建築用地,1,1,全筆移轉,01430014
RPRNMLSLJHJFFAX07CA,五福段,19.19,非都市：一般農業區 ; 非都市編定：交通用地,16,1,持分移轉,01620004
RPTNMLSLJHJFFAX27CA,馬公段,133.00,非都市： ; 非都市編定：,1,1,全筆移轉,18360004
RPWNMLSLJHJFFAX57CA,五福段,569.06,非都市：一般農業區 ; 非都市編定：農牧用地,1,1,全筆移轉,01570000
RPSNMLSLJHJFFAX17CA,國宅段,58.53,非都市： ; 非都市編定：,2,1,持分移轉,02910000
RPVNMLSLJHJFFAX47CA,林投北段,2348.54,非都市：一般農業區 ; 非都市編定：農牧用地,1,1,全筆移轉,08970000
RPPNMLSLJHJFFAX86CA,埕中段,.56,非都市： ; 非都市編定：,2604,111,持分移轉,04280000
RPPNMLSLJHJFFAX86CA,埕中段,28.18,非都市： ; 非都市編定：,2604,111,持分移轉,04300000
RPXNMLPKJHJFFAX37DA,鳥嶼段,40.00,非都市：一般農業區 ; 非都市編定：農牧用地,1,1,全筆移轉,02170003
RPUNMLSLJHJFFAX37CA,馬公段,100.00,非都市： ; 非都市編定：,1,1,全筆移轉,18360005
RPQNMLSLJHJFFAX96CA,城北段,1484.49,非都市：一般農業區 ; 非都市編定：農牧用地,1,1,全筆移轉,03120000
RPUNMLPKJHJFFAX07DA,南澳段,244.75,非都市： ; 非都市編定：,1,1,全筆移轉,01040000
RPXNMLSLJHJFFAX67CA,沙港南段,131.26,非都市：一般農業區 ; 非都市編定：農牧用地,16,1,持分移轉,03520000
RPXNMLSLJHJFFAX67CA,沙港南段,30.64,非都市：一般農業區 ; 非都市編定：甲種建築用地,16,1,持分移轉,03530000
RPXNMLSLJHJFFAX67CA,中西段,210.18,非都市：森林區 ; 非都市編定：殯葬用地,4,1,持分移轉,00120000
RPXNMLSLJHJFFAX67CA,中西段,206.00,非都市：一般農業區 ; 非都市編定：農牧用地,4,1,持分移轉,08240000
RPOOMLPKJHJFFAX09CA,五福段,212.13,非都市：一般農業區 ; 非都市編定：農牧用地,18,2,持分移轉,00710000
RPOOMLPKJHJFFAX09CA,五福段,180.57,非都市：一般農業區 ; 非都市編定：農牧用地,18,2,持分移轉,05330000
RPOOMLSLJHJFFAX86CA,南澳段,422.62,非都市： ; 非都市編定：,1,1,全筆移轉,00270000
RPSNMLOKJHJFFAX76DA,馬公段,36.25,非都市： ; 非都市編定：,10000,36,持分移轉,02010000
RPVNMLLLJHJFFAX76CA,興崁段,229.03,非都市：一般農業區 ; 非都市編定：農牧用地,2278,229,持分移轉,08770000
RPPNMLRKJHJFFAX66CA,湖東新段,394.63,非都市：一般農業區 ; 非都市編定：農牧用地,1,1,全筆移轉,07290000
RPPNMLRKJHJFFAX66CA,湖東新段,4.86,非都市：一般農業區 ; 非都市編定：交通用地,1,1,全筆移轉,07320000
RPPNMLRKJHJFFAX66CA,湖東新段,995.19,非都市：一般農業區 ; 非都市編定：農牧用地,1,1,全筆移轉,07330000
RPSNMLMLJHJFFAX56CA,許家段,2953.10,非都市：一般農業區 ; 非都市編定：農牧用地,1,1,全筆移轉,10790000
RPQNMLKLJHJFFAX98EA,青螺新段,125.84,非都市：鄉村區 ; 非都市編定：乙種建築用地,2,1,持分移轉,11060000
RPVNMLMLJHJFFAX96DA,南澳段,603.23,非都市： ; 非都市編定：,1,1,全筆移轉,00020000
RPQNMLLLJHJFFAX98DA,四維段,297.02,非都市： ; 非都市編定：,1,1,全筆移轉,04100000
RPQNMLMKKHJFFAX56EA,西澳段,5.79,非都市： ; 非都市編定：,1,1,全筆移轉,05890001
RPQNMLMKKHJFFAX56EA,西澳段,88.82,非都市： ; 非都市編定：,1,1,全筆移轉,05940001
RPRNMLKLJHJFFAX09EA,青螺新段,269.96,非都市：一般農業區 ; 非都市編定：農牧用地,2,1,持分移轉,11080000
RPTNMLMLJHJFFAX66CA,林投南段,1923.68,非都市：風景區 ; 非都市編定：農牧用地,1,1,全筆移轉,12780000
RPSNMLKLJHJFFAX98CA,七美一段,1201.97,非都市：風景區 ; 非都市編定：農牧用地,1,1,全筆移轉,04910000
RPSNMLKLJHJFFAX98CA,七美二段,315.00,非都市：一般農業區 ; 非都市編定：農牧用地,1,1,全筆移轉,00790000
RPSNMLKLJHJFFAX98CA,七美二段,402.99,非都市：一般農業區 ; 非都市編定：農牧用地,1,1,全筆移轉,00950000
RPSNMLKLJHJFFAX98CA,七美二段,820.00,非都市：一般農業區 ; 非都市編定：農牧用地,1,1,全筆移轉,02040000
RPUNMLKLJHJFFAX76EA,大倉段,22.00,非都市：鄉村區 ; 非都市編定：乙種建築用地,1,1,全筆移轉,00870001
RPUNMLKLJHJFFAX76EA,大倉段,111.00,非都市：鄉村區 ; 非都市編定：乙種建築用地,1,1,全筆移轉,00870002
RPTNMLRLJHJFFAX27DA,五福段,25.46,非都市：一般農業區 ; 非都市編定：交通用地,5,1,持分移轉,09050004
RPTNMLRLJHJFFAX27DA,五福段,301.79,非都市：一般農業區 ; 非都市編定：甲種建築用地,1,1,全筆移轉,09050005
RPQOMLSLJHJFFAX07CA,西澳段,107.67,非都市： ; 非都市編定：,1,1,全筆移轉,01740000
RPVNMLKLJHJFFAX76DA,光榮段,1520.71,非都市： ; 非都市編定：,1,1,全筆移轉,03610000
RPTNMLKLJHJFFAX09CA,七美二段,475.00,非都市：一般農業區 ; 非都市編定：甲種建築用地,1,1,全筆移轉,01010000
RPPOMLSLJHJFFAX96CA,許家段,335.07,非都市：一般農業區 ; 非都市編定：農牧用地,24,8,持分移轉,06430000
RPPOMLSLJHJFFAX96CA,許家段,481.67,非都市：一般農業區 ; 非都市編定：農牧用地,48,8,持分移轉,11650000
RPPOMLSLJHJFFAX96CA,許家段,1281.29,非都市：一般農業區 ; 非都市編定：農牧用地,24,8,持分移轉,11820000
RPUNMLOLJHJFFAX07DA,安宅段,586.45,非都市：鄉村區 ; 非都市編定：乙種建築用地,1,1,全筆移轉,12350000
RPUNMLOLJHJFFAX07DA,安宅段,328.06,非都市：鄉村區 ; 非都市編定：乙種建築用地,1,1,全筆移轉,12360001
RPUNMLOLJHJFFAX07DA,安宅段,10.69,非都市：一般農業區 ; 非都市編定：交通用地,3,1,持分移轉,12370000
RPTNMLLLJHJFFAX66DA,東澳段,.09,非都市： ; 非都市編定：,4,1,持分移轉,03860000
RPTNMLLLJHJFFAX66DA,東澳段,330.90,非都市： ; 非都市編定：,1,1,全筆移轉,03830000
RPRNMLLLJHJFFAX98CA,鼎灣新段,1512.24,非都市：一般農業區 ; 非都市編定：農牧用地,2,1,持分移轉,10500000
RPPNMLMLJHJFFAX98DA,尖山北段,638.00,非都市：一般農業區 ; 非都市編定：農牧用地,2,1,持分移轉,01250000
RPUNMLLLJHJFFAX76DA,馬公段,28.00,非都市： ; 非都市編定：,1,1,全筆移轉,15890000
RPUNMLLLJHJFFAX76DA,馬公段,4.00,非都市： ; 非都市編定：,1,1,全筆移轉,15900000
RPVNMLLLJHJFFAX96EA,林投南段,196.13,非都市：一般農業區 ; 非都市編定：甲種建築用地,1,1,全筆移轉,09700000
RPUNMLOKKHJFFAX17EA,東澳段,22.75,非都市： ; 非都市編定：,1,1,全筆移轉,02360000
RPQNMLMLJHJFFAX56EA,文寮段,9.38,非都市：鄉村區 ; 非都市編定：乙種建築用地,1,1,全筆移轉,08530002
RPWNMLMLJHJFFAX07DA,文化段,26.93,非都市： ; 非都市編定：,1,1,全筆移轉,04790000
RPWNMLLLJHJFFAX96DA,興崁段,2560.28,非都市：一般農業區 ; 非都市編定：農牧用地,1,1,全筆移轉,04230000
RPSNMLKKKHJFFAX98CA,四維段,119.73,非都市： ; 非都市編定：,12,1,持分移轉,05700000
RPSNMLKKKHJFFAX98CA,四維段,85.46,非都市： ; 非都市編定：,12,1,持分移轉,05770000
RPSNMLKKKHJFFAX98CA,四維段,32.56,非都市： ; 非都市編定：,12,1,持分移轉,05780000
RPUNMLTLJHJFFAX57DA,光榮段,165.61,非都市： ; 非都市編定：,1,1,全筆移轉,02440000
RPQNMLTLJHJFFAX17DA,光榮段,.11,非都市： ; 非都市編定：,10000,96,持分移轉,04610000
RPQNMLTLJHJFFAX17DA,光榮段,3.84,非都市： ; 非都市編定：,10000,96,持分移轉,04720000
RPQNMLTLJHJFFAX17DA,光榮段,.20,非都市： ; 非都市編定：,10000,96,持分移轉,04730000
RPQNMLTLJHJFFAX17DA,光榮段,.90,非都市： ; 非都市編定：,10000,96,持分移轉,04740000
RPQNMLTLJHJFFAX17DA,光榮段,.82,非都市： ; 非都市編定：,10000,96,持分移轉,04750000
RPQNMLTLJHJFFAX17DA,光榮段,4.41,非都市： ; 非都市編定：,10000,96,持分移轉,04760000
RPQNMLTLJHJFFAX17DA,光榮段,.45,非都市： ; 非都市編定：,10000,96,持分移轉,04870001
RPQNMLTLJHJFFAX17DA,光榮段,1.43,非都市： ; 非都市編定：,10000,96,持分移轉,04880000
RPQNMLTLJHJFFAX17DA,光榮段,.33,非都市： ; 非都市編定：,10000,96,持分移轉,04890000
RPQNMLTLJHJFFAX17DA,光榮段,.04,非都市： ; 非都市編定：,10000,96,持分移轉,04920001
RPOPMLSLJHJFFAX07DA,五福段,147.93,非都市：一般農業區 ; 非都市編定：農牧用地,180,19,持分移轉,03300000
RPXOMLSLJHJFFAX87DA,下瓦硐段,708.42,非都市：一般農業區 ; 非都市編定：農牧用地,1,1,全筆移轉,11550000
RPXOMLOLJHJFFAX47DA,吉貝西段,150.85,非都市：一般農業區 ; 非都市編定：農牧用地,2,1,持分移轉,03720000
RPOPMLOLJHJFFAX66DA,吉貝西段,189.10,非都市：一般農業區 ; 非都市編定：農牧用地,2,1,持分移轉,03600000
RPOPMLOLJHJFFAX66DA,吉貝西段,323.20,非都市：一般農業區 ; 非都市編定：農牧用地,2,1,持分移轉,11360000
RPUOMLSLJHJFFAX47CA,烏崁新段,1820.31,非都市：一般農業區 ; 非都市編定：農牧用地,1,1,全筆移轉,16190000
RPROMLSLJHJFFAX17CA,春暉段,66.60,非都市： ; 非都市編定：,1,1,全筆移轉,00430000
RPSOMLSLJHJFFAX27CA,馬公段,52.75,非都市： ; 非都市編定：,4,1,持分移轉,20330000
RPSOMLSLJHJFFAX27CA,馬公段,52.75,非都市： ; 非都市編定：,4,1,持分移轉,20330000
RPSOMLSLJHJFFAX27CA,馬公段,52.75,非都市： ; 非都市編定：,4,1,持分移轉,20330000
RPSOMLSLJHJFFAX27CA,馬公段,52.75,非都市： ; 非都市編定：,4,1,持分移轉,20330000
RPTOMLSLJHJFFAX37CA,馬公段,42.00,非都市： ; 非都市編定：,1,1,全筆移轉,05840063
RPSNMLNLJHJFFAX76DA,?葉新段,330.07,非都市：一般農業區 ; 非都市編定：農牧用地,1,1,全筆移轉,14990000
RPSNMLNLJHJFFAX76DA,?葉新段,30.23,非都市：一般農業區 ; 非都市編定：交通用地,1,1,全筆移轉,15000000
RPVOMLOLJHJFFAX17CA,通梁中段,378.78,非都市： ; 非都市編定：,4,2,持分移轉,07600000
RPPOMLOLJHJFFAX76EA,城前段,205.50,非都市：一般農業區 ; 非都市編定：農牧用地,2,1,持分移轉,04060000
RPPOMLOLJHJFFAX76EA,城前段,205.50,非都市：一般農業區 ; 非都市編定：農牧用地,2,1,持分移轉,04060000
RPPOMLOLJHJFFAX76EA,城前段,5.50,非都市：一般農業區 ; 非都市編定：交通用地,2,1,持分移轉,04060001
RPPOMLOLJHJFFAX76EA,城前段,5.50,非都市：一般農業區 ; 非都市編定：交通用地,2,1,持分移轉,04060001
RPPOMLOLJHJFFAX76EA,城前段,152.00,非都市：一般農業區 ; 非都市編定：農牧用地,2,1,持分移轉,04350000
RPPOMLOLJHJFFAX76EA,城前段,152.00,非都市：一般農業區 ; 非都市編定：農牧用地,2,1,持分移轉,04350000
RPPOMLOLJHJFFAX76EA,城前段,22.50,非都市：一般農業區 ; 非都市編定：交通用地,2,1,持分移轉,04350001
RPPOMLOLJHJFFAX76EA,城前段,22.50,非都市：一般農業區 ; 非都市編定：交通用地,2,1,持分移轉,04350001
RPVNMLRLJHJFFAX47DA,吉貝東段,1368.01,非都市：一般農業區 ; 非都市編定：農牧用地,1,1,全筆移轉,06220000
RPQNMLOLJHJFFAX76EA,合界頭段,577.00,非都市：一般農業區 ; 非都市編定：農牧用地,2,1,持分移轉,04360000
RPVOMLSLJHJFFAX57CA,四維段,293.50,非都市：一般農業區 ; 非都市編定：農牧用地,1,1,全筆移轉,11240000
RPPNMLPJKHJFFAX56DA,春暉段,43.71,非都市： ; 非都市編定：,1,1,全筆移轉,02680000
RPPNMLTLJHJFFAX07DA,文東段,173.91,非都市：一般農業區 ; 非都市編定：農牧用地,12,2,持分移轉,15290000
RPPNMLTLJHJFFAX07DA,雙湖段,20.86,非都市：一般農業區 ; 非都市編定：農牧用地,12,2,持分移轉,08150000
RPPNMLTLJHJFFAX07DA,雙湖段,138.62,非都市：一般農業區 ; 非都市編定：農牧用地,12,2,持分移轉,08220000
RPPNMLTLJHJFFAX07DA,雙湖段,48.13,非都市：一般農業區 ; 非都市編定：農牧用地,12,2,持分移轉,08250000
RPXNMLRLJHJFFAX67DA,文化段,39.11,非都市： ; 非都市編定：,1,1,全筆移轉,04250000
RPSOMLOLJHJFFAX86CA,赤崁南段,30.93,非都市：一般農業區 ; 非都市編定：農牧用地,6,1,持分移轉,00260000
RPXNMLRLJHJFFAX67DA,文化段,28.65,非都市： ; 非都市編定：,11,1,持分移轉,04160000
RPPPMLSLJHJFFAX17DA,埕中段,37.73,非都市： ; 非都市編定：,1,1,全筆移轉,03760000
RPQNMLRLJHJFFAX86CA,鐵線段,835.34,非都市：一般農業區 ; 非都市編定：農牧用地,1,1,全筆移轉,03490000
RPWNMLRLJHJFFAX47CA,四維段,242.06,非都市：一般農業區 ; 非都市編定：農牧用地,1384,242,持分移轉,06280000
RPWOMLSLJHJFFAX67CA,許家段,335.07,非都市：一般農業區 ; 非都市編定：農牧用地,3,1,持分移轉,06430000
RPWOMLSLJHJFFAX67CA,許家段,1445.00,非都市：一般農業區 ; 非都市編定：農牧用地,2,1,持分移轉,11650000
RPWOMLSLJHJFFAX67CA,許家段,1281.29,非都市：一般農業區 ; 非都市編定：農牧用地,3,1,持分移轉,11820000
RPUNMLPJKHJFFAX96CA,北澳段,53.25,非都市：一般農業區 ; 非都市編定：交通用地,9,1,持分移轉,05950002
RPUNMLPJKHJFFAX96CA,北澳段,145.65,非都市：一般農業區 ; 非都市編定：甲種建築用地,1,1,全筆移轉,05950009
RPTNMLPJKHJFFAX86CA,風櫃東段,1032.22,非都市：一般農業區 ; 非都市編定：農牧用地,1,1,全筆移轉,02750000
RPQNMLLKKHJFFAX88CA,埕東段,169.52,非都市： ; 非都市編定：,1,1,全筆移轉,01930000
RPPNMLSKKHJFFAX86CA,文光段,102.55,非都市： ; 非都市編定：,1,1,全筆移轉,09470000
RPQOMLRKKHJFFAX96CA,文石段,121.26,非都市：一般農業區 ; 非都市編定：甲種建築用地,1,1,全筆移轉,00170002
RPSOMLRKKHJFFAX17CA,五福段,239.41,非都市：一般農業區 ; 非都市編定：農牧用地,1,1,全筆移轉,00590000
RPQNMLSKKHJFFAX96CA,水垵段,266.50,非都市：鄉村區 ; 非都市編定：乙種建築用地,12,6,持分移轉,19070000
RPRNMLRKKHJFFAX96CA,六合段,70.41,非都市： ; 非都市編定：,12,1,持分移轉,06320000
RPPNMLRKKHJFFAX76CA,海堤段,781.33,非都市：一般農業區 ; 非都市編定：農牧用地,1,1,全筆移轉,00580000
SPPNMLSKKHJFFAX96CA,文光段,127.12,非都市： ; 非都市編定：,1,1,全筆移轉,09480000
RPRNMLTLJHJFFAX27DA,機場段,389.12,非都市：一般農業區 ; 非都市編定：農牧用地,1,1,全筆移轉,09610000
RPRNMLTLJHJFFAX27DA,機場段,375.93,非都市：一般農業區 ; 非都市編定：甲種建築用地,1,1,全筆移轉,09620000
RPRNMLTLJHJFFAX27DA,機場段,506.99,非都市：一般農業區 ; 非都市編定：農牧用地,1,1,全筆移轉,09630000
RPXNMLRKKHJFFAX57CA,二崁南段,1381.81,非都市： ; 非都市編定：,3,1,持分移轉,01010000
RPXNMLRKKHJFFAX57CA,二崁南段,18.43,非都市： ; 非都市編定：,3,1,持分移轉,01010001
RPQNMLPJKHJFFAX66DA,春暉段,2.94,非都市： ; 非都市編定：,1,1,全筆移轉,02690000
RPRNMLTKKHJFFAX37EA,山水東段,432.13,非都市：一般農業區 ; 非都市編定：農牧用地,1,1,全筆移轉,03050000
RPPNMLLLKHJFFAX09EA,東澳段,50.31,非都市： ; 非都市編定：,1,1,全筆移轉,02440000
RPPNMLLLKHJFFAX09EA,東澳段,47.96,非都市： ; 非都市編定：,1,1,全筆移轉,02450000
RPRNMLPJKHJFFAX76DA,紅羅段,1320.10,非都市：一般農業區 ; 非都市編定：農牧用地,1,1,全筆移轉,23440000
RPRNMLPJKHJFFAX76DA,湖西南段,458.27,非都市：一般農業區 ; 非都市編定：農牧用地,1,1,全筆移轉,00620001
RPTNMLTLJHJFFAX57EA,大倉段,22.00,非都市：鄉村區 ; 非都市編定：乙種建築用地,1,1,全筆移轉,00870001
RPTNMLTLJHJFFAX57EA,大倉段,111.00,非都市：鄉村區 ; 非都市編定：乙種建築用地,1,1,全筆移轉,00870002
RPSNMLPJKHJFFAX76CA,城北段,836.61,非都市：一般農業區 ; 非都市編定：農牧用地,2,1,持分移轉,05660000
RPUNMLKKKHJFFAX76EA,文東段,57.34,非都市：鄉村區 ; 非都市編定：乙種建築用地,1,1,全筆移轉,15660000
RPQNMLRKKHJFFAX86CA,海堤段,1234.52,非都市：一般農業區 ; 非都市編定：農牧用地,1,1,全筆移轉,00670000
RPPNMLLKKHJFFAX88DA,興崁段,1944.04,非都市：一般農業區 ; 非都市編定：農牧用地,1,1,全筆移轉,08820000
RPSNMLRJKHJFFAX07DA,東衛段,14.03,非都市：一般農業區 ; 非都市編定：農牧用地,32,1,持分移轉,01630000
RPOOMLRKKHJFFAX86DA,文石段,86.27,非都市：一般農業區 ; 非都市編定：交通用地,4,1,持分移轉,00830000
RPOOMLRKKHJFFAX86DA,文石段,211.14,非都市：一般農業區 ; 非都市編定：甲種建築用地,1,1,全筆移轉,00920000
RPRNMLRJKHJFFAX96DA,東衛段,14.03,非都市：一般農業區 ; 非都市編定：農牧用地,32,1,持分移轉,01630000
