﻿編號,車位類別,車位價格,車位面積平方公尺,車位所在樓層
Serial number,berth category,berth price,berth area square meter,
RPPNMLQJJIIFFAX09CA,坡道平面,0,,
RPPNMLKMJIIFFAX78CA,坡道平面,0,,
RPTNMLTJKIIFFAX27CA,坡道平面,0,,
RPTNMLKKKIIFFAX56DA,升降機械,0,,
RPTOMLNJJHJFFAX66CA,坡道平面,0,,
RPVNMLPLKIIFFAX27CA,坡道平面,0,,
SPUNMLRJJHJFFAX17CA,一樓平面,0,,
RPRNMLNJJHJFFAX98CA,坡道平面,0,,
RPTNMLRLJHJFFAX27DA,一樓平面,0,,
RPQNMLTLJHJFFAX17DA,坡道平面,0,,
RPOOMLRKKHJFFAX86DA,一樓平面,0,,
