﻿編號,土地位置,土地移轉面積(平方公尺),使用分區或編定,權利人持分分母,權利人持分分子,移轉情形,地號
The serial number, land position,land shifting area square meter,the use zoning or compiles and checks,,,,land parcel
RPVNMLLKRHGGFBJ78CC,永興段,.00,都市：商,,,,04950000
RPTNMLLKRHGGFBJ58CC,台元段,.00,都市：工,,,,06650000
RPQNMLLKRHGGFDJ48CC,長嶺段,.00,非都市：特定農業區 ; 非都市編定：甲種建築用地,,,,16250000
RPRNMLLKRHGGFCJ48CC,台泥段,16.60,都市：商,,,,00140000
RPXPMLPKRHGGFBJ96CC,站後段,.00,都市：商,,,,00320000
RPXPMLPKRHGGFBJ96CC,站後段,.00,都市：商,,,,00330000
RPXPMLPKRHGGFBJ96CC,站後段,.00,都市：商,,,,00370000
RPORMLOKRHGGFBJ88DC,莊敬段,.00,都市：其他:住宅區,,,,06990000
RPORMLOKRHGGFBJ88DC,莊敬段,.00,都市：其他:住宅區,,,,07000000
RPVQMLOKRHGGFBJ76CC,隘興段,.00,非都市： ; 非都市編定：,,,,04410000
RPROMLMLRHGGFBJ68CC,水瀧段,.00,都市：商,,,,01180000
RPUOMLSLRHGGFCJ07CC,東寧段,.00,都市：住,,,,17250000
RPUNMLMLRHGGFCJ98CC,頭重埔段,.00,都市：工,,,,03170007
RPSPMLNLRHGGFDJ56CC,光華段,.00,都市：住,,,,06990000
RPVPMLKMRHGGFDJ76DC,南湖段,46.88,都市：住,,,,03760009
RPVPMLKMRHGGFDJ76DC,南湖段,10.82,都市：住,,,,03760010
RPVPMLKMRHGGFDJ76DC,南湖段,13.28,都市：住,,,,04120000
RPVPMLKMRHGGFDJ76DC,南湖段,6.00,都市：住,,,,04130000
RPVPMLKMRHGGFDJ76DC,南湖段,254.15,都市：住,,,,04140000
RPTPMLNLRHGGFDJ66CC,建興段鳳凰小段,.00,非都市：工業區 ; 非都市編定：丁種建築用地,,,,01390002
RPVNMLSLRHGGFCJ17DC,旭光段,82.25,都市：住,,,,04790000
RPWPMLKMRHGGFDJ76CC,新庄子段,.00,非都市：特定農業區 ; 非都市編定：甲種建築用地,,,,08220000
RPUOMLLJIIGGFDJ18DC,南湖段,46.88,都市：住,,,,03760009
RPUOMLLJIIGGFDJ18DC,南湖段,46.88,都市：住,,,,03760010
RPUOMLLJIIGGFDJ18DC,南湖段,13.28,都市：住,,,,04120000
RPUOMLLJIIGGFDJ18DC,南湖段,6.00,都市：住,,,,04130000
RPUOMLLJIIGGFDJ18DC,南湖段,254.15,都市：住,,,,04140000
RPROMLPJIIGGFBJ97CC,大學段,.00,都市：商,,,,02190000
RPTNMLPJIIGGFDJ28CC,崁頭段,.00,非都市：特定農業區 ; 非都市編定：甲種建築用地,,,,17270000
RPQNMLPJIIGGFBJ77CC,台科段,.00,都市：住,,,,00240000
RPXOMLPJIIGGFBJ58CC,莊敬段,.00,都市：商,,,,06570000
RPSQMLQJIIGGFBJ38CC,公園段,.00,都市：商,,,,04700000
RPOOMLPKRHGGFBJ58CC,台元段,.00,都市：工,,,,06650000
RPVQMLQJIIGGFBJ68CC,台元段,.00,都市：工,,,,06190000
RPPRMLQJIIGGFBJ18CC,台元段,.00,都市：工,,,,06190000
RPSNMLQJIIGGFDJ28CC,中興段新興小段,1952.00,非都市：工業區 ; 非都市編定：丁種建築用地,,,,02290000
RPWQMLQJIIGGFBJ78CC,台元段,.00,都市：工,,,,06190000
RPQRMLQJIIGGFBJ28CC,台元段,.00,都市：工,,,,06350000
RPWNMLLKRHGGFBJ88CC,台元段,.00,都市：工,,,,06350000
RPXOMLRJIIGGFDJ98CC,中興段復興小段,.00,非都市：工業區 ; 非都市編定：丁種建築用地,,,,01430061
RPRNMLTLRHGGFDJ86CC,和興段,.00,非都市：鄉村區 ; 非都市編定：乙種建築用地,,,,23650066
RPPPMLRJIIGGFDJ28CC,湖新段,.00,非都市：特定農業區 ; 非都市編定：甲種建築用地,,,,12770024
RPVNMLRJIIGGFBJ48CC,家興段,.00,都市：住,,,,04590000
RPOOMLRJIIGGFBJ87CC,莊敬段,.00,都市：住,,,,04970000
RPXNMLRJIIGGFBJ68CC,自強段,.00,都市：住,,,,00800000
RPOOMLSJIIGGFBJ97CC,水瀧段,.00,都市：商,,,,01180000
RPSOMLSJIIGGFBJ38CC,隘興段,.00,都市：住,,,,07190000
RPWNMLSJIIGGFDJ88CC,振興段,.00,都市：住,,,,09200000
RPOPMLSJIIGGFBJ08CC,大學段,.00,都市：商,,,,02210000
RPTPMLSJIIGGFCJ68CC,重光段,.00,都市：住,,,,03000000
RPPOMLSJIIGGFDJ28CC,文昌段,.00,都市：住,,,,06020000
RPROMLSJIIGGFDJ48CC,中興段中興小段,.00,非都市：工業區 ; 非都市編定：丁種建築用地,,,,01350008
RPSNMLMKIIGGFDJ97CC,永安段,.00,非都市：鄉村區 ; 非都市編定：乙種建築用地,,,,04170000
RPVOMLSJIIGGFDJ88CC,中興段中興小段,.00,非都市：工業區 ; 非都市編定：丁種建築用地,,,,01080001
RPQNMLMKIIGGFBJ57CC,水瀧段,.00,都市：商,,,,15130000
RPPOMLMKIIGGFBJ57CC,新國段,.00,都市：住,,,,00920000
RPPOMLMKIIGGFBJ57CC,新國段,.00,都市：住,,,,00990000
RPPOMLMKIIGGFBJ57CC,新國段,.00,都市：住,,,,01040000
RPPPMLMKIIGGFBJ67CC,新庄子段,.00,非都市：特定農業區 ; 非都市編定：甲種建築用地,,,,10770000
RPPOMLNKIIGGFBJ67CC,台元段,.00,都市：工,,,,06110000
RPTOMLPJIIGGFBJ28DC,永興段,.00,都市：住,,,,05300000
RPROMLNKIIGGFBJ87CC,台元段,.00,都市：工,,,,06650000
RPSOMLNKIIGGFBJ97CC,台元段,.00,都市：工,,,,06650000
RPUPMLNKIIGGFBJ28CC,中山段,.00,都市：住,,,,05100000
RPRPMLOKIIGGFBJ08CC,縣華段,.00,都市：商,,,,00660000
RPROMLOKIIGGFDJ18CC,光華段,.00,都市：住,,,,06990000
RPTNMLOKIIGGFDJ28CC,南湖段,46.88,都市：住,,,,03760000
RPTNMLOKIIGGFDJ28CC,南湖段,46.88,都市：住,,,,03760001
RPTNMLOKIIGGFDJ28CC,南湖段,46.88,都市：住,,,,04120000
RPTNMLOKIIGGFDJ28CC,南湖段,6.00,都市：住,,,,04130000
RPTNMLOKIIGGFDJ28CC,南湖段,254.15,都市：住,,,,04140000
RPPPMLSKIIGGFBJ28CC,莊敬段,.00,都市：商,,,,02690000
RPSPMLTKIIGGFBJ68CC,永興段,.00,都市：住,,,,05680000
RPQOMLOKIIGGFDJ08CC,南湖段,46.88,都市：住,,,,03760009
RPQOMLOKIIGGFDJ08CC,南湖段,10.82,都市：住,,,,03760010
RPQOMLOKIIGGFDJ08CC,南湖段,13.28,都市：住,,,,04120000
RPQOMLOKIIGGFDJ08CC,南湖段,6.00,都市：住,,,,04130000
RPQOMLOKIIGGFDJ08CC,南湖段,254.15,都市：住,,,,04140000
RPVNMLOKIIGGFCJ38CC,上德段,140.52,都市：農,,,,02820000
RPWPMLSJIIGGFBJ88CC,竹義段,.00,都市：住,,,,01180000
RPQPMLTKIIGGFBJ48CC,翰林段,.00,都市：住,,,,08590000
RPSOMLKLIIGGFBJ77CC,台元段,.00,都市：工,,,,06190000
RPUOMLTKIIGGFCJ88CC,明湖段,.00,都市：住,,,,02950000
RPTOMLKLIIGGFBJ87CC,台元段,.00,都市：工,,,,06350000
RPOPMLKLIIGGFDJ67CC,光華段,.00,都市：住,,,,08280000
RPSPMLKLIIGGFBJ87CC,新國段,.00,都市：住,,,,08660000
RPTNMLMKIIGGFDJ08CC,中興段中興小段,.00,非都市：工業區 ; 非都市編定：丁種建築用地,,,,04590000
RPTPMLLLIIGGFBJ08CC,台科段,.00,都市：住,,,,00550000
RPPOMLLLIIGGFBJ57CC,家興段,.00,都市：住,,,,07240000
RPSNMLMLIIGGFBJ87CC,台元段,.00,都市：工,,,,06190000
RPVNMLQLIIGGFDJ78CC,綠園段,.00,非都市：鄉村區 ; 非都市編定：乙種建築用地,,,,08640000
RPVOMLPLIIGGFBJ58CC,世興段,.00,都市：商,,,,00360000
RPUPMLRLIIGGFBJ78CC,自強段,.00,都市：住,,,,02100000
RPWPMLQLIIGGFBJ88CC,世興段,.00,都市：商,,,,00380000
RPTNMLSLIIGGFBJ58CC,東興段,.00,都市：住,,,,01640000
RPTNMLSLIIGGFBJ58CC,東興段,.00,都市：住,,,,01650000
RPOOMLRLIIGGFBJ18DC,大學段,.00,非都市： ; 非都市編定：,,,,00640000
RPVNMLSLIIGGFBJ78CC,水瀧段,.00,都市：住,,,,01010000
RPSOMLLJJIGGFBJ77CC,大學段,19.44,都市：住,,,,00470000
RPXOMLTLIIGGFBJ56CC,東華段,.00,都市：住,,,,04200000
RPTNMLLJJIGGFCJ87CC,資源段,31.26,都市：住,,,,10770016
RPOPMLTLIIGGFBJ38CC,社北段,.00,都市：住,,,,09470000
RPUNMLLJJIGGFCJ97CC,資源段,14.00,都市：住,,,,02020004
RPUNMLLJJIGGFCJ97CC,資源段,49.00,都市：住,,,,02030004
RPTNMLMJJIGGFDJ08CC,泰豐段,.00,都市：住,,,,06910000
RPROMLTKIIGGFDJ68CC,中義段,.00,都市：商,,,,03060000
RPQOMLMJJIGGFBJ67CC,台元段,.00,都市：工,,,,06190000
RPUNMLMJJIGGFBJ08DC,家興段,16.12,都市：商,,,,04360000
RPSNMLMJJIGGFDJ97CC,新庄子段,.00,非都市：特定農業區 ; 非都市編定：甲種建築用地,,,,14140007
RPPOMLMJJIGGFBJ57CC,台元段,.00,都市：工,,,,06350000
RPTPMLOJJIGGFBJ28CC,台科段,.00,都市：住,,,,01330000
RPPOMLNJJIGGFBJ67CC,隘興段,.00,都市：住,,,,05430000
RPXNMLPJJIGGFBJ58CC,莊敬段,.00,都市：商,,,,06590000
RPUNMLTJJIGGFBJ68CC,隘興段,.00,都市：住,,,,03810000
RPROMLTJJIGGFBJ48CC,世興段,.00,都市：商,,,,00430000
RPTNMLTJJIGGFBJ58CC,永興段,.00,都市：商,,,,04950000
RPXOMLTJJIGGFBJ09CC,家興段,.00,都市：住,,,,04080001
RPRNMLKKJIGGFDJ77CC,泰豐段,.00,都市：住,,,,06910000
RPRPMLLLIIGGFBJ87CC,縣華段,.00,都市：商,,,,00830000
RPOPMLKKJIGGFDJ67CC,泰豐段,.00,都市：住,,,,05760000
RPXNMLMKJIGGFDJ58CC,振興段,.00,都市：住,,,,09140000
RPQOMLMKJIGGFBJ77CC,台元段,.00,都市：工,,,,06190000
RPWOMLMKJIGGFCJ48CC,上德段,.00,都市：住,,,,01090000
RPQPMLRLIIGGFBJ38CC,台元段,.00,都市：工,,,,06110000
RPXNMLMKJIGGFBJ38CC,台元段,.00,都市：工,,,,06110000
RPTOMLMKJIGGFBJ08CC,台元段,.00,都市：工,,,,06190000
RPUOMLMKJIGGFBJ18CC,台元段,.00,都市：工,,,,06650000
RPWPMLSLIIGGFBJ09CC,水瀧段,.00,都市：商,,,,01180000
RPSOMLMKJIGGFBJ97CC,台元段,.00,都市：工,,,,06190000
RPVOMLMKJIGGFBJ28CC,台元段,.00,都市：工,,,,06350000
RPXOMLMKJIGGFBJ48CC,永興段,.00,都市：商,,,,05060000
RPXOMLPKJIGGFBJ78CC,莊敬段,.00,都市：住,,,,07130000
RPTNMLPKJIGGFBJ28CC,大學段,.00,都市：商,,,,02140000
RPRRMLMKJIGGFBJ18CC,中興段,.00,都市：商,,,,05060000
RPVOMLRKJIGGFBJ78CC,嘉興段,89.41,都市：住,,,,00360000
RPVOMLRKJIGGFBJ78CC,嘉興段,9.31,都市：住,,,,00370000
RPWOMLRKJIGGFBJ88CC,台元段,.00,都市：工,,,,06110000
RPQPMLRKJIGGFBJ38CC,台元段,.00,都市：工,,,,06110000
RPXOMLRKJIGGFBJ98CC,永興段,.00,都市：住,,,,05440000
RPUPMLRKJIGGFBJ78CC,縣福段,.00,都市：住,,,,05720008
RPSPMLRKJIGGFBJ58CC,台科段,29.79,都市：住,,,,02520000
RPTPMLSKJIGGFBJ78CC,站前段,.00,都市：商,,,,01880000
RPOQMLRKJIGGFBJ28CC,站前段,.00,都市：商,,,,01900000
RPXNMLTKJIGGFDJ66CC,中興段中興小段,.00,非都市：工業區 ; 非都市編定：丁種建築用地,,,,01080001
RPUQMLSKJIGGFBJ98CC,永興段,.00,都市：住,,,,06040000
RPXNMLSKJIGGFDJ56CC,長威段,.00,非都市：鄉村區 ; 非都市編定：乙種建築用地,,,,04290000
RPXOMLTKJIGGFBJ56CC,隘興段,.00,都市：住,,,,06260000
RPURMLSJJIGGFDJ56CC,番湖段,.00,非都市：特定農業區 ; 非都市編定：丁種建築用地,,,,03130000
RPURMLSJJIGGFDJ56CC,番湖段,.00,非都市：特定農業區 ; 非都市編定：丁種建築用地,,,,03140000
