﻿鄉鎮市區,交易標的,土地位置建物門牌,土地面積平方公尺,都市土地使用分區,非都市土地使用分區,非都市土地使用編定,租賃年月日,租賃筆棟數,租賃層次,總樓層數,建物型態,主要用途,主要建材,建築完成年月,建物總面積平方公尺,建物現況格局-房,建物現況格局-廳,建物現況格局-衛,建物現況格局-隔間,有無管理組織,有無附傢俱,總額元,單價元平方公尺,車位類別,車位面積平方公尺,車位總額元,備註,編號
The villages and towns urban district,transaction sign,land sector position building sector house number plate,land shifting total area square meter,the use zoning or compiles and checks,the non-metropolis land use district,non-metropolis land use,transaction year month and day,transaction pen number,shifting level,total floor number,building state,main use,main building materials,construction to complete the years,building shifting total area,Building present situation pattern - room,building present situation pattern - hall,building present situation pattern - health,building present situation pattern - compartmented,Whether there is manages the organization,Whether there is attaches the furniture,total price NTD,the unit price (NTD / square meter),the berth category,berth shifting total area square meter,the berth total price NTD,the note,serial number
頭份市,土地,顯會段320地號,512.27,住,,,1100915,土地1建物0車位0,,,其他,,,,0.0,0,0,0,有,無,無,24500,48,,0.0,0,,RPSNMLPKRHGGFFK76CC
頭份市,土地,顯會段320-3地號,544.47,住,,,1100915,土地1建物0車位0,,,其他,,,,0.0,0,0,0,有,無,無,24500,45,,0.0,0,,RPUNMLPKRHGGFFK96CC
頭份市,房地(土地+建物),苗栗縣頭份市上庄路２號,531.0,工,,,1100901,土地1建物1車位0,全,1,透天厝,工業用,加強磚造,0670804,210.93,0,0,1,有,無,無,28000,133,,0.0,0,,RPWOMLPKRHGGFFK27CC
竹南鎮,房地(土地+建物),苗栗縣竹南鎮自由街１８４號四樓之二,345.0,住,,,1100910,土地1建物1車位0,四層,7,華廈(10層含以下有電梯),住家用,鋼筋混凝土造,0830714,67.83,2,2,1,有,無,有,13000,192,,0.0,0,,RPWNMLPKRHGGFDK96CC
竹南鎮,房地(土地+建物),苗栗縣竹南鎮環市路一段１３８巷２弄１號３樓,10.73,住,,,1100820,土地1建物1車位0,三層,16,住宅大樓(11層含以上有電梯),住家用,鋼筋混凝土造,0841125,85.6,3,2,2,有,無,有,11000,129,,0.0,0,,RPWNMLRKRHGGFDK17CC
苗栗市,房地(土地+建物)+車位,苗栗縣苗栗市中華東街４１０號７樓,19.74,住,,,1100922,土地1建物1車位1,七層,9,華廈(10層含以下有電梯),國民住宅,鋼筋混凝土造,0881123,104.44,4,2,2,有,有,有,15000,144,坡道平面,0.0,0,,RPRNMLOLRHGGFBK88CC
公館鄉,土地,新岡段170地號,885.83,工,,,1100909,土地2建物0車位0,,,其他,,,,0.0,0,0,0,有,無,無,32000,36,,0.0,0,,RPQNMLSLRHGGFBK56CC
頭份市,房地(土地+建物),苗栗縣頭份市東興路１８２之９號三樓,32.16,住,,,1100925,土地1建物1車位0,三層,7,華廈(10層含以下有電梯),住家用,鋼筋混凝土造,0821230,144.56,3,2,2,有,有,有,11600,80,,0.0,0,,RPVNMLTLRHGGFFK57CC
頭份市,建物,苗栗縣頭份市文化里１２鄰文化街３２巷１５弄１５之１號４樓,0.0,住,,,1100917,土地0建物1車位0,四層,6,華廈(10層含以下有電梯),住家用,鋼筋混凝土造,0830712,72.39,2,2,1,有,有,有,11900,164,,0.0,0,,RPTNMLOJIIGGFFK48CC
頭份市,房地(土地+建物),苗栗縣頭份市東民五街５號號,170.47,商,,,1101013,土地3建物1車位0,見其他登記事項,3,店面(店鋪),一般零售業、一般事務所、運動休閒設施,ＲＣ造,1000323,245.03,3,2,3,有,無,有,40000,163,,0.0,0,,RPPOMLNKIIGGFFK18CC
頭份市,土地,中央段923地號,203.78,商,,,1101001,土地1建物0車位0,,,其他,,,,0.0,0,0,0,有,無,有,20000,98,,0.0,0,建物沒保存登記,RPROMLOKIIGGFFK48CC
頭份市,房地(土地+建物),苗栗縣頭份市翠亨路１４３巷１６弄１６-１號４~５樓,112.0,住,,,1100915,土地1建物1車位0,見其他登記事項,5,公寓(5樓含以下無電梯),集合住宅、住宅、停車空間,ＲＣ造,0960330,94.01,3,2,2,有,有,有,16000,170,,0.0,0,,RPSOMLOKIIGGFFK58CC
竹南鎮,房地(土地+建物),苗栗縣竹南鎮龍山路二段２６２巷２９弄３號,98.79,住,,,1100918,土地2建物1車位0,全,3,透天厝,住家用,鋼筋混凝土造,1040525,188.62,3,2,2,有,無,有,20000,106,,0.0,0,,RPRNMLSKIIGGFDK58CC
頭份市,房地(土地+建物),苗栗縣頭份市建國路２段１０１號,192.01,住,,,1101018,土地1建物1車位0,全,1,透天厝,飲食店,ＲＣ造,1000722,108.55,0,0,0,無,無,無,55000,507,,0.0,0,,RPOOMLRLIIGGFFK58CC
頭份市,建物,苗栗縣頭份市東庄里６鄰富強三街５６號八樓,0.0,其他,,,1101024,土地0建物1車位0,八層,15,住宅大樓(11層含以上有電梯),集合住宅,鋼筋混凝土造,1100622,128.55,3,2,2,有,有,有,16000,124,,0.0,0,,RPUOMLRLIIGGFFK56CC
頭份市,建物,苗栗縣頭份市文化里１５鄰八德二路２７２巷１５號九樓,0.0,其他,,,1101024,土地0建物1車位0,九層,9,華廈(10層含以下有電梯),集合住宅,鋼筋混凝土造,1020807,138.5,3,2,2,有,有,有,13500,97,,0.0,0,,RPVOMLRLIIGGFFK66CC
頭份市,建物,苗栗縣頭份市自強路２８１巷１０號４樓,0.0,住,,,1101015,土地0建物1車位0,四層,4,公寓(5樓含以下無電梯),住家用,鋼筋混凝土造,0710223,99.73,3,2,1,有,無,有,6500,65,,0.0,0,,RPXOMLRLIIGGFFK86CC
頭份市,房地(土地+建物),苗栗縣頭份市上庄路８７號,12.0,住,,,1101019,土地1建物1車位0,一層,6,華廈(10層含以下有電梯),商業用,鋼筋混凝土造,1060724,101.97999999999999,2,1,1,有,無,有,27000,265,,0.0,0,,RPUOMLSLIIGGFFK66CC
