﻿鄉鎮市區,交易標的,土地位置建物門牌,土地面積平方公尺,都市土地使用分區,非都市土地使用分區,非都市土地使用編定,租賃年月日,租賃筆棟數,租賃層次,總樓層數,建物型態,主要用途,主要建材,建築完成年月,建物總面積平方公尺,建物現況格局-房,建物現況格局-廳,建物現況格局-衛,建物現況格局-隔間,有無管理組織,有無附傢俱,總額元,單價元平方公尺,車位類別,車位面積平方公尺,車位總額元,備註,編號
The villages and towns urban district,transaction sign,land sector position building sector house number plate,land shifting total area square meter,the use zoning or compiles and checks,the non-metropolis land use district,non-metropolis land use,transaction year month and day,transaction pen number,shifting level,total floor number,building state,main use,main building materials,construction to complete the years,building shifting total area,Building present situation pattern - room,building present situation pattern - hall,building present situation pattern - health,building present situation pattern - compartmented,Whether there is manages the organization,Whether there is attaches the furniture,total price NTD,the unit price (NTD / square meter),the berth category,berth shifting total area square meter,the berth total price NTD,the note,serial number
屏東市,建物,屏東縣屏東市泰安里日光巷４之２號,0.0,住,,,1100909,土地0建物1車位0,全,1,透天厝,住家用,鋼筋混凝土加強磚造,,76.13,2,2,1,有,無,有,12000,158,,0.0,0,,RPQNMLLKRHGGFAT56CC
屏東市,建物,屏東縣屏東市大武里武威街１３之４號,0.0,住,,,1100913,土地0建物1車位0,五層,5,公寓(5樓含以下無電梯),國民住宅,鋼筋混凝土造,0720330,78.02,3,2,2,有,無,有,10000,128,,0.0,0,110年度屏東縣政府包租代管計畫,RPTNMLOKRHGGFAT17CC
屏東市,建物,屏東縣屏東市潭墘里機場北路５２８號４樓,0.0,住,,,1100914,土地0建物1車位0,四層,14,住宅大樓(11層含以上有電梯),集合住宅,鋼筋混凝土造,0881204,155.51,3,2,2,有,有,有,13000,84,,0.0,0,110年度屏東縣政府包租代管計畫,RPWOMLPKRHGGFAT67CC
屏東市,建物,屏東縣屏東市潭墘里機場北路６９８號９樓,0.0,住,,,1100914,土地0建物1車位0,九層,14,住宅大樓(11層含以上有電梯),集合住宅,鋼筋混凝土造,0881204,158.89,3,2,2,有,有,有,14000,88,,0.0,0,,RPSNMLQKRHGGFAT27CC
屏東市,建物,屏東縣屏東市光榮里成功路１３５號２樓之５,0.0,住,,,1100916,土地0建物1車位0,二層,5,華廈(10層含以下有電梯),集合住宅,鋼筋混凝土造,1090804,73.99000000000001,2,2,2,有,有,有,13500,182,,0.0,0,,RPOOMLQKRHGGFAT96CC
屏東市,建物,屏東縣屏東市厚生里公勇路９５之３號１０樓之１,0.0,住,,,1100916,土地0建物1車位0,十層,13,住宅大樓(11層含以上有電梯),住家用,鋼筋混凝土造,0840628,116.8,3,2,2,有,有,有,10500,90,,0.0,0,,RPPOMLQKRHGGFAT07CC
潮州鎮,建物,屏東縣潮州鎮三共里四維路１２１號,0.0,住,,,1100915,土地0建物1車位0,全,2,透天厝,住商用,加強磚造,0550217,88.8,2,2,2,有,無,有,12000,135,,0.0,0,,RPRNMLQKRHGGFCT37CC
內埔鄉,建物,屏東縣內埔鄉福泰路３-７號１樓,0.0,,鄉村區,乙種建築用地,1100901,土地0建物0車位0,一層,7,華廈(10層含以下有電梯),集合住宅,鋼筋混凝土構造,1031217,29.52,1,0,1,有,有,有,5000,169,,0.0,0,,RPSNMLMLRHGGFCT17CC
內埔鄉,建物,屏東縣內埔鄉福泰路３之６號１樓,0.0,,鄉村區,乙種建築用地,1100901,土地0建物0車位0,一層,7,華廈(10層含以下有電梯),集合住宅,鋼筋混凝土構造,1031217,29.52,1,0,1,有,有,有,5000,169,,0.0,0,,RPUNMLMLRHGGFCT37CC
內埔鄉,建物,屏東縣內埔鄉福泰路３-９號１樓,0.0,,鄉村區,乙種建築用地,1100901,土地0建物0車位0,一層,7,華廈(10層含以下有電梯),集合住宅,鋼筋混凝土構造,1031217,33.24,1,0,1,有,有,有,5000,150,,0.0,0,,RPVNMLMLRHGGFCT47CC
內埔鄉,建物,屏東縣內埔鄉福泰路３之７號１樓,0.0,,鄉村區,乙種建築用地,1100901,土地0建物0車位0,一層,7,華廈(10層含以下有電梯),集合住宅,鋼筋混凝土構造,1031217,29.52,1,0,1,有,無,有,5000,169,,0.0,0,,RPWNMLMLRHGGFCT57CC
內埔鄉,建物,屏東縣內埔鄉福泰路３之１１號１樓,0.0,,鄉村區,乙種建築用地,1100901,土地0建物0車位0,一層,7,華廈(10層含以下有電梯),集合住宅,鋼筋混凝土構造,1031217,33.2,1,0,1,有,有,有,5000,151,,0.0,0,,RPPNMLNLRHGGFCT96CC
內埔鄉,建物,屏東縣內埔鄉福泰路３-１３號２樓,0.0,,鄉村區,乙種建築用地,1100901,土地0建物0車位0,二層,7,華廈(10層含以下有電梯),集合住宅,鋼筋混凝土構造,1031217,33.19,1,0,1,有,有,有,5000,151,,0.0,0,,RPQNMLNLRHGGFCT07CC
內埔鄉,建物,屏東縣內埔鄉福泰路３之１號２樓,0.0,,鄉村區,乙種建築用地,1100901,土地0建物0車位0,二層,7,華廈(10層含以下有電梯),集合住宅,鋼筋混凝土構造,1031217,33.27,1,0,1,有,有,有,5000,150,,0.0,0,,RPRNMLNLRHGGFCT17CC
內埔鄉,建物,屏東縣內埔鄉福泰路３-２號２樓,0.0,,鄉村區,乙種建築用地,1100923,土地0建物0車位0,二層,7,華廈(10層含以下有電梯),住家用,鋼筋混凝土造,0780303,33.27,1,0,1,有,有,有,5000,150,,0.0,0,,RPSNMLNLRHGGFCT27CC
內埔鄉,建物,屏東縣內埔鄉福泰路３之５號２樓,0.0,,鄉村區,乙種建築用地,1100901,土地0建物0車位0,二層,7,華廈(10層含以下有電梯),集合住宅,鋼筋混凝土構造,1031217,34.19,1,0,1,有,有,有,5000,146,,0.0,0,,RPUNMLNLRHGGFCT47CC
內埔鄉,建物,屏東縣內埔鄉福泰路３之５號２樓,0.0,,鄉村區,乙種建築用地,1100901,土地0建物0車位0,二層,7,華廈(10層含以下有電梯),集合住宅,鋼筋混凝土構造,1031217,34.19,1,0,1,有,有,有,5000,146,,0.0,0,,RPVNMLNLRHGGFCT57CC
內埔鄉,建物,屏東縣內埔鄉福泰路３-３號２樓,0.0,,鄉村區,乙種建築用地,1100901,土地0建物0車位0,二層,7,華廈(10層含以下有電梯),集合住宅,鋼筋混凝土構造,1031217,33.5,1,0,1,有,有,有,5000,149,,0.0,0,,RPWNMLNLRHGGFCT67CC
內埔鄉,建物,屏東縣內埔鄉福泰路３-１１號２樓,0.0,,鄉村區,乙種建築用地,1100901,土地0建物0車位0,二層,7,華廈(10層含以下有電梯),集合住宅,鋼筋混凝土構造,1031217,33.2,1,0,1,有,有,有,5000,151,,0.0,0,,RPXNMLNLRHGGFCT77CC
內埔鄉,建物,屏東縣內埔鄉福泰路３之７號２樓,0.0,,鄉村區,乙種建築用地,1100901,土地0建物0車位0,二層,7,華廈(10層含以下有電梯),集合住宅,鋼筋混凝土構造,1031217,29.52,1,0,1,有,無,有,5000,169,,0.0,0,,RPOOMLNLRHGGFCT96CC
內埔鄉,建物,屏東縣內埔鄉福泰路３之９號２樓,0.0,,鄉村區,乙種建築用地,1100907,土地0建物0車位0,二層,7,華廈(10層含以下有電梯),集合住宅,鋼筋混凝土構造,1031217,33.24,1,0,1,有,有,有,5000,150,,0.0,0,,RPPOMLNLRHGGFCT07CC
內埔鄉,建物,屏東縣內埔鄉福泰路３之１０號２樓,0.0,,鄉村區,乙種建築用地,1100901,土地0建物0車位0,二層,7,華廈(10層含以下有電梯),集合住宅,鋼筋混凝土構造,1031217,33.5,1,0,1,有,有,有,5000,149,,0.0,0,,RPROMLNLRHGGFCT27CC
內埔鄉,建物,屏東縣內埔鄉福泰路３-１１號２樓,0.0,,鄉村區,乙種建築用地,1100901,土地0建物0車位0,二層,7,華廈(10層含以下有電梯),集合住宅,鋼筋混凝土構造,1031217,33.2,1,0,1,有,有,有,5000,151,,0.0,0,,RPSOMLNLRHGGFCT37CC
內埔鄉,建物,屏東縣內埔鄉福泰路３之１０號２樓,0.0,,鄉村區,乙種建築用地,1100901,土地0建物0車位0,二層,7,華廈(10層含以下有電梯),集合住宅,鋼筋混凝土構造,1031217,33.5,1,0,1,有,有,有,5000,149,,0.0,0,,RPUOMLNLRHGGFCT57CC
內埔鄉,建物,屏東縣內埔鄉福泰路３之１２號２樓,0.0,,鄉村區,乙種建築用地,1100901,土地0建物0車位0,二層,7,華廈(10層含以下有電梯),集合住宅,鋼筋混凝土構造,1031217,33.8,1,0,1,有,有,有,5000,148,,0.0,0,,RPVOMLNLRHGGFCT67CC
內埔鄉,建物,屏東縣內埔鄉福泰路３之１２號２樓,0.0,,鄉村區,乙種建築用地,1100901,土地0建物0車位0,二層,7,華廈(10層含以下有電梯),集合住宅,鋼筋混凝土構造,1031217,33.8,1,0,1,有,有,有,5000,148,,0.0,0,,RPWOMLNLRHGGFCT77CC
內埔鄉,建物,屏東縣內埔鄉福泰路３之１２號２樓,0.0,,鄉村區,乙種建築用地,1100901,土地0建物0車位0,二層,7,華廈(10層含以下有電梯),集合住宅,鋼筋混凝土構造,1031217,33.8,1,0,1,有,有,有,5000,148,,0.0,0,,RPXOMLNLRHGGFCT87CC
內埔鄉,建物,屏東縣內埔鄉福泰路３之８號３樓,0.0,,鄉村區,乙種建築用地,1100901,土地0建物0車位0,三層,7,華廈(10層含以下有電梯),集合住宅,鋼筋混凝土構造,1031217,33.4,1,0,1,有,有,有,5000,150,,0.0,0,,RPOPMLNLRHGGFCT07CC
內埔鄉,建物,屏東縣內埔鄉福泰路３之７號３樓,0.0,,鄉村區,乙種建築用地,1100901,土地0建物0車位0,三層,7,華廈(10層含以下有電梯),集合住宅,鋼筋混凝土構造,1031217,29.52,1,0,1,有,有,有,5000,169,,0.0,0,,RPPPMLNLRHGGFCT17CC
內埔鄉,建物,屏東縣內埔鄉福泰路３之９號３樓,0.0,,鄉村區,乙種建築用地,1100901,土地0建物0車位0,三層,7,華廈(10層含以下有電梯),集合住宅,鋼筋混凝土構造,1031217,33.24,1,0,1,有,有,有,5000,150,,0.0,0,,RPQPMLNLRHGGFCT27CC
內埔鄉,建物,屏東縣內埔鄉福泰路３之２號３樓,0.0,,鄉村區,乙種建築用地,1100901,土地0建物0車位0,三層,7,華廈(10層含以下有電梯),集合住宅,鋼筋混凝土構造,1031217,33.27,1,0,1,有,有,有,5000,150,,0.0,0,,RPRPMLNLRHGGFCT37CC
內埔鄉,建物,屏東縣內埔鄉福泰路３之６號３樓,0.0,,鄉村區,乙種建築用地,1100901,土地0建物0車位0,三層,7,華廈(10層含以下有電梯),集合住宅,鋼筋混凝土構造,1031217,29.52,1,0,1,有,有,有,5000,169,,0.0,0,,RPSPMLNLRHGGFCT47CC
內埔鄉,建物,屏東縣內埔鄉福泰路３號４樓,0.0,,鄉村區,乙種建築用地,1100901,土地0建物0車位0,四層,7,華廈(10層含以下有電梯),集合住宅,鋼筋混凝土構造,1031217,38.64,1,0,1,有,有,有,5000,129,,0.0,0,,RPTPMLNLRHGGFCT57CC
內埔鄉,建物,屏東縣內埔鄉福泰路３之１３號４樓,0.0,,鄉村區,乙種建築用地,1100901,土地0建物0車位0,四層,7,華廈(10層含以下有電梯),集合住宅,鋼筋混凝土構造,1031217,33.19,1,0,1,有,有,有,5000,151,,0.0,0,,RPUPMLNLRHGGFCT67CC
內埔鄉,建物,屏東縣內埔鄉福泰路３之３號４樓,0.0,,鄉村區,乙種建築用地,1100901,土地0建物0車位0,四層,7,華廈(10層含以下有電梯),集合住宅,鋼筋混凝土構造,1031217,33.5,1,0,1,有,有,有,5000,149,,0.0,0,,RPVPMLNLRHGGFCT77CC
內埔鄉,建物,屏東縣內埔鄉福泰路３之３號４樓,0.0,,鄉村區,乙種建築用地,1100901,土地0建物0車位0,四層,7,華廈(10層含以下有電梯),集合住宅,鋼筋混凝土構造,1031217,33.5,1,0,1,有,有,有,5000,149,,0.0,0,,RPWPMLNLRHGGFCT87CC
內埔鄉,建物,屏東縣內埔鄉福泰路３之９號４樓,0.0,,鄉村區,乙種建築用地,1100901,土地0建物0車位0,四層,7,華廈(10層含以下有電梯),集合住宅,鋼筋混凝土構造,1031217,33.24,1,0,1,有,有,有,5000,150,,0.0,0,,RPXPMLNLRHGGFCT97CC
內埔鄉,建物,屏東縣內埔鄉福泰路３之９號４樓,0.0,,鄉村區,乙種建築用地,1100901,土地0建物0車位0,四層,7,華廈(10層含以下有電梯),集合住宅,鋼筋混凝土構造,1031217,33.24,1,0,1,有,有,有,5000,150,,0.0,0,,RPOQMLNLRHGGFCT17CC
內埔鄉,建物,屏東縣內埔鄉福泰路３之１０號４樓,0.0,,鄉村區,乙種建築用地,1100901,土地0建物0車位0,四層,7,華廈(10層含以下有電梯),集合住宅,鋼筋混凝土構造,1031217,33.5,1,0,1,有,有,有,5000,149,,0.0,0,,RPPQMLNLRHGGFCT27CC
內埔鄉,建物,屏東縣內埔鄉福泰路３之９號４樓,0.0,,鄉村區,乙種建築用地,1100901,土地0建物0車位0,四層,7,華廈(10層含以下有電梯),集合住宅,鋼筋混凝土構造,1031217,33.24,1,0,1,有,無,有,5000,150,,0.0,0,,RPQQMLNLRHGGFCT37CC
內埔鄉,建物,屏東縣內埔鄉福泰路３之１０號４樓,0.0,,鄉村區,乙種建築用地,1100901,土地0建物0車位0,四層,7,華廈(10層含以下有電梯),集合住宅,鋼筋混凝土構造,1031217,33.5,1,0,1,有,有,有,5000,149,,0.0,0,,RPSQMLNLRHGGFCT57CC
內埔鄉,建物,屏東縣內埔鄉福泰路３之１１號６樓,0.0,,鄉村區,乙種建築用地,1100901,土地0建物0車位0,六層,7,華廈(10層含以下有電梯),集合住宅,鋼筋混凝土構造,1031217,33.2,1,0,1,有,有,有,5000,151,,0.0,0,,RPTQMLNLRHGGFCT67CC
內埔鄉,建物,屏東縣內埔鄉福泰路３之１２號６樓,0.0,,鄉村區,乙種建築用地,1100901,土地0建物0車位0,六層,7,華廈(10層含以下有電梯),集合住宅,鋼筋混凝土構造,1031217,33.8,1,0,1,有,無,有,5000,148,,0.0,0,,RPUQMLNLRHGGFCT77CC
內埔鄉,建物,屏東縣內埔鄉福泰路３號６樓,0.0,,鄉村區,乙種建築用地,1100901,土地0建物0車位0,六層,7,華廈(10層含以下有電梯),集合住宅,鋼筋混凝土構造,1031217,38.64,1,0,1,有,有,有,5000,129,,0.0,0,,RPVQMLNLRHGGFCT87CC
內埔鄉,建物,屏東縣內埔鄉福泰路３號７樓,0.0,,鄉村區,乙種建築用地,1100901,土地0建物0車位0,七層,7,華廈(10層含以下有電梯),集合住宅,鋼筋混凝土構造,1031217,38.64,1,0,1,有,有,有,5000,129,,0.0,0,,RPXQMLNLRHGGFCT08CC
內埔鄉,建物,屏東縣內埔鄉福泰路３之１號７樓,0.0,,鄉村區,乙種建築用地,1100901,土地0建物0車位0,七層,7,華廈(10層含以下有電梯),集合住宅,鋼筋混凝土構造,1031217,33.27,1,0,1,有,有,有,5000,150,,0.0,0,,RPORMLNLRHGGFCT27CC
內埔鄉,建物,屏東縣內埔鄉福泰路３之２號７樓,0.0,,鄉村區,乙種建築用地,1100901,土地0建物0車位0,七層,7,華廈(10層含以下有電梯),集合住宅,鋼筋混凝土構造,1031217,33.27,1,0,1,有,有,有,5000,150,,0.0,0,,RPPRMLNLRHGGFCT37CC
內埔鄉,建物,屏東縣內埔鄉福泰路３之１號７樓,0.0,,鄉村區,乙種建築用地,1100901,土地0建物0車位0,七層,7,華廈(10層含以下有電梯),集合住宅,鋼筋混凝土構造,1031217,33.27,1,0,1,有,有,有,5000,150,,0.0,0,,RPQRMLNLRHGGFCT47CC
內埔鄉,建物,屏東縣內埔鄉福泰路３之６號７樓,0.0,,鄉村區,乙種建築用地,1100901,土地0建物0車位0,七層,7,華廈(10層含以下有電梯),集合住宅,鋼筋混凝土構造,1031217,29.52,1,0,1,有,有,有,5000,169,,0.0,0,,RPRRMLNLRHGGFCT57CC
內埔鄉,建物,屏東縣內埔鄉福泰路３之２號７樓,0.0,,鄉村區,乙種建築用地,1100901,土地0建物0車位0,七層,7,華廈(10層含以下有電梯),集合住宅,鋼筋混凝土構造,1031217,33.27,1,0,1,有,有,有,5000,150,,0.0,0,,RPSRMLNLRHGGFCT67CC
內埔鄉,建物,屏東縣內埔鄉福泰路３之７號７樓,0.0,,鄉村區,乙種建築用地,1100901,土地0建物0車位0,七層,7,華廈(10層含以下有電梯),集合住宅,鋼筋混凝土構造,1031217,29.52,1,0,1,有,有,有,5000,169,,0.0,0,,RPTRMLNLRHGGFCT77CC
內埔鄉,建物,屏東縣內埔鄉福泰路３之１０號７樓,0.0,,鄉村區,乙種建築用地,1100901,土地0建物0車位0,七層,7,華廈(10層含以下有電梯),集合住宅,鋼筋混凝土構造,1031217,33.5,1,0,1,有,有,有,5000,149,,0.0,0,,RPURMLNLRHGGFCT87CC
內埔鄉,建物,屏東縣內埔鄉福泰路３之１１號７樓,0.0,,鄉村區,乙種建築用地,1100901,土地0建物0車位0,七層,7,華廈(10層含以下有電梯),集合住宅,鋼筋混凝土構造,1031217,33.8,1,0,1,有,有,有,5000,148,,0.0,0,,RPVRMLNLRHGGFCT97CC
內埔鄉,建物,屏東縣內埔鄉福泰路３之１３號７樓,0.0,,鄉村區,乙種建築用地,1100901,土地0建物0車位0,七層,7,華廈(10層含以下有電梯),集合住宅,鋼筋混凝土構造,1031217,33.19,1,0,1,有,有,有,5000,151,,0.0,0,,RPXRMLNLRHGGFCT18CC
內埔鄉,建物,屏東縣內埔鄉福泰路３之１２號７樓,0.0,,鄉村區,乙種建築用地,1100901,土地0建物0車位0,七層,7,華廈(10層含以下有電梯),集合住宅,鋼筋混凝土構造,1031217,33.8,1,0,1,有,有,有,5000,148,,0.0,0,,RPOSMLNLRHGGFCT37CC
內埔鄉,建物,屏東縣內埔鄉福泰路３之３號６樓,0.0,,鄉村區,乙種建築用地,1100901,土地0建物0車位0,六層,7,華廈(10層含以下有電梯),集合住宅,鋼筋混凝土構造,1031217,33.5,1,0,1,有,有,有,5000,149,,0.0,0,,RPPSMLNLRHGGFCT47CC
內埔鄉,建物,屏東縣內埔鄉福泰路３之７號６樓,0.0,,鄉村區,乙種建築用地,1100901,土地0建物0車位0,六層,7,華廈(10層含以下有電梯),集合住宅,鋼筋混凝土構造,1031217,29.52,1,0,1,有,有,有,5000,169,,0.0,0,,RPQSMLNLRHGGFCT57CC
內埔鄉,建物,屏東縣內埔鄉福泰路３之８號６樓,0.0,,鄉村區,乙種建築用地,1100901,土地0建物0車位0,六層,7,華廈(10層含以下有電梯),集合住宅,鋼筋混凝土構造,1031217,33.4,1,0,1,有,有,有,5000,150,,0.0,0,,RPRSMLNLRHGGFCT67CC
內埔鄉,建物,屏東縣內埔鄉福泰路３之１０號６樓,0.0,,鄉村區,乙種建築用地,1100901,土地0建物0車位0,六層,7,華廈(10層含以下有電梯),集合住宅,鋼筋混凝土構造,1031217,33.5,1,0,1,有,有,有,5000,149,,0.0,0,,RPSSMLNLRHGGFCT77CC
內埔鄉,建物,屏東縣內埔鄉福泰路３之１０號６樓,0.0,,鄉村區,乙種建築用地,1100901,土地0建物0車位0,六層,7,華廈(10層含以下有電梯),集合住宅,鋼筋混凝土構造,1031217,33.5,1,0,1,有,無,有,5000,149,,0.0,0,,RPTSMLNLRHGGFCT87CC
內埔鄉,建物,屏東縣內埔鄉福泰路３之７號５樓,0.0,,鄉村區,乙種建築用地,1100901,土地0建物0車位0,五層,7,華廈(10層含以下有電梯),集合住宅,鋼筋混凝土構造,1031217,29.52,1,0,1,有,有,有,5000,169,,0.0,0,,RPVSMLNLRHGGFCT08CC
內埔鄉,建物,屏東縣內埔鄉福泰路３之２號５樓,0.0,,鄉村區,乙種建築用地,1100901,土地0建物0車位0,五層,7,華廈(10層含以下有電梯),集合住宅,鋼筋混凝土構造,1031217,33.27,1,0,1,有,有,有,5000,150,,0.0,0,,RPWSMLNLRHGGFCT18CC
內埔鄉,建物,屏東縣內埔鄉福泰路３之９號５樓,0.0,,鄉村區,乙種建築用地,1100901,土地0建物0車位0,五層,7,華廈(10層含以下有電梯),集合住宅,鋼筋混凝土構造,1031217,33.24,1,0,1,有,有,有,5000,150,,0.0,0,,RPXSMLNLRHGGFCT28CC
內埔鄉,建物,屏東縣內埔鄉福泰路３之７號５樓,0.0,,鄉村區,乙種建築用地,1100901,土地0建物0車位0,五層,7,華廈(10層含以下有電梯),集合住宅,鋼筋混凝土構造,1031217,29.52,1,0,1,有,有,有,5000,169,,0.0,0,,RPOTMLNLRHGGFCT47CC
內埔鄉,建物,屏東縣內埔鄉福泰路３之１０號５樓,0.0,,鄉村區,乙種建築用地,1100901,土地0建物0車位0,五層,7,華廈(10層含以下有電梯),集合住宅,鋼筋混凝土構造,1031217,33.5,1,0,1,有,有,有,5000,149,,0.0,0,,RPPTMLNLRHGGFCT57CC
內埔鄉,建物,屏東縣內埔鄉福泰路３之１１號５樓,0.0,,鄉村區,乙種建築用地,1100901,土地0建物0車位0,五層,7,華廈(10層含以下有電梯),住家用,加強磚造,0780602,33.2,1,0,1,有,有,有,5000,151,,0.0,0,,RPQTMLNLRHGGFCT67CC
內埔鄉,建物,屏東縣內埔鄉福泰路３之１２號５樓,0.0,,鄉村區,乙種建築用地,1100901,土地0建物0車位0,五層,7,華廈(10層含以下有電梯),集合住宅,鋼筋混凝土構造,1031217,33.8,1,0,1,有,有,有,5000,148,,0.0,0,,RPSTMLNLRHGGFCT87CC
內埔鄉,建物,屏東縣內埔鄉福泰路３之１２號５樓,0.0,,鄉村區,乙種建築用地,1100901,土地0建物0車位0,五層,7,華廈(10層含以下有電梯),集合住宅,鋼筋混凝土構造,1031217,33.8,1,0,1,有,有,有,5000,148,,0.0,0,,RPTTMLNLRHGGFCT97CC
內埔鄉,建物,屏東縣內埔鄉壽比路２２８號２樓之３,0.0,,鄉村區,乙種建築用地,1100901,土地0建物0車位0,二層,7,華廈(10層含以下有電梯),集合住宅,鋼筋混凝土構造,1051104,30.94,1,0,1,有,有,有,5500,178,,0.0,0,,RPUTMLNLRHGGFCT08CC
內埔鄉,建物,屏東縣內埔鄉壽比路２２８號２樓之７,0.0,,鄉村區,乙種建築用地,1100901,土地0建物0車位0,二層,7,華廈(10層含以下有電梯),集合住宅,鋼筋混凝土構造,1051104,31.81,1,0,1,有,無,有,5400,170,,0.0,0,,RPWTMLNLRHGGFCT28CC
內埔鄉,建物,屏東縣內埔鄉壽比路２３０號３樓之３,0.0,,鄉村區,乙種建築用地,1100901,土地0建物0車位0,三層,7,華廈(10層含以下有電梯),集合住宅,鋼筋混凝土構造,1051104,29.86,1,0,1,有,有,有,5500,184,,0.0,0,,RPXTMLNLRHGGFCT38CC
內埔鄉,建物,屏東縣內埔鄉壽比路２２８號２樓之６,0.0,,鄉村區,乙種建築用地,1100901,土地0建物0車位0,二層,7,華廈(10層含以下有電梯),集合住宅,鋼筋混凝土構造,1051104,29.86,1,0,1,有,有,有,5400,181,,0.0,0,,RPOUMLNLRHGGFCT57CC
內埔鄉,建物,屏東縣內埔鄉壽比路２３０號２樓之１,0.0,,鄉村區,乙種建築用地,1100901,土地0建物0車位0,二層,7,華廈(10層含以下有電梯),集合住宅,鋼筋混凝土構造,1051104,30.45,1,0,1,有,有,有,5400,177,,0.0,0,,RPPUMLNLRHGGFCT67CC
內埔鄉,建物,屏東縣內埔鄉壽比路２３０號２樓之１,0.0,,鄉村區,乙種建築用地,1100901,土地0建物0車位0,二層,7,華廈(10層含以下有電梯),集合住宅,鋼筋混凝土構造,1051104,30.45,1,0,1,有,有,有,5400,177,,0.0,0,,RPQUMLNLRHGGFCT77CC
內埔鄉,建物,屏東縣內埔鄉壽比路２３０號２樓之５,0.0,,鄉村區,乙種建築用地,1100901,土地0建物0車位0,二層,7,華廈(10層含以下有電梯),集合住宅,鋼筋混凝土構造,1051104,30.45,1,0,1,有,有,有,5400,177,,0.0,0,,RPRUMLNLRHGGFCT87CC
內埔鄉,建物,屏東縣內埔鄉壽比路２３２號２樓之５,0.0,,鄉村區,乙種建築用地,1100901,土地0建物0車位0,二層,7,華廈(10層含以下有電梯),集合住宅,鋼筋混凝土構造,1051104,30.29,1,0,1,有,有,有,5400,178,,0.0,0,,RPSUMLNLRHGGFCT97CC
內埔鄉,建物,屏東縣內埔鄉壽比路２３２號２樓之５,0.0,,鄉村區,乙種建築用地,1100901,土地0建物0車位0,二層,7,華廈(10層含以下有電梯),集合住宅,鋼筋混凝土構造,1051104,30.29,1,0,1,有,有,有,5400,178,,0.0,0,,RPTUMLNLRHGGFCT08CC
內埔鄉,建物,屏東縣內埔鄉壽比路２３２號２樓之３,0.0,,鄉村區,乙種建築用地,1100901,土地0建物0車位0,二層,7,華廈(10層含以下有電梯),集合住宅,鋼筋混凝土構造,1051104,30.9,1,0,1,有,有,有,5500,178,,0.0,0,,RPUUMLNLRHGGFCT18CC
內埔鄉,建物,屏東縣內埔鄉壽比路２２８號３樓之５,0.0,,鄉村區,乙種建築用地,1100901,土地0建物0車位0,三層,7,華廈(10層含以下有電梯),集合住宅,鋼筋混凝土構造,1051104,31.1,1,0,1,有,有,有,5500,177,,0.0,0,,RPVUMLNLRHGGFCT28CC
內埔鄉,建物,屏東縣內埔鄉壽比路２３０號３樓之７,0.0,,鄉村區,乙種建築用地,1100901,土地0建物0車位0,三層,7,華廈(10層含以下有電梯),集合住宅,鋼筋混凝土構造,1051104,30.02,1,0,1,有,有,有,5500,183,,0.0,0,,RPWUMLNLRHGGFCT38CC
內埔鄉,建物,屏東縣內埔鄉壽比路２２８號４樓之６,0.0,,鄉村區,乙種建築用地,1100901,土地0建物0車位0,四層,7,華廈(10層含以下有電梯),集合住宅,鋼筋混凝土構造,1051104,29.86,1,0,1,有,有,有,5400,181,,0.0,0,,RPXUMLNLRHGGFCT48CC
內埔鄉,建物,屏東縣內埔鄉壽比路２３０號４樓之１,0.0,,鄉村區,乙種建築用地,1100901,土地0建物0車位0,四層,7,華廈(10層含以下有電梯),集合住宅,鋼筋混凝土構造,1051104,30.45,1,0,1,有,有,有,5500,181,,0.0,0,,RPOVMLNLRHGGFCT67CC
內埔鄉,建物,屏東縣內埔鄉壽比路２３０號４樓之１,0.0,,鄉村區,乙種建築用地,1100901,土地0建物0車位0,四層,7,華廈(10層含以下有電梯),集合住宅,鋼筋混凝土構造,1051104,30.45,1,0,1,有,有,有,5500,181,,0.0,0,,RPPVMLNLRHGGFCT77CC
內埔鄉,建物,屏東縣內埔鄉壽比路２２８號５樓之５,0.0,,鄉村區,乙種建築用地,1100901,土地0建物0車位0,五層,7,華廈(10層含以下有電梯),集合住宅,鋼筋混凝土構造,1051104,31.1,1,0,1,有,有,有,5600,180,,0.0,0,,RPQVMLNLRHGGFCT87CC
內埔鄉,建物,屏東縣內埔鄉壽比路２２８號５樓之７,0.0,,鄉村區,乙種建築用地,1100901,土地0建物0車位0,五層,7,華廈(10層含以下有電梯),集合住宅,鋼筋混凝土構造,1051104,31.81,1,0,1,有,有,有,5500,173,,0.0,0,,RPRVMLNLRHGGFCT97CC
內埔鄉,建物,屏東縣內埔鄉壽比路２２８號５樓之５,0.0,,鄉村區,乙種建築用地,1100901,土地0建物0車位0,五層,7,華廈(10層含以下有電梯),集合住宅,鋼筋混凝土構造,1051104,31.1,1,0,1,有,有,有,5600,180,,0.0,0,,RPSVMLNLRHGGFCT08CC
內埔鄉,建物,屏東縣內埔鄉壽比路２２８號５樓之６,0.0,,鄉村區,乙種建築用地,1100901,土地0建物0車位0,五層,7,華廈(10層含以下有電梯),集合住宅,鋼筋混凝土構造,1051104,29.86,1,0,1,有,有,有,5500,184,,0.0,0,,RPTVMLNLRHGGFCT18CC
內埔鄉,建物,屏東縣內埔鄉壽比路２３０號５樓之７,0.0,,鄉村區,乙種建築用地,1100901,土地0建物0車位0,五層,7,華廈(10層含以下有電梯),集合住宅,鋼筋混凝土構造,1051104,30.02,1,0,1,有,有,有,5600,187,,0.0,0,,RPWVMLNLRHGGFCT48CC
內埔鄉,建物,屏東縣內埔鄉壽比路２３０號５樓之７,0.0,,鄉村區,乙種建築用地,1100901,土地0建物0車位0,五層,7,華廈(10層含以下有電梯),集合住宅,鋼筋混凝土構造,1051104,30.02,1,0,1,有,有,有,5600,187,,0.0,0,,RPOWMLNLRHGGFCT77CC
內埔鄉,建物,屏東縣內埔鄉壽比路２３０號５樓之３,0.0,,鄉村區,乙種建築用地,1100901,土地0建物0車位0,五層,7,華廈(10層含以下有電梯),集合住宅,鋼筋混凝土構造,1051104,29.86,1,0,1,有,有,有,5600,188,,0.0,0,,RPPWMLNLRHGGFCT87CC
內埔鄉,建物,屏東縣內埔鄉壽比路２３０號５樓之６,0.0,,鄉村區,乙種建築用地,1100901,土地0建物0車位0,五層,7,華廈(10層含以下有電梯),集合住宅,鋼筋混凝土構造,1051104,30.31,1,0,1,有,有,有,5600,185,,0.0,0,,RPQWMLNLRHGGFCT97CC
內埔鄉,建物,屏東縣內埔鄉壽比路２３０號５樓之６,0.0,,鄉村區,乙種建築用地,1100901,土地0建物0車位0,五層,7,華廈(10層含以下有電梯),集合住宅,鋼筋混凝土構造,1051104,30.31,1,0,1,有,有,有,5600,185,,0.0,0,,RPRWMLNLRHGGFCT08CC
內埔鄉,建物,屏東縣內埔鄉壽比路２３２號５樓之５,0.0,,鄉村區,乙種建築用地,1100901,土地0建物0車位0,五層,7,華廈(10層含以下有電梯),集合住宅,鋼筋混凝土構造,1051104,30.29,1,0,1,有,有,有,5500,182,,0.0,0,,RPSWMLNLRHGGFCT18CC
內埔鄉,建物,屏東縣內埔鄉壽比路２３２號５樓之２,0.0,,鄉村區,乙種建築用地,1100901,土地0建物0車位0,五層,7,華廈(10層含以下有電梯),集合住宅,鋼筋混凝土構造,1051104,32.59,1,0,1,有,有,有,6000,184,,0.0,0,,RPTWMLNLRHGGFCT28CC
內埔鄉,建物,屏東縣內埔鄉壽比路２３０號４樓之２,0.0,,鄉村區,乙種建築用地,1100901,土地0建物0車位0,四層,7,華廈(10層含以下有電梯),集合住宅,鋼筋混凝土構造,1051104,30.55,1,0,1,有,有,有,5500,180,,0.0,0,,RPVWMLNLRHGGFCT48CC
內埔鄉,建物,屏東縣內埔鄉壽比路２２８號６樓之５,0.0,,鄉村區,乙種建築用地,1100901,土地0建物0車位0,六層,7,華廈(10層含以下有電梯),集合住宅,鋼筋混凝土構造,1051104,29.86,1,0,1,有,有,有,5600,188,,0.0,0,,RPXWMLNLRHGGFCT68CC
內埔鄉,建物,屏東縣內埔鄉壽比路２３０號６樓之３,0.0,,鄉村區,乙種建築用地,1100901,土地0建物0車位0,六層,7,華廈(10層含以下有電梯),集合住宅,鋼筋混凝土構造,1051104,29.86,1,0,1,有,有,有,5600,188,,0.0,0,,RPONNLNLRHGGFCT96CC
內埔鄉,建物,屏東縣內埔鄉壽比路２３０號６樓,0.0,,鄉村區,乙種建築用地,1100901,土地0建物0車位0,六層,7,華廈(10層含以下有電梯),集合住宅,鋼筋混凝土構造,1051104,30.55,1,0,1,有,有,有,5600,183,,0.0,0,,RPQNNLNLRHGGFCT17CC
內埔鄉,建物,屏東縣內埔鄉壽比路２３２號６樓之５,0.0,,鄉村區,乙種建築用地,1100901,土地0建物0車位0,六層,7,華廈(10層含以下有電梯),集合住宅,鋼筋混凝土構造,1051104,30.29,1,0,1,有,有,有,5600,185,,0.0,0,,RPRNNLNLRHGGFCT27CC
內埔鄉,建物,屏東縣內埔鄉壽比路２３２號６樓之１,0.0,,鄉村區,乙種建築用地,1100901,土地0建物0車位0,六層,7,華廈(10層含以下有電梯),集合住宅,鋼筋混凝土構造,1051104,31.66,1,0,1,有,無,有,5900,186,,0.0,0,,RPTNNLNLRHGGFCT47CC
內埔鄉,建物,屏東縣內埔鄉壽比路２３２號６樓之３,0.0,,鄉村區,乙種建築用地,1100901,土地0建物0車位0,六層,7,華廈(10層含以下有電梯),集合住宅,鋼筋混凝土構造,1051104,30.9,1,0,1,有,有,有,5600,181,,0.0,0,,RPUNNLNLRHGGFCT57CC
內埔鄉,建物,屏東縣內埔鄉壽比路２３２號６樓之３,0.0,,鄉村區,乙種建築用地,1100901,土地0建物0車位0,六層,7,華廈(10層含以下有電梯),集合住宅,鋼筋混凝土構造,1051104,30.9,1,0,1,有,無,有,5600,181,,0.0,0,,RPVNNLNLRHGGFCT67CC
內埔鄉,建物,屏東縣內埔鄉壽比路２３２號６樓之２,0.0,,鄉村區,乙種建築用地,1100901,土地0建物0車位0,六層,7,華廈(10層含以下有電梯),集合住宅,鋼筋混凝土構造,1051104,32.59,1,0,1,有,有,有,6000,184,,0.0,0,,RPWNNLNLRHGGFCT77CC
內埔鄉,建物,屏東縣內埔鄉壽比路２２８號７樓之２,0.0,,鄉村區,乙種建築用地,1100901,土地0建物0車位0,七層,7,華廈(10層含以下有電梯),集合住宅,鋼筋混凝土構造,1051104,32.63,1,0,1,有,無,有,5600,172,,0.0,0,,RPOONLNLRHGGFCT07CC
內埔鄉,建物,屏東縣內埔鄉壽比路２２８號７樓之１,0.0,,鄉村區,乙種建築用地,1100901,土地0建物0車位0,七層,7,華廈(10層含以下有電梯),集合住宅,鋼筋混凝土構造,1051104,30.84,1,0,1,有,有,有,5600,182,,0.0,0,,RPPONLNLRHGGFCT17CC
內埔鄉,建物,屏東縣內埔鄉壽比路２３０號７樓之１,0.0,,鄉村區,乙種建築用地,1100901,土地0建物0車位0,七層,7,華廈(10層含以下有電梯),集合住宅,鋼筋混凝土構造,1051104,30.45,1,0,1,有,有,有,5600,184,,0.0,0,,RPQONLNLRHGGFCT27CC
內埔鄉,建物,屏東縣內埔鄉壽比路２３０號７樓之６,0.0,,鄉村區,乙種建築用地,1100901,土地0建物0車位0,七層,7,華廈(10層含以下有電梯),集合住宅,鋼筋混凝土構造,1051104,30.31,1,0,1,有,有,有,5600,185,,0.0,0,,RPRONLNLRHGGFCT37CC
內埔鄉,建物,屏東縣內埔鄉壽比路２３０號７樓之６,0.0,,鄉村區,乙種建築用地,1100901,土地0建物0車位0,七層,7,華廈(10層含以下有電梯),集合住宅,鋼筋混凝土構造,1051104,30.31,1,0,1,有,有,有,5600,185,,0.0,0,,RPSONLNLRHGGFCT47CC
內埔鄉,建物,屏東縣內埔鄉壽比路２３０號７樓之６,0.0,,鄉村區,乙種建築用地,1100901,土地0建物0車位0,七層,7,華廈(10層含以下有電梯),集合住宅,鋼筋混凝土構造,1051104,30.31,1,0,1,有,有,有,5600,185,,0.0,0,,RPTONLNLRHGGFCT57CC
內埔鄉,建物,屏東縣內埔鄉壽比路２３０號７樓之２,0.0,,鄉村區,乙種建築用地,1100901,土地0建物0車位0,七層,7,華廈(10層含以下有電梯),集合住宅,鋼筋混凝土構造,1051104,30.55,1,0,1,有,有,有,5600,183,,0.0,0,,RPVONLNLRHGGFCT77CC
內埔鄉,建物,屏東縣內埔鄉壽比路２３０號７樓之５,0.0,,鄉村區,乙種建築用地,1100901,土地0建物0車位0,七層,7,華廈(10層含以下有電梯),集合住宅,鋼筋混凝土構造,1051104,30.45,1,0,1,有,有,有,5600,184,,0.0,0,,RPWONLNLRHGGFCT87CC
內埔鄉,建物,屏東縣內埔鄉福泰路３號１樓,0.0,,鄉村區,乙種建築用地,1100901,土地0建物0車位0,一層,7,華廈(10層含以下有電梯),集合住宅,鋼筋混凝土構造,1031217,38.48,1,0,1,有,有,有,5000,130,,0.0,0,,RPSNMLOLRHGGFCT37CC
內埔鄉,建物,屏東縣內埔鄉福泰路３之１號１樓,0.0,,鄉村區,乙種建築用地,1100901,土地0建物0車位0,一層,7,華廈(10層含以下有電梯),集合住宅,鋼筋混凝土構造,1031217,38.48,1,0,1,有,有,有,5000,130,,0.0,0,,RPVNMLOLRHGGFCT67CC
內埔鄉,建物,屏東縣內埔鄉福泰路３-５號１樓,0.0,,鄉村區,乙種建築用地,1100901,土地0建物0車位0,一層,7,華廈(10層含以下有電梯),集合住宅,鋼筋混凝土構造,1031217,34.19,1,0,1,有,有,有,5000,146,,0.0,0,,RPWNMLOLRHGGFCT77CC
內埔鄉,建物,屏東縣內埔鄉福泰路３之１３號１樓,0.0,,鄉村區,乙種建築用地,1100901,土地0建物0車位0,一層,7,華廈(10層含以下有電梯),集合住宅,鋼筋混凝土構造,1031217,33.19,1,0,1,有,有,有,5000,151,,0.0,0,,RPOOMLOLRHGGFCT07CC
內埔鄉,建物,屏東縣內埔鄉福泰路３之１號２樓,0.0,,鄉村區,乙種建築用地,1100901,土地0建物0車位0,二層,7,華廈(10層含以下有電梯),集合住宅,鋼筋混凝土構造,1031217,33.27,1,0,1,有,有,有,5000,150,,0.0,0,,RPQOMLOLRHGGFCT27CC
內埔鄉,建物,屏東縣內埔鄉福泰路３之７號４樓,0.0,,鄉村區,乙種建築用地,1100901,土地0建物0車位0,四層,7,華廈(10層含以下有電梯),集合住宅,鋼筋混凝土構造,1031217,29.52,1,0,1,有,有,有,5000,169,,0.0,0,,RPROMLOLRHGGFCT37CC
內埔鄉,建物,屏東縣內埔鄉福泰路３之５號４樓,0.0,,鄉村區,乙種建築用地,1100901,土地0建物0車位0,四層,7,華廈(10層含以下有電梯),集合住宅,鋼筋混凝土構造,1031217,34.19,1,0,1,有,有,有,5000,146,,0.0,0,,RPSOMLOLRHGGFCT47CC
內埔鄉,建物,屏東縣內埔鄉福泰路３之１１號４樓,0.0,,鄉村區,乙種建築用地,1100901,土地0建物0車位0,四層,7,華廈(10層含以下有電梯),集合住宅,鋼筋混凝土構造,1031217,33.2,1,0,1,有,有,有,5000,151,,0.0,0,,RPTOMLOLRHGGFCT57CC
內埔鄉,建物,屏東縣內埔鄉福泰路３之８號４樓,0.0,,鄉村區,乙種建築用地,1100901,土地0建物0車位0,四層,7,華廈(10層含以下有電梯),集合住宅,鋼筋混凝土構造,1031217,33.24,1,0,1,有,有,有,5000,150,,0.0,0,,RPUOMLOLRHGGFCT67CC
內埔鄉,建物,屏東縣內埔鄉福泰路３之１２號４樓,0.0,,鄉村區,乙種建築用地,1100906,土地0建物0車位0,四層,7,華廈(10層含以下有電梯),集合住宅,鋼筋混凝土構造,1031217,33.8,1,0,1,有,有,有,5000,148,,0.0,0,,RPVOMLOLRHGGFCT77CC
內埔鄉,建物,屏東縣內埔鄉福泰路３之１３號４樓,0.0,,鄉村區,乙種建築用地,1100907,土地0建物0車位0,四層,7,華廈(10層含以下有電梯),集合住宅,鋼筋混凝土構造,1031217,33.19,1,0,1,有,有,有,5000,151,,0.0,0,,RPWOMLOLRHGGFCT87CC
內埔鄉,建物,屏東縣內埔鄉福泰路３之１號５樓,0.0,,鄉村區,乙種建築用地,1100901,土地0建物0車位0,五層,7,華廈(10層含以下有電梯),集合住宅,鋼筋混凝土構造,1031217,33.27,1,0,1,有,有,有,5000,150,,0.0,0,含管理費、稅金或水電等費用。；,RPXOMLOLRHGGFCT97CC
內埔鄉,建物,屏東縣內埔鄉福泰路３之６號５樓,0.0,,鄉村區,乙種建築用地,1100901,土地0建物0車位0,五層,7,華廈(10層含以下有電梯),集合住宅,鋼筋混凝土構造,1031217,29.52,1,0,1,有,有,有,5000,169,,0.0,0,,RPOPMLOLRHGGFCT17CC
內埔鄉,建物,屏東縣內埔鄉福泰路３之３號５樓,0.0,,鄉村區,乙種建築用地,1100911,土地0建物0車位0,五層,7,華廈(10層含以下有電梯),集合住宅,鋼筋混凝土構造,1031217,33.5,1,0,1,有,有,有,5000,149,,0.0,0,,RPPPMLOLRHGGFCT27CC
內埔鄉,建物,屏東縣內埔鄉福泰路３之１２號５樓,0.0,,鄉村區,乙種建築用地,1100901,土地0建物0車位0,五層,7,華廈(10層含以下有電梯),集合住宅,鋼筋混凝土構造,1031217,33.8,1,0,1,有,有,有,5000,148,,0.0,0,,RPRPMLOLRHGGFCT47CC
內埔鄉,建物,屏東縣內埔鄉福泰路３之７號６樓,0.0,,鄉村區,乙種建築用地,1100901,土地0建物0車位0,六層,7,華廈(10層含以下有電梯),集合住宅,鋼筋混凝土構造,1031217,29.52,1,0,1,有,有,有,5000,169,,0.0,0,,RPSPMLOLRHGGFCT57CC
內埔鄉,建物,屏東縣內埔鄉福泰路３之９號６樓,0.0,,鄉村區,乙種建築用地,1100912,土地0建物0車位0,六層,7,華廈(10層含以下有電梯),集合住宅,鋼筋混凝土構造,1031217,33.24,1,0,1,有,有,有,5000,150,,0.0,0,,RPUPMLOLRHGGFCT77CC
內埔鄉,建物,屏東縣內埔鄉福泰路３之９號６樓,0.0,,鄉村區,乙種建築用地,1100901,土地0建物0車位0,六層,7,華廈(10層含以下有電梯),集合住宅,鋼筋混凝土構造,1031217,33.24,1,0,1,有,有,有,5000,150,,0.0,0,,RPVPMLOLRHGGFCT87CC
內埔鄉,建物,屏東縣內埔鄉福泰路３號７樓,0.0,,鄉村區,乙種建築用地,1100901,土地0建物0車位0,七層,7,華廈(10層含以下有電梯),集合住宅,鋼筋混凝土構造,1031217,38.64,1,0,1,有,有,有,5000,129,,0.0,0,,RPXPMLOLRHGGFCT08CC
內埔鄉,建物,屏東縣內埔鄉福泰路３-５號７樓,0.0,,鄉村區,乙種建築用地,1100901,土地0建物0車位0,七層,7,華廈(10層含以下有電梯),集合住宅,鋼筋混凝土構造,1031217,34.19,1,0,1,有,有,有,5000,146,,0.0,0,,RPQQMLOLRHGGFCT47CC
內埔鄉,建物,屏東縣內埔鄉福泰路３之６號７樓,0.0,,鄉村區,乙種建築用地,1100901,土地0建物0車位0,七層,7,華廈(10層含以下有電梯),集合住宅,鋼筋混凝土構造,1031217,29.52,1,0,1,有,有,有,5000,169,,0.0,0,,RPRQMLOLRHGGFCT57CC
內埔鄉,建物,屏東縣內埔鄉福泰路３之１３號７樓,0.0,,鄉村區,乙種建築用地,1100915,土地0建物0車位0,七層,7,華廈(10層含以下有電梯),集合住宅,鋼筋混凝土構造,1031217,33.19,1,0,1,有,有,有,5000,151,,0.0,0,,RPSQMLOLRHGGFCT67CC
內埔鄉,建物,屏東縣內埔鄉福泰路３號３樓,0.0,,鄉村區,乙種建築用地,1100901,土地0建物0車位0,三層,7,華廈(10層含以下有電梯),集合住宅,鋼筋混凝土構造,1031217,38.64,1,0,1,有,有,有,5000,129,,0.0,0,,RPTQMLOLRHGGFCT77CC
內埔鄉,建物,屏東縣內埔鄉福泰路３之１０號２樓,0.0,,鄉村區,乙種建築用地,1100901,土地0建物0車位0,二層,7,華廈(10層含以下有電梯),集合住宅,鋼筋混凝土構造,1031217,33.5,1,0,1,有,有,有,5000,149,,0.0,0,,RPUQMLOLRHGGFCT87CC
內埔鄉,建物,屏東縣內埔鄉福泰路３之２號３樓,0.0,,鄉村區,乙種建築用地,1100901,土地0建物0車位0,三層,7,華廈(10層含以下有電梯),集合住宅,鋼筋混凝土構造,1031217,33.27,1,0,1,有,有,有,5000,150,,0.0,0,,RPVQMLOLRHGGFCT97CC
內埔鄉,建物,屏東縣內埔鄉福泰路３之３號３樓,0.0,,鄉村區,乙種建築用地,1100901,土地0建物0車位0,三層,7,華廈(10層含以下有電梯),集合住宅,鋼筋混凝土構造,1031217,33.5,1,0,1,有,有,有,5000,149,,0.0,0,,RPXQMLOLRHGGFCT18CC
內埔鄉,建物,屏東縣內埔鄉福泰路３之１２號３樓,0.0,,鄉村區,乙種建築用地,1100904,土地0建物0車位0,三層,7,華廈(10層含以下有電梯),集合住宅,鋼筋混凝土構造,1031217,33.8,1,0,1,有,有,有,5000,148,,0.0,0,,RPORMLOLRHGGFCT37CC
內埔鄉,建物,屏東縣內埔鄉壽比路２３０號２樓,0.0,,鄉村區,乙種建築用地,1100901,土地0建物0車位0,二層,7,華廈(10層含以下有電梯),集合住宅,鋼筋混凝土構造,1051104,29.86,1,0,1,有,有,有,5400,181,,0.0,0,,RPRRMLOLRHGGFCT67CC
內埔鄉,建物,屏東縣內埔鄉壽比路２３２號２樓之２,0.0,,鄉村區,乙種建築用地,1100901,土地0建物0車位0,二層,7,華廈(10層含以下有電梯),集合住宅,鋼筋混凝土構造,1051104,30.21,1,0,1,有,有,有,5500,182,,0.0,0,,RPSRMLOLRHGGFCT77CC
內埔鄉,建物,屏東縣內埔鄉壽比路２３０號３樓之７,0.0,,鄉村區,乙種建築用地,1100904,土地0建物0車位0,三層,7,華廈(10層含以下有電梯),集合住宅,鋼筋混凝土構造,1051104,30.02,1,0,1,有,有,有,5500,183,,0.0,0,,RPTRMLOLRHGGFCT87CC
內埔鄉,建物,屏東縣內埔鄉壽比路２３０號３樓之３,0.0,,鄉村區,乙種建築用地,1100901,土地0建物0車位0,三層,7,華廈(10層含以下有電梯),集合住宅,鋼筋混凝土構造,1051104,30.9,1,0,1,有,有,有,5500,178,,0.0,0,,RPURMLOLRHGGFCT97CC
內埔鄉,建物,屏東縣內埔鄉壽比路２３０號３樓之５,0.0,,鄉村區,乙種建築用地,1100905,土地0建物0車位0,三層,7,華廈(10層含以下有電梯),集合住宅,鋼筋混凝土構造,1051104,30.45,1,0,1,有,有,有,5500,181,,0.0,0,,RPVRMLOLRHGGFCT08CC
內埔鄉,建物,屏東縣內埔鄉壽比路２３２號３樓之３,0.0,,鄉村區,乙種建築用地,1100904,土地0建物0車位0,三層,7,華廈(10層含以下有電梯),集合住宅,鋼筋混凝土構造,1051104,30.9,1,0,1,有,有,有,5500,178,,0.0,0,,RPWRMLOLRHGGFCT18CC
內埔鄉,建物,屏東縣內埔鄉壽比路２３０號４樓之６,0.0,,鄉村區,乙種建築用地,1100915,土地0建物0車位0,四層,7,華廈(10層含以下有電梯),集合住宅,鋼筋混凝土構造,1051104,30.31,1,0,1,有,有,有,5500,181,,0.0,0,,RPXRMLOLRHGGFCT28CC
內埔鄉,建物,屏東縣內埔鄉壽比路２２８號４樓之６,0.0,,鄉村區,乙種建築用地,1100907,土地0建物0車位0,四層,7,華廈(10層含以下有電梯),集合住宅,鋼筋混凝土構造,1051104,29.86,1,0,1,有,有,有,5400,181,,0.0,0,,RPOSMLOLRHGGFCT47CC
內埔鄉,建物,屏東縣內埔鄉壽比路２２８號５樓之７,0.0,,鄉村區,乙種建築用地,1100901,土地0建物0車位0,五層,7,華廈(10層含以下有電梯),集合住宅,鋼筋混凝土構造,1051104,31.81,1,0,1,有,有,有,5500,173,,0.0,0,,RPPSMLOLRHGGFCT57CC
內埔鄉,建物,屏東縣內埔鄉壽比路２２８號５樓之３,0.0,,鄉村區,乙種建築用地,1100901,土地0建物0車位0,五層,7,華廈(10層含以下有電梯),集合住宅,鋼筋混凝土構造,1051104,30.94,1,0,1,有,有,有,5600,181,,0.0,0,,RPQSMLOLRHGGFCT67CC
內埔鄉,建物,屏東縣內埔鄉壽比路２２８號６樓之５,0.0,,鄉村區,乙種建築用地,1100831,土地0建物0車位0,六層,7,華廈(10層含以下有電梯),集合住宅,鋼筋混凝土構造,1051104,31.1,1,0,1,有,有,有,5600,180,,0.0,0,,RPRSMLOLRHGGFCT77CC
內埔鄉,建物,屏東縣內埔鄉壽比路２３２號５樓之２,0.0,,鄉村區,乙種建築用地,1100901,土地0建物0車位0,五層,7,華廈(10層含以下有電梯),集合住宅,鋼筋混凝土構造,1051104,32.59,1,0,1,有,有,有,5600,172,,0.0,0,,RPSSMLOLRHGGFCT87CC
內埔鄉,建物,屏東縣內埔鄉壽比路２３０號６樓之２,0.0,,鄉村區,乙種建築用地,1100904,土地0建物0車位0,六層,7,華廈(10層含以下有電梯),集合住宅,鋼筋混凝土構造,1051104,30.55,1,0,1,有,有,有,5600,183,,0.0,0,,RPTSMLOLRHGGFCT97CC
內埔鄉,建物,屏東縣內埔鄉壽比路２３２號６樓之２,0.0,,鄉村區,乙種建築用地,1100914,土地0建物0車位0,六層,7,華廈(10層含以下有電梯),集合住宅,鋼筋混凝土構造,1051104,32.59,1,0,1,有,有,有,5600,172,,0.0,0,,RPUSMLOLRHGGFCT08CC
內埔鄉,建物,屏東縣內埔鄉壽比路２２８號７樓之３,0.0,,鄉村區,乙種建築用地,1100901,土地0建物0車位0,七層,7,華廈(10層含以下有電梯),集合住宅,鋼筋混凝土構造,1051104,30.94,1,0,1,有,有,有,5600,181,,0.0,0,,RPVSMLOLRHGGFCT18CC
內埔鄉,建物,屏東縣內埔鄉福泰路３-２號１樓,0.0,,鄉村區,乙種建築用地,1100901,土地0建物0車位0,一層,7,華廈(10層含以下有電梯),集合住宅,鋼筋混凝土構造,1031217,33.16,1,0,1,有,有,有,5000,151,,0.0,0,,RPPNMLRLRHGGFCT37CC
內埔鄉,建物,屏東縣內埔鄉福泰路３-１號５樓,0.0,,鄉村區,乙種建築用地,1100901,土地0建物0車位0,五層,7,華廈(10層含以下有電梯),集合住宅,鋼筋混凝土構造,1031217,33.27,1,0,1,有,有,有,5000,150,,0.0,0,,RPQNMLRLRHGGFCT47CC
內埔鄉,建物,屏東縣內埔鄉福泰路３-１號５樓,0.0,,鄉村區,乙種建築用地,1100901,土地0建物0車位0,五層,7,華廈(10層含以下有電梯),集合住宅,鋼筋混凝土構造,1031217,33.27,1,0,1,有,有,有,5000,150,,0.0,0,,RPRNMLRLRHGGFCT57CC
屏東市,建物,屏東縣屏東市博愛路３２５號３樓之１,0.0,住,,,1100924,土地0建物1車位0,三層,6,華廈(10層含以下有電梯),住家用,鋼筋混凝土造,0890331,148.24,3,2,2,有,有,有,13500,91,,0.0,0,,RPVNMLRLRHGGFAT77CC
內埔鄉,房地(土地+建物),屏東縣內埔鄉光明路５４７號,89.04,住,,,1100927,土地1建物1車位0,全,4,透天厝,住商用,鋼筋混凝土造,0811224,228.4,7,2,4,有,無,有,23000,101,,0.0,0,,RPUOMLSLRHGGFCT08CC
內埔鄉,建物,屏東縣內埔鄉福泰路３-８號７樓,0.0,,鄉村區,乙種建築用地,1100901,土地0建物0車位0,七層,7,華廈(10層含以下有電梯),集合住宅,鋼筋混凝土構造,1031217,33.4,1,0,1,有,有,有,5000,150,,0.0,0,,RPXNMLTLRHGGFCT38CC
內埔鄉,建物,屏東縣內埔鄉福泰路３-７號６樓,0.0,,鄉村區,乙種建築用地,1100901,土地0建物0車位0,六層,7,華廈(10層含以下有電梯),集合住宅,鋼筋混凝土構造,1031217,29.52,1,0,1,有,有,有,5000,169,,0.0,0,,RPOOMLTLRHGGFCT57CC
內埔鄉,建物,屏東縣內埔鄉壽比路２３０號５樓之７,0.0,,鄉村區,乙種建築用地,1100901,土地0建物0車位0,五層,7,華廈(10層含以下有電梯),集合住宅,鋼筋混凝土構造,1051104,30.02,1,0,1,有,有,有,5600,187,,0.0,0,,RPPOMLTLRHGGFCT67CC
內埔鄉,建物,屏東縣內埔鄉壽比路２３２號４樓之３,0.0,,鄉村區,乙種建築用地,1100901,土地0建物0車位0,四層,7,華廈(10層含以下有電梯),集合住宅,鋼筋混凝土構造,1051104,30.9,1,0,1,有,有,有,5500,178,,0.0,0,,RPQOMLTLRHGGFCT77CC
內埔鄉,建物,屏東縣內埔鄉壽比路２３０號６樓之３,0.0,,鄉村區,乙種建築用地,1100901,土地0建物0車位0,六層,7,華廈(10層含以下有電梯),集合住宅,鋼筋混凝土構造,1051104,29.86,1,0,1,有,有,有,5600,188,,0.0,0,,RPROMLTLRHGGFCT87CC
內埔鄉,建物,屏東縣內埔鄉福泰路３-６號４樓,0.0,,鄉村區,乙種建築用地,1100901,土地0建物0車位0,四層,7,華廈(10層含以下有電梯),集合住宅,鋼筋混凝土構造,1031217,29.52,1,0,1,有,有,有,5000,169,,0.0,0,,RPTOMLTLRHGGFCT08CC
東港鎮,房地(土地+建物),屏東縣東港鎮大潭路１２０號,2317.65,,一般農業區,農牧用地,1100917,土地1建物1車位0,見其他登記事項,1,工廠,農舍,鐵造,0771029,472.2,0,0,0,無,無,無,90000,,,0.0,0,含增建或未登記建物。；1.承租含未保存登記建物共約660坪2.自111年1月起租金調整為每月102400元整,RPTNMLRJIIGGFDT86CC
萬丹鄉,土地,新鐘段1620地號,363.63,,一般農業區,農牧用地,1100927,土地1建物0車位0,,,其他,,,,0.0,0,0,0,有,無,無,26000,72,,0.0,0,含增建或未登記建物。；實際承租地坪約110坪，未保存登記建物約85坪,RPVNMLSJIIGGFAT86CC
屏東市,建物,屏東縣屏東市公成路４巷１３號,0.0,,一般農業區,甲種建築用地,1101008,土地0建物1車位0,全,1,透天厝,住家用,磚造,,62.75,3,1,1,有,無,有,10500,167,,0.0,0,,RPVNMLMKIIGGFAT98CC
屏東市,建物,屏東縣屏東市永安里建興南路１８號８樓之２,0.0,住,,,1101013,土地0建物1車位0,八層,16,住宅大樓(11層含以上有電梯),集合住宅,鋼筋混凝土造,0830701,117.61,3,2,2,有,有,有,12500,106,,0.0,0,110年度屏東縣政府包租代管計畫,RPWNMLOKIIGGFAT66CC
屏東市,房地(土地+建物),屏東縣屏東市民學路４１巷１號一樓,124.0,商,,,1100929,土地1建物1車位0,一層,2,店面(店鋪),住家用,加強磚造,0671126,140.71,0,0,0,無,無,有,18000,128,,0.0,0,,RPVNMLPKIIGGFAT66CC
屏東市,房地(土地+建物)+車位,屏東縣屏東市機場北路５８８號１１樓,25.31,住,,,1100920,土地1建物1車位1,十一層,13,住宅大樓(11層含以上有電梯),集合住宅,鋼筋混凝土造,0881204,201.25,4,2,2,有,無,有,18000,89,坡道平面,24.01,0,,RPTPMLPKIIGGFAT66CC
潮州鎮,房地(土地+建物),屏東縣潮州鎮富春里光輪路１巷３７號,76.27,,鄉村區,乙種建築用地,1101001,土地1建物1車位0,全,2,透天厝,住家用,加強磚造,0650101,109.9,3,2,3,有,無,有,13500,123,,0.0,0,,RPUNMLSKIIGGFCT07CC
潮州鎮,房地(土地+建物),屏東縣潮州鎮武丁路８８巷２１號,77.09,,鄉村區,乙種建築用地,1100914,土地1建物1車位0,全,4,透天厝,住家用,鋼筋混凝土造,0820813,162.56,3,2,2,有,無,有,10000,62,,0.0,0,,RPTNMLLLIIGGFCT98CC
屏東市,建物,屏東縣屏東市田中巷１４號６樓之２,0.0,住,,,1101020,土地0建物1車位0,六層,12,住宅大樓(11層含以上有電梯),住家用,鋼筋混凝土造,0841125,74.39,2,2,1,有,無,有,8500,114,,0.0,0,,RPVNMLMLIIGGFAT09CC
屏東市,建物,屏東縣屏東市德豐街６５號４樓,0.0,住,,,1101021,土地0建物1車位0,四層,7,華廈(10層含以下有電梯),住家用,鋼筋混凝土造,0810808,112.47,3,2,2,有,有,有,13500,120,,0.0,0,,RPXOMLMLIIGGFAT76CC
里港鄉,建物,屏東縣里港鄉和平路２４２號,0.0,住,,,1101022,土地0建物1車位0,全,3,透天厝,住商用,鋼筋混凝土造,0830511,164.95,5,2,5,有,無,有,12000,73,,0.0,0,110年度屏東縣政府包租代管計畫,RPRNMLMLIIGGFBT78CC
屏東市,房地(土地+建物),屏東縣屏東市廣東路９７４號,76.0,住,,,1101018,土地1建物1車位0,見其他登記事項,3,店面(店鋪),住商用,鋼筋混凝土造,0741125,168.87,3,2,3,有,無,有,18000,107,,0.0,0,,RPROMLPLIIGGFAT09CC
竹田鄉,房地(土地+建物),屏東縣竹田鄉自強路４１之１３號,64.44,住,,,1101023,土地1建物1車位0,全,2,透天厝,住商用,加強磚造,0691216,88.0,2,2,1,有,無,有,8000,91,,0.0,0,,RPPOMLQLIIGGFCT56CC
長治鄉,房地(土地+建物),屏東縣長治鄉香楊路４７號,97.0,住,,,1101018,土地1建物1車位0,全,2,透天厝,住商用,加強磚造,0680723,130.5,0,0,0,無,無,無,10000,77,,0.0,0,,RPVNMLSLIIGGFAT07CC
潮州鎮,房地(土地+建物),屏東縣潮州鎮太平路１０１號,90.78,其他,,,1101025,土地1建物1車位0,全,3,透天厝,住商用,鋼筋混凝土造,0720716,186.42,3,3,2,有,無,無,25000,134,,0.0,0,,RPTNMLTLIIGGFCT17CC
內埔鄉,房地(土地+建物),屏東縣內埔鄉學人路６７８-１號,173.71,其他,,,1101026,土地1建物1車位0,全,2,透天厝,店舖、住宅、梯間,鋼筋混凝土造,0951025,207.52,0,0,0,無,無,無,32000,154,,0.0,0,租期屆滿後，續租條件:第二、三年租金每月三萬三千元，第四年租金每月三萬四千元，第五年租金每月三萬五千元整，需重新簽立契約使生效。,RPQNMLKMIIGGFCT68CC
屏東市,土地,大慶段21-17地號,1881.34,,工業區,丁種建築用地,1101103,土地1建物0車位0,,,其他,,,,0.0,0,0,0,有,無,無,60000,32,,0.0,0,,RPWOMLNJJIGGFAT66CC
屏東市,建物,屏東縣屏東市北平路９號３樓之１６,0.0,商,,,1101104,土地0建物1車位0,三層,7,華廈(10層含以下有電梯),商業用,鋼筋混凝土造,0840224,46.18,1,1,1,有,有,有,6000,130,,0.0,0,,RPOOMLPJJIGGFAT68CC
屏東市,房地(土地+建物),屏東縣屏東市廣東路９５４巷３弄１８號,107.0,住,,,1101105,土地1建物1車位0,全,2,透天厝,住家用,加強磚造,0740624,137.64,4,2,3,有,無,有,13500,98,,0.0,0,,RPUOMLPJJIGGFAT66CC
屏東市,房地(土地+建物),屏東縣屏東市公正一街８３巷４號,64.0,住,,,1101105,土地1建物1車位0,全,2,透天厝,住家用,鋼筋混凝土加強磚造,0650911,80.8,3,2,2,有,無,有,10000,124,,0.0,0,,RPVOMLPJJIGGFAT76CC
屏東市,房地(土地+建物),屏東縣屏東市建國路４５０巷２０-１號,872.0,工,,,1101105,土地1建物1車位0,見其他登記事項,3,工廠,廠房,鋼筋混凝土造,0900531,1001.25,0,0,0,無,無,無,90000,,,0.0,0,,RPWNMLSJJIGGFAT07CC
內埔鄉,建物,屏東縣內埔鄉福泰路３-６號１樓,4.95,,鄉村區,乙種建築用地,1101016,土地0建物0車位0,一層,7,華廈(10層含以下有電梯),集合住宅,鋼筋混凝土構造,1031217,29.52,1,0,1,有,有,有,5000,169,,0.0,0,,RPOOMLKKJIGGFCT48CC
內埔鄉,建物,屏東縣內埔鄉福泰路３-１號３樓,5.7,,鄉村區,乙種建築用地,1101015,土地0建物0車位0,三層,7,華廈(10層含以下有電梯),集合住宅,鋼筋混凝土構造,1031217,33.27,1,0,1,有,有,有,5000,150,,0.0,0,,RPPOMLKKJIGGFCT58CC
內埔鄉,建物,屏東縣內埔鄉福泰路３-１７號７樓,5.72,,鄉村區,乙種建築用地,1101014,土地0建物0車位0,七層,7,華廈(10層含以下有電梯),集合住宅,鋼筋混凝土構造,1031217,33.2,1,0,1,有,有,有,5000,151,,0.0,0,,RPQOMLKKJIGGFCT68CC
內埔鄉,建物,屏東縣內埔鄉福泰路３-７號７樓,4.95,,鄉村區,乙種建築用地,1101015,土地0建物0車位0,七層,7,華廈(10層含以下有電梯),集合住宅,鋼筋混凝土構造,1031217,29.52,1,0,1,有,有,有,5000,169,,0.0,0,,RPROMLKKJIGGFCT78CC
內埔鄉,建物,屏東縣內埔鄉福泰路３-５號３樓,5.89,,鄉村區,乙種建築用地,1101014,土地0建物0車位0,三層,7,華廈(10層含以下有電梯),集合住宅,鋼筋混凝土構造,1031217,34.19,1,0,1,有,有,有,5000,146,,0.0,0,,RPSOMLKKJIGGFCT88CC
內埔鄉,建物,屏東縣內埔鄉福泰路３-６號５樓,4.95,,鄉村區,乙種建築用地,1101021,土地0建物0車位0,五層,7,華廈(10層含以下有電梯),集合住宅,鋼筋混凝土構造,1031217,29.52,1,0,1,有,有,有,5000,169,,0.0,0,,RPUOMLKKJIGGFCT09CC
內埔鄉,建物,屏東縣內埔鄉福泰路３-５號５樓,5.89,,鄉村區,乙種建築用地,1101022,土地0建物0車位0,五層,7,華廈(10層含以下有電梯),集合住宅,鋼筋混凝土構造,1031217,34.19,1,0,1,有,有,有,5000,146,,0.0,0,,RPVOMLKKJIGGFCT56CC
內埔鄉,建物,屏東縣內埔鄉福泰路３-１號６樓,5.71,,鄉村區,乙種建築用地,1101025,土地0建物0車位0,六層,7,華廈(10層含以下有電梯),集合住宅,鋼筋混凝土構造,1031217,33.27,1,0,1,有,有,有,5000,150,,0.0,0,,RPWOMLKKJIGGFCT66CC
內埔鄉,建物,屏東縣內埔鄉福泰路３號６樓,6.9,,鄉村區,乙種建築用地,1101017,土地0建物0車位0,六層,7,華廈(10層含以下有電梯),集合住宅,鋼筋混凝土構造,1031217,38.64,1,0,1,有,有,有,5000,129,,0.0,0,,RPXOMLKKJIGGFCT76CC
內埔鄉,建物,屏東縣內埔鄉福泰路３-５號６樓,5.89,,鄉村區,乙種建築用地,1101015,土地0建物0車位0,六層,7,華廈(10層含以下有電梯),集合住宅,鋼筋混凝土構造,1031217,34.19,1,0,1,有,有,有,5000,146,,0.0,0,,RPPPMLKKJIGGFCT68CC
萬丹鄉,土地,新鐘段1620地號,363.63,,一般農業區,農牧用地,1101022,土地1建物0車位0,,,其他,,,,0.0,0,0,0,有,無,無,26000,72,,0.0,0,含增建或未登記建物。；1.實際承租地坪約110坪2.未保存登記建物約85坪,RPWNMLLKJIGGFAT09CC
內埔鄉,建物,屏東縣內埔鄉壽比路２２８號２樓之１,11.0,,鄉村區,乙種建築用地,1101019,土地0建物0車位0,二層,7,華廈(10層含以下有電梯),集合住宅,鋼筋混凝土構造,1051104,30.84,1,0,1,有,有,有,5900,191,,0.0,0,,RPUNMLMKJIGGFCT56CC
內埔鄉,建物,屏東縣內埔鄉壽比路２３２號３樓之１,11.3,,鄉村區,乙種建築用地,1101013,土地0建物0車位0,三層,7,華廈(10層含以下有電梯),集合住宅,鋼筋混凝土構造,1051104,31.66,1,0,1,有,有,有,5800,183,,0.0,0,,RPVNMLMKJIGGFCT66CC
內埔鄉,建物,屏東縣內埔鄉壽比路２３２號７樓之５,16.29,,鄉村區,乙種建築用地,1101015,土地0建物0車位0,七層,7,華廈(10層含以下有電梯),集合住宅,鋼筋混凝土構造,1051104,30.29,1,0,1,有,有,有,5500,182,,0.0,0,,RPWNMLMKJIGGFCT76CC
內埔鄉,建物,屏東縣內埔鄉壽比路２３２號７樓之１,11.3,,鄉村區,乙種建築用地,1101013,土地0建物0車位0,七層,7,華廈(10層含以下有電梯),集合住宅,鋼筋混凝土構造,1051104,31.66,1,0,1,有,有,有,5500,174,,0.0,0,,RPOOMLMKJIGGFCT68CC
內埔鄉,建物,屏東縣內埔鄉壽比路２３０號７樓之５,10.9,,鄉村區,乙種建築用地,1101019,土地0建物0車位0,七層,7,華廈(10層含以下有電梯),集合住宅,鋼筋混凝土構造,1051104,30.45,1,0,1,有,有,有,5600,184,,0.0,0,,RPPOMLMKJIGGFCT78CC
內埔鄉,建物,屏東縣內埔鄉壽比路２３０號７樓之７,10.77,,鄉村區,乙種建築用地,1101013,土地0建物0車位0,七層,7,華廈(10層含以下有電梯),集合住宅,鋼筋混凝土構造,1051104,30.02,1,0,1,有,有,有,5600,187,,0.0,0,,RPQOMLMKJIGGFCT88CC
內埔鄉,建物,屏東縣內埔鄉壽比路２３２號６樓之５,10.86,,鄉村區,乙種建築用地,1101018,土地0建物0車位0,六層,7,華廈(10層含以下有電梯),集合住宅,鋼筋混凝土構造,1051104,30.29,1,0,1,有,有,有,5500,182,,0.0,0,,RPROMLMKJIGGFCT98CC
內埔鄉,建物,屏東縣內埔鄉壽比路２３０號６樓之１,10.9,,鄉村區,乙種建築用地,1101014,土地0建物0車位0,六層,7,華廈(10層含以下有電梯),集合住宅,鋼筋混凝土構造,1051104,30.45,1,0,1,有,有,有,5600,184,,0.0,0,,RPSOMLMKJIGGFCT09CC
內埔鄉,建物,屏東縣內埔鄉壽比路２２８號６樓之６,10.64,,鄉村區,乙種建築用地,1101015,土地0建物0車位0,六層,7,華廈(10層含以下有電梯),集合住宅,鋼筋混凝土構造,1051104,29.86,1,0,1,有,有,有,5500,184,,0.0,0,,RPUOMLMKJIGGFCT66CC
內埔鄉,建物,屏東縣內埔鄉壽比路２３２號５樓之３,11.04,,鄉村區,乙種建築用地,1101013,土地0建物0車位0,五層,7,華廈(10層含以下有電梯),集合住宅,鋼筋混凝土構造,1051104,30.9,1,0,1,有,有,有,5600,181,,0.0,0,,RPVOMLMKJIGGFCT76CC
內埔鄉,建物,屏東縣內埔鄉壽比路２３０號５樓之２,10.9,,鄉村區,乙種建築用地,1101018,土地0建物0車位0,五層,7,華廈(10層含以下有電梯),集合住宅,鋼筋混凝土構造,1051104,30.55,1,0,1,有,有,有,5600,183,,0.0,0,,RPWOMLMKJIGGFCT86CC
內埔鄉,建物,屏東縣內埔鄉壽比路２２８號５樓之３,11.04,,鄉村區,乙種建築用地,1101016,土地0建物0車位0,五層,7,華廈(10層含以下有電梯),集合住宅,鋼筋混凝土構造,1051104,30.94,1,0,1,有,有,有,5600,181,,0.0,0,,RPXOMLMKJIGGFCT96CC
內埔鄉,建物,屏東縣內埔鄉壽比路２３０號５樓之１,10.9,,鄉村區,乙種建築用地,1101018,土地0建物0車位0,五層,7,華廈(10層含以下有電梯),集合住宅,鋼筋混凝土構造,1051104,30.45,1,0,1,有,有,有,5600,184,,0.0,0,,RPOPMLMKJIGGFCT78CC
內埔鄉,建物,屏東縣內埔鄉壽比路２３０號３樓之６,10.86,,鄉村區,乙種建築用地,1101013,土地0建物0車位0,三層,7,華廈(10層含以下有電梯),集合住宅,鋼筋混凝土構造,1051104,30.31,1,0,1,有,有,有,5500,181,,0.0,0,,RPPPMLMKJIGGFCT88CC
內埔鄉,建物,屏東縣內埔鄉福泰路３-３號２樓,5.78,,鄉村區,乙種建築用地,1101014,土地0建物0車位0,二層,7,華廈(10層含以下有電梯),集合住宅,鋼筋混凝土構造,1031217,33.5,1,0,1,有,有,有,5000,149,,0.0,0,,RPQPMLMKJIGGFCT98CC
內埔鄉,建物,屏東縣內埔鄉福泰路３-１３號４樓,5.73,,鄉村區,乙種建築用地,1101015,土地0建物0車位0,十三層,7,華廈(10層含以下有電梯),集合住宅,鋼筋混凝土構造,1031217,33.19,1,0,1,有,有,有,5000,151,,0.0,0,,RPRPMLMKJIGGFCT09CC
內埔鄉,建物,屏東縣內埔鄉福泰路３號４樓,6.72,,鄉村區,乙種建築用地,1101014,土地0建物0車位0,四層,7,華廈(10層含以下有電梯),集合住宅,鋼筋混凝土構造,1031217,38.64,1,0,1,有,有,有,5000,129,,0.0,0,,RPSPMLMKJIGGFCT56CC
內埔鄉,建物,屏東縣內埔鄉福泰路３-１３號４樓,5.73,,鄉村區,乙種建築用地,1101015,土地0建物0車位0,四層,7,華廈(10層含以下有電梯),集合住宅,鋼筋混凝土構造,1031217,33.19,1,0,2,有,有,有,5000,151,,0.0,0,,RPTPMLMKJIGGFCT66CC
內埔鄉,建物,屏東縣內埔鄉福泰路３-８號６樓,5.78,,鄉村區,乙種建築用地,1101016,土地0建物0車位0,六層,7,華廈(10層含以下有電梯),集合住宅,鋼筋混凝土構造,1031217,33.4,1,0,1,有,有,有,5000,150,,0.0,0,,RPUPMLMKJIGGFCT76CC
內埔鄉,建物,屏東縣內埔鄉壽比路２２８號４樓之７,11.3,,鄉村區,乙種建築用地,1101024,土地0建物0車位0,四層,7,華廈(10層含以下有電梯),集合住宅,鋼筋混凝土構造,1051104,31.81,1,0,1,有,有,有,5400,170,,0.0,0,,RPVPMLMKJIGGFCT86CC
內埔鄉,建物,屏東縣內埔鄉壽比路２２８號６樓之６,10.64,,鄉村區,乙種建築用地,1101025,土地0建物0車位0,六層,7,華廈(10層含以下有電梯),集合住宅,鋼筋混凝土構造,1051104,29.86,1,0,1,有,有,有,5400,181,,0.0,0,,RPWPMLMKJIGGFCT96CC
內埔鄉,建物,屏東縣內埔鄉壽比路２２８號６樓之７,11.3,,鄉村區,乙種建築用地,1101020,土地0建物0車位0,六層,7,華廈(10層含以下有電梯),集合住宅,鋼筋混凝土構造,1051104,31.81,1,0,1,有,有,有,5500,173,,0.0,0,,RPXPMLMKJIGGFCT07CC
內埔鄉,建物,屏東縣內埔鄉壽比路２３２號２樓之１,11.3,,鄉村區,乙種建築用地,1101026,土地0建物0車位0,二層,7,華廈(10層含以下有電梯),集合住宅,鋼筋混凝土構造,1051104,31.66,1,0,1,有,有,有,5400,171,,0.0,0,,RPPQMLMKJIGGFCT98CC
內埔鄉,建物,屏東縣內埔鄉壽比路２２８號３樓之３,11.04,,鄉村區,乙種建築用地,1101026,土地0建物0車位0,三層,7,華廈(10層含以下有電梯),集合住宅,鋼筋混凝土構造,1051104,30.94,1,0,1,有,有,有,5500,178,,0.0,0,,RPQQMLMKJIGGFCT09CC
內埔鄉,建物,屏東縣內埔鄉壽比路２３０號２樓之３,10.64,,鄉村區,乙種建築用地,1101022,土地0建物0車位0,二層,7,華廈(10層含以下有電梯),集合住宅,鋼筋混凝土構造,1051104,29.86,1,0,1,有,有,有,5400,181,,0.0,0,,RPRQMLMKJIGGFCT56CC
內埔鄉,建物,屏東縣內埔鄉壽比路２２８號４樓之２,11.7,,鄉村區,乙種建築用地,1101026,土地0建物0車位0,四層,7,華廈(10層含以下有電梯),集合住宅,鋼筋混凝土構造,1051104,32.63,1,0,1,有,有,有,5500,169,,0.0,0,,RPSQMLMKJIGGFCT66CC
內埔鄉,建物,屏東縣內埔鄉福泰路３號２樓,6.6,,鄉村區,乙種建築用地,1101022,土地0建物0車位0,二層,7,華廈(10層含以下有電梯),集合住宅,鋼筋混凝土構造,1031217,38.64,1,0,1,有,有,有,5000,129,,0.0,0,,RPTQMLMKJIGGFCT76CC
內埔鄉,建物,屏東縣內埔鄉福泰路３-１１號１樓,5.71,,鄉村區,乙種建築用地,1101021,土地0建物0車位0,一層,7,華廈(10層含以下有電梯),集合住宅,鋼筋混凝土構造,1031217,33.2,1,0,1,有,有,有,5000,151,,0.0,0,,RPUQMLMKJIGGFCT86CC
內埔鄉,建物,屏東縣內埔鄉福泰路３-１號４樓,5.71,,鄉村區,乙種建築用地,1101025,土地0建物0車位0,四層,7,華廈(10層含以下有電梯),集合住宅,鋼筋混凝土構造,1031217,33.27,1,0,1,有,有,有,5000,150,,0.0,0,,RPWQMLMKJIGGFCT07CC
內埔鄉,房地(土地+建物),屏東縣內埔鄉壽比路２６９號２樓之５,6.47,,鄉村區,乙種建築用地,1101112,土地1建物1車位0,二層,5,華廈(10層含以下有電梯),集合住宅,鋼筋混凝土造,0920501,21.63,1,1,1,有,有,有,3500,162,,0.0,0,,RPTOMLPKJIGGFCT86CC
屏東市,房地(土地+建物),屏東縣屏東市興豐路７１號,620.0,住,,,1101109,土地1建物1車位0,見其他登記事項,4,店面(店鋪),托兒所、住宅、補習班、梯間,鋼筋混凝土造,0920923,1107.45,20,3,6,有,無,無,120000,108,,0.0,0,,RPXNMLPKJIGGFAT96CC
屏東市,建物,屏東縣屏東市德豐街６７號６樓,0.0,住,,,1101113,土地0建物1車位0,六層,7,華廈(10層含以下有電梯),住家用,鋼筋混凝土造,0810808,112.47,3,2,2,有,無,有,11500,102,,0.0,0,,RPTOMLPKJIGGFAT66CC
內埔鄉,建物,屏東縣內埔鄉壽比路２２８號６樓之５,9.16,,鄉村區,乙種建築用地,1101016,土地0建物0車位0,六層,7,華廈(10層含以下有電梯),集合住宅,鋼筋混凝土構造,1051104,31.1,1,0,1,有,有,有,5600,180,,0.0,0,,RPSNMLQKJIGGFCT76CC
內埔鄉,建物,屏東縣內埔鄉壽比路２２８號３樓之５,9.16,,鄉村區,乙種建築用地,1101019,土地0建物0車位0,五層,7,華廈(10層含以下有電梯),集合住宅,鋼筋混凝土構造,1051104,31.1,1,0,1,有,有,有,5500,177,,0.0,0,,RPTNMLQKJIGGFCT86CC
內埔鄉,建物,屏東縣內埔鄉福泰路３-６號７樓,7.36,,鄉村區,乙種建築用地,1101020,土地0建物0車位0,七層,7,華廈(10層含以下有電梯),集合住宅,鋼筋混凝土構造,1031217,29.52,1,0,1,有,有,有,5000,169,,0.0,0,,RPUNMLQKJIGGFCT96CC
內埔鄉,建物,屏東縣內埔鄉福泰路３之１號３樓,8.5,,鄉村區,乙種建築用地,1100901,土地0建物0車位0,三層,7,華廈(10層含以下有電梯),集合住宅,鋼筋混凝土構造,1031217,33.27,1,0,1,有,有,有,5000,150,,0.0,0,,RPTOMLQKJIGGFCT96CC
內埔鄉,建物,屏東縣內埔鄉壽比路２３０號３樓之５,8.99,,鄉村區,乙種建築用地,1100309,土地0建物0車位0,三層,7,華廈(10層含以下有電梯),集合住宅,鋼筋混凝土構造,1051104,30.45,1,0,1,有,有,有,5500,181,,0.0,0,,RPUOMLQKJIGGFCT07CC
屏東市,房地(土地+建物),屏東縣屏東市民享路１７１號,69.0,住,,,1101110,土地1建物1車位0,見其他登記事項,2,店面(店鋪),住商用,加強磚造,0680528,96.54,2,2,2,有,無,無,17000,176,,0.0,0,,RPPOMLRKJIGGFAT09CC
屏東市,房地(土地+建物),屏東縣屏東市信義路５６號５樓之３,20.34,住,,,1101118,土地1建物1車位0,五層,5,華廈(10層含以下有電梯),住家用,鋼筋混凝土造,0840104,72.85,2,1,1,有,無,有,13500,185,,0.0,0,,RPWNMLTKJIGGFAT27CC
