﻿編號,土地位置,土地移轉面積(平方公尺),使用分區或編定,權利人持分分母,權利人持分分子,移轉情形,地號
The serial number, land position,land shifting area square meter,the use zoning or compiles and checks,,,,land parcel
RPSNMLKKRHGGFAW96EA,市港段,7.62,都市：其他:第二種商業區,100000,731,持分移轉,00930000
RPQOMLRJRHGGFAW37DA,寧安二劃段,1000.00,都市：其他:農業區,1,1,全筆移轉,01050000
RPXNMLRJRHGGFAW97DA,城東段,17.59,都市：其他:道路用地,1,1,全筆移轉,05740000
RPPNMLSJRHGGFAW27DA,城東段,7.90,都市：其他:道路用地,1,1,全筆移轉,05760000
RPSOMLKKRHGGFAW07EA,燕南山段,344.25,都市：其他:農業區,1,1,全筆移轉,00480000
RPSOMLKKRHGGFAW07EA,燕南山段,333.11,都市：其他:農業區,1,1,全筆移轉,00490000
RPTNMLSJRHGGFAW67DA,祥瑞段,31.31,都市：其他:道路用地,60000,729,持分移轉,08470000
RPTNMLLMQHGGFAW17DA,官嶼劃段,531.36,都市：其他:農業區,2,1,持分移轉,03610000
RPTNMLLMQHGGFAW17DA,官嶼劃段,8.64,都市：其他:農業區,2,1,持分移轉,03610002
RPSNMLLKRHGGFAW96DA,延平段,45.46,都市：其他:農業區,20,1,持分移轉,05340001
RPWNMLSJRHGGFAW97DA,祥瑞段,280.68,都市：其他:道路用地,60000,6535,持分移轉,08470000
RPSNMLLJRHGGFAW86DA,西山段,24.47,都市：其他:農業區,10000,349,持分移轉,06090000
RPSNMLLMQHGGFAW07DA,官嶼劃段,531.36,都市：其他:農業區,2,1,持分移轉,03610000
RPSNMLLMQHGGFAW07DA,官嶼劃段,8.64,都市：其他:農業區,2,1,持分移轉,03610002
RPSNMLLJRHGGFAW86DA,西山段,10.75,都市：其他:自然村專用區,10000,349,持分移轉,06090001
RPOOMLKKRHGGFAW56DA,安岐村測段,41.10,都市：其他:自然村專用區,100000,9975,持分移轉,02120000
RPXNMLLKRHGGFAW47DA,浯坑劃測段,1258.34,都市：其他:農業區,1,1,全筆移轉,06480000
RPXNMLLKRHGGFAW47DA,浯坑劃測段,123.68,都市：其他:道路用地,1,1,全筆移轉,06480001
RPPOMLKKRHGGFAW66DA,古崗段,486.50,都市：其他:農業區,1,1,全筆移轉,03100000
RPPOMLKKRHGGFAW66DA,燕南山段,530.31,都市：其他:農業區,1,1,全筆移轉,10100000
RPPOMLKKRHGGFAW66DA,燕南山段,809.63,都市：其他:農業區,1,1,全筆移轉,10620000
RPPOMLKKRHGGFAW66DA,珠山段,182.07,都市：其他:國家公園區,1,1,全筆移轉,13370000
RPPOMLKKRHGGFAW66DA,珠山段,332.50,都市：其他:國家公園區,1,1,全筆移轉,13390000
RPSNMLPKRHGGFAW37DA,延平段,45.46,都市：其他:農業區,20,1,持分移轉,05340001
RPUNMLRJRHGGFAW67DA,煙墩段,9.88,都市：其他:自然村專用區,10000,163,持分移轉,10060000
RPUNMLRJRHGGFAW67DA,煙墩段,16.82,都市：其他:自然村專用區,10000,163,持分移轉,10070000
RPWNMLKKRHGGFAW27DA,中三劃測段,11.77,都市：其他:農業區,1,1,全筆移轉,05330002
RPVNMLKKRHGGFAW17DA,中三劃測段,11.77,都市：其他:農業區,1,1,全筆移轉,04720001
RPXNMLSJRHGGFAW08DA,煙墩段,9.88,都市：其他:自然村專用區,10000,163,持分移轉,10060000
RPXNMLSJRHGGFAW08DA,煙墩段,16.82,都市：其他:自然村專用區,10000,163,持分移轉,10070000
RPOOMLRJRHGGFAW17DA,西山段,23.97,都市：其他:農業區,10000,342,持分移轉,06090000
RPOOMLRJRHGGFAW17DA,西山段,10.53,都市：其他:自然村專用區,10000,342,持分移轉,06090001
RPQNMLQKRHGGFAW27DA,湖下村測段,43.97,都市：其他:自然村專用區,42,9,持分移轉,03070000
RPRNMLRKRHGGFAW47DA,北一段,248.74,都市：其他:農業區,4,1,持分移轉,03110000
RPPNMLQKRHGGFAW17DA,庵下測段,913.29,都市：其他:農業區,1,1,全筆移轉,05720000
RPTNMLRJRHGGFAW57DA,煙墩段,9.88,都市：其他:自然村專用區,10000,163,持分移轉,10060000
RPTNMLRJRHGGFAW57DA,煙墩段,16.82,都市：其他:自然村專用區,10000,163,持分移轉,10070000
RPVNMLSJRHGGFAW87DA,后湖段,755.67,都市：其他:農業區,1,1,全筆移轉,09270000
RPTNMLMLRHGGFAW37EA,浦邊測段,936.16,都市：其他:保護區,1,1,全筆移轉,06180000
RPPNMLNKRHGGFAW86DA,青山段,917.65,都市：其他:農業區,1,1,全筆移轉,06590000
RPRNMLNKRHGGFAW07DA,北一段,1090.01,都市：其他:農業區,1,1,全筆移轉,05030000
RPTNMLNLRHGGFAW37DA,湖尾村測段,46.10,都市：其他:自然村專用區,100000,4061,持分移轉,02150000
RPSNMLMLRHGGFAW17DA,烈濱劃測段,449.69,都市：其他:農業區,1,1,全筆移轉,00150000
RPSNMLMLRHGGFAW17DA,烈濱劃測段,712.99,都市：其他:農業區,1,1,全筆移轉,00160000
RPUNMLPKRHGGFAW57DA,青山段,34.37,都市：其他:自然村專用區,100000,10271,持分移轉,09850000
RPUNMLPKRHGGFAW57DA,青山段,15.84,都市：其他:自然村專用區,100000,6970,持分移轉,09850001
RPQNMLNLRHGGFAW07DA,沙田劃段,770.00,都市：其他:保護區,1,1,全筆移轉,00080000
RPPNMLOLRHGGFAW07DA,金門城測段,63.79,都市：其他:自然村專用區,21,1,持分移轉,03920000
RPUNMLOLRHGGFAW57DA,東紅山段,746.60,都市：其他:國家公園區,1,1,全筆移轉,04370000
RPSNMLNKRHGGFAW17DA,寧湖一劃段,16.12,都市：其他:自然村專用區,100000,1805,持分移轉,03990000
RPVNMLNKRHGGFAW47DA,中三劃測段,701.13,都市：其他:農業區,1,1,全筆移轉,06260000
RPSOMLKKRHGGFAW96DA,沙溪測段,646.21,都市：其他:國家公園區,1,1,全筆移轉,10660000
RPSNMLNLRHGGFAW37EA,榮湖段,498.15,都市：其他:自然村專用區,1,1,全筆移轉,10020000
RPWNMLRJRHGGFAW87DA,北堤段,18.15,都市：其他:第三種住宅區。,1,1,全筆移轉,02450007
RPVNMLMLPHGGFAW27DA,西山段,21.66,都市：其他:農業區,10000,309,持分移轉,06090000
RPVNMLMLPHGGFAW27DA,西山段,9.52,都市：其他:自然村專用區,10000,309,持分移轉,06090001
RPPNMLQJQHGGFAW96DA,青山段,50.98,都市：其他:自然村專用區,24,1,持分移轉,09760000
RPRNMLSLRHGGFAW67DA,小西門劃測段,700.00,都市：其他:農業區,1,1,全筆移轉,10470000
RPTNMLRKRHGGFAW67DA,中一段,76.60,都市：其他:第一種住宅區,5,1,持分移轉,05150000
RPTNMLRKRHGGFAW67DA,中一段,7.17,都市：其他:綠地用地,5,1,持分移轉,05150002
RPXNMLSLRHGGFAW38EA,寧湖二劃測段,500.04,都市：其他:農業區,1,1,全筆移轉,04180001
RPWNMLSLRHGGFAW28EA,寧湖二劃測段,466.12,都市：其他:農業區,1,1,全筆移轉,02840000
RPWNMLSLRHGGFAW28EA,寧湖二劃測段,27.38,都市：其他:道路用地,1,1,全筆移轉,02840002
RPPNMLTLRHGGFAW67EA,前水頭測段,155.52,都市：其他:國家公園區,1,1,全筆移轉,00040000
RPQNMLTLRHGGFAW77EA,呂厝村段,156.00,都市：其他:自然村專用區,1,1,全筆移轉,01280000
RPXNMLKKRHGGFAW37DA,中三劃測段,733.00,都市：其他:農業區,1,1,全筆移轉,07080000
RPUNMLLMQHGGFAW27DA,延平段,45.46,都市：其他:農業區,20,1,持分移轉,05340001
RPRNMLTLRHGGFAW87EA,舊金城段,344.00,都市：其他:農業區,1,1,全筆移轉,03240000
RPTNMLOLRHGGFAW47DA,金門城測段,49.22,都市：其他:自然村專用區,10000,1135,持分移轉,08360000
RPSNMLTLRHGGFAW97EA,官嶼劃段,227.00,都市：其他:自然村專用區,1,1,全筆移轉,00470002
RPTNMLTLRHGGFAW97DA,庵前劃測段,445.00,都市：其他:自然村專用區,1,1,全筆移轉,03870000
RPUNMLSLRHGGFAW08EA,山前段,140.78,都市：其他:道路用地,1,1,全筆移轉,07380000
RPUNMLSLRHGGFAW08EA,寧湖二劃測段,58.34,都市：其他:道路用地,1,1,全筆移轉,13190001
RPQNMLSKQHGGFAW37DA,市港段,14.74,都市：其他:第五種住宅區,10000,123,持分移轉,00970000
RPWNMLTKQHGGFAW08DA,市港段,15.22,都市：其他:第五種住宅區,10000,127,持分移轉,00970000
RPUNMLMLPHGGFAW17DA,西山段,21.66,都市：其他:農業區,10000,309,持分移轉,06090000
RPUNMLMLPHGGFAW17DA,西山段,9.52,都市：其他:自然村專用區,10000,309,持分移轉,06090001
RPVNMLLKRHGGFAW27DA,市港段,22.13,都市：其他:第五種住宅區,10000,816,持分移轉,01040000
RPTNMLKMRHGGFAW17DA,烈新段,364.82,都市：其他:第三種住宅區。,1,1,全筆移轉,01770000
RPSNMLRKRHGGFAW57DA,官嶼劃段,984.00,都市：其他:農業區,1,1,全筆移轉,01780000
RPQNMLNKRHGGFAW96DA,寧湖三劃段,5.00,都市：其他:農業區,12,1,持分移轉,04050000
RPSNMLRKRHGGFAW57DA,官嶼劃段,16.00,都市：其他:農業區,1,1,全筆移轉,01780001
RPQNMLNKRHGGFAW96DA,寧湖三劃段,109.09,都市：其他:農業區,1,1,全筆移轉,04050006
RPQNMLNKRHGGFAW96DA,寧湖三劃段,14.43,都市：其他:農業區,12,1,持分移轉,04050013
RPQNMLNKRHGGFAW96DA,寧湖三劃段,2.00,都市：其他:農業區,12,1,持分移轉,04050014
RPQNMLNKRHGGFAW96DA,湖前段,350.59,都市：其他:農業區,1,1,全筆移轉,05100029
RPRNMLKMRHGGFAW96DA,汶沙測段,43.97,都市：其他:自然村專用區,1,1,全筆移轉,09800000
RPSNMLLJIIGGFAW68DA,金門城測段,19.34,都市：其他:自然村專用區,39057,3164,持分移轉,02970000
RPOOMLSLRHGGFAW47DA,寧湖一劃段,52.81,都市：其他:自然村專用區,1,1,全筆移轉,02530003
RPUNMLSJRHGGFAW77DA,泗湖村測段,315.01,都市：其他:農業區,1,1,全筆移轉,00040000
RPTNMLOJIIGGFAW09DA,北九劃段,1000.00,都市：其他:農業區,1,1,全筆移轉,11180000
RPVNMLOJIIGGFAW66DA,寧古劃段,485.66,都市：其他:國家公園區,1,1,全筆移轉,01400000
RPVNMLOJIIGGFAW66DA,寧古劃段,14.34,都市：其他:國家公園區,1,1,全筆移轉,01400001
RPVNMLOJIIGGFAW66DA,寧古劃段,483.77,都市：其他:國家公園區,1,1,全筆移轉,01410000
RPVNMLOJIIGGFAW66DA,寧古劃段,16.23,都市：其他:國家公園區,1,1,全筆移轉,01410001
RPPNMLPJIIGGFAW78DA,沙田劃段,1000.00,都市：其他:保護區,1,1,全筆移轉,03970000
RPQNMLQJQHGGFAW07DA,尚義段,7.91,都市：其他:自然村專用區,10000,294,持分移轉,10470000
RPQNMLQJQHGGFAW07DA,尚義段,31.49,都市：其他:自然村專用區,10000,294,持分移轉,10480001
RPQNMLQKQHGGFAW17DA,前山前測段,47.22,都市：其他:自然村專用區,10000,987,持分移轉,00760000
RPQNMLQJIIGGFAW09EA,士校段,8.00,都市：其他:自然村專用區,1,1,全筆移轉,08200007
RPPNMLPKRHGGFAW07DA,寧山段,577.92,都市：其他:農業區,1,1,全筆移轉,09380000
RPROMLQJIIGGFAW56DA,夏興段,316.78,都市：其他:農業區,1,1,全筆移轉,10410000
RPWNMLOKRHGGFAW67DA,西山段,24.47,都市：其他:農業區,10000,349,持分移轉,06090000
RPWNMLOKRHGGFAW67DA,西山段,10.75,都市：其他:自然村專用區,10000,349,持分移轉,06090001
RPSOMLQJIIGGFAW66DA,漁村段,272.71,都市：其他:自然村專用區,1,1,全筆移轉,02800008
RPTNMLLJIIGGFAW78DA,祥瑞段,5.08,都市：其他:第三種住宅區。,10,1,持分移轉,07540000
RPUNMLNLRHGGFAW47DA,西堡劃測段,900.03,都市：其他:農業區,1,1,全筆移轉,02690000
RPVNMLLJIIGGFAW98DA,寧劃段,979.09,都市：其他:農業區,1,1,全筆移轉,03790000
RPQNMLOJIIGGFAW78DA,寧安四劃段,250.00,都市：其他:農業區,1,1,全筆移轉,02480005
RPQNMLPKRHGGFAW17DA,金門城測段,410.03,都市：其他:自然村專用區,2,1,持分移轉,05350000
RPQNMLRJIIGGFAW09DA,湖前段,47.37,都市：其他:自然村專用區,6,1,持分移轉,02700000
RPRNMLSJIIGGFAW66DA,湖下村測段,43.97,都市：其他:自然村專用區,42,9,持分移轉,03070000
RPPNMLMLRHGGFAW86DA,湖尚劃段,536.00,都市：其他:風景區,1,1,全筆移轉,00480000
RPPNMLMLRHGGFAW86DA,湖尚劃段,1260.00,都市：其他:風景區,1,1,全筆移轉,00950000
RPPNMLQLRHGGFAW27DA,北五劃段,953.00,都市：其他:國家公園區,1,1,全筆移轉,04870000
RPUNMLOJIIGGFAW56DA,北二三劃測段,43.61,都市：其他:自然村專用區,10000,1185,持分移轉,02290000
RPTNMLNKIIGGFAW09DA,洋山段,26.60,都市：其他:自然村專用區,10000,566,持分移轉,09930000
RPTNMLNKIIGGFAW09DA,洋山段,22.41,都市：其他:自然村專用區,10000,566,持分移轉,10200000
RPSNMLKMRHGGFAW07DA,庵前劃測段,43.48,都市：其他:自然村專用區,10,1,持分移轉,03910002
RPSNMLKMRHGGFAW07DA,庵前劃測段,15.59,都市：其他:自然村專用區,10,1,持分移轉,03910003
RPVNMLTLRHGGFAW18DA,東洲段,57.27,都市：其他:自然村專用區,10000,771,持分移轉,04880000
RPXNMLNKRHGGFAW67DA,西山段,23.97,都市：其他:農業區,10000,342,持分移轉,06090000
RPXNMLNKRHGGFAW67DA,西山段,10.53,都市：其他:自然村專用區,10000,342,持分移轉,06090001
RPPNMLOKIIGGFAW78DA,寧安二劃段,1000.00,都市：其他:農業區,1,1,全筆移轉,01050000
RPRNMLOKIIGGFAW98DA,烈濱劃測段,449.69,都市：其他:農業區,1,1,全筆移轉,00150000
RPRNMLOKIIGGFAW98DA,烈濱劃測段,712.99,都市：其他:農業區,1,1,全筆移轉,00160000
RPTNMLSKIIGGFAW96DA,陳坑段,102.00,都市：其他:自然村專用區,1,1,全筆移轉,08760000
RPSNMLPKIIGGFAW56DA,夏興段,852.86,都市：其他:國家公園區,1,1,全筆移轉,02590000
RPSNMLPKIIGGFAW56DA,夏興段,352.85,都市：其他:保護區,1,1,全筆移轉,02590001
RPQNMLKMRHGGFAW86DA,湖后劃段,1000.00,都市：其他:農業區,1,1,全筆移轉,03880000
RPPNMLOJIIGGFAW68DA,湖下村測段,43.97,都市：其他:自然村專用區,42,9,持分移轉,03070000
RPTNMLOKIIGGFAW56DA,汶沙測段,275.00,都市：其他:自然村專用區,1,1,全筆移轉,10310000
RPRNMLRJRHGGFAW37DA,陽宅段,71.00,都市：其他:自然村專用區,1,1,全筆移轉,10610011
RPRNMLRJRHGGFAW37DA,陽宅段,25.65,都市：其他:自然村專用區,10000,1239,持分移轉,10610012
RPWNMLPKRHGGFAW77DA,青山段,50.76,都市：其他:自然村專用區,10000,668,持分移轉,10790000
RPXNMLSKIIGGFAW37DA,金門城測段,152.27,都市：其他:自然村專用區,1,1,全筆移轉,08070000
RPRNMLNKIIGGFAW88DA,市港段,28.71,都市：其他:第五種住宅區,10000,333,持分移轉,01080000
RPQNMLTKIIGGFAW76DA,長寮段,45.22,都市：其他:自然村專用區,15,1,持分移轉,06290000
RPPNMLQJIIGGFAW88DA,慈湖段,4985.70,都市：其他:國家公園區,1,1,全筆移轉,00120000
RPPNMLQJIIGGFAW88DA,慈湖段,138.00,都市：其他:國家公園區,1,1,全筆移轉,00120001
RPTNMLRLRHGGFAW77DA,前山前測段,49.47,都市：其他:自然村專用區,10000,1034,持分移轉,00760000
RPQNMLPJIIGGFAW88DA,湖下村測段,32.37,都市：其他:自然村專用區,3,1,持分移轉,03120000
RPWNMLTKIIGGFAW37DA,湖前段,116.31,都市：其他:自然村專用區,997010,11631,持分移轉,04210000
RPPNMLTKIIGGFAW76EA,寧湖三劃段,340.00,都市：其他:農業區,1,1,全筆移轉,00750001
RPPNMLTKIIGGFAW76EA,寧湖三劃段,340.00,都市：其他:農業區,1,1,全筆移轉,00750002
RPQNMLRJRHGGFAW27DA,市港段,15.22,都市：其他:第五種住宅區,10000,127,持分移轉,00970000
RPRNMLNLRHGGFAW17DA,東洲段,42.44,都市：其他:自然村專用區,51405,4244,持分移轉,08790000
RPRNMLNLRHGGFAW17DA,東洲段,18.11,都市：其他:農業區,27,3,持分移轉,08790001
RPROMLKKRHGGFAW86DA,市港段,13.19,都市：其他:第五種住宅區,10000,110,持分移轉,00970000
RPWNMLMLRHGGFAW57DA,祥豐段,9.33,都市：其他:第三種住宅區。,10000,120,持分移轉,00390000
RPWNMLMLRHGGFAW57DA,祥豐段,7.24,都市：其他:第三種住宅區。,10000,120,持分移轉,00400000
RPRNMLLJIIGGFAW58DA,市港段,22.13,都市：其他:第五種住宅區,10000,816,持分移轉,01040000
RPUNMLQKRHGGFAW67DA,祥豐段,9.33,都市：其他:第三種住宅區。,10000,120,持分移轉,00390000
RPPOMLPKMHGGFAW66DA,寧安二劃段,41.09,都市：其他:自然村專用區,10000,832,持分移轉,05450000
RPUNMLQKRHGGFAW67DA,祥豐段,7.24,都市：其他:第三種住宅區。,10000,120,持分移轉,00400000
RPVNMLNKIIGGFAW66DA,大橋湖峰段,478.97,都市：其他:第七種住宅區,1,1,全筆移轉,00840000
RPQNMLKKRHGGFAW66DA,市港段,14.86,都市：其他:第五種住宅區,10000,124,持分移轉,00970000
RPSNMLRJIIGGFAW66DA,西堡劃測段,1255.29,都市：其他:保護區,1,1,全筆移轉,02000000
RPUNMLNKIIGGFAW56DA,大橋湖峰段,283.02,都市：其他:第七種住宅區,1,1,全筆移轉,00830000
RPXNMLNKIIGGFAW86DA,大橋湖峰段,283.02,都市：其他:第七種住宅區,1,1,全筆移轉,00860000
RPRNMLLLIIGGFAW78DA,新頭段,75.72,都市：其他:自然村專用區,10000,228,持分移轉,11520000
RPOOMLKLIIGGFAW48DA,北二三劃測段,500.01,都市：其他:農業區,1,1,全筆移轉,04600004
RPRNMLKLIIGGFAW78EA,中五劃段,483.88,都市：其他:國家公園區,8,7,持分移轉,05020000
RPRNMLKLIIGGFAW78EA,中五劃段,816.38,都市：其他:國家公園區,8,7,持分移轉,05270000
RPSNMLRLRHGGFAW67DA,祥豐段,.08,都市：其他:第三種住宅區。,10000,1,持分移轉,00390000
RPSNMLRLRHGGFAW67DA,祥豐段,.06,都市：其他:第三種住宅區。,10000,1,持分移轉,00400000
RPTNMLLLIIGGFAW98DA,榜林村測段,51.07,都市：其他:自然村專用區,3,1,持分移轉,01300000
RPQNMLRLRHGGFAW47DA,祥豐段,.08,都市：其他:第三種住宅區。,10000,1,持分移轉,00390000
RPQNMLRLRHGGFAW47DA,祥豐段,.06,都市：其他:第三種住宅區。,10000,1,持分移轉,00400000
RPTNMLTKIIGGFAW07DA,煙墩段,9.88,都市：其他:自然村專用區,10000,163,持分移轉,10060000
RPTNMLTKIIGGFAW07DA,煙墩段,16.82,都市：其他:自然村專用區,10000,163,持分移轉,10070000
RPRNMLRLRHGGFAW57DA,祥豐段,.08,都市：其他:第三種住宅區。,10000,1,持分移轉,00390000
RPRNMLRLRHGGFAW57DA,祥豐段,.06,都市：其他:第三種住宅區。,10000,1,持分移轉,00400000
RPSNMLSLRHGGFAW77DA,市港段,20.71,都市：其他:第五種住宅區,10000,299,持分移轉,00530000
RPPNMLLLIIGGFAW58DA,新頭段,84.91,都市：其他:公園用地,1,1,全筆移轉,02370021
RPUNMLSKIIGGFAW07DA,沙溪測段,646.21,都市：其他:國家公園區,1,1,全筆移轉,10660000
RPRNMLPLIIGGFAW66EA,后宅測段,852.00,都市：其他:農業區,1,1,全筆移轉,08020000
RPRNMLPLIIGGFAW66EA,后宅測段,640.01,都市：其他:農業區,1,1,全筆移轉,10780000
RPRNMLPLIIGGFAW66EA,后宅測段,322.17,都市：其他:農業區,1,1,全筆移轉,10850000
RPRNMLPLIIGGFAW66EA,后宅測段,59.00,都市：其他:農業區,1,1,全筆移轉,10860000
RPPNMLPLIIGGFAW98DA,北二三劃測段,446.22,都市：其他:農業區,1,1,全筆移轉,07410002
RPPNMLPLIIGGFAW98DA,北二三劃測段,67.45,都市：其他:農業區,3,1,持分移轉,07410003
RPWNMLLLIIGGFAW66DA,太湖劃測段,24.26,都市：其他:道路用地,1000,196,持分移轉,07500036
RPWNMLLLIIGGFAW66DA,太湖劃測段,29.40,都市：其他:道路用地,1000,196,持分移轉,07500038
RPWNMLLLIIGGFAW66DA,太湖劃測段,36.98,都市：其他:機關用地,1000,196,持分移轉,07500078
RPWNMLLLIIGGFAW66DA,太湖劃測段,18.89,都市：其他:機關用地,1000,196,持分移轉,07500081
RPSNMLQLIIGGFAW76DA,城南段,10.32,都市：其他:第二種住宅區,1,1,全筆移轉,02310000
RPSNMLQLIIGGFAW76DA,城南段,52.18,都市：其他:第二種商業區,1,1,全筆移轉,02500000
RPSNMLQLIIGGFAW76DA,城南段,39.33,都市：其他:第二種住宅區,1,1,全筆移轉,02510000
RPSOMLMLIIGGFAW56EA,西堡劃測段,666.69,都市：其他:農業區,3,2,持分移轉,05390000
RPSOMLMLIIGGFAW09DA,寧湖二劃測段,540.07,都市：其他:農業區,1,1,全筆移轉,15380001
RPWNMLNKIIGGFAW76DA,大橋湖峰段,533.20,都市：其他:第七種住宅區,1,1,全筆移轉,00850000
RPUNMLTKIIGGFAW17DA,料羅段,440.59,都市：其他:農業區,1,1,全筆移轉,09930000
RPSNMLOJIIGGFAW98DA,湖尾段,104.56,都市：其他:自然村專用區,1,1,全筆移轉,08220009
RPSNMLOJIIGGFAW98DA,湖尾段,22.35,都市：其他:自然村專用區,10,1,持分移轉,08220011
RPSNMLOJIIGGFAW98DA,湖尾段,.95,都市：其他:自然村專用區,10,1,持分移轉,08220017
RPSNMLKLIIGGFAW78DA,尚義段,8.34,都市：其他:自然村專用區,10000,310,持分移轉,10470000
RPSNMLKLIIGGFAW78DA,尚義段,33.20,都市：其他:自然村專用區,10000,310,持分移轉,10480001
RPQNMLLKRHGGFAW76DA,市港段,13.87,都市：其他:第五種住宅區,10000,326,持分移轉,01090000
RPVNMLOKRHGGFAW57DA,市港段,13.87,都市：其他:第五種住宅區,10000,326,持分移轉,01090000
RPOOMLMLIIGGFAW78EA,寧湖二劃測段,31.85,都市：其他:自然村專用區,100000,4975,持分移轉,08940000
RPPNMLRLIIGGFAW56DA,湖尚劃段,485.66,都市：其他:農業區,1,1,全筆移轉,02380001
RPSNMLRLIIGGFAW86DA,西堡劃測段,900.01,都市：其他:農業區,1,1,全筆移轉,03550000
RPPOMLKLIIGGFAW58DA,寧湖三劃段,1000.00,都市：其他:農業區,1,1,全筆移轉,03920000
RPQNMLQLIIGGFAW66EA,市港段,7.64,都市：其他:第二種商業區,100000,733,持分移轉,00930000
RPRNMLQLIIGGFAW76EA,市港段,7.69,都市：其他:第二種商業區,100000,737,持分移轉,00930000
RPRNMLSLIIGGFAW86DA,東林段,327.75,都市：其他:自然村專用區,1,1,全筆移轉,01410000
RPQNMLNKIIGGFAW78DA,北一段,571.93,都市：其他:保護區,1,1,全筆移轉,01300000
RPSNMLOLRHGGFAW37DA,城西段,9.27,都市：其他:第二種商業區,10000,102,持分移轉,03540000
RPPNMLSLRHGGFAW47DA,尚義段,7.16,都市：其他:自然村專用區,10000,266,持分移轉,10470000
RPPNMLSLRHGGFAW47DA,尚義段,28.49,都市：其他:自然村專用區,10000,266,持分移轉,10480001
RPSNMLTLIIGGFAW07DA,羅劃測段,43.79,都市：其他:自然村專用區,10000,661,持分移轉,01990000
RPUNMLLJIIGGFAW88DA,新頭段,131.84,都市：其他:自然村專用區,10000,397,持分移轉,11520000
RPQNMLRLIIGGFAW66DA,古崗段,109.14,都市：其他:自然村專用區,2000,1005,持分移轉,07410000
RPQNMLRLIIGGFAW66DA,古崗段,29.23,都市：其他:道路用地,1,1,全筆移轉,07410001
RPUNMLQJIIGGFAW76DA,新塘段,49.52,都市：其他:自然村專用區,20,1,持分移轉,00370000
RPWNMLQJIIGGFAW96DA,新塘段,49.52,都市：其他:自然村專用區,20,1,持分移轉,00370000
RPSNMLMJJIGGFAW98EA,金城劃段,27.85,都市：其他:道路用地,30,6,持分移轉,02280001
RPSNMLMJJIGGFAW98EA,金城劃段,178.92,都市：其他:農業區,10,6,持分移轉,02280003
RPQNMLSJIIGGFAW56DA,新塘段,49.52,都市：其他:自然村專用區,20,1,持分移轉,00370000
RPOOMLNKRHGGFAW86DA,北一段,1275.07,都市：其他:農業區,1,1,全筆移轉,00010000
RPQNMLMJJIGGFAW68DA,東洲段,946.35,都市：其他:農業區,1,1,全筆移轉,10630000
RPOOMLQJIIGGFAW88DA,新塘段,49.52,都市：其他:自然村專用區,20,1,持分移轉,00370000
RPQOMLQJIIGGFAW09DA,新塘段,49.52,都市：其他:自然村專用區,20,1,持分移轉,00370000
RPSNMLQJIIGGFAW56DA,新塘段,49.52,都市：其他:自然村專用區,20,1,持分移轉,00370000
RPPNMLTLIIGGFAW86EA,烈新段,428.60,都市：其他:第三種住宅區。,1,1,全筆移轉,01490000
RPRNMLLJJIGGFAW78EA,赤岑段,229.68,都市：其他:國家公園區,1,1,全筆移轉,01490000
RPUNMLTLIIGGFAW37EA,塔后段,376.38,都市：其他:機關用地,1,1,全筆移轉,02270000
RPUNMLTLIIGGFAW37EA,塔后段,258.34,都市：其他:機關用地,1,1,全筆移轉,02290000
RPRNMLNJJIGGFAW98EA,寧湖二劃測段,32.17,都市：其他:自然村專用區,100000,5025,持分移轉,08940000
RPTNMLNJJIGGFAW09DA,后沙劃測段,62.95,都市：其他:自然村專用區,1,1,全筆移轉,06020000
RPTNMLNJJIGGFAW09DA,后沙劃測段,113.05,都市：其他:道路用地,1,1,全筆移轉,06020001
RPTNMLOJJIGGFAW56DA,陽宅段,43.83,都市：其他:自然村專用區,6,1,持分移轉,10940000
RPSNMLLJJIGGFAW78DA,官嶼劃段,984.00,都市：其他:農業區,1,1,全筆移轉,01780000
RPSNMLLJJIGGFAW78DA,官嶼劃段,16.00,都市：其他:農業區,1,1,全筆移轉,01780001
RPSNMLOKRHGGFAW27DA,市港段,17.98,都市：其他:第五種住宅區,10000,150,持分移轉,00970000
RPRNMLOJJIGGFAW09EA,寧劃段,490.97,都市：其他:農業區,1,1,全筆移轉,01580000
RPRNMLOJJIGGFAW09EA,寧劃段,490.97,都市：其他:農業區,1,1,全筆移轉,03010000
RPQNMLLJIIGGFAW48DA,庵前劃測段,43.48,都市：其他:自然村專用區,10,1,持分移轉,03910002
RPQNMLLJIIGGFAW48DA,庵前劃測段,15.59,都市：其他:自然村專用區,10,1,持分移轉,03910003
RPQNMLNJJIGGFAW78DA,新頭段,28.23,都市：其他:自然村專用區,100000,8952,持分移轉,07350023
RPQNMLNJJIGGFAW78DA,新頭段,19.11,都市：其他:自然村專用區,100000,8952,持分移轉,07400006
RPPNMLSJJIGGFAW66EA,市港段,8.39,都市：其他:第二種商業區,100000,805,持分移轉,00930000
RPQNMLSJJIGGFAW66DA,安西劃段,112.69,都市：其他:自然村專用區,1,1,全筆移轉,03630008
RPQNMLSJJIGGFAW66DA,安西劃段,.92,都市：其他:自然村專用區,100000,148,持分移轉,03630009
RPPOMLNKRHGGFAW96DA,北一段,1000.29,都市：其他:農業區,1,1,全筆移轉,00390000
RPUNMLOJJIGGFAW66DA,湖前段,25.47,都市：其他:自然村專用區,100000,1909,持分移轉,08920000
RPUNMLMJJIGGFAW09DA,金門城測段,46.81,都市：其他:自然村專用區,3,1,持分移轉,10430000
RPPNMLMJJIGGFAW58DA,后宅測段,322.17,都市：其他:農業區,1,1,全筆移轉,10850000
RPPNMLMJJIGGFAW58DA,后宅測段,59.00,都市：其他:農業區,1,1,全筆移轉,10860000
RPTNMLSJJIGGFAW96DA,祥安段,103.67,都市：其他:道路用地,18,7,持分移轉,04840000
RPSNMLTJJIGGFAW96DA,羅劃測段,54.13,都市：其他:自然村專用區,10000,1354,持分移轉,01140001
RPSNMLTJJIGGFAW96DA,羅劃測段,13.57,都市：其他:自然村專用區,10000,1354,持分移轉,01140007
RPWNMLKKJIGGFAW56DA,寧劃段,489.63,都市：其他:農業區,1,1,全筆移轉,09020000
RPWNMLKKJIGGFAW56DA,寧劃段,489.63,都市：其他:農業區,1,1,全筆移轉,09140000
RPRNMLOLRHGGFAW27DA,市港段,14.98,都市：其他:第五種住宅區,10000,125,持分移轉,00970000
RPWNMLKKJIGGFAW56DA,寧劃段,489.60,都市：其他:農業區,1,1,全筆移轉,09260000
RPWNMLKKJIGGFAW56DA,寧劃段,490.23,都市：其他:農業區,1,1,全筆移轉,11480000
RPWNMLKKJIGGFAW56DA,寧劃段,490.23,都市：其他:農業區,1,1,全筆移轉,11610000
RPQNMLKKJIGGFAW58DA,延平段,228.97,都市：其他:自然村專用區,1,1,全筆移轉,01850000
RPPNMLPKIIGGFAW88DA,寧湖二劃測段,45.34,都市：其他:自然村專用區,10000,2039,持分移轉,07500000
RPPNMLPKIIGGFAW88DA,寧湖二劃測段,2.51,都市：其他:自然村專用區,10000,285,持分移轉,07500002
RPPNMLPKIIGGFAW88DA,寧湖二劃測段,38.30,都市：其他:自然村專用區,10000,2039,持分移轉,07510000
RPPNMLPKIIGGFAW88DA,寧湖二劃測段,6.89,都市：其他:自然村專用區,10000,1078,持分移轉,07510001
RPPNMLPKIIGGFAW88DA,寧湖二劃測段,10.04,都市：其他:自然村專用區,10000,1078,持分移轉,07510005
RPRNMLLJJIGGFAW68DA,北五劃段,307.38,都市：其他:農業區,6,2,持分移轉,02240000
RPRNMLLJJIGGFAW68DA,北五劃段,25.95,都市：其他:道路用地,6,2,持分移轉,02240001
RPRNMLKKJIGGFAW68DA,青山段,50.98,都市：其他:自然村專用區,24,1,持分移轉,09760000
RPUNMLKKJIGGFAW98DA,長寮段,2363.77,都市：其他:農業區,1,1,全筆移轉,01170000
RPUNMLMKJIGGFAW66EA,高坑劃測段,597.00,都市：其他:農業區,1,1,全筆移轉,06370000
RPTPMLQKJIGGFAW17EA,東坑段,354.00,都市：其他:道路用地,1,1,全筆移轉,00420000
RPSNMLSJIIGGFAW86EA,中四劃段,700.00,都市：其他:農業區,1,1,全筆移轉,01260000
RPUNMLPKJIGGFAW96EA,古坵段,423.00,都市：其他:農業區,1,1,全筆移轉,07790000
RPPNMLPKJIGGFAW09EA,山西段,459.39,都市：其他:保護區,1,1,全筆移轉,13460000
RPUNMLLKRHGGFAW17DA,市港段,15.22,都市：其他:第五種住宅區,10000,127,持分移轉,00970000
RPVNMLKKJIGGFAW09DA,寧湖二劃測段,540.07,都市：其他:農業區,1,1,全筆移轉,15380001
RPVNMLKKJIGGFAW09DA,寧湖二劃測段,61.34,都市：其他:道路用地,1,1,全筆移轉,15380002
RPQQMLQKJIGGFAW86DA,湖前段,56.30,都市：其他:農業區,1,1,全筆移轉,02460006
RPQQMLQKJIGGFAW86DA,湖前段,46.82,都市：其他:農業區,33886,5182,持分移轉,02460012
RPQQMLQKJIGGFAW86DA,湖前段,1.57,都市：其他:自然村專用區,33886,5182,持分移轉,02460013
RPQQMLQKJIGGFAW86DA,湖前段,1.65,都市：其他:自然村專用區,33886,5182,持分移轉,02460014
RPQQMLQKJIGGFAW86DA,湖前段,1.78,都市：其他:自然村專用區,33886,5182,持分移轉,02460015
RPXOMLQKJIGGFAW37DA,湖前段,64.86,都市：其他:農業區,1,1,全筆移轉,02460001
RPXOMLQKJIGGFAW37DA,湖前段,16.05,都市：其他:農業區,1,1,全筆移轉,02460003
RPXOMLQKJIGGFAW37DA,湖前段,24.58,都市：其他:農業區,33886,2721,持分移轉,02460012
RPXOMLQKJIGGFAW37DA,湖前段,.82,都市：其他:自然村專用區,33886,2721,持分移轉,02460013
RPXOMLQKJIGGFAW37DA,湖前段,.87,都市：其他:自然村專用區,33886,2721,持分移轉,02460014
RPXOMLQKJIGGFAW37DA,湖前段,.93,都市：其他:自然村專用區,33886,2721,持分移轉,02460015
RPVNMLPKJIGGFAW96DA,寧湖二劃測段,32.17,都市：其他:自然村專用區,100000,5025,持分移轉,08940000
RPTNMLQKJIGGFAW86DA,中五劃段,702.88,都市：其他:農業區,1,1,全筆移轉,01570000
RPPNMLLKJIGGFAW58DA,中三劃測段,702.03,都市：其他:農業區,1,1,全筆移轉,06920000
RPSNMLQLNHGGFAW17DA,西山段,23.97,都市：其他:農業區,10000,342,持分移轉,06090000
RPSNMLQLNHGGFAW17DA,西山段,10.53,都市：其他:自然村專用區,10000,342,持分移轉,06090001
RPSNMLOJJIGGFAW09DA,尚義段,8.15,都市：其他:自然村專用區,10000,303,持分移轉,10470000
RPSNMLOJJIGGFAW09DA,尚義段,32.45,都市：其他:自然村專用區,10000,303,持分移轉,10480001
RPOQMLQKJIGGFAW66DA,湖前段,79.15,都市：其他:農業區,1,1,全筆移轉,02460000
RPOQMLQKJIGGFAW66DA,湖前段,16.68,都市：其他:農業區,1,1,全筆移轉,02460002
RPOQMLQKJIGGFAW66DA,湖前段,11.10,都市：其他:農業區,33886,1229,持分移轉,02460012
RPOQMLQKJIGGFAW66DA,湖前段,.37,都市：其他:自然村專用區,33886,1229,持分移轉,02460013
RPOQMLQKJIGGFAW66DA,湖前段,.39,都市：其他:自然村專用區,33886,1229,持分移轉,02460014
RPOQMLQKJIGGFAW66DA,湖前段,.42,都市：其他:自然村專用區,33886,1229,持分移轉,02460015
RPVPMLQKJIGGFAW27DA,湖前段,81.28,都市：其他:農業區,1,1,全筆移轉,02460011
RPVPMLQKJIGGFAW27DA,湖前段,24.24,都市：其他:農業區,33886,2683,持分移轉,02460012
RPVPMLQKJIGGFAW27DA,湖前段,.81,都市：其他:自然村專用區,33886,2683,持分移轉,02460013
RPVPMLQKJIGGFAW27DA,湖前段,.86,都市：其他:自然村專用區,33886,2683,持分移轉,02460014
RPVPMLQKJIGGFAW27DA,湖前段,.92,都市：其他:自然村專用區,33886,2683,持分移轉,02460015
RPQPMLQKJIGGFAW76DA,湖前段,60.89,都市：其他:農業區,1,1,全筆移轉,02460010
RPQPMLQKJIGGFAW76DA,湖前段,42.66,都市：其他:農業區,33886,4722,持分移轉,02460012
RPQPMLQKJIGGFAW76DA,湖前段,1.43,都市：其他:自然村專用區,33886,4722,持分移轉,02460013
RPQPMLQKJIGGFAW76DA,湖前段,1.51,都市：其他:自然村專用區,33886,4722,持分移轉,02460014
RPQPMLQKJIGGFAW76DA,湖前段,1.62,都市：其他:自然村專用區,33886,4722,持分移轉,02460015
RPRPMLQKJIGGFAW86DA,湖前段,32.73,都市：其他:農業區,1,1,全筆移轉,02460004
RPRPMLQKJIGGFAW86DA,湖前段,57.35,都市：其他:農業區,1,1,全筆移轉,02460005
RPRPMLQKJIGGFAW86DA,湖前段,16.29,都市：其他:農業區,33886,1803,持分移轉,02460012
RPRPMLQKJIGGFAW86DA,湖前段,.55,都市：其他:自然村專用區,33886,1803,持分移轉,02460013
RPRPMLQKJIGGFAW86DA,湖前段,.58,都市：其他:自然村專用區,33886,1803,持分移轉,02460014
RPRPMLQKJIGGFAW86DA,湖前段,.62,都市：其他:自然村專用區,33886,1803,持分移轉,02460015
RPSNMLMLIIGGFAW98DA,市港段,14.86,都市：其他:第五種住宅區,10000,124,持分移轉,00970000
RPQNMLPLIIGGFAW09DA,市港段,13.87,都市：其他:第五種住宅區,10000,326,持分移轉,01090000
RPXNMLKLIIGGFAW66DA,尚義段,8.15,都市：其他:自然村專用區,10000,303,持分移轉,10470000
RPXNMLKLIIGGFAW66DA,尚義段,32.45,都市：其他:自然村專用區,10000,303,持分移轉,10480001
RPVNMLOJJIGGFAW86EA,后湖村測段,35.60,都市：其他:自然村專用區,6,1,持分移轉,01590000
RPPQMLQKJIGGFAW86EA,后宅段,99.67,都市：其他:自然村專用區,3,1,持分移轉,12150000
RPQNMLOKRHGGFAW07DA,市港段,14.98,都市：其他:第五種住宅區,10000,125,持分移轉,00970000
RPPNMLRJIIGGFAW98DA,庵下測段,327.58,都市：其他:農業區,1,1,全筆移轉,05160000
RPQNMLLJJIGGFAW58DA,安西劃段,341.85,都市：其他:農業區,4,1,持分移轉,10650000
RPRPMLQKJIGGFAW96EA,寧湖一劃段,15.81,都市：其他:農業區,1000,15,持分移轉,02550000
RPXQMLQKJIGGFAW57DA,北九十劃段,500.48,都市：其他:農業區,2,1,持分移轉,05820000
RPRNMLTKIIGGFAW86DA,寧湖二劃測段,34.43,都市：其他:自然村專用區,10000,327,持分移轉,03960000
RPQNMLKLIIGGFAW58DA,北二三劃測段,461.38,都市：其他:自然村專用區,2,1,持分移轉,01680000
RPVNMLMJJIGGFAW56DA,寧湖二劃測段,34.43,都市：其他:自然村專用區,10000,327,持分移轉,03960000
RPPNMLNJJIGGFAW68DA,前山前測段,49.47,都市：其他:自然村專用區,10000,1034,持分移轉,00760000
RPQNMLSLIIGGFAW76DA,沙東劃段,47.79,都市：其他:自然村專用區,1000000,31242,持分移轉,00920000
RPPNMLRKJIGGFAW56DA,陽宅段,101.96,都市：其他:自然村專用區,1,1,全筆移轉,11980000
RPQNMLPKJIGGFAW09DA,寧湖二劃測段,34.32,都市：其他:自然村專用區,10000,326,持分移轉,03960000
RPRSMLQKJIGGFAW17DA,北九十劃段,500.48,都市：其他:農業區,2,1,持分移轉,05820000
RPRNMLRKJIGGFAW76DA,新塘段,541.00,都市：其他:自然村專用區,1,1,全筆移轉,00220000
RPTNMLSKJIGGFAW07DA,瓊海段,356.37,都市：其他:農業區,1,1,全筆移轉,00830000
RPSNMLRKJIGGFAW96EA,寧湖二劃測段,31.85,都市：其他:自然村專用區,300000,14925,持分移轉,08940000
RPTNMLQLIIGGFAW86DA,湖前段,27.22,都市：其他:自然村專用區,1,1,全筆移轉,03880003
RPTNMLQLIIGGFAW86DA,湖前段,68.10,都市：其他:自然村專用區,1,1,全筆移轉,03880004
RPRNMLTKJIGGFAW96DA,寧北一劃段,238.29,都市：其他:農業區,1,1,全筆移轉,01990001
RPQNMLPJJIGGFAW98DA,城東段,87.79,都市：其他:第二種商業區,4,3,持分移轉,03010000
RPQNMLPJJIGGFAW98DA,城東段,2.57,都市：其他:道路用地,4,3,持分移轉,03020000
RPQSMLQKJIGGFAW07DA,高坑劃測段,1012.00,都市：其他:農業區,1,1,全筆移轉,08140001
RPVNMLRKRHGGFAW87DA,市港段,14.98,都市：其他:第五種住宅區,10000,125,持分移轉,00970000
RPTNMLTJJIGGFAW07DA,太湖劃測段,600.57,都市：其他:國家公園區,1,1,全筆移轉,01790000
RPTNMLTJJIGGFAW07DA,太湖劃測段,940.02,都市：其他:國家公園區,1,1,全筆移轉,01800000
RPUNMLMLIIGGFAW56DA,市港段,19.54,都市：其他:第五種住宅區,10000,163,持分移轉,00970000
RPUNMLKKRHGGFAW07DA,市港段,17.98,都市：其他:第五種住宅區,10000,150,持分移轉,00970000
RPQNMLRKJIGGFAW66DA,新塘段,527.00,都市：其他:自然村專用區,1,1,全筆移轉,00210000
RPUNMLRKJIGGFAW07DA,安西劃段,564.91,都市：其他:農業區,1,1,全筆移轉,08470000
RPWNMLRKJIGGFAW27DA,后湖段,441.19,都市：其他:農業區,1,1,全筆移轉,05070000
RPPNMLLJRHGGFAW56DA,西山段,35.33,都市：其他:農業區,10000,504,持分移轉,06090000
RPPNMLLJRHGGFAW56DA,西山段,15.52,都市：其他:自然村專用區,10000,504,持分移轉,06090001
RPWNMLOLJIGGFAW07DA,斗門劃測段,1000.02,都市：其他:農業區,1,1,全筆移轉,00970000
RPWNMLOLJIGGFAW07DA,斗門劃測段,1000.01,都市：其他:農業區,1,1,全筆移轉,00980000
RPXNMLOLJIGGFAW17DA,延平段,61.86,都市：其他:農業區,10000,1429,持分移轉,04490000
RPXNMLOLJIGGFAW17DA,延平段,77.90,都市：其他:農業區,1,1,全筆移轉,04520000
RPSNMLSKIIGGFAW86DA,市港段,19.06,都市：其他:第五種住宅區,10000,159,持分移轉,00970000
RPPOMLNLJIGGFAW09EA,后垵段,827.57,都市：其他:農業區,1,1,全筆移轉,06730000
RPPOMLNLJIGGFAW09EA,后垵段,729.71,都市：其他:農業區,1,1,全筆移轉,08840000
RPUOMLOLJIGGFAW96DA,祥瑞段,1906.65,都市：其他:機關用地,1,1,全筆移轉,00090000
RPUNMLSKJIGGFAW17DA,沙東劃段,48.38,都市：其他:自然村專用區,1000000,31629,持分移轉,00920000
RPSNMLTKJIGGFAW07DA,塔后段,44.33,都市：其他:自然村專用區,3,1,持分移轉,10380000
RPQNMLOJJIGGFAW88DA,古崗段,39.70,都市：其他:自然村專用區,15,1,持分移轉,07420000
RPQNMLOJJIGGFAW88DA,古崗段,4.47,都市：其他:自然村專用區,15,1,持分移轉,08020000
RPQNMLOJJIGGFAW88DA,古崗段,3.33,都市：其他:風景區,15,1,持分移轉,08090000
RPUNMLNLJIGGFAW76DA,市港段,18.75,都市：其他:第五種住宅區,100000,4600,持分移轉,00990000
RPPNMLOLJIGGFAW98DA,延平段,45.46,都市：其他:農業區,20,1,持分移轉,05340001
RPRNMLOLJIGGFAW56DA,古塔段,443.96,都市：其他:自然村專用區,1,1,全筆移轉,00470000
RPPNMLTJJIGGFAW66DA,寧古劃段,500.00,都市：其他:國家公園區,1,1,全筆移轉,13640000
RPROMLOLJIGGFAW66DA,東珩段,5697.75,都市：其他:農業區,1,1,全筆移轉,04800008
RPPNMLQLJIGGFAW56DA,湖尚劃段,536.00,都市：其他:風景區,1,1,全筆移轉,00480000
RPPNMLQLJIGGFAW56DA,湖尚劃段,1260.00,都市：其他:風景區,1,1,全筆移轉,00950000
RPPNMLMLJIGGFAW78DA,長寮段,28.08,都市：其他:自然村專用區,100000,9614,持分移轉,00780000
RPXNMLQLJIGGFAW37DA,市港段,32.29,都市：其他:第五種住宅區,10000,369,持分移轉,01000000
RPXNMLPKJIGGFAW17DA,小西門劃測段,850.03,都市：其他:農業區,1,1,全筆移轉,10430000
RPTNMLMJJIGGFAW98DA,新塘段,915.00,都市：其他:自然村專用區,1,1,全筆移轉,00110000
RPUNMLQLJIGGFAW07DA,東洲段,563.69,都市：其他:保護區,1,1,全筆移轉,04560000
RPSNMLTLJIGGFAW27EA,北二三劃測段,611.45,都市：其他:自然村專用區,1,1,全筆移轉,06390005
RPSNMLTLJIGGFAW27EA,北二三劃測段,165.07,都市：其他:道路用地,1,1,全筆移轉,06390057
RPSNMLTLJIGGFAW27EA,北二三劃測段,173.63,都市：其他:道路用地,1,1,全筆移轉,06390058
SPXNMLQLJIGGFAW47DA,市港段,32.29,都市：其他:第五種住宅區,10000,369,持分移轉,01000000
RPRNMLTLJIGGFAW07DA,西堡劃測段,720.00,都市：其他:農業區,1,1,全筆移轉,01520000
RPVNMLQLJIGGFAW17DA,祥安段,14.91,都市：其他:第二種住宅區,8,1,持分移轉,04830000
RPTNMLTLJIGGFAW27DA,寧湖二劃測段,56.14,都市：其他:自然村專用區,2,1,持分移轉,10070003
RPTNMLTLJIGGFAW27DA,寧湖二劃測段,15.21,都市：其他:自然村專用區,20000,1197,持分移轉,10070009
RPUOMLMLIIGGFAW66DA,市港段,19.54,都市：其他:第五種住宅區,10000,163,持分移轉,00970000
RPRNMLLJKIGGFAW78DA,汶沙測段,149.79,都市：其他:自然村專用區,2,1,持分移轉,19530000
RPPNMLMJKIGGFAW68DA,盤山村測段,11.63,都市：其他:自然村專用區,8,1,持分移轉,02310000
RPXNMLMJKIGGFAW86DA,祥瑞段,152.02,都市：其他:道路用地,1,1,全筆移轉,00080000
RPSNMLNJKIGGFAW09DA,湖前段,94.98,都市：其他:自然村專用區,4,1,持分移轉,04480000
RPSNMLNJKIGGFAW09DA,湖前段,5.86,都市：其他:自然村專用區,4,1,持分移轉,04480003
RPSNMLTLJIGGFAW17DA,夏興段,17.79,都市：其他:自然村專用區,10000,636,持分移轉,13150014
RPTOMLOLJIGGFAW86DA,湖前段,96.02,都市：其他:自然村專用區,200054,9602,持分移轉,05460000
RPOOMLSKIIGGFAW56DA,中二劃段,68.82,都市：其他:自然村專用區,10000,669,持分移轉,03320000
RPQNMLQLJIGGFAW66DA,湖前段,117.67,都市：其他:自然村專用區,997010,11767,持分移轉,04210000
RPTNMLOLJIGGFAW76DA,水頭段,301.87,都市：其他:農業區,1,1,全筆移轉,11920000
RPTNMLOLJIGGFAW76DA,水頭段,28.38,都市：其他:第二類一般管制區,1,1,全筆移轉,11920001
RPVNMLRKJIGGFAW17DA,新頭段,26.26,都市：其他:自然村專用區,100000,12810,持分移轉,11840000
RPPNMLTKJIGGFAW76DA,歐厝段,383.77,都市：其他:農業區,1,1,全筆移轉,00010000
RPPNMLTKJIGGFAW76DA,歐厝段,163.11,都市：其他:道路用地,1,1,全筆移轉,00010001
RPPNMLQJKIGGFAW56EA,黃埔段,527.00,都市：其他:自然村專用區,1,1,全筆移轉,02700000
RPSNMLQLJIGGFAW86DA,金門城測段,53.91,都市：其他:自然村專用區,6,1,持分移轉,03980000
RPSNMLQLJIGGFAW86DA,金門城測段,29.18,都市：其他:道路用地,6,1,持分移轉,03980001
RPWNMLSJKIGGFAW37DA,西方段,69.96,都市：其他:自然村專用區,1,1,全筆移轉,01960002
RPOOMLNLJIGGFAW98EA,后垵段,669.74,都市：其他:農業區,1,1,全筆移轉,06720000
RPOOMLNLJIGGFAW98EA,后垵段,727.18,都市：其他:農業區,1,1,全筆移轉,09640000
RPOOMLNLJIGGFAW98EA,東洲段,391.00,都市：其他:農業區,1,1,全筆移轉,10870000
RPOOMLNLJIGGFAW98EA,東洲段,99.47,都市：其他:綠地,1,1,全筆移轉,10870001
RPQOMLNLJIGGFAW56EA,后湖村測段,286.93,都市：其他:農業區,1,1,全筆移轉,02430000
RPVNMLOLJIGGFAW96DA,水頭段,699.16,都市：其他:農業區,1,1,全筆移轉,12060000
RPVNMLOLJIGGFAW96DA,水頭段,26.90,都市：其他:第二類一般管制區,1,1,全筆移轉,12060001
RPTNMLPKJIGGFAW76DA,新塘段,49.52,都市：其他:自然村專用區,20,1,持分移轉,00370000
RPPNMLLJJIGGFAW48DA,新塘段,582.00,都市：其他:自然村專用區,1,1,全筆移轉,00280000
RPQNMLLJKIGGFAW68DA,盤山村測段,31.98,都市：其他:自然村專用區,10000,834,持分移轉,03130000
RPRNMLTJKIGGFAW96DA,東坑村測段,55.11,都市：其他:自然村專用區,10,1,持分移轉,00340000
RPRNMLTJKIGGFAW96DA,東坑村測段,4.19,都市：其他:道路用地,10,1,持分移轉,00340001
RPOOMLSJKIGGFAW76EA,官澳段,994.00,都市：其他:自然村專用區,1,1,全筆移轉,14400000
RPPNMLPJKIGGFAW98DA,大橋湖峰段,351.45,都市：其他:第三種商業區,1,1,全筆移轉,00670000
RPUNMLKMJIGGFAW66EA,煙墩段,360.55,都市：其他:國家公園區,2,1,持分移轉,08540000
RPTNMLKKJIGGFAW88DA,東洲段,42.99,都市：其他:自然村專用區,51405,4299,持分移轉,08790000
