﻿鄉鎮市區,交易標的,土地位置建物門牌,土地移轉總面積平方公尺,都市土地使用分區,非都市土地使用分區,非都市土地使用編定,交易年月日,交易筆棟數,移轉層次,總樓層數,建物型態,主要用途,主要建材,建築完成年月,建物移轉總面積平方公尺,建物現況格局-房,建物現況格局-廳,建物現況格局-衛,建物現況格局-隔間,有無管理組織,總價元,單價元平方公尺,車位類別,車位移轉總面積平方公尺,車位總價元,備註,編號
The villages and towns urban district,transaction sign,land sector position building sector house number plate,land shifting total area square meter,the use zoning or compiles and checks,the non-metropolis land use district,non-metropolis land use,transaction year month and day,transaction pen number,shifting level,total floor number,building state,main use,main building materials,construction to complete the years,building shifting total area,Building present situation pattern - room,building present situation pattern - hall,building present situation pattern - health,building present situation pattern - compartmented,Whether there is manages the organization,total price NTD,the unit price (NTD / square meter),the berth category,berth shifting total area square meter,the berth total price NTD,the note,serial number
北屯區,房地(土地+建物)+車位,臺中市北屯區崇德十五路1號二樓之1,17.97,商,,,1020208,土地1建物1車位1,二層,15,住宅大樓(11層含以上有電梯),住家用,鋼筋混凝土造,,191.66,4,2,2,有,無,9880000,51550,坡道平面,19.4,0,,RPXPMLQJQHIFFBB68CB
北屯區,房地(土地+建物)+車位,臺中市北屯區崇德十五路1號四樓之1,17.97,商,,,1020110,土地1建物1車位1,四層,15,住宅大樓(11層含以上有電梯),住家用,鋼筋混凝土造,,191.66,4,2,2,有,無,9170000,47845,坡道平面,19.4,0,,RPPQMLQJQHIFFBB97CB
北屯區,房地(土地+建物)+車位,臺中市北屯區崇德十五路1號五樓之1,17.97,商,,,1011025,土地1建物1車位1,五層,15,住宅大樓(11層含以上有電梯),住家用,鋼筋混凝土造,,191.66,4,2,2,有,無,9680000,50506,坡道平面,19.4,0,,RPRQMLQJQHIFFBB18CB
北屯區,房地(土地+建物)+車位,臺中市北屯區崇德十五路1號六樓之1,17.97,商,,,1010901,土地1建物1車位2,六層,15,住宅大樓(11層含以上有電梯),住家用,鋼筋混凝土造,,198.94,4,2,2,有,無,9950000,50015,坡道機械,26.68,0,,RPSQMLQJQHIFFBB28CB
北屯區,房地(土地+建物)+車位,臺中市北屯區崇德十五路1號八樓之1,17.97,商,,,1010922,土地1建物1車位1,八層,15,住宅大樓(11層含以上有電梯),住家用,鋼筋混凝土造,,193.68,4,2,2,有,無,10000000,51632,坡道平面,21.42,0,,RPVQMLQJQHIFFBB58CB
北屯區,房地(土地+建物)+車位,臺中市北屯區崇德十五路1號九樓之1,17.97,商,,,1010901,土地1建物1車位2,九層,15,住宅大樓(11層含以上有電梯),住家用,鋼筋混凝土造,,183.98,4,2,2,有,無,10630000,57778,坡道平面,34.76,0,,RPWQMLQJQHIFFBB68CB
北屯區,房地(土地+建物)+車位,臺中市北屯區崇德十五路1號十樓之1,17.97,商,,,1010924,土地1建物1車位1,十層,15,住宅大樓(11層含以上有電梯),住家用,鋼筋混凝土造,,193.68,4,2,2,有,無,9500000,49050,坡道平面,21.42,0,,RPXQMLQJQHIFFBB78CB
北屯區,房地(土地+建物)+車位,臺中市北屯區崇德十五路1號十一樓之1,17.97,商,,,1011124,土地1建物1車位1,十一層,15,住宅大樓(11層含以上有電梯),住家用,鋼筋混凝土造,,193.68,4,2,2,有,無,9980000,51528,坡道平面,21.42,0,,RPORMLQJQHIFFBB97CB
北屯區,房地(土地+建物)+車位,臺中市北屯區崇德十五路1號十二樓之1,17.97,商,,,1020218,土地1建物1車位1,十二層,15,住宅大樓(11層含以上有電梯),住家用,鋼筋混凝土造,,193.68,4,2,2,有,無,8970000,46314,坡道平面,21.42,0,親友、員工或其他特殊關係間之交易。,RPPRMLQJQHIFFBB08CB
北屯區,房地(土地+建物)+車位,臺中市北屯區崇德十五路1號十三樓之1,17.97,商,,,1010921,土地1建物1車位1,十三層,15,住宅大樓(11層含以上有電梯),住家用,鋼筋混凝土造,,193.2,4,2,2,有,無,10100000,52277,坡道平面,21.42,0,,RPQRMLQJQHIFFBB18CB
北屯區,房地(土地+建物)+車位,臺中市北屯區崇德十五路1號十四樓之1,17.83,商,,,1010924,土地1建物1車位1,十四層,15,住宅大樓(11層含以上有電梯),住家用,鋼筋混凝土造,,192.8,4,2,2,有,無,10100000,52386,坡道平面,21.42,0,,RPTRMLQJQHIFFBB48CB
北屯區,房地(土地+建物)+車位,臺中市北屯區崇德十五路1號十五樓之1,17.83,商,,,1011005,土地1建物1車位2,十五層,15,住宅大樓(11層含以上有電梯),住家用,鋼筋混凝土造,,198.06,4,2,2,有,無,9950000,50237,坡道機械,26.68,0,,RPURMLQJQHIFFBB58CB
北屯區,房地(土地+建物)+車位,臺中市北屯區崇德十五路1號二樓之2,15.94,商,,,1020112,土地1建物1車位1,二層,15,住宅大樓(11層含以上有電梯),住家用,鋼筋混凝土造,,167.02,3,2,2,有,無,8260000,49455,坡道機械,13.34,0,,RPVRMLQJQHIFFBB68CB
北屯區,房地(土地+建物)+車位,臺中市北屯區崇德十五路1號三樓之2,17.83,商,,,1011219,土地1建物1車位1,三層,15,住宅大樓(11層含以上有電梯),住家用,鋼筋混凝土造,,166.61,3,2,2,有,無,8330000,49997,坡道機械,12.93,0,,RPXRMLQJQHIFFBB88CB
北屯區,房地(土地+建物)+車位,臺中市北屯區崇德十五路1號四樓之2,15.94,商,,,1010928,土地1建物1車位1,四層,15,住宅大樓(11層含以上有電梯),住家用,鋼筋混凝土造,,167.02,3,2,2,有,無,8170000,48916,坡道機械,13.34,0,售價包含裝潢或家電。,RPOSMLQJQHIFFBB08CB
北屯區,房地(土地+建物)+車位,臺中市北屯區崇德十五路1號六樓之2,15.94,商,,,1011103,土地1建物1車位1,六層,15,住宅大樓(11層含以上有電梯),住家用,鋼筋混凝土造,,167.02,3,2,2,有,無,8400000,50293,坡道機械,13.34,0,,RPQSMLQJQHIFFBB28CB
北屯區,房地(土地+建物)+車位,臺中市北屯區崇德十五路1號七樓之2,15.94,商,,,1010816,土地1建物1車位1,七層,15,住宅大樓(11層含以上有電梯),住家用,鋼筋混凝土造,,166.61,3,2,2,有,無,8480000,50897,坡道機械,12.93,0,,RPRSMLQJQHIFFBB38CB
北屯區,房地(土地+建物)+車位,臺中市北屯區崇德十五路1號八樓之2,15.94,商,,,1010810,土地1建物1車位1,八層,15,住宅大樓(11層含以上有電梯),住家用,鋼筋混凝土造,,167.02,3,2,2,有,無,8550000,51191,坡道機械,13.34,0,,RPSSMLQJQHIFFBB48CB
北屯區,房地(土地+建物)+車位,臺中市北屯區崇德十五路1號九樓之2,15.94,商,,,1011207,土地1建物1車位1,九層,15,住宅大樓(11層含以上有電梯),住家用,鋼筋混凝土造,,167.02,3,2,2,有,無,8750000,52389,坡道機械,13.34,0,售價包含裝潢或家電。,RPTSMLQJQHIFFBB58CB
北屯區,房地(土地+建物)+車位,臺中市北屯區崇德十五路1號十樓之2,15.94,商,,,1010730,土地1建物1車位1,十層,15,住宅大樓(11層含以上有電梯),住家用,鋼筋混凝土造,,166.61,3,2,2,有,無,8650000,51918,坡道機械,12.93,0,,RPUSMLQJQHIFFBB68CB
北屯區,房地(土地+建物)+車位,臺中市北屯區崇德十五路1號十一樓之2,15.94,商,,,1010904,土地1建物1車位1,十一層,15,住宅大樓(11層含以上有電梯),住家用,鋼筋混凝土造,,166.61,3,2,2,有,無,8520000,51137,坡道機械,12.93,0,,RPVSMLQJQHIFFBB78CB
北屯區,房地(土地+建物)+車位,臺中市北屯區崇德十五路1號十二樓之2,15.94,商,,,1011206,土地1建物1車位1,十二層,15,住宅大樓(11層含以上有電梯),住家用,鋼筋混凝土造,,167.02,3,2,2,有,無,8800000,52688,坡道機械,13.34,0,售價包含裝潢或家電。,RPWSMLQJQHIFFBB88CB
北屯區,房地(土地+建物)+車位,臺中市北屯區崇德十五路1號十三樓之2,15.94,商,,,1020131,土地1建物1車位1,十三層,15,住宅大樓(11層含以上有電梯),住家用,鋼筋混凝土造,,165.24,3,2,2,有,無,9020000,54587,坡道機械,11.72,0,,RPXSMLQJQHIFFBB98CB
北屯區,房地(土地+建物)+車位,臺中市北屯區崇德十五路1號十四樓之2,15.94,商,,,1011005,土地1建物1車位1,十四層,15,住宅大樓(11層含以上有電梯),住家用,鋼筋混凝土造,,166.86,3,2,2,有,無,8700000,52140,坡道機械,13.34,0,,RPOTMLQJQHIFFBB18CB
北屯區,房地(土地+建物)+車位,臺中市北屯區崇德十五路1號十五樓之2,15.94,商,,,1010809,土地1建物1車位1,十五層,15,住宅大樓(11層含以上有電梯),住家用,鋼筋混凝土造,,166.86,3,2,2,有,無,8550000,51241,坡道機械,13.34,0,,RPPTMLQJQHIFFBB28CB
北屯區,房地(土地+建物)+車位,臺中市北屯區崇德十五路1號三樓之1,17.97,商,,,1020315,土地1建物1車位1,三層,15,住宅大樓(11層含以上有電梯),住家用,鋼筋混凝土造,,183.98,4,2,2,有,無,9700000,52723,坡道機械,11.72,0,,RPQTMLQJQHIFFBB38CB
北屯區,房地(土地+建物)+車位,臺中市北屯區崇德十五路1號八樓之3,20.29,商,,,1011126,土地1建物1車位2,八層,15,住宅大樓(11層含以上有電梯),住家用,鋼筋混凝土造,,219.97,4,2,2,有,無,10900000,49552,坡道機械,25.86,0,,RPRRMLRJQHIFFBB38CB
北屯區,房地(土地+建物)+車位,臺中市北屯區崇德十五路1號九樓之3,20.29,商,,,1011005,土地1建物1車位2,九層,15,住宅大樓(11層含以上有電梯),住家用,鋼筋混凝土造,,228.46,4,2,2,有,無,11800000,51650,坡道平面,34.35,0,售價包含裝潢或家電。,RPSRMLRJQHIFFBB48CB
北屯區,房地(土地+建物)+車位,臺中市北屯區崇德十五路1號十樓之3,20.29,商,,,1011128,土地1建物1車位1,十層,15,住宅大樓(11層含以上有電梯),住家用,鋼筋混凝土造,,215.53,4,2,2,有,無,11380000,52800,坡道平面,21.42,0,,RPTRMLRJQHIFFBB58CB
北屯區,房地(土地+建物)+車位,臺中市北屯區崇德十五路1號十一樓之3,20.29,商,,,1011221,土地1建物1車位1,十一層,15,住宅大樓(11層含以上有電梯),住家用,鋼筋混凝土造,,213.51,4,2,2,有,無,11420000,53487,坡道平面,19.4,0,,RPURMLRJQHIFFBB68CB
北屯區,房地(土地+建物)+車位,臺中市北屯區崇德十五路1號十二樓之3,20.29,商,,,1011101,土地1建物1車位2,十二層,15,住宅大樓(11層含以上有電梯),住家用,鋼筋混凝土造,,226.85,4,2,2,有,無,11500000,50694,坡道平面,32.74,0,,RPVRMLRJQHIFFBB78CB
北屯區,房地(土地+建物)+車位,臺中市北屯區崇德十五路1號十三樓之3,20.29,商,,,1020122,土地1建物1車位1,十三層,15,住宅大樓(11層含以上有電梯),住家用,鋼筋混凝土造,,213.51,4,2,2,有,無,11300000,52925,坡道平面,19.4,0,,RPXRMLRJQHIFFBB98CB
北屯區,房地(土地+建物)+車位,臺中市北屯區崇德十五路1號十四樓之3,20.29,商,,,1011215,土地1建物1車位1,十四層,15,住宅大樓(11層含以上有電梯),住家用,鋼筋混凝土造,,215.53,4,2,2,有,無,11450000,53125,坡道平面,21.42,0,,RPOSMLRJQHIFFBB18CB
北屯區,房地(土地+建物)+車位,臺中市北屯區崇德十五路1號十五樓之3,20.29,商,,,1020217,土地1建物1車位1,十五層,15,住宅大樓(11層含以上有電梯),住家用,鋼筋混凝土造,,213.51,4,2,2,有,無,11420000,53487,坡道平面,19.4,0,,RPPSMLRJQHIFFBB28CB
北屯區,房地(土地+建物)+車位,臺中市北屯區崇德十五路3號二樓之1,20.29,商,,,1020404,土地1建物1車位1,二層,15,住宅大樓(11層含以上有電梯),住家用,鋼筋混凝土造,,218.58,4,2,2,有,無,12500000,57187,坡道平面,21.42,0,售價包含裝潢或家電。,RPQSMLRJQHIFFBB38CB
北屯區,房地(土地+建物)+車位,臺中市北屯區崇德十五路3號三樓之1,20.29,商,,,1020320,土地1建物1車位1,三層,15,住宅大樓(11層含以上有電梯),住家用,鋼筋混凝土造,,216.56,4,2,2,有,無,11100000,51256,坡道平面,19.4,0,,RPRSMLRJQHIFFBB48CB
北屯區,房地(土地+建物)+車位,臺中市北屯區崇德十五路3號四樓之1,20.29,商,,,1020408,土地1建物1車位1,四層,15,住宅大樓(11層含以上有電梯),住家用,鋼筋混凝土造,,218.58,4,2,2,有,無,10920000,49959,坡道平面,21.42,0,,RPTSMLRJQHIFFBB68CB
北屯區,房地(土地+建物)+車位,臺中市北屯區崇德十五路3號六樓之1,20.29,商,,,1020223,土地1建物1車位2,六層,15,住宅大樓(11層含以上有電梯),住家用,鋼筋混凝土造,,229.9,4,2,2,有,無,11360000,49413,坡道平面,32.74,0,,RPVSMLRJQHIFFBB88CB
北屯區,房地(土地+建物)+車位,臺中市北屯區崇德十五路3號七樓之1,20.29,商,,,1020207,土地1建物1車位2,七層,15,住宅大樓(11層含以上有電梯),住家用,鋼筋混凝土造,,228.28,4,2,2,有,無,12080000,52917,坡道平面,31.12,0,售價包含裝潢或家電。,RPWSMLRJQHIFFBB98CB
北屯區,房地(土地+建物)+車位,臺中市北屯區崇德十五路3號八樓之1,20.29,商,,,1020120,土地1建物1車位1,八層,15,住宅大樓(11層含以上有電梯),住家用,鋼筋混凝土造,,218.58,4,2,2,有,無,11280000,51606,坡道平面,21.42,0,,RPXSMLRJQHIFFBB09CB
北屯區,房地(土地+建物)+車位,臺中市北屯區崇德十五路3號九樓之1,20.29,商,,,1020125,土地1建物1車位1,九層,15,住宅大樓(11層含以上有電梯),住家用,鋼筋混凝土造,,218.58,4,2,2,有,無,11240000,51423,坡道平面,21.42,0,,RPOTMLRJQHIFFBB28CB
北屯區,房地(土地+建物)+車位,臺中市北屯區崇德十五路3號十樓之1,20.29,商,,,1020126,土地1建物1車位1,十層,15,住宅大樓(11層含以上有電梯),住家用,鋼筋混凝土造,,218.58,4,2,2,有,無,10720000,49044,坡道平面,21.42,0,親友、員工或其他特殊關係間之交易。,RPPTMLRJQHIFFBB38CB
北屯區,房地(土地+建物)+車位,臺中市北屯區崇德十五路3號十二樓之1,20.29,商,,,1011225,土地1建物1車位1,十二層,15,住宅大樓(11層含以上有電梯),住家用,鋼筋混凝土造,,218.58,4,2,2,有,無,11250000,51469,坡道平面,21.42,0,,RPRTMLRJQHIFFBB58CB
北屯區,房地(土地+建物)+車位,臺中市北屯區崇德十五路3號十三樓之1,20.29,商,,,1020123,土地1建物1車位1,十三層,15,住宅大樓(11層含以上有電梯),住家用,鋼筋混凝土造,,218.58,4,2,2,有,無,11250000,51469,坡道平面,21.42,0,,RPSTMLRJQHIFFBB68CB
北屯區,房地(土地+建物)+車位,臺中市北屯區崇德十五路3號十四樓之1,20.29,商,,,1020110,土地1建物1車位1,十四層,15,住宅大樓(11層含以上有電梯),住家用,鋼筋混凝土造,,218.58,4,2,2,有,無,11420000,52246,坡道平面,21.42,0,,RPTTMLRJQHIFFBB78CB
北屯區,房地(土地+建物)+車位,臺中市北屯區崇德十五路3號十五樓之1,20.29,商,,,1020217,土地1建物1車位1,十五層,15,住宅大樓(11層含以上有電梯),住家用,鋼筋混凝土造,,216.56,4,2,2,有,無,11210000,51764,坡道平面,19.4,0,,RPUTMLRJQHIFFBB88CB
北屯區,房地(土地+建物)+車位,臺中市北屯區崇德十五路1號二樓之3,20.29,商,,,1020415,土地1建物1車位1,二層,15,住宅大樓(11層含以上有電梯),住家用,鋼筋混凝土造,,213.51,4,2,2,有,無,10600000,49646,坡道平面,19.4,0,,RPVTMLRJQHIFFBB98CB
北屯區,房地(土地+建物)+車位,臺中市北屯區崇德十五路1號三樓之3,20.29,商,,,1020402,土地1建物1車位1,三層,15,住宅大樓(11層含以上有電梯),住家用,鋼筋混凝土造,,213.51,4,2,2,有,無,10820000,50677,坡道平面,19.4,0,,RPWTMLRJQHIFFBB09CB
北屯區,房地(土地+建物)+車位,臺中市北屯區崇德十五路1號四樓之3,20.29,商,,,1020412,土地1建物1車位1,四層,15,住宅大樓(11層含以上有電梯),住家用,鋼筋混凝土造,,213.51,4,2,2,有,無,10620000,49740,坡道平面,19.4,0,,RPXTMLRJQHIFFBB56CB
北屯區,房地(土地+建物)+車位,臺中市北屯區崇德十五路1號五樓之3,20.29,商,,,1020228,土地1建物1車位1,五層,15,住宅大樓(11層含以上有電梯),住家用,鋼筋混凝土造,,213.51,4,2,2,有,無,10900000,51051,坡道平面,19.4,0,,RPOUMLRJQHIFFBB38CB
北屯區,房地(土地+建物)+車位,臺中市北屯區崇德十五路1號六樓之3,20.29,商,,,1020222,土地1建物1車位1,六層,15,住宅大樓(11層含以上有電梯),住家用,鋼筋混凝土造,,213.51,4,2,2,有,無,11110000,52035,坡道平面,19.4,0,,RPPUMLRJQHIFFBB48CB
北屯區,房地(土地+建物)+車位,臺中市北屯區崇德十五路3號五樓之1,20.29,商,,,1020321,土地1建物1車位1,五層,15,住宅大樓(11層含以上有電梯),住家用,鋼筋混凝土造,,216.56,4,2,2,有,無,11180000,51625,坡道平面,19.4,0,,RPQUMLRJQHIFFBB58CB
北屯區,房地(土地+建物)+車位,臺中市北屯區崇德十五路1號七樓之1,17.97,商,,,1011014,土地1建物1車位2,七層,15,住宅大樓(11層含以上有電梯),住家用,鋼筋混凝土造,,195.7,4,2,2,有,無,9950000,50843,坡道機械,23.44,0,,RPRUMLRJQHIFFBB68CB
北屯區,房地(土地+建物)+車位,臺中市北屯區崇德十五路1號五樓之2,15.94,商,,,1011125,土地1建物1車位1,五層,15,住宅大樓(11層含以上有電梯),住家用,鋼筋混凝土造,,167.02,3,2,2,有,無,8600000,51491,坡道機械,13.34,0,售價包含裝潢或家電。,RPSUMLRJQHIFFBB78CB
北屯區,房地(土地+建物)+車位,臺中市北屯區崇德十五路3號二樓之2,15.36,商,,,1020228,土地1建物1車位1,二層,15,住宅大樓(11層含以上有電梯),住家用,鋼筋混凝土造,,161.0,3,2,2,有,無,9400000,58385,坡道機械,11.72,0,售價包含裝潢或家電。,RPVNMLSJQHIFFBB48CB
北屯區,房地(土地+建物)+車位,臺中市北屯區崇德十五路3號三樓之2,15.36,商,,,1011129,土地1建物1車位1,三層,15,住宅大樓(11層含以上有電梯),住家用,鋼筋混凝土造,,162.21,3,2,2,有,無,8100000,49935,坡道機械,12.93,0,,RPWNMLSJQHIFFBB58CB
北屯區,房地(土地+建物)+車位,臺中市北屯區崇德十五路3號四樓之2,15.36,商,,,1011202,土地1建物1車位1,四層,15,住宅大樓(11層含以上有電梯),住家用,鋼筋混凝土造,,162.21,3,2,2,有,無,8080000,49812,坡道機械,12.93,0,,RPOOMLSJQHIFFBB87CB
北屯區,房地(土地+建物),臺中市北屯區崇德十五路3號五樓之2,15.36,商,,,1010823,土地1建物1車位0,五層,15,住宅大樓(11層含以上有電梯),住家用,鋼筋混凝土造,,149.28,3,2,2,有,無,7590000,50844,,0.0,0,,RPQOMLSJQHIFFBB08CB
北屯區,房地(土地+建物)+車位,臺中市北屯區崇德十五路3號六樓之2,15.36,商,,,1011116,土地1建物1車位1,六層,15,住宅大樓(11層含以上有電梯),住家用,鋼筋混凝土造,,162.21,3,2,2,有,無,8330000,51353,坡道機械,12.93,0,,RPSOMLSJQHIFFBB28CB
北屯區,房地(土地+建物)+車位,臺中市北屯區崇德十五路3號七樓之2,15.36,商,,,1011011,土地1建物1車位1,七層,15,住宅大樓(11層含以上有電梯),住家用,鋼筋混凝土造,,162.62,3,2,2,有,無,8260000,50793,坡道機械,13.34,0,,RPTOMLSJQHIFFBB38CB
北屯區,房地(土地+建物)+車位,臺中市北屯區崇德十五路3號八樓之2,15.36,商,,,1010919,土地1建物1車位1,八層,15,住宅大樓(11層含以上有電梯),住家用,鋼筋混凝土造,,162.62,3,2,2,有,無,8250000,50732,坡道機械,13.34,0,,RPVOMLSJQHIFFBB58CB
北屯區,房地(土地+建物)+車位,臺中市北屯區崇德十五路3號九樓之2,15.36,商,,,1011114,土地1建物1車位1,九層,15,住宅大樓(11層含以上有電梯),住家用,鋼筋混凝土造,,162.62,3,2,2,有,無,8500000,52269,坡道機械,13.34,0,,RPWOMLSJQHIFFBB68CB
北屯區,房地(土地+建物)+車位,臺中市北屯區崇德十五路3號十樓之2,15.36,商,,,1011207,土地1建物1車位1,十層,15,住宅大樓(11層含以上有電梯),住家用,鋼筋混凝土造,,161.0,3,2,2,有,無,8450000,52484,坡道機械,11.72,0,,RPXOMLSJQHIFFBB78CB
北屯區,房地(土地+建物)+車位,臺中市北屯區崇德十五路3號十一樓之2,15.36,商,,,1011122,土地1建物1車位1,十一層,15,住宅大樓(11層含以上有電梯),住家用,鋼筋混凝土造,,162.21,3,2,2,有,無,8400000,51785,坡道機械,12.93,0,,RPPPMLSJQHIFFBB08CB
北屯區,房地(土地+建物)+車位,臺中市北屯區崇德十五路3號十二樓之2,15.36,商,,,1010925,土地1建物1車位1,十二層,15,住宅大樓(11層含以上有電梯),住家用,鋼筋混凝土造,,162.21,3,2,2,有,無,8550000,52709,坡道機械,12.93,0,,RPRPMLSJQHIFFBB28CB
北屯區,房地(土地+建物)+車位,臺中市北屯區崇德十五路3號十三樓之2,15.36,商,,,1011212,土地1建物1車位1,十三層,15,住宅大樓(11層含以上有電梯),住家用,鋼筋混凝土造,,162.45,3,2,2,有,無,8400000,51708,坡道機械,13.34,0,,RPSPMLSJQHIFFBB38CB
北屯區,房地(土地+建物)+車位,臺中市北屯區崇德十五路3號十四樓之2,15.36,商,,,1011113,土地1建物1車位1,十四層,15,住宅大樓(11層含以上有電梯),住家用,鋼筋混凝土造,,162.45,3,2,2,有,無,8450000,52016,坡道機械,13.34,0,,RPTPMLSJQHIFFBB48CB
北屯區,房地(土地+建物)+車位,臺中市北屯區崇德十五路3號十五樓之2,15.36,商,,,1011206,土地1建物1車位1,十五層,15,住宅大樓(11層含以上有電梯),住家用,鋼筋混凝土造,,162.45,3,2,2,有,無,8360000,51462,坡道機械,13.34,0,,RPVPMLSJQHIFFBB68CB
北屯區,房地(土地+建物)+車位,臺中市北屯區崇德十五路3號二樓之3,16.23,商,,,1020306,土地1建物1車位1,二層,15,住宅大樓(11層含以上有電梯),住家用,鋼筋混凝土造,,169.38,4,2,2,有,無,9800000,57858,坡道機械,11.72,0,售價包含裝潢或家電。,RPWPMLSJQHIFFBB78CB
北屯區,房地(土地+建物)+車位,臺中市北屯區崇德十五路3號三樓之3,16.23,商,,,1020128,土地1建物1車位1,三層,15,住宅大樓(11層含以上有電梯),住家用,鋼筋混凝土造,,169.38,4,2,2,有,無,8380000,49475,坡道機械,11.72,0,,RPXPMLSJQHIFFBB88CB
北屯區,房地(土地+建物)+車位,臺中市北屯區崇德十五路3號四樓之3,16.23,商,,,1011213,土地1建物1車位1,四層,15,住宅大樓(11層含以上有電梯),住家用,鋼筋混凝土造,,171.0,4,2,2,有,無,8360000,48889,坡道機械,13.34,0,,RPOQMLSJQHIFFBB08CB
北屯區,房地(土地+建物)+車位,臺中市北屯區崇德十五路3號五樓之3,16.23,商,,,1011221,土地1建物1車位1,五層,15,住宅大樓(11層含以上有電梯),住家用,鋼筋混凝土造,,170.59,4,2,2,有,無,9000000,52758,坡道機械,12.93,0,售價包含裝潢或家電。,RPPQMLSJQHIFFBB18CB
北屯區,房地(土地+建物)+車位,臺中市北屯區崇德十五路3號六樓之3,16.23,商,,,1020110,土地1建物1車位1,六層,15,住宅大樓(11層含以上有電梯),住家用,鋼筋混凝土造,,169.38,4,2,2,有,無,8500000,50183,坡道機械,11.72,0,,RPQQMLSJQHIFFBB28CB
北屯區,房地(土地+建物)+車位,臺中市北屯區崇德十五路3號七樓之3,16.23,商,,,1020104,土地1建物1車位1,七層,15,住宅大樓(11層含以上有電梯),住家用,鋼筋混凝土造,,170.59,4,2,2,有,無,8700000,50999,坡道機械,12.93,0,,RPRQMLSJQHIFFBB38CB
北屯區,房地(土地+建物)+車位,臺中市北屯區崇德十五路3號八樓之3,16.23,商,,,1011226,土地1建物1車位1,八層,15,住宅大樓(11層含以上有電梯),住家用,鋼筋混凝土造,,171.0,4,2,2,有,無,8800000,51462,坡道機械,13.34,0,,RPSQMLSJQHIFFBB48CB
北屯區,房地(土地+建物)+車位,臺中市北屯區崇德十五路3號九樓之3,16.23,商,,,1011227,土地1建物1車位1,九層,15,住宅大樓(11層含以上有電梯),住家用,鋼筋混凝土造,,171.0,4,2,2,有,無,8950000,52339,坡道機械,13.34,0,售價包含裝潢或家電。,RPUQMLSJQHIFFBB68CB
北屯區,房地(土地+建物)+車位,臺中市北屯區崇德十五路3號十樓之3,16.23,商,,,1011221,土地1建物1車位1,十層,15,住宅大樓(11層含以上有電梯),住家用,鋼筋混凝土造,,170.59,4,2,2,有,無,8870000,51996,坡道機械,12.93,0,,RPVQMLSJQHIFFBB78CB
北屯區,房地(土地+建物)+車位,臺中市北屯區崇德十五路3號十一樓之3,16.23,商,,,1020103,土地1建物1車位1,十一層,15,住宅大樓(11層含以上有電梯),住家用,鋼筋混凝土造,,171.0,4,2,2,有,無,8650000,50585,坡道機械,13.34,0,,RPWQMLSJQHIFFBB88CB
北屯區,房地(土地+建物)+車位,臺中市北屯區崇德十五路3號十二樓之3,16.23,商,,,1020113,土地1建物1車位1,十二層,15,住宅大樓(11層含以上有電梯),住家用,鋼筋混凝土造,,169.38,4,2,2,有,無,8760000,51718,坡道機械,11.72,0,售價包含裝潢或家電。,RPXQMLSJQHIFFBB98CB
北屯區,房地(土地+建物)+車位,臺中市北屯區崇德十五路1號七樓之3,20.29,商,,,1020108,土地1建物1車位2,七層,15,住宅大樓(11層含以上有電梯),住家用,鋼筋混凝土造,,228.46,4,2,2,有,無,11550000,50556,坡道平面,34.35,0,,RPTRMLSJQHIFFBB68CB
北屯區,房地(土地+建物)+車位,臺中市北屯區崇德十五路3號十一樓之1,20.29,商,,,1020131,土地1建物1車位1,十一層,15,住宅大樓(11層含以上有電梯),住家用,鋼筋混凝土造,,216.56,4,2,2,有,無,11500000,53103,坡道平面,19.4,0,,RPURMLSJQHIFFBB78CB
南屯區,房地(土地+建物)+車位,臺中市南屯區文心路一段260號十六樓之5,19.53,住,,,1011224,土地1建物1車位2,十六層,27,住宅大樓(11層含以上有電梯),住家用,鋼骨混凝土造,,324.05,4,2,2,有,無,26500000,81778,坡道平面,0.0,0,,RPUNMLSJQHIFFCB48CB
南屯區,房地(土地+建物)+車位,臺中市南屯區文心路一段260號十七樓之6,27.4,住,,,1020105,土地1建物1車位3,十七層,27,住宅大樓(11層含以上有電梯),住家用,鋼骨混凝土造,,451.72,4,2,3,有,無,39000000,86337,坡道平面,0.0,0,,RPXNMLSJQHIFFCB78CB
南屯區,房地(土地+建物)+車位,臺中市南屯區文心路一段260號五樓之2,19.53,住,,,1020107,土地1建物1車位2,五層,27,住宅大樓(11層含以上有電梯),住家用,鋼骨混凝土造,,324.05,4,2,2,有,無,25300000,78074,坡道平面,0.0,0,,RPVOMLSJQHIFFCB68CB
南屯區,房地(土地+建物)+車位,臺中市南屯區文心路一段260號九樓之6,27.4,住,,,1020110,土地1建物1車位3,九層,27,住宅大樓(11層含以上有電梯),住家用,鋼骨混凝土造,,451.72,4,2,3,有,無,31720000,70220,坡道平面,0.0,0,,RPOPMLSJQHIFFCB08CB
南屯區,房地(土地+建物)+車位,臺中市南屯區文心路一段260號六樓之5,19.53,住,,,1020111,土地1建物1車位2,六層,27,住宅大樓(11層含以上有電梯),住家用,鋼骨混凝土造,,324.05,4,2,2,有,無,25800000,79617,坡道平面,0.0,0,,RPSPMLSJQHIFFCB48CB
南屯區,房地(土地+建物)+車位,臺中市南屯區文心路一段260號十五樓之6,28.98,住,,,1020112,土地1建物1車位4,十五層,27,住宅大樓(11層含以上有電梯),住家用,鋼骨混凝土造,,485.79,4,2,3,有,無,38950000,80179,坡道平面,0.0,0,,RPPQMLSJQHIFFCB28CB
南屯區,房地(土地+建物)+車位,臺中市南屯區文心路一段260號七樓之1,27.4,住,,,1020121,土地1建物1車位3,七層,27,住宅大樓(11層含以上有電梯),住家用,鋼骨混凝土造,,451.86,4,2,3,有,無,36750000,81331,坡道平面,0.0,0,,RPPRMLSJQHIFFCB38CB
南屯區,房地(土地+建物)+車位,臺中市南屯區文心路一段260號十二樓之5,19.53,住,,,1020122,土地1建物1車位2,十二層,27,住宅大樓(11層含以上有電梯),住家用,鋼骨混凝土造,,324.05,4,2,2,有,無,27400000,84555,坡道平面,0.0,0,,RPTRMLSJQHIFFCB78CB
南屯區,房地(土地+建物)+車位,臺中市南屯區文心路一段260號十四樓之6,27.4,住,,,1020125,土地1建物1車位3,十四層,27,住宅大樓(11層含以上有電梯),住家用,鋼骨混凝土造,,451.72,4,2,3,有,無,36690000,81223,坡道平面,0.0,0,,RPWRMLSJQHIFFCB09CB
南屯區,房地(土地+建物)+車位,臺中市南屯區文心路一段260號二十一樓之5,19.53,住,,,1020312,土地1建物1車位2,二十一層,27,住宅大樓(11層含以上有電梯),住家用,鋼骨混凝土造,,324.05,4,2,2,有,無,29200000,90110,坡道平面,0.0,0,,RPOSMLSJQHIFFCB38CB
南屯區,房地(土地+建物)+車位,臺中市南屯區文心路一段260號五樓之6,27.72,住,,,1020201,土地1建物1車位3,五層,27,住宅大樓(11層含以上有電梯),住家用,鋼骨混凝土造,,456.26,4,2,3,有,無,35500000,77807,坡道平面,0.0,0,,RPPSMLSJQHIFFCB48CB
南屯區,房地(土地+建物)+車位,臺中市南屯區文心路一段260號二十三樓之5,19.53,住,,,1020201,土地1建物1車位2,二十三層,27,住宅大樓(11層含以上有電梯),住家用,鋼骨混凝土造,,324.05,4,2,2,有,無,30000000,92578,坡道平面,0.0,0,,RPQSMLSJQHIFFCB58CB
南屯區,房地(土地+建物)+車位,臺中市南屯區文心路一段260號四樓之6,27.4,住,,,1020206,土地1建物1車位3,四層,27,住宅大樓(11層含以上有電梯),住家用,鋼骨混凝土造,,446.22,4,2,3,有,無,31830000,71333,坡道平面,0.0,0,,RPRSMLSJQHIFFCB68CB
南屯區,房地(土地+建物)+車位,臺中市南屯區文心路一段260號二十二樓之6,27.4,住,,,1020207,土地1建物1車位3,二十二層,27,住宅大樓(11層含以上有電梯),住家用,鋼骨混凝土造,,451.72,4,2,3,有,無,40750000,90211,坡道平面,0.0,0,,RPSSMLSJQHIFFCB78CB
南屯區,房地(土地+建物)+車位,臺中市南屯區文心路一段260號六樓之3,33.08,住,,,1020207,土地1建物1車位4,六層,27,住宅大樓(11層含以上有電梯),住家用,鋼骨混凝土造,,586.14,4,2,4,有,無,46000000,78480,坡道平面,0.0,0,,RPTSMLSJQHIFFCB88CB
南屯區,房地(土地+建物)+車位,臺中市南屯區文心路一段260號七樓之3,33.08,住,,,1020207,土地1建物1車位4,七層,27,住宅大樓(11層含以上有電梯),住家用,鋼骨混凝土造,,586.14,4,2,4,有,無,46640000,79571,坡道平面,0.0,0,,RPUSMLSJQHIFFCB98CB
南屯區,房地(土地+建物)+車位,臺中市南屯區文心路一段260號五樓之5,19.53,住,,,1020219,土地1建物1車位2,五層,27,住宅大樓(11層含以上有電梯),住家用,鋼骨混凝土造,,324.05,4,2,2,有,無,25180000,77704,坡道平面,0.0,0,,RPVSMLSJQHIFFCB09CB
南屯區,房地(土地+建物)+車位,臺中市南屯區文心路一段260號二十樓之5,19.53,住,,,1020225,土地1建物1車位2,二十層,27,住宅大樓(11層含以上有電梯),住家用,鋼骨混凝土造,,324.05,4,2,2,有,無,29200000,90110,坡道平面,0.0,0,,RPWSMLSJQHIFFCB56CB
南屯區,房地(土地+建物)+車位,臺中市南屯區文心路一段260號二十三樓之6,28.98,住,,,1020227,土地1建物1車位4,二十三層,27,住宅大樓(11層含以上有電梯),住家用,鋼骨混凝土造,,485.79,4,2,3,有,無,45280000,93209,坡道平面,0.0,0,,RPXSMLSJQHIFFCB66CB
南屯區,房地(土地+建物)+車位,臺中市南屯區文心路一段260號五樓之3,33.7,住,,,1020207,土地1建物1車位4,五層,27,住宅大樓(11層含以上有電梯),住家用,鋼骨混凝土造,,577.23,4,2,4,有,無,44280000,76711,坡道平面,0.0,0,,RPOTMLSJQHIFFCB48CB
南屯區,房地(土地+建物)+車位,臺中市南屯區文心路一段260號二十二樓之5,22.68,住,,,1020201,土地1建物1車位4,二十二層,27,住宅大樓(11層含以上有電梯),住家用,鋼骨混凝土造,,392.18,4,2,2,有,無,31760000,80983,坡道平面,0.0,0,,RPPTMLSJQHIFFCB58CB
南屯區,房地(土地+建物)+車位,臺中市南屯區文心路一段260號七樓之5,19.53,住,,,1020303,土地1建物1車位2,七層,27,住宅大樓(11層含以上有電梯),住家用,鋼骨混凝土造,,324.05,4,2,2,有,無,26300000,81160,坡道平面,0.0,0,,RPQTMLSJQHIFFCB68CB
南屯區,房地(土地+建物)+車位,臺中市南屯區文心路一段260號十五樓之5,19.53,住,,,1020309,土地1建物1車位2,十五層,27,住宅大樓(11層含以上有電梯),住家用,鋼骨混凝土造,,324.05,4,2,2,有,無,28200000,87024,坡道平面,0.0,0,,RPRTMLSJQHIFFCB78CB
南屯區,房地(土地+建物)+車位,臺中市南屯區文心路一段260號十樓之5,19.53,住,,,1020312,土地1建物1車位2,十層,27,住宅大樓(11層含以上有電梯),住家用,鋼骨混凝土造,,324.05,4,2,2,有,無,27580000,85110,坡道平面,0.0,0,,RPSTMLSJQHIFFCB88CB
南屯區,房地(土地+建物)+車位,臺中市南屯區文心路一段260號二十五樓之5,19.53,住,,,1020317,土地1建物1車位2,二十五層,27,住宅大樓(11層含以上有電梯),住家用,鋼骨混凝土造,,324.05,4,2,2,有,無,31000000,95664,坡道平面,0.0,0,,RPUTMLSJQHIFFCB09CB
南屯區,房地(土地+建物)+車位,臺中市南屯區文心路一段260號五樓之1,27.4,住,,,1020317,土地1建物1車位3,五層,27,住宅大樓(11層含以上有電梯),住家用,鋼骨混凝土造,,451.86,4,2,3,有,無,36630000,81065,坡道平面,0.0,0,,RPXTMLSJQHIFFCB76CB
南屯區,房地(土地+建物)+車位,臺中市南屯區文心路一段260號三樓之6,27.09,住,,,1020317,土地1建物1車位3,三層,27,住宅大樓(11層含以上有電梯),住家用,鋼骨混凝土造,,441.68,4,2,3,有,無,33350000,75507,坡道平面,0.0,0,,RPPUMLSJQHIFFCB68CB
南屯區,房地(土地+建物)+車位,臺中市南屯區文心路一段260號十一樓之3,33.7,住,,,1020327,土地1建物1車位4,十一層,27,住宅大樓(11層含以上有電梯),住家用,鋼骨混凝土造,,577.23,4,2,4,有,無,46430000,80436,坡道平面,0.0,0,,RPWUMLSJQHIFFCB76CB
南屯區,房地(土地+建物)+車位,臺中市南屯區文心路一段260號四樓之5,19.53,住,,,1020328,土地1建物1車位2,四層,27,住宅大樓(11層含以上有電梯),住家用,鋼骨混凝土造,,324.05,4,2,2,有,無,23800000,73445,坡道平面,0.0,0,,RPPVMLSJQHIFFCB78CB
南屯區,房地(土地+建物)+車位,臺中市南屯區文心路一段260號三樓之1,27.09,住,,,1020413,土地1建物1車位3,三層,27,住宅大樓(11層含以上有電梯),住家用,鋼骨混凝土造,,441.78,4,2,3,有,無,32850000,74358,坡道平面,0.0,0,,RPQVMLSJQHIFFCB88CB
南屯區,房地(土地+建物)+車位,臺中市南屯區文心路一段260號三樓之3,32.76,住,,,1020413,土地1建物1車位4,三層,27,住宅大樓(11層含以上有電梯),住家用,鋼骨混凝土造,,563.6,4,2,4,有,無,42000000,74521,坡道平面,0.0,0,,RPSVMLSJQHIFFCB09CB
南屯區,車位,臺中市南屯區文心路一段258號公共設施,2.84,住,,,1020422,土地0建物0車位2,,27,其他,住家用,鋼骨混凝土造,,63.58,0,0,0,有,無,2200000,,坡道平面,0.0,0,,RPTVMLSJQHIFFCB56CB
南屯區,房地(土地+建物)+車位,臺中市南屯區文心路一段260號四樓之2,19.53,住,,,1020119,土地1建物1車位2,四層,27,住宅大樓(11層含以上有電梯),住家用,鋼骨混凝土造,,324.05,4,2,2,有,無,24080000,74310,坡道平面,0.0,0,,RPVWMLSJQHIFFCB86CB
南屯區,房地(土地+建物)+車位,臺中市南屯區文心路一段260號二十樓之6,27.4,住,,,1020118,土地1建物1車位3,二十層,27,住宅大樓(11層含以上有電梯),住家用,鋼骨混凝土造,,451.72,4,2,3,有,無,39590000,87643,坡道平面,0.0,0,,RPXWMLSJQHIFFCB07CB
南屯區,房地(土地+建物)+車位,臺中市南屯區文心路一段260號十四樓之5,16.7,住,,,1020302,土地1建物1車位2,十四層,27,住宅大樓(11層含以上有電梯),住家用,鋼骨混凝土造,,273.39,4,2,2,有,無,20950000,76630,坡道平面,0.0,0,,RPPNNLSJQHIFFCB08CB
南屯區,房地(土地+建物)+車位,臺中市南屯區文心路一段260號十四樓之1,27.72,住,,,1020430,土地1建物1車位3,十四層,27,住宅大樓(11層含以上有電梯),住家用,鋼骨混凝土造,,456.4,4,2,3,有,無,34610000,75833,坡道平面,0.0,0,,RPRNNLSJQHIFFCB28CB
南屯區,房地(土地+建物)+車位,臺中市南屯區文心路一段260號二十四樓之3,30.24,住,,,1020227,土地1建物1車位2,二十四層,27,住宅大樓(11層含以上有電梯),住家用,鋼骨混凝土造,,375.12,4,2,4,有,無,49700000,132491,坡道平面,0.0,0,,RPUNNLSJQHIFFCB58CB
南屯區,房地(土地+建物)+車位,臺中市南屯區文心路一段260號十樓之6,26.14,住,,,1020227,土地1建物1車位2,十層,27,住宅大樓(11層含以上有電梯),住家用,鋼骨混凝土造,,312.98,4,2,3,有,無,35970000,114927,坡道平面,0.0,0,,RPWNNLSJQHIFFCB78CB
烏日區,房地(土地+建物)+車位,臺中市烏日區仁德段203地號,29.74,住,,,1011130,土地1建物1車位2,二層,12,住宅大樓(11層含以上有電梯),住家用,鋼筋混凝土造,,198.99,3,2,2,有,無,8000000,47079,坡道平面,69.42,1900000,,RPROMLSJQHIFFGL07CB
烏日區,房地(土地+建物)+車位,臺中市烏日區仁德段203地號,30.48,住,,,1011019,土地1建物1車位1,三層,12,住宅大樓(11層含以上有電梯),住家用,鋼筋混凝土造,,168.29,3,2,2,有,無,6600000,42297,坡道平面,34.71,950000,,RPTOMLSJQHIFFGL27CB
烏日區,房地(土地+建物)+車位,臺中市烏日區仁德段203地號,30.48,住,,,1010907,土地1建物1車位1,四層,12,住宅大樓(11層含以上有電梯),住家用,鋼筋混凝土造,,168.86,3,2,2,有,無,6250000,39508,坡道平面,34.71,950000,,RPWOMLSJQHIFFGL57CB
烏日區,房地(土地+建物)+車位,臺中市烏日區仁德段203地號,30.48,住,,,1010901,土地1建物1車位1,五層,12,住宅大樓(11層含以上有電梯),住家用,鋼筋混凝土造,,168.86,3,2,2,有,無,6500000,39881,坡道平面,34.71,1150000,,RPOPMLSJQHIFFGL86CB
烏日區,房地(土地+建物)+車位,臺中市烏日區仁德段203地號,30.48,住,,,1010810,土地1建物1車位1,六層,12,住宅大樓(11層含以上有電梯),住家用,鋼筋混凝土造,,168.86,3,2,2,有,無,6550000,40253,坡道平面,34.71,1150000,,RPPPMLSJQHIFFGL96CB
烏日區,房地(土地+建物)+車位,臺中市烏日區仁德段203地號,30.48,住,,,1010708,土地1建物1車位1,七層,12,住宅大樓(11層含以上有電梯),住家用,鋼筋混凝土造,,163.54,3,2,2,有,無,6580000,42713,坡道平面,29.39,850000,,RPQPMLSJQHIFFGL07CB
烏日區,房地(土地+建物)+車位,臺中市烏日區仁德段203地號,30.48,住,,,1010920,土地1建物1車位1,八層,12,住宅大樓(11層含以上有電梯),住家用,鋼筋混凝土造,,168.29,3,2,2,有,無,6950000,44917,坡道平面,34.71,950000,,RPRPMLSJQHIFFGL17CB
烏日區,房地(土地+建物)+車位,臺中市烏日區仁德段203地號,30.48,住,,,1010921,土地1建物1車位1,九層,12,住宅大樓(11層含以上有電梯),住家用,鋼筋混凝土造,,168.29,3,2,2,有,無,6980000,45141,坡道平面,34.71,950000,,RPSPMLSJQHIFFGL27CB
烏日區,房地(土地+建物)+車位,臺中市烏日區仁德段203地號,30.48,住,,,1010922,土地1建物1車位1,十層,12,住宅大樓(11層含以上有電梯),住家用,鋼筋混凝土造,,168.29,3,2,2,有,無,7000000,45291,坡道平面,34.71,950000,,RPTPMLSJQHIFFGL37CB
烏日區,房地(土地+建物)+車位,臺中市烏日區仁德段203地號,30.48,住,,,1010920,土地1建物1車位1,十一層,12,住宅大樓(11層含以上有電梯),住家用,鋼筋混凝土造,,168.29,3,2,2,有,無,7000000,45291,坡道平面,34.71,950000,,RPUPMLSJQHIFFGL47CB
烏日區,房地(土地+建物)+車位,臺中市烏日區仁德段203地號,30.48,住,,,1011014,土地1建物1車位1,十二層,12,住宅大樓(11層含以上有電梯),住家用,鋼筋混凝土造,,168.29,3,2,2,有,無,7080000,44393,坡道平面,34.71,1150000,,RPVPMLSJQHIFFGL57CB
烏日區,房地(土地+建物)+車位,臺中市烏日區仁德段203地號,28.5,住,,,1011113,土地1建物1車位2,二層,12,住宅大樓(11層含以上有電梯),住家用,鋼筋混凝土造,,193.65,3,2,2,有,無,7650000,46285,坡道平面,69.42,1900000,,RPWPMLSJQHIFFGL67CB
烏日區,房地(土地+建物)+車位,臺中市烏日區仁德段203地號,29.49,住,,,1011006,土地1建物1車位1,三層,12,住宅大樓(11層含以上有電梯),住家用,鋼筋混凝土造,,163.5,3,2,2,有,無,6420000,42472,坡道平面,34.71,950000,,RPXPMLSJQHIFFGL77CB
烏日區,房地(土地+建物)+車位,臺中市烏日區仁德段203地號,29.24,住,,,1010705,土地1建物1車位1,四層,12,住宅大樓(11層含以上有電梯),住家用,鋼筋混凝土造,,162.55,3,2,2,有,無,5980000,39346,坡道平面,34.71,950000,,RPOQMLSJQHIFFGL96CB
烏日區,房地(土地+建物)+車位,臺中市烏日區仁德段203地號,29.49,住,,,1010818,土地1建物1車位1,五層,12,住宅大樓(11層含以上有電梯),住家用,鋼筋混凝土造,,162.55,3,2,2,有,無,6400000,42631,坡道平面,34.71,950000,,RPPQMLSJQHIFFGL07CB
烏日區,房地(土地+建物)+車位,臺中市烏日區仁德段203地號,29.24,住,,,1010806,土地1建物1車位1,六層,12,住宅大樓(11層含以上有電梯),住家用,鋼筋混凝土造,,157.22,3,2,2,有,無,6300000,42635,坡道平面,29.39,850000,,RPQQMLSJQHIFFGL17CB
烏日區,房地(土地+建物)+車位,臺中市烏日區仁德段203地號,29.49,住,,,1011014,土地1建物1車位1,七層,12,住宅大樓(11層含以上有電梯),住家用,鋼筋混凝土造,,163.5,3,2,2,有,無,6600000,42317,坡道平面,34.71,1150000,,RPSQMLSJQHIFFGL37CB
烏日區,房地(土地+建物)+車位,臺中市烏日區仁德段203地號,29.24,住,,,1010926,土地1建物1車位1,八層,12,住宅大樓(11層含以上有電梯),住家用,鋼筋混凝土造,,156.58,3,2,2,有,無,6710000,44500,坡道平面,29.39,1050000,,RPTQMLSJQHIFFGL47CB
烏日區,房地(土地+建物)+車位,臺中市烏日區仁德段203地號,29.49,住,,,1010930,土地1建物1車位1,九層,12,住宅大樓(11層含以上有電梯),住家用,鋼筋混凝土造,,163.5,3,2,2,有,無,6750000,43482,坡道平面,34.71,1150000,,RPUQMLSJQHIFFGL57CB
烏日區,房地(土地+建物)+車位,臺中市烏日區仁德段203地號,29.24,住,,,1011110,土地1建物1車位1,十層,12,住宅大樓(11層含以上有電梯),住家用,鋼筋混凝土造,,161.9,3,2,2,有,無,6800000,44422,坡道平面,34.71,1150000,,RPVQMLSJQHIFFGL67CB
烏日區,房地(土地+建物)+車位,臺中市烏日區仁德段203地號,29.49,住,,,1011030,土地1建物1車位1,十一層,12,住宅大樓(11層含以上有電梯),住家用,鋼筋混凝土造,,163.5,3,2,2,有,無,6900000,46199,坡道平面,34.71,950000,,RPWQMLSJQHIFFGL77CB
烏日區,房地(土地+建物)+車位,臺中市烏日區仁德段203地號,29.24,住,,,1011115,土地1建物1車位1,十二層,12,住宅大樓(11層含以上有電梯),住家用,鋼筋混凝土造,,156.58,3,2,2,有,無,7200000,49925,坡道平面,29.39,850000,,RPXQMLSJQHIFFGL87CB
烏日區,房地(土地+建物)+車位,臺中市烏日區仁德段203地號,30.23,住,,,1010912,土地1建物1車位1,三層,12,住宅大樓(11層含以上有電梯),住家用,鋼筋混凝土造,,166.48,3,2,2,有,無,6250000,38704,坡道平面,34.71,1150000,,RPORMLSJQHIFFGL07CB
烏日區,房地(土地+建物)+車位,臺中市烏日區仁德段203地號,29.98,住,,,1010903,土地1建物1車位1,四層,12,住宅大樓(11層含以上有電梯),住家用,鋼筋混凝土造,,165.85,3,2,2,有,無,6150000,37746,坡道平面,34.71,1200000,,RPPRMLSJQHIFFGL17CB
烏日區,房地(土地+建物)+車位,臺中市烏日區仁德段203地號,30.23,住,,,1010726,土地1建物1車位1,五層,12,住宅大樓(11層含以上有電梯),住家用,鋼筋混凝土造,,165.84,3,2,2,有,無,6350000,41181,坡道平面,34.71,950000,,RPQRMLSJQHIFFGL27CB
烏日區,房地(土地+建物)+車位,臺中市烏日區仁德段203地號,29.98,住,,,1010912,土地1建物1車位1,六層,12,住宅大樓(11層含以上有電梯),住家用,鋼筋混凝土造,,165.58,3,2,2,有,無,6600000,41644,坡道平面,34.71,1150000,,RPRRMLSJQHIFFGL37CB
烏日區,房地(土地+建物)+車位,臺中市烏日區仁德段203地號,30.23,住,,,1010930,土地1建物1車位1,七層,12,住宅大樓(11層含以上有電梯),住家用,鋼筋混凝土造,,161.16,3,2,2,有,無,6730000,43105,坡道平面,29.39,1050000,,RPSRMLSJQHIFFGL47CB
烏日區,房地(土地+建物)+車位,臺中市烏日區仁德段203地號,29.98,住,,,1011005,土地1建物1車位1,八層,12,住宅大樓(11層含以上有電梯),住家用,鋼筋混凝土造,,165.58,3,2,2,有,無,6800000,43173,坡道平面,34.71,1150000,,RPTRMLSJQHIFFGL57CB
烏日區,房地(土地+建物)+車位,臺中市烏日區仁德段203地號,30.23,住,,,1011002,土地1建物1車位1,九層,12,住宅大樓(11層含以上有電梯),住家用,鋼筋混凝土造,,166.48,3,2,2,有,無,6850000,44775,坡道平面,34.71,950000,,RPURMLSJQHIFFGL67CB
烏日區,房地(土地+建物)+車位,臺中市烏日區仁德段203地號,29.98,住,,,1011013,土地1建物1車位1,十層,12,住宅大樓(11層含以上有電梯),住家用,鋼筋混凝土造,,165.58,3,2,2,有,無,6850000,43555,坡道平面,34.71,1150000,,RPVRMLSJQHIFFGL77CB
烏日區,房地(土地+建物)+車位,臺中市烏日區仁德段203地號,30.23,住,,,1011110,土地1建物1車位1,十一層,12,住宅大樓(11層含以上有電梯),住家用,鋼筋混凝土造,,166.48,3,2,2,有,無,6970000,44168,坡道平面,34.71,1150000,,RPWRMLSJQHIFFGL87CB
烏日區,房地(土地+建物)+車位,臺中市烏日區仁德段203地號,29.98,住,,,1011110,土地1建物1車位1,十二層,12,住宅大樓(11層含以上有電梯),住家用,鋼筋混凝土造,,165.58,3,2,2,有,無,6970000,44472,坡道平面,34.71,1150000,,RPXRMLSJQHIFFGL97CB
烏日區,房地(土地+建物)+車位,臺中市烏日區仁德段203地號,28.5,住,,,1011112,土地1建物1車位1,二層,12,住宅大樓(11層含以上有電梯),住家用,鋼筋混凝土造,,158.91,3,2,2,有,無,6900000,47907,坡道平面,34.71,950000,,RPOSMLSJQHIFFGL17CB
烏日區,房地(土地+建物)+車位,臺中市烏日區仁德段203地號,28.74,住,,,1011109,土地1建物1車位1,三層,12,住宅大樓(11層含以上有電梯),住家用,鋼筋混凝土造,,159.96,3,2,2,有,無,6900000,45908,坡道平面,34.71,1150000,,RPPSMLSJQHIFFGL27CB
烏日區,房地(土地+建物),臺中市烏日區仁德段203地號,28.74,住,,,1010712,土地1建物1車位0,四層,12,住宅大樓(11層含以上有電梯),住家用,鋼筋混凝土造,,125.95,3,2,2,有,無,5300000,42080,,0.0,0,,RPQSMLSJQHIFFGL37CB
烏日區,房地(土地+建物),臺中市烏日區仁德段203地號,28.74,住,,,1010629,土地1建物1車位0,五層,12,住宅大樓(11層含以上有電梯),住家用,鋼筋混凝土造,,125.95,3,2,2,有,無,5450000,43271,坡道平面,0.0,0,,RPRSMLSJQHIFFGL47CB
烏日區,房地(土地+建物)+車位,臺中市烏日區仁德段203地號,28.74,住,,,1010928,土地1建物1車位1,六層,12,住宅大樓(11層含以上有電梯),住家用,鋼筋混凝土造,,159.96,3,2,2,有,無,6570000,44870,坡道平面,34.71,950000,,RPSSMLSJQHIFFGL57CB
烏日區,房地(土地+建物)+車位,臺中市烏日區仁德段203地號,28.74,住,,,1010930,土地1建物1車位1,七層,12,住宅大樓(11層含以上有電梯),住家用,鋼筋混凝土造,,159.96,3,2,2,有,無,6550000,43114,坡道平面,34.71,1150000,,RPTSMLSJQHIFFGL67CB
烏日區,房地(土地+建物)+車位,臺中市烏日區仁德段203地號,28.74,住,,,1011102,土地1建物1車位2,八層,12,住宅大樓(11層含以上有電梯),住家用,鋼筋混凝土造,,194.67,3,2,2,有,無,7760000,43593,坡道平面,69.42,2300000,,RPUSMLSJQHIFFGL77CB
烏日區,房地(土地+建物)+車位,臺中市烏日區仁德段203地號,28.74,住,,,1011119,土地1建物1車位2,九層,12,住宅大樓(11層含以上有電梯),住家用,鋼筋混凝土造,,189.38,3,2,2,有,無,7750000,44311,坡道平面,64.13,2200000,,RPVSMLSJQHIFFGL87CB
烏日區,房地(土地+建物)+車位,臺中市烏日區仁德段203地號,28.74,住,,,1011012,土地1建物1車位1,十層,12,住宅大樓(11層含以上有電梯),住家用,鋼筋混凝土造,,159.96,3,2,2,有,無,6820000,46866,坡道平面,34.71,950000,,RPWSMLSJQHIFFGL97CB
烏日區,房地(土地+建物)+車位,臺中市烏日區仁德段203地號,28.74,住,,,1011115,土地1建物1車位2,十一層,12,住宅大樓(11層含以上有電梯),住家用,鋼筋混凝土造,,194.67,3,2,2,有,無,7900000,47106,坡道平面,69.42,2000000,,RPXSMLSJQHIFFGL08CB
烏日區,房地(土地+建物)+車位,臺中市烏日區仁德段203地號,28.74,住,,,1011105,土地1建物1車位1,十二層,12,住宅大樓(11層含以上有電梯),住家用,鋼筋混凝土造,,159.96,3,2,2,有,無,7200000,49900,坡道平面,34.71,950000,,RPOTMLSJQHIFFGL27CB
烏日區,房地(土地+建物)+車位,臺中市烏日區仁德段203地號,29.74,住,,,1010925,土地1建物1車位1,二層,12,住宅大樓(11層含以上有電梯),住家用,鋼筋混凝土造,,158.77,3,2,2,有,無,6630000,44675,坡道平面,29.39,850000,,RPPTMLSJQHIFFGL37CB
烏日區,房地(土地+建物)+車位,臺中市烏日區仁德段203地號,29.98,住,,,1010811,土地1建物1車位1,三層,12,住宅大樓(11層含以上有電梯),住家用,鋼筋混凝土造,,164.69,3,2,2,有,無,6280000,41006,坡道平面,34.71,950000,,RPQTMLSJQHIFFGL47CB
烏日區,房地(土地+建物)+車位,臺中市烏日區仁德段203地號,29.74,住,,,1010711,土地1建物1車位1,四層,12,住宅大樓(11層含以上有電梯),住家用,鋼筋混凝土造,,159.37,3,2,2,有,無,6100000,40391,坡道平面,29.39,850000,,RPRTMLSJQHIFFGL57CB
烏日區,房地(土地+建物)+車位,臺中市烏日區仁德段203地號,29.98,住,,,1010629,土地1建物1車位1,五層,12,住宅大樓(11層含以上有電梯),住家用,鋼筋混凝土造,,164.69,3,2,2,有,無,6500000,42699,坡道平面,34.71,950000,,RPSTMLSJQHIFFGL67CB
烏日區,房地(土地+建物)+車位,臺中市烏日區仁德段203地號,29.74,住,,,1010825,土地1建物1車位1,六層,12,住宅大樓(11層含以上有電梯),住家用,鋼筋混凝土造,,164.69,3,2,2,有,無,6500000,42699,坡道平面,34.71,950000,,RPTTMLSJQHIFFGL77CB
烏日區,房地(土地+建物)+車位,臺中市烏日區仁德段203地號,29.98,住,,,1010723,土地1建物1車位1,七層,12,住宅大樓(11層含以上有電梯),住家用,鋼筋混凝土造,,164.69,3,2,2,有,無,6500000,41160,坡道平面,34.71,1150000,,RPUTMLSJQHIFFGL87CB
烏日區,房地(土地+建物)+車位,臺中市烏日區仁德段203地號,29.74,住,,,1010908,土地1建物1車位1,八層,12,住宅大樓(11層含以上有電梯),住家用,鋼筋混凝土造,,164.71,3,2,2,有,無,6750000,43077,坡道平面,34.71,1150000,,RPVTMLSJQHIFFGL97CB
烏日區,房地(土地+建物)+車位,臺中市烏日區仁德段203地號,29.98,住,,,1011024,土地1建物1車位1,九層,12,住宅大樓(11層含以上有電梯),住家用,鋼筋混凝土造,,165.7,3,2,2,有,無,6780000,42980,坡道平面,34.71,1150000,,RPWTMLSJQHIFFGL08CB
烏日區,房地(土地+建物)+車位,臺中市烏日區仁德段203地號,29.74,住,,,1010720,土地1建物1車位1,十層,12,住宅大樓(11層含以上有電梯),住家用,鋼筋混凝土造,,164.69,3,2,2,有,無,6450000,40391,坡道平面,34.71,1200000,,RPXTMLSJQHIFFGL18CB
烏日區,房地(土地+建物)+車位,臺中市烏日區仁德段203地號,29.74,住,,,1010908,土地1建物1車位1,十一層,12,住宅大樓(11層含以上有電梯),住家用,鋼筋混凝土造,,164.71,3,2,2,有,無,6850000,43846,坡道平面,34.71,1150000,,RPOUMLSJQHIFFGL37CB
烏日區,房地(土地+建物)+車位,臺中市烏日區仁德段203地號,29.74,住,,,1011013,土地1建物1車位2,十二層,12,住宅大樓(11層含以上有電梯),住家用,鋼筋混凝土造,,198.8,3,2,2,有,無,7800000,45602,坡道平面,69.42,1900000,,RPPUMLSJQHIFFGL47CB
烏日區,房地(土地+建物)+車位,臺中市烏日區仁德段203地號,29.24,住,,,1011008,土地1建物1車位1,二層,12,住宅大樓(11層含以上有電梯),住家用,鋼筋混凝土造,,162.06,3,2,2,有,無,6700000,45151,坡道平面,34.71,950000,,RPQUMLSJQHIFFGL57CB
烏日區,房地(土地+建物)+車位,臺中市烏日區仁德段203地號,29.49,住,,,1010710,土地1建物1車位1,三層,12,住宅大樓(11層含以上有電梯),住家用,鋼筋混凝土造,,162.74,3,2,2,有,無,6300000,41787,坡道平面,34.71,950000,,RPRUMLSJQHIFFGL67CB
烏日區,房地(土地+建物)+車位,臺中市烏日區仁德段203地號,29.24,住,,,1010815,土地1建物1車位2,四層,12,住宅大樓(11層含以上有電梯),住家用,鋼筋混凝土造,,192.13,3,2,2,有,無,6850000,39444,坡道平面,64.1,1800000,,RPSUMLSJQHIFFGL77CB
烏日區,房地(土地+建物)+車位,臺中市烏日區仁德段203地號,29.49,住,,,1010703,土地1建物1車位1,五層,12,住宅大樓(11層含以上有電梯),住家用,鋼筋混凝土造,,162.74,3,2,2,有,無,6480000,42412,坡道平面,34.71,1050000,,RPTUMLSJQHIFFGL87CB
烏日區,房地(土地+建物)+車位,臺中市烏日區仁德段203地號,29.24,住,,,1010804,土地1建物1車位1,六層,12,住宅大樓(11層含以上有電梯),住家用,鋼筋混凝土造,,157.42,3,2,2,有,無,6800000,46473,坡道平面,29.39,850000,,RPUUMLSJQHIFFGL97CB
烏日區,房地(土地+建物)+車位,臺中市烏日區仁德段203地號,29.49,住,,,1010705,土地1建物1車位2,七層,12,住宅大樓(11層含以上有電梯),住家用,鋼筋混凝土造,,197.45,3,2,2,有,無,7480000,44365,坡道平面,69.42,1800000,,RPVUMLSJQHIFFGL08CB
烏日區,房地(土地+建物)+車位,臺中市烏日區仁德段203地號,29.24,住,,,1010718,土地1建物1車位1,八層,12,住宅大樓(11層含以上有電梯),住家用,鋼筋混凝土造,,162.74,3,2,2,有,無,6720000,45068,坡道平面,34.71,950000,,RPWUMLSJQHIFFGL18CB
烏日區,房地(土地+建物)+車位,臺中市烏日區仁德段203地號,29.49,住,,,1010815,土地1建物1車位2,九層,12,住宅大樓(11層含以上有電梯),住家用,鋼筋混凝土造,,197.45,3,2,2,有,無,7700000,45302,坡道平面,69.42,1900000,,RPXUMLSJQHIFFGL28CB
烏日區,房地(土地+建物)+車位,臺中市烏日區仁德段203地號,29.24,住,,,1010710,土地1建物1車位1,十層,12,住宅大樓(11層含以上有電梯),住家用,鋼筋混凝土造,,162.81,3,2,2,有,無,7050000,46058,坡道平面,34.71,1150000,,RPOVMLSJQHIFFGL47CB
烏日區,房地(土地+建物)+車位,臺中市烏日區仁德段203地號,29.49,住,,,1010805,土地1建物1車位1,十一層,12,住宅大樓(11層含以上有電梯),住家用,鋼筋混凝土造,,162.74,3,2,2,有,無,7000000,45692,坡道平面,34.71,1150000,,RPPVMLSJQHIFFGL57CB
烏日區,房地(土地+建物)+車位,臺中市烏日區仁德段203地號,29.24,住,,,1010817,土地1建物1車位1,十二層,12,住宅大樓(11層含以上有電梯),住家用,鋼筋混凝土造,,160.36,3,2,2,有,無,6790000,45285,坡道平面,34.71,1100000,,RPQVMLSJQHIFFGL67CB
烏日區,房地(土地+建物)+車位,臺中市烏日區仁德段203地號,30.98,住,,,1011016,土地1建物1車位1,二層,12,住宅大樓(11層含以上有電梯),住家用,鋼筋混凝土造,,169.11,3,2,2,有,無,7450000,46875,坡道平面,34.71,1150000,,RPRVMLSJQHIFFGL77CB
烏日區,房地(土地+建物)+車位,臺中市烏日區仁德段203地號,30.98,住,,,1010720,土地1建物1車位1,三層,12,住宅大樓(11層含以上有電梯),住家用,鋼筋混凝土造,,170.02,3,2,2,有,無,6700000,41017,坡道平面,34.71,1150000,,RPSVMLSJQHIFFGL87CB
烏日區,房地(土地+建物)+車位,臺中市烏日區仁德段203地號,30.98,住,,,1010709,土地1建物1車位1,四層,12,住宅大樓(11層含以上有電梯),住家用,鋼筋混凝土造,,164.69,3,2,2,有,無,6320000,40429,坡道平面,29.39,850000,,RPTVMLSJQHIFFGL97CB
烏日區,房地(土地+建物)+車位,臺中市烏日區仁德段203地號,30.98,住,,,1010703,土地1建物1車位1,五層,12,住宅大樓(11層含以上有電梯),住家用,鋼筋混凝土造,,164.69,3,2,2,有,無,7000000,45455,坡道平面,29.39,850000,,RPUVMLSJQHIFFGL08CB
烏日區,房地(土地+建物)+車位,臺中市烏日區仁德段203地號,30.98,住,,,1010707,土地1建物1車位1,六層,12,住宅大樓(11層含以上有電梯),住家用,鋼筋混凝土造,,164.69,3,2,2,有,無,6930000,43089,坡道平面,29.39,1100000,,RPVVMLSJQHIFFGL18CB
烏日區,房地(土地+建物)+車位,臺中市烏日區仁德段203地號,30.98,住,,,1010705,土地1建物1車位4,七層,12,住宅大樓(11層含以上有電梯),住家用,鋼筋混凝土造,,268.82,3,2,2,有,無,9230000,33851,坡道平面,133.52,4650000,,RPWVMLSJQHIFFGL28CB
烏日區,房地(土地+建物)+車位,臺中市烏日區仁德段203地號,30.98,住,,,1010717,土地1建物1車位2,八層,12,住宅大樓(11層含以上有電梯),住家用,鋼筋混凝土造,,204.73,3,2,2,有,無,8370000,47816,坡道平面,69.42,1900000,,RPXVMLSJQHIFFGL38CB
烏日區,房地(土地+建物)+車位,臺中市烏日區仁德段203地號,30.98,住,,,1010713,土地1建物1車位2,九層,12,住宅大樓(11層含以上有電梯),住家用,鋼筋混凝土造,,204.73,3,2,2,有,無,8000000,45821,坡道平面,69.42,1800000,,RPOWMLSJQHIFFGL57CB
烏日區,房地(土地+建物),臺中市烏日區仁德段203地號,30.98,住,,,1010710,土地1建物1車位0,十層,12,住宅大樓(11層含以上有電梯),住家用,鋼筋混凝土造,,135.31,3,2,2,有,無,5930000,43825,,0.0,0,,RPPWMLSJQHIFFGL67CB
烏日區,房地(土地+建物)+車位,臺中市烏日區仁德段203地號,30.98,住,,,1010707,土地1建物1車位1,十一層,12,住宅大樓(11層含以上有電梯),住家用,鋼筋混凝土造,,170.03,3,2,2,有,無,7200000,44709,坡道平面,34.71,1150000,,RPQWMLSJQHIFFGL77CB
烏日區,房地(土地+建物)+車位,臺中市烏日區仁德段203地號,30.98,住,,,1010924,土地1建物1車位2,十二層,12,住宅大樓(11層含以上有電梯),住家用,鋼筋混凝土造,,203.82,3,2,2,有,無,8050000,42783,坡道平面,69.42,2300000,,RPRWMLSJQHIFFGL87CB
清水區,房地(土地+建物)+車位,臺中市清水區銀聯段2074-18地號,101.98,住,,,1020414,土地1建物1車位1,全,4,透天厝,住家用,鋼筋混凝土造,,213.25,4,3,3,有,無,8270000,38781,一樓平面,0.0,0,,RPVNMLMJIIIFFCL28CB
清水區,房地(土地+建物)+車位,臺中市清水區銀聯段2074-17地號,107.0,住,,,1020205,土地1建物1車位1,全,4,透天厝,住家用,鋼筋混凝土造,,213.68,4,3,3,有,無,8180000,38282,一樓平面,0.0,0,,RPWNMLMJIIIFFCL38CB
清水區,房地(土地+建物)+車位,臺中市清水區銀聯段2074-16地號,93.98,住,,,1020602,土地1建物1車位1,全,4,透天厝,住家用,鋼筋混凝土造,,200.36,4,3,3,有,無,7850000,39179,一樓平面,0.0,0,,RPQOMLMJIIIFFCL87CB
清水區,房地(土地+建物)+車位,臺中市清水區銀聯段2074-15地號,98.97,住,,,1020723,土地1建物1車位1,全,4,透天厝,住家用,鋼筋混凝土造,,200.36,4,3,3,有,無,7600000,37932,一樓平面,0.0,0,,RPROMLMJIIIFFCL97CB
清水區,房地(土地+建物)+車位,臺中市清水區銀聯段2074-14地號,86.97,住,,,1020227,土地1建物1車位1,全,4,透天厝,住家用,鋼筋混凝土造,,195.8,4,3,3,有,無,7200000,36772,一樓平面,0.0,0,,RPSOMLMJIIIFFCL08CB
清水區,房地(土地+建物)+車位,臺中市清水區銀聯段2074-8地號,94.74,住,,,1020530,土地1建物1車位1,全,4,透天厝,住家用,鋼筋混凝土造,,180.33,4,3,3,有,無,6800000,37709,一樓平面,0.0,0,,RPTOMLMJIIIFFCL18CB
清水區,房地(土地+建物)+車位,臺中市清水區銀聯段2074-7地號,90.74,住,,,1020723,土地1建物1車位1,全,4,透天厝,住家用,鋼筋混凝土造,,180.33,4,3,3,有,無,6700000,37154,一樓平面,0.0,0,,RPUOMLMJIIIFFCL28CB
清水區,房地(土地+建物)+車位,臺中市清水區銀聯段2074-6地號,91.73,住,,,1020501,土地1建物1車位1,全,4,透天厝,住家用,鋼筋混凝土造,,181.25,4,3,3,有,無,7200000,39724,一樓平面,0.0,0,,RPXOMLMJIIIFFCL58CB
