﻿鄉鎮市區,交易標的,土地位置建物門牌,土地面積平方公尺,都市土地使用分區,非都市土地使用分區,非都市土地使用編定,租賃年月日,租賃筆棟數,租賃層次,總樓層數,建物型態,主要用途,主要建材,建築完成年月,建物總面積平方公尺,建物現況格局-房,建物現況格局-廳,建物現況格局-衛,建物現況格局-隔間,有無管理組織,有無附傢俱,總額元,單價元平方公尺,車位類別,車位面積平方公尺,車位總額元,備註,編號
The villages and towns urban district,transaction sign,land sector position building sector house number plate,land shifting total area square meter,the use zoning or compiles and checks,the non-metropolis land use district,non-metropolis land use,transaction year month and day,transaction pen number,shifting level,total floor number,building state,main use,main building materials,construction to complete the years,building shifting total area,Building present situation pattern - room,building present situation pattern - hall,building present situation pattern - health,building present situation pattern - compartmented,Whether there is manages the organization,Whether there is attaches the furniture,total price NTD,the unit price (NTD / square meter),the berth category,berth shifting total area square meter,the berth total price NTD,the note,serial number
竹北市,房地(土地+建物),新竹縣竹北市文采街39號5樓之9,0.0,商,,,1020821,土地0建物1車位0,五層,5,華廈(10層含以下有電梯),商業用,鋼筋混凝土造,0961213,45.78,1,1,1,有,無,有,12500,273,,0.0,0,,RPQTMLLJQHIFFBJ78CC
湖口鄉,土地,汶山段1368地號,267.56,住,,,1020704,土地5建物0車位0,,,其他,,,,0.0,0,0,0,有,無,無,40000,149,,0.0,0,含增建或未登記建物。,RPUOMLLJQHIFFDJ98DC
竹北市,建物,新竹縣竹北市高鐵七路65號7樓之3  及之5,0.0,商,,,1020808,土地0建物2車位2,七層,18,辦公商業大樓,商業用,鋼筋混凝土造,0990208,251.52,0,0,0,無,有,無,50000,199,坡道平面,75.28,0,,RPSOMLMKQHIFFBJ68CC
竹北市,建物,新竹縣竹北市光明九路１７６號,0.0,商,,,1020724,土地0建物1車位0,一層,10,店面(店鋪),商業用,鋼筋混凝土造,0950908,212.37,0,1,2,有,有,無,45000,212,,0.0,0,,RPOOMLNKQHIFFBJ38CC
竹北市,建物,新竹縣竹北市六家一路二段７５號,0.0,住,,,1020729,土地0建物1車位0,一層,7,店面(店鋪),住商用,鋼筋混凝土造,0990211,126.77000000000001,0,1,0,有,有,無,33000,260,,0.0,0,,RPVOMLPKQHIFFBJ66CC
竹北市,建物,新竹縣竹北市光明六路東一段296號15F,34.16,商,,,1020716,土地0建物1車位1,十五層,23,住宅大樓(11層含以上有電梯),住家用,鋼筋混凝土造,0960528,163.56,4,2,2,有,有,有,45455,278,坡道平面,53.71,0,,RPUOMLQKQHIFFBJ66CC
竹北市,建物,新竹縣竹北市成功六街255號3樓,0.0,住,,,1020809,土地0建物1車位0,全,4,透天厝,住家用,鋼筋混凝土造,0921105,219.17,0,0,0,無,無,無,35000,160,,0.0,0,,RPSPMLTKQHIFFBJ86CC
竹北市,房地(土地+建物)+車位,新竹縣竹北市莊敬北路78號,20.86,商,,,1020820,土地1建物1車位2,一層,20,住宅大樓(11層含以上有電梯),商業用,鋼筋混凝土造,0950929,183.0,0,0,0,無,有,無,46000,251,坡道平面,0.0,0,,RPPOMLMLQHIFFBJ48CC
竹北市,建物,新竹縣竹北市台元一街6號6樓之1， 2， 3,0.0,工,,,1020808,土地0建物3車位3,六層,10,廠辦,工業用,鋼筋混凝土造,1020318,898.41,0,0,0,無,有,無,280000,312,坡道平面,0.0,9000,,RPUOMLMLQHIFFBJ98CC
竹北市,建物,新竹縣竹北市勝利一路110號9樓,0.0,,,,1020731,土地0建物1車位1,九層,15,住宅大樓(11層含以上有電梯),住家用,鋼筋混凝土造,0941004,137.06,3,2,2,有,有,有,17000,124,坡道平面,0.0,0,,RPVOMLNLQHIFFBJ56CC
竹北市,建物,新竹縣竹北市莊敬北路150號12樓,0.0,,,,1020728,土地0建物1車位1,十二層,21,住宅大樓(11層含以上有電梯),住家用,鋼筋混凝土造,0941005,114.25,3,2,2,有,有,無,18500,162,坡道平面,0.0,0,,RPWOMLNLQHIFFBJ66CC
竹北市,建物,新竹縣竹北市文興路二段72號16樓之1,0.0,,,,1020726,土地0建物1車位1,十六層,19,住宅大樓(11層含以上有電梯),住家用,鋼筋混凝土造,0970201,192.76999999999998,4,2,2,有,有,有,40000,208,坡道機械,0.0,0,租金含管.稅.二代健保,RPXOMLNLQHIFFBJ76CC
竹北市,建物,新竹縣竹北市六家七路228巷16號,0.0,,,,1020731,土地0建物1車位1,全,5,透天厝,住家用,鋼筋混凝土造,0950329,323.61,3,2,2,有,無,有,25000,77,坡道機械,0.0,0,,RPOPMLNLQHIFFBJ58CC
竹北市,建物,新竹縣竹北市光明六路東二段458號12樓之2,0.0,,,,1020801,土地0建物1車位1,十二層,19,華廈(10層含以下有電梯),住家用,鋼筋混凝土造,0991230,423.81000000000006,4,2,4,有,有,無,79545,188,坡道平面,0.0,0,,RPPPMLNLQHIFFBJ68CC
竹北市,建物,新竹縣竹北市莊敬五街28號6樓,0.0,,,,1020723,土地0建物1車位1,六層,15,住宅大樓(11層含以上有電梯),住家用,鋼筋混凝土造,0950519,127.06,3,2,2,有,有,有,25000,197,坡道平面,0.0,0,租金含管.健保.稅金,RPQPMLNLQHIFFBJ78CC
竹北市,建物,新竹縣竹北市六家一路一段130號13樓,0.0,,,,1020729,土地0建物1車位1,十三層,15,住宅大樓(11層含以上有電梯),住家用,鋼筋混凝土造,1000707,144.93,3,2,2,有,有,有,20000,138,坡道平面,0.0,0,,RPRPMLNLQHIFFBJ88CC
竹北市,建物,新竹縣竹北市縣政十街8號8樓之5,0.0,,,,1020728,土地0建物1車位0,八層,10,套房(1房1廳1衛),商業用,鋼筋混凝土造,0950908,41.58,1,1,1,有,有,有,11000,265,,0.0,0,租金含管.第四台.ADSL,RPSPMLNLQHIFFBJ98CC
竹北市,建物,新竹縣竹北市光明六路東一段296-2號23樓,0.0,,,,1020731,土地0建物1車位1,二十三層,23,住宅大樓(11層含以上有電梯),住家用,鋼筋混凝土造,0960528,194.0,3,2,2,有,有,有,39000,201,坡道平面,0.0,0,租金含管,RPTPMLNLQHIFFBJ09CC
竹北市,建物,新竹縣竹北市復興一街253號14樓之12,0.0,,,,1020726,土地0建物1車位0,十四層,16,套房(1房1廳1衛),商業用,鋼筋混凝土造,0970915,49.91,1,1,1,有,有,有,15000,301,,0.0,0,,RPUPMLNLQHIFFBJ56CC
竹北市,建物,新竹縣竹北市成功九街63號4樓,0.0,,,,1020726,土地0建物1車位1,四層,14,住宅大樓(11層含以上有電梯),住家用,鋼筋混凝土造,1011212,182.62,3,2,2,有,有,無,21000,115,坡道平面,0.0,0,,RPWPMLNLQHIFFBJ76CC
竹北市,建物,新竹縣竹北市莊敬六街17號15樓,0.0,,,,1020725,土地0建物1車位1,十五層,15,住宅大樓(11層含以上有電梯),住家用,鋼筋混凝土造,0941114,179.15,4,2,2,有,有,有,20000,112,坡道平面,0.0,0,,RPXPMLNLQHIFFBJ86CC
竹北市,建物,新竹縣竹北市復興六路48號3樓,0.0,,,,1020725,土地0建物1車位2,三層,14,住宅大樓(11層含以上有電梯),住家用,鋼筋混凝土造,0961207,205.85,4,2,2,有,有,有,35000,170,坡道平面,0.0,0,租金含管,RPPQMLNLQHIFFBJ78CC
竹北市,建物,新竹縣竹北市隘口六街190號7樓,0.0,,,,1020724,土地0建物1車位1,七層,12,住宅大樓(11層含以上有電梯),住家用,鋼筋混凝土造,0960615,184.16000000000003,3,2,2,有,有,有,18000,98,坡道平面,0.0,0,租金含管,RPQQMLNLQHIFFBJ88CC
竹北市,建物,新竹縣竹北市光明九路76號10樓之1,0.0,,,,1020731,土地0建物1車位1,十層,10,套房(1房1廳1衛),商業用,鋼筋混凝土造,0940603,48.62,1,1,1,有,有,有,13500,278,坡道機械,0.0,0,,RPRQMLNLQHIFFBJ98CC
竹東鎮,房地(土地+建物),新竹縣竹東鎮民權路5號,150.62,住,,,1020802,土地1建物1車位0,全,3,透天厝,住商用,鋼筋混凝土造,,217.69,5,2,3,有,無,無,22000,101,,0.0,0,,RPSOMLNLQHIFFCJ98CC
竹北市,建物,新竹縣竹北市興學街16號7樓,0.0,,,,1020803,土地0建物1車位2,七層,13,住宅大樓(11層含以上有電梯),住家用,鋼筋混凝土造,1000512,229.08,4,2,2,有,有,有,31700,138,坡道平面,0.0,0,,RPQNMLOLQHIFFBJ68CC
竹北市,建物,新竹縣竹北市六家五路二段202號3樓之5,0.0,,,,1020815,土地0建物1車位1,三層,15,住宅大樓(11層含以上有電梯),住家用,鋼筋混凝土造,0980504,141.91,3,2,2,有,有,無,18500,130,坡道機械,0.0,0,,RPRNMLOLQHIFFBJ78CC
竹北市,建物,新竹縣竹北市隘口六街145號,0.0,,,,1020809,土地0建物1車位0,一層,9,店面(店鋪),商業用,鋼筋混凝土造,0931221,128.07,0,0,0,無,有,無,16000,125,,0.0,0,,RPSNMLOLQHIFFBJ88CC
竹北市,建物,新竹縣竹北市興隆路一段393號14樓,0.0,,,,1020804,土地0建物1車位2,十四層,14,住宅大樓(11層含以上有電梯),住家用,鋼筋混凝土造,1010531,305.17999999999995,4,2,2,有,有,有,55000,180,坡道平面,0.0,0,租金含管.雙車位,RPTNMLOLQHIFFBJ98CC
竹北市,建物,新竹縣竹北市嘉豐十路5號8樓之13,0.0,,,,1020808,土地0建物1車位0,八層,13,套房(1房1廳1衛),商業用,鋼筋混凝土造,0970321,41.41,1,0,1,有,有,有,12000,290,,0.0,0,,RPUNMLOLQHIFFBJ09CC
竹北市,建物,新竹縣竹北市隘口六街139號10樓之5,0.0,,,,1020810,土地0建物1車位1,十層,12,住宅大樓(11層含以上有電梯),住家用,鋼筋混凝土造,0991231,203.97000000000003,2,2,1,有,有,無,17000,83,坡道平面,0.0,0,,RPVNMLOLQHIFFBJ56CC
竹北市,建物,新竹縣竹北市自強北路168巷1號8樓,0.0,,,,1020801,土地0建物1車位2,八層,14,住宅大樓(11層含以上有電梯),住家用,鋼筋混凝土造,0940131,261.64,4,2,2,有,有,有,32700,125,坡道平面,0.0,0,,RPWNMLOLQHIFFBJ66CC
竹北市,建物,新竹縣竹北市成功七街172.176號,0.0,,,,1020812,土地0建物1車位1,一層,11,店面(店鋪),商業用,鋼筋混凝土造,0980731,262.83,0,0,0,無,有,無,50000,190,坡道平面,0.0,0,,RPXNMLOLQHIFFBJ76CC
竹北市,建物,新竹縣竹北市嘉豐十路1號12樓之10,0.0,,,,1020730,土地0建物1車位0,十二層,13,套房(1房1廳1衛),商業用,鋼筋混凝土造,0970321,44.01,1,0,1,有,有,有,9500,216,,0.0,0,續租。,RPOOMLOLQHIFFBJ58CC
竹北市,建物,新竹縣竹北市東興路二段519巷12號,0.0,,特定農業區,甲種建築用地,1020808,土地0建物1車位0,全,4,透天厝,住家用,鋼筋混凝土造,0980520,113.72,3,2,2,有,無,有,12000,106,,0.0,0,,RPPOMLOLQHIFFBJ68CC
竹北市,建物,新竹縣竹北市光明六路833號4樓,0.0,,,,1020806,土地0建物1車位1,四層,7,住宅大樓(11層含以上有電梯),住家用,鋼筋混凝土造,0931111,116.57000000000001,3,2,2,有,有,有,16500,142,坡道平面,0.0,0,租金含管.網路.第四台,RPQOMLOLQHIFFBJ78CC
竹北市,建物,新竹縣竹北市勝利二路120號15樓,0.0,,,,1020809,土地0建物1車位1,十五層,21,住宅大樓(11層含以上有電梯),住家用,鋼筋混凝土造,0930517,116.96000000000001,3,2,2,有,有,有,21000,180,坡道平面,0.0,0,租金含管續租。,RPROMLOLQHIFFBJ88CC
竹北市,建物,新竹縣竹北市成功一街59號11樓,0.0,,,,1020814,土地0建物1車位2,十一層,14,住宅大樓(11層含以上有電梯),住家用,鋼筋混凝土造,0930524,131.02,3,2,2,有,有,有,20000,153,坡道機械,0.0,0,租金含管.網路.第四台,RPSOMLOLQHIFFBJ98CC
竹北市,建物,新竹縣竹北市隘口六街141號4樓之2,0.0,,,,1020814,土地0建物1車位1,四層,12,住宅大樓(11層含以上有電梯),住家用,鋼筋混凝土造,0991231,162.73000000000002,3,2,2,有,有,有,25912,159,坡道平面,0.0,0,租金含管.稅.二代健保,RPTOMLOLQHIFFBJ09CC
竹北市,建物,新竹縣竹北市隘口六街159號4樓之7,0.0,,,,1020813,土地0建物1車位1,四層,9,套房(1房1廳1衛),住家用,鋼筋混凝土造,0961228,95.19999999999999,1,1,1,有,有,有,13000,137,坡道平面,0.0,0,租金含管.網路.第四台,RPUOMLOLQHIFFBJ56CC
竹北市,建物,新竹縣竹北市文興路175號7樓,0.0,,,,1020819,土地0建物1車位2,七層,19,住宅大樓(11層含以上有電梯),住家用,鋼筋混凝土造,1000510,254.38,3,2,2,有,有,有,25000,98,坡道平面,0.0,0,租金含管,RPVOMLOLQHIFFBJ66CC
竹北市,建物,新竹縣竹北市嘉豐南路二段89號12樓之2,0.0,,,,1020817,土地0建物1車位1,十二層,19,住宅大樓(11層含以上有電梯),住家用,鋼筋混凝土造,1011004,280.93,3,2,2,有,有,有,27000,96,坡道平面,0.0,0,,RPWOMLOLQHIFFBJ76CC
竹北市,建物,新竹縣竹北市高鐵二路158巷28號14樓,0.0,,,,1020818,土地0建物1車位1,十四層,15,住宅大樓(11層含以上有電梯),住家用,鋼筋混凝土造,0980311,257.48,4,2,2,有,有,無,21000,82,坡道平面,0.0,0,續租。,RPXOMLOLQHIFFBJ86CC
竹北市,建物,新竹縣竹北市莊敬北路140號7樓,0.0,,,,1020815,土地0建物1車位1,七層,14,住宅大樓(11層含以上有電梯),住家用,鋼筋混凝土造,0941005,134.77,2,2,2,有,有,有,25000,186,坡道平面,0.0,0,續租。,RPOPMLOLQHIFFBJ68CC
竹北市,建物,新竹縣竹北市台元街51號8樓之2,0.0,,,,1020815,土地0建物1車位1,八層,14,住宅大樓(11層含以上有電梯),住家用,鋼筋混凝土造,0970627,96.44,2,2,1,有,有,有,18500,192,坡道平面,0.0,0,續租。,RPPPMLOLQHIFFBJ78CC
竹北市,建物,新竹縣竹北市興隆路一段43號9樓,0.0,,,,1020823,土地0建物1車位1,九層,15,住宅大樓(11層含以上有電梯),住家用,鋼筋混凝土造,1011012,164.26,3,2,2,有,有,無,20000,122,坡道平面,0.0,0,租金含管,RPQPMLOLQHIFFBJ88CC
竹北市,建物,新竹縣竹北市嘉豐十路5號6樓之11,0.0,商,,,1020814,土地0建物1車位1,六層,13,套房(1房1廳1衛),商業用,鋼筋混凝土造,0970321,58.92,1,1,1,有,有,有,15555,264,坡道平面,0.0,0,換約,RPWOMLSLQHIFFBJ17CC
竹北市,建物,新竹縣竹北市文義街139號,0.0,住,,,1020829,土地0建物1車位0,全,4,透天厝,住家用,鋼筋混凝土造,0951130,67.44,0,0,0,無,無,無,25000,371,,0.0,0,,RPQOMLNJRHIFFBJ58CC
竹北市,房地(土地+建物)+車位,新竹縣竹北市光明一路181號,526.33,住,,,1020808,土地3建物1車位0,見其他登記事項,2,店面(店鋪),見其他登記事項,見其他登記事項,0921024,496.44,0,0,0,無,無,無,283333,571,其他,0.0,0,含增建或未登記建物。,RPPNMLSJRHIFFBJ98DC
寶山鄉,建物,新竹縣寶山鄉竹安二街55巷22號,0.0,,山坡地保育區,丙種建築用地,1020907,土地0建物1車位0,全,3,透天厝,住家用,鋼筋混凝土造,0910320,345.46,5,2,4,有,有,無,28000,81,,0.0,0,,RPQNMLLKRHIFFCJ48CC
竹北市,建物,新竹縣竹北市光明六路東一段249號4樓,0.0,,,,1020812,土地0建物1車位1,四層,15,辦公商業大樓,商業用,鋼筋混凝土造,0941114,161.34,0,0,0,無,有,無,27500,170,坡道平面,0.0,0,,RPTNMLLKRHIFFBJ68CC
竹北市,建物,新竹縣竹北市復興三路一段127號5樓,0.0,,,,1020824,土地0建物1車位1,五層,14,住宅大樓(11層含以上有電梯),住商用,鋼筋混凝土造,0950524,305.32000000000005,4,2,2,有,有,無,35000,115,坡道平面,0.0,0,,RPUNMLLKRHIFFBJ78CC
竹北市,建物,新竹縣竹北市自強南路59巷1號9樓之6,0.0,,,,1020815,土地0建物1車位0,九層,14,套房(1房1廳1衛),住家用,鋼筋混凝土造,0930611,54.65,1,0,1,有,有,有,12000,220,,0.0,0,續租。,RPVNMLLKRHIFFBJ88CC
竹北市,建物,新竹縣竹北市文興路321號,0.0,,,,1020819,土地0建物1車位0,一層,7,店面(店鋪),商業用,鋼筋混凝土造,1000707,516.0799999999999,0,0,0,無,無,無,80000,155,,0.0,0,,RPXNMLLKRHIFFBJ09CC
竹東鎮,建物,新竹縣竹東鎮自由街120巷2號3樓之4,0.0,,,,1020901,土地0建物1車位0,三層,11,住宅大樓(11層含以上有電梯),住家用,鋼筋混凝土造,0851224,118.22,2,2,2,有,有,有,12000,102,,0.0,0,,RPPNMLLLRHIFFCJ48CC
竹北市,建物,新竹縣竹北市復興二路229號11樓之7,0.0,,,,1020923,土地0建物1車位0,十一層,13,辦公商業大樓,商業用,鋼筋混凝土造,0961204,65.11,0,0,0,無,有,無,20000,307,,0.0,0,,RPSSMLOLRHIFFBJ86CC
竹北市,建物,新竹縣竹北市福興路979-1號,0.0,,,,1020827,土地0建物1車位0,全,4,透天厝,住商用,鋼筋混凝土造,0890824,248.47,4,3,3,有,無,無,20000,80,,0.0,0,續租。,RPOOMLQLRHIFFBJ88CC
竹北市,建物,新竹縣竹北市成功一街55號6樓,0.0,,,,1020829,土地0建物1車位1,六層,14,住宅大樓(11層含以上有電梯),住家用,鋼筋混凝土造,0930524,135.18,3,2,2,有,有,有,17000,126,坡道平面,0.0,0,租金含管理費,RPPOMLQLRHIFFBJ98CC
竹北市,建物,新竹縣竹北市科大一路188號3樓,0.0,,,,1020830,土地0建物1車位1,三層,13,住宅大樓(11層含以上有電梯),住家用,鋼筋混凝土造,1010531,127.82,3,2,2,有,有,有,20000,156,坡道平面,0.0,0,租金含管.網路.第四台,RPQOMLQLRHIFFBJ09CC
竹北市,建物,新竹縣竹北市光明九路168號3樓之15,0.0,,,,1020901,土地0建物1車位0,三層,11,套房(1房1廳1衛),商業用,鋼筋混凝土造,0980225,47.120000000000005,1,1,1,有,有,有,15000,318,,0.0,0,,RPTOMLQLRHIFFBJ76CC
竹北市,建物,新竹縣竹北市莊敬五街66號12樓,0.0,商,,,1020831,土地0建物1車位1,十二層,15,住宅大樓(11層含以上有電梯),住家用,鋼筋混凝土造,0950519,173.28,4,2,2,有,有,有,31000,179,坡道平面,0.0,0,,RPUOMLQLRHIFFBJ86CC
竹北市,建物,新竹縣竹北市六家一路二段53號7樓,0.0,,,,1020908,土地0建物1車位1,七層,14,住宅大樓(11層含以上有電梯),住家用,鋼筋混凝土造,1011025,73.27,3,2,2,有,有,有,30000,409,坡道平面,0.0,0,,RPVOMLQLRHIFFBJ96CC
竹北市,建物,新竹縣竹北市六家一路一段140號9樓之3,0.0,,,,1020907,土地0建物1車位1,九層,15,套房(1房1廳1衛),住家用,鋼筋混凝土造,1000707,95.94999999999999,1,1,1,有,有,有,16000,167,坡道平面,0.0,0,,RPWOMLQLRHIFFBJ07CC
竹北市,建物,新竹縣竹北市隘口六街35號2樓之6,0.0,,,,1020908,土地0建物1車位1,二層,9,套房(1房1廳1衛),商業用,鋼筋混凝土造,0970609,50.589999999999996,2,1,1,有,有,有,14000,277,坡道機械,0.0,0,,RPXOMLQLRHIFFBJ17CC
竹北市,建物,新竹縣竹北市隘口六街139號3樓之2,0.0,,,,1020916,土地0建物1車位1,三層,12,住宅大樓(11層含以上有電梯),住家用,鋼筋混凝土造,0991231,162.78,3,2,2,有,有,有,21000,129,坡道平面,0.0,0,租金含管理費,RPOPMLQLRHIFFBJ98CC
竹北市,建物,新竹縣竹北市嘉豐十路5號5樓之2,0.0,,,,1020914,土地0建物1車位0,五層,13,套房(1房1廳1衛),商業用,鋼筋混凝土造,0970321,44.69,1,1,1,有,有,有,11000,246,,0.0,0,,RPPPMLQLRHIFFBJ09CC
竹北市,建物,新竹縣竹北市成功八路202號13樓之2,0.0,,,,1020920,土地0建物1車位1,十三層,19,住宅大樓(11層含以上有電梯),住家用,鋼筋混凝土造,1000128,144.81,3,2,2,有,有,有,20000,138,坡道平面,0.0,0,,RPQPMLQLRHIFFBJ56CC
竹北市,建物,新竹縣竹北市中華路761巷1弄13號,0.0,,,,1020915,土地0建物1車位0,全,2,透天厝,住家用,加強磚造,,136.36,3,2,2,有,無,無,10000,73,,0.0,0,,RPRPMLQLRHIFFBJ66CC
竹北市,建物,新竹縣竹北市嘉豐十路3號5樓之9,0.0,,,,1020915,土地0建物1車位1,五層,13,套房(1房1廳1衛),住商用,鋼筋混凝土造,0940708,35.12,1,0,1,有,有,有,11500,327,坡道平面,0.0,0,,RPSPMLQLRHIFFBJ76CC
竹北市,建物,新竹縣竹北市復興二路231號5樓之2,0.0,,,,1020923,土地0建物1車位0,五層,11,套房(1房1廳1衛),商業用,鋼筋混凝土造,0961204,41.480000000000004,1,0,1,有,有,有,10000,241,,0.0,0,,RPTPMLQLRHIFFBJ86CC
竹東鎮,建物,新竹縣竹東鎮自由街120巷1號7樓之2,0.0,,,,1020920,土地0建物1車位0,七層,11,套房(1房1廳1衛),住家用,鋼筋混凝土造,0851224,11.64,1,1,1,有,有,有,7000,601,,0.0,0,租金含管理費,RPXNMLQLRHIFFCJ17CC
竹北市,建物,新竹縣竹北市莊敬六街13號15樓之2,0.0,,,,1020916,土地0建物1車位0,十五層,15,套房(1房1廳1衛),住家用,鋼筋混凝土造,0941114,42.35,1,0,1,有,有,有,9000,213,,0.0,0,租金含管,RPQNMLSLRHIFFBJ56CC
竹北市,建物,新竹縣竹北市台元街39號2樓之1,0.0,,,,1020927,土地0建物1車位1,二層,14,住宅大樓(11層含以上有電梯),住家用,鋼筋混凝土造,0970627,120.65,3,2,2,有,有,有,20000,166,坡道平面,0.0,0,租金含管,RPRNMLSLRHIFFBJ66CC
竹北市,房地(土地+建物)+車位,新竹縣竹北市文興路一段158號,94.48,商,,,1020914,土地1建物1車位1,一層,7,辦公商業大樓,商業用,鋼筋混凝土造,0970826,132.98,0,0,0,無,無,無,40000,301,坡道機械,0.0,0,,RPOOMLKMRHIFFBJ38CC
竹北市,建物,新竹縣竹北市高鐵7路65號7樓之7與7樓之6,0.0,商,,,1020916,土地0建物2車位10,七層,18,辦公商業大樓,商業用,鋼筋混凝土造,0990208,325.22,0,0,0,無,有,無,120000,369,坡道平面,0.0,0,,RPUOMLMJIIIFFBJ08CC
竹北市,建物,新竹縣竹北市嘉豐一街12號1樓,0.0,住,,,1021002,土地0建物1車位0,全,4,透天厝,住商用,鋼筋混凝土造,1011108,105.87,0,0,0,無,無,無,36000,340,,0.0,0,,RPVNMLNJIIIFFBJ18CC
竹北市,房地(土地+建物)+車位,新竹縣竹北市科大一路68號,50.8,住,,,1021001,土地1建物1車位1,一層,13,店面(店鋪),商業用,鋼筋混凝土造,1000901,265.76,0,0,0,無,有,無,42000,158,坡道平面,28.8,0,,RPPOMLSJIIIFFBJ28DC
竹北市,建物,新竹縣竹北市復興二路65號2樓,0.0,,,,1020930,土地0建物1車位1,二層,13,住宅大樓(11層含以上有電梯),住家用,鋼筋混凝土造,1001222,133.39999999999998,3,2,2,有,有,有,25000,187,坡道平面,0.0,0,租金含稅.管理費.第四台.二代健保.網路,RPTOMLLKIIIFFBJ97CC
竹北市,建物,新竹縣竹北市自強六街6號10樓之1,0.0,,,,1020930,土地0建物1車位1,十層,10,華廈(10層含以下有電梯),住家用,鋼筋混凝土造,0940721,118.63,4,2,2,有,有,有,25000,211,坡道機械,0.0,0,租金含管,RPWOMLLKIIIFFBJ28CC
竹北市,建物,新竹縣竹北市縣政五街32巷14號4樓,0.0,,,,1020928,土地0建物1車位0,四層,8,華廈(10層含以下有電梯),住家用,鋼筋混凝土造,0830318,80.93,3,2,2,有,無,無,11500,142,,0.0,0,,RPOPMLLKIIIFFBJ57CC
竹北市,建物,新竹縣竹北市勝利六街33號5樓,0.0,,,,1021008,土地0建物1車位1,五層,14,住宅大樓(11層含以上有電梯),住家用,鋼筋混凝土造,0931018,93.96000000000001,2,1,1,有,有,有,16000,170,坡道機械,0.0,0,,RPPPMLLKIIIFFBJ67CC
竹北市,建物,新竹縣竹北市隘口六街139號7樓之2,0.0,,,,1020915,土地0建物1車位1,七層,12,住宅大樓(11層含以上有電梯),住家用,鋼筋混凝土造,0991231,120.08000000000001,2,1,1,有,有,有,18500,154,坡道平面,0.0,0,,RPQPMLLKIIIFFBJ77CC
竹北市,建物,新竹縣竹北市莊敬五街33之1號14樓,0.0,,,,1021008,土地0建物1車位1,十四層,14,住宅大樓(11層含以上有電梯),住家用,鋼筋混凝土造,0940923,106.18,3,2,2,有,有,有,22000,207,坡道平面,0.0,0,租金含管,RPRPMLLKIIIFFBJ87CC
竹北市,建物,新竹縣竹北市興隆路一段23號2樓,0.0,住,,,1020919,土地0建物1車位1,二層,15,住宅大樓(11層含以上有電梯),住家用,鋼筋混凝土造,1011012,150.95999999999998,4,2,2,有,有,有,18000,119,坡道平面,39.43,0,,RPSPMLLKIIIFFBJ97CC
竹北市,建物,新竹縣竹北市光明六路東一段296-2號16樓,0.0,商,,,1020916,土地0建物1車位1,十六層,23,住宅大樓(11層含以上有電梯),住家用,鋼筋混凝土造,0960528,197.94,3,2,2,有,有,有,40000,202,坡道平面,0.0,0,,RPUOMLPKIIIFFBJ48CC
竹北市,建物,新竹縣竹北市光明六路東一段296-2號12樓,0.0,商,,,1021008,土地0建物1車位2,十二層,23,住宅大樓(11層含以上有電梯),住家用,鋼筋混凝土造,0960528,197.94,3,2,2,有,有,有,41888,212,坡道機械,0.0,0,,RPVOMLPKIIIFFBJ58CC
竹北市,建物,新竹縣竹北市縣政二路458號,0.0,住,,,1020926,土地0建物1車位0,見其他登記事項,3,店面(店鋪),住商用,鋼筋混凝土造,0880309,214.04,3,2,3,有,無,無,36600,171,,0.0,0,,RPOPMLPKIIIFFBJ97CC
寶山鄉,建物,新竹縣寶山鄉雙豐二街19號4樓,0.0,住,,,1021007,土地0建物1車位1,四層,6,華廈(10層含以下有電梯),住家用,鋼筋混凝土造,0821117,74.47,3,2,2,有,無,有,12000,161,坡道平面,0.0,0,,RPPNMLKLIIIFFCJ57CC
竹北市,建物,新竹縣竹北市莊敬七街11號,106.27,住,,,1021004,土地0建物1車位0,全,5,透天厝,住商用,鋼筋混凝土造,0971208,102.41,0,0,0,無,無,有,21000,205,,0.0,0,,RPROMLPLIIIFFBJ28CC
竹北市,房地(土地+建物)+車位,新竹縣竹北市光明六路東一段247號三樓,21.5,商,,,1021009,土地1建物1車位1,三層,15,辦公商業大樓,商業用,鋼筋混凝土造,0941114,130.99,0,0,0,無,有,有,45000,344,坡道平面,32.67,0,含稅,RPPNMLQLIIIFFBJ08CC
竹東鎮,房地(土地+建物),新竹縣竹東鎮自由街120巷11號10樓之5,12.61,住,,,1021026,土地1建物1車位0,一層,11,華廈(10層含以下有電梯),住家用,鋼筋混凝土造,0851224,18038.570000000003,3,2,2,有,有,有,10000,1,,0.0,0,,RPRNMLSLIIIFFCJ68DC
竹北市,建物,新竹縣竹北市十興路305巷13弄96號,0.0,,,,1021013,土地0建物1車位1,全,5,透天厝,住家用,鋼筋混凝土造,0880205,227.14,3,3,3,有,無,有,18000,79,坡道平面,0.0,0,,RPXOMLKMIIIFFBJ48CC
竹北市,建物,新竹縣竹北市隘口六街159號9樓之5,0.0,,,,1021012,土地0建物1車位1,九層,9,套房(1房1廳1衛),住家用,鋼筋混凝土造,0961228,107.34,1,0,1,有,有,有,11000,102,坡道平面,0.0,0,租金含管.網路.第四台,RPOPMLKMIIIFFBJ67CC
竹北市,建物,新竹縣竹北市莊敬五街42號14樓,0.0,,,,1021011,土地0建物1車位0,十四層,15,住宅大樓(11層含以上有電梯),住家用,鋼筋混凝土造,0950519,158.56,4,2,2,有,有,有,21000,132,,0.0,0,租金含管,RPPPMLKMIIIFFBJ77CC
竹北市,建物,新竹縣竹北市自強南路47號3樓,0.0,,,,1021004,土地0建物1車位0,三層,5,套房(1房1廳1衛),住商用,鋼筋混凝土造,0921210,17.73,1,0,1,有,有,有,8000,451,,0.0,0,,RPQPMLKMIIIFFBJ87CC
竹北市,建物,新竹縣竹北市自強南路45號2樓,0.0,,,,1021002,土地0建物1車位0,二層,5,套房(1房1廳1衛),住商用,鋼筋混凝土造,0921210,16.48,1,0,1,有,有,有,9000,546,,0.0,0,,RPRPMLKMIIIFFBJ97CC
竹北市,建物,新竹縣竹北市隘口三街236號12樓之2,0.0,,,,1021014,土地0建物1車位2,十二層,13,住宅大樓(11層含以上有電梯),住家用,鋼筋混凝土造,0991214,185.31,3,2,2,有,有,無,18000,97,坡道平面,0.0,0,,RPSPMLKMIIIFFBJ08CC
竹北市,建物,新竹縣竹北市自強五路79號1樓,0.0,,,,1021015,土地0建物1車位0,全,4,透天厝,住商用,鋼筋混凝土造,0960414,275.77,0,0,0,無,無,無,26000,94,,0.0,0,,RPTPMLKMIIIFFBJ18CC
竹北市,建物,新竹縣竹北市復興七路50號9樓,0.0,,,,1021015,土地0建物1車位2,九層,14,住宅大樓(11層含以上有電梯),住家用,鋼筋混凝土造,0970825,180.52999999999997,4,2,2,有,有,無,23000,127,坡道平面,0.0,0,,RPUPMLKMIIIFFBJ28CC
竹北市,建物,新竹縣竹北市科大一路202號7樓,0.0,,,,1021017,土地0建物1車位1,七層,13,住宅大樓(11層含以上有電梯),住家用,鋼筋混凝土造,1010531,196.63,3,2,2,有,有,有,25000,127,坡道平面,0.0,0,租金含管,RPVPMLKMIIIFFBJ38CC
竹北市,建物,新竹縣竹北市隘口六街163號5樓,0.0,,,,1021017,土地0建物1車位1,五層,9,華廈(10層含以下有電梯),住家用,鋼筋混凝土造,0961228,158.91,3,2,2,有,有,有,20000,126,坡道平面,0.0,0,,RPWPMLKMIIIFFBJ48CC
竹北市,建物,新竹縣竹北市成功二街170號,0.0,,,,1021014,土地0建物1車位0,全,5,透天厝,住商用,鋼筋混凝土造,1001215,123.5,0,0,0,無,無,無,73000,591,,0.0,0,,RPOQMLKMIIIFFBJ77CC
竹北市,建物,新竹縣竹北市嘉豐五路二段133號11樓,0.0,,,,1021019,土地0建物1車位2,十一層,12,住宅大樓(11層含以上有電梯),住家用,鋼筋混凝土造,0970418,227.91,4,2,2,有,有,有,23000,101,坡道平面,0.0,0,續租。,RPQQMLKMIIIFFBJ97CC
竹北市,建物,新竹縣竹北市勝利七街一段198號9樓,0.0,,,,1021020,土地0建物1車位2,九層,10,華廈(10層含以下有電梯),住商用,鋼筋混凝土造,0910121,160.17,4,2,2,有,有,有,24000,150,坡道平面,0.0,0,,RPRQMLKMIIIFFBJ08CC
竹北市,建物,新竹縣竹北市復興一路160號3樓,0.0,,,,1021020,土地0建物1車位1,三層,12,住宅大樓(11層含以上有電梯),住家用,鋼筋混凝土造,0980421,217.88,4,2,2,有,有,有,27000,124,坡道平面,0.0,0,租金含管,RPSQMLKMIIIFFBJ18CC
竹北市,建物,新竹縣竹北市自強南路59巷3號4樓之10,0.0,,,,1021023,土地0建物1車位0,四層,14,套房(1房1廳1衛),住商用,鋼筋混凝土造,0930611,53.44,1,0,1,有,有,有,11000,206,,0.0,0,,RPUQMLKMIIIFFBJ38CC
竹北市,建物,新竹縣竹北市成功二街145號7樓之5,0.0,,,,1021026,土地0建物1車位0,七層,8,套房(1房1廳1衛),商業用,鋼筋混凝土造,0970619,76.50999999999999,1,1,1,有,有,有,16000,209,,0.0,0,租金含管.網路.第四台,RPVQMLKMIIIFFBJ48CC
竹北市,建物,新竹縣竹北市六家五路一段250號2樓,0.0,,,,1021025,土地0建物1車位1,二層,14,住宅大樓(11層含以上有電梯),住家用,鋼筋混凝土造,1001202,95.84,2,2,1,有,有,有,17000,177,坡道平面,0.0,0,租金含管,RPWQMLKMIIIFFBJ58CC
竹北市,建物,新竹縣竹北市嘉豐十路3號4樓之8,0.0,,,,1021021,土地0建物1車位0,四層,13,套房(1房1廳1衛),商業用,鋼筋混凝土造,0970321,47.400000000000006,1,0,1,有,有,有,9000,190,,0.0,0,租金含管.網路.第四台,RPXQMLKMIIIFFBJ68CC
竹北市,建物,新竹縣竹北市自強三路61號14樓,0.0,,,,1021028,土地0建物1車位1,十四層,19,住宅大樓(11層含以上有電梯),住家用,鋼筋混凝土造,1010808,191.03,3,2,2,有,有,無,18000,94,坡道平面,0.0,0,,RPPRMLKMIIIFFBJ97CC
竹北市,建物,新竹縣竹北市隘口三街238號15樓之3,0.0,,,,1021028,土地0建物1車位1,十五層,15,住宅大樓(11層含以上有電梯),住家用,鋼筋混凝土造,0991214,122.5,3,2,2,有,有,有,23000,188,坡道平面,0.0,0,租金含稅.含管,RPRRMLKMIIIFFBJ18CC
竹北市,建物,新竹縣竹北市興隆路三段323號5樓,0.0,,,,1021028,土地0建物1車位2,五層,12,住宅大樓(11層含以上有電梯),住家用,鋼筋混凝土造,0970418,180.97,3,2,2,有,有,有,27000,149,坡道平面,0.0,0,租金含管,RPSRMLKMIIIFFBJ28CC
竹北市,建物,新竹縣竹北市勝利一路136號2樓,0.0,,,,1021029,土地0建物1車位1,二層,15,住宅大樓(11層含以上有電梯),住家用,鋼筋混凝土造,0941004,186.04,4,2,2,有,有,有,20000,108,坡道平面,0.0,0,,RPTRMLKMIIIFFBJ38CC
竹北市,建物,新竹縣竹北市自強三路51號3樓,0.0,商,,,1021014,土地0建物1車位1,三層,15,華廈(10層含以下有電梯),住家用,鋼筋混凝土造,1001011,242.01999999999998,3,2,2,有,有,無,28409,117,坡道平面,0.0,0,,RPURMLKMIIIFFBJ48CC
竹北市,建物,新竹縣竹北市勝利二路126號17樓,0.0,商,,,1021024,土地0建物1車位1,十七層,21,華廈(10層含以下有電梯),住家用,鋼筋混凝土造,0930517,116.98,3,2,2,有,有,有,23500,201,升降機械,0.0,0,,RPWRMLKMIIIFFBJ68CC
竹北市,建物,新竹縣竹北市文興路二段68號16樓之3,0.0,住,,,1021025,土地0建物1車位2,十六層,19,華廈(10層含以下有電梯),住家用,鋼筋混凝土造,0970201,200.82999999999998,3,2,2,有,有,有,38000,189,坡道平面,0.0,0,,RPOSMLKMIIIFFBJ97CC
