﻿鄉鎮市區,交易標的,土地位置建物門牌,土地面積平方公尺,都市土地使用分區,非都市土地使用分區,非都市土地使用編定,租賃年月日,租賃筆棟數,租賃層次,總樓層數,建物型態,主要用途,主要建材,建築完成年月,建物總面積平方公尺,建物現況格局-房,建物現況格局-廳,建物現況格局-衛,建物現況格局-隔間,有無管理組織,有無附傢俱,總額元,單價元平方公尺,車位類別,車位面積平方公尺,車位總額元,備註,編號
The villages and towns urban district,transaction sign,land sector position building sector house number plate,land shifting total area square meter,the use zoning or compiles and checks,the non-metropolis land use district,non-metropolis land use,transaction year month and day,transaction pen number,shifting level,total floor number,building state,main use,main building materials,construction to complete the years,building shifting total area,Building present situation pattern - room,building present situation pattern - hall,building present situation pattern - health,building present situation pattern - compartmented,Whether there is manages the organization,Whether there is attaches the furniture,total price NTD,the unit price (NTD / square meter),the berth category,berth shifting total area square meter,the berth total price NTD,the note,serial number
花蓮市,房地(土地+建物),花蓮縣花蓮巿國富10街136號5F7,52.2,住,,,1020702,土地1建物1車位0,五層,5,華廈(10層含以下有電梯),住家用,鋼筋混凝土造,0850130,135.96,2,1,1,有,有,有,6500,48,,0.0,0,,RPXNMLLJQHIFFAU37DC
花蓮市,房地(土地+建物),花蓮縣花蓮巿中央路三段730號11F17,6.28,住,,,1020705,土地1建物1車位0,十一層,11,套房(1房1廳1衛),住家用,鋼筋混凝土造,0840819,45.33,1,0,1,有,有,有,5000,110,,0.0,0,,RPOOMLLJQHIFFAU56DC
新城鄉,房地(土地+建物),花蓮縣新城鄉自立街28號,98.0,住,,,1020705,土地1建物1車位0,全,3,透天厝,住家用,鋼筋混凝土造,0890106,198.15,4,2,3,有,無,有,12000,61,,0.0,0,全棟出租,RPTOMLLJQHIFFAU07DC
花蓮市,房地(土地+建物),花蓮縣花蓮巿國盛6街41號6F7,6.62,住,,,1020717,土地1建物1車位0,六層,6,華廈(10層含以下有電梯),住家用,鋼筋混凝土造,0851104,39.84,1,1,1,有,有,有,5000,126,,0.0,0,,RPWOMLLJQHIFFAU37DC
新城鄉,房地(土地+建物),花蓮縣新城鄉紫園路2巷1號,290.34,,一般農業區,甲種建築用地,1020706,土地1建物1車位0,全,1,透天厝,住家用,鋼筋混凝土加強磚造,0711129,116.95,0,0,0,無,無,無,18000,154,,0.0,0,,RPPNMLNJQHIFFAU66CC
花蓮市,房地(土地+建物),花蓮縣花蓮巿國聯三路53號9樓之2,9.94,商,,,1020723,土地1建物1車位0,九層,9,華廈(10層含以下有電梯),住家用,鋼筋混凝土造,0820111,69.18,2,2,1,有,有,有,8500,123,,0.0,0,管理費1400元自付,RPQNMLNJQHIFFAU76CC
花蓮市,房地(土地+建物),花蓮縣花蓮巿國興五街192號,5.5,住,,,1020724,土地1建物1車位0,二層,2,套房(1房1廳1衛),住家用,鋼筋混凝土造,1000208,19.83,1,0,1,有,無,有,6000,303,,0.0,0,一間套房,RPQPMLPJQHIFFAU17CC
吉安鄉,房地(土地+建物),花蓮縣吉安鄉仁里五街１１７巷１１號,78.0,商,,,1020708,土地1建物1車位0,全,2,透天厝,住商用,鋼筋混凝土造,0690209,123.5,5,2,3,有,無,有,11000,89,,0.0,0,,RPQPMLPJQHIFFAU37EC
花蓮市,房地(土地+建物),花蓮縣花蓮巿府前路346號,32.75,住,,,1020718,土地1建物1車位0,全,4,透天厝,住家用,鋼筋混凝土造,0960711,27.36,1,0,1,有,無,有,6200,227,,0.0,0,套房分租,RPPNMLMKQHIFFAU76DC
花蓮市,房地(土地+建物),花蓮縣花蓮巿府前路346號,32.75,住,,,1020722,土地1建物1車位0,全,4,透天厝,住家用,鋼筋混凝土造,0960711,68.1,0,0,1,有,無,無,9500,140,,0.0,0,分租一樓店面,RPRNMLMKQHIFFAU96DC
花蓮市,房地(土地+建物),花蓮縣花蓮巿建國路一段12之2號,106.0,住,,,1020715,土地1建物1車位0,全,4,透天厝,住商用,鋼筋混凝土造,0810116,287.63,0,0,0,無,無,有,20000,70,,0.0,0,,RPTOMLNKQHIFFAU27CC
花蓮市,房地(土地+建物),花蓮縣花蓮巿和平路５９９號,36.8,住,,,1020801,土地1建物1車位0,全,5,透天厝,住商用,鋼筋混凝土造,0940329,115.72,0,0,0,無,無,無,25000,216,,0.0,0,,RPRNMLOKQHIFFAU27EC
花蓮市,房地(土地+建物),花蓮縣花蓮巿國富十街210號2F2,17.54,住,,,1020724,土地1建物1車位0,二層,5,華廈(10層含以下有電梯),住家用,鋼筋混凝土造,0850513,69.2,2,1,1,有,有,有,7500,108,,0.0,0,,RPTNMLQKQHIFFAU57DC
花蓮市,房地(土地+建物),花蓮縣花蓮巿國盛二街279之7號5F,8.4,住,,,1020727,土地1建物1車位0,五層,5,華廈(10層含以下有電梯),住家用,鋼筋混凝土造,0820120,28.58,1,0,1,有,無,有,3000,105,,0.0,0,,RPUNMLQKQHIFFAU67DC
花蓮市,房地(土地+建物),花蓮縣花蓮巿國興六街40號2F1,10.81,住,,,1020801,土地1建物1車位0,二層,5,公寓(5樓含以下無電梯),住家用,鋼筋混凝土造,0860524,42.14,2,1,1,有,無,有,5500,131,,0.0,0,,RPWNMLQKQHIFFAU87DC
花蓮市,房地(土地+建物),花蓮縣花蓮巿長安街27號16樓之1,5.7,住,,,1020727,土地1建物1車位0,十六層,16,住宅大樓(11層含以上有電梯),住家用,鋼筋混凝土造,0851029,100.4,1,1,1,有,有,有,7500,75,,0.0,0,,RPQNMLTKQHIFFAU57DC
花蓮市,房地(土地+建物),花蓮縣花蓮巿球崙二路211號4樓之5,15.89,住,,,1020719,土地1建物1車位0,四層,9,華廈(10層含以下有電梯),住家用,鋼筋混凝土造,0860827,89.84,3,2,2,有,有,有,9500,106,,0.0,0,含管理費,RPWNMLTKQHIFFAU08CC
花蓮市,房地(土地+建物),花蓮縣花蓮巿國盛一街66巷6-5號,26.28,商,,,1020806,土地1建物1車位0,三層,5,公寓(5樓含以下無電梯),住家用,鋼筋混凝土造,0730919,132.84,4,2,2,有,無,有,8000,60,,0.0,0,,RPXNMLTKQHIFFAU18CC
花蓮市,房地(土地+建物),花蓮縣花蓮巿林森路295號,160.0,住,,,1020815,土地1建物1車位0,全,1,透天厝,住家用,木造,,83.67,0,0,0,無,無,無,36000,430,,0.0,0,,RPTPMLKLQHIFFAU17CC
花蓮市,房地(土地+建物),花蓮縣花蓮巿廣東街165號4F-1,20.89,住,,,1020718,土地2建物1車位0,四層,5,公寓(5樓含以下無電梯),住家用,鋼筋混凝土造,0721117,70.17,2,2,1,有,無,無,3000,43,,0.0,0,,RPVQMLKLQHIFFAU47CC
花蓮市,房地(土地+建物),花蓮縣花蓮巿富國路32號，富國路32號2F,237.0,住,,,1020805,土地1建物2車位0,見其他登記事項,4,店面(店鋪),住家用,鋼筋混凝土造,1000127,538.54,3,0,7,有,無,無,80000,149,,0.0,0,,RPXQMLKLQHIFFAU67CC
花蓮市,房地(土地+建物),花蓮縣花蓮巿中興路211號2樓B室,8.8,住,,,1020802,土地1建物1車位0,全,4,透天厝,住商用,鋼筋混凝土造,0960802,18.0,0,0,0,無,無,有,4583,255,,0.0,0,,RPPRMLKLQHIFFAU96CC
花蓮市,房地(土地+建物),花蓮縣花蓮巿國聯三路１２７號,15.79,商,,,1020710,土地1建物1車位0,全,5,透天厝,住商用,鋼筋混凝土造,0730919,252.85,0,0,0,無,無,無,12000,47,,0.0,0,,RPRNMLLLQHIFFAU07EC
花蓮市,房地(土地+建物),花蓮縣花蓮巿中和街217號5樓之一,17.09,住,,,1020726,土地1建物1車位0,五層,12,住宅大樓(11層含以上有電梯),住家用,鋼筋混凝土造,0890807,130.98,3,2,2,有,有,有,12000,92,,0.0,0,,RPXNMLMLQHIFFAU57CC
吉安鄉,房地(土地+建物),花蓮縣吉安鄉中山路三段92號,73.0,住,,,1020812,土地1建物1車位0,見其他登記事項,2,店面(店鋪),住商用,鋼筋混凝土加強磚造,0660208,105.32,3,2,2,有,無,有,10000,95,,0.0,0,,RPWOMLMLQHIFFAU57CC
花蓮市,土地,莊敬段336-1地號,133.0,住,,,1020820,土地1建物0車位0,,,其他,,,,0.0,0,0,0,有,無,有,30000,226,,0.0,0,,RPXNMLNLQHIFFAU67CC
花蓮市,房地(土地+建物),花蓮縣花蓮巿新港街56之5號,21.8,商,,,1020819,土地1建物1車位0,一層,9,華廈(10層含以下有電梯),商業用,鋼筋混凝土造,0770213,175.38,0,0,0,無,無,無,25000,143,,0.0,0,租1層與2層,RPOOMLNLQHIFFAU86CC
花蓮市,房地(土地+建物),花蓮縣花蓮巿中原路437號,15.0,住,,,1020727,土地1建物1車位0,二層,3,店面(店鋪),住商用,鋼筋混凝土造,0680801,25.0,1,1,1,有,無,有,6000,240,,0.0,0,分租套房,RPVOMLNLQHIFFAU57CC
吉安鄉,房地(土地+建物),花蓮縣吉安鄉慶豐九街106巷5號,12.5,住,,,1020728,土地1建物1車位0,全,4,透天厝,住家用,鋼筋混凝土造,0891222,30.0,1,1,1,有,無,有,4000,133,,0.0,0,分租套房,RPWOMLNLQHIFFAU67CC
吉安鄉,房地(土地+建物),花蓮縣吉安鄉慶豐九街106巷5號,12.5,住,,,1020728,土地1建物1車位0,全,4,透天厝,住家用,鋼筋混凝土造,0891222,21.0,1,1,1,有,無,有,3000,143,,0.0,0,分租雅房,RPXOMLNLQHIFFAU77CC
花蓮市,房地(土地+建物),花蓮縣花蓮巿建國街67之4號,65.0,住,,,1020824,土地1建物1車位0,全,2,透天厝,住家用,鋼筋混凝土加強磚造,0610519,94.08,3,2,2,有,無,有,8000,85,,0.0,0,,RPOQMLRLQHIFFAU47CC
花蓮市,房地(土地+建物),花蓮縣花蓮巿國民七街53號9F-17,6.17,商,,,1020823,土地1建物1車位0,九層,12,套房(1房1廳1衛),住家用,鋼筋混凝土造,0831115,34.03,1,1,1,有,無,有,5000,147,,0.0,0,,RPXOMLSLQHIFFAU28CC
吉安鄉,房地(土地+建物),花蓮縣吉安鄉仁里五街115號,103.0,其他,,,1020826,土地1建物1車位0,見其他登記事項,2,店面(店鋪),商業用,鋼筋混凝土加強磚造,0680413,174.57,4,2,3,有,無,無,11000,63,,0.0,0,,RPOPMLSLQHIFFAU47CC
花蓮市,房地(土地+建物),花蓮縣花蓮巿富強路４８之１號五樓,12.33,住,,,1020828,土地1建物1車位0,五層,7,套房(1房1廳1衛),住家用,鋼筋混凝土造,0840608,78.81,1,1,1,有,有,有,5500,70,,0.0,0,,RPRNMLKMQHIFFAU07EC
花蓮市,房地(土地+建物),花蓮縣花蓮巿國民十街1號,44.25,商,,,1020823,土地1建物1車位0,全,4,透天厝,住商用,鋼筋混凝土造,0681127,107.0,0,0,0,無,無,無,9000,84,,0.0,0,分租一樓,RPROMLNJRHIFFAU07CC
花蓮市,房地(土地+建物),花蓮縣花蓮巿國盛二街203之1號,992.0,商,,,1020801,土地1建物1車位0,見其他登記事項,10,華廈(10層含以下有電梯),商業用,鋼筋混凝土造,1011002,6038.4,118,2,122,有,有,有,1500000,248,,0.0,0,,RPXOMLOJRHIFFAU77CC
吉安鄉,房地(土地+建物),花蓮縣吉安鄉吉興一街352號,124.0,住,,,1020806,土地1建物1車位0,全,2,透天厝,住家用,鋼筋混凝土造,0770905,153.55,3,2,2,有,無,有,13000,85,,0.0,0,,RPSNMLOJRHIFFAU27DC
花蓮市,房地(土地+建物),花蓮縣花蓮巿中原路693號,82.0,住,,,1020812,土地1建物1車位0,全,2,透天厝,住商用,鋼筋混凝土加強磚造,0680611,114.28,3,2,2,有,無,無,15000,131,,0.0,0,,RPWNMLOJRHIFFAU67DC
花蓮市,房地(土地+建物),花蓮縣花蓮巿國盛八街109號五樓之六,17.26,住,,,1020806,土地1建物1車位0,五層,6,華廈(10層含以下有電梯),住家用,鋼筋混凝土造,0850517,70.4,2,1,1,有,有,無,5000,71,,0.0,0,,RPSNMLPJRHIFFAU37DC
花蓮市,房地(土地+建物),花蓮縣花蓮巿國富十街136號二樓之7,54.8,住,,,1020807,土地1建物1車位0,二層,5,華廈(10層含以下有電梯),住家用,鋼筋混凝土造,0850130,74.21000000000001,2,1,1,有,有,有,6500,88,,0.0,0,,RPUNMLPJRHIFFAU57DC
花蓮市,房地(土地+建物),花蓮縣花蓮巿建林街158號三樓之三,19.0,住,,,1020809,土地1建物1車位0,三層,5,華廈(10層含以下有電梯),住家用,鋼筋混凝土造,0860304,77.97,2,1,1,有,有,有,7500,96,,0.0,0,,RPVNMLPJRHIFFAU67DC
花蓮市,房地(土地+建物),花蓮縣花蓮巿國聯二路83號六樓之七,4.76,住,,,1020813,土地1建物1車位0,六層,12,套房(1房1廳1衛),住家用,鋼筋混凝土造,0831115,34.66,1,0,1,有,有,有,4300,124,,0.0,0,,RPWNMLPJRHIFFAU77DC
花蓮市,房地(土地+建物),花蓮縣花蓮巿府前路346號,16.37,住,,,1020814,土地1建物1車位0,四層,4,套房(1房1廳1衛),住家用,鋼筋混凝土造,0960711,27.36,1,0,1,有,無,有,6700,245,,0.0,0,,RPXNMLPJRHIFFAU87DC
花蓮市,房地(土地+建物),花蓮縣花蓮巿林森路361巷3-1號,81.0,商,,,1020903,土地1建物1車位0,全,2,透天厝,住家用,鋼筋混凝土加強磚造,0680503,95.88,3,2,2,有,無,有,8000,83,,0.0,0,,RPRPMLPJRHIFFAU37CC
花蓮市,房地(土地+建物),花蓮縣花蓮巿國興五街192號,5.5,住,,,1020901,土地1建物1車位0,二層,3,套房(1房1廳1衛),住家用,鋼筋混凝土造,1000208,19.8,1,0,1,有,無,有,6000,303,,0.0,0,,RPUNMLTJRHIFFAU87CC
花蓮市,房地(土地+建物),花蓮縣花蓮巿國興五街192號,5.5,住,,,1020903,土地1建物1車位0,三層,3,套房(1房1廳1衛),住家用,鋼筋混凝土造,1000208,16.5,1,0,1,有,無,有,5000,303,,0.0,0,,RPROMLTJRHIFFAU67CC
花蓮市,房地(土地+建物),花蓮縣花蓮巿南京街147號5樓之2,20.36,商,,,1020908,土地1建物1車位0,五層,5,套房(1房1廳1衛),住家用,鋼筋混凝土造,0820615,26.58,1,0,1,有,有,有,6000,226,,0.0,0,,RPUNMLLKRHIFFAU17CC
花蓮市,房地(土地+建物),花蓮縣花蓮巿國聯三路53號9f之6,9.52,商,,,1020000,土地1建物1車位0,九層,9,華廈(10層含以下有電梯),住家用,鋼筋混凝土造,0820111,79.68,2,2,1,有,無,有,7500,94,,0.0,0,,RPTOMLLKRHIFFAU17CC
花蓮市,房地(土地+建物),花蓮縣花蓮巿國民六街39號5F-1,20.4,住,,,1020906,土地1建物1車位0,五層,5,華廈(10層含以下有電梯),住家用,鋼筋混凝土造,0880615,69.65,2,1,2,有,有,有,8000,115,,0.0,0,,RPTOMLQKRHIFFAU67CC
吉安鄉,房地(土地+建物),花蓮縣吉安鄉慶豐十街94巷6號,77.0,住,,,1020821,土地1建物1車位0,見其他登記事項,2,其他,住家用,鋼筋混凝土造,0770407,105.96,4,1,2,有,無,有,10000,94,,0.0,0,此建築物為別墅,RPVOMLQKRHIFFAU87CC
花蓮市,房地(土地+建物),花蓮縣花蓮巿國富十三街40號1F,87.0,住,,,1020912,土地1建物1車位0,全,2,透天厝,住商用,鋼筋混凝土加強磚造,0671205,110.23,2,1,1,有,無,有,6500,59,,0.0,0,,RPVPMLQKRHIFFAU97CC
花蓮市,房地(土地+建物),花蓮縣花蓮巿中和街213號三樓之一,17.76,住,,,1020821,土地1建物1車位0,三層,15,住宅大樓(11層含以上有電梯),住家用,鋼筋混凝土造,0890807,138.64000000000001,3,2,2,有,有,有,12000,87,,0.0,0,,RPQNMLRKRHIFFAU47DC
花蓮市,房地(土地+建物),花蓮縣花蓮巿建國路二段268巷75號,141.91,住,,,1020821,土地1建物1車位0,全,2,透天厝,住家用,鋼筋混凝土加強磚造,0680917,153.38,6,2,4,有,無,有,17000,111,,0.0,0,,RPSNMLRKRHIFFAU67DC
花蓮市,房地(土地+建物),花蓮縣花蓮巿介林九街1之37號,93.0,住,,,1020904,土地1建物1車位0,全,3,透天厝,住家用,鋼筋混凝土造,0840317,146.29,3,2,2,有,無,有,10000,68,,0.0,0,,RPOOMLRKRHIFFAU37DC
花蓮市,房地(土地+建物),花蓮縣花蓮巿和平路178巷6號,58.0,農,,,1020906,土地1建物1車位0,全,1,透天厝,住家用,見其他登記事項,0581027,44.69,2,1,1,有,無,有,6500,145,,0.0,0,,RPPOMLRKRHIFFAU47DC
花蓮市,房地(土地+建物),花蓮縣花蓮巿化道路55之15號,94.84,住,,,1020913,土地1建物1車位0,全,4,透天厝,住家用,鋼筋混凝土造,0931217,231.7,5,3,5,有,無,無,18000,78,,0.0,0,,RPRNMLOLRHIFFAU37DC
花蓮市,房地(土地+建物),花蓮縣花蓮巿德安二街68巷58號四樓,15.56,住,,,1020905,土地1建物1車位0,四層,10,華廈(10層含以下有電梯),住家用,鋼筋混凝土造,0841104,84.71,2,2,2,有,有,有,9500,112,,0.0,0,租金含管理費,RPWNMLOLRHIFFAU77CC
花蓮市,房地(土地+建物),花蓮縣花蓮巿國民八街72號,82.0,商,,,1020914,土地2建物1車位0,全,4,透天厝,住商用,鋼筋混凝土造,0720608,238.47,4,2,4,有,無,無,13000,55,,0.0,0,,RPXNMLOLRHIFFAU87CC
新城鄉,土地,嘉南段798-1地號,50.0,農,,,1020910,土地2建物0車位0,,,其他,,,,0.0,0,0,0,有,無,無,5000,100,,0.0,0,未登計建物一棟,RPQNMLPLRHIFFAU27CC
花蓮市,房地(土地+建物),花蓮縣花蓮巿林森路289號9樓之2,2190.0,住,,,1020826,土地1建物1車位0,九層,12,華廈(10層含以下有電梯),見其他登記事項,鋼筋混凝土造,1000121,156.82,3,2,2,有,有,有,18000,115,,0.0,0,,RPUNMLPLRHIFFAU67CC
花蓮市,房地(土地+建物),花蓮縣花蓮巿長安街27號13樓之3,46.8,住,,,1020913,土地1建物1車位0,十三層,16,套房(1房1廳1衛),住家用,鋼筋混凝土造,0851029,42.32,1,1,1,有,無,有,6000,142,,0.0,0,,RPVNMLPLRHIFFAU77CC
花蓮市,房地(土地+建物),花蓮縣吉安鄉北昌五街14巷8號3樓之一,13.1,住,,,1020919,土地1建物1車位0,三層,5,華廈(10層含以下有電梯),住家用,鋼筋混凝土造,0880211,50.88,2,1,1,有,有,有,6500,128,,0.0,0,租金含管理費,RPUOMLPLRHIFFAU77CC
花蓮市,房地(土地+建物),花蓮縣花蓮巿中美路148號五樓之二a戶,231.0,商,,,1020826,土地2建物1車位0,五層,5,辦公商業大樓,商業用,鋼筋混凝土造,0990728,269.7,0,0,0,無,無,無,21746,81,,0.0,0,商辦第五層樓分租租賃範圍不含車位，且無法區分車位面積。含管理費、稅金等費用。,RPTOMLPLRHIFFAU77DC
花蓮市,房地(土地+建物),花蓮縣花蓮巿國盛五街2號四樓之三,27.14,住,,,1020904,土地1建物1車位0,四層,6,華廈(10層含以下有電梯),住家用,鋼筋混凝土造,0830207,113.14,2,2,2,有,有,有,6900,61,,0.0,0,,RPROMLRLRHIFFAU67CC
新城鄉,房地(土地+建物),花蓮縣新城鄉復興路273號,95.0,商,,,1020925,土地1建物1車位0,全,3,透天厝,住商用,鋼筋混凝土造,0890711,257.6,4,1,5,有,無,有,12000,47,,0.0,0,,RPWOMLNJIIIFFAU76CC
花蓮市,房地(土地+建物),花蓮縣花蓮巿國富20街96號四樓之二,11.04,住,,,1020916,土地1建物1車位0,四層,5,華廈(10層含以下有電梯),住家用,鋼筋混凝土造,0840710,30.64,2,1,1,有,有,有,6700,219,,0.0,0,,RPTNMLOJIIIFFAU09CC
花蓮市,房地(土地+建物),花蓮縣花蓮巿軒轅路2號八樓之2,2.53,商,,,1020916,土地1建物1車位0,八層,9,套房(1房1廳1衛),住家用,鋼筋混凝土造,0750531,22.75,1,0,1,有,有,有,3300,145,,0.0,0,,RPUOMLOJIIIFFAU76DC
花蓮市,房地(土地+建物),花蓮縣花蓮巿中華路278之8號,60.0,商,,,1020917,土地1建物1車位0,全,2,透天厝,住商用,鋼筋混凝土加強磚造,0611103,87.25,3,2,2,有,無,有,13000,149,,0.0,0,,RPVOMLOJIIIFFAU86DC
花蓮市,房地(土地+建物),花蓮縣花蓮巿府前路346號,16.37,住,,,1020913,土地1建物1車位0,三層,4,套房(1房1廳1衛),住家用,鋼筋混凝土造,0960711,27.36,1,0,1,有,無,有,6500,238,,0.0,0,,RPWOMLOJIIIFFAU96DC
花蓮市,房地(土地+建物),花蓮縣花蓮巿富安路106號六樓之八,5.94,商,,,1020911,土地1建物1車位0,六層,7,套房(1房1廳1衛),住家用,鋼筋混凝土造,0840825,42.480000000000004,1,0,1,有,有,有,4300,101,,0.0,0,,RPXOMLOJIIIFFAU07DC
花蓮市,建物,花蓮縣花蓮巿東興三街100號,9490.0,,,,1021004,土地0建物1車位0,全,4,透天厝,見其他登記事項,鋼筋混凝土加強磚造,0851224,4357.48,1,0,0,無,無,無,9000,2,,0.0,0,租第四層的一部份大約20坪,RPUNMLSJIIIFFAU96CC
花蓮市,房地(土地+建物),花蓮縣花蓮巿國民五街53號五樓之五,28.43,住,,,1021001,土地1建物1車位0,五層,5,套房(1房1廳1衛),住家用,鋼筋混凝土造,0840124,31.78,1,1,1,有,無,有,4500,142,,0.0,0,,RPVNMLTJIIIFFAU17CC
花蓮市,房地(土地+建物),花蓮縣花蓮巿國民五街53號五樓之六,28.43,住,,,1021007,土地1建物1車位0,五層,5,套房(1房1廳1衛),住家用,鋼筋混凝土造,0840124,32.76,1,1,1,有,無,有,5000,153,,0.0,0,,RPWNMLTJIIIFFAU27CC
花蓮市,建物,花蓮縣花蓮巿長安街26號13樓之1,2871.0,住,,,1020913,土地0建物1車位0,十三層,13,住宅大樓(11層含以上有電梯),住家用,鋼筋混凝土造,0851029,59.13,2,1,1,有,有,有,9500,161,,0.0,0,,RPXOMLTJIIIFFAU47CC
花蓮市,房地(土地+建物),花蓮縣花蓮巿德安一街291號五樓之二,25.96,住,,,1020926,土地1建物1車位0,五層,6,華廈(10層含以下有電梯),住家用,鋼筋混凝土造,0841211,107.31,2,1,1,有,有,無,7000,65,,0.0,0,,RPSOMLLKIIIFFAU98DC
花蓮市,房地(土地+建物),花蓮縣花蓮巿民孝街32號,116.0,住,,,1021006,土地1建物1車位0,全,4,透天厝,住家用,鋼筋混凝土造,1010528,197.67,3,2,4,有,無,無,18000,91,,0.0,0,,RPVOMLPKIIIFFAU07DC
花蓮市,房地(土地+建物),花蓮縣花蓮巿中山路632號,131.0,住,,,1020918,土地1建物1車位0,見其他登記事項,3,店面(店鋪),住商用,鋼筋混凝土造,0731211,235.92,3,3,3,有,無,無,23000,97,,0.0,0,,RPSNMLPKIIIFFAU56CC
吉安鄉,房地(土地+建物),花蓮縣吉安鄉勝安二街30巷9弄51號,57.0,住,,,1020926,土地1建物1車位0,全,2,透天厝,住家用,鋼筋混凝土加強磚造,0610303,68.04,2,2,1,有,無,有,8000,118,,0.0,0,,RPTNMLPKIIIFFAU66CC
吉安鄉,房地(土地+建物),花蓮縣吉安鄉中山路947巷22號,63.83,,特定農業區,甲種建築用地,1021011,土地1建物1車位0,全,1,透天厝,住家用,鋼筋混凝土加強磚造,0670522,41.63,2,1,1,有,無,有,4500,108,,0.0,0,,RPQOMLPKIIIFFAU09CC
吉安鄉,房地(土地+建物),花蓮縣吉安鄉吉興一街372巷10號4樓之1,675.0,住,,,1020928,土地1建物1車位0,四層,5,華廈(10層含以下有電梯),住家用,鋼筋混凝土造,0851213,120.0,3,2,2,有,無,有,8000,67,,0.0,0,,RPWNMLQKIIIFFAU07CC
吉安鄉,房地(土地+建物),花蓮縣吉安鄉南山五街20巷7號,125.0,住,,,1020912,土地1建物1車位0,見其他登記事項,4,店面(店鋪),住商用,鋼筋混凝土造,0781124,248.16,0,0,0,無,無,無,9000,36,,0.0,0,,RPOOMLQKIIIFFAU98CC
花蓮市,房地(土地+建物),花蓮縣花蓮巿中興路233號,7.0,住,,,1020913,土地1建物0車位0,三層,4,套房(1房1廳1衛),見其他登記事項,鋼筋混凝土造,0810504,19.0,1,1,1,有,無,有,5000,263,,0.0,0,,RPROMLQKIIIFFAU66CC
花蓮市,房地(土地+建物),花蓮縣花蓮巿國盛一街217號5F-9,13.15,商,,,1021015,土地1建物1車位0,五層,5,套房(1房1廳1衛),住家用,鋼筋混凝土造,0841206,46.91,1,1,1,有,無,有,5000,107,,0.0,0,,RPPOMLRKIIIFFAU56CC
花蓮市,房地(土地+建物),花蓮縣花蓮巿國興五街192號,5.5,住,,,1021011,土地1建物1車位0,二層,3,套房(1房1廳1衛),住家用,鋼筋混凝土造,1000208,19.8,1,0,1,有,無,無,6000,303,,0.0,0,,RPOPMLRKIIIFFAU56CC
吉安鄉,房地(土地+建物),花蓮縣吉安鄉東里七街47巷6號,135.0,住,,,1020924,土地1建物1車位0,全,3,透天厝,住家用,鋼筋混凝土造,0770520,163.23,4,3,2,有,無,無,11000,67,,0.0,0,,RPWOMLLLIIIFFAU76CC
花蓮市,房地(土地+建物),花蓮縣花蓮巿中美路89巷20號5樓之1,9.75,住,,,1021009,土地1建物1車位0,五層,7,華廈(10層含以下有電梯),住家用,鋼筋混凝土造,0820109,108.55,2,2,2,有,有,有,8800,81,,0.0,0,,RPXOMLLLIIIFFAU86CC
花蓮市,房地(土地+建物),花蓮縣花蓮巿中興路211號2樓,8.8,住,,,1020922,土地1建物1車位0,二層,4,套房(1房1廳1衛),住商用,鋼筋混凝土造,0960802,18.0,0,0,0,無,無,有,4125,229,,0.0,0,,RPOPMLLLIIIFFAU68CC
吉安鄉,房地(土地+建物),花蓮縣吉安鄉慶南二街335巷24號,103.05,住,,,1020928,土地1建物1車位0,全,2,透天厝,住商用,鋼筋混凝土造,0821125,108.16,3,2,2,有,無,有,8000,74,,0.0,0,,RPQPMLLLIIIFFAU88CC
花蓮市,房地(土地+建物),花蓮縣花蓮巿中和街215號八樓之一,18.24,住,,,1020928,土地1建物1車位0,八層,15,住宅大樓(11層含以上有電梯),住家用,鋼筋混凝土造,0890807,136.0,3,1,2,有,有,有,11500,85,,0.0,0,,RPRPMLLLIIIFFAU98CC
花蓮市,房地(土地+建物),花蓮縣花蓮巿莊敬路27號四樓,40.8,住,,,1020929,土地1建物1車位0,四層,4,公寓(5樓含以下無電梯),國民住宅,鋼筋混凝土造,0720910,100.48,3,2,2,有,無,有,7000,70,,0.0,0,,RPVPMLLLIIIFFAU76CC
花蓮市,房地(土地+建物),花蓮縣花蓮巿中山路552號,21.75,住,,,1021007,土地1建物1車位0,一層,4,店面(店鋪),住商用,鋼筋混凝土造,0750708,54.18,0,0,1,有,無,無,10000,185,,0.0,0,,RPVNMLSLIIIFFAU37DC
花蓮市,房地(土地+建物),花蓮縣吉安鄉建昌路3巷8號,70.0,住,,,1021003,土地1建物1車位0,全,4,透天厝,住家用,鋼筋混凝土造,0850521,183.46,5,2,5,有,無,有,16000,87,,0.0,0,,RPRNMLTLIIIFFAU07DC
花蓮市,房地(土地+建物),花蓮縣花蓮巿中美路96號,67.0,住,,,1021010,土地1建物1車位0,全,2,透天厝,住商用,鋼筋混凝土加強磚造,0660215,90.5,3,2,2,有,無,無,8500,94,,0.0,0,,RPSNMLTLIIIFFAU17DC
吉安鄉,房地(土地+建物),花蓮縣吉安鄉中山路二段56號,82.0,商,,,1021010,土地1建物1車位0,全,2,透天厝,住商用,鋼筋混凝土加強磚造,0671104,109.88,3,2,2,有,無,有,12000,109,,0.0,0,,RPXNMLKMIIIFFAU76CC
