﻿鄉鎮市區,交易標的,土地位置建物門牌,土地移轉總面積平方公尺,都市土地使用分區,非都市土地使用分區,非都市土地使用編定,交易年月日,交易筆棟數,移轉層次,總樓層數,建物型態,主要用途,主要建材,建築完成年月,建物移轉總面積平方公尺,建物現況格局-房,建物現況格局-廳,建物現況格局-衛,建物現況格局-隔間,有無管理組織,總價元,單價元平方公尺,車位類別,車位移轉總面積(平方公尺),車位總價元,備註,編號,主建物面積,附屬建物面積,陽台面積,電梯,移轉編號
The villages and towns urban district,transaction sign,land sector position building sector house number plate,land shifting total area square meter,the use zoning or compiles and checks,the non-metropolis land use district,non-metropolis land use,transaction year month and day,transaction pen number,shifting level,total floor number,building state,main use,main building materials,construction to complete the years,building shifting total area,Building present situation pattern - room,building present situation pattern - hall,building present situation pattern - health,building present situation pattern - compartmented,Whether there is manages the organization,total price NTD,the unit price (NTD / square meter),the berth category,berth shifting total area square meter,the berth total price NTD,the note,serial number,,,,,
金湖鎮,土地,士校段169-4地號,1250.0,農,,,1020716,土地1建物0車位0,,,其他,,,,0.0,0,0,0,有,無,5500000,4400,,0.0,0,,RPUNMLNLQHIFFAW37CA,0.0,0.0,0.0,,
金城鎮,土地,東紅山段989-1地號,580.21,其他,,,1020725,土地1建物0車位0,,,其他,,,,0.0,0,0,0,有,無,1650000,2844,,0.0,0,,RPPNMLQJQHIFFAW96CA,0.0,0.0,0.0,,
金城鎮,土地,旗牌段376-3地號,234.43,住,,,1020626,土地4建物0車位0,,,其他,,,,0.0,0,0,0,有,無,5157400,22000,,0.0,0,,RPROMLRJQHIFFAW37CA,0.0,0.0,0.0,,
金湖鎮,土地,北五劃段573地號,985.45,農,,,1020726,土地1建物0車位0,,,其他,,,,0.0,0,0,0,有,無,4700000,4769,,0.0,0,,RPTNMLTLQHIFFAW97DA,0.0,0.0,0.0,,
金沙鎮,土地,高陽段47地號,630.31,農,,,1020726,土地1建物0車位0,,,其他,,,,0.0,0,0,0,有,無,1134000,1799,,0.0,0,,RPTNMLOJRHIFFAW37DA,0.0,0.0,0.0,,
金寧鄉,土地,寧劃段793地號,500.0,農,,,1020731,土地1建物0車位0,,,其他,,,,0.0,0,0,0,有,無,4000000,8000,,0.0,0,,RPSOMLRJQHIFFAW47CA,0.0,0.0,0.0,,
金寧鄉,土地,西堡劃測段243地號,828.02,其他,,,1020716,土地1建物0車位0,,,其他,,,,0.0,0,0,0,有,無,2700000,3261,,0.0,0,,RPPNMLSJQHIFFAW17CA,0.0,0.0,0.0,,
金湖鎮,土地,塔后段1006地號,277.0,農,,,1020702,土地1建物0車位0,,,其他,,,,0.0,0,0,0,有,無,3000000,10830,,0.0,0,,RPWNMLTLQHIFFAW18CA,0.0,0.0,0.0,,
金湖鎮,土地,瓊林段384地號,549.51,農,,,1020520,土地1建物0車位0,,,其他,,,,0.0,0,0,0,有,無,960000,1747,,0.0,0,,RPXNMLTLQHIFFAW28CA,0.0,0.0,0.0,,
金城鎮,土地,歐厝段2地號,351.36,農,,,1020716,土地1建物0車位0,,,其他,,,,0.0,0,0,0,有,無,839000,2388,,0.0,0,,RPPNMLOLQHIFFAW96CA,0.0,0.0,0.0,,
金湖鎮,土地,新頭段280地號,918.77,農,,,1020715,土地1建物0車位0,,,其他,,,,0.0,0,0,0,有,無,12500000,13605,,0.0,0,,RPRNMLTJQHIFFAW47CA,0.0,0.0,0.0,,
金城鎮,土地,祥和段1000地號,134.44,其他,,,1020708,土地1建物0車位0,,,其他,,,,0.0,0,0,0,有,無,5500000,40910,,0.0,0,鎮公所價購,RPUNMLMKQHIFFAW17CA,0.0,0.0,0.0,,
金湖鎮,土地,夏興段1315-1地號,296.35,其他,,,1020718,土地1建物0車位0,,,其他,,,,0.0,0,0,0,有,無,5334300,18000,,0.0,0,,RPRNMLTKQHIFFAW67DA,0.0,0.0,0.0,,
烈嶼鄉,土地,西方段548地號,54.0,其他,,,1020806,土地1建物0車位0,,,其他,,,,0.0,0,0,0,有,無,1800000,33333,,0.0,0,包括建物未證記,RPTNMLMKQHIFFAW17DA,0.0,0.0,0.0,,
金湖鎮,房地(土地+建物),金門縣金湖鎮塔后41-1號,44.0,住,,,1020620,土地1建物1車位0,全,三層,透天厝,住家用,鋼筋混凝土造,0721110,115.72,2,1,2,有,無,3800000,32838,,0.0,0,,RPPNMLTKQHIFFAW47DA,115.72,0.0,0.0,,
金湖鎮,土地,農試所段84地號,9935.35,農,,,1020613,土地1建物0車位0,,,其他,,,,0.0,0,0,0,有,無,43000000,4328,,0.0,0,,RPPNMLTJQHIFFAW27CA,0.0,0.0,0.0,,
金湖鎮,土地,新頭段380地號,1006.24,其他,,,1020611,土地1建物0車位0,,,其他,,,,0.0,0,0,0,有,無,18112320,18000,,0.0,0,,RPQNMLTJQHIFFAW37CA,0.0,0.0,0.0,,
烈嶼鄉,土地,西方劃測段474地號,227.15,其他,,,1020717,土地1建物0車位0,,,其他,,,,0.0,0,0,0,有,無,900000,3962,,0.0,0,,RPPNMLNKQHIFFAW76CA,0.0,0.0,0.0,,
金寧鄉,房地(土地+建物),金門縣金寧鄉榜林38之1號等六戶,110.17,其他,,,1020729,土地2建物6車位0,二層,三層,套房(1房1廳1衛),,,1020318,219.41,1,1,1,有,無,12500000,56971,,0.0,0,,RPRNMLPKQHIFFAW17CA,0.0,0.0,0.0,,
金城鎮,土地,北堤段81地號,396.76,其他,,,1020710,土地1建物0車位0,,,其他,,,,0.0,0,0,0,有,無,10500000,26464,,0.0,0,包含公共設施保留地之交易。,RPQNMLQKQHIFFAW17CA,0.0,0.0,0.0,,
金湖鎮,房地(土地+建物),金門縣金湖鎮塔后41-2號,37.0,住,,,1020620,土地1建物1車位0,全,二層,透天厝,住家用,鋼筋混凝土加強磚造,0721020,71.24,2,1,2,有,無,3800000,53341,,0.0,0,,RPQNMLTKQHIFFAW57DA,71.24,0.0,0.0,,
金沙鎮,土地,沙港劃段1260地號,139.42,農,,,1020731,土地1建物0車位0,,,其他,,,,0.0,0,0,0,有,無,600000,4304,,0.0,0,,RPRNMLQJRHIFFAW37DA,0.0,0.0,0.0,,
金沙鎮,土地,陽宅段708地號,1081.8,農,,,1020624,土地1建物0車位0,,,其他,,,,0.0,0,0,0,有,無,2030000,1877,,0.0,0,,RPQNMLOLQHIFFAW07CA,0.0,0.0,0.0,,
金沙鎮,土地,中蘭劃測段363地號,970.02,農,,,1020805,土地1建物0車位0,,,其他,,,,0.0,0,0,0,有,無,3000000,3093,,0.0,0,,RPRNMLPJRHIFFAW17CA,0.0,0.0,0.0,,
金寧鄉,土地,后盤村段127-1地號,222.0,其他,,,1020712,土地1建物0車位0,,,其他,,,,0.0,0,0,0,有,無,1810009,8153,,0.0,0,,RPRNMLNJRHIFFAW96CA,0.0,0.0,0.0,,
金湖鎮,土地,尚義段415地號,425.97,農,,,1020724,土地1建物0車位0,,,其他,,,,0.0,0,0,0,有,無,638000,1498,,0.0,0,,RPPNMLOKQHIFFAW86CA,0.0,0.0,0.0,,
金沙鎮,土地,英坑段1242地號,1977.42,農,,,1020806,土地1建物0車位0,,,其他,,,,0.0,0,0,0,有,無,5931000,2999,,0.0,0,,RPTNMLPKQHIFFAW37CA,0.0,0.0,0.0,,
金沙鎮,土地,英坑段1263地號,649.99,農,,,1020806,土地1建物0車位0,,,其他,,,,0.0,0,0,0,有,無,1951000,3002,,0.0,0,,RPUNMLPKQHIFFAW47CA,0.0,0.0,0.0,,
金沙鎮,土地,汶沙段28地號,722.1,農,,,1020806,土地2建物0車位0,,,其他,,,,0.0,0,0,0,有,無,1698000,2351,,0.0,0,,RPVNMLPKQHIFFAW57CA,0.0,0.0,0.0,,
金城鎮,土地,小西門劃測段233-2地號,732.66,其他,,,1020801,土地1建物0車位0,,,其他,,,,0.0,0,0,0,有,無,12000000,16379,,0.0,0,,RPPNMLQKQHIFFAW07CA,0.0,0.0,0.0,,
金寧鄉,土地,機場段255地號,767.72,其他,,,1020712,土地1建物0車位0,,,其他,,,,0.0,0,0,0,有,無,1383431,1802,,0.0,0,,RPPNMLPKQHIFFAW07DA,0.0,0.0,0.0,,
金寧鄉,土地,古寧頭段1067-3地號,130.0,其他,,,1020808,土地1建物0車位0,,,其他,,,,0.0,0,0,0,有,無,1800000,13846,,0.0,0,,RPRNMLKLQHIFFAW86DA,0.0,0.0,0.0,,
金寧鄉,土地,北二三劃測段456地號,1125.02,農,,,1020708,土地3建物0車位0,,,其他,,,,0.0,0,0,0,有,無,2470000,2196,,0.0,0,,RPSNMLOLQHIFFAW27CA,0.0,0.0,0.0,,
金城鎮,土地,東紅山段780地號,1116.95,其他,,,1020725,土地3建物0車位0,,,其他,,,,0.0,0,0,0,有,無,1000000,895,,0.0,0,,RPTNMLOLQHIFFAW37CA,0.0,0.0,0.0,,
金沙鎮,土地,後山前段350地號,4058.92,農,,,1020809,土地7建物0車位0,,,其他,,,,0.0,0,0,0,有,無,5567472,1372,,0.0,0,,RPPNMLRLQHIFFAW27CA,0.0,0.0,0.0,,
金湖鎮,土地,中四劃段206地號,690.0,農,,,1020527,土地2建物0車位0,,,其他,,,,0.0,0,0,0,有,無,1200000,1739,,0.0,0,,RPOOMLTLQHIFFAW47CA,0.0,0.0,0.0,,
金沙鎮,土地,官澳測段136地號,3004.81,其他,,,1020723,土地17建物0車位0,,,其他,,,,0.0,0,0,0,有,無,3950000,1315,,0.0,0,,RPTNMLTKQHIFFAW77CA,0.0,0.0,0.0,,
金城鎮,土地,延平段602地號,995.02,農,,,1020719,土地1建物0車位0,,,其他,,,,0.0,0,0,0,有,無,11940000,12000,,0.0,0,,RPQNMLKLQHIFFAW66CA,0.0,0.0,0.0,,
金寧鄉,土地,寧北一劃段159地號,1000.0,其他,,,1020815,土地1建物0車位0,,,其他,,,,0.0,0,0,0,有,無,2900000,2900,,0.0,0,,RPPNMLLLQHIFFAW66CA,0.0,0.0,0.0,,
金寧鄉,土地,安西劃段528地號,2243.69,其他,,,1020812,土地1建物0車位0,,,其他,,,,0.0,0,0,0,有,無,9310000,4149,,0.0,0,,RPPNMLKLQHIFFAW56CA,0.0,0.0,0.0,,
金城鎮,土地,鳳翔段38-1地號,222.04,其他,,,1020708,土地3建物0車位0,,,其他,,,,0.0,0,0,0,有,無,3309000,14903,,0.0,0,包含公共設施保留地之交易。,RPRNMLTLQHIFFAW67CA,0.0,0.0,0.0,,
金沙鎮,土地,高坑劃測段53地號,201.88,住,,,1020805,土地1建物0車位0,,,其他,,,,0.0,0,0,0,有,無,2000000,9907,,0.0,0,,RPUNMLOLQHIFFAW47CA,0.0,0.0,0.0,,
金沙鎮,土地,高坑劃測段451-1地號,505.42,其他,,,1020805,土地1建物0車位0,,,其他,,,,0.0,0,0,0,有,無,2000000,3957,,0.0,0,,RPVNMLOLQHIFFAW57CA,0.0,0.0,0.0,,
金寧鄉,土地,湖下村段80地號,426.0,其他,,,1020814,土地1建物0車位0,,,其他,,,,0.0,0,0,0,有,無,6000000,14085,,0.0,0,,RPSNMLNJRHIFFAW07CA,0.0,0.0,0.0,,
金寧鄉,土地,中二劃段222地號,900.0,農,,,1020730,土地1建物0車位0,,,其他,,,,0.0,0,0,0,有,無,3600000,4000,,0.0,0,,RPQNMLTLQHIFFAW57CA,0.0,0.0,0.0,,
金湖鎮,房地(土地+建物),金門縣金湖鎮塔后３１５號二樓,65.85,住,,,1020815,土地1建物1車位0,二層,三層,公寓(5樓含以下無電梯),住家用,鋼筋混凝土造,0960820,116.17999999999999,3,2,2,有,無,5000000,43037,,0.0,0,,RPRNMLQKRHIFFAW37CA,96.66,0.0,8.36,,
金城鎮,土地,古坵村段142地號,160.0,其他,,,1020805,土地1建物0車位0,,,其他,,,,0.0,0,0,0,有,無,3000000,18750,,0.0,0,,RPSNMLKKRHIFFAW86CA,0.0,0.0,0.0,,
金沙鎮,土地,中蘭劃測段660地號,960.01,其他,,,1020801,土地1建物0車位0,,,其他,,,,0.0,0,0,0,有,無,6000000,6250,,0.0,0,,RPQNMLRLQHIFFAW37CA,0.0,0.0,0.0,,
金寧鄉,土地,寧安二劃段17地號,833.34,農,,,1020729,土地1建物0車位0,,,其他,,,,0.0,0,0,0,有,無,5000000,6000,,0.0,0,,RPQNMLLLQHIFFAW86DA,0.0,0.0,0.0,,
金寧鄉,土地,鎮西段136-3地號,304.95,農,,,1020812,土地2建物0車位0,,,其他,,,,0.0,0,0,0,有,無,2201739,7220,,0.0,0,,RPQNMLQLQHIFFAW37DA,0.0,0.0,0.0,,
金城鎮,土地,賢厝段886地號,401.0,農,,,1020807,土地1建物0車位0,,,其他,,,,0.0,0,0,0,有,無,600000,1496,,0.0,0,,RPVNMLTLQHIFFAW08CA,0.0,0.0,0.0,,
金沙鎮,土地,沙港劃段387地號,2000.01,農,,,1020813,土地2建物0車位0,,,其他,,,,0.0,0,0,0,有,無,10000000,5000,,0.0,0,,RPTNMLNJRHIFFAW17CA,0.0,0.0,0.0,,
金城鎮,土地,燕南山段125-1地號,63.06,其他,,,1020819,土地1建物0車位0,,,其他,,,,0.0,0,0,0,有,無,50000,793,,0.0,0,,RPPNMLSJRHIFFAW27CA,0.0,0.0,0.0,,
金城鎮,房地(土地+建物),金門縣金城鎮民族路210巷9之1號2樓,33.36,住,,,1020823,土地1建物1車位0,二層,四層,公寓(5樓含以下無電梯),集合住宅,鋼筋混凝土造,1000112,71.67999999999999,2,1,1,有,無,4390000,61244,,0.0,0,,RPRNMLQLQHIFFAW47DA,56.63,0.0,5.17,,
金沙鎮,土地,浦邊測段326-9地號,34269.05,其他,,,1020729,土地7建物0車位0,,,其他,,,,0.0,0,0,0,有,無,142000000,4144,,0.0,0,,RPPNMLMJRHIFFAW66CA,0.0,0.0,0.0,,
金湖鎮,土地,新頭段1203地號,165.0,其他,,,1020808,土地1建物0車位0,,,其他,,,,0.0,0,0,0,有,無,2145000,13000,,0.0,0,,RPPNMLTLQHIFFAW47CA,0.0,0.0,0.0,,
金寧鄉,土地,北二三劃測段741-3地號,513.67,農,,,1020827,土地2建物0車位0,,,其他,,,,0.0,0,0,0,有,無,2500000,4867,,0.0,0,,RPPNMLSLQHIFFAW47DA,0.0,0.0,0.0,,
金湖鎮,土地,新頭段740-11地號,425.81,住,,,1020823,土地1建物0車位0,,,其他,,,,0.0,0,0,0,有,無,3193575,7500,,0.0,0,,RPTNMLMJRHIFFAW17DA,0.0,0.0,0.0,,
金城鎮,土地,舊金城段971地號,364.0,其他,,,1020813,土地1建物0車位0,,,其他,,,,0.0,0,0,0,有,無,200000,549,,0.0,0,,RPPNMLPJRHIFFAW96CA,0.0,0.0,0.0,,
金城鎮,土地,歐厝段51地號,1628.72,其他,,,1020806,土地3建物0車位0,,,其他,,,,0.0,0,0,0,有,無,6000000,3684,,0.0,0,,RPRNMLMJRHIFFAW86CA,0.0,0.0,0.0,,
金城鎮,土地,烏土段3地號,368.0,其他,,,1020814,土地1建物0車位0,,,其他,,,,0.0,0,0,0,有,無,2800000,7609,,0.0,0,,RPQNMLSJRHIFFAW37CA,0.0,0.0,0.0,,
金城鎮,房地(土地+建物),金門縣金城鎮前水頭139-1,120.5,住,,,1020816,土地1建物1車位0,一層,三層,店面(店鋪),,,1010501,197.89999999999998,1,1,2,有,無,15000000,75796,,0.0,0,,RPRNMLOJRHIFFAW17DA,0.0,0.0,0.0,,
金沙鎮,房地(土地+建物),金門縣金沙鎮國中路1號,1798.38,其他,,,1020905,土地12建物3車位0,一層，二層,二層,店面(店鋪),住商用,鋼筋混凝土造,0731220,132.98,3,2,2,有,無,13500000,101519,,0.0,0,,RPSNMLQLRHIFFAW67DA,0.0,0.0,0.0,,
金寧鄉,土地,長寮段629地號,678.35,住,,,1020822,土地1建物0車位0,,,其他,,,,0.0,0,0,0,有,無,10000000,14742,,0.0,0,,RPRNMLSJRHIFFAW47CA,0.0,0.0,0.0,,
金沙鎮,土地,汶沙段481-10地號,89.08,住,,,1020827,土地2建物0車位0,,,其他,,,,0.0,0,0,0,有,無,950000,10665,,0.0,0,,RPPNMLPLRHIFFAW17CA,0.0,0.0,0.0,,
金城鎮,土地,祥瑞段977地號,375.63,其他,,,1020828,土地2建物0車位0,,,其他,,,,0.0,0,0,0,有,無,8400000,22362,,0.0,0,包含公共設施保留地之交易。,RPSNMLRLRHIFFAW67CA,0.0,0.0,0.0,,
金湖鎮,土地,北五劃段418地號,757.32,其他,,,1020815,土地1建物0車位0,,,其他,,,,0.0,0,0,0,有,無,2050000,2707,,0.0,0,,RPSNMLQKRHIFFAW47CA,0.0,0.0,0.0,,
金湖鎮,土地,瓊林段215地號,720.08,其他,,,1020815,土地1建物0車位0,,,其他,,,,0.0,0,0,0,有,無,1850000,2569,,0.0,0,,RPTNMLQKRHIFFAW57CA,0.0,0.0,0.0,,
金寧鄉,土地,東洲段682地號,106.59,農,,,1020813,土地1建物0車位0,,,其他,,,,0.0,0,0,0,有,無,698165,6550,,0.0,0,,RPQNMLPJRHIFFAW17DA,0.0,0.0,0.0,,
金寧鄉,土地,中三劃測段407地號,302.2,農,,,1020816,土地1建物0車位0,,,其他,,,,0.0,0,0,0,有,無,1848860,6118,,0.0,0,,RPPNMLOJRHIFFAW96DA,0.0,0.0,0.0,,
金城鎮,土地,金門城段1042地號,59.0,其他,,,1020816,土地1建物0車位0,,,其他,,,,0.0,0,0,0,有,無,413000,7000,,0.0,0,,RPQNMLOJRHIFFAW07DA,0.0,0.0,0.0,,
金沙鎮,土地,沙田劃段374地號,1000.0,其他,,,1020814,土地1建物0車位0,,,其他,,,,0.0,0,0,0,有,無,2500000,2500,,0.0,0,,RPQNMLKKRHIFFAW66CA,0.0,0.0,0.0,,
金沙鎮,土地,中蘭劃測段363地號,970.02,農,,,1020823,土地1建物0車位0,,,其他,,,,0.0,0,0,0,有,無,3680000,3794,,0.0,0,,RPSNMLPJRHIFFAW27CA,0.0,0.0,0.0,,
金寧鄉,土地,北二三劃測段378地號,1000.01,農,,,1020820,土地1建物0車位0,,,其他,,,,0.0,0,0,0,有,無,5500000,5500,,0.0,0,,RPSNMLSJRHIFFAW57CA,0.0,0.0,0.0,,
金寧鄉,土地,寧北一劃段156-1地號,233.5,其他,,,1020819,土地1建物0車位0,,,其他,,,,0.0,0,0,0,有,無,680000,2912,,0.0,0,,RPPNMLKKRHIFFAW56CA,0.0,0.0,0.0,,
金寧鄉,土地,中三劃測段543-1地號,22.49,其他,,,1020812,土地1建物0車位0,,,其他,,,,0.0,0,0,0,有,無,340836,15155,,0.0,0,,RPUNMLQKRHIFFAW67CA,0.0,0.0,0.0,,
金寧鄉,土地,中三劃測段697-2地號,15.31,其他,,,1020815,土地1建物0車位0,,,其他,,,,0.0,0,0,0,有,無,232023,15155,,0.0,0,,RPVNMLQKRHIFFAW77CA,0.0,0.0,0.0,,
金寧鄉,土地,中三劃測段697-3地號,15.28,其他,,,1020815,土地1建物0車位0,,,其他,,,,0.0,0,0,0,有,無,236198,15458,,0.0,0,,RPWNMLQKRHIFFAW87CA,0.0,0.0,0.0,,
金寧鄉,土地,中三劃測段692-1地號,30.97,其他,,,1020826,土地1建物0車位0,,,其他,,,,0.0,0,0,0,有,無,469350,15155,,0.0,0,,RPXNMLQKRHIFFAW97CA,0.0,0.0,0.0,,
金城鎮,房地(土地+建物),金門縣金城鎮民權路226巷4弄17號3樓,17.81,住,,,1020827,土地1建物1車位0,三層,五層,華廈(10層含以下有電梯),辦公室,鋼筋混凝土造,1020223,70.08,2,1,2,有,無,6300000,89897,,0.0,0,,RPQNMLQJRHIFFAW27DA,51.41,2.47,3.24,,
金城鎮,土地,小西門劃測段2021地號,204.46,其他,,,1020822,土地1建物0車位0,,,其他,,,,0.0,0,0,0,有,無,600000,2935,,0.0,0,,RPRNMLQLRHIFFAW57DA,0.0,0.0,0.0,,
金寧鄉,土地,東洲段21-22地號,10300.0,其他,,,1020830,土地1建物0車位0,,,其他,,,,0.0,0,0,0,有,無,44500000,4320,,0.0,0,,RPPNMLOKRHIFFAW96CA,0.0,0.0,0.0,,
金寧鄉,土地,寧劃段967地號,981.47,農,,,1020829,土地2建物0車位0,,,其他,,,,0.0,0,0,0,有,無,3238851,3300,,0.0,0,,RPRNMLPLRHIFFAW37CA,0.0,0.0,0.0,,
金寧鄉,土地,寧劃段1120地號,843.61,農,,,1020829,土地2建物0車位0,,,其他,,,,0.0,0,0,0,有,無,2783913,3300,,0.0,0,,RPSNMLPLRHIFFAW47CA,0.0,0.0,0.0,,
金寧鄉,土地,寧劃段1326地號,491.54,農,,,1020829,土地1建物0車位0,,,其他,,,,0.0,0,0,0,有,無,1622082,3300,,0.0,0,,RPTNMLPLRHIFFAW57CA,0.0,0.0,0.0,,
金寧鄉,土地,西堡劃測段156地號,1740.01,農,,,1020825,土地1建物0車位0,,,其他,,,,0.0,0,0,0,有,無,5220000,3000,,0.0,0,,RPUNMLLJIIIFFAW88CA,0.0,0.0,0.0,,
金寧鄉,土地,盤山村段379地號,1049.0,其他,,,1020807,土地2建物0車位0,,,其他,,,,0.0,0,0,0,有,無,18800000,17922,,0.0,0,,RPPOMLQKRHIFFAW27CA,0.0,0.0,0.0,,
金寧鄉,房地(土地+建物),金門縣金寧鄉下埔下１１３號,105.4,其他,,,1020828,土地2建物1車位0,全,三層,透天厝,集合住宅,鋼筋混凝土造,1000128,187.08,10,0,4,有,無,11300000,60402,,0.0,0,,RPQOMLQKRHIFFAW37CA,179.93,0.0,7.15,,
金寧鄉,土地,鎮西段171-3地號,151.9,農,,,1020823,土地1建物0車位0,,,其他,,,,0.0,0,0,0,有,無,1096718,7220,,0.0,0,,RPSNMLMKRHIFFAW17DA,0.0,0.0,0.0,,
金湖鎮,土地,士校段907地號,69.0,其他,,,1020816,土地1建物0車位0,,,其他,,,,0.0,0,0,0,有,無,560280,8120,,0.0,0,,RPRNMLKKRHIFFAW86DA,0.0,0.0,0.0,,
金城鎮,土地,奎星樓段282地號,41.67,其他,,,1020909,土地1建物0車位0,,,其他,,,,0.0,0,0,0,有,無,1600000,38397,,0.0,0,,RPPNMLLKRHIFFAW76DA,0.0,0.0,0.0,,
金城鎮,土地,歐厝段558-2地號,443.34,農,,,1020909,土地1建物0車位0,,,其他,,,,0.0,0,0,0,有,無,800000,1804,,0.0,0,,RPQNMLMKRHIFFAW96DA,0.0,0.0,0.0,,
金湖鎮,房地(土地+建物),金門縣金湖鎮湖前95號,191.01,住,,,1020909,土地1建物1車位0,全,三層,透天厝,住商用,鋼筋混凝土造,0890225,251.66,5,2,6,有,無,9800000,38941,,0.0,0,,RPTNMLMKRHIFFAW27DA,0.0,0.0,0.0,,
金城鎮,土地,祥瑞段854地號,317.76,其他,,,1020910,土地1建物0車位0,,,其他,,,,0.0,0,0,0,有,無,15306181,48169,,0.0,0,包含公共設施保留地之交易。,RPROMLQKRHIFFAW47CA,0.0,0.0,0.0,,
金城鎮,土地,小西門劃測段73-3地號,641.66,其他,,,1020723,土地6建物0車位0,,,其他,,,,0.0,0,0,0,有,無,13600000,21195,,0.0,0,,RPRNMLMKRHIFFAW96CA,0.0,0.0,0.0,,
金沙鎮,土地,洋山測段199地號,370.01,其他,,,1020906,土地1建物0車位0,,,其他,,,,0.0,0,0,0,有,無,370000,1000,,0.0,0,,RPPNMLQKRHIFFAW17CA,0.0,0.0,0.0,,
金沙鎮,土地,沙溪一劃段105地號,840.0,農,,,1020823,土地1建物0車位0,,,其他,,,,0.0,0,0,0,有,無,3360000,4000,,0.0,0,,RPXNMLSKRHIFFAW18CA,0.0,0.0,0.0,,
金城鎮,土地,中一段594-3地號,890.13,住,,,1020821,土地8建物0車位0,,,其他,,,,0.0,0,0,0,有,無,20500000,23030,,0.0,0,,RPPNMLKMRHIFFAW76CA,0.0,0.0,0.0,,
金寧鄉,土地,寧北一劃段92-14地號,821.06,農,,,1020905,土地1建物0車位0,,,其他,,,,0.0,0,0,0,有,無,1200000,1462,,0.0,0,,RPPNMLNLRHIFFAW07DA,0.0,0.0,0.0,,
金寧鄉,土地,榜林村段246地號,131.0,其他,,,1020910,土地1建物0車位0,,,其他,,,,0.0,0,0,0,有,無,830000,6336,,0.0,0,,RPPNMLSKRHIFFAW47DA,0.0,0.0,0.0,,
金城鎮,土地,中一段205地號,2097.6,農,,,1020910,土地3建物0車位0,,,其他,,,,0.0,0,0,0,有,無,10340000,4929,,0.0,0,,RPQNMLSKRHIFFAW57DA,0.0,0.0,0.0,,
金寧鄉,土地,榜林村段327地號,136.0,住,,,1020914,土地1建物0車位0,,,其他,,,,0.0,0,0,0,有,無,3000000,22059,,0.0,0,,RPSNMLLJIIIFFAW68CA,0.0,0.0,0.0,,
金湖鎮,土地,新頭段135地號,1632.66,農,,,1020820,土地3建物0車位0,,,其他,,,,0.0,0,0,0,有,無,3450000,2113,,0.0,0,,RPQNMLNJIIIFFAW68CA,0.0,0.0,0.0,,
金城鎮,土地,蜈蚣山段74地號,1623.42,農,,,1020905,土地2建物0車位0,,,其他,,,,0.0,0,0,0,有,無,9600000,5913,,0.0,0,,RPRNMLNJIIIFFAW78CA,0.0,0.0,0.0,,
金城鎮,土地,前水頭段94地號,541.0,住,,,1020905,土地1建物0車位0,,,其他,,,,0.0,0,0,0,有,無,10000000,18484,,0.0,0,,RPSNMLNJIIIFFAW88CA,0.0,0.0,0.0,,
金湖鎮,土地,北五劃段198地號,904.21,農,,,1020910,土地1建物0車位0,,,其他,,,,0.0,0,0,0,有,無,4000000,4424,,0.0,0,,RPUNMLSKRHIFFAW87CA,0.0,0.0,0.0,,
金湖鎮,房地(土地+建物),金門縣金湖鎮塔后15之1號,68.0,其他,,,1020911,土地1建物1車位0,全,二層,透天厝,住家用,鋼筋混凝土加強磚造,0760715,84.4,5,1,4,有,無,4000000,47393,,0.0,0,,RPRNMLSKRHIFFAW67DA,80.5,0.0,3.9,,
金沙鎮,土地,陽宅段546地號,530.1,農,,,1020821,土地1建物0車位0,,,其他,,,,0.0,0,0,0,有,無,1350000,2547,,0.0,0,,RPWNMLSKRHIFFAW18DA,0.0,0.0,0.0,,
金沙鎮,土地,陽宅段546-1地號,121.23,其他,,,1020821,土地1建物0車位0,,,其他,,,,0.0,0,0,0,有,無,1060000,8744,,0.0,0,,RPOOMLSKRHIFFAW47DA,0.0,0.0,0.0,,
金寧鄉,土地,北二三劃測段94-10地號,1591.38,其他,,,1020724,土地5建物0車位0,,,其他,,,,0.0,0,0,0,有,無,56000000,35190,,0.0,0,,RPSNMLSKRHIFFAW67CA,0.0,0.0,0.0,,
金城鎮,房地(土地+建物),金門縣金城鎮珠浦南路７４巷３７號四樓,44.1,住,,,1020905,土地1建物1車位0,四層,五層,公寓(5樓含以下無電梯),集合住宅,鋼筋混凝土造,1000221,107.17,3,2,2,有,無,9000000,83979,,0.0,0,,RPTNMLSKRHIFFAW77CA,83.39,0.0,9.78,,
金城鎮,土地,祥瑞段645地號,404.49,其他,,,1020522,土地4建物0車位0,,,其他,,,,0.0,0,0,0,有,無,41500000,102598,,0.0,0,,RPRNMLLJIIIFFAW58CA,0.0,0.0,0.0,,
金寧鄉,土地,寧劃段327地號,489.79,農,,,1020904,土地1建物0車位0,,,其他,,,,0.0,0,0,0,有,無,3000000,6125,,0.0,0,,RPTNMLRLRHIFFAW77CA,0.0,0.0,0.0,,
金寧鄉,土地,西堡劃測段374-1地號,1445.78,農,,,1020830,土地3建物0車位0,,,其他,,,,0.0,0,0,0,有,無,3500000,2421,,0.0,0,,RPPNMLSJIIIFFAW09CA,0.0,0.0,0.0,,
金湖鎮,房地(土地+建物),金門縣金湖鎮信義新村１０６號三樓,81.76,住,,,1020906,土地1建物1車位0,三層,三層,公寓(5樓含以下無電梯),住家用,鋼筋混凝土造,0940420,98.21,3,2,1,有,無,4550000,46329,,0.0,0,,RPSNMLRJIIIFFAW66CA,77.27,0.0,4.11,,
金寧鄉,土地,東洲段166地號,629.3,農,,,1020909,土地1建物0車位0,,,其他,,,,0.0,0,0,0,有,無,4000000,6356,,0.0,0,,RPTNMLLJIIIFFAW78CA,0.0,0.0,0.0,,
金城鎮,土地,小西門劃測段639地號,2000.06,農,,,1020904,土地2建物0車位0,,,其他,,,,0.0,0,0,0,有,無,14400000,7200,,0.0,0,,RPUNMLPLRHIFFAW67CA,0.0,0.0,0.0,,
金沙鎮,土地,洋山段695地號,71.0,其他,,,1020916,土地1建物0車位0,,,其他,,,,0.0,0,0,0,有,無,280000,3944,,0.0,0,,RPXNMLPLRHIFFAW97CA,0.0,0.0,0.0,,
金寧鄉,房地(土地+建物),金門縣金寧鄉頂堡４２之３號,50.33,其他,,,1020905,土地1建物1車位0,一層,三層,公寓(5樓含以下無電梯),,,1020731,93.83,3,2,2,有,無,5900000,62880,,0.0,0,,RPROMLPLRHIFFAW47CA,81.63,0.0,0.0,,
金湖鎮,土地,庵邊段577地號,143.0,其他,,,1020917,土地1建物0車位0,,,其他,,,,0.0,0,0,0,有,無,1500000,10490,,0.0,0,,RPRNMLNLRHIFFAW27DA,0.0,0.0,0.0,,
金寧鄉,房地(土地+建物),金門縣金寧鄉頂堡４２之３號二樓,50.33,其他,,,1020913,土地1建物1車位0,二層,三層,公寓(5樓含以下無電梯),,,1020731,99.81,3,2,2,有,無,5500000,55105,,0.0,0,,RPTOMLPLRHIFFAW67CA,81.63,0.0,5.98,,
金寧鄉,房地(土地+建物),金門縣金寧鄉頂堡４２之３號三樓,50.33,其他,,,1020906,土地1建物1車位0,三層,三層,公寓(5樓含以下無電梯),,,1020731,99.81,3,2,2,有,無,5600000,56107,,0.0,0,,RPQNMLQLRHIFFAW37CA,81.63,0.0,5.98,,
金城鎮,土地,小西門劃測段205地號,656.04,農,,,1020912,土地1建物0車位0,,,其他,,,,0.0,0,0,0,有,無,4500000,6859,,0.0,0,,RPVNMLPLRHIFFAW77CA,0.0,0.0,0.0,,
金城鎮,土地,延平段357地號,708.6,農,,,1020822,土地1建物0車位0,,,其他,,,,0.0,0,0,0,有,無,8148900,11500,,0.0,0,,RPWNMLPLRHIFFAW87CA,0.0,0.0,0.0,,
金湖鎮,土地,新頭段1391-2地號,350.32,住,,,1020906,土地1建物0車位0,,,其他,,,,0.0,0,0,0,有,無,1500000,4282,,0.0,0,,RPQNMLPLRHIFFAW27CA,0.0,0.0,0.0,,
金寧鄉,土地,西堡劃測段152地號,720.0,農,,,1020905,土地1建物0車位0,,,其他,,,,0.0,0,0,0,有,無,2160000,3000,,0.0,0,,RPTNMLMJIIIFFAW88CA,0.0,0.0,0.0,,
烈嶼鄉,土地,九宮測段217地號,1102.45,其他,,,1020818,土地5建物0車位0,,,其他,,,,0.0,0,0,0,有,無,723648,656,,0.0,0,親友、員工或其他特殊關係間之交易。,RPPNMLPKIIIFFAW98DA,0.0,0.0,0.0,,
烈嶼鄉,土地,九宮測段550地號,1026.09,其他,,,1020818,土地5建物0車位0,,,其他,,,,0.0,0,0,0,有,無,680919,664,,0.0,0,親友、員工或其他特殊關係間之交易。,RPQNMLPKIIIFFAW09DA,0.0,0.0,0.0,,
金城鎮,土地,祥瑞段854-1地號,9.97,其他,,,1020827,土地1建物0車位0,,,其他,,,,0.0,0,0,0,有,無,480235,48168,,0.0,0,,RPUNMLKMRHIFFAW27CA,0.0,0.0,0.0,,
金湖鎮,土地,太湖劃測段1023地號,1402.55,農,,,1020913,土地3建物0車位0,,,其他,,,,0.0,0,0,0,有,無,5489905,3914,,0.0,0,,RPSNMLLLIIIFFAW88CA,0.0,0.0,0.0,,
金湖鎮,土地,陳坑段392地號,252.46,其他,,,1020912,土地1建物0車位0,,,其他,,,,0.0,0,0,0,有,無,4600000,18221,,0.0,0,,RPQNMLRLRHIFFAW47CA,0.0,0.0,0.0,,
金湖鎮,土地,湖東劃段140地號,1000.0,農,,,1020830,土地1建物0車位0,,,其他,,,,0.0,0,0,0,有,無,3500000,3500,,0.0,0,,RPRNMLRLRHIFFAW57CA,0.0,0.0,0.0,,
金沙鎮,土地,青嶼測段631地號,523.95,農,,,1020923,土地1建物0車位0,,,其他,,,,0.0,0,0,0,有,無,1000000,1909,,0.0,0,,RPSNMLKMRHIFFAW17DA,0.0,0.0,0.0,,
金寧鄉,土地,安西劃段611地號,1437.02,農,,,1020911,土地2建物0車位0,,,其他,,,,0.0,0,0,0,有,無,7000000,4871,,0.0,0,,RPVNMLLJIIIFFAW09DA,0.0,0.0,0.0,,
金沙鎮,土地,後山前段350地號,2400.92,農,,,1020915,土地4建物0車位0,,,其他,,,,0.0,0,0,0,有,無,4300000,1791,,0.0,0,,RPQNMLMJIIIFFAW58CA,0.0,0.0,0.0,,
金沙鎮,土地,后宅測段1110地號,920.01,農,,,1020918,土地1建物0車位0,,,其他,,,,0.0,0,0,0,有,無,3000000,3261,,0.0,0,,RPPNMLOJIIIFFAW68CA,0.0,0.0,0.0,,
金沙鎮,土地,高坑劃測段451-1地號,505.42,其他,,,1020914,土地1建物0車位0,,,其他,,,,0.0,0,0,0,有,無,800000,1583,,0.0,0,,RPXNMLLJIIIFFAW56CA,0.0,0.0,0.0,,
金沙鎮,土地,高坑劃測段428地號,420.0,農,,,1020913,土地1建物0車位0,,,其他,,,,0.0,0,0,0,有,無,2000000,4762,,0.0,0,,RPOOMLLJIIIFFAW38CA,0.0,0.0,0.0,,
金城鎮,土地,北堤段207地號,28.36,其他,,,1020917,土地3建物0車位0,,,其他,,,,0.0,0,0,0,有,無,300000,10578,,0.0,0,,RPROMLLJIIIFFAW68CA,0.0,0.0,0.0,,
金城鎮,土地,鳳翔段38-3地號,62.29,其他,,,1020726,土地1建物0車位0,,,其他,,,,0.0,0,0,0,有,無,925000,14850,,0.0,0,包含公共設施保留地之交易。,RPTNMLRJIIIFFAW76CA,0.0,0.0,0.0,,
金湖鎮,土地,中五劃段764地號,967.0,其他,,,1020912,土地1建物0車位0,,,其他,,,,0.0,0,0,0,有,無,4200000,4343,,0.0,0,,RPWNMLLKIIIFFAW56CA,0.0,0.0,0.0,,
金湖鎮,土地,中五劃段755地號,467.0,其他,,,1020912,土地1建物0車位0,,,其他,,,,0.0,0,0,0,有,無,800000,1713,,0.0,0,,RPXNMLLKIIIFFAW66CA,0.0,0.0,0.0,,
金寧鄉,土地,中山林段388地號,2018.28,農,,,1020923,土地1建物0車位0,,,其他,,,,0.0,0,0,0,有,無,4500000,2230,,0.0,0,,RPQNMLOLIIIFFAW98CA,0.0,0.0,0.0,,
金沙鎮,土地,汶沙段1151地號,62.0,其他,,,1020923,土地1建物0車位0,,,其他,,,,0.0,0,0,0,有,無,1600000,25806,,0.0,0,,RPRNMLMJIIIFFAW78DA,0.0,0.0,0.0,,
金湖鎮,土地,湖前段546-5地號,96.03,其他,,,1020926,土地1建物0車位0,,,其他,,,,0.0,0,0,0,有,無,2450000,25513,,0.0,0,,RPTNMLLLIIIFFAW09DA,0.0,0.0,0.0,,
金湖鎮,土地,湖東劃段362地號,868.0,農,,,1020914,土地1建物0車位0,,,其他,,,,0.0,0,0,0,有,無,2690800,3100,,0.0,0,,RPSNMLOJIIIFFAW98CA,0.0,0.0,0.0,,
金城鎮,土地,金門城段883地號,677.0,其他,,,1020925,土地1建物0車位0,,,其他,,,,0.0,0,0,0,有,無,16500000,24372,,0.0,0,,RPTNMLOJIIIFFAW09CA,0.0,0.0,0.0,,
金沙鎮,土地,陽宅段1061地號,890.0,其他,,,1020923,土地1建物0車位0,,,其他,,,,0.0,0,0,0,有,無,10413000,11700,,0.0,0,,RPRNMLRJIIIFFAW56CA,0.0,0.0,0.0,,
金城鎮,土地,祥和段783地號,444.9,其他,,,1021002,土地3建物0車位0,,,其他,,,,0.0,0,0,0,有,無,7901424,17760,,0.0,0,包含公共設施保留地之交易。,RPRNMLSKIIIFFAW76CA,0.0,0.0,0.0,,
金沙鎮,土地,陽宅段312地號,424.6,農,,,1020925,土地1建物0車位0,,,其他,,,,0.0,0,0,0,有,無,424600,1000,,0.0,0,,RPQNMLOJIIIFFAW88DA,0.0,0.0,0.0,,
金沙鎮,土地,陽宅段292地號,1058.63,農,,,1020925,土地1建物0車位0,,,其他,,,,0.0,0,0,0,有,無,1058630,1000,,0.0,0,,RPRNMLOJIIIFFAW98DA,0.0,0.0,0.0,,
金城鎮,房地(土地+建物),金門縣金城鎮前水頭85之5號,304.0,其他,,,1020927,土地2建物1車位0,全,三層,透天厝,農舍,鋼筋混凝土造,1020828,263.1,5,2,6,有,無,15000000,57013,,0.0,0,,RPQNMLLKIIIFFAW68DA,0.0,0.0,0.0,,
金寧鄉,土地,寧湖二劃測段1253地號,720.92,農,,,1020930,土地1建物0車位0,,,其他,,,,0.0,0,0,0,有,無,2500000,3468,,0.0,0,,RPSNMLOKIIIFFAW56DA,0.0,0.0,0.0,,
金湖鎮,房地(土地+建物),金門縣金湖鎮市港路２巷１１號,89.6,住,,,1021001,土地1建物1車位0,全,三層,透天厝,住家用,鋼筋混凝土造,1000620,196.49,4,3,5,有,無,9500000,48349,,0.0,0,,RPVNMLLKIIIFFAW09CA,185.63,0.0,10.86,,
金寧鄉,土地,盤山村段49地號,134.0,其他,,,1020905,土地1建物0車位0,,,其他,,,,0.0,0,0,0,有,無,1500000,11194,,0.0,0,,RPRNMLLKIIIFFAW68CA,0.0,0.0,0.0,,
金寧鄉,土地,寧安二劃段396地號,730.26,其他,,,1020916,土地1建物0車位0,,,其他,,,,0.0,0,0,0,有,無,23000000,31496,,0.0,0,,RPUNMLLKIIIFFAW98CA,0.0,0.0,0.0,,
金湖鎮,土地,夏興段1246地號,295.0,住,,,1020924,土地1建物0車位0,,,其他,,,,0.0,0,0,0,有,無,3700000,12542,,0.0,0,,RPRNMLKMIIIFFAW78CA,0.0,0.0,0.0,,
金湖鎮,土地,塔后段1022地號,362.0,其他,,,1020927,土地1建物0車位0,,,其他,,,,0.0,0,0,0,有,無,9050000,25000,,0.0,0,,RPRNMLNLIIIFFAW98CA,0.0,0.0,0.0,,
金城鎮,土地,城北段677地號,149.61,住,,,1020925,土地2建物0車位0,,,其他,,,,0.0,0,0,0,有,無,11440000,76465,,0.0,0,,RPPNMLQLIIIFFAW09CA,0.0,0.0,0.0,,
金城鎮,房地(土地+建物),金門縣金城鎮中興路146巷21-1號,27.66,商,,,1020911,土地1建物1車位0,全,三層,透天厝,住商用,鋼筋混凝土造,0711001,77.61,4,3,3,有,無,17000000,219044,,0.0,0,,RPQNMLPLIIIFFAW56DA,77.61,0.0,0.0,,
金寧鄉,土地,埔邊村段41-2地號,92.14,住,,,1020927,土地1建物0車位0,,,其他,,,,0.0,0,0,0,有,無,3685600,40000,,0.0,0,,RPRNMLQJJIIFFAW66DA,0.0,0.0,0.0,,
烈嶼鄉,土地,西方劃測段733地號,700.01,農,,,1020913,土地1建物0車位0,,,其他,,,,0.0,0,0,0,有,無,1800000,2571,,0.0,0,,RPSNMLLKIIIFFAW78CA,0.0,0.0,0.0,,
金沙鎮,土地,鵲山段312地號,1285.19,其他,,,1020927,土地1建物0車位0,,,其他,,,,0.0,0,0,0,有,無,2160000,1681,,0.0,0,,RPTNMLLKIIIFFAW88CA,0.0,0.0,0.0,,
金沙鎮,土地,汶沙段1548地號,490.0,其他,,,1020929,土地2建物0車位0,,,其他,,,,0.0,0,0,0,有,無,3600000,7347,,0.0,0,,RPOOMLLKIIIFFAW48CA,0.0,0.0,0.0,,
金沙鎮,土地,鵲山段311地號,408.81,其他,,,1021003,土地1建物0車位0,,,其他,,,,0.0,0,0,0,有,無,500000,1223,,0.0,0,,RPRNMLPKIIIFFAW09CA,0.0,0.0,0.0,,
金湖鎮,房地(土地+建物),金門縣金湖鎮塔后１２０之６號,58.02,住,,,1020926,土地1建物1車位0,全,三層,透天厝,住商用,鋼筋混凝土加強磚造,0851231,224.4,4,2,3,有,無,7500000,33422,,0.0,0,,RPSNMLPKIIIFFAW56CA,224.4,0.0,0.0,,
金寧鄉,土地,寧湖二劃測段185地號,753.02,農,,,1020918,土地1建物0車位0,,,其他,,,,0.0,0,0,0,有,無,8280000,10996,,0.0,0,,RPPNMLMLIIIFFAW68CA,0.0,0.0,0.0,,
金寧鄉,土地,埔后村段76地號,66.0,其他,,,1020930,土地1建物0車位0,,,其他,,,,0.0,0,0,0,有,無,8500000,128788,,0.0,0,含地上建物一棟、面積為 161.57 平方公尺,RPUNMLSKIIIFFAW17DA,0.0,0.0,0.0,,
金寧鄉,土地,埔后村段76-3地號,96.0,其他,,,1020930,土地1建物0車位0,,,其他,,,,0.0,0,0,0,有,無,7900000,82292,,0.0,0,含地上建物一棟、面積為 161.47 平方公尺。含車位一個。,RPVNMLSKIIIFFAW27DA,0.0,0.0,0.0,,
金寧鄉,土地,埔后村段76-2地號,103.0,其他,,,1020930,土地1建物0車位0,,,其他,,,,0.0,0,0,0,有,無,8500000,82524,,0.0,0,,RPXNMLSKIIIFFAW47DA,0.0,0.0,0.0,,
金寧鄉,土地,埔后村段76-1地號,79.0,其他,,,1020930,土地1建物0車位0,,,其他,,,,0.0,0,0,0,有,無,7800000,98734,,0.0,0,含地上建物一棟、面積為 161.47 平方公尺,RPOOMLSKIIIFFAW66DA,0.0,0.0,0.0,,
金寧鄉,土地,龍潭段501地號,235.74,農,,,1021008,土地1建物0車位0,,,其他,,,,0.0,0,0,0,有,無,300000,1273,,0.0,0,,RPQNMLQKIIIFFAW56DA,0.0,0.0,0.0,,
金城鎮,土地,蜈蚣山段1030-1地號,400.0,農,,,1021008,土地1建物0車位0,,,其他,,,,0.0,0,0,0,有,無,480000,1200,,0.0,0,,RPPNMLOKIIIFFAW88DA,0.0,0.0,0.0,,
金湖鎮,土地,山外段327地號,140.01,住,,,1020910,土地1建物0車位0,,,其他,,,,0.0,0,0,0,有,無,2800000,19999,,0.0,0,,RPSNMLKMIIIFFAW88CA,0.0,0.0,0.0,,
金寧鄉,土地,寧湖二劃測段149地號,973.03,農,,,1020910,土地1建物0車位0,,,其他,,,,0.0,0,0,0,有,無,13130000,13494,,0.0,0,,RPTNMLOKIIIFFAW56CA,0.0,0.0,0.0,,
金寧鄉,土地,寧湖三劃段156-17地號,936.0,農,,,1020929,土地8建物0車位0,,,其他,,,,0.0,0,0,0,有,無,5760000,6154,,0.0,0,,RPUNMLQLIIIFFAW96CA,0.0,0.0,0.0,,
金寧鄉,土地,寧湖三劃段156-6地號,68.9,農,,,1020929,土地1建物0車位0,,,其他,,,,0.0,0,0,0,有,無,424000,6154,,0.0,0,,RPVNMLQLIIIFFAW07CA,0.0,0.0,0.0,,
金寧鄉,土地,寧湖三劃段156-7地號,68.9,農,,,1020929,土地1建物0車位0,,,其他,,,,0.0,0,0,0,有,無,424000,6154,,0.0,0,,RPWNMLQLIIIFFAW17CA,0.0,0.0,0.0,,
金寧鄉,土地,寧湖三劃段156-8地號,68.9,農,,,1020929,土地1建物0車位0,,,其他,,,,0.0,0,0,0,有,無,424000,6154,,0.0,0,,RPXNMLQLIIIFFAW27CA,0.0,0.0,0.0,,
金寧鄉,土地,寧湖三劃段156-9地號,68.9,農,,,1020929,土地1建物0車位0,,,其他,,,,0.0,0,0,0,有,無,424000,6154,,0.0,0,,RPOOMLQLIIIFFAW09CA,0.0,0.0,0.0,,
金寧鄉,土地,寧湖三劃段156-10地號,68.9,農,,,1020929,土地1建物0車位0,,,其他,,,,0.0,0,0,0,有,無,424000,6154,,0.0,0,,RPPOMLQLIIIFFAW56CA,0.0,0.0,0.0,,
金寧鄉,土地,寧湖三劃段156-11地號,68.9,農,,,1020929,土地1建物0車位0,,,其他,,,,0.0,0,0,0,有,無,424000,6154,,0.0,0,,RPQOMLQLIIIFFAW66CA,0.0,0.0,0.0,,
金寧鄉,土地,寧湖三劃段156-12地號,68.9,農,,,1020929,土地1建物0車位0,,,其他,,,,0.0,0,0,0,有,無,424000,6154,,0.0,0,,RPROMLQLIIIFFAW76CA,0.0,0.0,0.0,,
金寧鄉,土地,寧湖三劃段156-13地號,68.9,農,,,1020929,土地1建物0車位0,,,其他,,,,0.0,0,0,0,有,無,424000,6154,,0.0,0,,RPSOMLQLIIIFFAW86CA,0.0,0.0,0.0,,
金寧鄉,土地,寧湖三劃段156-14地號,68.9,農,,,1020929,土地1建物0車位0,,,其他,,,,0.0,0,0,0,有,無,424000,6154,,0.0,0,,RPTOMLQLIIIFFAW96CA,0.0,0.0,0.0,,
金寧鄉,土地,寧湖三劃段156-15地號,68.9,農,,,1020929,土地1建物0車位0,,,其他,,,,0.0,0,0,0,有,無,424000,6154,,0.0,0,,RPUOMLQLIIIFFAW07CA,0.0,0.0,0.0,,
金寧鄉,土地,寧湖二劃測段106-1地號,272.19,農,,,1020912,土地3建物0車位0,,,其他,,,,0.0,0,0,0,有,無,2857995,10500,,0.0,0,縣府價購,RPPNMLPJJIIFFAW88CA,0.0,0.0,0.0,,
金沙鎮,土地,后宅測段1331地號,1549.97,農,,,1020909,土地3建物0車位0,,,其他,,,,0.0,0,0,0,有,無,2000000,1290,,0.0,0,,RPQNMLRKIIIFFAW66DA,0.0,0.0,0.0,,
金寧鄉,土地,寧湖二劃測段176地號,3067.85,農,,,1021002,土地4建物0車位0,,,其他,,,,0.0,0,0,0,有,無,36800000,11995,,0.0,0,,RPSNMLSKIIIFFAW86CA,0.0,0.0,0.0,,
金寧鄉,土地,湖下村段234地號,1176.54,其他,,,1021002,土地2建物0車位0,,,其他,,,,0.0,0,0,0,有,無,8080000,6868,,0.0,0,,RPTNMLSKIIIFFAW96CA,0.0,0.0,0.0,,
金寧鄉,土地,寧古劃段222地號,500.0,其他,,,1020924,土地1建物0車位0,,,其他,,,,0.0,0,0,0,有,無,600000,1200,,0.0,0,,RPPNMLRKIIIFFAW09CA,0.0,0.0,0.0,,
金寧鄉,土地,寧湖二劃測段171地號,1000.0,農,,,1021002,土地1建物0車位0,,,其他,,,,0.0,0,0,0,有,無,12000000,12000,,0.0,0,,RPPNMLSKIIIFFAW56CA,0.0,0.0,0.0,,
金寧鄉,土地,寧湖二劃測段170地號,1627.14,農,,,1021002,土地2建物0車位0,,,其他,,,,0.0,0,0,0,有,無,19525000,12000,,0.0,0,,RPQNMLSKIIIFFAW66CA,0.0,0.0,0.0,,
金沙鎮,土地,沙港劃段439地號,1000.02,農,,,1021009,土地1建物0車位0,,,其他,,,,0.0,0,0,0,有,無,4400000,4400,,0.0,0,,RPSNMLNLIIIFFAW09CA,0.0,0.0,0.0,,
金沙鎮,土地,沙港劃段115地號,1000.03,農,,,1021016,土地1建物0車位0,,,其他,,,,0.0,0,0,0,有,無,4000000,4000,,0.0,0,,RPQNMLLLIIIFFAW78DA,0.0,0.0,0.0,,
金沙鎮,土地,沙田劃段391地號,880.0,農,,,1021016,土地1建物0車位0,,,其他,,,,0.0,0,0,0,有,無,2350000,2670,,0.0,0,,RPVNMLLLIIIFFAW66DA,0.0,0.0,0.0,,
金沙鎮,土地,陽宅段546地號,530.1,農,,,1021016,土地1建物0車位0,,,其他,,,,0.0,0,0,0,有,無,1350000,2547,,0.0,0,,RPWNMLLLIIIFFAW76DA,0.0,0.0,0.0,,
金湖鎮,土地,湖前段1415地號,154.82,其他,,,1021011,土地2建物0車位0,,,其他,,,,0.0,0,0,0,有,無,6414600,41433,,0.0,0,,RPOOMLMKJIIFFAW68CA,0.0,0.0,0.0,,
金城鎮,房地(土地+建物),金門縣金城鎮西海路3段39巷2弄18號2樓,33.2,住,,,1021009,土地1建物1車位0,二層,三層,公寓(5樓含以下無電梯),住家用,鋼筋混凝土加強磚造,0831008,99.41,3,2,1,有,無,4120000,41445,,0.0,0,,RPRNMLPLIIIFFAW66DA,90.67,0.0,8.74,,
金城鎮,土地,賢厝段378地號,362.0,農,,,1021015,土地1建物0車位0,,,其他,,,,0.0,0,0,0,有,無,550000,1519,,0.0,0,,RPPNMLOLIIIFFAW88CA,0.0,0.0,0.0,,
金沙鎮,土地,浦邊測段1245-1地號,792.88,其他,,,1020925,土地1建物0車位0,,,其他,,,,0.0,0,0,0,有,無,1200000,1513,,0.0,0,,RPPOMLPLIIIFFAW09CA,0.0,0.0,0.0,,
金寧鄉,土地,赤岑段654地號,355.69,農,,,1020926,土地1建物0車位0,,,其他,,,,0.0,0,0,0,有,無,889000,2499,,0.0,0,,RPSNMLOLIIIFFAW56CA,0.0,0.0,0.0,,
金寧鄉,土地,赤岑段1069地號,825.17,農,,,1020926,土地1建物0車位0,,,其他,,,,0.0,0,0,0,有,無,2062900,2500,,0.0,0,,RPTNMLOLIIIFFAW66CA,0.0,0.0,0.0,,
金寧鄉,土地,赤岑段510地號,313.62,農,,,1021007,土地1建物0車位0,,,其他,,,,0.0,0,0,0,有,無,784000,2500,,0.0,0,,RPUNMLOLIIIFFAW76CA,0.0,0.0,0.0,,
金湖鎮,房地(土地+建物),金門縣金湖鎮士校路６０７號,98.61,住,,,1021009,土地1建物1車位0,全,三層,透天厝,住家用,鋼筋混凝土造,1020304,185.51,5,2,5,有,無,7200000,38812,,0.0,0,,RPVOMLQLIIIFFAW17CA,178.32,0.0,7.19,,
金湖鎮,土地,新頭段735-28地號,451.75,住,,,1021021,土地2建物0車位0,,,其他,,,,0.0,0,0,0,有,無,19200000,42501,,0.0,0,,RPUNMLLKJIIFFAW09CA,0.0,0.0,0.0,,
金寧鄉,土地,北四劃段24地號,733.0,農,,,1020924,土地1建物0車位0,,,其他,,,,0.0,0,0,0,有,無,2250000,3070,,0.0,0,,RPPNMLNLIIIFFAW88DA,0.0,0.0,0.0,,
金寧鄉,土地,北四劃段25地號,733.0,農,,,1020924,土地1建物0車位0,,,其他,,,,0.0,0,0,0,有,無,2250000,3070,,0.0,0,,RPQNMLNLIIIFFAW98DA,0.0,0.0,0.0,,
金城鎮,土地,小西門劃測段1497地號,3036.51,農,,,1021011,土地7建物0車位0,,,其他,,,,0.0,0,0,0,有,無,5784700,1905,,0.0,0,,RPRNMLOLIIIFFAW56DA,0.0,0.0,0.0,,
金城鎮,土地,中一段230地號,503.08,農,,,1021002,土地1建物0車位0,,,其他,,,,0.0,0,0,0,有,無,4000000,7951,,0.0,0,,RPQNMLPJJIIFFAW98CA,0.0,0.0,0.0,,
金沙鎮,土地,榮湖段675地號,884.86,農,,,1021015,土地1建物0車位0,,,其他,,,,0.0,0,0,0,有,無,1600000,1808,,0.0,0,,RPRNMLPJJIIFFAW09CA,0.0,0.0,0.0,,
金城鎮,房地(土地+建物),金門縣金城鎮金門城30-5號樓,63.57,其他,,,1021007,土地1建物1車位0,三層,三層,公寓(5樓含以下無電梯),,,1000125,97.67,3,1,2,有,無,4500000,46074,,0.0,0,,RPQNMLOJJIIFFAW98DA,78.61,0.0,10.39,,
金湖鎮,土地,尚義段415地號,425.97,農,,,1021014,土地1建物0車位0,,,其他,,,,0.0,0,0,0,有,無,766000,1798,,0.0,0,,RPXNMLPLIIIFFAW17CA,0.0,0.0,0.0,,
金城鎮,房地(土地+建物),金門縣金城鎮民權路226巷4弄6號2樓,30.56,住,,,1021015,土地1建物1車位0,二層,七層,華廈(10層含以下有電梯),集合住宅,鋼筋混凝土造,1020319,114.12,3,2,2,有,無,9100000,79741,,0.0,0,,RPOOMLPLIIIFFAW98CA,83.96,0.0,10.56,,
金寧鄉,土地,北四劃段321地號,480.0,農,,,1021015,土地1建物0車位0,,,其他,,,,0.0,0,0,0,有,無,1500000,3125,,0.0,0,,RPQNMLSLIIIFFAW76CA,0.0,0.0,0.0,,
金寧鄉,土地,盤山村段79地號,134.0,其他,,,1021008,土地1建物0車位0,,,其他,,,,0.0,0,0,0,有,無,2800000,20896,,0.0,0,,RPUNMLPLIIIFFAW86CA,0.0,0.0,0.0,,
金城鎮,土地,祥和段432地號,140.01,其他,,,1021015,土地2建物0車位0,,,其他,,,,0.0,0,0,0,有,無,5800000,41426,,0.0,0,,RPVNMLPLIIIFFAW96CA,0.0,0.0,0.0,,
金城鎮,土地,祥和段419地號,292.29,其他,,,1021014,土地3建物0車位0,,,其他,,,,0.0,0,0,0,有,無,5800000,19843,,0.0,0,,RPWNMLPLIIIFFAW07CA,0.0,0.0,0.0,,
金城鎮,房地(土地+建物),金門縣金城鎮莒光路178號,78.06,商,,,1021017,土地2建物1車位0,全,二層,透天厝,住商用,鋼筋混凝土加強磚造,0820318,165.17,2,1,2,有,無,27000000,163468,,0.0,0,,RPTNMLPLIIIFFAW86DA,0.0,0.0,0.0,,
金寧鄉,土地,安西劃段903地號,1080.58,農,,,1021012,土地1建物0車位0,,,其他,,,,0.0,0,0,0,有,無,8000000,7403,,0.0,0,,RPSNMLTKJIIFFAW17DA,0.0,0.0,0.0,,
金寧鄉,土地,寧山段597地號,2058.11,農,,,1020926,土地2建物0車位0,,,其他,,,,0.0,0,0,0,有,無,10076506,4896,,0.0,0,,RPPNMLLKJIIFFAW58CA,0.0,0.0,0.0,,
金城鎮,土地,中一段156地號,1414.06,農,,,1020926,土地2建物0車位0,,,其他,,,,0.0,0,0,0,有,無,6923238,4896,,0.0,0,,RPQNMLLKJIIFFAW68CA,0.0,0.0,0.0,,
金城鎮,土地,中一段577-2地號,714.64,住,,,1021023,土地6建物0車位0,,,其他,,,,0.0,0,0,0,有,無,15000000,20990,,0.0,0,,RPWNMLLKJIIFFAW66CA,0.0,0.0,0.0,,
金城鎮,土地,中一段424-2地號,988.59,住,,,1021023,土地3建物0車位0,,,其他,,,,0.0,0,0,0,有,無,25000000,25289,,0.0,0,,RPVNMLLKJIIFFAW56CA,0.0,0.0,0.0,,
金城鎮,土地,小西門劃測段633地號,700.02,農,,,1020812,土地1建物0車位0,,,其他,,,,0.0,0,0,0,有,無,7000000,10000,,0.0,0,,RPUNMLTKJIIFFAW37DA,0.0,0.0,0.0,,
金寧鄉,土地,寧湖三劃段283地號,1220.0,農,,,1021012,土地1建物0車位0,,,其他,,,,0.0,0,0,0,有,無,8000000,6557,,0.0,0,,RPWNMLTKJIIFFAW57DA,0.0,0.0,0.0,,
金寧鄉,土地,寧劃段862地號,490.6,農,,,1021009,土地1建物0車位0,,,其他,,,,0.0,0,0,0,有,無,1450000,2956,,0.0,0,,RPPNMLSLIIIFFAW66CA,0.0,0.0,0.0,,
金城鎮,土地,東紅山段884地號,801.78,其他,,,1020925,土地2建物0車位0,,,其他,,,,0.0,0,0,0,有,無,850000,1060,,0.0,0,,RPQNMLTLIIIFFAW86CA,0.0,0.0,0.0,,
金湖鎮,土地,中四劃段198地號,462.0,農,,,1021014,土地1建物0車位0,,,其他,,,,0.0,0,0,0,有,無,1200000,2597,,0.0,0,,RPPNMLKMIIIFFAW58CA,0.0,0.0,0.0,,
金沙鎮,土地,北九十劃段536地號,500.28,農,,,1021017,土地1建物0車位0,,,其他,,,,0.0,0,0,0,有,無,1180000,2359,,0.0,0,,RPVNMLTLIIIFFAW37CA,0.0,0.0,0.0,,
金沙鎮,土地,後山前段185地號,265.0,其他,,,1021017,土地1建物0車位0,,,其他,,,,0.0,0,0,0,有,無,1850000,6981,,0.0,0,,RPRNMLTLIIIFFAW96CA,0.0,0.0,0.0,,
金寧鄉,土地,安西劃段905地號,775.47,農,,,1021016,土地1建物0車位0,,,其他,,,,0.0,0,0,0,有,無,3000000,3869,,0.0,0,,RPSNMLTLIIIFFAW07CA,0.0,0.0,0.0,,
金湖鎮,土地,湖東劃段123地號,1000.0,農,,,1021009,土地1建物0車位0,,,其他,,,,0.0,0,0,0,有,無,1100000,1100,,0.0,0,,RPPNMLQKJIIFFAW09CA,0.0,0.0,0.0,,
金湖鎮,土地,塔后段1090-2地號,164.0,農,,,1020702,土地2建物0車位0,,,其他,,,,0.0,0,0,0,有,無,2500000,15244,,0.0,0,,RPQNMLPLJIIFFAW56CA,0.0,0.0,0.0,,
金寧鄉,土地,中山林段269地號,2064.87,農,,,1021018,土地1建物0車位0,,,其他,,,,0.0,0,0,0,有,無,4800000,2325,,0.0,0,,RPSNMLLKJIIFFAW88CA,0.0,0.0,0.0,,
金寧鄉,房地(土地+建物),金門縣金寧鄉頂堡７９之２號,41.0,其他,,,1020924,土地1建物1車位0,一層,三層,公寓(5樓含以下無電梯),,,1020722,75.38,3,1,2,有,無,4650000,61687,,0.0,0,,RPTNMLOJJIIFFAW56CA,69.42,0.0,0.0,,
金沙鎮,土地,中蘭劃測段31-1地號,190.3,農,,,1021025,土地1建物0車位0,,,其他,,,,0.0,0,0,0,有,無,570900,3000,,0.0,0,,RPTNMLTLIIIFFAW27DA,0.0,0.0,0.0,,
金城鎮,土地,珠山段1213地號,876.76,其他,,,1021025,土地1建物0車位0,,,其他,,,,0.0,0,0,0,有,無,6000000,6843,,0.0,0,,RPQNMLKMIIIFFAW78DA,0.0,0.0,0.0,,
金寧鄉,土地,寧古劃段925地號,500.0,農,,,1021024,土地1建物0車位0,,,其他,,,,0.0,0,0,0,有,無,1450000,2900,,0.0,0,,RPPNMLLMIIIFFAW78DA,0.0,0.0,0.0,,
金湖鎮,土地,中六劃段136地號,820.0,其他,,,1021018,土地1建物0車位0,,,其他,,,,0.0,0,0,0,有,無,7700000,9390,,0.0,0,,RPUNMLTLIIIFFAW27CA,0.0,0.0,0.0,,
金湖鎮,土地,太湖劃測段1708地號,500.02,農,,,1021015,土地1建物0車位0,,,其他,,,,0.0,0,0,0,有,無,1630000,3260,,0.0,0,,RPQNMLLMIIIFFAW78CA,0.0,0.0,0.0,,
烈嶼鄉,土地,東面山測段38地號,282.53,農,,,1021023,土地3建物0車位0,,,其他,,,,0.0,0,0,0,有,無,197771,700,,0.0,0,,RPPNMLMLJIIFFAW88DA,0.0,0.0,0.0,,
金寧鄉,房地(土地+建物),金門縣金寧鄉頂堡７９之２號二樓,41.0,其他,,,1020924,土地1建物1車位0,二層,三層,公寓(5樓含以下無電梯),,,1020722,82.16999999999999,3,1,2,有,無,4350000,52939,,0.0,0,,RPVNMLOJJIIFFAW76CA,69.42,0.0,6.79,,
金寧鄉,房地(土地+建物),金門縣金寧鄉頂堡７９之２號三樓,20.5,其他,,,1020924,土地1建物1車位0,三層,三層,公寓(5樓含以下無電梯),,,1020722,44.06,3,1,2,有,無,4460000,101226,,0.0,0,,RPXNMLOJJIIFFAW96CA,34.71,0.0,3.4,,
金寧鄉,房地(土地+建物),金門縣金寧鄉頂堡７９之３號,41.0,其他,,,1020924,土地1建物1車位0,一層,三層,公寓(5樓含以下無電梯),,,1020722,72.0,3,1,2,有,無,5800000,80556,,0.0,0,,RPPOMLOJJIIFFAW88CA,66.04,0.0,0.0,,
金寧鄉,房地(土地+建物),金門縣金寧鄉頂堡７９之３號二樓,41.0,其他,,,1020924,土地1建物1車位0,二層,三層,公寓(5樓含以下無電梯),,,1020722,80.07,3,1,2,有,無,5370000,67066,,0.0,0,,RPROMLOJJIIFFAW09CA,66.04,0.0,8.07,,
金寧鄉,房地(土地+建物),金門縣金寧鄉頂堡７９之３號三樓,41.0,其他,,,1020924,土地1建物1車位0,三層,三層,公寓(5樓含以下無電梯),,,1020722,80.07,3,1,2,有,無,5160000,64444,,0.0,0,,RPUOMLOJJIIFFAW76CA,66.04,0.0,8.07,,
金沙鎮,土地,後山前段215地號,1658.0,其他,,,1021003,土地3建物0車位0,,,其他,,,,0.0,0,0,0,有,無,7500000,4524,,0.0,0,,RPPNMLQJJIIFFAW98CA,0.0,0.0,0.0,,
金沙鎮,土地,西園段1275地號,721.0,農,,,1021003,土地1建物0車位0,,,其他,,,,0.0,0,0,0,有,無,15000000,20804,,0.0,0,,RPPNMLPKJIIFFAW98CA,0.0,0.0,0.0,,
金沙鎮,土地,沙溪一劃段577地號,920.0,農,,,1021003,土地1建物0車位0,,,其他,,,,0.0,0,0,0,有,無,5000000,5435,,0.0,0,,RPQNMLPKJIIFFAW09CA,0.0,0.0,0.0,,
金沙鎮,土地,北九十劃段700地號,1000.95,農,,,1021023,土地1建物0車位0,,,其他,,,,0.0,0,0,0,有,無,3200000,3197,,0.0,0,,RPRNMLPKJIIFFAW56CA,0.0,0.0,0.0,,
金湖鎮,土地,小徑段296地號,2844.92,其他,,,1021008,土地8建物0車位0,,,其他,,,,0.0,0,0,0,有,無,7484985,2631,,0.0,0,,RPPNMLLJJIIFFAW58DA,0.0,0.0,0.0,,
金城鎮,土地,水頭段214-1地號,353.17,農,,,1011115,土地2建物0車位0,,,其他,,,,0.0,0,0,0,有,無,4000000,11326,,0.0,0,,RPRNMLOJJIIFFAW98CA,0.0,0.0,0.0,,
