﻿編號,土地位置,土地移轉面積(平方公尺),使用分區或編定,權利人持分分母,權利人持分分子,移轉情形,地號
The serial number, land position,land shifting area square meter,the use zoning or compiles and checks,,,,land parcel
RPUOMLLJQHLFFCB28CC,協和段,3636.36,都市：工,,,,00160000
RPWNMLLJQHLFFAB18CC,麻園頭段,391.85,都市：商,,,,06630000
RPPPMLLJQHLFFCB87CC,豐富段,149.76,都市：住,,,,01530001
RPTOMLLJQHLFFAL98CC,豐原段,64.00,都市：商,,,,00250118
RPTOMLMJQHLFFAB08CC,柳川段一小段,1.57,都市：商,,,,00040000
RPTOMLMJQHLFFAB08CC,柳川段一小段,.36,都市：商,,,,00040006
RPROMLMJQHLFFAB87CC,土庫段,9.42,都市：住,,,,00570001
RPUOMLMJQHLFFCB38CC,黎明段,15.00,都市：住,,,,00310000
RPXOMLMJQHLFFCB68CC,下石碑段,16.82,都市：住,,,,09530002
RPROMLLJQHLFFCB97CC,民安段,1115.57,都市：住,,,,05520000
RPUNMLMJQHLFFAB08CC,樹子腳段,5.63,都市：住,,,,00390000
RPUPMLLJQHLFFBB28CC,東光段,70.00,都市：商,,,,04420014
RPVPMLMJQHLFFCB58CC,黎明段,11.74,都市：住,,,,03530000
RPPPMLNJQHLFFCB08CC,中正段,5.31,都市：商,,,,01550000
RPRPMLNJQHLFFCB28CC,中正段,5.91,都市：商,,,,01550000
RPPQMLMJQHLFFCB08CC,大新段,10.74,都市：商,,,,08440000
RPRNMLNJQHLFFCB08CC,西屯段,.00,都市：住,,,,15200001
RPTNMLNJQHLFFCB28CC,豐富段,128.58,都市：住,,,,00150000
RPPPMLMJQHLFFCB97CC,中義段,27.04,都市：住,,,,06560000
RPRPMLNJQHLFFBB18CC,東峰段,9.15,都市：商,,,,01580000
RPTPMLNJQHLFFBB38CC,東峰段,10.28,都市：商,,,,01580000
RPPQMLNJQHLFFBB08CC,東峰段,26.36,都市：商,,,,01580000
RPRQMLNJQHLFFBB28CC,邱厝子段,2.56,都市：商,,,,00310062
RPRQMLNJQHLFFBB28CC,賴厝?段,3.19,都市：商,,,,00310003
RPQQMLNJQHLFFBB18CC,邱厝子段,3.87,都市：商,,,,00310062
RPQQMLNJQHLFFBB18CC,賴厝?段,4.82,都市：商,,,,00310003
RPWQMLNJQHLFFBB78CC,邱厝子段,2.67,都市：商,,,,00310062
RPWQMLNJQHLFFBB78CC,賴厝?段,3.33,都市：商,,,,00310003
RPXQMLNJQHLFFBB88CC,邱厝子段,2.67,都市：商,,,,00310062
RPXQMLNJQHLFFBB88CC,賴厝?段,3.33,都市：商,,,,00310003
RPUOMLOJQHLFFCL96CC,銀聯段,50.50,都市：住,,,,02020002
RPVOMLOJQHLFFCB78DC,三塊厝段,11.85,都市：住,,,,11140000
RPPNMLOJQHLFFAL88DC,豐東段,70.14,都市：住,,,,00900000
RPWPMLOJQHLFFBB78CC,東信段,46.00,都市：住,,,,00170000
RPQPMLOJQHLFFBB18CC,中德段,.00,都市：住,,,,04660000
RPUPMLOJQHLFFBB58CC,水源段,.33,都市：住,,,,02300550
RPUPMLOJQHLFFBB58CC,水源段,13.44,都市：住,,,,02300634
RPROMLLJQHLFFBB87CC,賴厝?段,2.67,都市：商,,,,04380000
RPQOMLPJQHLFFBB28DC,東正段,111.00,都市：住,,,,00990011
RPPNMLPJQHLFFAB87CC,後?子段,4.67,都市：住,,,,02100010
RPTPMLNJQHLFFCB48CC,中正段,5.67,都市：商,,,,01550000
RPROMLOJQHLFFCB28CC,福德段,31.12,都市：住,,,,01410000
RPVPMLOJQHLFFCB78CC,國安段,15.46,都市：住,,,,05930005
RPOQMLPJQHLFFCB28CC,春社段,.00,都市：商,,,,01920000
RPRQMLNJQHLFFCB38CC,西屯段,5.00,都市：商,,,,30480007
RPRQMLNJQHLFFCB38CC,西屯段,59.00,都市：商,,,,30630002
RPQNMLQJQHLFFBB28DC,錦村段,.00,都市：住,,,,02130030
RPTNMLQJQHLFFCB58CC,信安段,59.52,都市：住,,,,11090000
RPSNMLQJQHLFFCB48CC,信安段,37.11,都市：住,,,,11090000
RPSOMLSJQHLFFCB78CC,上石碑段,65.00,都市：住,,,,08830005
RPSOMLSJQHLFFCB78CC,上石碑段,24.27,都市：住,,,,08830032
RPUOMLSJQHLFFCB98CC,上石碑段,.23,都市：商,,,,10390055
RPUOMLSJQHLFFCB98CC,上石碑段,11.14,都市：商,,,,27660000
RPPPMLSJQHLFFCB58CC,惠民段,13.08,都市：其他:第一種新市政中心專用區,,,,00840000
RPSPMLNJQHLFFCB38CC,上石碑段,5.16,都市：商,,,,17900000
RPSPMLNJQHLFFCB38CC,上石碑段,4.61,都市：商,,,,18000007
RPSNMLNJQHLFFHL07CC,樹孝段,109.05,都市：住,,,,09590000
RPSNMLNJQHLFFHL07CC,樹孝段,7.86,都市：住,,,,09600000
RPQNMLNJQHLFFHL86CC,新興段,30.24,都市：住,,,,00340000
RPQNMLNJQHLFFHL86CC,新興段,71.50,都市：住,,,,00340032
RPVNMLSJQHLFFAB88DC,後?子段,141.00,都市：住,,,,03000015
RPVPMLSJQHLFFBB09CC,建安段,124.54,都市：住,,,,11070000
RPRPMLSJQHLFFBB68CC,邱厝子段,70.00,都市：住,,,,01100046
RPUQMLOJQHLFFBB68CC,松昌段,14.32,都市：商,,,,06650000
RPUQMLOJQHLFFBB68CC,松昌段,1.46,都市：商,,,,06650001
RPOOMLSJQHLFFCL76CC,大庄段火燒橋小段,81.00,都市：住,,,,01950014
RPTNMLSJQHLFFFL47CC,學雅段,10.89,都市：住,,,,02060000
RPUNMLSJQHLFFFL57CC,上楓段,87.00,都市：工,,,,14420125
RPROMLSJQHLFFHL57CC,光明段,92.91,非都市：鄉村區 ; 非都市編定：乙種建築用地,,,,02490000
RPROMLTJQHLFFBB68CC,水源段,2.00,都市：住,,,,01260050
RPROMLTJQHLFFBB68CC,水源段,171.00,都市：住,,,,01260123
RPROMLTJQHLFFBB68CC,水源段,175.00,都市：住,,,,01260019
RPWPMLTJQHLFFBB66CC,松竹段,18.30,都市：住,,,,12330000
RPRQMLTJQHLFFBB88CC,松昌段,15.86,都市：住,,,,05770000
RPPQMLTJQHLFFCB78CC,中仁段,114.00,都市：住,,,,03810017
RPPQMLTJQHLFFCB78CC,中仁段,114.00,都市：住,,,,03810018
RPSPMLKKQHLFFCB18CC,中正段,8.49,都市：商,,,,01550000
RPTPMLKKQHLFFCB28CC,上石碑段,3.40,都市：商,,,,17900000
RPTPMLKKQHLFFCB28CC,上石碑段,3.04,都市：商,,,,18000007
RPOQMLSJQHLFFCB58CC,何安段,3.61,都市：住,,,,09730000
RPQQMLSJQHLFFCB78CC,上石碑段,19.67,都市：商,,,,09630000
RPVPMLKKQHLFFCB48CC,中正段,7.04,都市：商,,,,01550000
RPXPMLKKQHLFFCB68CC,中正段,5.27,都市：商,,,,01550000
RPPQMLKKQHLFFCB97CC,中正段,6.48,都市：商,,,,01550000
RPXOMLPJQHLFFAB78CC,下橋子頭段,1.83,都市：商,,,,02170014
RPVOMLSJQHLFFAB88CC,樹子腳段,5.80,都市：住,,,,00390000
RPSNMLTJQHLFFAB58CC,頂橋子頭段,158.00,都市：住,,,,04460008
RPOPMLPJQHLFFAB97CC,下橋子頭段,1.72,都市：商,,,,02170014
RPWOMLPJQHLFFAB68CC,下橋子頭段,3.80,都市：商,,,,02170014
RPUOMLKKQHLFFAB08CC,公館段,1.20,都市：住,,,,00620001
RPUOMLKKQHLFFAB08CC,公館段,1.04,都市：商,,,,00630001
RPXOMLKKQHLFFBB58DC,東峰段,17.84,都市：住,,,,01810000
RPXPMLKKQHLFFAB48CC,旱溪段,826.44,都市：住,,,,00230001
RPROMLLKQHLFFAB97DC,後?子段,9.00,都市：住,,,,01960008
RPROMLLKQHLFFAB97DC,後?子段,46.00,都市：住,,,,01960009
RPROMLLKQHLFFAB97DC,後?子段,16.00,都市：住,,,,01960010
RPROMLLKQHLFFAB97DC,後?子段,46.00,都市：住,,,,01810067
RPROMLLKQHLFFAB97DC,後?子段,20.00,都市：住,,,,01810007
RPROMLLKQHLFFAB97DC,後?子段,12.00,都市：住,,,,01810038
RPUOMLLKQHLFFCB38CC,中和段,152.92,都市：住,,,,03940000
RPSPMLLKQHLFFBB18CC,乾溝子段,9.49,都市：住,,,,01700049
RPSPMLLKQHLFFBB18CC,乾溝子段,.27,都市：住,,,,01730011
RPWNMLLKQHLFFBB38CC,太和段,25.74,都市：住,,,,02430000
RPSQMLKKQHLFFBB18CC,邱厝子段,2.39,都市：商,,,,00310062
RPSQMLKKQHLFFBB18CC,賴厝?段,2.97,都市：商,,,,00310003
RPTNMLLKQHLFFBB08CC,太原段,.00,都市：住,,,,01000000
RPXPMLKKQHLFFBB58CC,邱厝子段,2.59,都市：商,,,,00310062
RPXPMLKKQHLFFBB58CC,賴厝?段,3.23,都市：商,,,,00310003
RPQQMLKKQHLFFBB97CC,邱厝子段,2.56,都市：商,,,,00310062
RPQQMLKKQHLFFBB97CC,賴厝?段,3.19,都市：商,,,,00310003
RPUPMLKKQHLFFBB28CC,東峰段,11.13,都市：商,,,,01580000
RPPNMLMKQHLFFFL56CC,四德段,32.00,都市：其他:,,,,03230023
RPPNMLMKQHLFFFL56CC,四德段,57.00,都市：其他:,,,,03230014
RPOOMLPKQHLFFCB18CC,惠民段,15.60,都市：其他:新市政中心專用區,,,,01110000
RPPOMLPKQHLFFCB28CC,福安段,38.67,都市：住,,,,02250000
RPRQMLMKQHLFFCB38CC,民安段,.00,都市：住,,,,16750022
RPQOMLPKQHLFFCB38CC,惠民段,17.33,都市：其他:新市政專用中心,,,,01430001
RPWOMLPKQHLFFBB88CC,平田段,15.48,都市：其他:住及乙種工業區。,,,,01100000
RPWOMLPKQHLFFBB88CC,平田段,6.62,都市：住,,,,01100001
RPSOMLPKQHLFFBB48CC,水源段,26.00,都市：住,,,,02300635
RPPNMLOKQHLFFBB97CC,景東段,8.94,都市：住,,,,04230000
RPROMLPKQHLFFCB48CC,福安段,12.25,都市：住,,,,02250000
RPSOMLPKQHLFFCB58CC,福安段,31.25,都市：住,,,,02250000
RPQNMLPKQHLFFCL66CC,光華段,77.28,都市：住,,,,03970002
RPUOMLPKQHLFFCB78CC,保安段,14.23,都市：住,,,,06360000
RPWOMLPKQHLFFCB98CC,何安段,3.33,都市：住,,,,09730000
RPTOMLPKQHLFFCB68CC,惠國段,18.33,都市：其他:新市政中心專用區,,,,01840000
RPPQMLKKQHLFFBB87CC,邱厝子段,2.33,都市：商,,,,00310062
RPPQMLKKQHLFFBB87CC,賴厝?段,2.90,都市：商,,,,00310003
RPOPMLLKQHLFFCB87CC,田心段,2.80,都市：住,,,,05360007
RPOPMLLKQHLFFCB87CC,田心段,9.50,都市：住,,,,05370011
RPPOMLPKQHLFFAB08CC,後?子段,4.67,都市：住,,,,02100010
RPXNMLPKQHLFFAB78CC,麻園頭段,25.19,都市：住,,,,01300002
RPTNMLPKQHLFFAB38CC,公館段,1.51,都市：住,,,,00620001
RPTNMLPKQHLFFAB38CC,公館段,1.31,都市：住,,,,00630001
RPWNMLPKQHLFFAB68CC,後?子段,11.31,都市：住,,,,02170017
RPQNMLQKQHLFFHL27CC,育賢段,74.40,都市：住,,,,01310012
RPQNMLQKQHLFFFL17DC,民生段,111.78,都市：住,,,,08120000
RPOOMLQKQHLFFHL17CC,新興段,7.00,都市：住,,,,01130000
RPOOMLQKQHLFFHL17CC,新興段,81.89,都市：住,,,,01130032
RPTNMLQKQHLFFFL47DC,東寶五段,76.75,都市：農,,,,04780006
RPSNMLPKQHLFFAB28CC,公館段,1.47,都市：住,,,,00620001
RPSNMLPKQHLFFAB28CC,公館段,1.27,都市：住,,,,00630001
RPSOMLMKQHLFFAB08CC,樹子腳段,20.16,都市：住,,,,04410000
RPQPMLQKQHLFFCB58CC,中仁段,76.00,都市：住,,,,05570003
RPPOMLQKQHLFFBB28CC,陳平段,13.90,都市：住,,,,00170000
RPOPMLRKQHLFFBB38CC,邱厝子段,8.69,都市：住,,,,00270035
RPRNMLRKQHLFFBB58DC,東峰段,9.89,都市：住,,,,00040000
RPVNMLRKQHLFFCB98CC,南屯段,.00,都市：住,,,,06060000
RPSNMLRKQHLFFHL57CC,宜欣段,.06,都市：住,,,,00800000
RPSNMLRKQHLFFHL57CC,宜欣段,24.85,都市：住,,,,00670000
RPQOMLPKQHLFFAB18CC,後?子段,41.79,都市：住,,,,02100010
RPQOMLPKQHLFFAB18CC,後?子段,41.79,都市：住,,,,02100010
RPRNMLSKQHLFFHL57CC,新高段,2.15,都市：商,,,,05040000
RPRNMLSKQHLFFHL57CC,新高段,8.62,都市：商,,,,05030000
RPRNMLSKQHLFFHL57CC,新高段,58.92,都市：商,,,,05020000
RPTNMLSKQHLFFCL27CC,三田段,134.00,都市：住,,,,14240002
RPXNMLSKQHLFFCL67CC,梧棲段,6.76,都市：住,,,,31450001
RPUNMLSKQHLFFBB98DC,東新段,8.85,都市：住,,,,00350000
RPWNMLSKQHLFFBB56DC,賴厝?段,6.98,都市：住,,,,01120072
RPVNMLSKQHLFFIL08CC,遊園段,2538.66,非都市：鄉村區 ; 非都市編定：乙種建築用地,,,,02430000
RPUNMLQKQHLFFCL17CC,光華段,39.00,都市：住,,,,07030000
RPUNMLQKQHLFFCL17CC,光華段,49.00,都市：住,,,,07040000
RPQOMLSKQHLFFAB68EC,城隍段八小段,22.26,都市：住,,,,00060013
RPOOMLSKQHLFFCB48CC,中正段,24.31,都市：商,,,,01550001
RPSOMLSKQHLFFCB88CC,西屯段,15.59,都市：住,,,,23130002
RPPOMLQKQHLFFCB48DC,上石碑段,363.00,都市：住,,,,05290000
RPRNMLQKQHLFFCB58DC,大墩段,.00,非都市： ; 非都市編定：,,,,04630000
RPOOMLSKQHLFFBB38CC,太和段,23.92,都市：住,,,,00300000
RPQQMLTKQHLFFCB98CC,惠民段,31.47,都市：其他:第五種新市政中心專用區,,,,01380000
RPUNMLMLQHLFFCB48CC,下石碑段,90.00,都市：住,,,,03150000
RPOQMLTKQHLFFCB78CC,田心段,21.09,都市：商,,,,10320000
RPTOMLSKQHLFFCB98CC,西屯段,18.79,都市：住,,,,23130002
RPUPMLMLQHLFFCB68CC,保安段,.00,都市：住,,,,06840000
RPUPMLMLQHLFFCB68CC,保安段,.00,都市：商,,,,06970000
RPXPMLMLQHLFFCB98CC,中正段,5.99,都市：商,,,,01550000
RPWPMLMLQHLFFCB88CC,中正段,8.13,都市：商,,,,01550000
RPOQMLMLQHLFFCB18CC,中正段,7.04,都市：商,,,,01550000
RPXNMLMLQHLFFBB68CC,東新段,.00,都市：住,,,,01530000
RPPQMLMLQHLFFCB28CC,中正段,5.67,都市：商,,,,01550000
RPVPMLMLQHLFFCB78CC,中正段,5.31,都市：商,,,,01550000
RPQOMLRKQHLFFAB38CC,半平厝段,.00,都市：住,,,,20640000
RPQOMLRKQHLFFAB38CC,半平厝段,.00,都市：住,,,,20650000
RPQOMLRKQHLFFAB38CC,半平厝段,.00,都市：住,,,,05110000
RPQPMLPKQHLFFAB28CC,旱溪段,826.44,都市：住,,,,00230001
RPROMLPKQHLFFAB28CC,麻園頭段,29.59,都市：住,,,,01730023
RPSNMLRKQHLFFAB48CC,麻園頭段,82.00,都市：住,,,,02640001
RPSNMLSKQHLFFAB58CC,下橋子頭段,16.35,都市：其他:,,,,02310001
RPTOMLSKQHLFFAB78CC,柳川段一小段,1.57,都市：商,,,,00040000
RPTOMLSKQHLFFAB78CC,柳川段一小段,.36,都市：商,,,,00040006
RPUNMLMLQHLFFHL37CC,振文段,97.04,都市：住,,,,02660000
RPUNMLMLQHLFFHL37CC,振文段,80.39,都市：住,,,,02670000
RPUNMLMLQHLFFAB28CC,後?子段,28.00,都市：住,,,,02200001
RPUNMLMLQHLFFAB28CC,後?子段,707.00,都市：住,,,,02200010
RPTQMLMLQHLFFBB58CC,邱厝子段,2.76,都市：商,,,,00310062
RPTQMLMLQHLFFBB58CC,賴厝?段,3.44,都市：商,,,,00310003
RPSQMLMLQHLFFBB48CC,邱厝子段,3.36,都市：商,,,,00310062
RPSQMLMLQHLFFBB48CC,賴厝?段,4.18,都市：商,,,,00310003
RPQQMLMLQHLFFBB28CC,邱厝子段,2.56,都市：商,,,,00310062
RPQQMLMLQHLFFBB28CC,賴厝?段,3.19,都市：商,,,,00310003
RPRQMLMLQHLFFBB38CC,邱厝子段,2.80,都市：商,,,,00310062
RPRQMLMLQHLFFBB38CC,賴厝?段,3.49,都市：商,,,,00310003
RPPOMLMLQHLFFBB08DC,賴厝?段,28.13,都市：商,,,,00280003
RPSOMLNLQHLFFBB48DC,太原段,22.10,都市：住,,,,01340000
RPWNMLNLQHLFFBB68CC,賴厝?段,.00,都市：住,,,,00600035
RPWNMLNLQHLFFBB68CC,賴厝?段,.00,都市：住,,,,00600036
RPQNMLNLQHLFFBB18DC,邱厝子段,3.80,都市：住,,,,00310058
RPQNMLNLQHLFFBB18DC,邱厝子段,26.70,都市：住,,,,00330127
RPUOMLNLQHLFFBB58CC,東峰段,9.24,都市：商,,,,01580000
RPVOMLNLQHLFFBB68CC,東峰段,6.84,都市：商,,,,01580000
RPSOMLNLQHLFFCB48CC,上石碑段,12.84,都市：住,,,,16170000
RPOOMLNLQHLFFGL86CC,新榮泉段,20.04,都市：住,,,,01420000
RPPNMLNLQHLFFGL86CC,成功段,275.84,都市：工,,,,17520000
RPUOMLNLQHLFFCB68CC,上石碑段,13.36,都市：商,,,,26800000
RPQOMLNLQHLFFCB28CC,惠民段,5.76,都市：其他:第六種新市政中心專用區,,,,01090000
RPWOMLNLQHLFFCB88CC,大墩段,6.67,都市：住,,,,04700000
RPOPMLNLQHLFFCB18CC,上石碑段,69.00,都市：商,,,,13930000
RPSPMLNLQHLFFCB58CC,惠安段,.00,非都市： ; 非都市編定：,,,,02730008
RPSPMLNLQHLFFCB58CC,惠安段,.00,非都市： ; 非都市編定：,,,,02730013
RPXPMLOLQHLFFBB56DC,同榮段,69.00,都市：住,,,,24900039
RPTNMLOLQHLFFCB58CC,中正段,8.49,都市：住,,,,01550000
RPSNMLOLQHLFFAB28CC,麻園頭段,12.91,都市：住,,,,01320000
RPTNMLPLQHLFFAB48CC,大益段,73.00,都市：住,,,,03810004
RPSOMLPLQHLFFAB48CC,大益段,103.00,都市：住,,,,01150003
RPUNMLPLQHLFFAB58CC,公館段,61.00,都市：住,,,,01560059
RPUNMLPLQHLFFAB58CC,公館段,13.00,都市：住,,,,01560062
RPTNMLPLQHLFFIL67CC,東園段,55.25,非都市：鄉村區 ; 非都市編定：乙種建築用地,,,,02510000
RPTOMLPLQHLFFHL67CC,樹德段,71.22,都市：住,,,,03780000
RPVOMLPLQHLFFCB98CC,中正段,5.63,都市：商,,,,01550000
RPXOMLPLQHLFFCB56CC,中正段,5.27,都市：商,,,,01550000
RPQNMLPLQHLFFAB28DC,下橋子頭段,200.00,都市：商,,,,01340000
RPOPMLPLQHLFFCB38CC,中正段,5.99,都市：商,,,,01550000
RPXOMLNLQHLFFAB78CC,麻園頭段,.00,非都市： ; 非都市編定：,,,,01300002
RPPOMLNLQHLFFAB97CC,下橋子頭段,1.65,都市：商,,,,02170014
RPXNMLNLQHLFFAB68CC,下橋子頭段,5.98,都市：商,,,,02170014
RPVNMLMLQHLFFAB38CC,後?子段,28.00,都市：住,,,,02200001
RPVNMLMLQHLFFAB38CC,後?子段,707.00,都市：住,,,,02200010
RPSOMLNLQHLFFAB28CC,下橋子頭段,1.88,都市：商,,,,02170014
RPWNMLNLQHLFFAB58CC,下橋子頭段,1.72,都市：商,,,,02170014
RPROMLPLQHLFFBB48CC,賴厝?段,5.05,都市：住,,,,03340000
RPXOMLPLQHLFFBB09CC,邱厝子段,3.82,都市：商,,,,00310062
RPXOMLPLQHLFFBB09CC,賴厝?段,4.75,都市：商,,,,00310003
RPWNMLQLQHLFFBB98CC,東山段,16.14,都市：住,,,,03270000
RPXNMLQLQHLFFBB09CC,東山段,16.14,都市：住,,,,03270000
RPOOMLQLQHLFFBB28CC,平田段,12.43,都市：住,,,,01000000
RPOOMLQLQHLFFBB28CC,平田段,2.29,都市：住,,,,01000001
RPUNMLQLQHLFFBB88DC,水源段,47.52,都市：住,,,,02340003
RPVNMLQLQHLFFCB09DC,何安段,4.51,都市：住,,,,09730000
RPVOMLTLQHLFFCB86DC,上石碑段,53.00,都市：住,,,,10300019
RPVOMLTLQHLFFCB86DC,上石碑段,66.00,都市：住,,,,10310009
RPUOMLTLQHLFFBB66DC,平田段,9942.00,都市：住,,,,02440000
RPPNMLTLQHLFFAL96DC,車路墘段車路墘小段,25.01,都市：住,,,,00270004
RPSNMLTLQHLFFIL08DC,龍田段,710.00,都市：農,,,,17780000
RPSNMLTLQHLFFIL08DC,龍田段,470.00,都市：農,,,,17780003
RPVNMLTLQHLFFCL67CC,南簡段,125.00,都市：住,,,,04030032
RPVNMLTLQHLFFCL67CC,南簡段,49.00,都市：住,,,,04030001
RPWOMLPLQHLFFBB98CC,東峰段,6.84,都市：商,,,,01580000
RPQNMLTLQHLFFFL47CC,栗林段,429.75,都市：住,,,,06180000
RPSOMLTLQHLFFAB88CC,重慶段三小段,.00,都市：商,,,,00220000
RPPPMLKMQHLFFAB87CC,頂橋子頭段,10.96,都市：商,,,,01030002
RPQNMLKMQHLFFCL98CC,鰲峰段,89.00,都市：商,,,,00170000
RPUNMLKMQHLFFGL17CC,光日段,18.46,都市：住,,,,01190000
RPXOMLKMQHLFFAB68DC,麻園頭段,13.05,都市：商,,,,00020024
RPVNMLLMQHLFFAL86DC,福興段,88.90,都市：農,,,,06840000
RPTOMLLMQHLFFBB48DC,東峰段,9.89,都市：住,,,,00040000
RPRNMLLMQHLFFGL96CC,東榮段,106.32,都市：住,,,,07430000
RPRNMLLMQHLFFGL96CC,東榮段,106.57,都市：住,,,,07440000
RPTNMLLMQHLFFAB18CC,下橋子頭段,1.74,都市：商,,,,02170014
RPVNMLLMQHLFFAB38CC,下橋子頭段,1.74,都市：商,,,,02170014
RPOOMLLMQHLFFAB77CC,下橋子頭段,1.74,都市：商,,,,02170014
RPRPMLLMQHLFFAB18CC,柳川段一小段,1.57,都市：商,,,,00040000
RPRPMLLMQHLFFAB18CC,柳川段一小段,.36,都市：商,,,,00040006
RPSPMLLMQHLFFAB28CC,柳川段一小段,1.57,都市：商,,,,00040000
RPSPMLLMQHLFFAB28CC,柳川段一小段,.36,都市：商,,,,00040006
RPTPMLKMQHLFFCB48CC,保安段,12.81,都市：住,,,,06360000
RPOOMLLMQHLFFCB97CC,惠民段,17.42,都市：商,,,,00040000
RPVPMLKMQHLFFCB68CC,惠信段,8.17,都市：住,,,,00550000
RPTOMLLMQHLFFCB48CC,下石碑段,17.60,都市：住,,,,09530002
RPSPMLLJRHLFFCB38DC,信安段,11.15,都市：住,,,,05930002
RPOPMLLJRHLFFCB87CC,民安段,15.49,都市：住,,,,18860002
RPRNMLMJRHLFFBB08DC,東義段,75.00,都市：住,,,,01250010
RPUOMLLMQHLFFBB48CC,賴厝?段,2.67,都市：商,,,,04380000
RPXOMLLMQHLFFBB78CC,松觀段,22.12,都市：住,,,,06070000
RPTPMLMJRHLFFCB48CC,大進段,16.25,都市：商,,,,08580000
RPWQMLMJRHLFFCB88CC,惠民段,11.03,都市：其他:第六種新市政中心專用區,,,,01110000
RPQNMLOJRHLFFAB97CC,下橋子頭段,1.83,都市：商,,,,02170014
RPTPMLMJRHLFFAB28CC,麻園頭段,19.03,都市：住,,,,01300002
RPRPMLMJRHLFFAB08CC,麻園頭段,16.16,都市：住,,,,01320000
RPRNMLOJRHLFFAB08CC,下橋子頭段,1.72,都市：商,,,,02170014
RPSNMLOJRHLFFAB18CC,下橋子頭段,1.76,都市：商,,,,02170014
RPQNMLPJRHLFFAL09CC,永豐段,140.01,都市：工,,,,07090002
RPRNMLPJRHLFFFL07CC,大新段,69.69,都市：住,,,,06650019
RPUNMLPJRHLFFAL86CC,豐原段,49.00,都市：工,,,,00090062
RPVNMLOJRHLFFAB48CC,下橋子頭段,1.87,都市：商,,,,02170014
RPWNMLKMQHLFFCB58CC,大新段,15.83,都市：住,,,,06880000
RPOPMLTLQHLFFCB78CC,西屯段,.00,都市：商,,,,20200013
RPUNMLOJRHLFFAB38CC,下橋子頭段,1.72,都市：商,,,,02170014
RPWPMLTLQHLFFCB96CC,民安段,71.55,都市：住,,,,08080001
RPWPMLTLQHLFFCB96CC,民安段,1.60,都市：住,,,,08080032
RPWPMLTLQHLFFCB96CC,民安段,1.24,都市：住,,,,08080033
RPWPMLTLQHLFFCB96CC,民安段,1.23,都市：住,,,,08080034
RPWPMLTLQHLFFCB96CC,民安段,3.71,都市：住,,,,08080043
RPWPMLTLQHLFFCB96CC,民安段,13.51,都市：住,,,,10040000
RPPQMLQLQHLFFCB68CC,國安段,16.36,都市：住,,,,02920000
RPOQMLQLQHLFFCB58CC,國安段,20.16,都市：住,,,,00120012
RPQNMLPJRHLFFHL27DC,萬福段,78.52,非都市：鄉村區 ; 非都市編定：乙種建築用地,,,,05770000
RPTNMLPJRHLFFHL57DC,三汴段,126.56,都市：住,,,,05800000
RPSNMLPJRHLFFHL47DC,洪厝段,2.10,非都市：鄉村區 ; 非都市編定：乙種建築用地,,,,03470000
RPSNMLPJRHLFFHL47DC,洪厝段,23.65,非都市：鄉村區 ; 非都市編定：乙種建築用地,,,,03510000
RPPOMLQJRHLFFAB18CC,平和段,2.60,都市：商,,,,00500000
RPQOMLQJRHLFFCB48CC,中正段,7.84,都市：住,,,,01550000
RPXPMLQJRHLFFCB66CC,大明段,34.33,都市：住,,,,00160000
RPVOMLQJRHLFFAB78CC,樹子腳段,1.93,都市：住,,,,00390000
RPRNMLQJRHLFFCB48CC,大新段,99.00,都市：住,,,,05490004
RPOPMLQJRHLFFBB28CC,水源段,54.00,都市：住,,,,02300449
RPVPMLQJRHLFFCB09CC,大明段,34.33,都市：住,,,,00160000
RPRPMLQJRHLFFBB58CC,水源段,48.00,都市：住,,,,02300524
RPRPMLQJRHLFFBB58CC,水源段,48.00,都市：住,,,,02300525
RPSQMLQJRHLFFCB88CC,中正段,5.51,都市：商,,,,01550000
RPWOMLQJRHLFFBB98CC,水源段,54.00,都市：住,,,,02300448
RPTQMLQJRHLFFCB98CC,中正段,5.63,都市：商,,,,01550000
RPSQMLQJRHLFFBB78CC,松觀段,22.12,都市：住,,,,06070000
RPQQMLQJRHLFFBB58CC,邱厝子段,2.91,都市：商,,,,00310062
RPQQMLQJRHLFFBB58CC,賴厝?段,3.63,都市：商,,,,00310003
RPWQMLQJRHLFFBB56CC,錦村段,.00,都市：商,,,,02130006
RPXRMLQJRHLFFBB76CC,東峰段,6.42,都市：商,,,,01580000
RPRRMLQJRHLFFBB78CC,東峰段,6.34,都市：商,,,,01580000
RPORMLQJRHLFFBB48CC,邱厝子段,3.54,都市：商,,,,00310062
RPORMLQJRHLFFBB48CC,賴厝?段,4.41,都市：商,,,,00310003
RPTRMLQJRHLFFBB98CC,東峰段,9.49,都市：商,,,,01580000
RPPNMLRJRHLFFCB38CC,惠安段,159.52,都市：住,,,,00470000
RPRNMLRJRHLFFCB58CC,豐業段,159.93,都市：住,,,,00700016
RPSNMLRJRHLFFCB68CC,中正段,5.99,都市：住,,,,01550000
RPTNMLRJRHLFFCB78CC,大進段,5.68,都市：住,,,,06170000
RPUNMLQLQHLFFCB88CC,大新段,196.00,都市：住,,,,06590000
RPOOMLQJRHLFFFL96CC,三和段,.00,都市：其他:,,,,09970018
RPOOMLQJRHLFFFL96CC,三和段,.00,都市：其他:,,,,10000018
RPOOMLQJRHLFFFL96CC,三和段,.00,都市：其他:,,,,11080012
RPOOMLQJRHLFFFL96CC,三和段,.00,都市：其他:,,,,11150008
RPUNMLQJRHLFFFL47CC,甘潭段,104.46,都市：住,,,,03060000
RPSNMLPJRHLFFFL17CC,大新段,90.81,都市：住,,,,00360021
RPUOMLRJRHLFFAB78CC,後?子段,11.57,都市：住,,,,02250011
RPSNMLRJRHLFFGL47CC,東湖段,98.22,都市：住,,,,01970006
RPSNMLRJRHLFFGL47CC,東湖段,1.86,都市：住,,,,01970031
RPSNMLRJRHLFFGL47CC,東湖段,9.30,都市：住,,,,01970032
RPVNMLRJRHLFFHL97DC,宜欣段,5.02,都市：住,,,,21440000
RPWNMLRJRHLFFHL08DC,宜欣段,4.81,都市：住,,,,21440000
RPXNMLRJRHLFFHL18DC,宜欣段,4.29,都市：住,,,,21440000
RPXNMLSJRHLFFAB09CC,樹子腳段,27.32,都市：住,,,,00670009
RPPOMLSJRHLFFAB38CC,麻園頭段,39.01,都市：住,,,,01730023
RPQOMLSJRHLFFAB48CC,大益段,58.99,都市：住,,,,04950000
RPPPMLSJRHLFFAB48CC,後?子段,.00,都市：住,,,,01460005
RPPPMLSJRHLFFAB48CC,後?子段,.00,都市：住,,,,01470000
RPROMLSJRHLFFCB78CC,福順段,6.28,都市：住,,,,01660000
RPROMLSJRHLFFCB78CC,福順段,24.43,都市：住,,,,01670000
RPQOMLSJRHLFFCB68CC,上石碑段,22.00,都市：住,,,,26320000
RPQQMLRJRHLFFCB78CC,福順段,24.88,都市：住,,,,01670000
RPUPMLRJRHLFFCB09CC,上石碑段,.19,都市：住,,,,26710016
RPUPMLRJRHLFFCB09CC,上石碑段,.00,都市：住,,,,26730001
RPUPMLRJRHLFFCB09CC,上石碑段,3.32,都市：住,,,,26780000
RPUPMLRJRHLFFCB09CC,上石碑段,.61,都市：住,,,,26790002
RPUPMLRJRHLFFCB09CC,上石碑段,13.73,都市：住,,,,26800000
RPUPMLRJRHLFFCB09CC,上石碑段,.23,都市：住,,,,26930001
RPXNMLRJRHLFFCB56CC,中正段,6.75,都市：住,,,,01550000
RPTPMLRJRHLFFCB98CC,國安段,19.14,都市：住,,,,00120015
RPSOMLSJRHLFFCB88CC,中正段,9.37,都市：商,,,,01550000
RPXOMLSJRHLFFCB76CC,大進段,2.60,都市：住,,,,02500000
RPSPMLTJRHLFFCB09CC,惠國段,.00,都市：其他:新六,,,,01540000
RPXNMLTJRHLFFAB56CC,麻園頭段,19.48,都市：住,,,,00220000
RPQOMLTJRHLFFAB58CC,麻園頭段,18.56,都市：住,,,,01300002
RPVNMLKKRHLFFAL56CC,山皮段,847.00,都市：農,,,,02020002
RPXNMLKKRHLFFHL47CC,德興段,21.48,都市：住,,,,00020000
RPPNMLKKRHLFFCL78CC,三民段,62.00,都市：住,,,,00850082
RPPNMLKKRHLFFCL78CC,三民段,9.00,都市：住,,,,00850106
RPWNMLKKRHLFFCB48CC,黎明段,15.54,都市：住,,,,01030000
RPXNMLKKRHLFFCB58CC,黎明段,16.43,都市：住,,,,01030000
RPXOMLKKRHLFFCB68CC,中正段,9.49,都市：商,,,,01550000
RPROMLSJRHLFFBB68CC,東義段,84.87,都市：住,,,,01110000
RPPOMLTJRHLFFBB58CC,水源段,.00,都市：商,,,,00280039
RPPOMLTJRHLFFBB58CC,水源段,.00,都市：商,,,,00300002
RPUPMLSJRHLFFBB09CC,東信段,.00,都市：住,,,,01930008
RPXOMLSJRHLFFBB66CC,東峰段,6.53,都市：商,,,,00040000
RPXNMLTJRHLFFBB66CC,東新段,387.00,都市：商,,,,00410000
RPXNMLTJRHLFFBB66CC,東新段,388.00,都市：商,,,,00410001
RPXPMLRJRHLFFBB66CC,建安段,155.00,都市：住,,,,01080000
RPPSMLQJRHLFFBB68CC,東峰段,6.92,都市：商,,,,01580000
RPQNMLRJRHLFFBB38CC,昌平段,.00,都市：住,,,,03590000
RPQSMLQJRHLFFBB78CC,東峰段,6.84,都市：商,,,,01580000
RPPNMLLKRHLFFFL56CC,三和段,5.10,都市：住,,,,08280004
RPQNMLLKRHLFFFL66CC,四德段,14.75,都市：住,,,,00900022
RPQNMLMKRHLFFFL76CC,甘潭段,19.77,都市：住,,,,05330000
RPVNMLMKRHLFFAL76CC,大富段,20.80,都市：住,,,,10230000
RPUNMLMKRHLFFAB28CC,旱平段,47.08,都市：住,,,,01210000
RPVOMLMKRHLFFAB48CC,下橋子頭段,9.94,都市：住,,,,02180117
RPUOMLMKRHLFFGL47DC,大仁段,66.26,都市：住,,,,02850002
RPTOMLMKRHLFFBB48DC,賴厝?段,15.16,都市：住,,,,03340000
RPTNMLMKRHLFFBB28CC,軍福段,13.40,都市：住,,,,00040000
RPOQMLMKRHLFFBB08CC,太和段,20.10,都市：住,,,,00270000
RPTQMLMKRHLFFBB58CC,邱厝子段,4.75,都市：商,,,,00310062
RPTQMLMKRHLFFBB58CC,賴厝?段,5.91,都市：商,,,,00310003
RPXQMLMKRHLFFBB98CC,文正段,.00,都市：住,,,,01170001
RPTOMLMKRHLFFCB48CC,春安段,142.00,都市：其他:,,,,02920000
RPTQMLKKRHLFFBB38CC,東峰段,10.08,都市：商,,,,01580000
RPSQMLKKRHLFFBB28CC,東峰段,6.93,都市：商,,,,01580000
RPOQMLKKRHLFFBB87CC,邱厝子段,2.56,都市：商,,,,00310062
RPOQMLKKRHLFFBB87CC,賴厝?段,3.19,都市：商,,,,00310003
RPQQMLKKRHLFFBB08CC,東峰段,9.15,都市：商,,,,01580000
RPRQMLKKRHLFFBB18CC,東峰段,27.62,都市：商,,,,01580000
RPWPMLKKRHLFFBB58CC,邱厝子段,2.37,都市：商,,,,00310062
RPWPMLKKRHLFFBB58CC,賴厝?段,2.96,都市：商,,,,00310003
RPPQMLKKRHLFFBB97CC,東峰段,10.58,都市：商,,,,01580000
RPXPMLKKRHLFFBB68CC,邱厝子段,2.36,都市：商,,,,00310062
RPXPMLKKRHLFFBB68CC,賴厝?段,2.94,都市：商,,,,00310003
RPVPMLNKRHLFFBB78CC,邱厝子段,61.31,都市：住,,,,00200000
RPSPMLNKRHLFFAB38CC,東勢子段,76.00,都市：住,,,,00660010
RPUOMLNKRHLFFAB48CC,下橋子頭段,13.42,都市：住,,,,01460095
RPWOMLOKRHLFFAB78CC,麻園頭段,.00,都市：商,,,,01700000
RPOPMLOKRHLFFAB08CC,後?子段,.00,都市：住,,,,02480015
RPQRMLMKRHLFFCB48CC,西屯段,18.66,都市：住,,,,23130002
RPTPMLMKRHLFFCB58CC,何厝段,17.01,都市：住,,,,02030000
RPVOMLMKRHLFFCB68CC,大新段,29.64,都市：其他:,,,,00550002
RPXPMLOKRHLFFCB56CC,寶山段,.00,都市：住,,,,12540000
RPRNMLPKRHLFFCB48CC,中正段,8.57,都市：商,,,,01550000
RPSQMLOKRHLFFCB78CC,中和段,23.10,都市：住,,,,03000000
RPQQMLOKRHLFFCB58CC,大墩段,21.18,都市：住,,,,04030000
RPSRMLMKRHLFFCB68CC,惠民段,10.82,都市：其他:第六種新市政中心專用區,,,,01090000
RPVPMLOKRHLFFCB98CC,大新段,56.89,都市：住,,,,04180000
RPVRMLMKRHLFFCB98CC,中正段,6.72,都市：商,,,,01550000
RPTNMLOKRHLFFCB58CC,上石碑段,.06,都市：商,,,,26710016
RPTNMLOKRHLFFCB58CC,上石碑段,.00,都市：商,,,,26730001
RPTNMLOKRHLFFCB58CC,上石碑段,.97,都市：商,,,,26780000
RPTNMLOKRHLFFCB58CC,上石碑段,.18,都市：商,,,,26790002
RPTNMLOKRHLFFCB58CC,上石碑段,4.02,都市：商,,,,26800000
RPTNMLOKRHLFFCB58CC,上石碑段,.07,都市：商,,,,26930001
RPPQMLOKRHLFFCB48CC,中正段,8.77,都市：商,,,,01550000
RPWRMLMKRHLFFCB09CC,下石碑段,22.33,都市：住,,,,09530000
RPRNMLPKRHLFFBB38CC,邱厝子段,2.56,都市：商,,,,00310062
RPRNMLPKRHLFFBB38CC,賴厝?段,3.19,都市：商,,,,00310003
RPSNMLPKRHLFFBB48CC,邱厝子段,2.33,都市：商,,,,00310062
RPSNMLPKRHLFFBB48CC,賴厝?段,2.90,都市：商,,,,00310003
RPTNMLPKRHLFFBB58CC,邱厝子段,2.39,都市：商,,,,00310062
RPTNMLPKRHLFFBB58CC,賴厝?段,2.97,都市：商,,,,00310003
RPUNMLPKRHLFFBB68CC,邱厝子段,2.39,都市：商,,,,00310062
RPUNMLPKRHLFFBB68CC,賴厝?段,2.97,都市：商,,,,00310003
RPWNMLPKRHLFFBB88CC,東峰段,10.24,都市：商,,,,01580000
RPSNMLTKRHLFFBB88CC,青田段,159.00,都市：住,,,,09090000
RPSNMLTKRHLFFBB88CC,青田段,153.00,都市：住,,,,09090001
RPVNMLPKRHLFFBB78CC,邱厝子段,3.86,都市：商,,,,00310062
RPVNMLPKRHLFFBB78CC,賴厝?段,4.81,都市：商,,,,00310003
RPSOMLPKRHLFFBB58CC,東峰段,11.12,都市：商,,,,01580000
RPPOMLPKRHLFFBB28CC,東峰段,10.58,都市：商,,,,01580000
RPROMLPKRHLFFBB48CC,東峰段,10.07,都市：商,,,,01580000
RPQOMLPKRHLFFBB38CC,東峰段,10.28,都市：商,,,,01580000
RPOOMLPKRHLFFBB18CC,東峰段,10.79,都市：商,,,,01580000
RPXNMLPKRHLFFBB98CC,東峰段,6.84,都市：商,,,,01580000
RPPNMLTKRHLFFAB48CC,旱平段,25.55,都市：住,,,,01200000
RPROMLTKRHLFFCL37CC,美仁段,53.27,都市：商,,,,01760000
RPROMLTKRHLFFCL37CC,美仁段,6.15,都市：商,,,,01770000
RPROMLTKRHLFFCB09DC,信安段,25.91,都市：住,,,,06180000
RPTNMLTKRHLFFGL97DC,新仁段,96.00,都市：住,,,,12550002
RPQNMLKLRHLFFAL88DC,福隆段,154.04,都市：住,,,,10220000
RPSNMLKLRHLFFFL86CC,大新段,6.60,都市：住,,,,04030000
RPSNMLKLRHLFFFL86CC,大新段,60.12,都市：住,,,,04030013
RPWNMLKLRHLFFAB38CC,尚武段,61.00,都市：住,,,,04680000
RPXNMLKLRHLFFBB58CC,太和段,32.13,都市：商,,,,00300000
RPQOMLKLRHLFFBB97CC,太和段,28.36,都市：商,,,,00300000
RPQPMLTKRHLFFBB88CC,太和段,32.10,都市：商,,,,00300000
RPSOMLTKRHLFFBB98CC,平田段,4.90,都市：住,,,,04440000
RPWNMLKLRHLFFBB48CC,太和段,32.10,都市：商,,,,00300000
RPTOMLTKRHLFFBB09CC,建功段,27.01,都市：住,,,,08490000
RPTQMLKLRHLFFBB48CC,太原段,20.52,都市：住,,,,01000000
RPTOMLPKRHLFFBB68CC,東峰段,6.84,都市：商,,,,01580000
RPUQMLKLRHLFFBB58CC,太原段,20.52,都市：住,,,,01000000
RPTOMLLLRHLFFBB38CC,陳平段,52.00,都市：其他:,,,,18510048
RPOQMLLLRHLFFBB08CC,錦村段,.00,都市：住,,,,01200030
RPXNMLLLRHLFFCB78CC,下石碑段,70.00,都市：住,,,,13630000
RPTOMLKLRHLFFCB38CC,中和段,293.00,都市：住,,,,01420001
RPXOMLKLRHLFFCB78CC,福星段,22.01,都市：住,,,,04910000
RPWNMLLLRHLFFCB68CC,何安段,5.86,都市：住,,,,09730000
RPRQMLLLRHLFFAB28CC,後?子段,.00,非都市： ; 非都市編定：,,,,02480015
RPOPMLKLRHLFFCB97CC,惠安段,500.50,都市：住,,,,00950001
RPOOMLKLRHLFFCB87CC,西屯段,32.03,都市：商,,,,24240003
RPUSMLLLRHLFFAB78CC,頂橋子頭段,12.41,都市：商,,,,01030003
RPQOMLLLRHLFFCB28DC,惠民段,.00,都市：商,,,,01430001
RPSNMLMLRHLFFCL76CC,銀聯段,29.00,都市：住,,,,11780033
RPSNMLMLRHLFFCL76CC,銀聯段,116.00,都市：住,,,,10030012
RPSNMLMLRHLFFCL76CC,銀聯段,93.00,都市：住,,,,11780000
RPWOMLMLRHLFFCB98DC,國安段,6.35,都市：住,,,,05930489
RPQTMLLLRHLFFAB48CC,麻園頭段,12.67,都市：住,,,,01320000
RPUNMLNLRHLFFCL07CC,南勢坑段埔子小段,214.87,都市：住,,,,01640032
RPXNMLNLRHLFFGL77CC,大仁段,26.19,都市：住,,,,04060000
RPUPMLNLRHLFFBB78CC,邱厝子段,3.86,都市：商,,,,00310062
RPUPMLNLRHLFFBB78CC,賴厝?段,4.81,都市：商,,,,00310003
RPOQMLNLRHLFFBB28CC,邱厝子段,2.61,都市：商,,,,00310062
RPOQMLNLRHLFFBB28CC,賴厝?段,3.26,都市：商,,,,00310003
RPSOMLNLRHLFFAB38CC,後?子段,95.00,都市：商,,,,03890315
RPSOMLNLRHLFFAB38CC,公館段,95.00,都市：商,,,,01580598
RPUOMLNLRHLFFAB58CC,樹子腳段,12.39,都市：住,,,,00420000
RPSOMLNLRHLFFAB38CC,後?子段,95.00,都市：商,,,,03890318
RPVQMLMLRHLFFAB78CC,麻園頭段,19.33,都市：住,,,,01810000
RPRQMLNLRHLFFBB58CC,邱厝子段,3.87,都市：商,,,,00310062
RPRQMLNLRHLFFBB58CC,賴厝?段,4.83,都市：商,,,,00310003
RPWNMLNLRHLFFCB88CC,惠民段,11.71,都市：住,,,,00840000
RPSOMLNLRHLFFCB58CC,大進段,32.15,都市：住,,,,06170000
RPVPMLNLRHLFFCB98CC,民安段,14.55,都市：住,,,,16750021
RPQNMLPLRHLFFAB28CC,下橋子頭段,3.73,都市：商,,,,02170014
RPRNMLPLRHLFFAB38CC,下橋子頭段,1.83,都市：商,,,,02170014
RPXOMLQLRHLFFAB56CC,正義段九小段,2.74,都市：住,,,,00110025
RPXOMLQLRHLFFAB56CC,正義段九小段,2.62,都市：住,,,,00110004
RPVPMLQLRHLFFAB09CC,大益段,37.21,都市：住,,,,01920000
RPWNMLQLRHLFFCL57CC,晉江北段,26.28,都市：住,,,,06510000
RPUNMLQLRHLFFFL67CC,學雅段,27.00,都市：住,,,,07070000
RPUNMLQLRHLFFFL67CC,學雅段,14.80,都市：住,,,,07060000
RPVNMLQLRHLFFFL77CC,雅潭段,9.66,都市：住,,,,03950000
RPTNMLQLRHLFFIL87CC,遊園南段,77.27,非都市：鄉村區 ; 非都市編定：乙種建築用地,,,,03330000
RPUNMLQLRHLFFCB09DC,豐富段,138.02,都市：住,,,,04060003
RPOPMLLLRHLFFAL88CC,南村段,8.75,都市：商,,,,03500000
RPWPMLQLRHLFFAB56CC,大益段,.00,都市：住,,,,00390000
RPUOMLQLRHLFFCB09CC,大新段,14.74,都市：住,,,,08650000
RPPNMLPLRHLFFCB38CC,埔興段,29.64,都市：住,,,,00340000
RPRNMLQLRHLFFCB68CC,田心段,20.87,都市：商,,,,10320000
RPPNMLQLRHLFFCB48CC,何安段,4.81,都市：住,,,,09730000
RPQPMLQLRHLFFCB78CC,惠民段,17.95,都市：其他:新市政中心專區,,,,01430001
RPVNMLQLRHLFFCB09CC,中正段,6.24,都市：商,,,,01550000
RPOQMLNLRHLFFCB38CC,上石碑段,4.12,都市：商,,,,18000007
RPTNMLQLRHLFFCB88CC,協和段,.00,都市：工,,,,01320000
RPVNMLTKRHLFFBB56CC,乾溝子段,47.92,都市：住,,,,01680018
RPROMLTKRHLFFBB88CC,北屯段,7.10,都市：住,,,,00260000
RPWOMLQLRHLFFBB56CC,水湳段,47.20,都市：住,,,,07020000
RPVNMLQLRHLFFBB98CC,邱厝子段,3.48,都市：商,,,,00310062
RPVNMLQLRHLFFBB98CC,賴厝?段,4.34,都市：商,,,,00310003
RPUNMLQLRHLFFBB88CC,中清段,18.92,都市：住,,,,01000000
RPOPMLQLRHLFFBB48CC,建安段,10.39,都市：住,,,,03330000
RPOPMLQLRHLFFBB48CC,建安段,6.52,都市：住,,,,03350000
RPRQMLQLRHLFFBB88CC,東峰段,6.84,都市：商,,,,01580000
RPSQMLQLRHLFFBB98CC,東峰段,11.12,都市：商,,,,01580000
RPWPMLTLRHLFFBB96CC,東光段,.00,都市：住,,,,00960012
RPPPMLTLRHLFFCB98CC,埔興段,1845.76,都市：農,,,,15790000
RPPPMLTLRHLFFCB98CC,埔興段,49.58,都市：農,,,,15800000
RPPPMLTLRHLFFCB98CC,埔興段,22.00,都市：農,,,,15800004
RPSPMLTLRHLFFCB76DC,國安段,34.49,都市：住,,,,05990000
RPTNMLTLRHLFFAL37CC,泉州段,1356.82,都市：工,,,,07820000
RPTNMLTLRHLFFAL37CC,泉州段,455.96,都市：其他:,,,,07860000
RPTNMLTLRHLFFAL37CC,泉州段,340.84,都市：工,,,,07880000
RPOQMLTLRHLFFAB78CC,後?子段,4.15,都市：住,,,,02100010
RPTNMLKMRHLFFAB18CC,旱平段,25.55,都市：住,,,,01200000
RPTQMLKMRHLFFAB48CC,樹子腳段,.00,都市：住,,,,00900000
RPPOMLKMRHLFFGL86CC,光日段,18.46,都市：住,,,,01190000
RPQOMLKMRHLFFFL86CC,甘潭段,14.51,都市：住,,,,04120000
RPSOMLKMRHLFFCB48DC,田心段,50.00,都市：住,,,,03820000
RPUOMLKMRHLFFCB68DC,國安段,34.49,都市：住,,,,05990000
RPVPMLKMRHLFFCB78CC,豐功段,32.90,都市：住,,,,00370000
RPUPMLQLRHLFFCB56CC,惠國段,7.02,都市：其他:新市政中心專用區,,,,00770000
RPPOMLTLRHLFFCB88CC,中正段,9.49,都市：商,,,,01550000
RPOPMLTLRHLFFCB88CC,大明段,.00,都市：住,,,,00750004
RPOPMLTLRHLFFCB88CC,大明段,.00,都市：住,,,,00750010
RPRPMLQLRHLFFCB88CC,中正段,5.99,都市：商,,,,01550000
RPRQMLQLRHLFFCB98CC,大新段,15.75,都市：其他:住二,,,,06880000
RPPQMLQLRHLFFCB78CC,上石碑段,5.56,都市：商,,,,17900000
RPPQMLQLRHLFFCB78CC,上石碑段,4.97,都市：商,,,,18000007
RPSPMLQLRHLFFCB98CC,惠國段,12.67,都市：其他:新市政中心專用區,,,,00770000
RPOQMLQLRHLFFCB68CC,惠民段,21.93,都市：其他:新市政中心專用區,,,,01430001
RPTPMLQLRHLFFCB09CC,中正段,5.91,都市：商,,,,01550000
RPPNMLLJIILFFCB96CC,惠順段,520.85,都市：住,,,,00250000
RPQNMLLJIILFFCB07CC,田心段,11.96,都市：住,,,,08720000
RPSNMLNJIILFFHL98CC,振福段,63.92,都市：住,,,,09370000
RPSNMLNJIILFFHL98CC,振福段,7.92,都市：住,,,,09380000
RPPNMLLJIILFFAB76CC,樹子腳段,5.60,都市：住,,,,12100000
RPPNMLLJIILFFAB76CC,樹子腳段,3.62,都市：住,,,,12100003
RPROMLNJIILFFAB27CC,後?子段,14.51,都市：住,,,,02350025
RPROMLNJIILFFAB27CC,後?子段,20.36,都市：住,,,,02350018
RPROMLNJIILFFAB27CC,後?子段,19.46,都市：住,,,,02350000
RPROMLNJIILFFAB27CC,後?子段,.77,都市：住,,,,02350025
RPPPMLNJIILFFCB37CC,惠順段,261.95,都市：住,,,,01590000
RPPPMLNJIILFFCB37CC,惠順段,261.95,都市：住,,,,01590001
RPPPMLNJIILFFCB37CC,惠順段,130.97,都市：住,,,,01590002
RPVPMLNJIILFFBB97DC,仁和段,94.00,都市：住,,,,11470000
RPURMLOJIILFFBB08CC,邱厝子段,2.33,都市：商,,,,00310062
RPURMLOJIILFFBB08CC,賴厝?段,2.90,都市：商,,,,00310003
RPVRMLOJIILFFBB18CC,邱厝子段,3.47,都市：商,,,,00310062
RPVRMLOJIILFFBB18CC,賴厝?段,4.33,都市：商,,,,00310003
RPWRMLOJIILFFBB28CC,賴厝?段,10.30,都市：商,,,,00310003
RPWRMLOJIILFFBB28CC,邱厝子段,8.27,都市：商,,,,00310062
RPXRMLOJIILFFBB38CC,邱厝子段,2.60,都市：商,,,,00310062
RPXRMLOJIILFFBB38CC,賴厝?段,3.24,都市：商,,,,00310003
RPXNMLOJIILFFCB08CC,信安段,30.29,都市：住,,,,09200000
RPROMLOJIILFFCB57CC,惠順段,520.85,都市：住,,,,00250000
RPQRMLOJIILFFCB77CC,中正段,6.24,都市：商,,,,01550000
RPRRMLOJIILFFCB87CC,中正段,9.74,都市：商,,,,01550000
RPSRMLOJIILFFCB97CC,上石碑段,2.97,都市：商,,,,17900000
RPSRMLOJIILFFCB97CC,上石碑段,2.65,都市：商,,,,18000007
RPTRMLOJIILFFCB08CC,中正段,6.24,都市：商,,,,01550000
RPVRMLOJIILFFCB28CC,中正段,7.04,都市：商,,,,01550000
RPVNMLOJIILFFBB87DC,建業段,27.00,都市：住,,,,05560000
RPSRMLOJIILFFBB87CC,邱厝子段,2.71,都市：商,,,,00310062
RPSRMLOJIILFFBB87CC,賴厝?段,3.37,都市：商,,,,00310003
RPQRMLOJIILFFBB67CC,邱厝子段,2.56,都市：商,,,,00310062
RPQRMLOJIILFFBB67CC,賴厝?段,3.19,都市：商,,,,00310003
RPRRMLOJIILFFBB77CC,邱厝子段,3.87,都市：商,,,,00310062
RPRRMLOJIILFFBB77CC,賴厝?段,4.83,都市：商,,,,00310003
RPORMLOJIILFFBB47CC,邱厝子段,2.73,都市：商,,,,00310062
RPORMLOJIILFFBB47CC,賴厝?段,3.40,都市：商,,,,00310003
RPUQMLOJIILFFBB97CC,邱厝子段,2.50,都市：商,,,,00310062
RPUQMLOJIILFFBB97CC,賴厝?段,3.12,都市：商,,,,00310003
RPUPMLOJIILFFBB87CC,東新段,4.41,都市：住,,,,01530000
RPTQMLOJIILFFBB87CC,邱厝子段,2.44,都市：商,,,,00310062
RPTQMLOJIILFFBB87CC,賴厝?段,3.04,都市：商,,,,00310003
RPWNMLNJIILFFBB77CC,昌平段,30.79,都市：住,,,,03640000
RPOPMLKMRHLFFBB97CC,水源段,47.95,都市：商,,,,02230000
RPOPMLKMRHLFFBB97CC,水源段,.02,都市：商,,,,02250003
RPPNMLOJIILFFCL38DC,大庄段大庄小段,55.00,都市：住,,,,03810041
RPPNMLOJIILFFCL38DC,大庄段大庄小段,24.00,都市：住,,,,03810073
RPPNMLOJIILFFHL78CC,新興段,16.49,都市：住,,,,00230000
RPXNMLOJIILFFAB87CC,後?子段,157.00,都市：住,,,,02790030
RPVOMLPJIILFFAB87CC,城隍段七小段,6.15,都市：住,,,,00040000
RPWNMLPJIILFFAB87CC,旱清段,161.72,都市：住,,,,03480000
RPVNMLPJIILFFGL76CC,新榮泉段,.00,都市：住,,,,01650000
RPRPMLPJIILFFBB77DC,賴厝?段,6.60,都市：住,,,,00530002
RPVOMLPJIILFFCB08CC,福星段,29.75,都市：住,,,,01140000
RPTPMLPJIILFFAB77CC,樹子腳段,1.94,都市：住,,,,00390000
RPWOMLPJIILFFCB18CC,西屯段,15.46,都市：住,,,,23130002
RPWNMLPJIILFFBB97CC,東峰段,10.79,都市：商,,,,01580000
RPPOMLQJIILFFCB57CC,何厝段,.00,都市：商,,,,00770064
RPSNMLQJIILFFAL58CC,合作段,138.15,都市：商,,,,03460000
RPRNMLQJIILFFBB57CC,水源段,5.63,都市：住,,,,01260051
RPPOMLPJIILFFBB37CC,東峰段,10.28,都市：商,,,,01580000
RPVNMLQJIILFFBB97CC,乾溝子段,.00,都市：住,,,,01240059
RPVNMLQJIILFFBB97CC,乾溝子段,.00,都市：住,,,,01270021
RPQPMLRJIILFFAB67CC,麻園頭段,1.22,都市：住,,,,01650062
RPQPMLRJIILFFAB67CC,麻園頭段,1.45,都市：住,,,,01650064
RPQPMLRJIILFFAB67CC,麻園頭段,5.50,都市：住,,,,01650065
RPQPMLRJIILFFAB67CC,麻園頭段,3.70,都市：住,,,,01650130
RPQPMLRJIILFFAB67CC,麻園頭段,1.91,都市：住,,,,01690009
RPQPMLRJIILFFAB67CC,麻園頭段,5.23,都市：住,,,,01690035
RPQPMLRJIILFFAB67CC,麻園頭段,2.06,都市：住,,,,01690042
RPVPMLPJIILFFBB08CC,邱厝子段,8.00,都市：住,,,,00310010
RPVPMLPJIILFFBB08CC,邱厝子段,122.00,都市：住,,,,00320076
RPVPMLPJIILFFBB08CC,邱厝子段,127.00,都市：住,,,,00320077
RPVPMLPJIILFFBB08CC,邱厝子段,101.00,都市：住,,,,00320078
RPRPMLRJIILFFAB77CC,麻園頭段,19.48,都市：住,,,,00220000
RPRNMLQJIILFFCL68CC,梧棲段,107.00,都市：住,,,,34430005
RPXOMLQJIILFFAB18CC,下橋子頭段,35.15,都市：住,,,,00270000
RPXTMLQJIILFFBB78CC,東峰段,11.12,都市：商,,,,01580000
RPVPMLRJIILFFAB18CC,土庫段,.00,都市：住,,,,00320045
RPSOMLRJIILFFHL86CC,豐中段,.00,都市：住,,,,00700000
RPTNMLRJIILFFCB97CC,上石碑段,133.00,都市：住,,,,05520000
RPOQMLRJIILFFCB77CC,大墩段,51.64,都市：住,,,,04050000
RPSQMLRJIILFFCB18CC,國安段,18.35,都市：住,,,,02920000
RPVQMLRJIILFFCB48CC,惠民段,22.84,都市：其他:新市政中心專用區,,,,01430001
RPUQMLRJIILFFCB38CC,惠民段,17.67,都市：其他:新市政中心專用區,,,,01430001
RPXQMLRJIILFFCB68CC,中正段,39.16,都市：商,,,,01340000
RPPPMLRJIILFFBB67CC,賴厝?段,9.00,都市：住,,,,00070071
RPPPMLRJIILFFBB67CC,賴厝?段,9.00,都市：住,,,,00070024
RPSPMLRJIILFFBB97CC,東山段,.00,非都市： ; 非都市編定：,,,,03360001
RPQPMLRJIILFFBB77CC,邱厝子段,84.00,都市：住,,,,00380054
RPURMLRJIILFFBB38CC,東義段,.00,都市：住,,,,00480024
RPUNMLKKIILFFAB27CC,下橋子頭段,1.85,都市：商,,,,02170014
RPWNMLKKIILFFAB47CC,下橋子頭段,1.83,都市：商,,,,02170014
RPROMLQJIILFFCB77CC,何厝段,.00,都市：商,,,,00770064
RPVNMLKKIILFFAB37CC,下橋子頭段,3.86,都市：商,,,,02170014
RPVOMLQJIILFFAB97CC,下橋子頭段,84.00,都市：住,,,,02210054
RPVOMLQJIILFFAB97CC,下橋子頭段,73.00,都市：住,,,,02210360
RPQNMLKKIILFFCB17DC,何安段,4.51,都市：住,,,,09730000
RPPNMLKKIILFFGL38CC,烏日段,68.00,都市：住,,,,07100040
RPQNMLSJIILFFGL56CC,興祥段,84.34,都市：住,,,,07020000
RPQPMLMKIILFFBB37CC,賴厝?段,2.67,都市：商,,,,04380000
RPPNMLMKIILFFCL18CC,北勢坑段六路厝小段,90.00,都市：住,,,,00400019
RPQNMLMKIILFFCL28CC,武秀段,44.00,都市：住,,,,01050000
RPRNMLMKIILFFCL38CC,光華段,79.92,都市：住,,,,03970003
RPSNMLMKIILFFFL78CC,上楓段,25.84,都市：住,,,,12750000
RPQOMLNKIILFFCL48CC,公館北段,25.14,都市：其他:,,,,04270000
RPRNMLNKIILFFHL98CC,仁平段,76.00,都市：住,,,,10760000
RPOPMLNKIILFFBB27CC,邱厝子段,3.47,都市：商,,,,00310062
RPOPMLNKIILFFBB27CC,賴厝?段,4.33,都市：商,,,,00310003
RPXOMLNKIILFFBB18DC,東新段,46.79,都市：住,,,,00080000
RPTPMLNKIILFFBB87DC,東新段,46.79,都市：住,,,,00080000
RPPPMLNKIILFFBB37CC,邱厝子段,2.37,都市：商,,,,00310062
RPPPMLNKIILFFBB37CC,賴厝?段,2.96,都市：商,,,,00310003
RPWPMLNKIILFFBB08CC,邱厝子段,2.37,都市：商,,,,00310062
RPWPMLNKIILFFBB08CC,賴厝?段,2.96,都市：商,,,,00310003
RPUPMLNKIILFFBB87CC,邱厝子段,4.74,都市：商,,,,00310062
RPUPMLNKIILFFBB87CC,賴厝?段,5.91,都市：商,,,,00310003
RPXPMLNKIILFFBB18CC,邱厝子段,2.71,都市：商,,,,00310062
RPXPMLNKIILFFBB18CC,賴厝?段,3.37,都市：商,,,,00310003
RPTOMLNKIILFFAB57CC,麻園頭段,16.29,都市：住,,,,01320000
RPTOMLNKIILFFAB57CC,麻園頭段,13.08,都市：住,,,,01320000
RPUNMLNKIILFFAB57CC,麻園頭段,212.41,都市：住,,,,02910000
RPTNMLMKIILFFAB37CC,公館段,1.51,都市：住,,,,00620001
RPTNMLMKIILFFAB37CC,公館段,1.31,都市：住,,,,00630001
RPWOMLMKIILFFCB97CC,上石碑段,14.34,都市：商,,,,09640002
RPWNMLMKIILFFCB87CC,廣明段,106.93,都市：住,,,,07270000
RPOOMLLKIILFFCB07CC,上石碑段,2861.00,都市：商,,,,21000000
RPSNMLNKIILFFCB57CC,三塊厝段,16.55,都市：住,,,,11140000
RPVNMLLKIILFFCB67CC,惠信段,16.99,都市：住,,,,01180000
RPTNMLNKIILFFCB67CC,大新段,12.34,都市：住,,,,08650000
RPUNMLNKIILFFCB77CC,大新段,11.31,都市：住,,,,08650000
RPUOMLNKIILFFCB87CC,永春段,788.00,都市：住,,,,01030000
RPRPMLNKIILFFCB67CC,中正段,8.49,都市：其他:,,,,01550000
RPPPMLNKIILFFCB47CC,何安段,68.59,都市：其他:,,,,08560000
RPVPMLNKIILFFCB08CC,中正段,6.28,都市：商,,,,01550000
RPWOMLOKIILFFBB08CC,昌平段,600.39,都市：住,,,,04370000
RPQOMLOKIILFFBB57DC,景美段,16.38,都市：住,,,,02920000
RPTOMLOKIILFFCB97DC,中義段,20.00,都市：住,,,,09680003
RPOPMLOKIILFFCB57DC,上石碑段,21.15,都市：住,,,,11130000
RPSOMLOKIILFFAB67DC,旱平段,28.75,都市：住,,,,06720000
RPPOMLRKIILFFGL56CC,大仁段,7.54,都市：商,,,,00690000
RPVNMLRKIILFFHL17CC,宜欣段,7.96,都市：住,,,,21440000
RPQOMLRKIILFFAB67CC,麻園頭段,24.00,都市：住,,,,09320001
RPQOMLRKIILFFAB67CC,麻園頭段,113.00,都市：住,,,,09320000
RPOPMLRKIILFFAB57CC,土庫段,7.18,都市：商,,,,00670006
RPUPMLRKIILFFBB28CC,賴厝?段,.00,都市：住,,,,01450000
RPUPMLRKIILFFBB28CC,賴厝?段,.00,都市：住,,,,01450100
RPOQMLNKIILFFBB37CC,邱厝子段,2.65,都市：商,,,,00310062
RPOQMLNKIILFFBB37CC,賴厝?段,3.30,都市：商,,,,00310003
RPRQMLNKIILFFBB67CC,東峰段,28.63,都市：商,,,,01580000
RPUQMLNKIILFFBB97CC,東峰段,10.58,都市：商,,,,01580000
RPVQMLNKIILFFBB08CC,東峰段,9.99,都市：商,,,,01580000
RPTQMLNKIILFFBB87CC,東峰段,5.83,都市：商,,,,01580000
RPXOMLSKIILFFBB58CC,水源段,13.19,都市：住,,,,02300633
RPOPMLSKIILFFBB77CC,水源段,48.00,都市：住,,,,02300520
RPOPMLSKIILFFBB77CC,水源段,48.00,都市：住,,,,02300521
RPTNMLSKIILFFHL07CC,平欣段,21.05,都市：住,,,,02660000
RPPPMLSKIILFFBB87CC,水源段,95.14,都市：住,,,,02300457
RPXNMLTKIILFFHL57CC,信平段,61.00,都市：住,,,,07990000
RPTNMLTKIILFFHL17CC,七星段,122.07,非都市：山坡地保育區 ; 非都市編定：丙種建築用地,,,,02280000
RPVNMLTKIILFFCL86CC,銀聯段,75.00,都市：住,,,,19830033
RPRNMLSKIILFFCB97CC,下石碑段,202.51,都市：商,,,,12420002
RPUOMLRKIILFFCB28CC,中和段,14.30,都市：商,,,,03660000
RPWOMLSKIILFFCB58CC,中正段,7.87,都市：住,,,,00770000
RPXPMLNKIILFFCB28CC,中正段,6.28,都市：商,,,,01550000
RPVOMLSKIILFFCB48CC,大進段,22.72,都市：住,,,,05950000
RPVOMLRKIILFFCB38CC,何安段,5.67,都市：住,,,,09730000
RPQOMLTKIILFFBB08DC,東新段,14.57,都市：住,,,,01380000
RPPOMLTKIILFFCB97CC,中正段,4023.00,都市：住,,,,01550000
RPWNMLTKIILFFCL07DC,東山段,1247.70,非都市：一般農業區 ; 非都市編定：丙種建築用地,,,,10510000
RPQOMLTKIILFFCB08CC,惠國段,.00,都市：商,,,,00240000
RPTPMLTKIILFFCB48CC,惠國段,.00,都市：其他:第四種新市政專用區,,,,01870000
RPSNMLKLIILFFBB27CC,平田段,6.90,都市：住,,,,01800000
RPSOMLKLIILFFCB47CC,西屯段,34.76,都市：住,,,,07740000
RPROMLKLIILFFCB37CC,中和段,.00,都市：住,,,,01660000
RPQRMLKLIILFFBB47CC,邱厝子段,2.67,都市：商,,,,00310062
RPQRMLKLIILFFBB47CC,賴厝?段,3.35,都市：商,,,,00310003
RPWNMLKLIILFFBB67CC,平田段,13.35,都市：住,,,,01800000
RPXOMLKLIILFFBB87CC,邱厝子段,4.89,都市：住,,,,00210090
RPVNMLKLIILFFBB57CC,東山段,16.74,都市：住,,,,04130000
RPVRMLKLIILFFBB97CC,邱厝子段,2.53,都市：商,,,,00310062
RPVRMLKLIILFFBB97CC,賴厝?段,3.16,都市：商,,,,00310003
RPSRMLKLIILFFBB67CC,邱厝子段,2.68,都市：商,,,,00310062
RPSRMLKLIILFFBB67CC,賴厝?段,3.34,都市：商,,,,00310003
RPWRMLKLIILFFBB08CC,邱厝子段,2.39,都市：商,,,,00310062
RPWRMLKLIILFFBB08CC,賴厝?段,2.97,都市：商,,,,00310003
RPXRMLKLIILFFBB18CC,邱厝子段,3.82,都市：商,,,,00310062
RPXRMLKLIILFFBB18CC,賴厝?段,4.75,都市：商,,,,00310003
RPVNMLKLIILFFGL09CC,崇光段,11.60,都市：住,,,,11810000
RPTOMLKLIILFFAB37CC,旱平段,25.55,都市：住,,,,01200000
RPQNMLLLIILFFFL68DC,中興段,24.06,都市：住,,,,06890000
RPQOMLLLIILFFAB17CC,土庫段,15.12,都市：住,,,,00320004
RPROMLLLIILFFAB27CC,樹子腳段,.00,都市：住,,,,12620043
RPTNMLLLIILFFAB37CC,大益段,185.00,都市：住,,,,01120000
RPTNMLLLIILFFAB37CC,大益段,185.00,都市：住,,,,01120001
RPTNMLLLIILFFAB37CC,大益段,185.00,都市：住,,,,01120002
RPXOMLLLIILFFCB08CC,中義段,17.62,都市：住,,,,06590000
RPPQMLNKIILFFCB57CC,中正段,6.24,都市：商,,,,01550000
RPPPMLLLIILFFCB37CC,國安段,7.11,都市：住,,,,05930491
RPWOMLOLIILFFGL07CC,新榮泉段,27.82,都市：其他:,,,,01420000
RPTPMLLLIILFFCB77CC,國安段,13.21,都市：住,,,,01690000
RPSNMLNLIILFFCB67CC,惠民段,.00,都市：其他:新一,,,,00920000
RPVOMLOLIILFFAB97CC,樹子腳段,79.00,都市：住,,,,03190006
RPVPMLOLIILFFAB08CC,後?子段,.00,非都市： ; 非都市編定：,,,,02680024
RPVPMLOLIILFFAB08CC,後?子段,.00,非都市： ; 非都市編定：,,,,02680195
RPPQMLOLIILFFBB77DC,東光段,18.06,都市：住,,,,02690000
RPUPMLOLIILFFCB18CC,中正段,7.04,都市：商,,,,01550000
RPUNMLOLIILFFCB97CC,惠泰段,1612.23,都市：住,,,,01260000
RPWPMLOLIILFFCB38CC,中正段,8.57,都市：商,,,,01550000
RPQQMLOLIILFFCB87CC,中正段,9.37,都市：商,,,,01550000
RPTQMLOLIILFFCB18CC,中正段,5.99,都市：商,,,,01550000
RPUQMLOLIILFFCB28CC,中正段,4.95,都市：商,,,,01550000
RPPPMLOLIILFFBB57CC,東信段,.00,都市：住,,,,01690000
RPRQMLOLIILFFBB87CC,東峰段,6.84,都市：商,,,,01580000
RPWQMLOLIILFFCB48CC,中正段,6.24,都市：商,,,,01550000
RPUQMLOLIILFFBB18CC,東峰段,6.84,都市：商,,,,01580000
RPUOMLPLIILFFBB08CC,東峰段,9.99,都市：商,,,,01580000
RPTOMLPLIILFFBB97CC,東峰段,11.12,都市：商,,,,01580000
RPXOMLPLIILFFBB38CC,邱厝子段,2.37,都市：商,,,,00310062
RPXOMLPLIILFFBB38CC,賴厝?段,2.96,都市：商,,,,00310003
RPWOMLPLIILFFBB28CC,邱厝子段,2.86,都市：商,,,,00310062
RPWOMLPLIILFFBB28CC,賴厝?段,3.56,都市：商,,,,00310003
RPVOMLPLIILFFBB18CC,東峰段,10.28,都市：商,,,,01580000
RPQNMLPLIILFFCB67CC,中正段,8.57,都市：商,,,,01550000
RPPNMLPLIILFFCB57CC,三塊厝段,18.93,都市：住,,,,11140000
RPPRMLPLIILFFCB97CC,中正段,8.57,都市：商,,,,01550000
RPSRMLPLIILFFCB28CC,中正段,5.99,都市：商,,,,01550000
RPRRMLPLIILFFCB18CC,中正段,5.63,都市：商,,,,01550000
RPTRMLPLIILFFCB38CC,中正段,5.27,都市：商,,,,01550000
RPURMLPLIILFFCB48CC,中正段,9.82,都市：商,,,,01550000
RPVRMLPLIILFFCB58CC,中正段,6.03,都市：商,,,,01550000
RPQRMLPLIILFFCB18DC,福星段,299.28,都市：住,,,,01610001
RPWNMLPLIILFFHL27DC,三汴段,126.56,都市：住,,,,05800000
RPRNMLQLIILFFGL66CC,大仁段,1003.47,都市：商,,,,03170001
RPPOMLPLIILFFAB47CC,大益段,91.00,都市：住,,,,02790002
RPQOMLQLIILFFGL76DC,大義段,77.26,都市：住,,,,00890007
RPRNMLQLIILFFBB77CC,水源段,14.76,都市：住,,,,01260014
RPRNMLQLIILFFBB77CC,水源段,11.24,都市：住,,,,01260101
RPRNMLQLIILFFBB77CC,水源段,13.96,都市：住,,,,01270025
RPUNMLRLIILFFBB18CC,邱厝子段,26.03,都市：住,,,,00340418
RPVNMLRLIILFFBB28CC,邱厝子段,143.00,都市：住,,,,00360010
RPVNMLRLIILFFBB28CC,邱厝子段,151.00,都市：住,,,,00360011
RPWQMLRLIILFFBB68CC,太和段,.00,都市：住,,,,02430000
RPQNMLOLIILFFHL09CC,新興段,.00,都市：住,,,,00230000
RPRNMLOKIILFFFL88CC,上楓段,.00,都市：工,,,,00140000
RPRNMLOKIILFFFL88CC,上楓段,.00,都市：工,,,,00150000
RPRNMLOKIILFFFL88CC,上楓段,.00,都市：工,,,,00200000
RPRNMLOKIILFFFL88CC,上楓段,.00,都市：工,,,,00200001
RPPNMLNLIILFFFL68CC,學雅段,27.00,都市：住,,,,07070000
RPPNMLNLIILFFFL68CC,學雅段,14.80,都市：住,,,,07060000
RPRNMLKLIILFFFL58CC,埔子墘段,60.00,非都市：鄉村區 ; 非都市編定：乙種建築用地,,,,01900020
RPRNMLKLIILFFFL58CC,埔子墘段,10.00,非都市：鄉村區 ; 非都市編定：乙種建築用地,,,,01900017
RPVOMLTKIILFFHL47CC,育賢段,74.40,都市：住,,,,01310012
RPUPMLRLIILFFBB48DC,松茂段,13.60,都市：住,,,,09610000
RPTPMLRLIILFFBB38DC,賴厝?段,6.42,都市：住,,,,00720000
RPTSMLRLIILFFBB68DC,東峰段,39.80,都市：住,,,,01990000
RPVPMLRLIILFFBB58DC,北屯段,17.30,都市：住,,,,03500001
RPSNMLRLIILFFAB87CC,下橋子頭段,1.87,都市：商,,,,02170014
RPRNMLRLIILFFAB77CC,下橋子頭段,1.83,都市：商,,,,02170014
RPTNMLOLIILFFHL76CC,光明段,.00,非都市：鄉村區 ; 非都市編定：乙種建築用地,,,,06240000
RPTNMLOLIILFFHL76CC,光明段,.00,非都市：鄉村區 ; 非都市編定：乙種建築用地,,,,06230000
RPTNMLOLIILFFHL76CC,光明段,.00,非都市：鄉村區 ; 非都市編定：乙種建築用地,,,,06250000
RPRPMLRLIILFFAB97CC,麻園頭段,10.60,都市：住,,,,01320000
RPVOMLSLIILFFAB38CC,樹子腳段,3154.00,都市：住,,,,15700000
RPVOMLRLIILFFAB28CC,麻園頭段,21.88,都市：商,,,,00220000
RPOOMLSLIILFFAB67CC,後?子段,11.30,都市：住,,,,02170017
RPUPMLSLIILFFAB38CC,麻園頭段,34.98,都市：住,,,,01730023
RPOOMLTKIILFFCL88CC,新興段,15.69,都市：住,,,,04200027
RPOOMLTKIILFFCL88CC,新興段,3.81,都市：住,,,,04200020
RPSPMLSLIILFFAB18CC,樹子腳段,1.94,都市：住,,,,00390000
RPVNMLRLIILFFCB38CC,協成段,4020.78,都市：工,,,,04640000
RPVNMLRLIILFFCB38CC,協成段,3396.35,都市：工,,,,04650000
RPQNMLQLIILFFCB77CC,福和段,1165.92,都市：住,,,,01020000
RPPSMLSLIILFFCB38CC,中正段,5.55,都市：商,,,,01550000
RPPTMLSLIILFFCB48CC,信安段,.00,都市：住,,,,02370000
RPWRMLSLIILFFCB98CC,三塊厝段,17.20,都市：住,,,,12430000
RPVRMLSLIILFFCB88CC,惠民段,17.10,都市：其他:新市政中心專用區,,,,01430001
RPQQMLRLIILFFCB18CC,協成段,1594.18,都市：工,,,,04690000
RPQQMLRLIILFFCB18CC,協成段,5773.71,都市：工,,,,04700000
RPQQMLRLIILFFCB18CC,協成段,2682.62,都市：工,,,,04710000
RPRSMLSLIILFFCB58CC,國安段,17.63,都市：住,,,,05930005
RPXSMLSLIILFFCB56CC,惠民段,31.68,都市：其他:新市政中心專用區,,,,01380000
RPUPMLRLIILFFCB48CC,大進段,15.64,都市：住,,,,06170000
RPSNMLTLIILFFCB28CC,大墩段,31.56,都市：住,,,,04110000
RPVNMLTLIILFFCB58CC,黎明段,13.30,都市：住,,,,00310000
RPRPMLLMIILFFCB67CC,下石碑段,348.00,都市：其他:,,,,11740000
RPWNMLTLIILFFCB68CC,三塊厝段,15.19,都市：住,,,,05960000
RPXNMLTLIILFFCB78CC,上石碑段,5.91,都市：住,,,,11840000
RPPOMLTLIILFFCB08CC,惠信段,20.41,都市：住,,,,00630000
RPVPMLLMIILFFCB08CC,中正段,180.00,都市：住,,,,02610001
RPVPMLLMIILFFCB08CC,中正段,180.00,都市：住,,,,02610000
RPTPMLLMIILFFGL76DC,大孝段,67.21,都市：住,,,,04260004
RPRNMLSLIILFFBB97CC,文正段,.00,都市：商,,,,01070025
