﻿編號,土地位置,土地移轉面積(平方公尺),使用分區或編定,權利人持分分母,權利人持分分子,移轉情形,地號
The serial number, land position,land shifting area square meter,the use zoning or compiles and checks,,,,land parcel
RPOOMLLJQHLFFBF97CC,國宅段,17.29,都市：住,,,,00180000
RPTNMLLJQHLFFBF38CC,建林段,57.13,都市：住,,,,12770000
RPPOMLLJQHLFFEF38CC,仁愛段,6.11,都市：住,,,,01330000
RPVNMLLJQHLFFHF56CC,瓦?段,.00,都市：住,,,,05240000
RPQNMLLJQHLFFDF28CC,智興段,.00,都市：商,,,,04410000
RPWOMLLJQHLFFHF76CC,得林段,205.33,都市：住,,,,03030000
RPTPMLLJQHLFFAF48CC,公館段,.00,都市：住,,,,02650000
RPTPMLLJQHLFFAF48CC,公館段,.00,都市：住,,,,02720002
RPUOMLLJQHLFFHF56CC,保健段,1.30,都市：住,,,,09440000
RPUOMLLJQHLFFHF56CC,保健段,13.82,都市：住,,,,09450000
RPUOMLLJQHLFFHF56CC,保健段,9.32,都市：住,,,,09460000
RPTPMLLJQHLFFEF98DC,新興段,.00,非都市： ; 非都市編定：,,,,06470000
RPSRMLMJQHLFFBF98EC,國宅段,135.11,都市：住,,,,00260002
RPUQMLMJQHLFFBF09EC,榮富段,8.60,都市：住,,,,09060000
RPQOMLMJQHLFFIF98CC,民族段,155.72,都市：住,,,,10070000
RPPNMLMJQHLFFGF58CC,仁興段,25.20,都市：住,,,,23110000
RPQNMLMJQHLFFDF38CC,智興段,.00,都市：商,,,,04410000
RPWNMLNJQHLFFDF09CC,智興段,.00,都市：商,,,,04410000
RPRNMLNJQHLFFCF48CC,順安段,.00,都市：住,,,,04610000
RPPOMLNJQHLFFIF98CC,大埔段大埔小段,38.33,非都市：一般農業區 ; 非都市編定：甲種建築用地,,,,00160003
RPTNMLMJQHLFFAF58EC,和平段,.00,都市：住,,,,02050000
RPPOMLLJQHLFFHF88EC,板南段,34.59,都市：工,,,,03180000
RPPOMLLJQHLFFHF88EC,板南段,.37,都市：工,,,,03420000
RPRQMLNJQHLFFAF78EC,新興段,82.00,都市：住,,,,04640000
RPPQMLNJQHLFFEF88DC,關渡段,.00,都市：住,,,,06630000
RPSNMLNJQHLFFHF66EC,中原段,.00,都市：工,,,,05230000
RPTNMLNJQHLFFHF76EC,健康段,.00,都市：工,,,,04510000
RPUNMLNJQHLFFHF86EC,新民段,.00,都市：工,,,,06260000
RPQOMLOJQHLFFCF68DC,文山段,16.18,都市：住,,,,00890000
RPRQMLMJQHLFFBF58CC,南勢埔段過崙子小段,1652.00,都市：農,,,,00280000
RPPSMLLJQHLFFBF48CC,安泰段,.00,都市：工,,,,05600000
RPTQMLLJQHLFFBF68CC,榮富段,.00,都市：住,,,,00500000
RPUOMLOJQHLFFIF96CC,安溪段,10.74,都市：住,,,,13870000
RPOOMLOJQHLFFHF88CC,健康段,.00,都市：工,,,,11600000
RPROMLOJQHLFFAF48CC,中山段,17.67,都市：住,,,,00450000
RPTOMLPJQHLFFCF98CC,北宜段,.00,都市：住,,,,00360000
RPPPMLOJQHLFFAF38CC,樂利段,8.10,都市：住,,,,10350000
RPPPMLPJQHLFFCF68CC,寶元段,.00,都市：工,,,,03020000
RPPNMLPJQHLFFDF58CC,智興段,.00,都市：住,,,,14180001
RPPNMLPJQHLFFDF58CC,智興段,.00,都市：住,,,,14180012
RPVOMLPJQHLFFDF66CC,崇德段,601.02,都市：住,,,,07210000
RPXOMLPJQHLFFDF86CC,智興段,.00,都市：住,,,,01040000
RPQPMLPJQHLFFDF88CC,昊天段,33.40,都市：工,,,,08720000
RPQPMLPJQHLFFDF88CC,同新段,1.04,都市：工,,,,00060000
RPRPMLPJQHLFFDF98CC,北山段,41.59,都市：工,,,,13820000
RPSPMLPJQHLFFDF09CC,昊天段,53.41,都市：工,,,,07610000
RPSPMLLJQHLFFEF78CC,新興段,.00,都市：住,,,,03020000
RPWPMLNJQHLFFEF76CC,長興段,.00,都市：商,,,,12490000
RPTOMLNJQHLFFEF98CC,淡海段,13.78,都市：住,,,,00240000
RPVQMLMJQHLFFEF66CC,竹圍段,13658.50,非都市： ; 非都市編定：,,,,07780000
RPTOMLMJQHLFFEF88CC,埤頭段,668.42,都市：工,,,,02290000
RPUOMLLJQHLFFEF88CC,公司田段,.00,都市：住,,,,00580000
RPROMLPJQHLFFCF88DC,寶橋段,35.72,都市：工,,,,05530000
RPUNMLQJQHLFFEF76DC,中正段,3.42,都市：商,,,,05490000
RPRNMLQJQHLFFBF68CC,雙鳳段,9.14,都市：住,,,,04410000
RPQNMLQJQHLFFBF58CC,榮富段,29.33,都市：住,,,,02410000
RPPNMLQJQHLFFBF48CC,榮富段,.00,都市：住,,,,00500000
RPSNMLQJQHLFFBF78CC,光明段,15.34,都市：住,,,,11680000
RPUNMLQJQHLFFBF98CC,光榮段,40.26,都市：工,,,,05280000
RPTNMLQJQHLFFBF88CC,榮富段,5.61,都市：住,,,,09570000
RPOOMLQJQHLFFBF48CC,榮富段,16.09,都市：住,,,,09060001
RPPOMLQJQHLFFBF58CC,榮富段,12.20,都市：住,,,,02470000
RPWNMLQJQHLFFBF56CC,中原段,17.87,都市：商,,,,01930000
RPROMLQJQHLFFBF78CC,忠孝段,10.90,都市：住,,,,00660000
RPOPMLQJQHLFFBF58CC,同興段,11.54,都市：商,,,,01360000
RPQNMLQJQHLFFDF78CC,智興段,.00,都市：住,,,,02650000
RPQNMLQJQHLFFDF78CC,智興段,.00,都市：其他:道路用地,,,,02650001
RPQOMLOJQHLFFEF78CC,淡海段,20.60,都市：住,,,,00530000
RPPNMLRJQHLFFDF78CC,智興段,3.44,都市：住,,,,02650000
RPPNMLRJQHLFFDF78CC,智興段,.03,都市：住,,,,02650001
RPVNMLSJQHLFFDF86CC,智興段,5.44,都市：商,,,,05110000
RPXQMLSJQHLFFBF17CC,雙鳳段,.00,都市：住,,,,00590000
RPORMLSJQHLFFBF98CC,立德段,.00,都市：住,,,,01330000
RPQPMLSJQHLFFDF76EC,保長段,5.36,都市：住,,,,10540000
RPRNMLSJQHLFFDF66EC,保長段,5.21,都市：住,,,,09950000
RPRPMLSJQHLFFDF86EC,保長段,5.53,都市：住,,,,10540000
RPVNMLSJQHLFFCF96EC,行政段,25.76,都市：住,,,,08380000
RPRNMLTJQHLFFCF66EC,寶元段,74.91,都市：工,,,,01740000
RPUNMLTJQHLFFCF96EC,寶強段,.90,都市：住,,,,01520000
RPUNMLTJQHLFFCF96EC,寶強段,15.65,都市：住,,,,01530000
RPUNMLTJQHLFFCF96EC,寶強段,18.35,都市：其他:道路用地,,,,01550000
RPQOMLTJQHLFFDF76EC,厚德段,28.40,都市：住,,,,04990000
RPROMLTJQHLFFDF86EC,厚德段,31.76,都市：住,,,,04990000
RPVPMLTJQHLFFEF27CC,海天段,15.31,都市：住,,,,02140002
RPWOMLSJQHLFFEF17CC,海天段,12.71,都市：住,,,,01900000
RPUPMLTJQHLFFEF17CC,公司田段,14.16,都市：住,,,,00400000
RPWNMLQJQHLFFEF86CC,淡海段,14.72,都市：住,,,,00240000
RPOQMLTJQHLFFEF66CC,水仙段,34.29,都市：住,,,,03190000
RPPQMLTJQHLFFEF76CC,公司田段,15.55,都市：住,,,,00350000
RPXPMLTJQHLFFEF47CC,新市段,44.21,都市：住,,,,00530000
RPWPMLTJQHLFFEF37CC,公司田段,23.92,都市：住,,,,00190000
RPSOMLTJQHLFFIF27CC,三鶯段,462.02,非都市：一般農業區 ; 非都市編定：丁種建築用地,,,,03020000
RPPOMLTJQHLFFBF88CC,中原段,.00,都市：住,,,,01360000
RPTOMLTJQHLFFBF66CC,副都心段一小段,12.61,都市：住,,,,03290000
RPTRMLTJQHLFFBF96CC,榮富段,7.03,都市：住,,,,09060000
RPVPMLTJQHLFFHF57CC,公園段,.00,都市：住,,,,06290000
RPPSMLTJQHLFFBF66CC,恒安段,24.86,都市：住,,,,08330000
RPXRMLTJQHLFFBF37CC,立言段,21.71,都市：住,,,,03220000
RPOSMLTJQHLFFBF56CC,復興段,14.78,都市：住,,,,02290000
RPRSMLTJQHLFFBF86CC,成蘆段,.00,都市：住,,,,02340000
RPUOMLTJQHLFFDF96CC,環河段,.00,都市：工,,,,03030000
RPQSMLTJQHLFFBF76CC,榮和段,9.17,都市：住,,,,09910000
RPPPMLPJQHLFFBF58CC,中原段,.00,都市：住,,,,00020000
RPSPMLPJQHLFFBF88CC,副都心段一小段,.00,都市：商,,,,00270000
RPTPMLPJQHLFFBF98CC,泰山段二小段,.00,都市：住,,,,04960000
RPTPMLPJQHLFFBF98CC,泰山段二小段,.00,都市：住,,,,04960001
RPWOMLPJQHLFFBF56CC,黎明段,19.31,都市：住,,,,11750000
RPSOMLPJQHLFFBF78CC,黎明段,34.41,都市：住,,,,08470000
RPVOMLTJQHLFFAF76CC,頂福段,.00,都市：住,,,,00220000
RPPOMLTJQHLFFCF98CC,寶強段,.00,都市：其他:捷運系統用地,,,,00940000
RPXNMLTJQHLFFCF07CC,寶強段,.00,都市：住,,,,00930000
RPXNMLTJQHLFFCF07CC,寶強段,.00,都市：其他:捷運系統用地,,,,00940000
RPQQMLKKQHLFFBF38CC,建林段,17.94,都市：住,,,,01410000
RPOPMLTJQHLFFDF09CC,昊天段,.00,都市：工,,,,10860000
RPUNMLKKQHLFFDF68CC,智興段,.00,都市：住,,,,02650000
RPUNMLKKQHLFFDF68CC,智興段,.00,都市：其他:道路用地,,,,02650001
RPXOMLTJQHLFFDF27CC,同新段,.00,都市：工,,,,00130000
RPXNMLKKQHLFFHF76CC,連城段,.00,都市：住,,,,00440000
RPPOMLKKQHLFFHF68CC,台貿段,.00,都市：住,,,,12890000
RPOOMLKKQHLFFHF58CC,永利段,.00,都市：住,,,,00310000
RPRPMLKKQHLFFHF98CC,大同段,.00,都市：住,,,,06220000
RPPPMLKKQHLFFHF78CC,台貿段,.00,都市：住,,,,05110000
RPSPMLKKQHLFFHF09CC,南工段,.00,都市：住,,,,10920000
RPTPMLKKQHLFFHF56CC,大智段,.00,都市：住,,,,02180000
RPVPMLKKQHLFFHF76CC,華中段,26.89,都市：住,,,,00610000
RPWOMLTJQHLFFHF57CC,林森段,.00,都市：住,,,,00580000
RPUOMLOJQHLFFHF86CC,保健段,39.48,都市：住,,,,01860000
RPXOMLKKQHLFFHF86CC,中安段,.00,都市：商,,,,00370000
RPTOMLKKQHLFFHF09CC,興南段,.00,都市：住,,,,06780000
RPWOMLKKQHLFFHF76CC,安邦段,17.01,都市：住,,,,09630000
RPUOMLKKQHLFFHF56CC,華中段,47.94,都市：住,,,,00610000
RPSNMLKKQHLFFIF98CC,大學段一小段,14.47,都市：住,,,,01520000
RPTOMLKKQHLFFEF78CC,新市段,23.62,都市：住,,,,00450000
RPROMLKKQHLFFEF58CC,中正段,4.63,都市：其他:,,,,05490000
RPSNMLKKQHLFFAF38EC,府中段,21.00,都市：商,,,,16810000
RPSNMLKKQHLFFAF38EC,府中段,2.50,都市：其他:道路用地,,,,16810001
RPROMLKKQHLFFAF38EC,光環段,.00,都市：住,,,,00220000
RPQOMLKKQHLFFAF28EC,光環段,.00,都市：住,,,,00220000
RPSNMLLKQHLFFAF48EC,員和段,20.29,都市：商,,,,13550000
RPSNMLLKQHLFFAF48EC,員和段,.10,都市：住,,,,13590000
RPQOMLLKQHLFFBF38DC,榮富段,29.06,都市：住,,,,06300000
RPSOMLLKQHLFFDF88EC,保長段,1704.00,都市：住,,,,04460000
RPPQMLKKQHLFFBF28CC,力行段,18.70,都市：商,,,,02590002
RPWOMLLKQHLFFBF88CC,福基段,.00,都市：工,,,,07580000
RPWOMLLKQHLFFBF88CC,福基段,.00,都市：其他:,,,,07580001
RPRPMLLKQHLFFBF48CC,力行段,.00,都市：住,,,,00530000
RPTNMLLKQHLFFAF38CC,力行段,.00,都市：住,,,,12230004
RPTNMLLKQHLFFAF38CC,新雅段,.00,都市：住,,,,12680000
RPTPMLMKQHLFFAF68CC,大安段,56.55,都市：工,,,,07450000
RPTNMLMKQHLFFCF68CC,行政段,.00,都市：住,,,,08380000
RPSNMLMKQHLFFDF68CC,大同段,826.45,都市：工,,,,04460000
RPOOMLMKQHLFFBF18CC,榮富段,14.00,都市：住,,,,08530000
RPSOMLLKQHLFFHF09CC,民治段,.00,都市：住,,,,06610000
RPXPMLKKQHLFFHF96CC,大同段,.00,都市：住,,,,01290000
RPOQMLKKQHLFFHF78CC,永利段,15.24,都市：住,,,,10170000
RPQRMLKKQHLFFHF09CC,永平段,9.30,都市：住,,,,07130000
RPQRMLKKQHLFFHF09CC,永平段,.01,都市：其他:道路用地,,,,07130001
RPWPMLKKQHLFFHF86CC,大仁段,.00,都市：住,,,,06570000
RPSNMLKKQHLFFGF78CC,和平段,.00,都市：住,,,,02090000
RPVOMLLKQHLFFGF66CC,重新段壹小段,33.05,都市：商,,,,00010000
RPPOMLMKQHLFFGF78CC,富貴段,.00,都市：住,,,,04910000
RPWQMLMKQHLFFEF86CC,海天段,.00,都市：住,,,,06420000
RPWQMLMKQHLFFEF86CC,海天段,.00,都市：其他:道路用地,,,,06420003
RPWQMLMKQHLFFEF86CC,海天段,.00,都市：商,,,,06530000
RPWQMLMKQHLFFEF86CC,海天段,.00,都市：其他:道路用地,,,,06530004
RPWQMLMKQHLFFEF86CC,海天段,.00,都市：其他:道路用地,,,,06530005
RPPNMLMKQHLFFCF48EC,民安段,40.60,都市：住,,,,07000000
RPPNMLNKQHLFFDF48CC,智興段,.00,都市：商,,,,04410000
RPQNMLOKQHLFFEF78CC,新市段,22.18,都市：住,,,,00870000
RPQNMLNKQHLFFDF58CC,智興段,.00,都市：住,,,,01040000
RPPNMLOKQHLFFEF68CC,新市段,22.18,都市：住,,,,00870000
RPRNMLOKQHLFFEF88CC,公司田段,23.61,都市：住,,,,00690000
RPWNMLMKQHLFFHF86CC,東南段,18.20,都市：住,,,,02810000
RPWNMLMKQHLFFHF86CC,東南段,14.44,都市：住,,,,02840000
RPXOMLMKQHLFFHF07CC,民有段,.00,都市：工,,,,02940000
RPVOMLMKQHLFFHF86CC,健康段,.00,都市：工,,,,07720000
RPVOMLMKQHLFFHF86CC,健康段,.00,都市：工,,,,07730000
RPRPMLLKQHLFFHF09CC,仁和段,28.24,都市：住,,,,05460000
RPTOMLPKQHLFFHF96CC,健康段,36.68,都市：工,,,,11590000
RPQNMLPKQHLFFHF56CC,健康段,24.77,都市：工,,,,11590000
RPOPMLPKQHLFFHF56CC,四維段,19.04,都市：住,,,,01680000
RPSPMLPKQHLFFHF96CC,福和段,.00,都市：商,,,,14940000
RPQPMLPKQHLFFHF76CC,興南段,.00,都市：住,,,,07980000
RPOPMLPKQHLFFDF78CC,北山段,.00,都市：商,,,,00920000
RPOPMLPKQHLFFDF78CC,北山段,.00,都市：商,,,,01250000
RPTPMLPKQHLFFHF07CC,中安段,.00,都市：商,,,,06460000
RPTPMLPKQHLFFHF07CC,中安段,.00,都市：住,,,,06510000
RPVPMLMKQHLFFBF98CC,富國段,.00,都市：商,,,,02340000
RPOPMLMKQHLFFBF28CC,信華段二小段,.00,都市：住,,,,00090000
RPOPMLMKQHLFFBF28CC,信華段二小段,.00,都市：住,,,,00200000
RPSPMLPKQHLFFBF98CC,建林段,29.49,都市：住,,,,04220000
RPSOMLPKQHLFFBF88CC,麗林段,15.17,都市：商,,,,04070001
RPVPMLPKQHLFFBF66CC,建林段,14.84,都市：住,,,,03700000
RPXNMLPKQHLFFEF07DC,海天段,36.15,都市：工,,,,04600000
RPQOMLPKQHLFFEF98CC,臺北港段,5187.65,都市：其他:,,,,00230000
RPTNMLOKQHLFFEF09CC,公司田段,15.12,都市：住,,,,00550000
RPPOMLPKQHLFFEF88CC,大義段,32.67,都市：住,,,,04550000
RPPOMLPKQHLFFEF88CC,大義段,11.21,都市：住,,,,04560000
RPPOMLPKQHLFFEF88CC,大義段,.72,都市：住,,,,04570000
RPOOMLPKQHLFFEF78CC,正德段,26.32,都市：住,,,,07440000
RPUOMLPKQHLFFEF76CC,海鷗段,16.94,都市：住,,,,10210000
RPQNMLQKQHLFFDF88CC,中正段,30.63,都市：住,,,,15550000
RPTNMLQKQHLFFDF56CC,工建段,259.24,都市：工,,,,00140000
RPWOMLQKQHLFFIF47CC,安溪段,72.52,都市：住,,,,07930000
RPWOMLQKQHLFFIF47CC,安溪段,44.47,都市：住,,,,07940000
RPWNMLRKQHLFFDF96CC,昊天段,.00,都市：工,,,,08720000
RPPOMLRKQHLFFDF98CC,崇德段,.00,都市：住,,,,00490000
RPOPMLRKQHLFFAF68CC,大庭段,38.50,都市：住,,,,22420000
RPROMLRKQHLFFAF88CC,新板段二小段,4.51,都市：其他:第二種特定專用區,,,,00110000
RPPNMLRKQHLFFAF78EC,振興段,25.34,都市：住,,,,02080000
RPUNMLSKQHLFFAF76EC,埔墘段,.00,都市：住,,,,02160019
RPOOMLSKQHLFFAF88EC,員和段,20.29,都市：商,,,,13550000
RPOOMLSKQHLFFAF88EC,員和段,.10,都市：住,,,,13590000
RPSNMLSKQHLFFCF66DC,莊敬段,.00,都市：住,,,,00160000
RPPPMLPKQHLFFDF09EC,保長段,3.91,都市：住,,,,09950000
RPVNMLRKQHLFFEF96CC,正德段,.00,都市：住,,,,07480000
RPVNMLRKQHLFFEF96CC,正德段,.00,都市：住,,,,07470000
RPPQMLRKQHLFFEF66CC,紅毛城段,5.59,都市：住,,,,05330000
RPQPMLSKQHLFFEF86DC,海天段,.00,非都市： ; 非都市編定：,,,,02250000
RPTOMLMKQHLFFGF56CC,正義段,.00,都市：住,,,,08170000
RPPOMLQKQHLFFAF68DC,江子翠段第三崁小段,13.00,都市：住,,,,02140005
RPPOMLQKQHLFFAF68DC,江子翠段第三崁小段,4.19,都市：住,,,,02140017
RPUPMLSKQHLFFBF86CC,中原段,22.69,都市：商,,,,01930000
RPOQMLSKQHLFFBF98CC,興化段,46.05,都市：工,,,,06510000
RPPQMLSKQHLFFBF09CC,中誠段,22.30,都市：住,,,,09080000
RPPOMLSKQHLFFBF88CC,光榮段,22.71,都市：住,,,,00250000
RPXNMLSKQHLFFEF27CC,公司田段,22.93,都市：住,,,,00200000
RPXNMLSKQHLFFHF57CC,永安段,.00,都市：住,,,,01970000
RPWNMLSKQHLFFEF17CC,新興段,11.15,都市：住,,,,05830000
RPROMLSKQHLFFGF96CC,幸福段,.00,都市：住,,,,18390000
RPSNMLTKQHLFFHF17CC,永安段,.00,都市：商,,,,05220000
RPSNMLTKQHLFFHF17CC,永安段,.00,都市：住,,,,05320000
RPROMLTKQHLFFHF17CC,及人段,.00,都市：住,,,,00730000
RPROMLTKQHLFFHF17CC,及人段,.00,都市：其他:道路用地,,,,00730002
RPROMLTKQHLFFHF17CC,及人段,.00,都市：住,,,,00870000
RPROMLTKQHLFFHF17CC,及人段,.00,都市：住,,,,00880000
RPTPMLTKQHLFFGF37CC,永安段,.00,都市：住,,,,10050000
RPQOMLTKQHLFFIF17CC,大學段一小段,5.88,都市：住,,,,01840000
RPROMLTKQHLFFIF27CC,大學段一小段,5.88,都市：住,,,,01840000
RPVOMLTKQHLFFIF67CC,圳福段,13.07,都市：住,,,,06560000
RPXOMLTKQHLFFIF87CC,中華段,36.50,都市：住,,,,02260000
RPWOMLTKQHLFFIF77CC,中華段,19.02,都市：住,,,,00770000
RPPPMLTKQHLFFIF17CC,民生段,15.31,都市：住,,,,06570000
RPPPMLTKQHLFFIF17CC,民生段,.03,都市：其他:道路用地,,,,06570002
RPRPMLTKQHLFFEF96CC,公司田段,20.02,都市：住,,,,00330000
RPRPMLTKQHLFFEF96CC,公司田段,20.02,都市：住,,,,00330000
RPOPMLTKQHLFFIF17DC,中山段,119.75,都市：工,,,,04280001
RPSNMLKLQHLFFEF78DC,鄧公段,.00,非都市： ; 非都市編定：,,,,05990000
RPSOMLTKQHLFFBF66CC,建林段,.09,都市：商,,,,03800000
RPSOMLTKQHLFFBF66CC,建林段,11.69,都市：商,,,,03800001
RPVQMLSKQHLFFBF07CC,榮富段,15.77,都市：住,,,,09060000
RPQQMLSKQHLFFBF56CC,中原段,11.37,都市：商,,,,01950000
RPQNMLMLQHLFFIF09CC,大學段一小段,771.51,都市：住,,,,01350000
RPPNMLKLQHLFFEF38CC,仁愛段,3.27,都市：住,,,,00940000
RPXOMLMLQHLFFEF86CC,米倉段,6.91,都市：商,,,,07400000
RPXOMLMLQHLFFEF86CC,米倉段,23.04,都市：商,,,,07410000
RPXOMLMLQHLFFEF86CC,米倉段,4.37,都市：商,,,,07420000
RPPNMLKLQHLFFDF28CC,智興段,.00,都市：商,,,,04410000
RPSOMLTKQHLFFDF86CC,保安段,90.59,都市：工,,,,11910000
RPROMLMLQHLFFHF56CC,文化段,4.68,都市：商,,,,07500000
RPQNMLMLQHLFFDF58CC,智興段,.00,都市：商,,,,05110000
RPRNMLMLQHLFFDF68CC,中正段,.00,都市：住,,,,15600000
RPSNMLRKQHLFFGF96DC,中興段,.00,都市：工,,,,07930000
RPXNMLMLQHLFFBF09CC,自強段,101.32,都市：住,,,,11950000
RPOOMLMLQHLFFBF28CC,國宅段,11.09,都市：住,,,,00170002
RPPNMLMLQHLFFAF38EC,江子翠段第二崁小段,11.00,都市：其他:道路用地,,,,01570040
RPPNMLMLQHLFFAF38EC,江子翠段第二崁小段,96.00,都市：住,,,,01570009
RPPOMLNLQHLFFBF48CC,自立段,9.90,都市：住,,,,05080000
RPWOMLNLQHLFFBF56CC,麗林段,9.37,都市：商,,,,04070002
RPRPMLNLQHLFFBF78CC,國宅段,72.91,都市：住,,,,00970000
RPSNMLNLQHLFFAF58CC,公館段,.00,都市：住,,,,05700000
RPXOMLMLQHLFFHF17CC,健康段,32.73,都市：工,,,,07000000
RPQNMLNLQHLFFDF68CC,保長段,13026.01,都市：住,,,,09950000
RPRPMLMLQHLFFHF66CC,安邦段,.00,都市：住,,,,01350000
RPPPMLMLQHLFFHF09CC,台貿段,.00,都市：住,,,,06740000
RPUNMLNLQHLFFDF09CC,福德段,30.00,都市：住,,,,08510000
RPUNMLNLQHLFFDF09CC,福德段,3.05,都市：住,,,,08560000
RPWQMLNLQHLFFEF07CC,樹林口段樹林口小段,.81,非都市：山坡地保育區 ; 非都市編定：丙種建築用地,,,,01420000
RPWQMLNLQHLFFEF07CC,興福寮段,8.49,非都市：山坡地保育區 ; 非都市編定：丙種建築用地,,,,01550000
RPXNMLNLQHLFFDF76CC,工建段,595.04,都市：工,,,,00410000
RPXNMLOLQHLFFEF96CC,公司田段,24.70,都市：住,,,,00390000
RPOOMLNLQHLFFDF58CC,昊天段,7.64,都市：工,,,,10860000
RPSNMLOLQHLFFAF88EC,金城段,57.43,都市：住,,,,03730000
RPROMLOLQHLFFAF88EC,介壽段,.00,都市：商,,,,02970000
RPOQMLOLQHLFFGF56CC,大同南段,.00,都市：商,,,,00770000
RPOQMLOLQHLFFGF56CC,大同南段,.00,都市：商,,,,00810000
RPOQMLOLQHLFFGF56CC,大同南段,.00,都市：商,,,,00820000
RPOQMLOLQHLFFGF56CC,大同南段,.00,都市：商,,,,00870000
RPOQMLOLQHLFFGF56CC,大同南段,.00,都市：商,,,,00880000
RPOOMLOLQHLFFIF76EC,和平段,95.02,都市：住,,,,03520000
RPQPMLOLQHLFFDF56EC,智興段,.01,都市：住,,,,00480000
RPPOMLPLQHLFFDF09EC,智興段,4.98,都市：住,,,,00410000
RPSOMLPLQHLFFIF17DC,大學段二小段,16.79,都市：商,,,,00960000
RPUOMLPLQHLFFIF27CC,大學段二小段,10.22,都市：商,,,,00900000
RPQOMLPLQHLFFIF86CC,大學段一小段,41.62,都市：住,,,,00260000
RPUPMLPLQHLFFIF37CC,大學段二小段,8.22,都市：商,,,,00980000
RPQNMLMLQHLFFCF48CC,順安段,32.71,都市：住,,,,04540000
RPUNMLPKQHLFFCF09CC,中央段,189.97,都市：住,,,,10870000
RPSNMLMLQHLFFCF68CC,莊敬段,.00,都市：住,,,,04210000
RPVNMLTKQHLFFCF96CC,禾豐一段,225.09,都市：住,,,,00210000
RPTNMLSKQHLFFCF66CC,莊敬段,.00,都市：住,,,,00160000
RPTNMLPKQHLFFCF98CC,惠國段,11.09,都市：住,,,,00730000
RPPPMLQLQHLFFEF56CC,公司田段,25.01,都市：住,,,,00240000
RPWNMLPLQHLFFCF76CC,福園段,26.16,都市：住,,,,07770000
RPVOMLQLQHLFFHF37CC,樂華段,.00,都市：住,,,,08080000
RPOQMLQLQHLFFDF66EC,保長段,6.71,都市：住,,,,09950000
RPXNMLQLQHLFFHF47CC,中興段,.00,都市：商,,,,10890000
RPVOMLQLQHLFFEF27EC,公司田段,18.93,都市：住,,,,01930000
RPTOMLQLQHLFFEF07EC,公司田段,18.33,都市：住,,,,01920000
RPUOMLQLQHLFFEF17EC,公司田段,23.89,都市：住,,,,00690000
RPTOMLTLQHLFFBF86CC,雙鳳段,31.03,都市：住,,,,01660000
RPQQMLTLQHLFFBF76CC,行政段,87.76,都市：商,,,,02940000
RPSNMLTLQHLFFEF96CC,公司田段,24518.28,都市：住,,,,01210000
RPXNMLTLQHLFFEF47CC,天生段,8.58,都市：住,,,,04070000
RPPPMLTLQHLFFEF86CC,公司田段,32.36,都市：住,,,,01210000
RPPOMLTLQHLFFIF17CC,大學段一小段,21.32,都市：住,,,,00350000
RPROMLTLQHLFFIF37CC,大埔段大埔小段,843.00,非都市：一般農業區 ; 非都市編定：甲種建築用地,,,,00100000
RPRNMLTLQHLFFDF96EC,保長段,6.77,都市：住,,,,09950000
RPTNMLTLQHLFFDF17EC,保長段,6.64,都市：住,,,,09950000
RPUNMLTLQHLFFDF27EC,保長段,7.56,都市：住,,,,09950000
RPVNMLTLQHLFFDF37EC,保長段,6.71,都市：住,,,,09950000
RPOOMLTLQHLFFDF76EC,保長段,8.87,都市：住,,,,09950000
RPWNMLTLQHLFFEF47DC,公司田段,15.63,都市：住,,,,01930000
RPQOMLTLQHLFFEF96DC,正德段,13.75,都市：住,,,,08880000
RPVOMLQLQHLFFAF66CC,江子翠段第三崁小段,.00,都市：住,,,,01910004
RPPNMLSLQHLFFDF09CC,智興段,.00,都市：商,,,,04710000
RPPNMLSLQHLFFDF09CC,智興段,.00,都市：住,,,,04760000
RPPNMLRLQHLFFDF98CC,智興段,.00,都市：商,,,,03950000
RPQNMLSLQHLFFDF56CC,智興段,.00,都市：商,,,,04410000
RPQNMLLMQHLFFDF58CC,智興段,.00,都市：商,,,,04410000
RPQNMLKMQHLFFDF48CC,智興段,.00,都市：商,,,,04410000
RPRNMLLMQHLFFDF68CC,中正段,.00,都市：住,,,,17010000
RPTNMLLMQHLFFDF88CC,智興段,.00,都市：商,,,,04410000
RPXPMLLMQHLFFAF56CC,江子翠段新埔小段,48.50,都市：住,,,,00090005
RPSOMLOLQHLFFAF98EC,介壽段,.00,都市：商,,,,02970000
RPQOMLKMQHLFFAF48EC,中山段,195.00,都市：其他:第一種特定專用區(都市更新地區),,,,19150000
RPSNMLKMQHLFFHF09CC,橋和段,.00,都市：工,,,,01880000
RPQNMLKMQHLFFHF88CC,永平段,7.82,都市：住,,,,07130000
RPQNMLKMQHLFFHF88CC,永平段,.01,都市：其他:道路用地,,,,07130001
RPWQMLLMQHLFFAF56CC,江子翠段溪頭小段,16.46,都市：住,,,,00920004
RPROMLPLQHLFFAF78CC,頂福段,.00,都市：住,,,,00220000
RPRNMLPLQHLFFAF68CC,江子翠段第二崁小段,12.67,都市：住,,,,02300000
RPROMLLMQHLFFBF58CC,建林段,61.44,都市：住,,,,01000000
RPQQMLLMQHLFFBF68CC,昌隆段,16.09,都市：其他:市場用地,,,,03760000
RPOQMLLMQHLFFBF48CC,和平段,110.63,都市：住,,,,00720000
RPQRMLLMQHLFFBF78CC,中泰段,25.70,都市：其他:市場用地,,,,00530000
RPRQMLLMQHLFFBF78CC,自強段,.00,都市：住,,,,01330000
RPSQMLLMQHLFFBF88CC,自立段,17.81,都市：商,,,,11010000
RPROMLLMQHLFFCF68CC,安坑段下五十六分小段,263.00,非都市：山坡地保育區 ; 非都市編定：丙種建築用地,,,,01150024
RPROMLLMQHLFFCF68CC,安坑段下五十六分小段,3.00,非都市：山坡地保育區 ; 非都市編定：丙種建築用地,,,,01170234
RPROMLLMQHLFFCF68CC,安坑段下五十六分小段,3.00,非都市：山坡地保育區 ; 非都市編定：丙種建築用地,,,,01170242
RPROMLLMQHLFFCF68CC,安坑段下五十六分小段,3.00,非都市：山坡地保育區 ; 非都市編定：丙種建築用地,,,,01170248
RPWPMLLMQHLFFBF56CC,泰林段,20.70,都市：住,,,,13150001
RPRRMLLMQHLFFBF88CC,建林段,13.11,都市：住,,,,03360000
RPSOMLQLQHLFFCF56CC,土庫段賴仲坑小段,42.33,非都市：一般農業區 ; 非都市編定：甲種建築用地,,,,01420006
RPTRMLLMQHLFFBF09CC,立言段,22.24,都市：住,,,,04780000
RPPOMLPLQHLFFCF88DC,中央段,28.24,都市：住,,,,12390000
RPURMLLMQHLFFBF56CC,中原段,33.56,都市：住,,,,00540000
RPWRMLLMQHLFFBF76CC,自立段,24.73,都市：商,,,,09770000
RPXNMLLMQHLFFEF76CC,新興段,.49,都市：其他:,,,,09020000
RPXNMLLMQHLFFEF76CC,新興段,8.01,都市：其他:,,,,09030000
RPXNMLLMQHLFFEF76CC,新興段,1.13,都市：其他:,,,,09040000
RPUPMLLMQHLFFDF76EC,北山段,7.91,都市：住,,,,04430000
RPPSMLLMQHLFFBF78CC,榮富段,29.13,都市：住,,,,04940000
RPVPMLLMQHLFFDF86EC,保長段,8.53,都市：住,,,,09950000
RPPPMLLMQHLFFGF98CC,雙園段,.00,都市：住,,,,05720000
RPXRMLLMQHLFFBF86CC,丹鳳段,15.86,都市：住,,,,02050000
RPUOMLLMQHLFFHF86CC,圓通段,20.90,都市：住,,,,05770000
RPVNMLLJRHLFFDF98DC,厚德段,10.15,都市：住,,,,00830000
RPPOMLLJRHLFFGF68CC,幸福段,.00,都市：住,,,,07820000
RPSOMLLMQHLFFHF66CC,中和段,23.42,都市：住,,,,03560000
RPRNMLLJRHLFFIF98CC,永安段,16.27,都市：住,,,,20200000
RPUOMLLJRHLFFEF98CC,新興段,.00,都市：住,,,,06470000
RPUOMLLJRHLFFEF98CC,新興段,.00,都市：其他:道路用地,,,,06470001
RPPOMLLJRHLFFHF78CC,健康段,.00,都市：工,,,,11590000
RPROMLLJRHLFFHF98CC,健康段,.00,都市：工,,,,11600000
RPWNMLLJRHLFFHF76CC,復興段,52.72,都市：商,,,,08760000
RPWNMLLJRHLFFDF98CC,昊天段,29.69,都市：工,,,,08720000
RPWNMLLJRHLFFDF98CC,同新段,.93,都市：工,,,,00060000
RPPPMLLJRHLFFHF88CC,健康段,.00,都市：工,,,,10650000
RPROMLMJRHLFFCF58CC,寶橋段,23.68,都市：工,,,,00800000
RPRPMLLJRHLFFHF09CC,板南段,.00,都市：工,,,,03820000
RPRPMLLJRHLFFHF09CC,板南段,.00,都市：其他:道路用地,,,,03820001
RPSNMLMJRHLFFHF09CC,安樂段,18.40,都市：住,,,,06810000
RPPNMLMJRHLFFAF08CC,江子翠段第二崁小段,9.09,都市：商,,,,01980000
RPSNMLMJRHLFFAF38CC,中山段,6.51,都市：其他:第一種特定專用區,,,,06680000
RPQPMLLJRHLFFHF98CC,信和段,.00,都市：住,,,,00470000
RPRPMLMJRHLFFAF68EC,金城段,3.55,都市：住,,,,03900000
RPVPMLMJRHLFFAF88CC,府中段,.00,都市：商,,,,04100000
RPWOMLPJRHLFFAF56CC,光環段,.00,都市：住,,,,00220000
RPSPMLMJRHLFFAF78EC,金城段,2845.56,都市：住,,,,03440000
RPRQMLPJRHLFFAF88CC,光華段,38.25,都市：住,,,,16540004
RPWQMLPJRHLFFAF76CC,國光段,23.00,都市：住,,,,00460000
RPTOMLPJRHLFFCF09CC,寶強段,.00,都市：其他:捷運系統用地,,,,00940000
RPWRMLPJRHLFFAF86CC,大庭段,48.50,都市：住,,,,22510000
RPXNMLLJRHLFFDF09CC,昊天段,23.75,都市：工,,,,08720000
RPXNMLLJRHLFFDF09CC,同新段,.74,都市：工,,,,00060000
RPOOMLLJRHLFFDF28CC,昊天段,23.30,都市：工,,,,08720000
RPOOMLLJRHLFFDF28CC,同新段,.73,都市：工,,,,00060000
RPTOMLPJRHLFFGF86CC,仁愛段,.00,都市：商,,,,17570000
RPUOMLPJRHLFFEF76CC,海天段,4.68,都市：住,,,,01900000
RPUOMLPJRHLFFGF96CC,中興段,.00,都市：工,,,,08830000
RPVOMLPJRHLFFEF86CC,海天段,5.09,都市：住,,,,01900000
RPROMLPJRHLFFAF88EC,新板段二小段,.00,都市：其他:第二種特定專業區,,,,00080000
RPTPMLPJRHLFFAF56EC,沛陂段,2554.19,都市：工,,,,07160000
RPSQMLPJRHLFFAF56EC,成功段,15.75,都市：住,,,,07140000
RPUOMLPJRHLFFCF66DC,中正段,14.60,都市：其他:捷運系統用地,,,,01650000
RPUOMLPJRHLFFCF66DC,中正段,.00,都市：住,,,,01650001
RPUOMLPJRHLFFCF66DC,中華段,2.98,都市：其他:捷運系統用地,,,,07500000
RPWOMLPJRHLFFEF17EC,新小基隆段埔頭坑小段,3.72,都市：住,,,,00740017
RPPOMLLJRHLFFDF38CC,昊天段,22.86,都市：工,,,,08720000
RPPOMLLJRHLFFDF38CC,同新段,.71,都市：工,,,,00060000
RPPNMLOJRHLFFDF58CC,智興段,.00,都市：商,,,,04710000
RPPNMLOJRHLFFDF58CC,智興段,.00,都市：住,,,,04760000
RPQNMLOJRHLFFDF68CC,智興段,.00,都市：商,,,,04860000
RPQNMLNJRHLFFDF58CC,昊天段,6674.07,都市：住,,,,11000000
RPQNMLNJRHLFFDF58CC,昊天段,29.61,都市：住,,,,11650003
RPQNMLNJRHLFFDF58CC,昊天段,1.02,都市：其他:,,,,11650004
RPTNMLPJRHLFFIF96CC,民生段,31.45,都市：住,,,,02210000
RPTRMLPJRHLFFIF37CC,大學段二小段,8.94,都市：商,,,,00980000
RPVNMLPJRHLFFIF17CC,大學段二小段,11.60,都市：住,,,,01150000
RPWRMLQJRHLFFBF07CC,中泰段,.00,都市：住,,,,06290000
RPWTMLQJRHLFFBF27CC,同榮段,58.01,都市：住,,,,04990000
RPXTMLQJRHLFFBF37CC,同興段,9.70,都市：商,,,,01350000
RPVPMLRJRHLFFAF76CC,中山段,.00,都市：住,,,,10840000
RPOQMLQJRHLFFBF78CC,國宅段,69.24,都市：住,,,,00970000
RPSNMLQJRHLFFBF88CC,力行段,24.84,都市：商,,,,02590000
RPXPMLQJRHLFFBF96CC,國宅段,38.06,都市：住,,,,00970000
RPRNMLQJRHLFFBF78CC,力行段,24.84,都市：商,,,,02590000
RPPNMLQJRHLFFBF58CC,麗林段,7.24,都市：商,,,,04070004
RPPNMLRJRHLFFGF56CC,中興段,.00,都市：工,,,,02650000
RPPOMLRJRHLFFGF66CC,興德段,.00,都市：工,,,,03700000
RPVPMLRJRHLFFGF37CC,德新段,.00,都市：住,,,,07450000
RPTOMLRJRHLFFGF07CC,正義段,.00,都市：住,,,,03400000
RPTQMLRJRHLFFIF47CC,博愛段,.00,都市：商,,,,09330000
RPXOMLRJRHLFFHF57CC,景福段,.00,都市：住,,,,04270000
RPWOMLRJRHLFFHF47CC,保平段,.00,都市：商,,,,04910000
RPROMLRJRHLFFHF96CC,安邦段,17.01,都市：住,,,,09630000
RPSOMLRJRHLFFHF07CC,景華段,.00,都市：住,,,,00420000
RPUOMLRJRHLFFHF27CC,保福段,.00,都市：住,,,,12630000
RPRPMLRJRHLFFEF86DC,中興段,10.00,都市：住,,,,09140000
RPWOMLSJRHLFFAF07EC,中山段,17.26,都市：住,,,,00450000
RPOPMLRJRHLFFHF76CC,中正段,.00,都市：住,,,,07580000
RPRPMLSJRHLFFCF76DC,中正段,17.66,都市：其他:捷運系統用地,,,,01650000
RPRPMLSJRHLFFCF76DC,中正段,.00,都市：其他:第四種住宅區,,,,01650001
RPRPMLSJRHLFFCF76DC,中華段,3.60,都市：其他:捷運系統用地,,,,07500000
RPXQMLRJRHLFFAF27EC,江子翠段第二崁小段,13.76,都市：住,,,,02300000
RPQNMLSJRHLFFHF86CC,板南段,62.33,都市：工,,,,03110000
RPQOMLSJRHLFFHF96CC,永利段,14.50,都市：其他:市場用地,,,,01960000
RPQOMLSJRHLFFHF96CC,永利段,5.00,都市：其他:市場用地,,,,01970000
RPQOMLSJRHLFFHF96CC,永利段,7.00,都市：其他:市場用地,,,,01980000
RPPOMLSJRHLFFAF78CC,樂利段,28.62,都市：住,,,,10710000
RPPNMLSJRHLFFDF98CC,智興段,.00,都市：商,,,,04410000
RPWPMLSJRHLFFBF07CC,中原段,.00,都市：住,,,,02370000
RPUNMLRJRHLFFEF86CC,新市段,17.98,都市：住,,,,00620000
RPTSMLRJRHLFFEF27CC,海天段,.00,都市：住,,,,01820002
RPUNMLTJRHLFFHF37CC,南山段,.00,都市：其他:部分住宅區部分捷運系統用地,,,,08540000
RPTNMLTJRHLFFHF27CC,錦和段,.00,都市：住,,,,09720000
RPWNMLTJRHLFFHF57CC,樂華段,.00,都市：住,,,,07580000
RPOOMLTJRHLFFHF86CC,華中段,26.94,都市：住,,,,00610000
RPXNMLTJRHLFFHF67CC,南工段,.00,都市：住,,,,04050000
RPQOMLTJRHLFFHF07CC,東南段,28.84,都市：其他:部分住宅區部分道路用地,,,,03700000
RPPOMLTJRHLFFCF09CC,大豐段,.00,都市：其他:市場用地,,,,10710000
RPPOMLTJRHLFFCF09CC,大豐段,.00,都市：其他:市場用地,,,,10730000
RPTOMLQJRHLFFCF56CC,復興段,54.98,都市：工,,,,01620000
RPROMLQJRHLFFCF98CC,寶元段,93.64,都市：工,,,,01740000
RPROMLQJRHLFFCF98CC,寶元段,.18,都市：其他:道路用地,,,,01740001
RPOOMLTJRHLFFDF09CC,智興段,.00,都市：住,,,,02650000
RPOOMLTJRHLFFDF09CC,智興段,.00,都市：其他:道路用地,,,,02650001
RPPNMLTJRHLFFIF96CC,大仁段,3.75,都市：住,,,,08140000
RPSNMLTJRHLFFDF76CC,智興段,.00,都市：商,,,,04410000
RPUNMLTJRHLFFEF07CC,海天段,.00,都市：住,,,,04020000
RPSNMLSJRHLFFDF66CC,智興段,.00,都市：商,,,,04410000
RPXNMLTJRHLFFEF47DC,三空泉段,41.17,非都市：山坡地保育區 ; 非都市編定：丙種建築用地,,,,02510000
RPXNMLTJRHLFFEF47DC,興福寮段,21.11,非都市：山坡地保育區 ; 非都市編定：丙種建築用地,,,,02240000
RPQPMLTJRHLFFHF27DC,林森段,.00,都市：住,,,,07670000
RPPNMLKKRHLFFAF18EC,府中段,24.25,都市：住,,,,07470000
RPPNMLKKRHLFFAF18EC,府中段,.75,都市：其他:道路用地,,,,07470001
RPPOMLTJRHLFFBF09DC,忠孝段,23.08,都市：住,,,,09300000
RPPNMLKKRHLFFHF88EC,新和段,23.89,都市：住,,,,03410000
RPQNMLKKRHLFFHF98EC,福祥段,3.83,都市：住,,,,04010000
RPQQMLKKRHLFFEF78CC,公司田段,44.62,都市：住,,,,01210000
RPRNMLKKRHLFFHF09EC,雙和段,1.23,都市：住,,,,02910000
RPRNMLKKRHLFFHF09EC,雙和段,2.44,都市：商,,,,02920000
RPQRMLKKRHLFFEF88CC,紅毛城段,59.45,都市：住,,,,03760000
RPRPMLKKRHLFFAF38CC,員和段,.00,都市：商,,,,13550000
RPRRMLKKRHLFFAF58CC,中山段,.00,都市：住,,,,11950000
RPPPMLKKRHLFFBF28CC,公正段,637.11,都市：工,,,,05210000
RPPPMLKKRHLFFBF28CC,公正段,27.42,都市：其他:道路用地,,,,05220000
RPRPMLKKRHLFFBF48CC,新工段一小段,76.22,非都市：工業區 ; 非都市編定：丁種建築用地,,,,00020000
RPSPMLKKRHLFFBF58CC,新工段一小段,117.26,非都市：工業區 ; 非都市編定：丁種建築用地,,,,00020000
RPSPMLMJRHLFFHF66CC,中原段,.00,都市：工,,,,05230000
RPROMLTJRHLFFHF17CC,連城段,.00,都市：住,,,,06270000
RPOPMLKKRHLFFHF78CC,保生段,24.22,都市：住,,,,06350000
RPPQMLTJRHLFFHF17CC,永安段,.00,都市：商,,,,08520000
RPSOMLTJRHLFFHF27CC,公園段,.00,都市：住,,,,04670000
RPPOMLKKRHLFFHF78CC,永福段,42.00,都市：商,,,,09840000
RPPOMLKKRHLFFHF78CC,永福段,36.00,都市：商,,,,09850000
RPRQMLTJRHLFFHF37CC,大華段,37.64,都市：商,,,,00260000
RPRQMLTJRHLFFHF37CC,大華段,29.47,都市：商,,,,00270000
RPPPMLMKRHLFFEF78CC,海天段,12.72,都市：住,,,,01900000
RPWPMLMKRHLFFBF56CC,國宅段,.00,都市：住,,,,00170001
RPXNMLMKRHLFFGF96CC,正義北段,.00,都市：住,,,,16000000
RPPPMLNKRHLFFDF98EC,保長段,3.91,都市：住,,,,09950000
RPQNMLNKRHLFFDF68CC,智興段,.00,都市：商,,,,05060000
RPRNMLNKRHLFFDF78CC,智興段,.00,都市：商,,,,05060000
RPQPMLNKRHLFFDF09EC,保長段,3.91,都市：住,,,,09950000
RPPRMLNKRHLFFEF09CC,海天段,.02,都市：住,,,,06420000
RPPRMLNKRHLFFEF09CC,海天段,.00,都市：住,,,,06420003
RPPRMLNKRHLFFEF09CC,海天段,2.91,都市：住,,,,06530000
RPPRMLNKRHLFFEF09CC,海天段,.21,都市：住,,,,06530004
RPPRMLNKRHLFFEF09CC,海天段,.01,都市：住,,,,06530005
RPVNMLNKRHLFFGF86CC,永德段,.00,都市：住,,,,09860000
RPVOMLNKRHLFFGF07DC,集美段,.00,都市：商,,,,00090000
RPQOMLNKRHLFFEF88CC,正德段,15.19,都市：住,,,,08830000
RPWOMLNKRHLFFGF07CC,光興段,.00,都市：商,,,,05000000
RPSOMLNKRHLFFHF76CC,永平段,.00,都市：住,,,,06200000
RPUOMLNKRHLFFHF96CC,南山段,.00,都市：其他:部分住宅區部分捷運系統系統用地,,,,08540000
RPPNMLOKRHLFFHF09CC,永安段,.00,都市：商,,,,08510000
RPPNMLOKRHLFFHF09CC,永安段,.00,都市：商,,,,08820000
RPPNMLOKRHLFFHF09CC,永安段,.00,都市：商,,,,08830000
RPVOMLNKRHLFFHF07CC,公園段,.00,都市：住,,,,04670000
RPUOMLOKRHLFFHF07CC,公園段,.00,都市：住,,,,02790000
RPXOMLOKRHLFFGF27CC,大安段,.00,都市：住,,,,02120000
RPXOMLOKRHLFFGF27CC,大安段,.00,都市：住,,,,02130000
RPXOMLOKRHLFFGF27CC,大安段,.00,都市：住,,,,02140000
RPXOMLOKRHLFFGF27CC,大安段,.00,都市：住,,,,02150000
RPXOMLOKRHLFFGF27CC,大安段,.00,都市：其他:,,,,02150001
RPOPMLOKRHLFFHF56CC,橋和段,39.49,都市：工,,,,01880000
RPOPMLOKRHLFFEF88CC,海鷗段,2.62,都市：住,,,,11910000
RPVNMLOKRHLFFDF66CC,智興段,.00,都市：商,,,,05110000
RPSNMLOKRHLFFBF78CC,行政段,.00,都市：商,,,,03970000
RPUOMLOKRHLFFBF09CC,德音段,13.84,都市：住,,,,06870000
RPPNMLOKRHLFFDF88EC,保長段,12.63,都市：住,,,,09950000
RPQNMLOKRHLFFDF98EC,保長段,3.97,都市：住,,,,09950000
RPRNMLOKRHLFFDF09EC,保長段,6.64,都市：住,,,,09950000
RPSNMLOKRHLFFDF56EC,保長段,5.35,都市：住,,,,10540000
RPQNMLPKRHLFFGF56CC,大有段,24.43,都市：工,,,,05060000
RPRQMLOKRHLFFBF98CC,力行段,35.29,都市：商,,,,02590003
RPPNMLQKRHLFFGF56CC,集美段,48.59,都市：住,,,,02930000
RPPNMLQKRHLFFGF56CC,集美段,3.02,都市：住,,,,02930001
RPWNMLMKRHLFFEF86EC,新興段,38.25,都市：住,,,,03160000
RPRNMLQKRHLFFHF86CC,永福段,.00,都市：住,,,,04590000
RPPNMLSKRHLFFEF56CC,公司田段,25.67,都市：住,,,,00100001
RPUPMLTKRHLFFEF37CC,公司田段,59.09,都市：住,,,,01210000
RPUOMLTKRHLFFEF27CC,海天段,.00,都市：工,,,,04600000
RPSQMLTKRHLFFEF27CC,海天段,20.71,都市：住,,,,03880000
RPUNMLTKRHLFFHF47CC,中信段,.00,都市：其他:捷運系統用地,,,,04670000
RPRPMLTKRHLFFBF76CC,黎明段,154.79,都市：商,,,,00480000
RPVPMLTKRHLFFHF77CC,捷運段,13.08,都市：其他:捷運系統用地,,,,00080000
RPVPMLTKRHLFFBF17CC,忠孝段,22.88,都市：住,,,,03890000
RPWQMLTKRHLFFBF37CC,忠孝段,.00,都市：住,,,,06560000
RPPNMLTKRHLFFDF56CC,智興段,.00,都市：其他:市場用地,,,,10610000
RPXRMLTKRHLFFBF57CC,力行段,9.26,都市：商,,,,02150000
RPVOMLTKRHLFFAF96CC,埔墘段,47.50,都市：住,,,,00570016
RPWOMLTKRHLFFAF07CC,江子翠段第二崁小段,10.48,都市：住,,,,02310000
RPVOMLTKRHLFFCF17CC,寶強段,.00,都市：其他:捷運系統用地,,,,00940000
RPTOMLTKRHLFFAF96EC,仁愛段,.00,都市：其他:通訊數位專用區,,,,11990001
RPTOMLKLRHLFFAF78EC,文化段,2.10,都市：住,,,,11980000
RPVPMLTKRHLFFAF17DC,延吉段,31.02,都市：住,,,,01950000
RPTPMLOKRHLFFIF17CC,大學段二小段,13.70,都市：商,,,,00980000
RPUNMLKKRHLFFIF66CC,大湖段大竹圍小段,86.00,非都市：山坡地保育區 ; 非都市編定：丙種建築用地,,,,01350057
RPQNMLLKRHLFFIF98CC,大學段二小段,18.59,都市：住,,,,00100002
RPVPMLOKRHLFFIF37CC,大學段一小段,5.34,都市：住,,,,00910000
RPWPMLOKRHLFFIF47CC,民生段,2.63,都市：住,,,,06570000
RPSPMLOKRHLFFIF07CC,介壽段,29.90,都市：住,,,,00090008
RPXPMLKLRHLFFCF76DC,行政段,.00,都市：住,,,,08380000
RPWNMLMKRHLFFIF07CC,圳民段,79.92,都市：工,,,,01650000
RPWPMLKLRHLFFBF09CC,五工段,.00,非都市：工業區 ; 非都市編定：丁種建築用地,,,,01130000
RPTQMLKLRHLFFBF88CC,雙鳳段,.00,都市：住,,,,01660000
RPXNMLKLRHLFFHF96CC,民樂段,.00,都市：住,,,,01250000
RPXNMLKLRHLFFHF96CC,民樂段,.00,都市：住,,,,01260000
RPSOMLKLRHLFFHF56CC,台貿段,.00,都市：住,,,,10080000
RPROMLKLRHLFFHF09CC,華中段,24.96,都市：住,,,,00480000
RPQPMLKLRHLFFEF78CC,新市段,.00,都市：住,,,,00120000
RPPPMLKLRHLFFGF88CC,重陽段,35.34,都市：住,,,,01460000
RPUNMLKLRHLFFIF76CC,介壽段,34.22,都市：住,,,,00010011
RPPNMLKLRHLFFIF88CC,圳福段,11.94,都市：住,,,,06560000
RPUOMLLLRHLFFIF96CC,大學段一小段,22.50,都市：商,,,,00490000
RPVOMLLLRHLFFIF07CC,大學段二小段,15.57,都市：商,,,,00900000
RPXOMLLLRHLFFIF27CC,大學段一小段,13.09,都市：住,,,,01510001
RPWOMLLLRHLFFIF17CC,大學段二小段,10.99,都市：住,,,,01150000
RPQNMLLLRHLFFGF88CC,富貴段,.00,都市：住,,,,04470000
RPWOMLLLRHLFFEF76CC,海天段,.02,都市：住,,,,06420000
RPWOMLLLRHLFFEF76CC,海天段,.00,都市：住,,,,06420003
RPWOMLLLRHLFFEF76CC,海天段,2.62,都市：住,,,,06530000
RPWOMLLLRHLFFEF76CC,海天段,.19,都市：住,,,,06530004
RPWOMLLLRHLFFEF76CC,海天段,.01,都市：住,,,,06530004
RPXNMLKLRHLFFDF56CC,工建段,1836.69,都市：工,,,,00620000
RPVOMLKLRHLFFDF09CC,同新段,17.45,都市：工,,,,00130000
RPUOMLKLRHLFFDF98CC,同新段,2.39,都市：工,,,,00130000
RPTOMLKLRHLFFDF88CC,同新段,2.39,都市：工,,,,00130000
RPSOMLKLRHLFFDF78CC,同新段,2.39,都市：工,,,,00130000
RPROMLKLRHLFFDF68CC,同新段,3.83,都市：工,,,,00130000
RPSNMLLLRHLFFDF78CC,大同段,.00,都市：住,,,,07140000
RPWOMLKLRHLFFDF56CC,同新段,17.45,都市：工,,,,00130000
RPWOMLLLRHLFFDF66CC,北山段,.00,都市：工,,,,13520000
RPVOMLLLRHLFFDF56CC,昊天段,41.89,都市：工,,,,10860000
RPUNMLMLRHLFFDF09CC,智興段,.00,都市：商,,,,04410000
RPRNMLMLRHLFFDF78CC,智興段,.00,都市：住,,,,14180006
RPRNMLMLRHLFFDF78CC,智興段,.00,都市：住,,,,14180001
RPROMLLLRHLFFCF68CC,環河段,.00,都市：住,,,,04070000
RPWOMLMLRHLFFCF66CC,北新段,.00,都市：住,,,,05840000
RPXNMLLLRHLFFCF56CC,安和段,.00,都市：住,,,,03580000
RPVNMLMLRHLFFDF56CC,建成段,.00,都市：住,,,,04290000
RPUNMLMLRHLFFIF96CC,大學段一小段,43.96,都市：住,,,,00770000
RPWOMLMLRHLFFDF96EC,保長段,8.86,都市：住,,,,09950000
RPVPMLMLRHLFFIF27CC,國慶段,.00,都市：住,,,,12620000
RPQNMLMLRHLFFHF09CC,秀峰段,27.43,都市：住,,,,01180000
RPVOMLMLRHLFFDF86EC,保長段,6.90,都市：住,,,,09950000
RPQQMLNLRHLFFDF66EC,保長段,4.03,都市：住,,,,09950000
RPTQMLNLRHLFFDF96EC,保長段,5.38,都市：住,,,,10540000
RPRQMLNLRHLFFDF76EC,保長段,6.64,都市：住,,,,09950000
RPXNMLNLRHLFFCF96EC,寶強段,.00,都市：住,,,,00930000
RPOOMLNLRHLFFCF78EC,寶強段,.00,都市：其他:捷運系統用地,,,,00940000
RPWNMLNLRHLFFHF17CC,永平段,84.94,都市：住,,,,00520000
RPPOMLNLRHLFFCF88EC,寶強段,.00,都市：其他:捷運系統用地,,,,00940000
RPXNMLNLRHLFFHF27CC,瓦?段,.00,都市：商,,,,03000000
RPOOMLNLRHLFFHF09CC,保健段,.00,都市：住,,,,00180000
RPSRMLNLRHLFFHF17CC,福和段,6.33,都市：商,,,,02680000
RPSRMLNLRHLFFHF17CC,福和段,1.17,都市：商,,,,02690000
RPSRMLNLRHLFFHF17CC,福和段,6.17,都市：商,,,,02700000
RPTNMLNLRHLFFBF88CC,德音段,18.47,都市：住,,,,02860000
RPUNMLNLRHLFFBF98CC,思源段,36.85,都市：住,,,,09660000
RPWOMLNLRHLFFBF66CC,復興段,45.45,都市：住,,,,03230000
RPUOMLNLRHLFFBF09CC,副都心段一小段,23.03,都市：商,,,,00120000
RPXOMLNLRHLFFBF76CC,中原段,39.35,都市：住,,,,00290000
RPQPMLNLRHLFFBF78CC,副都心段一小段,26.68,都市：商,,,,00120000
RPRPMLNLRHLFFBF88CC,榮富段,.00,都市：住,,,,09060001
RPOPMLNLRHLFFBF58CC,福營段,5.80,都市：工,,,,08000000
RPTPMLNLRHLFFBF09CC,副都心段一小段,5.29,都市：商,,,,00110000
RPWPMLNLRHLFFBF76CC,思賢段,93.97,都市：住,,,,06930000
RPXPMLNLRHLFFBF86CC,泰山段三小段,10.74,都市：工,,,,07680000
RPUOMLMLRHLFFEF66CC,公司田段,.00,都市：住,,,,01930000
RPXOMLLLRHLFFBF56CC,公館段,.00,都市：工,,,,08660001
RPPPMLLLRHLFFBF48CC,建林段,19.41,都市：住,,,,01430000
RPXOMLNLRHLFFAF66CC,海山段,.00,都市：住,,,,01140000
RPOPMLNLRHLFFAF48CC,新板段三小段,3.45,都市：其他:第二種特定專區,,,,00250000
RPPNMLOLRHLFFAF48CC,大庭段,23.25,都市：住,,,,02360000
RPORMLNLRHLFFBF78CC,雙鳳段,11.29,都市：住,,,,06950000
RPVQMLNLRHLFFBF76CC,自立段,24.73,都市：商,,,,09770000
RPSQMLNLRHLFFBF09CC,副都心段一小段,5.92,都市：商,,,,00110000
RPPRMLNLRHLFFBF88CC,光榮段,23.64,都市：住,,,,00740000
RPOQMLNLRHLFFBF68CC,榮富段,22.23,都市：住,,,,08680000
RPQQMLNLRHLFFBF88CC,思源段,13.18,都市：住,,,,15440000
RPPNMLOLRHLFFHF56CC,盛昌段,.00,都市：住,,,,01110000
RPQNMLPLRHLFFBF78CC,建林段,32.12,都市：住,,,,08040000
RPTPMLQLRHLFFBF76CC,副都心段一小段,10.18,都市：住,,,,01250000
RPRNMLPLRHLFFBF88CC,力行段,16.75,都市：住,,,,12020000
RPUPMLQLRHLFFBF86CC,中原段,31.80,都市：住,,,,01020000
RPPNMLQLRHLFFAF68CC,港子嘴段,30.68,都市：住,,,,01910010
RPTPMLQLRHLFFAF66CC,文化段,22.00,都市：住,,,,27990000
RPQNMLOLRHLFFAF58CC,大觀段,34.21,都市：住,,,,01710000
RPQNMLOLRHLFFAF58CC,大觀段,34.11,都市：住,,,,01720000
RPUNMLQLRHLFFDF86CC,智興段,.00,都市：商,,,,05000000
RPSNMLQLRHLFFHF07CC,橋和段,.00,都市：工,,,,01580000
RPSNMLQLRHLFFHF07CC,橋和段,.00,都市：工,,,,01590000
RPXQMLMLRHLFFBF86CC,泰山段三小段,98.00,都市：住,,,,00170000
RPSNMLNLRHLFFBF78CC,芳洲段,12.69,都市：住,,,,00300000
RPUOMLNLRHLFFGF96CC,中興段,4.10,都市：其他:捷運系統用地,,,,04580000
RPSPMLQLRHLFFHF27CC,圓通段,.00,都市：住,,,,08650000
RPQPMLQLRHLFFHF07CC,圓通段,.00,都市：住,,,,08650000
RPPPMLQLRHLFFHF96CC,南山段,.00,都市：住,,,,08020000
RPVOMLQLRHLFFHF47CC,華新段,18.46,都市：住,,,,07100000
RPVOMLQLRHLFFHF47CC,華新段,9.59,都市：其他:保護區,,,,07040000
RPOPMLQLRHLFFHF86CC,南工段,9.82,都市：住,,,,10920000
RPTPMLQLRHLFFHF37CC,得和段,.00,都市：商,,,,09360000
RPXOMLQLRHLFFHF67CC,中和段,.00,都市：住,,,,04280000
RPSNMLQLRHLFFEF76CC,公司田段,20.54,都市：住,,,,00240000
RPPNMLSLRHLFFEF66CC,公司田段,15.87,都市：住,,,,00690000
RPUOMLQLRHLFFIF47CC,福德段,17.38,都市：住,,,,05800000
RPUOMLQLRHLFFIF47CC,福德段,1.64,都市：其他:道路用地,,,,06010000
RPURMLQLRHLFFDF47EC,保長段,3.91,都市：住,,,,09950000
RPVPMLQLRHLFFBF96CC,副都心段一小段,9.58,都市：住,,,,03290000
RPROMLTLRHLFFAF66CC,瑞興段,22.14,都市：商,,,,03840000
RPPQMLQLRHLFFBF09CC,國宅段,22.60,都市：住,,,,00520005
RPVQMLQLRHLFFBF07CC,昌隆段,.00,都市：住,,,,06470000
RPXPMLQLRHLFFBF17CC,復興段,45.45,都市：住,,,,03230000
RPWOMLTLRHLFFAF17CC,成功段,11.71,都市：住,,,,06490000
RPVOMLTLRHLFFBF17CC,忠孝段,9.05,都市：住,,,,04520000
RPQQMLTLRHLFFBF86CC,光明段,.00,都市：住,,,,04220000
RPSPMLTLRHLFFBF96CC,國宅段,.00,都市：住,,,,00310002
RPPRMLTLRHLFFBF86CC,建林段,42.68,都市：住,,,,00930000
RPTPMLTLRHLFFEF47DC,馬偕段,.00,非都市： ; 非都市編定：,,,,01960000
RPSOMLTLRHLFFEF37EC,新市段,17.18,都市：住,,,,00870000
RPTNMLKMRHLFFHF86EC,民富段,.00,都市：工,,,,02120000
RPTNMLKMRHLFFHF86EC,民富段,.00,都市：工,,,,02130000
RPTNMLKMRHLFFHF86EC,民富段,.00,都市：工,,,,02140000
RPUNMLKMRHLFFHF96EC,民有段,.00,都市：工,,,,05580000
RPVNMLKMRHLFFHF07EC,民富段,.00,都市：工,,,,02120000
RPVNMLKMRHLFFHF07EC,民富段,.00,都市：工,,,,02130000
RPVNMLKMRHLFFHF07EC,民富段,.00,都市：工,,,,02140000
RPQOMLKMRHLFFBF48CC,建林段,33.38,都市：住,,,,08630000
RPVNMLKMRHLFFDF09CC,昊天段,116.36,都市：工,,,,10860000
RPVPMLKMRHLFFIF17CC,鳳祥段,24.42,都市：住,,,,11870000
RPSOMLKMRHLFFAF58CC,文化段,.00,都市：住,,,,11980000
RPSPMLKMRHLFFEF09CC,海天段,25.32,都市：住,,,,04600000
RPRNMLLJIILFFEF77CC,竹圍段,82.83,都市：商,,,,02330000
RPQPMLNJIILFFIF48CC,鳳福段,18.90,都市：住,,,,09670000
RPTNMLNJIILFFDF08CC,智興段,.00,都市：住,,,,02460000
RPUNMLNJIILFFDF18CC,智興段,7.44,都市：住,,,,02650000
RPUNMLNJIILFFDF18CC,智興段,.07,都市：住,,,,02650001
RPOOMLNJIILFFDF67CC,智興段,.00,都市：商,,,,04860000
RPXOMLNJIILFFAF28CC,文化段,26.00,都市：住,,,,05970002
RPXTMLNJIILFFBF88CC,富國段,.00,都市：商,,,,02300000
RPTNMLNJIILFFEF38EC,公司田段,28.09,都市：住,,,,01920000
RPROMLNJIILFFCF97DC,香坡段,26.47,非都市：山坡地保育區 ; 非都市編定：丙種建築用地,,,,01350000
RPROMLNJIILFFCF97DC,香坡段,20.87,非都市：山坡地保育區 ; 非都市編定：丙種建築用地,,,,01340000
RPXOMLQLRHLFFAF17EC,信義段,37.47,都市：工,,,,01360000
RPSPMLNJIILFFDF38EC,保長段,6.71,都市：住,,,,09950000
RPVOMLNJIILFFGF78DC,永安段,.00,都市：住,,,,11490000
RPSPMLOJIILFFHF78DC,南工段,8.78,都市：住,,,,01820000
RPRQMLOJIILFFBF08CC,佳林段,.00,都市：住,,,,03850000
RPTOMLOJIILFFHF88EC,信義段,28.09,都市：商,,,,03430000
RPXNMLTLRHLFFHF87CC,南山段,.00,都市：住,,,,04230000
RPTOMLTLRHLFFHF57CC,保生段,.00,都市：住,,,,04420000
RPSPMLNJIILFFHF58CC,連城段,.00,都市：住,,,,01670000
RPPNMLMJIILFFHF97CC,秀山段,4.65,都市：住,,,,04380000
RPPNMLMJIILFFHF97CC,秀山段,20.43,都市：住,,,,04390000
RPVNMLOJIILFFAF08CC,文化段,2.18,都市：住,,,,11980000
RPWNMLOJIILFFDF48CC,同新段,17.45,都市：工,,,,00130000
RPTOMLTLRHLFFGF47CC,仁興段,.00,都市：住,,,,10520000
RPRNMLOJIILFFGF28CC,成功段,.00,都市：商,,,,12370000
RPSPMLOJIILFFGF58CC,興德段,.00,都市：工,,,,06800000
RPQPMLOJIILFFGF38CC,頂崁段,556.13,都市：工,,,,15040000
RPWOMLQLRHLFFGF47CC,永安段,.00,都市：住,,,,27890000
RPQPMLOJIILFFHF48CC,中和段,.00,都市：住,,,,03220000
RPQPMLOJIILFFHF48CC,中和段,.00,都市：住,,,,03230000
RPVPMLOJIILFFHF98CC,保福段,19.71,都市：住,,,,12630000
RPXPMLOJIILFFHF56CC,保福段,.00,都市：住,,,,13800000
RPXPMLTLRHLFFEF87DC,新興段,.00,非都市： ; 非都市編定：,,,,03450000
RPXPMLTLRHLFFEF87DC,新興段,.00,非都市： ; 非都市編定：,,,,03460000
RPVNMLPJIILFFHF88CC,南工段,.00,都市：商,,,,08760000
RPRNMLPJIILFFHF48CC,板南段,26.73,都市：工,,,,03110000
RPSNMLPJIILFFHF58CC,健康段,.00,都市：工,,,,11590000
RPWNMLPJIILFFHF98CC,竹林段,.00,都市：住,,,,01790000
RPPOMLPJIILFFHF38CC,保福段,.00,都市：住,,,,08760000
RPOOMLPJIILFFHF28CC,民治段,.00,都市：住,,,,09610000
RPOOMLPJIILFFHF28CC,民治段,.00,都市：商,,,,09610001
RPUOMLPJIILFFHF88CC,圓通段,17.79,都市：住,,,,03670000
RPXOMLPJIILFFHF56CC,信義段,14.08,都市：住,,,,01130000
RPQOMLPJIILFFHF48CC,華中段,42.75,都市：住,,,,00610000
RPQPMLPJIILFFHF58CC,得林段,.00,都市：住,,,,04760000
RPSPMLPJIILFFHF78CC,竹林段,.00,都市：住,,,,06370000
RPPPMLPJIILFFHF48CC,捷運段,.00,都市：其他:捷運系統用地,,,,00080000
RPTPMLPJIILFFHF88CC,捷運段,.00,都市：其他:捷運系統用地,,,,00080000
RPVPMLPJIILFFHF09CC,得林段,.00,都市：住,,,,02780000
RPUPMLPJIILFFHF98CC,南工段,.00,都市：住,,,,04320000
RPXPMLPJIILFFHF66CC,圓通段,.00,都市：住,,,,05330000
RPOQMLPJIILFFHF48CC,民權段,.00,都市：住,,,,04330000
RPOQMLPJIILFFHF48CC,民權段,.00,都市：住,,,,04340000
RPPQMLPJIILFFHF58CC,大華段,.00,都市：住,,,,02850000
RPQOMLPJIILFFGF38CC,正民段,.00,都市：住,,,,08250000
RPOQMLPJIILFFAF77CC,新興段,.00,都市：住,,,,10920000
RPSNMLOJIILFFEF18CC,大義段,26.95,都市：住,,,,01900000
RPXNMLNJIILFFEF58CC,公司田段,18.03,都市：住,,,,01920000
RPTOMLPJIILFFEF48CC,海鷗段,.00,都市：住,,,,09660000
RPOQMLOJIILFFEF08CC,新興段,38.12,都市：住,,,,03660000
RPUNMLOJIILFFEF38CC,新興段,2.60,都市：住,,,,06470000
RPWNMLOJIILFFEF58CC,鄧公段,9.44,都市：住,,,,01200000
RPWNMLOJIILFFEF58CC,鄧公段,16.24,都市：住,,,,01210000
RPWNMLOJIILFFEF58CC,鄧公段,12.27,都市：住,,,,01220000
RPPPMLPJIILFFDF18DC,厚德段,25.12,都市：住,,,,06290000
RPOQMLPJIILFFBF87CC,思源段,12.01,都市：其他:,,,,09350000
RPXUMLOJIILFFBF09CC,新工段一小段,1073.01,非都市：工業區 ; 非都市編定：丁種建築用地,,,,00260000
RPPPMLPJIILFFBF87CC,中原段,36.21,都市：住,,,,00020000
RPWPMLPJIILFFBF58CC,全安段,20.95,都市：住,,,,10220000
RPVOMLPJIILFFBF38CC,榮富段,15.84,都市：住,,,,08460000
RPOOMLPJIILFFBF67CC,全安段,20.95,都市：住,,,,10220000
RPSPMLPJIILFFBF18CC,復興段,17.57,都市：住,,,,00330000
RPUUMLOJIILFFBF78CC,頭興段,171.22,都市：工,,,,07160000
RPRNMLPJIILFFBF87CC,復興段,22.56,都市：住,,,,05480000
RPPOMLQJIILFFCF97CC,惠國段,20.35,都市：住,,,,00490000
RPROMLQJIILFFCF18CC,寶橋段,.00,都市：工,,,,04880000
RPSOMLQJIILFFCF28CC,寶強段,.00,非都市： ; 非都市編定：,,,,01130000
RPROMLQJIILFFHF68CC,橋和段,.00,都市：住,,,,00080001
RPQNMLQJIILFFGF38CC,富貴段,.00,都市：住,,,,05970000
RPWNMLRJIILFFAF48CC,江子翠段第二崁小段,9.06,都市：商,,,,01980000
RPPPMLQJIILFFAF87CC,江子翠段第二崁小段,.00,都市：商,,,,01900000
RPPPMLQJIILFFGF48CC,富貴段,.00,都市：住,,,,05770000
RPQPMLQJIILFFGF58CC,福德南段,.00,都市：商,,,,00430000
RPSNMLRJIILFFDF38CC,智興段,5.09,都市：住,,,,02650000
RPSNMLRJIILFFDF38CC,智興段,.04,都市：住,,,,02650001
RPQPMLRJIILFFAF28EC,城林段,143.38,都市：工,,,,06120000
RPUOMLRJIILFFHF56DC,台貿段,141.05,都市：其他:捷運開發區,,,,01980000
RPUOMLRJIILFFHF56DC,台貿段,7.57,都市：其他:捷運開發區,,,,01970000
RPROMLLKIILFFEF08DC,公司田段,22.97,都市：住,,,,00210000
RPWOMLLKIILFFDF38CC,智興段,.00,都市：商,,,,05110000
RPVOMLLKIILFFDF28CC,智興段,.00,都市：商,,,,04410000
RPOPMLLKIILFFAF37CC,幸福段,.00,都市：住,,,,10780002
RPQNMLLKIILFFCF57CC,寶強段,.00,都市：住,,,,00930000
RPQNMLLKIILFFCF57CC,寶強段,.00,都市：其他:捷運系統用地,,,,00940000
RPRNMLLKIILFFIF28CC,東豐段,452.11,都市：工,,,,03800001
RPVNMLLKIILFFIF68CC,大學段一小段,10.68,都市：商,,,,00520000
RPSNMLLKIILFFIF38CC,大學段一小段,10.97,都市：商,,,,00490000
RPWNMLLKIILFFIF78CC,大學段二小段,13.70,都市：商,,,,00980000
RPXNMLLKIILFFIF88CC,陶瓷段,34.62,都市：住,,,,01570000
RPQPMLLKIILFFIF38CC,大學段二小段,16.48,都市：住,,,,01150000
RPQNMLLKIILFFEF77CC,紅毛城段,7.05,都市：其他:,,,,04990000
RPQNMLLKIILFFEF77CC,紅毛城段,97.48,都市：其他:,,,,05010000
RPOOMLLKIILFFIF08CC,和平段,77.77,都市：住,,,,06040000
RPOOMLLKIILFFIF08CC,和平段,27.43,都市：住,,,,06080000
RPVOMLQJIILFFBF48CC,中原段,.00,都市：住,,,,03290001
RPUOMLLKIILFFBF97CC,光榮段,.00,都市：住,,,,00490000
RPWNMLRJIILFFBF58CC,力行段,13.99,都市：住,,,,09590000
RPPOMLLKIILFFEF77CC,正德段,6.54,都市：住,,,,08830000
RPVPMLMKIILFFEF58CC,水仙段,.00,都市：住,,,,03190000
RPVNMLLKIILFFEF28CC,中興段,5.27,都市：住,,,,02940000
RPORMLMKIILFFBF77CC,中原段,.00,都市：住,,,,03290001
RPOOMLMKIILFFDF67CC,昊天段,23.75,都市：工,,,,08720000
RPOOMLMKIILFFDF67CC,同新段,.74,都市：工,,,,00060000
RPPOMLMKIILFFDF77CC,昊天段,23.75,都市：工,,,,08720000
RPPOMLMKIILFFDF77CC,同新段,.74,都市：工,,,,00060000
RPWNMLNKIILFFDF68EC,金龍段,43.50,非都市：山坡地保育區 ; 非都市編定：丙種建築用地,,,,12770000
RPTPMLQJIILFFHF98CC,林森段,20.77,都市：住,,,,07310000
RPUOMLMKIILFFHF68CC,板南段,24.34,都市：工,,,,03110000
RPOOMLLKIILFFHF97CC,秀山段,.00,都市：住,,,,07410000
RPROMLMKIILFFCF08EC,寶元段,.00,都市：工,,,,04620000
RPSOMLMKIILFFCF18EC,蘭溪段,82.69,都市：其他:公園用地,,,,08390000
RPSOMLMKIILFFCF18EC,蘭溪段,14.01,都市：住,,,,08490000
RPSOMLMKIILFFCF18EC,蘭溪段,1.26,都市：住,,,,08630000
RPPRMLNKIILFFBF97CC,行政段,31.66,都市：住,,,,06930000
RPPRMLNKIILFFBF97CC,佳林段,10.89,都市：住,,,,07340000
RPSOMLMKIILFFHF48CC,板南段,92.05,都市：工,,,,03110000
RPQRMLMKIILFFBF97CC,幸福段,.00,都市：工,,,,01510000
RPTRMLMKIILFFBF28CC,泰山段二小段,.00,都市：住,,,,01910008
RPUNMLNKIILFFHF68CC,南山段,.00,都市：其他:部分住宅區部分捷運系統用地,,,,08540000
RPTNMLNKIILFFHF58CC,竹林段,.00,都市：住,,,,06370000
RPTOMLNKIILFFHF68CC,大智段,.00,都市：住,,,,07480000
RPSNMLNKIILFFHF48CC,景福段,.00,都市：住,,,,06060000
RPPNMLOKIILFFIF38CC,大學段一小段,.00,都市：商,,,,00490000
RPWPMLOKIILFFIF66CC,大學段二小段,34.27,都市：住,,,,00810000
RPTNMLNKIILFFDF18CC,福德段,2382.23,都市：其他:空白,,,,02990000
RPOPMLOKIILFFGF28CC,富貴段,.00,都市：住,,,,05400000
RPQNMLOKIILFFDF97CC,智興段,.00,都市：商,,,,04410000
RPPOMLOKIILFFDF97CC,同新段,.00,都市：工,,,,00060000
RPPOMLOKIILFFDF97CC,昊天段,.00,都市：工,,,,08720000
RPSNMLNKIILFFEF18CC,仁愛段,44.81,都市：其他:,,,,00540000
RPSNMLNKIILFFEF18CC,仁愛段,11.29,都市：其他:,,,,00540000
RPQNMLOKIILFFAF67CC,中山段,17.67,都市：住,,,,00450000
RPXNMLOKIILFFDF68CC,環河段,.00,都市：工,,,,06040000
RPUPMLOKIILFFBF38CC,文明段,132.12,都市：工,,,,01170000
RPUPMLOKIILFFBF38CC,文明段,131.29,都市：工,,,,01180000
RPUPMLOKIILFFBF38CC,文明段,145.10,都市：工,,,,01190000
RPUPMLOKIILFFBF38CC,文明段,165.45,都市：工,,,,01200000
RPUPMLOKIILFFBF38CC,文明段,184.26,都市：工,,,,01210000
RPOOMLOKIILFFGF18CC,福德北段,.00,都市：商,,,,13100000
RPPNMLOKIILFFCF87DC,寶強段,40.07,都市：住,,,,03290000
RPSNMLOKIILFFCF28EC,雙城段,436.07,都市：其他:已開發建築密集地區。,,,,05060000
RPSNMLOKIILFFCF28EC,雙城段,1878.53,都市：其他:已開發建築密集地區。,,,,05070000
RPSNMLOKIILFFCF28EC,雙城段,9.39,都市：其他:溝渠用地,,,,05080000
RPQNMLOKIILFFBF77CC,榮和段,.00,都市：住,,,,09670000
RPWOMLPKIILFFEF88CC,水仙段,1.99,都市：商,,,,00670000
RPWOMLPKIILFFEF88CC,水仙段,.37,都市：住,,,,00670003
RPXOMLPKIILFFEF98CC,長興段,7.82,都市：住,,,,04510000
RPXOMLPKIILFFEF98CC,長興段,.26,都市：其他:,,,,04510001
RPTPMLRKIILFFIF66CC,復興段,.00,都市：住,,,,00720000
RPPPMLRKIILFFGF68CC,正義段,.00,都市：商,,,,00300000
RPTOMLRKIILFFGF98CC,富貴段,222.58,都市：住,,,,05300000
RPUNMLRKIILFFEF78CC,新興段,8.10,都市：住,,,,09030000
RPPPMLPKIILFFEF28CC,馬偕段,5.67,都市：工,,,,01960000
RPOPMLPKIILFFEF18CC,中正段,3.81,都市：商,,,,05490000
RPPOMLRKIILFFCF28DC,香坡段,63.56,非都市：山坡地保育區 ; 非都市編定：丙種建築用地,,,,04960000
RPQQMLSKIILFFAF58EC,員和段,.00,非都市： ; 非都市編定：,,,,13550000
RPROMLRKIILFFEF68DC,天生段,.00,非都市： ; 非都市編定：,,,,03860000
RPORMLSKIILFFGF09EC,中興段,.00,都市：其他:捷運系統用地,,,,04580000
RPUOMLSKIILFFEF98CC,新興段,41.81,都市：住,,,,03160000
RPUPMLSKIILFFEF09CC,關渡段,.00,都市：住,,,,05870000
RPUPMLSKIILFFEF09CC,關渡段,.00,都市：商,,,,05870002
RPVOMLRKIILFFHF66CC,仁愛段,.00,都市：其他:捷運系統用地,,,,02850000
RPTOMLSKIILFFCF68CC,順安段,.00,都市：住,,,,08550000
RPOOMLSKIILFFBF08CC,國宅段,15.63,都市：住,,,,00170002
RPXNMLSKIILFFAF78CC,文化段,.00,都市：住,,,,11980000
RPQOMLRJIILFFBF28EC,和平段,24.12,都市：住,,,,08060000
RPPNMLQKIILFFDF08CC,智興段,.00,都市：商,,,,04410000
RPVQMLSKIILFFDF56CC,保安段,12.07,都市：住,,,,09570000
RPORMLSKIILFFDF58CC,同新段,22.29,都市：工,,,,00130000
RPSNMLRKIILFFDF48CC,保長段,.00,都市：住,,,,07930000
RPSNMLRKIILFFDF48CC,保長段,.00,都市：住,,,,07920000
RPSNMLRKIILFFDF48CC,保長段,.00,都市：住,,,,07930001
RPTOMLOKIILFFDF38CC,北山段,.00,都市：工,,,,13820000
RPSQMLTKIILFFBF78CC,行政段,41.39,都市：商,,,,02700000
RPXQMLTKIILFFBF66CC,力行段,31.64,都市：商,,,,02590000
RPVPMLTKIILFFBF98CC,建林段,7.08,都市：商,,,,00160000
RPOOMLTKIILFFCF28CC,復興段,.00,都市：工,,,,02490000
RPRQMLSKIILFFEF88CC,新市段,24.14,都市：住,,,,00900000
RPQNMLTKIILFFDF48CC,新峰段,.00,都市：住,,,,01190000
RPVNMLTKIILFFEF09CC,公司田段,20.16,都市：住,,,,01930000
RPPOMLTKIILFFCF38CC,復興段,64.93,都市：工,,,,00820000
RPUNMLTKIILFFAF58CC,頂福段,.00,都市：住,,,,11320000
RPQNMLTKIILFFCF58EC,中正段,17.66,都市：其他:捷運系統用地,,,,01650000
RPQNMLTKIILFFCF58EC,中正段,.00,都市：其他:第四種住宅區,,,,01650001
RPQNMLTKIILFFCF58EC,中華段,3.60,都市：其他:捷運系統用地,,,,07500000
RPXNMLTKIILFFHF17EC,信義段,16.47,都市：住,,,,00910000
RPQPMLTKIILFFHF09CC,保生段,13.08,都市：住,,,,06190000
RPOOMLKLIILFFHF97CC,健康段,.00,都市：工,,,,06760000
RPXQMLTKIILFFHF27CC,公園段,27.86,都市：住,,,,06240000
RPRRMLTKIILFFHF76CC,雙和段,8.65,都市：商,,,,09110000
RPOQMLTKIILFFHF98CC,長堤段,13.91,都市：住,,,,07240000
RPXNMLKLIILFFDF38CC,智興段,6.75,都市：住,,,,01040000
RPWOMLKLIILFFIF88CC,大學段一小段,5.34,都市：住,,,,00910000
RPVNMLKLIILFFAF87CC,新板段三小段,6.11,都市：其他:第二種特定專區,,,,00250000
RPXNMLKLIILFFBF18CC,同興段,9.70,都市：商,,,,01350000
RPOQMLKLIILFFDF77CC,工建段,.00,都市：工,,,,03300000
RPVOMLKLIILFFAF97CC,新板段二小段,16.53,都市：其他:第二種特定專用區,,,,00040000
RPPOMLKLIILFFAF37CC,江子翠段第二崁小段,8.90,都市：商,,,,01980000
RPXSMLKLIILFFBF68CC,中誠段,29.63,都市：住,,,,07820000
RPVQMLLLIILFFBF38CC,榮富段,10.97,都市：住,,,,09290000
RPUQMLLLIILFFBF28CC,榮富段,13.64,都市：住,,,,08500001
RPRRMLLLIILFFBF08CC,信華段一小段,27.89,都市：住,,,,00260000
RPQRMLLLIILFFBF97CC,復興段,45.45,都市：住,,,,03230000
RPTRMLLLIILFFBF28CC,榮富段,15.80,都市：住,,,,09060001
RPORMLLLIILFFBF77CC,榮富段,14.86,都市：住,,,,00500000
RPPRMLLLIILFFBF87CC,副都心段一小段,11.64,都市：住,,,,02500000
RPXQMLLLIILFFBF58CC,信華段一小段,3.12,都市：住,,,,00090000
RPVRMLLLIILFFBF48CC,榮富段,10.80,都市：住,,,,08440000
RPWRMLLLIILFFBF58CC,榮富段,9.54,都市：住,,,,08350000
RPWNMLLLIILFFHF78CC,永平段,.00,都市：住,,,,07130000
RPWNMLLLIILFFHF78CC,永平段,.00,都市：其他:道路用地,,,,07130001
RPVOMLLLIILFFHF78CC,四維段,12.39,都市：住,,,,01710000
RPURMLLLIILFFBF38CC,中原段,15.15,都市：住,,,,03290000
RPVOMLLLIILFFCF28CC,莊敬段,.00,都市：住,,,,00430000
RPOPMLLLIILFFHF18CC,保生段,35.28,都市：住,,,,04870000
RPUOMLLLIILFFCF18CC,莊敬段,.00,都市：住,,,,00430000
RPRPMLLLIILFFHF48CC,大新段,.00,都市：商,,,,04370000
RPRNMLMLIILFFDF97CC,智興段,.00,都市：商,,,,05520000
RPRNMLNLIILFFEF18CC,正德段,19.29,都市：住,,,,07480000
RPSPMLTKIILFFBF68CC,國宅段,22.74,都市：住,,,,00120000
RPRNMLLLIILFFCF87DC,建國段,68.51,都市：住,,,,08340000
RPXSMLSKIILFFBF76CC,頭興段,198.69,都市：工,,,,05850000
RPTPMLSKIILFFBF68CC,建林段,16.45,都市：住,,,,03480000
RPRNMLMLIILFFBF77CC,建林段,16.88,都市：商,,,,03800001
RPRNMLMLIILFFBF77CC,建林段,.03,都市：商,,,,03800000
RPOQMLOLIILFFBF18EC,自強段,24.18,都市：住,,,,03100000
RPPUMLSKIILFFBF78CC,中原段,.00,都市：商,,,,01750000
RPTNMLOLIILFFCF48EC,寶強段,.00,都市：其他:捷運系統用地,,,,00940000
RPSNMLOLIILFFCF38EC,寶元段,.00,都市：工,,,,01090000
RPSNMLPLIILFFEF48CC,紅毛城段,9.58,都市：住,,,,05330000
RPPPMLOLIILFFAF97DC,新興段,20.40,都市：商,,,,09520000
RPXOMLPLIILFFEF09CC,新興段,2.61,都市：住,,,,06470000
RPXOMLPLIILFFEF09CC,新興段,.06,都市：住,,,,06470001
RPOOMLPLIILFFEF18CC,公司田段,8450.67,都市：住,,,,00330000
RPOPMLPLIILFFEF28CC,新市段,30.31,都市：住,,,,00430000
RPQSMLQLIILFFBF58CC,信華段一小段,13.58,都市：住,,,,00090000
RPQNMLQLIILFFDF28CC,昊天段,.00,都市：住,,,,13180000
RPQNMLQLIILFFDF28CC,昊天段,.00,都市：住,,,,13180001
RPUOMLQLIILFFDF78CC,同新段,.00,都市：工,,,,00060000
RPUOMLQLIILFFDF78CC,昊天段,.00,都市：工,,,,08720000
RPTOMLQLIILFFDF68CC,福德段,38.45,都市：住,,,,09820000
RPVOMLQLIILFFDF88CC,環河段,.00,都市：工,,,,10730000
RPXOMLQLIILFFDF09CC,同新段,.00,都市：工,,,,00130000
RPWOMLRLIILFFCF98CC,雙城段,54.69,都市：其他:已開發建築密集地區,,,,12780000
RPQOMLQLIILFFCF28CC,安德段,13.76,都市：住,,,,03470000
RPUPMLRLIILFFCF88CC,光明段,5.71,都市：商,,,,00310000
RPRQMLRLIILFFCF68CC,寶元段,.00,都市：工,,,,01090000
RPSQMLRLIILFFCF78CC,寶元段,.00,都市：工,,,,01090000
RPSQMLOLIILFFBF38CC,建林段,.00,都市：住,,,,02690000
RPTSMLOLIILFFBF68CC,國宅段,16.16,都市：住,,,,00110006
RPPSMLQLIILFFBF48CC,和平段,23.47,都市：住,,,,02430000
RPOSMLQLIILFFBF38CC,民安段,20.64,都市：住,,,,07020000
RPRTMLOLIILFFBF58CC,國宅段,25.30,都市：住,,,,00180004
RPVNMLRLIILFFDF88CC,智興段,.00,都市：商,,,,04710000
RPVNMLRLIILFFDF88CC,智興段,.00,都市：住,,,,04760000
RPWOMLRLIILFFAF78CC,新板段二小段,5.04,都市：其他:第二種特定專用區,,,,00110000
RPQQMLRLIILFFAF38CC,仁愛段,.00,都市：其他:通訊數位專用區,,,,11990001
RPROMLRLIILFFIF09CC,永昌段,817.00,都市：工,,,,10340000
RPPOMLRLIILFFIF88CC,永昌段,865.00,都市：工,,,,10330000
RPSOMLRLIILFFHF09CC,瓦?段,.00,都市：商,,,,02000000
RPSOMLRLIILFFHF09CC,瓦?段,.00,都市：商,,,,02010000
RPPOMLQLIILFFEF38CC,飛歌段,.00,都市：工,,,,07900003
RPQQMLQLIILFFEF68CC,新市段,20.11,都市：住,,,,01340000
RPPPMLRLIILFFHF88CC,圓通段,.00,都市：住,,,,03580000
RPVOMLRLIILFFHF76CC,中和段,.00,都市：住,,,,01420000
RPVOMLRLIILFFHF76CC,中和段,.00,都市：住,,,,01450000
RPRNMLRLIILFFAF38EC,忠義段,888.09,都市：工,,,,04110000
RPUQMLRLIILFFAF98EC,府中段,.00,都市：商,,,,04180000
RPUNMLSLIILFFCF88DC,寶強段,5.00,都市：住,,,,03510000
RPUNMLOLIILFFCF58EC,寶強段,.00,都市：其他:捷運系統用地,,,,00940000
RPSOMLSLIILFFEF88CC,蕃薯寮段水碓小段,.00,非都市：山坡地保育區 ; 非都市編定：丙種建築用地,,,,01310000
RPWOMLSLIILFFEF66CC,公司田段,20.37,都市：住,,,,00100000
RPWOMLSLIILFFEF66CC,公司田段,12.51,都市：住,,,,00100000
RPXNMLSLIILFFDF56CC,智興段,.00,都市：商,,,,04710000
RPXNMLSLIILFFDF56CC,智興段,.00,都市：住,,,,04760000
RPXNMLSLIILFFCF09CC,莊敬段,.00,都市：工,,,,07780000
RPOOMLSLIILFFCF28CC,復興段,.00,都市：工,,,,03800000
RPRNMLTLIILFFCF58CC,民權段,.00,都市：住,,,,00240000
RPQNMLTLIILFFIF09CC,大學段一小段,17.76,都市：住,,,,01500000
RPVNMLTLIILFFIF96CC,大學段二小段,5.80,都市：住,,,,00360007
RPVNMLTLIILFFIF96CC,大學段二小段,.59,都市：住,,,,00360008
RPVNMLTLIILFFIF96CC,大學段二小段,.45,都市：住,,,,00360011
RPQNMLTLIILFFCF58DC,香坡段,109.12,非都市：山坡地保育區 ; 非都市編定：丙種建築用地,,,,03860000
RPPNMLKMIILFFDF67CC,智興段,.00,都市：商,,,,04710000
RPPNMLKMIILFFDF67CC,智興段,.00,都市：住,,,,04760000
RPPNMLLMIILFFDF77CC,智興段,10.36,都市：住,,,,01040000
RPQNMLLMIILFFDF87CC,智興段,10.36,都市：住,,,,01040000
RPRNMLLMIILFFAF67CC,光仁段,18.00,都市：住,,,,29660021
RPWNMLLMIILFFAF18CC,學成段,27.76,都市：住,,,,04970000
RPTOMLLMIILFFEF38CC,公司田段,26.73,都市：住,,,,01340000
RPPOMLSLIILFFHF88CC,信和段,259.83,都市：住,,,,00010000
RPOOMLSLIILFFHF78CC,中原段,249.62,都市：工,,,,05230000
RPXNMLSLIILFFHF96CC,員山段,.00,都市：住,,,,01690000
RPQOMLLMIILFFHF38CC,南勢段,15.55,都市：住,,,,06010000
RPVNMLLMIILFFHF78CC,健康段,.00,都市：工,,,,11590000
RPROMLLMIILFFHF48CC,保平段,18.64,都市：商,,,,05090000
RPXNMLLMIILFFHF98CC,雙和段,17.64,都市：商,,,,09100000
RPOOMLLMIILFFCF77DC,寶強段,.00,都市：其他:捷運系統用地,,,,00940000
RPPOMLLMIILFFCF87DC,寶強段,.00,都市：其他:捷運系統用地,,,,00940000
RPUNMLLMIILFFHF88EC,健康段,.00,都市：工,,,,11590000
RPXNMLRLIILFFHF86CC,錦和段,.00,都市：商,,,,06360000
RPTNMLRLIILFFHF09CC,大仁段,.00,都市：住,,,,05980000
RPOOMLRLIILFFHF68CC,南山段,.00,都市：住,,,,01870000
RPRNMLRLIILFFHF88CC,大同段,.00,都市：住,,,,04030000
RPWNMLRLIILFFHF76CC,大同段,.00,都市：住,,,,00040000
RPVNMLRLIILFFHF66CC,圓通段,.00,都市：住,,,,06440000
