﻿編號,土地位置,土地移轉面積(平方公尺),使用分區或編定,權利人持分分母,權利人持分分子,移轉情形,地號
The serial number, land position,land shifting area square meter,the use zoning or compiles and checks,,,,land parcel
RPOQMLLJQHLFFBH38CC,中壢埔頂段,.00,都市：住,,,,18360003
RPQPMLLJQHLFFAH38CC,玉山段,.00,都市：工,,,,03010000
RPVNMLLJQHLFFDH98CC,大金山下段大金山下小段,.00,都市：住,,,,00450000
RPXNMLLJQHLFFFH76CC,豐田段,.00,都市：住,,,,14490000
RPOPMLLJQHLFFAH18CC,會稽段,.00,都市：住,,,,07720000
RPXNMLLJQHLFFGH86CC,環南段,119.09,都市：住,,,,08170000
RPRPMLLJQHLFFAH48CC,陽明段,.00,都市：住,,,,07200000
RPTQMLLJQHLFFBH88CC,普義段,20.75,都市：住,,,,23640000
RPOOMLLJQHLFFFH58CC,豐田段,.00,都市：住,,,,14050000
RPUNMLLJQHLFFDH88CC,大金山下段大金山下小段,.00,都市：住,,,,00460000
RPOOMLMJQHLFFFH78DC,大華段,145.61,都市：住,,,,06830000
RPOOMLMJQHLFFDH58DC,甡甡段,64.98,都市：住,,,,01990000
RPPOMLMJQHLFFFH88DC,大華段,20.83,都市：住,,,,04030000
RPPQMLMJQHLFFBH58CC,興南段興南小段,.00,都市：商,,,,02270116
RPTNMLMJQHLFFFH56DC,大和段,37.16,都市：住,,,,05360000
RPROMLNJQHLFFBH68CC,自立段,.00,都市：住,,,,03880000
RPWOMLNJQHLFFFH07DC,興仁段,14.49,都市：商,,,,05890000
RPPPMLNJQHLFFFH09DC,豐田段,38.89,都市：住,,,,14700000
RPOPMLNJQHLFFFH98DC,興仁段,24.85,都市：商,,,,05890000
RPXNMLNJQHLFFEH96DC,宏華段,132.00,非都市：特定農業區 ; 非都市編定：甲種建築用地,,,,02770000
RPQRMLNJQHLFFAH88DC,蔗園段,3398.00,都市：其他:建,,,,01640000
RPUNMLNJQHLFFEH56CC,宏華段,1305.44,非都市：特定農業區 ; 非都市編定：農牧用地,,,,01520000
RPWNMLNJQHLFFEH86DC,五福段,3.98,都市：住,,,,03130001
RPWNMLNJQHLFFEH86DC,五福段,4197.42,都市：住,,,,03130000
RPWOMLOJQHLFFBH76DC,興南段興南小段,10.16,都市：住,,,,02660000
RPWOMLOJQHLFFAH66DC,同安段,25.92,都市：住,,,,14790000
RPOOMLOJQHLFFDH88EC,梅獅段,98.04,都市：住,,,,04340000
RPRNMLPJQHLFFAH68CC,新埔段,122.00,都市：住,,,,02790005
RPTRMLNJQHLFFAH09CC,迴龍段,26.16,非都市： ; 非都市編定：,,,,01580000
RPWPMLNJQHLFFAH56CC,桃鶯段,48.31,都市：其他:,,,,05250000
RPQOMLPJQHLFFAH68CC,興華段,4.66,都市：商,,,,00650000
RPRNMLQJQHLFFAH78CC,中正段,18.70,都市：住,,,,01380000
RPVNMLPJQHLFFDH76CC,頭重溪段,.00,都市：住,,,,01790004
RPUNMLPJQHLFFGH96CC,廣西段,.00,都市：住,,,,08110000
RPXNMLMJQHLFFGH07DC,廣豐段,.00,非都市： ; 非都市編定：,,,,05200000
RPOOMLMJQHLFFGH78CC,金星段,.00,都市：住,,,,01240000
RPPOMLPJQHLFFGH56CC,金獅段,33.49,非都市：鄉村區 ; 非都市編定：乙種建築用地,,,,03410000
RPPOMLQJQHLFFAH68CC,精忠段,24.90,都市：住,,,,15550000
RPQOMLQJQHLFFAH78CC,延壽段,5.62,都市：住,,,,04580000
RPQNMLQJQHLFFGH66CC,平東段,38.61,都市：住,,,,05180000
RPQNMLQJQHLFFGH66CC,平東段,43.39,都市：住,,,,05180001
RPRNMLQJQHLFFGH76CC,平東段,34.63,都市：住,,,,04340000
RPUOMLNJQHLFFBH98CC,大華段,.00,都市：住,,,,06750000
RPSNMLQJQHLFFGH86CC,東安段,15.31,都市：住,,,,08130000
RPWOMLNJQHLFFBH56CC,興南段興南小段,.00,都市：住,,,,02270174
RPTPMLSJQHLFFBH96DC,新街段,12.72,都市：住,,,,08710000
RPOPMLSJQHLFFGH86CC,新富段,.00,都市：其他:道路用地.住宅區,,,,04500000
RPVNMLSJQHLFFFH37DC,豐田段,32.31,都市：住,,,,14500000
RPRNMLSJQHLFFGH17EC,南勢段,17.23,都市：商,,,,01890000
RPXPMLSJQHLFFAH17CC,同安段,.00,都市：住,,,,00470000
RPQQMLSJQHLFFAH56CC,大林段,.00,都市：住,,,,06850000
RPTRMLSJQHLFFAH96CC,東門段,9.74,都市：住,,,,04720000
RPXOMLSJQHLFFBH17CC,新街段,.00,都市：其他:道路用地&住宅區,,,,08360000
RPSPMLSJQHLFFBH76CC,中壢埔頂段,.00,都市：住,,,,13430000
RPOPMLSJQHLFFBH98CC,中工段,.00,非都市：工業區 ; 非都市編定：丁種建築用地,,,,10750124
RPUPMLSJQHLFFBH96CC,三座屋段舊社小段,4.02,都市：商,,,,00810000
RPPQMLSJQHLFFBH56CC,興南段中壢老小段,.00,都市：商,,,,02190064
RPWNMLTJQHLFFFH47CC,青溪段,.00,都市：住,,,,03790000
RPXTMLTJQHLFFAH67CC,陽明段,.00,都市：住,,,,07200000
RPWQMLTJQHLFFAH27CC,西門段,99.00,都市：住,,,,03710000
RPWQMLTJQHLFFAH27CC,西門段,199.00,都市：其他:,,,,03730000
RPRSMLSJQHLFFAH86CC,東國段,9.02,都市：住,,,,03260000
RPRSMLSJQHLFFAH86CC,小檜溪段,14.53,都市：住,,,,05590003
RPRSMLSJQHLFFAH86CC,小檜溪段,6.60,都市：其他:道路用地，住宅區,,,,05590004
RPPVMLTJQHLFFAH07CC,桃園段武陵小段,.00,都市：商,,,,00400000
RPOPNLTJQHLFFAH09CC,桃園段武陵小段,141.00,都市：住,,,,01240012
RPTNMLTJQHLFFEH17DC,竹圍段崁下小段,1505.00,都市：其他:,,,,04240000
RPVNMLTJQHLFFEH37DC,竹圍段崁下小段,1505.00,都市：其他:,,,,04240000
RPOPMLTJQHLFFBH56DC,復興段,32.49,都市：住,,,,20430000
RPVOMLKKQHLFFAH88DC,同德段,33.24,都市：商,,,,00560000
RPXNMLKKQHLFFEH76DC,南華段,38.47,都市：工,,,,03850000
RPRNMLLKQHLFFAH48DC,中路段,21.23,都市：工,,,,18630105
RPVNMLLKQHLFFAH88DC,埔子段埔子小段,16.98,都市：住,,,,20160000
RPTOMLLKQHLFFEH09CC,公埔段,.00,都市：住,,,,07820000
RPXNMLQJQHLFFAH76CC,同安段,106.23,都市：住,,,,13860000
RPOOMLQJQHLFFAH58CC,寶山段,17.84,都市：住,,,,01430000
RPUNMLQJQHLFFAH09CC,大有段,19.51,都市：住,,,,06220000
RPWNMLQJQHLFFAH66CC,小檜溪段,7.39,都市：住,,,,13610000
RPTNMLQJQHLFFAH98CC,新埔段,22.80,都市：住,,,,03740000
RPTNMLQJQHLFFAH98CC,新埔段,21.60,都市：住,,,,03750000
RPSNMLQJQHLFFAH88CC,大樹林段,9.92,都市：住,,,,19580000
RPVNMLQJQHLFFAH56CC,新埔段,35.05,都市：住,,,,00440000
RPRRMLLKQHLFFAH78CC,富國段,5.74,都市：住,,,,02530000
RPQOMLMKQHLFFAH48CC,大林段,6.65,都市：工,,,,01130000
RPUPMLLKQHLFFAH88CC,慈文段,.00,都市：住,,,,00370000
RPXOMLMKQHLFFFH07CC,興豐段,.00,都市：住,,,,13620000
RPXOMLMKQHLFFFH07CC,興豐段,.00,都市：其他:道路用地,,,,13630000
RPVOMLLKQHLFFAH88CC,樂善段,.00,都市：住,,,,00320000
RPRPMLMKQHLFFFH56CC,前程段,.00,都市：商,,,,06380000
RPWPMLMKQHLFFFH07CC,廣福段,57.60,都市：商,,,,04050000
RPWNMLMKQHLFFCH56CC,烏林段,245.51,非都市：工業區 ; 非都市編定：丁種建築用地,,,,00740030
RPXNMLMKQHLFFCH66CC,烏林段,263.40,非都市：工業區 ; 非都市編定：丁種建築用地,,,,00740026
RPPOMLMKQHLFFEH78CC,六福段,.00,都市：工,,,,03270000
RPPNMLLKQHLFFFH78DC,興豐段,38.67,非都市：鄉村區 ; 非都市編定：乙種建築用地,,,,03930000
RPPNMLLKQHLFFFH78DC,興豐段,1.48,非都市：鄉村區 ; 非都市編定：乙種建築用地,,,,03700000
RPQNMLOKQHLFFBH78DC,中工段,1322.00,非都市：工業區 ; 非都市編定：丁種建築用地,,,,09890000
RPQPMLTJQHLFFBH76DC,新街段,.64,都市：住,,,,08620000
RPSOMLMKQHLFFBH88DC,青溪段,24.59,都市：住,,,,02930000
RPXNMLMKQHLFFGH07CC,東社段,82.77,都市：住,,,,02640000
RPXNMLMKQHLFFGH07CC,東社段,11.49,都市：住,,,,02640001
RPSOMLPKQHLFFAH09DC,興華段,372.00,都市：商,,,,00330000
RPSNMLPKQHLFFFH86DC,營盤段,85.19,非都市：鄉村區 ; 非都市編定：乙種建築用地,,,,01070000
RPPNMLQKQHLFFAH78DC,富國段,383.00,都市：其他:,,,,10850009
RPPNMLQKQHLFFAH78DC,富國段,383.00,都市：其他:,,,,10850010
RPWSMLLKQHLFFFH47EC,福興段,22.59,都市：住,,,,08080000
RPWOMLMKQHLFFFH17EC,興仁段,15.26,都市：商,,,,05830000
RPXNMLQKQHLFFCH17DC,仁善段,2.19,都市：住,,,,12900004
RPXNMLQKQHLFFCH17DC,仁善段,136.51,都市：住,,,,12890001
RPXNMLQKQHLFFCH17DC,仁善段,139.29,都市：住,,,,12900003
RPQOMLRKQHLFFAH09DC,自強段,40.72,都市：住,,,,08230000
RPUNMLQKQHLFFFH27EC,茄明段,10.18,都市：住,,,,00310000
RPUQMLRKQHLFFBH17DC,中工段,481.00,非都市：工業區 ; 非都市編定：丁種建築用地,,,,09980001
RPSNMLRKQHLFFEH86CC,河底段,.00,都市：住,,,,03500000
RPPOMLSKQHLFFFH86CC,福興段,.00,都市：住,,,,09400000
RPWQMLSKQHLFFBH37CC,後寮段,.00,都市：住,,,,02800000
RPXQMLSKQHLFFBH47CC,中壢埔頂段,.00,都市：住,,,,18870000
RPQRMLSKQHLFFBH86CC,新街段,.00,都市：住,,,,08870000
RPRRMLSKQHLFFBH96CC,忠孝段,.00,都市：住,,,,08570026
RPTRMLSKQHLFFBH17CC,石頭段,.00,都市：住,,,,03990000
RPVRMLSKQHLFFBH37CC,環東段,.00,都市：住,,,,09870000
RPWRMLSKQHLFFBH47CC,中壢埔頂段,.00,都市：住,,,,16760000
RPTSMLSKQHLFFBH27CC,興南段中壢老小段,.00,都市：商,,,,02240009
RPORMLSKQHLFFBH76DC,復興段,13.21,都市：住,,,,20340000
RPPRMLSKQHLFFBH86DC,復興段,16.84,都市：住,,,,20280000
RPOOMLSKQHLFFAH09EC,埔子段埔子小段,37.50,都市：住,,,,17420124
RPSNMLSKQHLFFGH27DC,廣平段,.00,非都市： ; 非都市編定：,,,,02530000
RPOOMLTKQHLFFEH76CC,錦興段,.00,都市：住,,,,06610000
RPWOMLTKQHLFFGH77CC,雙連段,.00,非都市： ; 非都市編定：,,,,06690000
RPSPMLTKQHLFFAH96DC,寶山段,37.81,都市：住,,,,04130000
RPRNMLTKQHLFFFH17DC,大智段,1.19,都市：住,,,,00820046
RPRNMLTKQHLFFFH17DC,大智段,25.63,都市：住,,,,01200000
RPORMLTKQHLFFBH76CC,復興段,.00,都市：住,,,,20620000
RPRPMLRKQHLFFAH56CC,埔子段埔子小段,23.40,都市：住,,,,21030011
RPQPMLMKQHLFFAH58CC,江南段,.00,都市：住,,,,02600000
RPVNMLRKQHLFFAH76CC,法政段,17.17,都市：住,,,,01370000
RPOOMLPKQHLFFAH58CC,善捷段,.00,都市：住,,,,00020000
RPQQMLMKQHLFFAH68CC,山福段,.00,都市：住,,,,07440000
RPORMLQKQHLFFAH98CC,慈文段,.00,都市：其他:,,,,01130000
RPWRMLTKQHLFFBH57CC,自立段,.00,都市：其他:道路用地及住宅區,,,,10530000
RPSNMLTKQHLFFDH96CC,大金山下段大金山下小段,.00,都市：住,,,,00460000
RPOQMLMKQHLFFAH48CC,鹽埕段,.00,都市：住,,,,00880000
RPPPMLMKQHLFFAH48CC,江南段,.00,都市：住,,,,02840000
RPPNMLLLQHLFFBH48DC,前寮段,14.00,都市：住,,,,05080010
RPXOMLMLQHLFFGH27CC,環南段,24.28,都市：住,,,,00430000
RPWNMLLLQHLFFAH98CC,延壽段,22.30,都市：住,,,,03000000
RPXNMLMLQHLFFAH56CC,中路段,44.06,都市：住,,,,17660000
RPUOMLMLQHLFFAH98CC,慈文段,11.52,都市：住,,,,10130001
RPPOMLMLQHLFFEH88CC,南崁廟口段羊稠坑小段,23.10,都市：住,,,,03780000
RPWPMLTKQHLFFAH27CC,新埔段,.00,都市：住,,,,01030000
RPTOMLMLQHLFFAH88CC,善捷段,17.49,都市：住,,,,00040000
RPRNMLNLQHLFFGH76DC,忠貞段,18.14,都市：住,,,,00480028
RPTRMLMLQHLFFBH66CC,後寮段,3.48,都市：住,,,,02530000
RPROMLOLQHLFFAH98DC,桃鶯段,21.79,都市：住,,,,01830000
RPRPMLOLQHLFFAH98CC,文化段,15.87,都市：住,,,,03460000
RPVNMLPLQHLFFFH17CC,大和段,.00,都市：住,,,,02910000
RPQOMLSKQHLFFFH96CC,瑞豐段,.00,非都市：鄉村區 ; 非都市編定：乙種建築用地,,,,01200000
RPWNMLPLQHLFFFH27CC,同福段,.00,都市：商,,,,06090000
RPXNMLPLQHLFFGH47CC,西社段,34.87,都市：住,,,,05880000
RPQRMLMLQHLFFBH09DC,健行段,23.85,都市：商,,,,01670000
RPPPMLMLQHLFFBH78DC,青平段,1.55,都市：住,,,,01480000
RPPPMLMLQHLFFBH78DC,青平段,111.71,都市：住,,,,01480002
RPSNMLQLQHLFFBH66DC,新街段,12.06,都市：住,,,,08620000
RPPOMLQLQHLFFBH09DC,自立段,39.38,都市：住,,,,15660005
RPWNMLQLQHLFFBH96CC,忠福段,.00,都市：住,,,,33160000
RPXNMLQLQHLFFBH07CC,新街段,.00,都市：住,,,,08290000
RPQOMLNLQHLFFGH76DC,平鎮段,.03,都市：商,,,,12850000
RPQOMLNLQHLFFGH76DC,南勢段,12.99,都市：商,,,,01890000
RPQOMLQLQHLFFBH09CC,三座屋段舊社小段,.00,都市：住,,,,01000013
RPQOMLQLQHLFFBH09CC,三座屋段舊社小段,.00,都市：其他:道路用地.住宅區,,,,01000014
RPROMLNLQHLFFGH86DC,南華段,55.98,都市：住,,,,12120000
RPROMLNLQHLFFGH86DC,南華段,97.43,都市：住,,,,12130000
RPVOMLQLQHLFFBH96CC,三座屋段舊社小段,.00,都市：住,,,,01000013
RPVOMLQLQHLFFBH96CC,三座屋段舊社小段,.00,都市：其他:道路用地.住宅區,,,,01000014
RPPOMLNLQHLFFGH66DC,湧豐段,12.43,都市：住,,,,00680000
RPPOMLNLQHLFFGH66DC,湧豐段,87.70,都市：住,,,,00690000
RPXNMLTLQHLFFEH77DC,青峰段,15.97,都市：住,,,,03340000
RPPNMLTLQHLFFFH17EC,福興段,24.11,都市：商,,,,09750000
RPOOMLRLQHLFFAH88CC,慈文段,32.04,都市：住,,,,00690000
RPVOMLTLQHLFFAH27DC,中路三段,18.26,都市：住,,,,17890000
RPPOMLTLQHLFFFH17DC,豐田段,48.03,都市：住,,,,14700000
RPWNMLKMQHLFFFH07EC,青溪段,9.51,都市：其他:市場用地,,,,04180000
RPOQMLKMQHLFFAH58DC,中德段,17.92,都市：住,,,,10310000
RPPOMLLMQHLFFAH48CC,善捷段,23.41,都市：住,,,,00010000
RPSNMLKMQHLFFAH58CC,新埔段,29.00,都市：住,,,,07500020
RPVNMLLMQHLFFFH07EC,力行段,119.97,都市：住,,,,03990000
RPVNMLLJRHLFFFH86EC,桃德段,99.98,都市：住,,,,08510000
RPOPMLLJRHLFFBH48DC,工業區段二小段,20.61,非都市：工業區 ; 非都市編定：丁種建築用地,,,,01830000
RPPPMLLJRHLFFBH58DC,工業區段二小段,28.57,非都市：工業區 ; 非都市編定：丁種建築用地,,,,01830000
RPPOMLTLQHLFFBH66CC,興南段興南小段,120.00,都市：住,,,,02140017
RPQOMLRLQHLFFBH56CC,中觀段,.00,非都市：特定農業區 ; 非都市編定：甲種建築用地,,,,06100006
RPPPMLKMQHLFFBH58CC,新街段,.00,都市：住,,,,08620000
RPROMLMLQHLFFCH88CC,潛龍段,.53,非都市：鄉村區 ; 非都市編定：乙種建築用地,,,,10790000
RPROMLMLQHLFFCH88CC,潛龍段,25.77,非都市：鄉村區 ; 非都市編定：乙種建築用地,,,,10990000
RPQOMLMLQHLFFCH78CC,潛龍段,37.16,非都市：鄉村區 ; 非都市編定：乙種建築用地,,,,10790000
RPQOMLMLQHLFFCH78CC,潛龍段,.53,非都市：鄉村區 ; 非都市編定：乙種建築用地,,,,10990000
RPPOMLMLQHLFFCH68CC,潛龍段,.53,非都市：鄉村區 ; 非都市編定：乙種建築用地,,,,10790000
RPPOMLMLQHLFFCH68CC,潛龍段,25.77,非都市：鄉村區 ; 非都市編定：乙種建築用地,,,,10990000
RPXPMLLJRHLFFAH56CC,同安段,278.89,都市：住,,,,13860000
RPOQMLLJRHLFFAH38CC,寶山段,16.19,都市：住,,,,08360000
RPUPMLLJRHLFFAH88CC,中路段,3.51,都市：住,,,,00060000
RPUPMLLJRHLFFAH88CC,中路段,.28,都市：住,,,,00050009
RPSPMLLJRHLFFAH68CC,大林段,.00,都市：住,,,,05970000
RPTPMLLJRHLFFAH78CC,西門段,.00,都市：住,,,,10160000
RPPPMLLJRHLFFAH38CC,會稽段,.00,都市：住,,,,09960000
RPRPMLLJRHLFFAH58CC,中路段,.00,都市：住,,,,17010011
RPPQMLLJRHLFFAH48CC,同安段,106.23,都市：住,,,,13860000
RPWPMLLJRHLFFAH09CC,大興段,19.86,都市：住,,,,04670000
RPQQMLLJRHLFFAH58CC,寶山段,16.26,都市：住,,,,08360000
RPRQMLLJRHLFFAH68CC,寶山段,21.95,都市：住,,,,09780000
RPPSMLLJRHLFFAH68CC,埔子段埔子小段,98.00,都市：住,,,,19560016
RPQSMLLJRHLFFAH78CC,新埔段,59.40,都市：住,,,,07160000
RPXNMLLJRHLFFCH56CC,仁義段,.00,都市：商,,,,02310000
RPPPMLMJRHLFFEH88CC,六福段,11.33,都市：住,,,,08130000
RPSNMLMJRHLFFEH09DC,青峰段,51.18,都市：住,,,,02480000
RPQPMLMJRHLFFEH98CC,竹圍段拔子林小段,12.14,都市：住,,,,01870000
RPVPMLMJRHLFFAH09CC,幸褔段,26.24,非都市：鄉村區 ; 非都市編定：乙種建築用地,,,,01650000
RPQNMLMJRHLFFFH98DC,明智段,24.18,都市：住,,,,00360000
RPPNMLOJRHLFFBH68DC,前寮段,14.00,都市：住,,,,05080010
RPUNMLPJRHLFFEH86CC,錦明段,.00,都市：住,,,,01380000
RPPOMLPJRHLFFGH66CC,廣德段,7.88,都市：住,,,,00340003
RPPOMLPJRHLFFGH66CC,廣德段,8.11,都市：住,,,,00470000
RPPOMLPJRHLFFGH66CC,廣德段,129.69,都市：住,,,,00460000
RPQOMLPJRHLFFGH76CC,東北段,52.60,都市：住,,,,09000000
RPRNMLPJRHLFFFH76DC,豐田段,40.06,都市：住,,,,14700000
RPQPMLQJRHLFFAH98CC,大有段,.00,非都市： ; 非都市編定：,,,,06480000
RPTQMLPJRHLFFAH66CC,同德段,36.65,都市：商,,,,00560000
RPRPMLQJRHLFFAH09CC,善捷段,16.35,都市：住,,,,00020000
RPQQMLQJRHLFFAH09CC,山德段,428.69,都市：其他:,,,,05380000
RPSOMLQJRHLFFDH76CC,梅高段,.00,都市：住,,,,01550000
RPUQMLQJRHLFFAH96DC,和平段,27.22,都市：住,,,,03730000
RPPNMLQJRHLFFGH66CC,山子頂段,8292.60,都市：工,,,,03400000
RPVPMLQJRHLFFAH96DC,中德段,21.51,都市：住,,,,10310000
RPOOMLRJRHLFFGH86DC,義民段,23.05,都市：住,,,,08580001
RPTNMLRJRHLFFFH17DC,大智段,26.14,都市：住,,,,04200000
RPOQMLRJRHLFFAH98CC,龍祥段,.00,都市：住,,,,00910000
RPQQMLRJRHLFFAH56CC,東門段,.00,都市：商,,,,06930000
RPOQMLSJRHLFFAH09CC,雲林段,.00,都市：住,,,,04210000
RPQQMLSJRHLFFAH66CC,舊路坑三段,300.00,都市：工,,,,08250000
RPUNMLQJRHLFFCH86DC,八張犁段,6.89,非都市：一般農業區 ; 非都市編定：甲種建築用地,,,,04790002
RPUPMLSJRHLFFBH07CC,環東段,.00,都市：住,,,,08280004
RPOPMLSJRHLFFBH09CC,老街溪段,.00,都市：住,,,,11790000
RPSPMLMJRHLFFBH88CC,青平段,33.94,都市：其他:,,,,02930000
RPVPMLKMQHLFFBH56CC,三座屋段三座屋小段,8.97,都市：住,,,,00220000
RPSQMLMJRHLFFBH98CC,興南段興南小段,33.97,都市：商,,,,02660000
RPPQMLRJRHLFFBH56CC,中寮段,.00,都市：住,,,,08580000
RPROMLMJRHLFFBH68CC,青平段,31.60,都市：其他:,,,,00020000
RPUQMLLJRHLFFBH09CC,自立段,30.37,都市：住,,,,06670000
RPUPMLKMQHLFFBH09CC,興南段興南小段,82.00,都市：商,,,,02270139
RPVPMLSJRHLFFBH17CC,石頭段,.00,都市：商,,,,00420390
RPWPMLSJRHLFFBH27CC,復興段,.00,都市：住,,,,08160000
RPQOMLSJRHLFFFH96CC,建國段,.00,非都市：特定農業區 ; 非都市編定：丁種建築用地,,,,14640000
RPTNMLTJRHLFFGH47DC,新生段,61.10,都市：住,,,,08830000
RPTNMLTJRHLFFGH47DC,新生段,11.75,都市：其他:道路用地,,,,08840000
RPQNMLSJRHLFFGH07DC,新勢段,13.66,都市：住,,,,08010000
RPPOMLTJRHLFFGH17DC,福林段,15.97,非都市：特定農業區 ; 非都市編定：甲種建築用地,,,,05870000
RPWNMLTJRHLFFGH77DC,山子頂段,77.45,都市：住,,,,04330018
RPUNMLTJRHLFFBH96CC,青平段,30.24,都市：其他:,,,,00020000
RPWOMLTJRHLFFBH27CC,中工段,.00,非都市：工業區 ; 非都市編定：丁種建築用地,,,,07300002
RPXPMLTJRHLFFAH37CC,同德段,.00,都市：商,,,,00080000
RPRPMLKKRHLFFAH58CC,法政段,.00,都市：住,,,,09690000
RPOPMLTJRHLFFAH09CC,忠義段,16.47,都市：住,,,,06650000
RPQQMLKKRHLFFAH58CC,興華段,13.72,都市：住,,,,01070000
RPSNMLTJRHLFFAH66CC,東門段,48.00,都市：住,,,,03900000
RPSNMLTJRHLFFAH66CC,東門段,20.00,都市：住,,,,03910000
RPQPMLKKRHLFFAH48CC,中路段,.00,都市：住,,,,16740139
RPSNMLTJRHLFFAH66CC,東門段,23.00,都市：住,,,,03920000
RPQPMLTJRHLFFAH66CC,中埔段,18.68,都市：住,,,,00600000
RPXQMLKKRHLFFAH66CC,龍華段,82.38,都市：工,,,,11770000
RPPOMLKKRHLFFDH58CC,楊梅段,.00,都市：其他:鐵路用地,,,,00390000
RPUOMLMKRHLFFBH66EC,新街段,79.48,都市：住,,,,08870000
RPWQMLKKRHLFFAH76EC,建國段,9.71,都市：住,,,,04580000
RPOOMLMKRHLFFDH88EC,草湳坡段埔心小段,74.00,都市：住,,,,00332107
RPQNMLMKRHLFFGH09CC,金鍊段,.00,都市：住,,,,07380000
RPXPMLMKRHLFFAH76CC,埔子段埔子小段,52.00,都市：住,,,,17210138
RPXPMLMKRHLFFAH76CC,埔子段埔子小段,8.00,都市：住,,,,17200004
RPQNMLQJRHLFFEH66DC,五福段,28.56,都市：住,,,,03260000
RPTOMLMKRHLFFBH09DC,培英段,10.17,都市：住,,,,00190000
RPTOMLMKRHLFFBH09DC,忠福段,9.56,都市：其他:,,,,12710010
RPTOMLMKRHLFFBH09DC,忠福段,.44,都市：住,,,,12710012
RPTOMLMKRHLFFBH09DC,忠福段,1.20,都市：住,,,,33500000
RPSPMLMKRHLFFBH09DC,忠孝段,20.00,都市：其他:,,,,01810000
RPUPMLMKRHLFFAH09CC,鹽埕段,46.26,都市：工,,,,00110001
RPSNMLMKRHLFFDH98CC,大金山下段大金山下小段,.00,都市：住,,,,00460000
RPOQMLMKRHLFFAH58CC,善捷段,.00,都市：住,,,,00030000
RPQNMLNKRHLFFAH58CC,新埔段,36.08,都市：住,,,,01970000
RPROMLNKRHLFFFH66CC,興仁段,.00,都市：商,,,,05890000
RPUNMLNKRHLFFEH96EC,竹圍段拔子林小段,218.00,都市：住,,,,03750379
RPTQMLKKRHLFFBH98CC,新街段,.00,都市：住,,,,08620000
RPPOMLSJRHLFFCH56CC,銅鑼圈段,.33,非都市：山坡地保育區 ; 非都市編定：交通用地,,,,11610002
RPUNMLNKRHLFFCH56CC,紅橋段,.00,都市：商,,,,00240000
RPUNMLNKRHLFFCH56CC,紅橋段,.00,都市：商,,,,00250000
RPXNMLOKRHLFFAH96EC,龍鳳段,19.48,都市：住,,,,05630000
RPXOMLNKRHLFFAH76CC,龜山段,.00,都市：商,,,,10280000
RPUOMLNKRHLFFAH09CC,同德段,39.30,都市：商,,,,00560000
RPWPMLNKRHLFFAH76CC,桃園段武陵小段,.00,都市：商,,,,01170000
RPWPMLNKRHLFFAH76CC,桃園段武陵小段,.00,都市：商,,,,01510001
RPQOMLNKRHLFFFH66DC,興仁段,14.49,都市：商,,,,05890000
RPXNMLOKRHLFFFH37DC,豐田段,71.34,都市：商,,,,14040000
RPTOMLNKRHLFFFH96DC,福興段,17.63,都市：商,,,,09580000
RPQPMLOKRHLFFBH98CC,富強段,.00,都市：住,,,,06400000
RPROMLOKRHLFFBH98CC,後興段,.00,都市：住,,,,04990003
RPQNMLTJRHLFFGH27EC,廣豐段,23.19,都市：住,,,,06970000
RPUNMLTKRHLFFBH07CC,忠福段,.00,都市：住,,,,28640010
RPQNMLNKRHLFFGH76EC,廣東段,14.83,都市：住,,,,09630000
RPUPMLOKRHLFFAH66CC,國聖段,9.90,都市：住,,,,03500000
RPTOMLTKRHLFFAH96CC,長安段,.00,都市：住,,,,02130000
RPWNMLTKRHLFFBH27CC,新街段,15.26,都市：住,,,,08620000
RPUPMLTKRHLFFAH17CC,慈文段,14.81,都市：住,,,,02350000
RPUOMLTKRHLFFBH17CC,興和段,12.80,都市：住,,,,03480000
RPUOMLTKRHLFFBH17CC,興和段,90.54,都市：住,,,,03470000
RPQQMLTKRHLFFFH37CC,永福段,90.21,都市：住,,,,04720000
RPTQMLTKRHLFFFH77DC,興仁段,19.43,都市：商,,,,06080000
RPOOMLTKRHLFFAH56DC,龍安段,25.33,都市：住,,,,00940000
RPUQMLTKRHLFFFH87DC,興仁段,14.49,都市：商,,,,05890000
RPVPMLTKRHLFFAH37DC,興華段,2786.00,都市：住,,,,03860000
RPTNMLTKRHLFFCH07CC,凌雲段,9.52,都市：農,,,,08890004
RPTNMLTKRHLFFCH07CC,凌雲段,62.38,都市：農,,,,08890074
RPWNMLTKRHLFFEH57CC,竹圍段崁下小段,528.00,非都市：一般農業區 ; 非都市編定：農牧用地,,,,00480042
RPVOMLKLRHLFFEH76CC,文中段,19.36,都市：住,,,,10700000
RPPNMLKLRHLFFFH88DC,新興段,66.86,非都市：特定農業區 ; 非都市編定：甲種建築用地,,,,07980000
RPRNMLKLRHLFFCH78DC,新烏樹林段,53.32,非都市：一般農業區 ; 非都市編定：甲種建築用地,,,,04440000
RPQNMLKLRHLFFFH98DC,大華段,8.35,都市：住,,,,07900000
RPWNMLKLRHLFFEH86DC,河底段,19.55,都市：住,,,,00630000
RPWNMLKLRHLFFEH86DC,河底段,.04,都市：其他:,,,,00630001
RPOQMLKLRHLFFBH58CC,興南段興南小段,.00,都市：商,,,,02750000
RPRPMLKLRHLFFBH78CC,環東段,.00,都市：住,,,,08280004
RPXQMLKLRHLFFBH86CC,三座屋段舊社小段,150.00,都市：住,,,,00740020
RPVPMLKLRHLFFBH56CC,石頭段,.00,都市：商,,,,00030891
RPVPMLKLRHLFFBH56CC,石頭段,.00,都市：商,,,,00030892
RPUNMLKLRHLFFAH78CC,雲林段,7.28,都市：住,,,,03770000
RPUNMLKLRHLFFAH78CC,雲林段,25.60,都市：住,,,,03790000
RPTNMLKLRHLFFAH68CC,中路三段,18.99,都市：住,,,,07500000
RPRNMLLLRHLFFCH78CC,龍吟段,33.83,非都市：鄉村區 ; 非都市編定：乙種建築用地,,,,04690000
RPVOMLKLRHLFFAH98CC,中埔段,.00,都市：住,,,,04640000
RPTOMLLLRHLFFEH76DC,河底段,19.19,都市：住,,,,00270000
RPOQMLKLRHLFFAH48CC,大有段,.00,都市：住,,,,05450000
RPQNMLLLRHLFFBH68DC,新街段,10.78,都市：住,,,,08620000
RPQOMLMLRHLFFGH66CC,正義段,.00,非都市：鄉村區 ; 非都市編定：乙種建築用地,,,,04540000
RPSPMLMLRHLFFBH56DC,榮民段,23.63,都市：住,,,,08740000
RPTNMLMLRHLFFFH86DC,大忠段,44.38,都市：住,,,,05100000
RPOPMLLLRHLFFBH68DC,新街段,11.43,都市：住,,,,08620000
RPUOMLMLRHLFFFH07DC,福興段,18.87,都市：住,,,,09400000
RPOOMLMLRHLFFFH98CC,茄明段,.00,都市：住,,,,03630000
RPROMLMLRHLFFFH66CC,青溪段,.00,都市：住,,,,02460000
RPPNMLMLRHLFFFH56EC,福興段,9.43,都市：住,,,,09400000
RPXPMLMLRHLFFBH96CC,興南段興南小段,.00,都市：商,,,,02270153
RPQQMLMLRHLFFAH88CC,龍安段,.00,都市：住,,,,02030000
RPSPMLNLRHLFFAH09CC,西門段,.00,都市：住,,,,11190000
RPRPMLNLRHLFFBH09CC,中壢埔頂段,.00,都市：住,,,,09410000
RPQPMLNLRHLFFBH98CC,中壢埔頂段,.00,都市：住,,,,09410000
RPQRMLMLRHLFFBH09CC,中北段,.00,都市：住,,,,05480000
RPQQMLNLRHLFFBH09CC,仁愛段,.00,都市：商,,,,09550000
RPWNMLNLRHLFFFH37EC,興豐段,107.96,都市：住,,,,26160000
RPTQMLNLRHLFFBH76CC,新街段,.00,都市：住,,,,08620000
RPVNMLNLRHLFFAH66DC,新埔段,174.00,都市：住,,,,05720007
RPWPMLNLRHLFFAH96DC,頂湖段,1477.16,都市：工,,,,08270000
RPWPMLNLRHLFFAH96DC,頂湖段,80.63,都市：工,,,,08940000
RPQNMLOLRHLFFAH78CC,東嶺段,6.80,非都市：鄉村區 ; 非都市編定：乙種建築用地,,,,04170000
RPQNMLOLRHLFFAH78CC,東嶺段,20.99,非都市：鄉村區 ; 非都市編定：乙種建築用地,,,,04180000
RPRPMLQLRHLFFAH66CC,大樹林段,.00,都市：住,,,,03960000
RPPOMLNLRHLFFFH56CC,興豐段,.00,都市：住,,,,24720000
RPOOMLNLRHLFFFH09CC,前程段,.00,都市：住,,,,00560000
RPTOMLMLRHLFFFH86CC,興仁段,.00,都市：商,,,,05890000
RPXNMLQLRHLFFFH57CC,大忠段,48.05,都市：住,,,,06560000
RPUPMLQLRHLFFBH07CC,仁和段,.00,都市：商,,,,04170000
RPUPMLQLRHLFFBH07CC,仁和段,.00,都市：住,,,,04170001
RPUPMLQLRHLFFBH07CC,仁和段,.00,都市：住,,,,04210000
RPWQMLQLRHLFFBH37CC,遠東段,.00,都市：住,,,,03630000
RPVQMLQLRHLFFBH27CC,仁愛段,.00,都市：商,,,,04880000
RPURMLQLRHLFFBH27CC,青平段,96.72,都市：其他:,,,,00350000
RPSNMLQLRHLFFGH17CC,南勢段,.00,都市：商,,,,01890000
RPUOMLTLRHLFFEH67DC,青山段,24.10,都市：住,,,,03040000
RPUNMLQLRHLFFAH86DC,國強段,13.07,都市：住,,,,07520000
RPVNMLTLRHLFFFH87EC,福興段,14.33,都市：商,,,,09610000
RPROMLTLRHLFFFH37CC,福興段,.00,都市：住,,,,07670000
RPROMLTLRHLFFFH37CC,福興段,.00,都市：住,,,,07680000
RPTPMLTLRHLFFFH77DC,豐田段,23.58,都市：住,,,,14490000
RPSNMLKMRHLFFFH56CC,福興段,.00,都市：住,,,,09400000
RPRPMLKMRHLFFBH88CC,普義段,.00,都市：住,,,,03140000
RPSPMLKMRHLFFBH98CC,遠東段,.00,都市：住,,,,03630000
RPVPMLKMRHLFFEH17EC,客運二段,.00,都市：住,,,,00560000
RPWPMLKMRHLFFEH27EC,宏華段,46.78,非都市：特定農業區 ; 非都市編定：甲種建築用地,,,,02770000
RPUNMLKMRHLFFAH98DC,江南段,19.97,都市：住,,,,11410000
RPVNMLKMRHLFFAH09DC,中平段,7.82,都市：住,,,,08920000
RPVPMLTLRHLFFAH37CC,大林段,.00,都市：工,,,,01130000
RPXSMLKMRHLFFAH07CC,龍鳳段,.00,都市：其他:住宅區.人行步道用地,,,,05630000
RPTPMLQLRHLFFAH86CC,國聖段,.00,都市：住,,,,12010000
RPSOMLNJIILFFBH08CC,中壢埔頂段,.00,都市：住,,,,10410001
RPPNMLMJIILFFBH57CC,青溪段,22.50,都市：其他:,,,,04370000
RPVOMLNJIILFFBH38CC,三座屋段舊社小段,.00,都市：其他:道路用地.住宅區,,,,00810000
RPPPMLNJIILFFBH87CC,新街段,.00,都市：住,,,,08290000
RPROMLNJIILFFCH08CC,金龍段,75.28,非都市：一般農業區 ; 非都市編定：甲種建築用地,,,,17960000
RPTOMLNJIILFFCH28CC,八張犁段,22.14,非都市：一般農業區 ; 非都市編定：甲種建築用地,,,,04790002
RPTOMLNJIILFFAH08CC,善捷段,.00,都市：住,,,,00030000
RPVPMLNJIILFFAH38CC,善捷段,.00,都市：住,,,,00010000
RPVQMLNJIILFFAH48CC,大興段,9.33,都市：住,,,,01990000
RPQOMLOKRHLFFDH09CC,大金山下段大金山下小段,.00,都市：住,,,,00460000
RPVOMLNLRHLFFEH07CC,河底段,.00,都市：住,,,,08490000
RPQNMLNJIILFFDH97CC,大金山下段大金山下小段,.00,都市：住,,,,00460000
RPPOMLMLRHLFFDH88CC,草湳坡段埔心小段,30.78,都市：住,,,,00320015
RPXNMLOKRHLFFDH07CC,大金山下段大金山下小段,.00,都市：住,,,,00100004
RPUNMLTKRHLFFDH27CC,頭重溪段,.00,都市：住,,,,01660089
RPPPMLKMRHLFFEH98CC,六福段,.00,都市：工,,,,03270000
RPOOMLOKRHLFFDH88CC,大金山下段大金山下小段,.00,都市：住,,,,00450000
RPURMLNJIILFFAH48CC,三元段,22.77,都市：住,,,,07740000
RPVRMLNJIILFFAH58CC,福元段,13.24,都市：住,,,,03320000
RPPRMLNJIILFFAH97CC,會稽段,17.61,都市：住,,,,01000000
RPTRMLNJIILFFAH38CC,大樹林段,7.41,都市：住,,,,19580000
RPXQMLNJIILFFAH68CC,忠義段,6.14,都市：住,,,,07000000
RPRRMLNJIILFFAH18CC,寶山段,103.50,都市：住,,,,03870000
RPWQMLNJIILFFAH58CC,埔子段埔子小段,8.91,都市：住,,,,17210001
RPSRMLNJIILFFAH28CC,埔子段埔子小段,5.45,都市：住,,,,17220020
RPQRMLNJIILFFAH08CC,精忠段,24.36,都市：住,,,,13840000
RPORMLNJIILFFAH87CC,中路段,29.75,都市：商,,,,17050005
RPWRMLNJIILFFBH88DC,青溪段,32.05,都市：住,,,,05950000
RPOSMLNJIILFFBH18DC,青平段,40.83,都市：住,,,,00030000
RPSNMLNJIILFFGH58DC,新富段,6.76,都市：其他:,,,,04530000
RPTNMLNJIILFFFH58DC,大智段,30.08,都市：住,,,,04200000
RPQOMLOJIILFFFH38CC,興仁段,21.22,都市：住,,,,02700000
RPQOMLNJIILFFAH87DC,大有段,165.01,都市：其他:,,,,08310001
RPPOMLNJIILFFAH77DC,大有段,165.01,都市：其他:,,,,08310001
RPUNMLNJIILFFFH68DC,大忠段,30.64,都市：住,,,,08520000
RPXNMLOJIILFFBH58CC,石頭段,.00,都市：商,,,,00070022
RPXPMLPJIILFFBH88CC,新街段,.00,都市：住,,,,08750000
RPQNMLPJIILFFGH58DC,忠貞段,95.60,都市：住,,,,03760002
RPROMLPJIILFFAH18DC,鹽埕段,4551.56,都市：工,,,,02920000
RPROMLPJIILFFAH18DC,鹽埕段,3125.99,都市：工,,,,02930000
RPROMLPJIILFFAH18DC,鹽埕段,4.85,都市：工,,,,02570000
RPROMLPJIILFFAH18DC,鹽埕段,102.69,都市：工,,,,03610000
RPROMLQJIILFFGH78CC,新生段,32.99,都市：住,,,,14300000
RPWNMLQJIILFFEH98CC,河底段,.00,都市：住,,,,07140000
RPTPMLRJIILFFBH68CC,榮民段,.00,都市：住,,,,06390000
RPQPMLRJIILFFBH38CC,復興段,.00,都市：住,,,,20190000
RPQPMLRJIILFFBH38CC,復興段,.00,都市：住,,,,20190005
RPUPMLRJIILFFBH78CC,培英段,.00,都市：住,,,,00010000
RPQOMLRJIILFFGH78CC,平東段,22.60,都市：住,,,,06160000
RPRPMLRJIILFFBH58DC,自立段,11.11,都市：住,,,,17990000
RPQOMLLKIILFFDH97CC,大金山下段大金山下小段,.00,都市：住,,,,00460000
RPORMLLKIILFFAH77CC,中埔段,97.50,都市：商,,,,00080001
RPUPMLLKIILFFAH18CC,慈文段,.00,都市：住,,,,02350000
RPOOMLOJIILFFAH67CC,文化段,.00,都市：住,,,,06200000
RPWRMLNJIILFFAH68CC,長安段,8.87,都市：住,,,,00060000
RPQNMLSJIILFFAH18CC,大樹林段,8.77,都市：住,,,,03790000
RPSPMLQJIILFFAH38CC,興華段,13.64,都市：住,,,,01190002
RPUOMLPJIILFFAH38CC,善捷段,.00,都市：住,,,,00010000
RPTOMLLKIILFFFH58DC,福興段,14.59,都市：商,,,,09750000
RPXNMLMKIILFFEH88DC,青山段,18.94,都市：住,,,,03040000
RPQOMLMKIILFFDH08CC,大金山下段大金山下小段,.00,都市：住,,,,00460000
RPUNMLMKIILFFAH08CC,寶山段,.00,非都市： ; 非都市編定：,,,,08720001
RPQOMLMKIILFFGH48DC,新勢段,284.25,都市：商,,,,03220000
RPQOMLMKIILFFGH48DC,新勢段,263.38,都市：商,,,,03230000
RPTOMLMKIILFFAH08CC,春日段,28.23,都市：住,,,,11470000
RPPPMLMKIILFFAH77CC,慈文段,25.60,都市：住,,,,10740000
RPWPMLLKIILFFBH48CC,內壢段,774.00,都市：工,,,,07310003
RPWPMLLKIILFFBH48CC,內壢段,774.00,都市：工,,,,07310004
RPOPMLMKIILFFBH77CC,永興段,.00,都市：商,,,,02410000
RPXOMLMKIILFFBH58CC,中壢埔頂段,.00,都市：住,,,,09410000
RPWOMLMKIILFFAH38CC,新埔段,.00,都市：住,,,,04400000
RPTQMLMKIILFFAH28CC,成功段,.00,都市：住,,,,02390001
RPWQMLMKIILFFAH58CC,半嶺段,.00,都市：商,,,,07030000
RPWOMLMKIILFFBH48CC,中壢埔頂段,.00,都市：住,,,,13990023
RPPOMLNKIILFFBH87CC,雙嶺段,.00,都市：住,,,,13520019
RPOPMLLKIILFFBH67CC,中工段,.00,都市：工,,,,15870000
RPTNMLNKIILFFFH58CC,瑞豐段,.00,非都市：鄉村區 ; 非都市編定：乙種建築用地,,,,16620000
RPOOMLNKIILFFBH77CC,自立段,.00,都市：住,,,,08510000
RPQNMLNKIILFFGH48DC,廣豐段,20.85,都市：住,,,,00020000
RPPOMLNKIILFFAH77CC,同安段,.00,都市：住,,,,11420000
RPROMLNKIILFFAH97CC,大樹林段,.00,都市：住,,,,05300019
RPXNMLNKIILFFGH56DC,三崇段,20.85,都市：住,,,,00020000
RPUNMLNKIILFFGH88DC,廣豐段,10.43,都市：住,,,,05050000
RPVNMLNKIILFFFH88DC,東勇段,60.48,非都市：鄉村區 ; 非都市編定：乙種建築用地,,,,02080000
RPOOMLNKIILFFFH28DC,大智段,24.66,都市：住,,,,04200000
RPVNMLNKIILFFGH98DC,廣豐段,10.73,都市：住,,,,05830000
RPVNMLNKIILFFGH98DC,廣豐段,14.66,都市：住,,,,05820000
RPQOMLNKIILFFAH87CC,桃鶯段,.00,都市：工,,,,04250005
RPRNMLNKIILFFEH28CC,六福段,.00,都市：工,,,,03270000
RPSNMLNKIILFFEH38CC,南華段,.00,都市：商,,,,03530000
RPSNMLNKIILFFEH38CC,南華段,.00,都市：商,,,,03540000
RPSNMLNKIILFFEH38CC,南華段,.00,都市：商,,,,03550000
RPPNMLNKIILFFEH18DC,南新段,19.01,都市：住,,,,02750000
RPXNMLNKIILFFFH09DC,大義段,77.00,都市：住,,,,12930002
RPVOMLOKIILFFBH58CC,青芝段,.00,都市：住,,,,01050000
RPQOMLNKIILFFGH48CC,金星段,.00,都市：住,,,,01240000
RPROMLLKIILFFGH38CC,忠貞段,.00,都市：住,,,,00480028
RPTNMLOKIILFFGH78CC,平鎮段,.00,都市：住,,,,11110037
RPOPMLOKIILFFBH97CC,新街段,.00,都市：住,,,,08620000
RPXNMLOKIILFFGH66DC,金鍊段,.00,非都市： ; 非都市編定：,,,,05080000
RPPQMLOKIILFFBH18CC,中工段,.00,都市：住,,,,16360000
RPPTMLOKIILFFAH38CC,富國段,.00,都市：住,,,,02530000
RPXSMLOKIILFFAH09CC,國聖段,.00,都市：住,,,,07500000
RPUNMLPKIILFFGH98CC,東金段,43.44,非都市：特定農業區 ; 非都市編定：甲種建築用地,,,,01220000
RPSNMLRKIILFFAH38CC,國聖段,12.76,都市：住,,,,07500000
RPSOMLRKIILFFFH56EC,豐田段,33.51,都市：住,,,,14880000
RPUPMLRKIILFFAH78CC,大樹林段,.00,都市：住,,,,07840002
RPUPMLRKIILFFAH78CC,大樹林段,.00,都市：住,,,,07840018
RPUPMLRKIILFFAH78CC,大樹林段,.00,都市：住,,,,07880064
RPTNMLRKIILFFCH68CC,金龍段,.00,非都市：山坡地保育區 ; 非都市編定：丙種建築用地,,,,10350000
RPROMLRKIILFFFH88CC,中華段,.00,非都市：鄉村區 ; 非都市編定：乙種建築用地,,,,21530000
RPVNMLRKIILFFCH88CC,黃龍段,76.65,都市：住,,,,06870000
RPTOMLSKIILFFBH78CC,中壢埔頂段,.00,都市：其他:道路用地.住宅區,,,,17230000
RPXPMLSKIILFFBH66CC,普義段,.00,都市：住,,,,03220001
RPVNMLSKIILFFAH78CC,同德段,31.16,都市：商,,,,00560000
RPQNMLSKIILFFFH78CC,大義段,20.87,都市：住,,,,09800000
RPRNMLSKIILFFFH88CC,同福段,19.67,都市：住,,,,02770000
RPUNMLSKIILFFGH66CC,環南段,.00,都市：住,,,,08750000
RPUOMLSKIILFFEH66DC,南新段,19.01,都市：住,,,,02750000
RPPOMLTKIILFFGH98CC,平鎮段,.00,都市：住,,,,10640000
RPPRMLSKIILFFAH58CC,中埔段,.00,都市：住,,,,03520000
RPVPMLTKIILFFAH09CC,大興段,.00,都市：住,,,,05040000
RPTPMLTKIILFFAH88CC,東國段,.00,都市：住,,,,03800000
RPRRMLSKIILFFAH78CC,壽山段,41.00,都市：住,,,,03100000
RPRRMLSKIILFFAH78CC,壽山段,81.00,都市：住,,,,03350000
RPWOMLTKIILFFBH56CC,自立段,.00,都市：住,,,,10410000
RPUNMLOKIILFFBH48DC,仁美段,63.00,都市：住,,,,02810000
RPOQMLTKIILFFAH48CC,春日段,.00,都市：住,,,,11420000
RPWNMLLKIILFFBH38DC,中壢埔頂段,87.00,都市：住,,,,12500000
RPRPMLTKIILFFBH78CC,興南段興南小段,.00,都市：商,,,,02240000
RPXOMLTKIILFFBH66CC,石頭段,.00,都市：住,,,,00420141
RPXOMLTKIILFFBH66CC,石頭段,.00,都市：住,,,,00420426
RPXOMLTKIILFFBH66CC,石頭段,.00,都市：住,,,,00420431
RPVPMLTKIILFFBH56CC,中寮段,.00,都市：商,,,,02480002
RPSPMLTKIILFFBH88CC,環東段,.00,都市：住,,,,01890000
RPTNMLKLIILFFBH97CC,中寮段,.00,都市：住,,,,08680000
RPUPMLTKIILFFBH09CC,中壢埔頂段,.00,都市：住,,,,11870000
RPUNMLKLIILFFBH08CC,大華段,.00,都市：住,,,,04470000
RPXOMLKLIILFFAH38CC,龍祥段,.00,都市：商,,,,10010000
RPQNMLKLIILFFGH18CC,廣東段,.00,都市：住,,,,05860000
RPUNMLKLIILFFGH58CC,東社段,.00,都市：住,,,,07560000
RPVNMLKLIILFFBH18CC,仁愛段,.00,都市：商,,,,09550000
RPSNMLKLIILFFDH08CC,大金山下段大金山下小段,.00,都市：住,,,,00920004
RPVNMLLLIILFFGH88DC,福林段,15.97,非都市：特定農業區 ; 非都市編定：甲種建築用地,,,,05870000
RPUPMLLLIILFFAH28CC,國聖段,.00,都市：工,,,,03500000
RPWPMLLLIILFFAH48CC,富國段,.00,都市：住,,,,04780000
RPVNMLKLIILFFCH38DC,上林段,337.21,都市：農,,,,08020000
RPTNMLLLIILFFFH48CC,青溪段,.00,都市：其他:市場用地,,,,04180000
RPUNMLLLIILFFDH38CC,大金山下段大金山下小段,.00,都市：住,,,,00510058
RPUNMLLLIILFFFH58CC,瑞豐段,.00,非都市：鄉村區 ; 非都市編定：乙種建築用地,,,,01200000
RPVNMLLLIILFFFH68CC,大義段,.00,都市：住,,,,00420000
RPXNMLLLIILFFBH48CC,前寮段,.00,都市：住,,,,08710000
RPUNMLOLIILFFCH58CC,銅鑼圈段,.00,非都市：山坡地保育區 ; 非都市編定：丙種建築用地,,,,00580085
RPSNMLOLIILFFFH68CC,同福段,20.58,都市：住,,,,02770000
RPPOMLOLIILFFFH48CC,東勇段,.00,非都市：鄉村區 ; 非都市編定：乙種建築用地,,,,03210000
RPPNMLMLIILFFFH18CC,同福段,18.11,都市：住,,,,02770000
RPTNMLOLIILFFAH28CC,中路段,31.00,都市：住,,,,18010092
RPTPMLOLIILFFAH48CC,大有段,.00,都市：住,,,,07740000
RPSPMLOLIILFFAH38CC,桃園段武陵小段,.00,都市：住,,,,01580041
RPSPMLOLIILFFAH38CC,桃園段武陵小段,.00,都市：住,,,,01580042
RPUNMLOLIILFFFH09EC,興仁段,14.49,都市：商,,,,05890000
RPVNMLPLIILFFFH56DC,同福段,21.32,都市：住,,,,06540000
RPSNMLQLIILFFFH98DC,中華段,15.51,非都市：鄉村區 ; 非都市編定：乙種建築用地,,,,21530000
RPQNMLQLIILFFEH68DC,水尾段,15.36,都市：工,,,,19190000
RPXNMLQLIILFFFH86DC,八塊段,6.02,都市：住,,,,12410000
RPSQMLQLIILFFBH88DC,石頭段,21.80,都市：商,,,,00070036
RPRSMLQLIILFFBH98DC,三座屋段三座屋小段,19.78,都市：住,,,,14550003
RPUPMLQLIILFFAH78CC,埔子段埔子小段,16.86,都市：住,,,,20730011
RPQNMLRLIILFFFH78CC,高明段,25.61,都市：住,,,,01460005
RPOPMLRLIILFFBH48DC,雙嶺段,21.13,都市：住,,,,13580001
RPPPMLRLIILFFBH58DC,雙嶺段,21.13,都市：住,,,,13580001
RPRQMLPLIILFFAH58DC,中德段,16.84,都市：住,,,,10310000
RPTOMLRLIILFFEH56DC,青山段,108.37,都市：住,,,,04210000
RPWOMLRLIILFFEH86DC,錦興段,13.26,都市：住,,,,06820000
RPUOMLRLIILFFCH09DC,湖底段,17.36,都市：住,,,,00180000
RPSNMLRLIILFFCH68CC,潛龍段,.53,非都市：鄉村區 ; 非都市編定：乙種建築用地,,,,10790000
RPSNMLRLIILFFCH68CC,潛龍段,86.90,非都市：鄉村區 ; 非都市編定：乙種建築用地,,,,10990000
RPQPMLRLIILFFBH78EC,中北段,60.50,都市：住,,,,05830000
RPVNMLOLIILFFCH68CC,太武段,.00,都市：住,,,,07870000
RPPNMLLMIILFFFH28DC,大智段,24.16,都市：住,,,,04200000
RPQNMLLMIILFFFH38DC,大智段,25.64,都市：住,,,,04200000
RPTNMLLMIILFFFH58CC,興仁段,14.74,都市：住,,,,03970000
RPTPMLLMIILFFAH28CC,新埔段,332.19,都市：住,,,,01940000
RPOOMLLLIILFFBH67CC,興南段興南小段,.00,都市：住,,,,02270185
RPROMLSKIILFFEH88CC,羊稠段,.00,都市：住,,,,02010000
RPPOMLTKIILFFEH78CC,河底段,.00,都市：其他:農業區.住宅區,,,,03660000
RPTOMLKLIILFFEH38CC,南崁廟口段羊稠坑小段,.00,都市：住,,,,01270008
RPQNMLRLIILFFEH68CC,羊稠段,2076.91,都市：住,,,,01760000
RPOOMLSKIILFFEH58CC,河底段,14.00,都市：商,,,,03970000
RPTNMLNKIILFFEH48CC,南崁廟口段羊稠坑小段,19.55,都市：住,,,,03780000
RPTNMLNKIILFFEH48CC,南崁廟口段羊稠坑小段,19.55,都市：住,,,,03780000
