﻿編號,屋齡,建物移轉面積平方公尺,主要用途,主要建材,建築完成日期,總層數,建物分層
The serial number,room age,building shifting area square meter,the main use,main building materials,construction completes the date,total layer,building lamination
RPPOMLMJQHLFFAM58CA,15,175.09,住家用,見其他登記事項,90年6月8日,三層,一層 二層 三層
RPSNMLSJQHLFFAM76CA,36,120.57,住商用,鋼筋混凝土加強磚造,69年8月28日,二層,一層 二層 騎樓
RPSNMLMJQHLFFBM88CA,1,255.01,住宅、停車空間、樓梯間,鋼筋混凝土造,104年8月14日,三層,一層 二層 三層 陽台 見其他登記事項
RPVNMLQKQHLFFAM96CA,20,79.13,住家用,鋼筋混凝土造,85年2月7日,八層,八層 陽台 花台
RPVNMLQKQHLFFAM96CA,20,7.48,住家用,鋼筋混凝土造,85年2月7日,八層,
RPVNMLQKQHLFFAM96CA,20,26.42,住家用,鋼筋混凝土造,85年2月7日,八層,
RPWNMLOJQHLFFDM07CA,37,112.98,住家用,鋼筋混凝土加強磚造,68年4月15日,二層,一層 二層 騎樓
RPVNMLNJQHLFFCM76CA,30,135.64,住家用,鋼筋混凝土造,75年10月15日,二層,一層 二層
RPQNMLRLQHLFFBM76CA,1,181.88,住宅、樓梯間,鋼筋混凝土造,104年10月8日,三層,一層 二層 三層 陽台 見其他登記事項
RPVNMLNJQHLFFBM66CA,,92.00,農舍,鋼骨造有牆,105年6月16日,一層,一層
RPRNMLMKQHLFFAM78CA,37,105.99,住家用,鋼筋混凝土加強磚造,69年1月1日,二層,一層 二層
RPVNMLPKQHLFFDM17CA,10,149.16,住家用,鋼筋混凝土造,95年3月6日,三層,一層 二層 三層 陽台 屋頂突出物
RPSNMLSJQHLFFDM07CA,1,210.70,住家用,鋼筋混凝土造,104年12月25日,三層,一層 二層 三層 陽台
RPUNMLPJQHLFFAM66CA,1,183.54,住宅、樓梯間,鋼筋混凝土造,104年12月10日,三層,一層 二層 三層 陽台 屋頂突出物
RPPNMLOJQHLFFAM68CA,13,254.78,住家用,鋼筋混凝土造,92年1月30日,二層,一層 二層 屋頂突出物
RPPNMLOJQHLFFBM78CA,31,171.59,農舍,鋼造,74年4月17日,一層,一層
RPSNMLTJQHLFFCM07CA,42,73.08,住家用,鋼筋混凝土加強磚造,63年1月14日,二層,一層 二層
RPVNMLOJQHLFFDM96CA,36,118.35,住商用,鋼筋混凝土加強磚造,69年12月1日,二層,一層 二層 騎樓
RPSNMLMLRHLFFEM96DA,26,157.61,住家用,木造,79年7月18日,一層,一層
RPQNMLRJQHLFFDM76CA,1,201.36,住宅、樓梯間,鋼筋混凝土造,104年2月11日,三層,一層 二層 三層 屋頂突出物
RPSNMLRJQHLFFDM96CA,1,201.36,住宅、樓梯間,鋼筋混凝土造,104年2月11日,三層,一層 二層 三層 屋頂突出物
RPRNMLPJQHLFFCM56CA,12,98.35,集合住宅,鋼筋混凝土造,93年6月16日,八層,四層 陽台
RPRNMLPJQHLFFCM56CA,12,36.61,防空避難室兼停車空間、人行道、梯廳、梯間、機械室,鋼筋混凝土造,93年6月16日,八層,
RPRNMLSJQHLFFCM86CA,15,126.01,住家用,鋼筋混凝土造,90年12月6日,二層,一層 二層 陽台
RPPNMLRKQHLFFBM56CA,48,68.90,住家用,鋼筋混凝土加強磚造,57年9月5日,二層,一層 二層
RPSNMLPJQHLFFAM09CA,25,216.16,住家用,鋼筋混凝土造,80年3月28日,三層,一層 二層 三層 陽台 平台 屋頂突出物 花台
RPVNMLPJQHLFFAM76CA,24,282.53,住家用,鋼筋混凝土造,81年8月25日,四層,一層 二層 三層 四層
RPXNMLMLQHLFFAM86CA,42,95.71,住家用,加強磚造,63年12月10日,二層,一層 二層 騎樓
RPPNMLSJQHLFFBM56CA,15,278.13,住家用,鋼筋混凝土造,90年5月10日,三層,一層 二層 三層 陽台
RPRNMLKKQHLFFCM78CA,38,28.47,住家用,磚造,67年4月1日,一層,一層
RPQOMLLMQHLFFCM09CA,14,113.77,住家用,鋼筋混凝土造,91年3月29日,三層,一層 二層 三層 陽台
RPQNMLTLQHLFFCM07CA,36,16.66,住家用,加強磚造,69年7月3日,一層,一層
RPXNMLQJRHLFFAM17CA,,141.08,住家用,鋼筋混凝土造,105年5月24日,三層,一層 二層 三層 陽台
RPRNMLSJQHLFFDM96CA,19,103.78,住商用,鋼筋混凝土造,86年5月31日,四層,一層 二層 三層 四層 屋頂突出物
RPPNMLQLQHLFFEM86CA,47,87.60,住家用,鋼筋混凝土加強磚造,58年6月5日,三層,一層 二層 三層
RPWNMLSJQHLFFAM27DA,37,108.00,住家用,鋼筋混凝土加強磚造,68年7月2日,二層,一層 二層 騎樓
RPPNMLKMQHLFFBM68CA,25,25.77,住家用,鋼筋混凝土造,80年9月20日,九層,九層 陽台
RPPNMLKMQHLFFBM68CA,25,8.66,梯間、通道、機房、水箱,鋼筋混凝土造,80年9月20日,九層,
RPPNMLKMQHLFFBM68CA,25,4.71,避難室、梯間、變電室、水箱、機械室,鋼筋混凝土造,80年9月20日,十一層,
RPPNMLPKQHLFFDM56CA,20,123.78,住家用,鋼筋混凝土造,85年2月17日,二層,一層 二層 騎樓
RPUNMLPKQHLFFDM07CA,18,111.60,住商用,鋼筋混凝土造,87年11月17日,八層,一層 二層 陽台
RPUNMLPKQHLFFDM07CA,18,19.43,防空避難室，停車空間梯間，門廳，社區辦公室,鋼筋混凝土造,87年11月17日,八層,
RPXNMLPLQHLFFCM37CA,1,193.90,住宅、樓梯間,鋼筋混凝土造,104年12月25日,三層,一層 二層 三層 陽台 見其他登記事項
RPQNMLQKQHLFFCM66CA,15,175.93,住家用,鋼筋混凝土造,90年4月27日,三層,一層 二層 三層 陽台 平台 屋頂突出物
RPOOMLPLQHLFFBM09CA,23,174.97,住商用,鋼筋混凝土造,82年1月13日,三層,一層 二層 三層 陽台 平台 騎樓 電梯樓梯間
RPTNMLTKQHLFFBM17CA,48,73.80,住家用,鋼筋混凝土加強磚造,57年4月5日,二層,一層 二層
RPUNMLNLQHLFFCM86CA,20,61.26,集合住宅,鋼筋混凝土造,85年2月9日,十五層,十二層 陽台
RPUNMLNLQHLFFCM86CA,20,13.27,走道、機械房、門廳、騎樓、防空避難室兼停車場、梯間,鋼筋混凝土造,85年2月9日,十五層,
RPPOMLLJRHLFFAM58CA,,218.51,住家用,鋼筋混凝土造,105年5月18日,四層,一層 二層 三層 四層 陽台
RPQOMLLJRHLFFAM68CA,,190.15,住宅、樓梯間,鋼筋混凝土造,105年6月23日,三層,一層 二層 三層 陽台 屋頂突出物
RPQOMLLJRHLFFAM68CA,,188.42,住宅、樓梯間,鋼筋混凝土造,105年6月23日,三層,一層 二層 三層 陽台 屋頂突出物
RPQNMLKKQHLFFAM48CA,22,69.95,住家用,鋼筋混凝土造,83年2月17日,五層,四層 陽台 花台
RPQNMLKKQHLFFAM48CA,22,1.71,住家用,鋼筋混凝土造,83年2月17日,五層,
RPQNMLNLRHLFFDM66CA,40,111.08,住家用,磚造,,一層,一層
RPRNMLLKQHLFFAM68CA,,51.40,住家用,鋼筋混凝土加強磚造,,二層,一層 二層
RPPNMLKKQHLFFAM38CA,52,69.19,住家用,磚造,53年10月1日,一層,一層
RPRNMLMKQHLFFBM88CA,20,191.47,住家用,鋼筋混凝土造,85年4月25日,四層,一層 二層 三層 四層 陽台 平台 花台
RPOOMLMKQHLFFBM68CA,17,98.23,住家用,鋼筋混凝土造,88年2月12日,九層,七層 陽台 雨遮
RPOOMLMKQHLFFBM68CA,17,48.30,防空避難室、停車空間、水塔、梯間、機械房、暸望台,鋼筋混凝土造,88年2月12日,九層,
RPPNMLMLQHLFFCM88CA,22,75.73,集合住宅,鋼筋混凝土造,83年12月31日,十二層,六層 陽台 花台
RPPNMLMLQHLFFCM88CA,22,17.94,樓梯間、機械房、水箱,鋼筋混凝土造,83年12月31日,十二層,
RPVNMLRKQHLFFAM17DA,22,143.96,住家用,鋼筋混凝土造,83年11月24日,四層,一層 二層 三層 四層 陽台
RPPNMLLKQHLFFEM98DA,49,146.13,住家用,加強磚造,56年7月15日,二層,一層 二層 騎樓
RPRNMLLKQHLFFDM98CA,3,180.89,住家用,鋼筋混凝土造,102年5月7日,三層,一層 二層 三層 陽台
RPQNMLKKQHLFFDM78CA,20,23.16,集合住宅,鋼筋混凝土造,85年3月9日,七層,三層 陽台
RPPNMLOJRHLFFCM98CA,37,81.95,住家用,加強磚造,68年12月15日,一層,一層
RPPNMLMKQHLFFBM68CA,6,12.00,農舍,鋼鐵造有牆,99年8月12日,一層,一層
RPSNMLMKQHLFFBM98CA,23,206.35,住商用,鋼筋混凝土造,82年5月3日,四層,一層 二層 三層 四層 陽台
RPTNMLLKQHLFFAM88CA,18,86.50,農舍,鋼筋混凝土造,87年5月17日,三層,一層 二層 三層
RPPNMLLKQHLFFAM48CA,3,234.48,住家用,鋼筋混凝土造,102年7月17日,四層,一層 二層 三層 四層 陽台
RPROMLLJRHLFFAM78CA,,218.84,住家用,鋼筋混凝土造,105年5月18日,四層,一層 二層 三層 四層 陽台
RPOOMLLJRHLFFAM48CA,,209.69,住家用,鋼筋混凝土造,105年5月18日,四層,一層 二層 三層 四層 陽台
RPWNMLMLQHLFFAM76CA,24,98.41,住家用,鋼筋混凝土造,82年1月4日,八層,六層 陽台
RPWNMLMLQHLFFAM76CA,24,28.61,門廳、梯間、停車場、水塔、防空避難室、機械室、變電室,鋼筋混凝土造,82年1月4日,八層,
RPQNMLNLQHLFFAM88CA,,23.88,住家用,鋼筋混凝土造,105年4月20日,一層,一層
RPQNMLKMQHLFFBM78CA,37,114.24,住商用,鋼筋混凝土加強磚造,68年8月24日,二層,一層 二層 騎樓
RPQNMLMJRHLFFBM78CA,9,215.29,店舖、住宅、停車空間,鋼筋混凝土造,96年9月21日,四層,一層 二層 三層 四層 陽台 雨遮
RPTNMLQKQHLFFCM96CA,31,125.60,住家用,鋼筋混凝土造,74年9月25日,二層,一層 二層
RPSNMLNLQHLFFCM66CA,22,92.70,集合住宅,鋼筋混凝土造,83年5月26日,五層,一層 平台
RPSNMLNLQHLFFCM66CA,22,42.68,公共設施,鋼筋混凝土造,83年5月26日,五層,
RPWNMLQJRHLFFDM37CA,15,198.88,住家用,鋼筋混凝土造,90年3月26日,三層,一層 二層 三層 陽台
RPQNMLPKQHLFFEM76CA,27,136.59,住商用,鋼筋混凝土造,79年1月9日,三層,一層 二層 三層
RPQNMLQJRHLFFDM76CA,18,84.93,國民住宅,鋼筋混凝土造,87年11月17日,八層,一層 陽台
RPQNMLQJRHLFFDM76CA,18,32.38,防空避難室，停車空間梯間，門廳，社區辦公室,鋼筋混凝土造,87年11月17日,八層,
RPQNMLPKQHLFFDM66CA,22,247.74,廠房、辦公室、宿舍,鋼筋混凝土造,84年1月13日,三層,一層 二層 三層 陽台 平台 花台
RPPNMLPKQHLFFBM98CA,49,47.94,住家用,鋼筋混凝土加強磚造,56年7月1日,一層,一層
RPPNMLPJRHLFFEM66CA,7,174.75,住宅、梯間,ＲＣ造,98年9月8日,三層,一層 二層 三層 陽台 見其他登記事項
RPVNMLSKQHLFFAM17CA,23,85.58,住家用,鋼筋混凝土造,82年3月22日,八層,七層 陽台
RPVNMLSKQHLFFAM17CA,23,34.56,防空避難室、人行道、電梯,鋼筋混凝土造,82年3月22日,八層,
RPQNMLQLQHLFFAM56CA,22,95.16,住家用,鋼筋混凝土造,83年10月7日,十一層,十一層 陽台 花台
RPQNMLQLQHLFFAM56CA,22,35.57,屋頂突出物、梯間、警衛室、防空避難室、停車空間,鋼筋混凝土造,83年10月7日,十一層,
RPRNMLQLQHLFFAM66CA,31,111.68,住家用,加強磚造,74年6月27日,二層,一層 二層
RPRNMLQJRHLFFBM66CA,17,190.75,住家用,鋼筋混凝土造,88年2月12日,四層,一層 二層 三層 四層 陽台
RPOOMLPKQHLFFCM09CA,14,82.75,自用農舍,鋼鐵造有牆,91年2月6日,一層,一層
RPRNMLNLQHLFFCM56CA,30,148.50,住家用,鋼筋混凝土造,75年9月3日,三層,一層 二層 三層
RPQNMLQKQHLFFDM76CA,14,98.57,住商用,鋼造,91年5月2日,二層,一層 二層
RPQNMLRKQHLFFDM86CA,15,146.66,住家用,鋼筋混凝土造,90年12月27日,三層,一層 二層 三層 陽台 電梯樓梯間
RPUNMLQKQHLFFCM17DA,34,111.51,住商用,鋼筋混凝土加強磚造,71年2月3日,二層,一層 二層 陽台 騎樓
RPROMLRKQHLFFAM76CA,36,82.38,住家用,鋼筋混凝土加強磚造,69年12月1日,一層,一層
SPUNMLSKQHLFFAM17CA,24,65.85,住家用,鋼筋混凝土造,81年4月30日,六層,三層 陽台 花台
SPUNMLSKQHLFFAM17CA,24,10.66,共有部份,鋼筋混凝土造,81年4月30日,六層,
SPUNMLSKQHLFFAM17CA,24,17.45,停車場、防空避難室,鋼筋混凝土造,81年4月30日,六層,
RPUNMLSKQHLFFAM07CA,24,73.85,住家用,鋼筋混凝土造,81年4月30日,六層,三層 陽台 花台
RPUNMLSKQHLFFAM07CA,24,10.66,共有部份,鋼筋混凝土造,81年4月30日,六層,
RPUNMLSKQHLFFAM07CA,24,17.45,停車場、防空避難室,鋼筋混凝土造,81年4月30日,六層,
RPTNMLKMQHLFFAM98CA,,52.22,住家用,鋼筋混凝土加強磚造,,二層,一層 二層
RPXNMLLJRHLFFAM66CA,34,140.11,住商用,鋼筋混凝土加強磚造,71年12月18日,三層,一層 二層 三層 騎樓
RPQNMLSKQHLFFBM76CA,46,104.60,住家用,鋼筋混凝土加強磚造,59年11月7日,三層,一層 二層 三層
RPRNMLSKQHLFFBM86CA,24,145.46,住商用,鋼筋混凝土造,81年4月10日,三層,一層 二層 三層 陽台 電梯樓梯間
RPSNMLTKQHLFFBM07CA,1,193.64,住家用,鋼筋混凝土造,104年4月20日,四層,一層 二層 三層 四層 陽台
RPUNMLTKQHLFFCM37CA,10,138.78,住家用,鋼筋混凝土造,95年10月11日,三層,一層 二層 三層 屋頂突出物
RPSNMLRKQHLFFCM96CA,18,51.98,集合住宅,鋼筋混凝土造,87年12月31日,八層,三層 陽台
RPSNMLRKQHLFFCM96CA,18,21.39,停車場．避難室,鋼筋混凝土造,87年12月31日,八層,
RPTNMLSKQHLFFCM17CA,33,23.43,店舖、住宅、人行道,鋼筋混凝土造,72年2月4日,二層,一層 二層 騎樓
RPPNMLRKQHLFFDM76CA,24,29.75,農舍,鋼架﹝有牆﹞,81年12月4日,一層,一層
RPUNMLSKQHLFFBM27DA,9,18.25,農舍,見其他登記事項,96年4月23日,一層,一層
RPRNMLLJRHLFFDM98CA,25,234.13,住商用,鋼筋混凝土造,80年9月13日,三層,一層 二層 三層 騎樓 電梯樓梯間
RPQNMLTKRHLFFBM96CA,3,160.22,住宅、水箱間,鋼筋混凝土造,102年6月26日,三層,一層 二層 三層 陽台 見其他登記事項
RPPNMLPJRHLFFAM88CA,22,156.39,住家用,鋼筋混凝土造,84年1月16日,三層,一層 二層 三層
RPQNMLSJKILFFCM88CA,22,85.35,集合住宅,鋼筋混凝土造,83年12月31日,十二層,三層 陽台 花台
RPQNMLSJKILFFCM88CA,22,19.90,樓梯間、機械房、水箱,鋼筋混凝土造,83年12月31日,十二層,
RPUNMLNLQHLFFAM66CA,35,83.42,住商用,鋼筋混凝土加強磚造,70年7月6日,二層,一層 二層 騎樓
RPRNMLTKQHLFFAM86CA,21,101.89,住家用,鋼筋混凝土造,84年2月16日,十三層,五層 陽台
RPRNMLTKQHLFFAM86CA,21,26.86,辦公室、康樂室、電梯、門廳、機房、水箱、平臺、瞭望臺、梯間、變電室、機械室,鋼筋混凝土造,84年2月16日,十三層,
RPXNMLNLQHLFFAM96CA,36,97.56,住家用,加強磚造,69年5月30日,二層,一層 二層
RPPNMLLJRHLFFBM58CA,20,192.05,住家用,鋼筋混凝土造,85年2月13日,四層,一層 二層 三層 四層 陽台 平台 花台
RPPNMLMLQHLFFDM98CA,24,191.29,住家用,鋼筋混凝土造,81年3月17日,四層,一層 二層 三層 四層 陽台
RPQNMLMLQHLFFDM09CA,20,25.06,集合住宅,鋼筋混凝土造,85年3月9日,七層,五層 陽台
RPQNMLMLQHLFFDM09CA,20,19.18,防空避難室、停車空間、門廳、屋頂突出物等公共設施,鋼筋混凝土造,85年3月9日,七層,
RPQNMLMLQHLFFDM09CA,20,5.00,梯間、走道,鋼筋混凝土造,85年3月9日,七層,
RPPNMLLJRHLFFEM98DA,46,143.23,商業用,鋼筋混凝土加強磚造,59年12月16日,二層,一層 二層 騎樓
RPPNMLPKQHLFFCM76CD,22,130.66,住商用,鋼筋混凝土造,83年6月10日,三層,一層 二層 三層 騎樓
RPWNMLPLQHLFFCM27CA,,341.98,農舍、水塔間,鋼筋混凝土造,105年6月15日,二層,一層 二層 陽台 見其他登記事項
RPPNMLNLQHLFFCM98CA,20,99.30,住家用,鋼筋混凝土造,85年7月2日,四層,一層 二層 三層 四層 陽台
RPPNMLNLQHLFFCM98CA,20,99.30,住家用,鋼筋混凝土造,85年7月2日,四層,一層 二層 三層 四層 陽台
RPQNMLMKRHLFFCM98CA,36,86.40,住家用,加強磚造,69年5月22日,一層,一層 騎樓
RPRNMLOLQHLFFBM56CA,38,179.10,住商用,鋼筋混凝土加強磚造,68年1月12日,二層,一層 二層 騎樓
RPTNMLTJKILFFCM66CA,23,81.78,集合住宅,鋼筋混凝土造,83年1月14日,十一層,二層 陽台 花台
RPTNMLTJKILFFCM66CA,23,38.31,１﹒停車空間、防空避難室  ２﹒梯間、機械室、水箱,鋼筋混凝土造,83年1月14日,十一層,
RPSNMLTLQHLFFAM07CA,28,262.42,住家用,鋼筋混凝土造,77年4月13日,三層,一層 二層 三層 騎樓
RPXNMLKMQHLFFAM76CA,20,162.99,住家用,鋼筋混凝土造,85年7月8日,四層,一層 二層 三層 四層
RPVNMLQJRHLFFAM96CA,,184.04,住宅、樓梯間,鋼筋混凝土造,105年3月15日,三層,一層 二層 三層 陽台 屋頂突出物
RPPNMLOLQHLFFBM98CA,2,321.87,住宅、樓梯間,鋼筋混凝土造,103年12月3日,四層,一層 二層 三層 四層 陽台 見其他登記事項
RPRNMLPLQHLFFBM66CA,1,99.64,集合住宅,鋼筋混凝土造,104年10月16日,十一層,十一層 陽台 雨遮
RPRNMLPLQHLFFBM66CA,1,84.80,本共有部分之項目有防空避難室兼停車空間、緊急發電室、台電配電室、電信室、水箱、消防機房、污水機房、電錶區、梯、電梯、梯廳、安全梯、排煙室、緊急昇降機、管委會空間、機械室、樓梯間、水錶室、水箱間及停車空間等２０項,鋼筋混凝土造,104年10月16日,十一層,
RPSNMLOLQHLFFCM76CA,2,133.88,住宅、梯間,鋼筋混凝土造,104年1月7日,二層,一層 二層 雨遮 見其他登記事項
RPRNMLOLQHLFFCM66CA,22,96.07,集合住宅,鋼筋混凝土造,83年12月31日,十二層,五層 陽台 花台
RPRNMLOLQHLFFCM66CA,22,23.41,樓梯間、機械房、水箱,鋼筋混凝土造,83年12月31日,十二層,
RPWNMLOLQHLFFCM17CA,21,125.88,住家用,鋼筋混凝土造,84年9月14日,四層,一層 二層 三層 四層 陽台 平台 露台 花台
RPPNMLPLQHLFFCM56CA,23,87.86,集合住宅,鋼筋混凝土造,83年1月14日,十一層,十層 陽台 花台
RPPNMLPLQHLFFCM56CA,23,41.72,１﹒停車空間、防空避難室  ２﹒梯間、機械室、水箱,鋼筋混凝土造,83年1月14日,十一層,
RPTNMLOLQHLFFCM86CA,23,190.42,住宅、車房,鋼筋混凝土造,82年6月18日,三層,一層 二層 三層 電梯樓梯間
RPPNMLQJRHLFFCM56CA,38,49.14,住商用,鋼筋混凝土加強磚造,67年9月9日,二層,一層 二層
RPPNMLQJRHLFFCM56CA,38,49.14,住商用,鋼筋混凝土加強磚造,67年9月9日,二層,一層 二層
RPXNMLQJRHLFFDM47CA,31,184.75,商業用,鋼筋混凝土加強磚造,74年10月1日,二層,一層 二層 陽台
RPQNMLKMQHLFFEM09CA,15,133.05,住商用,鋼筋混凝土造,90年11月7日,三層,一層 二層 三層 屋頂突出物
RPQOMLPLQHLFFCM76CA,45,96.43,住家用,鋼筋混凝土加強磚造,60年12月27日,二層,一層 二層
RPRNMLQLQHLFFBM76CA,,172.20,住宅、水箱間、樓梯間,鋼筋混凝土造,105年6月29日,三層,一層 二層 三層 陽台 見其他登記事項
RPVNMLLJRHLFFAM56DA,2,202.43,住宅、樓梯間,鋼筋混凝土造,103年12月19日,三層,一層 二層 三層 陽台 屋頂突出物
RPRNMLOLQHLFFAM56DA,33,92.19,住家用,鋼筋混凝土造,72年10月22日,四層,一層
RPQNMLPLQHLFFAM09CA,39,128.04,住商用,鋼筋混凝土加強磚造,66年5月18日,二層,一層 二層 騎樓
RPPNMLPLQHLFFAM98CA,28,246.00,住商用,鋼筋混凝土造,77年12月19日,三層,一層 二層 三層 騎樓
RPQNMLLJRHLFFAM58CA,33,81.18,住商用,鋼筋混凝土加強磚造,73年1月9日,三層,一層 二層 三層 騎樓
RPVNMLQLQHLFFCM27CA,47,47.20,住家用,鋼筋混凝土加強磚造,59年1月20日,一層,一層
RPOOMLSLKILFFAM78CA,36,106.19,住家用,鋼筋混凝土加強磚造,69年2月8日,二層,一層 二層
RPOOMLQJRHLFFCM56CA,,180.71,住宅、水箱間,鋼筋混凝土造,105年1月28日,三層,一層 二層 三層 陽台 見其他登記事項
RPRNMLQLQHLFFDM96CA,9,129.76,住家用,鋼筋混凝土造,96年4月13日,二層,一層 二層 陽台 雨遮
RPSNMLQLQHLFFDM07CA,32,125.94,住商用,鋼筋混凝土加強磚造,74年1月15日,二層,一層 二層 騎樓
RPWNMLPJRHLFFCM17CA,19,184.68,住家用,鋼筋混凝土造,86年6月23日,四層,一層 二層 三層 四層 陽台
RPQNMLTLQHLFFDM17CA,24,248.55,住商用,鋼筋混凝土造,81年12月2日,四層,一層 二層 三層 四層 陽台 騎樓 花台
RPTNMLMJRHLFFCM56CA,1,202.96,住家用,鋼筋混凝土造,104年4月22日,三層,一層 二層 三層 陽台
RPUNMLNKRHLFFCM86CA,31,111.56,住家用,鋼筋混凝土造,74年3月27日,二層,一層 二層 騎樓
RPSNMLLMQHLFFBM09CA,3,185.88,住宅、樓梯間,鋼筋混凝土造,102年2月18日,三層,一層 二層 三層 陽台 見其他登記事項
RPQNMLTLQHLFFAM86CA,,249.26,住家用,鋼筋混凝土造,104年12月10日,四層,一層 二層 三層 四層 陽台
RPQNMLKMQHLFFAM68CA,2,453.25,人行道、店舖、住宅、樓梯間,鋼筋混凝土造,103年6月4日,四層,一層 二層 三層 四層 陽台 屋頂突出物 騎樓 雨遮
RPXNMLKMQHLFFCM96CA,8,210.37,店舖、住宅、停車空間,鋼筋混凝土造,97年9月16日,二層,一層 二層 陽台
RPPNMLKMQHLFFDM88CA,26,167.96,住家用,鋼筋混凝土造,79年9月12日,三層,一層 二層 三層 陽台 地下層
RPRNMLQJRHLFFDM86CA,27,100.23,住家用,鋼筋混凝土造,78年5月27日,二層,一層 二層 騎樓
RPUNMLKMQHLFFAM56DA,25,258.71,住家用,鋼筋混凝土造,80年10月30日,四層,一層 二層 三層 四層 陽台 平台 屋頂突出物
RPPNMLMJRHLFFCM88DA,22,103.69,住家用,鋼筋混凝土造,83年8月13日,十五層,四層 陽台 花台
RPPNMLMJRHLFFCM88DA,22,22.47,防空避難室、停車空間、梯間、公共設施,鋼筋混凝土造,83年8月13日,十五層,
RPQNMLKKRHLFFEM98CA,21,190.90,住商用,鋼筋混凝土造,85年1月30日,四層,一層 二層 三層 四層 騎樓
RPQNMLKKRHLFFEM98CA,21,195.40,住商用,鋼筋混凝土造,85年1月30日,四層,一層 二層 三層 四層 騎樓
RPSNMLKMQHLFFEM66CA,16,149.60,住家用,鋼骨造,89年8月19日,一層,一層
RPQNMLLJRHLFFDM88CA,77,252.81,住商用,木造,28年10月1日,二層,一層 二層 騎樓 浴廁
RPTNMLLMQHLFFCM66CA,32,113.36,住家用,鋼筋混凝土造,73年12月14日,二層,一層 二層
RPPNMLSKRHLFFBM76CA,10,170.57,住家用,鋼筋混凝土造,95年11月23日,四層,一層 二層 三層 四層 陽台
RPWNMLLJRHLFFAM56CA,21,99.00,住家用,鋼筋混凝土造,84年2月16日,十三層,十一層 陽台
RPWNMLLJRHLFFAM56CA,21,24.37,辦公室、康樂室、電梯、門廳、機房、水箱、平臺、瞭望臺、梯間、變電室、機械室,鋼筋混凝土造,84年2月16日,十三層,
RPWNMLLJRHLFFAM56CA,21,12.67,停車空間,鋼筋混凝土造,84年2月16日,十三層,
RPPNMLMKRHLFFAM68CA,37,94.21,住商用,鋼筋混凝土加強磚造,68年4月7日,二層,一層 二層 騎樓
RPVNMLLMQHLFFAM66CA,18,181.13,住家用,鋼筋混凝土造,87年12月4日,四層,一層 二層 三層 四層 陽台
RPPOMLMJRHLFFCM88CA,24,115.43,農舍,磚造,81年3月13日,一層,一層
RPRNMLPJRHLFFCM66CA,8,116.44,店舖、住宅、停車空間,鋼筋混凝土造,97年9月16日,二層,一層 二層 陽台
RPRNMLTKRHLFFCM27DA,11,149.24,集合住宅,鋼筋混凝土造,94年11月29日,四層,一層 二層 三層 四層 陽台
RPRNMLTKRHLFFCM27DA,11,28.18,集合住宅共用部份,鋼筋混凝土造,94年11月29日,一層,
RPRNMLMJRHLFFBM88CA,37,32.92,住家用,鋼筋混凝土加強磚造,69年1月7日,二層,一層 二層
RPPNMLOJRHLFFBM88CA,36,103.46,住商用,鋼筋混凝土造,69年8月20日,三層,一層 二層 三層 騎樓
RPPNMLMJRHLFFAM58CA,,170.71,住家用,鋼筋混凝土造,105年1月25日,四層,一層 二層 三層 四層 陽台
RPPOMLOKRHLFFAM98CA,52,41.45,住家用,磚造,53年11月20日,一層,一層
RPSNMLLLRHLFFBM56DA,19,102.16,住家用,鋼筋混凝土造,86年7月12日,七層,六層 陽台
RPSNMLLLRHLFFBM56DA,19,34.68,防空、避難、停車場、梯間、玄關、機械、水塔,鋼筋混凝土造,86年7月12日,七層,
RPPNMLMLRHLFFAM78CA,22,84.99,住家用,鋼筋混凝土造,83年9月8日,五層,一層 平台
RPPNMLMLRHLFFAM78CA,22,4.34,機械房、水塔、梯間,鋼筋混凝土造,83年9月8日,五層,
RPXNMLMLRHLFFAM96CA,21,90.57,住家用,鋼筋混凝土造,85年2月7日,八層,一層 平台 花台
RPXNMLMLRHLFFAM96CA,21,7.48,住家用,鋼筋混凝土造,85年2月7日,八層,
RPXNMLMLRHLFFAM96CA,21,25.89,住家用,鋼筋混凝土造,85年2月7日,八層,
RPRNMLNJIILFFCM28CA,1,179.34,農舍,鋼骨造有牆,104年12月30日,三層,一層 二層 三層
RPWNMLQJRHLFFAM07CA,,183.40,住宅、樓梯間,鋼筋混凝土造,105年3月15日,三層,一層 二層 三層 陽台 屋頂突出物
RPQNMLMLRHLFFAM88CA,1,164.60,住宅、臥室、樓梯間,鋼筋混凝土造,104年10月14日,三層,一層 二層 三層 陽台 屋頂突出物
RPTNMLQJRHLFFAM76CA,15,265.42,住家用,鋼筋混凝土造,90年12月26日,三層,一層 二層 三層 屋頂突出物
RPPNMLRJRHLFFBM56CA,23,393.98,農舍,加強磚造,82年4月13日,二層,一層 二層 陽台
RPWNMLMJRHLFFCM86CA,36,16.66,住家用,加強磚造,69年7月3日,一層,一層
RPWNMLNKRHLFFDM17CA,22,239.80,住家用,鋼筋混凝土造,83年7月29日,四層,一層 二層 三層 四層 陽台 平台 水箱 電梯樓梯間
RPPNMLNLRHLFFBM98CA,18,166.84,住家用,鋼筋混凝土造,87年5月2日,三層,一層 二層 三層 陽台 電梯樓梯間
RPQNMLRJRHLFFAM56CA,24,65.85,住家用,鋼筋混凝土造,81年4月30日,六層,三層 陽台 花台
RPQNMLRJRHLFFAM56CA,24,10.66,共有部份,鋼筋混凝土造,81年4月30日,六層,
RPQNMLRJRHLFFAM56CA,24,17.45,停車場、防空避難室,鋼筋混凝土造,81年4月30日,六層,
RPPNMLOKRHLFFAM88CA,27,125.52,住家用,鋼筋混凝土造,78年8月2日,三層,一層 二層 三層
RPTNMLNKRHLFFAM56CA,9,493.86,農舍,鋼骨造,97年1月18日,二層,一層 二層 陽台 雨遮
RPQOMLSJRHLFFAM76CA,,161.81,住家用,鋼筋混凝土造,105年5月24日,四層,一層 二層 三層 四層 陽台
RPPNMLSJRHLFFAM56CA,,179.80,住家用,鋼筋混凝土造,105年5月24日,四層,一層 二層 三層 四層 陽台
RPQNMLSJRHLFFAM66CA,,201.96,住家用,鋼筋混凝土造,105年5月24日,四層,一層 二層 三層 四層 陽台
RPRNMLSJRHLFFAM76CA,,141.08,住家用,鋼筋混凝土造,105年5月24日,三層,一層 二層 三層 陽台
RPSNMLSJRHLFFAM86CA,,141.08,住家用,鋼筋混凝土造,105年5月24日,三層,一層 二層 三層 陽台
RPTNMLSJRHLFFAM96CA,,161.81,住家用,鋼筋混凝土造,105年5月24日,四層,一層 二層 三層 四層 陽台
RPOOMLQJRHLFFAM98CA,35,92.84,住家用,鋼筋混凝土加強磚造,70年2月16日,二層,一層 二層
RPRNMLTJRHLFFCM07CA,26,151.01,住家用,加強磚造,79年2月18日,二層,一層 二層 騎樓
RPSNMLLLRHLFFDM66CA,21,353.48,住家用,鋼筋混凝土造,84年10月23日,四層,一層 二層 三層 四層 陽台 騎樓
RPTNMLTJRHLFFCM27CA,31,75.50,住商用,鋼筋混凝土造,74年12月4日,二層,一層 二層 騎樓
RPUNMLLLRHLFFCM76CA,41,74.68,住家用,磚造,64年3月15日,一層,一層
RPSNMLQJRHLFFCM86CA,38,82.44,住宅,鋼筋混凝土加強磚造,67年4月25日,二層,一層 二層
RPQNMLOKRHLFFCM56CA,21,173.20,集合住宅,鋼筋混凝土造,84年9月7日,九層,七層 八層 陽台 露台 花台
RPQNMLOKRHLFFCM56CA,21,84.42,公共設施,鋼筋混凝土造,84年9月7日,九層,
RPOOMLNJIILFFAM87CA,21,90.57,住家用,鋼筋混凝土造,85年2月7日,八層,四層 陽台 花台
RPOOMLNJIILFFAM87CA,21,7.48,住家用,鋼筋混凝土造,85年2月7日,八層,
RPOOMLNJIILFFAM87CA,21,25.89,住家用,鋼筋混凝土造,85年2月7日,八層,
RPRNMLSJRHLFFCM96CA,36,101.70,住家用,加強磚造,69年3月26日,二層,一層 二層
RPSNMLSJRHLFFCM07CA,20,134.82,店舖、住宅、神明廳,鋼筋混凝土造,85年5月27日,三層,一層 二層 三層 騎樓
RPQNMLSJRHLFFDM96CA,18,142.76,住家用,鋼筋混凝土造,87年2月20日,三層,一層 二層 三層 陽台
RPOOMLRJRHLFFAM09CA,2,319.96,集合住宅、停車空間,鋼筋混凝土造,103年3月10日,四層,一層 二層 三層 四層 陽台
RPVNMLSJRHLFFAM17CA,,67.48,住家用,鋼筋混凝土造,105年5月24日,三層,一層 二層 三層 陽台
RPVNMLSJRHLFFAM17CA,,67.48,住家用,鋼筋混凝土造,105年5月24日,三層,一層 二層 三層 陽台
RPUNMLSJRHLFFAM07CA,,134.97,住家用,鋼筋混凝土造,105年5月24日,三層,一層 二層 三層 陽台
RPWNMLSJRHLFFAM27CA,,142.12,住家用,鋼筋混凝土造,105年5月24日,三層,一層 二層 三層 陽台
RPQOMLKMRHLFFAM88CA,3,118.06,住家用,鋼筋混凝土造,102年6月4日,四層,一層 二層
RPQOMLKMRHLFFAM88CA,3,118.06,住家用,鋼筋混凝土造,102年6月4日,四層,三層 四層
RPQOMLKMRHLFFAM88CA,3,107.71,樓梯間,鋼筋混凝土造,102年6月4日,四層,
RPQOMLRJRHLFFAM66CA,36,138.60,住商用,鋼筋混凝土加強磚造,69年6月4日,二層,一層 二層 地下層
RPRNMLMLRHLFFBM09CA,38,299.08,住商用,鋼筋混凝土加強磚造,67年2月20日,四層,一層 二層 三層 四層
RPSNMLRJRHLFFBM86CA,22,100.13,住家用,鋼筋混凝土造,83年4月11日,八層,五層 陽台 花台
RPSNMLRJRHLFFBM86CA,22,22.53,防空避難室、停車場、機械室、門廳、車道、梯間,鋼筋混凝土造,83年4月11日,八層,
RPRNMLKKRHLFFBM78CA,37,113.96,住商用,鋼筋混凝土加強磚造,68年6月28日,二層,一層 二層 騎樓
RPQNMLOKRHLFFBM09CA,26,486.77,農舍,加強磚造,79年6月15日,二層,一層 二層
RPTNMLKLRHLFFEM76CA,14,176.04,住家用,鋼筋混凝土造,91年5月2日,三層,一層 二層 三層 陽台 屋頂突出物
RPSNMLNJIILFFBM28CA,,33.83,集合住宅,鋼筋混凝土造,105年2月26日,五層,五層 見其他登記事項
RPSNMLNJIILFFBM28CA,,69.60,停車空間、門廳、電梯間、樓梯間、機械室、水箱間,鋼筋混凝土造,105年2月26日,五層,
RPSNMLTKRHLFFBM17CA,24,122.98,住家用,鋼筋混凝土造,81年10月30日,三層,一層 二層 三層 陽台 平台 花台
RPTNMLTKRHLFFCM37CA,15,116.70,住家用,鋼筋混凝土造,90年9月26日,二層,一層 二層 陽台 平台 屋頂突出物
RPTNMLOKRHLFFDM96CA,13,151.11,住家用,鋼筋混凝土造,93年2月5日,三層,一層 二層 三層 陽台 屋頂突出物
RPOOMLMLRHLFFBM88CA,20,66.90,住家用,鋼筋混凝土造,85年6月13日,九層,三層 陽台
RPOOMLMLRHLFFBM88CA,20,24.61,停車空間、防空避難室、梯間、機械室、水塔、門廳,鋼筋混凝土造,85年6月13日,九層,
RPVNMLOKRHLFFDM17CA,13,151.11,住家用,鋼筋混凝土造,93年2月5日,三層,一層 二層 三層 陽台 屋頂突出物
RPQOMLNKRHLFFDM76DA,42,339.36,山莊、住宅,鋼筋混凝土造,64年2月1日,三層,一層 二層 三層 騎樓 地下層
RPUNMLOKRHLFFDM07CA,13,151.11,住家用,鋼筋混凝土造,93年2月5日,三層,一層 二層 三層 陽台 屋頂突出物
RPQOMLKKRHLFFCM88CA,37,175.80,住商用,鋼筋混凝土加強磚造,68年3月24日,三層,一層 二層 三層 騎樓
RPPOMLKKRHLFFCM78CA,10,127.80,人行道、店舖、住宅、樓梯間,鋼骨鋼筋混凝土造,95年3月27日,三層,一層 二層 三層 屋頂突出物 騎樓
RPPNMLNKRHLFFBM88CA,12,159.53,住家用,鋼筋混凝土造,93年10月15日,四層,一層 二層 三層 四層 陽台
RPQNMLNJIILFFBM08CA,7,15.00,農舍,鋼鐵造有牆,99年1月6日,一層,一層
RPUNMLKMRHLFFAM56CA,15,197.89,住家用,鋼筋混凝土造,90年2月27日,三層,一層 二層 三層 陽台 屋頂突出物 地下層
RPUNMLKMRHLFFAM56CA,15,16.53,車庫,鋼筋混凝土造,90年2月27日,三層,
RPSOMLKMRHLFFAM09CA,15,220.46,住家用,見其他登記事項,90年6月8日,三層,一層 二層 三層
RPPNMLNJIILFFAM87CA,,218.56,住家用,鋼筋混凝土造,105年5月18日,四層,一層 二層 三層 四層 陽台
RPXNMLNLRHLFFCM27CA,24,148.00,住家用,加強磚造,81年10月15日,二層,一層 二層
RPSNMLOJIILFFCM48CA,20,83.28,農舍,磚造,85年9月25日,二層,一層 二層
RPRNMLOKRHLFFDM76CA,3,155.55,住家用,鋼筋混凝土造,102年5月7日,三層,一層 二層 三層 陽台
RPQNMLOKRHLFFDM66CA,37,89.26,住家用,加強磚造,69年1月1日,二層,一層 二層
RPPNMLTKRHLFFDM07CA,21,21.02,住家用,鋼筋混凝土造,85年3月1日,四層,陽台 地下二層
RPPNMLTKRHLFFDM07CA,21,10.43,儲藏室、樓梯、走道,鋼筋混凝土造,85年3月1日,四層,
RPPNMLKMRHLFFCM88CA,21,74.44,集合住宅,鋼筋混凝土造,84年11月22日,十二層,八層 陽台
RPPNMLKMRHLFFCM88CA,21,34.49,門廳、梯間、水塔、牌樓、停車空間兼防空避難室、機械房,鋼筋混凝土造,84年11月22日,十二層,
RPWNMLRJIILFFAM98CA,35,214.94,住商用,鋼筋混凝土加強磚造,70年5月18日,四層,一層 二層 三層 四層 騎樓
RPXNMLNKRHLFFAM96CA,22,95.81,住家用,鋼筋混凝土造,84年2月16日,十三層,十一層 陽台 花台
RPXNMLNKRHLFFAM96CA,22,23.87,辦公室、康樂室、電梯、門廳、機房、水箱、平臺、瞭望臺、梯間、變電室、機械室,鋼筋混凝土造,84年2月16日,十三層,
RPXNMLNKRHLFFAM96CA,22,12.67,停車空間,鋼筋混凝土造,84年2月16日,十三層,
RPVNMLTKRHLFFBM47CA,35,116.16,住家用,鋼筋混凝土加強磚造,70年3月9日,二層,一層 二層
RPPOMLNJIILFFBM08CA,11,170.57,住宅、樓梯間,鋼筋混凝土造,95年1月26日,三層,一層 二層 三層 陽台 屋頂突出物 雨遮
RPRNMLKMRHLFFAM88CA,7,169.15,住家用,鋼筋混凝土造,99年1月22日,四層,一層 二層 三層 四層 陽台 屋頂突出物 雨遮
RPXNMLKMRHLFFAM86CA,22,91.25,住家用,鋼筋混凝土造,83年11月9日,十六層,八層 陽台
RPXNMLKMRHLFFAM86CA,22,14.05,騎樓、人行道、梯間、避難室、機械室,鋼筋混凝土造,83年11月9日,十六層,
RPPOMLPJIILFFAM18CA,22,170.63,住家用,鋼筋混凝土造,84年1月9日,四層,一層 二層 三層 四層 陽台 平台 雨遮
RPPNMLKLRHLFFAM58CA,36,61.92,住商用,鋼筋混凝土加強磚造,69年12月31日,二層,一層 二層 騎樓
RPQNMLQJIILFFAM28CA,22,40.63,梯間、車道、水箱、機械房、避難室、停車間,鋼筋混凝土造,83年6月17日,八層,
RPQNMLQJIILFFAM28CA,22,104.49,住家用,鋼筋混凝土造,83年6月17日,八層,七層 陽台 花台 雨遮
RPUNMLTLRHLFFCM57CA,9,161.10,住宅、樓梯間,鋼筋混凝土造,96年5月1日,三層,一層 二層 三層 陽台 屋頂突出物
RPQNMLTKRHLFFCM07CA,21,74.44,集合住宅,鋼筋混凝土造,84年11月22日,十二層,七層 陽台
RPQNMLTKRHLFFCM07CA,21,34.49,門廳、梯間、水塔、牌樓、停車空間兼防空避難室、機械房,鋼筋混凝土造,84年11月22日,十二層,
RPSOMLOKRHLFFDM96CA,12,395.98,農舍,鋼筋混凝土造,94年1月6日,三層,一層 二層 三層
RPUNMLKLRHLFFEM86CA,15,181.85,住商用,鋼筋混凝土造,90年3月29日,三層,一層 二層 三層 騎樓
RPQNMLTKRHLFFDM17CA,11,157.94,住家用,鋼筋混凝土造,94年9月19日,三層,一層 二層 三層 陽台 屋頂突出物
RPPNMLNKIILFFCM18CA,14,283.50,停車空間、住宅、梯間、水塔,鋼筋混凝土造,91年1月25日,五層,一層 二層 三層 四層 五層 陽台 地下層 見其他登記事項
RPTOMLTKRHLFFAM27CA,,161.81,住家用,鋼筋混凝土造,105年5月24日,四層,一層 二層 三層 四層 陽台
RPVNMLNJIILFFCM68CA,1,234.23,停車空間、住宅、樓梯間,鋼筋混凝土造,104年6月16日,四層,一層 二層 三層 四層 陽台 見其他登記事項
RPSOMLTKRHLFFAM17CA,,161.81,住家用,鋼筋混凝土造,105年5月24日,四層,一層 二層 三層 四層 陽台
RPROMLTKRHLFFAM07CA,,161.81,住家用,鋼筋混凝土造,105年5月24日,四層,一層 二層 三層 四層 陽台
RPVNMLNLRHLFFCM07CA,21,133.18,住家用,鋼筋混凝土造,84年9月14日,三層,一層 二層 三層 陽台 平台 花台
RPUNMLOJIILFFDM78CA,2,198.31,住宅、樓梯間,鋼筋混凝土造,104年2月11日,三層,一層 二層 三層 陽台 屋頂突出物
RPUOMLTKRHLFFAM37CA,,161.81,住家用,鋼筋混凝土造,105年5月24日,四層,一層 二層 三層 四層 陽台
RPTNMLRJIILFFCM88CA,21,30.04,集合住宅,鋼筋混凝土造,85年2月9日,十五層,十層 陽台
RPTNMLRJIILFFCM88CA,21,9.66,走道、機械房、門廳、騎樓、防空避難室兼停車場、梯間,鋼筋混凝土造,85年2月9日,十五層,
RPVOMLTKRHLFFAM47CA,,161.81,住家用,鋼筋混凝土造,105年5月24日,四層,一層 二層 三層 四層 陽台
RPPNMLQJIILFFBM28CA,23,21.20,住家用,鋼筋混凝土造,83年1月17日,十二層,十一層 陽台
RPPNMLQJIILFFBM28CA,23,9.62,防空避難室、梯間、門廳、機械室、水箱,鋼筋混凝土造,83年1月17日,十二層,
RPUNMLKLRHLFFBM56CA,3,186.84,住宅、樓梯間,鋼筋混凝土造,102年4月1日,三層,一層 二層 三層 陽台 見其他登記事項
RPPNMLTLRHLFFBM96CA,22,85.74,住家用,鋼筋混凝土造,83年10月29日,八層,二層 陽台
RPPNMLTLRHLFFBM96CA,22,32.83,防空避難室、停車場、梯間、機械間、水箱,鋼筋混凝土造,83年10月29日,八層,
RPVNMLMKIILFFAM48CA,3,266.20,人行道、店舖、住宅,鋼筋混凝土造,102年10月4日,四層,一層 二層 三層 四層 陽台 騎樓 雨遮
RPSNMLNJIILFFAM18CA,,164.16,住宅、梯間,鋼筋混凝土造,105年3月4日,三層,一層 二層 三層 陽台 屋頂突出物
RPSNMLKLRHLFFAM88CA,17,183.39,住家用,鋼筋混凝土造,88年9月20日,三層,一層 二層 三層 屋頂突出物
RPTNMLKLRHLFFAM98CA,36,92.84,住家用,鋼筋混凝土加強磚造,69年5月3日,二層,一層 二層
RPXOMLTKRHLFFAM67CA,,141.08,住家用,鋼筋混凝土造,105年5月24日,三層,一層 二層 三層 陽台
RPPOMLQJIILFFAM28CA,22,94.09,住家用,鋼筋混凝土造,83年6月17日,八層,四層 陽台 花台
RPPOMLQJIILFFAM28CA,22,34.51,梯間、車道、水箱、機械房、避難室、停車間,鋼筋混凝土造,83年6月17日,八層,
RPQNMLMLRHLFFDM56CA,3,180.80,住家用,鋼筋混凝土造,102年5月7日,三層,一層 二層 三層 陽台
RPQNMLKLRHLFFBM88DA,1,195.92,住宅、停車空間,鋼筋混凝土造,104年7月7日,四層,一層 二層 三層 四層 陽台
RPVNMLNJIILFFDM78CA,22,82.92,住家用,鋼筋混凝土造,83年5月24日,五層,一層 平台
RPVNMLNJIILFFDM78CA,22,39.03,停車位、配電室、梯間、水箱,鋼筋混凝土造,83年5月24日,五層,
RPPNMLOJIILFFAM97CA,17,196.92,住家用,鋼筋混凝土造,88年8月31日,四層,一層 二層 三層 四層 陽台
RPQNMLMKIILFFAM97CA,4,380.94,住家用,鋼筋混凝土造,101年10月23日,四層,一層 二層 三層 四層 陽台
RPQNMLMKIILFFAM97CA,4,2.02,守衛室、電信室、屋突裝飾物,鋼筋混凝土造,101年5月3日,一層,
RPTNMLQLRHLFFBM07CA,42,229.28,住商用,鋼筋混凝土加強磚造,63年12月28日,三層,一層 二層 三層 騎樓
RPWOMLTKRHLFFAM57CA,,161.81,住家用,鋼筋混凝土造,105年5月24日,四層,一層 二層 三層 四層 陽台
RPRNMLNJIILFFBM18CA,22,105.95,住家用,鋼筋混凝土造,83年11月7日,十三層,五層 陽台 花台
RPRNMLNJIILFFBM18CA,22,34.99,防空避難室、梯間、機械室、水箱,鋼筋混凝土造,83年11月7日,十三層,
RPPNMLLLRHLFFBM78CA,39,86.16,住商用,鋼筋混凝土加強磚造,67年1月5日,二層,一層 二層
RPPNMLOLIILFFBM28CA,21,91.81,農舍,鋼架造,84年2月15日,一層,一層
RPSNMLQJIILFFBM58CA,,309.19,住宅、停車空間,鋼筋混凝土造,105年4月8日,四層,一層 二層 三層 四層 陽台
RPQNMLQJIILFFBM38CA,,306.13,住宅、停車空間,鋼筋混凝土造,105年4月8日,四層,一層 二層 三層 四層 陽台
RPUNMLTLRHLFFAM37CA,37,86.41,住家用,鋼筋混凝土加強磚造,68年5月31日,二層,一層 二層
RPVNMLNJIILFFAM48CA,1,170.71,住家用,鋼筋混凝土造,105年1月25日,四層,一層 二層 三層 四層 陽台
RPSNMLTLRHLFFAM17CA,1,172.67,住家用,鋼筋混凝土造,105年1月25日,四層,一層 二層 三層 四層 陽台
RPQNMLQLRHLFFEM07CA,13,151.66,住家用,鋼筋混凝土造,92年12月17日,三層,一層 二層 三層 陽台 屋頂突出物
RPRNMLOJIILFFAM28DA,45,66.73,住家用,加強磚造,60年12月29日,三層,一層 二層 三層
RPTNMLKMRHLFFAM09CA,12,28.93,住家用,鋼筋混凝土造,93年3月1日,五層,四層
RPTNMLKMRHLFFAM09CA,12,5.78,走廊、川堂、梯間,鋼筋混凝土造,93年3月1日,五層,
RPRNMLTLRHLFFDM47DA,13,151.11,住家用,鋼筋混凝土造,93年2月5日,三層,一層 二層 三層 陽台 屋頂突出物
RPQNMLMLRHLFFCM56DA,21,90.80,集合住宅,鋼筋混凝土造,84年5月24日,六層,五層 平台 花台
RPQNMLMLRHLFFCM56DA,21,29.29,公共設施、停車場、避難室,鋼筋混凝土造,84年5月24日,六層,
RPPNMLKMRHLFFBM88DA,21,67.65,住家用,鋼筋混凝土造,84年12月15日,十二層,七層 陽台
RPPNMLKMRHLFFBM88DA,21,15.17,防空避難室、停車空間、門廳、梯間、機房、水箱,鋼筋混凝土造,84年12月15日,十二層,
RPSNMLLKIILFFDM38CA,5,183.49,店舖、住宅、樓梯間,鋼筋混凝土造,100年9月5日,三層,一層 二層 三層 陽台 屋頂突出物
RPPNMLKMRHLFFEM09CA,,110.04,住家用,鋼筋混凝土加強磚造,,二層,一層 二層
RPSNMLNLRHLFFCM76CA,8,7.29,農舍,鋼骨造,97年10月15日,一層,一層
RPPNMLNLRHLFFCM09CA,37,96.81,住商用,鋼筋混凝土加強磚造,68年3月4日,二層,一層 二層 騎樓
RPPNMLNLRHLFFAM88CA,14,165.25,住商用,鋼筋混凝土造,91年9月20日,四層,一層 二層 三層 四層 陽台 雨遮
RPQNMLNLRHLFFAM98CA,4,236.34,農舍、樓梯間,鋼鐵造有牆、鋼筋混凝土造,101年6月12日,二層,一層 二層 陽台 屋頂突出物
RPVNMLSKIILFFAM09CA,1,271.55,住宅、樓梯間、停車空間,鋼筋混凝土造,104年4月7日,四層,一層 二層 三層 四層 陽台 屋頂突出物
RPQNMLOKIILFFAM18CA,22,86.64,住家用,鋼筋混凝土造,83年9月8日,五層,四層 陽台 花台
RPQNMLOKIILFFAM18CA,22,4.34,機械房、水塔、梯間,鋼筋混凝土造,83年9月8日,五層,
RPTNMLRKIILFFAM78CA,13,169.94,住商用,鋼筋混凝土造,92年7月15日,三層,一層 二層 三層 屋頂突出物
RPPNMLNJIILFFBM97CA,1,311.14,停車空間、住宅、樓梯間,鋼筋混凝土造,104年4月29日,四層,一層 二層 三層 四層 陽台 見其他登記事項
RPOOMLQJIILFFAM18CA,11,168.75,住家用,鋼筋混凝土造,94年10月21日,四層,一層 二層 三層 四層 陽台
RPSNMLOLRHLFFAM66CA,,142.12,住家用,鋼筋混凝土造,105年5月24日,三層,一層 二層 三層 陽台
RPTNMLOLRHLFFAM76CA,,141.08,住家用,鋼筋混凝土造,105年5月24日,三層,一層 二層 三層 陽台
RPSNMLQLRHLFFCM17DA,1,203.09,住家用,鋼筋混凝土造,104年4月9日,四層,一層 二層 三層 四層 陽台
RPPNMLTLRHLFFDM27DA,13,151.11,住家用,鋼筋混凝土造,93年2月5日,三層,一層 二層 三層 陽台 屋頂突出物
RPQNMLTLRHLFFDM37DA,13,151.11,住家用,鋼筋混凝土造,93年2月5日,三層,一層 二層 三層 陽台 屋頂突出物
RPQNMLKMRHLFFEM56CA,36,97.44,住家用,鋼筋混凝土加強磚造,69年9月1日,二層,一層 二層
RPPNMLTLRHLFFEM27CA,9,215.76,住家用,ＲＣ造,96年2月15日,三層,一層 二層 三層 陽台
RPQNMLMKIILFFCM18CA,21,172.46,住家用,鋼筋混凝土造,84年9月14日,四層,一層 二層 三層 四層 陽台 平台 露台 花台
RPSOMLNJIILFFAM28CA,32,27.53,農舍,加強磚造,73年8月15日,一層,一層 騎樓
RPRNMLSKIILFFBM78CA,1,159.48,住宅、樓梯間,鋼筋混凝土造,104年12月14日,三層,一層 二層 三層 陽台 見其他登記事項
RPTNMLKLIILFFDM48CA,1,201.36,住宅、樓梯間,鋼筋混凝土造,104年2月11日,三層,一層 二層 三層 屋頂突出物
RPWNMLKMRHLFFCM96CA,12,52.86,集合住宅,鋼筋混凝土造,93年10月5日,十層,七層 陽台
RPWNMLKMRHLFFCM96CA,12,18.96,防空避難室兼停車空間、梯廳、梯間、水箱,鋼筋混凝土造,93年10月5日,十層,
RPWNMLKMRHLFFCM96CA,12,52.86,集合住宅,鋼筋混凝土造,93年10月5日,十層,七層 陽台
RPWNMLKMRHLFFCM96CA,12,18.96,防空避難室兼停車空間、梯廳、梯間、水箱,鋼筋混凝土造,93年10月5日,十層,
RPTNMLNJIILFFCM48CA,50,39.33,住家用,磚造,56年1月1日,一層,一層
RPPNMLLLIILFFAM87CA,19,101.13,住家用,鋼筋混凝土造,87年3月6日,九層,九層 陽台
RPPNMLLLIILFFAM87CA,19,14.26,停車空間,鋼筋混凝土造,87年3月6日,九層,
RPPNMLLLIILFFAM87CA,19,12.33,梯間、管理員室、水箱、機械間,鋼筋混凝土造,87年3月6日,九層,
RPPNMLLLIILFFAM87CA,,.21,管理員室,鋼筋混凝土造,,九層,
RPPNMLLLIILFFAM87CA,19,7.09,停車空間,鋼筋混凝土造,87年3月6日,九層,
RPPNMLLLIILFFAM87CA,19,.03,梯間、管理員室、水箱、機械間,鋼筋混凝土造,87年3月6日,九層,
RPQNMLOJIILFFCM38DA,22,103.83,集合住宅,鋼筋混凝土造,83年7月8日,十二層,十二層 陽台 花台
RPQNMLOJIILFFCM38DA,22,14.26,避難室兼停車場、樓梯、門廳、騎樓、梯間、機械房、水箱、平台、瞭望台,鋼筋混凝土造,83年7月8日,十二層,
RPWNMLKMRHLFFAM86DA,24,142.21,住家用,鋼筋混凝土造,81年9月24日,三層,一層 二層 三層 騎樓
RPPNMLNJIILFFEM38DA,71,29.77,商業用,木造,34年10月20日,二層,一層 二層 騎樓
RPPNMLNKIILFFEM38CA,,59.69,住家用,磚造,,一層,
RPSNMLKMRHLFFDM76DA,26,206.12,住家用,鋼筋混凝土造,79年9月13日,三層,一層 二層 三層 陽台 地下層
RPRNMLOKIILFFCM48CA,22,185.50,住家用,鋼筋混凝土造,83年8月19日,三層,一層 二層 三層 陽台
RPRNMLRJIILFFCM68CA,,233.59,住家用,鋼筋混凝土造,105年4月6日,四層,一層 二層 三層 四層
RPUNMLQJIILFFBM78CA,36,116.16,住家用,鋼筋混凝土加強磚造,69年12月18日,二層,一層 二層
RPVNMLPJIILFFBM78CA,44,133.12,住家用,鋼筋混凝土加強磚造,61年8月24日,三層,一層 二層 三層 騎樓
RPTNMLOJIILFFAM38CA,24,152.25,住家用,鋼筋混凝土造,82年1月19日,三層,一層 二層 三層 屋頂突出物
RPUNMLOJIILFFAM48CA,16,169.09,住家用,鋼筋混凝土造,90年3月2日,三層,一層 二層 三層 陽台 屋頂突出物
RPVOMLNJIILFFAM58CA,4,322.40,住宅、樓梯間,鋼筋混凝土造,102年1月22日,三層,一層 二層 三層 陽台 屋頂突出物
RPRNMLPJIILFFAM28CA,38,171.07,住商用,鋼筋混凝土造,67年8月1日,三層,一層 二層 三層 騎樓
RPSNMLRJIILFFCM78CA,,226.03,住家用,鋼筋混凝土造,105年4月6日,四層,一層 二層 三層 四層
RPPNMLRJIILFFCM48CA,,226.03,住家用,鋼筋混凝土造,105年4月6日,四層,一層 二層 三層 四層
RPQNMLRJIILFFCM58CA,,228.75,住家用,鋼筋混凝土造,105年4月6日,四層,一層 二層 三層 四層
RPPNMLMKIILFFEM28CA,,83.08,住家用,鋼筋混凝土加強磚造,,二層,一層 二層
RPQNMLRJIILFFDM68CA,23,84.42,集合住宅,鋼筋混凝土造,82年4月29日,五層,二層 陽台
RPQNMLRJIILFFDM68CA,23,21.34,停車空間、避難室、樓梯、梯間、水塔,鋼筋混凝土造,82年4月29日,五層,
RPROMLRKIILFFDM98CA,23,217.57,住商用,鋼筋混凝土造,83年1月12日,四層,一層 二層 三層 四層 陽台 騎樓 露台
RPSNMLRKIILFFCM98DA,51,103.00,住家用,鋼筋混凝土加強磚造,54年3月10日,二層,一層 二層 騎樓
RPQNMLPJIILFFDM48CA,10,487.03,住家用,鋼筋混凝土造,95年7月25日,三層,一層 二層 三層 陽台
RPTNMLQJIILFFCM78CA,47,171.94,住商用,鋼筋混凝土加強磚造,58年8月30日,三層,一層 二層 三層 騎樓
RPTNMLQJIILFFCM78CA,43,148.51,住商用,鋼筋混凝土加強磚造,62年12月21日,三層,一層 二層 三層 騎樓
RPPNMLRKIILFFDM68CA,23,78.51,住家用,鋼筋混凝土造,82年9月20日,四層,一層 二層 三層 四層 騎樓
RPPNMLRKIILFFDM68CA,23,78.51,住家用,鋼筋混凝土造,82年9月20日,四層,一層 二層 三層 四層 騎樓
RPPNMLRKIILFFDM68CA,23,78.51,住家用,鋼筋混凝土造,82年9月20日,四層,一層 二層 三層 四層 騎樓
RPUNMLQJIILFFAM68CA,22,93.08,住家用,鋼筋混凝土造,83年9月7日,三層,一層 二層 三層
RPQNMLPJIILFFAM18CA,4,187.67,住宅、停車空間,鋼筋混凝土造,102年1月7日,四層,一層 二層 三層 四層 陽台
RPSNMLLKIILFFAM08CA,15,261.17,住家用,鋼筋混凝土造,91年1月22日,三層,一層 二層 三層 陽台 屋頂突出物
RPTNMLOKIILFFAM48CA,4,189.71,住宅、停車空間,鋼筋混凝土造,102年1月7日,四層,一層 二層 三層 四層 陽台
RPTNMLOLIILFFAM58CA,21,159.35,住家用,鋼筋混凝土造,84年4月6日,三層,一層 二層 三層 屋頂突出物
RPPOMLOLIILFFAM28CA,35,105.36,住家用,鋼筋混凝土加強磚造,71年2月27日,三層,一層 二層 三層
RPQNMLSJJILFFCM88DA,21,110.16,住家用,鋼筋混凝土造,84年9月14日,三層,一層 二層 三層 陽台 平台 花台
RPPNMLKKIILFFDM97CA,2,120.00,農舍,鋼骨造有牆,103年7月21日,一層,一層
RPPNMLLKIILFFCM97CA,16,143.91,住家用,鋼筋混凝土造,89年6月1日,三層,一層 二層 三層 陽台 平台
RPUNMLLLIILFFCM58CA,22,153.87,住家用,鋼筋混凝土造,83年7月6日,四層,一層 二層 三層 四層 陽台
RPPNMLTKIILFFCM78CA,22,192.07,商業用,鋼筋混凝土造,83年6月16日,三層,一層 二層 三層 陽台 平台 屋頂突出物 騎樓
RPPOMLSKIILFFCM78CA,18,93.06,集合住宅,鋼筋混凝土造,87年12月31日,八層,四層 陽台
RPPOMLSKIILFFCM78CA,18,57.49,停車場．避難室,鋼筋混凝土造,87年12月31日,八層,
RPPNMLLKIILFFBM87CA,15,198.79,住商用,鋼筋混凝土造,90年7月20日,四層,一層 二層 三層 四層 陽台 騎樓
RPTNMLMKIILFFBM38CA,21,88.64,住家用,鋼筋混凝土造,84年12月13日,十三層,五層 陽台 花台
RPTNMLMKIILFFBM38CA,21,25.82,防空避難室兼停車空間、梯間、機械室、水塔室、電梯、門廳,鋼筋混凝土造,84年12月13日,十三層,
RPVNMLPLIILFFBM98CA,24,117.60,農舍,鋼架有墻,82年1月6日,一層,一層
RPPNMLLKIILFFAM77CA,24,79.89,住家用,鋼筋混凝土造,82年1月4日,八層,四層 陽台
RPPNMLLKIILFFAM77CA,24,23.25,門廳、梯間、停車場、水塔、防空避難室、機械室、變電室,鋼筋混凝土造,82年1月4日,八層,
RPTNMLLKIILFFAM18CA,18,151.97,住家用,鋼筋混凝土造,88年2月5日,四層,一層 二層 三層 四層 陽台
RPQNMLKLIILFFBM97CA,22,59.12,住家用,鋼筋混凝土造,83年11月7日,十三層,十層 陽台
RPQNMLKLIILFFBM97CA,22,19.35,防空避難室、梯間、機械室、水箱,鋼筋混凝土造,83年11月7日,十三層,
RPQNMLLKIILFFBM97CA,27,274.79,店舖、住宅、避難室,鋼筋混凝土造,78年6月14日,四層,一層 二層 三層 四層 騎樓 地下層
RPSNMLMKIILFFBM28CA,2,225.76,住宅、樓梯間、水箱間,鋼筋混凝土造,103年12月9日,三層,一層 二層 三層 陽台 見其他登記事項
RPWNMLOLIILFFAM88CA,39,90.70,住家用,鋼筋混凝土加強磚造,66年6月8日,二層,一層 二層
RPQNMLKLIILFFAM87CA,16,170.44,住家用,鋼筋混凝土造,90年3月2日,三層,一層 二層 三層 陽台 屋頂突出物
RPTNMLMKIILFFCM58DA,14,30.42,住家用,鋼筋混凝土造,91年6月14日,二層,一層 二層 屋頂突出物
RPPNMLOJJILFFEM58DA,,168.14,農舍,鋼筋混凝土加強磚造,,二層,一層 二層
RPUNMLNJJILFFCM78DA,42,139.40,住商用,鋼筋混凝土加強磚造,63年7月3日,二層,一層 二層 騎樓
RPTNMLNKIILFFCM68DA,22,95.46,住家用,鋼筋混凝土造,83年8月13日,十五層,十一層 陽台 花台
RPTNMLNKIILFFCM68DA,22,28.44,防空避難室、停車空間、梯間、公共設施,鋼筋混凝土造,83年8月13日,十五層,
RPPNMLLLIILFFDM18CA,22,317.27,住家用,鋼筋混凝土造,83年9月15日,四層,一層 二層 三層 四層
RPSNMLOKIILFFCM58CA,41,79.20,住家用,鋼筋混凝土加強磚造,64年4月7日,二層,一層 二層 騎樓
RPTNMLOKIILFFBM58CA,38,92.96,住家用,鋼筋混凝土加強磚造,68年3月14日,二層,一層 二層
RPRNMLOLIILFFBM48CA,32,100.62,住家用,鋼筋混凝土加強磚造,73年4月30日,三層,一層 二層 三層
RPRNMLOLIILFFBM48CA,27,58.01,住商用,鋼筋混凝土造,79年1月1日,二層,一層 二層
RPXNMLNKIILFFBM88CA,37,118.92,住家用,鋼筋混凝土加強磚造,68年7月30日,三層,一層 二層 三層
RPRNMLKLIILFFAM97CA,4,222.48,住家用,鋼筋混凝土造,101年10月3日,四層,一層 二層 三層 四層 陽台
RPRNMLSKIILFFAM68CA,24,135.55,住家用,鋼筋混凝土造,81年5月18日,二層,一層 二層
RPTNMLOKIILFFCM68CA,22,170.78,住家用,鋼筋混凝土造,83年8月13日,四層,一層 二層 三層 四層 陽台 平台 花台
RPPNMLRKIILFFCM58CA,33,72.24,住家用,鋼筋混凝土造,73年1月19日,四層,四層
RPPNMLOKIILFFCM28CA,14,97.20,住家用,鋼構造,91年11月26日,二層,一層 二層
RPQNMLOKIILFFCM38CA,36,121.35,店舖、住宅、人行道,加強磚造,70年1月17日,二層,一層 二層 陽台 騎樓
RPPNMLPKIILFFDM48CA,3,180.83,住家用,鋼筋混凝土造,102年5月7日,三層,一層 二層 三層 陽台
RPXNMLRKIILFFAM66DA,23,110.70,住家用,鋼筋混凝土造,82年11月10日,十四層,十一層 陽台
RPXNMLRKIILFFAM66DA,23,20.42,梯間、水塔、機械室,鋼筋混凝土造,82年11月10日,十四層,
RPXNMLRKIILFFAM66DA,23,11.71,避難室、開放空間、停車空間,鋼筋混凝土造,82年11月10日,十四層,
RPPNMLPLIILFFAM38DA,30,1373.11,避難室、醫院、起居室、住宅,鋼筋混凝土造,75年10月6日,六層,一層 二層 三層 四層 五層 六層 騎樓 地下層
RPTNMLQLIILFFDM09CA,24,162.88,住家用,鋼筋混凝土造,81年5月27日,三層,一層 二層 三層 陽台 騎樓 電梯樓梯間
RPQNMLOKIILFFBM28CA,36,118.65,住家用,加強磚造,69年12月18日,二層,一層 二層 陽台
RPUNMLPLIILFFBM88CA,18,99.12,住家用,鋼筋混凝土造,88年2月12日,九層,五層 陽台 雨遮
RPUNMLPLIILFFBM88CA,18,48.58,防空避難室、停車空間、水塔、梯間、機械房、暸望台,鋼筋混凝土造,88年2月12日,九層,
RPVNMLOKIILFFAM68CA,11,31.80,住家用,鋼筋混凝土造,94年10月26日,五層,五層
RPVNMLOKIILFFAM68CA,11,5.06,住家用,鋼筋混凝土造,94年10月26日,五層,
RPRNMLOJJILFFAM28CA,25,153.23,住家用,加強磚造,80年7月4日,二層,一層 二層 夾層
RPWNMLOKIILFFAM78CA,36,82.38,住家用,鋼筋混凝土加強磚造,69年12月1日,一層,一層
RPRNMLRKIILFFBM68CA,4,186.08,住宅、樓梯間,鋼筋混凝土造,102年2月18日,三層,一層 二層 三層 陽台 見其他登記事項
RPPNMLQKIILFFBM38CA,36,166.53,住家用,鋼筋混凝土造,70年1月1日,二層,一層 二層 陽台
RPTNMLNJJILFFCM58CA,19,167.68,農舍,加強磚造,86年4月14日,一層,一層
RPXNMLPLIILFFDM76CA,2,201.36,住宅、樓梯間,鋼筋混凝土造,104年2月11日,三層,一層 二層 三層 屋頂突出物
RPTNMLSKIILFFCM09CA,22,96.79,集合住宅,鋼筋混凝土造,83年7月7日,十三層,三層 陽台 花台
RPTNMLSKIILFFCM09CA,22,18.89,避難室兼停車場、門、梯間、突出物、機械房、水箱,鋼筋混凝土造,83年7月7日,十三層,
RPPNMLOLIILFFCM38CA,25,72.00,工業用,鋼架造有牆,80年7月6日,一層,一層
RPPNMLSKIILFFCM68CA,34,82.95,住家用,加強磚造,71年12月16日,二層,一層 二層 陽台
RPPNMLSKIILFFCM68CA,34,82.95,住家用,加強磚造,71年12月16日,二層,一層 二層 陽台
RPRNMLSKIILFFCM88CA,12,92.15,集合住宅,鋼筋混凝土造,93年11月12日,十層,八層 陽台
RPRNMLSKIILFFCM88CA,12,37.13,警衛室、騎樓、車道、梯間、電樓梯間、突出物,鋼筋混凝土造,93年11月12日,十層,
RPQNMLMJJILFFCM18CA,22,99.35,集合住宅,鋼筋混凝土造,83年7月7日,十三層,七層 陽台 花台
RPQNMLMJJILFFCM18CA,22,20.11,避難室兼停車場、門、梯間、突出物、機械房、水箱,鋼筋混凝土造,83年7月7日,十三層,
RPPNMLKLIILFFAM77CA,1,229.11,人行道、店舖、住宅,鋼筋混凝土造,104年11月19日,四層,一層 二層 三層 四層 陽台 騎樓
RPXNMLRLIILFFAM66CA,37,87.20,住家用,鋼筋混凝土加強磚造,68年4月20日,二層,一層 二層
RPSNMLKLIILFFBM28DA,37,191.22,住商用,鋼筋混凝土造,69年3月18日,三層,一層 二層 三層 騎樓
RPUNMLSKIILFFCM66DA,49,20.29,住家用,鋼筋混凝土加強磚造,56年5月15日,二層,一層 二層
RPPNMLSLIILFFBM68CA,3,188.72,住宅、樓梯間,鋼筋混凝土造,102年4月11日,三層,一層 二層 三層 陽台 雨遮 見其他登記事項
RPQNMLRLIILFFBM68CA,42,123.04,住家用,加強磚造,63年3月15日,二層,一層 二層
RPSNMLOJJILFFAM38CA,1,210.29,住宅、樓梯間、水箱間,鋼筋混凝土造,104年3月26日,三層,一層 二層 三層 陽台 屋頂突出物
RPUNMLMJJILFFAM38CA,12,166.35,住家用,鋼筋混凝土造,93年6月21日,三層,一層 二層 三層 陽台 平台 屋頂突出物
RPPNMLSLIILFFEM98CA,37,91.30,住家用,鋼筋混凝土加強磚造,68年7月24日,二層,一層 二層
RPOOMLTKKILFFAM78CA,1,265.92,住家用,鋼筋混凝土造,104年4月30日,二層,一層 二層 陽台
RPOOMLTKKILFFAM78CA,1,2.23,住家用,鋼筋混凝土造,104年4月30日,一層,
RPQNMLSLIILFFBM78CA,19,173.93,住家用,鋼筋混凝土造,86年9月12日,三層,一層 二層 三層 陽台 屋頂突出物
RPPNMLLMIILFFBM08CA,,331.64,住宅、停車空間,鋼筋混凝土造,105年4月8日,四層,一層 二層 三層 四層 陽台
RPRNMLLMIILFFBM28CA,,292.52,住宅、停車空間,鋼筋混凝土造,105年4月8日,四層,一層 二層 三層 四層 陽台
RPPNMLRJJILFFBM48CA,,226.93,住家用,鋼筋混凝土造,105年6月29日,四層,一層 二層 三層 四層 陽台
RPPNMLLLIILFFCM08CA,18,160.95,住家用,鋼筋混凝土造,87年4月10日,三層,一層 二層 三層 屋頂突出物
RPUNMLQKJILFFCM09CA,,211.63,住家用,鋼骨造,105年5月18日,四層,一層 二層 三層 四層 陽台
RPUNMLPKJILFFCM98CA,35,73.84,住家用,加強磚造,70年10月22日,一層,一層
RPTNMLTKIILFFDM66CA,21,26.17,集合住宅,鋼筋混凝土造,85年3月9日,五層,三層 陽台
RPRNMLKLIILFFDM28CA,37,117.60,住商用,加強磚造,68年9月19日,二層,一層 二層 騎樓
RPSNMLRLIILFFAM78CA,3,338.97,停車空間、樓梯間、辦公室、住宅,鋼筋混凝土造,102年12月2日,四層,一層 二層 三層 四層 陽台 屋頂突出物
RPQNMLLLIILFFAM97CA,,80.90,住家用,鋼筋混凝土造,105年5月24日,四層,一層 二層 三層 四層 陽台
RPQNMLLLIILFFAM97CA,,80.90,住家用,鋼筋混凝土造,105年5月24日,四層,一層 二層 三層 四層 陽台
RPPNMLPJJILFFCM38CA,1,228.62,住宅、停車空間、樓梯間、水塔間,鋼筋混凝土造,104年3月30日,四層,一層 二層 三層 四層 陽台 雨遮 見其他登記事項
RPPNMLLLIILFFBM97CA,11,220.55,住家用,鋼筋混凝土造,94年12月30日,二層,一層 二層 陽台 屋頂突出物
RPRNMLKLIILFFBM08CA,37,120.50,住商用,鋼筋混凝土加強磚造,68年9月11日,二層,一層 二層 騎樓
SPPNMLLLIILFFBM08CA,43,83.16,住家用,鋼筋混凝土加強磚造,62年9月7日,二層,一層 二層
RPPNMLKLIILFFBM87CA,42,79.00,住家用,鋼筋混凝土加強磚造,63年7月20日,二層,一層 二層
RPPNMLPLIILFFBM48DA,23,74.51,住家用,鋼筋混凝土造,83年3月16日,九層,四層 陽台 花台
RPPNMLPLIILFFBM48DA,23,8.16,電梯、樓梯,鋼筋混凝土造,83年3月16日,九層,
RPPNMLPLIILFFBM48DA,23,12.70,避難室、停車空間、屋頂、水箱、機械室,鋼筋混凝土造,83年3月16日,九層,
RPUNMLOLIILFFDM09DA,14,14.45,農舍,鋼架有牆,92年1月10日,一層,一層
RPPNMLQLIILFFBM48CA,24,246.53,住家用,鋼筋混凝土造,81年12月24日,四層,一層 二層 三層 四層 陽台 騎樓 電梯樓梯間
RPTNMLMJJILFFAM28CA,3,320.57,住宅、機械室、屋突,鋼筋混凝土造,103年3月10日,四層,一層 二層 三層 四層 陽台 屋頂突出物
RPRNMLLLIILFFAM08CA,,70.38,住家用,鋼筋混凝土造,105年5月24日,三層,一層 二層 三層 陽台
RPRNMLLLIILFFAM08CA,,70.38,住家用,鋼筋混凝土造,105年5月24日,三層,一層 二層 三層 陽台
RPSNMLSLIILFFDM56CA,13,151.11,住家用,鋼筋混凝土造,93年2月5日,三層,一層 二層 三層 陽台 屋頂突出物
RPRNMLLMIILFFDM48CA,13,151.11,住家用,鋼筋混凝土造,93年2月5日,三層,一層 二層 三層 陽台 屋頂突出物
RPRNMLSLIILFFDM09CA,13,151.11,住家用,鋼筋混凝土造,93年2月5日,三層,一層 二層 三層 陽台 屋頂突出物
RPTNMLPLIILFFAM68CA,38,93.88,住商用,鋼筋混凝土加強磚造,67年7月13日,二層,一層 二層 騎樓
RPRNMLPLIILFFAM48CA,,142.12,住家用,鋼筋混凝土造,105年5月24日,三層,一層 二層 三層 陽台
RPTNMLPKKILFFBM88CA,,67.25,集合住宅,鋼筋混凝土造,105年2月26日,五層,三層 陽台
RPTNMLPKKILFFBM88CA,,46.95,停車空間、門廳、電梯間、樓梯間、機械室、水箱間,鋼筋混凝土造,105年2月26日,五層,
RPQNMLQLIILFFBM58CA,23,80.47,住家用,鋼筋混凝土造,83年3月16日,七層,一層 平台 花台
RPQNMLQLIILFFBM58CA,23,23.17,防空避難室、梯間、屋頂突出物,鋼筋混凝土造,83年3月16日,七層,
RPUNMLPKKILFFBM98CA,,67.25,集合住宅,鋼筋混凝土造,105年2月26日,五層,二層 陽台
RPUNMLPKKILFFBM98CA,,46.95,停車空間、門廳、電梯間、樓梯間、機械室、水箱間,鋼筋混凝土造,105年2月26日,五層,
RPSNMLOLIILFFBM58CA,3,177.75,住宅、樓梯間,鋼筋混凝土造,102年4月11日,三層,一層 二層 三層 陽台 雨遮 見其他登記事項
RPPNMLLMIILFFCM18CA,36,64.85,住家用,瓦頂、加強磚造,69年10月4日,一層,一層
RPSNMLPLIILFFAM58CA,,142.12,住家用,鋼筋混凝土造,105年5月24日,三層,一層 二層 三層 陽台
RPTNMLOLIILFFDM88CA,23,111.99,住家用,鋼筋混凝土造,82年7月15日,三層,一層 二層 三層 陽台
RPUNMLRLIILFFCM56CA,35,101.92,住家用,加強磚造,70年4月25日,二層,一層 二層 騎樓
RPXNMLKKJILFFBM68CA,3,201.45,住宅、樓梯間,鋼筋混凝土造,102年3月20日,三層,一層 二層 三層 陽台 見其他登記事項
RPPNMLPLIILFFCM48CA,9,12.00,農舍,鋼鐵造有牆,96年3月7日,一層,一層
RPQNMLRLIILFFCM78CA,36,108.50,住商用,鋼筋混凝土加強磚造,70年1月15日,二層,一層 二層
RPTNMLSLIILFFBM09CA,22,25.10,住家用,鋼筋混凝土造,83年7月21日,十三層,七層 陽台
RPTNMLSLIILFFBM09CA,22,14.39,停車場、防空避難室、梯間、走道、水箱、機房,鋼筋混凝土造,83年7月21日,十三層,
RPSNMLRJJILFFBM78CA,23,97.87,住家用,鋼筋混凝土造,82年12月21日,十二層,三層 陽台 花台 雨遮
RPSNMLRJJILFFBM78CA,23,13.80,防空避難室、停車空間、水塔、機械房、梯間、膫望台,鋼筋混凝土造,82年12月21日,十二層,
RPRNMLSLIILFFBM88CA,21,192.05,住家用,鋼筋混凝土造,85年2月13日,四層,一層 二層 三層 四層 陽台 平台 花台
RPRNMLQLIILFFAM58CA,24,94.25,住家用,鋼筋混凝土造,82年1月4日,八層,一層 平台
RPRNMLQLIILFFAM58CA,24,27.49,門廳、梯間、停車場、水塔、防空避難室、機械室、變電室,鋼筋混凝土造,82年1月4日,八層,
RPTNMLLMIILFFBM48CA,21,50.93,住家用,鋼筋混凝土造,84年5月12日,八層,八層 陽台
RPTNMLLMIILFFBM48CA,21,14.42,防空避難室、梯間、停車空間、機械室、水箱,鋼筋混凝土造,84年5月12日,八層,
RPSNMLRLIILFFBM88CA,24,485.39,工商用,鋼造,81年10月12日,一層,一層
RPRNMLPKJILFFAM48CA,,164.16,住宅、梯間,鋼筋混凝土造,105年3月4日,三層,一層 二層 三層 陽台 屋頂突出物
RPPNMLSLIILFFAM58CA,22,679.06,住商用,鋼筋混凝土造,83年8月3日,四層,一層 二層 三層 四層 陽台 屋頂突出物 騎樓 地下層
RPQNMLKKJILFFDM18CA,53,1146.47,病院、住家、自用,鋼筋混凝土加強磚造,52年6月30日,四層,一層 二層 三層 四層 騎樓
RPTNMLLJJILFFCM38CA,19,262.15,住商用,鋼筋混凝土造,86年11月13日,四層,一層 二層 三層 四層 陽台 屋頂突出物 騎樓
RPRNMLOJJILFFCM48CA,36,85.04,住家用,加強磚造,69年5月23日,二層,一層 二層
RPTNMLLKJILFFAM38DA,18,4.33,防空避難室、停車空間、水塔、門廳、梯間、突出物、機電空調設備空間,鋼筋混凝土造,87年10月27日,十三層,
RPPNMLRLIILFFBM68DA,22,61.85,住家用,鋼筋混凝土造,83年10月21日,七層,五層 陽台 花台
RPPNMLRLIILFFBM68DA,22,20.00,共有部份,鋼筋混凝土造,83年10月21日,七層,
RPSNMLSLIILFFCM56DA,22,103.19,集合住宅,鋼筋混凝土造,83年7月8日,十二層,六層 陽台 花台
RPSNMLSLIILFFCM56DA,22,12.39,避難室兼停車場、樓梯、門廳、騎樓、梯間、機械房、水箱、平台、瞭望台,鋼筋混凝土造,83年7月8日,十二層,
RPPOMLLKJILFFAM97CA,35,151.68,住商用,鋼筋混凝土加強磚造,71年2月27日,三層,一層 二層 三層 騎樓
RPVNMLLJJILFFCM58CA,23,81.78,集合住宅,鋼筋混凝土造,83年1月14日,十一層,四層 陽台 花台
RPVNMLLJJILFFCM58CA,23,38.35,１﹒停車空間、防空避難室  ２﹒梯間、機械室、水箱,鋼筋混凝土造,83年1月14日,十一層,
RPQNMLSLIILFFDM98CA,13,161.91,住家用,鋼筋混凝土造,92年10月7日,三層,一層 二層 三層 陽台 屋頂突出物
RPPNMLMJJILFFCM08CA,22,81.71,集合住宅,鋼筋混凝土造,83年12月31日,十二層,四層 陽台
RPPNMLMJJILFFCM08CA,22,21.84,樓梯間、機械房、水箱,鋼筋混凝土造,83年12月31日,十二層,
RPRNMLMJJILFFAM08CA,22,109.17,住家用,鋼筋混凝土造,83年12月23日,二層,一層 二層 屋頂突出物 騎樓
RPUNMLRLIILFFAM98CA,23,138.83,住家用,鋼筋混凝土造,82年12月3日,三層,一層 二層 三層 陽台 平台 雨遮
RPTNMLPLJILFFCM98CA,,105.82,住家用,鋼骨造,105年5月18日,四層,一層 二層 三層 四層 陽台
RPTNMLPLJILFFCM98CA,,105.82,住家用,鋼骨造,105年5月18日,四層,一層 二層 三層 四層 陽台
RPSNMLKKJILFFAM08CA,44,186.18,住家用,鋼筋混凝土加強磚造,61年7月1日,二層,一層 二層 騎樓
RPPNMLLLJILFFDM28CA,11,184.22,住家用,鋼筋混凝土造,94年9月19日,三層,一層 二層 三層 陽台 屋頂突出物
RPPNMLOJJILFFDM38CA,20,286.20,住商用,鋼造,85年8月5日,二層,一層 二層
RPUNMLLJJILFFCM48CA,21,126.65,集合住宅,鋼筋混凝土造,85年2月9日,十五層,七層 陽台
RPUNMLLJJILFFCM48CA,21,22.97,走道、機械房、門廳、騎樓、防空避難室兼停車場、梯間,鋼筋混凝土造,85年2月9日,十五層,
RPWNMLMJJILFFCM78CA,6,169.56,農舍,鋼筋混凝土造,99年9月21日,二層,一層 二層 陽台
RPWNMLMJJILFFCM78CA,6,169.56,農舍,鋼筋混凝土造,99年9月21日,二層,一層 二層 陽台
RPWNMLMJJILFFCM78CA,6,169.56,農舍,鋼筋混凝土造,99年9月21日,二層,一層 二層 陽台
RPPNMLMLJILFFCM28CA,1,196.08,住家用,鋼筋混凝土造,105年3月3日,四層,一層 二層 三層 四層 陽台
RPPOMLOLJILFFDM68CA,42,550.20,商業用,鋼筋混凝土加強磚造,63年6月1日,三層,一層 二層 三層 騎樓
RPRNMLQKJILFFAM58CA,,254.64,店舖、住宅、停車空間,鋼筋混凝土造,105年6月20日,四層,一層 二層 三層 四層 陽台 見其他登記事項
RPWNMLQKJILFFAM09CA,,182.00,住家用,鋼筋混凝土造,105年6月20日,四層,一層 二層 三層 四層 陽台
RPUNMLQKJILFFAM88CA,,122.44,店舖、住宅,鋼筋混凝土造,105年6月20日,四層,一層 二層 三層 四層 陽台 見其他登記事項
RPUNMLQKJILFFAM88CA,,122.44,店舖、住宅,鋼筋混凝土造,105年6月20日,四層,一層 二層 三層 四層 陽台 見其他登記事項
RPVNMLQKJILFFAM98CA,,184.79,住家用,鋼筋混凝土造,105年6月20日,四層,一層 二層 三層 四層 陽台
RPTNMLQKJILFFAM78CA,,254.63,店舖、住宅、停車空間,鋼筋混凝土造,105年6月20日,四層,一層 二層 三層 四層 陽台 見其他登記事項
RPSNMLQKJILFFAM68CA,,251.15,店舖、住宅、停車空間,鋼筋混凝土造,105年6月20日,四層,一層 二層 三層 四層 陽台 見其他登記事項
RPTNMLRJJILFFBM88CA,36,113.52,住商用,鋼筋混凝土加強磚造,69年10月7日,二層,一層 二層 騎樓
RPPNMLOLJILFFBM38CA,4,217.29,住宅、停車空間、機房、樓梯間,鋼筋混凝土造,102年3月14日,三層,一層 二層 三層 陽台 地下一層 見其他登記事項
RPPNMLOLJILFFBM38CA,4,2.03,管委會空間,鋼筋混凝土造,102年3月14日,一層,
RPPNMLOLJILFFBM38CA,4,51.22,自設防空避難室,鋼筋混凝土造,102年3月14日,一層,
RPVNMLSKJILFFAM56CA,11,266.93,住家用,鋼筋混凝土造,94年8月31日,四層,一層 二層 三層 四層 陽台 雨遮
