﻿編號,土地位置,土地移轉面積(平方公尺),使用分區或編定,權利人持分分母,權利人持分分子,移轉情形,地號
The serial number, land position,land shifting area square meter,the use zoning or compiles and checks,,,,land parcel
RPPNMLTJQHLFFBV57CA,新竹湖段,2051.16,非都市：風景區 ; 非都市編定：農牧用地,1,1,全筆移轉,10820000
RPPNMLTJQHLFFBV57CA,新竹湖段,1799.71,非都市：風景區 ; 非都市編定：農牧用地,1,1,全筆移轉,10850000
RPPNMLTJQHLFFBV57CA,新竹湖段,928.41,非都市：風景區 ; 非都市編定：農牧用地,1,1,全筆移轉,10860000
RPTNMLNJQHLFFAV27CA,台東段,32.00,都市：住,1,1,全筆移轉,01600291
RPPNMLMJQHLFFCV07DA,福文段,36.55,都市：住,1,1,全筆移轉,09100000
RPTNMLNJQHLFFAV27CA,台東段,8.00,都市：住,1,1,全筆移轉,01600772
RPSNMLMJQHLFFAV07CA,豐榮段,55.00,都市：住,1,1,全筆移轉,02700000
RPQNMLRKQHLFFBV67DA,忠勇段,211.10,都市：住,1,1,全筆移轉,03560000
RPQNMLRKQHLFFBV67DA,忠勇段,17.22,都市：住,1,1,全筆移轉,03560005
RPQNMLRKQHLFFBV67DA,忠勇段,24.16,都市：住,1,1,全筆移轉,03570000
RPUNMLKKQHLFFAV17CA,豐榮段,98.11,都市：住,1,1,全筆移轉,03370001
RPQNMLPKQHLFFBV37CA,濱海段,39.52,都市：住,48,4,持分移轉,05490000
RPQNMLPKQHLFFBV37CA,濱海段,30.24,都市：住,48,4,持分移轉,05500000
RPUNMLNJQHLFFAV37CA,建業段,132.72,都市：住,1,1,全筆移轉,04390031
RPQNMLPKQHLFFBV37CA,濱海段,131.12,都市：住,48,4,持分移轉,01970000
RPUNMLMKQHLFFAV37CA,台東段,132.00,都市：住,1,1,全筆移轉,25210000
RPUNMLMKQHLFFAV37CA,台東段,4.00,都市：住,1,1,全筆移轉,25210001
RPSNMLOJQHLFFAV27CA,福德段,4057.74,非都市：山坡地保育區 ; 非都市編定：農牧用地,1,1,全筆移轉,00300001
RPSNMLOJQHLFFAV27CA,福德段,1137.92,非都市：山坡地保育區 ; 非都市編定：農牧用地,1,1,全筆移轉,00320000
RPSNMLQKQHLFFBV67CA,三間段大來小段,1016.00,非都市：風景區 ; 非都市編定：農牧用地,1,1,全筆移轉,07770007
RPTNMLOJQHLFFAV37CA,福德段,5195.03,非都市：山坡地保育區 ; 非都市編定：農牧用地,1,1,全筆移轉,00300002
RPRNMLTJQHLFFBV77CA,萬年段,70.00,非都市：鄉村區 ; 非都市編定：乙種建築用地,1,1,全筆移轉,03150000
RPPNMLPJQHLFFBV17CA,南八里段,64.94,非都市：鄉村區 ; 非都市編定：乙種建築用地,1,1,全筆移轉,03160000
RPTNMLQKQHLFFBV87DA,忠勇段,7.01,都市：住,1,1,全筆移轉,03560007
RPTNMLQKQHLFFBV87DA,忠勇段,12.93,都市：住,1,1,全筆移轉,03560008
RPQNMLOJQHLFFCV27CA,萬朝段,92.54,非都市：一般農業區 ; 非都市編定：農牧用地,2,1,持分移轉,06670000
RPQNMLOJQHLFFCV27CA,萬朝段,92.54,非都市：一般農業區 ; 非都市編定：農牧用地,2,1,持分移轉,06670000
RPQNMLOJQHLFFCV27CA,萬朝段,181.06,非都市：一般農業區 ; 非都市編定：農牧用地,2,1,持分移轉,06690000
RPQNMLOJQHLFFCV27CA,萬朝段,181.06,非都市：一般農業區 ; 非都市編定：農牧用地,2,1,持分移轉,06690000
RPQNMLOJQHLFFCV27CA,萬朝段,524.60,非都市：一般農業區 ; 非都市編定：農牧用地,2,1,持分移轉,06700000
RPQNMLOJQHLFFCV27CA,萬朝段,524.60,非都市：一般農業區 ; 非都市編定：農牧用地,2,1,持分移轉,06700000
RPPNMLSKQHLFFDV87DA,都哇拔段,295.34,非都市：鄉村區 ; 非都市編定：乙種建築用地,1,1,全筆移轉,01930001
RPPNMLPKQHLFFCV37CA,四維段,2666.62,非都市：一般農業區 ; 非都市編定：農牧用地,1,1,全筆移轉,06620000
RPPNMLKKQHLFFDV96CA,復興段,115.92,都市：住,1,1,全筆移轉,03910000
RPQNMLKKQHLFFAV86DA,旭川段,255.23,非都市：鄉村區 ; 非都市編定：乙種建築用地,1,1,全筆移轉,00280000
RPSNMLTJQHLFFBV97DA,成功段,84.64,都市：農,1,1,全筆移轉,06980000
RPQNMLQKQHLFFAV37CA,台東段,3.40,都市：住,10000,558,持分移轉,02710000
RPQNMLQKQHLFFAV37CA,台東段,31.36,都市：住,10000,558,持分移轉,02710006
RPQNMLQKQHLFFAV37CA,台東段,7.42,都市：住,10000,558,持分移轉,02770000
RPVNMLOJQHLFFAV57CA,永豐段,3056.27,都市：農,1,1,全筆移轉,06500004
RPVNMLOJQHLFFAV57CA,永豐段,755.03,都市：農,1,1,全筆移轉,06500000
RPVNMLOJQHLFFAV57CA,永豐段,2642.26,都市：農,1,1,全筆移轉,06500001
RPVNMLOJQHLFFAV57CA,永豐段,2649.98,都市：農,1,1,全筆移轉,06500002
RPVNMLOJQHLFFAV57CA,永豐段,2650.04,都市：農,1,1,全筆移轉,06500003
RPPNMLPJQHLFFAV07CA,青林段,2500.00,非都市：山坡地保育區 ; 非都市編定：農牧用地,1,1,全筆移轉,05330001
RPPNMLPJQHLFFAV07CA,青林段,3365.53,非都市：山坡地保育區 ; 非都市編定：農牧用地,1,1,全筆移轉,05330002
RPPNMLRJQHLFFAV27CA,興安段,110.96,都市：住,1,1,全筆移轉,02090002
RPQNMLRJQHLFFAV37CA,興安段,115.05,都市：住,1,1,全筆移轉,02090003
RPQNMLSJQHLFFCV77DA,瑞豐段,75.16,非都市：鄉村區 ; 非都市編定：乙種建築用地,1,1,全筆移轉,08080000
RPPNMLOJQHLFFCV27DA,萬安段水墜小段,11.00,非都市：山坡地保育區 ; 非都市編定：丙種建築用地,1,1,全筆移轉,08090008
RPPNMLOJQHLFFCV27DA,萬安段水墜小段,355.00,非都市：山坡地保育區 ; 非都市編定：丙種建築用地,1,1,全筆移轉,08110009
RPPNMLOJQHLFFCV27DA,萬安段水墜小段,48.00,非都市：山坡地保育區 ; 非都市編定：丙種建築用地,1,1,全筆移轉,08110018
RPQNMLNJQHLFFCV27DA,南山段,78.87,都市：住,1,1,全筆移轉,05560000
RPTNMLLKQHLFFAV17CA,台東段,68.00,都市：住,1,1,全筆移轉,00010208
RPQNMLTJQHLFFBV67CA,忠勇段,28.60,都市：住,1,1,全筆移轉,06070000
RPQNMLTJQHLFFBV67CA,忠勇段,27.84,都市：住,1,1,全筆移轉,06070001
RPQNMLTJQHLFFBV67CA,忠勇段,3.03,都市：住,1,1,全筆移轉,06070002
RPXNMLSKQHLFFAV38DA,永清段,84.50,都市：商,1,1,全筆移轉,06740002
RPPNMLKKQHLFFAV76DA,利家段,25.00,非都市：山坡地保育區 ; 非都市編定：丙種建築用地,1,1,全筆移轉,02860006
RPPNMLLKQHLFFCV07DA,東明段,3536.79,非都市：一般農業區 ; 非都市編定：農牧用地,1,1,全筆移轉,00270000
RPQNMLKKQHLFFBV86CA,忠勇段,1012.43,都市：其他:兒童遊樂園用地,1,1,全筆移轉,00040002
RPRNMLKKQHLFFBV96CA,南河段,49.25,都市：其他:公共設施用地,1,1,全筆移轉,02820000
RPRNMLKKQHLFFBV96CA,南河段,61.92,都市：住,1,1,全筆移轉,02780000
RPRNMLKKQHLFFBV96CA,南河段,242.71,都市：住,1,1,全筆移轉,02840000
RPSNMLKKQHLFFBV07CA,南河段,2.52,都市：其他:保護區,1,1,全筆移轉,02740000
RPSNMLKKQHLFFBV07CA,南河段,67.84,都市：住,1,1,全筆移轉,02770000
RPSNMLKKQHLFFBV07CA,南河段,110.55,都市：其他:保護區,1,1,全筆移轉,02800000
RPSNMLKKQHLFFBV07CA,南河段,51.49,都市：其他:公共設施保留地,1,1,全筆移轉,02810000
RPSNMLKKQHLFFBV07CA,南河段,1106.90,都市：住,1,1,全筆移轉,02850000
RPUNMLLKQHLFFAV27CA,豐樂段,62.00,都市：工,1,1,全筆移轉,30640001
RPUNMLLKQHLFFAV27CA,豐樂段,16.00,都市：工,1,1,全筆移轉,30650001
RPVNMLLKQHLFFAV37CA,自強段,8.98,都市：住,2,1,持分移轉,10460002
RPVNMLLKQHLFFAV37CA,自強段,8.44,都市：住,2,1,持分移轉,10460003
RPPNMLRKQHLFFAV37CA,旭川段,258.17,非都市：鄉村區 ; 非都市編定：乙種建築用地,4,2,持分移轉,00360001
RPPNMLRKQHLFFAV37CA,旭川段,258.17,非都市：鄉村區 ; 非都市編定：乙種建築用地,4,2,持分移轉,00360001
RPSNMLRKQHLFFAV67CA,利家段,67.00,非都市：鄉村區 ; 非都市編定：乙種建築用地,1,1,全筆移轉,81720000
RPXNMLLKQHLFFAV57CA,自強段,23.00,都市：住,1,1,全筆移轉,08290002
RPQOMLLKQHLFFAV96CA,自強段,37.00,都市：其他:其他,1,1,全筆移轉,08310001
RPPOMLLKQHLFFAV86CA,馬蘭段,15.00,都市：其他:其他,2,1,持分移轉,09360290
RPVNMLMKQHLFFAV47CA,明峰段,6373.28,非都市：山坡地保育區 ; 非都市編定：農牧用地,100,40,持分移轉,06850000
RPVNMLMKQHLFFAV47CA,明峰段,185.34,非都市：山坡地保育區 ; 非都市編定：農牧用地,100,40,持分移轉,06860000
RPXNMLNLQHLFFCV08CA,鹿寮段,470.01,非都市：鄉村區 ; 非都市編定：乙種建築用地,1,1,全筆移轉,08090000
RPWNMLMKQHLFFAV57CA,明峰段,2128.82,非都市：山坡地保育區 ; 非都市編定：農牧用地,100,40,持分移轉,06720000
RPWNMLMKQHLFFAV57CA,明峰段,687.68,非都市：山坡地保育區 ; 非都市編定：農牧用地,100,40,持分移轉,06710000
RPWNMLMKQHLFFAV57CA,明峰段,591.34,非都市：山坡地保育區 ; 非都市編定：農牧用地,100,40,持分移轉,06770000
RPWNMLMKQHLFFAV57CA,明峰段,1635.30,非都市：山坡地保育區 ; 非都市編定：農牧用地,100,40,持分移轉,06820000
RPWNMLMKQHLFFAV57CA,明峰段,397.08,非都市：山坡地保育區 ; 非都市編定：農牧用地,100,40,持分移轉,06910000
RPXNMLMKQHLFFAV67CA,新中寮段,15.66,都市：農,1,1,全筆移轉,11730000
RPXNMLMKQHLFFAV67CA,新中寮段,237.22,都市：農,1,1,全筆移轉,11720000
RPRNMLLKQHLFFAV96CA,自強段,6.19,都市：住,1,1,全筆移轉,10400001
RPSNMLLKQHLFFAV07CA,自強段,39.60,都市：住,1,1,全筆移轉,10470001
RPPNMLLKQHLFFAV76CA,台東段,5.00,都市：住,1,1,全筆移轉,06110038
RPPNMLLKQHLFFAV76CA,台東段,66.00,都市：住,1,1,全筆移轉,06120034
RPPNMLLKQHLFFAV76CA,台東段,34.00,都市：住,1,1,全筆移轉,06120036
RPPNMLLKQHLFFAV76CA,台東段,2.00,都市：住,1,1,全筆移轉,06120046
RPSNMLTJQHLFFAV77CA,岩灣段,195.60,都市：住,1,1,全筆移轉,03540004
RPWNMLTJQHLFFAV18CA,鎮樂段,700.00,非都市：山坡地保育區 ; 非都市編定：丙種建築用地,1,1,全筆移轉,06150000
RPOOMLMKQHLFFAV86CA,梧州段,418.52,都市：住,1,1,全筆移轉,03910000
RPVNMLTJQHLFFAV08CA,豐利段,2585.05,都市：農,1,1,全筆移轉,09250000
RPVNMLTJQHLFFAV08CA,豐利段,18.16,都市：其他:道路用地,1,1,全筆移轉,09260001
RPWNMLLKQHLFFAV47CA,自強段,8.98,都市：住,2,1,持分移轉,10460002
RPWNMLLKQHLFFAV47CA,自強段,8.44,都市：住,2,1,持分移轉,10460003
RPUNMLTJQHLFFAV97CA,新中寮段,60.44,都市：其他:道路用地,1,1,全筆移轉,11330000
RPUNMLTJQHLFFAV97CA,新中寮段,55.18,都市：其他:學校用地,1,1,全筆移轉,11340000
RPUNMLTJQHLFFAV97CA,新中寮段,260.44,都市：住,1,1,全筆移轉,11320000
RPSNMLKKQHLFFAV96CA,常德段,12.53,都市：住,10000,66,持分移轉,07520000
RPRNMLSJQHLFFAV57CA,岩灣段,157.60,都市：住,1,1,全筆移轉,03540001
RPQNMLSJQHLFFAV47CA,岩灣段,162.85,都市：住,1,1,全筆移轉,03540000
RPTNMLTJQHLFFBV97CA,萬年段,14.00,非都市：鄉村區 ; 非都市編定：乙種建築用地,1,1,全筆移轉,06340000
RPTNMLTJQHLFFBV97CA,萬年段,71.00,非都市：鄉村區 ; 非都市編定：乙種建築用地,1,1,全筆移轉,06330000
RPPNMLTLQHLFFAV77DA,新生段,16.85,都市：住,10000,287,持分移轉,01590000
RPTNMLTJQHLFFAV97DA,台東段,132.00,都市：住,1,1,全筆移轉,04640015
RPTNMLTJQHLFFAV97DA,台東段,200.00,都市：住,1,1,全筆移轉,04640000
RPRNMLQKQHLFFAV47CA,常德段,92.74,都市：住,1,1,全筆移轉,00750000
RPPOMLMKQHLFFAV96CA,知本段,5000.00,非都市：特定農業區 ; 非都市編定：農牧用地,1,1,全筆移轉,79510000
RPQNMLMKQHLFFDV37DA,蘭里段,801.00,非都市：鄉村區 ; 非都市編定：乙種建築用地,1,1,全筆移轉,04940000
RPPNMLLKQHLFFBV96DA,成功段,45.35,都市：其他:學校用地,1,1,全筆移轉,05200003
RPROMLTJRHLFFAV97DA,台東段,105.00,都市：住,1,1,全筆移轉,00080126
RPTNMLMKQHLFFAV27CA,豐成段,111.08,非都市：特定農業區 ; 非都市編定：甲種建築用地,1,1,全筆移轉,09170000
RPPNMLMKQHLFFCV07CA,福原段,132.97,都市：住,1,1,全筆移轉,07790000
RPPNMLMKQHLFFCV07CA,福原段,133.00,都市：住,1,1,全筆移轉,07800000
RPPNMLPKQHLFFAV17CA,東海段,76.94,都市：住,1,1,全筆移轉,09270000
RPUNMLQKQHLFFAV77CA,中心段,83.00,都市：住,1,1,全筆移轉,13130000
RPXNMLQKQHLFFAV08CA,岩灣段,157.38,都市：住,1,1,全筆移轉,03540002
RPWNMLSKQHLFFAV18CA,豐航段,903.49,都市：住,1,1,全筆移轉,06150000
RPWNMLSKQHLFFAV18CA,豐航段,59.96,都市：其他:道路用地,1,1,全筆移轉,06150001
RPWNMLSKQHLFFAV18CA,豐航段,61.26,都市：其他:道路用地,1,1,全筆移轉,06150002
RPOOMLSKQHLFFAV47CA,建華段,1600.00,都市：農,2,1,持分移轉,08130001
RPOOMLSKQHLFFAV47CA,建華段,1600.00,都市：農,2,1,持分移轉,08130001
RPQNMLPKQHLFFAV27CA,明峰段,6202.98,非都市：山坡地保育區 ; 非都市編定：農牧用地,1,1,全筆移轉,03020000
RPRNMLPKQHLFFAV37CA,台東段,26.82,都市：住,100,9,持分移轉,21950000
RPRNMLPKQHLFFAV37CA,台東段,49.00,都市：住,1,1,全筆移轉,21990000
RPPNMLQKQHLFFAV27CA,台東段,30.33,都市：住,10000,406,持分移轉,18290000
RPRNMLRKQHLFFBV67CA,玉港段,459.08,非都市：風景區 ; 非都市編定：農牧用地,1,1,全筆移轉,02150000
RPPNMLPJRHLFFCV37CA,鹿寮段,2625.70,非都市：山坡地保育區 ; 非都市編定：農牧用地,1,1,全筆移轉,06960001
RPQNMLMJRHLFFAV96CA,常德段,110.02,都市：住,1,1,全筆移轉,09020000
RPPNMLMJRHLFFAV86CA,豐年段,111.86,都市：住,1,1,全筆移轉,11260016
RPSNMLRKQHLFFBV77CA,玉港段,289.15,非都市：風景區 ; 非都市編定：農牧用地,1,1,全筆移轉,02140000
RPQNMLNLQHLFFBV27CA,田組段,12.01,非都市：風景區 ; 非都市編定：農牧用地,1,1,全筆移轉,10610000
RPQNMLNLQHLFFBV27CA,田組段,98.94,非都市：風景區 ; 非都市編定：農牧用地,1,1,全筆移轉,10620000
RPQNMLNLQHLFFBV27CA,田組段,1051.95,非都市：風景區 ; 非都市編定：農牧用地,1,1,全筆移轉,10630000
RPQNMLNLQHLFFBV27CA,田組段,10525.39,非都市：風景區 ; 非都市編定：農牧用地,1,1,全筆移轉,10640000
RPQNMLNLQHLFFBV27CA,田組段,1200.22,非都市：風景區 ; 非都市編定：農牧用地,1,1,全筆移轉,10650000
RPTNMLQKQHLFFAV77DA,興安段,150.70,都市：住,1,1,全筆移轉,03620002
RPPNMLPKQHLFFBV37DA,高原段,3.00,非都市：鄉村區 ; 非都市編定：乙種建築用地,1,1,全筆移轉,06580025
RPPNMLQKQHLFFBV47DA,玉港段,523.99,非都市：風景區 ; 非都市編定：丙種建築用地,1,1,全筆移轉,02710000
RPPNMLKMQHLFFDV27DA,金星段,4990.00,非都市：山坡地保育區 ; 非都市編定：農牧用地,1,1,全筆移轉,00820000
RPPNMLKMQHLFFDV27DA,壢坵段,5275.00,非都市：森林區 ; 非都市編定：林業用地,1,1,全筆移轉,06820243
RPPNMLRKQHLFFCV57CA,水井段,301.50,非都市：鄉村區 ; 非都市編定：乙種建築用地,1,1,全筆移轉,07880002
RPQNMLKMQHLFFBV07CA,忠勇段,68.24,都市：住,1,1,全筆移轉,11140000
RPQNMLKMQHLFFBV07CA,忠勇段,56.13,都市：住,1,1,全筆移轉,11150000
RPTNMLRKQHLFFAV77CA,台東段,150.00,都市：商,1,1,全筆移轉,06540162
RPPNMLSKQHLFFAV47CA,中心段,147.00,都市：住,1,1,全筆移轉,08830000
RPQNMLRKQHLFFAV47CA,順天段,89.45,都市：住,1,1,全筆移轉,00890011
RPRNMLRKQHLFFAV57CA,東農段,2500.00,非都市：特定農業區 ; 非都市編定：農牧用地,1,1,全筆移轉,00920000
RPSNMLTKQHLFFAV87CA,普優瑪段,26.32,都市：住,1,1,全筆移轉,01580000
RPSNMLTKQHLFFAV87CA,普優瑪段,53.61,都市：住,1,1,全筆移轉,01690000
RPRNMLSKQHLFFAV67CA,豐康段,83.00,都市：住,1,1,全筆移轉,07440000
RPVNMLQKQHLFFAV87CA,台東段,53.60,都市：住,100000,830,持分移轉,25640000
RPVNMLSKQHLFFAV08CA,下賓朗段,90.22,非都市：一般農業區 ; 非都市編定：甲種建築用地,1,1,全筆移轉,12160000
RPPNMLLMQHLFFCV17CA,萬安段水墜小段,4155.00,非都市：山坡地保育區 ; 非都市編定：農牧用地,1,1,全筆移轉,07930000
RPPNMLRJRHLFFBV47CA,長光段,434.64,非都市：鄉村區 ; 非都市編定：乙種建築用地,1,1,全筆移轉,02730000
RPPNMLRJRHLFFBV47CA,馬稼海段,126.63,非都市：風景區 ; 非都市編定：農牧用地,1,1,全筆移轉,07010000
RPPNMLMJRHLFFBV96CA,南八里段,434.69,非都市：鄉村區 ; 非都市編定：乙種建築用地,1,1,全筆移轉,02830000
RPPNMLQJRHLFFCV47CA,紅葉段,500.00,都市：其他:保護區,1,1,全筆移轉,01240000
RPPNMLTKQHLFFCV77CA,水井段,2238.16,非都市：特定農業區 ; 非都市編定：農牧用地,1,1,全筆移轉,09890000
RPPNMLTKQHLFFCV77CA,水井段,2558.22,非都市：特定農業區 ; 非都市編定：農牧用地,1,1,全筆移轉,09900000
RPPNMLTKQHLFFCV77CA,水井段,276.72,非都市：特定農業區 ; 非都市編定：農牧用地,1,1,全筆移轉,09960000
RPPNMLTKQHLFFCV77CA,水井段,477.59,非都市：特定農業區 ; 非都市編定：農牧用地,1,1,全筆移轉,09980000
RPPNMLPLQHLFFDV67DA,嘉新段,858.10,非都市：山坡地保育區 ; 非都市編定：農牧用地,1,1,全筆移轉,10360000
RPQNMLPLQHLFFDV77DA,嘉新段,599.60,非都市：山坡地保育區 ; 非都市編定：農牧用地,1,1,全筆移轉,10350000
RPQNMLTKQHLFFAV67CA,新生段,118.00,都市：住,1,1,全筆移轉,10420000
RPQNMLQLQHLFFDV77CA,秀山段,206.61,都市：商,1000,60,持分移轉,07290000
RPQNMLQLQHLFFDV77CA,秀山段,1.99,都市：商,1000,60,持分移轉,07290001
RPQNMLTLQHLFFDV08CA,復興段,16.36,都市：住,1,1,全筆移轉,10010001
RPQNMLTLQHLFFDV08CA,復興段,1.78,都市：住,1,1,全筆移轉,10020001
RPQNMLPLQHLFFAV37CA,明峰段,293.77,非都市：特定專用區 ; 非都市編定：國土保安用地,1,1,全筆移轉,09880001
RPQNMLPLQHLFFAV37CA,明峰段,910.27,非都市：特定專用區 ; 非都市編定：遊憩用地,1,1,全筆移轉,09810003
RPQNMLPLQHLFFAV37CA,明峰段,913.72,非都市：特定專用區 ; 非都市編定：國土保安用地,1,1,全筆移轉,09810004
RPQNMLPLQHLFFAV37CA,明峰段,1169.16,非都市：特定專用區 ; 非都市編定：遊憩用地,1,1,全筆移轉,09810005
RPQNMLPLQHLFFAV37CA,明峰段,2788.10,非都市：特定專用區 ; 非都市編定：交通用地,1,1,全筆移轉,09810006
RPQNMLPLQHLFFAV37CA,明峰段,233.55,非都市：特定專用區 ; 非都市編定：國土保安用地,1,1,全筆移轉,09880000
RPQNMLPLQHLFFAV37CA,明峰段,35.06,非都市：特定專用區 ; 非都市編定：遊憩用地,1,1,全筆移轉,09810000
RPQNMLPLQHLFFAV37CA,明峰段,346.00,非都市：特定專用區 ; 非都市編定：國土保安用地,1,1,全筆移轉,09810001
RPQNMLPLQHLFFAV37CA,明峰段,528.61,非都市：特定專用區 ; 非都市編定：國土保安用地,1,1,全筆移轉,09810002
RPQNMLPLQHLFFAV37CA,明峰段,596.59,非都市：特定專用區 ; 非都市編定：國土保安用地,1,1,全筆移轉,09880002
RPQNMLPLQHLFFAV37CA,明峰段,1372.05,非都市：特定專用區 ; 非都市編定：國土保安用地,1,1,全筆移轉,09880003
RPQNMLPLQHLFFAV37CA,明峰段,3266.21,非都市：特定專用區 ; 非都市編定：交通用地,1,1,全筆移轉,09880004
RPQNMLPLQHLFFAV37CA,明峰段,5391.48,非都市：特定專用區 ; 非都市編定：遊憩用地,1,1,全筆移轉,09880005
RPQNMLPLQHLFFAV37CA,明峰段,696.70,非都市：特定專用區 ; 非都市編定：特定目的事業用地,1,1,全筆移轉,09930000
RPQNMLPLQHLFFAV37CA,明峰段,704.52,非都市：特定專用區 ; 非都市編定：水利用地,1,1,全筆移轉,09930001
RPQNMLPLQHLFFAV37CA,明峰段,1066.05,非都市：特定專用區 ; 非都市編定：遊憩用地,1,1,全筆移轉,09930002
RPQNMLPLQHLFFAV37CA,明峰段,3412.07,非都市：特定專用區 ; 非都市編定：國土保安用地,1,1,全筆移轉,09930003
RPQNMLPLQHLFFAV37CA,明峰段,3315.85,非都市：特定專用區 ; 非都市編定：遊憩用地,1,1,全筆移轉,09930004
RPQNMLPLQHLFFAV37CA,明峰段,12.73,非都市：特定專用區 ; 非都市編定：交通用地,1,1,全筆移轉,09960000
RPQNMLPLQHLFFAV37CA,明峰段,8241.08,非都市：特定專用區 ; 非都市編定：國土保安用地,1,1,全筆移轉,10600000
RPQNMLPLQHLFFAV37CA,明峰段,269.01,非都市：特定專用區 ; 非都市編定：國土保安用地,1,1,全筆移轉,09960001
RPQNMLPLQHLFFAV37CA,明峰段,833.14,非都市：特定專用區 ; 非都市編定：國土保安用地,1,1,全筆移轉,09960002
RPQNMLPLQHLFFAV37CA,明峰段,2076.51,非都市：特定專用區 ; 非都市編定：遊憩用地,1,1,全筆移轉,09960003
RPQNMLPLQHLFFAV37CA,明峰段,2809.60,非都市：特定專用區 ; 非都市編定：遊憩用地,1,1,全筆移轉,09960004
RPQNMLPLQHLFFAV37CA,明峰段,17.89,非都市：特定專用區 ; 非都市編定：遊憩用地,1,1,全筆移轉,09970000
RPQNMLPLQHLFFAV37CA,明峰段,47.81,非都市：特定專用區 ; 非都市編定：交通用地,1,1,全筆移轉,09970001
RPQNMLPLQHLFFAV37CA,明峰段,1422.14,非都市：特定專用區 ; 非都市編定：國土保安用地,1,1,全筆移轉,09970002
RPQNMLPLQHLFFAV37CA,明峰段,8160.21,非都市：特定專用區 ; 非都市編定：遊憩用地,1,1,全筆移轉,09970003
RPQNMLPLQHLFFAV37CA,明峰段,950.17,非都市：特定專用區 ; 非都市編定：國土保安用地,1,1,全筆移轉,09980000
RPQNMLPLQHLFFAV37CA,明峰段,1516.36,非都市：特定專用區 ; 非都市編定：遊憩用地,1,1,全筆移轉,09980001
RPQNMLMKRHLFFDV37CA,多良段,7200.00,非都市：山坡地保育區 ; 非都市編定：農牧用地,1,1,全筆移轉,03280000
RPQNMLMKRHLFFDV37CA,多良段,14946.00,非都市：山坡地保育區 ; 非都市編定：林業用地,1,1,全筆移轉,03900000
RPQNMLMKRHLFFDV37CA,多良段,14950.00,非都市：山坡地保育區 ; 非都市編定：林業用地,1,1,全筆移轉,03900002
RPQNMLMKRHLFFDV37CA,多良段,15024.00,非都市：山坡地保育區 ; 非都市編定：林業用地,1,1,全筆移轉,03900003
RPQNMLMKRHLFFDV37CA,多良段,15098.00,非都市：山坡地保育區 ; 非都市編定：林業用地,1,1,全筆移轉,03900004
RPQNMLMKRHLFFDV37CA,多良段,14668.00,非都市：山坡地保育區 ; 非都市編定：林業用地,1,1,全筆移轉,03900005
RPPNMLTLQHLFFDV97CA,復興段,27.91,都市：住,1,1,全筆移轉,10010002
RPPNMLTLQHLFFDV97CA,復興段,3.23,都市：住,1,1,全筆移轉,10020002
RPRNMLTKQHLFFAV77CA,自強段,27.14,都市：住,10000,153,持分移轉,07170000
RPUNMLLMQHLFFAV47CA,岩灣段,169.48,都市：住,1,1,全筆移轉,03220002
RPPNMLMLQHLFFCV17CA,瑞里段,35.90,非都市：鄉村區 ; 非都市編定：乙種建築用地,1,1,全筆移轉,00690000
RPPNMLMLQHLFFCV17CA,瑞里段,342.96,非都市：鄉村區 ; 非都市編定：乙種建築用地,1,1,全筆移轉,00730000
RPQNMLQJRHLFFBV57DA,忠智段,108.81,都市：住,1,1,全筆移轉,03300000
RPPNMLNLQHLFFCV27CA,隆盛段,61.38,非都市：特定農業區 ; 非都市編定：水利用地,1,1,全筆移轉,01130001
RPPNMLNLQHLFFCV27CA,隆盛段,1.75,非都市：特定農業區 ; 非都市編定：水利用地,1,1,全筆移轉,01140001
RPPNMLNLQHLFFCV27CA,隆盛段,566.20,非都市：特定農業區 ; 非都市編定：水利用地,1,1,全筆移轉,01160001
RPPNMLNLQHLFFCV27CA,隆盛段,505.28,非都市：特定農業區 ; 非都市編定：水利用地,1,1,全筆移轉,01180001
RPPNMLNLQHLFFCV27CA,隆盛段,216.94,非都市：特定農業區 ; 非都市編定：水利用地,1,1,全筆移轉,01180002
RPQNMLNLQHLFFCV37CA,溪埔段,2500.97,非都市：特定農業區 ; 非都市編定：水利用地,1,1,全筆移轉,03790001
RPQNMLNLQHLFFCV37CA,溪埔段,505.90,非都市：一般農業區 ; 非都市編定：水利用地,1,1,全筆移轉,03800001
RPRNMLNLQHLFFCV47CA,溪埔段,785.08,非都市：特定農業區 ; 非都市編定：水利用地,1,1,全筆移轉,08920001
RPRNMLNLQHLFFCV47CA,溪埔段,1264.29,非都市：特定農業區 ; 非都市編定：水利用地,1,1,全筆移轉,08940000
RPRNMLNLQHLFFCV47CA,溪埔段,33.23,非都市：特定農業區 ; 非都市編定：水利用地,1,1,全筆移轉,08970001
RPSNMLNLQHLFFCV57CA,溪埔段,578.30,非都市：一般農業區 ; 非都市編定：水利用地,1,1,全筆移轉,03710004
RPSNMLNLQHLFFCV57CA,溪埔段,264.94,非都市：一般農業區 ; 非都市編定：水利用地,1,1,全筆移轉,03710005
RPSNMLNLQHLFFCV57CA,隆盛段,1065.92,非都市：特定農業區 ; 非都市編定：水利用地,1,1,全筆移轉,00770000
RPSNMLNLQHLFFCV57CA,隆盛段,2242.90,非都市：特定農業區 ; 非都市編定：水利用地,1,1,全筆移轉,00780000
RPSNMLNLQHLFFCV57CA,隆盛段,1396.55,非都市：特定農業區 ; 非都市編定：水利用地,1,1,全筆移轉,00790000
RPTNMLNLQHLFFCV67CA,溪埔段,864.08,非都市：特定農業區 ; 非都市編定：水利用地,1,1,全筆移轉,07360001
RPTNMLNLQHLFFCV67CA,溪埔段,1453.66,非都市：特定農業區 ; 非都市編定：水利用地,1,1,全筆移轉,03790004
RPTNMLNLQHLFFCV67CA,溪埔段,51.13,非都市：特定農業區 ; 非都市編定：水利用地,1,1,全筆移轉,07330001
RPUNMLNLQHLFFCV77CA,溪埔段,412.27,非都市：特定農業區 ; 非都市編定：水利用地,1,1,全筆移轉,08880001
RPUNMLNLQHLFFCV77CA,溪埔段,6.36,非都市：特定農業區 ; 非都市編定：水利用地,1,1,全筆移轉,08900001
RPVNMLNLQHLFFCV87CA,溪埔段,134.71,非都市：特定農業區 ; 非都市編定：水利用地,1,1,全筆移轉,09160001
RPVNMLNLQHLFFCV87CA,溪埔段,13.83,非都市：特定農業區 ; 非都市編定：水利用地,1,1,全筆移轉,09180001
RPWNMLNLQHLFFCV97CA,溪埔段,49.03,非都市：特定農業區 ; 非都市編定：水利用地,1,1,全筆移轉,08990001
RPWNMLNLQHLFFCV97CA,溪埔段,361.60,非都市：特定農業區 ; 非都市編定：水利用地,1,1,全筆移轉,09110001
RPWNMLNLQHLFFCV97CA,溪埔段,4.41,非都市：特定農業區 ; 非都市編定：水利用地,1,1,全筆移轉,09410001
RPQNMLQJRHLFFCV57CA,紅葉段,62.00,都市：其他:保護區,1,1,全筆移轉,01690005
RPQNMLQJRHLFFCV57CA,紅葉段,258.00,都市：其他:保護區,1,1,全筆移轉,01690028
RPQNMLQJRHLFFCV57CA,紅葉段,16.00,都市：其他:保護區,1,1,全筆移轉,01690035
RPQNMLPLQHLFFCV57CA,隆昌段,2183.15,非都市：特定農業區 ; 非都市編定：農牧用地,1,1,全筆移轉,08620000
RPQNMLPLQHLFFCV57CA,隆昌段,786.04,非都市：特定農業區 ; 非都市編定：農牧用地,1,1,全筆移轉,08630000
RPQNMLPLQHLFFCV57CA,隆昌段,1256.04,非都市：特定農業區 ; 非都市編定：農牧用地,1,1,全筆移轉,08640000
RPQNMLPLQHLFFCV57CA,隆昌段,1726.19,非都市：特定農業區 ; 非都市編定：農牧用地,1,1,全筆移轉,08650000
RPQNMLPLQHLFFCV57CA,隆昌段,490.04,非都市：特定農業區 ; 非都市編定：農牧用地,1,1,全筆移轉,08660000
RPQNMLPLQHLFFCV57CA,隆昌段,642.31,非都市：特定農業區 ; 非都市編定：農牧用地,1,1,全筆移轉,08670000
RPQNMLPLQHLFFCV57CA,隆昌段,151.26,非都市：特定農業區 ; 非都市編定：農牧用地,1,1,全筆移轉,08680000
RPQNMLPLQHLFFCV57CA,隆昌段,849.09,非都市：特定農業區 ; 非都市編定：農牧用地,1,1,全筆移轉,08690000
RPQNMLPLQHLFFCV57CA,隆昌段,415.78,非都市：特定農業區 ; 非都市編定：農牧用地,1,1,全筆移轉,08700000
RPRNMLNLQHLFFBV37CA,南河段,11.86,都市：住,10000,326,持分移轉,03440000
RPQNMLOLQHLFFBV37CA,新竹湖段,19.78,非都市：風景區 ; 非都市編定：交通用地,1,1,全筆移轉,10830000
RPQNMLOLQHLFFBV37CA,新竹湖段,25.09,非都市：風景區 ; 非都市編定：交通用地,1,1,全筆移轉,10840000
RPSNMLNLQHLFFBV47CA,南河段,305.27,都市：住,10000,3850,持分移轉,03500000
RPRNMLLJRHLFFDV37DA,大溪段,112.85,非都市：鄉村區 ; 非都市編定：乙種建築用地,1,1,全筆移轉,01660000
RPQNMLTLQHLFFAV77CA,利家段,1075.00,非都市：特定農業區 ; 非都市編定：農牧用地,1,1,全筆移轉,68990000
RPPNMLMLQHLFFAV96CA,馬蘭段,107.00,都市：住,1,1,全筆移轉,15230000
RPPNMLMLQHLFFAV96CA,馬蘭段,108.00,都市：住,1,1,全筆移轉,15230001
RPRNMLMLQHLFFAV17CA,豐成段,2812.00,非都市：特定農業區 ; 非都市編定：農牧用地,1,1,全筆移轉,05320000
RPRNMLMLQHLFFAV17CA,豐成段,2500.47,非都市：特定農業區 ; 非都市編定：農牧用地,1,1,全筆移轉,05890000
RPRNMLMLQHLFFAV17CA,豐成段,4687.31,非都市：特定農業區 ; 非都市編定：農牧用地,1,1,全筆移轉,05900000
RPXNMLMLQHLFFAV77CA,岩灣段,543.07,都市：住,1,1,全筆移轉,02690002
RPWNMLMLQHLFFAV67CA,岩灣段,398.20,都市：住,1,1,全筆移轉,02690000
RPPNMLNLQHLFFAV07CA,旭川段,221.75,非都市：鄉村區 ; 非都市編定：乙種建築用地,4,2,持分移轉,00360000
RPPNMLNLQHLFFAV07CA,旭川段,221.75,非都市：鄉村區 ; 非都市編定：乙種建築用地,4,2,持分移轉,00360000
RPSNMLMLQHLFFAV27CA,新園段,1608.00,非都市：特定農業區 ; 非都市編定：農牧用地,1,1,全筆移轉,07080000
RPUNMLMLQHLFFAV47CA,岩灣段,196.97,都市：住,1,1,全筆移轉,03440001
RPQNMLMLQHLFFAV07CA,馬蘭段,11.54,都市：住,10000,285,持分移轉,18030000
RPVNMLMLQHLFFAV57CA,台東段,48.00,都市：住,3,1,持分移轉,17810004
RPVNMLMLQHLFFAV57CA,台東段,48.00,都市：住,3,1,持分移轉,17810004
RPVNMLMLQHLFFAV57CA,台東段,48.00,都市：住,3,1,持分移轉,17810004
RPUNMLTKQHLFFAV08CA,台東段,43.74,都市：住,10000,417,持分移轉,20380000
RPRNMLNLQHLFFAV27CA,康樂段,4913.00,非都市：特定農業區 ; 非都市編定：農牧用地,1,1,全筆移轉,08720000
RPQNMLNLQHLFFAV17CA,台東段,230.00,都市：住,1,1,全筆移轉,14280000
RPSNMLNLQHLFFAV37CA,下賓朗段,45.38,非都市：一般農業區 ; 非都市編定：甲種建築用地,2,1,持分移轉,12060000
RPSNMLNLQHLFFAV37CA,下賓朗段,45.38,非都市：一般農業區 ; 非都市編定：甲種建築用地,2,1,持分移轉,12060000
RPPNMLMLQHLFFBV07CA,小馬東段,1494.60,非都市：風景區 ; 非都市編定：農牧用地,1,1,全筆移轉,13300000
RPPNMLMLQHLFFBV07CA,小馬東段,476.33,非都市：風景區 ; 非都市編定：農牧用地,1,1,全筆移轉,13310000
RPPNMLMLQHLFFBV07CA,小馬東段,39.46,非都市：風景區 ; 非都市編定：交通用地,1,1,全筆移轉,13440000
RPQNMLOLQHLFFAV27CA,馬蘭段,50.77,都市：住,10000,132,持分移轉,14590000
RPQNMLMJRHLFFBV07CA,北佳里段,5.74,非都市：鄉村區 ; 非都市編定：乙種建築用地,181070,5740,持分移轉,09600000
RPPNMLOLQHLFFAV17CA,德安段,.19,都市：住,30000,212,持分移轉,00630001
RPPNMLOLQHLFFAV17CA,德安段,2.45,都市：住,30000,212,持分移轉,00630002
RPPNMLOLQHLFFAV17CA,德安段,.05,都市：住,30000,212,持分移轉,00630003
RPPNMLOLQHLFFAV17CA,德安段,26.51,都市：住,30000,212,持分移轉,00630000
RPPNMLOLQHLFFBV27CA,馬沙沙翁段,20134.89,非都市：森林區 ; 非都市編定：農牧用地,1,1,全筆移轉,00070000
RPRNMLPLQHLFFAV47CA,岩灣段,159.79,都市：住,1,1,全筆移轉,03540003
RPQNMLOLQHLFFDV57CA,秀山段,7.04,都市：其他:出租旅館區,11020,48,持分移轉,07100000
RPQNMLOLQHLFFDV57CA,秀山段,.24,都市：其他:出租旅館區,11020,48,持分移轉,07100001
RPPNMLQLQHLFFCV57CA,大原段,3052.00,非都市：特定農業區 ; 非都市編定：農牧用地,1,1,全筆移轉,45310002
RPRNMLPLQHLFFDV77CA,秀山段,6.53,都市：商,100000,105,持分移轉,06590003
RPPNMLPJRHLFFDV47CA,金崙段,153.00,非都市：山坡地保育區 ; 非都市編定：丙種建築用地,1,1,全筆移轉,18200014
RPRNMLOLQHLFFAV37CA,台東段,107.00,都市：住,1,1,全筆移轉,00080134
RPUNMLKMQHLFFAV37CA,知本段,1593.00,非都市：特定農業區 ; 非都市編定：農牧用地,1,1,全筆移轉,79630000
RPPNMLQLQHLFFBV47CA,都豐段,91.75,非都市：風景區 ; 非都市編定：丙種建築用地,1,1,全筆移轉,06980001
RPQNMLQLQHLFFAV47CA,豐里段,107.33,非都市：鄉村區 ; 非都市編定：乙種建築用地,1,1,全筆移轉,09560005
RPPNMLPLQHLFFAV27CA,建業段,22.63,都市：住,1,1,全筆移轉,00890000
RPPNMLPLQHLFFAV27CA,建業段,13.37,都市：其他:道路用地,1,1,全筆移轉,00890001
RPPNMLPLQHLFFAV27CA,建業段,36.18,都市：住,1,1,全筆移轉,00910000
RPPNMLPLQHLFFAV27CA,建業段,1.82,都市：其他:道路用地,1,1,全筆移轉,00910001
RPPNMLPLQHLFFAV27CA,建業段,14.84,都市：住,1,1,全筆移轉,01040000
RPSNMLPLQHLFFAV57CA,豐年段,154.56,都市：住,1,1,全筆移轉,09540016
RPRNMLQLQHLFFAV57CA,中清段,57.50,都市：住,1,1,全筆移轉,02280001
RPTNMLQLQHLFFAV77CA,鎮樂段,3265.00,非都市：山坡地保育區 ; 非都市編定：林業用地,2,1,持分移轉,03660000
RPTNMLQLQHLFFAV77CA,鎮樂段,1085.00,非都市：山坡地保育區 ; 非都市編定：農牧用地,2,1,持分移轉,03730000
RPSNMLTLQHLFFAV97CA,豐谷段,15.00,都市：其他:道路用地,1,1,全筆移轉,03340000
RPSNMLTLQHLFFAV97CA,豐谷段,75.00,都市：住,1,1,全筆移轉,03230000
RPQNMLLJRHLFFAV86CA,建本段,1505.66,都市：農,1,1,全筆移轉,01670000
RPPNMLLJRHLFFDV07CA,德其段,175.82,都市：住,1,1,全筆移轉,02390000
RPPNMLLJRHLFFDV07CA,德其段,9.75,都市：其他:公共設施保留地,1,1,全筆移轉,02390001
RPPNMLKMQHLFFCV07CA,鸞山段,1187.00,非都市：山坡地保育區 ; 非都市編定：農牧用地,1,1,全筆移轉,09230000
RPPNMLQLQHLFFAV47DA,利家段,232.00,非都市：山坡地保育區 ; 非都市編定：丙種建築用地,1,1,全筆移轉,02930010
RPPNMLQLQHLFFAV47DA,利家段,272.00,非都市：山坡地保育區 ; 非都市編定：丙種建築用地,1,1,全筆移轉,02930012
RPRNMLKLRHLFFCV27CA,德高段,500.00,非都市：特定農業區 ; 非都市編定：甲種建築用地,1,1,全筆移轉,03520000
RPPNMLQJRHLFFBV37CA,萬年段,140.00,非都市：鄉村區 ; 非都市編定：乙種建築用地,1,1,全筆移轉,05540000
RPPNMLRLQHLFFAV47CA,路頂段,1115.45,非都市：特定農業區 ; 非都市編定：甲種建築用地,1,1,全筆移轉,02170000
RPUNMLQLQHLFFAV87CA,台東段,58.00,都市：住,1,1,全筆移轉,00040500
RPUNMLQLQHLFFAV87CA,台東段,19.00,都市：住,1,1,全筆移轉,00040507
RPQNMLRLQHLFFAV57CA,路頂段,3134.58,非都市：特定農業區 ; 非都市編定：農牧用地,1,1,全筆移轉,02160000
RPWNMLKMQHLFFAV57CA,馬蘭段,105.00,都市：住,1,1,全筆移轉,16990022
RPXNMLKMQHLFFAV67CA,中山段,94.00,都市：住,1,1,全筆移轉,00780001
RPRNMLLJRHLFFAV96CA,南王段,6.82,都市：住,1,1,全筆移轉,04370005
RPSNMLLJRHLFFAV07CA,南王段,4.16,都市：住,1,1,全筆移轉,04370002
RPTNMLLJRHLFFAV17CA,南王段,4.76,都市：住,1,1,全筆移轉,04370006
RPPNMLLJRHLFFAV76CA,東海段,97.07,都市：住,1,1,全筆移轉,06770011
RPPNMLKKRHLFFBV86CA,都蘭段,364.00,非都市：風景區 ; 非都市編定：農牧用地,1,1,全筆移轉,10230000
RPPNMLKKRHLFFBV86CA,都蘭段,4219.00,非都市：風景區 ; 非都市編定：農牧用地,1,1,全筆移轉,10240000
RPRNMLKMQHLFFBV17CA,北八里段,343.09,非都市：鄉村區 ; 非都市編定：乙種建築用地,1,1,全筆移轉,12440000
RPTNMLKMQHLFFBV37CA,新港段新港小段,82.00,非都市：風景區 ; 非都市編定：丙種建築用地,1,1,全筆移轉,02600026
RPRNMLKMQHLFFAV07CA,中心段,41.51,都市：住,1,1,全筆移轉,08840000
RPQNMLKMQHLFFAV96CA,東農段,2523.98,非都市：特定農業區 ; 非都市編定：農牧用地,1,1,全筆移轉,04480001
RPTNMLKMQHLFFAV27CA,德安段,22.88,都市：住,30000,183,持分移轉,00630000
RPTNMLKMQHLFFAV27CA,德安段,.16,都市：住,30000,183,持分移轉,00630001
RPTNMLKMQHLFFAV27CA,德安段,2.11,都市：住,30000,183,持分移轉,00630002
RPTNMLKMQHLFFAV27CA,德安段,.04,都市：住,30000,183,持分移轉,00630003
RPUNMLTLQHLFFAV18CA,利家段,118.00,非都市：特定農業區 ; 非都市編定：甲種建築用地,1,1,全筆移轉,75850002
RPRNMLMJRHLFFAV17DA,東農段,1735.83,非都市：特定農業區 ; 非都市編定：農牧用地,1,1,全筆移轉,08820000
RPPNMLLMQHLFFAV96CA,普優瑪段,78.48,都市：住,1,1,全筆移轉,00830000
RPPNMLNKRHLFFCV27CA,大原段,545.00,非都市：特定農業區 ; 非都市編定：農牧用地,1,1,全筆移轉,14900000
RPPNMLNKRHLFFCV27CA,大原段,565.00,非都市：特定農業區 ; 非都市編定：農牧用地,1,1,全筆移轉,14910000
RPPNMLNKRHLFFCV27CA,大原段,1924.00,非都市：特定農業區 ; 非都市編定：農牧用地,1,1,全筆移轉,14920000
RPPNMLNKRHLFFCV27CA,大原段,1024.00,非都市：特定農業區 ; 非都市編定：農牧用地,1,1,全筆移轉,14930000
RPQNMLLMQHLFFAV07CA,利家段,1099.00,非都市：特定農業區 ; 非都市編定：農牧用地,1,1,全筆移轉,52860000
RPVNMLKMQHLFFAV47CA,台東段,526.00,都市：住,1,1,全筆移轉,05410014
RPPNMLNJRHLFFAV96CA,岩灣段,115.54,都市：住,1,1,全筆移轉,00180002
RPPNMLOJRHLFFAV07CA,岩灣段,118.31,都市：住,1,1,全筆移轉,00180003
RPPNMLMJRHLFFDV17CA,荒野段,4526.92,非都市：特定農業區 ; 非都市編定：農牧用地,1,1,全筆移轉,02470000
RPPNMLLMQHLFFBV07CA,忠智段,97.93,都市：住,1,1,全筆移轉,07090000
RPPNMLLJRHLFFBV86CA,和平南段,1220.42,非都市：風景區 ; 非都市編定：農牧用地,1,1,全筆移轉,01870003
RPPNMLLJRHLFFBV86CA,和平南段,720.92,非都市：風景區 ; 非都市編定：農牧用地,1,1,全筆移轉,01870004
RPPNMLNKRHLFFBV17CA,大霸來段,1080.05,非都市：風景區 ; 非都市編定：農牧用地,1,1,全筆移轉,02030000
RPPNMLPJRHLFFBV27CA,三間屋段,1280.74,非都市：風景區 ; 非都市編定：農牧用地,1,1,全筆移轉,06190000
RPPNMLPJRHLFFBV27CA,三間屋段,106.32,非都市：風景區 ; 非都市編定：農牧用地,1,1,全筆移轉,06240000
RPSNMLRJRHLFFAV77DA,利家段,237.00,非都市：山坡地保育區 ; 非都市編定：丙種建築用地,1,1,全筆移轉,02700000
RPRNMLRJRHLFFCV77CA,大原段,3827.00,非都市：一般農業區 ; 非都市編定：農牧用地,1,1,全筆移轉,00580000
RPRNMLRJRHLFFCV77CA,大原段,2056.00,非都市：一般農業區 ; 非都市編定：農牧用地,1,1,全筆移轉,00580002
RPRNMLRJRHLFFCV77CA,大原段,430.00,非都市：一般農業區 ; 非都市編定：農牧用地,1,1,全筆移轉,00580007
RPRNMLRJRHLFFCV77CA,大原段,8.00,非都市：河川區 ; 非都市編定：水利用地,1,1,全筆移轉,00580010
RPRNMLRJRHLFFCV77CA,大原段,26.00,非都市：河川區 ; 非都市編定：水利用地,1,1,全筆移轉,00580011
RPRNMLRJRHLFFCV77CA,大原段,27.00,非都市：河川區 ; 非都市編定：水利用地,1,1,全筆移轉,00580012
RPQNMLPJRHLFFDV67DA,加羅板段,590.00,非都市：山坡地保育區 ; 非都市編定：農牧用地,1,1,全筆移轉,01650000
RPQNMLKLRHLFFCV17CA,鸞山段,2361.00,非都市：山坡地保育區 ; 非都市編定：農牧用地,1,1,全筆移轉,09180000
RPQNMLKLRHLFFCV17CA,鸞山段,349.00,非都市：山坡地保育區 ; 非都市編定：林業用地,1,1,全筆移轉,09180001
RPVNMLLJRHLFFAV37CA,馬蘭段,145.00,都市：住,1,1,全筆移轉,19180020
RPPNMLSLIILFFAV86CA,北南王段,242.66,都市：住,1,1,全筆移轉,02050000
RPPNMLSLIILFFAV86CA,北南王段,6.46,都市：其他:用地,1,1,全筆移轉,02050001
RPSNMLKLRHLFFCV37CA,福文段,253.59,都市：住,1,1,全筆移轉,05240000
RPPNMLQJRHLFFAV27CA,建華段,77.19,非都市：特定農業區 ; 非都市編定：農牧用地,3,1,持分移轉,04490000
RPPNMLQJRHLFFAV27CA,建華段,77.19,非都市：特定農業區 ; 非都市編定：農牧用地,3,1,持分移轉,04490000
RPPNMLQJRHLFFAV27CA,建華段,77.19,非都市：特定農業區 ; 非都市編定：農牧用地,3,1,持分移轉,04490000
RPPNMLQJRHLFFAV27CA,建華段,135.49,非都市：特定農業區 ; 非都市編定：農牧用地,3,1,持分移轉,04500000
RPPNMLQJRHLFFAV27CA,建華段,135.49,非都市：特定農業區 ; 非都市編定：農牧用地,3,1,持分移轉,04500000
RPPNMLQJRHLFFAV27CA,建華段,135.49,非都市：特定農業區 ; 非都市編定：農牧用地,3,1,持分移轉,04500000
RPSNMLMKRHLFFBV47DA,坪頂段,3581.32,非都市：風景區 ; 非都市編定：農牧用地,1,1,全筆移轉,06650000
RPUNMLQJRHLFFAV77CA,南清段,147.99,都市：住,1,1,全筆移轉,04890017
RPQNMLRJRHLFFCV67CA,豐泉段,25.88,都市：住,1,1,全筆移轉,07910005
RPPNMLRJRHLFFDV67CA,大武段,17340.00,非都市：山坡地保育區 ; 非都市編定：林業用地,1,1,全筆移轉,07120000
RPPNMLRJRHLFFDV67CA,大武段,17340.00,非都市：山坡地保育區 ; 非都市編定：林業用地,1,1,全筆移轉,07120001
RPPNMLRJRHLFFDV67CA,大武段,9130.00,非都市：山坡地保育區 ; 非都市編定：農牧用地,1,1,全筆移轉,09990000
RPRNMLQJRHLFFAV57DA,利家段,343.00,非都市：山坡地保育區 ; 非都市編定：丙種建築用地,1,1,全筆移轉,02930005
RPRNMLQJRHLFFAV57DA,利家段,204.00,非都市：山坡地保育區 ; 非都市編定：丙種建築用地,1,1,全筆移轉,02930016
RPRNMLQJRHLFFAV57DA,利家段,147.00,非都市：山坡地保育區 ; 非都市編定：農牧用地,712,147,持分移轉,03050000
RPSNMLQJRHLFFAV67DA,豐成段,764.54,非都市：特定農業區 ; 非都市編定：農牧用地,1,1,全筆移轉,05110000
RPSNMLQJRHLFFAV67DA,豐成段,1855.66,非都市：特定農業區 ; 非都市編定：農牧用地,1,1,全筆移轉,05120000
RPSNMLQJRHLFFAV67DA,豐成段,2677.94,非都市：特定農業區 ; 非都市編定：農牧用地,1,1,全筆移轉,05130000
RPPNMLPJIILFFBV56DA,萬年段,76.00,非都市：鄉村區 ; 非都市編定：乙種建築用地,1,1,全筆移轉,06470015
RPPNMLTLRHLFFCV08DA,萬朝段,544.20,非都市：一般農業區 ; 非都市編定：農牧用地,2,1,持分移轉,06710000
RPPNMLTLRHLFFCV08DA,萬朝段,544.20,非都市：一般農業區 ; 非都市編定：農牧用地,2,1,持分移轉,06710000
RPQNMLSKIILFFAV86CA,岩灣段,114.50,都市：住,1,1,全筆移轉,00180001
RPQNMLSKIILFFAV86CA,岩灣段,141.17,都市：住,1,1,全筆移轉,00180000
RPPNMLNKRHLFFAV07CA,永清段,1.12,都市：商,1,1,全筆移轉,06730000
RPPNMLNKRHLFFAV07CA,永清段,4.81,都市：商,1,1,全筆移轉,06730001
RPPNMLNKRHLFFAV07CA,永清段,90.72,都市：商,1,1,全筆移轉,06740003
RPPNMLKKRHLFFAV76CA,光明段,110.00,都市：住,1,1,全筆移轉,04360049
RPTNMLQJRHLFFAV67CA,南王段,1481.98,都市：住,1,1,全筆移轉,00460000
RPVNMLQJRHLFFAV87CA,南王段,43.22,都市：其他:道路用地,1,1,全筆移轉,07730000
RPVNMLQJRHLFFAV87CA,南王段,654.87,都市：住,1,1,全筆移轉,07770000
RPWNMLQJRHLFFAV97CA,南王段,80.83,都市：住,1,1,全筆移轉,07750000
RPWNMLQJRHLFFAV97CA,南王段,72.45,都市：住,1,1,全筆移轉,07760000
RPQNMLRJRHLFFAV47CA,下南寮段,133.92,都市：住,1,1,全筆移轉,00640000
RPPNMLPJRHLFFAV17CA,建成段,120.96,都市：住,1,1,全筆移轉,03190002
RPQNMLPJRHLFFAV27CA,豐年段,141.44,都市：住,1,1,全筆移轉,09540012
RPRNMLPJRHLFFAV37CA,豐年段,130.28,都市：住,1,1,全筆移轉,09540015
RPVNMLTJRHLFFAV18CA,馬蘭段,15.00,都市：其他:其他,2,1,持分移轉,09360290
RPUNMLRJRHLFFAV87CA,大業段,102.10,都市：住,1,1,全筆移轉,01350000
RPTNMLTJRHLFFAV97CA,豐樂段,22.00,都市：工,1,1,全筆移轉,30630001
RPUNMLTJRHLFFAV08CA,自強段,3.00,都市：住,1,1,全筆移轉,08280016
RPUNMLTJRHLFFAV08CA,自強段,3.00,都市：住,1,1,全筆移轉,08280017
RPRNMLTJRHLFFAV77CA,自強段,78.00,都市：住,1,1,全筆移轉,08290001
RPVNMLRJRHLFFAV97CA,上南寮段,207.85,都市：住,1,1,全筆移轉,14370000
RPVNMLRJRHLFFAV97CA,上南寮段,8.98,都市：其他:道路用地,1,1,全筆移轉,14380000
RPQNMLSJRHLFFAV57CA,公?西段,13.90,都市：其他:道路用地,1,1,全筆移轉,11620000
RPQNMLSJRHLFFAV57CA,公?西段,127.95,都市：住,1,1,全筆移轉,11630000
RPTNMLRJRHLFFAV77CA,新生段,13.40,都市：住,10000,54,持分移轉,00440000
RPQNMLTJRHLFFAV67CA,岩灣段,124.13,都市：住,1,1,全筆移轉,01540000
RPSNMLSJRHLFFAV77CA,台東段,69.00,都市：商,1,1,全筆移轉,03520013
RPPNMLTJRHLFFAV57CA,馬蘭段,17.37,都市：住,10000,144,持分移轉,16590000
RPRNMLSJRHLFFAV67CA,東海段,20.30,都市：住,10000,34,持分移轉,01300000
RPRNMLSJRHLFFAV67CA,東海段,1.31,都市：住,10000,34,持分移轉,01300002
RPSNMLRJRHLFFCV97DA,新源段,2594.01,非都市：一般農業區 ; 非都市編定：農牧用地,1,1,全筆移轉,02040000
RPSNMLRJRHLFFCV97DA,新源段,928.95,非都市：一般農業區 ; 非都市編定：農牧用地,1,1,全筆移轉,02050000
RPQNMLQLRHLFFCV77CA,大原段,3124.00,非都市：特定農業區 ; 非都市編定：農牧用地,1,1,全筆移轉,31800000
RPRNMLKLRHLFFBV17CA,北八里段,4077.04,非都市：風景區 ; 非都市編定：農牧用地,1,1,全筆移轉,02400000
RPRNMLRJRHLFFBV67CA,北八里段,2489.10,非都市：風景區 ; 非都市編定：農牧用地,1,1,全筆移轉,08600000
RPPNMLSJRHLFFBV57CA,忠仁段,593.35,都市：住,1,1,全筆移轉,07240000
RPPNMLSJRHLFFAV57DA,梧州段,67.22,都市：住,1,1,全筆移轉,04210000
RPPOMLTJRHLFFAV67CA,馬蘭段,12.89,都市：住,10000,269,持分移轉,16850000
RPPOMLTJRHLFFAV67CA,馬蘭段,8.26,都市：住,10000,269,持分移轉,16860000
RPQNMLMKRHLFFAV07CA,台東段,76.00,都市：住,1,1,全筆移轉,06490178
RPSNMLTJRHLFFAV87CA,豐年段,5.00,都市：住,10000,10,持分移轉,00270000
RPPNMLMKRHLFFAV96CA,岩灣段,201.58,都市：住,1,1,全筆移轉,04580000
RPWNMLTJRHLFFAV28CA,台東段,268.00,都市：住,1,1,全筆移轉,11960000
RPOOMLTJRHLFFAV57CA,永豐段,5133.87,都市：住,1,1,全筆移轉,00090000
RPQNMLSJRHLFFBV67CA,忠仁段,197.19,都市：住,1,1,全筆移轉,00600000
RPPNMLSLRHLFFBV77CA,南佳里段,470.89,非都市：風景區 ; 非都市編定：農牧用地,6,1,持分移轉,09210000
RPPOMLLLRHLFFAV07CA,富岡南段,883.97,非都市：風景區 ; 非都市編定：農牧用地,1,1,全筆移轉,06570000
RPOOMLLLRHLFFAV96CA,富岡南段,141.62,非都市：風景區 ; 非都市編定：農牧用地,6,1,持分移轉,06580000
RPXNMLTJRHLFFAV38CA,馬蘭段,105.00,都市：住,1,1,全筆移轉,16990021
RPQNMLMKRHLFFBV17CA,玉長段,229.98,非都市：風景區 ; 非都市編定：農牧用地,1,1,全筆移轉,11110000
RPQNMLMKRHLFFBV17CA,玉長段,2008.69,非都市：風景區 ; 非都市編定：農牧用地,1,1,全筆移轉,11120000
RPQNMLMKRHLFFBV17CA,玉長段,2781.42,非都市：風景區 ; 非都市編定：農牧用地,1,1,全筆移轉,11160000
RPQNMLNKRHLFFBV27CA,烏石鼻段,1660.83,非都市：風景區 ; 非都市編定：農牧用地,1,1,全筆移轉,06870000
RPRNMLTLRHLFFCV18CA,西莊段,1526.19,非都市：特定農業區 ; 非都市編定：農牧用地,1,1,全筆移轉,01750000
RPRNMLTLRHLFFCV18CA,西莊段,2951.70,非都市：特定農業區 ; 非都市編定：農牧用地,1,1,全筆移轉,02030000
RPPNMLPLRHLFFAV37CA,豐年段,21.17,都市：住,10000,82,持分移轉,00270003
RPRNMLMKRHLFFAV17CA,知本段,4280.00,非都市：特定農業區 ; 非都市編定：農牧用地,1,1,全筆移轉,73840004
RPQNMLNKRHLFFCV37CA,月野段,1958.00,非都市：特定農業區 ; 非都市編定：農牧用地,1,1,全筆移轉,16240002
RPPNMLNKRHLFFDV37CA,北橋段,10.84,都市：其他:道路用地,1,1,全筆移轉,05710000
RPPNMLNKRHLFFDV37CA,北橋段,141.12,都市：商,1,1,全筆移轉,05720000
RPPNMLNKRHLFFDV37CA,北橋段,28.10,都市：商,1,1,全筆移轉,05730000
RPQNMLMLRHLFFBV27CA,玉長段,33.58,非都市：鄉村區 ; 非都市編定：乙種建築用地,1,1,全筆移轉,08860001
RPPNMLTKRHLFFCV97DA,鸞山段,2430.00,非都市：山坡地保育區 ; 非都市編定：農牧用地,1,1,全筆移轉,04860000
RPSNMLMLRHLFFAV37CA,豐航段,90.06,都市：住,1,1,全筆移轉,06910000
RPSNMLNKRHLFFBV57DA,北都蘭段,165.02,非都市：風景區 ; 非都市編定：水利用地,2,1,持分移轉,06910000
RPTNMLNKRHLFFBV67DA,三民段,92.40,都市：住,1,1,全筆移轉,10150000
RPPNMLRJIILFFBV76DA,馬稼海段,280.49,非都市：鄉村區 ; 非都市編定：乙種建築用地,1,1,全筆移轉,03250000
RPRNMLMKRHLFFBV27CA,黃金橋段,1230.10,非都市：風景區 ; 非都市編定：農牧用地,1,1,全筆移轉,03160000
RPPNMLNJIILFFCV98CA,大原段,4199.00,非都市：特定農業區 ; 非都市編定：農牧用地,1,1,全筆移轉,46400000
RPQNMLTLRHLFFAV87CA,自強段,73.00,都市：住,1,1,全筆移轉,00760000
RPVNMLQLRHLFFAV08CA,興安段,181.56,都市：住,1,1,全筆移轉,02720001
RPQOMLTJRHLFFAV77CA,馬蘭段,11.54,都市：住,10000,285,持分移轉,18030000
RPPNMLSLRHLFFAV67CA,富岡南段,283.24,非都市：風景區 ; 非都市編定：農牧用地,6,2,持分移轉,06580000
RPRNMLNKRHLFFBV37CA,大俱來段,1238.47,非都市：風景區 ; 非都市編定：農牧用地,1,1,全筆移轉,04380000
RPRNMLNKRHLFFBV37CA,大俱來段,358.81,非都市：風景區 ; 非都市編定：農牧用地,1,1,全筆移轉,04390000
RPRNMLNKRHLFFBV37CA,大俱來段,3894.67,非都市：風景區 ; 非都市編定：農牧用地,1,1,全筆移轉,04290000
RPRNMLNKRHLFFBV37CA,大俱來段,3107.78,非都市：風景區 ; 非都市編定：農牧用地,1,1,全筆移轉,04310000
RPRNMLNKRHLFFBV37CA,大俱來段,3365.17,非都市：風景區 ; 非都市編定：農牧用地,1,1,全筆移轉,04320000
RPRNMLNKRHLFFBV37CA,大俱來段,3380.08,非都市：風景區 ; 非都市編定：農牧用地,1,1,全筆移轉,04370000
RPQNMLSLRHLFFAV77CA,豐年段,96.75,都市：住,10000,199,持分移轉,00270006
RPSNMLLLRHLFFAV27CA,永清段,90.92,都市：商,1,1,全筆移轉,06740000
RPWNMLLLRHLFFAV67CA,東谷段,65.82,都市：住,2,1,持分移轉,02080040
RPWNMLLLRHLFFAV67CA,東谷段,65.82,都市：住,2,1,持分移轉,02080040
RPTNMLKLRHLFFAV27CA,自強段,125.01,都市：住,1,1,全筆移轉,09760002
RPSNMLKLRHLFFAV17CA,東海段,25.08,都市：住,10000,42,持分移轉,01300000
RPSNMLKLRHLFFAV17CA,東海段,1.62,都市：住,10000,42,持分移轉,01300002
RPPNMLTKRHLFFAV67CA,知本段,150.00,非都市：特定農業區 ; 非都市編定：甲種建築用地,1,1,全筆移轉,76110003
RPSNMLTKRHLFFAV08DA,南清段,2.97,都市：住,1,1,全筆移轉,03460002
RPSNMLTKRHLFFAV08DA,南清段,.86,都市：住,1,1,全筆移轉,03460003
RPSNMLNKRHLFFAV37CA,台東段,114.00,都市：住,1,1,全筆移轉,00040007
RPSNMLNKRHLFFAV37CA,台東段,114.00,都市：住,1,1,全筆移轉,00041208
SPRNMLTKRHLFFAV97CA,利家段,240.00,非都市：鄉村區 ; 非都市編定：乙種建築用地,1,1,全筆移轉,82930000
RPQNMLTKRHLFFAV77CA,建業段,7.94,都市：住,1,1,全筆移轉,04740001
RPPNMLMKIILFFBV88CA,南都歷段,1818.10,非都市：風景區 ; 非都市編定：農牧用地,1,1,全筆移轉,08920000
RPTNMLNKRHLFFAV47CA,台東段,115.00,都市：住,1,1,全筆移轉,00041204
RPTNMLKLRHLFFCV57DA,鹿野段,981.00,非都市：特定農業區 ; 非都市編定：農牧用地,1,1,全筆移轉,27280000
RPTNMLKLRHLFFCV57DA,鹿野段,1336.00,非都市：特定農業區 ; 非都市編定：農牧用地,1,1,全筆移轉,27730000
RPPNMLLLRHLFFBV07CA,忠仁段,77.92,都市：住,1,1,全筆移轉,11360000
RPQNMLKLRHLFFBV17DA,新港段八邊小段,91.00,非都市：風景區 ; 非都市編定：丙種建築用地,1,1,全筆移轉,00050097
RPPNMLKLRHLFFBV96CA,真柄段,446.00,非都市：風景區 ; 非都市編定：農牧用地,1,1,全筆移轉,07980000
RPSNMLMKIILFFCV76DA,大同段,125.95,都市：商,1,1,全筆移轉,02200000
RPTNMLKLRHLFFBV37CA,南河段,554.04,都市：住,1,1,全筆移轉,01930000
RPTNMLKLRHLFFBV37CA,南河段,1319.21,都市：農,1,1,全筆移轉,01960000
RPPNMLKLRHLFFCV07CA,大埔段,20.53,都市：住,1,1,全筆移轉,05600000
RPPNMLKLRHLFFCV07CA,大埔段,152.37,都市：住,1,1,全筆移轉,05610000
RPPNMLLLRHLFFAV96CA,中清段,2289.13,都市：住,1,1,全筆移轉,04820000
RPQNMLLLRHLFFAV07CA,順天段,2000.00,都市：農,1,1,全筆移轉,00550000
RPQNMLLLRHLFFAV07CA,順天段,1281.97,都市：農,1,1,全筆移轉,00550001
RPVNMLKLRHLFFAV47CA,台東段,243.00,都市：住,1,1,全筆移轉,00010276
RPTNMLNLRHLFFAV57CA,中山段,171.00,都市：住,1,1,全筆移轉,02880000
RPWNMLNLRHLFFAV87CA,常德段,19.84,都市：住,10000,175,持分移轉,05200000
RPPNMLKLRHLFFAV86CA,台東段,97.00,都市：住,1,1,全筆移轉,20500000
RPQNMLRKIILFFCV96CA,大原段,163.00,非都市：一般農業區 ; 非都市編定：甲種建築用地,1,1,全筆移轉,03420021
RPRNMLMLRHLFFAV27CA,公?東段,80.77,都市：住,1,1,全筆移轉,10040000
RPPNMLNLRHLFFDV47CA,壢坵段,15000.00,非都市：森林區 ; 非都市編定：林業用地,1,1,全筆移轉,06820263
RPQNMLNLRHLFFDV57CA,壢坵段,5003.00,非都市：森林區 ; 非都市編定：林業用地,1,1,全筆移轉,06900045
RPPNMLMLRHLFFBV17CA,忠智段,92.87,都市：住,1,1,全筆移轉,07380000
RPPNMLMLRHLFFCV27CA,豐泉段,77.14,都市：其他:道路用地,1,1,全筆移轉,00900000
RPPNMLMLRHLFFCV27CA,豐泉段,337.52,都市：住,1,1,全筆移轉,00910000
RPRNMLSKIILFFBV17DA,中濱段竹湖小段,769.00,非都市：風景區 ; 非都市編定：林業用地,1,1,全筆移轉,04900017
RPPNMLKLIILFFBV88DA,成功段,71.30,都市：其他:交通用地,1,1,全筆移轉,05030000
RPUNMLKLRHLFFAV37CA,自強段,125.13,都市：住,1,1,全筆移轉,09760000
RPRNMLMLRHLFFDV67DA,笆札筏段,189.56,非都市：山坡地保育區 ; 非都市編定：農牧用地,1,1,全筆移轉,03660000
RPUNMLNLRHLFFAV67CA,南王段,98.86,都市：住,1,1,全筆移轉,01930008
RPVNMLNLRHLFFAV77CA,豐年段,5.50,都市：住,10000,11,持分移轉,00270000
RPPNMLNLRHLFFAV17CA,初鹿段,2592.00,非都市：特定農業區 ; 非都市編定：農牧用地,1,1,全筆移轉,37810000
RPQOMLLLRHLFFAV17CA,豐成段,2722.01,非都市：特定農業區 ; 非都市編定：農牧用地,1,1,全筆移轉,00550000
RPQOMLLLRHLFFAV17CA,豐成段,130.33,非都市：特定農業區 ; 非都市編定：甲種建築用地,1,1,全筆移轉,00550001
RPQOMLLLRHLFFAV17CA,豐成段,2728.32,非都市：特定農業區 ; 非都市編定：農牧用地,1,1,全筆移轉,00830000
RPQOMLLLRHLFFAV17CA,豐成段,2809.85,非都市：特定農業區 ; 非都市編定：農牧用地,1,1,全筆移轉,00950000
RPVNMLMLRHLFFAV67CA,順天段,11.69,都市：住,1,1,全筆移轉,07020003
RPVNMLMLRHLFFAV67CA,順天段,62.17,都市：住,1,1,全筆移轉,07090002
RPVNMLMLRHLFFAV67CA,順天段,27.47,都市：住,1,1,全筆移轉,07100002
RPPNMLMLRHLFFAV07CA,下賓朗段,148.34,非都市：一般農業區 ; 非都市編定：農牧用地,1,1,全筆移轉,07770001
RPQNMLMLRHLFFAV17CA,下賓朗段,123.57,非都市：一般農業區 ; 非都市編定：農牧用地,1,1,全筆移轉,07770000
RPQNMLNLRHLFFAV27CA,初鹿段,1760.00,非都市：特定農業區 ; 非都市編定：農牧用地,1,1,全筆移轉,37610000
RPPNMLNJIILFFAV78CA,台東段,90.00,都市：住,1,1,全筆移轉,00060095
RPWNMLMLRHLFFAV77CA,中山段,96.00,都市：住,1,1,全筆移轉,00780000
RPRNMLSLRHLFFAV87CA,台東段,76.00,都市：住,1,1,全筆移轉,04510073
RPXNMLNLRHLFFAV97CA,常德段,110.02,都市：住,1,1,全筆移轉,09020000
RPQNMLNJIILFFAV88CA,中清段,72.26,都市：其他:道路用地,4,1,持分移轉,02240000
RPQNMLNJIILFFAV88CA,中清段,165.31,都市：住,1,1,全筆移轉,02250003
RPPNMLQJIILFFBV56CA,烏石鼻段,2460.25,非都市：風景區 ; 非都市編定：農牧用地,1,1,全筆移轉,02900000
RPPNMLQLRHLFFCV67CA,隆興段,1596.07,非都市：山坡地保育區 ; 非都市編定：農牧用地,2,1,持分移轉,01510000
RPPNMLQLRHLFFCV67CA,隆興段,1650.00,非都市：山坡地保育區 ; 非都市編定：農牧用地,2,1,持分移轉,01510001
RPQNMLKMRHLFFBV17CA,玉長段,165.03,非都市：風景區 ; 非都市編定：農牧用地,1,1,全筆移轉,01490000
RPRNMLQLRHLFFAV77DA,明峰段,2500.29,非都市：山坡地保育區 ; 非都市編定：農牧用地,1,1,全筆移轉,09220003
RPQNMLKMRHLFFAV17DA,和平段,227.18,非都市：鄉村區 ; 非都市編定：乙種建築用地,4,2,持分移轉,03320000
RPQNMLNKIILFFBV56DA,加走灣段,27.57,非都市：風景區 ; 非都市編定：農牧用地,11200,50,持分移轉,02180000
RPRNMLNLRHLFFAV47DA,豐年段,107.47,都市：農,1,1,全筆移轉,01590012
RPRNMLNLRHLFFAV47DA,豐年段,2.11,都市：農,1,1,全筆移轉,01590013
RPRNMLNLRHLFFAV47DA,豐年段,57.31,都市：農,1,1,全筆移轉,01610001
RPRNMLNLRHLFFAV47DA,豐年段,1.36,都市：農,1,1,全筆移轉,01610002
RPRNMLNLRHLFFAV47DA,豐年段,8.12,都市：農,1,1,全筆移轉,01610008
RPPNMLKMRHLFFAV96CA,利家段,211.00,非都市：鄉村區 ; 非都市編定：乙種建築用地,1,1,全筆移轉,74730002
RPPNMLKMRHLFFAV96CA,利家段,211.00,非都市：鄉村區 ; 非都市編定：乙種建築用地,1,1,全筆移轉,74730003
RPPNMLQLRHLFFAV57DA,順天段,2081.64,都市：農,1,1,全筆移轉,00800000
RPSNMLTLRHLFFAV08CA,台東段,101.00,都市：住,1,1,全筆移轉,01680069
RPSOMLMKIILFFAV56CA,台東段,97.00,都市：住,1,1,全筆移轉,00080398
RPSNMLKMRHLFFAV27CA,永和段,85.15,都市：住,1,1,全筆移轉,09060000
RPTNMLTLRHLFFAV18CA,中心段,124.00,都市：住,1,1,全筆移轉,09020000
RPUNMLTLRHLFFAV28CA,豐年段,23.75,都市：住,10000,92,持分移轉,00270003
RPVNMLTLRHLFFAV38CA,豐樂段,10.00,都市：其他:道路用地,1,1,全筆移轉,30360001
RPVNMLTLRHLFFAV38CA,豐樂段,26.00,都市：其他:道路用地,1,1,全筆移轉,30370001
RPQNMLTLRHLFFCV18DA,廣原段,1330.00,非都市：山坡地保育區 ; 非都市編定：農牧用地,1,1,全筆移轉,00370000
RPSNMLQLRHLFFAV87DA,大南段,8230.00,非都市：山坡地保育區 ; 非都市編定：農牧用地,1,1,全筆移轉,02470000
RPQNMLQLRHLFFAV57CA,南王段,1025.16,都市：住,1,1,全筆移轉,00440000
RPRNMLNJIILFFAV98CA,南榮段,101.57,都市：住,1,1,全筆移轉,09050000
RPRNMLNJIILFFAV98CA,南榮段,.07,都市：住,1,1,全筆移轉,09050002
RPPNMLNKIILFFBV09DA,加走灣段,27.57,非都市：風景區 ; 非都市編定：農牧用地,11200,50,持分移轉,02180000
RPRNMLTLRHLFFAV08DA,石壁段,1737.57,都市：農,1,1,全筆移轉,11100000
RPRNMLTLRHLFFAV08DA,石壁段,53.14,都市：農,1,1,全筆移轉,11420000
RPPNMLKLIILFFAV68CA,中心段,142.00,都市：住,1,1,全筆移轉,01470000
RPPNMLKLIILFFAV68CA,中心段,128.00,都市：住,1,1,全筆移轉,01480000
RPPNMLKLIILFFAV68CA,中心段,187.00,都市：其他:道路用地,1,1,全筆移轉,04080000
RPPNMLKLIILFFAV68CA,中心段,86.00,都市：住,1,1,全筆移轉,01490000
RPPNMLKLIILFFAV68CA,中心段,16.00,都市：住,1,1,全筆移轉,01500000
RPQNMLMKIILFFCV09CA,大原段,1500.00,非都市：特定農業區 ; 非都市編定：農牧用地,1,1,全筆移轉,14280000
RPQNMLMKIILFFCV09CA,大原段,1630.00,非都市：特定農業區 ; 非都市編定：農牧用地,1,1,全筆移轉,14470000
RPQNMLMKIILFFCV09CA,大原段,1197.00,非都市：特定農業區 ; 非都市編定：農牧用地,1,1,全筆移轉,14480000
RPQNMLOJIILFFCV56CA,里?段,15.56,都市：住,1,1,全筆移轉,01310002
RPQNMLNJIILFFCV09CA,福原段,83.43,都市：商,1,1,全筆移轉,01160002
RPQNMLNJIILFFCV09CA,福原段,13.61,都市：商,1,1,全筆移轉,01180000
RPUNMLNJIILFFAV66CA,德安段,.16,都市：住,30000,186,持分移轉,00630001
RPUNMLNJIILFFAV66CA,德安段,23.26,都市：住,30000,186,持分移轉,00630000
RPUNMLNJIILFFAV66CA,德安段,2.15,都市：住,30000,186,持分移轉,00630002
RPUNMLNJIILFFAV66CA,德安段,.04,都市：住,30000,186,持分移轉,00630003
RPRNMLKMRHLFFAV17CA,豐田段,.75,都市：農,12,1,持分移轉,14190008
RPRNMLKMRHLFFAV17CA,豐田段,.50,都市：農,12,1,持分移轉,14190009
RPRNMLKMRHLFFAV17CA,豐田段,.83,都市：農,12,1,持分移轉,14190010
RPRNMLKMRHLFFAV17CA,豐田段,6.00,都市：農,12,1,持分移轉,15150000
RPRNMLKMRHLFFAV17CA,豐田段,2.75,都市：農,12,1,持分移轉,14160005
RPRNMLKMRHLFFAV17CA,豐田段,95.33,都市：農,12,1,持分移轉,14160002
RPRNMLKMRHLFFAV17CA,豐田段,56.83,都市：農,12,1,持分移轉,14160003
RPRNMLKMRHLFFAV17CA,豐田段,35.92,都市：農,12,1,持分移轉,14160004
RPRNMLKMRHLFFAV17CA,豐田段,211.33,都市：農,12,1,持分移轉,14160000
RPRNMLKMRHLFFAV17CA,豐田段,118.75,都市：農,12,1,持分移轉,14160001
RPRNMLKMRHLFFAV17CA,豐田段,5.00,都市：農,12,1,持分移轉,14160006
RPPNMLLLIILFFBV88CA,加走灣段,1360.82,非都市：風景區 ; 非都市編定：農牧用地,1,1,全筆移轉,01080000
RPRNMLKMRHLFFAV17CA,豐田段,3.08,都市：農,12,1,持分移轉,14160007
RPRNMLKMRHLFFAV17CA,豐田段,.83,都市：農,12,1,持分移轉,14160008
RPRNMLKMRHLFFAV17CA,豐田段,.42,都市：農,12,1,持分移轉,14160009
RPRNMLKMRHLFFAV17CA,豐田段,1.92,都市：農,12,1,持分移轉,14160010
RPRNMLKMRHLFFAV17CA,豐田段,23.58,都市：農,12,1,持分移轉,14160011
RPRNMLKMRHLFFAV17CA,豐田段,18.25,都市：農,12,1,持分移轉,14160012
RPRNMLKMRHLFFAV17CA,豐田段,.08,都市：農,12,1,持分移轉,14160017
RPRNMLKMRHLFFAV17CA,豐田段,24.33,都市：農,12,1,持分移轉,14160014
RPRNMLKMRHLFFAV17CA,豐田段,11.67,都市：農,12,1,持分移轉,14160015
RPRNMLKMRHLFFAV17CA,豐田段,5.17,都市：農,12,1,持分移轉,14160016
RPRNMLKMRHLFFAV17CA,豐田段,34.50,都市：農,12,1,持分移轉,14160013
RPRNMLKMRHLFFAV17CA,豐田段,.08,都市：農,12,1,持分移轉,14160018
RPRNMLKMRHLFFAV17CA,豐田段,.08,都市：農,12,1,持分移轉,14160019
RPRNMLKMRHLFFAV17CA,豐田段,1.92,都市：農,12,1,持分移轉,14180000
RPRNMLKMRHLFFAV17CA,豐田段,10.17,都市：農,12,1,持分移轉,14180001
RPRNMLKMRHLFFAV17CA,豐田段,31.58,都市：農,12,1,持分移轉,14180002
RPRNMLKMRHLFFAV17CA,豐田段,22.17,都市：農,12,1,持分移轉,14190000
RPRNMLKMRHLFFAV17CA,豐田段,235.58,都市：農,12,1,持分移轉,14190001
RPRNMLKMRHLFFAV17CA,豐田段,95.08,都市：農,12,1,持分移轉,14190002
RPRNMLKMRHLFFAV17CA,豐田段,41.50,都市：農,12,1,持分移轉,14190003
RPRNMLKMRHLFFAV17CA,豐田段,281.42,都市：農,12,1,持分移轉,14190004
RPRNMLKMRHLFFAV17CA,豐田段,20.58,都市：農,12,1,持分移轉,14190005
RPRNMLKMRHLFFAV17CA,豐田段,43.25,都市：農,12,1,持分移轉,14190006
RPRNMLKMRHLFFAV17CA,豐田段,2.67,都市：農,12,1,持分移轉,14190007
RPPNMLPJIILFFAV98CA,豐年段,17.00,都市：住,10000,34,持分移轉,00270000
RPSNMLNJIILFFAV56DA,知本段,150.00,非都市：特定農業區 ; 非都市編定：甲種建築用地,1,1,全筆移轉,75990010
RPRNMLOJIILFFCV66CA,龍田段,80.91,都市：其他:道路,1,1,全筆移轉,02510000
RPPNMLNJIILFFDV56DA,大武段,5473.00,非都市：山坡地保育區 ; 非都市編定：林業用地,1,1,全筆移轉,10120000
RPPNMLNJIILFFDV56DA,大武段,729.00,非都市：山坡地保育區 ; 非都市編定：林業用地,1,1,全筆移轉,10260000
RPPNMLNJIILFFDV56DA,大武段,3135.00,非都市：山坡地保育區 ; 非都市編定：林業用地,1,1,全筆移轉,10270000
RPPNMLNJIILFFDV56DA,西勢湖段,3414.11,非都市：山坡地保育區 ; 非都市編定：林業用地,1,1,全筆移轉,01910000
RPPNMLNJIILFFDV56DA,西勢湖段,3775.76,非都市：山坡地保育區 ; 非都市編定：林業用地,1,1,全筆移轉,01920000
RPPNMLNJIILFFDV56DA,西勢湖段,2541.66,非都市：山坡地保育區 ; 非都市編定：林業用地,1,1,全筆移轉,01930000
RPPNMLOJIILFFCV56DA,里?段,95.06,都市：住,1,1,全筆移轉,09620000
RPRNMLLJJILFFCV09CA,四維段,1516.43,非都市：一般農業區 ; 非都市編定：農牧用地,1,1,全筆移轉,06640000
RPRNMLLJJILFFCV09CA,四維段,2518.13,非都市：一般農業區 ; 非都市編定：農牧用地,1,1,全筆移轉,06660000
RPPNMLPJIILFFCV56CA,中和段,4712.31,非都市：一般農業區 ; 非都市編定：農牧用地,1,1,全筆移轉,05860000
RPPNMLSKIILFFDV07CA,愛國段,2470.00,非都市：山坡地保育區 ; 非都市編定：農牧用地,1,1,全筆移轉,03610000
RPPNMLOJIILFFBV98CA,玉港段,1288.60,非都市：風景區 ; 非都市編定：農牧用地,1,1,全筆移轉,02110000
RPQNMLOJIILFFAV98CA,建國段,61.42,都市：住,1,1,全筆移轉,08350001
RPRNMLOJIILFFAV09CA,豐年段,166.33,都市：住,1,1,全筆移轉,09410008
RPRNMLPJIILFFAV56CA,豐工段,1751.74,都市：工,1,1,全筆移轉,01110000
RPQNMLRKIILFFAV76CA,康樂段,3297.00,非都市：特定農業區 ; 非都市編定：農牧用地,1,1,全筆移轉,04390000
RPQNMLPJIILFFBV56CA,萬年段,258.00,非都市：鄉村區 ; 非都市編定：乙種建築用地,2,1,持分移轉,07880000
RPSNMLOJIILFFAV56CA,台東段,724.00,都市：住,1,1,全筆移轉,01970000
RPPNMLNKIILFFDV66DA,達人段,329.78,非都市：鄉村區 ; 非都市編定：乙種建築用地,1,1,全筆移轉,06430000
RPPNMLNKIILFFDV66DA,安朔段,9680.00,非都市：山坡地保育區 ; 非都市編定：林業用地,1,1,全筆移轉,03700000
RPQNMLQJIILFFBV76DA,新都威段,256.82,非都市：鄉村區 ; 非都市編定：乙種建築用地,1,1,全筆移轉,05990000
RPPNMLQJIILFFCV66CA,龍田段,616.73,都市：住,1,1,全筆移轉,02970000
RPPNMLQJIILFFCV66CA,龍田段,175.27,都市：住,1,1,全筆移轉,03090000
RPPNMLQJIILFFCV66CA,龍田段,454.89,都市：住,1,1,全筆移轉,03100000
RPQNMLQJIILFFCV76CA,龍田段,1896.19,都市：農,1,1,全筆移轉,02920000
RPPNMLRLIILFFBV86CA,田組段,237.87,非都市：風景區 ; 非都市編定：農牧用地,3,1,持分移轉,00480000
RPPNMLOKIILFFBV09CA,北八里段,27.17,非都市：風景區 ; 非都市編定：丙種建築用地,7,1,持分移轉,05370000
RPPNMLOKIILFFBV09CA,南佳里段,446.86,非都市：風景區 ; 非都市編定：農牧用地,7,1,持分移轉,12630000
RPSNMLNKIILFFAV56CA,新園段,9421.00,非都市：特定農業區 ; 非都市編定：農牧用地,1,1,全筆移轉,06820000
RPUNMLQLRHLFFAV97CA,新生段,5.46,都市：住,10000,22,持分移轉,00440000
RPSNMLMKIILFFAV09CA,普優瑪段,94.50,都市：住,1,1,全筆移轉,10010005
RPRNMLQJIILFFAV66CA,東海段,25.08,都市：住,10000,42,持分移轉,01300000
RPRNMLQJIILFFAV66CA,東海段,1.62,都市：住,10000,42,持分移轉,01300002
RPQNMLQJIILFFAV56CA,台東段,158.00,都市：住,1,1,全筆移轉,04450012
RPQNMLQJIILFFAV56CA,台東段,90.00,都市：住,1,1,全筆移轉,04450014
RPQNMLQJIILFFAV56CA,台東段,11.00,都市：住,1,1,全筆移轉,04450037
RPSNMLPJIILFFAV66CA,豐工段,196.14,都市：工,1,1,全筆移轉,01110001
RPQNMLRJIILFFAV66CA,初鹿段,1774.00,非都市：特定農業區 ; 非都市編定：農牧用地,1,1,全筆移轉,37980000
RPQNMLMKIILFFAV88CA,普優瑪段,95.13,都市：住,1,1,全筆移轉,10010006
RPPNMLQJIILFFAV09CA,新生段,15.13,都市：住,10000,61,持分移轉,00440000
RPPNMLTJIILFFAV76CA,東海段,58.15,都市：住,1,1,全筆移轉,03550000
RPRNMLRJIILFFAV76CA,台東段,100.00,都市：住,1,1,全筆移轉,17660004
RPPNMLMKIILFFAV78CA,中山段,128.00,都市：住,1,1,全筆移轉,05350000
RPSNMLRJIILFFAV86CA,豐年段,65.14,都市：住,2,1,持分移轉,09540013
RPSNMLRJIILFFAV86CA,豐年段,65.14,都市：住,2,1,持分移轉,09540013
RPUNMLMKIILFFAV66CA,南清段,62.08,都市：住,1,1,全筆移轉,08790000
RPPNMLNKIILFFCV09CA,隆昌段,7.30,非都市： ; 非都市編定：,1,1,全筆移轉,03310001
RPQNMLNKIILFFCV56CA,隆昌段,28.81,非都市： ; 非都市編定：,1,1,全筆移轉,03440001
RPQNMLNKIILFFCV56CA,隆昌段,169.06,非都市： ; 非都市編定：,1,1,全筆移轉,03450001
RPSNMLLJJILFFBV56DA,北佳里段,68.27,非都市：鄉村區 ; 非都市編定：乙種建築用地,4,1,持分移轉,09730000
RPPNMLRKIILFFCV86CA,福文段,88.09,都市：商,1,1,全筆移轉,07840000
RPPNMLRKIILFFCV86CA,福文段,93.74,都市：商,1,1,全筆移轉,07860000
RPRNMLMKIILFFCV66DA,瑞里段,16.53,非都市：鄉村區 ; 非都市編定：乙種建築用地,1,1,全筆移轉,00170001
RPQNMLNKIILFFDV76DA,多良段,540.00,非都市：鄉村區 ; 非都市編定：乙種建築用地,1,1,全筆移轉,08060000
RPTNMLMKIILFFCV76CA,月野段,343.00,非都市：特定農業區 ; 非都市編定：農牧用地,1,1,全筆移轉,03880002
RPTNMLMKIILFFAV56CA,知本段,2572.50,非都市：特定農業區 ; 非都市編定：農牧用地,2,1,持分移轉,79290005
RPXNMLMKIILFFAV96CA,台東段,51.00,都市：住,1,1,全筆移轉,02410006
RPPNMLQKIILFFAV56CA,東谷段,144.82,都市：住,1,1,全筆移轉,02080044
RPPNMLRKIILFFAV66CA,東谷段,131.68,都市：住,1,1,全筆移轉,02080031
RPSNMLTKIILFFAV17CA,台東段,12.68,都市：住,100000,783,持分移轉,00040009
RPQNMLNLIILFFAV09CA,中心段,119.20,都市：住,5,4,持分移轉,08160000
RPPNMLOLIILFFAV09CA,東谷段,131.65,都市：住,1,1,全筆移轉,02080042
RPPNMLSKIILFFBV86CA,萬年段,211.00,非都市：鄉村區 ; 非都市編定：乙種建築用地,1,1,全筆移轉,11030000
RPWNMLPLIILFFAV27CA,豐成段,620.81,非都市：特定農業區 ; 非都市編定：農牧用地,1,1,全筆移轉,11200000
RPPNMLNLIILFFAV98CA,台東段,55.20,都市：住,5,4,持分移轉,06920000
RPRNMLMKIILFFAV09DA,利家段,133.00,非都市：山坡地保育區 ; 非都市編定：丙種建築用地,1,1,全筆移轉,02930019
RPPNMLSKIILFFAV86DA,利家段,96.00,非都市：山坡地保育區 ; 非都市編定：農牧用地,166,96,持分移轉,02980003
RPPNMLSKIILFFAV86DA,利家段,143.00,非都市：山坡地保育區 ; 非都市編定：農牧用地,712,143,持分移轉,03050000
RPQOMLMKIILFFAV09DA,中清段,24.07,都市：住,1,1,全筆移轉,05530000
RPQOMLMKIILFFAV09DA,中清段,45.15,都市：住,1,1,全筆移轉,05540000
RPQOMLMKIILFFAV09DA,中清段,74.65,都市：住,1,1,全筆移轉,05550000
RPQOMLMKIILFFAV09DA,中清段,63.92,都市：住,1,1,全筆移轉,05530001
RPPOMLMKIILFFAV98DA,南清段,80.57,都市：住,1,1,全筆移轉,07380001
RPQNMLMKIILFFBV09DA,高原段,226.00,非都市：森林區 ; 非都市編定：丙種建築用地,1,1,全筆移轉,24720003
RPRNMLLLIILFFCV66DA,鹿野段,885.00,非都市：特定農業區 ; 非都市編定：農牧用地,1,1,全筆移轉,13000002
RPPNMLOKIILFFAV98CA,常德段,102.94,都市：住,1,1,全筆移轉,10440006
RPUNMLNKIILFFAV76CA,永豐段,10.90,都市：住,1,1,全筆移轉,02070000
RPUNMLNKIILFFAV76CA,永豐段,8.42,都市：住,1,1,全筆移轉,02080000
RPUNMLNKIILFFAV76CA,永豐段,41.01,都市：住,1,1,全筆移轉,02090000
RPUNMLNKIILFFAV76CA,永豐段,61.83,都市：住,1,1,全筆移轉,02100000
RPUNMLNKIILFFAV76CA,永豐段,17.58,都市：住,1,1,全筆移轉,02110000
RPRNMLOKIILFFAV56CA,利家段,8875.00,非都市：特定農業區 ; 非都市編定：農牧用地,1,1,全筆移轉,75910000
RPRNMLOKIILFFAV56CA,利家段,109.00,非都市：鄉村區 ; 非都市編定：乙種建築用地,1,1,全筆移轉,75960000
RPRNMLOKIILFFAV56CA,利家段,57.00,非都市：鄉村區 ; 非都市編定：乙種建築用地,1,1,全筆移轉,76020000
RPRNMLNKIILFFAV09CA,東海段,45.05,都市：住,1,1,全筆移轉,09980000
RPRNMLNKIILFFAV09CA,東海段,10.10,都市：住,1,1,全筆移轉,09990000
RPQNMLNKIILFFAV98CA,新生段,106.00,都市：住,1,1,全筆移轉,07650000
RPQNMLOKIILFFAV09CA,台東段,80.00,都市：住,1,1,全筆移轉,00060168
RPQNMLOKIILFFAV09CA,台東段,31.00,都市：住,1,1,全筆移轉,00060181
RPRNMLRKIILFFAV86CA,台東段,23.38,都市：商,10000,313,持分移轉,18290000
RPQNMLRKIILFFBV86CA,新都威段,1236.40,非都市：風景區 ; 非都市編定：農牧用地,1,1,全筆移轉,01220001
RPPNMLRKIILFFBV76CA,新竹湖段,256.77,非都市：鄉村區 ; 非都市編定：乙種建築用地,1,1,全筆移轉,08560000
RPTNMLKLIILFFBV56CA,田組段,292.72,非都市：鄉村區 ; 非都市編定：乙種建築用地,1,1,全筆移轉,01090000
RPTNMLKLIILFFBV56CA,田組段,285.08,非都市：風景區 ; 非都市編定：農牧用地,1,1,全筆移轉,01080000
RPTNMLRKIILFFAV17DA,富岡南段,125.57,非都市：鄉村區 ; 非都市編定：乙種建築用地,1,1,全筆移轉,05220000
RPRNMLSKIILFFAV96CA,自強段,131.09,都市：住,1,1,全筆移轉,10290000
RPRNMLSKIILFFAV96CA,自強段,131.09,都市：住,1,1,全筆移轉,10290001
RPRNMLSKIILFFAV96CA,自強段,131.09,都市：住,1,1,全筆移轉,10290002
RPSNMLSKIILFFAV07CA,光明段,74.00,都市：住,1,1,全筆移轉,01130000
RPTNMLTKIILFFAV27CA,南清段,115.69,都市：住,1,1,全筆移轉,08280002
RPUNMLSKIILFFAV27CA,馬蘭段,44.25,都市：住,10000,598,持分移轉,14510000
RPUNMLTKIILFFAV37CA,建國段,79.35,都市：住,1,1,全筆移轉,05750000
RPQNMLTKIILFFAV96CA,自強段,23.77,都市：住,10000,134,持分移轉,07170000
RPUNMLPLIILFFAV07CA,東谷段,131.67,都市：住,1,1,全筆移轉,02080033
RPSNMLLLIILFFCV66CA,隆盛段,162.69,都市：住,1,1,全筆移轉,04470000
RPSNMLLLIILFFCV66CA,隆盛段,2.31,都市：其他:水溝用地,1,1,全筆移轉,04470001
RPPNMLTKIILFFCV07CA,瑞豐段,660.01,非都市：山坡地保育區 ; 非都市編定：農牧用地,1,1,全筆移轉,10670001
RPPNMLQLIILFFAV76DA,建華段,297.56,非都市：特定農業區 ; 非都市編定：農牧用地,1,1,全筆移轉,04950000
RPPNMLQLIILFFAV76DA,建華段,3822.54,都市：農,1,1,全筆移轉,05650000
RPPNMLOLIILFFCV66CA,錦富段,3653.14,非都市：特定農業區 ; 非都市編定：農牧用地,1,1,全筆移轉,00350000
RPXNMLTKIILFFAV67CA,建本段,542.95,都市：住,8,1,持分移轉,10330000
RPQNMLKLIILFFBV98DA,忠勇段,111.08,都市：住,1,1,全筆移轉,01200000
RPRNMLTKIILFFAV07CA,下賓朗段,90.00,非都市：一般農業區 ; 非都市編定：甲種建築用地,1,1,全筆移轉,12100000
RPPOMLTKIILFFAV96CA,新園段,99.00,都市：農,1,1,全筆移轉,03930001
RPTNMLSKIILFFAV17CA,建本段,80.66,都市：住,2,1,持分移轉,15580000
RPTNMLSKIILFFAV17CA,建本段,80.66,都市：住,2,1,持分移轉,15580000
RPPNMLTKIILFFAV86CA,台東段,2.00,都市：住,1,1,全筆移轉,00080320
RPPNMLTKIILFFAV86CA,台東段,94.00,都市：住,1,1,全筆移轉,00080400
RPWNMLTKIILFFAV57CA,興安段,339.78,都市：住,1,1,全筆移轉,01290000
RPVNMLTKIILFFAV47CA,豐年段,158.15,都市：住,1,1,全筆移轉,11260000
RPSNMLKLIILFFAV98CA,台東段,103.00,都市：住,1,1,全筆移轉,00040246
RPRNMLKLIILFFAV88CA,建康段,523.65,都市：農,1,1,全筆移轉,04770000
RPRNMLKLIILFFAV88CA,建康段,532.68,都市：農,1,1,全筆移轉,04780000
RPRNMLKLIILFFAV88CA,建康段,3516.67,都市：農,1,1,全筆移轉,04790000
RPRNMLKLIILFFAV88CA,建康段,422.33,都市：農,1,1,全筆移轉,04800000
RPTNMLKLIILFFAV09CA,台東段,66.00,都市：住,1,1,全筆移轉,06910041
RPQNMLQLIILFFAV76CA,建國段,83.42,都市：住,1,1,全筆移轉,01720001
RPPNMLKLIILFFDV09DA,壢坵段,6350.00,非都市：山坡地保育區 ; 非都市編定：農牧用地,1,1,全筆移轉,00180000
RPSNMLKLIILFFBV09CA,新港段八邊小段,1500.00,非都市：風景區 ; 非都市編定：農牧用地,1,1,全筆移轉,02270041
RPRNMLOJJILFFBV66CA,八仙洞段,34.31,都市：其他:停車場用地,1,1,全筆移轉,06570000
RPRNMLOJJILFFBV66CA,八仙洞段,1141.47,都市：其他:停車場用地,1,1,全筆移轉,06270000
RPRNMLOJJILFFBV66CA,八仙洞段,64.60,都市：其他:停車場用地,1,1,全筆移轉,06280000
RPPNMLMLIILFFDV56CA,秀山段,273.53,非都市：鄉村區 ; 非都市編定：乙種建築用地,1,1,全筆移轉,00850000
RPPNMLLKJILFFCV98CA,福原段,284.93,都市：商,1,1,全筆移轉,02610000
RPPNMLRLIILFFDV17DA,拉力?段,4000.00,非都市：山坡地保育區 ; 非都市編定：農牧用地,1,1,全筆移轉,03190001
RPTNMLPLIILFFAV07DA,新園段,375.00,非都市：特定農業區 ; 非都市編定：農牧用地,1,1,全筆移轉,05570000
RPPNMLPLIILFFAV56CA,興安段,177.36,都市：住,1,1,全筆移轉,02710000
RPQNMLPLIILFFAV66CA,興安段,177.36,都市：住,1,1,全筆移轉,02710001
RPXNMLPLIILFFAV37CA,豐成段,1377.83,非都市：特定農業區 ; 非都市編定：農牧用地,1,1,全筆移轉,11190000
RPVNMLPLIILFFAV17CA,台東段,67.00,都市：住,1,1,全筆移轉,00080038
RPVNMLPLIILFFAV17CA,台東段,17.00,都市：住,1,1,全筆移轉,00080154
RPSNMLPLIILFFAV86CA,上岩灣段,178.26,非都市：河川區 ; 非都市編定：農牧用地,1,1,全筆移轉,13200001
RPRNMLSJJILFFDV27CA,秀山段,145.54,都市：住,1,1,全筆移轉,07460000
RPQNMLRKJILFFAV96DA,建華段,7595.91,都市：農,1,1,全筆移轉,15050000
RPRNMLRKJILFFAV07DA,建華段,3797.96,都市：農,1,1,全筆移轉,15050002
RPTNMLRKJILFFAV27DA,建華段,3797.95,都市：農,1,1,全筆移轉,15050001
RPRNMLLJJILFFBV98CA,高原段,36.00,非都市：鄉村區 ; 非都市編定：乙種建築用地,1,1,全筆移轉,05600004
RPRNMLLJJILFFBV98CA,高原段,207.00,非都市：鄉村區 ; 非都市編定：乙種建築用地,1,1,全筆移轉,05560006
RPRNMLLJJILFFBV98CA,高原段,196.00,非都市：鄉村區 ; 非都市編定：乙種建築用地,1,1,全筆移轉,05560008
RPRNMLLJJILFFBV98CA,高原段,26.00,非都市：鄉村區 ; 非都市編定：乙種建築用地,1,1,全筆移轉,05600000
RPQNMLPLIILFFBV76CA,萬年段,2219.00,非都市：風景區 ; 非都市編定：農牧用地,1,1,全筆移轉,03950000
RPVNMLRLIILFFBV47CA,高原段,83.00,非都市：鄉村區 ; 非都市編定：乙種建築用地,1,1,全筆移轉,05610007
RPQNMLOJJILFFBV56CA,新都威段,3882.33,非都市：風景區 ; 非都市編定：農牧用地,1,1,全筆移轉,01460000
RPQNMLOJJILFFBV56CA,新都威段,1117.87,非都市：風景區 ; 非都市編定：農牧用地,1,1,全筆移轉,01470001
RPQNMLLJJILFFBV88CA,高原段,143.00,非都市：鄉村區 ; 非都市編定：乙種建築用地,1,1,全筆移轉,05610000
RPQNMLNLJILFFCV86DA,海端段,310.00,非都市：鄉村區 ; 非都市編定：乙種建築用地,1,1,全筆移轉,00340001
RPUNMLNJJILFFAV76CA,東海段,1631.52,都市：農,1,1,全筆移轉,01930000
RPUNMLNJJILFFAV76CA,東海段,911.66,都市：農,1,1,全筆移轉,01980002
RPTNMLSLIILFFAV27CA,富岡段,1.99,非都市：鄉村區 ; 非都市編定：乙種建築用地,1,1,全筆移轉,06640001
RPSNMLQLIILFFAV96CA,興航段,165.43,都市：住,1,1,全筆移轉,00200002
RPTNMLQLIILFFAV07CA,興航段,165.67,都市：住,1,1,全筆移轉,00200001
RPVNMLQLIILFFAV27CA,路頂段,5358.90,非都市：特定農業區 ; 非都市編定：農牧用地,1,1,全筆移轉,03000000
RPVNMLQLIILFFAV27CA,路頂段,975.60,非都市：特定農業區 ; 非都市編定：農牧用地,1,1,全筆移轉,03010000
RPWNMLQLIILFFAV37CA,光明段,114.00,都市：住,1,1,全筆移轉,05580000
RPQNMLRLIILFFAV86CA,利家段,78.00,非都市：鄉村區 ; 非都市編定：乙種建築用地,1,1,全筆移轉,78280000
RPUNMLQLIILFFAV17CA,利家段,4203.00,非都市：特定農業區 ; 非都市編定：農牧用地,1,1,全筆移轉,51950001
RPRNMLQLIILFFAV86CA,青林段,84.30,都市：住,1,1,全筆移轉,03540000
RPUNMLLMIILFFAV76CA,利家段,1455.00,非都市：特定農業區 ; 非都市編定：農牧用地,1,1,全筆移轉,62230001
RPUNMLLMIILFFAV76CA,利家段,263.00,非都市：特定農業區 ; 非都市編定：甲種建築用地,1,1,全筆移轉,62230002
RPPNMLLJJILFFCV88CA,鹿野段,1014.00,非都市：特定農業區 ; 非都市編定：農牧用地,1,1,全筆移轉,25950000
RPPNMLNJJILFFCV09CA,南山段,35.55,都市：住,1,1,全筆移轉,06260000
RPPNMLTJJILFFDV17CA,多良段,10430.00,非都市：山坡地保育區 ; 非都市編定：農牧用地,1,1,全筆移轉,03250000
RPPNMLNJJILFFBV09DA,高台段,71.37,非都市：鄉村區 ; 非都市編定：乙種建築用地,1,1,全筆移轉,03440001
RPSNMLRJJILFFBV17DA,東河段,70.57,都市：商,1,1,全筆移轉,07850000
RPSNMLRJJILFFBV17DA,東河段,36.94,都市：商,1,1,全筆移轉,07880000
RPRNMLRLIILFFAV96CA,豐年段,184.77,都市：住,1,1,全筆移轉,09410000
RPSNMLSLIILFFAV17CA,馬蘭段,49.23,都市：住,10000,128,持分移轉,14590000
RPRNMLKKJILFFBV98CA,三間段大來小段,1024.00,非都市：風景區 ; 非都市編定：農牧用地,1,1,全筆移轉,07760002
RPQNMLKKJILFFBV88CA,長光段,266.59,非都市：鄉村區 ; 非都市編定：乙種建築用地,6,2,持分移轉,03190000
RPVNMLNJJILFFAV86CA,中山段,86.00,都市：住,1,1,全筆移轉,10650000
RPPNMLMJJILFFAV78CA,豐榮段,90.00,都市：住,1,1,全筆移轉,02260000
RPPNMLNJJILFFAV88CA,普優瑪段,35.20,都市：其他:道路用地,1,1,全筆移轉,06590000
RPPNMLNJJILFFAV88CA,北南王段,1577.70,都市：農,1,1,全筆移轉,07310000
RPQNMLOJJILFFAV09CA,新生段,13.65,都市：住,10000,55,持分移轉,00440000
RPUNMLRKJILFFAV27CA,台東段,10.08,都市：住,10000,67,持分移轉,20080000
RPXNMLKKJILFFAV86CA,自強段,78.00,都市：住,1,1,全筆移轉,04650000
SPUNMLPJKILFFAV17CA,台東段,1.27,都市：商,9996,15,持分移轉,04340001
TPUNMLPJKILFFAV27CA,台東段,2.38,都市：商,9996,28,持分移轉,04340001
RPUNMLPJKILFFAV07CA,台東段,1.27,都市：商,9996,15,持分移轉,04340001
RPWNMLQKJILFFAV37CA,豐航段,459.86,都市：住,1,1,全筆移轉,06030000
RPWNMLQKJILFFAV37CA,豐航段,15.70,都市：其他:道路用地,1,1,全筆移轉,06030001
RPVNMLQKJILFFAV27CA,射馬干段,1095.20,非都市：特定農業區 ; 非都市編定：農牧用地,1,1,全筆移轉,04360000
RPVNMLQKJILFFAV27CA,射馬干段,2651.73,非都市：特定農業區 ; 非都市編定：農牧用地,1,1,全筆移轉,04350000
RPSNMLQKJILFFAV96CA,利家段,90.00,非都市：特定農業區 ; 非都市編定：甲種建築用地,1,1,全筆移轉,75860049
RPSNMLOKJILFFAV76CA,豐川段,1624.53,非都市：特定農業區 ; 非都市編定：農牧用地,1,1,全筆移轉,06930001
RPRNMLLJJILFFAV88CA,馬蘭段,20.98,都市：住,10000,174,持分移轉,16590000
RPUNMLSLIILFFAV37CA,台東段,22.00,都市：其他:用地,1,1,全筆移轉,00080368
RPUNMLSLIILFFAV37CA,台東段,.12,都市：其他:用地,8,1,持分移轉,00080341
RPUNMLSLIILFFAV37CA,台東段,.12,都市：住,8,1,持分移轉,00080340
RPUNMLSLIILFFAV37CA,台東段,6.75,都市：其他:用地,8,1,持分移轉,00080339
RPUNMLSLIILFFAV37CA,台東段,19.00,都市：住,1,1,全筆移轉,00080172
RPUNMLSLIILFFAV37CA,台東段,7.62,都市：住,8,1,持分移轉,00080019
RPQNMLLMIILFFAV98CA,豐年段,5.50,都市：住,10000,11,持分移轉,00270000
UPUNMLPJKILFFAV37CA,台東段,93.32,都市：商,9996,1100,持分移轉,04340001
XPUNMLPJKILFFAV67CA,台東段,93.32,都市：商,9996,1100,持分移轉,04340001
RPRNMLLMIILFFAV09CA,豐年段,5.50,都市：住,10000,11,持分移轉,00270000
WPUNMLPJKILFFAV57CA,台東段,93.32,都市：商,9996,1100,持分移轉,04340001
VPUNMLPJKILFFAV47CA,台東段,2.21,都市：商,9996,26,持分移轉,04340001
RPQNMLLJJILFFCV98CA,瑞豐段,53.18,非都市：山坡地保育區 ; 非都市編定：丙種建築用地,1,1,全筆移轉,10810000
RPQNMLLJJILFFCV98CA,瑞豐段,263.03,非都市：山坡地保育區 ; 非都市編定：丙種建築用地,2,1,持分移轉,10820000
RPQNMLLJJILFFCV98CA,瑞豐段,68.85,非都市：山坡地保育區 ; 非都市編定：丙種建築用地,1,1,全筆移轉,10820002
RPQNMLSLIILFFAV96CA,初鹿段,193.00,非都市：特定農業區 ; 非都市編定：甲種建築用地,1,1,全筆移轉,09490033
RPPNMLLMIILFFBV98CA,小馬東段,1000.35,非都市：風景區 ; 非都市編定：農牧用地,1,1,全筆移轉,14100000
SPRNMLLMIILFFAV56CA,豐年段,5.50,都市：住,10000,11,持分移轉,00270000
RPPNMLRJJILFFCV86CA,南山段,111.54,都市：住,1,1,全筆移轉,06380000
RPPNMLLKJILFFBV88CA,田組段,2505.04,非都市：風景區 ; 非都市編定：農牧用地,1,1,全筆移轉,03820000
RPPNMLSKJILFFCV07CA,崁頂段,184.00,非都市：山坡地保育區 ; 非都市編定：丙種建築用地,1,1,全筆移轉,01810002
RPPNMLMJJILFFCV09DA,北庄段,4100.00,非都市：一般農業區 ; 非都市編定：農牧用地,1,1,全筆移轉,09450000
RPQNMLLJJILFFAV88DA,利泰段,315.50,非都市：鄉村區 ; 非都市編定：乙種建築用地,2,1,持分移轉,09420000
RPSNMLLMIILFFAV56CA,台東段,47.00,都市：住,1,1,全筆移轉,05470071
RPWNMLLMIILFFAV96CA,新生段,216.00,都市：住,1,1,全筆移轉,07760004
RPWNMLLMIILFFAV96CA,新生段,10.00,都市：住,1,1,全筆移轉,07760005
RPWNMLLMIILFFAV96CA,新生段,3.00,都市：住,1,1,全筆移轉,07770004
RPWNMLLMIILFFAV96CA,新生段,35.00,都市：住,1,1,全筆移轉,07780002
RPVNMLLMIILFFAV86CA,新生段,31.00,都市：住,1,1,全筆移轉,07590005
RPRNMLNJJILFFAV09CA,台東段,82.00,都市：住,1,1,全筆移轉,00890015
RPRNMLNJJILFFAV09CA,台東段,10.00,都市：其他:道路用地,1,1,全筆移轉,00890016
RPQNMLMJJILFFAV88CA,自強段,89.00,都市：住,1,1,全筆移轉,03480000
RPRNMLKLRHLFFAV07CA,上南寮段,292.76,都市：其他:保護區,1,1,全筆移轉,05940001
RPQNMLKLRHLFFAV96CA,常德段,12.72,都市：住,50000,335,持分移轉,07520000
RPRNMLTJJILFFAV07CA,普優瑪段,100.34,都市：住,1,1,全筆移轉,02170000
RPTNMLRJJILFFAV07CA,常德段,10.12,都市：商,30000,160,持分移轉,07520000
RPUNMLRJJILFFAV17CA,台東段,43.74,都市：住,10000,417,持分移轉,20380000
