﻿鄉鎮市區,交易標的,土地位置建物門牌,土地移轉總面積平方公尺,都市土地使用分區,非都市土地使用分區,非都市土地使用編定,交易年月日,交易筆棟數,移轉層次,總樓層數,建物型態,主要用途,主要建材,建築完成年月,建物移轉總面積平方公尺,建物現況格局-房,建物現況格局-廳,建物現況格局-衛,建物現況格局-隔間,有無管理組織,總價元,單價元平方公尺,車位類別,車位移轉總面積(平方公尺),車位總價元,備註,編號,主建物面積,附屬建物面積,陽台面積,電梯,移轉編號
The villages and towns urban district,transaction sign,land sector position building sector house number plate,land shifting total area square meter,the use zoning or compiles and checks,the non-metropolis land use district,non-metropolis land use,transaction year month and day,transaction pen number,shifting level,total floor number,building state,main use,main building materials,construction to complete the years,building shifting total area,Building present situation pattern - room,building present situation pattern - hall,building present situation pattern - health,building present situation pattern - compartmented,Whether there is manages the organization,total price NTD,the unit price (NTD / square meter),the berth category,berth shifting total area square meter,the berth total price NTD,the note,serial number,,,,,
烈嶼鄉,土地,九宮測段769地號,574.01,住,,,1050727,土地2建物0車位0,,,其他,,,,0.0,0,0,0,有,無,3500000,6097,,0.0,0,,RPRNMLMJQHLFFAW07CA,0.0,0.0,0.0,,
金城鎮,土地,后豐港段61地號,1226.0,農,,,1050608,土地1建物0車位0,,,其他,,,,0.0,0,0,0,有,無,5000000,4078,,0.0,0,,RPSNMLMJQHLFFAW17CA,0.0,0.0,0.0,,
金沙鎮,土地,北八劃段125地號,1000.0,農,,,1050713,土地1建物0車位0,,,其他,,,,0.0,0,0,0,有,無,4000000,4000,,0.0,0,,RPWNMLNJQHLFFAW67CA,0.0,0.0,0.0,,
烈嶼鄉,土地,公園測段132地號,235.72,其他,,,1050718,土地3建物0車位0,,,其他,,,,0.0,0,0,0,有,無,350000,1485,,0.0,0,,RPPNMLPJQHLFFAW17CA,0.0,0.0,0.0,,
金湖鎮,房地(土地+建物),金門縣金湖鎮料羅新村６２３號,125.35,其他,,,1050412,土地2建物1車位0,全,三層,透天厝,集合住宅,鋼筋混凝土造,1040508,163.48,3,3,3,有,無,8800000,53829,,0.0,0,,RPWNMLMJQHLFFAW57CA,146.94,0.0,16.54,,
金寧鄉,房地(土地+建物),金門縣金寧鄉下堡２１１號三樓,52.04,其他,,,1050629,土地1建物1車位0,三層,三層,公寓(5樓含以下無電梯),,,1040408,110.08000000000001,3,2,2,有,無,6200000,56323,,0.0,0,,RPXNMLMJQHLFFAW67CA,85.2,7.17,9.03,,
金寧鄉,房地(土地+建物),金門縣金寧鄉安岐４８之１２號二樓,51.59,其他,,,1050622,土地1建物1車位0,二層,三層,公寓(5樓含以下無電梯),集合住宅,鋼筋混凝土造,1050428,96.33,3,2,2,有,無,5000000,51905,,0.0,0,,RPRNMLTJQHLFFAW77CA,82.59,0.0,7.99,,
金寧鄉,房地(土地+建物),金門縣金寧鄉安岐４８之１１號三樓,49.7,其他,,,1050622,土地1建物1車位0,三層,三層,公寓(5樓含以下無電梯),集合住宅,鋼筋混凝土造,1050428,93.96000000000001,3,2,2,有,無,4700000,50021,,0.0,0,,RPTNMLTJQHLFFAW97CA,80.24,0.0,6.94,,
金寧鄉,房地(土地+建物),金門縣金寧鄉安岐４８之１３號三樓,50.7,其他,,,1050622,土地1建物1車位0,三層,三層,公寓(5樓含以下無電梯),集合住宅,鋼筋混凝土造,1050428,95.11,3,1,2,有,無,4600000,48365,,0.0,0,,RPVNMLTJQHLFFAW18CA,83.46,0.0,6.0,,
金湖鎮,土地,料羅段1210-2地號,304.0,其他,,,1050714,土地2建物0車位0,,,其他,,,,0.0,0,0,0,有,無,6080000,20000,,0.0,0,,RPQNMLKKQHLFFAW86CA,0.0,0.0,0.0,,
金湖鎮,房地(土地+建物),金門縣金湖鎮太湖路三段２巷５號,216.52,其他,,,1050625,土地1建物1車位0,全,三層,透天厝,集合住宅,鋼筋混凝土造,0940330,219.24,3,3,3,有,無,11900000,54278,,0.0,0,,RPXNMLOLQHLFFAW08CA,203.41,0.0,15.83,,
金寧鄉,房地(土地+建物),金門縣金寧鄉榜林10-2號2樓,66.93,住,,,1050630,土地3建物1車位0,二層,三層,公寓(5樓含以下無電梯),,,1041210,98.14,3,2,2,有,無,6200000,63175,,0.0,0,,RPVNMLPJQHLFFAW87DA,84.39,0.0,8.73,,
金寧鄉,房地(土地+建物),金門縣金寧鄉榜林10-3號2樓,66.93,住,,,1050630,土地3建物1車位0,二層,三層,公寓(5樓含以下無電梯),,,1041210,99.58,3,2,2,有,無,6200000,62261,,0.0,0,,RPWNMLPJQHLFFAW97DA,85.81,0.0,8.75,,
金寧鄉,房地(土地+建物),金門縣金寧鄉下堡１００之２０號,12.39,其他,,,1050801,土地1建物1車位0,一層,三層,套房(1房1廳1衛),集合住宅,鋼筋混凝土造,1021120,35.760000000000005,1,1,1,有,無,2120000,59284,,0.0,0,,RPPNMLTJQHLFFAW57CA,22.55,0.0,3.32,,
金湖鎮,房地(土地+建物),金門縣金湖鎮料羅新村５１９號,42.43,住,,,1050706,土地1建物1車位0,一層,三層,公寓(5樓含以下無電梯),集合住宅,鋼筋混凝土造,1041230,69.35000000000001,2,2,2,有,無,3800000,54795,,0.0,0,,RPXNMLLKQHLFFAW67CA,64.93,0.0,0.0,,
金沙鎮,土地,斗門劃測段1023-2地號,896.0,農,,,1050718,土地2建物0車位0,,,其他,,,,0.0,0,0,0,有,無,4150000,4632,,0.0,0,,RPXNMLTJQHLFFAW38CA,0.0,0.0,0.0,,
金沙鎮,土地,沙東劃段162地號,1295.86,其他,,,1050715,土地1建物0車位0,,,其他,,,,0.0,0,0,0,有,無,10300000,7948,,0.0,0,,RPOOMLTJQHLFFAW57CA,0.0,0.0,0.0,,
金湖鎮,房地(土地+建物),金門縣金湖鎮料羅新村５２１號三樓,44.94,住,,,1050725,土地1建物1車位0,三層,三層,公寓(5樓含以下無電梯),集合住宅,鋼筋混凝土造,1041230,71.66,2,2,2,有,無,3750000,52330,,0.0,0,,RPWNMLLKQHLFFAW57CA,64.89,0.0,2.35,,
金城鎮,土地,庵前村段42地號,105.0,其他,,,1050807,土地1建物0車位0,,,其他,,,,0.0,0,0,0,有,無,3400000,32381,,0.0,0,,RPOOMLLKQHLFFAW86CA,0.0,0.0,0.0,,
金湖鎮,房地(土地+建物),金門縣金湖鎮料羅新村６４３號,85.76,其他,,,1050619,土地2建物1車位0,全,三層,透天厝,集合住宅,鋼筋混凝土造,1040508,164.16,3,3,3,有,無,8700000,52997,,0.0,0,,RPTNMLLKQHLFFAW27CA,146.94,0.0,17.22,,
金湖鎮,房地(土地+建物)+車位,金門縣金湖鎮市港三路２３７號八樓,24.94,住,,,1050718,土地1建物1車位2,八層,八層,華廈(10層含以下有電梯),集合住宅,鋼筋混凝土造,1050421,126.03,3,2,2,有,無,9000000,71412,坡道機械,19.88,0,,RPVNMLLKQHLFFAW47CA,72.13,1.97,8.06,,
金城鎮,房地(土地+建物),金門縣金城鎮庵前２０之８號,111.92,住,,,1050730,土地2建物1車位0,全,三層,透天厝,集合住宅,鋼筋混凝土造,1041123,176.41,4,2,4,有,無,11000000,62355,,0.0,0,,RPWNMLLMQHLFFAW77CA,169.31,0.0,7.1,,
金寧鄉,土地,后湖段1132-5地號,1486.82,其他,,,1050717,土地1建物0車位0,,,其他,,,,0.0,0,0,0,有,無,3730000,2509,,0.0,0,,RPQNMLPLQHLFFAW47CA,0.0,0.0,0.0,,
金城鎮,房地(土地+建物),金門縣金城鎮金山路２巷３弄１號,1079.02,農,,,1050725,土地2建物1車位0,全,三層,透天厝,集村農舍,鋼筋混凝土造,0981225,196.93,5,2,5,有,無,8000000,40624,,0.0,0,親友、員工或其他特殊關係間之交易。,RPQNMLPKQHLFFAW37CA,174.51,0.0,22.42,,
金寧鄉,房地(土地+建物),金門縣金寧鄉榜林５之７號,28.67,住,,,1050727,土地1建物1車位0,一層,三層,公寓(5樓含以下無電梯),,,1000816,58.55,1,1,2,有,無,3780000,64571,,0.0,0,,RPPNMLRKQHLFFAW47CA,46.26,0.0,7.99,,
金寧鄉,房地(土地+建物)+車位,金門縣金寧鄉湖下142之5號,74.26,住,,,1050729,土地1建物1車位1,一層,三層,公寓(5樓含以下無電梯),集合住宅,鋼筋混凝土造,1041222,156.18,3,2,2,有,無,6900000,44180,坡道平面,0.0,0,,RPPNMLSKQHLFFAW67DA,97.87,0.0,0.0,,
金城鎮,土地,山前段892地號,639.0,農,,,1050811,土地1建物0車位0,,,其他,,,,0.0,0,0,0,有,無,1022400,1600,,0.0,0,親友、員工或其他特殊關係間之交易。,RPUNMLMKRHLFFAW67DA,0.0,0.0,0.0,,
金湖鎮,房地(土地+建物),金門縣金湖鎮料羅５０之５號,52.45,其他,,,1050718,土地1建物1車位0,一層,三層,公寓(5樓含以下無電梯),集合住宅,鋼筋混凝土造,1050419,87.0,3,2,2,有,無,4750000,54598,,0.0,0,,RPSNMLTKQHLFFAW97CA,79.1,0.0,1.78,,
金湖鎮,房地(土地+建物),金門縣金湖鎮料羅50之6號,52.45,其他,,,1050718,土地1建物1車位0,一層,三層,公寓(5樓含以下無電梯),集合住宅,鋼筋混凝土造,1050419,87.0,3,2,2,有,無,4900000,56322,,0.0,0,,RPTNMLTKQHLFFAW08CA,79.1,0.0,1.78,,
金寧鄉,房地(土地+建物),金門縣金寧鄉頂堡２９６號三樓,72.0,住,,,1050730,土地1建物1車位0,三層,三層,公寓(5樓含以下無電梯),集合住宅,鋼筋混凝土造,1041202,122.36,3,2,2,有,無,7050000,57617,,0.0,0,,RPPNMLMLQHLFFAW07CA,109.06,0.0,7.25,,
金城鎮,房地(土地+建物),金門縣金城鎮珠浦西路９４巷１１之２號二樓,30.85,住,,,1050702,土地1建物1車位0,二層,四層,公寓(5樓含以下無電梯),集合住宅,鋼筋混凝土造,1010516,90.11,3,2,2,有,無,7380000,81900,,0.0,0,,RPSNMLSKQHLFFAW87CA,75.23,0.0,4.41,,
金沙鎮,土地,西園段1024-1地號,593.0,農,,,1050721,土地1建物0車位0,,,其他,,,,0.0,0,0,0,有,無,2800000,4722,,0.0,0,,RPQNMLSKQHLFFAW77DA,0.0,0.0,0.0,,
烈嶼鄉,土地,西方劃測段519地號,1730.0,農,,,1050808,土地2建物0車位0,,,其他,,,,0.0,0,0,0,有,無,7000000,4046,,0.0,0,,RPPNMLQLQHLFFAW47CA,0.0,0.0,0.0,,
金城鎮,土地,古塔段32地號,57.07,其他,,,1050720,土地1建物0車位0,,,其他,,,,0.0,0,0,0,有,無,2425000,42492,,0.0,0,,RPTNMLNKRHLFFAW57CA,0.0,0.0,0.0,,
金城鎮,建物,金門縣金城鎮金門城１０６之７號,0.0,,,,1050720,土地0建物1車位0,一層,三層,公寓(5樓含以下無電梯),集合住宅,鋼筋混凝土造,1050602,92.69,3,2,2,有,無,2425000,26160,,0.0,0,,RPUNMLNKRHLFFAW67CA,80.67,0.0,5.88,,
金城鎮,土地,古塔段32地號,57.07,其他,,,1050720,土地1建物0車位0,,,其他,,,,0.0,0,0,0,有,無,2500000,43806,,0.0,0,,RPVNMLNKRHLFFAW77CA,0.0,0.0,0.0,,
金城鎮,建物,金門縣金城鎮金門城１０６之８號,0.0,,,,1050720,土地0建物1車位0,一層,三層,公寓(5樓含以下無電梯),集合住宅,鋼筋混凝土造,1050602,92.69,3,2,2,有,無,2500000,26969,,0.0,0,,RPWNMLNKRHLFFAW87CA,80.67,0.0,5.88,,
金城鎮,土地,古塔段32地號,57.07,其他,,,1050720,土地1建物0車位0,,,其他,,,,0.0,0,0,0,有,無,2450000,42930,,0.0,0,,RPXNMLNKRHLFFAW97CA,0.0,0.0,0.0,,
金城鎮,建物,金門縣金城鎮金門城１０６之８號二樓,0.0,,,,1050720,土地0建物1車位0,二層,三層,公寓(5樓含以下無電梯),集合住宅,鋼筋混凝土造,1050602,99.39,3,2,2,有,無,2450000,24648,,0.0,0,,RPPOMLNKRHLFFAW27CA,80.67,0.0,12.58,,
金沙鎮,土地,汶沙段1582-3地號,164.26,住,,,1050705,土地3建物0車位0,,,其他,,,,0.0,0,0,0,有,無,5000000,30440,,0.0,0,,RPRNMLPLQHLFFAW57CA,0.0,0.0,0.0,,
金城鎮,土地,古坵段83地號,522.0,農,,,1050808,土地1建物0車位0,,,其他,,,,0.0,0,0,0,有,無,700000,1341,,0.0,0,,RPSNMLPLQHLFFAW67CA,0.0,0.0,0.0,,
金城鎮,土地,祥和段435地號,1.0,住,,,1050816,土地1建物0車位0,,,其他,,,,0.0,0,0,0,有,無,50000,0,,0.0,0,,RPOOMLOLQHLFFAW37DA,0.0,0.0,0.0,,
金湖鎮,房地(土地+建物),金門縣金湖鎮湖前2之11號,54.4,其他,,,1050801,土地1建物1車位0,一層,三層,公寓(5樓含以下無電梯),集合住宅,鋼筋混凝土造,1030417,112.34,3,2,2,有,無,6500000,57860,,0.0,0,,RPQNMLQLQHLFFAW67DA,97.23,0.0,10.18,,
金湖鎮,土地,塔后段599地號,404.49,其他,,,1050714,土地1建物0車位0,,,其他,,,,0.0,0,0,0,有,無,579228,1432,,0.0,0,向政府機關承購之案件。,RPRNMLRJRHLFFAW77DA,0.0,0.0,0.0,,
金湖鎮,土地,太湖劃測段1024地號,1028.1,農,,,1050818,土地1建物0車位0,,,其他,,,,0.0,0,0,0,有,無,2800000,2723,,0.0,0,,RPPNMLPLQHLFFAW37CA,0.0,0.0,0.0,,
金沙鎮,土地,沙港劃段706地號,2000.0,農,,,1050725,土地2建物0車位0,,,其他,,,,0.0,0,0,0,有,無,8000000,4000,,0.0,0,,RPPNMLTLRHLFFAW87CA,0.0,0.0,0.0,,
金沙鎮,土地,沙港劃段1159地號,699.62,其他,,,1050725,土地2建物0車位0,,,其他,,,,0.0,0,0,0,有,無,3200000,4574,,0.0,0,,RPQNMLTLRHLFFAW97CA,0.0,0.0,0.0,,
金湖鎮,房地(土地+建物),金門縣金湖鎮市港三路２３５號,21.06,住,,,1050805,土地1建物1車位0,一層,八層,華廈(10層含以下有電梯),集合住宅,鋼筋混凝土造,1050421,101.55,1,1,2,有,無,8480000,83506,,0.0,0,,RPXNMLPLQHLFFAW18CA,71.3,0.0,6.3,,
金湖鎮,房地(土地+建物),金門縣金湖鎮市港三路２３７號,20.71,住,,,1050805,土地1建物1車位0,一層,八層,華廈(10層含以下有電梯),集合住宅,鋼筋混凝土造,1050421,97.41000000000001,3,2,2,有,無,8300000,85207,,0.0,0,,SPXNMLPLQHLFFAW28CA,71.89,0.0,1.9,,
金沙鎮,土地,北九十劃段380地號,495.77,農,,,1050805,土地1建物0車位0,,,其他,,,,0.0,0,0,0,有,無,1735195,3500,,0.0,0,,RPPNMLKKRHLFFAW86CA,0.0,0.0,0.0,,
金沙鎮,土地,北九十劃段228地號,488.13,農,,,1050805,土地1建物0車位0,,,其他,,,,0.0,0,0,0,有,無,1708455,3500,,0.0,0,,RPQNMLKKRHLFFAW96CA,0.0,0.0,0.0,,
金沙鎮,土地,北九十劃段241地號,976.26,農,,,1050805,土地1建物0車位0,,,其他,,,,0.0,0,0,0,有,無,3416910,3500,,0.0,0,,RPRNMLKKRHLFFAW07CA,0.0,0.0,0.0,,
金沙鎮,土地,陽宅段325地號,110.68,農,,,1050808,土地1建物0車位0,,,其他,,,,0.0,0,0,0,有,無,400000,3614,,0.0,0,,RPOOMLPLQHLFFAW37CA,0.0,0.0,0.0,,
金沙鎮,房地(土地+建物),金門縣金沙鎮陽翟３１０號,88.87,其他,,,1050510,土地1建物1車位0,全,三層,透天厝,住家用,鋼筋混凝土造,1040918,169.38,5,2,5,有,無,7000000,41327,,0.0,0,,RPRNMLQLQHLFFAW67CA,169.38,0.0,0.0,,
金城鎮,土地,金城劃段221-1地號,970.01,農,,,1050801,土地2建物0車位0,,,其他,,,,0.0,0,0,0,有,無,25000000,25773,,0.0,0,,RPSNMLQLQHLFFAW77CA,0.0,0.0,0.0,,
金寧鄉,房地(土地+建物),金門縣金寧鄉東州７６號三樓之一,23.03,其他,,,1050705,土地1建物1車位0,三層,三層,套房(1房1廳1衛),集合住宅,鋼筋混凝土造,1040721,56.06,1,1,1,有,無,3500000,62433,,0.0,0,,RPTNMLQLQHLFFAW87CA,32.22,0.0,4.74,,
金湖鎮,土地,湖尚劃段291地號,1305.06,其他,,,1050720,土地2建物0車位0,,,其他,,,,0.0,0,0,0,有,無,5288000,4052,,0.0,0,親友、員工或其他特殊關係間之交易。,RPUNMLKMQHLFFAW47CA,0.0,0.0,0.0,,
金沙鎮,房地(土地+建物),金門縣金沙鎮中蘭６７號二樓,71.65,其他,,,1050815,土地1建物1車位0,二層,三層,公寓(5樓含以下無電梯),集合住宅,鋼筋混凝土造,1050502,105.74,3,2,2,有,無,5000000,47286,,0.0,0,,RPTNMLLMQHLFFAW47CA,94.04,0.0,2.95,,
金沙鎮,房地(土地+建物),金門縣金沙鎮中蘭６７號,62.62,其他,,,1050815,土地1建物1車位0,一層,三層,公寓(5樓含以下無電梯),集合住宅,鋼筋混凝土造,1050502,92.87,3,2,2,有,無,5200000,55992,,0.0,0,,RPVNMLLMQHLFFAW67CA,85.22,0.0,0.0,,
金城鎮,土地,城隍廟段261地號,54.21,住,,,1050819,土地1建物0車位0,,,其他,,,,0.0,0,0,0,有,無,3480282,64200,,0.0,0,,RPPNMLTKRHLFFAW77CA,0.0,0.0,0.0,,
金寧鄉,土地,寧湖三劃段814-9地號,760.0,農,,,1050814,土地1建物0車位0,,,其他,,,,0.0,0,0,0,有,無,5800000,7632,,0.0,0,,RPRNMLKMQHLFFAW27DA,0.0,0.0,0.0,,
金城鎮,土地,天后宮段192地號,10.83,住,,,1050815,土地1建物0車位0,,,其他,,,,0.0,0,0,0,有,無,220000,20314,,0.0,0,,RPRNMLPJRHLFFAW57DA,0.0,0.0,0.0,,
烈嶼鄉,土地,楊厝測段858地號,3115.45,農,,,1050829,土地10建物0車位0,,,其他,,,,0.0,0,0,0,有,無,2000000,642,,0.0,0,包含公共設施保留地之交易道路用地,RPSNMLLLRHLFFAW37CA,0.0,0.0,0.0,,
烈嶼鄉,土地,楊厝測段347地號,260.3,住,,,1050829,土地1建物0車位0,,,其他,,,,0.0,0,0,0,有,無,2000000,7683,,0.0,0,,SPSNMLLLRHLFFAW47CA,0.0,0.0,0.0,,
烈嶼鄉,土地,楊厝測段915地號,2319.22,農,,,1050829,土地7建物0車位0,,,其他,,,,0.0,0,0,0,有,無,2600000,1121,,0.0,0,,RPQNMLNLRHLFFAW37CA,0.0,0.0,0.0,,
烈嶼鄉,土地,青岐段404-1地號,332.14,住,,,1050829,土地3建物0車位0,,,其他,,,,0.0,0,0,0,有,無,1400000,4215,,0.0,0,瑕疵物件之交易。有建物侵占,RPTNMLNLRHLFFAW67CA,0.0,0.0,0.0,,
金沙鎮,土地,浦邊測段661地號,1395.74,其他,,,1050824,土地2建物0車位0,,,其他,,,,0.0,0,0,0,有,無,800000,573,,0.0,0,親友、員工或其他特殊關係間之交易。,RPRNMLLMQHLFFAW27CA,0.0,0.0,0.0,,
金沙鎮,房地(土地+建物),金門縣金沙鎮中蘭６６號三樓,71.94,其他,,,1050815,土地1建物1車位0,三層,三層,公寓(5樓含以下無電梯),集合住宅,鋼筋混凝土造,1050502,106.01,3,2,2,有,無,5000000,47165,,0.0,0,,RPPNMLLMQHLFFAW07CA,92.9,0.0,4.33,,
金沙鎮,土地,官嶼劃段690地號,992.0,農,,,1050824,土地1建物0車位0,,,其他,,,,0.0,0,0,0,有,無,2700000,2722,,0.0,0,,RPXNMLLMQHLFFAW87CA,0.0,0.0,0.0,,
金寧鄉,土地,寧湖三劃段734地號,1000.0,農,,,1050727,土地1建物0車位0,,,其他,,,,0.0,0,0,0,有,無,9000000,9000,,0.0,0,,RPQNMLLJRHLFFAW96CA,0.0,0.0,0.0,,
金城鎮,房地(土地+建物),金門縣金城鎮慈湖路一段６７號,695.15,農,,,1050825,土地2建物1車位0,一層，二層，地下一層，見其他登記事項,二層,農舍,農舍,鋼筋混凝土造,1050520,375.06,7,2,7,有,無,20000000,,,0.0,0,,RPQNMLMJRHLFFAW07CA,361.94,0.0,13.12,,
金沙鎮,房地(土地+建物),金門縣金沙鎮中蘭６７號三樓,71.65,其他,,,1050815,土地1建物1車位0,三層,三層,公寓(5樓含以下無電梯),集合住宅,鋼筋混凝土造,1050502,105.74,3,2,2,有,無,5000000,47286,,0.0,0,,RPQNMLLMQHLFFAW17CA,94.04,0.0,2.95,,
烈嶼鄉,土地,青岐段622地號,443.0,其他,,,1050720,土地2建物0車位0,,,其他,,,,0.0,0,0,0,有,無,2880000,6501,,0.0,0,,RPPNMLLJRHLFFAW86CA,0.0,0.0,0.0,,
金寧鄉,房地(土地+建物),金門縣金寧鄉湖下５之８號二樓,53.22,其他,,,1050802,土地1建物1車位0,二層,三層,公寓(5樓含以下無電梯),,,1050401,89.84,3,2,2,有,無,6000000,66785,,0.0,0,,RPPNMLMJRHLFFAW96CA,76.74,0.0,6.7,,
金寧鄉,房地(土地+建物),金門縣金寧鄉下堡１６８號二樓,77.98,其他,,,1050729,土地1建物1車位0,二層,三層,公寓(5樓含以下無電梯),集合住宅,鋼筋混凝土造,1050413,129.28,3,2,2,有,無,5200000,40223,,0.0,0,,RPRNMLMJRHLFFAW17CA,99.46,5.23,15.7,,
金湖鎮,房地(土地+建物),金門縣金湖鎮市港三路１５２號六樓之３,25.7,住,,,1050628,土地1建物1車位0,六層,七層,華廈(10層含以下有電梯),集合住宅,鋼筋混凝土造,1040923,122.58,3,2,2,有,無,7500000,61185,,0.0,0,,RPTNMLMJRHLFFAW37CA,81.62,0.0,4.77,,
金沙鎮,土地,高坑劃測段466地號,985.17,其他,,,1050810,土地1建物0車位0,,,其他,,,,0.0,0,0,0,有,無,5400000,5481,,0.0,0,,RPUNMLMJRHLFFAW47CA,0.0,0.0,0.0,,
金寧鄉,土地,后垵段360地號,1975.1,其他,,,1041210,土地2建物0車位0,,,其他,,,,0.0,0,0,0,有,無,1876345,950,,0.0,0,親友、員工或其他特殊關係間之交易。,RPVNMLMJRHLFFAW57CA,0.0,0.0,0.0,,
金湖鎮,土地,北五劃段331地號,403.32,農,,,1050815,土地1建物0車位0,,,其他,,,,0.0,0,0,0,有,無,1500000,3719,,0.0,0,,RPPNMLQJRHLFFAW37CA,0.0,0.0,0.0,,
金寧鄉,房地(土地+建物),金門縣金寧鄉西堡39之2號,35.26,住,,,1050706,土地1建物1車位0,一層,三層,公寓(5樓含以下無電梯),集合住宅,鋼筋混凝土造,1050204,65.89999999999999,2,2,1,有,無,3800000,57663,,0.0,0,,RPUNMLPJRHLFFAW87DA,59.19,0.0,0.0,,
金城鎮,土地,中一段174地號,1010.37,農,,,1050803,土地1建物0車位0,,,其他,,,,0.0,0,0,0,有,無,14650365,14500,,0.0,0,,RPVNMLPJRHLFFAW97DA,0.0,0.0,0.0,,
金寧鄉,土地,寧安四劃段310地號,1000.0,農,,,1050901,土地1建物0車位0,,,其他,,,,0.0,0,0,0,有,無,5000000,5000,,0.0,0,,RPPOMLPJRHLFFAW37CA,0.0,0.0,0.0,,
金湖鎮,土地,太武段1241地號,675.16,農,,,1050725,土地1建物0車位0,,,其他,,,,0.0,0,0,0,有,無,4500000,6665,,0.0,0,,RPQOMLPJRHLFFAW47CA,0.0,0.0,0.0,,
金寧鄉,房地(土地+建物),金門縣金寧鄉后盤山５之２號,57.0,其他,,,1050829,土地1建物1車位0,一層,三層,公寓(5樓含以下無電梯),,,1041221,104.86,3,2,2,有,無,6200000,59126,,0.0,0,,RPWNMLRJRHLFFAW18CA,92.51,0.0,0.0,,
金城鎮,房地(土地+建物),金門縣金城鎮珠浦西路９４巷１１之２號一樓,30.85,住,,,1050712,土地1建物1車位0,一層,四層,公寓(5樓含以下無電梯),集合住宅,鋼筋混凝土造,1010516,90.11,3,2,2,有,無,7800000,86561,,0.0,0,,RPOOMLPJRHLFFAW27CA,75.23,0.0,4.41,,
金湖鎮,房地(土地+建物),金門縣金湖鎮林兜２２號二樓,26.26,其他,,,1050901,土地1建物1車位0,二層,三層,套房(1房1廳1衛),集合住宅,鋼筋混凝土造,1040716,59.47,1,1,1,有,無,4170000,70119,,0.0,0,,RPSNMLKLRHLFFAW27CA,44.33,1.7,4.37,,
金城鎮,土地,東紅山段40地號,287.71,住,,,1050805,土地1建物0車位0,,,其他,,,,0.0,0,0,0,有,無,18739000,65132,,0.0,0,含地上興建中建物公寓4戶,RPRNMLMLRHLFFAW47DA,0.0,0.0,0.0,,
金湖鎮,土地,太湖劃測段1006地號,1905.14,農,,,1050905,土地2建物0車位0,,,其他,,,,0.0,0,0,0,有,無,6800000,3569,,0.0,0,,RPPNMLTJRHLFFAW67CA,0.0,0.0,0.0,,
金寧鄉,房地(土地+建物),金門縣金寧鄉下堡１６７號二樓,77.98,其他,,,1050729,土地1建物1車位0,二層,三層,公寓(5樓含以下無電梯),集合住宅,鋼筋混凝土造,1050413,129.32999999999998,3,2,2,有,無,5200000,40207,,0.0,0,,RPTNMLRJRHLFFAW87CA,99.46,5.28,15.7,,
金湖鎮,土地,庵邊段211地號,654.0,其他,,,1050830,土地2建物0車位0,,,其他,,,,0.0,0,0,0,有,無,12000000,18349,,0.0,0,,RPUNMLRJRHLFFAW97CA,0.0,0.0,0.0,,
金寧鄉,房地(土地+建物),金門縣金寧鄉下堡100之22號,11.6,其他,,,1050901,土地1建物1車位0,一層,三層,公寓(5樓含以下無電梯),集合住宅,鋼筋混凝土造,1031020,23.06,1,1,1,有,無,1670000,72420,,0.0,0,,RPVNMLRJRHLFFAW08CA,18.54,0.0,1.0,,
金沙鎮,土地,北九十劃段496地號,1000.54,農,,,1050901,土地1建物0車位0,,,其他,,,,0.0,0,0,0,有,無,3501890,3500,,0.0,0,,RPSNMLKKRHLFFAW17CA,0.0,0.0,0.0,,
金湖鎮,土地,北五劃段207-2地號,833.0,農,,,1050731,土地2建物0車位0,,,其他,,,,0.0,0,0,0,有,無,4000000,4802,,0.0,0,,RPPNMLLLRHLFFAW07CA,0.0,0.0,0.0,,
金湖鎮,房地(土地+建物),金門縣金湖鎮料羅新村５７６號,31.25,其他,,,1050901,土地1建物1車位0,一層,三層,公寓(5樓含以下無電梯),集合住宅,鋼筋混凝土造,1040402,79.31,2,1,1,有,無,3800000,47913,,0.0,0,,RPUNMLLLRHLFFAW57CA,57.4,0.0,4.35,,
金湖鎮,房地(土地+建物)+車位,金門縣金湖鎮料羅新村５７８號,70.57,其他,,,1050901,土地1建物1車位1,一層，地下一層,三層,公寓(5樓含以下無電梯),集合住宅,鋼筋混凝土造,1040402,162.51,4,2,2,有,無,5200000,31998,坡道平面,15.17,0,,SPUNMLLLRHLFFAW67CA,120.21,0.0,6.86,,
金湖鎮,房地(土地+建物),金門縣金湖鎮東村７８號,58.78,住,,,1050727,土地1建物1車位0,一層,三層,公寓(5樓含以下無電梯),集合住宅,鋼筋混凝土造,1050418,93.81,3,2,2,有,無,5180000,55218,,0.0,0,,RPRNMLKLRHLFFAW17CA,86.87,0.0,0.0,,
金沙鎮,房地(土地+建物),金門縣金沙鎮后浦頭１２７號,169.97,其他,,,1050622,土地1建物1車位0,全,三層,透天厝,,,1041030,202.96,5,3,3,有,無,15100000,74399,,0.0,0,,RPPNMLPJIILFFAW09CA,0.0,0.0,0.0,,
金城鎮,土地,祥瑞段969地號,441.28,其他,,,1050622,土地6建物0車位0,,,其他,,,,0.0,0,0,0,有,無,20100000,45549,,0.0,0,,RPTNMLKKRHLFFAW27CA,0.0,0.0,0.0,,
金寧鄉,房地(土地+建物),金門縣金寧鄉湖下５之７號三樓,53.22,其他,,,1050613,土地1建物1車位0,三層,三層,公寓(5樓含以下無電梯),,,1050401,89.84,3,2,2,有,無,6175000,68733,,0.0,0,,RPUNMLKKRHLFFAW37CA,76.74,0.0,6.7,,
金湖鎮,土地,士校段305-11地號,3908.21,其他,,,1050906,土地1建物0車位0,,,其他,,,,0.0,0,0,0,有,無,29700000,7599,,0.0,0,,RPWNMLKKRHLFFAW57CA,0.0,0.0,0.0,,
金城鎮,房地(土地+建物),金門縣金城鎮西海路三段１０６巷７弄６號,55.58,住,,,1050901,土地2建物1車位0,一層,三層,公寓(5樓含以下無電梯),集合住宅,鋼筋混凝土造,1041218,100.52000000000001,3,2,2,有,無,6500000,64664,,0.0,0,,RPSNMLMLRHLFFAW47CA,79.93,0.0,0.0,,
金沙鎮,土地,擎天段1364地號,358.0,住,,,1050902,土地1建物0車位0,,,其他,,,,0.0,0,0,0,有,無,7100000,19832,,0.0,0,,RPTNMLMLRHLFFAW57CA,0.0,0.0,0.0,,
金寧鄉,房地(土地+建物),金門縣金寧鄉西堡39之2號二樓,35.26,住,,,1050906,土地1建物1車位0,二層,三層,公寓(5樓含以下無電梯),集合住宅,鋼筋混凝土造,1050204,73.96,2,2,1,有,無,3700000,50027,,0.0,0,,RPRNMLTKRHLFFAW08DA,59.19,2.28,5.78,,
金湖鎮,房地(土地+建物),金門縣金湖鎮東村７８號二樓,58.78,住,,,1050726,土地1建物1車位0,二層,三層,公寓(5樓含以下無電梯),集合住宅,鋼筋混凝土造,1050418,102.48,3,2,2,有,無,5200000,50742,,0.0,0,,RPQNMLKLRHLFFAW07CA,86.87,0.0,8.67,,
金沙鎮,房地(土地+建物),金門縣金沙鎮何厝４６之６號二樓,26.46,其他,,,1050910,土地1建物1車位0,二層,三層,套房(1房1廳1衛),集合住宅,鋼筋混凝土造,1050111,44.559999999999995,1,1,1,有,無,2200000,49372,,0.0,0,,RPTNMLKLRHLFFAW37CA,37.21,0.0,2.73,,
金沙鎮,土地,大山段115-2地號,9309.8,其他,,,1050906,土地3建物0車位0,,,其他,,,,0.0,0,0,0,有,無,46549000,5000,,0.0,0,,RPRNMLPJIILFFAW66CA,0.0,0.0,0.0,,
金沙鎮,土地,大山段173-45地號,8393.01,其他,,,1050906,土地16建物0車位0,,,其他,,,,0.0,0,0,0,有,無,29375500,3500,,0.0,0,,RPSNMLPJIILFFAW76CA,0.0,0.0,0.0,,
金寧鄉,房地(土地+建物)+車位,金門縣金寧鄉安岐２０７號,50.92,其他,,,1050830,土地1建物1車位1,一層,三層,公寓(5樓含以下無電梯),集合住宅,鋼筋混凝土造,1040529,88.57,3,2,2,有,無,5700000,64356,一樓平面,21.0,0,法定空地範圍之車位D面積：21平方公尺。,RPVNMLMKRHLFFAW67CA,75.32,0.0,8.2,,
金寧鄉,房地(土地+建物),金門縣金寧鄉東州７６號,57.86,其他,,,1050903,土地1建物1車位0,一層,三層,華廈(10層含以下有電梯),集合住宅,鋼筋混凝土造,1040721,140.75,3,2,2,有,無,7700000,54707,,0.0,0,,RPQOMLNKRHLFFAW37CA,81.7,1.93,9.11,,
金城鎮,房地(土地+建物),金門縣金城鎮小西門８之５號二樓,58.38,其他,,,1050822,土地1建物1車位0,二層,三層,公寓(5樓含以下無電梯),集合住宅,鋼筋混凝土造,1050510,110.78,3,2,2,有,無,5700000,51453,,0.0,0,,RPSOMLNKRHLFFAW57CA,91.99,0.0,6.72,,
金城鎮,土地,金門城段533地號,261.6,住,,,1050906,土地1建物0車位0,,,其他,,,,0.0,0,0,0,有,無,3500000,13379,,0.0,0,,RPSNMLTKRHLFFAW08CA,0.0,0.0,0.0,,
金城鎮,土地,前水頭段156地號,180.0,住,,,1050912,土地1建物0車位0,,,其他,,,,0.0,0,0,0,有,無,2340000,13000,,0.0,0,,RPPNMLKLRHLFFAW07DA,0.0,0.0,0.0,,
金湖鎮,房地(土地+建物),金門縣金湖鎮市港三路２２５號７樓之９,11.27,住,,,1050826,土地1建物1車位0,七層,八層,華廈(10層含以下有電梯),集合住宅,鋼筋混凝土造,1041125,61.269999999999996,1,1,1,有,有,4000000,65285,,0.0,0,,RPPNMLRJIILFFAW66CA,33.64,0.0,4.65,,
金沙鎮,房地(土地+建物),金門縣金沙鎮陽翟３００號,129.45,其他,,,1050805,土地1建物1車位0,全,三層,透天厝,住家用,鋼筋混凝土造,1040918,195.94,7,2,5,有,無,8000000,40829,,0.0,0,,RPVNMLKLRHLFFAW57CA,190.43,0.0,5.51,,
金城鎮,房地(土地+建物),金門縣金城鎮小西門４９之５號,338.75,農,,,1050906,土地1建物1車位0,一層，二層，三層，屋頂突出物，地下一層,三層,農舍,農舍,鋼筋混凝土造,1050129,378.99,8,2,8,有,無,22000000,,,0.0,0,,RPUNMLMLRHLFFAW67CA,356.4,0.0,22.59,,
金沙鎮,土地,大洋段1028地號,196.0,住,,,1050912,土地1建物0車位0,,,其他,,,,0.0,0,0,0,有,無,1350000,6888,,0.0,0,,RPRNMLLLRHLFFAW27CA,0.0,0.0,0.0,,
金湖鎮,房地(土地+建物),金門縣金湖鎮料羅新村６２６號,167.81,其他,,,1050803,土地2建物1車位0,全,三層,透天厝,集合住宅,鋼筋混凝土造,1040508,181.32,3,3,3,有,無,9100000,50188,,0.0,0,,RPSNMLNLRHLFFAW57CA,161.03,0.0,20.29,,
金沙鎮,房地(土地+建物),金門縣金沙鎮陽翟３０２號,92.75,農,,,1050903,土地1建物1車位0,全,三層,透天厝,住家用,鋼筋混凝土造,1040918,178.05,5,2,5,有,無,7350000,41281,,0.0,0,,RPPNMLLKIILFFAW78CA,172.54,0.0,5.51,,
金城鎮,土地,東紅山段40地號,71.93,住,,,1050905,土地1建物0車位0,,,其他,,,,0.0,0,0,0,有,無,4800000,66732,,0.0,0,含地上興建中建物公寓一戶,RPPNMLQLRHLFFAW67DA,0.0,0.0,0.0,,
金城鎮,土地,北一段581地號,502.54,農,,,1050921,土地1建物0車位0,,,其他,,,,0.0,0,0,0,有,無,5500000,10944,,0.0,0,,RPRNMLTLRHLFFAW18DA,0.0,0.0,0.0,,
金湖鎮,土地,尚義段796地號,1689.27,農,,,1050725,土地2建物0車位0,,,其他,,,,0.0,0,0,0,有,無,5500000,3256,,0.0,0,,RPPNMLTKIILFFAW96CA,0.0,0.0,0.0,,
金寧鄉,土地,榜林村段229地號,199.0,住,,,1050908,土地1建物0車位0,,,其他,,,,0.0,0,0,0,有,無,12500000,62814,,0.0,0,,RPQNMLNJIILFFAW98CA,0.0,0.0,0.0,,
金寧鄉,房地(土地+建物)+車位,金門縣金寧鄉頂堡３０２號,52.35,其他,,,1050831,土地1建物1車位1,一層,三層,公寓(5樓含以下無電梯),集合住宅,鋼筋混凝土造,1050621,126.56,3,2,2,有,無,5500000,43458,坡道平面,15.32,0,,RPVNMLKMRHLFFAW67CA,83.99,0.0,7.03,,
金寧鄉,房地(土地+建物),金門縣金寧鄉慈湖路三段６９之１號,102.68,其他,,,1050913,土地1建物1車位0,全,三層,透天厝,住家用,鋼筋混凝土造,1021105,199.97,5,2,5,有,無,12500000,62509,,0.0,0,,RPRNMLRLRHLFFAW87CA,185.13,0.0,14.84,,
金湖鎮,房地(土地+建物),金門縣金湖鎮料羅２００號,465.35,其他,,,1050902,土地1建物1車位0,一層，二層，三層,三層,農舍,農舍,鋼筋混凝土造,1050808,292.9,12,0,12,有,無,10650000,,,0.0,0,,RPUNMLNKIILFFAW86CA,250.62,0.0,42.28,,
金沙鎮,土地,浦邊測段393地號,92.01,農,,,1050913,土地1建物0車位0,,,其他,,,,0.0,0,0,0,有,無,130000,1413,,0.0,0,,RPVNMLOJIILFFAW96CA,0.0,0.0,0.0,,
金寧鄉,房地(土地+建物)+車位,金門縣金寧鄉安岐１２８號,125.76,其他,,,1050912,土地1建物1車位2,全,三層,透天厝,集合住宅,鋼筋混凝土造,1030829,333.58000000000004,5,2,4,有,無,13900000,41669,坡道平面,57.38,0,,RPWNMLMKIILFFAW96CA,213.2,0.0,21.91,,
金寧鄉,房地(土地+建物)+車位,金門縣金寧鄉頂堡３００號,95.91,其他,,,1050831,土地1建物1車位1,一層，地下一層,三層,公寓(5樓含以下無電梯),集合住宅,鋼筋混凝土造,1050621,218.01,7,2,2,有,無,9100000,41741,坡道平面,13.19,0,,RPWNMLKMRHLFFAW77CA,165.06,0.0,2.69,,
金沙鎮,土地,官嶼劃段817-1地號,1000.0,農,,,1050911,土地2建物0車位0,,,其他,,,,0.0,0,0,0,有,無,2600000,2600,,0.0,0,,RPXNMLKMRHLFFAW87CA,0.0,0.0,0.0,,
金寧鄉,土地,后垵段360地號,1975.1,農,,,1050912,土地2建物0車位0,,,其他,,,,0.0,0,0,0,有,無,1900000,962,,0.0,0,,RPTNMLKMRHLFFAW47CA,0.0,0.0,0.0,,
金寧鄉,土地,寧安二劃段281-3地號,499.85,農,,,1050912,土地1建物0車位0,,,其他,,,,0.0,0,0,0,有,無,3000000,6002,,0.0,0,,RPUNMLKMRHLFFAW57CA,0.0,0.0,0.0,,
金寧鄉,房地(土地+建物),金門縣金寧鄉頂堡３０２號二樓,52.72,其他,,,1050831,土地1建物1車位0,二層,三層,公寓(5樓含以下無電梯),集合住宅,鋼筋混凝土造,1050621,112.22,4,0,3,有,無,5500000,49011,,0.0,0,,RPQNMLOJIILFFAW09CA,78.79,0.0,13.03,,
金寧鄉,房地(土地+建物),金門縣金寧鄉頂堡３０２號三樓,52.72,其他,,,1050831,土地1建物1車位0,三層,三層,公寓(5樓含以下無電梯),集合住宅,鋼筋混凝土造,1050621,112.22,4,0,3,有,無,5500000,49011,,0.0,0,,SPQNMLOJIILFFAW56CA,78.79,0.0,13.03,,
金寧鄉,房地(土地+建物),金門縣金寧鄉安岐４８之１３號,47.28,其他,,,1050622,土地1建物1車位0,一層,三層,公寓(5樓含以下無電梯),集合住宅,鋼筋混凝土造,1050428,88.72999999999999,3,1,2,有,無,4620000,52068,,0.0,0,,RPSNMLOJIILFFAW66CA,83.46,0.0,0.0,,
金寧鄉,房地(土地+建物),金門縣金寧鄉下埔下１１號二樓,35.67,其他,,,1050907,土地1建物1車位0,二層,三層,公寓(5樓含以下無電梯),,,1050310,72.6,2,2,1,有,無,4380000,60331,,0.0,0,,RPUNMLOJIILFFAW86CA,55.37,0.0,6.19,,
金寧鄉,建物,金門縣金寧鄉東州１２７號,0.0,,,,1050913,土地0建物1車位0,一層,三層,公寓(5樓含以下無電梯),,,1050728,100.74,3,2,2,有,無,2370000,23526,,0.0,0,,RPQNMLSKIILFFAW96CA,90.57,0.0,0.0,,
金寧鄉,建物,金門縣金寧鄉東州１２７號二樓,0.0,,,,1050913,土地0建物1車位0,二層,三層,公寓(5樓含以下無電梯),,,1050728,109.98,3,2,2,有,無,2040000,18549,,0.0,0,,RPRNMLSKIILFFAW07CA,90.57,0.0,9.24,,
金寧鄉,建物,金門縣金寧鄉東州１２９號二樓,0.0,,,,1050913,土地0建物1車位0,二層,三層,公寓(5樓含以下無電梯),,,1050728,115.55,3,2,2,有,無,2210000,19126,,0.0,0,,RPSNMLSKIILFFAW17CA,94.58,0.0,10.42,,
金寧鄉,建物,金門縣金寧鄉桃園路２２８號,0.0,,,,1050913,土地0建物1車位0,全,三層,透天厝,,,1050728,174.12,3,2,2,有,無,4800000,27567,,0.0,0,,RPUNMLSKIILFFAW37CA,158.67,3.69,11.76,,
金寧鄉,建物,金門縣金寧鄉桃園路２３０號,0.0,,,,1050913,土地0建物1車位0,全,三層,透天厝,,,1050728,174.12,3,2,2,有,無,4800000,27567,,0.0,0,,RPVNMLSKIILFFAW47CA,158.67,3.69,11.76,,
金寧鄉,建物,金門縣金寧鄉東州１２６號三樓,0.0,,,,1050913,土地0建物1車位0,三層,三層,公寓(5樓含以下無電梯),,,1050728,114.24,3,2,2,有,無,2190000,19170,,0.0,0,,RPQNMLPLIILFFAW76CA,93.29,0.0,10.57,,
金城鎮,土地,舊金城段224地號,1000.81,農,,,1050919,土地2建物0車位0,,,其他,,,,0.0,0,0,0,有,無,800000,799,,0.0,0,,RPQNMLLKIILFFAW88CA,0.0,0.0,0.0,,
金城鎮,土地,官路邊段45地號,38.0,住,,,1050919,土地1建物0車位0,,,其他,,,,0.0,0,0,0,有,無,200000,5263,,0.0,0,,RPRNMLLKIILFFAW98CA,0.0,0.0,0.0,,
金寧鄉,房地(土地+建物),金門縣金寧鄉榜林５之７號三樓,28.67,住,,,1050920,土地1建物1車位0,三層,三層,公寓(5樓含以下無電梯),,,1000816,58.55,2,1,2,有,無,3500000,59788,,0.0,0,,RPQNMLPJIILFFAW56CA,46.26,0.0,7.99,,
金沙鎮,房地(土地+建物),金門縣金沙鎮陽翟３０９號,91.01,其他,,,1050701,土地1建物1車位0,全,三層,透天厝,住家用,鋼筋混凝土造,1040918,169.01,5,2,5,有,無,7200000,42601,,0.0,0,,RPTNMLPJIILFFAW86CA,169.01,0.0,0.0,,
金寧鄉,土地,寧湖二劃測段403-16地號,172.19,農,,,1050922,土地7建物0車位0,,,其他,,,,0.0,0,0,0,有,無,6900000,40072,,0.0,0,,RPUNMLPJIILFFAW96CA,0.0,0.0,0.0,,
金寧鄉,房地(土地+建物),金門縣金寧鄉下堡１６６號,83.12,其他,,,1050922,土地1建物1車位0,一層,三層,公寓(5樓含以下無電梯),集合住宅,鋼筋混凝土造,1050413,130.9,1,1,1,有,無,10000000,76394,,0.0,0,,RPVNMLPJIILFFAW07CA,99.46,0.0,22.55,,
金寧鄉,房地(土地+建物),金門縣金寧鄉下堡１６７號,153.8,其他,,,1050922,土地2建物1車位0,一層,三層,公寓(5樓含以下無電梯),集合住宅,鋼筋混凝土造,1050413,130.9,2,2,1,有,無,12000000,91673,,0.0,0,,RPWNMLPJIILFFAW17CA,99.46,0.0,22.55,,
金寧鄉,土地,寧湖六劃段91-1地號,500.0,農,,,1050926,土地1建物0車位0,,,其他,,,,0.0,0,0,0,有,無,2500000,5000,,0.0,0,,RPSNMLNJJILFFAW76DA,0.0,0.0,0.0,,
金湖鎮,房地(土地+建物),金門縣金湖鎮漁村86號,57.0,住,,,1051003,土地1建物2車位0,一層,三層,店面(店鋪),店舖,鋼筋混凝土造,1050614,93.48,0,2,3,有,無,6250000,66859,,0.0,0,,RPQNMLRJIILFFAW86DA,85.5,0.0,0.0,,
金湖鎮,房地(土地+建物),金門縣金湖鎮漁村85號,13.97,住,,,1051003,土地1建物1車位0,一層,三層,店面(店鋪),店舖,鋼筋混凝土造,1050614,91.81,0,2,3,有,無,6250000,68083,,0.0,0,,SPQNMLRJIILFFAW96DA,83.83,0.0,0.0,,
金寧鄉,土地,后沙劃測段160地號,1178.46,農,,,1050926,土地1建物0車位0,,,其他,,,,0.0,0,0,0,有,無,1500000,1273,,0.0,0,,RPQNMLOKIILFFAW66DA,0.0,0.0,0.0,,
金城鎮,土地,賢厝村段140-4地號,328.0,其他,,,1050827,土地2建物0車位0,,,其他,,,,0.0,0,0,0,有,無,12400000,37805,,0.0,0,,RPRNMLRJIILFFAW86CA,0.0,0.0,0.0,,
金寧鄉,土地,寧湖二劃測段403-16地號,169.91,農,,,1050922,土地7建物0車位0,,,其他,,,,0.0,0,0,0,有,無,6500000,38256,,0.0,0,,RPSNMLRJIILFFAW96CA,0.0,0.0,0.0,,
金沙鎮,房地(土地+建物),金門縣金沙鎮國中路1號,77.0,住,,,1050706,土地1建物1車位0,全,二層,透天厝,住商用,鋼筋混凝土造,0731220,135.55,3,2,2,有,無,6600000,48691,,0.0,0,,RPQNMLOLIILFFAW66CA,0.0,0.0,0.0,,
金沙鎮,土地,北八劃段371地號,2000.0,農,,,1050920,土地2建物0車位0,,,其他,,,,0.0,0,0,0,有,無,7000000,3500,,0.0,0,,RPRNMLQLIILFFAW96CA,0.0,0.0,0.0,,
金城鎮,建物,金門縣金城鎮金門城８９之２號,0.0,,,,1050930,土地0建物1車位0,一層,三層,公寓(5樓含以下無電梯),,,1050816,68.9,2,2,2,有,無,2100000,30479,,0.0,0,,RPPNMLKLIILFFAW78CA,62.28,0.0,0.0,,
金城鎮,建物,金門縣金城鎮金門城89之2號二樓,0.0,,,,1050930,土地0建物1車位0,二層,三層,公寓(5樓含以下無電梯),,,1050816,73.96000000000001,2,2,2,有,無,2050000,27718,,0.0,0,,RPQNMLKLIILFFAW88CA,63.04,0.0,4.3,,
金城鎮,建物,金門縣金城鎮金門城８９之２號三樓,0.0,,,,1050930,土地0建物1車位0,三層,三層,公寓(5樓含以下無電梯),,,1050816,73.96000000000001,2,2,2,有,無,2100000,28394,,0.0,0,,RPRNMLKLIILFFAW98CA,63.04,0.0,4.3,,
金寧鄉,房地(土地+建物),金門縣金寧鄉頂堡３０１號二樓,50.32,其他,,,1050831,土地1建物1車位0,二層,三層,公寓(5樓含以下無電梯),集合住宅,鋼筋混凝土造,1050621,107.11,3,2,2,有,無,5700000,53216,,0.0,0,,RPSNMLMKIILFFAW56CA,82.86,0.0,4.81,,
金沙鎮,土地,中蘭劃測段646地號,441.01,農,,,1050921,土地1建物0車位0,,,其他,,,,0.0,0,0,0,有,無,1250000,2834,,0.0,0,,RPTNMLMKIILFFAW66CA,0.0,0.0,0.0,,
金寧鄉,房地(土地+建物),金門縣金寧鄉頂堡３０１號三樓,50.32,其他,,,1050831,土地1建物1車位0,三層,三層,公寓(5樓含以下無電梯),集合住宅,鋼筋混凝土造,1050621,107.11,3,2,2,有,無,5900000,55084,,0.0,0,,RPQNMLMKIILFFAW98CA,82.86,0.0,4.81,,
金寧鄉,土地,寧劃段887地號,683.8,農,,,1050930,土地1建物0車位0,,,其他,,,,0.0,0,0,0,有,無,1300000,1901,,0.0,0,,RPVNMLPLIILFFAW27CA,0.0,0.0,0.0,,
金城鎮,房地(土地+建物),金門縣金城鎮金門城１０６之７號二樓,57.07,其他,,,1050912,土地0建物1車位0,二層,三層,公寓(5樓含以下無電梯),集合住宅,鋼筋混凝土造,1050602,99.39,3,2,2,有,無,4800000,48290,,0.0,0,,RPPNMLRJJILFFAW76CA,80.67,0.0,12.58,,
金寧鄉,土地,寧湖三劃段605地號,844.23,其他,,,1050929,土地1建物0車位0,,,其他,,,,0.0,0,0,0,有,無,7300000,8647,,0.0,0,,RPRNMLSJJILFFAW17DA,0.0,0.0,0.0,,
金寧鄉,土地,榜林村段299-1地號,139.67,住,,,1050920,土地2建物0車位0,,,其他,,,,0.0,0,0,0,有,無,13200000,94508,,0.0,0,含地上已變更起造人之公寓2戶,RPPNMLTJJILFFAW07DA,0.0,0.0,0.0,,
金城鎮,房地(土地+建物),金門縣金城鎮金門城106之8號三樓,57.07,住,,,1050729,土地1建物1車位0,三層,三層,公寓(5樓含以下無電梯),集合住宅,鋼筋混凝土造,1050602,99.39,3,2,2,有,無,5500000,55332,,0.0,0,,RPSNMLLKJILFFAW66DA,80.67,0.0,12.58,,
金城鎮,房地(土地+建物),金門縣金城鎮金門城106之7號三樓,57.07,住,,,1050729,土地1建物1車位0,三層,三層,公寓(5樓含以下無電梯),集合住宅,鋼筋混凝土造,1050602,99.39,3,2,2,有,無,5500000,55332,,0.0,0,,RPTNMLLKJILFFAW76DA,80.67,0.0,12.58,,
金城鎮,土地,小西門劃測段174地號,199.58,住,,,1051006,土地1建物0車位0,,,其他,,,,0.0,0,0,0,有,無,4500000,22547,,0.0,0,,RPUNMLPLIILFFAW17CA,0.0,0.0,0.0,,
金湖鎮,房地(土地+建物),金門縣金湖鎮新塘22號,128.24,住,,,1050929,土地1建物1車位0,全,三層,透天厝,集合住宅,鋼筋混凝土造,1050823,182.97,5,1,4,有,無,8700000,47549,,0.0,0,,RPWNMLKLIILFFAW96DA,168.09,0.0,14.88,,
金寧鄉,房地(土地+建物),金門縣金寧鄉下后垵５３號二樓,48.0,其他,,,1050913,土地1建物1車位0,二層,三層,公寓(5樓含以下無電梯),,,1030217,90.66,3,1,2,有,無,6900000,76109,,0.0,0,,RPRNMLOKJILFFAW76CA,73.76,0.0,7.23,,
金寧鄉,房地(土地+建物),金門縣金寧鄉頂堡２９５號三樓,72.62,住,,,1051011,土地1建物1車位0,三層,三層,公寓(5樓含以下無電梯),集合住宅,鋼筋混凝土造,1041202,123.42999999999999,3,2,2,有,無,7050000,57117,,0.0,0,,RPXNMLPLIILFFAW47CA,110.06,0.0,7.24,,
金湖鎮,房地(土地+建物),金門縣金湖鎮武德新莊１３６號,79.3,住,,,1050824,土地1建物1車位0,全,四層,透天厝,住家用,鋼筋混凝土造,0920423,201.0,5,3,3,有,無,2220000,11045,,0.0,0,親友、員工或其他特殊關係間之交易。,RPSNMLTKIILFFAW27CA,170.7,6.18,24.12,,
金沙鎮,土地,官嶼劃段347-2地號,1000.0,農,,,1050906,土地3建物0車位0,,,其他,,,,0.0,0,0,0,有,無,2600000,2600,,0.0,0,,RPUNMLTKIILFFAW47CA,0.0,0.0,0.0,,
金湖鎮,房地(土地+建物),金門縣金湖鎮市港三路１３７之１號,12.42,住,,,1051003,土地1建物1車位0,一層,七層,華廈(10層含以下有電梯),集合住宅,鋼筋混凝土造,1050617,61.68,2,1,1,有,無,4880000,79118,,0.0,0,,RPQOMLKLIILFFAW98CA,43.35,0.0,0.0,,
金湖鎮,房地(土地+建物),金門縣金湖鎮市港三路２３５號六樓,20.99,住,,,1051003,土地1建物1車位0,六層,八層,華廈(10層含以下有電梯),集合住宅,鋼筋混凝土造,1050421,106.1,3,2,2,有,無,7230000,68143,,0.0,0,,RPTOMLKLIILFFAW66CA,71.11,2.96,8.06,,
金湖鎮,土地,瓊林段933地號,187.0,其他,,,1051015,土地1建物0車位0,,,其他,,,,0.0,0,0,0,有,無,2084000,11144,,0.0,0,,RPQNMLTKIILFFAW17DA,0.0,0.0,0.0,,
金寧鄉,土地,寧湖一劃段396-6地號,98.97,住,,,1051007,土地1建物0車位0,,,其他,,,,0.0,0,0,0,有,無,1947000,19673,,0.0,0,權利人有3人,RPRNMLRLIILFFAW17DA,0.0,0.0,0.0,,
金寧鄉,土地,寧湖二劃測段464地號,466.5,農,,,1051003,土地1建物0車位0,,,其他,,,,0.0,0,0,0,有,無,1500000,3215,,0.0,0,,RPQNMLOKJILFFAW76DA,0.0,0.0,0.0,,
金沙鎮,土地,洋山段871地號,231.0,住,,,1051013,土地1建物0車位0,,,其他,,,,0.0,0,0,0,有,無,830000,3593,,0.0,0,宗親,RPRNMLOJJILFFAW66CA,0.0,0.0,0.0,,
金沙鎮,土地,沙港劃段1064地號,1000.15,農,,,1051013,土地1建物0車位0,,,其他,,,,0.0,0,0,0,有,無,950000,950,,0.0,0,宗親,RPSNMLOJJILFFAW76CA,0.0,0.0,0.0,,
金城鎮,土地,山前段543-1地號,387.44,其他,,,1051017,土地1建物0車位0,,,其他,,,,0.0,0,0,0,有,無,2235838,5771,,0.0,0,,RPROMLKLIILFFAW09CA,0.0,0.0,0.0,,
金寧鄉,房地(土地+建物),金門縣金寧鄉環島西路二段７０號,43.93,住,,,1051006,土地3建物1車位0,一層,三層,公寓(5樓含以下無電梯),見使用執照,鋼筋混凝土造,0831109,84.0,3,2,2,有,無,5550000,66071,,0.0,0,,RPPNMLLMIILFFAW98CA,76.51,7.49,0.0,,
金城鎮,土地,古崗村段130地號,122.0,其他,,,1051003,土地1建物0車位0,,,其他,,,,0.0,0,0,0,有,無,2200000,18033,,0.0,0,,RPQNMLLJJILFFAW88CA,0.0,0.0,0.0,,
金城鎮,房地(土地+建物),金門縣金城鎮珠浦西路６巷３弄６號四樓,21.66,住,,,1050903,土地1建物1車位0,四層,十層,華廈(10層含以下有電梯),一般事務所,鋼筋混凝土造,1040109,154.7,3,1,2,有,無,9700000,62702,,0.0,0,,RPRNMLPLIILFFAW86CA,91.73,6.4,11.59,,
烈嶼鄉,房地(土地+建物),金門縣烈嶼鄉南塘１１之２號,1387.44,農,,,1050924,土地3建物1車位0,一層，二層，屋頂突出物,二層,農舍,農舍,鋼筋混凝土造,0980729,244.42,5,2,2,有,無,6900000,,,0.0,0,,RPSNMLPLIILFFAW96CA,229.6,1.77,13.05,,
金城鎮,土地,天后宮段618地號,46.29,住,,,1050922,土地1建物0車位0,,,其他,,,,0.0,0,0,0,有,無,1600000,34565,,0.0,0,,RPSNMLQLIILFFAW07CA,0.0,0.0,0.0,,
金湖鎮,土地,市港段108地號,504.71,住,,,1051011,土地1建物0車位0,,,其他,,,,0.0,0,0,0,有,無,50000000,99067,,0.0,0,,RPTNMLQLIILFFAW17CA,0.0,0.0,0.0,,
金湖鎮,房地(土地+建物),金門縣金湖鎮市港三路２２７號３樓之６,11.01,住,,,1050513,土地1建物1車位0,三層,八層,華廈(10層含以下有電梯),集合住宅,鋼筋混凝土造,1041125,61.589999999999996,1,2,1,有,有,3880000,62997,,0.0,0,,RPTNMLNJJILFFAW76CA,33.29,2.54,3.61,,
金湖鎮,房地(土地+建物),金門縣金湖鎮市港三路２２７號５樓之６,11.01,住,,,1050815,土地1建物1車位0,五層,八層,華廈(10層含以下有電梯),集合住宅,鋼筋混凝土造,1041125,61.589999999999996,1,2,1,有,有,3960000,64296,,0.0,0,,RPUNMLNJJILFFAW86CA,33.29,2.54,3.61,,
金湖鎮,房地(土地+建物),金門縣金湖鎮市港三路２２５號３樓之７,19.9,住,,,1050815,土地1建物1車位0,三層,八層,華廈(10層含以下有電梯),集合住宅,鋼筋混凝土造,1041125,110.19,2,2,2,有,有,6980000,63345,,0.0,0,,RPVNMLNJJILFFAW96CA,60.27,1.26,7.82,,
金湖鎮,房地(土地+建物),金門縣金湖鎮市港三路２２７號６樓之９,11.27,住,,,1050816,土地1建物1車位0,六層,八層,華廈(10層含以下有電梯),集合住宅,鋼筋混凝土造,1041125,61.269999999999996,1,2,1,有,有,4350000,70997,,0.0,0,,RPWNMLNJJILFFAW07CA,33.64,0.0,4.65,,
金湖鎮,房地(土地+建物)+車位,金門縣金湖鎮市港三路２２５號７樓之１,12.52,住,,,1050811,土地1建物1車位1,七層,八層,華廈(10層含以下有電梯),集合住宅,鋼筋混凝土造,1041125,98.49000000000001,1,2,1,有,有,5390000,72477,坡道平面,32.4,600000,車位土地持分20/100000，面積0.35平方公尺。車位公設持分626/100000，面積32.4平方公尺。,RPXNMLNJJILFFAW17CA,36.64,0.0,4.65,,
金湖鎮,房地(土地+建物),金門縣金湖鎮市港三路２２５號７樓之５,11.11,住,,,1050815,土地1建物1車位0,七層,八層,華廈(10層含以下有電梯),集合住宅,鋼筋混凝土造,1041125,62.15,1,2,1,有,有,4230000,68061,,0.0,0,,RPOOMLNJJILFFAW98CA,33.29,2.54,3.96,,
金湖鎮,房地(土地+建物),金門縣金湖鎮市港三路２２５號５樓之７,19.9,住,,,1050823,土地1建物1車位0,五層,八層,華廈(10層含以下有電梯),集合住宅,鋼筋混凝土造,1041125,110.19,2,2,2,有,有,7486000,67937,,0.0,0,,RPQOMLNJJILFFAW56CA,60.27,1.26,7.82,,
金湖鎮,土地,湖前段740地號,409.2,其他,,,1051014,土地1建物0車位0,,,其他,,,,0.0,0,0,0,有,無,12000000,29326,,0.0,0,,RPRNMLSKJILFFAW17CA,0.0,0.0,0.0,,
金沙鎮,土地,沙東劃段230地號,86.12,農,,,1051017,土地1建物0車位0,,,其他,,,,0.0,0,0,0,有,無,1615000,18753,,0.0,0,,RPPNMLLLJILFFAW98CA,0.0,0.0,0.0,,
金城鎮,房地(土地+建物),金門縣金城鎮民權路１２２巷５弄８之１號,152.71,住,,,1050929,土地1建物10車位0,五層，見其他登記事項,五層,華廈(10層含以下有電梯),一般事務所,鋼筋混凝土造,1021030,422.78,15,10,15,有,無,35000000,82785,,0.0,0,,RPPNMLMJKILFFAW98CA,263.18,8.29,18.96,,
金湖鎮,房地(土地+建物),金門縣金湖鎮新塘26號,128.24,住,,,1050929,土地1建物1車位0,全,三層,透天厝,集合住宅,鋼筋混凝土造,1050823,182.83,5,1,4,有,無,8400000,45944,,0.0,0,,RPQNMLNJJILFFAW56DA,168.04,0.0,14.79,,
金寧鄉,土地,長寮段80地號,280.28,其他,,,1051012,土地1建物0車位0,,,其他,,,,0.0,0,0,0,有,無,2806976,10015,,0.0,0,,RPQNMLRLIILFFAW96CA,0.0,0.0,0.0,,
金寧鄉,房地(土地+建物),金門縣金寧鄉頂堡２９８號,69.37,住,,,1051018,土地1建物1車位0,一層,三層,公寓(5樓含以下無電梯),集合住宅,鋼筋混凝土造,1041202,110.99000000000001,3,2,2,有,無,7500000,67574,,0.0,0,,RPSNMLRLIILFFAW17CA,105.15,0.0,0.0,,
金沙鎮,土地,鵲山段179地號,1808.37,其他,,,1051007,土地1建物0車位0,,,其他,,,,0.0,0,0,0,有,無,2000000,1106,,0.0,0,,RPRNMLLMIILFFAW56CA,0.0,0.0,0.0,,
金湖鎮,房地(土地+建物),金門縣金湖鎮湖前94號,62.87,住,,,1051010,土地1建物1車位0,一層，二層，三層，屋頂突出物，地下層,三層,店面(店鋪),自用儲藏室，停車空間，日常用品零售服務業，住宅,鋼筋混凝土造,0861210,173.48,4,1,3,有,無,11200000,64561,,0.0,0,,RPPNMLOKJILFFAW56CA,159.2,4.76,9.52,,
金城鎮,建物,金門縣金城鎮金門城８９之６號,0.0,,,,1051021,土地0建物1車位0,一層,三層,公寓(5樓含以下無電梯),,,1050509,57.94,2,2,2,有,無,2260000,39006,,0.0,0,,RPQNMLTJJILFFAW07CA,50.13,0.0,2.51,,
金寧鄉,土地,赤岑段1139地號,2118.92,農,,,1051012,土地5建物0車位0,,,其他,,,,0.0,0,0,0,有,無,2233700,1054,,0.0,0,,RPQNMLMJJILFFAW98CA,0.0,0.0,0.0,,
金寧鄉,土地,赤岑段1173地號,800.51,農,,,1051012,土地3建物0車位0,,,其他,,,,0.0,0,0,0,有,無,843800,1054,,0.0,0,,RPRNMLMJJILFFAW09CA,0.0,0.0,0.0,,
金寧鄉,土地,赤岑段1364地號,643.61,農,,,1051012,土地2建物0車位0,,,其他,,,,0.0,0,0,0,有,無,678500,1054,,0.0,0,,RPSNMLMJJILFFAW56CA,0.0,0.0,0.0,,
金寧鄉,土地,赤岑段1333地號,845.57,農,,,1051012,土地2建物0車位0,,,其他,,,,0.0,0,0,0,有,無,892000,1055,,0.0,0,,RPTNMLMJJILFFAW66CA,0.0,0.0,0.0,,
金寧鄉,土地,赤岑段1318地號,537.91,農,,,1051012,土地1建物0車位0,,,其他,,,,0.0,0,0,0,有,無,567000,1054,,0.0,0,,RPUNMLMJJILFFAW76CA,0.0,0.0,0.0,,
金沙鎮,土地,中蘭劃測段435地號,412.52,農,,,1051021,土地1建物0車位0,,,其他,,,,0.0,0,0,0,有,無,1123000,2722,,0.0,0,,RPPNMLTLJILFFAW27DA,0.0,0.0,0.0,,
