﻿編號,土地位置,土地移轉面積(平方公尺),使用分區或編定,權利人持分分母,權利人持分分子,移轉情形,地號
The serial number, land position,land shifting area square meter,the use zoning or compiles and checks,,,,land parcel
RPWNMLSJQHLFFAX28CA,沙港東段,276.95,非都市：一般農業區 ; 非都市編定：農牧用地,1,1,全筆移轉,03820000
RPWNMLSJQHLFFAX28CA,沙港東段,54.82,非都市：一般農業區 ; 非都市編定：交通用地,1,1,全筆移轉,03830000
RPQNMLQLQHLFFAX67CA,文東段,550.16,非都市：一般農業區 ; 非都市編定：農牧用地,1,1,全筆移轉,09770000
RPQNMLQLQHLFFAX67CA,文東段,120.14,非都市：一般農業區 ; 非都市編定：農牧用地,1,1,全筆移轉,09800000
RPWNMLMJQHLFFAX67CA,六合段,60.96,非都市：一般農業區 ; 非都市編定：農牧用地,132,6,持分移轉,04320000
RPPNMLOJQHLFFAX17CA,講美段,142.22,非都市：鄉村區 ; 非都市編定：乙種建築用地,4,1,持分移轉,08680000
RPPNMLOJQHLFFAX17CA,講美段,162.94,非都市：鄉村區 ; 非都市編定：乙種建築用地,4,1,持分移轉,08690000
RPPNMLOJQHLFFAX17CA,城前新段,123.84,非都市：一般農業區 ; 非都市編定：農牧用地,4,1,持分移轉,00420000
RPPNMLOJQHLFFAX17CA,城前新段,11.92,非都市：一般農業區 ; 非都市編定：交通用地,4,1,持分移轉,00450000
RPQNMLSJQHLFFAX67CA,機場段,111.81,非都市：鄉村區 ; 非都市編定：乙種建築用地,1,1,全筆移轉,08670000
RPPNMLSLQHLFFAX87DA,五福段,239.18,非都市：一般農業區 ; 非都市編定：農牧用地,2,1,持分移轉,05230000
RPRNMLPJQHLFFAX57DA,光榮段,3.78,非都市： ; 非都市編定：,1,1,全筆移轉,06770000
RPWNMLNJQHLFFAX87DA,七美二段,436.42,非都市：一般農業區 ; 非都市編定：農牧用地,1,1,全筆移轉,03010000
RPWNMLNJQHLFFAX87DA,大嶼段,426.00,非都市：一般農業區 ; 非都市編定：農牧用地,1,1,全筆移轉,44390001
RPWNMLNJQHLFFAX87DA,大嶼段,176.00,非都市：一般農業區 ; 非都市編定：農牧用地,1,1,全筆移轉,44390003
RPPNMLLMQHLFFAX27DA,成功南段,327.78,非都市：一般農業區 ; 非都市編定：農牧用地,1,1,全筆移轉,12670000
RPPNMLPJQHLFFAX37DA,埕西段,38.94,非都市： ; 非都市編定：,1,1,全筆移轉,04270000
RPPNMLPJQHLFFAX37DA,埕西段,29.94,非都市： ; 非都市編定：,1,1,全筆移轉,04270002
RPPNMLMKQHLFFAX07CA,國宅段,1096.22,非都市：一般農業區 ; 非都市編定：農牧用地,1,1,全筆移轉,02560000
RPSNMLPJQHLFFAX67DA,馬公段,104.00,非都市： ; 非都市編定：,1,1,全筆移轉,07180000
RPQNMLMKQHLFFAX17CA,北澳段,1426.00,非都市：一般農業區 ; 非都市編定：農牧用地,1,1,全筆移轉,00180000
RPTNMLMKQHLFFAX47CA,四維段,548.27,非都市：一般農業區 ; 非都市編定：農牧用地,1,1,全筆移轉,11040000
RPTNMLTLQHLFFAX38DA,中衛段,2051.10,非都市：一般農業區 ; 非都市編定：農牧用地,1,1,全筆移轉,14390000
RPRNMLQLQHLFFAX87DA,竹篙灣段,865.50,非都市：一般農業區 ; 非都市編定：農牧用地,2,1,持分移轉,34520000
RPRNMLQLQHLFFAX87DA,竹篙灣段,4335.50,非都市：一般農業區 ; 非都市編定：農牧用地,2,1,持分移轉,34940000
RPRNMLQLQHLFFAX87DA,竹篙灣段,2916.50,非都市：一般農業區 ; 非都市編定：農牧用地,2,1,持分移轉,36890000
RPQNMLKKQHLFFAX96CA,成功南段,6.44,非都市： ; 非都市編定：,1,1,全筆移轉,10560012
RPSNMLNLQHLFFAX57CA,鎖港南段,71.34,非都市：一般農業區 ; 非都市編定：農牧用地,12,1,持分移轉,03630000
RPSNMLNLQHLFFAX57CA,鎖港南段,60.76,非都市：一般農業區 ; 非都市編定：農牧用地,12,1,持分移轉,03640000
RPSNMLNLQHLFFAX57CA,鎖港南段,8.59,非都市：一般農業區 ; 非都市編定：農牧用地,12,1,持分移轉,03650000
RPPNMLKKQHLFFAX86CA,文東段,15.62,非都市：鄉村區 ; 非都市編定：乙種建築用地,1,1,全筆移轉,07770000
RPXNMLKKQHLFFAX67CA,隘門新段,690.13,非都市：一般農業區 ; 非都市編定：農牧用地,1,1,全筆移轉,10110000
RPUNMLMKQHLFFAX67DA,中屯新,987.38,非都市：一般農業區 ; 非都市編定：農牧用地,1,1,全筆移轉,04240000
RPRNMLLKQHLFFAX17CA,文寮段,830.16,非都市：一般農業區 ; 非都市編定：農牧用地,3,2,持分移轉,04980000
RPPNMLNKQHLFFAX17CA,小池角段,18.28,非都市：一般農業區 ; 非都市編定：農牧用地,18,1,持分移轉,07430000
RPPNMLNKQHLFFAX17CA,小池角段,41.50,非都市：一般農業區 ; 非都市編定：農牧用地,18,1,持分移轉,07520000
RPPNMLNKQHLFFAX17CA,小池角段,17.00,非都市：一般農業區 ; 非都市編定：農牧用地,18,1,持分移轉,08780000
RPPNMLNKQHLFFAX17CA,小池角段,10.28,非都市：一般農業區 ; 非都市編定：農牧用地,18,1,持分移轉,35140000
RPPNMLNKQHLFFAX17CA,小池角段,24.78,非都市：一般農業區 ; 非都市編定：農牧用地,18,1,持分移轉,35580000
RPPNMLNKQHLFFAX17CA,小池角段,11.56,非都市：鄉村區 ; 非都市編定：乙種建築用地,18,1,持分移轉,38900000
RPPNMLNKQHLFFAX17CA,小池角段,1.67,非都市：一般農業區 ; 非都市編定：交通用地,18,1,持分移轉,38900002
RPPNMLNKQHLFFAX17CA,緝馬灣段,27.22,非都市：風景區 ; 非都市編定：農牧用地,18,1,持分移轉,00210000
RPPNMLNKQHLFFAX17CA,緝馬灣段,4.06,非都市：一般農業區 ; 非都市編定：農牧用地,18,1,持分移轉,00310000
RPSNMLTLQHLFFAX18CA,大嶼段,160.00,非都市：鄉村區 ; 非都市編定：乙種建築用地,6,1,持分移轉,39910000
RPRNMLMKQHLFFAX37DA,文石段,450.62,非都市：鄉村區 ; 非都市編定：乙種建築用地,1,1,全筆移轉,03860000
RPRNMLMKQHLFFAX37DA,文石段,359.68,非都市：鄉村區 ; 非都市編定：乙種建築用地,1,1,全筆移轉,03870000
RPPNMLPLQHLFFAX57DA,文光段,28.04,非都市： ; 非都市編定：,100000,643,持分移轉,00570000
RPPNMLRKQHLFFAX67DA,赤崁西段,800.92,非都市：一般農業區 ; 非都市編定：農牧用地,2,1,持分移轉,11830000
RPPNMLMLQHLFFAX27DA,水垵段,70.00,非都市：鄉村區 ; 非都市編定：乙種建築用地,9,2,持分移轉,11940000
RPVNMLMKQHLFFAX87EA,烏崁新段,12.46,非都市：鄉村區 ; 非都市編定：乙種建築用地,1,1,全筆移轉,15300008
RPQNMLMLQHLFFAX37DA,水垵段,70.00,非都市：鄉村區 ; 非都市編定：乙種建築用地,9,2,持分移轉,11940000
RPRNMLMLQHLFFAX47DA,水垵段,70.00,非都市：鄉村區 ; 非都市編定：乙種建築用地,9,2,持分移轉,11940000
RPTNMLPLQHLFFAX87CA,馬公段,59.00,非都市： ; 非都市編定：,1,1,全筆移轉,20370002
RPWNMLMKQHLFFAX87DA,白坑段,699.17,非都市：一般農業區 ; 非都市編定：農牧用地,1,1,全筆移轉,04220000
RPOOMLMKQHLFFAX07CA,吉貝西段,87.79,非都市：一般農業區 ; 非都市編定：甲種建築用地,1,1,全筆移轉,09190000
RPOOMLMKQHLFFAX07CA,吉貝西段,59.46,非都市：一般農業區 ; 非都市編定：交通用地,10,1,持分移轉,09260000
RPPNMLQKQHLFFAX47CA,青螺新段,307.96,非都市：鄉村區 ; 非都市編定：乙種建築用地,1,1,全筆移轉,11020000
RPQNMLTKQHLFFAX87CA,光榮段,10.39,非都市： ; 非都市編定：,3,1,持分移轉,08420000
RPQNMLTKQHLFFAX87CA,光榮段,37.24,非都市： ; 非都市編定：,1,1,全筆移轉,08430000
RPQNMLTKQHLFFAX87CA,光榮段,13.80,非都市： ; 非都市編定：,3,1,持分移轉,08440000
RPPNMLPKQHLFFAX47DA,北寮新段,16.36,非都市：鄉村區 ; 非都市編定：乙種建築用地,5,1,持分移轉,01980000
RPPOMLQJRHLFFAX67DA,埕東段,13.88,非都市： ; 非都市編定：,12,1,持分移轉,03270000
RPXNMLMKQHLFFAX08EA,興仁段,103.31,非都市：一般農業區 ; 非都市編定：農牧用地,1,1,全筆移轉,07030000
RPTNMLQKRHLFFAX18EA,埕東段,13.88,非都市： ; 非都市編定：,12,1,持分移轉,03270000
RPRNMLQKRHLFFAX97EA,埕東段,13.88,非都市： ; 非都市編定：,12,1,持分移轉,03270000
RPUNMLQKRHLFFAX28EA,埕東段,13.88,非都市： ; 非都市編定：,12,1,持分移轉,03270000
RPSNMLQKRHLFFAX08EA,埕東段,27.76,非都市： ; 非都市編定：,6,1,持分移轉,03270000
RPPNMLQKRHLFFAX77EA,埕東段,13.88,非都市： ; 非都市編定：,12,1,持分移轉,03270000
RPTNMLSKQHLFFAX08CA,埕東段,100.61,非都市： ; 非都市編定：,1,1,全筆移轉,01900000
RPSNMLSKQHLFFAX97CA,北澳段,90.49,非都市：鄉村區 ; 非都市編定：乙種建築用地,1,1,全筆移轉,02800000
RPTNMLQKQHLFFAX97DA,井垵西段,570.68,非都市：一般農業區 ; 非都市編定：農牧用地,1,1,全筆移轉,09900000
RPTNMLQKQHLFFAX97DA,井垵西段,747.34,非都市：一般農業區 ; 非都市編定：農牧用地,1,1,全筆移轉,10630000
RPVNMLNLQHLFFAX87CA,案山段,904.93,非都市： ; 非都市編定：,1,1,全筆移轉,08210000
RPVNMLNLQHLFFAX87CA,案山段,274.95,非都市： ; 非都市編定：,1,1,全筆移轉,08320001
RPVNMLNLQHLFFAX87CA,案山段,.45,非都市： ; 非都市編定：,1,1,全筆移轉,08320002
RPQNMLSKQHLFFAX87DA,烏崁新段,142.93,非都市：鄉村區 ; 非都市編定：乙種建築用地,1,1,全筆移轉,12400001
RPPNMLSKQHLFFAX77DA,光榮段,170.74,非都市： ; 非都市編定：,1,1,全筆移轉,05450001
RPQNMLRKQHLFFAX77DA,沙港南段,522.21,非都市：一般農業區 ; 非都市編定：農牧用地,1,1,全筆移轉,02180000
RPQNMLRKQHLFFAX77DA,沙港南段,60.29,非都市：一般農業區 ; 非都市編定：交通用地,1,1,全筆移轉,02190000
RPQNMLRKQHLFFAX77DA,沙港南段,35.24,非都市：一般農業區 ; 非都市編定：交通用地,1,1,全筆移轉,02200000
RPQNMLMKRHLFFAX37DA,赤崁中段,161.65,非都市：一般農業區 ; 非都市編定：農牧用地,10000,4939,持分移轉,07980000
RPQNMLMKRHLFFAX37DA,赤崁中段,87.39,非都市：一般農業區 ; 非都市編定：交通用地,5,1,持分移轉,07980004
RPSNMLTKQHLFFAX18DA,隘門新段,335.77,非都市：一般農業區 ; 非都市編定：農牧用地,10000,1498,持分移轉,08310000
RPVNMLQKRHLFFAX38EA,埕東段,27.76,非都市： ; 非都市編定：,6,1,持分移轉,03270000
RPWNMLQKRHLFFAX48EA,埕東段,13.88,非都市： ; 非都市編定：,12,1,持分移轉,03270000
RPRNMLSLQHLFFAX97CA,東衛段,305.79,非都市：一般農業區 ; 非都市編定：農牧用地,1,1,全筆移轉,14970000
RPQNMLSLQHLFFAX97DA,中屯新,1673.67,非都市：一般農業區 ; 非都市編定：農牧用地,1,1,全筆移轉,18210000
RPQNMLSLQHLFFAX97DA,中屯新,306.63,非都市：一般農業區 ; 非都市編定：農牧用地,1,1,全筆移轉,18260000
RPQNMLSLQHLFFAX97DA,中屯新,189.53,非都市：一般農業區 ; 非都市編定：農牧用地,1,1,全筆移轉,18270000
RPPNMLTKQHLFFAX97EA,山水東段,310.33,非都市：一般農業區 ; 非都市編定：農牧用地,1,1,全筆移轉,04280000
RPRNMLNLQHLFFAX47CA,東澳段,487.00,非都市： ; 非都市編定：,1,1,全筆移轉,07280000
RPVOMLTJRHLFFAX48CA,四維段,1811.06,非都市：一般農業區 ; 非都市編定：農牧用地,1,1,全筆移轉,05840000
RPQOMLQJRHLFFAX67CA,文東段,154.20,非都市：一般農業區 ; 非都市編定：甲種建築用地,1,1,全筆移轉,05620002
RPQOMLQJRHLFFAX67CA,文東段,21.79,非都市：一般農業區 ; 非都市編定：交通用地,3,1,持分移轉,05620004
RPVNMLTJRHLFFAX38CA,五福段,158.32,非都市：一般農業區 ; 非都市編定：甲種建築用地,1,1,全筆移轉,07790001
RPVNMLTJRHLFFAX38CA,五福段,67.84,非都市：一般農業區 ; 非都市編定：交通用地,2,1,持分移轉,07790002
RPPNMLMJRHLFFAX07CA,山水南段,342.73,非都市：一般農業區 ; 非都市編定：農牧用地,3,1,持分移轉,02220000
RPPNMLPJRHLFFAX37CA,大池角段,279.00,非都市：一般農業區 ; 非都市編定：甲種建築用地,1,1,全筆移轉,07970000
RPRNMLPLQHLFFAX67CA,鎖港南段,188.09,非都市： ; 非都市編定：,1,1,全筆移轉,07900000
RPRNMLPLQHLFFAX67CA,鎖港南段,126.67,非都市： ; 非都市編定：,1,1,全筆移轉,07910000
RPSNMLSLQHLFFAX08CA,城北段,1067.01,非都市：一般農業區 ; 非都市編定：農牧用地,1,1,全筆移轉,11440000
RPSNMLPLQHLFFAX77CA,東澳段,27.40,非都市： ; 非都市編定：,6,1,持分移轉,01800057
RPSNMLPLQHLFFAX77CA,東澳段,125.74,非都市： ; 非都市編定：,1,1,全筆移轉,01800058
RPPNMLTLQHLFFAX87CA,六合段,1440.26,非都市：一般農業區 ; 非都市編定：農牧用地,1,1,全筆移轉,04620000
RPRNMLLMQHLFFAX47DA,二崁南段,970.20,非都市： ; 非都市編定：,1,1,全筆移轉,05000000
RPUOMLTJRHLFFAX38CA,雙湖段,974.07,非都市：一般農業區 ; 非都市編定：農牧用地,3818,974,持分移轉,11100000
RPVNMLQJRHLFFAX08CA,,1315.06,非都市： ; 非都市編定：,1,1,全筆移轉,07950000
RPWNMLQJRHLFFAX18CA,光榮段,919.42,非都市： ; 非都市編定：,1,1,全筆移轉,03710000
RPWNMLQJRHLFFAX18CA,光榮段,3.39,非都市： ; 非都市編定：,1,1,全筆移轉,03720000
RPUNMLTLQHLFFAX38CA,南寮北段,146.60,非都市：一般農業區 ; 非都市編定：農牧用地,1,1,全筆移轉,21050000
RPPNMLQLQHLFFAX57CA,北澳段,14.84,非都市：鄉村區 ; 非都市編定：乙種建築用地,1,1,全筆移轉,01160000
RPQNMLKMQHLFFAX17CA,西澳段,403.90,非都市： ; 非都市編定：,1,1,全筆移轉,10920000
RPQNMLLMQHLFFAX37DA,鎖港西段,55.61,非都市：一般農業區 ; 非都市編定：農牧用地,15,1,持分移轉,09960000
RPPNMLSJRHLFFAX67CA,內垵三段,335.87,非都市：鄉村區 ; 非都市編定：乙種建築用地,1,1,全筆移轉,06900000
RPPNMLKMQHLFFAX07CA,文寮段,7.05,非都市： ; 非都市編定：,1,1,全筆移轉,00110000
RPPNMLKMQHLFFAX07CA,文寮段,584.90,非都市： ; 非都市編定：,1,1,全筆移轉,00120000
RPPNMLKMQHLFFAX07CA,文寮段,278.64,非都市： ; 非都市編定：,1,1,全筆移轉,00130000
RPPOMLTJRHLFFAX97DA,成功北段,7.73,非都市：風景區 ; 非都市編定：林業用地,9,1,持分移轉,00360001
RPPOMLTJRHLFFAX97DA,成功北段,5.34,非都市：鄉村區 ; 非都市編定：乙種建築用地,9,1,持分移轉,00570001
RPQOMLTJRHLFFAX08DA,東石新段,16.72,非都市：一般農業區 ; 非都市編定：交通用地,2,1,持分移轉,00910000
RPQOMLTJRHLFFAX08DA,鼎灣新段,29.74,非都市：一般農業區 ; 非都市編定：交通用地,2,1,持分移轉,01170000
RPQOMLTJRHLFFAX08DA,鼎灣新段,34.29,非都市：一般農業區 ; 非都市編定：農牧用地,2,1,持分移轉,01190001
RPQOMLTJRHLFFAX08DA,鼎灣新段,10.69,非都市：一般農業區 ; 非都市編定：交通用地,2,1,持分移轉,10920000
RPSQMLTJRHLFFAX48DA,成功北段,3.89,非都市：鄉村區 ; 非都市編定：乙種建築用地,10,1,持分移轉,02430001
RPSQMLTJRHLFFAX48DA,成功北段,.09,非都市：鄉村區 ; 非都市編定：乙種建築用地,10,1,持分移轉,02450001
RPSQMLTJRHLFFAX48DA,成功北段,5.04,非都市：鄉村區 ; 非都市編定：乙種建築用地,10,1,持分移轉,02560001
RPSQMLTJRHLFFAX48DA,成功北段,3.26,非都市：鄉村區 ; 非都市編定：交通用地,10,1,持分移轉,02410000
RPSQMLTJRHLFFAX48DA,成功北段,2.52,非都市：鄉村區 ; 非都市編定：交通用地,10,1,持分移轉,02580000
RPTQMLTJRHLFFAX58DA,東石新段,100.21,非都市：一般農業區 ; 非都市編定：交通用地,1,1,全筆移轉,01260001
RPTQMLTJRHLFFAX58DA,東石新段,13.49,非都市：一般農業區 ; 非都市編定：農牧用地,1,1,全筆移轉,04800001
RPTQMLTJRHLFFAX58DA,東石新段,101.39,非都市：一般農業區 ; 非都市編定：交通用地,1,1,全筆移轉,04810000
RPWQMLTJRHLFFAX88DA,東石新段,22.64,非都市：一般農業區 ; 非都市編定：交通用地,8,1,持分移轉,01390000
RPWQMLTJRHLFFAX88DA,東石新段,2.41,非都市：一般農業區 ; 非都市編定：交通用地,8,1,持分移轉,05070000
RPWQMLTJRHLFFAX88DA,東石新段,3.60,非都市：一般農業區 ; 非都市編定：交通用地,8,1,持分移轉,05160000
RPWQMLTJRHLFFAX88DA,東石新段,1.69,非都市：一般農業區 ; 非都市編定：農牧用地,8,1,持分移轉,01370001
RPWQMLTJRHLFFAX88DA,東石新段,4.49,非都市：一般農業區 ; 非都市編定：交通用地,8,1,持分移轉,05090001
RPWQMLTJRHLFFAX88DA,東石新段,6.98,非都市：一般農業區 ; 非都市編定：交通用地,8,1,持分移轉,05200001
RPVQMLTJRHLFFAX78DA,成功北段,4.21,非都市：鄉村區 ; 非都市編定：乙種建築用地,4,1,持分移轉,02770001
RPVQMLTJRHLFFAX78DA,成功北段,5.80,非都市：鄉村區 ; 非都市編定：交通用地,4,1,持分移轉,02730000
RPUQMLTJRHLFFAX68DA,東石新段,.03,非都市：一般農業區 ; 非都市編定：農牧用地,1,1,全筆移轉,01270001
RPQQMLTJRHLFFAX28DA,鼎灣新段,4.13,非都市：一般農業區 ; 非都市編定：農牧用地,6,1,持分移轉,07880001
RPOPMLTJRHLFFAX97DA,東石新段,42.42,非都市：一般農業區 ; 非都市編定：交通用地,1,1,全筆移轉,01190000
RPOPMLTJRHLFFAX97DA,東石新段,130.88,非都市：一般農業區 ; 非都市編定：交通用地,1,1,全筆移轉,01190001
RPOPMLTJRHLFFAX97DA,東石新段,46.66,非都市：一般農業區 ; 非都市編定：交通用地,1,1,全筆移轉,01210000
RPUPMLTJRHLFFAX58DA,東石新段,107.30,非都市：一般農業區 ; 非都市編定：農牧用地,1,1,全筆移轉,00940001
RPUPMLTJRHLFFAX58DA,東石新段,3.65,非都市：一般農業區 ; 非都市編定：交通用地,3,1,持分移轉,04430000
RPUPMLTJRHLFFAX58DA,東石新段,14.89,非都市：一般農業區 ; 非都市編定：交通用地,3,1,持分移轉,04440000
RPROMLTJRHLFFAX18DA,東石新段,16.72,非都市：一般農業區 ; 非都市編定：交通用地,2,1,持分移轉,00910000
RPROMLTJRHLFFAX18DA,鼎灣新段,29.74,非都市：一般農業區 ; 非都市編定：交通用地,2,1,持分移轉,01170000
RPROMLTJRHLFFAX18DA,鼎灣新段,34.29,非都市：一般農業區 ; 非都市編定：農牧用地,2,1,持分移轉,01190001
RPROMLTJRHLFFAX18DA,鼎灣新段,10.69,非都市：一般農業區 ; 非都市編定：交通用地,2,1,持分移轉,10920000
RPTOMLTJRHLFFAX38DA,東石新段,119.39,非都市：一般農業區 ; 非都市編定：交通用地,1,1,全筆移轉,05050001
RPTOMLTJRHLFFAX38DA,東石新段,62.84,非都市：一般農業區 ; 非都市編定：交通用地,1,1,全筆移轉,06240001
RPTOMLTJRHLFFAX38DA,東石新段,21.52,非都市：一般農業區 ; 非都市編定：交通用地,1,1,全筆移轉,05060000
RPTOMLTJRHLFFAX38DA,東石新段,2.85,非都市：一般農業區 ; 非都市編定：交通用地,1,1,全筆移轉,06230000
RPSOMLTJRHLFFAX28DA,東石新段,16.36,非都市：一般農業區 ; 非都市編定：農牧用地,1,1,全筆移轉,05610001
RPSOMLTJRHLFFAX28DA,東石新段,34.59,非都市：一般農業區 ; 非都市編定：交通用地,1,1,全筆移轉,00860000
RPSOMLTJRHLFFAX28DA,東石新段,33.06,非都市：一般農業區 ; 非都市編定：交通用地,1,1,全筆移轉,05620000
RPSOMLTJRHLFFAX28DA,鼎灣新段,21.03,非都市：一般農業區 ; 非都市編定：交通用地,1,1,全筆移轉,01290000
RPSOMLTJRHLFFAX28DA,鼎灣新段,89.57,非都市：一般農業區 ; 非都市編定：農牧用地,1,1,全筆移轉,01310001
RPXOMLTJRHLFFAX78DA,東石新段,15.73,非都市：一般農業區 ; 非都市編定：農牧用地,1,1,全筆移轉,04620002
RPXOMLTJRHLFFAX78DA,東石新段,3.73,非都市：一般農業區 ; 非都市編定：農牧用地,1,1,全筆移轉,04620001
RPXOMLTJRHLFFAX78DA,東石新段,223.03,非都市：一般農業區 ; 非都市編定：交通用地,1,1,全筆移轉,04630001
RPXOMLTJRHLFFAX78DA,東石新段,8.01,非都市：一般農業區 ; 非都市編定：農牧用地,1,1,全筆移轉,06120001
RPXOMLTJRHLFFAX78DA,東石新段,31.22,非都市：一般農業區 ; 非都市編定：交通用地,1,1,全筆移轉,04340000
RPXOMLTJRHLFFAX78DA,東石新段,13.52,非都市：一般農業區 ; 非都市編定：交通用地,1,1,全筆移轉,06090000
RPXOMLTJRHLFFAX78DA,東石新段,63.44,非都市：一般農業區 ; 非都市編定：交通用地,1,1,全筆移轉,06110000
RPXQMLTJRHLFFAX98DA,東石新段,22.64,非都市：一般農業區 ; 非都市編定：交通用地,8,1,持分移轉,01390000
RPXQMLTJRHLFFAX98DA,東石新段,2.41,非都市：一般農業區 ; 非都市編定：交通用地,8,1,持分移轉,05070000
RPXQMLTJRHLFFAX98DA,東石新段,3.60,非都市：一般農業區 ; 非都市編定：交通用地,8,1,持分移轉,05160000
RPXQMLTJRHLFFAX98DA,東石新段,1.69,非都市：一般農業區 ; 非都市編定：農牧用地,8,1,持分移轉,01370001
RPXQMLTJRHLFFAX98DA,東石新段,4.49,非都市：一般農業區 ; 非都市編定：交通用地,8,1,持分移轉,05090001
RPXQMLTJRHLFFAX98DA,東石新段,6.98,非都市：一般農業區 ; 非都市編定：交通用地,8,1,持分移轉,05200001
RPWOMLTJRHLFFAX68DA,東石新段,10.09,非都市：一般農業區 ; 非都市編定：農牧用地,1,1,全筆移轉,04890001
RPWOMLTJRHLFFAX68DA,東石新段,46.80,非都市：一般農業區 ; 非都市編定：交通用地,1,1,全筆移轉,04900000
RPPPMLTJRHLFFAX08DA,安宅段,1547.27,非都市：一般農業區 ; 非都市編定：農牧用地,1,1,全筆移轉,11440000
RPPPMLTJRHLFFAX08DA,紅羅段,497.52,非都市：一般農業區 ; 非都市編定：農牧用地,1,1,全筆移轉,23540000
RPXPMLTJRHLFFAX88DA,成功北段,20.60,非都市：風景區 ; 非都市編定：林業用地,27,8,持分移轉,00360001
RPXPMLTJRHLFFAX88DA,成功北段,14.23,非都市：鄉村區 ; 非都市編定：乙種建築用地,27,8,持分移轉,00570001
RPWPMLTJRHLFFAX78DA,東石新段,3.78,非都市：一般農業區 ; 非都市編定：農牧用地,3,1,持分移轉,04380001
RPWPMLTJRHLFFAX78DA,東石新段,19.96,非都市：一般農業區 ; 非都市編定：交通用地,3,1,持分移轉,04400000
RPWPMLTJRHLFFAX78DA,東石新段,3.23,非都市：一般農業區 ; 非都市編定：交通用地,3,1,持分移轉,04420000
RPWPMLTJRHLFFAX78DA,東石新段,1.19,非都市：一般農業區 ; 非都市編定：農牧用地,3,1,持分移轉,06010000
RPWPMLTJRHLFFAX78DA,東石新段,18.84,非都市：一般農業區 ; 非都市編定：交通用地,3,1,持分移轉,06020000
RPQPMLTJRHLFFAX18DA,成功北段,6.46,非都市：風景區 ; 非都市編定：林業用地,4,1,持分移轉,00390001
RPQPMLTJRHLFFAX18DA,成功北段,.66,非都市：鄉村區 ; 非都市編定：乙種建築用地,4,1,持分移轉,00540001
RPQPMLTJRHLFFAX18DA,成功北段,3.08,非都市：鄉村區 ; 非都市編定：乙種建築用地,4,1,持分移轉,02470001
RPQPMLTJRHLFFAX18DA,成功北段,2.26,非都市：鄉村區 ; 非都市編定：乙種建築用地,4,1,持分移轉,02460000
RPPNMLTJRHLFFAX87DA,東石新段,41.11,非都市：一般農業區 ; 非都市編定：農牧用地,1,1,全筆移轉,00820001
RPPNMLTJRHLFFAX87DA,東石新段,21.90,非都市：一般農業區 ; 非都市編定：農牧用地,1,1,全筆移轉,00830001
RPPQMLTJRHLFFAX18DA,東石新段,46.57,非都市：一般農業區 ; 非都市編定：交通用地,1,1,全筆移轉,05170001
RPRQMLTJRHLFFAX38DA,鼎灣新段,4.13,非都市：一般農業區 ; 非都市編定：農牧用地,6,1,持分移轉,07880001
RPVPMLTJRHLFFAX68DA,成功北段,24.18,非都市：鄉村區 ; 非都市編定：乙種建築用地,2,1,持分移轉,00560001
RPQNMLPJRHLFFAX57DA,山水西段,2.70,非都市：一般農業區 ; 非都市編定：交通用地,1,1,全筆移轉,01730001
RPPNMLRJRHLFFAX67DA,山水西段,4.64,非都市：鄉村區 ; 非都市編定：交通用地,2,1,持分移轉,01340000
RPXNMLPJRHLFFAX28DA,山水西段,30.35,非都市：一般農業區 ; 非都市編定：交通用地,1,1,全筆移轉,01750001
RPUNMLPJRHLFFAX97DA,山水西段,12.14,非都市：一般農業區 ; 非都市編定：交通用地,2,1,持分移轉,01680001
RPUNMLPJRHLFFAX97DA,山水西段,23.82,非都市：鄉村區 ; 非都市編定：交通用地,2,1,持分移轉,01320001
RPOOMLPJRHLFFAX47DA,山水西段,16.57,非都市：一般農業區 ; 非都市編定：交通用地,1,1,全筆移轉,01470001
RPPNMLLJRHLFFAX96CA,五德西段,223.03,非都市：鄉村區 ; 非都市編定：乙種建築用地,1,1,全筆移轉,02090000
RPPNMLLJRHLFFAX96CA,五德西段,364.85,非都市：鄉村區 ; 非都市編定：乙種建築用地,1,1,全筆移轉,02100000
RPPNMLLJRHLFFAX96CA,五德西段,248.48,非都市：鄉村區 ; 非都市編定：乙種建築用地,1,1,全筆移轉,02120000
RPQNMLLJRHLFFAX07CA,埕西段,24.24,非都市： ; 非都市編定：,10000,319,持分移轉,02920002
RPVNMLPJRHLFFAX08DA,山水西段,7.40,非都市：一般農業區 ; 非都市編定：交通用地,1,1,全筆移轉,01500001
RPVNMLPJRHLFFAX08DA,山水西段,12.53,非都市：一般農業區 ; 非都市編定：交通用地,1,1,全筆移轉,01500002
RPVNMLPJRHLFFAX08DA,山水西段,41.70,非都市：一般農業區 ; 非都市編定：交通用地,2,1,持分移轉,03790001
RPSNMLPJRHLFFAX77DA,山水西段,41.70,非都市：一般農業區 ; 非都市編定：交通用地,10,5,持分移轉,03790001
RPPNMLKLRHLFFAX07CA,東石新段,107.05,非都市： ; 非都市編定：,1,1,全筆移轉,03580000
RPTNMLPJRHLFFAX87DA,山水西段,23.82,非都市：鄉村區 ; 非都市編定：交通用地,2,1,持分移轉,01320001
RPTNMLPJRHLFFAX87DA,山水西段,12.14,非都市：一般農業區 ; 非都市編定：交通用地,2,1,持分移轉,01680001
RPRNMLPJRHLFFAX67DA,山水西段,18.01,非都市：鄉村區 ; 非都市編定：交通用地,1,1,全筆移轉,01310002
RPRNMLPJRHLFFAX67DA,山水北段,1.23,非都市：一般農業區 ; 非都市編定：交通用地,1,1,全筆移轉,09440001
RPQNMLTJRHLFFAX97DA,東石新段,77.34,非都市：一般農業區 ; 非都市編定：交通用地,1,1,全筆移轉,04350000
RPRNMLTJRHLFFAX08DA,成功北段,1.95,非都市：鄉村區 ; 非都市編定：遊憩用地,6,1,持分移轉,01030001
RPRNMLTJRHLFFAX08DA,成功北段,4.15,非都市：鄉村區 ; 非都市編定：乙種建築用地,6,1,持分移轉,03890001
RPRNMLTJRHLFFAX08DA,成功北段,2.30,非都市：鄉村區 ; 非都市編定：乙種建築用地,6,1,持分移轉,03970001
RPSNMLTJRHLFFAX18DA,東石新段,76.75,非都市：一般農業區 ; 非都市編定：農牧用地,1,1,全筆移轉,00990001
RPSNMLTJRHLFFAX18DA,東石新段,23.93,非都市：一般農業區 ; 非都市編定：交通用地,1,1,全筆移轉,00970000
RPSNMLTJRHLFFAX18DA,成功北段,140.62,非都市：一般農業區 ; 非都市編定：農牧用地,1,1,全筆移轉,01890001
RPSNMLTJRHLFFAX18DA,成功北段,91.57,非都市：一般農業區 ; 非都市編定：交通用地,1,1,全筆移轉,01900000
RPSNMLTJRHLFFAX18DA,成功北段,28.95,非都市：一般農業區 ; 非都市編定：交通用地,1,1,全筆移轉,01910000
RPWNMLTJRHLFFAX58DA,成功北段,124.32,非都市：一般農業區 ; 非都市編定：交通用地,1,1,全筆移轉,01920000
RPTNMLTJRHLFFAX28DA,鼎灣新段,12.38,非都市：一般農業區 ; 非都市編定：農牧用地,2,1,持分移轉,07880001
RPUNMLTJRHLFFAX38DA,鼎灣新段,48.32,非都市：一般農業區 ; 非都市編定：農牧用地,1,1,全筆移轉,01150001
RPWNMLPJRHLFFAX18DA,山水西段,20.95,非都市：鄉村區 ; 非都市編定：交通用地,1,1,全筆移轉,01310003
RPWNMLPJRHLFFAX18DA,山水西段,21.44,非都市：一般農業區 ; 非都市編定：交通用地,1,1,全筆移轉,01660001
RPOOMLTJRHLFFAX87DA,成功北段,29.79,非都市：一般農業區 ; 非都市編定：農牧用地,7,4,持分移轉,02350001
RPOOMLTJRHLFFAX87DA,成功北段,17.08,非都市：鄉村區 ; 非都市編定：乙種建築用地,7,4,持分移轉,02390001
RPOOMLTJRHLFFAX87DA,成功北段,.02,非都市：鄉村區 ; 非都市編定：乙種建築用地,1,1,全筆移轉,02440001
RPOOMLTJRHLFFAX87DA,成功北段,28.36,非都市：一般農業區 ; 非都市編定：交通用地,7,4,持分移轉,02340000
RPOOMLTJRHLFFAX87DA,成功北段,16.53,非都市：鄉村區 ; 非都市編定：交通用地,7,4,持分移轉,02400000
RPXNMLTJRHLFFAX68DA,成功北段,3.89,非都市：鄉村區 ; 非都市編定：乙種建築用地,10,1,持分移轉,02430001
RPXNMLTJRHLFFAX68DA,成功北段,.09,非都市：鄉村區 ; 非都市編定：乙種建築用地,10,1,持分移轉,02450001
RPXNMLTJRHLFFAX68DA,成功北段,5.04,非都市：鄉村區 ; 非都市編定：乙種建築用地,10,1,持分移轉,02560001
RPXNMLTJRHLFFAX68DA,成功北段,3.26,非都市：鄉村區 ; 非都市編定：交通用地,10,1,持分移轉,02410000
RPXNMLTJRHLFFAX68DA,成功北段,2.52,非都市：鄉村區 ; 非都市編定：交通用地,10,1,持分移轉,02580000
RPOQMLTJRHLFFAX08DA,東石新段,1.19,非都市：一般農業區 ; 非都市編定：農牧用地,3,1,持分移轉,06010000
RPOQMLTJRHLFFAX08DA,東石新段,18.84,非都市：一般農業區 ; 非都市編定：交通用地,3,1,持分移轉,06020000
RPORMLTJRHLFFAX18DA,東石新段,22.64,非都市：一般農業區 ; 非都市編定：交通用地,8,1,持分移轉,01390000
RPORMLTJRHLFFAX18DA,東石新段,2.41,非都市：一般農業區 ; 非都市編定：交通用地,8,1,持分移轉,05070000
RPORMLTJRHLFFAX18DA,東石新段,3.60,非都市：一般農業區 ; 非都市編定：交通用地,8,1,持分移轉,05160000
RPORMLTJRHLFFAX18DA,東石新段,1.69,非都市：一般農業區 ; 非都市編定：農牧用地,8,1,持分移轉,01370001
RPORMLTJRHLFFAX18DA,東石新段,4.49,非都市：一般農業區 ; 非都市編定：交通用地,8,1,持分移轉,05090001
RPORMLTJRHLFFAX18DA,東石新段,6.98,非都市：一般農業區 ; 非都市編定：交通用地,8,1,持分移轉,05200001
RPTPMLTJRHLFFAX48DA,成功北段,6.46,非都市：風景區 ; 非都市編定：林業用地,4,1,持分移轉,00390001
RPTPMLTJRHLFFAX48DA,成功北段,.66,非都市：鄉村區 ; 非都市編定：乙種建築用地,4,1,持分移轉,00540001
RPTPMLTJRHLFFAX48DA,成功北段,3.08,非都市：鄉村區 ; 非都市編定：乙種建築用地,4,1,持分移轉,02470001
RPTPMLTJRHLFFAX48DA,成功北段,2.26,非都市：鄉村區 ; 非都市編定：乙種建築用地,4,1,持分移轉,02460000
RPPRMLTJRHLFFAX28DA,東石新段,22.64,非都市：一般農業區 ; 非都市編定：交通用地,8,1,持分移轉,01390000
RPPRMLTJRHLFFAX28DA,東石新段,2.41,非都市：一般農業區 ; 非都市編定：交通用地,8,1,持分移轉,05070000
RPPRMLTJRHLFFAX28DA,東石新段,3.60,非都市：一般農業區 ; 非都市編定：交通用地,8,1,持分移轉,05160000
RPPRMLTJRHLFFAX28DA,東石新段,1.69,非都市：一般農業區 ; 非都市編定：農牧用地,8,1,持分移轉,01370001
RPPRMLTJRHLFFAX28DA,東石新段,4.49,非都市：一般農業區 ; 非都市編定：交通用地,8,1,持分移轉,05090001
RPPRMLTJRHLFFAX28DA,東石新段,6.98,非都市：一般農業區 ; 非都市編定：交通用地,8,1,持分移轉,05200001
RPQNMLMJRHLFFAX27DA,後寮段,524.00,非都市：一般農業區 ; 非都市編定：農牧用地,2,1,持分移轉,11670000
RPQNMLQJRHLFFAX67DA,山水北段,15.40,非都市：一般農業區 ; 非都市編定：交通用地,1,1,全筆移轉,09360001
RPRPMLTJRHLFFAX28DA,成功北段,6.46,非都市：風景區 ; 非都市編定：林業用地,4,1,持分移轉,00390001
RPRPMLTJRHLFFAX28DA,成功北段,.66,非都市：鄉村區 ; 非都市編定：乙種建築用地,4,1,持分移轉,00540001
RPRPMLTJRHLFFAX28DA,成功北段,3.08,非都市：鄉村區 ; 非都市編定：乙種建築用地,4,1,持分移轉,02470001
RPRPMLTJRHLFFAX28DA,成功北段,2.26,非都市：鄉村區 ; 非都市編定：乙種建築用地,4,1,持分移轉,02460000
RPSPMLTJRHLFFAX38DA,成功北段,6.46,非都市：風景區 ; 非都市編定：林業用地,4,1,持分移轉,00390001
RPSPMLTJRHLFFAX38DA,成功北段,.66,非都市：鄉村區 ; 非都市編定：乙種建築用地,4,1,持分移轉,00540001
RPSPMLTJRHLFFAX38DA,成功北段,3.08,非都市：鄉村區 ; 非都市編定：乙種建築用地,4,1,持分移轉,02470001
RPSPMLTJRHLFFAX38DA,成功北段,2.26,非都市：鄉村區 ; 非都市編定：乙種建築用地,4,1,持分移轉,02460000
RPPNMLQJRHLFFAX57DA,山水北段,24.41,非都市：一般農業區 ; 非都市編定：交通用地,1,1,全筆移轉,09370001
RPQNMLTLRHLFFAX28EA,案山段,94.87,非都市： ; 非都市編定：,1,1,全筆移轉,02790004
RPQNMLTLRHLFFAX28EA,案山段,6.78,非都市： ; 非都市編定：,1,1,全筆移轉,02810000
RPRNMLQJRHLFFAX67CA,興仁段,703.37,非都市：一般農業區 ; 非都市編定：農牧用地,1,1,全筆移轉,12740000
RPTNMLQJRHLFFAX87CA,小池角段,22.00,非都市：一般農業區 ; 非都市編定：農牧用地,10,1,持分移轉,08820000
RPPNMLMKRHLFFAX17CA,吉貝東段,58.90,非都市：一般農業區 ; 非都市編定：農牧用地,2,1,持分移轉,09710000
RPSNMLQJRHLFFAX77CA,文東段,550.16,非都市：一般農業區 ; 非都市編定：農牧用地,1,1,全筆移轉,09770000
RPSNMLQJRHLFFAX77CA,文東段,120.14,非都市：一般農業區 ; 非都市編定：農牧用地,1,1,全筆移轉,09800000
RPQNMLLLRHLFFAX27CA,成功南段,179.22,非都市：一般農業區 ; 非都市編定：甲種建築用地,1,1,全筆移轉,12670003
RPUNMLQJRHLFFAX97CA,城前新段,1141.44,非都市：一般農業區 ; 非都市編定：農牧用地,1,1,全筆移轉,01790000
RPPNMLLLRHLFFAX17CA,成功南段,206.35,非都市：一般農業區 ; 非都市編定：甲種建築用地,1,1,全筆移轉,12670002
RPOOMLQJRHLFFAX47CA,合界段,483.09,非都市：一般農業區 ; 非都市編定：甲種建築用地,1,1,全筆移轉,04130000
RPOOMLQJRHLFFAX47CA,合界段,18.14,非都市：一般農業區 ; 非都市編定：甲種建築用地,1,1,全筆移轉,04170000
RPPNMLNKRHLFFAX27CA,馬公段,37.50,非都市： ; 非都市編定：,2,1,持分移轉,01020038
RPPNMLNKRHLFFAX27CA,馬公段,37.50,非都市： ; 非都市編定：,2,1,持分移轉,01020038
RPROMLQJRHLFFAX77CA,山水南段,182.59,非都市：鄉村區 ; 非都市編定：乙種建築用地,1,1,全筆移轉,02090000
RPQNMLPLRHLFFAX67CA,五福段,188.57,非都市：一般農業區 ; 非都市編定：甲種建築用地,1,1,全筆移轉,09800003
RPQNMLPLRHLFFAX67CA,五福段,35.86,非都市：一般農業區 ; 非都市編定：交通用地,12,1,持分移轉,09800004
RPXNMLQJRHLFFAX38DA,鎖港西段,778.52,非都市：一般農業區 ; 非都市編定：農牧用地,15,14,持分移轉,09960000
RPPNMLOJIILFFAX09CA,興仁段,827.30,非都市：一般農業區 ; 非都市編定：農牧用地,1,1,全筆移轉,07560000
RPTNMLPLRHLFFAX97CA,安宅段,31.75,非都市：一般農業區 ; 非都市編定：交通用地,8,1,持分移轉,11680004
RPTNMLPLRHLFFAX97CA,安宅段,4.10,非都市：一般農業區 ; 非都市編定：交通用地,4,1,持分移轉,11680005
RPTNMLPLRHLFFAX97CA,安宅段,181.90,非都市：一般農業區 ; 非都市編定：甲種建築用地,1,1,全筆移轉,11680007
RPTNMLPLRHLFFAX97CA,安宅段,.22,非都市：一般農業區 ; 非都市編定：交通用地,4,1,持分移轉,11680010
RPQNMLOJIILFFAX56CA,大池角段,283.00,非都市：鄉村區 ; 非都市編定：乙種建築用地,1,1,全筆移轉,09910000
RPQNMLSJRHLFFAX87DA,,509.12,非都市： ; 非都市編定：,1,1,全筆移轉,04060000
RPPNMLKKRHLFFAX96CA,成功南段,184.54,非都市：一般農業區 ; 非都市編定：農牧用地,1,1,全筆移轉,06930000
RPPNMLTKRHLFFAX97DA,赤崁北段,136.65,非都市：鄉村區 ; 非都市編定：乙種建築用地,4,1,持分移轉,01500000
RPSNMLPLRHLFFAX87CA,安宅段,31.75,非都市：一般農業區 ; 非都市編定：交通用地,8,1,持分移轉,11680004
RPSNMLPLRHLFFAX87CA,安宅段,4.10,非都市：一般農業區 ; 非都市編定：交通用地,4,1,持分移轉,11680005
RPSNMLPLRHLFFAX87CA,安宅段,177.19,非都市：一般農業區 ; 非都市編定：甲種建築用地,1,1,全筆移轉,11680006
RPSNMLPLRHLFFAX87CA,安宅段,.22,非都市：一般農業區 ; 非都市編定：交通用地,4,1,持分移轉,11680010
RPRNMLMKRHLFFAX37CA,湖西北段,44.45,非都市：一般農業區 ; 非都市編定：交通用地,1,1,全筆移轉,05700000
RPRNMLMKRHLFFAX37CA,湖西北段,1847.87,非都市：一般農業區 ; 非都市編定：農牧用地,1,1,全筆移轉,05710000
RPRNMLMKRHLFFAX37CA,湖西北段,1077.11,非都市：一般農業區 ; 非都市編定：農牧用地,1,1,全筆移轉,05720000
RPQNMLKKRHLFFAX07CA,,34.04,非都市： ; 非都市編定：,1,1,全筆移轉,15060000
RPQNMLKKRHLFFAX07CA,,2430.00,非都市： ; 非都市編定：,1,1,全筆移轉,15750000
RPQNMLKKRHLFFAX07CA,,592.03,非都市： ; 非都市編定：,1,1,全筆移轉,15900000
RPQNMLKKRHLFFAX07CA,,194.00,非都市： ; 非都市編定：,1,1,全筆移轉,15050000
RPQNMLKKRHLFFAX07CA,,19.00,非都市： ; 非都市編定：,1,1,全筆移轉,15910000
RPUNMLMKRHLFFAX67CA,文澳段,50.75,非都市： ; 非都市編定：,10000,159,持分移轉,22930000
RPPNMLMLRHLFFAX27CA,文光段,28.83,非都市： ; 非都市編定：,100000,661,持分移轉,00570000
RPQNMLTKRHLFFAX08DA,竹篙灣段,1940.00,非都市：風景區 ; 非都市編定：農牧用地,1,1,全筆移轉,37850000
RPPOMLTKRHLFFAX08DA,東石新段,3.25,非都市：一般農業區 ; 非都市編定：交通用地,1,1,全筆移轉,06270001
RPRNMLTKRHLFFAX18DA,東石新段,20.96,非都市：一般農業區 ; 非都市編定：交通用地,2,1,持分移轉,06170001
RPRNMLTKRHLFFAX18DA,東石新段,3.32,非都市：一般農業區 ; 非都市編定：交通用地,2,1,持分移轉,06160000
RPROMLTKRHLFFAX28DA,鼎灣新段,5.60,非都市：一般農業區 ; 非都市編定：交通用地,7,1,持分移轉,06740001
RPQOMLTKRHLFFAX18DA,鼎灣新段,2.64,非都市：一般農業區 ; 非都市編定：交通用地,3,1,持分移轉,08010001
RPQOMLTKRHLFFAX18DA,鼎灣新段,2.06,非都市：一般農業區 ; 非都市編定：交通用地,3,1,持分移轉,08020001
RPQNMLKLOHOFFAX37EA,西澳段,31.64,非都市： ; 非都市編定：,100000,7048,持分移轉,09660000
RPWOMLTKRHLFFAX88EA,鳥嶼新段,97.00,非都市：鄉村區 ; 非都市編定：乙種建築用地,1,1,全筆移轉,02430000
RPSOMLTKRHLFFAX38DA,東石新段,7.55,非都市：一般農業區 ; 非都市編定：農牧用地,3,2,持分移轉,04380001
RPSOMLTKRHLFFAX38DA,東石新段,39.92,非都市：一般農業區 ; 非都市編定：交通用地,3,2,持分移轉,04400000
RPSOMLTKRHLFFAX38DA,東石新段,6.47,非都市：一般農業區 ; 非都市編定：交通用地,3,2,持分移轉,04420000
RPTOMLTKRHLFFAX48DA,東石新段,16.88,非都市：一般農業區 ; 非都市編定：交通用地,1,1,全筆移轉,01250000
RPUOMLTKRHLFFAX58DA,東石新段,25.45,非都市：一般農業區 ; 非都市編定：農牧用地,1,1,全筆移轉,01010001
RPUOMLTKRHLFFAX58DA,東石新段,13.23,非都市：一般農業區 ; 非都市編定：交通用地,1,1,全筆移轉,01000000
RPUOMLTKRHLFFAX58DA,鼎灣新段,41.85,非都市：一般農業區 ; 非都市編定：交通用地,1,1,全筆移轉,10960000
RPUOMLTKRHLFFAX58DA,鼎灣新段,33.20,非都市：一般農業區 ; 非都市編定：交通用地,1,1,全筆移轉,10970000
RPVOMLTKRHLFFAX68DA,鼎灣新段,12.15,非都市：一般農業區 ; 非都市編定：交通用地,3,1,持分移轉,07090001
RPUNMLTKRHLFFAX48DA,鼎灣新段,15.12,非都市：一般農業區 ; 非都市編定：農牧用地,4,1,持分移轉,07300001
RPVOMLTKRHLFFAX68DA,鼎灣新段,6.98,非都市：一般農業區 ; 非都市編定：交通用地,3,1,持分移轉,07100000
RPVOMLTKRHLFFAX68DA,鼎灣新段,15.08,非都市：一般農業區 ; 非都市編定：交通用地,3,1,持分移轉,07960000
RPVOMLTKRHLFFAX68DA,鼎灣新段,5.92,非都市：一般農業區 ; 非都市編定：交通用地,3,1,持分移轉,07970000
RPVOMLTKRHLFFAX68DA,鼎灣新段,23.89,非都市：一般農業區 ; 非都市編定：農牧用地,3,2,持分移轉,07950001
RPTNMLTKRHLFFAX38DA,鼎灣新段,15.12,非都市：一般農業區 ; 非都市編定：農牧用地,4,1,持分移轉,07300001
RPWNMLTKRHLFFAX68DA,成功北段,15.67,非都市：鄉村區 ; 非都市編定：乙種建築用地,3,1,持分移轉,00720001
RPXNMLTKRHLFFAX78DA,東石新段,1.13,非都市：一般農業區 ; 非都市編定：農牧用地,1,1,全筆移轉,00450001
RPOOMLTKRHLFFAX97DA,鼎灣新段,4.13,非都市：一般農業區 ; 非都市編定：農牧用地,6,1,持分移轉,07880001
RPSNMLMKRHLFFAX47CA,文東段,2383.14,非都市：一般農業區 ; 非都市編定：農牧用地,1,1,全筆移轉,03190000
RPVNMLTKRHLFFAX58DA,成功北段,15.67,非都市：鄉村區 ; 非都市編定：乙種建築用地,3,1,持分移轉,00720001
RPTNMLMKRHLFFAX57CA,赤馬一段,669.59,非都市：一般農業區 ; 非都市編定：農牧用地,1,1,全筆移轉,03120000
RPRNMLPLRHLFFAX87DA,六合段,162.63,非都市：一般農業區 ; 非都市編定：甲種建築用地,1,1,全筆移轉,04330008
RPRNMLPLRHLFFAX87DA,六合段,37.48,非都市：一般農業區 ; 非都市編定：交通用地,6,1,持分移轉,04330004
RPSNMLTKRHLFFAX28DA,東石新段,20.96,非都市：一般農業區 ; 非都市編定：交通用地,2,1,持分移轉,06170001
RPSNMLTKRHLFFAX28DA,東石新段,3.32,非都市：一般農業區 ; 非都市編定：交通用地,2,1,持分移轉,06160000
RPSNMLLLRHLFFAX57DA,埕東段,40.68,非都市： ; 非都市編定：,1,1,全筆移轉,08400000
RPSNMLLLRHLFFAX57DA,埕東段,22.80,非都市： ; 非都市編定：,17,1,持分移轉,08260000
RPTNMLQLRHLFFAX18DA,成功北段,4.86,非都市：鄉村區 ; 非都市編定：乙種建築用地,8,1,持分移轉,02430001
RPTNMLQLRHLFFAX18DA,成功北段,.12,非都市：鄉村區 ; 非都市編定：乙種建築用地,8,1,持分移轉,02450001
RPTNMLQLRHLFFAX18DA,成功北段,6.30,非都市：鄉村區 ; 非都市編定：乙種建築用地,8,1,持分移轉,02560001
RPTNMLQLRHLFFAX18DA,成功北段,4.08,非都市：鄉村區 ; 非都市編定：交通用地,8,1,持分移轉,02410000
RPTNMLQLRHLFFAX18DA,成功北段,3.16,非都市：鄉村區 ; 非都市編定：交通用地,8,1,持分移轉,02580000
RPRNMLQLRHLFFAX97DA,成功北段,3.89,非都市：鄉村區 ; 非都市編定：乙種建築用地,10,1,持分移轉,02430001
RPRNMLQLRHLFFAX97DA,成功北段,.09,非都市：鄉村區 ; 非都市編定：乙種建築用地,10,1,持分移轉,02450001
RPRNMLQLRHLFFAX97DA,成功北段,5.04,非都市：鄉村區 ; 非都市編定：乙種建築用地,10,1,持分移轉,02560001
RPRNMLQLRHLFFAX97DA,成功北段,3.26,非都市：鄉村區 ; 非都市編定：交通用地,10,1,持分移轉,02410000
RPRNMLQLRHLFFAX97DA,成功北段,2.52,非都市：鄉村區 ; 非都市編定：交通用地,10,1,持分移轉,02580000
RPOOMLOJIILFFAX09CA,七美二段,313.76,非都市：一般農業區 ; 非都市編定：農牧用地,1,1,全筆移轉,05630000
RPPOMLOJIILFFAX56CA,大嶼段,179.53,非都市：一般農業區 ; 非都市編定：農牧用地,32,15,持分移轉,07990000
RPPOMLOJIILFFAX56CA,大嶼段,860.06,非都市：一般農業區 ; 非都市編定：農牧用地,16,11,持分移轉,08240000
RPPOMLOJIILFFAX56CA,大嶼段,170.62,非都市：一般農業區 ; 非都市編定：農牧用地,32,15,持分移轉,08250000
RPSNMLQLRHLFFAX08DA,成功北段,4.86,非都市：鄉村區 ; 非都市編定：乙種建築用地,8,1,持分移轉,02430001
RPSNMLQLRHLFFAX08DA,成功北段,.12,非都市：鄉村區 ; 非都市編定：乙種建築用地,8,1,持分移轉,02450001
RPSNMLQLRHLFFAX08DA,成功北段,6.30,非都市：鄉村區 ; 非都市編定：乙種建築用地,8,1,持分移轉,02560001
RPSNMLQLRHLFFAX08DA,成功北段,4.08,非都市：鄉村區 ; 非都市編定：交通用地,8,1,持分移轉,02410000
RPSNMLQLRHLFFAX08DA,成功北段,3.16,非都市：鄉村區 ; 非都市編定：交通用地,8,1,持分移轉,02580000
RPUNMLPLRHLFFAX08CA,五福段,35.86,非都市：一般農業區 ; 非都市編定：交通用地,12,1,持分移轉,09800004
RPUNMLPLRHLFFAX08CA,五福段,188.51,非都市：一般農業區 ; 非都市編定：甲種建築用地,1,1,全筆移轉,09800010
RPRNMLLLRHLFFAX37CA,大嶼段,33.58,非都市：一般農業區 ; 非都市編定：甲種建築用地,40,1,持分移轉,38030000
RPPNMLNLRHLFFAX37CA,講美段,45.01,非都市：鄉村區 ; 非都市編定：乙種建築用地,1,1,全筆移轉,08360000
RPWNMLOJIILFFAX17CA,鼎灣新段,26.93,非都市：一般農業區 ; 非都市編定：交通用地,1,1,全筆移轉,06400000
RPWNMLOJIILFFAX17CA,鼎灣新段,1605.03,非都市：一般農業區 ; 非都市編定：農牧用地,1,1,全筆移轉,06410000
RPWNMLOJIILFFAX17CA,鼎灣新段,596.03,非都市：一般農業區 ; 非都市編定：農牧用地,1,1,全筆移轉,06420000
RPPNMLTLRHLFFAX97CA,興仁段,1520.00,非都市：一般農業區 ; 非都市編定：農牧用地,1,1,全筆移轉,14010000
RPPNMLTLRHLFFAX97CA,興仁段,279.24,非都市：一般農業區 ; 非都市編定：交通用地,1,1,全筆移轉,14020000
RPRNMLKLRHLFFAX27CA,興仁段,767.28,非都市：一般農業區 ; 非都市編定：農牧用地,1,1,全筆移轉,14060000
RPRNMLKLRHLFFAX27CA,興仁段,2081.02,非都市：一般農業區 ; 非都市編定：農牧用地,1,1,全筆移轉,14220000
RPQNMLKLRHLFFAX17CA,興仁段,1572.00,非都市：一般農業區 ; 非都市編定：丁種建築用地,1,1,全筆移轉,14360000
RPQNMLKLRHLFFAX17CA,興仁段,1174.99,非都市：一般農業區 ; 非都市編定：丁種建築用地,1,1,全筆移轉,14370000
RPQNMLKLRHLFFAX17CA,興仁段,1008.01,非都市：一般農業區 ; 非都市編定：礦業用地,1,1,全筆移轉,14380000
RPQNMLKLRHLFFAX17CA,興仁段,753.01,非都市：一般農業區 ; 非都市編定：礦業用地,1,1,全筆移轉,14440000
RPQNMLKLRHLFFAX17CA,興仁段,992.00,非都市：一般農業區 ; 非都市編定：礦業用地,1,1,全筆移轉,14450000
RPQNMLKLRHLFFAX17CA,興仁段,902.99,非都市：一般農業區 ; 非都市編定：礦業用地,1,1,全筆移轉,13670000
RPQNMLKLRHLFFAX17CA,興仁段,2416.00,非都市：一般農業區 ; 非都市編定：礦業用地,1,1,全筆移轉,13690000
RPQNMLKLRHLFFAX17CA,興仁段,1512.56,非都市：一般農業區 ; 非都市編定：礦業用地,1,1,全筆移轉,14090000
RPQNMLKLRHLFFAX17CA,興仁段,1155.98,非都市：一般農業區 ; 非都市編定：礦業用地,1,1,全筆移轉,14110000
RPQNMLKLRHLFFAX17CA,興仁段,2085.99,非都市：一般農業區 ; 非都市編定：礦業用地,1,1,全筆移轉,14180000
RPQNMLKLRHLFFAX17CA,興仁段,1155.00,非都市：一般農業區 ; 非都市編定：礦業用地,1,1,全筆移轉,14230000
RPQNMLKLRHLFFAX17CA,興仁段,718.60,非都市：一般農業區 ; 非都市編定：礦業用地,1,1,全筆移轉,14240000
RPQNMLKLRHLFFAX17CA,興仁段,222.16,非都市：一般農業區 ; 非都市編定：礦業用地,1,1,全筆移轉,14300000
RPQNMLKLRHLFFAX17CA,興仁段,39.00,非都市：一般農業區 ; 非都市編定：交通用地,2,1,持分移轉,14320000
RPQNMLKLRHLFFAX17CA,興仁段,327.64,非都市：一般農業區 ; 非都市編定：礦業用地,1,1,全筆移轉,14330000
RPQNMLKLRHLFFAX17CA,興仁段,1068.00,非都市：一般農業區 ; 非都市編定：礦業用地,1,1,全筆移轉,14350000
RPPNMLPJIILFFAX66DA,四維段,219.33,非都市：一般農業區 ; 非都市編定：農牧用地,1,1,全筆移轉,05860000
RPPNMLPJIILFFAX66DA,四維段,69.23,非都市：一般農業區 ; 非都市編定：交通用地,4,1,持分移轉,05860002
RPSOMLQLRHLFFAX18DA,東石新段,3.05,非都市：一般農業區 ; 非都市編定：交通用地,11,1,持分移轉,05990000
RPVNMLQLRHLFFAX38DA,成功北段,1.55,非都市：風景區 ; 非都市編定：林業用地,45,1,持分移轉,00360001
RPVNMLQLRHLFFAX38DA,成功北段,1.07,非都市：鄉村區 ; 非都市編定：乙種建築用地,45,1,持分移轉,00570001
RPUNMLQLRHLFFAX28DA,成功北段,3.89,非都市：鄉村區 ; 非都市編定：乙種建築用地,10,1,持分移轉,02430001
RPUNMLQLRHLFFAX28DA,成功北段,.09,非都市：鄉村區 ; 非都市編定：乙種建築用地,10,1,持分移轉,02450001
RPUNMLQLRHLFFAX28DA,成功北段,5.04,非都市：鄉村區 ; 非都市編定：乙種建築用地,10,1,持分移轉,02560001
RPUNMLQLRHLFFAX28DA,成功北段,3.26,非都市：鄉村區 ; 非都市編定：交通用地,10,1,持分移轉,02410000
RPUNMLQLRHLFFAX28DA,成功北段,2.52,非都市：鄉村區 ; 非都市編定：交通用地,10,1,持分移轉,02580000
RPPOMLQLRHLFFAX87DA,東石新段,19.54,非都市：鄉村區 ; 非都市編定：乙種建築用地,3,1,持分移轉,04520001
RPROMLQLRHLFFAX08DA,東石新段,6.49,非都市：一般農業區 ; 非都市編定：農牧用地,1,1,全筆移轉,04880001
RPQOMLOJIILFFAX76DA,馬公段,67.00,非都市： ; 非都市編定：,1,1,全筆移轉,06960001
RPQOMLOJIILFFAX76DA,馬公段,77.00,非都市： ; 非都市編定：,1,1,全筆移轉,06960002
RPQOMLQLRHLFFAX97DA,成功北段,10.06,非都市：鄉村區 ; 非都市編定：交通用地,2,1,持分移轉,00630000
RPXNMLQLRHLFFAX58DA,成功北段,1.55,非都市：風景區 ; 非都市編定：林業用地,45,1,持分移轉,00360001
RPXNMLQLRHLFFAX58DA,成功北段,1.07,非都市：鄉村區 ; 非都市編定：乙種建築用地,45,1,持分移轉,00570001
RPWNMLQLRHLFFAX48DA,成功北段,1.55,非都市：風景區 ; 非都市編定：林業用地,45,1,持分移轉,00360001
RPWNMLQLRHLFFAX48DA,成功北段,1.07,非都市：鄉村區 ; 非都市編定：乙種建築用地,45,1,持分移轉,00570001
RPRNMLNLRHLFFAX57CA,鐵線段,33.16,非都市：一般農業區 ; 非都市編定：農牧用地,30,2,持分移轉,08230000
RPRNMLNLRHLFFAX57CA,鐵線段,42.19,非都市： ; 非都市編定：,30,2,持分移轉,08240000
RPOOMLQLRHLFFAX77DA,成功北段,1.55,非都市：風景區 ; 非都市編定：林業用地,45,1,持分移轉,00360001
RPOOMLQLRHLFFAX77DA,成功北段,1.07,非都市：鄉村區 ; 非都市編定：乙種建築用地,45,1,持分移轉,00570001
RPSNMLTLRHLFFAX38DA,東澳段,40.73,非都市： ; 非都市編定：,4,1,持分移轉,08400000
RPSNMLTLRHLFFAX38DA,東澳段,40.19,非都市： ; 非都市編定：,12,7,持分移轉,08410000
RPSNMLNLRHLFFAX67CA,東澳段,44.39,非都市： ; 非都市編定：,40,4,持分移轉,07070000
RPPNMLPLRHLFFAX67DA,中屯新,291.35,非都市：鄉村區 ; 非都市編定：乙種建築用地,1,1,全筆移轉,18710000
RPQNMLQLRHLFFAX97EA,文光段,2.35,非都市： ; 非都市編定：,1,1,全筆移轉,03480002
RPQNMLMLRHLFFAX37CA,湖西北段,1029.00,非都市：一般農業區 ; 非都市編定：農牧用地,1,1,全筆移轉,06470000
RPSNMLOJIILFFAX76CA,二崁南段,766.45,非都市：一般農業區 ; 非都市編定：農牧用地,1,1,全筆移轉,14510000
RPQNMLNLRHLFFAX67EA,井垵西段,105.03,非都市：一般農業區 ; 非都市編定：農牧用地,3,1,持分移轉,05360000
RPTNMLOJIILFFAX86CA,小池角段,1130.00,非都市：一般農業區 ; 非都市編定：農牧用地,1,1,全筆移轉,42030000
RPTNMLOJIILFFAX86CA,小池角段,761.00,非都市：一般農業區 ; 非都市編定：農牧用地,1,1,全筆移轉,08000000
RPXNMLOJIILFFAX27CA,北澳段,92.39,非都市：一般農業區 ; 非都市編定：甲種建築用地,1,1,全筆移轉,00810000
RPVNMLOJIILFFAX07CA,青螺新段,307.96,非都市：鄉村區 ; 非都市編定：乙種建築用地,1,1,全筆移轉,11020000
RPPNMLNJIILFFAX98CA,?裡新段,68.34,非都市：鄉村區 ; 非都市編定：乙種建築用地,3,1,持分移轉,01510000
RPPNMLNJIILFFAX98CA,?裡新段,36.03,非都市：鄉村區 ; 非都市編定：乙種建築用地,3,1,持分移轉,01520000
RPRNMLTLRHLFFAX18CA,六合段,11.17,非都市：一般農業區 ; 非都市編定：交通用地,9,1,持分移轉,04400001
RPUNMLOJIILFFAX96CA,國宅段,312.16,非都市：一般農業區 ; 非都市編定：農牧用地,3,1,持分移轉,02790000
RPRNMLTLRHLFFAX18CA,六合段,164.11,非都市：一般農業區 ; 非都市編定：甲種建築用地,1,1,全筆移轉,04170002
RPRNMLTLRHLFFAX18CA,六合段,42.33,非都市：一般農業區 ; 非都市編定：交通用地,9,1,持分移轉,04170008
RPPNMLKMRHLFFAX27DA,成功北段,3.89,非都市：鄉村區 ; 非都市編定：乙種建築用地,10,1,持分移轉,02430001
RPPNMLKMRHLFFAX27DA,成功北段,.09,非都市：鄉村區 ; 非都市編定：乙種建築用地,10,1,持分移轉,02450001
RPPNMLKMRHLFFAX27DA,成功北段,5.04,非都市：鄉村區 ; 非都市編定：乙種建築用地,10,1,持分移轉,02560001
RPPNMLKMRHLFFAX27DA,成功北段,3.26,非都市：鄉村區 ; 非都市編定：交通用地,10,1,持分移轉,02410000
RPPNMLKMRHLFFAX27DA,成功北段,2.52,非都市：鄉村區 ; 非都市編定：交通用地,10,1,持分移轉,02580000
RPQNMLKMRHLFFAX37DA,東石新段,23.58,非都市：一般農業區 ; 非都市編定：交通用地,2,1,持分移轉,01430001
RPROMLOJIILFFAX76CA,井垵西段,128.04,非都市：鄉村區 ; 非都市編定：乙種建築用地,2,1,持分移轉,05480000
RPROMLOJIILFFAX76CA,井垵西段,128.04,非都市：鄉村區 ; 非都市編定：乙種建築用地,2,1,持分移轉,05480000
RPSNMLMKIILFFAX76DA,東石新段,8.61,非都市：一般農業區 ; 非都市編定：交通用地,1,1,全筆移轉,05050000
RPSNMLMKIILFFAX76DA,東石新段,27.54,非都市：一般農業區 ; 非都市編定：交通用地,1,1,全筆移轉,06240000
RPTNMLMKIILFFAX86DA,東石新段,19.54,非都市：鄉村區 ; 非都市編定：乙種建築用地,3,1,持分移轉,04520001
RPSNMLLKIILFFAX66DA,海堤段,117.52,非都市： ; 非都市編定：,2,1,持分移轉,10540000
RPQNMLMKIILFFAX56DA,成功北段,2.58,非都市：風景區 ; 非都市編定：林業用地,108,4,持分移轉,00360001
RPQNMLMKIILFFAX56DA,成功北段,1.78,非都市：鄉村區 ; 非都市編定：乙種建築用地,108,4,持分移轉,00570001
RPRNMLMKIILFFAX66DA,成功北段,2.58,非都市：風景區 ; 非都市編定：林業用地,108,4,持分移轉,00360001
RPRNMLMKIILFFAX66DA,成功北段,1.78,非都市：鄉村區 ; 非都市編定：乙種建築用地,108,4,持分移轉,00570001
RPSNMLPJIILFFAX07EA,井垵西段,84.31,非都市：一般農業區 ; 非都市編定：農牧用地,3,1,持分移轉,03680000
RPSOMLOJIILFFAX86CA,山水西段,55.83,非都市：鄉村區 ; 非都市編定：交通用地,1,1,全筆移轉,01390001
RPPNMLOKIILFFAX66DA,光榮段,20.70,非都市： ; 非都市編定：,10000,176,持分移轉,04960000
RPRNMLPJIILFFAX76CA,鐵線段,543.09,非都市：一般農業區 ; 非都市編定：農牧用地,1,1,全筆移轉,13750000
RPVOMLMKIILFFAX07CA,興仁段,1303.31,非都市：一般農業區 ; 非都市編定：農牧用地,1,1,全筆移轉,14120000
RPSNMLSKIILFFAX27CA,光榮段,37.65,非都市： ; 非都市編定：,24,2,持分移轉,03380000
RPSNMLSKIILFFAX27CA,光榮段,24.17,非都市： ; 非都市編定：,24,2,持分移轉,03380001
RPSNMLSKIILFFAX27CA,光榮段,4.51,非都市： ; 非都市編定：,24,2,持分移轉,03490000
RPPNMLPKIILFFAX66CA,西澳段,260.01,非都市： ; 非都市編定：,1,1,全筆移轉,03250000
RPWNMLPLIILFFAX47CA,望安段,177.00,非都市：一般農業區 ; 非都市編定：農牧用地,1,1,全筆移轉,14330000
RPUNMLQJIILFFAX17CA,山水北段,7.36,非都市：一般農業區 ; 非都市編定：交通用地,1,1,全筆移轉,09400001
RPVNMLPLIILFFAX37CA,望安段,76.50,非都市：一般農業區 ; 非都市編定：農牧用地,2,1,持分移轉,01820000
RPVNMLPLIILFFAX37CA,望安段,76.50,非都市：一般農業區 ; 非都市編定：農牧用地,2,1,持分移轉,01820000
RPVNMLPLIILFFAX37CA,望安段,8.50,非都市：一般農業區 ; 非都市編定：交通用地,2,1,持分移轉,01820003
RPVNMLPLIILFFAX37CA,望安段,8.50,非都市：一般農業區 ; 非都市編定：交通用地,2,1,持分移轉,01820003
RPRNMLQJIILFFAX86CA,上瓦硐段,318.69,非都市：一般農業區 ; 非都市編定：農牧用地,1,1,全筆移轉,03690001
RPRNMLQJIILFFAX86CA,上瓦硐段,4.92,非都市：一般農業區 ; 非都市編定：交通用地,3,1,持分移轉,03700000
RPPNMLPLIILFFAX76CA,四維段,500.13,非都市：一般農業區 ; 非都市編定：農牧用地,3,1,持分移轉,05850000
RPTOMLOJIILFFAX96CA,山水西段,19.35,非都市：一般農業區 ; 非都市編定：交通用地,1,1,全筆移轉,01670001
RPVNMLQJIILFFAX27CA,山水西段,4.42,非都市：一般農業區 ; 非都市編定：交通用地,6,1,持分移轉,03800001
RPQNMLPLIILFFAX86CA,四維段,210.84,非都市：一般農業區 ; 非都市編定：農牧用地,1,1,全筆移轉,12770000
RPXNMLQJIILFFAX47CA,山水西段,8.52,非都市：一般農業區 ; 非都市編定：交通用地,2,1,持分移轉,03750001
RPTNMLQJIILFFAX07CA,安宅段,1155.50,非都市：一般農業區 ; 非都市編定：農牧用地,1,1,全筆移轉,03800000
RPOOMLQJIILFFAX66CA,山水西段,34.77,非都市：一般農業區 ; 非都市編定：交通用地,1,1,全筆移轉,01740001
RPXNMLPLIILFFAX57CA,山水西段,25.84,非都市：鄉村區 ; 非都市編定：交通用地,1,1,全筆移轉,00200001
RPUNMLPLIILFFAX27CA,山水西段,12.28,非都市：鄉村區 ; 非都市編定：交通用地,1,1,全筆移轉,01410000
RPUNMLPLIILFFAX27CA,山水西段,41.39,非都市：鄉村區 ; 非都市編定：交通用地,1,1,全筆移轉,01420000
RPWNMLQJIILFFAX37CA,山水西段,4.42,非都市：一般農業區 ; 非都市編定：交通用地,6,1,持分移轉,03800001
RPSNMLQJIILFFAX96CA,西澳段,279.83,非都市： ; 非都市編定：,1,1,全筆移轉,10670000
RPRNMLLKIILFFAX56DA,國宅段,538.65,非都市：一般農業區 ; 非都市編定：農牧用地,1,1,全筆移轉,02520000
RPQNMLQJIILFFAX96EA,成功南段,675.70,非都市：一般農業區 ; 非都市編定：農牧用地,1,1,全筆移轉,06300000
RPXNMLMKIILFFAX27DA,東石新段,25.14,非都市：一般農業區 ; 非都市編定：交通用地,1,1,全筆移轉,04910000
RPXNMLMKIILFFAX27DA,東石新段,10.66,非都市：一般農業區 ; 非都市編定：交通用地,1,1,全筆移轉,04930000
RPUNMLMKIILFFAX96DA,東石新段,.12,非都市：一般農業區 ; 非都市編定：農牧用地,24,1,持分移轉,01380001
RPUNMLMKIILFFAX96DA,東石新段,1.15,非都市：一般農業區 ; 非都市編定：交通用地,24,1,持分移轉,01400000
RPOOMLMKIILFFAX09DA,東石新段,3.05,非都市：一般農業區 ; 非都市編定：交通用地,11,1,持分移轉,05990000
RPROMLMKIILFFAX76DA,東石新段,.93,非都市：一般農業區 ; 非都市編定：農牧用地,6,2,持分移轉,01380001
RPROMLMKIILFFAX76DA,東石新段,9.18,非都市：一般農業區 ; 非都市編定：交通用地,6,2,持分移轉,01400000
RPQOMLMKIILFFAX66DA,鼎灣新段,10.84,非都市：一般農業區 ; 非都市編定：交通用地,4,2,持分移轉,06530000
RPQOMLMKIILFFAX66DA,鼎灣新段,12.85,非都市：一般農業區 ; 非都市編定：農牧用地,4,2,持分移轉,06690001
RPQOMLMKIILFFAX66DA,鼎灣新段,12.88,非都市：一般農業區 ; 非都市編定：交通用地,4,2,持分移轉,06700000
RPQOMLMKIILFFAX66DA,鼎灣新段,1.12,非都市：一般農業區 ; 非都市編定：農牧用地,4,2,持分移轉,07190001
RPQOMLMKIILFFAX66DA,鼎灣新段,24.92,非都市：一般農業區 ; 非都市編定：交通用地,4,2,持分移轉,07630000
RPQOMLMKIILFFAX66DA,鼎灣新段,5.16,非都市：一般農業區 ; 非都市編定：農牧用地,4,2,持分移轉,07640001
RPPOMLMKIILFFAX56DA,成功北段,4.66,非都市：一般農業區 ; 非都市編定：交通用地,1,1,全筆移轉,00340001
RPPOMLMKIILFFAX56DA,成功北段,16.25,非都市：風景區 ; 非都市編定：林業用地,1,1,全筆移轉,00350001
RPSOMLMKIILFFAX86DA,成功北段,1.55,非都市：風景區 ; 非都市編定：林業用地,45,1,持分移轉,00360001
RPSOMLMKIILFFAX86DA,成功北段,1.07,非都市：鄉村區 ; 非都市編定：乙種建築用地,45,1,持分移轉,00570001
RPPNMLRJIILFFAX86DA,四維段,219.51,非都市：一般農業區 ; 非都市編定：農牧用地,1,1,全筆移轉,05860001
RPPNMLRJIILFFAX86DA,四維段,69.23,非都市：一般農業區 ; 非都市編定：交通用地,4,1,持分移轉,05860002
RPVNMLMKIILFFAX07DA,東石新段,1.52,非都市：一般農業區 ; 非都市編定：交通用地,22,1,持分移轉,05990000
RPWNMLMKIILFFAX17DA,東石新段,1.52,非都市：一般農業區 ; 非都市編定：交通用地,22,1,持分移轉,05990000
RPRNMLPLIILFFAX96CA,光華段,53.12,非都市：鄉村區 ; 非都市編定：乙種建築用地,1,1,全筆移轉,08350000
RPPNMLLKIILFFAX88CA,?葉新段,69.04,非都市：鄉村區 ; 非都市編定：乙種建築用地,1,1,全筆移轉,06680000
RPUOMLPLIILFFAX37CA,大嶼段,107.72,非都市：一般農業區 ; 非都市編定：農牧用地,32,9,持分移轉,07990000
RPUOMLPLIILFFAX37CA,大嶼段,390.94,非都市：一般農業區 ; 非都市編定：農牧用地,16,5,持分移轉,08240000
RPUOMLPLIILFFAX37CA,大嶼段,102.38,非都市：一般農業區 ; 非都市編定：農牧用地,32,9,持分移轉,08250000
RPRNMLRJIILFFAX96CA,鎖港西段,665.62,非都市：一般農業區 ; 非都市編定：農牧用地,1,1,全筆移轉,10010000
RPSOMLPLIILFFAX17CA,烏崁新段,742.43,非都市：一般農業區 ; 非都市編定：農牧用地,1,1,全筆移轉,14430000
RPTOMLMKIILFFAX86CA,山水北段,2.65,非都市：鄉村區 ; 非都市編定：交通用地,8,1,持分移轉,06640001
RPTOMLMKIILFFAX86CA,山水北段,1.15,非都市：鄉村區 ; 非都市編定：交通用地,2,1,持分移轉,06680001
RPUOMLMKIILFFAX07DA,鼎灣新段,3.55,非都市：一般農業區 ; 非都市編定：交通用地,1,1,全筆移轉,06710000
RPUOMLMKIILFFAX07DA,鼎灣新段,1.42,非都市：一般農業區 ; 非都市編定：農牧用地,1,1,全筆移轉,07610001
RPUOMLMKIILFFAX07DA,鼎灣新段,89.55,非都市：一般農業區 ; 非都市編定：交通用地,1,1,全筆移轉,07620001
RPQNMLOKIILFFAX66CA,鐵線段,2798.51,非都市：一般農業區 ; 非都市編定：農牧用地,1,1,全筆移轉,06660000
RPSNMLPLIILFFAX07CA,東衛段,75.55,非都市：一般農業區 ; 非都市編定：交通用地,1,1,全筆移轉,16960000
RPSNMLPLIILFFAX07CA,東衛段,524.14,非都市：一般農業區 ; 非都市編定：農牧用地,1,1,全筆移轉,16970000
RPQNMLRJIILFFAX86CA,紅羅段,889.12,非都市：一般農業區 ; 非都市編定：農牧用地,1,1,全筆移轉,17920000
RPQNMLRJIILFFAX86CA,紅羅段,367.00,非都市：一般農業區 ; 非都市編定：農牧用地,1,1,全筆移轉,17950000
RPQNMLRJIILFFAX86CA,紅羅段,21.03,非都市：一般農業區 ; 非都市編定：農牧用地,1,1,全筆移轉,17960000
RPROMLPLIILFFAX07CA,國宅段,438.78,非都市： ; 非都市編定：,1,1,全筆移轉,04800001
RPQOMLPLIILFFAX96CA,二崁南段,505.44,非都市：風景區 ; 非都市編定：農牧用地,8,7,持分移轉,12170000
RPPNMLNKIILFFAX56DA,成功北段,10.17,非都市：鄉村區 ; 非都市編定：乙種建築用地,4,1,持分移轉,02690001
RPPNMLNKIILFFAX56DA,成功北段,6.42,非都市：鄉村區 ; 非都市編定：乙種建築用地,4,1,持分移轉,02760001
RPPNMLNKIILFFAX56DA,成功北段,18.45,非都市：鄉村區 ; 非都市編定：交通用地,4,1,持分移轉,02710000
RPPNMLNKIILFFAX56DA,成功北段,13.57,非都市：鄉村區 ; 非都市編定：交通用地,4,1,持分移轉,02720000
RPPNMLKLIILFFAX88CA,成功北段,2.77,非都市：鄉村區 ; 非都市編定：乙種建築用地,3,1,持分移轉,02550001
RPQNMLNKIILFFAX66DA,山水西段,26.62,非都市：一般農業區 ; 非都市編定：交通用地,1,1,全筆移轉,01450001
RPRNMLSKIILFFAX27DA,山水北段,10.60,非都市：鄉村區 ; 非都市編定：交通用地,2,1,持分移轉,06640001
RPTNMLLMIILFFAX96DA,赤崁中段,155.25,非都市：一般農業區 ; 非都市編定：甲種建築用地,1,1,全筆移轉,11980005
RPTNMLLMIILFFAX96DA,赤崁中段,65.17,非都市：一般農業區 ; 非都市編定：交通用地,3,1,持分移轉,11980004
RPQNMLKLIILFFAX98CA,成功北段,2.77,非都市：鄉村區 ; 非都市編定：乙種建築用地,3,1,持分移轉,02550001
RPPNMLSKIILFFAX07DA,山水西段,8.83,非都市：一般農業區 ; 非都市編定：交通用地,3,1,持分移轉,03800001
RPTOMLPLIILFFAX27CA,城北段,455.60,非都市：鄉村區 ; 非都市編定：乙種建築用地,1,1,全筆移轉,01380000
RPRNMLKLIILFFAX09CA,東石新段,44.86,非都市：一般農業區 ; 非都市編定：農牧用地,1,1,全筆移轉,00290001
RPQNMLSJJILFFAX07CA,文化段,44.60,非都市： ; 非都市編定：,1,1,全筆移轉,03580000
RPQNMLSKIILFFAX17DA,山水西段,8.52,非都市：一般農業區 ; 非都市編定：交通用地,2,1,持分移轉,03750001
RPTNMLRJJILFFAX27CA,龍門北段,64.78,非都市：鄉村區 ; 非都市編定：乙種建築用地,4,1,持分移轉,07780000
RPTNMLKLIILFFAX66CA,鼎灣新段,8.51,非都市：一般農業區 ; 非都市編定：交通用地,4,1,持分移轉,06810000
RPTNMLKLIILFFAX66CA,鼎灣新段,11.19,非都市：一般農業區 ; 非都市編定：交通用地,4,1,持分移轉,06830000
RPTNMLKLIILFFAX66CA,鼎灣新段,20.43,非都市：一般農業區 ; 非都市編定：交通用地,4,1,持分移轉,06840000
RPTNMLKLIILFFAX66CA,鼎灣新段,4.18,非都市：一般農業區 ; 非都市編定：交通用地,8,1,持分移轉,06910001
RPTNMLKLIILFFAX66CA,鼎灣新段,2.62,非都市：一般農業區 ; 非都市編定：交通用地,8,1,持分移轉,06920000
RPTNMLKLIILFFAX66CA,鼎灣新段,6.29,非都市：一般農業區 ; 非都市編定：交通用地,4,1,持分移轉,07040001
RPTNMLKLIILFFAX66CA,鼎灣新段,3.62,非都市：一般農業區 ; 非都市編定：農牧用地,4,1,持分移轉,07650001
RPTNMLKLIILFFAX66CA,鼎灣新段,16.24,非都市：一般農業區 ; 非都市編定：交通用地,4,1,持分移轉,07660000
RPTNMLKLIILFFAX66CA,鼎灣新段,11.38,非都市：一般農業區 ; 非都市編定：交通用地,4,1,持分移轉,07670001
RPTNMLKLIILFFAX66CA,鼎灣新段,7.56,非都市：一般農業區 ; 非都市編定：交通用地,8,1,持分移轉,07860000
RPTNMLKLIILFFAX66CA,鼎灣新段,4.41,非都市：一般農業區 ; 非都市編定：農牧用地,8,1,持分移轉,07870001
RPTNMLKLIILFFAX66CA,鼎灣新段,12.16,非都市：一般農業區 ; 非都市編定：交通用地,4,1,持分移轉,07930000
RPTNMLKLIILFFAX66CA,鼎灣新段,7.33,非都市：一般農業區 ; 非都市編定：農牧用地,4,1,持分移轉,07940001
RPSNMLKLIILFFAX56CA,鼎灣新段,8.51,非都市：一般農業區 ; 非都市編定：交通用地,4,1,持分移轉,06810000
RPSNMLKLIILFFAX56CA,鼎灣新段,11.19,非都市：一般農業區 ; 非都市編定：交通用地,4,1,持分移轉,06830000
RPSNMLKLIILFFAX56CA,鼎灣新段,20.43,非都市：一般農業區 ; 非都市編定：交通用地,4,1,持分移轉,06840000
RPSNMLKLIILFFAX56CA,鼎灣新段,4.18,非都市：一般農業區 ; 非都市編定：交通用地,8,1,持分移轉,06910001
RPSNMLKLIILFFAX56CA,鼎灣新段,2.62,非都市：一般農業區 ; 非都市編定：交通用地,8,1,持分移轉,06920000
RPSNMLKLIILFFAX56CA,鼎灣新段,6.29,非都市：一般農業區 ; 非都市編定：交通用地,4,1,持分移轉,07040001
RPSNMLKLIILFFAX56CA,鼎灣新段,3.62,非都市：一般農業區 ; 非都市編定：農牧用地,4,1,持分移轉,07650001
RPSNMLKLIILFFAX56CA,鼎灣新段,16.24,非都市：一般農業區 ; 非都市編定：交通用地,4,1,持分移轉,07660000
RPSNMLKLIILFFAX56CA,鼎灣新段,11.38,非都市：一般農業區 ; 非都市編定：交通用地,4,1,持分移轉,07670001
RPSNMLKLIILFFAX56CA,鼎灣新段,7.56,非都市：一般農業區 ; 非都市編定：交通用地,8,1,持分移轉,07860000
RPSNMLKLIILFFAX56CA,鼎灣新段,4.41,非都市：一般農業區 ; 非都市編定：農牧用地,8,1,持分移轉,07870001
RPSNMLKLIILFFAX56CA,鼎灣新段,12.16,非都市：一般農業區 ; 非都市編定：交通用地,4,1,持分移轉,07930000
RPSNMLKLIILFFAX56CA,鼎灣新段,7.33,非都市：一般農業區 ; 非都市編定：農牧用地,4,1,持分移轉,07940001
RPUNMLLKJILFFAX86CA,春暉段,57.22,非都市： ; 非都市編定：,1,1,全筆移轉,00360000
RPVNMLKLIILFFAX86CA,東石新段,1.19,非都市：一般農業區 ; 非都市編定：農牧用地,3,1,持分移轉,06010000
RPVNMLKLIILFFAX86CA,東石新段,18.84,非都市：一般農業區 ; 非都市編定：交通用地,3,1,持分移轉,06020000
RPWNMLKLIILFFAX96CA,成功北段,2.77,非都市：鄉村區 ; 非都市編定：乙種建築用地,3,1,持分移轉,02550001
RPTNMLRLIILFFAX37CA,馬公段,63.00,非都市： ; 非都市編定：,1,1,全筆移轉,01030241
RPXNMLKLIILFFAX07CA,鼎灣新段,45.83,非都市：一般農業區 ; 非都市編定：交通用地,1,1,全筆移轉,06870000
RPXNMLKLIILFFAX07CA,鼎灣新段,37.24,非都市：一般農業區 ; 非都市編定：農牧用地,1,1,全筆移轉,07830001
RPXNMLKLIILFFAX07CA,鼎灣新段,72.04,非都市：一般農業區 ; 非都市編定：交通用地,1,1,全筆移轉,07840000
RPOOMLKLIILFFAX88CA,東石新段,2.64,非都市：鄉村區 ; 非都市編定：乙種建築用地,3,1,持分移轉,04450001
RPOOMLKLIILFFAX88CA,東石新段,3.65,非都市：一般農業區 ; 非都市編定：交通用地,3,1,持分移轉,04430000
RPOOMLKLIILFFAX88CA,東石新段,14.89,非都市：一般農業區 ; 非都市編定：交通用地,3,1,持分移轉,04440000
RPUNMLKLIILFFAX76CA,鼎灣新段,2.08,非都市：一般農業區 ; 非都市編定：農牧用地,4,1,持分移轉,05490000
RPUNMLKLIILFFAX76CA,鼎灣新段,5.44,非都市：一般農業區 ; 非都市編定：交通用地,4,1,持分移轉,06600000
RPUNMLKLIILFFAX76CA,鼎灣新段,10.60,非都市：一般農業區 ; 非都市編定：農牧用地,4,1,持分移轉,06620001
RPPOMLKLIILFFAX98CA,成功北段,24.18,非都市：鄉村區 ; 非都市編定：乙種建築用地,2,1,持分移轉,00560001
RPQOMLKLIILFFAX09CA,東石新段,55.74,非都市：一般農業區 ; 非都市編定：農牧用地,1,1,全筆移轉,00950001
RPROMLKLIILFFAX56CA,東石新段,1.19,非都市：一般農業區 ; 非都市編定：農牧用地,7,2,持分移轉,05970001
RPROMLKLIILFFAX56CA,東石新段,3.40,非都市：一般農業區 ; 非都市編定：交通用地,7,2,持分移轉,05980000
RPSOMLKLIILFFAX66CA,東石新段,.12,非都市：一般農業區 ; 非都市編定：農牧用地,24,1,持分移轉,01380001
RPSOMLKLIILFFAX66CA,東石新段,1.15,非都市：一般農業區 ; 非都市編定：交通用地,24,1,持分移轉,01400000
RPTOMLKLIILFFAX76CA,東石新段,37.89,非都市：一般農業區 ; 非都市編定：交通用地,1,1,全筆移轉,00280000
RPUOMLKLIILFFAX86CA,成功北段,11.17,非都市：一般農業區 ; 非都市編定：農牧用地,14,3,持分移轉,02350001
RPUOMLKLIILFFAX86CA,成功北段,6.41,非都市：鄉村區 ; 非都市編定：乙種建築用地,14,3,持分移轉,02390001
RPUOMLKLIILFFAX86CA,成功北段,10.64,非都市：一般農業區 ; 非都市編定：交通用地,14,3,持分移轉,02340000
RPUOMLKLIILFFAX86CA,成功北段,6.20,非都市：鄉村區 ; 非都市編定：交通用地,14,3,持分移轉,02400000
RPSPMLKLIILFFAX86DA,北寮新段,297.91,非都市：鄉村區 ; 非都市編定：乙種建築用地,1,1,全筆移轉,01650000
RPSPMLKLIILFFAX86DA,北寮新段,136.32,非都市：鄉村區 ; 非都市編定：乙種建築用地,1,1,全筆移轉,01680000
RPSNMLKLIILFFAX76EA,上瓦硐段,165.82,非都市：一般農業區 ; 非都市編定：農牧用地,4,1,持分移轉,00140000
RPSNMLKLIILFFAX76EA,上瓦硐段,69.10,非都市：一般農業區 ; 非都市編定：農牧用地,4,1,持分移轉,00410000
RPSNMLKLIILFFAX76EA,上瓦硐段,133.65,非都市：一般農業區 ; 非都市編定：農牧用地,4,1,持分移轉,00730000
RPWOMLKLIILFFAX07CA,鼎灣新段,16.50,非都市：一般農業區 ; 非都市編定：交通用地,1,1,全筆移轉,06860000
RPWOMLKLIILFFAX07CA,鼎灣新段,9.18,非都市：一般農業區 ; 非都市編定：農牧用地,1,1,全筆移轉,06670001
RPPNMLTKIILFFAX07CA,文澳段,113.00,非都市： ; 非都市編定：,1,1,全筆移轉,23200000
RPVOMLKLIILFFAX96CA,成功北段,11.17,非都市：一般農業區 ; 非都市編定：農牧用地,14,3,持分移轉,02350001
RPVOMLKLIILFFAX96CA,成功北段,6.41,非都市：鄉村區 ; 非都市編定：乙種建築用地,14,3,持分移轉,02390001
RPVOMLKLIILFFAX96CA,成功北段,10.64,非都市：一般農業區 ; 非都市編定：交通用地,14,3,持分移轉,02340000
RPVOMLKLIILFFAX96CA,成功北段,6.20,非都市：鄉村區 ; 非都市編定：交通用地,14,3,持分移轉,02400000
RPXOMLKLIILFFAX17CA,鼎灣新段,8.51,非都市：一般農業區 ; 非都市編定：交通用地,4,1,持分移轉,06810000
RPXOMLKLIILFFAX17CA,鼎灣新段,11.19,非都市：一般農業區 ; 非都市編定：交通用地,4,1,持分移轉,06830000
RPXOMLKLIILFFAX17CA,鼎灣新段,20.43,非都市：一般農業區 ; 非都市編定：交通用地,4,1,持分移轉,06840000
RPXOMLKLIILFFAX17CA,鼎灣新段,4.18,非都市：一般農業區 ; 非都市編定：交通用地,8,1,持分移轉,06910001
RPXOMLKLIILFFAX17CA,鼎灣新段,2.62,非都市：一般農業區 ; 非都市編定：交通用地,8,1,持分移轉,06920000
RPXOMLKLIILFFAX17CA,鼎灣新段,6.29,非都市：一般農業區 ; 非都市編定：交通用地,4,1,持分移轉,07040001
RPXOMLKLIILFFAX17CA,鼎灣新段,3.62,非都市：一般農業區 ; 非都市編定：農牧用地,4,1,持分移轉,07650001
RPXOMLKLIILFFAX17CA,鼎灣新段,16.24,非都市：一般農業區 ; 非都市編定：交通用地,4,1,持分移轉,07660000
RPXOMLKLIILFFAX17CA,鼎灣新段,11.38,非都市：一般農業區 ; 非都市編定：交通用地,4,1,持分移轉,07670001
RPXOMLKLIILFFAX17CA,鼎灣新段,7.56,非都市：一般農業區 ; 非都市編定：交通用地,8,1,持分移轉,07860000
RPXOMLKLIILFFAX17CA,鼎灣新段,4.41,非都市：一般農業區 ; 非都市編定：農牧用地,8,1,持分移轉,07870001
RPXOMLKLIILFFAX17CA,鼎灣新段,12.16,非都市：一般農業區 ; 非都市編定：交通用地,4,1,持分移轉,07930000
RPXOMLKLIILFFAX17CA,鼎灣新段,7.33,非都市：一般農業區 ; 非都市編定：農牧用地,4,1,持分移轉,07940001
RPOPMLKLIILFFAX98CA,成功北段,15.67,非都市：鄉村區 ; 非都市編定：乙種建築用地,3,1,持分移轉,00720001
RPPPMLKLIILFFAX09CA,山水西段,22.36,非都市：鄉村區 ; 非都市編定：交通用地,2,1,持分移轉,01350001
RPQPMLKLIILFFAX56CA,山水西段,8.83,非都市：一般農業區 ; 非都市編定：交通用地,3,1,持分移轉,03800001
RPRPMLKLIILFFAX66CA,山水西段,3.06,非都市：鄉村區 ; 非都市編定：交通用地,3,1,持分移轉,00250001
RPRPMLKLIILFFAX66CA,山水西段,7.11,非都市：鄉村區 ; 非都市編定：交通用地,3,1,持分移轉,00260001
RPRPMLKLIILFFAX66CA,山水西段,10.29,非都市：鄉村區 ; 非都市編定：交通用地,3,1,持分移轉,00270001
RPPNMLOLIILFFAX66CA,文東段,57.34,非都市：鄉村區 ; 非都市編定：乙種建築用地,1,1,全筆移轉,15660000
RPRNMLKLOHOFFAX27CA,西澳段,41.40,非都市： ; 非都市編定：,12,1,持分移轉,03260000
RPRNMLTJJILFFAX27CA,埕西段,99.05,非都市： ; 非都市編定：,10000,439,持分移轉,01710000
RPSNMLRJJILFFAX17CA,外垵一段,445.71,非都市：一般農業區 ; 非都市編定：交通用地,1,1,全筆移轉,01240001
RPPNMLQLIILFFAX86CA,文光段,65.13,非都市： ; 非都市編定：,1,1,全筆移轉,10020035
RPPNMLQLIILFFAX86CA,文光段,42.21,非都市： ; 非都市編定：,21,3,持分移轉,10020039
RPTNMLPLIILFFAX17CA,東石新段,3.05,非都市：一般農業區 ; 非都市編定：交通用地,11,1,持分移轉,05990000
RPRNMLSLIILFFAX37DA,港子段,795.00,非都市：一般農業區 ; 非都市編定：農牧用地,1,1,全筆移轉,08730000
RPOOMLPLIILFFAX76CA,文寮段,543.69,非都市：一般農業區 ; 非都市編定：農牧用地,1,1,全筆移轉,04620003
RPQNMLQLIILFFAX96CA,五福段,727.88,非都市：一般農業區 ; 非都市編定：農牧用地,1,1,全筆移轉,09420000
RPPNMLRLIILFFAX96CA,後寮段,715.00,非都市：一般農業區 ; 非都市編定：農牧用地,1,1,全筆移轉,10410000
RPPNMLRLIILFFAX96CA,後寮段,10.00,非都市：一般農業區 ; 非都市編定：交通用地,1,1,全筆移轉,10410001
RPVNMLLMIILFFAX17DA,馬公段,2.69,非都市： ; 非都市編定：,36,1,持分移轉,02780000
RPVNMLLMIILFFAX17DA,馬公段,2.61,非都市： ; 非都市編定：,36,1,持分移轉,02780001
RPVNMLLMIILFFAX17DA,馬公段,.08,非都市： ; 非都市編定：,36,1,持分移轉,02780005
RPWNMLTJJILFFAX87DA,埕東段,37.56,非都市： ; 非都市編定：,10000,293,持分移轉,02160000
RPSNMLRLIILFFAX27CA,馬公段,78.00,非都市： ; 非都市編定：,1,1,全筆移轉,14230000
RPXNMLLMIILFFAX37DA,馬公段,2.69,非都市： ; 非都市編定：,36,1,持分移轉,02780000
RPXNMLLMIILFFAX37DA,馬公段,2.61,非都市： ; 非都市編定：,36,1,持分移轉,02780001
RPXNMLLMIILFFAX37DA,馬公段,.08,非都市： ; 非都市編定：,36,1,持分移轉,02780005
RPQNMLRLIILFFAX07CA,中衛段,380.92,非都市： ; 非都市編定：,1,1,全筆移轉,01160000
RPOOMLLMIILFFAX56DA,馬公段,10.78,非都市： ; 非都市編定：,9,1,持分移轉,02780000
RPOOMLLMIILFFAX56DA,馬公段,10.44,非都市： ; 非都市編定：,9,1,持分移轉,02780001
RPOOMLLMIILFFAX56DA,馬公段,.33,非都市： ; 非都市編定：,9,1,持分移轉,02780005
RPTNMLOJJILFFAX07DA,烏崁新段,.48,非都市：鄉村區 ; 非都市編定：乙種建築用地,1,1,全筆移轉,15270002
RPTNMLOJJILFFAX07DA,烏崁新段,2.90,非都市：鄉村區 ; 非都市編定：交通用地,1,1,全筆移轉,15300005
RPSNMLLMIILFFAX86DA,青螺新段,80.02,非都市：鄉村區 ; 非都市編定：乙種建築用地,2,1,持分移轉,11050000
RPPNMLLMIILFFAX09CA,大倉段,133.00,非都市：鄉村區 ; 非都市編定：乙種建築用地,1,1,全筆移轉,00870001
RPSNMLQLIILFFAX17CA,鼎灣新段,.05,非都市：一般農業區 ; 非都市編定：農牧用地,1,1,全筆移轉,06570002
RPSNMLQLIILFFAX17CA,鼎灣新段,50.62,非都市：一般農業區 ; 非都市編定：交通用地,1,1,全筆移轉,06850000
RPRNMLQLIILFFAX07CA,東石新段,1.19,非都市：一般農業區 ; 非都市編定：農牧用地,7,2,持分移轉,05970001
RPRNMLQLIILFFAX07CA,東石新段,3.40,非都市：一般農業區 ; 非都市編定：交通用地,7,2,持分移轉,05980000
RPTNMLTJJILFFAX47CA,安宅段,39.35,非都市：一般農業區 ; 非都市編定：交通用地,15,1,持分移轉,01010004
RPTNMLTJJILFFAX47CA,安宅段,175.85,非都市：一般農業區 ; 非都市編定：甲種建築用地,1,1,全筆移轉,01010010
RPQNMLTLIILFFAX27CA,大池角段,156.00,非都市： ; 非都市編定：,4,1,持分移轉,10970000
RPROMLLMIILFFAX76CA,光榮段,379.44,非都市： ; 非都市編定：,1,1,全筆移轉,02790000
RPRNMLMJJILFFAX56CA,青螺新段,291.02,非都市：一般農業區 ; 非都市編定：農牧用地,1,1,全筆移轉,11200000
RPRNMLOJJILFFAX76CA,四維段,170.23,非都市：一般農業區 ; 非都市編定：甲種建築用地,1,1,全筆移轉,06280000
RPRNMLOJJILFFAX76CA,四維段,61.60,非都市：一般農業區 ; 非都市編定：交通用地,6,1,持分移轉,06280004
RPWNMLLJJILFFAX96CA,光榮段,1.46,非都市： ; 非都市編定：,14,1,持分移轉,07280000
RPWNMLLJJILFFAX96CA,光榮段,29.97,非都市： ; 非都市編定：,14,1,持分移轉,07290000
RPSNMLLJJILFFAX56CA,五福段,561.82,非都市：一般農業區 ; 非都市編定：農牧用地,1,1,全筆移轉,04990000
RPRNMLRJJILFFAX07CA,七美二段,59.36,非都市：鄉村區 ; 非都市編定：乙種建築用地,1,1,全筆移轉,10390000
RPRNMLRJJILFFAX07CA,七美二段,36.51,非都市：鄉村區 ; 非都市編定：乙種建築用地,1,1,全筆移轉,10400000
RPVNMLLJJILFFAX86CA,興崁段,58.05,非都市：一般農業區 ; 非都市編定：農牧用地,36,1,持分移轉,08910000
RPVNMLLJJILFFAX86CA,興崁段,35.59,非都市：一般農業區 ; 非都市編定：農牧用地,36,1,持分移轉,08940000
RPVNMLLJJILFFAX86CA,興仁段,7.14,非都市：一般農業區 ; 非都市編定：農牧用地,36,1,持分移轉,04980000
RPVNMLLJJILFFAX86CA,興仁段,6.19,非都市：鄉村區 ; 非都市編定：乙種建築用地,36,1,持分移轉,05000000
RPVNMLLJJILFFAX86CA,興仁段,8.55,非都市：一般農業區 ; 非都市編定：農牧用地,36,1,持分移轉,06810000
RPVNMLLJJILFFAX86CA,興仁段,29.36,非都市：一般農業區 ; 非都市編定：農牧用地,36,1,持分移轉,09430000
RPVNMLLJJILFFAX86CA,興仁段,16.00,非都市：一般農業區 ; 非都市編定：農牧用地,36,1,持分移轉,10060000
RPVNMLLJJILFFAX86CA,興仁段,10.26,非都市：一般農業區 ; 非都市編定：農牧用地,36,1,持分移轉,10850000
RPVNMLLJJILFFAX86CA,興仁段,39.87,非都市：一般農業區 ; 非都市編定：農牧用地,36,1,持分移轉,10870000
RPVNMLLJJILFFAX86CA,興仁段,23.99,非都市：一般農業區 ; 非都市編定：農牧用地,36,1,持分移轉,11080000
RPVNMLLJJILFFAX86CA,興仁段,96.44,非都市：一般農業區 ; 非都市編定：農牧用地,36,1,持分移轉,11260000
RPVNMLLJJILFFAX86CA,興仁段,24.93,非都市：一般農業區 ; 非都市編定：農牧用地,72,1,持分移轉,11430000
RPVNMLLJJILFFAX86CA,興仁段,125.19,非都市：一般農業區 ; 非都市編定：農牧用地,36,1,持分移轉,11440000
RPVNMLLJJILFFAX86CA,興仁段,99.21,非都市：一般農業區 ; 非都市編定：農牧用地,36,1,持分移轉,11780000
RPVNMLLJJILFFAX86CA,興仁段,44.01,非都市：一般農業區 ; 非都市編定：農牧用地,36,1,持分移轉,11810000
RPVNMLLJJILFFAX86CA,興仁段,65.09,非都市：一般農業區 ; 非都市編定：農牧用地,36,1,持分移轉,11900000
RPVNMLLJJILFFAX86CA,興仁南段,6.02,非都市：一般農業區 ; 非都市編定：農牧用地,36,1,持分移轉,00070000
RPVNMLLJJILFFAX86CA,興仁南段,5.09,非都市：風景區 ; 非都市編定：農牧用地,36,1,持分移轉,00500000
RPVNMLLJJILFFAX86CA,興仁南段,54.83,非都市：一般農業區 ; 非都市編定：農牧用地,36,1,持分移轉,02380000
RPRNMLLJJILFFAX09CA,北極段,2511.09,非都市： ; 非都市編定：,1,1,全筆移轉,05240000
RPRNMLLJJILFFAX09CA,北極段,495.91,非都市： ; 非都市編定：,1,1,全筆移轉,05240001
RPPNMLLJJILFFAX88CA,五福段,732.67,非都市：一般農業區 ; 非都市編定：農牧用地,1,1,全筆移轉,07840000
RPPNMLLJJILFFAX88CA,五福段,388.17,非都市：一般農業區 ; 非都市編定：農牧用地,1,1,全筆移轉,07850000
RPTNMLLJJILFFAX66CA,山水南段,79.06,非都市：鄉村區 ; 非都市編定：乙種建築用地,1,1,全筆移轉,08570000
RPPNMLOJJILFFAX56CA,五福段,59.00,非都市：一般農業區 ; 非都市編定：交通用地,10,1,持分移轉,05150004
RPPNMLOJJILFFAX56CA,五福段,172.45,非都市：一般農業區 ; 非都市編定：甲種建築用地,1,1,全筆移轉,05150008
RPQNMLLJJILFFAX98CA,城北段,587.56,非都市：一般農業區 ; 非都市編定：農牧用地,1,1,全筆移轉,11390000
RPQNMLMJJILFFAX09CA,東石新段,.12,非都市：一般農業區 ; 非都市編定：農牧用地,24,1,持分移轉,01380001
RPQNMLMJJILFFAX09CA,東石新段,1.15,非都市：一般農業區 ; 非都市編定：交通用地,24,1,持分移轉,01400000
RPPNMLNJJILFFAX09CA,花宅段,372.50,非都市：一般農業區 ; 非都市編定：農牧用地,4,1,持分移轉,05010000
RPPNMLNJJILFFAX09CA,花宅段,25.08,非都市：鄉村區 ; 非都市編定：乙種建築用地,12,1,持分移轉,20890000
RPPNMLNJJILFFAX09CA,花宅段,21.25,非都市：鄉村區 ; 非都市編定：乙種建築用地,8,1,持分移轉,21490000
RPPNMLNJJILFFAX09CA,花宅段,111.50,非都市：一般農業區 ; 非都市編定：農牧用地,4,1,持分移轉,22910000
RPPNMLNJJILFFAX09CA,花宅段,1.38,非都市：風景區 ; 非都市編定：農牧用地,8,1,持分移轉,27700000
RPPNMLNJJILFFAX09CA,花宅段,58.62,非都市：風景區 ; 非都市編定：農牧用地,8,1,持分移轉,27700001
RPSNMLTJJILFFAX37CA,安宅段,39.35,非都市：一般農業區 ; 非都市編定：交通用地,15,1,持分移轉,01010004
RPSNMLTJJILFFAX37CA,安宅段,166.59,非都市：一般農業區 ; 非都市編定：甲種建築用地,1,1,全筆移轉,01010006
RPQOMLLMIILFFAX76DA,鼎灣新段,15.75,非都市：一般農業區 ; 非都市編定：農牧用地,4,1,持分移轉,07370000
RPQNMLLMIILFFAX56CA,虎井段,34.00,非都市：鄉村區 ; 非都市編定：乙種建築用地,1,1,全筆移轉,12380000
RPQNMLLMIILFFAX56CA,虎井段,131.00,非都市：鄉村區 ; 非都市編定：乙種建築用地,1,1,全筆移轉,12390000
RPSNMLSJJILFFAX37DA,五福段,286.88,非都市：一般農業區 ; 非都市編定：甲種建築用地,1,1,全筆移轉,07020006
RPSNMLSJJILFFAX37DA,五福段,42.93,非都市：一般農業區 ; 非都市編定：交通用地,1000,226,持分移轉,07020000
RPUNMLLMIILFFAX96CA,山水東段,714.99,非都市：一般農業區 ; 非都市編定：農牧用地,10000,6774,持分移轉,05950001
RPUNMLLMIILFFAX96CA,山水東段,340.50,非都市：一般農業區 ; 非都市編定：農牧用地,10000,3226,持分移轉,05950001
RPUNMLLMIILFFAX96CA,山水東段,408.66,非都市：一般農業區 ; 非都市編定：農牧用地,10000,6774,持分移轉,06610001
RPUNMLLMIILFFAX96CA,山水東段,194.61,非都市：一般農業區 ; 非都市編定：農牧用地,10000,3226,持分移轉,06610001
RPPOMLLMIILFFAX66DA,馬公段,10.78,非都市： ; 非都市編定：,9,1,持分移轉,02780000
RPPOMLLMIILFFAX66DA,馬公段,10.44,非都市： ; 非都市編定：,9,1,持分移轉,02780001
RPPOMLLMIILFFAX66DA,馬公段,.33,非都市： ; 非都市編定：,9,1,持分移轉,02780005
RPUNMLTJJILFFAX67DA,通梁中段,380.45,非都市： ; 非都市編定：,1,1,全筆移轉,10110000
RPWNMLLMIILFFAX17CA,國宅段,201.66,非都市：一般農業區 ; 非都市編定：甲種建築用地,1,1,全筆移轉,00790003
RPWNMLLMIILFFAX17CA,國宅段,42.66,非都市：一般農業區 ; 非都市編定：交通用地,5,1,持分移轉,00790005
RPPNMLSJJILFFAX96CA,小池角段,665.00,非都市：鄉村區 ; 非都市編定：乙種建築用地,1,1,全筆移轉,34330000
RPQNMLKKJILFFAX98CA,湖西南段,59.55,非都市：鄉村區 ; 非都市編定：乙種建築用地,2,1,持分移轉,07220000
RPPNMLMJJILFFAX98CA,鼎灣新段,8.51,非都市：一般農業區 ; 非都市編定：交通用地,4,1,持分移轉,06810000
RPPNMLMJJILFFAX98CA,鼎灣新段,11.19,非都市：一般農業區 ; 非都市編定：交通用地,4,1,持分移轉,06830000
RPPNMLMJJILFFAX98CA,鼎灣新段,20.43,非都市：一般農業區 ; 非都市編定：交通用地,4,1,持分移轉,06840000
RPPNMLMJJILFFAX98CA,鼎灣新段,4.18,非都市：一般農業區 ; 非都市編定：交通用地,8,1,持分移轉,06910001
RPPNMLMJJILFFAX98CA,鼎灣新段,2.62,非都市：一般農業區 ; 非都市編定：交通用地,8,1,持分移轉,06920000
RPPNMLMJJILFFAX98CA,鼎灣新段,6.29,非都市：一般農業區 ; 非都市編定：交通用地,4,1,持分移轉,07040001
RPPNMLMJJILFFAX98CA,鼎灣新段,3.62,非都市：一般農業區 ; 非都市編定：農牧用地,4,1,持分移轉,07650001
RPPNMLMJJILFFAX98CA,鼎灣新段,16.24,非都市：一般農業區 ; 非都市編定：交通用地,4,1,持分移轉,07660000
RPPNMLMJJILFFAX98CA,鼎灣新段,11.38,非都市：一般農業區 ; 非都市編定：交通用地,4,1,持分移轉,07670001
RPPNMLMJJILFFAX98CA,鼎灣新段,7.56,非都市：一般農業區 ; 非都市編定：交通用地,8,1,持分移轉,07860000
RPPNMLMJJILFFAX98CA,鼎灣新段,4.41,非都市：一般農業區 ; 非都市編定：農牧用地,8,1,持分移轉,07870001
RPPNMLMJJILFFAX98CA,鼎灣新段,12.16,非都市：一般農業區 ; 非都市編定：交通用地,4,1,持分移轉,07930000
RPPNMLMJJILFFAX98CA,鼎灣新段,7.33,非都市：一般農業區 ; 非都市編定：農牧用地,4,1,持分移轉,07940001
RPSOMLLMIILFFAX86CA,隘門新段,247.78,非都市：一般農業區 ; 非都市編定：農牧用地,1,1,全筆移轉,10950000
RPUNMLLJJILFFAX76CA,國宅段,904.21,非都市：一般農業區 ; 非都市編定：農牧用地,1,1,全筆移轉,01410000
RPXNMLLJJILFFAX07CA,文東段,2677.00,非都市：一般農業區 ; 非都市編定：農牧用地,1,1,全筆移轉,13710000
RPSNMLOJJILFFAX86CA,國宅段,40.07,非都市： ; 非都市編定：,6,1,持分移轉,04800002
