﻿鄉鎮市區,交易標的,土地位置建物門牌,土地移轉總面積平方公尺,都市土地使用分區,非都市土地使用分區,非都市土地使用編定,交易年月日,交易筆棟數,移轉層次,總樓層數,建物型態,主要用途,主要建材,建築完成年月,建物移轉總面積平方公尺,建物現況格局-房,建物現況格局-廳,建物現況格局-衛,建物現況格局-隔間,有無管理組織,總價元,單價元平方公尺,車位類別,車位移轉總面積平方公尺,車位總價元,備註,編號
The villages and towns urban district,transaction sign,land sector position building sector house number plate,land shifting total area square meter,the use zoning or compiles and checks,the non-metropolis land use district,non-metropolis land use,transaction year month and day,transaction pen number,shifting level,total floor number,building state,main use,main building materials,construction to complete the years,building shifting total area,Building present situation pattern - room,building present situation pattern - hall,building present situation pattern - health,building present situation pattern - compartmented,Whether there is manages the organization,total price NTD,the unit price (NTD / square meter),the berth category,berth shifting total area square meter,the berth total price NTD,the note,serial number
南港區,房地(土地+建物)+車位,臺北市南港區園區街28號4樓之2,30.34,住,,,1020805,土地1建物1車位1,四層,11,住宅大樓(11層含以上有電梯),住家用,鋼筋混凝土造,,173.21,3,2,2,有,無,43000000,297131,坡道平面,36.57,2400000,,RPPPMLLLNHJFFDA47CB
信義區,房地(土地+建物)+車位,臺北市信義區忠孝東路  五段743巷,19.69,住,,,1020830,土地2建物1車位1,三層,11,住宅大樓(11層含以上有電梯),住家用,鋼筋混凝土造,,132.2,2,2,1,有,無,27490000,273787,坡道平面,41.29,2600000,,RPTOMLRLNHJFFDA38CB
信義區,房地(土地+建物)+車位,臺北市信義區忠孝東路  五段743巷,19.69,住,,,1020828,土地2建物1車位1,四層,11,住宅大樓(11層含以上有電梯),住家用,鋼筋混凝土造,,132.2,2,2,1,有,無,29680000,293477,坡道平面,41.29,3000000,,RPUOMLRLNHJFFDA48CB
信義區,房地(土地+建物)+車位,臺北市信義區忠孝東路  五段743巷,19.69,住,,,1020928,土地2建物1車位1,五層,11,住宅大樓(11層含以上有電梯),住家用,鋼筋混凝土造,,132.2,2,2,1,有,無,27090000,273787,坡道平面,41.29,2200000,,RPVOMLRLNHJFFDA58CB
信義區,房地(土地+建物)+車位,臺北市信義區忠孝東路  五段743巷,19.69,住,,,1020928,土地2建物1車位1,六層,11,住宅大樓(11層含以上有電梯),住家用,鋼筋混凝土造,,132.2,2,2,1,有,無,28010000,282807,坡道平面,41.29,2300000,,RPWOMLRLNHJFFDA68CB
信義區,房地(土地+建物)+車位,臺北市信義區忠孝東路  五段743巷,19.69,住,,,1020928,土地2建物1車位1,七層,11,住宅大樓(11層含以上有電梯),住家用,鋼筋混凝土造,,132.2,2,2,1,有,無,28980000,293477,坡道平面,41.29,2300000,,RPXOMLRLNHJFFDA78CB
信義區,房地(土地+建物)+車位,臺北市信義區忠孝東路  五段  743巷21弄Ａ１棟８樓,19.68,住,,,1021120,土地2建物1車位1,八層,11,住宅大樓(11層含以上有電梯),住家用,鋼筋混凝土造,,132.1,2,1,1,有,無,29930000,300958,坡道平面,41.29,2600000,,RPOPMLRLNHJFFDA97CB
信義區,房地(土地+建物)+車位,臺北市信義區忠孝東路  五段743巷,14.35,住,,,1020927,土地2建物1車位1,二層,11,住宅大樓(11層含以上有電梯),住家用,鋼筋混凝土造,,107.54,2,2,1,有,無,21430000,288755,坡道平面,41.29,2300000,,RPQPMLRLNHJFFDA18CB
信義區,房地(土地+建物)+車位,臺北市信義區忠孝東路  五段743巷,14.35,住,,,1020906,土地2建物1車位1,三層,11,住宅大樓(11層含以上有電梯),住家用,鋼筋混凝土造,,107.54,2,2,1,有,無,21540000,291925,坡道平面,41.29,2200000,,RPRPMLRLNHJFFDA28CB
信義區,房地(土地+建物)+車位,臺北市信義區忠孝東路  五段743巷,14.35,住,,,1020831,土地2建物1車位1,四層,11,住宅大樓(11層含以上有電梯),住家用,鋼筋混凝土造,,107.54,2,2,1,有,無,23170000,307472,坡道平面,41.29,2800000,,RPSPMLRLNHJFFDA38CB
信義區,房地(土地+建物)+車位,臺北市信義區忠孝東路  五段743巷,14.35,住,,,1020831,土地2建物1車位1,四層,11,住宅大樓(11層含以上有電梯),住家用,鋼筋混凝土造,,107.54,2,2,1,有,無,23170000,307472,坡道平面,41.29,2800000,,RPTPMLRLNHJFFDA48CB
信義區,房地(土地+建物)+車位,臺北市信義區忠孝東路  五段743巷,14.35,住,,,1020906,土地2建物1車位1,七層,11,住宅大樓(11層含以上有電梯),住家用,鋼筋混凝土造,,107.54,2,2,1,有,無,23690000,316075,坡道平面,41.29,2750000,,RPUPMLRLNHJFFDA58CB
信義區,房地(土地+建物)+車位,臺北市信義區忠孝東路  五段743巷,14.35,住,,,1020927,土地2建物1車位1,二層,11,住宅大樓(11層含以上有電梯),住家用,鋼筋混凝土造,,107.54,2,2,1,有,無,21440000,288906,坡道平面,41.29,2300000,,RPVPMLRLNHJFFDA68CB
信義區,房地(土地+建物)+車位,臺北市信義區忠孝東路  五段743巷,14.35,住,,,1020914,土地2建物1車位1,三層,11,住宅大樓(11層含以上有電梯),住家用,鋼筋混凝土造,,107.54,2,2,1,有,無,21540000,291925,坡道平面,41.29,2200000,,RPWPMLRLNHJFFDA78CB
信義區,房地(土地+建物)+車位,臺北市信義區忠孝東路  五段743巷,14.35,住,,,1020830,土地2建物1車位1,四層,11,住宅大樓(11層含以上有電梯),住家用,鋼筋混凝土造,,107.54,2,2,1,有,無,22920000,305208,坡道平面,41.29,2700000,,RPXPMLRLNHJFFDA88CB
信義區,房地(土地+建物)+車位,臺北市信義區忠孝東路  五段743巷,14.35,住,,,1020830,土地2建物1車位1,五層,11,住宅大樓(11層含以上有電梯),住家用,鋼筋混凝土造,,107.54,2,2,1,有,無,23120000,311245,坡道平面,41.29,2500000,,RPOQMLRLNHJFFDA08CB
信義區,房地(土地+建物)+車位,臺北市信義區忠孝東路  五段743巷,20.75,住,,,1021007,土地2建物1車位1,三層,11,住宅大樓(11層含以上有電梯),住家用,鋼筋混凝土造,,137.03,2,2,1,有,無,32000000,304993,坡道平面,41.29,2800000,,RPPQMLRLNHJFFDA18CB
信義區,房地(土地+建物)+車位,臺北市信義區忠孝東路5段743巷,20.75,住,,,1030208,土地2建物1車位1,四層,11,住宅大樓(11層含以上有電梯),住家用,鋼筋混凝土造,,137.03,2,1,1,有,無,32520000,305202,坡道平面,41.29,3300000,,RPQQMLRLNHJFFDA28CB
信義區,房地(土地+建物)+車位,臺北市信義區忠孝東路  五段743巷,20.75,住,,,1020828,土地2建物1車位1,五層,11,住宅大樓(11層含以上有電梯),住家用,鋼筋混凝土造,,137.03,2,2,1,有,無,31600000,303948,坡道平面,41.29,2500000,,RPVQMLRLNHJFFDA78CB
信義區,房地(土地+建物)+車位,臺北市信義區忠孝東路  五段743巷,20.75,住,,,1020906,土地2建物1車位1,六層,11,住宅大樓(11層含以上有電梯),住家用,鋼筋混凝土造,,137.03,2,2,1,有,無,32040000,308544,坡道平面,41.29,2500000,,RPWQMLRLNHJFFDA88CB
信義區,房地(土地+建物)+車位,臺北市信義區忠孝東路  五段743巷,20.75,住,,,1020914,土地2建物1車位1,七層,11,住宅大樓(11層含以上有電梯),住家用,鋼筋混凝土造,,137.03,2,2,1,有,無,32570000,313035,坡道平面,41.29,2600000,,RPXQMLRLNHJFFDA98CB
信義區,房地(土地+建物)+車位,臺北市信義區忠孝東路  五段743巷,20.71,住,,,1020828,土地2建物1車位1,八層,11,住宅大樓(11層含以上有電梯),住家用,鋼筋混凝土造,,136.89,2,2,1,有,無,33010000,319142,坡道平面,41.29,2500000,,RPORMLRLNHJFFDA18CB
信義區,房地(土地+建物)+車位,臺北市信義區忠孝東路  五段743巷,13.97,住,,,1020928,土地2建物1車位1,二層,11,住宅大樓(11層含以上有電梯),住家用,鋼筋混凝土造,,105.75,2,2,1,有,無,20720000,290413,坡道平面,41.29,2000000,,RPPRMLRLNHJFFDA28CB
信義區,房地(土地+建物)+車位,臺北市信義區忠孝東路  五段743巷,13.97,住,,,1020928,土地2建物1車位1,三層,11,住宅大樓(11層含以上有電梯),住家用,鋼筋混凝土造,,105.75,2,2,1,有,無,20920000,293515,坡道平面,41.29,2000000,,RPQRMLRLNHJFFDA38CB
信義區,房地(土地+建物)+車位,臺北市信義區忠孝東路  五段743巷,13.97,住,,,1020831,土地2建物1車位1,四層,11,住宅大樓(11層含以上有電梯),住家用,鋼筋混凝土造,,105.75,2,2,1,有,無,22370000,305150,坡道平面,41.29,2700000,,RPRRMLRLNHJFFDA48CB
信義區,房地(土地+建物)+車位,臺北市信義區忠孝東路  五段743巷,13.97,住,,,1020830,土地2建物1車位1,五層,11,住宅大樓(11層含以上有電梯),住家用,鋼筋混凝土造,,105.75,2,2,1,有,無,22080000,308408,坡道平面,41.29,2200000,,RPSRMLRLNHJFFDA58CB
信義區,房地(土地+建物)+車位,臺北市信義區忠孝東路  五段743巷,13.97,住,,,1020831,土地2建物1車位1,六層,11,住宅大樓(11層含以上有電梯),住家用,鋼筋混凝土造,,105.75,2,2,1,有,無,21890000,307012,坡道平面,41.29,2100000,,RPTRMLRLNHJFFDA68CB
信義區,房地(土地+建物)+車位,臺北市信義區忠孝東路  五段743巷,13.97,住,,,1020828,土地2建物1車位1,七層,11,住宅大樓(11層含以上有電梯),住家用,鋼筋混凝土造,,105.75,2,2,1,有,無,22480000,314614,坡道平面,41.29,2200000,,RPURMLRLNHJFFDA78CB
信義區,房地(土地+建物)+車位,臺北市信義區忠孝東路  五段743巷,13.97,住,,,1020828,土地2建物1車位1,八層,11,住宅大樓(11層含以上有電梯),住家用,鋼筋混凝土造,,105.75,2,2,1,有,無,23140000,320199,坡道平面,41.29,2500000,,RPVRMLRLNHJFFDA88CB
信義區,房地(土地+建物)+車位,臺北市信義區忠孝東路  五段743巷,14.28,住,,,1020927,土地2建物1車位1,九層,11,住宅大樓(11層含以上有電梯),住家用,鋼筋混凝土造,,107.17,2,2,1,有,無,23980000,326047,坡道平面,41.29,2500000,,RPWRMLRLNHJFFDA98CB
信義區,房地(土地+建物)+車位,臺北市信義區忠孝東路  五段  ７４３巷２１弄  Ｂ１棟１１樓,15.15,住,,,1021227,土地2建物1車位1,十一層,11,住宅大樓(11層含以上有電梯),住家用,鋼筋混凝土造,,111.24,3,2,2,有,無,26670000,332666,坡道平面,41.29,3400000,,RPOSMLRLNHJFFDA28CB
信義區,房地(土地+建物)+車位,臺北市信義區忠孝東路  五段  ７４３巷２１弄,25.95,住,,,1021117,土地2建物1車位1,三層,11,住宅大樓(11層含以上有電梯),住家用,鋼筋混凝土造,,161.03,3,2,2,有,無,39400000,300651,坡道平面,41.29,3400000,,RPPSMLRLNHJFFDA38CB
信義區,房地(土地+建物)+車位,臺北市信義區忠孝東路  五段743巷,25.95,住,,,1020930,土地2建物1車位1,五層,11,住宅大樓(11層含以上有電梯),住家用,鋼筋混凝土造,,161.03,3,2,2,有,無,38580000,298814,坡道平面,41.29,2800000,,RPRSMLRLNHJFFDA58CB
信義區,房地(土地+建物)+車位,臺北市信義區忠孝東路  五段743巷,25.95,住,,,1021007,土地2建物1車位1,七層,11,住宅大樓(11層含以上有電梯),住家用,鋼筋混凝土造,,161.03,3,2,2,有,無,38300000,296476,坡道平面,41.29,2800000,,RPSSMLRLNHJFFDA68CB
信義區,房地(土地+建物)+車位,臺北市信義區忠孝東路  五段743巷,25.91,住,,,1020828,土地2建物1車位1,八層,11,住宅大樓(11層含以上有電梯),住家用,鋼筋混凝土造,,160.83,3,2,2,有,無,40790000,320311,坡道平面,41.29,2500000,,RPTSMLRLNHJFFDA78CB
信義區,房地(土地+建物)+車位,臺北市信義區忠孝東路  五段  ７４３巷２１弄  ｂ２棟１０樓,26.08,住,,,1021128,土地2建物1車位1,十層,11,住宅大樓(11層含以上有電梯),住家用,鋼筋混凝土造,,161.65,3,2,2,有,無,42780000,325523,坡道平面,41.29,3600000,,RPUSMLRLNHJFFDA88CB
信義區,房地(土地+建物)+車位,臺北市信義區忠孝東路  五段  ７４３巷２１弄  ｂ２棟１１樓,26.08,住,,,1021215,土地2建物1車位1,十一層,11,住宅大樓(11層含以上有電梯),住家用,鋼筋混凝土造,,161.65,3,2,2,有,無,42910000,327434,坡道平面,41.29,3500000,,RPVSMLRLNHJFFDA98CB
士林區,房地(土地+建物)+車位,臺北市士林區至善路二段88巷旁故宮路口A1棟1F,41.25,住,,,1030116,土地1建物1車位1,一層,5,華廈(10層含以下有電梯),住家用,鋼筋混凝土造,,123.98,2,2,1,有,無,30800000,310823,坡道平面,34.54,3000000,,RPTNMLKMNHJFFEA77CB
士林區,房地(土地+建物)+車位,臺北市士林區至善路二段88巷旁故宮路口A1棟3F,40.64,住,,,1030317,土地1建物1車位1,三層,5,華廈(10層含以下有電梯),住家用,鋼筋混凝土造,,131.38,2,2,1,有,無,26100000,242668,坡道平面,34.54,2600000,,RPUNMLKMNHJFFEA87CB
士林區,房地(土地+建物)+車位,臺北市士林區至善路二段88巷旁故宮路口A1棟4F,40.64,住,,,1030226,土地1建物1車位1,一層,5,華廈(10層含以下有電梯),住家用,鋼筋混凝土造,,129.52,2,2,1,有,無,27000000,254790,坡道平面,34.54,2800000,,RPXNMLKMNHJFFEA18CB
士林區,房地(土地+建物)+車位,臺北市士林區至善路二段88巷旁故宮路口A1棟5F,40.64,住,,,1030314,土地1建物1車位1,五層,5,華廈(10層含以下有電梯),住家用,鋼筋混凝土造,,131.36,2,2,1,有,無,26120000,242925,坡道平面,34.54,2600000,,RPOOMLKMNHJFFEA37CB
士林區,房地(土地+建物)+車位,臺北市士林區至善路二段88巷旁故宮路口A2棟1F,34.15,住,,,1021228,土地1建物1車位1,一層,5,華廈(10層含以下有電梯),住家用,鋼筋混凝土造,,107.88,1,1,1,有,無,24000000,286338,坡道平面,34.54,3000000,,RPPOMLKMNHJFFEA47CB
士林區,房地(土地+建物)+車位,臺北市士林區至善路二段88巷旁故宮路口A2棟3F,34.15,住,,,1030328,土地1建物1車位1,三層,5,華廈(10層含以下有電梯),住家用,鋼筋混凝土造,,114.05,1,1,1,有,無,21880000,242485,坡道平面,34.54,2600000,,RPQOMLKMNHJFFEA57CB
士林區,房地(土地+建物)+車位,臺北市士林區至善路二段88巷旁故宮路口A2棟5F,34.15,住,,,1030314,土地1建物1車位1,五層,5,華廈(10層含以下有電梯),住家用,鋼筋混凝土造,,112.34,1,1,1,有,無,21480000,242674,坡道平面,34.54,2600000,,RPSOMLKMNHJFFEA77CB
士林區,房地(土地+建物)+車位,臺北市士林區至善路二段88巷旁故宮路口A3棟1F,34.15,住,,,1021006,土地1建物1車位1,一層,5,華廈(10層含以下有電梯),住家用,鋼筋混凝土造,,107.88,1,1,1,有,無,25380000,305154,坡道平面,34.54,3000000,,RPTOMLKMNHJFFEA87CB
士林區,房地(土地+建物)+車位,臺北市士林區至善路二段88巷旁故宮路口A3棟3F,34.15,住,,,1030328,土地1建物1車位1,三層,5,華廈(10層含以下有電梯),住家用,鋼筋混凝土造,,114.05,1,1,1,有,無,21880000,242485,坡道平面,34.54,2600000,,RPUOMLKMNHJFFEA97CB
士林區,房地(土地+建物)+車位,臺北市士林區至善路二段88巷旁故宮路口A3棟5F,34.15,住,,,1030428,土地1建物1車位1,五層,5,華廈(10層含以下有電梯),住家用,鋼筋混凝土造,,112.34,2,2,1,有,無,21680000,242674,坡道平面,34.54,2800000,,RPVOMLKMNHJFFEA08CB
士林區,房地(土地+建物)+車位,臺北市士林區至善路二段88巷旁故宮路口A5棟4F,43.42,住,,,1030408,土地1建物1車位1,四層,5,華廈(10層含以下有電梯),住家用,鋼筋混凝土造,,136.67,2,2,1,有,無,27500000,243807,坡道平面,34.54,2600000,,RPQPMLKMNHJFFEA67CB
士林區,房地(土地+建物)+車位,臺北市士林區至善路二段88巷旁故宮路口A5棟5F,43.42,住,,,1030426,土地1建物1車位1,五層,5,華廈(10層含以下有電梯),住家用,鋼筋混凝土造,,132.93,2,2,1,有,無,26500000,242911,坡道平面,34.54,2600000,,RPSPMLKMNHJFFEA87CB
士林區,房地(土地+建物)+車位,臺北市士林區至善路二段88巷旁故宮路口A6棟1F,32.45,住,,,1021008,土地1建物1車位1,一層,5,華廈(10層含以下有電梯),住家用,鋼筋混凝土造,,103.84,1,1,1,有,無,23880000,304185,坡道平面,34.54,2800000,,RPTPMLKMNHJFFEA97CB
士林區,房地(土地+建物)+車位,臺北市士林區至善路二段88巷旁故宮路口A6棟5F,32.45,住,,,1021115,土地1建物1車位1,五層,5,華廈(10層含以下有電梯),住家用,鋼筋混凝土造,,108.17,1,1,1,有,無,21780000,257775,坡道平面,34.54,2800000,,RPUPMLKMNHJFFEA08CB
士林區,房地(土地+建物)+車位,臺北市士林區至善路二段88巷旁故宮路口A7棟1F,32.45,住,,,1021008,土地1建物1車位1,一層,5,華廈(10層含以下有電梯),住家用,鋼筋混凝土造,,104.17,1,1,1,有,無,23400000,292977,坡道平面,34.54,3000000,,RPVPMLKMNHJFFEA18CB
士林區,房地(土地+建物)+車位,臺北市士林區至善路二段88巷旁故宮路口A7棟2F,32.45,住,,,1030331,土地1建物1車位1,二層,5,華廈(10層含以下有電梯),住家用,鋼筋混凝土造,,109.88,2,2,1,有,無,20900000,242899,坡道平面,34.54,2600000,,RPXPMLKMNHJFFEA38CB
士林區,房地(土地+建物)+車位,臺北市士林區至善路二段88巷旁故宮路口A7棟3F,32.45,住,,,1021009,土地1建物1車位1,三層,5,華廈(10層含以下有電梯),住家用,鋼筋混凝土造,,109.88,1,1,1,有,無,22970000,267720,坡道平面,34.54,2800000,,RPOQMLKMNHJFFEA57CB
士林區,房地(土地+建物)+車位,臺北市士林區至善路二段88巷旁故宮路口A7棟4F,32.45,住,,,1030430,土地1建物1車位1,四層,5,華廈(10層含以下有電梯),住家用,鋼筋混凝土造,,109.88,1,1,1,有,無,20900000,242899,坡道平面,34.54,2600000,,RPQQMLKMNHJFFEA77CB
士林區,房地(土地+建物)+車位,臺北市士林區至善路二段88巷旁故宮路口A7棟5F,32.45,住,,,1030113,土地1建物1車位1,一層,5,華廈(10層含以下有電梯),住家用,鋼筋混凝土造,,108.17,2,2,1,有,無,22000000,258047,坡道平面,34.54,3000000,,RPRQMLKMNHJFFEA87CB
士林區,房地(土地+建物)+車位,臺北市士林區至善路二段88巷旁故宮路口A8棟2F,32.45,住,,,1030314,土地1建物1車位1,二層,5,華廈(10層含以下有電梯),住家用,鋼筋混凝土造,,109.88,1,1,1,有,無,20850000,242235,坡道平面,34.54,2600000,,RPSQMLKMNHJFFEA97CB
士林區,房地(土地+建物)+車位,臺北市士林區至善路二段88巷旁故宮路口A8棟3F,32.45,住,,,1021113,土地1建物1車位1,三層,5,華廈(10層含以下有電梯),住家用,鋼筋混凝土造,,109.88,2,2,1,有,無,20990000,244093,坡道平面,34.54,2600000,,RPTQMLKMNHJFFEA08CB
士林區,房地(土地+建物)+車位,臺北市士林區至善路二段88巷旁故宮路口A8棟4F,32.45,住,,,1021113,土地1建物1車位1,四層,5,華廈(10層含以下有電梯),住家用,鋼筋混凝土造,,108.17,1,1,1,有,無,20560000,243922,坡道平面,34.54,2600000,,RPWQMLKMNHJFFEA38CB
士林區,房地(土地+建物)+車位,臺北市士林區至善路二段88巷旁故宮路口A8棟5F,32.45,住,,,1021212,土地1建物1車位1,五層,5,華廈(10層含以下有電梯),住家用,鋼筋混凝土造,,108.17,1,1,1,有,無,22000000,260763,坡道平面,34.54,2800000,,RPXQMLKMNHJFFEA48CB
士林區,房地(土地+建物)+車位,臺北市士林區至善路二段88巷旁故宮路口A9棟2F,42.95,住,,,1030314,土地1建物1車位1,二層,5,華廈(10層含以下有電梯),住家用,鋼筋混凝土造,,136.75,2,2,1,有,無,27350000,242149,坡道平面,34.54,2600000,,RPPRMLKMNHJFFEA77CB
士林區,房地(土地+建物)+車位,臺北市士林區至善路二段88巷旁故宮路口A9棟3F,42.95,住,,,1021113,土地1建物1車位1,三層,5,華廈(10層含以下有電梯),住家用,鋼筋混凝土造,,136.75,2,2,1,有,無,27650000,245084,坡道平面,34.54,2600000,,RPRRMLKMNHJFFEA97CB
士林區,房地(土地+建物)+車位,臺北市士林區至善路二段88巷旁故宮路口A9棟4F,42.95,住,,,1021113,土地1建物1車位1,四層,5,華廈(10層含以下有電梯),住家用,鋼筋混凝土造,,134.62,2,2,1,有,無,27120000,245004,坡道平面,34.54,2600000,,RPSRMLKMNHJFFEA08CB
士林區,房地(土地+建物)+車位,臺北市士林區至善路二段88巷旁故宮路口A9棟5F,42.95,住,,,1021007,土地1建物1車位1,五層,5,華廈(10層含以下有電梯),住家用,鋼筋混凝土造,,136.86,2,2,1,有,無,29980000,265637,坡道平面,34.54,2800000,,RPTRMLKMNHJFFEA18CB
士林區,房地(土地+建物)+車位,臺北市士林區至善路二段88巷旁故宮路口A10棟2F,37.24,住,,,1030328,土地1建物1車位1,五層,5,華廈(10層含以下有電梯),住家用,鋼筋混凝土造,,121.77,2,2,1,有,無,23800000,243036,坡道平面,34.54,2600000,,RPURMLKMNHJFFEA28CB
士林區,房地(土地+建物)+車位,臺北市士林區至善路二段88巷旁故宮路口A10棟3F,37.24,住,,,1021103,土地1建物1車位1,三層,5,華廈(10層含以下有電梯),住家用,鋼筋混凝土造,,121.77,2,2,1,有,無,26000000,263671,坡道平面,34.54,3000000,,RPVRMLKMNHJFFEA38CB
士林區,房地(土地+建物)+車位,臺北市士林區至善路二段88巷旁故宮路口A10棟4F,37.24,住,,,1030330,土地1建物1車位1,四層,5,華廈(10層含以下有電梯),住家用,鋼筋混凝土造,,121.77,2,2,1,有,無,24500000,246475,坡道平面,34.54,3000000,,RPWRMLKMNHJFFEA48CB
士林區,房地(土地+建物)+車位,臺北市士林區至善路二段88巷旁故宮路口A10棟5F,37.24,住,,,1030317,土地1建物1車位1,五層,5,華廈(10層含以下有電梯),住家用,鋼筋混凝土造,,121.77,2,2,1,有,無,23800000,243036,坡道平面,34.54,2600000,,RPXRMLKMNHJFFEA58CB
北投區,房地(土地+建物),臺北市北投區光明路209號,1096.0,商,,,1030116,土地0建物1車位0,三層,24,住宅大樓(11層含以上有電梯),住家用,鋼造,,68.33,1,1,1,有,無,13500000,197571,,0.0,0,,RPTRMLMKOHJFFEA28CB
北投區,房地(土地+建物),臺北市北投區光明路209號,1096.0,商,,,1030116,土地0建物1車位0,四層,24,住宅大樓(11層含以上有電梯),住家用,鋼造,,68.33,1,1,1,有,無,13590000,198888,,0.0,0,,RPURMLMKOHJFFEA38CB
北投區,房地(土地+建物),臺北市北投區光明路209號,1096.0,商,,,1030110,土地0建物1車位0,七層,24,住宅大樓(11層含以上有電梯),住家用,鋼造,,68.33,1,1,1,有,無,14260000,208693,,0.0,0,,RPXRMLMKOHJFFEA68CB
北投區,房地(土地+建物),臺北市北投區光明路209號,1096.0,商,,,1030116,土地0建物1車位0,八層,24,住宅大樓(11層含以上有電梯),住家用,鋼造,,68.33,1,1,1,有,無,14430000,211181,,0.0,0,,RPOSMLMKOHJFFEA87CB
北投區,房地(土地+建物),臺北市北投區光明路209號,1096.0,商,,,1030125,土地0建物1車位0,九層,24,住宅大樓(11層含以上有電梯),住家用,鋼造,,68.33,1,1,1,有,無,14490000,212059,,0.0,0,,RPQSMLMKOHJFFEA08CB
北投區,房地(土地+建物),臺北市北投區光明路209號,1096.0,商,,,1030112,土地0建物1車位0,十層,24,住宅大樓(11層含以上有電梯),住家用,鋼造,,68.33,1,1,1,有,無,14760000,216011,,0.0,0,,RPRSMLMKOHJFFEA18CB
北投區,房地(土地+建物),臺北市北投區光明路209號,1096.0,商,,,1030112,土地0建物1車位0,十一層,24,住宅大樓(11層含以上有電梯),住家用,鋼造,,68.33,1,1,1,有,無,14920000,218352,,0.0,0,,RPTSMLMKOHJFFEA38CB
北投區,房地(土地+建物),臺北市北投區光明路209號,1096.0,商,,,1030125,土地0建物1車位0,十二層,24,住宅大樓(11層含以上有電梯),住家用,鋼造,,68.33,1,1,1,有,無,15130000,221425,,0.0,0,,RPVSMLMKOHJFFEA58CB
北投區,房地(土地+建物),臺北市北投區光明路209號,1096.0,商,,,1030114,土地0建物1車位0,十三層,24,住宅大樓(11層含以上有電梯),住家用,鋼造,,68.33,1,1,1,有,無,15340000,224499,,0.0,0,,RPWSMLMKOHJFFEA68CB
北投區,房地(土地+建物),臺北市北投區光明路209號,1096.0,商,,,1030228,土地0建物1車位0,十五層,24,住宅大樓(11層含以上有電梯),住家用,鋼造,,68.33,1,1,1,有,無,15650000,229036,,0.0,0,,RPOTMLMKOHJFFEA97CB
北投區,房地(土地+建物),臺北市北投區光明路209號,1096.0,商,,,1030107,土地0建物1車位0,十九層,24,住宅大樓(11層含以上有電梯),住家用,鋼造,,68.33,1,1,1,有,無,16810000,246012,,0.0,0,,RPSTMLMKOHJFFEA38CB
北投區,房地(土地+建物),臺北市北投區光明路209號,1096.0,商,,,1030205,土地0建物1車位0,三層,24,住宅大樓(11層含以上有電梯),住家用,鋼造,,68.33,1,1,1,有,無,13700000,200498,,0.0,0,,RPOUMLMKOHJFFEA08CB
北投區,房地(土地+建物),臺北市北投區光明路209號,1096.0,商,,,1030121,土地0建物1車位0,四層,24,住宅大樓(11層含以上有電梯),住家用,鋼造,,68.33,1,1,1,有,無,13800000,201961,,0.0,0,,RPPUMLMKOHJFFEA18CB
北投區,房地(土地+建物),臺北市北投區光明路209號,1096.0,商,,,1030120,土地0建物1車位0,六層,24,住宅大樓(11層含以上有電梯),住家用,鋼造,,68.33,1,1,1,有,無,14300000,209279,,0.0,0,,RPQUMLMKOHJFFEA28CB
北投區,房地(土地+建物),臺北市北投區光明路209號,1096.0,商,,,1030110,土地0建物1車位0,七層,24,住宅大樓(11層含以上有電梯),住家用,鋼造,,68.33,1,1,1,有,無,14470000,211766,,0.0,0,,RPRUMLMKOHJFFEA38CB
北投區,房地(土地+建物),臺北市北投區光明路209號,1096.0,商,,,1030110,土地0建物1車位0,八層,24,住宅大樓(11層含以上有電梯),住家用,鋼造,,68.33,1,1,1,有,無,14630000,214108,,0.0,0,,RPSUMLMKOHJFFEA48CB
北投區,房地(土地+建物),臺北市北投區光明路209號,1096.0,商,,,1030111,土地0建物1車位0,九層,24,住宅大樓(11層含以上有電梯),住家用,鋼造,,68.33,1,1,1,有,無,14800000,216596,,0.0,0,,RPTUMLMKOHJFFEA58CB
北投區,房地(土地+建物),臺北市北投區光明路209號,1096.0,商,,,1030112,土地0建物1車位0,十層,24,住宅大樓(11層含以上有電梯),住家用,鋼造,,68.33,1,1,1,有,無,14970000,219084,,0.0,0,,RPUUMLMKOHJFFEA68CB
北投區,房地(土地+建物),臺北市北投區光明路209號,1096.0,商,,,1030209,土地0建物1車位0,十二層,24,住宅大樓(11層含以上有電梯),住家用,鋼造,,68.33,1,1,1,有,無,15320000,224206,,0.0,0,,RPWUMLMKOHJFFEA88CB
北投區,房地(土地+建物),臺北市北投區光明路209號,1096.0,商,,,1030228,土地0建物1車位0,十五層,24,住宅大樓(11層含以上有電梯),住家用,鋼造,,68.33,1,1,1,有,無,15850000,231963,,0.0,0,,RPVVMLMKOHJFFEA88CB
北投區,房地(土地+建物),臺北市北投區光明路209號,1096.0,商,,,1030109,土地0建物1車位0,四層,24,住宅大樓(11層含以上有電梯),住家用,鋼造,,122.62,2,2,2,有,無,23620000,192628,,0.0,0,,RPPOMLNKOHJFFEA67CB
內湖區,房地(土地+建物)+車位,臺北市內湖區成功路二段,20.72,商,,,1010930,土地7建物1車位2,十一層,14,住宅大樓(11層含以上有電梯),商業用,鋼筋混凝土造,,280.59,3,2,2,有,無,52490000,228693,坡道平面,71.62,4700000,,RPRNMLPKOHJFFCA87DB
大安區,房地(土地+建物),臺北市大安區信義路三段147巷11弄C戶2樓,6.92,住,,,1030115,土地2建物1車位0,二層,7,套房(1房1廳1衛),住家用,鋼筋混凝土造,,28.76,1,0,1,有,無,13220000,459666,,0.0,0,,RPROMLKLOHJFFFA87DB
大安區,房地(土地+建物),臺北市大安區信義路三段147巷11弄B戶2樓,8.24,住,,,1030121,土地2建物1車位0,二層,7,套房(1房1廳1衛),住家用,鋼筋混凝土造,,35.23,1,0,1,有,無,15880000,450752,,0.0,0,,RPSOMLKLOHJFFFA97DB
大安區,房地(土地+建物),臺北市大安區信義路三段147巷11弄A戶5樓,6.6,住,,,1030217,土地2建物1車位0,五層,7,套房(1房1廳1衛),住家用,鋼筋混凝土造,,29.02,1,0,1,有,無,14630000,504135,,0.0,0,,RPTOMLKLOHJFFFA08DB
大安區,房地(土地+建物),臺北市大安區信義路三段147巷11弄C戶4樓,6.43,住,,,1030222,土地2建物1車位0,四層,7,套房(1房1廳1衛),住家用,鋼筋混凝土造,,28.76,1,0,1,有,無,12860000,447149,,0.0,0,,RPUOMLKLOHJFFFA18DB
大安區,房地(土地+建物),臺北市大安區信義路三段147巷11弄C戶3樓,6.43,住,,,1030216,土地2建物1車位0,三層,7,套房(1房1廳1衛),住家用,鋼筋混凝土造,,28.76,1,0,1,有,無,12800000,445063,,0.0,0,,RPVOMLKLOHJFFFA28DB
大安區,房地(土地+建物),臺北市大安區信義路三段147巷11弄A戶3樓,7.92,住,,,1030308,土地2建物1車位0,三層,7,套房(1房1廳1衛),住家用,鋼筋混凝土造,,33.77,1,0,1,有,無,15320000,453657,,0.0,0,,RPWOMLKLOHJFFFA38DB
大安區,房地(土地+建物),臺北市大安區信義路三段147巷11弄C戶5樓,6.43,住,,,1030322,土地2建物1車位0,五層,7,套房(1房1廳1衛),住家用,鋼筋混凝土造,,29.48,1,0,1,有,無,13380000,453867,,0.0,0,,RPXOMLKLOHJFFFA48DB
大安區,房地(土地+建物),臺北市大安區信義路三段147巷11弄B戶6樓,5.27,住,,,1030322,土地2建物1車位0,六層,7,套房(1房1廳1衛),住家用,鋼筋混凝土造,,28.54,1,0,1,有,無,13170000,461458,,0.0,0,,RPPPMLKLOHJFFFA77DB
大安區,房地(土地+建物),臺北市大安區信義路三段147巷11弄A戶4樓,7.92,住,,,1030331,土地2建物1車位0,四層,7,套房(1房1廳1衛),住家用,鋼筋混凝土造,,33.77,1,0,1,有,無,15330000,453953,,0.0,0,,RPQPMLKLOHJFFFA87DB
大安區,房地(土地+建物),臺北市大安區信義路三段147巷11弄A戶2樓,7.92,住,,,1030403,土地2建物1車位0,二層,7,套房(1房1廳1衛),住家用,鋼筋混凝土造,,33.77,1,0,1,有,無,15280000,452473,,0.0,0,,RPRPMLKLOHJFFFA97DB
大安區,房地(土地+建物),臺北市大安區信義路三段147巷11弄A戶1樓,6.6,住,,,1030420,土地2建物1車位0,一層,7,套房(1房1廳1衛),住家用,鋼筋混凝土造,,31.85,1,0,1,有,無,16950000,532182,,0.0,0,,RPSPMLKLOHJFFFA08DB
大安區,房地(土地+建物),臺北市大安區信義路三段147巷11弄B戶1樓,6.92,住,,,1030420,土地2建物1車位0,一層,7,套房(1房1廳1衛),住家用,鋼筋混凝土造,,33.47,1,0,1,有,無,16850000,503436,,0.0,0,,RPTPMLKLOHJFFFA18DB
大安區,房地(土地+建物),臺北市大安區信義路三段147巷11弄A戶7樓,6.17,住,,,1030424,土地2建物1車位0,七層,7,套房(1房1廳1衛),住家用,鋼筋混凝土造,,41.51,1,0,1,有,無,20500000,493857,,0.0,0,,RPUPMLKLOHJFFFA28DB
大安區,房地(土地+建物),臺北市大安區信義路三段147巷11弄B戶3樓,8.24,住,,,1030424,土地2建物1車位0,三層,7,套房(1房1廳1衛),住家用,鋼筋混凝土造,,35.23,1,0,1,有,無,15450000,438547,,0.0,0,,RPVPMLKLOHJFFFA38DB
大安區,房地(土地+建物),臺北市大安區信義路三段147巷11弄B戶5樓,6.87,住,,,1030425,土地2建物1車位0,五層,7,套房(1房1廳1衛),住家用,鋼筋混凝土造,,30.32,1,0,1,有,無,14150000,466689,,0.0,0,,RPXPMLKLOHJFFFA58DB
大安區,房地(土地+建物),臺北市大安區信義路三段147巷11弄B戶4樓,8.24,住,,,1030530,土地2建物1車位0,四層,7,套房(1房1廳1衛),住家用,鋼筋混凝土造,,35.23,1,0,1,有,無,15250000,432870,,0.0,0,,RPOQMLKLOHJFFFA77DB
南港區,房地(土地+建物),臺北市南港區松河街770號旁 A棟13樓,29.09,住,,,1021102,土地1建物1車位0,十三層,14,住宅大樓(11層含以上有電梯),住家用,鋼筋混凝土造,,89.38,2,2,1,有,無,20680000,231372,,0.0,0,,RPOOMLKMOHJFFDA37CB
南港區,房地(土地+建物),臺北市南港區松河街770號旁 A棟11樓,29.09,住,,,1021111,土地1建物1車位0,十一層,14,住宅大樓(11層含以上有電梯),住家用,鋼筋混凝土造,,89.38,3,2,1,有,無,20550000,229917,,0.0,0,,RPTOMLKMOHJFFDA87CB
南港區,房地(土地+建物),臺北市南港區松河街770號旁A棟4樓,29.29,住,,,1021113,土地1建物1車位0,四層,14,住宅大樓(11層含以上有電梯),住家用,鋼筋混凝土造,,90.24,2,2,1,有,無,18150000,201130,,0.0,0,,RPUNMLLJPHJFFDA77CB
南港區,房地(土地+建物),臺北市南港區松河街770號旁A棟3樓,29.29,住,,,1021113,土地1建物1車位0,三層,14,住宅大樓(11層含以上有電梯),住家用,鋼筋混凝土造,,90.24,2,2,1,有,無,18150000,201130,,0.0,0,,RPXNMLLJPHJFFDA08CB
北投區,房地(土地+建物)+車位,臺北市北投區光明路209號,1096.0,商,,,1030119,土地0建物1車位1,六層,24,住宅大樓(11層含以上有電梯),住家用,鋼造,,205.06,3,2,2,有,無,35590000,206329,坡道平面,45.17,2600000,,RPQNMLSKPHJFFEA28CB
北投區,房地(土地+建物)+車位,臺北市北投區光明路209號,1096.0,商,,,1030111,土地0建物1車位1,四層,24,住宅大樓(11層含以上有電梯),住家用,鋼造,,205.06,3,2,2,有,無,34390000,198824,坡道平面,45.17,2600000,,RPRNMLSKPHJFFEA38CB
北投區,房地(土地+建物)+車位,臺北市北投區光明路209號,1096.0,商,,,1030119,土地0建物1車位1,七層,24,住宅大樓(11層含以上有電梯),住家用,鋼造,,205.06,3,2,2,有,無,35160000,204265,坡道平面,45.17,2500000,,RPSNMLSKPHJFFEA48CB
北投區,房地(土地+建物)+車位,臺北市北投區光明路209號,1096.0,商,,,1030113,土地0建物1車位1,八層,24,住宅大樓(11層含以上有電梯),住家用,鋼造,,205.06,3,2,2,有,無,37000000,215773,坡道平面,45.17,2500000,,RPUNMLSKPHJFFEA68CB
北投區,房地(土地+建物)+車位,臺北市北投區光明路209號,1096.0,商,,,1030215,土地0建物1車位1,九層,24,住宅大樓(11層含以上有電梯),住家用,鋼造,,205.06,3,2,2,有,無,36120000,209019,坡道平面,45.17,2700000,,RPVNMLSKPHJFFEA78CB
北投區,房地(土地+建物)+車位,臺北市北投區光明路209號,1096.0,商,,,1030215,土地0建物1車位1,三層,24,住宅大樓(11層含以上有電梯),住家用,鋼造,,205.06,3,2,2,有,無,34500000,198887,坡道平面,45.17,2700000,,RPWNMLSKPHJFFEA88CB
北投區,房地(土地+建物)+車位,臺北市北投區光明路209號,1096.0,商,,,1030309,土地0建物1車位1,十層,24,住宅大樓(11層含以上有電梯),住家用,鋼造,,182.48,3,2,2,有,無,36550000,214835,坡道機械,22.59,2200000,,RPXNMLSKPHJFFEA98CB
北投區,房地(土地+建物)+車位,臺北市北投區光明路209號,1096.0,商,,,1030115,土地0建物1車位1,十二層,24,住宅大樓(11層含以上有電梯),住家用,鋼造,,205.06,3,2,2,有,無,37230000,216899,坡道平面,45.17,2550000,,RPPOMLSKPHJFFEA28CB
北投區,房地(土地+建物)+車位,臺北市北投區光明路209號,1096.0,商,,,1030119,土地0建物1車位1,十三層,24,住宅大樓(11層含以上有電梯),住家用,鋼造,,205.06,3,2,2,有,無,37610000,219901,坡道平面,45.17,2450000,,RPQOMLSKPHJFFEA38CB
北投區,房地(土地+建物)+車位,臺北市北投區光明路209號,1096.0,商,,,1030114,土地0建物1車位1,十五層,24,住宅大樓(11層含以上有電梯),住家用,鋼造,,205.06,3,2,2,有,無,39240000,228532,坡道平面,45.17,2700000,,RPROMLSKPHJFFEA48CB
北投區,房地(土地+建物)+車位,臺北市北投區光明路209號,1096.0,商,,,1030113,土地0建物1車位1,十六層,24,住宅大樓(11層含以上有電梯),住家用,鋼造,,205.06,3,2,2,有,無,39170000,229032,坡道平面,45.17,2550000,,RPTOMLSKPHJFFEA68CB
北投區,房地(土地+建物)+車位,臺北市北投區光明路209號,1096.0,商,,,1030113,土地0建物1車位1,十七層,24,住宅大樓(11層含以上有電梯),住家用,鋼造,,205.06,3,2,2,有,無,40330000,234724,坡道平面,45.17,2800000,,RPUOMLSKPHJFFEA78CB
北投區,房地(土地+建物)+車位,臺北市北投區光明路209號,1096.0,商,,,1030113,土地0建物1車位1,十四層,24,住宅大樓(11層含以上有電梯),住家用,鋼造,,205.06,3,2,2,有,無,38650000,225468,坡道平面,45.17,2600000,,RPVOMLSKPHJFFEA88CB
北投區,房地(土地+建物)+車位,臺北市北投區光明路209號,1096.0,商,,,1021230,土地0建物1車位1,十八層,24,住宅大樓(11層含以上有電梯),住家用,鋼造,,205.06,3,2,2,有,無,40300000,234536,坡道平面,45.17,2800000,,RPWOMLSKPHJFFEA98CB
北投區,房地(土地+建物)+車位,臺北市北投區光明路209號,1096.0,商,,,1030107,土地0建物1車位2,十九層,24,住宅大樓(11層含以上有電梯),住家用,鋼造,,250.3,3,2,2,有,無,44450000,242873,坡道平面,90.34,5600000,,RPXOMLSKPHJFFEA09CB
北投區,房地(土地+建物)+車位,臺北市北投區光明路209號,1096.0,商,,,1030208,土地0建物1車位1,二十層,24,住宅大樓(11層含以上有電梯),住家用,鋼造,,203.2,3,2,2,有,無,39560000,232930,坡道平面,45.17,2750000,,RPOPMLSKPHJFFEA28CB
北投區,房地(土地+建物)+車位,臺北市北投區光明路209號,1096.0,商,,,1030116,土地0建物1車位1,二十一層,24,住宅大樓(11層含以上有電梯),住家用,鋼造,,203.2,3,2,2,有,無,41620000,245650,坡道平面,45.17,2800000,,RPPPMLSKPHJFFEA38CB
北投區,房地(土地+建物),臺北市北投區光明路209號,1096.0,商,,,1030103,土地0建物1車位0,二十二層,24,住宅大樓(11層含以上有電梯),住家用,鋼造,,158.03,3,2,2,有,無,39050000,247105,,0.0,0,,RPQPMLSKPHJFFEA48CB
北投區,房地(土地+建物)+車位,臺北市北投區光明路209號,1096.0,商,,,1030104,土地0建物1車位1,五層,24,住宅大樓(11層含以上有電梯),住家用,鋼造,,113.5,1,1,1,有,無,16480000,203864,坡道平面,45.17,2550000,,RPRPMLSKPHJFFEA58CB
北投區,房地(土地+建物)+車位,臺北市北投區光明路209號,1096.0,商,,,1021224,土地0建物1車位1,六層,24,住宅大樓(11層含以上有電梯),住家用,鋼造,,113.5,1,1,1,有,無,16550000,206352,坡道平面,45.17,2450000,,RPSPMLSKPHJFFEA68CB
北投區,房地(土地+建物)+車位,臺北市北投區光明路209號,1096.0,商,,,1030113,土地0建物1車位1,十六層,24,住宅大樓(11層含以上有電梯),住家用,鋼造,,113.5,1,1,1,有,無,18710000,236499,坡道平面,45.17,2550000,,RPTPMLSKPHJFFEA78CB
北投區,房地(土地+建物)+車位,臺北市北投區光明路209號,1096.0,商,,,1030117,土地0建物1車位1,十八層,24,住宅大樓(11層含以上有電梯),住家用,鋼造,,113.5,1,1,1,有,無,18610000,236499,坡道平面,45.17,2450000,,RPVPMLSKPHJFFEA98CB
北投區,房地(土地+建物)+車位,臺北市北投區光明路209號,1096.0,商,,,1030125,土地0建物1車位1,二十層,24,住宅大樓(11層含以上有電梯),住家用,鋼造,,112.68,1,1,1,有,無,18460000,238631,坡道平面,45.17,2350000,,RPWPMLSKPHJFFEA09CB
北投區,房地(土地+建物)+車位,臺北市北投區光明路209號,1096.0,商,,,1030125,土地0建物1車位1,二十一層,24,住宅大樓(11層含以上有電梯),住家用,鋼造,,112.68,1,1,1,有,無,18610000,239372,坡道平面,45.17,2450000,,RPXPMLSKPHJFFEA56CB
北投區,房地(土地+建物)+車位,臺北市北投區光明路209號,1096.0,商,,,1030125,土地0建物1車位1,二十二層,24,住宅大樓(11層含以上有電梯),住家用,鋼造,,112.68,1,1,1,有,無,18670000,240261,坡道平面,45.17,2450000,,RPPQMLSKPHJFFEA48CB
北投區,房地(土地+建物)+車位,臺北市北投區光明路209號,1096.0,商,,,1030116,土地0建物1車位1,十一層,24,住宅大樓(11層含以上有電梯),住家用,鋼造,,113.5,1,1,1,有,無,17680000,221425,坡道平面,45.17,2550000,,RPQQMLSKPHJFFEA58CB
北投區,房地(土地+建物)+車位,臺北市北投區光明路209號,1096.0,商,,,1030122,土地0建物1車位1,十三層,24,住宅大樓(11層含以上有電梯),住家用,鋼造,,90.92,1,1,1,有,無,17040000,227426,坡道機械,22.59,1500000,,RPRQMLSKPHJFFEA68CB
北投區,房地(土地+建物)+車位,臺北市北投區光明路209號,1096.0,商,,,1030111,土地0建物1車位1,十四層,24,住宅大樓(11層含以上有電梯),住家用,鋼造,,90.92,1,1,1,有,無,17780000,238256,坡道機械,22.59,1500000,,RPSQMLSKPHJFFEA78CB
北投區,房地(土地+建物)+車位,臺北市北投區光明路209號,1096.0,商,,,1030111,土地0建物1車位2,十一層,24,住宅大樓(11層含以上有電梯),住家用,鋼造,,227.65,3,2,2,有,無,38380000,215023,坡道平面,67.76,4000000,,RPTQMLSKPHJFFEA88CB
北投區,房地(土地+建物)+車位,臺北市北投區光明路209號,1096.0,商,,,1030116,土地0建物1車位1,十四層,24,住宅大樓(11層含以上有電梯),住家用,鋼造,,90.92,1,1,1,有,無,18060000,240890,坡道機械,22.59,1600000,,RPUQMLSKPHJFFEA98CB
北投區,房地(土地+建物)+車位,臺北市北投區光明路209號,1096.0,商,,,1030127,土地0建物1車位1,十七層,24,住宅大樓(11層含以上有電梯),住家用,鋼造,,90.92,1,1,1,有,無,18240000,244988,坡道機械,22.59,1500000,,RPVQMLSKPHJFFEA09CB
北投區,房地(土地+建物)+車位,臺北市北投區光明路209號,1096.0,商,,,1030113,土地0建物1車位1,十六層,24,住宅大樓(11層含以上有電梯),住家用,鋼造,,113.5,1,1,1,有,無,18710000,236499,坡道平面,45.17,2550000,,RPWQMLSKPHJFFEA56CB
北投區,房地(土地+建物)+車位,臺北市北投區光明路209號,1096.0,商,,,1030125,土地0建物1車位1,十七層,24,住宅大樓(11層含以上有電梯),住家用,鋼造,,113.5,1,1,1,有,無,18510000,235036,坡道平面,45.17,2450000,,RPXQMLSKPHJFFEA66CB
北投區,房地(土地+建物)+車位,臺北市北投區光明路209號,1096.0,商,,,1030313,土地0建物1車位1,二十層,24,住宅大樓(11層含以上有電梯),住家用,鋼造,,238.7,3,2,2,有,無,48830000,238361,坡道平面,45.17,2700000,,RPQRMLSKPHJFFEA68CB
北投區,房地(土地+建物)+車位,臺北市北投區光明路209號,1096.0,商,,,1030313,土地0建物1車位1,二十一層,24,住宅大樓(11層含以上有電梯),住家用,鋼造,,216.12,3,2,2,有,無,48250000,238981,坡道機械,22.59,2000000,,RPRRMLSKPHJFFEA78CB
北投區,房地(土地+建物)+車位,臺北市北投區光明路209號,1096.0,商,,,1030210,土地0建物1車位2,二十二層,24,住宅大樓(11層含以上有電梯),住家用,鋼造,,283.88,3,2,2,有,無,52100000,240260,坡道平面,90.34,5600000,,RPSRMLSKPHJFFEA88CB
北投區,房地(土地+建物)+車位,臺北市北投區光明路209號,1096.0,商,,,1030125,土地0建物1車位1,三層,24,住宅大樓(11層含以上有電梯),住家用,鋼造,,168.55,2,2,2,有,無,25810000,190550,坡道平面,45.17,2300000,,RPTRMLSKPHJFFEA98CB
北投區,房地(土地+建物)+車位,臺北市北投區光明路209號,1096.0,商,,,1030119,土地0建物1車位1,六層,24,住宅大樓(11層含以上有電梯),住家用,鋼造,,145.21,2,2,2,有,無,26500000,203882,坡道機械,22.59,1500000,,RPURMLSKPHJFFEA09CB
北投區,房地(土地+建物)+車位,臺北市北投區光明路209號,1096.0,商,,,1030111,土地0建物1車位1,七層,24,住宅大樓(11層含以上有電梯),住家用,鋼造,,167.79,2,2,2,有,無,28000000,207960,坡道平面,45.17,2500000,,RPVRMLSKPHJFFEA56CB
北投區,房地(土地+建物)+車位,臺北市北投區光明路209號,1096.0,商,,,1021228,土地0建物1車位1,九層,24,住宅大樓(11層含以上有電梯),住家用,鋼造,,145.21,2,2,2,有,無,27700000,212853,坡道機械,22.59,1600000,,RPOSMLSKPHJFFEA58CB
北投區,房地(土地+建物)+車位,臺北市北投區光明路209號,1096.0,商,,,1030103,土地0建物1車位1,十三層,24,住宅大樓(11層含以上有電梯),住家用,鋼造,,167.79,2,2,2,有,無,30300000,226717,坡道平面,45.17,2500000,,RPSSMLSKPHJFFEA98CB
北投區,房地(土地+建物)+車位,臺北市北投區光明路209號,1096.0,商,,,1030225,土地0建物1車位1,八層,24,住宅大樓(11層含以上有電梯),住家用,鋼造,,167.79,2,2,2,有,無,27090000,200538,坡道平面,45.17,2500000,,RPTSMLSKPHJFFEA09CB
北投區,房地(土地+建物)+車位,臺北市北投區光明路209號,1096.0,商,,,1030125,土地0建物1車位1,十層,24,住宅大樓(11層含以上有電梯),住家用,鋼造,,167.79,2,2,2,有,無,27680000,205350,坡道平面,45.17,2500000,,RPUSMLSKPHJFFEA56CB
北投區,房地(土地+建物)+車位,臺北市北投區光明路209號,1096.0,商,,,1030120,土地0建物1車位1,十四層,24,住宅大樓(11層含以上有電梯),住家用,鋼造,,167.79,2,2,2,有,無,29000000,217746,坡道平面,45.17,2300000,,RPVSMLSKPHJFFEA66CB
北投區,房地(土地+建物)+車位,臺北市北投區光明路209號,1096.0,商,,,1030113,土地0建物1車位1,十五層,24,住宅大樓(11層含以上有電梯),住家用,鋼造,,167.79,2,2,2,有,無,30620000,228511,坡道平面,45.17,2600000,,RPXSMLSKPHJFFEA86CB
北投區,房地(土地+建物)+車位,臺北市北投區光明路209號,1096.0,商,,,1030113,土地0建物1車位1,十六層,24,住宅大樓(11層含以上有電梯),住家用,鋼造,,167.79,2,2,2,有,無,30630000,229000,坡道平面,45.17,2550000,,RPPTMLSKPHJFFEA78CB
北投區,房地(土地+建物)+車位,臺北市北投區光明路209號,1096.0,商,,,1030113,土地0建物1車位1,十七層,24,住宅大樓(11層含以上有電梯),住家用,鋼造,,167.79,2,2,2,有,無,31430000,235932,坡道平面,45.17,2500000,,RPQTMLSKPHJFFEA88CB
北投區,房地(土地+建物)+車位,臺北市北投區光明路209號,1096.0,商,,,1030117,土地0建物1車位2,十八層,24,住宅大樓(11層含以上有電梯),住家用,鋼造,,213.03,2,2,2,有,無,33360000,231967,坡道平面,90.34,4900000,,RPRTMLSKPHJFFEA98CB
北投區,房地(土地+建物)+車位,臺北市北投區光明路209號,1096.0,商,,,1030107,土地0建物1車位1,十九層,24,住宅大樓(11層含以上有電梯),住家用,鋼造,,167.86,2,2,2,有,無,32600000,242889,坡道平面,45.17,2800000,,RPSTMLSKPHJFFEA09CB
北投區,房地(土地+建物)+車位,臺北市北投區光明路209號,1096.0,商,,,1030117,土地0建物1車位1,十八層,24,住宅大樓(11層含以上有電梯),住家用,鋼造,,113.5,1,1,1,有,無,18610000,236499,坡道平面,45.17,2450000,,RPUTMLSKPHJFFEA66CB
北投區,房地(土地+建物)+車位,臺北市北投區光明路209號,1096.0,商,,,1030118,土地0建物1車位1,十二層,24,住宅大樓(11層含以上有電梯),住家用,鋼造,,167.79,2,2,2,有,無,28500000,210814,坡道平面,45.17,2650000,,RPVTMLSKPHJFFEA76CB
北投區,房地(土地+建物)+車位,臺北市北投區光明路209號,1096.0,商,,,1030110,土地0建物1車位1,十一層,24,住宅大樓(11層含以上有電梯),住家用,鋼造,,167.79,2,2,2,有,無,27930000,207796,坡道平面,45.17,2450000,,RPWTMLSKPHJFFEA86CB
北投區,房地(土地+建物)+車位,臺北市北投區光明路209號,1096.0,商,,,1030110,土地0建物1車位1,十九層,24,住宅大樓(11層含以上有電梯),住家用,鋼造,,113.5,1,1,1,有,無,19000000,240012,坡道平面,45.17,2600000,,RPXTMLSKPHJFFEA96CB
士林區,房地(土地+建物)+車位,臺北市士林區重慶北路四段222號,13.28,住,,,1030119,土地9建物1車位1,三層,14,住宅大樓(11層含以上有電梯),住家用,鋼筋混凝土造,,104.24,2,1,1,有,無,15250000,164925,坡道機械,19.05,1200000,,RPWPMLTLPHJFFEA66CB
士林區,房地(土地+建物)+車位,臺北市士林區重慶北路四段222號,20.91,住,,,1030125,土地9建物1車位1,七層,14,住宅大樓(11層含以上有電梯),住家用,鋼筋混凝土造,,172.13,2,1,1,有,無,27200000,188391,坡道平面,38.1,1950000,,RPXPMLTLPHJFFEA76CB
士林區,房地(土地+建物)+車位,臺北市士林區重慶北路四段222號,14.95,住,,,1030122,土地9建物1車位1,八層,14,住宅大樓(11層含以上有電梯),住家用,鋼筋混凝土造,,115.01,2,1,1,有,無,19630000,192059,坡道機械,19.05,1200000,,RPPQMLTLPHJFFEA68CB
士林區,房地(土地+建物)+車位,臺北市士林區重慶北路四段222號,13.51,住,,,1030126,土地9建物1車位1,十層,14,住宅大樓(11層含以上有電梯),住家用,鋼筋混凝土造,,105.76,1,1,1,有,無,16760000,179449,坡道機械,19.05,1200000,,RPQQMLTLPHJFFEA78CB
士林區,房地(土地+建物),臺北市士林區重慶北路四段222號,14.12,住,,,1030115,土地9建物1車位0,十一層,14,住宅大樓(11層含以上有電梯),住家用,鋼筋混凝土造,,90.94,1,1,1,有,無,16920000,186057,,0.0,0,,RPRQMLTLPHJFFEA88CB
士林區,房地(土地+建物)+車位,臺北市士林區重慶北路四段222號,13.51,住,,,1030123,土地9建物1車位1,十二層,14,住宅大樓(11層含以上有電梯),住家用,鋼筋混凝土造,,105.76,1,1,1,有,無,17560000,185792,坡道機械,19.05,1450000,,RPSQMLTLPHJFFEA98CB
士林區,房地(土地+建物)+車位,臺北市士林區重慶北路四段222號,14.17,住,,,1030119,土地9建物1車位1,十三層,14,住宅大樓(11層含以上有電梯),住家用,鋼筋混凝土造,,109.99,1,1,1,有,無,18260000,187596,坡道機械,19.05,1200000,,RPTQMLTLPHJFFEA09CB
士林區,房地(土地+建物)+車位,臺北市士林區重慶北路四段222號,13.51,住,,,1030119,土地9建物1車位1,十四層,14,住宅大樓(11層含以上有電梯),住家用,鋼筋混凝土造,,105.76,1,1,1,有,無,17480000,184869,坡道機械,19.05,1450000,,RPUQMLTLPHJFFEA56CB
士林區,房地(土地+建物),臺北市士林區重慶北路四段222號,5.69,住,,,1030118,土地9建物1車位0,二層,14,住宅大樓(11層含以上有電梯),住家用,鋼筋混凝土造,,36.62,0,0,0,無,無,6100000,166576,,0.0,0,,RPVQMLTLPHJFFEA66CB
士林區,房地(土地+建物),臺北市士林區重慶北路四段222號,12.49,住,,,1030125,土地9建物1車位0,二層,14,住宅大樓(11層含以上有電梯),住家用,鋼筋混凝土造,,80.47,2,1,1,有,無,13000000,161551,,0.0,0,,RPWQMLTLPHJFFEA76CB
士林區,房地(土地+建物),臺北市士林區重慶北路四段222號,12.45,住,,,1030122,土地9建物1車位0,三層,14,住宅大樓(11層含以上有電梯),住家用,鋼筋混凝土造,,80.13,2,1,1,有,無,13210000,164857,,0.0,0,,RPXQMLTLPHJFFEA86CB
士林區,房地(土地+建物)+車位,臺北市士林區重慶北路四段222號,12.47,住,,,1030125,土地9建物1車位1,七層,14,住宅大樓(11層含以上有電梯),住家用,鋼筋混凝土造,,117.78,1,1,1,有,無,16410000,181476,坡道平面,38.1,1950000,,RPPRMLTLPHJFFEA78CB
士林區,房地(土地+建物)+車位,臺北市士林區重慶北路四段222號,13.28,住,,,1030124,土地9建物1車位1,十層,14,住宅大樓(11層含以上有電梯),住家用,鋼筋混凝土造,,104.24,1,1,1,有,無,17630000,186994,坡道機械,19.05,1700000,,RPQRMLTLPHJFFEA88CB
士林區,房地(土地+建物)+車位,臺北市士林區重慶北路四段222號,12.62,住,,,1030115,土地9建物1車位1,十一層,14,住宅大樓(11層含以上有電梯),住家用,鋼筋混凝土造,,100.0,1,1,1,有,無,16840000,187029,坡道機械,19.05,1700000,,RPRRMLTLPHJFFEA98CB
士林區,房地(土地+建物)+車位,臺北市士林區重慶北路四段222號,13.33,住,,,1030121,土地9建物1車位1,十二層,14,住宅大樓(11層含以上有電梯),住家用,鋼筋混凝土造,,123.29,1,1,1,有,無,17880000,188755,坡道平面,38.1,1800000,,RPSRMLTLPHJFFEA09CB
士林區,房地(土地+建物)+車位,臺北市士林區重慶北路四段222號,12.62,住,,,1030119,土地9建物1車位1,十三層,14,住宅大樓(11層含以上有電梯),住家用,鋼筋混凝土造,,100.0,1,1,1,有,無,16630000,190611,坡道機械,19.05,1200000,,RPTRMLTLPHJFFEA56CB
士林區,房地(土地+建物)+車位,臺北市士林區重慶北路四段222號,13.28,住,,,1030119,土地9建物1車位1,十四層,14,住宅大樓(11層含以上有電梯),住家用,鋼筋混凝土造,,104.24,1,1,1,有,無,17840000,192393,坡道機械,19.05,1450000,,RPURMLTLPHJFFEA66CB
士林區,房地(土地+建物),臺北市士林區重慶北路四段222號,7.11,住,,,1030122,土地9建物1車位0,二層,14,住宅大樓(11層含以上有電梯),住家用,鋼筋混凝土造,,45.82,0,0,0,無,無,7830000,170886,,0.0,0,,RPVRMLTLPHJFFEA76CB
士林區,房地(土地+建物),臺北市士林區重慶北路四段222號,5.66,住,,,1030115,土地9建物1車位0,三層,14,住宅大樓(11層含以上有電梯),住家用,鋼筋混凝土造,,36.44,0,0,0,無,無,6170000,169319,,0.0,0,,RPWRMLTLPHJFFEA86CB
士林區,房地(土地+建物),臺北市士林區重慶北路四段222號,11.31,住,,,1030123,土地9建物1車位0,七層,14,住宅大樓(11層含以上有電梯),住家用,鋼筋混凝土造,,72.8,1,1,1,有,無,12880000,176923,,0.0,0,,RPXRMLTLPHJFFEA96CB
士林區,房地(土地+建物)+車位,臺北市士林區重慶北路四段222號,11.35,住,,,1030123,土地9建物1車位1,八層,14,住宅大樓(11層含以上有電梯),住家用,鋼筋混凝土造,,91.85,1,1,1,有,無,13880000,174176,坡道機械,19.05,1200000,,RPOSMLTLPHJFFEA78CB
士林區,房地(土地+建物),臺北市士林區重慶北路四段222號,11.32,住,,,1030124,土地9建物1車位0,十層,14,住宅大樓(11層含以上有電梯),住家用,鋼筋混凝土造,,72.83,1,1,1,有,無,13280000,182342,,0.0,0,,RPPSMLTLPHJFFEA88CB
士林區,房地(土地+建物),臺北市士林區重慶北路四段222號,11.32,住,,,1030122,土地9建物1車位0,十一層,14,住宅大樓(11層含以上有電梯),住家用,鋼筋混凝土造,,72.83,1,1,1,有,無,13280000,182342,,0.0,0,,RPQSMLTLPHJFFEA98CB
士林區,房地(土地+建物)+車位,臺北市士林區重慶北路四段222號,11.36,住,,,1030117,土地9建物1車位1,十二層,14,住宅大樓(11層含以上有電梯),住家用,鋼筋混凝土造,,91.88,1,1,1,有,無,14620000,184265,坡道機械,19.05,1200000,,RPRSMLTLPHJFFEA09CB
士林區,房地(土地+建物)+車位,臺北市士林區重慶北路四段222號,11.36,住,,,1030123,土地9建物1車位1,十三層,14,住宅大樓(11層含以上有電梯),住家用,鋼筋混凝土造,,91.88,1,1,1,有,無,15000000,186050,坡道機械,19.05,1450000,,RPSSMLTLPHJFFEA56CB
士林區,房地(土地+建物),臺北市士林區重慶北路四段222號,11.32,住,,,1030120,土地9建物1車位0,十四層,14,住宅大樓(11層含以上有電梯),住家用,鋼筋混凝土造,,72.83,1,1,1,有,無,13680000,187835,,0.0,0,,RPTSMLTLPHJFFEA66CB
士林區,房地(土地+建物),臺北市士林區重慶北路四段222號,5.64,住,,,1030125,土地9建物1車位0,二層,14,住宅大樓(11層含以上有電梯),住家用,鋼筋混凝土造,,36.33,0,0,0,無,無,6040000,166254,,0.0,0,,RPUSMLTLPHJFFEA76CB
士林區,房地(土地+建物),臺北市士林區重慶北路四段222號,5.69,住,,,1030121,土地9建物1車位0,三層,14,住宅大樓(11層含以上有電梯),住家用,鋼筋混凝土造,,36.62,0,0,0,無,無,6370000,173949,,0.0,0,,RPVSMLTLPHJFFEA86CB
士林區,房地(土地+建物)+車位,臺北市士林區重慶北路四段222號,13.06,住,,,1030125,土地9建物1車位1,七層,14,住宅大樓(11層含以上有電梯),住家用,鋼筋混凝土造,,102.8,1,1,1,有,無,16520000,179940,坡道機械,19.05,1450000,,RPWSMLTLPHJFFEA96CB
士林區,房地(土地+建物)+車位,臺北市士林區重慶北路四段222號,13.83,住,,,1030125,土地9建物1車位1,八層,14,住宅大樓(11層含以上有電梯),住家用,鋼筋混凝土造,,107.76,1,1,1,有,無,17170000,177207,坡道機械,19.05,1450000,,RPOTMLTLPHJFFEA88CB
士林區,房地(土地+建物)+車位,臺北市士林區重慶北路四段222號,13.83,住,,,1030122,土地9建物1車位1,十層,14,住宅大樓(11層含以上有電梯),住家用,鋼筋混凝土造,,107.76,1,1,1,有,無,17240000,180814,坡道機械,19.05,1200000,,RPPTMLTLPHJFFEA98CB
士林區,房地(土地+建物),臺北市士林區重慶北路四段222號,13.02,住,,,1030123,土地9建物1車位0,十一層,14,住宅大樓(11層含以上有電梯),住家用,鋼筋混凝土造,,83.8,1,1,1,有,無,15540000,185442,,0.0,0,,RPQTMLTLPHJFFEA09CB
士林區,房地(土地+建物),臺北市士林區重慶北路四段222號,13.78,住,,,1030126,土地9建物1車位0,十二層,14,住宅大樓(11層含以上有電梯),住家用,鋼筋混凝土造,,88.71,1,1,1,有,無,16600000,187127,,0.0,0,,RPRTMLTLPHJFFEA56CB
士林區,房地(土地+建物)+車位,臺北市士林區重慶北路四段222號,13.07,住,,,1030119,土地9建物1車位1,十三層,14,住宅大樓(11層含以上有電梯),住家用,鋼筋混凝土造,,102.85,1,1,1,有,無,17040000,189021,坡道機械,19.05,1200000,,RPSTMLTLPHJFFEA66CB
士林區,房地(土地+建物)+車位,臺北市士林區重慶北路四段222號,13.83,住,,,1030115,土地9建物1車位1,十四層,14,住宅大樓(11層含以上有電梯),住家用,鋼筋混凝土造,,107.76,1,1,1,有,無,18220000,189043,坡道機械,19.05,1450000,,RPTTMLTLPHJFFEA76CB
士林區,房地(土地+建物),臺北市士林區重慶北路四段222號,5.6,住,,,1030119,土地9建物1車位0,二層,14,住宅大樓(11層含以上有電梯),住家用,鋼筋混凝土造,,36.09,0,0,0,無,無,6170000,170961,,0.0,0,,RPUTMLTLPHJFFEA86CB
士林區,房地(土地+建物),臺北市士林區重慶北路四段222號,5.64,住,,,1030125,土地9建物1車位0,三層,14,住宅大樓(11層含以上有電梯),住家用,鋼筋混凝土造,,36.33,0,0,0,無,無,6320000,173961,,0.0,0,,RPVTMLTLPHJFFEA96CB
士林區,房地(土地+建物)+車位,臺北市士林區重慶北路四段222號,14.25,住,,,1030126,土地9建物1車位1,七層,14,住宅大樓(11層含以上有電梯),住家用,鋼筋混凝土造,,110.52,1,1,1,有,無,18190000,183011,坡道機械,19.05,1450000,,RPWTMLTLPHJFFEA07CB
士林區,房地(土地+建物)+車位,臺北市士林區重慶北路四段222號,13.54,住,,,1030115,土地9建物1車位1,八層,14,住宅大樓(11層含以上有電梯),住家用,鋼筋混凝土造,,124.65,1,1,1,有,無,17980000,186944,坡道平面,38.1,1800000,,RPXTMLTLPHJFFEA17CB
士林區,房地(土地+建物)+車位,臺北市士林區重慶北路四段222號,13.54,住,,,1030125,土地9建物1車位1,十層,14,住宅大樓(11層含以上有電梯),住家用,鋼筋混凝土造,,124.65,1,1,1,有,無,18260000,188446,坡道平面,38.1,1950000,,RPOUMLTLPHJFFEA98CB
士林區,房地(土地+建物)+車位,臺北市士林區重慶北路四段222號,14.3,住,,,1030124,土地9建物1車位1,十一層,14,住宅大樓(11層含以上有電梯),住家用,鋼筋混凝土造,,129.55,1,1,1,有,無,19380000,188409,坡道平面,38.1,2150000,,RPPUMLTLPHJFFEA09CB
士林區,房地(土地+建物)+車位,臺北市士林區重慶北路四段222號,13.54,住,,,1030115,土地9建物1車位1,十二層,14,住宅大樓(11層含以上有電梯),住家用,鋼筋混凝土造,,124.65,1,1,1,有,無,18620000,190295,坡道平面,38.1,2150000,,RPQUMLTLPHJFFEA56CB
士林區,房地(土地+建物)+車位,臺北市士林區重慶北路四段222號,14.3,住,,,1030118,土地9建物1車位1,十三層,14,住宅大樓(11層含以上有電梯),住家用,鋼筋混凝土造,,129.55,1,1,1,有,無,19710000,192017,坡道平面,38.1,2150000,,RPRUMLTLPHJFFEA66CB
士林區,房地(土地+建物)+車位,臺北市士林區重慶北路四段222號,13.54,住,,,1030118,土地9建物1車位1,十四層,14,住宅大樓(11層含以上有電梯),住家用,鋼筋混凝土造,,124.65,1,1,1,有,無,18580000,193876,坡道平面,38.1,1800000,,RPSUMLTLPHJFFEA76CB
士林區,房地(土地+建物),臺北市士林區重慶北路四段222號,5.02,住,,,1030116,土地9建物1車位0,三層,14,住宅大樓(11層含以上有電梯),住家用,鋼筋混凝土造,,32.33,0,0,0,無,無,5630000,174142,,0.0,0,,RPTUMLTLPHJFFEA86CB
士林區,房地(土地+建物),臺北市士林區重慶北路四段222號,5.19,住,,,1030122,土地9建物1車位0,二層,14,住宅大樓(11層含以上有電梯),住家用,鋼筋混凝土造,,33.47,0,0,0,無,無,5720000,170899,,0.0,0,,RPUUMLTLPHJFFEA96CB
士林區,房地(土地+建物)+車位,臺北市士林區重慶北路四段222號,11.55,住,,,1030119,土地9建物1車位1,三層,14,住宅大樓(11層含以上有電梯),住家用,鋼筋混凝土造,,93.1,2,1,1,有,無,13410000,164889,坡道機械,19.05,1200000,,RPVUMLTLPHJFFEA07CB
士林區,房地(土地+建物),臺北市士林區重慶北路四段222號,11.56,住,,,1030119,土地9建物1車位0,二層,14,住宅大樓(11層含以上有電梯),住家用,鋼筋混凝土造,,74.4,2,1,1,有,無,12040000,161828,,0.0,0,,RPWUMLTLPHJFFEA17CB
中山區,房地(土地+建物)+車位,臺北市中山區雙城街13巷A棟6樓,11.64,商,,,1020728,土地1建物1車位1,六層,10,華廈(10層含以下有電梯),住家用,鋼筋混凝土造,,109.41,1,1,1,有,無,24960000,245050,塔式車位,13.96,1570000,,RPQRMLTLPHJFFCA78DB
中山區,房地(土地+建物)+車位,臺北市中山區雙城街13巷D棟5樓,11.92,商,,,1020728,土地1建物1車位1,五層,10,華廈(10層含以下有電梯),住家用,鋼筋混凝土造,,111.42,1,1,1,有,無,23970000,229838,塔式車位,13.96,1570000,,RPRRMLTLPHJFFCA88DB
中山區,房地(土地+建物)+車位,臺北市中山區雙城街13巷C棟7樓,8.58,商,,,1020728,土地1建物1車位1,七層,10,華廈(10層含以下有電梯),住家用,鋼筋混凝土造,,80.52,1,0,1,有,無,17770000,243389,塔式車位,13.96,1570000,,RPSRMLTLPHJFFCA98DB
中山區,房地(土地+建物)+車位,臺北市中山區雙城街13巷B棟2樓,8.58,商,,,1020802,土地1建物1車位1,二層,10,華廈(10層含以下有電梯),住家用,鋼筋混凝土造,,80.52,1,0,1,有,無,16100000,220853,塔式車位,13.96,1400000,,RPTRMLTLPHJFFCA09DB
中山區,房地(土地+建物)+車位,臺北市中山區雙城街13巷C棟5樓,8.58,商,,,1020805,土地1建物1車位1,五層,10,華廈(10層含以下有電梯),住家用,鋼筋混凝土造,,80.52,1,0,1,有,無,17210000,237530,塔式車位,13.96,1400000,,RPURMLTLPHJFFCA56DB
中山區,房地(土地+建物)+車位,臺北市中山區雙城街13巷C棟2樓,8.58,商,,,1020819,土地1建物1車位1,二層,10,華廈(10層含以下有電梯),住家用,鋼筋混凝土造,,80.52,1,0,1,有,無,15900000,217849,塔式車位,13.96,1400000,,RPVRMLTLPHJFFCA66DB
中山區,房地(土地+建物)+車位,臺北市中山區雙城街13巷A棟3樓,11.64,商,,,1020830,土地1建物1車位1,三層,10,華廈(10層含以下有電梯),住家用,鋼筋混凝土造,,109.41,1,1,1,有,無,24000000,235202,塔式車位,13.96,1550000,,RPWRMLTLPHJFFCA76DB
中山區,房地(土地+建物)+車位,臺北市中山區雙城街13巷C棟6樓,8.58,商,,,1020819,土地1建物1車位1,六層,10,華廈(10層含以下有電梯),住家用,鋼筋混凝土造,,80.52,1,0,1,有,無,17880000,247596,塔式車位,13.96,1400000,,RPXRMLTLPHJFFCA86DB
中山區,房地(土地+建物)+車位,臺北市中山區雙城街13巷B棟3樓,8.58,商,,,1020821,土地1建物1車位1,三層,10,華廈(10層含以下有電梯),住家用,鋼筋混凝土造,,80.52,1,0,1,有,無,17200000,237380,塔式車位,13.96,1400000,,RPOSMLTLPHJFFCA68DB
中山區,房地(土地+建物)+車位,臺北市中山區雙城街13巷C棟3樓,8.58,商,,,1020822,土地1建物1車位1,三層,10,華廈(10層含以下有電梯),住家用,鋼筋混凝土造,,80.52,1,0,1,有,無,17200000,237380,塔式車位,13.96,1400000,,RPPSMLTLPHJFFCA78DB
中山區,房地(土地+建物)+車位,臺北市中山區雙城街13巷D棟2樓,11.92,商,,,1020819,土地1建物1車位1,二層,10,華廈(10層含以下有電梯),住家用,鋼筋混凝土造,,111.42,1,1,1,有,無,22800000,219577,塔式車位,13.96,1400000,,RPQSMLTLPHJFFCA88DB
中山區,房地(土地+建物)+車位,臺北市中山區雙城街13巷D棟7樓,11.92,商,,,1020827,土地1建物1車位1,七層,10,華廈(10層含以下有電梯),住家用,鋼筋混凝土造,,111.42,1,1,1,有,無,25680000,249128,塔式車位,13.96,1400000,,RPRSMLTLPHJFFCA98DB
中山區,房地(土地+建物)+車位,臺北市中山區雙城街13巷B棟9樓,16.2,商,,,1020827,土地1建物1車位2,九層,10,華廈(10層含以下有電梯),住家用,鋼筋混凝土造,,153.12,2,1,2,有,無,37800000,276358,塔式車位,27.92,3200000,,RPSSMLTLPHJFFCA09DB
中山區,房地(土地+建物)+車位,臺北市中山區雙城街13巷B棟5樓,8.58,商,,,1020826,土地1建物1車位1,五層,10,華廈(10層含以下有電梯),住家用,鋼筋混凝土造,,80.52,1,0,1,有,無,17850000,247145,塔式車位,13.96,1400000,,RPTSMLTLPHJFFCA56DB
中山區,房地(土地+建物)+車位,臺北市中山區雙城街13巷C棟4樓,8.58,商,,,1020829,土地1建物1車位1,四層,10,華廈(10層含以下有電梯),住家用,鋼筋混凝土造,,80.52,1,0,1,有,無,17800000,246394,塔式車位,13.96,1400000,,RPUSMLTLPHJFFCA66DB
中山區,房地(土地+建物)+車位,臺北市中山區雙城街13巷B棟7樓,8.58,商,,,1020908,土地1建物1車位1,七層,10,華廈(10層含以下有電梯),住家用,鋼筋混凝土造,,80.52,1,0,1,有,無,18280000,253606,塔式車位,13.96,1400000,,RPVSMLTLPHJFFCA76DB
中山區,房地(土地+建物)+車位,臺北市中山區雙城街13巷B棟4樓,8.58,商,,,1020911,土地1建物1車位1,四層,10,華廈(10層含以下有電梯),住家用,鋼筋混凝土造,,80.52,1,0,1,有,無,17800000,243389,塔式車位,13.96,1600000,,RPWSMLTLPHJFFCA86DB
中山區,房地(土地+建物)+車位,臺北市中山區雙城街13巷C棟8樓,7.29,商,,,1020911,土地1建物1車位1,八層,10,華廈(10層含以下有電梯),住家用,鋼筋混凝土造,,70.99,1,0,1,有,無,16800000,270033,塔式車位,13.96,1400000,,RPXSMLTLPHJFFCA96DB
中山區,房地(土地+建物)+車位,臺北市中山區雙城街13巷B棟6樓,8.58,商,,,1020914,土地1建物1車位1,六層,10,華廈(10層含以下有電梯),住家用,鋼筋混凝土造,,80.52,1,0,1,有,無,18400000,253155,塔式車位,13.96,1550000,,RPOTMLTLPHJFFCA78DB
中山區,房地(土地+建物)+車位,臺北市中山區雙城街13巷A棟2樓,11.64,商,,,1020927,土地1建物1車位1,二層,10,華廈(10層含以下有電梯),住家用,鋼筋混凝土造,,109.41,1,1,1,有,無,23400000,230487,塔式車位,13.96,1400000,,RPPTMLTLPHJFFCA88DB
中山區,房地(土地+建物)+車位,臺北市中山區雙城街13巷A棟5樓,11.64,商,,,1021004,土地1建物1車位1,五層,10,華廈(10層含以下有電梯),住家用,鋼筋混凝土造,,109.41,1,1,1,有,無,25400000,251441,塔式車位,13.96,1400000,,RPQTMLTLPHJFFCA98DB
中山區,房地(土地+建物)+車位,臺北市中山區雙城街13巷D棟3樓,11.92,商,,,1021019,土地1建物1車位1,三層,10,華廈(10層含以下有電梯),住家用,鋼筋混凝土造,,111.42,1,1,1,有,無,24720000,239278,塔式車位,13.96,1400000,,RPRTMLTLPHJFFCA09DB
中山區,房地(土地+建物)+車位,臺北市中山區雙城街13巷B棟8樓,7.29,商,,,1021108,土地1建物1車位1,八層,10,華廈(10層含以下有電梯),住家用,鋼筋混凝土造,,70.99,1,0,1,有,無,16500000,264773,塔式車位,13.96,1400000,,RPSTMLTLPHJFFCA56DB
中山區,房地(土地+建物)+車位,臺北市中山區雙城街13巷D棟6樓,11.92,商,,,1021113,土地1建物1車位1,六層,10,華廈(10層含以下有電梯),住家用,鋼筋混凝土造,,111.42,1,1,1,有,無,25000000,242151,塔式車位,13.96,1400000,,RPTTMLTLPHJFFCA66DB
中山區,房地(土地+建物)+車位,臺北市中山區雙城街13巷A棟4樓,11.64,商,,,1021119,土地1建物1車位1,四層,10,華廈(10層含以下有電梯),住家用,鋼筋混凝土造,,109.41,1,1,1,有,無,24500000,242012,塔式車位,13.96,1400000,,RPUTMLTLPHJFFCA76DB
中山區,房地(土地+建物)+車位,臺北市中山區雙城街13巷D棟4樓,11.92,商,,,1021116,土地1建物1車位1,四層,10,華廈(10層含以下有電梯),住家用,鋼筋混凝土造,,111.42,1,1,1,有,無,24200000,233942,塔式車位,13.96,1400000,,RPVTMLTLPHJFFCA86DB
中山區,房地(土地+建物)+車位,臺北市中山區雙城街13巷A棟8樓,11.64,商,,,1021113,土地1建物1車位1,八層,10,華廈(10層含以下有電梯),住家用,鋼筋混凝土造,,109.25,1,1,1,有,無,25400000,254486,塔式車位,13.96,1150000,,RPWTMLTLPHJFFCA96DB
中山區,房地(土地+建物)+車位,臺北市中山區雙城街13巷D棟8樓,11.92,商,,,1021205,土地1建物1車位1,八層,10,華廈(10層含以下有電梯),住家用,鋼筋混凝土造,,111.26,1,1,1,有,無,25750000,248715,塔式車位,13.96,1550000,,RPXTMLTLPHJFFCA07DB
中山區,房地(土地+建物)+車位,臺北市中山區雙城街13巷A棟7樓,11.64,商,,,1021230,土地1建物1車位1,七層,10,華廈(10層含以下有電梯),住家用,鋼筋混凝土造,,109.41,1,1,1,有,無,25650000,254060,塔式車位,13.96,1400000,,RPOUMLTLPHJFFCA88DB
中山區,車位,臺北市中山區雙城街13巷地下第二層編號第1號汽車停車位,0.07,商,,,1020910,土地0建物0車位1,,10,其他,停車空間,鋼筋混凝土造,,13.96,0,0,0,有,無,1100000,,塔式車位,13.96,1100000,,RPOPMLKMPHJFFCA57DB
中山區,車位,臺北市中山區雙城街13巷地下第二層編號第2號汽車停車位,0.07,商,,,1020910,土地0建物0車位1,,10,其他,停車空間,鋼筋混凝土造,,13.96,0,0,0,有,無,1100000,,塔式車位,13.96,1100000,,RPPPMLKMPHJFFCA67DB
中山區,車位,臺北市中山區雙城街13巷地下第二層編號第6號汽車停車位,0.07,商,,,1020910,土地0建物0車位1,,10,其他,停車空間,鋼筋混凝土造,,13.96,0,0,0,有,無,1100000,,塔式車位,13.96,1100000,,RPQPMLKMPHJFFCA77DB
中山區,車位,臺北市中山區雙城街13巷地下第二層編號第15號汽車停車位,0.07,商,,,1020910,土地0建物0車位1,,10,其他,停車空間,鋼筋混凝土造,,13.96,0,0,0,有,無,1100000,,塔式車位,13.96,1100000,,RPRPMLKMPHJFFCA87DB
中山區,車位,臺北市中山區雙城街13巷地下第二層號第17號汽車停車位,0.07,商,,,1020910,土地0建物0車位1,,10,其他,停車空間,鋼筋混凝土造,,13.96,0,0,0,有,無,1100000,,塔式車位,13.96,1100000,,RPSPMLKMPHJFFCA97DB
中山區,車位,臺北市中山區雙城街13巷地下第二層編號第9號汽車停車位,0.07,商,,,1020910,土地0建物0車位1,,10,其他,停車空間,鋼筋混凝土造,,13.96,0,0,0,有,無,1100000,,塔式車位,13.96,1100000,,RPUPMLKMPHJFFCA18DB
中山區,車位,臺北市中山區雙城街13巷地下第二層編號第10號汽車停車位,0.07,商,,,1020910,土地0建物0車位1,,10,其他,停車空間,鋼筋混凝土造,,13.96,0,0,0,有,無,1200000,,塔式車位,13.96,1200000,,RPVPMLKMPHJFFCA28DB
中山區,車位,臺北市中山區雙城街13巷地下第二層編號第11號汽車停車位,0.07,商,,,1020910,土地0建物0車位1,,10,其他,停車空間,鋼筋混凝土造,,13.96,0,0,0,有,無,1100000,,塔式車位,13.96,1100000,,RPOQMLKMPHJFFCA67DB
中山區,車位,臺北市中山區雙城街13巷地下第二層編號第12號汽車停車位,0.07,商,,,1020910,土地0建物0車位1,,10,其他,停車空間,鋼筋混凝土造,,13.96,0,0,0,有,無,1100000,,塔式車位,13.96,1100000,,RPPQMLKMPHJFFCA77DB
中山區,車位,臺北市中山區雙城街13巷地下第二層編號第13號汽車停車位,0.07,商,,,1020910,土地0建物0車位1,,10,其他,停車空間,鋼筋混凝土造,,13.96,0,0,0,有,無,1200000,,塔式車位,13.96,1200000,,RPQQMLKMPHJFFCA87DB
中山區,車位,臺北市中山區雙城街13巷地下第二層編號第14號汽車停車位,0.07,商,,,1020910,土地0建物0車位1,,10,其他,停車空間,鋼筋混凝土造,,13.96,0,0,0,有,無,1100000,,塔式車位,13.96,1100000,,RPRQMLKMPHJFFCA97DB
中山區,車位,臺北市中山區雙城街13巷地下第二層編號第20號汽車停車位,0.07,商,,,1020910,土地0建物0車位1,,10,其他,停車空間,鋼筋混凝土造,,13.96,0,0,0,有,無,1100000,,塔式車位,13.96,1100000,,RPSQMLKMPHJFFCA08DB
中山區,車位,臺北市中山區雙城街13巷地下第二層編號第21號汽車停車位,0.07,商,,,1020910,土地0建物0車位1,,10,其他,停車空間,鋼筋混凝土造,,13.96,0,0,0,有,無,1100000,,塔式車位,13.96,1100000,,RPTQMLKMPHJFFCA18DB
中山區,車位,臺北市中山區雙城街13巷地下第二層編號第22號汽車停車位,0.07,商,,,1020910,土地0建物0車位1,,10,其他,停車空間,鋼筋混凝土造,,13.96,0,0,0,有,無,1100000,,塔式車位,13.96,1100000,,RPUQMLKMPHJFFCA28DB
中山區,車位,臺北市中山區雙城街13巷地下第二層編號第23號汽車停車位,0.07,商,,,1020910,土地0建物0車位1,,10,其他,停車空間,鋼筋混凝土造,,13.96,0,0,0,有,無,1100000,,塔式車位,13.96,1100000,,RPVQMLKMPHJFFCA38DB
信義區,房地(土地+建物),臺北市信義區吳興街600巷100弄20號,10.88,住,,,1010618,土地1建物1車位0,一層,11,住宅大樓(11層含以上有電梯),住家用,混凝土造,,64.66,1,2,1,有,無,11650000,180173,,0.0,0,,RPVOMLLMPHJFFDA28CB
信義區,房地(土地+建物),臺北市信義區吳興街600巷100弄20-1號,11.62,住,,,1010619,土地1建物1車位0,一層,11,住宅大樓(11層含以上有電梯),住家用,混凝土造,,69.06,1,2,1,有,無,12560000,181871,,0.0,0,,RPUPMLLMPHJFFDA28CB
信義區,房地(土地+建物),臺北市信義區吳興街600巷100弄18-1號,11.62,住,,,1010704,土地1建物1車位0,一層,11,住宅大樓(11層含以上有電梯),住家用,混凝土造,,69.06,1,2,1,有,無,12450000,180278,,0.0,0,,RPWPMLLMPHJFFDA48CB
信義區,房地(土地+建物),臺北市信義區吳興街600巷100弄18-2號,8.72,住,,,1010708,土地1建物1車位0,一層,11,住宅大樓(11層含以上有電梯),住家用,混凝土造,,51.81,1,2,1,有,無,10360000,199961,,0.0,0,,RPXPMLLMPHJFFDA58CB
信義區,房地(土地+建物),臺北市信義區吳興街600巷100弄18-2號5樓,10.82,住,,,1010619,土地1建物1車位0,五層,11,住宅大樓(11層含以上有電梯),住家用,混凝土造,,64.3,1,2,1,有,無,11700000,181960,,0.0,0,,RPOQMLLMPHJFFDA77CB
信義區,房地(土地+建物),臺北市信義區吳興街600巷100弄18-2號4樓,10.82,住,,,1010701,土地1建物1車位0,四層,11,住宅大樓(11層含以上有電梯),住家用,混凝土造,,64.3,1,2,1,有,無,12150000,188958,,0.0,0,,RPPQMLLMPHJFFDA87CB
信義區,房地(土地+建物),臺北市信義區吳興街600巷100弄20-1號2樓,12.78,住,,,1010819,土地1建物1車位0,二層,11,住宅大樓(11層含以上有電梯),住家用,混凝土造,,75.91,1,2,1,有,無,13980000,184165,,0.0,0,,RPVQMLLMPHJFFDA48CB
信義區,房地(土地+建物),臺北市信義區吳興街600巷100弄20-1號6樓,12.78,住,,,1010908,土地1建物1車位0,六層,11,住宅大樓(11層含以上有電梯),住家用,混凝土造,,75.91,1,2,1,有,無,14700000,193650,,0.0,0,,RPWQMLLMPHJFFDA58CB
信義區,房地(土地+建物),臺北市信義區吳興街600巷100弄18-2號6樓,10.82,住,,,1010922,土地1建物1車位0,六層,11,住宅大樓(11層含以上有電梯),住家用,混凝土造,,64.3,1,2,1,有,無,12700000,197512,,0.0,0,,RPPRMLLMPHJFFDA97CB
信義區,房地(土地+建物),臺北市信義區吳興街600巷100弄18-2號3樓,10.82,住,,,1010619,土地1建物1車位0,三層,11,住宅大樓(11層含以上有電梯),住家用,混凝土造,,64.3,1,2,1,有,無,11900000,185070,,0.0,0,,RPURMLLMPHJFFDA48CB
信義區,房地(土地+建物),臺北市信義區吳興街600巷100弄18-1號8樓,12.77,住,,,1011002,土地1建物1車位0,八層,11,住宅大樓(11層含以上有電梯),住家用,混凝土造,,75.87,1,2,1,有,無,14820000,195334,,0.0,0,,RPPSMLLMPHJFFDA08CB
信義區,房地(土地+建物),臺北市信義區吳興街600巷100弄18-2號7樓,10.82,住,,,1011029,土地1建物1車位0,七層,11,住宅大樓(11層含以上有電梯),住家用,混凝土造,,64.3,1,2,1,有,無,11950000,185848,,0.0,0,,RPSSMLLMPHJFFDA38CB
信義區,房地(土地+建物),臺北市信義區吳興街600巷100弄18號6樓,13.99,住,,,1020306,土地1建物1車位0,六層,11,住宅大樓(11層含以上有電梯),住家用,混凝土造,,83.1,1,2,1,有,無,15220000,183153,,0.0,0,,RPTSMLLMPHJFFDA48CB
信義區,房地(土地+建物),臺北市信義區吳興街600巷100弄18-1號6樓,12.77,住,,,1010816,土地1建物1車位0,六層,11,住宅大樓(11層含以上有電梯),住家用,混凝土造,,75.87,1,2,1,有,無,14780000,194807,,0.0,0,,RPUSMLLMPHJFFDA58CB
信義區,房地(土地+建物),臺北市信義區吳興街600巷100弄18-2號8樓,10.82,住,,,1011029,土地1建物1車位0,八層,11,住宅大樓(11層含以上有電梯),住家用,混凝土造,,64.3,1,2,1,有,無,12280000,190980,,0.0,0,,RPVSMLLMPHJFFDA68CB
信義區,房地(土地+建物),臺北市信義區吳興街600巷100弄18-1號7樓,13.82,住,,,1020305,土地1建物1車位0,七層,11,住宅大樓(11層含以上有電梯),住家用,混凝土造,,82.07,1,2,1,有,無,15600000,190082,,0.0,0,,RPWSMLLMPHJFFDA78CB
信義區,房地(土地+建物),臺北市信義區吳興街600巷100弄18-2號9樓,10.82,住,,,1011104,土地1建物1車位0,九層,11,住宅大樓(11層含以上有電梯),住家用,混凝土造,,64.3,1,2,1,有,無,12850000,199844,,0.0,0,,RPXSMLLMPHJFFDA88CB
信義區,房地(土地+建物),臺北市信義區吳興街600巷100弄18-1號10樓,12.77,住,,,1020207,土地1建物1車位0,十層,11,住宅大樓(11層含以上有電梯),住家用,混凝土造,,75.87,1,2,1,有,無,15500000,204297,,0.0,0,,RPOTMLLMPHJFFDA08CB
信義區,房地(土地+建物),臺北市信義區吳興街600巷100弄18號5樓,12.94,住,,,1020314,土地1建物1車位0,五層,11,住宅大樓(11層含以上有電梯),住家用,混凝土造,,76.9,1,2,1,有,無,13980000,181795,,0.0,0,,RPPTMLLMPHJFFDA18CB
信義區,房地(土地+建物),臺北市信義區吳興街600巷100弄20-1號7樓,13.82,住,,,1020128,土地1建物1車位0,七層,11,住宅大樓(11層含以上有電梯),住家用,混凝土造,,82.11,1,2,1,有,無,15550000,189380,,0.0,0,,RPTTMLLMPHJFFDA58CB
信義區,房地(土地+建物),臺北市信義區吳興街600巷100弄18-2號10樓,10.82,住,,,1011221,土地1建物1車位0,十層,11,住宅大樓(11層含以上有電梯),住家用,混凝土造,,64.3,1,2,1,有,無,13200000,205288,,0.0,0,,RPPUMLLMPHJFFDA28CB
