﻿編號,土地位置,土地移轉面積(平方公尺),使用分區或編定,權利人持分分母,權利人持分分子,移轉情形,地號
The serial number, land position,land shifting area square meter,the use zoning or compiles and checks,,,,land parcel
RPSPMLSJNHJFFCB28CB,惠順段,23.73,都市：商,10000,103,持分移轉,01180000
RPUPMLSJNHJFFCB48CB,惠順段,22.35,都市：商,10000,97,持分移轉,01180000
RPQPMLSJNHJFFCB08CB,惠順段,22.58,都市：商,10000,98,持分移轉,01180000
RPPPMLSJNHJFFCB97CB,惠順段,23.73,都市：商,10000,103,持分移轉,01180000
RPVPMLSJNHJFFCB58CB,惠順段,23.73,都市：商,10000,103,持分移轉,01180000
RPRPMLSJNHJFFCB18CB,惠順段,22.58,都市：商,10000,98,持分移轉,01180000
RPWPMLSJNHJFFCB68CB,惠順段,23.73,都市：商,10000,103,持分移轉,01180000
RPTPMLSJNHJFFCB38CB,惠順段,22.58,都市：商,10000,98,持分移轉,01180000
RPXPMLSJNHJFFCB78CB,惠順段,22.58,都市：商,10000,98,持分移轉,01180000
RPOQMLSJNHJFFCB97CB,惠順段,22.58,都市：商,10000,98,持分移轉,01180000
RPQQMLSJNHJFFCB18CB,惠順段,23.50,都市：商,10000,102,持分移轉,01180000
RPWQMLSJNHJFFCB78CB,惠順段,18.89,都市：商,10000,82,持分移轉,01180000
RPPQMLSJNHJFFCB08CB,惠順段,22.58,都市：商,10000,98,持分移轉,01180000
RPSQMLSJNHJFFCB38CB,惠順段,18.89,都市：商,10000,82,持分移轉,01180000
RPRQMLSJNHJFFCB28CB,惠順段,26.96,都市：商,10000,117,持分移轉,01180000
RPUQMLSJNHJFFCB58CB,惠順段,18.89,都市：商,10000,82,持分移轉,01180000
RPQNMLSKNHJFFBB87CB,太原段,21.98,都市：住,100000,175,持分移轉,01340000
RPVQMLSJNHJFFCB68CB,惠順段,18.89,都市：商,10000,82,持分移轉,01180000
RPXQMLSJNHJFFCB88CB,惠順段,18.89,都市：商,10000,82,持分移轉,01180000
RPPRMLSJNHJFFCB18CB,惠順段,18.89,都市：商,10000,82,持分移轉,01180000
RPORMLSJNHJFFCB08CB,惠順段,18.89,都市：商,10000,82,持分移轉,01180000
RPPOMLSKNHJFFBB87CB,太原段,23.36,都市：住,100000,186,持分移轉,01340000
RPRNMLSKNHJFFBB97CB,太原段,23.36,都市：住,100000,186,持分移轉,01340000
RPWNMLSKNHJFFBB48CB,太原段,23.36,都市：住,100000,186,持分移轉,01340000
RPVNMLSKNHJFFBB38CB,太原段,23.36,都市：住,100000,186,持分移轉,01340000
RPOOMLSKNHJFFBB77CB,太原段,23.36,都市：住,100000,186,持分移轉,01340000
RPTNMLSKNHJFFBB18CB,太原段,21.98,都市：住,100000,175,持分移轉,01340000
RPSNMLSKNHJFFBB08CB,太原段,23.36,都市：住,100000,186,持分移轉,01340000
RPXNMLSKNHJFFBB58CB,太原段,21.98,都市：住,100000,175,持分移轉,01340000
RPQOMLSKNHJFFBB97CB,太原段,21.98,都市：住,100000,175,持分移轉,01340000
RPUNMLSKNHJFFBB28CB,太原段,23.36,都市：住,100000,186,持分移轉,01340000
RPUOMLSKNHJFFBB38CB,太原段,23.36,都市：住,100000,186,持分移轉,01340000
RPWOMLSKNHJFFBB58CB,太原段,21.98,都市：住,100000,175,持分移轉,01340000
RPVOMLSKNHJFFBB48CB,太原段,23.36,都市：住,100000,186,持分移轉,01340000
RPROMLSKNHJFFBB08CB,太原段,23.36,都市：住,100000,186,持分移轉,01340000
RPXOMLSKNHJFFBB68CB,太原段,23.36,都市：住,100000,186,持分移轉,01340000
RPPPMLSKNHJFFBB97CB,太原段,21.98,都市：住,100000,175,持分移轉,01340000
RPSOMLSKNHJFFBB18CB,太原段,23.36,都市：住,100000,186,持分移轉,01340000
RPQPMLSKNHJFFBB08CB,太原段,23.36,都市：住,100000,186,持分移轉,01340000
RPTOMLSKNHJFFBB28CB,太原段,21.98,都市：住,100000,175,持分移轉,01340000
RPRPMLSKNHJFFBB18CB,太原段,21.98,都市：住,100000,175,持分移轉,01340000
RPOPMLSKNHJFFBB87CB,太原段,23.36,都市：住,100000,186,持分移轉,01340000
RPSPMLSKNHJFFBB28CB,太原段,23.36,都市：住,100000,186,持分移轉,01340000
RPPQMLSKNHJFFBB08CB,太原段,23.36,都市：住,100000,186,持分移轉,01340000
RPWPMLSKNHJFFBB68CB,太原段,23.36,都市：住,100000,186,持分移轉,01340000
RPXPMLSKNHJFFBB78CB,太原段,21.98,都市：住,100000,175,持分移轉,01340000
RPTPMLSKNHJFFBB38CB,太原段,21.98,都市：住,100000,175,持分移轉,01340000
RPVPMLSKNHJFFBB58CB,太原段,21.98,都市：住,100000,175,持分移轉,01340000
RPUPMLSKNHJFFBB48CB,太原段,23.36,都市：住,100000,186,持分移轉,01340000
RPOQMLSKNHJFFBB97CB,太原段,23.36,都市：住,100000,186,持分移轉,01340000
RPQQMLSKNHJFFBB18CB,太原段,21.98,都市：住,100000,175,持分移轉,01340000
RPRQMLSKNHJFFBB28CB,太原段,23.36,都市：住,100000,186,持分移轉,01340000
RPTQMLSKNHJFFBB48CB,太原段,23.36,都市：住,100000,186,持分移轉,01340000
RPUQMLSKNHJFFBB58CB,太原段,23.36,都市：住,100000,186,持分移轉,01340000
RPVQMLSKNHJFFBB68CB,太原段,21.98,都市：住,100000,175,持分移轉,01340000
RPWQMLSKNHJFFBB78CB,太原段,23.36,都市：住,100000,186,持分移轉,01340000
RPSQMLSKNHJFFBB38CB,太原段,21.98,都市：住,100000,175,持分移轉,01340000
RPORMLSKNHJFFBB08CB,太原段,21.98,都市：住,100000,175,持分移轉,01340000
RPQRMLSKNHJFFBB28CB,太原段,23.36,都市：住,100000,186,持分移轉,01340000
RPXQMLSKNHJFFBB88CB,太原段,23.36,都市：住,100000,186,持分移轉,01340000
RPPRMLSKNHJFFBB18CB,太原段,23.36,都市：住,100000,186,持分移轉,01340000
RPTRMLSKNHJFFBB58CB,太原段,23.36,都市：住,100000,186,持分移轉,01340000
RPXRMLSKNHJFFBB98CB,太原段,21.98,都市：住,100000,175,持分移轉,01340000
RPWRMLSKNHJFFBB88CB,太原段,23.36,都市：住,100000,186,持分移轉,01340000
RPPSMLSKNHJFFBB28CB,太原段,23.36,都市：住,100000,186,持分移轉,01340000
RPOSMLSKNHJFFBB18CB,太原段,23.36,都市：住,100000,186,持分移轉,01340000
RPVRMLSKNHJFFBB78CB,太原段,23.36,都市：住,100000,186,持分移轉,01340000
RPRRMLSKNHJFFBB38CB,太原段,21.98,都市：住,100000,175,持分移轉,01340000
RPSRMLSKNHJFFBB48CB,太原段,23.36,都市：住,100000,186,持分移轉,01340000
RPURMLSKNHJFFBB68CB,太原段,21.98,都市：住,100000,175,持分移轉,01340000
RPPTMLSKNHJFFBB38CB,太原段,21.98,都市：住,100000,175,持分移轉,01340000
RPXSMLSKNHJFFBB09CB,太原段,23.36,都市：住,100000,186,持分移轉,01340000
RPWSMLSKNHJFFBB98CB,太原段,21.98,都市：住,100000,175,持分移轉,01340000
RPUSMLSKNHJFFBB78CB,太原段,23.36,都市：住,100000,186,持分移轉,01340000
RPTSMLSKNHJFFBB68CB,太原段,21.98,都市：住,100000,175,持分移轉,01340000
RPOTMLSKNHJFFBB28CB,太原段,23.36,都市：住,100000,186,持分移轉,01340000
RPRSMLSKNHJFFBB48CB,太原段,23.36,都市：住,100000,186,持分移轉,01340000
RPVSMLSKNHJFFBB88CB,太原段,23.36,都市：住,100000,186,持分移轉,01340000
RPSSMLSKNHJFFBB58CB,太原段,23.36,都市：住,100000,186,持分移轉,01340000
RPQSMLSKNHJFFBB38CB,太原段,21.98,都市：住,100000,175,持分移轉,01340000
RPRTMLSKNHJFFBB58CB,太原段,23.36,都市：住,100000,186,持分移轉,01340000
RPUTMLSKNHJFFBB88CB,太原段,23.36,都市：住,100000,186,持分移轉,01340000
RPSTMLSKNHJFFBB68CB,太原段,21.98,都市：住,100000,175,持分移轉,01340000
RPVTMLSKNHJFFBB98CB,太原段,21.98,都市：住,100000,175,持分移轉,01340000
RPXTMLSKNHJFFBB56CB,太原段,23.36,都市：住,100000,186,持分移轉,01340000
RPWTMLSKNHJFFBB09CB,太原段,23.36,都市：住,100000,186,持分移轉,01340000
RPQTMLSKNHJFFBB48CB,太原段,23.36,都市：住,100000,186,持分移轉,01340000
RPPUMLSKNHJFFBB48CB,太原段,23.36,都市：住,100000,186,持分移轉,01340000
RPTTMLSKNHJFFBB78CB,太原段,23.36,都市：住,100000,186,持分移轉,01340000
RPOUMLSKNHJFFBB38CB,太原段,21.98,都市：住,100000,175,持分移轉,01340000
RPRUMLSKNHJFFBB68CB,太原段,23.36,都市：住,100000,186,持分移轉,01340000
RPTUMLSKNHJFFBB88CB,太原段,21.98,都市：住,100000,175,持分移轉,01340000
RPSUMLSKNHJFFBB78CB,太原段,23.36,都市：住,100000,186,持分移轉,01340000
RPQUMLSKNHJFFBB58CB,太原段,21.98,都市：住,100000,175,持分移轉,01340000
RPVUMLSKNHJFFBB09CB,太原段,23.36,都市：住,100000,186,持分移轉,01340000
RPWUMLSKNHJFFBB56CB,太原段,23.36,都市：住,100000,186,持分移轉,01340000
RPUUMLSKNHJFFBB98CB,太原段,21.98,都市：住,100000,175,持分移轉,01340000
RPOVMLSKNHJFFBB48CB,太原段,23.36,都市：住,100000,186,持分移轉,01340000
RPXUMLSKNHJFFBB66CB,太原段,21.98,都市：住,100000,175,持分移轉,01340000
RPOWMLSKNHJFFBB58CB,太原段,21.98,都市：住,100000,175,持分移轉,01340000
RPVVMLSKNHJFFBB56CB,太原段,21.98,都市：住,100000,175,持分移轉,01340000
RPTVMLSKNHJFFBB98CB,太原段,23.36,都市：住,100000,186,持分移轉,01340000
RPRVMLSKNHJFFBB78CB,太原段,23.36,都市：住,100000,186,持分移轉,01340000
RPPVMLSKNHJFFBB58CB,太原段,23.36,都市：住,100000,186,持分移轉,01340000
RPXVMLSKNHJFFBB76CB,太原段,21.98,都市：住,100000,175,持分移轉,01340000
RPSVMLSKNHJFFBB88CB,太原段,21.98,都市：住,100000,175,持分移轉,01340000
RPWVMLSKNHJFFBB66CB,太原段,23.36,都市：住,100000,186,持分移轉,01340000
RPQVMLSKNHJFFBB68CB,太原段,21.98,都市：住,100000,175,持分移轉,01340000
RPUVMLSKNHJFFBB09CB,太原段,23.36,都市：住,100000,186,持分移轉,01340000
RPRWMLSKNHJFFBB88CB,太原段,21.98,都市：住,100000,175,持分移轉,01340000
RPPWMLSKNHJFFBB68CB,太原段,23.36,都市：住,100000,186,持分移轉,01340000
RPXWMLSKNHJFFBB86CB,太原段,21.98,都市：住,100000,175,持分移轉,01340000
RPSWMLSKNHJFFBB98CB,太原段,23.36,都市：住,100000,186,持分移轉,01340000
RPQWMLSKNHJFFBB78CB,太原段,23.36,都市：住,100000,186,持分移轉,01340000
RPVWMLSKNHJFFBB66CB,太原段,21.98,都市：住,100000,175,持分移轉,01340000
RPTWMLSKNHJFFBB09CB,太原段,21.98,都市：住,100000,175,持分移轉,01340000
RPPNNLSKNHJFFBB87CB,太原段,21.98,都市：住,100000,175,持分移轉,01340000
RPWWMLSKNHJFFBB76CB,太原段,23.36,都市：住,100000,186,持分移轉,01340000
RPQNNLSKNHJFFBB97CB,太原段,23.36,都市：住,100000,186,持分移轉,01340000
RPONNLSKNHJFFBB77CB,太原段,23.36,都市：住,100000,186,持分移轉,01340000
RPUWMLSKNHJFFBB56CB,太原段,23.36,都市：住,100000,186,持分移轉,01340000
RPSNNLSKNHJFFBB18CB,太原段,21.98,都市：住,100000,175,持分移轉,01340000
RPTNNLSKNHJFFBB28CB,太原段,23.36,都市：住,100000,186,持分移轉,01340000
RPWNNLSKNHJFFBB58CB,太原段,23.36,都市：住,100000,186,持分移轉,01340000
RPXNNLSKNHJFFBB68CB,太原段,21.98,都市：住,100000,175,持分移轉,01340000
RPRNNLSKNHJFFBB08CB,太原段,23.36,都市：住,100000,186,持分移轉,01340000
RPUNNLSKNHJFFBB38CB,太原段,21.98,都市：住,100000,175,持分移轉,01340000
RPPONLSKNHJFFBB97CB,太原段,23.36,都市：住,100000,186,持分移轉,01340000
RPOONLSKNHJFFBB87CB,太原段,23.36,都市：住,100000,186,持分移轉,01340000
RPVNNLSKNHJFFBB48CB,太原段,23.36,都市：住,100000,186,持分移轉,01340000
RPQONLSKNHJFFBB08CB,太原段,21.98,都市：住,100000,175,持分移轉,01340000
RPTONLSKNHJFFBB38CB,太原段,21.98,都市：住,100000,175,持分移轉,01340000
RPRONLSKNHJFFBB18CB,太原段,23.36,都市：住,100000,186,持分移轉,01340000
RPUONLSKNHJFFBB48CB,太原段,23.36,都市：住,100000,186,持分移轉,01340000
RPVONLSKNHJFFBB58CB,太原段,21.98,都市：住,100000,175,持分移轉,01340000
RPSONLSKNHJFFBB28CB,太原段,23.36,都市：住,100000,186,持分移轉,01340000
RPXONLSKNHJFFBB78CB,太原段,23.36,都市：住,100000,186,持分移轉,01340000
RPQPNLSKNHJFFBB18CB,太原段,21.98,都市：住,100000,175,持分移轉,01340000
RPOPNLSKNHJFFBB97CB,太原段,21.98,都市：住,100000,175,持分移轉,01340000
RPPPNLSKNHJFFBB08CB,太原段,23.36,都市：住,100000,186,持分移轉,01340000
RPWONLSKNHJFFBB68CB,太原段,23.36,都市：住,100000,186,持分移轉,01340000
RPSPNLSKNHJFFBB38CB,太原段,23.36,都市：住,100000,186,持分移轉,01340000
RPUPNLSKNHJFFBB58CB,太原段,23.36,都市：住,100000,186,持分移轉,01340000
RPRPNLSKNHJFFBB28CB,太原段,23.36,都市：住,100000,186,持分移轉,01340000
RPTPNLSKNHJFFBB48CB,太原段,21.98,都市：住,100000,175,持分移轉,01340000
RPVPNLSKNHJFFBB68CB,太原段,23.36,都市：住,100000,186,持分移轉,01340000
RPRQNLSKNHJFFBB38CB,太原段,23.36,都市：住,100000,186,持分移轉,01340000
RPSQNLSKNHJFFBB48CB,太原段,21.98,都市：住,100000,175,持分移轉,01340000
RPPQNLSKNHJFFBB18CB,太原段,21.98,都市：住,100000,175,持分移轉,01340000
RPQQNLSKNHJFFBB28CB,太原段,23.36,都市：住,100000,186,持分移轉,01340000
RPOQNLSKNHJFFBB08CB,太原段,23.36,都市：住,100000,186,持分移轉,01340000
RPTQNLSKNHJFFBB58CB,太原段,23.36,都市：住,100000,186,持分移轉,01340000
RPVQNLSKNHJFFBB78CB,太原段,23.36,都市：住,100000,186,持分移轉,01340000
RPWQNLSKNHJFFBB88CB,太原段,23.36,都市：住,100000,186,持分移轉,01340000
RPUQNLSKNHJFFBB68CB,太原段,21.98,都市：住,100000,175,持分移轉,01340000
RPXNMLTKNHJFFBB68CB,太原段,23.36,都市：住,100000,186,持分移轉,01340000
RPPOMLTKNHJFFBB97CB,太原段,23.36,都市：住,100000,186,持分移轉,01340000
RPVNMLTKNHJFFBB48CB,太原段,23.11,都市：住,100000,184,持分移轉,01340000
RPUOMLTKNHJFFBB48CB,太原段,21.98,都市：住,100000,175,持分移轉,01340000
RPWNMLTKNHJFFBB58CB,太原段,21.98,都市：住,100000,175,持分移轉,01340000
RPSOMLTKNHJFFBB28CB,太原段,23.11,都市：住,100000,184,持分移轉,01340000
RPVOMLTKNHJFFBB58CB,太原段,23.36,都市：住,100000,186,持分移轉,01340000
RPOPMLTKNHJFFBB97CB,太原段,23.11,都市：住,100000,184,持分移轉,01340000
RPWOMLTKNHJFFBB68CB,太原段,23.11,都市：住,100000,184,持分移轉,01340000
RPXOMLTKNHJFFBB78CB,太原段,21.35,都市：住,100000,170,持分移轉,01340000
RPQPMLTKNHJFFBB18CB,太原段,21.35,都市：住,100000,170,持分移轉,01340000
RPSPMLTKNHJFFBB38CB,太原段,23.36,都市：住,100000,186,持分移轉,01340000
RPRPMLTKNHJFFBB28CB,太原段,21.98,都市：住,100000,175,持分移轉,01340000
RPTPMLTKNHJFFBB48CB,太原段,23.11,都市：住,100000,184,持分移轉,01340000
RPVPMLTKNHJFFBB68CB,太原段,21.35,都市：住,100000,170,持分移轉,01340000
RPUPMLTKNHJFFBB58CB,太原段,21.35,都市：住,100000,170,持分移轉,01340000
RPWPMLTKNHJFFBB78CB,太原段,21.98,都市：住,100000,175,持分移轉,01340000
RPXPMLTKNHJFFBB88CB,太原段,23.36,都市：住,100000,186,持分移轉,01340000
RPRQMLTKNHJFFBB38CB,太原段,21.98,都市：住,100000,175,持分移轉,01340000
RPPQMLTKNHJFFBB18CB,太原段,21.35,都市：住,100000,170,持分移轉,01340000
RPOQMLTKNHJFFBB08CB,太原段,23.11,都市：住,100000,184,持分移轉,01340000
RPUQMLTKNHJFFBB68CB,太原段,21.35,都市：住,100000,170,持分移轉,01340000
RPVQMLTKNHJFFBB78CB,太原段,21.35,都市：住,100000,170,持分移轉,01340000
RPWQMLTKNHJFFBB88CB,太原段,21.98,都市：住,100000,175,持分移轉,01340000
RPTQMLTKNHJFFBB58CB,太原段,23.11,都市：住,100000,184,持分移轉,01340000
RPXQMLTKNHJFFBB98CB,太原段,23.36,都市：住,100000,186,持分移轉,01340000
RPSQMLTKNHJFFBB48CB,太原段,23.36,都市：住,100000,186,持分移轉,01340000
RPPRMLTKNHJFFBB28CB,太原段,21.35,都市：住,100000,170,持分移轉,01340000
RPQQMLTKNHJFFBB28CB,太原段,21.35,都市：住,100000,170,持分移轉,01340000
RPORMLTKNHJFFBB18CB,太原段,23.11,都市：住,100000,184,持分移轉,01340000
RPRRMLTKNHJFFBB48CB,太原段,21.98,都市：住,100000,175,持分移轉,01340000
RPSRMLTKNHJFFBB58CB,太原段,23.36,都市：住,100000,186,持分移轉,01340000
RPTRMLTKNHJFFBB68CB,太原段,23.36,都市：住,100000,186,持分移轉,01340000
RPURMLTKNHJFFBB78CB,太原段,23.11,都市：住,100000,184,持分移轉,01340000
RPPSMLTKNHJFFBB38CB,太原段,23.36,都市：住,100000,186,持分移轉,01340000
RPXRMLTKNHJFFBB09CB,太原段,21.35,都市：住,100000,170,持分移轉,01340000
RPQRMLTKNHJFFBB38CB,太原段,21.35,都市：住,100000,170,持分移轉,01340000
RPOSMLTKNHJFFBB28CB,太原段,21.98,都市：住,100000,175,持分移轉,01340000
RPQSMLTKNHJFFBB48CB,太原段,23.36,都市：住,100000,186,持分移轉,01340000
RPSSMLTKNHJFFBB68CB,太原段,21.35,都市：住,100000,170,持分移轉,01340000
RPRSMLTKNHJFFBB58CB,太原段,23.11,都市：住,100000,184,持分移轉,01340000
RPWRMLTKNHJFFBB98CB,太原段,21.35,都市：住,100000,170,持分移轉,01340000
RPVUMLTKNHJFFBB56CB,太原段,21.98,都市：住,100000,175,持分移轉,01340000
RPOVMLTKNHJFFBB58CB,太原段,23.11,都市：住,100000,184,持分移轉,01340000
RPPVMLTKNHJFFBB68CB,太原段,21.35,都市：住,100000,170,持分移轉,01340000
RPRVMLTKNHJFFBB88CB,太原段,21.98,都市：住,100000,175,持分移轉,01340000
RPQVMLTKNHJFFBB78CB,太原段,21.35,都市：住,100000,170,持分移轉,01340000
RPTVMLTKNHJFFBB09CB,太原段,23.36,都市：住,100000,186,持分移轉,01340000
RPTSMLTKNHJFFBB78CB,太原段,21.35,都市：住,100000,170,持分移轉,01340000
RPWUMLTKNHJFFBB66CB,太原段,23.36,都市：住,100000,186,持分移轉,01340000
RPXUMLTKNHJFFBB76CB,太原段,23.36,都市：住,100000,186,持分移轉,01340000
RPQWMLTKNHJFFBB88CB,太原段,23.36,都市：住,100000,186,持分移轉,01340000
RPPWMLTKNHJFFBB78CB,太原段,21.98,都市：住,100000,175,持分移轉,01340000
RPUVMLTKNHJFFBB56CB,太原段,23.36,都市：住,100000,186,持分移轉,01340000
RPVVMLTKNHJFFBB66CB,太原段,23.11,都市：住,100000,184,持分移轉,01340000
RPWVMLTKNHJFFBB76CB,太原段,21.35,都市：住,100000,170,持分移轉,01340000
RPRWMLTKNHJFFBB98CB,太原段,23.36,都市：住,100000,186,持分移轉,01340000
RPOWMLTKNHJFFBB68CB,太原段,21.35,都市：住,100000,170,持分移轉,01340000
RPUWMLTKNHJFFBB66CB,太原段,21.35,都市：住,100000,170,持分移轉,01340000
RPSWMLTKNHJFFBB09CB,太原段,23.11,都市：住,100000,184,持分移轉,01340000
RPTWMLTKNHJFFBB56CB,太原段,21.35,都市：住,100000,170,持分移轉,01340000
RPVWMLTKNHJFFBB76CB,太原段,21.98,都市：住,100000,175,持分移轉,01340000
RPWNNLTKNHJFFBB68CB,太原段,23.36,都市：住,100000,186,持分移轉,01340000
RPRPMLKLNHJFFBB47CB,太原段,23.36,都市：住,100000,186,持分移轉,01340000
RPPPMLKLNHJFFBB27CB,太原段,21.98,都市：住,100000,175,持分移轉,01340000
RPQNNLTKNHJFFBB08CB,太原段,21.35,都市：住,100000,170,持分移轉,01340000
RPXWMLTKNHJFFBB96CB,太原段,23.36,都市：住,100000,186,持分移轉,01340000
RPPNNLTKNHJFFBB97CB,太原段,21.35,都市：住,100000,170,持分移轉,01340000
RPONNLTKNHJFFBB87CB,太原段,23.11,都市：住,100000,184,持分移轉,01340000
RPQPMLKLNHJFFBB37CB,太原段,21.73,都市：住,100000,173,持分移轉,01340000
RPVNNLTKNHJFFBB58CB,太原段,21.98,都市：住,100000,175,持分移轉,01340000
RPWWMLTKNHJFFBB86CB,太原段,23.36,都市：住,100000,186,持分移轉,01340000
RPXPMLKLNHJFFBB08CB,太原段,21.98,都市：住,100000,175,持分移轉,01340000
RPOQMLKLNHJFFBB27CB,太原段,23.36,都市：住,100000,186,持分移轉,01340000
RPSPMLKLNHJFFBB57CB,太原段,23.36,都市：住,100000,186,持分移轉,01340000
RPTPMLKLNHJFFBB67CB,太原段,23.36,都市：住,100000,186,持分移轉,01340000
RPUPMLKLNHJFFBB77CB,太原段,21.98,都市：住,100000,175,持分移轉,01340000
RPVPMLKLNHJFFBB87CB,太原段,23.36,都市：住,100000,186,持分移轉,01340000
RPQQMLKLNHJFFBB47CB,太原段,21.98,都市：住,100000,175,持分移轉,01340000
RPRQMLKLNHJFFBB57CB,太原段,23.36,都市：住,100000,186,持分移轉,01340000
RPPQMLKLNHJFFBB37CB,太原段,23.36,都市：住,100000,186,持分移轉,01340000
RPWPMLKLNHJFFBB97CB,太原段,23.36,都市：住,100000,186,持分移轉,01340000
RPSRMLKLNHJFFBB77CB,太原段,23.36,都市：住,100000,186,持分移轉,01340000
RPQRMLKLNHJFFBB57CB,太原段,23.36,都市：住,100000,186,持分移轉,01340000
RPTRMLKLNHJFFBB87CB,太原段,23.36,都市：住,100000,186,持分移轉,01340000
RPVRMLKLNHJFFBB08CB,太原段,21.98,都市：住,100000,175,持分移轉,01340000
RPUQMLKLNHJFFBB87CB,太原段,21.98,都市：住,100000,175,持分移轉,01340000
RPURMLKLNHJFFBB97CB,太原段,23.36,都市：住,100000,186,持分移轉,01340000
RPRRMLKLNHJFFBB67CB,太原段,21.98,都市：住,100000,175,持分移轉,01340000
RPSQMLKLNHJFFBB67CB,太原段,23.36,都市：住,100000,186,持分移轉,01340000
RPWRMLKLNHJFFBB18CB,太原段,23.36,都市：住,100000,186,持分移轉,01340000
RPXRMLKLNHJFFBB28CB,太原段,23.36,都市：住,100000,186,持分移轉,01340000
RPPSMLKLNHJFFBB57CB,太原段,23.36,都市：住,100000,186,持分移轉,01340000
RPRSMLKLNHJFFBB77CB,太原段,21.98,都市：住,100000,175,持分移轉,01340000
RPQSMLKLNHJFFBB67CB,太原段,23.36,都市：住,100000,186,持分移轉,01340000
RPSSMLKLNHJFFBB87CB,太原段,23.36,都市：住,100000,186,持分移轉,01340000
RPOSMLKLNHJFFBB47CB,太原段,21.98,都市：住,100000,175,持分移轉,01340000
RPVSMLKLNHJFFBB18CB,太原段,23.36,都市：住,100000,186,持分移轉,01340000
RPUSMLKLNHJFFBB08CB,太原段,21.98,都市：住,100000,175,持分移轉,01340000
RPTSMLKLNHJFFBB97CB,太原段,23.36,都市：住,100000,186,持分移轉,01340000
RPWSMLKLNHJFFBB28CB,太原段,21.98,都市：住,100000,175,持分移轉,01340000
RPPTMLKLNHJFFBB67CB,太原段,21.98,都市：住,100000,175,持分移轉,01340000
RPOTMLKLNHJFFBB57CB,太原段,23.36,都市：住,100000,186,持分移轉,01340000
RPXSMLKLNHJFFBB38CB,太原段,23.36,都市：住,100000,186,持分移轉,01340000
RPRTMLKLNHJFFBB87CB,太原段,23.36,都市：住,100000,186,持分移轉,01340000
RPQTMLKLNHJFFBB77CB,太原段,21.98,都市：住,100000,175,持分移轉,01340000
RPXUMLKLNHJFFBB58CB,太原段,23.36,都市：住,100000,186,持分移轉,01340000
RPVTMLKLNHJFFBB28CB,太原段,23.36,都市：住,100000,186,持分移轉,01340000
RPTUMLKLNHJFFBB18CB,太原段,23.36,都市：住,100000,186,持分移轉,01340000
RPTTMLKLNHJFFBB08CB,太原段,21.98,都市：住,100000,175,持分移轉,01340000
RPRUMLKLNHJFFBB97CB,太原段,23.36,都市：住,100000,186,持分移轉,01340000
RPUTMLKLNHJFFBB18CB,太原段,21.98,都市：住,100000,175,持分移轉,01340000
RPSUMLKLNHJFFBB08CB,太原段,21.98,都市：住,100000,175,持分移轉,01340000
RPXTMLKLNHJFFBB48CB,太原段,21.98,都市：住,100000,175,持分移轉,01340000
RPSTMLKLNHJFFBB97CB,太原段,23.36,都市：住,100000,186,持分移轉,01340000
RPWTMLKLNHJFFBB38CB,太原段,23.36,都市：住,100000,186,持分移轉,01340000
RPPVMLKLNHJFFBB87CB,太原段,21.98,都市：住,100000,175,持分移轉,01340000
RPQVMLKLNHJFFBB97CB,太原段,23.36,都市：住,100000,186,持分移轉,01340000
RPSVMLKLNHJFFBB18CB,太原段,23.36,都市：住,100000,186,持分移轉,01340000
RPRVMLKLNHJFFBB08CB,太原段,23.36,都市：住,100000,186,持分移轉,01340000
RPXVMLKLNHJFFBB68CB,太原段,21.98,都市：住,100000,175,持分移轉,01340000
RPUVMLKLNHJFFBB38CB,太原段,23.36,都市：住,100000,186,持分移轉,01340000
RPVVMLKLNHJFFBB48CB,太原段,23.36,都市：住,100000,186,持分移轉,01340000
RPTVMLKLNHJFFBB28CB,太原段,21.98,都市：住,100000,175,持分移轉,01340000
RPOVMLKLNHJFFBB77CB,太原段,23.36,都市：住,100000,186,持分移轉,01340000
RPOWMLKLNHJFFBB87CB,太原段,23.36,都市：住,100000,186,持分移轉,01340000
RPPWMLKLNHJFFBB97CB,太原段,23.36,都市：住,100000,186,持分移轉,01340000
RPSWMLKLNHJFFBB28CB,太原段,23.36,都市：住,100000,186,持分移轉,01340000
RPRWMLKLNHJFFBB18CB,太原段,23.36,都市：住,100000,186,持分移轉,01340000
RPQWMLKLNHJFFBB08CB,太原段,21.98,都市：住,100000,175,持分移轉,01340000
RPWWMLKLNHJFFBB68CB,太原段,21.98,都市：住,100000,175,持分移轉,01340000
RPVWMLKLNHJFFBB58CB,太原段,23.36,都市：住,100000,186,持分移轉,01340000
RPONNLKLNHJFFBB07CB,太原段,23.36,都市：住,100000,186,持分移轉,01340000
RPUWMLKLNHJFFBB48CB,太原段,23.36,都市：住,100000,186,持分移轉,01340000
RPTWMLKLNHJFFBB38CB,太原段,21.98,都市：住,100000,175,持分移轉,01340000
RPXWMLKLNHJFFBB78CB,太原段,23.36,都市：住,100000,186,持分移轉,01340000
RPPNNLKLNHJFFBB17CB,太原段,21.98,都市：住,100000,175,持分移轉,01340000
RPQNNLKLNHJFFBB27CB,太原段,23.36,都市：住,100000,186,持分移轉,01340000
RPRNNLKLNHJFFBB37CB,太原段,23.36,都市：住,100000,186,持分移轉,01340000
RPSNNLKLNHJFFBB47CB,太原段,22.98,都市：住,100000,183,持分移轉,01340000
RPWNNLKLNHJFFBB87CB,太原段,22.98,都市：住,100000,183,持分移轉,01340000
RPPONLKLNHJFFBB27CB,太原段,22.98,都市：住,100000,183,持分移轉,01340000
RPOONLKLNHJFFBB17CB,太原段,22.98,都市：住,100000,183,持分移轉,01340000
RPTNNLKLNHJFFBB57CB,太原段,22.86,都市：住,100000,182,持分移轉,01340000
RPVNNLKLNHJFFBB77CB,太原段,22.98,都市：住,100000,183,持分移轉,01340000
RPUNNLKLNHJFFBB67CB,太原段,21.48,都市：住,100000,171,持分移轉,01340000
RPXNNLKLNHJFFBB97CB,太原段,21.48,都市：住,100000,171,持分移轉,01340000
RPQONLKLNHJFFBB37CB,太原段,21.48,都市：住,100000,171,持分移轉,01340000
RPRONLKLNHJFFBB47CB,太原段,22.98,都市：住,100000,183,持分移轉,01340000
RPSONLKLNHJFFBB57CB,太原段,22.98,都市：住,100000,183,持分移轉,01340000
RPTONLKLNHJFFBB67CB,太原段,21.48,都市：住,100000,171,持分移轉,01340000
RPUONLKLNHJFFBB77CB,太原段,22.98,都市：住,100000,183,持分移轉,01340000
RPOPMLLLNHJFFBB27CB,太原段,22.98,都市：住,100000,183,持分移轉,01340000
RPQPMLLLNHJFFBB47CB,太原段,21.48,都市：住,100000,171,持分移轉,01340000
RPRPMLLLNHJFFBB57CB,太原段,22.98,都市：住,100000,183,持分移轉,01340000
RPPPMLLLNHJFFBB37CB,太原段,22.98,都市：住,100000,183,持分移轉,01340000
RPVONLKLNHJFFBB87CB,太原段,22.98,都市：住,100000,183,持分移轉,01340000
RPTPMLLLNHJFFBB77CB,太原段,21.48,都市：住,100000,171,持分移轉,01340000
RPWPMLLLNHJFFBB08CB,太原段,22.98,都市：住,100000,183,持分移轉,01340000
RPSPMLLLNHJFFBB67CB,太原段,22.98,都市：住,100000,183,持分移轉,01340000
RPPQMLLLNHJFFBB47CB,太原段,22.98,都市：住,100000,183,持分移轉,01340000
RPXPMLLLNHJFFBB18CB,太原段,21.48,都市：住,100000,171,持分移轉,01340000
RPQQMLLLNHJFFBB57CB,太原段,22.98,都市：住,100000,183,持分移轉,01340000
RPUPMLLLNHJFFBB87CB,太原段,22.98,都市：住,100000,183,持分移轉,01340000
RPRQMLLLNHJFFBB67CB,太原段,21.48,都市：住,100000,171,持分移轉,01340000
RPSQMLLLNHJFFBB77CB,太原段,22.98,都市：住,100000,183,持分移轉,01340000
RPTQMLLLNHJFFBB87CB,太原段,22.98,都市：住,100000,183,持分移轉,01340000
RPUQMLLLNHJFFBB97CB,太原段,21.48,都市：住,100000,171,持分移轉,01340000
RPORMLLLNHJFFBB47CB,太原段,22.98,都市：住,100000,183,持分移轉,01340000
RPWQMLLLNHJFFBB18CB,太原段,22.98,都市：住,100000,183,持分移轉,01340000
RPPRMLLLNHJFFBB57CB,太原段,22.98,都市：住,100000,183,持分移轉,01340000
RPTRMLLLNHJFFBB97CB,太原段,21.48,都市：住,100000,171,持分移轉,01340000
RPXQMLLLNHJFFBB28CB,太原段,21.48,都市：住,100000,171,持分移轉,01340000
RPSRMLLLNHJFFBB87CB,太原段,22.98,都市：住,100000,183,持分移轉,01340000
RPRRMLLLNHJFFBB77CB,太原段,22.98,都市：住,100000,183,持分移轉,01340000
RPQRMLLLNHJFFBB67CB,太原段,21.48,都市：住,100000,171,持分移轉,01340000
RPURMLLLNHJFFBB08CB,太原段,22.98,都市：住,100000,183,持分移轉,01340000
RPRSMLLLNHJFFBB87CB,太原段,22.98,都市：住,100000,183,持分移轉,01340000
RPQSMLLLNHJFFBB77CB,太原段,21.48,都市：住,100000,171,持分移轉,01340000
RPPSMLLLNHJFFBB67CB,太原段,22.98,都市：住,100000,183,持分移轉,01340000
RPSSMLLLNHJFFBB97CB,太原段,22.98,都市：住,100000,183,持分移轉,01340000
RPXRMLLLNHJFFBB38CB,太原段,22.98,都市：住,100000,183,持分移轉,01340000
RPWRMLLLNHJFFBB28CB,太原段,22.98,都市：住,100000,183,持分移轉,01340000
RPOSMLLLNHJFFBB57CB,太原段,21.48,都市：住,100000,171,持分移轉,01340000
RPVRMLLLNHJFFBB18CB,太原段,21.48,都市：住,100000,171,持分移轉,01340000
RPTSMLLLNHJFFBB08CB,太原段,21.48,都市：住,100000,171,持分移轉,01340000
RPVSMLLLNHJFFBB28CB,太原段,22.98,都市：住,100000,183,持分移轉,01340000
RPPTMLLLNHJFFBB77CB,太原段,22.98,都市：住,100000,183,持分移轉,01340000
RPTTMLLLNHJFFBB18CB,太原段,22.98,都市：住,100000,183,持分移轉,01340000
RPUSMLLLNHJFFBB18CB,太原段,22.98,都市：住,100000,183,持分移轉,01340000
RPRTMLLLNHJFFBB97CB,太原段,21.48,都市：住,100000,171,持分移轉,01340000
RPWSMLLLNHJFFBB38CB,太原段,21.48,都市：住,100000,171,持分移轉,01340000
RPQTMLLLNHJFFBB87CB,太原段,22.98,都市：住,100000,183,持分移轉,01340000
RPUTMLLLNHJFFBB28CB,太原段,21.48,都市：住,100000,171,持分移轉,01340000
RPSTMLLLNHJFFBB08CB,太原段,22.98,都市：住,100000,183,持分移轉,01340000
RPXTMLLLNHJFFBB58CB,太原段,22.98,都市：住,100000,183,持分移轉,01340000
RPVTMLLLNHJFFBB38CB,太原段,22.98,都市：住,100000,183,持分移轉,01340000
RPQUMLLLNHJFFBB97CB,太原段,21.48,都市：住,100000,171,持分移轉,01340000
RPRUMLLLNHJFFBB08CB,太原段,22.98,都市：住,100000,183,持分移轉,01340000
RPOUMLLLNHJFFBB77CB,太原段,21.48,都市：住,100000,171,持分移轉,01340000
RPTUMLLLNHJFFBB28CB,太原段,21.48,都市：住,100000,171,持分移轉,01340000
RPUUMLLLNHJFFBB38CB,太原段,21.48,都市：住,100000,171,持分移轉,01340000
RPPUMLLLNHJFFBB87CB,太原段,22.98,都市：住,100000,183,持分移轉,01340000
RPSUMLLLNHJFFBB18CB,太原段,22.98,都市：住,100000,183,持分移轉,01340000
RPTVMLLLNHJFFBB38CB,太原段,26.88,都市：住,100000,214,持分移轉,01340000
RPPVMLLLNHJFFBB97CB,太原段,22.98,都市：住,100000,183,持分移轉,01340000
RPQVMLLLNHJFFBB08CB,太原段,21.48,都市：住,100000,171,持分移轉,01340000
RPSVMLLLNHJFFBB28CB,太原段,26.88,都市：住,100000,214,持分移轉,01340000
RPXUMLLLNHJFFBB68CB,太原段,21.48,都市：住,100000,171,持分移轉,01340000
RPXVMLLLNHJFFBB78CB,太原段,26.88,都市：住,100000,214,持分移轉,01340000
RPVVMLLLNHJFFBB58CB,太原段,23.86,都市：住,100000,190,持分移轉,01340000
RPWVMLLLNHJFFBB68CB,太原段,26.88,都市：住,100000,214,持分移轉,01340000
RPOWMLLLNHJFFBB97CB,太原段,23.86,都市：住,100000,190,持分移轉,01340000
RPPWMLLLNHJFFBB08CB,太原段,23.86,都市：住,100000,190,持分移轉,01340000
RPUWMLLLNHJFFBB58CB,太原段,26.88,都市：住,100000,214,持分移轉,01340000
RPTWMLLLNHJFFBB48CB,太原段,26.88,都市：住,100000,214,持分移轉,01340000
RPQWMLLLNHJFFBB18CB,太原段,26.88,都市：住,100000,214,持分移轉,01340000
RPRWMLLLNHJFFBB28CB,太原段,26.88,都市：住,100000,214,持分移轉,01340000
RPSWMLLLNHJFFBB38CB,太原段,23.86,都市：住,100000,190,持分移轉,01340000
RPVWMLLLNHJFFBB68CB,太原段,23.86,都市：住,100000,190,持分移轉,01340000
RPPNNLLLNHJFFBB27CB,太原段,23.86,都市：住,100000,190,持分移轉,01340000
RPXWMLLLNHJFFBB88CB,太原段,26.88,都市：住,100000,214,持分移轉,01340000
RPWWMLLLNHJFFBB78CB,太原段,23.86,都市：住,100000,190,持分移轉,01340000
RPONNLLLNHJFFBB17CB,太原段,26.88,都市：住,100000,214,持分移轉,01340000
RPUNNLLLNHJFFBB77CB,太原段,26.88,都市：住,100000,214,持分移轉,01340000
RPQNNLLLNHJFFBB37CB,太原段,26.88,都市：住,100000,214,持分移轉,01340000
RPRNNLLLNHJFFBB47CB,太原段,26.88,都市：住,100000,214,持分移轉,01340000
RPSNNLLLNHJFFBB57CB,太原段,23.86,都市：住,100000,190,持分移轉,01340000
RPVNNLLLNHJFFBB87CB,太原段,23.86,都市：住,100000,190,持分移轉,01340000
RPXNNLLLNHJFFBB08CB,太原段,26.88,都市：住,100000,214,持分移轉,01340000
RPWNNLLLNHJFFBB97CB,太原段,26.88,都市：住,100000,214,持分移轉,01340000
RPTONLLLNHJFFBB77CB,太原段,23.86,都市：住,100000,190,持分移轉,01340000
RPPONLLLNHJFFBB37CB,太原段,23.86,都市：住,100000,190,持分移轉,01340000
RPQONLLLNHJFFBB47CB,太原段,26.88,都市：住,100000,214,持分移轉,01340000
RPUONLLLNHJFFBB87CB,太原段,23.86,都市：住,100000,190,持分移轉,01340000
RPOONLLLNHJFFBB27CB,太原段,23.86,都市：住,100000,190,持分移轉,01340000
RPSONLLLNHJFFBB67CB,太原段,26.88,都市：住,100000,214,持分移轉,01340000
RPVONLLLNHJFFBB97CB,太原段,26.88,都市：住,100000,214,持分移轉,01340000
RPWONLLLNHJFFBB08CB,太原段,26.88,都市：住,100000,214,持分移轉,01340000
RPOPNLLLNHJFFBB37CB,太原段,23.86,都市：住,100000,190,持分移轉,01340000
RPRONLLLNHJFFBB57CB,太原段,26.88,都市：住,100000,214,持分移轉,01340000
RPTOMLMLNHJFFBB77CB,太原段,53.00,都市：住,100000,422,持分移轉,01340000
RPUOMLMLNHJFFBB87CB,太原段,53.00,都市：住,100000,422,持分移轉,01340000
RPPPMLMLNHJFFBB47CB,太原段,53.50,都市：住,100000,426,持分移轉,01340000
RPROMLMLNHJFFBB57CB,太原段,54.13,都市：住,100000,431,持分移轉,01340000
RPVOMLMLNHJFFBB97CB,太原段,53.00,都市：住,100000,422,持分移轉,01340000
RPSOMLMLNHJFFBB67CB,太原段,53.00,都市：住,100000,422,持分移轉,01340000
RPXOMLMLNHJFFBB18CB,太原段,53.00,都市：住,100000,422,持分移轉,01340000
RPOPMLMLNHJFFBB37CB,太原段,53.00,都市：住,100000,422,持分移轉,01340000
RPRPMLMLNHJFFBB67CB,太原段,53.00,都市：住,100000,422,持分移轉,01340000
RPSPMLMLNHJFFBB77CB,太原段,53.00,都市：住,100000,422,持分移轉,01340000
RPQPMLMLNHJFFBB57CB,太原段,53.88,都市：住,100000,429,持分移轉,01340000
RPUPMLMLNHJFFBB97CB,太原段,53.00,都市：住,100000,422,持分移轉,01340000
RPTPMLMLNHJFFBB87CB,太原段,53.00,都市：住,100000,422,持分移轉,01340000
RPWPMLMLNHJFFBB18CB,太原段,53.00,都市：住,100000,422,持分移轉,01340000
RPVPMLMLNHJFFBB08CB,太原段,53.00,都市：住,100000,422,持分移轉,01340000
RPXNMLTLNHJFFBB78CB,太順段,19.89,都市：住,10000,53,持分移轉,01750000
RPQQMLMLNHJFFBB67CB,太原段,53.75,都市：住,100000,428,持分移轉,01340000
RPVPMLTLNHJFFBB78CB,太順段,19.89,都市：住,10000,53,持分移轉,01750000
RPPQMLTLNHJFFBB28CB,太順段,24.40,都市：住,10000,65,持分移轉,01750000
RPOQMLMLNHJFFBB47CB,太原段,53.00,都市：住,100000,422,持分移轉,01340000
RPSQMLTLNHJFFBB58CB,太順段,19.89,都市：住,10000,53,持分移轉,01750000
RPRQMLTLNHJFFBB48CB,太順段,20.64,都市：住,10000,55,持分移轉,01750000
RPRRMLTLNHJFFBB58CB,太順段,25.52,都市：住,10000,68,持分移轉,01750000
RPQQMLTLNHJFFBB38CB,太順段,23.64,都市：住,10000,63,持分移轉,01750000
RPPQMLMLNHJFFBB57CB,太原段,53.00,都市：住,100000,422,持分移轉,01340000
RPWQMLTLNHJFFBB98CB,太順段,24.40,都市：住,10000,65,持分移轉,01750000
RPPNMLMJOHJFFBB17CB,太順段,19.89,都市：住,10000,53,持分移轉,01750000
RPRNMLMJOHJFFBB37CB,太順段,20.64,都市：住,10000,55,持分移轉,01750000
RPQNMLMJOHJFFBB27CB,太順段,19.89,都市：住,10000,53,持分移轉,01750000
RPVQMLTLNHJFFBB88CB,太順段,20.27,都市：住,10000,54,持分移轉,01750000
RPSNMLMJOHJFFBB47CB,太順段,23.64,都市：住,10000,63,持分移轉,01750000
RPVNMLMJOHJFFBB77CB,太順段,19.89,都市：住,10000,53,持分移轉,01750000
RPWNMLMJOHJFFBB87CB,太順段,19.89,都市：住,10000,53,持分移轉,01750000
RPTNMLMJOHJFFBB57CB,太順段,23.64,都市：住,10000,63,持分移轉,01750000
RPOOMLMJOHJFFBB17CB,太順段,25.90,都市：住,10000,69,持分移轉,01750000
RPUNMLMJOHJFFBB67CB,太順段,20.64,都市：住,10000,55,持分移轉,01750000
RPROMLMJOHJFFBB47CB,太順段,19.89,都市：住,10000,53,持分移轉,01750000
RPPOMLMJOHJFFBB27CB,太順段,25.90,都市：住,10000,69,持分移轉,01750000
RPQOMLMJOHJFFBB37CB,太順段,24.40,都市：住,10000,65,持分移轉,01750000
RPTOMLMJOHJFFBB67CB,太順段,20.64,都市：住,10000,55,持分移轉,01750000
RPWOMLMJOHJFFBB97CB,太順段,20.64,都市：住,10000,55,持分移轉,01750000
RPUOMLMJOHJFFBB77CB,太順段,24.02,都市：住,10000,64,持分移轉,01750000
RPXOMLMJOHJFFBB08CB,太順段,19.89,都市：住,10000,53,持分移轉,01750000
RPSOMLMJOHJFFBB57CB,太順段,19.89,都市：住,10000,53,持分移轉,01750000
RPVOMLMJOHJFFBB87CB,太順段,23.64,都市：住,10000,63,持分移轉,01750000
RPSPMLMJOHJFFBB67CB,太順段,19.89,都市：住,10000,53,持分移轉,01750000
RPTPMLMJOHJFFBB77CB,太順段,20.64,都市：住,10000,55,持分移轉,01750000
RPRPMLMJOHJFFBB57CB,太順段,24.40,都市：住,10000,65,持分移轉,01750000
RPOPMLMJOHJFFBB27CB,太順段,19.89,都市：住,10000,53,持分移轉,01750000
RPUPMLMJOHJFFBB87CB,太順段,23.64,都市：住,10000,63,持分移轉,01750000
RPPPMLMJOHJFFBB37CB,太順段,24.02,都市：住,10000,64,持分移轉,01750000
RPQPMLMJOHJFFBB47CB,太順段,25.90,都市：住,10000,69,持分移轉,01750000
RPXPMLMJOHJFFBB18CB,太順段,19.89,都市：住,10000,53,持分移轉,01750000
RPWPMLMJOHJFFBB08CB,太順段,20.64,都市：住,10000,55,持分移轉,01750000
RPQQMLMJOHJFFBB57CB,太順段,24.40,都市：住,10000,65,持分移轉,01750000
RPOQMLMJOHJFFBB37CB,太順段,19.89,都市：住,10000,53,持分移轉,01750000
RPTQMLMJOHJFFBB87CB,太順段,24.02,都市：住,10000,64,持分移轉,01750000
RPXQMLMJOHJFFBB28CB,太順段,20.64,都市：住,10000,55,持分移轉,01750000
RPORMLMJOHJFFBB47CB,太順段,23.64,都市：住,10000,63,持分移轉,01750000
RPRQMLMJOHJFFBB67CB,太順段,25.90,都市：住,10000,69,持分移轉,01750000
RPSQMLMJOHJFFBB77CB,太順段,25.90,都市：住,10000,69,持分移轉,01750000
RPRRMLMJOHJFFBB77CB,太順段,19.89,都市：住,10000,53,持分移轉,01750000
RPSRMLMJOHJFFBB87CB,太順段,24.02,都市：住,10000,64,持分移轉,01750000
RPQRMLMJOHJFFBB67CB,太順段,19.89,都市：住,10000,53,持分移轉,01750000
RPPRMLMJOHJFFBB57CB,太順段,20.64,都市：住,10000,55,持分移轉,01750000
RPVQMLMJOHJFFBB08CB,太順段,19.89,都市：住,10000,53,持分移轉,01750000
RPWQMLMJOHJFFBB18CB,太順段,19.89,都市：住,10000,53,持分移轉,01750000
RPTRMLMJOHJFFBB97CB,太順段,25.52,都市：住,10000,68,持分移轉,01750000
RPVPMLMJOHJFFBB97CB,太順段,23.64,都市：住,10000,63,持分移轉,01750000
RPTOMLNJOHJFFBB77CB,太順段,23.64,都市：住,10000,63,持分移轉,01750000
RPPOMLNJOHJFFBB37CB,太順段,19.89,都市：住,10000,53,持分移轉,01750000
RPVOMLNJOHJFFBB97CB,太順段,19.89,都市：住,10000,53,持分移轉,01750000
RPSOMLNJOHJFFBB67CB,太順段,23.64,都市：住,10000,63,持分移轉,01750000
RPWNMLNJOHJFFBB97CB,太順段,24.40,都市：住,10000,65,持分移轉,01750000
RPOOMLNJOHJFFBB27CB,太順段,19.89,都市：住,10000,53,持分移轉,01750000
RPUOMLNJOHJFFBB87CB,太順段,20.64,都市：住,10000,55,持分移轉,01750000
RPROMLNJOHJFFBB57CB,太順段,20.64,都市：住,10000,55,持分移轉,01750000
RPVNMLNJOHJFFBB87CB,太順段,25.52,都市：住,10000,68,持分移轉,01750000
RPQPMLNJOHJFFBB57CB,太順段,25.90,都市：住,10000,69,持分移轉,01750000
RPPPMLNJOHJFFBB47CB,太順段,24.02,都市：住,10000,64,持分移轉,01750000
RPTPMLNJOHJFFBB87CB,太順段,25.52,都市：住,10000,68,持分移轉,01750000
RPVPMLNJOHJFFBB08CB,太順段,24.40,都市：住,10000,65,持分移轉,01750000
RPOQMLNJOHJFFBB47CB,太順段,21.02,都市：住,10000,56,持分移轉,01750000
RPXPMLNJOHJFFBB28CB,太順段,19.89,都市：住,10000,53,持分移轉,01750000
RPPQMLNJOHJFFBB57CB,太順段,23.64,都市：住,10000,63,持分移轉,01750000
RPSQMLNJOHJFFBB87CB,太順段,20.64,都市：住,10000,55,持分移轉,01750000
RPTQMLNJOHJFFBB97CB,太順段,19.89,都市：住,10000,53,持分移轉,01750000
RPVQMLNJOHJFFBB18CB,太順段,19.89,都市：住,10000,53,持分移轉,01750000
RPTRMLNJOHJFFBB08CB,太順段,25.52,都市：住,10000,68,持分移轉,01750000
RPSRMLNJOHJFFBB97CB,太順段,24.02,都市：住,10000,64,持分移轉,01750000
RPURMLNJOHJFFBB18CB,太順段,25.90,都市：住,10000,69,持分移轉,01750000
RPOSMLNJOHJFFBB67CB,太順段,19.89,都市：住,10000,53,持分移轉,01750000
RPQSMLNJOHJFFBB87CB,太順段,19.89,都市：住,10000,53,持分移轉,01750000
RPSSMLNJOHJFFBB08CB,太順段,20.64,都市：住,10000,55,持分移轉,01750000
RPTSMLNJOHJFFBB18CB,太順段,24.02,都市：住,10000,64,持分移轉,01750000
RPUSMLNJOHJFFBB28CB,太順段,23.64,都市：住,10000,63,持分移轉,01750000
RPVSMLNJOHJFFBB38CB,太順段,20.64,都市：住,10000,55,持分移轉,01750000
RPXSMLNJOHJFFBB58CB,太順段,19.89,都市：住,10000,53,持分移轉,01750000
RPPTMLNJOHJFFBB87CB,太順段,24.02,都市：住,10000,64,持分移轉,01750000
RPOTMLNJOHJFFBB77CB,太順段,19.89,都市：住,10000,53,持分移轉,01750000
RPXOMLNJOHJFFBB18CB,太順段,19.89,都市：住,10000,53,持分移轉,01750000
RPQTMLNJOHJFFBB97CB,太順段,25.52,都市：住,10000,68,持分移轉,01750000
RPRTMLNJOHJFFBB08CB,太順段,25.90,都市：住,10000,69,持分移轉,01750000
RPTTMLNJOHJFFBB28CB,太順段,24.02,都市：住,10000,64,持分移轉,01750000
RPPUMLNJOHJFFBB97CB,太順段,19.89,都市：住,10000,53,持分移轉,01750000
RPRUMLNJOHJFFBB18CB,太順段,19.89,都市：住,10000,53,持分移轉,01750000
RPSUMLNJOHJFFBB28CB,太順段,20.64,都市：住,10000,55,持分移轉,01750000
RPWUMLNJOHJFFBB68CB,太順段,19.89,都市：住,10000,53,持分移轉,01750000
RPUUMLNJOHJFFBB48CB,太順段,23.64,都市：住,10000,63,持分移轉,01750000
RPXUMLNJOHJFFBB78CB,太順段,20.27,都市：住,10000,54,持分移轉,01750000
RPVUMLNJOHJFFBB58CB,太順段,20.64,都市：住,10000,55,持分移轉,01750000
RPPVMLNJOHJFFBB08CB,太順段,24.40,都市：住,10000,65,持分移轉,01750000
RPWPMLNJOHJFFBB18CB,太順段,19.89,都市：住,10000,53,持分移轉,01750000
RPWVMLNJOHJFFBB78CB,太順段,19.89,都市：住,10000,53,持分移轉,01750000
RPRWMLNJOHJFFBB38CB,太順段,20.64,都市：住,10000,55,持分移轉,01750000
RPQWMLNJOHJFFBB28CB,太順段,24.02,都市：住,10000,64,持分移轉,01750000
RPTWMLNJOHJFFBB58CB,太順段,20.27,都市：住,10000,54,持分移轉,01750000
RPSVMLNJOHJFFBB38CB,太順段,25.90,都市：住,10000,69,持分移轉,01750000
RPPWMLNJOHJFFBB18CB,太順段,23.64,都市：住,10000,63,持分移轉,01750000
RPVVMLNJOHJFFBB68CB,太順段,19.89,都市：住,10000,53,持分移轉,01750000
RPTVMLNJOHJFFBB48CB,太順段,24.40,都市：住,10000,65,持分移轉,01750000
RPXVMLNJOHJFFBB88CB,太順段,20.64,都市：住,10000,55,持分移轉,01750000
RPRVMLNJOHJFFBB28CB,太順段,25.52,都市：住,10000,68,持分移轉,01750000
RPXWMLNJOHJFFBB98CB,太順段,25.90,都市：住,10000,69,持分移轉,01750000
RPONNLNJOHJFFBB27CB,太順段,25.90,都市：住,10000,69,持分移轉,01750000
RPVWMLNJOHJFFBB78CB,太順段,24.02,都市：住,10000,64,持分移轉,01750000
RPSNNLNJOHJFFBB67CB,太順段,20.64,都市：住,10000,55,持分移轉,01750000
RPVNNLNJOHJFFBB97CB,太順段,23.64,都市：住,10000,63,持分移轉,01750000
RPPNNLNJOHJFFBB37CB,太順段,24.40,都市：住,10000,65,持分移轉,01750000
RPRNNLNJOHJFFBB57CB,太順段,20.27,都市：住,10000,54,持分移轉,01750000
RPQNNLNJOHJFFBB47CB,太順段,19.89,都市：住,10000,53,持分移轉,01750000
RPUNNLNJOHJFFBB87CB,太順段,24.40,都市：住,10000,65,持分移轉,01750000
RPWNNLNJOHJFFBB08CB,太順段,20.64,都市：住,10000,55,持分移轉,01750000
RPXNNLNJOHJFFBB18CB,太順段,19.89,都市：住,10000,53,持分移轉,01750000
RPOONLNJOHJFFBB37CB,太順段,19.89,都市：住,10000,53,持分移轉,01750000
RPPONLNJOHJFFBB47CB,太順段,24.40,都市：住,10000,65,持分移轉,01750000
RPQONLNJOHJFFBB57CB,太順段,25.90,都市：住,10000,69,持分移轉,01750000
RPSNMLOJOHJFFBB67CB,太順段,25.90,都市：住,10000,69,持分移轉,01750000
RPVNMLOJOHJFFBB97CB,太順段,19.89,都市：住,10000,53,持分移轉,01750000
RPUNMLOJOHJFFBB87CB,太順段,19.89,都市：住,10000,53,持分移轉,01750000
RPWNMLOJOHJFFBB08CB,太順段,21.02,都市：住,10000,56,持分移轉,01750000
RPXNMLOJOHJFFBB18CB,太順段,23.64,都市：住,10000,63,持分移轉,01750000
RPPOMLOJOHJFFBB47CB,太順段,19.89,都市：住,10000,53,持分移轉,01750000
RPQOMLOJOHJFFBB57CB,太順段,19.89,都市：住,10000,53,持分移轉,01750000
RPOPMLOJOHJFFBB47CB,太順段,19.89,都市：住,10000,53,持分移轉,01750000
RPTOMLOJOHJFFBB87CB,太順段,25.90,都市：住,10000,69,持分移轉,01750000
RPVOMLOJOHJFFBB08CB,太順段,24.40,都市：住,10000,65,持分移轉,01750000
RPXOMLOJOHJFFBB28CB,太順段,19.89,都市：住,10000,53,持分移轉,01750000
RPROMLOJOHJFFBB67CB,太順段,24.02,都市：住,10000,64,持分移轉,01750000
RPSOMLOJOHJFFBB77CB,太順段,25.52,都市：住,10000,68,持分移轉,01750000
RPPPMLOJOHJFFBB57CB,太順段,20.64,都市：住,10000,55,持分移轉,01750000
RPQPMLOJOHJFFBB67CB,太順段,24.02,都市：住,10000,64,持分移轉,01750000
RPSPMLOJOHJFFBB87CB,太順段,20.64,都市：住,10000,55,持分移轉,01750000
RPSQMLOJOHJFFBB97CB,太順段,24.77,都市：住,10000,66,持分移轉,01750000
RPQQMLOJOHJFFBB77CB,太順段,25.52,都市：住,10000,68,持分移轉,01750000
RPTPMLOJOHJFFBB97CB,太順段,19.89,都市：住,10000,53,持分移轉,01750000
RPUPMLOJOHJFFBB08CB,太順段,19.89,都市：住,10000,53,持分移轉,01750000
RPWPMLOJOHJFFBB28CB,太順段,24.40,都市：住,10000,65,持分移轉,01750000
RPVQMLOJOHJFFBB28CB,太順段,19.89,都市：住,10000,53,持分移轉,01750000
RPORMLOJOHJFFBB67CB,太順段,24.02,都市：住,10000,64,持分移轉,01750000
RPXQMLOJOHJFFBB48CB,太順段,24.02,都市：住,10000,64,持分移轉,01750000
RPPRMLOJOHJFFBB77CB,太順段,20.64,都市：住,10000,55,持分移轉,01750000
RPPQMLOJOHJFFBB67CB,太順段,25.90,都市：住,10000,69,持分移轉,01750000
RPTRMLOJOHJFFBB18CB,太順段,24.40,都市：住,10000,65,持分移轉,01750000
RPRRMLOJOHJFFBB97CB,太順段,19.89,都市：住,10000,53,持分移轉,01750000
RPWRMLOJOHJFFBB48CB,太順段,23.64,都市：住,10000,63,持分移轉,01750000
RPQRMLOJOHJFFBB87CB,太順段,19.89,都市：住,10000,53,持分移轉,01750000
RPWQMLOJOHJFFBB38CB,太順段,20.64,都市：住,10000,55,持分移轉,01750000
RPURMLOJOHJFFBB28CB,太順段,25.90,都市：住,10000,69,持分移轉,01750000
RPUQMLOJOHJFFBB18CB,太順段,19.89,都市：住,10000,53,持分移轉,01750000
RPXRMLOJOHJFFBB58CB,太順段,24.02,都市：住,10000,64,持分移轉,01750000
RPSOMLPJOHJFFBB87CB,太順段,15.39,都市：住,10000,41,持分移轉,01750000
RPRSMLOJOHJFFBB08CB,太順段,25.90,都市：住,10000,69,持分移轉,01750000
RPOSMLOJOHJFFBB77CB,太順段,19.89,都市：住,10000,53,持分移轉,01750000
RPTOMLPJOHJFFBB97CB,太順段,26.65,都市：住,10000,71,持分移轉,01750000
RPROMLPJOHJFFBB77CB,太順段,17.64,都市：住,10000,47,持分移轉,01750000
RPSSMLOJOHJFFBB18CB,太順段,24.40,都市：住,10000,65,持分移轉,01750000
RPUOMLPJOHJFFBB08CB,太順段,25.90,都市：住,10000,69,持分移轉,01750000
RPVOMLPJOHJFFBB18CB,太順段,25.90,都市：住,10000,69,持分移轉,01750000
RPWOMLPJOHJFFBB28CB,太順段,24.40,都市：住,10000,65,持分移轉,01750000
RPPPMLPJOHJFFBB67CB,太順段,20.64,都市：住,10000,55,持分移轉,01750000
RPOPMLPJOHJFFBB57CB,太順段,24.02,都市：住,10000,64,持分移轉,01750000
RPWOMLOLOHJFFBB38CB,太順段,19.89,都市：住,10000,53,持分移轉,01750000
RPXOMLPJOHJFFBB38CB,太順段,24.02,都市：住,10000,64,持分移轉,01750000
RPQNMLTLOHJFFGL07CB,新義段,20.97,都市：商,10000,76,持分移轉,00090000
RPPNMLTLOHJFFGL96CB,新義段,9.38,都市：商,10000,34,持分移轉,00090000
RPRNMLTLOHJFFGL17CB,新義段,17.11,都市：商,10000,62,持分移轉,00090000
RPTNMLOJOHJFFBB77CB,太順段,24.40,都市：住,10000,65,持分移轉,01750000
RPSNMLTLOHJFFGL27CB,新義段,15.45,都市：商,10000,56,持分移轉,00090000
RPTNMLTLOHJFFGL37CB,新義段,14.07,都市：商,10000,51,持分移轉,00090000
RPOOMLOJOHJFFBB37CB,太順段,23.64,都市：住,10000,63,持分移轉,01750000
RPWNMLTLOHJFFGL67CB,新義段,20.97,都市：商,10000,76,持分移轉,00090000
RPVNMLTLOHJFFGL57CB,新義段,20.97,都市：商,10000,76,持分移轉,00090000
RPOOMLTLOHJFFGL96CB,新義段,20.97,都市：商,10000,76,持分移轉,00090000
RPXNMLTLOHJFFGL77CB,新義段,17.93,都市：商,10000,65,持分移轉,00090000
RPTOMLTLOHJFFGL47CB,新義段,16.55,都市：商,10000,60,持分移轉,00090000
RPUOMLTLOHJFFGL57CB,新義段,17.93,都市：商,10000,65,持分移轉,00090000
RPVOMLTLOHJFFGL67CB,新義段,18.49,都市：商,10000,67,持分移轉,00090000
RPPOMLTLOHJFFGL07CB,新義段,20.97,都市：商,10000,76,持分移轉,00090000
RPQOMLTLOHJFFGL17CB,新義段,14.07,都市：商,10000,51,持分移轉,00090000
RPSOMLTLOHJFFGL37CB,新義段,14.07,都市：商,10000,51,持分移轉,00090000
RPWOMLTLOHJFFGL77CB,新義段,17.11,都市：商,10000,62,持分移轉,00090000
RPROMLTLOHJFFGL27CB,新義段,16.55,都市：商,10000,60,持分移轉,00090000
RPRPMLTLOHJFFGL37CB,新義段,17.11,都市：商,10000,62,持分移轉,00090000
RPTPMLTLOHJFFGL57CB,新義段,20.97,都市：商,10000,76,持分移轉,00090000
RPQPMLTLOHJFFGL27CB,新義段,20.97,都市：商,10000,76,持分移轉,00090000
RPPPMLTLOHJFFGL17CB,新義段,17.11,都市：商,10000,62,持分移轉,00090000
RPVPMLTLOHJFFGL77CB,新義段,17.11,都市：商,10000,62,持分移轉,00090000
RPXOMLTLOHJFFGL87CB,新義段,14.62,都市：商,10000,53,持分移轉,00090000
RPUPMLTLOHJFFGL67CB,新義段,20.97,都市：商,10000,76,持分移轉,00090000
RPSPMLTLOHJFFGL47CB,新義段,16.55,都市：商,10000,60,持分移轉,00090000
RPOPMLTLOHJFFGL07CB,新義段,17.11,都市：商,10000,62,持分移轉,00090000
RPWPMLTLOHJFFGL87CB,新義段,17.93,都市：商,10000,65,持分移轉,00090000
RPXPMLTLOHJFFGL97CB,新義段,17.11,都市：商,10000,62,持分移轉,00090000
RPQQMLTLOHJFFGL37CB,新義段,16.55,都市：商,10000,60,持分移轉,00090000
RPOQMLTLOHJFFGL17CB,新義段,17.11,都市：商,10000,62,持分移轉,00090000
RPPQMLTLOHJFFGL27CB,新義段,15.45,都市：商,10000,56,持分移轉,00090000
RPRQMLTLOHJFFGL47CB,新義段,20.69,都市：商,10000,75,持分移轉,00090000
RPSQMLTLOHJFFGL57CB,新義段,11.04,都市：商,10000,40,持分移轉,00090000
RPORMLTLOHJFFGL27CB,新義段,13.79,都市：商,10000,50,持分移轉,00090000
RPVQMLTLOHJFFGL87CB,新義段,8.28,都市：商,10000,30,持分移轉,00090000
RPTQMLTLOHJFFGL67CB,新義段,7.73,都市：商,10000,28,持分移轉,00090000
RPUQMLTLOHJFFGL77CB,新義段,11.31,都市：商,10000,41,持分移轉,00090000
RPSRMLTLOHJFFGL67CB,新義段,17.11,都市：商,10000,62,持分移轉,00090000
RPQRMLTLOHJFFGL47CB,新義段,15.73,都市：商,10000,57,持分移轉,00090000
RPRRMLTLOHJFFGL57CB,新義段,15.45,都市：商,10000,56,持分移轉,00090000
RPWQMLTLOHJFFGL97CB,新義段,14.07,都市：商,10000,51,持分移轉,00090000
RPVRMLTLOHJFFGL97CB,新義段,15.45,都市：商,10000,56,持分移轉,00090000
RPXRMLTLOHJFFGL18CB,新義段,20.97,都市：商,10000,76,持分移轉,00090000
RPOSMLTLOHJFFGL37CB,新義段,8.28,都市：商,10000,30,持分移轉,00090000
RPWRMLTLOHJFFGL08CB,新義段,15.73,都市：商,10000,57,持分移轉,00090000
RPPSMLTLOHJFFGL47CB,新義段,20.97,都市：商,10000,76,持分移轉,00090000
RPRSMLTLOHJFFGL67CB,新義段,15.73,都市：商,10000,57,持分移轉,00090000
RPSSMLTLOHJFFGL77CB,新義段,15.45,都市：商,10000,56,持分移轉,00090000
RPURMLTLOHJFFGL87CB,新義段,17.11,都市：商,10000,62,持分移轉,00090000
RPTSMLTLOHJFFGL87CB,新義段,17.93,都市：商,10000,65,持分移轉,00090000
RPQSMLTLOHJFFGL57CB,新義段,14.62,都市：商,10000,53,持分移轉,00090000
RPTRMLTLOHJFFGL77CB,新義段,17.93,都市：商,10000,65,持分移轉,00090000
RPQNMLSLOHJFFGL07DB,新榮泉段,28.52,都市：住,10000,82,持分移轉,01650000
RPSTMLTLOHJFFGL87CB,新義段,7.73,都市：商,10000,28,持分移轉,00090000
RPTTMLTLOHJFFGL97CB,新義段,14.07,都市：商,10000,51,持分移轉,00090000
RPRTMLTLOHJFFGL77CB,新義段,17.11,都市：商,10000,62,持分移轉,00090000
RPOTMLTLOHJFFGL47CB,新義段,9.38,都市：商,10000,34,持分移轉,00090000
RPQTMLTLOHJFFGL67CB,新義段,15.45,都市：商,10000,56,持分移轉,00090000
RPXSMLTLOHJFFGL28CB,新義段,7.73,都市：商,10000,28,持分移轉,00090000
RPVSMLTLOHJFFGL08CB,新義段,17.93,都市：商,10000,65,持分移轉,00090000
RPUTMLTLOHJFFGL08CB,新義段,20.97,都市：商,10000,76,持分移轉,00090000
RPVTMLTLOHJFFGL18CB,新義段,17.38,都市：商,10000,63,持分移轉,00090000
RPWTMLTLOHJFFGL28CB,新義段,17.11,都市：商,10000,62,持分移轉,00090000
RPXTMLTLOHJFFGL38CB,新義段,15.73,都市：商,10000,57,持分移轉,00090000
RPQUMLTLOHJFFGL77CB,新義段,14.62,都市：商,10000,53,持分移轉,00090000
RPVUMLTLOHJFFGL28CB,新義段,15.73,都市：商,10000,57,持分移轉,00090000
RPWUMLTLOHJFFGL38CB,新義段,7.73,都市：商,10000,28,持分移轉,00090000
RPXUMLTLOHJFFGL48CB,新義段,15.45,都市：商,10000,56,持分移轉,00090000
RPOVMLTLOHJFFGL67CB,新義段,16.55,都市：商,10000,60,持分移轉,00090000
RPPTMLTLOHJFFGL57CB,新義段,14.07,都市：商,10000,51,持分移轉,00090000
RPPUMLTLOHJFFGL67CB,新義段,17.38,都市：商,10000,63,持分移轉,00090000
RPPVMLTLOHJFFGL77CB,新義段,17.38,都市：商,10000,63,持分移轉,00090000
RPRVMLTLOHJFFGL97CB,新義段,14.35,都市：商,10000,52,持分移轉,00090000
RPSVMLTLOHJFFGL08CB,新義段,13.24,都市：商,10000,48,持分移轉,00090000
RPQVMLTLOHJFFGL87CB,新義段,15.45,都市：商,10000,56,持分移轉,00090000
RPTUMLTLOHJFFGL08CB,新義段,7.73,都市：商,10000,28,持分移轉,00090000
RPWVMLTLOHJFFGL48CB,新義段,15.73,都市：商,10000,57,持分移轉,00090000
RPWSMLTLOHJFFGL18CB,新義段,8.28,都市：商,10000,30,持分移轉,00090000
RPOWMLTLOHJFFGL77CB,新義段,20.97,都市：商,10000,76,持分移轉,00090000
RPUSMLTLOHJFFGL97CB,新義段,14.07,都市：商,10000,51,持分移轉,00090000
RPUVMLTLOHJFFGL28CB,新義段,17.93,都市：商,10000,65,持分移轉,00090000
RPVVMLTLOHJFFGL38CB,新義段,20.97,都市：商,10000,76,持分移轉,00090000
RPXVMLTLOHJFFGL58CB,新義段,7.73,都市：商,10000,28,持分移轉,00090000
RPPWMLTLOHJFFGL87CB,新義段,17.93,都市：商,10000,65,持分移轉,00090000
RPSWMLTLOHJFFGL18CB,新義段,8.55,都市：商,10000,31,持分移轉,00090000
RPTWMLTLOHJFFGL28CB,新義段,15.73,都市：商,10000,57,持分移轉,00090000
RPUWMLTLOHJFFGL38CB,新義段,15.17,都市：商,10000,55,持分移轉,00090000
RPQWMLTLOHJFFGL97CB,新義段,16.55,都市：商,10000,60,持分移轉,00090000
RPRWMLTLOHJFFGL08CB,新義段,14.07,都市：商,10000,51,持分移轉,00090000
RPVWMLTLOHJFFGL48CB,新義段,8.28,都市：商,10000,30,持分移轉,00090000
RPWWMLTLOHJFFGL58CB,新義段,20.97,都市：商,10000,76,持分移轉,00090000
RPRUMLTLOHJFFGL87CB,新義段,17.93,都市：商,10000,65,持分移轉,00090000
RPTVMLTLOHJFFGL18CB,新義段,17.11,都市：商,10000,62,持分移轉,00090000
RPSNNLTLOHJFFGL37CB,新義段,11.59,都市：商,10000,42,持分移轉,00090000
RPRNNLTLOHJFFGL27CB,新義段,17.38,都市：商,10000,63,持分移轉,00090000
RPPNNLTLOHJFFGL07CB,新義段,22.07,都市：商,10000,80,持分移轉,00090000
RPONNLTLOHJFFGL96CB,新義段,20.97,都市：商,10000,76,持分移轉,00090000
RPXWMLTLOHJFFGL68CB,新義段,15.73,都市：商,10000,57,持分移轉,00090000
RPROMLKMOHJFFGL09CB,新義段,20.97,都市：商,10000,76,持分移轉,00090000
RPQOMLKMOHJFFGL98CB,新義段,14.90,都市：商,10000,54,持分移轉,00090000
RPPOMLKMOHJFFGL88CB,新義段,20.97,都市：商,10000,76,持分移轉,00090000
RPOOMLKMOHJFFGL78CB,新義段,20.97,都市：商,10000,76,持分移轉,00090000
RPUNMLKMOHJFFGL66CB,新義段,17.11,都市：商,10000,62,持分移轉,00090000
RPTNNLTLOHJFFGL47CB,新義段,20.97,都市：商,10000,76,持分移轉,00090000
RPWNMLKMOHJFFGL86CB,新義段,14.07,都市：商,10000,51,持分移轉,00090000
RPTNMLKMOHJFFGL56CB,新義段,8.28,都市：商,10000,30,持分移轉,00090000
RPVNMLKMOHJFFGL76CB,新義段,20.97,都市：商,10000,76,持分移轉,00090000
RPVOMLKMOHJFFGL86CB,新義段,20.97,都市：商,10000,76,持分移轉,00090000
RPUOMLKMOHJFFGL76CB,新義段,16.83,都市：商,10000,61,持分移轉,00090000
RPUPMLKMOHJFFGL86CB,新義段,17.02,都市：商,10000,66,持分移轉,00090000
RPWOMLKMOHJFFGL96CB,新義段,17.38,都市：商,10000,63,持分移轉,00090000
RPTPMLKMOHJFFGL76CB,新義段,7.73,都市：商,10000,28,持分移轉,00090000
RPQPMLKMOHJFFGL09CB,新義段,17.11,都市：商,10000,62,持分移轉,00090000
RPVPMLKMOHJFFGL96CB,新義段,17.38,都市：商,10000,63,持分移轉,00090000
RPOQMLKMOHJFFGL98CB,新義段,14.90,都市：商,10000,54,持分移轉,00090000
RPXPMLKMOHJFFGL17CB,新義段,15.45,都市：商,10000,56,持分移轉,00090000
RPPQMLKMOHJFFGL09CB,新義段,17.38,都市：商,10000,63,持分移轉,00090000
RPWPMLKMOHJFFGL07CB,新義段,14.07,都市：商,10000,51,持分移轉,00090000
RPSQMLKMOHJFFGL76CB,新義段,15.45,都市：商,10000,56,持分移轉,00090000
RPRQMLKMOHJFFGL66CB,新義段,14.35,都市：商,10000,52,持分移轉,00090000
RPQQMLKMOHJFFGL56CB,新義段,17.11,都市：商,10000,62,持分移轉,00090000
RPVQMLKMOHJFFGL07CB,新義段,19.60,都市：商,10000,76,持分移轉,00090000
RPORMLKMOHJFFGL09CB,新義段,15.73,都市：商,10000,57,持分移轉,00090000
RPTQMLKMOHJFFGL86CB,新義段,16.76,都市：商,10000,65,持分移轉,00090000
RPXQMLKMOHJFFGL27CB,新義段,16.00,都市：商,10000,58,持分移轉,00090000
RPWQMLKMOHJFFGL17CB,新義段,17.11,都市：商,10000,62,持分移轉,00090000
RPSRMLKMOHJFFGL86CB,新義段,17.11,都市：商,10000,62,持分移轉,00090000
RPRRMLKMOHJFFGL76CB,新義段,20.97,都市：商,10000,76,持分移轉,00090000
RPTRMLKMOHJFFGL96CB,新義段,16.55,都市：商,10000,60,持分移轉,00090000
RPXRMLKMOHJFFGL37CB,新義段,15.45,都市：商,10000,56,持分移轉,00090000
RPURMLKMOHJFFGL07CB,新義段,15.73,都市：商,10000,57,持分移轉,00090000
RPPSMLKMOHJFFGL66CB,新義段,17.02,都市：商,10000,66,持分移轉,00090000
RPOSMLKMOHJFFGL56CB,新義段,4.41,都市：商,10000,16,持分移轉,00090000
RPRSMLKMOHJFFGL86CB,新義段,16.55,都市：商,10000,60,持分移轉,00090000
RPSSMLKMOHJFFGL96CB,新義段,15.45,都市：商,10000,56,持分移轉,00090000
RPVSMLKMOHJFFGL27CB,新義段,16.76,都市：商,10000,65,持分移轉,00090000
RPPTMLKMOHJFFGL76CB,新義段,20.97,都市：商,10000,76,持分移轉,00090000
RPRTMLKMOHJFFGL96CB,新義段,20.97,都市：商,10000,76,持分移轉,00090000
RPTSMLKMOHJFFGL07CB,新義段,16.00,都市：商,10000,58,持分移轉,00090000
RPWSMLKMOHJFFGL37CB,新義段,19.86,都市：商,10000,77,持分移轉,00090000
RPOTMLKMOHJFFGL66CB,新義段,16.55,都市：商,10000,60,持分移轉,00090000
RPTOMLKMOHJFFGL66CB,新義段,17.38,都市：商,10000,63,持分移轉,00090000
RPOPMLKMOHJFFGL88CB,新義段,16.55,都市：商,10000,60,持分移轉,00090000
RPSPMLKMOHJFFGL66CB,新義段,15.73,都市：商,10000,57,持分移轉,00090000
RPTUMLKMOHJFFGL27CB,新義段,15.17,都市：商,10000,55,持分移轉,00090000
RPQUMLKMOHJFFGL96CB,新義段,15.45,都市：商,10000,56,持分移轉,00090000
RPOUMLKMOHJFFGL76CB,新義段,16.55,都市：商,10000,60,持分移轉,00090000
RPRUMLKMOHJFFGL07CB,新義段,15.17,都市：商,10000,55,持分移轉,00090000
RPWTMLKMOHJFFGL47CB,新義段,15.73,都市：商,10000,57,持分移轉,00090000
RPPUMLKMOHJFFGL86CB,新義段,20.97,都市：商,10000,76,持分移轉,00090000
RPVTMLKMOHJFFGL37CB,新義段,15.73,都市：商,10000,57,持分移轉,00090000
RPUTMLKMOHJFFGL27CB,新義段,17.11,都市：商,10000,62,持分移轉,00090000
RPSTMLKMOHJFFGL07CB,新義段,15.73,都市：商,10000,57,持分移轉,00090000
RPTTMLKMOHJFFGL17CB,新義段,16.83,都市：商,10000,61,持分移轉,00090000
RPUUMLKMOHJFFGL37CB,新義段,15.17,都市：商,10000,55,持分移轉,00090000
RPXUMLKMOHJFFGL67CB,新義段,14.62,都市：商,10000,53,持分移轉,00090000
RPOVMLKMOHJFFGL86CB,新義段,14.07,都市：商,10000,51,持分移轉,00090000
RPPVMLKMOHJFFGL96CB,新義段,14.62,都市：商,10000,53,持分移轉,00090000
RPTVMLKMOHJFFGL37CB,新義段,15.73,都市：商,10000,57,持分移轉,00090000
RPQVMLKMOHJFFGL07CB,新義段,8.28,都市：商,10000,30,持分移轉,00090000
RPRVMLKMOHJFFGL17CB,新義段,16.55,都市：商,10000,60,持分移轉,00090000
RPSVMLKMOHJFFGL27CB,新義段,16.76,都市：商,10000,65,持分移轉,00090000
RPVVMLKMOHJFFGL57CB,新義段,14.62,都市：商,10000,53,持分移轉,00090000
RPUVMLKMOHJFFGL47CB,新義段,15.17,都市：商,10000,55,持分移轉,00090000
RPOWMLKMOHJFFGL96CB,新義段,15.45,都市：商,10000,56,持分移轉,00090000
RPWVMLKMOHJFFGL67CB,新義段,20.97,都市：商,10000,76,持分移轉,00090000
RPXVMLKMOHJFFGL77CB,新義段,15.45,都市：商,10000,56,持分移轉,00090000
RPQWMLKMOHJFFGL17CB,新義段,15.73,都市：商,10000,57,持分移轉,00090000
RPSNMLLJPHJFFGL09DB,新榮泉段,22.96,都市：住,10000,66,持分移轉,01650000
RPPWMLKMOHJFFGL07CB,新義段,15.45,都市：商,10000,56,持分移轉,00090000
RPUNMLLJPHJFFGL66DB,新榮泉段,28.52,都市：住,10000,82,持分移轉,01650000
RPXNMLLJPHJFFGL96DB,新榮泉段,28.52,都市：住,10000,82,持分移轉,01650000
RPOOMLLJPHJFFGL78DB,新榮泉段,28.52,都市：住,10000,82,持分移轉,01650000
RPPOMLLJPHJFFGL88DB,新榮泉段,28.52,都市：住,10000,82,持分移轉,01650000
RPTNMLLJPHJFFGL56DB,新榮泉段,28.52,都市：住,10000,82,持分移轉,01650000
RPVNMLLJPHJFFGL76DB,新榮泉段,28.52,都市：住,10000,82,持分移轉,01650000
RPWNMLLJPHJFFGL86DB,新榮泉段,28.52,都市：住,10000,82,持分移轉,01650000
RPQOMLLJPHJFFGL98DB,新榮泉段,28.52,都市：住,10000,82,持分移轉,01650000
RPROMLLJPHJFFGL09DB,新榮泉段,28.52,都市：住,10000,82,持分移轉,01650000
RPTOMLLJPHJFFGL66DB,新榮泉段,28.52,都市：住,10000,82,持分移轉,01650000
RPSOMLLJPHJFFGL56DB,新榮泉段,28.52,都市：住,10000,82,持分移轉,01650000
RPUOMLLJPHJFFGL76DB,新榮泉段,38.26,都市：住,10000,110,持分移轉,01650000
RPWOMLLJPHJFFGL96DB,新榮泉段,38.26,都市：住,10000,110,持分移轉,01650000
RPVOMLLJPHJFFGL86DB,新榮泉段,38.61,都市：住,10000,111,持分移轉,01650000
RPPPMLLJPHJFFGL98DB,新榮泉段,38.61,都市：住,10000,111,持分移轉,01650000
RPXOMLLJPHJFFGL07DB,新榮泉段,38.26,都市：住,10000,110,持分移轉,01650000
RPRPMLLJPHJFFGL56DB,新榮泉段,38.61,都市：住,10000,111,持分移轉,01650000
RPQPMLLJPHJFFGL09DB,新榮泉段,38.61,都市：住,10000,111,持分移轉,01650000
RPSPMLLJPHJFFGL66DB,新榮泉段,38.61,都市：住,10000,111,持分移轉,01650000
RPUPMLLJPHJFFGL86DB,新榮泉段,38.61,都市：住,10000,111,持分移轉,01650000
RPXPMLLJPHJFFGL17DB,新榮泉段,40.35,都市：住,10000,116,持分移轉,01650000
RPQQMLLJPHJFFGL56DB,新榮泉段,38.26,都市：住,10000,110,持分移轉,01650000
RPVPMLLJPHJFFGL96DB,新榮泉段,38.61,都市：住,10000,111,持分移轉,01650000
RPWPMLLJPHJFFGL07DB,新榮泉段,38.61,都市：住,10000,111,持分移轉,01650000
RPRQMLLJPHJFFGL66DB,新榮泉段,38.61,都市：住,10000,111,持分移轉,01650000
RPOQMLLJPHJFFGL98DB,新榮泉段,38.61,都市：住,10000,111,持分移轉,01650000
RPPQMLLJPHJFFGL09DB,新榮泉段,38.61,都市：住,10000,111,持分移轉,01650000
RPWUMLKMOHJFFGL57CB,新義段,15.17,都市：商,10000,55,持分移轉,00090000
RPVUMLKMOHJFFGL47CB,新義段,15.17,都市：商,10000,55,持分移轉,00090000
RPXQMLLJPHJFFGL27DB,新榮泉段,38.61,都市：住,10000,111,持分移轉,01650000
RPQRMLLJPHJFFGL66DB,新榮泉段,28.52,都市：住,10000,82,持分移轉,01650000
RPRRMLLJPHJFFGL76DB,新榮泉段,28.52,都市：住,10000,82,持分移轉,01650000
RPPRMLLJPHJFFGL56DB,新榮泉段,28.52,都市：住,10000,82,持分移轉,01650000
RPORMLLJPHJFFGL09DB,新榮泉段,38.61,都市：住,10000,111,持分移轉,01650000
RPWQMLLJPHJFFGL17DB,新榮泉段,38.61,都市：住,10000,111,持分移轉,01650000
RPUQMLLJPHJFFGL96DB,新榮泉段,38.61,都市：住,10000,111,持分移轉,01650000
RPVQMLLJPHJFFGL07DB,新榮泉段,38.61,都市：住,10000,111,持分移轉,01650000
RPTQMLLJPHJFFGL86DB,新榮泉段,38.26,都市：住,10000,110,持分移轉,01650000
RPSQMLLJPHJFFGL76DB,新榮泉段,38.61,都市：住,10000,111,持分移轉,01650000
RPTRMLLJPHJFFGL96DB,新榮泉段,28.52,都市：住,10000,82,持分移轉,01650000
RPVRMLLJPHJFFGL17DB,新榮泉段,28.52,都市：住,10000,82,持分移轉,01650000
RPSRMLLJPHJFFGL86DB,新榮泉段,28.52,都市：住,10000,82,持分移轉,01650000
RPURMLLJPHJFFGL07DB,新榮泉段,28.52,都市：住,10000,82,持分移轉,01650000
RPXRMLLJPHJFFGL37DB,新榮泉段,28.52,都市：住,10000,82,持分移轉,01650000
RPWRMLLJPHJFFGL27DB,新榮泉段,28.52,都市：住,10000,82,持分移轉,01650000
RPVSMLLJPHJFFGL27DB,新榮泉段,30.61,都市：住,10000,88,持分移轉,01650000
RPTSMLLJPHJFFGL07DB,新榮泉段,30.61,都市：住,10000,88,持分移轉,01650000
RPWSMLLJPHJFFGL37DB,新榮泉段,30.61,都市：住,10000,88,持分移轉,01650000
RPXSMLLJPHJFFGL47DB,新榮泉段,30.96,都市：住,10000,89,持分移轉,01650000
RPOTMLLJPHJFFGL66DB,新榮泉段,30.61,都市：住,10000,88,持分移轉,01650000
RPPTMLLJPHJFFGL76DB,新榮泉段,30.61,都市：住,10000,88,持分移轉,01650000
RPQTMLLJPHJFFGL86DB,新榮泉段,30.61,都市：住,10000,88,持分移轉,01650000
RPRTMLLJPHJFFGL96DB,新榮泉段,30.61,都市：住,10000,88,持分移轉,01650000
RPSTMLLJPHJFFGL07DB,新榮泉段,30.61,都市：住,10000,88,持分移轉,01650000
RPTTMLLJPHJFFGL17DB,新榮泉段,32.70,都市：住,10000,94,持分移轉,01650000
RPWTMLLJPHJFFGL47DB,新榮泉段,30.61,都市：住,10000,88,持分移轉,01650000
RPVTMLLJPHJFFGL37DB,新榮泉段,30.61,都市：住,10000,88,持分移轉,01650000
RPXTMLLJPHJFFGL57DB,新榮泉段,30.61,都市：住,10000,88,持分移轉,01650000
RPOUMLLJPHJFFGL76DB,新榮泉段,30.61,都市：住,10000,88,持分移轉,01650000
RPPUMLLJPHJFFGL86DB,新榮泉段,30.61,都市：住,10000,88,持分移轉,01650000
RPSUMLLJPHJFFGL17DB,新榮泉段,30.61,都市：住,10000,88,持分移轉,01650000
RPVUMLLJPHJFFGL47DB,新榮泉段,30.96,都市：住,10000,89,持分移轉,01650000
RPWUMLLJPHJFFGL57DB,新榮泉段,30.61,都市：住,10000,88,持分移轉,01650000
RPRSMLLJPHJFFGL86DB,新榮泉段,30.61,都市：住,10000,88,持分移轉,01650000
RPOVMLLJPHJFFGL86DB,新榮泉段,30.61,都市：住,10000,88,持分移轉,01650000
RPPVMLLJPHJFFGL96DB,新榮泉段,30.61,都市：住,10000,88,持分移轉,01650000
RPOSMLLJPHJFFGL56DB,新榮泉段,28.52,都市：住,10000,82,持分移轉,01650000
RPTVMLLJPHJFFGL37DB,新榮泉段,30.61,都市：住,10000,88,持分移轉,01650000
RPPWMLLJPHJFFGL07DB,新榮泉段,30.96,都市：住,10000,89,持分移轉,01650000
RPOWMLLJPHJFFGL96DB,新榮泉段,30.61,都市：住,10000,88,持分移轉,01650000
RPXVMLLJPHJFFGL77DB,新榮泉段,30.96,都市：住,10000,89,持分移轉,01650000
RPWVMLLJPHJFFGL67DB,新榮泉段,30.61,都市：住,10000,88,持分移轉,01650000
RPVVMLLJPHJFFGL57DB,新榮泉段,30.61,都市：住,10000,88,持分移轉,01650000
RPUVMLLJPHJFFGL47DB,新榮泉段,30.61,都市：住,10000,88,持分移轉,01650000
RPSVMLLJPHJFFGL27DB,新榮泉段,30.61,都市：住,10000,88,持分移轉,01650000
RPQVMLLJPHJFFGL07DB,新榮泉段,30.61,都市：住,10000,88,持分移轉,01650000
RPSWMLLJPHJFFGL37DB,新榮泉段,22.61,都市：住,10000,65,持分移轉,01650000
RPUWMLLJPHJFFGL57DB,新榮泉段,22.61,都市：住,10000,65,持分移轉,01650000
RPTWMLLJPHJFFGL47DB,新榮泉段,22.61,都市：住,10000,65,持分移轉,01650000
RPXWMLLJPHJFFGL87DB,新榮泉段,22.61,都市：住,10000,65,持分移轉,01650000
RPWWMLLJPHJFFGL77DB,新榮泉段,22.61,都市：住,10000,65,持分移轉,01650000
RPONNLLJPHJFFGL78DB,新榮泉段,22.61,都市：住,10000,65,持分移轉,01650000
RPPNNLLJPHJFFGL88DB,新榮泉段,22.61,都市：住,10000,65,持分移轉,01650000
RPQWMLLJPHJFFGL17DB,新榮泉段,30.61,都市：住,10000,88,持分移轉,01650000
RPSNNLLJPHJFFGL56DB,新榮泉段,22.61,都市：住,10000,65,持分移轉,01650000
RPRNNLLJPHJFFGL09DB,新榮泉段,22.61,都市：住,10000,65,持分移轉,01650000
RPUNNLLJPHJFFGL76DB,新榮泉段,22.61,都市：住,10000,65,持分移轉,01650000
RPTNNLLJPHJFFGL66DB,新榮泉段,22.61,都市：住,10000,65,持分移轉,01650000
RPVNNLLJPHJFFGL86DB,新榮泉段,22.61,都市：住,10000,65,持分移轉,01650000
RPWNNLLJPHJFFGL96DB,新榮泉段,22.61,都市：住,10000,65,持分移轉,01650000
RPOONLLJPHJFFGL88DB,新榮泉段,22.61,都市：住,10000,65,持分移轉,01650000
RPPONLLJPHJFFGL98DB,新榮泉段,22.61,都市：住,10000,65,持分移轉,01650000
RPQONLLJPHJFFGL09DB,新榮泉段,22.61,都市：住,10000,65,持分移轉,01650000
RPRONLLJPHJFFGL56DB,新榮泉段,22.61,都市：住,10000,65,持分移轉,01650000
RPSONLLJPHJFFGL66DB,新榮泉段,22.61,都市：住,10000,65,持分移轉,01650000
RPTONLLJPHJFFGL76DB,新榮泉段,22.61,都市：住,10000,65,持分移轉,01650000
RPUONLLJPHJFFGL86DB,新榮泉段,22.61,都市：住,10000,65,持分移轉,01650000
RPVONLLJPHJFFGL96DB,新榮泉段,22.61,都市：住,10000,65,持分移轉,01650000
RPRPNLLJPHJFFGL66DB,新榮泉段,30.61,都市：住,10000,88,持分移轉,01650000
RPWONLLJPHJFFGL07DB,新榮泉段,22.61,都市：住,10000,65,持分移轉,01650000
RPSPNLLJPHJFFGL76DB,新榮泉段,30.61,都市：住,10000,88,持分移轉,01650000
RPOPNLLJPHJFFGL98DB,新榮泉段,32.70,都市：住,10000,94,持分移轉,01650000
RPTPNLLJPHJFFGL86DB,新榮泉段,30.61,都市：住,10000,88,持分移轉,01650000
RPXPNLLJPHJFFGL27DB,新榮泉段,30.61,都市：住,10000,88,持分移轉,01650000
RPUPNLLJPHJFFGL96DB,新榮泉段,30.61,都市：住,10000,88,持分移轉,01650000
RPVPNLLJPHJFFGL07DB,新榮泉段,30.61,都市：住,10000,88,持分移轉,01650000
RPWPNLLJPHJFFGL17DB,新榮泉段,30.61,都市：住,10000,88,持分移轉,01650000
RPOQNLLJPHJFFGL09DB,新榮泉段,30.96,都市：住,10000,89,持分移轉,01650000
RPRQNLLJPHJFFGL76DB,新榮泉段,30.61,都市：住,10000,88,持分移轉,01650000
RPQQNLLJPHJFFGL66DB,新榮泉段,30.61,都市：住,10000,88,持分移轉,01650000
RPORNLLJPHJFFGL56DB,新榮泉段,30.61,都市：住,10000,88,持分移轉,01650000
RPSQNLLJPHJFFGL86DB,新榮泉段,30.61,都市：住,10000,88,持分移轉,01650000
RPOSMLMJPHJFFCB77CB,保安段,18.03,都市：住,10000,38,持分移轉,06360000
RPROMLMJPHJFFGL09CB,新義段,17.11,都市：商,10000,62,持分移轉,00090000
RPTSMLMJPHJFFCB28CB,保安段,18.03,都市：住,10000,38,持分移轉,06360000
RPVSMLMJPHJFFCB48CB,保安段,18.03,都市：住,10000,38,持分移轉,06360000
RPOTMLMJPHJFFCB87CB,保安段,18.03,都市：住,10000,38,持分移轉,06360000
RPPTMLMJPHJFFCB97CB,保安段,18.03,都市：住,10000,38,持分移轉,06360000
RPPUMLMJPHJFFCB08CB,保安段,18.03,都市：住,10000,38,持分移轉,06360000
RPQUMLMJPHJFFCB18CB,保安段,18.03,都市：住,10000,38,持分移轉,06360000
RPTUMLMJPHJFFCB48CB,保安段,14.23,都市：住,10000,30,持分移轉,06360000
RPWTMLMJPHJFFCB68CB,保安段,18.03,都市：住,10000,38,持分移轉,06360000
RPOUMLMJPHJFFCB97CB,保安段,18.03,都市：住,10000,38,持分移轉,06360000
RPRUMLMJPHJFFCB28CB,保安段,18.03,都市：住,10000,38,持分移轉,06360000
RPVUMLMJPHJFFCB68CB,保安段,14.23,都市：住,10000,30,持分移轉,06360000
RPSUMLMJPHJFFCB38CB,保安段,18.03,都市：住,10000,38,持分移轉,06360000
RPUUMLMJPHJFFCB58CB,保安段,14.71,都市：住,10000,31,持分移轉,06360000
RPXNMLNLPHJFFCB48CB,保安段,14.23,都市：住,10000,30,持分移轉,06360000
RPPOMLNLPHJFFCB77CB,保安段,14.23,都市：住,10000,30,持分移轉,06360000
RPQOMLNLPHJFFCB87CB,保安段,14.23,都市：住,10000,30,持分移轉,06360000
RPUNMLNLPHJFFCB18CB,保安段,14.23,都市：住,10000,30,持分移轉,06360000
RPOOMLNLPHJFFCB67CB,保安段,14.23,都市：住,10000,30,持分移轉,06360000
RPTNMLNLPHJFFCB08CB,保安段,14.23,都市：住,10000,30,持分移轉,06360000
RPWNMLNLPHJFFCB38CB,保安段,14.23,都市：住,10000,30,持分移轉,06360000
RPSNMLNLPHJFFCB97CB,保安段,14.23,都市：住,10000,30,持分移轉,06360000
RPVNMLNLPHJFFCB28CB,保安段,14.23,都市：住,10000,30,持分移轉,06360000
RPWUMLMJPHJFFCB78CB,保安段,14.23,都市：住,10000,30,持分移轉,06360000
RPRWMLPLPHJFFCB98CB,保安段,14.23,都市：住,10000,30,持分移轉,06360000
RPROMLNLPHJFFCB97CB,保安段,14.23,都市：住,10000,30,持分移轉,06360000
RPUWMLPLPHJFFCB66CB,保安段,14.23,都市：住,10000,30,持分移轉,06360000
RPTWMLPLPHJFFCB56CB,保安段,14.23,都市：住,10000,30,持分移轉,06360000
RPVWMLPLPHJFFCB76CB,保安段,14.23,都市：住,10000,30,持分移轉,06360000
RPWWMLPLPHJFFCB86CB,保安段,14.23,都市：住,10000,30,持分移轉,06360000
RPPNNLPLPHJFFCB97CB,保安段,14.23,都市：住,10000,30,持分移轉,06360000
RPONNLPLPHJFFCB87CB,保安段,14.23,都市：住,10000,30,持分移轉,06360000
RPQNNLPLPHJFFCB08CB,保安段,14.23,都市：住,10000,30,持分移轉,06360000
RPRNNLPLPHJFFCB18CB,保安段,14.23,都市：住,10000,30,持分移轉,06360000
RPTNNLPLPHJFFCB38CB,保安段,11.39,都市：住,10000,24,持分移轉,06360000
RPOONLPLPHJFFCB97CB,保安段,11.86,都市：住,10000,25,持分移轉,06360000
RPRONLPLPHJFFCB28CB,保安段,11.86,都市：住,10000,25,持分移轉,06360000
RPOPNLPLPHJFFCB08CB,保安段,11.86,都市：住,10000,25,持分移轉,06360000
RPSNNLPLPHJFFCB28CB,保安段,14.23,都市：住,10000,30,持分移轉,06360000
RPWNNLPLPHJFFCB68CB,保安段,11.86,都市：住,10000,25,持分移轉,06360000
RPXNNLPLPHJFFCB78CB,保安段,11.86,都市：住,10000,25,持分移轉,06360000
RPWONLPLPHJFFCB78CB,保安段,11.39,都市：住,10000,24,持分移轉,06360000
RPXONLPLPHJFFCB88CB,保安段,12.33,都市：住,10000,26,持分移轉,06360000
RPQPNLPLPHJFFCB28CB,保安段,11.86,都市：住,10000,25,持分移轉,06360000
RPSPNLPLPHJFFCB48CB,保安段,11.86,都市：住,10000,25,持分移轉,06360000
RPTPNLPLPHJFFCB58CB,保安段,11.86,都市：住,10000,25,持分移轉,06360000
RPUPNLPLPHJFFCB68CB,保安段,11.86,都市：住,10000,25,持分移轉,06360000
RPVPNLPLPHJFFCB78CB,保安段,13.76,都市：住,10000,29,持分移轉,06360000
RPXPNLPLPHJFFCB98CB,保安段,9.96,都市：住,10000,21,持分移轉,06360000
RPWPNLPLPHJFFCB88CB,保安段,9.96,都市：住,10000,21,持分移轉,06360000
RPOQNLPLPHJFFCB18CB,保安段,9.96,都市：住,10000,21,持分移轉,06360000
RPQQNLPLPHJFFCB38CB,保安段,9.96,都市：住,10000,21,持分移轉,06360000
RPPQNLPLPHJFFCB28CB,保安段,9.96,都市：住,10000,21,持分移轉,06360000
RPRQNLPLPHJFFCB48CB,保安段,9.96,都市：住,10000,21,持分移轉,06360000
RPSQNLPLPHJFFCB58CB,保安段,9.96,都市：住,10000,21,持分移轉,06360000
RPTQNLPLPHJFFCB68CB,保安段,9.96,都市：住,10000,21,持分移轉,06360000
RPUQNLPLPHJFFCB78CB,保安段,9.96,都市：住,10000,21,持分移轉,06360000
RPVQNLPLPHJFFCB88CB,保安段,9.96,都市：住,10000,21,持分移轉,06360000
RPXQNLPLPHJFFCB09CB,保安段,9.96,都市：住,10000,21,持分移轉,06360000
RPWQNLPLPHJFFCB98CB,保安段,9.96,都市：住,10000,21,持分移轉,06360000
RPORNLPLPHJFFCB28CB,保安段,9.01,都市：住,10000,19,持分移轉,06360000
RPPQMLSLPHJFFCB48CB,保安段,14.23,都市：住,10000,30,持分移轉,06360000
RPOQMLSLPHJFFCB38CB,保安段,14.71,都市：住,10000,31,持分移轉,06360000
RPQQMLSLPHJFFCB58CB,保安段,14.23,都市：住,10000,30,持分移轉,06360000
RPRQMLSLPHJFFCB68CB,保安段,14.23,都市：住,10000,30,持分移轉,06360000
RPTQMLSLPHJFFCB88CB,保安段,14.23,都市：住,10000,30,持分移轉,06360000
RPUQMLSLPHJFFCB98CB,保安段,14.23,都市：住,10000,30,持分移轉,06360000
RPORMLSLPHJFFCB48CB,保安段,14.23,都市：住,10000,30,持分移轉,06360000
RPPRMLSLPHJFFCB58CB,保安段,14.23,都市：住,10000,30,持分移轉,06360000
RPVQMLSLPHJFFCB09CB,保安段,14.71,都市：住,10000,31,持分移轉,06360000
RPWQMLSLPHJFFCB56CB,保安段,14.23,都市：住,10000,30,持分移轉,06360000
RPRRMLSLPHJFFCB78CB,保安段,14.23,都市：住,10000,30,持分移轉,06360000
RPSRMLSLPHJFFCB88CB,保安段,14.71,都市：住,10000,31,持分移轉,06360000
RPWTMLSLPHJFFCB86CB,保安段,11.86,都市：住,10000,25,持分移轉,06360000
RPXTMLSLPHJFFCB96CB,保安段,11.86,都市：住,10000,25,持分移轉,06360000
RPTUMLSLPHJFFCB66CB,保安段,11.86,都市：住,10000,25,持分移轉,06360000
RPSUMLSLPHJFFCB56CB,保安段,11.86,都市：住,10000,25,持分移轉,06360000
RPVTMLSLPHJFFCB76CB,保安段,11.86,都市：住,10000,25,持分移轉,06360000
RPTTMLSLPHJFFCB56CB,保安段,11.86,都市：住,10000,25,持分移轉,06360000
RPUTMLSLPHJFFCB66CB,保安段,11.86,都市：住,10000,25,持分移轉,06360000
RPSTMLSLPHJFFCB09CB,保安段,11.86,都市：住,10000,25,持分移轉,06360000
RPRTMLSLPHJFFCB98CB,保安段,11.86,都市：住,10000,25,持分移轉,06360000
RPURMLSLPHJFFCB09CB,保安段,10.91,都市：住,10000,23,持分移轉,06360000
RPUUMLSLPHJFFCB76CB,保安段,11.86,都市：住,10000,25,持分移轉,06360000
RPOVMLSLPHJFFCB88CB,保安段,11.86,都市：住,10000,25,持分移轉,06360000
RPSVMLSLPHJFFCB66CB,保安段,14.23,都市：住,10000,30,持分移轉,06360000
RPWVMLSLPHJFFCB07CB,保安段,14.23,都市：住,10000,30,持分移轉,06360000
RPWUMLSLPHJFFCB96CB,保安段,11.86,都市：住,10000,25,持分移轉,06360000
RPQVMLSLPHJFFCB09CB,保安段,11.86,都市：住,10000,25,持分移轉,06360000
RPOWMLSLPHJFFCB98CB,保安段,14.23,都市：住,10000,30,持分移轉,06360000
RPUVMLSLPHJFFCB86CB,保安段,14.23,都市：住,10000,30,持分移轉,06360000
RPXVMLSLPHJFFCB17CB,保安段,14.23,都市：住,10000,30,持分移轉,06360000
RPPWMLSLPHJFFCB09CB,保安段,14.23,都市：住,10000,30,持分移轉,06360000
RPWWMLSLPHJFFCB17CB,保安段,14.23,都市：住,10000,30,持分移轉,06360000
RPOPNLSLPHJFFCB38CB,保安段,14.23,都市：住,10000,30,持分移轉,06360000
RPXNNLSLPHJFFCB09CB,保安段,14.23,都市：住,10000,30,持分移轉,06360000
RPSNNLSLPHJFFCB58CB,保安段,14.23,都市：住,10000,30,持分移轉,06360000
RPXWMLSLPHJFFCB27CB,保安段,14.23,都市：住,10000,30,持分移轉,06360000
RPWNNLSLPHJFFCB98CB,保安段,14.23,都市：住,10000,30,持分移轉,06360000
RPSPNLSLPHJFFCB78CB,保安段,14.23,都市：住,10000,30,持分移轉,06360000
RPQPNLSLPHJFFCB58CB,保安段,14.23,都市：住,10000,30,持分移轉,06360000
RPUNNLSLPHJFFCB78CB,保安段,14.23,都市：住,10000,30,持分移轉,06360000
RPQNNLSLPHJFFCB38CB,保安段,14.23,都市：住,10000,30,持分移轉,06360000
RPONNLSLPHJFFCB18CB,保安段,14.23,都市：住,10000,30,持分移轉,06360000
RPUPNLSLPHJFFCB98CB,保安段,14.23,都市：住,10000,30,持分移轉,06360000
RPWPNLSLPHJFFCB56CB,保安段,14.23,都市：住,10000,30,持分移轉,06360000
RPPQNLSLPHJFFCB58CB,保安段,14.23,都市：住,10000,30,持分移轉,06360000
RPSRNLSLPHJFFCB98CB,保安段,16.60,都市：住,10000,35,持分移轉,06360000
RPURNLSLPHJFFCB56CB,保安段,16.60,都市：住,10000,35,持分移轉,06360000
RPWRNLSLPHJFFCB76CB,保安段,16.60,都市：住,10000,35,持分移轉,06360000
RPPSNLSLPHJFFCB78CB,保安段,16.60,都市：住,10000,35,持分移轉,06360000
RPVPNLSLPHJFFCB09CB,保安段,14.23,都市：住,10000,30,持分移轉,06360000
RPQQNLSLPHJFFCB68CB,保安段,16.60,都市：住,10000,35,持分移轉,06360000
RPQRNLSLPHJFFCB78CB,保安段,16.60,都市：住,10000,35,持分移轉,06360000
RPRRNLSLPHJFFCB88CB,保安段,16.60,都市：住,10000,35,持分移轉,06360000
RPWSNLSLPHJFFCB86CB,保安段,11.39,都市：住,10000,24,持分移轉,06360000
RPOTNLSLPHJFFCB78CB,保安段,11.39,都市：住,10000,24,持分移轉,06360000
RPVRNLSLPHJFFCB66CB,保安段,16.60,都市：住,10000,35,持分移轉,06360000
RPRTNLSLPHJFFCB09CB,保安段,11.39,都市：住,10000,24,持分移轉,06360000
RPVTNLSLPHJFFCB86CB,保安段,11.39,都市：住,10000,24,持分移轉,06360000
RPWTNLSLPHJFFCB96CB,保安段,11.39,都市：住,10000,24,持分移轉,06360000
RPXRNLSLPHJFFCB86CB,保安段,16.60,都市：住,10000,35,持分移轉,06360000
RPQSNLSLPHJFFCB88CB,保安段,16.60,都市：住,10000,35,持分移轉,06360000
RPPUNLSLPHJFFCB98CB,保安段,11.39,都市：住,10000,24,持分移轉,06360000
RPUTNLSLPHJFFCB76CB,保安段,11.39,都市：住,10000,24,持分移轉,06360000
RPPPMLKMPHJFFCB67CB,保安段,10.91,都市：住,10000,23,持分移轉,06360000
RPXSNLSLPHJFFCB96CB,保安段,11.39,都市：住,10000,24,持分移轉,06360000
RPQTNLSLPHJFFCB98CB,保安段,11.39,都市：住,10000,24,持分移轉,06360000
RPXTNLSLPHJFFCB07CB,保安段,11.39,都市：住,10000,24,持分移轉,06360000
RPOUNLSLPHJFFCB88CB,保安段,11.39,都市：住,10000,24,持分移轉,06360000
RPRUNLSLPHJFFCB56CB,保安段,11.39,都市：住,10000,24,持分移轉,06360000
RPPQMLKMPHJFFCB77CB,保安段,10.91,都市：住,10000,23,持分移轉,06360000
RPOQMLKMPHJFFCB67CB,保安段,10.91,都市：住,10000,23,持分移轉,06360000
RPXPMLKMPHJFFCB48CB,保安段,10.91,都市：住,10000,23,持分移轉,06360000
RPVPMLKMPHJFFCB28CB,保安段,10.91,都市：住,10000,23,持分移轉,06360000
RPTPMLKMPHJFFCB08CB,保安段,10.91,都市：住,10000,23,持分移轉,06360000
RPSPMLKMPHJFFCB97CB,保安段,10.91,都市：住,10000,23,持分移轉,06360000
RPQQMLKMPHJFFCB87CB,保安段,10.91,都市：住,10000,23,持分移轉,06360000
RPWPMLKMPHJFFCB38CB,保安段,10.91,都市：住,10000,23,持分移轉,06360000
RPUPMLKMPHJFFCB18CB,保安段,10.91,都市：住,10000,23,持分移轉,06360000
RPRPMLKMPHJFFCB87CB,保安段,10.91,都市：住,10000,23,持分移轉,06360000
RPRQMLKMPHJFFCB97CB,保安段,10.91,都市：住,10000,23,持分移轉,06360000
RPSUNLSLPHJFFCB66CB,保安段,11.39,都市：住,10000,24,持分移轉,06360000
