﻿編號,屋齡,建物移轉面積平方公尺,主要用途,主要建材,建築完成日期,總層數,建物分層
The serial number,room age,building shifting area square meter,the main use,main building materials,construction completes the date,total layer,building lamination
RPROMLLJNHJFFAD47CC,44,70.95,住家用,加強磚造,59年5月6日,二層,
RPWNMLLJNHJFFCD08CC,34,33.83,住家用,鋼筋混凝土造,69年5月2日,五層,
RPTNMLLJNHJFFDR76DC,31,174.64,住家用,鋼筋混凝土造,72年1月8日,三層,
RPXNMLLJNHJFFCD18CC,3,70.17,住家用,鋼筋混凝土造,99年12月13日,十四層,
RPSNMLMJNHJFFCD77CC,17,103.08,住家用,鋼筋混凝土造,86年10月8日,十一層,
RPXNMLMJNHJFFAD08CC,32,141.45,住家用,鋼筋混凝土造,70年12月18日,四層,
RPPPMLMJNHJFFCD77DC,28,201.66,廠房,鋼骨造,75年7月24日,一層,
RPXNMLMJNHJFFCD28CC,45,71.00,住家用,加強磚造,57年12月5日,二層,
RPPNMLNJNHJFFAD37CC,15,50.47,集合住宅,鋼筋混凝土造,88年2月11日,二十四層,
RPQOMLMJNHJFFAD47CC,24,76.24,住家用,鋼筋混凝土造,79年3月22日,三層,
RPQOMLMJNHJFFAD47CC,24,2.53,共有部分,鋼筋混凝土造,79年3月22日,,
RPSNMLMJNHJFFER76CC,1,185.40,住宅，停車空間,鋼筋混凝土造,102年7月9日,三層,
RPQNMLNJNHJFFAD47CC,7,50.15,集合住宅,鋼筋混凝土構造,96年8月24日,十四層,
RPWNMLNJNHJFFAD08CC,10,247.87,住家用,ＲＣ造,93年6月1日,四層,
RPTNMLMJNHJFFER86CC,19,165.21,住商用,鋼筋混凝土造,84年4月13日,四層,
RPVNMLMJNHJFFCD08CC,23,29.63,住家用,鋼筋混凝土造,80年1月11日,二十二層,
RPVOMLNJNHJFFAD08CC,18,24.23,住家用,鋼筋混凝土造,85年9月7日,十七層,
RPVOMLNJNHJFFAD08CC,18,16.80,共有部分,鋼筋混凝土造,85年9月7日,十七層,
RPRNMLPJNHJFFBD08EC,,62.47,住商用,加強磚造,,一層,
RPPNMLNJNHJFFCD57CC,45,141.42,住家用,加強磚造,58年9月15日,二層,
RPRNMLNJNHJFFHR07CC,25,112.83,住家用,加強磚造,78年3月25日,二層,
RPWNMLMJNHJFFCD18CC,14,95.07,住家用,鋼筋混凝土造,89年8月22日,十四層,
RPWNMLMJNHJFFCD18CC,14,2.93,共有部分,鋼筋混凝土造,89年8月22日,十四層,
RPXOMLQJNHJFFCD78CC,31,354.93,住商用,鋼筋混凝土造,72年6月29日,四層,
RPQNMLQJNHJFFCD08DC,32,136.00,住家用,鋼筋混凝土造,70年11月26日,五層,
RPQOMLRJNHJFFAD97CC,15,98.08,見其他登記事項,鋼筋混凝土造,88年7月30日,十層,
RPQOMLRJNHJFFAD97CC,15,13.35,共有部分,鋼筋混凝土造,88年7月30日,十層,
RPQOMLRJNHJFFAD97CC,15,14.84,共有部分,鋼筋混凝土造,88年7月30日,十層,
RPQOMLRJNHJFFAD97CC,15,9.29,共有部分,鋼筋混凝土造,88年7月30日,十層,
RPWNMLRJNHJFFCD68CC,34,194.58,住商用,鋼筋混凝土造,69年5月5日,四層,
RPOOMLSJNHJFFHR37CC,18,240.93,住商用,鋼筋混凝土造,84年11月27日,五層,
RPRNMLSJNHJFFHR57CC,19,182.40,住家用,鋼筋混凝土造,83年11月18日,四層,
RPPNMLLKNHJFFFR56CC,19,77.15,住商用,鋼筋混凝土造,84年1月6日,八層,
RPSNMLMKNHJFFER86CC,1,191.00,停車空間，集合住宅,鋼筋混凝土造,102年7月15日,四層,
RPPNMLMKNHJFFHR86CC,20,71.84,住家用,鋼筋混凝土造,83年5月4日,十五層,
RPROMLMKNHJFFHR17CC,21,204.63,住商用,鋼筋混凝土造,81年11月16日,四層,
RPUNMLMKNHJFFCD08CC,33,77.76,住家用,鋼筋混凝土造,70年2月2日,五層,
RPVNMLOKNHJFFCD38CC,11,99.36,住商用,鋼筋混凝土造,92年7月31日,四層,
RPOOMLMJNHJFFCD47CC,36,92.48,住家用,鋼筋混凝土造,67年4月12日,四層,
RPQOMLPJNHJFFDR86CC,24,69.35,住家用,加強磚造,79年10月9日,二層,
RPUPMLOKNHJFFAD28CC,19,25.29,住家用,鋼筋混凝土造,84年3月7日,十二層,
RPUOMLMKNHJFFAD97CC,20,77.28,住家用,鋼筋混凝土造,83年5月12日,十一層,
RPTNMLSJNHJFFAD28CC,45,291.18,住商用,加強磚造,58年9月25日,四層,
RPTNMLPKNHJFFAD08CC,7,224.06,住家用,鋼筋混凝土造,96年11月1日,二層,
RPTOMLOKNHJFFAD08CC,15,89.74,見其他登記事項,鋼筋混凝土造,88年7月30日,十層,
RPVOMLOKNHJFFAD28CC,5,34.83,共有部分,鋼筋混凝土造,97年12月19日,十四層,
RPTOMLOKNHJFFAD08CC,15,12.08,共有部分,鋼筋混凝土造,88年7月30日,十層,
RPVOMLOKNHJFFAD28CC,5,9.97,共有部分,鋼筋混凝土造,97年12月19日,十四層,
RPTOMLOKNHJFFAD08CC,15,13.42,共有部分,鋼筋混凝土造,88年7月30日,十層,
RPTOMLOKNHJFFAD08CC,15,7.38,共有部分,鋼筋混凝土造,88年7月30日,十層,
RPVPMLOKNHJFFAD38CC,7,19.27,集合住宅,鋼筋混凝土構造,96年8月24日,十四層,
RPOQMLTJNHJFFAD18CC,38,109.08,,鋼筋混凝土造,65年2月28日,四層,
RPTOMLMKNHJFFAD87CC,21,12.70,住工用,鋼筋混凝土造,81年11月7日,四層,
RPWPMLTJNHJFFAD88CC,19,73.92,住家用,鋼筋混凝土造,84年9月12日,十八層,
RPUNMLPKNHJFFAD18CC,7,81.63,集合住宅,鋼筋混凝土構造,96年8月24日,十四層,
RPXNMLQKNHJFFBD68CC,21,285.26,店住、貯藏室,鋼筋混凝土造,82年6月22日,四層,
RPVNMLPKNHJFFER47CC,34,72.38,住家用,加強磚造,69年8月26日,二層,
RPOOMLQKNHJFFBD87CC,20,233.44,住商用,鋼筋混凝土造,83年1月26日,三層,
RPPNMLLLNHJFFCD57CC,21,81.26,住家用,鋼筋混凝土造,81年11月21日,六層,
RPQOMLKLNHJFFCD67CC,1,120.10,商業用,鋼筋混凝土造,102年7月11日,十八層,
RPRNMLMLNHJFFER86CC,2,186.48,住商用,鋼筋混凝土造,101年2月3日,四層,
RPRNMLMLNHJFFER86CC,2,17.52,住商用,鋼筋混凝土造,101年2月3日,四層,
RPXNMLMLNHJFFAD28CC,23,202.58,商業用,鋼筋混凝土造,80年2月5日,十層,
RPXNMLMLNHJFFAD28CC,23,171.48,商業用,鋼筋混凝土造,80年2月5日,十層,
RPPOMLLLNHJFFAD47CC,43,126.57,住家用,加強磚造,60年6月18日,二層,
RPTNMLOLNHJFFAD08CC,39,79.65,住家用,加強磚造,64年3月8日,二層,
RPROMLTKNHJFFAD38CC,9,50.89,見其他登記事項,鋼筋混凝土造,93年12月3日,八層,
RPSOMLNLNHJFFAD97CC,28,54.77,住商用,鋼筋混凝土造,75年10月23日,四層,
RPSOMLNLNHJFFAD97CC,28,54.05,住商用,鋼筋混凝土造,75年10月23日,三層,
RPSOMLNLNHJFFAD97CC,27,65.46,住家用,鋼筋混凝土造,75年11月20日,四層,
RPSOMLNLNHJFFAD97CC,27,98.88,住商用,鋼筋混凝土造,75年11月20日,四層,
RPOOMLTKNHJFFAD08CC,19,264.49,住商用,鋼筋混凝土造,84年5月29日,五層,
RPOOMLTKNHJFFAD08CC,19,22.04,住商用,鋼筋混凝土造,84年5月29日,五層,
RPOOMLTKNHJFFAD08CC,19,12.05,住商用,鋼筋混凝土造,84年5月29日,五層,
RPSOMLLLNHJFFAD77CC,7,133.26,店舖,鋼筋混凝土造,96年7月19日,十四層,
RPOPMLQKNHJFFAD87CC,4,68.93,店舖、住宅,鋼筋混凝土構造,99年11月4日,五層,
RPRNMLQLNHJFFCD28CC,19,159.44,住家用,鋼筋混凝土造,84年1月12日,九層,
RPUOMLRLNHJFFHR18DC,5,497.09,住商用,鋼筋混凝土造,98年7月22日,五層,
RPUNMLSLNHJFFHR08CC,1,76.64,住家用,鋼筋混凝土構造,102年6月18日,七層,
RPUNMLSLNHJFFHR08CC,1,15.91,本建物係７層建物，共有部分包括：地下一層（防空避難室兼停車空間，台電配電所，電信室發電機室，污水處理機房，蓄水池，消防水池），第一層（車道，管理室）,鋼筋混凝土構造,102年6月18日,七層,
RPUNMLSLNHJFFHR08CC,1,12.22,本建物係７層建物，共有部分包括：第一層至第七層（樓梯間，梯廳）及屋頂突出物一層（樓梯間），屋頂突出物二層（機械室，水箱）,鋼筋混凝土構造,102年6月18日,七層,
RPRNMLSLNHJFFFR57CC,36,42.78,農舍,混凝土構造,67年5月23日,一層,
RPVNMLSLNHJFFHR18CC,2,59.03,集合住宅,鋼筋混凝土構造,101年8月17日,十九層,
RPVNMLSLNHJFFHR18CC,2,29.34,防空避難室兼停車空間，機電設備，社區文康室，社區運動室，梯廳，機械室，水箱,鋼筋混凝土構造,101年8月17日,十九層,
RPSNMLQKNHJFFAD08CC,,225.37,店舖,鋼骨構造,103年1月3日,一層,
RPTNMLSLNHJFFHR97CC,15,85.52,住家用,鋼筋混凝土造,88年7月1日,十三層,
RPTNMLSLNHJFFHR97CC,15,50.81,共有部分,鋼筋混凝土造,88年7月1日,十三層,
RPQOMLSLNHJFFAD28CC,28,98.38,住家用,鋼筋混凝土造,74年11月27日,七層,
RPROMLSLNHJFFAD38CC,54,109.00,住家用,磚造,49年1月1日,二層,
RPPOMLSLNHJFFAD18CC,14,86.44,集合住宅,鋼筋混凝土造,89年8月22日,十四層,
RPOOMLQLNHJFFAD87CC,30,125.44,住家用,鋼筋混凝土造,73年6月26日,五層,
RPTOMLSLNHJFFAD58CC,11,109.85,國民住宅,鋼筋混凝土造,92年9月16日,十四層,
RPTOMLSLNHJFFAD58CC,11,38.28,管理室等,鋼筋混凝土造,92年9月16日,十四層,
RPTOMLSLNHJFFAD58CC,11,20.82,公共設施,鋼筋混凝土造,92年9月16日,十四層,
RPUOMLSLNHJFFAD68CC,38,94.02,住商用,加強磚造,65年2月11日,二層,
RPWOMLSLNHJFFAD88CC,14,45.69,店舖,鐵骨造,89年10月27日,一層,
RPXOMLSLNHJFFAD98CC,16,53.99,集合住宅,鋼筋混凝土造,87年4月20日,十四層,
RPXOMLSLNHJFFAD98CC,16,17.70,共有部分,鋼筋混凝土造,87年4月20日,十四層,
RPXOMLSLNHJFFAD98CC,16,7.08,共有部分,鋼筋混凝土造,87年4月20日,十四層,
RPOPMLSLNHJFFAD18CC,7,59.55,集合住宅,ＲＣ造,95年11月29日,十三層,
RPOPMLSLNHJFFAD18CC,7,10.21,共有部分,ＲＣ造,95年11月29日,十三層,
RPOPMLSLNHJFFAD18CC,7,30.60,共有部分,ＲＣ造,95年11月29日,十三層,
RPUNMLKMNHJFFAD87CC,8,265.71,住家用,ＲＣ造,95年2月17日,二層,
RPROMLKMNHJFFAD67CC,53,81.12,住家用,磚造,50年1月1日,二層,
RPVOMLKMNHJFFAD08CC,9,42.51,見其他登記事項,鋼筋混凝土造,93年12月3日,八層,
RPTPMLKMNHJFFAD97CC,19,48.77,商業用,鋼筋混凝土造,84年8月19日,十六層,
RPXPMLKMNHJFFAD38CC,19,72.74,商業用,鋼筋混凝土造,84年8月19日,十六層,
RPUQMLKMNHJFFER47DC,17,79.85,住家用,鋼筋混凝土造,86年8月25日,八層,
RPQNMLLMNHJFFFR86CC,43,134.30,住家用,加強磚造,60年7月1日,二層,
RPQNMLLMNHJFFBD67CC,18,91.26,住家用,鋼筋混凝土造,85年11月25日,十八層,
RPXOMLNJOHJFFER57CC,1,185.40,住宅，停車空間,鋼筋混凝土造,102年7月9日,三層,
RPVOMLNJOHJFFFR47CC,37,81.18,住家用,加強磚造,66年10月17日,二層,
RPVOMLSLNHJFFAD78CC,23,254.21,住商用,鋼筋混凝土造,79年12月28日,六層,
RPVOMLSLNHJFFAD78CC,27,23.56,住家用,鋼筋混凝土造,76年2月16日,二層,
RPVOMLNJOHJFFCD38CC,32,87.09,住家用,鋼筋混凝土造,71年2月17日,五層,
RPROMLSLNHJFFCD58CC,36,57.85,住商用,加強磚造,67年8月24日,二層,
RPSNMLQLNHJFFCD38CC,14,91.47,國民住宅,鋼筋混凝土造,88年11月16日,十二層,
RPOPMLNJOHJFFCD77CC,15,96.25,國民住宅,鋼筋混凝土造,88年10月21日,十三層,
RPRNMLSLNHJFFCD48CC,34,62.00,國民住宅,鋼筋混凝土造,69年5月22日,七層,
RPTNMLQLNHJFFCD48CC,32,103.66,住家用,鋼筋混凝土造,70年12月31日,五層,
RPQNMLSLNHJFFCD38CC,21,58.18,商業用,鋼筋混凝土造,82年2月16日,六層,
RPVNMLQLNHJFFCD68CC,35,87.47,住家用,鋼筋混凝土造,68年10月13日,四層,
RPSNMLRJOHJFFBD28CC,1,173.73,住宅，停車空間,鋼筋混凝土造,101年12月7日,四層,
RPROMLQJOHJFFCD28CC,6,205.38,店舖、住宅、停車空間,鋼筋混凝土造,97年2月14日,五層,
RPRNMLTJOHJFFAR07CC,20,69.45,住商用,鋼筋混凝土造,83年8月10日,五層,
RPSNMLTJOHJFFCD68DC,2,57.69,店舖，住宅，停車空間,鋼筋混凝土造,101年5月22日,四層,
RPRNMLKKOHJFFDR56CC,37,174.53,住商用,加強磚造,66年3月5日,三層,
RPUNMLKKOHJFFHR27CC,26,165.02,住家用,加強磚造,77年2月4日,二層,
RPSPMLKKOHJFFCD97CC,3,182.54,住家用,鋼筋混凝土造,99年12月13日,十四層,
RPOOMLLKOHJFFCD57CC,35,136.80,住商用,鋼筋混凝土造,67年12月30日,三層,
RPXOMLNJOHJFFCD58CC,7,131.15,停車空間、店舖、住宅,鋼筋混凝土造,96年6月26日,五層,
RPRNMLTJOHJFFER47CC,2,53.71,住商用,鋼筋混凝土造,101年2月3日,四層,
RPQNMLTJOHJFFER37CC,26,32.82,守衛室,加強磚造,76年12月8日,一層,
RPQNMLTJOHJFFER37CC,26,1644.10,廠房、防空避難室,鋼筋混凝土造,76年12月8日,一層,
RPQNMLTJOHJFFER37CC,26,241.50,辦公室,加強磚造,76年12月8日,一層,
RPQNMLTJOHJFFER37CC,26,535.43,工業用,鋼筋混凝土加強磚造,77年1月11日,一層,
RPPOMLMKOHJFFCD87DC,18,109.03,住商用,鋼筋混凝土造,85年10月5日,十六層,
RPOOMLMKOHJFFBD67DC,19,121.41,住家用,鋼筋混凝土造,84年9月1日,三層,
RPXNMLMKOHJFFCD48CC,46,19.42,住家用,加強磚造,57年6月12日,二層,
RPOOMLMKOHJFFCD67CC,22,119.91,住家用,鋼筋混凝土造,81年10月22日,十五層,
RPROMLNKOHJFFCD08CC,25,94.71,住家用,鋼筋混凝土造,77年12月24日,五層,
RPTOMLNKOHJFFCD28CC,23,60.09,住家用,鋼筋混凝土造,80年1月9日,五層,
RPSOMLNKOHJFFAD97CC,41,75.94,住商用,加強磚造,62年12月2日,三層,
RPSNMLLKOHJFFAD67CC,,109.79,住商用,加強磚造,,二層,
RPWNMLRJOHJFFAD58CC,8,58.04,集合住宅,ＲＣ造,95年10月1日,十四層,
RPVNMLNKOHJFFAD18CC,22,22.28,住家用,鋼筋混凝土造,81年11月5日,六層,
RPUNMLOJOHJFFAD08CC,7,257.37,停車空間、店舖、住宅,鋼筋混凝土造,96年11月26日,四層,
RPXNMLLKOHJFFAD18CC,20,24.55,住家用,鋼筋混凝土造,83年8月2日,六層,
RPQNMLPJOHJFFAD77CC,19,120.96,住家用,鋼筋混凝土造,84年8月29日,十七層,
RPQNMLPJOHJFFAD77CC,19,34.71,共有部分,鋼筋混凝土造,84年8月29日,十七層,
RPQNMLLKOHJFFHR96CC,22,298.72,店舖、辦公室。,鋼筋混凝土造,81年5月19日,二十層,
RPQOMLLKOHJFFHR07CC,19,89.15,住家用,鋼筋混凝土造,84年11月30日,九層,
RPQOMLLKOHJFFHR07CC,19,39.62,共有部分,鋼筋混凝土造,84年11月30日,九層,
RPPOMLLKOHJFFHR96CC,18,100.90,住家用,鋼筋混凝土造,85年5月15日,九層,
RPPOMLLKOHJFFHR96CC,18,31.65,共有部分,鋼筋混凝土造,85年5月15日,九層,
RPPOMLLKOHJFFHR96CC,18,10.39,共有部分,鋼筋混凝土造,85年5月15日,九層,
RPUOMLNKOHJFFAD18CC,27,132.02,住家用,鋼筋混凝土造,76年8月6日,二層,
RPSOMLNKOHJFFAR76CC,6,242.70,辦公室,鋼骨鋼筋混凝土造、鋼筋混凝土造,97年7月4日,十層,
RPSOMLNKOHJFFAR76CC,6,330.42,商業用,鋼骨鋼筋混凝土造,97年7月4日,十層,
RPWOMLNKOHJFFAD38CC,10,62.12,集合住宅,鋼筋混凝土造,93年8月30日,十層,
RPWNMLNKOHJFFHR77CC,21,72.94,住家用,鋼筋混凝土造,82年9月10日,八層,
RPWNMLNKOHJFFHR77CC,21,22.70,共有部分,鋼筋混凝土造,82年9月10日,八層,
RPVOMLNKOHJFFAD28CC,44,76.00,住家用,加強磚造,59年5月14日,二層,
RPXNMLNKOHJFFHR87CC,19,87.00,住家用,鋼筋混凝土造,83年12月29日,八層,
RPOOMLNKOHJFFHR07CC,16,51.91,一般事務所。,鋼筋混凝土造,87年10月26日,十一層,
RPOOMLNKOHJFFHR07CC,16,6.96,共有部分,鋼筋混凝土造,87年10月26日,十一層,
RPOOMLNKOHJFFHR07CC,16,16.53,共有部分,鋼筋混凝土造,87年10月26日,十一層,
RPQOMLNKOHJFFHR27CC,40,93.48,住家用,加強磚造,63年11月5日,二層,
RPSOMLNKOHJFFHR47CC,34,119.38,住家用,加強磚造,69年2月1日,二層,
RPUOMLNKOHJFFBD28CC,3,201.99,店舖，住宅，停車空間,鋼筋混凝土造,100年8月24日,四層,
RPPOMLQKOHJFFCD18CC,8,7.06,商業用,ＲＣ造,95年10月16日,五層,
RPSOMLQKOHJFFAD28CC,25,112.17,住家用,鋼筋混凝土造,78年9月11日,六層,
RPRNMLOKOHJFFCD08CC,40,93.89,住家用,加強磚造,63年5月16日,二層,
RPUNMLRKOHJFFER67CC,1,248.31,店舖、停車空間、住宅,鋼筋混凝土造,102年1月15日,四層,
RPXNMLRKOHJFFER97CC,17,183.09,住家用,鋼筋混凝土造,86年6月24日,四層,
RPTPMLRKOHJFFER77CC,6,221.08,農舍,鋼筋混凝土造,97年11月13日,二層,
RPPOMLRKOHJFFHR57CC,25,117.24,住家用,鋼筋混凝土造,78年3月16日,二層,
RPPOMLSKOHJFFHR67CC,16,22.95,住家用,鋼筋混凝土造,87年6月2日,七層,
RPPOMLSKOHJFFHR67CC,16,2.22,共有部分,鋼筋混凝土造,87年6月2日,七層,
RPPOMLSKOHJFFHR67CC,16,6.28,共有部分,鋼筋混凝土造,87年6月2日,七層,
RPROMLSKOHJFFER57CC,17,79.57,住家用,鋼筋混凝土造,86年8月25日,八層,
RPPOMLSKOHJFFBD28CC,4,129.75,住商用,鋼筋混凝土造,99年7月1日,四層,
RPSOMLSKOHJFFAD48CC,4,51.22,集合住宅,鋼筋混凝土造,99年4月6日,十四層,
RPSOMLSKOHJFFAD48CC,4,19.46,共有部分,鋼筋混凝土造,99年4月6日,十四層,
RPWNMLTKOHJFFCD09CC,16,67.70,住家用,鋼筋混凝土造,86年12月15日,五層,
RPSNMLRKOHJFFCD48CC,14,102.47,商業用,鋼筋混凝土造,89年6月21日,十二層,
RPVNMLTKOHJFFCD98CC,25,122.72,住家用,鋼筋混凝土造,78年12月8日,五層,
RPTNMLTKOHJFFCD78CC,30,47.61,住商用,鋼筋混凝土造,73年10月17日,四層,
RPSNMLTKOHJFFCD68CC,21,121.08,住家用,鋼筋混凝土造,82年5月12日,十四層,
RPXNMLTKOHJFFCD56CC,33,70.23,住家用,鋼筋混凝土造,70年2月3日,五層,
RPOQMLTKOHJFFCD58CC,30,50.89,住商用,鋼筋混凝土造,73年8月16日,四層,
RPQNMLTKOHJFFHR77CC,21,95.72,住家用,鋼筋混凝土造,82年8月24日,十五層,
RPSNMLTKOHJFFHR97CC,20,89.21,住家用,鋼筋混凝土造,83年1月4日,六層,
RPPNMLLLOHJFFDR56CC,33,97.12,住商用,加強磚造,70年8月19日,二層,
RPRNMLLLOHJFFCD87CC,31,85.17,住商用,鋼筋混凝土造,72年3月5日,四層,
RPSNMLLLOHJFFCD97CC,26,91.76,住家用,鋼筋混凝土造,77年5月27日,四層,
RPRNMLMLOHJFFCD97CC,43,73.77,住家用,鋼筋混凝土造,60年12月17日,四層,
RPQOMLNLOHJFFCD08CC,19,95.27,住家用,鋼筋混凝土造,84年8月10日,九層,
RPQOMLNLOHJFFCD08CC,19,9.53,共有部分,鋼筋混凝土造,84年8月10日,九層,
RPQOMLNLOHJFFCD08CC,19,13.08,共有部分,鋼筋混凝土造,84年8月10日,九層,
RPWNMLOLOHJFFER67CC,21,36.21,住商用,鋼筋混凝土造,81年12月15日,四層,
RPRNMLLLOHJFFAD67CC,34,59.45,住商用,加強磚造,69年5月29日,二層,
RPPNMLLLOHJFFAD47CC,16,168.33,超級市場,鋼筋混凝土造,87年12月3日,十四層,
RPRPMLNLOHJFFAD08CC,28,92.15,住家用,鋼筋混凝土造,75年8月8日,三層,
RPUOMLSKOHJFFAD68CC,14,188.26,住宅、停車空間,鋼筋混凝土造,89年3月3日,四層,
RPQNMLLLOHJFFAD57CC,19,67.78,住家用,鋼筋混凝土造,84年6月13日,五層,
RPXOMLSKOHJFFAD98CC,20,46.82,住家用,鋼筋混凝土造,83年5月12日,十一層,
RPXOMLSKOHJFFAD98CC,20,3.47,共有部分,鋼筋混凝土造,83年5月12日,十一層,
RPXOMLSKOHJFFAD98CC,20,10.60,共有部分,鋼筋混凝土造,83年5月12日,十一層,
RPTNMLTKOHJFFAD58CC,35,97.34,住家用,鋼筋混凝土造,68年10月2日,四層,
RPSNMLTKOHJFFAD48CC,16,91.57,住家用,鋼筋混凝土造,87年12月3日,十四層,
RPVOMLSKOHJFFAD78CC,39,325.40,住商用,加強磚造,64年1月7日,三層,
RPUNMLPLOHJFFHR87CC,22,145.60,辦公室。,鋼筋混凝土造,81年5月19日,二十二層,
RPRNMLPLOHJFFHR57CC,21,215.41,住家用,鋼筋混凝土造,82年10月21日,四層,
RPSNMLQLOHJFFCD48CC,18,84.37,住家用,鋼筋混凝土造,85年3月5日,九層,
RPVNMLQLOHJFFAD58CC,6,120.91,店舖、集合住宅,鋼筋混凝土造,96年12月27日,十九層,
RPSNMLQLOHJFFDR47DC,32,72.20,電動遊樂場,鋼筋混凝土造,70年12月31日,七層,
RPUOMLPLOHJFFAD48CC,43,52.71,住商用,鋼筋混凝土造,60年6月26日,四層,
RPUNMLQLOHJFFAD48CC,19,109.33,住家用,鋼筋混凝土造,84年3月11日,十二層,
RPQPMLRLOHJFFHR87CC,17,26.69,住家用,鋼筋混凝土造,86年1月28日,十九層,
RPQPMLRLOHJFFHR87CC,17,3.30,共有部分,鋼筋混凝土造,86年1月28日,十九層,
RPQPMLRLOHJFFHR87CC,17,5.05,共有部分,鋼筋混凝土造,86年1月28日,十九層,
RPTOMLRLOHJFFBD68CC,1,236.97,停車空間、住宅,鋼筋混凝土造,102年4月8日,四層,
RPQOMLKMOHJFFCD97DC,7,347.95,店舖、住宅、停車空間,鋼筋混凝土造,96年3月1日,五層,
RPQPMLOLOHJFFCD38DC,3,328.05,店舖、住宅、停車空間,鋼骨構造,100年6月23日,五層,
RPRNMLLJPHJFFBD77DC,19,306.64,住家用,鋼筋混凝土造,84年8月8日,四層,
RPUNMLLJPHJFFDR96CC,18,102.26,住家用,鋼筋混凝土造,85年5月1日,二層,
RPVNMLLJPHJFFFR27CC,19,63.36,住家用,鋼筋混凝土造,84年3月31日,十一層,
RPVNMLLJPHJFFFR27CC,19,14.58,住家用,鋼筋混凝土造,84年3月31日,十一層,
RPVNMLLJPHJFFFR27CC,19,8.98,共有部分,鋼筋混凝土造,84年3月31日,十一層,
RPPNMLSLOHJFFCD38CC,16,86.83,住家用,鋼筋混凝土造,87年12月18日,十四層,
RPPNMLSLOHJFFCD38CC,16,18.62,住家用,鋼筋混凝土造,87年12月18日,十四層,
RPPNMLSLOHJFFCD38CC,16,1.85,住家用,鋼筋混凝土造,87年12月18日,十四層,
RPPNMLSLOHJFFCD38CC,16,9.40,住家用,鋼筋混凝土造,87年12月18日,十四層,
RPROMLLJPHJFFHR17CC,13,57.21,住家用,鋼筋混凝土造,90年1月10日,十一層,
RPROMLLJPHJFFHR17CC,13,12.95,共有部分,鋼筋混凝土造,90年1月10日,十一層,
RPROMLLJPHJFFHR17CC,13,8.40,共有部分,鋼筋混凝土造,90年1月10日,十一層,
RPTNMLLJPHJFFCD97CC,1,41.82,店舖、住宅,鋼筋混凝土造,102年12月17日,四層,
RPQOMLLJPHJFFAD57CC,16,91.78,住家用,鋼筋混凝土造,87年9月15日,十三層,
RPOOMLNJPHJFFHR07CC,47,66.24,住家用,加強磚造,56年3月1日,二層,
RPXNMLNJPHJFFFR67CC,19,63.36,住家用,鋼筋混凝土造,84年3月31日,十一層,
RPOOMLNJPHJFFFR86CC,7,234.21,住商用,鋼筋混凝土造,96年10月9日,四層,
RPUNMLNJPHJFFER27CC,6,46.30,廠房,鋼骨鋼筋混凝土造,97年4月25日,三層,
RPXNMLNJPHJFFHR97DC,33,372.54,住商用,鋼筋混凝土造,70年4月2日,三層,
RPWNMLOJPHJFFHR87CC,21,37.67,共有部分,鋼筋混凝土造,82年5月10日,七層,
RPWNMLOJPHJFFHR87CC,21,142.11,住家用,鋼筋混凝土造,82年5月10日,七層,
RPUOMLOJPHJFFAD28CC,1,91.54,集合住宅,鋼筋混凝土構造,102年6月20日,十五層,
RPSOMLNJPHJFFAD97CC,36,79.85,住家用,鋼筋混凝土造,67年8月17日,八層,
RPTOMLNJPHJFFAD08CC,20,78.98,住家用,鋼筋混凝土造,83年11月8日,十二層,
RPTOMLLJPHJFFAD87CC,28,297.82,商業用,鋼筋混凝土造,75年2月3日,七層,
RPROMLLJPHJFFAD67CC,29,71.76,住家用,鋼筋混凝土造,74年8月22日,九層,
RPRNMLPJPHJFFAD97CC,7,257.85,住宅、停車空間,鋼筋混凝土造,96年10月2日,五層,
RPSOMLSJPHJFFAD48CC,23,40.85,住家用,鋼筋混凝土造,80年12月28日,五層,
RPQOMLSJPHJFFAD28CC,19,77.75,住家用,鋼筋混凝土造,84年9月12日,十八層,
RPOOMLNJPHJFFCD77CC,35,92.56,住家用,加強磚造,68年1月11日,二層,
RPPOMLNJPHJFFCD87CC,34,89.99,住家用,加強磚造,69年2月6日,二層,
RPXNMLTJPHJFFAD98CC,7,21.16,集合住宅,鋼筋混凝土構造,96年8月24日,十四層,
RPOOMLTJPHJFFAD18CC,29,62.99,住家用,鋼筋混凝土造,74年1月11日,五層,
RPSPMLKKPHJFFAD87CC,10,213.17,住家用,ＲＣ造,93年7月7日,四層,
RPUNMLSJPHJFFCD78CC,34,81.50,住家用,鋼筋混凝土造,69年7月26日,五層,
RPWOMLKKPHJFFCD38CC,14,148.36,住家用,鋼筋混凝土造,89年8月22日,十四層,
RPOOMLTJPHJFFCD38CC,22,111.55,住家用,鋼筋混凝土造,81年12月16日,五層,
RPVNMLSJPHJFFCD88CC,4,234.21,住家用,鋼筋混凝土造,99年12月13日,十四層,
RPVPMLKKPHJFFCD38CC,15,81.29,國民住宅,鋼筋混凝土造,88年10月21日,十三層,
RPSOMLLKPHJFFDR07DC,30,279.17,辦公室,加強磚造,73年6月2日,一層,
RPSOMLLKPHJFFDR07DC,30,2026.60,廠房，倉庫,鋼造,73年6月2日,一層,
RPSNMLLKPHJFFER07DC,27,158.75,住商用,鋼筋混凝土造,76年2月19日,三層,
RPVNMLNKPHJFFAD28CC,15,87.36,集合住宅,鋼筋混凝土造,88年2月11日,二十四層,
RPUOMLQKPHJFFAD58CC,15,120.94,集合住宅,鋼筋混凝土造,88年2月11日,二十四層,
RPUOMLQKPHJFFAD58CC,15,14.48,共有部分,鋼筋混凝土造,88年2月11日,二十四層,
RPUOMLQKPHJFFAD58CC,15,24.95,共有部分,鋼筋混凝土造,88年2月11日,二十四層,
RPUOMLQKPHJFFAD58CC,15,5.49,共有部分,鋼筋混凝土造,88年2月11日,二十四層,
RPQNMLQKPHJFFAR86CC,20,70.60,住家用,鋼筋混凝土造,83年2月4日,八層,
RPPNMLPLOHJFFFR37EC,21,155.55,住工用,鐵造,82年7月10日,一層,
RPTOMLTJPHJFFHR18CC,16,201.34,住商用,鋼筋混凝土造,86年12月22日,四層,
RPVNMLSJPHJFFHR18CC,6,101.12,住家用,鋼筋混凝土造,97年9月3日,十四層,
RPWNMLQKPHJFFHR18CC,7,190.86,住家用,鋼筋混凝土造,96年8月3日,四層,
RPUNMLQKPHJFFHR97CC,17,3.30,共有部分,鋼筋混凝土造,86年1月28日,十九層,
RPUNMLQKPHJFFHR97CC,31,26.69,住商用,鋼筋混凝土造,72年5月31日,三層,
RPUNMLQKPHJFFHR97CC,17,5.05,共有部分,鋼筋混凝土造,86年1月28日,十九層,
RPROMLKKPHJFFHR17CC,2,71.36,店舖，住宅，停車空間,鋼筋混凝土構造,101年6月19日,五層,
RPROMLKKPHJFFHR17CC,2,28.76,店舖，住宅,鋼筋混凝土構造,101年6月19日,四層,
RPUNMLSKPHJFFCD88CC,20,99.27,住家用,鋼筋混凝土造,83年2月1日,十三層,
RPUNMLSKPHJFFCD88CC,20,38.96,共有部分,鋼筋混凝土造,83年2月1日,十三層,
RPUNMLSKPHJFFCD88CC,20,10.16,共有部分,鋼筋混凝土造,83年2月1日,十三層,
RPSNMLSKPHJFFDR57CC,18,145.01,住家用,鋼筋混凝土造,85年2月15日,十二層,
RPSNMLRKPHJFFCD58CC,18,82.83,住家用,鋼筋混凝土造,85年10月4日,十五層,
RPQNMLTKPHJFFCD58CC,4,37.27,商業用,鋼筋混凝土造,99年5月7日,十四層,
RPSOMLLLPHJFFHR47CC,19,11856.00,住商用,鋼筋混凝土造,84年5月23日,十六層,
RPVNMLOLPHJFFCD68CC,33,56.78,住家用,鋼筋混凝土造,70年12月23日,五層,
RPVNMLOLPHJFFCD68CC,33,9.98,共有部分,鋼筋混凝土造,70年12月23日,五層,
RPROMLOLPHJFFCD38CC,39,72.48,住家用,補強磚造,64年7月16日,二層,
RPUNMLLJPHJFFCD08CC,7,69.87,住家用,鋼筋混凝土造,96年9月6日,十四層,
RPSQMLMJPHJFFCD28CC,18,78.09,住家用,鋼筋混凝土造,85年2月3日,十六層,
RPOPMLPLPHJFFAD08CC,9,23.98,見其他登記事項,見其他登記事項,94年8月29日,一層,
RPQOMLOLPHJFFAD08CC,33,29.46,住家用,鋼筋混凝土造,70年7月3日,五層,
RPQOMLOLPHJFFAD08CC,33,5.34,共有部分,鋼筋混凝土造,70年7月3日,五層,
RPWOMLPLPHJFFAD78CC,33,43.00,商業用,鋼筋混凝土造,70年2月17日,五層,
RPWOMLPLPHJFFAD78CC,33,15.85,商業用,鋼筋混凝土造,70年2月17日,五層,
RPXOMLPLPHJFFAD88CC,18,20.72,住家用,鋼筋混凝土造,85年1月6日,七層,
RPXOMLPLPHJFFAD88CC,18,6.53,共有部分,鋼筋混凝土造,85年1月6日,七層,
RPRNMLMLPHJFFAD87CC,1,52.96,見其他登記事項,見其他登記事項,102年11月15日,五層,
RPQOMLRKPHJFFAD28CC,15,61.34,住商用,鋼筋混凝土造,88年7月21日,四層,
RPRNMLLLPHJFFAD77CC,32,89.18,住家用,加強磚造,71年2月24日,二層,
RPPNMLPLPHJFFDR07CC,20,139.02,住家用,鋼筋混凝土造,83年7月19日,十二層,
RPVNMLSLPHJFFCD56DC,24,34.89,住家用,鋼筋混凝土造,79年10月24日,七層,
RPOOMLSLPHJFFAD28CC,25,198.08,住家用,鋼筋混凝土造,78年12月7日,三層,
RPSOMLPLPHJFFHR87CC,19,101.84,商業用,鋼筋混凝土造,84年3月31日,十五層,
RPSOMLPLPHJFFHR87CC,19,14.17,共有部分,鋼筋混凝土造,84年3月31日,十五層,
RPPOMLSLPHJFFHR87CC,20,50.27,住家用,鋼筋混凝土造,83年3月28日,七層,
RPPOMLSLPHJFFAD38CC,32,38.06,住家用,鋼筋混凝土造,71年2月23日,七層,
RPROMLSLPHJFFAD58CC,18,87.30,住家用,鋼筋混凝土造,85年2月13日,二十七層,
RPUOMLSLPHJFFAD88CC,29,118.92,住家用,鋼筋混凝土造,74年5月29日,五層,
RPTOMLSLPHJFFAD78CC,35,104.72,住家用,加強磚造,68年3月12日,二層,
RPXOMLSLPHJFFAD56CC,10,61.57,見其他登記事項,鋼筋混凝土造,93年12月3日,八層,
RPWOMLSLPHJFFAD09CC,15,102.24,集合住宅,鋼筋混凝土造,88年2月11日,二十四層,
RPRPMLSLPHJFFAD68CC,20,132.72,住家用,鋼筋混凝土造,83年10月19日,十三層,
RPOPMLSLPHJFFAD38CC,18,117.93,住商用,鋼筋混凝土造,85年1月17日,七層,
RPPPMLSLPHJFFAD48CC,18,117.93,住商用,鋼筋混凝土造,85年1月17日,七層,
RPQPMLSLPHJFFAD58CC,18,21.97,住家用,鋼筋混凝土造,85年3月1日,十二層,
RPPOMLSLPHJFFCD58CC,16,97.17,住家用,鋼筋混凝土造,87年1月12日,七層,
RPTOMLSLPHJFFCD98CC,17,290.45,住商用,鋼筋混凝土造,86年2月13日,五層,
RPWOMLSLPHJFFCD66CC,30,100.13,商業用,鋼筋混凝土造,73年1月18日,十二層,
RPWOMLSLPHJFFCD66CC,30,16.34,共有部分,鋼筋混凝土造,73年1月18日,十二層,
RPUOMLSLPHJFFCD09CC,1,42.20,店舖、住宅,鋼筋混凝土造,102年12月17日,四層,
RPROMLSLPHJFFCD78CC,23,305.07,商業用,鋼筋混凝土造,80年7月18日,十二層,
RPXOMLSLPHJFFCD76CC,33,75.63,住家用,鋼筋混凝土造,70年12月24日,七層,
RPXOMLSLPHJFFCD76CC,33,14.48,共有部分,鋼筋混凝土造,70年12月24日,七層,
RPTPMLSLPHJFFCD09CC,24,31.34,住家用,鋼筋混凝土造,79年12月29日,六層,
RPTPMLSLPHJFFCD09CC,24,13.11,共有部分,鋼筋混凝土造,79年12月29日,六層,
RPSPMLSLPHJFFCD98CC,33,90.28,住家用,鋼筋混凝土造,70年9月11日,五層,
RPRPMLSLPHJFFCD88CC,34,274.16,住商用,鋼筋混凝土造,69年10月20日,四層,
RPOPMLSLPHJFFCD58CC,33,110.03,住家用,鋼筋混凝土造,70年12月19日,五層,
RPQPMLSLPHJFFCD78CC,17,127.28,住家用,鋼筋混凝土造,86年5月8日,十六層,
RPQPMLSLPHJFFCD78CC,17,15.87,共有部分,鋼筋混凝土造,86年5月8日,十六層,
RPQPMLSLPHJFFCD78CC,17,34.06,共有部分,鋼筋混凝土造,86年5月8日,十六層,
RPQPMLSLPHJFFCD78CC,17,19.71,共有部分,鋼筋混凝土造,86年5月8日,十六層,
RPPPMLSLPHJFFCD68CC,31,82.32,住家用,鋼筋混凝土造,72年12月16日,五層,
RPPPMLSLPHJFFCD68CC,31,14.80,共有部分,鋼筋混凝土造,72年12月16日,五層,
RPUNMLTLPHJFFCD56DC,17,200.27,住家用,鋼筋混凝土造,86年1月31日,十五層,
RPVNMLTLPHJFFHR48CC,20,38.59,住家用,鋼筋混凝土造,83年12月29日,八層,
RPSNMLTLPHJFFAD68CC,27,245.22,住商用,鋼筋混凝土造,76年5月11日,四層,
RPWNMLTLPHJFFCD76DC,19,45.25,商業用,鋼筋混凝土造,84年11月6日,二十層,
RPWNMLSLPHJFFER18CC,38,156.18,住商用,加強磚造,65年7月19日,二層,
RPQNMLLKPHJFFER76CC,14,192.22,住商用,鋼筋混凝土造,89年2月11日,三層,
RPSOMLKMPHJFFBD08CC,38,182.61,住家用,加強磚造,65年11月11日,二層,
RPPOMLPLPHJFFER27CC,18,304.51,儲藏室、店舖住宅,鋼筋混凝土造,85年5月1日,四層,
RPVNMLKMPHJFFER37CC,16,207.41,住商用,鋼筋混凝土造,87年8月12日,四層,
RPRNMLLKPHJFFER86CC,1,248.31,店舖、停車空間、住宅,鋼筋混凝土造,102年1月15日,四層,
RPVOMLKMPHJFFBD38CC,26,209.05,住商用,鋼筋混凝土造,77年10月13日,三層,
RPVNMLKMPHJFFAD18CC,21,95.21,住家用,鋼筋混凝土造,82年12月13日,十三層,
RPVOMLKMPHJFFAD28CC,21,328.14,住商用,鋼筋混凝土造,82年12月3日,五層,
RPXNMLKMPHJFFCD58CC,30,146.16,住商用,鋼筋混凝土造,73年3月26日,二層,
RPOOMLKMPHJFFAD57CC,7,32.53,集合住宅,鋼筋混凝土構造,96年8月24日,十四層,
RPUOMLLMPHJFFAD28CC,21,20.90,住家用,鋼筋混凝土造,82年5月15日,五層,
RPWNMLLMPHJFFBD48CC,4,301.57,住家用,鋼筋混凝土造,99年9月24日,四層,
RPQOMLLMPHJFFAD87CC,31,97.84,住家用,鋼筋混凝土造,72年12月10日,七層,
RPSOMLLMPHJFFAD08CC,9,57.83,集合住宅,ＲＣ造,94年12月13日,十層,
RPQOMLLMPHJFFBD97CC,34,97.78,住家用,加強磚造,69年11月6日,二層,
RPTOMLLMPHJFFAD18CC,8,79.71,集合住宅,ＲＣ造,95年4月6日,十四層,
RPTOMLKMPHJFFHR57CC,23,76.62,住家用,鋼筋混凝土造,80年10月23日,六層,
RPVPMLLMPHJFFHR97CC,2,71.36,店舖，住宅，停車空間,鋼筋混凝土構造,101年6月19日,五層,
RPVPMLLMPHJFFHR97CC,2,28.76,店舖，住宅,鋼筋混凝土構造,101年6月19日,四層,
RPXNMLKMPHJFFHR87CC,15,68.06,住家用,鋼筋混凝土造,88年4月26日,十二層,
