﻿編號,土地位置,土地移轉面積(平方公尺),使用分區或編定,權利人持分分母,權利人持分分子,移轉情形,地號
The serial number, land position,land shifting area square meter,the use zoning or compiles and checks,,,,land parcel
RPUPMLLJNHJFFAF08CC,成功段,6.71,都市：住,,,,05450000
RPWOMLLJNHJFFEF58CC,公司田段,21.39,都市：住,,,,00580000
RPOPMLLJNHJFFEF87CC,公司田段,28.77,都市：住,,,,00580000
RPPRMLLJNHJFFEF18CC,公司田段,19.56,都市：住,,,,00350000
RPVNMLLJNHJFFIF78CC,大學段一小段,10.59,都市：住,,,,01860000
RPSRMLLJNHJFFEF48CC,正德段,1.39,都市：住,,,,07470000
RPSRMLLJNHJFFEF48CC,正德段,8.65,都市：住,,,,07480000
RPOOMLLJNHJFFAF57EC,重慶段,14.73,都市：住,,,,12710000
RPOOMLLJNHJFFCF77EC,明德段,.00,都市：住,,,,01300000
RPOOMLLJNHJFFCF77EC,明德段,.00,都市：住,,,,01310000
RPOOMLLJNHJFFCF77EC,明德段,.00,都市：住,,,,01320000
RPROMLMJNHJFFAF87DC,光仁段,36.00,都市：住,,,,23850000
RPUNMLMJNHJFFHF68CC,頂溪段,.00,都市：住,,,,08010000
RPWNMLLJNHJFFIF88CC,大學段二小段,8.94,都市：商,,,,00980000
RPWNMLMJNHJFFHF88CC,南山段,.00,都市：住,,,,06550000
RPOOMLMJNHJFFHF18CC,保福段,.00,都市：住,,,,13220000
RPWNMLLJNHJFFBF18CC,建林段,16.34,都市：住,,,,04130000
RPQPMLMJNHJFFHF48CC,中和段,.00,都市：住,,,,03650000
RPTPMLMJNHJFFHF78CC,安邦段,.00,都市：住,,,,01350000
RPOQMLMJNHJFFHF38CC,復興段,.00,都市：住,,,,00650000
RPOPMLMJNHJFFHF28CC,復興段,.00,都市：住,,,,02410000
RPSPMLMJNHJFFHF68CC,得林段,.00,都市：住,,,,00010000
RPQPMLMJNHJFFEF18CC,竹圍段,19.48,都市：商,,,,03770000
RPSRMLLJNHJFFBF18CC,泰山段三小段,.00,都市：住,,,,04110000
RPRRMLLJNHJFFBF08CC,恒安段,17.44,都市：住,,,,08500000
RPOSMLLJNHJFFBF87CC,同興段,10.92,都市：住,,,,01900000
RPWQMLPJNHJFFGF76CC,重新段壹小段,66.00,都市：住,,,,00640032
RPWQMLPJNHJFFGF76CC,重新段壹小段,25.00,都市：住,,,,00640024
RPPNMLNJNHJFFGF18CC,中興段,4.61,都市：其他:捷運系統用地,,,,04580000
RPRPMLLJNHJFFDF08CC,金龍段,.00,都市：住,,,,00060000
RPSPMLLJNHJFFDF18CC,金龍段,.00,都市：住,,,,00060000
RPRNMLNJNHJFFDF08CC,智興段,.00,都市：住,,,,12790000
RPPNMLNJNHJFFDF87CC,智興段,.00,都市：商,,,,04410000
RPWNMLPJNHJFFDF78CC,智興段,.00,都市：住,,,,07010000
RPWNMLPJNHJFFAF48CC,沛陂段,1069.76,都市：工,,,,01840000
RPSOMLPJNHJFFCF38CC,安康段,14.96,都市：農,,,,06880000
RPTPMLPJNHJFFCF58CC,惠國段,.00,都市：工,,,,06530000
RPQPMLPJNHJFFHF78CC,板南段,20.82,都市：工,,,,03820000
RPQPMLPJNHJFFHF78CC,板南段,.05,都市：其他:道路,,,,03820001
RPOQMLPJNHJFFHF68CC,大同段,.00,都市：住,,,,00040000
RPUPMLPJNHJFFCF68CC,復興段,.00,都市：工,,,,00820000
RPOPMLPJNHJFFBF97CC,幸福段,135.98,都市：工,,,,08610000
RPOPMLPJNHJFFBF97CC,幸福段,95.89,都市：工,,,,08620000
RPVQMLPJNHJFFBF78CC,和平段,12.55,都市：住,,,,00920000
RPROMLPJNHJFFCF38DC,莊敬段,.00,非都市： ; 非都市編定：,,,,07780000
RPURMLPJNHJFFDF09DC,福德段,12.63,都市：住,,,,02990000
RPTQMLPJNHJFFGF66EC,民權段,.00,都市：住,,,,04450000
RPURMLQJNHJFFDF56DC,金龍段,1.32,都市：住,,,,02610000
RPURMLQJNHJFFDF56DC,金龍段,15.01,都市：住,,,,01560000
RPPQMLQJNHJFFHF09EC,民富段,.00,都市：工,,,,02260000
RPPQMLQJNHJFFHF09EC,民富段,.00,都市：工,,,,02270000
RPPRMLQJNHJFFAF28CC,延和段,.00,都市：住,,,,04730000
RPQRMLQJNHJFFAF38CC,板院段,.00,都市：住,,,,07670000
RPUNMLQJNHJFFBF48CC,建林段,102.14,都市：住,,,,10910000
RPRRMLQJNHJFFAF48CC,板院段,.00,都市：住,,,,07670000
RPVQMLPJNHJFFHF76CC,中信段,3.16,都市：其他:捷運系統用地,,,,04670000
RPVQMLPJNHJFFHF76CC,中信段,.71,都市：商,,,,04900000
RPOQMLQJNHJFFHF78CC,南山段,.00,都市：住,,,,06550000
RPPRMLPJNHJFFHF88CC,頂溪段,.00,都市：住,,,,03610000
RPRQMLQJNHJFFEF78CC,中正段,15.60,都市：商,,,,02360000
RPPRMLQJNHJFFEF68CC,新興段,.00,都市：住,,,,06470000
RPPRMLQJNHJFFEF68CC,新興段,.00,都市：其他:道路用地,,,,06470001
RPXNMLPJNHJFFBF68CC,化成段,151.53,都市：工,,,,02700000
RPXPMLMJNHJFFBF58CC,和平段,14.45,都市：商,,,,07390000
RPQNMLNJNHJFFBF77CC,榮富段,7.40,都市：住,,,,09290000
RPSSMLLJNHJFFBF28CC,榮富段,13.14,都市：住,,,,08500000
RPSRMLMJNHJFFBF28CC,榮富段,6.11,都市：住,,,,03870000
RPVRMLRJNHJFFCF56CC,寶橋段,.00,都市：工,,,,03740000
RPRPMLRJNHJFFDF68CC,水源段,.00,都市：住,,,,09920000
RPRPMLRJNHJFFDF68CC,水源段,.00,都市：其他:保護區,,,,09920001
RPUPMLRJNHJFFDF98CC,智興段,.00,都市：住,,,,14180001
RPUPMLRJNHJFFDF98CC,智興段,.00,都市：住,,,,14180012
RPTPMLRJNHJFFDF88CC,智興段,.00,都市：商,,,,04710000
RPTPMLRJNHJFFDF88CC,智興段,.00,都市：住,,,,04760000
RPVUMLRJNHJFFDF17EC,保長段,3.90,都市：住,,,,09950000
RPWUMLRJNHJFFDF27EC,保長段,5.54,都市：住,,,,10540000
RPUUMLRJNHJFFDF07EC,保長段,6.70,都市：住,,,,09950000
RPQOMLRJNHJFFHF88CC,健康段,.00,都市：工,,,,02580000
RPPRMLRJNHJFFHF09CC,大仁段,.00,都市：住,,,,05730000
RPQRMLQJNHJFFHF09CC,安樂段,.00,都市：商,,,,12890000
RPTRMLQJNHJFFHF76CC,南勢段,15.55,都市：住,,,,06010000
RPSRMLQJNHJFFHF66CC,圓通段,.00,都市：住,,,,03730000
RPROMLSJNHJFFDF68CC,智興段,.00,都市：商,,,,04710000
RPROMLSJNHJFFDF68CC,智興段,.00,都市：住,,,,04760000
RPPPMLSJNHJFFBF38CC,丹鳳段,10.25,都市：住,,,,06980000
RPQOMLSJNHJFFHF98CC,中和段,.00,都市：住,,,,02060000
RPUQMLSJNHJFFBF98CC,力行段,39.94,都市：住,,,,03370000
RPXNMLTJNHJFFIF17CC,大湖段大湖小段,.00,非都市：山坡地保育區 ; 非都市編定：丙種建築用地,,,,01430021
RPXNMLTJNHJFFIF17CC,大湖段大湖小段,.00,非都市：山坡地保育區 ; 非都市編定：丙種建築用地,,,,01490002
RPXNMLTJNHJFFIF17CC,大湖段大湖小段,.00,非都市：山坡地保育區 ; 非都市編定：丙種建築用地,,,,01490001
RPXNMLTJNHJFFIF17CC,大湖段大湖小段,.00,非都市：山坡地保育區 ; 非都市編定：交通用地,,,,01480142
RPUOMLSJNHJFFGF66CC,中興段,1140.49,都市：工,,,,03090000
RPUOMLSJNHJFFGF66CC,中興段,808.80,都市：工,,,,03100000
RPVOMLSJNHJFFIF96CC,育英段,2.67,都市：商,,,,00610000
RPTNMLTJNHJFFHF86EC,興南段,.00,都市：工,,,,00950000
RPTNMLTJNHJFFHF86EC,興南段,.00,都市：工,,,,00960000
RPPOMLKKNHJFFIF28CC,大學段二小段,21.56,都市：住,,,,01350000
RPQOMLKKNHJFFIF38CC,大學段二小段,16.25,都市：商,,,,00960000
RPPNMLKKNHJFFEF77CC,鄧公段,32.74,都市：住,,,,04550000
RPOQMLTJNHJFFHF09CC,健康段,40.60,都市：工,,,,11600000
RPPQMLTJNHJFFHF56CC,健康段,25.39,都市：工,,,,11590000
RPSOMLTJNHJFFDF09EC,中正段,655.00,都市：住,,,,08170000
RPTPMLTJNHJFFAF98EC,民族段,3.00,都市：商,,,,08250000
RPTPMLTJNHJFFAF98EC,民族段,2.93,都市：商,,,,08260000
RPOQMLTJNHJFFAF58EC,和平段,26.01,都市：住,,,,08590000
RPUOMLRJNHJFFAF78EC,府中段,22.67,都市：商,,,,18890001
RPPNMLLKNHJFFEF87CC,海鷗段,12.67,都市：住,,,,07600000
RPXPMLTJNHJFFAF76EC,中山段,111.00,都市：住,,,,09610000
RPRQMLMKNHJFFEF48CC,海天段,15.31,都市：其他:,,,,04400000
RPUPMLMKNHJFFEF68CC,馬偕段,10.67,都市：工,,,,01960000
RPVNMLMKNHJFFDF48CC,福德段,25.93,都市：住,,,,10730000
RPUOMLMKNHJFFDF48CC,福德段,27.03,都市：住,,,,10730000
RPQOMLNKNHJFFDF18CC,環河段,962.28,都市：工,,,,08710000
RPXRMLRJNHJFFCF76CC,寶橋段,.00,都市：工,,,,03740000
RPQOMLNKNHJFFCF08CC,北新段,.00,都市：住,,,,05480000
RPSOMLNKNHJFFCF28CC,北新段,.00,都市：住,,,,05480000
RPWOMLMKNHJFFCF58CC,復興段,.00,都市：工,,,,05350000
RPPOMLNKNHJFFCF97CC,北新段,.00,都市：住,,,,05480000
RPTOMLNKNHJFFBF28CC,福基段,157.58,都市：工,,,,06740000
RPUTMLNKNHJFFBF88CC,民安段,230.66,都市：商,,,,03990000
RPXRMLNKNHJFFBF98CC,副都心段七小段,21.23,都市：住,,,,01200000
RPSNMLKKNHJFFBF77CC,中原段,22.38,都市：商,,,,01930000
RPQNMLKKNHJFFBF57CC,榮富段,22.23,都市：住,,,,08680000
RPRNMLKKNHJFFBF67CC,榮富段,6.48,都市：住,,,,01830000
RPORMLNKNHJFFEF38CC,正德段,17.82,都市：住,,,,08880000
RPSNMLNKNHJFFHF68CC,四維段,.00,都市：住,,,,02560000
RPTNMLNKNHJFFHF78CC,四維段,.00,都市：住,,,,02560000
RPSOMLOKNHJFFIF98CC,大學段二小段,14.28,都市：住,,,,00100000
RPXOMLOKNHJFFIF86CC,大學段二小段,15.57,都市：商,,,,00900000
RPWNMLOKNHJFFBF58CC,復興段,10.96,都市：住,,,,04450000
RPQWMLNKNHJFFBF78CC,中誠段,18.96,都市：住,,,,06030000
RPTWMLNKNHJFFBF09CC,中原段,36.00,都市：住,,,,03210000
RPPSMLOKNHJFFBF38CC,化成段,16.07,都市：工,,,,07320000
RPRPMLOKNHJFFAF18CC,中山段,6.66,都市：其他:第一種特定專用區,,,,06680000
RPVSMLOKNHJFFBF98CC,副都心段一小段,26.80,都市：商,,,,04020000
RPUOMLOKNHJFFAF58EC,大庭段,.25,都市：住,,,,09510001
RPUOMLOKNHJFFAF58EC,大庭段,18.00,都市：住,,,,09520001
RPSPMLOKNHJFFAF28CC,新板段三小段,5.59,都市：其他:第二種特定專用區,,,,00250000
RPSOMLOKNHJFFHF09EC,德光段,22.57,都市：住,,,,02830000
RPQOMLPKNHJFFCF48EC,安豐段,5401.01,都市：住,,,,06370000
RPSNMLPKNHJFFCF38CC,順安段,.00,都市：住,,,,05590000
RPRNMLPKNHJFFCF28CC,寶強段,.00,都市：商,,,,06010000
RPRNMLPKNHJFFCF28CC,寶強段,.00,都市：商,,,,06010001
RPRNMLPKNHJFFCF28CC,寶強段,.00,都市：商,,,,06010002
RPRNMLPKNHJFFCF28CC,寶強段,.00,都市：商,,,,06010003
RPVRMLPKNHJFFBF98CC,安泰段,149.59,都市：工,,,,08290000
RPSOMLPKNHJFFEF68CC,中正段,23.00,都市：商,,,,08710000
RPSOMLPKNHJFFEF68CC,中正段,.70,都市：商,,,,08760000
RPXPMLQKNHJFFEF76CC,水仙段,.00,都市：住,,,,03190000
RPPQMLNKNHJFFHF68CC,板南段,1049.10,都市：工,,,,03110000
RPWTMLQKNHJFFDF96CC,智興段,.00,都市：住,,,,02460000
RPXTMLQKNHJFFDF07CC,建成段,3557.93,都市：住,,,,04300000
RPVQMLQKNHJFFBF56EC,力行段,27.44,都市：商,,,,02590000
RPPNMLRKNHJFFDF38CC,水源段,.00,都市：住,,,,00190000
RPPNMLRKNHJFFAF08CC,新興段,35.25,都市：住,,,,10610000
RPPNMLRKNHJFFBF18CC,和平段,13.52,都市：住,,,,07100000
RPQNMLRKNHJFFBF28CC,榮富段,12.36,都市：住,,,,08530000
RPRNMLRKNHJFFBF38CC,丹鳳段,27.77,都市：住,,,,00560000
RPOOMLQKNHJFFHF68CC,福祥段,.00,都市：住,,,,04010000
RPOOMLQKNHJFFHF68CC,福祥段,.00,都市：住,,,,04090000
RPOOMLQKNHJFFHF68CC,福祥段,.00,都市：住,,,,04090001
RPUNMLRKNHJFFBF68CC,中原段,673.03,都市：住,,,,03340000
RPVNMLRKNHJFFBF78CC,思賢段,15.76,都市：住,,,,06480000
RPPOMLRKNHJFFBF28CC,榮富段,11.18,都市：住,,,,00500000
RPQOMLRKNHJFFBF38CC,自強段,24.36,都市：住,,,,01360000
RPSOMLRKNHJFFBF58CC,榮富段,15.53,都市：住,,,,08350000
RPROMLRKNHJFFBF48CC,光明段,15.66,都市：住,,,,02100000
RPTOMLRKNHJFFBF68CC,自強段,40.96,都市：住,,,,00150000
RPUOMLRKNHJFFBF78CC,思賢段,23.68,都市：住,,,,08760000
RPVOMLRKNHJFFBF88CC,中原段,35.82,都市：住,,,,03210000
RPPVMLNKNHJFFBF58CC,立德段,18.07,都市：住,,,,01180000
RPVVMLNKNHJFFBF56CC,同興段,7.91,都市：住,,,,01390000
RPPWMLNKNHJFFBF68CC,四維段,15.45,都市：住,,,,06630000
RPXVMLNKNHJFFBF76CC,和平段,11.39,都市：住,,,,02430000
RPTVMLNKNHJFFBF98CC,福營段,77.09,都市：工,,,,01560000
RPWVMLNKNHJFFBF66CC,榮富段,10.97,都市：住,,,,09290000
RPQNMLRKNHJFFHF88CC,得林段,36.38,都市：住,,,,08360000
RPRNMLRKNHJFFEF68CC,公司田段,9.12,都市：住,,,,00060000
RPQNMLSKNHJFFDF58CC,智興段,.00,都市：商,,,,04410000
RPQNMLTKNHJFFDF68CC,大同段,.00,都市：工,,,,02990000
RPQNMLTKNHJFFDF68CC,大同段,.00,都市：工,,,,03000000
RPQNMLTKNHJFFAF58EC,新板段二小段,7.01,都市：其他:第二種特定專用區,,,,00110000
RPPNMLTKNHJFFAF48EC,金城段,8.09,都市：住,,,,01780000
RPRNMLTKNHJFFAF68EC,府中段,19.76,都市：住,,,,06310002
RPSNMLTKNHJFFAF78EC,文化段,2.77,都市：住,,,,11980000
RPTNMLTKNHJFFAF88EC,員福段,22.00,都市：住,,,,03680000
RPUNMLTKNHJFFDF66EC,保長段,3.90,都市：住,,,,09950000
RPXNMLTKNHJFFDF96EC,保長段,19.08,都市：住,,,,09950000
RPTPMLTKNHJFFDF76EC,保長段,6.77,都市：住,,,,09950000
RPSPMLQKNHJFFEF98DC,新市段,26.70,都市：住,,,,00680000
RPOPMLQKNHJFFEF58DC,新市段,19.21,都市：住,,,,01970000
RPTPMLKLNHJFFAF08CC,幸福段,2.79,都市：住,,,,00520000
RPUPMLKLNHJFFAF18CC,幸福段,2.79,都市：住,,,,00520000
RPOOMLKLNHJFFEF87CC,新市段,11.64,都市：住,,,,00810000
RPSOMLTKNHJFFAF68CC,文化段,2.60,都市：住,,,,11980000
RPXPMLKLNHJFFDF78CC,福德段,42.60,都市：工,,,,01590000
RPXPMLKLNHJFFDF78CC,福德段,1.04,都市：工,,,,01640000
RPXPMLKLNHJFFDF78CC,福德段,169.32,都市：工,,,,01670000
RPUQMLKLNHJFFHF98CC,民有段,.00,都市：住,,,,00640000
RPVNMLLLNHJFFHF88CC,健康段,.00,都市：工,,,,00640000
RPQNMLLLNHJFFHF38CC,板南段,.00,都市：工,,,,03110000
RPPQMLKLNHJFFEF18CC,海鷗段,6.43,都市：商,,,,11920000
RPTQMLLLNHJFFGF88CC,正義北段,.00,都市：商,,,,05590000
RPOQMLLLNHJFFGF38CC,中興段,33.09,都市：工,,,,07940000
RPXOMLRKNHJFFBF09CC,榮富段,10.95,都市：住,,,,08500000
RPUTMLTKNHJFFBF86CC,中原段,1730.64,都市：住,,,,03210000
RPWOMLRKNHJFFBF98CC,中原段,18.05,都市：住,,,,00020000
RPSOMLLLNHJFFAF97CC,文化段,2.18,都市：住,,,,11980000
RPPRMLLLNHJFFBF08CC,中誠段,1390.76,都市：住,,,,07890000
RPPOMLLLNHJFFHF58EC,國光段,4.14,都市：其他:道路用地,,,,08700000
RPPOMLLLNHJFFHF58EC,國光段,34.19,都市：住,,,,09710000
RPRQMLLLNHJFFBF18CC,國宅段,17.26,都市：住,,,,00110006
RPPSMLMLNHJFFGF98EC,重陽段,15.67,都市：住,,,,01790000
RPVRMLMLNHJFFCF88CC,復興段,.00,都市：工,,,,04160000
RPVRMLMLNHJFFCF88CC,復興段,.00,都市：工,,,,04160001
RPOSMLMLNHJFFCF28CC,復興段,.00,都市：商,,,,00820000
RPUNMLLLNHJFFDF38CC,北山段,.00,都市：住,,,,04700000
RPWQMLMLNHJFFDF98CC,福興段,.00,非都市：鄉村區 ; 非都市編定：乙種建築用地,,,,10500000
RPSOMLLLNHJFFDF28CC,同新段,3.65,都市：工,,,,00130000
RPQUMLMLNHJFFGF09CC,集美段,.00,都市：住,,,,05390000
RPROMLMLNHJFFHF68CC,信義段,.00,都市：商,,,,03760000
RPWRMLMLNHJFFEF56CC,公司田段,20.76,都市：住,,,,00390000
RPWOMLLLNHJFFIF56CC,礁溪段,43.69,都市：住,,,,03340000
RPXPMLLLNHJFFIF76CC,大學段二小段,10.70,都市：商,,,,00900000
RPPOMLRKNHJFFIF98CC,大學段一小段,6.00,都市：住,,,,01580000
RPWPMLLLNHJFFIF66CC,大學段二小段,15.69,都市：商,,,,00900000
RPTNMLRKNHJFFIF66CC,大學段二小段,12.09,都市：商,,,,00960000
RPSQMLMLNHJFFIF09CC,大仁段,10.14,都市：住,,,,02840000
RPSQMLMLNHJFFIF09CC,大仁段,.87,都市：住,,,,03070000
RPTPMLMLNHJFFIF09CC,大學段二小段,32.15,都市：住,,,,00780000
RPXOMLNLNHJFFEF09CC,正德段,13.88,都市：住,,,,08750000
RPOQMLNLNHJFFEF38CC,正德段,14.73,都市：住,,,,09030000
RPOPMLNLNHJFFEF28CC,正德段,13.55,都市：住,,,,08750000
RPWPMLNLNHJFFEF09CC,公司田段,23.20,都市：住,,,,00580000
RPUNMLNLNHJFFCF48CC,寶橋段,.00,都市：工,,,,00800000
RPOQMLNLNHJFFIF78CC,大學段一小段,11.64,都市：住,,,,01860000
RPVNMLNLNHJFFCF58CC,新坡段,.00,都市：住,,,,00500000
RPPNMLPLNHJFFDF38DC,金龍段,17.79,都市：住,,,,04240000
RPSRMLNLNHJFFAF48CC,力行段,181.13,都市：住,,,,09080000
RPSRMLNLNHJFFAF48CC,力行段,119.15,都市：住,,,,09090000
RPVPMLNLNHJFFBF68CC,成功段,.00,都市：住,,,,02620000
RPUQMLNLNHJFFGF76EC,興德段,148.76,都市：工,,,,09510000
RPPNMLPLNHJFFGF58CC,光興段,.00,非都市： ; 非都市編定：,,,,00110000
RPQNMLPLNHJFFGF68CC,光興段,.00,非都市： ; 非都市編定：,,,,00110000
RPXNMLQLNHJFFEF66CC,海天段,8.30,非都市： ; 非都市編定：,,,,02140002
RPPRMLQLNHJFFCF68CC,福園段,.00,都市：住,,,,05570000
RPPNMLPLNHJFFEF38CC,公司田段,14.97,都市：其他:,,,,00270001
RPXOMLQLNHJFFDF66CC,智興段,.00,都市：住,,,,02650000
RPXOMLQLNHJFFDF66CC,智興段,.00,都市：其他:道路,,,,02650001
RPSNMLQLNHJFFAF58EC,府中段,43.06,都市：商,,,,01280000
RPQNMLQLNHJFFAF38EC,海山段,18.81,都市：住,,,,17490000
RPUNMLQLNHJFFAF78EC,幸福段,.00,都市：住,,,,01220000
RPVNMLQLNHJFFAF88EC,海山段,.00,都市：住,,,,10860000
RPROMLQLNHJFFAF58EC,安和段,8.95,都市：住,,,,02100000
RPSOMLQLNHJFFAF68EC,新板段二小段,7.01,都市：其他:第二種特定專用區,,,,00110000
RPSNMLRLNHJFFGF66EC,光華段,.00,都市：住,,,,14060000
RPSOMLRLNHJFFDF88CC,保安段,30.20,都市：工,,,,11910000
RPPPMLRLNHJFFDF68CC,同新段,5.13,都市：工,,,,00130000
RPWNMLRLNHJFFDF56CC,保安段,28.52,都市：工,,,,11910000
RPRPMLRLNHJFFAF78EC,員福段,15.24,都市：住,,,,05370000
RPQQMLRLNHJFFAF58CC,清水段,32.52,都市：住,,,,11870000
RPUQMLRLNHJFFAF98CC,板院段,37.27,都市：住,,,,01420000
RPWQMLRLNHJFFAF56CC,板院段,17.50,都市：住,,,,06450000
RPSRMLRLNHJFFBF98CC,五工段,167.77,非都市：工業區 ; 非都市編定：丁種建築用地,,,,03000000
RPUNMLRLNHJFFBF78CC,忠孝段,55.28,都市：住,,,,05430000
RPSTMLRLNHJFFBF56CC,建林段,31.56,都市：住,,,,08630000
RPUSMLRLNHJFFBF66CC,丹鳳段,13.58,都市：住,,,,02380000
RPTTMLRLNHJFFBF66CC,國宅段,17.78,都市：住,,,,00180001
RPPPMLRLNHJFFEF78CC,公司田段,15.31,都市：住,,,,01920000
RPUNMLRLNHJFFGF66CC,頂崁段,.00,都市：工,,,,11910000
RPPOMLRLNHJFFIF09CC,大學段二小段,21.10,都市：住,,,,01040000
RPXNMLRLNHJFFHF07CC,竹林段,.00,都市：住,,,,05890000
RPSOMLRLNHJFFGF56CC,正義段,.00,都市：其他:市場用地.道路用地,,,,00220000
RPSOMLRLNHJFFGF56CC,正義段,.00,都市：其他:市場用地.道路用地,,,,00230000
RPUPMLSLNHJFFIF17CC,大學段二小段,24.69,都市：商,,,,00930000
RPVQMLSLNHJFFGF17CC,龍門段,.00,都市：住,,,,04610000
RPTRMLSLNHJFFHF17CC,永利段,.00,都市：住,,,,08860000
RPOQMLRLNHJFFHF09CC,永利段,.00,都市：住,,,,10180000
RPRRMLSLNHJFFHF96CC,南山段,.00,都市：住,,,,02130000
RPSRMLSLNHJFFEF76CC,新市段,19.44,都市：住,,,,00450000
RPXNMLSLNHJFFGF27EC,永安段,.00,都市：住,,,,07810000
RPSOMLSLNHJFFCF09EC,中華段,31.05,都市：住,,,,00270000
RPQPMLSLNHJFFCF98EC,民權段,2.35,都市：住,,,,09030000
RPQPMLSLNHJFFCF98EC,民權段,42.86,都市：住,,,,08890000
RPTPMLSLNHJFFCF66EC,建國段,29.13,都市：住,,,,02440000
RPTRMLSLNHJFFEF07EC,新市段,24.33,都市：住,,,,00680000
RPSPMLSLNHJFFEF66DC,新市段,24.22,都市：住,,,,01970000
RPXPMLTLNHJFFCF07DC,惠國段,.00,都市：住,,,,06730000
RPXPMLTLNHJFFDF27EC,智興段,52.11,都市：住,,,,13650000
RPQUMLNLNHJFFHF66CC,永平段,17.89,都市：住,,,,08810000
RPPTMLNLNHJFFHF09CC,南勢段,.00,都市：住,,,,02540000
RPRNMLPLNHJFFHF88CC,大新段,3.03,都市：商,,,,02550000
RPRQMLQLNHJFFHF66CC,安平段,41.32,都市：住,,,,00820000
RPSPMLMLNHJFFHF88CC,中原段,.00,都市：工,,,,05290000
RPTQMLNLNHJFFHF56CC,中安段,.00,都市：住,,,,03610000
RPVTMLTLNHJFFAF96CC,忠孝段,.00,都市：住,,,,01330000
RPXTMLTLNHJFFAF17CC,忠孝段,.00,都市：住,,,,01330000
RPPOMLTLNHJFFEF88CC,公司田段,31.92,都市：住,,,,00280000
RPXNMLTLNHJFFIF37CC,大仁段,.00,都市：住,,,,06120000
RPSOMLTLNHJFFIF96CC,大學段一小段,11.94,都市：商,,,,00490000
RPTOMLTLNHJFFIF07CC,大學段一小段,10.51,都市：商,,,,00530000
RPWQMLTLNHJFFHF47CC,永福段,.00,都市：住,,,,00930000
RPWNMLTLNHJFFGF07CC,民義段,25.10,都市：住,,,,03170000
RPTOMLKMNHJFFHF78CC,健康段,.00,都市：工,,,,11290000
RPUPMLKMNHJFFAF28CC,江子翠段第二崁小段,.00,都市：住,,,,01560011
RPTPMLSLNHJFFDF56CC,水源段,22.47,都市：住,,,,00010000
RPTPMLSLNHJFFDF56CC,水源段,.47,都市：住,,,,00010001
RPRNMLTLNHJFFDF88CC,智興段,3.04,都市：商,,,,04410000
RPRNMLSLNHJFFDF78CC,同新段,17.45,都市：工,,,,00130000
RPPNMLSLNHJFFDF58CC,中正段,.00,都市：商,,,,04920000
RPQPMLKMNHJFFCF28EC,安德段,11.70,都市：住,,,,03470000
RPRRMLKMNHJFFAF38EC,埔墘段,15.59,都市：住,,,,00430000
RPURMLKMNHJFFEF88CC,小八里坌段舊城小段,13.85,都市：住,,,,01540000
RPUOMLTLNHJFFEF76CC,公司田段,.00,都市：住,,,,01210000
RPVPMLTLNHJFFEF96CC,新市段,30.31,都市：住,,,,00430000
RPQNMLLMNHJFFBF87CC,全安段,28.20,都市：住,,,,01700000
RPRNMLLMNHJFFBF97CC,中原段,30.01,都市：住,,,,01570000
RPSNMLLMNHJFFBF08CC,中原段,21.69,都市：住,,,,01960000
RPVSMLKMNHJFFEF09CC,小八里坌段舊城小段,8.65,都市：住,,,,01540000
RPXPMLTLNHJFFEF17CC,公司田段,18.12,都市：住,,,,00240000
RPOOMLKMNHJFFBF67CC,泰山段三小段,.00,都市：商,,,,04110000
RPRNMLKMNHJFFBF87CC,安泰段,11122.57,都市：工,,,,05470000
RPTNMLLMNHJFFBF18CC,榮富段,18.49,都市：住,,,,00430000
RPPNMLLMNHJFFDF97CC,智興段,.00,都市：商,,,,04410000
RPPNMLMJOHJFFDF87CC,智興段,.00,都市：商,,,,04410000
RPRNMLNJOHJFFDF18CC,智興段,.00,都市：商,,,,05110000
RPUNMLNJOHJFFDF48CC,建成段,.00,都市：住,,,,07530000
RPUNMLNJOHJFFDF48CC,建成段,.00,都市：住,,,,07690000
RPUNMLNJOHJFFDF48CC,建成段,.00,都市：住,,,,08420000
RPUNMLNJOHJFFDF48CC,建成段,.00,都市：住,,,,08740000
RPUNMLNJOHJFFDF48CC,建成段,.00,都市：住,,,,09360000
RPUNMLNJOHJFFDF48CC,建成段,.00,都市：住,,,,09490000
RPTOMLNJOHJFFDF48CC,智興段,.00,都市：商,,,,05000000
RPUOMLNJOHJFFDF58CC,北港段北港口小段,20.20,非都市：鄉村區 ; 非都市編定：乙種建築用地,,,,01400016
RPQPMLNJOHJFFIF78CC,大學段一小段,39.43,都市：住,,,,00600000
RPTOMLNJOHJFFGF78CC,光興段,.00,非都市： ; 非都市編定：,,,,00110000
RPPPMLNJOHJFFGF48CC,光興段,.00,非都市： ; 非都市編定：,,,,00110000
RPUPMLNJOHJFFGF98CC,光興段,.00,非都市： ; 非都市編定：,,,,00110000
RPRNMLNJOHJFFHF58CC,中信段,.00,都市：商,,,,02880000
RPTOMLNJOHJFFHF88CC,復興段,.00,都市：住,,,,10360000
RPPNMLLMNHJFFAF67CC,文化段,14.16,都市：住,,,,00650000
RPPPMLNJOHJFFHF58CC,南山段,.00,都市：住,,,,00770000
RPWOMLNJOHJFFHF56CC,連城段,.00,都市：住,,,,06240000
RPOPMLNJOHJFFHF48CC,頂溪段,.00,都市：住,,,,08010000
RPVOMLNJOHJFFHF09CC,中安段,.00,都市：住,,,,05670000
RPQPMLNJOHJFFHF68CC,民權段,.00,都市：住,,,,05440000
RPRPMLNJOHJFFHF78CC,員山段,.00,都市：工,,,,01420000
RPSOMLNJOHJFFCF38DC,寶橋段,.00,非都市： ; 非都市編定：,,,,02830000
RPSQMLOJOHJFFAF58EC,光華段,30.00,都市：住,,,,00320000
RPTQMLOJOHJFFAF68EC,新板段二小段,12.88,都市：其他:第二種特定專用區,,,,00040000
RPSNMLOJOHJFFGF88EC,中華段,23.00,都市：住,,,,11160000
RPPOMLOJOHJFFGF68EC,保佑段,22.43,都市：住,,,,02240000
RPVOMLOJOHJFFGF66EC,仁興段,.50,都市：住,,,,11040001
RPVOMLOJOHJFFGF66EC,仁興段,52.50,都市：住,,,,11040000
RPWNMLNJOHJFFCF58CC,大豐段,.00,都市：住,,,,00470000
RPWNMLNJOHJFFCF58CC,大豐段,.00,都市：住,,,,00480000
RPWNMLNJOHJFFCF58CC,大豐段,.00,都市：住,,,,00490000
RPWNMLNJOHJFFCF58CC,大豐段,.00,都市：住,,,,00510000
RPVNMLLMNHJFFBF38CC,榮富段,65.04,都市：住,,,,04850000
RPUNMLLMNHJFFBF28CC,昌隆段,23.41,都市：住,,,,00760000
RPXQMLNJOHJFFBF88CC,中原段,17.22,都市：住,,,,01180000
RPPQMLNJOHJFFBF08CC,力行段,46.73,都市：住,,,,11710000
RPWPMLNJOHJFFBF68CC,和平段,12.94,都市：住,,,,00860000
RPXNMLOJOHJFFIF76CC,育英段,26.50,都市：住,,,,03550000
RPQQMLOJOHJFFIF98CC,大學段一小段,5.34,都市：住,,,,00910000
RPTNMLOJOHJFFEF58CC,紅毛城段,5.59,都市：住,,,,05330000
RPROMLOJOHJFFBF18CC,中原段,12.77,都市：住,,,,00020000
RPUPMLOJOHJFFGF09CC,民義段,21.44,都市：住,,,,03170000
RPORMLOJOHJFFBF18CC,榮富段,10.97,都市：住,,,,09290000
RPPRMLOJOHJFFBF28CC,立德段,27.43,都市：住,,,,01140000
RPVQMLOJOHJFFAF68CC,仁愛段,.00,都市：住,,,,03090000
RPRRMLOJOHJFFBF48CC,榮富段,10.05,都市：住,,,,08940000
RPTOMLPJOHJFFBF48CC,力行段,14.67,都市：商,,,,02590002
RPSQMLPJOHJFFBF58CC,新樹段,49.71,都市：住,,,,04490000
RPWSMLPJOHJFFBF56CC,五工段,1172.12,非都市：工業區 ; 非都市編定：丁種建築用地,,,,01480000
RPRTMLPJOHJFFBF78CC,麗林段,18.62,都市：商,,,,04070004
RPUQMLOJOHJFFEF98CC,大八里坌段蛇子形小段,.00,都市：住,,,,03420000
RPWOMLPJOHJFFEF09CC,公司田段,49.04,都市：住,,,,01210000
RPPQMLPJOHJFFEF58CC,新興段,12.83,都市：住,,,,01460000
RPUPMLOJOHJFFDF78CC,昊天段,1285.59,都市：工,,,,06450000
RPUNMLPJOHJFFGF56EC,保佑段,23.88,都市：住,,,,02230000
RPUQMLPJOHJFFHF96EC,信和段,.00,都市：住,,,,00470000
RPUQMLPJOHJFFHF96EC,信和段,.00,都市：住,,,,00710000
RPUQMLPJOHJFFHF96EC,信和段,.00,都市：住,,,,00720000
RPRPMLPJOHJFFBF48DC,力行段,22.23,都市：住,,,,09610000
RPOSMLOJOHJFFHF88CC,仁愛段,.00,都市：商,,,,02940000
RPORMLOJOHJFFHF78CC,文化段,.00,都市：住,,,,00860000
RPWQMLOJOHJFFHF86CC,板南段,.00,都市：工,,,,04220000
RPVPMLNJOHJFFHF56CC,南勢段,.00,都市：住,,,,04630000
RPXPMLNJOHJFFHF76CC,連城段,.00,都市：住,,,,06270000
RPSPMLNJOHJFFHF88CC,大智段,.00,都市：住,,,,06450000
RPRQMLPJOHJFFHF09CC,大新段,54.74,都市：商,,,,04500000
RPVQMLQJOHJFFHF96CC,水源段,.00,都市：商,,,,00700000
RPWNMLQJOHJFFCF09EC,復興段,.00,都市：工,,,,05880000
RPWOMLQJOHJFFHF86CC,東南段,36.26,都市：住,,,,03200000
RPVPMLQJOHJFFEF56CC,長興段,7.82,都市：住,,,,04510000
RPSRMLQJOHJFFHF76CC,板南段,.00,都市：工,,,,03110000
RPXOMLQJOHJFFBF98CC,力行段,21.33,都市：住,,,,00520000
RPWRMLQJOHJFFBF56CC,全安段,27.09,都市：住,,,,09770000
RPWSMLQJOHJFFBF66CC,建林段,29.31,都市：住,,,,02810000
RPVPMLQJOHJFFBF88CC,全安段,.00,都市：商,,,,07200000
RPVPMLQJOHJFFBF88CC,全安段,.00,都市：商,,,,07210000
RPVPMLQJOHJFFBF88CC,全安段,.00,都市：商,,,,07220000
RPQSMLQJOHJFFBF68CC,恒安段,12.76,都市：住,,,,08630000
RPWOMLQJOHJFFCF98CC,大豐段,.00,都市：工,,,,00790000
RPWOMLQJOHJFFDF09CC,智興段,.00,都市：住,,,,02460000
RPTTMLQJOHJFFAF98CC,中山段,.00,都市：住,,,,07970003
RPPNMLRJOHJFFDF38CC,福德段,11.43,都市：住,,,,05230000
RPQNMLRJOHJFFDF48CC,福德段,1.30,都市：商,,,,06200000
RPPPMLRJOHJFFBF38CC,鴻福段,176.51,都市：工,,,,02540000
RPRQMLRJOHJFFBF68CC,榮富段,10.36,都市：住,,,,08460000
RPQQMLRJOHJFFBF58CC,榮富段,11.36,都市：住,,,,08500001
RPUPMLRJOHJFFBF88CC,中原段,12.77,都市：住,,,,00020000
RPOQMLRJOHJFFBF38CC,立德段,28.21,都市：住,,,,01180000
RPORMLRJOHJFFBF48CC,中原段,19.42,都市：住,,,,01530000
RPVNMLRJOHJFFGF66CC,興德段,25.37,都市：工,,,,02450000
RPTNMLRJOHJFFGF09CC,中興段,4.61,都市：住,,,,04580000
RPWQMLRJOHJFFBF56CC,榮富段,15.33,都市：住,,,,08920000
RPPNMLSJOHJFFHF88CC,樂華段,23.08,都市：商,,,,03900000
RPROMLRJOHJFFEF78CC,海天段,16.92,都市：住,,,,01820002
RPQPMLTJOHJFFDF88CC,工建段,196.78,都市：工,,,,04510000
RPPNMLSJOHJFFDF48CC,智興段,.00,都市：其他:市場用地,,,,10610000
RPSNMLSJOHJFFDF78CC,智興段,.00,都市：住,,,,02650000
RPSNMLSJOHJFFDF78CC,智興段,.00,都市：住,,,,02650001
RPQNMLSJOHJFFDF58CC,智興段,.00,都市：住,,,,02650000
RPQNMLSJOHJFFDF58CC,智興段,.00,都市：住,,,,02650001
RPRNMLTJOHJFFBF58CC,五工段,2023.97,非都市：工業區 ; 非都市編定：丁種建築用地,,,,04150000
RPVNMLTJOHJFFDF76EC,中正段,9.33,都市：住,,,,07590000
RPTPMLTJOHJFFHF96CC,板南段,.00,都市：工,,,,03110000
RPTNMLTJOHJFFBF78CC,五工段,2023.97,非都市：工業區 ; 非都市編定：丁種建築用地,,,,04150000
RPOOMLTJOHJFFCF58DC,寶橋段,.00,非都市： ; 非都市編定：,,,,04450000
RPVOMLQJOHJFFEF66EC,公司田段,56.93,都市：住,,,,01930000
RPSQMLKKOHJFFHF78CC,健康段,.00,都市：工,,,,02580000
RPQONLPJOHJFFIF98CC,?子寮段,44.95,非都市：山坡地保育區 ; 非都市編定：丙種建築用地,,,,05010000
RPRONLPJOHJFFIF09CC,圳民段,182.90,都市：工,,,,05170000
RPRONLPJOHJFFIF09CC,圳民段,13.96,都市：其他:,,,,05170001
RPRONLPJOHJFFIF09CC,圳民段,162.53,都市：工,,,,05180000
RPRONLPJOHJFFIF09CC,圳民段,10.87,都市：其他:,,,,05180001
RPRONLPJOHJFFIF09CC,圳民段,159.78,都市：工,,,,05190000
RPRONLPJOHJFFIF09CC,圳民段,10.91,都市：其他:,,,,05190001
RPQNMLRJOHJFFIF98CC,仁愛段,7.16,都市：住,,,,05050000
RPPPMLTJOHJFFIF66CC,復興段,22.00,都市：商,,,,09580000
RPOOMLQJOHJFFIF78CC,中華段,26.19,都市：住,,,,03860000
RPORMLKKOHJFFBF87CC,國宅段,19.18,都市：住,,,,00110003
RPWPMLLKOHJFFAF48CC,民族段,10.17,都市：住,,,,06280000
RPXPMLLKOHJFFAF58CC,民族段,5.50,都市：住,,,,06300000
RPSSMLKKOHJFFHF98CC,保生段,22.06,都市：住,,,,04040000
RPRSMLKKOHJFFHF88CC,民治段,.00,都市：商,,,,00470000
RPRSMLKKOHJFFHF88CC,民治段,.00,都市：商,,,,00490000
RPRSMLKKOHJFFHF88CC,民治段,.00,都市：住,,,,00490001
RPVQMLKKOHJFFHF09CC,橋和段,.00,都市：住,,,,00080001
RPSRMLKKOHJFFEF58CC,海天段,6.73,都市：住,,,,02150000
RPVRMLKKOHJFFEF88CC,飛歌段,17.04,都市：工,,,,07900003
RPQSMLKKOHJFFEF48CC,中正段,325.38,都市：商,,,,04570000
RPXNMLKKOHJFFCF48CC,惠國段,.00,都市：住,,,,00730000
RPPPMLKKOHJFFCF87CC,中華段,88.22,都市：其他:市場用地,,,,05370000
RPUNMLLKOHJFFEF48CC,公司田段,14.40,都市：住,,,,00400000
RPWNMLLKOHJFFEF68CC,新市段,28.44,都市：住,,,,00430000
RPXNMLLKOHJFFEF78CC,新市段,28.44,都市：住,,,,00430000
RPVNMLLKOHJFFIF98CC,大學段一小段,7.27,都市：住,,,,01270000
RPWPMLLKOHJFFIF66CC,大學段一小段,9.68,都市：商,,,,00500000
RPQOMLTJOHJFFGF09CC,信義段,34.29,都市：住,,,,01740000
RPPOMLLKOHJFFGF38DC,重新段壹小段,92.10,都市：商,,,,00010000
RPQOMLMKOHJFFCF18DC,復興段,.00,非都市： ; 非都市編定：,,,,05880000
RPRPMLMKOHJFFEF48CC,竹圍段,8.71,都市：住,,,,08950000
RPRQMLMKOHJFFEF58CC,關渡段,.00,都市：住,,,,06630000
RPWPMLLKOHJFFBF58CC,國宅段,30.89,都市：住,,,,00950006
RPXRMLLKOHJFFBF88CC,五工段,389.88,非都市：工業區 ; 非都市編定：丁種建築用地,,,,05560007
RPURMLLKOHJFFBF58CC,五工段,1002.60,非都市：工業區 ; 非都市編定：丁種建築用地,,,,00860000
RPRRMLLKOHJFFBF28CC,五股段,57.06,都市：商,,,,05210000
RPORMLLKOHJFFBF97CC,五工段,1274.30,非都市：工業區 ; 非都市編定：丁種建築用地,,,,01810000
RPPPMLMKOHJFFBF97CC,五工段,700.02,非都市：工業區 ; 非都市編定：丁種建築用地,,,,00820000
RPRRMLMKOHJFFHF98CC,民利段,.00,都市：住,,,,08410000
RPVRMLMKOHJFFBF78CC,中誠段,.00,都市：住,,,,00240000
RPWOMLLKOHJFFHF09CC,保生段,19.59,都市：住,,,,04040000
RPWNMLLKOHJFFHF98CC,福祥段,.00,都市：住,,,,04010000
RPXNMLLKOHJFFHF09CC,福祥段,.00,都市：住,,,,04010000
RPPOMLMKOHJFFAF77CC,民權段,.00,都市：住,,,,02670000
RPXPMLMKOHJFFBF78CC,榮富段,27.41,都市：住,,,,00700000
RPRPMLMKOHJFFAF08CC,大巒段,163.97,都市：工,,,,03420000
RPXOMLMKOHJFFAF58CC,文化段,2.77,都市：住,,,,11980000
RPQQMLNKOHJFFCF38CC,玫瑰段,.00,非都市： ; 非都市編定：,,,,00750000
RPSPMLMKOHJFFAF18CC,中山段,9.49,都市：其他:第一種特定專用區,,,,06680000
RPOOMLNKOHJFFBF87CC,五工段,.00,非都市：工業區 ; 非都市編定：丁種建築用地,,,,04150000
RPSQMLMKOHJFFAF28CC,文化段,2.77,都市：住,,,,11980000
RPVRMLNKOHJFFDF09CC,智興段,.00,都市：商,,,,04710000
RPVRMLNKOHJFFDF09CC,智興段,.00,都市：住,,,,04760000
RPWQMLMKOHJFFAF68CC,中山段,6.51,都市：其他:第一種特定專用區,,,,06680000
RPURMLMKOHJFFAF58CC,金城段,.00,都市：住,,,,03380000
RPSQMLQKOHJFFEF09CC,新興段,10.29,都市：住,,,,05830000
RPUNMLNKOHJFFHF98CC,橋和段,195.58,都市：工,,,,02250000
RPPSMLQKOHJFFBF68CC,中原段,51.97,都市：住,,,,00020000
RPRQMLQKOHJFFBF68CC,建林段,15.29,都市：住,,,,04130000
RPTNMLNKOHJFFHF88CC,橋和段,195.58,都市：工,,,,02250000
RPUQMLQKOHJFFBF98CC,中原段,23.88,都市：住,,,,03210000
RPUOMLRKOHJFFEF56CC,公司田段,27.01,都市：住,,,,00280000
RPRNMLQKOHJFFDF58CC,長安段,25.66,都市：商,,,,06200000
RPVPMLRKOHJFFEF76CC,公司田段,16.85,都市：住,,,,00580000
RPVOMLRKOHJFFEF66CC,小八里坌段舊城小段,15.10,都市：住,,,,01590011
RPQPMLRKOHJFFEF98DC,海天段,.00,非都市： ; 非都市編定：,,,,04600000
RPRNMLRKOHJFFDF88EC,崇德段,12.57,都市：住,,,,12350000
RPTPMLSKOHJFFDF76EC,環河段,165.64,都市：工,,,,06060000
RPTNMLSKOHJFFCF09EC,華城二段,2.51,都市：住,,,,06630002
RPTNMLSKOHJFFCF09EC,華城二段,13.00,都市：住,,,,06630005
RPTNMLSKOHJFFCF09EC,華城二段,26.52,都市：住,,,,06030002
RPTNMLSKOHJFFCF09EC,華城二段,102.82,都市：住,,,,05860018
RPWNMLSKOHJFFDF76DC,福德段,4.95,都市：住,,,,07850000
RPOQMLRKOHJFFHF09CC,中原段,.00,都市：工,,,,05350000
RPOOMLSKOHJFFDF68DC,福德段,8.68,都市：住,,,,07870000
RPTOMLSKOHJFFAF98EC,文化段,.00,都市：住,,,,11980000
RPUPMLSKOHJFFEF76CC,大義段,6.21,都市：住,,,,03940000
RPTPMLSKOHJFFDF56CC,厚德段,25.96,都市：住,,,,05680000
RPUOMLSKOHJFFHF96CC,大同段,.00,都市：住,,,,05270000
RPUOMLSKOHJFFHF96CC,大同段,.00,都市：住,,,,05280000
RPUOMLSKOHJFFHF96CC,大同段,.00,都市：住,,,,05290000
RPUOMLSKOHJFFHF96CC,大同段,.00,都市：住,,,,05300000
RPOQMLSKOHJFFDF78CC,昊天段,56.11,都市：商,,,,10860000
RPUOMLSKOHJFFCF09CC,新和段,.00,都市：住,,,,01850000
RPVPMLSKOHJFFBF56CC,新工段二小段,26.00,非都市：工業區 ; 非都市編定：丁種建築用地,,,,03900000
RPTNMLTKOHJFFCF98CC,華城一段,.00,都市：住,,,,00330000
RPWNMLSKOHJFFBF09CC,國宅段,44.03,都市：住,,,,00090007
RPUOMLTKOHJFFDF66CC,智興段,.00,都市：商,,,,05110000
RPUNMLTKOHJFFEF66CC,大八里坌段渡船頭小段,23.16,都市：住,,,,00430009
RPWOMLTKOHJFFDF86CC,水源段,.00,都市：住,,,,00010000
RPWOMLTKOHJFFDF86CC,水源段,.00,都市：其他:保護區,,,,00010001
RPRQMLTKOHJFFDF56CC,江北段,.00,都市：住,,,,10500000
RPRQMLTKOHJFFDF56CC,江北段,.00,都市：住,,,,10600000
RPOPMLTKOHJFFEF88CC,大堀段,94.20,都市：住,,,,02260000
RPTPMLTKOHJFFDF86EC,福興段,.00,非都市： ; 非都市編定：,,,,07860000
RPPRMLKLOHJFFHF68CC,安平段,25.07,都市：住,,,,04660000
RPVQMLTKOHJFFHF37CC,水源段,5.76,都市：商,,,,00940000
RPRSMLKLOHJFFAF28CC,中山段,6.51,都市：其他:第一種特定專用區,,,,06680000
RPPPMLKLOHJFFDF28EC,保長段,8.72,都市：住,,,,09950000
RPQPMLKLOHJFFDF38EC,保長段,3.90,都市：住,,,,09950000
RPQNMLLLOHJFFBF87CC,中原段,674.82,都市：住,,,,03340000
RPPNMLLLOHJFFBF77CC,信華段一小段,13.58,都市：住,,,,00090000
RPUOMLKLOHJFFBF28CC,思賢段,.00,都市：住,,,,02210000
RPRNMLLLOHJFFBF97CC,昌隆段,21.58,都市：住,,,,08270000
RPSNMLLLOHJFFBF08CC,和平段,20.45,都市：住,,,,00270000
RPUNMLLLOHJFFBF28CC,榮富段,19.17,都市：住,,,,08920000
RPTNMLLLOHJFFBF18CC,榮富段,29.33,都市：住,,,,02410000
RPPOMLLLOHJFFBF87CC,光明段,19.00,都市：住,,,,06010000
RPQOMLLLOHJFFBF97CC,榮富段,27.29,都市：住,,,,06580000
RPSOMLLLOHJFFBF18CC,信華段一小段,19.46,都市：住,,,,00090000
RPVOMLLLOHJFFBF48CC,福基段,15.92,都市：工,,,,00490000
RPUOMLLLOHJFFBF38CC,全安段,28.57,都市：住,,,,05600000
RPWOMLLLOHJFFBF58CC,埤角段頂埤角小段,63.87,都市：住,,,,01290000
RPXOMLLLOHJFFBF68CC,榮富段,23.38,都市：住,,,,03300000
RPOPMLLLOHJFFBF87CC,中泰段,18.96,都市：住,,,,06970000
RPPNMLLLOHJFFDF97CC,新峰段,.00,都市：住,,,,07700000
RPQNMLLLOHJFFDF08CC,智興段,.00,都市：住,,,,05000000
RPVNMLLLOHJFFDF58CC,智興段,.00,都市：商,,,,05110000
RPPNMLMLOHJFFEF18CC,新市段,42.03,都市：住,,,,02270000
RPQNMLMLOHJFFEF28CC,新市段,34.98,都市：住,,,,02270000
RPRNMLMLOHJFFEF38CC,新市段,30.96,都市：住,,,,00120000
RPSNMLMLOHJFFEF48CC,馬偕段,130.72,都市：住,,,,05630000
RPTNMLMLOHJFFEF58CC,竹圍段,21.65,都市：住,,,,06770000
RPTNMLMLOHJFFEF58CC,竹圍段,.27,都市：住,,,,08030002
RPTNMLMLOHJFFEF58CC,竹圍段,.09,都市：住,,,,08090001
RPTNMLMLOHJFFEF58CC,竹圍段,.29,都市：住,,,,08120001
RPTNMLMLOHJFFDF48CC,智興段,.00,都市：住,,,,02650000
RPTNMLMLOHJFFDF48CC,智興段,.00,都市：其他:道路用地,,,,02650001
RPUNMLMLOHJFFDF68DC,建成段,6.42,都市：住,,,,03270000
RPRNMLLLOHJFFIF68CC,大學段二小段,8.22,都市：商,,,,00980000
RPQPMLMKOHJFFIF78CC,大學段一小段,155.57,都市：住,,,,00910000
RPTRMLMLOHJFFIF76CC,和平段,26.72,都市：住,,,,00250000
RPTPMLTKOHJFFIF17CC,劉厝埔段,.00,非都市：特定農業區 ; 非都市編定：甲種建築用地,,,,05940000
RPUPMLQKOHJFFIF96CC,太平段,12.42,都市：住,,,,04080000
RPSOMLNLOHJFFCF48CC,中央段,63.87,都市：住,,,,04410000
RPWNMLNLOHJFFBF68CC,五股段,62.18,都市：住,,,,07840000
RPWPMLNLOHJFFBF88CC,麗林段,9.66,都市：商,,,,04070001
RPRQMLNLOHJFFEF78CC,馬偕段,.00,都市：工,,,,01960000
RPSQMLNLOHJFFDF78CC,智興段,.00,都市：商,,,,04410000
RPRQMLNLOHJFFDF68CC,保長段,.00,都市：住,,,,09950000
RPWOMLNLOHJFFDF98CC,工建段,22.75,都市：工,,,,06730000
RPQQMLNLOHJFFDF58CC,工建段,87.40,都市：工,,,,06730000
RPSNMLNLOHJFFHF88CC,景華段,.00,都市：住,,,,05070000
RPSPMLNLOHJFFDF68CC,昊天段,1285.59,都市：工,,,,06450000
RPUQMLNLOHJFFHF76CC,民富段,23.40,都市：住,,,,03420000
RPXNMLKLOHJFFGF98CC,龍門段,54.47,都市：住,,,,03690000
RPOOMLRKOHJFFGF78CC,幸福段,.00,都市：工,,,,14810000
RPXNMLRKOHJFFGF96CC,幸福段,.00,都市：工,,,,14810000
RPUNMLOLOHJFFGF09CC,仁義段,.00,都市：住,,,,08520000
RPUQMLNLOHJFFGF66CC,光華段,.00,都市：住,,,,08630000
RPVPMLTKOHJFFGF17CC,富貴段,.00,都市：住,,,,02000000
RPWNMLOLOHJFFBF78CC,國宅段,15.63,都市：住,,,,00170002
RPTUMLOLOHJFFEF86CC,海天段,8.30,都市：住,,,,02140002
RPRNMLOLOHJFFDF48CC,智興段,.00,都市：住,,,,07010000
RPTOMLOLOHJFFDF78CC,保安段,271.79,都市：工,,,,11910000
RPPPMLOLOHJFFCF48DC,寶元段,.00,非都市： ; 非都市編定：,,,,01090000
RPROMLOLOHJFFHF09DC,永安段,.00,都市：商,,,,02720000
RPOOMLPLOHJFFAF18DC,力行段,27.01,都市：住,,,,06100000
RPVOMLPLOHJFFDF09CC,中正段,.00,都市：住,,,,14310000
RPVOMLPLOHJFFDF09CC,中正段,.00,都市：住,,,,14320000
RPXWMLPLOHJFFEF57CC,關渡段,.00,都市：住,,,,06060000
RPUUMLPLOHJFFIF47CC,三福段,27.86,都市：住,,,,12900000
RPQVMLPLOHJFFIF17CC,大學段一小段,21.85,都市：住,,,,00150000
RPSVMLPLOHJFFIF37CC,大學段二小段,8.46,都市：住,,,,01030000
RPWWMLOLOHJFFEF37CC,海天段,2.33,都市：住,,,,06530000
RPTWMLPLOHJFFEF17CC,海天段,.00,都市：住,,,,06420000
RPTWMLPLOHJFFEF17CC,海天段,.00,都市：其他:道路用地,,,,06420003
RPTWMLPLOHJFFEF17CC,海天段,.00,都市：商,,,,06530000
RPTWMLPLOHJFFEF17CC,海天段,.00,都市：其他:道路用地,,,,06530004
RPTWMLPLOHJFFEF17CC,海天段,.00,都市：其他:道路用地,,,,06530005
RPVTMLPLOHJFFBF76CC,五工段,464.20,非都市：工業區 ; 非都市編定：丁種建築用地,,,,02310000
RPOOMLOLOHJFFBF08CC,中原段,39.15,都市：住,,,,00290000
RPTVMLPLOHJFFBF76CC,力行段,19.86,都市：住,,,,11560000
RPUPMLPLOHJFFHF86CC,大同段,.00,都市：住,,,,01380000
RPRQMLQLOHJFFHF76CC,捷運段,18.11,都市：其他:捷運系統用地,,,,00080000
RPPOMLOLOHJFFHF78CC,保生段,19.14,都市：住,,,,04040000
RPXNMLPLOHJFFHF96CC,文化段,.00,都市：住,,,,00860000
RPQPMLPLOHJFFHF09CC,新民段,49.85,都市：工,,,,03570000
RPWNMLPLOHJFFHF86CC,文化段,.00,都市：住,,,,00860000
RPOPMLOLOHJFFHF78CC,橋和段,191.52,都市：工,,,,02260000
RPXOMLPLOHJFFHF07CC,林森段,23.72,都市：住,,,,02520000
RPVOMLOLOHJFFHF76CC,板南段,36.37,都市：工,,,,05260000
RPWOMLOLOHJFFHF86CC,板南段,35.85,都市：工,,,,05260000
RPSONLQLOHJFFGF66CC,忠孝段,34.12,都市：住,,,,06390002
RPTQMLQLOHJFFAF88CC,中山段,6.60,都市：其他:第一種特定專用區,,,,06680000
RPUPNLQLOHJFFEF76CC,公司田段,10.54,都市：住,,,,00240000
RPROMLRLOHJFFHF86EC,健康段,.00,都市：工,,,,11590000
RPQOMLQLOHJFFCF58CC,秀水段,48.50,都市：住,,,,08880000
RPRPMLQLOHJFFCF78CC,秀水段,48.50,都市：住,,,,08880000
RPTPMLQLOHJFFDF66EC,中正段,.00,都市：住,,,,08170000
RPPOMLRLOHJFFEF88DC,新市段,47.49,都市：住,,,,02270000
RPRPMLRLOHJFFEF56DC,學府段,21.09,都市：住,,,,06420000
RPPQMLRLOHJFFAF78EC,大同段,72.55,都市：住,,,,05960000
RPSPMLRLOHJFFEF66DC,學府段,63.27,都市：住,,,,06420000
RPRSMLRLOHJFFAF98CC,介壽段,.00,都市：商,,,,04330000
RPRSMLRLOHJFFAF98CC,介壽段,.00,都市：商,,,,04340002
RPQQMLRLOHJFFAF88EC,成功段,52.68,都市：住,,,,06960000
RPVOMLRLOHJFFDF66CC,新峰段,.00,都市：住,,,,05150000
RPUOMLRLOHJFFDF56CC,智興段,.00,都市：住,,,,07210000
RPQRMLRLOHJFFGF76CC,正民段,44.07,都市：商,,,,00590000
RPWPMLRLOHJFFHF27CC,中原段,.00,都市：工,,,,05290000
RPQQMLRLOHJFFHF76CC,中原段,.00,都市：工,,,,08410000
RPRNMLSLOHJFFDF88CC,福興段,.00,非都市：鄉村區 ; 非都市編定：乙種建築用地,,,,19190000
RPRNMLSLOHJFFDF88CC,福興段,.00,非都市：鄉村區 ; 非都市編定：乙種建築用地,,,,19220000
RPSNMLSLOHJFFDF98CC,新峰段,.00,都市：住,,,,01190000
RPUNMLSLOHJFFDF56CC,崇德段,.00,都市：住,,,,01320000
RPVNMLSLOHJFFDF66CC,大同段,.00,都市：工,,,,02990000
RPVNMLSLOHJFFDF66CC,大同段,.00,都市：工,,,,03000000
RPPNMLTLOHJFFEF88CC,海天段,3.19,都市：住,,,,06530000
RPPNMLTLOHJFFEF88CC,海天段,.00,都市：住,,,,06420003
RPPNMLTLOHJFFEF88CC,海天段,.02,都市：住,,,,06420000
RPPNMLTLOHJFFEF88CC,海天段,.23,都市：住,,,,06530004
RPPNMLTLOHJFFEF88CC,海天段,.01,都市：住,,,,06530005
RPQNMLTLOHJFFEF98CC,海天段,29.88,都市：住,,,,03900000
RPQNMLTLOHJFFEF98CC,海天段,.04,都市：住,,,,03880000
RPRNMLTLOHJFFEF09CC,公司田段,28.10,都市：住,,,,01920000
RPVNMLRLOHJFFCF09CC,寶橋段,.00,都市：工,,,,00800000
RPTNMLRLOHJFFCF88CC,莊敬段,.00,都市：工,,,,07820000
RPSNMLRLOHJFFCF78CC,寶橋段,.00,都市：工,,,,02820000
RPPNMLTLOHJFFHF56CC,保健段,17.10,都市：住,,,,01420000
RPPNMLTLOHJFFHF56CC,保健段,17.54,都市：住,,,,01430000
RPRQMLKMOHJFFHF88CC,秀山段,30.56,都市：住,,,,04370000
RPTOMLKMOHJFFCF38CC,福園段,33.51,都市：住,,,,11650000
RPTOMLKMOHJFFCF38CC,福園段,1.17,都市：住,,,,11660000
RPTOMLKMOHJFFCF38CC,福園段,7.04,都市：住,,,,11670000
RPUNMLRLOHJFFCF98CC,寶橋段,.00,都市：工,,,,04510000
RPWQMLKMOHJFFGF66CC,長樂段,.00,都市：商,,,,04440000
RPWQMLKMOHJFFGF66CC,正義北段,.00,都市：其他:道路,,,,00700000
RPTNMLKMOHJFFDF38CC,智興段,.00,都市：商,,,,04410000
RPQQMLKMOHJFFHF88DC,水源段,.00,都市：商,,,,02040000
RPWPMLLJPHJFFDF88DC,福德段,4.13,都市：住,,,,09270000
RPTOMLRLOHJFFHF07EC,健康段,.00,都市：工,,,,11600000
RPRNMLLJPHJFFGF48DC,重新段壹小段,34.50,都市：住,,,,00240027
RPROMLKMOHJFFDF28CC,新峰段,.00,都市：住,,,,07580000
RPTVMLPLOHJFFIF47CC,大學段二小段,12.09,都市：商,,,,00960000
RPPNMLSLOHJFFIF56CC,大學段二小段,22.70,都市：住,,,,01040000
RPRPMLLJPHJFFDF28CC,同新段,18.32,都市：工,,,,00130000
RPPPMLQLOHJFFIF56CC,仁愛段,6.53,都市：住,,,,05050000
RPTPMLLJPHJFFDF48CC,智興段,.00,都市：住,,,,13970000
RPURMLLJPHJFFDF78CC,大同段,86.29,都市：住,,,,03790000
RPURMLLJPHJFFDF78CC,大同段,4.38,都市：住,,,,03800000
RPUPMLLJPHJFFIF09CC,礁溪段,16.43,都市：住,,,,04480000
RPSOMLLJPHJFFHF68CC,福祥段,.00,都市：住,,,,04010000
RPTNMLLJPHJFFHF68CC,福祥段,.00,都市：住,,,,04010000
RPTOMLLJPHJFFHF78CC,福祥段,.00,都市：住,,,,04010000
RPXOMLLJPHJFFAF48CC,江子翠段第三崁小段,39.65,都市：住,,,,01060000
RPUOMLLJPHJFFHF88CC,福祥段,.00,都市：住,,,,04010000
RPWOMLLJPHJFFHF09CC,福祥段,.00,都市：住,,,,04010000
RPVOMLLJPHJFFHF98CC,福祥段,.00,都市：住,,,,04010000
RPXOMLLJPHJFFHF56CC,福祥段,.00,都市：住,,,,04010000
RPOPMLLJPHJFFHF38CC,福祥段,.00,都市：住,,,,04010000
RPPPMLLJPHJFFHF48CC,福祥段,.00,都市：住,,,,04010000
RPVOMLLJPHJFFGF88CC,興德段,33.40,都市：工,,,,05670000
RPUOMLLJPHJFFEF58CC,海天段,8.59,都市：住,,,,05480000
RPRPMLKMOHJFFBF18CC,國宅段,19.80,都市：住,,,,00120000
RPSTMLLJPHJFFBF58CC,國宅段,37.30,都市：住,,,,00010000
RPQSMLQLOHJFFBF88CC,建林段,11.70,都市：住,,,,03360000
RPWSMLLJPHJFFBF88CC,力行段,26.70,都市：住,,,,11710000
RPSPMLLJPHJFFBF18CC,五工段,1534.42,非都市：工業區 ; 非都市編定：丁種建築用地,,,,02310000
RPTPMLLJPHJFFHF88CC,福祥段,.00,都市：住,,,,04010000
RPRPMLLJPHJFFHF68CC,福祥段,.00,都市：住,,,,04010000
RPXPMLMJPHJFFEF09CC,新市段,30.31,都市：住,,,,00430000
RPWQMLMJPHJFFEF09CC,馬偕段,7.53,都市：住,,,,06190000
RPORMLMJPHJFFEF38CC,海天段,73.51,都市：商,,,,02250000
RPSPMLLJPHJFFHF78CC,福祥段,.00,都市：住,,,,04010000
RPUPMLMJPHJFFIF56CC,介壽段,7.27,都市：住,,,,00010015
RPUPMLMJPHJFFIF56CC,介壽段,17.00,都市：住,,,,00010016
RPSRMLMJPHJFFHF09CC,南工段,.00,都市：住,,,,05250000
RPXNMLMJPHJFFHF56CC,板南段,.00,都市：工,,,,03180000
RPWQMLMJPHJFFHF76CC,永安段,.00,都市：商,,,,02470000
RPVNMLMJPHJFFHF98CC,永利段,49.64,都市：住,,,,00330000
RPXQMLMJPHJFFHF86CC,民治段,.00,都市：商,,,,04330000
RPRRMLMJPHJFFHF98CC,大同段,.00,都市：住,,,,01290000
RPUNMLMJPHJFFCF48DC,華城二段,333.65,都市：住,,,,01200000
RPXRMLMJPHJFFHF07DC,大同段,23.81,都市：住,,,,07150000
RPOPMLNJPHJFFAF08EC,頂福段,24.11,都市：住,,,,00220000
RPPPMLNJPHJFFGF78EC,永安段,.00,都市：住,,,,07810000
RPOQMLLJPHJFFHF48CC,福祥段,.00,都市：住,,,,04010000
RPOQMLLJPHJFFHF48CC,福祥段,.00,都市：商,,,,04090000
RPOQMLLJPHJFFHF48CC,福祥段,.00,都市：住,,,,04090001
RPQQMLNJPHJFFCF38CC,寶強段,.00,都市：其他:,,,,10680000
RPPQMLNJPHJFFBF38EC,中原段,35.99,都市：住,,,,00560000
RPQQMLNJPHJFFBF48EC,中原段,27.80,都市：住,,,,03340000
RPTOMLNJPHJFFGF88CC,光興段,.00,非都市： ; 非都市編定：,,,,05000000
RPSWMLNJPHJFFEF76CC,飛歌段,8.64,都市：工,,,,09580000
RPWNMLNJPHJFFHF56CC,安邦段,.00,都市：住,,,,09630000
RPVVMLNJPHJFFBF66CC,四維段,.00,都市：住,,,,00580000
RPQOMLMJPHJFFBF97CC,文德段,68.87,都市：住,,,,11860000
RPQOMLMJPHJFFBF97CC,文德段,10.65,都市：住,,,,11850000
RPVNMLNJPHJFFBF48CC,同榮段,34.06,都市：住,,,,03380000
RPQUMLMJPHJFFBF58CC,和平段,44.44,都市：住,,,,07440000
RPSUMLMJPHJFFBF78CC,副都心段一小段,7.62,都市：商,,,,00110000
RPOPMLMJPHJFFBF87CC,信華段一小段,16.89,都市：住,,,,00090000
RPOPMLMJPHJFFBF87CC,信華段二小段,9.02,都市：住,,,,00200000
RPOQMLOJPHJFFGF68CC,光興段,.00,非都市： ; 非都市編定：,,,,00110000
RPPQMLOJPHJFFGF78CC,雙園段,.00,非都市： ; 非都市編定：,,,,05670000
RPTQMLOJPHJFFIF76CC,圳福段,15.09,都市：住,,,,06560000
RPSPMLOJPHJFFAF38CC,中山段,7.49,都市：其他:第一種特定專用區,,,,06680000
RPROMLOJPHJFFDF48CC,同新段,61.06,都市：工,,,,00130000
RPVOMLOJPHJFFDF88CC,金龍段,.00,都市：住,,,,00060000
RPQPMLOJPHJFFDF48CC,智興段,.00,都市：商,,,,05110000
RPQSMLOJPHJFFDF78CC,智興段,.00,都市：住,,,,00480000
RPWPMLOJPHJFFBF88CC,泰山段三小段,.00,都市：住,,,,04110000
RPURMLOJPHJFFHF86CC,復興段,.00,都市：住,,,,07540000
RPVQMLOJPHJFFHF86CC,國光段,.00,都市：其他:部分住宅區部分商業區,,,,02620000
RPUQMLOJPHJFFHF76CC,南山段,.00,都市：其他:捷運系統用地,,,,08540000
RPSQMLOJPHJFFHF56CC,福和段,.00,都市：住,,,,00090000
RPQQMLOJPHJFFHF98CC,捷運段,.00,都市：其他:捷運系統用地,,,,00080000
RPTQMLOJPHJFFHF66CC,圓通段,.00,都市：住,,,,03730000
RPTNMLOJPHJFFAF48EC,新興段,70.00,都市：住,,,,03850000
RPUNMLOJPHJFFAF58EC,篤行段,32.96,都市：住,,,,02780000
RPSNMLPJPHJFFBF38CC,榮富段,32.69,都市：住,,,,01830000
RPVNMLOJPHJFFAF68EC,沛陂段,.00,都市：工,,,,03040000
RPWNMLOJPHJFFAF78EC,江子翠段第三崁小段,.00,都市：住,,,,03450022
RPSOMLPJPHJFFBF48CC,榮富段,5.74,都市：住,,,,06440000
RPTOMLPJPHJFFBF58CC,忠孝段,10.90,都市：住,,,,00660000
RPSNMLPJPHJFFCF48CC,寶興段,13843.89,都市：住,,,,02460000
RPQNMLPJPHJFFIF88CC,大學段一小段,29.86,都市：住,,,,01830000
RPRNMLPJPHJFFIF98CC,文化段,16.67,都市：住,,,,07590000
RPQNMLPJPHJFFEF48CC,公司田段,15.55,都市：住,,,,00350000
RPRNMLPJPHJFFHF88CC,興南段,.00,都市：住,,,,03850000
RPRNMLPJPHJFFHF88CC,興南段,.00,都市：住,,,,03860000
RPSNMLPJPHJFFHF98CC,雙和段,.00,都市：住,,,,01770000
RPTPMLNJPHJFFAF58EC,大安段,51.64,都市：工,,,,07450000
RPPNMLQJPHJFFDF38CC,智興段,.00,都市：商,,,,05070000
RPSSMLOJPHJFFDF98CC,智興段,.00,都市：商,,,,04710000
RPSSMLOJPHJFFDF98CC,智興段,.00,都市：住,,,,04760000
RPSNMLRJPHJFFDF78CC,保安段,30.20,都市：工,,,,11910000
RPTPMLRJPHJFFBF88CC,中原段,36.00,都市：住,,,,03210000
RPVQMLRJPHJFFBF56CC,芳洲段,1902.79,都市：住,,,,00280000
RPWSMLRJPHJFFBF86CC,佳林段,39.24,都市：商,,,,09540000
RPQUMLRJPHJFFBF09CC,建國段,46.70,都市：住,,,,01920006
RPOOMLPJPHJFFBF08CC,中誠段,20.99,都市：住,,,,07820000
RPPOMLPJPHJFFBF18CC,榮富段,18.54,都市：住,,,,08940000
RPQOMLPJPHJFFBF28CC,和平段,1.94,都市：住,,,,07710000
RPXNMLPJPHJFFBF88CC,雙鳳段,23.22,都市：住,,,,05880000
RPWNMLPJPHJFFBF78CC,立德段,8.32,都市：住,,,,08260000
RPUNMLPJPHJFFBF58CC,幸福段,63.17,都市：工,,,,01510000
RPVNMLPJPHJFFBF68CC,自立段,27.20,都市：商,,,,10210000
RPQSMLSJPHJFFBF98CC,思源段,7.76,都市：住,,,,00430000
RPROMLRJPHJFFEF88CC,中正段,3.34,都市：商,,,,05490000
RPUNMLSJPHJFFCF98CC,復興段,.00,都市：工,,,,03830000
RPXNMLSJPHJFFGF07CC,光華段,.00,都市：住,,,,08780002
RPPTMLSJPHJFFBF98CC,民安段,146.14,都市：工,,,,02080000
RPXNMLSJPHJFFCF66CC,寶橋段,.00,都市：工,,,,00800000
RPVOMLSJPHJFFCF56CC,北宜段,4.13,非都市： ; 非都市編定：,,,,02980000
RPWOMLSJPHJFFDF76CC,新峰段,4914.00,都市：住,,,,06960000
RPWNMLRJPHJFFDF56CC,同新段,8.79,都市：工,,,,00130000
RPRPMLRJPHJFFDF88CC,新峰段,93.00,都市：住,,,,01560000
RPSNMLTJPHJFFIF86CC,大學段二小段,.00,非都市： ; 非都市編定：,,,,01350000
RPTQMLTJPHJFFAF66EC,文化段,12.66,都市：住,,,,11980000
RPQRMLTJPHJFFEF66CC,海天段,13.04,都市：住,,,,01900000
RPPOMLTJPHJFFCF88EC,寶強段,10.13,都市：住,,,,10680000
RPQOMLTJPHJFFCF98EC,惠國段,14.15,都市：住,,,,00730000
RPOOMLTJPHJFFDF78DC,環河段,818.95,都市：其他:,,,,10410000
RPSOMLTJPHJFFHF07EC,國光段,2.07,都市：其他:道路用地,,,,08700000
RPSOMLTJPHJFFHF07EC,國光段,17.10,都市：住,,,,09710000
RPTOMLTJPHJFFHF17EC,國光段,2.07,都市：其他:道路用地,,,,08700000
RPTOMLTJPHJFFHF17EC,國光段,17.09,都市：住,,,,09710000
RPXPMLKKPHJFFDF09EC,保長段,12.50,都市：住,,,,09950000
RPOQMLKKPHJFFDF28EC,保長段,8.79,都市：住,,,,09950000
RPQQMLKKPHJFFDF48EC,保長段,8.85,都市：住,,,,09950000
RPUSMLTJPHJFFBF86CC,建林段,21.23,都市：住,,,,02910000
RPSPMLKKPHJFFBF18CC,中原段,.00,都市：住,,,,03340000
RPSNMLKKPHJFFDF18CC,智興段,.00,都市：商,,,,05600000
RPSNMLKKPHJFFDF18CC,智興段,.00,都市：其他:道路用地,,,,05600001
RPSNMLKKPHJFFDF18CC,智興段,.00,都市：商,,,,05600002
RPVOMLRJPHJFFHF96CC,健康段,.00,都市：工,,,,02580000
RPVSMLTJPHJFFBF96CC,中原段,20.95,都市：住,,,,00020000
RPURMLLKPHJFFAF58CC,埔墘段,.00,都市：住,,,,02160019
RPQNMLLKPHJFFAF77CC,公館段,37.50,都市：住,,,,07130000
RPWPMLSJPHJFFAF56CC,大安段,53.42,都市：工,,,,07450000
RPUQMLTJPHJFFAF56CC,文化段,6.21,都市：住,,,,11980000
RPUNMLLKPHJFFCF38CC,莊敬段,.00,都市：住,,,,00430000
RPXNMLLKPHJFFCF68CC,北新段,.00,都市：住,,,,05840000
RPWOMLLKPHJFFGF09CC,光興段,.00,都市：商,,,,05000000
RPWNMLLKPHJFFCF58CC,寶橋段,.00,都市：工,,,,06050000
RPQPMLTJPHJFFHF76CC,福和段,.00,都市：商,,,,11020000
RPVQMLLKPHJFFHF66CC,板南段,.00,都市：工,,,,03110000
RPTQMLLKPHJFFHF09CC,板南段,.00,都市：工,,,,03110000
RPUQMLLKPHJFFHF56CC,竹林段,.00,都市：商,,,,01990000
RPUQMLLKPHJFFHF56CC,竹林段,.00,都市：商,,,,02000000
RPWQMLLKPHJFFHF76CC,板南段,.00,都市：工,,,,03150000
RPTNMLLKPHJFFIF98DC,光武段,97.46,都市：工,,,,02250000
RPWNMLLKPHJFFDF88EC,保長段,83.85,都市：住,,,,09950000
RPRNMLLKPHJFFCF18DC,明德段,.00,非都市： ; 非都市編定：,,,,09430000
RPVUMLLKPHJFFBF09CC,榮和段,.00,都市：住,,,,09520000
RPPNMLMKPHJFFBF87CC,和平段,153.76,都市：住,,,,00430000
RPPPMLLKPHJFFBF97CC,中原段,35.82,都市：住,,,,03210000
RPPPMLSJPHJFFHF56CC,信和段,.00,都市：住,,,,00470000
RPWPMLKKPHJFFCF68CC,中央段,6.59,都市：住,,,,04410000
RPSNMLMKPHJFFAF08CC,新雅段,4.38,都市：住,,,,06280000
RPPNMLMKPHJFFAF77CC,新雅段,3.02,都市：住,,,,06280000
RPTNMLMKPHJFFAF18CC,新雅段,3.02,都市：住,,,,06280000
RPSNMLMKPHJFFDF38CC,智興段,.00,都市：商,,,,04410000
RPOPMLOKPHJFFDF38CC,智興段,.00,都市：商,,,,04410000
RPOQMLOKPHJFFDF48CC,福德段,2304.00,都市：工,,,,01540000
RPPSMLOKPHJFFCF68CC,寶元段,.00,都市：住,,,,03890000
RPPSMLOKPHJFFCF68CC,寶元段,.00,都市：住,,,,03410000
RPROMLOKPHJFFAF28CC,幸福段,18.80,都市：商,,,,14450013
RPQSMLOKPHJFFCF78CC,太平段,.00,都市：商,,,,05630000
RPQSMLOKPHJFFCF78CC,太平段,.00,都市：其他:道路,,,,05630001
RPQSMLOKPHJFFCF78CC,太平段,.00,都市：商,,,,05630003
RPQSMLOKPHJFFCF78CC,太平段,.00,都市：其他:風景,,,,05640000
RPQSMLOKPHJFFCF78CC,太平段,.00,都市：其他:道路,,,,05640001
RPQSMLOKPHJFFCF78CC,太平段,.00,都市：其他:風景,,,,05650000
RPQSMLOKPHJFFCF78CC,太平段,.00,都市：其他:道路,,,,05650001
RPPOMLLKPHJFFDF28EC,保長段,5.35,都市：住,,,,10540000
RPOOMLLKPHJFFDF18EC,保長段,6.64,都市：住,,,,09950000
RPXNMLLKPHJFFDF98EC,保長段,8.85,都市：住,,,,09950000
RPSQMLOKPHJFFIF76CC,礁溪段,12.04,都市：住,,,,04670000
RPVPMLOKPHJFFHF07EC,中原段,38.07,都市：工,,,,08190000
RPPNMLOKPHJFFCF38EC,行政段,.00,非都市： ; 非都市編定：,,,,00300000
RPQPMLPKPHJFFIF56CC,大學段二小段,19.26,都市：商,,,,00870000
RPTPMLPKPHJFFIF86CC,大學段一小段,5.88,都市：住,,,,01840000
RPSQMLPKPHJFFIF86CC,大學段一小段,.00,都市：商,,,,00490000
RPXNMLPKPHJFFHF96CC,板南段,28.32,都市：工,,,,03110000
RPRPMLPKPHJFFHF56CC,仁和段,.00,都市：住,,,,01430000
RPQOMLPKPHJFFCF48CC,寶強段,.00,都市：住,,,,10410000
RPQOMLPKPHJFFCF48CC,寶強段,.00,都市：住,,,,10420000
RPSOMLPKPHJFFCF68CC,寶強段,.00,都市：住,,,,10410000
RPSOMLPKPHJFFCF68CC,寶強段,.00,都市：住,,,,10420000
RPPNMLPKPHJFFDF38CC,智興段,.00,都市：商,,,,05070000
RPQNMLPKPHJFFDF48CC,水源段,.00,都市：住,,,,05200000
RPTNMLPKPHJFFDF78CC,智興段,.00,都市：商,,,,04080000
RPPRMLLKPHJFFEF48CC,海天段,.00,都市：住,,,,05480000
RPWUMLOKPHJFFBF86CC,新工段一小段,336.00,非都市：工業區 ; 非都市編定：丁種建築用地,,,,00260000
RPRSMLPKPHJFFBF88CC,榮富段,.00,都市：住,,,,06510000
RPRNMLMKPHJFFBF08CC,中誠段,6.26,都市：住,,,,07890000
RPXRMLPKPHJFFBF76CC,榮富段,17.21,都市：住,,,,09060000
RPSNMLMKPHJFFBF18CC,雙鳳段,13.97,都市：住,,,,07190000
RPTNMLMKPHJFFBF28CC,雙鳳段,17.26,都市：住,,,,04910000
RPUNMLMKPHJFFBF38CC,副都心段七小段,17.70,都市：住,,,,00700000
RPSUMLOKPHJFFBF09CC,公正段,193.16,都市：工,,,,02520000
RPSUMLOKPHJFFBF09CC,公正段,191.58,都市：工,,,,02530000
RPSNMLRKPHJFFGF56CC,五谷王一段,21.75,都市：住,,,,05310000
RPPNMLRKPHJFFDF58CC,智興段,.00,都市：住,,,,01040000
RPQOMLRKPHJFFCF78DC,五峰段,14.88,都市：住,,,,03870000
RPPOMLRKPHJFFDF78DC,環河段,818.95,都市：農,,,,10410000
RPSOMLRKPHJFFEF09CC,淡海段,40.63,都市：其他:,,,,01040000
RPVRMLRKPHJFFEF07CC,中興段,14.73,都市：住,,,,04100000
RPVPMLRKPHJFFAF66EC,民族段,32.67,都市：住,,,,00170000
RPSOMLSKPHJFFAF98EC,永寧段,21.13,都市：住,,,,00980000
RPQPMLSKPHJFFBF78CC,中誠段,6.26,都市：住,,,,07890000
RPTOMLSKPHJFFIF07CC,大學段一小段,17.01,都市：商,,,,00490000
RPQQMLSKPHJFFIF96CC,礁溪段,112.00,非都市：一般農業區 ; 非都市編定：甲種建築用地,,,,05910004
RPPPMLSKPHJFFHF66CC,福祥段,.00,都市：住,,,,04010000
RPQPMLSKPHJFFHF76CC,福祥段,.00,都市：住,,,,04010000
RPXOMLSKPHJFFHF37CC,健康段,.00,都市：工,,,,11590000
RPVPMLQKPHJFFHF07CC,健康段,40.60,都市：工,,,,11600000
RPXPMLQKPHJFFHF27CC,健康段,27.97,都市：工,,,,11600000
RPTNMLTKPHJFFEF66CC,竹圍段,28.50,都市：工,,,,07780000
RPUNMLTKPHJFFEF76CC,飛歌段,15.22,都市：住,,,,02550000
RPTNMLTKPHJFFBF98CC,雙鳳段,9.14,都市：住,,,,04410000
RPQNMLTKPHJFFCF78CC,中央段,6.37,都市：住,,,,04980000
RPPNMLTKPHJFFCF68CC,香坡段,57.25,非都市：山坡地保育區 ; 非都市編定：丙種建築用地,,,,02150000
RPROMLLLPHJFFCF28CC,寶元段,.00,非都市： ; 非都市編定：,,,,01090000
RPVPMLLLPHJFFCF78CC,復興段,2326.23,都市：其他:乙種工業區,,,,05710000
RPOOMLLLPHJFFBF87CC,登林段,40.95,都市：住,,,,00300000
RPXNMLLLPHJFFDF09EC,保長段,3.90,都市：住,,,,09950000
RPPPMLLLPHJFFIF78CC,文林段,.00,都市：住,,,,03110000
RPOOMLLLPHJFFDF28EC,保長段,6.64,都市：住,,,,09950000
RPPOMLLLPHJFFDF38EC,保長段,6.70,都市：住,,,,09950000
RPSOMLLLPHJFFDF68EC,保長段,8.53,都市：住,,,,09950000
RPTOMLLLPHJFFDF78EC,保長段,8.59,都市：住,,,,09950000
RPQUMLMLPHJFFBF78CC,力行段,60.97,都市：住,,,,04330000
RPVOMLLLPHJFFDF98EC,保長段,8.79,都市：住,,,,09950000
RPPUMLMLPHJFFBF78DC,全安段,.00,都市：住,,,,05530000
RPSUMLMLPHJFFBF98CC,陸光段,36.35,都市：住,,,,04430000
RPURMLMLPHJFFAF78CC,瑞興段,27.12,都市：住,,,,01450000
RPQPMLMLPHJFFAF18CC,大庭段,36.32,都市：住,,,,13500000
RPOPMLMLPHJFFAF97CC,介壽段,20.09,都市：商,,,,01140000
RPPOMLOLPHJFFHF88CC,民富段,35.25,都市：工,,,,03570000
RPQPMLOLPHJFFHF09CC,健康段,66.86,都市：工,,,,02980000
RPOPMLOLPHJFFAF38EC,員福段,52.18,都市：住,,,,05840000
RPOPMLOLPHJFFAF38EC,員福段,.00,都市：住,,,,05840001
RPVQMLSKPHJFFAF86EC,延吉段,1013.29,都市：農,,,,00780000
RPUQMLSKPHJFFAF76EC,永寧段,34.34,都市：住,,,,04860000
RPRQMLSKPHJFFAF09EC,板院段,3.98,都市：住,,,,03720000
RPROMLPLPHJFFHF56CC,民富段,.00,都市：住,,,,05570000
RPROMLOLPHJFFDF88EC,建成段,5.14,都市：住,,,,03270000
RPVPMLPLPHJFFIF17CC,隆恩段,12.99,都市：住,,,,00810000
RPTPMLPLPHJFFHF86CC,秀山段,.00,都市：住,,,,07410000
RPQQMLPLPHJFFIF76CC,大學段一小段,5.34,都市：住,,,,00910000
RPWOMLPLPHJFFEF76CC,紅毛城段,13.57,都市：其他:,,,,05330000
RPQQMLPLPHJFFEF98CC,小八里坌段十三行小段,17.49,都市：其他:,,,,02710000
RPRQMLPLPHJFFEF09CC,小八里坌段十三行小段,17.49,都市：其他:,,,,02710000
RPVQMLPLPHJFFEF86CC,公司田段,.00,都市：住,,,,00500000
RPUQMLPLPHJFFEF76CC,新興段,.00,都市：住,,,,06470000
RPUQMLPLPHJFFEF76CC,新興段,.00,都市：其他:道路用地,,,,06470001
RPSNMLOLPHJFFDF68CC,智興段,.00,都市：商,,,,04860000
RPTRMLPLPHJFFDF66CC,建成段,.00,都市：商,,,,05040000
RPTRMLPLPHJFFDF66CC,建成段,.00,都市：商,,,,05750000
RPRNMLLLPHJFFDF28CC,大同段,.00,都市：住,,,,01860000
RPQRMLPLPHJFFDF98CC,智興段,.00,都市：住,,,,02650000
RPQRMLPLPHJFFDF98CC,智興段,.00,都市：其他:道路用地,,,,02650001
RPPNMLTKPHJFFDF78CC,智興段,.00,都市：商,,,,05000000
RPSNMLRKPHJFFDF88CC,智興段,.00,都市：商,,,,04710000
RPSNMLRKPHJFFDF88CC,智興段,.00,都市：住,,,,04760000
RPPSMLPLPHJFFDF98CC,大同段,.00,都市：住,,,,03580000
RPRSMLPLPHJFFDF56CC,水源段,.00,都市：住,,,,10500000
RPRSMLPLPHJFFDF56CC,水源段,.00,都市：住,,,,10360000
RPOOMLRKPHJFFCF68EC,中央段,.00,都市：住,,,,08330000
RPRQMLPLPHJFFAF68CC,板院段,.00,都市：住,,,,07670000
RPQNMLQLPHJFFDF68CC,金龍段,.00,非都市： ; 非都市編定：,,,,00060000
RPPNMLQLPHJFFBF38CC,中原段,24.96,都市：住,,,,01180000
RPQNMLQLPHJFFBF48CC,榮富段,8.17,都市：住,,,,09060000
RPRNMLQLPHJFFBF58CC,中泰段,12.61,都市：住,,,,01960000
RPSNMLQLPHJFFBF68CC,和平段,12.16,都市：住,,,,07020000
RPSOMLPLPHJFFGF56CC,光興段,.00,都市：住,,,,00110000
RPOPMLPLPHJFFGF88CC,文化北段,.00,都市：住,,,,00430000
RPXNMLOLPHJFFCF09CC,寶強段,98.08,都市：商,,,,10680000
RPUNMLPLPHJFFCF88CC,寶元段,.00,都市：工,,,,01090000
RPWNMLPLPHJFFCF09CC,寶橋段,.00,都市：工,,,,04450000
RPUQMLPLPHJFFCF56CC,中正段,.00,都市：其他:捷運系統用地,,,,01650000
RPUQMLPLPHJFFCF56CC,中正段,.00,都市：住,,,,01650001
RPUQMLPLPHJFFCF56CC,中華段,.00,都市：其他:捷運系統用地,,,,07500000
RPXNMLPLPHJFFCF56CC,寶橋段,.00,都市：工,,,,04450000
RPTNMLPLPHJFFCF78CC,莊敬段,.00,都市：住,,,,00430000
RPUOMLQLPHJFFBF98CC,榮富段,10.65,都市：住,,,,08350000
RPSOMLQLPHJFFBF78CC,榮富段,9.71,都市：住,,,,08500001
RPVOMLQLPHJFFBF09CC,榮富段,4.66,都市：住,,,,09290000
RPTOMLQLPHJFFBF88CC,榮富段,.00,都市：住,,,,07800000
RPWOMLQLPHJFFBF56CC,中原段,39.39,都市：住,,,,00840000
RPXOMLQLPHJFFBF66CC,富國段,5.26,都市：住,,,,05570000
RPPPMLSLPHJFFCF88CC,莊敬段,.00,都市：住,,,,00430000
RPTNMLSLPHJFFIF07CC,大學段二小段,35.13,都市：商,,,,00930000
RPOPMLSLPHJFFIF76CC,大學段二小段,23.01,都市：商,,,,00930000
RPSPMLSLPHJFFHF17DC,信義段,20.20,都市：住,,,,01040000
RPSNMLSLPHJFFEF66DC,長興段,.00,非都市： ; 非都市編定：,,,,05830000
RPUNMLTLPHJFFIF27CC,民生段,19.73,都市：住,,,,06050000
RPXNMLTLPHJFFEF17CC,公司田段,18.17,都市：住,,,,00880001
RPXPMLTLPHJFFEF37CC,海天段,.01,都市：住,,,,06530005
RPXPMLTLPHJFFEF37CC,海天段,.23,都市：住,,,,06530004
RPXPMLTLPHJFFEF37CC,海天段,3.19,都市：住,,,,06530000
RPXPMLTLPHJFFEF37CC,海天段,.00,都市：住,,,,06420003
RPXPMLTLPHJFFEF37CC,海天段,.02,都市：住,,,,06420000
RPOQMLTLPHJFFEF56CC,海鷗段,3.26,都市：住,,,,11910000
RPWQMLTLPHJFFAF96CC,文化段,9.06,都市：住,,,,11980000
RPQNMLSLPHJFFDF88CC,智興段,.00,都市：商,,,,04710000
RPQNMLSLPHJFFDF88CC,智興段,.00,都市：住,,,,04760000
RPWNMLTLPHJFFDF96CC,智興段,.00,都市：住,,,,01040000
RPPNMLRLPHJFFDF68CC,智興段,.00,都市：住,,,,01040000
RPPNMLSLPHJFFDF78CC,智興段,.00,都市：商,,,,04410000
RPOOMLTLPHJFFDF88CC,智興段,.00,非都市： ; 非都市編定：,,,,01040000
RPOPMLTLPHJFFDF98CC,北山段,16.68,都市：工,,,,03800000
RPUOMLTLPHJFFDF86CC,大同段,118.92,都市：工,,,,02580000
RPPOMLTLPHJFFDF98CC,智興段,.00,都市：住,,,,01040000
RPVPMLTLPHJFFDF07CC,水源段,.00,都市：住,,,,00130000
RPVPMLTLPHJFFDF07CC,水源段,.00,都市：其他:,,,,00130001
RPQNMLTLPHJFFBF78CC,國宅段,22.74,都市：住,,,,00120000
RPOOMLKMPHJFFDF08CC,智興段,.00,都市：商,,,,05110000
RPWOMLTLPHJFFBF86CC,化成段,45.78,都市：工,,,,04030000
RPPOMLKMPHJFFDF18CC,智興段,.00,都市：住,,,,07010000
RPSOMLKMPHJFFDF48CC,智興段,.00,都市：住,,,,00480000
RPSQMLKMPHJFFIF56CC,大學段一小段,5.34,都市：住,,,,00910000
RPWNMLKMPHJFFEF98DC,新興段,5.86,都市：住,,,,06470000
RPWNMLKMPHJFFEF98DC,新興段,.01,都市：其他:,,,,06470001
RPSNMLKMPHJFFAF28EC,新興段,.00,非都市： ; 非都市編定：,,,,10920000
RPVOMLKMPHJFFDF98EC,保長段,5.53,都市：住,,,,10540000
RPWOMLKMPHJFFDF09EC,保長段,8.53,都市：住,,,,09950000
RPOOMLKMPHJFFEF28DC,水仙段,18.16,都市：住,,,,03190000
RPPNMLLMPHJFFCF28EC,新坡段,.00,非都市：山坡地保育區 ; 非都市編定：丙種建築用地,,,,02790000
RPWOMLLMPHJFFHF76CC,永平段,42.30,都市：住,,,,06470000
RPWNMLLMPHJFFDF88CC,智興段,.00,都市：商,,,,04410000
RPSOMLLMPHJFFEF68CC,中正段,10.79,都市：住,,,,02510000
RPVOMLLMPHJFFDF88CC,智興段,.00,都市：商,,,,05520000
RPPOMLQLPHJFFBF48CC,富國段,134.94,都市：住,,,,05520000
RPROMLQLPHJFFBF68CC,榮富段,.00,都市：住,,,,07800000
RPXNMLQLPHJFFBF56CC,國宅段,32.46,都市：住,,,,00090007
RPUNMLQLPHJFFBF88CC,自立段,29.50,都市：住,,,,08840000
RPQOMLQLPHJFFBF58CC,丹鳳段,15.00,都市：住,,,,06980000
RPWNMLQLPHJFFBF09CC,芳洲段,16.55,都市：住,,,,00280000
