﻿鄉鎮市區,交易標的,土地位置建物門牌,土地移轉總面積平方公尺,都市土地使用分區,非都市土地使用分區,非都市土地使用編定,交易年月日,交易筆棟數,移轉層次,總樓層數,建物型態,主要用途,主要建材,建築完成年月,建物移轉總面積平方公尺,建物現況格局-房,建物現況格局-廳,建物現況格局-衛,建物現況格局-隔間,有無管理組織,總價元,單價元平方公尺,車位類別,車位移轉總面積平方公尺,車位總價元,備註,編號
The villages and towns urban district,transaction sign,land sector position building sector house number plate,land shifting total area square meter,the use zoning or compiles and checks,the non-metropolis land use district,non-metropolis land use,transaction year month and day,transaction pen number,shifting level,total floor number,building state,main use,main building materials,construction to complete the years,building shifting total area,Building present situation pattern - room,building present situation pattern - hall,building present situation pattern - health,building present situation pattern - compartmented,Whether there is manages the organization,total price NTD,the unit price (NTD / square meter),the berth category,berth shifting total area square meter,the berth total price NTD,the note,serial number
新竹市,房地(土地+建物)+車位,新竹市新竹市榮光段一小段12地號等1筆 B01-23F,20.05,商,,,1010729,土地1建物1車位2,二十三層,25,住宅大樓(11層含以上有電梯),住家用,鋼筋混凝土造,,261.58,4,2,2,有,無,21090000,89355,坡道平面,56.89,2800000,,RPQNMLLJNHJFFAO28CB
新竹市,房地(土地+建物)+車位,新竹市新竹市榮光段一小段12地號等1筆 B01-24F,20.05,商,,,1010909,土地1建物1車位2,二十四層,25,住宅大樓(11層含以上有電梯),住家用,鋼筋混凝土造,,261.58,4,2,2,有,無,21380000,90527,坡道平面,56.89,2850000,,RPRNMLLJNHJFFAO38CB
新竹市,房地(土地+建物)+車位,新竹市新竹市榮光段一小段12地號等1筆 B01-25F,20.05,商,,,1020402,土地1建物1車位2,二十五層,25,住宅大樓(11層含以上有電梯),住家用,鋼筋混凝土造,,261.58,4,2,2,有,無,21380000,90527,坡道平面,56.89,2850000,,RPSNMLLJNHJFFAO48CB
新竹市,房地(土地+建物)+車位,新竹市新竹市榮光段一小段12地號等1筆 B02-02F,14.32,商,,,1011009,土地1建物1車位1,二層,25,住宅大樓(11層含以上有電梯),住家用,鋼筋混凝土造,,183.58,3,2,2,有,無,12650000,73324,坡道平面,29.47,1350000,,RPUNMLLJNHJFFAO68CB
新竹市,房地(土地+建物)+車位,新竹市新竹市榮光段一小段12地號等1筆 B02-03F,14.32,商,,,1010301,土地1建物1車位1,三層,25,住宅大樓(11層含以上有電梯),住家用,鋼筋混凝土造,,181.53,3,2,2,有,無,12550000,72675,坡道平面,27.42,1350000,,RPVNMLLJNHJFFAO78CB
新竹市,房地(土地+建物)+車位,新竹市新竹市榮光段一小段12地號等1筆 B02-04F,14.32,商,,,1010920,土地1建物1車位1,四層,25,住宅大樓(11層含以上有電梯),住家用,鋼筋混凝土造,,181.53,3,2,2,有,無,12450000,72026,坡道平面,27.42,1350000,,RPWNMLLJNHJFFAO88CB
新竹市,房地(土地+建物)+車位,新竹市新竹市榮光段一小段12地號等1筆 B02-05F,14.32,商,,,1010211,土地1建物1車位1,五層,25,住宅大樓(11層含以上有電梯),住家用,鋼筋混凝土造,,183.58,3,2,2,有,無,12250000,70404,坡道平面,29.47,1400000,,RPXNMLLJNHJFFAO98CB
新竹市,房地(土地+建物)+車位,新竹市新竹市榮光段一小段12地號等1筆 B02-06F,14.32,商,,,1010212,土地1建物1車位1,六層,25,住宅大樓(11層含以上有電梯),住家用,鋼筋混凝土造,,181.53,3,2,2,有,無,12580000,72870,坡道平面,27.42,1350000,,RPOOMLLJNHJFFAO18CB
新竹市,房地(土地+建物)+車位,新竹市新竹市榮光段一小段12地號等1筆 B02-07F,14.32,商,,,1010218,土地1建物1車位1,七層,25,住宅大樓(11層含以上有電梯),住家用,鋼筋混凝土造,,181.53,3,2,2,有,無,12750000,73973,坡道平面,27.42,1350000,,RPQOMLLJNHJFFAO38CB
新竹市,房地(土地+建物)+車位,新竹市新竹市榮光段一小段12地號等1筆 B02-08F,14.32,商,,,1010203,土地1建物1車位1,八層,25,住宅大樓(11層含以上有電梯),住家用,鋼筋混凝土造,,183.58,3,2,2,有,無,13060000,75660,坡道平面,29.47,1400000,,RPROMLLJNHJFFAO48CB
新竹市,房地(土地+建物)+車位,新竹市新竹市榮光段一小段12地號等1筆 B02-09F,14.32,商,,,1010222,土地1建物1車位1,九層,25,住宅大樓(11層含以上有電梯),住家用,鋼筋混凝土造,,183.58,3,2,2,有,無,13270000,77347,坡道平面,29.47,1350000,,RPTOMLLJNHJFFAO68CB
新竹市,房地(土地+建物)+車位,新竹市新竹市榮光段一小段12地號等1筆 B02-11F,14.32,商,,,1010311,土地1建物1車位1,十一層,25,住宅大樓(11層含以上有電梯),住家用,鋼筋混凝土造,,183.58,3,2,2,有,無,13450000,78515,坡道平面,29.47,1350000,,RPVOMLLJNHJFFAO88CB
新竹市,房地(土地+建物)+車位,新竹市新竹市榮光段一小段12地號等1筆 B02-13F,14.32,商,,,1020415,土地1建物1車位1,十三層,25,住宅大樓(11層含以上有電梯),住家用,鋼筋混凝土造,,181.53,3,2,2,有,無,13720000,80267,坡道平面,27.42,1350000,,RPQQMLLJNHJFFAO58CB
新竹市,房地(土地+建物)+車位,新竹市新竹市榮光段一小段12地號等1筆 B02-14F,14.32,商,,,1010309,土地1建物1車位1,十四層,25,住宅大樓(11層含以上有電梯),住家用,鋼筋混凝土造,,181.53,3,2,2,有,無,12680000,73519,坡道平面,27.42,1350000,,RPRQMLLJNHJFFAO68CB
新竹市,房地(土地+建物)+車位,新竹市新竹市榮光段一小段12地號等1筆 B02-15F,14.32,商,,,1010930,土地1建物1車位1,十五層,25,住宅大樓(11層含以上有電梯),住家用,鋼筋混凝土造,,183.58,3,2,2,有,無,13650000,79489,坡道平面,29.47,1400000,,RPTQMLLJNHJFFAO88CB
新竹市,房地(土地+建物)+車位,新竹市新竹市榮光段一小段12地號等1筆 B02-16F,14.32,商,,,1010429,土地1建物1車位1,十六層,25,住宅大樓(11層含以上有電梯),住家用,鋼筋混凝土造,,181.53,3,2,2,有,無,14990000,88833,坡道平面,27.42,1300000,,RPUQMLLJNHJFFAO98CB
新竹市,房地(土地+建物)+車位,新竹市新竹市榮光段一小段12地號等1筆 B02-17F,14.32,商,,,1010425,土地1建物1車位1,十七層,25,住宅大樓(11層含以上有電梯),住家用,鋼筋混凝土造,,183.58,3,2,2,有,無,14700000,86302,坡道平面,29.47,1400000,,RPVQMLLJNHJFFAO09CB
新竹市,房地(土地+建物)+車位,新竹市新竹市榮光段一小段12地號等1筆 B02-18F,14.32,商,,,1010423,土地1建物1車位1,十八層,25,住宅大樓(11層含以上有電梯),住家用,鋼筋混凝土造,,183.58,3,2,2,有,無,14950000,87924,坡道平面,29.47,1400000,,RPWQMLLJNHJFFAO56CB
新竹市,房地(土地+建物),新竹市新竹市榮光段一小段12地號等1筆 B02-19F,14.01,商,,,1010501,土地1建物1車位0,十九層,25,住宅大樓(11層含以上有電梯),住家用,鋼筋混凝土造,,154.11,3,2,2,有,無,14220000,92272,,0.0,0,,RPXQMLLJNHJFFAO66CB
新竹市,房地(土地+建物)+車位,新竹市新竹市榮光段一小段12地號等1筆 B02-20F,14.32,商,,,1010604,土地1建物1車位1,二十層,25,住宅大樓(11層含以上有電梯),住家用,鋼筋混凝土造,,183.58,3,2,2,有,無,15200000,89871,坡道平面,29.47,1350000,,RPORMLLJNHJFFAO48CB
新竹市,房地(土地+建物)+車位,新竹市新竹市榮光段一小段12地號等1筆 B02-21F,14.32,商,,,1010811,土地1建物1車位1,二十一層,25,住宅大樓(11層含以上有電梯),住家用,鋼筋混凝土造,,183.37,3,2,2,有,無,15380000,90838,坡道平面,29.47,1400000,,RPPRMLLJNHJFFAO58CB
新竹市,房地(土地+建物)+車位,新竹市新竹市榮光段一小段12地號等1筆 B02-22F,14.32,商,,,1010609,土地1建物1車位1,二十二層,25,住宅大樓(11層含以上有電梯),住家用,鋼筋混凝土造,,183.37,3,2,2,有,無,15330000,90838,坡道平面,29.47,1350000,,RPQRMLLJNHJFFAO68CB
新竹市,房地(土地+建物)+車位,新竹市新竹市榮光段一小段12地號等1筆 B02-23F,14.32,商,,,1010604,土地1建物1車位1,二十三層,25,住宅大樓(11層含以上有電梯),住家用,鋼筋混凝土造,,183.37,3,2,2,有,無,15450000,91618,坡道平面,29.47,1350000,,RPRRMLLJNHJFFAO78CB
新竹市,房地(土地+建物)+車位,新竹市新竹市榮光段一小段12地號等1筆 B02-24F,14.32,商,,,1010707,土地1建物1車位1,二十四層,25,住宅大樓(11層含以上有電梯),住家用,鋼筋混凝土造,,183.37,3,2,2,有,無,15500000,91618,坡道平面,29.47,1400000,,RPWRMLLJNHJFFAO66CB
新竹市,房地(土地+建物)+車位,新竹市新竹市榮光段一小段12地號等1筆 B02-25F,14.32,商,,,1010726,土地1建物1車位1,二十五層,25,住宅大樓(11層含以上有電梯),住家用,鋼筋混凝土造,,183.37,3,2,2,有,無,15000000,88694,坡道平面,29.47,1350000,,RPPSMLLJNHJFFAO68CB
新竹市,房地(土地+建物)+車位,新竹市新竹市榮光段一小段12地號等1筆 A01-02F,14.32,商,,,1010218,土地1建物1車位1,二層,25,住宅大樓(11層含以上有電梯),住家用,鋼筋混凝土造,,180.19,3,2,2,有,無,11500000,67012,坡道平面,29.47,1400000,,RPQSMLLJNHJFFAO78CB
新竹市,房地(土地+建物)+車位,新竹市新竹市榮光段一小段12地號等1筆 A01-03F,14.32,商,,,1010318,土地1建物1車位1,三層,25,住宅大樓(11層含以上有電梯),住家用,鋼筋混凝土造,,180.19,3,2,2,有,無,12690000,74907,坡道平面,29.47,1400000,,RPRSMLLJNHJFFAO88CB
新竹市,房地(土地+建物)+車位,新竹市新竹市榮光段一小段12地號等1筆 A01-04F,14.32,商,,,1010211,土地1建物1車位1,四層,25,住宅大樓(11層含以上有電梯),住家用,鋼筋混凝土造,,178.14,3,2,2,有,無,12310000,73049,坡道平面,27.42,1300000,,RPSSMLLJNHJFFAO98CB
新竹市,房地(土地+建物)+車位,新竹市新竹市榮光段一小段12地號等1筆 A01-05F,14.32,商,,,1010213,土地1建物1車位1,五層,25,住宅大樓(11層含以上有電梯),住家用,鋼筋混凝土造,,180.19,3,2,2,有,無,12400000,73315,坡道平面,29.47,1350000,,RPTSMLLJNHJFFAO09CB
新竹市,房地(土地+建物)+車位,新竹市新竹市榮光段一小段12地號等1筆 A01-06F,14.32,商,,,1011014,土地1建物1車位1,六層,25,住宅大樓(11層含以上有電梯),住家用,鋼筋混凝土造,,180.19,3,2,2,有,無,12610000,74376,坡道平面,29.47,1400000,,RPUSMLLJNHJFFAO56CB
新竹市,房地(土地+建物)+車位,新竹市新竹市榮光段一小段12地號等1筆 A01-07F,14.32,商,,,1010203,土地1建物1車位1,七層,25,住宅大樓(11層含以上有電梯),住家用,鋼筋混凝土造,,180.19,3,2,2,有,無,12730000,75173,坡道平面,29.47,1400000,,RPVSMLLJNHJFFAO66CB
新竹市,房地(土地+建物)+車位,新竹市新竹市榮光段一小段12地號等1筆 A01-08F,14.32,商,,,1010303,土地1建物1車位1,八層,25,住宅大樓(11層含以上有電梯),住家用,鋼筋混凝土造,,180.19,3,2,2,有,無,13400000,79950,坡道平面,29.47,1350000,,RPWSMLLJNHJFFAO76CB
新竹市,房地(土地+建物)+車位,新竹市新竹市榮光段一小段12地號等1筆 A01-09F,14.32,商,,,1010325,土地1建物1車位1,九層,25,住宅大樓(11層含以上有電梯),住家用,鋼筋混凝土造,,180.19,3,2,2,有,無,13550000,80613,坡道平面,29.47,1400000,,RPXSMLLJNHJFFAO86CB
新竹市,房地(土地+建物)+車位,新竹市新竹市榮光段一小段12地號等1筆 A01-10F,14.32,商,,,1010331,土地1建物1車位1,十層,25,住宅大樓(11層含以上有電梯),住家用,鋼筋混凝土造,,180.19,3,2,2,有,無,13500000,80613,坡道平面,29.47,1350000,,RPOTMLLJNHJFFAO68CB
新竹市,房地(土地+建物)+車位,新竹市新竹市榮光段一小段12地號等1筆 A01-11F,14.32,商,,,1010404,土地1建物1車位1,十一層,25,住宅大樓(11層含以上有電梯),住家用,鋼筋混凝土造,,180.19,3,2,2,有,無,14150000,84262,坡道平面,29.47,1450000,,RPPTMLLJNHJFFAO78CB
新竹市,房地(土地+建物)+車位,新竹市新竹市榮光段一小段12地號等1筆 A01-12F,14.32,商,,,1010214,土地1建物1車位1,十二層,25,住宅大樓(11層含以上有電梯),住家用,鋼筋混凝土造,,180.19,3,2,2,有,無,13990000,83532,坡道平面,29.47,1400000,,RPQTMLLJNHJFFAO88CB
新竹市,房地(土地+建物)+車位,新竹市新竹市榮光段一小段12地號等1筆 A01-13F,14.32,商,,,1010408,土地1建物1車位1,十三層,25,住宅大樓(11層含以上有電梯),住家用,鋼筋混凝土造,,180.19,3,2,2,有,無,14100000,84262,坡道平面,29.47,1400000,,RPRTMLLJNHJFFAO98CB
新竹市,房地(土地+建物)+車位,新竹市新竹市榮光段一小段12地號等1筆 A01-14F,14.32,商,,,1010218,土地1建物1車位1,十四層,25,住宅大樓(11層含以上有電梯),住家用,鋼筋混凝土造,,180.19,3,2,2,有,無,13100000,77627,坡道平面,29.47,1400000,,RPSTMLLJNHJFFAO09CB
新竹市,房地(土地+建物)+車位,新竹市新竹市榮光段一小段12地號等1筆 A01-15F,14.32,商,,,1010213,土地1建物1車位1,十五層,25,住宅大樓(11層含以上有電梯),商業用,鋼筋混凝土造,,180.19,3,2,2,有,無,13820000,82404,坡道平面,29.47,1400000,,RPTTMLLJNHJFFAO56CB
新竹市,房地(土地+建物)+車位,新竹市新竹市榮光段一小段12地號等1筆 A01-16F,14.32,商,,,1010617,土地1建物1車位1,十六層,25,住宅大樓(11層含以上有電梯),住家用,鋼筋混凝土造,,180.19,3,2,2,有,無,15200000,91229,坡道平面,29.47,1450000,,RPUTMLLJNHJFFAO66CB
新竹市,房地(土地+建物)+車位,新竹市新竹市榮光段一小段12地號等1筆 A01-17F,14.32,商,,,1010603,土地1建物1車位1,十六層,25,住宅大樓(11層含以上有電梯),住家用,鋼筋混凝土造,,180.19,3,2,2,有,無,14850000,89238,坡道平面,29.47,1400000,,RPVTMLLJNHJFFAO76CB
新竹市,房地(土地+建物)+車位,新竹市新竹市榮光段一小段12地號等1筆 A01-18F,14.32,商,,,1010608,土地1建物1車位1,十八層,25,住宅大樓(11層含以上有電梯),住家用,鋼筋混凝土造,,180.19,3,2,2,有,無,15050000,90897,坡道平面,29.47,1350000,,RPWTMLLJNHJFFAO86CB
新竹市,房地(土地+建物)+車位,新竹市新竹市榮光段一小段12地號等1筆 A01-20F,12.41,商,,,1010616,土地1建物1車位1,二十層,25,住宅大樓(11層含以上有電梯),住家用,鋼筋混凝土造,,161.74,3,2,2,有,無,12750000,85431,坡道平面,29.47,1450000,,RPOUMLLJNHJFFAO78CB
新竹市,房地(土地+建物)+車位,新竹市新竹市榮光段一小段12地號等1筆 C-02F,22.6,商,,,1010602,土地1建物1車位2,二層,25,住宅大樓(11層含以上有電梯),住家用,鋼筋混凝土造,,285.92,4,2,3,有,無,19220000,71901,坡道平面,58.94,2900000,,RPPNMLNJNHJFFAO38CB
新竹市,房地(土地+建物)+車位,新竹市新竹市榮光段一小段12地號等1筆 C-03F,22.6,商,,,1010606,土地1建物1車位2,三層,25,住宅大樓(11層含以上有電梯),住家用,鋼筋混凝土造,,283.87,4,2,3,有,無,19280000,72826,坡道平面,56.89,2750000,,RPQNMLNJNHJFFAO48CB
新竹市,房地(土地+建物)+車位,新竹市新竹市榮光段一小段12地號等1筆 C-04F,22.6,商,,,1010603,土地1建物1車位2,四層,25,住宅大樓(11層含以上有電梯),住家用,鋼筋混凝土造,,281.82,4,2,3,有,無,17850000,67187,坡道平面,54.84,2600000,,RPRNMLNJNHJFFAO58CB
新竹市,房地(土地+建物)+車位,新竹市新竹市榮光段一小段12地號等1筆 C-05F,22.6,商,,,1010203,土地1建物1車位2,五層,25,住宅大樓(11層含以上有電梯),住家用,鋼筋混凝土造,,285.92,4,2,3,有,無,18500000,69169,坡道平面,58.94,2800000,,RPSNMLNJNHJFFAO68CB
新竹市,房地(土地+建物)+車位,新竹市新竹市榮光段一小段12地號等1筆 C-06F,22.6,商,,,1010225,土地1建物1車位2,六層,25,住宅大樓(11層含以上有電梯),住家用,鋼筋混凝土造,,285.92,4,2,3,有,無,18260000,68552,坡道平面,58.94,2700000,,RPUNMLNJNHJFFAO88CB
新竹市,房地(土地+建物)+車位,新竹市新竹市榮光段一小段12地號等1筆 C-07F,22.6,商,,,1010219,土地1建物1車位2,七層,25,住宅大樓(11層含以上有電梯),住家用,鋼筋混凝土造,,285.92,4,2,3,有,無,19180000,71724,坡道平面,58.94,2900000,,RPVNMLNJNHJFFAO98CB
新竹市,房地(土地+建物)+車位,新竹市新竹市榮光段一小段12地號等1筆 C-08F,22.6,商,,,1010418,土地1建物1車位2,八層,25,住宅大樓(11層含以上有電梯),住家用,鋼筋混凝土造,,285.92,4,2,3,有,無,20280000,76571,坡道平面,58.94,2900000,,RPWNMLNJNHJFFAO09CB
新竹市,房地(土地+建物)+車位,新竹市新竹市榮光段一小段12地號等1筆 C-09F,22.6,商,,,1010615,土地1建物1車位2,九層,25,住宅大樓(11層含以上有電梯),住家用,鋼筋混凝土造,,285.92,4,2,3,有,無,20360000,76923,坡道平面,58.94,2900000,,RPXNMLNJNHJFFAO56CB
新竹市,房地(土地+建物)+車位,新竹市新竹市榮光段一小段12地號等1筆 C-10F,22.6,商,,,1010421,土地1建物1車位2,十層,25,住宅大樓(11層含以上有電梯),住家用,鋼筋混凝土造,,285.92,4,2,3,有,無,20410000,77143,坡道平面,58.94,2900000,,RPOOMLNJNHJFFAO38CB
新竹市,房地(土地+建物)+車位,新竹市新竹市榮光段一小段12地號等1筆 C-11F,22.6,商,,,1010905,土地1建物1車位2,十一層,25,住宅大樓(11層含以上有電梯),住家用,鋼筋混凝土造,,285.92,4,2,3,有,無,20700000,78421,坡道平面,58.94,2900000,,RPPOMLNJNHJFFAO48CB
新竹市,房地(土地+建物)+車位,新竹市新竹市榮光段一小段12地號等1筆 C-12F,22.6,商,,,1010503,土地1建物1車位2,十二層,25,住宅大樓(11層含以上有電梯),住家用,鋼筋混凝土造,,285.92,4,2,3,有,無,20500000,77980,坡道平面,58.94,2800000,,RPQOMLNJNHJFFAO58CB
新竹市,房地(土地+建物)+車位,新竹市新竹市榮光段一小段12地號等1筆 C-13F,22.6,商,,,1010602,土地1建物1車位2,十三層,25,住宅大樓(11層含以上有電梯),住家用,鋼筋混凝土造,,281.82,4,2,3,有,無,20620000,78509,坡道平面,54.84,2800000,,RPROMLNJNHJFFAO68CB
新竹市,房地(土地+建物)+車位,新竹市新竹市榮光段一小段12地號等1筆 C-14F,22.6,商,,,1010427,土地1建物1車位2,十四層,25,住宅大樓(11層含以上有電梯),住家用,鋼筋混凝土造,,281.82,4,2,3,有,無,20720000,78950,坡道平面,54.84,2800000,,RPSOMLNJNHJFFAO78CB
新竹市,房地(土地+建物)+車位,新竹市新竹市榮光段一小段12地號等1筆 C-15F,22.6,商,,,1010212,土地1建物1車位2,十五層,25,住宅大樓(11層含以上有電梯),住家用,鋼筋混凝土造,,285.92,4,2,3,有,無,20250000,76438,坡道平面,58.94,2900000,,RPTOMLNJNHJFFAO88CB
新竹市,房地(土地+建物)+車位,新竹市新竹市榮光段一小段12地號等1筆 C-16F,22.6,商,,,1010617,土地1建物1車位2,十六層,25,住宅大樓(11層含以上有電梯),住家用,鋼筋混凝土造,,285.92,4,2,3,有,無,21750000,83928,坡道平面,58.94,2700000,,RPUOMLNJNHJFFAO98CB
新竹市,房地(土地+建物)+車位,新竹市新竹市榮光段一小段12地號等1筆 C-17F,22.6,商,,,1010818,土地1建物1車位2,十七層,25,住宅大樓(11層含以上有電梯),住家用,鋼筋混凝土造,,283.87,4,2,3,有,無,21670000,82474,坡道平面,56.89,2950000,,RPVOMLNJNHJFFAO09CB
新竹市,房地(土地+建物)+車位,新竹市新竹市榮光段一小段12地號等1筆 C-18F,22.6,商,,,1010624,土地1建物1車位2,十八層,25,住宅大樓(11層含以上有電梯),住家用,鋼筋混凝土造,,281.82,4,2,3,有,無,21720000,83355,坡道平面,54.84,2800000,,RPWOMLNJNHJFFAO56CB
新竹市,房地(土地+建物)+車位,新竹市新竹市榮光段一小段12地號等1筆 C-19F,22.6,商,,,1010921,土地1建物1車位2,十九層,25,住宅大樓(11層含以上有電梯),住家用,鋼筋混凝土造,,283.87,4,2,3,有,無,22520000,86219,坡道平面,56.89,2950000,,RPXOMLNJNHJFFAO66CB
新竹市,房地(土地+建物)+車位,新竹市新竹市榮光段一小段12地號等1筆 C-20F,22.6,商,,,1011023,土地1建物1車位2,二十層,25,住宅大樓(11層含以上有電梯),住家用,鋼筋混凝土造,,285.92,4,2,3,有,無,21800000,84148,坡道平面,58.94,2700000,,RPOPMLNJNHJFFAO48CB
新竹市,房地(土地+建物)+車位,新竹市新竹市榮光段一小段12地號等1筆 C-21F,22.6,商,,,1010701,土地1建物1車位2,二十一層,25,住宅大樓(11層含以上有電梯),住家用,鋼筋混凝土造,,281.82,4,2,3,有,無,22060000,84413,坡道平面,54.84,2900000,,RPPPMLNJNHJFFAO58CB
新竹市,房地(土地+建物)+車位,新竹市新竹市榮光段一小段12地號等1筆 C-22F,18.46,商,,,1010923,土地1建物1車位1,二十二層,25,住宅大樓(11層含以上有電梯),住家用,鋼筋混凝土造,,217.25,3,2,2,有,無,18760000,92182,坡道平面,29.47,1450000,,RPQPMLNJNHJFFAO68CB
新竹市,房地(土地+建物)+車位,新竹市新竹市榮光段一小段12地號等1筆 C-23F,18.46,商,,,1010617,土地1建物1車位1,二十三層,25,住宅大樓(11層含以上有電梯),住家用,鋼筋混凝土造,,217.25,3,2,2,有,無,17780000,86963,坡道平面,29.47,1450000,,RPRPMLNJNHJFFAO78CB
新竹市,房地(土地+建物)+車位,新竹市新竹市榮光段一小段12地號等1筆 C-24F,16.23,商,,,1010804,土地1建物1車位1,二十四層,25,住宅大樓(11層含以上有電梯),住家用,鋼筋混凝土造,,190.05,3,2,2,有,無,15320000,86208,坡道平面,27.42,1300000,,RPSPMLNJNHJFFAO88CB
新竹市,房地(土地+建物)+車位,新竹市新竹市榮光段一小段12地號等1筆 D-02F,22.28,商,,,1010602,土地1建物1車位1,二層,25,住宅大樓(11層含以上有電梯),住家用,鋼筋混凝土造,,257.56,4,2,3,有,無,18060000,72822,坡道平面,29.47,1450000,,RPUPMLNJNHJFFAO09CB
新竹市,房地(土地+建物)+車位,新竹市新竹市榮光段一小段12地號等1筆 D-03F,22.6,商,,,1010901,土地1建物1車位2,三層,25,住宅大樓(11層含以上有電梯),住家用,鋼筋混凝土造,,284.98,4,2,3,有,無,19600000,73217,坡道平面,56.89,2900000,,RPVPMLNJNHJFFAO56CB
新竹市,房地(土地+建物)+車位,新竹市新竹市榮光段一小段12地號等1筆 D-04F,22.6,商,,,1011014,土地1建物1車位2,四層,25,住宅大樓(11層含以上有電梯),住家用,鋼筋混凝土造,,287.03,4,2,3,有,無,19500000,72340,坡道平面,58.94,3000000,,RPWPMLNJNHJFFAO66CB
新竹市,房地(土地+建物)+車位,新竹市新竹市榮光段一小段12地號等1筆 D-05F,22.6,商,,,1010304,土地1建物1車位2,五層,25,住宅大樓(11層含以上有電梯),住家用,鋼筋混凝土造,,287.03,4,2,3,有,無,19650000,73874,坡道平面,58.94,2800000,,RPXPMLNJNHJFFAO76CB
新竹市,房地(土地+建物)+車位,新竹市新竹市榮光段一小段12地號等1筆 D-06F,22.6,商,,,1010812,土地1建物1車位2,六層,25,住宅大樓(11層含以上有電梯),住家用,鋼筋混凝土造,,284.98,4,2,3,有,無,20650000,78478,坡道平面,56.89,2750000,,RPOQMLNJNHJFFAO58CB
新竹市,房地(土地+建物)+車位,新竹市新竹市榮光段一小段12地號等1筆 D-07F,22.28,商,,,1010310,土地1建物1車位1,七層,25,住宅大樓(11層含以上有電梯),住家用,鋼筋混凝土造,,255.51,4,2,3,有,無,19680000,80144,坡道平面,27.42,1400000,,RPPQMLNJNHJFFAO68CB
新竹市,房地(土地+建物)+車位,新竹市新竹市榮光段一小段12地號等1筆 D-08F,22.6,商,,,1010901,土地1建物1車位2,八層,25,住宅大樓(11層含以上有電梯),住家用,鋼筋混凝土造,,282.93,4,2,3,有,無,21500000,82862,坡道平面,54.84,2600000,,RPQQMLNJNHJFFAO78CB
新竹市,房地(土地+建物)+車位,新竹市新竹市榮光段一小段12地號等1筆 D-09F,22.6,商,,,1010609,土地1建物1車位2,九層,25,住宅大樓(11層含以上有電梯),住家用,鋼筋混凝土造,,284.98,4,2,3,有,無,22020000,83827,坡道平面,56.89,2900000,,RPRQMLNJNHJFFAO88CB
新竹市,房地(土地+建物)+車位,新竹市新竹市榮光段一小段12地號等1筆 D-10F,22.6,商,,,1010421,土地1建物1車位2,十層,25,住宅大樓(11層含以上有電梯),住家用,鋼筋混凝土造,,287.03,4,2,3,有,無,22520000,86019,坡道平面,58.94,2900000,,RPSQMLNJNHJFFAO98CB
新竹市,房地(土地+建物)+車位,新竹市新竹市榮光段一小段12地號等1筆 D-11F,22.6,商,,,1010325,土地1建物1車位2,十一層,25,住宅大樓(11層含以上有電梯),住家用,鋼筋混凝土造,,284.98,4,2,3,有,無,22360000,85536,坡道平面,56.89,2850000,,RPTQMLNJNHJFFAO09CB
新竹市,房地(土地+建物)+車位,新竹市新竹市榮光段一小段12地號等1筆 D-12F,22.6,商,,,1010902,土地1建物1車位2,十二層,25,住宅大樓(11層含以上有電梯),住家用,鋼筋混凝土造,,284.98,4,2,3,有,無,20580000,77732,坡道平面,56.89,2850000,,RPUQMLNJNHJFFAO56CB
新竹市,房地(土地+建物)+車位,新竹市新竹市榮光段一小段12地號等1筆 D-13F,18.78,商,,,1010419,土地1建物1車位2,十三層,25,住宅大樓(11層含以上有電梯),住家用,鋼筋混凝土造,,248.61,3,2,2,有,無,18000000,79476,坡道平面,54.84,2600000,,RPVQMLNJNHJFFAO66CB
新竹市,房地(土地+建物)+車位,新竹市新竹市榮光段一小段12地號等1筆 D-14F,18.46,商,,,1010630,土地1建物1車位1,十四層,25,住宅大樓(11層含以上有電梯),住家用,鋼筋混凝土造,,223.24,3,2,2,有,無,16880000,80147,坡道平面,29.47,1350000,,RPWQMLNJNHJFFAO76CB
新竹市,房地(土地+建物)+車位,新竹市新竹市榮光段一小段12地號等1筆 D-15F,22.6,商,,,1010215,土地1建物1車位2,十五層,25,住宅大樓(11層含以上有電梯),住家用,鋼筋混凝土造,,284.98,4,2,3,有,無,21250000,80670,坡道平面,56.89,2850000,,RPXQMLNJNHJFFAO86CB
新竹市,房地(土地+建物)+車位,新竹市新竹市榮光段一小段12地號等1筆 D-16F,22.6,商,,,1010701,土地1建物1車位2,十六層,25,住宅大樓(11層含以上有電梯),住家用,鋼筋混凝土造,,287.03,4,2,3,有,無,23000000,88562,坡道平面,58.94,2800000,,RPORMLNJNHJFFAO68CB
新竹市,房地(土地+建物)+車位,新竹市新竹市榮光段一小段12地號等1筆 D-17F,22.6,商,,,1010429,土地1建物1車位2,十七層,25,住宅大樓(11層含以上有電梯),住家用,鋼筋混凝土造,,282.93,4,2,3,有,無,23150000,88781,坡道平面,54.84,2900000,,RPPRMLNJNHJFFAO78CB
新竹市,房地(土地+建物)+車位,新竹市新竹市榮光段一小段12地號等1筆 D-18F,22.6,商,,,1010422,土地1建物1車位2,十八層,25,住宅大樓(11層含以上有電梯),住家用,鋼筋混凝土造,,287.03,4,2,3,有,無,23000000,88123,坡道平面,58.94,2900000,,RPQRMLNJNHJFFAO88CB
新竹市,房地(土地+建物)+車位,新竹市新竹市榮光段一小段12地號等1筆 D-19F,22.6,商,,,1010605,土地1建物1車位2,十九層,25,住宅大樓(11層含以上有電梯),住家用,鋼筋混凝土造,,284.98,4,2,3,有,無,23500000,90534,坡道平面,56.89,2850000,,RPRRMLNJNHJFFAO98CB
新竹市,房地(土地+建物)+車位,新竹市新竹市榮光段一小段12地號等1筆 D-20F,22.6,商,,,1010824,土地1建物1車位2,二十層,25,住宅大樓(11層含以上有電梯),住家用,鋼筋混凝土造,,282.93,4,2,3,有,無,23230000,89131,坡道平面,54.84,2900000,,RPSRMLNJNHJFFAO09CB
新竹市,房地(土地+建物)+車位,新竹市新竹市榮光段一小段12地號等1筆 D-21F,22.6,商,,,1010428,土地1建物1車位2,二十一層,25,住宅大樓(11層含以上有電梯),住家用,鋼筋混凝土造,,282.93,4,2,3,有,無,23150000,89219,坡道平面,54.84,2800000,,RPTRMLNJNHJFFAO56CB
新竹市,房地(土地+建物)+車位,新竹市新竹市榮光段一小段12地號等1筆 D-22F,18.46,商,,,1010415,土地1建物1車位1,二十二層,25,住宅大樓(11層含以上有電梯),住家用,鋼筋混凝土造,,218.37,3,2,2,有,無,18800000,91848,坡道平面,29.47,1450000,,RPURMLNJNHJFFAO66CB
新竹市,房地(土地+建物)+車位,新竹市新竹市榮光段一小段12地號等1筆 D-23F,18.46,商,,,1010513,土地1建物1車位1,二十三層,25,住宅大樓(11層含以上有電梯),住家用,鋼筋混凝土造,,218.37,3,2,2,有,無,18600000,90789,坡道平面,29.47,1450000,,RPVRMLNJNHJFFAO76CB
新竹市,房地(土地+建物)+車位,新竹市新竹市榮光段一小段12地號等1筆 D-24F,16.23,商,,,1010804,土地1建物1車位1,二十四層,25,住宅大樓(11層含以上有電梯),住家用,鋼筋混凝土造,,191.34,3,2,2,有,無,16130000,90471,坡道平面,27.42,1300000,,RPWRMLNJNHJFFAO86CB
新竹市,房地(土地+建物)+車位,新竹市新竹市榮光段一小段12地號等1筆 D-25F,16.23,商,,,1010415,土地1建物1車位1,二十五層,25,住宅大樓(11層含以上有電梯),住家用,鋼筋混凝土造,,191.34,3,2,2,有,無,15780000,88031,坡道平面,27.42,1350000,,RPXRMLNJNHJFFAO96CB
新竹市,房地(土地+建物)+車位,新竹市新竹市榮光段一小段12地號等1筆 E-02F,18.14,商,,,1010922,土地1建物1車位1,二層,25,住宅大樓(11層含以上有電梯),住家用,鋼筋混凝土造,,211.94,3,2,2,有,無,15490000,76944,坡道平面,29.47,1450000,,RPOSMLNJNHJFFAO78CB
新竹市,房地(土地+建物)+車位,新竹市新竹市榮光段一小段12地號等1筆 E-03F,18.14,商,,,1010407,土地1建物1車位1,三層,25,住宅大樓(11層含以上有電梯),住家用,鋼筋混凝土造,,211.94,3,2,2,有,無,15590000,77218,坡道平面,29.47,1500000,,RPPSMLNJNHJFFAO88CB
新竹市,房地(土地+建物)+車位,新竹市新竹市榮光段一小段12地號等1筆 E-04F,18.14,商,,,1010624,土地1建物1車位1,四層,25,住宅大樓(11層含以上有電梯),住家用,鋼筋混凝土造,,211.94,3,2,2,有,無,15380000,76341,坡道平面,29.47,1450000,,RPQSMLNJNHJFFAO98CB
新竹市,房地(土地+建物)+車位,新竹市新竹市榮光段一小段12地號等1筆 E-05F,18.14,商,,,1010407,土地1建物1車位1,五層,25,住宅大樓(11層含以上有電梯),住家用,鋼筋混凝土造,,212.12,3,2,2,有,無,15500000,76923,坡道平面,29.47,1450000,,RPRSMLNJNHJFFAO09CB
新竹市,房地(土地+建物)+車位,新竹市新竹市榮光段一小段12地號等1筆 E-06F,18.14,商,,,1010421,土地1建物1車位1,六層,25,住宅大樓(11層含以上有電梯),住家用,鋼筋混凝土造,,212.12,3,2,2,有,無,15980000,79551,坡道平面,29.47,1450000,,RPSSMLNJNHJFFAO56CB
新竹市,房地(土地+建物)+車位,新竹市新竹市榮光段一小段12地號等1筆 E-07F,18.14,商,,,1010414,土地1建物1車位1,七層,25,住宅大樓(11層含以上有電梯),住家用,鋼筋混凝土造,,210.07,3,2,2,有,無,16030000,80099,坡道平面,27.42,1400000,,RPTSMLNJNHJFFAO66CB
新竹市,房地(土地+建物)+車位,新竹市新竹市榮光段一小段12地號等1筆 E-08F,18.14,商,,,1010728,土地1建物1車位1,八層,25,住宅大樓(11層含以上有電梯),住家用,鋼筋混凝土造,,212.12,3,2,2,有,無,16700000,83767,坡道平面,29.47,1400000,,RPUSMLNJNHJFFAO76CB
新竹市,房地(土地+建物)+車位,新竹市新竹市榮光段一小段12地號等1筆 E-09F,18.14,商,,,1010506,土地1建物1車位1,九層,25,住宅大樓(11層含以上有電梯),住家用,鋼筋混凝土造,,212.12,3,2,2,有,無,16630000,83657,坡道平面,29.47,1350000,,RPVSMLNJNHJFFAO86CB
新竹市,房地(土地+建物)+車位,新竹市新竹市榮光段一小段12地號等1筆 E-10F,18.14,商,,,1010404,土地1建物1車位1,十層,25,住宅大樓(11層含以上有電梯),住家用,鋼筋混凝土造,,212.12,3,2,2,有,無,16580000,82836,坡道平面,29.47,1450000,,RPWSMLNJNHJFFAO96CB
新竹市,房地(土地+建物)+車位,新竹市新竹市榮光段一小段12地號等1筆   E-11F,18.14,商,,,1010505,土地1建物1車位1,十一層,25,住宅大樓(11層含以上有電梯),住家用,鋼筋混凝土造,,212.12,3,2,2,有,無,16800000,84588,坡道平面,29.47,1350000,,RPXSMLNJNHJFFAO07CB
新竹市,房地(土地+建物)+車位,新竹市新竹市榮光段一小段12地號等1筆 E-13F,18.14,商,,,1010318,土地1建物1車位1,十三層,25,住宅大樓(11層含以上有電梯),住家用,鋼筋混凝土造,,212.12,3,2,2,有,無,16560000,83274,坡道平面,29.47,1350000,,RPOTMLNJNHJFFAO88CB
新竹市,房地(土地+建物)+車位,新竹市新竹市榮光段一小段12地號等1筆 E-12F,18.14,商,,,1010328,土地1建物1車位1,十二層,25,住宅大樓(11層含以上有電梯),住家用,鋼筋混凝土造,,212.12,3,2,2,有,無,16550000,82946,坡道平面,29.47,1400000,,RPPTMLNJNHJFFAO98CB
新竹市,房地(土地+建物)+車位,新竹市新竹市榮光段一小段12地號等1筆 E-14F,18.14,商,,,1010610,土地1建物1車位1,十四層,25,住宅大樓(11層含以上有電梯),住家用,鋼筋混凝土造,,212.12,3,2,2,有,無,16980000,85300,坡道平面,29.47,1400000,,RPQTMLNJNHJFFAO09CB
新竹市,房地(土地+建物)+車位,新竹市新竹市榮光段一小段12地號等1筆 E-16F,18.46,商,,,1010817,土地1建物1車位2,十六層,25,住宅大樓(11層含以上有電梯),住家用,鋼筋混凝土造,,237.49,3,2,2,有,無,18400000,86504,坡道平面,54.84,2600000,,RPRQMLPJNHJFFAO09CB
新竹市,房地(土地+建物)+車位,新竹市新竹市榮光段一小段12地號等1筆 E-17F,18.14,商,,,1010615,土地1建物1車位1,十七層,25,住宅大樓(11層含以上有電梯),住家用,鋼筋混凝土造,,210.07,3,2,2,有,無,17500000,88694,坡道平面,27.42,1300000,,RPTQMLPJNHJFFAO66CB
新竹市,房地(土地+建物)+車位,新竹市新竹市榮光段一小段12地號等1筆 E-18F,18.14,商,,,1010611,土地1建物1車位1,十八層,25,住宅大樓(11層含以上有電梯),住家用,鋼筋混凝土造,,210.07,3,2,2,有,無,17300000,87325,坡道平面,27.42,1350000,,RPUQMLPJNHJFFAO76CB
新竹市,房地(土地+建物)+車位,新竹市新竹市榮光段一小段12地號等1筆 E-19F,18.14,商,,,1010608,土地1建物1車位1,十九層,25,住宅大樓(11層含以上有電梯),住家用,鋼筋混凝土造,,212.12,3,2,2,有,無,17800000,89789,坡道平面,29.47,1400000,,RPVQMLPJNHJFFAO86CB
新竹市,房地(土地+建物)+車位,新竹市新竹市榮光段一小段12地號等1筆 E-20F,18.14,商,,,1010722,土地1建物1車位1,二十層,25,住宅大樓(11層含以上有電梯),住家用,鋼筋混凝土造,,212.12,3,2,2,有,無,17500000,88420,坡道平面,29.47,1350000,,RPWQMLPJNHJFFAO96CB
新竹市,房地(土地+建物)+車位,新竹市新竹市榮光段一小段12地號等1筆 E-21F,18.14,商,,,1010617,土地1建物1車位1,二十一層,25,住宅大樓(11層含以上有電梯),住家用,鋼筋混凝土造,,212.12,3,2,2,有,無,17750000,89789,坡道平面,29.47,1350000,,RPXQMLPJNHJFFAO07CB
新竹市,房地(土地+建物)+車位,新竹市新竹市榮光段一小段12地號等1筆 E-22F,18.14,商,,,1010721,土地1建物1車位1,二十二層,25,住宅大樓(11層含以上有電梯),住家用,鋼筋混凝土造,,212.12,3,2,2,有,無,17800000,90063,坡道平面,29.47,1350000,,RPORMLPJNHJFFAO88CB
新竹市,房地(土地+建物)+車位,新竹市新竹市榮光段一小段12地號等1筆 E-23F,18.14,商,,,1010715,土地1建物1車位1,二十三層,25,住宅大樓(11層含以上有電梯),住家用,鋼筋混凝土造,,212.12,3,2,2,有,無,17820000,90172,坡道平面,29.47,1350000,,RPPRMLPJNHJFFAO98CB
新竹市,房地(土地+建物)+車位,新竹市新竹市榮光段一小段12地號等1筆 E-24F,18.14,商,,,1010825,土地1建物1車位1,二十四層,25,住宅大樓(11層含以上有電梯),住家用,鋼筋混凝土造,,212.12,3,2,2,有,無,17760000,89570,坡道平面,29.47,1400000,,RPRRMLPJNHJFFAO56CB
新竹市,房地(土地+建物)+車位,新竹市新竹市榮光段一小段12地號等1筆 E-25F,18.14,商,,,1010826,土地1建物1車位1,二十五層,25,住宅大樓(11層含以上有電梯),住家用,鋼筋混凝土造,,210.07,3,2,2,有,無,17360000,87106,坡道平面,27.42,1450000,,RPSRMLPJNHJFFAO66CB
新竹市,房地(土地+建物)+車位,新竹市新竹市榮光段一小段12地號等1筆 F-02F,20.05,商,,,1010602,土地1建物1車位1,二層,25,住宅大樓(11層含以上有電梯),住家用,鋼筋混凝土造,,230.61,4,2,3,有,無,14800000,66123,坡道平面,29.47,1500000,,RPURMLPJNHJFFAO86CB
新竹市,房地(土地+建物)+車位,新竹市新竹市榮光段一小段12地號等1筆 F-03F,20.05,商,,,1010428,土地1建物1車位1,三層,25,住宅大樓(11層含以上有電梯),住家用,鋼筋混凝土造,,230.61,4,2,3,有,無,16280000,73730,坡道平面,29.47,1450000,,RPVRMLPJNHJFFAO96CB
新竹市,房地(土地+建物)+車位,新竹市新竹市榮光段一小段12地號等1筆 F-04F,20.05,商,,,1010414,土地1建物1車位1,四層,25,住宅大樓(11層含以上有電梯),住家用,鋼筋混凝土造,,230.61,4,2,3,有,無,16080000,72487,坡道平面,29.47,1500000,,RPWRMLPJNHJFFAO07CB
新竹市,房地(土地+建物)+車位,新竹市新竹市榮光段一小段12地號等1筆 F-05F,20.37,商,,,1010304,土地1建物1車位2,五層,25,住宅大樓(11層含以上有電梯),住家用,鋼筋混凝土造,,260.03,4,2,3,有,無,17750000,74345,坡道平面,58.94,2800000,,RPXRMLPJNHJFFAO17CB
新竹市,房地(土地+建物)+車位,新竹市新竹市榮光段一小段12地號等1筆 F-06F,20.37,商,,,1010918,土地1建物1車位2,六層,25,華廈(10層含以下有電梯),住家用,鋼筋混凝土造,,257.98,4,2,3,有,無,18600000,78074,坡道平面,56.89,2900000,,RPOSMLPJNHJFFAO98CB
新竹市,房地(土地+建物)+車位,新竹市新竹市榮光段一小段12地號等1筆 F-07F,20.37,商,,,1010210,土地1建物1車位2,七層,25,住宅大樓(11層含以上有電梯),住家用,鋼筋混凝土造,,257.98,4,2,3,有,無,19120000,80660,坡道平面,56.89,2900000,,RPPSMLPJNHJFFAO09CB
新竹市,房地(土地+建物)+車位,新竹市新竹市榮光段一小段12地號等1筆 F-08F,20.37,商,,,1010608,土地1建物1車位2,八層,25,住宅大樓(11層含以上有電梯),住家用,鋼筋混凝土造,,255.93,4,2,3,有,無,19930000,86180,坡道平面,54.84,2600000,,RPQSMLPJNHJFFAO56CB
新竹市,房地(土地+建物)+車位,新竹市新竹市榮光段一小段12地號等1筆 F-09F,20.05,商,,,1010603,土地1建物1車位1,九層,25,住宅大樓(11層含以上有電梯),住家用,鋼筋混凝土造,,230.56,4,2,3,有,無,18830000,86180,坡道平面,29.47,1500000,,RPRSMLPJNHJFFAO66CB
新竹市,房地(土地+建物)+車位,新竹市新竹市榮光段一小段12地號等1筆 F-10F,20.05,商,,,1010223,土地1建物1車位1,十層,25,住宅大樓(11層含以上有電梯),住家用,鋼筋混凝土造,,230.56,4,2,3,有,無,18530000,84688,坡道平面,29.47,1500000,,RPSSMLPJNHJFFAO76CB
新竹市,房地(土地+建物)+車位,新竹市新竹市榮光段一小段12地號等1筆 F-11F,20.05,商,,,1010225,土地1建物1車位1,十一層,25,住宅大樓(11層含以上有電梯),住家用,鋼筋混凝土造,,228.51,4,2,3,有,無,18580000,85186,坡道平面,27.42,1450000,,RPTSMLPJNHJFFAO86CB
新竹市,房地(土地+建物)+車位,新竹市新竹市榮光段一小段12地號等1筆 F-12F,20.05,商,,,1010825,土地1建物1車位1,十二層,25,住宅大樓(11層含以上有電梯),住家用,鋼筋混凝土造,,230.56,4,2,3,有,無,17380000,79218,坡道平面,29.47,1450000,,RPUSMLPJNHJFFAO96CB
新竹市,房地(土地+建物)+車位,新竹市新竹市榮光段一小段12地號等1筆 F-13F,16.87,商,,,1010714,土地1建物1車位1,十三層,25,住宅大樓(11層含以上有電梯),住家用,鋼筋混凝土造,,199.89,3,2,2,有,無,15150000,80976,坡道平面,29.47,1350000,,RPVSMLPJNHJFFAO07CB
新竹市,房地(土地+建物)+車位,新竹市新竹市東區頂竹里6鄰東南街52巷10號 F-14F,16.87,商,,,1010624,土地1建物1車位1,十四層,25,住宅大樓(11層含以上有電梯),住家用,鋼筋混凝土造,,199.89,3,2,2,有,無,15200000,81270,坡道平面,29.47,1350000,,RPWSMLPJNHJFFAO17CB
新竹市,房地(土地+建物)+車位,新竹市新竹市榮光段一小段12地號等1筆 F-15F,20.37,商,,,1010208,土地1建物1車位2,十五層,25,住宅大樓(11層含以上有電梯),住家用,鋼筋混凝土造,,260.03,4,2,3,有,無,18860000,78870,坡道平面,58.94,3000000,,RPXSMLPJNHJFFAO27CB
新竹市,房地(土地+建物)+車位,新竹市新竹市榮光段一小段12地號等1筆 F-16F,20.05,商,,,1010916,土地1建物1車位1,十六層,25,住宅大樓(11層含以上有電梯),住家用,鋼筋混凝土造,,228.51,4,2,3,有,無,19350000,89512,坡道平面,27.42,1350000,,RPOTMLPJNHJFFAO09CB
新竹市,房地(土地+建物)+車位,新竹市新竹市榮光段一小段12地號等1筆 F-17F,20.05,商,,,1010930,土地1建物1車位1,十七層,25,住宅大樓(11層含以上有電梯),住家用,鋼筋混凝土造,,230.56,4,2,3,有,無,19450000,89264,坡道平面,29.47,1500000,,RPPTMLPJNHJFFAO56CB
新竹市,房地(土地+建物)+車位,新竹市新竹市榮光段一小段12地號等1筆 F-18F,20.37,商,,,1010908,土地1建物1車位2,十八層,25,住宅大樓(11層含以上有電梯),住家用,鋼筋混凝土造,,260.03,4,2,3,有,無,20510000,87821,坡道平面,58.94,2850000,,RPQTMLPJNHJFFAO66CB
新竹市,房地(土地+建物)+車位,新竹市新竹市榮光段一小段12地號等1筆 F-19F,20.05,商,,,1010929,土地1建物1車位1,十九層,25,住宅大樓(11層含以上有電梯),住家用,鋼筋混凝土造,,230.56,4,2,3,有,無,19750000,90755,坡道平面,29.47,1500000,,RPRTMLPJNHJFFAO76CB
新竹市,房地(土地+建物)+車位,新竹市新竹市榮光段一小段12地號等1筆 F-20F,20.37,商,,,1010909,土地1建物1車位2,二十層,25,住宅大樓(11層含以上有電梯),住家用,鋼筋混凝土造,,257.98,4,2,3,有,無,20580000,88667,坡道平面,56.89,2750000,,RPSTMLPJNHJFFAO86CB
新竹市,房地(土地+建物)+車位,新竹市新竹市榮光段一小段12地號等1筆 F-21F,20.37,商,,,1010720,土地1建物1車位2,二十一層,25,住宅大樓(11層含以上有電梯),住家用,鋼筋混凝土造,,255.93,4,2,3,有,無,20880000,90656,坡道平面,54.84,2650000,,RPTTMLPJNHJFFAO96CB
新竹市,房地(土地+建物)+車位,新竹市新竹市榮光段一小段12地號等1筆 F-22F,20.37,商,,,1010915,土地1建物1車位2,二十二層,25,住宅大樓(11層含以上有電梯),住家用,鋼筋混凝土造,,255.93,4,2,3,有,無,20880000,89413,坡道平面,54.84,2900000,,RPUTMLPJNHJFFAO07CB
新竹市,房地(土地+建物)+車位,新竹市新竹市榮光段一小段12地號等1筆 F-23F,20.37,商,,,1010907,土地1建物1車位2,二十三層,25,住宅大樓(11層含以上有電梯),住家用,鋼筋混凝土造,,257.98,4,2,3,有,無,21000000,90009,坡道平面,56.89,2900000,,RPVTMLPJNHJFFAO17CB
新竹市,房地(土地+建物)+車位,新竹市新竹市榮光段一小段12地號等1筆 F-24F,20.37,商,,,1010727,土地1建物1車位2,二十四層,25,住宅大樓(11層含以上有電梯),住家用,鋼筋混凝土造,,257.98,4,2,3,有,無,21110000,90805,坡道平面,56.89,2850000,,RPWTMLPJNHJFFAO27CB
新竹市,房地(土地+建物)+車位,新竹市新竹市榮光段一小段12地號等1筆 F-25F,20.05,商,,,1010912,土地1建物1車位1,二十五層,25,住宅大樓(11層含以上有電梯),住家用,鋼筋混凝土造,,228.51,4,2,3,有,無,19360000,89811,坡道平面,27.42,1300000,,RPXTMLPJNHJFFAO37CB
新竹市,房地(土地+建物)+車位,新竹市新竹市榮光段一小段12地號等1筆 A01-19F,12.41,商,,,1010605,土地1建物1車位1,十九層,25,住宅大樓(11層含以上有電梯),住家用,鋼筋混凝土造,,159.69,3,2,2,有,無,13480000,90950,坡道平面,27.42,1450000,,RPOOMLPKNHJFFAO68CB
新竹市,房地(土地+建物)+車位,新竹市新竹市榮光段一小段12地號等1筆 E-15F,18.14,商,,,1010302,土地1建物1車位1,十五層,25,住宅大樓(11層含以上有電梯),住家用,鋼筋混凝土造,,212.12,3,2,2,有,無,16550000,83219,坡道平面,29.47,1350000,,RPQOMLPKNHJFFAO88CB
