﻿編號,土地位置,土地移轉面積(平方公尺),使用分區或編定,權利人持分分母,權利人持分分子,移轉情形,地號
The serial number, land position,land shifting area square meter,the use zoning or compiles and checks,,,,land parcel
RPSNMLPJNHJFFAU96CC,仁恥段,24.86,都市：住,,,,09550000
RPROMLMKNHJFFAU86DC,林森段,27.33,都市：住,,,,19070003
RPOOMLQJNHJFFAU76CC,嘉北段,424.00,都市：住,,,,11830000
RPRQMLMKNHJFFAU07DC,民孝段,31.28,都市：住,,,,01310000
RPPNMLKKNHJFFAU88CC,民生段,5.00,都市：商,,,,02460001
RPPNMLKKNHJFFAU88CC,民生段,9.00,都市：商,,,,02460000
RPPNMLKKNHJFFAU88CC,民生段,172.00,都市：商,,,,02450000
RPWNMLLJNHJFFAU96CC,富國段,8.51,都市：住,,,,01570000
RPSQMLMKNHJFFAU17DC,仁廉段,19.13,都市：住,,,,07770000
RPTNMLPKNHJFFAU17CC,北濱段,62.00,都市：商,,,,07560000
RPTNMLPKNHJFFAU17CC,北濱段,105.00,都市：商,,,,07550000
RPTNMLPKNHJFFAU17CC,北濱段,12.00,都市：商,,,,07560001
RPUNMLLLNHJFFAU96CC,吳全段,1591.39,都市：農,,,,07070001
RPPPMLNKNHJFFAU76CC,主權段,15.25,都市：商,,,,05690000
RPVNMLLLNHJFFAU07CC,太昌段,25.53,都市：住,,,,03340001
RPRNMLQKNHJFFAU07CC,仁義段,65.00,都市：住,,,,09120000
RPXNMLOKNHJFFAU47CC,宜昌段,75.00,都市：商,,,,05230003
RPXNMLOKNHJFFAU47CC,宜昌段,84.00,都市：商,,,,05230004
RPSPMLNKNHJFFAU07CC,自強段,4.96,都市：住,,,,00140000
RPTPMLNKNHJFFAU17CC,民勤段,29.02,都市：住,,,,00430002
RPPOMLLLNHJFFAU56CC,莊敬段,109.00,都市：住,,,,03540001
RPSOMLLLNHJFFAU86CC,福祥段,75.33,都市：住,,,,02160006
RPWOMLLLNHJFFAU27CC,慶豐段,97.00,都市：住,,,,14090018
RPTPMLRLNHJFFAU77DC,富國段,25.39,都市：商,,,,03370000
RPWNMLLLNHJFFAU17CC,仁義段,9.00,都市：住,,,,03710027
RPWNMLLLNHJFFAU17CC,仁義段,87.00,都市：住,,,,03710034
RPSNMLMLNHJFFAU86CC,主商段,41.20,都市：商,,,,02420000
RPPOMLTJOHJFFAU47EC,永安段,131.12,非都市：鄉村區 ; 非都市編定：乙種建築用地,,,,02540005
RPPOMLTJOHJFFAU47EC,永安段,133.58,非都市：鄉村區 ; 非都市編定：乙種建築用地,,,,02540006
RPWNMLTJOHJFFAU08EC,永安段,154.25,非都市：鄉村區 ; 非都市編定：乙種建築用地,,,,02540000
RPWNMLTJOHJFFAU08EC,永安段,108.36,非都市：鄉村區 ; 非都市編定：乙種建築用地,,,,02540002
RPROMLNLNHJFFAU17EC,功學段,99.83,都市：住,,,,03320000
RPROMLTJOHJFFAU47CC,民德段,23.99,都市：住,,,,00440002
RPOOMLTJOHJFFAU17CC,碧雲段,49.58,都市：住,,,,00520000
RPOOMLTJOHJFFAU17CC,碧雲段,18.00,都市：住,,,,00520015
RPVNMLTKOHJFFAU87CC,嘉北段,98.00,非都市：鄉村區 ; 非都市編定：乙種建築用地,,,,00110000
RPQNMLKLOHJFFAU56CC,主商段,39.00,都市：住,,,,03910000
RPVOMLKLOHJFFAU17CC,富國段,31.14,都市：住,,,,03090000
RPPPMLKLOHJFFAU66CC,南埔段,113.00,非都市：特定農業區 ; 非都市編定：甲種建築用地,,,,28260012
RPTNMLKLOHJFFAU86CC,富國段,57.00,都市：住,,,,02760000
RPQPMLNLOHJFFAU07CC,富國段,57.00,都市：住,,,,02760000
RPOPMLSLNHJFFAU27CC,嘉南段,68.00,都市：商,,,,03380000
RPPNMLTJOHJFFAU17CC,仁義段,9.00,都市：住,,,,03710027
RPPNMLTJOHJFFAU17CC,仁義段,87.00,都市：住,,,,03710034
RPOOMLMLNHJFFAU56CC,宜安段,10.98,都市：住,,,,00470000
RPWNMLQJOHJFFAU57CC,林森段,2.27,都市：住,,,,31000000
RPWNMLQJOHJFFAU57CC,林森段,4.25,都市：住,,,,31010000
RPWNMLQJOHJFFAU57CC,林森段,8.35,都市：住,,,,31020000
RPXQMLTLNHJFFAU38CC,自強段,19.85,都市：住,,,,02720005
RPWPMLMJPHJFFAU47CC,福祥段,17.80,都市：住,,,,09970000
RPPQMLMJPHJFFAU86CC,林森段,2.27,都市：住,,,,31000000
RPPQMLMJPHJFFAU86CC,林森段,4.25,都市：住,,,,31010000
RPPQMLMJPHJFFAU86CC,林森段,8.35,都市：住,,,,31020000
RPQOMLRLOHJFFAU37CC,民勤段,10.44,都市：住,,,,00510001
RPQOMLMJPHJFFAU76CC,德安段,27.72,都市：住,,,,12400000
RPRNMLQLOHJFFAU27CC,民勤段,7.97,都市：住,,,,00490000
RPPOMLQLOHJFFAU17CC,富國段,111.00,都市：住,,,,00860000
RPRPMLNLOHJFFAU17CC,富國段,9.43,都市：住,,,,01910000
RPUOMLRJPHJFFAU67CC,慈惠段,57.93,都市：住,,,,07050000
RPUOMLRJPHJFFAU67CC,慈惠段,50.03,都市：其他:道路用地,,,,07050001
RPUNMLQLOHJFFAU57CC,富國段,9.00,都市：住,,,,01570000
RPVOMLTJPHJFFAU97CC,嘉南段,95.00,都市：住,,,,03740007
RPSPMLTJPHJFFAU77CC,自強段,158.00,都市：住,,,,04600002
RPPPMLKKPHJFFAU66CC,福安段,69.00,都市：住,,,,11270000
RPSPMLKKPHJFFAU96CC,德安段,94.00,都市：商,,,,09780001
RPROMLSJPHJFFAU57DC,主商段,49.50,都市：住,,,,02460003
RPPOMLSJPHJFFAU37DC,主商段,49.50,都市：住,,,,02460003
RPSOMLSJPHJFFAU67DC,富國段,11.69,都市：住,,,,01970000
RPUPMLQKOHJFFAU77DC,宜安段,15.83,都市：住,,,,05940000
RPWOMLLKPHJFFAU37CC,自強段,10.89,都市：住,,,,05600000
RPWNMLTJPHJFFAU08DC,主商段,43.00,都市：商,,,,03200000
RPWNMLTJPHJFFAU08DC,主商段,17.00,都市：商,,,,03200001
RPXOMLLKPHJFFAU47CC,自強段,6.03,都市：住,,,,03840000
RPXOMLLKPHJFFAU47CC,自強段,3.48,都市：住,,,,03850000
RPOPMLLKPHJFFAU66CC,莊敬段,14.07,都市：住,,,,01310000
RPPPMLLKPHJFFAU76CC,莊敬段,89.80,都市：住,,,,00890000
RPQPMLLKPHJFFAU86CC,太昌段,132.00,都市：住,,,,15180001
RPOOMLOKPHJFFAU86CC,福祥段,17.80,都市：住,,,,09970000
RPPOMLOKPHJFFAU96CC,林森段,3.38,都市：住,,,,31000000
RPPOMLOKPHJFFAU96CC,林森段,6.32,都市：住,,,,31010000
RPPOMLOKPHJFFAU96CC,林森段,12.41,都市：住,,,,31020000
RPPPMLOKPHJFFAU17DC,自強段,154.67,都市：住,,,,01270000
RPXNMLQKPHJFFAU87CC,仁愛段,3149.49,非都市：特定農業區 ; 非都市編定：農牧用地,,,,01510000
RPOOMLQKPHJFFAU07CC,稻香段,99.00,都市：住,,,,05550008
RPVNMLPKPHJFFAU57CC,富國段,10.44,都市：住,,,,01900000
RPPOMLPKPHJFFAU07CC,富國段,20.40,都市：商,,,,03820000
RPPOMLQKPHJFFAU17CC,民勤段,16.97,都市：住,,,,01500000
RPOOMLOLPHJFFAU96CC,慶豐段,33.33,都市：商,,,,20410000
RPVNMLRKPHJFFAU97EC,民德段,.00,都市：商,,,,01780000
RPVNMLRKPHJFFAU97EC,民德段,.00,都市：住,,,,01790000
RPQOMLTJOHJFFAU57EC,永安段,112.43,非都市：鄉村區 ; 非都市編定：乙種建築用地,,,,02540003
RPQOMLTJOHJFFAU57EC,永安段,116.50,非都市：鄉村區 ; 非都市編定：乙種建築用地,,,,02540004
RPPOMLKMPHJFFAU96EC,富國段,28.40,都市：住,,,,04030012
RPPOMLPLPHJFFAU17CC,富國段,14.78,都市：住,,,,00720000
RPXPMLOLPHJFFAU97CC,太昌段,106.00,都市：住,,,,16430000
RPTNMLTJPHJFFAU67CC,富國段,20.44,都市：商,,,,00320000
RPWPMLLMPHJFFAU67CC,福安段,68.00,都市：住,,,,03200001
RPWPMLLMPHJFFAU67CC,福安段,34.00,都市：住,,,,03350000
RPTOMLTJPHJFFAU77CC,富國段,133.00,都市：住,,,,04850002
RPTPMLLMPHJFFAU37CC,明義段,96.00,都市：商,,,,04960000
RPQRMLOLPHJFFAU47CC,自強段,28.00,都市：住,,,,07740006
RPUPMLOLPHJFFAU67CC,富國段,7.67,都市：住,,,,01910001
RPUOMLTJPHJFFAU87CC,主權段,34.00,都市：商,,,,06770000
