﻿編號,屋齡,建物移轉面積平方公尺,主要用途,主要建材,建築完成日期,總層數,建物分層
The serial number,room age,building shifting area square meter,the main use,main building materials,construction completes the date,total layer,building lamination
RPOOMLPKNHJFFAV86CC,18,67.62,商業用,鋼筋混凝土造,85年6月28日,七層,
RPPNMLOJOHJFFAV76CC,22,488.29,人行、住宅,有牆鋼架造,81年5月27日,二層,
RPPNMLOJOHJFFAV76CC,19,318.34,住家用,有牆鋼鐵造,84年3月15日,一層,
RPOOMLLKPHJFFAV66CC,19,47.57,集合住宅,鋼筋混凝土造,84年2月21日,五層,
RPQNMLPLOHJFFAV17CC,18,107.18,集合住宅,鋼筋混凝土造,85年6月28日,九層,
RPSNMLLJPHJFFAV86CC,35,116.97,住家用,加強磚造,68年1月16日,二層,
