﻿鄉鎮市區,交易標的,土地位置建物門牌,土地移轉總面積平方公尺,都市土地使用分區,非都市土地使用分區,非都市土地使用編定,交易年月日,交易筆棟數,移轉層次,總樓層數,建物型態,主要用途,主要建材,建築完成年月,建物移轉總面積平方公尺,建物現況格局-房,建物現況格局-廳,建物現況格局-衛,建物現況格局-隔間,有無管理組織,總價元,單價元平方公尺,車位類別,車位移轉總面積(平方公尺),車位總價元,備註,編號,主建物面積,附屬建物面積,陽台面積,電梯,移轉編號
The villages and towns urban district,transaction sign,land sector position building sector house number plate,land shifting total area square meter,the use zoning or compiles and checks,the non-metropolis land use district,non-metropolis land use,transaction year month and day,transaction pen number,shifting level,total floor number,building state,main use,main building materials,construction to complete the years,building shifting total area,Building present situation pattern - room,building present situation pattern - hall,building present situation pattern - health,building present situation pattern - compartmented,Whether there is manages the organization,total price NTD,the unit price (NTD / square meter),the berth category,berth shifting total area square meter,the berth total price NTD,the note,serial number,,,,,
北竿鄉,土地,塘岐段1地號,380.64,其他,,,1030307,土地2建物0車位0,,,其他,,,,0.0,0,0,0,有,有,322420,847,,0.0,0,,RPPNMLPKNHJFFAZ07CA,0.0,0.0,0.0,,
南竿鄉,土地,福沃段334地號,27.41,商,,,1030618,土地1建物0車位0,,,其他,,,,0.0,0,0,0,有,無,548197,20000,,0.0,0,有未登記建物移轉陳國棟持分304/1000、孫孝豪持分222/1000,RPQNMLOKPHJFFAZ37DA,0.0,0.0,0.0,,
南竿鄉,土地,福沃段329地號,17.66,商,,,1030618,土地1建物0車位0,,,其他,,,,0.0,0,0,0,有,無,353160,19998,,0.0,0,有未登記建物移轉   王家源持分136/1000、林美娥持分314/1000,RPSNMLOKPHJFFAZ57DA,0.0,0.0,0.0,,
南竿鄉,土地,福沃段330地號,23.83,商,,,1030618,土地1建物0車位0,,,其他,,,,0.0,0,0,0,有,無,476645,20002,,0.0,0,有未登記建物移轉  陳雲雨持分308/1000、陳秋仙持分289/1000,RPTNMLOKPHJFFAZ67DA,0.0,0.0,0.0,,
北竿鄉,土地,塘岐段272-1地號,64.86,住,,,1030617,土地1建物0車位0,,,其他,,,,0.0,0,0,0,有,無,129720,2000,,0.0,0,,RPPNMLMLPHJFFAZ17DA,0.0,0.0,0.0,,
南竿鄉,土地,福沃段335地號,24.57,商,,,1030618,土地1建物0車位0,,,其他,,,,0.0,0,0,0,有,無,491450,20002,,0.0,0,有未登記建物移轉      陳木玉持分441/1000、朱瑞英持分441/1000,RPRNMLOKPHJFFAZ47DA,0.0,0.0,0.0,,
南竿鄉,土地,仁愛段692-1地號,8.14,住,,,1030718,土地1建物0車位0,,,其他,,,,0.0,0,0,0,有,無,28897,3550,,0.0,0,親屬之間交易,RPPNMLSLPHJFFAZ67CA,0.0,0.0,0.0,,
北竿鄉,土地,塘岐段261地號,89.42,住,,,1030626,土地1建物0車位0,,,其他,,,,0.0,0,0,0,有,無,178840,2000,,0.0,0,,RPPNMLRJQHJFFAZ57DA,0.0,0.0,0.0,,
