﻿鄉鎮市區,交易標的,土地位置建物門牌,土地移轉總面積平方公尺,都市土地使用分區,非都市土地使用分區,非都市土地使用編定,交易年月日,交易筆棟數,移轉層次,總樓層數,建物型態,主要用途,主要建材,建築完成年月,建物移轉總面積平方公尺,建物現況格局-房,建物現況格局-廳,建物現況格局-衛,建物現況格局-隔間,有無管理組織,總價元,單價元平方公尺,車位類別,車位移轉總面積平方公尺,車位總價元,備註,編號
The villages and towns urban district,transaction sign,land sector position building sector house number plate,land shifting total area square meter,the use zoning or compiles and checks,the non-metropolis land use district,non-metropolis land use,transaction year month and day,transaction pen number,shifting level,total floor number,building state,main use,main building materials,construction to complete the years,building shifting total area,Building present situation pattern - room,building present situation pattern - hall,building present situation pattern - health,building present situation pattern - compartmented,Whether there is manages the organization,total price NTD,the unit price (NTD / square meter),the berth category,berth shifting total area square meter,the berth total price NTD,the note,serial number
安樂區,房地(土地+建物)+車位,基隆市安樂區基隆市安樂區武崙里20鄰武崙街167號5樓,31.56,住,,,1060111,土地1建物1車位1,五層,7,華廈(10層含以下有電梯),住家用,鋼筋混凝土造,,7029.51,2,1,1,有,無,7150000,904,其他,1.4,800000,,RPPPMLRKOHOFFCC68CB
安樂區,房地(土地+建物)+車位,基隆市安樂區基隆市安樂區武崙里20鄰武崙街161號4樓,46.82,住,,,1060923,土地1建物1車位1,四層,7,華廈(10層含以下有電梯),住家用,鋼筋混凝土造,,7029.51,3,1,2,有,無,9980000,1292,其他,1.4,900000,,RPQPMLRKOHOFFCC78CB
安樂區,房地(土地+建物)+車位,基隆市安樂區基隆市安樂區武崙里20鄰武崙街161號6樓,46.82,住,,,1051129,土地1建物1車位1,六層,7,華廈(10層含以下有電梯),住家用,鋼筋混凝土造,,7029.51,3,1,2,有,無,10190000,1336,其他,1.4,800000,,RPRPMLRKOHOFFCC88CB
安樂區,房地(土地+建物)+車位,基隆市安樂區基隆市安樂區武崙里20鄰武崙街163號2樓,30.93,住,,,1051120,土地1建物1車位1,二層,7,華廈(10層含以下有電梯),住家用,鋼筋混凝土造,,7029.51,2,1,1,有,無,6080000,808,升降機械,0.7,400000,,RPSPMLRKOHOFFCC98CB
安樂區,房地(土地+建物)+車位,基隆市安樂區基隆市安樂區武崙里20鄰武崙街163號3樓,30.93,住,,,1051007,土地1建物1車位1,三層,7,華廈(10層含以下有電梯),住家用,鋼筋混凝土造,,7029.51,2,1,1,有,無,6000000,797,升降機械,0.7,400000,,RPTPMLRKOHOFFCC09CB
安樂區,房地(土地+建物)+車位,基隆市安樂區基隆市安樂區武崙里20鄰武崙街163號5樓,30.93,住,,,1051022,土地1建物1車位1,五層,7,華廈(10層含以下有電梯),住家用,鋼筋混凝土造,,7029.51,2,1,1,有,無,6160000,819,升降機械,0.7,400000,,RPUPMLRKOHOFFCC56CB
安樂區,房地(土地+建物)+車位,基隆市安樂區基隆市安樂區武崙里20鄰武崙街163號6樓,30.93,住,,,1051203,土地1建物1車位1,六層,7,華廈(10層含以下有電梯),住家用,鋼筋混凝土造,,7029.51,2,1,1,有,無,6180000,822,升降機械,0.7,400000,,RPVPMLRKOHOFFCC66CB
安樂區,房地(土地+建物)+車位,基隆市安樂區基隆市安樂區武崙里20鄰武崙街163號7樓,30.93,住,,,1060318,土地1建物1車位1,七層,7,華廈(10層含以下有電梯),住家用,鋼筋混凝土造,,7029.51,2,1,1,有,無,6280000,780,其他,1.4,800000,,RPWPMLRKOHOFFCC76CB
安樂區,房地(土地+建物)+車位,基隆市安樂區基隆市安樂區武崙里20鄰武崙街165號2樓,46.32,住,,,1060305,土地1建物1車位1,二層,7,華廈(10層含以下有電梯),住家用,鋼筋混凝土造,,7029.51,3,1,2,有,無,9000000,1167,其他,1.4,800000,,RPXPMLRKOHOFFCC86CB
安樂區,房地(土地+建物)+車位,基隆市安樂區基隆市安樂區武崙里20鄰武崙街165號3樓,46.32,住,,,1060312,土地1建物1車位1,三層,7,華廈(10層含以下有電梯),住家用,鋼筋混凝土造,,7029.51,3,1,2,有,無,9050000,1174,其他,1.4,800000,,RPOQMLRKOHOFFCC68CB
安樂區,房地(土地+建物)+車位,基隆市安樂區基隆市安樂區武崙里20鄰武崙街165號5樓,46.32,住,,,1060711,土地1建物1車位1,五層,7,華廈(10層含以下有電梯),住家用,鋼筋混凝土造,,7029.51,3,1,2,有,無,9070000,1177,其他,1.4,800000,,RPPQMLRKOHOFFCC78CB
安樂區,房地(土地+建物)+車位,基隆市安樂區基隆市安樂區武崙里20鄰武崙街165號7樓,46.32,住,,,1061118,土地1建物1車位1,七層,7,華廈(10層含以下有電梯),住家用,鋼筋混凝土造,,7029.51,3,1,2,有,無,9450000,1217,其他,1.4,900000,,RPQQMLRKOHOFFCC88CB
安樂區,房地(土地+建物)+車位,基隆市安樂區基隆市安樂區武崙里20鄰武崙街169號2樓,31.35,住,,,1051029,土地1建物1車位1,二層,7,華廈(10層含以下有電梯),住家用,鋼筋混凝土造,,7029.51,2,1,1,有,無,6500000,825,其他,1.4,700000,,RPRQMLRKOHOFFCC98CB
安樂區,房地(土地+建物)+車位,基隆市安樂區基隆市安樂區武崙里20鄰武崙街169號3樓,31.35,住,,,1051109,土地1建物1車位1,三層,7,華廈(10層含以下有電梯),住家用,鋼筋混凝土造,,7029.51,2,1,1,有,無,6700000,825,其他,1.4,900000,,RPSQMLRKOHOFFCC09CB
安樂區,房地(土地+建物)+車位,基隆市安樂區基隆市安樂區武崙里20鄰武崙街169號4樓,31.35,住,,,1051120,土地1建物1車位1,四層,7,華廈(10層含以下有電梯),住家用,鋼筋混凝土造,,7029.51,2,1,1,有,無,6490000,824,其他,1.4,700000,,RPTQMLRKOHOFFCC56CB
安樂區,房地(土地+建物)+車位,基隆市安樂區基隆市安樂區武崙里20鄰武崙街169號5樓,31.35,住,,,1051004,土地1建物1車位1,五層,7,華廈(10層含以下有電梯),住家用,鋼筋混凝土造,,7029.51,2,1,1,有,無,6500000,825,其他,1.4,700000,,RPUQMLRKOHOFFCC66CB
安樂區,房地(土地+建物)+車位,基隆市安樂區基隆市安樂區武崙里20鄰武崙街169號7樓,31.35,住,,,1060326,土地1建物1車位1,七層,7,華廈(10層含以下有電梯),住家用,鋼筋混凝土造,,7029.51,2,1,1,有,無,6100000,825,升降機械,0.7,300000,,RPVQMLRKOHOFFCC76CB
安樂區,房地(土地+建物)+車位,基隆市安樂區基隆市安樂區武崙里20鄰武崙街173號2樓,31.35,住,,,1051210,土地1建物1車位1,二層,7,華廈(10層含以下有電梯),住家用,鋼筋混凝土造,,7029.51,2,1,1,有,無,6100000,811,升降機械,0.7,400000,,RPWQMLRKOHOFFCC86CB
安樂區,房地(土地+建物)+車位,基隆市安樂區基隆市安樂區武崙里20鄰武崙街173號3樓,31.35,住,,,1060122,土地1建物1車位1,三層,7,華廈(10層含以下有電梯),住家用,鋼筋混凝土造,,7029.51,2,1,1,有,無,6560000,820,其他,1.4,800000,,RPXQMLRKOHOFFCC96CB
安樂區,房地(土地+建物)+車位,基隆市安樂區基隆市安樂區武崙里20鄰武崙街173號4樓,31.35,住,,,1051120,土地1建物1車位1,四層,7,華廈(10層含以下有電梯),住家用,鋼筋混凝土造,,7029.51,2,1,1,有,無,6090000,824,升降機械,0.7,300000,,RPORMLRKOHOFFCC78CB
安樂區,房地(土地+建物)+車位,基隆市安樂區基隆市安樂區武崙里20鄰武崙街173號7樓,31.35,住,,,1060318,土地1建物1車位1,七層,7,華廈(10層含以下有電梯),住家用,鋼筋混凝土造,,7029.51,2,1,1,有,無,6390000,795,其他,1.4,800000,,RPPRMLRKOHOFFCC88CB
安樂區,房地(土地+建物)+車位,基隆市安樂區基隆市安樂區武崙里20鄰武崙街179號2樓,43.93,住,,,1060809,土地1建物1車位1,二層,7,華廈(10層含以下有電梯),住家用,鋼筋混凝土造,,7029.51,3,1,2,有,無,8800000,1124,其他,1.4,900000,,RPQRMLRKOHOFFCC98CB
安樂區,房地(土地+建物)+車位,基隆市安樂區基隆市安樂區武崙里20鄰武崙街179號4樓,43.93,住,,,1060909,土地1建物1車位1,四層,7,華廈(10層含以下有電梯),住家用,鋼筋混凝土造,,7029.51,3,1,2,有,無,8800000,1124,其他,1.4,900000,,RPRRMLRKOHOFFCC09CB
安樂區,房地(土地+建物)+車位,基隆市安樂區基隆市安樂區武崙里20鄰武崙街179號5樓,43.93,住,,,1051009,土地1建物1車位1,五層,7,華廈(10層含以下有電梯),住家用,鋼筋混凝土造,,7029.51,3,1,2,有,無,8880000,1164,其他,1.4,700000,,RPSRMLRKOHOFFCC56CB
安樂區,房地(土地+建物)+車位,基隆市安樂區基隆市安樂區武崙里20鄰武崙街179號6樓,43.93,住,,,1051020,土地1建物1車位1,六層,7,華廈(10層含以下有電梯),住家用,鋼筋混凝土造,,7029.51,3,1,2,有,無,9250000,1188,其他,1.4,900000,,RPTRMLRKOHOFFCC66CB
安樂區,房地(土地+建物)+車位,基隆市安樂區基隆市安樂區武崙里20鄰武崙街179號7樓,43.93,住,,,1051111,土地1建物1車位1,七層,7,華廈(10層含以下有電梯),住家用,鋼筋混凝土造,,7029.51,3,1,2,有,無,9300000,1195,其他,1.4,900000,,RPURMLRKOHOFFCC76CB
安樂區,房地(土地+建物),基隆市安樂區基隆市安樂區武崙里20鄰武崙街177號4樓,31.49,住,,,1061128,土地1建物1車位0,四層,7,華廈(10層含以下有電梯),住家用,鋼筋混凝土造,,7029.51,2,1,1,有,無,5850000,832,,0.0,0,,RPVRMLRKOHOFFCC86CB
安樂區,房地(土地+建物)+車位,基隆市安樂區基隆市安樂區武崙里20鄰武崙街177號6樓,31.49,住,,,1060507,土地1建物1車位1,六層,7,華廈(10層含以下有電梯),住家用,鋼筋混凝土造,,7029.51,2,1,1,有,無,6800000,854,其他,1.4,800000,,RPWRMLRKOHOFFCC96CB
安樂區,房地(土地+建物)+車位,基隆市安樂區基隆市安樂區武崙里20鄰武崙街177號7樓,31.49,住,,,1061224,土地1建物1車位1,七層,7,華廈(10層含以下有電梯),住家用,鋼筋混凝土造,,7029.51,2,1,1,有,無,6700000,839,其他,1.4,800000,,RPXRMLRKOHOFFCC07CB
安樂區,房地(土地+建物)+車位,基隆市安樂區基隆市安樂區武崙里20鄰武崙街181號4樓,46.75,住,,,1061206,土地1建物1車位1,四層,7,華廈(10層含以下有電梯),住家用,鋼筋混凝土造,,7029.51,3,1,2,有,無,10180000,1320,其他,1.4,900000,,RPOSMLRKOHOFFCC88CB
安樂區,房地(土地+建物)+車位,基隆市安樂區基隆市安樂區武崙里20鄰武崙街183號2樓,31.0,住,,,1060902,土地1建物1車位1,二層,7,華廈(10層含以下有電梯),住家用,鋼筋混凝土造,,7029.51,2,1,1,有,無,6800000,854,其他,1.4,800000,,RPPSMLRKOHOFFCC98CB
安樂區,房地(土地+建物)+車位,基隆市安樂區基隆市安樂區武崙里20鄰武崙街183號3樓,31.0,住,,,1070721,土地1建物1車位1,三層,7,華廈(10層含以下有電梯),住家用,鋼筋混凝土造,,7029.51,2,1,1,有,無,6960000,876,其他,1.4,800000,,RPQSMLRKOHOFFCC09CB
安樂區,房地(土地+建物)+車位,基隆市安樂區基隆市安樂區武崙里20鄰武崙街183號4樓,31.0,住,,,1060416,土地1建物1車位1,四層,7,華廈(10層含以下有電梯),住家用,鋼筋混凝土造,,7029.51,2,1,1,有,無,6880000,865,其他,1.4,800000,,RPRSMLRKOHOFFCC56CB
安樂區,房地(土地+建物)+車位,基隆市安樂區基隆市安樂區武崙里20鄰武崙街185號3樓,31.42,住,,,1061125,土地1建物1車位1,三層,7,華廈(10層含以下有電梯),住家用,鋼筋混凝土造,,7029.51,2,1,1,有,無,6980000,879,其他,1.4,800000,,RPSSMLRKOHOFFCC66CB
安樂區,房地(土地+建物)+車位,基隆市安樂區基隆市安樂區武崙里20鄰武崙街187號2樓,45.41,住,,,1051007,土地1建物1車位1,二層,7,華廈(10層含以下有電梯),住家用,鋼筋混凝土造,,7029.51,3,1,2,有,無,9080000,1192,其他,1.4,700000,,RPTSMLRKOHOFFCC76CB
安樂區,房地(土地+建物)+車位,基隆市安樂區基隆市安樂區武崙里20鄰武崙街187號3樓,45.41,住,,,1060205,土地1建物1車位1,三層,7,華廈(10層含以下有電梯),住家用,鋼筋混凝土造,,7029.51,3,1,2,有,無,8500000,1152,升降機械,0.7,400000,,RPUSMLRKOHOFFCC86CB
安樂區,房地(土地+建物)+車位,基隆市安樂區基隆市安樂區武崙里20鄰武崙街187號7樓,45.41,住,,,1060723,土地1建物1車位1,七層,7,華廈(10層含以下有電梯),住家用,鋼筋混凝土造,,7029.51,3,1,2,有,無,8980000,1164,其他,1.4,800000,,RPVSMLRKOHOFFCC96CB
安樂區,房地(土地+建物)+車位,基隆市安樂區基隆市安樂區武崙里20鄰武崙街191號3樓,31.63,住,,,1060628,土地1建物1車位1,三層,7,華廈(10層含以下有電梯),住家用,鋼筋混凝土造,,7029.51,2,1,1,有,無,6680000,837,其他,1.4,800000,,RPWSMLRKOHOFFCC07CB
安樂區,房地(土地+建物)+車位,基隆市安樂區基隆市安樂區武崙里20鄰武崙街191號4樓,31.63,住,,,1060702,土地1建物1車位1,四層,7,華廈(10層含以下有電梯),住家用,鋼筋混凝土造,,7029.51,2,1,1,有,無,6750000,847,其他,1.4,800000,,RPXSMLRKOHOFFCC17CB
安樂區,房地(土地+建物)+車位,基隆市安樂區基隆市安樂區武崙里20鄰武崙街191號5樓,31.63,住,,,1060625,土地1建物1車位1,五層,7,華廈(10層含以下有電梯),住家用,鋼筋混凝土造,,7029.51,2,1,1,有,無,6780000,851,其他,1.4,800000,,RPOTMLRKOHOFFCC98CB
安樂區,房地(土地+建物)+車位,基隆市安樂區基隆市安樂區武崙里20鄰武崙街191號6樓,31.63,住,,,1060608,土地1建物1車位1,六層,7,華廈(10層含以下有電梯),住家用,鋼筋混凝土造,,7029.51,2,1,1,有,無,6720000,842,其他,1.4,800000,,RPPTMLRKOHOFFCC09CB
安樂區,房地(土地+建物)+車位,基隆市安樂區基隆市安樂區武崙里20鄰武崙街191號7樓,31.63,住,,,1061015,土地1建物1車位1,七層,7,華廈(10層含以下有電梯),住家用,鋼筋混凝土造,,7029.51,2,1,1,有,無,6370000,864,升降機械,0.7,300000,,RPQTMLRKOHOFFCC56CB
安樂區,房地(土地+建物)+車位,基隆市安樂區基隆市安樂區武崙里20鄰武崙街199號3樓,45.34,住,,,1060415,土地1建物1車位1,三層,7,華廈(10層含以下有電梯),住家用,鋼筋混凝土造,,7029.51,3,1,2,有,無,8980000,1164,其他,1.4,800000,,RPRTMLRKOHOFFCC66CB
安樂區,房地(土地+建物)+車位,基隆市安樂區基隆市安樂區武崙里20鄰武崙街199號6樓,45.34,住,,,1060506,土地1建物1車位1,六層,7,華廈(10層含以下有電梯),住家用,鋼筋混凝土造,,7029.51,3,1,2,有,無,9100000,1181,其他,1.4,800000,,RPSTMLRKOHOFFCC76CB
安樂區,房地(土地+建物)+車位,基隆市安樂區基隆市安樂區武崙里20鄰武崙街199號7樓,45.34,住,,,1061015,土地1建物1車位1,七層,7,華廈(10層含以下有電梯),住家用,鋼筋混凝土造,,7029.51,3,1,2,有,無,9350000,1202,其他,1.4,900000,,RPTTMLRKOHOFFCC86CB
安樂區,房地(土地+建物)+車位,基隆市安樂區基隆市安樂區武崙里20鄰武崙街197號2樓,30.93,住,,,1060209,土地1建物1車位1,二層,7,華廈(10層含以下有電梯),住家用,鋼筋混凝土造,,7029.51,2,1,1,有,無,6580000,822,其他,1.4,800000,,RPUTMLRKOHOFFCC96CB
安樂區,房地(土地+建物)+車位,基隆市安樂區基隆市安樂區武崙里20鄰武崙街197號3樓,30.93,住,,,1060728,土地1建物1車位1,三層,7,華廈(10層含以下有電梯),住家用,鋼筋混凝土造,,7029.51,2,1,1,有,無,5980000,808,升降機械,0.7,300000,,RPVTMLRKOHOFFCC07CB
安樂區,房地(土地+建物)+車位,基隆市安樂區基隆市安樂區武崙里20鄰武崙街197號4樓,30.93,住,,,1060501,土地1建物1車位1,四層,7,華廈(10層含以下有電梯),住家用,鋼筋混凝土造,,7029.51,2,1,1,有,無,6500000,811,其他,1.4,800000,,RPWTMLRKOHOFFCC17CB
安樂區,房地(土地+建物)+車位,基隆市安樂區基隆市安樂區武崙里20鄰武崙街197號5樓,30.93,住,,,1060428,土地1建物1車位1,五層,7,華廈(10層含以下有電梯),住家用,鋼筋混凝土造,,7029.51,2,1,1,有,無,6770000,849,其他,1.4,800000,,RPXTMLRKOHOFFCC27CB
安樂區,房地(土地+建物)+車位,基隆市安樂區基隆市安樂區武崙里20鄰武崙街197號6樓,30.93,住,,,1060331,土地1建物1車位1,六層,7,華廈(10層含以下有電梯),住家用,鋼筋混凝土造,,7029.51,2,1,1,有,無,6720000,842,其他,1.4,800000,,RPOUMLRKOHOFFCC09CB
安樂區,房地(土地+建物)+車位,基隆市安樂區基隆市安樂區武崙里20鄰武崙街195號2樓,31.63,住,,,1061002,土地1建物1車位1,二層,7,華廈(10層含以下有電梯),住家用,鋼筋混凝土造,,7029.51,2,1,1,有,無,6130000,829,升降機械,0.7,300000,,RPPUMLRKOHOFFCC56CB
安樂區,房地(土地+建物)+車位,基隆市安樂區基隆市安樂區武崙里20鄰武崙街195號3樓,31.63,住,,,1060730,土地1建物1車位1,三層,7,華廈(10層含以下有電梯),住家用,鋼筋混凝土造,,7029.51,2,1,1,有,無,6100000,825,升降機械,0.7,300000,,RPQUMLRKOHOFFCC66CB
安樂區,房地(土地+建物)+車位,基隆市安樂區基隆市安樂區武崙里20鄰武崙街195號4樓,31.63,住,,,1060616,土地1建物1車位1,四層,7,華廈(10層含以下有電梯),住家用,鋼筋混凝土造,,7029.51,2,1,1,有,無,6100000,825,升降機械,0.7,300000,,RPRUMLRKOHOFFCC76CB
安樂區,房地(土地+建物)+車位,基隆市安樂區基隆市安樂區武崙里20鄰武崙街195號5樓,31.63,住,,,1060415,土地1建物1車位1,五層,7,華廈(10層含以下有電梯),住家用,鋼筋混凝土造,,7029.51,2,1,1,有,無,6700000,839,其他,1.4,800000,,RPSUMLRKOHOFFCC86CB
安樂區,房地(土地+建物)+車位,基隆市安樂區基隆市安樂區武崙里20鄰武崙街195號6樓,31.63,住,,,1060909,土地1建物1車位1,六層,7,華廈(10層含以下有電梯),住家用,鋼筋混凝土造,,7029.51,2,1,1,有,無,6800000,854,其他,1.4,800000,,RPTUMLRKOHOFFCC96CB
安樂區,房地(土地+建物)+車位,基隆市安樂區基隆市安樂區武崙里20鄰武崙街157號6樓,44.57,住,,,1060107,土地1建物1車位1,六層,7,華廈(10層含以下有電梯),住家用,鋼筋混凝土造,,7029.51,3,1,2,有,無,9680000,1263,其他,1.4,800000,,RPUUMLRKOHOFFCC07CB
安樂區,房地(土地+建物)+車位,基隆市安樂區基隆市安樂區武崙里20鄰武崙街153號3樓,31.21,住,,,1050918,土地1建物1車位1,三層,7,華廈(10層含以下有電梯),住家用,鋼筋混凝土造,,7029.51,2,1,1,有,無,6880000,865,其他,1.4,800000,,RPVUMLRKOHOFFCC17CB
安樂區,房地(土地+建物),基隆市安樂區基隆市安樂區武崙里20鄰武崙街153號5樓,31.21,住,,,1050921,土地1建物1車位0,五層,7,華廈(10層含以下有電梯),住家用,鋼筋混凝土造,,7029.51,2,1,1,有,無,6220000,885,,0.0,0,,RPWUMLRKOHOFFCC27CB
安樂區,房地(土地+建物)+車位,基隆市安樂區基隆市安樂區武崙里20鄰武崙街155號5樓,30.58,住,,,1050828,土地1建物1車位2,五層,7,華廈(10層含以下有電梯),住家用,鋼筋混凝土造,,7029.51,2,1,1,有,無,6780000,787,其他,2.1,1250000,,RPXUMLRKOHOFFCC37CB
安樂區,房地(土地+建物)+車位,基隆市安樂區基隆市安樂區武崙里20鄰武崙街155號6樓,30.58,住,,,1050920,土地1建物1車位1,六層,7,華廈(10層含以下有電梯),住家用,鋼筋混凝土造,,7029.51,2,1,1,有,無,6510000,798,其他,1.4,900000,,RPOVMLRKOHOFFCC56CB
安樂區,房地(土地+建物)+車位,基隆市安樂區基隆市安樂區武崙里20鄰武崙街175號3樓,45.83,住,,,1051122,土地1建物1車位1,三層,7,華廈(10層含以下有電梯),住家用,鋼筋混凝土造,,7029.51,3,1,2,有,無,9560000,1232,其他,1.4,900000,,RPPVMLRKOHOFFCC66CB
安樂區,房地(土地+建物)+車位,基隆市安樂區基隆市安樂區武崙里20鄰武崙街171號2樓,31.28,住,,,1050915,土地1建物1車位1,二層,7,華廈(10層含以下有電梯),住家用,鋼筋混凝土造,,7029.51,2,1,1,有,無,7180000,922,其他,1.4,700000,,RPQVMLRKOHOFFCC76CB
安樂區,房地(土地+建物)+車位,基隆市安樂區基隆市安樂區武崙里20鄰武崙街171號3樓,31.28,住,,,1051030,土地1建物1車位1,三層,7,華廈(10層含以下有電梯),住家用,鋼筋混凝土造,,7029.51,2,1,1,有,無,7050000,889,其他,1.4,800000,,RPRVMLRKOHOFFCC86CB
安樂區,房地(土地+建物)+車位,基隆市安樂區基隆市安樂區武崙里20鄰武崙街171號5樓,31.28,住,,,1051030,土地1建物1車位1,五層,7,華廈(10層含以下有電梯),住家用,鋼筋混凝土造,,7029.51,2,1,1,有,無,7130000,901,其他,1.4,800000,,RPSVMLRKOHOFFCC96CB
安樂區,房地(土地+建物)+車位,基隆市安樂區基隆市安樂區武崙里20鄰武崙街167號3樓,31.56,住,,,1050926,土地1建物1車位1,三層,7,華廈(10層含以下有電梯),住家用,鋼筋混凝土造,,7029.51,2,1,1,有,無,7050000,889,其他,1.4,800000,,RPTVMLRKOHOFFCC07CB
安樂區,房地(土地+建物)+車位,基隆市安樂區基隆市安樂區武崙里20鄰武崙街163號4樓,30.93,住,,,1060212,土地1建物1車位1,四層,7,華廈(10層含以下有電梯),住家用,鋼筋混凝土造,,7029.51,2,1,1,有,無,5980000,808,升降機械,0.7,300000,,RPUVMLRKOHOFFCC17CB
安樂區,房地(土地+建物)+車位,基隆市安樂區基隆市安樂區武崙里20鄰武崙街165號6樓,46.32,住,,,1050925,土地1建物1車位1,六層,7,華廈(10層含以下有電梯),住家用,鋼筋混凝土造,,7029.51,3,1,2,有,無,9680000,1263,其他,1.4,800000,,RPVVMLRKOHOFFCC27CB
安樂區,房地(土地+建物)+車位,基隆市安樂區基隆市安樂區武崙里20鄰武崙街173號5樓,31.35,住,,,1050925,土地1建物1車位1,五層,7,華廈(10層含以下有電梯),住家用,鋼筋混凝土造,,7029.51,2,1,1,有,無,6200000,825,升降機械,0.7,400000,,RPWVMLRKOHOFFCC37CB
安樂區,房地(土地+建物)+車位,基隆市安樂區基隆市安樂區武崙里20鄰武崙街173號6樓,31.35,住,,,1060102,土地1建物1車位1,六層,7,華廈(10層含以下有電梯),住家用,鋼筋混凝土造,,7029.51,2,1,1,有,無,6800000,839,其他,1.4,900000,,RPXVMLRKOHOFFCC47CB
安樂區,房地(土地+建物)+車位,基隆市安樂區基隆市安樂區武崙里20鄰武崙街183號5樓,31.0,住,,,1051004,土地1建物1車位1,五層,7,華廈(10層含以下有電梯),住家用,鋼筋混凝土造,,7029.51,2,1,1,有,無,7090000,895,其他,1.4,800000,,RPOWMLRKOHOFFCC66CB
安樂區,房地(土地+建物)+車位,基隆市安樂區基隆市安樂區武崙里20鄰武崙街183號6樓,31.0,住,,,1050915,土地1建物1車位1,六層,7,華廈(10層含以下有電梯),住家用,鋼筋混凝土造,,7029.51,2,1,1,有,無,7150000,904,其他,1.4,800000,,RPPWMLRKOHOFFCC76CB
安樂區,房地(土地+建物)+車位,基隆市安樂區基隆市安樂區武崙里20鄰武崙街187號4樓,45.41,住,,,1060218,土地1建物1車位1,四層,7,華廈(10層含以下有電梯),住家用,鋼筋混凝土造,,7029.51,3,1,2,有,無,8580000,1093,其他,1.4,900000,,RPQWMLRKOHOFFCC86CB
安樂區,房地(土地+建物)+車位,基隆市安樂區基隆市安樂區武崙里20鄰武崙街191號2樓,31.63,住,,,1060815,土地1建物1車位1,二層,7,華廈(10層含以下有電梯),住家用,鋼筋混凝土造,,7029.51,2,1,1,有,無,6180000,837,升降機械,0.7,300000,,RPRWMLRKOHOFFCC96CB
安樂區,房地(土地+建物)+車位,基隆市安樂區基隆市安樂區武崙里20鄰武崙街199號5樓,45.34,住,,,1051218,土地1建物1車位1,五層,7,華廈(10層含以下有電梯),住家用,鋼筋混凝土造,,7029.51,3,1,2,有,無,8960000,1218,升降機械,0.7,400000,,RPSWMLRKOHOFFCC07CB
安樂區,房地(土地+建物)+車位,基隆市安樂區基隆市安樂區武崙里20鄰武崙街171號6樓,31.28,住,,,1060708,土地1建物1車位1,六層,7,華廈(10層含以下有電梯),住家用,鋼筋混凝土造,,7029.51,2,1,1,有,無,7000000,868,其他,1.4,900000,,RPXNMLTKOHOFFCC86CB
安樂區,房地(土地+建物)+車位,基隆市安樂區基隆市安樂區武崙里20鄰武崙街157號5樓,44.57,住,,,1061111,土地1建物1車位1,五層,7,華廈(10層含以下有電梯),住家用,鋼筋混凝土造,,7029.51,3,1,2,有,無,9600000,1238,其他,1.4,900000,,RPOOMLTKOHOFFCC68CB
安樂區,房地(土地+建物)+車位,基隆市安樂區基隆市安樂區武崙里20鄰武崙街157號2樓,44.57,住,,,1070113,土地1建物1車位1,二層,7,華廈(10層含以下有電梯),住家用,鋼筋混凝土造,,7029.51,3,1,2,有,無,9560000,1232,其他,1.4,900000,,RPPOMLTKOHOFFCC78CB
安樂區,房地(土地+建物)+車位,基隆市安樂區基隆市安樂區武崙里20鄰武崙街157號4樓,44.57,住,,,1060711,土地1建物1車位1,四層,7,華廈(10層含以下有電梯),住家用,鋼筋混凝土造,,7029.51,3,1,2,有,無,9180000,1178,其他,1.4,900000,,RPQOMLTKOHOFFCC88CB
安樂區,房地(土地+建物)+車位,基隆市安樂區基隆市安樂區武崙里20鄰武崙街157號7樓,44.57,住,,,1070113,土地1建物1車位1,七層,7,華廈(10層含以下有電梯),住家用,鋼筋混凝土造,,7029.51,3,1,2,有,無,9800000,1266,其他,1.4,900000,,RPROMLTKOHOFFCC98CB
安樂區,房地(土地+建物)+車位,基隆市安樂區基隆市安樂區武崙里20鄰武崙街153號1樓,26.71,住,,,1061105,土地1建物1車位1,一層,7,華廈(10層含以下有電梯),住家用,鋼筋混凝土造,,7029.51,2,1,1,有,無,7050000,875,其他,1.4,900000,,RPSOMLTKOHOFFCC09CB
安樂區,房地(土地+建物)+車位,基隆市安樂區基隆市安樂區武崙里20鄰武崙街153號4樓,31.21,住,,,1060711,土地1建物1車位1,四層,7,華廈(10層含以下有電梯),住家用,鋼筋混凝土造,,7029.51,2,1,1,有,無,6750000,832,其他,1.4,900000,,RPTOMLTKOHOFFCC56CB
安樂區,房地(土地+建物)+車位,基隆市安樂區基隆市安樂區武崙里20鄰武崙街153號6樓,31.21,住,,,1061105,土地1建物1車位1,六層,7,華廈(10層含以下有電梯),住家用,鋼筋混凝土造,,7029.51,2,1,1,有,無,6880000,865,其他,1.4,800000,,RPVOMLTKOHOFFCC76CB
安樂區,房地(土地+建物)+車位,基隆市安樂區基隆市安樂區武崙里20鄰武崙街149號1樓,26.71,住,,,1070324,土地1建物1車位1,一層,7,華廈(10層含以下有電梯),住家用,鋼筋混凝土造,,7029.51,2,1,1,有,無,7000000,868,其他,1.4,900000,,RPWOMLTKOHOFFCC86CB
安樂區,房地(土地+建物)+車位,基隆市安樂區基隆市安樂區武崙里20鄰武崙街149號2樓,31.21,住,,,1070721,土地1建物1車位1,二層,7,華廈(10層含以下有電梯),住家用,鋼筋混凝土造,,7029.51,2,1,1,有,無,6880000,865,其他,1.4,800000,,RPXOMLTKOHOFFCC96CB
安樂區,房地(土地+建物)+車位,基隆市安樂區基隆市安樂區武崙里20鄰武崙街149號3樓,31.21,住,,,1060924,土地1建物1車位1,三層,7,華廈(10層含以下有電梯),住家用,鋼筋混凝土造,,7029.51,2,1,1,有,無,6580000,822,其他,1.4,800000,,RPOPMLTKOHOFFCC78CB
安樂區,房地(土地+建物)+車位,基隆市安樂區基隆市安樂區武崙里20鄰武崙街149號4樓,31.21,住,,,1060722,土地1建物1車位1,四層,7,華廈(10層含以下有電梯),住家用,鋼筋混凝土造,,7029.51,2,1,1,有,無,6650000,832,其他,1.4,800000,,RPPPMLTKOHOFFCC88CB
安樂區,房地(土地+建物)+車位,基隆市安樂區基隆市安樂區武崙里20鄰武崙街149號6樓,31.21,住,,,1061223,土地1建物1車位1,六層,7,華廈(10層含以下有電梯),住家用,鋼筋混凝土造,,7029.51,2,1,1,有,無,6410000,855,升降機械,0.7,400000,,RPQPMLTKOHOFFCC98CB
安樂區,房地(土地+建物)+車位,基隆市安樂區基隆市安樂區武崙里20鄰武崙街145號1樓,26.92,住,,,1061118,土地1建物1車位1,一層,7,華廈(10層含以下有電梯),住家用,鋼筋混凝土造,,7029.51,2,1,1,有,無,6950000,861,其他,1.4,900000,,RPRPMLTKOHOFFCC09CB
安樂區,房地(土地+建物)+車位,基隆市安樂區基隆市安樂區武崙里20鄰武崙街145號2樓,32.34,住,,,1070807,土地1建物1車位1,二層,7,華廈(10層含以下有電梯),住家用,鋼筋混凝土造,,7029.51,2,1,1,有,無,7000000,882,其他,1.4,800000,,RPSPMLTKOHOFFCC56CB
安樂區,房地(土地+建物)+車位,基隆市安樂區基隆市安樂區武崙里20鄰武崙街145號3樓,32.34,住,,,1060228,土地1建物1車位1,三層,7,華廈(10層含以下有電梯),住家用,鋼筋混凝土造,,7029.51,2,1,1,有,無,6900000,868,其他,1.4,800000,,RPTPMLTKOHOFFCC66CB
安樂區,房地(土地+建物)+車位,基隆市安樂區基隆市安樂區武崙里20鄰武崙街145號4樓,32.34,住,,,1061002,土地1建物1車位1,四層,7,華廈(10層含以下有電梯),住家用,鋼筋混凝土造,,7029.51,2,1,1,有,無,7050000,889,其他,1.4,800000,,RPVPMLTKOHOFFCC86CB
安樂區,房地(土地+建物)+車位,基隆市安樂區基隆市安樂區武崙里20鄰武崙街145號5樓,32.34,住,,,1071006,土地1建物1車位1,五層,7,華廈(10層含以下有電梯),住家用,鋼筋混凝土造,,7029.51,2,1,1,有,無,7180000,894,其他,1.4,900000,,RPWPMLTKOHOFFCC96CB
安樂區,房地(土地+建物)+車位,基隆市安樂區基隆市安樂區武崙里20鄰武崙街145號6樓,32.34,住,,,1060924,土地1建物1車位1,六層,7,華廈(10層含以下有電梯),住家用,鋼筋混凝土造,,7029.51,2,1,1,有,無,7150000,904,其他,1.4,800000,,RPXPMLTKOHOFFCC07CB
安樂區,房地(土地+建物),基隆市安樂區基隆市安樂區武崙里20鄰武崙街147號2樓,31.21,住,,,1070701,土地1建物1車位0,二層,7,華廈(10層含以下有電梯),住家用,鋼筋混凝土造,,7029.51,2,1,1,有,無,5500000,782,,0.0,0,,RPOQMLTKOHOFFCC88CB
安樂區,房地(土地+建物)+車位,基隆市安樂區基隆市安樂區武崙里20鄰武崙街147號3樓,31.21,住,,,1060315,土地1建物1車位1,三層,7,華廈(10層含以下有電梯),住家用,鋼筋混凝土造,,7029.51,2,1,1,有,無,5800000,768,升降機械,0.7,400000,,RPPQMLTKOHOFFCC98CB
安樂區,房地(土地+建物)+車位,基隆市安樂區基隆市安樂區武崙里20鄰武崙街147號4樓,31.21,住,,,1060401,土地1建物1車位1,四層,7,華廈(10層含以下有電梯),住家用,鋼筋混凝土造,,7029.51,2,1,1,有,無,5680000,765,升降機械,0.7,300000,,RPQQMLTKOHOFFCC09CB
安樂區,房地(土地+建物)+車位,基隆市安樂區基隆市安樂區武崙里20鄰武崙街147號5樓,31.21,住,,,1060706,土地1建物1車位1,五層,7,華廈(10層含以下有電梯),住家用,鋼筋混凝土造,,7029.51,2,1,1,有,無,5680000,765,升降機械,0.7,300000,,RPRQMLTKOHOFFCC56CB
安樂區,房地(土地+建物)+車位,基隆市安樂區基隆市安樂區武崙里20鄰武崙街147號6樓,31.21,住,,,1060219,土地1建物1車位1,四層,7,華廈(10層含以下有電梯),住家用,鋼筋混凝土造,,7029.51,2,1,1,有,無,5880000,780,升降機械,0.7,400000,,RPSQMLTKOHOFFCC66CB
安樂區,房地(土地+建物)+車位,基隆市安樂區基隆市安樂區武崙里20鄰武崙街147號7樓,31.21,住,,,1060818,土地1建物1車位1,七層,7,華廈(10層含以下有電梯),住家用,鋼筋混凝土造,,7029.51,2,1,1,有,無,5760000,777,升降機械,0.7,300000,,RPTQMLTKOHOFFCC76CB
安樂區,房地(土地+建物)+車位,基隆市安樂區基隆市安樂區武崙里20鄰武崙街151號1樓,27.34,住,,,1070415,土地1建物1車位1,一層,7,華廈(10層含以下有電梯),住家用,鋼筋混凝土造,,7029.51,2,1,1,有,無,6380000,808,其他,1.4,700000,,RPUQMLTKOHOFFCC86CB
安樂區,房地(土地+建物)+車位,基隆市安樂區基隆市安樂區武崙里20鄰武崙街151號2樓,31.63,住,,,1060227,土地1建物1車位1,二層,7,華廈(10層含以下有電梯),住家用,鋼筋混凝土造,,7029.51,2,1,1,有,無,5700000,768,升降機械,0.7,300000,,RPVQMLTKOHOFFCC96CB
安樂區,房地(土地+建物)+車位,基隆市安樂區基隆市安樂區武崙里20鄰武崙街151號3樓,31.63,住,,,1060423,土地1建物1車位1,三層,7,華廈(10層含以下有電梯),住家用,鋼筋混凝土造,,7029.51,2,1,1,有,無,5700000,768,升降機械,0.7,300000,,RPWQMLTKOHOFFCC07CB
安樂區,房地(土地+建物)+車位,基隆市安樂區基隆市安樂區武崙里20鄰武崙街151號4樓,31.63,住,,,1060826,土地1建物1車位1,四層,7,華廈(10層含以下有電梯),住家用,鋼筋混凝土造,,7029.51,2,1,1,有,無,5700000,768,升降機械,0.7,300000,,RPXQMLTKOHOFFCC17CB
安樂區,房地(土地+建物)+車位,基隆市安樂區基隆市安樂區武崙里20鄰武崙街151號5樓,31.63,住,,,1060716,土地1建物1車位1,五層,7,華廈(10層含以下有電梯),住家用,鋼筋混凝土造,,7029.51,2,1,1,有,無,5760000,777,升降機械,0.7,300000,,RPORMLTKOHOFFCC98CB
安樂區,房地(土地+建物)+車位,基隆市安樂區基隆市安樂區武崙里20鄰武崙街151號6樓,31.63,住,,,1060219,土地1建物1車位1,六層,7,華廈(10層含以下有電梯),住家用,鋼筋混凝土造,,7029.51,2,1,1,有,無,5880000,780,升降機械,0.7,400000,,RPPRMLTKOHOFFCC09CB
安樂區,房地(土地+建物)+車位,基隆市安樂區基隆市安樂區武崙里20鄰武崙街151號7樓,31.63,住,,,1060818,土地1建物1車位1,七層,7,華廈(10層含以下有電梯),住家用,鋼筋混凝土造,,7029.51,2,1,1,有,無,5860000,791,升降機械,0.7,300000,,RPQRMLTKOHOFFCC56CB
安樂區,房地(土地+建物)+車位,基隆市安樂區基隆市安樂區武崙里20鄰武崙街155號1樓,27.91,住,,,1070614,土地1建物1車位1,一層,7,華廈(10層含以下有電梯),住家用,鋼筋混凝土造,,7029.51,2,1,1,有,無,6560000,820,其他,1.4,800000,,RPRRMLTKOHOFFCC66CB
安樂區,房地(土地+建物)+車位,基隆市安樂區基隆市安樂區武崙里20鄰武崙街155號2樓,30.58,住,,,1051120,土地1建物1車位1,二層,7,華廈(10層含以下有電梯),住家用,鋼筋混凝土造,,7029.51,2,1,1,有,無,5800000,768,升降機械,0.7,400000,,RPSRMLTKOHOFFCC76CB
安樂區,房地(土地+建物)+車位,基隆市安樂區基隆市安樂區武崙里20鄰武崙街155號3樓,30.58,住,,,1060423,土地1建物1車位1,三層,7,華廈(10層含以下有電梯),住家用,鋼筋混凝土造,,7029.51,2,1,1,有,無,5530000,744,升降機械,0.7,300000,,RPTRMLTKOHOFFCC86CB
安樂區,房地(土地+建物)+車位,基隆市安樂區基隆市安樂區武崙里20鄰武崙街155號4樓,30.58,住,,,1060423,土地1建物1車位1,四層,7,華廈(10層含以下有電梯),住家用,鋼筋混凝土造,,7029.51,2,1,1,有,無,5680000,765,升降機械,0.7,300000,,RPURMLTKOHOFFCC96CB
安樂區,房地(土地+建物)+車位,基隆市安樂區基隆市安樂區武崙里20鄰武崙街155號7樓,30.58,住,,,1060831,土地1建物1車位1,七層,7,華廈(10層含以下有電梯),住家用,鋼筋混凝土造,,7029.51,2,1,1,有,無,5850000,790,升降機械,0.7,300000,,RPVRMLTKOHOFFCC07CB
安樂區,房地(土地+建物)+車位,基隆市安樂區基隆市安樂區武崙里20鄰武崙街159號2樓,45.55,住,,,1070120,土地1建物1車位1,二層,7,華廈(10層含以下有電梯),住家用,鋼筋混凝土造,,7029.51,3,1,2,有,無,8800000,1138,其他,1.4,800000,,RPWRMLTKOHOFFCC17CB
安樂區,房地(土地+建物)+車位,基隆市安樂區基隆市安樂區武崙里20鄰武崙街159號3樓,45.55,住,,,1051112,土地1建物1車位1,三層,7,華廈(10層含以下有電梯),住家用,鋼筋混凝土造,,7029.51,3,1,2,有,無,9080000,1178,其他,1.4,800000,,RPXRMLTKOHOFFCC27CB
安樂區,房地(土地+建物)+車位,基隆市安樂區基隆市安樂區武崙里20鄰武崙街159號4樓,45.55,住,,,1060805,土地1建物1車位1,四層,7,華廈(10層含以下有電梯),住家用,鋼筋混凝土造,,7029.51,3,1,2,有,無,8800000,1138,其他,1.4,800000,,RPOSMLTKOHOFFCC09CB
安樂區,房地(土地+建物)+車位,基隆市安樂區基隆市安樂區武崙里20鄰武崙街159號5樓,45.55,住,,,1070203,土地1建物1車位1,五層,7,華廈(10層含以下有電梯),住家用,鋼筋混凝土造,,7029.51,3,1,2,有,無,9000000,1167,其他,1.4,800000,,RPPSMLTKOHOFFCC56CB
安樂區,房地(土地+建物)+車位,基隆市安樂區基隆市安樂區武崙里20鄰武崙街159號7樓,45.55,住,,,1060930,土地1建物1車位1,七層,7,華廈(10層含以下有電梯),住家用,鋼筋混凝土造,,7029.51,3,1,2,有,無,9180000,1178,其他,1.4,900000,,RPQSMLTKOHOFFCC66CB
安樂區,房地(土地+建物)+車位,基隆市安樂區基隆市安樂區武崙里20鄰武崙街175號2樓,45.83,住,,,1070602,土地1建物1車位1,二層,7,華廈(10層含以下有電梯),住家用,鋼筋混凝土造,,7029.51,3,1,2,有,無,9800000,1266,其他,1.4,900000,,RPRSMLTKOHOFFCC76CB
安樂區,房地(土地+建物)+車位,基隆市安樂區基隆市安樂區武崙里20鄰武崙街175號4樓,45.83,住,,,1070415,土地1建物1車位1,四層,7,華廈(10層含以下有電梯),住家用,鋼筋混凝土造,,7029.51,3,1,2,有,無,9270000,1191,其他,1.4,900000,,RPSSMLTKOHOFFCC86CB
安樂區,房地(土地+建物)+車位,基隆市安樂區基隆市安樂區武崙里20鄰武崙街175號6樓,45.83,住,,,1060708,土地1建物1車位1,六層,7,華廈(10層含以下有電梯),住家用,鋼筋混凝土造,,7029.51,3,1,2,有,無,9400000,1209,其他,1.4,900000,,RPTSMLTKOHOFFCC96CB
安樂區,房地(土地+建物)+車位,基隆市安樂區基隆市安樂區武崙里20鄰武崙街171號4樓,31.28,住,,,1061112,土地1建物1車位1,四層,7,華廈(10層含以下有電梯),住家用,鋼筋混凝土造,,7029.51,2,1,1,有,無,6880000,865,其他,1.4,800000,,RPUSMLTKOHOFFCC07CB
