﻿編號,土地位置,土地移轉面積(平方公尺),使用分區或編定,權利人持分分母,權利人持分分子,移轉情形,地號
The serial number, land position,land shifting area square meter,the use zoning or compiles and checks,,,,land parcel
RPQNMLPJOHOFFCJ98CB,旭光段,25.03,都市：其他:科技商務服務專用區,100000,136,持分移轉,01900000
RPTNMLPJOHOFFCJ66CB,旭光段,24.67,都市：其他:科技商務服務專用區,100000,134,持分移轉,01900000
RPUNMLPJOHOFFCJ76CB,旭光段,22.46,都市：其他:科技商務服務專用區,100000,122,持分移轉,01900000
RPRNMLPJOHOFFCJ09CB,旭光段,22.27,都市：其他:科技商務服務專用區,100000,121,持分移轉,01900000
RPSNMLPJOHOFFCJ56CB,旭光段,27.80,都市：其他:科技商務服務專用區,100000,151,持分移轉,01900000
RPVNMLPJOHOFFCJ86CB,旭光段,22.27,都市：其他:科技商務服務專用區,100000,121,持分移轉,01900000
RPVOMLPJOHOFFCJ96CB,旭光段,29.08,都市：其他:科技商務服務專用區,100000,158,持分移轉,01900000
RPSOMLPJOHOFFCJ66CB,旭光段,25.22,都市：其他:科技商務服務專用區,100000,137,持分移轉,01900000
RPROMLPJOHOFFCJ56CB,旭光段,25.59,都市：其他:科技商務服務專用區,100000,139,持分移轉,01900000
RPOOMLPJOHOFFCJ88CB,旭光段,25.03,都市：其他:科技商務服務專用區,100000,136,持分移轉,01900000
RPQOMLPJOHOFFCJ09CB,旭光段,26.51,都市：其他:科技商務服務專用區,100000,144,持分移轉,01900000
RPXNMLPJOHOFFCJ07CB,旭光段,28.57,都市：其他:科技商務服務專用區,100000,156,持分移轉,01900000
RPTOMLPJOHOFFCJ76CB,旭光段,25.22,都市：其他:科技商務服務專用區,100000,137,持分移轉,01900000
RPPOMLPJOHOFFCJ98CB,旭光段,27.61,都市：其他:科技商務服務專用區,100000,150,持分移轉,01900000
RPUOMLPJOHOFFCJ86CB,旭光段,22.46,都市：其他:科技商務服務專用區,100000,122,持分移轉,01900000
RPWNMLPJOHOFFCJ96CB,旭光段,28.53,都市：其他:科技商務服務專用區,100000,155,持分移轉,01900000
RPPPMLPJOHOFFCJ09CB,旭光段,25.77,都市：其他:科技商務服務專用區,100000,140,持分移轉,01900000
RPOPMLPJOHOFFCJ98CB,旭光段,24.67,都市：其他:科技商務服務專用區,100000,134,持分移轉,01900000
RPUPMLPJOHOFFCJ96CB,旭光段,26.51,都市：其他:科技商務服務專用區,100000,144,持分移轉,01900000
RPRPMLPJOHOFFCJ66CB,旭光段,24.11,都市：其他:科技商務服務專用區,100000,131,持分移轉,01900000
RPXOMLPJOHOFFCJ17CB,旭光段,27.61,都市：其他:科技商務服務專用區,100000,150,持分移轉,01900000
RPTPMLPJOHOFFCJ86CB,旭光段,25.59,都市：其他:科技商務服務專用區,100000,139,持分移轉,01900000
RPWOMLPJOHOFFCJ07CB,旭光段,22.27,都市：其他:科技商務服務專用區,100000,121,持分移轉,01900000
RPQPMLPJOHOFFCJ56CB,旭光段,26.51,都市：其他:科技商務服務專用區,100000,144,持分移轉,01900000
RPSPMLPJOHOFFCJ76CB,旭光段,28.72,都市：其他:科技商務服務專用區,100000,156,持分移轉,01900000
RPPQMLPJOHOFFCJ56CB,旭光段,29.08,都市：其他:科技商務服務專用區,100000,158,持分移轉,01900000
RPRQMLPJOHOFFCJ76CB,旭光段,25.59,都市：其他:科技商務服務專用區,100000,139,持分移轉,01900000
RPWPMLPJOHOFFCJ17CB,旭光段,22.46,都市：其他:科技商務服務專用區,100000,122,持分移轉,01900000
RPQQMLPJOHOFFCJ66CB,旭光段,27.61,都市：其他:科技商務服務專用區,100000,150,持分移轉,01900000
RPSQMLPJOHOFFCJ86CB,旭光段,24.11,都市：其他:科技商務服務專用區,100000,131,持分移轉,01900000
RPXPMLPJOHOFFCJ27CB,旭光段,24.67,都市：其他:科技商務服務專用區,100000,134,持分移轉,01900000
RPTQMLPJOHOFFCJ96CB,旭光段,22.09,都市：其他:科技商務服務專用區,100000,120,持分移轉,01900000
RPUQMLPJOHOFFCJ07CB,旭光段,25.59,都市：其他:科技商務服務專用區,100000,139,持分移轉,01900000
RPVQMLPJOHOFFCJ17CB,旭光段,22.46,都市：其他:科技商務服務專用區,100000,122,持分移轉,01900000
RPXQMLPJOHOFFCJ37CB,旭光段,25.22,都市：其他:科技商務服務專用區,100000,137,持分移轉,01900000
RPORMLPJOHOFFCJ56CB,旭光段,24.67,都市：其他:科技商務服務專用區,100000,134,持分移轉,01900000
RPQRMLPJOHOFFCJ76CB,旭光段,30.19,都市：其他:科技商務服務專用區,100000,164,持分移轉,01900000
RPURMLPJOHOFFCJ17CB,旭光段,26.51,都市：其他:科技商務服務專用區,100000,144,持分移轉,01900000
RPRRMLPJOHOFFCJ86CB,旭光段,25.96,都市：其他:科技商務服務專用區,100000,141,持分移轉,01900000
RPTRMLPJOHOFFCJ07CB,旭光段,22.27,都市：其他:科技商務服務專用區,100000,121,持分移轉,01900000
RPWQMLPJOHOFFCJ27CB,旭光段,25.03,都市：其他:科技商務服務專用區,100000,136,持分移轉,01900000
RPVRMLPJOHOFFCJ27CB,旭光段,28.53,都市：其他:科技商務服務專用區,100000,155,持分移轉,01900000
RPSRMLPJOHOFFCJ96CB,旭光段,22.46,都市：其他:科技商務服務專用區,100000,122,持分移轉,01900000
RPPRMLPJOHOFFCJ66CB,旭光段,24.11,都市：其他:科技商務服務專用區,100000,131,持分移轉,01900000
RPSSMLPJOHOFFCJ07CB,旭光段,29.08,都市：其他:科技商務服務專用區,100000,158,持分移轉,01900000
RPPSMLPJOHOFFCJ76CB,旭光段,25.22,都市：其他:科技商務服務專用區,100000,137,持分移轉,01900000
RPVSMLPJOHOFFCJ37CB,旭光段,27.80,都市：其他:科技商務服務專用區,100000,151,持分移轉,01900000
RPOSMLPJOHOFFCJ66CB,旭光段,26.14,都市：其他:科技商務服務專用區,100000,142,持分移轉,01900000
RPWRMLPJOHOFFCJ37CB,旭光段,22.27,都市：其他:科技商務服務專用區,100000,121,持分移轉,01900000
RPQSMLPJOHOFFCJ86CB,旭光段,27.61,都市：其他:科技商務服務專用區,100000,150,持分移轉,01900000
RPUSMLPJOHOFFCJ27CB,旭光段,25.59,都市：其他:科技商務服務專用區,100000,139,持分移轉,01900000
RPXRMLPJOHOFFCJ47CB,旭光段,22.27,都市：其他:科技商務服務專用區,100000,121,持分移轉,01900000
RPRSMLPJOHOFFCJ96CB,旭光段,22.27,都市：其他:科技商務服務專用區,100000,121,持分移轉,01900000
RPTSMLPJOHOFFCJ17CB,旭光段,28.72,都市：其他:科技商務服務專用區,100000,156,持分移轉,01900000
RPWSMLPJOHOFFCJ47CB,旭光段,27.80,都市：其他:科技商務服務專用區,100000,151,持分移轉,01900000
RPXSMLPJOHOFFCJ57CB,旭光段,25.03,都市：其他:科技商務服務專用區,100000,136,持分移轉,01900000
RPSTMLPJOHOFFCJ17CB,旭光段,30.01,都市：其他:科技商務服務專用區,100000,163,持分移轉,01900000
RPQTMLPJOHOFFCJ96CB,旭光段,22.46,都市：其他:科技商務服務專用區,100000,122,持分移轉,01900000
RPRTMLPJOHOFFCJ07CB,旭光段,29.08,都市：其他:科技商務服務專用區,100000,158,持分移轉,01900000
RPOTMLPJOHOFFCJ76CB,旭光段,27.61,都市：其他:科技商務服務專用區,100000,150,持分移轉,01900000
RPTTMLPJOHOFFCJ27CB,旭光段,25.03,都市：其他:科技商務服務專用區,100000,136,持分移轉,01900000
RPPTMLPJOHOFFCJ86CB,旭光段,26.51,都市：其他:科技商務服務專用區,100000,144,持分移轉,01900000
RPUTMLPJOHOFFCJ37CB,旭光段,27.80,都市：其他:科技商務服務專用區,100000,151,持分移轉,01900000
RPPUMLPJOHOFFCJ96CB,旭光段,24.67,都市：其他:科技商務服務專用區,100000,134,持分移轉,01900000
RPWTMLPJOHOFFCJ57CB,旭光段,29.08,都市：其他:科技商務服務專用區,100000,158,持分移轉,01900000
RPVTMLPJOHOFFCJ47CB,旭光段,29.08,都市：其他:科技商務服務專用區,100000,158,持分移轉,01900000
RPXTMLPJOHOFFCJ67CB,旭光段,26.14,都市：其他:科技商務服務專用區,100000,142,持分移轉,01900000
RPOUMLPJOHOFFCJ86CB,旭光段,25.22,都市：其他:科技商務服務專用區,100000,137,持分移轉,01900000
RPRUMLPJOHOFFCJ17CB,旭光段,22.27,都市：其他:科技商務服務專用區,100000,121,持分移轉,01900000
RPSUMLPJOHOFFCJ27CB,旭光段,24.67,都市：其他:科技商務服務專用區,100000,134,持分移轉,01900000
RPUUMLPJOHOFFCJ47CB,旭光段,24.85,都市：其他:科技商務服務專用區,100000,135,持分移轉,01900000
RPTUMLPJOHOFFCJ37CB,旭光段,22.46,都市：其他:科技商務服務專用區,100000,122,持分移轉,01900000
RPQUMLPJOHOFFCJ07CB,旭光段,24.11,都市：其他:科技商務服務專用區,100000,131,持分移轉,01900000
RPWUMLPJOHOFFCJ67CB,旭光段,24.67,都市：其他:科技商務服務專用區,100000,134,持分移轉,01900000
RPPVMLPJOHOFFCJ07CB,旭光段,25.59,都市：其他:科技商務服務專用區,100000,139,持分移轉,01900000
RPOVMLPJOHOFFCJ96CB,旭光段,27.80,都市：其他:科技商務服務專用區,100000,151,持分移轉,01900000
RPQVMLPJOHOFFCJ17CB,旭光段,25.03,都市：其他:科技商務服務專用區,100000,136,持分移轉,01900000
RPSVMLPJOHOFFCJ37CB,旭光段,22.46,都市：其他:科技商務服務專用區,100000,122,持分移轉,01900000
RPVUMLPJOHOFFCJ57CB,旭光段,27.61,都市：其他:科技商務服務專用區,100000,150,持分移轉,01900000
RPXUMLPJOHOFFCJ77CB,旭光段,22.09,都市：其他:科技商務服務專用區,100000,120,持分移轉,01900000
RPTVMLPJOHOFFCJ47CB,旭光段,22.27,都市：其他:科技商務服務專用區,100000,121,持分移轉,01900000
RPUVMLPJOHOFFCJ57CB,旭光段,26.51,都市：其他:科技商務服務專用區,100000,144,持分移轉,01900000
RPRVMLPJOHOFFCJ27CB,旭光段,22.46,都市：其他:科技商務服務專用區,100000,122,持分移轉,01900000
RPVVMLPJOHOFFCJ67CB,旭光段,22.46,都市：其他:科技商務服務專用區,100000,122,持分移轉,01900000
RPTWMLPJOHOFFCJ57CB,旭光段,25.03,都市：其他:科技商務服務專用區,100000,136,持分移轉,01900000
RPRWMLPJOHOFFCJ37CB,旭光段,25.03,都市：其他:科技商務服務專用區,100000,136,持分移轉,01900000
RPOWMLPJOHOFFCJ07CB,旭光段,25.03,都市：其他:科技商務服務專用區,100000,136,持分移轉,01900000
RPPWMLPJOHOFFCJ17CB,旭光段,25.96,都市：其他:科技商務服務專用區,100000,141,持分移轉,01900000
RPXVMLPJOHOFFCJ87CB,旭光段,24.67,都市：其他:科技商務服務專用區,100000,134,持分移轉,01900000
RPWVMLPJOHOFFCJ77CB,旭光段,30.01,都市：其他:科技商務服務專用區,100000,163,持分移轉,01900000
RPQWMLPJOHOFFCJ27CB,旭光段,24.67,都市：其他:科技商務服務專用區,100000,134,持分移轉,01900000
RPUWMLPJOHOFFCJ67CB,旭光段,22.27,都市：其他:科技商務服務專用區,100000,121,持分移轉,01900000
RPVWMLPJOHOFFCJ77CB,旭光段,22.46,都市：其他:科技商務服務專用區,100000,122,持分移轉,01900000
RPSWMLPJOHOFFCJ47CB,旭光段,22.46,都市：其他:科技商務服務專用區,100000,122,持分移轉,01900000
RPPNNLPJOHOFFCJ98CB,旭光段,22.27,都市：其他:科技商務服務專用區,100000,121,持分移轉,01900000
RPWWMLPJOHOFFCJ87CB,旭光段,22.27,都市：其他:科技商務服務專用區,100000,121,持分移轉,01900000
RPXWMLPJOHOFFCJ97CB,旭光段,22.27,都市：其他:科技商務服務專用區,100000,121,持分移轉,01900000
RPSNNLPJOHOFFCJ66CB,旭光段,27.80,都市：其他:科技商務服務專用區,100000,151,持分移轉,01900000
RPTNNLPJOHOFFCJ76CB,旭光段,24.11,都市：其他:科技商務服務專用區,100000,131,持分移轉,01900000
RPRNNLPJOHOFFCJ56CB,旭光段,29.08,都市：其他:科技商務服務專用區,100000,158,持分移轉,01900000
RPONNLPJOHOFFCJ88CB,旭光段,24.67,都市：其他:科技商務服務專用區,100000,134,持分移轉,01900000
RPQNNLPJOHOFFCJ09CB,旭光段,27.80,都市：其他:科技商務服務專用區,100000,151,持分移轉,01900000
RPVNNLPJOHOFFCJ96CB,旭光段,29.08,都市：其他:科技商務服務專用區,100000,158,持分移轉,01900000
RPQONLPJOHOFFCJ56CB,旭光段,24.67,都市：其他:科技商務服務專用區,100000,134,持分移轉,01900000
RPXNNLPJOHOFFCJ17CB,旭光段,22.27,都市：其他:科技商務服務專用區,100000,121,持分移轉,01900000
RPPONLPJOHOFFCJ09CB,旭光段,25.96,都市：其他:科技商務服務專用區,100000,141,持分移轉,01900000
RPUNNLPJOHOFFCJ86CB,旭光段,24.67,都市：其他:科技商務服務專用區,100000,134,持分移轉,01900000
RPRONLPJOHOFFCJ66CB,旭光段,22.27,都市：其他:科技商務服務專用區,100000,121,持分移轉,01900000
RPOONLPJOHOFFCJ98CB,旭光段,22.27,都市：其他:科技商務服務專用區,100000,121,持分移轉,01900000
RPTONLPJOHOFFCJ86CB,旭光段,24.48,都市：其他:科技商務服務專用區,100000,133,持分移轉,01900000
RPUONLPJOHOFFCJ96CB,旭光段,22.27,都市：其他:科技商務服務專用區,100000,121,持分移轉,01900000
RPWNNLPJOHOFFCJ07CB,旭光段,24.67,都市：其他:科技商務服務專用區,100000,134,持分移轉,01900000
RPSONLPJOHOFFCJ76CB,旭光段,27.80,都市：其他:科技商務服務專用區,100000,151,持分移轉,01900000
RPUPNLPJOHOFFCJ07CB,旭光段,24.67,都市：其他:科技商務服務專用區,100000,134,持分移轉,01900000
RPSPNLPJOHOFFCJ86CB,旭光段,22.27,都市：其他:科技商務服務專用區,100000,121,持分移轉,01900000
RPPPNLPJOHOFFCJ56CB,旭光段,28.72,都市：其他:科技商務服務專用區,100000,156,持分移轉,01900000
RPXONLPJOHOFFCJ27CB,旭光段,27.80,都市：其他:科技商務服務專用區,100000,151,持分移轉,01900000
RPWONLPJOHOFFCJ17CB,旭光段,25.03,都市：其他:科技商務服務專用區,100000,136,持分移轉,01900000
RPTPNLPJOHOFFCJ96CB,旭光段,24.67,都市：其他:科技商務服務專用區,100000,134,持分移轉,01900000
RPRPNLPJOHOFFCJ76CB,旭光段,22.27,都市：其他:科技商務服務專用區,100000,121,持分移轉,01900000
RPVONLPJOHOFFCJ07CB,旭光段,24.11,都市：其他:科技商務服務專用區,100000,131,持分移轉,01900000
RPQPNLPJOHOFFCJ66CB,旭光段,25.03,都市：其他:科技商務服務專用區,100000,136,持分移轉,01900000
RPXPNLPJOHOFFCJ37CB,旭光段,24.67,都市：其他:科技商務服務專用區,100000,134,持分移轉,01900000
RPPQNLPJOHOFFCJ66CB,旭光段,23.93,都市：其他:科技商務服務專用區,100000,130,持分移轉,01900000
RPOPNLPJOHOFFCJ09CB,旭光段,24.67,都市：其他:科技商務服務專用區,100000,134,持分移轉,01900000
RPOQNLPJOHOFFCJ56CB,旭光段,25.22,都市：其他:科技商務服務專用區,100000,137,持分移轉,01900000
RPQQNLPJOHOFFCJ76CB,旭光段,25.03,都市：其他:科技商務服務專用區,100000,136,持分移轉,01900000
RPRQNLPJOHOFFCJ86CB,旭光段,22.27,都市：其他:科技商務服務專用區,100000,121,持分移轉,01900000
RPVPNLPJOHOFFCJ17CB,旭光段,27.61,都市：其他:科技商務服務專用區,100000,150,持分移轉,01900000
RPSQNLPJOHOFFCJ96CB,旭光段,25.22,都市：其他:科技商務服務專用區,100000,137,持分移轉,01900000
RPTQNLPJOHOFFCJ07CB,旭光段,22.27,都市：其他:科技商務服務專用區,100000,121,持分移轉,01900000
RPWPNLPJOHOFFCJ27CB,旭光段,22.46,都市：其他:科技商務服務專用區,100000,122,持分移轉,01900000
RPWQNLPJOHOFFCJ37CB,旭光段,24.67,都市：其他:科技商務服務專用區,100000,134,持分移轉,01900000
RPUQNLPJOHOFFCJ17CB,旭光段,25.59,都市：其他:科技商務服務專用區,100000,139,持分移轉,01900000
RPVQNLPJOHOFFCJ27CB,旭光段,27.80,都市：其他:科技商務服務專用區,100000,151,持分移轉,01900000
RPORNLPJOHOFFCJ66CB,旭光段,24.67,都市：其他:科技商務服務專用區,100000,134,持分移轉,01900000
RPXQNLPJOHOFFCJ47CB,旭光段,25.03,都市：其他:科技商務服務專用區,100000,136,持分移轉,01900000
RPQRNLPJOHOFFCJ86CB,旭光段,24.11,都市：其他:科技商務服務專用區,100000,131,持分移轉,01900000
RPURNLPJOHOFFCJ27CB,旭光段,28.53,都市：其他:科技商務服務專用區,100000,155,持分移轉,01900000
RPWRNLPJOHOFFCJ47CB,旭光段,25.22,都市：其他:科技商務服務專用區,100000,137,持分移轉,01900000
RPTRNLPJOHOFFCJ17CB,旭光段,22.27,都市：其他:科技商務服務專用區,100000,121,持分移轉,01900000
RPRRNLPJOHOFFCJ96CB,旭光段,22.27,都市：其他:科技商務服務專用區,100000,121,持分移轉,01900000
RPSRNLPJOHOFFCJ07CB,旭光段,22.46,都市：其他:科技商務服務專用區,100000,122,持分移轉,01900000
RPVRNLPJOHOFFCJ37CB,旭光段,25.22,都市：其他:科技商務服務專用區,100000,137,持分移轉,01900000
RPXRNLPJOHOFFCJ57CB,旭光段,30.01,都市：其他:科技商務服務專用區,100000,163,持分移轉,01900000
RPOSNLPJOHOFFCJ76CB,旭光段,25.03,都市：其他:科技商務服務專用區,100000,136,持分移轉,01900000
RPQSNLPJOHOFFCJ96CB,旭光段,25.22,都市：其他:科技商務服務專用區,100000,137,持分移轉,01900000
RPPSNLPJOHOFFCJ86CB,旭光段,24.67,都市：其他:科技商務服務專用區,100000,134,持分移轉,01900000
RPRSNLPJOHOFFCJ07CB,旭光段,27.80,都市：其他:科技商務服務專用區,100000,151,持分移轉,01900000
RPSSNLPJOHOFFCJ17CB,旭光段,24.67,都市：其他:科技商務服務專用區,100000,134,持分移轉,01900000
RPUTNLPJOHOFFCJ47CB,旭光段,21.72,都市：其他:科技商務服務專用區,100000,118,持分移轉,01900000
RPTTNLPJOHOFFCJ37CB,旭光段,20.80,都市：其他:科技商務服務專用區,100000,113,持分移轉,01900000
RPSTNLPJOHOFFCJ27CB,旭光段,24.67,都市：其他:科技商務服務專用區,100000,134,持分移轉,01900000
RPTSNLPJOHOFFCJ27CB,旭光段,25.03,都市：其他:科技商務服務專用區,100000,136,持分移轉,01900000
RPRTNLPJOHOFFCJ17CB,旭光段,22.64,都市：其他:科技商務服務專用區,100000,123,持分移轉,01900000
RPUSNLPJOHOFFCJ37CB,旭光段,28.35,都市：其他:科技商務服務專用區,100000,154,持分移轉,01900000
RPOTNLPJOHOFFCJ86CB,旭光段,23.75,都市：其他:科技商務服務專用區,100000,129,持分移轉,01900000
RPVSNLPJOHOFFCJ47CB,旭光段,28.90,都市：其他:科技商務服務專用區,100000,157,持分移轉,01900000
RPQTNLPJOHOFFCJ07CB,旭光段,21.91,都市：其他:科技商務服務專用區,100000,119,持分移轉,01900000
RPPTNLPJOHOFFCJ96CB,旭光段,23.75,都市：其他:科技商務服務專用區,100000,129,持分移轉,01900000
RPXTNLPJOHOFFCJ77CB,旭光段,25.59,都市：其他:科技商務服務專用區,100000,139,持分移轉,01900000
RPVTNLPJOHOFFCJ57CB,旭光段,23.38,都市：其他:科技商務服務專用區,100000,127,持分移轉,01900000
RPOUNLPJOHOFFCJ96CB,旭光段,22.64,都市：其他:科技商務服務專用區,100000,123,持分移轉,01900000
RPPUNLPJOHOFFCJ07CB,旭光段,29.64,都市：其他:科技商務服務專用區,100000,161,持分移轉,01900000
RPWTNLPJOHOFFCJ67CB,旭光段,24.67,都市：其他:科技商務服務專用區,100000,134,持分移轉,01900000
RPQUNLPJOHOFFCJ17CB,旭光段,22.83,都市：其他:科技商務服務專用區,100000,124,持分移轉,01900000
RPSUNLPJOHOFFCJ37CB,旭光段,24.67,都市：其他:科技商務服務專用區,100000,134,持分移轉,01900000
RPTUNLPJOHOFFCJ47CB,旭光段,20.99,都市：其他:科技商務服務專用區,100000,114,持分移轉,01900000
RPVUNLPJOHOFFCJ67CB,旭光段,22.64,都市：其他:科技商務服務專用區,100000,123,持分移轉,01900000
RPUUNLPJOHOFFCJ57CB,旭光段,20.99,都市：其他:科技商務服務專用區,100000,114,持分移轉,01900000
RPOVNLPJOHOFFCJ07CB,旭光段,21.72,都市：其他:科技商務服務專用區,100000,118,持分移轉,01900000
RPXUNLPJOHOFFCJ87CB,旭光段,20.99,都市：其他:科技商務服務專用區,100000,114,持分移轉,01900000
RPQVNLPJOHOFFCJ27CB,旭光段,21.91,都市：其他:科技商務服務專用區,100000,119,持分移轉,01900000
RPPVNLPJOHOFFCJ17CB,旭光段,23.75,都市：其他:科技商務服務專用區,100000,129,持分移轉,01900000
RPRUNLPJOHOFFCJ27CB,旭光段,24.67,都市：其他:科技商務服務專用區,100000,134,持分移轉,01900000
RPWUNLPJOHOFFCJ77CB,旭光段,29.64,都市：其他:科技商務服務專用區,100000,161,持分移轉,01900000
RPUVNLPJOHOFFCJ67CB,旭光段,23.75,都市：其他:科技商務服務專用區,100000,129,持分移轉,01900000
RPVVNLPJOHOFFCJ77CB,旭光段,25.96,都市：其他:科技商務服務專用區,100000,141,持分移轉,01900000
RPSVNLPJOHOFFCJ47CB,旭光段,25.96,都市：其他:科技商務服務專用區,100000,141,持分移轉,01900000
RPTVNLPJOHOFFCJ57CB,旭光段,25.77,都市：其他:科技商務服務專用區,100000,140,持分移轉,01900000
RPWVNLPJOHOFFCJ87CB,旭光段,21.91,都市：其他:科技商務服務專用區,100000,119,持分移轉,01900000
RPRVNLPJOHOFFCJ37CB,旭光段,22.46,都市：其他:科技商務服務專用區,100000,122,持分移轉,01900000
RPXVNLPJOHOFFCJ97CB,旭光段,22.46,都市：其他:科技商務服務專用區,100000,122,持分移轉,01900000
RPQWNLPJOHOFFCJ37CB,旭光段,22.64,都市：其他:科技商務服務專用區,100000,123,持分移轉,01900000
RPPWNLPJOHOFFCJ27CB,旭光段,20.80,都市：其他:科技商務服務專用區,100000,113,持分移轉,01900000
RPSWNLPJOHOFFCJ57CB,旭光段,30.56,都市：其他:科技商務服務專用區,100000,166,持分移轉,01900000
RPOWNLPJOHOFFCJ17CB,旭光段,25.59,都市：其他:科技商務服務專用區,100000,139,持分移轉,01900000
RPTWNLPJOHOFFCJ67CB,旭光段,20.80,都市：其他:科技商務服務專用區,100000,113,持分移轉,01900000
RPVWNLPJOHOFFCJ87CB,旭光段,21.91,都市：其他:科技商務服務專用區,100000,119,持分移轉,01900000
RPUWNLPJOHOFFCJ77CB,旭光段,20.80,都市：其他:科技商務服務專用區,100000,113,持分移轉,01900000
RPRWNLPJOHOFFCJ47CB,旭光段,24.67,都市：其他:科技商務服務專用區,100000,134,持分移轉,01900000
RPPNOLPJOHOFFCJ09CB,旭光段,24.67,都市：其他:科技商務服務專用區,100000,134,持分移轉,01900000
RPONOLPJOHOFFCJ98CB,旭光段,24.67,都市：其他:科技商務服務專用區,100000,134,持分移轉,01900000
RPXWNLPJOHOFFCJ08CB,旭光段,24.67,都市：其他:科技商務服務專用區,100000,134,持分移轉,01900000
RPWWNLPJOHOFFCJ97CB,旭光段,24.67,都市：其他:科技商務服務專用區,100000,134,持分移轉,01900000
RPSNOLPJOHOFFCJ76CB,旭光段,20.80,都市：其他:科技商務服務專用區,100000,113,持分移轉,01900000
RPRNOLPJOHOFFCJ66CB,旭光段,25.96,都市：其他:科技商務服務專用區,100000,141,持分移轉,01900000
RPQNOLPJOHOFFCJ56CB,旭光段,24.67,都市：其他:科技商務服務專用區,100000,134,持分移轉,01900000
RPUNOLPJOHOFFCJ96CB,旭光段,24.67,都市：其他:科技商務服務專用區,100000,134,持分移轉,01900000
RPVNOLPJOHOFFCJ07CB,旭光段,25.96,都市：其他:科技商務服務專用區,100000,141,持分移轉,01900000
RPTNOLPJOHOFFCJ86CB,旭光段,20.80,都市：其他:科技商務服務專用區,100000,113,持分移轉,01900000
RPWNOLPJOHOFFCJ17CB,旭光段,26.88,都市：其他:科技商務服務專用區,100000,146,持分移轉,01900000
RPOOOLPJOHOFFCJ09CB,旭光段,20.80,都市：其他:科技商務服務專用區,100000,113,持分移轉,01900000
RPXNOLPJOHOFFCJ27CB,旭光段,24.67,都市：其他:科技商務服務專用區,100000,134,持分移轉,01900000
RPSOOLPJOHOFFCJ86CB,旭光段,21.91,都市：其他:科技商務服務專用區,100000,119,持分移轉,01900000
RPVOOLPJOHOFFCJ17CB,旭光段,30.74,都市：其他:科技商務服務專用區,100000,167,持分移轉,01900000
RPTOOLPJOHOFFCJ96CB,旭光段,24.67,都市：其他:科技商務服務專用區,100000,134,持分移轉,01900000
RPOPOLPJOHOFFCJ56CB,旭光段,21.91,都市：其他:科技商務服務專用區,100000,119,持分移轉,01900000
RPPOOLPJOHOFFCJ56CB,旭光段,20.62,都市：其他:科技商務服務專用區,100000,112,持分移轉,01900000
RPROOLPJOHOFFCJ76CB,旭光段,24.67,都市：其他:科技商務服務專用區,100000,134,持分移轉,01900000
RPUOOLPJOHOFFCJ07CB,旭光段,23.01,都市：其他:科技商務服務專用區,100000,125,持分移轉,01900000
RPWOOLPJOHOFFCJ27CB,旭光段,22.64,都市：其他:科技商務服務專用區,100000,123,持分移轉,01900000
RPXOOLPJOHOFFCJ37CB,旭光段,21.91,都市：其他:科技商務服務專用區,100000,119,持分移轉,01900000
RPQOOLPJOHOFFCJ66CB,旭光段,20.80,都市：其他:科技商務服務專用區,100000,113,持分移轉,01900000
RPSPOLPJOHOFFCJ96CB,旭光段,20.80,都市：其他:科技商務服務專用區,100000,113,持分移轉,01900000
RPXPOLPJOHOFFCJ47CB,旭光段,25.59,都市：其他:科技商務服務專用區,100000,139,持分移轉,01900000
RPPPOLPJOHOFFCJ66CB,旭光段,20.99,都市：其他:科技商務服務專用區,100000,114,持分移轉,01900000
RPRPOLPJOHOFFCJ86CB,旭光段,22.46,都市：其他:科技商務服務專用區,100000,122,持分移轉,01900000
RPQPOLPJOHOFFCJ76CB,旭光段,25.77,都市：其他:科技商務服務專用區,100000,140,持分移轉,01900000
RPTPOLPJOHOFFCJ07CB,旭光段,25.96,都市：其他:科技商務服務專用區,100000,141,持分移轉,01900000
RPUPOLPJOHOFFCJ17CB,旭光段,24.67,都市：其他:科技商務服務專用區,100000,134,持分移轉,01900000
RPVPOLPJOHOFFCJ27CB,旭光段,24.67,都市：其他:科技商務服務專用區,100000,134,持分移轉,01900000
RPPQOLPJOHOFFCJ76CB,旭光段,26.51,都市：其他:科技商務服務專用區,100000,144,持分移轉,01900000
RPRQOLPJOHOFFCJ96CB,旭光段,23.01,都市：其他:科技商務服務專用區,100000,125,持分移轉,01900000
RPOQOLPJOHOFFCJ66CB,旭光段,20.99,都市：其他:科技商務服務專用區,100000,114,持分移轉,01900000
RPSQOLPJOHOFFCJ07CB,旭光段,20.99,都市：其他:科技商務服務專用區,100000,114,持分移轉,01900000
RPQQOLPJOHOFFCJ86CB,旭光段,26.51,都市：其他:科技商務服務專用區,100000,144,持分移轉,01900000
RPTQOLPJOHOFFCJ17CB,旭光段,21.72,都市：其他:科技商務服務專用區,100000,118,持分移轉,01900000
RPUQOLPJOHOFFCJ27CB,旭光段,25.59,都市：其他:科技商務服務專用區,100000,139,持分移轉,01900000
RPWQOLPJOHOFFCJ47CB,旭光段,21.91,都市：其他:科技商務服務專用區,100000,119,持分移轉,01900000
RPXQOLPJOHOFFCJ57CB,旭光段,26.51,都市：其他:科技商務服務專用區,100000,144,持分移轉,01900000
RPVQOLPJOHOFFCJ37CB,旭光段,20.99,都市：其他:科技商務服務專用區,100000,114,持分移轉,01900000
RPOROLPJOHOFFCJ76CB,旭光段,30.56,都市：其他:科技商務服務專用區,100000,166,持分移轉,01900000
RPTROLPJOHOFFCJ27CB,旭光段,20.80,都市：其他:科技商務服務專用區,100000,113,持分移轉,01900000
RPPROLPJOHOFFCJ86CB,旭光段,20.80,都市：其他:科技商務服務專用區,100000,113,持分移轉,01900000
RPQROLPJOHOFFCJ96CB,旭光段,20.80,都市：其他:科技商務服務專用區,100000,113,持分移轉,01900000
RPRROLPJOHOFFCJ07CB,旭光段,26.69,都市：其他:科技商務服務專用區,100000,145,持分移轉,01900000
RPXROLPJOHOFFCJ67CB,旭光段,20.80,都市：其他:科技商務服務專用區,100000,113,持分移轉,01900000
RPSROLPJOHOFFCJ17CB,旭光段,20.80,都市：其他:科技商務服務專用區,100000,113,持分移轉,01900000
RPVROLPJOHOFFCJ47CB,旭光段,20.80,都市：其他:科技商務服務專用區,100000,113,持分移轉,01900000
RPUROLPJOHOFFCJ37CB,旭光段,20.80,都市：其他:科技商務服務專用區,100000,113,持分移轉,01900000
RPWROLPJOHOFFCJ57CB,旭光段,20.80,都市：其他:科技商務服務專用區,100000,113,持分移轉,01900000
RPRSOLPJOHOFFCJ17CB,旭光段,22.46,都市：其他:科技商務服務專用區,100000,122,持分移轉,01900000
RPQSOLPJOHOFFCJ07CB,旭光段,25.96,都市：其他:科技商務服務專用區,100000,141,持分移轉,01900000
RPOSOLPJOHOFFCJ86CB,旭光段,22.64,都市：其他:科技商務服務專用區,100000,123,持分移轉,01900000
RPTSOLPJOHOFFCJ37CB,旭光段,20.99,都市：其他:科技商務服務專用區,100000,114,持分移轉,01900000
RPPSOLPJOHOFFCJ96CB,旭光段,25.59,都市：其他:科技商務服務專用區,100000,139,持分移轉,01900000
RPUSOLPJOHOFFCJ47CB,旭光段,24.85,都市：其他:科技商務服務專用區,100000,135,持分移轉,01900000
RPWSOLPJOHOFFCJ67CB,旭光段,23.01,都市：其他:科技商務服務專用區,100000,125,持分移轉,01900000
RPSSOLPJOHOFFCJ27CB,旭光段,20.80,都市：其他:科技商務服務專用區,100000,113,持分移轉,01900000
RPVSOLPJOHOFFCJ57CB,旭光段,22.46,都市：其他:科技商務服務專用區,100000,122,持分移轉,01900000
RPXSOLPJOHOFFCJ77CB,旭光段,20.99,都市：其他:科技商務服務專用區,100000,114,持分移轉,01900000
RPSTOLPJOHOFFCJ37CB,旭光段,24.67,都市：其他:科技商務服務專用區,100000,134,持分移轉,01900000
RPQTOLPJOHOFFCJ17CB,旭光段,25.59,都市：其他:科技商務服務專用區,100000,139,持分移轉,01900000
RPVTOLPJOHOFFCJ67CB,旭光段,24.67,都市：其他:科技商務服務專用區,100000,134,持分移轉,01900000
RPOTOLPJOHOFFCJ96CB,旭光段,21.91,都市：其他:科技商務服務專用區,100000,119,持分移轉,01900000
RPRTOLPJOHOFFCJ27CB,旭光段,23.38,都市：其他:科技商務服務專用區,100000,127,持分移轉,01900000
RPPTOLPJOHOFFCJ07CB,旭光段,23.75,都市：其他:科技商務服務專用區,100000,129,持分移轉,01900000
RPUTOLPJOHOFFCJ57CB,旭光段,24.67,都市：其他:科技商務服務專用區,100000,134,持分移轉,01900000
RPXTOLPJOHOFFCJ87CB,旭光段,25.96,都市：其他:科技商務服務專用區,100000,141,持分移轉,01900000
RPTTOLPJOHOFFCJ47CB,旭光段,20.99,都市：其他:科技商務服務專用區,100000,114,持分移轉,01900000
RPWTOLPJOHOFFCJ77CB,旭光段,29.64,都市：其他:科技商務服務專用區,100000,161,持分移轉,01900000
RPOUOLPJOHOFFCJ07CB,旭光段,26.69,都市：其他:科技商務服務專用區,100000,145,持分移轉,01900000
RPRUOLPJOHOFFCJ37CB,旭光段,29.64,都市：其他:科技商務服務專用區,100000,161,持分移轉,01900000
RPPUOLPJOHOFFCJ17CB,旭光段,20.80,都市：其他:科技商務服務專用區,100000,113,持分移轉,01900000
RPSUOLPJOHOFFCJ47CB,旭光段,21.72,都市：其他:科技商務服務專用區,100000,118,持分移轉,01900000
RPQUOLPJOHOFFCJ27CB,旭光段,20.99,都市：其他:科技商務服務專用區,100000,114,持分移轉,01900000
RPUUOLPJOHOFFCJ67CB,旭光段,21.91,都市：其他:科技商務服務專用區,100000,119,持分移轉,01900000
RPTUOLPJOHOFFCJ57CB,旭光段,25.96,都市：其他:科技商務服務專用區,100000,141,持分移轉,01900000
RPOVOLPJOHOFFCJ17CB,旭光段,21.91,都市：其他:科技商務服務專用區,100000,119,持分移轉,01900000
RPXUOLPJOHOFFCJ97CB,旭光段,22.64,都市：其他:科技商務服務專用區,100000,123,持分移轉,01900000
RPPVOLPJOHOFFCJ27CB,旭光段,30.56,都市：其他:科技商務服務專用區,100000,166,持分移轉,01900000
RPVUOLPJOHOFFCJ77CB,旭光段,25.96,都市：其他:科技商務服務專用區,100000,141,持分移轉,01900000
RPQVOLPJOHOFFCJ37CB,旭光段,25.59,都市：其他:科技商務服務專用區,100000,139,持分移轉,01900000
RPWUOLPJOHOFFCJ87CB,旭光段,24.67,都市：其他:科技商務服務專用區,100000,134,持分移轉,01900000
RPRVOLPJOHOFFCJ47CB,旭光段,22.46,都市：其他:科技商務服務專用區,100000,122,持分移轉,01900000
RPUVOLPJOHOFFCJ77CB,旭光段,22.46,都市：其他:科技商務服務專用區,100000,122,持分移轉,01900000
RPSVOLPJOHOFFCJ57CB,旭光段,23.75,都市：其他:科技商務服務專用區,100000,129,持分移轉,01900000
RPVVOLPJOHOFFCJ87CB,旭光段,22.64,都市：其他:科技商務服務專用區,100000,123,持分移轉,01900000
RPPWOLPJOHOFFCJ37CB,旭光段,22.46,都市：其他:科技商務服務專用區,100000,122,持分移轉,01900000
RPWVOLPJOHOFFCJ97CB,旭光段,21.91,都市：其他:科技商務服務專用區,100000,119,持分移轉,01900000
RPTVOLPJOHOFFCJ67CB,旭光段,25.96,都市：其他:科技商務服務專用區,100000,141,持分移轉,01900000
RPOWOLPJOHOFFCJ27CB,旭光段,20.80,都市：其他:科技商務服務專用區,100000,113,持分移轉,01900000
RPQWOLPJOHOFFCJ47CB,旭光段,23.75,都市：其他:科技商務服務專用區,100000,129,持分移轉,01900000
RPXVOLPJOHOFFCJ08CB,旭光段,23.38,都市：其他:科技商務服務專用區,100000,127,持分移轉,01900000
RPRWOLPJOHOFFCJ57CB,旭光段,20.80,都市：其他:科技商務服務專用區,100000,113,持分移轉,01900000
RPUWOLPJOHOFFCJ87CB,旭光段,20.99,都市：其他:科技商務服務專用區,100000,114,持分移轉,01900000
RPWWOLPJOHOFFCJ08CB,旭光段,26.51,都市：其他:科技商務服務專用區,100000,144,持分移轉,01900000
RPTWOLPJOHOFFCJ77CB,旭光段,20.80,都市：其他:科技商務服務專用區,100000,113,持分移轉,01900000
RPVWOLPJOHOFFCJ97CB,旭光段,22.27,都市：其他:科技商務服務專用區,100000,121,持分移轉,01900000
RPONPLPJOHOFFCJ09CB,旭光段,21.91,都市：其他:科技商務服務專用區,100000,119,持分移轉,01900000
RPSWOLPJOHOFFCJ67CB,旭光段,23.75,都市：其他:科技商務服務專用區,100000,129,持分移轉,01900000
RPXWOLPJOHOFFCJ18CB,旭光段,22.46,都市：其他:科技商務服務專用區,100000,122,持分移轉,01900000
RPQNPLPJOHOFFCJ66CB,旭光段,25.59,都市：其他:科技商務服務專用區,100000,139,持分移轉,01900000
RPPNPLPJOHOFFCJ56CB,旭光段,29.64,都市：其他:科技商務服務專用區,100000,161,持分移轉,01900000
RPRNPLPJOHOFFCJ76CB,旭光段,20.99,都市：其他:科技商務服務專用區,100000,114,持分移轉,01900000
RPVNPLPJOHOFFCJ17CB,旭光段,21.91,都市：其他:科技商務服務專用區,100000,119,持分移轉,01900000
RPWNPLPJOHOFFCJ27CB,旭光段,23.75,都市：其他:科技商務服務專用區,100000,129,持分移轉,01900000
RPSNPLPJOHOFFCJ86CB,旭光段,25.96,都市：其他:科技商務服務專用區,100000,141,持分移轉,01900000
RPUNPLPJOHOFFCJ07CB,旭光段,25.77,都市：其他:科技商務服務專用區,100000,140,持分移轉,01900000
RPTNPLPJOHOFFCJ96CB,旭光段,29.45,都市：其他:科技商務服務專用區,100000,160,持分移轉,01900000
RPXNPLPJOHOFFCJ37CB,旭光段,30.56,都市：其他:科技商務服務專用區,100000,166,持分移轉,01900000
RPOOPLPJOHOFFCJ56CB,旭光段,29.64,都市：其他:科技商務服務專用區,100000,161,持分移轉,01900000
RPROPLPJOHOFFCJ86CB,旭光段,21.91,都市：其他:科技商務服務專用區,100000,119,持分移轉,01900000
RPUOPLPJOHOFFCJ17CB,旭光段,20.99,都市：其他:科技商務服務專用區,100000,114,持分移轉,01900000
RPXOPLPJOHOFFCJ47CB,旭光段,25.59,都市：其他:科技商務服務專用區,100000,139,持分移轉,01900000
RPWOPLPJOHOFFCJ37CB,旭光段,22.46,都市：其他:科技商務服務專用區,100000,122,持分移轉,01900000
RPQOPLPJOHOFFCJ76CB,旭光段,23.01,都市：其他:科技商務服務專用區,100000,125,持分移轉,01900000
RPSOPLPJOHOFFCJ96CB,旭光段,20.80,都市：其他:科技商務服務專用區,100000,113,持分移轉,01900000
RPPOPLPJOHOFFCJ66CB,旭光段,23.75,都市：其他:科技商務服務專用區,100000,129,持分移轉,01900000
RPTOPLPJOHOFFCJ07CB,旭光段,25.59,都市：其他:科技商務服務專用區,100000,139,持分移轉,01900000
RPVOPLPJOHOFFCJ27CB,旭光段,30.74,都市：其他:科技商務服務專用區,100000,167,持分移轉,01900000
RPOPPLPJOHOFFCJ66CB,旭光段,24.67,都市：其他:科技商務服務專用區,100000,134,持分移轉,01900000
RPQPPLPJOHOFFCJ86CB,旭光段,24.67,都市：其他:科技商務服務專用區,100000,134,持分移轉,01900000
RPSPPLPJOHOFFCJ07CB,旭光段,24.67,都市：其他:科技商務服務專用區,100000,134,持分移轉,01900000
RPTPPLPJOHOFFCJ17CB,旭光段,21.72,都市：其他:科技商務服務專用區,100000,118,持分移轉,01900000
RPRPPLPJOHOFFCJ96CB,旭光段,22.46,都市：其他:科技商務服務專用區,100000,122,持分移轉,01900000
RPVPPLPJOHOFFCJ37CB,旭光段,22.46,都市：其他:科技商務服務專用區,100000,122,持分移轉,01900000
RPPPPLPJOHOFFCJ76CB,旭光段,21.91,都市：其他:科技商務服務專用區,100000,119,持分移轉,01900000
RPWPPLPJOHOFFCJ47CB,旭光段,22.46,都市：其他:科技商務服務專用區,100000,122,持分移轉,01900000
RPUPPLPJOHOFFCJ27CB,旭光段,20.80,都市：其他:科技商務服務專用區,100000,113,持分移轉,01900000
RPXPPLPJOHOFFCJ57CB,旭光段,20.99,都市：其他:科技商務服務專用區,100000,114,持分移轉,01900000
RPPQPLPJOHOFFCJ86CB,旭光段,20.99,都市：其他:科技商務服務專用區,100000,114,持分移轉,01900000
RPOQPLPJOHOFFCJ76CB,旭光段,25.40,都市：其他:科技商務服務專用區,100000,138,持分移轉,01900000
RPTQPLPJOHOFFCJ27CB,旭光段,20.99,都市：其他:科技商務服務專用區,100000,114,持分移轉,01900000
RPQQPLPJOHOFFCJ96CB,旭光段,25.96,都市：其他:科技商務服務專用區,100000,141,持分移轉,01900000
RPUQPLPJOHOFFCJ37CB,旭光段,25.59,都市：其他:科技商務服務專用區,100000,139,持分移轉,01900000
RPWQPLPJOHOFFCJ57CB,旭光段,20.80,都市：其他:科技商務服務專用區,100000,113,持分移轉,01900000
RPRQPLPJOHOFFCJ07CB,旭光段,25.40,都市：其他:科技商務服務專用區,100000,138,持分移轉,01900000
RPSQPLPJOHOFFCJ17CB,旭光段,24.67,都市：其他:科技商務服務專用區,100000,134,持分移轉,01900000
RPXQPLPJOHOFFCJ67CB,旭光段,25.77,都市：其他:科技商務服務專用區,100000,140,持分移轉,01900000
RPVQPLPJOHOFFCJ47CB,旭光段,25.22,都市：其他:科技商務服務專用區,100000,137,持分移轉,01900000
RPORPLPJOHOFFCJ86CB,旭光段,25.96,都市：其他:科技商務服務專用區,100000,141,持分移轉,01900000
RPPRPLPJOHOFFCJ96CB,旭光段,26.88,都市：其他:科技商務服務專用區,100000,146,持分移轉,01900000
RPSRPLPJOHOFFCJ27CB,旭光段,27.06,都市：其他:科技商務服務專用區,100000,147,持分移轉,01900000
RPTRPLPJOHOFFCJ37CB,旭光段,25.96,都市：其他:科技商務服務專用區,100000,141,持分移轉,01900000
RPVRPLPJOHOFFCJ57CB,旭光段,25.96,都市：其他:科技商務服務專用區,100000,141,持分移轉,01900000
RPXRPLPJOHOFFCJ77CB,旭光段,20.99,都市：其他:科技商務服務專用區,100000,114,持分移轉,01900000
RPOSPLPJOHOFFCJ96CB,旭光段,25.96,都市：其他:科技商務服務專用區,100000,141,持分移轉,01900000
RPQRPLPJOHOFFCJ07CB,旭光段,20.99,都市：其他:科技商務服務專用區,100000,114,持分移轉,01900000
RPPSPLPJOHOFFCJ07CB,旭光段,25.40,都市：其他:科技商務服務專用區,100000,138,持分移轉,01900000
RPWRPLPJOHOFFCJ67CB,旭光段,20.99,都市：其他:科技商務服務專用區,100000,114,持分移轉,01900000
RPURPLPJOHOFFCJ47CB,旭光段,25.40,都市：其他:科技商務服務專用區,100000,138,持分移轉,01900000
RPRRPLPJOHOFFCJ17CB,旭光段,21.72,都市：其他:科技商務服務專用區,100000,118,持分移轉,01900000
RPRSPLPJOHOFFCJ27CB,旭光段,26.69,都市：其他:科技商務服務專用區,100000,145,持分移轉,01900000
RPTSPLPJOHOFFCJ47CB,旭光段,25.22,都市：其他:科技商務服務專用區,100000,137,持分移轉,01900000
RPSSPLPJOHOFFCJ37CB,旭光段,20.99,都市：其他:科技商務服務專用區,100000,114,持分移轉,01900000
RPQSPLPJOHOFFCJ17CB,旭光段,24.67,都市：其他:科技商務服務專用區,100000,134,持分移轉,01900000
RPOTPLPJOHOFFCJ07CB,旭光段,20.99,都市：其他:科技商務服務專用區,100000,114,持分移轉,01900000
RPUSPLPJOHOFFCJ57CB,旭光段,20.99,都市：其他:科技商務服務專用區,100000,114,持分移轉,01900000
RPWSPLPJOHOFFCJ77CB,旭光段,25.22,都市：其他:科技商務服務專用區,100000,137,持分移轉,01900000
RPVSPLPJOHOFFCJ67CB,旭光段,25.22,都市：其他:科技商務服務專用區,100000,137,持分移轉,01900000
RPXSPLPJOHOFFCJ87CB,旭光段,20.99,都市：其他:科技商務服務專用區,100000,114,持分移轉,01900000
RPPTPLPJOHOFFCJ17CB,旭光段,25.96,都市：其他:科技商務服務專用區,100000,141,持分移轉,01900000
RPRTPLPJOHOFFCJ37CB,旭光段,22.09,都市：其他:科技商務服務專用區,100000,120,持分移轉,01900000
RPUTPLPJOHOFFCJ67CB,旭光段,20.80,都市：其他:科技商務服務專用區,100000,113,持分移轉,01900000
RPVTPLPJOHOFFCJ77CB,旭光段,25.22,都市：其他:科技商務服務專用區,100000,137,持分移轉,01900000
RPTTPLPJOHOFFCJ57CB,旭光段,25.22,都市：其他:科技商務服務專用區,100000,137,持分移轉,01900000
RPQTPLPJOHOFFCJ27CB,旭光段,25.96,都市：其他:科技商務服務專用區,100000,141,持分移轉,01900000
RPXTPLPJOHOFFCJ97CB,旭光段,24.67,都市：其他:科技商務服務專用區,100000,134,持分移轉,01900000
RPOUPLPJOHOFFCJ17CB,旭光段,27.06,都市：其他:科技商務服務專用區,100000,147,持分移轉,01900000
RPWTPLPJOHOFFCJ87CB,旭光段,20.99,都市：其他:科技商務服務專用區,100000,114,持分移轉,01900000
RPSTPLPJOHOFFCJ47CB,旭光段,25.22,都市：其他:科技商務服務專用區,100000,137,持分移轉,01900000
RPPUPLPJOHOFFCJ27CB,旭光段,20.99,都市：其他:科技商務服務專用區,100000,114,持分移轉,01900000
RPQUPLPJOHOFFCJ37CB,旭光段,26.32,都市：其他:科技商務服務專用區,100000,143,持分移轉,01900000
RPRUPLPJOHOFFCJ47CB,旭光段,25.40,都市：其他:科技商務服務專用區,100000,138,持分移轉,01900000
RPSUPLPJOHOFFCJ57CB,旭光段,25.59,都市：其他:科技商務服務專用區,100000,139,持分移轉,01900000
RPTUPLPJOHOFFCJ67CB,旭光段,20.99,都市：其他:科技商務服務專用區,100000,114,持分移轉,01900000
RPOVPLPJOHOFFCJ27CB,旭光段,21.72,都市：其他:科技商務服務專用區,100000,118,持分移轉,01900000
RPXUPLPJOHOFFCJ08CB,旭光段,20.99,都市：其他:科技商務服務專用區,100000,114,持分移轉,01900000
RPPVPLPJOHOFFCJ37CB,旭光段,20.99,都市：其他:科技商務服務專用區,100000,114,持分移轉,01900000
RPWUPLPJOHOFFCJ97CB,旭光段,25.22,都市：其他:科技商務服務專用區,100000,137,持分移轉,01900000
RPQVPLPJOHOFFCJ47CB,旭光段,20.99,都市：其他:科技商務服務專用區,100000,114,持分移轉,01900000
RPUUPLPJOHOFFCJ77CB,旭光段,25.22,都市：其他:科技商務服務專用區,100000,137,持分移轉,01900000
RPVUPLPJOHOFFCJ87CB,旭光段,20.99,都市：其他:科技商務服務專用區,100000,114,持分移轉,01900000
RPRVPLPJOHOFFCJ57CB,旭光段,20.99,都市：其他:科技商務服務專用區,100000,114,持分移轉,01900000
RPWVPLPJOHOFFCJ08CB,旭光段,20.99,都市：其他:科技商務服務專用區,100000,114,持分移轉,01900000
RPSVPLPJOHOFFCJ67CB,旭光段,20.99,都市：其他:科技商務服務專用區,100000,114,持分移轉,01900000
RPUVPLPJOHOFFCJ87CB,旭光段,25.96,都市：其他:科技商務服務專用區,100000,141,持分移轉,01900000
RPTVPLPJOHOFFCJ77CB,旭光段,24.67,都市：其他:科技商務服務專用區,100000,134,持分移轉,01900000
RPVVPLPJOHOFFCJ97CB,旭光段,25.96,都市：其他:科技商務服務專用區,100000,141,持分移轉,01900000
RPXVPLPJOHOFFCJ18CB,旭光段,20.99,都市：其他:科技商務服務專用區,100000,114,持分移轉,01900000
RPPWPLPJOHOFFCJ47CB,旭光段,20.99,都市：其他:科技商務服務專用區,100000,114,持分移轉,01900000
RPOWPLPJOHOFFCJ37CB,旭光段,20.99,都市：其他:科技商務服務專用區,100000,114,持分移轉,01900000
RPQWPLPJOHOFFCJ57CB,旭光段,20.99,都市：其他:科技商務服務專用區,100000,114,持分移轉,01900000
RPRWPLPJOHOFFCJ67CB,旭光段,20.99,都市：其他:科技商務服務專用區,100000,114,持分移轉,01900000
RPSWPLPJOHOFFCJ77CB,旭光段,26.14,都市：其他:科技商務服務專用區,100000,142,持分移轉,01900000
RPTWPLPJOHOFFCJ87CB,旭光段,24.67,都市：其他:科技商務服務專用區,100000,134,持分移轉,01900000
RPVWPLPJOHOFFCJ08CB,旭光段,24.67,都市：其他:科技商務服務專用區,100000,134,持分移轉,01900000
RPWWPLPJOHOFFCJ18CB,旭光段,20.99,都市：其他:科技商務服務專用區,100000,114,持分移轉,01900000
RPUWPLPJOHOFFCJ97CB,旭光段,25.96,都市：其他:科技商務服務專用區,100000,141,持分移轉,01900000
RPONQLPJOHOFFCJ56CB,旭光段,20.80,都市：其他:科技商務服務專用區,100000,113,持分移轉,01900000
RPPNQLPJOHOFFCJ66CB,旭光段,26.51,都市：其他:科技商務服務專用區,100000,144,持分移轉,01900000
RPXWPLPJOHOFFCJ28CB,旭光段,20.99,都市：其他:科技商務服務專用區,100000,114,持分移轉,01900000
RPWNQLPJOHOFFCJ37CB,旭光段,20.99,都市：其他:科技商務服務專用區,100000,114,持分移轉,01900000
RPRNQLPJOHOFFCJ86CB,旭光段,20.80,都市：其他:科技商務服務專用區,100000,113,持分移轉,01900000
RPQNQLPJOHOFFCJ76CB,旭光段,20.99,都市：其他:科技商務服務專用區,100000,114,持分移轉,01900000
RPSNQLPJOHOFFCJ96CB,旭光段,20.99,都市：其他:科技商務服務專用區,100000,114,持分移轉,01900000
RPTNQLPJOHOFFCJ07CB,旭光段,20.99,都市：其他:科技商務服務專用區,100000,114,持分移轉,01900000
RPUNQLPJOHOFFCJ17CB,旭光段,25.96,都市：其他:科技商務服務專用區,100000,141,持分移轉,01900000
RPXNQLPJOHOFFCJ47CB,旭光段,20.99,都市：其他:科技商務服務專用區,100000,114,持分移轉,01900000
RPVNQLPJOHOFFCJ27CB,旭光段,25.22,都市：其他:科技商務服務專用區,100000,137,持分移轉,01900000
RPPOQLPJOHOFFCJ76CB,旭光段,26.69,都市：其他:科技商務服務專用區,100000,145,持分移轉,01900000
RPOOQLPJOHOFFCJ66CB,旭光段,20.99,都市：其他:科技商務服務專用區,100000,114,持分移轉,01900000
RPQOQLPJOHOFFCJ86CB,旭光段,25.96,都市：其他:科技商務服務專用區,100000,141,持分移轉,01900000
RPROQLPJOHOFFCJ96CB,旭光段,26.69,都市：其他:科技商務服務專用區,100000,145,持分移轉,01900000
RPTOQLPJOHOFFCJ17CB,旭光段,20.80,都市：其他:科技商務服務專用區,100000,113,持分移轉,01900000
RPWOQLPJOHOFFCJ47CB,旭光段,25.22,都市：其他:科技商務服務專用區,100000,137,持分移轉,01900000
RPXOQLPJOHOFFCJ57CB,旭光段,27.61,都市：其他:科技商務服務專用區,100000,150,持分移轉,01900000
RPVOQLPJOHOFFCJ37CB,旭光段,20.99,都市：其他:科技商務服務專用區,100000,114,持分移轉,01900000
RPSOQLPJOHOFFCJ07CB,旭光段,20.99,都市：其他:科技商務服務專用區,100000,114,持分移轉,01900000
RPUOQLPJOHOFFCJ27CB,旭光段,20.99,都市：其他:科技商務服務專用區,100000,114,持分移轉,01900000
RPQPQLPJOHOFFCJ96CB,旭光段,20.99,都市：其他:科技商務服務專用區,100000,114,持分移轉,01900000
RPOPQLPJOHOFFCJ76CB,旭光段,25.96,都市：其他:科技商務服務專用區,100000,141,持分移轉,01900000
RPPPQLPJOHOFFCJ86CB,旭光段,20.99,都市：其他:科技商務服務專用區,100000,114,持分移轉,01900000
RPSPQLPJOHOFFCJ17CB,旭光段,24.67,都市：其他:科技商務服務專用區,100000,134,持分移轉,01900000
RPVPQLPJOHOFFCJ47CB,旭光段,26.14,都市：其他:科技商務服務專用區,100000,142,持分移轉,01900000
RPWPQLPJOHOFFCJ57CB,旭光段,24.67,都市：其他:科技商務服務專用區,100000,134,持分移轉,01900000
RPTPQLPJOHOFFCJ27CB,旭光段,20.80,都市：其他:科技商務服務專用區,100000,113,持分移轉,01900000
RPRPQLPJOHOFFCJ07CB,旭光段,25.96,都市：其他:科技商務服務專用區,100000,141,持分移轉,01900000
RPUPQLPJOHOFFCJ37CB,旭光段,21.35,都市：其他:科技商務服務專用區,100000,116,持分移轉,01900000
RPQQQLPJOHOFFCJ07CB,旭光段,25.40,都市：其他:科技商務服務專用區,100000,138,持分移轉,01900000
RPXPQLPJOHOFFCJ67CB,旭光段,26.69,都市：其他:科技商務服務專用區,100000,145,持分移轉,01900000
RPPQQLPJOHOFFCJ96CB,旭光段,24.67,都市：其他:科技商務服務專用區,100000,134,持分移轉,01900000
RPRQQLPJOHOFFCJ17CB,旭光段,26.88,都市：其他:科技商務服務專用區,100000,146,持分移轉,01900000
RPOQQLPJOHOFFCJ86CB,旭光段,25.96,都市：其他:科技商務服務專用區,100000,141,持分移轉,01900000
RPTQQLPJOHOFFCJ37CB,旭光段,25.96,都市：其他:科技商務服務專用區,100000,141,持分移轉,01900000
RPSQQLPJOHOFFCJ27CB,旭光段,20.99,都市：其他:科技商務服務專用區,100000,114,持分移轉,01900000
RPUQQLPJOHOFFCJ47CB,旭光段,27.61,都市：其他:科技商務服務專用區,100000,150,持分移轉,01900000
RPVQQLPJOHOFFCJ57CB,旭光段,20.99,都市：其他:科技商務服務專用區,100000,114,持分移轉,01900000
RPORQLPJOHOFFCJ96CB,旭光段,20.99,都市：其他:科技商務服務專用區,100000,114,持分移轉,01900000
RPPRQLPJOHOFFCJ07CB,旭光段,25.96,都市：其他:科技商務服務專用區,100000,141,持分移轉,01900000
RPSRQLPJOHOFFCJ37CB,旭光段,22.09,都市：其他:科技商務服務專用區,100000,120,持分移轉,01900000
RPWQQLPJOHOFFCJ67CB,旭光段,22.09,都市：其他:科技商務服務專用區,100000,120,持分移轉,01900000
RPXQQLPJOHOFFCJ77CB,旭光段,20.80,都市：其他:科技商務服務專用區,100000,113,持分移轉,01900000
RPQRQLPJOHOFFCJ17CB,旭光段,26.69,都市：其他:科技商務服務專用區,100000,145,持分移轉,01900000
RPRRQLPJOHOFFCJ27CB,旭光段,25.96,都市：其他:科技商務服務專用區,100000,141,持分移轉,01900000
RPTRQLPJOHOFFCJ47CB,旭光段,20.99,都市：其他:科技商務服務專用區,100000,114,持分移轉,01900000
RPWRQLPJOHOFFCJ77CB,旭光段,20.99,都市：其他:科技商務服務專用區,100000,114,持分移轉,01900000
RPOSQLPJOHOFFCJ07CB,旭光段,25.96,都市：其他:科技商務服務專用區,100000,141,持分移轉,01900000
RPURQLPJOHOFFCJ57CB,旭光段,27.06,都市：其他:科技商務服務專用區,100000,147,持分移轉,01900000
RPVRQLPJOHOFFCJ67CB,旭光段,25.40,都市：其他:科技商務服務專用區,100000,138,持分移轉,01900000
RPSSQLPJOHOFFCJ47CB,旭光段,20.80,都市：其他:科技商務服務專用區,100000,113,持分移轉,01900000
RPRSQLPJOHOFFCJ37CB,旭光段,25.22,都市：其他:科技商務服務專用區,100000,137,持分移轉,01900000
RPXRQLPJOHOFFCJ87CB,旭光段,20.99,都市：其他:科技商務服務專用區,100000,114,持分移轉,01900000
RPTSQLPJOHOFFCJ57CB,旭光段,20.99,都市：其他:科技商務服務專用區,100000,114,持分移轉,01900000
RPPSQLPJOHOFFCJ17CB,旭光段,20.99,都市：其他:科技商務服務專用區,100000,114,持分移轉,01900000
RPQSQLPJOHOFFCJ27CB,旭光段,20.99,都市：其他:科技商務服務專用區,100000,114,持分移轉,01900000
RPUSQLPJOHOFFCJ67CB,旭光段,27.06,都市：其他:科技商務服務專用區,100000,147,持分移轉,01900000
RPVSQLPJOHOFFCJ77CB,旭光段,25.96,都市：其他:科技商務服務專用區,100000,141,持分移轉,01900000
RPWSQLPJOHOFFCJ87CB,旭光段,24.67,都市：其他:科技商務服務專用區,100000,134,持分移轉,01900000
RPPTQLPJOHOFFCJ27CB,旭光段,26.69,都市：其他:科技商務服務專用區,100000,145,持分移轉,01900000
RPQTQLPJOHOFFCJ37CB,旭光段,20.99,都市：其他:科技商務服務專用區,100000,114,持分移轉,01900000
RPOTQLPJOHOFFCJ17CB,旭光段,20.99,都市：其他:科技商務服務專用區,100000,114,持分移轉,01900000
RPXSQLPJOHOFFCJ97CB,旭光段,27.06,都市：其他:科技商務服務專用區,100000,147,持分移轉,01900000
RPRTQLPJOHOFFCJ47CB,旭光段,24.67,都市：其他:科技商務服務專用區,100000,134,持分移轉,01900000
RPUTQLPJOHOFFCJ77CB,旭光段,27.06,都市：其他:科技商務服務專用區,100000,147,持分移轉,01900000
RPWTQLPJOHOFFCJ97CB,旭光段,20.99,都市：其他:科技商務服務專用區,100000,114,持分移轉,01900000
RPSTQLPJOHOFFCJ57CB,旭光段,26.69,都市：其他:科技商務服務專用區,100000,145,持分移轉,01900000
RPTTQLPJOHOFFCJ67CB,旭光段,25.59,都市：其他:科技商務服務專用區,100000,139,持分移轉,01900000
RPXTQLPJOHOFFCJ08CB,旭光段,25.22,都市：其他:科技商務服務專用區,100000,137,持分移轉,01900000
RPVTQLPJOHOFFCJ87CB,旭光段,25.22,都市：其他:科技商務服務專用區,100000,137,持分移轉,01900000
RPPUQLPJOHOFFCJ37CB,旭光段,20.99,都市：其他:科技商務服務專用區,100000,114,持分移轉,01900000
RPOUQLPJOHOFFCJ27CB,旭光段,26.69,都市：其他:科技商務服務專用區,100000,145,持分移轉,01900000
RPQUQLPJOHOFFCJ47CB,旭光段,24.48,都市：其他:科技商務服務專用區,100000,133,持分移轉,01900000
RPRUQLPJOHOFFCJ57CB,旭光段,25.40,都市：其他:科技商務服務專用區,100000,138,持分移轉,01900000
RPSUQLPJOHOFFCJ67CB,旭光段,25.96,都市：其他:科技商務服務專用區,100000,141,持分移轉,01900000
RPUUQLPJOHOFFCJ87CB,旭光段,24.48,都市：其他:科技商務服務專用區,100000,133,持分移轉,01900000
RPTUQLPJOHOFFCJ77CB,旭光段,25.96,都市：其他:科技商務服務專用區,100000,141,持分移轉,01900000
RPOVQLPJOHOFFCJ37CB,旭光段,25.40,都市：其他:科技商務服務專用區,100000,138,持分移轉,01900000
RPVUQLPJOHOFFCJ97CB,旭光段,24.48,都市：其他:科技商務服務專用區,100000,133,持分移轉,01900000
RPXUQLPJOHOFFCJ18CB,旭光段,26.32,都市：其他:科技商務服務專用區,100000,143,持分移轉,01900000
RPWUQLPJOHOFFCJ08CB,旭光段,25.22,都市：其他:科技商務服務專用區,100000,137,持分移轉,01900000
RPPVQLPJOHOFFCJ47CB,旭光段,21.72,都市：其他:科技商務服務專用區,100000,118,持分移轉,01900000
RPVVQLPJOHOFFCJ08CB,旭光段,14.91,都市：其他:科技商務服務專用區,100000,81,持分移轉,01900000
RPWVQLPJOHOFFCJ18CB,旭光段,25.40,都市：其他:科技商務服務專用區,100000,138,持分移轉,01900000
RPRVQLPJOHOFFCJ67CB,旭光段,24.48,都市：其他:科技商務服務專用區,100000,133,持分移轉,01900000
RPTVQLPJOHOFFCJ87CB,旭光段,25.40,都市：其他:科技商務服務專用區,100000,138,持分移轉,01900000
RPQVQLPJOHOFFCJ57CB,旭光段,14.91,都市：其他:科技商務服務專用區,100000,81,持分移轉,01900000
RPUVQLPJOHOFFCJ97CB,旭光段,25.22,都市：其他:科技商務服務專用區,100000,137,持分移轉,01900000
RPXVQLPJOHOFFCJ28CB,旭光段,15.65,都市：其他:科技商務服務專用區,100000,85,持分移轉,01900000
RPOWQLPJOHOFFCJ47CB,旭光段,16.94,都市：其他:科技商務服務專用區,100000,92,持分移轉,01900000
RPPWQLPJOHOFFCJ57CB,旭光段,21.72,都市：其他:科技商務服務專用區,100000,118,持分移轉,01900000
RPRWQLPJOHOFFCJ77CB,旭光段,25.22,都市：其他:科技商務服務專用區,100000,137,持分移轉,01900000
RPONRLPJOHOFFCJ66CB,旭光段,27.43,都市：其他:科技商務服務專用區,100000,149,持分移轉,01900000
RPQWQLPJOHOFFCJ67CB,旭光段,26.32,都市：其他:科技商務服務專用區,100000,143,持分移轉,01900000
RPSWQLPJOHOFFCJ87CB,旭光段,26.32,都市：其他:科技商務服務專用區,100000,143,持分移轉,01900000
RPTWQLPJOHOFFCJ97CB,旭光段,25.59,都市：其他:科技商務服務專用區,100000,139,持分移轉,01900000
RPWWQLPJOHOFFCJ28CB,旭光段,24.48,都市：其他:科技商務服務專用區,100000,133,持分移轉,01900000
RPUWQLPJOHOFFCJ08CB,旭光段,14.91,都市：其他:科技商務服務專用區,100000,81,持分移轉,01900000
RPPNRLPJOHOFFCJ76CB,旭光段,26.32,都市：其他:科技商務服務專用區,100000,143,持分移轉,01900000
RPQNRLPJOHOFFCJ86CB,旭光段,25.22,都市：其他:科技商務服務專用區,100000,137,持分移轉,01900000
RPVWQLPJOHOFFCJ18CB,旭光段,15.65,都市：其他:科技商務服務專用區,100000,85,持分移轉,01900000
RPXWQLPJOHOFFCJ38CB,旭光段,25.40,都市：其他:科技商務服務專用區,100000,138,持分移轉,01900000
RPRNRLPJOHOFFCJ96CB,旭光段,25.40,都市：其他:科技商務服務專用區,100000,138,持分移轉,01900000
RPSNRLPJOHOFFCJ07CB,旭光段,16.94,都市：其他:科技商務服務專用區,100000,92,持分移轉,01900000
RPTNRLPJOHOFFCJ17CB,旭光段,16.94,都市：其他:科技商務服務專用區,100000,92,持分移轉,01900000
RPVNRLPJOHOFFCJ37CB,旭光段,26.14,都市：其他:科技商務服務專用區,100000,142,持分移轉,01900000
RPUNRLPJOHOFFCJ27CB,旭光段,24.48,都市：其他:科技商務服務專用區,100000,133,持分移轉,01900000
RPQORLPJOHOFFCJ96CB,旭光段,21.72,都市：其他:科技商務服務專用區,100000,118,持分移轉,01900000
RPWNRLPJOHOFFCJ47CB,旭光段,14.91,都市：其他:科技商務服務專用區,100000,81,持分移轉,01900000
RPPORLPJOHOFFCJ86CB,旭光段,22.83,都市：其他:科技商務服務專用區,100000,124,持分移轉,01900000
RPSORLPJOHOFFCJ17CB,旭光段,16.94,都市：其他:科技商務服務專用區,100000,92,持分移轉,01900000
RPRORLPJOHOFFCJ07CB,旭光段,26.32,都市：其他:科技商務服務專用區,100000,143,持分移轉,01900000
RPOORLPJOHOFFCJ76CB,旭光段,21.91,都市：其他:科技商務服務專用區,100000,119,持分移轉,01900000
RPXNRLPJOHOFFCJ57CB,旭光段,25.40,都市：其他:科技商務服務專用區,100000,138,持分移轉,01900000
RPTORLPJOHOFFCJ27CB,旭光段,16.94,都市：其他:科技商務服務專用區,100000,92,持分移轉,01900000
RPVORLPJOHOFFCJ47CB,旭光段,16.94,都市：其他:科技商務服務專用區,100000,92,持分移轉,01900000
RPUORLPJOHOFFCJ37CB,旭光段,16.94,都市：其他:科技商務服務專用區,100000,92,持分移轉,01900000
RPQPRLPJOHOFFCJ07CB,旭光段,21.72,都市：其他:科技商務服務專用區,100000,118,持分移轉,01900000
RPXORLPJOHOFFCJ67CB,旭光段,16.94,都市：其他:科技商務服務專用區,100000,92,持分移轉,01900000
RPTPRLPJOHOFFCJ37CB,旭光段,25.22,都市：其他:科技商務服務專用區,100000,137,持分移轉,01900000
RPUPRLPJOHOFFCJ47CB,旭光段,21.91,都市：其他:科技商務服務專用區,100000,119,持分移轉,01900000
RPPPRLPJOHOFFCJ96CB,旭光段,27.43,都市：其他:科技商務服務專用區,100000,149,持分移轉,01900000
RPVPRLPJOHOFFCJ57CB,旭光段,25.22,都市：其他:科技商務服務專用區,100000,137,持分移轉,01900000
RPSPRLPJOHOFFCJ27CB,旭光段,21.72,都市：其他:科技商務服務專用區,100000,118,持分移轉,01900000
RPWPRLPJOHOFFCJ67CB,旭光段,25.96,都市：其他:科技商務服務專用區,100000,141,持分移轉,01900000
RPWORLPJOHOFFCJ57CB,旭光段,16.94,都市：其他:科技商務服務專用區,100000,92,持分移轉,01900000
RPXPRLPJOHOFFCJ77CB,旭光段,25.22,都市：其他:科技商務服務專用區,100000,137,持分移轉,01900000
RPOPRLPJOHOFFCJ86CB,旭光段,24.48,都市：其他:科技商務服務專用區,100000,133,持分移轉,01900000
RPOQRLPJOHOFFCJ96CB,旭光段,21.72,都市：其他:科技商務服務專用區,100000,118,持分移轉,01900000
RPSQRLPJOHOFFCJ37CB,旭光段,15.65,都市：其他:科技商務服務專用區,100000,85,持分移轉,01900000
RPWQRLPJOHOFFCJ77CB,旭光段,25.40,都市：其他:科技商務服務專用區,100000,138,持分移轉,01900000
RPRPRLPJOHOFFCJ17CB,旭光段,22.83,都市：其他:科技商務服務專用區,100000,124,持分移轉,01900000
RPPQRLPJOHOFFCJ07CB,旭光段,25.40,都市：其他:科技商務服務專用區,100000,138,持分移轉,01900000
RPXQRLPJOHOFFCJ87CB,旭光段,25.96,都市：其他:科技商務服務專用區,100000,141,持分移轉,01900000
RPUQRLPJOHOFFCJ57CB,旭光段,21.72,都市：其他:科技商務服務專用區,100000,118,持分移轉,01900000
RPQQRLPJOHOFFCJ17CB,旭光段,21.72,都市：其他:科技商務服務專用區,100000,118,持分移轉,01900000
RPRQRLPJOHOFFCJ27CB,旭光段,25.40,都市：其他:科技商務服務專用區,100000,138,持分移轉,01900000
RPQRRLPJOHOFFCJ27CB,旭光段,14.91,都市：其他:科技商務服務專用區,100000,81,持分移轉,01900000
RPRRRLPJOHOFFCJ37CB,旭光段,25.22,都市：其他:科技商務服務專用區,100000,137,持分移轉,01900000
RPTQRLPJOHOFFCJ47CB,旭光段,25.96,都市：其他:科技商務服務專用區,100000,141,持分移轉,01900000
RPPRRLPJOHOFFCJ17CB,旭光段,15.65,都市：其他:科技商務服務專用區,100000,85,持分移轉,01900000
RPVQRLPJOHOFFCJ67CB,旭光段,26.14,都市：其他:科技商務服務專用區,100000,142,持分移轉,01900000
RPTRRLPJOHOFFCJ57CB,旭光段,14.91,都市：其他:科技商務服務專用區,100000,81,持分移轉,01900000
RPSRRLPJOHOFFCJ47CB,旭光段,24.48,都市：其他:科技商務服務專用區,100000,133,持分移轉,01900000
RPURRLPJOHOFFCJ67CB,旭光段,21.72,都市：其他:科技商務服務專用區,100000,118,持分移轉,01900000
RPVRRLPJOHOFFCJ77CB,旭光段,26.51,都市：其他:科技商務服務專用區,100000,144,持分移轉,01900000
RPPSRLPJOHOFFCJ27CB,旭光段,25.40,都市：其他:科技商務服務專用區,100000,138,持分移轉,01900000
RPXRRLPJOHOFFCJ97CB,旭光段,21.91,都市：其他:科技商務服務專用區,100000,119,持分移轉,01900000
RPOSRLPJOHOFFCJ17CB,旭光段,21.72,都市：其他:科技商務服務專用區,100000,118,持分移轉,01900000
RPRSRLPJOHOFFCJ47CB,旭光段,26.32,都市：其他:科技商務服務專用區,100000,143,持分移轉,01900000
RPSSRLPJOHOFFCJ57CB,旭光段,25.40,都市：其他:科技商務服務專用區,100000,138,持分移轉,01900000
RPWSRLPJOHOFFCJ97CB,旭光段,25.40,都市：其他:科技商務服務專用區,100000,138,持分移轉,01900000
RPVSRLPJOHOFFCJ87CB,旭光段,26.88,都市：其他:科技商務服務專用區,100000,146,持分移轉,01900000
RPUSRLPJOHOFFCJ77CB,旭光段,25.22,都市：其他:科技商務服務專用區,100000,137,持分移轉,01900000
RPWRRLPJOHOFFCJ87CB,旭光段,21.72,都市：其他:科技商務服務專用區,100000,118,持分移轉,01900000
RPXSRLPJOHOFFCJ08CB,旭光段,25.22,都市：其他:科技商務服務專用區,100000,137,持分移轉,01900000
RPPTRLPJOHOFFCJ37CB,旭光段,21.72,都市：其他:科技商務服務專用區,100000,118,持分移轉,01900000
RPOTRLPJOHOFFCJ27CB,旭光段,25.22,都市：其他:科技商務服務專用區,100000,137,持分移轉,01900000
RPQSRLPJOHOFFCJ37CB,旭光段,15.65,都市：其他:科技商務服務專用區,100000,85,持分移轉,01900000
RPRTRLPJOHOFFCJ57CB,旭光段,15.65,都市：其他:科技商務服務專用區,100000,85,持分移轉,01900000
RPUTRLPJOHOFFCJ87CB,旭光段,26.32,都市：其他:科技商務服務專用區,100000,143,持分移轉,01900000
RPTSRLPJOHOFFCJ67CB,旭光段,26.88,都市：其他:科技商務服務專用區,100000,146,持分移轉,01900000
RPSTRLPJOHOFFCJ67CB,旭光段,21.72,都市：其他:科技商務服務專用區,100000,118,持分移轉,01900000
RPQTRLPJOHOFFCJ47CB,旭光段,21.91,都市：其他:科技商務服務專用區,100000,119,持分移轉,01900000
RPWTRLPJOHOFFCJ08CB,旭光段,21.91,都市：其他:科技商務服務專用區,100000,119,持分移轉,01900000
RPOURLPJOHOFFCJ37CB,旭光段,24.11,都市：其他:科技商務服務專用區,100000,131,持分移轉,01900000
RPPURLPJOHOFFCJ47CB,旭光段,25.40,都市：其他:科技商務服務專用區,100000,138,持分移轉,01900000
RPQURLPJOHOFFCJ57CB,旭光段,25.40,都市：其他:科技商務服務專用區,100000,138,持分移轉,01900000
RPRURLPJOHOFFCJ67CB,旭光段,25.40,都市：其他:科技商務服務專用區,100000,138,持分移轉,01900000
RPXTRLPJOHOFFCJ18CB,旭光段,25.40,都市：其他:科技商務服務專用區,100000,138,持分移轉,01900000
RPSURLPJOHOFFCJ77CB,旭光段,22.64,都市：其他:科技商務服務專用區,100000,123,持分移轉,01900000
RPTTRLPJOHOFFCJ77CB,旭光段,24.30,都市：其他:科技商務服務專用區,100000,132,持分移轉,01900000
RPWURLPJOHOFFCJ18CB,旭光段,25.40,都市：其他:科技商務服務專用區,100000,138,持分移轉,01900000
RPVTRLPJOHOFFCJ97CB,旭光段,21.72,都市：其他:科技商務服務專用區,100000,118,持分移轉,01900000
RPVURLPJOHOFFCJ08CB,旭光段,14.91,都市：其他:科技商務服務專用區,100000,81,持分移轉,01900000
RPTURLPJOHOFFCJ87CB,旭光段,24.48,都市：其他:科技商務服務專用區,100000,133,持分移轉,01900000
RPQVRLPJOHOFFCJ67CB,旭光段,25.96,都市：其他:科技商務服務專用區,100000,141,持分移轉,01900000
RPUURLPJOHOFFCJ97CB,旭光段,25.40,都市：其他:科技商務服務專用區,100000,138,持分移轉,01900000
RPOVRLPJOHOFFCJ47CB,旭光段,15.65,都市：其他:科技商務服務專用區,100000,85,持分移轉,01900000
RPPVRLPJOHOFFCJ57CB,旭光段,26.14,都市：其他:科技商務服務專用區,100000,142,持分移轉,01900000
RPXURLPJOHOFFCJ28CB,旭光段,24.30,都市：其他:科技商務服務專用區,100000,132,持分移轉,01900000
RPWVRLPJOHOFFCJ28CB,旭光段,24.48,都市：其他:科技商務服務專用區,100000,133,持分移轉,01900000
RPTVRLPJOHOFFCJ97CB,旭光段,22.64,都市：其他:科技商務服務專用區,100000,123,持分移轉,01900000
RPXVRLPJOHOFFCJ38CB,旭光段,24.48,都市：其他:科技商務服務專用區,100000,133,持分移轉,01900000
RPRVRLPJOHOFFCJ77CB,旭光段,26.32,都市：其他:科技商務服務專用區,100000,143,持分移轉,01900000
RPOWRLPJOHOFFCJ57CB,旭光段,26.14,都市：其他:科技商務服務專用區,100000,142,持分移轉,01900000
RPPWRLPJOHOFFCJ67CB,旭光段,16.94,都市：其他:科技商務服務專用區,100000,92,持分移轉,01900000
RPUVRLPJOHOFFCJ08CB,旭光段,24.30,都市：其他:科技商務服務專用區,100000,132,持分移轉,01900000
RPSVRLPJOHOFFCJ87CB,旭光段,21.72,都市：其他:科技商務服務專用區,100000,118,持分移轉,01900000
RPQWRLPJOHOFFCJ77CB,旭光段,25.40,都市：其他:科技商務服務專用區,100000,138,持分移轉,01900000
RPRWRLPJOHOFFCJ87CB,旭光段,15.65,都市：其他:科技商務服務專用區,100000,85,持分移轉,01900000
RPVVRLPJOHOFFCJ18CB,旭光段,24.30,都市：其他:科技商務服務專用區,100000,132,持分移轉,01900000
RPSWRLPJOHOFFCJ97CB,旭光段,26.32,都市：其他:科技商務服務專用區,100000,143,持分移轉,01900000
RPONSLPJOHOFFCJ76CB,旭光段,21.54,都市：其他:科技商務服務專用區,100000,117,持分移轉,01900000
RPSNSLPJOHOFFCJ17CB,旭光段,22.64,都市：其他:科技商務服務專用區,100000,123,持分移轉,01900000
RPUWRLPJOHOFFCJ18CB,旭光段,15.65,都市：其他:科技商務服務專用區,100000,85,持分移轉,01900000
RPPNSLPJOHOFFCJ86CB,旭光段,21.72,都市：其他:科技商務服務專用區,100000,118,持分移轉,01900000
RPWWRLPJOHOFFCJ38CB,旭光段,25.22,都市：其他:科技商務服務專用區,100000,137,持分移轉,01900000
RPRNSLPJOHOFFCJ07CB,旭光段,25.96,都市：其他:科技商務服務專用區,100000,141,持分移轉,01900000
RPXWRLPJOHOFFCJ48CB,旭光段,21.72,都市：其他:科技商務服務專用區,100000,118,持分移轉,01900000
RPQNSLPJOHOFFCJ96CB,旭光段,16.94,都市：其他:科技商務服務專用區,100000,92,持分移轉,01900000
RPTWRLPJOHOFFCJ08CB,旭光段,24.48,都市：其他:科技商務服務專用區,100000,133,持分移轉,01900000
RPVWRLPJOHOFFCJ28CB,旭光段,25.96,都市：其他:科技商務服務專用區,100000,141,持分移轉,01900000
RPTNSLPJOHOFFCJ27CB,旭光段,25.22,都市：其他:科技商務服務專用區,100000,137,持分移轉,01900000
RPUNSLPJOHOFFCJ37CB,旭光段,21.91,都市：其他:科技商務服務專用區,100000,119,持分移轉,01900000
RPOOSLPJOHOFFCJ86CB,旭光段,21.91,都市：其他:科技商務服務專用區,100000,119,持分移轉,01900000
RPXNSLPJOHOFFCJ67CB,旭光段,14.91,都市：其他:科技商務服務專用區,100000,81,持分移轉,01900000
RPSOSLPJOHOFFCJ27CB,旭光段,24.48,都市：其他:科技商務服務專用區,100000,133,持分移轉,01900000
RPPOSLPJOHOFFCJ96CB,旭光段,21.91,都市：其他:科技商務服務專用區,100000,119,持分移轉,01900000
RPWNSLPJOHOFFCJ57CB,旭光段,24.30,都市：其他:科技商務服務專用區,100000,132,持分移轉,01900000
RPQOSLPJOHOFFCJ07CB,旭光段,25.40,都市：其他:科技商務服務專用區,100000,138,持分移轉,01900000
RPVNSLPJOHOFFCJ47CB,旭光段,25.96,都市：其他:科技商務服務專用區,100000,141,持分移轉,01900000
RPROSLPJOHOFFCJ17CB,旭光段,14.91,都市：其他:科技商務服務專用區,100000,81,持分移轉,01900000
RPUOSLPJOHOFFCJ47CB,旭光段,25.40,都市：其他:科技商務服務專用區,100000,138,持分移轉,01900000
RPVOSLPJOHOFFCJ57CB,旭光段,14.73,都市：其他:科技商務服務專用區,100000,80,持分移轉,01900000
RPTOSLPJOHOFFCJ37CB,旭光段,21.91,都市：其他:科技商務服務專用區,100000,119,持分移轉,01900000
RPWOSLPJOHOFFCJ67CB,旭光段,25.40,都市：其他:科技商務服務專用區,100000,138,持分移轉,01900000
RPOPSLPJOHOFFCJ96CB,旭光段,14.91,都市：其他:科技商務服務專用區,100000,81,持分移轉,01900000
RPXOSLPJOHOFFCJ77CB,旭光段,15.65,都市：其他:科技商務服務專用區,100000,85,持分移轉,01900000
RPSPSLPJOHOFFCJ37CB,旭光段,21.91,都市：其他:科技商務服務專用區,100000,119,持分移轉,01900000
RPWPSLPJOHOFFCJ77CB,旭光段,25.96,都市：其他:科技商務服務專用區,100000,141,持分移轉,01900000
RPUPSLPJOHOFFCJ57CB,旭光段,15.65,都市：其他:科技商務服務專用區,100000,85,持分移轉,01900000
RPRPSLPJOHOFFCJ27CB,旭光段,21.91,都市：其他:科技商務服務專用區,100000,119,持分移轉,01900000
RPQPSLPJOHOFFCJ17CB,旭光段,26.32,都市：其他:科技商務服務專用區,100000,143,持分移轉,01900000
RPVPSLPJOHOFFCJ67CB,旭光段,26.32,都市：其他:科技商務服務專用區,100000,143,持分移轉,01900000
RPTPSLPJOHOFFCJ47CB,旭光段,21.72,都市：其他:科技商務服務專用區,100000,118,持分移轉,01900000
RPPPSLPJOHOFFCJ07CB,旭光段,25.40,都市：其他:科技商務服務專用區,100000,138,持分移轉,01900000
RPXPSLPJOHOFFCJ87CB,旭光段,21.72,都市：其他:科技商務服務專用區,100000,118,持分移轉,01900000
RPOQSLPJOHOFFCJ07CB,旭光段,21.72,都市：其他:科技商務服務專用區,100000,118,持分移轉,01900000
RPPQSLPJOHOFFCJ17CB,旭光段,15.65,都市：其他:科技商務服務專用區,100000,85,持分移轉,01900000
RPRQSLPJOHOFFCJ37CB,旭光段,21.72,都市：其他:科技商務服務專用區,100000,118,持分移轉,01900000
RPQQSLPJOHOFFCJ27CB,旭光段,15.65,都市：其他:科技商務服務專用區,100000,85,持分移轉,01900000
RPSQSLPJOHOFFCJ47CB,旭光段,14.91,都市：其他:科技商務服務專用區,100000,81,持分移轉,01900000
RPTQSLPJOHOFFCJ57CB,旭光段,26.32,都市：其他:科技商務服務專用區,100000,143,持分移轉,01900000
RPUQSLPJOHOFFCJ67CB,旭光段,16.94,都市：其他:科技商務服務專用區,100000,92,持分移轉,01900000
RPVQSLPJOHOFFCJ77CB,旭光段,14.91,都市：其他:科技商務服務專用區,100000,81,持分移轉,01900000
RPWQSLPJOHOFFCJ87CB,旭光段,25.40,都市：其他:科技商務服務專用區,100000,138,持分移轉,01900000
RPXQSLPJOHOFFCJ97CB,旭光段,21.72,都市：其他:科技商務服務專用區,100000,118,持分移轉,01900000
RPORSLPJOHOFFCJ17CB,旭光段,16.94,都市：其他:科技商務服務專用區,100000,92,持分移轉,01900000
RPRRSLPJOHOFFCJ47CB,旭光段,21.54,都市：其他:科技商務服務專用區,100000,117,持分移轉,01900000
RPPRSLPJOHOFFCJ27CB,旭光段,26.88,都市：其他:科技商務服務專用區,100000,146,持分移轉,01900000
RPVRSLPJOHOFFCJ87CB,旭光段,21.72,都市：其他:科技商務服務專用區,100000,118,持分移轉,01900000
RPSRSLPJOHOFFCJ57CB,旭光段,27.43,都市：其他:科技商務服務專用區,100000,149,持分移轉,01900000
RPTRSLPJOHOFFCJ67CB,旭光段,26.88,都市：其他:科技商務服務專用區,100000,146,持分移轉,01900000
RPQRSLPJOHOFFCJ37CB,旭光段,27.24,都市：其他:科技商務服務專用區,100000,148,持分移轉,01900000
RPWRSLPJOHOFFCJ97CB,旭光段,25.59,都市：其他:科技商務服務專用區,100000,139,持分移轉,01900000
RPOSSLPJOHOFFCJ27CB,旭光段,27.06,都市：其他:科技商務服務專用區,100000,147,持分移轉,01900000
RPXRSLPJOHOFFCJ08CB,旭光段,28.35,都市：其他:科技商務服務專用區,100000,154,持分移轉,01900000
RPURSLPJOHOFFCJ77CB,旭光段,26.88,都市：其他:科技商務服務專用區,100000,146,持分移轉,01900000
RPSSSLPJOHOFFCJ67CB,旭光段,21.72,都市：其他:科技商務服務專用區,100000,118,持分移轉,01900000
RPUSSLPJOHOFFCJ87CB,旭光段,21.54,都市：其他:科技商務服務專用區,100000,117,持分移轉,01900000
RPOTSLPJOHOFFCJ37CB,旭光段,21.54,都市：其他:科技商務服務專用區,100000,117,持分移轉,01900000
RPRSSLPJOHOFFCJ57CB,旭光段,27.61,都市：其他:科技商務服務專用區,100000,150,持分移轉,01900000
RPVSSLPJOHOFFCJ97CB,旭光段,24.30,都市：其他:科技商務服務專用區,100000,132,持分移轉,01900000
RPWSSLPJOHOFFCJ08CB,旭光段,21.72,都市：其他:科技商務服務專用區,100000,118,持分移轉,01900000
RPQSSLPJOHOFFCJ47CB,旭光段,21.91,都市：其他:科技商務服務專用區,100000,119,持分移轉,01900000
RPXSSLPJOHOFFCJ18CB,旭光段,26.88,都市：其他:科技商務服務專用區,100000,146,持分移轉,01900000
RPTSSLPJOHOFFCJ77CB,旭光段,25.59,都市：其他:科技商務服務專用區,100000,139,持分移轉,01900000
RPPSSLPJOHOFFCJ37CB,旭光段,25.59,都市：其他:科技商務服務專用區,100000,139,持分移轉,01900000
RPPTSLPJOHOFFCJ47CB,旭光段,26.88,都市：其他:科技商務服務專用區,100000,146,持分移轉,01900000
RPSTSLPJOHOFFCJ77CB,旭光段,21.54,都市：其他:科技商務服務專用區,100000,117,持分移轉,01900000
RPUTSLPJOHOFFCJ97CB,旭光段,26.88,都市：其他:科技商務服務專用區,100000,146,持分移轉,01900000
RPRTSLPJOHOFFCJ67CB,旭光段,25.59,都市：其他:科技商務服務專用區,100000,139,持分移轉,01900000
RPXTSLPJOHOFFCJ28CB,旭光段,21.72,都市：其他:科技商務服務專用區,100000,118,持分移轉,01900000
RPQTSLPJOHOFFCJ57CB,旭光段,25.59,都市：其他:科技商務服務專用區,100000,139,持分移轉,01900000
RPVTSLPJOHOFFCJ08CB,旭光段,25.59,都市：其他:科技商務服務專用區,100000,139,持分移轉,01900000
RPTTSLPJOHOFFCJ87CB,旭光段,25.59,都市：其他:科技商務服務專用區,100000,139,持分移轉,01900000
RPOUSLPJOHOFFCJ47CB,旭光段,22.09,都市：其他:科技商務服務專用區,100000,120,持分移轉,01900000
RPWTSLPJOHOFFCJ18CB,旭光段,27.24,都市：其他:科技商務服務專用區,100000,148,持分移轉,01900000
RPRUSLPJOHOFFCJ77CB,旭光段,21.72,都市：其他:科技商務服務專用區,100000,118,持分移轉,01900000
RPQUSLPJOHOFFCJ67CB,旭光段,26.88,都市：其他:科技商務服務專用區,100000,146,持分移轉,01900000
RPPUSLPJOHOFFCJ57CB,旭光段,21.54,都市：其他:科技商務服務專用區,100000,117,持分移轉,01900000
RPXUSLPJOHOFFCJ38CB,旭光段,26.88,都市：其他:科技商務服務專用區,100000,146,持分移轉,01900000
RPUUSLPJOHOFFCJ08CB,旭光段,27.43,都市：其他:科技商務服務專用區,100000,149,持分移轉,01900000
RPOVSLPJOHOFFCJ57CB,旭光段,27.80,都市：其他:科技商務服務專用區,100000,151,持分移轉,01900000
RPVUSLPJOHOFFCJ18CB,旭光段,28.35,都市：其他:科技商務服務專用區,100000,154,持分移轉,01900000
RPWUSLPJOHOFFCJ28CB,旭光段,27.24,都市：其他:科技商務服務專用區,100000,148,持分移轉,01900000
RPSUSLPJOHOFFCJ87CB,旭光段,27.24,都市：其他:科技商務服務專用區,100000,148,持分移轉,01900000
RPTUSLPJOHOFFCJ97CB,旭光段,26.88,都市：其他:科技商務服務專用區,100000,146,持分移轉,01900000
RPPVSLPJOHOFFCJ67CB,旭光段,27.43,都市：其他:科技商務服務專用區,100000,149,持分移轉,01900000
RPQVSLPJOHOFFCJ77CB,旭光段,25.59,都市：其他:科技商務服務專用區,100000,139,持分移轉,01900000
RPRVSLPJOHOFFCJ87CB,旭光段,27.24,都市：其他:科技商務服務專用區,100000,148,持分移轉,01900000
RPWVSLPJOHOFFCJ38CB,旭光段,21.72,都市：其他:科技商務服務專用區,100000,118,持分移轉,01900000
RPVVSLPJOHOFFCJ28CB,旭光段,25.96,都市：其他:科技商務服務專用區,100000,141,持分移轉,01900000
RPTVSLPJOHOFFCJ08CB,旭光段,28.35,都市：其他:科技商務服務專用區,100000,154,持分移轉,01900000
RPSVSLPJOHOFFCJ97CB,旭光段,25.96,都市：其他:科技商務服務專用區,100000,141,持分移轉,01900000
RPOWSLPJOHOFFCJ67CB,旭光段,27.24,都市：其他:科技商務服務專用區,100000,148,持分移轉,01900000
RPQWSLPJOHOFFCJ87CB,旭光段,45.84,都市：其他:科技商務服務專用區,100000,249,持分移轉,01900000
RPUVSLPJOHOFFCJ18CB,旭光段,25.59,都市：其他:科技商務服務專用區,100000,139,持分移轉,01900000
RPXVSLPJOHOFFCJ48CB,旭光段,25.59,都市：其他:科技商務服務專用區,100000,139,持分移轉,01900000
RPPWSLPJOHOFFCJ77CB,旭光段,26.88,都市：其他:科技商務服務專用區,100000,146,持分移轉,01900000
RPVWSLPJOHOFFCJ38CB,旭光段,25.59,都市：其他:科技商務服務專用區,100000,139,持分移轉,01900000
RPRWSLPJOHOFFCJ97CB,旭光段,27.24,都市：其他:科技商務服務專用區,100000,148,持分移轉,01900000
RPTWSLPJOHOFFCJ18CB,旭光段,24.30,都市：其他:科技商務服務專用區,100000,132,持分移轉,01900000
RPSWSLPJOHOFFCJ08CB,旭光段,25.96,都市：其他:科技商務服務專用區,100000,141,持分移轉,01900000
RPUWSLPJOHOFFCJ28CB,旭光段,47.49,都市：其他:科技商務服務專用區,100000,258,持分移轉,01900000
RPSNTLPJOHOFFCJ27CB,旭光段,27.43,都市：其他:科技商務服務專用區,100000,149,持分移轉,01900000
RPXWSLPJOHOFFCJ58CB,旭光段,22.27,都市：其他:科技商務服務專用區,100000,121,持分移轉,01900000
RPQNTLPJOHOFFCJ07CB,旭光段,23.38,都市：其他:科技商務服務專用區,100000,127,持分移轉,01900000
RPWWSLPJOHOFFCJ48CB,旭光段,27.43,都市：其他:科技商務服務專用區,100000,149,持分移轉,01900000
RPTNTLPJOHOFFCJ37CB,旭光段,26.88,都市：其他:科技商務服務專用區,100000,146,持分移轉,01900000
RPONTLPJOHOFFCJ86CB,旭光段,28.35,都市：其他:科技商務服務專用區,100000,154,持分移轉,01900000
RPPNTLPJOHOFFCJ96CB,旭光段,24.30,都市：其他:科技商務服務專用區,100000,132,持分移轉,01900000
RPVNTLPJOHOFFCJ57CB,旭光段,27.43,都市：其他:科技商務服務專用區,100000,149,持分移轉,01900000
RPWNTLPJOHOFFCJ67CB,旭光段,25.96,都市：其他:科技商務服務專用區,100000,141,持分移轉,01900000
RPUNTLPJOHOFFCJ47CB,旭光段,37.92,都市：其他:科技商務服務專用區,100000,206,持分移轉,01900000
RPOOTLPJOHOFFCJ96CB,旭光段,51.54,都市：其他:科技商務服務專用區,100000,280,持分移轉,01900000
RPXNTLPJOHOFFCJ77CB,旭光段,21.54,都市：其他:科技商務服務專用區,100000,117,持分移轉,01900000
RPQOTLPJOHOFFCJ17CB,旭光段,27.24,都市：其他:科技商務服務專用區,100000,148,持分移轉,01900000
RPWOTLPJOHOFFCJ77CB,旭光段,27.80,都市：其他:科技商務服務專用區,100000,151,持分移轉,01900000
RPPOTLPJOHOFFCJ07CB,旭光段,28.72,都市：其他:科技商務服務專用區,100000,156,持分移轉,01900000
RPSOTLPJOHOFFCJ37CB,旭光段,26.88,都市：其他:科技商務服務專用區,100000,146,持分移轉,01900000
RPROTLPJOHOFFCJ27CB,旭光段,27.43,都市：其他:科技商務服務專用區,100000,149,持分移轉,01900000
RPTOTLPJOHOFFCJ47CB,旭光段,25.96,都市：其他:科技商務服務專用區,100000,141,持分移轉,01900000
RPUOTLPJOHOFFCJ57CB,旭光段,24.30,都市：其他:科技商務服務專用區,100000,132,持分移轉,01900000
RPVOTLPJOHOFFCJ67CB,旭光段,24.30,都市：其他:科技商務服務專用區,100000,132,持分移轉,01900000
RPXOTLPJOHOFFCJ87CB,旭光段,24.30,都市：其他:科技商務服務專用區,100000,132,持分移轉,01900000
RPQPTLPJOHOFFCJ27CB,旭光段,24.48,都市：其他:科技商務服務專用區,100000,133,持分移轉,01900000
RPPPTLPJOHOFFCJ17CB,旭光段,21.72,都市：其他:科技商務服務專用區,100000,118,持分移轉,01900000
RPOPTLPJOHOFFCJ07CB,旭光段,24.30,都市：其他:科技商務服務專用區,100000,132,持分移轉,01900000
RPRPTLPJOHOFFCJ37CB,旭光段,21.72,都市：其他:科技商務服務專用區,100000,118,持分移轉,01900000
RPVPTLPJOHOFFCJ77CB,旭光段,21.72,都市：其他:科技商務服務專用區,100000,118,持分移轉,01900000
RPUPTLPJOHOFFCJ67CB,旭光段,27.61,都市：其他:科技商務服務專用區,100000,150,持分移轉,01900000
RPSPTLPJOHOFFCJ47CB,旭光段,27.98,都市：其他:科技商務服務專用區,100000,152,持分移轉,01900000
RPTPTLPJOHOFFCJ57CB,旭光段,27.24,都市：其他:科技商務服務專用區,100000,148,持分移轉,01900000
RPWPTLPJOHOFFCJ87CB,旭光段,27.24,都市：其他:科技商務服務專用區,100000,148,持分移轉,01900000
RPXPTLPJOHOFFCJ97CB,旭光段,26.88,都市：其他:科技商務服務專用區,100000,146,持分移轉,01900000
RPPQTLPJOHOFFCJ27CB,旭光段,21.72,都市：其他:科技商務服務專用區,100000,118,持分移轉,01900000
RPQQTLPJOHOFFCJ37CB,旭光段,21.72,都市：其他:科技商務服務專用區,100000,118,持分移轉,01900000
RPSQTLPJOHOFFCJ57CB,旭光段,27.24,都市：其他:科技商務服務專用區,100000,148,持分移轉,01900000
RPOQTLPJOHOFFCJ17CB,旭光段,25.96,都市：其他:科技商務服務專用區,100000,141,持分移轉,01900000
RPRQTLPJOHOFFCJ47CB,旭光段,21.72,都市：其他:科技商務服務專用區,100000,118,持分移轉,01900000
RPWQTLPJOHOFFCJ97CB,旭光段,24.30,都市：其他:科技商務服務專用區,100000,132,持分移轉,01900000
RPUQTLPJOHOFFCJ77CB,旭光段,22.09,都市：其他:科技商務服務專用區,100000,120,持分移轉,01900000
RPRRTLPJOHOFFCJ57CB,旭光段,25.22,都市：其他:科技商務服務專用區,100000,137,持分移轉,01900000
RPVQTLPJOHOFFCJ87CB,旭光段,24.30,都市：其他:科技商務服務專用區,100000,132,持分移轉,01900000
RPPRTLPJOHOFFCJ37CB,旭光段,25.96,都市：其他:科技商務服務專用區,100000,141,持分移轉,01900000
RPORTLPJOHOFFCJ27CB,旭光段,21.72,都市：其他:科技商務服務專用區,100000,118,持分移轉,01900000
RPQRTLPJOHOFFCJ47CB,旭光段,24.30,都市：其他:科技商務服務專用區,100000,132,持分移轉,01900000
RPXQTLPJOHOFFCJ08CB,旭光段,25.59,都市：其他:科技商務服務專用區,100000,139,持分移轉,01900000
RPTQTLPJOHOFFCJ67CB,旭光段,21.72,都市：其他:科技商務服務專用區,100000,118,持分移轉,01900000
RPSRTLPJOHOFFCJ67CB,旭光段,21.72,都市：其他:科技商務服務專用區,100000,118,持分移轉,01900000
RPURTLPJOHOFFCJ87CB,旭光段,28.16,都市：其他:科技商務服務專用區,100000,153,持分移轉,01900000
RPTRTLPJOHOFFCJ77CB,旭光段,21.72,都市：其他:科技商務服務專用區,100000,118,持分移轉,01900000
RPOSTLPJOHOFFCJ37CB,旭光段,45.47,都市：其他:科技商務服務專用區,100000,247,持分移轉,01900000
RPXRTLPJOHOFFCJ18CB,旭光段,25.59,都市：其他:科技商務服務專用區,100000,139,持分移轉,01900000
RPPSTLPJOHOFFCJ47CB,旭光段,25.96,都市：其他:科技商務服務專用區,100000,141,持分移轉,01900000
RPQSTLPJOHOFFCJ57CB,旭光段,21.54,都市：其他:科技商務服務專用區,100000,117,持分移轉,01900000
RPWRTLPJOHOFFCJ08CB,旭光段,25.96,都市：其他:科技商務服務專用區,100000,141,持分移轉,01900000
RPRSTLPJOHOFFCJ67CB,旭光段,24.30,都市：其他:科技商務服務專用區,100000,132,持分移轉,01900000
RPVRTLPJOHOFFCJ97CB,旭光段,25.96,都市：其他:科技商務服務專用區,100000,141,持分移轉,01900000
RPSSTLPJOHOFFCJ77CB,旭光段,27.43,都市：其他:科技商務服務專用區,100000,149,持分移轉,01900000
RPWSTLPJOHOFFCJ18CB,旭光段,22.09,都市：其他:科技商務服務專用區,100000,120,持分移轉,01900000
RPVSTLPJOHOFFCJ08CB,旭光段,25.96,都市：其他:科技商務服務專用區,100000,141,持分移轉,01900000
RPTSTLPJOHOFFCJ87CB,旭光段,28.53,都市：其他:科技商務服務專用區,100000,155,持分移轉,01900000
RPRNMLTKOHOFFCJ96CB,旭光段,24.67,都市：其他:科技商務服務專用區,100000,134,持分移轉,01900000
RPUSTLPJOHOFFCJ97CB,旭光段,21.72,都市：其他:科技商務服務專用區,100000,118,持分移轉,01900000
RPQNMLTKOHOFFCJ86CB,旭光段,24.67,都市：其他:科技商務服務專用區,100000,134,持分移轉,01900000
RPVNMLTKOHOFFCJ37CB,旭光段,27.06,都市：其他:科技商務服務專用區,100000,147,持分移轉,01900000
RPUNMLTKOHOFFCJ27CB,旭光段,23.75,都市：其他:科技商務服務專用區,100000,129,持分移轉,01900000
RPTNMLTKOHOFFCJ17CB,旭光段,24.85,都市：其他:科技商務服務專用區,100000,135,持分移轉,01900000
RPWNMLTKOHOFFCJ47CB,旭光段,25.40,都市：其他:科技商務服務專用區,100000,138,持分移轉,01900000
RPXNMLTKOHOFFCJ57CB,旭光段,21.72,都市：其他:科技商務服務專用區,100000,118,持分移轉,01900000
