﻿編號,土地位置,土地移轉面積(平方公尺),使用分區或編定,權利人持分分母,權利人持分分子,移轉情形,地號
The serial number, land position,land shifting area square meter,the use zoning or compiles and checks,,,,land parcel
RPVOMLOKNHOFFFK27CB,仁愛段,.08,都市：住,10000,27,持分移轉,00420000
RPUOMLOKNHOFFFK17CB,仁愛段,.07,都市：住,10000,26,持分移轉,00420000
RPROMLOKNHOFFFK86CB,仁愛段,.08,都市：住,10000,28,持分移轉,00420000
RPPOMLOKNHOFFFK66CB,仁愛段,.09,都市：住,10000,29,持分移轉,00420000
RPTOMLOKNHOFFFK07CB,仁愛段,.09,都市：住,10000,29,持分移轉,00420000
RPXNMLOKNHOFFFK37CB,仁愛段,.08,都市：住,10000,28,持分移轉,00420000
RPTNMLOKNHOFFFK96CB,仁愛段,.05,都市：住,10000,23,持分移轉,00420000
RPVNMLOKNHOFFFK17CB,仁愛段,.07,都市：住,10000,26,持分移轉,00420000
RPQOMLOKNHOFFFK76CB,仁愛段,.06,都市：住,10000,25,持分移轉,00420000
RPUNMLOKNHOFFFK07CB,仁愛段,.07,都市：住,10000,26,持分移轉,00420000
RPXOMLOKNHOFFFK47CB,仁愛段,.08,都市：住,10000,27,持分移轉,00420000
RPWOMLOKNHOFFFK37CB,仁愛段,.04,都市：住,10000,20,持分移轉,00420000
RPSPMLOKNHOFFFK07CB,仁愛段,.09,都市：住,10000,29,持分移轉,00420000
RPOPMLOKNHOFFFK66CB,仁愛段,.07,都市：住,10000,26,持分移轉,00420000
RPUPMLOKNHOFFFK27CB,仁愛段,.05,都市：住,10000,23,持分移轉,00420000
RPQPMLOKNHOFFFK86CB,仁愛段,.07,都市：住,10000,26,持分移轉,00420000
RPVPMLOKNHOFFFK37CB,仁愛段,.08,都市：住,10000,28,持分移轉,00420000
RPPPMLOKNHOFFFK76CB,仁愛段,.09,都市：住,10000,30,持分移轉,00420000
RPQNMLQKNHOFFFK86CB,仁愛段,.06,都市：住,10000,25,持分移轉,00420000
RPXPMLOKNHOFFFK57CB,仁愛段,.08,都市：住,10000,28,持分移轉,00420000
RPWPMLOKNHOFFFK47CB,仁愛段,.05,都市：住,10000,23,持分移轉,00420000
RPVNMLQKNHOFFFK37CB,仁愛段,.07,都市：住,10000,26,持分移轉,00420000
RPUNMLQKNHOFFFK27CB,仁愛段,.07,都市：住,10000,26,持分移轉,00420000
RPRNMLQKNHOFFFK96CB,仁愛段,.05,都市：住,10000,23,持分移轉,00420000
RPPOMLQKNHOFFFK86CB,仁愛段,.08,都市：住,10000,28,持分移轉,00420000
RPSNMLQKNHOFFFK07CB,仁愛段,.09,都市：住,10000,30,持分移轉,00420000
RPROMLQKNHOFFFK07CB,仁愛段,.08,都市：住,10000,28,持分移轉,00420000
RPWNMLQKNHOFFFK47CB,仁愛段,.06,都市：住,10000,25,持分移轉,00420000
RPXNMLQKNHOFFFK57CB,仁愛段,.04,都市：住,10000,20,持分移轉,00420000
RPOOMLQKNHOFFFK76CB,仁愛段,.08,都市：住,10000,28,持分移轉,00420000
RPSOMLQKNHOFFFK17CB,仁愛段,.06,都市：住,10000,25,持分移轉,00420000
RPTOMLQKNHOFFFK27CB,仁愛段,.09,都市：住,10000,29,持分移轉,00420000
RPQOMLQKNHOFFFK96CB,仁愛段,.08,都市：住,10000,27,持分移轉,00420000
RPVOMLQKNHOFFFK47CB,仁愛段,.09,都市：住,10000,29,持分移轉,00420000
RPPPMLQKNHOFFFK96CB,仁愛段,.08,都市：住,10000,28,持分移轉,00420000
RPQPMLQKNHOFFFK07CB,仁愛段,.04,都市：住,10000,20,持分移轉,00420000
RPRPMLQKNHOFFFK17CB,仁愛段,.06,都市：住,10000,25,持分移轉,00420000
RPXOMLQKNHOFFFK67CB,仁愛段,.06,都市：住,10000,25,持分移轉,00420000
RPUPMLQKNHOFFFK47CB,仁愛段,.08,都市：住,10000,28,持分移轉,00420000
RPPQMLQKNHOFFFK07CB,仁愛段,.04,都市：住,10000,19,持分移轉,00420000
RPWOMLQKNHOFFFK57CB,仁愛段,.09,都市：住,10000,30,持分移轉,00420000
RPWPMLQKNHOFFFK67CB,仁愛段,.07,都市：住,10000,26,持分移轉,00420000
RPRQMLQKNHOFFFK27CB,仁愛段,.05,都市：住,10000,23,持分移轉,00420000
RPQQMLQKNHOFFFK17CB,仁愛段,.04,都市：住,10000,20,持分移轉,00420000
RPTPMLQKNHOFFFK37CB,仁愛段,.06,都市：住,10000,25,持分移轉,00420000
RPXQMLQKNHOFFFK87CB,仁愛段,.04,都市：住,10000,20,持分移轉,00420000
RPUQMLQKNHOFFFK57CB,仁愛段,.06,都市：住,10000,25,持分移轉,00420000
RPXPMLQKNHOFFFK77CB,仁愛段,.08,都市：住,10000,28,持分移轉,00420000
RPQRMLQKNHOFFFK27CB,仁愛段,.08,都市：住,10000,27,持分移轉,00420000
RPPRMLQKNHOFFFK17CB,仁愛段,.04,都市：住,10000,20,持分移轉,00420000
RPRRMLQKNHOFFFK37CB,仁愛段,.08,都市：住,10000,28,持分移轉,00420000
RPVQMLQKNHOFFFK67CB,仁愛段,.09,都市：住,10000,29,持分移轉,00420000
RPWQMLQKNHOFFFK77CB,仁愛段,.06,都市：住,10000,25,持分移轉,00420000
RPORMLQKNHOFFFK07CB,仁愛段,.05,都市：住,10000,23,持分移轉,00420000
RPSRMLQKNHOFFFK47CB,仁愛段,.06,都市：住,10000,25,持分移轉,00420000
RPVRMLQKNHOFFFK77CB,仁愛段,.09,都市：住,10000,30,持分移轉,00420000
RPWRMLQKNHOFFFK87CB,仁愛段,.08,都市：住,10000,27,持分移轉,00420000
RPURMLQKNHOFFFK67CB,仁愛段,.08,都市：住,10000,28,持分移轉,00420000
RPXRMLQKNHOFFFK97CB,仁愛段,.09,都市：住,10000,29,持分移轉,00420000
RPPSMLQKNHOFFFK27CB,仁愛段,.04,都市：住,10000,20,持分移轉,00420000
RPQSMLQKNHOFFFK37CB,仁愛段,.07,都市：住,10000,26,持分移轉,00420000
RPTRMLQKNHOFFFK57CB,仁愛段,.05,都市：住,10000,23,持分移轉,00420000
RPRSMLQKNHOFFFK47CB,仁愛段,.07,都市：住,10000,26,持分移轉,00420000
RPOSMLQKNHOFFFK17CB,仁愛段,.04,都市：住,10000,20,持分移轉,00420000
RPWSMLQKNHOFFFK97CB,仁愛段,.08,都市：住,10000,28,持分移轉,00420000
RPQTMLQKNHOFFFK47CB,仁愛段,.08,都市：住,10000,28,持分移轉,00420000
RPXSMLQKNHOFFFK08CB,仁愛段,.09,都市：住,10000,29,持分移轉,00420000
RPRTMLQKNHOFFFK57CB,仁愛段,.04,都市：住,10000,20,持分移轉,00420000
RPUSMLQKNHOFFFK77CB,仁愛段,.08,都市：住,10000,27,持分移轉,00420000
RPPTMLQKNHOFFFK37CB,仁愛段,.08,都市：住,10000,28,持分移轉,00420000
RPOTMLQKNHOFFFK27CB,仁愛段,.04,都市：住,10000,20,持分移轉,00420000
RPVSMLQKNHOFFFK87CB,仁愛段,.08,都市：住,10000,28,持分移轉,00420000
RPSSMLQKNHOFFFK57CB,仁愛段,.08,都市：住,10000,28,持分移轉,00420000
RPTSMLQKNHOFFFK67CB,仁愛段,.04,都市：住,10000,20,持分移轉,00420000
RPTTMLQKNHOFFFK77CB,仁愛段,.08,都市：住,10000,27,持分移轉,00420000
RPWTMLQKNHOFFFK08CB,仁愛段,.09,都市：住,10000,30,持分移轉,00420000
RPUTMLQKNHOFFFK87CB,仁愛段,.07,都市：住,10000,26,持分移轉,00420000
RPPUMLQKNHOFFFK47CB,仁愛段,.08,都市：住,10000,28,持分移轉,00420000
RPSUMLQKNHOFFFK77CB,仁愛段,.05,都市：住,10000,23,持分移轉,00420000
RPVUMLQKNHOFFFK08CB,仁愛段,.04,都市：住,10000,20,持分移轉,00420000
RPTUMLQKNHOFFFK87CB,仁愛段,.08,都市：住,10000,28,持分移轉,00420000
RPRUMLQKNHOFFFK67CB,仁愛段,.05,都市：住,10000,23,持分移轉,00420000
RPWUMLQKNHOFFFK18CB,仁愛段,.08,都市：住,10000,28,持分移轉,00420000
RPOVMLQKNHOFFFK47CB,仁愛段,.08,都市：住,10000,28,持分移轉,00420000
RPPVMLQKNHOFFFK57CB,仁愛段,.04,都市：住,10000,20,持分移轉,00420000
RPUUMLQKNHOFFFK97CB,仁愛段,.09,都市：住,10000,29,持分移轉,00420000
RPXUMLQKNHOFFFK28CB,仁愛段,.05,都市：住,10000,23,持分移轉,00420000
RPQVMLQKNHOFFFK67CB,仁愛段,.08,都市：住,10000,28,持分移轉,00420000
RPRVMLQKNHOFFFK77CB,仁愛段,.07,都市：住,10000,26,持分移轉,00420000
RPVVMLQKNHOFFFK18CB,仁愛段,.08,都市：住,10000,27,持分移轉,00420000
RPTVMLQKNHOFFFK97CB,仁愛段,.04,都市：住,10000,20,持分移轉,00420000
RPTNMLRKNHOFFFK27CB,仁愛段,.09,都市：住,10000,29,持分移轉,00420000
RPSVMLQKNHOFFFK87CB,仁愛段,.06,都市：住,10000,25,持分移轉,00420000
RPWVMLQKNHOFFFK28CB,仁愛段,.05,都市：住,10000,23,持分移轉,00420000
RPUVMLQKNHOFFFK08CB,仁愛段,.09,都市：住,10000,29,持分移轉,00420000
RPUNMLRKNHOFFFK37CB,仁愛段,.05,都市：住,10000,23,持分移轉,00420000
RPSNMLRKNHOFFFK17CB,仁愛段,.08,都市：住,10000,28,持分移轉,00420000
RPVNMLRKNHOFFFK47CB,仁愛段,.08,都市：住,10000,27,持分移轉,00420000
RPWNMLRKNHOFFFK57CB,仁愛段,.08,都市：住,10000,27,持分移轉,00420000
RPWOMLRKNHOFFFK67CB,仁愛段,.08,都市：住,10000,28,持分移轉,00420000
RPPOMLRKNHOFFFK96CB,仁愛段,.08,都市：住,10000,27,持分移轉,00420000
RPOPMLRKNHOFFFK96CB,仁愛段,.05,都市：住,10000,23,持分移轉,00420000
RPXOMLRKNHOFFFK77CB,仁愛段,.08,都市：住,10000,28,持分移轉,00420000
RPQPMLRKNHOFFFK17CB,仁愛段,.07,都市：住,10000,26,持分移轉,00420000
RPPPMLRKNHOFFFK07CB,仁愛段,.05,都市：住,10000,23,持分移轉,00420000
RPTPMLRKNHOFFFK47CB,仁愛段,.04,都市：住,10000,20,持分移轉,00420000
RPSPMLRKNHOFFFK37CB,仁愛段,.04,都市：住,10000,20,持分移轉,00420000
RPRPMLRKNHOFFFK27CB,仁愛段,.08,都市：住,10000,28,持分移轉,00420000
RPUPMLRKNHOFFFK57CB,仁愛段,.09,都市：住,10000,30,持分移轉,00420000
RPQNMLSKNHOFFFK07CB,仁愛段,.93,都市：住,1000,30,持分移轉,00420000
RPSNMLSKNHOFFFK27CB,仁愛段,.59,都市：住,1000,24,持分移轉,00420000
RPPNMLSKNHOFFFK96CB,仁愛段,.93,都市：住,1000,30,持分移轉,00420000
RPVNMLSKNHOFFFK57CB,仁愛段,.59,都市：住,1000,24,持分移轉,00420000
RPUNMLSKNHOFFFK47CB,仁愛段,.59,都市：住,1000,24,持分移轉,00420000
RPRNMLSKNHOFFFK17CB,仁愛段,.59,都市：住,1000,24,持分移轉,00420000
RPWNMLSKNHOFFFK67CB,仁愛段,.59,都市：住,1000,24,持分移轉,00420000
RPOOMLSKNHOFFFK96CB,仁愛段,.59,都市：住,1000,24,持分移轉,00420000
RPPOMLSKNHOFFFK07CB,仁愛段,.59,都市：住,1000,24,持分移轉,00420000
RPXNMLSKNHOFFFK77CB,仁愛段,.59,都市：住,1000,24,持分移轉,00420000
RPQOMLSKNHOFFFK17CB,仁愛段,.59,都市：住,1000,24,持分移轉,00420000
RPTOMLSKNHOFFFK47CB,仁愛段,.59,都市：住,1000,24,持分移轉,00420000
RPSOMLSKNHOFFFK37CB,仁愛段,.59,都市：住,1000,24,持分移轉,00420000
RPROMLSKNHOFFFK27CB,仁愛段,.59,都市：住,1000,24,持分移轉,00420000
RPPPMLSKNHOFFFK17CB,仁愛段,1.27,都市：住,1000,35,持分移轉,00420000
RPVOMLSKNHOFFFK67CB,仁愛段,.93,都市：住,1000,30,持分移轉,00420000
RPUOMLSKNHOFFFK57CB,仁愛段,.93,都市：住,1000,30,持分移轉,00420000
RPXOMLSKNHOFFFK87CB,仁愛段,1.27,都市：住,1000,35,持分移轉,00420000
RPWOMLSKNHOFFFK77CB,仁愛段,.93,都市：住,1000,30,持分移轉,00420000
RPOPMLSKNHOFFFK07CB,仁愛段,1.27,都市：住,1000,35,持分移轉,00420000
RPSPMLSKNHOFFFK47CB,仁愛段,.96,都市：住,1000,31,持分移轉,00420000
RPQPMLSKNHOFFFK27CB,仁愛段,1.31,都市：住,1000,36,持分移轉,00420000
RPRPMLSKNHOFFFK37CB,仁愛段,.08,都市：住,10000,29,持分移轉,00420000
RPTPMLSKNHOFFFK57CB,仁愛段,.96,都市：住,1000,31,持分移轉,00420000
RPWPMLSKNHOFFFK87CB,仁愛段,1.27,都市：住,1000,35,持分移轉,00420000
RPUPMLSKNHOFFFK67CB,仁愛段,1.31,都市：住,1000,36,持分移轉,00420000
RPPQMLSKNHOFFFK27CB,仁愛段,1.27,都市：住,1000,35,持分移轉,00420000
RPVPMLSKNHOFFFK77CB,仁愛段,1.31,都市：住,1000,36,持分移轉,00420000
RPOQMLSKNHOFFFK17CB,仁愛段,1.31,都市：住,1000,36,持分移轉,00420000
RPQQMLSKNHOFFFK37CB,仁愛段,1.31,都市：住,1000,36,持分移轉,00420000
RPXPMLSKNHOFFFK97CB,仁愛段,1.27,都市：住,1000,35,持分移轉,00420000
RPSQMLSKNHOFFFK57CB,仁愛段,1.42,都市：住,1000,39,持分移轉,00420000
RPSNMLKLNHOFFFK56CB,仁愛段,1.35,都市：住,1000,36,持分移轉,00420000
RPTNMLKLNHOFFFK66CB,仁愛段,1.35,都市：住,1000,36,持分移轉,00420000
RPVNMLKLNHOFFFK86CB,仁愛段,1.35,都市：住,1000,36,持分移轉,00420000
RPRQMLSKNHOFFFK47CB,仁愛段,1.31,都市：住,1000,36,持分移轉,00420000
RPOOMLKLNHOFFFK88CB,仁愛段,1.35,都市：住,1000,36,持分移轉,00420000
RPUNMLKLNHOFFFK76CB,仁愛段,1.35,都市：住,1000,36,持分移轉,00420000
RPPOMLKLNHOFFFK98CB,仁愛段,1.35,都市：住,1000,36,持分移轉,00420000
RPWNMLKLNHOFFFK96CB,仁愛段,1.35,都市：住,1000,36,持分移轉,00420000
RPQOMLKLNHOFFFK09CB,仁愛段,1.35,都市：住,1000,36,持分移轉,00420000
RPXNMLKLNHOFFFK07CB,仁愛段,1.39,都市：住,1000,37,持分移轉,00420000
RPSOMLKLNHOFFFK66CB,仁愛段,1.39,都市：住,1000,37,持分移轉,00420000
RPROMLKLNHOFFFK56CB,仁愛段,1.35,都市：住,1000,36,持分移轉,00420000
RPXOMLKLNHOFFFK17CB,仁愛段,1.39,都市：住,1000,37,持分移轉,00420000
RPSPMLKLNHOFFFK76CB,仁愛段,1.39,都市：住,1000,37,持分移轉,00420000
RPTOMLKLNHOFFFK76CB,仁愛段,1.39,都市：住,1000,37,持分移轉,00420000
RPUOMLKLNHOFFFK86CB,仁愛段,1.39,都市：住,1000,37,持分移轉,00420000
RPRPMLKLNHOFFFK66CB,仁愛段,1.42,都市：住,1000,38,持分移轉,00420000
RPVOMLKLNHOFFFK96CB,仁愛段,1.35,都市：住,1000,37,持分移轉,00420000
RPWOMLKLNHOFFFK07CB,仁愛段,1.35,都市：住,1000,36,持分移轉,00420000
RPOPMLKLNHOFFFK98CB,仁愛段,1.35,都市：住,1000,36,持分移轉,00420000
RPTPMLKLNHOFFFK86CB,仁愛段,1.35,都市：住,1000,36,持分移轉,00420000
RPVPMLKLNHOFFFK07CB,仁愛段,1.39,都市：住,1000,37,持分移轉,00420000
RPWNMLLLNHOFFFK07CB,仁愛段,1.31,都市：住,1000,36,持分移轉,00420000
RPUPMLKLNHOFFFK96CB,仁愛段,1.39,都市：住,1000,37,持分移轉,00420000
RPUNMLLLNHOFFFK86CB,仁愛段,1.27,都市：住,1000,35,持分移轉,00420000
RPVNMLLLNHOFFFK96CB,仁愛段,1.31,都市：住,1000,36,持分移轉,00420000
RPOQMLKLNHOFFFK09CB,仁愛段,1.35,都市：住,1000,37,持分移轉,00420000
RPWPMLKLNHOFFFK17CB,仁愛段,1.39,都市：住,1000,37,持分移轉,00420000
RPTNMLLLNHOFFFK76CB,仁愛段,1.27,都市：住,1000,35,持分移轉,00420000
RPXPMLKLNHOFFFK27CB,仁愛段,1.39,都市：住,1000,37,持分移轉,00420000
RPXNMLLLNHOFFFK17CB,仁愛段,1.31,都市：住,1000,36,持分移轉,00420000
RPOOMLLLNHOFFFK98CB,仁愛段,1.31,都市：住,1000,36,持分移轉,00420000
RPPOMLLLNHOFFFK09CB,仁愛段,1.31,都市：住,1000,36,持分移轉,00420000
RPVOMLLLNHOFFFK07CB,仁愛段,.93,都市：住,1000,30,持分移轉,00420000
RPTOMLLLNHOFFFK86CB,仁愛段,1.31,都市：住,1000,36,持分移轉,00420000
RPWOMLLLNHOFFFK17CB,仁愛段,.93,都市：住,1000,30,持分移轉,00420000
RPROMLLLNHOFFFK66CB,仁愛段,1.27,都市：住,1000,35,持分移轉,00420000
RPQOMLLLNHOFFFK56CB,仁愛段,1.27,都市：住,1000,35,持分移轉,00420000
RPUOMLLLNHOFFFK96CB,仁愛段,.93,都市：住,1000,30,持分移轉,00420000
RPXOMLLLNHOFFFK27CB,仁愛段,.96,都市：住,1000,31,持分移轉,00420000
RPSOMLLLNHOFFFK76CB,仁愛段,1.31,都市：住,1000,36,持分移轉,00420000
RPQPMLLLNHOFFFK66CB,仁愛段,.93,都市：住,1000,30,持分移轉,00420000
RPPPMLLLNHOFFFK56CB,仁愛段,.93,都市：住,1000,30,持分移轉,00420000
RPOPMLLLNHOFFFK09CB,仁愛段,.93,都市：住,1000,30,持分移轉,00420000
RPSPMLLLNHOFFFK86CB,仁愛段,.93,都市：住,1000,30,持分移轉,00420000
RPRPMLLLNHOFFFK76CB,仁愛段,.93,都市：住,1000,30,持分移轉,00420000
RPTPMLLLNHOFFFK96CB,仁愛段,.93,都市：住,1000,30,持分移轉,00420000
RPXPMLLLNHOFFFK37CB,仁愛段,.59,都市：住,1000,24,持分移轉,00420000
RPWPMLLLNHOFFFK27CB,仁愛段,.59,都市：住,1000,24,持分移轉,00420000
RPUPMLLLNHOFFFK07CB,仁愛段,.93,都市：住,1000,30,持分移轉,00420000
RPOQMLLLNHOFFFK56CB,仁愛段,.59,都市：住,1000,24,持分移轉,00420000
RPQQMLLLNHOFFFK76CB,仁愛段,.59,都市：住,1000,24,持分移轉,00420000
RPVPMLLLNHOFFFK17CB,仁愛段,.93,都市：住,1000,30,持分移轉,00420000
RPPQMLLLNHOFFFK66CB,仁愛段,.59,都市：住,1000,24,持分移轉,00420000
RPSQMLLLNHOFFFK96CB,仁愛段,.59,都市：住,1000,24,持分移轉,00420000
RPUQMLLLNHOFFFK17CB,仁愛段,.59,都市：住,1000,24,持分移轉,00420000
RPTQMLLLNHOFFFK07CB,仁愛段,.59,都市：住,1000,24,持分移轉,00420000
RPRQMLLLNHOFFFK86CB,仁愛段,.59,都市：住,1000,24,持分移轉,00420000
RPWQMLLLNHOFFFK37CB,仁愛段,.59,都市：住,1000,24,持分移轉,00420000
RPXQMLLLNHOFFFK47CB,仁愛段,.59,都市：住,1000,24,持分移轉,00420000
RPORMLLLNHOFFFK66CB,仁愛段,.59,都市：住,1000,24,持分移轉,00420000
RPPRMLLLNHOFFFK76CB,仁愛段,.67,都市：住,1000,26,持分移轉,00420000
RPRRMLLLNHOFFFK96CB,仁愛段,.64,都市：住,1000,25,持分移轉,00420000
RPQRMLLLNHOFFFK86CB,仁愛段,.64,都市：住,1000,25,持分移轉,00420000
RPSRMLLLNHOFFFK07CB,仁愛段,.64,都市：住,1000,25,持分移轉,00420000
RPPSMLLLNHOFFFK86CB,仁愛段,.64,都市：住,1000,25,持分移轉,00420000
RPWRMLLLNHOFFFK47CB,仁愛段,.64,都市：住,1000,25,持分移轉,00420000
RPSSMLLLNHOFFFK17CB,仁愛段,.41,都市：住,1000,20,持分移轉,00420000
RPVRMLLLNHOFFFK37CB,仁愛段,.64,都市：住,1000,25,持分移轉,00420000
RPURMLLLNHOFFFK27CB,仁愛段,.64,都市：住,1000,25,持分移轉,00420000
RPOSMLLLNHOFFFK76CB,仁愛段,.64,都市：住,1000,25,持分移轉,00420000
RPTRMLLLNHOFFFK17CB,仁愛段,.64,都市：住,1000,25,持分移轉,00420000
RPXRMLLLNHOFFFK57CB,仁愛段,.64,都市：住,1000,25,持分移轉,00420000
RPQSMLLLNHOFFFK96CB,仁愛段,.64,都市：住,1000,25,持分移轉,00420000
RPRSMLLLNHOFFFK07CB,仁愛段,.41,都市：住,1000,20,持分移轉,00420000
RPUSMLLLNHOFFFK37CB,仁愛段,.41,都市：住,1000,20,持分移轉,00420000
RPVSMLLLNHOFFFK47CB,仁愛段,.41,都市：住,1000,20,持分移轉,00420000
RPUNMLOLNHOFFFK17CB,仁愛段,.43,都市：住,1000,21,持分移轉,00420000
RPTSMLLLNHOFFFK27CB,仁愛段,.41,都市：住,1000,20,持分移轉,00420000
RPXNMLOLNHOFFFK47CB,仁愛段,.81,都市：住,1000,28,持分移轉,00420000
RPVNMLOLNHOFFFK27CB,仁愛段,.41,都市：住,1000,20,持分移轉,00420000
RPWNMLOLNHOFFFK37CB,仁愛段,.41,都市：住,1000,20,持分移轉,00420000
RPTNMLOLNHOFFFK07CB,仁愛段,.41,都市：住,1000,20,持分移轉,00420000
RPOOMLOLNHOFFFK66CB,仁愛段,.81,都市：住,1000,28,持分移轉,00420000
RPTOMLOLNHOFFFK17CB,仁愛段,.81,都市：住,1000,28,持分移轉,00420000
RPROMLOLNHOFFFK96CB,仁愛段,.81,都市：住,1000,28,持分移轉,00420000
RPQOMLOLNHOFFFK86CB,仁愛段,.81,都市：住,1000,28,持分移轉,00420000
RPPPMLOLNHOFFFK86CB,仁愛段,.81,都市：住,1000,28,持分移轉,00420000
RPUOMLOLNHOFFFK27CB,仁愛段,.81,都市：住,1000,28,持分移轉,00420000
RPQPMLOLNHOFFFK96CB,仁愛段,.81,都市：住,1000,28,持分移轉,00420000
RPWOMLOLNHOFFFK47CB,仁愛段,.84,都市：住,1000,29,持分移轉,00420000
RPOPMLOLNHOFFFK76CB,仁愛段,.81,都市：住,1000,28,持分移轉,00420000
RPSPMLOLNHOFFFK17CB,仁愛段,.70,都市：住,1000,26,持分移轉,00420000
RPVOMLOLNHOFFFK37CB,仁愛段,.81,都市：住,1000,28,持分移轉,00420000
RPRPMLOLNHOFFFK07CB,仁愛段,.81,都市：住,1000,28,持分移轉,00420000
RPTPMLOLNHOFFFK27CB,仁愛段,.70,都市：住,1000,26,持分移轉,00420000
RPUPMLOLNHOFFFK37CB,仁愛段,.70,都市：住,1000,26,持分移轉,00420000
RPVPMLOLNHOFFFK47CB,仁愛段,.70,都市：住,1000,26,持分移轉,00420000
RPVNMLQLNHOFFFK47CB,仁愛段,.70,都市：住,1000,26,持分移轉,00420000
RPUNMLQLNHOFFFK37CB,仁愛段,.70,都市：住,1000,26,持分移轉,00420000
RPWNMLQLNHOFFFK57CB,仁愛段,.54,都市：住,1000,23,持分移轉,00420000
RPOOMLQLNHOFFFK86CB,仁愛段,.54,都市：住,1000,23,持分移轉,00420000
RPXNMLQLNHOFFFK67CB,仁愛段,.54,都市：住,1000,23,持分移轉,00420000
RPRNMLQLNHOFFFK07CB,仁愛段,.70,都市：住,1000,26,持分移轉,00420000
RPTNMLQLNHOFFFK27CB,仁愛段,.70,都市：住,1000,26,持分移轉,00420000
RPXPMLOLNHOFFFK67CB,仁愛段,.70,都市：住,1000,26,持分移轉,00420000
RPSNMLQLNHOFFFK17CB,仁愛段,.70,都市：住,1000,26,持分移轉,00420000
RPWPMLOLNHOFFFK57CB,仁愛段,.70,都市：住,1000,26,持分移轉,00420000
RPPOMLQLNHOFFFK96CB,仁愛段,.54,都市：住,1000,23,持分移轉,00420000
RPSOMLQLNHOFFFK27CB,仁愛段,.54,都市：住,1000,23,持分移轉,00420000
RPQOMLQLNHOFFFK07CB,仁愛段,.54,都市：住,1000,23,持分移轉,00420000
RPWOMLQLNHOFFFK67CB,仁愛段,.54,都市：住,1000,23,持分移轉,00420000
RPUOMLQLNHOFFFK47CB,仁愛段,.54,都市：住,1000,23,持分移轉,00420000
RPROMLQLNHOFFFK17CB,仁愛段,.54,都市：住,1000,23,持分移轉,00420000
RPTOMLQLNHOFFFK37CB,仁愛段,.54,都市：住,1000,23,持分移轉,00420000
RPVOMLQLNHOFFFK57CB,仁愛段,.54,都市：住,1000,23,持分移轉,00420000
RPPPMLQLNHOFFFK07CB,仁愛段,.81,都市：住,1000,28,持分移轉,00420000
RPXOMLQLNHOFFFK77CB,仁愛段,.54,都市：住,1000,23,持分移轉,00420000
RPRPMLQLNHOFFFK27CB,仁愛段,.81,都市：住,1000,28,持分移轉,00420000
RPOPMLQLNHOFFFK96CB,仁愛段,.81,都市：住,1000,28,持分移轉,00420000
RPTPMLQLNHOFFFK47CB,仁愛段,.81,都市：住,1000,28,持分移轉,00420000
RPSPMLQLNHOFFFK37CB,仁愛段,.81,都市：住,1000,28,持分移轉,00420000
RPUPMLQLNHOFFFK57CB,仁愛段,.81,都市：住,1000,28,持分移轉,00420000
RPQPMLQLNHOFFFK17CB,仁愛段,.81,都市：住,1000,28,持分移轉,00420000
RPVPMLQLNHOFFFK67CB,仁愛段,.81,都市：住,1000,28,持分移轉,00420000
RPOQMLQLNHOFFFK07CB,仁愛段,.81,都市：住,1000,28,持分移轉,00420000
RPWPMLQLNHOFFFK77CB,仁愛段,.81,都市：住,1000,28,持分移轉,00420000
RPPQMLQLNHOFFFK17CB,仁愛段,.81,都市：住,1000,28,持分移轉,00420000
RPVOMLRLNHOFFFK67CB,仁愛段,.41,都市：住,1000,20,持分移轉,00420000
RPXOMLRLNHOFFFK87CB,仁愛段,.41,都市：住,1000,20,持分移轉,00420000
RPXPMLQLNHOFFFK87CB,仁愛段,.81,都市：住,1000,28,持分移轉,00420000
RPQQMLQLNHOFFFK27CB,仁愛段,.41,都市：住,1000,20,持分移轉,00420000
RPOPMLRLNHOFFFK07CB,仁愛段,.41,都市：住,1000,20,持分移轉,00420000
RPWOMLRLNHOFFFK77CB,仁愛段,.41,都市：住,1000,20,持分移轉,00420000
RPRQMLQLNHOFFFK37CB,仁愛段,.41,都市：住,1000,20,持分移轉,00420000
RPPPMLRLNHOFFFK17CB,仁愛段,.41,都市：住,1000,20,持分移轉,00420000
RPTPMLRLNHOFFFK57CB,仁愛段,.87,都市：住,1000,29,持分移轉,00420000
RPWPMLRLNHOFFFK87CB,仁愛段,.87,都市：住,1000,29,持分移轉,00420000
RPRPMLRLNHOFFFK37CB,仁愛段,.41,都市：住,1000,20,持分移轉,00420000
RPOQMLRLNHOFFFK17CB,仁愛段,.87,都市：住,1000,29,持分移轉,00420000
RPVPMLRLNHOFFFK77CB,仁愛段,.87,都市：住,1000,29,持分移轉,00420000
RPUPMLRLNHOFFFK67CB,仁愛段,.87,都市：住,1000,29,持分移轉,00420000
RPXPMLRLNHOFFFK97CB,仁愛段,.87,都市：住,1000,29,持分移轉,00420000
RPSPMLRLNHOFFFK47CB,仁愛段,.87,都市：住,1000,29,持分移轉,00420000
RPQPMLRLNHOFFFK27CB,仁愛段,.41,都市：住,1000,20,持分移轉,00420000
RPPQMLRLNHOFFFK27CB,仁愛段,.87,都市：住,1000,29,持分移轉,00420000
RPUQMLRLNHOFFFK77CB,仁愛段,.75,都市：住,1000,27,持分移轉,00420000
RPRQMLRLNHOFFFK47CB,仁愛段,.87,都市：住,1000,29,持分移轉,00420000
RPWQMLRLNHOFFFK97CB,仁愛段,.75,都市：住,1000,27,持分移轉,00420000
RPSQMLRLNHOFFFK57CB,仁愛段,.87,都市：住,1000,29,持分移轉,00420000
RPVQMLRLNHOFFFK87CB,仁愛段,.75,都市：住,1000,27,持分移轉,00420000
RPORMLRLNHOFFFK27CB,仁愛段,.75,都市：住,1000,27,持分移轉,00420000
RPPRMLRLNHOFFFK37CB,仁愛段,.75,都市：住,1000,27,持分移轉,00420000
RPQQMLRLNHOFFFK37CB,仁愛段,.87,都市：住,1000,29,持分移轉,00420000
RPQRMLRLNHOFFFK47CB,仁愛段,.75,都市：住,1000,27,持分移轉,00420000
RPTQMLRLNHOFFFK67CB,仁愛段,.87,都市：住,1000,29,持分移轉,00420000
RPRRMLRLNHOFFFK57CB,仁愛段,.75,都市：住,1000,27,持分移轉,00420000
RPTRMLRLNHOFFFK77CB,仁愛段,.75,都市：住,1000,27,持分移轉,00420000
RPXQMLRLNHOFFFK08CB,仁愛段,.75,都市：住,1000,27,持分移轉,00420000
RPSRMLRLNHOFFFK67CB,仁愛段,.75,都市：住,1000,27,持分移轉,00420000
RPVRMLRLNHOFFFK97CB,仁愛段,.75,都市：住,1000,27,持分移轉,00420000
RPWRMLRLNHOFFFK08CB,仁愛段,2.07,都市：住,1000,45,持分移轉,00420000
RPXNMLSJQHOFFFK97CB,仁愛段,.13,都市：住,10000,47,持分移轉,00480001
RPXRMLRLNHOFFFK18CB,仁愛段,.45,都市：住,1000,21,持分移轉,00420000
RPROMLSJQHOFFFK47CB,仁愛段,.13,都市：住,10000,47,持分移轉,00480001
RPQOMLSJQHOFFFK37CB,仁愛段,.13,都市：住,10000,47,持分移轉,00480001
RPURMLRLNHOFFFK87CB,仁愛段,.75,都市：住,1000,27,持分移轉,00420000
RPRNMLQKPHOFFFK17CB,仁愛段,.13,都市：住,10000,47,持分移轉,00480001
RPSOMLSJQHOFFFK57CB,仁愛段,.13,都市：住,10000,47,持分移轉,00480001
RPOOMLSJQHOFFFK17CB,仁愛段,.13,都市：住,10000,47,持分移轉,00480001
RPUOMLSJQHOFFFK77CB,仁愛段,.13,都市：住,10000,47,持分移轉,00480001
RPVOMLSJQHOFFFK87CB,仁愛段,.13,都市：住,10000,47,持分移轉,00480001
RPPOMLSJQHOFFFK27CB,仁愛段,.13,都市：住,10000,47,持分移轉,00480001
RPTOMLSJQHOFFFK67CB,仁愛段,.13,都市：住,10000,48,持分移轉,00480001
RPPPMLSJQHOFFFK37CB,仁愛段,.07,都市：住,10000,34,持分移轉,00480001
RPOPMLSJQHOFFFK27CB,仁愛段,.07,都市：住,10000,34,持分移轉,00480001
RPXOMLSJQHOFFFK08CB,仁愛段,.07,都市：住,10000,34,持分移轉,00480001
RPRPMLSJQHOFFFK57CB,仁愛段,.07,都市：住,10000,34,持分移轉,00480001
RPUPMLSJQHOFFFK87CB,仁愛段,.07,都市：住,10000,34,持分移轉,00480001
RPWOMLSJQHOFFFK97CB,仁愛段,.13,都市：住,10000,47,持分移轉,00480001
RPQPMLSJQHOFFFK47CB,仁愛段,.07,都市：住,10000,34,持分移轉,00480001
RPVPMLSJQHOFFFK97CB,仁愛段,.07,都市：住,10000,34,持分移轉,00480001
RPSPMLSJQHOFFFK67CB,仁愛段,.07,都市：住,10000,34,持分移轉,00480001
RPPQMLSJQHOFFFK47CB,仁愛段,.07,都市：住,10000,34,持分移轉,00480001
RPWPMLSJQHOFFFK08CB,仁愛段,.07,都市：住,10000,34,持分移轉,00480001
RPQQMLSJQHOFFFK57CB,仁愛段,.07,都市：住,10000,34,持分移轉,00480001
RPOQMLSJQHOFFFK37CB,仁愛段,.07,都市：住,10000,34,持分移轉,00480001
RPUQMLSJQHOFFFK97CB,仁愛段,.07,都市：住,10000,34,持分移轉,00480001
RPTQMLSJQHOFFFK87CB,仁愛段,.07,都市：住,10000,34,持分移轉,00480001
RPVQMLSJQHOFFFK08CB,仁愛段,.07,都市：住,10000,34,持分移轉,00480001
RPRQMLSJQHOFFFK67CB,仁愛段,.07,都市：住,10000,34,持分移轉,00480001
RPXQMLSJQHOFFFK28CB,仁愛段,.07,都市：住,10000,34,持分移轉,00480001
RPSQMLSJQHOFFFK77CB,仁愛段,.07,都市：住,10000,34,持分移轉,00480001
RPQRMLSJQHOFFFK67CB,仁愛段,.13,都市：住,10000,47,持分移轉,00480001
RPWQMLSJQHOFFFK18CB,仁愛段,.07,都市：住,10000,34,持分移轉,00480001
RPSRMLSJQHOFFFK87CB,仁愛段,.13,都市：住,10000,47,持分移轉,00480001
RPTRMLSJQHOFFFK97CB,仁愛段,.07,都市：住,10000,34,持分移轉,00480001
RPVRMLSJQHOFFFK18CB,仁愛段,.07,都市：住,10000,34,持分移轉,00480001
RPURMLSJQHOFFFK08CB,仁愛段,.07,都市：住,10000,34,持分移轉,00480001
RPRRMLSJQHOFFFK77CB,仁愛段,.39,都市：住,10000,81,持分移轉,00480001
RPWRMLSJQHOFFFK28CB,仁愛段,.07,都市：住,10000,34,持分移轉,00480001
RPXRMLSJQHOFFFK38CB,仁愛段,.13,都市：住,10000,47,持分移轉,00480001
RPOSMLSJQHOFFFK57CB,仁愛段,.52,都市：住,10000,94,持分移轉,00480001
RPRSMLSJQHOFFFK87CB,仁愛段,.13,都市：住,10000,47,持分移轉,00480001
RPTSMLSJQHOFFFK08CB,仁愛段,.13,都市：住,10000,47,持分移轉,00480001
RPSSMLSJQHOFFFK97CB,仁愛段,.13,都市：住,10000,47,持分移轉,00480001
RPUSMLSJQHOFFFK18CB,仁愛段,.13,都市：住,10000,47,持分移轉,00480001
RPPSMLSJQHOFFFK67CB,仁愛段,.13,都市：住,10000,47,持分移轉,00480001
RPVSMLSJQHOFFFK28CB,仁愛段,.13,都市：住,10000,47,持分移轉,00480001
RPWSMLSJQHOFFFK38CB,仁愛段,.13,都市：住,10000,47,持分移轉,00480001
RPPTMLSJQHOFFFK77CB,仁愛段,.13,都市：住,10000,47,持分移轉,00480001
RPQTMLSJQHOFFFK87CB,仁愛段,.13,都市：住,10000,47,持分移轉,00480001
RPXSMLSJQHOFFFK48CB,仁愛段,.13,都市：住,10000,47,持分移轉,00480001
RPOTMLSJQHOFFFK67CB,仁愛段,.13,都市：住,10000,47,持分移轉,00480001
RPSTMLSJQHOFFFK08CB,仁愛段,.09,都市：住,10000,34,持分移轉,00480001
RPRTMLSJQHOFFFK97CB,仁愛段,.13,都市：住,10000,47,持分移轉,00480001
RPTTMLSJQHOFFFK18CB,仁愛段,.13,都市：住,10000,47,持分移轉,00480001
RPUTMLSJQHOFFFK28CB,仁愛段,.13,都市：住,10000,47,持分移轉,00480001
RPVTMLSJQHOFFFK38CB,仁愛段,.13,都市：住,10000,47,持分移轉,00480001
RPWTMLSJQHOFFFK48CB,仁愛段,.13,都市：住,10000,47,持分移轉,00480001
RPXTMLSJQHOFFFK58CB,仁愛段,.13,都市：住,10000,47,持分移轉,00480001
RPOUMLSJQHOFFFK77CB,仁愛段,.13,都市：住,10000,47,持分移轉,00480001
RPPUMLSJQHOFFFK87CB,仁愛段,.13,都市：住,10000,47,持分移轉,00480001
RPQUMLSJQHOFFFK97CB,仁愛段,.13,都市：住,10000,47,持分移轉,00480001
RPVUMLSJQHOFFFK48CB,仁愛段,.07,都市：住,10000,34,持分移轉,00480001
RPUUMLSJQHOFFFK38CB,仁愛段,.07,都市：住,10000,34,持分移轉,00480001
RPWUMLSJQHOFFFK58CB,仁愛段,.07,都市：住,10000,34,持分移轉,00480001
RPTUMLSJQHOFFFK28CB,仁愛段,.07,都市：住,10000,34,持分移轉,00480001
RPPVMLSJQHOFFFK97CB,仁愛段,.07,都市：住,10000,34,持分移轉,00480001
RPRUMLSJQHOFFFK08CB,仁愛段,.07,都市：住,10000,34,持分移轉,00480001
RPSUMLSJQHOFFFK18CB,仁愛段,.07,都市：住,10000,34,持分移轉,00480001
RPOVMLSJQHOFFFK87CB,仁愛段,.07,都市：住,10000,34,持分移轉,00480001
RPXUMLSJQHOFFFK68CB,仁愛段,.07,都市：住,10000,34,持分移轉,00480001
RPQVMLSJQHOFFFK08CB,仁愛段,.07,都市：住,10000,34,持分移轉,00480001
RPUVMLSJQHOFFFK48CB,仁愛段,.07,都市：住,10000,34,持分移轉,00480001
RPRVMLSJQHOFFFK18CB,仁愛段,.07,都市：住,10000,34,持分移轉,00480001
RPSVMLSJQHOFFFK28CB,仁愛段,.07,都市：住,10000,34,持分移轉,00480001
RPTVMLSJQHOFFFK38CB,仁愛段,.07,都市：住,10000,34,持分移轉,00480001
RPSWMLSJQHOFFFK38CB,仁愛段,.11,都市：住,10000,43,持分移轉,00480001
RPVVMLSJQHOFFFK58CB,仁愛段,.07,都市：住,10000,34,持分移轉,00480001
RPRWMLSJQHOFFFK28CB,仁愛段,.06,都市：住,10000,33,持分移轉,00480001
RPPWMLSJQHOFFFK08CB,仁愛段,.07,都市：住,10000,34,持分移轉,00480001
RPXVMLSJQHOFFFK78CB,仁愛段,.07,都市：住,10000,34,持分移轉,00480001
RPUWMLSJQHOFFFK58CB,仁愛段,.11,都市：住,10000,43,持分移轉,00480001
RPWVMLSJQHOFFFK68CB,仁愛段,.07,都市：住,10000,34,持分移轉,00480001
RPOWMLSJQHOFFFK97CB,仁愛段,.07,都市：住,10000,34,持分移轉,00480001
RPTWMLSJQHOFFFK48CB,仁愛段,.11,都市：住,10000,43,持分移轉,00480001
RPQWMLSJQHOFFFK18CB,仁愛段,.07,都市：住,10000,34,持分移轉,00480001
RPXWMLSJQHOFFFK88CB,仁愛段,.07,都市：住,10000,34,持分移轉,00480001
RPVWMLSJQHOFFFK68CB,仁愛段,.11,都市：住,10000,43,持分移轉,00480001
RPPNNLSJQHOFFFK27CB,仁愛段,.07,都市：住,10000,34,持分移轉,00480001
RPTNNLSJQHOFFFK67CB,仁愛段,.11,都市：住,10000,43,持分移轉,00480001
RPQNNLSJQHOFFFK37CB,仁愛段,.07,都市：住,10000,34,持分移轉,00480001
RPWWMLSJQHOFFFK78CB,仁愛段,.07,都市：住,10000,34,持分移轉,00480001
RPONNLSJQHOFFFK17CB,仁愛段,.07,都市：住,10000,34,持分移轉,00480001
RPSNNLSJQHOFFFK57CB,仁愛段,.11,都市：住,10000,43,持分移轉,00480001
RPRNNLSJQHOFFFK47CB,仁愛段,.11,都市：住,10000,43,持分移轉,00480001
RPVNNLSJQHOFFFK87CB,仁愛段,.11,都市：住,10000,43,持分移轉,00480001
RPUNNLSJQHOFFFK77CB,仁愛段,.11,都市：住,10000,43,持分移轉,00480001
RPWNNLSJQHOFFFK97CB,仁愛段,.11,都市：住,10000,43,持分移轉,00480001
RPXNNLSJQHOFFFK08CB,仁愛段,.11,都市：住,10000,43,持分移轉,00480001
RPPONLSJQHOFFFK37CB,仁愛段,.11,都市：住,10000,43,持分移轉,00480001
RPOONLSJQHOFFFK27CB,仁愛段,.11,都市：住,10000,43,持分移轉,00480001
RPQONLSJQHOFFFK47CB,仁愛段,.11,都市：住,10000,43,持分移轉,00480001
RPRONLSJQHOFFFK57CB,仁愛段,.11,都市：住,10000,43,持分移轉,00480001
RPUONLSJQHOFFFK87CB,仁愛段,.11,都市：住,10000,43,持分移轉,00480001
RPSONLSJQHOFFFK67CB,仁愛段,.08,都市：住,10000,36,持分移轉,00480001
RPTONLSJQHOFFFK77CB,仁愛段,.11,都市：住,10000,43,持分移轉,00480001
RPUPNLSJQHOFFFK97CB,仁愛段,.11,都市：住,10000,43,持分移轉,00480001
RPRPNLSJQHOFFFK67CB,仁愛段,.11,都市：住,10000,43,持分移轉,00480001
RPSPNLSJQHOFFFK77CB,仁愛段,.11,都市：住,10000,43,持分移轉,00480001
RPXONLSJQHOFFFK18CB,仁愛段,.11,都市：住,10000,43,持分移轉,00480001
RPPPNLSJQHOFFFK47CB,仁愛段,.11,都市：住,10000,43,持分移轉,00480001
RPTPNLSJQHOFFFK87CB,仁愛段,.13,都市：住,10000,47,持分移轉,00480001
RPQPNLSJQHOFFFK57CB,仁愛段,.11,都市：住,10000,43,持分移轉,00480001
RPVONLSJQHOFFFK97CB,仁愛段,.11,都市：住,10000,43,持分移轉,00480001
RPOPNLSJQHOFFFK37CB,仁愛段,.11,都市：住,10000,43,持分移轉,00480001
RPWONLSJQHOFFFK08CB,仁愛段,.11,都市：住,10000,43,持分移轉,00480001
RPWPNLSJQHOFFFK18CB,仁愛段,.11,都市：住,10000,43,持分移轉,00480001
RPVPNLSJQHOFFFK08CB,仁愛段,.14,都市：住,10000,49,持分移轉,00480001
RPUQNLSJQHOFFFK08CB,仁愛段,.13,都市：住,10000,47,持分移轉,00480001
RPXPNLSJQHOFFFK28CB,仁愛段,.13,都市：住,10000,47,持分移轉,00480001
RPOQNLSJQHOFFFK47CB,仁愛段,.13,都市：住,10000,47,持分移轉,00480001
RPPQNLSJQHOFFFK57CB,仁愛段,.13,都市：住,10000,47,持分移轉,00480001
RPQQNLSJQHOFFFK67CB,仁愛段,.13,都市：住,10000,47,持分移轉,00480001
RPRQNLSJQHOFFFK77CB,仁愛段,.13,都市：住,10000,47,持分移轉,00480001
RPSQNLSJQHOFFFK87CB,仁愛段,.14,都市：住,10000,49,持分移轉,00480001
RPTQNLSJQHOFFFK97CB,仁愛段,.14,都市：住,10000,49,持分移轉,00480001
RPVQNLSJQHOFFFK18CB,仁愛段,.13,都市：住,10000,47,持分移轉,00480001
RPRRNLSJQHOFFFK87CB,仁愛段,.13,都市：住,10000,47,持分移轉,00480001
RPQRNLSJQHOFFFK77CB,仁愛段,.14,都市：住,10000,49,持分移轉,00480001
RPXQNLSJQHOFFFK38CB,仁愛段,.13,都市：住,10000,47,持分移轉,00480001
RPURNLSJQHOFFFK18CB,仁愛段,.13,都市：住,10000,47,持分移轉,00480001
RPORNLSJQHOFFFK57CB,仁愛段,.14,都市：住,10000,49,持分移轉,00480001
RPSRNLSJQHOFFFK97CB,仁愛段,.13,都市：住,10000,47,持分移轉,00480001
RPTRNLSJQHOFFFK08CB,仁愛段,.13,都市：住,10000,47,持分移轉,00480001
RPPRNLSJQHOFFFK67CB,仁愛段,.14,都市：住,10000,49,持分移轉,00480001
RPWRNLSJQHOFFFK38CB,仁愛段,.13,都市：住,10000,47,持分移轉,00480001
RPVRNLSJQHOFFFK28CB,仁愛段,.13,都市：住,10000,46,持分移轉,00480001
RPPSNLSJQHOFFFK77CB,仁愛段,.13,都市：住,10000,47,持分移轉,00480001
RPVSNLSJQHOFFFK38CB,仁愛段,.13,都市：住,10000,47,持分移轉,00480001
RPOSNLSJQHOFFFK67CB,仁愛段,.13,都市：住,10000,47,持分移轉,00480001
RPQSNLSJQHOFFFK87CB,仁愛段,.13,都市：住,10000,47,持分移轉,00480001
RPRSNLSJQHOFFFK97CB,仁愛段,.13,都市：住,10000,47,持分移轉,00480001
RPTSNLSJQHOFFFK18CB,仁愛段,.13,都市：住,10000,47,持分移轉,00480001
RPUSNLSJQHOFFFK28CB,仁愛段,.13,都市：住,10000,47,持分移轉,00480001
RPWSNLSJQHOFFFK48CB,仁愛段,.13,都市：住,10000,47,持分移轉,00480001
RPOTNLSJQHOFFFK77CB,仁愛段,.14,都市：住,10000,49,持分移轉,00480001
RPPTNLSJQHOFFFK87CB,仁愛段,.13,都市：住,10000,47,持分移轉,00480001
RPSTNLSJQHOFFFK18CB,仁愛段,.13,都市：住,10000,47,持分移轉,00480001
RPXSNLSJQHOFFFK58CB,仁愛段,.14,都市：住,10000,49,持分移轉,00480001
RPTTNLSJQHOFFFK28CB,仁愛段,.14,都市：住,10000,49,持分移轉,00480001
RPWTNLSJQHOFFFK58CB,仁愛段,.14,都市：住,10000,49,持分移轉,00480001
RPVTNLSJQHOFFFK48CB,仁愛段,.14,都市：住,10000,49,持分移轉,00480001
RPUTNLSJQHOFFFK38CB,仁愛段,.14,都市：住,10000,49,持分移轉,00480001
RPXTNLSJQHOFFFK68CB,仁愛段,.14,都市：住,10000,49,持分移轉,00480001
RPRTNLSJQHOFFFK08CB,仁愛段,.13,都市：住,10000,47,持分移轉,00480001
RPQTNLSJQHOFFFK97CB,仁愛段,.13,都市：住,10000,47,持分移轉,00480001
RPQUNLSJQHOFFFK08CB,仁愛段,.13,都市：住,10000,47,持分移轉,00480001
RPSUNLSJQHOFFFK28CB,仁愛段,.13,都市：住,10000,47,持分移轉,00480001
RPOUNLSJQHOFFFK87CB,仁愛段,.13,都市：住,10000,47,持分移轉,00480001
RPRUNLSJQHOFFFK18CB,仁愛段,.13,都市：住,10000,47,持分移轉,00480001
RPPUNLSJQHOFFFK97CB,仁愛段,.13,都市：住,10000,47,持分移轉,00480001
