﻿編號,屋齡,建物移轉面積平方公尺,主要用途,主要建材,建築完成日期,總層數,建物分層
The serial number,room age,building shifting area square meter,the main use,main building materials,construction completes the date,total layer,building lamination
RPSOMLNKNHOFFAO86CC,29,21.32,住家用,鋼筋混凝土造,79年7月13日,五層,
RPSOMLNKNHOFFAO86CC,29,9.32,共有部分,鋼筋混凝土造,79年7月13日,五層,
RPROMLOKNHOFFAO86CC,,72.00,住家用,鋼筋混凝土造,,五層,
RPROMLNKNHOFFAO76CC,3,315.00,辦公室,鋼筋混凝土造,105年10月4日,三十層,
RPSOMLOKNHOFFAO96CC,38,68.94,商業用,鋼筋混凝土造,70年4月2日,五層,
RPSOMLOKNHOFFAO96CC,,6.70,共有部分,鋼筋混凝土造,,五層,
RPWOMLNKNHOFFAO27CC,11,59.50,集合住宅,鋼筋混凝土造、鋼骨造,96年12月17日,十二層,
RPROMLRKNHOFFAO17CC,27,48.56,住家用,鋼筋混凝土造,81年7月21日,五層,
RPROMLRKNHOFFAO17CC,27,6.93,共有部分,鋼筋混凝土造,81年7月21日,五層,
RPOOMLKLNHOFFAO88CC,23,108.87,住家用,鋼筋混凝土造,85年11月9日,七層,
RPQNMLRKNHOFFAO96CC,28,24.26,見使用執照,鋼筋混凝土造,80年7月30日,十二層,
RPQNMLRKNHOFFAO96CC,28,8.03,共有部分,鋼筋混凝土造,80年7月30日,十二層,
RPQNMLRKNHOFFAO96CC,28,2.71,共有部分,鋼筋混凝土造,80年7月30日,000,
RPUOMLOKNHOFFAO17CC,10,23.69,辦公室,鋼筋混凝土造,97年12月30日,十層,
RPUOMLOKNHOFFAO17CC,10,7.47,樓梯間,鋼筋混凝土造,97年12月30日,十層,
RPUOMLOKNHOFFAO17CC,10,5.74,防空避難室兼停車空間、樓梯間、水箱,鋼筋混凝土造,97年12月30日,十層,
RPVOMLPKNHOFFAO37CC,24,217.23,避難室、人行道、店舖、住宅,鋼筋混凝土造,84年7月12日,七層,
RPXOMLOKNHOFFAO47CC,41,46.44,住家用,鋼筋混凝土造,67年3月1日,四層,
RPPOMLPKNHOFFAO76CC,3,162.61,集合住宅,鋼筋混凝土造,104年10月30日,二十四層,
RPPOMLPKNHOFFAO76CC,3,29.45,共有部分,鋼筋混凝土造,104年10月30日,二十四層,
RPPOMLPKNHOFFAO76CC,3,48.80,共有部分,鋼筋混凝土造,104年10月30日,二十四層,
RPPNMLRKNHOFFAO86CC,,243.08,商業用,鋼筋混凝土造,,十二層,
RPPNMLRKNHOFFAO86CC,,100.80,共有部分,鋼筋混凝土造,,十二層,
RPTOMLOKNHOFFAO07CC,,96.74,住家用,鋼筋混凝土造,,五層,
RPRNMLMLNHOFFAO66CC,8,94.19,集合住宅,鋼筋混凝土造,100年3月24日,十二層,
RPRNMLMLNHOFFAO66CC,8,28.91,共有部分,鋼筋混凝土造,100年3月24日,十二層,
RPRNMLMLNHOFFAO66CC,8,14.05,共有部分,鋼筋混凝土造,100年3月24日,十二層,
RPXPMLKMNHOFFAO37CC,1,101.51,策略性產業辦公室,鋼筋混凝土造,106年12月8日,十五層,
RPXPMLKMNHOFFAO37CC,1,.05,店舖,鋼筋混凝土造,106年12月8日,十五層,
RPXPMLKMNHOFFAO37CC,1,25.55,共有部分,鋼筋混凝土造,106年12月8日,十五層,
RPXPMLKMNHOFFAO37CC,1,3.52,共有部分,鋼筋混凝土造,106年12月8日,十五層,
RPXPMLKMNHOFFAO37CC,1,36.41,共有部分,鋼筋混凝土造,106年12月8日,十五層,
RPPOMLNLNHOFFAO66CC,21,96.73,住宅,鋼筋混凝土造,87年4月10日,十二層,
RPPOMLNLNHOFFAO66CC,21,19.80,國民住宅、突出物、梯間,鋼筋混凝土造,87年4月10日,十二層,
RPPOMLNLNHOFFAO66CC,21,25.10,國民住宅、地下室、夾層,鋼筋混凝土造,87年4月10日,十二層,
RPPOMLNLNHOFFAO66CC,21,.32,店舖,鋼筋混凝土造,87年4月10日,十二層,
RPPOMLNLNHOFFAO66CC,21,.21,店舖,鋼筋混凝土造,87年4月10日,十二層,
RPPOMLNLNHOFFAO66CC,21,.05,國民住宅、突出物、梯間,鋼筋混凝土造,87年4月10日,十二層,
RPPOMLNLNHOFFAO66CC,21,.07,國民住宅、突出物、梯間,鋼筋混凝土造,87年4月10日,十二層,
RPPPMLNJOHOFFAO66CC,3,67.95,集合住宅,鋼筋混凝土造,104年12月7日,八層,
RPPPMLNJOHOFFAO66CC,3,13.21,共有部分,鋼筋混凝土造,104年12月7日,八層,
RPPPMLNJOHOFFAO66CC,3,51.61,共有部分,鋼筋混凝土造,104年12月7日,八層,
RPWOMLNJOHOFFAO27CC,,48.03,住家用,鋼筋混凝土造,,七層,
RPWOMLNJOHOFFAO27CC,28,10.16,共有部分,鋼筋混凝土造,80年1月12日,七層,
RPUNMLPJOHOFFAO37EC,23,75.72,商業用,鋼筋混凝土造,85年1月31日,十四層,
RPTRMLNKOHOFFAO57EC,4,80.75,集合住宅,鋼筋混凝土造,104年9月15日,五層,
RPROMLPJOHOFFAO96CC,4,59.42,集合住宅,鋼筋混凝土造,104年4月22日,七層,
RPROMLPJOHOFFAO96CC,4,43.03,共有部分,鋼筋混凝土造,104年4月22日,七層,
RPXOMLLKOHOFFAO27CC,4,97.58,集合住宅,鋼筋混凝土造,104年5月25日,二十二層,
RPXOMLLKOHOFFAO27CC,4,98.28,共有部分,鋼筋混凝土造,104年5月25日,二十二層,
RPWOMLLKOHOFFAO17CC,8,127.83,集合住宅,鋼筋混凝土造,100年11月21日,二十四層,
RPWOMLLKOHOFFAO17CC,8,22.18,共有部分,鋼筋混凝土造,100年11月21日,二十四層,
RPWOMLLKOHOFFAO17CC,8,32.77,共有部分,鋼筋混凝土造,100年11月21日,二十四層,
RPRSMLKKOHOFFAO96CC,,70.82,住家用,加強磚造,,二層,
RPPSMLPJOHOFFAO17CC,,2.41,共有部分,鋼筋混凝土造,,七層,
RPPSMLPJOHOFFAO17CC,,34.27,住家用,鋼筋混凝土造,,七層,
RPPSMLPJOHOFFAO17CC,,7.70,共有部分,鋼筋混凝土造,,七層,
RPSRMLNJOHOFFAO17CC,12,25.84,機電空間、辦公室,鋼筋混凝土造,96年6月6日,十層,
RPOSMLPJOHOFFAO07CC,42,95.76,住家用,鋼筋混凝土造,66年2月10日,四層,
RPQPMLNJOHOFFAO76CC,38,128.39,住家用,鋼筋混凝土造,70年4月2日,五層,
RPQPMLNJOHOFFAO76CC,,1.48,共有部分,鋼筋混凝土造,,五層,
RPPRMLNJOHOFFAO86CC,,75.90,住家用,鋼筋混凝土造,,五層,
RPROMLSKOHOFFAO37CC,22,100.87,住家用,鋼筋混凝土造,86年2月4日,十二層,
RPROMLSKOHOFFAO37CC,22,31.44,公共設施停車空間,鋼筋混凝土造,86年2月4日,十二層,
RPRSMLQLOHOFFAO67CC,21,89.33,住宅,鋼筋混凝土造,87年4月10日,十二層,
RPRSMLQLOHOFFAO67CC,21,.30,店舖,鋼筋混凝土造,87年4月10日,十二層,
RPRSMLQLOHOFFAO67CC,21,.19,店舖,鋼筋混凝土造,87年4月10日,十二層,
RPRSMLQLOHOFFAO67CC,21,16.51,國民住宅、突出物、梯間,鋼筋混凝土造,87年4月10日,十二層,
RPRSMLQLOHOFFAO67CC,21,.06,國民住宅、突出物、梯間,鋼筋混凝土造,87年4月10日,十二層,
RPRSMLQLOHOFFAO67CC,21,.04,國民住宅、突出物、梯間,鋼筋混凝土造,87年4月10日,十二層,
RPRSMLQLOHOFFAO67CC,21,22.43,國民住宅、地下室、夾層,鋼筋混凝土造,87年4月10日,十二層,
RPTPMLTKOHOFFAO77CC,,113.57,住家用,鋼筋混凝土造,,三層,
RPWNMLSKOHOFFAO77CC,35,75.90,住家用,鋼筋混凝土造,73年5月23日,五層,
RPTPMLSKOHOFFAO67CC,23,136.55,住家用,鋼筋混凝土造,85年2月14日,十六層,
RPTPMLSKOHOFFAO67CC,23,26.38,共有部分,鋼筋混凝土造,85年2月14日,十八層,
RPTPMLSKOHOFFAO67CC,23,47.64,共有部分,鋼筋混凝土造,85年2月14日,十八層,
RPVNMLOLOHOFFAO57EC,4,95.82,集合住宅,鋼筋混凝土造,104年7月20日,十三層,
RPTNMLQLOHOFFAO57EC,11,88.08,集合住宅,鋼筋混凝土造,96年12月20日,十三層,
RPTNMLQLOHOFFAO57EC,11,16.53,防空避難室兼停車空間、停車空間、廣場式頂蓋型開放空間、沿街步道式頂蓋型開放空間、管理員室、集合住宅,鋼筋混凝土造,96年12月20日,十三層,
RPTNMLQLOHOFFAO57EC,11,18.32,集合住宅、梯間、機械室、水箱,鋼筋混凝土造,96年12月20日,十三層,
RPQNMLRLOHOFFAO17CC,7,104.69,集合住宅,鋼筋混凝土造,101年10月15日,二十五層,
RPQNMLRLOHOFFAO17CC,7,21.35,共有部分,鋼筋混凝土造,101年10月15日,二十五層,
RPQNMLRLOHOFFAO17CC,7,27.85,共有部分,鋼筋混凝土造,101年10月15日,二十五層,
RPSNMLRLOHOFFAO37CC,7,102.00,集合住宅,鋼筋混凝土造,101年10月15日,二十層,
RPSNMLRLOHOFFAO37CC,7,21.13,共有部分,鋼筋混凝土造,101年10月15日,二十五層,
RPSNMLRLOHOFFAO37CC,7,27.59,共有部分,鋼筋混凝土造,101年10月15日,二十五層,
RPPPMLNJPHOFFAO76CC,25,96.79,住家用,鋼筋混凝土造,83年5月30日,七層,
RPPPMLNJPHOFFAO76CC,25,11.14,共有部分,鋼筋混凝土造,83年5月30日,七層,
RPPPMLNJPHOFFAO76CC,25,16.29,共有部分,鋼筋混凝土造,83年5月30日,七層,
RPRPMLNJPHOFFAO96CC,13,32.37,辦公室,鋼筋混凝土造,95年7月1日,九層,
RPRPMLNJPHOFFAO96CC,13,7.63,梯間,鋼筋混凝土造,95年7月1日,九層,
RPRPMLNJPHOFFAO96CC,13,12.74,防空避難室兼停車空間、警衛室,鋼筋混凝土造,95年7月1日,九層,
RPSOMLNJPHOFFAO17EC,42,65.96,住家用,鋼筋混凝土造,66年9月21日,四層,
RPWNMLPJPHOFFAO47CC,7,137.86,集合住宅,鋼筋混凝土造,101年7月10日,二十二層,
RPWNMLPJPHOFFAO47CC,7,100.25,共有部分,鋼筋混凝土造,101年7月10日,二十五層,
RPOSMLPJPHOFFAO17CC,12,92.31,集合住宅,鋼骨鋼筋混凝土造,96年7月3日,二十八層,
RPOSMLPJPHOFFAO17CC,12,11.15,防空避難室兼停車空間、管理室、門廳、公共設施,鋼骨鋼筋混凝土造,96年7月3日,二十八層,
RPOSMLPJPHOFFAO17CC,12,19.62,梯間、機房、水箱,鋼骨鋼筋混凝土造,96年7月3日,二十八層,
RPOSMLPJPHOFFAO17CC,12,.27,Ｙ中繼水箱,鋼骨鋼筋混凝土造,96年7月3日,二十八層,
RPRPMLSKOHOFFAO57DC,11,202.76,停車空間、店舖、辦公室,鋼骨造,97年11月10日,三層,
RPTOMLSKOHOFFAO67DC,12,87.36,集合住宅,鋼筋混凝土造,95年12月20日,十三層,
RPTOMLSKOHOFFAO67DC,12,18.59,停車空間、開放空間、防空避難室,鋼筋混凝土造,95年12月20日,十三層,
RPTOMLSKOHOFFAO67DC,12,12.24,樓梯間,鋼筋混凝土造,95年12月20日,十三層,
RPTOMLSKOHOFFAO67DC,12,.01,管理室,鋼筋混凝土造,95年12月20日,十三層,
RPTOMLSKOHOFFAO67DC,12,21.68,停車空間、開放空間、防空避難室,鋼筋混凝土造,95年12月20日,十三層,
RPPOMLSKOHOFFAO27DC,11,103.56,商務住宅,鋼筋混凝土造,97年10月22日,十四層,
RPPOMLSKOHOFFAO27DC,11,18.48,梯間、水箱、昇降機房,鋼筋混凝土造,97年10月22日,十四層,
RPPOMLSKOHOFFAO27DC,11,25.60,防空避難室兼停車空間、開放空間、發電機房、台電配電室、電信室、污水機房、消防機械室,鋼筋混凝土造,97年10月22日,十四層,
RPPOMLSKOHOFFAO27DC,11,.03,守衛室,鋼筋混凝土造,97年10月22日,十四層,
RPPOMLSKOHOFFAO27DC,11,.00,梯間、水箱、昇降機房,鋼筋混凝土造,97年10月22日,十四層,
RPPOMLSKOHOFFAO27DC,11,26.51,防空避難室兼停車空間、開放空間、發電機房、台電配電室、電信室、污水機房、消防機械室,鋼筋混凝土造,97年10月22日,十四層,
RPRUMLRLOHOFFAO97CC,13,85.92,集合住宅,鋼筋混凝土造,95年2月17日,十二層,
RPRUMLRLOHOFFAO97CC,13,35.16,防空避難室、停車空間,鋼筋混凝土造,95年2月17日,十二層,
RPRUMLRLOHOFFAO97CC,13,.06,集合住宅,鋼筋混凝土造,95年2月17日,十二層,
RPRUMLRLOHOFFAO97CC,12,9.31,餐廳、停車場、商場、飲食店、門廳,鋼骨鋼筋混凝土造,96年6月28日,二層,
RPVNMLRLOHOFFAO67CC,7,128.40,集合住宅,鋼筋混凝土造,101年10月15日,二十五層,
RPVNMLRLOHOFFAO67CC,7,27.19,共有部分,鋼筋混凝土造,101年10月15日,二十五層,
RPVNMLRLOHOFFAO67CC,7,27.06,共有部分,鋼筋混凝土造,101年10月15日,二十五層,
RPTNMLRLOHOFFAO47CC,10,84.32,集合住宅,鋼筋混凝土造,98年6月17日,十四層,
RPTNMLRLOHOFFAO47CC,10,17.09,防空避難室兼停車空間、梯間、消防浦泵室、汙水機房、蓄水池、發電機房、台電受電室、電信室、開放空間、公共服務空間、管理空間、垃圾處理室,鋼筋混凝土造,98年6月17日,,
RPTNMLRLOHOFFAO47CC,10,1.80,梯間、機房、水箱,鋼筋混凝土造,98年6月17日,十四層,
RPOPMLSLOHOFFAO27CC,,75.90,住家用,鋼筋混凝土造,,五層,
RPUOMLNJPHOFFAO17CC,27,71.20,見使用執照,鋼筋混凝土造,80年12月16日,五層,
RPUOMLNJPHOFFAO17CC,27,8.58,共有部分,鋼筋混凝土造,80年12月16日,八層,
RPUNMLRLOHOFFAO57CC,12,102.57,集合住宅,鋼骨鋼筋混凝土造,96年7月3日,二十八層,
RPUNMLRLOHOFFAO57CC,12,12.40,防空避難室兼停車空間、管理室、門廳、公共設施,鋼骨鋼筋混凝土造,96年7月3日,二十八層,
RPUNMLRLOHOFFAO57CC,12,23.31,梯間、機房、水箱,鋼骨鋼筋混凝土造,96年7月3日,二十八層,
RPUNMLRLOHOFFAO57CC,12,.43,Ｘ中繼水箱,鋼骨鋼筋混凝土造,96年7月3日,二十八層,
RPRNMLKKPHOFFAO76EC,,479.85,避難室、工廠、單身員工宿舍、庫房,鋼筋混凝土造,,2,
RPSQMLKKPHOFFAO17EC,,42.58,住商用,加強磚造,,二層,
RPPNMLMLPHOFFAO66CC,8,91.10,策略性產業辦公室,鋼筋混凝土造,100年7月18日,十四層,
RPPNMLMLPHOFFAO66CC,8,16.74,共有部分,鋼筋混凝土造,100年7月18日,十四層,
RPPNMLMLPHOFFAO66CC,8,53.63,共有部分,鋼筋混凝土造,100年7月18日,十四層,
RPPNMLMLPHOFFAO66CC,8,.02,守衛室,鋼筋混凝土造,100年7月18日,十四層,
RPPNMLMLPHOFFAO66CC,8,.00,共有部分,鋼筋混凝土造,100年7月18日,十四層,
RPPPMLTKPHOFFAO47CC,12,59.50,集合住宅,鋼筋混凝土造、鋼骨造,96年12月17日,十二層,
RPPPMLQLPHOFFAO27CC,10,85.36,策略性產業辦公室,鋼筋混凝土造,98年6月1日,十五層,
RPPPMLQLPHOFFAO27CC,10,16.49,梯間、水箱、昇降機房,鋼筋混凝土造,98年6月1日,十五層,
RPPPMLQLPHOFFAO27CC,10,19.75,防空避難室兼停車空間、消防機械室、污水機房、台電配電室、電信室、開放空間、發電機室,鋼筋混凝土造,98年6月1日,十五層,
RPSNMLKMPHOFFAO86CC,5,130.12,集合住宅,鋼筋混凝土造,103年11月17日,二十五層,
RPSNMLKMPHOFFAO86CC,5,29.67,共有部分,鋼筋混凝土造,103年11月17日,二十五層,
RPSNMLKMPHOFFAO86CC,5,35.88,共有部分,鋼筋混凝土造,103年11月17日,二十七層,
RPPNMLLJQHOFFAO09CC,11,32.25,辦公室,鋼筋混凝土造,97年12月30日,十層,
RPPNMLLJQHOFFAO09CC,11,7.46,樓梯間,鋼筋混凝土造,97年12月30日,十層,
RPPNMLLJQHOFFAO09CC,11,7.93,防空避難室兼停車空間、樓梯間、水箱,鋼筋混凝土造,97年12月30日,十層,
RPQOMLKMPHOFFAO76CC,28,52.93,辦公室,鋼筋混凝土造,80年7月8日,十六層,
RPQOMLKMPHOFFAO76CC,28,11.78,共有部分,鋼筋混凝土造,80年7月8日,十六層,
RPTQMLMJQHOFFAO27CC,27,50.16,住家用,鋼筋混凝土造,81年9月19日,十層,
RPTQMLMJQHOFFAO27CC,27,11.40,住家用,鋼筋混凝土造,81年9月19日,十層,
RPXQMLMJQHOFFAO67CC,21,87.48,國民住宅,鋼筋混凝土造,87年5月30日,八層,
RPXQMLMJQHOFFAO67CC,21,8.99,共有部分,鋼筋混凝土造,87年5月30日,八層,
RPXQMLMJQHOFFAO67CC,21,13.39,共有部分,鋼筋混凝土造,87年5月30日,八層,
RPWQMLMJQHOFFAO57CC,,20.99,共有部分,鋼筋混凝土造,,七層,
RPWQMLMJQHOFFAO57CC,,13.18,共有部分,鋼筋混凝土造,,一層,
RPWQMLMJQHOFFAO57CC,,80.96,住家用,鋼筋混凝土造,,七層,
RPSOMLMJQHOFFAO17EC,14,234.12,店舖、住宅、停車空間,鋼筋混凝土造,94年7月30日,四層,
RPUOMLMJQHOFFAO37EC,13,23.76,辦公室,鋼筋混凝土造,95年7月1日,九層,
RPUOMLMJQHOFFAO37EC,13,5.57,梯間,鋼筋混凝土造,95年7月1日,九層,
RPUOMLMJQHOFFAO37EC,13,21.19,防空避難室兼停車空間、警衛室,鋼筋混凝土造,95年7月1日,九層,
RPUNMLNJQHOFFAO17CC,38,80.27,住家用,鋼筋混凝土造,70年11月18日,五層,
RPVNMLOJQHOFFAO37CC,11,28.04,辦公室,鋼筋混凝土造,97年7月30日,十層,
RPVNMLOJQHOFFAO37CC,11,16.72,防空避難室、停車空間、水箱、梯間、機械室,鋼筋混凝土造,97年7月30日,十層,
RPXNMLOJQHOFFAO57CC,12,27.89,機電空間、辦公室,鋼筋混凝土造,96年6月6日,十層,
RPXNMLOJQHOFFAO57CC,12,13.41,防空避難室兼停車空間、車道、梯間、機械室、水箱,鋼筋混凝土造,96年6月6日,十層,
RPOOMLOJQHOFFAO76CC,26,30.83,住家用,鋼筋混凝土造,82年6月2日,七層,
RPOOMLOJQHOFFAO76CC,26,10.56,共有部分,鋼筋混凝土造,82年6月2日,七層,
RPVNMLPJQHOFFAO47CC,40,101.70,住家用,加強磚造,68年11月7日,二層,
RPOQMLRJQHOFFAO27CC,9,64.53,辦公室,鋼筋混凝土造,99年4月12日,七層,
RPOQMLRJQHOFFAO27CC,9,27.43,防空避難室兼停車空間、電信室受電室、消防設備機房、梯間、機械室、水箱,鋼筋混凝土造,99年4月12日,七層,
RPVPMLKKPHOFFAO17CC,,50.55,住家用,鋼筋混凝土造,,四層,
RPSPMLPJQHOFFAO37CC,28,91.26,住家用,鋼筋混凝土造,80年7月26日,五層,
RPSPMLPJQHOFFAO37CC,28,38.74,共有部分,鋼筋混凝土造,80年7月26日,五層,
RPOQMLKKPHOFFAO56CC,16,84.14,住家用,鋼筋混凝土造,92年5月30日,十二層,
RPOQMLKKPHOFFAO56CC,16,29.72,防空避難室、停車空間,鋼筋混凝土造,92年5月30日,十二層,
RPSPMLTJPHOFFAO67CC,28,37.08,住家用,鋼筋混凝土造,80年7月30日,十二層,
RPSPMLTJPHOFFAO67CC,28,14.32,共有部分,鋼筋混凝土造,80年7月30日,十二層,
RPSPMLTJPHOFFAO67CC,28,4.44,共有部分,鋼筋混凝土造,80年7月30日,000,
RPRPMLSJPHOFFAO47CC,11,35.28,集合住宅,鋼筋混凝土造,96年12月28日,十一層,
RPRPMLSJPHOFFAO47CC,11,7.87,集合住宅,鋼筋混凝土造,96年12月28日,十一層,
RPRPMLSJPHOFFAO47CC,11,6.90,梯間，機房，水箱,鋼筋混凝土造,96年12月28日,十一層,
RPSNMLPKPHOFFAO17CC,22,26.59,住家用,鋼筋混凝土造,86年2月17日,十二層,
RPSNMLPKPHOFFAO17CC,22,5.17,梯間,鋼筋混凝土造,86年2月17日,十二層,
RPSNMLPKPHOFFAO17CC,22,3.76,避難室兼停車空間,鋼筋混凝土造,86年2月17日,十二層,
RPPQMLKKPHOFFAO66CC,,129.68,住家用,加強磚造,,二層,
RPUNMLLKPHOFFAO07DC,23,82.94,住家用,鋼筋混凝土造,85年6月28日,六層,
RPUNMLLKPHOFFAO07DC,23,28.89,共有部分,鋼筋混凝土造,85年6月28日,六層,
RPQOMLSJQHOFFAO57EC,27,30.47,住家用,鋼筋混凝土造,81年3月31日,七層,
RPQOMLSJQHOFFAO57EC,27,11.90,共有部分,鋼筋混凝土造,81年3月31日,000,
