﻿編號,土地位置,土地移轉面積(平方公尺),使用分區或編定,權利人持分分母,權利人持分分子,移轉情形,地號
The serial number, land position,land shifting area square meter,the use zoning or compiles and checks,,,,land parcel
RPQNMLNKOHOFFBQ96CC,德安段,117.00,都市：住,,,,06520006
RPUNMLQLOHOFFCQ97DC,潭底段潭底小段,36.48,都市：住,,,,03040002
RPTNMLOJPHOFFBQ37CC,嘉朴段,8.00,都市：住,,,,02620000
RPPNMLKMNHOFFDQ86CC,嘉保段,114.48,都市：住,,,,02130038
RPWNMLPJPHOFFDQ97CC,嘉新段,83.08,都市：住,,,,01170002
RPPNMLRKPHOFFBQ37CC,嘉朴段,91.69,都市：住,,,,02380005
