﻿鄉鎮市區,交易標的,土地位置建物門牌,土地移轉總面積平方公尺,都市土地使用分區,非都市土地使用分區,非都市土地使用編定,交易年月日,交易筆棟數,移轉層次,總樓層數,建物型態,主要用途,主要建材,建築完成年月,建物移轉總面積平方公尺,建物現況格局-房,建物現況格局-廳,建物現況格局-衛,建物現況格局-隔間,有無管理組織,總價元,單價元平方公尺,車位類別,車位移轉總面積(平方公尺),車位總價元,備註,編號,主建物面積,附屬建物面積,陽台面積,電梯,移轉編號
The villages and towns urban district,transaction sign,land sector position building sector house number plate,land shifting total area square meter,the use zoning or compiles and checks,the non-metropolis land use district,non-metropolis land use,transaction year month and day,transaction pen number,shifting level,total floor number,building state,main use,main building materials,construction to complete the years,building shifting total area,Building present situation pattern - room,building present situation pattern - hall,building present situation pattern - health,building present situation pattern - compartmented,Whether there is manages the organization,total price NTD,the unit price (NTD / square meter),the berth category,berth shifting total area square meter,the berth total price NTD,the note,serial number,,,,,
金寧鄉,土地,盤山村段679-3地號,110.76,其他,,,1080429,土地1建物0車位0,,,其他,,,,0.0,0,0,0,有,無,4975000,44917,,0.0,0,,RPQNMLNKNHOFFAW17CA,0.0,0.0,0.0,,
金寧鄉,房地(土地+建物),金門縣金寧鄉下堡１９６號二樓,19.92,其他,,,1080411,土地1建物1車位0,二層,三層,公寓(5樓含以下無電梯),集合住宅,鋼筋混凝土造,1031113,36.08,1,1,1,有,無,2060000,57095,,0.0,0,土地及建物分次登記案件。前案土地登記收件字號：；,RPUNMLOKNHOFFAW67CA,28.94,0.0,2.78,,
金沙鎮,土地,英坑段931地號,79.93,農,,,1080427,土地1建物0車位0,,,其他,,,,0.0,0,0,0,有,無,100000,1251,,0.0,0,袋地無對外通路之農地,RPTNMLPKNHOFFAW67CA,0.0,0.0,0.0,,
金城鎮,土地,山前段386地號,43.0,農,,,1080510,土地1建物0車位0,,,其他,,,,0.0,0,0,0,有,無,150000,3488,,0.0,0,,RPPNMLOKNHOFFAW27DA,0.0,0.0,0.0,,
金寧鄉,房地(土地+建物),金門縣金寧鄉埔後31號,61.73,其他,,,1080507,土地1建物1車位0,一層,三層,公寓(5樓含以下無電梯),店舖,鋼筋混凝土造,1040723,102.59,0,0,0,無,無,9000000,87728,,0.0,0,,RPRNMLKKOHOFFAW17DA,96.48,0.0,0.0,,
烈嶼鄉,土地,烈濱劃測段102地號,600.0,農,,,1080513,土地1建物0車位0,,,其他,,,,0.0,0,0,0,有,無,3200000,5333,,0.0,0,,RPQNMLPKNHOFFAW47DA,0.0,0.0,0.0,,
金城鎮,房地(土地+建物),金門縣金城鎮珠浦南路７４巷２９之１號二樓,24.83,住,,,1080419,土地1建物1車位0,二層,五層,華廈(10層含以下有電梯),集合住宅,鋼筋混凝土造,1000705,65.35,3,1,1,有,無,4780000,73145,,0.0,0,,RPQOMLPKNHOFFAW47CA,49.16,0.0,4.48,,
金沙鎮,土地,沙宅劃段698地號,1096.25,其他,,,1080506,土地1建物0車位0,,,其他,,,,0.0,0,0,0,有,無,4540000,4141,,0.0,0,,RPVNMLQKNHOFFAW97CA,0.0,0.0,0.0,,
金沙鎮,土地,沙宅劃段697地號,957.0,其他,,,1080506,土地1建物0車位0,,,其他,,,,0.0,0,0,0,有,無,3960000,4138,,0.0,0,,RPWNMLQKNHOFFAW08CA,0.0,0.0,0.0,,
金城鎮,土地,北一段239-1地號,2001.04,農,,,1080506,土地4建物0車位0,,,其他,,,,0.0,0,0,0,有,無,44000000,21989,,0.0,0,,RPSNMLRKNHOFFAW77CA,0.0,0.0,0.0,,
金寧鄉,土地,北二三劃測段333-37地號,166.99,農,,,1080424,土地1建物0車位0,,,其他,,,,0.0,0,0,0,有,無,900000,5390,,0.0,0,,RPVNMLRKNHOFFAW08CA,0.0,0.0,0.0,,
金寧鄉,土地,北二三劃測段333-16地號,166.99,農,,,1080424,土地1建物0車位0,,,其他,,,,0.0,0,0,0,有,無,900000,5390,,0.0,0,,RPWNMLRKNHOFFAW18CA,0.0,0.0,0.0,,
金寧鄉,房地(土地+建物),金門縣金寧鄉東堡１３之２號,39.61,其他,,,1080419,土地1建物1車位0,一層,三層,公寓(5樓含以下無電梯),,,1060110,73.23,2,2,2,有,無,4600000,62816,,0.0,0,,RPXNMLRKNHOFFAW28CA,60.77,0.0,6.24,,
金寧鄉,土地,寧湖一劃段257-4地號,26.44,其他,,,1080410,土地1建物0車位0,,,其他,,,,0.0,0,0,0,有,無,1000000,37821,,0.0,0,包含公共設施保留地之交易。；,RPQNMLLMNHOFFAW17CA,0.0,0.0,0.0,,
金寧鄉,房地(土地+建物),金門縣金寧鄉埔邊１４２號一樓,36.37,其他,,,1080410,土地1建物1車位0,一層,三層,華廈(10層含以下有電梯),診所,鋼筋混凝土造,1071205,85.65,4,0,1,有,無,14400000,168126,,0.0,0,用途:診所4房含看診間2間治療室1間文件暨藥室1間,RPRNMLLMNHOFFAW27CA,54.07,0.0,2.24,,
金寧鄉,房地(土地+建物),金門縣金寧鄉埔邊１４２號二樓,40.49,其他,,,1080410,土地1建物1車位0,二層,三層,華廈(10層含以下有電梯),診所,鋼筋混凝土造,1071205,95.03999999999999,3,0,1,有,無,7300000,76810,,0.0,0,用途:診所3房含看診間2間X光室1間,SPRNMLLMNHOFFAW37CA,55.92,0.0,6.46,,
金寧鄉,房地(土地+建物),金門縣金寧鄉埔邊１４２號三樓,40.49,其他,,,1080410,土地1建物1車位0,三層,三層,華廈(10層含以下有電梯),補習班,鋼筋混凝土造,1071205,95.03999999999999,3,0,1,有,無,7300000,76810,,0.0,0,用途:補習班3房含教室2間儲藏室1間,TPRNMLLMNHOFFAW47CA,55.92,0.0,6.46,,
金寧鄉,房地(土地+建物),金門縣金寧鄉埔邊１４２號地下一樓,3.88,其他,,,1080410,土地1建物1車位0,地下一層,三層,華廈(10層含以下有電梯),住家用,鋼筋混凝土造,1071205,9.309999999999999,1,1,1,有,無,1000000,107411,,0.0,0,,UPRNMLLMNHOFFAW57CA,6.18,0.0,0.0,,
金湖鎮,房地(土地+建物),金門縣金湖鎮料羅里新塘27號,128.24,住,,,1080422,土地1建物1車位0,全,三層,透天厝,集合住宅,鋼筋混凝土造,1050823,182.83,5,1,4,有,無,8500000,46491,,0.0,0,,RPPNMLRKNHOFFAW57DA,168.04,0.0,14.79,,
金湖鎮,土地,下新厝段56-1地號,65.75,其他,,,1080501,土地1建物0車位0,,,其他,,,,0.0,0,0,0,有,無,1500000,22814,,0.0,0,,RPQNMLRLNHOFFAW77DA,0.0,0.0,0.0,,
金寧鄉,土地,機場段857地號,520.93,其他,,,1080515,土地1建物0車位0,,,其他,,,,0.0,0,0,0,有,無,700000,1344,,0.0,0,,RPPNMLLLNHOFFAW07DA,0.0,0.0,0.0,,
金城鎮,土地,小西門劃測段758-1地號,325.02,農,,,1080515,土地2建物0車位0,,,其他,,,,0.0,0,0,0,有,無,900000,2769,,0.0,0,,RPSNMLMLNHOFFAW47DA,0.0,0.0,0.0,,
金湖鎮,土地,下新厝段56-1地號,65.75,其他,,,1080501,土地1建物0車位0,,,其他,,,,0.0,0,0,0,有,無,1500000,22814,,0.0,0,,RPPNMLRLNHOFFAW67DA,0.0,0.0,0.0,,
烈嶼鄉,土地,西方劃測段294地號,614.0,其他,,,1080510,土地1建物0車位0,,,其他,,,,0.0,0,0,0,有,無,12000000,19544,,0.0,0,,RPQNMLLLNHOFFAW07CA,0.0,0.0,0.0,,
金沙鎮,土地,高坑劃測段730地號,1250.01,農,,,1080507,土地1建物0車位0,,,其他,,,,0.0,0,0,0,有,無,5200000,4160,,0.0,0,,RPXNMLLLNHOFFAW77CA,0.0,0.0,0.0,,
金寧鄉,土地,湖尾段1167地號,540.05,農,,,1080506,土地3建物0車位0,,,其他,,,,0.0,0,0,0,有,無,1000000,1852,,0.0,0,沒有通路的農地。,RPOOMLLLNHOFFAW96CA,0.0,0.0,0.0,,
金湖鎮,房地(土地+建物),金門縣金湖鎮市港三路２３９號二樓,20.51,住,,,1080502,土地1建物1車位0,二層,八層,華廈(10層含以下有電梯),集合住宅,鋼筋混凝土造,1050421,102.97,3,2,2,有,無,6200000,60212,,0.0,0,土地及建物分次登記案件。前案土地登記收件字號：；,RPUNMLLLNHOFFAW47CA,69.35,2.21,8.06,,
金城鎮,房地(土地+建物),金門縣金城鎮小西門４０號,31.6,其他,,,1080412,土地1建物1車位0,一層,三層,公寓(5樓含以下無電梯),集合住宅,鋼筋混凝土造,1070713,60.849999999999994,2,1,1,有,無,4120000,67707,,0.0,0,土地及建物分次登記案件。前案土地登記收件字號：；,RPQNMLOLNHOFFAW37CA,50.83,1.27,2.81,,
金湖鎮,土地,尚義段2地號,953.56,其他,,,1080328,土地2建物0車位0,,,其他,,,,0.0,0,0,0,有,無,3300000,3461,,0.0,0,,RPSNMLLLNHOFFAW27CA,0.0,0.0,0.0,,
金湖鎮,土地,新頭段205-2地號,5145.16,其他,,,1080513,土地1建物0車位0,,,其他,,,,0.0,0,0,0,有,無,15000000,2915,,0.0,0,親友、員工或其他特殊關係間之交易。；,RPSNMLOJOHOFFAW47CA,0.0,0.0,0.0,,
金湖鎮,房地(土地+建物),金門縣金湖鎮東村７８號,58.78,住,,,1080304,土地1建物1車位0,一層,三層,公寓(5樓含以下無電梯),集合住宅,鋼筋混凝土造,1050418,93.81,3,2,2,有,無,4500000,47969,,0.0,0,,RPQOMLSKOHOFFAW87CA,86.87,0.0,0.0,,
金湖鎮,土地,庵邊段461-3地號,257.09,其他,,,1080521,土地1建物0車位0,,,其他,,,,0.0,0,0,0,有,無,1900000,7390,,0.0,0,,RPUNMLOLNHOFFAW77CA,0.0,0.0,0.0,,
金沙鎮,土地,浯坑劃測段577地號,2664.47,農,,,1080523,土地5建物0車位0,,,其他,,,,0.0,0,0,0,有,無,2580000,968,,0.0,0,親友、員工或其他特殊關係間之交易。；早期約定,RPSNMLNJOHOFFAW47DA,0.0,0.0,0.0,,
金湖鎮,房地(土地+建物),金門縣金湖鎮赤東路19號2樓,13.75,住,,,1080501,土地1建物1車位0,二層,十層,華廈(10層含以下有電梯),集合住宅,鋼筋混凝土造,1041201,69.33,1,1,1,有,有,3810000,54955,,0.0,0,急買急賣。；,RPUNMLTKOHOFFAW38DA,47.98,2.68,2.65,,
金寧鄉,房地(土地+建物),金門縣金寧鄉下堡１９９號,9.96,其他,,,1080423,土地1建物1車位0,一層,三層,公寓(5樓含以下無電梯),集合住宅,鋼筋混凝土造,1031113,18.36,1,1,1,有,無,1115000,60730,,0.0,0,,RPPNMLSLNHOFFAW67CA,14.78,0.0,1.4,,
金寧鄉,房地(土地+建物),金門縣金寧鄉湖下５之８號三樓,53.22,其他,,,1080515,土地1建物1車位0,三層,三層,公寓(5樓含以下無電梯),,,1050401,89.84,3,2,2,有,無,6000000,66785,,0.0,0,,RPQNMLSLNHOFFAW77CA,76.74,0.0,6.7,,
烈嶼鄉,土地,烈濱劃測段102地號,600.0,農,,,1080521,土地1建物0車位0,,,其他,,,,0.0,0,0,0,有,無,3200000,5333,,0.0,0,,RPTNMLSLNHOFFAW08CA,0.0,0.0,0.0,,
金湖鎮,房地(土地+建物)+車位,金門縣金湖鎮市港五路１５１號二樓之３,7.31,住,,,1080515,土地1建物1車位1,二層,九層,華廈(10層含以下有電梯),集合住宅,鋼筋混凝土造,1051123,56.36,1,1,1,有,無,3550000,62988,坡道機械,8.68,0,,RPUNMLSLNHOFFAW18CA,26.97,0.0,5.52,,
金寧鄉,土地,北二三劃測段557地號,1000.01,農,,,1080517,土地1建物0車位0,,,其他,,,,0.0,0,0,0,有,無,6900000,6900,,0.0,0,,RPPNMLKMNHOFFAW96CA,0.0,0.0,0.0,,
金寧鄉,房地(土地+建物),金門縣金寧鄉西堡３９之８號三樓,39.05,其他,,,1080527,土地1建物1車位0,三層,三層,公寓(5樓含以下無電梯),集合住宅,鋼筋混凝土造,1071228,63.39,2,2,1,有,無,3800000,59946,,0.0,0,,RPRNMLKMNHOFFAW17CA,48.93,0.0,6.29,,
金湖鎮,房地(土地+建物),金門縣金湖鎮料羅新村５０８號二樓,43.79,其他,,,1080527,土地1建物1車位0,二層,五層,華廈(10層含以下有電梯),集合住宅,鋼筋混凝土造,1071210,98.97,3,1,2,有,無,4600000,46479,,0.0,0,,RPPNMLLMNHOFFAW07CA,73.13,0.0,8.57,,
金沙鎮,土地,斗門劃測段204地號,880.02,農,,,1080520,土地1建物0車位0,,,其他,,,,0.0,0,0,0,有,無,3600000,4091,,0.0,0,,RPTNMLLMNHOFFAW47CA,0.0,0.0,0.0,,
金沙鎮,土地,西園段1269地號,391.0,其他,,,1080528,土地1建物0車位0,,,其他,,,,0.0,0,0,0,有,無,4300000,10997,,0.0,0,,RPQNMLKMNHOFFAW17DA,0.0,0.0,0.0,,
烈嶼鄉,土地,陵水湖測段471地號,701.57,其他,,,1080510,土地3建物0車位0,,,其他,,,,0.0,0,0,0,有,無,2000000,2851,,0.0,0,,RPSNMLLMNHOFFAW47DA,0.0,0.0,0.0,,
金沙鎮,土地,官澳測段291地號,373.64,其他,,,1080516,土地1建物0車位0,,,其他,,,,0.0,0,0,0,有,無,560000,1499,,0.0,0,受債權債務影響或債務抵償之交易。；,RPPNMLOJOHOFFAW17CA,0.0,0.0,0.0,,
金寧鄉,房地(土地+建物),金門縣金寧鄉安岐４８之１３號,47.28,其他,,,1080502,土地1建物1車位0,一層,三層,公寓(5樓含以下無電梯),集合住宅,鋼筋混凝土造,1050428,88.72999999999999,3,2,2,有,無,5100000,57478,,0.0,0,,RPRNMLOJOHOFFAW37CA,83.46,0.0,0.0,,
金沙鎮,土地,中蘭劃測段617地號,919.0,農,,,1080523,土地1建物0車位0,,,其他,,,,0.0,0,0,0,有,無,3300000,3591,,0.0,0,,RPPNMLNKOHOFFAW17CA,0.0,0.0,0.0,,
金湖鎮,土地,料羅段1325地號,2130.48,農,,,1080526,土地9建物0車位0,,,其他,,,,0.0,0,0,0,有,無,3759898,1765,,0.0,0,含增建或未登記建物。；受債權債務影響或債務抵償之交易。；急買急賣。；,RPQNMLSKOHOFFAW77CA,0.0,0.0,0.0,,
金沙鎮,土地,官澳段1489地號,321.0,其他,,,1080527,土地1建物0車位0,,,其他,,,,0.0,0,0,0,有,無,3850000,11994,,0.0,0,,RPPNMLNJOHOFFAW07CA,0.0,0.0,0.0,,
金湖鎮,房地(土地+建物),金門縣金湖鎮塔后１２２之８號二樓,26.01,其他,,,1080524,土地1建物1車位0,二層,五層,華廈(10層含以下有電梯),集合住宅,鋼筋混凝土造,1080403,70.71000000000001,2,2,1,有,無,4100000,57975,,0.0,0,,RPRNMLNJOHOFFAW27CA,52.28,0.0,6.03,,
金湖鎮,房地(土地+建物),金門縣金湖鎮塔后１２２之９號,26.01,其他,,,1080524,土地1建物1車位0,一層,五層,華廈(10層含以下有電梯),集合住宅,鋼筋混凝土造,1080403,64.68,2,2,1,有,無,4850000,74985,,0.0,0,,RPTNMLNJOHOFFAW47CA,52.28,0.0,0.0,,
金寧鄉,土地,西山段940地號,3356.71,農,,,1080520,土地5建物0車位0,,,其他,,,,0.0,0,0,0,有,無,5431720,1618,,0.0,0,,RPQOMLLKOHOFFAW17CA,0.0,0.0,0.0,,
金寧鄉,土地,青山段1103地號,2351.67,農,,,1080430,土地2建物0車位0,,,其他,,,,0.0,0,0,0,有,無,11000000,4678,,0.0,0,,RPRNMLPJOHOFFAW47CA,0.0,0.0,0.0,,
金寧鄉,土地,后湖段272地號,583.01,農,,,1080527,土地1建物0車位0,,,其他,,,,0.0,0,0,0,有,無,1500000,2573,,0.0,0,,RPQNMLQJOHOFFAW57DA,0.0,0.0,0.0,,
金寧鄉,土地,機場段870地號,241.5,其他,,,1080527,土地1建物0車位0,,,其他,,,,0.0,0,0,0,有,無,500000,2070,,0.0,0,,RPRNMLQJOHOFFAW67DA,0.0,0.0,0.0,,
金城鎮,土地,山前段395地號,318.0,農,,,1080529,土地1建物0車位0,,,其他,,,,0.0,0,0,0,有,無,636000,2000,,0.0,0,無通路之農地,RPSNMLPJOHOFFAW57CA,0.0,0.0,0.0,,
金沙鎮,土地,北九劃段991地號,500.0,農,,,1080524,土地1建物0車位0,,,其他,,,,0.0,0,0,0,有,無,1050000,2100,,0.0,0,親友、員工或其他特殊關係間之交易。；,RPUNMLLKOHOFFAW47CA,0.0,0.0,0.0,,
金沙鎮,土地,北九劃段750地號,2000.0,農,,,1080524,土地2建物0車位0,,,其他,,,,0.0,0,0,0,有,無,6600000,3300,,0.0,0,親友、員工或其他特殊關係間之交易。；,RPVNMLLKOHOFFAW57CA,0.0,0.0,0.0,,
金沙鎮,土地,浯坑劃測段835地號,2154.58,農,,,1080524,土地4建物0車位0,,,其他,,,,0.0,0,0,0,有,無,10350000,4804,,0.0,0,親友、員工或其他特殊關係間之交易。；自然村含其地上舊有建物480萬其他土地農業區、道路用地555萬,RPWNMLLKOHOFFAW67CA,0.0,0.0,0.0,,
金寧鄉,房地(土地+建物),金門縣金寧鄉埔邊１４２號一樓,36.37,其他,,,1080524,土地1建物1車位0,一層,三層,華廈(10層含以下有電梯),診所,鋼筋混凝土造,1071205,85.65,4,0,1,有,無,12600000,147110,,0.0,0,用途:診所4房含看診間2間治療室1間文件暨藥室1間,RPXNMLLKOHOFFAW77CA,54.07,0.0,2.24,,
金寧鄉,房地(土地+建物),金門縣金寧鄉埔邊１４２號二樓,40.49,其他,,,1080524,土地1建物1車位0,二層,三層,華廈(10層含以下有電梯),診所,鋼筋混凝土造,1071205,95.03999999999999,3,0,1,有,無,7000000,73653,,0.0,0,用途:診所3房含看診間2間X光室1間,SPXNMLLKOHOFFAW87CA,55.92,0.0,6.46,,
金寧鄉,房地(土地+建物),金門縣金寧鄉埔邊１４２號三樓,40.49,其他,,,1080524,土地1建物1車位0,三層,三層,華廈(10層含以下有電梯),補習班,鋼筋混凝土造,1071205,95.03999999999999,3,0,1,有,無,7000000,73653,,0.0,0,用途:補習班3房含教室2間儲藏室1間,TPXNMLLKOHOFFAW97CA,55.92,0.0,6.46,,
金寧鄉,房地(土地+建物),金門縣金寧鄉埔邊１４２號地下一樓,3.88,其他,,,1080524,土地1建物1車位0,地下一層,三層,華廈(10層含以下有電梯),住家用,鋼筋混凝土造,1071205,9.309999999999999,1,1,1,有,無,1000000,107411,,0.0,0,,UPXNMLLKOHOFFAW08CA,6.18,0.0,0.0,,
金寧鄉,土地,寧湖一劃段257-4地號,26.44,其他,,,1080524,土地1建物0車位0,,,其他,,,,0.0,0,0,0,有,無,1400000,52950,,0.0,0,,RPOOMLLKOHOFFAW96CA,0.0,0.0,0.0,,
金寧鄉,土地,寧安二劃段227-1地號,500.0,農,,,1080522,土地1建物0車位0,,,其他,,,,0.0,0,0,0,有,無,2800000,5600,,0.0,0,,RPPNMLQJOHOFFAW37CA,0.0,0.0,0.0,,
金湖鎮,房地(土地+建物),金門縣金湖鎮庵邊２之２１號二樓,83.33,其他,,,1080602,土地1建物1車位0,二層,三層,華廈(10層含以下有電梯),集合住宅,鋼筋混凝土造,1070425,143.09,3,2,2,有,無,6800000,47523,,0.0,0,,RPTNMLQJOHOFFAW77CA,122.15,0.0,7.47,,
金沙鎮,土地,蔡厝劃測段412地號,1840.04,農,,,1080523,土地1建物0車位0,,,其他,,,,0.0,0,0,0,有,無,5000000,2717,,0.0,0,,RPPNMLLKOHOFFAW96CA,0.0,0.0,0.0,,
金城鎮,房地(土地+建物),金門縣金城鎮東沙１３之１號三樓,52.08,住,,,1080515,土地1建物1車位0,三層,三層,公寓(5樓含以下無電梯),集合住宅,鋼筋混凝土造,1060410,93.6,2,2,2,有,無,4000000,42735,,0.0,0,,RPOOMLKLQHOFFAW17CA,81.19,0.0,0.0,,
金湖鎮,土地,下新厝段56-1地號,65.75,其他,,,1080515,土地1建物0車位0,,,其他,,,,0.0,0,0,0,有,無,1500000,22814,,0.0,0,,RPQNMLMKOHOFFAW27DA,0.0,0.0,0.0,,
金湖鎮,土地,下新厝段56-1地號,65.75,其他,,,1080515,土地1建物0車位0,,,其他,,,,0.0,0,0,0,有,無,1500000,22814,,0.0,0,,RPRNMLMKOHOFFAW37DA,0.0,0.0,0.0,,
金沙鎮,土地,榮湖段1006地號,583.92,其他,,,1080529,土地1建物0車位0,,,其他,,,,0.0,0,0,0,有,無,1500000,2569,,0.0,0,,RPTNMLLKOHOFFAW37CA,0.0,0.0,0.0,,
金寧鄉,房地(土地+建物),金門縣金寧鄉湖南１３之１８號,48.38,其他,,,1080527,土地1建物1車位0,一層,三層,公寓(5樓含以下無電梯),集合住宅,鋼筋混凝土造,1070816,87.99000000000001,2,2,2,有,無,5680000,64553,,0.0,0,,RPPOMLLKOHOFFAW07CA,71.63,0.0,9.18,,
金寧鄉,房地(土地+建物),金門縣金寧鄉下堡２２７號二樓,62.01,住,,,1080529,土地1建物1車位0,二層,三層,公寓(5樓含以下無電梯),集合住宅,鋼筋混凝土造,1061116,99.67,3,1,2,有,無,5250000,52674,,0.0,0,,RPSNMLMKOHOFFAW37CA,78.23,0.0,13.1,,
金沙鎮,房地(土地+建物),金門縣金沙鎮新前墩１０號,201.88,其他,,,1080523,土地1建物1車位0,一層,一層,其他,住家用,磚石造,0570701,81.65,2,1,1,有,無,4800000,58788,,0.0,0,建物型態為閩南式建築一層,RPVOMLMKOHOFFAW77CA,77.17,0.0,4.48,,
金城鎮,房地(土地+建物),金門縣金城鎮莒光路138號,121.06,農,,,1080528,土地5建物2車位0,全,三層,透天厝,住商用,鋼筋混凝土加強磚造,0770510,48.84,3,2,2,有,無,4600000,94185,,0.0,0,,RPPNMLSKOHOFFAW67CA,48.84,0.0,0.0,,
金沙鎮,土地,官澳段1289-2地號,443.0,其他,,,1080521,土地1建物0車位0,,,其他,,,,0.0,0,0,0,有,無,5360000,12099,,0.0,0,,RPTNMLOJPHOFFAW67CA,0.0,0.0,0.0,,
金湖鎮,土地,市港段118地號,161.33,住,,,1080603,土地1建物0車位0,,,其他,,,,0.0,0,0,0,有,無,16130000,99981,,0.0,0,,RPTNMLTJPHOFFAW18CA,0.0,0.0,0.0,,
金寧鄉,房地(土地+建物),金門縣金寧鄉后沙86號,364.95,農,,,1080605,土地1建物1車位0,全,三層,透天厝,農舍,鋼筋混凝土造,1080418,371.28,6,3,5,有,無,15000000,40401,,0.0,0,親友、員工或其他特殊關係間之交易。；,RPSOMLMKOHOFFAW57DA,361.66,0.0,9.62,,
金湖鎮,房地(土地+建物),金門縣金湖鎮市港三路225號3樓之1,12.17,住,,,1080523,土地1建物1車位0,三層,八層,華廈(10層含以下有電梯),集合住宅,鋼筋混凝土造,1041125,66.03,1,2,1,有,有,4600000,69665,,0.0,0,,RPPNMLOKOHOFFAW37DA,36.64,0.0,4.65,,
金湖鎮,土地,多年段1273地號,121.11,其他,,,1080606,土地1建物0車位0,,,其他,,,,0.0,0,0,0,有,無,1400000,11560,,0.0,0,,RPROMLLKOHOFFAW37DA,0.0,0.0,0.0,,
金湖鎮,房地(土地+建物),金門縣金湖鎮山外755號,89.78,其他,,,1080605,土地2建物1車位0,全,二層,透天厝,住家用,鋼筋混凝土加強磚造,0750130,112.26,4,2,3,有,無,9000000,80171,,0.0,0,,RPUNMLOKOHOFFAW87DA,108.32,0.0,3.94,,
金寧鄉,土地,東洲段665地號,989.85,其他,,,1080412,土地1建物0車位0,,,其他,,,,0.0,0,0,0,有,無,8500000,8587,,0.0,0,,RPQNMLRKOHOFFAW77DA,0.0,0.0,0.0,,
金沙鎮,土地,榮湖段626地號,915.17,農,,,1080601,土地1建物0車位0,,,其他,,,,0.0,0,0,0,有,無,2430000,2655,,0.0,0,,RPVNMLOKOHOFFAW87CA,0.0,0.0,0.0,,
金沙鎮,土地,沙田劃段591地號,791.0,其他,,,1080517,土地1建物0車位0,,,其他,,,,0.0,0,0,0,有,無,2490000,3148,,0.0,0,,RPTOMLMKOHOFFAW57CA,0.0,0.0,0.0,,
金寧鄉,土地,寧安四劃段109地號,1000.0,農,,,1080601,土地1建物0車位0,,,其他,,,,0.0,0,0,0,有,無,2300000,2300,,0.0,0,,RPSNMLNJPHOFFAW47CA,0.0,0.0,0.0,,
金湖鎮,房地(土地+建物),金門縣金湖鎮新市里中興路56號,37.01,商,,,1080528,土地2建物1車位0,一層，二層，三層,三層,店面(店鋪),住商用,鋼筋混凝土造,0680415,106.02,2,3,3,有,無,12000000,113186,,0.0,0,,RPQNMLOKOHOFFAW47DA,106.02,0.0,0.0,,
金湖鎮,房地(土地+建物),金門縣金湖鎮料羅新村５０８號四樓,43.79,其他,,,1080605,土地1建物1車位0,四層,五層,華廈(10層含以下有電梯),集合住宅,鋼筋混凝土造,1071210,98.97,3,1,2,有,無,4900000,49510,,0.0,0,,RPXNMLOKOHOFFAW08CA,73.13,0.0,8.57,,
金城鎮,房地(土地+建物),金門縣金城鎮珠浦西路６巷６弄３號二樓,23.03,住,,,1080524,土地1建物1車位0,二層,五層,公寓(5樓含以下無電梯),集合住宅,鋼筋混凝土造,0981006,78.75999999999999,3,2,2,有,無,6800000,86338,,0.0,0,,RPQNMLNKOHOFFAW27CA,64.77,0.0,6.05,,
金湖鎮,土地,湖前段510-28地號,2517.66,農,,,1080508,土地1建物0車位0,,,其他,,,,0.0,0,0,0,有,無,14000000,5561,,0.0,0,,RPRNMLNKOHOFFAW37CA,0.0,0.0,0.0,,
金寧鄉,土地,青山段976地號,50.98,住,,,1080513,土地1建物0車位0,,,其他,,,,0.0,0,0,0,有,無,3500000,68654,,0.0,0,,RPSNMLSKOHOFFAW97CA,0.0,0.0,0.0,,
金湖鎮,房地(土地+建物),金門縣金湖鎮市港三路１３７號七樓,17.23,住,,,1080606,土地1建物1車位0,七層,七層,華廈(10層含以下有電梯),集合住宅,鋼筋混凝土造,1050617,89.99000000000001,2,2,1,有,無,6200000,68897,,0.0,0,土地及建物分次登記案件。前案土地登記收件字號：；,RPPOMLSKOHOFFAW77CA,56.0,4.79,3.8,,
金湖鎮,房地(土地+建物),金門縣金湖鎮塔后１２２之９號五樓,26.01,其他,,,1080604,土地1建物1車位0,五層,五層,華廈(10層含以下有電梯),集合住宅,鋼筋混凝土造,1080403,70.71000000000001,2,2,1,有,無,4250000,60096,,0.0,0,,RPROMLSKOHOFFAW97CA,52.28,0.0,6.03,,
金湖鎮,土地,峰上段355地號,1070.63,農,,,1080529,土地4建物0車位0,,,其他,,,,0.0,0,0,0,有,無,1570000,1466,,0.0,0,受債權債務影響或債務抵償之交易。；,RPWNMLOKOHOFFAW97CA,0.0,0.0,0.0,,
金寧鄉,土地,安西劃段453地號,62.79,其他,,,1080613,土地1建物0車位0,,,其他,,,,0.0,0,0,0,有,無,2500000,39815,,0.0,0,,RPTNMLLJPHOFFAW47DA,0.0,0.0,0.0,,
金寧鄉,土地,寧湖三劃段873地號,1000.0,農,,,1080531,土地1建物0車位0,,,其他,,,,0.0,0,0,0,有,無,2400000,2400,,0.0,0,親友、員工或其他特殊關係間之交易。；,RPRNMLSKOHOFFAW87CA,0.0,0.0,0.0,,
金城鎮,房地(土地+建物),金門縣金城鎮林湖路３００之６號,95.28,其他,,,1080523,土地1建物1車位0,全,三層,透天厝,住家用,鋼筋混凝土造,1060619,177.34,5,2,5,有,無,10000000,56389,,0.0,0,,RPPNMLRLOHOFFAW67CA,174.74,0.0,2.6,,
金寧鄉,土地,寧湖二劃測段1386地號,701.8,其他,,,1080606,土地1建物0車位0,,,其他,,,,0.0,0,0,0,有,無,1550000,2209,,0.0,0,親友、員工或其他特殊關係間之交易。；,RPPNMLPLOHOFFAW47CA,0.0,0.0,0.0,,
金湖鎮,房地(土地+建物),金門縣金湖鎮料羅新村６０９號三樓,43.37,其他,,,1080606,土地1建物1車位0,三層,四層,華廈(10層含以下有電梯),集合住宅,鋼筋混凝土造,1070118,83.51,3,2,2,有,無,4250000,50892,,0.0,0,,RPUOMLSKOHOFFAW28CA,65.7,0.0,6.58,,
金湖鎮,房地(土地+建物),金門縣金湖鎮成功３６之２號二樓,31.07,其他,,,1080524,土地1建物1車位0,二層,三層,公寓(5樓含以下無電梯),集合住宅,鋼筋混凝土造,1061207,58.72,2,1,1,有,無,3000000,51090,,0.0,0,,RPQNMLTKOHOFFAW87CA,43.22,0.0,5.53,,
金寧鄉,土地,寧湖三劃段129地號,960.7,農,,,1080520,土地1建物0車位0,,,其他,,,,0.0,0,0,0,有,無,6000000,6245,,0.0,0,,RPRNMLTKOHOFFAW97CA,0.0,0.0,0.0,,
金城鎮,房地(土地+建物),金門縣金城鎮金門城８０之３號,150.68,其他,,,1080524,土地1建物1車位0,全,三層,透天厝,住家用,鋼筋混凝土造,1030110,219.0,5,2,4,有,無,9500000,43379,,0.0,0,,RPTNMLTKOHOFFAW18CA,190.27,0.0,28.73,,
金湖鎮,土地,湖東劃段123地號,500.0,農,,,1080611,土地1建物0車位0,,,其他,,,,0.0,0,0,0,有,無,2150000,4300,,0.0,0,,RPOOMLTKOHOFFAW77CA,0.0,0.0,0.0,,
金湖鎮,房地(土地+建物),金門縣金湖鎮市港三路２２５號３樓之３,23.53,住,,,1080510,土地1建物1車位0,三層,八層,華廈(10層含以下有電梯),集合住宅,鋼筋混凝土造,1041125,131.64000000000001,3,2,2,有,無,6700000,50896,,0.0,0,,RPPOMLTKOHOFFAW87CA,73.38,3.01,7.01,,
金寧鄉,土地,安西劃段722地號,1122.2,農,,,1080508,土地1建物0車位0,,,其他,,,,0.0,0,0,0,有,無,4825000,4300,,0.0,0,,RPPNMLKLOHOFFAW96CA,0.0,0.0,0.0,,
金寧鄉,土地,安西劃段751地號,1143.72,農,,,1080508,土地1建物0車位0,,,其他,,,,0.0,0,0,0,有,無,5489000,4799,,0.0,0,,RPQNMLKLOHOFFAW07CA,0.0,0.0,0.0,,
金湖鎮,土地,太湖劃測段339地號,118.58,工,,,1080524,土地1建物0車位0,,,其他,,,,0.0,0,0,0,有,無,8525000,71892,,0.0,0,,RPRNMLKLOHOFFAW17CA,0.0,0.0,0.0,,
金湖鎮,土地,太湖劃測段339地號,118.58,工,,,1080524,土地1建物0車位0,,,其他,,,,0.0,0,0,0,有,無,8515000,71808,,0.0,0,,RPSNMLKLOHOFFAW27CA,0.0,0.0,0.0,,
金沙鎮,房地(土地+建物)+車位,金門縣金沙鎮東店１８號,28.49,住,,,1080601,土地1建物1車位1,一層,三層,公寓(5樓含以下無電梯),集合住宅,鋼筋混凝土造,1060112,100.83,2,1,1,有,無,2800000,27770,坡道平面,19.95,0,,RPQNMLPLOHOFFAW57CA,44.21,0.0,0.0,,
金寧鄉,房地(土地+建物),金門縣金寧鄉頂堡９７之５號三樓,52.89,住,,,1080610,土地2建物1車位0,三層,三層,公寓(5樓含以下無電梯),集合住宅,鋼筋混凝土造,1060505,117.77,3,2,2,有,無,6300000,53494,,0.0,0,建商與地主合建案。；,RPUNMLOLOHOFFAW87CA,87.44,0.0,5.42,,
金寧鄉,房地(土地+建物),金門縣金寧鄉頂堡９７之６號三樓,56.94,住,,,1080610,土地2建物1車位0,三層,三層,公寓(5樓含以下無電梯),集合住宅,鋼筋混凝土造,1060505,122.36,3,2,2,有,無,7000000,57208,,0.0,0,建商與地主合建案。；,SPUNMLOLOHOFFAW97CA,92.08,0.0,4.42,,
金沙鎮,土地,沙田劃段326地號,1000.0,農,,,1080529,土地1建物0車位0,,,其他,,,,0.0,0,0,0,有,無,2000000,2000,,0.0,0,,RPPNMLQLOHOFFAW57CA,0.0,0.0,0.0,,
金寧鄉,土地,寧湖六劃段13地號,587.0,其他,,,1080529,土地1建物0車位0,,,其他,,,,0.0,0,0,0,有,無,2600000,4429,,0.0,0,,RPQNMLQLOHOFFAW67CA,0.0,0.0,0.0,,
金湖鎮,房地(土地+建物),金門縣金湖鎮成功３６之２號,31.07,住,,,1080523,土地1建物1車位0,一層,三層,公寓(5樓含以下無電梯),集合住宅,鋼筋混凝土造,1061207,51.230000000000004,2,1,1,有,無,2900000,56607,,0.0,0,,RPPNMLLLOHOFFAW07CA,42.56,0.0,0.0,,
金寧鄉,房地(土地+建物),金門縣金寧鄉安岐６９號,213.0,其他,,,1080614,土地1建物1車位0,全,二層,透天厝,住家用,加強磚造,0631016,343.01,12,2,1,有,無,15500000,45188,,0.0,0,,RPQNMLLLOHOFFAW17CA,296.13,0.0,46.88,,
金寧鄉,土地,寧劃段1143-1地號,490.02,農,,,1080618,土地2建物0車位0,,,其他,,,,0.0,0,0,0,有,無,4000000,8163,,0.0,0,,RPPNMLLJPHOFFAW07DA,0.0,0.0,0.0,,
金城鎮,房地(土地+建物),金門縣金城鎮民生路45巷2弄1號,47.04,住,,,1080613,土地3建物1車位0,全,三層,透天厝,住商用,鋼筋混凝土造,0680615,79.42,4,1,2,有,無,4000000,50365,,0.0,0,,RPSNMLLJPHOFFAW37DA,66.72,0.0,12.7,,
金城鎮,房地(土地+建物),金門縣金城鎮民生路45巷4弄4號,60.17,住,,,1080613,土地2建物1車位0,全,三層,透天厝,住家用,鋼筋混凝土加強磚造,0830207,222.12,6,2,3,有,無,10000000,45021,,0.0,0,,SPSNMLLJPHOFFAW47DA,222.12,0.0,0.0,,
金寧鄉,土地,寧湖三劃段554地號,250.0,農,,,1080619,土地1建物0車位0,,,其他,,,,0.0,0,0,0,有,無,2500000,10000,,0.0,0,,RPPNMLOLOHOFFAW37CA,0.0,0.0,0.0,,
金寧鄉,房地(土地+建物),金門縣金寧鄉西堡３９之８號二樓,39.05,其他,,,1080617,土地1建物1車位0,二層,三層,公寓(5樓含以下無電梯),集合住宅,鋼筋混凝土造,1071228,63.39,2,2,1,有,無,3800000,59946,,0.0,0,,RPVNMLPLOHOFFAW08CA,48.93,0.0,6.29,,
金寧鄉,房地(土地+建物),金門縣金寧鄉下堡２２６號二樓,50.76,其他,,,1080612,土地1建物1車位0,二層,三層,公寓(5樓含以下無電梯),集合住宅,鋼筋混凝土造,1061116,81.91,2,2,2,有,無,4200000,51276,,0.0,0,土地及建物分次登記案件。前案土地登記收件字號：；,RPOOMLPLOHOFFAW47CA,62.76,0.0,12.32,,
金城鎮,土地,東沙段418地號,971.36,其他,,,1080606,土地1建物0車位0,,,其他,,,,0.0,0,0,0,有,無,2500000,2574,,0.0,0,受債權債務影響或債務抵償之交易。；,RPSNMLRLOHOFFAW97CA,0.0,0.0,0.0,,
金湖鎮,房地(土地+建物),金門縣金湖鎮湖前２９７號,95.32,其他,,,1080422,土地2建物1車位0,全,三層,透天厝,集合住宅,鋼筋混凝土造,1030127,145.71,4,2,4,有,無,8500000,58335,,0.0,0,,RPXNMLTJPHOFFAW58CA,140.8,0.0,4.91,,
金寧鄉,房地(土地+建物),金門縣金寧鄉昔果山８６號,93.68,其他,,,1080510,土地2建物1車位0,全,三層,透天厝,住家用,鋼筋混凝土造,1080107,199.14,4,3,5,有,無,10500000,52727,,0.0,0,,RPUNMLPLOHOFFAW97CA,179.04,0.0,20.1,,
金寧鄉,房地(土地+建物),金門縣金寧鄉西堡３９之７號三樓,39.05,其他,,,1080528,土地1建物1車位0,三層,三層,公寓(5樓含以下無電梯),集合住宅,鋼筋混凝土造,1071228,87.5,3,2,2,有,無,5250000,60000,,0.0,0,,RPWNMLPLOHOFFAW18CA,72.52,0.0,6.81,,
金城鎮,房地(土地+建物),金門縣金城鎮民生路２５號六樓之７,8.73,商,,,1080613,土地1建物1車位0,六層,十二層,辦公商業大樓,住家用,鋼骨混凝土造,0890821,84.03,2,1,1,有,有,7000000,83304,,0.0,0,,RPTNMLPLOHOFFAW87CA,61.61,0.0,5.44,,
金城鎮,房地(土地+建物),金門縣金城鎮民族路９３巷５弄３７號,66.65,住,,,1080621,土地1建物1車位0,全,三層,透天厝,住商用,鋼筋混凝土造,0691110,193.5,2,2,2,有,無,15500000,80103,,0.0,0,,RPQNMLRLOHOFFAW77CA,193.5,0.0,0.0,,
金湖鎮,房地(土地+建物),金門縣金湖鎮環島南路五段１８９之２號二樓,66.07,其他,,,1080521,土地1建物1車位0,二層,三層,公寓(5樓含以下無電梯),集合住宅,鋼筋混凝土造,1040410,99.08,3,2,2,有,無,6200000,62576,,0.0,0,,RPRNMLRLOHOFFAW87CA,88.9,0.0,4.21,,
金城鎮,房地(土地+建物),金門縣金城鎮浯江路１之１５號,201.84,農,,,1080513,土地1建物1車位0,一層，二層，三層,三層,農舍,農舍,鋼筋混凝土造,1000509,192.52,6,1,4,有,無,12250000,,,0.0,0,,RPXNMLMJPHOFFAW87CA,178.93,9.36,4.23,,
金寧鄉,土地,盤山村段231地號,11.5,其他,,,1080529,土地1建物0車位0,,,其他,,,,0.0,0,0,0,有,無,517500,45000,,0.0,0,親友、員工或其他特殊關係間之交易。；,RPQNMLNJPHOFFAW27CA,0.0,0.0,0.0,,
金湖鎮,土地,瓊林段1283-1地號,46.0,其他,,,1080606,土地3建物0車位0,,,其他,,,,0.0,0,0,0,有,無,1680000,36522,,0.0,0,親友、員工或其他特殊關係間之交易。；,RPRNMLNJPHOFFAW37CA,0.0,0.0,0.0,,
金寧鄉,土地,中三劃測段530地號,244.34,農,,,1080530,土地2建物0車位0,,,其他,,,,0.0,0,0,0,有,無,3176420,13000,,0.0,0,親友、員工或其他特殊關係間之交易。；,RPQNMLOLPHOFFAW67DA,0.0,0.0,0.0,,
烈嶼鄉,土地,東面山測段1036地號,374.72,農,,,1080620,土地1建物0車位0,,,其他,,,,0.0,0,0,0,有,無,674000,1799,,0.0,0,,RPPNMLSLOHOFFAW87DA,0.0,0.0,0.0,,
金湖鎮,房地(土地+建物),金門縣金湖鎮新市里武德新莊自強路21號5樓之1,21.86,其他,,,1080522,土地2建物1車位0,五層,八層,華廈(10層含以下有電梯),集合住宅,鋼筋混凝土造,0890517,102.53999999999999,3,2,2,有,無,7000000,68266,,0.0,0,,RPQNMLSLOHOFFAW97DA,75.54,0.0,8.65,,
金湖鎮,房地(土地+建物),金門縣金湖鎮復興路１１５號,63.65,商,,,1080530,土地2建物1車位0,全,三層,透天厝,住商用,鋼筋混凝土造,0700425,163.93,4,1,4,有,無,12800000,78082,,0.0,0,增值稅＄214044元由買方負擔,RPWNMLNJPHOFFAW87CA,163.93,0.0,0.0,,
金寧鄉,房地(土地+建物),金門縣金寧鄉伯玉路二段３５７號,169.16,農,,,1080531,土地1建物1車位0,全,一層,透天厝,住家用,鋼筋混凝土加強磚造,0831109,168.95,0,0,0,無,無,4500000,26635,,0.0,0,親友、員工或其他特殊關係間之交易。；,RPVNMLLJPHOFFAW57CA,168.95,0.0,0.0,,
金湖鎮,房地(土地+建物),金門縣金湖鎮塔后１２２之８號,26.01,其他,,,1080620,土地1建物1車位0,一層,五層,華廈(10層含以下有電梯),集合住宅,鋼筋混凝土造,1080403,64.68,2,2,1,有,無,4950000,76531,,0.0,0,,RPPNMLMJPHOFFAW07CA,52.28,0.0,0.0,,
金湖鎮,房地(土地+建物),金門縣金湖鎮塔后１２２之９號三樓,26.01,其他,,,1080624,土地1建物1車位0,三層,五層,華廈(10層含以下有電梯),集合住宅,鋼筋混凝土造,1080403,70.71000000000001,2,2,1,有,無,4000000,56561,,0.0,0,,RPQNMLMJPHOFFAW17CA,52.28,0.0,6.03,,
金湖鎮,土地,太湖劃測段937地號,3687.03,工,,,1080506,土地4建物0車位0,,,其他,,,,0.0,0,0,0,有,無,45000000,12205,,0.0,0,,RPPNMLSJPHOFFAW67CA,0.0,0.0,0.0,,
金寧鄉,土地,機場段371地號,953.58,農,,,1080619,土地1建物0車位0,,,其他,,,,0.0,0,0,0,有,無,3000000,3146,,0.0,0,,RPUNMLLJPHOFFAW47CA,0.0,0.0,0.0,,
金城鎮,房地(土地+建物),金門縣金城鎮民權路１２２巷５弄８之２號,6.63,住,,,1080617,土地1建物1車位0,一層,五層,華廈(10層含以下有電梯),一般零售業,鋼筋混凝土造,1021030,16.42,0,0,0,無,無,1220000,74300,,0.0,0,店舖無隔間,RPSNMLMJPHOFFAW37CA,10.68,0.0,0.0,,
金城鎮,房地(土地+建物),金門縣金城鎮民權路１２２巷５弄８之２號二樓,11.77,住,,,1080617,土地1建物1車位0,二層,五層,華廈(10層含以下有電梯),集合住宅,鋼筋混凝土造,1021030,37.519999999999996,2,1,1,有,無,2820000,75160,,0.0,0,,SPSNMLMJPHOFFAW47CA,21.0,0.0,6.32,,
金城鎮,房地(土地+建物),金門縣金城鎮民權路１２２巷５弄８之２號三樓,11.77,住,,,1080617,土地1建物1車位0,三層,五層,華廈(10層含以下有電梯),集合住宅,鋼筋混凝土造,1021030,37.519999999999996,2,1,1,有,無,2820000,75160,,0.0,0,,TPSNMLMJPHOFFAW57CA,21.0,0.0,6.32,,
金城鎮,房地(土地+建物),金門縣金城鎮民權路１２２巷５弄８之２號五樓,9.93,住,,,1080617,土地1建物1車位0,五層，見其他登記事項,五層,華廈(10層含以下有電梯),一般事務所,鋼筋混凝土造,1021030,30.939999999999998,1,1,1,有,無,2320000,74984,,0.0,0,,UPSNMLMJPHOFFAW67CA,19.42,2.92,0.0,,
金城鎮,房地(土地+建物),金門縣金城鎮民權路１２２巷５弄８之２號四樓,11.77,住,,,1080617,土地1建物1車位0,四層,五層,華廈(10層含以下有電梯),集合住宅,鋼筋混凝土造,1021030,37.519999999999996,2,1,1,有,無,2820000,75160,,0.0,0,,VPSNMLMJPHOFFAW77CA,21.0,0.0,6.32,,
金湖鎮,房地(土地+建物)+車位,金門縣金湖鎮環島南路五段１６５巷８弄２號三樓,67.36,其他,,,1080530,土地1建物1車位1,三層,三層,華廈(10層含以下有電梯),集合住宅,鋼筋混凝土造,1070514,171.33,3,1,2,有,無,6300000,36771,坡道平面,39.24,0,,RPTNMLMJPHOFFAW47CA,89.9,0.0,6.0,,
金寧鄉,房地(土地+建物),金門縣金寧鄉東洲１２６號二樓,61.77,住,,,1080620,土地2建物1車位0,二層,三層,公寓(5樓含以下無電梯),,,1050728,114.24,3,2,1,有,無,7300000,63901,,0.0,0,,RPQNMLPKPHOFFAW57CA,93.29,0.0,10.57,,
烈嶼鄉,土地,大山頂測段320地號,691.92,農,,,1080617,土地1建物0車位0,,,其他,,,,0.0,0,0,0,有,無,4146000,5992,,0.0,0,,RPRNMLOJPHOFFAW57DA,0.0,0.0,0.0,,
金城鎮,房地(土地+建物),金門縣金城鎮古城里金門城33之3號2樓,61.67,住,,,1080617,土地1建物1車位0,二層,三層,公寓(5樓含以下無電梯),集合住宅,鋼筋混凝土造,1070913,93.83,3,2,2,有,無,4500000,47959,,0.0,0,,RPQNMLPJPHOFFAW57DA,79.34,0.0,7.63,,
金城鎮,土地,城東段33地號,2.01,住,,,1080508,土地2建物0車位0,,,其他,,,,0.0,0,0,0,有,無,121900,60647,,0.0,0,,RPVOMLQLPHOFFAW38CA,0.0,0.0,0.0,,
金寧鄉,房地(土地+建物),金門縣金寧鄉下堡１９７號二樓,19.92,其他,,,1080603,土地1建物1車位0,二層,三層,公寓(5樓含以下無電梯),集合住宅,鋼筋混凝土造,1031113,36.08,1,1,1,有,無,2060000,57095,,0.0,0,土地及建物分次登記案件。前案土地登記收件字號：；,RPVNMLNJPHOFFAW77CA,28.94,0.0,2.78,,
金沙鎮,土地,浯坑劃測段227地號,2635.35,農,,,1080625,土地4建物0車位0,,,其他,,,,0.0,0,0,0,有,無,7600000,2884,,0.0,0,親友、員工或其他特殊關係間之交易。；,RPRNMLSJPHOFFAW87CA,0.0,0.0,0.0,,
金湖鎮,房地(土地+建物),金門縣金湖鎮市港三路１４５號二樓,29.14,住,,,1080618,土地1建物1車位0,二層,七層,華廈(10層含以下有電梯),集合住宅,鋼筋混凝土造,1071211,136.57999999999998,3,2,2,有,無,9300000,68092,,0.0,0,,RPQNMLOJPHOFFAW37CA,89.93,0.0,9.74,,
金湖鎮,房地(土地+建物)+車位,金門縣金湖鎮市港三路１４７號二樓,36.3,住,,,1080618,土地1建物1車位1,二層,七層,華廈(10層含以下有電梯),集合住宅,鋼筋混凝土造,1071211,183.61,4,2,2,有,無,13250000,72259,坡道平面,14.08,1000000,,RPSNMLOJPHOFFAW57CA,112.64,0.0,11.33,,
金沙鎮,土地,擎天段1047地號,1193.61,農,,,1080627,土地1建物0車位0,,,其他,,,,0.0,0,0,0,有,無,4700000,3938,,0.0,0,,RPPNMLPJPHOFFAW37CA,0.0,0.0,0.0,,
金湖鎮,房地(土地+建物)+車位,金門縣金湖鎮新頭３１５號,125.53,其他,,,1080612,土地1建物1車位2,全,三層,透天厝,集合住宅,鋼筋混凝土造,1070928,230.41,5,2,4,有,無,12520000,54927,坡道平面,27.96,1400000,土地及建物分次登記案件。前案土地登記收件字號：；,RPWNMLKKPHOFFAW67CA,161.66,0.0,11.54,,
金湖鎮,房地(土地+建物)+車位,金門縣金湖鎮新頭３０３號,130.18,其他,,,1080612,土地1建物1車位1,全,三層,透天厝,集合住宅,鋼筋混凝土造,1070928,238.83,5,2,4,有,無,13515128,55660,坡道平面,13.98,1000000,土地及建物分次登記案件。前案土地登記收件字號：；,RPOOMLKKPHOFFAW96CA,168.01,0.0,23.6,,
金湖鎮,房地(土地+建物)+車位,金門縣金湖鎮新頭３１９號,116.9,其他,,,1080612,土地1建物1車位1,全,三層,透天厝,集合住宅,鋼筋混凝土造,1070928,221.07999999999998,5,2,4,有,無,12526680,55658,坡道平面,13.98,1000000,土地及建物分次登記案件。前案土地登記收件字號：；,RPQOMLKKPHOFFAW17CA,165.27,0.0,12.15,,
金湖鎮,房地(土地+建物)+車位,金門縣金湖鎮新頭３０２號,129.85,其他,,,1080612,土地1建物1車位1,全,三層,透天厝,集合住宅,鋼筋混凝土造,1070928,243.75,5,2,3,有,無,13789840,55664,坡道平面,13.98,1000000,土地及建物分次登記案件。前案土地登記收件字號：；,RPSOMLKKPHOFFAW37CA,172.01,0.0,24.52,,
金寧鄉,房地(土地+建物),金門縣金寧鄉湖下231之1號三樓,47.03,住,,,1080627,土地1建物1車位0,三層,三層,公寓(5樓含以下無電梯),集合住宅,鋼筋混凝土造,1051228,81.16,3,1,2,有,無,3700000,45589,,0.0,0,,RPPNMLPKPHOFFAW47CA,67.88,0.0,6.5,,
金湖鎮,房地(土地+建物)+車位,金門縣金湖鎮赤東路２１之１號８樓,19.28,其他,,,1080626,土地1建物1車位2,八層,十層,華廈(10層含以下有電梯),集合住宅,鋼筋混凝土造,1041201,146.5,2,2,2,有,無,7500000,51195,坡道機械,37.82,0,,RPVNMLMLPHOFFAW87CA,63.8,4.23,6.77,,
金沙鎮,土地,斗門劃測段375地號,1323.23,農,,,1080618,土地2建物0車位0,,,其他,,,,0.0,0,0,0,有,無,1600000,1209,,0.0,0,,RPPNMLTJPHOFFAW77CA,0.0,0.0,0.0,,
金湖鎮,房地(土地+建物),金門縣金湖鎮料羅新村５０９號二樓,43.79,其他,,,1080625,土地1建物1車位0,二層,五層,華廈(10層含以下有電梯),集合住宅,鋼筋混凝土造,1071210,98.97,3,1,2,有,無,4600000,46479,,0.0,0,,RPRNMLKKPHOFFAW17CA,73.13,0.0,8.57,,
金城鎮,土地,庵前劃測段500地號,570.0,農,,,1080625,土地1建物0車位0,,,其他,,,,0.0,0,0,0,有,無,3300000,5789,,0.0,0,,RPSNMLKKPHOFFAW27CA,0.0,0.0,0.0,,
金寧鄉,房地(土地+建物),金門縣金寧鄉頂堡６之６號二樓,31.86,其他,,,1080628,土地1建物1車位0,二層,三層,公寓(5樓含以下無電梯),,,1070330,47.31,1,1,1,有,無,3800000,80321,,0.0,0,屋況包含裝潢,RPTNMLKKPHOFFAW37CA,37.49,0.0,4.3,,
金寧鄉,土地,湖尾段467地號,741.4,農,,,1080702,土地1建物0車位0,,,其他,,,,0.0,0,0,0,有,無,850000,1146,,0.0,0,,RPTNMLSJPHOFFAW18DA,0.0,0.0,0.0,,
金寧鄉,土地,煙墩段38地號,1043.24,其他,,,1080702,土地1建物0車位0,,,其他,,,,0.0,0,0,0,有,無,3500000,3355,,0.0,0,,RPQNMLTJPHOFFAW97DA,0.0,0.0,0.0,,
金沙鎮,土地,北八劃段278地號,370.0,農,,,1080705,土地1建物0車位0,,,其他,,,,0.0,0,0,0,有,無,1650000,4459,,0.0,0,,RPSNMLTJPHOFFAW18DA,0.0,0.0,0.0,,
金城鎮,土地,賢厝段410地號,922.0,其他,,,1080520,土地1建物0車位0,,,其他,,,,0.0,0,0,0,有,無,10971800,11900,,0.0,0,,RPUNMLTJPHOFFAW38DA,0.0,0.0,0.0,,
金城鎮,土地,賢厝段409地號,1044.0,其他,,,1080520,土地1建物0車位0,,,其他,,,,0.0,0,0,0,有,無,12423600,11900,,0.0,0,,RPWNMLTJPHOFFAW58DA,0.0,0.0,0.0,,
金寧鄉,土地,湖尾段451地號,1511.92,農,,,1080703,土地2建物0車位0,,,其他,,,,0.0,0,0,0,有,無,1660000,1098,,0.0,0,,RPQNMLKKPHOFFAW17DA,0.0,0.0,0.0,,
金沙鎮,土地,英坑段549地號,350.35,農,,,1080704,土地1建物0車位0,,,其他,,,,0.0,0,0,0,有,無,400000,1142,,0.0,0,,RPPNMLLKPHOFFAW17DA,0.0,0.0,0.0,,
金湖鎮,土地,北五劃段27地號,500.0,農,,,1080605,土地1建物0車位0,,,其他,,,,0.0,0,0,0,有,無,2836000,5672,,0.0,0,,RPQNMLLKPHOFFAW27DA,0.0,0.0,0.0,,
金湖鎮,房地(土地+建物)+車位,金門縣金湖鎮新頭３０６號,127.53,其他,,,1080612,土地1建物1車位1,全,三層,透天厝,集合住宅,鋼筋混凝土造,1070928,235.89,5,2,4,有,無,13351920,55662,坡道平面,13.98,1000000,土地及建物分次登記案件。前案土地登記收件字號：；,RPUOMLKKPHOFFAW57CA,168.01,0.0,21.37,,
金湖鎮,房地(土地+建物)+車位,金門縣金湖鎮新頭３１８號,83.69,其他,,,1080612,土地1建物1車位1,一層,三層,公寓(5樓含以下無電梯),集合住宅,鋼筋混凝土造,1070928,165.97,4,2,2,有,無,9530240,55651,坡道平面,12.69,1000000,土地及建物分次登記案件。前案土地登記收件字號：；,RPWOMLKKPHOFFAW77CA,113.86,0.0,5.03,,
金湖鎮,房地(土地+建物)+車位,金門縣金湖鎮新頭３２０號,75.05,其他,,,1080612,土地1建物1車位1,一層,三層,公寓(5樓含以下無電梯),集合住宅,鋼筋混凝土造,1070928,149.02,3,2,2,有,無,7700000,53318,坡道平面,13.98,500000,土地及建物分次登記案件。前案土地登記收件字號：；,RPPOMLMKPHOFFAW27CA,99.76,0.0,5.03,,
金湖鎮,房地(土地+建物)+車位,金門縣金湖鎮新頭３２１號,119.56,其他,,,1080612,土地1建物1車位1,全,三層,透天厝,集合住宅,鋼筋混凝土造,1070928,227.68,5,2,4,有,無,13100000,56175,坡道平面,13.98,1095506,土地及建物分次登記案件。前案土地登記收件字號：；,RPSNMLMKPHOFFAW47CA,171.0,0.0,12.31,,
金湖鎮,房地(土地+建物)+車位,金門縣金湖鎮新頭３１６號,66.42,其他,,,1080612,土地1建物1車位1,一層,三層,公寓(5樓含以下無電梯),集合住宅,鋼筋混凝土造,1070928,131.01,3,2,2,有,無,7220900,48884,坡道平面,13.98,1500000,土地及建物分次登記案件。前案土地登記收件字號：；,RPUNMLMKPHOFFAW67CA,85.16,0.0,5.48,,
金湖鎮,土地,湖前段1467地號,118.0,其他,,,1080623,土地2建物0車位0,,,其他,,,,0.0,0,0,0,有,無,2100000,17797,,0.0,0,,RPUNMLKKPHOFFAW47CA,0.0,0.0,0.0,,
金城鎮,房地(土地+建物),金門縣金城鎮浴井３１號三樓,43.01,其他,,,1080624,土地1建物1車位0,三層,三層,公寓(5樓含以下無電梯),集合住宅,鋼筋混凝土造,1060807,76.86,2,2,2,有,無,4600000,59849,,0.0,0,,RPXNMLMKPHOFFAW97CA,65.26,0.0,6.39,,
金城鎮,房地(土地+建物),金門縣金城鎮浴井３１號,43.01,其他,,,1080508,土地1建物1車位0,一層,三層,公寓(5樓含以下無電梯),集合住宅,鋼筋混凝土造,1060807,76.86,2,2,2,有,無,4700000,61150,,0.0,0,,RPRNMLLKPHOFFAW27CA,65.26,0.0,6.39,,
金湖鎮,房地(土地+建物)+車位,金門縣金湖鎮新頭３１７號,115.57,其他,,,1080612,土地1建物1車位1,全,三層,透天厝,集合住宅,鋼筋混凝土造,1070928,216.42999999999998,5,2,4,有,無,12980000,56705,坡道平面,13.98,1500000,土地及建物分次登記案件。前案土地登記收件字號：；,RPQNMLMKPHOFFAW27CA,161.66,0.0,11.54,,
金湖鎮,房地(土地+建物),金門縣金湖鎮新頭３０９號,120.22,其他,,,1080612,土地1建物1車位0,全,三層,透天厝,集合住宅,鋼筋混凝土造,1070928,224.85000000000002,5,2,4,有,無,12715000,56549,,0.0,0,土地及建物分次登記案件。前案土地登記收件字號：；,RPSNMLPKPHOFFAW77CA,168.01,0.0,23.6,,
金湖鎮,房地(土地+建物)+車位,金門縣金湖鎮新頭３０１號,131.51,其他,,,1080612,土地1建物1車位1,全,三層,透天厝,集合住宅,鋼筋混凝土造,1070928,243.94,5,2,4,有,無,14416400,57473,坡道平面,13.98,1200000,土地及建物分次登記案件。前案土地登記收件字號：；,RPVNMLPKPHOFFAW08CA,172.18,0.0,24.11,,
金湖鎮,房地(土地+建物)+車位,金門縣金湖鎮新頭３１１號,131.84,其他,,,1080612,土地1建物1車位1,全,三層,透天厝,集合住宅,鋼筋混凝土造,1070928,244.38,5,2,4,有,無,14754000,55668,坡道平面,13.98,1928000,土地及建物分次登記案件。前案土地登記收件字號：；,RPXNMLPKPHOFFAW28CA,172.09,0.0,24.5,,
金寧鄉,房地(土地+建物),金門縣金寧鄉嚨口２０之３號,117.0,其他,,,1080707,土地1建物1車位0,全,三層,透天厝,住家用,鋼筋混凝土造,1071130,219.42,5,4,5,有,無,13800000,62893,,0.0,0,土地及建物分次登記案件。前案土地登記收件字號：；,RPROMLPKPHOFFAW77CA,217.89,0.0,1.53,,
金寧鄉,土地,北二三劃測段580-1地號,500.0,農,,,1080610,土地2建物0車位0,,,其他,,,,0.0,0,0,0,有,無,4900000,9800,,0.0,0,,RPSOMLPKPHOFFAW87CA,0.0,0.0,0.0,,
金寧鄉,土地,寧北一劃段199-1地號,238.29,農,,,1080621,土地2建物0車位0,,,其他,,,,0.0,0,0,0,有,無,190000,797,,0.0,0,,RPTOMLPKPHOFFAW97CA,0.0,0.0,0.0,,
金寧鄉,房地(土地+建物),金門縣金寧鄉下堡２０１號二樓,67.32,其他,,,1080623,土地1建物1車位0,二層,三層,公寓(5樓含以下無電梯),集合住宅,鋼筋混凝土造,1020123,120.41,3,2,2,有,有,7000000,58135,,0.0,0,,RPTNMLRKPHOFFAW08CA,96.48,3.44,10.96,,
金寧鄉,土地,寧北一劃段281地號,978.6,農,,,1080621,土地1建物0車位0,,,其他,,,,0.0,0,0,0,有,無,2880000,2943,,0.0,0,,RPPNMLMLPHOFFAW27CA,0.0,0.0,0.0,,
金沙鎮,土地,東店段145地號,1135.26,農,,,1080613,土地2建物0車位0,,,其他,,,,0.0,0,0,0,有,無,1900000,1674,,0.0,0,,RPPNMLPLPHOFFAW57CA,0.0,0.0,0.0,,
金城鎮,房地(土地+建物),金門縣金城鎮賢安里浴井32號,39.58,住,,,1080708,土地1建物1車位0,一層,三層,公寓(5樓含以下無電梯),集合住宅,鋼筋混凝土造,1060807,71.34,3,2,2,有,無,4500000,63078,,0.0,0,,RPTNMLPKPHOFFAW97DA,66.54,0.0,0.0,,
金城鎮,房地(土地+建物),金門縣金城鎮賢聚４２之５號二樓,49.65,其他,,,1080703,土地1建物1車位0,二層,四層,華廈(10層含以下有電梯),集合住宅,鋼筋混凝土造,1070213,102.78,3,2,2,有,無,6500000,63242,,0.0,0,,RPQNMLRKPHOFFAW77CA,78.41,0.0,7.72,,
金城鎮,土地,城隍廟段798地號,117.16,住,,,1080702,土地2建物0車位0,,,其他,,,,0.0,0,0,0,有,無,8000000,68283,,0.0,0,,RPRNMLRKPHOFFAW87CA,0.0,0.0,0.0,,
金湖鎮,房地(土地+建物)+車位,金門縣金湖鎮新頭３２７號,131.84,其他,,,1080612,土地1建物1車位1,全,三層,透天厝,集合住宅,鋼筋混凝土造,1070928,253.26999999999998,7,2,4,有,無,13832000,54461,坡道平面,13.98,800000,土地及建物分次登記案件。前案土地登記收件字號：；,RPQNMLSKPHOFFAW87CA,195.47,0.0,10.01,,
金湖鎮,房地(土地+建物),金門縣金湖鎮成功３６之３號,67.89,其他,,,1080621,土地1建物1車位0,一層,三層,公寓(5樓含以下無電梯),集合住宅,鋼筋混凝土造,1061207,110.19,3,2,2,有,無,6050000,54905,,0.0,0,,RPQNMLMLPHOFFAW37CA,95.38,0.0,4.87,,
金湖鎮,房地(土地+建物),金門縣金湖鎮塔后１２２之９號四樓,26.01,其他,,,1080624,土地1建物1車位0,四層,五層,華廈(10層含以下有電梯),集合住宅,鋼筋混凝土造,1080403,70.71000000000001,2,2,2,有,無,4000000,56561,,0.0,0,,RPPNMLRKPHOFFAW67CA,52.28,0.0,6.03,,
金湖鎮,房地(土地+建物)+車位,金門縣金湖鎮新頭３１３號,116.9,其他,,,1080612,土地1建物1車位1,全,三層,透天厝,集合住宅,鋼筋混凝土造,1070928,221.2,5,2,4,有,無,11999070,55010,坡道平面,13.98,600000,土地及建物分次登記案件。前案土地登記收件字號：；,RPSNMLSKPHOFFAW08CA,165.83,0.0,11.71,,
金寧鄉,土地,煙墩段293地號,169.41,其他,,,1080708,土地1建物0車位0,,,其他,,,,0.0,0,0,0,有,無,450000,2656,,0.0,0,,RPRNMLNLPHOFFAW67DA,0.0,0.0,0.0,,
金城鎮,土地,古坵段838地號,821.33,農,,,1080715,土地1建物0車位0,,,其他,,,,0.0,0,0,0,有,無,5000000,6088,,0.0,0,,RPTNMLTLPHOFFAW38CA,0.0,0.0,0.0,,
金城鎮,房地(土地+建物),金門縣金城鎮珠山３８之１號,1009.58,農,,,1080604,土地3建物1車位0,全,二層,透天厝,住家用,鋼筋混凝土造,0920929,43.3,6,3,5,有,無,600000,13857,,0.0,0,親友、員工或其他特殊關係間之交易。；,RPQNMLOKQHOFFAW57CA,40.9,0.0,2.4,,
金湖鎮,土地,瓊義段11地號,312.75,住,,,1080709,土地1建物0車位0,,,其他,,,,0.0,0,0,0,有,無,15000000,47962,,0.0,0,,RPRNMLOKQHOFFAW67CA,0.0,0.0,0.0,,
金城鎮,房地(土地+建物),金門縣金城鎮小古崗３３之７號,50.79,其他,,,1080628,土地1建物1車位0,一層,三層,公寓(5樓含以下無電梯),集合住宅,鋼筋混凝土造,1071127,85.72,3,2,2,有,無,5100000,59496,,0.0,0,,RPUNMLMLPHOFFAW77CA,71.28,0.0,7.91,,
金城鎮,土地,金門城測段860地號,129.54,其他,,,1080706,土地1建物0車位0,,,其他,,,,0.0,0,0,0,有,無,3150000,24317,,0.0,0,買方另付土地增值稅：559121元。,RPROMLQLPHOFFAW97CA,0.0,0.0,0.0,,
金湖鎮,房地(土地+建物),金門縣金湖鎮料羅127號,31.0,其他,,,1080711,土地1建物1車位0,一層,三層,公寓(5樓含以下無電梯),集合住宅,鋼筋混凝土造,1071025,57.51,2,1,2,有,無,3300000,57381,,0.0,0,土地及建物分次登記案件。前案土地登記收件字號：；,RPQNMLLMPHOFFAW47DA,52.19,0.0,0.0,,
金湖鎮,土地,庵邊段301地號,24.0,其他,,,1080717,土地1建物0車位0,,,其他,,,,0.0,0,0,0,有,無,350000,14583,,0.0,0,親友、員工或其他特殊關係間之交易。；含增建或未登記建物。；連同地上未登記建物一棟,RPQNMLTLPHOFFAW18DA,0.0,0.0,0.0,,
金湖鎮,房地(土地+建物),金門縣金湖鎮成功３６之３號三樓,67.95,住,,,1080620,土地1建物1車位0,三層,三層,公寓(5樓含以下無電梯),集合住宅,鋼筋混凝土造,1061207,111.18,3,2,2,有,無,5800000,52168,,0.0,0,,RPVNMLSJQHOFFAW38CA,95.66,0.0,5.49,,
金城鎮,土地,金門城測段860地號,129.54,其他,,,1080707,土地1建物0車位0,,,其他,,,,0.0,0,0,0,有,無,2900000,22387,,0.0,0,,RPTNMLMLPHOFFAW67CA,0.0,0.0,0.0,,
金沙鎮,土地,鵲山段268地號,1364.84,其他,,,1080703,土地4建物0車位0,,,其他,,,,0.0,0,0,0,有,無,1090000,799,,0.0,0,,RPRNMLOLPHOFFAW67CA,0.0,0.0,0.0,,
金沙鎮,土地,北九十劃段221-1地號,976.08,農,,,1080704,土地2建物0車位0,,,其他,,,,0.0,0,0,0,有,無,6150000,6301,,0.0,0,,RPSNMLOLPHOFFAW77CA,0.0,0.0,0.0,,
金沙鎮,土地,北九十劃段149地號,978.58,農,,,1080704,土地1建物0車位0,,,其他,,,,0.0,0,0,0,有,無,3250000,3321,,0.0,0,受債權債務影響或債務抵償之交易。；,RPTNMLOLPHOFFAW87CA,0.0,0.0,0.0,,
金湖鎮,房地(土地+建物),金門縣金湖鎮山外９９號,72.31,住,,,1080617,土地1建物1車位0,全,三層,透天厝,住商用,鋼筋混凝土造,0761210,205.64,9,1,9,有,無,8500000,41334,,0.0,0,,RPWNMLSJQHOFFAW48CA,205.64,0.0,0.0,,
金城鎮,房地(土地+建物),金門縣金城鎮小古崗１９之９號,57.97,住,,,1080710,土地1建物1車位0,一層,三層,公寓(5樓含以下無電梯),集合住宅,鋼筋混凝土造,1060306,86.24,3,2,1,有,無,5800000,67254,,0.0,0,,RPRNMLTJQHOFFAW08CA,79.28,0.0,0.0,,
金沙鎮,土地,沙碧劃段140地號,1000.0,農,,,1080703,土地1建物0車位0,,,其他,,,,0.0,0,0,0,有,無,2450000,2450,,0.0,0,,RPRNMLLMPHOFFAW47CA,0.0,0.0,0.0,,
金湖鎮,房地(土地+建物),金門縣金湖鎮市港三路１３５號二樓,16.25,住,,,1080712,土地1建物1車位0,二層,七層,華廈(10層含以下有電梯),集合住宅,鋼筋混凝土造,1050617,84.9,2,2,1,有,無,5500000,64782,,0.0,0,土地及建物分次登記案件。前案土地登記收件字號：；,RPPOMLQLPHOFFAW77CA,55.92,1.24,3.8,,
金湖鎮,房地(土地+建物),金門縣金湖鎮市港三路２３９號五樓,19.95,住,,,1080711,土地1建物1車位0,五層,八層,華廈(10層含以下有電梯),集合住宅,鋼筋混凝土造,1050421,102.55000000000001,3,2,2,有,無,6500000,63384,,0.0,0,土地及建物分次登記案件。前案土地登記收件字號：；,RPSNMLQLPHOFFAW97CA,69.35,2.38,8.06,,
烈嶼鄉,土地,褔上山測段446地號,383.53,其他,,,1080703,土地1建物0車位0,,,其他,,,,0.0,0,0,0,有,無,7800000,20337,,0.0,0,,RPVNMLQLPHOFFAW28CA,0.0,0.0,0.0,,
金城鎮,房地(土地+建物),金門縣金城鎮民族路１５５號,47.2,商,,,1080722,土地1建物1車位0,全,二層,透天厝,,加強磚造、鋼鐵造。,0560701,89.96,3,2,2,有,無,8000000,88928,,0.0,0,含增建或未登記建物。；,RPWNMLQLPHOFFAW38CA,84.52,2.72,2.72,,
金湖鎮,房地(土地+建物),金門縣金湖鎮塔后１２２之８號四樓,26.01,其他,,,1080619,土地1建物1車位0,四層,五層,華廈(10層含以下有電梯),集合住宅,鋼筋混凝土造,1080403,70.71000000000001,2,2,1,有,無,4150000,58682,,0.0,0,,RPQOMLQLPHOFFAW87CA,52.28,0.0,6.03,,
金湖鎮,房地(土地+建物),金門縣金湖鎮塔后１２２之８號三樓,26.01,其他,,,1080622,土地1建物1車位0,三層,五層,華廈(10層含以下有電梯),集合住宅,鋼筋混凝土造,1080403,70.71000000000001,2,2,1,有,無,4150000,58682,,0.0,0,,RPOOMLQLPHOFFAW67CA,52.28,0.0,6.03,,
金湖鎮,房地(土地+建物),金門縣金湖鎮市港三路２３９號,19.74,住,,,1080711,土地1建物1車位0,一層,八層,華廈(10層含以下有電梯),集合住宅,鋼筋混凝土造,1050421,91.86,3,2,2,有,無,6800000,74026,,0.0,0,土地及建物分次登記案件。前案土地登記收件字號：；,RPQNMLQLPHOFFAW77CA,69.35,0.0,0.0,,
金寧鄉,房地(土地+建物),金門縣金寧鄉安岐７７之１號,59.67,其他,,,1080718,土地1建物1車位0,一層,三層,公寓(5樓含以下無電梯),,,1080517,99.75,3,2,2,有,無,6200000,62155,,0.0,0,,RPXNMLQLPHOFFAW48CA,82.71,0.0,7.05,,
金湖鎮,房地(土地+建物),金門縣金湖鎮市港一路２５７號二樓,22.83,其他,,,1080618,土地1建物1車位0,二層,三層,套房(1房1廳1衛),集合住宅,鋼筋混凝土造,1040429,54.36,1,1,1,有,無,2500000,45990,,0.0,0,,RPPNMLKMPHOFFAW17CA,36.0,1.4,3.52,,
金湖鎮,房地(土地+建物),金門縣金湖鎮塔后１２２之８號五樓,26.01,其他,,,1080622,土地1建物1車位0,五層,五層,華廈(10層含以下有電梯),集合住宅,鋼筋混凝土造,1080403,70.71000000000001,2,2,1,有,無,4300000,60803,,0.0,0,,RPSOMLQLPHOFFAW08CA,52.28,0.0,6.03,,
金湖鎮,房地(土地+建物),金門縣金湖鎮市港五路１５１號八樓之８,13.38,住,,,1080711,土地1建物1車位0,八層,九層,華廈(10層含以下有電梯),集合住宅,鋼筋混凝土造,1051123,85.6,2,2,1,有,無,6170000,72079,,0.0,0,土地及建物分次登記案件。前案土地登記收件字號：；,RPPNMLTLPHOFFAW97CA,49.53,4.08,4.7,,
金沙鎮,土地,蔡厝劃測段180地號,753.8,農,,,1080716,土地1建物0車位0,,,其他,,,,0.0,0,0,0,有,無,1300000,1725,,0.0,0,親友、員工或其他特殊關係間之交易。；,RPTNMLOKQHOFFAW87CA,0.0,0.0,0.0,,
金湖鎮,房地(土地+建物),金門縣金湖鎮市港三路１４５號四樓,29.14,住,,,1080709,土地1建物1車位0,四層,七層,華廈(10層含以下有電梯),集合住宅,鋼筋混凝土造,1071211,136.57999999999998,3,2,2,有,無,9500000,69556,,0.0,0,,RPXNMLKMPHOFFAW97CA,89.93,0.0,9.74,,
金湖鎮,土地,湖后劃段244地號,2689.0,農,,,1080717,土地3建物0車位0,,,其他,,,,0.0,0,0,0,有,無,14996000,5577,,0.0,0,,RPQNMLPJQHOFFAW57CA,0.0,0.0,0.0,,
金湖鎮,房地(土地+建物),金門縣金湖鎮塔后１２２之９號二樓,26.01,其他,,,1080710,土地1建物1車位0,二層,五層,華廈(10層含以下有電梯),集合住宅,鋼筋混凝土造,1080403,70.71000000000001,2,2,1,有,無,4080000,57692,,0.0,0,,RPUNMLKMPHOFFAW67CA,52.28,0.0,6.03,,
金寧鄉,房地(土地+建物),金門縣金寧鄉安岐７７之１號二樓,59.67,其他,,,1080718,土地1建物1車位0,二層,三層,公寓(5樓含以下無電梯),,,1080517,99.44999999999999,3,2,2,有,無,6000000,60332,,0.0,0,,RPWOMLQLPHOFFAW48CA,77.58,0.0,11.88,,
金寧鄉,房地(土地+建物),金門縣金寧鄉下堡２２９號二樓,50.76,其他,,,1080718,土地1建物1車位0,二層,三層,公寓(5樓含以下無電梯),集合住宅,鋼筋混凝土造,1061116,81.91,2,2,2,有,無,3990000,48712,,0.0,0,土地及建物分次登記案件。前案土地登記收件字號：；,RPOPMLQLPHOFFAW77CA,62.76,0.0,12.32,,
金城鎮,房地(土地+建物),金門縣金城鎮山前６５號二樓,44.17,其他,,,1080615,土地1建物1車位0,二層,三層,公寓(5樓含以下無電梯),集合住宅,鋼筋混凝土造,1031222,82.67,3,2,1,有,無,5000000,60481,,0.0,0,,RPQPMLQLPHOFFAW97CA,62.71,0.0,2.52,,
金湖鎮,房地(土地+建物),金門縣金湖鎮市港三路225號5樓之6,11.01,住,,,1080712,土地1建物1車位0,五層,八層,華廈(10層含以下有電梯),集合住宅,鋼筋混凝土造,1041125,61.589999999999996,1,2,1,有,有,4500000,73064,,0.0,0,,RPQNMLMJQHOFFAW37DA,33.29,2.54,3.61,,
金沙鎮,土地,東店段145地號,1135.26,其他,,,1080724,土地2建物0車位0,,,其他,,,,0.0,0,0,0,有,無,3300000,2907,,0.0,0,,RPPPMLQLPHOFFAW97DA,0.0,0.0,0.0,,
金寧鄉,土地,寧劃段1628地號,2236.61,農,,,1080710,土地4建物0車位0,,,其他,,,,0.0,0,0,0,有,無,4500000,2012,,0.0,0,,RPRNMLKMPHOFFAW47DA,0.0,0.0,0.0,,
金沙鎮,土地,北九劃段893地號,250.0,農,,,1080726,土地1建物0車位0,,,其他,,,,0.0,0,0,0,有,無,850000,3400,,0.0,0,,RPSNMLKMPHOFFAW57DA,0.0,0.0,0.0,,
金湖鎮,房地(土地+建物),金門縣金湖鎮市港五路１３８號三樓之２,16.49,商,,,1080619,土地1建物1車位0,三層,十層,華廈(10層含以下有電梯),辦公室（廳）,鋼筋混凝土造,1051206,117.35,3,1,2,有,無,6900000,58798,,0.0,0,土地及建物分次登記案件。前案土地登記收件字號：；,RPWNMLKMPHOFFAW87CA,65.7,5.61,13.19,,
金湖鎮,房地(土地+建物),金門縣金湖鎮市港三路１４７號四樓,35.95,住,,,1080709,土地1建物1車位0,四層,七層,華廈(10層含以下有電梯),集合住宅,鋼筋混凝土造,1071211,169.54,4,2,2,有,無,12550000,74024,,0.0,0,,RPOOMLKMPHOFFAW17CA,112.64,0.0,11.33,,
金湖鎮,房地(土地+建物)+車位,金門縣金湖鎮市港三路１４７號七樓,36.47,住,,,1080710,土地1建物1車位1,七層,七層,華廈(10層含以下有電梯),集合住宅,鋼筋混凝土造,1071211,191.03,4,2,2,有,無,15000000,79632,坡道平面,21.5,1500000,,RPPOMLKMPHOFFAW27CA,112.64,0.0,11.33,,
金湖鎮,房地(土地+建物)+車位,金門縣金湖鎮市港三路１４１號七樓,31.64,住,,,1080722,土地1建物1車位1,七層,七層,華廈(10層含以下有電梯),集合住宅,鋼筋混凝土造,1071211,160.54,3,2,2,有,無,11700000,73057,坡道平面,14.08,1000000,,RPQNMLLJQHOFFAW17CA,96.17,0.0,10.71,,
金湖鎮,房地(土地+建物),金門縣金湖鎮信義新村２３號,91.0,其他,,,1080711,土地1建物1車位0,全,二層,透天厝,住家用,鋼筋混凝土造,0730901,145.71,5,2,2,有,無,1600000,10981,,0.0,0,親友、員工或其他特殊關係間之交易。；含增建或未登記建物。；,RPUNMLQLQHOFFAW28CA,140.76,0.0,4.95,,
金湖鎮,房地(土地+建物),金門縣金湖鎮成功３６之２號三樓,31.07,其他,,,1080717,土地1建物1車位0,三層,三層,公寓(5樓含以下無電梯),集合住宅,鋼筋混凝土造,1061207,58.72,2,1,1,有,無,3120000,53134,,0.0,0,,RPTNMLLJQHOFFAW47CA,43.22,0.0,5.53,,
金城鎮,土地,城南段411地號,312.63,其他,,,1070729,土地1建物0車位0,,,其他,,,,0.0,0,0,0,有,無,12000000,38384,,0.0,0,,RPPNMLMJQHOFFAW27DA,0.0,0.0,0.0,,
金寧鄉,房地(土地+建物),金門縣金寧鄉桃園路２３８號,167.64,住,,,1080718,土地2建物1車位0,全,三層,透天厝,,,1050728,176.58,3,2,2,有,無,16800000,95141,,0.0,0,,RPPNMLNLQHOFFAW47CA,160.85,3.69,12.04,,
金城鎮,房地(土地+建物),金門縣金城鎮西海路三段２２巷１０弄６６號,77.96,其他,,,1080429,土地1建物1車位0,全,三層,透天厝,住家用,鋼筋混凝土加強磚造,0831104,195.86,6,2,3,有,無,7500000,38293,,0.0,0,,RPUNMLLJQHOFFAW57CA,178.89,0.0,16.97,,
金湖鎮,房地(土地+建物)+車位,金門縣金湖鎮新頭３２３號,119.89,其他,,,1080627,土地1建物1車位1,全,三層,透天厝,集合住宅,鋼筋混凝土造,1070928,226.33,5,2,4,有,無,11153900,48759,坡道平面,13.98,800000,土地及建物分次登記案件。前案土地登記收件字號：；,RPWNMLLJQHOFFAW77CA,169.86,0.0,12.1,,
金寧鄉,房地(土地+建物),金門縣金寧鄉榜林６之１２號二樓,53.08,其他,,,1080717,土地1建物1車位0,二層,三層,公寓(5樓含以下無電梯),集合住宅,鋼筋混凝土造,1070627,82.04,2,1,1,有,無,5300000,64603,,0.0,0,,RPOOMLRLQHOFFAW87CA,69.02,0.0,3.93,,
金城鎮,土地,中一段383-3地號,71.07,其他,,,1080614,土地4建物0車位0,,,其他,,,,0.0,0,0,0,有,無,3000000,42212,,0.0,0,親友、員工或其他特殊關係間之交易。；,RPRNMLRJQHOFFAW87CA,0.0,0.0,0.0,,
金湖鎮,房地(土地+建物),金門縣金湖鎮林兜３３６號,115.44,其他,,,1080522,土地2建物1車位0,全,三層,透天厝,住家用,鋼筋混凝土造,1070327,185.67,4,3,4,有,無,13000000,70017,,0.0,0,,RPRNMLSJQHOFFAW97CA,173.75,0.0,11.92,,
金沙鎮,土地,中蘭劃測段207地號,510.0,農,,,1080725,土地1建物0車位0,,,其他,,,,0.0,0,0,0,有,無,2450000,4804,,0.0,0,,RPRNMLQJQHOFFAW77CA,0.0,0.0,0.0,,
金城鎮,土地,烏土段562地號,674.0,農,,,1080724,土地1建物0車位0,,,其他,,,,0.0,0,0,0,有,無,3000000,4451,,0.0,0,,RPTNMLSJQHOFFAW18CA,0.0,0.0,0.0,,
金湖鎮,房地(土地+建物)+車位,金門縣金湖鎮市港三路１４５號七樓,29.49,住,,,1080725,土地1建物1車位1,七層,七層,華廈(10層含以下有電梯),集合住宅,鋼筋混凝土造,1071211,149.52,3,2,2,有,無,10950000,73217,坡道平面,12.94,950000,,RPUNMLSJQHOFFAW28CA,89.93,0.0,9.74,,
金湖鎮,房地(土地+建物),金門縣金湖鎮新湖里漁村121號,88.47,住,,,1080719,土地4建物1車位0,全,三層,透天厝,停車空間、住宅、店鋪,鋼筋混凝土造,0900206,175.17,4,2,4,有,無,8000000,45670,,0.0,0,,RPXNMLSJQHOFFAW68DA,175.17,0.0,0.0,,
金沙鎮,土地,高坑劃測段781地號,750.01,農,,,1080802,土地1建物0車位0,,,其他,,,,0.0,0,0,0,有,無,1000000,1333,,0.0,0,親友、員工或其他特殊關係間之交易。；,RPTNMLMKQHOFFAW77DA,0.0,0.0,0.0,,
金寧鄉,土地,寧劃段331地號,489.54,農,,,1080719,土地1建物0車位0,,,其他,,,,0.0,0,0,0,有,無,2500000,5107,,0.0,0,,RPPNMLMKQHOFFAW37DA,0.0,0.0,0.0,,
金寧鄉,房地(土地+建物),金門縣金寧鄉東坑１１之１號三樓,46.08,其他,,,1080716,土地1建物1車位0,三層,三層,公寓(5樓含以下無電梯),,,1060123,81.73,3,2,2,有,無,5400000,66071,,0.0,0,土地及建物分次登記案件。前案土地登記收件字號：；,RPSNMLSJQHOFFAW08CA,66.42,0.0,8.76,,
金寧鄉,房地(土地+建物),金門縣金寧鄉東坑１１之２號,46.08,其他,,,1080716,土地1建物1車位0,一層,三層,公寓(5樓含以下無電梯),,,1060123,81.73,3,2,2,有,無,5450000,66683,,0.0,0,土地及建物分次登記案件。前案土地登記收件字號：；,SPSNMLSJQHOFFAW18CA,66.42,0.0,8.76,,
金寧鄉,房地(土地+建物),金門縣金寧鄉東坑１１之３號,46.08,其他,,,1080716,土地1建物1車位0,一層,三層,公寓(5樓含以下無電梯),,,1060123,82.53,3,2,2,有,無,5500000,66642,,0.0,0,土地及建物分次登記案件。前案土地登記收件字號：；,TPSNMLSJQHOFFAW28CA,67.22,0.0,8.76,,
金寧鄉,土地,寧湖三劃段423-2地號,143.5,農,,,1080805,土地1建物0車位0,,,其他,,,,0.0,0,0,0,有,無,1000000,6969,,0.0,0,,RPQNMLPKQHOFFAW67CA,0.0,0.0,0.0,,
烈嶼鄉,土地,西方劃測段573地號,809.0,農,,,1080729,土地1建物0車位0,,,其他,,,,0.0,0,0,0,有,無,4500000,5562,,0.0,0,,RPTNMLNKQHOFFAW77CA,0.0,0.0,0.0,,
金城鎮,土地,城北段149地號,16.93,商,,,1080802,土地1建物0車位0,,,其他,,,,0.0,0,0,0,有,無,1100000,64973,,0.0,0,,RPSNMLTJQHOFFAW18CA,0.0,0.0,0.0,,
金城鎮,土地,城隍廟段161地號,9.12,住,,,1080730,土地2建物0車位0,,,其他,,,,0.0,0,0,0,有,無,310000,33991,,0.0,0,,RPUNMLTJQHOFFAW38CA,0.0,0.0,0.0,,
金寧鄉,土地,西山段609地號,1008.95,農,,,1080801,土地2建物0車位0,,,其他,,,,0.0,0,0,0,有,無,15000000,14867,,0.0,0,,RPVNMLTJQHOFFAW48CA,0.0,0.0,0.0,,
金城鎮,房地(土地+建物),金門縣金城鎮小古崗３３之７號二樓,50.79,其他,,,1080630,土地1建物1車位0,二層,三層,公寓(5樓含以下無電梯),集合住宅,鋼筋混凝土造,1071127,85.72,3,2,2,有,無,4600000,53663,,0.0,0,,RPWNMLTJQHOFFAW58CA,71.28,0.0,7.91,,
金寧鄉,土地,寧古劃段849地號,500.0,其他,,,1080718,土地1建物0車位0,,,其他,,,,0.0,0,0,0,有,無,1450000,2900,,0.0,0,,RPQNMLMKQHOFFAW37CA,0.0,0.0,0.0,,
烈嶼鄉,土地,西方劃測段400地號,1772.83,其他,,,1080702,土地4建物0車位0,,,其他,,,,0.0,0,0,0,有,無,3200000,1805,,0.0,0,親友、員工或其他特殊關係間之交易。；,RPUNMLMKQHOFFAW77CA,0.0,0.0,0.0,,
烈嶼鄉,土地,西方劃測段311地號,1211.43,其他,,,1080612,土地2建物0車位0,,,其他,,,,0.0,0,0,0,有,無,2800000,2311,,0.0,0,親友、員工或其他特殊關係間之交易。；,RPVNMLMKQHOFFAW87CA,0.0,0.0,0.0,,
金湖鎮,土地,后壟段28-2地號,628.0,其他,,,1080725,土地1建物0車位0,,,其他,,,,0.0,0,0,0,有,無,8164000,13000,,0.0,0,,RPRNMLLLQHOFFAW47CA,0.0,0.0,0.0,,
金城鎮,房地(土地+建物),金門縣金城鎮小西門573號,133.72,其他,,,1080705,土地4建物1車位0,全,三層,透天厝,集合住宅,鋼筋混凝土造,1000801,172.59,3,1,3,有,無,11000000,63735,,0.0,0,,RPQNMLTJQHOFFAW08DA,162.15,0.0,10.44,,
金寧鄉,房地(土地+建物),金門縣金寧鄉東洲段93號3樓,52.65,其他,,,1080805,土地1建物1車位0,三層,三層,公寓(5樓含以下無電梯),集合住宅,鋼筋混凝土造,1061115,94.22,3,2,2,有,無,4600000,48822,,0.0,0,,RPQNMLTJRHOFFAW18DA,80.29,0.0,7.99,,
金城鎮,房地(土地+建物),金門縣金城鎮中興路54號,23.86,商,,,1080809,土地2建物1車位0,全,三層,透天厝,住商用,鋼筋混凝土造,0510601,69.0,1,1,1,有,無,4200000,60870,,0.0,0,親友、員工或其他特殊關係間之交易。；,RPQNMLMJRHOFFAW47DA,63.56,2.72,2.72,,
金寧鄉,土地,后沙劃測段104地號,5042.48,農,,,1080117,土地7建物0車位0,,,其他,,,,0.0,0,0,0,有,無,9000000,1785,,0.0,0,親友、員工或其他特殊關係間之交易。；本案價金為賣清價，實價登錄金額含繼承登記遺產稅，遺產稅罰鍰，買賣移轉登記等所有稅費。本案四連建。,RPTNMLKMQHOFFAW67CA,0.0,0.0,0.0,,
