﻿編號,土地位置,土地移轉面積(平方公尺),使用分區或編定,權利人持分分母,權利人持分分子,移轉情形,地號
The serial number, land position,land shifting area square meter,the use zoning or compiles and checks,,,,land parcel
RPPPMLRJKHIFFHL09DB,育賢段,12.96,都市：商,10000,49,持分移轉,01350001
RPSPMLRJKHIFFHL76DB,育賢段,15.07,都市：商,10000,57,持分移轉,01350001
RPRPMLRJKHIFFHL66DB,育賢段,12.96,都市：商,10000,49,持分移轉,01350001
RPVPMLRJKHIFFHL07DB,育賢段,14.81,都市：商,10000,56,持分移轉,01350001
RPXOMLRJKHIFFHL17DB,育賢段,12.69,都市：商,10000,48,持分移轉,01350001
RPWPMLRJKHIFFHL17DB,育賢段,20.10,都市：商,10000,76,持分移轉,01350001
RPOPMLRJKHIFFHL98DB,育賢段,12.69,都市：商,10000,48,持分移轉,01350001
RPQPMLRJKHIFFHL56DB,育賢段,14.81,都市：商,10000,56,持分移轉,01350001
RPTPMLRJKHIFFHL86DB,育賢段,12.96,都市：商,10000,49,持分移轉,01350001
RPUPMLRJKHIFFHL96DB,育賢段,12.96,都市：商,10000,49,持分移轉,01350001
RPOQMLRJKHIFFHL09DB,育賢段,14.81,都市：商,10000,56,持分移轉,01350001
RPPQMLRJKHIFFHL56DB,育賢段,14.81,都市：商,10000,56,持分移轉,01350001
RPQQMLRJKHIFFHL66DB,育賢段,8.99,都市：商,10000,34,持分移轉,01350001
RPSQMLRJKHIFFHL86DB,育賢段,8.20,都市：商,10000,31,持分移轉,01350001
RPXPMLRJKHIFFHL27DB,育賢段,12.69,都市：商,10000,48,持分移轉,01350001
RPRQMLRJKHIFFHL76DB,育賢段,12.69,都市：商,10000,48,持分移轉,01350001
RPWQMLRJKHIFFHL27DB,育賢段,14.81,都市：商,10000,56,持分移轉,01350001
RPTQMLRJKHIFFHL96DB,育賢段,14.81,都市：商,10000,56,持分移轉,01350001
RPVQMLRJKHIFFHL17DB,育賢段,12.69,都市：商,10000,48,持分移轉,01350001
RPUQMLRJKHIFFHL07DB,育賢段,12.43,都市：商,10000,47,持分移轉,01350001
RPXQMLRJKHIFFHL37DB,育賢段,8.99,都市：商,10000,34,持分移轉,01350001
RPPRMLRJKHIFFHL66DB,育賢段,12.69,都市：商,10000,48,持分移轉,01350001
RPQRMLRJKHIFFHL76DB,育賢段,12.43,都市：商,10000,47,持分移轉,01350001
RPSNMLSLKHIFFBB77CB,同榮段,38.30,都市：住,100000,2379,持分移轉,18850000
RPSNMLSLKHIFFBB77CB,同榮段,2.08,都市：住,100000,2393,持分移轉,18850002
RPSNMLSLKHIFFBB77CB,同榮段,2.08,都市：住,100000,2393,持分移轉,18800019
RPRRMLRJKHIFFHL86DB,育賢段,15.07,都市：商,10000,57,持分移轉,01350001
RPORMLRJKHIFFHL56DB,育賢段,12.43,都市：商,10000,47,持分移轉,01350001
RPTNMLSLKHIFFBB87CB,同榮段,38.69,都市：住,100000,2403,持分移轉,18850000
RPTNMLSLKHIFFBB87CB,同榮段,2.10,都市：住,100000,2417,持分移轉,18800019
RPTNMLSLKHIFFBB87CB,同榮段,2.10,都市：住,100000,2417,持分移轉,18850002
RPUNMLSLKHIFFBB97CB,同榮段,38.30,都市：住,100000,2379,持分移轉,18850000
RPUNMLSLKHIFFBB97CB,同榮段,2.08,都市：住,100000,2393,持分移轉,18800019
RPUNMLSLKHIFFBB97CB,同榮段,2.08,都市：住,100000,2393,持分移轉,18850002
RPRNMLSLKHIFFBB67CB,同榮段,38.69,都市：住,100000,2403,持分移轉,18850000
RPRNMLSLKHIFFBB67CB,同榮段,2.10,都市：住,100000,2417,持分移轉,18850002
RPRNMLSLKHIFFBB67CB,同榮段,2.10,都市：住,100000,2417,持分移轉,18800019
RPSRMLRJKHIFFHL96DB,育賢段,12.96,都市：商,10000,49,持分移轉,01350001
RPOPMLNKLHIFFAB07DB,樹子腳段,24.71,都市：住,10000,101,持分移轉,02580000
RPWOMLNKLHIFFAB77DB,樹子腳段,24.71,都市：住,10000,101,持分移轉,02580000
RPUOMLNKLHIFFAB57DB,樹子腳段,25.20,都市：住,10000,103,持分移轉,02580000
RPTOMLNKLHIFFAB47DB,樹子腳段,24.47,都市：住,10000,100,持分移轉,02580000
RPSOMLNKLHIFFAB37DB,樹子腳段,24.71,都市：住,10000,101,持分移轉,02580000
RPXNMLNKLHIFFAB77DB,樹子腳段,24.71,都市：住,10000,101,持分移轉,02580000
RPWNMLNKLHIFFAB67DB,樹子腳段,24.47,都市：住,10000,100,持分移轉,02580000
RPVOMLNKLHIFFAB67DB,樹子腳段,24.71,都市：住,10000,101,持分移轉,02580000
RPQOMLNKLHIFFAB17DB,樹子腳段,24.71,都市：住,10000,101,持分移轉,02580000
RPXOMLNKLHIFFAB87DB,樹子腳段,24.71,都市：住,10000,101,持分移轉,02580000
RPOOMLOKLHIFFAB07DB,樹子腳段,24.71,都市：住,10000,101,持分移轉,02580000
RPPOMLOKLHIFFAB17DB,樹子腳段,24.71,都市：住,10000,101,持分移轉,02580000
RPROMLOKLHIFFAB37DB,樹子腳段,24.71,都市：住,10000,101,持分移轉,02580000
RPQOMLOKLHIFFAB27DB,樹子腳段,24.71,都市：住,10000,101,持分移轉,02580000
RPSOMLOKLHIFFAB47DB,樹子腳段,24.47,都市：住,10000,100,持分移轉,02580000
RPTOMLOKLHIFFAB57DB,樹子腳段,24.71,都市：住,10000,101,持分移轉,02580000
RPPPMLNKLHIFFAB17DB,樹子腳段,24.71,都市：住,10000,101,持分移轉,02580000
RPVOMLOKLHIFFAB77DB,樹子腳段,24.47,都市：住,10000,100,持分移轉,02580000
RPUOMLOKLHIFFAB67DB,樹子腳段,24.71,都市：住,10000,101,持分移轉,02580000
RPXNMLOKLHIFFAB87DB,樹子腳段,24.71,都市：住,10000,101,持分移轉,02580000
RPXNMLPKLHIFFAB97DB,樹子腳段,24.71,都市：住,10000,101,持分移轉,02580000
RPPOMLPKLHIFFAB27DB,樹子腳段,24.71,都市：住,10000,101,持分移轉,02580000
RPUNMLPKLHIFFAB67DB,樹子腳段,24.71,都市：住,10000,101,持分移轉,02580000
RPVNMLPKLHIFFAB77DB,樹子腳段,24.71,都市：住,10000,101,持分移轉,02580000
RPWNMLPKLHIFFAB87DB,樹子腳段,24.47,都市：住,10000,100,持分移轉,02580000
RPOOMLPKLHIFFAB17DB,樹子腳段,24.47,都市：住,10000,100,持分移轉,02580000
RPRPMLPKLHIFFAB57DB,樹子腳段,24.47,都市：住,10000,100,持分移轉,02580000
RPSOMLPKLHIFFAB57DB,樹子腳段,24.71,都市：住,10000,101,持分移轉,02580000
RPTOMLPKLHIFFAB67DB,樹子腳段,24.71,都市：住,10000,101,持分移轉,02580000
RPTPMLPKLHIFFAB77DB,樹子腳段,24.47,都市：住,10000,100,持分移轉,02580000
RPSPMLPKLHIFFAB67DB,樹子腳段,24.71,都市：住,10000,101,持分移轉,02580000
RPXOMLPKLHIFFAB08DB,樹子腳段,24.71,都市：住,10000,101,持分移轉,02580000
RPUOMLPKLHIFFAB77DB,樹子腳段,24.71,都市：住,10000,101,持分移轉,02580000
RPVOMLPKLHIFFAB87DB,樹子腳段,24.71,都市：住,10000,101,持分移轉,02580000
RPQOMLPKLHIFFAB37DB,樹子腳段,24.71,都市：住,10000,101,持分移轉,02580000
RPROMLPKLHIFFAB47DB,樹子腳段,24.47,都市：住,10000,100,持分移轉,02580000
RPWPMLPKLHIFFAB08DB,樹子腳段,24.71,都市：住,10000,101,持分移轉,02580000
RPOQMLPKLHIFFAB37DB,樹子腳段,24.71,都市：住,10000,101,持分移轉,02580000
RPPQMLPKLHIFFAB47DB,樹子腳段,24.71,都市：住,10000,101,持分移轉,02580000
RPVPMLPKLHIFFAB97DB,樹子腳段,24.71,都市：住,10000,101,持分移轉,02580000
RPQQMLPKLHIFFAB57DB,樹子腳段,24.71,都市：住,10000,101,持分移轉,02580000
RPRQMLPKLHIFFAB67DB,樹子腳段,24.71,都市：住,10000,101,持分移轉,02580000
RPXPMLPKLHIFFAB18DB,樹子腳段,24.47,都市：住,10000,100,持分移轉,02580000
RPTQMLPKLHIFFAB87DB,樹子腳段,24.71,都市：住,10000,101,持分移轉,02580000
RPUQMLPKLHIFFAB97DB,樹子腳段,24.71,都市：住,10000,101,持分移轉,02580000
RPSQMLPKLHIFFAB77DB,樹子腳段,24.71,都市：住,10000,101,持分移轉,02580000
RPVQMLPKLHIFFAB08DB,樹子腳段,17.13,都市：住,10000,70,持分移轉,02580000
RPXQMLPKLHIFFAB28DB,樹子腳段,17.13,都市：住,10000,70,持分移轉,02580000
RPWQMLPKLHIFFAB18DB,樹子腳段,17.13,都市：住,10000,70,持分移轉,02580000
RPTRMLPKLHIFFAB97DB,樹子腳段,17.13,都市：住,10000,70,持分移轉,02580000
RPORMLPKLHIFFAB47DB,樹子腳段,17.13,都市：住,10000,70,持分移轉,02580000
RPURMLPKLHIFFAB08DB,樹子腳段,17.13,都市：住,10000,70,持分移轉,02580000
RPQRMLPKLHIFFAB67DB,樹子腳段,17.13,都市：住,10000,70,持分移轉,02580000
RPPRMLPKLHIFFAB57DB,樹子腳段,17.13,都市：住,10000,70,持分移轉,02580000
RPSRMLPKLHIFFAB87DB,樹子腳段,17.13,都市：住,10000,70,持分移轉,02580000
RPRRMLPKLHIFFAB77DB,樹子腳段,17.13,都市：住,10000,70,持分移轉,02580000
RPWRMLPKLHIFFAB28DB,樹子腳段,17.13,都市：住,10000,70,持分移轉,02580000
RPVRMLPKLHIFFAB18DB,樹子腳段,17.13,都市：住,10000,70,持分移轉,02580000
RPXRMLPKLHIFFAB38DB,樹子腳段,17.13,都市：住,10000,70,持分移轉,02580000
RPPSMLPKLHIFFAB67DB,樹子腳段,17.13,都市：住,10000,70,持分移轉,02580000
RPVSMLPKLHIFFAB28DB,樹子腳段,17.37,都市：住,10000,71,持分移轉,02580000
RPUSMLPKLHIFFAB18DB,樹子腳段,17.13,都市：住,10000,70,持分移轉,02580000
RPWSMLPKLHIFFAB38DB,樹子腳段,17.37,都市：住,10000,71,持分移轉,02580000
RPSSMLPKLHIFFAB97DB,樹子腳段,17.13,都市：住,10000,70,持分移轉,02580000
RPQSMLPKLHIFFAB77DB,樹子腳段,17.13,都市：住,10000,70,持分移轉,02580000
RPXSMLPKLHIFFAB48DB,樹子腳段,17.13,都市：住,10000,70,持分移轉,02580000
RPTSMLPKLHIFFAB08DB,樹子腳段,17.37,都市：住,10000,71,持分移轉,02580000
RPRSMLPKLHIFFAB87DB,樹子腳段,17.37,都市：住,10000,71,持分移轉,02580000
RPOSMLPKLHIFFAB57DB,樹子腳段,17.13,都市：住,10000,70,持分移轉,02580000
RPPTMLPKLHIFFAB77DB,樹子腳段,17.13,都市：住,10000,70,持分移轉,02580000
RPRTMLPKLHIFFAB97DB,樹子腳段,17.37,都市：住,10000,71,持分移轉,02580000
RPOTMLPKLHIFFAB67DB,樹子腳段,17.13,都市：住,10000,70,持分移轉,02580000
RPSTMLPKLHIFFAB08DB,樹子腳段,17.13,都市：住,10000,70,持分移轉,02580000
RPVTMLPKLHIFFAB38DB,樹子腳段,17.13,都市：住,10000,70,持分移轉,02580000
RPTTMLPKLHIFFAB18DB,樹子腳段,17.13,都市：住,10000,70,持分移轉,02580000
RPXTMLPKLHIFFAB58DB,樹子腳段,17.37,都市：住,10000,71,持分移轉,02580000
RPQTMLPKLHIFFAB87DB,樹子腳段,17.13,都市：住,10000,70,持分移轉,02580000
RPUTMLPKLHIFFAB28DB,樹子腳段,17.13,都市：住,10000,70,持分移轉,02580000
RPQUMLPKLHIFFAB97DB,樹子腳段,17.37,都市：住,10000,71,持分移轉,02580000
RPRUMLPKLHIFFAB08DB,樹子腳段,17.13,都市：住,10000,70,持分移轉,02580000
RPSUMLPKLHIFFAB18DB,樹子腳段,17.13,都市：住,10000,70,持分移轉,02580000
RPWTMLPKLHIFFAB48DB,樹子腳段,17.13,都市：住,10000,70,持分移轉,02580000
RPUUMLPKLHIFFAB38DB,樹子腳段,17.37,都市：住,10000,71,持分移轉,02580000
RPWUMLPKLHIFFAB58DB,樹子腳段,17.13,都市：住,10000,70,持分移轉,02580000
RPVUMLPKLHIFFAB48DB,樹子腳段,17.37,都市：住,10000,71,持分移轉,02580000
RPOUMLPKLHIFFAB77DB,樹子腳段,17.37,都市：住,10000,71,持分移轉,02580000
RPPUMLPKLHIFFAB87DB,樹子腳段,17.13,都市：住,10000,70,持分移轉,02580000
RPXUMLPKLHIFFAB68DB,樹子腳段,17.13,都市：住,10000,70,持分移轉,02580000
RPOVMLPKLHIFFAB87DB,樹子腳段,17.13,都市：住,10000,70,持分移轉,02580000
RPRVMLPKLHIFFAB18DB,樹子腳段,17.13,都市：住,10000,70,持分移轉,02580000
RPSVMLPKLHIFFAB28DB,樹子腳段,17.13,都市：住,10000,70,持分移轉,02580000
RPQVMLPKLHIFFAB08DB,樹子腳段,17.13,都市：住,10000,70,持分移轉,02580000
RPPVMLPKLHIFFAB97DB,樹子腳段,17.13,都市：住,10000,70,持分移轉,02580000
RPTVMLPKLHIFFAB38DB,樹子腳段,17.37,都市：住,10000,71,持分移轉,02580000
RPOPMLNJMHIFFAB07DB,練武段,12.33,都市：商,10000,28,持分移轉,10730000
RPWOMLNJMHIFFAB77DB,練武段,12.33,都市：商,10000,28,持分移轉,10730000
RPTOMLNJMHIFFAB47DB,練武段,12.77,都市：商,10000,29,持分移轉,10730000
RPUOMLNJMHIFFAB57DB,練武段,12.77,都市：商,10000,29,持分移轉,10730000
RPROMLNJMHIFFAB27DB,練武段,12.77,都市：商,10000,29,持分移轉,10730000
RPXOMLNJMHIFFAB87DB,練武段,12.33,都市：商,10000,28,持分移轉,10730000
RPVOMLNJMHIFFAB67DB,練武段,12.77,都市：商,10000,29,持分移轉,10730000
RPSOMLNJMHIFFAB37DB,練武段,12.77,都市：商,10000,29,持分移轉,10730000
RPVVMLPKLHIFFAB58DB,樹子腳段,17.13,都市：住,10000,70,持分移轉,02580000
RPUVMLPKLHIFFAB48DB,樹子腳段,17.13,都市：住,10000,70,持分移轉,02580000
RPPPMLNJMHIFFAB17DB,練武段,12.33,都市：商,10000,28,持分移轉,10730000
RPQPMLNJMHIFFAB27DB,練武段,12.77,都市：商,10000,29,持分移轉,10730000
RPSPMLNJMHIFFAB47DB,練武段,12.77,都市：商,10000,29,持分移轉,10730000
RPTPMLNJMHIFFAB57DB,練武段,12.33,都市：商,10000,28,持分移轉,10730000
RPUPMLNJMHIFFAB67DB,練武段,12.33,都市：商,10000,28,持分移轉,10730000
RPWPMLNJMHIFFAB87DB,練武段,12.33,都市：商,10000,28,持分移轉,10730000
RPVPMLNJMHIFFAB77DB,練武段,12.33,都市：商,10000,28,持分移轉,10730000
RPXPMLNJMHIFFAB97DB,練武段,12.33,都市：商,10000,28,持分移轉,10730000
RPOQMLNJMHIFFAB17DB,練武段,12.33,都市：商,10000,28,持分移轉,10730000
RPPQMLNJMHIFFAB27DB,練武段,12.77,都市：商,10000,29,持分移轉,10730000
RPQQMLNJMHIFFAB37DB,練武段,12.33,都市：商,10000,28,持分移轉,10730000
RPRQMLNJMHIFFAB47DB,練武段,12.33,都市：商,10000,28,持分移轉,10730000
RPPRMLNJMHIFFAB37DB,練武段,12.33,都市：商,10000,28,持分移轉,10730000
RPQRMLNJMHIFFAB47DB,練武段,12.33,都市：商,10000,28,持分移轉,10730000
RPWQMLNJMHIFFAB97DB,練武段,12.33,都市：商,10000,28,持分移轉,10730000
RPVQMLNJMHIFFAB87DB,練武段,12.33,都市：商,10000,28,持分移轉,10730000
RPTQMLNJMHIFFAB67DB,練武段,12.33,都市：商,10000,28,持分移轉,10730000
RPORMLNJMHIFFAB27DB,練武段,12.33,都市：商,10000,28,持分移轉,10730000
RPSQMLNJMHIFFAB57DB,練武段,11.89,都市：商,10000,27,持分移轉,10730000
RPXQMLNJMHIFFAB08DB,練武段,12.33,都市：商,10000,28,持分移轉,10730000
RPRRMLNJMHIFFAB57DB,練武段,12.33,都市：商,10000,28,持分移轉,10730000
RPTRMLNJMHIFFAB77DB,練武段,12.33,都市：商,10000,28,持分移轉,10730000
RPWNMLQKMHIFFBB08CB,軍和段,6.52,都市：住,10000,57,持分移轉,01650000
RPWNMLQKMHIFFBB08CB,軍和段,12.89,都市：住,10000,57,持分移轉,01660000
RPPOMLQKMHIFFBB47CB,軍和段,6.52,都市：住,10000,57,持分移轉,01650000
RPPOMLQKMHIFFBB47CB,軍和段,12.89,都市：住,10000,57,持分移轉,01660000
RPOOMLQKMHIFFBB37CB,軍和段,6.52,都市：住,10000,57,持分移轉,01650000
RPOOMLQKMHIFFBB37CB,軍和段,12.89,都市：住,10000,57,持分移轉,01660000
RPSRMLNJMHIFFAB67DB,練武段,12.33,都市：商,10000,28,持分移轉,10730000
RPROMLQKMHIFFBB67CB,軍和段,6.52,都市：住,10000,57,持分移轉,01650000
RPROMLQKMHIFFBB67CB,軍和段,12.89,都市：住,10000,57,持分移轉,01660000
RPSOMLQKMHIFFBB77CB,軍和段,6.52,都市：住,10000,57,持分移轉,01650000
RPSOMLQKMHIFFBB77CB,軍和段,12.89,都市：住,10000,57,持分移轉,01660000
RPXNMLQKMHIFFBB18CB,軍和段,6.52,都市：住,10000,57,持分移轉,01650000
RPXNMLQKMHIFFBB18CB,軍和段,12.89,都市：住,10000,57,持分移轉,01660000
RPQOMLQKMHIFFBB57CB,軍和段,6.52,都市：住,10000,57,持分移轉,01650000
RPQOMLQKMHIFFBB57CB,軍和段,12.89,都市：住,10000,57,持分移轉,01660000
RPUOMLQKMHIFFBB97CB,軍和段,6.52,都市：住,10000,57,持分移轉,01650000
RPUOMLQKMHIFFBB97CB,軍和段,12.89,都市：住,10000,57,持分移轉,01660000
RPVOMLQKMHIFFBB08CB,軍和段,6.52,都市：住,10000,57,持分移轉,01650000
RPVOMLQKMHIFFBB08CB,軍和段,12.89,都市：住,10000,57,持分移轉,01660000
RPTOMLQKMHIFFBB87CB,軍和段,6.52,都市：住,10000,57,持分移轉,01650000
RPTOMLQKMHIFFBB87CB,軍和段,12.89,都市：住,10000,57,持分移轉,01660000
RPRPMLQKMHIFFBB77CB,軍和段,6.63,都市：住,10000,58,持分移轉,01650000
RPRPMLQKMHIFFBB77CB,軍和段,13.11,都市：住,10000,58,持分移轉,01660000
RPSPMLQKMHIFFBB87CB,軍和段,6.63,都市：住,10000,58,持分移轉,01650000
RPSPMLQKMHIFFBB87CB,軍和段,13.11,都市：住,10000,58,持分移轉,01660000
RPQPMLQKMHIFFBB67CB,軍和段,6.63,都市：住,10000,58,持分移轉,01650000
RPQPMLQKMHIFFBB67CB,軍和段,13.11,都市：住,10000,58,持分移轉,01660000
RPTPMLQKMHIFFBB97CB,軍和段,6.63,都市：住,10000,58,持分移轉,01650000
RPTPMLQKMHIFFBB97CB,軍和段,13.11,都市：住,10000,58,持分移轉,01660000
RPUPMLQKMHIFFBB08CB,軍和段,6.63,都市：住,10000,58,持分移轉,01650000
RPUPMLQKMHIFFBB08CB,軍和段,13.11,都市：住,10000,58,持分移轉,01660000
RPWPMLQKMHIFFBB28CB,軍和段,6.63,都市：住,10000,58,持分移轉,01650000
RPWPMLQKMHIFFBB28CB,軍和段,13.11,都市：住,10000,58,持分移轉,01660000
RPXPMLQKMHIFFBB38CB,軍和段,6.63,都市：住,10000,58,持分移轉,01650000
RPXPMLQKMHIFFBB38CB,軍和段,13.11,都市：住,10000,58,持分移轉,01660000
RPVPMLQKMHIFFBB18CB,軍和段,6.63,都市：住,10000,58,持分移轉,01650000
RPVPMLQKMHIFFBB18CB,軍和段,13.11,都市：住,10000,58,持分移轉,01660000
RPOQMLQKMHIFFBB57CB,軍和段,6.63,都市：住,10000,58,持分移轉,01650000
RPOQMLQKMHIFFBB57CB,軍和段,13.11,都市：住,10000,58,持分移轉,01660000
RPRQMLQKMHIFFBB87CB,軍和段,6.63,都市：住,10000,58,持分移轉,01650000
RPRQMLQKMHIFFBB87CB,軍和段,13.11,都市：住,10000,58,持分移轉,01660000
RPPQMLQKMHIFFBB67CB,軍和段,6.63,都市：住,10000,58,持分移轉,01650000
RPPQMLQKMHIFFBB67CB,軍和段,13.11,都市：住,10000,58,持分移轉,01660000
RPSQMLQKMHIFFBB97CB,軍和段,6.63,都市：住,10000,58,持分移轉,01650000
RPSQMLQKMHIFFBB97CB,軍和段,13.11,都市：住,10000,58,持分移轉,01660000
RPQQMLQKMHIFFBB77CB,軍和段,6.63,都市：住,10000,58,持分移轉,01650000
RPQQMLQKMHIFFBB77CB,軍和段,13.11,都市：住,10000,58,持分移轉,01660000
RPPRMLQKMHIFFBB77CB,軍和段,6.75,都市：住,10000,59,持分移轉,01650000
RPPRMLQKMHIFFBB77CB,軍和段,13.34,都市：住,10000,59,持分移轉,01660000
RPUQMLQKMHIFFBB18CB,軍和段,6.63,都市：住,10000,58,持分移轉,01650000
RPUQMLQKMHIFFBB18CB,軍和段,13.11,都市：住,10000,58,持分移轉,01660000
RPORMLQKMHIFFBB67CB,軍和段,6.75,都市：住,10000,59,持分移轉,01650000
RPORMLQKMHIFFBB67CB,軍和段,13.34,都市：住,10000,59,持分移轉,01660000
RPXQMLQKMHIFFBB48CB,軍和段,6.75,都市：住,10000,59,持分移轉,01650000
RPXQMLQKMHIFFBB48CB,軍和段,13.34,都市：住,10000,59,持分移轉,01660000
RPQRMLQKMHIFFBB87CB,軍和段,6.75,都市：住,10000,59,持分移轉,01650000
RPQRMLQKMHIFFBB87CB,軍和段,13.34,都市：住,10000,59,持分移轉,01660000
RPRRMLQKMHIFFBB97CB,軍和段,6.75,都市：住,10000,59,持分移轉,01650000
RPRRMLQKMHIFFBB97CB,軍和段,13.34,都市：住,10000,59,持分移轉,01660000
RPTRMLQKMHIFFBB18CB,軍和段,6.75,都市：住,10000,59,持分移轉,01650000
RPTRMLQKMHIFFBB18CB,軍和段,13.34,都市：住,10000,59,持分移轉,01660000
RPSRMLQKMHIFFBB08CB,軍和段,6.75,都市：住,10000,59,持分移轉,01650000
RPSRMLQKMHIFFBB08CB,軍和段,13.34,都市：住,10000,59,持分移轉,01660000
RPVRMLQKMHIFFBB38CB,軍和段,6.75,都市：住,10000,59,持分移轉,01650000
RPVRMLQKMHIFFBB38CB,軍和段,13.34,都市：住,10000,59,持分移轉,01660000
RPWRMLQKMHIFFBB48CB,軍和段,6.75,都市：住,10000,59,持分移轉,01650000
RPWRMLQKMHIFFBB48CB,軍和段,13.34,都市：住,10000,59,持分移轉,01660000
RPURMLQKMHIFFBB28CB,軍和段,6.75,都市：住,10000,59,持分移轉,01650000
RPURMLQKMHIFFBB28CB,軍和段,13.34,都市：住,10000,59,持分移轉,01660000
RPXRMLQKMHIFFBB58CB,軍和段,6.75,都市：住,10000,59,持分移轉,01650000
RPXRMLQKMHIFFBB58CB,軍和段,13.34,都市：住,10000,59,持分移轉,01660000
RPOSMLQKMHIFFBB77CB,軍和段,6.75,都市：住,10000,59,持分移轉,01650000
RPOSMLQKMHIFFBB77CB,軍和段,13.34,都市：住,10000,59,持分移轉,01660000
RPRSMLQKMHIFFBB08CB,軍和段,6.75,都市：住,10000,59,持分移轉,01650000
RPRSMLQKMHIFFBB08CB,軍和段,13.34,都市：住,10000,59,持分移轉,01660000
RPVSMLQKMHIFFBB48CB,軍和段,6.52,都市：住,10000,57,持分移轉,01650000
RPVSMLQKMHIFFBB48CB,軍和段,12.89,都市：住,10000,57,持分移轉,01660000
RPXSMLQKMHIFFBB68CB,軍和段,9.03,都市：住,10000,79,持分移轉,01650000
RPXSMLQKMHIFFBB68CB,軍和段,17.86,都市：住,10000,79,持分移轉,01660000
RPQSMLQKMHIFFBB97CB,軍和段,6.75,都市：住,10000,59,持分移轉,01650000
RPQSMLQKMHIFFBB97CB,軍和段,13.34,都市：住,10000,59,持分移轉,01660000
RPWSMLQKMHIFFBB58CB,軍和段,9.03,都市：住,10000,79,持分移轉,01650000
RPWSMLQKMHIFFBB58CB,軍和段,17.86,都市：住,10000,79,持分移轉,01660000
RPOTMLQKMHIFFBB87CB,軍和段,9.03,都市：住,10000,79,持分移轉,01650000
RPOTMLQKMHIFFBB87CB,軍和段,17.86,都市：住,10000,79,持分移轉,01660000
RPPTMLQKMHIFFBB97CB,軍和段,9.03,都市：住,10000,79,持分移轉,01650000
RPPTMLQKMHIFFBB97CB,軍和段,17.86,都市：住,10000,79,持分移轉,01660000
RPSTMLQKMHIFFBB28CB,軍和段,9.03,都市：住,10000,79,持分移轉,01650000
RPSTMLQKMHIFFBB28CB,軍和段,17.86,都市：住,10000,79,持分移轉,01660000
RPRTMLQKMHIFFBB18CB,軍和段,9.03,都市：住,10000,79,持分移轉,01650000
RPRTMLQKMHIFFBB18CB,軍和段,17.86,都市：住,10000,79,持分移轉,01660000
RPTTMLQKMHIFFBB38CB,軍和段,9.03,都市：住,10000,79,持分移轉,01650000
RPTTMLQKMHIFFBB38CB,軍和段,17.86,都市：住,10000,79,持分移轉,01660000
RPUTMLQKMHIFFBB48CB,軍和段,9.03,都市：住,10000,79,持分移轉,01650000
RPUTMLQKMHIFFBB48CB,軍和段,17.86,都市：住,10000,79,持分移轉,01660000
RPWTMLQKMHIFFBB68CB,軍和段,9.03,都市：住,10000,79,持分移轉,01650000
RPWTMLQKMHIFFBB68CB,軍和段,17.86,都市：住,10000,79,持分移轉,01660000
RPOUMLQKMHIFFBB97CB,軍和段,9.03,都市：住,10000,79,持分移轉,01650000
RPOUMLQKMHIFFBB97CB,軍和段,17.86,都市：住,10000,79,持分移轉,01660000
RPXTMLQKMHIFFBB78CB,軍和段,9.03,都市：住,10000,79,持分移轉,01650000
RPXTMLQKMHIFFBB78CB,軍和段,17.86,都市：住,10000,79,持分移轉,01660000
RPVTMLQKMHIFFBB58CB,軍和段,9.03,都市：住,10000,79,持分移轉,01650000
RPVTMLQKMHIFFBB58CB,軍和段,17.86,都市：住,10000,79,持分移轉,01660000
RPPUMLQKMHIFFBB08CB,軍和段,9.03,都市：住,10000,79,持分移轉,01650000
RPPUMLQKMHIFFBB08CB,軍和段,17.86,都市：住,10000,79,持分移轉,01660000
RPRUMLQKMHIFFBB28CB,軍和段,7.66,都市：住,10000,67,持分移轉,01650000
RPRUMLQKMHIFFBB28CB,軍和段,15.15,都市：住,10000,67,持分移轉,01660000
RPVUMLQKMHIFFBB68CB,軍和段,7.66,都市：住,10000,67,持分移轉,01650000
RPVUMLQKMHIFFBB68CB,軍和段,15.15,都市：住,10000,67,持分移轉,01660000
RPSUMLQKMHIFFBB38CB,軍和段,7.66,都市：住,10000,67,持分移轉,01650000
RPSUMLQKMHIFFBB38CB,軍和段,15.15,都市：住,10000,67,持分移轉,01660000
RPWUMLQKMHIFFBB78CB,軍和段,7.66,都市：住,10000,67,持分移轉,01650000
RPWUMLQKMHIFFBB78CB,軍和段,15.15,都市：住,10000,67,持分移轉,01660000
RPUUMLQKMHIFFBB58CB,軍和段,7.66,都市：住,10000,67,持分移轉,01650000
RPUUMLQKMHIFFBB58CB,軍和段,15.15,都市：住,10000,67,持分移轉,01660000
RPQUMLQKMHIFFBB18CB,軍和段,9.03,都市：住,10000,79,持分移轉,01650000
RPQUMLQKMHIFFBB18CB,軍和段,17.86,都市：住,10000,79,持分移轉,01660000
RPPVMLQKMHIFFBB18CB,軍和段,7.66,都市：住,10000,67,持分移轉,01650000
RPPVMLQKMHIFFBB18CB,軍和段,15.15,都市：住,10000,67,持分移轉,01660000
RPXUMLQKMHIFFBB88CB,軍和段,7.66,都市：住,10000,67,持分移轉,01650000
RPXUMLQKMHIFFBB88CB,軍和段,15.15,都市：住,10000,67,持分移轉,01660000
RPOVMLQKMHIFFBB08CB,軍和段,7.66,都市：住,10000,67,持分移轉,01650000
RPOVMLQKMHIFFBB08CB,軍和段,15.15,都市：住,10000,67,持分移轉,01660000
RPQVMLQKMHIFFBB28CB,軍和段,7.66,都市：住,10000,67,持分移轉,01650000
RPQVMLQKMHIFFBB28CB,軍和段,15.15,都市：住,10000,67,持分移轉,01660000
RPRVMLQKMHIFFBB38CB,軍和段,7.66,都市：住,10000,67,持分移轉,01650000
RPRVMLQKMHIFFBB38CB,軍和段,15.15,都市：住,10000,67,持分移轉,01660000
RPSVMLQKMHIFFBB48CB,軍和段,7.66,都市：住,10000,67,持分移轉,01650000
RPSVMLQKMHIFFBB48CB,軍和段,15.15,都市：住,10000,67,持分移轉,01660000
RPTVMLQKMHIFFBB58CB,軍和段,7.66,都市：住,10000,67,持分移轉,01650000
RPTVMLQKMHIFFBB58CB,軍和段,15.15,都市：住,10000,67,持分移轉,01660000
RPVVMLQKMHIFFBB78CB,軍和段,7.66,都市：住,10000,67,持分移轉,01650000
RPVVMLQKMHIFFBB78CB,軍和段,15.15,都市：住,10000,67,持分移轉,01660000
RPUVMLQKMHIFFBB68CB,軍和段,7.66,都市：住,10000,67,持分移轉,01650000
RPUVMLQKMHIFFBB68CB,軍和段,15.15,都市：住,10000,67,持分移轉,01660000
RPRWMLQKMHIFFBB48CB,軍和段,7.20,都市：住,10000,63,持分移轉,01650000
RPRWMLQKMHIFFBB48CB,軍和段,14.24,都市：住,10000,63,持分移轉,01660000
RPQWMLQKMHIFFBB38CB,軍和段,7.20,都市：住,10000,63,持分移轉,01650000
RPQWMLQKMHIFFBB38CB,軍和段,14.24,都市：住,10000,63,持分移轉,01660000
RPPWMLQKMHIFFBB28CB,軍和段,7.20,都市：住,10000,63,持分移轉,01650000
RPPWMLQKMHIFFBB28CB,軍和段,14.24,都市：住,10000,63,持分移轉,01660000
RPWVMLQKMHIFFBB88CB,軍和段,6.17,都市：住,10000,54,持分移轉,01650000
RPWVMLQKMHIFFBB88CB,軍和段,12.21,都市：住,10000,54,持分移轉,01660000
RPOWMLQKMHIFFBB18CB,軍和段,7.20,都市：住,10000,63,持分移轉,01650000
RPOWMLQKMHIFFBB18CB,軍和段,14.24,都市：住,10000,63,持分移轉,01660000
RPSWMLQKMHIFFBB58CB,軍和段,7.20,都市：住,10000,63,持分移轉,01650000
RPSWMLQKMHIFFBB58CB,軍和段,14.24,都市：住,10000,63,持分移轉,01660000
RPUWMLQKMHIFFBB78CB,軍和段,7.20,都市：住,10000,63,持分移轉,01650000
RPUWMLQKMHIFFBB78CB,軍和段,14.24,都市：住,10000,63,持分移轉,01660000
RPXVMLQKMHIFFBB98CB,軍和段,7.20,都市：住,10000,63,持分移轉,01650000
RPXVMLQKMHIFFBB98CB,軍和段,14.24,都市：住,10000,63,持分移轉,01660000
RPVWMLQKMHIFFBB88CB,軍和段,7.20,都市：住,10000,63,持分移轉,01650000
RPVWMLQKMHIFFBB88CB,軍和段,14.24,都市：住,10000,63,持分移轉,01660000
RPWWMLQKMHIFFBB98CB,軍和段,7.20,都市：住,10000,63,持分移轉,01650000
RPWWMLQKMHIFFBB98CB,軍和段,14.24,都市：住,10000,63,持分移轉,01660000
RPPNNLQKMHIFFBB47CB,軍和段,7.20,都市：住,10000,63,持分移轉,01650000
RPPNNLQKMHIFFBB47CB,軍和段,14.24,都市：住,10000,63,持分移轉,01660000
RPTWMLQKMHIFFBB68CB,軍和段,7.20,都市：住,10000,63,持分移轉,01650000
RPTWMLQKMHIFFBB68CB,軍和段,14.24,都市：住,10000,63,持分移轉,01660000
RPQNNLQKMHIFFBB57CB,軍和段,7.20,都市：住,10000,63,持分移轉,01650000
RPQNNLQKMHIFFBB57CB,軍和段,14.24,都市：住,10000,63,持分移轉,01660000
RPSNNLQKMHIFFBB77CB,軍和段,6.40,都市：住,10000,56,持分移轉,01650000
RPSNNLQKMHIFFBB77CB,軍和段,12.66,都市：住,10000,56,持分移轉,01660000
RPXWMLQKMHIFFBB09CB,軍和段,7.20,都市：住,10000,63,持分移轉,01650000
RPXWMLQKMHIFFBB09CB,軍和段,14.24,都市：住,10000,63,持分移轉,01660000
RPUNNLQKMHIFFBB97CB,軍和段,6.40,都市：住,10000,56,持分移轉,01650000
RPUNNLQKMHIFFBB97CB,軍和段,12.66,都市：住,10000,56,持分移轉,01660000
RPONNLQKMHIFFBB37CB,軍和段,7.20,都市：住,10000,63,持分移轉,01650000
RPONNLQKMHIFFBB37CB,軍和段,14.24,都市：住,10000,63,持分移轉,01660000
RPWNNLQKMHIFFBB18CB,軍和段,6.40,都市：住,10000,56,持分移轉,01650000
RPWNNLQKMHIFFBB18CB,軍和段,12.66,都市：住,10000,56,持分移轉,01660000
RPXNNLQKMHIFFBB28CB,軍和段,6.40,都市：住,10000,56,持分移轉,01650000
RPXNNLQKMHIFFBB28CB,軍和段,12.66,都市：住,10000,56,持分移轉,01660000
RPOPMLQKMHIFFBB47CB,軍和段,6.52,都市：住,10000,57,持分移轉,01650000
RPOPMLQKMHIFFBB47CB,軍和段,12.89,都市：住,10000,57,持分移轉,01660000
RPOONLQKMHIFFBB47CB,軍和段,6.40,都市：住,10000,56,持分移轉,01650000
RPOONLQKMHIFFBB47CB,軍和段,12.66,都市：住,10000,56,持分移轉,01660000
RPPPMLQKMHIFFBB57CB,軍和段,6.52,都市：住,10000,57,持分移轉,01650000
RPPPMLQKMHIFFBB57CB,軍和段,12.89,都市：住,10000,57,持分移轉,01660000
RPRNNLQKMHIFFBB67CB,軍和段,6.40,都市：住,10000,56,持分移轉,01650000
RPWOMLQKMHIFFBB18CB,軍和段,6.52,都市：住,10000,57,持分移轉,01650000
RPRNNLQKMHIFFBB67CB,軍和段,12.66,都市：住,10000,56,持分移轉,01660000
RPWOMLQKMHIFFBB18CB,軍和段,12.89,都市：住,10000,57,持分移轉,01660000
RPXOMLQKMHIFFBB28CB,軍和段,6.52,都市：住,10000,57,持分移轉,01650000
RPXOMLQKMHIFFBB28CB,軍和段,12.89,都市：住,10000,57,持分移轉,01660000
RPVNNLQKMHIFFBB08CB,軍和段,6.40,都市：住,10000,56,持分移轉,01650000
RPVNNLQKMHIFFBB08CB,軍和段,12.66,都市：住,10000,56,持分移轉,01660000
RPRONLQKMHIFFBB77CB,軍和段,6.40,都市：住,10000,56,持分移轉,01650000
RPRONLQKMHIFFBB77CB,軍和段,12.66,都市：住,10000,56,持分移轉,01660000
RPPONLQKMHIFFBB57CB,軍和段,6.40,都市：住,10000,56,持分移轉,01650000
RPPONLQKMHIFFBB57CB,軍和段,12.66,都市：住,10000,56,持分移轉,01660000
RPQONLQKMHIFFBB67CB,軍和段,6.40,都市：住,10000,56,持分移轉,01650000
RPQONLQKMHIFFBB67CB,軍和段,12.66,都市：住,10000,56,持分移轉,01660000
RPSONLQKMHIFFBB87CB,軍和段,6.40,都市：住,10000,56,持分移轉,01650000
RPSONLQKMHIFFBB87CB,軍和段,12.66,都市：住,10000,56,持分移轉,01660000
RPUONLQKMHIFFBB08CB,軍和段,6.40,都市：住,10000,56,持分移轉,01650000
RPUONLQKMHIFFBB08CB,軍和段,12.66,都市：住,10000,56,持分移轉,01660000
RPOPNLQKMHIFFBB57CB,軍和段,6.29,都市：住,10000,55,持分移轉,01650000
RPOPNLQKMHIFFBB57CB,軍和段,12.44,都市：住,10000,55,持分移轉,01660000
RPVONLQKMHIFFBB18CB,軍和段,6.40,都市：住,10000,56,持分移轉,01650000
RPVONLQKMHIFFBB18CB,軍和段,12.66,都市：住,10000,56,持分移轉,01660000
RPWONLQKMHIFFBB28CB,軍和段,6.29,都市：住,10000,55,持分移轉,01650000
RPWONLQKMHIFFBB28CB,軍和段,12.44,都市：住,10000,55,持分移轉,01660000
RPTONLQKMHIFFBB97CB,軍和段,6.40,都市：住,10000,56,持分移轉,01650000
RPTONLQKMHIFFBB97CB,軍和段,12.66,都市：住,10000,56,持分移轉,01660000
RPSPNLQKMHIFFBB97CB,軍和段,6.29,都市：住,10000,55,持分移轉,01650000
RPSPNLQKMHIFFBB97CB,軍和段,12.44,都市：住,10000,55,持分移轉,01660000
RPPPNLQKMHIFFBB67CB,軍和段,6.29,都市：住,10000,55,持分移轉,01650000
RPPPNLQKMHIFFBB67CB,軍和段,12.44,都市：住,10000,55,持分移轉,01660000
RPXONLQKMHIFFBB38CB,軍和段,6.29,都市：住,10000,55,持分移轉,01650000
RPXONLQKMHIFFBB38CB,軍和段,12.44,都市：住,10000,55,持分移轉,01660000
RPQPNLQKMHIFFBB77CB,軍和段,6.29,都市：住,10000,55,持分移轉,01650000
RPQPNLQKMHIFFBB77CB,軍和段,12.44,都市：住,10000,55,持分移轉,01660000
RPTPNLQKMHIFFBB08CB,軍和段,6.29,都市：住,10000,55,持分移轉,01650000
RPTPNLQKMHIFFBB08CB,軍和段,12.44,都市：住,10000,55,持分移轉,01660000
RPXPNLQKMHIFFBB48CB,軍和段,6.29,都市：住,10000,55,持分移轉,01650000
RPXPNLQKMHIFFBB48CB,軍和段,12.44,都市：住,10000,55,持分移轉,01660000
RPRPNLQKMHIFFBB87CB,軍和段,6.29,都市：住,10000,55,持分移轉,01650000
RPRPNLQKMHIFFBB87CB,軍和段,12.44,都市：住,10000,55,持分移轉,01660000
RPUPNLQKMHIFFBB18CB,軍和段,6.29,都市：住,10000,55,持分移轉,01650000
RPUPNLQKMHIFFBB18CB,軍和段,12.44,都市：住,10000,55,持分移轉,01660000
RPOQNLQKMHIFFBB67CB,軍和段,6.29,都市：住,10000,55,持分移轉,01650000
RPOQNLQKMHIFFBB67CB,軍和段,12.44,都市：住,10000,55,持分移轉,01660000
RPQQNLQKMHIFFBB87CB,軍和段,6.52,都市：住,10000,57,持分移轉,01650000
RPQQNLQKMHIFFBB87CB,軍和段,12.89,都市：住,10000,57,持分移轉,01660000
RPVPNLQKMHIFFBB28CB,軍和段,6.29,都市：住,10000,55,持分移轉,01650000
RPVPNLQKMHIFFBB28CB,軍和段,12.44,都市：住,10000,55,持分移轉,01660000
RPWPNLQKMHIFFBB38CB,軍和段,6.29,都市：住,10000,55,持分移轉,01650000
RPWPNLQKMHIFFBB38CB,軍和段,12.44,都市：住,10000,55,持分移轉,01660000
RPUQNLQKMHIFFBB28CB,軍和段,6.52,都市：住,10000,57,持分移轉,01650000
RPUQNLQKMHIFFBB28CB,軍和段,12.89,都市：住,10000,57,持分移轉,01660000
RPRQNLQKMHIFFBB97CB,軍和段,6.52,都市：住,10000,57,持分移轉,01650000
RPRQNLQKMHIFFBB97CB,軍和段,12.89,都市：住,10000,57,持分移轉,01660000
RPSQNLQKMHIFFBB08CB,軍和段,6.52,都市：住,10000,57,持分移轉,01650000
RPSQNLQKMHIFFBB08CB,軍和段,12.89,都市：住,10000,57,持分移轉,01660000
RPVQNLQKMHIFFBB38CB,軍和段,6.52,都市：住,10000,57,持分移轉,01650000
RPVQNLQKMHIFFBB38CB,軍和段,12.89,都市：住,10000,57,持分移轉,01660000
RPWQNLQKMHIFFBB48CB,軍和段,6.52,都市：住,10000,57,持分移轉,01650000
RPWQNLQKMHIFFBB48CB,軍和段,12.89,都市：住,10000,57,持分移轉,01660000
RPTQNLQKMHIFFBB18CB,軍和段,6.52,都市：住,10000,57,持分移轉,01650000
RPTQNLQKMHIFFBB18CB,軍和段,12.89,都市：住,10000,57,持分移轉,01660000
RPPQNLQKMHIFFBB77CB,軍和段,6.29,都市：住,10000,55,持分移轉,01650000
RPPQNLQKMHIFFBB77CB,軍和段,12.44,都市：住,10000,55,持分移轉,01660000
RPORNLQKMHIFFBB77CB,軍和段,6.52,都市：住,10000,57,持分移轉,01650000
RPORNLQKMHIFFBB77CB,軍和段,12.89,都市：住,10000,57,持分移轉,01660000
RPQRNLQKMHIFFBB97CB,軍和段,6.52,都市：住,10000,57,持分移轉,01650000
RPQRNLQKMHIFFBB97CB,軍和段,12.89,都市：住,10000,57,持分移轉,01660000
RPSRNLQKMHIFFBB18CB,軍和段,6.52,都市：住,10000,57,持分移轉,01650000
RPSRNLQKMHIFFBB18CB,軍和段,12.89,都市：住,10000,57,持分移轉,01660000
RPPRNLQKMHIFFBB87CB,軍和段,6.52,都市：住,10000,57,持分移轉,01650000
RPPRNLQKMHIFFBB87CB,軍和段,12.89,都市：住,10000,57,持分移轉,01660000
RPTRNLQKMHIFFBB28CB,軍和段,6.52,都市：住,10000,57,持分移轉,01650000
RPTRNLQKMHIFFBB28CB,軍和段,12.89,都市：住,10000,57,持分移轉,01660000
RPRRNLQKMHIFFBB08CB,軍和段,6.52,都市：住,10000,57,持分移轉,01650000
RPRRNLQKMHIFFBB08CB,軍和段,12.89,都市：住,10000,57,持分移轉,01660000
RPXQNLQKMHIFFBB58CB,軍和段,6.52,都市：住,10000,57,持分移轉,01650000
RPXQNLQKMHIFFBB58CB,軍和段,12.89,都市：住,10000,57,持分移轉,01660000
RPVRNLQKMHIFFBB48CB,軍和段,6.40,都市：住,10000,56,持分移轉,01650000
RPVRNLQKMHIFFBB48CB,軍和段,12.66,都市：住,10000,56,持分移轉,01660000
RPURNLQKMHIFFBB38CB,軍和段,6.40,都市：住,10000,56,持分移轉,01650000
RPURNLQKMHIFFBB38CB,軍和段,12.66,都市：住,10000,56,持分移轉,01660000
RPPSNLQKMHIFFBB97CB,軍和段,6.40,都市：住,10000,56,持分移轉,01650000
RPPSNLQKMHIFFBB97CB,軍和段,12.66,都市：住,10000,56,持分移轉,01660000
RPOSNLQKMHIFFBB87CB,軍和段,6.40,都市：住,10000,56,持分移轉,01650000
RPOSNLQKMHIFFBB87CB,軍和段,12.66,都市：住,10000,56,持分移轉,01660000
RPXRNLQKMHIFFBB68CB,軍和段,6.40,都市：住,10000,56,持分移轉,01650000
RPXRNLQKMHIFFBB68CB,軍和段,12.66,都市：住,10000,56,持分移轉,01660000
RPTSNLQKMHIFFBB38CB,軍和段,6.40,都市：住,10000,56,持分移轉,01650000
RPTSNLQKMHIFFBB38CB,軍和段,12.66,都市：住,10000,56,持分移轉,01660000
RPUSNLQKMHIFFBB48CB,軍和段,6.40,都市：住,10000,56,持分移轉,01650000
RPUSNLQKMHIFFBB48CB,軍和段,12.66,都市：住,10000,56,持分移轉,01660000
RPWRNLQKMHIFFBB58CB,軍和段,6.40,都市：住,10000,56,持分移轉,01650000
RPWRNLQKMHIFFBB58CB,軍和段,12.66,都市：住,10000,56,持分移轉,01660000
RPRSNLQKMHIFFBB18CB,軍和段,6.40,都市：住,10000,56,持分移轉,01650000
RPRSNLQKMHIFFBB18CB,軍和段,12.66,都市：住,10000,56,持分移轉,01660000
RPQSNLQKMHIFFBB08CB,軍和段,6.40,都市：住,10000,56,持分移轉,01650000
RPQSNLQKMHIFFBB08CB,軍和段,12.66,都市：住,10000,56,持分移轉,01660000
RPSSNLQKMHIFFBB28CB,軍和段,6.40,都市：住,10000,56,持分移轉,01650000
RPSSNLQKMHIFFBB28CB,軍和段,12.66,都市：住,10000,56,持分移轉,01660000
RPOTNLQKMHIFFBB97CB,軍和段,6.17,都市：住,10000,54,持分移轉,01650000
RPOTNLQKMHIFFBB97CB,軍和段,12.21,都市：住,10000,54,持分移轉,01660000
RPVSNLQKMHIFFBB58CB,軍和段,6.40,都市：住,10000,56,持分移轉,01650000
RPVSNLQKMHIFFBB58CB,軍和段,12.66,都市：住,10000,56,持分移轉,01660000
RPWSNLQKMHIFFBB68CB,軍和段,6.40,都市：住,10000,56,持分移轉,01650000
RPWSNLQKMHIFFBB68CB,軍和段,12.66,都市：住,10000,56,持分移轉,01660000
RPSTNLQKMHIFFBB38CB,軍和段,6.17,都市：住,10000,54,持分移轉,01650000
RPSTNLQKMHIFFBB38CB,軍和段,12.21,都市：住,10000,54,持分移轉,01660000
RPPTNLQKMHIFFBB08CB,軍和段,6.17,都市：住,10000,54,持分移轉,01650000
RPPTNLQKMHIFFBB08CB,軍和段,12.21,都市：住,10000,54,持分移轉,01660000
RPRTNLQKMHIFFBB28CB,軍和段,6.17,都市：住,10000,54,持分移轉,01650000
RPRTNLQKMHIFFBB28CB,軍和段,12.21,都市：住,10000,54,持分移轉,01660000
RPUTNLQKMHIFFBB58CB,軍和段,6.17,都市：住,10000,54,持分移轉,01650000
RPUTNLQKMHIFFBB58CB,軍和段,12.21,都市：住,10000,54,持分移轉,01660000
RPVTNLQKMHIFFBB68CB,軍和段,6.17,都市：住,10000,54,持分移轉,01650000
RPVTNLQKMHIFFBB68CB,軍和段,12.21,都市：住,10000,54,持分移轉,01660000
RPWTNLQKMHIFFBB78CB,軍和段,6.17,都市：住,10000,54,持分移轉,01650000
RPWTNLQKMHIFFBB78CB,軍和段,12.21,都市：住,10000,54,持分移轉,01660000
RPXSNLQKMHIFFBB78CB,軍和段,6.40,都市：住,10000,56,持分移轉,01650000
RPXSNLQKMHIFFBB78CB,軍和段,12.66,都市：住,10000,56,持分移轉,01660000
RPXTNLQKMHIFFBB88CB,軍和段,6.17,都市：住,10000,54,持分移轉,01650000
RPXTNLQKMHIFFBB88CB,軍和段,12.21,都市：住,10000,54,持分移轉,01660000
RPQTNLQKMHIFFBB18CB,軍和段,6.17,都市：住,10000,54,持分移轉,01650000
RPQTNLQKMHIFFBB18CB,軍和段,12.21,都市：住,10000,54,持分移轉,01660000
RPPUNLQKMHIFFBB18CB,軍和段,6.40,都市：住,10000,56,持分移轉,01650000
RPPUNLQKMHIFFBB18CB,軍和段,12.66,都市：住,10000,56,持分移轉,01660000
RPWUNLQKMHIFFBB88CB,軍和段,6.40,都市：住,10000,56,持分移轉,01650000
RPWUNLQKMHIFFBB88CB,軍和段,12.66,都市：住,10000,56,持分移轉,01660000
RPVUNLQKMHIFFBB78CB,軍和段,6.40,都市：住,10000,56,持分移轉,01650000
RPTTNLQKMHIFFBB48CB,軍和段,6.17,都市：住,10000,54,持分移轉,01650000
RPVUNLQKMHIFFBB78CB,軍和段,12.66,都市：住,10000,56,持分移轉,01660000
RPTTNLQKMHIFFBB48CB,軍和段,12.21,都市：住,10000,54,持分移轉,01660000
RPSUNLQKMHIFFBB48CB,軍和段,6.40,都市：住,10000,56,持分移轉,01650000
RPSUNLQKMHIFFBB48CB,軍和段,12.66,都市：住,10000,56,持分移轉,01660000
RPUUNLQKMHIFFBB68CB,軍和段,6.40,都市：住,10000,56,持分移轉,01650000
RPUUNLQKMHIFFBB68CB,軍和段,12.66,都市：住,10000,56,持分移轉,01660000
RPQUNLQKMHIFFBB28CB,軍和段,6.40,都市：住,10000,56,持分移轉,01650000
RPQUNLQKMHIFFBB28CB,軍和段,12.66,都市：住,10000,56,持分移轉,01660000
RPTUNLQKMHIFFBB58CB,軍和段,6.40,都市：住,10000,56,持分移轉,01650000
RPTUNLQKMHIFFBB58CB,軍和段,12.66,都市：住,10000,56,持分移轉,01660000
RPRUNLQKMHIFFBB38CB,軍和段,6.40,都市：住,10000,56,持分移轉,01650000
RPRUNLQKMHIFFBB38CB,軍和段,12.66,都市：住,10000,56,持分移轉,01660000
RPOUNLQKMHIFFBB08CB,軍和段,6.17,都市：住,10000,54,持分移轉,01650000
RPOUNLQKMHIFFBB08CB,軍和段,12.21,都市：住,10000,54,持分移轉,01660000
RPPVNLQKMHIFFBB28CB,軍和段,6.40,都市：住,10000,56,持分移轉,01650000
RPPVNLQKMHIFFBB28CB,軍和段,12.66,都市：住,10000,56,持分移轉,01660000
RPXUNLQKMHIFFBB98CB,軍和段,6.40,都市：住,10000,56,持分移轉,01650000
RPXUNLQKMHIFFBB98CB,軍和段,12.66,都市：住,10000,56,持分移轉,01660000
RPOVNLQKMHIFFBB18CB,軍和段,6.40,都市：住,10000,56,持分移轉,01650000
RPOVNLQKMHIFFBB18CB,軍和段,12.66,都市：住,10000,56,持分移轉,01660000
RPQQMLSKMHIFFCB18DB,保安段,10.64,都市：住,10000,33,持分移轉,04580000
RPRPMLSKMHIFFCB18DB,保安段,10.64,都市：住,10000,33,持分移轉,04580000
RPTRMLSKMHIFFCB58DB,保安段,12.25,都市：住,10000,38,持分移轉,04580000
RPOSMLSKMHIFFCB18DB,保安段,10.64,都市：住,10000,33,持分移轉,04580000
RPRQMLSKMHIFFCB28DB,保安段,10.64,都市：住,10000,33,持分移轉,04580000
RPURMLSKMHIFFCB68DB,保安段,12.25,都市：住,10000,38,持分移轉,04580000
RPVRMLSKMHIFFCB78DB,保安段,12.25,都市：住,10000,38,持分移轉,04580000
RPVQMLSKMHIFFCB68DB,保安段,12.25,都市：住,10000,38,持分移轉,04580000
RPWRMLSKMHIFFCB88DB,保安段,12.25,都市：住,10000,38,持分移轉,04580000
RPXRMLSKMHIFFCB98DB,保安段,12.25,都市：住,10000,38,持分移轉,04580000
RPUSMLSKMHIFFCB78DB,保安段,12.25,都市：住,10000,38,持分移轉,04580000
RPWSMLSKMHIFFCB98DB,保安段,12.25,都市：住,10000,38,持分移轉,04580000
RPXSMLSKMHIFFCB09DB,保安段,12.25,都市：住,10000,38,持分移轉,04580000
RPXNMLTKMHIFFCB68DB,保安段,12.90,都市：住,10000,40,持分移轉,04580000
RPPTMLSKMHIFFCB38DB,保安段,10.64,都市：住,10000,33,持分移轉,04580000
RPSOMLTKMHIFFCB28DB,保安段,9.67,都市：住,10000,30,持分移轉,04580000
RPTOMLTKMHIFFCB38DB,保安段,9.67,都市：住,10000,30,持分移轉,04580000
RPQPMLTKMHIFFCB18DB,保安段,9.67,都市：住,10000,30,持分移轉,04580000
RPTPMLTKMHIFFCB48DB,保安段,10.64,都市：住,10000,33,持分移轉,04580000
RPUPMLTKMHIFFCB58DB,保安段,10.64,都市：住,10000,33,持分移轉,04580000
RPVPMLTKMHIFFCB68DB,保安段,9.67,都市：住,10000,30,持分移轉,04580000
RPWPMLTKMHIFFCB78DB,保安段,9.67,都市：住,10000,30,持分移轉,04580000
RPVSMLSKMHIFFCB88DB,保安段,12.25,都市：住,10000,38,持分移轉,04580000
RPXPMLTKMHIFFCB88DB,保安段,9.67,都市：住,10000,30,持分移轉,04580000
RPOQMLTKMHIFFCB08DB,保安段,10.64,都市：住,10000,33,持分移轉,04580000
RPOTMLSKMHIFFCB28DB,保安段,12.25,都市：住,10000,38,持分移轉,04580000
RPOPMLTKMHIFFCB97DB,保安段,9.67,都市：住,10000,30,持分移轉,04380000
RPPQMLTKMHIFFCB18DB,保安段,13.86,都市：住,10000,43,持分移轉,04580000
RPTQMLTKMHIFFCB58DB,保安段,13.86,都市：住,10000,43,持分移轉,04580000
RPSQMLTKMHIFFCB48DB,保安段,13.86,都市：住,10000,43,持分移轉,04580000
RPORMLTKMHIFFCB18DB,保安段,13.87,都市：住,10000,43,持分移轉,04580000
RPVQMLTKMHIFFCB78DB,保安段,13.86,都市：住,10000,43,持分移轉,04580000
RPWQMLTKMHIFFCB88DB,保安段,13.86,都市：住,10000,43,持分移轉,04580000
RPQRMLTKMHIFFCB38DB,保安段,13.86,都市：住,10000,43,持分移轉,04580000
RPRRMLTKMHIFFCB48DB,保安段,13.86,都市：住,10000,43,持分移轉,04580000
RPWSMLTKMHIFFCB09DB,保安段,10.64,都市：住,10000,33,持分移轉,04580000
RPXSMLTKMHIFFCB56DB,保安段,13.86,都市：住,10000,43,持分移轉,04580000
RPQQMLTKMHIFFCB28DB,保安段,13.86,都市：住,10000,43,持分移轉,04580000
RPVTMLTKMHIFFCB09DB,保安段,13.86,都市：住,10000,43,持分移轉,04580000
RPRQMLTKMHIFFCB38DB,保安段,13.86,都市：住,10000,43,持分移轉,04580000
RPXQMLTKMHIFFCB98DB,春社段,13.86,都市：住,10000,43,持分移轉,04580000
RPRUMLTKMHIFFCB78DB,保安段,13.86,都市：住,10000,43,持分移轉,04580000
RPQUMLTKMHIFFCB68DB,保安段,13.86,都市：住,10000,43,持分移轉,04580000
RPOUMLTKMHIFFCB48DB,保安段,13.86,都市：住,10000,43,持分移轉,04580000
RPTRMLTKMHIFFCB68DB,保安段,13.86,都市：住,10000,43,持分移轉,04580000
RPURMLTKMHIFFCB78DB,保安段,10.32,都市：住,10000,32,持分移轉,04580000
RPTTMLTKMHIFFCB88DB,保安段,13.86,都市：住,10000,43,持分移轉,04580000
RPPUMLTKMHIFFCB58DB,保安段,13.86,都市：住,10000,43,持分移轉,04580000
RPVWMLTKMHIFFCB76DB,保安段,9.67,都市：住,10000,30,持分移轉,04580000
RPTVMLTKMHIFFCB09DB,保安段,13.86,都市：住,10000,43,持分移轉,04580000
RPSVMLTKMHIFFCB98DB,保安段,13.86,都市：住,10000,43,持分移轉,04580000
RPUUMLTKMHIFFCB09DB,保安段,13.86,都市：住,10000,43,持分移轉,04580000
RPTWMLTKMHIFFCB56DB,保安段,9.67,都市：住,10000,30,持分移轉,04580000
RPSUMLTKMHIFFCB88DB,保安段,13.86,都市：住,10000,43,持分移轉,04580000
RPUVMLTKMHIFFCB56DB,保安段,13.86,都市：住,10000,43,持分移轉,04580000
RPXVMLTKMHIFFCB86DB,保安段,9.67,都市：住,10000,30,持分移轉,04580000
RPSWMLTKMHIFFCB09DB,保安段,9.67,都市：住,10000,30,持分移轉,04580000
RPWVMLTKMHIFFCB76DB,保安段,12.90,都市：住,10000,40,持分移轉,04580000
RPONNLTKMHIFFCB87DB,保安段,9.67,都市：住,10000,30,持分移轉,04580000
RPWNNLTKMHIFFCB68DB,保安段,9.67,都市：住,10000,30,持分移轉,04580000
RPUNNLTKMHIFFCB48DB,保安段,9.67,都市：住,10000,30,持分移轉,04580000
RPXNNLTKMHIFFCB78DB,保安段,9.67,都市：住,10000,30,持分移轉,04580000
RPPONLTKMHIFFCB08DB,保安段,9.67,都市：住,10000,30,持分移轉,04580000
RPUONLTKMHIFFCB58DB,保安段,12.90,都市：住,10000,40,持分移轉,04580000
RPOOMLKLMHIFFCB07DB,保安段,9.67,都市：住,10000,30,持分移轉,04580000
RPPOMLKLMHIFFCB17DB,保安段,9.67,都市：住,10000,30,持分移轉,04580000
RPTOMLKLMHIFFCB57DB,保安段,9.67,都市：住,10000,30,持分移轉,04580000
RPQNNLTKMHIFFCB08DB,保安段,9.67,都市：住,10000,30,持分移轉,04580000
RPVOMLKLMHIFFCB77DB,保安段,9.67,都市：住,10000,30,持分移轉,04580000
RPSNNLTKMHIFFCB28DB,保安段,9.67,都市：住,10000,30,持分移轉,04580000
RPXOMLKLMHIFFCB97DB,保安段,9.67,都市：住,10000,30,持分移轉,04580000
RPOPMLKLMHIFFCB17DB,保安段,9.67,都市：住,10000,30,持分移轉,04580000
RPSONLTKMHIFFCB38DB,保安段,9.67,都市：住,10000,30,持分移轉,04580000
RPSPMLKLMHIFFCB57DB,保安段,10.96,都市：住,10000,34,持分移轉,04580000
RPRPMLKLMHIFFCB47DB,保安段,9.67,都市：住,10000,30,持分移轉,04580000
RPTPMLKLMHIFFCB67DB,保安段,10.96,都市：住,10000,34,持分移轉,04580000
RPUPMLKLMHIFFCB77DB,保安段,10.96,都市：住,10000,34,持分移轉,04580000
RPWPMLKLMHIFFCB97DB,保安段,10.96,都市：住,10000,34,持分移轉,04580000
RPXPMLKLMHIFFCB08DB,保安段,10.96,都市：住,10000,34,持分移轉,04580000
RPPQMLKLMHIFFCB37DB,保安段,10.96,都市：住,10000,34,持分移轉,04580000
RPOQMLKLMHIFFCB27DB,保安段,10.96,都市：住,10000,34,持分移轉,04580000
RPQOMLKLMHIFFCB27DB,保安段,9.67,都市：住,10000,30,持分移轉,04580000
RPROMLKLMHIFFCB37DB,保安段,9.67,都市：住,10000,30,持分移轉,04580000
RPWOMLKLMHIFFCB87DB,保安段,9.67,都市：住,10000,30,持分移轉,04580000
RPQPMLMLMHIFFCB57DB,保安段,10.96,都市：住,10000,34,持分移轉,04580000
RPOPMLMLMHIFFCB37DB,保安段,10.96,都市：住,10000,34,持分移轉,04580000
RPPPMLKLMHIFFCB27DB,保安段,9.67,都市：住,10000,30,持分移轉,04580000
RPUPMLMLMHIFFCB97DB,保安段,10.96,都市：住,10000,34,持分移轉,04580000
RPVPMLKLMHIFFCB87DB,保安段,10.96,都市：住,10000,34,持分移轉,04580000
RPWOMLMLMHIFFCB08DB,保安段,10.96,都市：住,10000,34,持分移轉,04580000
RPTPMLMLMHIFFCB87DB,保安段,10.96,都市：住,10000,34,持分移轉,04580000
RPQQMLKLMHIFFCB47DB,保安段,10.96,都市：住,10000,34,持分移轉,04580000
RPQQMLMLMHIFFCB67DB,保安段,10.96,都市：住,10000,34,持分移轉,04580000
RPWPMLMLMHIFFCB18DB,保安段,10.96,都市：住,10000,34,持分移轉,04580000
RPPQMLMLMHIFFCB57DB,保安段,10.96,都市：住,10000,34,持分移轉,04580000
RPRPMLMLMHIFFCB67DB,保安段,10.96,都市：住,10000,34,持分移轉,04580000
RPXPMLMLMHIFFCB28DB,保安段,10.96,都市：住,10000,34,持分移轉,04580000
RPSQMLMLMHIFFCB87DB,保安段,10.96,都市：住,10000,34,持分移轉,04580000
RPSPMLMLMHIFFCB77DB,保安段,10.96,都市：住,10000,34,持分移轉,04580000
RPVQMLMLMHIFFCB18DB,保安段,9.67,都市：住,10000,30,持分移轉,04580000
RPWQMLMLMHIFFCB28DB,保安段,9.67,都市：住,10000,30,持分移轉,04580000
RPORMLMLMHIFFCB57DB,保安段,9.67,都市：住,10000,30,持分移轉,04580000
RPTRMLMLMHIFFCB08DB,保安段,9.67,都市：住,10000,30,持分移轉,04580000
RPQRMLMLMHIFFCB77DB,保安段,9.67,都市：住,10000,30,持分移轉,04580000
RPOQMLMLMHIFFCB47DB,保安段,10.96,都市：住,10000,34,持分移轉,04580000
RPTQMLMLMHIFFCB97DB,保安段,9.67,都市：住,10000,30,持分移轉,04580000
RPVRMLMLMHIFFCB28DB,保安段,9.67,都市：住,10000,30,持分移轉,04580000
RPURMLMLMHIFFCB18DB,保安段,9.67,都市：住,10000,30,持分移轉,04580000
RPWRMLMLMHIFFCB38DB,保安段,9.67,都市：住,10000,30,持分移轉,04580000
RPUQMLMLMHIFFCB08DB,保安段,9.67,都市：住,10000,30,持分移轉,04580000
RPXQMLMLMHIFFCB38DB,保安段,9.67,都市：住,10000,30,持分移轉,04580000
RPPSMLMLMHIFFCB77DB,保安段,9.67,都市：住,10000,30,持分移轉,04580000
RPSRMLMLMHIFFCB97DB,保安段,9.67,都市：住,10000,30,持分移轉,04580000
RPRSMLMLMHIFFCB97DB,保安段,9.67,都市：住,10000,30,持分移轉,04580000
RPSSMLMLMHIFFCB08DB,保安段,9.67,都市：住,10000,30,持分移轉,04580000
RPOSMLMLMHIFFCB67DB,保安段,9.67,都市：住,10000,30,持分移轉,04580000
RPVSMLMLMHIFFCB38DB,保安段,9.67,都市：住,10000,30,持分移轉,04580000
RPTSMLMLMHIFFCB18DB,保安段,9.67,都市：住,10000,30,持分移轉,04580000
RPXSMLMLMHIFFCB58DB,保安段,9.67,都市：住,10000,30,持分移轉,04580000
RPUTMLMLMHIFFCB38DB,保安段,14.19,都市：住,10000,44,持分移轉,04580000
RPPTMLMLMHIFFCB87DB,保安段,9.67,都市：住,10000,30,持分移轉,04580000
RPQTMLMLMHIFFCB97DB,保安段,9.67,都市：住,10000,30,持分移轉,04580000
RPWTMLMLMHIFFCB58DB,保安段,14.19,都市：住,10000,44,持分移轉,04580000
RPXTMLMLMHIFFCB68DB,保安段,14.19,都市：住,10000,44,持分移轉,04580000
RPVTMLMLMHIFFCB48DB,保安段,14.19,都市：住,10000,44,持分移轉,04580000
RPRTMLMLMHIFFCB08DB,保安段,9.67,都市：住,10000,30,持分移轉,04580000
RPSTMLMLMHIFFCB18DB,保安段,9.67,都市：住,10000,30,持分移轉,04580000
RPOTMLMLMHIFFCB77DB,保安段,9.67,都市：住,10000,30,持分移轉,04580000
RPRUMLMLMHIFFCB18DB,保安段,14.19,都市：住,10000,44,持分移轉,04580000
RPPUMLMLMHIFFCB97DB,保安段,14.19,都市：住,10000,44,持分移轉,04580000
RPVUMLMLMHIFFCB58DB,保安段,14.19,都市：住,10000,44,持分移轉,04580000
RPSUMLMLMHIFFCB28DB,保安段,14.19,都市：住,10000,44,持分移轉,04580000
RPRVMLMLMHIFFCB28DB,保安段,17.41,都市：住,10000,54,持分移轉,04580000
RPWUMLMLMHIFFCB68DB,保安段,14.19,都市：住,10000,44,持分移轉,04580000
RPTUMLMLMHIFFCB38DB,保安段,14.19,都市：住,10000,44,持分移轉,04580000
RPUUMLMLMHIFFCB48DB,保安段,14.19,都市：住,10000,44,持分移轉,04580000
RPOVMLMLMHIFFCB97DB,保安段,14.19,都市：住,10000,44,持分移轉,04580000
RPXUMLMLMHIFFCB78DB,保安段,14.19,都市：住,10000,44,持分移轉,04580000
RPTVMLMLMHIFFCB48DB,保安段,17.41,都市：住,10000,54,持分移轉,04580000
RPVVMLMLMHIFFCB68DB,保安段,17.41,都市：住,10000,54,持分移轉,04580000
RPSVMLMLMHIFFCB38DB,保安段,17.41,都市：住,10000,54,持分移轉,04580000
RPUVMLMLMHIFFCB58DB,保安段,17.41,都市：住,10000,54,持分移轉,04580000
RPWVMLMLMHIFFCB78DB,保安段,17.41,都市：住,10000,54,持分移轉,04580000
RPPWMLMLMHIFFCB18DB,保安段,17.09,都市：住,10000,53,持分移轉,04580000
RPXVMLMLMHIFFCB88DB,保安段,17.41,都市：住,10000,54,持分移轉,04580000
RPSWMLMLMHIFFCB48DB,保安段,17.09,都市：住,10000,53,持分移轉,04580000
RPUWMLMLMHIFFCB68DB,保安段,17.09,都市：住,10000,53,持分移轉,04580000
RPONNLMLMHIFFCB27DB,保安段,17.09,都市：住,10000,53,持分移轉,04580000
RPWWMLMLMHIFFCB88DB,保安段,17.09,都市：住,10000,53,持分移轉,04580000
RPPNNLMLMHIFFCB37DB,保安段,17.09,都市：住,10000,53,持分移轉,04580000
RPRWMLMLMHIFFCB38DB,保安段,17.09,都市：住,10000,53,持分移轉,04580000
RPQNNLMLMHIFFCB47DB,保安段,17.09,都市：住,10000,53,持分移轉,04580000
RPSNNLMLMHIFFCB67DB,保安段,9.67,都市：住,10000,30,持分移轉,04580000
RPTWMLMLMHIFFCB58DB,保安段,17.09,都市：住,10000,53,持分移轉,04580000
RPXNNLMLMHIFFCB18DB,保安段,9.67,都市：住,10000,30,持分移轉,04580000
RPWNNLMLMHIFFCB08DB,保安段,.97,都市：住,10000,30,持分移轉,04580000
RPVNNLMLMHIFFCB97DB,保安段,9.67,都市：住,10000,30,持分移轉,04580000
RPXWMLMLMHIFFCB98DB,保安段,17.09,都市：住,10000,53,持分移轉,04580000
RPQONLMLMHIFFCB57DB,保安段,9.67,都市：住,10000,30,持分移轉,04580000
RPUPMLNLMHIFFCB08DB,保安段,9.67,都市：住,10000,30,持分移轉,04580000
RPWPMLNLMHIFFCB28DB,保安段,9.67,都市：住,10000,30,持分移轉,04580000
RPRNNLMLMHIFFCB57DB,保安段,9.67,都市：住,10000,30,持分移轉,04580000
RPTNNLMLMHIFFCB77DB,保安段,9.67,都市：住,10000,30,持分移轉,04580000
RPOQMLNLMHIFFCB57DB,保安段,9.67,都市：住,10000,30,持分移轉,04580000
RPTRMLNLMHIFFCB18DB,保安段,9.67,都市：住,10000,30,持分移轉,04580000
RPURMLNLMHIFFCB28DB,保安段,9.67,都市：住,10000,30,持分移轉,04580000
RPWRMLNLMHIFFCB48DB,保安段,9.67,都市：住,10000,30,持分移轉,04580000
RPVRMLNLMHIFFCB38DB,保安段,9.67,都市：住,10000,30,持分移轉,04580000
RPUNNLMLMHIFFCB87DB,保安段,9.67,都市：住,10000,30,持分移轉,04580000
RPXRMLNLMHIFFCB58DB,保安段,9.67,都市：住,10000,30,持分移轉,04580000
RPPONLMLMHIFFCB47DB,保安段,9.67,都市：住,10000,30,持分移轉,04580000
RPOSMLNLMHIFFCB77DB,保安段,9.67,都市：住,10000,30,持分移轉,04580000
RPPSMLNLMHIFFCB87DB,保安段,9.67,都市：住,10000,30,持分移轉,04580000
RPRSMLNLMHIFFCB08DB,保安段,9.67,都市：住,10000,30,持分移轉,04580000
RPXPMLNLMHIFFCB38DB,保安段,9.67,都市：住,10000,30,持分移轉,04580000
RPSRMLNLMHIFFCB08DB,保安段,9.67,都市：住,10000,30,持分移轉,04580000
RPTSMLNLMHIFFCB28DB,保安段,9.67,都市：住,10000,30,持分移轉,04580000
RPWSMLNLMHIFFCB58DB,保安段,13.54,都市：住,10000,42,持分移轉,03580000
RPQTMLNLMHIFFCB08DB,保安段,9.67,都市：住,10000,30,持分移轉,04580000
RPXSMLNLMHIFFCB68DB,保安段,13.54,都市：住,10000,42,持分移轉,04580000
RPVTMLNLMHIFFCB58DB,保安段,13.54,都市：住,10000,42,持分移轉,04580000
RPRTMLNLMHIFFCB18DB,保安段,13.54,都市：住,10000,42,持分移轉,04580000
RPSTMLNLMHIFFCB28DB,保安段,13.54,都市：住,10000,42,持分移轉,04580000
RPSSMLNLMHIFFCB18DB,保安段,9.67,都市：住,10000,30,持分移轉,04580000
RPVSMLNLMHIFFCB48DB,保安段,9.67,都市：住,10000,30,持分移轉,04580000
RPPUMLNLMHIFFCB08DB,保安段,11.28,都市：住,10000,35,持分移轉,04580000
RPPTMLNLMHIFFCB97DB,保安段,9.67,都市：住,10000,30,持分移轉,04580000
RPQUMLNLMHIFFCB18DB,保安段,18.05,都市：住,10000,56,持分移轉,04580000
RPTTMLNLMHIFFCB38DB,保安段,13.54,都市：住,10000,42,持分移轉,04580000
RPWTMLNLMHIFFCB68DB,保安段,13.54,都市：住,10000,42,持分移轉,04580000
RPXTMLNLMHIFFCB78DB,保安段,13.54,都市：住,10000,42,持分移轉,04580000
RPXOMLNLMHIFFCL56CB,北勢坑段六路厝小段,77.00,都市：住,1,1,全筆移轉,17360141
RPXOMLNLMHIFFCL56CB,北勢坑段六路厝小段,9.26,都市：住,57,1,持分移轉,17360092
RPXOMLNLMHIFFCL56CB,北勢坑段六路厝小段,9.26,都市：住,57,1,持分移轉,17360113
RPXOMLNLMHIFFCL56CB,北勢坑段六路厝小段,9.26,都市：住,57,1,持分移轉,17360134
RPXNMLOLMHIFFCL56CB,北勢坑段六路厝小段,60.00,都市：住,1,1,全筆移轉,17360125
RPXNMLOLMHIFFCL56CB,北勢坑段六路厝小段,9.26,都市：住,57,1,持分移轉,17360092
RPXNMLOLMHIFFCL56CB,北勢坑段六路厝小段,9.26,都市：住,57,1,持分移轉,17360113
RPXNMLOLMHIFFCL56CB,北勢坑段六路厝小段,9.26,都市：住,57,1,持分移轉,17360134
RPOPMLNLMHIFFCL38CB,北勢坑段六路厝小段,77.00,都市：住,1,1,全筆移轉,17360142
RPOPMLNLMHIFFCL38CB,北勢坑段六路厝小段,9.26,都市：住,57,1,持分移轉,17360092
RPOPMLNLMHIFFCL38CB,北勢坑段六路厝小段,9.26,都市：住,57,1,持分移轉,17360134
RPOPMLNLMHIFFCL38CB,北勢坑段六路厝小段,9.26,都市：住,57,1,持分移轉,17360113
RPTOMLNLMHIFFCL78CB,北勢坑段六路厝小段,69.00,都市：住,1,1,全筆移轉,17360137
RPTOMLNLMHIFFCL78CB,北勢坑段六路厝小段,9.26,都市：住,57,1,持分移轉,17360092
RPTOMLNLMHIFFCL78CB,北勢坑段六路厝小段,9.26,都市：住,57,1,持分移轉,17360113
RPTOMLNLMHIFFCL78CB,北勢坑段六路厝小段,9.26,都市：住,57,1,持分移轉,17360134
RPPPMLNLMHIFFCL48CB,北勢坑段六路厝小段,76.00,都市：住,1,1,全筆移轉,17360143
RPPPMLNLMHIFFCL48CB,北勢坑段六路厝小段,9.26,都市：住,57,1,持分移轉,17360092
RPPPMLNLMHIFFCL48CB,北勢坑段六路厝小段,9.26,都市：住,57,1,持分移轉,17360113
RPPPMLNLMHIFFCL48CB,北勢坑段六路厝小段,9.26,都市：住,57,1,持分移轉,17360134
RPVNMLOLMHIFFCL98CB,北勢坑段六路厝小段,115.00,都市：住,1,1,全筆移轉,17360144
RPVNMLOLMHIFFCL98CB,北勢坑段六路厝小段,9.26,都市：住,57,1,持分移轉,17360092
RPVNMLOLMHIFFCL98CB,北勢坑段六路厝小段,9.26,都市：住,57,1,持分移轉,17360134
RPVNMLOLMHIFFCL98CB,北勢坑段六路厝小段,9.26,都市：住,57,1,持分移轉,17360113
RPUOMLNLMHIFFCL88CB,北勢坑段六路厝小段,68.00,都市：住,1,1,全筆移轉,17360138
RPUOMLNLMHIFFCL88CB,北勢坑段六路厝小段,9.26,都市：住,57,1,持分移轉,17360092
RPUOMLNLMHIFFCL88CB,北勢坑段六路厝小段,9.26,都市：住,57,1,持分移轉,17360113
RPUOMLNLMHIFFCL88CB,北勢坑段六路厝小段,9.26,都市：住,57,1,持分移轉,17360134
RPOOMLOLMHIFFCL38CB,北勢坑段六路厝小段,60.00,都市：住,1,1,全筆移轉,17360126
RPOOMLOLMHIFFCL38CB,北勢坑段六路厝小段,9.26,都市：住,57,1,持分移轉,17360113
RPOOMLOLMHIFFCL38CB,北勢坑段六路厝小段,9.26,都市：住,57,1,持分移轉,17360134
RPOOMLOLMHIFFCL38CB,北勢坑段六路厝小段,9.26,都市：住,57,1,持分移轉,17360092
RPVOMLNLMHIFFCL98CB,北勢坑段六路厝小段,68.00,都市：住,1,1,全筆移轉,17360139
RPVOMLNLMHIFFCL98CB,北勢坑段六路厝小段,9.26,都市：住,57,1,持分移轉,17360092
RPVOMLNLMHIFFCL98CB,北勢坑段六路厝小段,9.26,都市：住,57,1,持分移轉,17360134
RPVOMLNLMHIFFCL98CB,北勢坑段六路厝小段,9.26,都市：住,57,1,持分移轉,17360113
RPWOMLNLMHIFFCL09CB,北勢坑段六路厝小段,67.00,都市：住,1,1,全筆移轉,17360140
RPWOMLNLMHIFFCL09CB,北勢坑段六路厝小段,9.26,都市：住,57,1,持分移轉,17360092
RPWOMLNLMHIFFCL09CB,北勢坑段六路厝小段,9.26,都市：住,57,1,持分移轉,17360134
RPWOMLNLMHIFFCL09CB,北勢坑段六路厝小段,9.26,都市：住,57,1,持分移轉,17360113
RPPOMLOLMHIFFCL48CB,北勢坑段六路厝小段,60.00,都市：住,1,1,全筆移轉,17360127
RPPOMLOLMHIFFCL48CB,北勢坑段六路厝小段,9.26,都市：住,57,1,持分移轉,17360113
RPPOMLOLMHIFFCL48CB,北勢坑段六路厝小段,9.26,都市：住,57,1,持分移轉,17360134
RPPOMLOLMHIFFCL48CB,北勢坑段六路厝小段,9.26,都市：住,57,1,持分移轉,17360092
RPROMLOLMHIFFCL68CB,北勢坑段六路厝小段,60.00,都市：住,1,1,全筆移轉,17360129
RPROMLOLMHIFFCL68CB,北勢坑段六路厝小段,9.26,都市：住,57,1,持分移轉,17360113
RPROMLOLMHIFFCL68CB,北勢坑段六路厝小段,9.26,都市：住,57,1,持分移轉,17360134
RPROMLOLMHIFFCL68CB,北勢坑段六路厝小段,9.26,都市：住,57,1,持分移轉,17360092
RPSOMLOLMHIFFCL78CB,北勢坑段六路厝小段,69.00,都市：住,1,1,全筆移轉,17360130
RPSOMLOLMHIFFCL78CB,北勢坑段六路厝小段,9.26,都市：住,57,1,持分移轉,17360113
RPSOMLOLMHIFFCL78CB,北勢坑段六路厝小段,9.26,都市：住,57,1,持分移轉,17360134
RPSOMLOLMHIFFCL78CB,北勢坑段六路厝小段,9.26,都市：住,57,1,持分移轉,17360092
RPQOMLOLMHIFFCL58CB,北勢坑段六路厝小段,60.00,都市：住,1,1,全筆移轉,17360128
RPQOMLOLMHIFFCL58CB,北勢坑段六路厝小段,9.26,都市：住,57,1,持分移轉,17360113
RPQOMLOLMHIFFCL58CB,北勢坑段六路厝小段,9.26,都市：住,57,1,持分移轉,17360134
RPQOMLOLMHIFFCL58CB,北勢坑段六路厝小段,9.26,都市：住,57,1,持分移轉,17360092
RPRPMLOLMHIFFCL78CB,北勢坑段六路厝小段,68.00,都市：住,1,1,全筆移轉,17360120
RPRPMLOLMHIFFCL78CB,北勢坑段六路厝小段,9.26,都市：住,57,1,持分移轉,17360113
RPRPMLOLMHIFFCL78CB,北勢坑段六路厝小段,9.26,都市：住,57,1,持分移轉,17360134
RPRPMLOLMHIFFCL78CB,北勢坑段六路厝小段,9.26,都市：住,57,1,持分移轉,17360092
RPPPMLOLMHIFFCL58CB,北勢坑段六路厝小段,59.00,都市：住,1,1,全筆移轉,17360118
RPPPMLOLMHIFFCL58CB,北勢坑段六路厝小段,9.26,都市：住,57,1,持分移轉,17360113
RPPPMLOLMHIFFCL58CB,北勢坑段六路厝小段,9.26,都市：住,57,1,持分移轉,17360134
RPPPMLOLMHIFFCL58CB,北勢坑段六路厝小段,9.26,都市：住,57,1,持分移轉,17360092
RPXOMLOLMHIFFCL66CB,北勢坑段六路厝小段,59.00,都市：住,1,1,全筆移轉,17360117
RPXOMLOLMHIFFCL66CB,北勢坑段六路厝小段,9.26,都市：住,57,1,持分移轉,17360113
RPXOMLOLMHIFFCL66CB,北勢坑段六路厝小段,9.26,都市：住,57,1,持分移轉,17360134
RPXOMLOLMHIFFCL66CB,北勢坑段六路厝小段,9.26,都市：住,57,1,持分移轉,17360092
RPUOMLOLMHIFFCL98CB,北勢坑段六路厝小段,69.00,都市：住,1,1,全筆移轉,17360132
RPUOMLOLMHIFFCL98CB,北勢坑段六路厝小段,9.26,都市：住,57,1,持分移轉,17360113
RPUOMLOLMHIFFCL98CB,北勢坑段六路厝小段,9.26,都市：住,57,1,持分移轉,17360134
RPUOMLOLMHIFFCL98CB,北勢坑段六路厝小段,9.26,都市：住,57,1,持分移轉,17360092
RPWOMLOLMHIFFCL56CB,北勢坑段六路厝小段,59.00,都市：住,1,1,全筆移轉,17360116
RPWOMLOLMHIFFCL56CB,北勢坑段六路厝小段,9.26,都市：住,57,1,持分移轉,17360113
RPWOMLOLMHIFFCL56CB,北勢坑段六路厝小段,9.26,都市：住,57,1,持分移轉,17360134
RPWOMLOLMHIFFCL56CB,北勢坑段六路厝小段,9.26,都市：住,57,1,持分移轉,17360092
RPTOMLOLMHIFFCL88CB,北勢坑段六路厝小段,69.00,都市：住,1,1,全筆移轉,17360131
RPTOMLOLMHIFFCL88CB,北勢坑段六路厝小段,9.26,都市：住,57,1,持分移轉,17360113
RPTOMLOLMHIFFCL88CB,北勢坑段六路厝小段,9.26,都市：住,57,1,持分移轉,17360134
RPTOMLOLMHIFFCL88CB,北勢坑段六路厝小段,9.26,都市：住,57,1,持分移轉,17360092
RPSPMLOLMHIFFCL88CB,北勢坑段六路厝小段,68.00,都市：住,1,1,全筆移轉,17360121
RPSPMLOLMHIFFCL88CB,北勢坑段六路厝小段,9.26,都市：住,57,1,持分移轉,17360113
RPSPMLOLMHIFFCL88CB,北勢坑段六路厝小段,9.26,都市：住,57,1,持分移轉,17360134
RPSPMLOLMHIFFCL88CB,北勢坑段六路厝小段,9.26,都市：住,57,1,持分移轉,17360092
RPVPMLOLMHIFFCL56CB,北勢坑段六路厝小段,105.00,都市：住,1,1,全筆移轉,17360123
RPVPMLOLMHIFFCL56CB,北勢坑段六路厝小段,9.26,都市：住,57,1,持分移轉,17360113
RPVPMLOLMHIFFCL56CB,北勢坑段六路厝小段,9.26,都市：住,57,1,持分移轉,17360134
RPVPMLOLMHIFFCL56CB,北勢坑段六路厝小段,9.26,都市：住,57,1,持分移轉,17360092
RPUPMLOLMHIFFCL09CB,北勢坑段六路厝小段,68.00,都市：住,1,1,全筆移轉,17360122
RPUPMLOLMHIFFCL09CB,北勢坑段六路厝小段,9.26,都市：住,57,1,持分移轉,17360113
RPUPMLOLMHIFFCL09CB,北勢坑段六路厝小段,9.26,都市：住,57,1,持分移轉,17360134
RPUPMLOLMHIFFCL09CB,北勢坑段六路厝小段,9.26,都市：住,57,1,持分移轉,17360092
RPXQMLOLMHIFFCL86CB,北勢坑段六路厝小段,68.00,都市：住,1,1,全筆移轉,17360109
RPXQMLOLMHIFFCL86CB,北勢坑段六路厝小段,9.26,都市：住,57,1,持分移轉,17360113
RPXQMLOLMHIFFCL86CB,北勢坑段六路厝小段,9.26,都市：住,57,1,持分移轉,17360134
RPXQMLOLMHIFFCL86CB,北勢坑段六路厝小段,9.26,都市：住,57,1,持分移轉,17360092
RPORMLOLMHIFFCL68CB,北勢坑段六路厝小段,68.00,都市：住,1,1,全筆移轉,17360110
RPORMLOLMHIFFCL68CB,北勢坑段六路厝小段,9.26,都市：住,57,1,持分移轉,17360113
RPORMLOLMHIFFCL68CB,北勢坑段六路厝小段,9.26,都市：住,57,1,持分移轉,17360134
RPORMLOLMHIFFCL68CB,北勢坑段六路厝小段,9.26,都市：住,57,1,持分移轉,17360092
RPXPMLOLMHIFFCL76CB,北勢坑段六路厝小段,59.00,都市：住,1,1,全筆移轉,17360104
RPXPMLOLMHIFFCL76CB,北勢坑段六路厝小段,9.26,都市：住,57,1,持分移轉,17360113
RPXPMLOLMHIFFCL76CB,北勢坑段六路厝小段,9.26,都市：住,57,1,持分移轉,17360134
RPXPMLOLMHIFFCL76CB,北勢坑段六路厝小段,9.26,都市：住,57,1,持分移轉,17360092
RPPRMLOLMHIFFCL78CB,北勢坑段六路厝小段,68.00,都市：住,1,1,全筆移轉,17360111
RPPRMLOLMHIFFCL78CB,北勢坑段六路厝小段,9.26,都市：住,57,1,持分移轉,17360113
RPPRMLOLMHIFFCL78CB,北勢坑段六路厝小段,9.26,都市：住,57,1,持分移轉,17360134
RPPRMLOLMHIFFCL78CB,北勢坑段六路厝小段,9.26,都市：住,57,1,持分移轉,17360092
RPWPMLOLMHIFFCL66CB,北勢坑段六路厝小段,115.00,都市：住,1,1,全筆移轉,17360103
RPWPMLOLMHIFFCL66CB,北勢坑段六路厝小段,9.26,都市：住,57,1,持分移轉,17360113
RPWPMLOLMHIFFCL66CB,北勢坑段六路厝小段,9.26,都市：住,57,1,持分移轉,17360134
RPWPMLOLMHIFFCL66CB,北勢坑段六路厝小段,9.26,都市：住,57,1,持分移轉,17360092
RPSQMLOLMHIFFCL98CB,北勢坑段六路厝小段,59.00,都市：住,1,1,全筆移轉,17360106
RPSQMLOLMHIFFCL98CB,北勢坑段六路厝小段,9.26,都市：住,57,1,持分移轉,17360113
RPSQMLOLMHIFFCL98CB,北勢坑段六路厝小段,9.26,都市：住,57,1,持分移轉,17360134
RPSQMLOLMHIFFCL98CB,北勢坑段六路厝小段,9.26,都市：住,57,1,持分移轉,17360092
RPRRMLOLMHIFFCL98CB,北勢坑段六路厝小段,118.00,都市：住,1,1,全筆移轉,17360093
RPRRMLOLMHIFFCL98CB,北勢坑段六路厝小段,9.26,都市：住,57,1,持分移轉,17360113
RPRRMLOLMHIFFCL98CB,北勢坑段六路厝小段,9.26,都市：住,57,1,持分移轉,17360134
RPRRMLOLMHIFFCL98CB,北勢坑段六路厝小段,9.26,都市：住,57,1,持分移轉,17360092
RPTRMLOLMHIFFCL56CB,北勢坑段六路厝小段,60.00,都市：住,1,1,全筆移轉,17360095
RPTRMLOLMHIFFCL56CB,北勢坑段六路厝小段,9.26,都市：住,57,1,持分移轉,17360113
RPTRMLOLMHIFFCL56CB,北勢坑段六路厝小段,9.26,都市：住,57,1,持分移轉,17360134
RPTRMLOLMHIFFCL56CB,北勢坑段六路厝小段,9.26,都市：住,57,1,持分移轉,17360092
RPWQMLOLMHIFFCL76CB,北勢坑段六路厝小段,59.00,都市：住,1,1,全筆移轉,17360108
RPWQMLOLMHIFFCL76CB,北勢坑段六路厝小段,9.26,都市：住,57,1,持分移轉,17360113
RPWQMLOLMHIFFCL76CB,北勢坑段六路厝小段,9.26,都市：住,57,1,持分移轉,17360134
RPWQMLOLMHIFFCL76CB,北勢坑段六路厝小段,9.26,都市：住,57,1,持分移轉,17360092
RPVRMLOLMHIFFCL76CB,北勢坑段六路厝小段,60.00,都市：住,1,1,全筆移轉,17360097
RPVRMLOLMHIFFCL76CB,北勢坑段六路厝小段,9.26,都市：住,57,1,持分移轉,17360113
RPVRMLOLMHIFFCL76CB,北勢坑段六路厝小段,9.26,都市：住,57,1,持分移轉,17360134
RPVRMLOLMHIFFCL76CB,北勢坑段六路厝小段,9.26,都市：住,57,1,持分移轉,17360092
RPURMLOLMHIFFCL66CB,北勢坑段六路厝小段,60.00,都市：住,1,1,全筆移轉,17360096
RPURMLOLMHIFFCL66CB,北勢坑段六路厝小段,9.26,都市：住,57,1,持分移轉,17360113
RPURMLOLMHIFFCL66CB,北勢坑段六路厝小段,9.26,都市：住,57,1,持分移轉,17360134
RPURMLOLMHIFFCL66CB,北勢坑段六路厝小段,9.26,都市：住,57,1,持分移轉,17360092
RPXRMLOLMHIFFCL96CB,北勢坑段六路厝小段,69.00,都市：住,1,1,全筆移轉,17360099
RPXRMLOLMHIFFCL96CB,北勢坑段六路厝小段,9.26,都市：住,57,1,持分移轉,17360113
RPXRMLOLMHIFFCL96CB,北勢坑段六路厝小段,9.26,都市：住,57,1,持分移轉,17360134
RPXRMLOLMHIFFCL96CB,北勢坑段六路厝小段,9.26,都市：住,57,1,持分移轉,17360092
RPUQMLOLMHIFFCL56CB,北勢坑段六路厝小段,59.00,都市：住,1,1,全筆移轉,17360107
RPUQMLOLMHIFFCL56CB,北勢坑段六路厝小段,9.26,都市：住,57,1,持分移轉,17360113
RPUQMLOLMHIFFCL56CB,北勢坑段六路厝小段,9.26,都市：住,57,1,持分移轉,17360134
RPUQMLOLMHIFFCL56CB,北勢坑段六路厝小段,9.26,都市：住,57,1,持分移轉,17360092
RPQQMLOLMHIFFCL78CB,北勢坑段六路厝小段,59.00,都市：住,1,1,全筆移轉,17360105
RPQQMLOLMHIFFCL78CB,北勢坑段六路厝小段,9.26,都市：住,57,1,持分移轉,17360113
RPQQMLOLMHIFFCL78CB,北勢坑段六路厝小段,9.26,都市：住,57,1,持分移轉,17360134
RPQQMLOLMHIFFCL78CB,北勢坑段六路厝小段,9.26,都市：住,57,1,持分移轉,17360092
RPWRMLOLMHIFFCL86CB,北勢坑段六路厝小段,60.00,都市：住,1,1,全筆移轉,17360098
RPWRMLOLMHIFFCL86CB,北勢坑段六路厝小段,9.26,都市：住,57,1,持分移轉,17360113
RPWRMLOLMHIFFCL86CB,北勢坑段六路厝小段,9.26,都市：住,57,1,持分移轉,17360134
RPWRMLOLMHIFFCL86CB,北勢坑段六路厝小段,9.26,都市：住,57,1,持分移轉,17360092
RPOSMLOLMHIFFCL78CB,北勢坑段六路厝小段,69.00,都市：住,1,1,全筆移轉,17360100
RPOSMLOLMHIFFCL78CB,北勢坑段六路厝小段,9.26,都市：住,57,1,持分移轉,17360113
RPOSMLOLMHIFFCL78CB,北勢坑段六路厝小段,9.26,都市：住,57,1,持分移轉,17360134
RPOSMLOLMHIFFCL78CB,北勢坑段六路厝小段,9.26,都市：住,57,1,持分移轉,17360092
RPQSMLOLMHIFFCL98CB,北勢坑段六路厝小段,110.00,都市：住,1,1,全筆移轉,17360102
RPQSMLOLMHIFFCL98CB,北勢坑段六路厝小段,9.26,都市：住,57,1,持分移轉,17360113
RPQSMLOLMHIFFCL98CB,北勢坑段六路厝小段,9.26,都市：住,57,1,持分移轉,17360134
RPQSMLOLMHIFFCL98CB,北勢坑段六路厝小段,9.26,都市：住,57,1,持分移轉,17360092
RPXSMLOLMHIFFCL07CB,北勢坑段六路厝小段,69.00,都市：住,1,1,全筆移轉,17360087
RPXSMLOLMHIFFCL07CB,北勢坑段六路厝小段,9.26,都市：住,57,1,持分移轉,17360113
RPXSMLOLMHIFFCL07CB,北勢坑段六路厝小段,9.26,都市：住,57,1,持分移轉,17360134
RPXSMLOLMHIFFCL07CB,北勢坑段六路厝小段,9.26,都市：住,57,1,持分移轉,17360092
RPUSMLOLMHIFFCL76CB,北勢坑段六路厝小段,69.00,都市：住,1,1,全筆移轉,17360085
RPUSMLOLMHIFFCL76CB,北勢坑段六路厝小段,9.26,都市：住,57,1,持分移轉,17360113
RPUSMLOLMHIFFCL76CB,北勢坑段六路厝小段,9.26,都市：住,57,1,持分移轉,17360134
RPUSMLOLMHIFFCL76CB,北勢坑段六路厝小段,9.26,都市：住,57,1,持分移轉,17360092
RPWSMLOLMHIFFCL96CB,北勢坑段六路厝小段,69.00,都市：住,1,1,全筆移轉,17360086
RPWSMLOLMHIFFCL96CB,北勢坑段六路厝小段,9.26,都市：住,57,1,持分移轉,17360113
RPWSMLOLMHIFFCL96CB,北勢坑段六路厝小段,9.26,都市：住,57,1,持分移轉,17360134
RPWSMLOLMHIFFCL96CB,北勢坑段六路厝小段,9.26,都市：住,57,1,持分移轉,17360092
RPTSMLOLMHIFFCL66CB,北勢坑段六路厝小段,69.00,都市：住,1,1,全筆移轉,17360084
RPTSMLOLMHIFFCL66CB,北勢坑段六路厝小段,9.26,都市：住,57,1,持分移轉,17360113
RPTSMLOLMHIFFCL66CB,北勢坑段六路厝小段,9.26,都市：住,57,1,持分移轉,17360134
RPTSMLOLMHIFFCL66CB,北勢坑段六路厝小段,9.26,都市：住,57,1,持分移轉,17360092
RPSSMLOLMHIFFCL56CB,北勢坑段六路厝小段,69.00,都市：住,1,1,全筆移轉,17360083
RPSSMLOLMHIFFCL56CB,北勢坑段六路厝小段,9.26,都市：住,57,1,持分移轉,17360113
RPSSMLOLMHIFFCL56CB,北勢坑段六路厝小段,9.26,都市：住,57,1,持分移轉,17360134
RPSSMLOLMHIFFCL56CB,北勢坑段六路厝小段,9.26,都市：住,57,1,持分移轉,17360092
RPPSMLOLMHIFFCL88CB,北勢坑段六路厝小段,69.00,都市：住,1,1,全筆移轉,17360101
RPPSMLOLMHIFFCL88CB,北勢坑段六路厝小段,9.26,都市：住,57,1,持分移轉,17360113
RPPSMLOLMHIFFCL88CB,北勢坑段六路厝小段,9.26,都市：住,57,1,持分移轉,17360134
RPPSMLOLMHIFFCL88CB,北勢坑段六路厝小段,9.26,都市：住,57,1,持分移轉,17360092
RPRSMLOLMHIFFCL09CB,北勢坑段六路厝小段,130.00,都市：住,1,1,全筆移轉,17360082
RPRSMLOLMHIFFCL09CB,北勢坑段六路厝小段,9.26,都市：住,57,1,持分移轉,17360113
RPRSMLOLMHIFFCL09CB,北勢坑段六路厝小段,9.26,都市：住,57,1,持分移轉,17360134
RPRSMLOLMHIFFCL09CB,北勢坑段六路厝小段,9.26,都市：住,57,1,持分移轉,17360092
RPRNMLKMMHIFFCB37DB,保安段,9.67,都市：住,10000,30,持分移轉,04580000
RPWTMLOLMHIFFCL07CB,北勢坑段六路厝小段,83.00,都市：住,1,1,全筆移轉,17360078
RPWTMLOLMHIFFCL07CB,北勢坑段六路厝小段,29.83,都市：住,6,1,持分移轉,17360076
RPVTMLOLMHIFFCL96CB,北勢坑段六路厝小段,81.00,都市：住,1,1,全筆移轉,17360081
RPVTMLOLMHIFFCL96CB,北勢坑段六路厝小段,29.83,都市：住,6,1,持分移轉,17360076
RPSNMLKMMHIFFCB47DB,保安段,9.67,都市：住,10000,30,持分移轉,04580000
RPRTMLOLMHIFFCL56CB,北勢坑段六路厝小段,100.00,都市：住,1,1,全筆移轉,17360090
RPRTMLOLMHIFFCL56CB,北勢坑段六路厝小段,9.26,都市：住,57,1,持分移轉,17360113
RPRTMLOLMHIFFCL56CB,北勢坑段六路厝小段,9.26,都市：住,57,1,持分移轉,17360134
RPRTMLOLMHIFFCL56CB,北勢坑段六路厝小段,9.26,都市：住,57,1,持分移轉,17360092
RPTTMLOLMHIFFCL76CB,北勢坑段六路厝小段,142.00,都市：住,1,1,全筆移轉,17360091
RPTTMLOLMHIFFCL76CB,北勢坑段六路厝小段,9.26,都市：住,57,1,持分移轉,17360113
RPTTMLOLMHIFFCL76CB,北勢坑段六路厝小段,9.26,都市：住,57,1,持分移轉,17360134
RPTTMLOLMHIFFCL76CB,北勢坑段六路厝小段,9.26,都市：住,57,1,持分移轉,17360092
RPQTMLOLMHIFFCL09CB,北勢坑段六路厝小段,109.00,都市：住,1,1,全筆移轉,17360089
RPQTMLOLMHIFFCL09CB,北勢坑段六路厝小段,9.26,都市：住,57,1,持分移轉,17360113
RPQTMLOLMHIFFCL09CB,北勢坑段六路厝小段,9.26,都市：住,57,1,持分移轉,17360134
RPQTMLOLMHIFFCL09CB,北勢坑段六路厝小段,9.26,都市：住,57,1,持分移轉,17360092
RPOTMLOLMHIFFCL88CB,北勢坑段六路厝小段,79.00,都市：住,1,1,全筆移轉,17360088
RPOTMLOLMHIFFCL88CB,北勢坑段六路厝小段,9.26,都市：住,57,1,持分移轉,17360113
RPOTMLOLMHIFFCL88CB,北勢坑段六路厝小段,9.26,都市：住,57,1,持分移轉,17360134
RPOTMLOLMHIFFCL88CB,北勢坑段六路厝小段,9.26,都市：住,57,1,持分移轉,17360092
RPTNMLKMMHIFFCB57DB,保安段,9.67,都市：住,10000,30,持分移轉,04580000
