﻿編號,土地位置,土地移轉面積(平方公尺),使用分區或編定,權利人持分分母,權利人持分分子,移轉情形,地號
The serial number, land position,land shifting area square meter,the use zoning or compiles and checks,,,,land parcel
RPOOMLMJKHIFFAD86CC,北元段,15.73,都市：住,,,,01480000
RPXNMLMJKHIFFAD67CC,北元段,68.11,都市：住,,,,09300000
RPPOMLMJKHIFFAD07DC,濱段一小段,124.00,都市：商,,,,00070000
RPQOMLOJKHIFFAR68CC,延平段,44.15,都市：商,,,,01270000
RPQNMLMJKHIFFER78CC,中榮段,78.84,都市：住,,,,02930022
RPWOMLOJKHIFFAD97DC,北安段,89.10,都市：住,,,,02670000
RPWNMLOJKHIFFER96CC,番子寮段,82.00,都市：其他:,,,,15270007
RPPOMLOJKHIFFHR66CC,五王段,74.02,都市：住,,,,08150000
RPSOMLOJKHIFFER66CC,善成段,85.10,都市：住,,,,12640012
RPPNMLOJKHIFFER88CC,富強段,80.60,都市：住,,,,04950054
RPPOMLPJKHIFFCD57DC,竹篙厝段,11.64,都市：住,,,,19710000
RPSOMLQJKHIFFCD87CC,鹽埕段,141.00,非都市： ; 非都市編定：,,,,22780000
RPVOMLQJKHIFFCD18CC,東寧段,95.00,非都市： ; 非都市編定：,,,,00930001
RPVNMLPJKHIFFCR86DC,大埕段,121.00,都市：住,,,,09480000
RPVNMLPJKHIFFCR86DC,大埕段,118.00,都市：住,,,,09490000
RPUNMLQJKHIFFAD77CC,華興段,.00,都市：住,,,,11380000
RPUNMLQJKHIFFAD77CC,華興段,.00,都市：住,,,,11390000
RPUNMLQJKHIFFAD77CC,華興段,.00,都市：住,,,,11400000
RPOPMLQJKHIFFAD37CC,開元段,.00,都市：住,,,,05840000
RPOPMLQJKHIFFAD37CC,開元段,.00,都市：住,,,,05870000
RPTNMLQJKHIFFDR86DC,唐盟段,1329.54,非都市：工業區 ; 非都市編定：丁種建築用地,,,,09700000
RPTNMLQJKHIFFDR86DC,唐盟段,1540.27,非都市：工業區 ; 非都市編定：丁種建築用地,,,,09750000
RPTNMLQJKHIFFDR86DC,唐盟段,2545.37,非都市：工業區 ; 非都市編定：丁種建築用地,,,,09720000
RPPQMLRJKHIFFHR17CC,永信段,5.80,都市：住,,,,10700000
RPQQMLRJKHIFFHR27CC,南工段,90.27,都市：商,,,,10590000
RPXOMLQJKHIFFAD18CC,新南段,80.50,都市：其他:未調分區,,,,03430000
RPXNMLSKKHIFFCD58CC,新興段,.00,都市：住,,,,02400001
RPTPMLRJKHIFFAD08DC,濱段一小段,124.00,都市：商,,,,00070000
RPPNMLPKKHIFFAD27CC,頂美段,127.27,都市：住,,,,07530000
RPPNMLSJKHIFFCD67CC,光明段,.00,都市：住,,,,01400000
RPPNMLTJKHIFFCD77CC,東光段,.00,都市：其他:住商用,,,,05400000
RPSNMLKLKHIFFER98CC,小新營段,73.00,都市：住,,,,09150000
RPSOMLKLKHIFFCD47CC,虎尾寮段,30.54,都市：其他:未申請分區,,,,04270002
RPPOMLKLKHIFFER78CC,光文段,1360.45,都市：其他:,,,,05860000
RPVNMLKLKHIFFCD67CC,光明段,.00,都市：住,,,,05710009
RPVNMLKLKHIFFCD67CC,光明段,.00,都市：住,,,,05740005
RPVNMLKLKHIFFCD67CC,光明段,.00,都市：住,,,,05750001
RPQOMLKLKHIFFER88CC,大榮段,63.15,都市：住,,,,07050000
RPROMLKLKHIFFAD17CC,北安段,.00,都市：住,,,,08820000
RPROMLKLKHIFFAD17CC,北安段,.00,都市：住,,,,08810000
RPQNMLKLKHIFFAD96CC,金華段,7.83,都市：住,,,,00920000
RPUOMLKLKHIFFAD47CC,東豐段,.00,都市：住,,,,02800000
RPSOMLKLKHIFFAD27CC,開元段,.00,都市：商,,,,03610005
RPVOMLKLKHIFFAD57CC,金華段,.00,都市：住,,,,00850000
RPWOMLKLKHIFFAD67CC,妙壽段,61.83,都市：住,,,,00180000
RPWOMLKLKHIFFAD67CC,妙壽段,61.83,都市：住,,,,00180004
RPXOMLLLKHIFFAD87CC,北元段,1805.12,都市：其他:未申請分區,,,,01980000
RPPNMLLLKHIFFCR58CC,麻豆口段,117.00,都市：工,,,,04210073
RPPNMLLLKHIFFER78CC,華興段,78.91,都市：其他:,,,,07530000
RPQNMLLLKHIFFER88CC,南港段,94.95,都市：其他:,,,,04140000
RPWNMLLLKHIFFER86CC,富強段,67.04,都市：其他:,,,,03360000
RPQNMLNLKHIFFER09CC,七王段,67.06,都市：其他:,,,,03020000
RPUNMLMLKHIFFER76CC,茄拔段一小段,431.00,都市：其他:,,,,17050009
RPUNMLMLKHIFFER76CC,茄拔段一小段,46.00,都市：其他:,,,,17050013
RPSNMLQLKHIFFER07DC,信義段,78.04,都市：住,,,,02660000
RPVNMLRLKHIFFER37CC,大營段,85.00,都市：其他:,,,,12570007
RPUNMLRLKHIFFCD28CC,東光段,.00,都市：其他:,,,,01160003
RPQNMLSLKHIFFCD97CC,裕東段,619.30,都市：住,,,,08220000
RPQNMLLJLHIFFER78CC,港口段,88.00,都市：住,,,,33710013
RPUPMLLJLHIFFAD57CC,開元段,.00,都市：住,,,,05840000
RPUPMLLJLHIFFAD57CC,開元段,.00,都市：商,,,,05870000
RPPPMLLJLHIFFAD07CC,開元段,.00,都市：住,,,,05840000
RPPPMLLJLHIFFAD07CC,開元段,.00,都市：商,,,,05870000
RPRNMLMJLHIFFER98CC,善新段,161.00,都市：其他:,,,,01210004
RPSNMLMJLHIFFER09CC,大榮段,1545.07,都市：其他:,,,,07780000
RPSNMLMJLHIFFER09CC,大榮段,84.71,都市：其他:,,,,07790000
RPSNMLMJLHIFFER09CC,大榮段,1042.64,都市：其他:,,,,07800000
RPUNMLOJLHIFFBD77CC,幸福段,548.91,都市：其他:,,,,04670000
RPRNMLPJLHIFFCD67CC,竹篙厝段,5093.00,都市：住,,,,16780014
RPPNMLQJLHIFFCR98CC,埤頭段,140.00,都市：其他:,,,,06520019
RPPNMLQJLHIFFCR98CC,埤頭段,143.00,都市：其他:,,,,06520020
RPXNMLRJLHIFFER57DC,大營段,88.00,非都市：特定農業區 ; 非都市編定：甲種建築用地,,,,24270052
RPOOMLRJLHIFFER76DC,社內段,75.00,非都市：鄉村區 ; 非都市編定：乙種建築用地,,,,00210094
RPPOMLRJLHIFFER86DC,南港段,4752.08,都市：工,,,,09300000
RPPOMLRJLHIFFAD67DC,小北段,2.88,都市：住,,,,09690465
RPPOMLRJLHIFFAD67DC,小北段,81.89,都市：住,,,,09690455
RPPOMLRJLHIFFAD67DC,小北段,3.57,都市：住,,,,09690003
RPOPMLSKKHIFFHR17CC,大灣段,.00,都市：住,,,,39090009
RPROMLQJLHIFFHR17CC,六甲頂段,.00,都市：住,,,,13490001
RPPNMLNLKHIFFHR66CC,南工段,.00,都市：住,,,,09010000
RPPNMLNLKHIFFHR66CC,南工段,.00,都市：住,,,,09050000
RPSOMLRJLHIFFHR37CC,兵北段,.00,都市：住,,,,09240032
RPXOMLSKKHIFFHR97CC,六甲頂段,.00,都市：住,,,,11260000
RPUOMLKLKHIFFHR96CC,兵北段,.00,都市：住,,,,01220000
RPPNMLSJLHIFFER76CC,大營段,81.00,非都市：特定農業區 ; 非都市編定：甲種建築用地,,,,23670035
RPRNMLSJLHIFFER96CC,六分寮段,192.00,都市：其他:,,,,05600000
RPTNMLTJLHIFFDR17CC,佳化段,230.00,非都市：鄉村區 ; 非都市編定：乙種建築用地,,,,13560000
RPTNMLTJLHIFFDR17CC,佳化段,151.00,非都市：鄉村區 ; 非都市編定：乙種建築用地,,,,13570000
RPTNMLTJLHIFFDR17CC,佳化段,215.00,非都市：鄉村區 ; 非都市編定：乙種建築用地,,,,13580000
RPTNMLTJLHIFFDR17CC,佳化段,78.00,非都市：鄉村區 ; 非都市編定：乙種建築用地,,,,13590000
RPWNMLTJLHIFFAD38CC,小北段,20.32,都市：住,,,,09690156
RPTOMLRJLHIFFAD97CC,青年段,.00,都市：住,,,,01230000
RPVNMLTJLHIFFAD28CC,立人段,7.75,都市：住,,,,00650004
RPVNMLTJLHIFFAD28CC,立人段,1.01,都市：住,,,,01040000
RPVOMLRJLHIFFAD18CC,北元段,.00,都市：住,,,,02790025
RPRPMLPJLHIFFAD67CC,華興段,.00,都市：住,,,,04840000
RPRNMLNJLHIFFAD27CC,東豐段,.00,都市：商,,,,10190000
RPQOMLMKLHIFFAD27CC,南寧段,.00,都市：住,,,,60210011
RPVNMLMKLHIFFAD67CC,建興段,.00,都市：住,,,,00400000
RPROMLMKLHIFFAD37CC,金華段,.00,都市：住,,,,01330000
RPSOMLMKLHIFFAD47CC,觀音段,.00,都市：住,,,,03060000
RPPOMLMKLHIFFHR66CC,永興段,.00,都市：住,,,,00130000
RPWNMLMKLHIFFFR07CC,武東段,.00,都市：住,,,,03450049
RPUOMLNKLHIFFCD08DC,公英段,40.76,都市：住,,,,00080000
RPQOMLNKLHIFFHR86CC,兵北段,.00,都市：住,,,,01200000
RPRNMLNKLHIFFBD47CC,安東段,.00,都市：住,,,,06760000
RPPNMLMKLHIFFDR78CC,欣榮段,30.10,都市：其他:,,,,03840000
RPPNMLMKLHIFFDR78CC,欣榮段,37.50,都市：其他:,,,,03850000
RPPNMLMKLHIFFDR78CC,欣榮段,136.53,都市：工,,,,03880000
RPPNMLMKLHIFFDR78CC,欣榮段,735.64,都市：工,,,,03890000
RPPNMLMKLHIFFDR78CC,欣榮段,2071.40,都市：工,,,,03900000
RPPNMLMKLHIFFDR78CC,欣榮段,1815.69,都市：工,,,,03920000
RPPNMLMKLHIFFDR78CC,欣榮段,1127.67,都市：工,,,,03930000
RPPNMLMKLHIFFDR78CC,欣榮段,125.71,都市：工,,,,03940000
RPPNMLMKLHIFFDR78CC,欣榮段,34.82,都市：其他:,,,,03950000
RPPNMLMKLHIFFDR78CC,欣榮段,28.82,都市：其他:,,,,03960000
RPUNMLSJLHIFFCD28CC,虎尾寮段,46.00,都市：其他:,,,,05530060
RPUNMLSJLHIFFCD28CC,虎尾寮段,87.00,都市：其他:,,,,05530035
RPQOMLMKLHIFFCD47CC,立德段,.00,都市：住,,,,00470000
RPROMLMKLHIFFCD57CC,新興段,.00,都市：住,,,,02310023
RPSOMLMKLHIFFCD67CC,新興段,.00,都市：住,,,,02610000
RPTOMLMKLHIFFCD77CC,竹篙厝段,.00,都市：住,,,,40710014
RPRNMLTJLHIFFCD08CC,竹篙厝段,88.00,都市：住,,,,40280004
RPOPMLLKLHIFFCD27CC,竹篙厝段,.00,都市：住,,,,15190000
RPSOMLNKLHIFFCD77CC,竹篙厝段,.00,都市：住,,,,38250000
RPROMLNKLHIFFCD67CC,鹽埕段,.00,都市：住,,,,31080054
RPQOMLNKLHIFFCD57CC,竹篙厝段,.00,都市：住,,,,39680006
RPTNMLOKLHIFFCD87CC,鹽埕段,84.00,都市：其他:,,,,23530000
RPQOMLNKLHIFFAD37CC,金華段,.00,都市：住,,,,00640000
RPPNMLOKLHIFFAD27CC,三民段,.00,都市：住,,,,08000000
RPTNMLQKLHIFFAD87CC,開元段,.00,都市：商,,,,06270008
RPUOMLNKLHIFFAD77CC,文元段,.00,都市：住,,,,09900000
RPXOMLNKLHIFFAD08CC,銀同段,.00,都市：住,,,,07730000
RPTOMLNKLHIFFAD67CC,華興段,.00,都市：住,,,,08440000
RPROMLNKLHIFFAD47CC,金華段,.00,都市：住,,,,00720000
RPWOMLMKLHIFFAD87CC,金華段,.00,都市：住,,,,00650000
RPWOMLNKLHIFFAD97CC,立人段,.00,都市：住,,,,03830000
RPSNMLQKLHIFFHR27CC,永信段,.00,都市：住,,,,04070000
RPROMLSKLHIFFHR47CC,信義段,77.13,都市：住,,,,01990000
RPUNMLTKLHIFFHR77CC,橋北段,.00,都市：住,,,,00290011
RPPOMLSKLHIFFER96CC,光文段,9.43,都市：住,,,,09030000
RPPOMLSKLHIFFER96CC,光文段,54.74,都市：住,,,,09040000
RPQNMLSKLHIFFDR86CC,北文段,11.35,都市：住,,,,09290000
RPQNMLSKLHIFFDR86CC,北文段,5.02,都市：住,,,,09300000
RPQNMLSKLHIFFDR86CC,北文段,2.31,都市：住,,,,09320000
RPQNMLSKLHIFFDR86CC,北文段,2.19,都市：住,,,,09370000
RPQNMLSKLHIFFDR86CC,北文段,.28,都市：住,,,,09440000
RPQNMLSKLHIFFDR86CC,北文段,.03,都市：住,,,,09380001
RPTNMLTKLHIFFAD18CC,北元段,2932.86,都市：住,,,,01640000
RPVNMLTKLHIFFAD38CC,金華段,.00,非都市： ; 非都市編定：,,,,00920000
RPRNMLTKLHIFFAD97CC,金華段,.00,都市：商,,,,00560000
RPUNMLKLLHIFFAD47CC,延平段,.00,都市：住,,,,11690060
RPUNMLQKLHIFFAD97CC,開元段,.00,都市：商,,,,06270008
RPVNMLKLLHIFFAD57CC,田段,.00,都市：商,,,,00420367
RPRNMLKLLHIFFER98CC,新吉段,84.00,都市：住,,,,02060059
RPUNMLLLLHIFFHR07CC,信義段,2093.31,都市：住,,,,11020000
RPTOMLKLLHIFFER66CC,小新營段,96.00,非都市： ; 非都市編定：,,,,08910000
RPXNMLLLLHIFFHR37CC,橋北段,76.93,都市：住,,,,00190126
RPWNMLMLLHIFFER07CC,善成段,85.50,都市：住,,,,14080016
RPRNMLLLLHIFFAD37DC,新南段,84.00,都市：其他:,,,,00810073
RPWNMLLLLHIFFHR37DC,橋北段,88.77,都市：住,,,,01310008
RPOOMLMLLHIFFER98CC,新化段王公廟小段,108.00,都市：其他:,,,,19550015
RPPNMLNLLHIFFER09CC,福壽段,203.53,都市：其他:,,,,11280000
RPWNMLQKLHIFFCD38CC,裕東段,.00,都市：住,,,,03360002
RPRNMLNLLHIFFCD67CC,光明段,84.00,都市：住,,,,09350006
RPPNMLTKLHIFFCD97CC,竹篙厝段,157.00,都市：住,,,,40170003
RPQNMLNLLHIFFCD57CC,竹篙厝段,130.00,都市：商,,,,09410000
RPQNMLNLLHIFFCD57CC,竹篙厝段,130.00,都市：商,,,,09400000
RPUNMLKLLHIFFCD67CC,東寧段,.00,都市：住,,,,05210000
RPVOMLOKLHIFFCD18CC,鹽埕段,.00,都市：商,,,,02090004
RPVOMLPLLHIFFCD38CC,路東段,16.13,都市：其他:,,,,06900000
RPVOMLPLLHIFFCD38CC,路東段,10.43,都市：其他:,,,,07990000
RPVOMLPLLHIFFCD38CC,路東段,103.23,都市：其他:,,,,08000000
RPVOMLPLLHIFFCD38CC,路東段,3.40,都市：其他:,,,,08000001
RPPNMLMLLHIFFCD37CC,鹽埕段,26.62,都市：住,,,,25990004
RPQNMLSKLHIFFCD97CC,竹篙厝段,4.65,都市：住,,,,36470000
RPRNMLRKLHIFFCD97CC,精忠段,25.46,都市：住,,,,05910008
RPQOMLQLLHIFFAD77CC,福安段,.00,都市：住,,,,05880000
RPQOMLQLLHIFFAD77CC,福安段,.00,都市：住,,,,05890000
RPQOMLQLLHIFFAD77CC,福安段,.00,都市：住,,,,05900000
RPROMLQLLHIFFAD87CC,廣慈段,.00,都市：商,,,,00130000
RPRNMLQLLHIFFFR07CC,南興段,70.37,都市：住,,,,06010000
RPOOMLQLLHIFFFR86CC,太新段,198.45,都市：住,,,,01480000
RPTNMLQLLHIFFDR07CC,佳里段,82.00,都市：商,,,,16100012
RPXOMLRLLHIFFDR67CC,九龍段,102.86,都市：住,,,,09520015
RPPNMLRLLHIFFAD67CC,富台段,.00,都市：住,,,,07790000
RPQNMLRLLHIFFAD77CC,富台段,.00,都市：住,,,,07790000
RPTNMLRLLHIFFAD08CC,廣慈段,.00,都市：商,,,,04780000
RPPNMLRLLHIFFCD87CC,裕東段,.00,都市：住,,,,12240000
RPTNMLRLLHIFFCD28CC,竹篙厝段,.00,都市：住,,,,06050000
RPXNMLRLLHIFFER67CC,曾文段,563.00,都市：農,,,,26590001
RPXOMLSLLHIFFHR18CC,南工段,18.00,都市：住,,,,01410000
RPWNMLSLLHIFFAD58DC,金華段,19.60,都市：商,,,,00640025
RPXRMLTLLHIFFBD56CC,海前段,112.74,都市：商,,,,03910000
RPXRMLTLLHIFFBD56CC,海前段,126.11,都市：商,,,,03920000
RPVOMLTLLHIFFER77CC,光華段,360.18,都市：其他:,,,,05820000
RPVOMLTLLHIFFER77CC,光華段,1.41,都市：其他:,,,,06620000
RPURMLTLLHIFFBD88CC,安中段,.00,都市：住,,,,03420015
RPVNMLTLLHIFFAD48CC,中山段,59.47,都市：商,,,,07610000
RPVNMLTLLHIFFAD48CC,中山段,24.50,都市：商,,,,07620000
RPUNMLLJMHIFFFR86DC,岳王段,60.80,都市：住,,,,12360000
RPPPMLMJMHIFFAD37DC,南寧段,63.50,都市：住,,,,04060000
RPTNMLMJMHIFFER66CC,大社段,74.00,都市：農,,,,11930068
RPWNMLMJMHIFFER96CC,信義段,136.73,都市：其他:,,,,07140000
RPVOMLTLLHIFFAD58CC,仁愛段,.00,都市：住,,,,03910000
RPWOMLTLLHIFFAD68CC,開元段,.00,都市：商,,,,06270008
RPTOMLTLLHIFFAD38CC,開元段,.00,都市：住,,,,05840000
RPTOMLTLLHIFFAD38CC,開元段,.00,都市：商,,,,05870000
RPROMLNJMHIFFCD67CC,大恩段,.00,都市：住,,,,00800000
RPQOMLNJMHIFFCD57CC,光明段,.00,都市：住,,,,60000000
RPWNMLSLLHIFFCD68CC,東光段,.00,都市：商,,,,00850005
RPPOMLNJMHIFFCD47CC,虎尾寮段,.00,都市：住,,,,04610000
RPTOMLNJMHIFFCD87CC,竹篙厝段,131.00,都市：住,,,,25730000
RPVPMLTLLHIFFCD88CC,仁和段,.00,都市：住,,,,12780000
RPSOMLNJMHIFFCD77CC,鹽埕段,.00,都市：住,,,,02620042
RPUOMLNJMHIFFCD97CC,竹篙厝段,.00,都市：住,,,,27760000
RPVOMLNJMHIFFCD08CC,新東段,.00,都市：住,,,,17790000
RPWOMLNJMHIFFCD18CC,新興段,.00,都市：住,,,,02320052
RPPPMLNJMHIFFCD57CC,大同段,258.07,都市：住,,,,02980000
RPWPMLNJMHIFFAD08CC,金城段,.00,都市：住,,,,00170024
RPXPMLNJMHIFFAD18CC,金華段,.00,都市：住,,,,00850004
RPPQMLNJMHIFFAD47CC,濱段一小段,.00,都市：住,,,,00770010
RPOQMLNJMHIFFAD37CC,立人段,.00,都市：住,,,,00530000
RPQQMLNJMHIFFAD57CC,立人段,.00,都市：住,,,,00650003
RPPNMLOJMHIFFER09CC,茄拔段二小段,145.25,非都市：特定農業區 ; 非都市編定：農牧用地,,,,06590000
RPPNMLPJMHIFFHR86CC,兵北段,14.04,都市：住,,,,01220000
RPPNMLQJMHIFFHR96CC,頂安段,9.97,都市：住,,,,00880000
RPPNMLQJMHIFFHR96CC,頂安段,.08,都市：住,,,,00880001
RPPNMLQJMHIFFHR96CC,頂安段,.75,都市：住,,,,00900000
RPPNMLQJMHIFFHR96CC,頂安段,.01,都市：住,,,,00900001
RPQOMLSJMHIFFCD08CC,新東段,.00,都市：住,,,,00620000
RPWNMLSJMHIFFHR97DC,橋北段,99.55,都市：其他:,,,,00190135
RPVNMLSJMHIFFHR87DC,橋北段,99.55,都市：其他:,,,,00190135
RPXNMLSJMHIFFHR08DC,橋北段,99.55,都市：住,,,,00190135
RPSNMLRJMHIFFCD08CC,仁和段,14.29,都市：其他:沒申請,,,,08950000
RPSOMLTJMHIFFHR67CC,大灣段,1284.00,都市：其他:,,,,56220000
RPSOMLTJMHIFFHR67CC,大灣段,914.00,都市：其他:,,,,56230000
RPSNMLTJMHIFFCD28CC,虎尾寮段,25.65,都市：住,,,,04350004
RPSNMLTJMHIFFCD28CC,虎尾寮段,2.50,都市：住,,,,04350019
RPTNMLKKMHIFFER66DC,新化段王公廟小段,1332.00,非都市：特定農業區 ; 非都市編定：農牧用地,,,,13680000
RPUNMLKKMHIFFER76DC,信義段,37.73,都市：住,,,,00940000
RPVNMLKKMHIFFER86DC,永安段,68.98,都市：住,,,,04460000
RPVNMLKKMHIFFER86DC,永安段,9.37,都市：住,,,,04470000
RPVNMLKKMHIFFER86DC,永安段,58.69,都市：住,,,,04510000
RPRNMLLKMHIFFCD47CC,竹篙厝段,81.00,都市：住,,,,20560021
RPRNMLLKMHIFFER09CC,三民段,94.35,都市：其他:,,,,07280000
RPWNMLLKMHIFFER96CC,胡厝寮段,514.00,都市：住,,,,05940008
RPUNMLLKMHIFFER76CC,曾文段,41.00,都市：其他:,,,,26700002
RPPNMLNKMHIFFER09CC,光文段,154.66,都市：住,,,,09580000
RPPNMLNKMHIFFAD27CC,中山段,.00,都市：商,,,,02140000
RPTOMLPKMHIFFAD97CC,仁愛段,.00,都市：住,,,,03910000
RPUOMLPKMHIFFAD08CC,開元段,.00,都市：商,,,,06270008
RPQNMLPKMHIFFER76CC,北子店段二小段,39.00,非都市：特定農業區 ; 非都市編定：甲種建築用地,,,,13300000
RPQNMLPKMHIFFER76CC,北子店段二小段,17.00,非都市：特定農業區 ; 非都市編定：甲種建築用地,,,,13290000
RPQNMLPKMHIFFER76CC,北子店段二小段,22.00,非都市：特定農業區 ; 非都市編定：甲種建築用地,,,,13280000
RPQNMLPKMHIFFER76CC,北子店段二小段,11.22,非都市：特定農業區 ; 非都市編定：甲種建築用地,,,,13260000
RPQNMLPKMHIFFER76CC,北子店段二小段,5.77,非都市：特定農業區 ; 非都市編定：甲種建築用地,,,,13250000
RPSNMLPKMHIFFBD87CC,長和段,90.34,都市：住,,,,10530007
RPUOMLPKMHIFFCD28CC,竹篙厝段,134.00,都市：其他:,,,,12580000
RPWOMLPKMHIFFFR57CC,歸仁北段,81.00,都市：商,,,,10740037
RPWOMLPKMHIFFFR57CC,歸仁北段,1.00,都市：商,,,,10740038
RPVOMLPKMHIFFFR47CC,武東段,88.43,都市：住,,,,05290002
RPVOMLPKMHIFFFR47CC,武東段,503.22,都市：住,,,,05290034
RPQNMLQKMHIFFCD97DC,公英段,783.00,都市：商,,,,01580000
RPWNMLQKMHIFFCD48CC,竹篙厝段,135.00,都市：商,,,,09060000
RPOOMLRKMHIFFCD97DC,光明段,89.00,都市：住,,,,09130026
RPQNMLRKMHIFFFR07CC,和愛段,.00,都市：工,,,,01550000
RPQNMLRKMHIFFFR07CC,和愛段,.00,都市：工,,,,01530000
RPQNMLRKMHIFFFR07CC,和愛段,.00,都市：工,,,,01510000
RPQNMLRKMHIFFFR07CC,和愛段,.00,都市：工,,,,01520000
RPOOMLRKMHIFFAD77DC,新南段,438.00,都市：住,,,,00600021
RPUNMLRKMHIFFCD58EC,竹篙厝段,79.00,都市：商,,,,19980050
RPOOMLSKMHIFFBD87CC,溪墘段,145.80,都市：住,,,,07910000
RPTOMLSKMHIFFER47CC,善中段,89.78,都市：住,,,,05950002
RPWOMLSKMHIFFER77CC,光文段,17.41,都市：其他:,,,,05860000
RPXOMLSKMHIFFER87CC,大榮段,66.87,都市：其他:,,,,09970000
RPRNMLTKMHIFFER27CC,小新營段,96.00,都市：其他:,,,,08910000
RPSNMLTKMHIFFER37CC,小新營段,96.00,都市：其他:,,,,08910000
RPPNMLTKMHIFFBD97CC,海東段,99.11,都市：住,,,,01460000
RPWNMLTKMHIFFFR87CC,義林段,142.80,都市：住,,,,00650003
RPROMLMLMHIFFCD77CC,鹽埕段,.00,都市：商,,,,00930005
RPQOMLLKMHIFFHR76CC,兵南段,.00,都市：住,,,,05840000
RPVNMLLKMHIFFHR17CC,蜈蜞潭段,73.00,都市：住,,,,21000045
RPUNMLQKMHIFFHR57CC,兵南段,12.66,都市：住,,,,05450000
RPXOMLMLMHIFFAD18CC,赤崁段,.00,都市：住,,,,01090000
RPSNMLQKMHIFFAD87CC,妙壽段,102.51,都市：住,,,,09420000
RPSNMLQKMHIFFAD87CC,妙壽段,66.77,都市：住,,,,09430000
RPWPMLMLMHIFFAD18CC,郡王段,.00,都市：住,,,,09970046
RPWPMLMLMHIFFAD18CC,郡王段,.00,都市：住,,,,09950000
RPVOMLPKMHIFFAD18CC,延平段,.00,都市：住,,,,18710000
RPUNMLRKMHIFFAD18CC,永華段,96.00,都市：住,,,,01260000
RPPNMLMLMHIFFAD27CC,北元段,248.00,都市：住,,,,10340000
RPWOMLPKMHIFFAD28CC,開元段,.00,都市：商,,,,06250000
RPUNMLQKMHIFFAD08CC,小北段,85.77,都市：住,,,,11190003
RPWOMLMLMHIFFAD08CC,白金段,.00,都市：住,,,,00740000
RPWOMLMLMHIFFAD08CC,白金段,.00,都市：住,,,,00750000
RPWOMLMLMHIFFAD08CC,白金段,.00,都市：住,,,,00760000
RPOOMLNLMHIFFHR86CC,兵北段,.00,都市：住,,,,00410000
RPPOMLPLMHIFFBD77CC,公塭段,75.18,都市：住,,,,03610005
RPPOMLPLMHIFFBD77CC,公塭段,1.69,都市：住,,,,03610011
RPQOMLPLMHIFFBD87CC,海佃段,92.54,都市：住,,,,09450000
RPSOMLQLMHIFFCD38DC,新東段,.00,非都市： ; 非都市編定：,,,,08120000
RPROMLPLMHIFFBD97CC,十字段,123.95,都市：住,,,,08390000
RPROMLPLMHIFFBD97CC,十字段,3.26,都市：住,,,,08400002
RPUQMLTLMHIFFHR28CC,永和段,92.56,非都市： ; 非都市編定：,,,,10640000
RPOWMLRLMHIFFHR08CC,兵南段,.00,都市：住,,,,05840000
RPPNMLTLMHIFFAD97CC,保安段,22.88,都市：商,,,,00250000
RPRPMLRLMHIFFAD18CC,仁愛段,.00,都市：住,,,,11090011
RPXOMLNLMHIFFCD48CC,竹篙厝段,.00,都市：住,,,,14070000
RPXOMLNLMHIFFCD48CC,竹篙厝段,.00,都市：住,,,,14070001
RPXOMLNLMHIFFCD48CC,竹篙厝段,.00,都市：住,,,,14070002
RPPPMLTLMHIFFCD38CC,虎尾寮段,.00,都市：住,,,,04610000
RPOOMLOLMHIFFCD67CC,竹篙厝段,112.00,都市：商,,,,18910001
RPUNMLPLMHIFFER27CC,華興段,89.69,都市：其他:,,,,04300000
RPOOMLQLMHIFFER86CC,番子寮段,11276.00,都市：其他:,,,,15640003
RPVNMLTKMHIFFER67CC,番子寮段,51.04,都市：其他:,,,,13530006
