﻿編號,土地位置,土地移轉面積(平方公尺),使用分區或編定,權利人持分分母,權利人持分分子,移轉情形,地號
The serial number, land position,land shifting area square meter,the use zoning or compiles and checks,,,,land parcel
RPOOMLLJKHIFFEH67DC,竹圍段拔子林小段,71.00,都市：住,,,,03750091
RPTNMLMJKHIFFAH67CC,大樹林段,683.00,都市：工,,,,03040002
RPVNMLMJKHIFFEH28CC,河底段,.00,都市：住,,,,04400000
RPXNMLMJKHIFFEH48CC,河底段,.00,非都市： ; 非都市編定：,,,,05630000
RPWNMLMJKHIFFEH38CC,河底段,4982.75,都市：住,,,,06000000
RPRNMLMJKHIFFFH97CC,同福段,94.20,都市：住,,,,04490000
RPRNMLMJKHIFFFH97CC,大忠段,.64,都市：住,,,,00020000
RPVNMLOJKHIFFFH58CC,興豐段,26.44,都市：住,,,,07560000
RPPTMLOJKHIFFBH18CC,新街段,.00,非都市： ; 非都市編定：,,,,08620000
RPXNMLMJKHIFFAH08CC,延平段,1071.30,都市：住,,,,00120000
RPUOMLMJKHIFFAH87CC,大有段,4319.59,都市：住,,,,05150000
RPSOMLMJKHIFFAH67CC,大有段,10213.57,都市：住,,,,05450000
RPOOMLMJKHIFFAH27CC,大有段,5433.08,都市：住,,,,01870000
RPVNMLMJKHIFFAH87CC,桃鶯段,6521.98,都市：住,,,,01160000
RPPNMLOJKHIFFAH47CC,新埔段,15.27,都市：住,,,,09380000
RPTOMLMJKHIFFAH77CC,忠義段,1367.41,都市：住,,,,05140000
RPVOMLMJKHIFFAH97CC,新埔段,5762.00,都市：住,,,,09380000
RPWNMLMJKHIFFAH97CC,慈文段,7813.00,都市：住,,,,01130000
RPPRMLOJKHIFFBH08DC,復興段,15.17,都市：住,,,,13530000
RPURMLOJKHIFFBH58DC,自立段,54.00,都市：住,,,,07620000
RPURMLOJKHIFFBH58DC,自立段,26.00,都市：住,,,,07630000
RPOPMLOJKHIFFGH18CC,南華段,.63,都市：住,,,,01020000
RPOPMLOJKHIFFGH18CC,南華段,24.89,都市：住,,,,01250000
RPOPMLOJKHIFFGH18CC,南華段,.75,都市：住,,,,08570000
RPRRMLOJKHIFFBH28DC,復興段,25.86,都市：住,,,,13530000
RPVOMLPJKHIFFAH38DC,中山段,.00,都市：住,,,,01540000
RPSRMLOJKHIFFBH38DC,中工段,12.73,都市：住,,,,07440000
RPSNMLPJKHIFFFH48DC,同福段,16.98,都市：住,,,,02900000
RPUNMLPJKHIFFDH38CC,和平段,122.57,非都市：一般農業區 ; 非都市編定：甲種建築用地,,,,04470000
RPXNMLPJKHIFFFH98DC,大和段,17.26,都市：住,,,,02910000
RPVPMLPJKHIFFBH48CC,普義段,.00,都市：住,,,,23640000
RPOQMLPJKHIFFBH87CC,新街段,.00,都市：住,,,,08360000
RPRNMLPJKHIFFFH28CC,茄明段,60.04,都市：住,,,,00530000
RPVPMLPJKHIFFEH78CC,青山段,.00,都市：住,,,,03060000
RPPQMLRJKHIFFBH18CC,新街段,.00,非都市： ; 非都市編定：,,,,08620000
RPXRMLPJKHIFFBH88CC,健行段,506.00,都市：住,,,,10840000
RPQQMLPJKHIFFBH08CC,新街段,.00,都市：住,,,,08750000
RPQQMLRJKHIFFBH28CC,新街段,.00,非都市： ; 非都市編定：,,,,08620000
RPPOMLSJKHIFFGH78EC,中央段,52.04,都市：住,,,,09700000
RPROMLSKKHIFFBH38CC,新街段,.00,非都市： ; 非都市編定：,,,,08620000
RPSNMLTKKHIFFGH09DC,北興段,2194.94,都市：農,,,,06170000
RPSNMLTKKHIFFGH09DC,北興段,226.06,都市：農,,,,06170001
RPTPMLTKKHIFFEH56DC,公埔段,3098.19,都市：住,,,,08690000
RPPPMLSJKHIFFAH08CC,大有段,5433.08,都市：住,,,,01870000
RPPRMLTKKHIFFAH48CC,福元段,82.42,都市：住,,,,03300000
RPRPMLPJKHIFFAH97CC,中路段,62.00,都市：住,,,,16120049
RPRPMLPJKHIFFAH97CC,中路段,497.00,都市：住,,,,16120000
RPOOMLOJKHIFFAH47CC,江南段,20.21,都市：住,,,,02840000
RPQPMLKLKHIFFAH57CC,同安段,1887.00,都市：住,,,,13860000
RPTOMLKLKHIFFAH77CC,大有段,10213.57,都市：住,,,,05450000
RPQPMLOJKHIFFAH77CC,福元段,17.48,都市：住,,,,02220000
RPWSMLSJKHIFFAH09CC,大興段,5.18,都市：住,,,,01750000
RPWSMLSJKHIFFAH09CC,大興段,.02,都市：住,,,,01750001
RPWSMLSJKHIFFAH09CC,大興段,.00,都市：住,,,,01750002
RPOSMLRJKHIFFAH18CC,東國段,.00,都市：住,,,,01810000
RPVOMLOJKHIFFAH18CC,忠義段,8.31,都市：住,,,,10490000
RPRPMLKLKHIFFAH67CC,大樹林段,2040.00,都市：住,,,,19050000
RPSPMLKLKHIFFAH77CC,桃園段武陵小段,3837.00,都市：住,,,,01140037
RPTPMLLLKHIFFAH08DC,新路段,21.90,都市：住,,,,04700000
RPTPMLLLKHIFFAH08DC,新路段,19.68,都市：住,,,,04690000
RPUPMLKLKHIFFAH97CC,忠義段,3230.58,都市：住,,,,07000000
RPQPMLLLKHIFFEH08CC,錦中段,15400.00,都市：工,,,,06560000
RPOTMLMLKHIFFBH08CC,三座屋段三座屋小段,914.00,都市：住,,,,11100000
RPQOMLMLKHIFFBH87DC,仁愛段,25.28,都市：住,,,,14550000
RPTOMLLLKHIFFBH08DC,後寮段,409.00,都市：商,,,,02300000
RPOPMLMLKHIFFBH67CC,振興段,76.82,都市：住,,,,07910000
RPOPMLMLKHIFFBH67CC,振興段,4.27,都市：其他:,,,,07910001
RPTPMLNLKHIFFBH28CC,環東段,9.60,都市：住,,,,09860000
RPRPMLMLKHIFFBH97CC,三座屋段舊社小段,16.81,都市：住,,,,00810000
RPSOMLPLKHIFFCH48DC,埔頂段,92498.00,都市：工,,,,00210000
RPPNMLOLKHIFFFH18CC,青溪段,.00,都市：住,,,,04330000
RPROMLPLKHIFFGH68CC,廣南段,3963.00,都市：住,,,,05430000
RPOQMLPLKHIFFBH18DC,興南段興南小段,2877.69,非都市： ; 非都市編定：,,,,02660000
RPVPMLLLKHIFFAH28DC,陸光段,26.83,都市：住,,,,03790000
RPQQMLLLKHIFFAH87DC,陸光段,38.05,都市：住,,,,11770000
RPOQMLLLKHIFFAH67DC,新路段,32.00,都市：住,,,,06450000
RPPOMLPLKHIFFBH97CC,三座屋段舊社小段,73.00,都市：住,,,,01560055
RPPOMLPLKHIFFBH97CC,三座屋段舊社小段,14.00,都市：住,,,,01560067
RPPOMLPLKHIFFBH97CC,三座屋段舊社小段,9.00,都市：住,,,,01560072
RPUPMLQLKHIFFBH68CC,石頭段,.00,非都市： ; 非都市編定：,,,,00410001
RPVNMLPLKHIFFAH38CC,中興段,19.96,都市：商,,,,05130000
RPWNMLPLKHIFFAH48CC,陸光段,13.09,都市：住,,,,13110000
RPPNMLOLKHIFFAH67CC,中正段,9.24,都市：住,,,,01380000
RPVPMLQLKHIFFBH78CC,石頭段,.00,非都市： ; 非都市編定：,,,,00410002
RPSQMLQLKHIFFBH58CC,遠東段,18.97,都市：住,,,,08420000
RPWRMLQLKHIFFAH98CC,慈文段,.00,都市：住,,,,02350000
RPVNMLQLKHIFFAH48CC,桃園段武陵小段,98.71,都市：商,,,,01270000
RPPQMLQLKHIFFAH28DC,中埔段,26.44,都市：住,,,,00770000
RPQQMLQLKHIFFAH38DC,小檜溪段,17.35,都市：其他:,,,,07530000
RPURMLQLKHIFFAH88DC,富國段,12.39,都市：其他:建,,,,04930000
RPQRMLQLKHIFFBH58DC,自立段,.00,非都市： ; 非都市編定：,,,,12540000
RPTNMLRLKHIFFBH58DC,興南段興南小段,2877.69,非都市： ; 非都市編定：,,,,02660000
RPXQMLRLKHIFFAH09CC,興華段,17.55,都市：住,,,,00870000
RPTNMLSLKHIFFAH48CC,大興段,1552.56,都市：住,,,,01750000
RPTNMLSLKHIFFAH48CC,大興段,5.25,都市：住,,,,01750001
RPTNMLSLKHIFFAH48CC,大興段,.80,都市：住,,,,01750002
RPUNMLSLKHIFFAH58CC,大樹林段,2040.00,都市：住,,,,19050000
RPVNMLSLKHIFFAH68CC,大興段,2201.52,都市：住,,,,01990000
RPWNMLSLKHIFFAH78CC,中山段,2096.42,都市：住,,,,00490000
RPXNMLSLKHIFFAH88CC,大興段,2201.52,都市：住,,,,01990000
RPOOMLSLKHIFFAH08CC,大有段,10213.57,都市：住,,,,05450000
RPRNMLLJLHIFFAH47CC,三元段,4755.88,都市：住,,,,08280000
RPVOMLLJLHIFFAH97CC,文化段,.00,非都市： ; 非都市編定：,,,,01890000
RPUQMLLJLHIFFAH08CC,慈文段,8.99,都市：住,,,,02350000
RPTNMLLJLHIFFBH77CC,三座屋段舊社小段,7.27,都市：住,,,,00810000
RPRNMLMJLHIFFAH57CC,龍安段,2866.00,都市：住,,,,03380000
RPSNMLMJLHIFFAH67CC,忠義段,3230.58,都市：住,,,,07000000
RPTNMLMJLHIFFAH77CC,大有段,6677.56,都市：住,,,,04870000
RPUNMLMJLHIFFAH97DC,國聖段,20.21,都市：住,,,,07310000
RPOPMLNLKHIFFEH08CC,羊稠段,.00,非都市： ; 非都市編定：,,,,07650001
RPPNMLNLKHIFFEH97CC,南崁廟口段羊稠坑小段,31.25,都市：其他:(空白),,,,03010000
RPSNMLPLKHIFFEH48CC,河底段,23.67,都市：其他:(空白),,,,03560000
RPVRMLRLKHIFFEH76CC,公埔段,.00,都市：住,,,,07710000
RPPPMLNLKHIFFEH18CC,錦明段,19.24,都市：其他:,,,,02030000
RPOOMLOJLHIFFAH67DC,和平段,8.97,都市：住,,,,00930000
RPQPMLOJLHIFFAH97DC,和平段,72.00,都市：住,,,,02360016
RPUNMLOJLHIFFEH48CC,大牛稠段大牛稠小段,2110.00,都市：農,,,,06780000
RPOTMLOJLHIFFAH08CC,興華段,8.84,都市：住,,,,00650000
RPXOMLOJLHIFFAH48CC,新埔段,18.90,都市：住,,,,14880000
RPRNMLPJLHIFFAH87CC,西門段,6.38,都市：住,,,,12150000
RPVNMLPJLHIFFAH28CC,中興段,66.00,都市：其他:,,,,05130000
RPOOMLQJLHIFFGH38CC,新富段,20.25,都市：住,,,,04670000
RPTOMLQJLHIFFAH28CC,慈文段,149.00,都市：住,,,,02530004
RPPOMLRLKHIFFFH58CC,明智段,19.60,都市：住,,,,00360000
RPQOMLRLKHIFFFH68CC,永福段,105.98,都市：住,,,,08320000
RPRQMLRJLHIFFBH48CC,普義段,.00,都市：住,,,,04100000
RPPNMLRJLHIFFAH87CC,中埔段,10.72,都市：住,,,,06940000
RPPPMLQJLHIFFEH38CC,河底段,20.29,都市：住,,,,04920000
RPTOMLRJLHIFFGH98CC,新富段,.00,都市：住,,,,03280000
RPTOMLRJLHIFFGH98CC,新富段,.00,都市：住,,,,03290000
RPUOMLRJLHIFFGH09CC,廣南段,.00,都市：商,,,,16180000
RPWNMLRJLHIFFFH56DC,大義段,75.41,都市：住,,,,02070000
RPTPMLSJLHIFFAH58CC,福元段,21.42,都市：住,,,,05150000
RPTPMLSJLHIFFAH58CC,福元段,.94,都市：住,,,,05430000
RPVQMLSJLHIFFAH88CC,福元段,13.24,都市：住,,,,03320000
RPXPMLPJLHIFFCH88CC,潛龍段,24.53,都市：住,,,,10790000
RPXPMLPJLHIFFCH88CC,潛龍段,.53,都市：住,,,,10990000
RPWNMLPJLHIFFCH58CC,潛龍段,34.14,都市：住,,,,10790000
RPWNMLPJLHIFFCH58CC,潛龍段,.53,都市：住,,,,10990000
RPOQMLPJLHIFFCH08CC,潛龍段,27.73,都市：住,,,,10790000
RPOQMLPJLHIFFCH08CC,潛龍段,.53,都市：住,,,,10990000
RPSOMLLKLHIFFAH77CC,忠義段,4.64,都市：住,,,,05140000
RPXNMLLKLHIFFEH58CC,河底段,18.47,都市：住,,,,04380000
RPUOMLLKLHIFFBH18DC,後寮段,1560.00,都市：住,,,,05450000
RPWOMLLKLHIFFBH38DC,後寮段,1560.00,都市：住,,,,05450000
RPOOMLMKLHIFFBH67DC,自立段,650.41,都市：住,,,,17930000
RPPOMLMKLHIFFBH77DC,自立段,9610.00,都市：住,,,,08420000
RPQNMLMKLHIFFAH67DC,和平段,2271.00,都市：住,,,,02590000
RPSNMLLKLHIFFCH87CC,潛龍段,.53,都市：住,,,,10790000
RPSNMLLKLHIFFCH87CC,潛龍段,72.53,都市：住,,,,10990000
RPVNMLMKLHIFFCH28CC,潛龍段,35.21,都市：住,,,,10790000
RPVNMLMKLHIFFCH28CC,潛龍段,.60,都市：住,,,,10990000
RPVNMLMKLHIFFAH18DC,中埔段,4117.00,都市：住,,,,00040000
RPQQMLPJLHIFFCH28CC,潛龍段,24.00,都市：住,,,,10790000
RPQQMLPJLHIFFCH28CC,潛龍段,.53,都市：住,,,,10990000
RPTNMLNKLHIFFEH38CC,錦明段,.00,非都市： ; 非都市編定：,,,,01570000
RPWOMLMKLHIFFAH48EC,春日段,22.26,都市：住,,,,06970000
RPSOMLMKLHIFFBH97CC,自立段,30.08,都市：住,,,,12650000
RPRNMLNKLHIFFGH38CC,德育段,32.52,都市：其他:,,,,03950000
RPRNMLNKLHIFFGH38CC,德育段,1.66,都市：住,,,,03970000
RPXNMLNKLHIFFDH78DC,草湳坡段埔心小段,89.00,都市：其他:,,,,00040296
RPPQMLNKLHIFFEH28CC,河底段,.00,非都市： ; 非都市編定：,,,,02790000
RPWSMLOKLHIFFBH09DC,青平段,97.51,都市：住,,,,01670042
RPWSMLOKLHIFFBH09DC,青平段,956.86,都市：住,,,,01670000
RPWQMLOKLHIFFBH88DC,中興段,33.85,都市：住,,,,06240000
RPWQMLOKLHIFFBH88DC,中興段,115.44,都市：住,,,,06250000
RPWQMLOKLHIFFBH88DC,中興段,28.57,都市：住,,,,06250001
RPQNMLOKLHIFFFH48EC,榮興段,11.22,非都市：特定農業區 ; 非都市編定：甲種建築用地,,,,04270000
RPRNMLOKLHIFFEH28CC,錦明段,.00,非都市： ; 非都市編定：,,,,02320000
RPWNMLOKLHIFFEH78CC,羊稠段,.00,非都市： ; 非都市編定：,,,,01760000
RPORMLOKLHIFFBH08CC,自立段,20.24,都市：住,,,,17830000
RPWNMLPKLHIFFFH98CC,瑞豐段,21.54,都市：住,,,,01860000
RPSUMLOKLHIFFBH78CC,青昇段,3721.03,都市：其他:,,,,04090000
RPROMLPKLHIFFDH38CC,草湳坡段草湳坡小段,780.00,都市：農,,,,00100001
RPROMLPKLHIFFDH38CC,草湳坡段草湳坡小段,2503.00,都市：農,,,,00270000
RPROMLPKLHIFFDH38CC,草湳坡段草湳坡小段,343.00,都市：農,,,,00270015
RPROMLPKLHIFFDH38CC,草湳坡段草湳坡小段,38.00,都市：農,,,,00270017
RPROMLPKLHIFFDH38CC,草湳坡段草湳坡小段,1450.00,都市：農,,,,00100000
RPROMLPKLHIFFDH38CC,草湳坡段草湳坡小段,82.00,都市：農,,,,00100002
RPQRMLPKLHIFFAH38DC,中埔段,4802.00,都市：住,,,,06780010
RPRQMLQKLHIFFBH58DC,前寮段,80.73,都市：住,,,,01760000
RPPNMLQKLHIFFEH28CC,六福段,4722.44,都市：住,,,,08130000
RPQOMLRJLHIFFEH58DC,埔心段埔心小段,730.00,非都市：特定農業區 ; 非都市編定：甲種建築用地,,,,15410000
RPPNMLNJLHIFFEH97DC,青峰段,56.77,都市：住,,,,03090000
RPQNMLNJLHIFFEH08DC,青峰段,42.42,都市：住,,,,03880000
RPUNMLRJLHIFFEH88DC,埔心段埔心小段,730.00,非都市：特定農業區 ; 非都市編定：甲種建築用地,,,,15410000
RPPNMLOLKHIFFEH18DC,青峰段,38.84,都市：住,,,,03090000
RPTRMLSKLHIFFAH88CC,新埔段,19.45,都市：住,,,,14890000
RPTPMLMKLHIFFAH08CC,國聖段,28.48,都市：其他:(空白),,,,06850000
RPSRMLSKLHIFFAH78CC,興華段,.00,非都市： ; 非都市編定：,,,,00610002
RPTOMLLKLHIFFAH87CC,慈文段,.00,非都市： ; 非都市編定：,,,,01130000
RPWNMLKLLHIFFFH58CC,興仁段,77.20,都市：住,,,,03950000
RPQNMLTKLHIFFCH48CC,潛龍段,29.87,都市：住,,,,10790000
RPQNMLTKLHIFFCH48CC,潛龍段,.60,都市：住,,,,10990000
RPPOMLKLLHIFFFH97CC,福興段,70.39,都市：住,,,,04770000
RPOPMLKLLHIFFAH47CC,新埔段,.00,都市：住,,,,09380000
RPPPMLSKLHIFFBH38CC,興南段興南小段,.00,非都市： ; 非都市編定：,,,,02680000
RPUNMLTKLHIFFEH56DC,河底段,2169.43,都市：其他:,,,,05310000
RPOOMLSKLHIFFBH28DC,中寮段,25.12,都市：住,,,,08800000
RPRNMLTKLHIFFFH09EC,廣興段,51.07,非都市：鄉村區 ; 非都市編定：乙種建築用地,,,,07210000
RPVNMLTKLHIFFGH76CC,廣仁段,23.91,都市：工,,,,12200000
RPQNMLLLLHIFFFH08CC,大和段,28.14,都市：住,,,,02910000
RPTOMLLLLHIFFFH68EC,興豐段,14.65,都市：住,,,,16410000
RPTOMLLLLHIFFFH68EC,興豐段,6.73,都市：住,,,,16380000
RPXOMLTKLHIFFEH86CC,河底段,17.89,都市：住,,,,03660000
RPSNMLLLLHIFFEH28DC,橫山段橫山小段,1047.00,都市：住,,,,00420003
RPSNMLLLLHIFFEH28DC,橫山段橫山小段,68.00,都市：住,,,,00420046
RPQNMLLLLHIFFBH77DC,普義段,14.90,都市：住,,,,03220001
RPPNMLLLLHIFFFH18EC,大和段,14.51,都市：住,,,,02550000
RPWNMLLLLHIFFBH28CC,自立段,4.79,都市：住,,,,14610000
RPXPMLKLLHIFFAH38CC,小檜溪段,33.27,都市：住,,,,05550000
RPTNMLMLLHIFFFH48CC,大庄段,24.44,都市：住,,,,23880000
RPRQMLMLLHIFFBH28DC,後寮段,22.00,都市：住,,,,05790008
RPPOMLMLLHIFFFH18CC,大華段,.00,都市：商,,,,00100000
RPTPMLMLLHIFFEH58CC,河底段,.00,都市：住,,,,01200000
RPSUMLMLLHIFFEH09DC,青峰段,38.96,都市：住,,,,03090000
RPTNMLMLLHIFFGH58CC,德育段,7.00,都市：住,,,,03480000
RPROMLMLLHIFFAH87CC,慈文段,16.40,都市：住,,,,01130000
RPROMLMLLHIFFAH87CC,慈文段,.21,都市：住,,,,02350002
RPTOMLPLLHIFFAH38CC,成功段,2956.00,都市：住,,,,01550000
RPTOMLPLLHIFFAH38CC,成功段,138.00,都市：住,,,,01550001
RPSNMLMLLHIFFFH38CC,永福段,105.98,都市：商,,,,08320000
RPOPMLPLLHIFFAH97CC,忠義段,3230.58,都市：住,,,,07000000
RPRPMLPLLHIFFAH28CC,大樹林段,6612.00,都市：住,,,,19580000
RPWPMLPLLHIFFAH78CC,小檜溪段,587.00,都市：住,,,,12660000
RPSQMLPLLHIFFAH48CC,中山段,537.40,都市：住,,,,01690000
RPXPMLPLLHIFFAH88CC,大有段,10213.57,都市：住,,,,05450000
RPQQMLPLLHIFFAH28CC,大樹林段,2040.00,都市：住,,,,19050000
RPPQMLPLLHIFFAH18CC,埔子段埔子小段,3322.00,都市：住,,,,18720007
RPXNMLPLLHIFFFH56CC,八塊段,75.00,都市：其他:,,,,00880016
RPSVMLPLLHIFFBH09CC,石頭段,.00,都市：商,,,,00350050
RPROMLPLLHIFFEH78EC,內海墘段,241.00,都市：其他:,,,,03870003
RPWVMLPLLHIFFBH96DC,大江段,168.00,都市：其他:,,,,04940000
RPUVMLPLLHIFFBH76DC,大江段,168.00,都市：其他:,,,,04940000
RPXVMLPLLHIFFBH07DC,大江段,168.00,都市：其他:,,,,04940000
RPRWMLPLLHIFFBH56DC,中寮段,11239.34,都市：住,,,,08580000
RPWNMLQLLHIFFEH56DC,南崁廟口段廟口小段,22.44,都市：住,,,,00370000
RPTNMLQLLHIFFFH88CC,廣福段,24.16,都市：住,,,,04200000
RPOOMLRLLHIFFBH18CC,忠義段,.00,都市：工,,,,01680000
RPPPMLRLLHIFFBH38CC,自立段,1950.80,都市：住,,,,17250000
RPOQMLRLLHIFFBH48DC,中工段,198.00,都市：工,,,,02230000
RPVOMLSLLHIFFBH98CC,青平段,.00,都市：住,,,,00020000
RPPOMLLLLHIFFFH18DC,大義段,77.00,都市：商,,,,12930002
RPOOMLSLLHIFFCH38CC,潛龍段,174.44,都市：商,,,,10790000
RPOOMLSLLHIFFCH38CC,潛龍段,1.20,都市：商,,,,10990000
RPSNMLQLLHIFFCH48CC,潛龍段,.53,都市：住,,,,10790000
RPSNMLQLLHIFFCH48CC,潛龍段,35.96,都市：住,,,,10990000
RPPNMLPLLHIFFCH08CC,潛龍段,.53,都市：住,,,,10790000
RPPNMLPLLHIFFCH08CC,潛龍段,35.96,都市：住,,,,10990000
RPXPMLTLLHIFFBH76CC,三座屋段三座屋小段,26.25,都市：住,,,,11170000
RPWPMLTLLHIFFBH66CC,忠福段,10.80,都市：住,,,,33160000
RPQSMLTLLHIFFBH98CC,培英段,.00,都市：住,,,,00140000
RPSNMLLMLHIFFEH38DC,青峰段,31.67,都市：住,,,,03090000
RPQPMLLJMHIFFCH87CC,潛龍段,70.41,都市：住,,,,10790000
RPQPMLLJMHIFFCH87CC,潛龍段,.60,都市：住,,,,10990000
RPWOMLLJMHIFFCH38CC,潛龍段,25.07,都市：住,,,,10790000
RPWOMLLJMHIFFCH38CC,潛龍段,.60,都市：住,,,,10990000
RPQSMLPLLHIFFAH48CC,山福段,20.01,都市：其他:,,,,02470000
RPVQMLPLLHIFFAH78CC,大有段,5433.08,都市：住,,,,01870000
RPQOMLTLLHIFFAH48CC,國聖段,4023.00,都市：住,,,,08680000
RPSNMLSLLHIFFAH48CC,小檜溪段,107.00,都市：住,,,,09700001
RPUQMLPLLHIFFAH68CC,大樹林段,2040.00,都市：住,,,,19050000
RPSOMLLJMHIFFBH97DC,復興段,9.23,都市：住,,,,14490000
RPTQMLPLLHIFFAH58CC,福元段,4138.00,都市：住,,,,03320000
RPQRMLTLLHIFFAH78CC,建新段,1292.29,都市：住,,,,09350000
RPQPMLLJMHIFFBH87DC,大華段,1646.00,都市：住,,,,09980000
RPOOMLLJMHIFFFH87CC,同福段,12.84,都市：住,,,,03510000
RPPRMLPLLHIFFAH28CC,精忠段,25.70,都市：其他:,,,,20070000
RPQOMLLJMHIFFFH08CC,永福段,16.11,都市：住,,,,05790000
RPROMLLJMHIFFFH18CC,興豐段,34.76,都市：住,,,,01070000
RPXNMLLJMHIFFFH68CC,永福段,20.46,都市：住,,,,00030000
RPOQMLNJMHIFFGH38CC,復旦段,10.35,都市：住,,,,00710000
RPPOMLLJMHIFFFH97CC,大義段,16.64,都市：住,,,,00350000
RPRNMLMJMHIFFAH67CC,寶山段,16.41,都市：住,,,,08360000
RPQNMLMJMHIFFAH57CC,大樹林段,219.00,都市：住,,,,06960000
RPRQMLNJMHIFFEH48CC,錦中段,28.21,都市：工,,,,01680000
RPOPMLNJMHIFFAH67CC,國聖段,.00,都市：商,,,,06900000
RPUOMLSJMHIFFBH88DC,石頭段,16.61,都市：商,,,,00350050
RPVOMLSJMHIFFBH98DC,三座屋段舊社小段,14.36,都市：住,,,,01170000
RPOOMLSJMHIFFEH48CC,羊稠段,31.54,都市：其他:(空白),,,,02010000
RPOPMLLJMHIFFAH47CC,三元段,25.30,都市：住,,,,07510000
RPXPMLSJMHIFFBH56CC,忠孝段,.00,都市：住,,,,07410000
RPWOMLSJMHIFFBH09DC,新街段,12.14,都市：住,,,,08620000
RPTPMLSJMHIFFBH78CC,環東段,.00,都市：住,,,,05190000
RPSOMLKKMHIFFBH97DC,中壢埔頂段,69.56,都市：住,,,,13640000
RPVNMLKKMHIFFEH38CC,大竹段,21.66,都市：住,,,,00390000
RPSQMLKKMHIFFBH18DC,復興段,17.45,都市：住,,,,11180000
RPWOMLLKMHIFFBH38CC,榮民段,79.00,都市：住,,,,09910002
RPWNMLLKMHIFFCH38CC,潛龍段,.53,都市：住,,,,10790000
RPWNMLLKMHIFFCH38CC,潛龍段,36.56,都市：住,,,,10990000
RPVRMLLKMHIFFAH58DC,中埔段,13.17,都市：住,,,,00040000
RPTNMLLKMHIFFGH58DC,湧豐段,132.89,都市：住,,,,08700000
RPSPMLMKMHIFFBH38EC,振興段,152.22,都市：住,,,,04340000
RPSPMLMKMHIFFBH38EC,振興段,40.83,都市：住,,,,04340001
RPVNMLMKMHIFFCH48DC,烏樹林段,85.00,都市：住,,,,03070178
RPWNMLTJMHIFFCH56DC,潛龍段,70.41,都市：住,,,,10790000
RPWNMLMKMHIFFCH58DC,烏樹林段,85.00,都市：住,,,,03070178
RPOPMLMKMHIFFEH18DC,錦興段,2160.46,都市：住,,,,00550000
RPXNMLMKMHIFFCH58CC,潛龍段,29.34,都市：住,,,,10790000
RPXNMLMKMHIFFCH58CC,潛龍段,.60,都市：住,,,,10990000
RPOTMLLKMHIFFAH97CC,興華段,.00,都市：商,,,,00550000
RPSOMLKKMHIFFAH77CC,慈文段,.00,都市：住,,,,00190000
RPTRMLSJMHIFFAH88CC,中埔段,17.47,都市：住,,,,07450000
RPQNMLNKMHIFFAH77CC,大樹林段,2040.00,都市：住,,,,19050000
RPTRMLNJMHIFFAH38CC,忠義段,16.47,都市：住,,,,06650000
RPXSMLTJMHIFFAH86CC,壽山段,183.00,都市：其他:,,,,03080000
RPPNMLNKMHIFFAH67CC,大樹林段,6612.00,都市：住,,,,19580000
RPRRMLLKMHIFFAH08CC,富國段,59.65,都市：住,,,,00650000
RPPRMLTJMHIFFAH58CC,興華段,33.88,都市：住,,,,05580000
RPUNMLNKMHIFFAH18CC,三元段,6742.20,都市：住,,,,07840000
RPVNMLNKMHIFFAH28CC,中埔段,7724.00,都市：住,,,,03520000
RPXNMLNKMHIFFAH48CC,新埔段,1334.00,都市：住,,,,01040003
RPSNMLNKMHIFFAH97CC,慈文段,5298.00,都市：住,,,,00370000
RPPOMLNKMHIFFAH77CC,同安段,1887.00,都市：住,,,,13860000
RPONNLNKMHIFFEH08CC,六福段,11.12,都市：住,,,,08140000
RPWOMLNKMHIFFAH48CC,大興段,5.18,都市：住,,,,01750000
RPOOMLNKMHIFFAH67CC,中埔段,4117.00,都市：住,,,,00040000
RPVOMLNKMHIFFAH38CC,大興段,7.11,都市：住,,,,01750000
RPSNMLPKMHIFFFH68CC,前程段,.00,都市：住,,,,00900000
RPXOMLPKMHIFFBH88CC,復興段,.00,都市：住,,,,14490000
RPOPMLPKMHIFFBH08CC,新街段,.00,都市：住,,,,08360000
RPQOMLPKMHIFFAH18DC,法政段,.00,都市：住,,,,08340000
RPUNMLPKMHIFFFH88CC,前程段,.00,都市：住,,,,00900000
RPOOMLQKMHIFFBH08CC,普義段,.00,都市：住,,,,22890000
RPTRMLRKMHIFFAH88CC,大有段,.00,都市：住,,,,07760000
RPPPMLQKMHIFFAH18CC,埔子段埔子小段,.00,都市：商,,,,19720000
RPXPMLQKMHIFFBH09CC,興南段興南小段,.00,都市：商,,,,02680000
RPRNMLSKMHIFFAH48DC,龍安段,25.33,都市：住,,,,00940000
RPUOMLRKMHIFFEH56DC,大竹段,35.70,都市：住,,,,00390000
RPPOMLTKMHIFFAH48DC,同安段,27.35,都市：其他:,,,,13900000
RPPOMLTKMHIFFAH48DC,同安段,1.04,都市：其他:,,,,13920000
RPPOMLTKMHIFFAH48DC,同安段,.50,都市：其他:,,,,13900001
RPXOMLMLMHIFFDH88CC,幼獅段,78.56,非都市： ; 非都市編定：,,,,12120000
RPXOMLMLMHIFFBH68CC,石頭段,.00,非都市： ; 非都市編定：,,,,00370311
RPWQMLTKMHIFFBH76CC,環東段,49.80,都市：其他:,,,,06410008
RPWQMLTKMHIFFBH76CC,環東段,48.00,都市：其他:,,,,06410009
RPQSMLTKMHIFFBH98CC,石頭段,.00,非都市： ; 非都市編定：,,,,00410002
RPTPMLRKMHIFFBH88DC,新街段,12.14,都市：住,,,,08620000
RPSPMLRKMHIFFBH78DC,三座屋段舊社小段,14.36,都市：住,,,,01170000
RPORMLSKMHIFFBH58CC,青芝段,3967.00,都市：其他:,,,,00920000
RPTPMLSKMHIFFEH56CC,六福段,9.67,都市：住,,,,08140000
RPTNMLQKMHIFFEH78CC,河底段,13.42,都市：住,,,,08490000
RPRPMLPKMHIFFEH68CC,五福段,.00,都市：住,,,,05650000
RPRSMLMLMHIFFAH38CC,龍華段,.00,都市：住,,,,04660000
RPPPMLMLMHIFFBH97CC,三座屋段舊社小段,11.71,都市：住,,,,01150000
RPWNMLNLMHIFFEH88CC,南華段,17.55,都市：其他:,,,,00060000
RPUNMLNLMHIFFDH58CC,草湳坡段埔心小段,72.00,都市：住,,,,00130901
RPQNMLNLMHIFFFH58EC,大明段,33.55,非都市：鄉村區 ; 非都市編定：乙種建築用地,,,,06560000
RPXTMLOLMHIFFAH76DC,陸光段,27.30,非都市： ; 非都市編定：,,,,03070000
RPVOMLOLMHIFFEH56EC,五福段,23.32,都市：住,,,,03280000
RPVRMLOLMHIFFBH09DC,青平段,2120.03,都市：其他:,,,,01220000
RPOPMLOLMHIFFAH97CC,新埔段,5762.00,非都市： ; 非都市編定：,,,,09380000
RPSPMLNLMHIFFAH48EC,福元段,6.55,都市：住,,,,07990000
RPSPMLNLMHIFFAH48EC,福元段,6.40,都市：住,,,,08390000
RPSPMLNLMHIFFAH48EC,福元段,14.00,都市：住,,,,08400000
RPSPMLNLMHIFFAH48EC,福元段,7.94,都市：住,,,,08410000
RPWNMLTKMHIFFFH86CC,桃德段,91.12,都市：住,,,,03890000
RPQPMLOLMHIFFAH18CC,新埔段,11.95,都市：住,,,,13400000
RPVNMLPLMHIFFAH58CC,大有段,10213.57,都市：住,,,,05450000
RPSOMLPLMHIFFAH38CC,大有段,4319.59,都市：住,,,,05150000
RPPPMLOLMHIFFAH08CC,新埔段,.00,非都市： ; 非都市編定：,,,,07570000
RPVOMLPLMHIFFAH68CC,福元段,4138.00,都市：住,,,,03320000
RPXRMLPLMHIFFEH96CC,河底段,.00,非都市： ; 非都市編定：,,,,00700000
RPOPMLPLMHIFFAH08CC,桃園段武陵小段,3837.00,都市：住,,,,01140037
RPUSMLPLMHIFFAH98CC,興華段,46.60,都市：住,,,,03220000
RPTNMLQLMHIFFBH68DC,石頭段,1.00,都市：商,,,,00030023
RPTNMLQLMHIFFBH68DC,石頭段,1.00,都市：商,,,,00030750
RPXOMLPLMHIFFAH88CC,大有段,5433.08,都市：住,,,,01870000
RPQPMLQLMHIFFAH48DC,富國段,9760.00,都市：商,,,,04280000
RPPPMLQLMHIFFAH28CC,忠義段,21.40,都市：住,,,,08230000
RPXNMLQLMHIFFAH98DC,中山段,1502.69,都市：住,,,,00420000
RPRPMLKMMHIFFFH48CC,大發段,271.24,都市：其他:特定農業區,,,,03570000
RPQOMLTLMHIFFFH66EC,前程段,14.13,都市：住,,,,00900000
RPXQMLQLMHIFFBH86EC,新街段,12.62,非都市： ; 非都市編定：,,,,08750000
RPXQMLQLMHIFFBH86EC,新街段,12.62,非都市： ; 非都市編定：,,,,08750000
RPPRMLQLMHIFFAH58DC,西門段,18.15,都市：其他:,,,,06190000
RPPRMLQLMHIFFAH58DC,西門段,.26,都市：其他:,,,,06160003
RPTOMLRLMHIFFBH88DC,富強段,99.22,都市：住,,,,05340000
RPTQMLQLMHIFFAH88DC,國聖段,77.16,都市：其他:,,,,07600000
RPPNMLSLMHIFFEH68CC,河底段,22.31,都市：住,,,,04010000
RPRRMLKMMHIFFFH68CC,永福段,26.00,都市：住,,,,00120000
RPTPMLKMMHIFFBH28CC,健行段,5.60,都市：住,,,,10840000
RPUPMLKMMHIFFBH38CC,健行段,5.60,都市：住,,,,10840000
RPQWMLKMMHIFFAH58CC,山福段,13.24,都市：其他:,,,,07440000
RPUPMLQLMHIFFAH78CC,同安段,26.87,都市：住,,,,10960000
RPWSMLQLMHIFFAH66CC,國聖段,20.63,都市：住,,,,07660000
RPQNMLKMMHIFFAH67CC,大樹林段,10.27,都市：住,,,,03790000
RPWPMLQLMHIFFAH98CC,永安段,9.92,都市：住,,,,03430000
