﻿編號,屋齡,建物移轉面積平方公尺,主要用途,主要建材,建築完成日期,總層數,建物分層
The serial number,room age,building shifting area square meter,the main use,main building materials,construction completes the date,total layer,building lamination
RPROMLOJKHIFFAM08CA,1,12.00,農舍,鋼鐵造有牆,100年7月25日,一層,一層
RPQNMLRJKHIFFAM18CA,32,118.92,住商用,鋼筋混凝土加強磚造,69年8月1日,二層,一層 二層 騎樓
RPPOMLSJKHIFFAM28CA,16,171.48,住商用,鋼筋混凝土造,85年7月24日,四層,一層 二層 三層 四層 陽台 平台
RPTOMLLLKHIFFAM18CA,19,148.43,住家用,鋼筋混凝土造,82年11月10日,十四層,十三層 陽台
RPUNMLPJKHIFFAM38CA,11,281.69,農舍,鋼筋混凝土造,91年1月24日,三層,一層 二層 三層 陽台
RPVNMLKLKHIFFAM18CA,24,131.18,住家用,鋼筋混凝土造,78年4月20日,二層,一層 二層 電梯樓梯間
RPWNMLOJKHIFFAM48CA,32,105.70,住商用,鋼筋混凝土加強磚造,69年8月28日,二層,一層 二層 騎樓
RPRNMLPJKHIFFAM08CA,37,75.60,住家用,鋼筋混凝土加強磚造,65年1月13日,二層,一層 二層
RPPNMLRJKHIFFAM08CA,33,128.31,住家用,鋼筋混凝土加強磚造,68年12月29日,二層,一層 二層
RPSNMLPJKHIFFBM28CA,37,122.04,住商用,鋼筋混凝土加強磚造,65年4月12日,二層,一層 二層 騎樓
RPPPMLOJKHIFFCM18CA,8,155.73,住家用,鋼骨造,93年8月18日,三層,一層 二層 三層 陽台 平台
RPVNMLPJKHIFFCM68CA,25,90.96,住商用,鋼筋混凝土造,76年12月9日,二層,一層 二層 騎樓
RPPNMLRJKHIFFCM28CA,18,79.15,集合住宅,鋼筋混凝土造,84年7月17日,七層,五層 陽台
RPRNMLOJKHIFFCM28DA,55,45.82,住家用,磚造,47年1月15日,一層,一層
RPQNMLQJKHIFFEM48CA,16,201.30,住商用,鋼筋混凝土造,86年7月12日,四層,一層 二層 三層 四層 騎樓
RPXNMLLJLHIFFCM58CA,1,690.30,農業設施﹝農業資材室﹞、農業設施﹝集貨包裝處理場﹞,鋼筋混凝土造,100年7月27日,一層,一層
RPXNMLPJKHIFFCM88CA,19,130.44,住家用,鋼筋混凝土造,82年10月28日,二層,一層 二層
RPPOMLRJKHIFFCM38CA,32,167.56,住商用,鋼筋混凝土造,69年10月23日,三層,一層 二層 三層 騎樓
RPQOMLPJKHIFFCM28CA,14,27.45,集合住宅,鋼筋混凝土造,87年12月31日,八層,六層 陽台
RPPNMLPJKHIFFBM97CA,33,114.05,住商用,鋼筋混凝土造,68年9月5日,二層,一層 二層 騎樓
RPPNMLRJKHIFFBM18CA,51,89.08,商業用,磚造,50年8月10日,二層,一層 二層 騎樓
RPPNMLQJKHIFFBM08CA,18,331.78,住商用,鋼筋混凝土造,83年12月9日,五層,一層 二層 三層 四層 五層 騎樓 花台 夾層 地下層
RPSNMLRJKHIFFBM48CA,39,62.19,住家用,加強磚造、磚石造,,二層,一層
RPPPMLLLKHIFFAM87CA,19,57.02,住家用,鋼筋混凝土造,82年8月28日,六層,四層 陽台
RPXOMLRJKHIFFAM98CA,26,2685.60,廠房、員工宿舍、員工餐廳、防空避難室,鋼筋混凝土造,76年5月27日,一層,一層
RPXOMLRJKHIFFAM98CA,31,2459.94,會客室、辦公室、廠房,鋼筋混凝土加強磚造、鐵架蓋石棉瓦,70年10月8日,二層,一層 二層 地下層 見其他登記事項
RPRNMLKLKHIFFAM77CA,18,95.78,住家用,鋼筋混凝土造,84年2月16日,十三層,十二層 陽台 花台
RPPNMLKLKHIFFCM77CA,5,86.74,農舍,鋼骨造、ＲＣ造,97年3月14日,二層,一層 二層 陽台
RPPNMLKLKHIFFCM77CA,5,86.74,農舍,鋼骨造、ＲＣ造,97年3月14日,二層,一層 二層 陽台
RPRNMLKLKHIFFDM08CA,23,151.10,住家用,鋼筋混凝土造,78年12月4日,三層,一層 二層 三層
RPQOMLTKKHIFFCM78CA,28,110.32,住家用,鋼筋混凝土造,74年3月27日,二層,一層 二層 騎樓
RPTOMLRJKHIFFCM88DA,40,55.61,住家用,鋼筋混凝土加強磚造,62年6月23日,一層,一層
RPPNMLSJKHIFFBM38DA,29,106.81,住家用,鋼筋混凝土加強磚造,73年4月30日,二層,一層 二層
RPWNMLRJKHIFFCM09DA,37,78.12,住家用,鋼筋混凝土加強磚造,64年12月1日,二層,一層 二層
RPQNMLLLKHIFFEM18CA,19,105.29,住家用,鋼筋混凝土造,83年5月3日,三層,一層 二層 三層
RPRNMLLJLHIFFCM97CA,17,63.91,集合住宅,鋼筋混凝土造,85年2月9日,十五層,六層 陽台
RPWNMLOJLHIFFCM78CA,39,94.23,住商用,鋼筋混凝土加強磚造,63年3月1日,二層,一層 二層 騎樓
RPQOMLMLKHIFFBM08CA,15,85.76,住家用,鋼筋混凝土造,87年5月20日,七層,三層 陽台
RPQOMLMLKHIFFBM08CA,15,22.08,防空避難室、停車空間、機械室、水塔、梯間,鋼筋混凝土造,87年5月20日,七層,
RPQNMLPJLHIFFCM28CA,12,230.97,住商用,鋼骨鋼筋混凝土造,90年3月27日,三層,一層 二層 三層 屋頂突出物 騎樓
RPXNMLRJKHIFFBM98CA,1,175.47,住家用,鋼筋混凝土造,101年5月16日,四層,一層 二層 三層 四層 陽台
RPTNMLSJKHIFFBM68CA,33,121.98,住家用,鋼筋混凝土加強磚造,69年1月1日,二層,一層 二層
RPPNMLTKKHIFFBM48CA,15,172.43,住家用,鋼筋混凝土造,87年4月30日,三層,一層 二層 三層 陽台 屋頂突出物
RPUNMLRJKHIFFAM58CA,20,84.26,住家用,鋼筋混凝土造,82年3月22日,八層,四層 陽台 花台
RPUNMLRJKHIFFAM58CA,20,26.60,防空避難室、人行道、電梯,鋼筋混凝土造,82年3月22日,八層,
RPUOMLRJKHIFFAM68CA,18,79.45,住家用,鋼筋混凝土造,83年7月22日,五層,四層
RPUOMLRJKHIFFAM68CA,18,8.59,梯間、通道,鋼筋混凝土造,83年7月22日,五層,
RPVNMLLLKHIFFBM38CA,20,95.02,住家用,鋼筋混凝土造,82年3月12日,七層,七層 陽台 花台
RPVNMLLLKHIFFBM38CA,20,19.54,地下室、門廳、梯間、機械室、守衛室、水箱、車道,鋼筋混凝土造,82年3月12日,七層,
RPUNMLLLKHIFFAM18CA,,225.53,住家用,鋼筋混凝土造,101年8月30日,四層,一層 二層 三層 四層 陽台
RPWNMLLLKHIFFAM38CA,,212.50,住家用,鋼筋混凝土造,101年8月30日,四層,一層 二層 三層 四層 陽台
RPWNMLSJKHIFFAM88CA,19,310.50,住家用,鋼筋混凝土造,83年4月6日,三層,一層 二層 三層
RPSPMLRJKHIFFAM58CA,5,369.95,住家用,鋼筋混凝土造,96年9月28日,四層,一層 二層 三層 四層 陽台 雨遮
RPPNMLMLKHIFFBM87CA,32,77.10,住商用,鋼筋混凝土造,70年5月25日,二層,一層 二層 騎樓
RPQNMLSKKHIFFCM58CA,24,171.10,住商用,鋼筋混凝土造,78年5月11日,二層,一層 二層 騎樓
RPQNMLSJKHIFFCM48CA,25,142.47,住商用,鋼筋混凝土造,77年6月24日,二層,一層 二層 騎樓
RPPNMLSJKHIFFCM38CA,32,273.48,店舖、住宅、人行道,鋼筋混凝土造,69年12月20日,三層,一層 二層 三層 陽台 騎樓
RPPNMLSJKHIFFCM38CA,58,186.13,住商用,磚造,44年3月1日,三層,一層 二層 三層
RPUOMLTKKHIFFCM56CA,7,709.95,農舍,鋼骨造,94年11月4日,三層,一層 二層 三層 陽台
RPRNMLSJKHIFFCM68DA,10,466.09,自用農舍,鋼骨造,92年1月8日,二層,一層 二層 陽台
RPSNMLPJLHIFFCM58DA,19,110.69,集合住宅,鋼筋混凝土造,83年7月8日,十二層,三層 陽台 花台
RPSNMLPJLHIFFCM58DA,19,16.11,避難室兼停車場、樓梯、門廳、騎樓、梯間、機械房、水箱、平台、瞭望台,鋼筋混凝土造,83年7月8日,十二層,
RPPNMLPJLHIFFAM08DA,2,224.00,住家用,鋼筋混凝土造,99年8月13日,四層,一層 二層 三層 四層 陽台
RPTNMLSKKHIFFBM88DA,21,86.06,住家用,鋼筋混凝土造,80年9月20日,十一層,七層 陽台
RPTNMLSKKHIFFBM88DA,21,14.67,梯間、機房、水箱,鋼筋混凝土造,80年9月20日,十一層,
RPTNMLSKKHIFFBM88DA,21,9.42,避難室、梯間、變電室、水箱、機械室,鋼筋混凝土造,80年9月20日,十一層,
RPTNMLSKKHIFFBM88DA,21,12.18,辦公室、停車空間,鋼筋混凝土造,80年9月20日,十一層,
RPTNMLSKKHIFFBM88DA,21,10.19,避難室、梯間、變電室、水箱、機械室,鋼筋混凝土造,80年9月20日,十一層,
RPRNMLPJLHIFFCM48DA,18,207.81,住家用,鋼筋混凝土造,84年2月27日,四層,一層 二層 三層 四層 陽台 屋頂突出物 露台 地下層
RPRNMLPJLHIFFCM48DA,18,39.31,公共設施,鋼筋混凝土造,84年2月27日,,
RPPNMLLLKHIFFDM08DA,6,48.38,農舍,見其他登記事項,96年1月5日,一層,
RPTNMLPLKHIFFCM68CA,22,167.23,住家用,鋼筋混凝土造,79年11月30日,三層,一層 二層 三層 陽台 平台 露台
RPVNMLMLKHIFFCM58CA,16,8.66,住家用,鋼筋混凝土造,86年5月6日,五層,一層 平台
RPVNMLMLKHIFFCM58CA,16,8.66,住家用,鋼筋混凝土造,86年5月6日,五層,一層 平台
RPVNMLMLKHIFFCM58CA,16,8.66,住家用,鋼筋混凝土造,86年5月6日,五層,一層 平台
SPVNMLMLKHIFFCM68CA,16,9.76,住家用,鋼筋混凝土造,86年5月6日,五層,一層 平台
SPVNMLMLKHIFFCM68CA,16,9.76,住家用,鋼筋混凝土造,86年5月6日,五層,一層 平台
SPVNMLMLKHIFFCM68CA,16,9.76,住家用,鋼筋混凝土造,86年5月6日,五層,一層 平台
TPVNMLMLKHIFFCM78CA,16,10.42,住家用,鋼筋混凝土造,86年5月6日,五層,一層 平台
TPVNMLMLKHIFFCM78CA,16,10.42,住家用,鋼筋混凝土造,86年5月6日,五層,一層 平台
TPVNMLMLKHIFFCM78CA,16,10.42,住家用,鋼筋混凝土造,86年5月6日,五層,一層 平台
UPVNMLMLKHIFFCM88CA,16,9.56,住家用,鋼筋混凝土造,86年5月6日,五層,一層 平台
UPVNMLMLKHIFFCM88CA,16,9.56,住家用,鋼筋混凝土造,86年5月6日,五層,一層 平台
UPVNMLMLKHIFFCM88CA,16,9.56,住家用,鋼筋混凝土造,86年5月6日,五層,一層 平台
SQVNMLMLKHIFFCM78CA,16,6.34,住家用,鋼筋混凝土造,86年5月6日,五層,三層 陽台
SQVNMLMLKHIFFCM78CA,16,6.34,住家用,鋼筋混凝土造,86年5月6日,五層,三層 陽台
SQVNMLMLKHIFFCM78CA,16,6.34,住家用,鋼筋混凝土造,86年5月6日,五層,三層 陽台
VPVNMLMLKHIFFCM98CA,16,9.48,住家用,鋼筋混凝土造,86年5月6日,五層,一層 平台
VPVNMLMLKHIFFCM98CA,16,9.48,住家用,鋼筋混凝土造,86年5月6日,五層,一層 平台
VPVNMLMLKHIFFCM98CA,16,9.48,住家用,鋼筋混凝土造,86年5月6日,五層,一層 平台
ZPVNMLMLKHIFFCM76CA,16,10.42,住家用,鋼筋混凝土造,86年5月6日,五層,二層 陽台
ZPVNMLMLKHIFFCM76CA,16,10.42,住家用,鋼筋混凝土造,86年5月6日,五層,二層 陽台
ZPVNMLMLKHIFFCM76CA,16,10.42,住家用,鋼筋混凝土造,86年5月6日,五層,二層 陽台
TQVNMLMLKHIFFCM88CA,16,8.66,住家用,鋼筋混凝土造,86年5月6日,五層,三層 陽台
TQVNMLMLKHIFFCM88CA,16,8.66,住家用,鋼筋混凝土造,86年5月6日,五層,三層 陽台
TQVNMLMLKHIFFCM88CA,16,8.66,住家用,鋼筋混凝土造,86年5月6日,五層,三層 陽台
RQVNMLMLKHIFFCM68CA,16,9.48,住家用,鋼筋混凝土造,86年5月6日,五層,二層 陽台
RQVNMLMLKHIFFCM68CA,16,9.48,住家用,鋼筋混凝土造,86年5月6日,五層,二層 陽台
RQVNMLMLKHIFFCM68CA,16,9.48,住家用,鋼筋混凝土造,86年5月6日,五層,二層 陽台
YPVNMLMLKHIFFCM66CA,16,9.76,住家用,鋼筋混凝土造,86年5月6日,五層,二層 陽台
YPVNMLMLKHIFFCM66CA,16,9.76,住家用,鋼筋混凝土造,86年5月6日,五層,二層 陽台
YPVNMLMLKHIFFCM66CA,16,9.76,住家用,鋼筋混凝土造,86年5月6日,五層,二層 陽台
WPVNMLMLKHIFFCM09CA,16,6.34,住家用,鋼筋混凝土造,86年5月6日,五層,二層
WPVNMLMLKHIFFCM09CA,16,6.34,住家用,鋼筋混凝土造,86年5月6日,五層,二層
WPVNMLMLKHIFFCM09CA,16,6.34,住家用,鋼筋混凝土造,86年5月6日,五層,二層
QQVNMLMLKHIFFCM58CA,16,9.56,住家用,鋼筋混凝土造,86年5月6日,五層,二層 陽台
QQVNMLMLKHIFFCM58CA,16,9.56,住家用,鋼筋混凝土造,86年5月6日,五層,二層 陽台
QQVNMLMLKHIFFCM58CA,16,9.56,住家用,鋼筋混凝土造,86年5月6日,五層,二層 陽台
XPVNMLMLKHIFFCM56CA,16,8.66,住家用,鋼筋混凝土造,86年5月6日,五層,二層 陽台
XPVNMLMLKHIFFCM56CA,16,8.66,住家用,鋼筋混凝土造,86年5月6日,五層,二層 陽台
XPVNMLMLKHIFFCM56CA,16,8.66,住家用,鋼筋混凝土造,86年5月6日,五層,二層 陽台
YQVNMLMLKHIFFCM76CA,16,6.34,住家用,鋼筋混凝土造,86年5月6日,五層,五層 陽台
YQVNMLMLKHIFFCM76CA,16,6.34,住家用,鋼筋混凝土造,86年5月6日,五層,五層 陽台
YQVNMLMLKHIFFCM76CA,16,6.34,住家用,鋼筋混凝土造,86年5月6日,五層,五層 陽台
UQVNMLMLKHIFFCM98CA,16,9.76,住家用,鋼筋混凝土造,86年5月6日,五層,三層 陽台
UQVNMLMLKHIFFCM98CA,16,9.76,住家用,鋼筋混凝土造,86年5月6日,五層,三層 陽台
UQVNMLMLKHIFFCM98CA,16,9.76,住家用,鋼筋混凝土造,86年5月6日,五層,三層 陽台
VQVNMLMLKHIFFCM09CA,16,.36,住家用,鋼筋混凝土造,86年5月6日,五層,三層 陽台
VQVNMLMLKHIFFCM09CA,16,.36,住家用,鋼筋混凝土造,86年5月6日,五層,三層 陽台
VQVNMLMLKHIFFCM09CA,16,.36,住家用,鋼筋混凝土造,86年5月6日,五層,三層 陽台
WQVNMLMLKHIFFCM56CA,16,9.56,住家用,鋼筋混凝土造,86年5月6日,五層,三層 陽台
WQVNMLMLKHIFFCM56CA,16,9.56,住家用,鋼筋混凝土造,86年5月6日,五層,三層 陽台
WQVNMLMLKHIFFCM56CA,16,9.56,住家用,鋼筋混凝土造,86年5月6日,五層,三層 陽台
XQVNMLMLKHIFFCM66CA,16,9.48,住家用,鋼筋混凝土造,86年5月6日,五層,三層 陽台
XQVNMLMLKHIFFCM66CA,16,9.48,住家用,鋼筋混凝土造,86年5月6日,五層,三層 陽台
XQVNMLMLKHIFFCM66CA,16,9.48,住家用,鋼筋混凝土造,86年5月6日,五層,三層 陽台
ZQVNMLMLKHIFFCM86CA,16,8.66,住家用,鋼筋混凝土造,86年5月6日,五層,五層 陽台
ZQVNMLMLKHIFFCM86CA,16,8.66,住家用,鋼筋混凝土造,86年5月6日,五層,五層 陽台
ZQVNMLMLKHIFFCM86CA,16,8.66,住家用,鋼筋混凝土造,86年5月6日,五層,五層 陽台
QRVNMLMLKHIFFCM68CA,16,9.76,住家用,鋼筋混凝土造,86年5月6日,五層,五層 陽台
QRVNMLMLKHIFFCM68CA,16,9.76,住家用,鋼筋混凝土造,86年5月6日,五層,五層 陽台
QRVNMLMLKHIFFCM68CA,16,9.76,住家用,鋼筋混凝土造,86年5月6日,五層,五層 陽台
ZRVNMLMLKHIFFCM96CA,16,9.48,住家用,鋼筋混凝土造,86年5月6日,五層,四層 陽台
ZRVNMLMLKHIFFCM96CA,16,9.48,住家用,鋼筋混凝土造,86年5月6日,五層,四層 陽台
ZRVNMLMLKHIFFCM96CA,16,9.48,住家用,鋼筋混凝土造,86年5月6日,五層,四層 陽台
TRVNMLMLKHIFFCM98CA,16,9.48,住家用,鋼筋混凝土造,86年5月6日,五層,五層 陽台
TRVNMLMLKHIFFCM98CA,16,9.48,住家用,鋼筋混凝土造,86年5月6日,五層,五層 陽台
TRVNMLMLKHIFFCM98CA,16,9.48,住家用,鋼筋混凝土造,86年5月6日,五層,五層 陽台
XRVNMLMLKHIFFCM76CA,16,10.42,住家用,鋼筋混凝土造,86年5月6日,五層,四層 陽台
XRVNMLMLKHIFFCM76CA,16,10.42,住家用,鋼筋混凝土造,86年5月6日,五層,四層 陽台
XRVNMLMLKHIFFCM76CA,16,10.42,住家用,鋼筋混凝土造,86年5月6日,五層,四層 陽台
URVNMLMLKHIFFCM09CA,16,6.34,住家用,鋼筋混凝土造,86年5月6日,五層,四層 陽台
URVNMLMLKHIFFCM09CA,16,6.34,住家用,鋼筋混凝土造,86年5月6日,五層,四層 陽台
URVNMLMLKHIFFCM09CA,16,6.34,住家用,鋼筋混凝土造,86年5月6日,五層,四層 陽台
WRVNMLMLKHIFFCM66CA,16,9.76,住家用,鋼筋混凝土造,86年5月6日,五層,四層 陽台
WRVNMLMLKHIFFCM66CA,16,9.76,住家用,鋼筋混凝土造,86年5月6日,五層,四層 陽台
WRVNMLMLKHIFFCM66CA,16,9.76,住家用,鋼筋混凝土造,86年5月6日,五層,四層 陽台
RRVNMLMLKHIFFCM78CA,16,10.42,住家用,鋼筋混凝土造,86年5月6日,五層,五層 陽台
RRVNMLMLKHIFFCM78CA,16,10.42,住家用,鋼筋混凝土造,86年5月6日,五層,五層 陽台
RRVNMLMLKHIFFCM78CA,16,10.42,住家用,鋼筋混凝土造,86年5月6日,五層,五層 陽台
SRVNMLMLKHIFFCM88CA,16,9.56,住家用,鋼筋混凝土造,86年5月6日,五層,五層 陽台
SRVNMLMLKHIFFCM88CA,16,9.56,住家用,鋼筋混凝土造,86年5月6日,五層,五層 陽台
SRVNMLMLKHIFFCM88CA,16,9.56,住家用,鋼筋混凝土造,86年5月6日,五層,五層 陽台
YRVNMLMLKHIFFCM86CA,16,9.56,住家用,鋼筋混凝土造,86年5月6日,五層,四層 陽台
YRVNMLMLKHIFFCM86CA,16,9.56,住家用,鋼筋混凝土造,86年5月6日,五層,四層 陽台
YRVNMLMLKHIFFCM86CA,16,9.56,住家用,鋼筋混凝土造,86年5月6日,五層,四層 陽台
VRVNMLMLKHIFFCM56CA,16,8.66,住家用,鋼筋混凝土造,86年5月6日,五層,四層 陽台
VRVNMLMLKHIFFCM56CA,16,8.66,住家用,鋼筋混凝土造,86年5月6日,五層,四層 陽台
VRVNMLMLKHIFFCM56CA,16,8.66,住家用,鋼筋混凝土造,86年5月6日,五層,四層 陽台
RPQNMLRLKHIFFBM48CA,13,156.77,住家用,鋼筋混凝土造,89年7月3日,三層,一層 二層 三層 陽台 電梯樓梯間
RPQNMLLLKHIFFBM87CA,22,185.95,住家用,鋼筋混凝土造,79年12月15日,三層,一層 二層 三層
RPQNMLTKKHIFFAM48CA,15,86.70,住家用,鋼筋混凝土造,86年9月19日,十四層,三層 陽台
RPQNMLTKKHIFFAM48CA,15,21.41,水箱受電室、機房、梯廳、走道、防空避難室,鋼筋混凝土造,86年9月19日,十四層,
RPPOMLLLKHIFFAM77CA,,198.98,住宅、樓梯間、水箱間,鋼筋混凝土造,101年10月8日,三層,一層 二層 三層 陽台 屋頂突出物
RPPNMLTKKHIFFAM38CA,18,135.03,住商用,鋼筋混凝土造,83年8月3日,四層,一層 二層 三層 四層 陽台 屋頂突出物 騎樓
RPQOMLLLKHIFFAM87CA,,194.72,住宅、樓梯間、水箱間,鋼筋混凝土造,101年10月8日,三層,一層 二層 三層 陽台 屋頂突出物
RPRNMLMLKHIFFBM08CA,5,17.90,農舍,加強磚造,96年8月2日,一層,一層
RPTNMLLLKHIFFAM08CA,18,88.47,住家用,鋼筋混凝土造,84年2月16日,十三層,六層 陽台
RPTNMLLLKHIFFAM08CA,18,23.37,辦公室、康樂室、電梯、門廳、機房、水箱、平臺、瞭望臺、梯間、變電室、機械室,鋼筋混凝土造,84年2月16日,十三層,
RPUNMLMLKHIFFCM48CA,36,125.48,住商用,鋼筋混凝土加強磚造,65年11月8日,二層,一層 二層 騎樓
RPRNMLMLKHIFFAM97CA,30,160.91,住商用,鋼筋混凝土加強磚造,72年4月21日,三層,一層 二層 三層 騎樓
RPVNMLNLKHIFFCM68CA,34,97.95,住家用,加強磚造,68年5月21日,二層,一層 二層
RPQNMLMLKHIFFDM18CA,16,216.25,住家用,鋼筋混凝土造,85年9月7日,三層,一層 二層 三層 陽台 騎樓 電梯樓梯間
RPQNMLOJLHIFFAM97CA,11,158.18,住家用,鋼筋混凝土造,91年7月10日,三層,一層 二層 三層 屋頂突出物
RPSNMLMLKHIFFCM38DA,32,135.31,店舖、住宅、人行道,鋼筋混凝土造,69年9月15日,二層,一層 二層 騎樓
RPSNMLQLKHIFFCM78DA,21,72.26,農舍,磚造,80年8月9日,一層,一層
RPSNMLQLKHIFFCM78DA,22,506.90,農舍,加強磚造,80年1月31日,二層,一層 二層 屋頂突出物
RPSNMLMLKHIFFBM28DA,19,107.03,住家用,鋼筋混凝土造,83年3月10日,七層,六層 陽台
RPSNMLMLKHIFFBM28DA,19,42.13,防空避難室、停車間、機械室、水塔、梯間,鋼筋混凝土造,83年3月10日,七層,
RPRNMLNLKHIFFCM38DA,8,95.20,集合住宅,鋼筋混凝土造,93年11月12日,十層,十層 陽台
RPVNMLLLKHIFFCM58DA,13,145.88,農舍,木造,88年10月15日,二層,一層 二層 陽台 平台
RPWNMLLLKHIFFCM68DA,13,167.46,農舍,木造,88年10月15日,二層,一層 二層 陽台 平台
RPPNMLMLKHIFFCM08DA,13,145.88,農舍,木造,88年10月15日,二層,一層 二層 陽台 平台
RPQOMLPLKHIFFCM48CA,32,20.46,住家用,加強磚造,70年1月23日,一層,一層
RPROMLPLKHIFFCM58CA,32,18.21,住家用,加強磚造,70年1月23日,一層,一層
RPSNMLSJLHIFFAM58CA,17,330.07,住家用,鋼筋混凝土造,85年2月16日,四層,一層 二層 三層 四層 陽台 屋頂突出物 露台 雨遮
RPQNMLRJLHIFFAM28CA,33,96.27,住商用,鋼筋混凝土加強磚造,69年4月12日,二層,一層 二層 騎樓
RPTNMLNLKHIFFBM38CA,7,184.22,農舍,見其他登記事項,94年11月30日,一層,
RPXNMLSLKHIFFBM66CA,23,112.63,住家用,加強磚造,79年4月4日,二層,一層 二層 陽台 電梯樓梯間 夾層
RPVNMLSLKHIFFBM09CA,,215.12,住家用,鋼筋混凝土造,101年9月6日,四層,一層 二層 三層 四層 陽台
RPSNMLMLKHIFFAM08CA,33,114.30,住家用,鋼筋混凝土加強磚造,68年11月9日,二層,一層 二層 電梯樓梯間
RPQNMLNLKHIFFAM97CA,20,175.02,住商用,鋼筋混凝土造,82年7月28日,三層,一層 二層 三層 見其他登記事項
RPPNMLSLKHIFFAM38CA,21,81.58,住家用,鋼筋混凝土造,81年7月13日,五層,二層
RPPNMLSLKHIFFAM38CA,21,5.15,共有部份,鋼筋混凝土造,81年7月13日,五層,
RPPNMLLJLHIFFAM57CA,11,15.27,共有部份,鋼筋混凝土造,90年11月28日,十層,
SPPNMLLJLHIFFAM67CA,11,93.95,住家用,鋼筋混凝土造,90年11月28日,十層,六層 陽台
RPUNMLLJLHIFFBM18CA,,209.33,住宅、樓梯間,鋼筋混凝土造,101年9月25日,三層,一層 二層 三層 陽台 屋頂突出物
RPQOMLQLKHIFFCM58CA,32,18.21,住家用,加強磚造,70年1月23日,一層,一層
RPQNMLMJLHIFFAM77CA,11,137.33,住家用,鋼骨鋼筋混凝土造,90年8月29日,三層,一層 二層 三層 陽台
RPXNMLQLKHIFFCM56CA,29,108.06,商業用,鋼筋混凝土造,73年4月2日,三層,一層 二層 三層 騎樓
RPXNMLQLKHIFFCM56CA,29,108.06,商業用,鋼筋混凝土造,73年4月2日,三層,一層 二層 三層 騎樓
RPOOMLSKLHIFFBM48CA,15,109.80,住家用,鋼筋混凝土造,87年5月20日,七層,七層 陽台
RPOOMLSKLHIFFBM48CA,15,35.26,防空避難室、停車空間、機械室、水塔、梯間,鋼筋混凝土造,87年5月20日,七層,
RPPNMLNLKHIFFDM18CA,21,208.48,住商用,鋼筋混凝土造,81年3月10日,四層,一層 二層 三層 四層 陽台 騎樓
RPPOMLSKLHIFFBM58CA,15,35.26,防空避難室、停車空間、機械室、水塔、梯間,鋼筋混凝土造,87年5月20日,七層,
RPPOMLSKLHIFFBM58CA,15,109.80,住家用,鋼筋混凝土造,87年5月20日,七層,七層 陽台
RPQNMLPLKHIFFBM38DA,14,188.72,住家用,鋼筋混凝土造,88年5月12日,四層,一層 二層 三層 四層 陽台
RPQNMLQLKHIFFCM58DA,17,163.66,住家用,鋼筋混凝土造,85年1月24日,三層,一層 二層 三層 屋頂突出物
RPVNMLPLLHIFFCM09DA,4,173.97,住家用,鋼筋混凝土造,98年1月15日,四層,一層 二層 三層 四層 陽台 雨遮
RPQNMLQLKHIFFBM38CA,23,109.17,住家用,鋼筋混凝土造,79年3月9日,二層,一層 二層 陽台 屋頂突出物
RPROMLLLLHIFFCM28CA,16,115.17,住家用,鋼筋混凝土造,86年5月6日,三層,一層 二層 三層 陽台 平台
RPROMLLLLHIFFCM28CA,16,115.08,住家用,鋼筋混凝土造,86年5月6日,三層,一層 二層 三層 陽台 平台
RPWNMLTKLHIFFAM56CA,,53.57,商業用,鋼筋混凝土造,101年10月31日,一層,一層
RPSNMLLKLHIFFAM97CA,1,235.06,住宅、梯間,鋼筋混凝土造,100年9月5日,三層,一層 二層 三層 陽台 屋頂突出物
RPPNMLNJLHIFFAM77CA,15,86.72,住家用,鋼筋混凝土造,86年9月19日,十四層,三層 陽台
RPPNMLNJLHIFFAM77CA,15,22.27,梯廳、走道、防空避難室、水箱受電室、機房,鋼筋混凝土造,86年9月19日,十四層,
RPQNMLNJLHIFFAM87CA,15,86.72,住家用,鋼筋混凝土造,86年9月19日,十四層,二層 陽台
RPQNMLNJLHIFFAM87CA,15,21.62,水箱受電室、機房、梯廳、走道、防空避難室,鋼筋混凝土造,86年9月19日,十四層,
RPRNMLNJLHIFFAM97CA,,86.72,住家用,鋼筋混凝土造,86年9月19日,十四層,二層 陽台
RPRNMLNJLHIFFAM97CA,,22.27,梯廳、走道、防空避難室、水箱受電室、機房,鋼筋混凝土造,86年9月19日,十四層,
RPRNMLOJLHIFFAM08CA,11,63.08,住家用,鋼筋混凝土造,91年2月4日,五層,三層 陽台
RPSNMLNJLHIFFAM08CA,15,86.72,住家用,鋼筋混凝土造,86年9月19日,十四層,九層 陽台
RPSNMLNJLHIFFAM08CA,15,22.27,梯廳、走道、防空避難室、水箱受電室、機房,鋼筋混凝土造,86年9月19日,十四層,
RPSNMLNJLHIFFAM08CA,15,31.46,停車空間,鋼筋混凝土造,86年9月19日,十四層,
RPXNMLRJLHIFFBM09CA,34,67.23,住家用,鋼筋混凝土加強磚造,68年7月30日,一層,一層
RPSNMLMLLHIFFCM38CA,22,74.96,住商用,加強磚造,80年1月11日,二層,一層 二層 騎樓
RPOOMLSLKHIFFBM48CA,5,221.13,騎樓、店舖、住宅、樓梯間、,鋼筋混凝土造,96年7月27日,三層,一層 二層 三層 陽台 騎樓 見其他登記事項
RPPOMLSLKHIFFBM58CA,5,210.12,店舖、住宅、樓梯間,鋼筋混凝土造,97年5月1日,三層,一層 二層 三層 陽台 見其他登記事項
RPRNMLOJLHIFFCM38DA,28,89.00,住家用,鋼筋混凝土造,73年8月23日,二層,一層 二層
RPSNMLTJLHIFFCM88CA,19,97.70,集合住宅,鋼筋混凝土造,83年7月7日,十三層,三層 陽台 花台
RPRNMLSJLHIFFBM58CA,37,90.71,住家用,鋼筋混凝土加強磚造,64年9月11日,三層,一層 二層 三層
RPOOMLTKLHIFFAM48CA,,16.80,農舍,鋼骨造有牆,101年12月24日,一層,一層
RPVNMLTKLHIFFAM09CA,,58.00,農舍,鋼骨造有牆,101年12月24日,一層,一層
RPRNMLLKLHIFFAM87CA,5,68.22,農舍,鋼骨造有牆,96年12月5日,一層,一層
RPSNMLOJLHIFFAM18CA,18,153.35,住家用,鋼筋混凝土造,83年12月23日,二層,一層 二層 屋頂突出物 騎樓
RPSNMLQJLHIFFAM38CA,19,59.42,住家用,鋼筋混凝土造,83年6月11日,五層,四層 陽台 花台
RPQNMLQJLHIFFBM28CA,5,179.85,住家用,鋼筋混凝土造,96年11月26日,三層,一層 二層 三層 陽台
RPPNMLPKLHIFFDM38CA,33,84.76,農舍,加強磚造,,二層,一層 二層
RPPNMLPKLHIFFDM38CA,33,22.70,農舍,加強磚造,,二層,一層 二層
RPPNMLPKLHIFFDM38CA,33,33.62,農舍,加強磚造,,二層,一層 二層
RPOPMLLKLHIFFCM97CA,22,280.00,住家用,加強磚造,79年11月3日,二層,一層 二層
RPWOMLLKLHIFFCM68CA,,172.31,住家用,鋼筋混凝土造,101年8月22日,三層,一層 二層 三層 雨遮
RPPNMLLJLHIFFDM87CA,25,116.55,住商用,鋼筋混凝土加強磚造,76年12月31日,三層,一層 二層 三層 騎樓
RPPNMLPJLHIFFBM18DA,21,41.69,住家用,鋼筋混凝土造,81年1月30日,六層,二層 陽台
RPPNMLPJLHIFFBM18DA,21,16.88,防空避難室、梯間、門廳、突出物,鋼筋混凝土造,81年1月30日,六層,
RPXNMLSJLHIFFDM76CA,20,223.50,住商用,鋼筋混凝土造,82年2月10日,三層,一層 二層 三層 陽台 騎樓 電梯樓梯間
RPQNMLQLLHIFFBM48CA,17,107.91,住家用,鋼筋混凝土造,84年12月20日,七層,三層 陽台 花台
RPQNMLQLLHIFFBM48CA,17,52.92,防空避難室、停車間、梯間、機械室、水箱,鋼筋混凝土造,84年12月20日,七層,
RPPNMLRJLHIFFBM28CA,3,15.00,農舍,鋼鐵造有牆,99年4月26日,一層,一層
RPSNMLNKLHIFFAM18CA,42,72.28,住家用,鋼筋混凝土加強磚造,59年9月14日,二層,一層 二層
RPWNMLRJLHIFFAM88CA,12,220.46,住家用,見其他登記事項,90年6月8日,三層,一層 二層 三層
RPPNMLQKLHIFFAM18CA,17,66.96,住家用,鋼筋混凝土造,85年6月1日,五層,五層 陽台 花台
RPRNMLKLLHIFFBM97CA,33,125.20,住商用,鋼筋混凝土造,69年3月1日,三層,一層 二層 三層
RPWNMLMLLHIFFBM68CA,11,159.33,住家用,鋼骨造,90年11月16日,三層,一層 二層 三層 陽台 電梯樓梯間
RPPNMLQJLHIFFBM18CA,29,116.81,住商用,鋼筋混凝土造,72年12月27日,二層,一層 二層
RPPNMLOKLHIFFEM38CA,11,142.56,住家用,鋼骨造,90年12月7日,二層,一層 二層
RPPNMLLJMHIFFAM67CA,24,135.14,住家用,鋼筋混凝土造,78年8月2日,三層,一層 二層 三層
RPUNMLOKLHIFFCM78DA,18,96.70,集合住宅,鋼筋混凝土造,83年12月31日,十二層,二層 陽台 花台
RPTNMLSJLHIFFCM88CA,16,127.50,住宅,加強磚造,86年4月14日,二層,一層 二層
RPPNMLKLLHIFFDM97CA,33,117.44,住家用,鋼筋混凝土加強磚造,68年9月19日,二層,一層 二層 騎樓
RPSNMLRJLHIFFCM68CA,29,101.37,住商用,鋼筋混凝土造,72年10月1日,二層,一層 二層 騎樓
RPSNMLPJLHIFFBM38CA,2,12.00,農舍,鋼鐵造有牆,100年5月11日,一層,一層
RPTNMLSJLHIFFBM78CA,1,249.36,住家用、門廊,鋼筋混凝土造,100年12月5日,四層,一層 二層 三層 四層 陽台
RPSOMLRJLHIFFAM58CA,6,107.07,住家用,鋼鐵造有牆,95年12月12日,一層,一層
RPTNMLLKLHIFFAM08CA,33,93.28,住家用,鋼筋混凝土加強磚造,69年5月30日,二層,一層 二層
RPPNMLKLLHIFFEM18DA,,200.49,商業用,鋼筋混凝土加強磚造,,三層,一層 二層 三層 騎樓
RPPNMLKLLHIFFEM18DA,22,120.56,住家用,鋼筋混凝土造,79年12月12日,三層,一層 二層 三層 電梯樓梯間
RPVNMLPJLHIFFAM58CA,28,188.10,住商用,鋼筋混凝土造,74年1月11日,四層,一層 二層 三層 四層 騎樓
RPQOMLSLLHIFFCM88CA,32,205.81,住家用,加強磚造,70年1月17日,二層,一層 二層 陽台 騎樓
RPSNMLLKLHIFFBM08CA,5,237.56,住家用,鋼筋混凝土造,96年12月20日,四層,一層 二層 三層 四層 陽台 雨遮
RPOOMLRJLHIFFAM18CA,12,12.00,住家用,鋼筋混凝土造,90年7月10日,二層,一層 二層 陽台 屋頂突出物
RPPNMLKLLHIFFAM67CA,14,91.97,住家用,鋼筋混凝土造,87年10月27日,十三層,十三層 陽台
RPUOMLLKLHIFFCM48CA,17,66.80,集合住宅,鋼筋混凝土造,85年2月9日,十五層,九層 陽台
RPQNMLMKLHIFFDM18CA,16,180.59,住家用,鋼筋混凝土造,86年1月10日,四層,一層 二層 三層 四層 陽台 露台 見其他登記事項
RPQNMLMKLHIFFDM18CA,16,36.13,停車場、機械室、梯間,鋼筋混凝土造,86年1月10日,一層,
RPVNMLRJLHIFFCM09DA,26,97.91,住家用,鋼筋混凝土造,76年3月17日,二層,一層 二層
RPQOMLRJLHIFFBM58DA,1,136.69,住家用,鋼筋混凝土造,100年12月29日,三層,一層 二層 三層 陽台
RPUNMLSJLHIFFAM88DA,19,101.50,住家用,鋼筋混凝土造,82年11月10日,十四層,十四層 陽台
RPUNMLSJLHIFFAM88DA,19,.50,管理員辦公室,鋼筋混凝土造,82年11月10日,十四層,
RPPNMLSJLHIFFCM58DA,55,45.82,住家用,磚造,47年1月15日,一層,一層
RPTNMLPKLHIFFEM88CA,7,194.39,住家用,鋼筋混凝土造,94年12月29日,二層,一層 二層 陽台
RPSNMLPLLHIFFAM48CA,12,162.55,住家用,鋼筋混凝土造,90年5月15日,三層,一層 二層 三層 陽台 屋頂突出物
RPVNMLPLLHIFFAM78CA,15,86.70,住家用,鋼筋混凝土造,86年9月19日,十四層,八層 陽台
RPUNMLPKLHIFFAM58CA,10,158.29,住家用,鋼筋混凝土造,91年9月19日,三層,一層 二層 三層 陽台 屋頂突出物
RPQNMLOKLHIFFAM08CA,18,224.52,住家用,鋼筋混凝土造,84年1月19日,四層,一層 二層 三層 四層 陽台 平台 屋頂突出物 雨遮 地下層
RPQNMLOKLHIFFAM08CA,18,23.24,儲藏室,鋼筋混凝土造,84年1月19日,四層,
RPQOMLKLLHIFFAM87CA,16,68.75,住家用,鋼筋混凝土造,85年11月30日,七層,六層 陽台
RPQOMLKLLHIFFAM87CA,16,15.56,,鋼筋混凝土造,85年11月30日,七層,
RPQOMLKLLHIFFAM87CA,16,5.96,,鋼筋混凝土造,85年11月30日,七層,
RPXNMLMJMHIFFCM88DA,17,91.15,集合住宅,鋼筋混凝土造,85年2月9日,十五層,十二層 陽台
RPXNMLMJMHIFFCM88DA,17,.07,管理員室,鋼筋混凝土造,85年2月9日,十五層,
RPSNMLNKLHIFFCM38CA,34,91.23,住商用,鋼筋混凝土加強磚造,67年11月27日,二層,一層 二層
RPQNMLOKLHIFFCM28CA,34,58.43,住家用,鋼筋混凝土加強磚造,68年3月8日,一層,一層
RPPNMLLKLHIFFDM97CA,38,228.00,住家用,鋼筋混凝土加強磚造,63年12月17日,三層,一層 二層 三層 騎樓
RPRNMLPLLHIFFAM48DA,18,12.67,停車空間,鋼筋混凝土造,84年2月16日,十三層,
RPUNMLLKLHIFFAM28DA,5,248.71,住家用,鋼筋混凝土造,97年4月10日,四層,一層 二層 三層 四層 陽台
RPOOMLOKLHIFFDM38DA,17,177.91,住商用,鋼筋混凝土造,84年10月24日,三層,一層 二層 三層 陽台 電梯樓梯間
RPQNMLPKLHIFFAM28DA,6,332.21,農舍,ＲＣ造、鋼鐵造有牆,96年3月12日,二層,一層 二層 陽台 屋頂突出物
RPTNMLPLLHIFFAM68DA,18,47.89,住家用,鋼筋混凝土造,84年2月16日,十三層,十一層 陽台 花台
RPTNMLPLLHIFFAM68DA,18,47.89,住家用,鋼筋混凝土造,84年2月16日,十三層,十一層 陽台 花台
RPTNMLPLLHIFFAM68DA,18,11.94,辦公室、康樂室、電梯、門廳、機房、水箱、平臺、瞭望臺、梯間、變電室、機械室,鋼筋混凝土造,84年2月16日,十三層,
RPTNMLPLLHIFFAM68DA,18,11.94,辦公室、康樂室、電梯、門廳、機房、水箱、平臺、瞭望臺、梯間、變電室、機械室,鋼筋混凝土造,84年2月16日,十三層,
RPTNMLQLLHIFFCM88CA,10,153.88,住商用,鋼筋混凝土造,92年6月13日,三層,一層 二層 三層 陽台 騎樓
RPUOMLTKLHIFFCM66CA,,157.62,住家用,鋼筋混凝土造,101年8月22日,三層,一層 二層 三層 陽台 雨遮
RPOOMLKLLHIFFBM77CA,1,182.96,住宅、樓梯間,鋼筋混凝土造,101年7月9日,三層,一層 二層 三層 陽台 屋頂突出物
RPTOMLKLLHIFFBM28CA,32,113.75,住商用,鋼筋混凝土造,69年10月20日,二層,
RPRNMLNKLHIFFBM18CA,50,166.28,商業用,鋼筋混凝土加強磚造,52年7月1日,三層,一層 二層 三層 騎樓
RPPNMLNKLHIFFBM97CA,16,126.60,住家用,鋼筋混凝土造,86年6月30日,三層,一層 二層 三層 陽台 雨遮
RPWNMLKLLHIFFBM48CA,31,193.11,住商用,鋼筋混凝土造,70年10月5日,三層,一層 二層 三層 騎樓
RPSNMLNKLHIFFBM28CA,18,99.94,住家用,鋼筋混凝土造,84年7月19日,八層,三層 陽台 花台
RPSNMLNKLHIFFBM28CA,18,35.19,防空避難室兼停車空間、梯間、門廳、水塔、機械房,鋼筋混凝土造,84年7月19日,八層,
RPTNMLQLLHIFFAM68CA,20,154.20,住家用,鋼筋混凝土造,81年10月2日,三層,一層 二層 三層 陽台 平台 屋頂突出物 雨遮
RPVNMLNKLHIFFAM48CA,37,77.40,住家用,鋼筋混凝土加強磚造,65年6月1日,二層,一層 二層
RPUNMLOKLHIFFAM48CA,1,235.06,住宅、梯間,鋼筋混凝土造,100年9月5日,三層,一層 二層 三層 陽台 屋頂突出物
RPTNMLPKLHIFFAM48CA,22,187.10,住商用,鋼筋混凝土造,79年8月18日,三層,一層 二層 三層 騎樓 電梯樓梯間
RPPOMLLLLHIFFBM97CA,21,12.18,辦公室、停車空間,鋼筋混凝土造,80年9月20日,十一層,地下層
RPPOMLLLLHIFFBM97CA,21,10.19,避難室、梯間、變電室、水箱、機械室,鋼筋混凝土造,80年9月20日,十一層,
RPPOMLLLLHIFFBM97CA,21,12.18,辦公室、停車空間,鋼筋混凝土造,80年9月20日,十一層,地下層
RPPOMLLLLHIFFBM97CA,21,10.19,避難室、梯間、變電室、水箱、機械室,鋼筋混凝土造,80年9月20日,十一層,
RPRNMLLLLHIFFBM08CA,21,12.18,辦公室、停車空間,鋼筋混凝土造,80年9月20日,十一層,地下層
RPRNMLLLLHIFFBM08CA,21,10.19,避難室、梯間、變電室、水箱、機械室,鋼筋混凝土造,80年9月20日,十一層,
RPUNMLNLLHIFFCM68CA,14,173.06,住家用,鋼筋混凝土造,87年10月8日,二層,一層 二層
RPXNMLOKLHIFFAM88DA,18,80.43,住家用,鋼筋混凝土造,83年9月8日,五層,五層 陽台 花台
RPQNMLQLLHIFFDM78DA,13,126.80,住家用,鋼筋混凝土造,88年11月22日,四層,一層 二層 三層 四層 陽台 平台
RPPNMLOKLHIFFBM18DA,1,169.80,店舖、住宅、樓梯間,鋼筋混凝土造,101年6月5日,三層,一層 二層 三層 陽台 見其他登記事項
RPRNMLPKLHIFFDM58CA,18,170.05,住家用,鋼筋混凝土造,84年7月10日,三層,一層 二層 三層 陽台 平台 電梯樓梯間
RPTNMLTJMHIFFAM88CA,,193.14,住家用,鋼筋混凝土造,101年11月15日,四層,一層 二層 三層 四層 陽台
RPRNMLOKLHIFFDM48CA,19,186.02,住家用,鋼筋混凝土造,83年7月26日,三層,一層 二層 三層 陽台 騎樓
RPUNMLTKLHIFFEM76CA,46,123.02,商業用,磚造,56年6月10日,一層,一層 騎樓
RPWNMLTKLHIFFEM96CA,46,48.51,農業用,木造,56年6月10日,一層,一層
RPTNMLNKLHIFFCM48CA,34,205.13,住商用,鋼筋混凝土造,68年3月16日,三層,一層 二層 三層 騎樓
RPVNMLKLLHIFFBM38CA,6,194.38,住家用,鋼筋混凝土造,95年10月18日,三層,一層 二層 三層 陽台 屋頂突出物 雨遮
RPPNMLSKLHIFFAM38CA,32,156.82,住家用,鋼筋混凝土加強磚造,70年2月11日,三層,一層 二層 三層 騎樓
RPVNMLSLLHIFFAM09CA,21,85.03,住家用,鋼筋混凝土造,81年6月18日,五層,五層 陽台 花台
RPVNMLSLLHIFFAM09CA,21,13.63,共有部份,鋼筋混凝土造,81年6月18日,五層,
RPVNMLPKLHIFFAM68CA,17,168.50,住商用,鋼筋混凝土造,85年7月24日,四層,一層 二層 三層 四層 陽台 平台
RPWNMLPKLHIFFAM78CA,19,70.56,住家用,鋼筋混凝土造,83年6月17日,八層,七層 陽台
RPWNMLPKLHIFFAM78CA,19,18.18,梯間、車道、水箱、機械房、避難室、停車間,鋼筋混凝土造,83年6月17日,八層,
RPOOMLMLLHIFFBM97CA,21,142.12,住家用,鋼筋混凝土造,81年8月27日,三層,一層 二層 三層 陽台 騎樓
RPWNMLSLLHIFFCM76CA,20,131.50,住家用,鋼筋混凝土造,82年6月7日,三層,一層 二層 三層 陽台
RPTNMLKLLHIFFCM28CA,14,126.29,農舍,鋼鐵造有牆,88年1月15日,一層,一層
RPQNMLSJMHIFFAM58DA,19,105.85,住家用,鋼筋混凝土造,83年6月30日,二層,一層 二層 陽台 屋頂突出物
RPPNMLLLLHIFFCM08DA,15,84.44,農舍,鋼筋混凝土造,86年11月28日,二層,一層 二層 陽台 騎樓
RPOOMLTKLHIFFEM88CA,29,157.80,住家用,鋼筋混凝土加強磚造,73年5月8日,三層,一層 二層 三層
RPTNMLSKLHIFFCM98CA,40,46.55,住家用,鋼筋混凝土加強磚造,62年6月29日,一層,一層
RPSNMLPLLHIFFBM58CA,9,112.66,集合住宅,鋼筋混凝土造,93年2月5日,七層,一層 陽台
RPSNMLPLLHIFFBM58CA,9,66.33,防空避難室兼停車空間、梯間、社區活動室、機械室、水箱,鋼筋混凝土造,93年2月5日,七層,
RPTNMLTKLHIFFBM98CA,19,19.01,住家用,鋼筋混凝土造,83年7月21日,十三層,六層 陽台
RPTNMLTKLHIFFBM98CA,19,10.67,停車場、防空避難室、梯間、走道、水箱、機房,鋼筋混凝土造,83年7月21日,十三層,
RPPNMLTKLHIFFAM48CA,15,20.25,停車空間等、防空避難室、門廳、甲梯、平台、水箱,鋼筋混凝土造,87年4月14日,七層,
RPPNMLTKLHIFFAM48CA,15,13.04,梯間、突出物、機械室,鋼筋混凝土造,87年4月14日,七層,
RPPNMLTKLHIFFAM48CA,15,74.89,住家用,鋼筋混凝土造,87年4月14日,七層,五層 陽台 花台
RPWNMLRLLHIFFAM09CA,,12.00,農舍,鋼鐵造有牆,102年1月4日,一層,一層
RPXNMLTKLHIFFCM86CA,19,95.66,住家用,鋼筋混凝土造,83年8月13日,十五層,十層 陽台 花台
RPWNMLKKMHIFFDM68CA,43,260.61,商業用,鋼筋混凝土加強磚造,58年8月12日,三層,一層 二層 三層 騎樓
RPVOMLLLLHIFFCM68CA,18,31.75,集合住宅,鋼筋混凝土造,83年11月28日,九層,三層 陽台 露台
RPVOMLLLLHIFFCM68CA,18,9.44,防空避難室、停車空間、梯間、通道、機械室、水箱,鋼筋混凝土造,83年11月28日,九層,
RPOOMLTJMHIFFBM58CA,1,189.82,店舖、住宅、樓梯間,鋼筋混凝土造,101年6月5日,三層,一層 二層 三層 陽台 見其他登記事項
RPPOMLSLLHIFFCM78CA,14,27.45,集合住宅,鋼筋混凝土造,87年12月31日,八層,三層 陽台
RPSNMLSJMHIFFCM88CA,29,206.81,商業用,鋼筋混凝土造,73年4月2日,三層,一層 二層 三層 騎樓
RPPNMLRLLHIFFDM68CA,49,64.01,住家用,磚石造,53年1月10日,一層,一層 騎樓
RPQNMLKLLHIFFCM08DA,17,435.79,農舍,鋼筋混凝土造,85年7月23日,三層,一層 二層 三層 見其他登記事項
RPRNMLNJMHIFFCM38DA,32,105.37,住商用,鋼筋混凝土造,69年7月31日,二層,一層 二層 騎樓
RPPNMLTLLHIFFEM98CA,17,132.25,住家用,鋼筋混凝土造,84年12月4日,三層,
RPTNMLLJMHIFFCM28CA,,152.65,住家用,鋼筋混凝土造,101年8月22日,三層,一層 二層 三層 雨遮
RPPNMLLJMHIFFCM87CA,19,82.27,集合住宅,鋼筋混凝土造,83年1月14日,十一層,四層 陽台
RPPNMLLJMHIFFCM87CA,19,19.44,１﹒停車空間、防空避難室  ２﹒梯間、機械室、水箱,鋼筋混凝土造,83年1月14日,十一層,
RPVNMLLLLHIFFCM58CA,18,123.63,農舍,木造,84年1月10日,二層,一層 二層
RPSNMLRLLHIFFBM78CA,18,103.32,住家用,加強磚造,83年10月19日,二層,
RPTNMLKLLHIFFBM18CA,18,150.05,住家用,鋼筋混凝土造,84年3月8日,三層,一層 二層 三層 陽台 平台
RPRNMLSJMHIFFBM68CA,21,81.84,住家用,加強磚造,81年6月25日,二層,一層 二層 陽台
RPQNMLLMLHIFFAM97CA,12,138.03,住家用,鋼骨鋼筋混凝土造,90年8月29日,三層,一層 二層 三層 陽台
RPOOMLKLLHIFFAM67CA,12,159.80,住家用,鋼筋混凝土造,89年10月25日,四層,一層 二層 三層 四層 陽台
RPXNMLPLLHIFFAM98CA,22,117.45,住家用,鋼筋混凝土造,79年10月5日,三層,一層 二層 三層
RPSNMLKLLHIFFAM97CA,2,192.66,住宅、樓梯間、水箱,鋼筋混凝土造,100年8月10日,三層,一層 二層 三層 陽台 屋頂突出物 雨遮
RPROMLKLLHIFFAM97CA,15,64.37,住家用,鋼筋混凝土造,87年3月27日,五層,五層 陽台
RPROMLKLLHIFFAM97CA,15,5.79,梯間、屋頂突出物,鋼筋混凝土造,87年3月27日,五層,
RPSNMLTKLHIFFAM78CA,15,71.50,住家用,鋼筋混凝土造,87年5月14日,二層,一層 二層
RPSNMLTKLHIFFAM78CA,15,68.66,住家用,鋼筋混凝土造,87年5月14日,二層,一層 二層
RPSOMLKLLHIFFAM08CA,15,64.37,住家用,鋼筋混凝土造,87年3月27日,五層,五層 陽台
RPSOMLKLLHIFFAM08CA,15,5.79,梯間、屋頂突出物,鋼筋混凝土造,87年3月27日,五層,
RPPNMLMLLHIFFAM87CA,,246.10,住家用,鋼筋混凝土造,101年10月23日,三層,一層 二層 三層 陽台
RPSNMLSJMHIFFAM68CA,20,151.20,住家用,鋼筋混凝土造,82年1月20日,三層,一層 二層 三層
RPVNMLSJMHIFFBM09CA,,198.52,住宅、樓梯間,鋼筋混凝土造,101年9月25日,三層,一層 二層 三層 陽台 屋頂突出物
RPTNMLNJMHIFFBM38CA,6,191.28,住家用,鋼筋混凝土造,96年3月9日,四層,一層 二層 三層 四層 陽台
RPQNMLPLLHIFFBM38CA,32,114.30,住家用,鋼筋混凝土加強磚造,70年1月7日,二層,一層 二層
RPUNMLMLLHIFFBM48CA,17,105.10,住家用,鋼筋混凝土造,85年1月12日,十層,六層 陽台
RPUNMLMLLHIFFBM48CA,17,33.92,防空避難室兼停車場、梯間、屋頂突出物,鋼筋混凝土造,85年1月12日,十層,
RPXNMLLLLHIFFBM68CA,16,154.54,住家用,鋼筋混凝土造,86年4月29日,三層,一層 二層 三層 陽台 平台 屋頂突出物
RPQNMLOLMHIFFCM48CA,32,103.33,住商用,加強磚造,70年8月10日,二層,一層 二層 騎樓
RPPNMLLMLHIFFEM28CA,,72.05,住家用,磚造,,一層,一層
RPQNMLMKMHIFFEM38CA,33,91.30,住家用,鋼筋混凝土加強磚造,68年7月24日,二層,一層 二層
RPTNMLLLLHIFFBM38DA,53,530.16,住商用,鋼筋混凝土加強磚造,49年7月1日,三層,一層 二層 三層 騎樓
RPQNMLRLLHIFFBM68DA,17,150.65,農舍,鋼造,84年7月14日,一層,一層
RPSNMLLKMHIFFDM38CA,36,122.60,住商用,鋼筋混凝土加強磚造,66年6月1日,二層,一層 二層 騎樓
RPPNMLNJMHIFFDM18CA,14,312.71,農舍,鋼筋混凝土造,88年4月6日,二層,
RPPNMLMLLHIFFCM18DA,8,119.26,住宅、停車空間,鋼筋混凝土造,93年7月12日,三層,一層 二層 三層 陽台
RPUNMLPLLHIFFCM98DA,7,129.86,集合住宅,鋼筋混凝土造,94年11月29日,四層,一層 二層 三層 四層 陽台
RPUNMLPLLHIFFCM98DA,7,28.18,集合住宅共用部份,鋼筋混凝土造,94年11月29日,一層,
RPQNMLMLLHIFFAM08DA,23,28.74,住商用,鋼筋混凝土加強磚造,79年8月1日,三層,一層 二層 三層
RPUNMLLJMHIFFCM38CA,5,222.27,農舍,鋼骨造、ＲＣ造,97年1月14日,三層,一層 二層 三層 陽台
RPWNMLLJMHIFFCM58CA,30,135.85,住家用,加強磚造,71年11月18日,二層,一層 二層
RPRNMLMLLHIFFCM28CA,15,160.92,住商用,鋼筋混凝土造,87年6月5日,三層,一層 二層 三層 騎樓
RPUNMLNJMHIFFBM48CA,18,144.12,住商用,鋼筋混凝土造,83年10月29日,八層,一層 二層 陽台 騎樓
RPUNMLNJMHIFFBM48CA,18,49.42,防空避難室、停車場、梯間、機械間、水箱,鋼筋混凝土造,83年10月29日,八層,
RPUNMLTLLHIFFBM56CA,35,160.52,住家用,鋼筋混凝土加強磚造,67年6月8日,三層,一層 二層 三層
RPRNMLTLLHIFFAM78CA,12,197.89,住家用,鋼筋混凝土造,90年2月27日,三層,一層 二層 三層 陽台 屋頂突出物 地下層
RPRNMLTLLHIFFAM78CA,12,16.53,車庫,鋼筋混凝土造,90年2月27日,三層,
RPPNMLPLLHIFFAM18CA,19,51.45,住家用,鋼筋混凝土造,82年11月10日,十四層,九層 陽台
RPTNMLSJMHIFFAM78CA,29,156.16,住家用,鋼筋混凝土造,73年1月1日,三層,一層 二層 三層 騎樓
RPUNMLPKMHIFFAM68CA,18,157.68,人行道、住宅,鋼筋混凝土造,84年4月14日,三層,一層 二層 三層 屋頂突出物 騎樓
RPSNMLPKMHIFFDM78CA,33,143.06,住商用,鋼筋混凝土造,68年11月30日,四層,一層 二層 三層 四層 騎樓
RPTNMLTLLHIFFBM09CA,,172.89,住宅、樓梯間,鋼筋混凝土造,101年10月30日,三層,一層 二層 三層 陽台 見其他登記事項
RPRNMLMJMHIFFBM08CA,,204.48,集合住宅、停車空間、門廊,鋼筋混凝土造,102年1月29日,三層,一層 二層 三層 陽台
RPUNMLNJMHIFFCM58CA,30,148.40,住宅、人行道,鋼筋混凝土造,71年9月8日,二層,一層 二層 陽台 騎樓
RPXNMLTLLHIFFCM07DA,29,151.43,商業用,鋼筋混凝土造,73年6月11日,五層,二層
RPOOMLPLLHIFFAM18CA,15,86.72,住家用,鋼筋混凝土造,86年9月19日,十四層,二層 陽台
RPOOMLPLLHIFFAM18CA,15,22.27,梯廳、走道、防空避難室、水箱受電室、機房,鋼筋混凝土造,86年9月19日,十四層,
RPPOMLPLLHIFFAM28CA,15,119.87,住家用,鋼筋混凝土造,86年9月19日,十四層,七層 八層 陽台
RPQOMLPLLHIFFAM38CA,15,119.87,住家用,鋼筋混凝土造,86年9月19日,十四層,三層 四層 陽台
RPPOMLPLLHIFFAM28CA,15,28.97,水箱受電室、機房、梯廳、走道、防空避難室,鋼筋混凝土造,86年9月19日,十四層,
RPQOMLPLLHIFFAM38CA,15,29.18,水箱受電室、機房、梯廳、走道、防空避難室,鋼筋混凝土造,86年9月19日,十四層,
RPQOMLMJMHIFFBM18DA,,177.70,集合住宅、停車空間、門廊,鋼筋混凝土造,102年1月29日,三層,一層 二層 三層 陽台
RPSOMLMJMHIFFBM38DA,,176.44,集合住宅、停車空間、門廊,鋼筋混凝土造,102年1月29日,三層,一層 二層 三層 陽台 雨遮
RPPOMLMJMHIFFBM08DA,,199.54,集合住宅、停車空間、門廊,鋼筋混凝土造,102年1月29日,三層,一層 二層 三層 陽台
RPROMLMJMHIFFBM28DA,,252.46,集合住宅、停車空間、門廊,鋼筋混凝土造,102年1月29日,三層,一層 二層 三層 陽台
RPTOMLMJMHIFFBM48DA,,194.09,集合住宅、停車空間、門廊,鋼筋混凝土造,102年1月29日,三層,一層 二層 三層 陽台 雨遮
RPRNMLRLLHIFFEM98CA,6,190.78,住家用,ＲＣ造,96年2月15日,三層,一層 二層 三層 陽台
RPTNMLTLLHIFFCM56CA,14,93.66,集合住宅,鋼筋混凝土造,87年12月31日,八層,三層 陽台
RPQPMLMJMHIFFBM28DA,,178.56,集合住宅、停車空間、門廊,鋼筋混凝土造,102年1月29日,三層,一層 二層 三層 陽台
RPPPMLMJMHIFFBM18DA,,179.41,集合住宅、停車空間、門廊,鋼筋混凝土造,102年1月29日,三層,一層 二層 三層 陽台
RPRNMLNJMHIFFBM18CA,16,121.71,住家用,鋼筋混凝土造,86年6月30日,三層,一層 二層 三層 陽台 雨遮
RPRNMLNJMHIFFBM18CA,16,.17,管理員室,鋼筋混凝土造,86年6月30日,一層,
RPRNMLNJMHIFFBM18CA,16,35.47,停車空間,鋼筋混凝土造,86年6月30日,地下層,
RPPNMLLKMHIFFBM87CA,,165.90,住宅、樓梯間,鋼筋混凝土造,102年2月7日,三層,一層 二層 三層 陽台 見其他登記事項
RPUNMLLKMHIFFBM38CA,13,202.66,住家用,鋼筋混凝土造,88年8月31日,四層,一層 二層 三層 四層 陽台
RPWNMLNJMHIFFAM58CA,35,594.17,工業用,鋼造,66年12月29日,一層,一層 防空避難室
RPWNMLNJMHIFFAM58CA,24,1302.55,辦公室、廠房,ＲＣ造、鋼架造,78年6月12日,二層,一層 二層 地下層
RPXNMLNJMHIFFAM68CA,22,129.18,住家用,鋼筋混凝土造,80年1月17日,三層,一層 二層 三層
RPQNMLRLLHIFFAM48CA,20,147.13,住家用,鋼筋混凝土造,82年8月2日,五層,一層 二層 三層 四層 五層
RPRNMLRLLHIFFAM58CA,,246.10,住家用,鋼筋混凝土造,101年10月23日,三層,一層 二層 三層 陽台
RPVNMLLMLHIFFAM48CA,12,149.27,住商用,鋼骨鋼筋混凝土造,90年5月8日,三層,一層 二層 三層 陽台 屋頂突出物
RPROMLPLLHIFFAM48CA,34,76.88,住家用,鋼筋混凝土加強磚造,68年3月12日,二層,一層 二層
RPUNMLRLLHIFFAM88CA,30,168.47,住商用,鋼筋混凝土加強磚造,71年12月20日,三層,一層 二層 三層 騎樓
RPQNMLSLLHIFFAM58CA,33,89.08,住家用,鋼筋混凝土加強磚造,69年5月6日,二層,一層 二層
RPTNMLSLLHIFFAM88CA,15,162.63,住商用,鋼筋混凝土造,87年1月12日,三層,一層 二層 三層 屋頂突出物 騎樓
RPOOMLTKMHIFFAM58CA,9,175.23,住商用,鋼筋混凝土造,92年9月23日,三層,一層 二層 三層 陽台 屋頂突出物
RPXNMLMLMHIFFAM78CA,1,382.87,住家用,鋼筋混凝土造,101年9月4日,五層,一層 二層 三層 四層 五層 陽台
RPOOMLMLMHIFFAM97CA,1,213.92,住家用,鋼筋混凝土造,101年9月4日,四層,一層 二層 三層 四層 陽台
RPROMLTJMHIFFBM88CA,18,193.72,住家用,鋼筋混凝土造,84年8月2日,四層,一層 二層 三層 四層 陽台 平台 花台
RPOOMLRKMHIFFBM48CA,21,25.77,住家用,鋼筋混凝土造,80年9月20日,九層,九層 陽台
RPOOMLRKMHIFFBM48CA,21,8.66,梯間、通道、機房、水箱,鋼筋混凝土造,80年9月20日,九層,
RPOOMLRKMHIFFBM48CA,21,4.71,避難室、梯間、變電室、水箱、機械室,鋼筋混凝土造,80年9月20日,十一層,
RPWNMLSJMHIFFBM56CA,32,71.28,住家用,鋼筋混凝土加強磚造,70年7月30日,二層,一層 二層
RPUNMLMJMHIFFCM48CA,1,154.58,住家用,鋼筋混凝土造,101年8月22日,三層,一層 二層 三層 雨遮
RPPNMLRLLHIFFCM58CA,14,41.63,集合住宅,鋼筋混凝土造,87年12月31日,八層,七層 陽台
RPRNMLLKMHIFFDM28CA,,152.85,住家用,鋼筋混凝土造,101年10月8日,三層,一層 二層 三層 屋頂突出物 騎樓
RPSNMLLJMHIFFDM28CA,14,80.96,集合住宅,鋼筋混凝土造,87年11月17日,八層,七層 陽台
RPSNMLNJMHIFFDM58DA,21,165.72,住商用,鋼筋混凝土造,80年12月28日,三層,一層 二層 三層 騎樓
RPRNMLSLLHIFFBM88DA,32,136.65,住家用,鋼筋混凝土造,70年4月29日,三層,一層 二層 三層 陽台
RPPNMLMJMHIFFDM08CA,12,275.89,住商用,鋼筋混凝土造,89年10月4日,四層,一層 二層 三層 四層 騎樓
RPPNMLTLLHIFFDM88CA,20,123.75,住家用,鋼筋混凝土造,82年7月15日,三層,一層 二層 三層 陽台
RPSNMLMKMHIFFEM58CA,6,277.98,店舖、住宅,ＲＣ造,96年7月23日,四層,一層 二層 三層 四層
RPVNMLSLLHIFFCM66CA,15,195.47,住家用,鋼筋混凝土造,87年1月3日,四層,一層 二層 三層 四層 陽台
RPWOMLPKMHIFFCM56CA,31,117.60,住家用,加強磚造,70年10月15日,二層,一層 二層 陽台 騎樓
RPTNMLSLLHIFFBM98CA,30,111.64,住家用,鋼筋混凝土造,71年10月20日,三層,一層 二層 三層
RPUOMLMJMHIFFBM58DA,,200.68,集合住宅、停車空間、門廊,鋼筋混凝土造,102年1月29日,三層,一層 二層 三層 陽台 雨遮
RPPNMLMJMHIFFBM87CA,19,99.66,住家用,鋼筋混凝土造,82年10月29日,十層,三層 陽台 花台
RPPNMLMJMHIFFBM87CA,19,11.18,防空避難室、停車空間、開放空間、梯間、水塔、機械室,鋼筋混凝土造,82年10月29日,十層,
RPVOMLMJMHIFFBM68DA,,200.68,集合住宅、停車空間、門廊,鋼筋混凝土造,102年1月29日,三層,一層 二層 三層 陽台 雨遮
RPXOMLMJMHIFFBM88DA,,200.68,集合住宅、停車空間、門廊,鋼筋混凝土造,102年1月29日,三層,一層 二層 三層 陽台 雨遮
RPWOMLMJMHIFFBM78DA,,200.68,集合住宅、停車空間、門廊,鋼筋混凝土造,102年1月29日,三層,一層 二層 三層 陽台 雨遮
RPOPMLMJMHIFFBM08DA,,193.51,集合住宅、停車空間、門廊,鋼筋混凝土造,102年1月29日,三層,一層 二層 三層 陽台 雨遮
RPPOMLMLMHIFFAM08CA,22,752.63,見其他登記事項,鋼造,80年2月11日,一層,
RPXNMLKKMHIFFAM48CA,36,81.53,住家用,鋼筋混凝土加強磚造,66年6月10日,二層,一層 二層
RPPNMLNKMHIFFBM08CA,31,119.52,住家用,鋼筋混凝土造,70年9月15日,二層,一層 二層 騎樓
RPTNMLLKMHIFFAM18CA,18,133.89,住家用,鋼筋混凝土造,83年9月30日,三層,一層 二層 三層 陽台 花台 夾層
RPPNMLMJMHIFFAM77CA,,255.83,住宅、樓梯間,鋼筋混凝土造,102年1月21日,三層,一層 二層 三層 陽台 屋頂突出物
RPUNMLSLLHIFFBM09CA,5,185.00,農舍,鋼鐵造有牆、鋼骨鋼筋混凝土造,96年12月21日,二層,一層 二層
RPQNMLNKMHIFFCM28CA,34,102.49,住家用,加強磚造,68年5月1日,二層,一層 二層 騎樓
RPWNMLMLMHIFFAM68CA,12,181.48,住商用,鋼造,89年12月7日,二層,一層 二層 騎樓
RPUNMLTJMHIFFBM09CA,,194.48,住宅、水箱間,鋼筋混凝土造,102年1月4日,三層,一層 二層 三層 陽台 見其他登記事項
RPRNMLLKMHIFFCM18CA,22,8.35,商業用,鋼筋混凝土造,80年4月12日,六層,地下一層
RPRNMLLKMHIFFCM18CA,22,1.71,公共設施,鋼筋混凝土造,80年4月12日,六層,
RPRNMLLKMHIFFCM18CA,22,12.29,走道,鋼筋混凝土造,80年4月12日,六層,
RPPNMLSLLHIFFEM88CA,34,99.90,住商用,加強磚造,68年6月11日,二層,一層 二層 騎樓
RPQNMLPKMHIFFDM58CA,36,320.26,廠房、辦公廳、倉庫,鋼架加強磚造,66年4月18日,一層,倉庫 見其他登記事項
RPQNMLPKMHIFFDM58CA,26,906.90,避難室、辦公室、廠房、宿舍,鋼筋混凝土加強磚造,75年12月15日,二層,一層 二層 地下層
RPTNMLLJMHIFFBM28DA,19,87.35,住家用,鋼筋混凝土造,83年3月16日,九層,七層 陽台 花台
RPTNMLLJMHIFFBM28DA,19,14.68,電梯、樓梯,鋼筋混凝土造,83年3月16日,九層,
RPTNMLLJMHIFFBM28DA,19,14.47,避難室、停車空間、屋頂、水箱、機械室,鋼筋混凝土造,83年3月16日,九層,
RPQNMLLJMHIFFDM08CA,20,188.49,住家用,鋼筋混凝土造,82年5月11日,三層,一層 二層 三層 陽台
RPPNMLLJNHIFFEM28DA,38,56.06,住家用,鋼筋混凝土加強磚造,64年2月1日,二層,一層 二層 騎樓
RPSNMLTJMHIFFCM98CA,17,176.45,住家用,鋼造,85年7月10日,四層,一層 二層 三層 四層 陽台
RPPNMLKKMHIFFBM77CA,17,87.36,住家用,鋼筋混凝土造,84年9月27日,十二層,十二層 陽台
RPPNMLKKMHIFFBM77CA,17,30.82,停車空間、防空避難室、水塔、管理室、梯間、走道、機械室、門廳,鋼筋混凝土造,84年9月27日,十二層,
RPTNMLRKMHIFFBM88CA,19,199.89,住家用,鋼筋混凝土造,83年5月16日,四層,一層 二層 三層 四層 陽台 平台
RPQNMLKKMHIFFBM87CA,17,55.41,住家用,鋼筋混凝土造,84年9月27日,十二層,十一層 陽台
RPQNMLKKMHIFFBM87CA,17,19.98,停車空間、防空避難室、水塔、管理室、梯間、走道、機械室、門廳,鋼筋混凝土造,84年9月27日,十二層,
RPSNMLMKMHIFFBM28CA,1,249.36,住家用、門廊,鋼筋混凝土造,100年12月5日,四層,一層 二層 三層 四層 陽台
RPUNMLMLMHIFFAM48CA,18,103.96,住家用,鋼筋混凝土造,84年2月16日,十三層,八層 陽台 花台
RPTNMLMKMHIFFBM38CA,1,238.80,住家用、門廊,鋼筋混凝土造,100年12月5日,四層,一層 二層 三層 四層 陽台
RPUNMLMLMHIFFAM48CA,18,24.87,辦公室、康樂室、電梯、門廳、機房、水箱、平臺、瞭望臺、梯間、變電室、機械室,鋼筋混凝土造,84年2月16日,十三層,
RPUNMLMLMHIFFAM48CA,18,12.67,停車空間,鋼筋混凝土造,84年2月16日,十三層,
RPSNMLLJMHIFFAM97CA,31,146.70,住商用,鋼筋混凝土加強磚造,70年10月15日,二層,一層 二層 騎樓
RPSNMLKKMHIFFAM97CA,18,147.72,人行道、店舖、住宅,鋼筋混凝土造,84年1月28日,三層,一層 二層 三層 騎樓
RPVNMLSJMHIFFAM98CA,36,99.15,住商用,鋼筋混凝土加強磚造,66年8月23日,二層,一層 二層 騎樓
RPUNMLLJMHIFFAM18CA,18,82.87,住家用,鋼筋混凝土造,83年10月7日,十一層,七層 陽台 花台
RPUNMLLJMHIFFAM18CA,18,31.74,屋頂突出物、梯間、警衛室、防空避難室、停車空間,鋼筋混凝土造,83年10月7日,十一層,
RPWNMLKKMHIFFCM58CA,,155.12,住家用,鋼筋混凝土造,101年8月22日,三層,一層 二層 三層 陽台 雨遮
RPRNMLRLMHIFFCM88CA,28,627.15,住商用,鋼筋混凝土造,74年5月15日,五層,一層 二層 三層 四層 五層 騎樓
RPSNMLRKMHIFFBM78CA,19,143.84,住家用,鋼筋混凝土造,82年11月22日,三層,一層 二層 三層 陽台 電梯樓梯間
RPPNMLSJMHIFFAM48DA,13,297.53,住商用,鋼筋混凝土造,89年6月29日,五層,一層 二層 三層 四層 五層 陽台 騎樓 地下層
RPUNMLQLMHIFFCM56DA,26,266.00,培植場、工作室、包裝室,鐵造,76年5月2日,一層,一層
RPUNMLQLMHIFFCM56DA,5,465.80,日用品零售及服務設施、停車空間、住宅、梯間,鋼筋混凝土造,96年9月29日,四層,一層 二層 三層 四層 屋頂突出物
RPPNMLKKMHIFFDM97CA,18,79.63,集合住宅,鋼筋混凝土造,84年4月8日,六層,六層 陽台
RPWNMLNJMHIFFCM78CA,,49.22,住家用,加強磚造,,二層,一層 二層
RPUOMLPKMHIFFCM98CA,18,150.59,人行道、住宅,鋼筋混凝土造,84年8月18日,二層,一層 二層 騎樓
RPQNMLKKMHIFFCM97CA,6,161.06,住宅、樓梯間,鋼筋混凝土造,96年1月31日,三層,一層 二層 三層 陽台 屋頂突出物
RPSOMLTJMHIFFBM98CA,31,187.63,住商用,鋼筋混凝土造,71年6月5日,三層,一層 二層 三層 騎樓
RPTNMLMJMHIFFBM28CA,32,116.16,住家用,鋼筋混凝土加強磚造,69年12月18日,二層,一層 二層
RPPOMLSJMHIFFBM58CA,31,100.32,住商用,鋼筋混凝土造,71年8月30日,二層,一層 二層 騎樓
RPVNMLNJMHIFFBM58CA,31,187.73,住家用,鋼筋混凝土加強磚造,70年10月1日,二層,一層 二層 騎樓
RPPNMLTJMHIFFBM58CA,38,123.18,住家用,鋼筋混凝土加強磚造,64年7月24日,二層,
RPTNMLMJMHIFFAM18CA,16,96.39,住家用,鋼筋混凝土造,86年3月5日,三層,一層 二層 三層
RPSNMLTJMHIFFAM78CA,32,91.48,住家用,鋼筋混凝土加強磚造,70年6月4日,二層,一層 二層
RPSNMLRKMHIFFAM68CA,2,235.06,住宅、梯間,鋼筋混凝土造,100年9月5日,三層,一層 二層 三層 陽台 屋頂突出物
RPVNMLMJMHIFFAM38CA,6,15.00,農舍,鋼鐵造有牆、鋼筋混凝土造,96年8月15日,一層,一層 陽台
RPVNMLKKMHIFFAM28CA,20,219.87,住商用,鋼筋混凝土造,82年8月12日,四層,一層 二層 三層 四層 騎樓
RPPNMLTJMHIFFAM48CA,32,105.02,住商用,鋼筋混凝土加強磚造,69年10月1日,二層,一層 二層 騎樓
RPRNMLTJMHIFFBM78CA,19,18.54,住家用,鋼筋混凝土造,83年7月21日,十三層,十層 陽台
RPRNMLTJMHIFFBM78CA,19,10.21,停車場、防空避難室、梯間、走道、水箱、機房,鋼筋混凝土造,83年7月21日,十三層,
RPPNMLRJMHIFFBM38CA,17,77.97,住家用,鋼筋混凝土造,84年12月20日,七層,七層 陽台 露台 花台
RPPNMLRJMHIFFBM38CA,17,27.11,防空避難室、停車間、梯間、機械室、水箱,鋼筋混凝土造,84年12月20日,七層,
RPXNMLKKMHIFFBM58CA,17,119.59,住家用,鋼筋混凝土造,84年12月20日,七層,四層 陽台
RPXNMLKKMHIFFBM58CA,17,44.75,防空避難室、停車間、梯間、機械室、水箱,鋼筋混凝土造,84年12月20日,七層,
RPQNMLPKMHIFFCM58DA,17,60.99,集合住宅,鋼筋混凝土造,84年11月22日,十二層,二層 陽台 花台
RPOOMLMLMHIFFBM08CA,19,154.64,住家用,鋼筋混凝土造,83年2月7日,四層,一層 二層 三層 四層 陽台 花台
RPOOMLRKMHIFFDM78DA,25,216.22,住家用,鋼筋混凝土加強磚造,77年7月11日,三層,一層 二層 三層
RPTNMLMJNHIFFBM48DA,20,155.39,住商用,鋼筋混凝土造,82年7月22日,四層,一層 二層 三層 四層 陽台 騎樓 電梯樓梯間
RPTNMLLKMHIFFDM48CA,21,175.06,住家用,鋼筋混凝土造,81年4月15日,三層,一層 二層 三層
RPQNMLMKMHIFFCM18CA,14,241.50,見其他登記事項,鋼筋混凝土造,88年4月19日,三層,一層 二層 三層 屋頂突出物
RPTOMLMKMHIFFCM58CA,32,175.26,住商用,鋼筋混凝土造,70年4月4日,二層,一層 二層 騎樓
RPSNMLNKMHIFFCM48CA,8,92.15,集合住宅,鋼筋混凝土造,93年11月12日,十層,八層 陽台
RPSNMLKKMHIFFBM08CA,36,91.17,住商用,鋼筋混凝土加強磚造,66年8月31日,二層,一層 二層
RPQNMLTKMHIFFAM68CA,33,105.38,住商用,鋼筋混凝土加強磚造,69年6月1日,二層,一層 二層 騎樓
RPWNMLKKMHIFFAM38CA,19,99.53,住家用,鋼筋混凝土造,83年4月28日,三層,一層 二層 三層 陽台 平台 花台
RPRNMLOKMHIFFBM38CA,24,122.19,住家用,加強磚造,78年3月14日,二層,一層 二層 夾層
RPPNMLKLMHIFFAM77CA,31,120.34,住商用,鋼筋混凝土加強磚造,71年8月30日,三層,一層 二層 三層
RPQOMLLKMHIFFCM18CA,20,148.00,住家用,加強磚造,81年10月15日,二層,一層 二層
RPPNMLQKMHIFFCM48CA,36,81.49,住家用,鋼筋混凝土加強磚造,65年12月9日,二層,一層 二層
RPXNMLLKMHIFFCM78CA,19,163.68,集合住宅,鋼筋混凝土造,83年7月8日,十二層,十一層 陽台 花台
RPXNMLLKMHIFFCM78CA,19,.57,管理室,鋼筋混凝土造,83年7月8日,十二層,
RPPNMLLKMHIFFCM97CA,22,12.01,商業用,鋼筋混凝土造,80年4月12日,六層,地下一層
RPPNMLLKMHIFFCM97CA,22,1.71,公共設施,鋼筋混凝土造,80年4月12日,六層,
RPPNMLLKMHIFFCM97CA,22,12.29,走道,鋼筋混凝土造,80年4月12日,六層,
RPQNMLLKMHIFFDM18CA,6,131.71,住家用,鋼筋混凝土造,95年12月26日,三層,一層 二層 三層 陽台
RPQNMLMLMHIFFCM38DA,32,168.69,住商用,鋼筋混凝土造,69年10月23日,三層,一層 二層 三層 騎樓
RPOOMLMKMHIFFCM18DA,8,112.00,集合住宅,鋼筋混凝土造,93年11月16日,九層,六層 陽台
RPOOMLMKMHIFFCM18DA,8,57.63,騎樓、車道、梯間、多功能會議室、機房,鋼筋混凝土造,93年11月16日,九層,
RPWNMLKKMHIFFBM58DA,24,115.28,住家用,加強磚造,78年2月1日,二層,一層 二層
RPTNMLPKMHIFFAM68DA,8,162.41,住家用,鋼筋混凝土造,93年12月2日,三層,一層 二層 三層 陽台 屋頂突出物
RPSNMLOLMHIFFCM78DA,33,126.82,住家用,加強磚造,69年1月24日,二層,一層 二層 騎樓
RPUNMLLKMHIFFDM58CA,20,179.26,住商用,鋼筋混凝土造,82年4月13日,三層,一層 二層 三層 陽台 騎樓
RPSNMLTKMHIFFEM66CA,19,123.39,住商用,鋼筋混凝土造,83年7月26日,三層,一層 二層 三層 屋頂突出物
RPUNMLRKMHIFFCM09CA,1,154.58,住家用,鋼筋混凝土造,101年8月22日,三層,一層 二層 三層 雨遮
RPPOMLTLMHIFFCM98CA,39,188.54,住商用,鋼筋混凝土加強磚造,63年6月8日,二層,一層 二層 騎樓
RPSNMLRJNHIFFAM68CA,17,168.50,住商用,鋼筋混凝土造,85年7月24日,四層,一層 二層 三層 四層 陽台 平台
RPPNMLQKMHIFFAM28CA,21,187.59,住家用,鋼筋混凝土造,81年5月25日,三層,一層 二層 三層 陽台 平台 屋頂突出物
RPUNMLQKMHIFFAM78CA,18,120.51,住家用,鋼筋混凝土造,83年11月9日,十六層,六層 陽台
RPUNMLQKMHIFFAM78CA,18,1.56,騎樓、人行道、梯間、避難室、機械室,鋼筋混凝土造,83年11月9日,十六層,
RPSNMLQKMHIFFAM58CA,17,108.33,住家用,鋼筋混凝土造,85年2月7日,八層,三層 陽台 露台 花台
RPSNMLQKMHIFFAM58CA,17,7.48,住家用,鋼筋混凝土造,85年2月7日,八層,
RPPOMLTLMHIFFAM78CA,,192.93,住家用,鋼筋混凝土造,101年11月15日,四層,一層 二層 三層 四層 陽台
RPQOMLTLMHIFFAM88CA,,194.50,住家用,鋼筋混凝土造,101年11月15日,四層,一層 二層 三層 四層 陽台
RPWNMLRKMHIFFCM66CA,1,207.38,店舖、住宅,鋼筋混凝土造,101年8月22日,四層,一層 二層 三層 四層 陽台 雨遮
RPWOMLMKMHIFFCM88CA,32,18.21,住家用,加強磚造,70年1月23日,一層,一層
RPSNMLKMMHIFFAM18CA,,198.27,住家用,鋼筋混凝土造,102年1月29日,四層,一層 二層 三層 四層 陽台 雨遮
RPUNMLRKMHIFFDM56CA,40,131.31,住商用,鋼筋混凝土加強磚造,62年9月15日,三層,一層 二層 三層 騎樓
RPSNMLTKMHIFFDM56CA,33,109.56,住家用,鋼筋混凝土加強磚造,68年12月1日,二層,一層 二層
RPPNMLMKMHIFFDM18CA,23,163.19,住家用,鋼筋混凝土造,78年11月28日,三層,一層 二層 三層 陽台 平台 屋頂突出物
RPPNMLTKMHIFFAM68DA,24,121.23,住家用,鋼筋混凝土造,77年12月13日,二層,一層 二層 屋頂突出物
RPPNMLMKMHIFFAM97DA,34,86.75,住家用,鋼筋混凝土加強磚造,68年8月20日,二層,一層 二層
RPQNMLMKMHIFFBM18DA,31,187.63,住商用,鋼筋混凝土造,71年6月5日,三層,一層 二層 三層 騎樓
RPOOMLNLMHIFFBM28DA,34,87.26,住商用,鋼筋混凝土加強磚造,67年10月1日,二層,一層 二層
RPQNMLRKMHIFFCM78DA,17,150.97,人行道、店舖、住房,鋼筋混凝土造,84年10月2日,七層,一層 二層 三層 陽台 騎樓
RPQNMLRKMHIFFCM78DA,17,32.31,公共設施,鋼筋混凝土造,84年10月2日,七層,
RPRNMLRKMHIFFCM88DA,18,68.20,集合住宅,鋼筋混凝土造,84年7月17日,七層,三層 陽台
RPOOMLNLMHIFFDM38CA,15,175.95,住商用,鋼筋混凝土造,86年12月15日,三層,一層 二層 三層 騎樓
RPPNMLKMMHIFFBM97CA,20,175.95,住家用,鋼筋混凝土造,81年12月14日,二層,一層 二層 陽台 騎樓
RPUNMLRLMHIFFCM56CA,17,81.41,集合住宅,鋼筋混凝土造,85年2月9日,十五層,四層 陽台
RPOOMLRJNHIFFCM58CA,14,126.00,住家用,鋼筋混凝土造,87年10月19日,三層,一層 二層 三層 陽台
RPRNMLQKMHIFFBM58CA,19,25.10,住家用,鋼筋混凝土造,83年7月21日,十三層,五層 陽台
RPRNMLQKMHIFFBM58CA,19,14.39,停車場、防空避難室、梯間、走道、水箱、機房,鋼筋混凝土造,83年7月21日,十三層,
RPSNMLQKMHIFFBM68CA,19,24.52,住家用,鋼筋混凝土造,83年7月21日,十三層,五層 陽台
RPSNMLQKMHIFFBM68CA,19,13.92,停車場、防空避難室、梯間、走道、水箱、機房,鋼筋混凝土造,83年7月21日,十三層,
RPUNMLOLMHIFFAM68CA,18,102.85,住家用,鋼筋混凝土造,83年11月9日,十六層,四層 陽台
RPUNMLOLMHIFFAM68CA,18,15.69,騎樓、人行道、梯間、避難室、機械室,鋼筋混凝土造,83年11月9日,十六層,
RPUNMLSKMHIFFAM98CA,29,165.15,住商用,鋼筋混凝土加強磚造,73年1月9日,三層,一層 二層 三層 騎樓
RPUNMLTKMHIFFAM09CA,20,129.00,住家用,鋼筋混凝土造,81年12月21日,三層,一層 二層 三層
RPPNMLSKMHIFFAM48CA,6,127.11,農舍,鋼筋混凝土造,95年10月13日,一層,一層
RPQNMLRLMHIFFAM58CA,15,119.87,住家用,鋼筋混凝土造,86年9月19日,十四層,九層 十層 陽台
RPQNMLRLMHIFFAM58CA,15,29.18,水箱受電室、機房、梯廳、走道、防空避難室,鋼筋混凝土造,86年9月19日,十四層,
RPPOMLPLMHIFFAM38CA,22,132.41,住家用,鋼筋混凝土造,80年4月17日,二層,一層 二層
RPTOMLQLMHIFFAM88CA,15,86.72,住家用,鋼筋混凝土造,86年9月19日,十四層,七層 陽台
RPTOMLQLMHIFFAM88CA,15,22.27,梯廳、走道、防空避難室、水箱受電室、機房,鋼筋混凝土造,86年9月19日,十四層,
RPTNMLSKMHIFFCM09CA,32,102.90,住家用,加強磚造,70年4月25日,二層,一層 二層 陽台
RPSOMLRKMHIFFBM88CA,19,33.69,住家用,鋼筋混凝土造,83年3月16日,七層,五層 陽台
RPSOMLRKMHIFFBM88CA,19,10.52,防空避難室、梯間、屋頂突出物,鋼筋混凝土造,83年3月16日,七層,
RPPNMLSKMHIFFBM58CA,26,176.53,住商用,鋼筋混凝土造,76年8月21日,三層,一層 二層 三層 陽台 騎樓
RPQNMLTLMHIFFDM09CA,43,63.96,住商用,鋼筋混凝土加強磚造,59年8月20日,二層,一層 二層
RPRNMLNKNHIFFEM68CA,23,97.20,住家用,加強磚造,78年11月11日,二層,一層 二層
RPPNMLKLMHIFFEM18CA,45,131.70,住工用,鋼筋混凝土加強磚造,57年1月6日,三層,
RPSNMLOLMHIFFBM58CA,24,136.12,住家用,加強磚造,78年3月3日,二層,一層 二層 屋頂突出物
RPXNMLMLMHIFFBM88CA,37,183.75,住家用,鋼筋混凝土加強磚造,64年12月31日,三層,一層 二層 三層
RPUOMLRKMHIFFCM56CA,34,109.20,住家用,鋼筋混凝土加強磚造,68年3月30日,二層,一層 二層
RPUOMLQLMHIFFAM98CA,15,86.72,住家用,鋼筋混凝土造,86年9月19日,十四層,八層 陽台
RPUOMLQLMHIFFAM98CA,15,22.27,梯廳、走道、防空避難室、水箱受電室、機房,鋼筋混凝土造,86年9月19日,十四層,
RPROMLMLMHIFFAM28CA,,141.46,住家用,鋼筋混凝土造,,二層,一層 二層 騎樓
RPSNMLSKMHIFFAM78CA,,197.14,住家用,鋼筋混凝土造,102年1月29日,四層,一層 二層 三層 四層 陽台 雨遮
RPVNMLTKMHIFFAM56CA,19,275.49,人行道、店舖、住宅,鋼筋混凝土造,82年12月7日,四層,一層 二層 三層 四層 屋頂突出物 騎樓
RPQOMLSKMHIFFCM88CA,19,152.74,住商用,鋼筋混凝土造,83年7月7日,十三層,一層 二層 三層 騎樓 露台
RPOOMLSKMHIFFCM68CA,16,161.04,住家用,鋼筋混凝土造,86年7月7日,三層,一層 二層 三層 陽台 平台
RPPNMLTKMHIFFCM78CA,31,110.98,住商用,加強磚造,71年2月3日,二層,一層 二層 騎樓
RPQNMLNKNHIFFAM18CA,,193.02,住家用,鋼筋混凝土造,101年11月15日,四層,一層 二層 三層 四層 陽台
RPRNMLPLMHIFFBM58CA,11,261.71,農舍,木造,91年7月24日,二層,一層 二層
RPSNMLPLMHIFFBM68CA,9,436.46,托兒所,鋼骨造,93年9月23日,二層,一層 二層
RPWNMLNLMHIFFBM88CA,2,358.96,住家用,鋼筋混凝土造,100年6月2日,四層,一層 二層 三層 四層 陽台 雨遮
RPRNMLSKMHIFFBM78CA,,209.33,住宅、樓梯間,鋼筋混凝土造,101年9月25日,三層,一層 二層 三層 陽台 屋頂突出物
RPTNMLPLMHIFFDM98CA,42,206.64,住商用,鋼筋混凝土加強磚造,60年1月15日,四層,一層 二層 三層 四層 騎樓
RPUNMLLJNHIFFBM38CA,22,242.62,住家用,鋼筋混凝土造,80年9月6日,三層,一層 二層 三層 陽台
RPQOMLKMMHIFFBM18CA,17,90.69,住家用,鋼筋混凝土造,85年1月12日,十層,七層 陽台
RPQOMLKMMHIFFBM18CA,17,36.85,防空避難室兼停車場、梯間、屋頂突出物,鋼筋混凝土造,85年1月12日,十層,
RPOOMLKMMHIFFBM97CA,44,656.38,商業用,鋼筋混凝土加強磚造,57年12月30日,四層,一層 二層 三層 四層 騎樓
RPPNMLTLMHIFFDM98CA,35,88.31,住家用,加強磚造,67年7月1日,二層,
RPRNMLLJNHIFFEM38CA,12,130.97,住家用,鋼筋混凝土造,90年1月5日,三層,一層 二層 三層 屋頂突出物
RPQNMLQJNHIFFDM68CA,35,82.50,住商用,鋼筋混凝土加強磚造,67年6月30日,二層,一層 二層
RPPNMLKKNHIFFEM18CA,16,157.61,住商用,鋼筋混凝土造,86年2月24日,四層,一層 二層 三層 四層
RPQNMLLKNHIFFBM08CA,16,111.07,住家用,鋼筋混凝土造,86年6月30日,三層,一層 二層 三層 陽台 雨遮
RPTNMLTLMHIFFBM56CA,36,151.53,住商用,鋼筋混凝土加強磚造,66年8月31日,三層,一層 二層 三層
RPPNMLNLMHIFFAM08CA,14,76.63,住家用,鋼筋混凝土造,88年2月12日,十二層,五層 陽台
RPVNMLMLMHIFFAM58CA,23,116.80,住家用,鋼筋混凝土造,79年7月9日,二層,一層 二層
RPTOMLTLMHIFFAM56CA,20,137.01,住家用,鋼筋混凝土造,82年7月31日,三層,一層 二層 三層
RPTNMLNLMHIFFBM58CA,31,190.75,住商用,鋼筋混凝土造,70年12月9日,三層,一層 二層 三層 騎樓
RPPNMLLKNHIFFBM97CA,18,82.45,住家用,鋼筋混凝土造,83年10月29日,八層,三層 陽台
RPPNMLLKNHIFFBM97CA,18,1.71,防空避難室、停車場、梯間、機械間、水箱,鋼筋混凝土造,83年10月29日,八層,
RPROMLMLMHIFFBM38CA,39,123.20,住商用,鋼筋混凝土加強磚造,63年5月15日,二層,一層 二層 騎樓
RPRNMLPLMHIFFDM78CA,17,82.07,集合住宅,鋼筋混凝土造,85年3月21日,八層,四層 陽台 花台
RPOOMLOLMHIFFDM48CA,24,193.12,住家用,鋼筋混凝土造,77年12月31日,二層,一層 二層 騎樓
RPPNMLSJNHIFFEM88CA,8,173.85,住家用,鋼筋混凝土造,94年8月12日,三層,一層 二層 三層 陽台 見其他登記事項
RPRNMLKLNHIFFCM38DA,7,197.81,住宅、停車空間,鋼筋混凝土造,94年11月16日,四層,一層 二層 三層 四層 陽台 雨遮
RPXNMLQLMHIFFAM66DA,19,70.77,住家用,鋼筋混凝土造,83年5月2日,五層,四層
RPXNMLQLMHIFFAM66DA,19,8.86,梯間,鋼筋混凝土造,83年5月2日,五層,
RPPOMLRJNHIFFCM68CA,35,69.10,住家用,鋼筋混凝土加強磚造,67年6月1日,一層,一層
RPQNMLLJNHIFFCM08CA,14,173.06,住家用,鋼筋混凝土造,87年10月8日,二層,一層 二層
RPPNMLTLMHIFFBM78CA,32,116.16,住家用,鋼筋混凝土加強磚造,69年12月18日,二層,一層 二層
RPPNMLRLMHIFFAM48CA,15,86.70,住家用,鋼筋混凝土造,86年9月19日,十四層,五層 陽台
RPPNMLRLMHIFFAM48CA,15,21.41,水箱受電室、機房、梯廳、走道、防空避難室,鋼筋混凝土造,86年9月19日,十四層,
RPRNMLRJNHIFFAM58CA,18,88.60,住家用,鋼筋混凝土造,83年10月7日,十一層,九層 陽台 花台
RPRNMLRJNHIFFAM58CA,18,35.57,屋頂突出物、梯間、警衛室、防空避難室、停車空間,鋼筋混凝土造,83年10月7日,十一層,
RPRNMLRLMHIFFAM68CA,15,85.48,住家用,鋼筋混凝土造,86年9月19日,十四層,二層 陽台
RPRNMLRLMHIFFAM68CA,15,21.83,梯廳、走道、防空避難室、水箱受電室、機房,鋼筋混凝土造,86年9月19日,十四層,
RPPNMLOLMHIFFAM18CA,30,249.02,住商用,鋼筋混凝土加強磚造,71年10月14日,四層,一層 二層 三層 四層 騎樓 地下層
RPRNMLNLMHIFFAM28CA,10,229.72,住宅、梯間,鋼筋混凝土造,92年5月1日,三層,一層 二層 三層 屋頂突出物
RPOOMLNLMHIFFAM08CA,35,109.60,住商用,鋼筋混凝土加強磚造,66年10月28日,二層,一層 二層 騎樓
SPQOMLPLMHIFFAM58CA,,246.10,住家用,鋼筋混凝土造,101年10月23日,三層,一層 二層 三層 陽台
RPTNMLOLMHIFFAM58CA,18,93.18,住家用,鋼筋混凝土造,83年11月9日,十六層,十一層 陽台
RPTNMLOLMHIFFAM58CA,18,14.11,騎樓、人行道、梯間、避難室、機械室,鋼筋混凝土造,83年11月9日,十六層,
RPXNMLPLMHIFFAM09CA,12,64.97,住家用,鋼筋混凝土造,90年9月20日,二層,一層 二層 屋頂突出物
RPQNMLTLMHIFFBM88CA,19,25.25,住家用,鋼筋混凝土造,83年7月21日,十三層,四層 陽台
RPQNMLTLMHIFFBM88CA,19,14.15,停車場、防空避難室、梯間、走道、水箱、機房,鋼筋混凝土造,83年7月21日,十三層,
RPPNMLNJNHIFFBM08CA,38,89.28,住商用,鋼筋混凝土加強磚造,63年12月9日,三層,一層 二層 三層 騎樓
RPPOMLOLMHIFFBM38CA,6,200.73,住商用,鋼筋混凝土造,96年4月16日,四層,一層 二層 三層 四層 陽台 雨遮
RPROMLNLMHIFFBM48CA,25,81.90,倉庫,鋼筋混凝土造,77年9月23日,二層,一層 二層
RPSNMLLJNHIFFCM28CA,19,173.16,住家用,鋼筋混凝土造,83年7月25日,四層,一層 二層 三層 四層 陽台 平台 電梯樓梯間 花台
RPOOMLLLNHIFFCM18CA,26,177.66,住商用,鋼筋混凝土造,76年3月23日,二層,一層 二層 騎樓
RPROMLKLNHIFFCM38CA,17,66.80,集合住宅,鋼筋混凝土造,85年2月9日,十五層,十四層 陽台
RPTNMLNKNHIFFCM68CA,18,25.91,集合住宅,鋼筋混凝土造,83年10月13日,十二層,六層 花台
RPWNMLOLMHIFFCM09CA,17,103.66,集合住宅,鋼筋混凝土造,85年2月9日,十五層,九層 陽台
RPRNMLOKNHIFFCM68DA,8,156.28,住宅、梯間,鋼筋混凝土造,94年3月18日,三層,一層 二層 三層 屋頂突出物
RPVNMLOLMHIFFCM09DA,77,67.96,住家用,木造,24年10月15日,一層,一層
RPQNMLNKNHIFFEM68DA,17,141.24,住商用,鋼筋混凝土造,85年6月5日,三層,一層 二層 三層 屋頂突出物
RPSNMLQLMHIFFAM78DA,26,146.70,住家用,鋼筋混凝土加強磚造,76年7月20日,二層,一層 二層 騎樓
RPUNMLOLMHIFFDM98CA,22,145.72,住商用,鋼筋混凝土造,80年4月23日,四層,一層 二層 三層 四層 屋頂突出物 騎樓
RPTNMLLJNHIFFDM48CA,32,196.46,住商用,鋼筋混凝土加強磚造,69年12月1日,二層,一層 二層 騎樓
RPPNMLRKNHIFFDM78CA,7,226.75,住家用,鋼筋混凝土造,95年7月28日,四層,一層 二層 三層 四層 陽台 屋頂突出物
RPPNMLPLMHIFFDM58CA,23,163.19,住家用,鋼筋混凝土造,78年11月28日,三層,一層 二層 三層 陽台 平台 屋頂突出物
RPOOMLKLNHIFFAM97DA,20,77.07,住家用,鋼筋混凝土造,82年3月22日,八層,一層 平台
RPPNMLQLMHIFFEM78CA,6,190.78,住家用,ＲＣ造,96年2月15日,三層,一層 二層 三層 陽台
RPWNMLNKNHIFFCM98CA,18,83.59,集合住宅,鋼筋混凝土造,83年12月31日,十二層,十一層 陽台 花台
RPWNMLNKNHIFFCM98CA,18,18.26,樓梯間、機械房、水箱,鋼筋混凝土造,83年12月31日,十二層,
RPQNMLKMMHIFFBM08CA,45,68.00,住家用,鋼筋混凝土加強磚造,57年9月19日,二層,一層 二層
RPTOMLLJNHIFFBM38CA,18,160.57,住家用,鋼筋混凝土造,84年1月10日,三層,一層 二層 三層 陽台
RPWNMLTLMHIFFAM76CA,33,92.84,住家用,鋼筋混凝土加強磚造,69年5月3日,二層,一層 二層
RPROMLTLMHIFFAM98CA,,189.55,住家用,鋼筋混凝土造,102年1月29日,四層,一層 二層 三層 四層 陽台 雨遮
RPSNMLQJNHIFFAM58CA,7,31.80,住家用,鋼筋混凝土造,94年10月26日,五層,五層
RPSNMLQJNHIFFAM58CA,7,5.06,住家用,鋼筋混凝土造,94年10月26日,五層,
RPQNMLMJNHIFFAM97CA,33,56.57,住商用,鋼筋混凝土加強磚造,69年8月1日,二層,一層 二層 騎樓
RPROMLNKNHIFFAM38CA,8,140.40,住家用,鋼筋混凝土造,94年7月13日,三層,一層 二層 三層 屋頂突出物
RPWNMLPKNHIFFAM98CA,17,168.50,住商用,鋼筋混凝土造,85年7月24日,四層,一層 二層 三層 四層 陽台 平台
RPXNMLPKNHIFFAM09CA,17,168.50,住商用,鋼筋混凝土造,85年7月24日,四層,一層 二層 三層 四層 陽台 平台
RPRNMLTJNHIFFAM78CA,9,166.35,住家用,鋼筋混凝土造,93年6月21日,三層,一層 二層 三層 陽台 平台 屋頂突出物
RPRNMLTJNHIFFAM78CA,9,166.35,住家用,鋼筋混凝土造,93年6月21日,三層,一層 二層 三層 陽台 平台 屋頂突出物
RPUNMLQJNHIFFAM78CA,,198.98,住宅、樓梯間、水箱間,鋼筋混凝土造,101年10月8日,三層,一層 二層 三層 陽台 屋頂突出物
RPWNMLQJNHIFFAM98CA,30,160.40,住家用,鋼筋混凝土加強磚造,71年11月3日,三層,一層 二層 三層 騎樓
RPTNMLTLMHIFFAM09CA,,165.82,住家用,鋼筋混凝土造,101年10月3日,四層,一層 二層 三層 四層 陽台
RPRNMLKMMHIFFBM18CA,16,68.69,住家用,鋼筋混凝土造,85年12月7日,八層,五層 陽台
RPRNMLKMMHIFFBM18CA,16,24.47,防空避難室、停車空間、門廳、水箱、梯間、機械室、瞭望台,鋼筋混凝土造,85年12月7日,八層,
RPRNMLSKNHIFFBM88CA,16,360.09,加油站、加油亭、廁所,鋼筋混凝土造,85年12月19日,一層,一層 電梯樓梯間
RPUNMLQLMHIFFBM98CA,16,65.13,農舍,鋼筋混凝土造,85年11月11日,三層,一層 二層 三層 陽台 電梯樓梯間
RPWNMLQLMHIFFCM76DA,45,73.20,住家用,鋼筋混凝土加強磚造,57年7月25日,二層,一層 二層
RPSNMLTJNHIFFEM66CA,8,183.21,住商用,鋼骨ＲＣ造,94年4月29日,三層,一層 二層 三層 陽台 騎樓 見其他登記事項
RPSNMLLJNHIFFDM38CA,37,127.02,人行道、店舖、住宅,鋼筋混凝土造,64年11月1日,四層,一層 二層 三層 四層 騎樓
RPRNMLKMMHIFFDM38CA,12,189.95,住家用,鋼筋混凝土造,90年3月14日,三層,一層 二層 三層 陽台
RPRNMLNJNHIFFBM38DA,19,94.01,住商用,鋼筋混凝土造,83年10月8日,七層,一層 二層 陽台 騎樓
RPRNMLNJNHIFFBM38DA,19,33.38,防空避難室、停車空間、梯間,鋼筋混凝土造,83年10月8日,七層,
RPWNMLKMMHIFFCM78CA,8,159.67,住家用,鋼骨鋼筋混凝土造,93年3月10日,二層,一層 二層 陽台
RPRNMLKKNHIFFCM18CA,16,193.41,住家用,鋼筋混凝土造,86年2月3日,三層,一層 二層 三層 陽台 平台 屋頂突出物
RPTNMLKMMHIFFBM38CA,32,149.80,住工用,鋼筋混凝土加強磚造,70年6月16日,二層,一層 二層
RPRNMLMJNHIFFBM18CA,7,283.13,機電設備、人行道、店舖、住宅、停車空間、樓梯間,鋼筋混凝土造,95年6月6日,四層,一層 二層 三層 四層 陽台 屋頂突出物 騎樓 地下一層
RPSNMLMJNHIFFAM18CA,,268.13,住商用,鋼筋混凝土造,64年10月1日,四層,一層 二層 三層 四層 騎樓 地下層
RPVNMLSJNHIFFAM09CA,19,192.31,住家用,鋼筋混凝土造,83年5月5日,四層,一層 二層 三層 四層 陽台
RPRNMLMJNHIFFAM08CA,15,220.94,住商用,鋼筋混凝土造,86年11月3日,四層,一層 二層 三層 四層 陽台 騎樓
RPWNMLNLNHIFFCM56DA,19,151.48,農舍,鋼筋混凝土造,83年2月21日,二層,一層 二層
RPVNMLNLNHIFFCM09DA,19,151.48,農舍,鋼筋混凝土造,83年2月21日,二層,一層 二層
RPPNMLRJNHIFFAM38CA,8,98.35,住家用,鋼筋混凝土造,93年12月28日,十二層,八層 陽台
RPPNMLRJNHIFFAM38CA,8,14.57,住家用,鋼筋混凝土造,93年12月28日,十二層,
RPPNMLRJNHIFFAM38CA,8,10.02,電梯樓梯間、梯間,鋼筋混凝土造,93年12月28日,十二層,
RPWNMLKMMHIFFAM58CA,36,113.18,住商用,鋼筋混凝土加強磚造,66年6月3日,二層,一層 二層 騎樓
RPWNMLLJNHIFFAM48CA,32,112.56,住商用,鋼筋混凝土加強磚造,69年11月26日,二層,一層 二層 騎樓
RPVOMLLJNHIFFBM58CA,17,101.15,住家用,鋼筋混凝土造,84年12月13日,十三層,七層 陽台 花台
RPVOMLLJNHIFFBM58CA,17,37.90,防空避難室兼停車空間、梯間、機械室、水塔室、電梯、門廳,鋼筋混凝土造,84年12月13日,十三層,
RPQOMLPKNHIFFBM58CA,32,116.16,住家用,鋼筋混凝土加強磚造,69年12月18日,二層,一層 二層
RPVOMLRKNHIFFBM66CA,32,101.55,住家用,鋼筋混凝土加強磚造,70年6月24日,二層,一層 二層
RPUOMLRKNHIFFBM56CA,33,139.02,住家用,鋼筋混凝土加強磚造,69年2月4日,二層,一層 二層 騎樓
RPQNMLPKNHIFFBM48CA,,263.95,住家用,鋼筋混凝土造,102年1月21日,四層,一層 二層 三層 四層 陽台
RPPNMLSKNHIFFCM78CA,27,102.11,住商用,鋼筋混凝土造,74年12月17日,二層,一層 二層 騎樓
RPVNMLOKNHIFFCM98CA,20,101.25,住商用,鋼筋混凝土造,82年9月4日,二層,一層 二層 騎樓
RPQOMLQKNHIFFCM78CA,18,106.69,住家用,鋼筋混凝土造,84年5月31日,2,一層 二層 陽台 騎樓
RPUNMLKLNHIFFCM68DA,16,146.78,住商用,鋼筋混凝土造,86年7月7日,三層,一層 二層 三層 陽台 騎樓
RPOOMLMLNHIFFCM38DA,15,170.85,住商用,鋼筋混凝土造,87年3月24日,三層,一層 二層 三層 陽台 平台 屋頂突出物 騎樓
RPPNMLQKNHIFFDM68CA,5,115.01,住家用,鋼筋混凝土造,97年5月22日,三層,一層 二層 三層 陽台
RPPNMLNJNHIFFDM28CA,43,145.69,住家用,鋼筋混凝土造,59年7月17日,二層,一層 二層 騎樓
RPQNMLKMMHIFFDM28CA,32,117.00,住家用,鋼筋混凝土加強磚造,69年12月31日,二層,一層 二層
RPSNMLNJNHIFFDM58CA,12,212.64,農舍,鋼筋混凝土造,89年12月30日,二層,
RPUNMLNKNHIFFBM68CA,19,97.09,住家用,鋼筋混凝土造,82年10月29日,十層,六層 陽台 花台
RPUNMLNKNHIFFBM68CA,19,17.44,防空避難室、停車空間、開放空間、梯間、水塔、機械室,鋼筋混凝土造,82年10月29日,十層,
RPQNMLMJNHIFFBM08CA,,177.47,住宅、樓梯間,鋼筋混凝土造,101年10月30日,三層,一層 二層 三層 見其他登記事項
RPXNMLMJNHIFFBM78CA,11,159.33,住家用,鋼骨造,90年11月16日,三層,一層 二層 三層 陽台 電梯樓梯間
RPQNMLNJNHIFFAM08CA,,246.10,住家用,鋼筋混凝土造,101年10月23日,三層,一層 二層 三層 陽台
