﻿鄉鎮市區,交易標的,土地位置建物門牌,土地面積平方公尺,都市土地使用分區,非都市土地使用分區,非都市土地使用編定,租賃年月日,租賃筆棟數,租賃層次,總樓層數,建物型態,主要用途,主要建材,建築完成年月,建物總面積平方公尺,建物現況格局-房,建物現況格局-廳,建物現況格局-衛,建物現況格局-隔間,有無管理組織,有無附傢俱,總額元,單價元平方公尺,車位類別,車位面積平方公尺,車位總額元,備註,編號
The villages and towns urban district,transaction sign,land sector position building sector house number plate,land shifting total area square meter,the use zoning or compiles and checks,the non-metropolis land use district,non-metropolis land use,transaction year month and day,transaction pen number,shifting level,total floor number,building state,main use,main building materials,construction to complete the years,building shifting total area,Building present situation pattern - room,building present situation pattern - hall,building present situation pattern - health,building present situation pattern - compartmented,Whether there is manages the organization,Whether there is attaches the furniture,total price NTD,the unit price (NTD / square meter),the berth category,berth shifting total area square meter,the berth total price NTD,the note,serial number
花蓮市,房地(土地+建物),花蓮縣花蓮巿和平路615號,87.0,住,,,1020102,土地1建物1車位0,見其他登記事項,4,店面(店鋪),住商用,鋼筋混凝土造,0940329,197.09,5,1,7,有,無,無,25000,127,,0.0,0,全棟出租,RPWOMLLJKHIFFAU76DC
花蓮市,房地(土地+建物),花蓮縣花蓮巿富祥街142號2F,44.5,住,,,1020104,土地1建物1車位0,二層,6,華廈(10層含以下有電梯),住家用,鋼筋混凝土造,0860220,161.78,3,2,2,有,有,有,10000,62,,0.0,0,,RPXOMLLJKHIFFAU86DC
吉安鄉,房地(土地+建物),花蓮縣吉安鄉吉祥七街88號,77.0,住,,,1020111,土地1建物1車位0,全,2,透天厝,住商用,鋼筋混凝土加強磚造,0670911,100.8,3,2,2,有,無,有,8000,79,,0.0,0,全棟出租,RPOPMLLJKHIFFAU68DC
花蓮市,房地(土地+建物),花蓮縣花蓮巿林園二街22號4F5,34.53,住,,,1020121,土地1建物1車位0,四層,6,華廈(10層含以下有電梯),住家用,鋼筋混凝土造,0840417,138.36,3,2,2,有,有,有,10000,72,,0.0,0,,RPPPMLLJKHIFFAU78DC
花蓮市,房地(土地+建物),花蓮縣花蓮巿林園三街22巷1號,139.0,住,,,1020118,土地1建物1車位0,全,3,透天厝,住家用,鋼筋混凝土造,0791206,213.98,4,2,3,有,無,有,15000,70,,0.0,0,全棟出租,RPQPMLLJKHIFFAU88DC
花蓮市,房地(土地+建物),花蓮縣花蓮巿國民七街51號8樓之二十五,3.33,商,,,1020201,土地1建物1車位0,八層,12,套房(1房1廳1衛),住家用,鋼筋混凝土造,0831115,35.65,1,1,1,有,有,有,4500,126,,0.0,0,,RPROMLMJKHIFFAU88CC
吉安鄉,房地(土地+建物),花蓮縣吉安鄉吉豐路二段386號,120.2,住,,,1020118,土地1建物1車位0,全,3,透天厝,住商用,鋼筋混凝土造,0831003,222.76,5,2,4,有,無,有,28200,127,,0.0,0,全棟租賃,RPPOMLOJKHIFFAU88CC
花蓮市,房地(土地+建物),花蓮縣花蓮巿國富17街10號5F-5,22.37,住,,,1020115,土地1建物1車位0,五層,6,華廈(10層含以下有電梯),住家用,鋼筋混凝土造,0810121,70.14,3,2,2,有,無,有,9500,135,,0.0,0,,RPQOMLOJKHIFFAU98CC
吉安鄉,房地(土地+建物),花蓮縣花蓮巿吉祥4街41號5樓3,9.41,住,,,1020115,土地1建物1車位0,五層,7,華廈(10層含以下有電梯),住家用,鋼筋混凝土造,0850309,62.870000000000005,1,1,1,有,無,無,6000,95,,0.0,0,,RPWOMLOJKHIFFAU96CC
吉安鄉,房地(土地+建物),花蓮縣花蓮巿吉祥4街41號5樓3,9.41,住,,,1020115,土地1建物1車位0,五層,7,套房(1房1廳1衛),住家用,鋼筋混凝土造,0850309,62.870000000000005,1,1,1,有,無,無,6000,95,,0.0,0,,RPXOMLOJKHIFFAU07CC
花蓮市,房地(土地+建物),花蓮縣花蓮巿建華路８３巷２號,113.0,住,,,1020121,土地1建物1車位0,全,3,透天厝,住家用,鋼筋混凝土造,0940329,210.07,4,2,5,有,無,無,20000,95,,0.0,0,,RPWOMLOJKHIFFAU17EC
花蓮市,房地(土地+建物),花蓮縣花蓮巿國興二街37-1號2樓,41.4,住,,,1020131,土地1建物1車位0,二層,5,公寓(5樓含以下無電梯),商業用,鋼筋混凝土造,0730827,111.98,4,2,2,有,無,有,7000,63,,0.0,0,,RPQPMLPJKHIFFAU56CC
花蓮市,房地(土地+建物),花蓮縣花蓮巿建林街55號2F-1,18.6,住,,,1020121,土地1建物1車位0,全,4,透天厝,住商用,鋼筋混凝土造,0950113,42.84,1,0,1,有,無,有,4999,117,,0.0,0,此筆為透天厝套房出租此成交物件為全捷房屋仲介有限公司建國分店承辦,RPQNMLQJKHIFFAU09CC
花蓮市,房地(土地+建物),花蓮縣花蓮巿民權九街8-3號1F,45.77,住,,,1020131,土地1建物1車位0,一層,5,華廈(10層含以下有電梯),住商用,鋼筋混凝土造,0871009,128.60999999999999,0,0,0,無,無,有,18000,140,,0.0,0,,RPRNMLQJKHIFFAU56CC
花蓮市,房地(土地+建物),花蓮縣花蓮巿國興五街192號,24.25,住,,,1020109,土地1建物1車位0,二層,2,套房(1房1廳1衛),住家用,鋼筋混凝土造,1000208,18.2,1,0,1,有,無,有,5500,302,,0.0,0,套房分租,RPVNMLRJKHIFFAU07CC
花蓮市,房地(土地+建物),花蓮縣花蓮巿國興五街192號,24.25,住,,,1020109,土地1建物1車位0,二層,2,套房(1房1廳1衛),住家用,鋼筋混凝土造,1000208,18.2,1,0,1,有,無,有,5500,302,,0.0,0,分租套房,RPWNMLRJKHIFFAU17CC
花蓮市,房地(土地+建物),花蓮縣花蓮巿鎮國街3號3樓,170.0,商,,,1020113,土地1建物1車位0,三層,5,店面(店鋪),商業用,鋼筋混凝土造,0860805,129.96,0,0,0,無,無,無,13000,100,,0.0,0,,RPQOMLRJKHIFFAU66CC
花蓮市,房地(土地+建物),花蓮縣花蓮巿和平路456號,6.15,住,,,1020118,土地1建物1車位0,五層,5,套房(1房1廳1衛),住商用,鋼筋混凝土造,0840503,17.02,1,0,1,有,無,有,4500,264,,0.0,0,分租套房,RPSOMLRJKHIFFAU86CC
花蓮市,房地(土地+建物),花蓮縣花蓮巿民權七街2巷20號,128.0,住,,,1020206,土地1建物1車位0,全,4,透天厝,住家用,鋼筋混凝土造,0930915,251.31,5,2,4,有,無,有,25000,99,,0.0,0,,RPPQMLRJKHIFFAU76CC
新城鄉,房地(土地+建物),花蓮縣新城鄉北埔路101巷23號,406.0,住,,,1020219,土地1建物1車位0,全,3,透天厝,住家用,鋼筋混凝土造,0811231,166.88,4,2,2,有,無,有,9000,54,,0.0,0,,RPQOMLKLKHIFFAU78CC
花蓮市,房地(土地+建物),花蓮縣花蓮巿中正路264號12樓之5,4.09,住,,,1020204,土地1建物1車位0,十二層,13,套房(1房1廳1衛),住家用,鋼筋混凝土造,0840321,27.02,0,0,0,無,有,有,4500,167,,0.0,0,,RPTNMLLLKHIFFAU09CC
新城鄉,房地(土地+建物),花蓮縣新城鄉中正路16號,106.51,住,,,1020201,土地1建物1車位0,見其他登記事項,3,店面(店鋪),住商用,鋼筋混凝土造,0850325,209.95,0,3,2,有,無,無,10000,48,,0.0,0,租賃一整棟,RPQOMLLLKHIFFAU88CC
花蓮市,房地(土地+建物),花蓮縣花蓮巿中山路372號,141.0,商,,,1020301,土地2建物1車位0,一層,1,店面(店鋪),住商用,,0770909,84.65,0,0,1,無,無,無,30000,354,,0.0,0,,RPROMLLLKHIFFAU98CC
吉安鄉,房地(土地+建物),花蓮縣吉安鄉光華三街212巷28號,219.27,,一般農業區,甲種建築用地,1020218,土地1建物1車位0,一層,1,其他,住家用,見其他登記事項,05803,85.52,4,2,2,有,無,有,20000,234,,0.0,0,平房.全新設備及裝潢,RPSOMLLLKHIFFAU09CC
花蓮市,房地(土地+建物),花蓮縣花蓮巿富裕五街３７號五樓之二,14.23,住,,,1020201,土地1建物1車位0,五層,5,公寓(5樓含以下無電梯),住家用,鋼筋混凝土造,0850513,60.71,2,1,1,有,無,有,6500,107,,0.0,0,須繳電梯保養費400元,RPQOMLLLKHIFFAU09EC
花蓮市,房地(土地+建物),花蓮縣花蓮巿福建街92巷1號,69.0,住,,,1020125,土地1建物1車位0,全,2,透天厝,住商用,鋼筋混凝土加強磚造,0660907,98.47,3,1,3,有,無,有,11000,112,,0.0,0,全棟租賃,RPPNMLMLKHIFFAU78CC
吉安鄉,房地(土地+建物),花蓮縣吉安鄉文化六街67之3號,99.95,住,,,1020221,土地1建物1車位0,全,4,透天厝,住家用,鋼筋混凝土造,0950324,266.39,5,2,5,有,無,有,17000,64,,0.0,0,租賃一整棟,RPOOMLMLKHIFFAU78CC
花蓮市,房地(土地+建物),花蓮縣花蓮巿中華路276-2號2F,54.0,商,,,1020130,土地2建物1車位0,全,2,透天厝,住商用,鋼筋混凝土造,0930303,97.5,2,2,2,有,無,有,9000,92,,0.0,0,分租二樓,RPUNMLPLKHIFFAU07DC
花蓮市,房地(土地+建物),花蓮縣花蓮巿中美路93巷2號6F3,13.01,商,,,1020131,土地1建物1車位0,六層,7,華廈(10層含以下有電梯),住家用,鋼筋混凝土造,0820109,137.68,3,2,2,有,有,有,8750,64,,0.0,0,,RPVNMLPLKHIFFAU17DC
花蓮市,房地(土地+建物),花蓮縣花蓮巿中山路20號2F1,23.42,住,,,1020131,土地1建物1車位0,二層,5,公寓(5樓含以下無電梯),住家用,鋼筋混凝土造,0760113,99.00999999999999,3,1,2,有,無,有,7500,76,,0.0,0,,RPXNMLPLKHIFFAU37DC
花蓮市,房地(土地+建物),花蓮縣花蓮巿國民8街63號5F7,10.06,商,,,1020131,土地1建物1車位0,五層,7,華廈(10層含以下有電梯),住家用,鋼筋混凝土造,0831117,70.68,2,1,1,有,有,有,6500,92,,0.0,0,,RPPOMLPLKHIFFAU66DC
花蓮市,房地(土地+建物),花蓮縣花蓮巿華廈街38號5F1,23.37,住,,,1020201,土地1建物1車位0,見其他登記事項,9,華廈(10層含以下有電梯),住家用,鋼筋混凝土造,0860827,129.99,4,2,2,有,有,有,9230,71,,0.0,0,租八層及九層,RPQOMLPLKHIFFAU76DC
吉安鄉,房地(土地+建物),花蓮縣吉安鄉仁里3街70號3F6,16.19,住,,,1020201,土地1建物1車位0,三層,5,華廈(10層含以下有電梯),住家用,鋼筋混凝土造,0860620,61.89,1,1,1,有,有,有,5800,94,,0.0,0,,RPROMLPLKHIFFAU86DC
花蓮市,房地(土地+建物)+車位,花蓮縣花蓮巿國盛四街116號6樓之二,22.37,商,,,1020222,土地1建物1車位1,六層,6,華廈(10層含以下有電梯),住家用,鋼筋混凝土造,0840919,103.19999999999999,3,2,2,有,有,有,11200,109,坡道平面,14.17,0,租金含管理費及車位,RPPNMLSLKHIFFAU76CC
花蓮市,房地(土地+建物),花蓮縣花蓮巿中美11街13號2樓之二,45.72,住,,,1020223,土地1建物1車位0,二層,5,華廈(10層含以下有電梯),國民住宅,鋼筋混凝土造,0850325,137.28,3,2,2,有,有,有,10000,73,,0.0,0,,RPQNMLSLKHIFFAU86CC
花蓮市,房地(土地+建物),花蓮縣花蓮巿國民八街65號5樓之五,9.44,住,,,1020225,土地1建物1車位0,五層,6,套房(1房1廳1衛),住家用,鋼筋混凝土造,0781104,39.86,1,1,1,有,有,有,5000,125,,0.0,0,,RPSNMLSLKHIFFAU07CC
花蓮市,房地(土地+建物),花蓮縣花蓮巿國興一街95號7樓之13,16.53,其他,,,1020225,土地1建物1車位0,七層,8,華廈(10層含以下有電梯),見其他登記事項,鋼筋混凝土造,0810930,108.66999999999999,2,2,2,有,有,有,8000,74,,0.0,0,,RPTNMLSLKHIFFAU17CC
花蓮市,房地(土地+建物),花蓮縣花蓮巿國富28街88號6樓之一,30.69,住,,,1020223,土地1建物1車位0,六層,6,華廈(10層含以下有電梯),住家用,鋼筋混凝土造,0880727,77.92,3,2,2,有,無,有,15000,193,,0.0,0,,RPTNMLSJLHIFFAU07CC
花蓮市,房地(土地+建物),花蓮縣花蓮巿國盛六街41號2樓之三,7.77,住,,,1020219,土地2建物1車位0,二層,6,套房(1房1廳1衛),住家用,鋼筋混凝土造,0851104,33.39,1,1,1,有,有,有,4500,135,,0.0,0,,RPUNMLSJLHIFFAU17CC
花蓮市,房地(土地+建物),花蓮縣花蓮巿富強路48號7樓之8,18.07,住,,,1020224,土地1建物1車位0,七層,7,華廈(10層含以下有電梯),住家用,鋼筋混凝土造,0840608,41.77,1,0,1,有,有,有,5500,132,,0.0,0,,RPROMLSJLHIFFAU96CC
花蓮市,房地(土地+建物),花蓮縣花蓮巿國聯五路280之11號,28.26,住,,,1020309,土地1建物1車位0,五層,5,公寓(5樓含以下無電梯),住家用,鋼筋混凝土造,,76.76,3,2,1,有,無,有,6500,85,,0.0,0,,RPRNMLLKLHIFFAU88CC
吉安鄉,房地(土地+建物),花蓮縣吉安鄉昌隆七街1巷3號,93.82,住,,,1020310,土地1建物1車位0,全,3,透天厝,住家用,鋼筋混凝土造,0810618,157.86,3,2,3,有,無,無,11000,70,,0.0,0,,RPTNMLLKLHIFFAU09CC
花蓮市,房地(土地+建物),花蓮縣花蓮巿中央路四段391號,2593.63,農,,,1020310,土地1建物1車位0,一層,1,工廠,農舍,見其他登記事項,0871123,165.18,0,0,0,無,無,無,25000,,,0.0,0,,RPUNMLLKLHIFFAU56CC
花蓮市,房地(土地+建物),花蓮縣花蓮巿國聯五路2之8號5樓之3,2.6,商,,,1020311,土地1建物1車位0,五層,7,華廈(10層含以下有電梯),住家用,鋼筋混凝土造,0761104,51.309999999999995,2,1,1,有,有,有,6000,117,,0.0,0,,RPVNMLLKLHIFFAU86EC
花蓮市,房地(土地+建物),花蓮縣花蓮巿國民十一街5號,20.44,商,,,1020306,土地1建物1車位0,一層,5,公寓(5樓含以下無電梯),住家用,鋼筋混凝土造,0810128,66.62,2,1,1,有,無,有,7000,105,,0.0,0,,RPVNMLOKLHIFFAU96CC
花蓮市,房地(土地+建物),花蓮縣花蓮巿國盛四街116號3樓之19,14.76,住,,,1020225,土地1建物1車位0,三層,6,華廈(10層含以下有電梯),住家用,鋼筋混凝土造,0840919,68.9,2,2,1,有,有,有,7250,105,,0.0,0,,RPPNMLPKLHIFFAU09CC
花蓮市,房地(土地+建物),花蓮縣花蓮巿國聯四路83號7樓之6號,10.36,商,,,1020307,土地1建物1車位0,七層,9,華廈(10層含以下有電梯),住家用,鋼筋混凝土造,0830110,93.05000000000001,3,2,2,有,有,有,8500,91,,0.0,0,租金含第四台費用,RPQNMLPKLHIFFAU56CC
花蓮市,房地(土地+建物),花蓮縣花蓮巿富裕16街31號7樓,20.35,住,,,1020222,土地1建物1車位0,七層,9,華廈(10層含以下有電梯),住家用,鋼筋混凝土造,0831026,102.35,3,1,2,有,無,有,8500,83,,0.0,0,,RPQNMLSKLHIFFAU86CC
吉安鄉,房地(土地+建物),花蓮縣吉安鄉吉安路一段60號,90.0,住,,,1020222,土地1建物1車位0,全,2,透天厝,住商用,鋼筋混凝土造,0800531,102.26,5,2,3,有,無,無,12000,117,,0.0,0,,RPSNMLSKLHIFFAU07CC
吉安鄉,房地(土地+建物),花蓮縣吉安鄉中山路三段430號,158.0,商,,,1020223,土地1建物1車位0,一層,1,店面(店鋪),商業用,鋼造,0831015,105.65,0,0,0,無,無,無,11000,104,,0.0,0,,RPXNMLSKLHIFFAU57CC
花蓮市,房地(土地+建物),花蓮縣花蓮巿睦和街36巷16號,96.0,住,,,1020312,土地1建物1車位0,全,3,透天厝,住家用,鋼筋混凝土造,0830127,185.24,4,2,3,有,無,無,10000,54,,0.0,0,,RPOOMLSKLHIFFAU76CC
吉安鄉,房地(土地+建物),花蓮縣花蓮巿南海四街258號,75.0,,鄉村區,乙種建築用地,1020220,土地1建物1車位0,全,2,透天厝,住家用,鋼筋混凝土加強磚造,0650408,107.49,3,2,2,有,無,無,7000,65,,0.0,0,整棟出租,RPVOMLSKLHIFFAU47CC
花蓮市,房地(土地+建物),花蓮縣花蓮巿國盛一街１９６、１９６之１號,40.31,商,,,1020315,土地1建物2車位0,一層,5,店面(店鋪),住商用,鋼筋混凝土造,0730625,176.35999999999999,0,0,0,無,無,有,12000,68,,0.0,0,,RPXNMLSKLHIFFAU77EC
吉安鄉,房地(土地+建物),花蓮縣吉安鄉東里一街160號5F4,9.82,住,,,1020223,土地1建物1車位0,五層,5,套房(1房1廳1衛),住家用,鋼筋混凝土造,0840316,34.51,1,0,1,有,無,有,4500,130,,0.0,0,,RPUNMLMLLHIFFAU86DC
花蓮市,房地(土地+建物),花蓮縣吉安鄉莊敬路58號,96.0,住,,,1020227,土地1建物1車位0,全,2,透天厝,住商用,鋼筋混凝土造,0720930,111.24,3,1,2,有,無,無,12000,108,,0.0,0,全棟出租,RPWNMLMLLHIFFAU07DC
花蓮市,房地(土地+建物),花蓮縣花蓮巿國富十街191號4F5,14.07,住,,,1020228,土地1建物1車位0,四層,7,華廈(10層含以下有電梯),住家用,鋼筋混凝土造,0850716,90.03999999999999,2,1,1,有,有,有,8000,89,,0.0,0,,RPOOMLMLLHIFFAU98DC
花蓮市,房地(土地+建物),花蓮縣花蓮巿明心街39號4F3,54.08,住,,,1020305,土地1建物1車位0,四層,5,華廈(10層含以下有電梯),住家用,鋼筋混凝土造,0861127,110.57,3,2,2,有,有,有,8500,77,,0.0,0,,RPQOMLMLLHIFFAU56DC
花蓮市,房地(土地+建物),花蓮縣花蓮巿國興1街95號6F8,15.04,商,,,1020307,土地1建物1車位0,六層,8,華廈(10層含以下有電梯),見其他登記事項,鋼筋混凝土造,0810930,89.71000000000001,2,1,2,有,有,有,5200,58,,0.0,0,,RPOPMLMLLHIFFAU09DC
花蓮市,房地(土地+建物),花蓮縣花蓮巿國興一街95號4樓之十三,16.53,其他,,,1020307,土地1建物1車位0,四層,8,華廈(10層含以下有電梯),見其他登記事項,鋼筋混凝土造,0810930,108.67999999999999,2,2,2,有,有,有,8000,74,,0.0,0,,RPPOMLMLLHIFFAU98CC
花蓮市,房地(土地+建物),花蓮縣花蓮巿自立路95號,103.0,住,,,1020309,土地1建物1車位0,見其他登記事項,3,店面(店鋪),住商用,鋼筋混凝土造,0711229,200.14,4,4,3,有,無,無,12000,60,,0.0,0,租賃一整棟,RPRPMLMLLHIFFAU66CC
花蓮市,房地(土地+建物),花蓮縣花蓮巿華廈街20號5樓之2號,6.47,住,,,1020315,土地1建物1車位0,五層,7,華廈(10層含以下有電梯),住家用,鋼筋混凝土造,0840630,93.28,3,2,3,有,無,有,9000,96,,0.0,0,,RPVNMLPLLHIFFAU17CC
花蓮市,房地(土地+建物),花蓮縣花蓮巿南京街102號5樓之2,21.29,住,,,1020315,土地1建物1車位0,五層,5,華廈(10層含以下有電梯),住家用,鋼筋混凝土造,0850111,76.23,2,1,1,有,無,有,8000,105,,0.0,0,,RPQNMLQLLHIFFAU76CC
花蓮市,房地(土地+建物),花蓮縣花蓮巿北昌五街９５號,13.8,住,,,1020301,土地1建物1車位0,全,2,透天厝,住家用,鋼筋混凝土造,0751027,30.25,1,0,1,有,無,有,5000,165,,0.0,0,套房分租,RPUOMLQLLHIFFAU47EC
吉安鄉,房地(土地+建物),花蓮縣吉安鄉南昌路68號4F,22.59,住,,,1020306,土地1建物1車位0,四層,8,華廈(10層含以下有電梯),住家用,鋼筋混凝土造,0840222,127.15,3,1,1,有,有,有,8500,67,,0.0,0,,RPTOMLSLLHIFFAU47DC
花蓮市,房地(土地+建物),花蓮縣花蓮巿建昌路17巷1號四樓之三,9.29,住,,,1020317,土地1建物1車位0,四層,5,套房(1房1廳1衛),住家用,鋼筋混凝土造,0830804,25.09,1,0,1,有,有,有,5000,199,,0.0,0,,RPRNMLSLLHIFFAU07CC
壽豐鄉,房地(土地+建物),花蓮縣壽豐鄉中山路三段251號,53.02,農,,,1020320,土地1建物1車位0,見其他登記事項,2,店面(店鋪),住商用,鋼筋混凝土加強磚造,0701005,75.72,0,0,0,無,無,無,4000,53,,0.0,0,,RPUNMLSLLHIFFAU37CC
花蓮市,房地(土地+建物),花蓮縣花蓮巿中正路321號,107.0,商,,,1020318,土地1建物1車位0,見其他登記事項,4,店面(店鋪),住家用,鋼筋混凝土造,0671218,312.96,0,0,0,無,無,有,13000,42,,0.0,0,,RPVNMLSLLHIFFAU47CC
花蓮市,土地,民享段954地號,110.0,其他,,,1020320,土地1建物0車位0,,,其他,,,,0.0,3,1,1,有,無,無,10000,91,,0.0,0,,RPSOMLSLLHIFFAU27CC
花蓮市,房地(土地+建物),花蓮縣花蓮巿富裕三街3號,36.51,住,,,1020401,土地2建物1車位0,一層,5,華廈(10層含以下有電梯),住家用,鋼筋混凝土造,0850209,232.19,3,2,3,有,無,有,9000,39,,0.0,0,,RPOOMLLJMHIFFAU68CC
花蓮市,建物,花蓮縣花蓮巿明心街1-16號6樓,1200.0,商,,,1010318,土地0建物1車位0,六層,7,辦公商業大樓,見其他登記事項,鋼筋混凝土造,0780220,694.81,0,0,0,無,無,無,100000,144,,0.0,0,,RPTNMLMJMHIFFAU56CC
花蓮市,房地(土地+建物),花蓮縣花蓮巿建德街43巷8號,80.94,住,,,1020327,土地1建物1車位0,全,4,透天厝,住家用,鋼筋混凝土造,0840428,167.18,4,2,3,有,無,有,13000,78,,0.0,0,租賃一整棟,RPPNMLPJMHIFFAU09CC
花蓮市,房地(土地+建物),花蓮縣花蓮巿北昌三街18巷7號,108.0,住,,,1020323,土地1建物1車位0,全,2,透天厝,住家用,鋼筋混凝土加強磚造,0680926,122.94,5,2,2,有,無,有,9166,75,,0.0,0,整棟出租.租金整年一次收齊金額為11萬.平均每月為9166.6元,RPVNMLSJMHIFFAU37CC
吉安鄉,房地(土地+建物),花蓮縣吉安鄉南山五街20巷7號,125.0,住,,,1020411,土地1建物1車位0,見其他登記事項,4,店面(店鋪),住商用,鋼筋混凝土造,0781124,248.16,0,0,0,無,無,無,10000,40,,0.0,0,,RPQPMLMKMHIFFAU56CC
吉安鄉,房地(土地+建物),花蓮縣吉安鄉南山五街17號,111.0,住,,,1020411,土地1建物1車位0,見其他登記事項,4,店面(店鋪),住商用,鋼筋混凝土造,0781208,242.4,4,2,3,有,無,無,10000,41,,0.0,0,,RPRPMLMKMHIFFAU66CC
吉安鄉,房地(土地+建物),花蓮縣吉安鄉南埔13街167巷3號,77.0,住,,,1020313,土地1建物1車位0,全,2,透天厝,住家用,鋼筋混凝土造,0740507,128.21,3,2,2,有,無,無,8500,66,,0.0,0,全棟出租,RPQNMLMKMHIFFAU09DC
花蓮市,房地(土地+建物),花蓮縣花蓮巿中華路268-1號,30.5,商,,,1020313,土地1建物1車位0,全,2,透天厝,商業用,鋼筋混凝土造,0620327,55.35,1,1,1,有,無,有,7500,136,,0.0,0,2樓一房一廳分租,RPSNMLMKMHIFFAU66DC
花蓮市,房地(土地+建物),花蓮縣花蓮巿國富10街136號2F5,54.8,住,,,1020314,土地1建物1車位0,二層,5,華廈(10層含以下有電梯),住家用,鋼筋混凝土造,0850130,72.39999999999999,2,1,1,有,有,有,6500,90,,0.0,0,,RPUNMLMKMHIFFAU86DC
花蓮市,房地(土地+建物),花蓮縣花蓮巿中和街163號5F5,43.79,住,,,1020314,土地1建物1車位0,五層,6,華廈(10層含以下有電梯),住家用,鋼筋混凝土造,0821215,144.82,3,1,2,有,有,有,9500,66,,0.0,0,,RPVNMLMKMHIFFAU96DC
花蓮市,房地(土地+建物),花蓮縣花蓮巿中正路262號12F2,12.72,住,,,1020315,土地1建物1車位0,十二層,14,住宅大樓(11層含以上有電梯),住家用,鋼筋混凝土造,0840321,94.73,2,1,2,有,有,有,7800,82,,0.0,0,,RPWNMLMKMHIFFAU07DC
花蓮市,房地(土地+建物),花蓮縣花蓮巿軒轅路2號3F13,6.23,商,,,1020318,土地1建物1車位0,三層,9,華廈(10層含以下有電梯),見其他登記事項,鋼筋混凝土造,0750531,34.21,1,1,1,有,有,有,5800,170,,0.0,0,,RPXNMLMKMHIFFAU17DC
吉安鄉,房地(土地+建物),花蓮縣吉安鄉中央路三段248號,100.0,住,,,1020321,土地1建物1車位0,見其他登記事項,3,店面(店鋪),住工用,鋼筋混凝土造,0800211,218.58,4,2,3,有,無,有,16000,73,,0.0,0,全棟出租,RPPOMLMKMHIFFAU09DC
花蓮市,房地(土地+建物),花蓮縣花蓮巿節約街20號,67.5,商,,,1020322,土地1建物1車位0,一層,4,店面(店鋪),住家用,鋼筋混凝土造,1010109,130.71,0,0,1,有,無,無,27000,207,,0.0,0,租一樓店面,RPQOMLMKMHIFFAU56DC
花蓮市,房地(土地+建物),花蓮縣花蓮巿華泰街31號5F-1,16.2,住,,,1020406,土地1建物1車位0,八層,9,華廈(10層含以下有電梯),住家用,鋼筋混凝土造,0860827,90.52000000000001,1,1,1,有,有,有,7500,83,,0.0,0,租賃層次為8樓+9樓,RPUOMLPKMHIFFAU17CC
吉安鄉,房地(土地+建物),花蓮縣吉安鄉明仁三街265巷4號,133.0,住,,,1020410,土地1建物1車位0,一層,1,其他,住家用,鋼筋混凝土加強磚造,0660930,64.54,3,2,2,有,無,有,7000,108,,0.0,0,此建物型態為平房,RPVOMLPKMHIFFAU27CC
花蓮市,房地(土地+建物),花蓮縣花蓮巿光復街136號3樓之2,697.0,商,,,1020403,土地4建物1車位0,三層,9,華廈(10層含以下有電梯),商業用,鋼筋混凝土造,0770503,119.34,3,2,2,有,有,無,7000,59,,0.0,0,,RPUOMLTKMHIFFAU57CC
花蓮市,房地(土地+建物),花蓮縣花蓮巿中興路6號2F-1,50.0,住,,,1020412,土地1建物1車位0,十層,2,套房(1房1廳1衛),住家用,鋼筋混凝土造,0870507,37.87,1,0,1,有,無,有,5500,145,,0.0,0,,RPVOMLTKMHIFFAU67CC
花蓮市,土地,富國段476地號,558.0,商,,,1020401,土地1建物0車位0,,,其他,,,,0.0,0,0,0,有,無,無,27000,48,,0.0,0,,RPWOMLTKMHIFFAU77CC
花蓮市,房地(土地+建物),花蓮縣花蓮巿中華路３８６號,184.0,住,,,1020401,土地1建物1車位0,一層,4,店面(店鋪),住商用,鋼筋混凝土造,0720629,98.72,0,0,0,無,無,無,20000,203,,0.0,0,,RPXOMLTKMHIFFAU08EC
新城鄉,房地(土地+建物),花蓮縣花蓮巿民族路６０號,73.0,商,,,1020417,土地1建物1車位0,全,3,透天厝,住商用,鋼筋混凝土造,0710908,194.64,2,1,2,有,無,無,10000,51,,0.0,0,,RPOPMLTKMHIFFAU27EC
花蓮市,房地(土地+建物),花蓮縣花蓮巿建國路二段６６８號,82.0,住,,,1020325,土地1建物1車位0,二層,4,店面(店鋪),住商用,鋼筋混凝土造,0830520,120.84,0,0,0,無,無,無,27500,228,,0.0,0,,RPSOMLMLMHIFFAU96EC
花蓮市,房地(土地+建物),花蓮縣花蓮巿榮正街25巷3弄7號,64.0,住,,,1020401,土地1建物1車位0,全,2,透天厝,住家用,鋼筋混凝土加強磚造,0610211,71.34,3,2,2,有,無,無,8000,112,,0.0,0,,RPOOMLMLMHIFFAU98CC
花蓮市,房地(土地+建物),花蓮縣花蓮巿中央路三段548號,109.0,住,,,1020408,土地1建物1車位0,全,3,透天厝,住商用,鋼筋混凝土造,0721228,206.01,3,0,3,有,無,無,15000,73,,0.0,0,整棟出租,RPVOMLMLMHIFFAU07CC
花蓮市,房地(土地+建物),花蓮縣花蓮巿球崙二路217號2F-7,10.59,住,,,1020401,土地1建物1車位0,見其他登記事項,9,華廈(10層含以下有電梯),住家用,鋼筋混凝土造,0860827,55.8,2,1,1,有,有,有,7000,125,,0.0,0,租任層次為2~3樓,RPOPMLMLMHIFFAU09CC
吉安鄉,房地(土地+建物),花蓮縣吉安鄉吉興一街372巷10號5F7,9.04,住,,,1020327,土地1建物1車位0,五層,5,套房(1房1廳1衛),住家用,鋼筋混凝土造,0851213,35.629999999999995,1,0,1,有,有,有,5000,140,,0.0,0,,RPQOMLQLMHIFFAU07DC
花蓮市,房地(土地+建物),花蓮縣花蓮巿德安4街2號5F,22.17,住,,,1020327,土地1建物1車位0,五層,5,華廈(10層含以下有電梯),住家用,鋼筋混凝土造,0860318,84.54,2,1,1,有,有,有,7500,89,,0.0,0,,RPTOMLQLMHIFFAU37DC
花蓮市,房地(土地+建物),花蓮縣花蓮巿和平路627號,86.0,住,,,1020330,土地1建物1車位0,見其他登記事項,2,店面(店鋪),住商用,鋼筋混凝土加強磚造,0660817,116.86,2,1,2,有,無,無,11000,94,,0.0,0,全棟出租,RPVOMLQLMHIFFAU57DC
花蓮市,房地(土地+建物),花蓮縣花蓮巿中正路315巷2號,133.0,商,,,1020426,土地1建物1車位0,全,2,透天厝,住家用,鋼筋混凝土加強磚造,0611102,118.32,4,2,4,有,無,有,18000,152,,0.0,0,,RPPNMLRLMHIFFAU86CC
花蓮市,房地(土地+建物)+車位,花蓮縣花蓮巿中和街215號8樓之1,18.24,住,,,1020413,土地1建物1車位1,八層,15,住宅大樓(11層含以上有電梯),住家用,鋼筋混凝土造,0890807,136.0,3,1,2,有,有,有,12000,88,坡道平面,14.09,0,,RPPOMLTLMHIFFAU27DC
花蓮市,土地,民勤段984-1地號,111.0,住,,,1020410,土地1建物0車位0,,,其他,,,,0.0,0,0,0,有,無,有,7000,63,,0.0,0,交易價格內含未登記建物,RPOPMLKMMHIFFAU56EC
花蓮市,房地(土地+建物),花蓮縣花蓮巿國興一街９５號六樓之五,15.04,其他,,,1020403,土地1建物1車位0,六層,8,華廈(10層含以下有電梯),見其他登記事項,鋼筋混凝土造,0810930,98.98,2,1,2,有,有,有,8500,86,,0.0,0,,RPPPMLKMMHIFFAU66EC
花蓮市,房地(土地+建物),花蓮縣花蓮巿林森路５８號,156.0,住,,,1020423,土地1建物1車位0,全,4,透天厝,住商用,鋼筋混凝土造,0960928,368.69,5,0,5,有,無,無,50000,136,,0.0,0,,RPVPMLKMMHIFFAU27EC
