﻿編號,土地位置,土地移轉面積(平方公尺),使用分區或編定,權利人持分分母,權利人持分分子,移轉情形,地號
The serial number, land position,land shifting area square meter,the use zoning or compiles and checks,,,,land parcel
RPUNMLSKKHIFFAX27CA,五德西段,30.76,非都市：鄉村區 ; 非都市編定：乙種建築用地,3,1,持分移轉,05910000
RPUNMLSKKHIFFAX27CA,五德西段,55.12,非都市：鄉村區 ; 非都市編定：乙種建築用地,3,1,持分移轉,06270000
RPUNMLSKKHIFFAX27CA,五德西段,90.85,非都市：鄉村區 ; 非都市編定：乙種建築用地,3,1,持分移轉,06280000
RPUNMLSKKHIFFAX27CA,五德西段,8.03,非都市：鄉村區 ; 非都市編定：乙種建築用地,3,1,持分移轉,06290000
RPOOMLOJKHIFFAX98DA,五福段,31.10,非都市：一般農業區 ; 非都市編定：交通用地,1,1,全筆移轉,09050008
RPWNMLSKKHIFFAX57DA,文石段,158.07,非都市：一般農業區 ; 非都市編定：甲種建築用地,1,1,全筆移轉,01620000
RPWNMLSKKHIFFAX57DA,文石段,53.53,非都市：一般農業區 ; 非都市編定：交通用地,8,1,持分移轉,01620004
RPOOMLSKKHIFFAX86DA,文石段,124.75,非都市：一般農業區 ; 非都市編定：甲種建築用地,1,1,全筆移轉,01620008
RPOOMLSKKHIFFAX86DA,文石段,53.53,非都市：一般農業區 ; 非都市編定：交通用地,8,1,持分移轉,01620004
RPVNMLSKKHIFFAX47DA,文石段,161.22,非都市：一般農業區 ; 非都市編定：甲種建築用地,1,1,全筆移轉,01620005
RPVNMLSKKHIFFAX47DA,文石段,53.53,非都市：一般農業區 ; 非都市編定：交通用地,8,1,持分移轉,01620004
RPQNMLTKKHIFFAX07DA,二崁南段,83.11,非都市：一般農業區 ; 非都市編定：農牧用地,1,1,全筆移轉,10280000
RPRNMLRJKHIFFAX86DA,文光段,25.19,非都市： ; 非都市編定：,100000,304,持分移轉,00200000
RPRNMLRJKHIFFAX86DA,文光段,3.26,非都市： ; 非都市編定：,100000,304,持分移轉,00540000
RPQOMLRKKHIFFAX96DA,東衛段,616.08,非都市：一般農業區 ; 非都市編定：農牧用地,2,1,持分移轉,03390000
RPSNMLSKKHIFFAX07CA,竹篙灣段,121.00,非都市：一般農業區 ; 非都市編定：甲種建築用地,2,1,持分移轉,15440000
RPWNMLOJKHIFFAX96CA,興崁段,543.08,非都市：一般農業區 ; 非都市編定：農牧用地,3,2,持分移轉,11820000
RPPNMLQJKHIFFAX56DA,東澳段,81.78,非都市： ; 非都市編定：,1,1,全筆移轉,10240000
RPPNMLQJKHIFFAX56DA,東澳段,42.32,非都市： ; 非都市編定：,1,1,全筆移轉,08430000
RPPNMLSJKHIFFAX66CA,光華段,44.51,非都市：鄉村區 ; 非都市編定：乙種建築用地,1,1,全筆移轉,07630000
RPPOMLRKKHIFFAX86DA,鐵線段,242.68,非都市：一般農業區 ; 非都市編定：甲種建築用地,1,1,全筆移轉,06230006
RPPOMLRKKHIFFAX86DA,鐵線段,35.43,非都市：一般農業區 ; 非都市編定：交通用地,8,1,持分移轉,06230005
RPUNMLRKKHIFFAX17CA,文石段,297.32,非都市：一般農業區 ; 非都市編定：甲種建築用地,1,1,全筆移轉,05320000
RPUNMLRKKHIFFAX17CA,文石段,10.69,非都市：一般農業區 ; 非都市編定：交通用地,1,1,全筆移轉,05330000
RPSNMLQJKHIFFAX76CA,青螺新段,376.70,非都市：一般農業區 ; 非都市編定：農牧用地,1,1,全筆移轉,13570000
RPXNMLSKKHIFFAX67DA,文石段,160.94,非都市：一般農業區 ; 非都市編定：甲種建築用地,1,1,全筆移轉,01620006
RPXNMLSKKHIFFAX67DA,文石段,53.53,非都市：一般農業區 ; 非都市編定：交通用地,8,1,持分移轉,01620004
RPSNMLSJKHIFFAX96CA,馬公段,40.00,非都市： ; 非都市編定：,1,1,全筆移轉,13390000
RPTNMLRKKHIFFAX07CA,中衛段,1178.01,非都市：一般農業區 ; 非都市編定：農牧用地,1,1,全筆移轉,11080000
RPQNMLSKKHIFFAX86CA,竹篙灣段,1368.00,非都市：一般農業區 ; 非都市編定：農牧用地,1,1,全筆移轉,10850000
RPSNMLRJKHIFFAX96DA,山水南段,11.94,非都市：一般農業區 ; 非都市編定：農牧用地,1,1,全筆移轉,01700000
RPSNMLRJKHIFFAX96DA,山水南段,39.20,非都市：一般農業區 ; 非都市編定：農牧用地,1,1,全筆移轉,01710000
RPSNMLRJKHIFFAX96DA,山水南段,233.13,非都市：一般農業區 ; 非都市編定：農牧用地,1,1,全筆移轉,01720000
RPSNMLRJKHIFFAX96DA,山水南段,260.67,非都市：一般農業區 ; 非都市編定：農牧用地,1,1,全筆移轉,01730000
RPSOMLRKKHIFFAX17DA,東衛段,984.30,非都市：一般農業區 ; 非都市編定：農牧用地,10000,4394,持分移轉,01170001
RPROMLRKKHIFFAX07DA,東衛段,550.07,非都市：一般農業區 ; 非都市編定：農牧用地,504,225,持分移轉,03390000
RPRNMLSJKHIFFAX86CA,馬公段,57.00,非都市： ; 非都市編定：,1,1,全筆移轉,13400000
RPWNMLRKKHIFFAX37CA,山水東段,2907.35,非都市：一般農業區 ; 非都市編定：農牧用地,1,1,全筆移轉,06420000
RPTNMLQJKHIFFAX86CA,興崁段,942.05,非都市：一般農業區 ; 非都市編定：農牧用地,1,1,全筆移轉,11420000
RPPNMLRJKHIFFAX56CA,興崁段,2003.63,非都市：一般農業區 ; 非都市編定：農牧用地,1,1,全筆移轉,11360000
RPTNMLSKKHIFFAX17CA,埕東段,.83,非都市： ; 非都市編定：,10000,162,持分移轉,04490000
RPQNMLSJKHIFFAX76CA,機場段,414.19,非都市：一般農業區 ; 非都市編定：農牧用地,1,1,全筆移轉,14040000
RPQNMLSJKHIFFAX76CA,機場段,414.19,非都市：一般農業區 ; 非都市編定：農牧用地,1,1,全筆移轉,14040002
RPTNMLSKKHIFFAX17CA,埕東段,18.44,非都市： ; 非都市編定：,10000,162,持分移轉,04500000
RPVNMLRKKHIFFAX27CA,東衛段,491.36,非都市：一般農業區 ; 非都市編定：農牧用地,2,1,持分移轉,16580000
RPVNMLRKKHIFFAX27CA,東衛段,491.36,非都市：一般農業區 ; 非都市編定：農牧用地,2,1,持分移轉,16580000
RPVNMLRKKHIFFAX27CA,東衛段,216.91,非都市：一般農業區 ; 非都市編定：農牧用地,2,1,持分移轉,16590000
RPVNMLRKKHIFFAX27CA,東衛段,216.91,非都市：一般農業區 ; 非都市編定：農牧用地,2,1,持分移轉,16590000
RPTNMLSJKHIFFAX17DA,林投南段,218.07,非都市：一般農業區 ; 非都市編定：農牧用地,2,1,持分移轉,08840000
RPPNMLTKKHIFFAX96DA,湖西南段,5.06,非都市：鄉村區 ; 非都市編定：乙種建築用地,1,1,全筆移轉,03850001
RPWNMLKLKHIFFAX86DA,中衛段,1634.68,非都市：一般農業區 ; 非都市編定：農牧用地,1,1,全筆移轉,16500000
RPUNMLLLKHIFFAX76DA,埕中段,20.25,非都市： ; 非都市編定：,1,1,全筆移轉,06120000
RPRNMLTKKHIFFAX07CA,文石段,132.30,非都市：一般農業區 ; 非都市編定：甲種建築用地,1,1,全筆移轉,12200007
RPRNMLTKKHIFFAX07CA,文石段,31.07,非都市：一般農業區 ; 非都市編定：交通用地,17,1,持分移轉,12200009
RPPNMLLLKHIFFAX88DA,東衛段,1232.15,非都市：一般農業區 ; 非都市編定：農牧用地,1,1,全筆移轉,03390000
RPRNMLRKKHIFFAX86CA,四維段,61.15,非都市：一般農業區 ; 非都市編定：農牧用地,24,5,持分移轉,11240000
RPSNMLOKLHIFFAX76CA,烏崁新段,854.52,非都市：一般農業區 ; 非都市編定：農牧用地,1,1,全筆移轉,16480000
RPSNMLOKLHIFFAX76CA,五德東段,1130.56,非都市：風景區 ; 非都市編定：農牧用地,1,1,全筆移轉,02000000
RPTNMLOKLHIFFAX86CA,烏崁新段,1060.67,非都市：一般農業區 ; 非都市編定：農牧用地,3,2,持分移轉,16490000
RPPNMLLJLHIFFAX78DA,文光段,31.40,非都市： ; 非都市編定：,100000,720,持分移轉,00570000
RPQNMLLKLHIFFAX98DA,山水北段,90.57,非都市：鄉村區 ; 非都市編定：乙種建築用地,1,1,全筆移轉,04680000
RPQNMLLKLHIFFAX98DA,山水北段,178.93,非都市：鄉村區 ; 非都市編定：乙種建築用地,1,1,全筆移轉,04790000
RPQNMLOJLHIFFAX56DA,山水南段,441.66,非都市：一般農業區 ; 非都市編定：農牧用地,1,1,全筆移轉,08660000
RPRNMLLLKHIFFAX98CA,五福段,310.07,非都市：一般農業區 ; 非都市編定：農牧用地,1697,310,持分移轉,01420000
RPQNMLLLKHIFFAX88CA,四維段,741.16,非都市： ; 非都市編定：,30,13,持分移轉,12470000
RPSNMLLLKHIFFAX09CA,五福段,230.05,非都市：一般農業區 ; 非都市編定：農牧用地,1697,230,持分移轉,01420000
RPPNMLRLKHIFFAX76CA,通梁中段,39.12,非都市： ; 非都市編定：,1,1,全筆移轉,04770000
RPPNMLRLKHIFFAX76CA,通梁中段,872.95,非都市： ; 非都市編定：,1,1,全筆移轉,04780000
RPWNMLNLKHIFFAX17DA,林投北段,2046.45,非都市：一般農業區 ; 非都市編定：農牧用地,1,1,全筆移轉,05590000
RPRNMLPLKHIFFAX86DA,五福段,11.15,非都市：一般農業區 ; 非都市編定：交通用地,1,1,全筆移轉,03280001
RPQNMLQLKHIFFAX86DA,中衛段,1634.68,非都市：一般農業區 ; 非都市編定：農牧用地,1,1,全筆移轉,16500000
RPUNMLOKLHIFFAX96CA,湖東新段,812.05,非都市：一般農業區 ; 非都市編定：農牧用地,2,1,持分移轉,12470000
RPUNMLOKLHIFFAX96CA,湖東新段,812.05,非都市：一般農業區 ; 非都市編定：農牧用地,2,1,持分移轉,12470000
RPUNMLOKLHIFFAX96CA,湖東新段,27.81,非都市：一般農業區 ; 非都市編定：交通用地,2,1,持分移轉,12480000
RPUNMLOKLHIFFAX96CA,湖東新段,27.81,非都市：一般農業區 ; 非都市編定：交通用地,2,1,持分移轉,12480000
RPUNMLOKLHIFFAX96CA,湖東新段,303.74,非都市：一般農業區 ; 非都市編定：農牧用地,2,1,持分移轉,12490000
RPUNMLOKLHIFFAX96CA,湖東新段,303.74,非都市：一般農業區 ; 非都市編定：農牧用地,2,1,持分移轉,12490000
RPUNMLOKLHIFFAX96CA,湖東新段,141.72,非都市：一般農業區 ; 非都市編定：交通用地,2,1,持分移轉,12500000
RPUNMLOKLHIFFAX96CA,湖東新段,141.72,非都市：一般農業區 ; 非都市編定：交通用地,2,1,持分移轉,12500000
RPUNMLOKLHIFFAX96CA,湖東新段,586.43,非都市：一般農業區 ; 非都市編定：農牧用地,2,1,持分移轉,12510000
RPUNMLOKLHIFFAX96CA,湖東新段,586.43,非都市：一般農業區 ; 非都市編定：農牧用地,2,1,持分移轉,12510000
RPUNMLOKLHIFFAX96CA,湖東新段,145.13,非都市：一般農業區 ; 非都市編定：農牧用地,2,1,持分移轉,12520000
RPUNMLOKLHIFFAX96CA,湖東新段,145.13,非都市：一般農業區 ; 非都市編定：農牧用地,2,1,持分移轉,12520000
RPUNMLOKLHIFFAX96CA,湖東新段,85.39,非都市：一般農業區 ; 非都市編定：交通用地,2,1,持分移轉,12530000
RPUNMLOKLHIFFAX96CA,湖東新段,85.39,非都市：一般農業區 ; 非都市編定：交通用地,2,1,持分移轉,12530000
RPUNMLOKLHIFFAX96CA,湖東新段,292.06,非都市：一般農業區 ; 非都市編定：農牧用地,2,1,持分移轉,12540000
RPUNMLOKLHIFFAX96CA,湖東新段,292.06,非都市：一般農業區 ; 非都市編定：農牧用地,2,1,持分移轉,12540000
RPUNMLOKLHIFFAX96CA,湖東新段,12.12,非都市：一般農業區 ; 非都市編定：農牧用地,2,1,持分移轉,12550000
RPUNMLOKLHIFFAX96CA,湖東新段,12.12,非都市：一般農業區 ; 非都市編定：農牧用地,2,1,持分移轉,12550000
RPUNMLOKLHIFFAX96CA,湖東新段,62.17,非都市：一般農業區 ; 非都市編定：交通用地,2,1,持分移轉,12560000
RPUNMLOKLHIFFAX96CA,湖東新段,62.17,非都市：一般農業區 ; 非都市編定：交通用地,2,1,持分移轉,12560000
RPUNMLOKLHIFFAX96CA,湖東新段,704.68,非都市：一般農業區 ; 非都市編定：農牧用地,2,1,持分移轉,12570000
RPUNMLOKLHIFFAX96CA,湖東新段,704.68,非都市：一般農業區 ; 非都市編定：農牧用地,2,1,持分移轉,12570000
RPRNMLQLKHIFFAX96DA,五福段,89.58,非都市：一般農業區 ; 非都市編定：交通用地,1,1,全筆移轉,05220002
RPPNMLQLKHIFFAX76DA,興仁南段,902.00,非都市： ; 非都市編定：殯葬用地,1,1,全筆移轉,00420000
RPPNMLQLKHIFFAX76DA,興仁南段,655.00,非都市： ; 非都市編定：殯葬用地,1,1,全筆移轉,00430000
RPPNMLQLKHIFFAX76DA,興仁南段,645.00,非都市： ; 非都市編定：殯葬用地,1,1,全筆移轉,00440000
RPPNMLQLKHIFFAX76DA,興仁南段,348.21,非都市： ; 非都市編定：殯葬用地,1,1,全筆移轉,00600000
RPPNMLNKLHIFFAX09DA,埕東段,7.15,非都市： ; 非都市編定：,10000,185,持分移轉,08560000
RPPNMLNKLHIFFAX09DA,埕東段,.12,非都市： ; 非都市編定：,10000,185,持分移轉,08600000
RPPNMLNKLHIFFAX09DA,埕東段,2.18,非都市： ; 非都市編定：,10000,185,持分移轉,08610000
RPPNMLNKLHIFFAX09DA,埕東段,17.18,非都市： ; 非都市編定：,10000,185,持分移轉,08640000
RPSNMLLKLHIFFAX09CA,五福段,189.15,非都市：一般農業區 ; 非都市編定：甲種建築用地,1,1,全筆移轉,01430008
RPSNMLLKLHIFFAX09CA,五福段,38.16,非都市：一般農業區 ; 非都市編定：交通用地,8,1,持分移轉,01430010
RPSNMLLKLHIFFAX09CA,五福段,19.19,非都市：一般農業區 ; 非都市編定：交通用地,16,1,持分移轉,01620004
RPTNMLLKLHIFFAX56CA,大池角段,104.00,非都市：一般農業區 ; 非都市編定：農牧用地,1,1,全筆移轉,11790000
RPQNMLRJLHIFFAX76CA,文光段,28.52,非都市： ; 非都市編定：,100000,654,持分移轉,00570000
RPWNMLLKLHIFFAX86CA,安宅段,1145.02,非都市：一般農業區 ; 非都市編定：農牧用地,1,1,全筆移轉,07510000
RPUNMLLKLHIFFAX66CA,城北段,562.64,非都市：一般農業區 ; 非都市編定：農牧用地,2,1,持分移轉,09910000
RPUNMLLKLHIFFAX66CA,城北段,562.64,非都市：一般農業區 ; 非都市編定：農牧用地,2,1,持分移轉,09910000
RPRNMLRJLHIFFAX86CA,許家段,470.70,非都市：一般農業區 ; 非都市編定：農牧用地,1,1,全筆移轉,06170001
RPRNMLRJLHIFFAX86CA,許家段,470.71,非都市：一般農業區 ; 非都市編定：農牧用地,1,1,全筆移轉,06170003
RPRNMLRJLHIFFAX86CA,許家段,182.18,非都市：一般農業區 ; 非都市編定：交通用地,12,3,持分移轉,06280000
RPSNMLRJLHIFFAX96CA,文東段,173.35,非都市：鄉村區 ; 非都市編定：乙種建築用地,1,1,全筆移轉,07930000
RPWNMLNKLHIFFAX07CA,龍門西段,1405.19,非都市：一般農業區 ; 非都市編定：農牧用地,1,1,全筆移轉,01760000
RPQNMLPJLHIFFAX56CA,五福段,316.24,非都市：一般農業區 ; 非都市編定：農牧用地,1212,316,持分移轉,02720000
RPQNMLPJLHIFFAX56CA,五福段,264.20,非都市：一般農業區 ; 非都市編定：農牧用地,1212,264,持分移轉,02720000
RPPNMLPJLHIFFAX56DA,東衛段,984.30,非都市：一般農業區 ; 非都市編定：農牧用地,10000,4394,持分移轉,01170001
RPRNMLMKLHIFFAX66EA,西澳段,3.78,非都市： ; 非都市編定：,1,1,全筆移轉,06240001
RPRNMLMKLHIFFAX66EA,西澳段,20.92,非都市： ; 非都市編定：,1,1,全筆移轉,06320000
RPQNMLNKLHIFFAX09CA,東衛段,20.93,非都市：一般農業區 ; 非都市編定：農牧用地,504,37,持分移轉,07220000
RPQNMLNKLHIFFAX09CA,東衛段,20.57,非都市：鄉村區 ; 非都市編定：乙種建築用地,504,37,持分移轉,18310000
RPTNMLLJLHIFFAX09CA,井垵西段,1886.03,非都市：一般農業區 ; 非都市編定：農牧用地,1,1,全筆移轉,15800000
RPUNMLRJLHIFFAX17CA,文化段,27.55,非都市： ; 非都市編定：,1,1,全筆移轉,02690004
RPUNMLRJLHIFFAX17CA,文化段,42.75,非都市： ; 非都市編定：,1,1,全筆移轉,02710002
RPRNMLTKLHIFFAX27DA,南寮北段,970.30,非都市：一般農業區 ; 非都市編定：農牧用地,1,1,全筆移轉,14170000
RPVNMLPKLHIFFAX27DA,紅羅罩段,113.00,非都市：一般農業區 ; 非都市編定：甲種建築用地,1,1,全筆移轉,06940007
RPPNMLKLLHIFFAX88DA,五福段,433.05,非都市：一般農業區 ; 非都市編定：農牧用地,1,1,全筆移轉,05590000
RPPNMLKLLHIFFAX88DA,五福段,1358.54,非都市：一般農業區 ; 非都市編定：農牧用地,1,1,全筆移轉,05600000
RPPNMLKLLHIFFAX88DA,五福段,928.67,非都市：一般農業區 ; 非都市編定：農牧用地,1,1,全筆移轉,05600001
RPPNMLKLLHIFFAX88DA,五福段,542.98,非都市：一般農業區 ; 非都市編定：農牧用地,1,1,全筆移轉,05600002
RPPNMLSJLHIFFAX76CA,二崁南段,99.80,非都市：風景區 ; 非都市編定：林業用地,1,1,全筆移轉,09910000
RPPNMLSJLHIFFAX76CA,二崁南段,83.11,非都市：一般農業區 ; 非都市編定：農牧用地,1,1,全筆移轉,10280000
RPTNMLRJLHIFFAX17DA,赤崁中段,53.61,非都市：一般農業區 ; 非都市編定：農牧用地,5,1,持分移轉,07990000
RPTNMLRJLHIFFAX17DA,赤崁中段,8.10,非都市：一般農業區 ; 非都市編定：交通用地,5,1,持分移轉,08000000
RPTNMLRJLHIFFAX17DA,赤崁西段,247.46,非都市：一般農業區 ; 非都市編定：農牧用地,5,1,持分移轉,02870000
RPUNMLNKLHIFFAX86CA,四維段,173.00,非都市：鄉村區 ; 非都市編定：乙種建築用地,1,1,全筆移轉,03540002
RPPNMLOKLHIFFAX09CA,四維段,155.00,非都市：鄉村區 ; 非都市編定：乙種建築用地,1,1,全筆移轉,03540001
RPQNMLTKLHIFFAX17DA,山水東段,170.64,非都市：一般農業區 ; 非都市編定：農牧用地,1,1,全筆移轉,04490001
RPQNMLTKLHIFFAX17DA,山水北段,150.09,非都市：一般農業區 ; 非都市編定：農牧用地,1,1,全筆移轉,01510000
RPQNMLTKLHIFFAX17DA,山水北段,1155.96,非都市：一般農業區 ; 非都市編定：農牧用地,1,1,全筆移轉,08750001
RPQNMLTKLHIFFAX17DA,山水西段,320.85,非都市：一般農業區 ; 非都市編定：農牧用地,1,1,全筆移轉,01930000
RPPNMLMKLHIFFAX98DA,望安段,177.33,非都市：一般農業區 ; 非都市編定：農牧用地,24,7,持分移轉,01910000
RPRNMLNLLHIFFAX76DA,文光段,26.85,非都市： ; 非都市編定：,100000,324,持分移轉,00200000
RPRNMLNLLHIFFAX76DA,文光段,3.47,非都市： ; 非都市編定：,100000,324,持分移轉,00540000
RPUNMLPKLHIFFAX17DA,文光段,159.19,非都市： ; 非都市編定：,1,1,全筆移轉,08330000
RPVNMLNKLHIFFAX96CA,國宅段,510.45,非都市：一般農業區 ; 非都市編定：農牧用地,1,1,全筆移轉,00080000
RPVNMLNKLHIFFAX96CA,國宅段,315.97,非都市：一般農業區 ; 非都市編定：農牧用地,1,1,全筆移轉,00090000
RPRNMLLLLHIFFAX66EA,望安段,63.00,非都市：鄉村區 ; 非都市編定：乙種建築用地,1,1,全筆移轉,18290000
RPQNMLNLLHIFFAX66DA,文光段,25.52,非都市： ; 非都市編定：,100000,308,持分移轉,00200000
RPQNMLNLLHIFFAX66DA,文光段,3.30,非都市： ; 非都市編定：,100000,308,持分移轉,00540000
RPXNMLNKLHIFFAX17CA,瓦硐段,1353.00,非都市：一般農業區 ; 非都市編定：農牧用地,1,1,全筆移轉,18550000
RPQNMLOKLHIFFAX56CA,文光段,27.09,非都市： ; 非都市編定：,100000,327,持分移轉,00200000
RPQNMLOKLHIFFAX56CA,文光段,3.51,非都市： ; 非都市編定：,100000,327,持分移轉,00540000
RPQNMLSKLHIFFAX07DA,望安段,50.67,非都市：一般農業區 ; 非都市編定：農牧用地,12,1,持分移轉,01910000
RPOOMLOKLHIFFAX09CA,文化段,18.26,非都市： ; 非都市編定：,40000,3740,持分移轉,06180000
RPOOMLOKLHIFFAX09CA,文化段,9.68,非都市： ; 非都市編定：,40000,3740,持分移轉,06190000
RPRNMLLJMHIFFAX09DA,後寮段,162.50,非都市：鄉村區 ; 非都市編定：乙種建築用地,2,1,持分移轉,17550000
RPPNMLTKLHIFFAX07DA,興仁段,188.89,非都市：一般農業區 ; 非都市編定：甲種建築用地,1,1,全筆移轉,03430008
RPPNMLTKLHIFFAX07DA,興仁段,.75,非都市：一般農業區 ; 非都市編定：交通用地,16,1,持分移轉,03430004
RPPNMLTKLHIFFAX07DA,興仁段,7.32,非都市：一般農業區 ; 非都市編定：交通用地,16,1,持分移轉,03430005
RPPNMLTKLHIFFAX07DA,興仁段,43.89,非都市：一般農業區 ; 非都市編定：交通用地,16,1,持分移轉,03430018
RPPNMLNLLHIFFAX56DA,文光段,25.19,非都市： ; 非都市編定：,100000,304,持分移轉,00200000
RPPNMLNLLHIFFAX56DA,文光段,3.26,非都市： ; 非都市編定：,100000,304,持分移轉,00540000
RPSNMLPLLHIFFAX96CA,鐵線段,1423.62,非都市：一般農業區 ; 非都市編定：農牧用地,1,1,全筆移轉,06620000
RPRNMLSKLHIFFAX07CA,埕西段,24.13,非都市： ; 非都市編定：,7,1,持分移轉,00120000
RPRNMLSKLHIFFAX07CA,埕西段,4.69,非都市： ; 非都市編定：,7,1,持分移轉,00130000
RPTNMLSKLHIFFAX27CA,興仁段,719.75,非都市：一般農業區 ; 非都市編定：農牧用地,1,1,全筆移轉,08240000
RPSNMLSKLHIFFAX17CA,五德東段,719.27,非都市：一般農業區 ; 非都市編定：農牧用地,1,1,全筆移轉,05940000
RPSNMLSKLHIFFAX17CA,五德東段,345.03,非都市：一般農業區 ; 非都市編定：農牧用地,1,1,全筆移轉,05950000
RPPNMLLLLHIFFAX88CA,潭邊新段,46.10,非都市：鄉村區 ; 非都市編定：乙種建築用地,4,1,持分移轉,07090000
RPPNMLLLLHIFFAX88CA,潭邊新段,64.50,非都市：鄉村區 ; 非都市編定：乙種建築用地,4,1,持分移轉,07100000
RPPNMLSKLHIFFAX86CA,文光段,25.52,非都市： ; 非都市編定：,100000,308,持分移轉,00200000
RPPNMLSKLHIFFAX86CA,文光段,3.30,非都市： ; 非都市編定：,100000,308,持分移轉,00540000
RPRNMLPLLHIFFAX86CA,五福段,151.30,非都市：一般農業區 ; 非都市編定：農牧用地,85558,15130,持分移轉,02750002
RPRNMLPLLHIFFAX86CA,五福段,13.09,非都市：一般農業區 ; 非都市編定：農牧用地,85558,1309,持分移轉,02750002
RPRNMLPLLHIFFAX86CA,五福段,13.09,非都市：一般農業區 ; 非都市編定：農牧用地,85558,1309,持分移轉,02750002
RPRNMLPLLHIFFAX86CA,五福段,13.09,非都市：一般農業區 ; 非都市編定：農牧用地,85558,1309,持分移轉,02750002
RPRNMLPLLHIFFAX86CA,五福段,38.29,非都市：一般農業區 ; 非都市編定：交通用地,1250,90,持分移轉,02750003
RPRNMLPLLHIFFAX86CA,五福段,3.40,非都市：一般農業區 ; 非都市編定：交通用地,1250,8,持分移轉,02750003
RPRNMLPLLHIFFAX86CA,五福段,3.40,非都市：一般農業區 ; 非都市編定：交通用地,1250,8,持分移轉,02750003
RPRNMLPLLHIFFAX86CA,五福段,3.40,非都市：一般農業區 ; 非都市編定：交通用地,1250,8,持分移轉,02750003
RPPNMLPLLHIFFAX66CA,五福段,371.73,非都市：一般農業區 ; 非都市編定：農牧用地,3,1,持分移轉,09030000
RPPNMLPLLHIFFAX66CA,五福段,371.73,非都市：一般農業區 ; 非都市編定：農牧用地,3,1,持分移轉,09030000
RPPNMLPLLHIFFAX66CA,五福段,371.73,非都市：一般農業區 ; 非都市編定：農牧用地,3,1,持分移轉,09030000
RPQNMLPLLHIFFAX76CA,國宅段,510.45,非都市：一般農業區 ; 非都市編定：農牧用地,1,1,全筆移轉,00080000
RPQNMLPLLHIFFAX76CA,國宅段,315.97,非都市：一般農業區 ; 非都市編定：農牧用地,1,1,全筆移轉,00090000
RPXNMLPLLHIFFAX57DA,潭邊新段,1640.82,非都市：一般農業區 ; 非都市編定：農牧用地,1,1,全筆移轉,02850000
RPXNMLPLLHIFFAX57DA,潭邊新段,51.85,非都市：一般農業區 ; 非都市編定：交通用地,1,1,全筆移轉,02860000
RPXNMLPLLHIFFAX57DA,潭邊新段,84.87,非都市：一般農業區 ; 非都市編定：交通用地,1,1,全筆移轉,02870000
RPUNMLLKMHIFFAX96EA,中衛段,340.86,非都市： ; 非都市編定：,2,1,持分移轉,02940000
RPWNMLPLLHIFFAX47DA,文石段,119.70,非都市：鄉村區 ; 非都市編定：乙種建築用地,1,1,全筆移轉,03470003
RPSNMLNJMHIFFAX66CA,文寮段,1456.28,非都市：一般農業區 ; 非都市編定：農牧用地,1,1,全筆移轉,03470002
RPWNMLPLLHIFFAX47DA,文石段,40.90,非都市：鄉村區 ; 非都市編定：乙種建築用地,7,1,持分移轉,03470000
RPQNMLLKMHIFFAX98CA,南澳段,265.32,非都市： ; 非都市編定：,1,1,全筆移轉,01060020
RPSNMLTJMHIFFAX27CA,中衛段,220.02,非都市：一般農業區 ; 非都市編定：農牧用地,2978,220,持分移轉,15620000
RPSNMLTJMHIFFAX27CA,中衛段,231.02,非都市：一般農業區 ; 非都市編定：農牧用地,2978,231,持分移轉,15620000
RPSNMLTJMHIFFAX27CA,中衛段,226.02,非都市：一般農業區 ; 非都市編定：農牧用地,2978,226,持分移轉,15620000
RPSNMLTJMHIFFAX27CA,中衛段,257.02,非都市：一般農業區 ; 非都市編定：農牧用地,2978,257,持分移轉,15620000
RPTNMLLLLHIFFAX66CA,東澳段,82.26,非都市： ; 非都市編定：,1,1,全筆移轉,10290000
RPQNMLSLLHIFFAX17DA,光華段,63.91,非都市：一般農業區 ; 非都市編定：甲種建築用地,1,1,全筆移轉,06380000
RPQNMLTJMHIFFAX07CA,龍門西段,1405.19,非都市：一般農業區 ; 非都市編定：農牧用地,1,1,全筆移轉,01760000
RPRNMLQJMHIFFAX86CA,赤崁南段,283.06,非都市：一般農業區 ; 非都市編定：農牧用地,1,1,全筆移轉,00070000
RPRNMLQJMHIFFAX86CA,赤崁南段,283.05,非都市：一般農業區 ; 非都市編定：農牧用地,1,1,全筆移轉,00070002
RPTNMLLKMHIFFAX76DA,吉貝西段,23.65,非都市：鄉村區 ; 非都市編定：乙種建築用地,8,1,持分移轉,04420000
RPTNMLLKMHIFFAX76DA,吉貝西段,75.13,非都市：一般農業區 ; 非都市編定：農牧用地,8,1,持分移轉,03440000
RPTNMLLKMHIFFAX76DA,吉貝西段,77.04,非都市：一般農業區 ; 非都市編定：農牧用地,8,1,持分移轉,00980000
RPTNMLLKMHIFFAX76DA,吉貝東段,83.65,非都市：森林區 ; 非都市編定：林業用地,8,1,持分移轉,05270000
RPTNMLLKMHIFFAX76DA,吉貝東段,24.25,非都市：一般農業區 ; 非都市編定：農牧用地,8,1,持分移轉,02610000
RPTNMLLKMHIFFAX76DA,吉貝東段,49.76,非都市：一般農業區 ; 非都市編定：農牧用地,8,1,持分移轉,02290000
RPSNMLQJMHIFFAX96CA,赤崁中段,216.20,非都市：一般農業區 ; 非都市編定：農牧用地,1,1,全筆移轉,11430000
RPSNMLQJMHIFFAX96CA,赤崁中段,367.22,非都市：一般農業區 ; 非都市編定：農牧用地,1,1,全筆移轉,11440000
RPSNMLQJMHIFFAX96CA,赤崁中段,120.04,非都市：一般農業區 ; 非都市編定：農牧用地,1,1,全筆移轉,11450000
RPPNMLSLLHIFFAX07DA,五福段,33.92,非都市：一般農業區 ; 非都市編定：交通用地,1,1,全筆移轉,03270002
RPTNMLQJMHIFFAX07CA,中衛段,166.07,非都市： ; 非都市編定：,1,1,全筆移轉,07540000
RPTNMLQJMHIFFAX07CA,中衛段,5553.03,非都市： ; 非都市編定：,1,1,全筆移轉,07560000
RPPNMLQLLHIFFAX86DA,馬公段,80.00,非都市： ; 非都市編定：,1,1,全筆移轉,02790000
RPSNMLMJMHIFFAX66DA,文光段,468.70,非都市： ; 非都市編定：,1,1,全筆移轉,10060010
RPRNMLSLLHIFFAX27DA,南寮北段,76.82,非都市：鄉村區 ; 非都市編定：乙種建築用地,1,1,全筆移轉,13420001
RPQNMLQJMHIFFAX86DA,興仁段,59.40,非都市：一般農業區 ; 非都市編定：農牧用地,8,1,持分移轉,00850000
RPQNMLQJMHIFFAX86DA,興崁段,130.10,非都市：一般農業區 ; 非都市編定：農牧用地,8,1,持分移轉,05040000
RPQNMLQJMHIFFAX86DA,興崁段,285.61,非都市：一般農業區 ; 非都市編定：農牧用地,8,1,持分移轉,05460000
RPQNMLQJMHIFFAX86DA,興崁段,48.00,非都市：一般農業區 ; 非都市編定：農牧用地,8,1,持分移轉,10140000
RPQNMLQJMHIFFAX86DA,興崁段,110.87,非都市：一般農業區 ; 非都市編定：農牧用地,8,1,持分移轉,10150000
RPQNMLQJMHIFFAX86DA,興崁段,356.00,非都市：一般農業區 ; 非都市編定：農牧用地,8,1,持分移轉,10440000
RPQNMLQJMHIFFAX86DA,興崁段,200.54,非都市：一般農業區 ; 非都市編定：農牧用地,8,1,持分移轉,10750000
RPQNMLQJMHIFFAX86DA,興崁段,242.80,非都市：一般農業區 ; 非都市編定：農牧用地,8,1,持分移轉,11700000
RPUNMLMJMHIFFAX86DA,太武新段,587.26,非都市：一般農業區 ; 非都市編定：農牧用地,1,1,全筆移轉,00760000
RPUNMLMJMHIFFAX86DA,太武新段,102.47,非都市：一般農業區 ; 非都市編定：農牧用地,1,1,全筆移轉,01690000
RPUNMLMJMHIFFAX86DA,太武新段,233.91,非都市：一般農業區 ; 非都市編定：農牧用地,1,1,全筆移轉,01820000
RPPNMLSKMHIFFAX96CA,橫礁段,708.00,非都市：風景區 ; 非都市編定：農牧用地,1,1,全筆移轉,06220000
RPQNMLMJMHIFFAX98CA,海堤段,85.22,非都市： ; 非都市編定：,1,1,全筆移轉,11100000
RPRNMLNJMHIFFAX56CA,赤馬一段,1217.00,非都市：一般農業區 ; 非都市編定：農牧用地,1,1,全筆移轉,04230000
RPPNMLTLLHIFFAX07CA,光華段,65.02,非都市：一般農業區 ; 非都市編定：甲種建築用地,1,1,全筆移轉,06760000
RPOOMLPLLHIFFAX66CA,馬公段,17.00,非都市： ; 非都市編定：,1,1,全筆移轉,18220010
RPOOMLPLLHIFFAX66CA,馬公段,40.00,非都市： ; 非都市編定：,1,1,全筆移轉,18220024
RPSNMLSLLHIFFAX27CA,春暉段,99.93,非都市： ; 非都市編定：,1,1,全筆移轉,04340002
RPRNMLTJMHIFFAX27DA,文澳段,36.00,非都市： ; 非都市編定：,1,1,全筆移轉,24940000
RPRNMLTJMHIFFAX27DA,文澳段,41.73,非都市： ; 非都市編定：,11,1,持分移轉,24860000
RPRNMLTLLHIFFAX27CA,岐頭段,1904.00,非都市：一般農業區 ; 非都市編定：農牧用地,1,1,全筆移轉,11590000
RPUNMLQJMHIFFAX17CA,馬公段,41.00,非都市： ; 非都市編定：,1,1,全筆移轉,16210091
RPVNMLTJMHIFFAX57CA,安宅段,1329.28,非都市：一般農業區 ; 非都市編定：農牧用地,1,1,全筆移轉,06860000
RPWNMLQJMHIFFAX47DA,成功南段,1003.40,非都市：一般農業區 ; 非都市編定：農牧用地,2,1,持分移轉,13380000
RPTNMLNJMHIFFAX86DA,山水西段,664.74,非都市：一般農業區 ; 非都市編定：農牧用地,2,1,持分移轉,02120000
RPWNMLTJMHIFFAX67CA,安宅段,464.14,非都市：鄉村區 ; 非都市編定：乙種建築用地,1,1,全筆移轉,13280000
RPUNMLTJMHIFFAX47CA,文澳段,103.00,非都市： ; 非都市編定：,1,1,全筆移轉,23320000
RPUNMLTJMHIFFAX47CA,文澳段,96.00,非都市： ; 非都市編定：,1,1,全筆移轉,23330000
RPUNMLTJMHIFFAX47CA,案山段,18.66,非都市： ; 非都市編定：,1,1,全筆移轉,00050000
RPUNMLTJMHIFFAX47CA,案山段,25.86,非都市： ; 非都市編定：,1,1,全筆移轉,00060000
RPUNMLTJMHIFFAX47CA,案山段,25.98,非都市： ; 非都市編定：,1,1,全筆移轉,00060001
RPUNMLTJMHIFFAX47CA,案山段,98.65,非都市： ; 非都市編定：,1,1,全筆移轉,00110000
RPQNMLNJMHIFFAX09CA,北澳段,.67,非都市：鄉村區 ; 非都市編定：乙種建築用地,2,1,持分移轉,04290000
RPQNMLNJMHIFFAX09CA,北澳段,.67,非都市：鄉村區 ; 非都市編定：乙種建築用地,2,1,持分移轉,04290000
RPQNMLNJMHIFFAX09CA,北澳段,24.64,非都市：鄉村區 ; 非都市編定：乙種建築用地,2,1,持分移轉,04300000
RPQNMLNJMHIFFAX09CA,北澳段,24.64,非都市：鄉村區 ; 非都市編定：乙種建築用地,2,1,持分移轉,04300000
RPPNMLQJMHIFFAX66CA,城北段,599.57,非都市：一般農業區 ; 非都市編定：農牧用地,1,1,全筆移轉,09570000
RPVNMLQJMHIFFAX27CA,五福段,177.12,非都市：一般農業區 ; 非都市編定：農牧用地,4,1,持分移轉,05470000
RPQNMLMKMHIFFAX09CA,北澳段,210.68,非都市：一般農業區 ; 非都市編定：農牧用地,2552,517,持分移轉,04960000
RPQNMLMKMHIFFAX09CA,北澳段,153.63,非都市：一般農業區 ; 非都市編定：農牧用地,2552,377,持分移轉,04960000
RPQNMLMKMHIFFAX09CA,北澳段,153.63,非都市：一般農業區 ; 非都市編定：農牧用地,2552,377,持分移轉,04960000
RPQNMLMKMHIFFAX09CA,北澳段,159.33,非都市：一般農業區 ; 非都市編定：農牧用地,2552,391,持分移轉,04960000
RPQNMLMKMHIFFAX09CA,北澳段,191.12,非都市：一般農業區 ; 非都市編定：農牧用地,2552,469,持分移轉,04960000
RPQNMLMKMHIFFAX09CA,北澳段,152.00,非都市：一般農業區 ; 非都市編定：農牧用地,2552,373,持分移轉,04960000
RPTNMLTJMHIFFAX37CA,東澳段,176.61,非都市： ; 非都市編定：,1,1,全筆移轉,02980000
RPPNMLLKMHIFFAX88CA,四維段,66.13,非都市：鄉村區 ; 非都市編定：乙種建築用地,1,1,全筆移轉,00950000
RPOOMLTJMHIFFAX07DA,五福段,1940.32,非都市：一般農業區 ; 非都市編定：農牧用地,1,1,全筆移轉,06800000
RPOOMLTJMHIFFAX07DA,五福段,45.18,非都市：一般農業區 ; 非都市編定：農牧用地,1,1,全筆移轉,06860000
RPPNMLPKMHIFFAX76DA,西溪段,14.00,非都市：一般農業區 ; 非都市編定：交通用地,1,1,全筆移轉,08510005
RPSNMLSKMHIFFAX37DA,城北段,215.15,非都市：一般農業區 ; 非都市編定：農牧用地,1,1,全筆移轉,04180000
RPQNMLNLMHIFFAX66CA,七美二段,265.54,非都市：一般農業區 ; 非都市編定：農牧用地,1,1,全筆移轉,09380000
RPQNMLNLMHIFFAX66CA,七美二段,16.90,非都市：一般農業區 ; 非都市編定：農牧用地,1,1,全筆移轉,09420000
RPTNMLMKMHIFFAX76CA,安宅段,159.26,非都市：一般農業區 ; 非都市編定：甲種建築用地,1,1,全筆移轉,09640001
RPTNMLMKMHIFFAX76CA,安宅段,4.09,非都市：一般農業區 ; 非都市編定：交通用地,10,1,持分移轉,09650000
RPWNMLMKMHIFFAX07CA,文石段,183.36,非都市：一般農業區 ; 非都市編定：甲種建築用地,1,1,全筆移轉,03010002
RPWNMLMKMHIFFAX07CA,文石段,37.32,非都市：一般農業區 ; 非都市編定：交通用地,5,1,持分移轉,03010004
RPSNMLLKMHIFFAX56CA,城北段,951.37,非都市：一般農業區 ; 非都市編定：農牧用地,1,1,全筆移轉,09580000
RPRNMLLKMHIFFAX09CA,城北段,925.78,非都市：一般農業區 ; 非都市編定：農牧用地,1,1,全筆移轉,09560000
RPSNMLMKMHIFFAX66CA,文石段,2008.01,非都市：一般農業區 ; 非都市編定：農牧用地,1,1,全筆移轉,11350000
RPXNMLMKMHIFFAX17CA,文石段,37.32,非都市：一般農業區 ; 非都市編定：交通用地,5,1,持分移轉,03010004
RPXNMLMKMHIFFAX17CA,文石段,232.44,非都市：一般農業區 ; 非都市編定：甲種建築用地,1,1,全筆移轉,03010005
RPQNMLPKMHIFFAX86DA,?裡新段,97.37,非都市：鄉村區 ; 非都市編定：乙種建築用地,1,1,全筆移轉,03360000
RPQNMLQKMHIFFAX96DA,吉貝西段,1150.34,非都市：一般農業區 ; 非都市編定：遊憩用地,1,1,全筆移轉,11010006
RPSNMLTKMHIFFAX47DA,大倉段,48.43,非都市：風景區 ; 非都市編定：農牧用地,7,1,持分移轉,01250000
RPRNMLMKMHIFFAX56CA,雙湖段,218.72,非都市：一般農業區 ; 非都市編定：農牧用地,1,1,全筆移轉,08360000
RPPNMLKLMHIFFAX88CA,埕東段,76.41,非都市： ; 非都市編定：,1,1,全筆移轉,07180000
RPPNMLKMMHIFFAX98CA,西澳段,487.62,非都市： ; 非都市編定：,1,1,全筆移轉,00990000
RPQNMLKMMHIFFAX09CA,文光段,27.09,非都市： ; 非都市編定：,100000,327,持分移轉,00200000
RPQNMLKMMHIFFAX09CA,文光段,3.51,非都市： ; 非都市編定：,100000,327,持分移轉,00540000
RPRNMLPKMHIFFAX86CA,文石段,136.85,非都市：一般農業區 ; 非都市編定：甲種建築用地,1,1,全筆移轉,12200008
RPRNMLPKMHIFFAX86CA,文石段,31.07,非都市：一般農業區 ; 非都市編定：交通用地,17,1,持分移轉,12200009
RPTNMLPLLHIFFAX07CA,五福段,226.25,非都市：一般農業區 ; 非都市編定：農牧用地,8,1,持分移轉,01180000
RPTNMLPLLHIFFAX07CA,五福段,226.25,非都市：一般農業區 ; 非都市編定：農牧用地,8,1,持分移轉,01180000
RPTNMLPLLHIFFAX07CA,五福段,226.25,非都市：一般農業區 ; 非都市編定：農牧用地,8,1,持分移轉,01180000
RPTNMLPLLHIFFAX07CA,五福段,226.25,非都市：一般農業區 ; 非都市編定：農牧用地,8,1,持分移轉,01180000
RPTNMLPLLHIFFAX07CA,五福段,452.50,非都市：一般農業區 ; 非都市編定：農牧用地,8,2,持分移轉,01180000
RPTNMLPLLHIFFAX07CA,五福段,452.50,非都市：一般農業區 ; 非都市編定：農牧用地,8,2,持分移轉,01180000
RPPNMLQLMHIFFAX86CA,赤崁西段,267.08,非都市：一般農業區 ; 非都市編定：農牧用地,2,1,持分移轉,06720000
RPPNMLQLMHIFFAX86CA,赤崁西段,267.08,非都市：一般農業區 ; 非都市編定：農牧用地,2,1,持分移轉,06720000
RPRNMLQKMHIFFAX96CA,興崁段,399.23,非都市：一般農業區 ; 非都市編定：農牧用地,1,1,全筆移轉,11040000
RPRNMLQKMHIFFAX96CA,興崁段,342.00,非都市：一般農業區 ; 非都市編定：農牧用地,1,1,全筆移轉,11930000
RPRNMLQKMHIFFAX96CA,興崁段,702.93,非都市：一般農業區 ; 非都市編定：農牧用地,1,1,全筆移轉,11950000
RPTNMLQKMHIFFAX17CA,機場段,187.62,非都市：一般農業區 ; 非都市編定：農牧用地,2,1,持分移轉,15320000
RPTNMLQKMHIFFAX17CA,機場段,56.92,非都市：一般農業區 ; 非都市編定：交通用地,2,1,持分移轉,15330000
RPSNMLQKMHIFFAX07CA,文光段,31.66,非都市： ; 非都市編定：,100000,726,持分移轉,00570000
RPUNMLTKMHIFFAX67DA,大倉段,123.00,非都市：一般農業區 ; 非都市編定：農牧用地,1,1,全筆移轉,01220001
RPTNMLTKMHIFFAX57DA,大倉段,5.00,非都市：一般農業區 ; 非都市編定：農牧用地,1,1,全筆移轉,01090001
RPVNMLTKMHIFFAX77DA,大倉段,50.00,非都市：一般農業區 ; 非都市編定：農牧用地,3,1,持分移轉,00400000
RPVNMLTKMHIFFAX77DA,大倉段,20.33,非都市：一般農業區 ; 非都市編定：農牧用地,3,1,持分移轉,00910001
RPWNMLTKMHIFFAX87DA,大倉段,41.00,非都市：一般農業區 ; 非都市編定：農牧用地,1,1,全筆移轉,01050001
RPRNMLTKMHIFFAX37DA,大倉段,48.43,非都市：風景區 ; 非都市編定：農牧用地,7,1,持分移轉,01250000
RPWNMLLJNHIFFAX96CA,文光段,96.33,非都市： ; 非都市編定：,1,1,全筆移轉,03870000
RPRNMLKMMHIFFAX56CA,安宅段,1056.32,非都市：一般農業區 ; 非都市編定：農牧用地,1,1,全筆移轉,09280000
RPRNMLKMMHIFFAX56CA,安宅段,283.17,非都市：一般農業區 ; 非都市編定：交通用地,1,1,全筆移轉,09290000
RPSNMLKMMHIFFAX66CA,北澳段,49.88,非都市：鄉村區 ; 非都市編定：乙種建築用地,1,1,全筆移轉,03100000
RPTNMLSJNHIFFAX37CA,機場段,53.40,非都市：鄉村區 ; 非都市編定：乙種建築用地,1,1,全筆移轉,09260000
RPUNMLQKMHIFFAX27CA,中衛段,1983.02,非都市： ; 非都市編定：,1,1,全筆移轉,04080000
RPSNMLRKMHIFFAX17CA,五德東段,30.30,非都市：一般農業區 ; 非都市編定：交通用地,1,1,全筆移轉,06680000
RPSNMLRKMHIFFAX17CA,五德東段,89.21,非都市：一般農業區 ; 非都市編定：交通用地,1,1,全筆移轉,06690000
RPSNMLRKMHIFFAX17CA,五德東段,1221.53,非都市：一般農業區 ; 非都市編定：農牧用地,1,1,全筆移轉,06700000
RPWNMLPLMHIFFAX57DA,大倉段,174.00,非都市：一般農業區 ; 非都市編定：農牧用地,2,1,持分移轉,01040001
RPRNMLNLMHIFFAX86DA,外垵二段,28.76,非都市：鄉村區 ; 非都市編定：遊憩用地,1,1,全筆移轉,11350001
RPUNMLMLMHIFFAX07DA,五福段,30.24,非都市：一般農業區 ; 非都市編定：農牧用地,8,1,持分移轉,04950001
RPVNMLPLMHIFFAX47DA,大倉段,174.00,非都市：一般農業區 ; 非都市編定：農牧用地,2,1,持分移轉,01040001
RPRNMLTLMHIFFAX47DA,湖西北段,395.03,非都市：一般農業區 ; 非都市編定：農牧用地,4,1,持分移轉,05290000
RPRNMLTLMHIFFAX47DA,湖西南段,451.13,非都市：一般農業區 ; 非都市編定：農牧用地,2,1,持分移轉,29220000
RPRNMLTLMHIFFAX47DA,湖西南段,1147.60,非都市：一般農業區 ; 非都市編定：農牧用地,2,1,持分移轉,29240000
RPPNMLMLMHIFFAX56DA,文東段,53.66,非都市：鄉村區 ; 非都市編定：乙種建築用地,1,1,全筆移轉,15500000
RPROMLOJNHIFFAX96DA,沙港北段,274.51,非都市：一般農業區 ; 非都市編定：農牧用地,1,1,全筆移轉,03950000
RPRNMLOJNHIFFAX76CA,五福段,441.40,非都市：一般農業區 ; 非都市編定：農牧用地,2,1,持分移轉,00420000
RPTNMLLJNHIFFAX76DA,赤崁北段,30.62,非都市：鄉村區 ; 非都市編定：乙種建築用地,2,1,持分移轉,01180000
RPPNMLNJNHIFFAX56DA,五福段,382.94,非都市：一般農業區 ; 非都市編定：農牧用地,1,1,全筆移轉,02520000
RPQNMLTKMHIFFAX17CA,文東段,54.29,非都市：鄉村區 ; 非都市編定：乙種建築用地,1,1,全筆移轉,15890000
RPQNMLOLMHIFFAX76CA,文石段,184.05,非都市：一般農業區 ; 非都市編定：甲種建築用地,1,1,全筆移轉,03010003
RPQNMLOLMHIFFAX76CA,文石段,37.32,非都市：一般農業區 ; 非都市編定：交通用地,5,1,持分移轉,03010004
RPSNMLPLMHIFFAX17DA,大倉段,5.71,非都市：一般農業區 ; 非都市編定：農牧用地,56,1,持分移轉,00430000
RPSNMLPLMHIFFAX17DA,大倉段,75.71,非都市：風景區 ; 非都市編定：農牧用地,7,1,持分移轉,01150000
RPSNMLPLMHIFFAX17DA,大倉段,6.23,非都市：風景區 ; 非都市編定：農牧用地,56,1,持分移轉,01240000
RPUNMLKMMHIFFAX86CA,四維段,78.42,非都市：一般農業區 ; 非都市編定：甲種建築用地,2,1,持分移轉,11470000
RPOOMLPLMHIFFAX86DA,大倉段,5.71,非都市：一般農業區 ; 非都市編定：農牧用地,56,1,持分移轉,00430000
RPOOMLPLMHIFFAX86DA,大倉段,75.71,非都市：風景區 ; 非都市編定：農牧用地,7,1,持分移轉,01150000
RPOOMLPLMHIFFAX86DA,大倉段,6.23,非都市：風景區 ; 非都市編定：農牧用地,56,1,持分移轉,01240000
RPTNMLPLMHIFFAX27DA,大倉段,39.50,非都市：一般農業區 ; 非都市編定：農牧用地,2,1,持分移轉,01070001
RPUNMLLJNHIFFAX86DA,四維段,61.82,非都市：鄉村區 ; 非都市編定：乙種建築用地,1,1,全筆移轉,08160000
RPSNMLOJNHIFFAX86CA,西澳段,227.09,非都市： ; 非都市編定：,10,6,持分移轉,01430000
RPSNMLOJNHIFFAX86CA,西澳段,151.39,非都市： ; 非都市編定：,10,4,持分移轉,01430000
RPQNMLLJNHIFFAX09DA,林投北段,616.20,非都市：一般農業區 ; 非都市編定：農牧用地,1,1,全筆移轉,09280000
RPQNMLLJNHIFFAX09DA,林投南段,519.67,非都市：一般農業區 ; 非都市編定：農牧用地,1,1,全筆移轉,06180000
RPQNMLLJNHIFFAX09DA,林投北段,485.44,非都市：一般農業區 ; 非都市編定：殯葬用地,1,1,全筆移轉,09520000
RPQNMLLJNHIFFAX09DA,林投北段,150.10,非都市：一般農業區 ; 非都市編定：殯葬用地,1,1,全筆移轉,10250000
RPQNMLLJNHIFFAX09DA,林投北段,354.64,非都市：一般農業區 ; 非都市編定：殯葬用地,1,1,全筆移轉,10910000
RPQNMLLJNHIFFAX09DA,林投北段,461.77,非都市：一般農業區 ; 非都市編定：殯葬用地,1,1,全筆移轉,10910002
RPPOMLPLMHIFFAX96DA,大倉段,5.71,非都市：一般農業區 ; 非都市編定：農牧用地,56,1,持分移轉,00430000
RPPOMLPLMHIFFAX96DA,大倉段,75.71,非都市：風景區 ; 非都市編定：農牧用地,7,1,持分移轉,01150000
RPPOMLPLMHIFFAX96DA,大倉段,6.23,非都市：風景區 ; 非都市編定：農牧用地,56,1,持分移轉,01240000
RPQOMLPLMHIFFAX07DA,大倉段,5.71,非都市：一般農業區 ; 非都市編定：農牧用地,56,1,持分移轉,00430000
RPQOMLPLMHIFFAX07DA,大倉段,75.71,非都市：風景區 ; 非都市編定：農牧用地,7,1,持分移轉,01150000
RPQOMLPLMHIFFAX07DA,大倉段,6.23,非都市：風景區 ; 非都市編定：農牧用地,56,1,持分移轉,01240000
RPROMLPLMHIFFAX17DA,大倉段,1.90,非都市：一般農業區 ; 非都市編定：農牧用地,168,1,持分移轉,00430000
RPROMLPLMHIFFAX17DA,大倉段,25.24,非都市：風景區 ; 非都市編定：農牧用地,21,1,持分移轉,01150000
RPROMLPLMHIFFAX17DA,大倉段,2.08,非都市：風景區 ; 非都市編定：農牧用地,168,1,持分移轉,01240000
RPUOMLPLMHIFFAX37CA,案山段,97.94,非都市： ; 非都市編定：,1,1,全筆移轉,03400000
RPUOMLPLMHIFFAX37CA,案山段,18.73,非都市： ; 非都市編定：,1,1,全筆移轉,03490000
RPSNMLOLMHIFFAX96CA,五德東段,345.03,非都市：一般農業區 ; 非都市編定：農牧用地,1,1,全筆移轉,05950000
RPTNMLOLMHIFFAX07CA,五德東段,359.64,非都市：一般農業區 ; 非都市編定：農牧用地,2,1,持分移轉,05940000
RPTNMLOLMHIFFAX07CA,五德東段,359.64,非都市：一般農業區 ; 非都市編定：農牧用地,2,1,持分移轉,05940000
RPUNMLPLMHIFFAX37DA,大倉段,39.50,非都市：一般農業區 ; 非都市編定：農牧用地,2,1,持分移轉,01070001
RPVOMLPLMHIFFAX47CA,興崁段,342.00,非都市：一般農業區 ; 非都市編定：農牧用地,1,1,全筆移轉,11930000
RPSOMLOJNHIFFAX07DA,成功南段,1792.29,非都市：一般農業區 ; 非都市編定：農牧用地,1,1,全筆移轉,13360000
RPOOMLLJNHIFFAX88CA,北極段,704.46,非都市： ; 非都市編定：,1,1,全筆移轉,13350000
RPOOMLLJNHIFFAX88CA,北極段,3.82,非都市： ; 非都市編定：,1,1,全筆移轉,13350001
RPOOMLLJNHIFFAX88CA,北極段,1.14,非都市： ; 非都市編定：,1,1,全筆移轉,13360000
RPTNMLOJNHIFFAX96CA,紅羅罩段,1731.00,非都市：一般農業區 ; 非都市編定：特定目的事業用地,1,1,全筆移轉,12110000
RPPPMLPLMHIFFAX96CA,湖東新段,1451.59,非都市：一般農業區 ; 非都市編定：農牧用地,1,1,全筆移轉,05410000
RPXOMLPLMHIFFAX67CA,鐵線段,390.42,非都市：一般農業區 ; 非都市編定：農牧用地,2,1,持分移轉,05850000
RPQPMLPLMHIFFAX07CA,紅羅罩段,766.00,非都市：一般農業區 ; 非都市編定：農牧用地,1,1,全筆移轉,06220000
RPOPMLPLMHIFFAX86CA,青螺新段,104.86,非都市：森林區 ; 非都市編定：丙種建築用地,1,1,全筆移轉,14200000
RPOPMLPLMHIFFAX86CA,青螺新段,627.89,非都市：森林區 ; 非都市編定：丙種建築用地,1,1,全筆移轉,14240000
RPOPMLPLMHIFFAX86CA,青螺新段,566.63,非都市：森林區 ; 非都市編定：丙種建築用地,1,1,全筆移轉,14250000
RPOPMLPLMHIFFAX86CA,青螺新段,207.53,非都市：森林區 ; 非都市編定：丙種建築用地,1,1,全筆移轉,14280000
RPOPMLPLMHIFFAX86CA,青螺新段,487.75,非都市：森林區 ; 非都市編定：丙種建築用地,1,1,全筆移轉,14290000
RPOPMLPLMHIFFAX86CA,青螺新段,144.87,非都市：森林區 ; 非都市編定：丙種建築用地,1,1,全筆移轉,14320000
RPRNMLPLMHIFFAX96CA,山水東段,2035.14,非都市：一般農業區 ; 非都市編定：農牧用地,10,7,持分移轉,06420000
RPSNMLNLMHIFFAX96DA,五福段,5.06,非都市：一般農業區 ; 非都市編定：交通用地,1,1,全筆移轉,09050007
RPTOMLPLMHIFFAX37DA,大倉段,1.90,非都市：一般農業區 ; 非都市編定：農牧用地,168,1,持分移轉,00430000
RPTOMLPLMHIFFAX37DA,大倉段,25.24,非都市：風景區 ; 非都市編定：農牧用地,21,1,持分移轉,01150000
RPTOMLPLMHIFFAX37DA,大倉段,2.08,非都市：風景區 ; 非都市編定：農牧用地,168,1,持分移轉,01240000
RPRPMLPLMHIFFAX17CA,成功南段,858.58,非都市：一般農業區 ; 非都市編定：農牧用地,6,5,持分移轉,06060000
RPSOMLPLMHIFFAX27DA,大倉段,1.90,非都市：一般農業區 ; 非都市編定：農牧用地,168,1,持分移轉,00430000
RPSOMLPLMHIFFAX27DA,大倉段,25.24,非都市：風景區 ; 非都市編定：農牧用地,21,1,持分移轉,01150000
RPSOMLPLMHIFFAX27DA,大倉段,2.08,非都市：風景區 ; 非都市編定：農牧用地,168,1,持分移轉,01240000
RPPOMLLJNHIFFAX98CA,竹篙灣段,1057.00,非都市：一般農業區 ; 非都市編定：農牧用地,1,1,全筆移轉,13560001
RPXNMLLJNHIFFAX07CA,潭邊新段,308.04,非都市：一般農業區 ; 非都市編定：農牧用地,126,39,持分移轉,02000000
RPUNMLQJNHIFFAX27CA,鐵線段,35.43,非都市：一般農業區 ; 非都市編定：交通用地,8,1,持分移轉,06230005
RPUNMLQJNHIFFAX27CA,鐵線段,186.74,非都市：一般農業區 ; 非都市編定：甲種建築用地,1,1,全筆移轉,06230007
RPTNMLTJNHIFFAX57DA,山水西段,313.58,非都市： ; 非都市編定：,1,1,全筆移轉,05080002
RPXNMLQJNHIFFAX67DA,興仁段,203.71,非都市：一般農業區 ; 非都市編定：農牧用地,1,1,全筆移轉,00810000
RPWNMLQJNHIFFAX57DA,五德西段,970.70,非都市：一般農業區 ; 非都市編定：農牧用地,1,1,全筆移轉,05650000
RPWOMLPLMHIFFAX57CA,興崁段,399.23,非都市：一般農業區 ; 非都市編定：農牧用地,1,1,全筆移轉,11040000
RPTOMLOJNHIFFAX17DA,成功南段,1792.29,非都市：一般農業區 ; 非都市編定：農牧用地,1,1,全筆移轉,13360000
RPPNMLRLMHIFFAX07DA,文石段,160.77,非都市：一般農業區 ; 非都市編定：甲種建築用地,1,1,全筆移轉,01620007
RPPNMLRLMHIFFAX07DA,文石段,53.53,非都市：一般農業區 ; 非都市編定：交通用地,8,1,持分移轉,01620004
RPRNMLRJNHIFFAX17DA,五福段,1091.38,非都市：一般農業區 ; 非都市編定：農牧用地,100000,74742,持分移轉,05420000
RPPNMLKKNHIFFAX98DA,中衛段,457.03,非都市：一般農業區 ; 非都市編定：農牧用地,2978,457,持分移轉,15620000
RPPNMLTLMHIFFAX17CA,後寮段,191.50,非都市：鄉村區 ; 非都市編定：乙種建築用地,2,1,持分移轉,17330000
RPPOMLKMMHIFFAX09CA,城北段,1654.13,非都市：一般農業區 ; 非都市編定：農牧用地,1,1,全筆移轉,13780000
RPOOMLKMMHIFFAX98CA,文東段,189.91,非都市：一般農業區 ; 非都市編定：甲種建築用地,1,1,全筆移轉,17750002
RPOOMLKMMHIFFAX98CA,文東段,77.49,非都市：一般農業區 ; 非都市編定：交通用地,6,1,持分移轉,17750004
RPQNMLRLMHIFFAX17DA,文石段,158.13,非都市：一般農業區 ; 非都市編定：甲種建築用地,1,1,全筆移轉,01620001
RPQNMLRLMHIFFAX17DA,文石段,53.53,非都市：一般農業區 ; 非都市編定：交通用地,8,1,持分移轉,01620004
RPWNMLOJNHIFFAX27CA,馬公段,22.62,非都市： ; 非都市編定：,10000,749,持分移轉,23090000
RPQNMLQJNHIFFAX86CA,小池角段,45.00,非都市：一般農業區 ; 非都市編定：農牧用地,1,1,全筆移轉,10800000
RPQNMLQJNHIFFAX86CA,小池角段,653.00,非都市：一般農業區 ; 非都市編定：農牧用地,1,1,全筆移轉,10800002
RPQNMLQJNHIFFAX86CA,小池角段,824.50,非都市：一般農業區 ; 非都市編定：農牧用地,2,1,持分移轉,37130000
RPOOMLOJNHIFFAX56CA,北極段,5.04,非都市：一般農業區 ; 非都市編定：農牧用地,1,1,全筆移轉,04570000
RPOOMLOJNHIFFAX56CA,北極段,1012.91,非都市： ; 非都市編定：,1,1,全筆移轉,04580001
RPRNMLLJNHIFFAX09CA,五德西段,517.52,非都市：鄉村區 ; 非都市編定：乙種建築用地,6,5,持分移轉,01950000
RPRNMLLJNHIFFAX09CA,五德西段,155.71,非都市：鄉村區 ; 非都市編定：乙種建築用地,6,5,持分移轉,06240000
RPRNMLLJNHIFFAX09CA,五德西段,345.87,非都市：鄉村區 ; 非都市編定：乙種建築用地,6,5,持分移轉,06260000
RPROMLKMMHIFFAX66CA,文寮段,21.83,非都市：鄉村區 ; 非都市編定：乙種建築用地,1,1,全筆移轉,06680000
RPPNMLMJNHIFFAX98CA,外垵二段,191.85,非都市：鄉村區 ; 非都市編定：乙種建築用地,1,1,全筆移轉,11880000
RPXNMLKMMHIFFAX17CA,文石段,132.30,非都市：一般農業區 ; 非都市編定：甲種建築用地,1,1,全筆移轉,12200005
RPXNMLKMMHIFFAX17CA,文石段,31.07,非都市：一般農業區 ; 非都市編定：交通用地,17,1,持分移轉,12200009
RPQOMLKMMHIFFAX56CA,五德東段,30.30,非都市：一般農業區 ; 非都市編定：交通用地,1,1,全筆移轉,06680000
RPQOMLKMMHIFFAX56CA,五德東段,89.21,非都市：一般農業區 ; 非都市編定：交通用地,1,1,全筆移轉,06690000
RPQOMLKMMHIFFAX56CA,五德東段,1221.53,非都市：一般農業區 ; 非都市編定：農牧用地,1,1,全筆移轉,06700000
RPPNMLLJNHIFFAX98DA,馬公段,3.00,非都市： ; 非都市編定：,1,1,全筆移轉,08200010
RPQNMLRKNHIFFAX17DA,東澳段,110.42,非都市： ; 非都市編定：,1,1,全筆移轉,01800027
RPPNMLOJNHIFFAX56CA,機場段,414.19,非都市：一般農業區 ; 非都市編定：農牧用地,1,1,全筆移轉,14040002
RPPNMLOKNHIFFAX76DA,東衛段,199.96,非都市：一般農業區 ; 非都市編定：農牧用地,2,1,持分移轉,02140000
RPPNMLOKNHIFFAX76DA,東衛段,985.81,非都市：一般農業區 ; 非都市編定：農牧用地,1,1,全筆移轉,02440000
RPQNMLRJNHIFFAX07DA,四維段,110.54,非都市：一般農業區 ; 非都市編定：甲種建築用地,1,1,全筆移轉,05010000
RPQNMLOJNHIFFAX66CA,機場段,414.19,非都市：一般農業區 ; 非都市編定：農牧用地,1,1,全筆移轉,14040000
RPPNMLRLNHIFFAX17DA,東澳段,1038.40,非都市： ; 非都市編定：,1,1,全筆移轉,05940000
RPPNMLRLNHIFFAX17DA,東澳段,549.70,非都市： ; 非都市編定：,1,1,全筆移轉,05950000
RPQOMLOJNHIFFAX76CA,四維段,67.72,非都市：一般農業區 ; 非都市編定：甲種建築用地,1,1,全筆移轉,06560000
RPQOMLOJNHIFFAX76CA,四維段,38.32,非都市：一般農業區 ; 非都市編定：甲種建築用地,1,1,全筆移轉,06570000
RPSNMLRKNHIFFAX37DA,東澳段,157.23,非都市： ; 非都市編定：,1,1,全筆移轉,01800023
RPSNMLRKNHIFFAX37DA,東澳段,118.28,非都市： ; 非都市編定：,1,1,全筆移轉,01800024
RPTNMLNKNHIFFAX96CA,光榮段,347.92,非都市： ; 非都市編定：,3,2,持分移轉,03440000
RPTNMLNKNHIFFAX96CA,光榮段,540.84,非都市： ; 非都市編定：,3,2,持分移轉,03440001
RPUNMLRKNHIFFAX47CA,馬公段,21.00,非都市： ; 非都市編定：,1,1,全筆移轉,16210029
