﻿編號,屋齡,建物移轉面積平方公尺,主要用途,主要建材,建築完成日期,總層數,建物分層
The serial number,room age,building shifting area square meter,the main use,main building materials,construction completes the date,total layer,building lamination
RPUNMLSKKHIFFAX27CA,,35.81,住家用,造,,一層,一層
RPRNMLRJKHIFFAX86DA,7,106.29,集合住宅,鋼筋混凝土造,95年7月10日,十四層,五層 陽台
RPRNMLRJKHIFFAX86DA,7,67.26,共用部份,鋼筋混凝土造,95年7月10日,十四層,
RPPNMLQJKHIFFAX56DA,24,138.97,住家用,鋼筋混凝土加強磚造,78年5月10日,2,一層 二層 電梯樓梯間 夾層
RPPNMLSJKHIFFAX66CA,30,100.62,住家用,鋼筋混凝土造,72年1月18日,三層,一層 二層 三層
RPRNMLSJKHIFFAX86CA,45,90.24,住家用,鋼筋混凝土加強磚造,56年11月13日,二層,
RPTNMLSKKHIFFAX17CA,17,140.59,住家用,鋼筋混凝土造,85年2月2日,八層,三層 陽台 露台
RPPNMLLJLHIFFAX78DA,7,125.86,集合住宅,鋼筋混凝土造,95年6月29日,十三層,六層 陽台
RPPNMLLJLHIFFAX78DA,7,83.85,共用部份,鋼筋混凝土造,95年6月29日,十四層,
RPQNMLLKLHIFFAX98DA,34,66.76,住家用,鋼筋混凝土加強磚造,68年1月20日,一層,一層 電梯樓梯間
RPQNMLLKLHIFFAX98DA,29,37.31,住家用,空心磚,73年3月1日,一層,一層
RPPNMLNKLHIFFAX09DA,19,113.85,住家用,鋼筋混凝土造,83年5月9日,七層,二層 見其他登記事項
RPPNMLNKLHIFFAX09DA,19,1.86,梯間,鋼筋混凝土造,83年5月9日,七層,
RPPNMLNKLHIFFAX09DA,19,11.37,電梯間,鋼筋混凝土造,83年5月9日,七層,
RPPNMLNKLHIFFAX09DA,19,22.60,機械室、避難室,鋼筋混凝土造,83年5月9日,七層,
RPQNMLRJLHIFFAX76CA,7,114.38,集合住宅,鋼筋混凝土造,95年6月29日,十四層,四層 陽台
RPQNMLRJLHIFFAX76CA,7,76.16,共用部份,鋼筋混凝土造,95年6月29日,十四層,
RPQNMLNKLHIFFAX09CA,,6.72,住家用,造,,一層,
RPUNMLRJLHIFFAX17CA,15,223.95,住家用,鋼筋混凝土造,87年3月27日,五層,一層 二層 三層 四層 五層 見其他登記事項
RPVNMLPKLHIFFAX27DA,12,187.49,住家用,鋼筋混凝土造,89年8月25日,三層,
RPRNMLNLLHIFFAX76DA,7,113.22,集合住宅,鋼筋混凝土造,95年7月10日,十四層,九層 陽台
RPRNMLNLLHIFFAX76DA,7,71.69,共用部份,鋼筋混凝土造,95年7月10日,十四層,
RPUNMLPKLHIFFAX17DA,,328.40,住家用,鋼筋混凝土造,101年12月7日,四層,一層 二層 三層 四層 見其他登記事項 見其他登記事項
RPQNMLNLLHIFFAX66DA,7,107.67,集合住宅,鋼筋混凝土造,95年7月10日,十四層,八層 陽台
RPQNMLNLLHIFFAX66DA,7,68.15,共用部份,鋼筋混凝土造,95年7月10日,十四層,
RPQNMLOKLHIFFAX56CA,7,114.38,集合住宅,鋼筋混凝土造,95年7月10日,十四層,六層 陽台
RPQNMLOKLHIFFAX56CA,7,72.35,共用部份,鋼筋混凝土造,95年7月10日,十四層,
RPOOMLOKLHIFFAX09CA,31,83.92,住家用,鋼筋混凝土造,71年2月27日,五層,五層
RPOOMLOKLHIFFAX09CA,31,8.43,避難室,鋼筋混凝土造,71年2月27日,五層,
RPPNMLNLLHIFFAX56DA,7,106.20,集合住宅,鋼筋混凝土造,95年7月10日,十層,八層 陽台
RPPNMLNLLHIFFAX56DA,7,67.26,共用部份,鋼筋混凝土造,95年7月10日,十四層,
RPRNMLSKLHIFFAX07CA,19,132.22,住家用,鋼筋混凝土造,83年8月31日,七層,三層 見其他登記事項
RPPNMLLLLHIFFAX88CA,,28.18,住家用,造,,一層,一層 見其他登記事項
RPPNMLSKLHIFFAX86CA,7,107.67,集合住宅,鋼筋混凝土造,95年7月10日,十四層,九層 陽台
RPPNMLSKLHIFFAX86CA,7,68.15,共用部份,鋼筋混凝土造,95年7月10日,十四層,
RPWNMLPLLHIFFAX47DA,1,248.38,住家用,鋼筋混凝土造,101年7月13日,四層,一層 二層 三層 四層 見其他登記事項
RPQNMLLKMHIFFAX98CA,2,727.77,住商用,鋼筋混凝土造,99年9月30日,四層,一層 二層 三層 四層 水箱 見其他登記事項
RPTNMLLLLHIFFAX66CA,13,179.96,住家用,鋼筋混凝土造,88年11月20日,三層,一層 二層 三層 電梯樓梯間 見其他登記事項
RPQNMLSLLHIFFAX17DA,22,81.60,住家用,鋼筋混凝土加強磚造,79年12月1日,二層,一層 二層
RPPNMLQLLHIFFAX86DA,33,96.32,住商用,鋼筋混凝土造,69年2月11日,五層,一層 二層 三層 四層 五層
RPSNMLMJMHIFFAX66DA,6,942.49,住宅、補習班,鋼筋混凝土造,96年3月30日,四層,一層 二層 三層 四層 陽台 電梯樓梯間
RPQNMLMJMHIFFAX98CA,18,188.87,住商用,鋼筋混凝土造,84年7月4日,三層,一層 二層 三層 電梯樓梯間 見其他登記事項
RPPNMLTLLHIFFAX07CA,22,80.80,住家用,鋼筋混凝土加強磚造,79年12月1日,二層,一層 二層
RPOOMLPLLHIFFAX66CA,38,79.61,住家用,鋼筋混凝土加強磚造,63年10月7日,二層,一層 二層 電梯樓梯間
RPRNMLTJMHIFFAX27DA,33,75.68,住家用,鋼筋混凝土加強磚造,69年8月6日,二層,一層 二層 電梯樓梯間
RPUNMLQJMHIFFAX17CA,51,61.74,住商用,鋼筋混凝土加強空心磚造,51年8月10日,二層,一層 二層
RPQNMLNJMHIFFAX09CA,28,45.20,住家用,鋼筋混凝土加強磚造,73年12月11日,二層,一層 二層 電梯樓梯間
RPQNMLNJMHIFFAX09CA,28,45.20,住家用,鋼筋混凝土加強磚造,73年12月11日,二層,一層 二層 電梯樓梯間
RPPNMLLKMHIFFAX88CA,32,106.92,住家用,鋼筋混凝土加強磚造,69年10月1日,三層,一層 二層 三層
RPTNMLMKMHIFFAX76CA,5,193.43,住家用,鋼筋混凝土造,97年2月1日,三層,一層 二層 三層 見其他登記事項
RPWNMLMKMHIFFAX07CA,,229.86,住家用,鋼筋混凝土造,101年12月6日,三層,一層 二層 三層 見其他登記事項
RPXNMLMKMHIFFAX17CA,,229.86,住家用,鋼筋混凝土造,101年12月6日,三層,一層 二層 三層 見其他登記事項
RPPNMLKLMHIFFAX88CA,34,179.76,住家用,鋼筋混凝土加強磚造,68年5月12日,四層,一層 二層 三層 四層 地下層
RPQNMLKMMHIFFAX09CA,7,114.38,集合住宅,鋼筋混凝土造,95年7月10日,十四層,六層 陽台
RPQNMLKMMHIFFAX09CA,7,72.35,共用部份,鋼筋混凝土造,95年7月10日,十四層,
RPRNMLPKMHIFFAX86CA,,236.87,住家用,鋼筋混凝土造,102年3月6日,三層,一層 二層 三層 見其他登記事項 見其他登記事項
RPSNMLQKMHIFFAX07CA,7,126.96,集合住宅,鋼筋混凝土造,95年6月29日,十四層,六層 陽台
RPSNMLQKMHIFFAX07CA,7,84.55,共用部份,鋼筋混凝土造,95年6月29日,十四層,
RPWNMLLJNHIFFAX96CA,21,188.49,住家用,鋼筋混凝土造,81年7月1日,三層,一層 二層 三層 電梯樓梯間
RPSNMLKMMHIFFAX66CA,27,96.00,住家用,鋼筋混凝土加強磚造,74年11月27日,二層,一層 二層 電梯樓梯間
RPPNMLMLMHIFFAX56DA,29,122.80,住家用,鋼筋混凝土造,73年6月21日,三層,一層 二層 三層
RPQNMLTKMHIFFAX17CA,29,122.80,住家用,鋼筋混凝土造,73年6月21日,三層,一層 二層 三層
RPQNMLOLMHIFFAX76CA,,229.86,住家用,鋼筋混凝土造,101年12月6日,三層,一層 二層 三層 見其他登記事項
RPUNMLKMMHIFFAX86CA,38,39.30,國民住宅,鋼筋加強造,64年4月16日,一層,一層
RPUNMLLJNHIFFAX86DA,29,116.05,住家用,鋼筋混凝土加強磚造,73年8月23日,三層,一層 二層 三層
RPWNMLOJNHIFFAX27CA,14,102.39,住家用,鋼筋混凝土造,87年11月18日,五層,一層 陽台 花台 夾層
RPPNMLMJNHIFFAX98CA,,49.59,住家用,造,,一層,一層
RPXNMLKMMHIFFAX17CA,,236.87,住家用,鋼筋混凝土造,102年3月6日,三層,一層 二層 三層 見其他登記事項 見其他登記事項
RPQNMLRKNHIFFAX17DA,,229.55,住商用,鋼筋混凝土造,102年3月5日,三層,一層 二層 三層 見其他登記事項 見其他登記事項
RPQNMLRJNHIFFAX07DA,15,187.78,住家用,鋼筋混凝土造,87年5月9日,三層,一層 二層 三層 水箱 見其他登記事項
RPQOMLOJNHIFFAX76CA,33,100.80,住家用,鋼筋混凝土加強磚造,69年4月1日,二層,一層 二層 電梯樓梯間
RPSNMLRKNHIFFAX37DA,,320.75,住商用,鋼筋混凝土造,102年3月5日,四層,一層 二層 三層 四層 見其他登記事項 見其他登記事項
RPSNMLRKNHIFFAX37DA,,246.63,住商用,鋼筋混凝土造,102年3月5日,四層,一層 二層 三層 四層 見其他登記事項 見其他登記事項
RPUNMLRKNHIFFAX47CA,51,41.18,住商用,鋼筋混凝土加強空心磚造,51年8月10日,二層,一層 二層
