﻿編號,土地位置,土地移轉面積(平方公尺),使用分區或編定,權利人持分分母,權利人持分分子,移轉情形,地號
The serial number, land position,land shifting area square meter,the use zoning or compiles and checks,,,,land parcel
RPXNMLNJQHKFFGL37CC,成功段,668.11,都市：工,,,,17820000
RPQOMLNJQHKFFAB87DC,三民段七小段,21.46,都市：住,,,,00070059
RPXNMLOJQHKFFCL07CC,南勢坑段埔子小段,635.00,都市：住,,,,01640032
RPPNMLMJQHKFFCB67CC,上石碑段,37.85,都市：住,,,,11150029
RPPOMLOJQHKFFAB77CC,麻園頭段,94.00,都市：住,,,,09140004
RPPOMLOJQHKFFAB77CC,麻園頭段,94.00,都市：住,,,,09140003
RPSOMLNJQHKFFHL07CC,豐中段,22.31,都市：住,,,,00700000
RPXNMLOJQHKFFAB48CC,麻園頭段,11.68,都市：住,,,,01320000
RPUOMLOJQHKFFCB48CC,惠來厝段,79.00,都市：住,,,,06960000
RPUOMLNJQHKFFHL37DC,新坪段,43.40,都市：住,,,,02360000
RPVOMLPJQHKFFCB68CC,惠國段,.00,都市：商,,,,00240000
RPXOMLPJQHKFFBB88DC,東義段,75.00,都市：住,,,,01250010
RPQNMLPJQHKFFFL76CC,家興段,22.30,都市：住,,,,08650000
RPQNMLQJQHKFFIL17CC,藝術段,52.38,都市：住,,,,06160000
RPQPMLPJQHKFFCB28CC,惠安段,428.69,都市：住,,,,02650000
RPSNMLQJQHKFFIL37CC,東園段,71.19,非都市：鄉村區 ; 非都市編定：乙種建築用地,,,,01550000
RPTNMLPJQHKFFFL07CC,家興段,333.67,都市：住,,,,01410000
RPRNMLPJQHKFFFL86CC,家興段,22.10,都市：住,,,,01410000
RPVPMLPJQHKFFCB78CC,田心段,128.70,都市：住,,,,05060000
RPSQMLQJQHKFFCB68CC,國安段,9.32,都市：住,,,,05930135
RPTPMLQJQHKFFCB68CC,永春段,414.71,都市：住,,,,00090000
RPSOMLRJQHKFFCB58CC,下石碑段,17.60,都市：住,,,,09530002
RPQPMLRJQHKFFCB48CC,國安段,.00,都市：住,,,,05930491
RPOPMLRJQHKFFCB28CC,上石碑段,13.46,都市：住,,,,16170000
RPWOMLRJQHKFFCB98CC,國安段,.00,都市：住,,,,00120015
RPSNMLQJQHKFFCB38CC,大進段,19.80,都市：住,,,,06170000
RPOQMLRJQHKFFCB38CC,惠民段,9.31,都市：其他:第一種新市政中心專用區,,,,00840000
RPSPMLRJQHKFFCB68CC,上石碑段,4.82,都市：商,,,,18000007
RPXOMLRJQHKFFAB88CC,花園段六小段,5.47,都市：住,,,,00040028
RPVQMLRJQHKFFCB09CC,西屯段,11.42,都市：住,,,,07750000
RPOPMLRJQHKFFAB08CC,頂橋子頭段,80.00,都市：住,,,,04450000
RPWQMLRJQHKFFCB66DC,福星段,22.02,都市：住,,,,06040000
RPXNMLRJQHKFFCB09DC,西屯段,40.00,都市：住,,,,19150006
RPPNMLRJQHKFFBL09CC,幼獅段,2366.00,非都市：工業區 ; 非都市編定：丁種建築用地,,,,11280000
RPPNMLRJQHKFFBL09CC,幼獅段,4.00,非都市：工業區 ; 非都市編定：丁種建築用地,,,,11300001
RPPNMLRJQHKFFBL09CC,幼獅段,1728.00,非都市：工業區 ; 非都市編定：丁種建築用地,,,,11290000
RPSNMLRJQHKFFHL47DC,東平段,19.95,都市：住,,,,14320000
RPQNMLRJQHKFFBL56CC,孔門段,135.00,都市：商,,,,01820000
RPVNMLKKQHKFFAB18EC,大益段,30.48,都市：住,,,,06320000
RPSNMLKKQHKFFGL66CC,螺潭段,67.00,非都市：鄉村區 ; 非都市編定：乙種建築用地,,,,00250042
RPQOMLKKQHKFFAB57CC,土庫段,37.00,都市：住,,,,00580025
RPSOMLKKQHKFFAB77CC,頂橋子頭段,4.23,都市：住,,,,00950055
RPSPMLKKQHKFFBB97CC,中清段,4.23,都市：住,,,,00720000
RPSOMLRJQHKFFBB48CC,東正段,15.44,都市：商,,,,01040000
RPPQMLOJQHKFFBB08CC,東正段,20.91,都市：住,,,,01430000
RPUOMLRJQHKFFBB68CC,賴厝?段,81.00,都市：住,,,,03480033
RPPPMLNJQHKFFBB87CC,松觀段,5.57,都市：住,,,,10370000
RPPPMLNJQHKFFBB87CC,松觀段,4.16,都市：住,,,,10380000
RPPPMLNJQHKFFBB87CC,松觀段,3.06,都市：住,,,,10570000
RPTRMLKKQHKFFBB38DC,陳平段,32.00,都市：住,,,,18510035
RPTRMLKKQHKFFBB38DC,陳平段,42.00,都市：住,,,,18550001
RPXRMLLKQHKFFCB88CC,黎明段,24.93,都市：住,,,,03690000
RPSNMLLKQHKFFAB77CC,土庫段,.00,都市：商,,,,02890000
RPUNMLLKQHKFFAB97CC,麻園頭段,16.67,都市：住,,,,01320000
RPROMLLKQHKFFAB77CC,後?子段,21.00,都市：其他:,,,,01630033
RPPPMLLKQHKFFBB87DC,賴厝?段,6.43,都市：住,,,,01120072
RPTNMLLKQHKFFFL86DC,甘潭段,78.22,都市：住,,,,01530000
RPSOMLMKQHKFFAB08DC,下橋子頭段,2627.00,都市：其他:,,,,01340000
RPSOMLMKQHKFFAB08DC,下橋子頭段,2161.00,都市：其他:,,,,01360013
RPOPMLMKQHKFFBB87DC,青田段,1291.00,都市：其他:道路用地,,,,02980000
RPOPMLMKQHKFFBB87DC,青田段,98.00,都市：其他:道路用地,,,,02980001
RPOPMLMKQHKFFBB87DC,青田段,502.00,都市：其他:機關用地,,,,02980002
RPQPMLMKQHKFFBB08DC,仁德段,139.00,都市：住,,,,00580000
RPSNMLMKQHKFFGL86CC,東榮段,.00,都市：住,,,,10260000
RPPOMLLKQHKFFCB77CC,惠民段,.00,都市：其他:,,,,00120000
RPORMLRJQHKFFCB48CC,三塊厝段,33.07,都市：住,,,,09820000
RPQOMLKKQHKFFCB77CC,何安段,4.90,都市：住,,,,09730000
RPXOMLKKQHKFFCB48CC,豐富段,20.48,都市：商,,,,04210000
RPSQMLLKQHKFFCB28CC,中正段,8.49,都市：商,,,,01550000
RPROMLKKQHKFFCB87CC,民安段,81.93,都市：住,,,,18380013
RPWNMLLKQHKFFCB38CC,中正段,4023.00,都市：住,,,,01550000
RPSNMLKKQHKFFCB87CC,中正段,2540.00,都市：住,,,,01550001
RPSOMLKKQHKFFCB97CC,何安段,4.10,都市：住,,,,09730000
RPRNMLMKQHKFFCB97CC,寶文段,.00,都市：工,,,,00890015
RPTOMLNKQHKFFCB38CC,惠民段,21.81,都市：其他:新市政中心專用區,,,,01380000
RPWNMLMKQHKFFCB48CC,上石碑段,.00,都市：商,,,,14460008
RPWNMLMKQHKFFCB48CC,上石碑段,.00,都市：商,,,,14550000
RPUOMLNKQHKFFCB48CC,大新段,28.22,都市：住,,,,03470000
RPXNMLMKQHKFFCB58CC,下石碑段,.00,都市：住,,,,09530002
RPSPMLNKQHKFFBB28CC,東山段,22.52,都市：住,,,,00610000
RPSQMLNKQHKFFCB48CC,惠民段,22.68,都市：其他:新市政中心專用區,,,,01380000
RPSOMLNKQHKFFFL96CC,西員寶段,98.00,都市：住,,,,01920020
RPPOMLOKQHKFFFL76CC,大富段,79.00,都市：農,,,,02710007
RPPOMLOKQHKFFFL76CC,大富段,605.34,都市：農,,,,02710042
RPPOMLOKQHKFFFL76CC,大富段,60.89,都市：農,,,,02700000
RPPOMLOKQHKFFFL76CC,大富段,21.89,都市：農,,,,02690003
RPPOMLOKQHKFFFL76CC,大富段,28.19,都市：農,,,,02690001
RPPOMLOKQHKFFFL76CC,大富段,85.52,都市：農,,,,02710005
RPPOMLOKQHKFFFL76CC,大富段,389.07,都市：農,,,,02710008
RPPOMLOKQHKFFFL76CC,大富段,59.99,都市：農,,,,02710027
RPPOMLOKQHKFFFL76CC,大富段,5.75,都市：農,,,,02710037
RPPOMLOKQHKFFFL76CC,大富段,10.84,都市：農,,,,02710038
RPPOMLOKQHKFFFL76CC,大富段,10.80,都市：農,,,,02710039
RPPNMLOKQHKFFCL09DC,南簡段,89.00,都市：住,,,,00980014
RPUOMLOKQHKFFBB48CC,東光段,54.00,都市：住,,,,01000000
RPSOMLNKQHKFFAB08CC,後?子段,.00,非都市： ; 非都市編定：,,,,00970002
RPSOMLNKQHKFFAB08CC,後?子段,.00,非都市： ; 非都市編定：,,,,01020000
RPQQMLOKQHKFFAB18CC,樹子腳段,.00,都市：住,,,,00540000
RPPQMLOKQHKFFAB08CC,下橋子頭段,9.41,都市：住,,,,02180117
RPUNMLMKQHKFFAB08CC,下橋子頭段,1.74,都市：商,,,,02170014
RPTNMLMKQHKFFAB97CC,下橋子頭段,1.72,都市：商,,,,02170014
RPTQMLOKQHKFFCB68CC,何厝段,.00,都市：商,,,,00890013
RPSQMLOKQHKFFCB58CC,惠民段,14.43,都市：其他:新市政中心專用區,,,,01380000
RPVQMLOKQHKFFCB88CC,何厝段,.00,都市：商,,,,00890013
RPUQMLOKQHKFFCB78CC,田心段,110.00,都市：住,,,,09450006
RPPQMLRKQHKFFCB58CC,大進段,22.48,都市：住,,,,08470000
RPUOMLRKQHKFFAB68CC,大益段,26.01,都市：住,,,,09650000
RPXQMLRKQHKFFAB56CC,下橋子頭段,1.72,都市：商,,,,02170014
RPTPMLRKQHKFFBB78CC,水源段,160.00,都市：商,,,,02450167
RPVNMLRKQHKFFHL87DC,吉祥段,6.88,非都市：鄉村區 ; 非都市編定：乙種建築用地,,,,04200000
RPVNMLRKQHKFFHL87DC,吉祥段,2.67,非都市：鄉村區 ; 非都市編定：乙種建築用地,,,,04250000
RPVNMLRKQHKFFHL87DC,吉祥段,15.72,非都市：鄉村區 ; 非都市編定：乙種建築用地,,,,04270000
RPVNMLRKQHKFFHL87DC,吉祥段,13.09,非都市：鄉村區 ; 非都市編定：乙種建築用地,,,,04350000
RPVNMLRKQHKFFHL87DC,吉祥段,4.19,非都市：鄉村區 ; 非都市編定：乙種建築用地,,,,04370000
RPVNMLRKQHKFFHL87DC,吉祥段,.33,非都市：鄉村區 ; 非都市編定：乙種建築用地,,,,04380000
RPVNMLRKQHKFFHL87DC,吉祥段,5.27,非都市：鄉村區 ; 非都市編定：乙種建築用地,,,,04390000
RPRPMLRKQHKFFAB48CC,麻園頭段,27.30,都市：住,,,,03090000
RPVNMLRKQHKFFAL07CC,豐原段,75.00,都市：住,,,,04010005
RPTOMLRKQHKFFBB78DC,邱厝子段,116.00,都市：住,,,,00170048
RPOOMLRKQHKFFAL09CC,東湳段,66.36,都市：農,,,,01390000
RPOOMLRKQHKFFAL09CC,東湳段,684.59,都市：農,,,,01350006
RPOOMLRKQHKFFAL09CC,東湳段,23.93,都市：農,,,,01360003
RPSPMLRKQHKFFBB78DC,松茂段,107.00,都市：住,,,,10970009
RPUNMLRKQHKFFCL17CC,榔段,5.00,都市：住,,,,08210033
RPUNMLRKQHKFFCL17CC,榔段,66.00,都市：住,,,,08210055
RPXNMLSKQHKFFAL47DC,泉州段,674.20,都市：工,,,,10840000
RPXNMLSKQHKFFAL47DC,泉州段,605.01,都市：工,,,,10850000
RPRNMLSKQHKFFAB38CC,下橋子頭段,5.52,都市：商,,,,02170014
RPQNMLSKQHKFFAB28CC,下橋子頭段,1.83,都市：商,,,,02170014
RPUOMLSKQHKFFAB78CC,樹子腳段,1.30,都市：住,,,,00390000
RPVOMLSKQHKFFAB88CC,樹子腳段,1.96,都市：住,,,,00390000
RPPPMLSKQHKFFAB38CC,樹子腳段,5.76,都市：住,,,,00390000
RPQNMLTKQHKFFAL86DC,陽明段,84.00,都市：住,,,,12010000
RPQPMLTKQHKFFAB58CC,公館段,1.51,都市：住,,,,00620001
RPQPMLTKQHKFFAB58CC,公館段,1.31,都市：住,,,,00630001
RPROMLTKQHKFFAB68DC,後?子段,50.00,都市：住,,,,03140076
RPROMLTKQHKFFAB68DC,後?子段,1.00,都市：住,,,,03150006
RPOOMLTKQHKFFCB58DC,上石碑段,5.28,都市：住,,,,13010000
RPOOMLTKQHKFFGL27CC,大仁段,.00,都市：住,,,,01160000
RPOOMLTKQHKFFGL27CC,大仁段,.00,都市：住,,,,01210000
RPOOMLTKQHKFFGL27CC,涼傘樹段,.00,都市：住,,,,00840074
RPOQMLNKQHKFFCB08CC,惠國段,.00,都市：其他:新市政專用區,,,,00240000
RPQQMLNKQHKFFCB28CC,惠民段,13.94,都市：其他:新市政中心專用區,,,,01380000
RPXNMLTKQHKFFFL97CC,四德段,59.00,都市：住,,,,00900022
RPPQMLNKQHKFFCB18CC,惠民段,21.81,都市：其他:新市政中心專用區,,,,01380000
RPQPMLNKQHKFFCB18CC,惠民段,11.78,都市：其他:新市政中心專用區,,,,01110000
RPVOMLNKQHKFFCB58CC,惠民段,31.68,都市：其他:新市政中心專用區,,,,01380000
RPSNMLTKQHKFFAL96CC,新水源段,65.91,都市：工,,,,06830000
RPOOMLTKQHKFFFL17CC,學雅段,73.99,都市：住,,,,07060000
RPOOMLTKQHKFFFL17CC,學雅段,135.01,都市：住,,,,07070000
RPOPMLSKQHKFFCB48CC,何安段,4.08,都市：住,,,,09730000
RPUNMLTKQHKFFCB98CC,惠義段,89.87,都市：商,,,,01310000
RPVPMLKLQHKFFCB48CC,上石碑段,4.82,都市：商,,,,18000007
RPTNMLKLQHKFFCB08CC,上石碑段,.06,都市：商,,,,26710016
RPTNMLKLQHKFFCB08CC,上石碑段,.00,都市：商,,,,26730001
RPTNMLKLQHKFFCB08CC,上石碑段,.97,都市：商,,,,26780000
RPTNMLKLQHKFFCB08CC,上石碑段,.18,都市：商,,,,26790002
RPTNMLKLQHKFFCB08CC,上石碑段,4.02,都市：商,,,,26800000
RPTNMLKLQHKFFCB08CC,上石碑段,.07,都市：商,,,,26930001
RPROMLLLQHKFFCB08CC,下石碑段,.00,都市：住,,,,22720010
RPSOMLLLQHKFFCB18CC,下石碑段,.00,都市：住,,,,22720010
RPQPMLLLQHKFFBB97CC,陳平段,50.00,都市：住,,,,18510041
RPQOMLLLQHKFFCB08DC,豐業段,30.26,都市：住,,,,01980000
RPOOMLKLQHKFFAB47CC,樹子腳段,4.70,都市：住,,,,00390000
RPUOMLKLQHKFFAB08CC,樹子腳段,8.75,都市：住,,,,00390000
RPSOMLKLQHKFFAB87CC,樹子腳段,1.93,都市：住,,,,00390000
RPVOMLKLQHKFFAB18CC,樹子腳段,8.75,都市：住,,,,00390000
RPPOMLKLQHKFFAB57CC,樹子腳段,1.93,都市：住,,,,00390000
RPVNMLKLQHKFFAB08CC,樹子腳段,18.94,都市：住,,,,00670009
RPTNMLKLQHKFFAB87CC,麻園頭段,13.96,都市：住,,,,01320000
RPUTMLOLQHKFFBB09CC,邱厝子段,2.53,都市：商,,,,00310062
RPUTMLOLQHKFFBB09CC,賴厝?段,3.16,都市：商,,,,00310003
RPXNMLOLQHKFFHL87DC,宜欣段,5.13,都市：住,,,,21440000
RPSTMLOLQHKFFBB88CC,東峰段,9.74,都市：商,,,,01580000
RPSNMLOLQHKFFBL66CC,賢仁段,99.22,都市：住,,,,09790000
RPTUMLPLQHKFFFL97CC,大新段,77.40,都市：農,,,,05160021
RPUUMLPLQHKFFFL08CC,潭富段,.00,都市：工,,,,00410000
RPQOMLPLQHKFFAL56CC,車路墘段車路墘小段,87.00,都市：住,,,,00540027
RPROMLPLQHKFFAL66CC,車路墘段車路墘小段,58.00,都市：住,,,,00020025
RPQNMLPLQHKFFHL27DC,宜欣段,6.49,都市：住,,,,21440000
RPPNMLPLQHKFFIL17CC,遠東段,13.31,非都市： ; 非都市編定：,,,,01760000
RPPNMLPLQHKFFIL17CC,遠東段,64.01,非都市： ; 非都市編定：,,,,01820000
RPVOMLPLQHKFFCL37DC,南勢坑段埔子小段,78.00,都市：住,,,,00370022
RPTUMLPLQHKFFBB56CC,昌平段,71.68,都市：其他:,,,,02520004
RPSUMLPLQHKFFBB09CC,昌平段,71.68,都市：其他:,,,,02520004
RPVUMLPLQHKFFBB76CC,景東段,98.45,都市：住,,,,03140012
RPOQMLOLQHKFFCB28CC,國安段,.00,都市：住,,,,05930489
RPRNMLMLQHKFFCB08CC,中正段,6.47,都市：商,,,,01550000
RPWNMLPLQHKFFCB88CC,惠民段,11.77,都市：其他:第一種新市政中心專用區,,,,00840000
RPSNMLMLQHKFFCB18CC,惠民段,.00,非都市： ; 非都市編定：,,,,01110000
RPXNMLPLQHKFFCB98CC,惠民段,10.50,都市：其他:第一種新市政中心專用區,,,,00840000
RPROMLPLQHKFFCB48CC,何安段,4.14,都市：住,,,,09730000
RPXOMLKLQHKFFAB38CC,樹子腳段,14.54,都市：住,,,,05910000
RPXNMLOLQHKFFAB68CC,麻園頭段,19.50,都市：住,,,,01810000
RPQNMLMLQHKFFAB77CC,下橋子頭段,5.18,都市：商,,,,02170014
RPTOMLPLQHKFFAB48CC,大益段,26.80,都市：住,,,,05230000
RPTOMLPLQHKFFAB48CC,大益段,8.18,都市：住,,,,05230001
RPRNMLMLQHKFFAB87CC,下橋子頭段,3.42,都市：商,,,,02170014
RPWRMLQLQHKFFBB66CC,東峰段,9.65,都市：商,,,,01580000
RPVNMLQLQHKFFAB68CC,麻園頭段,2937.00,都市：住,,,,01300002
RPVOMLQLQHKFFCB09DC,田心段,6.61,都市：住,,,,18140000
RPSNMLQLQHKFFAL76CC,一心段,127.74,都市：住,,,,01630000
RPPNMLQLQHKFFAL09CC,南村段,41.12,都市：商,,,,02870000
RPRNMLQLQHKFFAL66CC,一心段,127.74,都市：住,,,,01630000
RPSOMLRLQHKFFAL96CC,后義段,62.38,都市：住,,,,09160000
RPTNMLOLQHKFFGL27CC,長春段,77.86,都市：住,,,,03690000
RPTNMLOLQHKFFGL27CC,長春段,19.20,都市：住,,,,03680000
RPROMLRLQHKFFBB58CC,水源段,7.93,都市：住,,,,02660000
RPXPMLRLQHKFFBB66CC,錦村段,134.00,都市：商,,,,03570010
RPSPMLRLQHKFFBB78CC,邱厝子段,86.55,都市：住,,,,01480561
RPUOMLQLQHKFFCB88CC,中正段,6.72,都市：商,,,,01550000
RPUOMLPLQHKFFCB78CC,上石碑段,4.47,都市：商,,,,18000007
RPWOMLPLQHKFFCB98CC,上石碑段,2.95,都市：商,,,,17900000
RPSOMLPLQHKFFCB58CC,中正段,7.84,都市：商,,,,01550000
RPXOMLPLQHKFFCB09CC,大新段,.00,都市：住,,,,00290000
RPWOMLRLQHKFFAB98CC,後?子段,61.73,都市：住,,,,03810016
RPQOMLRLQHKFFAB38CC,麻園頭段,16.16,都市：住,,,,01320000
RPXNMLSLQHKFFCB66CC,民安段,1500.58,都市：住,,,,19030000
RPSNMLSLQHKFFCB78CC,西屯段,252.00,都市：住,,,,20740000
RPQOMLRLQHKFFCB58CC,大墩段,21.18,都市：住,,,,04030000
RPRNMLSLQHKFFCB68CC,西屯段,108.00,都市：住,,,,30570000
RPQNMLRLQHKFFCB48CC,中正段,5.67,都市：商,,,,01550000
RPUPMLSLQHKFFCB56CC,惠民段,73.27,都市：住,,,,00840000
RPWOMLQLQHKFFCB09CC,中正段,5.31,都市：商,,,,01550000
RPTNMLRLQHKFFCB78CC,中和段,8.53,都市：商,,,,04190000
RPQPMLSLQHKFFCB78CC,下石碑段,.00,都市：住,,,,09530002
RPSOMLRLQHKFFCB78CC,安林段,60.43,都市：住,,,,04500089
RPSQMLSLQHKFFCB09CC,大墩段,1221.00,都市：住,,,,04400000
RPSNMLLMQHKFFAL98CC,三陽段,136.36,都市：住,,,,06230000
RPSNMLLMQHKFFAL98CC,三陽段,132.50,都市：住,,,,06230001
RPRNMLTLQHKFFCB78CC,大新段,12.49,都市：商,,,,03710000
RPQNMLSLQHKFFAB38CC,中墩段四小段,17.00,都市：商,,,,00530002
RPQNMLSLQHKFFAB38CC,中墩段四小段,47.00,都市：商,,,,00530003
RPQNMLSLQHKFFAB38CC,中墩段四小段,15.00,都市：商,,,,00530012
RPQNMLSLQHKFFAB38CC,中墩段四小段,34.00,都市：商,,,,00530013
RPQNMLSLQHKFFAB38CC,中墩段四小段,9.00,都市：商,,,,00540000
RPQNMLSLQHKFFAB38CC,中墩段四小段,17.00,都市：商,,,,00540001
RPQNMLSLQHKFFAB38CC,中墩段四小段,4.00,都市：商,,,,00560000
RPQNMLSLQHKFFAB38CC,中墩段四小段,60.00,都市：商,,,,00580005
RPQNMLSLQHKFFAB38CC,中墩段四小段,36.00,都市：商,,,,00580015
RPWNMLLJRHKFFAB28DC,下橋子頭段,73.00,都市：住,,,,02470238
RPTOMLLMQHKFFCB38CC,大明段,354.00,都市：住,,,,03010000
RPUNMLLMQHKFFAL56CC,三陽段,107.19,都市：住,,,,06250001
RPTNMLLJRHKFFHL96CC,育賢段,251.24,都市：住,,,,01260000
RPPPMLLJRHKFFCB87CC,豐功段,25.72,都市：其他:,,,,01580000
RPQOMLLJRHKFFCB87CC,新富段,209.33,都市：商,,,,06110000
RPVRMLLJRHKFFCB68CC,黎明段,14.05,都市：住,,,,00310000
RPTOMLLJRHKFFAB97CC,後?子段,74.00,都市：商,,,,02640018
RPTOMLLJRHKFFAB97CC,後?子段,9.80,都市：商,,,,02640022
RPTOMLLJRHKFFAB97CC,後?子段,1.57,都市：住,,,,02640100
RPROMLLJRHKFFBB87CC,邱厝子段,2.39,都市：商,,,,00310062
RPROMLLJRHKFFBB87CC,賴厝?段,2.97,都市：商,,,,00310003
RPPNMLMJRHKFFBB67CC,景美段,.00,非都市： ; 非都市編定：,,,,03340000
RPOOMLMJRHKFFCB77CC,上石碑段,21.35,都市：住,,,,18120000
RPPNMLNJRHKFFFL56CC,民生段,6.70,都市：住,,,,05980001
RPQTMLNJRHKFFBB58DC,邱厝子段,29.00,都市：住,,,,00310011
RPVNMLLJRHKFFBB18CC,邱厝子段,3.86,都市：商,,,,00310062
RPVNMLLJRHKFFBB18CC,賴厝?段,4.81,都市：商,,,,00310003
RPSNMLNJRHKFFGL07DC,大仁段,95.41,都市：住,,,,03820004
RPVNMLNJRHKFFCB48CC,大墩段,12.31,都市：住,,,,04690000
RPOOMLMJRHKFFGL56CC,成功段,6.32,都市：其他:,,,,04400000
RPOOMLMJRHKFFGL56CC,成功段,105.02,都市：其他:,,,,04410000
RPONNLNJRHKFFBB77CC,中興段,5.41,都市：住,,,,03820000
RPSOMLNJRHKFFCB28CC,中正段,4.95,都市：商,,,,01550000
RPSRMLNJRHKFFCB58CC,中正段,5.27,都市：商,,,,01550000
RPVNNLNJRHKFFBB48CC,和平段,132.44,都市：住,,,,02210002
RPWOMLOJRHKFFBB68CC,賴厝?段,14.29,都市：住,,,,03330000
RPSOMLOJRHKFFAB18CC,麻園頭段,12.38,都市：商,,,,00390000
RPTNMLNJRHKFFAB08CC,半平厝段,4666.00,都市：其他:,,,,19720000
RPQOMLNJRHKFFAB87CC,下橋子頭段,.00,都市：住,,,,00330021
RPQPMLOJRHKFFAB08CC,樹子腳段,15.81,都市：住,,,,05910000
RPPPMLOJRHKFFAB97CC,樹子腳段,1.95,都市：住,,,,00390000
RPXOMLLJRHKFFAB38CC,大益段,11.44,都市：住,,,,10620000
RPSNMLPJRHKFFBB28CC,平田段,24.15,都市：住,,,,02440000
RPUNMLPJRHKFFBB48CC,松昌段,.00,非都市： ; 非都市編定：,,,,04870000
RPXNMLRJRHKFFGL87CC,新榮泉段,30.17,都市：其他:,,,,01570000
RPXNMLRJRHKFFCB09CC,田心段,.00,都市：商,,,,10320000
RPWOMLRJRHKFFCB09CC,永新段,1353.02,都市：住,,,,01510000
RPXNMLSJRHKFFCB56CC,中正段,8.49,都市：商,,,,01550000
RPPPMLOJRHKFFCB18CC,黎明段,24.07,都市：住,,,,03690000
RPUNMLRJRHKFFCB78CC,惠民段,.00,都市：其他:,,,,01090000
RPUOMLOJRHKFFCB58CC,何安段,4.10,都市：住,,,,09730000
RPXRMLNJRHKFFCB09CC,惠義段,127.30,都市：住,,,,01260000
RPXNMLOJRHKFFCB78CC,中正段,7.04,都市：商,,,,01550000
RPPOMLOJRHKFFCB08CC,上石碑段,14.34,都市：商,,,,09640002
RPSPMLSJRHKFFCB88CC,大進段,15.42,都市：住,,,,06170000
RPXOMLSJRHKFFCB66CC,惠國段,.00,都市：其他:新市政專用區,,,,00240000
RPPPMLSJRHKFFCB58CC,惠國段,.00,都市：其他:新市政專用區,,,,00240000
RPPOMLSJRHKFFBB38CC,中興段,31.75,都市：住,,,,01660000
RPUOMLSJRHKFFAB78CC,下橋子頭段,5.27,都市：商,,,,02170014
RPTPMLSJRHKFFCB98CC,惠民段,15.74,都市：其他:新市政中心專用區,,,,01110000
RPWOMLSJRHKFFCB56CC,惠國段,.00,都市：其他:新市政專用區,,,,00240000
RPTOMLSJRHKFFAB68CC,下橋子頭段,1.83,都市：商,,,,02170014
RPVOMLSJRHKFFAB88CC,下橋子頭段,3.86,都市：商,,,,02170014
RPWOMLSJRHKFFAB98CC,麻園頭段,.00,都市：住,,,,01730023
RPQNMLTJRHKFFCB58CC,惠禮段,14.37,都市：住,,,,01520001
RPTPMLTJRHKFFCB09CC,大進段,15.68,都市：住,,,,02140000
RPRPMLTJRHKFFCB88CC,大進段,7.81,都市：住,,,,07880000
RPXNMLTJRHKFFGL08CC,新榮泉段,31.26,都市：住,,,,01600000
RPQPMLTJRHKFFBB78DC,東義段,9.08,都市：住,,,,02160000
RPPNMLTJRHKFFAL76DC,大順段,85.81,都市：其他:住商用,,,,02670000
RPVOMLKKRHKFFCB48DC,保安段,14.07,都市：住,,,,11050000
RPXNMLKKRHKFFBB48DC,東正段,15.93,都市：商,,,,01040000
RPVPMLKKRHKFFBB48DC,中興段,25.72,都市：商,,,,02150000
RPRNMLKKRHKFFCB87CC,中義段,24.02,都市：住,,,,10710000
RPWPMLTJRHKFFCB76CC,中正段,5.55,都市：商,,,,01550000
RPOQMLTJRHKFFCB68CC,何安段,5.05,都市：住,,,,09730000
RPRQMLTJRHKFFCB98CC,上石碑段,3.40,都市：商,,,,17900000
RPPPMLSJRHKFFAB38CC,麻園頭段,43.37,都市：商,,,,08250000
RPOPMLSJRHKFFAB28CC,下橋子頭段,.00,都市：住,,,,01780026
RPQQMLTJRHKFFCB88CC,上石碑段,4.04,都市：商,,,,17900000
RPRPMLSJRHKFFAB58CC,麻園頭段,64.99,都市：住,,,,01730023
RPPQMLTJRHKFFCB78CC,惠安段,.00,都市：住,,,,00610005
RPPQMLTJRHKFFCB78CC,惠安段,.00,都市：住,,,,00610002
RPXPMLTJRHKFFCB86CC,大新段,20.64,都市：商,,,,03710000
RPSNMLKKRHKFFCB97CC,惠禮段,35.98,都市：住,,,,01450000
RPVOMLLKRHKFFAB28CC,麻園頭段,18.56,都市：住,,,,01300002
RPTOMLKKRHKFFCB18CC,民安段,15.49,都市：住,,,,18860002
RPQNMLLKRHKFFCB87CC,中仁段,.00,都市：商,,,,03360000
RPUNMLLKRHKFFAB08CC,下橋子頭段,15.26,都市：住,,,,03210000
RPRNMLLKRHKFFIL96CC,社腳段山子頂小段,236.00,都市：住,,,,01190124
RPVNMLLKRHKFFGL17CC,烏日段,68.00,都市：住,,,,07100024
RPVNMLLKRHKFFGL17CC,烏日段,2.05,都市：住,,,,07100006
RPPNMLMKRHKFFAB67CC,後?子段,90.00,都市：住,,,,01880017
RPSOMLOKRHKFFCB58DC,大新段,13.54,都市：住,,,,00290000
RPVNMLOKRHKFFGL47CC,峰西段,5.88,都市：住,,,,07290000
RPWNMLPKRHKFFGL67CC,溪南東段,1234.00,非都市：特定農業區 ; 非都市編定：農牧用地,,,,13600000
RPXNMLOKRHKFFGL67CC,向學段,82.80,都市：住,,,,00360014
RPXNMLOKRHKFFGL67CC,向學段,1.55,都市：住,,,,00360004
RPPNMLPKRHKFFFL86CC,聖宮段,673.30,都市：住,,,,11300000
RPOOMLPKRHKFFAB97CC,麻園頭段,100.00,都市：其他:,,,,09280004
RPTOMLQKRHKFFAB58CC,麻園頭段,19.48,都市：住,,,,00220000
RPVOMLLKRHKFFCB48CC,惠民段,.00,都市：其他:新五,,,,01380000
RPVNMLQKRHKFFCB88CC,豐業段,48.68,都市：住,,,,00030006
RPPPMLLKRHKFFCB97CC,西屯段,.00,都市：住,,,,20150012
RPSNMLOKRHKFFCB38CC,中義段,23.35,都市：住,,,,07870000
RPPPMLLKRHKFFCB97CC,西屯段,.00,都市：住,,,,20150013
RPXNMLOKRHKFFCB88CC,福順段,.00,非都市： ; 非都市編定：,,,,01670000
RPTQMLLKRHKFFCB48CC,惠民段,12.45,都市：其他:第六種新市政中心專用區,,,,01110000
RPQNMLPKRHKFFFL96CC,潭秀段,57.57,都市：住,,,,05830000
RPTPMLQKRHKFFCB88CC,惠國段,7.20,都市：其他:新市政中專用區,,,,01540000
RPSNMLRKRHKFFCB68CC,信安段,3107.51,都市：住,,,,08680000
RPVPMLQKRHKFFCB09CC,大新段,14.74,都市：住,,,,08650000
RPXPMLRKRHKFFAB56CC,樹子腳段,405.50,都市：工,,,,11380003
RPRPMLRKRHKFFAB58CC,公館段,68.00,都市：商,,,,00620090
RPRPMLRKRHKFFAB58CC,公館段,2.00,都市：商,,,,00620122
RPWNMLRKRHKFFCB09CC,上石碑段,39.70,都市：住,,,,05410000
RPSNMLRKRHKFFFL37CC,上楓段,63.00,都市：住,,,,11090019
RPSNMLRKRHKFFAL86CC,三陽段,78.09,都市：住,,,,00150012
RPROMLLKRHKFFBB97CC,水源段,.00,都市：商,,,,02030052
RPSPMLLKRHKFFBB18CC,乾溝子段,14.42,都市：住,,,,01700049
RPSPMLLKRHKFFBB18CC,乾溝子段,.41,都市：住,,,,01730011
RPSOMLRKRHKFFBB68CC,東正段,24.50,都市：住,,,,01110002
RPUNMLKKRHKFFBB08CC,太和段,17.58,都市：住,,,,00300000
RPSNMLSKRHKFFIL77CC,遠東段,65.19,都市：住,,,,06970000
RPSNMLSKRHKFFIL77CC,遠東段,26.40,都市：住,,,,07230000
RPVOMLSKRHKFFBB09CC,平田段,14.29,都市：住,,,,04440000
RPQOMLSKRHKFFCB68CC,惠禮段,.00,非都市： ; 非都市編定：,,,,00360000
RPUNMLTKRHKFFCB09CC,中正段,8.48,都市：商,,,,01550000
RPQNMLKLRHKFFBB77CC,松竹段,5545.00,都市：住,,,,12330000
RPVNMLLLRHKFFCB48CC,福和段,139.19,都市：住,,,,03000004
RPVNMLLLRHKFFCB48CC,福和段,264.39,都市：住,,,,03000000
RPVNMLLLRHKFFCB48CC,福和段,4.41,都市：住,,,,03000012
RPWNMLLLRHKFFCB58CC,福和段,139.19,都市：住,,,,03000004
RPTNMLTKRHKFFCB98CC,黎明段,117.09,都市：其他:,,,,01000000
RPWNMLLLRHKFFCB58CC,福和段,264.39,都市：住,,,,03000000
RPWNMLLLRHKFFCB58CC,福和段,4.41,都市：住,,,,03000012
RPSNMLMLRHKFFAB18DC,中華段三小段,1.49,都市：其他:,,,,00020021
RPQNMLMLRHKFFCL56DC,永安段,218.00,都市：住,,,,03590002
RPPNMLLLRHKFFFL56CC,上楓段,1839.00,都市：其他:市場用地,,,,12180001
RPPNMLLLRHKFFFL56CC,上楓段,1052.00,都市：商,,,,12180000
RPPNMLLLRHKFFFL56CC,上楓段,42.00,都市：其他:道路用地,,,,12190002
RPPNMLLLRHKFFFL56CC,上楓段,106.60,都市：其他:道路用地,,,,12200002
RPPNMLLLRHKFFFL56CC,上楓段,100.60,都市：其他:道地用地,,,,12210001
RPPOMLMLRHKFFCB08CC,永安段,79.20,都市：商,,,,09970000
RPQOMLMLRHKFFCB18CC,下石碑段,17.60,都市：住,,,,09530000
RPUOMLLLRHKFFCB48CC,廣明段,.00,都市：住,,,,08320000
RPXOMLMLRHKFFCB88CC,惠國段,13.12,都市：其他:新市政中專用區,,,,01540000
RPVNMLMLRHKFFCB58CC,中正段,9.74,都市：住,,,,01550000
RPSOMLMLRHKFFBB28CC,東峰段,.00,都市：住,,,,00720000
RPVPMLMLRHKFFCB78CC,國安段,9.52,都市：住,,,,05930489
RPTPMLMLRHKFFCB58CC,何安段,3.80,都市：住,,,,09730000
RPVPMLMLRHKFFBB68CC,松茂段,86.00,都市：其他:住二,,,,10460008
RPWPMLMLRHKFFBB78CC,昌平段,25.75,都市：其他:住三,,,,03640000
RPVQMLMLRHKFFBB78CC,文正段,3.26,都市：住,,,,01260004
RPPPMLMLRHKFFAB97CC,樹子腳段,.00,都市：住,,,,00020054
RPOPMLMLRHKFFAB87CC,公館段,.00,都市：商,,,,00630001
RPTOMLMLRHKFFAB28CC,土庫段,7.18,都市：商,,,,00670006
RPXNMLNLRHKFFAB68CC,後?子段,17.01,都市：住,,,,01730044
RPXNMLNLRHKFFAB68CC,後?子段,2.58,都市：住,,,,01730166
RPVNMLNLRHKFFAB48CC,旱平段,99.35,都市：住,,,,00040012
RPPOMLNLRHKFFAB97CC,下橋子頭段,.00,非都市： ; 非都市編定：,,,,02210000
RPVNMLNLRHKFFBB58CC,東正段,6.97,都市：住,,,,01040000
RPQOMLNLRHKFFAB08CC,麻園頭段,1.22,都市：住,,,,01650062
RPQOMLNLRHKFFAB08CC,麻園頭段,1.45,都市：住,,,,01650064
RPQOMLNLRHKFFAB08CC,麻園頭段,5.50,都市：住,,,,01650065
RPQOMLNLRHKFFAB08CC,麻園頭段,1.91,都市：住,,,,01690009
RPQOMLNLRHKFFAB08CC,麻園頭段,3.70,都市：住,,,,01650130
RPQOMLNLRHKFFAB08CC,麻園頭段,5.23,都市：住,,,,01690035
RPQOMLNLRHKFFAB08CC,麻園頭段,2.06,都市：住,,,,01690042
RPUOMLNLRHKFFCB68CC,國安段,13.22,都市：住,,,,05930489
RPOOMLNLRHKFFCB08CC,何厝段,17.25,都市：住,,,,02030000
RPPPMLNLRHKFFCB28CC,中正段,8.57,都市：商,,,,01550000
RPRPMLNLRHKFFCB48CC,西屯段,.00,都市：住,,,,14200001
RPRPMLNLRHKFFCB48CC,西屯段,.00,都市：住,,,,14200000
RPRPMLNLRHKFFCB48CC,西屯段,.00,都市：住,,,,14200002
RPXNMLNLRHKFFFL57CC,大新段,63.18,都市：其他:農建地,,,,05160085
RPXNMLNLRHKFFFL57CC,大新段,6.46,都市：其他:農建地,,,,05160001
RPXNMLNLRHKFFFL57CC,大新段,2.33,都市：其他:農建地,,,,05160000
RPXNMLNLRHKFFFL57CC,大新段,19.22,都市：其他:農建地,,,,05160087
RPSNMLNLRHKFFAL56CC,永豐段,129.15,都市：工,,,,07220000
RPWNMLOLRHKFFCL27CC,銀聯段,76.00,都市：住,,,,16800009
RPQOMLOLRHKFFCL76CC,武秀段,1006.00,都市：住,,,,01020000
RPROMLOLRHKFFCL86CC,武秀段,1006.00,都市：住,,,,01020000
RPTNMLOLRHKFFAL76CC,南村段,890.25,都市：其他:,,,,02650000
RPRNMLOLRHKFFCB38CC,中正段,7.84,都市：商,,,,01550000
RPUOMLOLRHKFFBB78DC,賴厝?段,6.42,都市：住,,,,00720000
RPPOMLNLRHKFFBB18DC,東義段,6.88,都市：住,,,,02160000
RPPNMLRKRHKFFBB38DC,北屯段,15.90,都市：住,,,,01680003
RPWOMLOLRHKFFBB98DC,賴厝?段,6.60,都市：住,,,,00530002
RPVNMLOLRHKFFAL96CC,社南段,1857.00,都市：其他:,,,,12320000
RPOPMLQKRHKFFCB38CC,大墩段,4.76,都市：住,,,,04640000
RPXOMLQKRHKFFCB56CC,何安段,3.80,都市：住,,,,09730000
RPVOMLQKRHKFFCB98CC,大新段,28.67,都市：住,,,,00820006
RPTOMLQKRHKFFCB78CC,上石碑段,4.89,都市：商,,,,18000007
RPVNMLOLRHKFFAB58CC,平民段三小段,19.00,都市：住,,,,00020065
RPVNMLOLRHKFFAB58CC,平民段三小段,27.00,都市：住,,,,00070051
RPVNMLOLRHKFFAB58CC,平民段三小段,266.00,都市：住,,,,00080000
RPVNMLOLRHKFFAB58CC,平民段三小段,3.00,都市：住,,,,00090029
RPPPMLOLRHKFFCB38CC,下石碑段,30.35,都市：住,,,,16910000
RPXPMLOLRHKFFCB56CC,西屯段,16.58,都市：住,,,,22620000
RPSPMLOLRHKFFCB68CC,下石碑段,27.81,都市：住,,,,09530000
RPROMLOLRHKFFCB48CC,國安段,.00,都市：其他:,,,,00120015
RPOOMLOLRHKFFCB18CC,惠國段,.00,都市：住,,,,01590000
RPWOMLOLRHKFFAB78CC,平和段,2.60,都市：商,,,,00500000
RPOPMLOLRHKFFCB28CC,惠民段,.00,都市：其他:新一,,,,00970000
RPQPMLOLRHKFFAB28CC,後?子段,.00,都市：住,,,,01170015
RPWPMLOLRHKFFAB88CC,樹子腳段,.00,都市：住,,,,00020054
RPSPMLOLRHKFFAB48CC,後?子段,100.00,都市：住,,,,02680037
RPSPMLOLRHKFFAB48CC,後?子段,327.00,都市：住,,,,02690015
RPQNMLPLRHKFFAL56CC,豐原段,64.00,都市：商,,,,06360007
RPSPMLOLRHKFFAB48CC,後?子段,39.00,都市：住,,,,02690020
RPSPMLOLRHKFFAB48CC,後?子段,450.00,都市：住,,,,02690016
RPPNMLRLRHKFFCB48CC,民安段,38.27,都市：住,,,,09070000
RPQNMLSLRHKFFAB48CC,平和段,18.17,都市：住,,,,00060023
RPQNMLSLRHKFFAB48CC,平和段,5.98,都市：住,,,,00060070
RPQNMLSLRHKFFAB48CC,公館段,2.96,都市：住,,,,01510016
RPRNMLTLRHKFFAB68CC,麻園頭段,92.00,都市：住,,,,07470000
RPQOMLKMRHKFFAB87CC,大益段,16.63,都市：住,,,,00390000
RPVOMLKMRHKFFCB58CC,大新段,14.39,都市：住,,,,08650000
RPQOMLKMRHKFFCB08CC,國安段,20.10,都市：住,,,,05930000
RPVOMLKMRHKFFAL76CC,鐮村段,50.88,非都市：特定農業區 ; 非都市編定：甲種建築用地,,,,07550000
RPTOMLKMRHKFFCB38CC,寶山段,12.36,都市：住,,,,12770000
RPWOMLKMRHKFFAL86CC,鐮村段,50.88,非都市：特定農業區 ; 非都市編定：甲種建築用地,,,,07550000
RPQPMLKMRHKFFCB18CC,大新段,14.39,都市：住,,,,08650000
RPOSMLKMRHKFFCB28CC,惠國段,10.62,都市：其他:第三種新市政中心專用區,,,,00770000
RPPNMLKMRHKFFHL86DC,宜欣段,5.44,都市：住,,,,21440000
RPWPMLKMRHKFFCB88DC,田心段,65.00,都市：住,,,,16740002
RPWPMLKMRHKFFCB88DC,田心段,3.00,都市：住,,,,16790005
RPWPMLKMRHKFFCB88DC,田心段,9.00,都市：住,,,,16800007
RPWPMLKMRHKFFCB88DC,田心段,9.00,都市：住,,,,16830005
RPQNMLKMRHKFFHL96DC,宜欣段,5.02,都市：住,,,,21440000
RPRNMLKMRHKFFFL76CC,大豐段,109.37,都市：住,,,,03060000
RPRPMLLJIIKFFCB27CC,大墩段,23.86,都市：住,,,,00510000
RPTNMLKMRHKFFHL27DC,宜欣段,9.09,都市：住,,,,19130005
RPXNMLLJIIKFFCB67CC,上石碑段,19.29,都市：住,,,,26620000
RPSNMLLJIIKFFHL78DC,宜欣段,64.00,都市：住,,,,02980000
RPUNMLKMRHKFFHL37DC,宜欣段,5.02,都市：住,,,,21440000
RPRNMLKMRHKFFHL07DC,宜欣段,5.02,都市：住,,,,21440000
RPTPMLLJIIKFFCB47CC,何厝段,18.73,都市：商,,,,02030000
RPTNMLMJIIKFFAB17CC,旱新段,109.67,都市：住,,,,01150000
RPWNMLLJIIKFFAB37CC,樹子腳段,4.87,都市：住,,,,00390000
RPTPMLMJIIKFFCB57CC,黎明段,15.62,都市：住,,,,00310000
RPPNMLNJIIKFFAB86CC,麻園頭段,.00,都市：商,,,,00730214
RPQNMLNJIIKFFCL18CC,南勢坑段埔子小段,93.00,都市：住,,,,04330054
RPPNMLNJIIKFFCB07CC,豐功段,38.96,都市：商,,,,02110000
RPOQMLMJIIKFFCB17CC,黎明段,15.62,都市：住,,,,00310000
RPURMLMJIIKFFCB87CC,上石碑段,9.32,都市：住,,,,16170000
RPRNMLNJIIKFFCB27CC,黎明段,10.43,都市：住,,,,03510000
RPXOMLPJIIKFFAB97CC,公館段,4.74,都市：商,,,,00610050
RPQQMLOLRHKFFBB48CC,東峰段,107.00,都市：住,,,,01300001
RPVOMLOLRHKFFBB78CC,軍福段,.00,非都市： ; 非都市編定：,,,,00210000
RPOOMLKMRHKFFBB77CC,中清段,24.96,都市：住,,,,01000000
RPRNMLPJIIKFFBB37CC,東峰段,6.84,都市：商,,,,01580000
RPQNMLPJIIKFFBB27CC,邱厝子段,2.56,都市：商,,,,00310062
RPQNMLPJIIKFFBB27CC,賴厝?段,3.19,都市：商,,,,00310003
RPXNMLPJIIKFFBB97CC,東峰段,6.84,都市：商,,,,01580000
RPOOMLPJIIKFFBB17CC,東峰段,6.34,都市：商,,,,01580000
RPXOMLPJIIKFFCB18CC,信安段,.00,都市：住,,,,06180000
RPRNMLQJIIKFFCB57CC,下石碑段,27.03,都市：住,,,,09530000
RPWNMLQJIIKFFCB08CC,福德段,37.88,都市：住,,,,02600000
RPSNMLQJIIKFFCB67CC,惠信段,14.04,都市：住,,,,01180000
RPXNMLQJIIKFFCB18CC,中義段,17.82,都市：住,,,,06920000
RPSOMLQJIIKFFCB77CC,上石碑段,5.76,都市：商,,,,17900000
RPVUMLKMRHKFFCB66DC,何厝段,52.00,都市：商,,,,00780145
RPVUMLKMRHKFFCB66DC,何厝段,25.00,都市：商,,,,00780136
RPOPMLQJIIKFFCB47CC,惠民段,25.84,都市：其他:新市政中心專用區,,,,01030000
RPXOMLQJIIKFFCB28CC,上石碑段,3.80,都市：商,,,,18000007
RPWOMLPJIIKFFCB18DC,豐富段,34.74,都市：住,,,,02800000
RPQPMLQJIIKFFCB67CC,中正段,8.21,都市：商,,,,01550000
RPSPMLQJIIKFFCB87CC,何安段,4.10,都市：住,,,,09730000
RPVNMLQJIIKFFAB77CC,麻園頭段,26.86,都市：住,,,,01780144
RPPNMLQJIIKFFCL38CC,民權段,76.00,都市：住,,,,14450000
RPUOMLRJIIKFFCB18DC,大新段,143.00,都市：住,,,,08260003
RPUOMLRJIIKFFCB18DC,大新段,21.00,都市：住,,,,08310021
RPWNMLPJIIKFFHL86CC,樹孝段,.00,都市：商,,,,01240000
RPRPMLRJIIKFFCB87CC,惠民段,27.44,都市：其他:第六種新市政中心專用區(新市政中心專用區),,,,00120000
RPROMLSJIIKFFCB87CC,中正段,5.91,都市：商,,,,01550000
RPSOMLSJIIKFFCB97CC,中正段,6.72,都市：商,,,,01550000
RPUOMLSJIIKFFCB18CC,上石碑段,.00,都市：住,,,,05380006
RPUOMLSJIIKFFCB18CC,上石碑段,.00,都市：住,,,,05390000
RPUOMLSJIIKFFCB18CC,上石碑段,.00,都市：住,,,,05400003
RPWOMLSJIIKFFCB38CC,大新段,2757.00,都市：住,,,,08600000
RPVPMLPJIIKFFBB08DC,東山段,15.96,都市：住,,,,03980000
RPSNMLRJIIKFFIL76CC,新東段,97.56,非都市：一般農業區 ; 非都市編定：丙種建築用地,,,,12070000
RPSNMLSJIIKFFAB67CC,公館段,89.00,都市：其他:,,,,00700033
RPUNMLSJIIKFFAB87CC,後?子段,.00,非都市： ; 非都市編定：,,,,00970002
RPUNMLSJIIKFFAB87CC,後?子段,.00,非都市： ; 非都市編定：,,,,01020000
RPSNMLSJIIKFFAL78DC,合作段,168.77,都市：住,,,,05850000
RPSNMLSJIIKFFAL78DC,合作段,180.01,都市：住,,,,05860000
RPVPMLSJIIKFFCB38CC,龍富段,2466.56,都市：住,,,,01110000
RPOPMLSJIIKFFCB67CC,豐富段,24.38,都市：住,,,,04240000
RPWNMLSJIIKFFCL66CC,公館南段,68.75,都市：農,,,,08800000
RPPNMLTJIIKFFAB47CC,半平厝段,26.50,都市：住,,,,19190000
RPQNMLTJIIKFFAB57CC,旱平段,85.94,都市：住,,,,05870008
RPQNMLTJIIKFFAB57CC,旱平段,107.21,都市：住,,,,05870011
RPUNMLSJIIKFFAL09EC,育仁段,119.77,都市：住,,,,02420000
RPUNMLTJIIKFFBB08CC,北屯段,64.00,都市：住,,,,05310029
RPUNMLTJIIKFFBB08CC,北屯段,2.00,都市：住,,,,05310018
RPUNMLTJIIKFFBB08CC,北屯段,9.00,都市：住,,,,05300007
RPQNMLTJIIKFFBB67CC,賴厝?段,3.37,都市：住,,,,03340000
RPSNMLTJIIKFFBB87CC,錦村段,32.42,都市：住,,,,02210000
RPSNMLTJIIKFFBB87CC,錦村段,2.07,都市：住,,,,02210011
RPSOMLPJIIKFFBB57CC,東山段,.00,非都市： ; 非都市編定：,,,,03730014
RPXOMLPJIIKFFBB08CC,東山段,.00,非都市： ; 非都市編定：,,,,03360001
RPWNMLRJIIKFFBB08CC,建業段,49.05,都市：住,,,,01740000
RPWNMLRJIIKFFBB08CC,建業段,49.05,都市：住,,,,01750000
RPQOMLQJIIKFFBB47CC,陳平段,16.70,都市：住,,,,37520000
RPPPMLPJIIKFFBB37CC,平田段,.00,非都市： ; 非都市編定：,,,,02440000
RPROMLQJIIKFFBB57CC,東峰段,72.21,都市：住,,,,00800026
RPROMLQJIIKFFBB57CC,東峰段,20.54,都市：住,,,,00800001
RPPNMLKKIIKFFCB86CC,三塊厝段,11.72,都市：住,,,,05570000
RPVOMLPJIIKFFBB87CC,東山段,22.02,都市：住,,,,02770000
RPQNMLTJIIKFFCB77CC,大新段,70.00,都市：住,,,,06890011
RPPNMLTJIIKFFCB67CC,惠來厝段,7.98,都市：住,,,,03150000
RPOOMLMKIIKFFCB07CC,中正段,8.56,都市：商,,,,01550000
RPROMLMKIIKFFCB37CC,田心段,42.15,都市：住,,,,14460000
RPSOMLMKIIKFFCB47CC,中義段,151.00,都市：住,,,,09370001
RPSOMLMKIIKFFCB47CC,中義段,151.00,都市：住,,,,09370002
RPUOMLMKIIKFFCB67CC,三塊厝段,10.88,都市：住,,,,05570000
RPPNMLLKIIKFFCB96CC,惠義段,224.00,都市：住,,,,01260000
RPXNMLNKIIKFFBB97DC,平田段,96.00,都市：住,,,,09790017
RPTNMLMKIIKFFAL28CC,南村段,74.22,都市：商,,,,05020000
RPVOMLMKIIKFFCB77CC,保安段,16.20,都市：商,,,,11420000
RPSPMLMKIIKFFCB57CC,何安段,5.67,都市：住,,,,09730000
RPQNMLNKIIKFFHL78CC,樹孝段,19.57,都市：住,,,,16280000
RPXOMLMKIIKFFCB97CC,上石碑段,5.47,都市：商,,,,18000007
RPSNMLNKIIKFFAL28CC,南村段,10.16,都市：商,,,,03500000
RPRPMLMKIIKFFCB47CC,何安段,7.88,都市：住,,,,09730000
RPUNMLNKIIKFFAL48CC,岸裡段,26.91,都市：住,,,,05270000
RPWNMLNKIIKFFCB87CC,寶文段,1223.58,都市：工,,,,00530016
RPWPMLNKIIKFFCB08CC,國安段,7.11,都市：住,,,,05930491
RPPOMLNKIIKFFCB27CC,中義段,151.00,都市：住,,,,09370001
RPPQMLNKIIKFFCB47CC,中和段,18.77,都市：住,,,,03440014
RPPOMLNKIIKFFCB27CC,中義段,151.00,都市：住,,,,09370002
RPROMLNKIIKFFCB47CC,中正段,35.00,都市：商,,,,00010000
RPXNMLNKIIKFFAB77CC,後?子段,8.60,都市：住,,,,02480015
RPWNMLNKIIKFFAB67CC,大益段,202.00,都市：住,,,,08310000
RPWNMLNKIIKFFAB67CC,大益段,37.00,都市：住,,,,08320001
RPWNMLMKIIKFFCL78CC,公館南段,68.75,都市：農,,,,08800000
RPXQMLNKIIKFFCB28CC,中正段,6.28,都市：商,,,,01550000
RPPRMLNKIIKFFCB57CC,中正段,9.74,都市：商,,,,01550000
RPRQMLNKIIKFFCB67CC,中正段,5.63,都市：住,,,,01550000
RPQQMLNKIIKFFCB57CC,中正段,6.92,都市：住,,,,01550000
RPVQMLNKIIKFFCB08CC,中正段,6.28,都市：住,,,,01550000
RPRNMLOKIIKFFHL09DC,平欣段,21.05,都市：住,,,,02660000
RPVQMLPKIIKFFBB28DC,青雲段,26.32,都市：住,,,,00850000
RPPNMLOKIIKFFFL58CC,甘潭段,18.71,非都市： ; 非都市編定：,,,,04890000
RPSNMLOKIIKFFHL56DC,宜欣段,12.00,都市：住,,,,19030018
RPSNMLOKIIKFFHL56DC,宜欣段,105.00,都市：住,,,,19030024
RPOPMLOKIIKFFBB27CC,中清段,18.63,都市：住,,,,00720000
RPOPMLOKIIKFFBB27CC,中清段,13.93,都市：住,,,,00720000
RPOPMLOKIIKFFBB27CC,中清段,19.93,都市：住,,,,00720000
RPVOMLOKIIKFFBB87CC,水源段,.00,都市：商,,,,00330006
RPTOMLOKIIKFFBB67CC,賴厝?段,3.35,都市：商,,,,00310003
RPTOMLOKIIKFFBB67CC,邱厝子段,2.69,都市：商,,,,00310062
RPSOMLNKIIKFFBB47CC,邱厝子段,2.38,都市：商,,,,00310062
RPOOMLOKIIKFFBB17CC,東山段,3.31,都市：商,,,,00210000
RPSOMLNKIIKFFBB47CC,賴厝?段,2.96,都市：商,,,,00310003
RPQPMLPKIIKFFAB47CC,麻園頭段,25.88,都市：住,,,,05590000
RPTQMLPKIIKFFBB97CC,乾溝子段,13.71,都市：住,,,,01700049
RPXQMLPKIIKFFAB28CC,後?子段,7.06,都市：住,,,,01890011
RPUOMLPKIIKFFAB77CC,麻園頭段,67.00,都市：商,,,,00730191
RPPRMLPKIIKFFAB57CC,麻園頭段,36.88,都市：住,,,,01730023
RPRRMLPKIIKFFAB77CC,後?子段,.00,非都市： ; 非都市編定：,,,,02250011
RPUOMLQKIIKFFBB97CC,乾溝子段,75.00,都市：商,,,,01820086
RPROMLQKIIKFFBB67CC,乾溝子段,76.00,都市：商,,,,01820087
RPVOMLQKIIKFFBB08CC,錦村段,890.00,都市：住,,,,01080005
RPROMLPKIIKFFCB67CC,惠國段,30.16,都市：其他:第三種新市政中心專用區,,,,00260000
RPQPMLPKIIKFFCB67CC,大新段,.00,都市：住,,,,00120000
RPRPMLOKIIKFFCB67CC,保安段,12.51,都市：住,,,,10500000
RPXNMLPKIIKFFCB18CC,惠民段,7.97,都市：其他:第六種新市政專用區,,,,01090000
RPOPMLPKIIKFFCB47CC,何安段,10.89,都市：住,,,,03610000
RPOPMLPKIIKFFCB47CC,何安段,1.46,都市：住,,,,03610003
RPOPMLPKIIKFFCB47CC,何安段,6.22,都市：住,,,,03610004
RPRSMLQKIIKFFCB18CC,黎明段,16.09,都市：住,,,,01210000
RPSOMLQKIIKFFCB87CC,惠民段,15.51,都市：其他:新市政中心專用區,,,,01110000
RPPOMLQKIIKFFCB57CC,惠國段,.00,都市：其他:新市政專用區,,,,00240000
RPORMLQKIIKFFCB77CC,中正段,5.27,都市：商,,,,01550000
RPWPMLQKIIKFFCB38CC,中正段,8.13,都市：商,,,,01550000
RPQRMLQKIIKFFCB97CC,中正段,5.55,都市：商,,,,01550000
RPOQMLQKIIKFFCB67CC,惠民段,12.55,都市：其他:第一種新市政中心專用區,,,,00840000
RPWQMLQKIIKFFCB48CC,惠來厝段,5.32,都市：住,,,,03150000
RPSPMLQKIIKFFCB08DC,惠順段,12.09,都市：商,,,,00580000
RPQNMLRKIIKFFCB67CC,南屯段,1566.00,都市：住,,,,16020000
RPXNMLTKIIKFFCB58CC,廣昌段,127.59,都市：住,,,,06950000
RPPOMLQKIIKFFGL09DC,德芳段,110.27,都市：住,,,,00460000
RPTOMLTKIIKFFCB28CC,惠智段,805.18,都市：住,,,,00030000
RPPNMLRKIIKFFAL38CC,慈興段,98.05,都市：其他:,,,,01730000
RPROMLQKIIKFFGL66DC,內新段,21.77,都市：住,,,,07370000
RPROMLQKIIKFFGL66DC,內新段,6.12,都市：住,,,,07370002
RPROMLQKIIKFFGL66DC,內新段,6.16,都市：住,,,,07370003
RPROMLQKIIKFFGL66DC,內新段,.17,都市：住,,,,07370004
RPUOMLTKIIKFFCB38CC,惠智段,805.18,都市：住,,,,00030000
RPRNMLTKIIKFFFL66CC,四德段,23.41,都市：住,,,,01820000
RPRPMLTKIIKFFCB18CC,大墩段,.00,都市：住,,,,04510000
RPOOMLTKIIKFFBB67CC,昌平段,84.27,都市：住,,,,03360014
RPOOMLTKIIKFFBB67CC,昌平段,40.55,都市：住,,,,03360027
RPWNMLKLIIKFFCL68CC,北勢坑段六路厝小段,84.00,都市：住,,,,01750028
RPTNMLQKIIKFFCL88CC,榔段,18.45,都市：住,,,,07720009
RPSOMLKLIIKFFAB17CC,柳川段一小段,1.57,都市：商,,,,00040000
RPSOMLQKIIKFFAB67CC,柳川段一小段,1.57,都市：商,,,,00040000
RPSOMLKLIIKFFAB17CC,柳川段一小段,.36,都市：商,,,,00040006
RPSOMLQKIIKFFAB67CC,柳川段一小段,.36,都市：商,,,,00040006
RPXNMLKLIIKFFAB57CC,麻園頭段,32.76,都市：住,,,,00070036
RPSSMLPKIIKFFAB97CC,麻園頭段,29.59,都市：住,,,,01730023
RPUNMLKLIIKFFAB27CC,頂橋子頭段,84.00,都市：住,,,,03660022
RPXNMLKLIIKFFCB77CC,中正段,6.72,都市：商,,,,01550000
RPSNMLKLIIKFFBB17CC,松竹段,5545.00,都市：住,,,,12330000
RPOOMLKLIIKFFBB86CC,錦村段,8.46,都市：住,,,,02130030
RPOOMLKLIIKFFBB86CC,錦村段,4.09,都市：住,,,,02130006
RPUNMLLLIIKFFAB37CC,下橋子頭段,.00,都市：商,,,,01340004
RPUNMLLLIIKFFAB37CC,下橋子頭段,.00,都市：住,,,,01360013
RPOOMLLLIIKFFAB86CC,公館段,1.26,都市：住,,,,00620001
RPOOMLLLIIKFFAB86CC,公館段,109.00,都市：住,,,,00630001
RPQPMLLLIIKFFCB37CC,黎明段,22.44,都市：住,,,,00310000
RPUOMLKLIIKFFCB57CC,豐富段,27.17,都市：商,,,,04650000
RPRPMLLLIIKFFCB47CC,黎明段,.00,都市：住,,,,00310000
RPTPMLKLIIKFFCB57CC,大進段,14.13,都市：住,,,,08410000
RPQPMLKLIIKFFCB27CC,惠民段,46.00,都市：其他:新市政中心專用區,,,,00660000
RPPNMLLLIIKFFHL58CC,大源段,121.11,非都市：鄉村區 ; 非都市編定：乙種建築用地,,,,08510000
RPTNMLMLIIKFFHL56DC,信平段,60.00,都市：住,,,,08010000
RPVNMLMLIIKFFFL09CC,上楓段,16.52,都市：住,,,,13430000
RPTNMLMLIIKFFAL38CC,三和段,405.22,都市：其他:,,,,00320006
RPPPMLLLIIKFFAB07CC,下橋子頭段,1.72,都市：商,,,,02170014
RPOPMLLLIIKFFAB96CC,下橋子頭段,1.83,都市：商,,,,02170014
RPXPMLMLIIKFFBB08CC,昌平段,74.53,都市：住,,,,04650000
RPPQMLMLIIKFFBB37CC,軍和段,2529.45,都市：住,,,,02340000
RPTOMLMLIIKFFCB67CC,惠智段,35.80,都市：住,,,,00400000
RPUOMLMLIIKFFCB77CC,惠民段,10.59,都市：其他:第六種新市政專用區,,,,01110000
RPPPMLNLIIKFFCB47CC,下石碑段,28.90,都市：住,,,,16920003
RPPPMLMLIIKFFCB37CC,永安段,79.20,非都市： ; 非都市編定：,,,,09970000
RPRPMLNLIIKFFCB67CC,大新段,11.31,都市：住,,,,08650000
RPOQMLNLIIKFFCB47CC,大新段,12.34,都市：住,,,,08650000
RPUQMLNLIIKFFCB08CC,廣福段,1.94,都市：工,,,,01360000
RPUQMLNLIIKFFCB08CC,廣福段,72.09,都市：工,,,,01360003
RPUQMLNLIIKFFCB08CC,廣福段,63.63,都市：工,,,,01360012
RPUQMLNLIIKFFCB08CC,廣福段,152.16,都市：工,,,,01360014
RPUQMLNLIIKFFCB08CC,廣福段,416.42,都市：工,,,,01360015
RPUQMLNLIIKFFCB08CC,廣福段,212.78,都市：工,,,,01360017
RPUQMLNLIIKFFCB08CC,廣福段,235.62,都市：工,,,,01370000
RPUQMLNLIIKFFCB08CC,廣福段,225.30,都市：工,,,,01390000
RPUQMLNLIIKFFCB08CC,廣福段,54.46,都市：工,,,,01390001
RPUQMLNLIIKFFCB08CC,廣福段,117.42,都市：工,,,,01400000
RPPPMLNLIIKFFBB37CC,邱厝子段,2.37,都市：商,,,,00310062
RPPPMLNLIIKFFBB37CC,賴厝?段,2.96,都市：商,,,,00310003
RPTQMLNLIIKFFBB87CC,邱厝子段,3.24,都市：商,,,,00310062
RPTQMLNLIIKFFBB87CC,賴厝?段,4.04,都市：商,,,,00310003
RPSOMLNLIIKFFAB47CC,麻園頭段,212.41,都市：住,,,,02910000
RPRNMLNLIIKFFGL88CC,中興段,1049.00,都市：其他:,,,,03840000
RPRNMLNLIIKFFGL88CC,中興段,1001.00,都市：其他:,,,,03850000
RPUPMLNLIIKFFBB97DC,松茂段,13.60,都市：住,,,,09610000
RPUNMLNLIIKFFHL76DC,長安段,131.96,非都市：鄉村區 ; 非都市編定：乙種建築用地,,,,01340000
RPVPMLNLIIKFFBB08DC,北屯段,17.30,都市：住,,,,03500001
RPPNMLQLIIKFFAL48DC,翁明段,182.64,都市：住,,,,02330000
RPPNMLQLIIKFFAL48DC,翁明段,312.10,都市：住,,,,02340000
RPQOMLQLIIKFFAB67DC,旱溪段,27.00,都市：住,,,,01791167
RPQOMLQLIIKFFAB67DC,旱溪段,290.00,都市：住,,,,01790041
RPVNMLQLIIKFFAB97CC,麻園頭段,24.00,都市：住,,,,01510713
RPVNMLQLIIKFFAB97CC,麻園頭段,88.00,都市：住,,,,01510288
RPVNMLQLIIKFFAB97CC,麻園頭段,23.00,都市：住,,,,01510601
RPRNMLQLIIKFFAB57CC,旱平段,78.20,都市：商,,,,07100002
RPOOMLQLIIKFFCB57CC,惠智段,2812.58,都市：住,,,,01550000
RPWOMLQLIIKFFCB38CC,中義段,50.00,都市：其他:,,,,04630000
RPQPMLQLIIKFFCB87CC,何安段,3.33,都市：住,,,,09730000
RPQPMLRLIIKFFCB97CC,大進段,28.47,都市：住,,,,06170000
RPUQMLRLIIKFFCB48CC,三塊厝段,32.73,都市：住,,,,12440000
RPPNMLRLIIKFFAB47CC,下橋子頭段,.00,非都市： ; 非都市編定：,,,,02180204
RPQOMLRLIIKFFAB67CC,樹子腳段,.00,非都市： ; 非都市編定：,,,,06780101
RPSOMLRLIIKFFAB87CC,土庫段,12.72,都市：住,,,,01020001
RPSOMLRLIIKFFAB87CC,土庫段,4.58,都市：住,,,,01020011
RPSNMLRLIIKFFCL09DC,成衣段,62.24,都市：商,,,,01950000
RPWNMLSLIIKFFAL66CC,神工段,3906.15,非都市：工業區 ; 非都市編定：丁種建築用地,,,,00410000
RPQPMLSLIIKFFAB87CC,公館段,5.17,都市：商,,,,01580119
RPQPMLSLIIKFFAB87CC,公館段,5.72,都市：商,,,,01580120
RPRPMLSLIIKFFAB97CC,大益段,.00,都市：住,,,,09640000
RPSPMLSLIIKFFAB08CC,麻園頭段,.00,都市：商,,,,01700000
RPTPMLSLIIKFFAB18CC,下橋子頭段,22.06,都市：住,,,,01780026
RPPQMLSLIIKFFAB87CC,土庫段,.00,都市：住,,,,00570191
RPQQMLSLIIKFFAB97CC,土庫段,.00,都市：住,,,,00570191
RPTQMLSLIIKFFAB28CC,下橋子頭段,5.19,都市：住,,,,01780026
RPVQMLSLIIKFFAB48CC,後?子段,.00,都市：住,,,,02350000
RPVQMLSLIIKFFAB48CC,後?子段,.00,都市：住,,,,02350025
RPVNMLSLIIKFFBB28CC,中德段,45.36,都市：住,,,,00620000
RPROMLSLIIKFFCB08CC,福安段,21.75,都市：住,,,,02250000
RPRPMLSLIIKFFCB18CC,國安段,11.88,都市：住,,,,00120015
RPPNMLTLIIKFFCB87CC,惠民段,22.35,都市：其他:新市政中心專用區,,,,01380000
RPQNMLTLIIKFFCB97CC,福安段,24.35,都市：住,,,,01460002
RPXNMLTLIIKFFAB48CC,大益段,26.80,都市：住,,,,05230000
RPXNMLTLIIKFFAB48CC,大益段,8.18,都市：住,,,,05230001
RPXNMLTLIIKFFAL86CC,新綠山段,98.03,非都市：山坡地保育區 ; 非都市編定：丙種建築用地,,,,01000000
RPQQMLTLIIKFFBB28DC,崇德段,9.00,都市：住,,,,03220010
RPQQMLTLIIKFFBB28DC,崇德段,67.86,都市：住,,,,03220021
RPTOMLTLIIKFFCB48DC,上石碑段,1512.00,都市：住,,,,20960000
RPTOMLTLIIKFFCB48DC,上石碑段,3057.00,都市：住,,,,21570000
RPTOMLTLIIKFFCB48DC,上石碑段,49.00,都市：住,,,,21590015
RPTOMLTLIIKFFCB48DC,上石碑段,57.00,都市：住,,,,21600002
RPVNMLKMIIKFFAB47CC,下橋子頭段,10.85,都市：住,,,,01780026
RPVOMLKMIIKFFAB57CC,柳川段一小段,1.57,都市：商,,,,00040000
RPVOMLKMIIKFFAB57CC,柳川段一小段,.36,都市：商,,,,00040006
RPQPMLKMIIKFFAB17CC,下橋子頭段,16.18,都市：住,,,,02320005
RPQOMLKMIIKFFBB17CC,賴厝?段,3.38,都市：商,,,,00310003
RPVOMLKMIIKFFCB77CC,中仁段,405.00,都市：住,,,,05430000
RPWOMLKMIIKFFCB87CC,中仁段,405.00,都市：住,,,,05430000
RPXOMLKMIIKFFCB97CC,中仁段,405.00,非都市： ; 非都市編定：,,,,05430000
RPOOMLKMIIKFFGL48CC,大仁段,26.19,都市：住,,,,04060000
RPOPMLKMIIKFFCB17CC,大進段,.00,非都市： ; 非都市編定：,,,,03890000
RPSPMLKMIIKFFCB57CC,福順段,22.88,都市：住,,,,01670000
RPTPMLKMIIKFFCB67CC,永安段,37.33,都市：農,,,,08860025
RPVPMLKMIIKFFCB87CC,中正段,6.24,都市：商,,,,01550000
RPWPMLKMIIKFFCB97CC,中正段,8.57,都市：商,,,,01550000
RPQQMLKMIIKFFCB47CC,三塊厝段,17.20,都市：住,,,,12430000
RPTNMLLMIIKFFCB57CC,惠智段,102.30,都市：住,,,,01280000
RPTNMLLMIIKFFCB57CC,惠智段,4.33,都市：住,,,,01280001
RPTNMLLMIIKFFCB57CC,惠智段,80.31,都市：住,,,,01280002
RPQOMLLMIIKFFAB17CC,下橋子頭段,3.84,都市：商,,,,02170014
RPRPMLLLIIKFFBB37CC,東新段,6.72,都市：住,,,,01530000
RPUPMLMLIIKFFBB77CC,乾溝子段,31.89,都市：住,,,,00310000
RPPPMLLLIIKFFBB17CC,錦村段,21.54,都市：住,,,,02130075
RPUPMLKLIIKFFBB57CC,東義段,10.62,都市：住,,,,02140000
RPOPMLLLIIKFFBB07CC,乾溝子段,4.54,都市：住,,,,00920083
RPWNMLLLIIKFFBB67CC,錦村段,12.23,都市：其他:空白,,,,02500020
RPQPMLKLIIKFFBB17CC,東義段,100.00,都市：住,,,,02790014
RPPOMLKLIIKFFBB96CC,邱厝子段,114.00,都市：住,,,,00170007
RPPPMLLMIIKFFAB17CC,下橋子頭段,5.11,都市：住,,,,02170014
RPOPMLLMIIKFFAB07CC,公館段,5.46,都市：住,,,,00620001
RPOPMLLMIIKFFAB07CC,公館段,4.73,都市：住,,,,00630001
RPXOMLLMIIKFFAB87CC,土庫段,74.00,都市：住,,,,00570189
RPWOMLLMIIKFFAB77CC,番婆段,12.61,都市：住,,,,03570000
RPTOMLLMIIKFFAB47CC,下橋子頭段,1.85,都市：商,,,,02170014
