﻿編號,屋齡,建物移轉面積平方公尺,主要用途,主要建材,建築完成日期,總層數,建物分層
The serial number,room age,building shifting area square meter,the main use,main building materials,construction completes the date,total layer,building lamination
RPXPMLNJQHKFFCD98CC,23,134.81,商業用,鋼筋混凝土造,81年6月17日,十四層,
RPPNMLLJQHKFFAD57CC,42,90.09,住家用,加強磚造,62年11月12日,二層,
RPWNMLPJQHKFFCD88CC,25,65.93,住家用,鋼筋混凝土造,79年11月5日,五層,
RPRNMLNJQHKFFFR27CC,7,304.76,住商用,鋼筋混凝土造,97年9月12日,四層,
RPTNMLPJQHKFFCD58CC,41,175.92,住商用,加強磚造,63年8月26日,三層,
RPUOMLOJQHKFFCD68CC,28,157.96,住商用,鋼筋混凝土造,76年6月15日,四層,
RPPNMLOJQHKFFHR37CC,19,26.69,住家用,鋼筋混凝土造,86年1月28日,十九層,
RPPNMLOJQHKFFHR37CC,19,3.31,共有部分,鋼筋混凝土造,86年1月28日,十九層,
RPPNMLOJQHKFFHR37CC,19,5.05,共有部分,鋼筋混凝土造,86年1月28日,十九層,
RPQOMLOJQHKFFCD28CC,8,253.71,住宅、停車空間,鋼筋混凝土造,96年5月25日,四層,
RPSOMLPJQHKFFCD58CC,26,201.65,商業用,鋼筋混凝土造,78年6月20日,九層,
RPUNMLQJQHKFFBD68CC,2,239.56,住宅、店舖,鋼筋混凝土造,102年2月21日,四層,
RPTNMLQJQHKFFBD58CC,12,153.87,住商用,鋼筋混凝土造,92年10月29日,四層,
RPTNMLQJQHKFFFR77CC,10,209.10,住家用,鋼筋混凝土造,94年10月25日,四層,
RPPNMLQJQHKFFFR37CC,1,158.05,工廠。,鋼骨構造有牆。,103年12月22日,一層,
RPPNMLQJQHKFFCD38DC,26,51.56,住商用,鋼筋混凝土造,78年9月6日,四層,
RPVNMLQJQHKFFAD68CC,7,57.06,集合住宅,鋼筋混凝土造,97年12月19日,十四層,
RPVNMLQJQHKFFAD68CC,7,10.63,共有部分,鋼筋混凝土造,97年12月19日,十四層,
RPVNMLQJQHKFFAD68CC,7,11.12,共有部分,鋼筋混凝土造,97年12月19日,十四層,
RPQOMLQJQHKFFAD28CC,15,47.68,集合住宅,鋼筋混凝土造,89年11月20日,十四層,
RPQOMLQJQHKFFAD28CC,15,13.84,共有部分,鋼筋混凝土造,89年11月20日,十四層,
RPUNMLRJQHKFFAD68CC,24,163.82,商業用,鋼筋混凝土造,80年6月27日,七層,
RPUNMLRJQHKFFAD68CC,24,30.37,共有部分,鋼筋混凝土造,80年6月27日,七層,
RPWNMLRJQHKFFAD88CC,9,219.03,集合住宅,ＲＣ造,95年11月24日,五層,
RPXNMLRJQHKFFAD98CC,41,16.52,住商用,加強磚造,63年5月24日,二層,
RPPOMLRJQHKFFAD28CC,2,37.79,集合住宅,鋼筋混凝土構造,102年11月25日,十四層,
RPPOMLRJQHKFFAD28CC,2,11.19,本共有部分之項目有門廳、守衛室、停車空間、防空避難室、管理維護空間。,鋼筋混凝土構造,102年11月25日,十四層,
RPPOMLRJQHKFFAD28CC,2,8.79,本共有部分之項目有電樓梯間、電梯機房、水箱。,鋼筋混凝土構造,102年11月25日,十四層,
RPTOMLRJQHKFFAD68CC,9,33.05,停車空間、店舖、住宅,鋼筋混凝土造,96年1月23日,五層,
RPVOMLRJQHKFFAD88CC,22,92.93,住家用,鋼筋混凝土造,82年8月24日,七層,
RPVOMLRJQHKFFAD88CC,22,35.05,共有部分,鋼筋混凝土造,82年8月24日,七層,
RPUOMLRJQHKFFAD78CC,10,78.36,集合住宅,ＲＣ造,94年9月17日,七層,
RPUOMLRJQHKFFAD78CC,10,24.51,共有部分,ＲＣ造,94年9月17日,七層,
RPUOMLRJQHKFFAD78CC,10,11.66,共有部分,ＲＣ造,94年9月17日,七層,
RPVNMLQJQHKFFCD88CC,9,179.71,住宅、停車空間,ＲＣ造,95年9月19日,四層,
RPRNMLRJQHKFFCD58CC,50,49.05,住家用,補強磚造,55年1月1日,二層,
RPRNMLRJQHKFFCD58CC,50,49.05,住家用,補強磚造,55年1月1日,二層,
RPQNMLRJQHKFFCD48CC,27,140.77,住商用,鋼筋混凝土造,78年1月23日,二層,
RPQNMLQJQHKFFCD38CC,32,19.84,住家用,鋼筋混凝土造,72年2月10日,四層,
RPQNMLQJQHKFFCD38CC,32,6.40,共有部分,鋼筋混凝土造,72年2月10日,四層,
RPQNMLQJQHKFFCD38CC,32,8.73,共有部分,鋼筋混凝土造,72年2月10日,四層,
RPSNMLQJQHKFFCD58CC,24,114.95,住商用,鋼筋混凝土造,80年9月3日,七層,
RPSNMLQJQHKFFCD58CC,24,15.16,共有部分,鋼筋混凝土造,80年9月3日,七層,
RPRNMLQJQHKFFCD48CC,41,179.96,住商用,加強磚造,63年8月26日,三層,
RPSNMLRJQHKFFCD68CC,45,94.42,住家用,加強磚造,59年4月21日,四層,
RPOOMLRJQHKFFCD38CC,18,81.87,住家用,鋼筋混凝土造,86年5月8日,十六層,
RPWNMLRJQHKFFCD09CC,38,86.49,商業用,鋼筋混凝土造,66年3月28日,一層,
RPTNMLRJQHKFFCD78CC,20,93.25,住家用,鋼筋混凝土造,84年12月21日,八層,
RPTNMLRJQHKFFCD78CC,20,21.03,共有部分,鋼筋混凝土造,84年12月21日,八層,
RPTNMLRJQHKFFCD78CC,20,7.68,共有部分,鋼筋混凝土造,84年12月21日,八層,
RPRNMLRJQHKFFBD48CC,23,227.05,住商用,鋼筋混凝土造,81年12月7日,四層,
RPXNMLRJQHKFFCD56CC,36,89.99,住家用,加強磚造,69年2月6日,二層,
RPOOMLKKQHKFFCD87DC,34,86.63,住家用,鋼筋混凝土造,70年12月14日,五層,
RPVNMLRJQHKFFBD88CC,1,177.88,住宅，停車空間,鋼筋混凝土造,104年1月19日,四層,
RPUNMLQJQHKFFCD78CC,18,131.40,住家用,鋼筋混凝土造,86年5月8日,十六層,
RPUNMLQJQHKFFCD78CC,18,16.29,共有部分,鋼筋混凝土造,86年5月8日,十六層,
RPOOMLLKQHKFFCD97DC,29,56.21,住商用,鋼筋混凝土造,76年1月21日,四層,
RPUNMLLKQHKFFBD28CC,35,118.59,住商用,加強磚造,69年6月30日,二層,
RPTNMLLKQHKFFBD18CC,23,176.01,住家用,鋼筋混凝土造,81年10月23日,三層,
RPPOMLLKQHKFFAD77CC,21,222.19,住家用,鋼筋混凝土造,83年3月3日,四層,
RPUOMLLKQHKFFAD28CC,9,65.66,集合住宅,ＲＣ造,95年10月1日,十四層,
RPUOMLLKQHKFFAD28CC,9,12.43,共有部分,ＲＣ造,95年10月1日,十四層,
RPUOMLLKQHKFFAD28CC,9,15.91,共有部分,ＲＣ造,95年10月1日,十四層,
RPXNMLLKQHKFFBD58CC,1,158.19,集合住宅,鋼筋混凝土造,103年11月5日,七層,
RPVNMLLKQHKFFBD38CC,7,258.08,集合住宅,鋼筋混凝土造,97年11月28日,四層,
RPVNMLLKQHKFFBD38CC,7,2.96,集合住宅,鋼筋混凝土造,97年11月28日,一層,
RPROMLNKQHKFFCD48DC,34,129.84,住家用,鋼筋混凝土造,70年11月26日,五層,
RPTNMLMKQHKFFBD28CC,51,212.79,住家用,加強磚造,66年12月13日,二層,
RPTNMLMKQHKFFBD28CC,47,237.36,工業用,磚造、石棉瓦,62年3月20日,一層,
RPTNMLMKQHKFFBD28CC,47,114.20,工業用,磚造、石棉瓦,62年3月20日,一層,
RPTNMLMKQHKFFBD28CC,47,123.98,工業用,磚造、石棉瓦,62年3月20日,一層,
RPUNMLOKQHKFFFR77CC,39,98.67,住家用,加強磚造,66年2月1日,二層,
RPROMLMKQHKFFAD08CC,59,214.53,住商用,鋼筋混凝土造,74年5月20日,四層,
RPWNMLLKQHKFFBD48CC,1,113.62,集合住宅,鋼筋混凝土造,103年11月5日,七層,
RPROMLOKQHKFFAD28CC,10,41.20,集合住宅,ＲＣ造,94年9月17日,七層,
RPROMLOKQHKFFAD28CC,10,12.91,共有部分,ＲＣ造,94年9月17日,七層,
RPROMLOKQHKFFAD28CC,10,6.12,共有部分,ＲＣ造,94年9月17日,七層,
RPUNMLOKQHKFFCD68CC,34,95.76,住家用,鋼筋混凝土造,70年11月3日,五層,
RPUNMLOKQHKFFCD68CC,34,.00,共有部分,鋼筋混凝土造,70年11月3日,五層,
RPWNMLOKQHKFFCD88CC,39,63.44,住家用,鐵筋混凝土　　鐵骨石棉瓦,66年2月3日,四層,
RPRNMLPJQHKFFHR67CC,21,417.97,員工宿舍．廠房．辦公室。,Ｒ．Ｃ造，鋼鐵造。,83年5月28日,四層,
RPRNMLQJQHKFFHR77CC,6,220.63,住商用,鋼筋混凝土造,98年7月22日,四層,
RPTNMLKKQHKFFHR47CC,16,64.87,見使用執照,鋼筋混凝土造,88年4月26日,十二層,
RPQNMLRJQHKFFHR77CC,18,62.37,住家用,鋼筋混凝土造,86年8月23日,八層,
RPQNMLRJQHKFFHR77CC,18,13.69,共有部分,鋼筋混凝土造,86年8月23日,八層,
RPQNMLRJQHKFFHR77CC,18,8.76,共有部分,鋼筋混凝土造,86年8月23日,八層,
RPQNMLQJQHKFFHR67CC,28,115.64,住家用,加強磚造,76年4月2日,二層,
RPQOMLSKQHKFFBD68CC,3,256.36,集合住宅，停車空間,鋼筋混凝土造,101年12月4日,四層,
RPQQMLSKQHKFFER97CC,21,92.99,住家用,鋼筋混凝土造,83年10月21日,七層,
RPPNMLPKQHKFFCD28CC,4,310.98,店舖、住宅、停車空間,鋼筋混凝土造,100年11月17日,五層,
RPOOMLOKQHKFFCD18CC,28,157.96,住商用,鋼筋混凝土造,76年6月15日,四層,
RPQOMLOKQHKFFCD38CC,34,130.78,住家用,鋼筋混凝土造,70年12月19日,五層,
RPXNMLOKQHKFFCD98CC,31,58.21,住家用,鋼筋混凝土造,74年1月12日,五層,
RPXNMLOKQHKFFCD98CC,31,9.30,共有部分,鋼筋混凝土造,74年1月12日,五層,
RPUNMLSKQHKFFCD09CC,25,162.27,商業用,鋼筋混凝土造,79年9月7日,十二層,
RPPOMLTKQHKFFCD78CC,17,35.44,住商用,鋼筋混凝土造,87年12月18日,十四層,
RPPOMLTKQHKFFCD78CC,17,.00,共有部分,鋼筋混凝土造,87年12月18日,十四層,
RPOOMLSKQHKFFCD58CC,31,352.13,店住　避難室,鋼筋混凝土造,73年10月1日,三層,
RPPNMLKLQHKFFCD87CC,22,43.07,商業用,鋼筋混凝土造,82年10月27日,十層,
RPTOMLKLQHKFFCD38CC,25,101.02,住家用,鋼筋混凝土造,79年8月3日,十七層,
RPVNMLKLQHKFFBD38CC,7,96.73,集合住宅,鋼筋混凝土造,97年11月28日,四層,
RPQOMLKLQHKFFER07CC,22,88.08,住家用,鋼筋混凝土造,82年8月23日,六層,
RPPOMLLLQHKFFCD08CC,23,187.44,商業用,鋼筋混凝土造,81年6月17日,十四層,
RPPOMLLLQHKFFCD08CC,23,25.80,共有部分,鋼筋混凝土造,81年6月17日,十四層,
RPPOMLLLQHKFFCD08CC,23,37.72,共有部分,鋼筋混凝土造,81年6月17日,十四層,
RPPOMLLLQHKFFCD08CC,23,9.20,共有部分,鋼筋混凝土造,81年6月17日,十四層,
RPRNMLMLQHKFFAD18DC,23,124.35,住商用,鋼筋混凝土造,81年11月28日,三層,
RPSNMLMLQHKFFAD28DC,,50.05,住家用,磚造,,一層,
RPPNMLOLQHKFFCR07CC,33,48.22,住商用,鋼筋混凝土造,71年5月11日,三層,
RPQOMLOLQHKFFFR57CC,21,122.50,住家用,鋼筋混凝土造,83年8月18日,七層,
RPTPMLKLQHKFFAD28CC,20,33.74,住家用,鋼筋混凝土造,84年3月13日,三層,
RPWOMLRKQHKFFAD09CC,39,392.67,,鋼筋混凝土造,65年4月2日,三層,
RPTOMLOKQHKFFAD48CC,20,274.33,住商用,鋼筋混凝土造,84年6月15日,五層,
RPVOMLSKQHKFFAD09CC,27,125.86,商業用,鋼造,77年4月22日,二層,
RPSOMLOKQHKFFAD38CC,21,55.78,住家用,鋼筋混凝土造,83年7月22日,八層,
RPSOMLOKQHKFFAD38CC,21,14.25,共有部分,鋼筋混凝土造,83年7月22日,八層,
RPSOMLOKQHKFFAD38CC,21,2.55,共有部分,鋼筋混凝土造,83年7月22日,八層,
RPVNMLOLQHKFFCD88CC,34,143.12,住家用,鋼筋混凝土造,70年3月14日,三層,
RPSOMLQLQHKFFCD88CC,34,85.67,住家用,鋼筋混凝土造,70年9月11日,五層,
RPSOMLQLQHKFFCD88CC,34,1.58,共有部分,鋼筋混凝土造,70年9月10日,五層,
RPROMLQLQHKFFCD78CC,34,49.58,住商用,鋼筋混凝土造,70年5月13日,四層,
RPVNMLPLQHKFFCD98CC,15,36.57,店舖　住宅　停車空間,鋼筋混凝土造,89年11月16日,四層,
RPTOMLQLQHKFFCD98CC,23,40.49,住家用,鋼筋混凝土造,81年12月22日,九層,
RPTOMLQLQHKFFCD98CC,23,5.74,共有部分,鋼筋混凝土造,81年12月22日,九層,
RPVOMLQLQHKFFCD56CC,18,273.60,住宅　停車空間,鋼筋混凝土造,86年10月22日,五層,
RPROMLQLQHKFFAD58CC,32,53.95,住工用,加強磚造,73年1月10日,二層,
RPSOMLQLQHKFFAD68CC,20,23.93,住家用,鋼筋混凝土造,85年1月6日,七層,
RPSOMLQLQHKFFAD68CC,20,7.50,共有部分,鋼筋混凝土造,85年1月6日,七層,
RPUOMLQLQHKFFCD09CC,7,28.92,住家用,鋼筋混凝土造,97年2月29日,十四層,
RPUOMLQLQHKFFCD09CC,7,34.97,共有部分,鋼筋混凝土造,97年2月29日,十四層,
RPUOMLQLQHKFFCD09CC,7,9.41,共有部分,鋼筋混凝土造,97年2月29日,十四層,
RPTOMLQLQHKFFAD78CC,25,214.66,住商用,鋼筋混凝土造,79年7月24日,四層,
RPOOMLQLQHKFFDR37CC,39,130.68,住商用,加強磚造,65年12月27日,三層,
RPXOMLQLQHKFFAD56CC,9,92.74,集合住宅,ＲＣ造,95年11月29日,十三層,
RPXOMLQLQHKFFAD56CC,9,13.90,共有部分,ＲＣ造,95年11月29日,十三層,
RPXOMLQLQHKFFAD56CC,9,9.56,共有部分,ＲＣ造,95年11月29日,十三層,
RPOPMLQLQHKFFAD38CC,22,84.40,住家用,鋼筋混凝土造,82年5月15日,五層,
RPOPMLQLQHKFFAD38CC,22,14.96,共有部分,鋼筋混凝土造,82年5月15日,五層,
RPOPMLQLQHKFFAD38CC,22,7.03,共有部分,鋼筋混凝土造,82年5月15日,五層,
RPUOMLQLQHKFFAD88CC,1,594.91,辦公室、停車空間,鋼骨構造有牆,103年10月31日,二層,
RPUOMLQLQHKFFAD88CC,1,.55,辦公室、停車空間,鋼骨構造有牆,103年10月31日,二層,
RPSNMLRLQHKFFAD68CC,13,143.04,店舖、住宅,鋼筋混凝土造,91年12月27日,十二層,
RPSNMLRLQHKFFAD68CC,13,52.65,共有部分,鋼筋混凝土造,91年12月27日,十二層,
RPUNMLSLQHKFFCD56CC,7,21.48,住家用,鋼筋混凝土造,97年2月29日,十四層,
RPUNMLSLQHKFFCD56CC,7,5.30,共有部分,鋼筋混凝土造,97年2月29日,十四層,
RPUNMLSLQHKFFCD56CC,7,6.99,共有部分,鋼筋混凝土造,97年2月29日,十四層,
RPXNMLSLQHKFFAR08CC,21,35.06,住家用,鋼筋混凝土造,83年8月29日,九層,
RPTNMLKMQHKFFAD18CC,8,49.93,集合住宅,鋼筋混凝土構造,96年8月24日,十四層,
RPWOMLLMQHKFFAD68CC,8,157.17,集合住宅,鋼筋混凝土造,96年12月27日,十九層,
RPUNMLKMQHKFFAD28CC,7,529.88,店舖、住宅,鋼筋混凝土造,97年4月29日,五層,
RPSNMLLMQHKFFAR96CC,35,37.70,住商用,加強磚造,69年10月22日,二層,
RPTNMLLMQHKFFAR07CC,,36.20,住商用,鋼筋混凝土造,,三層,
RPTNMLLMQHKFFCD58DC,9,216.53,住商用,ＲＣ造,95年9月28日,四層,
RPTNMLLJRHKFFCD28CC,33,161.97,店住,鋼筋混凝土造,71年7月8日,七層,
RPTNMLMJRHKFFCD38CC,40,72.48,住家用,補強磚造,64年7月16日,二層,
RPUNMLMJRHKFFCD48CC,20,107.08,住家用,鋼筋混凝土造,84年3月30日,七層,
RPUNMLMJRHKFFCD48CC,20,17.72,共有部分,鋼筋混凝土造,84年3月30日,七層,
RPUNMLMJRHKFFCD48CC,20,11.24,共有部分,鋼筋混凝土造,84年3月30日,七層,
RPVNMLMJRHKFFCD58CC,20,107.08,住家用,鋼筋混凝土造,84年3月30日,七層,
RPVNMLMJRHKFFCD58CC,20,17.72,共有部分,鋼筋混凝土造,84年3月30日,七層,
RPVNMLMJRHKFFCD58CC,20,11.24,共有部分,鋼筋混凝土造,84年3月30日,七層,
RPWNMLMJRHKFFCD68CC,21,89.92,住家用,鋼筋混凝土造,84年1月6日,二十五層,
RPWNMLMJRHKFFCD68CC,21,20.31,共有部分,鋼筋混凝土造,84年1月6日,二十五層,
RPROMLMJRHKFFAD08CC,22,202.06,住家用,鋼筋混凝土造,82年3月25日,三層,
RPSOMLMJRHKFFAD18CC,,44.44,住家用,磚造,,一層,
RPUNMLMJRHKFFBD38CC,44,238.73,住家用,加強磚造,60年4月20日,二層,
RPRNMLNJRHKFFDR17CC,35,194.21,住商用,鋼筋混凝土造,69年11月7日,四層,
RPPOMLRLQHKFFHR97CC,7,101.12,住家用,鋼筋混凝土造,97年9月3日,十四層,
RPQNMLOKQHKFFHR57CC,16,40.12,商業用,鋼筋混凝土造,88年8月24日,十四層,
RPQNMLOKQHKFFHR57CC,16,1.13,共有部分,鋼筋混凝土造,88年8月24日,十四層,
RPQNMLOKQHKFFHR57CC,16,.06,管理中心,鋼筋混凝土造,88年8月24日,十四層,
RPQNMLOKQHKFFHR57CC,16,10.18,共有部分,鋼筋混凝土造,88年8月24日,十四層,
RPTNMLLLQHKFFHR67CC,5,342.96,住商用,鋼筋混凝土造,99年10月6日,四層,
RPXNMLNJRHKFFHR18CC,25,165.77,辦公室。,鋼造,79年12月5日,二十四層,
RPSNMLOLQHKFFHR87CC,26,524.62,辦公室．廠房．員工宿舍．員工餐廳,鋼筋混凝土造,78年7月12日,二層,
RPVNMLLJRHKFFHR77CC,33,92.96,住家用,加強磚造,71年12月9日,二層,
RPOOMLQLQHKFFHR77CC,20,23.00,住家用,鋼筋混凝土造,84年5月11日,十四層,
RPOOMLQLQHKFFHR77CC,20,4.79,共有部分,鋼筋混凝土造,84年5月11日,十四層,
RPOOMLQLQHKFFHR77CC,20,5.16,共有部分,鋼筋混凝土造,84年5月11日,十四層,
RPXNMLLMQHKFFHR18CC,48,33.12,住家用,加強磚造,56年3月1日,二層,
RPQNMLMLQHKFFHR47CC,18,88.62,住家用,鋼筋混凝土造,86年5月29日,二十層,
RPQNMLMLQHKFFHR47CC,18,31.97,共有部分,鋼筋混凝土造,86年5月29日,二十層,
RPQNMLMLQHKFFHR47CC,18,13.33,共有部分,鋼筋混凝土造,86年5月29日,二十層,
RPTNMLNJRHKFFFR57CC,9,49.59,住商用,鋼筋混凝土造,96年2月15日,四層,
RPRNMLOJRHKFFCD38CC,44,78.18,住家用,加強磚造,60年3月16日,二層,
RPPNMLOJRHKFFCR96CC,33,29.75,住商用,鋼筋混凝土造,71年5月11日,三層,
RPQOMLRJRHKFFAD48CC,1,183.40,店舖、住宅,鋼筋混凝土構造,103年12月23日,二層,
RPSNMLOJRHKFFFR57CC,9,10.00,住商用,鋼筋混凝土造,96年2月15日,四層,
RPPNMLPJRHKFFFR37CC,3,167.58,住商用,鋼筋混凝土造,101年7月2日,四層,
RPPNMLTJRHKFFHR97CC,10,195.72,住家用,鋼筋混凝土造,95年3月6日,四層,
RPSNMLTJRHKFFBD88CC,1,113.02,集合住宅,鋼筋混凝土造,103年11月5日,七層,
RPPOMLKKRHKFFHR27CC,10,400.78,工業用,鋼筋混凝土造,94年10月21日,三層,
RPQNMLKKRHKFFDR86CC,38,111.01,住商用,加強磚造,67年1月7日,二層,
RPQNMLLKRHKFFCD08CC,16,95.72,集合住宅,鋼筋混凝土造,88年10月21日,十三層,
RPQNMLLKRHKFFCD08CC,16,19.72,共有部分,鋼筋混凝土造,88年10月21日,十三層,
RPSNMLLKRHKFFCD28CC,32,242.62,住商用,鋼筋混凝土造,72年11月1日,三層,
RPUNMLLKRHKFFER47CC,20,72.72,住商用,鋼筋混凝土造,85年2月23日,五層,
RPTNMLMKRHKFFBD38CC,22,227.08,住商用,鋼筋混凝土造,82年4月1日,三層,
RPUNMLMKRHKFFBD48CC,34,78.52,住家用,加強磚造,70年10月30日,二層,
RPVNMLMKRHKFFHR97CC,21,115.83,住家用,鋼筋混凝土造,83年5月13日,七層,
RPRNMLNKRHKFFHR67CC,20,50.58,辦公室。,鋼筋混凝土造,84年3月31日,十五層,
RPRNMLNKRHKFFHR67CC,20,10.63,共有部分,鋼筋混凝土造,84年3月31日,十五層,
RPPNMLNKRHKFFBD08CC,23,114.94,住家用,鋼筋混凝土造,81年7月31日,二層,
RPQNMLNKRHKFFHR57CC,22,189.59,住商用,鋼筋混凝土造,82年5月21日,三層,
RPPNMLNKRHKFFHR47CC,2,256.99,店舖，住宅,鋼筋混凝土構造,102年4月3日,四層,
RPQNMLNKRHKFFCD28CC,19,95.50,住家用,鋼筋混凝土造,85年10月4日,十五層,
RPQNMLNKRHKFFCD28CC,19,2.82,共有部分,鋼筋混凝土造,85年10月4日,十五層,
RPQNMLNKRHKFFCD28CC,19,19.67,共有部分,鋼筋混凝土造,85年10月4日,十五層,
RPPNMLNKRHKFFCD18CC,37,76.48,住家用,鋼筋混凝土造,67年5月9日,四層,
RPRNMLNKRHKFFCD38CC,34,58.09,住家用,鋼筋混凝土造,70年12月3日,五層,
RPRNMLNKRHKFFCD38CC,34,.00,共有部分,鋼筋混凝土造,70年12月3日,五層,
RPSNMLNKRHKFFCD48CC,3,125.91,住家用,鋼筋混凝土造,101年7月23日,十三層,
RPSNMLNKRHKFFCD48CC,3,83.19,本共有部分之項目有：防空避難室兼停車空間、台電配電室、電信室、消防水池、污水處理池、污水機房、消房機房、環保室、梯廳、污水暫存池、公共服務空間。,鋼筋混凝土造,101年7月23日,十三層,
RPOOMLKKRHKFFAD67CC,10,237.78,住家用,ＲＣ造,94年9月6日,三層,
RPSNMLNKRHKFFAD28CC,20,89.76,住家用,鋼筋混凝土造,84年5月16日,二十二層,
RPSNMLNKRHKFFAD28CC,20,15.83,共有部分,鋼筋混凝土造,84年5月16日,二十二層,
RPSNMLNKRHKFFAD28CC,20,13.63,共有部分,鋼筋混凝土造,84年5月16日,二十二層,
RPSOMLRJRHKFFAD68CC,33,73.81,住商用,鋼筋混凝土造,71年5月3日,六層,
RPRNMLNKRHKFFAD18CC,17,102.24,集合住宅,鋼筋混凝土造,88年2月11日,二十四層,
RPRNMLNKRHKFFAD18CC,17,12.04,共有部分,鋼筋混凝土造,88年2月11日,二十四層,
RPRNMLNKRHKFFAD18CC,17,20.81,共有部分,鋼筋混凝土造,88年2月11日,二十四層,
RPRNMLNKRHKFFAD18CC,17,4.58,共有部分,鋼筋混凝土造,88年2月11日,二十四層,
RPWNMLKKRHKFFAD38CC,20,77.59,住家用,鋼筋混凝土造,84年7月29日,十七層,
RPPNMLNKRHKFFAD97CC,9,227.25,店舖、住宅、停車空間,ＲＣ造,95年8月22日,四層,
RPXNMLKKRHKFFAD48CC,27,316.40,商業用,鋼筋混凝土造,77年4月20日,十層,
RPQNMLNKRHKFFAD08CC,21,112.43,住家用,鋼筋混凝土造,84年1月4日,二十五層,
RPQNMLNKRHKFFAD08CC,21,20.34,共有部分,鋼筋混凝土造,84年1月4日,二十四層,
RPQNMLNKRHKFFAD08CC,21,15.09,共有部分,鋼筋混凝土造,84年1月4日,二十四層,
RPUOMLOKRHKFFCD88CC,20,187.48,住商用,鋼筋混凝土造,85年2月3日,十六層,
RPTNMLRKRHKFFCD98CC,51,76.41,住家用,磚造,54年1月1日,二層,
RPRNMLPKRHKFFCD58CC,21,67.39,住家用,鋼筋混凝土造,83年10月24日,十層,
RPRNMLPKRHKFFCD58CC,21,14.27,共有部分,鋼筋混凝土造,83年10月24日,十層,
RPRNMLPKRHKFFCD58CC,21,10.51,共有部分,鋼筋混凝土造,83年10月24日,十層,
RPOOMLRKRHKFFCD58CC,25,32.81,住家用,鋼筋混凝土造,80年1月11日,二十二層,
RPOOMLRKRHKFFCD58CC,25,7.96,共有部分,鋼筋混凝土造,80年1月11日,二十二層,
RPOOMLRKRHKFFCD58CC,25,1.66,共有部分,鋼筋混凝土造,80年1月11日,二十二層,
RPQPMLRKRHKFFBD78CC,34,101.36,集合住宅,鋼筋混凝土造,70年9月7日,四層,
RPQPMLSKRHKFFAD88DC,9,177.85,住宅、停車空間,ＲＣ造,96年1月9日,四層,
RPQNMLQKRHKFFAD38CC,38,71.50,住家用,鋼筋混凝土造,66年3月17日,四層,
RPTNMLSKRHKFFAD88CC,13,153.48,店舖、住宅,鋼筋混凝土造,91年12月27日,十二層,
RPTNMLSKRHKFFAD88CC,13,53.70,共有部分,鋼筋混凝土造,91年12月27日,十二層,
RPPOMLRKRHKFFAD48CC,26,204.12,住家用,鋼筋混凝土造,78年11月3日,二層,
RPOOMLRKRHKFFAD38CC,22,39.66,住商用,鋼筋混凝土造,82年5月12日,四層,
RPOPMLPKRHKFFAD28CC,47,36.65,住商用,加強磚造,57年4月8日,四層,
RPOPMLPKRHKFFAD28CC,47,16.86,住商用,加強磚造,57年4月8日,四層,
RPUNMLRKRHKFFAD88CC,19,91.80,住商用,鋼筋混凝土造,85年9月7日,十七層,
RPUNMLRKRHKFFAD88CC,19,13.89,共有部分,鋼筋混凝土造,85年9月7日,十七層,
RPSNMLOKRHKFFAD38CC,21,63.48,住商用,鋼筋混凝土造,83年12月28日,五層,
RPSNMLTKRHKFFAD88CC,9,150.18,集合住宅,ＲＣ造,95年7月13日,九層,
RPRNMLMLRHKFFFR47CC,35,255.67,住商用,鋼筋混凝土造,69年7月22日,四層,
RPTNMLLLRHKFFAD28CC,13,492.11,店舖,鋼骨造,92年2月24日,一層,
RPPNMLKLRHKFFAD77CC,39,28.21,住商用,鋼筋混凝土造,66年3月19日,四層,
RPTOMLLLRHKFFAD38CC,15,76.81,住商用,鋼筋混凝土造,89年12月7日,五層,
RPUOMLLLRHKFFCD78DC,2,274.74,集合住宅,鋼筋混凝土造,102年10月23日,十二層,
RPTNMLMLRHKFFER57CC,23,208.66,住商用,鋼筋混凝土造,81年11月6日,四層,
RPRNMLMLRHKFFCD38CC,2,129.42,集合住宅,鋼筋混凝土造,102年10月23日,十二層,
RPSNMLMLRHKFFCD48CC,25,50.00,商業用,鋼筋混凝土造,79年7月20日,十一層,
RPQNMLMLRHKFFCD28CC,36,68.36,住家用,鋼筋混凝土造,68年12月14日,五層,
RPPNMLNLRHKFFAD18DC,22,264.69,住商用,鋼筋混凝土造,82年4月1日,六層,
RPRNMLOLRHKFFAD38CC,14,98.36,店舖、辦公室、停車空間、住宅,鋼筋混凝土造,91年1月14日,五層,
RPRNMLPLRHKFFBD58CC,20,61.79,住商用,鋼筋混凝土造,84年6月8日,四層,
RPQOMLPLRHKFFER67CC,22,151.53,店舖、集合住宅,鋼筋混凝土造,82年8月4日,七層,
RPQOMLPLRHKFFER67CC,22,29.81,走廊、梯間、機械室、防空避難室、停車空間,鋼筋混凝土造,82年8月4日,七層,
RPSNMLPLRHKFFBD68CC,31,41.94,住家用,加強磚造,73年7月27日,二層,
RPRNMLPLRHKFFCD78DC,34,80.37,住家用,加強磚造,70年7月16日,二層,
RPWNMLMLRHKFFCD88CC,20,275.38,住商用,鋼筋混凝土造,84年3月25日,四層,
RPVNMLOLRHKFFHR28CC,28,178.83,住家用,加強磚造,77年1月14日,二層,
RPXNMLLLRHKFFHR18CC,8,211.91,住家用,鋼筋混凝土造,96年12月11日,四層,
RPQOMLMLRHKFFHR67CC,31,226.67,住商用,鋼筋混凝土造,73年5月23日,三層,
RPWNMLMLRHKFFHR18CC,20,231.30,住商用,鋼筋混凝土造,84年5月23日,十六層,
RPWNMLMLRHKFFHR18CC,20,19.37,共有部分,鋼筋混凝土造,84年5月23日,十六層,
RPSNMLNKRHKFFHR77CC,23,175.91,住家用,鋼筋混凝土造,81年7月14日,三層,
RPTNMLRKRHKFFHR28CC,19,43.69,住商用,鋼筋混凝土造,85年4月8日,十四層,
RPTNMLRKRHKFFHR28CC,,.00,共有部分,鋼筋混凝土造,,十四層,
RPOOMLTLRHKFFHR18CC,10,222.80,住家用,鋼筋混凝土造,95年3月6日,四層,
RPXNMLTLRHKFFHR98CC,25,171.87,住家用,鋼筋混凝土造,79年5月9日,二層,
RPPNMLSLRHKFFHR08CC,19,26.69,住家用,鋼筋混凝土造,86年1月28日,十九層,
RPPNMLSLRHKFFHR08CC,19,3.31,共有部分,鋼筋混凝土造,86年1月28日,十九層,
RPPNMLSLRHKFFHR08CC,19,5.05,共有部分,鋼筋混凝土造,86年1月28日,十九層,
RPOOMLRKRHKFFHR87CC,20,102.16,住家用,鋼筋混凝土造,84年12月4日,十五層,
RPSOMLTLRHKFFAD09CC,9,124.95,集合住宅,ＲＣ造,96年1月11日,十四層,
RPSOMLTLRHKFFAD09CC,9,13.95,共有部分,ＲＣ造,96年1月11日,14,
RPSOMLTLRHKFFAD09CC,9,46.30,共有部分,ＲＣ造,96年1月11日,十四層,
RPXOMLTLRHKFFAD96CC,6,59.16,店舖、住宅、停車空間,鋼筋混凝土造,98年5月25日,五層,
RPVOMLTLRHKFFAD76CC,22,92.33,住家用,鋼筋混凝土造,82年7月19日,五層,
RPVOMLTLRHKFFAD76CC,22,23.23,共有部分,鋼筋混凝土造,82年7月19日,五層,
RPSNMLTLRHKFFDR08CC,22,133.98,住家用,鋼筋混凝土造,82年7月7日,三層,
RPSOMLTLRHKFFCD66CC,16,113.94,商業用,鋼筋混凝土造,88年7月6日,九層,
RPSOMLTLRHKFFCD66CC,16,57.05,共有部分,鋼筋混凝土造,88年7月6日,九層,
RPXNMLTLRHKFFCD07CC,20,98.70,住家用,鋼筋混凝土造,84年7月21日,十四層,
RPXNMLTLRHKFFCD07CC,20,38.29,共有部分,鋼筋混凝土造,84年7月21日,十四層,
RPXNMLTLRHKFFCD07CC,20,18.54,共有部分,鋼筋混凝土造,84年7月21日,十四層,
RPQOMLTLRHKFFCD09CC,17,80.12,住家用,鋼筋混凝土造,87年12月18日,十四層,
RPPPMLKMRHKFFAD08CC,20,22.47,住家用,鋼筋混凝土造,84年3月7日,十二層,
RPRNMLKMRHKFFFR37CC,22,59.29,住家用,鋼筋混凝土造,82年12月24日,十層,
RPRNMLKMRHKFFFR37CC,22,22.47,共有部分,鋼筋混凝土造,82年12月24日,十層,
RPQNMLKMRHKFFER17CC,27,117.71,住家用,鋼筋混凝土造,77年9月22日,二層,
RPUNMLLJIIKFFHR86CC,20,102.80,住家用,鋼筋混凝土造,84年5月20日,十一層,
RPPNMLLJIIKFFAD86CC,18,117.23,住家用,鋼筋混凝土造,86年6月14日,十一層,
RPSNMLMJIIKFFHR76CC,20,70.23,住家用,鋼筋混凝土造,84年9月8日,十九層,
RPSNMLMJIIKFFHR76CC,20,59.38,共有部分,鋼筋混凝土造,84年9月8日,十九層,
RPQPMLKMRHKFFAD18CC,37,96.92,住家用,加強磚造,67年11月15日,二層,
RPTNMLNJIIKFFHR96CC,17,187.90,樓梯間，停車空間，住宅,鋼筋混凝土造,88年2月1日,五層,
RPRPMLKMRHKFFAD28CC,19,113.82,住家用,鋼筋混凝土造,85年9月7日,十七層,
RPUOMLRJIIKFFFR37CC,9,19.84,住商用,鋼筋混凝土造,96年2月15日,四層,
RPTNMLMJIIKFFAD37CC,5,219.25,住宅、停車空間,鋼筋混凝土構造,99年4月6日,四層,
RPOOMLRJIIKFFAD47CC,,96.61,見其他登記事項,見其他登記事項,104年6月15日,一層,
RPPNMLSJIIKFFAD57CC,1,64.53,集合住宅,鋼筋混凝土構造,104年1月26日,九層,
RPQNMLSJIIKFFFR96CC,20,147.73,住家用,鋼筋混凝土造,84年3月31日,十一層,
RPXNMLPJIIKFFCD28CC,18,145.10,住商用,鋼筋混凝土造,86年5月8日,十六層,
RPXNMLPJIIKFFCD28CC,18,15.06,共有部分,鋼筋混凝土造,86年5月8日,十六層,
RPXNMLPJIIKFFCD28CC,18,4.60,共有部分,鋼筋混凝土造,86年5月8日,十六層,
RPRNMLTJIIKFFER07CC,11,174.98,門廊，住宅，停車空間，管理空間,鋼筋混凝土造,94年3月7日,四層,
RPPNMLTJIIKFFBD77CC,35,163.41,住商用,鋼筋混凝土造,69年5月20日,三層,
RPPNMLTJIIKFFAD67CC,9,21.77,見其他登記事項,見其他登記事項,95年11月28日,四層,
RPQNMLTJIIKFFAD77CC,22,190.22,住商用,鋼筋混凝土造,83年3月9日,四層,
RPXOMLMKIIKFFAD97CC,12,100.78,國民住宅,鋼筋混凝土造,92年9月16日,十四層,
RPSNMLNKIIKFFAD47CC,21,20.60,住家用,鋼筋混凝土造,83年12月16日,十三層,
RPSNMLNKIIKFFAD47CC,21,7.20,共有部分,鋼筋混凝土造,83年12月16日,十三層,
RPSNMLLKIIKFFCD47CC,34,171.12,住商用,鋼筋混凝土造,70年12月18日,三層,
RPXNMLMKIIKFFCD08CC,24,658.18,住商用,鋼筋混凝土造,80年6月20日,二十一層,
RPXOMLNKIIKFFCD28CC,26,271.92,住商用,鋼筋混凝土造,78年4月10日,四層,
RPRNMLLKIIKFFCD37CC,19,105.65,住商用,鋼筋混凝土造,85年12月4日,五層,
RPQNMLLKIIKFFCD27CC,9,78.03,住家用,ＲＣ造,95年11月22日,十三層,
RPROMLRJIIKFFCD97CC,32,74.32,店舖、騎樓,鋼鐵造,72年8月26日,一層,
RPSOMLRJIIKFFCD08CC,39,101.75,住家用,加強磚造,65年8月19日,二層,
RPPOMLNKIIKFFAD37DC,8,189.59,店舖,鋼筋混凝土造,96年8月15日,二十一層,
RPQNMLOKIIKFFCD57CC,32,70.49,集合住宅,鋼筋混凝土造,72年7月5日,五層,
RPQNMLOKIIKFFCD57CC,32,5.79,共有部分,鋼筋混凝土造,72年7月5日,五層,
RPXOMLOKIIKFFAD18CC,28,40.21,住家用,鋼筋混凝土造,76年5月6日,六層,
RPUNMLQKIIKFFBD08CC,25,141.14,住商用,鋼筋混凝土造,80年2月4日,二層,
RPQNMLQKIIKFFHR17DC,24,185.06,住商用,鋼筋混凝土造,80年4月23日,二層,
RPRNMLQKIIKFFHR27DC,22,213.54,住商用,鋼筋混凝土造,82年4月26日,四層,
RPRNMLQKIIKFFAD67CC,,79.57,見其他登記事項,見其他登記事項,104年6月15日,一層,
RPUNMLQKIIKFFAD97CC,19,27.43,辦公室,鋼筋混凝土造,85年5月9日,七層,
RPUNMLQKIIKFFAD97CC,19,12.47,共有部分,鋼筋混凝土造,85年5月9日,七層,
RPVNMLQKIIKFFAD08CC,17,93.41,集合住宅,鋼筋混凝土造,88年2月11日,二十四層,
RPVNMLQKIIKFFAD08CC,17,10.88,共有部分,鋼筋混凝土造,88年2月11日,二十四層,
RPVNMLQKIIKFFAD08CC,17,18.75,共有部分,鋼筋混凝土造,88年2月11日,二十四層,
RPVNMLQKIIKFFAD08CC,17,4.13,共有部分,鋼筋混凝土造,88年2月11日,二十四層,
RPWNMLQKIIKFFAD18CC,44,67.19,住商用,加強磚造,60年6月2日,三層,
RPOOMLQKIIKFFAD47CC,34,117.97,住商用,鋼筋混凝土造,71年2月25日,七層,
RPOOMLQKIIKFFAD47CC,34,124.73,住商用,鋼筋混凝土造,71年2月25日,七層,
RPOOMLQKIIKFFAD47CC,34,.00,共有部分,鋼筋混凝土造,71年2月25日,七層,
RPOOMLQKIIKFFAD47CC,34,.00,共有部分,鋼筋混凝土造,71年2月25日,七層,
RPOOMLQKIIKFFAD47CC,34,121.27,住商用,鋼筋混凝土造,71年2月25日,七層,
RPOOMLQKIIKFFAD47CC,34,9.78,共有部分,鋼筋混凝土造,71年2月25日,七層,
RPOOMLQKIIKFFAD47CC,34,.00,共有部分,鋼筋混凝土造,71年2月25日,七層,
RPQOMLQKIIKFFAD67CC,22,39.66,住商用,鋼筋混凝土造,82年5月12日,四層,
RPVNMLQKIIKFFCD28CC,22,30.96,住家用,鋼筋混凝土造,82年7月14日,六層,
RPVNMLQKIIKFFCD28CC,22,10.18,共有部分,鋼筋混凝土造,82年7月14日,六層,
RPUNMLQKIIKFFCD18CC,15,105.54,商業用,鋼筋混凝土造,89年6月21日,十二層,
RPUNMLQKIIKFFCD18CC,15,9.98,共有部分,鋼筋混凝土造,89年6月21日,十二層,
RPWNMLQKIIKFFCD38CC,15,4158.66,廠房、單身員工宿舍、辦公室,鋼骨造、ＲＣ造,89年12月11日,二層,
RPXNMLQKIIKFFCD48CC,48,54.52,住家用,加強磚造,56年11月24日,一層,
RPQOMLQKIIKFFCD87CC,16,90.39,集合住宅,鋼筋混凝土造,88年10月21日,十三層,
RPQOMLQKIIKFFCD87CC,16,17.73,共有部分,鋼筋混凝土造,88年10月21日,十三層,
RPQOMLQKIIKFFCD87CC,16,31.50,共有部分,鋼筋混凝土造,88年10月21日,十三層,
RPROMLQKIIKFFCD97CC,22,52.57,住家用,鋼筋混凝土造,83年1月17日,七層,
RPROMLQKIIKFFCD97CC,22,13.78,共有部分,鋼筋混凝土造,83年1月17日,七層,
RPPNMLRKIIKFFER76CC,12,48.00,門廊、住宅,鋼筋混凝土造,92年9月16日,三層,
RPUNMLTKIIKFFAR07CC,15,425.07,商業用,鋼骨造,89年5月18日,一層,
RPVNMLKLIIKFFAR09DC,4,146.66,住家用,鋼筋混凝土造,100年5月27日,三層,
RPWOMLKLIIKFFAD77CC,17,80.64,住家用,鋼筋混凝土造,87年12月3日,十四層,
RPUNMLLLIIKFFCD77CC,20,184.03,集合住宅,鋼筋混凝土造,85年3月21日,十六層,
RPWNMLMLIIKFFAD87CC,10,271.40,住宅、停車空間,ＲＣ造,95年3月20日,五層,
RPUNMLMLIIKFFBD77CC,2,159.89,停車空間、住宅,鋼筋混凝土造,102年7月1日,三層,
RPSNMLQKIIKFFHR37DC,24,185.06,住商用,鋼筋混凝土造,80年4月23日,二層,
RPQNMLNLIIKFFHR86CC,34,76.17,住家用,鋼筋混凝土造,70年12月11日,五層,
RPQNMLNLIIKFFHR86CC,34,8.74,共有部分,鋼筋混凝土造,70年12月11日,五層,
RPQNMLNLIIKFFHR86CC,34,5.12,共有部分,鋼筋混凝土造,70年12月11日,五層,
RPXOMLNLIIKFFAD18CC,16,90.10,集合住宅,鋼筋混凝土造,89年4月6日,二十三層,
RPQNMLNLIIKFFCD57CC,21,59.64,住家用,鋼筋混凝土造,83年9月1日,七層,
RPQNMLNLIIKFFCD57CC,21,20.87,共有部分,鋼筋混凝土造,83年9月1日,七層,
RPPNMLOLIIKFFHR86CC,34,56.51,住家用,鋼筋混凝土造,70年11月5日,四層,
RPPNMLOLIIKFFHR86CC,34,14.22,共有部分,鋼筋混凝土造,70年11月5日,四層,
RPQNMLPLIIKFFAD57CC,44,42.26,住家用,加強磚造,60年12月22日,一層,
RPRNMLPLIIKFFAD67CC,27,81.12,住家用,鋼筋混凝土造,77年8月25日,七層,
RPQNMLQLIIKFFAD67CC,9,113.56,店舖、住宅、停車空間,ＲＣ造,95年7月7日,五層,
RPRNMLQLIIKFFER96CC,21,152.03,集合住宅,鋼筋混凝土造,84年3月2日,十一層,
RPWNMLRLIIKFFCD68DC,29,52.30,住商用,鋼筋混凝土造,75年7月14日,四層,
RPPNMLSLIIKFFBD87CC,20,129.38,住家用,鋼筋混凝土造,84年9月13日,三層,
RPTNMLKMIIKFFBD57CC,26,737.89,住工用,鐵骨加強磚,79年3月27日,二層,
RPPOMLKMIIKFFAD17CC,18,64.78,集合住宅,鋼筋混凝土造,87年4月20日,十四層,
RPTNMLKMIIKFFCD67CC,,249.83,店舖、停車空間,鋼骨構造,104年4月20日,一層,
RPUNMLKMIIKFFCD77CC,18,117.34,住家用,鋼筋混凝土造,86年7月29日,八層,
RPUNMLKMIIKFFCD77CC,18,16.40,共有部分,鋼筋混凝土造,86年7月29日,八層,
RPUNMLKMIIKFFCD77CC,18,25.80,共有部分,鋼筋混凝土造,86年7月29日,八層,
RPPNMLPJIIKFFHR76CC,21,22.31,住家用,鋼筋混凝土造,83年7月1日,五層,
RPOOMLPKIIKFFHR86CC,26,282.31,辦公室、宿舍、廠房。,Ｒ．Ｃ造鐵骨造。,78年9月18日,二層,
RPPQMLOKIIKFFHR07CC,17,505.74,見使用執照,鋼造,87年8月20日,一層,
RPQPMLOKIIKFFHR07CC,30,85.00,住家用,鋼筋混凝土造,74年11月27日,二層,
RPUNMLNKIIKFFHR17CC,20,13.10,見其他登記事項,鋼造,85年1月30日,一層,
RPUNMLQJIIKFFHR37CC,3,59.44,店舖，住宅,鋼筋混凝土造,102年2月5日,四層,
RPPNMLOJIIKFFHR66CC,15,32.63,住家用,鋼筋混凝土造,90年1月10日,十一層,
RPPNMLOJIIKFFHR66CC,15,8.74,共有部分,鋼筋混凝土造,90年1月10日,十一層,
RPPNMLOJIIKFFHR66CC,15,5.50,共有部分,鋼筋混凝土造,90年1月10日,十一層,
