﻿編號,屋齡,建物移轉面積平方公尺,主要用途,主要建材,建築完成日期,總層數,建物分層
The serial number,room age,building shifting area square meter,the main use,main building materials,construction completes the date,total layer,building lamination
RPQNMLLJQHKFFDE08CC,37,62.58,,鋼筋混凝土造,67年5月19日,四層,
RPUNMLNJQHKFFDE68CC,3,160.09,住商用,鋼筋混凝土造,101年10月24日,五層,
RPPNMLMJQHKFFBE87CC,18,204.96,住商用,鋼筋混凝土造,86年4月21日,三十五層,
RPPNMLLJQHKFFBE77CC,22,37.11,住家用,鋼筋混凝土造,82年8月17日,七層,
RPTNMLNJQHKFFDE58CC,3,160.09,住商用,鋼筋混凝土造,101年10月24日,五層,
RPUNMLNJQHKFFAE38CC,3,16.43,住家用,鋼筋混凝土造,101年11月21日,十五層,
RPPOMLNJQHKFFEE38CC,25,335.62,商業用,鋼骨造,79年2月2日,一層,
RPROMLNJQHKFFCE38CC,21,29.41,住家用,鋼筋混凝土造,83年10月1日,二十層,
RPROMLNJQHKFFCE38CC,21,13.62,見使用執照,鋼筋混凝土造,83年10月1日,二十層,
RPVNMLNJQHKFFDE78CC,19,130.16,商業用,見使用執照,85年2月5日,一層,
RPOOMLNJQHKFFAE87CC,77,77.70,商業用,加強磚造,27年2月1日,四層,
RPQNMLOJQHKFFGE68CC,31,133.33,住商用,鋼筋混凝土造,73年5月11日,三層,
RPVNMLNJQHKFFIE66CC,34,78.11,住家用,鋼筋混凝土造,70年4月9日,五層,
RPOPMLOJQHKFFGE68CC,21,75.87,住家用,鋼筋混凝土造,83年7月23日,十六層,
RPOPMLOJQHKFFGE68CC,21,9.76,住家用,鋼筋混凝土造,83年7月23日,十六層,
RPOPMLOJQHKFFGE68CC,21,32.22,共有部份,鋼筋混凝土造,83年7月23日,十六層,
RPROMLOJQHKFFEE68CC,7,172.89,住家用,鋼筋混凝土造,97年4月10日,十五層,
RPXNMLOJQHKFFAE78CC,3,269.35,住家用,鋼筋混凝土造,101年10月3日,十八層,
RPVOMLPJQHKFFDE09CC,20,23.79,住家用,鋼筋混凝土造,84年6月15日,二十一層,
RPVOMLPJQHKFFDE09CC,20,12.83,見使用執照,鋼筋混凝土造,84年6月15日,二十一層,
RPXNMLPJQHKFFDE56CC,18,207.25,住家用,鋼筋混凝土造,86年7月8日,二十一層,
RPSNMLPJQHKFFFE88CC,28,162.49,住商用,鋼筋混凝土造,76年9月15日,三層,
RPVNMLQJQHKFFDE09CC,1,237.54,住家用,鋼筋混凝土造,103年5月1日,五層,
RPWNMLQJQHKFFDE56CC,34,90.81,,鋼筋混凝土造,70年12月10日,十二層,
RPWNMLQJQHKFFDE56CC,34,12.51,,鋼筋混凝土造,70年12月10日,十二層,
RPXNMLQJQHKFFDE66CC,41,109.02,,加強磚造,63年11月8日,三層,
RPQSMLPJQHKFFEE09CC,9,75.33,店舖，集合住宅，停車空間,鋼筋混凝土造,95年11月14日,五層,
RPSSMLPJQHKFFEE66CC,23,70.16,住家用,鋼筋混凝土造,81年6月18日,六層,
RPWOMLPJQHKFFEE66CC,17,101.51,住商用,鋼筋混凝土造,87年11月6日,十三層,
RPUNMLRJQHKFFAE78CC,5,52.29,商業用,鋼骨造,99年7月29日,二層,
RPWNMLRJQHKFFAE98CC,6,143.55,商業用,鋼筋混凝土造,98年8月18日,十三層,
RPWNMLRJQHKFFAE98CC,6,93.78,商業用,鋼筋混凝土造,98年8月18日,十三層,
RPQOMLRJQHKFFAE48CC,9,127.49,住家用,鋼筋混凝土造,95年2月21日,二十五層,
RPQOMLRJQHKFFAE48CC,9,15.82,住家用,鋼筋混凝土造,95年2月21日,二十五層,
RPQOMLRJQHKFFAE48CC,9,96.20,共有部份,鋼筋混凝土造,95年2月21日,二十五層,
RPVOMLRJQHKFFAE98CC,27,174.35,,鋼筋混凝土造,77年4月29日,十二層,
RPQQMLQJQHKFFGE56CC,43,202.95,住商用,加強磚造,61年6月5日,三層,
RPVNMLRJQHKFFDE56CC,43,170.50,住商用,鋼筋混凝土結構造,62年1月10日,三層,
RPOOMLRJQHKFFDE58CC,41,83.36,,加強磚造,63年5月29日,三層,
RPTNMLRJQHKFFDE98CC,12,105.87,住商用,鋼筋混凝土造,92年12月17日,十一層,
RPTNMLRJQHKFFDE98CC,12,69.46,住商用,鋼筋混凝土造,92年12月17日,十一層,
RPVOMLRJQHKFFEE76CC,38,162.76,,鋼筋混凝土造,66年3月27日,三層,
RPVNMLRJQHKFFIE07CC,9,199.85,店舖、住宅、樓梯間,鋼筋混凝土造,95年5月30日,三層,
RPOPMLRJQHKFFEE78CC,5,124.91,住家用,鋼筋混凝土造,99年11月24日,十四層,
RPUQMLRJQHKFFEE86CC,1,50.38,住家用,鋼筋混凝土造,103年3月27日,十五層,
RPUQMLRJQHKFFEE86CC,1,5.87,住家用,鋼筋混凝土造,103年3月27日,十五層,
RPUQMLRJQHKFFEE86CC,1,29.11,本共有部分之項目有防空避難室兼停車空間、停車空間、梯間、門廳、門廊、管理委員會使用空間、走廊、立體架構投影、機械室、水箱、夾層、遮、陽台等１３項。,鋼筋混凝土造,103年3月27日,十五層,
RPPOMLKKQHKFFGE38CC,38,148.20,住商用,鋼筋混凝土造,66年12月21日,三層,
RPVNMLKKQHKFFFE78CC,44,82.40,住家用,加強磚造,60年9月20日,二層,
RPPOMLLKQHKFFDE18CC,25,400.39,,鋼筋混凝土造,79年2月15日,十六層,
RPPOMLLKQHKFFDE18CC,25,326.09,,鋼筋混凝土造,79年2月15日,十六層,
RPVOMLLKQHKFFGE09CC,19,159.98,住商用,鋼筋混凝土造,85年4月26日,十七層,
RPSOMLLKQHKFFEE58CC,22,158.26,住家用,鋼筋混凝土造,82年11月15日,四層,
RPRNMLMKQHKFFGE68CC,20,56.91,住家用,鋼筋混凝土造,84年4月28日,十二層,
RPRNMLMKQHKFFGE68CC,20,10.27,住家用,鋼筋混凝土造,84年4月28日,十二層,
RPRNMLMKQHKFFGE68CC,20,17.52,共有部份,鋼筋混凝土造,84年4月28日,十二層,
RPWOMLKKQHKFFAE48CC,2,165.28,商業用,鋼骨構造,102年6月10日,二層,
RPRNMLNJQHKFFBE18CC,18,127.34,住家用,鋼筋混凝土造,86年4月21日,三十五層,
RPQNMLMJQHKFFBE97CC,18,120.60,住家用,鋼筋混凝土造,86年4月21日,三十五層,
RPOOMLMKQHKFFAE87CC,13,42.76,住家用,鋼筋混凝土造,91年6月18日,二十二層,
RPRQMLMKQHKFFCE58CC,7,192.13,住家用,鋼筋混凝土造,97年3月7日,二十九層,
RPSNMLNJQHKFFBE28CC,21,21.83,住家用,鋼筋混凝土造,83年6月30日,七層,
RPSNMLNJQHKFFBE28CC,21,12.61,見使用執照,鋼筋混凝土造,83年6月30日,七層,
RPQNMLKKQHKFFBE87CC,44,50.00,,鋼筋混凝土造,60年8月7日,四層,
RPWNMLMKQHKFFBE68CC,36,27.83,,鋼筋混凝土造,68年9月15日,十二層,
RPPNMLKKQHKFFBE77CC,44,20.00,,鋼筋混凝土造,60年8月7日,四層,
RPWNMLRJQHKFFBE09CC,8,114.79,住家用,鋼筋混凝土造,96年8月13日,十五層,
RPWNMLRJQHKFFBE09CC,8,25.94,住家用,鋼筋混凝土造,96年8月13日,十五層,
RPWNMLRJQHKFFBE09CC,8,66.59,,鋼筋混凝土造,96年8月13日,十五層,
RPSOMLMKQHKFFBE38CC,29,120.68,,鋼筋混凝土造,76年1月6日,十二層,
RPSOMLMKQHKFFBE38CC,29,6.36,,鋼筋混凝土造,76年1月6日,十二層,
RPROMLMKQHKFFBE28CC,58,36.00,,加強磚造,46年12月3日,四層,
RPROMLMKQHKFFBE28CC,58,.00,,加強磚造,46年12月3日,三層,
RPSNMLMKQHKFFGE78CC,22,53.21,共有部份,鋼筋混凝土造,82年5月22日,十層,
RPSNMLMKQHKFFGE78CC,22,84.75,住家用,鋼筋混凝土造,82年5月22日,十層,
RPSNMLMKQHKFFGE78CC,22,8.10,共有部份,鋼筋混凝土造,82年5月22日,十層,
RPSNMLMKQHKFFGE78CC,22,.73,共有部份,鋼筋混凝土造,82年5月22日,十層,
RPSPMLMKQHKFFGE98CC,8,123.87,店舖、集合住宅,鋼筋混凝土,96年12月15日,二十八層,
RPTOMLMKQHKFFBE48CC,57,94.16,,見使用執照,47年3月17日,二層,
RPTOMLMKQHKFFBE48CC,48,165.44,,加強磚造,56年11月12日,三層,
RPXNMLNKQHKFFAE78CC,10,90.64,住家用,鋼筋混凝土造,94年11月29日,十五層,
RPXNMLNKQHKFFAE78CC,10,62.71,共有部份,鋼筋混凝土造,94年11月29日,十五層,
RPWPMLMKQHKFFGE76CC,27,356.63,住商用,鋼筋混凝土造,78年1月20日,四層,
RPXRMLNKQHKFFAE56CC,26,233.47,商業用,鋼筋混凝土造,79年1月22日,十四層,
RPTNMLNKQHKFFDE68CC,42,94.96,,加強磚造,62年10月5日,二層,
RPSNMLNKQHKFFDE58CC,35,102.76,,鋼筋混凝土造,69年10月29日,五層,
RPSQMLNKQHKFFCE78CC,25,403.31,商業用,鋼筋混凝土造,79年7月4日,十二層,
RPQNMLNKQHKFFEE48CC,19,290.57,飲食店,鋼筋混凝土造,86年1月31日,一層,
RPQOMLOKQHKFFGE88CC,25,160.61,住家用,鋼筋混凝土造,80年1月5日,六層,
RPVNMLOKQHKFFAE68CC,3,52.35,住家用,鋼筋混凝土造,101年9月26日,十五層,
RPVNMLOKQHKFFAE68CC,3,6.28,住家用,鋼筋混凝土造,101年9月26日,十五層,
RPVNMLOKQHKFFAE68CC,3,36.05,本共有部分之項目有防空避難室兼停車空間、樓梯間、屋頂突出物、管理委員會使用空間、門廳、外廊、車道等７項。,鋼筋混凝土造,101年9月26日,十五層,
RPXNMLOKQHKFFAE88CC,4,93.26,住家用,鋼筋混凝土造,100年10月7日,十五層,
RPXNMLOKQHKFFAE88CC,4,6.47,住家用,鋼筋混凝土造,100年10月7日,十五層,
RPXNMLOKQHKFFAE88CC,4,68.49,見其他登記事項,鋼筋混凝土造,100年10月7日,十五層,
RPSNMLOKQHKFFAE38CC,2,153.47,住家用,鋼筋混凝土造,102年3月13日,二十六層,
RPSNMLOKQHKFFAE38CC,2,15.91,住家用,鋼筋混凝土造,102年3月13日,二十六層,
RPSNMLOKQHKFFAE38CC,2,109.50,本共有部分之項目有防空避難室、停車空間、電樓梯間、機械室、中繼室、管理委員會使用空間、水箱、頂蓋型開放空間、公共服務中心、防災中心、門廊、車道、管理員室等１３項。,鋼筋混凝土造,102年3月13日,二十六層,
RPOPMLOKQHKFFAE18CC,3,25.62,住家用,鋼筋混凝土造,101年11月21日,十五層,
RPXOMLOKQHKFFAE98CC,11,73.17,住家用,鋼筋混凝土造,93年10月25日,十五層,
RPSPMLNKQHKFFEE88CC,27,158.64,住家用,鋼筋混凝土造,77年12月21日,二層,
RPUPMLOKQHKFFEE56CC,21,100.00,住商用,鋼筋混凝土造,83年10月3日,五層,
RPRNMLOKQHKFFEE68CC,2,84.28,住家用,鋼筋混凝土造,102年11月11日,十五層,
RPRNMLOKQHKFFEE68CC,2,13.77,住家用,鋼筋混凝土造,102年11月11日,十五層,
RPRNMLOKQHKFFEE68CC,2,70.15,本共有部分之項目有防空避難室兼停車空間、停車空間、騎樓、管理委員會使用空間、門廳、梯間、門廊、車道面積、陽台、樓梯間、水箱、機械室等１２項。,鋼筋混凝土造,102年11月11日,十五層,
RPROMLNKQHKFFEE68CC,16,212.60,辦公室,鋼筋混凝土造,88年8月3日,二十九層,
RPPNMLPKQHKFFIE98CC,6,256.68,店舖、住宅、梯間,鋼骨構造,98年12月11日,二層,
RPWPMLRKQHKFFGE27CC,34,15.07,住商用,鋼筋混凝土造,70年6月11日,五層,
RPTOMLRKQHKFFEE66CC,4,217.81,住商用,鋼筋混凝土造,100年9月16日,四層,
RPVNMLRKQHKFFEE76CC,17,209.00,住商用,鋼筋混凝土結構造,87年12月16日,四層,
RPXNMLRKQHKFFAE56CC,8,54.94,住家用,鋼筋混凝土造,96年5月10日,十五層,
RPXNMLRKQHKFFAE56CC,8,27.01,防空避難室及停車空間、屋頂突出物、樓梯間、管理委員會使用空間,鋼筋混凝土造,96年5月10日,十五層,
RPPPMLRKQHKFFDE88CC,41,144.94,,加強磚造,63年8月12日,三層,
RPSNMLPKQHKFFBE58CC,32,61.62,,鋼筋混凝土造,72年3月5日,十二層,
RPQNMLPKQHKFFBE38CC,26,371.50,,鋼筋混凝土造,78年9月4日,十二層,
RPQOMLSKQHKFFBE78CC,28,32.61,,鋼筋混凝土造,76年11月10日,七層,
RPOOMLOKQHKFFBE18CC,49,94.13,,加強磚造,55年12月5日,二層,
RPVNMLRKQHKFFBE09CC,44,28.02,,加強磚造,60年3月8日,二層,
RPQPMLMKQHKFFBE28CC,42,253.91,,鋼筋混凝土加強磚造,62年4月28日,四層,
RPTNMLPKQHKFFBE68CC,22,115.70,商業用,鋼筋混凝土造,82年3月4日,二十八層,
RPRNMLPKQHKFFBE48CC,23,113.95,商業用,鋼骨混凝土造,81年12月30日,二十五層,
RPPNMLPKQHKFFBE28CC,26,60.69,,鋼筋混凝土造,78年11月9日,十二層,
RPUOMLMKQHKFFBE58CC,42,113.77,,加強磚造,62年2月27日,三層,
RPSOMLSKQHKFFBE98CC,43,202.32,,加強磚造,61年9月13日,三層,
RPTOMLSKQHKFFBE09CC,37,124.31,,鋼筋混凝土造,67年12月13日,五層,
RPTOMLSKQHKFFBE09CC,37,105.36,,鋼筋混凝土造,67年12月13日,五層,
RPSPMLSKQHKFFEE76CC,22,134.45,住商用,鋼筋混凝土造,82年5月10日,十二層,
RPPOMLSKQHKFFGE56CC,26,197.52,住家用,鋼筋混凝土造,79年1月2日,四層,
RPQNMLSKQHKFFGE56CC,34,86.10,住家用,鋼筋混凝土造,70年11月15日,七層,
RPQNMLSKQHKFFGE56CC,34,1.19,共有部份,鋼筋混凝土造,70年11月15日,七層,
RPQNMLSKQHKFFGE56CC,34,14.53,共有部份,鋼筋混凝土造,70年11月15日,七層,
RPQNMLSKQHKFFGE56CC,34,8.18,共有部份,鋼筋混凝土造,70年11月15日,七層,
RPROMLSKQHKFFGE76CC,26,197.52,住家用,鋼筋混凝土造,79年1月2日,四層,
RPSOMLSKQHKFFGE86CC,26,197.52,住家用,鋼筋混凝土造,79年1月2日,四層,
RPUOMLSKQHKFFBE56CC,30,136.33,,鋼筋混凝土造,75年2月7日,七層,
RPTPMLTKQHKFFCE76CC,17,103.31,住家用,鋼筋混凝土造,87年11月23日,二十三層,
RPTPMLTKQHKFFCE76CC,17,34.55,共有部份,鋼筋混凝土造,87年11月23日,二十三層,
RPUPMLTKQHKFFEE07CC,17,104.55,住家用,鋼筋混凝土造,87年2月17日,二十六層,
RPUPMLTKQHKFFEE07CC,17,15.53,住家用,鋼筋混凝土造,87年2月17日,二十六層,
RPUPMLTKQHKFFEE07CC,17,52.26,見使用執照,鋼筋混凝土造,87年2月17日,二十六層,
RPTNMLTKQHKFFIE17CC,14,500.66,見使用執照,鋼筋混凝土造,90年4月11日,三層,
RPSNMLKLQHKFFBE18CC,8,108.60,住家用,鋼筋混凝土造,96年5月15日,十五層,
RPQNMLKLQHKFFBE97CC,18,144.26,住家用,鋼筋混凝土造,86年4月21日,三十五層,
RPUNMLKLQHKFFBE38CC,50,56.71,,加強磚造,54年10月21日,二層,
RPWNMLKLQHKFFBE58CC,29,135.20,,鋼筋混凝土造,76年1月6日,十二層,
RPPOMLKLQHKFFBE97CC,41,183.60,,加強磚造,63年4月8日,四層,
RPRNMLKLQHKFFBE08CC,18,120.60,住家用,鋼筋混凝土造,86年4月21日,三十五層,
RPQNMLLLQHKFFGE58CC,13,128.37,店舖、停車空間、門廳,鋼骨造,91年11月6日,一層,
RPVNMLKLQHKFFGE98CC,48,167.20,住家用,加強磚造,56年12月30日,二層,
RPPOMLKLQHKFFGE48CC,20,169.11,商業用,鋼筋混凝土造,84年5月12日,十六層,
RPQNMLLLQHKFFBE08CC,22,170.09,商業用,鋼筋混凝土造,82年3月4日,二十八層,
RPQNMLLLQHKFFBE08CC,22,74.48,見使用執照,鋼筋混凝土造,82年3月4日,二十八層,
RPUNMLOLQHKFFBE78CC,25,45.16,,鋼筋混凝土造,79年5月30日,十九層,
RPTNMLOLQHKFFBE68CC,18,94.05,住家用,鋼筋混凝土造,86年4月21日,三十五層,
RPVNMLOLQHKFFBE88CC,25,37.54,,鋼筋混凝土造,79年11月30日,十二層,
RPPPMLOLQHKFFGE98CC,18,50.84,住家用,鋼筋混凝土造,86年6月27日,十四層,
RPTNMLOLQHKFFCE78CC,25,1139.02,見使用執照,鋼筋混凝土造,79年7月23日,十六層,
RPVNMLPLQHKFFCE09CC,21,38.50,住家用,鋼筋混凝土造,83年10月1日,二十層,
RPUOMLLLQHKFFEE88CC,21,112.59,住家用,鋼筋混凝土造,83年8月10日,七層,
RPWNMLOLQHKFFEE66CC,20,105.24,住家用,鋼筋混凝土造,85年1月3日,十二層,
RPVPMLTKQHKFFEE17CC,17,104.55,住家用,鋼筋混凝土造,87年2月17日,二十六層,
RPVPMLTKQHKFFEE17CC,17,25.17,住家用,鋼筋混凝土造,87年2月17日,二十六層,
RPVPMLTKQHKFFEE17CC,17,42.31,見使用執照,鋼筋混凝土造,87年2月17日,二十六層,
RPVNMLKLQHKFFAE38CC,3,109.55,住家用,鋼筋混凝土造,101年11月7日,十五層,
RPUPMLPLQHKFFDE66CC,19,19.17,住家用,鋼筋混凝土造,85年7月29日,十六層,
RPOOMLOLQHKFFDE48CC,19,167.15,住商用,鋼筋混凝土造,85年9月6日,十三層,
RPTOMLPLQHKFFDE09CC,31,38.00,,鋼筋混凝土造,73年9月27日,十二層,
RPTPMLPLQHKFFDE56CC,7,230.46,住家用,鋼筋混凝土造,97年10月16日,五層,
RPWPMLPLQHKFFDE86CC,19,17.74,住家用,鋼筋混凝土造,85年7月29日,十六層,
RPUPMLOLQHKFFDE56CC,26,497.07,,鋼筋混凝土造,79年2月8日,十二層,
RPQNMLMLQHKFFDE38CC,21,45.98,商業用,鋼筋混凝土造,83年11月1日,十二層,
RPSPMLPLQHKFFDE09CC,22,83.50,住家用,鋼筋混凝土造,82年9月2日,十四層,
RPSPMLPLQHKFFDE09CC,22,24.98,見使用執照,鋼筋混凝土造,82年9月2日,十四層,
RPSNMLTKQHKFFDE56CC,56,33.53,住商用,加強磚造,48年11月25日,三層,
RPSNMLTKQHKFFDE56CC,53,26.94,住商用,加強磚造,51年3月30日,二層,
RPSNMLTKQHKFFDE56CC,53,66.44,住家用,加強磚造,51年3月30日,二層,
RPOPMLPLQHKFFDE68CC,26,367.91,,鋼筋混凝土造,79年2月8日,十二層,
RPOPMLPLQHKFFDE68CC,26,129.17,,鋼筋混凝土造,79年2月8日,十二層,
RPTNMLPLQHKFFAE68CC,8,326.31,住商用,鋼筋混凝土造,96年6月11日,五層,
RPXNMLQLQHKFFEE96CC,3,268.91,住商用,鋼筋混凝土造,101年9月14日,十三層,
RPVNMLRLQHKFFDE86DC,18,309.58,住商用,鋼筋混凝土造,87年1月22日,十四層,
RPPNMLQLQHKFFBE48CC,45,108.90,,加強磚造,59年12月9日,三層,
RPQNMLRLQHKFFIE76CC,3,99.00,店舖、住宅、樓梯間,鋼筋混凝土造,101年3月30日,四層,
RPWNMLQLQHKFFBE56CC,37,45.45,,鋼筋混凝土造,67年8月21日,十四層,
RPTNMLSLQHKFFAE98CC,28,110.32,住商用,鋼筋混凝土造,76年9月19日,五層,
RPPNMLSLQHKFFHE76DC,21,153.23,住家用,鋼筋混凝土造,83年12月16日,四層,
RPQOMLSLQHKFFEE56CC,26,159.03,住商用,鋼筋混凝土造,78年6月12日,十七層,
RPQOMLSLQHKFFEE56CC,26,32.84,住家用,鋼筋混凝土造,78年6月12日,十七層,
RPTNMLSLQHKFFEE76CC,1,47.62,住家用,鋼筋混凝土造,103年3月27日,十五層,
RPTNMLSLQHKFFEE76CC,1,8.59,住家用,鋼筋混凝土造,103年3月27日,十五層,
RPTNMLSLQHKFFEE76CC,1,58.38,本共有部分之項目有防空避難室兼停車空間、停車空間、梯間、門廳、門廊、管理委員會使用空間、走廊、立體架構投影、機械室、水箱、夾層、遮、陽台等１３項。,鋼筋混凝土造,103年3月27日,十五層,
RPUNMLRLQHKFFDE66CC,3,67.05,住家用,鋼筋混凝土造,101年6月5日,二十二層,
RPUNMLRLQHKFFDE66CC,3,30.73,共有部份,鋼筋混凝土造,101年6月5日,二十二層,
RPRNMLKMQHKFFBE18CC,18,126.67,住家用,鋼筋混凝土造,86年4月21日,三十五層,
RPQNMLLMQHKFFBE18CC,26,43.74,,鋼筋混凝土造,78年11月9日,十二層,
RPSNMLKMQHKFFBE28CC,18,126.61,住家用,鋼筋混凝土造,86年4月21日,三十五層,
RPPNMLKMQHKFFBE97CC,18,113.39,住家用,鋼筋混凝土造,86年4月21日,三十五層,
RPQNMLKMQHKFFBE08CC,18,135.47,住家用,鋼筋混凝土造,86年4月21日,三十五層,
RPRNMLTLQHKFFBE98CC,34,109.39,,鋼筋混凝土造,71年2月26日,十二層,
RPRNMLTLQHKFFBE98CC,34,6.08,,鋼筋混凝土造,71年2月26日,十二層,
RPRNMLSLQHKFFBE88CC,6,188.22,住家用,鋼筋混凝土造,98年11月9日,二十四層,
RPRNMLSLQHKFFBE88CC,6,30.66,住家用,鋼筋混凝土造,98年11月9日,二十四層,
RPRNMLSLQHKFFBE88CC,6,119.37,本共有部分之項目有防空避難室兼停車空間、公共服務空間、樓梯間、門廊、延街步道式開放空間、蓄水池、垃圾暫存室、防災中心、管理員室、管委會使用空間、管道間、梯廳、雨遮、陽台、中繼水箱機械室、水箱。,鋼筋混凝土造,98年11月9日,二十四層,
RPXNMLQLQHKFFBE66CC,20,141.96,商業用,鋼筋混凝土造,84年12月14日,十二層,
RPXNMLQLQHKFFBE66CC,20,26.92,見使用執照,鋼筋混凝土造,84年12月14日,十二層,
RPTOMLRLQHKFFBE09CC,39,34.12,,鋼筋混凝土造,65年11月24日,十層,
RPRNMLLMQHKFFDE48CC,21,74.25,商業用,鋼筋混凝土造,83年11月1日,十二層,
RPSNMLLMQHKFFDE58CC,21,84.29,住家用,鋼筋混凝土造,83年3月17日,七層,
RPXNMLLMQHKFFAE78CC,9,59.56,防空避難室、停車空間、樓梯間、電梯機械室、水箱、排煙室,鋼筋混凝土造,96年2月8日,十五層,
RPXNMLLMQHKFFAE78CC,9,89.52,住家用,鋼筋混凝土造,96年2月8日,十五層,
RPVNMLLMQHKFFAE58CC,38,94.65,,鋼筋混凝土造,66年12月20日,五層,
RPPOMLLMQHKFFCE28CC,1,94.90,住家用,鋼筋混凝土造,103年7月31日,十一層,
RPROMLLMQHKFFCE48CC,3,91.60,集合住宅,鋼筋混凝土造,102年1月29日,十五層,
RPROMLLMQHKFFCE48CC,3,51.02,本共有部分之項目有防空避難室兼停車空間、管委會使用空間、電樓梯間及機械室水箱等４項。,鋼筋混凝土造,102年1月29日,十五層,
RPSOMLLJRHKFFCE38CC,3,80.70,集合住宅,鋼筋混凝土造,102年1月29日,十五層,
RPSOMLLJRHKFFCE38CC,3,16.10,集合住宅,鋼筋混凝土造,102年1月29日,十五層,
RPSOMLLJRHKFFCE38CC,3,83.10,本共有部分之項目有防空避難室兼停車空間、管委會使用空間、電樓梯間及機械室水箱等４項。,鋼筋混凝土造,102年1月29日,十五層,
RPWOMLLJRHKFFFE09CC,20,136.39,住家用,鋼筋混凝土造,84年11月18日,二十四層,
RPWNMLLMQHKFFGE66CC,2,204.20,店舖、集合住宅,鋼筋混凝土,102年6月20日,十五層,
RPQOMLLMQHKFFCE38CC,9,84.22,住家用,鋼筋混凝土造,95年3月14日,十四層,
RPQOMLLMQHKFFCE38CC,9,36.63,共有部份,鋼筋混凝土造,95年3月14日,十四層,
RPXNMLLJRHKFFDE88CC,26,218.34,,鋼筋混凝土造,78年10月19日,七層,
RPXNMLLJRHKFFDE88CC,26,20.86,,鋼筋混凝土造,78年10月19日,七層,
RPXNMLLJRHKFFDE88CC,26,97.00,,鋼筋混凝土造,78年10月19日,七層,
RPSPMLLJRHKFFAE28CC,10,114.20,住家用,鋼筋混凝土造,94年8月19日,十四層,
RPSPMLLJRHKFFAE28CC,10,46.87,共有部份,鋼筋混凝土造,94年8月19日,十四層,
RPWNMLMJRHKFFBE68CC,49,58.91,,加強磚造,55年7月5日,三層,
RPSOMLLJRHKFFBE28CC,22,299.44,商業用,鋼筋混凝土造,82年9月24日,十七層,
RPVNMLMJRHKFFBE58CC,31,85.76,,鋼筋混凝土造,73年4月18日,五層,
RPPOMLMJRHKFFAE97CC,3,167.32,住家用,鋼筋混凝土造,101年10月25日,十五層,
RPOOMLMJRHKFFAE87CC,12,189.83,住商用,鋼筋混凝土造,92年6月10日,四層,
RPQOMLMJRHKFFAE08CC,47,222.44,住商用,加強磚造,57年11月19日,四層,
RPPPMLMJRHKFFAE08CC,10,83.88,住家用,鋼筋混凝土造,94年5月13日,十五層,
RPPPMLMJRHKFFAE08CC,10,32.90,共有部份,鋼筋混凝土造,94年5月13日,十五層,
RPSOMLMJRHKFFAE28CC,11,83.61,住家用,鋼筋混凝土造,93年10月25日,十五層,
RPTOMLMJRHKFFAE38CC,9,84.30,住家用,鋼筋混凝土造,95年4月14日,十五層,
RPSNMLLMQHKFFBE38CC,28,59.28,,鋼筋混凝土造,76年11月7日,五層,
RPTNMLLMQHKFFBE48CC,28,59.28,,鋼筋混凝土造,76年11月7日,五層,
RPVNMLLMQHKFFBE68CC,49,107.16,住商用,加強磚造,55年5月28日,二層,
RPPOMLLJRHKFFBE97CC,7,34.10,住家用,鋼筋混凝土造,97年9月19日,十三層,
RPPOMLLJRHKFFBE97CC,7,3.74,住家用,鋼筋混凝土造,97年9月19日,十三層,
RPPOMLLJRHKFFBE97CC,7,9.39,共有部份,鋼筋混凝土造,97年9月19日,十三層,
RPQOMLLJRHKFFBE08CC,29,112.00,,鋼筋混凝土造,75年6月2日,五層,
RPQOMLLJRHKFFBE08CC,29,8.68,,鋼筋混凝土造,75年6月2日,五層,
RPQOMLLJRHKFFBE08CC,29,7.28,,鋼筋混凝土造,75年6月2日,五層,
RPUNMLLJRHKFFBE38CC,,42.09,住家用,鋼筋混凝土造,104年3月6日,十四層,
RPUNMLLJRHKFFBE38CC,,9.98,住家用,鋼筋混凝土造,104年3月6日,十四層,
RPUNMLLJRHKFFBE38CC,,31.92,共有部份,鋼筋混凝土造,104年3月6日,十四層,
RPTOMLMJRHKFFCE58CC,47,36.30,,加強磚造,57年7月15日,二層,
RPVNMLMJRHKFFGE09CC,36,113.30,住商用,鋼筋混凝土造,68年11月18日,三層,
RPOOMLNJRHKFFCE18CC,46,54.98,,加強磚造,58年9月1日,二層,
RPTNMLNJRHKFFGE98CC,28,159.86,住商用,鋼筋混凝土造,76年9月15日,四層,
RPROMLNJRHKFFCE48CC,46,54.98,,加強磚造,58年9月1日,二層,
RPPNMLNJRHKFFEE38CC,3,150.08,商業用,鋼筋混凝土造,101年7月24日,十一層,
RPUPMLMJRHKFFEE98CC,6,165.85,商業用,鋼筋混凝土造,98年5月12日,十五層,
RPOPMLMJRHKFFEE38CC,2,66.21,店舖、辦公室,鋼骨構造,102年3月19日,一層,
RPTNMLNJRHKFFAE38CC,8,260.35,住商用,鋼筋混凝土造,96年6月11日,五層,
RPTNMLNJRHKFFBE48CC,19,156.36,商業用,鋼造,86年2月12日,二十七層,
RPTNMLNJRHKFFBE48CC,19,130.29,商業用,鋼造,86年2月12日,二十七層,
RPTNMLNJRHKFFBE48CC,19,230.56,見使用執照,鋼造,86年2月12日,二十七層,
RPUNMLNJRHKFFBE58CC,19,552.83,商業用,鋼骨混凝土造,85年3月26日,二十九層,
RPOOMLOJRHKFFGE68CC,3,100.17,集合住宅,鋼筋混凝土造,101年6月5日,十四層,
RPOOMLOJRHKFFGE68CC,3,60.35,本共有部分之項目有：防空避難室兼停車空間、停車空間、門廊、安全梯、緊急升降機、梯廳、排煙室、電梯、污水控制室、發電機室、門廳、進排風管道、過樑、廁所、社區活動室、管理站、活動室、社區教室、警衛室、走廊、管委會使用空間、樓梯間、水箱、電梯機械房等項。,鋼筋混凝土造,101年6月5日,十四層,
RPPOMLOJRHKFFEE58CC,25,56.56,辦公室,鋼筋混凝土造,79年3月26日,十九層,
RPVOMLOJRHKFFEE56CC,13,190.54,住商用,見使用執照,91年12月3日,四層,
RPSOMLOJRHKFFIE66CC,1,299.79,停車空間、住宅、樓梯間,鋼筋混凝土造,103年7月3日,五層,
RPXNMLOJRHKFFIE07CC,37,694.80,工業用,加強磚造,67年5月16日,三層,
RPQNMLPJRHKFFCE48CC,8,227.18,住商用,鋼筋混凝土造,96年3月12日,四層,
RPRNMLOJRHKFFDE58CC,18,94.01,住家用,鋼筋混凝土造,86年7月29日,二十二層,
RPRNMLOJRHKFFDE58CC,18,67.31,見使用執照,鋼筋混凝土造,86年7月29日,二十二層,
RPRNMLPJRHKFFDE68CC,24,103.05,,鋼筋混凝土造,80年12月19日,十八層,
RPSOMLMJRHKFFDE58CC,20,33.06,住家用,鋼筋混凝土造,84年6月15日,二十一層,
RPWOMLMJRHKFFDE98CC,23,79.62,見使用執照,鋼筋混凝土造,81年8月4日,十二層,
RPUOMLNJRHKFFDE88CC,35,85.45,,鋼筋混凝土造,69年2月28日,五層,
RPROMLMJRHKFFDE48CC,17,59.00,住家用,鋼筋混凝土造,87年6月26日,十四層,
RPROMLMJRHKFFDE48CC,17,37.47,見使用執照,鋼筋混凝土造,87年6月26日,十四層,
RPQNMLPJRHKFFDE58CC,20,266.38,住家用,鋼筋混凝土造,84年6月26日,十二層,
RPQNMLPJRHKFFDE58CC,20,26.14,見使用執照,鋼筋混凝土造,84年6月26日,十二層,
RPTOMLNJRHKFFDE78CC,21,101.03,住家用,鋼筋混凝土造,84年1月26日,七層,
RPVOMLMJRHKFFDE88CC,3,261.87,住商用,鋼筋混凝土造,101年10月24日,五層,
RPOOMLLJRHKFFDE08CC,26,218.34,,鋼筋混凝土造,78年10月19日,七層,
RPOOMLLJRHKFFDE08CC,26,20.86,,鋼筋混凝土造,78年10月19日,七層,
RPOOMLLJRHKFFDE08CC,26,97.00,,鋼筋混凝土造,78年10月19日,七層,
RPROMLRJRHKFFDE98CC,19,65.32,住商用,鋼筋混凝土造,85年12月10日,十四層,
RPROMLRJRHKFFDE98CC,19,13.64,見使用執照,鋼筋混凝土造,85年12月10日,十四層,
RPWPMLRJRHKFFEE07CC,20,242.19,商業用,鋼筋混凝土造,84年10月19日,二十一層,
RPWOMLSJRHKFFEE07CC,8,153.87,住家用,鋼筋混凝土造,96年4月10日,十五層,
RPPPMLRJRHKFFDE88CC,45,245.58,住商用,加強磚造,59年5月9日,三層,
RPUNMLSJRHKFFDE66CC,43,196.26,,加強磚造,62年1月30日,三層,
RPRPMLRJRHKFFGE76CC,1,131.16,店舖、集合住宅,鋼筋混凝土造,103年10月13日,十五層,
RPRPMLRJRHKFFGE76CC,1,100.46,本共有部分之項目有停車空間、防空避難室兼停車空間、公共服務空間、車道、門廳、樓梯間、機械室、水箱等項。,鋼筋混凝土造,103年10月13日,十五層,
RPPOMLSJRHKFFBE68CC,34,53.15,,鋼筋混凝土造,70年4月24日,七層,
RPQOMLSJRHKFFBE78CC,41,122.07,,加強磚造,64年2月22日,三層,
RPPNMLPJRHKFFBE28CC,34,17.49,,鋼筋混凝土造,70年4月24日,七層,
RPRNMLRJRHKFFBE68CC,19,2052.70,商業用,鋼筋混凝土造,86年1月20日,二十四層,
RPVNMLRJRHKFFBE09CC,18,122.31,住家用,鋼筋混凝土造,86年4月21日,三十五層,
RPQNMLTJRHKFFAE68CC,10,73.40,住家用,鋼筋混凝土造,94年5月31日,十五層,
RPQNMLTJRHKFFAE68CC,10,33.18,共有部份,鋼筋混凝土造,94年5月31日,十五層,
RPQNMLTJRHKFFAE68CC,10,4.15,住家用,鋼筋混凝土造,94年5月31日,十五層,
RPQNMLTJRHKFFCE88CC,18,119.32,住家用,鋼筋混凝土造,86年5月27日,二十七層,
RPQNMLTJRHKFFCE88CC,18,18.04,住家用,鋼筋混凝土造,86年5月27日,二十七層,
RPQNMLTJRHKFFCE88CC,18,42.19,見使用執照,鋼筋混凝土造,86年5月27日,二十七層,
RPPNMLKKRHKFFEE18CC,1,46.98,住家用,鋼筋混凝土造,103年3月27日,十五層,
RPPNMLKKRHKFFEE18CC,1,8.44,住家用,鋼筋混凝土造,103年3月27日,十五層,
RPPNMLKKRHKFFEE18CC,1,28.64,本共有部分之項目有防空避難室兼停車空間、停車空間、梯間、門廳、門廊、管理委員會使用空間、走廊、立體架構投影、機械室、水箱、夾層、遮、陽台等１３項。,鋼筋混凝土造,103年3月27日,十五層,
RPPNMLKKRHKFFCE97CC,8,310.52,餐廳,鋼筋混凝土造,96年10月26日,二層,
RPUNMLSJRHKFFAE98CC,5,75.82,住家用,鋼筋混凝土造,100年1月20日,十九層,
RPWNMLLKRHKFFGE56CC,43,101.79,住家用,加強磚造,61年12月1日,二層,
RPPNMLMKRHKFFAE97CC,19,198.90,住商用,鋼筋混凝土造,85年9月20日,四層,
RPPOMLLKRHKFFDE28CC,22,73.25,住商用,鋼筋混凝土造,83年2月8日,十三層,
RPOPMLLKRHKFFDE28CC,21,72.66,商業用,鋼筋混凝土造,83年11月1日,十二層,
RPWNMLTJRHKFFDE96CC,21,75.53,住家用,鋼筋混凝土造,83年12月29日,十三層,
RPOOMLSJRHKFFDE78CC,21,118.36,住家用,鋼筋混凝土造,83年12月29日,十三層,
RPOOMLTJRHKFFDE88CC,18,80.34,住家用,鋼筋混凝土造,87年1月22日,十四層,
RPQNMLOKRHKFFDE58CC,38,515.63,,鋼筋混凝土造,66年7月29日,三層,
RPROMLLKRHKFFDE48CC,22,70.48,住商用,鋼筋混凝土造,83年2月8日,十三層,
RPQNMLOKRHKFFCE48CC,40,157.38,住商用,鋼筋混凝土造,64年12月31日,三層,
RPXOMLOKRHKFFCE66CC,5,42.95,住家用,鋼筋混凝土造,100年1月25日,十五層,
RPXOMLOKRHKFFCE66CC,5,7.10,住家用,鋼筋混凝土造,100年1月25日,十五層,
RPXOMLOKRHKFFCE66CC,5,26.92,本共有部分之項目有防空避難室兼停車空間、管委會使用空間、自行車停車空間、門廊、外廊、陽台、梯廳、樓梯間、車道、水箱及機械室等１１項。,鋼筋混凝土造,100年1月25日,十五層,
RPRPMLOKRHKFFEE98CC,11,73.16,住家用,鋼筋混凝土造,93年12月27日,十三層,
RPUPMLOKRHKFFEE66CC,37,109.04,,加強磚造,67年4月24日,二層,
RPROMLOKRHKFFEE88CC,5,81.69,本共有部分之項目有防空避難室兼停車空間、停車空間、樓梯間、門廊、管委會使用空間、管道間、水箱、機械室、公共使用空間等９項。,鋼筋混凝土造,99年11月24日,十四層,
RPROMLOKRHKFFEE88CC,5,124.82,住家用,鋼筋混凝土造,99年11月24日,十四層,
RPOQMLOKRHKFFEE78CC,18,54.66,住家用,鋼筋混凝土造,87年1月16日,九層,
RPOQMLOKRHKFFEE78CC,18,8.98,住家用,鋼筋混凝土造,87年1月16日,九層,
RPOQMLOKRHKFFEE78CC,18,18.05,見使用執照,鋼筋混凝土造,87年1月16日,九層,
RPQNMLKKRHKFFEE28CC,1,45.36,住家用,鋼筋混凝土造,103年11月4日,十五層,
RPQNMLKKRHKFFEE28CC,1,7.11,住家用,鋼筋混凝土造,103年11月4日,十五層,
RPQNMLKKRHKFFEE28CC,1,38.53,本共有部分之項目有防空避難室兼停車空間、門廊、門廳、管委員會使用空間、停車空間、車道、樓梯間、機械房、水箱等９項。,鋼筋混凝土造,103年11月4日,十五層,
RPRQMLOKRHKFFEE09CC,2,84.42,住家用,鋼筋混凝土造,102年12月2日,二十五層,
RPRQMLOKRHKFFEE09CC,2,17.60,住家用,鋼筋混凝土造,102年12月2日,二十五層,
RPRQMLOKRHKFFEE09CC,2,54.30,本共有部分之項目有防空避難室兼停車空間、停車空間、騎樓、門廳、門廊、梯間、防災中心、車道投影、管理委員會使用空間、設備空間、樓梯間、水箱、機械室、陽台、雨遮等１５項。,鋼筋混凝土造,102年12月2日,二十五層,
RPXOMLPKRHKFFGE17CC,40,147.88,住商用,加強磚造,64年5月23日,三層,
RPQQMLOKRHKFFEE98CC,1,47.62,住家用,鋼筋混凝土造,103年3月27日,十五層,
RPQQMLOKRHKFFEE98CC,1,8.59,住家用,鋼筋混凝土造,103年3月27日,十五層,
RPQQMLOKRHKFFEE98CC,1,58.38,本共有部分之項目有防空避難室兼停車空間、停車空間、梯間、門廳、門廊、管理委員會使用空間、走廊、立體架構投影、機械室、水箱、夾層、遮、陽台等１３項。,鋼筋混凝土造,103年3月27日,十五層,
RPSNMLPKRHKFFJE86CC,24,153.20,住商用,鋼筋混凝土造,81年1月6日,三層,
RPPNMLPKRHKFFEE68CC,15,86.84,住家用,見使用執照,89年6月7日,二十一層,
RPXOMLPKRHKFFAE56CC,8,91.99,住家用,鋼筋混凝土造,96年11月30日,十五層,
RPSNMLQKRHKFFAE68CC,33,123.91,,鋼筋混凝土造,72年1月7日,十二層,
RPSNMLQKRHKFFAE68CC,33,139.84,,鋼筋混凝土造,72年1月7日,十二層,
RPPNMLQKRHKFFDE68CC,39,67.76,住商用,鋼筋混凝土造,65年3月5日,四層,
RPQNMLQKRHKFFDE78CC,39,74.91,,鋼筋混凝土造,66年2月11日,三層,
RPPNMLQKRHKFFCE58CC,17,181.59,商業用,鋼筋混凝土造,87年7月14日,二十八層,
RPOOMLQKRHKFFDE78DC,17,1091.88,商業用,鋼筋混凝土造,86年4月15日,二層,
RPVNMLQKRHKFFIE17CC,7,156.92,工業用,鋼骨構造,97年5月1日,一層,
RPTNMLRKRHKFFEE66CC,22,156.99,住商用,鋼筋混凝土造,82年7月2日,十四層,
RPTNMLRKRHKFFEE66CC,22,46.40,見使用執照,鋼筋混凝土造,82年7月2日,十四層,
RPUOMLQKRHKFFCE56CC,17,184.50,商業用,鋼筋混凝土造,87年7月14日,二十八層,
RPTNMLQKRHKFFEE56CC,16,90.97,住商用,鋼筋混凝土結構造,88年12月27日,十四層,
RPTNMLQKRHKFFEE56CC,16,19.85,見使用執照,見使用執照,88年12月27日,十四層,
RPWPMLRKRHKFFEE17CC,7,254.18,商業用,鋼筋混凝土造,97年3月19日,一層,
RPPNMLRKRHKFFDE78CC,30,87.25,,鋼筋混凝土造,74年5月4日,五層,
RPQNMLRKRHKFFCE78CC,8,217.42,住家用,鋼筋混凝土造,96年8月9日,四層,
RPQNMLRKRHKFFCE78CC,8,25.94,住家用,鋼筋混凝土造,96年8月9日,四層,
RPQNMLRKRHKFFCE78CC,8,2.61,住家用,鋼筋混凝土造,96年8月9日,四層,
RPQNMLRKRHKFFDE88CC,30,56.61,,鋼筋混凝土造,74年5月4日,五層,
RPRNMLSKRHKFFAE78CC,9,94.33,住家用,鋼筋混凝土造,95年8月8日,十五層,
RPRNMLSKRHKFFAE78CC,9,41.50,共有部份,鋼筋混凝土造,95年8月8日,十五層,
RPVNMLSKRHKFFGE17CC,34,52.59,見使用執照,鋼筋混凝土造,70年11月30日,五層,
RPQNMLOKRHKFFBE38CC,36,96.95,住商用,鋼筋混凝土造,68年5月9日,五層,
RPRNMLSKRHKFFBE88CC,47,76.91,住家用,加強磚造,57年4月18日,二層,
RPPNMLSKRHKFFBE68CC,18,94.55,住家用,鋼筋混凝土造,86年4月21日,三十五層,
RPRNMLOKRHKFFBE48CC,18,137.62,住家用,鋼筋混凝土造,86年4月21日,三十五層,
RPVNMLRKRHKFFBE56CC,37,79.40,,鋼筋混凝土造,68年2月22日,五層,
RPQNMLTJRHKFFBE78CC,8,146.91,住家用,鋼筋混凝土造,96年8月13日,十五層,
RPQNMLTJRHKFFBE78CC,8,28.32,住家用,鋼筋混凝土造,96年8月13日,十五層,
RPQNMLTJRHKFFBE78CC,8,79.06,,鋼筋混凝土造,96年8月13日,十五層,
RPWNMLOKRHKFFBE98CC,6,78.34,住家用,鋼筋混凝土造,98年12月22日,十五層,
RPWNMLOKRHKFFBE98CC,6,36.60,住家用,鋼筋混凝土造,98年12月22日,十五層,
RPWNMLOKRHKFFBE98CC,6,78.01,本共有部分之項目有停車空間、防空避難室、車道、梯間、樓梯間、機械室、水箱，等７項。,鋼筋混凝土造,98年12月22日,十五層,
RPPOMLTKRHKFFCE98CC,9,134.02,住家用,鋼筋混凝土結構造,96年1月26日,十五層,
RPPNMLTKRHKFFDE98CC,39,54.59,,鋼筋混凝土造,65年4月9日,四層,
RPRNMLTKRHKFFBE98CC,37,117.21,,鋼筋混凝土造,68年2月19日,五層,
RPRNMLLLRHKFFDE48CC,23,348.23,見使用執照,鋼筋混凝土造,81年3月5日,七層,
RPWNMLLLRHKFFDE98CC,35,79.86,,鋼筋混凝土造,69年7月22日,五層,
RPPNMLTKRHKFFAE68CC,11,86.42,住家用,鋼筋混凝土造,93年6月10日,十四層,
RPQNMLTKRHKFFAE78CC,32,113.25,,鋼筋混凝土造,72年5月19日,十二層,
RPRNMLLLRHKFFAE18CC,9,151.34,住商用,鋼筋混凝土造,95年10月13日,十五層,
RPRNMLLLRHKFFAE18CC,9,40.03,防空避難室、停車空間、樓梯間、機械室、水箱、管委會使用空間、外廊、車道,鋼筋混凝土造,95年10月13日,十五層,
RPXNMLLLRHKFFAE78CC,3,76.34,住家用,鋼筋混凝土造,101年9月26日,十五層,
RPXNMLLLRHKFFAE78CC,3,11.04,住家用,鋼筋混凝土造,101年9月26日,十五層,
RPXNMLLLRHKFFAE78CC,3,62.98,本共有部分之項目有防空避難室兼停車空間、樓梯間、屋頂突出物、管理委員會使用空間、門廳、外廊、車道等７項。,鋼筋混凝土造,101年9月26日,十五層,
RPSOMLLLRHKFFCE58CC,10,134.30,住家用,鋼筋混凝土造,94年12月28日,十五層,
RPTNMLLLRHKFFGE98CC,5,244.14,店舖、住宅、停車空間,鋼筋混凝土造,99年11月19日,五層,
RPPOMLLLRHKFFEE48CC,3,105.74,住家用,鋼筋混凝土造,101年11月21日,十五層,
RPPOMLLLRHKFFEE48CC,3,16.74,住家用,鋼筋混凝土造,101年11月21日,十五層,
RPPOMLLLRHKFFEE48CC,3,88.16,本共有部分之項目有停車空間、防空避難室兼停車空間、公共服務空間、管委會使用空間、門廊、頂蓋型開放空間、機電設備空間、梯廳、車道、梯間、樓梯間、機械室、水箱等１３項。,鋼筋混凝土造,101年11月21日,十五層,
RPOOMLLLRHKFFDE28CC,23,348.23,見使用執照,鋼筋混凝土造,81年3月5日,七層,
RPXNMLLLRHKFFDE09CC,23,348.23,見使用執照,鋼筋混凝土造,81年3月5日,七層,
RPXNMLMLRHKFFIE07CC,20,244.85,住家用,鋼筋混凝土造,84年3月22日,四層,
RPTNMLKKRHKFFLE66CC,23,156.96,住商用,鋼筋混凝土造,81年3月29日,四層,
RPROMLMLRHKFFGE98CC,23,73.60,住家用,鋼筋混凝土造,81年5月12日,九層,
RPTOMLMLRHKFFGE56CC,1,76.82,集合住宅,鋼筋混凝土,103年8月20日,十五層,
RPVNMLMLRHKFFCE88CC,17,74.43,住家用,鋼骨造,88年2月9日,三十九層,
RPVOMLMLRHKFFAE78CC,16,209.72,住商用,鋼筋混凝土造,88年7月29日,二十一層,
RPVOMLMLRHKFFAE78CC,16,67.70,共有部份,鋼筋混凝土造,88年7月29日,二十一層,
RPOOMLSKRHKFFDE98DC,27,56.46,,鋼筋混凝土造,77年4月26日,五層,
RPRNMLMLRHKFFEE68CC,19,73.51,見使用執照,鋼筋混凝土造,85年7月10日,十七層,
RPRNMLMLRHKFFEE68CC,19,53.93,住商用,鋼筋混凝土造,85年7月10日,十七層,
RPQOMLLLRHKFFEE58CC,1,51.81,住家用,鋼筋混凝土造,103年3月27日,十五層,
RPQOMLLLRHKFFEE58CC,1,5.35,住家用,鋼筋混凝土造,103年3月27日,十五層,
RPQOMLLLRHKFFEE58CC,1,55.55,本共有部分之項目有防空避難室兼停車空間、停車空間、梯間、門廳、門廊、管理委員會使用空間、走廊、立體架構投影、機械室、水箱、夾層、遮、陽台等１３項。,鋼筋混凝土造,103年3月27日,十五層,
RPUOMLLLRHKFFEE98CC,25,47.14,辦公室,鋼筋混凝土造,79年3月26日,十九層,
RPRPMLLLRHKFFEE78CC,23,222.02,住商用,鋼筋混凝土造,81年7月6日,二層,
RPQNMLNLRHKFFAE28CC,17,680.18,自用倉庫,鋼骨造,87年5月4日,一層,
RPQNMLNLRHKFFAE28CC,18,738.78,商業用,鋼骨造,87年1月23日,二層,
RPRNMLNLRHKFFDE68CC,15,160.79,住商用,鋼筋混凝土造,89年8月30日,十二層,
RPRPMLNLRHKFFGE56CC,21,87.49,住家用,鋼筋混凝土造,83年7月23日,十六層,
RPRPMLNLRHKFFGE56CC,21,11.01,住家用,鋼筋混凝土造,83年7月23日,十六層,
RPRPMLNLRHKFFGE56CC,21,24.55,共有部份,鋼筋混凝土造,83年7月23日,十六層,
RPSNMLOLRHKFFGE56CC,21,103.38,住家用,鋼筋混凝土造,83年9月23日,十五層,
RPSNMLOLRHKFFGE56CC,21,8.09,共有部份,鋼筋混凝土造,83年9月23日,十五層,
RPSOMLOLRHKFFCE88CC,18,149.64,住家用,鋼筋混凝土造,86年10月1日,十五層,
RPQPMLOLRHKFFEE98CC,9,49.85,住家用,鋼筋混凝土造,95年12月20日,五層,
RPWPMLOLRHKFFEE96CC,36,78.20,,加強磚造,68年12月5日,二層,
RPSQMLOLRHKFFEE66CC,9,56.47,住家用,鋼筋混凝土造,95年5月5日,十三層,
RPSQMLOLRHKFFEE66CC,9,24.13,見使用執照,鋼筋混凝土造,95年5月5日,十三層,
RPSNMLOLRHKFFAE58CC,2,169.06,住家用,鋼筋混凝土造,102年8月5日,二十四層,
RPSNMLOLRHKFFAE58CC,2,81.23,本共有部分之項目有防空避難室兼停車空間、頂蓋型開放空間、公共服務空間、樓梯間、管委會使用空間、防災中心、門廳、瓦斯遮斷室、中繼水箱、機械室、水箱等１１項。,鋼筋混凝土造,102年8月5日,二十四層,
RPTNMLOLRHKFFAE68CC,26,218.12,商業用,鋼筋混凝土造,79年1月22日,十三層,
RPVNMLLLRHKFFBE68CC,26,61.79,,鋼筋混凝土造,78年11月9日,十二層,
RPXNMLMLRHKFFBE98CC,32,69.15,,鋼筋混凝土造,73年1月21日,五層,
RPRNMLLLRHKFFBE28CC,23,477.68,商業用,鋼筋混凝土造,82年3月4日,二十八層,
RPSNMLLLRHKFFBE38CC,58,50.00,,加強磚造,46年12月3日,四層,
RPXNMLLLRHKFFBE88CC,26,56.86,,鋼筋混凝土造,78年11月9日,十二層,
RPUOMLOLRHKFFBE98CC,32,89.32,,鋼筋混凝土造,72年12月13日,十二層,
RPRNMLNLRHKFFBE48CC,23,255.83,商業用,鋼骨造,81年9月14日,二十八層,
RPRNMLNLRHKFFBE48CC,23,125.48,商業用,鋼骨混凝土造,81年9月14日,二十八層,
RPRNMLNLRHKFFBE48CC,23,56.38,商業用,鋼骨造,81年9月14日,二十八層,
RPUNMLNLRHKFFBE78CC,18,166.58,住商用,鋼筋混凝土造,86年4月21日,三十五層,
RPQOMLOLRHKFFBE58CC,38,52.15,,鋼筋混凝土造,66年11月10日,五層,
RPSOMLOLRHKFFBE78CC,34,17.49,,鋼筋混凝土造,70年4月24日,七層,
RPWNMLNLRHKFFBE98CC,1,148.53,住家用,鋼骨鋼筋混凝土造,103年9月1日,三十三層,
RPWNMLNLRHKFFBE98CC,1,20.68,住家用,鋼骨鋼筋混凝土造,103年9月1日,三十三層,
RPWNMLNLRHKFFBE98CC,1,106.56,共有部份,鋼骨鋼筋混凝土造,103年9月1日,三十三層,
RPXNMLOLRHKFFBE56CC,24,148.96,,鋼筋混凝土造,80年3月12日,十二層,
RPPOMLOLRHKFFBE48CC,26,100.40,,鋼筋混凝土造,78年11月9日,十二層,
RPOPMLPLRHKFFEE88CC,41,82.18,,加強磚造,63年10月19日,二層,
RPPPMLPLRHKFFEE98CC,21,121.45,住家用,鋼筋混凝土造,83年7月19日,十層,
RPPPMLPLRHKFFEE98CC,21,23.01,住家用,鋼筋混凝土造,83年7月19日,十層,
RPPPMLPLRHKFFEE98CC,21,42.56,住家用,鋼筋混凝土造,83年7月19日,十層,
RPTOMLPLRHKFFCE09CC,37,77.17,,鋼筋混凝土造,68年3月3日,五層,
RPROMLPLRHKFFGE66CC,13,36.39,店舖、住宅、停車空間、樓梯間,鋼筋混凝土造,91年10月18日,五層,
RPPNMLQLRHKFFAE48CC,60,36.36,,木造,44年12月10日,一層,
RPSOMLPLRHKFFAE78CC,26,336.63,商業用,鋼筋混凝土造,79年1月22日,十四層,
RPXNMLOLRHKFFAE09CC,3,94.66,住家用,鋼筋混凝土造,101年9月26日,十五層,
RPXNMLOLRHKFFAE09CC,3,66.79,本共有部分之項目有防空避難室兼停車空間、樓梯間、屋頂突出物、管理委員會使用空間、門廳、外廊、車道等７項。,鋼筋混凝土造,101年9月26日,十五層,
RPOOMLPLRHKFFAE38CC,11,93.39,住家用,鋼筋混凝土造,93年12月8日,十四層,
RPQNMLSLRHKFFCE98CC,21,132.46,住家用,鋼筋混凝土造,83年7月26日,十二層,
RPPNMLSLRHKFFEE09CC,16,217.14,住家用,鋼筋混凝土造,88年12月27日,二十八層,
RPWNMLTLRHKFFGE47CC,34,78.40,住商用,鋼筋混凝土造,70年10月26日,七層,
RPXNMLTLRHKFFLE08CC,31,290.00,見使用執照,鋼造,73年11月26日,一層,
RPXNMLTLRHKFFLE08CC,31,265.00,見使用執照,鋼造,73年11月26日,一層,
RPXNMLTLRHKFFLE08CC,31,72.00,見使用執照,加強磚造,73年11月26日,一層,
RPSNMLPLRHKFFDE98CC,37,144.85,,鋼筋混凝土造,67年7月18日,三層,
RPSNMLSLRHKFFDE66CC,28,78.32,,鋼筋混凝土造,76年8月14日,五層,
RPPNMLRLRHKFFDE88CC,46,31.68,住商用,加強磚造,58年8月16日,四層,
RPPNMLTLRHKFFDE09CC,8,315.46,店舖，辦公室,鋼骨鋼筋混凝土,96年11月27日,二層,
RPPOMLTLRHKFFAE88CC,7,132.55,住家用,鋼筋混凝土造,97年6月20日,十五層,
RPPOMLTLRHKFFAE88CC,7,51.53,共有部份,鋼筋混凝土造,97年6月20日,十五層,
RPWNMLTLRHKFFAE86CC,7,120.47,住家用,鋼筋混凝土造,97年8月26日,二十四層,
RPWNMLTLRHKFFAE86CC,7,72.60,住家用,鋼筋混凝土造,97年8月26日,二十四層,
RPOOMLTLRHKFFAE78CC,7,69.66,住家用,鋼筋混凝土造,97年8月26日,二十四層,
RPOOMLTLRHKFFAE78CC,7,36.22,住家用,鋼筋混凝土造,97年8月26日,二十四層,
RPQNMLTLRHKFFDE56CC,47,359.04,,鋼筋混凝土造,57年5月23日,三層,
RPROMLKMRHKFFAE28CC,12,155.39,住家用,鋼筋混凝土造,92年12月2日,二十三層,
RPVOMLKMRHKFFAE68CC,71,90.59,店舖、住宅,加強磚造,,四層,
RPWOMLKMRHKFFAE78CC,55,421.18,,加強磚造,49年10月30日,四層,
RPSOMLKMRHKFFDE68CC,19,215.96,住商用,鋼筋混凝土造,85年12月10日,十四層,
RPSOMLKMRHKFFDE68CC,19,45.11,見使用執照,鋼筋混凝土造,85年12月10日,十四層,
RPVNMLKMRHKFFFE09CC,39,93.44,住商用,鋼筋混凝土造,65年12月1日,二層,
RPVNMLKMRHKFFIE76CC,11,207.58,門廊、集合住宅,鋼筋混凝土造,93年11月30日,四層,
RPWOMLKMRHKFFEE56CC,22,163.54,住商用,鋼筋混凝土造,82年6月23日,八層,
RPROMLLJIIKFFEE67CC,21,274.98,住商用,鋼筋混凝土造,83年7月11日,五層,
RPWOMLLJIIKFFEE18CC,20,132.60,工業用,鋼筋混凝土造,84年5月2日,十三層,
RPWOMLLJIIKFFEE18CC,20,110.16,工業用,鋼筋混凝土造,84年5月2日,十三層,
RPWOMLLJIIKFFEE18CC,20,158.62,見使用執照,鋼筋混凝土造,84年5月2日,十三層,
RPSNMLLJIIKFFFE77CC,17,47.94,商業用,鋼筋混凝土造,87年4月30日,十七層,
RPSNMLLJIIKFFFE77CC,,16.93,共有部份,鋼筋混凝土造,,十七層,
RPUNMLLJIIKFFDE77CC,20,91.78,住商用,鋼筋混凝土造,85年2月15日,七層,
RPPOMLPLRHKFFBE58CC,27,72.50,,鋼筋混凝土造,77年6月23日,十二層,
RPOOMLTLRHKFFBE88CC,37,77.00,,加強磚造,67年11月8日,二層,
RPPNMLRLRHKFFBE68CC,21,14.86,住家用,鋼筋混凝土造,83年10月5日,十二層,
RPQNMLTLRHKFFBE98CC,26,59.54,,鋼筋混凝土造,78年11月9日,十二層,
RPQNMLQLRHKFFBE68CC,18,145.12,住家用,鋼筋混凝土造,86年4月21日,三十五層,
RPOOMLKMRHKFFBE08CC,26,49.62,,鋼筋混凝土造,78年11月9日,十二層,
RPQOMLPLRHKFFBE68CC,19,552.83,商業用,鋼骨混凝土造,85年3月26日,二十九層,
RPWNMLLJIIKFFBE77CC,34,96.58,,鋼筋混凝土造,71年2月26日,十二層,
RPRNMLLJIIKFFBE27CC,25,123.14,,鋼筋混凝土造,79年11月10日,十二層,
RPVNMLLJIIKFFBE67CC,31,190.33,,鋼筋混凝土造,73年8月28日,四層,
RPVNMLLJIIKFFBE67CC,31,98.93,,鋼筋混凝土造,73年8月28日,四層,
RPVNMLLJIIKFFBE67CC,31,306.99,,鋼筋混凝土造,73年8月28日,四層,
RPOOMLMJIIKFFFE57CC,39,107.64,住商用,鋼筋混凝土造,66年3月15日,三層,
RPXOMLMJIIKFFEE38CC,2,158.12,商業用,鋼筋混凝土造,102年5月29日,二十層,
RPQNMLPJIIKFFEE87CC,25,100.01,住商用,鋼筋混凝土造,79年4月17日,十三層,
RPQNMLPJIIKFFEE87CC,25,148.26,見使用執照,鋼筋混凝土造,79年4月17日,十三層,
RPROMLLJIIKFFDE57CC,9,47.32,住家用,鋼筋混凝土造,95年7月11日,十五層,
RPTNMLMJIIKFFDE77CC,20,54.13,住家用,鋼筋混凝土造,84年12月19日,二十六層,
RPSNMLMJIIKFFDE67CC,35,87.08,,鋼筋混凝土造,69年8月7日,五層,
RPPNMLRJIIKFFAE57CC,25,147.68,住家用,鋼筋混凝土造,80年3月22日,十四層,
RPOOMLMJIIKFFAE07CC,17,49.77,住家用,鋼筋混凝土造,87年8月4日,十四層,
RPOOMLMJIIKFFAE07CC,17,16.21,共有部份,鋼筋混凝土造,87年8月4日,十四層,
RPXNMLLJIIKFFAE77CC,9,201.03,住家用,鋼筋混凝土造,95年5月25日,十九層,
RPRPMLQJIIKFFAE87CC,20,102.86,住商用,鋼筋混凝土造,84年11月6日,十六層,
RPRPMLQJIIKFFAE87CC,20,84.93,見使用執照,鋼筋混凝土造,84年11月6日,十七層,
RPRPMLQJIIKFFAE87CC,20,93.17,住商用,鋼筋混凝土造,84年11月6日,十六層,
RPTNMLMJIIKFFAE47CC,12,51.76,住家用,鋼筋混凝土造,92年12月10日,五層,
RPTNMLMJIIKFFAE47CC,12,51.35,住家用,鋼筋混凝土造,92年12月10日,五層,
RPTNMLRJIIKFFAE97CC,26,55.80,商業用,鋼筋混凝土造,79年2月23日,十二層,
RPRNMLMJIIKFFAE27CC,25,79.84,住商用,鋼筋混凝土造,80年2月4日,十五層,
RPQOMLRJIIKFFAE77CC,21,90.90,住家用,鋼筋混凝土造,83年8月16日,十二層,
RPROMLRJIIKFFAE87CC,26,177.22,住商用,鋼筋混凝土造,79年3月23日,十四層,
RPUNMLRJIIKFFAE08CC,,346.54,店舖、住宅,鋼骨構造,104年7月28日,二層,
RPQOMLRJIIKFFDE08CC,40,69.46,,鋼筋混凝土造,64年5月26日,四層,
RPRNMLRJIIKFFDE08CC,21,82.86,住家用,鋼筋混凝土造,83年9月3日,二十三層,
RPRNMLRJIIKFFDE08CC,21,13.93,住家用,鋼筋混凝土造,83年9月3日,二十三層,
RPRNMLRJIIKFFDE08CC,21,28.54,見使用執照,鋼筋混凝土造,83年9月3日,二十三層,
RPROMLRJIIKFFDE18CC,48,227.93,住商用,加強磚造,56年10月26日,四層,
RPSNMLRJIIKFFDE18CC,25,168.50,,鋼筋混凝土造,79年12月11日,九層,
RPSNMLRJIIKFFGE48CC,34,82.32,住家用,鋼筋混凝土造,70年6月25日,五層,
RPPOMLPJIIKFFEE87CC,15,396.69,住商用,見使用執照,90年1月12日,二層,
RPPNMLRJIIKFFEE97CC,4,41.43,住家用,鋼筋混凝土造,100年10月28日,十五層,
RPPNMLRJIIKFFEE97CC,4,9.26,住家用,鋼筋混凝土造,100年10月28日,十五層,
RPPNMLRJIIKFFEE97CC,4,29.05,本共有部份之項目有樓梯間、門廳、騎樓、車道、停車空間、防空避難室兼停車空間、樓梯間機械室、水箱等８項。,鋼筋混凝土造,100年10月28日,十五層,
RPSNMLRJIIKFFIE78DC,21,32.31,住家用,鋼筋混凝土造,83年10月27日,五層,
RPQNMLSJIIKFFIE58CC,1,208.28,店舖、住宅、樓梯間,鋼筋混凝土造,103年12月9日,三層,
RPQNMLSJIIKFFEE18CC,18,164.81,住商用,鋼筋混凝土造,86年7月19日,十四層,
RPQNMLSJIIKFFEE18CC,18,19.89,見使用執照,鋼筋混凝土造,86年7月19日,十四層,
RPRNMLSJIIKFFDE18CC,51,96.27,住家用,加強磚造,52年9月23日,二層,
RPUNMLSJIIKFFDE48CC,35,268.00,,鋼筋混凝土造,69年11月26日,四層,
RPROMLSJIIKFFDE28CC,17,119.78,住商用,鋼筋混凝土造,86年7月29日,二十二層,
RPSOMLSJIIKFFDE38CC,19,64.22,住家用,鋼筋混凝土造,85年12月10日,十四層,
RPSOMLSJIIKFFDE38CC,19,19.74,見使用執照,鋼筋混凝土造,85年12月10日,十四層,
RPTNMLSJIIKFFAE08CC,7,13.22,商業用,鋼骨結構造,97年12月10日,二層,
RPPNMLTJIIKFFAE77CC,23,159.32,住家用,鋼筋混凝土造,81年7月17日,十四層,
RPQNMLTJIIKFFAE87CC,1,335.64,住家用,鋼筋混凝土造,103年4月3日,十八層,
RPRNMLTJIIKFFAE97CC,26,57.82,商業用,鋼筋混凝土造,79年2月16日,十二層,
RPSNMLTJIIKFFAE08CC,26,57.82,商業用,鋼筋混凝土造,79年2月16日,十二層,
RPRNMLTJIIKFFDE28CC,31,14.25,,鋼筋混凝土造,73年5月3日,四層,
RPQNMLTJIIKFFBE97CC,47,73.40,住家用,加強磚造,57年4月17日,四層,
RPUNMLRJIIKFFBE18CC,34,171.15,,鋼筋混凝土造,70年12月5日,十二層,
RPRNMLRJIIKFFBE87CC,6,78.34,住家用,鋼筋混凝土造,98年12月22日,十五層,
RPRNMLRJIIKFFBE87CC,6,36.60,住家用,鋼筋混凝土造,98年12月22日,十五層,
RPRNMLRJIIKFFBE87CC,6,54.34,本共有部分之項目有停車空間、防空避難室、車道、梯間、樓梯間、機械室、水箱，等７項。,鋼筋混凝土造,98年12月22日,十五層,
RPQNMLRJIIKFFBE77CC,8,73.92,住家用,鋼筋混凝土造,96年4月13日,十五層,
RPQNMLRJIIKFFBE77CC,8,22.15,住家用,鋼筋混凝土造,96年4月13日,十五層,
RPQNMLRJIIKFFBE77CC,8,49.09,共有部份,鋼筋混凝土造,96年4月13日,十五層,
RPXNMLRJIIKFFBE48CC,31,47.80,,鋼筋混凝土造,73年11月5日,十二層,
RPPNMLOJIIKFFBE37CC,18,129.59,住家用,鋼筋混凝土造,86年4月21日,三十五層,
RPROMLSJIIKFFBE08CC,25,122.83,,鋼筋混凝土造,80年1月5日,五層,
RPTNMLRJIIKFFBE08CC,24,230.74,商業用,鋼筋混凝土造,80年12月19日,十八層,
RPQNMLTJIIKFFEE28CC,26,47.58,住商用,鋼筋混凝土造,78年6月12日,十七層,
RPQNMLTJIIKFFEE28CC,26,31.79,住家用,鋼筋混凝土造,78年6月12日,十七層,
RPPNMLKKIIKFFDE27CC,42,196.56,,鋼筋混凝土造,62年10月11日,三層,
RPUOMLNKIIKFFEE28CC,16,57.61,住家用,見使用執照,88年4月14日,十三層,
RPWNMLNKIIKFFGE58CC,20,330.34,商業用,鋼筋混凝土造,84年10月4日,十九層,
RPRNMLMKIIKFFDE67CC,19,140.33,住家用,鋼筋混凝土造,85年10月19日,十四層,
RPRNMLNKIIKFFGE08CC,29,203.72,住商用,鋼筋混凝土造,75年12月1日,四層,
RPWOMLNKIIKFFEE48CC,2,46.98,住家用,鋼筋混凝土造,103年3月27日,十五層,
RPWOMLNKIIKFFEE48CC,2,8.44,住家用,鋼筋混凝土造,103年3月27日,十五層,
RPWOMLNKIIKFFEE48CC,2,57.91,本共有部分之項目有防空避難室兼停車空間、停車空間、梯間、門廳、門廊、管理委員會使用空間、走廊、立體架構投影、機械室、水箱、夾層、遮、陽台等１３項。,鋼筋混凝土造,103年3月27日,十五層,
RPVRMLNKIIKFFEE68CC,9,29.75,辦公室,加強磚造,95年10月30日,二層,
RPQOMLNKIIKFFAE47CC,36,55.60,,鋼筋混凝土造,68年9月24日,四層,
RPSPMLNKIIKFFIE58CC,2,42.30,停車空間、店舖、住宅、樓梯間,鋼筋混凝土造,102年12月10日,二層,
RPSOMLNKIIKFFAE67CC,26,186.08,住商用,鋼筋混凝土造,78年6月5日,八層,
RPXNMLNKIIKFFBE18CC,26,69.55,,鋼筋混凝土造,78年11月9日,十二層,
RPUOMLNKIIKFFBE97CC,28,141.28,,鋼筋混凝土造,77年1月13日,十二層,
RPXOMLNKIIKFFBE28CC,7,28.91,住家用,鋼筋混凝土造,97年9月19日,十三層,
RPXOMLNKIIKFFBE28CC,7,9.46,住家用,鋼筋混凝土造,97年9月19日,十三層,
RPXOMLNKIIKFFBE28CC,7,9.47,共有部份,鋼筋混凝土造,97年9月19日,十三層,
RPSOMLNKIIKFFBE77CC,23,58.40,住家用,鋼筋混凝土造,81年12月8日,四層,
RPWOMLNKIIKFFBE18CC,7,28.15,住家用,鋼筋混凝土造,97年9月19日,十三層,
RPWOMLNKIIKFFBE18CC,7,2.86,住家用,鋼筋混凝土造,97年9月19日,十三層,
RPWOMLNKIIKFFBE18CC,7,8.41,共有部份,鋼筋混凝土造,97年9月19日,十三層,
RPUNMLOKIIKFFDE18CC,10,58.55,住家用,鋼筋混凝土造,94年7月13日,十二層,
RPUNMLOKIIKFFDE18CC,10,4.26,住家用,鋼筋混凝土造,94年7月13日,十二層,
RPUNMLOKIIKFFDE18CC,10,3.04,住家用,鋼筋混凝土造,94年7月13日,十二層,
RPUNMLOKIIKFFDE18CC,10,35.71,防空避難室兼停車空間，停車空間，騎樓，管理委員會使用空間，門廳，車道，樓梯間，機械房，水箱,鋼筋混凝土造,94年7月13日,十二層,
RPROMLOKIIKFFGE28CC,21,49.58,見使用執照,鋼筋混凝土造,83年10月26日,十九層,
RPTNMLOKIIKFFEE18CC,8,112.83,住家用,鋼筋混凝土造,96年4月4日,十四層,
RPQOMLPKIIKFFDE97CC,23,790.45,見使用執照,鋼骨鋼筋混凝土造,81年8月21日,五十層,
RPSNMLPKIIKFFBE87CC,12,78.02,住家用,鋼筋混凝土造,92年11月28日,十四層,
RPRNMLOKIIKFFBE67CC,56,193.72,,鋼筋混凝土造,48年10月5日,三層,
RPTNMLPKIIKFFBE97CC,50,132.48,,加強磚造,54年6月11日,三層,
RPVOMLQKIIKFFDE58CC,37,89.05,,鋼筋混凝土造,68年2月8日,五層,
RPVOMLQKIIKFFAE28CC,7,188.58,商業用,鋼筋混凝土造,97年11月4日,十九層,
RPWNMLOKIIKFFCE28CC,6,79.49,住家用,鋼筋混凝土造,98年12月24日,十九層,
RPOOMLOKIIKFFCE57CC,6,63.08,住家用,鋼筋混凝土造,98年12月24日,十九層,
RPOOMLOKIIKFFCE57CC,6,39.22,本共有部分之項目有避難室兼停車空間、管委會使用空間、門廳、車道、防災中心、水池、水箱、樓梯間及機械室等九項。,鋼筋混凝土造,98年12月24日,十九層,
RPSOMLQKIIKFFCE18CC,17,39.90,住家用,鋼骨造,88年2月9日,三十九層,
RPPOMLOKIIKFFCE67CC,17,113.27,住家用,鋼骨造,88年2月9日,三十九層,
RPPOMLOKIIKFFCE67CC,17,41.55,共有部份,鋼骨造,88年2月9日,三十九層,
RPXNMLOKIIKFFCE38CC,3,91.60,集合住宅,鋼筋混凝土造,102年1月29日,十五層,
RPXNMLOKIIKFFCE38CC,3,120.08,本共有部分之項目有防空避難室兼停車空間、管委會使用空間、電樓梯間及機械室水箱等４項。,鋼筋混凝土造,102年1月29日,十五層,
RPQNMLOKIIKFFCE67CC,26,262.85,商業用,鋼筋混凝土造,79年2月21日,三層,
RPROMLMKIIKFFCE67CC,25,35.67,商業用,鋼筋混凝土造,79年3月23日,二十二層,
RPROMLMKIIKFFCE67CC,25,207.54,見使用執照,鋼筋混凝土造,79年3月23日,二十二層,
RPROMLMKIIKFFCE67CC,25,11.11,見使用執照,鋼筋混凝土造,79年3月23日,二十二層,
RPVNMLOKIIKFFCE18CC,17,93.23,住家用,鋼骨造,88年2月9日,三十九層,
RPVNMLOKIIKFFCE18CC,17,44.15,共有部份,鋼骨造,88年2月9日,三十九層,
RPSNMLRJIIKFFCE08CC,4,151.36,住家用,鋼筋混凝土結構造,100年6月22日,二十七層,
RPSNMLRJIIKFFCE08CC,4,22.63,住家用,鋼筋混凝土結構造,100年6月22日,二十七層,
RPSNMLRJIIKFFCE08CC,4,120.72,本共有部分之項目有防空避難室兼停車空間、出入口緩衝空間、門廊、公共服務空間、梯廳、樓梯間、防災中心、管理員室、垃圾暫存室、管委會使用空間、中繼水箱、機械室、陽台、雨遮及水箱等１５項。,鋼筋混凝土結構造,100年6月22日,二十七層,
RPXNMLQKIIKFFEE78CC,26,111.80,住商用,鋼筋混凝土造,79年2月8日,七層,
RPXNMLQKIIKFFEE78CC,26,97.39,住商用,鋼筋混凝土造,79年2月8日,七層,
RPRNMLRKIIKFFCE08CC,25,213.37,商業用,鋼筋混凝土造,79年7月23日,十六層,
RPRNMLRKIIKFFCE08CC,25,79.61,見使用執照,鋼筋混凝土造,79年7月23日,十六層,
RPPOMLQKIIKFFGE28CC,19,142.53,住家用,鋼筋混凝土造,86年2月28日,十六層,
RPPOMLQKIIKFFEE08CC,12,217.47,商業用,鋼骨造,93年2月4日,一層,
RPPNMLRKIIKFFAE67CC,28,119.22,,鋼筋混凝土造,76年12月12日,十二層,
RPXNMLTKIIKFFCE88CC,13,165.11,住商用,鋼筋混凝土造,91年6月19日,十四層,
RPXNMLTKIIKFFCE88CC,13,60.85,共有部份,鋼筋混凝土造,91年6月19日,十四層,
RPRNMLKLIIKFFFE77CC,10,226.32,住商用,鋼筋混凝土造,94年6月30日,四層,
RPROMLTKIIKFFEE58CC,4,131.66,住商用,鋼筋混凝土造,100年6月8日,二層,
RPOOMLTKIIKFFCE18DC,10,88.83,住家用,鋼筋混凝土造,94年12月28日,十五層,
RPOOMLTKIIKFFCE18DC,10,38.02,共有部份,鋼筋混凝土造,94年12月28日,十五層,
RPPOMLTKIIKFFAE97CC,11,86.08,住家用,鋼筋混凝土造,94年1月18日,十三層,
RPSOMLKLIIKFFAE47CC,36,254.12,,鋼筋混凝土造,69年4月10日,四層,
RPWOMLKLIIKFFGE48CC,35,135.84,住商用,鋼筋混凝土造,69年10月1日,三層,
RPSNMLKLIIKFFDE67CC,34,92.07,,鋼筋混凝土造,70年6月12日,五層,
RPVNMLLLIIKFFAE77CC,3,148.88,住家用,鋼骨鋼筋混凝土造,101年10月11日,三十層,
RPVNMLLLIIKFFAE77CC,3,19.97,住家用,鋼骨鋼筋混凝土造,101年10月11日,三十層,
RPVNMLLLIIKFFAE77CC,3,94.00,見其他登記事項,鋼骨鋼筋混凝土造,101年10月11日,三十層,
RPROMLKLIIKFFDE67CC,42,152.24,,加強磚造,62年4月28日,四層,
RPROMLLLIIKFFEE87CC,19,25.00,住商用,鋼筋混凝土造,86年2月3日,四層,
RPUOMLLLIIKFFEE18CC,19,17.00,住商用,鋼筋混凝土造,86年2月3日,四層,
RPPPMLLLIIKFFEE77CC,2,46.98,住家用,鋼筋混凝土造,103年3月27日,十五層,
RPPPMLLLIIKFFEE77CC,2,8.44,住家用,鋼筋混凝土造,103年3月27日,十五層,
RPPPMLLLIIKFFEE77CC,2,28.64,本共有部分之項目有防空避難室兼停車空間、停車空間、梯間、門廳、門廊、管理委員會使用空間、走廊、立體架構投影、機械室、水箱、夾層、遮、陽台等１３項。,鋼筋混凝土造,103年3月27日,十五層,
RPTNMLLLIIKFFBE67CC,11,215.71,住商用,鋼筋混凝土造,93年7月5日,十四層,
RPXNMLMLIIKFFBE18CC,37,12.97,,鋼筋混凝土造,67年11月11日,七層,
RPXNMLMLIIKFFBE18CC,37,76.23,,鋼筋混凝土造,67年11月11日,七層,
RPVNMLMLIIKFFBE97CC,52,62.16,,鋼筋混凝土加強磚造,53年3月7日,三層,
RPQNMLSKIIKFFBE97CC,18,129.59,住家用,鋼筋混凝土造,86年4月21日,三十五層,
RPQNMLRKIIKFFBE87CC,50,88.01,,加強磚造,54年6月30日,二層,
RPTNMLQKIIKFFBE08CC,25,152.76,,鋼筋混凝土造,79年4月18日,十二層,
RPXNMLMLIIKFFAE08CC,2,90.36,住商用,鋼筋混凝土造,102年6月4日,十五層,
RPXNMLMLIIKFFAE08CC,2,30.12,本共有部分之項目有防空避難室、停車空間、電樓梯間、機械室、水箱、管委會使用空間、門廊、車道等８項。,鋼筋混凝土造,102年6月4日,十五層,
RPXNMLNLIIKFFAE18CC,7,178.05,商業用,鋼筋混凝土造,97年11月4日,十九層,
RPPOMLNLIIKFFEE87CC,17,141.64,住商用,鋼筋混凝土造,87年11月13日,十四層,
RPXNMLNLIIKFFFE68CC,42,235.75,住家用,加強磚造,62年8月25日,三層,
RPPNMLOLIIKFFEE87CC,2,136.05,住家用,鋼筋混凝土造,102年5月31日,十五層,
RPWOMLLLIIKFFCE18CC,10,52.61,住家用,鋼筋混凝土造,95年3月2日,十五層,
RPWOMLLLIIKFFCE18CC,10,6.92,住家用,鋼筋混凝土造,95年3月2日,十五層,
RPWOMLLLIIKFFCE18CC,10,28.43,住商用,鋼筋混凝土造,95年3月2日,十五層,
RPOOMLLLIIKFFCE37CC,19,193.75,住商用,鋼筋混凝土造,85年10月29日,四層,
RPUNMLNLIIKFFBE97CC,16,23.90,住家用,鋼筋混凝土造,88年5月28日,十三層,
RPUNMLNLIIKFFBE97CC,16,9.82,避難室，機械室，停車空間，電樓梯間,鋼筋混凝土造,88年5月28日,十三層,
RPQNMLOLIIKFFBE67CC,34,33.18,,鋼筋混凝土造,71年2月27日,十二層,
RPROMLMLIIKFFBE67CC,34,90.43,,鋼筋混凝土造,70年10月20日,十一層,
RPROMLMLIIKFFBE67CC,34,17.24,,鋼筋混凝土造,70年10月20日,十一層,
RPQNMLPLIIKFFBE77CC,18,113.39,住家用,鋼筋混凝土造,86年4月21日,三十五層,
RPPNMLPLIIKFFBE67CC,18,90.05,住家用,鋼筋混凝土造,86年4月21日,三十五層,
RPTOMLMLIIKFFBE87CC,18,165.83,商業用,鋼筋混凝土造,86年12月30日,十三層,
RPTOMLMLIIKFFBE87CC,18,129.19,避難室、停車空間、電樓梯間,鋼筋混凝土造,86年12月30日,十三層,
RPVNMLQLIIKFFBE38CC,16,196.97,商業用,鋼筋混凝土造,88年11月3日,三層,
RPOPMLQLIIKFFCE97CC,20,212.32,住商用,鋼筋混凝土造,85年1月17日,十六層,
RPOPMLQLIIKFFCE97CC,20,15.56,住商用,鋼筋混凝土造,85年1月17日,十六層,
RPOPMLQLIIKFFCE97CC,20,88.52,見使用執照,鋼筋混凝土造,85年1月17日,十六層,
RPQPMLQLIIKFFCE18CC,20,209.35,住商用,鋼筋混凝土造,84年12月29日,十六層,
RPQPMLQLIIKFFCE18CC,20,25.51,住商用,鋼筋混凝土造,84年12月29日,十六層,
RPQPMLQLIIKFFCE18CC,20,92.24,見使用執照,鋼筋混凝土造,84年12月29日,十六層,
RPRPMLQLIIKFFCE28CC,6,85.52,住家用,鋼筋混凝土造,98年12月24日,十九層,
RPRPMLQLIIKFFCE28CC,6,21.42,住家用,鋼筋混凝土造,98年12月24日,十九層,
RPRPMLQLIIKFFCE28CC,6,59.86,本共有部分之項目有避難室兼停車空間、管委會使用空間、門廳、車道、防災中心、水池、水箱、樓梯間及機械室等九項。,鋼筋混凝土造,98年12月24日,十九層,
RPUPMLQLIIKFFCE58CC,36,79.67,,鋼筋混凝土造,68年6月12日,五層,
RPQOMLQLIIKFFGE48CC,2,253.34,店舖、住宅、樓梯間,鋼骨構造,102年6月20日,二層,
RPQOMLQLIIKFFGE48CC,2,255.76,店舖、住宅、樓梯間,鋼骨構造,102年6月20日,二層,
RPVOMLQLIIKFFIE56CC,4,367.00,住家用,鋼筋混凝土造,101年3月30日,五層,
RPXNMLQLIIKFFAE48CC,9,153.45,住家用,鋼筋混凝土造,95年12月5日,十九層,
RPXNMLQLIIKFFAE48CC,9,15.73,住家用,鋼筋混凝土造,95年12月5日,十九層,
RPXNMLQLIIKFFAE48CC,9,97.42,防空避難室兼停車空間、頂蓋型沿街步道式開放空間、門廳、雨遮、屋頂突出物、頂蓋型廣場式開放空間、陽台、管理員室、門廊、中繼水箱、管理委員會使用空間,鋼筋混凝土造,95年12月5日,十九層,
RPUOMLRLIIKFFGE98CC,16,49.16,住商用,鋼筋混凝土造,88年6月20日,九層,
RPWNMLRLIIKFFGE09CC,25,229.35,住商用,鋼筋混凝土造,79年7月16日,四層,
RPQNMLRLIIKFFAE87CC,26,205.30,住商用,鋼筋混凝土造,79年4月20日,二十層,
RPTOMLRLIIKFFEE68CC,10,100.10,住家用,鋼筋混凝土造,94年11月14日,十五層,
RPTOMLRLIIKFFEE68CC,10,62.52,電樓梯間，屋頂突出物，管理委員會，頂蓋型開放空間，避難室，停車空間,鋼筋混凝土造,94年11月14日,十五層,
RPVNMLRLIIKFFDE68CC,20,41.85,住家用,鋼筋混凝土造,84年6月15日,二十一層,
RPOOMLRLIIKFFDE08CC,26,432.78,,鋼筋混凝土造,78年6月17日,七層,
RPSOMLNLIIKFFDE08CC,19,44.88,住商用,鋼筋混凝土造,85年9月6日,十三層,
RPUNMLNLIIKFFDE18CC,18,83.63,住家用,鋼筋混凝土造,87年1月6日,十四層,
RPUNMLNLIIKFFDE18CC,18,6091.51,見使用執照,鋼筋混凝土造,87年1月6日,十四層,
RPROMLQLIIKFFDE28CC,51,98.13,住家用,加強磚造,53年12月20日,二層,
RPSOMLQLIIKFFDE38CC,17,112.99,住家用,鋼筋混凝土造,88年2月9日,二十九層,
RPSOMLQLIIKFFDE38CC,17,15.53,住家用,鋼筋混凝土造,88年2月9日,二十九層,
RPSOMLQLIIKFFDE38CC,17,72.89,見使用執照,鋼筋混凝土造,88年2月9日,二十九層,
RPPNMLOLIIKFFDE77CC,30,443.45,,鋼造,74年9月9日,一層,
RPTOMLNLIIKFFDE18CC,19,119.80,住商用,鋼筋混凝土造,85年9月6日,十三層,
RPUNMLRLIIKFFBE38CC,26,45.88,,鋼筋混凝土造,78年11月9日,十二層,
RPWNMLSLIIKFFBE68CC,12,123.68,住家用,鋼筋混凝土造,92年11月28日,十四層,
RPWNMLSLIIKFFBE68CC,12,44.03,防空避難室，停車空間，樓梯間，機械室，水箱，社區服務中心等,鋼筋混凝土造,92年11月28日,十四層,
RPPOMLRLIIKFFDE18CC,3,111.34,住家用,鋼筋混凝土造,101年6月5日,二十二層,
RPPOMLRLIIKFFDE18CC,3,8631.45,共有部份,鋼筋混凝土造,101年6月5日,二十二層,
RPRPMLRLIIKFFDE48CC,22,520.00,商業用,鋼筋混凝土造,82年11月26日,十八層,
RPTNMLRLIIKFFBE28CC,26,57.16,,鋼筋混凝土造,78年11月9日,十二層,
RPQNMLSLIIKFFEE38CC,8,18.49,住商用,鋼筋混凝土造,96年7月6日,五層,
RPTOMLSLIIKFFEE78CC,9,70.49,住商用,鋼筋混凝土造,95年12月1日,五層,
RPQNMLSLIIKFFDE28CC,11,337.65,住商用,鋼筋混凝土造,94年3月28日,四層,
RPTNMLSLIIKFFDE58CC,36,343.92,,鋼筋混凝土造,69年1月15日,四層,
RPPOMLSLIIKFFAE97CC,22,324.60,見使用執照,鋼筋混凝土造,82年8月4日,十一層,
RPRNMLSLIIKFFFE58CC,21,119.18,住家用,鋼筋混凝土造,83年5月22日,十三層,
RPRNMLSLIIKFFFE58CC,21,135.75,住家用,鋼筋混凝土造,83年5月22日,十三層,
RPVNMLSLIIKFFIE66CC,11,121.02,住家用,鋼筋混凝土造,94年1月26日,四層,
RPQNMLTLIIKFFCE28CC,2,85.42,店鋪、集合住宅、辦公室,鋼筋混凝土造,102年9月18日,十五層,
RPRNMLTLIIKFFBE28CC,7,48.94,住家用,鋼筋混凝土造,97年9月19日,十三層,
RPSNMLTLIIKFFBE38CC,50,127.65,,加強磚造,54年12月30日,二層,
RPROMLSLIIKFFGE78CC,3,101.79,店舖、集合住宅,鋼筋混凝土,101年6月1日,十五層,
RPROMLSLIIKFFGE78CC,3,55.53,共有部份,鋼筋混凝土,101年6月1日,十五層,
RPVNMLTLIIKFFGE56CC,31,60.54,住家用,鋼筋混凝土造,73年10月29日,三層,
RPQOMLKMIIKFFAE37CC,50,152.20,,加強磚造,55年1月23日,三層,
RPQNMLKMIIKFFDE57CC,20,154.89,住家用,鋼筋混凝土造,84年5月18日,十層,
RPSNMLKMIIKFFDE77CC,20,283.60,住商用,鋼筋混凝土造,84年8月8日,七層,
RPVNMLTLIIKFFBE68CC,27,59.65,,鋼筋混凝土造,77年5月10日,十層,
RPTOMLKMIIKFFDE97CC,28,114.14,,鋼筋混凝土造,76年10月9日,五層,
RPSOMLKMIIKFFAE57CC,28,127.61,商業用,鋼筋混凝土造,77年4月19日,五層,
RPSOMLKMIIKFFAE57CC,28,45.10,見使用執照,鋼筋混凝土造,77年4月19日,十層,
RPSOMLKMIIKFFDE87CC,27,334.34,,鋼筋混凝土造,78年2月24日,五層,
RPPNMLLMIIKFFIE08CC,2,42.82,停車空間、店舖、住宅（含民宿）、樓梯間,鋼筋混凝土造,102年12月10日,二層,
RPRNMLKMIIKFFGE97CC,43,95.38,住商用,加強磚造,61年8月30日,二層,
RPQNMLLMIIKFFCE57CC,48,110.94,住商用,加強磚造,56年8月21日,二層,
RPQNMLLMIIKFFCE57CC,48,110.94,住商用,加強磚造,56年8月21日,三層,
RPQNMLLMIIKFFAE37CC,22,107.80,住家用,鋼筋混凝土造,82年6月1日,五層,
RPPNMLLMIIKFFBE37CC,43,199.63,,加強磚造,62年2月23日,三層,
RPWNMLQLIIKFFEE78CC,2,295.49,商業用,鋼筋混凝土造,101年5月30日,十五層,
RPWNMLQLIIKFFEE78CC,2,108.51,本共有部分之項目有防空避難室兼停車空間、停車空間、垃圾暫存室、管理委員會使用空間、門廊及樓梯間、車道、樓梯間、機械室、水箱、陽台等１０項。,鋼筋混凝土造,101年5月30日,十五層,
RPTNMLQLIIKFFEE48CC,21,35.00,住商用,鋼筋混凝土造,83年8月29日,五層,
RPWOMLKMIIKFFEE38CC,1,110.87,商業用,鋼骨構造,103年6月12日,二層,
RPUOMLSLIIKFFEE88CC,4,49.14,住家用,鋼筋混凝土造,100年10月28日,十五層,
RPVOMLTLIIKFFEE09CC,8,136.82,住家用,鋼筋混凝土造,96年4月4日,十四層,
RPQPMLSLIIKFFEE58CC,19,231.76,住商用,鋼筋混凝土造,85年4月24日,二十層,
RPQPMLSLIIKFFEE58CC,19,47.38,見使用執照,鋼筋混凝土造,85年4月24日,二十層,
RPSNMLLMIIKFFCE77CC,11,239.50,住商用,鋼筋混凝土造,93年12月29日,四層,
RPRNMLLMIIKFFCE67CC,32,88.00,,鋼筋混凝土造,72年11月2日,五層,
RPRNMLLMIIKFFCE67CC,32,71.18,,鋼筋混凝土造,72年11月2日,五層,
RPRNMLLMIIKFFCE67CC,32,79.18,,鋼筋混凝土造,72年11月2日,五層,
