﻿編號,土地位置,土地移轉面積(平方公尺),使用分區或編定,權利人持分分母,權利人持分分子,移轉情形,地號
The serial number, land position,land shifting area square meter,the use zoning or compiles and checks,,,,land parcel
RPPNMLLJQHKFFAF77CC,板院段,.00,都市：住,,,,08180000
RPPNMLLJQHKFFCF97CC,小城段,.00,都市：住,,,,16070000
RPPNMLNJQHKFFDF28CC,智興段,.00,都市：商,,,,05520000
RPRNMLLJQHKFFEF38CC,公司田段,15.30,都市：住,,,,00280000
RPUOMLNJQHKFFHF66CC,民利段,14.14,都市：住,,,,11040000
RPSOMLNJQHKFFEF88DC,龍米段,4.67,都市：住,,,,24310000
RPQOMLNJQHKFFDF48CC,新峰段,3.70,都市：住,,,,01190000
RPQOMLNJQHKFFAF38EC,員仁段,335.12,都市：工,,,,10040000
RPQOMLNJQHKFFAF38EC,員仁段,336.45,都市：工,,,,10070000
RPQOMLNJQHKFFAF38EC,員仁段,406.29,都市：工,,,,10160000
RPQOMLNJQHKFFAF38EC,員仁段,307.53,都市：工,,,,10170000
RPXNMLNJQHKFFAF98EC,延和段,23.01,都市：住,,,,03480000
RPUNMLNJQHKFFCF88EC,寶元段,647.65,都市：工,,,,01740000
RPOOMLNJQHKFFAF18EC,江子翠段溪頭小段,73.14,都市：商,,,,01240000
RPXNMLOJQHKFFHF96CC,南山段,16.25,都市：住,,,,02840000
RPXPMLOJQHKFFHF27DC,興南段,50.58,都市：住,,,,03970000
RPPOMLOJQHKFFEF68DC,長興段,4.39,非都市： ; 非都市編定：,,,,07290000
RPPOMLOJQHKFFEF68DC,長興段,.00,非都市： ; 非都市編定：,,,,07280000
RPSOMLOJQHKFFCF68CC,寶橋段,24.03,都市：工,,,,04210000
RPSOMLOJQHKFFHF56CC,中和段,5.00,都市：住,,,,04300000
RPROMLOJQHKFFAF38CC,金城段,91.61,都市：住,,,,02210000
RPRNMLOJQHKFFEF68CC,新市段,24.33,非都市： ; 非都市編定：,,,,00580000
RPSNMLNJQHKFFEF68CC,天生段,4.89,都市：住,,,,00910000
RPVPMLOJQHKFFCF09CC,小城段,139.07,都市：其他:己開發建築密集地區,,,,19030000
RPVPMLOJQHKFFCF09CC,小城段,134.69,都市：其他:己開發建築密集地區,,,,19040000
RPTPMLOJQHKFFCF88CC,寶橋段,.00,都市：工,,,,06240000
RPUOMLOJQHKFFCF88CC,寶元段,.00,都市：工,,,,03020000
RPTOMLOJQHKFFCF78CC,復興段,121.99,都市：工,,,,03220000
RPUNMLPJQHKFFDF98CC,叭嗹港段叭嗹港口小段,.00,非都市：山坡地保育區 ; 非都市編定：丙種建築用地,,,,04180000
RPVPMLPJQHKFFEF76CC,公司田段,17.77,都市：住,,,,00060000
RPSNMLPJQHKFFGF09CC,重新段壹小段,.00,都市：商,,,,00560005
RPRPMLQJQHKFFGF66CC,富貴段,32.61,都市：住,,,,00770000
RPVNMLQJQHKFFCF56DC,安和段,.00,都市：工,,,,02250000
RPVNMLQJQHKFFCF56DC,安和段,.00,都市：工,,,,02500000
RPVNMLQJQHKFFCF56DC,安和段,.00,都市：工,,,,02590000
RPUPMLQJQHKFFHF07CC,捷運段,15.09,都市：其他:捷運系統用地,,,,00080000
RPPNMLQJQHKFFDF58CC,環河段,.00,都市：工,,,,07230000
RPQSMLPJQHKFFDF09CC,金龍段,15.21,都市：住,,,,00060000
RPQSMLPJQHKFFDF09CC,金龍段,17.66,非都市：山坡地保育區 ; 非都市編定：丙種建築用地,,,,12770000
RPQSMLPJQHKFFDF09CC,金龍段,.36,非都市： ; 非都市編定：,,,,12770001
RPQSMLPJQHKFFDF09CC,金龍段,.28,非都市： ; 非都市編定：,,,,12770002
RPTSMLPJQHKFFDF76CC,金龍段,15.22,都市：住,,,,00060000
RPTSMLPJQHKFFDF76CC,金龍段,17.67,非都市：山坡地保育區 ; 非都市編定：丙種建築用地,,,,12770000
RPTSMLPJQHKFFDF76CC,金龍段,.36,非都市： ; 非都市編定：,,,,12770001
RPTSMLPJQHKFFDF76CC,金龍段,.28,非都市： ; 非都市編定：,,,,12770001
RPUSMLPJQHKFFDF86CC,金龍段,17.95,都市：住,,,,00060000
RPUSMLPJQHKFFDF86CC,金龍段,20.84,非都市：山坡地保育區 ; 非都市編定：丙種建築用地,,,,12770000
RPUSMLPJQHKFFDF86CC,金龍段,.43,非都市： ; 非都市編定：,,,,12770001
RPUSMLPJQHKFFDF86CC,金龍段,.34,非都市： ; 非都市編定：,,,,12770002
RPVNMLQJQHKFFDF56CC,昊天段,.00,都市：工,,,,08720000
RPQNMLQJQHKFFDF68CC,同新段,.00,都市：工,,,,00130000
RPUQMLQJQHKFFDF76CC,同新段,.00,都市：工,,,,00130000
RPUNMLQJQHKFFAF78CC,江子翠段新埔小段,24.25,都市：住,,,,00090005
RPSNMLQJQHKFFCF78CC,安德段,24.34,都市：住,,,,01300000
RPXNMLRJQHKFFCF76CC,明德段,23.17,都市：住,,,,04810000
RPPQMLRJQHKFFAF68CC,江子翠段第一崁小段,21.00,都市：住,,,,00290003
RPTPMLRJQHKFFBF09CC,副都心段一小段,10.58,都市：住,,,,00110000
RPWOMLQJQHKFFBF56CC,五工段,2401.98,非都市：工業區 ; 非都市編定：丁種建築用地,,,,04350000
RPSOMLOJQHKFFBF58CC,副都心段一小段,1778.33,都市：商,,,,00290000
RPTQMLOJQHKFFBF88CC,新工段一小段,.00,非都市：工業區 ; 非都市編定：丁種建築用地,,,,00020000
RPOQMLOJQHKFFBF38CC,五工段,.00,非都市：工業區 ; 非都市編定：丁種建築用地,,,,02970000
RPQPMLRJQHKFFBF78CC,榮富段,29.13,都市：住,,,,04940000
RPUQMLNJQHKFFBF88CC,自立段,6.45,都市：住,,,,10520000
RPPNMLMJQHKFFBF97CC,國宅段,15.78,都市：住,,,,00180000
RPSNMLOJQHKFFBF48CC,國宅段,44.76,都市：住,,,,00010000
RPXNMLRJQHKFFHF27CC,景新段,.00,都市：商,,,,06550000
RPPNMLRJQHKFFIF56CC,大學段一小段,6.00,都市：住,,,,01580000
RPQNMLRJQHKFFIF66CC,大學段二小段,19.11,都市：商,,,,00980000
RPRPMLRJQHKFFEF56CC,公司田段,14.92,都市：住,,,,00010000
RPPNMLTJQHKFFAF58CC,公館段,15.00,都市：商,,,,05850000
RPPNMLTJQHKFFBF68CC,國宅段,17.24,都市：住,,,,00050016
RPRNMLRJQHKFFIF76CC,大學段二小段,10.22,都市：商,,,,00900000
RPURMLKKQHKFFDF98CC,福德段,.00,都市：工,,,,09400000
RPSNMLKKQHKFFBF18CC,行政段,6.36,都市：住,,,,02710000
RPVTMLKKQHKFFBF09CC,芳洲段,12.69,都市：住,,,,00300000
RPSTMLKKQHKFFBF78CC,後港段,5.36,都市：住,,,,07190000
RPVOMLKKQHKFFEF88CC,公司田段,25.80,都市：住,,,,00280000
RPOPMLKKQHKFFEF28CC,新興段,3.26,都市：住,,,,06470000
RPOPMLKKQHKFFEF28CC,新興段,.01,都市：住,,,,06470000
RPSUMLKKQHKFFBF98DC,榮和段,5.36,都市：住,,,,06110000
RPWNMLLKQHKFFEF98CC,公司田段,28.40,都市：住,,,,01920000
RPQOMLLKQHKFFGF68CC,錦田段,28.30,都市：住,,,,02480000
RPQOMLLKQHKFFGF68CC,錦田段,43.26,都市：住,,,,02490000
RPXPMLKKQHKFFAF78CC,新板段二小段,.00,都市：其他:特專二,,,,00070000
RPQPMLLKQHKFFAF18CC,大同段,.00,都市：其他:市場用地,,,,06390000
RPQPMLLKQHKFFAF18CC,大同段,.00,都市：其他:市場用地,,,,06440000
RPQPMLLKQHKFFAF18CC,大同段,.00,都市：其他:市場用地,,,,06450000
RPQPMLLKQHKFFAF18CC,大同段,.00,都市：其他:市場用地,,,,06460000
RPQPMLLKQHKFFAF18CC,大同段,.00,都市：其他:市場用地,,,,06470000
RPPOMLLKQHKFFEF38CC,公司田段,23.79,都市：住,,,,00230000
RPQPMLLKQHKFFAF18CC,大同段,.00,都市：其他:市場用地,,,,06480000
RPQPMLLKQHKFFAF18CC,大同段,.00,都市：其他:市場用地,,,,06490000
RPXNMLLKQHKFFCF88CC,復興段,42.22,都市：工,,,,03860000
RPOOMLLKQHKFFCF08CC,復興段,42.22,都市：工,,,,03860000
RPVOMLMKQHKFFAF68CC,介壽段,.00,非都市： ; 非都市編定：,,,,02970000
RPWOMLMKQHKFFAF78CC,介壽段,.00,非都市： ; 非都市編定：,,,,02970000
RPXOMLMKQHKFFAF88CC,重慶段,.00,都市：商,,,,13340000
RPRPMLMKQHKFFAF38CC,中興段,.00,都市：住,,,,05840000
RPTOMLRJQHKFFHF96CC,公園段,14.48,都市：住,,,,06290000
RPTOMLRJQHKFFHF96CC,公園段,.00,都市：商,,,,06300003
RPTOMLRJQHKFFHF96CC,公園段,3.74,都市：商,,,,06470000
RPUOMLRJQHKFFHF07CC,公園段,.00,都市：商,,,,06470000
RPOOMLRJQHKFFHF09CC,保健段,.00,都市：住,,,,01290000
RPVOMLMKQHKFFBF78CC,新工段一小段,.00,非都市：工業區 ; 非都市編定：丁種建築用地,,,,00070000
RPVOMLRJQHKFFHF17CC,大仁段,.00,都市：住,,,,06570000
RPROMLRJQHKFFHF76CC,公園段,.00,都市：住,,,,06290000
RPOPMLMKQHKFFEF48CC,鄧公段,.00,都市：住,,,,02430000
RPTNMLMKQHKFFDF78DC,金龍段,31.31,都市：住,,,,04110000
RPUQMLNKQHKFFAF09EC,新雅段,.00,都市：住,,,,06830000
RPROMLNKQHKFFGF98CC,成功段,.00,都市：商,,,,10580000
RPVOMLNKQHKFFGF76CC,德新段,.00,都市：商,,,,04060000
RPSOMLNKQHKFFGF09CC,成功段,.00,都市：商,,,,10580000
RPWPMLMKQHKFFBF98CC,立德段,.00,都市：住,,,,09310000
RPPQMLMKQHKFFDF58CC,同新段,17.45,都市：工,,,,00130000
RPPNMLNKQHKFFBF18CC,建國段,287.78,都市：工,,,,05300000
RPROMLNKQHKFFBF48CC,泰山段一小段,26.75,都市：住,,,,06570002
RPSPMLNKQHKFFDF88CC,智興段,.00,都市：商,,,,05060000
RPPOMLNKQHKFFAF18CC,中山段,21.78,都市：其他:第一種特定專用區,,,,06680000
RPTRMLNKQHKFFAF88CC,新板段三小段,7.97,都市：其他:特專二,,,,00250000
RPURMLNKQHKFFAF98CC,新板段三小段,6.83,都市：其他:特專二,,,,00250000
RPWOMLNKQHKFFCF09CC,明德段,47.28,都市：住,,,,06390000
RPUOMLNKQHKFFCF98DC,中正段,27.65,都市：其他:捷運系統用地,,,,01650000
RPUOMLNKQHKFFCF98DC,中正段,.00,都市：住,,,,01650001
RPUOMLNKQHKFFCF98DC,中華段,5.64,都市：其他:捷運系統用地,,,,07500000
RPOPMLMKQHKFFCF38DC,行政段,.00,非都市： ; 非都市編定：,,,,00300000
RPXPMLMKQHKFFCF66DC,復興段,.00,非都市： ; 非都市編定：,,,,03800000
RPTNMLOKQHKFFDF88CC,新峰段,15.53,都市：住,,,,06650000
RPRPMLMKQHKFFCF68DC,寶元段,.00,非都市： ; 非都市編定：,,,,06210000
RPOQMLOKQHKFFBF48CC,公館段,.00,非都市： ; 非都市編定：,,,,05990000
RPOQMLOKQHKFFBF48CC,公館段,.00,非都市： ; 非都市編定：,,,,10400000
RPWPMLOKQHKFFBF56CC,中誠段,39.11,都市：住,,,,00620000
RPWOMLOKQHKFFIF17CC,大學段一小段,43.36,都市：住,,,,00630000
RPWPMLRKQHKFFEF17CC,新市段,17.18,都市：住,,,,00870000
RPQOMLRKQHKFFIF86CC,復興段,57.33,都市：商,,,,03630000
RPTPMLLKQHKFFHF56CC,公園段,.00,都市：商,,,,05420000
RPXQMLOKQHKFFHF37CC,保平段,16.02,都市：住,,,,09850000
RPWOMLNKQHKFFHF96CC,健康段,.00,都市：工,,,,10650000
RPVOMLNKQHKFFHF86CC,安邦段,.00,都市：工,,,,00140000
RPSPMLMKQHKFFHF56CC,四維段,.00,都市：住,,,,03860000
RPOPMLNKQHKFFHF88CC,橋和段,.00,都市：工,,,,00330000
RPROMLRKQHKFFHF86CC,板南段,.00,都市：工,,,,03820000
RPROMLRKQHKFFHF86CC,板南段,.00,都市：其他:道路用地,,,,03820001
RPUNMLRKQHKFFHF07CC,員山段,12.52,都市：工,,,,01420000
RPVNMLRKQHKFFHF17CC,雙和段,.00,都市：住,,,,04020000
RPOPMLRKQHKFFDF98DC,福德段,4.22,都市：住,,,,06470000
RPQPMLRKQHKFFDF56DC,福德段,11.17,都市：住,,,,05890000
RPWQMLRKQHKFFDF27DC,厚德段,.00,都市：住,,,,01900000
RPRQMLRKQHKFFDF86EC,環河段,314.05,都市：工,,,,09150000
RPRQMLRKQHKFFDF86EC,環河段,10.77,都市：工,,,,09180000
RPSNMLRKQHKFFHF96DC,新和段,.00,都市：住,,,,01220000
RPRPMLRKQHKFFEF86EC,新市段,15.34,都市：住,,,,00720000
RPTVNLRKQHKFFBF27CC,榮富段,14.00,都市：住,,,,08530000
RPRSNLRKQHKFFBF76CC,和平段,9.43,都市：住,,,,07710000
RPVQMLOKQHKFFBF56CC,中原段,14.97,都市：住,,,,03290000
RPROMLSKQHKFFGF86CC,中興段,.00,都市：工,,,,00180000
RPPNPLRKQHKFFBF88CC,信華段一小段,19.46,都市：住,,,,00090000
RPQQMLTKQHKFFHF17CC,民治段,.00,都市：商,,,,03110000
RPTQMLSKQHKFFHF47DC,文化段,6.81,都市：商,,,,08440000
RPOPMLTKQHKFFHF86CC,板南段,38.34,都市：工,,,,03150000
RPRQMLTKQHKFFHF27CC,民治段,.00,都市：商,,,,03110000
RPWOMLRKQHKFFAF86EC,府中段,.00,都市：住,,,,07450000
RPVPMLTKQHKFFEF27CC,公司田段,24.70,都市：住,,,,00390000
RPPQMLTKQHKFFEF76CC,天生段,23.30,非都市： ; 非都市編定：,,,,09940000
RPTOMLSKQHKFFBF56CC,五工段,.00,非都市：工業區 ; 非都市編定：丁種建築用地,,,,05530000
RPUSPLRKQHKFFBF27CC,復興段,227.02,都市：住,,,,05480000
RPTQMLSKQHKFFBF76CC,五工段,.00,非都市：工業區 ; 非都市編定：丁種建築用地,,,,00920000
RPXNMLTKQHKFFBF96CC,行政段,24.18,都市：商,,,,03980000
RPSOMLTKQHKFFBF56CC,新林段,72.75,都市：住,,,,11750000
RPQNPLRKQHKFFBF98CC,副都心段一小段,24.70,都市：商,,,,00090000
RPOPMLTKQHKFFAF78CC,文化段,6.12,都市：住,,,,11980000
RPXQMLKLQHKFFDF66CC,昊天段,.00,都市：工,,,,08720000
RPVNMLKLQHKFFHF56CC,福祥段,.00,都市：住,,,,04010000
RPSNMLKLQHKFFGF78CC,重新段壹小段,.00,都市：商,,,,00560005
RPVOMLKLQHKFFIF76CC,圳生段,197.98,都市：工,,,,09000000
RPQNMLLLQHKFFEF48CC,新市段,26.38,都市：住,,,,02270000
RPRNMLLLQHKFFHF88CC,板南段,52.16,都市：工,,,,03110000
RPPPMLLLQHKFFHF88CC,健康段,31.60,都市：工,,,,02580000
RPQPMLLLQHKFFHF98CC,板南段,58.14,都市：工,,,,03110000
RPQPMLLLQHKFFHF98CC,板南段,28.32,都市：工,,,,03110000
RPRPMLLLQHKFFHF09CC,板南段,24.34,都市：工,,,,03110000
RPOOMLLLQHKFFDF28CC,大同段,.00,都市：住,,,,03580000
RPQQMLLLQHKFFGF98CC,仁興段,.00,都市：住,,,,18960000
RPXOMLTKQHKFFBF07CC,全安段,31.33,都市：住,,,,09790000
RPVOMLTKQHKFFBF86CC,國宅段,.00,都市：住,,,,00010001
RPTQMLTKQHKFFBF86CC,新工段一小段,92.04,非都市：工業區 ; 非都市編定：丁種建築用地,,,,00050000
RPQNMLMLQHKFFBF28CC,同興段,9.70,都市：商,,,,01350000
RPVPMLOLQHKFFBF56CC,公館段,704.70,都市：工,,,,06290000
RPVPMLOLQHKFFBF56CC,公館段,566.73,都市：工,,,,06320000
RPQNMLNLQHKFFBF38CC,榮富段,13.31,都市：住,,,,08350000
RPPNMLNLQHKFFBF28CC,泰山段一小段,95.57,都市：住,,,,04190000
RPQOMLOLQHKFFAF48CC,文化段,.00,都市：住,,,,11980000
RPRNMLOLQHKFFDF78CC,智興段,.00,都市：住,,,,00480000
RPSNMLOLQHKFFDF88CC,智興段,.00,都市：住,,,,02650000
RPSNMLOLQHKFFDF88CC,智興段,.00,都市：其他:道路用地,,,,02650001
RPTNMLOLQHKFFDF98CC,智興段,.00,都市：住,,,,01040000
RPWNMLOLQHKFFAF98CC,幸福段,.00,都市：住,,,,01220000
RPVPMLOLQHKFFDF76CC,同新段,58.88,都市：工,,,,00130000
RPOQMLOLQHKFFDF78CC,北山段,16.69,都市：工,,,,00380000
RPWPMLOLQHKFFDF86CC,同新段,17.45,都市：工,,,,00130000
RPPQMLOLQHKFFDF88CC,工建段,17.45,都市：工,,,,00130000
RPQQMLOLQHKFFDF98CC,昊天段,13.21,都市：工,,,,10860000
RPRQMLOLQHKFFDF09CC,環河段,135.23,都市：工,,,,14190000
RPSQMLOLQHKFFDF56CC,保安段,20.32,都市：住,,,,08000000
RPVNMLOLQHKFFHF96CC,中興段,.00,都市：住,,,,01340000
RPVNMLOLQHKFFHF96CC,中興段,.00,都市：住,,,,01350000
RPVNMLOLQHKFFHF96CC,中興段,.00,都市：住,,,,01360000
RPWNMLOLQHKFFHF07CC,南山段,.00,都市：住,,,,01430000
RPOOMLOLQHKFFHF98CC,華中段,26.89,都市：住,,,,00610000
RPPOMLOLQHKFFHF09CC,大仁段,.00,都市：住,,,,06570000
RPQOMLOLQHKFFHF56CC,錦和段,.00,都市：住,,,,09720000
RPRNMLOLQHKFFEF88CC,關渡段,7.58,都市：住,,,,05870000
RPQOMLOLQHKFFEF88CC,公司田段,4.99,都市：住,,,,00100001
RPSPMLOLQHKFFGF76CC,仁愛段,.00,都市：商,,,,18740000
RPSQMLOLQHKFFGF86CC,富貴段,.00,都市：住,,,,04490000
RPXNMLOLQHKFFCF76DC,北新段,.00,非都市： ; 非都市編定：,,,,05980000
RPRNMLOLQHKFFBF68DC,建林段,24.59,都市：住,,,,00630000
RPQPMLOLQHKFFAF68DC,光仁段,.00,都市：住,,,,01750000
RPVOMLOLQHKFFEF76CC,海天段,.02,都市：住,,,,06420000
RPVOMLOLQHKFFEF76CC,海天段,.00,都市：住,,,,06420003
RPVOMLOLQHKFFEF76CC,海天段,3.19,都市：住,,,,06530000
RPVOMLOLQHKFFEF76CC,海天段,.23,都市：住,,,,06530004
RPVOMLOLQHKFFEF76CC,海天段,.01,都市：住,,,,06530005
RPOPMLOLQHKFFDF78DC,智興段,5.10,都市：住,,,,02650000
RPOPMLOLQHKFFDF78DC,智興段,.05,都市：住,,,,02650001
RPTNMLOLQHKFFAF88EC,新板段二小段,.00,都市：商,,,,00080000
RPOPMLPLQHKFFBF78EC,建林段,30.70,都市：住,,,,03700000
RPUOMLPLQHKFFDF86EC,保長段,9.25,都市：住,,,,09950000
RPVOMLPLQHKFFDF96EC,保長段,3.91,都市：住,,,,09950000
RPVPMLPLQHKFFGF17CC,過田段,.00,都市：商,,,,10060000
RPQNMLPLQHKFFIF66CC,大學段二小段,72.38,都市：住,,,,00800000
RPUNMLPLQHKFFIF07CC,國光段,19.42,都市：住,,,,03470000
RPPOMLTKQHKFFCF98CC,安和段,.00,都市：住,,,,01360000
RPWNMLOLQHKFFCF56CC,寶強段,.00,都市：住,,,,01780000
RPUNMLTKQHKFFCF76CC,中正段,.00,都市：住,,,,01650001
RPUNMLTKQHKFFCF76CC,中正段,.00,都市：其他:捷運系統用地,,,,01650000
RPUNMLTKQHKFFCF76CC,中華段,.00,都市：其他:捷運系統用地,,,,07500000
RPTOMLLLQHKFFCF68CC,復興段,.00,都市：工,,,,05710000
RPXNMLPLQHKFFCF76CC,復興段,52.56,都市：工,,,,05350000
RPOOMLPLQHKFFCF58CC,寶元段,59.61,都市：工,,,,02730000
RPOOMLPLQHKFFCF58CC,寶元段,.01,都市：其他:,,,,02730001
RPOOMLPLQHKFFCF58CC,寶元段,.50,都市：其他:,,,,02730002
RPUOMLPLQHKFFCF56CC,大豐段,.00,都市：商,,,,00050000
RPXPMLQLQHKFFDF17CC,智興段,.00,都市：住,,,,01040000
RPTOMLPLQHKFFHF96CC,信和段,16.19,都市：住,,,,00350000
RPPNMLQLQHKFFHF56CC,民治段,.00,都市：商,,,,08020000
RPWNMLPLQHKFFHF17CC,民富段,.00,都市：工,,,,09500000
RPSOMLPLQHKFFHF86CC,樂華段,.00,都市：商,,,,00290000
RPPNMLPLQHKFFHF09CC,中興段,.00,都市：商,,,,08340000
RPRNMLPLQHKFFHF66CC,中興段,.00,都市：商,,,,08340000
RPQOMLQLQHKFFHF76CC,華中段,53.78,都市：住,,,,00190000
RPTOMLQLQHKFFHF07CC,南山段,.00,都市：其他:部分住宅區部分捷運系統用地,,,,08540000
RPSOMLQLQHKFFHF96CC,南山段,.00,都市：其他:部分住宅區部分捷運系統用地,,,,08540000
RPROMLQLQHKFFHF86CC,興南段,.00,都市：住,,,,07980000
RPTPMLQLQHKFFHF17CC,福祥段,32.02,都市：商,,,,05280000
RPUOMLQLQHKFFHF17CC,南山段,.00,都市：其他:部分住宅區部分捷運系統用地,,,,08540000
RPXPMLQLQHKFFDF37EC,保長段,3.91,都市：住,,,,09950000
RPWPMLQLQHKFFDF27EC,保長段,3.91,都市：住,,,,09950000
RPXNMLQLQHKFFIF47CC,大學段一小段,18.31,都市：住,,,,01500000
RPSNMLRLQHKFFHF96CC,雙和段,.00,都市：商,,,,06370000
RPXOMLRLQHKFFEF27CC,公司田段,14.23,都市：住,,,,00100001
RPRNMLQLQHKFFHF96EC,雙和段,49.16,都市：住,,,,01770000
RPSNMLTLQHKFFEF86CC,海天段,15.19,都市：住,,,,02250000
RPPOMLSLQHKFFHF86CC,民有段,.00,都市：住,,,,00710000
RPUPMLSLQHKFFHF47CC,信和段,11.46,都市：住,,,,01320000
RPPOMLQLQHKFFIF76CC,大學段一小段,13.09,都市：住,,,,01510001
RPQOMLQLQHKFFIF86CC,大學段一小段,5.34,都市：住,,,,00910000
RPPOMLRLQHKFFAF68CC,沛陂段,2479.35,都市：工,,,,07850000
RPPPMLTKQHKFFAF88CC,文化段,2.60,都市：住,,,,11980000
RPVNMLOLQHKFFAF88CC,幸福段,.00,都市：住,,,,01220000
RPSPMLKLQHKFFAF38CC,江子翠段第三崁小段,.00,都市：住,,,,01910004
RPXNMLKLQHKFFAF68CC,中山段,.00,都市：其他:未經數值重測,,,,02650001
RPQNMLLMQHKFFIF98CC,武林段,18.93,都市：住,,,,11040000
RPQOMLLMQHKFFIF09CC,中華段,21.67,都市：住,,,,01400000
RPROMLLMQHKFFGF98CC,光華段,28.38,都市：住,,,,10530000
RPWPMLLMQHKFFEF76CC,龍米段,34.81,都市：住,,,,14940000
RPPNMLLMQHKFFDF58EC,保長段,7.82,都市：住,,,,09950000
RPPOMLLMQHKFFHF88CC,中興段,.00,都市：商,,,,08340000
RPPNMLLJRHKFFGF68EC,光華段,.00,非都市： ; 非都市編定：,,,,10530000
RPQNMLLMQHKFFDF68EC,保長段,5.35,都市：住,,,,10540000
RPPOMLLJRHKFFEF48DC,水仙段,.00,都市：住,,,,03190000
RPXOMLLJRHKFFBF88CC,副都心段一小段,16.45,都市：商,,,,00270000
RPPNMLLJRHKFFIF68CC,博愛段,2.30,都市：商,,,,08470000
RPTNMLLJRHKFFAF28CC,成功段,6.71,都市：住,,,,05450000
RPVOMLLMQHKFFBF88CC,麗林段,7.24,都市：商,,,,04070004
RPOOMLTLQHKFFBF88CC,榮富段,15.77,都市：住,,,,09060000
RPQOMLTLQHKFFBF09CC,立德段,20.81,都市：住,,,,08430000
RPOPMLLJRHKFFBF08CC,中原段,21.69,都市：商,,,,01960000
RPQRMLLJRHKFFBF48CC,新工段二小段,31.40,非都市：工業區 ; 非都市編定：丁種建築用地,,,,02930000
RPPOMLTLQHKFFBF98CC,榮富段,12.96,都市：住,,,,08440000
RPXNMLTLQHKFFBF07CC,榮富段,12.05,都市：住,,,,09060000
RPWNMLTLQHKFFBF96CC,榮富段,4.66,都市：住,,,,09290000
RPOVMLMJRHKFFGF66CC,富貴段,32.52,都市：住,,,,04250000
RPQNMLMJRHKFFDF38CC,智興段,.00,都市：商,,,,04500000
RPOOMLMJRHKFFEF38CC,海天段,12.96,都市：住,,,,01900000
RPXOMLMJRHKFFEF76DC,長興段,.00,都市：住,,,,09220000
RPXOMLMJRHKFFEF76DC,長興段,.00,都市：住,,,,09230000
RPRNMLMJRHKFFDF48CC,智興段,.00,都市：住,,,,01040000
RPQOMLMJRHKFFAF38EC,青雲段,3.88,都市：住,,,,02870000
RPRPMLMJRHKFFDF78DC,福德段,30.33,都市：住,,,,02890000
RPXNMLNJRHKFFEF66CC,新興段,8.56,都市：住,,,,08080000
RPXNMLNJRHKFFEF66CC,新興段,39.16,都市：住,,,,08090000
RPXVMLNJRHKFFGF67CC,光明段,.00,都市：住,,,,02070000
RPROMLMJRHKFFAF48EC,學林段,14.10,都市：住,,,,00800000
RPRPMLNJRHKFFBF68DC,力行段,40.54,都市：商,,,,02590000
RPWRMLNJRHKFFDF86CC,昊天段,.00,都市：工,,,,08720000
RPSRMLNJRHKFFDF09CC,叭嗹港段叭嗹港口小段,.00,非都市：山坡地保育區 ; 非都市編定：丙種建築用地,,,,04510000
RPQQMLOJRHKFFDF88CC,大同段,.00,都市：工,,,,02500000
RPOSMLOJRHKFFBF68CC,自立段,17.81,都市：商,,,,11010000
RPSQMLOJRHKFFBF88CC,化成段,403.79,都市：工,,,,09580000
RPSQMLOJRHKFFBF88CC,化成段,55.02,都市：工,,,,09580001
RPTNMLNJRHKFFBF78EC,建林段,15.94,都市：住,,,,04660000
RPTSMLOJRHKFFBF56CC,中泰段,24.39,都市：住,,,,02020000
RPUSMLOJRHKFFBF66CC,副都心段一小段,158.85,都市：住,,,,01250000
RPVSMLOJRHKFFBF76CC,黎明段,52.84,都市：住,,,,04520000
RPSSMLOJRHKFFBF09CC,榮富段,12.36,都市：住,,,,08530000
RPWNMLOJRHKFFGF86CC,重新段壹小段,5.90,都市：商,,,,00660005
RPUOMLOJRHKFFEF56CC,水仙段,2.21,都市：住,,,,00670000
RPUOMLOJRHKFFEF56CC,水仙段,.41,都市：住,,,,00670003
RPVNMLOJRHKFFIF96CC,大學段一小段,30.51,都市：住,,,,00330000
RPRPMLOJRHKFFEF98CC,正德段,11.06,都市：住,,,,05680000
RPPNMLPJRHKFFEF68CC,飛歌段,12.66,都市：住,,,,02550000
RPQNMLPJRHKFFEF78CC,公司田段,18.12,都市：住,,,,00240000
RPOTMLOJRHKFFBF78CC,榮富段,24.28,都市：住,,,,08620000
RPXSMLOJRHKFFBF96CC,全安段,28.51,都市：住,,,,08020000
RPSTMLPJRHKFFDF86CC,福興段,.00,非都市：鄉村區 ; 非都市編定：乙種建築用地,,,,23790000
RPRNMLRJRHKFFDF98CC,茄苳腳段,.00,非都市：山坡地保育區 ; 非都市編定：丙種建築用地,,,,03030002
RPPNMLRJRHKFFDF78CC,智興段,.00,都市：商,,,,05110000
RPQNMLRJRHKFFDF88CC,智興段,.00,都市：商,,,,05000000
RPRPMLRJRHKFFBF98CC,中原段,.00,都市：住,,,,03340000
RPTNMLRJRHKFFDF56CC,工建段,.00,都市：其他:道路用地,,,,00260000
RPTNMLRJRHKFFDF56CC,工建段,.00,都市：工,,,,02520000
RPUPMLRJRHKFFEF96CC,中正段,3.34,都市：商,,,,05490000
RPQOMLRJRHKFFBF88DC,富國段,8.22,都市：商,,,,02750000
RPXOMLSJRHKFFAF07EC,安和段,12.41,都市：住,,,,02090000
RPTOMLSJRHKFFEF86CC,新市段,.00,都市：住,,,,00850000
RPVPMLSJRHKFFEF17CC,海天段,4.68,都市：住,,,,01900000
RPXPMLRJRHKFFBF07DC,榮富段,.00,都市：住,,,,06440000
RPPPMLSJRHKFFBF88CC,國宅段,135.11,都市：住,,,,00260002
RPQPMLSJRHKFFBF98CC,建林段,26.56,都市：住,,,,04660000
RPPPMLMJRHKFFHF88CC,中信段,.00,都市：住,,,,08210000
RPQOMLLMQHKFFHF98CC,中興段,.00,都市：商,,,,08340000
RPWNMLSJRHKFFHF37CC,中原段,271.66,都市：工,,,,07190000
RPVNMLRJRHKFFHF37EC,南山段,.00,都市：其他:部分住宅區部分捷運系統用地,,,,08540000
RPQNMLPJRHKFFHF09CC,錦和段,8.50,都市：住,,,,01290000
RPSPMLNJRHKFFHF66CC,捷運段,14.34,都市：其他:捷運系統用地,,,,00080000
RPTVMLTJRHKFFAF27CC,江子翠段第一崁小段,.00,都市：住,,,,00440175
RPXUMLTJRHKFFAF57CC,民生段,.00,都市：住,,,,06100000
RPTNMLTJRHKFFHF17CC,景福段,.00,都市：住,,,,00050000
RPPOMLTJRHKFFHF86CC,民富段,264.26,都市：工,,,,03680000
RPSOMLTJRHKFFEF86CC,新興段,.00,都市：住,,,,05980000
RPOOMLTJRHKFFHF76CC,板南段,35.11,都市：工,,,,03420000
RPOOMLTJRHKFFHF76CC,板南段,.08,都市：其他:道路用地,,,,03420001
RPWPMLTJRHKFFAF17EC,大安段,36.79,都市：工,,,,06120000
RPWPMLTJRHKFFAF17EC,大安段,.12,都市：工,,,,06120001
RPQOMLTJRHKFFDF76EC,康誥坑段,38.38,非都市：鄉村區 ; 非都市編定：乙種建築用地,,,,00120006
RPSNMLTJRHKFFBF09CC,新林段,65.23,都市：住,,,,00080000
RPXOMLTJRHKFFBF07CC,中泰段,24.39,都市：住,,,,02020000
RPQSMLTJRHKFFBF76CC,民安段,12.81,都市：住,,,,10450000
RPQOMLKKRHKFFHF78CC,信和段,.00,都市：住,,,,06860000
RPQOMLKKRHKFFHF78CC,信和段,.00,都市：住,,,,06870000
RPUOMLKKRHKFFHF56CC,中興段,12.91,都市：商,,,,08340000
RPWOMLKKRHKFFHF76CC,新民段,51.51,都市：工,,,,03570000
RPTNMLKKRHKFFDF58CC,智興段,.00,都市：商,,,,05110000
RPUNMLKKRHKFFDF68CC,智興段,.00,都市：住,,,,01040000
RPVNMLKKRHKFFDF78CC,智興段,.00,都市：商,,,,04410000
RPPNMLKKRHKFFHF68DC,復興段,13.26,都市：商,,,,08750000
RPTPMLKKRHKFFHF66DC,安平段,14.22,都市：住,,,,05750000
RPSPMLKKRHKFFHF56DC,保生段,21.80,都市：住,,,,04870000
RPXOMLLKRHKFFAF09EC,員福段,7.19,都市：住,,,,06510000
RPPPMLLKRHKFFEF58CC,鄧公段,6.90,都市：住,,,,05990000
RPRPMLLKRHKFFBF48CC,中泰段,33.00,都市：住,,,,11970000
RPQNMLLKRHKFFIF09EC,佳興段,2266.51,非都市：特定農業區 ; 非都市編定：農牧用地,,,,10850000
RPRNMLMKRHKFFIF09CC,大學段二小段,15.29,都市：商,,,,00980000
RPSNMLMKRHKFFIF56CC,民生段,2.63,都市：住,,,,06570000
RPPNMLNKRHKFFEF58CC,正德段,23.24,都市：住,,,,09010000
RPPNMLMKRHKFFDF38CC,智興段,.00,都市：住,,,,02650000
RPPNMLMKRHKFFDF38CC,智興段,.00,都市：其他:道路用地,,,,02650001
RPTNMLOKRHKFFIF86CC,大仁段,20.20,都市：住,,,,02840000
RPQNMLNKRHKFFEF68CC,新市段,18.77,都市：住,,,,00120000
RPVOMLOKRHKFFCF66DC,復興段,.00,都市：工,,,,03830000
RPUNMLOKRHKFFIF96CC,大學段一小段,41.22,都市：住,,,,00770000
RPXNMLOKRHKFFGF07CC,仁愛段,.00,都市：其他:未經數值重測,,,,18740000
RPOQMLOKRHKFFAF68EC,幸福段,.00,都市：住,,,,01220000
RPTOMLOKRHKFFBF88CC,佳林段,42.25,都市：住,,,,03950000
RPXPMLOKRHKFFAF86EC,江子翠段新埔小段,24.25,都市：住,,,,00090005
RPPOMLOKRHKFFGF09DC,光興段,.00,都市：其他:捷運系統用地,,,,00110000
RPXNMLPKRHKFFGF27DC,福德南段,44.63,都市：商,,,,08990000
RPRNMLOKRHKFFEF98DC,海鷗段,.00,非都市： ; 非都市編定：,,,,01260000
RPWOMLPKRHKFFIF37CC,介壽段,28.20,都市：住,,,,00090003
RPWOMLPKRHKFFHF27CC,板南段,24.34,都市：工,,,,03110000
RPVNMLPKRHKFFAF56EC,民權段,.00,都市：住,,,,07520030
RPVNMLPKRHKFFAF56EC,大庭段,.00,都市：住,,,,25410000
RPVNMLPKRHKFFAF56EC,大庭段,.00,都市：住,,,,25420000
RPVNMLPKRHKFFAF56EC,大庭段,.00,都市：住,,,,25430000
RPUNMLPKRHKFFAF09EC,新興段,.00,都市：住,,,,04530000
RPWPMLPKRHKFFHF37CC,板南段,29.42,都市：工,,,,03110000
RPXPMLQKRHKFFHF57CC,安樂段,.00,都市：住,,,,03460000
RPRPMLPKRHKFFHF86CC,健康段,77.51,都市：工,,,,11110000
RPXRMLQKRHKFFBF17CC,更寮段鴨母港小段,599.00,非都市：一般農業區 ; 非都市編定：丁種建築用地,,,,00620008
RPWTMLQKRHKFFBF27CC,安和段,10.81,都市：工,,,,03850000
RPUTMLQKRHKFFBF07CC,頭興段,254.05,都市：工,,,,02670000
RPXTMLQKRHKFFBF37CC,福營段,11.36,都市：工,,,,08000000
RPOUMLQKRHKFFBF56CC,化成段,81.12,都市：工,,,,05550000
RPPNMLQKRHKFFAF48CC,永安段,.00,都市：住,,,,03280000
RPQPMLQKRHKFFHF07EC,信義段,28.09,都市：商,,,,03430000
RPQPMLRKRHKFFAF09EC,員福段,41.95,都市：住,,,,05940000
RPQPMLRKRHKFFAF09EC,員福段,2.59,都市：其他:道路用地,,,,05940001
RPQPMLRKRHKFFAF09EC,員福段,61.70,都市：住,,,,05950000
RPQPMLRKRHKFFAF09EC,員福段,2.59,都市：其他:道路用地,,,,05950001
RPSOMLRKRHKFFGF17EC,興德段,156.00,都市：工,,,,06890000
RPTOMLRKRHKFFGF27EC,興德段,156.00,都市：工,,,,06890000
RPPNMLRKRHKFFDF88CC,昊天段,.00,都市：工,,,,08720000
RPPNMLRKRHKFFDF88CC,昊天段,.00,都市：工,,,,00060000
RPPOMLRKRHKFFDF98CC,中正段,.00,都市：住,,,,04920000
RPXRNLRKRHKFFBF37CC,興化段,.00,都市：工,,,,02280000
RPPPMLRKRHKFFHF86CC,華新段,22.55,都市：住,,,,05920000
RPSNMLRKRHKFFIF07CC,大學段一小段,.00,都市：商,,,,00500000
RPORMLRKRHKFFEF66CC,新興段,.37,都市：住,,,,09020000
RPORMLRKRHKFFEF66CC,新興段,6.03,都市：住,,,,09030000
RPORMLRKRHKFFEF66CC,新興段,.86,都市：住,,,,09040000
RPWNMLSKRHKFFHF47CC,板南段,30.32,都市：工,,,,03110000
RPQNMLSKRHKFFDF09CC,智興段,.00,都市：商,,,,04410000
RPPOMLSKRHKFFDF09CC,昊天段,.00,都市：工,,,,08720000
RPPOMLSKRHKFFDF09CC,同新段,.00,都市：工,,,,00060000
RPSOMLSKRHKFFDF76CC,智興段,.00,都市：商,,,,04860000
RPQQMLSKRHKFFDF76CC,環河段,40.87,都市：工,,,,08420000
RPRQMLSKRHKFFDF86CC,昊天段,7.57,都市：工,,,,10860000
RPSQMLSKRHKFFDF96CC,同新段,9.20,都市：工,,,,00130000
RPVQMLSKRHKFFDF27CC,同新段,8.90,都市：工,,,,00130000
RPOQMLSKRHKFFAF88CC,府中段,.00,都市：商,,,,19000000
RPPOMLOKRHKFFCF58CC,寶橋段,121.99,都市：工,,,,04450000
RPQOMLQKRHKFFCF88CC,寶元段,45.25,都市：工,,,,01740000
RPQOMLQKRHKFFCF88CC,寶元段,.08,都市：其他:,,,,01740001
RPRNMLMJRHKFFCF38CC,福園段,23.34,都市：住,,,,02920000
RPUNMLLKRHKFFCF68CC,民權段,59.35,都市：住,,,,00510000
RPVOMLSKRHKFFCF96CC,惠國段,22.45,都市：商,,,,10020000
RPROMLQKRHKFFCF98CC,大豐段,59.66,都市：住,,,,00050000
RPRNMLLKRHKFFCF38CC,中正段,.00,都市：其他:捷運系統用地,,,,01650000
RPRNMLLKRHKFFCF38CC,中正段,.00,都市：住,,,,01650001
RPRNMLLKRHKFFCF38CC,中華段,.00,都市：其他:捷運系統用地,,,,07500000
RPXOMLOJRHKFFCF66CC,復興段,.00,都市：工,,,,01380000
RPSNMLMJRHKFFCF48CC,復興段,341.72,都市：工,,,,03220000
RPVNMLSJRHKFFCF76CC,民權段,.00,都市：住,,,,00390000
RPPNMLTKRHKFFDF09CC,智興段,.00,都市：商,,,,04410000
RPQPMLSKRHKFFGF07DC,光興段,6.26,都市：其他:捷運系統用地,,,,00110000
RPOOMLLLRHKFFDF38CC,金龍段,4.75,都市：住,,,,06980000
RPUOMLTKRHKFFEF17CC,新興段,.15,都市：其他:,,,,07880000
RPUOMLTKRHKFFEF17CC,新興段,8.26,都市：其他:,,,,07890000
RPROMLLLRHKFFCF58CC,惠國段,.00,都市：住,,,,00730000
RPWOMLLLRHKFFAF88CC,新興段,.00,非都市： ; 非都市編定：,,,,10920000
RPPNMLTKRHKFFGF76CC,光華段,.00,都市：住,,,,06820000
RPOSMLLLRHKFFBF58CC,裕民段,.00,都市：住,,,,00710000
RPPNMLKLRHKFFDF28CC,智興段,.00,都市：商,,,,04410000
RPVOMLMLRHKFFDF66DC,金龍段,15.90,都市：住,,,,03280000
RPOPMLLLRHKFFEF68DC,中興段,91.31,都市：住,,,,05080000
RPOOMLLLRHKFFIF88CC,大學段二小段,112.64,都市：住,,,,00560000
RPVOMLMLRHKFFHF96CC,新民段,.00,都市：工,,,,05500000
RPUNMLMLRHKFFHF76CC,福和段,16.39,都市：商,,,,09860000
RPWOMLMLRHKFFHF07CC,大仁段,34.18,都市：住,,,,05680000
RPQNMLMLRHKFFBF38CC,麗林段,9.66,都市：商,,,,04070001
RPRNMLMLRHKFFBF48CC,國宅段,25.61,都市：住,,,,00140000
RPOOMLMLRHKFFDF48CC,福興段,868.38,非都市：山坡地保育區 ; 非都市編定：農牧用地,,,,09330000
RPROMLNLRHKFFDF88CC,昊天段,.00,非都市： ; 非都市編定：,,,,06450000
RPQNMLNLRHKFFAF38CC,幸福段,.00,非都市： ; 非都市編定：,,,,01800000
RPRNMLNLRHKFFHF56CC,中正段,43.50,都市：商,,,,10690000
RPRNMLNLRHKFFHF56CC,中正段,2.50,都市：住,,,,10690002
RPSRMLNLRHKFFAF98CC,重慶段,76.00,都市：住,,,,12400000
RPPPMLNLRHKFFEF88CC,竹圍段,4.89,都市：其他:,,,,07630000
RPPPMLNLRHKFFEF88CC,竹圍段,31.47,都市：其他:,,,,07780000
RPQRMLLLRHKFFEF98CC,新市段,21.56,都市：住,,,,00850000
RPVNMLNLRHKFFEF66CC,公司田段,33.00,都市：住,,,,00280000
RPVOMLLLRHKFFEF56CC,中興段,5.83,都市：住,,,,00380000
RPRPMLLLRHKFFEF88CC,鄧公段,.00,都市：住,,,,02430000
RPQNMLKLRHKFFEF48CC,龍米段,327.92,都市：商,,,,20490000
RPVPMLMLRHKFFEF76CC,中正段,9.90,都市：商,,,,05490000
RPRRMLLLRHKFFEF09CC,長興段,7.82,都市：住,,,,04510000
RPRRMLLLRHKFFEF09CC,長興段,.21,都市：其他:,,,,04510001
RPWOMLOLRHKFFEF96CC,馬偕段,6.69,都市：工,,,,01960000
RPRNMLOLRHKFFIF76CC,大學段二小段,10.22,都市：商,,,,00900000
RPROMLOLRHKFFIF86CC,大學段一小段,10.07,都市：商,,,,00530000
RPQNMLOLRHKFFIF66CC,大學段一小段,5.34,都市：住,,,,00910000
RPTNMLNLRHKFFIF86CC,永安段,29.60,都市：工,,,,03230000
RPPNMLMLRHKFFIF98CC,復興段,46.66,都市：住,,,,00140000
RPWNMLNLRHKFFIF17CC,圳福段,13.07,都市：住,,,,06560000
RPQPMLOLRHKFFHF76CC,大同段,.00,都市：住,,,,01290000
RPPPMLOLRHKFFHF66CC,中興段,.00,都市：商,,,,08340000
RPWNMLMLRHKFFAF98DC,板院段,.00,都市：住,,,,04100000
RPTPMLOLRHKFFHF07CC,南山段,.00,都市：住,,,,06860000
RPTPMLOLRHKFFHF07CC,南山段,.00,都市：住,,,,06870000
RPSPMLOLRHKFFHF96CC,景福段,.00,都市：住,,,,06060000
RPVOMLOLRHKFFAF09CC,中山段,.00,都市：住,,,,13870000
RPUPMLOLRHKFFHF17CC,福祥段,.00,都市：商,,,,04090000
RPXQMLOLRHKFFBF96CC,中誠段,39.11,都市：住,,,,00620000
RPVQMLOLRHKFFBF76CC,興化段,134.92,都市：工,,,,04090000
RPORMLOLRHKFFBF78CC,公館段,155.02,都市：工,,,,04970000
RPRNNLPLRHKFFBF88CC,興化段,.00,都市：工,,,,02510000
RPSPMLPLRHKFFEF96EC,公司田段,35.67,都市：住,,,,01930000
RPUOMLPLRHKFFDF76CC,智興段,.00,都市：商,,,,05070000
RPOPMLPLRHKFFDF88CC,同新段,12.02,都市：工,,,,00130000
RPQPMLPLRHKFFDF09CC,同新段,23.99,都市：工,,,,00130000
RPPPMLPLRHKFFDF98CC,工建段,28.73,都市：工,,,,06730000
RPPPMLPLRHKFFDF98CC,工建段,6.66,都市：工,,,,06730000
RPROMLPLRHKFFHF86CC,捷運段,.00,都市：其他:捷運系統用地,,,,00080000
RPWOMLPLRHKFFHF37CC,福祥段,2.46,都市：商,,,,04090000
RPQPMLPLRHKFFEF56CC,公司田段,23.49,都市：住,,,,01340000
RPSPMLPLRHKFFEF76CC,公司田段,19.95,都市：住,,,,00100001
RPPNMLQLRHKFFHF66CC,保福段,17.80,都市：住,,,,13800000
RPWPMLPLRHKFFEF17CC,竹圍段,.00,都市：住,,,,08950000
RPWNMLOLRHKFFCF66CC,華城一段,148.14,都市：住,,,,00240000
RPRNMLQLRHKFFBF88CC,和平段,8.46,都市：住,,,,07760000
RPSNMLQLRHKFFBF98CC,副都心段六小段,32.95,都市：住,,,,00170000
RPTNMLQLRHKFFBF09CC,中原段,10.86,都市：商,,,,01950000
RPWNMLQLRHKFFBF76CC,文德段,5.44,都市：住,,,,01890001
RPROMLOLRHKFFHF76CC,大智段,.00,都市：住,,,,02180000
RPVOMLOLRHKFFHF17CC,華中段,26.94,都市：住,,,,00610000
RPOPMLOLRHKFFHF56CC,信義段,22.08,都市：住,,,,00910000
RPQOMLOLRHKFFHF66CC,圓通段,.00,都市：住,,,,02120000
RPWOMLOLRHKFFHF27CC,安邦段,.00,都市：住,,,,01350000
RPUOMLOLRHKFFHF07CC,台貿段,.00,都市：住,,,,05110000
RPXOMLOLRHKFFHF37CC,雙和段,.00,都市：商,,,,06250000
RPXNMLQLRHKFFBF86CC,思源段,12.01,都市：其他:,,,,09350000
RPWPMLTLRHKFFBF27CC,合鳳段,.00,都市：其他:部分住宅，部分道路用地,,,,01130000
RPOOMLQLRHKFFBF68CC,榮富段,13.36,都市：住,,,,03870000
RPPOMLQLRHKFFBF78CC,忠孝段,10.90,都市：住,,,,00660000
RPPNMLTLRHKFFAF88CC,板院段,.00,都市：商,,,,07020000
RPRNMLKMRHKFFAF28CC,金城段,7.73,都市：住,,,,03910000
RPVOMLKMRHKFFBF88CC,建林段,57.97,都市：住,,,,09200000
RPROMLKMRHKFFHF56DC,中興段,12.77,都市：商,,,,08340000
RPROMLKMRHKFFHF56DC,中興段,.18,都市：住,,,,08350001
RPTOMLLJIIKFFHF38DC,捷運段,.00,都市：其他:捷運系統用地,,,,00080000
RPWNMLKMRHKFFIF96CC,和平段,31.83,都市：住,,,,04640000
RPRQMLLJIIKFFIF38CC,和平段,.00,都市：住,,,,06990000
RPXNMLKMRHKFFAF09EC,幸福段,.00,都市：住,,,,00290000
RPWPMLKMRHKFFIF37EC,民族段,.00,都市：住,,,,00750000
RPQNMLLJIIKFFEF57CC,紅毛城段,9.58,都市：住,,,,05330000
RPXNMLLJIIKFFHF58CC,福祥段,.00,都市：住,,,,04010000
RPXNMLLJIIKFFCF08CC,北新段,.00,都市：其他:道路,,,,05480001
RPXNMLLJIIKFFCF08CC,北新段,.00,都市：住,,,,05480000
RPROMLLJIIKFFCF57CC,行政段,351.04,都市：住,,,,07980000
RPUNMLMJIIKFFCF87CC,復興段,77.77,都市：工,,,,00820000
RPSOMLLJIIKFFCF67CC,寶元段,273.00,都市：工,,,,02730000
RPVNMLMJIIKFFCF97CC,惠國段,.00,非都市： ; 非都市編定：,,,,06530000
RPWNMLMJIIKFFCF08CC,民權段,.00,非都市： ; 非都市編定：,,,,00230000
RPXNMLMJIIKFFCF18CC,寶橋段,44.00,都市：工,,,,04450000
RPTQMLMJIIKFFAF87CC,新板段三小段,4.93,都市：其他:第二種特定專區,,,,00250000
RPPPMLMJIIKFFIF18CC,慈恩段,143.43,都市：住,,,,02770000
RPTPMLMJIIKFFIF58CC,大學段一小段,27.77,都市：商,,,,00520000
RPVNMLMJIIKFFGF38CC,永德段,118.00,非都市： ; 非都市編定：,,,,06990001
RPVNMLMJIIKFFGF38CC,永德段,6.00,非都市： ; 非都市編定：,,,,08790001
RPPNMLNJIIKFFCF57DC,莊敬段,.00,都市：工,,,,07800000
RPPNMLOJIIKFFIF18CC,大學段一小段,18.60,都市：住,,,,01520000
RPQNMLOJIIKFFIF28CC,大學段二小段,13.77,都市：商,,,,00980000
RPWOMLLJIIKFFEF28CC,公司田段,23.66,都市：住,,,,00330000
RPPNMLOJIIKFFEF77CC,馬偕段,5.67,都市：工,,,,01960000
RPQNMLOJIIKFFEF87CC,正德段,6.10,都市：住,,,,07440000
RPRWMLMJIIKFFBF38CC,榮富段,.00,都市：住,,,,09570000
RPSWMLKMRHKFFBF76CC,信華段二小段,9.80,都市：住,,,,00200000
RPSWMLKMRHKFFBF76CC,信華段一小段,18.36,都市：住,,,,00090000
RPSOMLPJIIKFFAF87CC,延和段,21.42,都市：住,,,,04920000
RPWNMLMJIIKFFHF58CC,永利段,.00,都市：商,,,,07140000
RPXQMLPJIIKFFHF66CC,安樂段,18.39,都市：住,,,,06810000
RPUQMLPJIIKFFHF98CC,安樂段,18.39,都市：住,,,,06810000
RPUPMLPJIIKFFHF88CC,健康段,.00,都市：工,,,,08390000
RPROMLPJIIKFFCF18EC,光明段,.00,都市：住,,,,00310000
RPWNMLPJIIKFFCF38CC,復興段,.00,都市：工,,,,02080000
RPQNMLPJIIKFFAF77EC,永安段,.00,都市：住,,,,05210000
RPRNMLPJIIKFFDF08DC,金龍段,30.30,都市：住,,,,03280000
RPPNMLQJIIKFFBF87EC,榮富段,.00,都市：住,,,,01520000
RPPNMLKMRHKFFDF38CC,智興段,.00,都市：商,,,,02650000
RPPNMLKMRHKFFDF38CC,智興段,.00,都市：其他:,,,,02650001
RPUNMLPJIIKFFDF28CC,智興段,.00,都市：住,,,,09640000
RPUNMLPJIIKFFDF28CC,智興段,.00,都市：住,,,,09650000
RPUNMLPJIIKFFDF28CC,智興段,.00,都市：住,,,,09700000
RPUNMLPJIIKFFDF28CC,智興段,.00,都市：住,,,,09710000
RPUNMLPJIIKFFDF28CC,智興段,.00,都市：住,,,,09720000
RPSNMLPJIIKFFDF08CC,厚德段,22.04,都市：住,,,,05570000
RPUOMLPJIIKFFDF38CC,福德段,.00,都市：住,,,,13190000
RPWOMLLJIIKFFDF18CC,福德段,30.00,都市：住,,,,08510000
RPWOMLLJIIKFFDF18CC,福德段,3.05,都市：住,,,,08560000
RPSOMLKMRHKFFDF78CC,保安段,.00,都市：工,,,,12570000
RPQNMLKMRHKFFDF48CC,智興段,.00,都市：住,,,,01040000
RPRNMLKMRHKFFDF58CC,智興段,.00,都市：商,,,,04410000
RPTOMLQJIIKFFCF28CC,雙城段,.00,都市：住,,,,01170000
RPQRMLQJIIKFFAF08CC,文化段,2.18,都市：住,,,,11980000
RPOOMLQJIIKFFBF67CC,榮富段,14.13,都市：住,,,,06580000
RPTNMLQJIIKFFHF68CC,竹林段,.00,都市：住,,,,01790000
RPRNMLQJIIKFFHF48CC,大同段,.00,都市：住,,,,00040000
RPPOMLQJIIKFFBF77CC,民安段,.00,都市：工,,,,00740000
RPVRMLQJIIKFFBF68CC,光明段,.00,都市：住,,,,01980000
RPUNMLQJIIKFFHF78CC,頂溪段,33.75,都市：住,,,,08010000
RPUOMLQJIIKFFHF88CC,大同段,19.74,都市：住,,,,06220000
RPQOMLQJIIKFFHF48CC,正南段,.00,都市：住,,,,11500000
RPWOMLQJIIKFFHF09CC,雙和段,.00,都市：商,,,,09110000
RPSOMLQJIIKFFHF68CC,盛昌段,.00,都市：住,,,,05430000
RPVOMLQJIIKFFHF98CC,捷運段,.00,都市：其他:捷運系統用地,,,,00080000
RPUNMLQJIIKFFEF48CC,中正段,22.69,都市：商,,,,03130000
RPVNMLQJIIKFFAF28DC,海山段,.00,都市：住,,,,07140000
RPXOMLQJIIKFFAF58DC,員福段,64.40,都市：住,,,,05840000
RPXOMLQJIIKFFAF58DC,員福段,.00,都市：住,,,,05840001
RPVNMLQJIIKFFGF78CC,正義北段,8.05,非都市： ; 非都市編定：,,,,09580000
RPOOMLRJIIKFFCF97DC,寶橋段,.00,非都市： ; 非都市編定：,,,,00790000
RPUOMLQJIIKFFCF38CC,民安段,.00,都市：住,,,,03230000
RPWPMLRJIIKFFEF98CC,學府段,.00,都市：住,,,,06370000
RPUNMLRJIIKFFIF98CC,樹德段,53.52,都市：住,,,,16260000
RPQQMLRJIIKFFEF48CC,海天段,.00,都市：住,,,,01900000
RPVQMLRJIIKFFEF98CC,新市段,17.71,都市：住,,,,01340000
RPVOMLQJIIKFFDF58CC,福興段,.00,都市：住,,,,04690000
RPVOMLQJIIKFFDF58CC,福興段,.00,都市：住,,,,04390000
RPVNMLQJIIKFFDF48CC,昊天段,2360.86,都市：工,,,,08720000
RPWNMLQJIIKFFDF58CC,昊天段,92.00,都市：工,,,,10860000
RPQNMLQJIIKFFDF97CC,智興段,.00,都市：商,,,,04710000
RPQNMLQJIIKFFDF97CC,智興段,.00,都市：住,,,,04760000
RPSOMLRJIIKFFBF18CC,榮富段,19.19,都市：住,,,,07270000
RPURMLRJIIKFFBF68CC,民安段,12.81,都市：住,,,,10450000
RPOQMLRJIIKFFBF97CC,光明段,11.58,都市：其他:市場用地,,,,04550000
RPROMLRJIIKFFDF48EC,保長段,8.35,都市：住,,,,10540000
RPUOMLSJIIKFFDF88EC,保長段,8.59,都市：住,,,,09950000
RPWOMLRJIIKFFAF48CC,大安段,103.29,都市：工,,,,07450000
RPVOMLSJIIKFFDF98EC,保長段,3.97,都市：住,,,,09950000
RPWOMLSJIIKFFDF09EC,保長段,6.64,都市：住,,,,09950000
RPOPMLSJIIKFFDF38EC,保長段,6.64,都市：住,,,,09950000
RPSOMLSJIIKFFHF09EC,中和段,34.86,都市：住,,,,02440000
RPSNMLSJIIKFFAF08CC,新雅段,3.02,都市：住,,,,06280000
RPTNMLSJIIKFFAF18CC,江子翠段第三崁小段,.00,都市：住,,,,03390011
RPRNMLSJIIKFFCF18CC,中正段,.00,都市：其他:捷運系統用地,,,,01650000
RPRNMLSJIIKFFCF18CC,中華段,.00,都市：其他:捷運系統用地,,,,07500000
RPRNMLSJIIKFFCF18CC,中正段,.00,都市：住,,,,01650001
RPPNMLSJIIKFFDF08CC,智興段,.00,都市：商,,,,02650000
RPPNMLSJIIKFFDF08CC,智興段,.00,都市：其他:,,,,02650001
RPUNMLSJIIKFFCF68EC,惠國段,11.25,都市：住,,,,00730000
RPTNMLSJIIKFFBF28CC,泰山段一小段,1157.00,非都市：特定農業區 ; 非都市編定：農牧用地,,,,01590000
RPRNMLSJIIKFFBF08CC,明志段,19.31,都市：住,,,,05010000
RPOSMLRJIIKFFBF18CC,國宅段,223.19,都市：住,,,,00030004
RPQPMLSJIIKFFBF18CC,信華段二小段,7.25,都市：住,,,,00200000
RPQPMLSJIIKFFBF18CC,信華段一小段,13.58,都市：住,,,,00090000
RPWNMLSJIIKFFHF56CC,中原段,257.92,都市：工,,,,07190000
RPXNMLSJIIKFFHF66CC,四維段,19.04,都市：住,,,,01680000
RPROMLSJIIKFFHF78CC,景福段,27.90,都市：住,,,,05830000
RPOPMLSJIIKFFEF28CC,公司田段,.00,都市：住,,,,00100000
RPPPMLSJIIKFFEF38CC,大八里坌段蛇子形小段,180.00,都市：工,,,,05810005
RPRPMLSJIIKFFEF58CC,新興段,41.59,都市：住,,,,09000000
RPVOMLRJIIKFFHF09CC,保生段,22.06,都市：住,,,,04040000
RPOPMLQJIIKFFHF38CC,南山段,.00,都市：其他:部分住宅區部分捷運系統用地,,,,08540000
RPRNMLSJIIKFFHF68CC,健康段,.00,都市：工,,,,11590000
RPPOMLRJIIKFFHF48CC,保生段,2.48,都市：住,,,,04680000
RPXOMLQJIIKFFHF56CC,圓通段,.00,都市：住,,,,07070000
RPPPMLQJIIKFFHF48CC,南山段,.00,都市：其他:部分住宅區部分捷運系統用地,,,,08540000
RPUOMLRJIIKFFHF98CC,保生段,9.65,都市：住,,,,04420000
RPUOMLRJIIKFFHF98CC,保生段,.04,都市：住,,,,04420001
RPQPMLQJIIKFFHF58CC,樂華段,.00,都市：住,,,,07580000
RPPNMLKKIIKFFBF17CC,同興段,10.69,都市：商,,,,01530000
RPPNMLKKIIKFFDF37CC,新峰段,.00,都市：住,,,,01190000
RPQNMLKKIIKFFBF27CC,泰林段,14.54,都市：住,,,,13230000
RPPNMLMKIIKFFHF18EC,莒光段,19.25,都市：住,,,,09980000
RPRPMLNKIIKFFAF97EC,新板段二小段,.00,都市：其他:第二種特定專用區,,,,00040000
RPTOMLNKIIKFFIF88EC,國光段,41.29,都市：住,,,,01590000
RPRNMLKKIIKFFBF37CC,泰山段一小段,26.50,都市：住,,,,06600011
RPSOMLNKIIKFFDF08CC,同新段,.00,都市：工,,,,00130000
RPQOMLNKIIKFFDF87CC,北山段,20.99,都市：住,,,,05250000
RPSPMLNKIIKFFAF08EC,信義段,41.25,都市：工,,,,01630000
RPUOMLNKIIKFFDF28CC,同新段,.00,都市：工,,,,00130000
RPQPMLNKIIKFFAF67CC,文化段,2.10,都市：住,,,,11980000
RPPNMLKKIIKFFEF47CC,海天段,16.06,都市：住,,,,02160000
RPUNMLKKIIKFFEF97CC,水仙段,1.58,都市：住,,,,00670003
RPUNMLKKIIKFFEF97CC,水仙段,8.51,都市：住,,,,00670000
RPRNMLKKIIKFFEF67CC,海天段,.02,都市：住,,,,06420000
RPRNMLKKIIKFFEF67CC,海天段,.00,都市：住,,,,06420003
RPRNMLKKIIKFFEF67CC,海天段,2.33,都市：住,,,,06530000
RPRNMLKKIIKFFEF67CC,海天段,.17,都市：住,,,,06530004
RPRNMLKKIIKFFEF67CC,海天段,.01,都市：住,,,,06530005
RPQNMLKKIIKFFEF57CC,海天段,.12,都市：住,,,,06420000
RPQNMLKKIIKFFEF57CC,海天段,22.45,都市：住,,,,06530000
RPSPMLSJIIKFFEF68CC,天生段,131.54,都市：住,,,,04560002
RPVOMLNKIIKFFIF88CC,大學段二小段,.00,都市：住,,,,00150000
RPXNMLNKIIKFFGF78CC,菜寮段,73.02,都市：住,,,,17380000
RPXNMLNKIIKFFBF28CC,建林段,3.30,都市：商,,,,03800000
RPXNMLNKIIKFFBF28CC,建林段,34.57,都市：商,,,,03800001
RPSOMLNKIIKFFGF38CC,仁興段,.00,都市：住,,,,18960000
RPORMLNKIIKFFBF77CC,登林段,11.07,都市：住,,,,09470000
RPPNMLOKIIKFFEF87CC,海鷗段,3.03,都市：住,,,,11920000
RPPPMLOKIIKFFAF67CC,江子翠段第二崁小段,46.18,都市：住,,,,02060000
RPPOMLPKIIKFFAF67CC,文化段,2.60,都市：住,,,,11980000
RPTNMLOKIIKFFCF08CC,復興段,26.72,都市：工,,,,01850000
RPTNMLOKIIKFFCF08CC,復興段,493.69,都市：工,,,,02030000
RPWNMLOKIIKFFCF38CC,復興段,138.57,都市：工,,,,00820000
RPOPMLOKIIKFFHF28CC,中原段,55.46,都市：工,,,,05290000
RPROMLOKIIKFFHF48CC,景新段,.00,都市：住,,,,00250001
RPROMLOKIIKFFHF48CC,景新段,.20,都市：住,,,,00260000
RPROMLOKIIKFFHF48CC,景平段,15.24,都市：住,,,,00230000
RPQPMLOKIIKFFHF48CC,板南段,.00,都市：工,,,,03110000
RPWOMLOKIIKFFHF98CC,健康段,24.96,都市：工,,,,11600000
RPOPMLPKIIKFFAF67CC,府中段,.00,都市：商,,,,19000000
RPVOMLPKIIKFFAF28CC,江子翠段第二崁小段,.00,都市：商,,,,01980000
RPVNMLPKIIKFFDF48CC,大同段,129.99,都市：工,,,,05980000
RPPPMLPKIIKFFBF87CC,五工段,1951.00,非都市：工業區 ; 非都市編定：丁種建築用地,,,,04630000
RPROMLPKIIKFFEF28CC,中正段,5.86,都市：商,,,,02290000
RPOOMLPKIIKFFEF18EC,長興段,.00,都市：住,,,,14210000
RPQNMLPKIIKFFHF58EC,大同段,.00,都市：住,,,,01290000
RPTOMLQKIIKFFAF38EC,運校段,25.70,都市：住,,,,06790000
RPXQMLPKIIKFFGF66CC,重陽段,.00,都市：住,,,,01820000
RPORMLPKIIKFFBF97CC,榮富段,15.20,都市：住,,,,09260000
RPSOMLQKIIKFFAF28EC,頂福段,9.22,都市：住,,,,00220000
RPWQMLPKIIKFFGF56CC,福德北段,.00,都市：住,,,,01830000
RPWQMLPKIIKFFGF56CC,福德北段,.00,都市：住,,,,01870000
RPPPMLQKIIKFFBF97CC,文德段,27.46,都市：住,,,,01890002
RPPPMLQKIIKFFBF97CC,文德段,5.44,都市：住,,,,01890001
RPXNMLQKIIKFFBF58CC,佳林段,19.71,都市：商,,,,07340000
RPSPMLQKIIKFFBF28CC,榮富段,9.71,都市：住,,,,08500001
RPSOMLQKIIKFFEF48CC,新市段,8.95,都市：住,,,,00870000
RPTPMLQKIIKFFBF38CC,榮富段,10.44,都市：住,,,,08820000
RPTNMLQKIIKFFEF48CC,海天段,17.26,都市：住,,,,01820002
RPWPMLQKIIKFFBF68CC,榮富段,10.80,都市：住,,,,08440000
RPVPMLQKIIKFFBF58CC,忠孝段,14.62,都市：住,,,,04520000
RPQQMLQKIIKFFBF18CC,思賢段,16.03,都市：住,,,,07760000
RPOQMLQKIIKFFBF97CC,文德段,5.44,都市：住,,,,01890001
RPOQMLQKIIKFFBF97CC,文德段,27.46,都市：住,,,,01890002
RPUQMLOKIIKFFGF88CC,正義段,.00,非都市： ; 非都市編定：,,,,05930000
RPRPMLPKIIKFFGF58CC,福德北段,.00,都市：住,,,,01830000
RPTQMLPKIIKFFGF88CC,光興段,7.70,都市：住,,,,08620000
RPQNMLSKIIKFFDF28CC,智興段,.00,都市：住,,,,01040000
RPPNMLSKIIKFFDF18CC,智興段,.00,都市：住,,,,02650000
RPPNMLSKIIKFFDF18CC,智興段,.00,都市：其他:道路用地,,,,02650001
RPSNMLSKIIKFFBF28CC,中原段,47.03,都市：住,,,,02830000
RPSQMLQKIIKFFBF38CC,中原段,40.57,都市：住,,,,00770000
RPRNMLSKIIKFFBF18CC,副都心段一小段,8.97,都市：商,,,,04020000
RPTQMLQKIIKFFBF48CC,榮富段,9.80,都市：住,,,,08820000
RPTNMLSKIIKFFBF38CC,芳洲段,19.51,都市：住,,,,01600000
RPUNMLSKIIKFFBF48CC,榮富段,14.91,都市：住,,,,09060000
RPWNMLSKIIKFFBF68CC,榮富段,18.71,都市：住,,,,08310000
RPROMLTKIIKFFDF58CC,工建段,24.17,都市：工,,,,06730000
RPSOMLTKIIKFFDF68CC,同新段,19.63,都市：工,,,,00130000
RPQNMLSKIIKFFEF48DC,公司田段,.00,非都市： ; 非都市編定：,,,,00910000
RPTPMLQKIIKFFEF78DC,鄧公段,19.07,都市：住,,,,06300000
RPVPMLTKIIKFFAF78CC,民權段,.00,都市：其他:未經數值重測,,,,02630002
RPUOMLTKIIKFFHF66CC,四維段,18.63,都市：住,,,,07960000
RPPNMLTKIIKFFHF68CC,福和段,.00,都市：住,,,,05030000
RPQNMLKLIIKFFHF97CC,大華段,15.27,都市：其他:部分住宅區部分道路用地,,,,14470000
RPTNMLKLIIKFFHF28CC,南工段,17.24,都市：住,,,,04670000
RPTNMLKLIIKFFHF28CC,南工段,4.61,都市：住,,,,04680000
RPQOMLKLIIKFFHF08CC,捷運段,15.07,都市：其他:捷運系統用地,,,,00080000
RPTPMLKLIIKFFHF48CC,得林段,33.37,都市：住,,,,01040000
RPVNMLKLIIKFFEF18CC,中興段,5.65,都市：住,,,,01730000
RPOOMLKLIIKFFEF57CC,淡海段,30.06,都市：商,,,,01040000
RPPOMLKLIIKFFEF67CC,中興段,40.04,都市：住,,,,10280000
RPQOMLKLIIKFFEF77CC,新市段,21.56,都市：住,,,,00850000
RPXOMLKLIIKFFEF48CC,海天段,12.96,都市：住,,,,01900000
RPPOMLKLIIKFFIF08CC,民生段,15.79,都市：住,,,,05340000
RPQOMLKLIIKFFIF18CC,大學段一小段,5.88,都市：住,,,,01840000
RPUOMLKLIIKFFIF58CC,尖山腳段,.00,都市：住,,,,09660000
RPVOMLKLIIKFFIF68CC,大學段一小段,15.11,都市：商,,,,00530000
RPTOMLKLIIKFFBF77CC,化成段,192.28,都市：工,,,,02160000
RPTQMLKLIIKFFBF97CC,自強段,23.98,都市：住,,,,07320000
RPVQMLKLIIKFFBF18CC,副都心段一小段,24.53,都市：商,,,,00100000
RPWPMLKLIIKFFAF28EC,江子翠段第三崁小段,142.00,都市：住,,,,02140003
RPXPMLKLIIKFFAF38EC,信義段,37.46,都市：工,,,,01360000
RPVPMLKLIIKFFAF97CC,府中段,.50,都市：住,,,,12980002
RPVPMLKLIIKFFAF97CC,府中段,.55,都市：住,,,,12980003
RPVPMLKLIIKFFAF97CC,府中段,.60,都市：住,,,,12980004
RPVPMLKLIIKFFAF97CC,府中段,.40,都市：住,,,,13030000
RPVPMLKLIIKFFAF97CC,府中段,.20,都市：住,,,,16550001
RPVPMLKLIIKFFAF97CC,府中段,4.50,都市：住,,,,16550002
RPRNMLQKIIKFFCF08CC,惠國段,27.73,都市：住,,,,08580000
RPSOMLQKIIKFFCF28CC,寶元段,55.20,都市：工,,,,02730000
RPQOMLQKIIKFFCF08CC,寶元段,830.25,都市：工,,,,01740000
RPSOMLKLIIKFFBF87EC,榮富段,10.95,都市：住,,,,01400000
RPSOMLKLIIKFFBF87EC,榮富段,18.92,都市：住,,,,01400000
RPQOMLLLIIKFFBF57CC,國宅段,136.75,都市：住,,,,00730006
RPPPMLLLIIKFFCF87EC,復興段,.00,都市：工,,,,05150000
RPVNMLLLIIKFFAF87CC,學成段,.00,都市：住,,,,07850000
RPXSMLLLIIKFFAF58CC,中山段,10.92,都市：其他:,,,,06680000
RPOPMLLLIIKFFIF18CC,三多段,92.96,都市：工,,,,00490000
RPOPMLLLIIKFFIF18CC,三多段,.92,都市：工,,,,00500000
RPOPMLLLIIKFFIF18CC,三多段,386.24,都市：工,,,,00530000
RPOPMLLLIIKFFIF18CC,三多段,650.99,都市：工,,,,00540000
RPOPMLLLIIKFFIF18CC,三多段,505.89,都市：工,,,,00560000
RPXRMLLLIIKFFGF09CC,興德段,83.99,都市：工,,,,05670000
RPVNMLLLIIKFFHF58CC,中興段,.00,都市：商,,,,07720000
RPQOMLMLIIKFFHF28CC,頂溪段,2.80,都市：住,,,,08640000
RPQOMLMLIIKFFHF28CC,頂溪段,30.00,都市：住,,,,08650000
RPROMLMLIIKFFHF38CC,頂溪段,30.00,都市：住,,,,08650000
RPOPMLKLIIKFFDF77EC,保長段,12.76,都市：住,,,,09950000
RPTNMLMLIIKFFIF58CC,國慶段,3.00,都市：住,,,,00130000
RPTNMLMLIIKFFIF58CC,國慶段,177.00,都市：住,,,,00170000
RPTNMLMLIIKFFIF58CC,國慶段,516.00,都市：住,,,,00180000
RPSOMLMLIIKFFEF18CC,新市段,11.09,都市：住,,,,00870000
RPXOMLLLIIKFFBF28CC,自強段,28.79,都市：住,,,,01330000
RPRPMLMLIIKFFAF77CC,大庭段,37.00,都市：住,,,,20240000
RPOOMLMLIIKFFCF57CC,中央段,20.61,都市：住,,,,04410000
RPPOMLMLIIKFFCF67CC,中央段,5.77,都市：住,,,,04410000
RPSQMLMLIIKFFBF08CC,榮富段,13.16,都市：住,,,,09290000
RPUQMLMLIIKFFBF28CC,復興段,86.99,都市：住,,,,00060000
RPORMLMLIIKFFBF77CC,副都心段一小段,10.58,都市：商,,,,00110000
RPRRMLMLIIKFFBF08CC,芳洲段,30.54,都市：住,,,,01490000
RPTRMLMLIIKFFBF28CC,榮富段,14.08,都市：住,,,,08500000
RPWRMLMLIIKFFBF58CC,和平段,23.47,都市：住,,,,02430000
RPXRMLMLIIKFFBF68CC,榮富段,9.70,都市：住,,,,08500000
RPQSMLMLIIKFFBF08CC,副都心段一小段,11.66,都市：住,,,,02500000
RPQSMLMLIIKFFBF08CC,副都心段一小段,8.00,都市：住,,,,02510000
RPSSMLMLIIKFFBF28CC,芳洲段,19.51,都市：住,,,,01600000
RPUSMLMLIIKFFBF48CC,榮富段,10.75,都市：住,,,,08820000
RPWSMLMLIIKFFBF68CC,副都心段七小段,27.51,都市：住,,,,00360000
RPXSMLMLIIKFFBF78CC,副都心段一小段,16.45,都市：商,,,,00270000
RPSNMLNLIIKFFCF97CC,惠國段,.00,都市：住,,,,06390000
RPSPMLOKIIKFFHF68CC,板南段,33.83,都市：工,,,,05470000
RPOOMLPKIIKFFHF28CC,捷運段,18.11,都市：其他:捷運系統用地,,,,00080000
RPOOMLNLIIKFFEF87CC,公司田段,27.62,都市：住,,,,00480000
RPROMLNLIIKFFEF18CC,公司田段,18.80,都市：住,,,,01920000
RPSQMLNLIIKFFEF48CC,馬偕段,6.69,都市：工,,,,01960000
RPOOMLMLIIKFFDF67CC,建成段,.00,都市：商,,,,05040000
RPOOMLMLIIKFFDF67CC,建成段,.00,都市：商,,,,05750000
RPQNMLNLIIKFFDF87CC,智興段,.00,都市：商,,,,05110000
RPTNMLLLIIKFFDF97CC,厚德段,17.47,都市：住,,,,06590000
RPRNMLNLIIKFFDF97CC,智興段,.00,都市：商,,,,04410000
RPPNMLLLIIKFFDF57CC,智興段,.00,都市：住,,,,01040000
RPUOMLTKIIKFFDF88CC,同新段,17.45,都市：工,,,,00130000
RPVOMLTKIIKFFDF98CC,工建段,34.89,都市：工,,,,00130000
RPTOMLTKIIKFFDF78CC,同新段,9.12,都市：工,,,,00130000
RPROMLNLIIKFFIF68DC,大湖段大湖小段,69.00,非都市：鄉村區 ; 非都市編定：乙種建築用地,,,,00210022
RPSNMLNLIIKFFEF28DC,水仙段,.00,非都市： ; 非都市編定：,,,,00670000
RPSNMLQLIIKFFDF38CC,智興段,.00,都市：住,,,,02650000
RPSNMLQLIIKFFDF38CC,智興段,.00,都市：其他:道路用地,,,,02650001
RPVPMLNLIIKFFEF88EC,天生段,.00,非都市： ; 非都市編定：,,,,00910000
RPSPMLQLIIKFFBF38CC,忠孝段,16.45,都市：住,,,,04520000
RPPNMLOLIIKFFDF87CC,智興段,.00,都市：住,,,,02650000
RPPNMLOLIIKFFDF87CC,智興段,.00,都市：其他:道路用地,,,,02650001
RPQPMLQLIIKFFAF08CC,江子翠段第三崁小段,.00,都市：住,,,,03140000
RPVOMLQLIIKFFBF58CC,五工段,995.52,非都市：工業區 ; 非都市編定：丁種建築用地,,,,01090000
RPRPMLQLIIKFFAF18CC,學林段,27.28,都市：住,,,,00670000
RPWQMLQLIIKFFHF86CC,福和段,9.38,都市：住,,,,11650000
RPTPMLQLIIKFFBF48CC,立言段,35.43,都市：住,,,,03160000
RPQOMLRLIIKFFHF78CC,安平段,27.88,都市：住,,,,04800000
RPROMLQLIIKFFCF38DC,惠國段,11.25,都市：住,,,,00730000
RPRNMLQLIIKFFHF68CC,四維段,.00,都市：住,,,,02340000
RPWOMLQLIIKFFEF56EC,竹圍段,22.57,都市：工,,,,07780000
RPPOMLQLIIKFFHF78EC,景新段,.00,都市：住,,,,00250001
RPPOMLQLIIKFFHF78EC,景新段,.27,都市：住,,,,00260000
RPPOMLQLIIKFFHF78EC,景平段,20.96,都市：住,,,,00230000
RPPRMLRLIIKFFBF38CC,昌隆段,16.80,都市：住,,,,06470000
RPQRMLRLIIKFFBF48CC,立德段,26.72,都市：住,,,,02790000
RPQPMLRLIIKFFAF18CC,學成段,18.85,都市：住,,,,06880000
RPVQMLRLIIKFFDF09CC,新峰段,.00,都市：住,,,,09820000
RPRNMLSLIIKFFAF18CC,文化段,51.09,都市：住,,,,22810000
RPUQMLSLIIKFFEF56CC,公司田段,27.40,都市：住,,,,00910000
RPQPMLSLIIKFFHF56EC,中和段,49.15,都市：住,,,,02210000
RPXOMLSLIIKFFHF96CC,新民段,.00,都市：工,,,,00840000
RPRPMLSLIIKFFHF09CC,新民段,.00,都市：工,,,,00840000
RPSPMLSLIIKFFHF56CC,景平段,.00,都市：住,,,,00230000
RPTNMLTLIIKFFCF68CC,復興段,150.36,都市：工,,,,03220000
RPWNMLTLIIKFFHF86CC,盛昌段,8.91,都市：住,,,,01530000
RPWNMLTLIIKFFHF86CC,盛昌段,5.20,都市：住,,,,01450000
RPQNMLTLIIKFFDF48CC,智興段,.00,都市：商,,,,04410000
RPRNMLTLIIKFFDF58CC,智興段,.00,都市：商,,,,05060000
RPRNMLTLIIKFFDF58CC,智興段,.00,都市：其他:道路用地,,,,05060001
RPRNMLTLIIKFFDF58CC,智興段,.00,都市：商,,,,05600002
RPPPMLKMIIKFFAF47CC,大庭段,.00,都市：住,,,,23950000
RPTNMLKMIIKFFHF38CC,中原段,257.92,都市：工,,,,07190000
RPVNMLKMIIKFFHF58CC,南勢段,16.94,都市：住,,,,07500000
RPQSNLTLIIKFFBF88CC,中原段,18.60,都市：商,,,,01750000
RPSPMLKMIIKFFBF87CC,建林段,76.02,都市：住,,,,09540000
RPWPMLKMIIKFFHF88CC,健康段,.00,都市：工,,,,11600000
RPXPMLKMIIKFFHF98CC,健康段,.00,都市：工,,,,11600000
RPVPMLKMIIKFFHF78CC,民富段,22.55,都市：工,,,,02470000
RPUOMLKMIIKFFEF48EC,中山段,17.70,都市：住,,,,03920000
RPRNMLLMIIKFFAF57CC,中山段,.00,都市：工,,,,02410000
RPUNMLTLIIKFFEF98CC,公司田段,13.08,都市：住,,,,00100000
RPVTMLSLIIKFFEF96CC,竹圍段,3.41,都市：商,,,,02370000
RPQNMLLMIIKFFHF18CC,民治段,.00,都市：商,,,,00130000
RPRQMLKMIIKFFIF58CC,大學段一小段,18.96,都市：商,,,,00520000
RPUNMLNLIIKFFGF58CC,中興段,.00,都市：工,,,,07930000
RPVPMLMLIIKFFGF78CC,幸福段,18.57,都市：住,,,,23900000
