﻿編號,屋齡,建物移轉面積平方公尺,主要用途,主要建材,建築完成日期,總層數,建物分層
The serial number,room age,building shifting area square meter,the main use,main building materials,construction completes the date,total layer,building lamination
RPUNMLOJQHKFFBH98DC,19,102.61,住家用,鋼筋混凝土造,86年1月7日,五層,
RPUNMLOJQHKFFBH98DC,19,6.40,共有部份,鋼筋混凝土造,86年1月7日,五層,
RPOPMLNJQHKFFAH28CC,21,115.96,住家用,鋼筋混凝土造,83年4月11日,十六層,
RPUNMLOJQHKFFEH66DC,12,39.12,住家用,鋼筋混凝土造,92年7月28日,十四層,
RPTOMLPJQHKFFBH98CC,38,60.25,住商用,鋼筋混凝土造,66年4月14日,三層,
RPPNMLOJQHKFFGH98DC,3,61.69,店舖、集合住宅,鋼筋混凝土造,101年9月20日,十五層,
RPPNMLOJQHKFFGH98DC,3,26.50,共有部份,鋼筋混凝土造,101年9月20日,十五層,
RPRNMLOJQHKFFEH98DC,16,179.45,住家用,鋼筋混凝土造,88年7月7日,十四層,
RPWNMLOJQHKFFFH07EC,10,68.60,共有部份,鋼筋混凝土造,94年11月5日,十層,
RPWNMLOJQHKFFFH07EC,10,99.94,住商用,鋼筋混凝土造,94年11月5日,十層,
RPRNMLOJQHKFFBH58CC,6,64.05,住商用,鋼筋混凝土造,98年4月15日,十四層,
RPQPMLPJQHKFFBH78CC,5,85.33,店舖,鋼筋混凝土造,99年5月22日,十九層,
RPQPMLPJQHKFFBH78CC,5,13.06,集合住宅〈附屬樓梯間、電梯間、水箱、騎樓〉,鋼筋混凝土造,99年5月22日,十九層,
RPQPMLPJQHKFFBH78CC,5,13.34,集合住宅〈附屬樓梯間、電梯間、水箱、騎樓〉,鋼筋混凝土造,99年5月22日,十九層,
RPQPMLPJQHKFFBH78CC,5,13.12,共用部分：門廳、社區中心、防空避難室兼停車空間、供公眾停車空間、電信機房、台電配電場所、發電機房、水箱、梯廳、消防機房、污水機房。,鋼筋混凝土造,99年5月22日,二十三層,
RPQPMLPJQHKFFBH78CC,5,84.68,店舖,鋼筋混凝土造,99年5月22日,十九層,
RPTPMLPJQHKFFAH98CC,21,73.63,住家用,鋼筋混凝土造,83年5月6日,七層,
RPTPMLPJQHKFFAH98CC,22,35.66,住家用,鋼骨鋼筋混凝土造,82年4月30日,二十二層,
RPUNMLPJQHKFFFH76CC,34,69.50,住家用,鋼筋混凝土造,70年12月9日,五層,
RPRRMLPJQHKFFAH98CC,26,131.04,住家用,鋼筋混凝土造,78年5月12日,五層,
RPRRMLPJQHKFFAH98CC,26,12.83,共有部份,鋼筋混凝土造,78年5月12日,五層,
RPSRMLPJQHKFFAH09CC,32,75.03,住家用,鋼筋混凝土造,72年4月15日,五層,
RPSPMLPJQHKFFBH09DC,39,84.90,住家用,加強磚造,65年5月11日,二層,
RPQPMLPJQHKFFAH68CC,24,245.75,人行道﹐集合住宅﹐店舖,鋼筋混凝土造,80年4月20日,六層,
RPTNMLQJQHKFFEH66CC,27,866.42,單人宿舍、辦公室、防空避難室、廠房,鋼筋混凝土造,77年5月4日,二層,
RPSNMLQJQHKFFEH56CC,2,239.53,住家用,鋼筋混凝土造,102年9月18日,二十一層,
RPQRMLRJQHKFFBH56CC,13,51.67,住家用,鋼筋混凝土造,90年1月15日,十層,
RPQRMLRJQHKFFBH56CC,13,7.68,共有部份,鋼筋混凝土造,90年1月15日,十層,
RPQRMLRJQHKFFBH56CC,13,14.22,共有部份,鋼筋混凝土造,90年1月15日,十層,
RPROMLQJQHKFFBH88CC,19,101.32,住家用,鋼筋混凝土造,86年1月7日,五層,
RPSPMLPJQHKFFEH76DC,11,110.66,住家用,鋼筋混凝土造,94年1月31日,十四層,
RPROMLKKQHKFFEH78DC,20,74.21,商業用,鋼筋混凝土造,84年11月9日,八層,
RPROMLKKQHKFFEH78DC,20,3.64,共有部份,鋼筋混凝土造,84年11月9日,八層,
RPROMLKKQHKFFEH78DC,20,28.07,共有部份,鋼筋混凝土造,84年11月9日,八層,
RPRNMLRJQHKFFAH78CC,20,158.89,住商用,鋼筋混凝土造,84年6月10日,十四層,
RPRNMLRJQHKFFAH78CC,20,33.37,共有部份,鋼筋混凝土造,84年6月10日,十四層,
RPRNMLRJQHKFFAH78CC,20,53.80,共有部份,鋼筋混凝土造,84年6月10日,十四層,
RPWNMLKKQHKFFEH66EC,8,393.72,住家用,鋼筋混凝土造,96年7月19日,十四層,
RPVOMLNKQHKFFAH98CC,5,203.70,辦公室,鋼筋混凝土造,99年4月22日,二十五層,
RPSOMLMKQHKFFAH58CC,28,181.39,住宅．避難室,鋼筋混凝土造,76年8月6日,五層,
RPQOMLMKQHKFFAH38CC,20,158.89,住商用,鋼筋混凝土造,84年6月10日,十四層,
RPQOMLMKQHKFFAH38CC,20,33.37,共有部份,鋼筋混凝土造,84年6月10日,十四層,
RPQOMLMKQHKFFAH38CC,20,53.80,共有部份,鋼筋混凝土造,84年6月10日,十四層,
RPVOMLOKQHKFFAH09CC,29,272.96,住商用,鋼筋混凝土造,75年7月24日,五層,
RPPOMLOKQHKFFGH56DC,3,58.32,住家用,鋼筋混凝土造,101年11月20日,十二層,
RPPOMLOKQHKFFGH56DC,3,58.34,共有部份,鋼筋混凝土造,101年11月20日,十三層,
RPXPMLOKQHKFFAH76CC,17,89.25,住家用,鋼筋混凝土造,87年9月22日,十層,
RPXOMLNKQHKFFAH56CC,5,205.24,辦公室,鋼筋混凝土造,99年4月22日,二十五層,
RPXPMLOKQHKFFAH76CC,17,28.96,共有部份,鋼筋混凝土造,87年9月22日,十層,
RPXNMLNKQHKFFFH17EC,8,306.76,住商用,鋼筋混凝土造,96年10月16日,五層,
RPVOMLRKQHKFFBH86CC,21,66.46,住家用,鋼筋混凝土造,83年6月7日,十五層,
RPVOMLRKQHKFFBH86CC,21,11.42,共有部份,鋼筋混凝土造,83年6月7日,十五層,
RPVOMLRKQHKFFBH86CC,21,4.89,共有部份,鋼筋混凝土造,83年6月7日,十五層,
RPVOMLRKQHKFFBH86CC,21,3.37,共有部份,鋼筋混凝土造,83年6月7日,十五層,
RPRQMLOKQHKFFBH98CC,3,92.59,店舖,鋼筋混凝土造,101年6月14日,十層,
RPRQMLOKQHKFFBH98CC,3,19.81,本建物共用部分主要用途為：樓梯間、梯廳、電梯、機械房、水箱等五項。,鋼筋混凝土造,101年6月14日,十層,
RPRQMLOKQHKFFBH98CC,3,19.24,本建物共用部分主要用途為：管委會空間、樓梯間、電梯、防空避難室兼停車空間、台電配電場所、消防設備室、自來水箱、緊急發電機室、梯廳、電信室等十項。,鋼筋混凝土造,101年6月14日,十層,
RPQOMLRKQHKFFCH09CC,18,219.55,住家用,鋼筋混凝土造,86年6月26日,四層,
RPQOMLRKQHKFFCH09CC,18,24.50,共有部份,鋼筋混凝土造,86年6月26日,四層,
RPQOMLRKQHKFFCH09CC,18,.00,共同使用（防空避難室，停車場）,鋼筋混凝土造,86年6月26日,十八層,
RPQOMLRKQHKFFCH09CC,18,.11,共有部份,鋼筋混凝土造,86年6月26日,一層,
RPQOMLRKQHKFFCH09CC,18,.11,共有部份,鋼筋混凝土造,86年1月30日,十八層,
RPQOMLRKQHKFFCH09CC,18,.00,共有部份,鋼筋混凝土造,86年1月30日,一層,
RPQOMLRKQHKFFCH09CC,18,6.13,社區遊憩設施,鋼筋混凝土造,86年6月26日,十五層,
RPQOMLRKQHKFFCH09CC,18,.55,社區遊憩設施,鋼筋混凝土造,86年1月30日,十四層,
RPTQMLRKQHKFFAH96EC,9,122.96,商業用,鋼筋混凝土造,95年12月8日,十六層,
RPTQMLRKQHKFFAH96EC,9,12.60,共有部份,鋼筋混凝土造,95年12月8日,十六層,
RPQPMLRKQHKFFFH07EC,43,13.22,住家用,加強磚造,61年3月10日,二層,
RPRPMLRKQHKFFFH17EC,6,64.01,住家用,鋼筋混凝土造,98年10月16日,十五層,
RPRPMLRKQHKFFFH17EC,6,7.16,住家用,鋼筋混凝土造,98年10月16日,十五層,
RPRPMLRKQHKFFFH17EC,6,2.01,住家用,鋼筋混凝土造,98年10月16日,十五層,
RPRPMLRKQHKFFFH17EC,6,14.60,本共有部份之項目有：防空避難室、停車空間、設備空間、公共設施、守衛室及頂蓋型廣場式開放空間等６項。,鋼筋混凝土造,98年10月16日,十五層,
RPRPMLRKQHKFFFH17EC,6,13.50,本共有部分之項目有：梯間、機械室及水箱等３項,鋼筋混凝土造,98年10月16日,十五層,
RPXNMLSKQHKFFAH96CC,32,79.20,住家用,鋼筋混凝土造,72年9月17日,五層,
RPUNMLRKQHKFFAH56CC,28,1297.52,辦公室﹐廠房,鋼筋混凝土造,76年7月3日,二層,
RPOPMLRKQHKFFAH78CC,20,59.72,住家用,鋼筋混凝土造,84年9月2日,八層,
RPTNMLRKQHKFFAH09CC,15,1573.55,地下停車場、樓梯間、廠房、機房、會議室、員工活動中心、機械間,鋼骨造,89年2月19日,八層,
RPUNMLPKQHKFFAH98CC,18,35.94,住家用,鋼筋混凝土造,86年6月10日,九層,
RPVNMLTKQHKFFAH86CC,20,48.62,店舖．起居室．集合住宅,鋼筋混凝土造,85年1月18日,十七層,
RPVNMLTKQHKFFAH86CC,20,14.65,共有部份,鋼筋混凝土造,85年1月18日,十七層,
RPXNMLTKQHKFFAH07CC,44,55.25,住家用,加強磚造,60年12月27日,二層,
RPXNMLTKQHKFFAH07CC,44,55.25,住家用,加強磚造,60年12月27日,二層,
RPOOMLTKQHKFFAH88CC,20,67.31,住家用,鋼筋混凝土造,84年5月20日,十二層,
RPOOMLTKQHKFFAH88CC,20,12.15,共有部份,鋼筋混凝土造,84年5月20日,十二層,
RPOOMLTKQHKFFAH88CC,20,6.77,共有部份,鋼筋混凝土造,84年5月20日,十三層,
RPOOMLTKQHKFFAH88CC,20,16.99,共有部份,鋼筋混凝土造,84年5月20日,十三層,
RPPOMLTKQHKFFAH98CC,20,67.31,住家用,鋼筋混凝土造,84年5月20日,十二層,
RPPOMLTKQHKFFAH98CC,20,12.15,共有部份,鋼筋混凝土造,84年5月20日,十二層,
RPPOMLTKQHKFFAH98CC,20,6.77,共有部份,鋼筋混凝土造,84年5月20日,十三層,
RPPOMLTKQHKFFAH98CC,20,16.99,共有部份,鋼筋混凝土造,84年5月20日,十三層,
RPROMLTKQHKFFBH66CC,2,91.71,集合住宅,鋼筋混凝土造,102年2月28日,十層,
RPROMLTKQHKFFBH66CC,2,40.43,本共有部分項目為：停車空間、防空避難室、蓄水池、污水兼雨水回收機房、消防泵浦室、發電機室、台電配電場所、電信室、水景機房、垃圾處理空間、公共服務空間、管理室、機械室、水箱、梯間、車道等共１６項,鋼筋混凝土造,102年2月28日,十一層,
RPWNMLKLQHKFFBH88CC,17,80.92,住家用,鋼筋混凝土造,87年7月1日,七層,
RPWNMLKLQHKFFBH88CC,17,13.58,共有部份,鋼筋混凝土造,87年7月1日,七層,
RPWNMLKLQHKFFBH88CC,17,16.27,共有部份,鋼筋混凝土造,87年7月1日,七層,
RPOOMLKLQHKFFBH18CC,17,91.24,住家用,鋼筋混凝土造,87年7月1日,七層,
RPOOMLKLQHKFFBH18CC,17,14.17,共有部份,鋼筋混凝土造,87年7月1日,七層,
RPOOMLKLQHKFFBH18CC,17,18.41,共有部份,鋼筋混凝土造,87年7月1日,七層,
RPPOMLKLQHKFFBH28CC,20,104.58,住家用,鋼筋混凝土造,85年1月18日,十二層,
RPPOMLKLQHKFFBH28CC,20,11.59,共有部份,鋼筋混凝土造,85年1月18日,十二層,
RPVOMLPJQHKFFAH56DC,20,142.51,住家用,鋼筋混凝土造,84年12月14日,八層,
RPQRMLRKQHKFFAH66DC,9,107.48,商業用,鋼筋混凝土造,95年12月8日,十六層,
RPQRMLRKQHKFFAH66DC,9,15.48,商業用,鋼筋混凝土造,95年12月8日,十六層,
RPQRMLRKQHKFFAH66DC,9,12.60,商業用,鋼筋混凝土造,95年12月8日,十六層,
RPVPMLKLQHKFFAH88CC,4,3.49,住家用,鋼筋混凝土造,100年5月6日,十二層,
RPSOMLTKQHKFFAH66CC,20,95.48,住家用,鋼筋混凝土造,84年4月25日,十六層,
RPSOMLTKQHKFFAH66CC,20,24.77,共有部份,鋼筋混凝土造,84年4月25日,十六層,
RPSOMLTKQHKFFAH66CC,20,37.51,防空避難室．停車場,鋼筋混凝土造,84年4月25日,十六層,
RPSOMLTKQHKFFAH66CC,20,2.01,共有部份,鋼筋混凝土造,84年4月25日,十六層,
RPSOMLTKQHKFFAH66CC,20,2.45,共有部份,鋼筋混凝土造,84年4月25日,十六層,
RPRPMLTKQHKFFAH66CC,41,487.03,住商用,加強磚造,63年11月6日,三層,
RPPPMLKLQHKFFAH28CC,18,30.40,住家用,鋼筋混凝土造,85年1月18日,十七層,
RPPPMLKLQHKFFAH28CC,18,12.56,共有部份,鋼筋混凝土造,85年1月18日,十七層,
RPXOMLKLQHKFFAH98CC,21,25.09,住家用,鋼筋混凝土造,83年3月18日,十二層,
RPXOMLKLQHKFFAH98CC,21,10.77,共有部份,鋼筋混凝土造,83年3月18日,十二層,
RPXPMLKLQHKFFAH09CC,17,104.21,住家用,鋼筋混凝土造,87年12月24日,十四層,
RPXPMLKLQHKFFAH09CC,17,4.28,共有部份,鋼筋混凝土造,87年12月24日,十四層,
RPXPMLKLQHKFFAH09CC,17,20.88,共有部份,鋼筋混凝土造,87年12月24日,十四層,
RPXPMLKLQHKFFAH09CC,17,32.93,共有部份,鋼筋混凝土造,87年12月24日,十四層,
RPQPMLKLQHKFFAH38CC,19,27.41,住家用,鋼筋混凝土造,85年1月18日,十七層,
RPQPMLKLQHKFFAH38CC,19,12.56,共有部份,鋼筋混凝土造,85年1月18日,十七層,
RPORMLKLQHKFFAH38CC,17,78.12,國民住宅,鋼筋混凝土造,87年5月6日,十三層,
RPORMLKLQHKFFAH38CC,17,13.19,共有部份,鋼筋混凝土造,87年5月6日,十三層,
RPORMLKLQHKFFAH38CC,17,11.85,共有部份,鋼筋混凝土造,87年5月6日,十三層,
RPWQMLLLQHKFFAH56CC,16,58.91,住家用,鋼筋混凝土造,89年2月3日,十層,
RPVOMLLLQHKFFAH98DC,22,44.42,人行道﹐店舖,鋼筋混凝土造,82年4月20日,八層,
RPVOMLLLQHKFFAH98DC,22,10.85,共有部份,鋼筋混凝土造,82年4月20日,八層,
RPORMLLLQHKFFAH48CC,26,92.74,住家用,鋼筋混凝土造,79年1月23日,四層,
RPPNMLMLQHKFFAH28CC,28,86.74,商業用,鋼筋混凝土造,76年4月1日,五層,
RPTNMLLLQHKFFCH88DC,21,113.00,住家用,鋼筋混凝土造,84年1月21日,七層,
RPTNMLLLQHKFFCH88DC,21,11.20,共有部份,鋼筋混凝土造,84年1月21日,七層,
RPTNMLLLQHKFFCH88DC,21,33.12,共有部份,鋼筋混凝土造,84年1月21日,七層,
RPQNMLMLQHKFFAH38CC,34,66.02,住家用,鋼筋混凝土造,70年8月11日,四層,
RPRNMLMLQHKFFAH48CC,8,84.10,住家用,鋼筋混凝土造,96年9月6日,十五層,
RPTOMLLLQHKFFBH78CC,10,110.36,住家用,鋼筋混凝土造,94年1月20日,十二層,
RPXOMLOLQHKFFBH86CC,7,117.99,住家用,鋼筋混凝土造,97年4月6日,二十二層,
RPXOMLOLQHKFFBH86CC,7,6.49,共有部份,鋼筋混凝土造,97年4月6日,二十二層,
RPXOMLOLQHKFFBH86CC,7,7.20,共有部份,鋼筋混凝土造,97年4月6日,二十二層,
RPXOMLOLQHKFFBH86CC,7,18.26,共有部份,鋼筋混凝土造,97年4月6日,二十二層,
RPXOMLOLQHKFFBH86CC,7,1.17,共有部份,鋼筋混凝土造,97年4月6日,二十二層,
RPXOMLOLQHKFFBH86CC,7,.18,共有部份,鋼筋混凝土造,97年4月6日,二十二層,
RPWOMLOLQHKFFBH76CC,7,117.99,住家用,鋼筋混凝土造,97年4月6日,二十二層,
RPWOMLOLQHKFFBH76CC,7,6.49,共有部份,鋼筋混凝土造,97年4月6日,二十二層,
RPWOMLOLQHKFFBH76CC,7,7.20,共有部份,鋼筋混凝土造,97年4月6日,二十二層,
RPWOMLOLQHKFFBH76CC,7,18.26,共有部份,鋼筋混凝土造,97年4月6日,二十二層,
RPWOMLOLQHKFFBH76CC,7,1.17,共有部份,鋼筋混凝土造,97年4月6日,二十二層,
RPWOMLOLQHKFFBH76CC,7,.18,共有部份,鋼筋混凝土造,97年4月6日,二十二層,
RPSNMLMLQHKFFAH58CC,8,37.63,住家用,鋼筋混凝土造,97年1月23日,七層,
RPPPMLOLQHKFFBH78CC,45,203.70,商業用,加強磚造,59年5月25日,三層,
RPPPMLOLQHKFFCH88CC,2,283.03,住宅、住宅（附屬停車空間）,鋼筋混凝土造,102年10月1日,四層,
RPWPMLLLQHKFFBH56CC,14,87.93,住家用,鋼筋混凝土造,90年7月16日,十四層,
RPQPMLOLQHKFFCH98CC,2,283.03,住宅、住宅（附屬停車空間）,鋼筋混凝土造,102年10月1日,四層,
RPOQMLOLQHKFFGH66CC,21,36.66,住家用,鋼筋混凝土造,83年5月6日,六層,
RPQRMLPLQHKFFAH09CC,32,157.54,商業用,鋼筋混凝土造,73年1月12日,十層,
RPSPMLQLQHKFFAH56CC,15,23.19,事務所及工商服務業,鋼筋混凝土造,89年8月30日,十層,
RPSPMLQLQHKFFAH56CC,15,12.68,共有部份,鋼筋混凝土造,89年8月30日,十層,
RPRPMLQLQHKFFAH56DC,1,90.38,住家用,鋼筋混凝土造,103年9月15日,十四層,
RPRQMLQLQHKFFAH66DC,3,84.01,住家用,鋼筋混凝土造,101年10月19日,十三層,
RPRQMLQLQHKFFAH66DC,3,22.78,本共有部分之項目有（附屬公共服務空間、樓梯間、機房、水箱）等４項。,鋼筋混凝土造,101年10月19日,十三層,
RPRQMLQLQHKFFAH66DC,3,47.93,本共有部分之項目有（附屬防空避難室兼停車空間、停車空間）等２項。,鋼筋混凝土造,101年10月19日,十三層,
RPTNMLOLQHKFFFH96EC,2,117.28,店舖，集合住宅,鋼筋混凝土造,102年7月1日,十二層,
RPTNMLOLQHKFFFH96EC,2,28.56,共有部分之項目有：梯間、機械室、水箱等計三項。,鋼筋混凝土造,102年7月1日,十二層,
RPTNMLOLQHKFFFH96EC,2,21.58,共有部分之項目有：停車空間、防空避難室兼停車空間、公共服務空間等計三項。,鋼筋混凝土造,102年7月1日,十三層,
RPQOMLOLQHKFFFH76EC,34,130.75,住商用,鋼筋混凝土造,70年12月24日,四層,
RPUOMLRLQHKFFAH86DC,35,74.60,住家用,鋼筋混凝土造,70年2月3日,五層,
RPXPMLRLQHKFFAH27DC,32,348.09,避難室﹐廠房﹐辦公室,加強磚造,72年10月12日,一層,
RPXPMLRLQHKFFAH27DC,30,642.72,廠房﹐防空避難室,鋼筋混凝土造,74年4月10日,一層,
RPOPMLSLQHKFFBH66EC,8,92.19,住家用,鋼筋混凝土造,96年9月10日,十五層,
RPOPMLSLQHKFFBH66EC,8,53.35,共有部份,鋼筋混凝土造,96年9月10日,十五層,
RPOPMLSLQHKFFBH66EC,8,19.77,共有部份,鋼筋混凝土造,96年9月10日,十五層,
RPQPMLSLQHKFFBH86EC,24,62.44,辦公室,鋼筋混凝土造,80年6月19日,十二層,
RPQPMLSLQHKFFBH86EC,24,5.75,防空避難室,鋼筋混凝土造,80年6月19日,十二層,
RPQPMLSLQHKFFBH86EC,24,19.38,共有部份,鋼筋混凝土造,80年6月19日,十二層,
RPTNMLSLQHKFFAH66CC,25,666.74,集合住宅﹐辦公室,鋼筋混凝土造,79年3月16日,十一層,
RPTNMLSLQHKFFAH66CC,25,88.86,共有部份,鋼筋混凝土造,79年3月16日,十一層,
RPSNMLTLQHKFFAH66CC,3,191.32,住家用,鋼筋混凝土造,101年12月15日,十五層,
RPTNMLTLQHKFFAH76CC,42,93.38,住家用,加強磚造,62年9月20日,二層,
RPPNMLTLQHKFFBH09CC,2,218.52,集合住宅,鋼筋混凝土造,102年8月28日,十二層,
RPSNMLTLQHKFFBH76CC,16,46.17,住家用,鋼筋混凝土造,88年5月28日,十四層,
RPTNMLLMQHKFFFH56CC,40,122.88,住商用,加強磚造,64年6月11日,二層,
RPWRMLLMQHKFFBH86CC,15,99.28,商業用,鋼筋混凝土造,89年3月2日,十九層,
RPWRMLLMQHKFFBH86CC,15,4.99,台電配電室、垃圾儲藏室、社區中心、污水處理場、電信機房、機房、門廳、門廊,鋼筋混凝土造,89年3月2日,十九層,
RPWRMLLMQHKFFBH86CC,15,41.37,防空避難室、停車空間,鋼筋混凝土造,89年3月2日,十九層,
RPWRMLLMQHKFFBH86CC,15,10.89,梯間、水箱、電梯機房,鋼筋混凝土造,89年3月2日,十九層,
RPUNMLLMQHKFFEH56CC,21,81.64,工業用,鋼筋混凝土造,84年1月12日,十層,
RPUNMLLMQHKFFEH56CC,21,6.69,共有部份,鋼筋混凝土造,84年1月12日,十層,
RPUNMLLMQHKFFEH56CC,21,6.83,共有部份,鋼筋混凝土造,84年1月12日,十層,
RPUNMLLMQHKFFEH56CC,21,12.08,共有部份,鋼筋混凝土造,84年1月12日,十層,
RPQQMLLMQHKFFAH68CC,38,105.42,住商用,加強磚造,67年2月2日,二層,
RPTQMLLMQHKFFAH98CC,8,398.18,店舖（附屬停車空間）、住宅（附屬樓梯間）,鋼筋混凝土造,96年12月18日,四層,
RPTNMLLJRHKFFGH09CC,41,74.98,住家用,加強磚造,63年6月15日,二層,
RPUNMLLJRHKFFGH56CC,22,120.16,住家用,鋼筋混凝土造,82年9月7日,七層,
RPPNMLLJRHKFFFH78EC,5,167.78,住商用,鋼筋混凝土造,98年10月16日,十三層,
RPPNMLLJRHKFFFH78EC,5,28.72,本共有部份之項目有：防空避難室、停車空間、設備空間、公共設施、守衛室及頂蓋型廣場式開放空間等６項。,鋼筋混凝土造,98年10月16日,十五層,
RPPNMLLJRHKFFFH78EC,5,31.81,本共有部分之項目有：梯間、機械室及水箱等３項,鋼筋混凝土造,98年10月16日,十三層,
RPWNMLLJRHKFFCH56EC,19,255.21,農舍,鋼筋混凝土造,85年8月16日,三層,
RPXNMLLJRHKFFCH66EC,1,74.28,見其他登記事項,鋼筋混凝土造,103年2月7日,六層,
RPXNMLLJRHKFFCH66EC,1,57.99,見其他登記事項,鋼筋混凝土造,103年2月7日,七層,
RPVOMLLJRHKFFAH78CC,12,61.68,住家用,鋼筋混凝土造,92年8月19日,十四層,
RPVOMLLJRHKFFAH78CC,12,11.24,共有部份,鋼筋混凝土造,92年8月19日,十四層,
RPVOMLLJRHKFFAH78CC,12,11.51,共有部份,鋼筋混凝土造,92年8月19日,十四層,
RPXOMLLJRHKFFAH98CC,10,61.67,住家用,鋼筋混凝土造,94年10月31日,十三層,
RPXOMLLJRHKFFAH98CC,10,50.95,共有部份,鋼筋混凝土造,94年10月31日,十三層,
RPRPMLLJRHKFFAH48CC,19,110.74,住家用,鋼筋混凝土造,85年3月8日,八層,
RPOQMLLJRHKFFAH28CC,35,42.89,住家用,鋼筋混凝土造,69年8月26日,六層,
RPOQMLLJRHKFFAH28CC,35,1.65,共有部份,鋼筋混凝土造,69年8月26日,六層,
RPOQMLLJRHKFFAH28CC,35,1.32,共有部份,鋼筋混凝土造,69年8月26日,六層,
RPOQMLLJRHKFFAH28CC,35,7.63,共有部份,鋼筋混凝土造,69年8月26日,六層,
RPWQMLLJRHKFFAH09CC,3,62.36,住家用,鋼筋混凝土造,101年7月26日,十五層,
RPWQMLLJRHKFFAH09CC,3,29.14,本共有部分之項目有（附屬開放空間、公共服務空間、管理委員會使用空間）等３項。,鋼筋混凝土造,101年7月26日,十五層,
RPWQMLLJRHKFFAH09CC,3,23.62,本共有部分之項目有（附屬停車空間、蓄水池、發電機室、消防泵浦室、污水機房、梯間、防空避難室兼停車空間、台電受電室、電信室、水箱、機房）等１１項。,鋼筋混凝土造,101年7月26日,十五層,
RPXOMLPLQHKFFBH07DC,26,117.13,住家用,鋼筋混凝土造,78年5月17日,五層,
RPUOMLPLQHKFFBH76DC,40,87.29,住商用,鋼筋混凝土造,64年9月25日,四層,
RPUOMLPLQHKFFBH76DC,34,36.65,住商用,鋼筋混凝土造,70年9月26日,四層,
RPRPMLOKQHKFFBH98DC,22,68.73,住家用,鋼筋混凝土造,82年5月31日,七層,
RPVOMLOLQHKFFBH76DC,17,55.76,一般零售業、儲藏室,鋼筋混凝土造,87年8月4日,十五層,
RPXNMLLJRHKFFEH66CC,17,806.61,防空避難室兼停車空間、作業廠房、辦公室、員工宿舍、梯間、水箱,鋼筋混凝土造,88年1月21日,四層,
RPRQMLLJRHKFFBH68CC,,140.49,住家用,加強磚造,,一層,
RPPPMLMJRHKFFBH48CC,4,107.75,集合住宅,鋼筋混凝土造,100年12月2日,十層,
RPPPMLMJRHKFFBH48CC,4,11.00,共有部分主要用途為：停車空間、梯間、蓄水池、消防泵浦室、避難空間兼停車空間、發電機室、電信室、台電受電室、機房、開放空間等１０項。,鋼筋混凝土造,100年12月2日,十層,
RPPPMLMJRHKFFBH48CC,4,29.46,共有部分主要用途為：梯間、機房、水箱。,鋼筋混凝土造,100年12月2日,十層,
RPQPMLMJRHKFFBH58CC,21,32.45,住家用,鋼筋混凝土造,83年9月14日,四層,
RPXNMLMJRHKFFEH76CC,30,4519.16,廠房、辦公室、倉庫、守衛室,鋼筋混凝土造、加強磚造、屋頂鋼架造,74年12月10日,二層,
RPXNMLMJRHKFFEH76CC,28,2278.02,檢驗室、配光室,鋼筋混凝土造、鋼架造,76年5月11日,二層,
RPTOMLMJRHKFFCH88CC,19,280.63,車庫、店舖、辦公室、住宅,鋼筋混凝土造,86年1月22日,四層,
RPXSMLLJRHKFFAH76CC,19,37.76,住家用,鋼筋混凝土造,85年8月22日,八層,
RPXSMLLJRHKFFAH76CC,19,6.06,共有部份,鋼筋混凝土造,85年8月22日,八層,
RPXSMLLJRHKFFAH76CC,19,4.64,共有部份,鋼筋混凝土造,85年8月22日,八層,
RPURMLLJRHKFFAH98CC,3,62.36,住家用,鋼筋混凝土造,101年7月26日,十五層,
RPURMLLJRHKFFAH98CC,3,2.91,本共有部分之項目有（附屬開放空間、公共服務空間、管理委員會使用空間）等３項。,鋼筋混凝土造,101年7月26日,十五層,
RPURMLLJRHKFFAH98CC,3,23.62,本共有部分之項目有（附屬停車空間、蓄水池、發電機室、消防泵浦室、污水機房、梯間、防空避難室兼停車空間、台電受電室、電信室、水箱、機房）等１１項。,鋼筋混凝土造,101年7月26日,十五層,
RPVTMLLJRHKFFAH66CC,21,25.09,住家用,鋼筋混凝土造,83年3月18日,十二層,
RPVTMLLJRHKFFAH66CC,21,10.77,共有部份,鋼筋混凝土造,83年3月18日,十二層,
RPQRMLMJRHKFFAH68CC,29,110.50,住家用,鋼筋混凝土造,75年7月12日,五層,
RPTRMLLJRHKFFAH88CC,22,75.05,住家用,鋼筋混凝土造,82年10月18日,七層,
RPTRMLLJRHKFFAH88CC,22,21.10,共有部份,鋼筋混凝土造,82年10月18日,七層,
RPTRMLLJRHKFFAH88CC,22,4.66,共有部份,鋼筋混凝土造,82年10月18日,七層,
RPQOMLNJRHKFFAH58DC,8,58.53,住家用,鋼筋混凝土造,97年2月22日,十二層,
RPUNMLNJRHKFFEH66DC,20,80.89,住家用,鋼筋混凝土造,84年3月22日,七層,
RPUNMLNJRHKFFEH66DC,20,7.10,住家用,鋼筋混凝土造,84年3月22日,七層,
RPUNMLNJRHKFFEH66DC,20,1.25,住家用,鋼筋混凝土造,84年3月22日,七層,
RPUNMLNJRHKFFEH66DC,20,31.47,共有部份,鋼筋混凝土造,84年3月22日,七層,
RPUNMLNJRHKFFBH88CC,38,162.98,住家用,加強磚造,66年4月12日,二層,
RPWPMLOJRHKFFAH76DC,10,152.89,住家用,鋼筋混凝土造,94年12月1日,十三層,
RPRNMLOJRHKFFGH66DC,21,85.77,商業用,鋼筋混凝土造,83年11月14日,五層,
RPRNMLOJRHKFFGH66DC,21,2.51,共有部份,鋼筋混凝土造,83年11月14日,五層,
RPRNMLOJRHKFFGH66DC,21,11.94,共有部份,鋼筋混凝土造,83年11月14日,五層,
RPROMLRJRHKFFFH07EC,36,49.65,住商用,鋼筋混凝土造,68年12月15日,四層,
RPSOMLRJRHKFFFH17EC,42,162.69,住家用,加強磚造,62年9月1日,二層,
RPTOMLRJRHKFFFH27EC,42,54.23,住家用,加強磚造,62年9月1日,二層,
RPSNMLRJRHKFFEH86DC,21,68.61,住家用,鋼筋混凝土造,83年5月16日,十二層,
RPSNMLRJRHKFFEH86DC,21,11.92,共有部份,鋼筋混凝土造,83年5月16日,十二層,
RPWNMLRJRHKFFEH27DC,21,66.94,住家用,鋼筋混凝土造,83年5月16日,十二層,
RPWNMLRJRHKFFEH27DC,21,11.55,共有部份,鋼筋混凝土造,83年5月16日,十二層,
RPVNMLRJRHKFFGH27CC,25,209.37,住家用,鋼筋混凝土造,79年10月24日,四層,
RPUNMLOJRHKFFAH88CC,12,43.54,住家用,鋼筋混凝土造,92年11月14日,十四層,
RPUNMLOJRHKFFAH88CC,12,9.60,共有部份,鋼筋混凝土造,92年11月14日,十四層,
RPUNMLOJRHKFFAH88CC,12,7.69,共有部份,鋼筋混凝土造,92年11月14日,十四層,
RPVNMLRJRHKFFAH66CC,16,141.24,住家用,鋼筋混凝土造,88年12月27日,十二層,
RPVNMLRJRHKFFAH66CC,16,16.28,共有部份,鋼筋混凝土造,88年12月27日,十三層,
RPVNMLRJRHKFFAH66CC,16,3.79,共有部份,鋼筋混凝土造,88年12月27日,十三層,
RPVNMLRJRHKFFAH66CC,16,27.09,共有部份,鋼筋混凝土造,88年12月27日,十三層,
RPROMLRJRHKFFAH98CC,8,114.22,住商用,鋼筋混凝土造,96年10月25日,十層,
RPROMLRJRHKFFAH98CC,8,166.76,共有部份,鋼筋混凝土造,96年10月25日,十層,
RPTNMLOJRHKFFAH78CC,11,23.26,住家用,鋼筋混凝土造,93年7月20日,十三層,
RPTNMLOJRHKFFAH78CC,11,4.90,共有部份,鋼筋混凝土造,93年7月20日,十三層,
RPTNMLOJRHKFFAH78CC,11,5.26,共有部份,鋼筋混凝土造,93年7月20日,十三層,
RPQPMLRJRHKFFBH09CC,47,103.77,住家用,加強磚造,57年6月20日,三層,
RPXOMLNJQHKFFFH07DC,2,109.63,住家用,鋼筋混凝土造,102年5月3日,十七層,
RPXOMLNJQHKFFFH07DC,2,18.39,本共有項目計有：警衛室、管理委員會使用空間、涼亭、廊道、陽台、防空避難室、停車空間、台電配電場所、排風機房、垃圾處理室、發電機室、泳池機房、冷卻水塔機房、空調機房、電信機房、污水機房、設備機房、公共水箱,鋼筋混凝土造,102年5月3日,十九層,
RPXOMLNJQHKFFFH07DC,2,35.86,本共有項目計有：防空避難室、停車空間,鋼筋混凝土造,102年5月3日,十九層,
RPXOMLNJQHKFFFH07DC,2,33.87,本共有項目計有：樓梯間、機房、水箱、儲藏室、電表室、受電箱室、管道間、陽台。,鋼筋混凝土造,102年5月3日,十七層,
RPUNMLLMQHKFFFH76DC,1,69.83,住家用,鋼筋混凝土造,103年8月11日,十五層,
RPUNMLLMQHKFFFH76DC,1,62.99,共有部分之項目有：停車空間、排煙室、梯廳、儲藏室、汙水機房、水箱、發電機房、電信室、台電受電室、公共服務空間、車道、廁所、集中式垃圾貯存空間、電梯間、電機機房、機械室等十六項。,鋼筋混凝土造,103年8月11日,十五層,
RPWOMLNJQHKFFFH96DC,1,69.83,住家用,鋼筋混凝土造,103年8月11日,十五層,
RPWOMLNJQHKFFFH96DC,1,63.00,共有部分之項目有：停車空間、排煙室、梯廳、儲藏室、汙水機房、水箱、發電機房、電信室、台電受電室、公共服務空間、車道、廁所、集中式垃圾貯存空間、電梯間、電機機房、機械室等十六項。,鋼筋混凝土造,103年8月11日,十五層,
RPVNMLLMQHKFFFH86DC,1,63.22,住家用,鋼筋混凝土造,103年12月10日,十三層,
RPVNMLLMQHKFFFH86DC,1,14.34,共有部分之項目有：樓梯間、機械室、水箱等計三項。,鋼筋混凝土造,103年12月10日,十三層,
RPVNMLLMQHKFFFH86DC,1,44.45,共有部分之項目有：防空避難室兼停車空間、停車空間、公共服務空間等三項。,鋼筋混凝土造,103年12月10日,十三層,
RPQNMLSJRHKFFFH96EC,2,100.18,店舖,鋼筋混凝土造,102年5月3日,十五層,
RPQNMLSJRHKFFFH96EC,2,19.16,本共有項目計有：警衛室、管理委員會使用空間、涼亭、廊道、陽台、防空避難室、停車空間、台電配電場所、排風機房、垃圾處理室、發電機室、泳池機房、冷卻水塔機房、空調機房、電信機房、污水機房、設備機房、公共水箱,鋼筋混凝土造,102年5月3日,十九層,
RPQNMLSJRHKFFFH96EC,2,71.73,本共有項目計有：防空避難室、停車空間,鋼筋混凝土造,102年5月3日,十九層,
RPQNMLSJRHKFFFH96EC,2,32.96,本共有項目計有：樓梯間、機房、水箱、儲藏室、電表室、受電箱室、管道間、陽台。,鋼筋混凝土造,102年5月3日,十五層,
RPSNMLTJRHKFFCH86DC,36,61.24,住家用,加強磚造,69年1月18日,二層,
RPPNMLSJRHKFFFH86EC,1,65.51,住家用,鋼筋混凝土造,103年10月6日,十八層,
RPPNMLSJRHKFFFH86EC,1,13.39,共有部分之項目：管理委員會使用空間、電梯間、機械室、水箱、昇降機房、樓梯間等６項,鋼筋混凝土造,103年10月6日,十八層,
RPPNMLSJRHKFFFH86EC,1,18.09,共有部分之項目：梯廳等１項,鋼筋混凝土造,103年10月6日,十八層,
RPPNMLSJRHKFFFH86EC,1,4.89,共有部分之項目：車道等１項,鋼筋混凝土造,103年10月6日,十八層,
RPPNMLSJRHKFFFH86EC,1,33.07,共有部分之項目：梯間、防空避難室兼停車空間、停車空間等３項,鋼筋混凝土造,103年10月6日,十八層,
RPTOMLSJRHKFFAH76DC,1,194.18,一般事務所,鋼筋混凝土造,103年10月14日,十二層,
RPQPMLTJRHKFFAH56CC,7,137.92,店舖（附屬停車空間）、店舖,鋼筋混凝土造,97年6月15日,二層,
RPVPMLTJRHKFFAH07CC,34,108.48,停車場．住宅,鋼筋混凝土造,71年2月26日,五層,
RPVPMLTJRHKFFAH07CC,34,16.48,共有部份,鋼筋混凝土造,71年2月26日,六層,
RPPOMLMJRHKFFFH78CC,8,125.91,住家用,鋼筋混凝土造,96年12月7日,十二層,
RPPOMLMJRHKFFFH78CC,8,49.03,共有部份,鋼筋混凝土造,96年12月7日,十二層,
RPPOMLMJRHKFFFH78CC,8,19.98,共有部份,鋼筋混凝土造,96年12月7日,十二層,
RPPNMLKKRHKFFEH58DC,18,261.35,店舖、住宅、停車場,鋼筋混凝土造,86年10月24日,五層,
RPSNMLSJRHKFFEH96DC,19,47.05,住家用,鋼筋混凝土造,86年1月22日,二十七層,
RPXNMLKKRHKFFEH76DC,17,57.78,騎樓、店舖、集合住宅,鋼筋混凝土造,87年5月1日,九層,
RPORMLLKRHKFFBH58CC,6,96.67,住家用,鋼筋混凝土造,98年6月29日,二十一層,
RPORMLLKRHKFFBH58CC,6,4.44,共有部份,鋼筋混凝土造,98年6月29日,二十二層,
RPORMLLKRHKFFBH58CC,6,5.19,共有部份,鋼筋混凝土造,98年6月29日,二十二層,
RPORMLLKRHKFFBH58CC,6,13.32,共有部份,鋼筋混凝土造,98年6月29日,二十二層,
RPORMLLKRHKFFBH58CC,6,34.62,共有部份,鋼筋混凝土造,98年6月29日,二十二層,
RPVNMLLKRHKFFEH66DC,19,47.06,住家用,鋼筋混凝土造,86年1月22日,二十七層,
RPSNMLOKRHKFFFH66CC,2,136.29,住家用,鋼筋混凝土造,103年1月20日,十一層,
RPOOMLOKRHKFFAH48CC,21,101.30,住家用,鋼筋混凝土造,84年1月20日,十六層,
RPWNMLOKRHKFFEH07DC,17,199.02,住宅、停車空間、梯間,鋼筋混凝土造,87年10月14日,四層,
RPPQMLPKRHKFFBH09DC,6,40.39,住家用,鋼筋混凝土造,98年6月29日,二十二層,
RPSNMLKKRHKFFEH88DC,17,65.71,住家用,鋼筋混凝土造,87年5月1日,七層,
RPQNMLPKRHKFFAH78DC,17,172.61,住家用,鋼筋混凝土造,87年5月19日,十四層,
RPQPMLOKRHKFFBH98DC,1,87.91,集合住宅,鋼筋混凝土造,103年11月10日,十五層,
RPUPMLQKRHKFFBH86CC,22,104.89,商業用,鋼筋混凝土造,83年2月5日,七層,
RPQOMLQKRHKFFAH88CC,28,1375.82,辦公室﹐廠房,鋼筋混凝土造,76年7月3日,二層,
RPWQMLQKRHKFFAH07CC,15,172.44,工業用,鋼筋混凝土造,89年10月3日,七層,
RPTNMLQKRHKFFGH07CC,3,140.12,住家用,鋼筋混凝土造,101年9月20日,十五層,
RPWNMLQKRHKFFGH37CC,3,178.83,住家用,鋼筋混凝土造,101年9月20日,十五層,
RPWNMLPKRHKFFEH17DC,23,239.90,辦公室、員工宿舍、工廠,鋼筋混凝土造,82年1月19日,四層,
RPUOMLQKRHKFFBH86DC,4,156.38,集合住宅,鋼筋混凝土造,100年11月9日,十三層,
RPTPMLQKRHKFFBH86DC,3,115.22,店舖,鋼筋混凝土造,101年11月28日,十二層,
RPPPMLSKRHKFFFH17EC,1,92.17,住家用,鋼筋混凝土造,103年8月19日,十五層,
RPPPMLSKRHKFFFH17EC,1,14.94,共有部分之項目有：機房、水箱、梯間等計三項,鋼筋混凝土造,103年8月19日,十五層,
RPPPMLSKRHKFFFH17EC,1,38.61,共有部分之項目計有：防空避難室兼停車空間、發電機室、消防泵浦室、汙水及雨水回收機房、蓄水池、梯間、停車空間、台電配電場所、電信室、垃圾處理室、公共服務空間、開放空間等計十二項。,鋼筋混凝土造,103年8月19日,十五層,
RPWNMLSKRHKFFBH07CC,20,106.52,住家用,鋼筋混凝土造,84年3月8日,十二層,
RPWNMLSKRHKFFBH07CC,20,22.16,共有部份,鋼筋混凝土造,84年3月8日,十二層,
RPWNMLSKRHKFFBH07CC,20,38.54,共有部份,鋼筋混凝土造,84年3月8日,十二層,
RPXNMLSKRHKFFBH17CC,42,92.67,住商用,加強磚造,62年10月8日,二層,
RPQOMLSKRHKFFBH56CC,9,76.52,住商用,鋼筋混凝土造,96年1月25日,十四層,
RPQNMLKLRHKFFBH38CC,4,69.01,集合住宅,鋼筋混凝土造,100年6月28日,十五層,
RPQNMLKLRHKFFBH38CC,4,32.62,本共有部分之項目：管委會使用空間、陽台、基地內通路、車道、停車空間、台電受電室、樓梯間、排風室、發電機室、水箱、防空避難室兼停車空間、排風管道、電信室、消防機房等十四項。,鋼筋混凝土造,100年6月28日,十五層,
RPQNMLKLRHKFFBH38CC,4,12.46,本共有部分之項目：樓梯間、機械室、水箱等三項。,鋼筋混凝土造,100年6月28日,十五層,
RPRPMLLLRHKFFAH68CC,33,112.09,人行道﹐停車場﹐店舖﹐住宅,鋼筋混凝土造,72年1月5日,七層,
RPRPMLLLRHKFFAH68CC,33,55.54,共有部份,鋼筋混凝土造,72年1月5日,七層,
RPRPMLLLRHKFFAH68CC,33,.04,共有部份,鋼筋混凝土造,72年1月5日,七層,
RPORMLLLRHKFFAH58CC,16,94.92,國民住宅,鋼筋混凝土造,88年8月20日,十二層,
RPORMLLLRHKFFAH58CC,16,38.89,共有部份,鋼筋混凝土造,88年8月20日,十二層,
RPORMLLLRHKFFAH58CC,16,15.49,共有部份,鋼筋混凝土造,88年8月20日,十二層,
RPTOMLMLRHKFFAH88CC,10,101.95,住商用,鋼筋混凝土造,94年12月28日,十四層,
RPTOMLMLRHKFFAH88CC,10,4.70,共有部份,鋼筋混凝土造,94年12月28日,十四層,
RPTOMLMLRHKFFAH88CC,10,25.16,共有部份,鋼筋混凝土造,94年12月28日,十四層,
RPXRMLNLRHKFFBH17CC,6,100.61,住家用,鋼筋混凝土造,98年6月29日,二十二層,
RPXRMLNLRHKFFBH17CC,6,4.44,共有部份,鋼筋混凝土造,98年6月29日,二十二層,
RPXRMLNLRHKFFBH17CC,6,5.46,共有部份,鋼筋混凝土造,98年6月29日,二十二層,
RPXRMLNLRHKFFBH17CC,6,13.89,共有部份,鋼筋混凝土造,98年6月29日,二十二層,
RPSNMLNLRHKFFFH76DC,1,56.94,住家用,鋼筋混凝土造,104年1月20日,十三層,
RPSNMLNLRHKFFFH76DC,1,26.17,本共有部分項目計有：防空避難室兼停車空間、停車空間、樓梯間、公共服務空間、多功能教室、閱覽室、機械室、水箱,鋼筋混凝土造,104年1月20日,十三層,
RPPOMLOLRHKFFEH56DC,3,117.33,住家用,鋼筋混凝土造,101年6月19日,十層,
RPPOMLOLRHKFFEH56DC,3,.09,共有部份,鋼筋混凝土造,101年6月19日,十層,
RPPOMLOLRHKFFEH56DC,3,38.04,共有部份,鋼筋混凝土造,101年6月19日,十層,
RPRNMLOLRHKFFGH86DC,27,221.43,住家用,鋼筋混凝土造,77年9月8日,三層,
RPOOMLRJRHKFFEH09CC,6,70.79,住家用,鋼筋混凝土造,98年6月30日,十二層,
RPWOMLRJRHKFFEH27CC,20,34.36,住家用,鋼筋混凝土造,84年8月11日,二十層,
RPRNMLTJRHKFFEH86CC,40,214.36,住家用,加強磚造,64年10月20日,二層,
RPTOMLPKRHKFFEH86CC,9,46.15,停車空間、住宅、店舖、騎樓、機械室,鋼筋混凝土造,95年12月15日,四層,
RPQNMLTJRHKFFEH76CC,41,196.62,住家用,加強磚造,64年1月10日,二層,
RPQNMLPLRHKFFFH86EC,1,86.79,住家用,鋼筋混凝土造,103年5月26日,十三層,
RPQNMLPLRHKFFFH86EC,1,43.69,共有部分項目計有：停車空間、發電機室、消防泵浦室、污水機房、蓄水池、梯間、台電配電場所、電信室、設備空間、垃圾暫存室、公共服務空間、開放空間,鋼筋混凝土造,103年5月26日,十三層,
RPQNMLPLRHKFFFH86EC,1,16.02,共有部分項目計有：梯間、水箱、機房,鋼筋混凝土造,103年5月26日,十三層,
RPPNMLPLRHKFFAH68CC,11,271.80,商業用,鋼筋混凝土造,93年10月9日,五層,
RPOOMLPLRHKFFEH56DC,26,54.87,人行道、店鋪及住宅,鋼筋混凝土造,78年4月3日,四層,
RPROMLPLRHKFFEH86DC,26,54.87,人行道、店鋪及住宅,鋼筋混凝土造,78年4月3日,四層,
RPQOMLPLRHKFFEH76DC,26,142.57,人行道、店鋪及住宅,鋼筋混凝土造,78年4月3日,四層,
RPOSMLKMRHKFFAH78DC,2,127.48,住商用,鋼筋混凝土造,102年9月25日,十四層,
RPOSMLKMRHKFFAH78DC,2,56.37,本共有部分之項目有：防空避難室兼停車空間、消防幫浦室、污，雨水機房、蓄水池、梯間、發電機房、停車空間、電信室、台電配電場所、公共服務空間、管理員室、垃圾處理室、社區中心、水箱及機房等１５項。,鋼筋混凝土造,102年9月25日,十五層,
RPQOMLPLRHKFFBH09DC,25,160.19,住家用,鋼筋混凝土造,79年12月27日,十五層,
RPPNMLKMRHKFFGH09EC,3,187.04,住宅、住宅（附屬停車空間）,鋼筋混凝土造,101年12月10日,四層,
RPTOMLLJIIKFFFH28CC,44,68.64,住家用,加強磚造,60年7月15日,二層,
RPTNMLKMRHKFFBH98EC,2,67.34,集合住宅,鋼筋混凝土造,102年8月28日,十二層,
RPTNMLKMRHKFFBH98EC,2,13.54,本共有部分之項目有：水箱、機房、梯間、機電空間等共四項,鋼筋混凝土造,102年8月28日,十二層,
RPTNMLKMRHKFFBH98EC,2,20.27,本共有部分之項目有：消防泵浦室、發電機房、電信室、台電配電場所、防空避難室兼停車空間、梯間、停車空間、車道、公共服務空間、垃圾處理室、蓄水池、污水及雨水機房、受電箱、門廳等共十四項,鋼筋混凝土造,102年8月28日,十二層,
RPXNMLLJIIKFFBH18CC,16,327.92,住家用,鋼筋混凝土造,88年9月17日,十五層,
RPQPMLLJIIKFFAH77EC,23,88.25,辦公室,鋼骨造,81年3月23日,二十二層,
RPQPMLLJIIKFFAH77EC,23,22.11,共有部份,鋼骨造,81年3月23日,二十二層,
RPQPMLLJIIKFFAH77EC,103,18.50,共有部份,鋼骨鋼筋混凝土造,1年3月23日,二十二層,
RPRPMLLJIIKFFAH87EC,10,69.42,商業用,鋼筋混凝土造,94年4月11日,十二層,
RPRPMLLJIIKFFAH87EC,10,24.73,共有部份,鋼筋混凝土造,94年4月11日,十二層,
RPRNMLLJIIKFFGH28EC,3,198.12,住宅﹝附屬停車空間、附屬樓梯間﹞,鋼筋混凝土造,101年5月24日,四層,
RPXNMLLJIIKFFGH78DC,9,87.99,店舖、集合住宅,鋼筋混凝土造,95年12月13日,十五層,
RPXNMLLJIIKFFGH78DC,9,.06,管理員室,鋼筋混凝土造,95年12月13日,十五層,
RPQNMLLJIIKFFBH57DC,6,40.44,住家用,鋼筋混凝土造,98年6月29日,二十一層,
RPQRMLKMRHKFFAH78CC,1,253.95,辦公室,鋼筋混凝土造,103年4月20日,十五層,
RPSNMLLJIIKFFAH57CC,16,149.47,商業用,鋼筋混凝土造,88年8月25日,十四層,
RPPPMLLJIIKFFAH47CC,21,75.40,住家用,鋼筋混凝土造,83年4月11日,十六層,
RPSNMLPLRHKFFAH98CC,11,324.40,辦公室,鋼筋混凝土造,93年10月9日,五層,
RPROMLMJIIKFFBH77CC,16,32.98,住家用,鋼筋混凝土造,89年1月20日,九層,
RPROMLMJIIKFFBH77CC,16,16.09,共有部份,鋼筋混凝土造,89年1月20日,九層,
RPSOMLMJIIKFFBH87CC,35,165.67,住家用,鋼筋混凝土造,69年6月10日,三層,
RPRNMLMJIIKFFFH08CC,4,84.72,住家用,鋼筋混凝土造,100年12月7日,十三層,
RPRNMLMJIIKFFFH08CC,4,65.60,本共有部分項目計有：廣場式開放空間、公共服務空間、垃圾暫置場、梯間、水箱、機房、防空避難室兼停車空間、台電配電場所、電信室、垃圾處理室、水景機房、發電機室、蓄水池、消防泵浦室、汙水機房。,鋼筋混凝土造,100年12月7日,十五層,
RPWNMLMJIIKFFAH08CC,1,100.06,辦公室,鋼筋混凝土造,103年4月20日,十五層,
RPSPMLPJIIKFFBH28CC,26,184.63,住家用,鋼筋混凝土造,78年6月5日,三層,
RPQNMLPJIIKFFBH97DC,31,105.23,住家用,鋼筋混凝土造,73年7月19日,五層,
RPRNMLPJIIKFFBH08DC,36,192.21,住家用,鋼筋混凝土造,68年12月27日,三層,
RPWOMLPJIIKFFBH68DC,29,43.67,住家用,加強磚造,75年7月4日,三層,
RPXOMLPJIIKFFBH78DC,21,27.52,住家用,鋼筋混凝土造,83年10月12日,七層,
RPPPMLPJIIKFFBH08DC,29,87.34,住家用,加強磚造,75年7月4日,三層,
RPQPMLPJIIKFFBH18DC,8,106.95,住家用,鋼筋混凝土造,96年4月30日,十四層,
RPWNMLPJIIKFFGH09DC,17,225.16,住宅、停車空間、辦公室、水箱、梯間、人行道。,鋼筋混凝土造,87年11月16日,四層,
RPORMLPJIIKFFGH68DC,,80.25,住家用,鋼筋混凝土造,104年4月16日,十四層,
RPORMLPJIIKFFGH68DC,,17.54,共有部份,鋼筋混凝土造,104年4月16日,十四層,
RPORMLPJIIKFFGH68DC,,49.77,共有部份,鋼筋混凝土造,104年4月16日,十四層,
RPRRMLPJIIKFFGH98DC,18,78.06,住家用,鋼筋混凝土造,86年5月1日,十四層,
RPRRMLPJIIKFFGH98DC,18,8.78,住家用,鋼筋混凝土造,86年5月1日,十四層,
RPRRMLPJIIKFFGH98DC,18,4.01,共有部份,鋼筋混凝土造,86年5月1日,十九層,
RPRRMLPJIIKFFGH98DC,18,5.14,共有部份,鋼筋混凝土造,86年5月1日,十八層,
RPSNMLQJIIKFFFH78EC,1,91.87,住家用,鋼筋混凝土造,103年6月23日,十五層,
RPSNMLQJIIKFFFH78EC,1,50.59,共有部分之項目有：防空避難室兼停車空間、消防泵浦室、汙水及雨水回收機房、蓄水池、梯間、停車空間、電信室、台電配電場所、發電機室、垃圾暫存區、開放空間、管委會使用空間、管理空間等計十三項。,鋼筋混凝土造,103年6月23日,十五層,
RPSNMLQJIIKFFFH78EC,1,19.30,共有部分之項目有：梯間、機房、水箱等計三項,鋼筋混凝土造,103年6月23日,十五層,
RPTNMLQJIIKFFFH88EC,1,87.45,住家用,鋼筋混凝土造,103年8月19日,十五層,
RPTNMLQJIIKFFFH88EC,1,15.75,共有部分之項目有：機房、水箱、梯間等計三項,鋼筋混凝土造,103年8月19日,十五層,
RPTNMLQJIIKFFFH88EC,1,37.36,共有部分之項目計有：防空避難室兼停車空間、發電機室、消防泵浦室、汙水及雨水回收機房、蓄水池、梯間、停車空間、台電配電場所、電信室、垃圾處理室、公共服務空間、開放空間等計十二項。,鋼筋混凝土造,103年8月19日,十五層,
RPUNMLQJIIKFFFH98EC,1,92.16,住家用,鋼筋混凝土造,103年8月19日,十五層,
RPUNMLQJIIKFFFH98EC,1,15.30,共有部分之項目有：機房、水箱、梯間等計三項,鋼筋混凝土造,103年8月19日,十五層,
RPUNMLQJIIKFFFH98EC,1,41.17,共有部分之項目計有：防空避難室兼停車空間、發電機室、消防泵浦室、汙水及雨水回收機房、蓄水池、梯間、停車空間、台電配電場所、電信室、垃圾處理室、公共服務空間、開放空間等計十二項。,鋼筋混凝土造,103年8月19日,十五層,
RPVNMLQJIIKFFFH09EC,1,108.27,住家用,鋼筋混凝土造,103年8月19日,十五層,
RPVNMLQJIIKFFFH09EC,1,20.33,共有部分之項目有：機房、水箱、梯間等計三項,鋼筋混凝土造,103年8月19日,十五層,
RPVNMLQJIIKFFFH09EC,1,44.16,共有部分之項目計有：防空避難室兼停車空間、發電機室、消防泵浦室、汙水及雨水回收機房、蓄水池、梯間、停車空間、台電配電場所、電信室、垃圾處理室、公共服務空間、開放空間等計十二項。,鋼筋混凝土造,103年8月19日,十五層,
RPSNMLMJIIKFFFH28DC,1,63.57,住家用,鋼筋混凝土造,103年8月19日,十五層,
RPSNMLMJIIKFFFH28DC,1,11.55,共有部分之項目有：機房、水箱、梯間等計三項,鋼筋混凝土造,103年8月19日,十五層,
RPSNMLMJIIKFFFH28DC,1,35.07,共有部分之項目計有：防空避難室兼停車空間、發電機室、消防泵浦室、汙水及雨水回收機房、蓄水池、梯間、停車空間、台電配電場所、電信室、垃圾處理室、公共服務空間、開放空間等計十二項。,鋼筋混凝土造,103年8月19日,十五層,
RPUOMLLJIIKFFFH48DC,,59.21,住家用,鋼筋混凝土造,104年4月16日,十三層,
RPUOMLLJIIKFFFH48DC,,3.56,住家用,鋼筋混凝土造,104年4月16日,十三層,
RPUOMLLJIIKFFFH48DC,,63.46,共有部分項目計有：防空避難室兼停車空間、管理員室、公共服務空間、樓梯間、梯廳、水箱、機械室。,鋼筋混凝土造,104年4月16日,十三層,
RPPNMLPLRHKFFEH66EC,22,99.51,住家用,鋼筋混凝土造,82年7月5日,十二層,
RPPNMLPLRHKFFEH66EC,22,10.02,共有部份,鋼筋混凝土造,82年7月5日,十二層,
RPPNMLPLRHKFFEH66EC,22,17.86,共有部份,鋼筋混凝土造,82年7月5日,十二層,
RPUOMLMJRHKFFEH76EC,13,114.71,住家用,鋼筋混凝土造,91年7月25日,十四層,
RPUOMLMJRHKFFEH76EC,13,28.84,共有部份,鋼筋混凝土造,91年7月25日,十四層,
RPUOMLMJRHKFFEH76EC,13,16.75,共有部份,鋼筋混凝土造,91年7月25日,十四層,
RPTOMLMJRHKFFEH66EC,1,31.70,住家用,鋼筋混凝土造,103年3月7日,十層,
RPTOMLMJRHKFFEH66EC,1,17.63,共有部份,鋼筋混凝土造,103年3月7日,十層,
RPTOMLMJRHKFFEH66EC,1,5.87,共有部份,鋼筋混凝土造,103年3月7日,十層,
RPWRMLQJIIKFFBH09DC,36,72.76,住家用,加強磚造,68年12月4日,二層,
RPPRMLQJIIKFFAH28DC,21,99.09,住家用,鋼筋混凝土造,83年6月30日,十二層,
RPPRMLQJIIKFFAH28DC,21,45.00,住家用,鋼筋混凝土造,83年6月30日,十二層,
RPORMLPJIIKFFBH08CC,20,90.40,住家用,鋼筋混凝土造,84年5月15日,八層,
RPORMLPJIIKFFBH08CC,20,37.21,共有部份,鋼筋混凝土造,84年5月15日,八層,
RPWNMLQJIIKFFFH56EC,1,63.61,住家用,鋼筋混凝土造,103年12月10日,十三層,
RPWNMLQJIIKFFFH56EC,1,14.40,共有部分之項目有：樓梯間、機械室、水箱等計三項。,鋼筋混凝土造,103年12月10日,十三層,
RPWNMLQJIIKFFFH56EC,1,44.61,共有部分之項目有：防空避難室兼停車空間、停車空間、公共服務空間等三項。,鋼筋混凝土造,103年12月10日,十三層,
RPUNMLRJIIKFFAH48DC,10,85.67,住商用,鋼筋混凝土造,94年4月25日,十五層,
RPUQMLRJIIKFFAH68CC,5,136.01,住商用,鋼筋混凝土造,99年5月20日,十五層,
RPQPMLPJIIKFFAH97CC,22,939.42,工業用,鋼造,82年8月15日,一層,
RPXNMLSJIIKFFAH78CC,15,113.95,住家用,鋼筋混凝土造,89年12月13日,九層,
RPXQMLQJIIKFFAH88CC,1,181.82,辦公室,鋼筋混凝土造,103年4月20日,十五層,
RPTSMLMJIIKFFAH28CC,1,187.41,辦公室,鋼筋混凝土造,103年4月20日,十五層,
RPTSMLMJIIKFFAH28CC,1,156.60,本共有部分之項目有防空避難室兼停車空間、消防幫浦室、污水機房、發電機房、蓄水池、梯間、停車空間、台電配電場所、電信室、台電專用管道間、電錶箱室、垃圾儲存室、車道、通廊、門廳、管理委員室、開放空間及機房、水箱等１９項。,鋼筋混凝土造,103年4月20日,十五層,
RPTOMLSJIIKFFAH48CC,17,56.20,住商用,鋼筋混凝土造,88年3月30日,十層,
RPOOMLSJIIKFFBH08CC,18,47.52,住家用,鋼筋混凝土造,86年10月13日,十八層,
RPOOMLSJIIKFFBH08CC,18,16.78,共有部份,鋼筋混凝土造,86年10月13日,十八層,
RPOOMLSJIIKFFBH08CC,18,8.43,共有部份,鋼筋混凝土造,86年10月13日,十八層,
RPUOMLSJIIKFFBH68CC,35,156.60,住商用,加強磚造,70年3月13日,二層,
RPQPMLKKIIKFFAH57CC,18,109.69,住家用,鋼筋混凝土造,86年5月19日,二十層,
RPQPMLKKIIKFFAH57CC,18,35.73,住家用,鋼筋混凝土造,86年5月19日,二十層,
RPQPMLKKIIKFFAH57CC,18,19.72,住家用,鋼筋混凝土造,86年5月19日,二十層,
RPVOMLKKIIKFFAH97CC,18,33.57,共有部份,鋼筋混凝土造,86年4月19日,二十八層,
RPVOMLKKIIKFFAH97CC,18,.15,共有部份,鋼筋混凝土造,86年4月19日,二十三層,
RPVOMLKKIIKFFAH97CC,18,12.78,共有部份,鋼筋混凝土造,86年4月19日,二十三層,
RPVOMLKKIIKFFAH97CC,18,80.41,住家用,鋼筋混凝土造,86年4月19日,二十三層,
RPPNMLLKIIKFFAH37CC,12,63.23,住家用,鋼筋混凝土造,93年2月13日,十四層,
RPPNMLLKIIKFFAH37CC,12,8.18,共有部份,鋼筋混凝土造,93年2月13日,十四層,
RPPNMLLKIIKFFAH37CC,12,14.67,共有部份,鋼筋混凝土造,93年2月13日,十四層,
RPSOMLNKIIKFFAH97CC,5,262.61,住家用,鋼筋混凝土造,99年4月22日,二十五層,
RPSOMLNKIIKFFAH97CC,5,37.18,住家用,鋼筋混凝土造,99年4月22日,二十五層,
RPSOMLNKIIKFFAH97CC,5,66.62,本共有部份之項目有：防空避難室兼停車空間、通廊、管委會使用空間、游泳池、樓梯間、中繼機房。,鋼筋混凝土造,99年4月22日,二十五層,
RPSOMLNKIIKFFAH97CC,5,45.34,本共有部分之項目有：樓梯間、機械室、水箱。,鋼筋混凝土造,99年4月22日,二十五層,
RPPNMLNKIIKFFFH08CC,42,131.44,住家用,加強磚造,62年11月30日,二層,
RPXNMLOKIIKFFEH88CC,29,2469.21,防空避難室、辦公室、廠房,鋼筋混凝土造,76年3月19日,三層,
RPQOMLOKIIKFFEH28CC,5,101.84,一般事務所,鋼筋混凝土造,99年6月10日,十四層,
RPVOMLOKIIKFFBH48CC,41,67.90,住家用,加強磚造,64年1月23日,二層,
RPOPMLRJIIKFFGH58CC,18,261.38,住商用,鋼筋混凝土造,86年5月19日,四層,
RPXOMLRJIIKFFGH76CC,18,152.15,住家用,鋼筋混凝土造,86年11月17日,八層,
RPOOMLOKIIKFFAH77DC,16,29.81,住家用,鋼筋混凝土造,88年9月2日,十二層,
RPPPMLPKIIKFFBH18DC,9,288.01,店舖、住宅、停車空間、樓梯間,鋼筋混凝土造,95年11月16日,五層,
RPPPMLPKIIKFFFH58DC,2,66.53,住家用,鋼筋混凝土造,102年10月21日,十三層,
RPPPMLPKIIKFFFH58DC,2,15.02,共有部分之項目有：梯間、機房、水箱等計三項,鋼筋混凝土造,102年10月21日,十三層,
RPPPMLPKIIKFFFH58DC,2,41.30,共有部分項目計有：防空避難室兼停車空間、消防泵浦室、發電機室、污水及雨水回收機房、蓄水池、停車空間、電信室、梯間、台電配電場所、水景機房、垃圾暫存區、公共服務空間、開放空間等計十三項,鋼筋混凝土造,102年10月21日,十四層,
RPQNMLPKIIKFFGH58DC,8,75.88,住家用,鋼筋混凝土造,96年10月25日,十三層,
RPUNMLPKIIKFFBH38CC,41,78.64,住家用,加強磚造,63年7月12日,三層,
RPSOMLPKIIKFFBH28CC,14,68.12,住家用,鋼筋混凝土造,90年8月30日,二十二層,
RPSOMLPKIIKFFBH28CC,14,2.33,共有部份,鋼筋混凝土造,90年8月30日,二十二層,
RPSOMLPKIIKFFBH28CC,14,16.30,共有部份,鋼筋混凝土造,90年8月30日,二十二層,
RPSOMLPKIIKFFBH28CC,14,1.73,共有部份,鋼筋混凝土造,90年8月30日,二十二層,
RPXOMLPLRHKFFCH17CC,18,105.83,住家用,鋼筋混凝土造,86年6月26日,十二層,
RPXOMLPLRHKFFCH17CC,18,6.96,共有部份,鋼筋混凝土造,86年6月26日,十二層,
RPXOMLPLRHKFFCH17CC,18,1.11,共有部份,鋼筋混凝土造,86年6月26日,十四層,
RPXOMLPLRHKFFCH17CC,18,37.04,共同使用（防空避難室，停車場）,鋼筋混凝土造,86年6月26日,十八層,
RPXOMLPLRHKFFCH17CC,18,.05,共有部份,鋼筋混凝土造,86年6月26日,一層,
RPXOMLPLRHKFFCH17CC,19,.61,共有部份,鋼筋混凝土造,86年1月30日,十八層,
RPXOMLPLRHKFFCH17CC,19,.00,共有部份,鋼筋混凝土造,86年1月30日,一層,
RPXOMLPLRHKFFCH17CC,18,3.58,社區遊憩設施,鋼筋混凝土造,86年6月26日,十五層,
RPXOMLPLRHKFFCH17CC,19,.05,社區遊憩設施,鋼筋混凝土造,86年1月30日,十四層,
RPSNMLMKIIKFFEH28DC,17,99.93,店舖、辦公室,鋼筋混凝土造,88年1月22日,十三層,
RPSNMLMKIIKFFEH28DC,17,20.77,店舖、辦公室,鋼筋混凝土造,88年1月22日,十三層,
RPSNMLMKIIKFFEH28DC,17,75.09,店舖、辦公室,鋼筋混凝土造,88年1月22日,十三層,
RPSNMLMKIIKFFEH28DC,17,35.34,共有部份,鋼筋混凝土造,88年1月22日,十三層,
RPSNMLMKIIKFFEH28DC,17,16.43,共有部份,鋼筋混凝土造,88年1月22日,十三層,
RPQPMLRJIIKFFEH68DC,20,32.53,工業用,鋼筋混凝土造,84年5月18日,十層,
RPPNMLQJIIKFFEH28DC,11,252.75,店舖,鋼骨造,93年10月30日,一層,
RPOQMLQKIIKFFAH18DC,14,93.63,店舖、停車空間,鋼筋混凝土造,91年1月2日,五層,
RPQNMLQKIIKFFFH68EC,1,65.51,住家用,鋼筋混凝土造,103年10月6日,十八層,
RPQNMLQKIIKFFFH68EC,1,13.38,共有部分之項目：管理委員會使用空間、電梯間、機械室、水箱、昇降機房、樓梯間等６項,鋼筋混凝土造,103年10月6日,十八層,
RPQNMLQKIIKFFFH68EC,1,18.09,共有部分之項目：梯廳等１項,鋼筋混凝土造,103年10月6日,十八層,
RPQNMLQKIIKFFFH68EC,1,4.89,共有部分之項目：車道等１項,鋼筋混凝土造,103年10月6日,十八層,
RPQNMLQKIIKFFFH68EC,1,33.06,共有部分之項目：梯間、防空避難室兼停車空間、停車空間等３項,鋼筋混凝土造,103年10月6日,十八層,
RPQNMLQKIIKFFEH48DC,20,107.50,工業用,鋼筋混凝土造,84年5月18日,十層,
RPRQMLQKIIKFFAH48DC,36,91.15,商業用,鋼筋混凝土造,69年1月8日,四層,
RPXNMLTKIIKFFEH76CC,36,248.78,人行道、住宅,加強磚造,69年2月14日,二層,
RPQOMLTKIIKFFEH78CC,36,248.78,人行道、住宅,加強磚造,69年2月14日,二層,
RPTOMLTKIIKFFBH78CC,29,51.05,住商用,鋼筋混凝土造,75年12月27日,三層,
RPUOMLTKIIKFFBH88CC,45,129.40,住家用,加強磚造,60年1月15日,二層,
RPSOMLTKIIKFFAH58CC,17,38.33,住家用,鋼筋混凝土造,88年3月11日,十一層,
RPUOMLTKIIKFFAH78CC,41,177.02,住家用,加強磚造,63年10月16日,二層,
RPUNMLKLIIKFFAH87CC,39,128.16,住商用,鋼筋混凝土造,65年12月29日,三層,
RPWOMLTKIIKFFAH09DC,10,69.53,住家用,鋼筋混凝土造,94年11月10日,九層,
RPWNMLLLIIKFFAH18CC,15,2.68,共有部份,鋼筋混凝土造,89年11月14日,八層,
RPWNMLLLIIKFFAH18CC,15,214.69,作業廠房,鋼筋混凝土造,89年11月14日,八層,
RPWNMLLLIIKFFAH18CC,15,77.91,共有部份,鋼筋混凝土造,89年11月14日,八層,
RPWNMLLLIIKFFAH18CC,15,37.59,共有部份,鋼筋混凝土造,89年11月14日,八層,
RPTOMLLLIIKFFBH08CC,46,701.79,住商用,鋼架造、加強磚造,58年7月30日,二層,
RPSQMLTKIIKFFAH78CC,7,50.64,住家用,鋼筋混凝土造,97年4月24日,十二層,
RPQNMLLLIIKFFEH97CC,18,69.84,人行道、店舖及住宅,鋼筋混凝土造,86年7月1日,三層,
RPPNMLKLIIKFFCH67DC,38,39.05,住家用,磚造,66年8月3日,一層,
RPUNMLMLIIKFFAH08CC,20,180.48,住家用,鋼筋混凝土造,85年1月6日,五層,
RPROMLMLIIKFFAH87CC,16,89.52,住家用,鋼筋混凝土造,88年5月18日,八層,
RPOOMLMLIIKFFGH28DC,39,83.00,住家用,加強磚造,65年10月8日,二層,
RPOOMLMLIIKFFGH28DC,39,89.20,住家用,加強磚造,65年10月8日,二層,
RPOOMLMLIIKFFGH28DC,39,6.20,住家用,加強磚造,65年10月8日,二層,
RPSQMLMLIIKFFAH28DC,3,131.35,住家用,鋼筋混凝土造,101年10月19日,十三層,
RPSQMLMLIIKFFAH28DC,3,35.21,本共有部分之項目有（附屬公共服務空間、樓梯間、機房、水箱）等４項。,鋼筋混凝土造,101年10月19日,十三層,
RPSQMLMLIIKFFAH28DC,3,90.87,本共有部分之項目有（附屬防空避難室兼停車空間、停車空間）等２項。,鋼筋混凝土造,101年10月19日,十三層,
RPUQMLMLIIKFFAH48DC,3,104.79,住家用,鋼筋混凝土造,101年10月19日,十三層,
RPUQMLMLIIKFFAH48DC,3,28.04,本共有部分之項目有（附屬公共服務空間、樓梯間、機房、水箱）等４項。,鋼筋混凝土造,101年10月19日,十三層,
RPUQMLMLIIKFFAH48DC,3,50.54,本共有部分之項目有（附屬防空避難室兼停車空間、停車空間）等２項。,鋼筋混凝土造,101年10月19日,十三層,
RPWNMLMLIIKFFFH88DC,4,65.99,住家用,鋼筋混凝土造,100年11月18日,十三層,
RPWNMLMLIIKFFFH88DC,4,16.07,本共有部分之項目有：公共服務空間、廣場式頂蓋型開放空間、梯間、機房及水箱等五項。,鋼筋混凝土造,100年11月18日,十三層,
RPWNMLMLIIKFFFH88DC,4,41.02,本共有部分之項目有：停車空間、防空避難室兼停車空間等二項。,鋼筋混凝土造,100年11月18日,十三層,
RPSPMLMLIIKFFEH48CC,8,95.56,店舖,鋼筋混凝土造,96年7月19日,十四層,
RPSPMLMLIIKFFEH48CC,8,31.84,店舖,鋼筋混凝土造,96年7月19日,十四層,
RPSPMLMLIIKFFEH48CC,8,18.27,店舖,鋼筋混凝土造,96年7月19日,十四層,
RPSPMLMLIIKFFEH48CC,8,23.32,共有部份,鋼筋混凝土造,96年7月19日,十四層,
RPSPMLMLIIKFFEH48CC,8,4.69,共有部份,鋼筋混凝土造,96年7月19日,十四層,
RPTPMLMLIIKFFEH58CC,8,155.39,店舖,鋼筋混凝土造,96年7月19日,十四層,
RPTPMLMLIIKFFEH58CC,8,53.18,店舖,鋼筋混凝土造,96年7月19日,十四層,
RPTPMLMLIIKFFEH58CC,8,7.67,共有部份,鋼筋混凝土造,96年7月19日,十四層,
RPTPMLMLIIKFFEH58CC,8,23.32,共有部份,鋼筋混凝土造,96年7月19日,十四層,
RPTPMLMLIIKFFEH58CC,8,12.95,店舖,鋼筋混凝土造,96年7月19日,十四層,
RPUQMLNLIIKFFAH48CC,21,91.81,住家用,鋼筋混凝土造,84年2月25日,二十三層,
RPUQMLNLIIKFFAH48CC,21,15.30,共有部份,鋼筋混凝土造,84年2月25日,二十三層,
RPUQMLNLIIKFFAH48CC,21,14.15,共有部份,鋼筋混凝土造,84年2月25日,二十三層,
RPPNMLPLIIKFFAH87CC,35,105.70,商業用,鋼筋混凝土造,70年1月20日,五層,
RPSNMLQLIIKFFAH28CC,21,142.39,住家用,鋼筋混凝土造,83年11月30日,十三層,
RPOPMLQLIIKFFAH08CC,4,100.48,商業用,鋼筋混凝土造,101年3月7日,九層,
RPXNMLNLIIKFFGH56DC,18,90.52,商業用,鋼筋混凝土造,86年6月14日,十二層,
RPXNMLNLIIKFFGH56DC,18,36.98,商業用,鋼筋混凝土造,86年6月14日,十二層,
RPXNMLNLIIKFFGH56DC,18,65.33,商業用,鋼筋混凝土造,86年6月14日,十二層,
RPXNMLNLIIKFFGH56DC,18,50.25,商業用,鋼筋混凝土造,86年6月14日,十二層,
RPXRMLQLIIKFFBH66CC,35,93.78,住家用,加強磚造,70年3月20日,二層,
RPVQMLQLIIKFFGH86CC,41,31.50,住家用,磚造,63年8月1日,一層,
RPSNMLRLIIKFFGH98CC,22,90.56,住家用,鋼筋混凝土造,82年11月9日,十二層,
RPSNMLRLIIKFFGH98CC,22,11.06,住家用,鋼筋混凝土造,82年11月9日,十二層,
RPSNMLRLIIKFFGH98CC,22,1.35,住家用,鋼筋混凝土造,82年11月9日,十二層,
RPSNMLRLIIKFFGH98CC,22,9.27,共有部份,鋼筋混凝土造,82年11月9日,十三層,
RPSNMLRLIIKFFGH98CC,22,2.47,共有部份,鋼筋混凝土造,82年11月9日,十二層,
RPVNMLRLIIKFFEH56DC,8,83.69,住家用,鋼筋混凝土造,97年4月1日,十層,
RPVNMLRLIIKFFEH56DC,8,10.27,共有部份,鋼筋混凝土造,97年4月1日,十層,
RPVNMLRLIIKFFEH56DC,8,21.40,共有部份,鋼筋混凝土造,97年4月1日,十層,
RPQNMLPLIIKFFAH97CC,12,45.59,住家用,鋼筋混凝土造,92年7月28日,十四層,
RPQNMLPLIIKFFAH97CC,12,6.46,共有部份,鋼筋混凝土造,92年7月28日,十四層,
RPQNMLPLIIKFFAH97CC,12,9.76,共有部份,鋼筋混凝土造,92年7月28日,十四層,
RPRNMLRLIIKFFGH98DC,8,75.89,住家用,鋼筋混凝土造,96年10月25日,十三層,
RPQNMLSLIIKFFCH58DC,10,112.66,住家用,鋼筋混凝土造,94年9月5日,十一層,
RPQOMLPKIIKFFFH48CC,19,92.21,住家用,鋼筋混凝土造,86年3月5日,九層,
RPQOMLPKIIKFFFH48CC,19,54.61,共有部份,鋼筋混凝土造,86年3月5日,九層,
RPQOMLPKIIKFFFH48CC,19,19.51,共有部份,鋼筋混凝土造,86年3月5日,九層,
RPTNMLNKIIKFFFH48CC,2,7.98,店舖，集合住宅,鋼筋混凝土造,102年7月1日,十二層,
RPROMLPKIIKFFFH58CC,19,92.21,住家用,鋼筋混凝土造,86年3月5日,九層,
RPROMLPKIIKFFFH58CC,19,54.61,共有部份,鋼筋混凝土造,86年3月5日,九層,
RPROMLPKIIKFFFH58CC,19,19.51,共有部份,鋼筋混凝土造,86年3月5日,九層,
RPSOMLPKIIKFFFH68CC,36,228.10,店鋪，住宅，倉庫,加強磚造,68年8月13日,二層,
RPWNMLNKIIKFFFH78CC,27,233.24,辦公室，廠房，人行道，單身宿舍,鋼筋混凝土造,78年3月23日,二層,
RPSNMLOKIIKFFFH48CC,6,76.67,住商用,鋼筋混凝土造,98年5月6日,十九層,
RPTNMLTLIIKFFFH76EC,37,69.60,住家用,加強磚造,68年2月5日,二層,
RPRPMLTLIIKFFBH88DC,37,236.24,住商用,鋼筋混凝土造,68年3月12日,四層,
RPOOMLRLIIKFFEH58DC,7,89.60,住家用,鋼筋混凝土造,97年10月2日,十層,
RPOOMLRLIIKFFEH58DC,7,17.21,共有部份,鋼筋混凝土造,97年10月2日,十層,
RPOOMLRLIIKFFEH58DC,7,8.58,共有部份,鋼筋混凝土造,97年10月2日,十層,
RPOOMLRLIIKFFEH58DC,7,12.30,共有部份,鋼筋混凝土造,97年10月2日,十層,
RPOOMLRLIIKFFEH58DC,7,.02,集合住宅（附屬管理員室）,鋼筋混凝土造,97年10月2日,十層,
RPOOMLRLIIKFFEH58DC,7,26.37,共有部份,鋼筋混凝土造,97年10月2日,十層,
RPSNMLSLIIKFFCH68CC,2,937.94,廠房,鋼骨造,103年2月18日,二層,
RPOPMLPKIIKFFFH38CC,1,64.56,住家用,鋼筋混凝土造,104年1月23日,十五層,
RPOPMLPKIIKFFFH38CC,1,42.27,共有部分之項目有：防空避難室兼停車空間、消防泵浦室、汙水及雨水回收機房、蓄水池、梯間、停車空間、電信室、台電配電場所、發電機室、垃圾暫存區、開放空間、管委會使用空間、管理空間等計十三項,鋼筋混凝土造,104年1月23日,十五層,
RPOPMLPKIIKFFFH38CC,1,13.26,共有部分之項目有：梯間、機房、水箱等計三項,鋼筋混凝土造,104年1月23日,十五層,
RPVNMLSLIIKFFCH98CC,19,115.02,商業用,鋼筋混凝土造,86年1月30日,十層,
RPVNMLSLIIKFFCH98CC,19,4.40,共有部份,鋼筋混凝土造,86年1月30日,十層,
RPVNMLSLIIKFFCH98CC,19,1.45,共有部份,鋼筋混凝土造,86年1月30日,十四層,
RPVNMLSLIIKFFCH98CC,19,1.48,共有部份,鋼筋混凝土造,86年1月30日,十四層,
RPVNMLSLIIKFFCH98CC,18,.05,社區遊憩設施,鋼筋混凝土造,86年6月26日,十五層,
RPVNMLSLIIKFFCH98CC,19,3.56,社區遊憩設施,鋼筋混凝土造,86年1月30日,十四層,
RPVNMLSLIIKFFCH98CC,18,.01,共同使用（防空避難室，停車場）,鋼筋混凝土造,86年6月26日,十八層,
RPVNMLSLIIKFFCH98CC,18,.00,共有部份,鋼筋混凝土造,86年6月26日,一層,
RPVNMLSLIIKFFCH98CC,19,.00,共有部份,鋼筋混凝土造,86年1月30日,一層,
RPVNMLSLIIKFFCH98CC,19,.36,共有部份,鋼筋混凝土造,86年1月30日,十八層,
RPVNMLSLIIKFFCH98CC,19,.06,共有部份,鋼筋混凝土造,86年1月30日,一層,
RPWNMLKMIIKFFBH38DC,9,80.56,住商用,鋼筋混凝土造,96年1月25日,十五層,
RPPNMLKMIIKFFEH97DC,1,187.23,農舍,鋼筋混凝土造,103年6月24日,三層,
RPUOMLKMIIKFFBH18CC,35,139.83,住商用,加強磚造,69年6月3日,二層,
RPVNMLKMIIKFFEH58DC,36,101.08,住商用,加強磚造,69年1月25日,二層,
RPOPMLKMIIKFFAH57CC,12,87.81,住家用,鋼筋混凝土造,93年2月3日,十二層,
RPOPMLKMIIKFFAH57CC,8,69.31,共有部份,鋼筋混凝土造,97年1月15日,十二層,
RPOPMLKMIIKFFAH57CC,8,.18,集合住宅（附屬管理室）,鋼筋混凝土造,97年1月15日,十層,
RPOQMLKMIIKFFGH48EC,1,73.36,住家用,鋼筋混凝土造,103年8月27日,十一層,
RPOQMLKMIIKFFGH48EC,1,72.66,共有部份,鋼筋混凝土造,103年8月27日,十一層,
RPXNMLSLIIKFFGH07DC,22,127.00,住家用,鋼筋混凝土造,82年12月30日,六層,
RPXNMLSLIIKFFCH56CC,18,121.28,住家用,鋼筋混凝土造,86年6月26日,十八層,
RPXNMLSLIIKFFCH56CC,18,5.85,共有部份,鋼筋混凝土造,86年6月26日,十八層,
RPXNMLSLIIKFFCH56CC,18,1.96,共有部份,鋼筋混凝土造,86年6月26日,十八層,
RPXNMLSLIIKFFCH56CC,18,38.54,共同使用（防空避難室，停車場）,鋼筋混凝土造,86年6月26日,十八層,
RPXNMLSLIIKFFCH56CC,18,.06,共有部份,鋼筋混凝土造,86年6月26日,一層,
RPXNMLSLIIKFFCH56CC,19,.01,共有部份,鋼筋混凝土造,86年1月30日,十八層,
RPXNMLSLIIKFFCH56CC,19,.00,共有部份,鋼筋混凝土造,86年1月30日,一層,
RPXNMLSLIIKFFCH56CC,18,4.12,社區遊憩設施,鋼筋混凝土造,86年6月26日,十五層,
RPXNMLSLIIKFFCH56CC,19,.05,社區遊憩設施,鋼筋混凝土造,86年1月30日,十四層,
RPPUMLSLIIKFFFH76CC,1,86.79,住家用,鋼筋混凝土造,103年5月26日,十三層,
RPPUMLSLIIKFFFH76CC,1,43.69,共有部分項目計有：停車空間、發電機室、消防泵浦室、污水機房、蓄水池、梯間、台電配電場所、電信室、設備空間、垃圾暫存室、公共服務空間、開放空間,鋼筋混凝土造,103年5月26日,十三層,
RPPUMLSLIIKFFFH76CC,1,14.14,共有部分項目計有：梯間、水箱、機房,鋼筋混凝土造,103年5月26日,十三層,
