﻿編號,土地位置,土地移轉面積(平方公尺),使用分區或編定,權利人持分分母,權利人持分分子,移轉情形,地號
The serial number, land position,land shifting area square meter,the use zoning or compiles and checks,,,,land parcel
RPUNMLKKQHKFFAI38CA,堀川段,82.00,都市：住,1,1,全筆移轉,00250242
RPTNMLKLQHKFFAI38CA,北湖段,35.10,都市：住,1000,214,持分移轉,03460000
RPTNMLKLQHKFFAI38CA,北湖段,385.00,都市：住,1,1,全筆移轉,03560000
RPPOMLQKQHKFFAI58CA,北園段,1588.00,都市：農,1,1,全筆移轉,05010000
RPPOMLQKQHKFFAI58CA,北園段,3894.00,都市：其他:,1,1,全筆移轉,05010001
RPSOMLQKQHKFFAI88CA,車店段車店小段,89.00,都市：住,1,1,全筆移轉,01500028
RPRPMLNJQHKFFAI48CA,檜段七小段,85.00,都市：商,1,1,全筆移轉,00050009
RPTNMLPJQHKFFAI88EA,興村段,2.39,都市：住,10000,77,持分移轉,01330000
RPTNMLPJQHKFFAI88EA,興村段,14.39,都市：住,10000,77,持分移轉,01490000
RPUNMLRJQHKFFAI56EA,新富段八小段,3.82,都市：商,10000,25,持分移轉,00090000
RPUNMLRJQHKFFAI56EA,末廣段一小段,.11,都市：商,10000,25,持分移轉,00020003
RPPNMLMLQHKFFAI18CA,竹圍子段三小段,15.50,都市：住,10000,76,持分移轉,00980000
RPPOMLRJQHKFFAI78EA,短竹段,.00,都市：其他:,1000000,2,持分移轉,02480000
RPPOMLRJQHKFFAI78EA,短竹段,24.28,都市：其他:,100000,1295,持分移轉,02480000
RPUNMLSKQHKFFAI56CA,彌陀段,26.00,都市：住,10000,250,持分移轉,02240000
RPSNMLQLQHKFFAI88CA,湖內段,891.00,都市：工,1,1,全筆移轉,13980000
RPQNMLSKQHKFFAI78CA,車店段車店小段,13.10,都市：住,10000,66,持分移轉,00460056
RPUNMLPJQHKFFAI88DA,港子坪段港坪小段,5.94,都市：住,1000,29,持分移轉,01150000
RPUNMLPJQHKFFAI88DA,港子坪段港坪小段,3.97,都市：住,1000,29,持分移轉,01160000
RPUNMLPJQHKFFAI88DA,港子坪段港坪小段,3.97,都市：住,1000,29,持分移轉,01190000
RPVOMLQKQHKFFAI56CA,港子坪段港坪小段,23.41,都市：住,10000,116,持分移轉,02320000
RPTOMLQKQHKFFAI98CA,軍輝段,33.08,都市：住,10000,60,持分移轉,00030000
RPVNMLRJQHKFFAI09CA,下路頭段,81.00,都市：住,1,1,全筆移轉,03360039
RPUNMLQJQHKFFAI88CA,中庄段,98.00,都市：住,1,1,全筆移轉,10660000
RPPNMLTJQHKFFAI68CA,劉厝段玉山小段,16.59,都市：住,33941,1659,持分移轉,02120058
RPPNMLTJQHKFFAI68CA,劉厝段玉山小段,83.00,都市：住,1,1,全筆移轉,02120082
RPPNMLKKQHKFFAI87CA,興村段,16.01,都市：住,7000,48,持分移轉,01720000
RPQNMLKKQHKFFAI97CA,竹圍子段中興小段,4.48,都市：商,10000,34,持分移轉,00350000
RPWOMLKKQHKFFAI68CA,短竹段,13.33,都市：住,50000,112,持分移轉,09120071
RPRNMLLKQHKFFAI18CA,興村段,22.55,都市：住,10000,203,持分移轉,01410007
RPRNMLLKQHKFFAI18CA,興村段,68.00,都市：住,1,1,全筆移轉,01410090
RPSNMLLKQHKFFAI28CA,竹圍子段三小段,21.15,都市：住,10000,165,持分移轉,01030000
RPOOMLRJQHKFFAI48CA,北社尾段,11.49,都市：住,10000,25,持分移轉,07120001
RPTNMLSKQHKFFAI09CA,中山段三小段,14.19,都市：住,10000,190,持分移轉,00270000
RPOPMLRKQHKFFAI68CA,盧厝段,34.76,都市：住,10000,64,持分移轉,02600004
RPPOMLQLQHKFFAI68CA,短竹段,3.59,都市：住,20000,35,持分移轉,09120070
RPQOMLQLQHKFFAI78CA,短竹段,12.03,都市：住,50000,101,持分移轉,09120071
RPOOMLPJQHKFFAI48EA,檜段二小段,34.00,都市：住,2,1,持分移轉,00160005
RPPNMLQJQHKFFAI58EA,竹圍子段二小段,126.50,都市：住,2,1,持分移轉,04100000
RPTNMLQJQHKFFAI98EA,西門段五小段,39.58,都市：商,24,10,持分移轉,00700000
RPTNMLQJQHKFFAI98EA,西門段五小段,.83,都市：商,24,10,持分移轉,00700004
RPOOMLNJRHKFFAI18CA,陳厝段,4.35,都市：住,1,1,全筆移轉,01390002
RPOOMLNJRHKFFAI18CA,陳厝段,143.68,都市：住,1,1,全筆移轉,01440000
RPPNMLRJQHKFFAI68EA,南門段三小段,53.00,都市：商,1,1,全筆移轉,00110000
RPTNMLRJQHKFFAI09EA,何庄段,146.10,都市：住,726,150,持分移轉,08910000
RPTNMLMKQHKFFAI68EA,埤子頭段,14.38,都市：住,10000,102,持分移轉,03890005
RPROMLLMQHKFFAI48CA,北園段,2645.00,都市：農,1,1,全筆移轉,02430000
RPROMLLMQHKFFAI48CA,北園段,224.64,都市：農,11433,2645,持分移轉,02430006
RPTOMLLMQHKFFAI68CA,北園段,2645.00,都市：農,1,1,全筆移轉,02430005
RPSOMLLMQHKFFAI58CA,北園段,2645.00,都市：農,1,1,全筆移轉,02430004
RPTOMLLMQHKFFAI68CA,北園段,224.64,都市：農,11433,2645,持分移轉,02430006
RPSOMLLMQHKFFAI58CA,北園段,224.64,都市：農,11433,2645,持分移轉,02430006
RPOOMLTKQHKFFAI78CA,劉厝段玉山小段,188.90,都市：住,1,1,全筆移轉,03380006
RPRNMLLLQHKFFAI28CA,北社尾段,12.41,都市：住,10000,27,持分移轉,07120001
RPROMLKKQHKFFAI18CA,劉厝段,97.00,都市：住,1,1,全筆移轉,00270025
RPROMLKKQHKFFAI18CA,劉厝段,22.00,都市：住,24,1,持分移轉,00270007
RPROMLKKQHKFFAI18CA,劉厝段,.38,都市：住,24,1,持分移轉,00270046
RPROMLRJQHKFFAI78CA,中庄段,24.66,都市：住,10000,230,持分移轉,10690000
RPSOMLKKQHKFFAI28CA,劉厝段,22.00,都市：住,24,1,持分移轉,00270007
RPSOMLKKQHKFFAI28CA,劉厝段,.38,都市：住,24,1,持分移轉,00270046
RPSOMLKKQHKFFAI28CA,劉厝段,93.00,都市：住,1,1,全筆移轉,00270050
RPTOMLKKQHKFFAI38CA,劉厝段,22.00,都市：住,24,1,持分移轉,00270007
RPTOMLKKQHKFFAI38CA,劉厝段,.38,都市：住,24,1,持分移轉,00270046
RPTOMLKKQHKFFAI38CA,劉厝段,88.00,都市：住,1,1,全筆移轉,00270051
RPUOMLKKQHKFFAI48CA,劉厝段,22.00,都市：住,24,1,持分移轉,00270007
RPUOMLKKQHKFFAI48CA,劉厝段,.38,都市：住,24,1,持分移轉,00270046
RPUOMLKKQHKFFAI48CA,劉厝段,87.00,都市：住,1,1,全筆移轉,00270052
RPTNMLKKQHKFFAI28CA,竹圍子段三小段,3042.00,都市：住,1,1,全筆移轉,00550000
RPTNMLRJQHKFFAI88CA,港子坪段,1255.00,都市：工,1,1,全筆移轉,02190001
RPTNMLRJQHKFFAI88CA,港子坪段,1570.00,都市：工,1,1,全筆移轉,02190040
RPWNMLRJQHKFFAI56CA,白川段,90.00,都市：住,1,1,全筆移轉,00470021
RPROMLNKQHKFFAI48CA,劉厝段劉厝小段,17.17,都市：商,10000,45,持分移轉,03120001
RPUOMLQKQHKFFAI09CA,盧厝段,72.00,都市：住,1,1,全筆移轉,04190095
RPUNMLTKQHKFFAI66CA,車店段車店小段,82.00,都市：住,1,1,全筆移轉,00450040
RPQNMLMLQHKFFAI28CA,盧厝段,102.00,都市：住,1,1,全筆移轉,02440132
RPWNMLRKQHKFFAI66CA,竹圍子段二小段,6.23,都市：住,10000,15,持分移轉,01120000
RPQNMLQJQHKFFAI68EA,同興段,51.00,都市：住,1,1,全筆移轉,05140000
RPRNMLQJQHKFFAI78EA,中山段二小段,24.40,都市：住,10,2,持分移轉,00080050
RPRNMLPLQHKFFAI68CA,埤子頭段,3.40,都市：其他:,136,14,持分移轉,03980001
RPRNMLPLQHKFFAI68CA,埤子頭段,90.00,都市：住,1,1,全筆移轉,03980023
RPRNMLPLQHKFFAI68CA,埤子頭段,3.60,都市：住,136,14,持分移轉,03980055
RPRNMLQLQHKFFAI78CA,車店段,917.00,都市：工,1,1,全筆移轉,03250004
RPRNMLQLQHKFFAI78CA,車店段,135.00,都市：其他:,1,1,全筆移轉,03250019
RPWNMLQLQHKFFAI66CA,盧厝段,25.24,都市：住,10000,132,持分移轉,02970057
RPQOMLLJRHKFFAI18CA,東川段,2615.50,都市：其他:保謢區,2,1,持分移轉,06350000
RPQOMLLJRHKFFAI18CA,東川段,150.50,都市：其他:保謢區,2,1,持分移轉,06350003
RPQOMLLJRHKFFAI18CA,東川段,81.00,都市：其他:保謢區,1,1,全筆移轉,06350010
RPQOMLLJRHKFFAI18CA,東川段,5.00,都市：其他:保謢區,1,1,全筆移轉,06350035
RPPNMLMJRHKFFAI08CA,大溪段,16.15,都市：住,1,1,全筆移轉,04110004
RPPNMLMJRHKFFAI08CA,大溪段,1.48,都市：住,1,1,全筆移轉,04120001
RPOOMLKKQHKFFAI08EA,盧東段,37.05,都市：住,1,1,全筆移轉,01970009
RPPNMLNKQHKFFAI38EA,溪厝段,166.59,都市：農,1,1,全筆移轉,03870002
RPPNMLLKQHKFFAI18EA,同興段,80.50,都市：住,2,1,持分移轉,10870000
RPPNMLLKQHKFFAI18EA,同興段,12.83,都市：住,12,1,持分移轉,10970000
RPTNMLLKQHKFFAI58EA,北園段,330.75,都市：農,8,1,持分移轉,07190000
RPPNMLMKQHKFFAI28EA,埤子頭段,16.00,都市：其他:,1,1,全筆移轉,03720017
RPPNMLMKQHKFFAI28EA,埤子頭段新厝小段,8.00,都市：住,1,1,全筆移轉,05910001
RPPNMLMKQHKFFAI28EA,埤子頭段新厝小段,22.00,都市：住,1,1,全筆移轉,06000001
RPWNMLRJRHKFFAI66CA,車店段車店小段,89.00,都市：住,1,1,全筆移轉,09310002
RPTNMLLLQHKFFAI68EA,台斗坑段,13.00,都市：住,1,1,全筆移轉,04410059
RPRNMLMLQHKFFAI38CA,劉厝段劉厝小段,225.51,都市：住,10000,1430,持分移轉,03110000
RPRNMLMLQHKFFAI38CA,劉厝段劉厝小段,11.55,都市：住,10000,1957,持分移轉,03110040
RPRNMLMLQHKFFAI38CA,劉厝段劉厝小段,84.57,都市：住,10000,1712,持分移轉,03120011
RPVNMLMLQHKFFAI78CA,竹圍子段三小段,20.64,都市：住,10000,161,持分移轉,01030000
RPUNMLMLQHKFFAI68CA,白川段,6.62,都市：住,24,1,持分移轉,00060006
RPUNMLMLQHKFFAI68CA,白川段,18.12,都市：住,24,1,持分移轉,00070000
RPUNMLMLQHKFFAI68CA,白川段,7.83,都市：住,24,1,持分移轉,00070002
RPTNMLMLQHKFFAI58CA,竹圍子段二小段,118.00,都市：住,1,1,全筆移轉,01650000
RPSNMLMLQHKFFAI48CA,北社尾段保安小段,10.83,都市：住,10000,84,持分移轉,06120000
RPWNMLQKQHKFFAI56CA,育人段,84.53,都市：住,1,1,全筆移轉,02610019
RPWNMLQKQHKFFAI56CA,育人段,1.59,都市：住,10000,75,持分移轉,02610021
RPWNMLQKQHKFFAI56CA,育人段,.09,都市：住,10,1,持分移轉,02610028
RPRNMLQKQHKFFAI68CA,育人段,23.69,都市：住,10000,1117,持分移轉,02610021
RPRNMLQKQHKFFAI68CA,育人段,84.20,都市：住,1,1,全筆移轉,02610022
RPRNMLQKQHKFFAI68CA,育人段,.09,都市：住,10,1,持分移轉,02610028
RPRNMLMKQHKFFAI28CA,榮段六小段,3.00,都市：商,1,1,全筆移轉,00100001
RPRNMLMKQHKFFAI28CA,榮段六小段,69.00,都市：商,1,1,全筆移轉,00100002
RPRNMLMKQHKFFAI28CA,榮段六小段,7.00,都市：商,1,1,全筆移轉,00100003
RPTNMLNKQHKFFAI58CA,北園段,36.00,都市：農,5,3,持分移轉,00420000
RPTNMLQKQHKFFAI88CA,育人段,23.69,都市：住,10000,1117,持分移轉,02610021
RPTNMLQKQHKFFAI88CA,育人段,87.48,都市：住,1,1,全筆移轉,02610025
RPTNMLQKQHKFFAI88CA,育人段,.09,都市：住,10,1,持分移轉,02610028
RPPNMLNJRHKFFAI18CA,湖內段,13.58,都市：住,10000,107,持分移轉,03160000
RPSNMLMKQHKFFAI38CA,劉厝段,22.00,都市：住,24,1,持分移轉,00270007
RPSNMLMKQHKFFAI38CA,劉厝段,154.00,都市：住,1,1,全筆移轉,00270037
RPSNMLMKQHKFFAI38CA,劉厝段,.38,都市：住,24,1,持分移轉,00270046
RPSNMLNKQHKFFAI48CA,車店段,12.66,都市：住,200000,889,持分移轉,00860013
RPSNMLNKQHKFFAI48CA,白川段,2.13,都市：住,200000,889,持分移轉,00800005
RPUNMLQKQHKFFAI98CA,育人段,83.21,都市：住,1,1,全筆移轉,02610018
RPUNMLQKQHKFFAI98CA,育人段,23.69,都市：住,10000,1117,持分移轉,02610021
RPUNMLQKQHKFFAI98CA,育人段,.09,都市：住,10,1,持分移轉,02610028
RPSNMLQKQHKFFAI78CA,育人段,23.69,都市：住,10000,1117,持分移轉,02610021
RPSNMLQKQHKFFAI78CA,育人段,88.16,都市：住,1,1,全筆移轉,02610024
RPSNMLQKQHKFFAI78CA,育人段,.09,都市：住,10,1,持分移轉,02610028
RPVNMLNKQHKFFAI78CA,下路頭段,18.00,都市：住,1,1,全筆移轉,04430124
RPVNMLQKQHKFFAI09CA,育人段,87.69,都市：住,1,1,全筆移轉,02610026
RPQNMLRKQHKFFAI68CA,北園段,22.96,都市：住,10000,109,持分移轉,16070000
RPVOMLRKQHKFFAI66CA,大溪段,233.08,都市：農,1,1,全筆移轉,01360001
RPVOMLRKQHKFFAI66CA,大溪段,166.00,都市：農,1,1,全筆移轉,02070005
RPPNMLSKQHKFFAI68CA,東川段,8.67,都市：住,10000,46,持分移轉,04980001
RPSOMLRKQHKFFAI98CA,短竹段,234.24,都市：住,10000,849,持分移轉,14530000
RPVNMLKLQHKFFAI58CA,遠東段,22.39,都市：住,10000,24,持分移轉,00680007
RPQOMLTKQHKFFAI98CA,劉厝段玉山小段,110.90,都市：住,1,1,全筆移轉,03380004
RPOOMLLJRHKFFAI97CA,興村段,2.89,都市：住,10000,26,持分移轉,01410007
RPOOMLLJRHKFFAI97CA,興村段,140.00,都市：住,1,1,全筆移轉,01410070
RPPNMLMKQHKFFAI18DA,崎頂段,370.00,都市：農,1,1,全筆移轉,00470001
RPRPMLLMQHKFFAI58CA,短竹段,42.36,都市：其他:,11,1,持分移轉,02150011
RPRPMLLMQHKFFAI58CA,短竹段,133.00,都市：其他:,1,1,全筆移轉,02150012
RPRNMLLJRHKFFAI18CA,劉厝段劉厝小段,18.69,都市：住,10000,49,持分移轉,03120001
RPQNMLSJRHKFFAI78CA,育人段,85.03,都市：住,1,1,全筆移轉,02610020
RPQNMLSJRHKFFAI78CA,育人段,20.97,都市：住,10000,989,持分移轉,02610021
RPQNMLSJRHKFFAI78CA,育人段,.09,都市：住,10,1,持分移轉,02610028
RPQNMLNKQHKFFAI48EA,元段六小段,6.45,都市：商,9000,106,持分移轉,00400000
RPXNMLNKQHKFFAI09DA,溪厝段,3009.25,都市：農,1,1,全筆移轉,04550000
RPRNMLSLQHKFFAI56EA,劉厝段玉山小段,427.03,都市：住,5,1,持分移轉,00320000
RPVNMLLJRHKFFAI68DA,長竹段,18.00,都市：其他:,1,1,全筆移轉,01490002
RPOOMLMLQHKFFAI28DA,竹圍子段二小段,2.29,都市：住,10000,14,持分移轉,00260000
RPPOMLMLQHKFFAI38DA,竹圍子段二小段,2.29,都市：住,10000,14,持分移轉,00260000
RPOOMLLMQHKFFAI28DA,湖內段,14.85,都市：住,10000,117,持分移轉,03160000
RPQOMLMLQHKFFAI38CA,北園段,138.86,都市：住,400,21,持分移轉,16910000
RPQPMLLMQHKFFAI48CA,民族段三小段,67.00,都市：住,1,1,全筆移轉,00530007
RPPPMLLMQHKFFAI38CA,同興段,20.50,都市：住,10000,15,持分移轉,14350000
RPPNMLRKQHKFFAI58CA,車店段,11.21,都市：住,50200,1121,持分移轉,03930001
RPUNMLNKQHKFFAI68CA,下路頭段,5.00,都市：住,1,1,全筆移轉,04430012
RPQNMLOKQHKFFAI38CA,港子坪段港坪小段,21.47,都市：住,10000,359,持分移轉,01310000
RPVNMLTJRHKFFAI76CA,新厝段,15.47,都市：住,20000,194,持分移轉,01000000
RPVNMLTJRHKFFAI76CA,新厝段,.01,都市：住,20000,194,持分移轉,01000001
RPXNMLNJRHKFFAI98CA,車店段車店小段,96.00,都市：住,1,1,全筆移轉,03360001
RPTNMLRKQHKFFAI98CA,同興段,51.00,都市：住,1,1,全筆移轉,04730000
RPTOMLRKQHKFFAI09CA,埤子頭段,41.00,都市：住,1,1,全筆移轉,02930022
RPTOMLRKQHKFFAI09CA,埤子頭段,3.00,都市：住,1,1,全筆移轉,02930027
RPUOMLRKQHKFFAI56CA,南門段六小段,1.70,都市：商,10000,95,持分移轉,00100001
RPUOMLRKQHKFFAI56CA,元段六小段,4.65,都市：商,10000,95,持分移轉,01400000
RPUOMLRKQHKFFAI56CA,元段六小段,6.74,都市：商,10000,95,持分移轉,01420000
RPUOMLLMQHKFFAI78CA,竹圍子段二小段,101.00,都市：住,1,1,全筆移轉,01410013
RPVNMLNJRHKFFAI78CA,荖藤段,77.00,都市：住,1,1,全筆移轉,05200000
RPPNMLTJRHKFFAI88DA,下路頭段,3.00,都市：其他:,1,1,全筆移轉,07280030
RPXNMLOLQHKFFAI76EA,西門段五小段,5.00,都市：商,1000,15,持分移轉,00670000
RPUNMLNJRHKFFAI68CA,下路頭段,14.68,都市：住,10000,27,持分移轉,00970000
RPWOMLLMQHKFFAI98CA,下路頭段,84.00,都市：住,1,1,全筆移轉,01000061
RPXOMLLMQHKFFAI09CA,劉厝段,34.43,都市：住,10000,194,持分移轉,00370109
RPPNMLLJRHKFFAI97CA,竹圍子段,47.00,都市：住,1,1,全筆移轉,03080032
RPUNMLTLQHKFFAI76CA,下路頭段,48.00,都市：住,1,1,全筆移轉,02980022
RPQNMLTLQHKFFAI98CA,竹圍子段,3.33,都市：住,24,1,持分移轉,02300017
RPQNMLTLQHKFFAI98CA,竹圍子段,91.00,都市：住,1,1,全筆移轉,02300092
RPTNMLSLQHKFFAI56CA,港子坪段,229.00,都市：住,1,1,全筆移轉,01820006
RPRNMLOKQHKFFAI68EA,東川段,105.00,都市：住,1,1,全筆移轉,08760018
RPPNMLOKQHKFFAI48EA,民族段五小段,36.00,都市：住,1,1,全筆移轉,00980002
RPPNMLOKQHKFFAI48EA,民族段五小段,71.00,都市：住,2,1,持分移轉,00980003
RPVNMLRKQHKFFAI56CA,下路頭段,4.64,都市：住,14,5,持分移轉,04770118
RPVNMLRKQHKFFAI56CA,下路頭段,32.14,都市：住,14,5,持分移轉,04770122
RPUNMLNKQHKFFAI88EA,太平段,33.43,都市：住,10000,125,持分移轉,00620000
RPQOMLNJRHKFFAI38CA,埤子頭段新厝小段,237.00,都市：住,1,1,全筆移轉,06600000
RPQNMLTKQHKFFAI88CA,短竹段,173.27,都市：住,10000,628,持分移轉,14530000
RPQNMLKLQHKFFAI08CA,太平段,18.50,都市：住,10000,23,持分移轉,00210000
RPROMLNJRHKFFAI48CA,埤子頭段新厝小段,392.00,都市：住,1,1,全筆移轉,06610000
RPRNMLKLQHKFFAI18CA,港子坪段,441.00,都市：工,1,1,全筆移轉,02170004
RPSNMLKLQHKFFAI28CA,港子坪段,4.00,都市：工,1,1,全筆移轉,02170018
RPUNMLLLQHKFFAI58CA,北社尾段,24.64,都市：住,10000,184,持分移轉,04650018
RPRNMLTLQHKFFAI09CA,南門段六小段,2.61,都市：商,10000,146,持分移轉,00100001
RPRNMLTLQHKFFAI09CA,元段六小段,7.14,都市：商,10000,146,持分移轉,01400000
RPRNMLTLQHKFFAI09CA,元段六小段,10.35,都市：商,10000,146,持分移轉,01420000
RPVNMLTLQHKFFAI86CA,檜段四小段,6.83,都市：商,10000,195,持分移轉,00020000
RPQOMLLMQHKFFAI38CA,短竹段,7.90,都市：住,10000,97,持分移轉,04040000
RPSNMLSKQHKFFAI56EA,玉川段,9.50,都市：住,4,1,持分移轉,00800000
RPSNMLSKQHKFFAI56EA,玉川段,70.00,都市：住,1,1,全筆移轉,00800008
RPSOMLLJRHKFFAI38CA,北門段七小段,58.00,都市：住,1,1,全筆移轉,00150050
RPTNMLTKQHKFFAI76EA,遠東段,14.00,都市：住,10000,15,持分移轉,00680007
RPPNMLKLQHKFFAI18EA,榮段三小段,67.00,都市：商,1,1,全筆移轉,00350000
RPVNMLKLQHKFFAI78EA,港子坪段港坪小段,17.51,都市：住,10000,176,持分移轉,01050000
RPVNMLKLQHKFFAI78EA,港子坪段港坪小段,4.93,都市：住,10000,176,持分移轉,01060000
RPWNMLKLQHKFFAI88EA,興村段,8.52,都市：住,10000,170,持分移轉,01500000
RPWNMLOLQHKFFAI66EA,大溪段,360.68,都市：農,1,1,全筆移轉,05300002
RPWNMLLLQHKFFAI78CA,下路頭段,95.00,都市：住,1,1,全筆移轉,07950043
RPWNMLLLQHKFFAI78CA,下路頭段,7.00,都市：住,1,1,全筆移轉,07950045
RPSNMLLLQHKFFAI38CA,頂庄段,16.56,都市：住,90000,534,持分移轉,04200000
RPSOMLLLQHKFFAI48CA,彌陀段,6.00,都市：住,1,1,全筆移轉,06900001
RPSOMLLLQHKFFAI48CA,彌陀段,57.00,都市：住,1,1,全筆移轉,06920010
RPQNMLMKQHKFFAI18CA,台斗坑段,14.36,都市：住,1200,33,持分移轉,04220000
RPWNMLMLQHKFFAI88CA,劉厝段劉厝小段,13.35,都市：住,10000,35,持分移轉,03120001
RPXNMLMLQHKFFAI98CA,遠東段,14.00,都市：住,10000,15,持分移轉,00680007
RPWNMLLJRHKFFAI88EA,竹圍子段一小段,24.28,都市：住,10000,159,持分移轉,00660000
RPXNMLTLQHKFFAI07CA,下路頭段,31.25,都市：住,10000,102,持分移轉,00100230
RPROMLMLQHKFFAI48CA,北園段,1.79,都市：住,192,1,持分移轉,15330000
RPROMLMLQHKFFAI48CA,北園段,5.73,都市：住,144,1,持分移轉,15340000
RPROMLMLQHKFFAI48CA,北園段,3.56,都市：住,192,1,持分移轉,15350000
RPROMLMLQHKFFAI48CA,北園段,15.56,都市：農,192,1,持分移轉,16620000
RPROMLMLQHKFFAI48CA,北園段,13.78,都市：住,192,1,持分移轉,16910000
RPROMLMLQHKFFAI48CA,北園段,2.51,都市：住,192,1,持分移轉,16960000
RPROMLMLQHKFFAI48CA,北園段,17.55,都市：農,192,1,持分移轉,16970000
RPROMLMLQHKFFAI48CA,北湖段,18.56,都市：農,267072,1061,持分移轉,04200000
RPROMLMLQHKFFAI48CA,北湖段,2.94,都市：住,267072,1061,持分移轉,04210000
RPSNMLPLQHKFFAI78CA,彌陀段,5.03,都市：住,10000,27,持分移轉,05820000
RPXNMLKLQHKFFAI98EA,湖內段,6.85,都市：住,10000,54,持分移轉,03160000
RPOOMLKLQHKFFAI18EA,新富段七小段,5.85,都市：住,26732,463,持分移轉,00320000
RPVNMLTKQHKFFAI86DA,盧厝段,29.06,都市：住,10000,99,持分移轉,02490005
RPSNMLTJRHKFFAI56DA,劉厝段玉山小段,135.50,都市：住,1,1,全筆移轉,03040006
RPPNMLOLQHKFFAI58EA,元段三小段,23.00,都市：商,1,1,全筆移轉,00690008
RPPNMLOLQHKFFAI58EA,元段三小段,4.00,都市：商,1,1,全筆移轉,00690011
RPPNMLOLQHKFFAI58EA,元段三小段,33.00,都市：商,1,1,全筆移轉,00730000
RPPNMLOLQHKFFAI58EA,元段三小段,47.00,都市：商,1,1,全筆移轉,00740000
RPOOMLTLQHKFFAI88CA,港子坪段港坪小段,11.69,都市：商,10000,257,持分移轉,02160000
RPVNMLPLQHKFFAI09CA,榮段三小段,119.00,都市：商,1,1,全筆移轉,00220001
RPPNMLTLQHKFFAI88CA,盧厝段,317.00,都市：農,1,1,全筆移轉,01850007
RPXNMLLLQHKFFAI88CA,劉厝段,98.00,都市：住,1,1,全筆移轉,00270027
RPXNMLLLQHKFFAI88CA,劉厝段,22.00,都市：住,24,1,持分移轉,00270007
RPXNMLLLQHKFFAI88CA,劉厝段,.38,都市：住,24,1,持分移轉,00270046
RPVOMLNJRHKFFAI88CA,竹圍子段一小段,22.82,都市：住,10000,200,持分移轉,00030000
RPOOMLOJRHKFFAI28CA,大溪段,253.30,都市：住,6,1,持分移轉,07740000
RPOOMLOJRHKFFAI28CA,大溪段,4.85,都市：住,6,1,持分移轉,07840000
RPUNMLOJRHKFFAI78CA,頂庄段,31.20,都市：住,90000,1006,持分移轉,04200000
RPPOMLOJRHKFFAI38CA,大溪段,1266.50,都市：住,6,5,持分移轉,07740000
RPXNMLOJRHKFFAI09CA,大溪段,24.27,都市：住,6,5,持分移轉,07840000
RPVNMLOJRHKFFAI88CA,下路頭段,9.79,都市：住,10000,18,持分移轉,00970000
RPXNMLMKRHKFFAI98CA,竹圍子段,15.33,都市：住,3,1,持分移轉,00040001
RPRPMLNJRHKFFAI58CA,何庄段,84.07,都市：住,1,1,全筆移轉,08130019
RPRPMLNJRHKFFAI58CA,何庄段,18.85,都市：住,10000,309,持分移轉,08130024
RPRPMLNJRHKFFAI58CA,何庄段,.19,都市：農,30,1,持分移轉,08110001
RPQPMLNJRHKFFAI48CA,何庄段,83.32,都市：住,1,1,全筆移轉,08130020
RPQPMLNJRHKFFAI48CA,何庄段,18.85,都市：住,10000,309,持分移轉,08130024
RPQPMLNJRHKFFAI48CA,何庄段,.19,都市：農,30,1,持分移轉,08110001
RPUPMLNJRHKFFAI88CA,何庄段,80.97,都市：住,1,1,全筆移轉,08130016
RPUPMLNJRHKFFAI88CA,何庄段,18.85,都市：住,10000,309,持分移轉,08130024
RPUPMLNJRHKFFAI88CA,何庄段,.19,都市：農,30,1,持分移轉,08110001
RPTPMLNJRHKFFAI78CA,何庄段,83.19,都市：住,1,1,全筆移轉,08130017
RPTPMLNJRHKFFAI78CA,何庄段,18.85,都市：住,10000,309,持分移轉,08130024
RPTPMLNJRHKFFAI78CA,何庄段,.19,都市：農,30,1,持分移轉,08110001
RPSPMLNJRHKFFAI68CA,何庄段,84.70,都市：住,1,1,全筆移轉,08130018
RPSPMLNJRHKFFAI68CA,何庄段,18.85,都市：住,10000,309,持分移轉,08130024
RPSPMLNJRHKFFAI68CA,何庄段,.19,都市：農,30,1,持分移轉,08110001
RPOOMLLKRHKFFAI08CA,北園段,222.00,都市：住,1,1,全筆移轉,11380005
RPUNMLMJRHKFFAI78EA,竹圍子段二小段,22.88,都市：住,10000,66,持分移轉,01600000
RPTQMLNJRHKFFAI88CA,何庄段,81.27,都市：住,1,1,全筆移轉,08130008
RPTQMLNJRHKFFAI88CA,何庄段,18.85,都市：住,10000,309,持分移轉,08130024
RPTQMLNJRHKFFAI88CA,何庄段,.19,都市：農,30,1,持分移轉,08110001
RPWQMLNJRHKFFAI56CA,何庄段,68.59,都市：農,1,1,全筆移轉,08110002
RPWQMLNJRHKFFAI56CA,何庄段,124.67,都市：住,1,1,全筆移轉,08130032
RPWQMLNJRHKFFAI56CA,何庄段,18.85,都市：住,10000,309,持分移轉,08130024
RPWQMLNJRHKFFAI56CA,何庄段,.19,都市：農,30,1,持分移轉,08110001
RPRQMLNJRHKFFAI68CA,何庄段,81.07,都市：住,1,1,全筆移轉,08130010
RPRQMLNJRHKFFAI68CA,何庄段,18.85,都市：住,10000,309,持分移轉,08130024
RPRQMLNJRHKFFAI68CA,何庄段,.19,都市：農,30,1,持分移轉,08110001
RPQQMLNJRHKFFAI58CA,何庄段,80.97,都市：住,1,1,全筆移轉,08130011
RPQQMLNJRHKFFAI58CA,何庄段,18.85,都市：住,10000,309,持分移轉,08130024
RPQQMLNJRHKFFAI58CA,何庄段,.19,都市：農,30,1,持分移轉,08110001
RPSQMLNJRHKFFAI78CA,何庄段,81.17,都市：住,1,1,全筆移轉,08130009
RPSQMLNJRHKFFAI78CA,何庄段,18.85,都市：住,10000,309,持分移轉,08130024
RPSQMLNJRHKFFAI78CA,何庄段,.19,都市：農,30,1,持分移轉,08110001
RPVQMLNJRHKFFAI09CA,何庄段,100.40,都市：住,1,1,全筆移轉,08130002
RPVQMLNJRHKFFAI09CA,何庄段,18.85,都市：住,10000,309,持分移轉,08130024
RPVQMLNJRHKFFAI09CA,何庄段,.19,都市：農,30,1,持分移轉,08110001
RPPRMLNJRHKFFAI58CA,何庄段,18.85,都市：住,10000,309,持分移轉,08130024
RPPRMLNJRHKFFAI58CA,何庄段,114.58,都市：住,1,1,全筆移轉,08130029
RPPRMLNJRHKFFAI58CA,何庄段,.19,都市：農,30,1,持分移轉,08110001
RPQOMLRJRHKFFAI78CA,竹圍子段一小段,11.30,都市：住,10000,99,持分移轉,00030000
RPOQMLNJRHKFFAI38CA,何庄段,80.85,都市：住,1,1,全筆移轉,08130012
RPOQMLNJRHKFFAI38CA,何庄段,18.85,都市：住,10000,309,持分移轉,08130024
RPOQMLNJRHKFFAI38CA,何庄段,.19,都市：農,30,1,持分移轉,08110001
RPXPMLNJRHKFFAI56CA,何庄段,80.59,都市：住,1,1,全筆移轉,08130014
RPXPMLNJRHKFFAI56CA,何庄段,18.85,都市：住,10000,309,持分移轉,08130024
RPXPMLNJRHKFFAI56CA,何庄段,.19,都市：農,30,1,持分移轉,08110001
RPUNMLQLQHKFFAI09CA,短竹段,14.64,都市：住,50000,123,持分移轉,09120071
RPSNMLTLQHKFFAI56CA,劉厝段劉厝小段,13.66,都市：住,10000,141,持分移轉,03160004
RPXNMLQLQHKFFAI76CA,埤子頭段,50.00,都市：住,1,1,全筆移轉,03990010
RPWNMLTLQHKFFAI96CA,中山段一小段,68.00,都市：住,1,1,全筆移轉,00110024
RPTNMLQLQHKFFAI09DA,下路頭段,62.00,都市：住,1,1,全筆移轉,00960094
RPVNMLRLQHKFFAI86EA,西門段六小段,5.41,都市：商,10000,125,持分移轉,00160000
RPVNMLRLQHKFFAI86EA,西門段六小段,1.69,都市：商,10000,125,持分移轉,00160006
RPPNMLRLQHKFFAI78DA,竹圍子段,84.00,都市：住,1,1,全筆移轉,03670014
RPXNMLRLQHKFFAI96DA,西門段八小段,2.83,都市：住,10000,28,持分移轉,00230000
RPOOMLRLQHKFFAI78DA,西門段八小段,2.33,都市：住,10000,23,持分移轉,00230000
RPUNMLLMQHKFFAI68CA,北園段,72.00,都市：住,1,1,全筆移轉,13030000
RPUNMLSKRHKFFAI66CA,同興段,24.60,都市：住,10000,18,持分移轉,14350000
RPTNMLOKRHKFFAI78CA,下路頭段,12.00,都市：住,3,2,持分移轉,02890014
RPTNMLOKRHKFFAI78CA,下路頭段,4.00,都市：住,3,2,持分移轉,02890017
RPTNMLOKRHKFFAI78CA,下路頭段,32.00,都市：住,3,2,持分移轉,02890007
RPROMLOKRHKFFAI68CA,下埤段,53.53,都市：農,1,1,全筆移轉,05470000
RPROMLOKRHKFFAI68CA,下埤段,129.34,都市：農,1,1,全筆移轉,05480000
RPOPMLNJRHKFFAI28CA,下路頭段,24.29,都市：住,10000,83,持分移轉,00100076
RPXOMLNJRHKFFAI09CA,遠東段,13.06,都市：住,10000,14,持分移轉,00680007
RPPPMLNJRHKFFAI38CA,短竹段,27.98,都市：住,50000,235,持分移轉,09120071
RPTOMLNJRHKFFAI68CA,劉厝段玉山小段,135.34,都市：住,1,1,全筆移轉,02320000
RPPOMLNJRHKFFAI28CA,軍輝段,72.00,都市：住,1,1,全筆移轉,05200000
RPVNMLSLQHKFFAI76CA,盧厝段,10.86,都市：住,10000,20,持分移轉,02600004
RPTNMLTLQHKFFAI66CA,下路頭段,80.00,都市：住,1,1,全筆移轉,04300036
RPVNMLQLQHKFFAI56CA,太平段,18.50,都市：住,10000,23,持分移轉,00210000
RPOPMLLMQHKFFAI28CA,北社尾段,11.75,都市：住,10000,208,持分移轉,06530014
RPVOMLLMQHKFFAI88CA,盧厝段,625.00,都市：農,1,1,全筆移轉,04810008
RPQNMLLJRHKFFAI08CA,下路頭段,12.47,都市：住,300,17,持分移轉,01630000
RPQNMLLJRHKFFAI08CA,下路頭段,109.00,都市：住,1,1,全筆移轉,01630006
RPQNMLLJRHKFFAI08CA,下路頭段,2.00,都市：住,100,1,持分移轉,01640017
RPPOMLLJRHKFFAI08CA,興村段,22.55,都市：住,10000,203,持分移轉,01410007
RPPOMLLJRHKFFAI08CA,興村段,72.00,都市：住,1,1,全筆移轉,01410085
RPROMLLJRHKFFAI28CA,長竹段,60.00,都市：住,1,1,全筆移轉,03400000
RPSNMLSLQHKFFAI66EA,山下段,63.00,都市：住,1,1,全筆移轉,00890052
RPSNMLLMQHKFFAI68EA,太平段,9.65,都市：住,10000,12,持分移轉,00210000
RPTNMLSKRHKFFAI56CA,下路頭段,4.89,都市：住,10000,9,持分移轉,00970000
RPRNMLSKRHKFFAI98CA,同興段,20.50,都市：住,10000,15,持分移轉,14350000
RPRNMLRLQHKFFAI09EA,車店段,66.00,都市：住,1,1,全筆移轉,03980027
RPRNMLRLQHKFFAI09EA,車店段,25.00,都市：其他:,1,1,全筆移轉,03980101
RPURMLNJRHKFFAI09CA,何庄段,82.39,都市：住,1,1,全筆移轉,08130023
RPURMLNJRHKFFAI09CA,何庄段,18.85,都市：住,10000,309,持分移轉,08130024
RPURMLNJRHKFFAI09CA,何庄段,.19,都市：農,30,1,持分移轉,08110001
RPRRMLNJRHKFFAI78CA,何庄段,80.84,都市：住,1,1,全筆移轉,08130026
RPRRMLNJRHKFFAI78CA,何庄段,83.64,都市：住,1,1,全筆移轉,08130033
RPRRMLNJRHKFFAI78CA,何庄段,18.85,都市：住,10000,309,持分移轉,08130024
RPRRMLNJRHKFFAI78CA,何庄段,.19,都市：農,30,1,持分移轉,08110001
RPTNMLRLQHKFFAI56DA,下路頭段,96.00,都市：住,1,1,全筆移轉,07310005
RPTNMLRLQHKFFAI56DA,下路頭段,14.00,都市：其他:道路用地,2,1,持分移轉,07460007
RPTRMLNJRHKFFAI98CA,何庄段,18.85,都市：住,10000,309,持分移轉,08130024
RPTRMLNJRHKFFAI98CA,何庄段,85.30,都市：住,1,1,全筆移轉,08130025
RPTRMLNJRHKFFAI98CA,何庄段,.19,都市：農,30,1,持分移轉,08110001
RPSNMLOJRHKFFAI78EA,白川段,58.00,都市：住,1,1,全筆移轉,00830053
RPSNMLOJRHKFFAI78EA,白川段,1.00,都市：其他:,1,1,全筆移轉,00830157
RPWRMLNJRHKFFAI66CA,何庄段,92.00,都市：住,1,1,全筆移轉,08130003
RPWRMLNJRHKFFAI66CA,何庄段,18.85,都市：住,10000,309,持分移轉,08130024
RPWRMLNJRHKFFAI66CA,何庄段,.19,都市：農,30,1,持分移轉,08110001
RPVRMLNJRHKFFAI56CA,何庄段,83.90,都市：住,1,1,全筆移轉,08130022
RPVRMLNJRHKFFAI56CA,何庄段,18.85,都市：住,10000,309,持分移轉,08130024
RPVRMLNJRHKFFAI56CA,何庄段,.19,都市：農,30,1,持分移轉,08110001
RPQRMLNJRHKFFAI68CA,何庄段,109.52,都市：住,1,1,全筆移轉,08130027
RPQRMLNJRHKFFAI68CA,何庄段,18.85,都市：住,10000,309,持分移轉,08130024
RPQRMLNJRHKFFAI68CA,何庄段,.19,都市：住,30,1,持分移轉,08110001
RPWNMLMJRHKFFAI98EA,中庄段,81.00,都市：住,1,1,全筆移轉,01200000
RPTNMLLJRHKFFAI38CA,崎頂段,290.63,都市：農,16800,105,持分移轉,00090000
RPWNMLNJRHKFFAI88CA,盧厝段,71.00,都市：住,1,1,全筆移轉,04190110
RPWNMLSLQHKFFAI86CA,玉川段,48.00,都市：住,1,1,全筆移轉,00220075
RPWNMLSLQHKFFAI86CA,玉川段,4.00,都市：住,1,1,全筆移轉,00220080
RPSNMLKKRHKFFAI28CA,中庄段,8.00,都市：住,1,1,全筆移轉,09940000
SPXNMLMJRHKFFAI98CA,埤子頭段,11.28,都市：住,10000,31,持分移轉,03120000
RPTNMLSJRHKFFAI09CA,港子坪段港坪小段,19.57,都市：住,10000,97,持分移轉,02320000
RPUNMLSLQHKFFAI66CA,埤子頭段,22.00,都市：其他:公共設施保留地,2,1,持分移轉,04190068
RPWPMLNJRHKFFAI09CA,北社尾段,2.00,都市：住,1,1,全筆移轉,04660126
RPWPMLNJRHKFFAI09CA,北社尾段,87.00,都市：住,1,1,全筆移轉,04810039
RPQOMLOJRHKFFAI48CA,竹圍子段,9.15,都市：住,10000,62,持分移轉,02240000
RPWNMLLMQHKFFAI88CA,竹圍子段二小段,20.41,都市：住,10000,125,持分移轉,02530000
RPPOMLTLQHKFFAI98CA,育人段,130.21,都市：住,1,1,全筆移轉,05760001
RPQOMLTLQHKFFAI09CA,大溪厝段,27.35,都市：住,10000,2399,持分移轉,00010159
RPQOMLTLQHKFFAI09CA,大溪厝段,57.00,都市：住,1,1,全筆移轉,00010162
RPPNMLLMQHKFFAI18CA,山下段,78.00,都市：住,1,1,全筆移轉,00170037
RPQNMLLMQHKFFAI28CA,短竹段,211.00,都市：其他:,1,1,全筆移轉,02440002
RPQNMLLMQHKFFAI28CA,短竹段,3.55,都市：其他:,42,1,持分移轉,02440003
RPQNMLLMQHKFFAI28CA,短竹段,35.24,都市：其他:,42,1,持分移轉,02450012
RPQNMLLMQHKFFAI28CA,短竹段,2.31,都市：其他:,42,1,持分移轉,02450032
RPQNMLLMQHKFFAI28CA,短竹段,.38,都市：其他:,42,1,持分移轉,02450048
RPTNMLLMQHKFFAI58CA,盧厝段,49.42,都市：住,100000,211,持分移轉,03020000
RPSNMLLJRHKFFAI28CA,遠東段,32.00,都市：工,1,1,全筆移轉,06540000
RPSNMLLJRHKFFAI28CA,遠東段,32.00,都市：工,1,1,全筆移轉,06540001
RPSNMLLJRHKFFAI28CA,遠東段,8.00,都市：工,1,1,全筆移轉,06540002
RPVPMLNJRHKFFAI98CA,何庄段,80.47,都市：住,1,1,全筆移轉,08130015
RPVPMLNJRHKFFAI98CA,何庄段,18.85,都市：住,10000,309,持分移轉,08130024
RPVPMLNJRHKFFAI98CA,何庄段,.19,都市：農,30,1,持分移轉,08110001
RPSNMLRKRHKFFAI98CA,下路頭段,32.00,都市：住,1,1,全筆移轉,00810029
RPSNMLRKRHKFFAI98CA,下路頭段,49.00,都市：住,1,1,全筆移轉,00810032
RPUQMLNJRHKFFAI98CA,何庄段,81.36,都市：住,1,1,全筆移轉,08130005
RPUQMLNJRHKFFAI98CA,何庄段,18.85,都市：住,10000,309,持分移轉,08130024
RPUQMLNJRHKFFAI98CA,何庄段,.19,都市：農,30,1,持分移轉,08110001
RPOOMLNLRHKFFAI38CA,劉厝段劉厝小段,13.66,都市：住,10000,141,持分移轉,03160004
RPPNMLKMQHKFFAI18DA,竹圍子段,31.70,都市：住,10000,429,持分移轉,02390041
RPPOMLLMQHKFFAI48EA,盧厝段,56.00,都市：住,1,1,全筆移轉,03070076
RPUNMLLJRHKFFAI68EA,下路頭段,29.29,都市：住,10000,181,持分移轉,04350021
RPVNMLMJRHKFFAI88EA,竹圍子段,17.42,都市：住,10000,63,持分移轉,02450006
RPXNMLLJRHKFFAI98EA,下路頭段,76.00,都市：住,1,1,全筆移轉,00960063
RPPOMLLKRHKFFAI18CA,下路頭段,17.44,都市：住,10000,101,持分移轉,05650007
RPSNMLSKRHKFFAI09CA,竹圍子段,63.00,都市：住,1,1,全筆移轉,01760016
RPSNMLMKRHKFFAI48CA,長竹段,8.33,都市：住,10000,123,持分移轉,10540000
RPUNMLMKRHKFFAI68CA,北社尾段,16.54,都市：住,10000,36,持分移轉,07120001
RPTNMLOLRHKFFAI88CA,湖內段,11.55,都市：住,10000,91,持分移轉,03160000
RPUNMLRKRHKFFAI56CA,車店段車店小段,29.50,都市：住,202800,2950,持分移轉,08100000
SPVNMLMKRHKFFAI88CA,太平段,18.50,都市：住,10000,23,持分移轉,00210000
RPSRMLNJRHKFFAI88CA,何庄段,84.18,都市：住,1,1,全筆移轉,08130000
RPSRMLNJRHKFFAI88CA,何庄段,18.85,都市：住,10000,309,持分移轉,08130024
RPSRMLNJRHKFFAI88CA,何庄段,.19,都市：農,30,1,持分移轉,08110001
RPUNMLSJRHKFFAI56CA,北園段,55.10,都市：住,48,1,持分移轉,16910000
RPUNMLSJRHKFFAI56CA,北園段,10.02,都市：住,48,1,持分移轉,16960000
RPUNMLSJRHKFFAI56CA,北湖段,15.44,都市：住,48,1,持分移轉,04210000
RPSNMLLKRHKFFAI38CA,長竹段,60.00,都市：住,1,1,全筆移轉,03530000
RPUOMLNJRHKFFAI78CA,溪東段,688.18,都市：農,1,1,全筆移轉,03820000
RPPNMLKKRHKFFAI97CA,檜段六小段,108.00,都市：商,1,1,全筆移轉,00140012
RPOOMLMJRHKFFAI08CA,後庄段,110.00,都市：住,1,1,全筆移轉,10640006
RPTNMLMJRHKFFAI48CA,港子坪段港坪小段,12.75,都市：住,24,1,持分移轉,00220000
RPTNMLMJRHKFFAI48CA,港子坪段港坪小段,21.00,都市：住,24,1,持分移轉,00230000
RPQNMLMJRHKFFAI18CA,竹圍子段,4.50,都市：住,2,1,持分移轉,01250123
RPRNMLMJRHKFFAI28CA,北社尾段保安小段,209.00,都市：住,1,1,全筆移轉,06750001
RPSNMLMJRHKFFAI38CA,短竹段,6.91,都市：住,50000,58,持分移轉,09120071
SPQOMLTJRHKFFAI09CA,下路頭段,112.00,都市：住,1,1,全筆移轉,04140023
SPQOMLTJRHKFFAI09CA,下路頭段,2.80,都市：住,5,1,持分移轉,04140028
RPRNMLOJRHKFFAI48CA,北社尾段保安小段,15.85,都市：住,10000,110,持分移轉,01980000
RPWNMLLLRHKFFAI88CA,埤子頭段新厝小段,116.00,都市：住,1,1,全筆移轉,03020000
RPQOMLNJRHKFFAI58EA,短竹段,3.59,都市：住,20000,35,持分移轉,09120070
RPRNMLRJRHKFFAI98EA,中庄段,47.00,都市：住,1,1,全筆移轉,03730016
RPRNMLRJRHKFFAI98EA,中庄段,58.00,都市：住,1,1,全筆移轉,03780012
RPSNMLRJRHKFFAI09EA,中庄段,54.00,都市：住,1,1,全筆移轉,03730015
RPSNMLRJRHKFFAI09EA,中庄段,53.00,都市：住,1,1,全筆移轉,03780011
RPRNMLSJRHKFFAI09EA,軍輝段,88.00,都市：住,1,1,全筆移轉,04060000
RPTNMLOJRHKFFAI88EA,後庄段,95.75,都市：農,8,2,持分移轉,11450000
RPTNMLOJRHKFFAI88EA,後庄段,.25,都市：農,8,2,持分移轉,11450001
RPTNMLOJRHKFFAI88EA,後庄段,13.00,都市：農,8,2,持分移轉,11450002
RPSNMLNLRHKFFAI68CA,太平段,18.50,都市：住,10000,23,持分移轉,00210000
RPXNMLLKRHKFFAI88CA,遠東段,14.00,都市：住,10000,15,持分移轉,00680007
RPSNMLMLRHKFFAI78EA,中山段五小段,10.00,都市：其他:,3356,40,持分移轉,00150003
RPXNMLKMRHKFFAI98CA,車店段,73.00,都市：住,1,1,全筆移轉,04750025
RPSNMLQJRHKFFAI78CA,北社尾段保安小段,106.00,都市：住,1,1,全筆移轉,06530004
RPPQMLNJRHKFFAI48CA,興村段,73.00,都市：住,1,1,全筆移轉,01150097
RPPQMLNJRHKFFAI48CA,興村段,30.52,都市：住,129800,3052,持分移轉,01150137
RPTNMLQJRHKFFAI88CA,北社尾段保安小段,145.00,都市：住,1,1,全筆移轉,06530000
RPUNMLQJRHKFFAI98CA,北社尾段保安小段,120.00,都市：住,1,1,全筆移轉,06530003
RPVNMLQJRHKFFAI09CA,北社尾段保安小段,120.00,都市：住,1,1,全筆移轉,06530002
RPPNMLRJRHKFFAI58CA,頂庄段,23.00,都市：住,2,1,持分移轉,02570005
RPPNMLRJRHKFFAI58CA,頂庄段,11.50,都市：住,2,1,持分移轉,02590000
RPPNMLRJRHKFFAI58CA,頂庄段,2.00,都市：住,2,1,持分移轉,02600003
RPVNMLRJRHKFFAI56CA,檜段四小段,122.00,都市：商,1,1,全筆移轉,00580004
RPRNMLNJRHKFFAI38CA,頂庄段,179.00,都市：住,1,1,全筆移轉,05570000
RPRNMLNJRHKFFAI38CA,頂庄段,42.50,都市：住,4,1,持分移轉,05570014
RPROMLRJRHKFFAI88CA,山下段,12.00,都市：其他:,1,1,全筆移轉,00170026
RPROMLRJRHKFFAI88CA,長竹段,56.00,都市：住,1,1,全筆移轉,11250000
RPROMLOJRHKFFAI58CA,東門段六小段,47.00,都市：住,1,1,全筆移轉,00350004
RPSOMLOJRHKFFAI68CA,盧厝段,774.00,都市：農,1,1,全筆移轉,00770011
RPPNMLQJRHKFFAI48CA,何庄段,80.72,都市：住,1,1,全筆移轉,08130013
RPPNMLQJRHKFFAI48CA,何庄段,18.85,都市：住,10000,309,持分移轉,08130024
RPPNMLQJRHKFFAI48CA,何庄段,.19,都市：農,30,1,持分移轉,08110001
RPRNMLQJRHKFFAI68CA,何庄段,81.47,都市：住,1,1,全筆移轉,08130006
RPRNMLQJRHKFFAI68CA,何庄段,18.85,都市：住,10000,309,持分移轉,08130024
RPRNMLQJRHKFFAI68CA,何庄段,.19,都市：農,30,1,持分移轉,08110001
RPQNMLQJRHKFFAI58CA,何庄段,81.37,都市：住,1,1,全筆移轉,08130007
RPQNMLQJRHKFFAI58CA,何庄段,18.85,都市：住,10000,309,持分移轉,08130024
RPQNMLQJRHKFFAI58CA,何庄段,.19,都市：農,30,1,持分移轉,08110001
RPQNMLOJRHKFFAI38CA,新富段四小段,3.82,都市：商,10000,7,持分移轉,00080000
RPPNMLRKRHKFFAI68CA,興村段,22.55,都市：住,10000,203,持分移轉,01410007
RPPNMLRKRHKFFAI68CA,興村段,68.00,都市：住,1,1,全筆移轉,01410081
RPQNMLMLRHKFFAI38CA,西門段七小段,1225.00,都市：商,1,1,全筆移轉,00250002
RPQNMLMKRHKFFAI28CA,遠東段,16.80,都市：住,10000,18,持分移轉,00680007
RPQNMLKMRHKFFAI28CA,台斗坑段,26.15,都市：住,10000,102,持分移轉,03240005
RPQNMLKMRHKFFAI28CA,台斗坑段,.02,都市：住,10000,102,持分移轉,03240010
RPPNMLMKRHKFFAI18CA,北園段,1749.00,都市：農,1,1,全筆移轉,02430002
RPPNMLMKRHKFFAI18CA,北園段,1749.00,都市：農,1,1,全筆移轉,02430003
RPPNMLMKRHKFFAI18CA,北園段,297.08,都市：農,11433,3498,持分移轉,02430006
RPQOMLLKRHKFFAI28CA,育人段,19.90,都市：住,29,1,持分移轉,03450023
RPQOMLLKRHKFFAI28CA,育人段,58.61,都市：住,1,1,全筆移轉,03450027
RPROMLOJRHKFFAI78EA,竹圍子段,13.67,都市：住,10000,185,持分移轉,02390041
RPPOMLOJRHKFFAI58EA,下路頭段,54.00,都市：住,1,1,全筆移轉,00020117
RPPNMLSJRHKFFAI88EA,民族段二小段,59.00,都市：住,1,1,全筆移轉,00240100
RPUNMLKKRHKFFAI68EA,中山段六小段,62.00,都市：住,1,1,全筆移轉,00100001
RPUNMLKKRHKFFAI68EA,中山段六小段,67.00,都市：住,1,1,全筆移轉,00100002
RPQNMLNLRHKFFAI68EA,興村段,65.00,都市：住,1,1,全筆移轉,06200000
RPROMLKMRHKFFAI48CA,頂庄段,480.00,都市：住,1,1,全筆移轉,06580000
RPROMLKMRHKFFAI48CA,頂庄段,1273.00,都市：農,1,1,全筆移轉,06580001
RPROMLKMRHKFFAI48CA,頂庄段,804.00,都市：農,1,1,全筆移轉,06580003
RPROMLKMRHKFFAI48CA,頂庄段,1.00,都市：住,1,1,全筆移轉,06580004
RPROMLKMRHKFFAI48CA,頂庄段,4.00,都市：住,1,1,全筆移轉,06580005
RPROMLKMRHKFFAI48CA,頂庄段,2.00,都市：住,1,1,全筆移轉,06580006
RPROMLKMRHKFFAI48CA,頂庄段,3.00,都市：住,1,1,全筆移轉,06580007
RPROMLKMRHKFFAI48CA,頂庄段,918.00,都市：住,1,1,全筆移轉,06580008
RPTNMLPLRHKFFAI98CA,港子坪段,66.00,都市：其他:乙種工業區,1,1,全筆移轉,02220050
RPUNMLOKRHKFFAI88CA,台斗坑段,13.00,都市：住,1,1,全筆移轉,01310012
RPUNMLOKRHKFFAI88CA,台斗坑段,19.00,都市：住,1,1,全筆移轉,01310095
RPUNMLOKRHKFFAI88CA,台斗坑段,48.00,都市：住,1,1,全筆移轉,01310114
RPTNMLNLRHKFFAI78CA,白川段,175.00,都市：住,1,1,全筆移轉,00390142
RPTNMLNLRHKFFAI78CA,白川段,35.70,都市：住,100000,8880,持分移轉,00390144
RPUNMLNLRHKFFAI88CA,白川段,150.00,都市：住,1,1,全筆移轉,00390140
RPUNMLNLRHKFFAI88CA,白川段,30.60,都市：住,100000,7611,持分移轉,00390144
RPRNMLNLRHKFFAI58CA,白川段,111.00,都市：住,1,1,全筆移轉,00390135
RPRNMLNLRHKFFAI58CA,白川段,22.69,都市：住,100000,5644,持分移轉,00390144
RPOOMLOKRHKFFAI38CA,堀川段,25.08,都市：住,10000,286,持分移轉,00220010
RPRNMLMKRHKFFAI38CA,末廣段一小段,8.50,都市：住,1000,18,持分移轉,00070000
RPTNMLMKRHKFFAI58CA,白川段,34.83,都市：住,100000,707,持分移轉,00160007
RPRNMLOKRHKFFAI58CA,下路頭段,71.00,都市：住,1,1,全筆移轉,04290180
RPQNMLTJRHKFFAI88CA,車店段車店小段,132.00,都市：住,1,1,全筆移轉,06260003
RPRNMLTJRHKFFAI98CA,大溪厝段,28.29,都市：住,10000,2482,持分移轉,00010159
RPRNMLTJRHKFFAI98CA,大溪厝段,56.00,都市：住,1,1,全筆移轉,00010163
RPXNMLOKRHKFFAI76EA,西門段一小段,18.25,都市：商,4,1,持分移轉,01370000
RPTNMLTJRHKFFAI56CA,白川段,35.57,都市：住,100000,725,持分移轉,00310000
RPUNMLTJRHKFFAI66CA,白川段,36.76,都市：住,100000,743,持分移轉,00260000
RPRNMLKKRHKFFAI18CA,劉厝段劉厝小段,64.00,都市：住,1,1,全筆移轉,03200030
RPXNMLTJRHKFFAI96CA,何庄段,13.94,都市：農,2,1,持分移轉,04680000
RPXNMLTJRHKFFAI96CA,何庄段,178.10,都市：農,2,1,持分移轉,05650000
RPXNMLTJRHKFFAI96CA,何庄段,46.82,都市：農,2,1,持分移轉,05700000
RPVNMLKKRHKFFAI58CA,埤子頭段,42.00,都市：住,1,1,全筆移轉,03830034
RPVNMLKKRHKFFAI58CA,埤子頭段,8.00,都市：住,1,1,全筆移轉,03830055
RPQNMLLKRHKFFAI18CA,榮段三小段,87.00,都市：商,1,1,全筆移轉,00010007
RPVNMLOLRHKFFAI09CA,檜段四小段,2.66,都市：商,10000,76,持分移轉,00020000
RPWNMLKMRHKFFAI88CA,同興段,205.67,都市：工,3,1,持分移轉,10680000
RPWNMLKMRHKFFAI88CA,同興段,205.67,都市：工,3,1,持分移轉,10680000
RPWNMLKMRHKFFAI88CA,同興段,205.67,都市：工,3,1,持分移轉,10680000
RPWNMLKMRHKFFAI88CA,同興段,13.33,都市：工,3,1,持分移轉,10690000
RPWNMLKMRHKFFAI88CA,同興段,13.33,都市：工,3,1,持分移轉,10690000
RPWNMLKMRHKFFAI88CA,同興段,13.33,都市：工,3,1,持分移轉,10690000
RPQNMLLJIIKFFAI27CA,竹圍子段,41.00,都市：住,1,1,全筆移轉,02440017
RPVNMLLJIIKFFAI77CA,後庄段,86.00,都市：住,1,1,全筆移轉,05020000
RPWOMLKMRHKFFAI98CA,下路頭段,11.00,都市：住,1,1,全筆移轉,00950135
RPWOMLKMRHKFFAI98CA,下路頭段,32.00,都市：住,1,1,全筆移轉,00950138
RPWOMLKMRHKFFAI98CA,下路頭段,1.00,都市：其他:,1,1,全筆移轉,00950161
RPWOMLKMRHKFFAI98CA,下路頭段,34.00,都市：其他:,1,1,全筆移轉,00950180
RPUOMLKMRHKFFAI78CA,新厝段,60.00,都市：住,1,1,全筆移轉,02340000
RPUOMLKMRHKFFAI78CA,新厝段,8.00,都市：住,1,1,全筆移轉,02340001
RPVOMLKMRHKFFAI88CA,下路頭段,11.00,都市：其他:,342,11,持分移轉,01010002
RPVOMLKMRHKFFAI88CA,下路頭段,93.00,都市：住,1,1,全筆移轉,01010030
RPSOMLKMRHKFFAI58CA,興村段,112.00,都市：其他:,1,1,全筆移轉,03770001
RPWNMLMKRHKFFAI88CA,車店段,15.40,都市：住,17290,154,持分移轉,03280001
RPWNMLMKRHKFFAI88CA,車店段,.52,都市：住,10000,89,持分移轉,03280124
RPWNMLOLRHKFFAI56CA,同興段,133.00,都市：住,1,1,全筆移轉,03880000
RPTOMLKMRHKFFAI68CA,興村段,905.00,都市：農,1,1,全筆移轉,03770000
RPTOMLKMRHKFFAI68CA,興村段,39.00,都市：其他:,1,1,全筆移轉,03770002
RPTOMLKMRHKFFAI68CA,興村段,189.00,都市：其他:,1,1,全筆移轉,03780000
RPSNMLKMRHKFFAI48CA,西門段四小段,29.94,都市：住,10000,300,持分移轉,00800000
RPUNMLOLRHKFFAI98CA,港子坪段,5.78,都市：住,10000,40,持分移轉,02030005
RPVNMLQKRHKFFAI56CA,湖內段,20.53,都市：商,27700,206,持分移轉,03180000
RPPOMLOKRHKFFAI48CA,太平段,159.00,都市：住,1,1,全筆移轉,00570008
RPPOMLOKRHKFFAI48CA,太平段,30.00,都市：其他:,1,1,全筆移轉,00570021
RPSNMLOKRHKFFAI68CA,東川段,145.00,都市：住,1,1,全筆移轉,11640000
RPVNMLMJIIKFFAI87CA,遠東段,14.93,都市：住,10000,16,持分移轉,00680007
RPWNMLLKRHKFFAI78CA,湖內段,69.00,都市：住,1,1,全筆移轉,10980012
RPQNMLQKRHKFFAI68CA,遠東段,24.00,都市：工,1,1,全筆移轉,06540004
RPSNMLPKRHKFFAI78CA,竹圍子段三小段,32.53,都市：住,10000,464,持分移轉,00700000
RPPNMLQKRHKFFAI58CA,遠東段,31.00,都市：工,1,1,全筆移轉,06540003
RPVNMLPLRHKFFAI56CA,玉川段,2.86,都市：住,7,1,持分移轉,00350058
RPVNMLPLRHKFFAI56CA,玉川段,21.83,都市：住,6,1,持分移轉,00350059
RPVNMLPLRHKFFAI56CA,玉川段,74.00,都市：住,1,1,全筆移轉,00350060
RPRNMLLJIIKFFAI37CA,短竹段,4.76,都市：住,50000,40,持分移轉,09120071
RPQNMLOLRHKFFAI58CA,北門段三小段,202.00,都市：住,1,1,全筆移轉,00180001
RPUNMLLKRHKFFAI78EA,下路頭段,46.00,都市：住,1,1,全筆移轉,08310056
RPUNMLLKRHKFFAI78EA,下路頭段,51.00,都市：住,1,1,全筆移轉,08350005
RPPNMLOKRHKFFAI58EA,竹圍子段,76.00,都市：住,1,1,全筆移轉,02500006
RPPNMLOKRHKFFAI58EA,竹圍子段,12.57,都市：住,28,4,持分移轉,02500043
RPPNMLPKRHKFFAI68EA,興村段,.97,都市：農,78,4,持分移轉,03850002
RPPNMLPKRHKFFAI68EA,興村段,1.23,都市：農,78,4,持分移轉,03850003
RPTNMLLKRHKFFAI58DA,何庄段,251.27,都市：農,1,1,全筆移轉,06350000
RPTNMLLKRHKFFAI58DA,何庄段,336.44,都市：農,1,1,全筆移轉,06360000
RPTNMLLKRHKFFAI58DA,何庄段,1845.50,都市：農,1,1,全筆移轉,06370000
RPQNMLPKRHKFFAI78EA,埤子頭段新厝小段,103.00,都市：住,118,103,持分移轉,01070003
RPVNMLLKRHKFFAI88EA,太平段,32.36,都市：住,10000,121,持分移轉,00620000
RPPOMLLJIIKFFAI27CA,埤子頭段,30.00,都市：住,4,1,持分移轉,04010118
RPPOMLLJIIKFFAI27CA,埤子頭段,16.00,都市：住,1,1,全筆移轉,04010260
RPWNMLLJIIKFFAI87CA,車店段車店小段,211.00,都市：住,1,1,全筆移轉,10350000
RPQOMLLJIIKFFAI37CA,埤子頭段,30.00,都市：住,4,1,持分移轉,04010118
RPRNMLNJIIKFFAI57CA,下路頭段,21.65,都市：住,100,5,持分移轉,02960053
RPRNMLNJIIKFFAI57CA,下路頭段,13.05,都市：住,100,5,持分移轉,02980002
RPUNMLPLRHKFFAI09CA,下路頭段,7.07,都市：住,10000,13,持分移轉,00970000
RPRNMLSJIIKFFAI08CA,盧厝段,21.77,都市：住,10000,85,持分移轉,02550010
RPQNMLOKRHKFFAI48CA,短竹段,4.21,都市：住,20000,41,持分移轉,09120070
RPTOMLOKRHKFFAI88CA,何庄段,18.85,都市：住,10000,309,持分移轉,08130024
RPTOMLOKRHKFFAI88CA,何庄段,114.69,都市：住,1,1,全筆移轉,08130030
RPTOMLOKRHKFFAI88CA,何庄段,.19,都市：農,30,1,持分移轉,08110001
RPUOMLOKRHKFFAI98CA,北社尾段保安小段,89.00,都市：住,1,1,全筆移轉,06530005
RPRNMLPKRHKFFAI68CA,車店段,34.51,都市：住,100000,293,持分移轉,00620000
RPRNMLPKRHKFFAI68CA,白川段,3.27,都市：住,100000,293,持分移轉,00270000
RPXQMLNJRHKFFAI66CA,何庄段,18.85,都市：住,10000,309,持分移轉,08130024
RPXQMLNJRHKFFAI66CA,何庄段,107.55,都市：住,1,1,全筆移轉,08130031
RPXQMLNJRHKFFAI66CA,何庄段,.19,都市：農,30,1,持分移轉,08110001
RPORMLNJRHKFFAI48CA,何庄段,111.91,都市：住,1,1,全筆移轉,08130028
RPORMLNJRHKFFAI48CA,何庄段,18.85,都市：住,10000,309,持分移轉,08130024
RPORMLNJRHKFFAI48CA,何庄段,.19,都市：農,30,1,持分移轉,08110001
RPTNMLPKRHKFFAI88CA,下路頭段,.93,都市：住,14,1,持分移轉,04770118
RPTNMLPKRHKFFAI88CA,下路頭段,6.43,都市：住,14,1,持分移轉,04770122
RPUNMLPKRHKFFAI98CA,車店段,25.33,都市：住,100000,889,持分移轉,00860013
RPUNMLPKRHKFFAI98CA,白川段,4.27,都市：住,100000,889,持分移轉,00800005
RPXNMLLLRHKFFAI98CA,短竹段,4.76,都市：住,50000,40,持分移轉,09120071
RPPNMLMLRHKFFAI28CA,末廣段五小段,67.00,都市：商,42500,6700,持分移轉,00090005
RPQNMLPLRHKFFAI68CA,同興段,15.03,都市：住,10000,11,持分移轉,14350000
RPWNMLPLRHKFFAI66CA,車店段,26.98,都市：住,100000,857,持分移轉,00880000
RPWNMLPLRHKFFAI66CA,白川段,4.29,都市：住,100000,857,持分移轉,00320001
RPPNMLLJIIKFFAI17CA,竹圍子段二小段,3.91,都市：商,10000,217,持分移轉,00520000
RPPNMLNJIIKFFAI37CA,下路頭段,81.00,都市：住,1,1,全筆移轉,00990035
RPQNMLNJIIKFFAI47CA,劉厝段劉厝小段,6.76,都市：商,10000,70,持分移轉,03160002
RPQOMLSKRHKFFAI98CA,港子坪段港坪小段,5.70,都市：商,9990,57,持分移轉,02270000
RPVNMLSKRHKFFAI76CA,北社尾段,14.24,都市：住,10000,31,持分移轉,07120001
RPTNMLQKRHKFFAI56EA,盧東段,3390.67,都市：農,1,1,全筆移轉,09200001
RPUNMLQKRHKFFAI66EA,盧東段,1695.16,都市：農,2,1,持分移轉,09200000
RPQOMLOKRHKFFAI78EA,盧厝段,.45,都市：住,42,1,持分移轉,04080003
RPQOMLOKRHKFFAI78EA,盧厝段,.33,都市：住,42,1,持分移轉,04080004
RPQOMLOKRHKFFAI78EA,盧厝段,108.00,都市：住,1,1,全筆移轉,04080028
RPQOMLOKRHKFFAI78EA,盧厝段,18.38,都市：住,8,1,持分移轉,04080029
RPQOMLOKRHKFFAI78EA,盧厝段,13.50,都市：住,14,1,持分移轉,04080036
RPQOMLOKRHKFFAI78EA,盧厝段,11.39,都市：住,46,1,持分移轉,04080037
RPQOMLOKRHKFFAI78EA,盧厝段,4.27,都市：住,48,1,持分移轉,04080038
RPQOMLOKRHKFFAI78EA,盧厝段,.40,都市：住,48,1,持分移轉,04080039
RPQOMLOKRHKFFAI78EA,盧厝段,.17,都市：住,48,1,持分移轉,04080040
RPSNMLSJIIKFFAI18CA,盧厝段,6.52,都市：住,10000,12,持分移轉,02600004
RPPOMLSKRHKFFAI88CA,竹圍子段二小段,11.63,都市：住,10000,28,持分移轉,01120000
RPQNMLTLRHKFFAI09CA,北社尾段保安小段,213.00,都市：住,1,1,全筆移轉,06220000
RPRNMLSLRHKFFAI09CA,遠東段,85.00,都市：住,1,1,全筆移轉,00080009
RPSNMLSLRHKFFAI56CA,車店段,26.40,都市：住,12000,133,持分移轉,03750000
RPSNMLSLRHKFFAI56CA,車店段,1.61,都市：住,12000,133,持分移轉,03850012
RPRNMLTLRHKFFAI56CA,北社尾段保安小段,70.00,都市：住,1,1,全筆移轉,06220001
RPVNMLRKRHKFFAI66CA,育人段,23.69,都市：住,10000,1117,持分移轉,02610021
RPVNMLRKRHKFFAI66CA,育人段,83.73,都市：住,1,1,全筆移轉,02610027
RPVNMLRKRHKFFAI66CA,育人段,.09,都市：住,10,1,持分移轉,02610028
RPQNMLLLRHKFFAI28CA,港子坪段港坪小段,208.00,都市：住,1,1,全筆移轉,02970000
RPQNMLLLRHKFFAI28CA,港子坪段港坪小段,209.00,都市：住,1,1,全筆移轉,02970001
RPWNMLMJIIKFFAI97CA,西門段七小段,133.00,都市：商,1,1,全筆移轉,00640004
RPWNMLRKRHKFFAI76CA,育人段,83.21,都市：住,1,1,全筆移轉,02610017
RPWNMLRKRHKFFAI76CA,育人段,23.69,都市：住,10000,1117,持分移轉,02610021
RPWNMLRKRHKFFAI76CA,育人段,.09,都市：住,10,1,持分移轉,02610028
RPSNMLMJIIKFFAI57CA,台斗坑段,28.00,都市：住,2551,28,持分移轉,03240007
RPPNMLTLRHKFFAI98CA,港子坪段,61.00,都市：住,1,1,全筆移轉,02260140
RPQNMLRKRHKFFAI98EA,劉厝段劉厝小段,13.72,都市：住,10000,87,持分移轉,03110000
RPQNMLRKRHKFFAI98EA,劉厝段劉厝小段,.51,都市：住,10000,87,持分移轉,03110040
RPQNMLRKRHKFFAI98EA,劉厝段劉厝小段,4.30,都市：住,10000,87,持分移轉,03120011
RPPNMLSKRHKFFAI98EA,中庄段,70.00,都市：住,1,1,全筆移轉,03730005
RPPNMLSKRHKFFAI98EA,中庄段,24.00,都市：住,1,1,全筆移轉,03780008
RPQNMLSKRHKFFAI09EA,中庄段,91.00,都市：住,1,1,全筆移轉,03730006
RPQNMLSKRHKFFAI09EA,中庄段,1.00,都市：住,1,1,全筆移轉,03780009
RPRNMLRKRHKFFAI09EA,盧厝段,230.00,都市：住,1,1,全筆移轉,03060009
SPTOMLLJIIKFFAI77CA,台斗坑段,23.39,都市：住,1000,16,持分移轉,03270000
RPQOMLKMRHKFFAI38CA,新富段一小段,.28,都市：商,5950,78,持分移轉,00080000
RPQOMLKMRHKFFAI38CA,南門段七小段,7.52,都市：商,5950,78,持分移轉,00100000
RPSNMLTLRHKFFAI66CA,埤子頭段新厝小段,23.99,都市：住,12000,253,持分移轉,04030000
RPPNMLQLRHKFFAI68CA,湖內段,14.81,都市：住,51200,1481,持分移轉,03500000
RPQNMLQLRHKFFAI78CA,下路頭段,1.93,都市：住,10000,165,持分移轉,02990145
RPQNMLQLRHKFFAI78CA,下路頭段,1.56,都市：住,10000,117,持分移轉,02990146
RPQNMLQLRHKFFAI78CA,下路頭段,17.97,都市：住,10000,234,持分移轉,02990147
RPTNMLRJIIKFFAI38EA,下路頭段,110.00,都市：住,1,1,全筆移轉,04270003
RPVNMLNKIIKFFAI08CA,檜段三小段,78.00,都市：住,1,1,全筆移轉,00210004
RPROMLSKRHKFFAI09CA,北社尾段,14.24,都市：住,10000,31,持分移轉,07120001
RPUOMLSKRHKFFAI76CA,同興段,15.03,都市：住,10000,11,持分移轉,14350000
RPSOMLSKRHKFFAI56CA,港子坪段港坪小段,16.74,都市：住,1000,18,持分移轉,01590000
RPPNMLLLRHKFFAI18CA,堀川段,101.00,都市：住,1,1,全筆移轉,00250021
RPTOMLSKRHKFFAI66CA,竹圍子段二小段,24.53,都市：住,10000,80,持分移轉,01140000
RPSNMLPLRHKFFAI88CA,興村段,22.55,都市：住,10000,203,持分移轉,01410007
RPSNMLPLRHKFFAI88CA,興村段,68.00,都市：住,1,1,全筆移轉,01410084
RPPNMLOLRHKFFAI48CA,劉厝段,20.14,都市：住,7,1,持分移轉,00160016
RPPNMLOLRHKFFAI48CA,劉厝段,97.00,都市：住,1,1,全筆移轉,00160019
RPRNMLMLRHKFFAI48CA,竹圍子段,23.70,都市：住,9300,237,持分移轉,02340003
RPTNMLMLRHKFFAI68CA,中庄段,98.00,都市：住,1,1,全筆移轉,10660000
RPQNMLNLRHKFFAI48CA,竹圍子段二小段,13.72,都市：住,10000,188,持分移轉,02290000
RPUNMLLLRHKFFAI68CA,盧厝段,72.00,都市：住,1,1,全筆移轉,04190076
RPQOMLNKIIKFFAI67CA,鹿寮段,49.02,都市：住,1,1,全筆移轉,07880000
RPQOMLPJIIKFFAI97EA,西門段二小段,21.95,都市：住,10000,216,持分移轉,00560000
RPXNMLSJIIKFFAI68CA,盧東段,122.42,都市：住,1,1,全筆移轉,05770008
RPXNMLSJIIKFFAI68CA,盧東段,35.36,都市：農,1,1,全筆移轉,06600005
RPXNMLSJIIKFFAI68CA,盧東段,3.18,都市：住,16,1,持分移轉,05490000
RPXNMLSJIIKFFAI68CA,盧東段,11.30,都市：住,16,1,持分移轉,05760000
RPXNMLSJIIKFFAI68CA,盧東段,.19,都市：住,16,1,持分移轉,05760009
RPXNMLSJIIKFFAI68CA,盧東段,19.41,都市：住,16,1,持分移轉,05770000
RPXNMLSJIIKFFAI68CA,盧東段,.60,都市：住,16,1,持分移轉,05770016
RPPOMLSJIIKFFAI97CA,盧東段,108.04,都市：住,1,1,全筆移轉,05770007
RPPOMLSJIIKFFAI97CA,盧東段,33.60,都市：農,1,1,全筆移轉,06600004
RPPOMLSJIIKFFAI97CA,盧東段,3.18,都市：住,16,1,持分移轉,05490000
RPPOMLSJIIKFFAI97CA,盧東段,11.30,都市：住,16,1,持分移轉,05760000
RPPOMLSJIIKFFAI97CA,盧東段,.19,都市：住,16,1,持分移轉,05760009
RPPOMLSJIIKFFAI97CA,盧東段,19.41,都市：住,16,1,持分移轉,05770000
RPPOMLSJIIKFFAI97CA,盧東段,.60,都市：住,16,1,持分移轉,05770016
RPQOMLSJIIKFFAI08CA,盧東段,91.80,都市：住,1,1,全筆移轉,05770006
RPQOMLSJIIKFFAI08CA,盧東段,14.02,都市：住,1,1,全筆移轉,05770018
RPQOMLSJIIKFFAI08CA,盧東段,35.23,都市：農,1,1,全筆移轉,06600003
RPQOMLSJIIKFFAI08CA,盧東段,3.18,都市：住,16,1,持分移轉,05490000
RPQOMLSJIIKFFAI08CA,盧東段,11.30,都市：住,16,1,持分移轉,05760000
RPQOMLSJIIKFFAI08CA,盧東段,.19,都市：住,16,1,持分移轉,05760009
RPQOMLSJIIKFFAI08CA,盧東段,19.41,都市：住,16,1,持分移轉,05770000
RPQOMLSJIIKFFAI08CA,盧東段,.60,都市：住,16,1,持分移轉,05770016
RPROMLSJIIKFFAI18CA,下路頭段,29.06,都市：住,8872,115,持分移轉,07460048
RPTNMLTLRHKFFAI76CA,西門段八小段,6.17,都市：商,10000,61,持分移轉,00230000
RPTNMLLKIIKFFAI67CA,下路頭段,12.51,都市：住,10000,23,持分移轉,00970000
RPUNMLTLRHKFFAI86CA,埤子頭段新厝小段,71.00,都市：住,1,1,全筆移轉,05660000
RPTNMLKMRHKFFAI58CA,中庄段,42.46,都市：住,70,1,持分移轉,07120000
RPUNMLKMRHKFFAI68CA,山下段,46.00,都市：住,1,1,全筆移轉,00390027
RPUNMLLJIIKFFAI67CA,短竹段,3.49,都市：住,20000,34,持分移轉,09120070
RPTNMLNJIIKFFAI77CA,車店段車店小段,123.00,都市：住,1,1,全筆移轉,03600000
RPTNMLNJIIKFFAI77CA,車店段車店小段,8.33,都市：住,36000,2000,持分移轉,03600035
RPQOMLKLIIKFFAI67EA,下路頭段,24.43,都市：住,10000,151,持分移轉,04350021
RPTNMLKLIIKFFAI67CA,太平段,22.52,都市：住,10000,28,持分移轉,00210000
RPQOMLMKIIKFFAI57CA,竹圍子段友愛小段,158.10,都市：住,100,15,持分移轉,00110000
RPQOMLMKIIKFFAI57CA,竹圍子段友愛小段,158.10,都市：住,100,15,持分移轉,00110000
RPQOMLMKIIKFFAI57CA,竹圍子段友愛小段,368.90,都市：住,100,35,持分移轉,00110000
RPQOMLMKIIKFFAI57CA,竹圍子段友愛小段,368.90,都市：住,100,35,持分移轉,00110000
RPPNMLQKIIKFFAI77CA,盧厝段,43.00,都市：住,1,1,全筆移轉,04500052
RPPNMLQKIIKFFAI77CA,盧厝段,75.00,都市：住,1,1,全筆移轉,04500059
RPPNMLSJIIKFFAI87CA,盧東段,116.04,都市：住,1,1,全筆移轉,05770011
RPPNMLSJIIKFFAI87CA,盧東段,29.35,都市：農,1,1,全筆移轉,06600008
RPPNMLSJIIKFFAI87CA,盧東段,3.18,都市：住,16,1,持分移轉,05490000
RPPNMLSJIIKFFAI87CA,盧東段,11.30,都市：住,16,1,持分移轉,05760000
RPPNMLSJIIKFFAI87CA,盧東段,.19,都市：住,16,1,持分移轉,05760009
RPPNMLSJIIKFFAI87CA,盧東段,19.41,都市：住,16,1,持分移轉,05770000
RPPNMLSJIIKFFAI87CA,盧東段,.60,都市：住,16,1,持分移轉,05770016
RPSNMLLLRHKFFAI68EA,竹圍子段,61.00,都市：住,1,1,全筆移轉,00080038
RPSOMLRJIIKFFAI38EA,長竹段,248.00,都市：住,1,1,全筆移轉,09080001
RPSOMLRJIIKFFAI38EA,長竹段,2.46,都市：住,13,1,持分移轉,09080005
RPSOMLRJIIKFFAI38EA,長竹段,20.62,都市：住,13,1,持分移轉,09670032
RPROMLLJIIKFFAI67EA,盧東段,83.51,都市：住,1,1,全筆移轉,05760005
RPROMLLJIIKFFAI67EA,盧東段,32.03,都市：住,1,1,全筆移轉,05770014
RPROMLLJIIKFFAI67EA,盧東段,3.18,都市：住,16,1,持分移轉,05490000
RPROMLLJIIKFFAI67EA,盧東段,.19,都市：住,16,1,持分移轉,05760009
RPROMLLJIIKFFAI67EA,盧東段,11.30,都市：住,16,1,持分移轉,05760000
RPROMLLJIIKFFAI67EA,盧東段,19.41,都市：住,16,1,持分移轉,05770000
RPROMLLJIIKFFAI67EA,盧東段,.60,都市：住,16,1,持分移轉,05770016
RPPNMLPJIIKFFAI77EA,東川段,6.07,都市：住,10000,105,持分移轉,09500000
RPVNMLNLRHKFFAI56EA,短竹段,6.67,都市：住,50000,56,持分移轉,09120071
RPWNMLNLRHKFFAI66EA,短竹段,5.71,都市：住,50000,48,持分移轉,09120071
RPPNMLSLRHKFFAI88CA,北園段,88.00,都市：住,1,1,全筆移轉,14330000
RPPNMLSLRHKFFAI88CA,北園段,29.00,都市：住,3,1,持分移轉,14340002
RPXNMLNLRHKFFAI76EA,白川段,38.50,都市：住,2,1,持分移轉,00400124
RPTNMLLJIIKFFAI57CA,埤子頭段,83.00,都市：住,1,1,全筆移轉,01950033
RPOOMLSJIIKFFAI87CA,興村段,20.00,都市：住,1000,31,持分移轉,01300001
RPXOMLKMRHKFFAI09CA,竹圍子段二小段,13.27,都市：住,10000,157,持分移轉,02220000
RPOOMLPKIIKFFAI67CA,埤子頭段,48.00,都市：住,1,1,全筆移轉,03990027
RPSOMLOKIIKFFAI97CA,竹圍子段三小段,20.90,都市：住,10000,163,持分移轉,01030000
RPRNMLPKIIKFFAI87CA,竹圍子段,75.00,都市：住,1,1,全筆移轉,01080002
RPRNMLPKIIKFFAI87CA,竹圍子段,19.00,都市：住,2470,190,持分移轉,01080090
RPUOMLOKIIKFFAI18CA,同興段,28.60,都市：住,98360,572,持分移轉,17260000
RPPNMLNLRHKFFAI38CA,竹圍子段,46.00,都市：住,1,1,全筆移轉,02510045
RPSOMLPJIIKFFAI97CA,盧東段,222.55,都市：住,1,1,全筆移轉,05770013
RPSOMLPJIIKFFAI97CA,盧東段,600.09,都市：農,1,1,全筆移轉,06600000
RPSOMLPJIIKFFAI97CA,盧東段,3.18,都市：住,16,1,持分移轉,05490000
RPSOMLPJIIKFFAI97CA,盧東段,11.30,都市：住,16,1,持分移轉,05760000
RPSOMLPJIIKFFAI97CA,盧東段,.19,都市：住,16,1,持分移轉,05760009
RPSOMLPJIIKFFAI97CA,盧東段,19.41,都市：住,16,1,持分移轉,05770000
RPSOMLPJIIKFFAI97CA,盧東段,.60,都市：住,16,1,持分移轉,05770016
RPWNMLOKIIKFFAI28CA,下路頭段,334.63,都市：住,1,1,全筆移轉,07780019
RPQNMLPKIIKFFAI77CA,竹圍子段二小段,16.93,都市：住,10000,209,持分移轉,02520000
RPVNMLSJIIKFFAI48CA,盧東段,123.14,都市：住,1,1,全筆移轉,05770010
RPVNMLSJIIKFFAI48CA,盧東段,31.35,都市：農,1,1,全筆移轉,06600007
RPVNMLSJIIKFFAI48CA,盧東段,3.18,都市：住,16,1,持分移轉,05490000
RPVNMLSJIIKFFAI48CA,盧東段,.19,都市：住,16,1,持分移轉,05760009
RPVNMLSJIIKFFAI48CA,盧東段,11.30,都市：住,16,1,持分移轉,05760000
RPVNMLSJIIKFFAI48CA,盧東段,19.41,都市：住,16,1,持分移轉,05770000
RPVNMLSJIIKFFAI48CA,盧東段,.60,都市：住,16,1,持分移轉,05770016
RPQNMLLKIIKFFAI37CA,彌陀段,1.12,都市：住,26,1,持分移轉,07900000
RPQNMLLKIIKFFAI37CA,彌陀段,62.00,都市：住,1,1,全筆移轉,07900042
RPQNMLLKIIKFFAI37CA,彌陀段,19.39,都市：住,36,2,持分移轉,07900047
RPOOMLKLIIKFFAI27CA,盧厝段,19.78,都市：住,100000,971,持分移轉,02550000
RPWOMLKLIIKFFAI08CA,鹿寮段,29.91,都市：其他:道,10,1,持分移轉,07940000
RPWOMLKLIIKFFAI08CA,鹿寮段,6.23,都市：其他:道,10,1,持分移轉,07950000
RPWOMLKLIIKFFAI08CA,鹿寮段,149.04,都市：住,1,1,全筆移轉,07980000
RPPNMLMJIIKFFAI27CA,埤子頭段,22.00,都市：其他:,2,1,持分移轉,04190068
RPTNMLQJIIKFFAI08CA,後庄段,65.00,都市：商,1,1,全筆移轉,07060000
RPRNMLOLRHKFFAI88EA,長竹段,27.53,都市：住,10000,156,持分移轉,01690000
RPTOMLKLIIKFFAI97EA,中庄段,116.00,都市：住,1,1,全筆移轉,03730011
RPTOMLKLIIKFFAI97EA,中庄段,57.00,都市：住,1,1,全筆移轉,03730013
RPUNMLMLIIKFFAI97CA,遠東段,5.92,都市：住,1000,16,持分移轉,00700000
RPRNMLPLRHKFFAI98EA,太平段,3.00,都市：其他:,1,1,全筆移轉,00380001
RPRNMLPLRHKFFAI98EA,台斗坑段,44.00,都市：其他:,1,1,全筆移轉,01360016
RPXNMLNKIIKFFAI38DA,八掌段,130.17,都市：農,1,1,全筆移轉,01270001
RPXNMLNKIIKFFAI38DA,八掌段,2644.64,都市：農,1,1,全筆移轉,01340000
RPUOMLLJIIKFFAI77CA,軍輝段,34.86,都市：住,7,1,持分移轉,02490000
RPXNMLPJIIKFFAI38CA,盧東段,92.11,都市：住,1,1,全筆移轉,05760006
RPXNMLPJIIKFFAI38CA,盧東段,10.62,都市：住,1,1,全筆移轉,05770015
RPXNMLPJIIKFFAI38CA,盧東段,3.18,都市：住,16,1,持分移轉,05490000
RPXNMLPJIIKFFAI38CA,盧東段,11.30,都市：住,16,1,持分移轉,05760000
RPXNMLPJIIKFFAI38CA,盧東段,.19,都市：住,16,1,持分移轉,05760009
RPXNMLPJIIKFFAI38CA,盧東段,19.41,都市：住,16,1,持分移轉,05770000
RPXNMLPJIIKFFAI38CA,盧東段,.60,都市：住,16,1,持分移轉,05770016
RPRNMLPJIIKFFAI77CA,竹圍子段,55.00,都市：住,1,1,全筆移轉,03080033
RPVNMLPJIIKFFAI18CA,盧東段,133.88,都市：住,1,1,全筆移轉,05760007
RPVNMLPJIIKFFAI18CA,盧東段,3.18,都市：住,16,1,持分移轉,05490000
RPVNMLPJIIKFFAI18CA,盧東段,.19,都市：住,16,1,持分移轉,05760009
RPVNMLPJIIKFFAI18CA,盧東段,11.30,都市：住,16,1,持分移轉,05760000
RPVNMLPJIIKFFAI18CA,盧東段,19.41,都市：住,16,1,持分移轉,05770000
RPVNMLPJIIKFFAI18CA,盧東段,.60,都市：住,16,1,持分移轉,05770016
RPSNMLPJIIKFFAI87CA,盧東段,180.85,都市：住,1,1,全筆移轉,05760003
RPSNMLPJIIKFFAI87CA,盧東段,3.18,都市：住,16,1,持分移轉,05490000
RPSNMLPJIIKFFAI87CA,盧東段,.19,都市：住,16,1,持分移轉,05760009
RPSNMLPJIIKFFAI87CA,盧東段,11.30,都市：住,16,1,持分移轉,05760000
RPSNMLPJIIKFFAI87CA,盧東段,19.41,都市：住,16,1,持分移轉,05770000
RPSNMLPJIIKFFAI87CA,盧東段,.60,都市：住,16,1,持分移轉,05770016
RPPNMLPKIIKFFAI67CA,檜段二小段,130.00,都市：住,1,1,全筆移轉,00260000
RPSNMLPKIIKFFAI97CA,湖子內段湖內小段,5440.00,都市：農,1,1,全筆移轉,02010000
RPUNMLNJIIKFFAI87CA,遠東段,14.93,都市：住,10000,16,持分移轉,00680007
RPSNMLNJIIKFFAI67CA,盧厝段,6.52,都市：住,10000,12,持分移轉,02600004
RPSNMLLJIIKFFAI47CA,竹圍子段,113.00,都市：住,1,1,全筆移轉,00100027
RPSNMLLJIIKFFAI47CA,竹圍子段,2.00,都市：住,1,1,全筆移轉,00100060
RPPPMLMKIIKFFAI57CA,車店段,203.00,都市：工,1,1,全筆移轉,04920030
RPOOMLKMRHKFFAI18CA,長竹段,20.00,都市：其他:,1,1,全筆移轉,00720000
RPRNMLQLRHKFFAI88CA,湖內段,13.00,都市：工,1,1,全筆移轉,14480002
RPUNMLMJIIKFFAI97EA,短竹段,11.09,都市：住,20000,108,持分移轉,09120070
RPOOMLRJIIKFFAI97EA,下路頭段,127.00,都市：住,1,1,全筆移轉,05830006
RPTNMLMJIIKFFAI87EA,下路頭段,80.00,都市：住,1,1,全筆移轉,05860099
RPTOMLPJIIKFFAI08CA,彌陀段,20.31,都市：住,1000,883,持分移轉,04640000
RPUOMLPJIIKFFAI18CA,榮段二小段,13.00,都市：住,1,1,全筆移轉,00030024
RPUOMLPJIIKFFAI18CA,黑金段,187.00,都市：住,1,1,全筆移轉,00010006
RPUOMLPJIIKFFAI18CA,黑金段,24.00,都市：住,1,1,全筆移轉,00010011
RPVOMLOKIIKFFAI28CA,同興段,75.00,都市：住,1,1,全筆移轉,03820039
RPRNMLOKIIKFFAI77CA,下路頭段,36.02,都市：住,10000,177,持分移轉,01930041
RPRNMLOKIIKFFAI77CA,下路頭段,6.04,都市：住,10000,177,持分移轉,01930210
RPQPMLMKIIKFFAI67CA,盧厝段,25.24,都市：住,10000,132,持分移轉,02970057
RPWNMLNKIIKFFAI18CA,堀川段,34.20,都市：住,10000,187,持分移轉,00040650
RPVOMLPJIIKFFAI28CA,下埤段,840.00,都市：住,1,1,全筆移轉,00430000
RPSNMLNKIIKFFAI97EA,中庄段,92.00,都市：住,1,1,全筆移轉,03730007
RPUNMLMKIIKFFAI08EA,埤子頭段新厝小段,77.00,都市：住,1,1,全筆移轉,03080002
RPWNMLPJIIKFFAI28CA,太平段,91.00,都市：其他:道路用地,1,1,全筆移轉,00600001
RPQNMLMJIIKFFAI37CA,劉厝段玉山小段,187.05,都市：住,1,1,全筆移轉,00370000
RPQNMLMJIIKFFAI37CA,劉厝段玉山小段,184.73,都市：住,1,1,全筆移轉,00370008
RPQNMLMJIIKFFAI37CA,劉厝段玉山小段,172.55,都市：住,1,1,全筆移轉,00370009
RPQNMLMJIIKFFAI37CA,劉厝段玉山小段,175.61,都市：住,1,1,全筆移轉,00370010
RPQNMLMJIIKFFAI37CA,劉厝段玉山小段,178.68,都市：住,1,1,全筆移轉,00370011
RPQNMLMJIIKFFAI37CA,劉厝段玉山小段,181.75,都市：住,1,1,全筆移轉,00370012
RPQNMLMJIIKFFAI37CA,劉厝段玉山小段,252.79,都市：住,1,1,全筆移轉,00370013
RPQNMLMJIIKFFAI37CA,劉厝段玉山小段,275.33,都市：住,1,1,全筆移轉,00370014
RPTOMLSJIIKFFAI38CA,劉厝段劉厝小段,14.63,都市：住,10000,151,持分移轉,03160004
RPSOMLSJIIKFFAI28CA,竹圍子段二小段,9.97,都市：住,10000,24,持分移轉,01120000
RPQNMLPJIIKFFAI87EA,竹圍子段,94.00,都市：商,1,1,全筆移轉,00880006
RPVNMLMJIIKFFAI08EA,盧厝段,101.00,都市：住,1,1,全筆移轉,02440106
RPVNMLMJIIKFFAI08EA,盧厝段,19.05,都市：住,10000,300,持分移轉,02440130
RPTNMLPJIIKFFAI18EA,港子坪段港坪小段,105.00,都市：住,1,1,全筆移轉,00320000
RPROMLPJIIKFFAI08EA,中山段六小段,14.15,都市：住,10000,309,持分移轉,00510003
RPQNMLMJIIKFFAI57EA,新富段五小段,26.00,都市：商,1,1,全筆移轉,00210006
RPPNMLQJIIKFFAI77DA,竹圍子段三小段,24.60,都市：住,17810,246,持分移轉,02230000
RPSNMLQJIIKFFAI18EA,盧厝段,6.99,都市：住,10000,578,持分移轉,02610040
RPSNMLQJIIKFFAI18EA,盧厝段,66.00,都市：住,1,1,全筆移轉,02610045
RPVNMLMLIIKFFAI08CA,短竹段,8.10,都市：住,50000,68,持分移轉,09120071
RPUNMLRJIIKFFAI28CA,榮段五小段,71.00,都市：住,1,1,全筆移轉,00160013
RPPNMLRJIIKFFAI77CA,育人段,20.18,都市：住,25,1,持分移轉,05660017
RPPNMLRJIIKFFAI77CA,育人段,97.38,都市：住,1,1,全筆移轉,05660031
RPQNMLNLIIKFFAI67CA,中山段一小段,29.41,都市：住,1000,38,持分移轉,00050000
RPPOMLRLIIKFFAI08CA,下路頭段,19.33,都市：住,10000,95,持分移轉,01930041
RPPOMLRLIIKFFAI08CA,下路頭段,3.24,都市：住,10000,95,持分移轉,01930210
RPTNMLSJIIKFFAI28CA,竹圍子段二小段,7.93,都市：住,5832,28,持分移轉,00130000
RPUNMLNKIIKFFAI97CA,中庄段,7.00,都市：住,1,1,全筆移轉,03270006
RPUNMLNKIIKFFAI97CA,中庄段,84.00,都市：住,1,1,全筆移轉,03270007
RPUOMLSJIIKFFAI48CA,台斗坑段,26.15,都市：住,10000,102,持分移轉,03240005
RPUOMLSJIIKFFAI48CA,台斗坑段,.02,都市：住,10000,102,持分移轉,03240010
RPWNMLSJIIKFFAI58CA,下路頭段,54.00,都市：其他:空白,1,1,全筆移轉,00960025
RPUNMLSJIIKFFAI38CA,中庄段,42.64,都市：住,156,1,持分移轉,07090000
RPVNMLRJIIKFFAI38CA,下路頭段,26.00,都市：住,265,26,持分移轉,04420009
RPWNMLRJIIKFFAI48CA,下路頭段,23.00,都市：住,265,23,持分移轉,04420009
RPXNMLRJIIKFFAI58CA,竹圍子段,12.30,都市：住,10000,58,持分移轉,03300000
RPRNMLQKIIKFFAI97CA,短竹段,11.55,都市：住,50000,97,持分移轉,09120071
RPPOMLRJIIKFFAI87CA,竹圍子段,12.72,都市：住,10000,60,持分移轉,03300000
RPVNMLNLIIKFFAI18CA,西門段七小段,17.00,都市：商,1,1,全筆移轉,00390000
RPVNMLSLIIKFFAI68CA,劉厝段,88.00,都市：住,1,1,全筆移轉,00170032
RPSNMLTLIIKFFAI48CA,中庄段,88.00,都市：住,1,1,全筆移轉,06570000
RPRNMLOLIIKFFAI87CA,埤子頭段,46.51,都市：住,3325,288,持分移轉,03070003
RPRNMLOLIIKFFAI87CA,埤子頭段,10.65,都市：住,3325,288,持分移轉,03070006
RPWNMLSLIIKFFAI78CA,白川段,50.00,都市：住,1,1,全筆移轉,00090078
RPQNMLQJIIKFFAI97EA,軍輝段,79.00,都市：住,1,1,全筆移轉,06240011
RPQNMLRJIIKFFAI08EA,同興段,213.00,都市：工,1,1,全筆移轉,06080006
RPQNMLRJIIKFFAI08EA,同興段,118.00,都市：工,1,1,全筆移轉,06090000
RPQNMLMKIIKFFAI67EA,西門段六小段,84.00,都市：商,1,1,全筆移轉,00400003
RPRNMLMKIIKFFAI77EA,西門段六小段,52.00,都市：商,1,1,全筆移轉,00400000
RPSNMLMKIIKFFAI87EA,西門段六小段,130.00,都市：商,1,1,全筆移轉,00400001
RPSNMLMLIIKFFAI77CA,檜段七小段,195.31,都市：商,84730,5908,持分移轉,00120005
RPSNMLOLIIKFFAI97CA,遠東段,21.46,都市：住,10000,23,持分移轉,00680007
RPUNMLOLIIKFFAI18CA,山下段,46.00,都市：住,1,1,全筆移轉,01210002
RPPNMLNLIIKFFAI57CA,堀川段,82.00,都市：住,1,1,全筆移轉,00240092
RPPNMLNLIIKFFAI57CA,堀川段,3.00,都市：住,100000,4477,持分移轉,00240096
RPXNMLRKIIKFFAI68CA,車店段,75.00,都市：住,1,1,全筆移轉,04890088
RPWNMLRKIIKFFAI58CA,埤子頭段,93.00,都市：住,1,1,全筆移轉,03420027
RPRNMLRJIIKFFAI97CA,新厝段,755.00,都市：農,1,1,全筆移轉,00170002
RPRNMLRJIIKFFAI97CA,新厝段,2483.00,都市：農,1,1,全筆移轉,00180000
RPSNMLRJIIKFFAI08CA,北園段,28.00,都市：住,1,1,全筆移轉,08130000
RPXNMLMJJIKFFAI18CA,竹圍子段三小段,11.29,都市：住,10000,95,持分移轉,01620000
RPPNMLLMIIKFFAI47CA,遠東段,120.00,都市：住,1,1,全筆移轉,00340016
RPUOMLMKIIKFFAI97CA,末廣段五小段,4.46,都市：商,10000,64,持分移轉,00090135
RPVOMLMKIIKFFAI08CA,末廣段五小段,3.69,都市：商,10000,53,持分移轉,00090135
RPPNMLTKIIKFFAI08CA,台斗坑段,20.71,都市：住,10000,54,持分移轉,04540002
RPPNMLTKIIKFFAI08CA,台斗坑段,.01,都市：住,10000,54,持分移轉,04540023
RPWOMLMKIIKFFAI18CA,末廣段五小段,4.53,都市：商,10000,65,持分移轉,00090135
RPXOMLMKIIKFFAI28CA,末廣段五小段,4.46,都市：商,10000,64,持分移轉,00090135
RPOOMLRKIIKFFAI87CA,北園段,275.52,都市：住,48,5,持分移轉,16910000
RPOOMLRKIIKFFAI87CA,北園段,50.10,都市：住,48,5,持分移轉,16960000
RPOOMLRKIIKFFAI87CA,北湖段,77.19,都市：住,48,5,持分移轉,04210000
RPQOMLRKIIKFFAI08CA,北園段,716.35,都市：住,48,13,持分移轉,16910000
RPQOMLRKIIKFFAI08CA,北園段,130.27,都市：住,48,13,持分移轉,16960000
RPROMLRKIIKFFAI18CA,北園段,165.31,都市：住,48,3,持分移轉,16910000
RPROMLRKIIKFFAI18CA,北園段,30.06,都市：住,48,3,持分移轉,16960000
RPROMLRKIIKFFAI18CA,北湖段,35.33,都市：住,66768,3183,持分移轉,04210000
RPPOMLRKIIKFFAI97CA,北湖段,230.99,都市：住,66768,20813,持分移轉,04210000
RPSOMLRKIIKFFAI28CA,北園段,661.25,都市：住,16,4,持分移轉,16910000
RPSOMLRKIIKFFAI28CA,北園段,120.25,都市：住,16,4,持分移轉,16960000
RPSOMLRKIIKFFAI28CA,北湖段,185.25,都市：住,16,4,持分移轉,04210000
RPSNMLQKIIKFFAI08CA,竹圍子段中興小段,5.86,都市：住,61700,586,持分移轉,01150000
RPUNMLQKIIKFFAI28CA,西門段四小段,8.58,都市：商,10000,86,持分移轉,00800000
RPTNMLOLIIKFFAI08CA,民族段二小段,12.99,都市：住,10000,300,持分移轉,00110003
RPUNMLKLIIKFFAI77CA,東門段六小段,36.00,都市：住,1,1,全筆移轉,00740001
RPVNMLKLIIKFFAI87CA,車店段車店小段,16.90,都市：住,10000,130,持分移轉,05850000
RPVNMLRKIIKFFAI48CA,港子坪段港坪小段,16.62,都市：住,10000,110,持分移轉,02220000
RPPOMLMJJIKFFAI47CA,竹圍子段,24.21,都市：住,10000,164,持分移轉,02240000
RPQNMLSJIIKFFAI18EA,民族段二小段,14.40,都市：住,20,3,持分移轉,00310001
RPQNMLSJIIKFFAI18EA,民族段二小段,2.50,都市：住,2,1,持分移轉,00310003
RPRNMLSJIIKFFAI28EA,下路頭段,41.50,都市：住,2,1,持分移轉,02990080
RPRNMLSJIIKFFAI28EA,下路頭段,11.00,都市：住,2,1,持分移轉,02990100
RPRNMLOKIIKFFAI87DA,鳥岫段,782.39,都市：農,1,1,全筆移轉,00890011
RPRNMLOKIIKFFAI87DA,北湖段,513.00,都市：農,1,1,全筆移轉,00100003
RPRNMLOKIIKFFAI87DA,盧厝段,5.31,都市：農,8558,425,持分移轉,02730014
RPRNMLOKIIKFFAI87DA,盧厝段,38.79,都市：農,8558,425,持分移轉,02730015
RPRNMLOKIIKFFAI87DA,盧厝段,9.88,都市：農,8558,425,持分移轉,02730016
RPRNMLOKIIKFFAI87DA,盧厝段,6.65,都市：農,8558,425,持分移轉,02730027
RPRNMLOKIIKFFAI87DA,盧厝段,.89,都市：農,8558,425,持分移轉,02730034
RPRNMLOKIIKFFAI87DA,盧厝段,122.00,都市：農,1,1,全筆移轉,02730039
RPRNMLOKIIKFFAI87DA,盧厝段,5.66,都市：農,8558,425,持分移轉,02730043
RPRNMLOKIIKFFAI87DA,盧厝段,139.00,都市：農,1,1,全筆移轉,02730071
RPTNMLPKIIKFFAI18DA,後庄段,70.00,都市：住,1,1,全筆移轉,10170032
RPQNMLLLIIKFFAI57DA,竹圍子段,21.26,都市：其他:,10000,1687,持分移轉,03750005
RPQNMLLLIIKFFAI57DA,竹圍子段,311.34,都市：其他:,10584,1225,持分移轉,01270001
RPTNMLRKIIKFFAI28CA,湖內段,20.53,都市：住,27700,206,持分移轉,03180000
RPSNMLRKIIKFFAI18CA,盧厝段,11.55,都市：住,10000,75,持分移轉,02440009
RPSNMLRKIIKFFAI18CA,長竹段,.13,都市：住,10000,75,持分移轉,00010003
RPRNMLRKIIKFFAI08CA,北社尾段保安小段,15.08,都市：住,10000,117,持分移轉,06120000
RPQOMLMJJIKFFAI57CA,車店段,71.00,都市：住,1,1,全筆移轉,03970065
RPVNMLMJJIKFFAI97CA,下路頭段,295.83,都市：住,10000,544,持分移轉,00970000
RPPNMLOLIIKFFAI67CA,太平段,105.00,都市：住,1,1,全筆移轉,00680077
RPTNMLTLIIKFFAI58CA,下路頭段,37.99,都市：住,10000,124,持分移轉,00100230
RPSOMLMKIIKFFAI77CA,下路頭段,105.00,都市：其他:道路用地,1,1,全筆移轉,02950013
RPTOMLMKIIKFFAI87CA,竹圍子段,77.00,都市：其他:道路用地,1,1,全筆移轉,02400002
RPQNMLOKIIKFFAI67CA,車店段,73.00,都市：住,1,1,全筆移轉,03270014
RPQNMLOKIIKFFAI67CA,車店段,71.00,都市：住,1,1,全筆移轉,03270046
RPPNMLRKIIKFFAI87CA,北社尾段,95.00,都市：住,1,1,全筆移轉,06570127
RPUNMLOKIIKFFAI08CA,中庄段,102.00,都市：住,1,1,全筆移轉,07840000
RPVNMLOKIIKFFAI18CA,港子坪段港坪小段,16.74,都市：住,1000,18,持分移轉,01590000
RPVNMLQKIIKFFAI38CA,下路頭段,55.00,都市：住,1,1,全筆移轉,07690010
RPUNMLRKIIKFFAI38CA,車店段車店小段,13.95,都市：住,10000,206,持分移轉,05820000
RPVNMLMKIIKFFAI97CA,中庄段,45.50,都市：住,440,10,持分移轉,10090000
RPTNMLMKIIKFFAI77CA,末廣段五小段,4.11,都市：商,10000,59,持分移轉,00090135
RPUNMLTLIIKFFAI68CA,長竹段,1174.00,都市：住,1,1,全筆移轉,05230001
RPOOMLRLIIKFFAI97CA,北社尾段保安小段,161.00,都市：住,1,1,全筆移轉,04020009
RPQOMLKLIIKFFAI47CA,短竹段,4.76,都市：住,50000,40,持分移轉,09120071
RPQOMLLMIIKFFAI67CA,白川段,32.98,都市：住,100000,719,持分移轉,00140001
RPROMLLMIIKFFAI77CA,湖內段,12.24,都市：住,10000,95,持分移轉,09980000
RPROMLLMIIKFFAI77CA,湖內段,9.68,都市：住,10000,95,持分移轉,10230000
RPTNMLNKIIKFFAI87CA,下路頭段,72.00,都市：住,1,1,全筆移轉,04980077
RPRNMLNKIIKFFAI67CA,白川段,3.27,都市：住,100000,293,持分移轉,00270000
RPRNMLNKIIKFFAI67CA,車店段,34.51,都市：住,100000,293,持分移轉,00620000
RPQOMLOJJIKFFAI87DA,頂庄段,28.90,都市：住,90000,932,持分移轉,04200000
RPUNMLOJJIKFFAI18DA,元段三小段,2.86,都市：其他:,10000,8,持分移轉,01010000
RPUNMLPKIIKFFAI28DA,北社尾段保安小段,2.32,都市：住,10000,18,持分移轉,06120000
RPSNMLOKIIKFFAI08EA,彌陀段,137.00,都市：其他:,1,1,全筆移轉,07030001
RPTNMLRLIIKFFAI38CA,長竹段,10.89,都市：住,10000,67,持分移轉,09590000
RPSNMLKLIIKFFAI77EA,台斗坑段,15.13,都市：住,10000,59,持分移轉,03240005
RPSNMLKLIIKFFAI77EA,台斗坑段,.01,都市：住,10000,59,持分移轉,03240010
RPVNMLTLIIKFFAI78CA,後庄段,35.00,都市：住,1,1,全筆移轉,09140008
RPVNMLTLIIKFFAI78CA,後庄段,40.00,都市：住,1,1,全筆移轉,09160020
RPSNMLLMIIKFFAI77CA,車店段,26.98,都市：住,100000,857,持分移轉,00880000
RPSNMLLMIIKFFAI77CA,白川段,4.29,都市：住,100000,857,持分移轉,00320001
RPPOMLKLIIKFFAI37CA,東門段七小段,68.00,都市：商,1,1,全筆移轉,01130002
RPPOMLKLIIKFFAI37CA,東門段七小段,21.00,都市：商,1,1,全筆移轉,01140000
RPRNMLLMIIKFFAI67CA,劉厝段玉山小段,7.33,都市：住,6,1,持分移轉,00310000
RPRNMLLMIIKFFAI67CA,劉厝段玉山小段,108.72,都市：住,1,1,全筆移轉,00310004
RPOPMLKLIIKFFAI37CA,竹圍子段三小段,24.10,都市：住,10000,188,持分移轉,01030000
RPUNMLSLIIKFFAI58CA,北社尾段,73.00,都市：住,1,1,全筆移轉,06580112
RPQNMLRKIIKFFAI97CA,盧東段,271.24,都市：住,1,1,全筆移轉,01960003
RPWNMLPKIIKFFAI38CA,中庄段,121.00,都市：住,1,1,全筆移轉,00050000
RPWNMLQKIIKFFAI48CA,竹圍子段,15.18,都市：住,10000,231,持分移轉,02170042
RPPOMLQKIIKFFAI87CA,湖內段,773.06,都市：工,70,29,持分移轉,14220007
RPPOMLQKIIKFFAI87CA,湖內段,319.89,都市：工,70,12,持分移轉,14220007
RPPOMLQKIIKFFAI87CA,湖內段,773.06,都市：工,70,29,持分移轉,14220007
RPTOMLRKIIKFFAI38CA,北社尾段保安小段,7.68,都市：住,10000,35,持分移轉,08480000
RPROMLQKIIKFFAI08CA,劉厝段玉山小段,150.00,都市：住,1,1,全筆移轉,01380001
RPQOMLQKIIKFFAI97CA,劉厝段玉山小段,154.21,都市：住,1,1,全筆移轉,01380000
RPTNMLQKIIKFFAI18CA,下路頭段,52.00,都市：住,1,1,全筆移轉,00960033
RPPOMLLMIIKFFAI57CA,短竹段,14.29,都市：住,50000,120,持分移轉,09120071
RPUOMLMJJIKFFAI97CA,檜段一小段,17.67,都市：住,10000,162,持分移轉,00010019
RPUOMLMJJIKFFAI97CA,檜段二小段,26.73,都市：住,10000,162,持分移轉,00020004
RPVOMLMJJIKFFAI08CA,下路頭段,7.07,都市：住,10000,13,持分移轉,00970000
RPSNMLTKIIKFFAI58EA,南門段三小段,85.00,都市：商,1,1,全筆移轉,00290000
RPSNMLTKIIKFFAI58EA,南門段三小段,119.00,都市：商,1,1,全筆移轉,00380008
RPXOMLMJJIKFFAI28CA,太平段,14.48,都市：住,10000,18,持分移轉,00210000
RPPNMLLLIIKFFAI37CA,盧厝段,21.77,都市：住,10000,85,持分移轉,02550010
RPQOMLNJJIKFFAI87EA,末廣段三小段,38.00,都市：其他:,1,1,全筆移轉,00020009
RPROMLNJJIKFFAI97EA,遠東段,532.00,都市：工,1,1,全筆移轉,04500002
RPSOMLKLIIKFFAI67CA,興村段,1.00,都市：住,1,1,全筆移轉,02470072
RPSOMLKLIIKFFAI67CA,興村段,133.00,都市：住,1,1,全筆移轉,04130030
RPSNMLLLIIKFFAI67CA,下路頭段,2.00,都市：住,1,1,全筆移轉,00840016
RPSNMLLLIIKFFAI67CA,下路頭段,1.00,都市：住,1,1,全筆移轉,00840018
RPSNMLLLIIKFFAI67CA,下路頭段,148.00,都市：商,1,1,全筆移轉,00850031
RPRNMLRLIIKFFAI18CA,台斗坑段,22.94,都市：住,10000,148,持分移轉,03760030
RPQOMLKMIIKFFAI57CA,竹圍子段中興小段,15.28,都市：住,10000,116,持分移轉,00350000
RPPNMLMJJIKFFAI37CA,車店段車店小段,13.68,都市：住,10000,349,持分移轉,10430000
RPWNMLMJJIKFFAI08CA,長竹段,518.00,都市：住,1,1,全筆移轉,00700001
RPWNMLMJJIKFFAI08CA,長竹段,397.00,都市：住,1,1,全筆移轉,00700002
RPPNMLKLIIKFFAI27CA,堀川段,206.00,都市：住,1,1,全筆移轉,00250038
RPPNMLKLIIKFFAI27CA,堀川段,21.00,都市：其他:,1,1,全筆移轉,00250163
RPQNMLTKIIKFFAI18CA,劉厝段玉山小段,142.20,都市：住,1,1,全筆移轉,03270000
RPRNMLTKIIKFFAI28CA,溪厝段,4805.63,都市：農,1,1,全筆移轉,03100000
RPRNMLKLIIKFFAI47CA,興村段,15.50,都市：商,17750,155,持分移轉,01490001
RPUNMLTKIIKFFAI58CA,竹圍子段,12.51,都市：住,10000,59,持分移轉,03300000
RPSNMLLLIIKFFAI87EA,竹圍子段,99.00,都市：住,1,1,全筆移轉,01510042
RPPNMLLKJIKFFAI57EA,盧厝段,163.64,都市：農,11127,1001,持分移轉,02970096
RPPNMLLKJIKFFAI57EA,盧厝段,1001.00,都市：農,1,1,全筆移轉,02970125
RPPNMLTLIIKFFAI18CA,短竹段,.31,都市：住,100000,505,持分移轉,16680000
RPPNMLTLIIKFFAI18CA,短竹段,4.94,都市：住,100000,505,持分移轉,16690000
RPOOMLKMIIKFFAI37CA,下路頭段,7.82,都市：住,10000,61,持分移轉,01810009
RPOOMLKMIIKFFAI37CA,下路頭段,.01,都市：住,10000,61,持分移轉,01810024
RPPOMLKMIIKFFAI47CA,北社尾段保安小段,6.06,都市：住,10000,84,持分移轉,08430000
RPPOMLKMIIKFFAI47CA,北社尾段保安小段,7.86,都市：住,10000,84,持分移轉,08440000
RPOOMLLLIIKFFAI37CA,車店段,92.00,都市：住,1,1,全筆移轉,01810004
RPPOMLLLIIKFFAI47CA,車店段,84.00,都市：住,1,1,全筆移轉,01810003
RPTNMLTKIIKFFAI48CA,北社尾段保安小段,21.90,都市：住,10000,152,持分移轉,01980000
RPTNMLLLIIKFFAI77CA,興村段,18.37,都市：住,1000,55,持分移轉,02070000
RPTNMLNLIIKFFAI97CA,軍輝段,59.62,都市：住,10000,255,持分移轉,05890000
RPTNMLMLIIKFFAI87CA,玉川段,49.00,都市：住,1,1,全筆移轉,00290010
RPUNMLQLIIKFFAI38CA,盧厝段,8.15,都市：住,10000,15,持分移轉,02600004
RPRNMLLLIIKFFAI57CA,長竹段,32.65,都市：住,10000,244,持分移轉,01570000
RPVNMLOLIIKFFAI28CA,北園段,82.66,都市：住,192,6,持分移轉,16910000
RPVNMLOLIIKFFAI28CA,北園段,15.03,都市：住,192,6,持分移轉,16960000
RPVNMLOLIIKFFAI28CA,北湖段,17.66,都市：住,267072,6366,持分移轉,04210000
RPWNMLOLIIKFFAI38CA,北園段,13.78,都市：住,192,1,持分移轉,16910000
RPWNMLOLIIKFFAI38CA,北園段,2.51,都市：住,192,1,持分移轉,16960000
RPWNMLOLIIKFFAI38CA,北湖段,2.94,都市：住,267072,1061,持分移轉,04210000
RPUNMLMJJIKFFAI87CA,東門段六小段,6.00,都市：住,1,1,全筆移轉,00130002
RPUNMLMJJIKFFAI87CA,中山段六小段,160.00,都市：住,1,1,全筆移轉,00660000
RPSOMLMJJIKFFAI77CA,堀川段,43.74,都市：商,10000,1540,持分移轉,00030007
RPSOMLMJJIKFFAI77CA,堀川段,5.39,都市：商,10000,1540,持分移轉,00030050
RPVNMLNJJIKFFAI08CA,北門段四小段,56.00,都市：住,1,1,全筆移轉,00290000
RPWNMLNJJIKFFAI18CA,北門段四小段,98.40,都市：住,5,3,持分移轉,00800000
RPXNMLNJJIKFFAI28CA,北門段四小段,32.80,都市：住,5,1,持分移轉,00800000
RPPOMLKKJIKFFAI37CA,長竹段,162.00,都市：住,1,1,全筆移轉,05090001
RPUNMLKKJIKFFAI77CA,大溪段,967.73,都市：農,1,1,全筆移轉,00640001
RPOOMLKKJIKFFAI27CA,中庄段,42.46,都市：住,70,1,持分移轉,07120000
RPSNMLKKJIKFFAI57CA,白川段,34.88,都市：住,100000,720,持分移轉,00170000
RPPNMLQLIIKFFAI87CA,下路頭段,98.00,都市：住,1,1,全筆移轉,07610030
RPVNMLQLIIKFFAI48CA,車店段車店小段,28.93,都市：住,10000,738,持分移轉,10430000
RPQNMLSLIIKFFAI18CA,北社尾段保安小段,92.00,都市：住,1,1,全筆移轉,08360003
RPUNMLNLIIKFFAI08CA,劉厝段玉山小段,129.18,都市：住,1,1,全筆移轉,01510001
RPWNMLMLIIKFFAI18CA,育人段,80.63,都市：住,1,1,全筆移轉,02610001
RPWNMLMLIIKFFAI18CA,育人段,23.69,都市：住,10000,1117,持分移轉,02610021
RPWNMLMLIIKFFAI18CA,育人段,.09,都市：住,10,1,持分移轉,02610028
RPPNMLMLIIKFFAI67EA,白川段,53.00,都市：住,1,1,全筆移轉,00790065
RPPNMLMLIIKFFAI67EA,白川段,5.00,都市：住,1,1,全筆移轉,00790072
RPQNMLMLIIKFFAI77EA,埤子頭段,44.00,都市：其他:,1,1,全筆移轉,04190068
RPRNMLMJJIKFFAI77EA,湖子內段湖內小段,184.00,都市：住,1,1,全筆移轉,01900012
RPRNMLNLIIKFFAI97EA,下路頭段,34.00,都市：住,1,1,全筆移轉,07780026
RPSNMLQLIIKFFAI38EA,車店段,21.00,都市：住,4,1,持分移轉,04710008
RPTNMLQLIIKFFAI48EA,港子坪段港坪小段,12.54,都市：住,10000,126,持分移轉,01050000
RPTNMLQLIIKFFAI48EA,港子坪段港坪小段,3.53,都市：住,10000,126,持分移轉,01060000
RPSNMLNLIIKFFAI87CA,埤子頭段,2.07,都市：住,75,1,持分移轉,03710044
RPSNMLNLIIKFFAI87CA,埤子頭段,2.07,都市：住,75,1,持分移轉,03710044
RPSNMLNLIIKFFAI87CA,埤子頭段,1.39,都市：住,75,1,持分移轉,03710045
RPSNMLNLIIKFFAI87CA,埤子頭段,1.39,都市：住,75,1,持分移轉,03710045
RPSNMLNLIIKFFAI87CA,埤子頭段,.92,都市：住,75,1,持分移轉,03710046
RPSNMLNLIIKFFAI87CA,埤子頭段,.92,都市：住,75,1,持分移轉,03710046
RPSNMLNLIIKFFAI87CA,埤子頭段,24.00,都市：住,3,1,持分移轉,03710052
RPSNMLNLIIKFFAI87CA,埤子頭段,24.00,都市：住,3,1,持分移轉,03710052
RPWNMLRLIIKFFAI68CA,北門段六小段,64.00,都市：商,1,1,全筆移轉,00570010
RPWNMLRLIIKFFAI68CA,北門段六小段,17.00,都市：商,1,1,全筆移轉,00770000
RPWNMLQKJIKFFAI58CA,劉厝段,4.78,都市：住,60,1,持分移轉,00240025
RPWNMLQKJIKFFAI58CA,劉厝段,4.78,都市：住,60,1,持分移轉,00240025
RPWNMLQKJIKFFAI58CA,劉厝段,47.00,都市：住,2,1,持分移轉,00240044
RPWNMLQKJIKFFAI58CA,劉厝段,47.00,都市：住,2,1,持分移轉,00240044
RPQNMLRLIIKFFAI08CA,車店段,33.00,都市：住,1,1,全筆移轉,04230005
RPQNMLQLIIKFFAI97CA,盧厝段,2200.00,都市：農,1,1,全筆移轉,01950007
RPUNMLLLIIKFFAI87CA,車店段車店小段,169.00,都市：住,1,1,全筆移轉,01480000
RPVNMLLLIIKFFAI97CA,車店段車店小段,173.00,都市：住,1,1,全筆移轉,01480001
RPWNMLLLIIKFFAI08CA,車店段,84.00,都市：住,1,1,全筆移轉,01810000
RPWNMLLMIIKFFAI18CA,下路頭段,7.07,都市：住,10000,13,持分移轉,00970000
RPSOMLLMIIKFFAI87CA,北社尾段,12.01,都市：住,10000,67,持分移轉,04880000
RPSNMLPJJIKFFAI97CA,中庄段,92.00,都市：住,1,1,全筆移轉,03730009
RPTOMLMJJIKFFAI87CA,南門段四小段,80.00,都市：商,1,1,全筆移轉,00080001
RPWOMLMJJIKFFAI18CA,車店段車店小段,6.24,都市：住,10000,48,持分移轉,05850000
RPROMLMJJIKFFAI67CA,元段五小段,18.22,都市：商,30000,750,持分移轉,00090000
RPUNMLMKJIKFFAI97CA,北門段七小段,47.29,都市：商,10000,732,持分移轉,00090000
RPUNMLMKJIKFFAI97CA,北門段七小段,59.41,都市：商,10000,650,持分移轉,00110000
RPUNMLMKJIKFFAI97CA,北門段七小段,73.68,都市：商,10000,3334,持分移轉,00150030
RPUNMLMKJIKFFAI97CA,榮段一小段,16.03,都市：商,30000,9429,持分移轉,00260001
RPWNMLKKJIKFFAI97CA,劉厝段劉厝小段,19.06,都市：住,16,1,持分移轉,03170014
RPWNMLKKJIKFFAI97CA,劉厝段劉厝小段,76.00,都市：住,1,1,全筆移轉,03170016
RPVNMLKKJIKFFAI87CA,港子坪段港坪小段,18.95,都市：住,10000,232,持分移轉,01070000
RPXNMLTKJIKFFAI98CA,新富段三小段,6.00,都市：商,1000,20,持分移轉,00720008
RPPNMLKMIIKFFAI37CA,竹圍子段,22.69,都市：住,10000,93,持分移轉,00210000
RPPNMLRLIIKFFAI97CA,下路頭段,27.99,都市：住,10000,1489,持分移轉,01010022
RPPNMLRLIIKFFAI97CA,下路頭段,59.00,都市：住,1,1,全筆移轉,01010023
RPPNMLRLIIKFFAI97CA,下路頭段,.08,都市：住,12,1,持分移轉,01010031
RPRNMLKKJIKFFAI47CA,湖子內段湖內小段,235.00,都市：住,1,1,全筆移轉,01440008
RPSNMLTJJIKFFAI38CA,盧厝段,16.29,都市：住,10000,30,持分移轉,02600004
RPPNMLSLIIKFFAI28EA,榮段三小段,1.52,都市：商,6800,152,持分移轉,00380000
RPPNMLSLIIKFFAI28EA,榮段三小段,.92,都市：商,4200,92,持分移轉,00380001
RPPNMLSLIIKFFAI28EA,榮段三小段,13.00,都市：商,5820,130,持分移轉,00380002
RPROMLTLIIKFFAI68EA,玉川段,53.00,都市：住,1,1,全筆移轉,00940007
RPRNMLQLIIKFFAI28EA,短竹段,6.67,都市：住,50000,56,持分移轉,09120071
RPRNMLRLIIKFFAI38EA,北社尾段,11.03,都市：住,10000,24,持分移轉,07120001
RPSNMLRKJIKFFAI48EA,盧厝段,245.00,都市：農,1,1,全筆移轉,00810095
RPSNMLQKJIKFFAI38EA,竹圍子段二小段,15.33,都市：住,10000,50,持分移轉,01140000
RPXNMLRLIIKFFAI78CA,東川段,23.64,都市：住,14,1,持分移轉,02190000
RPXNMLRLIIKFFAI78CA,東川段,76.00,都市：住,1,1,全筆移轉,02190001
RPTNMLSLIIKFFAI48CA,太平段,18.42,都市：住,100000,229,持分移轉,00210000
RPQNMLTLIIKFFAI28CA,太平段,.08,都市：住,100000,1,持分移轉,00210000
RPXNMLSLIIKFFAI88CA,溪厝段,1028.28,都市：農,1,1,全筆移轉,05250001
RPWNMLTLIIKFFAI88CA,盧厝段,6.52,都市：住,10000,12,持分移轉,02600004
RPOOMLTLIIKFFAI18CA,短竹段,17.42,都市：住,10000,164,持分移轉,03890000
RPXNMLQKJIKFFAI68CA,山下段,58.00,都市：住,1,1,全筆移轉,00890030
RPOOMLKMJIKFFAI47CA,短竹段,.00,都市：其他:,1000000,2,持分移轉,02480000
RPOOMLKMJIKFFAI47CA,短竹段,26.36,都市：其他:,100000,1406,持分移轉,02480000
RPPOMLOJJIKFFAI67CA,中庄段,42.64,都市：住,156,1,持分移轉,07090000
RPPNMLPJJIKFFAI67CA,北社尾段保安小段,95.00,都市：住,1,1,全筆移轉,01850000
RPRNMLOJJIKFFAI77CA,盧厝段,6.52,都市：住,10000,12,持分移轉,02600004
RPPNMLOJJIKFFAI57CA,北社尾段保安小段,14.62,都市：住,10000,139,持分移轉,06030000
RPVNMLOLJIKFFAI38CA,盧厝段,112.00,都市：農,1,1,全筆移轉,02880000
RPVNMLOLJIKFFAI38CA,盧厝段,2.00,都市：農,1,1,全筆移轉,02890016
RPVNMLOLJIKFFAI38CA,盧厝段,1.05,都市：農,1000,25,持分移轉,02970109
RPVNMLOLJIKFFAI38CA,盧厝段,792.00,都市：農,1,1,全筆移轉,02980011
RPVNMLOLJIKFFAI38CA,盧厝段,149.00,都市：農,5,1,持分移轉,02980012
RPTOMLLMIIKFFAI97CA,車店段,30.37,都市：住,12000,153,持分移轉,03750000
RPTOMLLMIIKFFAI97CA,車店段,1.85,都市：住,12000,153,持分移轉,03850012
RPUNMLQKJIKFFAI38CA,堀川段,5.48,都市：住,10000,389,持分移轉,00040064
RPUNMLQKJIKFFAI38CA,堀川段,12.45,都市：住,10000,389,持分移轉,00040097
RPVNMLKMIIKFFAI97CA,北門段七小段,1.03,都市：商,10000,16,持分移轉,00090000
RPVNMLKMIIKFFAI97CA,北門段七小段,1.28,都市：商,10000,14,持分移轉,00110000
RPVNMLKMIIKFFAI97CA,北門段七小段,1.59,都市：商,10000,72,持分移轉,00150030
RPVNMLKMIIKFFAI97CA,榮段一小段,.34,都市：商,30000,202,持分移轉,00260001
RPWNMLKMIIKFFAI08CA,埤子頭段,68.00,都市：住,10,5,持分移轉,03540005
RPXNMLKMIIKFFAI18CA,北門段七小段,.97,都市：商,10000,15,持分移轉,00090000
RPXNMLKMIIKFFAI18CA,北門段七小段,1.28,都市：商,10000,14,持分移轉,00110000
RPXNMLKMIIKFFAI18CA,北門段七小段,1.57,都市：商,10000,71,持分移轉,00150030
RPXNMLKMIIKFFAI18CA,榮段一小段,.34,都市：商,30000,200,持分移轉,00260001
RPOOMLTLIIKFFAI38EA,北社尾段保安小段,51.33,都市：住,3,2,持分移轉,07840000
RPOOMLTLIIKFFAI38EA,北社尾段保安小段,34.00,都市：住,3,2,持分移轉,07840001
RPOOMLTLIIKFFAI38EA,北社尾段保安小段,73.33,都市：住,3,2,持分移轉,07850000
RPOOMLTLIIKFFAI38EA,北社尾段保安小段,52.00,都市：住,3,2,持分移轉,07850001
RPPOMLSLIIKFFAI38EA,新厝段,324.00,都市：農,1,1,全筆移轉,05090000
RPPOMLTLIIKFFAI48EA,竹圍子段,20.76,都市：住,10000,246,持分移轉,02600001
RPQNMLSLIIKFFAI38EA,民族段二小段,14.67,都市：住,6,1,持分移轉,00160000
RPQNMLSLIIKFFAI38EA,民族段二小段,12.00,都市：住,1,1,全筆移轉,00160014
RPQNMLSLIIKFFAI38EA,民族段二小段,32.00,都市：住,1,1,全筆移轉,00160019
RPQNMLSLIIKFFAI38EA,民族段二小段,11.00,都市：住,6,1,持分移轉,00210010
RPQNMLSLIIKFFAI38EA,民族段二小段,3.00,都市：住,1,1,全筆移轉,00210014
RPQNMLSLIIKFFAI38EA,民族段二小段,1.00,都市：住,1,1,全筆移轉,00210018
RPPOMLNJJIKFFAI57CA,遠東段,78.89,都市：住,1000,228,持分移轉,00410010
RPOOMLQKJIKFFAI87CA,下路頭段,50.00,都市：住,1,1,全筆移轉,01000032
RPVNMLLKJIKFFAI97CA,中山段三小段,.14,都市：住,10000,62,持分移轉,00210006
RPVNMLLKJIKFFAI97CA,中山段三小段,22.18,都市：住,10000,62,持分移轉,00250000
RPTNMLPKJIKFFAI18CA,彌陀段,29.11,都市：住,10000,90,持分移轉,05230000
RPXNMLOLJIKFFAI58CA,車店段,13.80,都市：住,17290,138,持分移轉,03280001
RPXNMLOLJIKFFAI58CA,車店段,.46,都市：住,10000,80,持分移轉,03280124
RPUNMLPJJIKFFAI18CA,湖內段,2.00,都市：住,9,1,持分移轉,04180003
RPUNMLPJJIKFFAI18CA,湖內段,10.00,都市：住,8,1,持分移轉,04180004
RPUNMLPJJIKFFAI18CA,湖內段,.75,都市：住,8,1,持分移轉,04180005
RPUNMLPJJIKFFAI18CA,湖內段,.62,都市：住,8,1,持分移轉,04180010
RPUNMLPJJIKFFAI18CA,湖內段,14.88,都市：住,8,1,持分移轉,04180011
RPUNMLPJJIKFFAI18CA,湖內段,76.00,都市：住,1,1,全筆移轉,04180015
RPSNMLOJJIKFFAI87CA,山下段,75.00,都市：住,1,1,全筆移轉,01000000
RPUNMLNJJIKFFAI97CA,堀川段,41.83,都市：住,10000,1473,持分移轉,00030007
RPUNMLNJJIKFFAI97CA,堀川段,5.16,都市：住,10000,1473,持分移轉,00030050
RPVOMLNJJIKFFAI18CA,埤子頭段新厝小段,82.00,都市：住,1,1,全筆移轉,06520000
RPXNMLLMIIKFFAI28CA,堀川段,41.00,都市：住,1,1,全筆移轉,00130011
RPTNMLKMIIKFFAI77CA,短竹段,3.49,都市：住,20000,34,持分移轉,09120070
RPQNMLKMIIKFFAI67EA,北社尾段,97.00,都市：住,1,1,全筆移轉,04820037
RPRNMLKMIIKFFAI77EA,下路頭段,21.00,都市：住,1,1,全筆移轉,04430127
RPRNMLRKJIKFFAI38EA,頂庄段,170.00,都市：農,1,1,全筆移轉,03920000
RPRNMLRKJIKFFAI38EA,頂庄段,93.00,都市：住,1,1,全筆移轉,03930000
RPRNMLRKJIKFFAI38EA,頂庄段,14.96,都市：其他:公設保留地,1000,220,持分移轉,03940000
RPRNMLRKJIKFFAI38EA,頂庄段,1.20,都市：其他:公設保留地,5,1,持分移轉,03950000
RPRNMLRKJIKFFAI38EA,頂庄段,11.60,都市：其他:公設保留地,5,1,持分移轉,03990000
RPSNMLRLIIKFFAI48EA,短竹段,13.93,都市：住,50000,117,持分移轉,09120071
RPVNMLRLIIKFFAI78EA,下路頭段,64.00,都市：住,1,1,全筆移轉,01340036
RPUNMLKMIIKFFAI87CA,下路頭段,23.80,都市：住,19040,238,持分移轉,04270077
RPSNMLKMIIKFFAI67CA,北社尾段保安小段,5.84,都市：住,10000,81,持分移轉,08430000
RPSNMLKMIIKFFAI67CA,北社尾段保安小段,7.58,都市：住,10000,81,持分移轉,08440000
RPSNMLMJJIKFFAI67CA,同興段,15.03,都市：住,10000,11,持分移轉,14350000
RPTOMLNJJIKFFAI97CA,劉厝段玉山小段,127.32,都市：住,1,1,全筆移轉,02840000
RPRNMLNJJIKFFAI67CA,埤子頭段,21.35,都市：住,10000,131,持分移轉,03960001
RPTNMLOJJIKFFAI97CA,下路頭段,2.33,都市：住,3,1,持分移轉,07220162
RPVNMLLMIIKFFAI08CA,白川段,56.00,都市：住,1,1,全筆移轉,00770066
RPVNMLLMIIKFFAI08CA,白川段,4.00,都市：其他:,1,1,全筆移轉,00770091
RPTNMLLMIIKFFAI87CA,彌陀段,42.75,都市：住,16,3,持分移轉,05170000
RPUNMLLMIIKFFAI97CA,太平段,9.65,都市：住,10000,12,持分移轉,00210000
RPQOMLKKJIKFFAI47CA,新富段一小段,93.00,都市：住,1,1,全筆移轉,00250031
RPQNMLPLJIKFFAI97CA,西門段五小段,101.00,都市：商,1,1,全筆移轉,00740001
RPOOMLTKJIKFFAI18CA,短竹段,12.03,都市：住,50000,101,持分移轉,09120071
RPTNMLKLJIKFFAI77CA,台斗坑段,14.87,都市：住,10000,26,持分移轉,03240003
RPOOMLNKJIKFFAI57CA,育人段,673.82,都市：農,2,1,持分移轉,11960000
RPPOMLNKJIKFFAI67CA,台斗坑段,25.16,都市：住,10000,44,持分移轉,03240003
RPSNMLOKJIKFFAI97CA,長竹段,23.81,都市：住,10000,135,持分移轉,03160000
RPUNMLOKJIKFFAI18CA,北社尾段保安小段,12.94,都市：住,10000,59,持分移轉,08480000
RPUNMLKMJIKFFAI18EA,下路頭段,27.83,都市：住,10000,172,持分移轉,04350021
RPXNMLRKJIKFFAI78CA,白川段,34.15,都市：住,100000,706,持分移轉,00160000
