﻿編號,屋齡,建物移轉面積平方公尺,主要用途,主要建材,建築完成日期,總層數,建物分層
The serial number,room age,building shifting area square meter,the main use,main building materials,construction completes the date,total layer,building lamination
RPQNMLPJQHKFFBM88CA,33,188.24,住家用,鋼筋混凝土加強磚造,71年8月13日,二層,一層 二層
RPQNMLPJQHKFFBM88CA,23,187.24,住家用,鋼筋混凝土加強磚造,81年1月30日,二層,一層 二層 電梯樓梯間
RPVPMLLKQHKFFAM56CA,1,178.21,住宅、停車空間,鋼筋混凝土造,103年10月23日,四層,一層 二層 三層 四層 陽台
RPVPMLLKQHKFFAM56CA,1,.31,住家用,鋼筋混凝土造,103年10月23日,一層,
RPRNMLPJQHKFFBM98CA,20,157.06,住家用,鋼筋混凝土造,84年6月1日,四層,一層 二層 三層 四層 陽台
RPRNMLOKQHKFFBM98CA,33,150.00,住商用,鋼筋混凝土造,71年12月23日,二層,一層 二層
RPPNMLRJQHKFFDM56CA,22,146.00,住家用,鋼筋混凝土造,82年5月20日,三層,一層 二層 三層 陽台
RPOPMLLKQHKFFAM48CA,25,178.20,住家用,鋼筋混凝土造,79年9月26日,四層,一層 二層 三層 四層 電梯樓梯間
RPQNMLLKQHKFFCM68CA,8,451.20,住宅、樓梯間,鋼筋混凝土造,96年3月26日,四層,一層 二層 三層 四層 屋頂突出物
RPPNMLQJQHKFFDM09CA,14,202.93,農舍,鋼筋混凝土造,89年12月30日,一層,一層
RPVNMLLKQHKFFCM56CA,15,210.11,住商用,鋼筋混凝土造,89年11月20日,三層,一層 二層 三層 陽台 屋頂突出物
RPOOMLKKQHKFFBM38CA,1,269.25,住家用,鋼筋混凝土造,103年12月22日,三層,一層 二層 三層 陽台
RPOOMLQJQHKFFCM98CA,34,20.46,住家用,加強磚造,70年1月23日,一層,一層
RPSNMLKKQHKFFAM58CA,,167.40,住家用,鋼筋混凝土造,104年4月22日,三層,一層 二層 三層 陽台
RPRNMLPJQHKFFAM88CA,22,77.93,住家用,鋼筋混凝土造,82年11月10日,十四層,八層 陽台 花台
RPRNMLPJQHKFFAM88CA,22,13.50,梯間、水塔、機械室,鋼筋混凝土造,82年11月10日,十四層,
RPRNMLPJQHKFFAM88CA,22,8.47,避難室、開放空間、停車空間,鋼筋混凝土造,82年11月10日,十四層,
RPPNMLQJQHKFFAM78CA,23,158.30,住家用,鋼筋混凝土造,81年8月25日,三層,一層 二層 三層 陽台 平台 屋頂突出物 騎樓 雨遮
RPUNMLNJRHKFFAM09CA,21,128.50,農舍,鋼鐵造有牆,83年6月24日,一層,一層
RPTNMLKKQHKFFAM68CA,,200.06,住家用,鋼筋混凝土造,104年4月22日,三層,一層 二層 三層 陽台
RPROMLLKQHKFFAM68CA,21,41.82,住家用,鋼筋混凝土造,83年7月22日,五層,四層
RPROMLLKQHKFFAM68CA,21,9.08,梯間、通道,鋼筋混凝土造,83年7月22日,五層,
RPQNMLKKQHKFFCM58CA,,101.29,住家用,鋼筋混凝土造,104年3月18日,四層,一層 二層 三層 四層 陽台
RPQNMLKKQHKFFCM58CA,,101.29,住家用,鋼筋混凝土造,104年3月18日,四層,一層 二層 三層 四層 陽台
RPSNMLKKQHKFFCM78CA,,106.02,住家用,鋼筋混凝土造,104年3月18日,四層,一層 二層 三層 四層 陽台
RPSNMLKKQHKFFCM78CA,,106.02,住家用,鋼筋混凝土造,104年3月18日,四層,一層 二層 三層 四層 陽台
RPTNMLKKQHKFFCM88CA,,275.19,住家用,鋼筋混凝土造,104年3月18日,四層,一層 二層 三層 四層 陽台
RPUNMLQJQHKFFCM86CA,59,139.66,住家用,加強磚造,46年1月1日,三層,一層 二層 三層
RPQNMLQJQHKFFBM98CA,3,17.22,農舍,鋼鐵造有牆,101年10月22日,一層,一層
RPUNMLKKQHKFFCM98CA,,197.92,住家用,鋼筋混凝土造,104年3月18日,四層,一層 二層 三層 四層 陽台
RPTNMLRLQHKFFBM96CA,17,126.36,住家用,鋼筋混凝土造,86年12月11日,三層,一層 二層 三層 陽台 平台 電梯樓梯間
RPRNMLPLQHKFFCM66CA,28,54.69,農舍,加強磚造,76年4月24日,一層,一層
RPQNMLLMQHKFFAM68CA,33,130.05,住家用,加強磚造,71年1月1日,二層,一層 二層
RPVNMLMJRHKFFAM09CA,,154.00,農舍,鋼骨造有牆,104年6月5日,一層,一層
RPRNMLPKRHKFFBM56CA,,76.20,農舍,鋼造,,一層,一層
RPWNMLQJQHKFFDM17CA,35,117.00,住家用,鋼筋混凝土加強磚造,69年12月31日,二層,一層 二層
RPQNMLRJQHKFFDM66CA,10,142.09,住家用,鋼筋混凝土造,94年9月19日,三層,一層 二層 三層 陽台 屋頂突出物
RPPNMLPKQHKFFCM98CA,16,93.66,集合住宅,鋼筋混凝土造,87年12月31日,八層,五層 陽台
RPPNMLPKQHKFFCM98CA,16,159.76,人行道．店鋪．住宅,鋼筋混凝土造,87年12月31日,八層,一層 二層 陽台 騎樓
RPPNMLPKQHKFFCM98CA,16,64.18,停車場．避難室,鋼筋混凝土造,87年12月31日,八層,
RPPNMLPKQHKFFCM98CA,16,59.72,停車場．避難室,鋼筋混凝土造,87年12月31日,八層,
RPTNMLRJQHKFFCM86CA,22,81.78,集合住宅,鋼筋混凝土造,83年1月14日,十一層,七層 陽台 花台
RPTNMLRJQHKFFCM86CA,22,19.78,１﹒停車空間、防空避難室  ２﹒梯間、機械室、水箱,鋼筋混凝土造,83年1月14日,十一層,
RPVNMLKKQHKFFBM98CA,36,162.44,住家用,鋼筋混凝土加強磚造,68年6月1日,三層,一層 二層 三層
RPSNMLLKQHKFFBM78CA,41,76.37,住家用,鋼筋混凝土加強磚造,63年8月26日,二層,一層 二層
RPQOMLLKQHKFFCM78CA,20,142.10,住家用,加強磚造,84年6月1日,三層,一層 二層 三層 陽台 平台 露台 雨遮
RPSNMLLKQHKFFCM88CA,36,101.00,住家用,加強磚造,68年4月17日,二層,一層 二層
RPOOMLQJQHKFFAM78CA,14,169.09,住家用,鋼筋混凝土造,90年3月2日,三層,一層 二層 三層 陽台 屋頂突出物
RPQNMLRKQHKFFAM09CA,23,170.71,住家用,鋼筋混凝土造,81年9月24日,三層,一層 二層 三層
RPVNMLKKQHKFFAM88CA,19,94.64,住家用,鋼筋混凝土造,85年2月7日,八層,六層 陽台 花台
RPVNMLKKQHKFFAM88CA,19,7.48,住家用,鋼筋混凝土造,85年2月7日,八層,
RPVNMLKKQHKFFAM88CA,19,29.59,住家用,鋼筋混凝土造,85年2月7日,八層,
RPOPMLRJQHKFFAM98CA,19,473.42,住家用,見其他登記事項,85年10月11日,一層,一層
RPWNMLKKQHKFFCM56CA,19,172.27,農舍,木構造加強磚造、鋼鐵造,85年1月15日,一層,一層 平台
RPPOMLKKQHKFFCM58CA,35,122.85,住商用,加強磚造,69年5月29日,二層,一層 二層 騎樓
RPVNMLPLQHKFFCM07CA,19,35.26,集合住宅,鋼筋混凝土造,85年2月9日,十五層,十二層 陽台
RPVNMLPLQHKFFCM07CA,19,7.79,走道、機械房、門廳、騎樓、防空避難室兼停車場、梯間,鋼筋混凝土造,85年2月9日,十五層,
RPPNMLMKQHKFFEM88CA,8,79.43,住家用,ＲＣ造,96年4月17日,二層,一層 二層
RPQNMLLKQHKFFDM78CA,24,205.39,住商用,鋼筋混凝土造,80年12月4日,三層,一層 二層 三層 陽台 平台 屋頂突出物 騎樓
RPOOMLTKQHKFFCM76CA,21,96.79,集合住宅,鋼筋混凝土造,83年7月7日,十三層,十層 陽台 花台
RPOOMLTKQHKFFCM76CA,21,18.89,避難室兼停車場、門、梯間、突出物、機械房、水箱,鋼筋混凝土造,83年7月7日,十三層,
RPPNMLMKQHKFFCM68CA,15,183.67,住家用,鋼骨造,90年1月20日,三層,一層 二層 三層 陽台 平台
RPQNMLLKQHKFFBM58CA,33,146.71,住商用,鋼筋混凝土造,72年1月6日,三層,一層 二層 三層 騎樓
RPTNMLOLQHKFFDM86CA,17,142.76,住家用,鋼筋混凝土造,87年2月20日,三層,一層 二層 三層 陽台
RPTNMLOLQHKFFDM86CA,17,142.76,住家用,鋼筋混凝土造,87年2月20日,三層,一層 二層 三層 陽台
RPUOMLLKQHKFFAM98CA,11,179.19,住家用,鋼筋混凝土造,93年5月18日,四層,一層 二層 三層 四層 陽台 雨遮
RPQOMLKKQHKFFAM48CA,,172.89,住宅、水箱間、樓梯間,鋼筋混凝土造,104年2月4日,三層,一層 二層 三層 陽台 屋頂突出物
RPSNMLLMQHKFFAM88CA,21,384.48,商業用,鋼筋混凝土造,83年5月25日,四層,一層 二層 三層 四層 陽台 屋頂突出物 騎樓
RPPNMLOJRHKFFBM78CA,28,137.00,住家用,加強磚造,76年10月5日,二層,一層 二層 陽台
RPOOMLLJRHKFFBM48CA,10,175.66,住家用,鋼筋混凝土造,94年3月4日,三層,一層 二層 三層 陽台 屋頂突出物
RPUNMLNKQHKFFAM09CA,18,119.87,住家用,鋼筋混凝土造,86年9月19日,十四層,七層 八層 陽台
RPUNMLNKQHKFFAM09CA,18,28.97,水箱受電室、機房、梯廳、走道、防空避難室,鋼筋混凝土造,86年9月19日,十四層,
RPSNMLRLQHKFFBM86CA,37,81.78,住家用,鋼筋混凝土加強磚造,67年5月6日,二層,一層 二層
RPRNMLLMQHKFFBM88CA,17,189.77,住商用,鋼筋混凝土造,87年6月11日,四層,一層 二層 三層 四層 騎樓
RPPNMLOKQHKFFBM78CA,22,90.55,住家用,鋼筋混凝土造,82年3月12日,七層,二層 陽台 花台 見其他登記事項
RPPNMLOKQHKFFBM78CA,22,19.82,地下室、門廳、梯間、機械室、守衛室、水箱、車道,鋼筋混凝土造,82年3月12日,七層,
RPQNMLNKQHKFFCM88CA,,211.60,住家用,鋼筋混凝土造,104年3月18日,四層,一層 二層 三層 四層 陽台
RPQNMLRLQHKFFCM76CA,26,143.36,住家用,加強磚造,78年6月10日,一層,
RPQNMLLMQHKFFEM09CA,25,245.55,住商用,鋼筋混凝土造,79年12月12日,三層,一層 二層 三層 屋頂突出物 騎樓 地下層
RPRNMLQLQHKFFAM56CA,36,96.34,住商用,鋼筋混凝土加強磚造,69年1月23日,二層,一層 二層 騎樓
RPTOMLOKQHKFFCM76CA,20,191.72,住家用,鋼筋混凝土造,84年12月30日,三層,一層 二層 三層 陽台 平台 屋頂突出物 花台
RPRNMLTKQHKFFCM96CA,9,5406.74,工場﹝廠﹞,鋼骨造、ＲＣ造,95年12月29日,四層,一層 二層 三層 四層 陽台 屋頂突出物
RPRNMLNKQHKFFBM88CA,8,397.87,農舍,鋼鐵造有牆、鋼骨鋼筋混凝土造,96年7月5日,二層,一層 二層 陽台 雨遮 見其他登記事項
RPRNMLNKQHKFFBM88CA,6,704.00,農業設施〈育苗作業室及溫室〉,鋼鐵造有牆,98年10月20日,一層,一層
RPQNMLKLQHKFFCM68CA,8,5406.74,工場﹝廠﹞,鋼骨造、ＲＣ造,95年12月29日,四層,一層 二層 三層 四層 陽台 屋頂突出物
RPQNMLOKQHKFFAM78CA,35,104.77,住家用,鋼筋混凝土加強磚造,69年9月12日,二層,一層 二層 騎樓
RPSNMLOKQHKFFAM98CA,36,104.65,住商用,鋼筋混凝土加強磚造,68年12月18日,二層,一層 二層 騎樓
RPWNMLNJRHKFFAM66CA,16,193.74,住家用,鋼筋混凝土造,88年4月20日,三層,一層 二層 三層 陽台 屋頂突出物 雨遮
RPPOMLTKQHKFFCM86CA,,228.62,住宅、停車空間、樓梯間、水塔間,鋼筋混凝土造,104年3月30日,四層,一層 二層 三層 四層 陽台 雨遮 見其他登記事項
RPQOMLTKQHKFFCM96CA,,228.62,住宅、停車空間、樓梯間、水塔間,鋼筋混凝土造,104年3月30日,四層,一層 二層 三層 四層 陽台 雨遮 見其他登記事項
RPSOMLTKQHKFFCM17CA,,228.62,住宅、停車空間、樓梯間、水塔間,鋼筋混凝土造,104年3月30日,四層,一層 二層 三層 四層 陽台 雨遮 見其他登記事項
RPROMLTKQHKFFCM07CA,,228.62,住宅、停車空間、樓梯間、水塔間,鋼筋混凝土造,104年3月30日,四層,一層 二層 三層 四層 陽台 雨遮 見其他登記事項
RPUOMLOKQHKFFCM86CA,1,158.39,住宅、梯間,鋼筋混凝土造,104年1月7日,二層,一層 二層 陽台 雨遮 見其他登記事項
RPPNMLTJRHKFFCM76CA,1,97.80,農舍,ＲＣ造、加強磚造,103年6月3日,二層,一層 二層
RPWOMLOKQHKFFCM07CA,43,123.10,住家用,鋼筋混凝土加強磚造,61年11月30日,二層,一層 二層 騎樓
RPQNMLOKQHKFFDM09CA,21,257.97,廠房、辦公室、宿舍,鋼筋混凝土造,84年1月13日,三層,一層 二層 三層 陽台 平台 花台
RPRNMLRKQHKFFAM66DA,18,275.79,住商用,鋼筋混凝土造,87年1月6日,四層,一層 二層 三層 四層 陽台 屋頂突出物 騎樓
RPRNMLRKQHKFFAM66DA,18,31.81,停車空間、管理員室,鋼筋混凝土造,87年1月6日,四層,
RPPNMLRLQHKFFDM76CA,47,70.40,住家用,鋼筋混凝土加強磚造,57年11月1日,二層,一層 二層
RPQNMLRLQHKFFDM86CA,12,159.34,住家用,鋼筋混凝土造,92年10月7日,三層,一層 二層 三層 陽台 屋頂突出物
RPUNMLNJRHKFFDM76CA,1,179.91,住家用,鋼筋混凝土造,103年12月11日,三層,一層 二層 三層 陽台
RPPNMLPKQHKFFAM78CA,32,133.34,住家用,鋼筋混凝土加強磚造,72年8月19日,二層,一層 二層 陽台 電梯樓梯間
RPPNMLPKQHKFFAM78CA,32,133.34,住家用,鋼筋混凝土加強磚造,72年8月19日,二層,一層 二層 陽台 電梯樓梯間
RPPNMLSJRHKFFBM56CA,3,12.00,農舍,見其他登記事項,101年3月13日,一層,一層 陽台
RPSNMLQKQHKFFAM56CA,22,100.93,住家用,鋼筋混凝土造,82年11月10日,十四層,十一層 陽台
RPSNMLQKQHKFFAM56CA,22,12.06,梯間、水塔、機械室,鋼筋混凝土造,82年11月10日,十四層,
RPSNMLQKQHKFFAM56CA,22,10.71,避難室、開放空間、停車空間,鋼筋混凝土造,82年11月10日,十四層,
RPQNMLKLQHKFFDM78CA,24,100.67,住家用,鋼筋混凝土造,81年1月24日,二層,一層 二層
RPOOMLLLQHKFFAM48CA,27,128.89,住商用,鋼筋混凝土造,77年8月27日,二層,一層 二層 騎樓
RPPNMLSKQHKFFBM56CA,3,4.56,農舍,鋼造有牆　,101年7月23日,一層,一層
RPQNMLKLQHKFFBM58CA,1,206.26,住宅、樓梯間,鋼筋混凝土造,103年6月25日,三層,一層 二層 三層 陽台 見其他登記事項
RPPNMLTKQHKFFAM56CA,35,96.27,住商用,鋼筋混凝土加強磚造,69年4月12日,二層,一層 二層 騎樓
RPOOMLNJRHKFFAM58CA,2,249.38,住家用,鋼筋混凝土造,102年10月25日,三層,一層 二層 三層 陽台
RPUNMLNJRHKFFCM66CA,21,78.91,集合住宅,鋼筋混凝土造,83年7月8日,十二層,六層 陽台 花台
RPUNMLNJRHKFFCM66CA,21,12.90,避難室兼停車場、樓梯、門廳、騎樓、梯間、機械房、水箱、平台、瞭望台,鋼筋混凝土造,83年7月8日,十二層,
RPTNMLNJRHKFFCM56CA,20,232.86,住家用,鋼筋混凝土造,84年4月27日,四層,一層 二層 三層 四層 陽台
RPUOMLTKQHKFFCM37CA,4,213.55,店舖、住宅、樓梯間,鋼筋混凝土造,100年3月7日,三層,一層 二層 三層 陽台 雨遮 見其他登記事項
RPSNMLSKQHKFFCM96CA,8,197.44,住家用,鋼骨鋼筋混凝土造,96年2月13日,二層,一層 二層 見其他登記事項
RPSNMLQKRHKFFBM76CA,27,117.09,農舍,鋼造,77年6月22日,一層,一層
RPTNMLQKRHKFFBM86CA,26,180.96,農舍,鋼鐵架〈有墻〉,78年12月29日,二層,一層 二層
RPUNMLKLQHKFFCM09CA,34,132.40,住商用,加強磚造,70年7月3日,二層,一層 二層 陽台 騎樓
RPVNMLLLQHKFFCM66CA,32,149.00,住家用,加強磚造,72年7月4日,二層,一層 二層
RPQNMLPLQHKFFAM98CA,53,147.60,住宅、車庫,磚造,51年12月1日,一層,一層 車庫
RPWOMLLLQHKFFAM66CA,19,60.14,住家用,鋼筋混凝土造,85年2月7日,八層,四層 陽台 花台
RPWOMLLLQHKFFAM66CA,19,17.08,住家用,鋼筋混凝土造,85年2月7日,八層,
RPRNMLOLQHKFFAM98CA,44,57.76,住商用,鋼筋混凝土加強磚造,60年12月29日,三層,一層 二層 三層
RPQNMLSKQHKFFDM86CA,19,76.55,集合住宅,鋼筋混凝土造,85年3月21日,八層,六層 陽台 花台
RPOOMLTKQHKFFDM86CA,42,76.05,住家用,磚木造蓋瓦,62年4月9日,一層,一層 騎樓 見其他登記事項 見其他登記事項
RPPNMLOKQHKFFBM09CD,22,97.87,住家用,鋼筋混凝土造,82年12月21日,十二層,六層 陽台 花台 雨遮
RPPNMLOKQHKFFBM09CD,22,13.80,防空避難室、停車空間、水塔、機械房、梯間、膫望台,鋼筋混凝土造,82年12月21日,十二層,
RPVNMLKLQHKFFDM66CA,19,21.99,集合住宅,鋼筋混凝土造,85年3月9日,五層,三層 陽台 花台
RPVNMLKLQHKFFDM66CA,19,5.75,防空避難室、停車空間、門廳、屋頂突出物等公共設施,鋼筋混凝土造,85年3月9日,七層,
RPVNMLKLQHKFFDM66CA,19,3.71,梯間及走道等公共設施,鋼筋混凝土造,85年3月9日,五層,
RPSNMLOLQHKFFCM66CA,,138.36,住宅、梯間,鋼筋混凝土造,104年1月7日,二層,一層 二層 雨遮 見其他登記事項
RPPNMLRJRHKFFBM09CA,4,129.47,住家用,鋼筋混凝土造,100年10月12日,三層,一層 二層 三層 陽台
RPUNMLRLQHKFFAM96CA,5,155.15,住商用,鋼筋混凝土造,99年1月22日,三層,一層 二層 三層 陽台 屋頂突出物 騎樓 雨遮 夾層
RPPNMLLLQHKFFBM58CA,26,335.88,住家用,鋼筋混凝土造,78年8月25日,三層,一層 二層 三層 陽台 夾層
RPUNMLSJRHKFFAM96CA,35,134.22,住家用,鋼筋混凝土加強磚造,69年12月1日,一層,一層
RPQNMLOLQHKFFCM09CA,,228.62,住宅、停車空間、樓梯間、水塔間,鋼筋混凝土造,104年3月30日,四層,一層 二層 三層 四層 陽台 雨遮 見其他登記事項
RPPNMLKLQHKFFDM68CA,19,82.07,集合住宅,鋼筋混凝土造,85年3月21日,八層,七層 陽台 花台
RPPNMLOLQHKFFDM09CA,22,200.24,住家用,鋼筋混凝土造,83年1月24日,三層,一層 二層 三層
RPSNMLSJRHKFFDM07CA,37,82.50,住商用,鋼筋混凝土加強磚造,67年6月30日,二層,一層 二層
RPRNMLKLQHKFFAM68DA,13,180.81,住宅、機電設備,鋼筋混凝土造,91年3月1日,五層,一層 二層 三層 四層 陽台 雨遮 地下一層
RPRNMLKLQHKFFAM68DA,13,46.74,停車空間、機械室、配電室,鋼筋混凝土造,91年3月1日,五層,
RPPNMLNJRHKFFEM98CA,12,151.71,住家用,鋼筋混凝土造,93年1月9日,三層,一層 二層 三層 陽台
RPTNMLRLQHKFFAM86CA,17,144.70,住家用,鋼筋混凝土造,87年5月25日,二層,一層 二層 陽台 屋頂突出物 地下層
RPPNMLSLQHKFFAM56CA,17,42.38,住家用,鋼筋混凝土造,87年8月28日,五層,二層 陽台
RPPNMLSLQHKFFAM56CA,17,6.08,住家用,鋼筋混凝土造,87年8月28日,五層,
RPPNMLMJRHKFFAM48CA,36,143.99,住商用,鋼筋混凝土加強磚造,68年4月3日,二層,一層 二層 騎樓
RPQNMLQLQHKFFAM09CA,21,145.03,住家用,鋼筋混凝土造,83年10月19日,四層,一層 二層 三層 四層
RPUOMLLLQHKFFAM09CA,21,109.17,住家用,鋼筋混凝土造,83年12月23日,二層,一層 二層 屋頂突出物 騎樓
RPVOMLLLQHKFFAM56CA,23,84.30,住家用,鋼筋混凝土造,81年8月6日,五層,一層 平台
RPQNMLOLQHKFFBM98CA,44,153.75,工業用,鐵造,60年2月1日,一層,一層
RPPNMLPLQHKFFBM98CA,1,338.75,住家用,鋼筋混凝土造,103年5月13日,五層,一層 二層 三層 四層 五層 陽台
RPRNMLMJRHKFFBM78CA,55,136.30,住家用,磚造,49年1月31日,二層,一層 二層 騎樓
RPRNMLMJRHKFFBM78CA,39,97.90,住家用,鋼筋混凝土加強磚造,65年2月17日,二層,一層 二層 騎樓
RPQNMLMJRHKFFAM58CA,22,100.41,住家用,鋼筋混凝土造,82年11月15日,三層,一層 二層 三層 平台
RPTNMLMJRHKFFAM88CA,19,87.78,住家用,鋼筋混凝土造,85年11月30日,七層,三層 陽台
RPTNMLMJRHKFFAM88CA,19,.49,辦公室,鋼筋混凝土造,85年11月30日,七層,
RPTNMLMJRHKFFAM88CA,19,.13,,鋼筋混凝土造,85年11月30日,七層,
RPTNMLMJRHKFFAM88CA,19,26.24,,鋼筋混凝土造,85年11月30日,七層,
RPTNMLMJRHKFFAM88CA,19,7.50,,鋼筋混凝土造,85年11月30日,七層,
RPQNMLPLQHKFFDM66CA,33,110.94,住商用,鋼筋混凝土加強磚造,71年3月18日,二層,一層 二層 騎樓
RPXNMLQKRHKFFCM37CA,,115.87,停車空間、住宅、樓梯間,鋼筋混凝土造,104年6月16日,四層,一層 二層 三層 四層 陽台 見其他登記事項
RPXNMLQKRHKFFCM37CA,,115.87,停車空間、住宅、樓梯間,鋼筋混凝土造,104年6月16日,四層,一層 二層 三層 四層 陽台 見其他登記事項
RPTNMLLMQHKFFBM09CA,22,286.22,住商用,鋼筋混凝土造,82年10月15日,五層,一層 二層 三層 四層 五層 陽台 騎樓
RPRNMLRLQHKFFCM86CA,42,210.70,住家用,鋼筋混凝土加強磚造,62年7月30日,三層,一層 二層 三層 騎樓
RPQNMLPKRHKFFAM98CA,36,93.51,住商用,鋼筋混凝土加強磚造,68年3月5日,二層,一層 二層 騎樓
RPUNMLTJRHKFFAM07CA,37,63.00,住家用,鋼筋混凝土加強磚造,67年11月6日,一層,一層
RPSNMLPLQHKFFAM56CA,11,234.68,停車空間、住宅、梯間,鋼筋混凝土造,93年6月4日,四層,一層 二層 三層 四層 陽台 屋頂突出物 雨遮
RPTNMLQKRHKFFCM96CA,4,161.83,農舍,鋼鐵、加強磚造,99年8月11日,一層,一層
RPVNMLLMQHKFFBM66CA,35,97.86,住家用,加強磚造,70年1月15日,二層,一層 二層 陽台
RPQNMLQKRHKFFAM09CA,22,155.70,住家用,鋼筋混凝土造,82年4月20日,三層,一層 二層 三層
RPPNMLQLQHKFFCM66DA,4,191.74,住家用,鋼筋混凝土造,100年7月18日,四層,一層 二層 三層 四層 陽台
RPRNMLPLQHKFFAM56DA,11,166.35,住家用,鋼筋混凝土造,93年6月21日,三層,一層 二層 三層 陽台 平台 屋頂突出物
RPRNMLOJRHKFFEM66CA,9,219.44,住商用,ＲＣ造,95年8月17日,四層,一層 二層 三層 四層
RPPOMLQLQHKFFCM76DA,16,120.91,住家用,鋼筋混凝土造,88年5月6日,三層,一層 二層 三層
RPUNMLRLQHKFFCM27DA,42,70.20,住家用,鋼筋混凝土加強磚造,62年8月20日,二層,一層 二層
RPUNMLRLQHKFFCM27DA,42,70.20,住家用,鋼筋混凝土加強磚造,62年8月20日,二層,一層 二層
RPUNMLPKRHKFFBM86CA,,216.32,店舖、住宅、樓梯間,鋼筋混凝土造,104年4月23日,三層,一層 二層 三層 陽台 見其他登記事項
RPVNMLPKRHKFFBM96CA,,216.32,店舖、住宅、樓梯間,鋼筋混凝土造,104年4月23日,三層,一層 二層 三層 陽台 見其他登記事項
RPPNMLQKRHKFFAM98CA,22,155.70,住家用,鋼筋混凝土造,82年4月20日,三層,一層 二層 三層
RPXNMLPKRHKFFBM17CA,,216.32,店舖、住宅、樓梯間,鋼筋混凝土造,104年4月23日,三層,一層 二層 三層 陽台 見其他登記事項
RPTNMLSLQHKFFAM96CA,1,177.88,住宅、樓梯間,鋼筋混凝土造,103年12月19日,三層,一層 二層 三層 陽台 屋頂突出物
RPWNMLPKRHKFFBM07CA,,216.32,店舖、住宅、樓梯間,鋼筋混凝土造,104年4月23日,三層,一層 二層 三層 陽台 見其他登記事項
RPVNMLQLQHKFFCM17CA,1,47.15,農舍,鋼筋混凝土造,103年3月26日,一層,
RPTNMLQLQHKFFCM96CA,,140.44,農舍,鋼筋混凝土造,104年4月8日,二層,一層 二層
RPQNMLKKRHKFFCM68CA,34,73.13,住商用,ＲＣ加強磚造、加強磚木造,70年1月16日,二層,一層 二層
RPPNMLQLQHKFFDM66CA,20,227.32,住商用,鋼筋混凝土造,84年4月29日,四層,一層 二層 三層 四層 陽台 平台 騎樓 花台
RPXNMLKKRHKFFCM76CA,1,308.61,住家用,鋼筋混凝土造,103年8月26日,四層,一層 二層 三層 四層 陽台
RPOOMLLJRHKFFCM58CA,17,93.66,集合住宅,鋼筋混凝土造,87年12月31日,八層,八層 陽台
RPOOMLLJRHKFFCM58CA,17,29.41,停車場．避難室,鋼筋混凝土造,87年12月31日,八層,
RPTNMLRLQHKFFCM07CA,21,78.91,集合住宅,鋼筋混凝土造,83年7月8日,十二層,四層 陽台 花台
RPTNMLRLQHKFFCM07CA,21,12.90,避難室兼停車場、樓梯、門廳、騎樓、梯間、機械房、水箱、平台、瞭望台,鋼筋混凝土造,83年7月8日,十二層,
RPRNMLSLQHKFFAM76CA,,171.22,住家用,鋼筋混凝土造,104年4月22日,三層,一層 二層 三層 陽台
RPWOMLQKRHKFFCM37CA,1,155.51,住家用,鋼筋混凝土造,103年8月26日,四層,一層 二層 三層 四層 陽台
RPWOMLQKRHKFFCM37CA,1,155.51,住家用,鋼筋混凝土造,103年8月26日,四層,一層 二層 三層 四層 陽台
RPWNMLQKRHKFFAM07CA,25,130.01,住家用,鋼筋混凝土造,79年12月22日,三層,一層 二層 三層
RPQNMLSLQHKFFAM66CA,,158.74,住家用,鋼筋混凝土造,104年4月22日,三層,一層 二層 三層 陽台
RPVNMLRLQHKFFAM07CA,7,364.54,住家用,鋼筋混凝土造,97年9月16日,四層,一層 二層 三層 四層 陽台
RPQNMLQKRHKFFBM56CA,20,132.77,住家用,鋼筋混凝土造,84年11月21日,三層,一層 二層 三層 陽台 花台
RPSNMLSLQHKFFCM17DA,38,88.24,住家用,加強磚造,66年9月8日,二層,一層 二層
RPQNMLSLQHKFFBM76CA,8,179.85,住家用,鋼筋混凝土造,96年11月26日,三層,一層 二層 三層 陽台
RPPNMLSLQHKFFBM66CA,19,191.47,住家用,鋼筋混凝土造,85年4月25日,四層,一層 二層 三層 四層 陽台 平台 花台
RPSNMLRLQHKFFAM86DA,21,109.65,住家用,鋼筋混凝土造,83年11月9日,十六層,三層 陽台 露台
RPSNMLRLQHKFFAM86DA,21,21.33,騎樓、人行道、梯間、避難室、機械室,鋼筋混凝土造,83年11月9日,十六層,
RPRNMLOJRHKFFAM88CA,50,49.30,住家用,鐵筋加強磚造,54年10月8日,一層,一層
RPPNMLLJRHKFFCM58CA,36,66.54,住家用,加強磚造,68年7月26日,一層,一層 騎樓
RPROMLLMQHKFFCM09CA,20,157.42,住家用,鋼筋混凝土造,84年12月30日,四層,一層 二層 三層 四層 陽台 平台 花台
RPPNMLSJRHKFFCM66CA,20,29.29,公共設施、停車場、避難室,鋼筋混凝土造,84年5月24日,六層,
RPPNMLSJRHKFFCM66CA,20,90.79,集合住宅,鋼筋混凝土造,84年5月24日,六層,五層 平台 花台
RPPNMLSLQHKFFDM86CA,28,148.50,住家用,鋼筋混凝土加強磚造,76年7月20日,二層,一層 二層
RPRNMLRJRHKFFDM86CA,1,205.95,住宅、樓梯間,鋼筋混凝土造,103年10月13日,三層,一層 二層 三層 陽台 屋頂突出物
RPQNMLPKRHKFFDM76DA,37,133.36,住家用,鋼筋混凝土加強磚造,67年8月1日,一層,一層
RPXNMLRJRHKFFCM37CA,13,343.49,店舖、住宅、人行道,鋼筋混凝土造,91年2月8日,三層,一層 二層 三層 陽台 屋頂突出物 騎樓
RPUNMLLJRHKFFCM09CA,14,170.00,住家用,鋼筋混凝土造,90年12月12日,二層,一層 二層
RPPNMLNJRHKFFCM78CA,,217.18,住家用,鋼筋混凝土造,104年4月22日,三層,一層 二層 三層 陽台
RPSOMLOJRHKFFCM66CA,20,183.70,店舖、集合住宅,鋼筋混凝土造,85年2月9日,十五層,一層 二層 陽台 平台 騎樓
RPSOMLOJRHKFFCM66CA,20,.07,管理員室,鋼筋混凝土造,85年2月9日,十五層,
RPWNMLOJRHKFFCM96CA,23,136.09,住家用,鋼筋混凝土造,82年1月8日,三層,一層 二層 三層 屋頂突出物
RPRNMLSLQHKFFDM07CA,36,137.10,住家用,鋼筋混凝土加強磚造,68年2月14日,三層,一層 二層 三層
RPSOMLLMQHKFFCM56CA,7,166.50,住宅、樓梯間,鋼筋混凝土造,97年11月18日,三層,一層 二層 三層 陽台 見其他登記事項
RPRNMLLMQHKFFAM78CA,23,111.75,住家用,鋼筋混凝土造,81年12月21日,三層,一層 二層 三層
RPXNMLLKRHKFFAM66CA,11,182.26,住家用,鋼筋混凝土造,93年5月18日,四層,一層 二層 三層 四層 陽台 雨遮
RPRNMLLJRHKFFBM68CA,15,121.98,住家用,鋼筋混凝土造,89年3月21日,三層,一層 二層 三層 陽台
RPWNMLLMQHKFFBM76CA,16,99.12,住家用,鋼筋混凝土造,88年2月12日,九層,五層 陽台 雨遮
RPWNMLLMQHKFFBM76CA,16,48.58,防空避難室、停車空間、水塔、梯間、機械房、暸望台,鋼筋混凝土造,88年2月12日,九層,
RPXNMLLMQHKFFBM86CA,16,187.79,住家用,鋼筋混凝土造,88年11月6日,四層,一層 二層 三層 四層 陽台
RPPNMLLJRHKFFBM48CA,24,90.78,商業用,鋼筋混凝土造,80年3月23日,十二層,八層 陽台
RPPNMLLJRHKFFBM48CA,24,45.55,樓梯間、人行道、門廊、門廳、機械室、水箱、避難室,鋼筋混凝土造,80年3月23日,十二層,
RPUNMLLMQHKFFBM56CA,34,146.21,住商用,鋼筋混凝土加強磚造,70年12月14日,二層,一層 二層 騎樓
RPQNMLMJRHKFFEM98CA,23,215.39,住商用,鋼筋混凝土造,81年10月1日,三層,一層 二層 三層 屋頂突出物 騎樓
RPQNMLLJRHKFFBM58CA,22,97.87,住家用,鋼筋混凝土造,82年12月21日,十二層,三層 陽台 花台 雨遮
RPQNMLLJRHKFFBM58CA,22,13.80,防空避難室、停車空間、水塔、機械房、梯間、膫望台,鋼筋混凝土造,82年12月21日,十二層,
RPQNMLKLRHKFFAM58CA,,199.47,住宅、樓梯間、水箱間,鋼筋混凝土造,103年12月18日,三層,一層 二層 三層 陽台 屋頂突出物
RPXNMLOKRHKFFCM17CA,32,105.97,住家用,加強磚造,72年11月23日,二層,一層 二層 陽台 騎樓
RPTNMLPKRHKFFCM86CA,20,69.88,集合住宅,鋼筋混凝土造,84年10月2日,七層,二層 陽台
RPTNMLPKRHKFFCM86CA,20,21.63,公共設施,鋼筋混凝土造,84年10月2日,七層,
RPVNMLLJRHKFFCM56CA,21,103.83,集合住宅,鋼筋混凝土造,83年7月8日,十二層,十二層 陽台 花台
RPVNMLLJRHKFFCM56CA,21,14.26,避難室兼停車場、樓梯、門廳、騎樓、梯間、機械房、水箱、平台、瞭望台,鋼筋混凝土造,83年7月8日,十二層,
RPVNMLPKRHKFFCM07CA,10,210.02,住家用,鋼筋混凝土造,94年5月12日,四層,一層 二層 三層 四層 陽台
RPQNMLMJRHKFFDM88CA,21,193.36,住家用,鋼筋混凝土造,83年7月18日,四層,一層 二層 三層 四層 陽台 平台 水箱 電梯樓梯間
RPSNMLOKRHKFFDM76CA,44,59.25,住家用,磚造,61年1月1日,一層,
RPTNMLOJRHKFFCM66CA,9,174.42,住家用,鋼筋混凝土造,95年7月20日,四層,一層 二層 三層 四層 雨遮
RPUNMLOJRHKFFCM76CA,21,123.95,集合住宅,鋼筋混凝土造,83年12月31日,十二層,七層 陽台
RPUNMLOJRHKFFCM76CA,21,27.40,樓梯間、機械房、水箱,鋼筋混凝土造,83年12月31日,十二層,
RPRNMLNJRHKFFCM98CA,,234.80,住宅、停車空間、樓梯間、水塔間,鋼筋混凝土造,104年3月30日,四層,一層 二層 三層 四層 陽台 雨遮 見其他登記事項
RPSNMLNJRHKFFCM09CA,,239.09,住宅、停車空間、樓梯間、水塔間,鋼筋混凝土造,104年3月30日,四層,一層 二層 三層 四層 陽台 雨遮 見其他登記事項
RPWNMLPKRHKFFCM17CA,22,103.10,住家用,鋼筋混凝土造,82年8月31日,三層,一層 二層 三層 陽台
RPPNMLNJRHKFFBM68CA,1,220.14,集合住宅,鋼筋混凝土造,103年6月25日,四層,一層 二層 三層 四層 陽台
RPXOMLQKRHKFFCM47CA,21,97.70,集合住宅,鋼筋混凝土造,83年7月7日,十三層,九層 陽台 花台
RPXOMLQKRHKFFCM47CA,21,29.90,避難室兼停車場、門、梯間、突出物、機械房、水箱,鋼筋混凝土造,83年7月7日,十三層,
RPSNMLKMRHKFFBM09DA,37,131.01,住商用,鋼筋混凝土加強磚造,67年5月18日,二層,一層 二層 騎樓 電梯樓梯間
RPPNMLLKRHKFFCM78DA,11,132.06,集合住宅,鋼筋混凝土造,93年11月16日,九層,四層 陽台
RPPNMLLKRHKFFCM78DA,11,56.68,騎樓、車道、梯間、多功能會議室、機房,鋼筋混凝土造,93年11月16日,九層,
RPTNMLKMRHKFFCM56CA,20,87.99,集合住宅,鋼筋混凝土造,84年10月2日,七層,四層 陽台
RPTNMLKMRHKFFCM56CA,20,26.71,公共設施,鋼筋混凝土造,84年10月2日,七層,
RPWNMLNJRHKFFDM07DA,37,176.24,住家用,鋼筋水泥磚造蓋瓦,68年1月1日,二層,一層 二層 騎樓
RPSNMLNJRHKFFAM88CA,42,98.98,住家用,鋼筋混凝土加強磚造,62年12月28日,二層,一層 二層
RPQNMLNJRHKFFAM68CA,13,74.87,農舍,鋼筋混凝土造,92年1月6日,二層,一層 二層 陽台
RPQNMLNJRHKFFAM68CA,13,74.87,農舍,鋼筋混凝土造,92年1月6日,二層,一層 二層 陽台
RPUOMLOJRHKFFCM86CA,38,54.60,住家用,鋼筋混凝土加強磚造,66年2月11日,二層,一層 二層
RPUOMLOJRHKFFCM86CA,38,54.60,住家用,鋼筋混凝土加強磚造,66年2月11日,二層,一層 二層
RPQNMLLKRHKFFAM58CA,1,335.29,集合住宅、停車空間,鋼筋混凝土造,103年3月10日,四層,一層 二層 三層 四層 陽台
RPRNMLKKRHKFFAM58CA,1,172.41,住宅、停車空間,鋼筋混凝土造,103年10月23日,四層,一層 二層 三層 四層 陽台
RPRNMLKKRHKFFAM58CA,1,.31,住家用,鋼筋混凝土造,103年10月23日,一層,
RPPNMLKKRHKFFAM38CA,20,91.77,住家用,鋼筋混凝土造,84年2月16日,十三層,八層 陽台 花台
RPPNMLKKRHKFFAM38CA,20,23.87,辦公室、康樂室、電梯、門廳、機房、水箱、平臺、瞭望臺、梯間、變電室、機械室,鋼筋混凝土造,84年2月16日,十三層,
RPPNMLKKRHKFFAM38CA,20,12.67,停車空間,鋼筋混凝土造,84年2月16日,十三層,
RPSNMLKKRHKFFAM68CA,1,178.21,住宅、停車空間,鋼筋混凝土造,103年10月23日,四層,一層 二層 三層 四層 陽台
RPSNMLKKRHKFFAM68CA,1,.31,住家用,鋼筋混凝土造,103年10月23日,一層,
RPQNMLMJRHKFFCM78CA,5,105.26,農舍,鋼筋混凝土造,99年8月2日,一層,一層
RPTNMLKKRHKFFAM78CA,1,270.62,住宅、水箱、停車空間,鋼筋混凝土造,103年10月23日,四層,一層 二層 三層 四層 陽台 見其他登記事項
RPTNMLKKRHKFFAM78CA,1,.56,住家用,鋼筋混凝土造,103年10月23日,一層,
RPPNMLNLRHKFFDM09CA,14,84.99,集合住宅,鋼筋混凝土造,91年1月10日,四層,二層 陽台
RPPNMLNLRHKFFDM09CA,14,7.58,梯間、屋頂突出物,鋼筋混凝土造,91年1月10日,四層,
RPVNMLOKRHKFFDM07CA,13,154.20,住家用,鋼筋混凝土造,91年4月11日,三層,一層 二層 三層 陽台 屋頂突出物
RPSNMLOJRHKFFCM56CA,17,125.79,住家用,鋼筋混凝土造,87年10月19日,三層,一層 二層 三層 陽台
RPPNMLOJRHKFFAM68CA,20,200.86,住家用,鋼筋混凝土造,84年6月22日,三層,一層 二層 三層 陽台 平台 屋頂突出物 雨遮 地下層
RPPNMLOJRHKFFAM68CA,20,21.81,住家用,鋼筋混凝土造,84年6月22日,三層,
RPROMLOJRHKFFCM56CA,49,85.14,住家用,磚造,55年6月24日,二層,
RPVNMLNJRHKFFCM76CA,1,211.82,住家用,鋼筋混凝土造,104年1月12日,三層,一層 二層 三層 陽台
RPUNMLRJRHKFFAM86CA,36,121.72,住商用,鋼筋混凝土加強磚造,68年12月24日,二層,一層 二層 騎樓
RPTNMLRJRHKFFCM07DA,34,102.08,住家用,加強磚造,70年4月8日,二層,一層 二層 騎樓
RPSNMLOKRHKFFBM56CA,24,185.85,住家用,鋼筋混凝土造,81年1月22日,三層,一層 二層 三層 陽台 電梯樓梯間
RPQNMLTJRHKFFCM96DA,,202.90,住家用,鋼筋混凝土造,104年4月22日,三層,一層 二層 三層 陽台
RPTNMLPKRHKFFAM66CA,,168.64,住宅、樓梯間,鋼筋混凝土造,104年5月15日,三層,一層 二層 三層 陽台 屋頂突出物
RPPNMLLKRHKFFAM58DA,35,2227.15,辦公室、廠房、宿舍、守衛室、避難室,加強磚造、鋼架石棉瓦、鋼筋混凝土加強磚造,70年1月1日,二層,一層 二層 地下層
RPPNMLLKRHKFFAM58DA,,684.90,涼棚、辦公室、宿舍、避難室,鋼筋混凝土造,,三層,一層 二層 三層 地下層 見其他登記事項
RPOOMLQKRHKFFAM98CA,22,162.83,住家用,鋼筋混凝土造,82年5月13日,三層,一層 二層 三層 陽台 平台 屋頂突出物
RPTNMLSJRHKFFCM07CA,36,74.26,住商用,鋼筋混凝土加強磚造,68年5月11日,二層,一層 二層 騎樓
RPPOMLQKRHKFFAM09CA,20,86.04,住家用,鋼筋混凝土造,85年2月7日,八層,六層 陽台 花台
RPRNMLOJRHKFFDM56CA,36,192.00,住商用,鋼筋混凝土加強磚造,68年6月13日,三層,一層 二層 三層 騎樓
RPQNMLKMRHKFFCM88CA,38,223.54,住家用,鋼筋混凝土造,66年6月20日,三層,一層 二層 三層
RPVNMLSJRHKFFAM07CA,35,86.46,住家用,加強磚造,69年3月24日,二層,一層 二層
RPTNMLPKRHKFFBM76CA,25,145.33,住家用,鋼筋混凝土造,79年12月8日,三層,一層 二層 三層 騎樓
RPTNMLOKRHKFFBM66CA,19,93.01,住家用,鋼筋混凝土造,85年6月13日,九層,一層 平台
RPTNMLOKRHKFFBM66CA,19,34.22,停車空間、防空避難室、梯間、機械室、水塔、門廳,鋼筋混凝土造,85年6月13日,九層,
RPQNMLSJRHKFFBM66CA,20,171.96,住家用,鋼筋混凝土造,84年8月25日,三層,一層 二層 三層 陽台 電梯樓梯間
RPRNMLKMRHKFFBM98DA,35,184.78,農舍,加強磚造,70年1月1日,二層,一層 二層 陽台
RPXNMLSLKILFFAM96CA,36,52.72,住商用,鋼筋混凝土加強磚造,69年1月10日,二層,一層 二層 騎樓
RPXNMLSLKILFFAM96CA,36,52.72,住商用,鋼筋混凝土加強磚造,69年1月10日,二層,一層 二層 騎樓
RPUNMLLKRHKFFBM09CA,24,145.35,住家用,鋼筋混凝土造,80年9月6日,三層,一層 二層 三層 陽台
RPXNMLOLRHKFFCM27CA,30,111.96,住商用,鋼筋混凝土造,74年5月15日,二層,一層 二層 騎樓
RPRNMLTJRHKFFCM96CA,14,144.65,住家用,鋼筋混凝土造,90年12月27日,三層,一層 二層 三層 陽台 屋頂突出物
RPPNMLMJIIKFFCM87CA,39,71.28,住家用,加強磚造,65年3月17日,一層,一層
RPUNMLMJIIKFFCM38CA,20,30.37,集合住宅,鋼筋混凝土造,85年2月9日,十五層,十二層 陽台
RPUNMLMJIIKFFCM38CA,20,9.39,走道、機械房、門廳、騎樓、防空避難室兼停車場、梯間,鋼筋混凝土造,85年2月9日,十五層,
RPTNMLOKRHKFFDM86CA,37,140.92,住商用,鋼筋混凝土加強磚造,68年1月5日,二層,一層 二層
RPTNMLOKRHKFFDM86CA,37,70.46,住家用,鋼筋混凝土加強磚造,68年1月5日,三層,三層
RPSNMLSKRHKFFAM86CA,27,132.48,住家用,鋼筋混凝土造,77年12月2日,二層,一層 二層 電梯樓梯間 夾層
RPSNMLRKRHKFFBM86CA,2,233.76,住家用,鋼筋混凝土造,102年5月14日,四層,一層 二層 三層 四層 陽台
RPPNMLLKRHKFFEM88CA,13,199.41,住家用,鋼筋混凝土造,91年12月16日,三層,一層 二層 三層 陽台 屋頂突出物
RPUNMLLKRHKFFAM98CA,38,83.52,住商用,鋼筋混凝土加強磚造,66年8月12日,二層,一層 二層 騎樓
RPUNMLLKRHKFFAM98CA,38,83.36,住商用,鋼筋混凝土加強磚造,66年8月12日,二層,一層 二層 騎樓
RPPNMLKKRHKFFDM68CA,36,45.25,住商用,鋼筋混凝土加強磚造,68年10月1日,二層,一層 二層
RPPNMLOLRHKFFDM56CA,1,175.67,住家用,鋼筋混凝土造,103年12月11日,三層,一層 二層 三層 陽台
RPVNMLLKRHKFFCM66CA,35,96.88,住家用,鋼筋混凝土加強磚造,69年3月25日,二層,一層 二層
RPPNMLTKRHKFFCM86CA,17,184.25,住家用,鋼筋混凝土造,87年11月16日,三層,一層 二層 三層 陽台 屋頂突出物 雨遮
RPQNMLSKRHKFFCM86CA,35,80.44,住家用,鋼筋混凝土加強磚造,70年1月9日,二層,一層 二層
RPPNMLQKRHKFFCM56CA,35,20.46,住家用,加強磚造,70年1月23日,一層,一層
RPPNMLQKRHKFFCM56CA,35,20.46,住家用,加強磚造,70年1月23日,一層,一層
RPROMLKMRHKFFCM09CA,2,8.00,農舍,鋼鐵造有牆,102年4月18日,一層,一層
RPROMLKMRHKFFCM09CA,2,8.00,農舍,鋼鐵造有牆,102年4月18日,一層,一層
RPTNMLOKRHKFFCM76CA,20,37.22,集合住宅,鋼筋混凝土造,84年11月22日,十二層,九層 陽台
RPTNMLOKRHKFFCM76CA,20,19.45,門廳、梯間、水塔、牌樓、停車空間兼防空避難室、機械房,鋼筋混凝土造,84年11月22日,十二層,
RPPNMLQJIIKFFCM28CA,33,107.37,住家用,鋼筋混凝土加強磚造,72年2月9日,二層,一層 二層 見其他登記事項
RPVNMLQKRHKFFAM96CA,,158.74,住家用,鋼筋混凝土造,104年4月22日,三層,一層 二層 三層 陽台
RPQNMLRKRHKFFAM56CA,3,198.98,住宅、樓梯間、水箱間,鋼筋混凝土造,101年10月8日,三層,一層 二層 三層 陽台 屋頂突出物
RPRNMLNLRHKFFAM98CA,22,51.45,住家用,鋼筋混凝土造,82年11月10日,十四層,三層 陽台
RPRNMLNLRHKFFAM98CA,22,10.91,梯間、水塔、機械室,鋼筋混凝土造,82年11月10日,十四層,
RPRNMLNLRHKFFAM98CA,22,5.48,避難室、開放空間、停車空間,鋼筋混凝土造,82年11月10日,十四層,
RPPNMLMKIIKFFEM18CA,14,236.40,住家用,鋼筋混凝土造,90年5月10日,三層,一層 二層 三層
RPSNMLOKRHKFFAM09CA,7,305.62,農舍,鋼筋混凝土造,96年10月2日,二層,一層 二層 陽台
RPUNMLPKRHKFFAM76CA,20,95.12,住商用,鋼筋混凝土造,84年5月1日,七層,一層 二層 陽台 平台 騎樓
RPPNMLPKRHKFFAM88CA,1,232.21,住家用,鋼筋混凝土造,103年12月19日,四層,一層 二層 三層 四層 陽台
RPSNMLTKRHKFFDM27CA,28,105.00,住商用,鋼筋混凝土加強磚造,76年6月29日,二層,一層 二層 騎樓
RPRNMLRKRHKFFCM86CA,,227.47,住宅、停車空間、樓梯間、水塔間,鋼筋混凝土造,104年3月30日,四層,一層 二層 三層 四層 陽台 雨遮 見其他登記事項
RPSNMLRKRHKFFCM96CA,,247.07,住宅、停車空間、樓梯間、水塔間,鋼筋混凝土造,104年3月30日,四層,一層 二層 三層 四層 陽台 雨遮 見其他登記事項
RPVNMLRKRHKFFCM27CA,,228.62,住宅、停車空間、樓梯間、水塔間,鋼筋混凝土造,104年3月30日,四層,一層 二層 三層 四層 陽台 雨遮 見其他登記事項
RPWNMLOLRHKFFCM17CA,11,37.63,農舍,鋼鐵造有牆,93年3月15日,一層,一層
RPQNMLMKIIKFFAM87CA,9,163.21,住家用,鋼筋混凝土造,95年8月14日,三層,一層 二層 三層 陽台 屋頂突出物
RPSNMLKMRHKFFDM56CA,35,93.48,住家用,磚造,70年1月1日,一層,一層
RPTNMLMKIIKFFCM38CA,9,79.04,住宅、梯間,鋼筋混凝土造,95年4月13日,三層,一層 二層 三層 陽台 屋頂突出物
RPTNMLMKIIKFFCM38CA,9,79.04,住宅、梯間,鋼筋混凝土造,95年4月13日,三層,一層 二層 三層 陽台 屋頂突出物
RPRNMLQKRHKFFBM76DA,17,185.01,住家用,鋼筋混凝土造,87年6月11日,四層,一層 二層 三層 四層
RPPNMLRKRHKFFBM66DA,33,113.28,住商用,鋼筋混凝土造,71年9月3日,三層,一層 二層 三層 陽台 騎樓 電梯樓梯間
RPRNMLNLRHKFFBM09CA,12,112.66,集合住宅,鋼筋混凝土造,93年2月5日,七層,一層 陽台
RPRNMLNLRHKFFBM09CA,12,66.33,防空避難室兼停車空間、梯間、社區活動室、機械室、水箱,鋼筋混凝土造,93年2月5日,七層,
RPPNMLMLRHKFFBM78CA,7,200.97,農舍,鋼骨造有牆,97年5月19日,一層,一層 陽台 見其他登記事項
RPRNMLSKRHKFFAM76CA,3,380.42,住宅、停車空間,鋼筋混凝土造,101年5月1日,四層,一層 二層 三層 四層 陽台
RPRNMLSKRHKFFAM76CA,3,2.02,守衛室、電信室、屋突裝飾物,鋼筋混凝土造,101年5月3日,一層,
RPRNMLMJIIKFFAM87CA,39,66.96,住家用,水泥加強磚造蓋瓦,65年12月10日,一層,一層
RPQNMLQKRHKFFDM76CA,19,23.16,集合住宅,鋼筋混凝土造,85年3月9日,七層,四層 陽台
RPQNMLQKRHKFFDM76CA,19,4.32,防空避難室、停車空間、門廳、屋頂突出物等公共設施,鋼筋混凝土造,85年3月9日,七層,
RPQNMLQKRHKFFDM76CA,19,4.29,梯間、走道,鋼筋混凝土造,85年3月9日,七層,
RPRNMLMLRHKFFDM56CA,19,148.57,住商用,鋼筋混凝土造,85年11月22日,三層,一層 二層 三層 騎樓
RPOOMLOLRHKFFCM09CA,35,59.05,住商用,鋼筋混凝土造,69年3月15日,二層,一層 二層 騎樓
RPOOMLOLRHKFFCM09CA,35,59.05,住商用,鋼筋混凝土造,69年3月15日,二層,一層 二層 騎樓
RPVNMLNLRHKFFCM96CA,42,158.29,住家用,鋼筋混凝土加強磚造,62年11月20日,二層,一層 二層 騎樓
RPUOMLQKRHKFFCM17CA,39,136.86,住宅、店舖、人行道,﹙Ａ﹚加強磚造、﹙Ｂ﹚木構造,65年8月6日,三層,一層 二層 三層 陽台 騎樓
RPUNMLLLRHKFFCM66CA,20,154.62,集合住宅,鋼筋混凝土造,84年9月7日,九層,七層 陽台 花台
RPUNMLLLRHKFFCM66CA,20,68.38,公共設施,鋼筋混凝土造,84年9月7日,九層,
RPVOMLQKRHKFFCM27CA,1,311.09,住家用,鋼筋混凝土造,103年8月26日,四層,一層 二層 三層 四層 陽台
RPRNMLSKRHKFFCM96CA,39,108.10,住商用,鋼筋混凝土加強磚造,65年10月9日,二層,一層 二層 騎樓
RPVNMLMLRHKFFCM86CA,18,169.94,住家用,鋼筋混凝土造,86年11月19日,四層,一層 二層 三層 四層 陽台 平台
RPVNMLMLRHKFFCM86CA,18,105.11,商業用,鋼筋混凝土造,86年11月19日,,
RPXNMLMJIIKFFCM68CA,46,128.37,住家用,加強磚造,58年12月1日,二層,一層 二層 騎樓
RPPNMLRKRHKFFAM09CA,1,209.23,住宅、樓梯間、停車空間,鋼筋混凝土造,103年4月21日,三層,一層 二層 三層 陽台 屋頂突出物
RPPNMLSKRHKFFBM66CA,16,206.93,住家用,鋼筋混凝土造,88年3月9日,三層,一層 二層 三層 電梯樓梯間
RPTNMLLLRHKFFBM09CA,42,105.54,住商用,鋼筋混凝土加強磚造,62年7月30日,四層,一層 二層 三層 四層
RPPNMLQJIIKFFAM08CA,15,197.65,住家用,鋼筋混凝土造,89年2月21日,四層,一層 二層 三層 四層 陽台 地下層
RPPNMLOLRHKFFCM56DA,19,145.33,住家用,鋼筋混凝土造,85年11月22日,三層,一層 二層 三層 陽台 平台 屋頂突出物 雨遮
RPVNMLKMRHKFFCM86DA,12,106.58,住家用,鋼筋混凝土造,92年6月5日,二層,一層 二層
RPQNMLLLRHKFFDM09DA,25,283.50,農舍,鋼筋混凝土加強磚造,79年7月5日,二層,一層 二層
RPQNMLLLRHKFFBM88DA,55,103.50,住家用,木石磚造、加強磚造,,二層,一層 二層
RPUNMLLLRHKFFBM56CA,,173.51,住家用,鋼筋混凝土造,104年4月20日,四層,一層 二層 三層 四層 陽台
RPRNMLLLRHKFFBM88CA,32,79.20,住家用,鋼筋混凝土造,72年4月12日,四層,四層 陽台
RPRNMLLLRHKFFBM88CA,32,5.40,國民住宅,鋼筋混凝土造,72年4月12日,四層,
RPRNMLLLRHKFFBM88CA,32,1.68,國民住宅,鋼筋混凝土造,72年4月12日,四層,
RPRNMLLLRHKFFBM88CA,32,.84,國民住宅,鋼筋混凝土造,72年4月12日,四層,
RPWNMLPJIIKFFBM78CA,,215.72,停車空間、集合住宅,鋼筋混凝土造,104年3月27日,四層,一層 二層 三層 四層 陽台
RPPNMLLJIIKFFBM67CA,46,65.48,住家用,鋼筋混凝土加強磚造,59年1月20日,二層,一層 二層
RPSNMLLJIIKFFBM97CA,,158.62,廠房、住宅,加強磚造,,二層,一層 二層 陽台 騎樓
RPTNMLLJIIKFFBM08CA,23,99.59,住家用,鋼筋混凝土造,81年10月3日,二層,一層 二層 陽台 騎樓 電梯樓梯間
RPQNMLPLRHKFFBM56CA,20,103.42,住家用,鋼筋混凝土造,84年7月19日,八層,七層 陽台 花台
RPQNMLPLRHKFFBM56CA,20,35.41,防空避難室兼停車空間、梯間、門廳、水塔、機械房,鋼筋混凝土造,84年7月19日,八層,
RPRNMLOKIIKFFCM38CA,30,60.00,住家用,加強磚造,74年4月23日,二層,一層 二層
RPVNMLPJIIKFFAM58CA,21,88.47,住家用,鋼筋混凝土造,84年2月16日,十三層,十層 陽台
RPVNMLPJIIKFFAM58CA,21,23.37,辦公室、康樂室、電梯、門廳、機房、水箱、平臺、瞭望臺、梯間、變電室、機械室,鋼筋混凝土造,84年2月16日,十三層,
RPPNMLMJIIKFFEM08CA,46,41.20,住家用,磚造,59年2月15日,二層,一層 二層
RPSNMLLLRHKFFBM98CA,,173.51,住家用,鋼筋混凝土造,104年4月20日,四層,一層 二層 三層 四層 陽台
RPPNMLPJIIKFFDM28CA,32,78.08,住家用,鋼筋混凝土加強磚造,73年1月25日,二層,一層 二層 騎樓
RPPNMLQKIIKFFCM38CA,35,120.12,住商用,加強磚造,69年5月15日,一層,一層 陽台 騎樓 地下層
RPQNMLOLRHKFFCM56CA,17,94.03,集合住宅,鋼筋混凝土造,87年12月31日,八層,六層 陽台
RPQNMLOLRHKFFCM56CA,17,58.83,停車場．避難室,鋼筋混凝土造,87年12月31日,八層,
RPPNMLNLRHKFFBM88CA,35,118.65,住家用,加強磚造,69年12月18日,二層,一層 二層 陽台
RPRNMLPLRHKFFBM66CA,44,97.38,住家用,加強磚造,60年7月15日,二層,一層 二層
RPSNMLOLRHKFFAM56CA,,210.50,住家用,鋼筋混凝土造,104年4月27日,四層,一層 二層 三層 四層 陽台
RPUNMLNLRHKFFAM66CA,13,196.28,農舍,鋼筋混凝土造,91年5月6日,三層,一層 二層 三層
RPOOMLPJIIKFFAM97CA,37,94.69,住商用,加強磚造,,二層,一層 二層
RPSNMLPLRHKFFBM76CA,35,104.15,住家用,加強磚造,69年6月1日,二層,一層 二層 陽台
RPSNMLNLRHKFFBM56CA,15,161.42,住家用,鋼筋混凝土造,89年3月21日,三層,一層 二層 三層 陽台 屋頂突出物
RPTNMLPLRHKFFBM86CA,23,190.34,倉庫,鋼筋混凝土造,82年2月1日,三層,一層 二層 三層 陽台 電梯樓梯間
RPPNMLTLRHKFFBM86CA,26,1.23,住家用,加強磚造,78年4月4日,二層,一層 二層 夾層
RPOOMLKMRHKFFBM68CA,33,146.71,住商用,鋼筋混凝土造,72年1月6日,三層,一層 二層 三層 騎樓
RPWNMLLJIIKFFBM38CA,19,66.90,住家用,鋼筋混凝土造,85年6月13日,九層,三層 陽台
RPWNMLLJIIKFFBM38CA,19,24.61,停車空間、防空避難室、梯間、機械室、水塔、門廳,鋼筋混凝土造,85年6月13日,九層,
RPUNMLKMRHKFFBM56CA,5,187.52,住家用,鋼筋混凝土造,100年1月24日,四層,一層 二層 三層 四層 陽台
RPVNMLKMRHKFFBM66CA,2,187.52,住家用,鋼筋混凝土造,100年1月24日,四層,一層 二層 三層 四層 陽台
RPUNMLPLRHKFFBM96CA,18,172.55,住家用,鋼筋混凝土造,86年3月13日,三層,一層 二層 三層 電梯樓梯間
RPPNMLPLRHKFFAM98CA,,158.74,住家用,鋼筋混凝土造,104年4月22日,三層,一層 二層 三層 陽台
RPRNMLPLRHKFFAM56CA,,161.28,住家用,鋼筋混凝土造,104年4月22日,三層,一層 二層 三層 陽台
RPQNMLPLRHKFFAM09CA,,169.05,住家用,鋼筋混凝土造,104年4月22日,三層,一層 二層 三層 陽台
RPVNMLLLIIKFFCM58CA,44,66.60,住家用,鋼筋混凝土加強磚造,60年7月29日,二層,一層 二層
RPSOMLKMRHKFFCM66DA,41,93.97,住商用,鋼筋混凝土加強磚造,63年5月20日,二層,一層 二層 騎樓
RPSNMLNLIIKFFDM58CA,12,157.50,住家用,鋼筋混凝土造,92年6月11日,三層,一層 二層 三層 陽台 屋頂突出物
RPUNMLMKIIKFFAM28CA,23,143.63,住家用,鋼筋混凝土造,81年6月19日,三層,一層 二層 三層 屋頂突出物 騎樓
RPPNMLNKIIKFFAM87CA,17,5295.13,工業用,鋼造,87年12月24日,二層,一層 二層
RPPNMLNJIIKFFBM87CA,8,191.50,住家用,鋼筋混凝土造,96年9月14日,四層,一層 二層 三層 四層 雨遮
RPOOMLMJIIKFFCM87CA,21,109.20,住家用,鋼筋混凝土造,83年5月10日,三層,一層 二層 三層
RPVNMLMJIIKFFCM48CA,13,50.94,人行道、店舖、住宅,鋼骨鋼筋混凝土造,91年3月26日,三層,一層 二層 三層 陽台 屋頂突出物 騎樓
RPPNMLMJIIKFFDM97CA,37,117.80,住商用,鋼筋混凝土加強磚造,68年1月15日,二層,一層 二層 騎樓
RPSNMLMJIIKFFAM97CA,21,92.35,住家用,鋼筋混凝土造,84年2月16日,十三層,十二層 陽台
RPSNMLMJIIKFFAM97CA,21,23.37,辦公室、康樂室、電梯、門廳、機房、水箱、平臺、瞭望臺、梯間、變電室、機械室,鋼筋混凝土造,84年2月16日,十三層,
RPUNMLLJIIKFFAM08CA,13,165.25,住商用,鋼筋混凝土造,91年9月20日,四層,一層 二層 三層 四層 陽台 雨遮
RPRNMLMLIIKFFBM28DA,24,176.78,住商用,鋼筋混凝土造,80年4月9日,三層,一層 二層 三層 陽台 騎樓
RPUNMLLJIIKFFBM18CA,22,68.47,住家用,鋼筋混凝土造,82年5月27日,七層,七層 陽台 花台
RPUNMLLJIIKFFBM18CA,22,14.12,防空避難室、停車場、穿透走廊,鋼筋混凝土造,82年5月27日,七層,
RPUNMLLJIIKFFBM18CA,22,11.37,門廳、梯間、機械室、水塔,鋼筋混凝土造,82年5月27日,七層,
RPPNMLMLIIKFFAM87CA,36,81.41,住家用,鋼筋混凝土加強磚造,69年2月1日,二層,一層 二層
RPPNMLTJIIKFFCM58CA,,244.37,住家用,鋼筋混凝土造,104年5月21日,三層,一層 二層 三層 陽台 見其他登記事項
RPTNMLMKIIKFFBM28CA,,215.72,停車空間、集合住宅,鋼筋混凝土造,104年3月27日,四層,一層 二層 三層 四層 陽台
RPTNMLMKIIKFFDM48CA,35,162.45,住商用,鋼筋混凝土加強磚造,70年2月27日,三層,一層 二層 三層 騎樓
RPTNMLMKIIKFFDM48CA,35,166.98,住商用,鋼筋混凝土加強磚造,70年1月27日,三層,一層 二層 三層 騎樓
RPTNMLPJIIKFFDM68CA,39,169.41,人行道、店舖、住宅,加強磚造,66年2月7日,二層,一層 二層 騎樓
RPQNMLMJIIKFFBM87CA,20,137.58,住家用,鋼筋混凝土造,84年3月8日,三層,一層 二層 三層 陽台 平台
RPRNMLQJIIKFFBM38CA,21,103.32,住家用,加強磚造,83年4月22日,二層,一層 二層 陽台 電梯樓梯間
RPPNMLPKIIKFFAM08CA,46,100.75,住家用,鐵筋加強磚造,59年2月23日,二層,一層 二層
RPROMLTKIIKFFAM78CA,36,105.38,住商用,鋼筋混凝土加強磚造,69年1月10日,二層,一層 二層 騎樓
RPWNMLPJIIKFFAM68CA,35,109.20,住家用,鋼筋混凝土加強磚造,69年10月20日,二層,一層 二層
RPXNMLPJIIKFFAM78CA,35,86.86,住家用,鋼筋混凝土加強磚造,69年7月7日,二層,一層 二層
RPTNMLPLIIKFFCM78CA,20,48.38,集合住宅,鋼筋混凝土造,84年9月7日,九層,四層 陽台 花台
RPTNMLNLIIKFFBM48CA,,221.61,住家用,鋼筋混凝土造,104年5月25日,四層,一層 二層 三層 四層 陽台
RPSNMLMKIIKFFBM18CA,20,191.71,住家用,鋼筋混凝土造,84年8月2日,四層,一層 二層 三層 四層 陽台 平台 花台
RPXNMLPJIIKFFBM88CA,24,21.55,住家用,鋼筋混凝土造,80年9月20日,九層,六層 陽台
RPXNMLPJIIKFFBM88CA,24,8.66,梯間、通道、機房、水箱,鋼筋混凝土造,80年9月20日,九層,
RPXNMLPJIIKFFBM88CA,24,4.71,避難室、梯間、變電室、水箱、機械室,鋼筋混凝土造,80年9月20日,十一層,
RPWNMLRJIIKFFCM09CA,20,191.56,住家用,鋼筋混凝土造,84年9月14日,四層,一層 二層 三層 四層 陽台 平台 露台 花台
RPOOMLPJIIKFFBM08CA,22,81.04,住家用,鋼筋混凝土造,82年12月21日,十二層,七層 陽台 花台
RPOOMLPJIIKFFBM08CA,22,12.76,防空避難室、停車空間、水塔、機械房、梯間、膫望台,鋼筋混凝土造,82年12月21日,十二層,
RPUNMLTKIIKFFCM56CA,40,75.60,住家用,鋼筋混凝土加強磚造,64年6月27日,二層,一層 二層
RPUOMLPKIIKFFCM88CA,31,169.94,住家用,鋼筋混凝土造,73年8月23日,三層,一層 二層 三層
RPTNMLQJIIKFFDM78CA,16,169.70,住家用,鋼筋混凝土造,88年5月25日,三層,一層 二層 三層 陽台 電梯樓梯間
RPPNMLSJIIKFFDM58CA,47,70.40,住家用,鋼筋混凝土加強磚造,57年11月1日,二層,一層 二層
RPQNMLKLIIKFFCM97CA,31,221.00,商業用,鋼筋混凝土造,73年4月2日,三層,一層 二層 三層 騎樓
RPXNMLRJIIKFFCM56CA,35,108.37,住商用,加強磚造,69年8月18日,二層,一層 二層 騎樓
RPTNMLRJIIKFFCM78CA,20,154.62,集合住宅,鋼筋混凝土造,84年9月7日,九層,七層 陽台 花台
RPTNMLRJIIKFFCM78CA,20,68.38,公共設施,鋼筋混凝土造,84年9月7日,九層,
RPRNMLRJIIKFFCM58CA,20,109.39,集合住宅,鋼筋混凝土造,84年9月7日,九層,四層 陽台 花台
RPRNMLRJIIKFFCM58CA,20,53.40,公共設施,鋼筋混凝土造,84年9月7日,九層,
RPQNMLMLIIKFFAM97CA,17,294.20,住商用,鋼筋混凝土造,87年3月9日,四層,一層 二層 三層 四層 陽台 屋頂突出物
RPSNMLRJIIKFFCM68CA,20,110.91,集合住宅,鋼筋混凝土造,84年9月7日,九層,六層 陽台 花台
RPSNMLRJIIKFFCM68CA,20,53.93,公共設施,鋼筋混凝土造,84年9月7日,九層,
RPQNMLRJIIKFFCM48CA,20,109.39,集合住宅,鋼筋混凝土造,84年9月7日,九層,四層 陽台 花台
RPQNMLRJIIKFFCM48CA,20,53.40,公共設施,鋼筋混凝土造,84年9月7日,九層,
RPRNMLSJIIKFFAM48CA,,167.40,住家用,鋼筋混凝土造,104年4月22日,三層,一層 二層 三層 陽台
RPQNMLSJIIKFFAM38CA,,161.29,住家用,鋼筋混凝土造,104年4月22日,三層,一層 二層 三層 陽台
RPPNMLKKIIKFFAM57CA,20,290.27,住家用,鋼筋混凝土造,85年1月29日,四層,一層 二層 三層 四層 陽台 屋頂突出物
RPXNMLSLIIKFFBM76CA,33,62.75,住商用,鋼筋混凝土造,71年11月6日,二層,一層 二層
RPPNMLKKIIKFFBM67CA,36,83.70,住家用,鋼筋混凝土造,69年1月24日,二層,一層 二層
RPXNMLRJIIKFFBM09CA,20,87.31,住家用,鋼筋混凝土造,84年9月27日,十二層,八層 陽台
RPXNMLRJIIKFFBM09CA,20,3.53,停車空間、防空避難室、水塔、管理室、梯間、走道、機械室、門廳,鋼筋混凝土造,84年9月27日,十二層,
RPPNMLMKIIKFFCM97CA,20,109.37,集合住宅,鋼筋混凝土造,85年2月9日,十五層,十層 陽台
RPPNMLMKIIKFFCM97CA,20,23.69,走道、機械房、門廳、騎樓、防空避難室兼停車場、梯間,鋼筋混凝土造,85年2月9日,十五層,
RPQNMLNKIIKFFDM28CA,3,284.38,住宅、停車空間,鋼筋混凝土造,102年1月31日,四層,一層 二層 三層 四層 陽台
RPQNMLOKIIKFFEM48CA,19,172.27,農舍,鋼筋混凝土造,85年9月24日,二層,一層 二層 屋頂突出物
RPRNMLNKIIKFFBM28DA,48,76.38,住家用,鋼筋混凝土加強磚造,56年10月28日,三層,一層 二層 三層 騎樓
RPQOMLPKIIKFFCM48CA,20,105.74,集合住宅,鋼筋混凝土造,84年11月22日,十二層,十層 陽台
RPQOMLPKIIKFFCM48CA,20,38.97,門廳、梯間、水塔、牌樓、停車空間兼防空避難室、機械房,鋼筋混凝土造,84年11月22日,十二層,
RPQNMLNKJIKFFCM28CA,35,19.27,住家用,加強磚造,69年7月3日,一層,一層
RPQNMLNKJIKFFCM28CA,35,19.27,住家用,加強磚造,69年7月3日,一層,一層
RPSNMLPLJIKFFBM68CA,3,214.10,人行道、住宅、停車空間,鋼筋混凝土造,101年10月18日,四層,一層 二層 三層 四層 陽台 騎樓
RPVNMLNKIIKFFBM58CA,,231.60,住家用,鋼筋混凝土造,104年5月25日,四層,一層 二層 三層 四層 陽台
RPWNMLNKIIKFFBM68CA,,221.49,住家用,鋼筋混凝土造,104年5月25日,四層,一層 二層 三層 四層 陽台
RPRNMLMLIIKFFAM08CA,34,108.24,住家用,鋼筋混凝土造,70年10月5日,二層,一層 二層 騎樓
RPSNMLTKIIKFFAM78CA,21,64.64,住家用,鋼筋混凝土造,83年6月8日,八層,三層 陽台 花台
RPSNMLTKIIKFFAM78CA,21,25.09,地下室,鋼筋混凝土造,83年6月8日,八層,
RPVOMLTKIIKFFBM66CA,23,153.00,住家用,鋼筋混凝土造,81年4月10日,三層,一層 二層 三層 陽台
RPSNMLNKIIKFFBM28CA,24,44.82,住家用,鋼筋混凝土造,81年1月30日,六層,五層 陽台
RPSNMLNKIIKFFBM28CA,24,16.88,防空避難室、梯間、門廳、突出物,鋼筋混凝土造,81年1月30日,六層,
RPTNMLNKIIKFFBM38CA,8,224.18,住家用,鋼筋混凝土造,96年11月26日,四層,一層 二層 三層 四層 陽台
RPPNMLNKIIKFFCM08CA,7,167.76,住宅、樓梯間,鋼筋混凝土造,97年8月5日,三層,一層 二層 三層 陽台 屋頂突出物
RPQOMLMKIIKFFDM28CA,20,46.00,集合住宅,鋼筋混凝土造,85年3月9日,七層,五層 陽台
RPQOMLMKIIKFFDM28CA,20,10.71,梯間、走道,鋼筋混凝土造,85年3月9日,七層,
RPQOMLMKIIKFFDM28CA,20,8.15,防空避難室、停車空間、門廳、屋頂突出物等公共設施,鋼筋混凝土造,85年3月9日,七層,
RPRNMLNKIIKFFDM38CA,32,111.78,住商用,鋼筋混凝土加強磚造,73年3月23日,三層,一層 二層 三層
RPRNMLNKIIKFFEM48CA,40,94.50,住家用,鋼筋混凝土加強磚造,64年3月9日,二層,一層 二層
RPPNMLNKIIKFFDM18CA,20,82.24,集合住宅,鋼筋混凝土造,85年3月21日,八層,七層 陽台 花台
RPPNMLTKIIKFFEM88CA,10,186.27,住家用,鋼筋混凝土造,94年8月12日,三層,一層 二層 三層 陽台 見其他登記事項
RPPNMLKLIIKFFCM87CA,25,138.86,住家用,鋼筋混凝土造,79年3月28日,二層,一層 二層
RPQNMLOKIIKFFAM08CA,11,228.15,住商用,鋼筋混凝土造,93年4月21日,四層,一層 二層 三層 四層 陽台 騎樓
RPTNMLPKIIKFFAM48CA,,181.07,住家用,鋼筋混凝土造,104年4月27日,四層,一層 二層 三層 四層 陽台
RPRNMLTKIIKFFAM68CA,21,92.35,住家用,鋼筋混凝土造,84年2月16日,十三層,九層 陽台
RPRNMLTKIIKFFAM68CA,21,23.37,辦公室、康樂室、電梯、門廳、機房、水箱、平臺、瞭望臺、梯間、變電室、機械室,鋼筋混凝土造,84年2月16日,十三層,
RPXNMLTKIIKFFAM66CA,14,166.69,人行道、店舖、住宅,鋼骨造,90年5月15日,三層,一層 二層 三層 陽台 屋頂突出物 騎樓
RPWOMLTKIIKFFBM76CA,,173.51,住家用,鋼筋混凝土造,104年4月20日,四層,一層 二層 三層 四層 陽台
RPOPMLTKIIKFFBM68CA,8,211.21,店舖、住宅、停車空間,鋼筋混凝土造,96年9月21日,四層,一層 二層 三層 四層 陽台 雨遮
RPQNMLOKIIKFFBM18CA,23,130.59,住家用,鋼筋混凝土造,81年10月3日,三層,一層 二層 三層 陽台 電梯樓梯間
RPOOMLPKIIKFFCM28CA,28,133.93,住商用,鋼筋混凝土造,76年9月9日,三層,一層 二層 三層 騎樓
RPTOMLPKIIKFFCM78CA,11,154.70,住家用,鋼筋混凝土造,93年10月1日,四層,一層 二層 三層 四層 陽台
RPXNMLTKIIKFFCM86CA,8,20.90,農舍,鋼鐵造有牆,96年3月15日,一層,一層
RPWOMLPKIIKFFCM09CA,43,62.16,住家用,鋼筋混凝土加強磚造,61年6月28日,一層,一層
RPSNMLQKIIKFFBM58CA,28,72.86,住家用,加強磚造,76年9月2日,二層,一層 二層
RPPOMLSLIIKFFBM68CA,26,179.48,住商用,鋼筋混凝土造,78年5月10日,三層,一層 二層 三層 陽台 騎樓
RPSNMLTJJIKFFBM88CA,8,205.49,住家用,鋼筋混凝土造,97年1月16日,四層,一層 二層 三層 四層 陽台 雨遮
RPRNMLTJJIKFFBM78CA,42,119.33,住商用,鋼筋混凝土加強磚造,62年7月30日,四層,一層 二層 三層 四層
RPQNMLPJJIKFFBM28CA,21,107.16,住家用,鋼筋混凝土造,83年10月29日,八層,二層 陽台 花台
RPQNMLPJJIKFFBM28CA,21,38.11,防空避難室、梯間、機械室、瞭望台、水塔,鋼筋混凝土造,83年10月29日,八層,
RPTPMLTKIIKFFBM56CA,1,112.12,集合住宅,鋼筋混凝土造,103年6月25日,四層,一層 二層 三層 四層 陽台
RPTPMLTKIIKFFBM56CA,1,112.12,集合住宅,鋼筋混凝土造,103年6月25日,四層,一層 二層 三層 四層 陽台
RPQPMLTKIIKFFBM88CA,10,145.84,住商用,鋼筋混凝土造,94年3月29日,三層,一層 二層 三層 陽台 屋頂突出物
TPRPMLTKIIKFFBM56CA,4,102.39,農舍,鋼鐵造有牆、鋼筋混凝土造,100年12月26日,三層,一層 二層 三層
RPSPMLTKIIKFFBM09CA,1,220.29,集合住宅,鋼筋混凝土造,103年6月25日,四層,一層 二層 三層 四層 陽台
RPOOMLNJJIKFFCM08CA,15,199.85,店舖．住宅．停車空間,鋼筋混凝土造,90年3月9日,四層,一層 二層 三層 四層 陽台 平台
RPPNMLLLIIKFFEM18CA,35,31.47,住家用,加強磚造,69年12月23日,二層,
RPPNMLLLIIKFFEM18CA,35,31.47,住家用,加強磚造,69年12月23日,二層,
RPTNMLOJJIKFFDM68CA,15,179.06,住家用,鋼筋混凝土造,89年12月18日,四層,一層 二層 三層 四層 陽台
RPPNMLTJJIKFFDM78CA,19,106.92,集合住宅,鋼筋混凝土造,85年4月24日,七層,七層 陽台 花台
RPVNMLTKIIKFFAM09CA,16,136.52,住家用,鋼筋混凝土造,88年12月27日,三層,一層 二層 三層 陽台
RPQNMLMLIIKFFBM08CA,35,116.16,住家用,加強磚造,69年12月31日,二層,一層 二層
RPXOMLTKIIKFFBM86CA,8,197.02,住宅、停車空間,鋼筋混凝土造,97年2月1日,四層,一層 二層 三層 四層 陽台
RPPNMLTLIIKFFBM68CA,28,1572.38,廠房、倉庫、廁所,加強磚造、鋼架造（有牆）,76年8月17日,二層,一層 二層
RPPNMLTLIIKFFBM68CA,14,1408.32,廠房,鋼骨造,90年9月14日,一層,一層
RPPPMLTKIIKFFBM78CA,17,189.77,住商用,鋼筋混凝土造,87年6月11日,四層,一層 二層 三層 四層 騎樓
RPPNMLLMIIKFFAM87CA,34,125.25,人行道、住房,鋼筋混凝土造,,二層,一層 二層 騎樓
RPTNMLKLIIKFFCM28CA,34,107.90,住家用,鋼筋混凝土加強磚造,70年6月16日,二層,一層 二層
RPSNMLTKIIKFFCM98CA,23,182.07,住家用,鋼筋混凝土造,81年5月6日,三層,一層 二層 三層
RPRNMLKLIIKFFDM18CA,39,93.08,住家用,鋼筋混凝土加強磚造,66年3月11日,二層,一層 二層
RPSNMLTKIIKFFDM09CA,5,253.62,農舍,鋼筋混凝土造,99年10月1日,一層,一層
RPPNMLQLIIKFFCM48CA,,114.31,住宅、停車空間、樓梯間、水塔間,鋼筋混凝土造,104年3月30日,四層,一層 二層 三層 四層 陽台 雨遮 見其他登記事項
RPPNMLQLIIKFFCM48CA,,114.31,住宅、停車空間、樓梯間、水塔間,鋼筋混凝土造,104年3月30日,四層,一層 二層 三層 四層 陽台 雨遮 見其他登記事項
RPPNMLSLIIKFFCM68CA,,49.22,住家用,加強磚造,,二層,一層 二層
RPRNMLMLIIKFFCM28CA,20,146.54,住家用,鋼筋混凝土造,84年12月30日,四層,一層 二層 三層 四層 陽台 平台 花台
RPTNMLLLIIKFFCM38CA,35,88.50,住家用,加強磚造,70年1月5日,二層,一層 二層
RPUNMLKLIIKFFCM38CA,21,96.79,集合住宅,鋼筋混凝土造,83年7月7日,十三層,八層 陽台 花台
RPUNMLKLIIKFFCM38CA,21,38.73,避難室兼停車場、門、梯間、突出物、機械房、水箱,鋼筋混凝土造,83年7月7日,十三層,
RPQNMLLLIIKFFBM97CA,49,88.20,住家用,土磚石混合造,55年11月19日,一層,一層 騎樓
RPRNMLKLIIKFFAM87CA,45,83.04,住家用,磚造,59年11月20日,二層,一層 二層
RPPNMLSLIIKFFEM98DA,49,77.84,住家用,加強磚造,55年5月7日,二層,一層 二層
RPQNMLLLIIKFFAM87CA,33,123.93,住商用,鋼筋混凝土加強磚造,71年4月20日,二層,一層 二層 騎樓
RPSNMLNLIIKFFAM28CA,,169.80,住家用,鋼筋混凝土造,104年4月22日,三層,一層 二層 三層 陽台
RPPNMLRLIIKFFBM48CA,,214.36,停車空間、集合住宅,鋼筋混凝土造,104年3月27日,四層,一層 二層 三層 四層 陽台
RPSNMLTLIIKFFBM98CA,22,84.03,住家用,鋼筋混凝土造,82年10月29日,十層,六層 陽台 花台
RPSNMLTLIIKFFBM98CA,22,14.57,防空避難室、停車空間、開放空間、梯間、水塔、機械室,鋼筋混凝土造,82年10月29日,十層,
RPSNMLSLIIKFFAM78CA,6,338.27,住商用,鋼筋混凝土造,98年6月3日,三層,一層 二層 三層 陽台 屋頂突出物 雨遮
RPSOMLOJJIKFFAM38CA,36,105.38,住商用,鋼筋混凝土加強磚造,69年1月10日,二層,一層 二層 騎樓
RPQNMLQJJIKFFAM28CA,2,338.97,停車空間、樓梯間、辦公室、住宅,鋼筋混凝土造,102年12月2日,四層,一層 二層 三層 四層 陽台 屋頂突出物
RPXNMLKKJIKFFAM48CA,36,76.88,住家用,鋼筋混凝土加強磚造,68年3月12日,二層,一層 二層
RPUNMLLLIIKFFCM48CA,29,177.66,住商用,鋼筋混凝土造,76年3月23日,二層,一層 二層 騎樓
RPUNMLNJJIKFFCM58CA,19,110.00,集合住宅,鋼筋混凝土造,85年2月9日,十五層,一層 平台
RPUNMLNJJIKFFCM58CA,19,23.69,走道、機械房、門廳、騎樓、防空避難室兼停車場、梯間,鋼筋混凝土造,85年2月9日,十五層,
RPQOMLSLIIKFFCM88CA,14,106.71,住家用,鋼鐵造有牆者,90年8月22日,一層,一層
RPTNMLPJJIKFFCM68CA,11,342.97,加油〈氣〉站、辦公室〈廳〉、便利商店,鋼骨造,94年4月1日,一層,一層
RPRNMLLLIIKFFCM18CA,11,264.89,自用農舍,鋼筋混凝土造,94年1月31日,二層,一層 二層 陽台 平台
RPPNMLLLIIKFFDM08CA,21,225.17,住家用,鋼筋混凝土造,83年6月10日,四層,一層 二層 三層 四層
RPTNMLTLIIKFFBM09CA,,257.54,住家用,鋼筋混凝土造,104年5月5日,四層,一層 二層 三層 四層 陽台
RPVNMLMJJIKFFAM38CA,20,136.01,住家用,鋼筋混凝土造,85年1月5日,四層,一層 二層 三層 四層
RPRNMLNLIIKFFBM28CA,3,202.66,住家用,鋼筋混凝土造,102年2月22日,四層,一層 二層 三層 四層 陽台
RPUNMLNLIIKFFBM58CA,23,144.03,住家用,加強磚造,81年6月18日,二層,一層 二層 陽台
RPVNMLRLIIKFFCM56CA,13,41.21,住家用,鋼骨造,91年5月3日,一層,一層
RPPNMLLLIIKFFAM77CA,1,209.61,住宅、樓梯間、停車空間,鋼筋混凝土造,103年4月21日,三層,一層 二層 三層 陽台 見其他登記事項
RPQNMLOJJIKFFDM38CA,2,249.18,集合住宅、樓梯間及水箱,鋼筋混凝土造,102年8月23日,三層,一層 二層 三層 陽台 屋頂突出物
RPQNMLLMIIKFFDM28CA,15,224.70,住家用,鋼筋混凝土造,89年8月7日,三層,一層 二層 三層 陽台 電梯樓梯間
RPRNMLRLIIKFFDM88CA,24,198.59,住商用,鋼筋混凝土造,80年12月9日,四層,一層 二層 三層 四層 陽台 騎樓
RPRNMLTLIIKFFAM78CA,14,110.39,住家用,鋼筋混凝土造,90年6月21日,三層,一層 二層 三層 屋頂突出物
RPQNMLQKJIKFFDM68CA,,132.82,農舍,鋼骨造,104年8月3日,一層,一層
RPUNMLLKJIKFFCM48CA,10,190.89,住家用,鋼筋混凝土造,94年12月22日,四層,一層 二層 三層 四層 陽台 見其他登記事項
RPRNMLNLIIKFFCM38CA,20,157.74,住家用,鋼筋混凝土造,84年11月28日,四層,一層 二層 三層 四層 陽台
RPSNMLRLIIKFFBM78CA,17,182.24,住家用,鋼筋混凝土造,87年11月6日,三層,一層 二層 三層 陽台 平台 屋頂突出物
RPTNMLQLIIKFFCM88CA,37,70.78,住家用,鋼筋混凝土加強磚造,67年6月1日,一層,一層
RPPNMLQLIIKFFBM38CA,32,79.20,住家用,鋼筋混凝土造,72年4月12日,四層,二層 陽台
RPPNMLQLIIKFFBM38CA,32,5.40,國民住宅,鋼筋混凝土造,72年4月12日,四層,
RPPNMLQLIIKFFBM38CA,32,1.68,國民住宅,鋼筋混凝土造,72年4月12日,四層,
RPPNMLQLIIKFFBM38CA,32,.84,國民住宅,鋼筋混凝土造,72年4月12日,四層,
RPTNMLQLIIKFFBM78CA,8,203.27,住家用,鋼筋混凝土造,96年10月19日,四層,一層 二層 三層 四層 陽台
RPUNMLSLIIKFFBM09CA,27,122.04,住家用,加強磚造,78年4月4日,二層,一層 二層 夾層
RPRNMLSKJIKFFBM78CA,42,308.92,住商用,鋼筋混凝土加強磚造,62年4月27日,三層,一層 二層 三層 騎樓 電梯樓梯間
RPWNMLRKJIKFFCM66CA,47,73.20,住家用,鋼筋混凝土加強磚造,57年7月25日,二層,一層 二層
RPQNMLSKJIKFFDM88CA,1,180.23,住家用,鋼筋混凝土造,103年12月11日,三層,一層 二層 三層 陽台
RPOOMLQLIIKFFAM28CA,,158.89,住家用,鋼筋混凝土造,104年4月27日,四層,一層 二層 三層 四層 陽台
RPPOMLQLIIKFFAM38CA,,90.54,住家用,鋼筋混凝土造,104年4月27日,四層,一層 二層 三層 四層 陽台
RPPOMLQLIIKFFAM38CA,,90.54,住家用,鋼筋混凝土造,104年4月27日,四層,一層 二層 三層 四層 陽台
RPSOMLQLIIKFFAM68CA,,179.56,住家用,鋼筋混凝土造,104年4月27日,四層,一層 二層 三層 四層 陽台
RPTOMLQLIIKFFAM78CA,,179.56,住家用,鋼筋混凝土造,104年4月27日,四層,一層 二層 三層 四層 陽台
RPQNMLRLIIKFFBM58CA,1,218.55,集合住宅,鋼筋混凝土造,103年6月25日,四層,一層 二層 三層 四層 陽台
RPTNMLKKJIKFFAM08CA,22,85.01,住家用,鋼筋混凝土造,82年11月10日,十四層,十三層 陽台
RPTNMLKKJIKFFAM08CA,22,10.42,梯間、水塔、機械室,鋼筋混凝土造,82年11月10日,十四層,
RPTNMLKKJIKFFAM08CA,22,8.97,避難室、開放空間、停車空間,鋼筋混凝土造,82年11月10日,十四層,
RPTNMLKKJIKFFAM08CA,22,1.01,管理員辦公室,鋼筋混凝土造,82年11月10日,十四層,
RPTNMLKKJIKFFAM08CA,22,15.00,避難室、開放空間、停車空間,鋼筋混凝土造,82年11月10日,十四層,
RPXNMLTJJIKFFAM66CA,,190.72,住宅、樓梯間,鋼筋混凝土造,104年5月26日,三層,一層 二層 三層 屋頂突出物
RPPNMLNJJIKFFAM87CA,25,110.97,住家用,鋼筋混凝土造,79年12月14日,三層,一層 二層 三層
RPTNMLOJJIKFFAM38CA,,179.56,住家用,鋼筋混凝土造,104年4月27日,四層,一層 二層 三層 四層 陽台
RPQNMLOJJIKFFAM08CA,2,144.95,住家用,鋼筋混凝土造,102年10月3日,三層,一層 二層 三層 陽台
RPQNMLMJJIKFFCM08CA,,242.17,住宅、停車空間、樓梯間、水塔間,鋼筋混凝土造,104年3月30日,四層,一層 二層 三層 四層 陽台 雨遮 見其他登記事項
RPUNMLOJJIKFFCM68CA,21,133.68,住家用,鋼筋混凝土造,83年9月22日,三層,一層 二層 三層
RPQNMLNLJIKFFAM18CA,18,119.87,住家用,鋼筋混凝土造,86年9月19日,十四層,五層 六層 陽台
RPXNMLSLIIKFFCM86CA,20,148.72,住家用,加強磚造,84年6月1日,三層,一層 二層 三層 陽台 平台 露台 雨遮
RPRNMLNJJIKFFBM18CA,20,186.51,住商用,鋼筋混凝土造,84年6月1日,四層,一層 二層 三層 四層 陽台
RPRNMLRLIIKFFBM68CA,21,150.06,住家用,鋼筋混凝土造,83年6月28日,四層,一層 二層 三層 四層 陽台 平台 露台
RPTOMLRKJIKFFAM88CA,1,292.37,停車空間、住宅,鋼筋混凝土造,103年9月4日,四層,一層 二層 三層 四層 陽台
RPSOMLRKJIKFFAM78CA,36,81.41,住家用,鋼筋混凝土加強磚造,69年2月1日,二層,一層 二層
RPPNMLSLIIKFFAM48CA,35,96.27,住商用,鋼筋混凝土加強磚造,69年4月12日,二層,一層 二層 騎樓
RPPNMLNKJIKFFDM28CA,29,123.10,住商用,鋼筋混凝土加強磚造,75年4月22日,二層,一層 二層 騎樓
RPQNMLTJJIKFFEM09DA,6,179.96,住宅、梯間,ＲＣ造,98年9月8日,三層,一層 二層 三層 陽台 見其他登記事項
RPPNMLLJJIKFFBM77CA,20,156.26,住商用,鋼筋混凝土造,84年9月21日,八層,一層 二層 三層 陽台 平台 騎樓 花台
RPPNMLLJJIKFFBM77CA,20,39.22,停車場、避難室、梯間、機械房、水塔、門廳,鋼筋混凝土造,84年9月21日,八層,
RPQNMLSKJIKFFBM68CA,,201.11,住宅、樓梯間,鋼筋混凝土造,104年9月7日,三層,一層 二層 三層 陽台 見其他登記事項
RPSNMLTJJIKFFAM78CA,17,93.96,住家用,鋼筋混凝土造,87年10月27日,十三層,八層 陽台
RPPNMLQJJIKFFCM38CA,17,93.54,集合住宅,鋼筋混凝土造,87年12月31日,八層,八層 陽台
RPPNMLQJJIKFFCM38CA,17,60.17,停車場．避難室,鋼筋混凝土造,87年12月31日,八層,
RPPNMLLLJIKFFCM08CA,,219.81,店舖、住宅、樓梯間,鋼筋混凝土造,104年6月3日,三層,一層 二層 三層 陽台 見其他登記事項
RPRNMLMJJIKFFCM18CA,1,228.62,住宅、停車空間、樓梯間、水塔間,鋼筋混凝土造,104年3月30日,四層,一層 二層 三層 四層 陽台 雨遮 見其他登記事項
RPPNMLOJJIKFFCM18CA,12,95.31,住宅、停車空間,鋼筋混凝土造,93年1月15日,五層,一層 二層 三層 四層 五層 陽台
RPTNMLKMIIKFFCM38CA,35,85.04,住家用,加強磚造,69年5月23日,二層,一層 二層
RPSNMLKKJIKFFAM97CA,48,215.53,住商用,鋼筋混凝土造,56年7月4日,三層,
RPRNMLKMIIKFFCM18CA,14,133.69,住家用,鋼鐵造有牆,90年8月28日,二層,一層 二層 陽台
RPRNMLKMIIKFFBM18DA,,114.86,住家用,鋼筋混凝土造,,二層,一層 二層
RPQNMLTJJIKFFBM78DA,24,66.81,住家用,鋼筋混凝土造,81年2月13日,七層,六層 陽台
RPQNMLTJJIKFFBM78DA,24,22.60,受電室、梯間、水箱、機械房,鋼筋混凝土造,81年2月13日,七層,
RPQNMLPLJIKFFBM48CA,33,145.35,農舍,鋼筋混凝土加強磚造,71年11月2日,二層,一層 二層
RPTNMLMJJIKFFBM28CA,20,97.66,住家用,鋼筋混凝土造,85年1月12日,十層,五層 陽台
RPTNMLMJJIKFFBM28CA,20,39.18,防空避難室兼停車場、梯間、屋頂突出物,鋼筋混凝土造,85年1月12日,十層,
RPPNMLKMIIKFFBM87CA,32,79.20,住家用,鋼筋混凝土造,72年4月12日,四層,四層 陽台
RPPNMLKMIIKFFBM87CA,32,5.40,國民住宅,鋼筋混凝土造,72年4月12日,四層,
RPPNMLKMIIKFFBM87CA,32,1.68,國民住宅,鋼筋混凝土造,72年4月12日,四層,
RPPNMLKMIIKFFBM87CA,32,.84,國民住宅,鋼筋混凝土造,72年4月12日,四層,
RPUNMLOJJIKFFDM78CA,22,146.00,住家用,鋼筋混凝土造,82年5月20日,三層,一層 二層 三層 陽台
RPQNMLNJJIKFFEM38CA,34,142.83,住商用,鋼筋混凝土加強磚造,70年12月30日,三層,一層 二層 三層 騎樓
RPRNMLMJJIKFFDM28CA,20,50.03,集合住宅,鋼筋混凝土造,85年4月1日,四層,一層 平台
RPRNMLMJJIKFFDM28CA,20,27.84,管理員室、停車空間、梯間、水箱,鋼筋混凝土造,85年4月1日,四層,
RPQNMLMJJIKFFBM08DA,18,181.64,住商用,鋼筋混凝土造,86年5月27日,四層,一層 二層 三層 四層 陽台 騎樓
RPWNMLKKJIKFFBM58DA,35,118.36,住商用,鋼筋混凝土加強磚造,69年10月13日,二層,一層 二層 騎樓
RPVNMLMJJIKFFCM68DA,37,105.00,住商用,鋼筋混凝土加強磚造,67年9月18日,二層,一層 二層 騎樓
RPQNMLOJJIKFFBM18CA,8,243.32,住家用,鋼筋混凝土造,96年10月29日,三層,一層 二層 三層 陽台
RPVNMLSKJIKFFBM56CA,,184.52,住宅、樓梯間,鋼筋混凝土造,104年9月7日,三層,一層 二層 三層 陽台 見其他登記事項
RPQNMLQKJIKFFBM48CA,22,154.46,住商用,鋼筋混凝土造,82年10月30日,九層,一層 二層 陽台 平台 騎樓
RPQNMLQKJIKFFBM48CA,22,18.46,防空避難室、商場、梯間、門廳、通道、機械房、水箱、昇降機,鋼筋混凝土造,82年10月30日,九層,
