﻿編號,土地位置,土地移轉面積(平方公尺),使用分區或編定,權利人持分分母,權利人持分分子,移轉情形,地號
The serial number, land position,land shifting area square meter,the use zoning or compiles and checks,,,,land parcel
RPSNMLNJJIJFFAB17DB,樹子腳段,15.07,都市：住,100000,535,持分移轉,16980000
RPRNMLNJJIJFFAB07DB,樹子腳段,15.07,都市：住,100000,535,持分移轉,16980000
RPOOMLNJJIJFFAB86DB,樹子腳段,16.17,都市：住,100000,574,持分移轉,16980000
RPPNMLLJJIJFFGL18CB,崇光段,15.72,都市：商,10000,42,持分移轉,11810000
RPVNMLNJJIJFFAB47DB,樹子腳段,17.16,都市：住,100000,609,持分移轉,16980000
RPQOMLNJJIJFFAB07DB,樹子腳段,15.78,都市：住,100000,560,持分移轉,16980000
RPQNMLLJJIJFFGL28CB,崇光段,18.34,都市：商,10000,49,持分移轉,11810000
RPROMLNJJIJFFAB17DB,樹子腳段,16.17,都市：住,100000,574,持分移轉,16980000
RPSOMLNJJIJFFAB27DB,樹子腳段,15.78,都市：住,100000,560,持分移轉,16980000
RPVOMLNJJIJFFAB57DB,樹子腳段,16.23,都市：住,100000,576,持分移轉,16980000
RPOPMLNJJIJFFAB96DB,樹子腳段,34.42,都市：住,100000,1222,持分移轉,16980000
RPWOMLNJJIJFFAB67DB,樹子腳段,17.24,都市：住,100000,612,持分移轉,16980000
RPTOMLNJJIJFFAB37DB,樹子腳段,16.17,都市：住,100000,574,持分移轉,16980000
RPXOMLNJJIJFFAB77DB,樹子腳段,16.17,都市：住,100000,574,持分移轉,16980000
RPUOMLNJJIJFFAB47DB,樹子腳段,17.16,都市：住,100000,609,持分移轉,16980000
RPPPMLNJJIJFFAB07DB,樹子腳段,26.03,都市：住,100000,924,持分移轉,16980000
RPQPMLNJJIJFFAB17DB,樹子腳段,22.45,都市：住,100000,797,持分移轉,16980000
RPVPMLNJJIJFFAB67DB,樹子腳段,24.68,都市：住,100000,876,持分移轉,16980000
RPOQMLNJJIJFFAB07DB,樹子腳段,17.16,都市：住,100000,609,持分移轉,16980000
RPWNMLNJJIJFFAB57DB,樹子腳段,15.78,都市：住,100000,560,持分移轉,16980000
RPUQMLNJJIJFFAB67DB,樹子腳段,32.37,都市：住,100000,1149,持分移轉,16980000
RPPQMLNJJIJFFAB17DB,樹子腳段,23.63,都市：住,100000,839,持分移轉,16980000
RPRQMLNJJIJFFAB37DB,樹子腳段,32.00,都市：住,100000,1136,持分移轉,16980000
RPQQMLNJJIJFFAB27DB,樹子腳段,27.07,都市：住,100000,961,持分移轉,16980000
RPRRMLNJJIJFFAB47DB,樹子腳段,17.16,都市：住,100000,609,持分移轉,16980000
RPPRMLNJJIJFFAB27DB,樹子腳段,24.40,都市：住,100000,866,持分移轉,16980000
RPVRMLNJJIJFFAB87DB,樹子腳段,26.79,都市：住,100000,951,持分移轉,16980000
RPTRMLNJJIJFFAB67DB,樹子腳段,15.78,都市：住,100000,560,持分移轉,16980000
RPSTMLNJJIJFFAB77DB,樹子腳段,26.06,都市：住,100000,925,持分移轉,16980000
RPPSMLNJJIJFFAB37DB,樹子腳段,24.40,都市：住,100000,866,持分移轉,16980000
RPXRMLNJJIJFFAB08DB,樹子腳段,22.99,都市：住,100000,816,持分移轉,16980000
RPURMLNJJIJFFAB77DB,樹子腳段,17.16,都市：住,100000,609,持分移轉,16980000
RPOTMLNJJIJFFAB37DB,樹子腳段,26.06,都市：住,100000,925,持分移轉,16980000
RPRSMLNJJIJFFAB57DB,樹子腳段,25.41,都市：住,100000,902,持分移轉,16980000
RPOSMLNJJIJFFAB27DB,樹子腳段,23.63,都市：住,100000,839,持分移轉,16980000
RPTTMLNJJIJFFAB87DB,樹子腳段,26.06,都市：住,100000,925,持分移轉,16980000
RPWRMLNJJIJFFAB97DB,樹子腳段,22.99,都市：住,100000,816,持分移轉,16980000
RPUTMLNJJIJFFAB97DB,樹子腳段,24.40,都市：住,100000,866,持分移轉,16980000
RPRUMLNJJIJFFAB77DB,樹子腳段,29.61,都市：住,100000,1051,持分移轉,16980000
RPVTMLNJJIJFFAB08DB,樹子腳段,24.68,都市：住,100000,876,持分移轉,16980000
RPXTMLNJJIJFFAB28DB,樹子腳段,23.63,都市：住,100000,839,持分移轉,16980000
RPPUMLNJJIJFFAB57DB,樹子腳段,29.21,都市：住,100000,1037,持分移轉,16980000
RPWTMLNJJIJFFAB18DB,樹子腳段,24.40,都市：住,100000,866,持分移轉,16980000
RPSUMLNJJIJFFAB87DB,樹子腳段,23.78,都市：住,100000,844,持分移轉,16980000
RPUUMLNJJIJFFAB08DB,樹子腳段,29.21,都市：住,100000,1037,持分移轉,16980000
RPTUMLNJJIJFFAB97DB,樹子腳段,24.82,都市：住,100000,881,持分移轉,16980000
RPVUMLNJJIJFFAB18DB,樹子腳段,29.21,都市：住,100000,1037,持分移轉,16980000
RPPNMLOJJIJFFAB96DB,樹子腳段,29.21,都市：住,100000,1037,持分移轉,16980000
RPQNMLOJJIJFFAB07DB,樹子腳段,22.25,都市：住,100000,790,持分移轉,16980000
RPXUMLNJJIJFFAB38DB,樹子腳段,29.58,都市：住,100000,1050,持分移轉,16980000
RPOVMLNJJIJFFAB57DB,樹子腳段,29.61,都市：住,100000,1051,持分移轉,16980000
RPPQMLQJJIJFFGL98CB,崇光段,14.97,都市：商,10000,40,持分移轉,11810000
RPQQMLQJJIJFFGL09CB,崇光段,14.97,都市：商,10000,40,持分移轉,11810000
RPROMLRJJIJFFCB77DB,惠國段,30.91,都市：住,10000,181,持分移轉,01520000
RPQOMLRJJIJFFCB67DB,惠國段,46.45,都市：住,10000,272,持分移轉,01520000
RPVOMLRJJIJFFCB18DB,惠國段,31.25,都市：住,10000,183,持分移轉,01520000
RPSOMLRJJIJFFCB87DB,惠國段,31.25,都市：住,10000,183,持分移轉,01520000
RPWOMLRJJIJFFCB28DB,惠國段,30.57,都市：住,10000,179,持分移轉,01520000
RPXOMLRJJIJFFCB38DB,惠國段,30.91,都市：住,10000,181,持分移轉,01520000
RPUOMLRJJIJFFCB08DB,惠國段,27.50,都市：住,10000,161,持分移轉,01520000
RPOPMLRJJIJFFCB57DB,惠國段,30.91,都市：住,10000,181,持分移轉,01520000
RPRNMLOJJIJFFAB17DB,樹子腳段,24.40,都市：住,100000,866,持分移轉,16980000
RPQPMLRJJIJFFCB77DB,惠國段,31.25,都市：住,10000,183,持分移轉,01520000
RPPQMLRJJIJFFCB77DB,惠國段,30.57,都市：住,10000,179,持分移轉,01520000
RPTPMLRJJIJFFCB08DB,惠國段,31.25,都市：住,10000,183,持分移轉,01520000
RPXPMLRJJIJFFCB48DB,惠國段,46.45,都市：住,10000,272,持分移轉,01520000
RPVPMLRJJIJFFCB28DB,惠國段,30.91,都市：住,10000,181,持分移轉,01520000
RPUPMLRJJIJFFCB18DB,惠國段,30.23,都市：住,10000,177,持分移轉,01520000
RPOQMLRJJIJFFCB67DB,惠國段,31.25,都市：住,10000,183,持分移轉,01520000
RPSPMLRJJIJFFCB97DB,惠國段,31.25,都市：住,10000,183,持分移轉,01520000
RPPPMLRJJIJFFCB67DB,惠國段,31.25,都市：住,10000,183,持分移轉,01520000
RPRPMLRJJIJFFCB87DB,惠國段,31.25,都市：住,10000,183,持分移轉,01520000
RPSQMLTKJIJFFCB28CB,下石碑段,17.86,都市：住,10000,69,持分移轉,09530002
RPVQMLTKJIJFFCB58CB,下石碑段,17.86,都市：住,10000,69,持分移轉,09530002
RPQQMLTKJIJFFCB08CB,下石碑段,17.86,都市：住,10000,69,持分移轉,09530002
RPXQMLTKJIJFFCB78CB,下石碑段,17.86,都市：住,10000,69,持分移轉,09530002
RPROMLKLJIJFFCB17CB,下石碑段,18.63,都市：住,10000,72,持分移轉,09530002
RPQOMLKLJIJFFCB07CB,下石碑段,18.37,都市：住,10000,71,持分移轉,09530002
RPPOMLKLJIJFFCB96CB,下石碑段,17.86,都市：住,10000,69,持分移轉,09530002
RPXNMLKLJIJFFCB67CB,下石碑段,18.12,都市：住,10000,70,持分移轉,09530002
RPWNMLKLJIJFFCB57CB,下石碑段,17.60,都市：住,10000,68,持分移轉,09530002
RPRRMLTKJIJFFCB28CB,下石碑段,17.60,都市：住,10000,68,持分移轉,09530002
RPTNMLKLJIJFFCB27CB,下石碑段,17.60,都市：住,10000,68,持分移轉,09530002
RPQRMLTKJIJFFCB18CB,下石碑段,17.60,都市：住,10000,68,持分移轉,09530002
RPORMLTKJIJFFCB97CB,下石碑段,17.60,都市：住,10000,68,持分移轉,09530002
RPVPMLKLJIJFFCB67CB,下石碑段,18.63,都市：住,10000,72,持分移轉,09530002
RPQQMLKLJIJFFCB27CB,下石碑段,18.63,都市：住,10000,72,持分移轉,09530002
RPXPMLKLJIJFFCB87CB,下石碑段,18.37,都市：住,10000,71,持分移轉,09530002
RPVQMLKLJIJFFCB77CB,下石碑段,18.37,都市：住,10000,71,持分移轉,09530002
RPORMLKLJIJFFCB17CB,下石碑段,17.86,都市：住,10000,69,持分移轉,09530002
RPRQMLKLJIJFFCB37CB,下石碑段,18.63,都市：住,10000,72,持分移轉,09530002
RPPQMLKLJIJFFCB17CB,下石碑段,18.37,都市：住,10000,71,持分移轉,09530002
RPWQMLKLJIJFFCB87CB,下石碑段,17.86,都市：住,10000,69,持分移轉,09530002
RPSRMLKLJIJFFCB57CB,下石碑段,17.86,都市：住,10000,69,持分移轉,09530002
RPPRMLKLJIJFFCB27CB,下石碑段,17.86,都市：住,10000,69,持分移轉,09530002
RPRRMLKLJIJFFCB47CB,下石碑段,18.12,都市：住,10000,70,持分移轉,09530002
RPRQMLQLJIJFFCB97CB,下石碑段,17.86,都市：住,10000,69,持分移轉,09530002
RPURMLKLJIJFFCB77CB,下石碑段,18.12,都市：住,10000,70,持分移轉,09530002
RPTRMLKLJIJFFCB67CB,下石碑段,18.12,都市：住,10000,70,持分移轉,09530002
RPVRMLKLJIJFFCB87CB,下石碑段,18.12,都市：住,10000,70,持分移轉,09530002
RPXNMLRLJIJFFBB28CB,太原段,21.21,都市：住,100000,155,持分移轉,01000000
RPPOMLRLJIJFFBB57CB,太原段,21.21,都市：住,100000,155,持分移轉,01000000
RPQOMLRLJIJFFBB67CB,太原段,21.21,都市：住,100000,155,持分移轉,01000000
RPOOMLRLJIJFFBB47CB,太原段,21.21,都市：住,100000,155,持分移轉,01000000
RPSOMLRLJIJFFBB87CB,太原段,21.21,都市：住,100000,155,持分移轉,01000000
RPROMLRLJIJFFBB77CB,太原段,21.21,都市：住,100000,155,持分移轉,01000000
RPTOMLRLJIJFFBB97CB,太原段,21.21,都市：住,100000,155,持分移轉,01000000
RPUOMLRLJIJFFBB08CB,太原段,21.21,都市：住,100000,155,持分移轉,01000000
RPXOMLRLJIJFFBB38CB,太原段,21.21,都市：住,100000,155,持分移轉,01000000
RPQPMLRLJIJFFBB77CB,太原段,21.21,都市：住,100000,155,持分移轉,01000000
RPVOMLRLJIJFFBB18CB,太原段,21.21,都市：住,100000,155,持分移轉,01000000
RPRPMLRLJIJFFBB87CB,太原段,21.21,都市：住,100000,155,持分移轉,01000000
RPPPMLRLJIJFFBB67CB,太原段,21.21,都市：住,100000,155,持分移轉,01000000
RPSPMLRLJIJFFBB97CB,太原段,21.21,都市：住,100000,155,持分移轉,01000000
RPTPMLRLJIJFFBB08CB,太原段,21.21,都市：住,100000,155,持分移轉,01000000
RPOPMLRLJIJFFBB57CB,太原段,42.43,都市：住,100000,310,持分移轉,01000000
RPVPMLRLJIJFFBB28CB,太原段,18.75,都市：住,100000,137,持分移轉,01000000
RPXPMLRLJIJFFBB48CB,太原段,18.75,都市：住,100000,137,持分移轉,01000000
RPPQMLRLJIJFFBB77CB,太原段,20.53,都市：住,100000,150,持分移轉,01000000
RPWPMLRLJIJFFBB38CB,太原段,20.53,都市：住,100000,150,持分移轉,01000000
RPUPMLRLJIJFFBB18CB,太原段,21.21,都市：住,100000,155,持分移轉,01000000
RPRQMLRLJIJFFBB97CB,太原段,20.53,都市：住,100000,150,持分移轉,01000000
RPTQMLRLJIJFFBB18CB,太原段,20.53,都市：住,100000,150,持分移轉,01000000
RPOQMLRLJIJFFBB67CB,太原段,20.53,都市：住,100000,150,持分移轉,01000000
RPQQMLRLJIJFFBB87CB,太原段,20.53,都市：住,100000,150,持分移轉,01000000
RPVQMLRLJIJFFBB38CB,太原段,20.53,都市：住,100000,150,持分移轉,01000000
RPSQMLRLJIJFFBB08CB,太原段,22.31,都市：住,100000,163,持分移轉,01000000
RPORMLRLJIJFFBB77CB,太原段,42.43,都市：住,100000,310,持分移轉,01000000
RPUQMLRLJIJFFBB28CB,太原段,20.26,都市：住,100000,148,持分移轉,01000000
RPWQMLRLJIJFFBB48CB,太原段,20.53,都市：住,100000,150,持分移轉,01000000
RPXQMLRLJIJFFBB58CB,太原段,40.65,都市：住,100000,297,持分移轉,01000000
RPQRMLRLJIJFFBB97CB,太原段,20.26,都市：住,100000,148,持分移轉,01000000
RPPRMLRLJIJFFBB87CB,太原段,19.43,都市：住,100000,142,持分移轉,01000000
RPRRMLRLJIJFFBB08CB,太原段,21.21,都市：住,100000,155,持分移轉,01000000
RPTRMLRLJIJFFBB28CB,太原段,21.21,都市：住,100000,155,持分移轉,01000000
RPURMLRLJIJFFBB38CB,太原段,21.21,都市：住,100000,155,持分移轉,01000000
RPWRMLRLJIJFFBB58CB,太原段,20.26,都市：住,100000,148,持分移轉,01000000
RPOSMLRLJIJFFBB87CB,太原段,21.21,都市：住,100000,155,持分移轉,01000000
RPVRMLRLJIJFFBB48CB,太原段,21.21,都市：住,100000,155,持分移轉,01000000
RPSRMLRLJIJFFBB18CB,太原段,21.21,都市：住,100000,155,持分移轉,01000000
RPQQMLRJJIJFFCB87DB,惠國段,30.91,都市：住,10000,181,持分移轉,01520000
RPWSMLRLJIJFFBB68CB,太原段,21.21,都市：住,100000,155,持分移轉,01000000
RPXSMLRLJIJFFBB78CB,太原段,21.21,都市：住,100000,155,持分移轉,01000000
RPPTMLRLJIJFFBB08CB,太原段,21.21,都市：住,100000,155,持分移轉,01000000
RPQSMLRLJIJFFBB08CB,太原段,21.21,都市：住,100000,155,持分移轉,01000000
RPVSMLRLJIJFFBB58CB,太原段,21.21,都市：住,100000,155,持分移轉,01000000
RPTSMLRLJIJFFBB38CB,太原段,21.21,都市：住,100000,155,持分移轉,01000000
RPRSMLRLJIJFFBB18CB,太原段,21.21,都市：住,100000,155,持分移轉,01000000
RPOTMLRLJIJFFBB97CB,太原段,21.21,都市：住,100000,155,持分移轉,01000000
RPSSMLRLJIJFFBB28CB,太原段,21.21,都市：住,100000,155,持分移轉,01000000
RPUSMLRLJIJFFBB48CB,太原段,19.43,都市：住,100000,142,持分移轉,01000000
RPRTMLRLJIJFFBB28CB,太原段,21.21,都市：住,100000,155,持分移轉,01000000
RPQTMLRLJIJFFBB18CB,太原段,21.21,都市：住,100000,155,持分移轉,01000000
RPVUMLRLJIJFFBB78CB,太原段,20.53,都市：住,100000,150,持分移轉,01000000
RPTUMLRLJIJFFBB58CB,太原段,20.53,都市：住,100000,150,持分移轉,01000000
RPTTMLRLJIJFFBB48CB,太原段,20.53,都市：住,100000,150,持分移轉,01000000
RPSUMLRLJIJFFBB48CB,太原段,19.57,都市：住,100000,143,持分移轉,01000000
RPWUMLRLJIJFFBB88CB,太原段,20.53,都市：住,100000,150,持分移轉,01000000
RPPUMLRLJIJFFBB18CB,太原段,20.53,都市：住,100000,150,持分移轉,01000000
RPXUMLRLJIJFFBB98CB,太原段,21.21,都市：住,100000,155,持分移轉,01000000
RPXTMLRLJIJFFBB88CB,太原段,20.53,都市：住,100000,150,持分移轉,01000000
RPQVMLRLJIJFFBB38CB,太原段,21.21,都市：住,100000,155,持分移轉,01000000
RPTVMLRLJIJFFBB68CB,太原段,21.21,都市：住,100000,155,持分移轉,01000000
RPSVMLRLJIJFFBB58CB,太原段,21.21,都市：住,100000,155,持分移轉,01000000
RPOVMLRLJIJFFBB18CB,太原段,21.21,都市：住,100000,155,持分移轉,01000000
RPRVMLRLJIJFFBB48CB,太原段,21.21,都市：住,100000,155,持分移轉,01000000
RPUUMLRLJIJFFBB68CB,太原段,20.53,都市：住,100000,150,持分移轉,01000000
RPUVMLRLJIJFFBB78CB,太原段,21.21,都市：住,100000,155,持分移轉,01000000
RPVVMLRLJIJFFBB88CB,太原段,21.21,都市：住,100000,155,持分移轉,01000000
RPPVMLRLJIJFFBB28CB,太原段,21.21,都市：住,100000,155,持分移轉,01000000
RPXVMLRLJIJFFBB09CB,太原段,20.53,都市：住,100000,150,持分移轉,01000000
RPOWMLRLJIJFFBB28CB,太原段,18.75,都市：住,100000,137,持分移轉,01000000
RPRTNLRLJIJFFBB38CB,太原段,21.21,都市：住,100000,155,持分移轉,01000000
RPSTNLRLJIJFFBB48CB,太原段,22.99,都市：住,100000,168,持分移轉,01000000
RPPWMLRLJIJFFBB38CB,太原段,20.53,都市：住,100000,150,持分移轉,01000000
RPQTNLRLJIJFFBB28CB,太原段,21.21,都市：住,100000,155,持分移轉,01000000
RPTTNLRLJIJFFBB58CB,太原段,21.21,都市：住,100000,155,持分移轉,01000000
RPRUMLRLJIJFFBB38CB,太原段,20.53,都市：住,100000,150,持分移轉,01000000
RPVTMLRLJIJFFBB68CB,太原段,18.75,都市：住,100000,137,持分移轉,01000000
RPUTNLRLJIJFFBB68CB,太原段,21.21,都市：住,100000,155,持分移轉,01000000
RPWTNLRLJIJFFBB88CB,太原段,21.21,都市：住,100000,155,持分移轉,01000000
RPVTNLRLJIJFFBB78CB,太原段,21.21,都市：住,100000,155,持分移轉,01000000
RPRUNLRLJIJFFBB48CB,太原段,21.21,都市：住,100000,155,持分移轉,01000000
RPSUNLRLJIJFFBB58CB,太原段,21.21,都市：住,100000,155,持分移轉,01000000
RPXTNLRLJIJFFBB98CB,太原段,21.21,都市：住,100000,155,持分移轉,01000000
RPTUNLRLJIJFFBB68CB,太原段,21.21,都市：住,100000,155,持分移轉,01000000
RPOUNLRLJIJFFBB18CB,太原段,21.21,都市：住,100000,155,持分移轉,01000000
RPPUNLRLJIJFFBB28CB,太原段,21.21,都市：住,100000,155,持分移轉,01000000
RPWUNLRLJIJFFBB98CB,太原段,20.26,都市：住,100000,148,持分移轉,01000000
RPXUNLRLJIJFFBB09CB,太原段,21.21,都市：住,100000,155,持分移轉,01000000
RPOVNLRLJIJFFBB28CB,太原段,21.21,都市：住,100000,155,持分移轉,01000000
RPPVNLRLJIJFFBB38CB,太原段,21.21,都市：住,100000,155,持分移轉,01000000
RPRVNLRLJIJFFBB58CB,太原段,20.53,都市：住,100000,150,持分移轉,01000000
RPUUNLRLJIJFFBB78CB,太原段,21.21,都市：住,100000,155,持分移轉,01000000
RPSVNLRLJIJFFBB68CB,太原段,18.75,都市：住,100000,137,持分移轉,01000000
RPUVNLRLJIJFFBB88CB,太原段,20.53,都市：住,100000,150,持分移轉,01000000
RPTVNLRLJIJFFBB78CB,太原段,20.53,都市：住,100000,150,持分移轉,01000000
RPWVMLRLJIJFFBB98CB,太原段,1.78,都市：住,100000,13,持分移轉,01000000
RPOWNLRLJIJFFBB38CB,太原段,20.53,都市：住,100000,150,持分移轉,01000000
RPWVNLRLJIJFFBB09CB,太原段,20.53,都市：住,100000,150,持分移轉,01000000
RPRWNLRLJIJFFBB68CB,太原段,20.53,都市：住,100000,150,持分移轉,01000000
RPXVNLRLJIJFFBB56CB,太原段,20.53,都市：住,100000,150,持分移轉,01000000
RPSWNLRLJIJFFBB78CB,太原段,20.53,都市：住,100000,150,持分移轉,01000000
RPVVNLRLJIJFFBB98CB,太原段,19.57,都市：住,100000,143,持分移轉,01000000
RPPWNLRLJIJFFBB48CB,太原段,20.53,都市：住,100000,150,持分移轉,01000000
RPTWNLRLJIJFFBB88CB,太原段,20.53,都市：住,100000,150,持分移轉,01000000
RPVWNLRLJIJFFBB09CB,太原段,20.26,都市：住,100000,148,持分移轉,01000000
RPXWNLRLJIJFFBB66CB,太原段,20.26,都市：住,100000,148,持分移轉,01000000
RPWWNLRLJIJFFBB56CB,太原段,20.26,都市：住,100000,148,持分移轉,01000000
RPUWNLRLJIJFFBB98CB,太原段,42.43,都市：住,100000,310,持分移轉,01000000
RPONOLRLJIJFFBB57CB,太原段,21.21,都市：住,100000,155,持分移轉,01000000
RPVUNLRLJIJFFBB88CB,太原段,22.99,都市：住,100000,168,持分移轉,01000000
RPRNOLRLJIJFFBB87CB,太原段,21.21,都市：住,100000,155,持分移轉,01000000
RPUNOLRLJIJFFBB18CB,太原段,21.21,都市：住,100000,155,持分移轉,01000000
RPTNOLRLJIJFFBB08CB,太原段,21.21,都市：住,100000,155,持分移轉,01000000
RPVNOLRLJIJFFBB28CB,太原段,21.21,都市：住,100000,155,持分移轉,01000000
RPOOOLRLJIJFFBB67CB,太原段,21.21,都市：住,100000,155,持分移轉,01000000
RPWNOLRLJIJFFBB38CB,太原段,22.99,都市：住,100000,168,持分移轉,01000000
RPPOOLRLJIJFFBB77CB,太原段,21.21,都市：住,100000,155,持分移轉,01000000
RPPNOLRLJIJFFBB67CB,太原段,21.21,都市：住,100000,155,持分移轉,01000000
RPSOOLRLJIJFFBB08CB,太原段,21.21,都市：住,100000,155,持分移轉,01000000
RPQOOLRLJIJFFBB87CB,太原段,21.21,都市：住,100000,155,持分移轉,01000000
RPSNOLRLJIJFFBB97CB,太原段,21.08,都市：住,100000,154,持分移轉,01000000
RPXNOLRLJIJFFBB48CB,太原段,21.21,都市：住,100000,155,持分移轉,01000000
RPOPOLRLJIJFFBB77CB,太原段,21.21,都市：住,100000,155,持分移轉,01000000
RPTOOLRLJIJFFBB18CB,太原段,21.21,都市：住,100000,155,持分移轉,01000000
RPPPOLRLJIJFFBB87CB,太原段,22.99,都市：住,100000,168,持分移轉,01000000
RPSPOLRLJIJFFBB18CB,太原段,19.57,都市：住,100000,143,持分移轉,01000000
RPQPOLRLJIJFFBB97CB,太原段,21.21,都市：住,100000,155,持分移轉,01000000
RPWOOLRLJIJFFBB48CB,太原段,21.21,都市：住,100000,155,持分移轉,01000000
RPXOOLRLJIJFFBB58CB,太原段,21.21,都市：住,100000,155,持分移轉,01000000
RPUOOLRLJIJFFBB28CB,太原段,21.21,都市：住,100000,155,持分移轉,01000000
RPRPOLRLJIJFFBB08CB,太原段,20.53,都市：住,100000,150,持分移轉,01000000
RPUPOLRLJIJFFBB38CB,太原段,19.57,都市：住,100000,143,持分移轉,01000000
RPVPOLRLJIJFFBB48CB,太原段,20.53,都市：住,100000,150,持分移轉,01000000
RPVOOLRLJIJFFBB38CB,太原段,21.21,都市：住,100000,155,持分移轉,01000000
RPTPOLRLJIJFFBB28CB,太原段,20.53,都市：住,100000,150,持分移轉,01000000
RPXPOLRLJIJFFBB68CB,太原段,21.35,都市：住,100000,156,持分移轉,01000000
RPWPOLRLJIJFFBB58CB,太原段,20.53,都市：住,100000,150,持分移轉,01000000
RPOQOLRLJIJFFBB87CB,太原段,19.57,都市：住,100000,143,持分移轉,01000000
RPPQOLRLJIJFFBB97CB,太原段,20.53,都市：住,100000,150,持分移轉,01000000
RPRQOLRLJIJFFBB18CB,太原段,20.53,都市：住,100000,150,持分移轉,01000000
RPSQOLRLJIJFFBB28CB,太原段,20.53,都市：住,100000,150,持分移轉,01000000
RPQQOLRLJIJFFBB08CB,太原段,20.26,都市：住,100000,148,持分移轉,01000000
RPRROLRLJIJFFBB28CB,太原段,21.21,都市：住,100000,155,持分移轉,01000000
RPQROLRLJIJFFBB18CB,太原段,21.21,都市：住,100000,155,持分移轉,01000000
RPTROLRLJIJFFBB48CB,太原段,21.21,都市：住,100000,155,持分移轉,01000000
RPWQOLRLJIJFFBB68CB,太原段,21.21,都市：住,100000,155,持分移轉,01000000
RPTQOLRLJIJFFBB38CB,太原段,20.53,都市：住,100000,150,持分移轉,01000000
RPSROLRLJIJFFBB38CB,太原段,22.99,都市：住,100000,168,持分移轉,01000000
RPPROLRLJIJFFBB08CB,太原段,21.21,都市：住,100000,155,持分移轉,01000000
RPVQOLRLJIJFFBB58CB,太原段,21.21,都市：住,100000,155,持分移轉,01000000
RPXQOLRLJIJFFBB78CB,太原段,21.21,都市：住,100000,155,持分移轉,01000000
RPOROLRLJIJFFBB97CB,太原段,21.21,都市：住,100000,155,持分移轉,01000000
RPRSOLRLJIJFFBB38CB,太原段,21.21,都市：住,100000,155,持分移轉,01000000
RPSSOLRLJIJFFBB48CB,太原段,21.21,都市：住,100000,155,持分移轉,01000000
RPWROLRLJIJFFBB78CB,太原段,21.21,都市：住,100000,155,持分移轉,01000000
RPPSOLRLJIJFFBB18CB,太原段,21.21,都市：住,100000,155,持分移轉,01000000
RPQSOLRLJIJFFBB28CB,太原段,21.21,都市：住,100000,155,持分移轉,01000000
RPUSOLRLJIJFFBB68CB,太原段,21.21,都市：住,100000,155,持分移轉,01000000
RPUROLRLJIJFFBB58CB,太原段,22.99,都市：住,100000,168,持分移轉,01000000
RPTSOLRLJIJFFBB58CB,太原段,21.21,都市：住,100000,155,持分移轉,01000000
RPXROLRLJIJFFBB88CB,太原段,21.21,都市：住,100000,155,持分移轉,01000000
RPXSOLRLJIJFFBB98CB,太原段,20.53,都市：住,100000,150,持分移轉,01000000
RPOSOLRLJIJFFBB08CB,太原段,21.21,都市：住,100000,155,持分移轉,01000000
RPOTOLRLJIJFFBB18CB,太原段,20.53,都市：住,100000,150,持分移轉,01000000
RPQTOLRLJIJFFBB38CB,太原段,20.53,都市：住,100000,150,持分移轉,01000000
RPVSOLRLJIJFFBB78CB,太原段,21.21,都市：住,100000,155,持分移轉,01000000
RPTTOLRLJIJFFBB68CB,太原段,20.53,都市：住,100000,150,持分移轉,01000000
RPVTOLRLJIJFFBB88CB,太原段,20.53,都市：住,100000,150,持分移轉,01000000
RPWSOLRLJIJFFBB88CB,太原段,21.21,都市：住,100000,155,持分移轉,01000000
RPPTOLRLJIJFFBB28CB,太原段,20.53,都市：住,100000,150,持分移轉,01000000
RPRTOLRLJIJFFBB48CB,太原段,20.53,都市：住,100000,150,持分移轉,01000000
RPXTOLRLJIJFFBB09CB,太原段,21.21,都市：住,100000,155,持分移轉,01000000
RPUTOLRLJIJFFBB78CB,太原段,20.53,都市：住,100000,150,持分移轉,01000000
RPWTOLRLJIJFFBB98CB,太原段,20.53,都市：住,100000,150,持分移轉,01000000
RPOUOLRLJIJFFBB28CB,太原段,21.21,都市：住,100000,155,持分移轉,01000000
RPPUOLRLJIJFFBB38CB,太原段,21.21,都市：住,100000,155,持分移轉,01000000
RPVUOLRLJIJFFBB98CB,太原段,21.21,都市：住,100000,155,持分移轉,01000000
RPSUOLRLJIJFFBB68CB,太原段,21.21,都市：住,100000,155,持分移轉,01000000
RPUUOLRLJIJFFBB88CB,太原段,21.21,都市：住,100000,155,持分移轉,01000000
RPOVOLRLJIJFFBB38CB,太原段,21.21,都市：住,100000,155,持分移轉,01000000
RPWUOLRLJIJFFBB09CB,太原段,21.21,都市：住,100000,155,持分移轉,01000000
RPQUOLRLJIJFFBB48CB,太原段,21.21,都市：住,100000,155,持分移轉,01000000
RPPVOLRLJIJFFBB48CB,太原段,21.21,都市：住,100000,155,持分移轉,01000000
RPXUOLRLJIJFFBB56CB,太原段,21.21,都市：住,100000,155,持分移轉,01000000
RPVVOLRLJIJFFBB09CB,太原段,21.21,都市：住,100000,155,持分移轉,01000000
RPWVOLRLJIJFFBB56CB,太原段,21.21,都市：住,100000,155,持分移轉,01000000
RPQVOLRLJIJFFBB58CB,太原段,21.21,都市：住,100000,155,持分移轉,01000000
RPTVOLRLJIJFFBB88CB,太原段,21.21,都市：住,100000,155,持分移轉,01000000
RPUVOLRLJIJFFBB98CB,太原段,21.21,都市：住,100000,155,持分移轉,01000000
RPOWOLRLJIJFFBB48CB,太原段,20.53,都市：住,100000,150,持分移轉,01000000
RPXVOLRLJIJFFBB66CB,太原段,20.53,都市：住,100000,150,持分移轉,01000000
RPRVOLRLJIJFFBB68CB,太原段,21.21,都市：住,100000,155,持分移轉,01000000
RPTWOLRLJIJFFBB98CB,太原段,20.53,都市：住,100000,150,持分移轉,01000000
RPSWOLRLJIJFFBB88CB,太原段,20.53,都市：住,100000,150,持分移轉,01000000
RPVWOLRLJIJFFBB56CB,太原段,20.53,都市：住,100000,150,持分移轉,01000000
RPUWOLRLJIJFFBB09CB,太原段,20.53,都市：住,100000,150,持分移轉,01000000
RPQWOLRLJIJFFBB68CB,太原段,20.53,都市：住,100000,150,持分移轉,01000000
RPWWOLRLJIJFFBB66CB,太原段,20.53,都市：住,100000,150,持分移轉,01000000
RPSVOLRLJIJFFBB78CB,太原段,21.21,都市：住,100000,155,持分移轉,01000000
RPRNPLRLJIJFFBB97CB,太原段,20.53,都市：住,100000,150,持分移轉,01000000
RPONPLRLJIJFFBB67CB,太原段,20.53,都市：住,100000,150,持分移轉,01000000
RPTNPLRLJIJFFBB18CB,太原段,21.21,都市：住,100000,155,持分移轉,01000000
RPUNPLRLJIJFFBB28CB,太原段,21.21,都市：住,100000,155,持分移轉,01000000
RPXWOLRLJIJFFBB76CB,太原段,20.53,都市：住,100000,150,持分移轉,01000000
RPWNPLRLJIJFFBB48CB,太原段,21.21,都市：住,100000,155,持分移轉,01000000
RPVNPLRLJIJFFBB38CB,太原段,21.21,都市：住,100000,155,持分移轉,01000000
RPXNPLRLJIJFFBB58CB,太原段,21.21,都市：住,100000,155,持分移轉,01000000
RPPNPLRLJIJFFBB77CB,太原段,20.53,都市：住,100000,150,持分移轉,01000000
RPOOPLRLJIJFFBB77CB,太原段,21.21,都市：住,100000,155,持分移轉,01000000
RPPOPLRLJIJFFBB87CB,太原段,22.99,都市：住,100000,168,持分移轉,01000000
RPTOPLRLJIJFFBB28CB,太原段,21.21,都市：住,100000,155,持分移轉,01000000
RPSOPLRLJIJFFBB18CB,太原段,21.21,都市：住,100000,155,持分移轉,01000000
RPQOPLRLJIJFFBB97CB,太原段,21.21,都市：住,100000,155,持分移轉,01000000
RPVOPLRLJIJFFBB48CB,太原段,21.21,都市：住,100000,155,持分移轉,01000000
RPSNPLRLJIJFFBB08CB,太原段,21.21,都市：住,100000,155,持分移轉,01000000
RPUOPLRLJIJFFBB38CB,太原段,21.21,都市：住,100000,155,持分移轉,01000000
RPXOPLRLJIJFFBB68CB,太原段,21.21,都市：住,100000,155,持分移轉,01000000
RPQPPLRLJIJFFBB08CB,太原段,20.53,都市：住,100000,150,持分移轉,01000000
RPUPPLRLJIJFFBB48CB,太原段,20.53,都市：住,100000,150,持分移轉,01000000
RPWOPLRLJIJFFBB58CB,太原段,21.21,都市：住,100000,155,持分移轉,01000000
RPPPPLRLJIJFFBB97CB,太原段,20.53,都市：住,100000,150,持分移轉,01000000
RPSPPLRLJIJFFBB28CB,太原段,20.53,都市：住,100000,150,持分移轉,01000000
RPOPPLRLJIJFFBB87CB,太原段,21.21,都市：住,100000,155,持分移轉,01000000
RPWPPLRLJIJFFBB68CB,太原段,20.53,都市：住,100000,150,持分移轉,01000000
RPVPPLRLJIJFFBB58CB,太原段,20.53,都市：住,100000,150,持分移轉,01000000
RPTPPLRLJIJFFBB38CB,太原段,20.53,都市：住,100000,150,持分移轉,01000000
RPRQPLRLJIJFFBB28CB,太原段,21.21,都市：住,100000,155,持分移轉,01000000
RPXPPLRLJIJFFBB78CB,太原段,20.53,都市：住,100000,150,持分移轉,01000000
RPOQPLRLJIJFFBB97CB,太原段,20.53,都市：住,100000,150,持分移轉,01000000
RPSRPLRLJIJFFBB48CB,太原段,21.21,都市：住,100000,155,持分移轉,01000000
RPPQPLRLJIJFFBB08CB,太原段,20.53,都市：住,100000,150,持分移轉,01000000
RPSQPLRLJIJFFBB38CB,太原段,21.21,都市：住,100000,155,持分移轉,01000000
RPQRPLRLJIJFFBB28CB,太原段,21.21,都市：住,100000,155,持分移轉,01000000
RPVRPLRLJIJFFBB78CB,太原段,21.21,都市：住,100000,155,持分移轉,01000000
RPURPLRLJIJFFBB68CB,太原段,21.21,都市：住,100000,155,持分移轉,01000000
RPWRPLRLJIJFFBB88CB,太原段,21.21,都市：住,100000,155,持分移轉,01000000
RPPSPLRLJIJFFBB28CB,太原段,21.21,都市：住,100000,155,持分移轉,01000000
RPXRPLRLJIJFFBB98CB,太原段,21.21,都市：住,100000,155,持分移轉,01000000
RPRSPLRLJIJFFBB48CB,太原段,22.99,都市：住,100000,168,持分移轉,01000000
RPOSPLRLJIJFFBB18CB,太原段,21.21,都市：住,100000,155,持分移轉,01000000
RPQSPLRLJIJFFBB38CB,太原段,21.21,都市：住,100000,155,持分移轉,01000000
RPRRPLRLJIJFFBB38CB,太原段,21.21,都市：住,100000,155,持分移轉,01000000
RPSSPLRLJIJFFBB58CB,太原段,20.53,都市：住,100000,150,持分移轉,01000000
RPTRPLRLJIJFFBB58CB,太原段,21.21,都市：住,100000,155,持分移轉,01000000
RPQTPLRLJIJFFBB48CB,太原段,20.53,都市：住,100000,150,持分移轉,01000000
RPPTPLRLJIJFFBB38CB,太原段,20.53,都市：住,100000,150,持分移轉,01000000
RPXSPLRLJIJFFBB09CB,太原段,20.53,都市：住,100000,150,持分移轉,01000000
RPTSPLRLJIJFFBB68CB,太原段,20.53,都市：住,100000,150,持分移轉,01000000
RPOTPLRLJIJFFBB28CB,太原段,20.53,都市：住,100000,150,持分移轉,01000000
RPWSPLRLJIJFFBB98CB,太原段,20.53,都市：住,100000,150,持分移轉,01000000
RPRTPLRLJIJFFBB58CB,太原段,20.53,都市：住,100000,150,持分移轉,01000000
RPUSPLRLJIJFFBB78CB,太原段,20.53,都市：住,100000,150,持分移轉,01000000
RPVSPLRLJIJFFBB88CB,太原段,20.53,都市：住,100000,150,持分移轉,01000000
RPSTPLRLJIJFFBB68CB,太原段,20.53,都市：住,100000,150,持分移轉,01000000
RPOUPLRLJIJFFBB38CB,太原段,21.21,都市：住,100000,155,持分移轉,01000000
RPWTPLRLJIJFFBB09CB,太原段,20.53,都市：住,100000,150,持分移轉,01000000
RPRUPLRLJIJFFBB68CB,太原段,21.21,都市：住,100000,155,持分移轉,01000000
RPVTPLRLJIJFFBB98CB,太原段,21.21,都市：住,100000,155,持分移轉,01000000
RPPUPLRLJIJFFBB48CB,太原段,21.21,都市：住,100000,155,持分移轉,01000000
RPQUPLRLJIJFFBB58CB,太原段,21.21,都市：住,100000,155,持分移轉,01000000
RPTTPLRLJIJFFBB78CB,太原段,20.26,都市：住,100000,148,持分移轉,01000000
RPXTPLRLJIJFFBB56CB,太原段,21.21,都市：住,100000,155,持分移轉,01000000
RPUTPLRLJIJFFBB88CB,太原段,20.53,都市：住,100000,150,持分移轉,01000000
RPXUPLRLJIJFFBB66CB,太原段,21.21,都市：住,100000,155,持分移轉,01000000
RPWUPLRLJIJFFBB56CB,太原段,20.53,都市：住,100000,150,持分移轉,01000000
RPQVPLRLJIJFFBB68CB,太原段,20.53,都市：住,100000,150,持分移轉,01000000
RPOVPLRLJIJFFBB48CB,太原段,21.21,都市：住,100000,155,持分移轉,01000000
RPTUPLRLJIJFFBB88CB,太原段,20.53,都市：住,100000,150,持分移轉,01000000
RPPVPLRLJIJFFBB58CB,太原段,20.53,都市：住,100000,150,持分移轉,01000000
RPVUPLRLJIJFFBB09CB,太原段,20.53,都市：住,100000,150,持分移轉,01000000
RPRVPLRLJIJFFBB78CB,太原段,21.21,都市：住,100000,155,持分移轉,01000000
RPSUPLRLJIJFFBB78CB,太原段,20.53,都市：住,100000,150,持分移轉,01000000
RPSVPLRLJIJFFBB88CB,太原段,21.21,都市：住,100000,155,持分移轉,01000000
RPTVPLRLJIJFFBB98CB,太原段,21.21,都市：住,100000,155,持分移轉,01000000
RPUVPLRLJIJFFBB09CB,太原段,21.21,都市：住,100000,155,持分移轉,01000000
RPOWPLRLJIJFFBB58CB,太原段,21.21,都市：住,100000,155,持分移轉,01000000
RPWVPLRLJIJFFBB66CB,太原段,21.21,都市：住,100000,155,持分移轉,01000000
RPPWPLRLJIJFFBB68CB,太原段,21.21,都市：住,100000,155,持分移轉,01000000
RPRWPLRLJIJFFBB88CB,太原段,21.21,都市：住,100000,155,持分移轉,01000000
RPQWPLRLJIJFFBB78CB,太原段,21.21,都市：住,100000,155,持分移轉,01000000
RPUUPLRLJIJFFBB98CB,太原段,20.53,都市：住,100000,150,持分移轉,01000000
RPSWPLRLJIJFFBB98CB,太原段,20.53,都市：住,100000,150,持分移轉,01000000
RPWWPLRLJIJFFBB76CB,太原段,20.26,都市：住,100000,148,持分移轉,01000000
RPONQLRLJIJFFBB77CB,太原段,21.21,都市：住,100000,155,持分移轉,01000000
RPVWPLRLJIJFFBB66CB,太原段,21.21,都市：住,100000,155,持分移轉,01000000
RPSNQLRLJIJFFBB18CB,太原段,20.53,都市：住,100000,150,持分移轉,01000000
RPXWPLRLJIJFFBB86CB,太原段,21.21,都市：住,100000,155,持分移轉,01000000
RPQNQLRLJIJFFBB97CB,太原段,20.53,都市：住,100000,150,持分移轉,01000000
RPTNQLRLJIJFFBB28CB,太原段,20.53,都市：住,100000,150,持分移轉,01000000
RPRNQLRLJIJFFBB08CB,太原段,20.53,都市：住,100000,150,持分移轉,01000000
RPUNQLRLJIJFFBB38CB,太原段,20.53,都市：住,100000,150,持分移轉,01000000
RPWNQLRLJIJFFBB58CB,太原段,20.53,都市：住,100000,150,持分移轉,01000000
RPOOQLRLJIJFFBB87CB,太原段,20.53,都市：住,100000,150,持分移轉,01000000
RPVNQLRLJIJFFBB48CB,太原段,20.53,都市：住,100000,150,持分移轉,01000000
RPPOQLRLJIJFFBB97CB,太原段,20.53,都市：住,100000,150,持分移轉,01000000
RPXNQLRLJIJFFBB68CB,太原段,20.53,都市：住,100000,150,持分移轉,01000000
RPTWPLRLJIJFFBB09CB,太原段,21.21,都市：住,100000,155,持分移轉,01000000
RPUWPLRLJIJFFBB56CB,太原段,20.53,都市：住,100000,150,持分移轉,01000000
RPPNQLRLJIJFFBB87CB,太原段,21.21,都市：住,100000,155,持分移轉,01000000
RPXOQLRLJIJFFBB78CB,太原段,21.21,都市：住,100000,155,持分移轉,01000000
RPSOQLRLJIJFFBB28CB,太原段,20.53,都市：住,100000,150,持分移轉,01000000
RPOPQLRLJIJFFBB97CB,太原段,20.53,都市：住,100000,150,持分移轉,01000000
RPUOQLRLJIJFFBB48CB,太原段,21.21,都市：住,100000,155,持分移轉,01000000
RPQPQLRLJIJFFBB18CB,太原段,21.21,都市：住,100000,155,持分移轉,01000000
RPROQLRLJIJFFBB18CB,太原段,20.53,都市：住,100000,150,持分移轉,01000000
RPQOQLRLJIJFFBB08CB,太原段,20.53,都市：住,100000,150,持分移轉,01000000
RPPPQLRLJIJFFBB08CB,太原段,21.21,都市：住,100000,155,持分移轉,01000000
RPWOQLRLJIJFFBB68CB,太原段,21.21,都市：住,100000,155,持分移轉,01000000
RPTOQLRLJIJFFBB38CB,太原段,20.53,都市：住,100000,150,持分移轉,01000000
RPVPQLRLJIJFFBB68CB,太原段,21.21,都市：住,100000,155,持分移轉,01000000
RPTPQLRLJIJFFBB48CB,太原段,21.21,都市：住,100000,155,持分移轉,01000000
RPWPQLRLJIJFFBB78CB,太原段,21.21,都市：住,100000,155,持分移轉,01000000
RPRPQLRLJIJFFBB28CB,太原段,21.21,都市：住,100000,155,持分移轉,01000000
RPPQQLRLJIJFFBB18CB,太原段,21.21,都市：住,100000,155,持分移轉,01000000
RPUPQLRLJIJFFBB58CB,太原段,22.99,都市：住,100000,168,持分移轉,01000000
RPSPQLRLJIJFFBB38CB,太原段,21.21,都市：住,100000,155,持分移轉,01000000
RPSQQLRLJIJFFBB48CB,太原段,21.21,都市：住,100000,155,持分移轉,01000000
RPXPQLRLJIJFFBB88CB,太原段,21.21,都市：住,100000,155,持分移轉,01000000
RPQQQLRLJIJFFBB28CB,太原段,21.21,都市：住,100000,155,持分移轉,01000000
RPOQQLRLJIJFFBB08CB,太原段,21.21,都市：住,100000,155,持分移轉,01000000
RPVQQLRLJIJFFBB78CB,太原段,20.53,都市：住,100000,150,持分移轉,01000000
RPQRQLRLJIJFFBB38CB,太原段,20.53,都市：住,100000,150,持分移轉,01000000
RPWQQLRLJIJFFBB88CB,太原段,20.53,都市：住,100000,150,持分移轉,01000000
RPORQLRLJIJFFBB18CB,太原段,20.53,都市：住,100000,150,持分移轉,01000000
RPUQQLRLJIJFFBB68CB,太原段,20.53,都市：住,100000,150,持分移轉,01000000
RPXQQLRLJIJFFBB98CB,太原段,20.53,都市：住,100000,150,持分移轉,01000000
RPSRQLRLJIJFFBB58CB,太原段,20.53,都市：住,100000,150,持分移轉,01000000
RPRRQLRLJIJFFBB48CB,太原段,20.53,都市：住,100000,150,持分移轉,01000000
RPURQLRLJIJFFBB78CB,太原段,22.31,都市：住,100000,163,持分移轉,01000000
RPVRQLRLJIJFFBB88CB,太原段,20.53,都市：住,100000,150,持分移轉,01000000
RPTRQLRLJIJFFBB68CB,太原段,20.53,都市：住,100000,150,持分移轉,01000000
RPWRQLRLJIJFFBB98CB,太原段,20.53,都市：住,100000,150,持分移轉,01000000
RPQSQLRLJIJFFBB48CB,太原段,21.21,都市：住,100000,155,持分移轉,01000000
RPOSQLRLJIJFFBB28CB,太原段,42.43,都市：住,100000,310,持分移轉,01000000
RPPSQLRLJIJFFBB38CB,太原段,21.21,都市：住,100000,155,持分移轉,01000000
RPTSQLRLJIJFFBB78CB,太原段,21.21,都市：住,100000,155,持分移轉,01000000
RPSSQLRLJIJFFBB68CB,太原段,21.21,都市：住,100000,155,持分移轉,01000000
RPRSQLRLJIJFFBB58CB,太原段,20.53,都市：住,100000,150,持分移轉,01000000
RPVSQLRLJIJFFBB98CB,太原段,20.53,都市：住,100000,150,持分移轉,01000000
RPUSQLRLJIJFFBB88CB,太原段,22.99,都市：住,100000,168,持分移轉,01000000
RPOTQLRLJIJFFBB38CB,太原段,21.21,都市：住,100000,155,持分移轉,01000000
RPWSQLRLJIJFFBB09CB,太原段,21.21,都市：住,100000,155,持分移轉,01000000
RPPTQLRLJIJFFBB48CB,太原段,21.21,都市：住,100000,155,持分移轉,01000000
RPQTQLRLJIJFFBB58CB,太原段,21.21,都市：住,100000,155,持分移轉,01000000
RPRTQLRLJIJFFBB68CB,太原段,21.21,都市：住,100000,155,持分移轉,01000000
RPXSQLRLJIJFFBB56CB,太原段,21.21,都市：住,100000,155,持分移轉,01000000
RPUTQLRLJIJFFBB98CB,太原段,21.21,都市：住,100000,155,持分移轉,01000000
RPTTQLRLJIJFFBB88CB,太原段,21.21,都市：住,100000,155,持分移轉,01000000
RPXTQLRLJIJFFBB66CB,太原段,21.21,都市：住,100000,155,持分移轉,01000000
RPOUQLRLJIJFFBB48CB,太原段,21.21,都市：住,100000,155,持分移轉,01000000
RPSTQLRLJIJFFBB78CB,太原段,21.21,都市：住,100000,155,持分移轉,01000000
RPVTQLRLJIJFFBB09CB,太原段,21.21,都市：住,100000,155,持分移轉,01000000
RPPUQLRLJIJFFBB58CB,太原段,21.21,都市：住,100000,155,持分移轉,01000000
RPOVQLRLJIJFFBB58CB,太原段,21.21,都市：住,100000,155,持分移轉,01000000
RPUUQLRLJIJFFBB09CB,太原段,21.21,都市：住,100000,155,持分移轉,01000000
RPSVQLRLJIJFFBB98CB,太原段,21.21,都市：住,100000,155,持分移轉,01000000
RPRUQLRLJIJFFBB78CB,太原段,21.21,都市：住,100000,155,持分移轉,01000000
RPPVQLRLJIJFFBB68CB,太原段,21.21,都市：住,100000,155,持分移轉,01000000
RPVUQLRLJIJFFBB56CB,太原段,21.21,都市：住,100000,155,持分移轉,01000000
RPTUQLRLJIJFFBB98CB,太原段,21.21,都市：住,100000,155,持分移轉,01000000
RPQVQLRLJIJFFBB78CB,太原段,21.21,都市：住,100000,155,持分移轉,01000000
RPQUQLRLJIJFFBB68CB,太原段,21.21,都市：住,100000,155,持分移轉,01000000
RPWUQLRLJIJFFBB66CB,太原段,21.21,都市：住,100000,155,持分移轉,01000000
RPTVQLRLJIJFFBB09CB,太原段,21.21,都市：住,100000,155,持分移轉,01000000
RPWVQLRLJIJFFBB76CB,太原段,20.53,都市：住,100000,150,持分移轉,01000000
RPVVQLRLJIJFFBB66CB,太原段,20.53,都市：住,100000,150,持分移轉,01000000
RPPWQLRLJIJFFBB78CB,太原段,20.53,都市：住,100000,150,持分移轉,01000000
RPOWQLRLJIJFFBB68CB,太原段,20.53,都市：住,100000,150,持分移轉,01000000
RPXVQLRLJIJFFBB86CB,太原段,20.53,都市：住,100000,150,持分移轉,01000000
RPSWQLRLJIJFFBB09CB,太原段,20.53,都市：住,100000,150,持分移轉,01000000
RPUVQLRLJIJFFBB56CB,太原段,21.21,都市：住,100000,155,持分移轉,01000000
RPTWQLRLJIJFFBB56CB,太原段,20.53,都市：住,100000,150,持分移轉,01000000
RPQORLRLJIJFFBB18CB,太原段,28.88,都市：住,100000,211,持分移轉,01000000
RPWWQLRLJIJFFBB86CB,太原段,20.53,都市：住,100000,150,持分移轉,01000000
RPQWQLRLJIJFFBB88CB,太原段,20.53,都市：住,100000,150,持分移轉,01000000
RPXWQLRLJIJFFBB96CB,太原段,20.53,都市：住,100000,150,持分移轉,01000000
RPRWQLRLJIJFFBB98CB,太原段,20.53,都市：住,100000,150,持分移轉,01000000
RPVWQLRLJIJFFBB76CB,太原段,20.53,都市：住,100000,150,持分移轉,01000000
RPRORLRLJIJFFBB28CB,太原段,28.88,都市：住,100000,211,持分移轉,01000000
RPSORLRLJIJFFBB38CB,太原段,28.88,都市：住,100000,211,持分移轉,01000000
RPUORLRLJIJFFBB58CB,太原段,28.88,都市：住,100000,211,持分移轉,01000000
RPVORLRLJIJFFBB68CB,太原段,27.10,都市：住,100000,198,持分移轉,01000000
RPOPRLRLJIJFFBB08CB,太原段,27.10,都市：住,100000,198,持分移轉,01000000
RPXORLRLJIJFFBB88CB,太原段,27.10,都市：住,100000,198,持分移轉,01000000
RPRPRLRLJIJFFBB38CB,太原段,28.88,都市：住,100000,211,持分移轉,01000000
RPQPRLRLJIJFFBB28CB,太原段,27.10,都市：住,100000,198,持分移轉,01000000
RPTORLRLJIJFFBB48CB,太原段,27.10,都市：住,100000,198,持分移轉,01000000
RPWORLRLJIJFFBB78CB,太原段,28.88,都市：住,100000,211,持分移轉,01000000
RPQQRLRLJIJFFBB38CB,太原段,15.88,都市：住,100000,116,持分移轉,01000000
RPWPRLRLJIJFFBB88CB,太原段,27.10,都市：住,100000,198,持分移轉,01000000
RPTPRLRLJIJFFBB58CB,太原段,28.88,都市：住,100000,211,持分移轉,01000000
RPPQRLRLJIJFFBB28CB,太原段,15.88,都市：住,100000,116,持分移轉,01000000
RPXPRLRLJIJFFBB98CB,太原段,27.10,都市：住,100000,198,持分移轉,01000000
RPRQRLRLJIJFFBB48CB,太原段,15.88,都市：住,100000,116,持分移轉,01000000
RPOQRLRLJIJFFBB18CB,太原段,15.88,都市：住,100000,116,持分移轉,01000000
RPUPRLRLJIJFFBB68CB,太原段,27.10,都市：住,100000,198,持分移轉,01000000
RPVPRLRLJIJFFBB78CB,太原段,27.10,都市：住,100000,198,持分移轉,01000000
RPTQRLRLJIJFFBB68CB,太原段,15.88,都市：住,100000,116,持分移轉,01000000
RPSPRLRLJIJFFBB48CB,太原段,27.10,都市：住,100000,198,持分移轉,01000000
RPVQRLRLJIJFFBB88CB,太原段,15.88,都市：住,100000,116,持分移轉,01000000
RPWQRLRLJIJFFBB98CB,太原段,15.88,都市：住,100000,116,持分移轉,01000000
RPUQRLRLJIJFFBB78CB,太原段,15.88,都市：住,100000,116,持分移轉,01000000
RPQRRLRLJIJFFBB48CB,太原段,26.00,都市：住,100000,190,持分移轉,01000000
RPSQRLRLJIJFFBB58CB,太原段,15.88,都市：住,100000,116,持分移轉,01000000
RPXQRLRLJIJFFBB09CB,太原段,15.88,都市：住,100000,116,持分移轉,01000000
RPRRRLRLJIJFFBB58CB,太原段,26.00,都市：住,100000,190,持分移轉,01000000
RPSRRLRLJIJFFBB68CB,太原段,26.00,都市：住,100000,190,持分移轉,01000000
RPURRLRLJIJFFBB88CB,太原段,26.00,都市：住,100000,190,持分移轉,01000000
RPORRLRLJIJFFBB28CB,太原段,15.88,都市：住,100000,116,持分移轉,01000000
RPPRRLRLJIJFFBB38CB,太原段,26.00,都市：住,100000,190,持分移轉,01000000
RPTRRLRLJIJFFBB78CB,太原段,26.00,都市：住,100000,190,持分移轉,01000000
RPWRRLRLJIJFFBB09CB,太原段,26.00,都市：住,100000,190,持分移轉,01000000
RPVRRLRLJIJFFBB98CB,太原段,26.00,都市：住,100000,190,持分移轉,01000000
RPXRRLRLJIJFFBB56CB,太原段,26.00,都市：住,100000,190,持分移轉,01000000
RPPSRLRLJIJFFBB48CB,太原段,26.00,都市：住,100000,190,持分移轉,01000000
RPSSRLRLJIJFFBB78CB,太原段,26.00,都市：住,100000,190,持分移轉,01000000
RPRSRLRLJIJFFBB68CB,太原段,26.00,都市：住,100000,190,持分移轉,01000000
RPQSRLRLJIJFFBB58CB,太原段,26.00,都市：住,100000,190,持分移轉,01000000
RPTSRLRLJIJFFBB88CB,太原段,26.00,都市：住,100000,190,持分移轉,01000000
RPOSRLRLJIJFFBB38CB,太原段,26.00,都市：住,100000,190,持分移轉,01000000
RPWSRLRLJIJFFBB56CB,太原段,26.00,都市：住,100000,190,持分移轉,01000000
RPUSRLRLJIJFFBB98CB,太原段,26.00,都市：住,100000,190,持分移轉,01000000
RPVSRLRLJIJFFBB09CB,太原段,26.00,都市：住,100000,190,持分移轉,01000000
RPTTRLRLJIJFFBB98CB,太原段,15.88,都市：住,100000,116,持分移轉,01000000
RPXSRLRLJIJFFBB66CB,太原段,26.00,都市：住,100000,190,持分移轉,01000000
RPUTRLRLJIJFFBB09CB,太原段,15.88,都市：住,100000,116,持分移轉,01000000
RPPTRLRLJIJFFBB58CB,太原段,26.00,都市：住,100000,190,持分移轉,01000000
RPRTRLRLJIJFFBB78CB,太原段,26.00,都市：住,100000,190,持分移轉,01000000
RPWTRLRLJIJFFBB66CB,太原段,15.88,都市：住,100000,116,持分移轉,01000000
RPOTRLRLJIJFFBB48CB,太原段,26.00,都市：住,100000,190,持分移轉,01000000
RPQTRLRLJIJFFBB68CB,太原段,26.00,都市：住,100000,190,持分移轉,01000000
RPVTRLRLJIJFFBB56CB,太原段,15.88,都市：住,100000,116,持分移轉,01000000
RPSTRLRLJIJFFBB88CB,太原段,15.88,都市：住,100000,116,持分移轉,01000000
RPPURLRLJIJFFBB68CB,太原段,15.88,都市：住,100000,116,持分移轉,01000000
RPRURLRLJIJFFBB88CB,太原段,15.88,都市：住,100000,116,持分移轉,01000000
RPQURLRLJIJFFBB78CB,太原段,15.88,都市：住,100000,116,持分移轉,01000000
RPSURLRLJIJFFBB98CB,太原段,15.88,都市：住,100000,116,持分移轉,01000000
RPXTRLRLJIJFFBB76CB,太原段,15.88,都市：住,100000,116,持分移轉,01000000
RPUURLRLJIJFFBB56CB,太原段,20.94,都市：住,100000,153,持分移轉,01000000
RPOURLRLJIJFFBB58CB,太原段,15.88,都市：住,100000,116,持分移轉,01000000
RPTURLRLJIJFFBB09CB,太原段,15.88,都市：住,100000,116,持分移轉,01000000
RPVURLRLJIJFFBB66CB,太原段,21.21,都市：住,100000,155,持分移轉,01000000
RPPVRLRLJIJFFBB78CB,太原段,21.21,都市：住,100000,155,持分移轉,01000000
RPQPMLSLJIJFFBB87CB,太原段,22.99,都市：住,100000,168,持分移轉,01000000
RPRPMLSLJIJFFBB97CB,太原段,20.53,都市：住,100000,150,持分移轉,01000000
RPSQMLSLJIJFFBB18CB,太原段,27.10,都市：住,100000,198,持分移轉,01000000
RPQQMLSLJIJFFBB97CB,太原段,27.10,都市：住,100000,198,持分移轉,01000000
RPRQMLSLJIJFFBB08CB,太原段,27.10,都市：住,100000,198,持分移轉,01000000
RPPQMLSLJIJFFBB87CB,太原段,14.92,都市：住,100000,109,持分移轉,01000000
RPOQMLSLJIJFFBB77CB,太原段,14.92,都市：住,100000,109,持分移轉,01000000
RPXPMLSLJIJFFBB58CB,太原段,14.92,都市：住,100000,109,持分移轉,01000000
RPUPMLSLJIJFFBB28CB,太原段,21.21,都市：住,100000,155,持分移轉,01000000
RPWPMLSLJIJFFBB48CB,太原段,14.92,都市：住,100000,109,持分移轉,01000000
RPVPMLSLJIJFFBB38CB,太原段,14.92,都市：住,100000,109,持分移轉,01000000
RPUQMLSLJIJFFBB38CB,太原段,27.10,都市：住,100000,198,持分移轉,01000000
RPXQMLSLJIJFFBB68CB,太原段,27.10,都市：住,100000,198,持分移轉,01000000
RPTQMLSLJIJFFBB28CB,太原段,27.10,都市：住,100000,198,持分移轉,01000000
RPSRMLSLJIJFFBB28CB,太原段,27.10,都市：住,100000,198,持分移轉,01000000
RPXRMLSLJIJFFBB78CB,太原段,27.10,都市：住,100000,198,持分移轉,01000000
RPPRMLSLJIJFFBB97CB,太原段,27.10,都市：住,100000,198,持分移轉,01000000
RPRRMLSLJIJFFBB18CB,太原段,27.10,都市：住,100000,198,持分移轉,01000000
RPQRMLSLJIJFFBB08CB,太原段,27.10,都市：住,100000,198,持分移轉,01000000
RPWRMLSLJIJFFBB68CB,太原段,27.10,都市：住,100000,198,持分移轉,01000000
RPVRMLSLJIJFFBB58CB,太原段,28.88,都市：住,100000,211,持分移轉,01000000
RPURMLSLJIJFFBB48CB,太原段,27.10,都市：住,100000,198,持分移轉,01000000
RPTRMLSLJIJFFBB38CB,太原段,27.10,都市：住,100000,198,持分移轉,01000000
RPORMLSLJIJFFBB87CB,太原段,27.10,都市：住,100000,198,持分移轉,01000000
RPPSMLSLJIJFFBB08CB,太原段,15.74,都市：住,100000,115,持分移轉,01000000
RPOSMLSLJIJFFBB97CB,太原段,27.10,都市：住,100000,198,持分移轉,01000000
RPQSMLSLJIJFFBB18CB,太原段,14.92,都市：住,100000,109,持分移轉,01000000
RPSSMLSLJIJFFBB38CB,太原段,14.92,都市：住,100000,109,持分移轉,01000000
RPTSMLSLJIJFFBB48CB,太原段,14.92,都市：住,100000,109,持分移轉,01000000
RPRSMLSLJIJFFBB28CB,太原段,15.88,都市：住,100000,116,持分移轉,01000000
RPUSMLSLJIJFFBB58CB,太原段,14.92,都市：住,100000,109,持分移轉,01000000
RPVSMLSLJIJFFBB68CB,太原段,14.92,都市：住,100000,109,持分移轉,01000000
RPSTMLSLJIJFFBB48CB,太原段,26.82,都市：住,100000,196,持分移轉,01000000
RPOTMLSLJIJFFBB08CB,太原段,14.92,都市：住,100000,109,持分移轉,01000000
RPWSMLSLJIJFFBB78CB,太原段,14.92,都市：住,100000,109,持分移轉,01000000
RPXSMLSLJIJFFBB88CB,太原段,14.92,都市：住,100000,109,持分移轉,01000000
RPQTMLSLJIJFFBB28CB,太原段,14.92,都市：住,100000,109,持分移轉,01000000
RPTTMLSLJIJFFBB58CB,太原段,26.00,都市：住,100000,190,持分移轉,01000000
RPWTMLSLJIJFFBB88CB,太原段,26.00,都市：住,100000,190,持分移轉,01000000
RPPTMLSLJIJFFBB18CB,太原段,14.92,都市：住,100000,109,持分移轉,01000000
RPSUMLSLJIJFFBB58CB,太原段,27.78,都市：住,100000,203,持分移轉,01000000
RPQUMLSLJIJFFBB38CB,太原段,26.00,都市：住,100000,190,持分移轉,01000000
RPUTMLSLJIJFFBB68CB,太原段,26.00,都市：住,100000,190,持分移轉,01000000
RPOUMLSLJIJFFBB18CB,太原段,26.00,都市：住,100000,190,持分移轉,01000000
RPVTMLSLJIJFFBB78CB,太原段,26.00,都市：住,100000,190,持分移轉,01000000
RPXTMLSLJIJFFBB98CB,太原段,26.00,都市：住,100000,190,持分移轉,01000000
RPRUMLSLJIJFFBB48CB,太原段,26.00,都市：住,100000,190,持分移轉,01000000
RPSVMLSLJIJFFBB68CB,太原段,26.00,都市：住,100000,190,持分移轉,01000000
RPTVMLSLJIJFFBB78CB,太原段,26.00,都市：住,100000,190,持分移轉,01000000
RPPVMLSLJIJFFBB38CB,太原段,26.00,都市：住,100000,190,持分移轉,01000000
RPRVMLSLJIJFFBB58CB,太原段,27.78,都市：住,100000,203,持分移轉,01000000
RPOVMLSLJIJFFBB28CB,太原段,26.00,都市：住,100000,190,持分移轉,01000000
RPUUMLSLJIJFFBB78CB,太原段,26.00,都市：住,100000,190,持分移轉,01000000
RPVUMLSLJIJFFBB88CB,太原段,26.00,都市：住,100000,190,持分移轉,01000000
RPTUMLSLJIJFFBB68CB,太原段,26.00,都市：住,100000,190,持分移轉,01000000
RPXUMLSLJIJFFBB09CB,太原段,26.00,都市：住,100000,190,持分移轉,01000000
RPQVMLSLJIJFFBB48CB,太原段,26.00,都市：住,100000,190,持分移轉,01000000
RPWVMLSLJIJFFBB09CB,太原段,26.00,都市：住,100000,190,持分移轉,01000000
RPXWMLSLJIJFFBB66CB,太原段,14.92,都市：住,100000,109,持分移轉,01000000
RPUVMLSLJIJFFBB88CB,太原段,27.78,都市：住,100000,203,持分移轉,01000000
RPVVMLSLJIJFFBB98CB,太原段,26.00,都市：住,100000,190,持分移轉,01000000
RPRNNLSLJIJFFBB87CB,太原段,14.92,都市：住,100000,109,持分移轉,01000000
RPXVMLSLJIJFFBB56CB,太原段,26.00,都市：住,100000,190,持分移轉,01000000
RPONNLSLJIJFFBB57CB,太原段,14.92,都市：住,100000,109,持分移轉,01000000
RPPNNLSLJIJFFBB67CB,太原段,14.92,都市：住,100000,109,持分移轉,01000000
RPSNNLSLJIJFFBB97CB,太原段,14.10,都市：住,100000,103,持分移轉,01000000
RPQNNLSLJIJFFBB77CB,太原段,15.88,都市：住,100000,116,持分移轉,01000000
RPVNNLSLJIJFFBB28CB,太原段,21.21,都市：住,100000,155,持分移轉,01000000
RPTNNLSLJIJFFBB08CB,太原段,14.10,都市：住,100000,103,持分移轉,01000000
RPTOMLSLJIJFFCB18CB,下石碑段,18.12,都市：住,10000,70,持分移轉,09530002
RPWNNLSLJIJFFBB38CB,太原段,20.53,都市：住,100000,150,持分移轉,01000000
RPVOMLSLJIJFFCB38CB,下石碑段,17.86,都市：住,10000,69,持分移轉,09530002
RPOPMLSLJIJFFCB77CB,下石碑段,17.60,都市：住,10000,68,持分移轉,09530002
RPPPMLSLJIJFFCB87CB,下石碑段,17.86,都市：住,10000,69,持分移轉,09530002
RPXNNLSLJIJFFBB48CB,太原段,21.21,都市：住,100000,155,持分移轉,01000000
RPXOMLSLJIJFFCB58CB,下石碑段,17.60,都市：住,10000,68,持分移轉,09530002
RPOQMLTKKIJFFCB97CB,下石碑段,17.86,都市：住,10000,69,持分移轉,09530002
RPRPMLSLJIJFFCB08CB,下石碑段,17.60,都市：住,10000,68,持分移轉,09530002
RPRQMLSLJIJFFCB18CB,下石碑段,17.86,都市：住,10000,69,持分移轉,09530002
RPPQMLTKKIJFFCB08CB,下石碑段,17.86,都市：住,10000,69,持分移轉,09530002
RPQPMLSLJIJFFCB97CB,下石碑段,17.86,都市：住,10000,69,持分移轉,09530002
RPQQMLTKKIJFFCB18CB,下石碑段,17.60,都市：住,10000,68,持分移轉,09530002
RPWQMLTKKIJFFCB78CB,下石碑段,17.86,都市：住,10000,69,持分移轉,09530002
RPVQMLTKKIJFFCB68CB,下石碑段,17.86,都市：住,10000,69,持分移轉,09530002
RPXQMLTKKIJFFCB88CB,下石碑段,17.86,都市：住,10000,69,持分移轉,09530002
RPRQMLTKKIJFFCB28CB,下石碑段,17.86,都市：住,10000,69,持分移轉,09530002
RPORMLTKKIJFFCB08CB,下石碑段,17.60,都市：住,10000,68,持分移轉,09530002
RPSQMLTKKIJFFCB38CB,下石碑段,17.60,都市：住,10000,68,持分移轉,09530002
RPQQMLPLKIJFFCB87CB,下石碑段,17.60,都市：住,10000,68,持分移轉,09530002
RPSQMLPLKIJFFCB08CB,下石碑段,17.86,都市：住,10000,69,持分移轉,09530002
RPTQMLPLKIJFFCB18CB,下石碑段,17.86,都市：住,10000,69,持分移轉,09530002
RPSVMLPLKIJFFBB48CB,松竹段,34.38,都市：住,10000,62,持分移轉,12330000
RPSWMLPLKIJFFBB58CB,松竹段,34.38,都市：住,10000,62,持分移轉,12330000
RPTOMLQLKIJFFGL86CB,新甲段,95.83,非都市：鄉村區 ; 非都市編定：乙種建築用地,1,1,全筆移轉,04060004
RPROMLQLKIJFFGL66CB,新甲段,103.84,非都市：鄉村區 ; 非都市編定：乙種建築用地,1,1,全筆移轉,04060000
RPSOMLQLKIJFFGL76CB,新甲段,95.83,非都市：鄉村區 ; 非都市編定：乙種建築用地,1,1,全筆移轉,04060005
RPPOMLQLKIJFFGL09CB,新甲段,95.83,非都市：鄉村區 ; 非都市編定：乙種建築用地,1,1,全筆移轉,04060003
RPXNMLQLKIJFFGL17CB,新甲段,98.45,非都市：鄉村區 ; 非都市編定：乙種建築用地,1,1,全筆移轉,04060007
RPOOMLQLKIJFFGL98CB,新甲段,95.83,非都市：鄉村區 ; 非都市編定：乙種建築用地,1,1,全筆移轉,04060002
RPQOMLQLKIJFFGL56CB,新甲段,95.83,非都市：鄉村區 ; 非都市編定：乙種建築用地,1,1,全筆移轉,04060001
RPWNMLQLKIJFFGL07CB,新甲段,95.83,非都市：鄉村區 ; 非都市編定：乙種建築用地,1,1,全筆移轉,04060006
RPUOMLQLKIJFFGL96CB,新甲段,89.34,非都市：鄉村區 ; 非都市編定：乙種建築用地,1,1,全筆移轉,03030000
RPVOMLQLKIJFFGL07CB,新甲段,91.80,非都市：鄉村區 ; 非都市編定：乙種建築用地,1,1,全筆移轉,03040000
RPWOMLQLKIJFFGL17CB,新甲段,91.80,非都市：鄉村區 ; 非都市編定：乙種建築用地,1,1,全筆移轉,03020002
RPXOMLQLKIJFFGL27CB,新甲段,93.79,非都市：鄉村區 ; 非都市編定：乙種建築用地,1,1,全筆移轉,03020001
RPOPMLQLKIJFFGL09CB,新甲段,89.33,非都市：鄉村區 ; 非都市編定：乙種建築用地,1,1,全筆移轉,03030001
RPPPMLQLKIJFFGL56CB,新甲段,93.79,非都市：鄉村區 ; 非都市編定：乙種建築用地,1,1,全筆移轉,03040001
RPWQMLRLKIJFFCB68CB,下石碑段,17.60,都市：住,10000,68,持分移轉,09530002
RPVQMLRLKIJFFCB58CB,下石碑段,17.86,都市：住,10000,69,持分移轉,09530002
RPXQMLRLKIJFFCB78CB,下石碑段,17.86,都市：住,10000,69,持分移轉,09530002
RPPTMLRLKIJFFCB28CB,下石碑段,17.86,都市：住,10000,69,持分移轉,09530002
RPOTMLRLKIJFFCB18CB,下石碑段,17.60,都市：住,10000,68,持分移轉,09530002
RPQTMLRLKIJFFCB38CB,下石碑段,17.86,都市：住,10000,69,持分移轉,09530002
RPXNMLRLKIJFFBB38CB,松竹段,34.38,都市：住,10000,62,持分移轉,12330000
RPOOMLRLKIJFFBB57CB,松竹段,34.38,都市：住,10000,62,持分移轉,12330000
RPVNMLRLKIJFFBB18CB,松竹段,34.93,都市：住,10000,63,持分移轉,12330000
RPWNMLRLKIJFFBB28CB,松竹段,34.38,都市：住,10000,62,持分移轉,12330000
RPPOMLRLKIJFFBB67CB,松竹段,34.38,都市：住,10000,62,持分移轉,12330000
RPQOMLRLKIJFFBB77CB,松竹段,34.38,都市：住,10000,62,持分移轉,12330000
RPSOMLRLKIJFFBB97CB,松竹段,34.93,都市：住,10000,63,持分移轉,12330000
RPOOMLLMKIJFFCB17CB,下石碑段,17.60,都市：住,10000,68,持分移轉,09530002
RPSOMLLMKIJFFCB57CB,下石碑段,17.86,都市：住,10000,69,持分移轉,09530002
RPTOMLRLKIJFFBB08CB,松竹段,34.93,都市：住,10000,63,持分移轉,12330000
RPTNMLLMKIJFFCB57CB,下石碑段,17.60,都市：住,10000,68,持分移轉,09530002
RPQOMLLMKIJFFCB37CB,下石碑段,17.86,都市：住,10000,69,持分移轉,09530002
RPPOMLLMKIJFFCB27CB,下石碑段,17.86,都市：住,10000,69,持分移轉,09530002
RPWNMLLMKIJFFCB87CB,下石碑段,17.60,都市：住,10000,68,持分移轉,09530002
RPXNMLLMKIJFFCB97CB,下石碑段,17.86,都市：住,10000,69,持分移轉,09530002
RPUOMLLMKIJFFCB77CB,下石碑段,26.14,都市：住,10000,101,持分移轉,09530002
RPVOMLLMKIJFFCB87CB,下石碑段,16.82,都市：住,10000,65,持分移轉,09530002
RPROMLLMKIJFFCB47CB,下石碑段,17.60,都市：住,10000,68,持分移轉,09530002
RPRPMLLMKIJFFCB57CB,下石碑段,16.82,都市：住,10000,65,持分移轉,09530002
RPSPMLLMKIJFFCB67CB,下石碑段,16.82,都市：住,10000,65,持分移轉,09530002
RPTPMLLMKIJFFCB77CB,下石碑段,16.56,都市：住,10000,64,持分移轉,09530002
RPPPMLLMKIJFFCB37CB,下石碑段,16.82,都市：住,10000,65,持分移轉,09530002
RPQPMLLMKIJFFCB47CB,下石碑段,16.56,都市：住,10000,64,持分移轉,09530002
RPOQMLLMKIJFFCB37CB,下石碑段,16.82,都市：住,10000,65,持分移轉,09530002
RPUPMLLMKIJFFCB87CB,下石碑段,16.82,都市：住,10000,65,持分移轉,09530002
RPWPMLLMKIJFFCB08CB,下石碑段,16.82,都市：住,10000,65,持分移轉,09530002
RPXPMLLMKIJFFCB18CB,下石碑段,16.56,都市：住,10000,64,持分移轉,09530002
RPPQMLLMKIJFFCB47CB,下石碑段,17.34,都市：住,10000,67,持分移轉,09530002
RPVPMLLMKIJFFCB97CB,下石碑段,16.82,都市：住,10000,65,持分移轉,09530002
RPTQMLLMKIJFFCB87CB,下石碑段,17.08,都市：住,10000,66,持分移轉,09530002
RPQQMLLMKIJFFCB57CB,下石碑段,25.10,都市：住,10000,97,持分移轉,09530002
RPRQMLLMKIJFFCB67CB,下石碑段,17.34,都市：住,10000,67,持分移轉,09530002
RPSQMLLMKIJFFCB77CB,下石碑段,17.34,都市：住,10000,67,持分移轉,09530002
RPUQMLLMKIJFFCB97CB,下石碑段,17.08,都市：住,10000,66,持分移轉,09530002
RPWQMLLMKIJFFCB18CB,下石碑段,17.08,都市：住,10000,66,持分移轉,09530002
RPVQMLLMKIJFFCB08CB,下石碑段,17.08,都市：住,10000,66,持分移轉,09530002
RPXQMLLMKIJFFCB28CB,下石碑段,17.08,都市：住,10000,66,持分移轉,09530002
RPPRMLLMKIJFFCB57CB,下石碑段,17.08,都市：住,10000,66,持分移轉,09530002
RPQRMLLMKIJFFCB67CB,下石碑段,17.08,都市：住,10000,66,持分移轉,09530002
RPUOMLRLKIJFFBB18CB,松竹段,34.38,都市：住,10000,62,持分移轉,12330000
RPOQMLTJJHKFFBB67CB,松竹段,34.38,都市：住,10000,62,持分移轉,12330000
RPSQMLTJJHKFFBB08CB,松竹段,34.38,都市：住,10000,62,持分移轉,12330000
RPTQMLTJJHKFFBB18CB,松竹段,34.38,都市：住,10000,62,持分移轉,12330000
RPUQMLTJJHKFFBB28CB,松竹段,34.93,都市：住,10000,63,持分移轉,12330000
RPWNMLQKJHKFFBB97CB,松竹段,24.95,都市：住,10000,45,持分移轉,12330000
RPRQMLTJJHKFFBB97CB,松竹段,34.93,都市：住,10000,63,持分移轉,12330000
RPVQMLTJJHKFFBB38CB,松竹段,34.93,都市：住,10000,63,持分移轉,12330000
RPWQMLTJJHKFFBB48CB,松竹段,34.38,都市：住,10000,62,持分移轉,12330000
RPXNMLQKJHKFFBB08CB,松竹段,25.51,都市：住,10000,46,持分移轉,12330000
RPROMLQKJHKFFBB57CB,松竹段,24.95,都市：住,10000,45,持分移轉,12330000
RPSOMLQKJHKFFBB67CB,松竹段,24.95,都市：住,10000,45,持分移轉,12330000
RPOOMLQKJHKFFBB27CB,松竹段,24.95,都市：住,10000,45,持分移轉,12330000
RPPOMLQKJHKFFBB37CB,松竹段,25.51,都市：住,10000,46,持分移轉,12330000
RPOOMLMLJHKFFBB96CB,松竹段,23.29,都市：住,10000,42,持分移轉,12330000
RPTOMLQKJHKFFBB77CB,松竹段,24.95,都市：住,10000,45,持分移轉,12330000
RPXRMLLLJHKFFBB08CB,松竹段,24.95,都市：住,10000,45,持分移轉,12330000
RPWRMLLLJHKFFBB97CB,松竹段,24.95,都市：住,10000,45,持分移轉,12330000
RPXOMLMLJHKFFBB87CB,松竹段,23.84,都市：住,10000,43,持分移轉,12330000
RPXNMLMLJHKFFBB77CB,松竹段,23.84,都市：住,10000,43,持分移轉,12330000
RPWOMLMLJHKFFBB77CB,松竹段,23.84,都市：住,10000,43,持分移轉,12330000
RPURMLLLJHKFFBB77CB,松竹段,24.95,都市：住,10000,45,持分移轉,12330000
RPROMLMLJHKFFBB27CB,松竹段,23.84,都市：住,10000,43,持分移轉,12330000
RPVRMLLLJHKFFBB87CB,松竹段,24.95,都市：住,10000,45,持分移轉,12330000
RPRPMLMLJHKFFBB37CB,松竹段,18.85,都市：住,10000,34,持分移轉,12330000
RPOPMLMLJHKFFBB07CB,松竹段,23.29,都市：住,10000,42,持分移轉,12330000
RPSPMLMLJHKFFBB47CB,松竹段,23.84,都市：住,10000,43,持分移轉,12330000
RPPPMLMLJHKFFBB17CB,松竹段,23.84,都市：住,10000,43,持分移轉,12330000
RPRQMLMLJHKFFBB47CB,松竹段,18.85,都市：住,10000,34,持分移轉,12330000
RPQPMLMLJHKFFBB27CB,松竹段,19.41,都市：住,10000,35,持分移轉,12330000
RPVPMLMLJHKFFBB77CB,松竹段,18.85,都市：住,10000,34,持分移轉,12330000
RPUPMLMLJHKFFBB67CB,松竹段,18.85,都市：住,10000,34,持分移轉,12330000
RPTPMLMLJHKFFBB57CB,松竹段,23.84,都市：住,10000,43,持分移轉,12330000
RPWPMLMLJHKFFBB87CB,松竹段,19.41,都市：住,10000,35,持分移轉,12330000
RPOSMLMLJHKFFBB37CB,松竹段,18.85,都市：住,10000,34,持分移轉,12330000
RPORMLMLJHKFFBB27CB,松竹段,18.85,都市：住,10000,34,持分移轉,12330000
RPXSMLMLJHKFFBB28CB,松竹段,18.85,都市：住,10000,34,持分移轉,12330000
RPPTMLMLJHKFFBB57CB,松竹段,19.41,都市：住,10000,35,持分移轉,12330000
RPWTMLMLJHKFFBB28CB,松竹段,24.95,都市：住,10000,45,持分移轉,12330000
RPUTMLMLJHKFFBB08CB,松竹段,24.95,都市：住,10000,45,持分移轉,12330000
RPRUMLMLJHKFFBB87CB,松竹段,24.95,都市：住,10000,45,持分移轉,12330000
RPTUMLMLJHKFFBB08CB,松竹段,24.95,都市：住,10000,45,持分移轉,12330000
RPQUMLMLJHKFFBB77CB,松竹段,24.95,都市：住,10000,45,持分移轉,12330000
RPTTMLMLJHKFFBB97CB,松竹段,24.95,都市：住,10000,45,持分移轉,12330000
RPXTMLMLJHKFFBB38CB,松竹段,24.95,都市：住,10000,45,持分移轉,12330000
RPWUMLMLJHKFFBB38CB,松竹段,25.51,都市：住,10000,46,持分移轉,12330000
RPUUMLMLJHKFFBB18CB,松竹段,24.95,都市：住,10000,45,持分移轉,12330000
RPPUMLMLJHKFFBB67CB,松竹段,24.95,都市：住,10000,45,持分移轉,12330000
RPPWMLMLJHKFFBB87CB,松竹段,23.84,都市：住,10000,43,持分移轉,12330000
RPOVMLMLJHKFFBB67CB,松竹段,24.95,都市：住,10000,45,持分移轉,12330000
RPOWMLMLJHKFFBB77CB,松竹段,23.84,都市：住,10000,43,持分移轉,12330000
RPUNMLNLJHKFFBB57CB,松竹段,23.29,都市：住,10000,42,持分移轉,12330000
RPVNMLNLJHKFFBB67CB,松竹段,23.29,都市：住,10000,42,持分移轉,12330000
RPOOMLNLJHKFFBB07CB,松竹段,23.84,都市：住,10000,43,持分移轉,12330000
RPSPMLNLJHKFFBB57CB,松竹段,18.30,都市：住,10000,33,持分移轉,12330000
RPPPMLNLJHKFFBB27CB,松竹段,18.85,都市：住,10000,34,持分移轉,12330000
RPTPMLNLJHKFFBB67CB,松竹段,18.30,都市：住,10000,33,持分移轉,12330000
RPXOMLNLJHKFFBB97CB,松竹段,23.29,都市：住,10000,42,持分移轉,12330000
RPVOMLNLJHKFFBB77CB,松竹段,23.29,都市：住,10000,42,持分移轉,12330000
RPUOMLNLJHKFFBB67CB,松竹段,23.29,都市：住,10000,42,持分移轉,12330000
RPTOMLNLJHKFFBB57CB,松竹段,23.84,都市：住,10000,43,持分移轉,12330000
RPSOMLNLJHKFFBB47CB,松竹段,23.84,都市：住,10000,43,持分移轉,12330000
RPOPMLNLJHKFFBB17CB,松竹段,23.84,都市：住,10000,43,持分移轉,12330000
RPQOMLNLJHKFFBB27CB,松竹段,18.85,都市：住,10000,34,持分移轉,12330000
RPURMLNLJHKFFBB97CB,松竹段,18.85,都市：住,10000,34,持分移轉,12330000
RPVPMLNLJHKFFBB87CB,松竹段,18.30,都市：住,10000,33,持分移轉,12330000
RPVQMLNLJHKFFBB97CB,松竹段,18.30,都市：住,10000,33,持分移轉,12330000
RPOQMLNLJHKFFBB27CB,松竹段,18.30,都市：住,10000,33,持分移轉,12330000
RPORMLNLJHKFFBB37CB,松竹段,18.30,都市：住,10000,33,持分移轉,12330000
RPXRMLNLJHKFFBB28CB,松竹段,18.30,都市：住,10000,33,持分移轉,12330000
RPOSMLNLJHKFFBB47CB,松竹段,18.30,都市：住,10000,33,持分移轉,12330000
RPUPMLNLJHKFFBB77CB,松竹段,18.30,都市：住,10000,33,持分移轉,12330000
RPQTMLNLJHKFFBB77CB,松竹段,18.30,都市：住,10000,33,持分移轉,12330000
RPOTMLNLJHKFFBB57CB,松竹段,18.85,都市：住,10000,34,持分移轉,12330000
RPRTMLNLJHKFFBB87CB,松竹段,18.30,都市：住,10000,33,持分移轉,12330000
RPPTMLNLJHKFFBB67CB,松竹段,18.30,都市：住,10000,33,持分移轉,12330000
RPOUMLNLJHKFFBB67CB,松竹段,24.95,都市：住,10000,45,持分移轉,12330000
RPPUMLNLJHKFFBB77CB,松竹段,24.95,都市：住,10000,45,持分移轉,12330000
RPTTMLNLJHKFFBB08CB,松竹段,24.95,都市：住,10000,45,持分移轉,12330000
RPXTMLNLJHKFFBB48CB,松竹段,25.51,都市：住,10000,46,持分移轉,12330000
RPWTMLNLJHKFFBB38CB,松竹段,25.51,都市：住,10000,46,持分移轉,12330000
RPUQMLRLJHKFFBB28CB,松竹段,18.85,都市：住,10000,34,持分移轉,12330000
RPQUMLNLJHKFFBB87CB,松竹段,24.95,都市：住,10000,45,持分移轉,12330000
RPSQMLRLJHKFFBB08CB,松竹段,19.41,都市：住,10000,35,持分移轉,12330000
RPVQMLRLJHKFFBB38CB,松竹段,18.85,都市：住,10000,34,持分移轉,12330000
RPVTMLNLJHKFFBB28CB,松竹段,25.51,都市：住,10000,46,持分移轉,12330000
RPUTMLNLJHKFFBB18CB,松竹段,25.51,都市：住,10000,46,持分移轉,12330000
RPWQMLRLJHKFFBB48CB,松竹段,18.85,都市：住,10000,34,持分移轉,12330000
RPXQMLRLJHKFFBB58CB,松竹段,18.85,都市：住,10000,34,持分移轉,12330000
RPORMLRLJHKFFBB77CB,松竹段,18.85,都市：住,10000,34,持分移轉,12330000
RPQRMLRLJHKFFBB97CB,松竹段,18.85,都市：住,10000,34,持分移轉,12330000
RPPRMLRLJHKFFBB87CB,松竹段,18.85,都市：住,10000,34,持分移轉,12330000
RPRRMLRLJHKFFBB08CB,松竹段,24.95,都市：住,10000,45,持分移轉,12330000
RPSRMLRLJHKFFBB18CB,松竹段,24.95,都市：住,10000,45,持分移轉,12330000
RPURMLRLJHKFFBB38CB,松竹段,24.95,都市：住,10000,45,持分移轉,12330000
RPXRMLRLJHKFFBB68CB,松竹段,18.85,都市：住,10000,34,持分移轉,12330000
RPOTMLRLJHKFFBB97CB,松竹段,24.95,都市：住,10000,45,持分移轉,12330000
RPQTMLRLJHKFFBB18CB,松竹段,24.95,都市：住,10000,45,持分移轉,12330000
RPOSMLRLJHKFFBB87CB,松竹段,18.85,都市：住,10000,34,持分移轉,12330000
RPVRMLRLJHKFFBB48CB,松竹段,24.95,都市：住,10000,45,持分移轉,12330000
RPRTMLRLJHKFFBB28CB,松竹段,24.95,都市：住,10000,45,持分移轉,12330000
RPUTMLRLJHKFFBB58CB,松竹段,24.95,都市：住,10000,45,持分移轉,12330000
RPSTMLRLJHKFFBB38CB,松竹段,24.95,都市：住,10000,45,持分移轉,12330000
RPPTMLRLJHKFFBB08CB,松竹段,25.51,都市：住,10000,46,持分移轉,12330000
RPTTMLRLJHKFFBB48CB,松竹段,24.95,都市：住,10000,45,持分移轉,12330000
