﻿編號,土地位置,土地移轉面積(平方公尺),使用分區或編定,權利人持分分母,權利人持分分子,移轉情形,地號
The serial number, land position,land shifting area square meter,the use zoning or compiles and checks,,,,land parcel
RPUNMLLJJIJFFAE47CC,青海段,17.21,都市：住,,,,05950000
RPPNMLMJJIJFFBE17CC,意誠段,.00,都市：商,,,,01990000
RPQNMLMJJIJFFBE27CC,意誠段,.00,都市：商,,,,01990000
RPTNMLNJJIJFFBE67CC,新興段四小段,79.00,都市：商,,,,10480000
RPSNMLOJJIJFFAE57CC,青海段,3088.73,都市：商,,,,01570001
RPXNMLOJJIJFFBE18CC,五權段,3171.00,都市：商,,,,04960004
RPQNMLMJJIJFFFE67CC,下竹圍段,16.77,都市：住,,,,00050002
RPVOMLOJJIJFFDE28CC,大港段五小段,2192.00,都市：住,,,,08190000
RPQQMLOJJIJFFEE18DC,福山段,25.09,都市：住,,,,04570000
RPPOMLNJJIJFFJE18CC,崙子頂段,2148.76,非都市：特定農業區 ; 非都市編定：農牧用地,,,,15600000
RPPNMLNJJIJFFLE28CC,赤崁段潮州寮小段,231.40,都市：農,,,,42260000
RPQNMLOJJIJFFFE87CC,大勇段,662.00,都市：工,,,,00960003
RPQOMLOJJIJFFFE97CC,大全段,495.86,都市：工,,,,00490000
RPWNMLOJJIJFFEE48DC,清楠段,23.18,都市：住,,,,04600000
RPTNMLPJJIJFFBE87CC,意誠段,.00,都市：商,,,,01990000
RPPOMLOJJIJFFEE77CC,新庄段十三小段,.00,非都市： ; 非都市編定：,,,,15310000
RPPOMLOJJIJFFEE77CC,新庄段十三小段,.00,非都市： ; 非都市編定：,,,,15330000
RPPNMLQJJIJFFBE57CC,過田子段,.00,非都市： ; 非都市編定：,,,,09130031
RPVNMLPJJIJFFBE08CC,苓雅寮段,135.00,都市：商,,,,08530001
RPVNMLPJJIJFFBE08CC,苓雅寮段,226.00,都市：商,,,,08530000
RPOQMLOJJIJFFCE67CC,愛群段,891.00,都市：商,,,,24590000
RPUOMLPJJIJFFDE28CC,大港段四小段,.00,都市：商,,,,33710000
RPUOMLPJJIJFFDE28CC,大港段四小段,.00,都市：商,,,,33720000
RPSNMLQJJIJFFIE58CC,竹園段,661.00,都市：工,,,,04360002
RPTOMLPJJIJFFAE87CC,青海段,.00,都市：住,,,,06600000
RPUNMLQJJIJFFBE08CC,意誠段,.00,都市：商,,,,01990000
RPQNMLRJJIJFFGE28CC,新甲段,648.00,都市：住,,,,10800024
RPQNMLRJJIJFFGE28CC,新甲段,53.00,都市：住,,,,10800048
RPOPMLRJJIJFFGE38DC,新甲段,51.00,都市：住,,,,12220018
RPPPMLRJJIJFFGE38CC,埤頂段,57.00,都市：住,,,,14410010
RPPPMLRJJIJFFGE38CC,埤頂段,58.00,都市：住,,,,14410011
RPOOMLRJJIJFFEE97CC,和平段四小段,84.00,都市：住,,,,00990009
RPOOMLRJJIJFFEE97CC,和平段四小段,70.00,都市：住,,,,00990010
RPUOMLRJJIJFFEE58CC,新庄段二小段,26.81,都市：住,,,,02050001
RPPPMLRJJIJFFEE18CC,新庄段四小段,84.00,都市：住,,,,05080006
RPSPMLRJJIJFFEE48CC,楠梓段五小段,24.01,都市：住,,,,11680000
RPPOMLRJJIJFFEE08CC,清楠段,720.77,都市：住,,,,05150000
RPUNMLRJJIJFFAE08CC,鹽壽段,2582.00,都市：商,,,,00050000
RPQOMLRJJIJFFAE77CC,龍華段七小段,30.50,都市：住,,,,10940001
RPPNMLTJJIJFFDE18DC,義民段,28.93,都市：住,,,,10940000
RPQOMLKKJIJFFIE97CC,山水段,1553.00,都市：農,,,,00980000
RPPNMLKKJIJFFGE57CC,七老爺段一甲小段,11.43,都市：住,,,,10950005
RPVNMLKKJIJFFGE18CC,竹子腳段,14.08,都市：住,,,,02940017
RPWNMLKKJIJFFAE67CC,鼓南段三小段,67.00,都市：商,,,,05230000
RPWNMLKKJIJFFAE67CC,鼓南段三小段,18.00,都市：商,,,,05230000
RPTNMLRJJIJFFBE08CC,意誠段,.00,都市：商,,,,01990000
RPUOMLQJJIJFFBE18CC,大統段一小段,.00,都市：商,,,,00060000
RPTNMLKKJIJFFBE47CC,新興段四小段,.00,非都市： ; 非都市編定：,,,,16770000
RPTNMLKKJIJFFBE47CC,新興段四小段,.00,非都市： ; 非都市編定：,,,,16780000
RPVNMLQJJIJFFBE18CC,意誠段,.00,都市：商,,,,01990000
RPQNMLLKJIJFFBE27CC,過田子段,.00,非都市： ; 非都市編定：,,,,06000000
RPQNMLLKJIJFFBE27CC,過田子段,.00,非都市： ; 非都市編定：,,,,06010000
RPPOMLKKJIJFFBE17CC,新興段二小段,.00,都市：商,,,,10100000
RPUNMLKKJIJFFBE57CC,新興段四小段,.00,非都市： ; 非都市編定：,,,,16770000
RPUNMLKKJIJFFBE57CC,新興段四小段,.00,非都市： ; 非都市編定：,,,,16780000
RPTNMLLKJIJFFBE57CC,五塊厝段,65.00,都市：住,,,,17570000
RPVNMLLKJIJFFBE77CC,意誠段,.00,都市：商,,,,01990000
RPRNMLLKJIJFFBE37CC,新興段二小段,2975.00,都市：商,,,,17670000
RPWNMLLKJIJFFBE87CC,意誠段,.00,都市：商,,,,01990000
RPUNMLLKJIJFFBE67CC,意誠段,.00,都市：商,,,,01990000
RPUPMLKKJIJFFEE08CC,和平段五小段,14.94,都市：其他:市場用地,,,,00640000
RPPQMLKKJIJFFEE67CC,莒光段二小段,521.00,都市：商,,,,01440000
RPPQMLKKJIJFFEE67CC,莒光段二小段,210.00,都市：商,,,,01440001
RPQNMLSJJIJFFEE18CC,福山段,.00,都市：住,,,,05800000
RPUNMLKKJIJFFEE87CC,藍田中段,174.39,都市：其他:空白,,,,00010000
RPPOMLLKJIJFFCE37CC,獅甲段,.00,都市：商,,,,03300000
RPPNMLLKJIJFFGE67CC,三甲段,190.18,都市：住,,,,00100000
RPSNMLLKJIJFFGE97CC,五甲段,1305.00,都市：住,,,,22050000
RPVNMLLKJIJFFIE48CC,仁雄段,231.40,都市：住,,,,05910000
RPSOMLLKJIJFFGE18DC,文山段,.00,非都市： ; 非都市編定：,,,,07090004
RPQNMLSJJIJFFDE08CC,大港段一小段,.00,都市：商,,,,00800156
RPSOMLRJJIJFFDE28CC,大港段,4018.00,都市：商,,,,35650001
RPVRMLNKJIJFFAE28CC,龍水段,.00,都市：住,,,,06670000
RPVRMLNKJIJFFAE28CC,青海段,.00,都市：住,,,,06150000
RPPNMLNKJIJFFAE27CC,青海段,51.12,都市：住,,,,04280000
RPROMLLKJIJFFAE37CC,青海段,7308.45,都市：住,,,,05450000
RPTNMLMKJIJFFAE57CC,青海段,55.93,都市：住,,,,03260000
RPPOMLMKJIJFFAE27CC,龍中段,.00,都市：住,,,,01660000
RPWNMLLKJIJFFAE77CC,龍華段八小段,.00,非都市： ; 非都市編定：,,,,21920000
RPTNMLLKJIJFFAE47CC,青海段,1125.93,都市：住,,,,01040000
RPSNMLLKJIJFFAE37CC,民生段,.00,非都市： ; 非都市編定：,,,,07330000
RPSNMLLKJIJFFAE37CC,民生段,.00,非都市： ; 非都市編定：,,,,07330001
RPQOMLMKJIJFFAE37CC,龍中段,.00,都市：住,,,,00350000
RPRNMLNKJIJFFDE77CC,灣興段,1442.27,都市：工,,,,00070000
RPRNMLNKJIJFFDE77CC,灣興段,189.37,都市：工,,,,00070002
RPRNMLNKJIJFFDE77CC,灣興段,77.11,都市：工,,,,00080000
RPOOMLLKJIJFFAE07CC,青海段,703.21,都市：住,,,,06350000
RPUNMLNKJIJFFDE08CC,灣興段,359.17,都市：工,,,,00070001
RPPSMLNKJIJFFAE77CC,青海段,.00,都市：住,,,,00360000
RPPOMLNKJIJFFBE47CC,林德官段一小段,58.00,都市：商,,,,18750000
RPQOMLNKJIJFFDE77CC,建安段,60.00,都市：商,,,,01130000
RPVNMLNKJIJFFDE18CC,灣興段,359.17,都市：工,,,,00070001
RPRNMLNKJIJFFBE57CC,新興段四小段,66.00,都市：商,,,,01990000
RPXNMLNKJIJFFDE38CC,灣中段,86.70,都市：商,,,,00090000
RPXNMLNKJIJFFDE38CC,灣中段,50.55,都市：商,,,,00070000
RPXNMLNKJIJFFDE38CC,灣中段,36.10,都市：商,,,,00080000
RPVNMLNKJIJFFGE48CC,新甲段,53.00,都市：住,,,,13020020
RPROMLNKJIJFFBE67CC,新興段一小段,16.63,都市：商,,,,21060000
RPQPMLNKJIJFFGE18CC,大貝湖段,462.80,都市：住,,,,00880001
RPPOMLNKJIJFFCE57CC,愛群段,80.00,都市：住,,,,18360006
RPPOMLNKJIJFFCE57CC,愛群段,80.00,都市：住,,,,18360005
RPRPMLNKJIJFFGE28CC,大貝湖段,495.86,都市：住,,,,00880001
RPUNMLNKJIJFFCE97CC,愛群段,55.00,都市：商,,,,14700000
RPSOMLNKJIJFFGE28CC,新甲段,45.00,都市：住,,,,13170023
RPTPMLNKJIJFFGE48CC,大貝湖段,247.93,都市：住,,,,00880001
RPWPMLNKJIJFFEE58CC,新民段,.00,都市：住,,,,01610000
RPUPMLNKJIJFFGE58CC,大貝湖段,132.23,都市：住,,,,01150000
RPRPMLNKJIJFFEE08CC,新福段二小段,.00,都市：住,,,,00220000
RPQOMLOKJIJFFGE28DC,文山段,.00,非都市： ; 非都市編定：,,,,07090004
RPXNMLOKJIJFFGE88DC,文山段,.00,非都市： ; 非都市編定：,,,,07090004
RPSOMLOKJIJFFGE48DC,文山段,.00,非都市： ; 非都市編定：,,,,05840000
RPROMLOKJIJFFGE38DC,文山段,.00,非都市： ; 非都市編定：,,,,05840000
RPWNMLOKJIJFFGE78DC,文山段,.00,非都市： ; 非都市編定：,,,,05840000
RPROMLOKJIJFFIE48CC,仁營段,110.00,都市：住,,,,15250000
RPROMLOKJIJFFIE48CC,仁營段,109.00,都市：住,,,,15240000
RPTNMLOKJIJFFLE88CC,大寮段,742.00,都市：工,,,,21930000
RPVNMLOKJIJFFFE48CC,大仁段,3.00,都市：住,,,,06010000
RPVNMLOKJIJFFFE48CC,大仁段,3.00,都市：住,,,,06020000
RPVNMLOKJIJFFFE48CC,大仁段,3.00,都市：住,,,,06310000
RPVNMLOKJIJFFBE08CC,過田子段,.00,非都市： ; 非都市編定：,,,,10820000
RPTNMLRKJIJFFGE68CC,灣頭段,102.50,都市：其他:,,,,00390149
RPXOMLRKJIJFFDE88CC,獅頭段,55.24,都市：其他:,,,,26380000
RPWNMLOKJIJFFCE28CC,愛群段,.00,非都市： ; 非都市編定：,,,,28510000
RPOOMLOKJIJFFCE57CC,愛群段,.00,非都市： ; 非都市編定：,,,,17390000
RPTNMLRKJIJFFCE28CC,草衙段一小段,124.81,都市：住,,,,01330000
RPTOMLNKJIJFFCE97CC,憲德段二小段,.00,都市：商,,,,00260004
RPPNMLRKJIJFFCE87CC,桂林段,23.65,都市：住,,,,01630000
RPXNMLOKJIJFFCE38CC,愛群段,.00,非都市： ; 非都市編定：,,,,28770000
RPPOMLSKJIJFFBE08DC,林德官段二小段,.00,都市：住,,,,33780000
RPPOMLSKJIJFFBE08DC,林德官段二小段,.00,都市：住,,,,33780001
RPUNMLSKJIJFFDE58CC,三塊厝段三小段,190.00,都市：住,,,,36590000
RPTNMLSKJIJFFDE48CC,大裕段一小段,18.17,都市：住,,,,03260000
RPUNMLSKJIJFFAE28CC,民生段,44.85,都市：商,,,,00970000
RPSNMLSKJIJFFAE08CC,前金段,2.70,都市：商,,,,00760002
RPVNMLSKJIJFFAE38CC,龍華段八小段,13.00,都市：商,,,,22830000
RPXNMLSKJIJFFAE58CC,內惟段四小段,70.00,都市：住,,,,07770000
RPXNMLSKJIJFFAE58CC,內惟段四小段,8.00,都市：住,,,,07780000
RPSNMLTKJIJFFBE28CC,意誠段,.00,都市：商,,,,01990000
RPXNMLSKJIJFFBE68CC,新興段二小段,.00,非都市： ; 非都市編定：,,,,10100000
RPRNMLRKJIJFFBE97CC,福東段,71.00,都市：其他:,,,,01720000
RPVOMLSKJIJFFBE58CC,新興段二小段,12.51,都市：商,,,,17510000
RPWNMLOKJIJFFBE18CC,過田子段,.00,非都市： ; 非都市編定：,,,,10820000
RPUOMLSKJIJFFBE48CC,新興段四小段,520.00,都市：商,,,,12390000
RPUOMLSKJIJFFBE48CC,新興段四小段,6.00,都市：商,,,,12390002
RPPNMLSKJIJFFBE87CC,成功段,76.00,都市：商,,,,05430000
RPPNMLSKJIJFFBE87CC,成功段,105.00,都市：商,,,,05440000
RPTNMLSKJIJFFBE28CC,苓洲段,.00,非都市： ; 非都市編定：,,,,06090000
RPXNMLTKJIJFFBE78CC,林聖段,572.40,都市：住,,,,18920000
RPUNMLTKJIJFFBE48CC,林德官段一小段,70.00,都市：住,,,,19650008
RPUNMLTKJIJFFBE48CC,林德官段一小段,8.50,都市：住,,,,19650005
RPVNMLTKJIJFFBE58CC,過田子段,74.00,都市：商,,,,09200006
RPXNMLTKJIJFFAE68CC,龍華段八小段,10.35,都市：住,,,,24200000
RPROMLTKJIJFFAE18CC,文東段,82.00,都市：商,,,,16020000
RPROMLTKJIJFFAE18CC,文東段,12.00,都市：商,,,,16000000
RPROMLTKJIJFFAE18CC,文東段,8.00,都市：商,,,,16010000
RPPOMLTKJIJFFAE97CC,東金段,33.00,都市：商,,,,18760000
RPVOMLTKJIJFFDE88CC,大港段二小段,18.95,都市：商,,,,10920000
RPVOMLTKJIJFFDE88CC,大港段二小段,1.79,都市：商,,,,10920001
RPRNMLTKJIJFFCE28CC,憲德段二小段,13.72,都市：住,,,,00280000
RPSNMLTKJIJFFDE58DC,大港段四小段,79.00,都市：商,,,,28480000
RPTNMLTKJIJFFBE38CC,意誠段,.00,都市：商,,,,01990000
RPPOMLTKJIJFFEE38CC,清豐段,85.07,都市：住,,,,02300030
RPUNMLKLJIJFFDE87CC,獅頭段,29.39,都市：住,,,,21810000
RPRNMLKLJIJFFDE57CC,獅頭段,13.81,都市：住,,,,22600000
RPTNMLKLJIJFFDE77CC,獅頭段,12.76,都市：住,,,,22540000
RPVNMLKLJIJFFBE77CC,五塊厝段,.00,非都市： ; 非都市編定：,,,,20670000
RPSPMLLLJIJFFDE97CC,水源段,.00,非都市： ; 非都市編定：,,,,07800000
RPXNMLKLJIJFFBE97CC,林德官段,116.00,都市：住,,,,12310000
RPUOMLLLJIJFFBE87CC,正福段,.00,都市：住,,,,03620000
RPUNMLLLJIJFFCE87CC,瑞隆段三小段,18.00,都市：住,,,,14020000
RPXPMLLLJIJFFDE48CC,鼎泰段,.00,都市：住,,,,13980000
RPQNMLTKJIJFFEE48DC,藍昌段三小段,105.00,都市：商,,,,06570005
RPQNMLTKJIJFFEE48DC,藍昌段三小段,104.00,都市：商,,,,06570004
RPRNMLMLJIJFFBE57CC,新興段一小段,84.00,都市：商,,,,18590000
RPRNMLMLJIJFFBE57CC,新興段一小段,6.00,都市：商,,,,18580000
RPWNMLOLJIJFFBE28CC,過田子段,.00,非都市： ; 非都市編定：,,,,11360000
RPRNMLMLJIJFFEE87CC,新庄段十三小段,.00,都市：住,,,,14450000
RPPOMLKLJIJFFEE57CC,新庄段二小段,21.82,都市：工,,,,03310000
RPSPMLKLJIJFFEE97CC,新光段,104.13,都市：住,,,,02760000
RPSNMLKLJIJFFEE77CC,新庄段七小段,14.28,都市：住,,,,04980001
RPUNMLOLJIJFFCE18CC,瑞隆段一小段,27.78,都市：住,,,,02870000
RPROMLTKJIJFFEE58CC,福山段,8.66,都市：住,,,,05390000
RPVNMLOLJIJFFCE28CC,愛群段,6.77,都市：住,,,,23940000
RPXNMLOLJIJFFCE48CC,獅甲段,.31,都市：住,,,,03300000
RPXNMLOLJIJFFCE48CC,獅甲段,.97,都市：住,,,,03310000
RPOOMLOLJIJFFCE67CC,愛群段,8.10,都市：住,,,,01980000
RPROMLOLJIJFFCE97CC,店鎮段一小段,4812.00,都市：其他:市場用地,,,,13560000
RPROMLPLJIJFFEE28CC,福山段,7.97,都市：商,,,,05360000
RPWNMLPLJIJFFCE48CC,瑞崗段二小段,78.00,都市：商,,,,04130000
RPWNMLPLJIJFFCE48CC,瑞崗段二小段,33.00,都市：商,,,,04140000
RPWNMLPLJIJFFCE48CC,瑞崗段二小段,40.00,都市：商,,,,04170000
RPVOMLPLJIJFFEE68CC,福民段,327.83,都市：住,,,,02230000
RPWOMLPLJIJFFEE78CC,福民段,589.86,都市：住,,,,02240000
RPOPMLPLJIJFFEE08CC,福民段,589.81,都市：住,,,,02240001
RPVOMLPLJIJFFFE78CC,安西段,220.03,都市：工,,,,07510000
RPVOMLPLJIJFFBE38CC,林德官段一小段,10.97,都市：商,,,,26770000
RPSNMLPLJIJFFBE97CC,意誠段,.00,都市：商,,,,01990000
RPSOMLPLJIJFFBE08CC,苓洲段,85.00,都市：商,,,,04600000
RPTNMLPLJIJFFBE08CC,意誠段,.00,都市：商,,,,01990000
RPUOMLOLJIJFFBE18CC,苓洲段,.00,非都市： ; 非都市編定：,,,,16800000
RPQPMLPLJIJFFBE97CC,過田子段,50.75,都市：商,,,,04600000
RPRNMLQLJIJFFBE97CC,意誠段,.00,都市：商,,,,01990000
RPOOMLQLJIJFFBE77CC,新興段四小段,.00,非都市： ; 非都市編定：,,,,16770000
RPOOMLQLJIJFFBE77CC,新興段四小段,.00,非都市： ; 非都市編定：,,,,16780000
RPROMLQLJIJFFFE48CC,協榮段,51.00,都市：住,,,,01790000
RPROMLOLJIJFFAE77CC,北金段,188.00,都市：住,,,,09560000
RPUOMLLLJIJFFAE77CC,龍華段八小段,.00,都市：住,,,,22870000
RPUOMLQLJIJFFAE28CC,青海段,39.84,都市：住,,,,00600000
RPQNMLMLJIJFFAE37CC,龍華段五小段,.00,都市：住,,,,11470000
RPOOMLRLJIJFFDE08CC,大港段四小段,.00,都市：商,,,,28290003
RPQOMLRLJIJFFAE97CC,青海段,.00,都市：住,,,,06650000
RPPOMLRLJIJFFDE18CC,灣復段,.00,都市：商,,,,07620000
RPQOMLQLJIJFFGE48CC,大貝湖段,264.46,都市：住,,,,01150000
RPVPMLSKJIJFFGE56CC,鳳山段草店尾小段,192.00,都市：商,,,,02150025
RPVPMLSKJIJFFGE56CC,鳳山段草店尾小段,71.00,都市：商,,,,02150001
RPROMLRLJIJFFGE68CC,大貝湖段,773.30,都市：住,,,,00140000
RPTPMLRLJIJFFGE98CC,五甲段,14.78,都市：住,,,,10660002
RPTPMLRLJIJFFGE98CC,五甲段,16.05,都市：住,,,,10670002
RPVNMLRKJIJFFGE88CC,新甲段,18.76,都市：其他:,,,,10880000
RPXNMLRLJIJFFBE68CC,新興段四小段,4.58,都市：商,,,,11380000
RPXOMLSLJIJFFDE09CC,三塊厝段一小段,12.80,都市：商,,,,10890005
RPOPMLSLJIJFFDE28CC,三塊厝段一小段,12.80,都市：商,,,,10890005
RPQPMLSLJIJFFDE48CC,大港段四小段,.00,都市：商,,,,32660000
RPVNMLSLJIJFFAE48CC,青海段,45.95,都市：商,,,,01870000
RPPNMLSLJIJFFIE78DC,大華段,151.00,都市：住,,,,09960000
RPVQMLSLJIJFFDE09CC,鼎泰段,.00,都市：住,,,,14740020
RPROMLSLJIJFFGE78CC,五甲段,209.00,都市：住,,,,11880004
RPRQMLSLJIJFFCE58CC,瑞崗段四小段,47.00,都市：住,,,,03390000
RPWQMLSLJIJFFDE56CC,大裕段一小段,.00,都市：住,,,,03650000
RPPNMLTLJIJFFEE38CC,果貿段,45.23,都市：住,,,,00060000
RPOQMLSLJIJFFEE48CC,新光段,960.62,都市：住,,,,03240001
RPPNMLTLJIJFFBE08CC,新興段四小段,18.98,都市：商,,,,06030000
RPVNMLLJKIJFFBE77CC,意誠段,12.05,都市：商,,,,01990000
RPQNMLTLJIJFFBE18CC,林德官段,16.63,都市：商,,,,15090002
RPXNMLLJKIJFFIE78DC,大華段,151.00,都市：住,,,,09960000
RPRNMLMJKIJFFLE58DC,溪州段,30.46,都市：住,,,,27300000
RPOOMLLJKIJFFDE37CC,建興段,64.00,都市：商,,,,01590005
RPXNMLMJKIJFFCE18CC,獅甲段二小段,.00,都市：商,,,,05520000
RPROMLMJKIJFFCE67CC,瑞隆段三小段,37.00,都市：商,,,,14100000
RPUNMLMJKIJFFIE48CC,永仁段,63.88,都市：住,,,,02930117
RPUNMLMJKIJFFIE48CC,永仁段,20.45,都市：住,,,,02930159
RPUNMLMJKIJFFIE48CC,永仁段,8.90,都市：住,,,,02930003
RPSOMLMJKIJFFGE18CC,埤頂段,84.00,都市：住,,,,21360014
RPOOMLMJKIJFFGE77CC,新甲段,7.20,都市：住,,,,12000000
RPUOMLMJKIJFFGE38CC,新庄子段,73.00,都市：住,,,,02430229
RPXOMLMJKIJFFGE68CC,鳳西段,14.12,都市：住,,,,00010000
RPRNMLNJKIJFFAE47CC,內惟段九小段,13.80,都市：住,,,,00170000
RPSNMLNJKIJFFAE57CC,內惟段七小段,809.00,都市：住,,,,00060000
RPWNMLNJKIJFFAE97CC,龍中段,111.34,都市：商,,,,01520008
RPROMLMJKIJFFAE47CC,龍中段,13.64,都市：住,,,,01100000
RPTNMLNJKIJFFDE97CC,金獅段,162.64,都市：住,,,,00990000
RPRNMLNJKIJFFGE08CC,新甲段,29.50,都市：住,,,,11470008
RPXNMLRLJIJFFFE09CC,建樹段,41.44,都市：住,,,,06400000
RPXNMLRLJIJFFFE09CC,建樹段,20.12,都市：住,,,,06410000
RPXNMLRLJIJFFFE09CC,建樹段,17.08,都市：住,,,,06420000
RPXNMLRLJIJFFFE09CC,建樹段,41.63,都市：住,,,,06430000
RPOOMLRLJIJFFFE28CC,建樹段,41.44,都市：住,,,,06400000
RPOOMLRLJIJFFFE28CC,建樹段,20.12,都市：住,,,,06410000
RPOOMLRLJIJFFFE28CC,建樹段,17.08,都市：住,,,,06420000
RPOOMLRLJIJFFFE28CC,建樹段,41.63,都市：住,,,,06430000
RPRNMLNJKIJFFIE28CC,竹園段,334.00,都市：工,,,,04330010
RPWNMLNJKIJFFIE78CC,金鼎段,72.01,都市：住,,,,01720017
RPXNMLNJKIJFFJE98CC,中華段,1849.20,非都市：一般農業區 ; 非都市編定：丁種建築用地,,,,08730000
RPXNMLNJKIJFFJE98CC,中華段,1563.23,非都市：一般農業區 ; 非都市編定：丁種建築用地,,,,08810000
RPXNMLNJKIJFFJE98CC,中華段,843.14,非都市：一般農業區 ; 非都市編定：丁種建築用地,,,,08820000
RPXNMLNJKIJFFJE98CC,中華段,1900.54,非都市：一般農業區 ; 非都市編定：丁種建築用地,,,,08830000
RPVNMLNJKIJFFJE78CC,中華段,1849.20,非都市：一般農業區 ; 非都市編定：丁種建築用地,,,,08730000
RPVNMLNJKIJFFJE78CC,中華段,1563.23,非都市：一般農業區 ; 非都市編定：丁種建築用地,,,,08810000
RPVNMLNJKIJFFJE78CC,中華段,843.14,非都市：一般農業區 ; 非都市編定：丁種建築用地,,,,08820000
RPVNMLNJKIJFFJE78CC,中華段,1900.54,非都市：一般農業區 ; 非都市編定：丁種建築用地,,,,08830000
RPTOMLOJKIJFFAE97DC,鹽壽段,73.00,都市：商,,,,00450000
RPTOMLOJKIJFFIE68CC,灣勢段,1190.00,都市：農,,,,13440000
RPVNMLOJKIJFFIE78CC,暘善段,1265.97,都市：農,,,,00140000
RPXNMLNJKIJFFCE28CC,愛群段,10.19,都市：商,,,,29490000
RPVNMLOJKIJFFCE18CC,獅甲段,1.23,都市：住,,,,03300000
RPVNMLOJKIJFFCE18CC,獅甲段,3.89,都市：住,,,,03310000
RPTNMLOJKIJFFCE97CC,獅甲段,.62,都市：住,,,,03300000
RPTNMLOJKIJFFCE97CC,獅甲段,1.94,都市：住,,,,03310000
RPVOMLOJKIJFFDE38CC,灣中段,.00,都市：住,,,,04660000
RPWOMLOJKIJFFDE48CC,三塊厝段一小段,.00,都市：住,,,,10850001
RPWNMLOJKIJFFAE08CC,青海段,14.42,都市：商,,,,01660000
RPROMLOJKIJFFAE67CC,大榮段,.00,都市：商,,,,00430000
RPUOMLOJKIJFFAE97CC,前金段,.00,都市：住,,,,01390008
RPRQMLMJKIJFFEE08CC,新庄段十三小段,19.20,都市：住,,,,13770000
RPVPMLOJKIJFFEE58CC,藍田中段,93.79,都市：其他:空白,,,,02610000
RPXPMLOJKIJFFEE78CC,新福段二小段,.00,都市：住,,,,00220000
RPPOMLPJKIJFFDE87CC,中華段二小段,.00,非都市： ; 非都市編定：,,,,14670000
RPVNMLPJKIJFFBE18CC,新興段四小段,.00,非都市： ; 非都市編定：,,,,16770000
RPVNMLPJKIJFFBE18CC,新興段四小段,.00,非都市： ; 非都市編定：,,,,16780000
RPPPMLOJKIJFFBE67CC,過田子段,.00,都市：住,,,,09720001
RPWOMLOJKIJFFBE28CC,五塊厝段二小段,.00,都市：住,,,,26010000
RPPPMLOJKIJFFBE67CC,過田子段,.00,都市：住,,,,09720002
RPWNMLNJKIJFFBE08CC,林德官段,28.07,都市：商,,,,11210000
RPXNMLPJKIJFFBE38CC,新興段四小段,.00,非都市： ; 非都市編定：,,,,16770000
RPXNMLPJKIJFFBE38CC,新興段四小段,.00,非都市： ; 非都市編定：,,,,16780000
RPXNMLNJKIJFFBE18CC,林德官段,.00,都市：商,,,,11980001
RPPOMLNJKIJFFBE47CC,過田子段,92.00,都市：商,,,,06360010
RPUNMLPJKIJFFBE08CC,大統段一小段,.00,非都市： ; 非都市編定：,,,,00060000
RPPNMLQJKIJFFDE87CC,中華段二小段,.00,非都市： ; 非都市編定：,,,,14670000
RPVNMLPJKIJFFEE48CC,新庄段二小段,36.24,都市：工,,,,03310000
RPVNMLSJKIJFFDE68CC,大港段七小段,66.00,都市：商,,,,06890004
RPVNMLSJKIJFFDE68CC,大港段七小段,109.00,都市：商,,,,06890006
RPVNMLSJKIJFFDE68CC,大港段七小段,22.00,都市：商,,,,06890007
RPUNMLSJKIJFFBE38CC,大統段一小段,.00,非都市： ; 非都市編定：,,,,02600000
RPWNMLSJKIJFFBE58CC,大統段一小段,16.54,都市：住,,,,02170000
RPRNMLSJKIJFFLE09CC,永芳段,95.00,都市：住,,,,06900000
RPRNMLSJKIJFFLE09CC,永芳段,25.00,都市：住,,,,06930000
RPVNMLSJKIJFFBE48CC,苓雅寮段,16.81,都市：商,,,,06940000
RPUNMLSJKIJFFEE68CC,新博段,.00,都市：住,,,,00200000
RPOOMLTJKIJFFEE28CC,福民段,804.59,都市：住,,,,02780000
RPOOMLTJKIJFFEE28CC,福民段,437.11,都市：住,,,,02860000
RPTOMLTJKIJFFCE58CC,獅甲段二小段,675.41,都市：住,,,,05580000
RPRNMLQJKIJFFGE38CC,新庄子段,70.00,都市：住,,,,02430179
RPXNMLNJKIJFFGE68CC,新庄子段,24.72,都市：住,,,,01490044
RPXNMLNJKIJFFGE68CC,新庄子段,2.47,都市：住,,,,01490046
RPVPMLTJKIJFFGE66CC,鳳西段,3071.21,都市：住,,,,00010000
RPWOMLTJKIJFFAE68CC,北金段,628.00,都市：商,,,,02550000
RPWNMLTJKIJFFAE58CC,前金段,3000.00,都市：商,,,,00710004
RPVNMLSJKIJFFAE38CC,大東段,64.00,都市：商,,,,05750000
RPUNMLTJKIJFFAE38CC,北金段,4.04,都市：商,,,,02550000
RPVNMLTJKIJFFAE48CC,龍中段,1171.25,都市：商,,,,00360000
RPWNMLPJKIJFFAE18CC,博孝段,3.60,都市：商,,,,02620000
RPWNMLPJKIJFFAE18CC,博孝段,15.30,都市：商,,,,02630000
RPWNMLPJKIJFFAE18CC,博孝段,.72,都市：商,,,,02640000
RPWNMLPJKIJFFAE18CC,博孝段,14.40,都市：商,,,,02650000
RPWNMLPJKIJFFAE18CC,博孝段,3.42,都市：商,,,,02660000
RPPNMLQJKIJFFAE57CC,龍華段二小段,.00,都市：商,,,,00110000
RPWNMLSJKIJFFAE48CC,龍華段八小段,657.00,都市：住,,,,22210000
RPROMLKKKIJFFAE37CC,民生段,.00,都市：商,,,,02560000
RPROMLKKKIJFFAE37CC,民生段,.00,都市：商,,,,02560001
RPROMLKKKIJFFAE37CC,民生段,.00,都市：商,,,,02560002
RPROMLKKKIJFFAE37CC,民生段,.00,都市：商,,,,02570000
RPROMLKKKIJFFAE37CC,民生段,.00,都市：商,,,,02590000
RPSOMLKKKIJFFDE77CC,大順段,.00,都市：住,,,,03350000
RPSOMLLKKIJFFCE77CC,獅甲段二小段,16.61,都市：其他:,,,,05570000
RPSNMLLKKIJFFEE87CC,福山段,108.16,都市：商,,,,04890000
RPSNMLLKKIJFFEE87CC,福山段,482.73,都市：商,,,,04890001
RPSNMLLKKIJFFEE87CC,福山段,.34,都市：商,,,,04890002
RPPOMLLKKIJFFIE08CC,澄清段,233.00,都市：住,,,,00700006
RPRNMLLKKIJFFFE87CC,新本洲段,109.90,非都市：一般農業區 ; 非都市編定：甲種建築用地,,,,06380000
RPRNMLLKKIJFFFE87CC,新本洲段,110.47,非都市：一般農業區 ; 非都市編定：甲種建築用地,,,,06390000
RPRNMLLKKIJFFFE87CC,新本洲段,110.77,非都市：一般農業區 ; 非都市編定：甲種建築用地,,,,06400000
RPPNMLMKKIJFFLE48DC,林子邊段,1800.00,都市：農,,,,10930000
RPVNMLMKKIJFFCE08CC,獅甲段,1694.00,都市：住,,,,01580001
RPWNMLMKKIJFFDE28CC,灣內段,88.37,都市：住,,,,07120025
RPWNMLMKKIJFFDE28CC,灣內段,93.64,都市：住,,,,07120024
RPSOMLMKKIJFFDE97CC,澄東段,28.19,都市：住,,,,00280000
RPXNMLKKKIJFFBE97CC,林興段,.00,都市：住,,,,07800004
RPSNMLKKKIJFFBE47CC,五塊厝段,58.13,都市：商,,,,15310001
RPQPMLKKKIJFFBE47CC,成功段,.00,都市：商,,,,05470000
RPQPMLKKKIJFFBE47CC,成功段,.00,都市：商,,,,05480000
RPTOMLTJKIJFFBE48CC,過田子段,74.00,都市：商,,,,07010001
RPTNMLKKKIJFFBE57CC,過田子段,84.00,都市：其他:市場用地,,,,11100008
RPOOMLTJKIJFFBE97CC,苓洲段,596.00,都市：商,,,,05420000
RPRNMLOKKIJFFEE08CC,左南段,.00,都市：商,,,,18740000
RPTOMLPKKIJFFEE48CC,新福段九小段,6.13,都市：商,,,,00110000
RPSNMLPKKIJFFEE28CC,福山段,9.37,都市：住,,,,05160000
RPWNMLPKKIJFFCE48CC,大業段,76.00,都市：住,,,,06390009
RPUNMLQKKIJFFDE48CC,中都段三小段,38.40,都市：住,,,,11570000
RPSNMLOKKIJFFBE87CC,新興段一小段,.00,都市：住,,,,05670000
RPSNMLOKKIJFFBE87CC,新興段一小段,.00,都市：住,,,,05680000
RPPNMLOKKIJFFBE57CC,意誠段,.00,都市：商,,,,01990000
RPQNMLOKKIJFFBE67CC,意誠段,.00,都市：商,,,,01990000
RPPOMLLKKIJFFBE37CC,意誠段,.00,非都市： ; 非都市編定：,,,,00470000
RPPOMLQKKIJFFBE87CC,意誠段,.00,都市：商,,,,07270000
RPRNMLOKKIJFFBE77CC,意誠段,.00,都市：商,,,,01990000
RPPOMLQKKIJFFEE28DC,新庄段五小段,12.43,都市：住,,,,07420000
RPQNMLRKKIJFFCE08CC,獅甲段三小段,470.14,都市：商,,,,06030000
RPWNMLRKKIJFFFE98CC,岡山段,6.74,都市：住,,,,00300008
RPTNMLRKKIJFFIE98CC,永仁段,90.71,都市：住,,,,02850010
RPPPMLRKKIJFFDE28CC,灣華段,111.24,都市：其他:,,,,07960014
RPUNMLRKKIJFFIE09CC,北屋段,75.53,都市：住,,,,11280006
RPVOMLSKKIJFFDE88CC,三塊厝段二小段,.00,都市：商,,,,14010014
RPPNMLRKKIJFFBE87CC,新興段四小段,89.00,都市：商,,,,05590000
RPPNMLRKKIJFFBE87CC,新興段四小段,88.00,都市：商,,,,05620000
RPPNMLRKKIJFFBE87CC,新興段四小段,21.00,都市：商,,,,05610000
RPPNMLRKKIJFFBE87CC,新興段四小段,22.00,都市：商,,,,05600000
RPTNMLLKKIJFFAE57CC,鹽國段,.00,非都市： ; 非都市編定：,,,,02120000
RPWNMLSKKIJFFAE58CC,龍華段八小段,.00,都市：商,,,,24060000
RPOOMLRKKIJFFAE77CC,內惟段八小段,19.76,都市：其他:,,,,04210000
RPXNMLLKKIJFFAE97CC,青海段,7308.45,都市：住,,,,05450000
RPPNMLSKKIJFFAE87CC,北金段,17.76,都市：商,,,,08470000
RPVOMLPKKIJFFAE28CC,青海段,6.09,都市：商,,,,02090001
RPTNMLPKKIJFFAE97CC,龍華段八小段,16.08,都市：商,,,,22230000
RPWOMLSKKIJFFDE98CC,澄東段,.00,都市：住,,,,01010000
RPOOMLSKKIJFFBE97CC,意誠段,.00,都市：商,,,,01990000
RPUOMLSKKIJFFBE58CC,新興段四小段,2.13,都市：住,,,,07470000
RPUOMLSKKIJFFBE58CC,新興段四小段,2.00,都市：住,,,,07480000
RPOPMLSKKIJFFDE28CC,大豐段二小段,5.65,都市：住,,,,05360000
RPXOMLSKKIJFFDE09CC,灣和段,.00,都市：住,,,,00380000
RPXNMLSKKIJFFGE66CC,中崙段,39.43,非都市： ; 非都市編定：,,,,00180000
RPSNMLSKKIJFFBE28CC,苓洲段,4.32,都市：商,,,,05420000
RPPOMLSKKIJFFBE08CC,林德官段一小段,.00,都市：住,,,,26990000
RPSOMLSKKIJFFGE88CC,鳳青段,95.24,都市：住,,,,00830000
RPOPMLSKKIJFFBE08CC,林德官段,82.00,都市：商,,,,11410017
RPWNMLTKKIJFFCE88CC,盛興段,108.00,都市：商,,,,05030000
RPPNMLTKKIJFFFE48CC,橋北段,179.00,都市：住,,,,02720000
RPWNMLSKKIJFFIE76CC,澄清段,149.36,都市：住,,,,00570026
RPSNMLTKKIJFFCE48CC,青島段一小段,36.00,都市：住,,,,01320000
RPWNMLTKKIJFFBE78CC,五塊厝段三小段,20.97,都市：住,,,,26370000
RPXNMLTKKIJFFBE88CC,新興段一小段,12.69,都市：商,,,,13330000
RPVOMLTKKIJFFDE98CC,鼎泰段,33.15,都市：商,,,,13530000
RPXOMLTKKIJFFDE56CC,覆鼎金段覆鼎金小段,88.00,都市：住,,,,11870005
RPWOMLTKKIJFFDE09CC,澄東段,143.06,都市：商,,,,00510000
RPWOMLTKKIJFFDE09CC,澄東段,402.41,都市：商,,,,00520000
RPQOMLTKKIJFFAE18CC,青海段,1226.43,都市：住,,,,00370000
RPRNMLKLKIJFFFE87CC,橋北段,461.00,都市：其他:空白,,,,11470000
RPPNMLKLKIJFFAE17CC,青海段,6708.60,都市：住,,,,01660000
RPSNMLKLKIJFFEE87CC,芎蕉段,1841.94,都市：其他:空白,,,,01440001
RPQOMLTKKIJFFBE28CC,五塊厝段,.00,都市：商,,,,24130000
RPXNMLTKKIJFFEE56CC,新福段十小段,31.41,都市：住,,,,01280000
RPQNMLLLKIJFFBE47CC,意誠段,.00,都市：商,,,,01990000
RPTOMLTKKIJFFBE58CC,林德官段,4.18,都市：商,,,,13680000
RPTOMLTKKIJFFBE58CC,林德官段,1.99,都市：住,,,,13680001
RPPNMLLLKIJFFBE37CC,意誠段,.00,都市：商,,,,01990000
RPTNMLMLKIJFFAE77CC,青海段,19.03,都市：商,,,,02000000
RPRNMLLLKIJFFBE57CC,意誠段,.00,都市：商,,,,01990000
RPROMLTKKIJFFBE38CC,五塊厝段,.00,都市：商,,,,24130000
RPPNMLKLKIJFFBE27CC,成功段,.00,非都市： ; 非都市編定：,,,,07030000
RPPOMLTKKIJFFBE18CC,五塊厝段,.00,都市：商,,,,24120000
RPXNMLMLKIJFFAE18CC,龍華段二小段,21.17,都市：住,,,,05970000
RPPPMLMLKIJFFCE77CC,獅甲段,3240.00,都市：住,,,,03310000
RPQNMLMLKIJFFLE68DC,赤崁段,777.00,都市：農,,,,22550000
RPXOMLMLKIJFFCE48CC,獅甲段,3240.00,都市：住,,,,03310000
RPOPMLMLKIJFFAE47CC,青海段,24.95,都市：其他:,,,,02620000
RPQNMLNLKIJFFCE77CC,港墘段一小段,20.63,都市：住,,,,07240001
RPOOMLMLKIJFFDE77DC,獅頭段,10.88,都市：住,,,,22490000
RPTQMLMLKIJFFGE68CC,新甲段,24.56,都市：其他:,,,,10940008
RPQPMLNLKIJFFEE18CC,新夏段,9.13,都市：住,,,,00080000
RPRPMLNLKIJFFEE28CC,新福段九小段,16.18,都市：商,,,,00060000
RPXNMLNLKIJFFGE88CC,文山段,17.45,都市：住,,,,05860000
RPTNMLNLKIJFFLE98CC,琉球段,101.56,都市：住,,,,12960000
RPTNMLNLKIJFFAE87CC,龍中段,14.72,都市：商,,,,01490000
RPUNMLNLKIJFFDE28CC,澄東段,21.02,都市：住,,,,00560000
RPWNMLOLKIJFFDE58CC,大順段,.00,都市：住,,,,02300000
RPPOMLNLKIJFFDE87CC,大順段,34.91,都市：住,,,,04810000
RPQOMLOLKIJFFDE18DC,獅頭段,100.00,都市：其他:,,,,27060000
RPSNMLOLKIJFFFE38CC,岡山段,36.22,都市：其他:,,,,04860000
RPWOMLOLKIJFFEE78CC,新庄段八小段,.00,都市：住,,,,00890002
RPTRMLNLKIJFFEE68CC,新福段九小段,9.24,都市：商,,,,00060000
RPURMLNLKIJFFEE78CC,新庄段二小段,25.69,都市：商,,,,07920000
RPTOMLPLKIJFFEE58CC,新光段,75.05,都市：住,,,,00710013
RPROMLPLKIJFFCE18CC,愛群段,.00,都市：商,,,,29240000
RPVOMLPLKIJFFEE78CC,新庄段十二小段,147.07,都市：住,,,,10710000
RPWNMLPLKIJFFIE56CC,鳳松段,.00,都市：住,,,,03620002
RPWNMLPLKIJFFIE56CC,鳳松段,.00,都市：住,,,,03700000
RPQOMLPLKIJFFDE18CC,獅頭段,39.24,都市：住,,,,25400000
RPWNMLPLKIJFFBE48CC,意誠段,.00,都市：商,,,,01990000
RPVNMLPLKIJFFBE38CC,意誠段,.00,都市：商,,,,01990000
RPTNMLNLKIJFFBE97CC,林德官段一小段,52.00,都市：商,,,,27240000
RPTNMLNLKIJFFBE97CC,林德官段一小段,81.00,都市：商,,,,27230000
RPSNMLNLKIJFFBE87CC,苓東段,21.31,都市：住,,,,00740000
RPWNMLNLKIJFFBE28CC,過田子段,54.00,都市：商,,,,11190009
RPRNMLOLKIJFFAE77CC,青海段,90.54,都市：住,,,,03580002
RPWNMLOLKIJFFAE28CC,文東段,109.00,都市：商,,,,02270000
RPPOMLNLKIJFFAE57CC,青海段,24.90,都市：住,,,,02620000
RPWNMLNLKIJFFAE18CC,青海段,49.07,都市：住,,,,02670000
RPQOMLPLKIJFFBE97CC,過田子段,.00,非都市： ; 非都市編定：,,,,10820015
RPSPMLQLKIJFFDE58CC,澄清段一小段,.00,都市：住,,,,02330000
RPVOMLQLKIJFFAE48CC,龍華段二小段,.00,都市：住,,,,00310001
RPWNMLQLKIJFFBE58CC,林德官段二小段,706.00,都市：住,,,,34000000
RPWNMLQLKIJFFBE58CC,林德官段二小段,82.00,都市：住,,,,34010000
RPROMLQLKIJFFGE68CC,新庄子段,162.00,都市：住,,,,01970051
RPPOMLQLKIJFFBE97CC,新興段四小段,.00,非都市： ; 非都市編定：,,,,16770000
RPPOMLQLKIJFFBE97CC,新興段四小段,.00,非都市： ; 非都市編定：,,,,16780000
RPROMLPLKIJFFBE08CC,過田子段,.00,非都市： ; 非都市編定：,,,,11590000
RPPOMLRLKIJFFAE97CC,內惟段三小段,88.00,都市：商,,,,01860005
RPPNMLSLKIJFFDE28CC,大港段三小段,86.00,都市：住,,,,07510003
RPVOMLQLKIJFFBE58CC,林興段,.00,都市：住,,,,02260000
RPTOMLRLKIJFFBE48CC,過田子段,20.57,都市：住,,,,10680004
RPTOMLRLKIJFFBE48CC,過田子段,1.86,都市：住,,,,10680007
RPOOMLTLKIJFFAE08CC,青海段,30.35,都市：住,,,,05950000
RPTNMLTLKIJFFBE58CC,苓洲段,14.75,都市：住,,,,02630000
RPRNMLTLKIJFFBE38CC,苓洲段,40.00,都市：住,,,,17080000
RPRNMLTLKIJFFBE38CC,苓洲段,20.00,都市：住,,,,17090000
RPUOMLKMKIJFFEE28CC,福山段,32.02,都市：商,,,,02910000
RPTOMLKMKIJFFBE87CC,新興段四小段,.00,非都市： ; 非都市編定：,,,,16770000
RPTOMLKMKIJFFBE87CC,新興段四小段,.00,非都市： ; 非都市編定：,,,,16780000
RPOOMLKMKIJFFBE37CC,苓洲段,61.00,都市：商,,,,01180000
RPUNMLKMKIJFFAE77CC,青海段,8.00,都市：住,,,,02030000
RPVOMLLMKIJFFDE38CC,灣和段,.00,都市：住,,,,00380000
RPVOMLKMKIJFFDE28CC,建工段,9.79,都市：住,,,,05730000
RPOOMLLMKIJFFAE37CC,青海段,16.62,都市：住,,,,06070000
RPTNMLLMKIJFFIE58CC,澄清段,78.85,都市：住,,,,00190090
RPUNMLLMKIJFFIE68CC,澄清段,78.85,都市：住,,,,00190090
RPXNMLLMKIJFFIE98CC,竹園段,2314.00,都市：農,,,,15280000
RPQOMLKMKIJFFIE28CC,林內段,366.00,都市：其他:,,,,08370000
RPWNMLQLKIJFFIE66CC,灣勢段,525.59,都市：農,,,,11620000
RPWNMLQLKIJFFIE66CC,灣勢段,29.01,都市：農,,,,11660000
RPWNMLQLKIJFFIE66CC,灣勢段,49.06,都市：農,,,,11670000
RPPNMLLJJHKFFGE57CC,竹子腳段,290.00,都市：住,,,,03490259
RPPNMLLJJHKFFGE57CC,竹子腳段,7.00,都市：住,,,,03490330
RPVNMLKMKIJFFJE78CC,智仁段,75.33,都市：住,,,,08800000
RPOOMLLMKIJFFFE87CC,新興段,5756.00,非都市：一般農業區 ; 非都市編定：丁種建築用地,,,,06640000
RPPNMLMJJHKFFAE07CC,鹽壽段,59.25,都市：商,,,,02560000
RPPNMLNJJHKFFBE27CC,新興段四小段,177.00,都市：商,,,,08290000
RPPNMLNJJHKFFBE27CC,新興段四小段,85.00,都市：商,,,,08320000
RPQNMLMJJHKFFDE47CC,大港段三小段,95.00,都市：商,,,,07940002
RPQNMLNJJHKFFBE37CC,意誠段,.00,都市：商,,,,01990000
RPRNMLNJJHKFFBE47CC,意誠段,.00,都市：商,,,,01990000
RPSNMLNJJHKFFBE57CC,意誠段,.00,都市：商,,,,01990000
RPTNMLNJJHKFFBE67CC,意誠段,.00,都市：商,,,,01990000
RPQOMLTLKIJFFCE48CC,獅甲段,.97,都市：住,,,,03310000
RPQOMLTLKIJFFCE48CC,獅甲段,.31,都市：住,,,,03300000
RPUOMLKMKIJFFCE08CC,瑞南段一小段,83.57,都市：住,,,,10480043
RPPNMLMJJHKFFCE27CC,愛群段,6.67,都市：商,,,,10810000
RPTNMLPJJHKFFCE08DC,朝陽段,2747.00,都市：其他:,,,,06070000
RPOOMLTLKIJFFCE28CC,愛群段,6.77,都市：住,,,,23940000
RPSOMLPLKIJFFCE28CC,光華段一小段,.00,非都市： ; 非都市編定：,,,,19130008
RPUNMLQJJHKFFBE08CC,新興段四小段,38.90,都市：其他:空白,,,,16770000
RPUNMLQJJHKFFBE08CC,新興段四小段,26.10,都市：其他:空白,,,,16780000
RPTNMLQJJHKFFAE87CC,大成段,88.00,都市：其他:空白,,,,03530000
RPOQMLQJJHKFFFE18CC,文化段,149.00,都市：其他:,,,,00110000
RPXNMLQJJHKFFAE38DC,文東段,106.00,都市：商,,,,15070000
RPTNMLPJJHKFFBE87CC,意誠段,.00,非都市： ; 非都市編定：,,,,00430000
RPPNMLNJJHKFFEE57CC,福山段,19.71,都市：住,,,,05780000
RPPNMLMJJHKFFEE47CC,莒光段二小段,137.00,都市：住,,,,07540000
RPXNMLLMKIJFFEE58CC,左東段,14.78,都市：住,,,,05280000
RPRNMLMJJHKFFEE67CC,新庄段十二小段,18.64,都市：住,,,,11630000
RPOOMLQJJHKFFAE57DC,文東段,106.00,都市：商,,,,15070000
RPQOMLQJJHKFFAE77DC,文東段,106.00,都市：商,,,,15070000
RPRPMLQJJHKFFEE28CC,新庄段十三小段,5.57,都市：商,,,,14930000
RPSNMLQJJHKFFEE18CC,福民段,1695.59,都市：住,,,,02570000
RPSNMLQJJHKFFEE18CC,福民段,67.98,都市：住,,,,02580000
RPSNMLQJJHKFFEE18CC,福民段,1543.39,都市：住,,,,02600000
RPQNMLQJJHKFFCE77CC,獅甲段,.00,非都市： ; 非都市編定：,,,,01580001
RPQOMLRJJHKFFAE77CC,龍華段八小段,127100.00,都市：住,,,,23840000
RPRNMLQJJHKFFEE08CC,福山段,25.53,都市：住,,,,03810000
RPSOMLRJJHKFFGE58CC,大貝湖段,2438.45,都市：住,,,,00840000
RPRNMLQJJHKFFCE87CC,仁愛段二小段,1481.62,都市：工,,,,10660000
RPUNMLRJJHKFFBE18CC,意誠段,.00,都市：商,,,,01990000
RPTNMLRJJHKFFBE08CC,意誠段,.00,都市：商,,,,01990000
RPWNMLRJJHKFFBE38CC,意誠段,.00,都市：商,,,,01990000
RPVNMLRJJHKFFBE28CC,意誠段,.00,都市：商,,,,01990000
RPSNMLSJJHKFFAE97CC,前金段,11.31,都市：商,,,,00710004
RPXNMLSJJHKFFAE48CC,青海段,6.09,都市：商,,,,02090001
RPXNMLSJJHKFFBE58CC,林聖段,19.65,都市：住,,,,17040000
RPSNMLSJJHKFFDE28CC,金獅段,64.23,都市：商,,,,01490000
RPWNMLSJJHKFFAE38CC,龍華段二小段,64.62,都市：住,,,,13010000
RPTNMLSJJHKFFCE28CC,獅甲段一小段,37.62,都市：住,,,,05310000
RPUNMLSJJHKFFCE38CC,愛群段,7.61,都市：商,,,,24590000
RPWOMLSJJHKFFGE09CC,南華段,.00,都市：住,,,,00420071
RPOPMLSJJHKFFCE97CC,憲德段二小段,.00,都市：商,,,,00280000
RPTNMLSJJHKFFEE48CC,新庄段十三小段,11.04,都市：住,,,,14020000
RPQOMLSJJHKFFEE28CC,新庄段十二小段,.00,都市：住,,,,11560000
RPSNMLSJJHKFFEE38CC,新庄段十三小段,8.40,都市：商,,,,14450000
RPVNMLSJJHKFFCE48CC,愛群段,4.50,都市：商,,,,24590000
RPRNMLSJJHKFFFE38CC,後壁田段,3112.86,都市：住,,,,01050000
RPROMLSJJHKFFEE38CC,新庄段十二小段,.00,都市：住,,,,10820009
RPWOMLTJJHKFFEE98CC,新福段二小段,21.32,都市：住,,,,00220000
RPXOMLTJJHKFFGE66CC,文山段,495.86,都市：住,,,,06110002
RPUOMLTJJHKFFGE98CC,七老爺段一甲小段,58.00,都市：其他:市場用地,,,,12250005
RPQPMLMKJHKFFDE77CC,獅頭段一小段,118.90,都市：住,,,,14460001
RPVNMLMKJHKFFAE77CC,文東段,.00,都市：商,,,,11290000
RPVNMLMKJHKFFAE77CC,文東段,.00,都市：商,,,,11320000
RPVOMLMKJHKFFDE18CC,鼎泰段一小段,129.90,都市：住,,,,03470000
RPSOMLMKJHKFFAE57CC,大智段,.00,都市：商,,,,05570000
RPSOMLMKJHKFFAE57CC,大智段,.00,都市：商,,,,05580000
RPTOMLMKJHKFFAE67CC,大智段,.00,都市：商,,,,05570000
RPTOMLMKJHKFFAE67CC,大智段,.00,都市：商,,,,05580000
RPUOMLMKJHKFFAE77CC,青海段,119.86,都市：住,,,,05150011
RPXNMLMKJHKFFGE58CC,鳳甲段,165.00,都市：住,,,,00970001
RPVNMLMKJHKFFCE97CC,憲德段二小段,28.92,都市：商,,,,00280000
RPPOMLNKJHKFFFE87CC,灣裡西段,1395.00,都市：工,,,,02920000
RPQOMLNKJHKFFCE67CC,獅甲段二小段,14.17,都市：住,,,,05530000
RPPOMLMKJHKFFBE47DC,苓雅寮段,.00,非都市： ; 非都市編定：,,,,04800000
RPQNMLLKJHKFFBE27CC,意誠段,.00,都市：商,,,,01990000
RPTOMLNKJHKFFCE97CC,獅甲段,.97,都市：住,,,,03310000
RPTOMLNKJHKFFCE97CC,獅甲段,.31,都市：住,,,,03300000
RPROMLNKJHKFFCE77CC,盛興段,.00,都市：住,,,,11470000
RPSOMLNKJHKFFCE87CC,憲德段二小段,17.56,都市：住,,,,00260004
RPPNMLLKJHKFFBE17CC,意誠段,.00,都市：商,,,,01990000
RPWOMLSJJHKFFBE58CC,正文段,.00,都市：商,,,,08570000
RPOOMLSJJHKFFBE77CC,新興段二小段,14.54,都市：商,,,,17670000
RPVOMLSJJHKFFBE48CC,新興段二小段,.00,都市：商,,,,17670000
RPSNMLTJJHKFFBE18CC,新興段二小段,27.83,都市：商,,,,16950000
RPOOMLNKJHKFFBE37CC,新興段一小段,5.30,都市：商,,,,20240000
RPOOMLNKJHKFFBE37CC,新興段一小段,1.86,都市：住,,,,20270000
RPOOMLNKJHKFFBE37CC,新興段一小段,.17,都市：住,,,,20480000
RPUNMLOKJHKFFBE97CC,新興段二小段,108.00,都市：商,,,,17540000
RPUNMLOKJHKFFBE97CC,新興段二小段,65.00,都市：商,,,,17550000
RPSOMLNKJHKFFDE97CC,澄東段,1222.38,都市：住,,,,00550000
RPSOMLNKJHKFFDE97CC,澄東段,1714.40,都市：住,,,,00550001
RPQPMLOKJHKFFGE28CC,新甲段,90.00,都市：住,,,,12560213
RPQPMLNKJHKFFGE18CC,大貝湖段,340.12,都市：住,,,,00270000
RPPOMLNKJHKFFBE47CC,成功段,7.50,都市：住,,,,00590000
RPTNMLOKJHKFFAE77CC,龍華段四小段,26.37,都市：住,,,,07630000
RPROMLOKJHKFFAE67CC,前金段,20.77,都市：商,,,,01100008
RPTNMLOKJHKFFDE08CC,三塊厝段,.00,都市：商,,,,12020034
RPSOMLPKJHKFFDE18CC,大港段四小段,72.00,都市：住,,,,29720000
RPQOMLPKJHKFFDE97CC,灣中段,12.10,都市：商,,,,01210000
RPSOMLQKJHKFFDE28CC,建民段,.00,都市：住,,,,07480000
RPWNMLQKJHKFFAE28CC,龍中段,4968.49,都市：住,,,,02260000
RPPOMLQKJHKFFBE77CC,過田子段,.00,非都市： ; 非都市編定：,,,,11360000
RPPOMLPKJHKFFAE57CC,青海段,17.35,都市：住,,,,04910000
RPOOMLPKJHKFFAE47CC,龍華段八小段,8.16,都市：住,,,,22700000
RPPRMLQKJHKFFCE18CC,愛群段,.00,都市：其他:第五種商業區,,,,10810000
RPUOMLQKJHKFFBE28CC,新興段三小段,.00,都市：商,,,,14350000
RPVNMLOKJHKFFHE78DC,紫竹段,20.20,非都市：鄉村區 ; 非都市編定：乙種建築用地,,,,04330000
RPVNMLOKJHKFFHE78DC,紫竹段,230.04,非都市：鄉村區 ; 非都市編定：乙種建築用地,,,,04340000
RPWNMLQKJHKFFBE38CC,福河段,235.00,都市：住,,,,14720000
RPSOMLTKJHKFFAE28CC,龍中段,10.58,都市：住,,,,00950000
RPUNMLTKJHKFFBE48CC,林德官段一小段,30.61,都市：住,,,,31230000
RPUOMLTKJHKFFBE58CC,大統段一小段,.00,非都市： ; 非都市編定：,,,,00060000
RPXNMLTKJHKFFAE68CC,龍華段八小段,.00,非都市： ; 非都市編定：,,,,21920000
RPVNMLTKJHKFFBE58CC,正憲段,21.29,都市：住,,,,03100000
RPUOMLKLJHKFFGE28CC,七老爺段一甲小段,79.00,都市：住,,,,14370008
RPXNMLKLJHKFFFE38CC,石螺段,.04,非都市：特定農業區 ; 非都市編定：甲種建築用地,,,,05130000
RPXNMLKLJHKFFFE38CC,石螺段,274.86,非都市：特定農業區 ; 非都市編定：甲種建築用地,,,,06700000
RPXNMLKLJHKFFFE38CC,石螺段,.14,非都市：特定農業區 ; 非都市編定：甲種建築用地,,,,07380000
RPXNMLKLJHKFFFE38CC,石螺段,.88,非都市：鄉村區 ; 非都市編定：乙種建築用地,,,,08420000
RPVNMLTKJHKFFGE09CC,大貝湖段,241.88,都市：住,,,,01200000
RPROMLKLJHKFFAE37CC,博孝段,10.50,都市：其他:,,,,11370000
RPTNMLKLJHKFFAE47CC,內惟段五小段,.00,非都市： ; 非都市編定：,,,,02980000
RPWOMLKLJHKFFBE97CC,新興段一小段,3.75,都市：商,,,,10220000
RPVOMLTKJHKFFBE68CC,成功段,.00,非都市： ; 非都市編定：,,,,07030000
RPVNMLKLJHKFFDE97CC,大順段,97.39,都市：商,,,,08530000
RPSNMLRKJHKFFDE28CC,大順段,33.86,都市：住,,,,02660000
RPSNMLRKJHKFFDE28CC,大順段,20.33,都市：住,,,,02790000
RPSNMLRKJHKFFDE28CC,大順段,18.49,都市：住,,,,02770000
RPSNMLRKJHKFFDE28CC,大順段,9.23,都市：住,,,,02760000
RPUOMLLLJHKFFDE08CC,三塊厝段一小段,2.99,都市：商,,,,10850001
RPXOMLLLJHKFFDE38CC,三塊厝段一小段,2.99,都市：商,,,,10850001
RPTNMLRKJHKFFDE38CC,大順段,33.86,都市：住,,,,02660000
RPTNMLRKJHKFFDE38CC,大順段,20.33,都市：住,,,,02790000
RPTNMLRKJHKFFDE38CC,大順段,18.49,都市：住,,,,02770000
RPTNMLRKJHKFFDE38CC,大順段,9.23,都市：住,,,,02760000
RPOPMLKLJHKFFDE47CC,覆鼎金段覆鼎金小段,7.56,都市：商,,,,10780000
RPSOMLTKJHKFFDE58CC,大豐段二小段,18.21,都市：住,,,,03150000
RPPOMLLLJHKFFBE37CC,新興段二小段,27.83,都市：商,,,,16950000
RPUNMLLLJHKFFAE67CC,龍中段,19.73,都市：商,,,,00740000
RPOOMLLLJHKFFBE27CC,新興段一小段,10.84,都市：商,,,,20240000
RPXNMLLLJHKFFFE48CC,灣裡西段,169.36,都市：工,,,,11730047
RPPOMLMLJHKFFGE97CC,鳳青段,96.54,都市：住,,,,00750000
RPPOMLMLJHKFFGE97CC,鳳青段,179.75,都市：住,,,,00760000
RPPOMLLLJHKFFCE47CC,盛興段,18.78,都市：住,,,,15500000
RPTNMLMLJHKFFDE08DC,建民段,142.00,都市：商,,,,02900000
RPQNMLMLJHKFFIE18CC,鳳松段,46.71,都市：住,,,,11240000
RPQNMLMLJHKFFBE47CC,過田子段,64.00,都市：商,,,,11870006
RPWNMLMLJHKFFBE08CC,意誠段,.00,非都市： ; 非都市編定：,,,,07630000
RPVNMLMLJHKFFAE87CC,龍華段八小段,.00,都市：住,,,,22160000
RPXNMLNLJHKFFBE28CC,苓雅寮段,.00,非都市： ; 非都市編定：,,,,05200000
RPXNMLNLJHKFFBE28CC,苓雅寮段,.00,非都市： ; 非都市編定：,,,,05200001
RPXNMLNLJHKFFBE28CC,苓雅寮段,.00,非都市： ; 非都市編定：,,,,05210001
RPVOMLNLJHKFFBE18CC,林德官段二小段,.00,都市：住,,,,35160001
RPXOMLNLJHKFFBE38CC,苓東段,48.00,都市：商,,,,01150000
RPOPMLNLJHKFFBE57CC,林德官段一小段,.00,都市：住,,,,20020000
RPOOMLNLJHKFFDE67CC,大港段二小段,.00,都市：商,,,,10700000
RPOOMLNLJHKFFDE67CC,大港段二小段,.00,都市：商,,,,10700004
RPUNMLMLJHKFFDE08CC,大豐段三小段,66.01,都市：住,,,,02580036
RPSNMLNLJHKFFDE97CC,大港段三小段,.00,非都市： ; 非都市編定：,,,,08010006
RPPNMLOLJHKFFAE47CC,青海段,15.65,都市：住,,,,02150000
RPPNMLPLJHKFFBE67CC,意誠段,.00,都市：商,,,,01990000
RPROMLNLJHKFFEE08CC,新民段,.00,都市：商,,,,01630000
RPQNMLNLJHKFFEE87CC,新庄段十三小段,.00,都市：商,,,,15310000
RPQNMLNLJHKFFEE87CC,新庄段十三小段,.00,都市：商,,,,15330000
RPQQMLOKJHKFFEE18CC,楠都段二小段,86.00,都市：商,,,,06980000
RPPOMLKLJHKFFEE57CC,新庄段十三小段,.00,都市：商,,,,15310000
RPPOMLKLJHKFFEE57CC,新庄段十三小段,.00,都市：商,,,,15330000
RPOQMLLLJHKFFEE77CC,新庄段一小段,.00,都市：住,,,,12750000
RPSPMLLLJHKFFEE08CC,新博段,34.08,都市：住,,,,00080000
RPTPMLLLJHKFFEE18CC,新庄段十三小段,6.23,都市：商,,,,14450000
RPVPMLMKJHKFFEE38CC,福民段,95.98,都市：住,,,,03730002
RPXOMLQLJHKFFAE58CC,龍中段,9.63,都市：商,,,,00870000
RPXOMLQLJHKFFDE88CC,大順段,9.53,都市：住,,,,08720000
RPPPMLQLJHKFFAE87CC,興福段,11.72,都市：商,,,,05660000
RPXNMLQLJHKFFGE09CC,新庄子段,118.00,都市：住,,,,02210026
RPPNMLRLJHKFFAE77CC,文東段,62.00,都市：商,,,,05570000
RPTNMLRLJHKFFCE38CC,草衙段二小段,71.50,都市：商,,,,02110000
RPVNMLQLJHKFFIE09CC,保甲段,297.00,都市：農,,,,10700000
RPUNMLSLJHKFFDE68CC,澄東段,21.02,都市：住,,,,00560000
RPVNMLSLJHKFFCE68CC,愛群段,5.94,都市：商,,,,24590000
RPWNMLSLJHKFFCE78CC,盛興段,9.04,都市：住,,,,15500000
RPQOMLQLJHKFFEE28CC,和平段四小段,76.00,都市：住,,,,01910003
RPSOMLSLJHKFFEE68CC,新庄段十二小段,.00,非都市： ; 非都市編定：,,,,09930000
RPUPMLNLJHKFFEE48CC,新庄段十三小段,.00,都市：商,,,,14910000
RPWNMLSLJHKFFEE98CC,新華段,196.52,都市：住,,,,00010000
RPTPMLQLJHKFFEE68CC,新庄段十三小段,264.46,都市：住,,,,12780000
RPOOMLTLJHKFFEE38CC,福山段,.00,都市：商,,,,02960000
RPSOMLTLJHKFFGE98CC,新甲段,.00,都市：住,,,,10310006
RPUNMLTLJHKFFDE78CC,鼎泰段,556.00,都市：住,,,,13890000
RPROMLTLJHKFFDE58CC,大裕段一小段,.00,都市：住,,,,03660000
RPPOMLTLJHKFFBE18CC,福東段,.00,都市：住,,,,21720000
RPQPMLTLJHKFFBE38CC,苓洲段,6.11,都市：商,,,,06090000
RPQNMLRLJHKFFBE97CC,新興段四小段,.00,非都市： ; 非都市編定：,,,,16770000
RPQNMLRLJHKFFBE97CC,新興段四小段,.00,非都市： ; 非都市編定：,,,,16780000
RPOOMLSLJHKFFBE97CC,林興段,91.00,都市：商,,,,14920000
RPQNMLPLJHKFFBE77CC,意誠段,.00,都市：商,,,,01990000
RPVOMLKMJHKFFDE18CC,建興段,140.00,都市：商,,,,00430000
RPVOMLKMJHKFFDE18CC,建興段,81.00,都市：商,,,,00440000
RPTNMLKMJHKFFCE77CC,獅甲段,.97,都市：商,,,,03310000
RPUOMLKMJHKFFCE97CC,?莊段,.00,都市：商,,,,07440005
RPWNMLKMJHKFFFE38CC,文化段,94.00,都市：商,,,,00180000
RPSNMLKMJHKFFIE28CC,澄清段,73.88,都市：住,,,,01110023
RPPNMLKMJHKFFHE97DC,中華段,171.93,都市：住,,,,06120001
RPXNMLTLJHKFFAE78CC,龍華段二小段,.00,都市：住,,,,15430004
RPXNMLTLJHKFFAE78CC,龍華段二小段,.00,都市：住,,,,15500000
RPVNMLSLJHKFFAE48CC,青海段,14.02,都市：住,,,,00410000
RPTNMLKMJHKFFAE57CC,龍華段二小段,14.02,都市：商,,,,15680000
RPOOMLTLJHKFFAE97CC,前金段,.00,都市：住,,,,01080000
RPTNMLKMJHKFFBE67CC,林德官段,27.00,都市：商,,,,11520004
RPTNMLKMJHKFFBE67CC,林德官段,47.00,都市：商,,,,11520031
RPRNMLKMJHKFFBE47CC,林德官段,17.25,都市：商,,,,11480000
RPWOMLKMJHKFFBE08CC,過田子段,143.00,都市：商,,,,05960000
RPWOMLKMJHKFFBE08CC,過田子段,285.00,都市：商,,,,05960002
RPWOMLKMJHKFFBE08CC,過田子段,143.00,都市：商,,,,05960003
RPWOMLKMJHKFFBE08CC,過田子段,78.00,都市：商,,,,05970011
