﻿編號,屋齡,建物移轉面積平方公尺,主要用途,主要建材,建築完成日期,總層數,建物分層
The serial number,room age,building shifting area square meter,the main use,main building materials,construction completes the date,total layer,building lamination
RPPOMLPJJIJFFBJ08CC,11,53.68,住家用,鋼筋混凝土造,92年5月5日,五層,
RPROMLPJJIJFFBJ28CC,3,124.60,住家用,鋼筋混凝土造,101年3月28日,二十四層,
RPROMLPJJIJFFBJ28CC,3,22.63,本共有部分之項目有防空避難室，停車空間，開放空間，垃圾集中場，社區公共服務空間等五項。,鋼筋混凝土造,101年3月28日,二十四層,
RPROMLPJJIJFFBJ28CC,3,34.29,本共有部分之項目有梯間、中繼機房、機械室、水箱等四項。,鋼筋混凝土造,101年3月28日,二十四層,
RPPNMLTJJIJFFCJ48CC,17,168.23,住家用,鋼筋混凝土造,87年1月6日,五層,
RPQOMLPJJIJFFBJ18CC,10,18.18,商業用,鋼筋混凝土造,93年8月20日,八層,
RPQOMLPJJIJFFBJ18CC,10,4.64,共用部分,鋼筋混凝土造,93年8月20日,八層,
RPQOMLPJJIJFFBJ18CC,10,4.02,共用部分,鋼筋混凝土造,93年8月20日,八層,
RPPPMLMKJIJFFBJ97CC,20,84.04,住家用,鋼筋混凝土造,83年7月30日,八層,
RPPPMLMKJIJFFBJ97CC,20,29.00,共用部分,鋼筋混凝土造,83年7月30日,八層,
RPPPMLMKJIJFFBJ97CC,20,12.26,共用部分,鋼筋混凝土造,83年7月30日,八層,
RPUOMLMKJIJFFBJ38CC,4,63.59,住家用,鋼筋混凝土造,99年11月20日,十五層,
RPUOMLMKJIJFFBJ38CC,4,14.81,本共有部分之項目有停車空間、防空避難室、梯間、頂蓋式開放空間等四項。,鋼筋混凝土造,99年11月20日,十五層,
RPUOMLMKJIJFFBJ38CC,4,12.66,本共有部分之項目有梯間等一項。,鋼筋混凝土造,99年11月20日,十五層,
RPVOMLMKJIJFFBJ48CC,3,159.26,住家用,鋼筋混凝土造,100年11月29日,十四層,
RPVOMLMKJIJFFBJ48CC,3,24.91,梯間,鋼筋混凝土造,100年11月29日,十四層,
RPVOMLMKJIJFFBJ48CC,3,77.70,本共有部分之項目有防空避難室、停車空間、管理員室、頂蓋式廣場式開放空間、公共服務空間、樓梯間、機械室、水箱等八項,鋼筋混凝土造,100年11月29日,十四層,
RPWOMLLKJIJFFBJ48CC,8,23.00,商業用,鋼筋混凝土造,95年9月8日,十層,
RPSOMLMKJIJFFBJ18CC,7,67.43,住家用,鋼筋混凝土造,96年12月28日,八層,
RPSOMLMKJIJFFBJ18CC,7,52.55,共用部分,鋼筋混凝土造,96年12月28日,九層,
RPSOMLMKJIJFFBJ18CC,7,21.30,共用部分,鋼筋混凝土造,96年12月28日,八層,
RPSOMLPJJIJFFBJ38CC,3,150.75,住家用,鋼筋混凝土造,100年10月11日,十五層,
RPSOMLPJJIJFFBJ38CC,3,22.09,本共有部分之項目有梯間、機械室、水箱等三項,鋼筋混凝土造,100年10月11日,十五層,
RPSOMLPJJIJFFBJ38CC,3,66.71,本共有部分之項目有防空避難室、停車空間、頂蓋型廣場室開放空間、管委會使用空間、車道等５項,鋼筋混凝土造,100年10月11日,十五層,
RPQOMLRJJIJFFBJ38CC,6,44.83,商業用,鋼筋混凝土造,98年1月21日,九層,
RPQOMLRJJIJFFBJ38CC,6,5.03,共用部分,鋼筋混凝土造,98年1月21日,十三層,
RPQOMLRJJIJFFBJ38CC,6,14.59,共用部分,鋼筋混凝土造,98年1月21日,九層,
RPQPMLMKJIJFFBJ08CC,20,84.45,住家用,鋼筋混凝土造,83年9月27日,七層,
RPQPMLMKJIJFFBJ08CC,20,13.48,共用部分,鋼筋混凝土造,83年9月27日,七層,
RPQPMLMKJIJFFBJ08CC,20,9.29,共用部分,鋼筋混凝土造,83年9月27日,七層,
RPOPMLMKJIJFFBJ87CC,4,91.27,住家用,鋼筋混凝土造,99年12月14日,十三層,
RPOPMLMKJIJFFBJ87CC,4,47.04,本共有部分之項目有防空避難室、停車空間、垃圾處理室、管理空間、廣場式開放空間、蓄水池、消防泵浦室等七項,鋼筋混凝土造,99年12月14日,十五層,
RPOPMLMKJIJFFBJ87CC,4,17.20,本共有部分之項目有梯間等一項,鋼筋混凝土造,99年12月14日,十三層,
RPWOMLMKJIJFFBJ58CC,9,54.43,住家用,鋼筋混凝土造,94年11月7日,十四層,
RPWOMLMKJIJFFBJ58CC,9,9.84,共用部分,鋼筋混凝土造,94年11月7日,十四層,
RPWOMLMKJIJFFBJ58CC,9,8.77,共用部分,鋼筋混凝土造,94年11月7日,十四層,
RPROMLMKJIJFFBJ08CC,7,33.84,商業用,鋼筋混凝土造,97年3月21日,十三層,
RPROMLMKJIJFFBJ08CC,7,2.93,共用部分,鋼筋混凝土造,97年3月21日,十四層,
RPROMLMKJIJFFBJ08CC,7,10.63,共用部分,鋼筋混凝土造,97年3月21日,十三層,
RPSPMLMKJIJFFBJ28CC,10,87.69,住家用,鋼筋混凝土造,93年5月24日,十四層,
RPSPMLMKJIJFFBJ28CC,10,9.55,共用部分,鋼筋混凝土造,93年5月24日,十四層,
RPSPMLMKJIJFFBJ28CC,10,39.72,共用部分,鋼筋混凝土造,93年5月24日,十四層,
RPRPMLMKJIJFFBJ18CC,13,91.20,住家用,鋼筋混凝土造,90年9月3日,十層,
RPRPMLMKJIJFFBJ18CC,13,14.25,共用部分,鋼筋混凝土造,90年9月3日,十層,
RPRPMLMKJIJFFBJ18CC,13,11.51,共用部分,鋼筋混凝土造,90年9月3日,十層,
RPPNMLQKJIJFFCJ28CC,20,94.45,住家用,鋼筋混凝土造,83年11月26日,七層,
RPPNMLQKJIJFFCJ28CC,20,46.08,共用部分,鋼筋混凝土造,83年11月26日,七層,
RPQPMLKLJIJFFBJ08DC,9,233.06,住商用,鋼筋混凝土造,94年11月22日,四層,
RPQPMLKLJIJFFBJ08DC,9,24.30,住商用,鋼筋混凝土造,94年11月22日,四層,
RPPOMLOLJIJFFBJ18CC,32,113.85,住家用,鋼筋混凝土造,72年5月5日,五層,
RPPOMLOLJIJFFBJ18CC,32,8.61,共用部分,鋼筋混凝土造,72年5月5日,六層,
RPOOMLOLJIJFFBJ08CC,,24.12,住家用,鋼筋混凝土造,,六層,
RPOOMLOLJIJFFBJ08CC,,10.11,共用部分,鋼筋混凝土造,,六層,
RPWPMLMKJIJFFBJ68CC,14,21.05,住家用,鋼筋混凝土造,89年9月6日,六層,
RPWPMLMKJIJFFBJ68CC,14,5.47,共用部分,鋼筋混凝土造,89年9月6日,六層,
RPWPMLMKJIJFFBJ68CC,14,4.69,共用部分,鋼筋混凝土造,89年9月6日,六層,
RPUPMLMKJIJFFBJ48CC,7,39.51,住家用,鋼筋混凝土造,96年12月28日,九層,
RPUPMLMKJIJFFBJ48CC,7,47.16,共用部分,鋼筋混凝土造,96年12月28日,九層,
RPUPMLMKJIJFFBJ48CC,7,8.53,共用部分,鋼筋混凝土造,96年12月28日,九層,
RPXPMLMKJIJFFBJ78CC,9,76.52,住家用,鋼筋混凝土造,94年9月23日,十五層,
RPXPMLMKJIJFFBJ78CC,9,10.13,共用部分,鋼筋混凝土造,94年9月23日,十五層,
RPXPMLMKJIJFFBJ78CC,9,15.32,共用部分,鋼筋混凝土造,94年9月23日,十五層,
RPQOMLOLJIJFFBJ28CC,11,25.20,商業用,鋼筋混凝土造,93年3月9日,十層,
RPQOMLOLJIJFFBJ28CC,11,16.55,共用部分,鋼筋混凝土造,93年3月9日,十層,
RPQOMLOLJIJFFBJ28CC,11,7.01,共用部分,鋼筋混凝土造,93年3月9日,十層,
RPTPMLMKJIJFFBJ38CC,4,90.41,住家用,鋼筋混凝土造,99年12月14日,十三層,
RPTPMLMKJIJFFBJ38CC,4,77.62,本共有部分之項目有防空避難室、停車空間、垃圾處理室、管理空間、廣場式開放空間、蓄水池、消防泵浦室等七項,鋼筋混凝土造,99年12月14日,十五層,
RPTPMLMKJIJFFBJ38CC,4,15.47,本共有部分之項目有梯間等一項,鋼筋混凝土造,99年12月14日,十三層,
RPVPMLMKJIJFFBJ58CC,9,97.40,住家用,鋼筋混凝土造,94年5月31日,十二層,
RPVPMLMKJIJFFBJ58CC,9,87.10,共用部分,鋼筋混凝土造,94年5月31日,十二層,
RPUPMLRLJIJFFBJ56DC,1,121.18,住家用,鋼筋混凝土造,102年11月7日,二十二層,
RPVOMLQLJIJFFCJ09CC,,68.12,住家用,鋼筋混凝土造,,六層,
RPVOMLQLJIJFFCJ09CC,,10.26,共用部分,鋼筋混凝土造,,六層,
RPVOMLQLJIJFFCJ09CC,,15.52,住家用,鋼筋混凝土造,,六層,
RPSOMLSLJIJFFBJ88CC,9,86.70,住家用,鋼筋混凝土造,94年10月4日,十五層,
RPSOMLSLJIJFFBJ88CC,9,37.52,共用部分,鋼筋混凝土造,94年10月4日,十五層,
RPSOMLSLJIJFFBJ88CC,9,12.82,共用部分,鋼筋混凝土造,94年10月4日,十五層,
RPUOMLSLJIJFFBJ09CC,2,161.49,住家用,鋼筋混凝土造,101年11月2日,十四層,
RPUOMLSLJIJFFBJ09CC,2,112.99,本共有部分之項目有防空避難室兼停車空間、緊急發電機室、開放空間、污水機房、消防設備、公共服務空間等六項。,鋼筋混凝土造,101年11月2日,十四層,
RPUOMLSLJIJFFBJ09CC,2,30.84,本共有部分之項目有梯廳、樓梯間、排煙室機械室、水箱等四項。,鋼筋混凝土造,101年11月2日,十四層,
RPVOMLSLJIJFFBJ56CC,12,116.35,住家用,鋼筋混凝土造,91年12月13日,十二層,
RPVOMLSLJIJFFBJ56CC,12,60.79,共用部分,鋼筋混凝土造,91年12月13日,十二層,
RPWOMLSLJIJFFBJ66CC,10,81.55,住家用,鋼筋混凝土造,93年10月18日,十四層,
RPWOMLSLJIJFFBJ66CC,10,18.84,共用部分,鋼筋混凝土造,93年10月18日,十四層,
RPWOMLSLJIJFFBJ66CC,10,10.71,共用部分,鋼筋混凝土造,93年10月18日,十四層,
RPXOMLSLJIJFFBJ76CC,10,212.72,住家用,鋼筋混凝土造,93年5月17日,二十一層,
RPOPMLSLJIJFFBJ58CC,,101.88,住家用,鋼筋混凝土造,103年7月28日,二十四層,
RPOPMLSLJIJFFBJ58CC,,21.89,本共有部分之項目有防空避難室兼停車空間、台電配電室、開放空間、門廳、社區服務空間等五項。,鋼筋混凝土造,103年7月28日,二十四層,
RPOPMLSLJIJFFBJ58CC,,22.30,本共有部分之項目有梯間、機械室、中繼機房、水塔等四項。,鋼筋混凝土造,103年7月28日,二十四層,
RPPPMLSLJIJFFBJ68CC,5,31.59,商業用,鋼筋混凝土造,99年2月8日,十八層,
RPPPMLSLJIJFFBJ68CC,5,36.52,共用部分,鋼筋混凝土造,99年2月8日,十八層,
RPQPMLSLJIJFFBJ78CC,7,30.47,商業用,鋼筋混凝土造,97年3月21日,十三層,
RPQPMLSLJIJFFBJ78CC,7,2.76,共用部分,鋼筋混凝土造,97年3月21日,十四層,
RPQPMLSLJIJFFBJ78CC,7,10.78,共用部分,鋼筋混凝土造,97年3月21日,十三層,
RPSQMLMJKIJFFBJ38CC,3,97.13,住家用,鋼筋混凝土造,101年5月31日,十四層,
RPSQMLMJKIJFFBJ38CC,3,56.73,本共有部分之項目有防空避難室，停車空間，廣場式開放空間，垃圾儲藏空間，沿街式開放空間等五項。,鋼筋混凝土造,101年5月31日,十四層,
RPSQMLMJKIJFFBJ38CC,3,16.67,本共有部分之項目有樓梯間、水箱、機械室等三項。,鋼筋混凝土造,101年5月31日,十四層,
RPRPMLSLJIJFFBJ88CC,9,98.76,住家用,鋼筋混凝土造,95年5月19日,十五層,
RPRPMLSLJIJFFBJ88CC,9,13.61,共用部分,鋼筋混凝土造,95年5月19日,十五層,
RPRPMLSLJIJFFBJ88CC,9,26.37,共用部分,鋼筋混凝土造,95年5月19日,十五層,
RPSNMLNJKIJFFBJ18CC,2,93.30,住家用,鋼筋混凝土造,101年7月11日,十三層,
RPSNMLNJKIJFFBJ18CC,2,46.75,本共有部分之項目有：防空避難室兼停車空間、管理員室、開放空間等三項,鋼筋混凝土造,101年7月11日,十九層,
RPSNMLNJKIJFFBJ18CC,2,17.09,本共有部分之項目有：梯間、機械室、水箱等三項,鋼筋混凝土造,101年7月11日,十三層,
RPTNMLNJKIJFFBJ28CC,4,86.51,住家用,鋼筋混凝土造,99年12月31日,十二層,
RPTNMLNJKIJFFBJ28CC,4,21.31,本共有部分之項目有梯間、水箱、機械室等三項,鋼筋混凝土造,99年12月31日,十二層,
RPTNMLNJKIJFFBJ28CC,4,54.76,本共有部分之項目有防空避難室、停車空間、頂蓋型廣場式開放空間、垃圾處理室、車道、公共服務空間等六項,鋼筋混凝土造,99年12月31日,十二層,
RPUNMLNJKIJFFBJ38CC,9,101.80,住家用,鋼筋混凝土造,94年10月4日,十五層,
RPUNMLNJKIJFFBJ38CC,9,42.42,共用部分,鋼筋混凝土造,94年10月4日,十五層,
RPUNMLNJKIJFFBJ38CC,9,17.95,共用部分,鋼筋混凝土造,94年10月4日,十五層,
RPTOMLOLJIJFFBJ58CC,6,84.34,住家用,鋼筋混凝土造,97年6月27日,十四層,
RPTOMLOLJIJFFBJ58CC,6,19.49,共用部分,鋼筋混凝土造,97年6月27日,十四層,
RPTOMLOLJIJFFBJ58CC,6,17.08,共用部分,鋼筋混凝土造,97年6月27日,14,
RPQOMLSLJIJFFBJ68CC,7,29.19,商業用,鋼筋混凝土造,97年3月21日,十三層,
RPQOMLSLJIJFFBJ68CC,7,2.77,共用部分,鋼筋混凝土造,97年3月21日,十四層,
RPQOMLSLJIJFFBJ68CC,7,10.54,共用部分,鋼筋混凝土造,97年3月21日,十三層,
RPPOMLSLJIJFFBJ58CC,3,151.34,住家用,鋼筋混凝土造,100年10月11日,十五層,
RPPOMLSLJIJFFBJ58CC,3,22.15,本共有部分之項目有梯間、機械室、水箱等三項,鋼筋混凝土造,100年10月11日,十五層,
RPPOMLSLJIJFFBJ58CC,3,90.20,本共有部分之項目有防空避難室、停車空間、頂蓋型廣場室開放空間、管委會使用空間、車道等５項,鋼筋混凝土造,100年10月11日,十五層,
RPOOMLSLJIJFFBJ48CC,11,121.78,住家用,鋼筋混凝土造,93年5月17日,二十一層,
RPOOMLSLJIJFFBJ48CC,11,27.03,共用部分,鋼筋混凝土造,93年5月17日,二十一層,
RPOOMLSLJIJFFBJ48CC,11,9.18,共用部分,鋼筋混凝土造,93年5月17日,二十一層,
RPSOMLOLJIJFFBJ48CC,3,114.16,住家用,鋼筋混凝土造,101年3月28日,二十四層,
RPSOMLOLJIJFFBJ48CC,3,20.82,本共有部分之項目有防空避難室，停車空間，開放空間，垃圾集中場，社區公共服務空間等五項。,鋼筋混凝土造,101年3月28日,二十四層,
RPSOMLOLJIJFFBJ48CC,3,28.54,本共有部分之項目有梯間、中繼機房、機械室、水箱等四項。,鋼筋混凝土造,101年3月28日,二十四層,
RPXNMLSLJIJFFBJ66CC,10,89.86,住家用,鋼筋混凝土造,93年10月18日,十四層,
RPXNMLSLJIJFFBJ66CC,10,20.80,共用部分,鋼筋混凝土造,93年10月18日,十四層,
RPXNMLSLJIJFFBJ66CC,10,12.09,共用部分,鋼筋混凝土造,93年10月18日,十四層,
RPROMLOLJIJFFBJ38CC,9,25.70,商業用,鋼筋混凝土造,95年2月23日,十二層,
RPROMLOLJIJFFBJ38CC,9,3.96,共用部分,鋼筋混凝土造,95年2月23日,十二層,
RPROMLOLJIJFFBJ38CC,9,3.56,共用部分,鋼筋混凝土造,95年2月23日,十二層,
RPVPMLPKKIJFFBJ09DC,9,56.73,住家用,鋼筋混凝土造,94年11月18日,五層,
RPOOMLOLKIJFFBJ18CC,21,85.00,住家用,鋼筋混凝土造,83年1月6日,五層,
RPOOMLOLKIJFFBJ18CC,21,10.28,共用部分,鋼筋混凝土造,83年1月6日,五層,
RPOOMLOLKIJFFBJ18CC,21,33.52,共用部分,鋼筋混凝土造,83年1月6日,地下層,
RPPNMLQJKIJFFBJ18CC,2,326.50,商業用,鋼筋混凝土造,101年8月21日,十四層,
RPPNMLQJKIJFFBJ18CC,2,28.96,本共有部分之項目有：防空避難室兼停車空間、管理室、前廊、開放空間、機電空間等五項,鋼筋混凝土造,101年8月21日,十九層,
RPPNMLQJKIJFFBJ18CC,2,1.89,本共有部分之項目有：水箱等一項,鋼筋混凝土造,101年8月21日,十九層,
RPPPMLNJKIJFFBJ08CC,3,268.02,補習班,鋼筋混凝土造,101年5月18日,九層,
RPPPMLNJKIJFFBJ08CC,3,18.47,本共有部分之項目有防空避難室兼停車空間等二項。,鋼筋混凝土造,101年5月18日,十二層,
RPPPMLNJKIJFFBJ08CC,3,11.25,本共有部分之項目有頂蓋開放空間、車道等二項。,鋼筋混凝土造,101年5月18日,十二層,
RPPPMLNJKIJFFBJ08CC,3,57.80,本共有部分之項目有公共服務空間，管委會空間，樓梯間，水箱，機械室等五項。,鋼筋混凝土造,101年5月18日,九層,
RPVNMLNJKIJFFBJ48CC,5,156.71,商業用,鋼筋混凝土造,99年2月8日,十八層,
RPVNMLNJKIJFFBJ48CC,5,86.60,共用部分,鋼筋混凝土造,99年2月8日,十八層,
RPPOMLMKKIJFFBJ97CC,1,132.99,住家用,鋼筋混凝土造,102年10月16日,十五層,
RPQOMLOLKIJFFBJ38CC,21,113.35,住家用,鋼筋混凝土造,82年6月19日,十層,
RPQOMLOLKIJFFBJ38CC,21,36.17,共用部分,鋼筋混凝土造,82年6月19日,十層,
RPPOMLOLKIJFFBJ28CC,4,119.94,住家用,鋼筋混凝土造,99年12月23日,十四層,
RPPOMLOLKIJFFBJ28CC,4,82.14,本共有部分之項目有防空避難室兼停車空間、停車空間、設備機房、開放及公共服務空間、梯廳、樓梯間、電梯機械式、水箱共１０項。,鋼筋混凝土造,99年12月23日,十四層,
RPUOMLOLKIJFFBJ78CC,1,132.56,店舖、辦公室,鋼筋混凝土造,103年3月21日,二層,
RPUOMLOLKIJFFBJ78CC,1,66.67,本共有部分之項目有防空避難室兼停車空間，頂蓋型廣場式開放空間，管理員室，管委會空間，樓梯間，機械室，水箱等七項。,鋼筋混凝土造,103年3月21日,二十四層,
RPXPMLTLKIJFFBJ07CC,14,498.34,農舍,鋼骨構造,89年10月20日,二層,
RPSOMLOLKIJFFBJ58CC,21,88.24,住家用,鋼筋混凝土造,83年3月18日,八層,
RPSOMLOLKIJFFBJ58CC,21,16.80,共用部分,鋼筋混凝土造,83年3月18日,八層,
RPSOMLOLKIJFFBJ58CC,21,26.76,共用部分,鋼筋混凝土造,83年3月18日,八層,
RPSPMLKMKIJFFBJ38CC,8,362.66,工業用,鋼筋混凝土造,96年6月7日,八層,
RPSPMLKMKIJFFBJ38CC,8,107.37,共用部分,鋼筋混凝土造,96年6月7日,八層,
RPSPMLKMKIJFFBJ38CC,8,29.76,共用部分,鋼筋混凝土造,96年6月7日,十層,
RPSPMLKMKIJFFBJ38CC,8,89.63,共用部分,鋼筋混凝土造,96年6月7日,十層,
RPWNMLQJJHKFFBJ78CC,21,111.26,住家用,鋼筋混凝土造,82年11月18日,七層,
RPWNMLQJJHKFFBJ78CC,21,52.73,共用部分,鋼筋混凝土造,82年11月18日,七層,
RPOOMLQJJHKFFBJ08CC,9,81.00,住商用,鋼筋混凝土造,95年5月22日,四層,
RPWPMLLMKIJFFBJ88CC,5,113.88,商業用,鋼筋混凝土造,99年2月8日,十八層,
RPWPMLLMKIJFFBJ88CC,5,64.15,共用部分,鋼筋混凝土造,99年2月8日,十八層,
RPQNMLRJJHKFFBJ28CC,7,73.24,住商用,鋼筋混凝土造,96年10月16日,四層,
RPWOMLRJJHKFFBJ98CC,9,54.11,住家用,鋼筋混凝土造,94年11月14日,十五層,
RPWOMLRJJHKFFBJ98CC,9,6.83,共用部分,鋼筋混凝土造,94年11月14日,十五層,
RPWOMLRJJHKFFBJ98CC,9,11.38,共用部分,鋼筋混凝土造,94年11月14日,十五層,
RPXOMLRJJHKFFBJ09CC,9,91.66,住家用,鋼筋混凝土造,94年8月31日,十二層,
RPXOMLRJJHKFFBJ09CC,9,20.05,共用部分,鋼筋混凝土造,94年8月31日,十二層,
RPXOMLRJJHKFFBJ09CC,9,14.10,共用部分,鋼筋混凝土造,94年8月31日,十二層,
RPOPMLRJJHKFFBJ28CC,10,94.70,住家用,鋼筋混凝土造,94年1月7日,十層,
RPOPMLRJJHKFFBJ28CC,10,17.99,共用部分,鋼筋混凝土造,94年1月7日,十層,
RPOPMLRJJHKFFBJ28CC,10,23.70,共用部分,鋼筋混凝土造,94年1月7日,十層,
RPVOMLRJJHKFFBJ88CC,5,133.68,住商用,鋼筋混凝土造,98年12月3日,四層,
RPVOMLRJJHKFFBJ88CC,4,31.21,本共有部分之項目有防空避難室、停車空間、資源回收室、頂蓋型開放空間、車道、管委會等六項。,鋼筋混凝土造,100年1月5日,十四層,
RPVOMLRJJHKFFBJ88CC,4,21.54,本共有部分之項目有梯間、機房、水箱等三項。,鋼筋混凝土造,100年1月5日,十四層,
RPWOMLQJJHKFFBJ88CC,,59.62,住家用,加強磚造,,二層,
RPRPMLRJJHKFFBJ58CC,9,92.18,住家用,鋼筋混凝土造,94年11月14日,十五層,
RPRPMLRJJHKFFBJ58CC,9,43.92,共用部分,鋼筋混凝土造,94年11月14日,十五層,
RPRPMLRJJHKFFBJ58CC,9,19.40,共用部分,鋼筋混凝土造,94年11月14日,十五層,
RPPPMLRJJHKFFBJ38CC,7,137.54,住家用,鋼筋混凝土造,97年2月1日,十九層,
RPPPMLRJJHKFFBJ38CC,7,38.81,共用部分,鋼筋混凝土造,97年2月1日,十九層,
RPPPMLRJJHKFFBJ38CC,7,15.83,共用部分,鋼筋混凝土造,97年2月1日,十九層,
RPTPMLRJJHKFFBJ78CC,9,108.97,住家用,鋼筋混凝土造,94年10月4日,十五層,
RPTPMLRJJHKFFBJ78CC,9,42.42,共用部分,鋼筋混凝土造,94年10月4日,十五層,
RPTPMLRJJHKFFBJ78CC,9,13.76,共用部分,鋼筋混凝土造,94年10月4日,十五層,
RPQPMLRJJHKFFBJ48CC,2,101.15,住家用,鋼筋混凝土造,101年12月12日,十四層,
RPQPMLRJJHKFFBJ48CC,2,62.42,本共有部分之項目有防空避難室兼停車空間、公共服務空間、開放空間、集中式垃圾貯存空間等四項。,鋼筋混凝土造,101年12月12日,十四層,
RPQPMLRJJHKFFBJ48CC,2,19.05,本共有部分之項目有樓梯間、水箱、機械室等三項。,鋼筋混凝土造,101年12月12日,十四層,
RPWPMLRJJHKFFBJ09CC,6,130.19,住家用,鋼筋混凝土造,97年7月23日,十五層,
RPWPMLRJJHKFFBJ09CC,6,92.92,共用部分,鋼筋混凝土造,97年7月23日,十五層,
RPWPMLRJJHKFFBJ09CC,6,22.46,共用部分,鋼筋混凝土造,97年7月23日,十五層,
RPVPMLRJJHKFFBJ98CC,8,112.79,住家用,鋼筋混凝土造,96年5月17日,十三層,
RPVPMLRJJHKFFBJ98CC,8,15.01,共用部分,鋼筋混凝土造,96年5月17日,十三層,
RPVPMLRJJHKFFBJ98CC,8,78.71,共用部分,鋼筋混凝土造,96年5月17日,十三層,
RPUPMLRJJHKFFBJ88CC,10,28.34,住家用,鋼筋混凝土造,93年11月23日,十層,
RPUPMLRJJHKFFBJ88CC,10,12.02,共用部分,鋼筋混凝土造,93年11月23日,十層,
RPQQMLSJJHKFFBJ68CC,1,108.36,商業用,鋼筋混凝土造,102年11月10日,二十層,
RPQQMLSJJHKFFBJ68CC,1,109.39,商業用,鋼筋混凝土造,102年11月10日,二十層,
RPQQMLSJJHKFFBJ68CC,1,9.78,本共有部分之項目有機車停車位等一項。,鋼筋混凝土造,102年11月10日,二十層,
RPQQMLSJJHKFFBJ68CC,1,53.60,本共有部分之項目有管理員室、開放空間、管委會使用空間等３項,鋼筋混凝土造,102年11月10日,二十層,
RPWQMLSJJHKFFBJ66CC,6,47.59,住家用,鋼筋混凝土造,98年1月21日,十三層,
RPWQMLSJJHKFFBJ66CC,6,5.19,共用部分,鋼筋混凝土造,98年1月21日,十三層,
RPWQMLSJJHKFFBJ66CC,6,9.58,共用部分,鋼筋混凝土造,98年1月21日,十三層,
RPOQMLRJJHKFFBJ38CC,10,139.73,商業用,鋼筋混凝土造,93年11月11日,七層,
RPPQMLSJJHKFFBJ58CC,3,96.21,住家用,鋼筋混凝土造,100年12月2日,十四層,
RPPQMLSJJHKFFBJ58CC,3,18.22,梯間,鋼筋混凝土造,100年12月2日,十四層,
RPPQMLSJJHKFFBJ58CC,3,44.33,本共有部分之項目有防空避難室、停車空間、管理員室、車道、垃圾集中處、頂蓋型開放空間、公共服務空間等７項,鋼筋混凝土造,100年12月2日,十四層,
RPXQMLSJJHKFFBJ76CC,8,7.81,商業用,鋼筋混凝土造,95年8月21日,七層,
RPXQMLSJJHKFFBJ76CC,8,4.85,共用部分,鋼筋混凝土造,95年8月21日,七層,
RPPRMLSJJHKFFBJ68CC,11,37.59,住家用,鋼筋混凝土造,93年6月11日,十四層,
RPPRMLSJJHKFFBJ68CC,11,6.35,共用部分,鋼筋混凝土造,93年6月11日,十四層,
RPPRMLSJJHKFFBJ68CC,11,10.60,共用部分,鋼筋混凝土造,93年6月11日,十四層,
RPORMLSJJHKFFBJ58CC,7,39.51,住家用,鋼筋混凝土造,96年12月28日,九層,
RPORMLSJJHKFFBJ58CC,7,47.16,共用部分,鋼筋混凝土造,96年12月28日,九層,
RPORMLSJJHKFFBJ58CC,7,8.53,共用部分,鋼筋混凝土造,96年12月28日,九層,
RPVQMLSJJHKFFBJ56CC,7,30.58,商業用,鋼筋混凝土造,96年8月27日,十一層,
RPVQMLSJJHKFFBJ56CC,7,26.47,共用部分,鋼筋混凝土造,96年8月27日,十一層,
RPTQMLSJJHKFFBJ98CC,9,88.46,住家用,鋼筋混凝土造,94年8月31日,十二層,
RPTQMLSJJHKFFBJ98CC,9,19.36,共用部分,鋼筋混凝土造,94年8月31日,十二層,
RPTQMLSJJHKFFBJ98CC,9,12.98,共用部分,鋼筋混凝土造,94年8月31日,十二層,
RPXPMLRJJHKFFBJ56CC,,39.98,住家用,鋼筋混凝土造,103年7月28日,二十四層,
RPXPMLRJJHKFFBJ56CC,,8.62,本共有部分之項目有防空避難室兼停車空間、台電配電室、開放空間、門廳、社區服務空間等五項。,鋼筋混凝土造,103年7月28日,二十四層,
RPXPMLRJJHKFFBJ56CC,,8.77,本共有部分之項目有梯間、機械室、中繼機房、水塔等四項。,鋼筋混凝土造,103年7月28日,二十四層,
RPXUMLSJJHKFFBJ17CC,7,207.30,商業用,鋼筋混凝土造,97年2月1日,十九層,
RPXUMLSJJHKFFBJ17CC,7,16.63,共用部分,鋼筋混凝土造,97年2月1日,十九層,
RPXUMLSJJHKFFBJ17CC,7,28.78,共用部分,鋼筋混凝土造,97年2月1日,十九層,
RPSPMLTJJHKFFBJ88CC,,70.39,住家用,鋼筋混凝土造,103年7月25日,十四層,
RPSPMLTJJHKFFBJ88CC,,51.81,本共有部分之項目有防空避難室兼停車空間、門廳、頂蓋型開放空間、公共服務空間、垃圾儲藏室、管理室、車道等７項,鋼筋混凝土造,103年7月25日,十四層,
RPSPMLTJJHKFFBJ88CC,,13.51,本共有部分之項目有樓梯間、水錶箱室、電梯機房、水箱等４項,鋼筋混凝土造,103年7月25日,十四層,
RPWOMLNKJHKFFBJ68CC,12,387.77,住家用,鋼筋混凝土造,92年1月6日,四層,
RPWOMLNKJHKFFBJ68CC,12,35.55,共用部分,鋼筋混凝土造,92年1月6日,五層,
RPSPMLNKJHKFFBJ38CC,,170.51,辦公室,鋼筋混凝土造,103年10月15日,十一層,
RPSPMLNKJHKFFBJ38CC,,217.12,本共有部分之項目有防空避難室兼停車空間、停車場、守衛室、開放空間、樓梯間、水箱、機械室等七項,鋼筋混凝土造,103年10月15日,十一層,
RPOTMLOKJHKFFBJ48CC,10,27.79,商業用,鋼筋混凝土造,94年6月3日,九層,
RPOTMLOKJHKFFBJ48CC,10,7.89,共用部分,鋼筋混凝土造,94年6月3日,十層,
RPOTMLOKJHKFFBJ48CC,10,5.64,共用部分,鋼筋混凝土造,94年6月3日,十層,
RPUOMLLLJHKFFBJ38CC,,170.51,辦公室,鋼筋混凝土造,103年10月15日,十一層,
RPUOMLLLJHKFFBJ38CC,,217.11,本共有部分之項目有防空避難室兼停車空間、停車場、守衛室、開放空間、樓梯間、水箱、機械室等七項,鋼筋混凝土造,103年10月15日,十一層,
RPXOMLLLJHKFFBJ68CC,9,113.53,住家用,鋼筋混凝土造,94年10月4日,十五層,
RPXOMLLLJHKFFBJ68CC,9,42.42,共用部分,鋼筋混凝土造,94年10月4日,十五層,
RPXOMLLLJHKFFBJ68CC,9,18.16,共用部分,鋼筋混凝土造,94年10月4日,十五層,
RPWRMLLLJHKFFBJ88CC,8,235.79,住家用,鋼筋混凝土造,95年12月18日,五層,
RPWRMLLLJHKFFBJ88CC,8,64.20,共用部分,鋼筋混凝土造,95年12月18日,五層,
RPUNMLQLJHKFFBJ88DC,1,20.79,商業用,鋼骨造,103年6月11日,一層,
RPXNMLQLJHKFFBJ56DC,1,40.77,商業用,鋼骨造,103年6月11日,一層,
RPTPMLTJJHKFFBJ98CC,6,109.87,住家用,鋼筋混凝土造,97年9月27日,十四層,
RPTPMLTJJHKFFBJ98CC,6,26.14,共用部分,鋼筋混凝土造,97年9月27日,十四層,
RPTPMLTJJHKFFBJ98CC,6,24.66,共用部分,鋼筋混凝土造,97年9月27日,十四層,
RPTRMLTJJHKFFBJ56CC,20,80.04,住家用,鋼筋混凝土造,84年5月29日,七層,
RPTRMLTJJHKFFBJ56CC,20,11.83,共用部分,鋼筋混凝土造,84年5月29日,六層,
RPTRMLTJJHKFFBJ56CC,20,19.49,共用部分,鋼筋混凝土造,84年5月29日,七層,
RPXNMLRLJHKFFBJ56CC,7,26.45,商業用,鋼筋混凝土造,97年6月9日,九層,
RPXNMLRLJHKFFBJ56CC,7,7.55,共用部分,鋼筋混凝土造,97年6月9日,九層,
RPXNMLRLJHKFFBJ56CC,7,3.58,共用部分,鋼筋混凝土造,97年6月9日,九層,
RPQSMLTJJHKFFBJ98CC,1,68.66,住家用,鋼筋混凝土造,103年2月28日,十二層,
RPQSMLTJJHKFFBJ98CC,1,14.79,本共有部分之項目有梯間、機房、水箱等三項。,鋼筋混凝土造,103年2月28日,十二層,
RPQSMLTJJHKFFBJ98CC,1,53.44,本共有部分之項目有防空避難室兼停車空間、公共服務空間、警衛室、垃圾儲藏室等四項。,鋼筋混凝土造,103年2月28日,十二層,
RPOPMLMKJHKFFBJ87CC,4,105.80,住家用,鋼筋混凝土造,100年5月12日,十三層,
RPOPMLMKJHKFFBJ87CC,4,74.25,本共有部分之項目有防空避難室、停車空間、排煙室、梯間等四項,鋼筋混凝土造,100年5月12日,十三層,
RPPPMLMKJHKFFBJ97CC,8,163.56,住家用,鋼筋混凝土造,96年5月28日,二十三層,
RPPPMLMKJHKFFBJ97CC,8,34.45,共用部分,鋼筋混凝土造,96年5月28日,二十三層,
RPPPMLMKJHKFFBJ97CC,8,19.26,共用部分,鋼筋混凝土造,96年5月28日,二十三層,
RPVOMLMKJHKFFBJ48CC,10,133.20,住家用,鋼筋混凝土造,94年1月31日,十四層,
RPVOMLMKJHKFFBJ48CC,10,16.85,共用部分,鋼筋混凝土造,94年1月31日,十四層,
RPVOMLMKJHKFFBJ48CC,10,20.15,共用部分,鋼筋混凝土造,94年1月31日,十四層,
RPOOMLRLJHKFFBJ38CC,6,26.95,商業用,鋼筋混凝土造,97年11月28日,七層,
RPOOMLRLJHKFFBJ38CC,6,14.84,共用部分,鋼筋混凝土造,97年11月28日,七層,
RPOOMLRLJHKFFBJ38CC,6,4.24,共用部分,鋼筋混凝土造,97年11月28日,七層,
RPSPMLMKJHKFFBJ28CC,2,93.00,住家用,鋼筋混凝土造,101年12月12日,十四層,
RPSPMLMKJHKFFBJ28CC,2,60.51,本共有部分之項目有防空避難室兼停車空間、公共服務空間、開放空間、集中式垃圾貯存空間等四項。,鋼筋混凝土造,101年12月12日,十四層,
RPSPMLMKJHKFFBJ28CC,2,17.51,本共有部分之項目有樓梯間、水箱、機械室等三項。,鋼筋混凝土造,101年12月12日,十四層,
RPQPMLMKJHKFFBJ08CC,1,108.32,住家用,鋼筋混凝土造,103年3月21日,二十四層,
RPQPMLMKJHKFFBJ08CC,1,59.40,本共有部分之項目有防空避難室兼停車空間，頂蓋型廣場式開放空間，管理員室，管委會空間，樓梯間，機械室，水箱等七項。,鋼筋混凝土造,103年3月21日,二十四層,
RPQPMLMKJHKFFBJ08CC,1,1.96,本共有部分之項目有梯間等一項,鋼筋混凝土造,103年3月21日,二十四層,
RPWOMLMKJHKFFBJ58CC,18,64.93,住家用,鋼筋混凝土造,85年8月21日,九層,
RPWOMLMKJHKFFBJ58CC,18,37.02,共用部分,鋼筋混凝土造,85年8月21日,十層,
RPWOMLMKJHKFFBJ58CC,18,7.84,共用部分,鋼筋混凝土造,85年8月21日,九層,
RPTRMLSLJHKFFBJ66CC,2,157.89,住家用,鋼筋混凝土造,101年8月24日,二十三層,
RPTRMLSLJHKFFBJ66CC,2,104.66,本共有部份之項目有停車空間、污水設備室、電信設備室、消防機械室、台電受電室、開放空間資源回收室、梯間、機械室、水箱等九項,鋼筋混凝土造,101年8月24日,二十三層,
RPXNMLLMJHKFFBJ68CC,11,25.39,住商用,鋼筋混凝土造,93年6月11日,十四層,
RPXNMLLMJHKFFBJ68CC,11,4.28,共用部分,鋼筋混凝土造,93年6月11日,十四層,
RPXNMLLMJHKFFBJ68CC,11,7.15,共用部分,鋼筋混凝土造,93年6月11日,十四層,
RPRRMLSLJHKFFBJ09CC,1,167.09,住家用,鋼筋混凝土造,102年10月7日,二十二層,
RPRRMLSLJHKFFBJ09CC,1,43.43,本共有部分之項目有梯間、機械室、水箱、中繼機房等四項。,鋼筋混凝土造,102年10月7日,二十二層,
RPRRMLSLJHKFFBJ09CC,1,32.03,本共有部分之項目有防空避難室兼停車空間、頂蓋型開放空間、管理室、垃圾室、公共服務空間等五項。,鋼筋混凝土造,102年10月7日,二十二層,
RPRRMLSLJHKFFBJ09CC,1,69.02,本共有部分之項目有防空避難室兼停車空間等一項。,鋼筋混凝土造,102年10月7日,二十二層,
RPOOMLLMJHKFFBJ87CC,9,98.46,住家用,鋼筋混凝土造,94年9月23日,十五層,
RPOOMLLMJHKFFBJ87CC,9,13.32,共用部分,鋼筋混凝土造,94年9月23日,十五層,
RPOOMLLMJHKFFBJ87CC,9,19.15,共用部分,鋼筋混凝土造,94年9月23日,十五層,
RPSOMLRLJHKFFBJ78CC,13,92.74,商業用,鋼筋混凝土造,91年4月19日,十層,
RPSOMLRLJHKFFBJ78CC,13,14.18,共用部分,鋼筋混凝土造,91年4月19日,十層,
RPSOMLRLJHKFFBJ78CC,13,13.11,共用部分,鋼筋混凝土造,91年4月19日,十層,
