﻿鄉鎮市區,交易標的,土地位置建物門牌,土地面積平方公尺,都市土地使用分區,非都市土地使用分區,非都市土地使用編定,租賃年月日,租賃筆棟數,租賃層次,總樓層數,建物型態,主要用途,主要建材,建築完成年月,建物總面積平方公尺,建物現況格局-房,建物現況格局-廳,建物現況格局-衛,建物現況格局-隔間,有無管理組織,有無附傢俱,總額元,單價元平方公尺,車位類別,車位面積平方公尺,車位總額元,備註,編號
The villages and towns urban district,transaction sign,land sector position building sector house number plate,land shifting total area square meter,the use zoning or compiles and checks,the non-metropolis land use district,non-metropolis land use,transaction year month and day,transaction pen number,shifting level,total floor number,building state,main use,main building materials,construction to complete the years,building shifting total area,Building present situation pattern - room,building present situation pattern - hall,building present situation pattern - health,building present situation pattern - compartmented,Whether there is manages the organization,Whether there is attaches the furniture,total price NTD,the unit price (NTD / square meter),the berth category,berth shifting total area square meter,the berth total price NTD,the note,serial number
竹南鎮,建物,苗栗縣竹南鎮立達街121號2F,0.0,其他,,,1031101,土地0建物0車位0,三層,2,套房(1房1廳1衛),見其他登記事項,鋼筋混凝土造,0980413,25.39,2,1,1,有,無,有,11500,453,,0.0,0,,RPTOMLPJJIJFFDK88DC
竹南鎮,房地(土地+建物),苗栗縣竹南鎮山佳里7鄰龍山路三段228巷47號,84.57,住,,,1031107,土地1建物1車位0,全,4,透天厝,見其他登記事項,鋼筋混凝土造,0880119,172.36,4,3,3,有,無,有,20000,116,,0.0,0,,RPTNMLKKJIJFFDK38DC
頭份市,房地(土地+建物),苗栗縣頭份鎮東興路233號二樓,919.06,住,,,1031110,土地1建物1車位0,一層,6,華廈(10層含以下有電梯),見其他登記事項,鋼筋混凝土造,1030312,87.7,3,2,2,有,無,有,13000,148,,0.0,0,,RPVNMLNKJIJFFFK98CC
竹南鎮,房地(土地+建物),苗栗縣竹南鎮新生路106巷23號,534.4,住,,,1031108,土地5建物1車位0,全,4,透天厝,住家用,鋼筋混凝土造,0901108,206.2,6,3,4,有,無,有,15000,73,,0.0,0,車位坡平B1F-E2,RPUNMLNKJIJFFDK68CC
苗栗市,房地(土地+建物),苗栗縣苗栗巿大埔街9號3樓之4,5.41,住,,,1031115,土地1建物1車位0,三層,5,華廈(10層含以下有電梯),住家用,鋼筋混凝土造,0850520,20.51,0,0,0,無,有,有,5000,244,,0.0,0,,RPWNMLRKJIJFFBK09CC
頭份市,房地(土地+建物),苗栗縣頭份鎮忠孝一路69巷1弄8號4樓,3410.0,住,,,1031030,土地2建物3車位0,一層,4,華廈(10層含以下有電梯),見其他登記事項,見其他登記事項,1011212,290.76,2,2,2,有,無,有,15000,52,,0.0,0,,RPRNMLOLJIJFFFK78CC
苗栗市,房地(土地+建物)+車位,苗栗縣苗栗巿文山里21鄰自治路474號,172.57,住,,,1031120,土地1建物1車位0,全,4,透天厝,住商用,鋼筋混凝土造,0831118,250.43,4,2,2,有,無,無,13000,52,其他,35.08,0,,RPRNMLQLJIJFFBK58CC
苗栗市,房地(土地+建物),苗栗縣苗栗巿清華里25鄰豐年路40巷16號,90.0,住,,,1031114,土地1建物1車位0,全,3,透天厝,住家用,加強磚造,0691106,116.94,6,2,4,有,無,無,10000,86,,0.0,0,,RPRNMLRLJIJFFBK68CC
頭份市,房地(土地+建物),苗栗縣頭份鎮東民六街42號,128.0,工,,,1031126,土地1建物1車位0,全,3,透天厝,見其他登記事項,見其他登記事項,1000503,287.88,3,2,4,有,無,有,35000,122,,0.0,0,,RPPNMLLJKIJFFFK18CC
竹南鎮,建物,苗栗縣竹南鎮新南里3鄰維新路62號四樓,62.02,住,,,1031202,土地0建物1車位0,四層,5,公寓(5樓含以下無電梯),住家用,鋼筋混凝土造,0830819,97.06,2,2,2,有,無,無,8000,82,,0.0,0,,RPSNMLNJKIJFFDK48CC
頭份市,建物,苗栗縣頭份鎮建國路二段71號,66.11,商,,,1031201,土地0建物1車位0,一層,4,店面(店鋪),住商用,鋼筋混凝土造,1030221,66.74,0,0,0,無,無,有,17500,262,,0.0,0,,RPTNMLPJKIJFFFK98CC
頭份市,建物,苗栗縣頭份鎮中央路15號3樓,161.0,工,,,1031215,土地0建物1車位0,三層,4,公寓(5樓含以下無電梯),住工用,鋼筋混凝土造,0770722,79.92,3,2,2,有,無,有,13000,163,,0.0,0,,RPUNMLQKKIJFFFK76DC
竹南鎮,房地(土地+建物),苗栗縣竹南鎮立達街69號2F A、B房,36.3,工,,,1031220,土地1建物1車位0,全,3,透天厝,見其他登記事項,鋼筋混凝土造,0980317,25.45,2,0,0,有,無,有,13000,511,,0.0,0,,RPPPMLOLKIJFFDK78DC
竹南鎮,房地(土地+建物),苗栗縣竹南鎮公義里口公館1之5號,5993.86,,特定農業區,丁種建築用地,1031215,土地2建物1車位0,見其他登記事項,4,工廠,工業用,鋼骨混凝土造,0941230,7933.63,0,0,0,無,無,無,800000,,,0.0,0,,RPPNMLRJJHKFFDK48CC
苗栗市,房地(土地+建物),苗栗縣苗栗巿建功里25鄰民族路66巷3之1號2樓,24.07,住,,,1031225,土地1建物1車位0,二層,5,公寓(5樓含以下無電梯),住家用,鋼筋混凝土造,0701228,82.8,3,2,1,有,無,有,7000,85,,0.0,0,,RPVNMLSJJHKFFBK98CC
苗栗市,房地(土地+建物),苗栗縣苗栗巿恭敬里11鄰東海街15號1F,33.3,住,,,1031229,土地1建物1車位0,一層,5,華廈(10層含以下有電梯),住家用,鋼筋混凝土造,0790720,115.29,3,1,3,有,無,有,9500,82,,0.0,0,,RPPNMLPKJHKFFBK18CC
竹南鎮,建物,苗栗縣竹南鎮平等街一段68號四樓之三,14.41,商,,,1040103,土地0建物1車位1,一層,15,住宅大樓(11層含以上有電梯),見其他登記事項,鋼筋混凝土造,1030929,116.54,3,2,2,有,無,有,11000,94,坡道平面,24.27,0,,RPUNMLPKJHKFFDK88CC
頭份市,房地(土地+建物),苗栗縣頭份鎮東興路233號二樓,37.14,住,,,1031110,土地1建物1車位0,一層,6,華廈(10層含以下有電梯),見其他登記事項,鋼筋混凝土造,1030312,87.7,3,2,2,有,無,有,13000,148,,0.0,0,,RPPOMLPKJHKFFFK68CC
頭份市,房地(土地+建物),苗栗縣頭份鎮大勇街30巷3弄1號,82.27,住,,,1040126,土地1建物1車位0,全,4,透天厝,住家用,鋼筋混凝土造,0900703,181.88,4,2,3,有,無,有,15000,82,,0.0,0,,RPQOMLSLJHKFFFK56CC
