﻿編號,屋齡,建物移轉面積平方公尺,主要用途,主要建材,建築完成日期,總層數,建物分層
The serial number,room age,building shifting area square meter,the main use,main building materials,construction completes the date,total layer,building lamination
RPTNMLTLKIJFFBM86DC,19,164.30,住商用,鋼筋混凝土造,84年12月15日,十二層,
RPTNMLTLKIJFFBM86DC,19,16.27,防空避難室、停車空間、門廳、梯間、機房、水箱,鋼筋混凝土造,84年12月15日,十二層,
RPPNMLRKJIJFFBM68DC,16,195.10,住商用,鋼筋混凝土造,87年6月11日,四層,
RPPNMLRKJIJFFBM68DC,16,189.77,住商用,鋼筋混凝土造,87年6月11日,四層,
RPTNMLPKKIJFFBM98DC,41,170.10,住家用,鋼筋混凝土加強磚造,62年7月18日,三層,
RPWNMLKKKIJFFBM78DC,19,258.44,住家用,鋼筋混凝土造,84年11月2日,四層,
RPQNMLNKJIJFFBM28CC,1,160.23,店舖、住宅、水箱,鋼筋混凝土造,102年7月3日,四層,
RPVNMLTKKIJFFBM86CC,7,170.28,住家用,鋼筋混凝土造,97年1月16日,四層,
