﻿編號,屋齡,建物移轉面積平方公尺,主要用途,主要建材,建築完成日期,總層數,建物分層
The serial number,room age,building shifting area square meter,the main use,main building materials,construction completes the date,total layer,building lamination
RPPNMLPLJIJFFBQ68CA,18,114.77,住商用,鋼筋混凝土造,85年8月15日,十四層,一層 二層 陽台 平台 露台
RPPNMLPLJIJFFBQ68CA,18,27.18,梯間、防空避難室、機械室、水塔牌樓兼停車空間,鋼筋混凝土造,85年8月15日,十四層,
RPQNMLRJJIJFFBQ78CA,38,84.80,住家用,鋼筋混凝土加強磚造,66年1月4日,二層,一層 二層
RPQNMLPJJIJFFBQ58CA,6,304.86,集合住宅、停車空間,鋼筋混凝土造,97年4月8日,四層,一層 二層 三層 四層 地下一層 見其他登記事項
RPQNMLPJJIJFFBQ58CA,6,5.45,管理委員會室,鋼筋混凝土造,97年4月8日,三層,
RPQNMLPJJIJFFBQ58CA,6,34.08,停車空間,鋼筋混凝土造,97年4月8日,四層,
RPTNMLSKJIJFFCQ76CA,35,109.14,住商用,鋼筋混凝土加強磚造,68年9月24日,二層,一層 二層 電梯樓梯間 夾層
RPVNMLRJJIJFFDQ86CA,,174.05,停車空間、住宅,鋼筋混凝土造,103年4月21日,四層,一層 二層 三層 四層 見其他登記事項
RPVNMLNKJIJFFDQ56CA,38,66.66,住家用,磚造,65年8月4日,一層,一層
RPPNMLLKJIJFFBQ28DA,28,144.48,住家用,加強磚造,76年3月30日,二層,一層 二層 見其他登記事項
RPPNMLOJJIJFFCQ68EA,16,160.74,住家用,鋼筋混凝土造,87年11月26日,三層,一層 二層 三層 平台 電梯樓梯間 見其他登記事項
RPQNMLPJJIJFFDQ88DA,38,85.13,住家用,鋼筋混凝土加強磚造,65年8月21日,二層,一層 二層
RPPNMLTJJIJFFDQ56DA,,236.72,住宅、停車空間、樓梯間,鋼筋混凝土造,103年9月29日,四層,一層 二層 三層 四層 陽台 見其他登記事項
RPVNMLPJJIJFFCQ76EA,31,320.79,住商用,鋼筋混凝土造,72年5月5日,四層,一層 二層 三層 四層 騎樓 電梯樓梯間
RPQNMLTJJIJFFDQ66DA,,236.72,住宅、停車空間、樓梯間,鋼筋混凝土造,103年9月29日,四層,一層 二層 三層 四層 陽台 見其他登記事項
RPSNMLKKJIJFFCQ48CA,19,62.89,見其他登記事項,鋼筋混凝土造,84年5月29日,四層,
RPOOMLOLJIJFFCQ68CA,22,196.90,住商用,鋼筋混凝土造,81年6月23日,四層,一層 二層 三層 四層
RPRNMLTJJIJFFDQ76DA,,239.79,住宅、停車空間、樓梯間,鋼筋混凝土造,103年9月29日,四層,一層 二層 三層 四層 陽台 見其他登記事項
RPTNMLTJJIJFFDQ96DA,,344.32,住宅、停車空間、樓梯間,鋼筋混凝土造,103年9月29日,四層,一層 二層 三層 四層 陽台 見其他登記事項
RPSNMLTJJIJFFDQ86DA,,248.10,住宅、停車空間、樓梯間,鋼筋混凝土造,103年9月29日,四層,一層 二層 三層 四層 陽台 見其他登記事項
RPPNMLQJJIJFFBQ58CA,28,98.17,住家用,鋼筋混凝土加強磚造,75年10月15日,二層,
RPPOMLOLJIJFFCQ78CA,18,147.87,住家用,鋼筋混凝土造,85年6月21日,三層,一層 二層 三層
RPROMLQLJIJFFDQ66CA,34,74.12,住家用,鋼筋混凝土加強磚造,70年2月5日,二層,一層 二層
RPRNMLQJJIJFFCQ88CA,20,85.22,集合住宅,鋼筋混凝土造,83年8月10日,七層,七層 陽台
RPRNMLQJJIJFFCQ88CA,20,9.41,共有部分,鋼筋混凝土造,83年8月10日,七層,
RPRNMLQJJIJFFCQ88CA,20,11.75,共有部分,鋼筋混凝土造,83年8月10日,七層,
RPQNMLSJJIJFFCQ98CA,21,204.42,住商用,鋼筋混凝土造,83年1月5日,四層,一層 二層 三層 四層 見其他登記事項
RPWNMLLKJIJFFDQ09CA,1,87.56,停車空間、住宅、樓梯間,鋼筋混凝土造,102年9月9日,三層,一層 二層 三層 陽台 雨遮 見其他登記事項
RPWNMLLKJIJFFDQ09CA,1,87.56,停車空間、住宅、樓梯間,鋼筋混凝土造,102年9月9日,三層,一層 二層 三層 陽台 雨遮 見其他登記事項
RPQNMLRJJIJFFDQ98CA,21,175.89,住家用,鋼筋混凝土造,82年7月20日,四層,一層 二層 三層 四層 見其他登記事項
RPTNMLMKJIJFFEQ98CA,33,86.40,住家用,鋼筋混凝土加強磚造,70年11月18日,二層,一層 二層
RPPNMLQJJIJFFCQ88EA,32,.25,國民住宅,鋼筋混凝土造,72年3月12日,五層,
RPPNMLQJJIJFFCQ88EA,32,61.08,國民住宅,鋼筋混凝土造,72年3月12日,五層,五層
RPTNMLRJJIJFFDQ76DA,38,66.66,住家用,磚造,65年8月4日,一層,一層
RPPNMLRJJIJFFDQ98DA,19,198.57,住家用,鋼筋混凝土造,84年5月18日,四層,一層 二層 三層 四層 見其他登記事項
RPSNMLRJJIJFFDQ66DA,1,179.76,門廊、停車空間、住宅,鋼筋混凝土造,103年4月7日,三層,一層 二層 三層 陽台
RPUNMLMKJIJFFDQ56EA,15,132.56,見其他登記事項,鋼筋混凝土造,88年5月31日,三層,
RPUNMLOLJIJFFBQ56DA,18,116.02,住商用,鋼筋混凝土造,85年8月15日,十四層,一層 二層 陽台 平台 露台
RPUNMLOLJIJFFBQ56DA,18,43.19,梯間、防空避難室、機械室、水塔牌樓兼停車空間,鋼筋混凝土造,85年8月15日,十四層,
RPQOMLOLJIJFFCQ88CA,7,232.04,住宅、停車空間,鋼筋混凝土造,96年7月19日,四層,一層 二層 三層 四層 見其他登記事項
RPSNMLKKJIJFFDQ58CA,15,177.45,住家用,鋼筋混凝土造,88年6月5日,三層,一層 二層 三層 陽台 平台 電梯樓梯間 雨遮
RPQNMLRJJIJFFCQ88CA,20,95.25,住家用,鋼筋混凝土造,83年10月4日,五層,五層
RPRNMLSJJIJFFCQ09CA,38,108.74,住家用,鋼筋混凝土加強磚造,65年7月2日,二層,一層 二層 騎樓
RPSNMLNKJIJFFCQ78CA,,214.18,住家用,鋼筋混凝土造,103年8月13日,四層,一層 二層 三層 四層 見其他登記事項
RPRNMLNKJIJFFCQ68CA,,268.09,住家用,鋼筋混凝土造,103年8月13日,四層,一層 二層 三層 四層 見其他登記事項
RPTNMLNKJIJFFCQ88CA,,224.29,住家用,鋼筋混凝土造,103年8月13日,四層,一層 二層 三層 四層 見其他登記事項
RPQNMLLKJIJFFBQ28CA,,242.29,住家用,鋼筋混凝土造,103年9月5日,四層,一層 二層 三層 四層 陽台
RPSNMLLKJIJFFBQ48CA,,244.72,住家用,鋼筋混凝土造,103年9月5日,四層,一層 二層 三層 四層 陽台
RPQNMLPKJIJFFBQ68CA,8,19.19,住家用,鋼筋混凝土造,95年8月28日,八層,七層 陽台
RPQNMLPKJIJFFBQ68CA,8,4.60,共有部分,鋼筋混凝土造,95年8月28日,,
RPQNMLPKJIJFFBQ68CA,8,7.43,共有部分,鋼筋混凝土造,95年8月28日,,
RPQNMLPKJIJFFBQ68CA,8,19.19,住家用,鋼筋混凝土造,95年8月28日,八層,七層 陽台
RPQNMLPKJIJFFBQ68CA,8,4.60,共有部分,鋼筋混凝土造,95年8月28日,,
RPQNMLPKJIJFFBQ68CA,8,7.43,共有部分,鋼筋混凝土造,95年8月28日,,
RPPNMLSJJIJFFBQ78CA,37,82.20,住家用,鋼筋混凝土加強磚造,66年7月15日,二層,一層 二層 騎樓
RPSNMLOKJIJFFBQ78CA,41,120.45,工業用,磚造,62年12月1日,一層,一層
RPSNMLOKJIJFFBQ78CA,41,516.00,工業用,鋼骨造,62年12月1日,一層,一層
RPSNMLOKJIJFFBQ78CA,41,34.31,廚房,磚造,62年12月1日,一層,一層
RPSNMLOKJIJFFBQ78CA,41,44.52,商業用,磚造,62年12月1日,一層,一層 騎樓
RPPOMLSKJIJFFBQ98CA,,178.46,住宅、樓梯間,鋼筋混凝土造,103年8月4日,三層,一層 二層 三層 陽台 見其他登記事項
RPQOMLSKJIJFFBQ09CA,,178.08,住宅、樓梯間,鋼筋混凝土造,103年8月4日,三層,一層 二層 三層 陽台 見其他登記事項
RPTNMLKKJIJFFCQ58CA,2,176.97,住宅、停車空間,鋼筋混凝土造,101年11月12日,四層,一層 二層 三層 四層 見其他登記事項
RPTNMLLKJIJFFBQ68DA,20,72.71,住家用,鋼筋混凝土造,83年9月10日,十二層,六層 陽台
RPTNMLLKJIJFFBQ68DA,20,8.26,樓梯間,鋼筋混凝土造,83年9月10日,十二層,
RPTNMLLKJIJFFBQ68DA,20,6.58,防空避難室﹒停車空間,鋼筋混凝土造,83年9月10日,十三層,
RPQNMLLKJIJFFCQ48DA,,197.66,住宅、樓梯間,鋼筋混凝土造,103年7月14日,三層,一層 二層 三層 見其他登記事項 見其他登記事項
RPQNMLMKJIJFFBQ48DA,18,58.78,住家用,鋼筋混凝土造,85年8月15日,十四層,十三層 陽台
RPQNMLMKJIJFFBQ48DA,18,20.67,梯間、防空避難室、機械室、水塔牌樓兼停車空間,鋼筋混凝土造,85年8月15日,十四層,
RPRNMLLKJIJFFCQ58DA,,199.27,住宅、樓梯間,鋼筋混凝土造,103年7月14日,三層,一層 二層 三層 見其他登記事項 見其他登記事項
RPPNMLNJKIJFFDQ58CA,19,147.40,住家用,鋼筋混凝土造,84年11月8日,三層,一層 二層 三層 見其他登記事項
RPWNMLNKJIJFFDQ66CA,14,143.14,住家用,鋼筋混凝土造,90年3月13日,三層,一層 二層 三層 見其他登記事項
RPVNMLMKJIJFFDQ09CA,31,58.10,住商用,鋼筋混凝土加強磚造,73年2月23日,二層,一層 二層 騎樓 電梯樓梯間
RPVNMLMKJIJFFDQ09CA,31,58.10,住商用,鋼筋混凝土加強磚造,73年2月23日,二層,一層 二層 騎樓 電梯樓梯間
RPRNMLLKJIJFFDQ58CA,15,89.23,見其他登記事項,鋼筋混凝土造,88年5月31日,五層,
RPRNMLLKJIJFFDQ58CA,15,12.35,見其他登記事項,鋼筋混凝土造,88年5月31日,五層,
RPRNMLLKJIJFFDQ58CA,15,.80,見其他登記事項,鋼筋混凝土造,88年5月31日,一層,
RPUNMLLKJIJFFDQ88CA,21,222.95,住商用,鋼筋混凝土造,82年5月21日,四層,一層 二層 三層 四層 見其他登記事項
RPSNMLPJKIJFFDQ09CA,35,99.06,住家用,鋼筋混凝土加強磚造,68年10月13日,二層,一層 二層 電梯樓梯間
RPWNMLNKJIJFFCQ56CA,33,116.06,住家用,鋼筋混凝土加強磚造,70年5月25日,二層,一層 二層 騎樓 電梯樓梯間
RPROMLLLJIJFFBQ58CA,,26.05,集合住宅,鋼筋混凝土造,103年8月15日,八層,三層 陽台
RPSOMLLLJIJFFBQ68CA,,110.60,集合住宅,鋼筋混凝土造,103年8月15日,八層,四層 陽台
RPPOMLLLJIJFFBQ38CA,,54.46,集合住宅,鋼筋混凝土造,103年8月15日,八層,二層 陽台
RPVNMLLKJIJFFBQ78CA,18,147.45,住家用,鋼筋混凝土造,85年8月15日,十四層,七層 陽台
RPVNMLLKJIJFFBQ78CA,18,54.69,梯間、防空避難室、機械室、水塔牌樓兼停車空間,鋼筋混凝土造,85年8月15日,十四層,
RPRNMLRKJIJFFEQ66CA,25,254.13,住家用,鋼筋混凝土造,79年2月19日,四層,一層 二層 三層 四層
RPQNMLKLJIJFFEQ58CA,,185.19,住家用,鋼筋混凝土造,103年6月4日,四層,一層 二層 三層 四層 陽台
RPPNMLMKJIJFFCQ58EA,37,122.77,住家用,鋼筋混凝土加強磚造,66年9月1日,二層,一層 二層 騎樓
RPUNMLMKJIJFFCQ88CA,34,136.98,住商用,鋼筋混凝土加強磚造,70年1月24日,三層,一層 二層 三層 電梯樓梯間
RPQOMLLLJIJFFBQ48CA,,54.46,集合住宅,鋼筋混凝土造,103年8月15日,八層,五層 陽台
RPXNMLNKJIJFFCQ66CA,,190.94,住家用,鋼筋混凝土造,103年7月1日,三層,一層 二層 三層 見其他登記事項
RPRNMLNLJIJFFCQ78CA,1,228.62,住家用,鋼筋混凝土造,102年7月16日,三層,一層 二層 三層 見其他登記事項
RPOOMLMKJIJFFDQ48CA,19,172.99,住家用,鋼筋混凝土造,84年7月21日,三層,一層 二層 三層 夾層 見其他登記事項
RPRNMLMLJIJFFDQ78CA,19,121.19,商業用,鋼筋混凝土造,84年9月8日,十二層,一層 二層 陽台 平台
RPRNMLMLJIJFFDQ78CA,19,25.77,防空避難室,鋼筋混凝土造,84年9月8日,十二層,
RPVNMLMLJIJFFDQ56CA,37,114.47,住家用,鋼筋混凝土加強磚造,66年7月20日,二層,一層 二層 電梯樓梯間
RPTNMLMLJIJFFDQ98CA,33,56.76,住家用,鋼筋混凝土加強磚造,70年5月10日,二層,一層 二層 電梯樓梯間
RPRNMLNKJIJFFDQ88DA,6,165.10,住宅、停車空間,鋼筋混凝土造,97年9月3日,三層,一層 二層 三層 陽台
RPSNMLNKJIJFFDQ98DA,9,167.87,店舖、住宅、停車空間,鋼筋混凝土造,94年12月12日,三層,一層 二層 三層 見其他登記事項
RPPNMLTKJIJFFDQ66DA,25,109.19,住家用,加強磚造,78年11月15日,二層,一層 二層
RPPNMLKLJIJFFEQ48CA,,203.72,住家用,鋼筋混凝土造,103年6月4日,四層,一層 二層 三層 四層 陽台
RPQNMLMLJIJFFDQ68CA,7,340.82,店舖、停車空間、集合住宅、樓梯間,鋼筋混凝土造,96年6月14日,四層,一層 二層 三層 四層 見其他登記事項 見其他登記事項
RPQNMLMLJIJFFDQ68CA,8,2.08,機械室、樓梯間、垃圾處理場、管理中心,鋼筋混凝土造,95年7月18日,三層,
RPQNMLMLJIJFFDQ68CA,8,.88,機械室、樓梯間,鋼筋混凝土造,95年7月18日,一層,
RPQNMLMLJIJFFDQ68CA,8,1.53,機械室、樓梯間、開放空間、交誼室,鋼筋混凝土造,95年7月18日,四層,
RPVNMLSKJIJFFCQ07DA,7,739.33,停車空間、住宅、店舖,鋼筋混凝土造,96年6月11日,四層,一層 二層 三層 四層 電梯樓梯間 見其他登記事項
RPRNMLRKJIJFFDQ56CA,4,183.34,住宅、停車空間、樓梯間,鋼筋混凝土造,99年12月7日,四層,一層 二層 三層 四層 陽台 見其他登記事項
RPSOMLOLJIJFFCQ09CA,33,107.86,住家用,鋼筋混凝土加強磚造,70年6月1日,二層,一層 二層 騎樓 電梯樓梯間
RPUNMLNKJIJFFCQ98CA,21,75.92,住家用,鋼筋混凝土造,82年11月6日,三層,一層 二層 三層 電梯樓梯間 見其他登記事項
RPUNMLRKJIJFFDQ07EA,21,175.89,住家用,鋼筋混凝土造,82年7月20日,四層,一層 二層 三層 四層 見其他登記事項
RPPNMLKLJIJFFCQ48EA,22,149.58,停車空間兼臥室住宅,鋼筋混凝土造,81年12月23日,三層,一層 二層 三層 陽台 電梯樓梯間
RPTNMLMLJIJFFCQ88CA,12,103.84,見其他登記事項,鋼筋混凝土造,91年7月25日,五層,
RPTNMLMLJIJFFCQ88CA,12,14.17,見其他登記事項,鋼筋混凝土造,91年7月25日,五層,
RPTNMLMLJIJFFCQ88CA,12,33.34,停車空間,鋼筋混凝土造,91年7月25日,五層,
RPPNMLNKJIJFFEQ88EA,32,64.34,住家用,鋼筋混凝土磚木造,71年11月6日,一層,一層
RPPNMLKLJIJFFBQ18CA,9,65.13,住家用,鋼筋混凝土造,94年8月20日,五層,三層 陽台
RPPNMLKLJIJFFBQ18CA,9,65.13,住家用,鋼筋混凝土造,94年8月20日,五層,三層 陽台
RPPNMLKLJIJFFBQ18CA,9,8.50,停車空間,鋼筋混凝土造,94年8月20日,五層,
RPPNMLKLJIJFFBQ18CA,9,12.83,樓梯、電梯室、水箱,鋼筋混凝土造,94年8月20日,五層,
RPPNMLKLJIJFFBQ18CA,9,108.55,住家用,鋼筋混凝土造,94年8月20日,五層,三層 陽台
RPPNMLKLJIJFFBQ18CA,9,8.58,走廊,鋼筋混凝土造,94年8月20日,五層,
RPPNMLKLJIJFFBQ18CA,9,14.18,停車空間,鋼筋混凝土造,94年8月20日,五層,
RPPNMLKLJIJFFBQ18CA,9,21.39,樓梯、電梯室、水箱,鋼筋混凝土造,94年8月20日,五層,
RPPNMLKLJIJFFBQ18CA,9,14.30,走廊,鋼筋混凝土造,94年8月20日,五層,
SPPNMLKLJIJFFBQ28CA,9,65.13,住家用,鋼筋混凝土造,94年8月20日,五層,三層 陽台
SPPNMLKLJIJFFBQ28CA,9,8.50,停車空間,鋼筋混凝土造,94年8月20日,五層,
SPPNMLKLJIJFFBQ28CA,9,12.83,樓梯、電梯室、水箱,鋼筋混凝土造,94年8月20日,五層,
SPPNMLKLJIJFFBQ28CA,9,108.55,住家用,鋼筋混凝土造,94年8月20日,五層,三層 陽台
SPPNMLKLJIJFFBQ28CA,9,8.58,走廊,鋼筋混凝土造,94年8月20日,五層,
SPPNMLKLJIJFFBQ28CA,9,14.18,停車空間,鋼筋混凝土造,94年8月20日,五層,
SPPNMLKLJIJFFBQ28CA,9,21.39,樓梯、電梯室、水箱,鋼筋混凝土造,94年8月20日,五層,
SPPNMLKLJIJFFBQ28CA,9,14.30,走廊,鋼筋混凝土造,94年8月20日,五層,
RPQNMLKLJIJFFCQ38CA,21,221.64,住家用,鋼筋混凝土造,82年12月1日,四層,一層 二層 三層 四層 電梯樓梯間
RPTNMLLLJIJFFCQ78CA,,187.97,停車空間、住宅、樓梯間,鋼筋混凝土造,103年8月15日,三層,一層 二層 三層 見其他登記事項 見其他登記事項
RPROMLKLJIJFFCQ58CA,18,165.72,住家用,鋼筋混凝土造,85年7月29日,三層,一層 二層 三層 平台 電梯樓梯間 見其他登記事項
RPQOMLSLJIJFFDQ76CA,16,187.50,住家用,鋼筋混凝土造,88年4月6日,三層,一層 二層 三層 陽台 平台 電梯樓梯間 雨遮
RPWNMLSKJIJFFDQ17CA,25,157.85,住商用,鋼筋混凝土造,78年11月29日,三層,一層 二層 三層 電梯樓梯間
RPTNMLOLJIJFFDQ56CA,34,104.70,住家用,鋼筋混凝土加強磚造,70年3月28日,二層,一層 二層
RPWNMLRLJIJFFDQ17CA,2,155.09,停車空間、住宅,鋼筋混凝土造,101年7月24日,三層,一層 二層 三層 陽台
RPQNMLRKJIJFFDQ56DA,1,179.76,門廊、住宅,鋼筋混凝土造,103年4月7日,三層,一層 二層 三層 陽台
RPOOMLSKJIJFFDQ56DA,32,107.22,住家用,鋼筋混凝土加強磚造,71年12月31日,二層,一層 二層 電梯樓梯間
RPXNMLSKJIJFFCQ27DA,37,91.20,住家用,鋼筋混凝土加強磚造,66年9月1日,二層,一層 二層 騎樓
RPQNMLTKJIJFFDQ76DA,10,175.73,停車空間、住宅,鋼筋混凝土造,93年11月24日,三層,一層 二層 三層 陽台 電梯樓梯間
RPTNMLOJKIJFFDQ09CA,33,86.30,住家用,鋼筋混凝土加強磚造,70年6月2日,二層,一層 二層
RPVNMLQLJIJFFCQ86CA,1,189.41,住家用,鋼筋混凝土造,102年11月29日,四層,一層 二層 三層 四層 見其他登記事項
RPROMLTKJIJFFCQ76CA,,157.48,住宅、水塔,鋼筋混凝土造,103年9月29日,三層,一層 二層 三層 見其他登記事項 見其他登記事項
RPSOMLTKJIJFFCQ86CA,,165.43,住宅、樓梯間、水塔,鋼筋混凝土造,103年9月29日,三層,一層 二層 三層 見其他登記事項 見其他登記事項
RPTOMLTKJIJFFCQ96CA,,160.55,住宅、樓梯間、水塔,鋼筋混凝土造,103年9月29日,三層,一層 二層 三層 見其他登記事項 見其他登記事項
RPUOMLTKJIJFFCQ07CA,,155.28,住宅、水塔,鋼筋混凝土造,103年9月29日,三層,一層 二層 三層 見其他登記事項 見其他登記事項
RPPOMLTKJIJFFCQ56CA,,160.09,住宅、水塔,鋼筋混凝土造,103年9月29日,三層,一層 二層 三層 見其他登記事項 見其他登記事項
RPQOMLTKJIJFFCQ66CA,,155.28,住宅、水塔,鋼筋混凝土造,103年9月29日,三層,一層 二層 三層 見其他登記事項 見其他登記事項
RPOOMLTKJIJFFCQ09CA,,191.32,住家用,鋼筋混凝土造,103年9月29日,四層,一層 二層 三層 四層 見其他登記事項
RPUNMLTKJIJFFCQ96CA,34,99.08,住家用,鋼筋混凝土加強磚造,70年2月1日,二層,一層 二層
RPVOMLTKJIJFFCQ17CA,,157.43,住宅、水塔,鋼筋混凝土造,103年9月29日,三層,一層 二層 三層 見其他登記事項 見其他登記事項
RPSNMLTKJIJFFCQ96EA,33,110.13,住家用,鋼筋混凝土加強磚造,70年5月8日,二層,一層 二層 電梯樓梯間
RPQNMLRKJIJFFBQ88CA,6,284.31,集合住宅、停車空間,鋼筋混凝土造,97年4月8日,四層,一層 二層 三層 四層 地下一層 見其他登記事項
RPQNMLRKJIJFFBQ88CA,6,4.62,管理委員會室,鋼筋混凝土造,97年4月8日,三層,
RPQNMLRKJIJFFBQ88CA,6,28.89,停車空間,鋼筋混凝土造,97年4月8日,四層,
RPTNMLSKJIJFFBQ66CA,25,208.39,住家用,鋼筋混凝土加強磚造,78年11月23日,三層,一層 二層 三層 陽台
RPTOMLLLJIJFFBQ78CA,,109.05,集合住宅,鋼筋混凝土造,103年8月15日,八層,四層 陽台
RPVOMLLLJIJFFBQ98CA,,191.24,集合住宅,鋼筋混凝土造,103年8月15日,八層,八層 陽台
RPUOMLLLJIJFFBQ88CA,,54.46,集合住宅,鋼筋混凝土造,103年8月15日,八層,三層 陽台
RPXOMLTKJIJFFCQ37CA,,165.47,住宅、樓梯間、水塔,鋼筋混凝土造,103年9月29日,三層,一層 二層 三層 見其他登記事項 見其他登記事項
RPOPMLTKJIJFFCQ56CA,,158.41,住宅、水塔,鋼筋混凝土造,103年9月29日,三層,一層 二層 三層 見其他登記事項 見其他登記事項
RPRNMLLLJIJFFCQ58CA,,187.97,停車空間、住宅、樓梯間,鋼筋混凝土造,103年8月15日,三層,一層 二層 三層 見其他登記事項 見其他登記事項
RPRNMLMLJIJFFCQ68CA,1,200.87,住宅、樓梯間,鋼筋混凝土造,103年2月6日,三層,一層 二層 三層 見其他登記事項 見其他登記事項
RPSOMLPLJIJFFCQ56CA,21,143.75,住家用,加強磚造,82年10月6日,二層,一層 二層 陽台 平台 電梯樓梯間
RPXNMLLJKIJFFDQ56CA,35,88.82,住家用,鋼筋混凝土加強磚造,69年3月1日,二層,一層 二層
RPUNMLOJKIJFFDQ56CA,33,133.23,住家用,鋼筋混凝土加強磚造,70年5月27日,二層,一層 二層 電梯樓梯間 見其他登記事項
RPTNMLSKJIJFFDQ86CA,34,97.04,住家用,鋼筋混凝土加強磚造,70年4月3日,二層,一層 二層
RPPNMLMLJIJFFDQ58CA,9,168.00,住商用,鋼筋混凝土造,94年11月29日,四層,一層 二層 三層 四層 陽台
RPVNMLRLJIJFFCQ96CA,1,173.10,住宅、樓梯間,鋼筋混凝土造,103年4月10日,三層,一層 二層 三層 見其他登記事項 見其他登記事項
RPTNMLSLJIJFFCQ86CA,8,228.34,停車空間、集合住宅,鋼筋混凝土造,95年8月14日,四層,一層 二層 三層 四層 見其他登記事項
RPVNMLMLJIJFFCQ09CA,33,60.55,住家用,鋼筋混凝土加強磚造,70年12月16日,一層,一層
RPSNMLTKJIJFFBQ66CA,29,127.88,住家用,鋼筋混凝土加強磚造,75年4月22日,二層,一層 二層 騎樓
RPQNMLKLJIJFFBQ28CA,7,284.31,集合住宅、停車空間,鋼筋混凝土造,97年4月8日,四層,一層 二層 三層 四層 地下一層 見其他登記事項
RPQNMLKLJIJFFBQ28CA,7,4.62,管理委員會室,鋼筋混凝土造,97年4月8日,三層,
RPQNMLKLJIJFFBQ28CA,7,28.89,停車空間,鋼筋混凝土造,97年4月8日,四層,
RPSNMLKLJIJFFBQ48CA,7,284.31,集合住宅、停車空間,鋼筋混凝土造,97年4月8日,四層,一層 二層 三層 四層 地下一層 見其他登記事項
RPSNMLKLJIJFFBQ48CA,7,4.62,管理委員會室,鋼筋混凝土造,97年4月8日,三層,
RPSNMLKLJIJFFBQ48CA,7,28.89,停車空間,鋼筋混凝土造,97年4月8日,四層,
RPQNMLRLJIJFFBQ98CA,19,163.48,住商用,鋼骨鋼筋混凝土造,84年3月20日,四層,一層 二層 三層 四層 陽台
RPPNMLRLJIJFFBQ88CA,19,163.48,住商用,鋼骨鋼筋混凝土造,84年3月20日,四層,一層 二層 三層 四層 陽台
RPWNMLRLJIJFFBQ96CA,19,163.48,住商用,鋼骨鋼筋混凝土造,84年3月20日,四層,一層 二層 三層 四層 陽台
RPVNMLRLJIJFFBQ86CA,19,163.48,住商用,鋼骨鋼筋混凝土造,84年3月20日,四層,一層 二層 三層 四層 陽台
RPRNMLRLJIJFFBQ09CA,19,163.48,住商用,鋼骨鋼筋混凝土造,84年4月28日,四層,一層 二層 三層 四層 陽台
RPSNMLRLJIJFFBQ56CA,19,163.48,住商用,鋼骨鋼筋混凝土造,84年3月20日,四層,一層 二層 三層 四層 陽台
RPSPMLSJKIJFFCQ86CA,8,176.30,店鋪、住宅、停車空間,鋼筋混凝土造,96年1月19日,四層,一層 二層 三層 四層 見其他登記事項
RPTOMLKLJIJFFCQ78CA,,164.97,住宅、樓梯間、水塔,鋼筋混凝土造,103年9月29日,三層,一層 二層 三層 見其他登記事項 見其他登記事項
RPRNMLLKKIJFFCQ58CA,38,95.00,住家用,鋼筋混凝土加強磚造,66年1月15日,二層,一層 二層 騎樓
RPPNMLTJKIJFFDQ56CA,7,163.87,住宅　停車空間　樓梯間,鋼筋混凝土造,96年10月1日,三層,一層 二層 三層 陽台 見其他登記事項
RPUNMLPKKIJFFDQ76CA,6,195.03,店舖、停車空間、住宅,鋼筋混凝土造,97年5月16日,四層,一層 二層 三層 四層 陽台 雨遮 見其他登記事項
RPQNMLLJKIJFFDQ48CA,,194.33,住宅、樓梯間,鋼筋混凝土造,103年7月17日,三層,一層 二層 三層 陽台 見其他登記事項
RPUNMLRLJIJFFDQ96CA,21,193.87,住家用,鋼筋混凝土造,82年9月24日,四層,一層 二層 三層 四層 見其他登記事項
RPQNMLQLJIJFFDQ09CA,,185.08,住宅、樓梯間,鋼筋混凝土造,103年7月17日,三層,一層 二層 三層 陽台 見其他登記事項
RPSNMLRLJIJFFCQ76DA,12,100.04,見其他登記事項,鋼筋混凝土造,91年7月25日,五層,
RPSNMLRLJIJFFCQ76DA,12,12.64,見其他登記事項,鋼筋混凝土造,91年7月25日,五層,
RPSNMLRLJIJFFCQ76DA,12,33.34,停車空間,鋼筋混凝土造,91年7月25日,五層,
RPTNMLNJKIJFFCQ88CA,22,183.99,住家用,鋼筋混凝土造,81年10月6日,三層,一層 二層 三層 騎樓 電梯樓梯間
RPQOMLKLJIJFFCQ58DA,22,91.15,國民住宅,鋼筋混凝土造,82年2月17日,五層,四層 陽台
RPQOMLKLJIJFFCQ58DA,22,9.60,共有部分,鋼筋混凝土造,82年2月17日,五層,
RPTNMLPLJIJFFBQ56DA,25,131.85,住商用,鋼筋混凝土造,79年2月12日,三層,一層 二層 三層 騎樓
RPRNMLPJKIJFFEQ09CA,5,231.21,農舍,木構造,98年8月4日,二層,一層 二層
RPTNMLSJKIJFFDQ86CA,9,156.78,住家用,鋼筋混凝土造,94年12月29日,三層,一層 二層 三層 見其他登記事項
RPRNMLOLJIJFFDQ98CA,9,221.02,住商用,鋼筋混凝土造,94年9月2日,四層,一層 二層 三層 四層 陽台
RPPNMLOKKIJFFDQ78CA,35,88.99,住家用,鋼筋混凝土加強磚造,69年3月1日,二層,一層 二層
RPPNMLOKKIJFFDQ78CA,35,88.99,住家用,鋼筋混凝土加強磚造,69年3月1日,二層,一層 二層
RPTNMLTJKIJFFCQ86CA,20,208.67,住商用,鋼筋混凝土造,83年11月3日,四層,一層 二層 三層 四層 電梯樓梯間 見其他登記事項
RPQNMLLLJIJFFCQ48CA,7,491.95,停車空間、住宅、店舖,鋼筋混凝土造,96年6月11日,四層,一層 二層 三層 四層 見其他登記事項
RPPOMLLJKIJFFCQ38CA,28,101.68,住家用,鋼筋混凝土加強磚造,76年1月26日,二層,一層 二層 騎樓 電梯樓梯間
RPPNMLRLJIJFFCQ98CA,31,29.15,住家用,鋼筋混凝土加強磚造,72年8月19日,二層,一層 二層 電梯樓梯間
RPPNMLRLJIJFFCQ98CA,31,29.15,住家用,鋼筋混凝土加強磚造,72年8月19日,二層,一層 二層 電梯樓梯間
RPPNMLRLJIJFFCQ98CA,31,29.15,住家用,鋼筋混凝土加強磚造,72年8月19日,二層,一層 二層 電梯樓梯間
RPQOMLRLJIJFFCQ56CA,19,195.58,住家用,鋼筋混凝土造,84年10月14日,四層,一層 二層 三層 四層 電梯樓梯間 見其他登記事項
RPSNMLLLJIJFFCQ68CA,22,175.12,住家用,鋼筋混凝土造,81年8月14日,三層,一層 二層 三層 電梯樓梯間 見其他登記事項
RPSNMLOJKIJFFBQ78CA,101,55.44,住家用,木造,2年12月10日,一層,一層 騎樓
RPQNMLRLJIJFFDQ66DA,26,122.18,住家用,鋼筋混凝土造,78年1月10日,三層,一層 二層 三層
RPWNMLPKKIJFFCQ86CA,33,100.62,住家用,鋼筋混凝土加強磚造,71年2月27日,二層,一層 二層 陽台
RPPNMLQKKIJFFCQ88CA,17,87.79,集合住宅,鋼筋混凝土造,86年11月18日,五層,四層 陽台
RPPNMLQKKIJFFCQ88CA,17,10.51,共有部分,鋼筋混凝土造,86年11月18日,五層,
RPPNMLQKKIJFFCQ88CA,17,.42,共有部分,鋼筋混凝土造,86年11月18日,一層,
RPXNMLPKKIJFFCQ96CA,35,101.86,住家用,鋼筋混凝土加強磚造,68年11月6日,二層,一層 二層 騎樓
RPPNMLQLJIJFFBQ78CA,,164.76,住家用,鋼筋混凝土造,102年12月11日,三層,一層 二層 三層 見其他登記事項
RPTNMLPLJIJFFCQ56CA,35,97.11,住家用,鋼筋混凝土加強磚造,68年10月1日,二層,一層 二層 電梯樓梯間
RPRNMLNKKIJFFCQ78CA,1,182.96,住宅、樓梯間、停車空間,鋼筋混凝土造,103年3月19日,三層,一層 二層 三層 見其他登記事項 見其他登記事項
RPTNMLQLJIJFFDQ76CA,17,203.89,住家用,鋼筋混凝土造,86年7月22日,四層,一層 二層 三層 四層 陽台
RPXNMLQLJIJFFDQ17CA,1,171.12,停車空間、住宅,鋼筋混凝土造,103年4月21日,四層,一層 二層 三層 四層 見其他登記事項
RPSNMLQLJIJFFDQ66CA,21,173.88,住家用,鋼筋混凝土造,82年12月21日,三層,一層 二層 三層 陽台 平台 電梯樓梯間
RPQNMLOLJIJFFDQ88CA,36,79.91,住家用,鋼筋混凝土加強磚造,67年9月1日,一層,一層
RPQNMLRLJIJFFCQ56DA,3,77.75,住宅、樓梯間,鋼筋混凝土造,101年4月25日,三層,一層 二層 三層 見其他登記事項 見其他登記事項
SPPNMLOKKIJFFEQ98CA,20,217.67,住家用,鋼筋混凝土造,84年2月3日,四層,一層 二層 三層 四層 見其他登記事項
RPOOMLQLJIJFFDQ98CA,1,194.55,住家用,鋼筋混凝土造,103年1月16日,四層,一層 二層 三層 四層 陽台
RPRNMLPLJIJFFDQ56DA,18,193.74,農舍,鋼筋混凝土造,85年10月23日,二層,一層 二層
RPWNMLSKKIJFFCQ17CA,,185.21,住家用,鋼筋混凝土造,103年8月15日,四層,一層 二層 三層 四層 見其他登記事項
RPRNMLRLJIJFFCQ56CA,36,80.00,住家用,鋼筋混凝土加強磚造,67年10月25日,二層,一層 二層
RPXNMLRLJIJFFBQ07CA,19,163.48,住商用,鋼骨鋼筋混凝土造,84年3月20日,四層,一層 二層 三層 四層 陽台
RPXNMLOLJIJFFCQ86CA,,172.01,住宅、樓梯間,鋼筋混凝土造,103年9月11日,三層,一層 二層 三層 見其他登記事項 見其他登記事項
RPXNMLRLJIJFFDQ37DA,22,151.09,住家用,鋼筋混凝土造,81年6月16日,三層,一層 二層 三層 陽台 電梯樓梯間
RPXNMLLJKIJFFCQ66EA,21,148.39,住家用,鋼筋混凝土造,82年7月22日,三層,一層 二層 三層 見其他登記事項
RPXNMLRLJIJFFCQ17CA,,160.69,住宅、水塔,鋼筋混凝土造,103年9月29日,三層,一層 二層 三層 見其他登記事項 見其他登記事項
RPWNMLRLJIJFFCQ07CA,,154.56,住宅、水塔,鋼筋混凝土造,103年9月29日,三層,一層 二層 三層 見其他登記事項 見其他登記事項
RPPNMLOJKIJFFCQ58CA,,214.78,停車空間、住宅、樓梯間,鋼筋混凝土造,103年9月1日,三層,一層 二層 三層 見其他登記事項 見其他登記事項
RPOOMLRLJIJFFCQ98CA,,160.46,住宅、水塔,鋼筋混凝土造,103年9月29日,三層,一層 二層 三層 見其他登記事項 見其他登記事項
RPQNMLTKKIJFFCQ66CA,34,107.11,住家用,鋼筋混凝土加強磚造,70年2月1日,二層,一層 二層 陽台 電梯樓梯間
RPPOMLRLJIJFFCQ09CA,,215.60,住家用,鋼筋混凝土造,103年9月29日,四層,一層 二層 三層 四層 見其他登記事項
RPPNMLNKKIJFFDQ68CA,31,147.93,住商用,鋼筋混凝土加強磚造,72年9月16日,三層,一層 二層 三層 電梯樓梯間
RPWNMLQLJIJFFDQ07CA,20,123.39,住家用,鋼筋混凝土造,84年3月1日,三層,一層 二層 三層
RPSNMLQJKIJFFDQ56CA,21,181.62,住家用,鋼筋混凝土造,82年6月29日,四層,一層 二層 三層 四層 見其他登記事項
RPQNMLQLJIJFFEQ56CA,34,81.30,住家用,鋼筋混凝土加強磚造,69年11月18日,二層,一層 二層
RPPNMLRLJIJFFDQ56DA,34,102.91,住家用,鋼筋混凝土加強磚造,70年5月1日,二層,一層 二層 騎樓 電梯樓梯間
RPRNMLQJKIJFFDQ09CA,21,86.01,集合住宅,鋼筋混凝土造,82年10月6日,九層,八層 陽台 花台
RPRNMLQJKIJFFDQ09CA,21,13.03,梯間,鋼筋混凝土造,82年10月6日,九層,
RPRNMLQJKIJFFDQ09CA,21,13.34,避難室、停車場,鋼筋混凝土造,82年10月6日,9,
RPVNMLKKKIJFFDQ98CA,22,302.11,住家用,鋼筋混凝土造,81年6月16日,三層,一層 二層 三層 陽台 電梯樓梯間
RPXNMLMJKIJFFDQ66CA,17,87.34,住房、集合住宅,鋼筋混凝土造,86年6月23日,七層,七層 陽台 花台
RPXNMLMJKIJFFDQ66CA,17,15.24,樓梯間室、機械室、水箱、瞭望台,鋼筋混凝土造,86年6月23日,七層,
RPXNMLMJKIJFFDQ66CA,17,21.65,見其他登記事項,鋼筋混凝土造,86年6月23日,七層,
RPTNMLOKKIJFFCQ09CA,21,172.10,住商用,鋼筋混凝土造,83年3月16日,三層,一層 二層 三層 平台 電梯樓梯間 見其他登記事項
RPUNMLRLJIJFFBQ76CA,7,292.97,集合住宅、停車空間,鋼筋混凝土造,97年4月8日,四層,一層 二層 三層 四層 地下一層 見其他登記事項
RPUNMLRLJIJFFBQ76CA,7,4.57,管理委員會室,鋼筋混凝土造,97年4月8日,三層,
RPUNMLRLJIJFFBQ76CA,7,28.56,停車空間,鋼筋混凝土造,97年4月8日,四層,
RPTNMLRLJIJFFCQ86DA,18,93.75,集合住宅,鋼筋混凝土造,85年12月20日,十一層,六層 陽台
RPTNMLRLJIJFFCQ86DA,18,17.91,共有部分,鋼筋混凝土造,85年12月20日,十一層,
RPTNMLRLJIJFFCQ86DA,18,12.19,共有部分,鋼筋混凝土造,85年12月20日,十一層,
RPQNMLMJKIJFFBQ38CA,13,19.51,住家用,鋼筋混凝土造,91年4月23日,四層,三層 陽台
RPQNMLMJKIJFFBQ38CA,13,1.85,共有部分,鋼筋混凝土造,91年4月23日,四層,
RPQNMLMJKIJFFBQ38CA,13,4.90,共有部分,鋼筋混凝土造,91年4月23日,四層,
RPRNMLLJKIJFFDQ68DA,37,89.92,住家用,鋼筋混凝土加強磚造,66年10月1日,二層,一層 二層
RPWNMLSLJIJFFEQ47DA,30,209.77,住商用,鋼筋混凝土造,74年4月30日,三層,一層 二層 三層 騎樓 電梯樓梯間
RPRNMLOJKIJFFCQ78CA,,186.10,停車空間、住宅、樓梯間,鋼筋混凝土造,103年9月1日,三層,一層 二層 三層 見其他登記事項 見其他登記事項
RPQNMLOJKIJFFCQ68CA,,185.00,停車空間、住宅、樓梯間,鋼筋混凝土造,103年9月1日,三層,一層 二層 三層 見其他登記事項 見其他登記事項
RPOOMLRLJIJFFDQ56DA,,179.76,門廊、住宅,鋼筋混凝土造,103年4月7日,三層,一層 二層 三層 陽台
RPPNMLQJKIJFFCQ78CA,36,176.29,住商用,鋼筋混凝土加強磚造,67年10月30日,三層,一層 二層 三層 騎樓 夾層
RPPNMLQJKIJFFCQ78CA,36,177.36,住商用,鋼筋混凝土加強磚造,67年10月30日,三層,一層 二層 三層 騎樓 夾層
RPOOMLLJKIJFFCQ48EA,17,161.27,住家用,鋼筋混凝土造,86年12月31日,三層,一層 二層 三層 電梯樓梯間 見其他登記事項
RPUNMLSLJIJFFDQ17DA,18,173.21,住商用,鋼筋混凝土造,86年2月5日,四層,一層 二層 三層 四層 陽台
RPSNMLSLJIJFFDQ96DA,1,151.95,門廊、住宅,鋼筋混凝土造,103年4月7日,三層,一層 二層 三層 陽台
RPXNMLSLJIJFFDQ47DA,20,187.38,住商用,鋼筋混凝土造,83年8月11日,三層,一層 二層 三層 地下層 見其他登記事項
RPQNMLNJKIJFFEQ98EA,22,38.83,住家用,鋼筋混凝土造,82年4月1日,十八層,十三層 陽台
RPQNMLNJKIJFFEQ98EA,22,1.75,守衛室．健身房．游泳池．防空避難室兼停車場,鋼筋混凝土造,82年4月1日,,
RPQNMLNJKIJFFEQ98EA,22,7.53,梯間,鋼筋混凝土造,82年4月1日,十八層,
RPVNMLLJKIJFFBQ78CA,26,159.55,住家用,鋼筋混凝土加強磚造,77年7月23日,二層,一層 二層 陽台 騎樓 電梯樓梯間
RPOOMLLJKIJFFBQ18CA,13,161.98,住家用,鋼筋混凝土造,91年3月5日,三層,一層 二層 三層 電梯樓梯間
RPPNMLMJKIJFFBQ28CA,,226.54,住宅、儲藏室、水箱,鋼筋混凝土造,103年6月25日,四層,一層 二層 三層 四層 陽台 見其他登記事項
RPXNMLPJKIJFFBQ76CA,19,70.66,住家用,鐵骨造,85年2月6日,二層,一層 二層
RPQNMLLJKIJFFBQ28CA,29,114.47,住家用,鋼筋混凝土加強磚造,75年1月8日,二層,一層 二層 騎樓 電梯樓梯間
RPPNMLLJKIJFFCQ28CA,,260.97,住家用,鋼筋混凝土造,103年8月13日,四層,一層 二層 三層 四層 見其他登記事項
RPQNMLLJKIJFFCQ38CA,,255.14,住家用,鋼筋混凝土造,103年8月13日,四層,一層 二層 三層 四層 見其他登記事項
RPTNMLLJKIJFFCQ68CA,,257.90,住家用,鋼筋混凝土造,103年8月13日,四層,一層 二層 三層 四層 見其他登記事項
RPRNMLLJKIJFFCQ48CA,,265.07,住家用,鋼筋混凝土造,103年8月13日,四層,一層 二層 三層 四層 見其他登記事項
RPUNMLLJKIJFFCQ78CA,,243.67,住家用,鋼筋混凝土造,103年8月13日,四層,一層 二層 三層 四層 見其他登記事項
RPVNMLLJKIJFFCQ88CA,,213.94,住家用,鋼筋混凝土造,103年8月13日,四層,一層 二層 三層 四層 見其他登記事項
RPWNMLLJKIJFFCQ98CA,,109.50,住家用,鋼筋混凝土造,103年8月13日,四層,一層 二層 三層 四層 見其他登記事項
RPWNMLLJKIJFFCQ98CA,,109.50,住家用,鋼筋混凝土造,103年8月13日,四層,一層 二層 三層 四層 見其他登記事項
RPPOMLMJKIJFFDQ68DA,,270.87,住宅、停車空間、樓梯間,鋼筋混凝土造,103年9月29日,四層,一層 二層 三層 四層 陽台 見其他登記事項
RPUNMLMJKIJFFDQ09DA,,234.57,住宅、停車空間、樓梯間,鋼筋混凝土造,103年9月29日,四層,一層 二層 三層 四層 陽台 見其他登記事項
RPTNMLMJKIJFFDQ98DA,,251.92,住宅、停車空間、樓梯間,鋼筋混凝土造,103年9月29日,四層,一層 二層 三層 四層 陽台 見其他登記事項
RPVNMLMJKIJFFDQ56DA,,235.91,住宅、停車空間、樓梯間,鋼筋混凝土造,103年9月29日,四層,一層 二層 三層 四層 陽台 見其他登記事項
RPWNMLMJKIJFFDQ66DA,,268.56,住宅、停車空間、樓梯間,鋼筋混凝土造,103年9月29日,四層,一層 二層 三層 四層 陽台 見其他登記事項
RPQNMLSJKIJFFCQ09CA,,180.13,住宅、樓梯間,鋼筋混凝土造,103年10月2日,三層,一層 二層 三層 見其他登記事項 見其他登記事項
RPUNMLSJKIJFFCQ86CA,,172.82,住宅、樓梯間,鋼筋混凝土造,103年10月2日,三層,一層 二層 三層 見其他登記事項 見其他登記事項
RPWNMLSJKIJFFCQ07CA,,188.39,住宅、樓梯間,鋼筋混凝土造,103年10月2日,三層,一層 二層 三層 見其他登記事項 見其他登記事項
RPSNMLSJKIJFFCQ66CA,,172.82,住宅、樓梯間,鋼筋混凝土造,103年10月2日,三層,一層 二層 三層 見其他登記事項 見其他登記事項
RPOOMLSJKIJFFCQ98CA,,199.54,住宅、樓梯間,鋼筋混凝土造,103年10月2日,三層,一層 二層 三層 見其他登記事項 見其他登記事項
RPTNMLSJKIJFFCQ76CA,,172.82,住宅、樓梯間,鋼筋混凝土造,103年10月2日,三層,一層 二層 三層 見其他登記事項 見其他登記事項
RPRNMLSJKIJFFCQ56CA,,172.82,住宅、樓梯間,鋼筋混凝土造,103年10月2日,三層,一層 二層 三層 見其他登記事項 見其他登記事項
RPXNMLSJKIJFFCQ17CA,,172.82,住宅、樓梯間,鋼筋混凝土造,103年10月2日,三層,一層 二層 三層 見其他登記事項 見其他登記事項
RPVNMLSJKIJFFCQ96CA,,172.82,住宅、樓梯間,鋼筋混凝土造,103年10月2日,三層,一層 二層 三層 見其他登記事項 見其他登記事項
RPROMLSJKIJFFCQ66CA,,179.66,住宅、樓梯間,鋼筋混凝土造,103年10月2日,三層,一層 二層 三層 見其他登記事項 見其他登記事項
RPQOMLSJKIJFFCQ56CA,,182.36,住宅、樓梯間,鋼筋混凝土造,103年10月2日,三層,一層 二層 三層 見其他登記事項 見其他登記事項
RPPOMLSJKIJFFCQ09CA,,200.88,住宅、樓梯間,鋼筋混凝土造,103年10月2日,三層,一層 二層 三層 見其他登記事項 見其他登記事項
RPSOMLSJKIJFFCQ76CA,,179.07,住宅、樓梯間,鋼筋混凝土造,103年10月2日,三層,一層 二層 三層 見其他登記事項 見其他登記事項
RPOOMLQJKIJFFDQ88CA,33,107.93,住家用,鋼筋混凝土加強磚造,70年7月31日,二層,一層 二層 騎樓
RPQNMLMJKIJFFCQ48CA,,194.21,住家用,鋼筋混凝土造,103年7月1日,三層,一層 二層 三層 見其他登記事項
RPUNMLPKKIJFFCQ66CA,21,408.84,住商用,鋼筋混凝土造,83年1月5日,四層,一層 二層 三層 四層 見其他登記事項
RPUNMLOKKIJFFCQ56CA,33,98.49,住家用,鋼筋混凝土加強磚造,71年2月22日,二層,一層 二層 騎樓 電梯樓梯間
RPSOMLRKKIJFFCQ76CA,21,133.56,住商用,鋼筋混凝土造,82年12月30日,三層,一層 二層 三層 電梯樓梯間 見其他登記事項
RPQNMLNKKIJFFCQ68CA,20,91.81,集合住宅,鋼筋混凝土造,83年8月8日,十一層,九層 陽台
RPQNMLNKKIJFFCQ68CA,20,14.48,共有部分,鋼筋混凝土造,83年8月8日,十一層,
RPQNMLNKKIJFFCQ68CA,20,19.30,共有部分,鋼筋混凝土造,83年8月8日,十一層,
RPRNMLSKKIJFFDQ76CA,4,200.90,住商用,鋼筋混凝土造,99年12月28日,四層,一層 二層 三層 四層 陽台
RPRNMLMLKIJFFDQ88CA,34,97.44,住家用,鋼筋混凝土加強磚造,69年8月20日,二層,一層 二層
RPVNMLRKKIJFFDQ07CA,20,153.36,住家用,鋼筋混凝土造,83年8月11日,三層,一層 二層 三層 陽台 電梯樓梯間 地下層
RPPNMLRLKIJFFCQ09CA,12,135.88,見其他登記事項,鋼筋混凝土造,91年7月25日,五層,
RPPNMLRLKIJFFCQ09CA,12,11.69,見其他登記事項,鋼筋混凝土造,91年7月25日,五層,
RPPNMLRLKIJFFCQ09CA,12,.68,見其他登記事項,鋼筋混凝土造,91年7月25日,五層,
RPPOMLPJKIJFFCQ98EA,25,216.09,住家用,鋼筋混凝土造,79年4月6日,四層,一層 二層 三層 四層 夾層
RPWNMLLJKIJFFDQ56DA,36,105.59,住商用,鋼筋混凝土加強磚造,68年4月25日,二層,一層 二層 騎樓 夾層
RPQNMLOJKIJFFBQ58CA,82,247.94,住商用,木造,22年1月1日,一層,一層
RPQNMLTJKIJFFBQ09CA,,252.85,住家用,鋼筋混凝土造,103年9月5日,四層,一層 二層 三層 四層 陽台
RPSNMLLKKIJFFCQ68CA,1,170.24,住宅、樓梯間,鋼筋混凝土造,103年4月10日,三層,一層 二層 三層 見其他登記事項 見其他登記事項
RPVOMLSJKIJFFCQ07CA,,187.43,住宅、樓梯間,鋼筋混凝土造,103年10月2日,三層,一層 二層 三層 見其他登記事項 見其他登記事項
RPTOMLSJKIJFFCQ86CA,,182.40,住宅、樓梯間,鋼筋混凝土造,103年10月2日,三層,一層 二層 三層 見其他登記事項 見其他登記事項
RPUOMLSJKIJFFCQ96CA,,186.38,住宅、樓梯間,鋼筋混凝土造,103年10月2日,三層,一層 二層 三層 見其他登記事項 見其他登記事項
RPSNMLNJKIJFFDQ88CA,,183.26,住宅、樓梯間,鋼筋混凝土造,103年7月17日,三層,一層 二層 三層 陽台 見其他登記事項
RPQNMLPJKIJFFCQ78CA,29,104.82,住家用,鋼筋混凝土加強磚造,74年7月17日,二層,一層 二層 騎樓 電梯樓梯間
RPQNMLQJKIJFFCQ88CA,34,96.62,住家用,鋼筋混凝土加強磚造,70年2月12日,二層,一層 二層 電梯樓梯間
RPQNMLNJKIJFFCQ58CA,,158.28,住宅、水塔,鋼筋混凝土造,103年9月29日,三層,一層 二層 三層 見其他登記事項 見其他登記事項
RPUNMLPJKIJFFBQ09CA,20,83.75,住家用,鋼筋混凝土造,83年9月10日,十二層,二層 陽台
RPSNMLSJKIJFFDQ86DA,9,16.19,見其他登記事項,鋼筋混凝土造,94年8月15日,五層,四層
RPSOMLQLKIJFFCQ76CA,34,108.95,住家用,鋼筋混凝土加強磚造,69年10月30日,二層,一層 二層 騎樓
RPQNMLLKKIJFFCQ68EA,12,100.16,見其他登記事項,鋼筋混凝土造,91年7月25日,五層,
RPQNMLLKKIJFFCQ68EA,12,12.64,見其他登記事項,鋼筋混凝土造,91年7月25日,五層,
RPQNMLLKKIJFFCQ68EA,12,33.34,停車空間,鋼筋混凝土造,91年7月25日,五層,
RPVNMLLKKIJFFCQ56EA,1,205.26,住宅、樓梯間,鋼筋混凝土造,102年11月4日,三層,一層 二層 三層 見其他登記事項 見其他登記事項
RPWNMLLKKIJFFCQ66EA,1,205.43,停車空間、店鋪、住宅,鋼筋混凝土造,102年11月4日,四層,一層 二層 三層 四層 見其他登記事項
RPVNMLPJKIJFFBQ56CA,18,171.33,住家用,鋼筋混凝土造,85年8月15日,十四層,七層 八層 陽台 露台
RPSNMLTKKIJFFCQ86CA,22,148.77,住家用,鋼筋混凝土造,81年6月30日,三層,一層 二層 三層 電梯樓梯間
RPSNMLKLKIJFFCQ68CA,26,177.86,住家用,加強磚造,77年6月15日,二層,一層 二層 電梯樓梯間
RPQNMLPJKIJFFBQ68CA,52,120.36,住商用,磚造,52年4月10日,二層,一層 二層 騎樓
RPVNMLSJKIJFFDQ07CA,9,16.15,見其他登記事項,鋼筋混凝土造,94年8月15日,五層,五層
RPVNMLSJKIJFFDQ07CA,9,7.19,見其他登記事項,鋼筋混凝土造,94年8月15日,五層,
RPXNMLMLKIJFFDQ86CA,9,145.57,住家用,鋼筋混凝土造,94年6月10日,三層,一層 二層 三層 見其他登記事項
RPTNMLMLKIJFFDQ09CA,20,198.57,住家用,鋼筋混凝土造,84年5月18日,四層,一層 二層 三層 四層 見其他登記事項
RPPNMLTJKIJFFBQ09DA,27,274.29,住宅、避難室,鋼筋混凝土造,76年12月3日,三層,一層 二層 三層 騎樓 電梯樓梯間 地下層
RPUNMLPJKIJFFDQ66CA,20,149.19,住商用,鋼筋混凝土造,83年10月12日,七層,一層 二層 三層 見其他登記事項
RPUNMLPJKIJFFDQ66CA,20,3.41,梯間,鋼筋混凝土造,83年10月12日,七層,
RPUNMLPJKIJFFDQ66CA,20,12.47,停車場、防空避難室,鋼筋混凝土造,83年10月12日,七層,
RPROMLQKKIJFFDQ66CA,30,130.35,住家用,鋼筋混凝土加強磚造,74年2月7日,三層,一層 二層 三層
RPTPMLSJKIJFFCQ96CA,19,64.72,見其他登記事項,鋼筋混凝土造,84年5月29日,四層,二層
RPTPMLSJKIJFFCQ96CA,19,20.16,共有部分,鋼筋混凝土造,84年5月29日,四層,
RPPPMLSJKIJFFCQ56CA,,219.01,住家用,鋼筋混凝土造,103年8月13日,四層,一層 二層 三層 四層 見其他登記事項
RPSNMLPJKIJFFBQ88CA,21,248.40,農舍,鋼造,82年10月22日,一層,一層
RPQPMLSJKIJFFCQ66CA,,219.01,住家用,鋼筋混凝土造,103年8月13日,四層,一層 二層 三層 四層 見其他登記事項
RPPNMLOLKIJFFCQ98EA,31,87.46,住家用,鋼筋混凝土加強磚造,72年8月19日,二層,一層 二層 電梯樓梯間
RPRNMLQKKIJFFBQ98CA,,294.25,集合住宅,鋼筋混凝土造,103年10月24日,三層,一層 二層 三層 陽台
RPRNMLQKKIJFFBQ98CA,,294.25,集合住宅,鋼筋混凝土造,103年10月24日,三層,一層 二層 三層 陽台
RPRNMLQKKIJFFBQ98CA,,294.25,集合住宅,鋼筋混凝土造,103年10月24日,三層,一層 二層 三層 陽台
RPRNMLQKKIJFFBQ98CA,,294.25,集合住宅,鋼筋混凝土造,103年10月24日,三層,一層 二層 三層 陽台
RPRNMLQKKIJFFBQ98CA,,294.25,集合住宅,鋼筋混凝土造,103年10月24日,三層,一層 二層 三層 陽台
RPRNMLQKKIJFFBQ98CA,,294.25,集合住宅,鋼筋混凝土造,103年10月24日,三層,一層 二層 三層 陽台
RPRNMLQKKIJFFBQ98CA,,294.25,集合住宅,鋼筋混凝土造,103年10月24日,三層,一層 二層 三層 陽台
RPRNMLQKKIJFFBQ98CA,,294.25,集合住宅,鋼筋混凝土造,103年10月24日,三層,一層 二層 三層 陽台
RPRNMLQKKIJFFBQ98CA,,294.25,集合住宅,鋼筋混凝土造,103年10月24日,三層,一層 二層 三層 陽台
RPRNMLQKKIJFFBQ98CA,,294.25,集合住宅,鋼筋混凝土造,103年10月24日,三層,一層 二層 三層 陽台
RPRNMLQKKIJFFBQ98CA,,294.25,集合住宅,鋼筋混凝土造,103年10月24日,三層,一層 二層 三層 陽台
RPWOMLSJKIJFFCQ17CA,,172.82,住宅、樓梯間,鋼筋混凝土造,103年10月2日,三層,一層 二層 三層 見其他登記事項 見其他登記事項
RPRNMLQKKIJFFBQ98CA,,294.25,集合住宅,鋼筋混凝土造,103年10月24日,三層,一層 二層 三層 陽台
RPRNMLQKKIJFFBQ98CA,,294.25,集合住宅,鋼筋混凝土造,103年10月24日,三層,一層 二層 三層 陽台
RPOPMLSJKIJFFCQ09CA,,219.01,住家用,鋼筋混凝土造,103年8月13日,四層,一層 二層 三層 四層 見其他登記事項
RPVNMLOKKIJFFCQ66CA,18,98.63,國民住宅,鋼筋混凝土造,85年11月15日,五層,四層 陽台
RPVNMLOKKIJFFCQ66CA,18,.52,共有部分,鋼筋混凝土造,85年11月15日,地下二層,
RPVNMLOKKIJFFCQ66CA,18,9.83,共有部分,鋼筋混凝土造,85年11月15日,五層,
RPPNMLSJKIJFFDQ09CA,19,171.45,住商用,鋼筋混凝土造,84年12月14日,三層,一層 二層 三層 見其他登記事項
RPTNMLPJKIJFFDQ56CA,34,109.12,住家用,鋼筋混凝土加強磚造,69年7月5日,二層,一層 二層 騎樓 電梯樓梯間
RPVNMLTJKIJFFCQ07CA,1,211.41,住宅、樓梯間,鋼筋混凝土造,103年2月24日,三層,一層 二層 三層 見其他登記事項 見其他登記事項
RPOOMLMLKIJFFDQ68CA,22,128.32,住家用,鋼筋混凝土造,81年5月25日,四層,一層 二層 三層 四層
RPUNMLTJKIJFFDQ07CA,37,116.45,住家用,鋼筋混凝土加強磚造,66年5月30日,二層,一層 二層 騎樓
RPQNMLKKKIJFFCQ48DA,33,86.60,住商用,鋼筋混凝土加強磚造,70年12月5日,二層,一層 二層 電梯樓梯間
RPQNMLMLKIJFFDQ78CA,33,84.88,住家用,鋼筋混凝土加強磚造,70年6月2日,二層,一層 二層
RPXNMLLKKIJFFCQ56CA,34,100.57,住家用,鋼筋混凝土加強磚造,70年2月10日,二層,一層 二層 電梯樓梯間
RPSOMLQKKIJFFCQ66CA,37,91.20,住家用,鋼筋混凝土加強磚造,66年12月30日,二層,一層 二層 騎樓
RPRNMLTJKIJFFBQ56CA,7,238.90,集合住宅、停車空間,鋼筋混凝土造,97年4月8日,四層,一層 二層 三層 四層 地下一層 見其他登記事項
RPRNMLTJKIJFFBQ56CA,7,3.89,管理委員會室,鋼筋混凝土造,97年4月8日,三層,
RPRNMLTJKIJFFBQ56CA,7,24.34,停車空間,鋼筋混凝土造,97年4月8日,四層,
RPSNMLTJKIJFFCQ96EA,15,173.52,住商用,鋼筋混凝土造,88年9月13日,四層,一層 二層 三層 四層
RPPNMLKKKIJFFDQ48DA,23,110.69,住家用,鋼筋混凝土造,80年7月4日,三層,一層 二層 三層
RPPNMLQLKIJFFCQ98CA,,217.55,住家用,鋼筋混凝土造,103年8月13日,四層,一層 二層 三層 四層 見其他登記事項
RPWNMLTJKIJFFDQ37DA,19,60.61,集合住宅,鋼筋混凝土造,84年12月27日,五層,一層 平台
RPWNMLTJKIJFFDQ37DA,19,12.19,樓梯間、停車空間,鋼筋混凝土造,84年12月27日,五層,
RPPNMLNLKIJFFCQ68CA,1,167.90,住宅、樓梯間,鋼筋混凝土造,103年2月6日,三層,一層 二層 三層 見其他登記事項 見其他登記事項
RPXNMLOKKIJFFCQ86CA,,197.02,住宅、樓梯間,鋼筋混凝土造,103年7月14日,三層,一層 二層 三層 見其他登記事項 見其他登記事項
RPRNMLLKKIJFFDQ68CA,20,60.00,住家用,木造,83年12月14日,二層,一層 二層
RPUNMLKKKIJFFDQ88CA,,171.12,停車空間、住宅,鋼筋混凝土造,103年4月21日,四層,一層 二層 三層 四層 見其他登記事項
RPTNMLTJKIJFFDQ96CA,9,179.13,集合住宅、停車空間,鋼筋混凝土造,95年2月16日,四層,一層 二層 三層 四層 見其他登記事項
RPTNMLTJKIJFFDQ96CA,9,1.59,門廳、遊憩設施,鋼筋混凝土造,94年8月26日,三層,
RPTNMLTJKIJFFDQ96CA,9,5.08,門廳、遊憩設施、機械空間、梯間、游泳池,鋼筋混凝土造,94年8月26日,二層,
RPSNMLLKKIJFFEQ88CA,20,143.89,住家用,鋼筋混凝土造,83年7月21日,三層,一層 二層 三層 電梯樓梯間
RPTNMLSKKIJFFBQ86DA,20,71.64,住家用,鋼筋混凝土造,83年9月10日,十三層,十三層 陽台
RPWNMLTKKIJFFDQ37CA,34,126.24,住商用,鋼筋混凝土加強磚造,70年1月21日,二層,一層 二層 電梯樓梯間
RPVNMLNLKIJFFDQ76CA,29,108.38,住家用,鋼筋混凝土加強磚造,75年2月5日,二層,一層 二層 電梯樓梯間
RPPNMLLKKIJFFCQ38CA,12,135.26,住家用,鋼筋混凝土造,91年10月25日,三層,一層 二層 三層 見其他登記事項
RPOOMLLKKIJFFCQ38CA,12,87.11,見其他登記事項,鋼筋混凝土造,91年7月25日,五層,
RPUNMLMKKIJFFCQ09DA,20,97.42,集合住宅,鋼筋混凝土造,83年8月8日,十一層,五層 陽台
RPOOMLQLKIJFFCQ98CA,,196.50,停車空間、住宅、樓梯間,鋼筋混凝土造,103年10月13日,三層,一層 二層 三層 見其他登記事項 見其他登記事項
RPWNMLPJJHKFFDQ76CA,19,149.19,住家用,鋼筋混凝土造,84年12月14日,三層,一層 二層 三層 見其他登記事項
RPPOMLPJJHKFFDQ78CA,,207.15,住家用,鋼筋混凝土,103年5月6日,三層,一層 二層 三層 陽台 見其他登記事項
RPQNMLRLKIJFFDQ66CA,16,124.21,住家用,鋼筋混凝土造,87年11月24日,三層,一層 二層 三層 陽台 平台
RPXNMLOLKIJFFDQ07CA,8,225.11,店舖、住宅、停車空間、樓梯間,鋼筋混凝土造,96年2月8日,四層,一層 二層 三層 四層 見其他登記事項 見其他登記事項
RPVNMLLKKIJFFDQ56DA,36,70.31,住家用,鋼筋混凝土加強磚造,68年1月15日,二層,一層 二層
RPPNMLPKKIJFFEQ09DA,30,170.73,住房、梯間,鋼筋混凝土造,74年4月30日,三層,一層 二層 三層 屋頂突出物
RPPNMLMKKIJFFDQ68DA,21,73.06,集合住宅,鋼筋混凝土造,82年10月6日,九層,四層 陽台 花台
RPWNMLRKKIJFFCQ27EA,33,99.20,住家用,鋼筋混凝土加強磚造,70年12月15日,二層,一層 二層 騎樓 電梯樓梯間
RPUNMLMKKIJFFBQ88CA,34,104.48,住家用,鋼筋混凝土加強磚造,69年7月9日,二層,一層 二層
RPQNMLKLKIJFFCQ48CA,27,140.54,住家用,加強磚造,77年2月27日,二層,一層 二層 騎樓 電梯樓梯間
RPRNMLKLKIJFFCQ58CA,22,83.63,住家用,鋼筋混凝土造,81年11月30日,五層,五層 陽台
RPRNMLKLKIJFFCQ58CA,22,8.46,共有部分,鋼筋混凝土造,81年11月30日,地下層,
RPRNMLKLKIJFFCQ58CA,22,6.94,共有部分,鋼筋混凝土造,81年11月30日,五層,
RPSNMLPKKIJFFCQ09CA,,213.94,住家用,鋼筋混凝土造,103年8月13日,四層,一層 二層 三層 四層 見其他登記事項
RPPNMLPKKIJFFDQ88CA,19,142.56,住家用,鋼筋混凝土造,84年11月11日,三層,一層 二層 三層 見其他登記事項
RPRNMLMKKIJFFDQ78CA,35,114.28,住家用,鋼筋混凝土加強磚造,69年2月12日,二層,一層 二層 電梯樓梯間
RPROMLQKKIJFFCQ66DA,2,141.70,住家用,鋼筋混凝土造,101年9月12日,三層,一層 二層 三層 見其他登記事項
RPUNMLPLKIJFFDQ86CA,35,131.56,住家用,鋼筋混凝土加強磚造,69年3月18日,二層,一層 二層 見其他登記事項
RPVNMLTLKIJFFCQ27CA,35,100.86,住家用,鋼筋混凝土加強磚造,68年11月6日,二層,一層 二層
RPRNMLRLKIJFFCQ66CA,20,175.74,住家用,鋼筋混凝土造,83年10月20日,四層,一層 二層 三層 四層 平台 見其他登記事項
RPPNMLSKKIJFFCQ66EA,22,85.07,住家用,鋼筋混凝土造,81年11月30日,五層,三層 陽台
RPVNMLQKKIJFFDQ07DA,22,233.88,廠房、辦公室、員工宿舍,鋼筋混凝土造,82年3月17日,三層,一層 二層 三層 見其他登記事項
RPPNMLSLKIJFFBQ09CA,8,19.19,住家用,鋼筋混凝土造,95年8月28日,八層,六層 陽台
RPRNMLQKKIJFFDQ66DA,25,122.86,農舍,磚造,78年8月10日,一層,一層
RPRNMLOKKIJFFDQ09DA,15,88.09,見其他登記事項,鋼筋混凝土造,88年5月31日,五層,
RPRNMLOKKIJFFDQ09DA,15,10.94,見其他登記事項,鋼筋混凝土造,88年5月31日,五層,
RPRNMLOKKIJFFDQ09DA,15,.80,見其他登記事項,鋼筋混凝土造,88年5月31日,一層,
RPRNMLPKKIJFFCQ56EA,33,109.77,住家用,鋼筋混凝土加強磚造,70年11月16日,二層,一層 二層 騎樓 電梯樓梯間
RPTNMLPLKIJFFDQ76CA,34,142.60,農舍,加強磚造,69年7月1日,二層,一層 二層 騎樓
RPQNMLSKKIJFFDQ66CA,16,132.56,見其他登記事項,鋼筋混凝土造,88年5月31日,三層,
RPROMLNLKIJFFDQ09CA,33,102.90,住家用,加強磚造,70年10月1日,二層,一層 二層
RPQNMLQKKIJFFBQ98DA,32,91.52,住商用,鋼筋混凝土加強磚造,72年4月9日,二層,一層 二層
RPUNMLRKKIJFFBQ86DA,18,124.92,住家用,鋼筋混凝土造,85年8月15日,十四層,三層 陽台
RPUNMLRKKIJFFBQ86DA,18,48.16,梯間、防空避難室、機械室、水塔牌樓兼停車空間,鋼筋混凝土造,85年8月15日,十四層,
RPROMLRKKIJFFBQ56CA,8,15.06,住家用,鋼筋混凝土造,95年8月28日,八層,三層 陽台
RPROMLRKKIJFFBQ56CA,8,4.20,共有部分,鋼筋混凝土造,95年8月28日,,
RPROMLRKKIJFFBQ56CA,8,5.78,共有部分,鋼筋混凝土造,95年8月28日,,
RPQNMLRLKIJFFBQ09CA,19,125.05,住家用,鋼筋混凝土造,85年5月25日,十層,二層 陽台
RPQNMLRLKIJFFBQ09CA,19,12.66,電樓梯間,鋼筋混凝土造,85年5月25日,十層,
RPQNMLRLKIJFFBQ09CA,19,25.91,防空避難室兼停車場,鋼筋混凝土造,85年5月25日,十層,
RPQNMLQLKIJFFBQ98CA,33,91.08,住家用,鋼筋混凝土加強磚造,70年8月28日,二層,一層 二層
RPSNMLRLKIJFFCQ76CA,33,96.98,住家用,鋼筋混凝土加強磚造,71年3月15日,二層,一層 二層 陽台
RPVNMLPKKIJFFCQ76CA,1,178.59,住宅、停車空間,鋼筋混凝土造,102年10月29日,三層,一層 二層 三層 陽台
RPXNMLSKKIJFFCQ47EA,35,102.90,住家用,鋼筋混凝土加強磚造,68年11月6日,二層,一層 二層
RPQNMLMJJHKFFCQ38CA,22,80.90,住家用,鋼筋混凝土造,81年11月30日,五層,二層 陽台
RPQNMLMJJHKFFCQ38CA,22,7.62,共有部分,鋼筋混凝土造,81年11月30日,地下層,
RPQNMLMJJHKFFCQ38CA,22,6.94,共有部分,鋼筋混凝土造,81年11月30日,五層,
RPVNMLPJJHKFFDQ76DA,2,151.00,,鋼筋混凝土造,102年1月18日,三層,一層 二層 三層 陽台
RPVNMLTJJHKFFDQ07CA,35,118.34,住商用,鋼筋混凝土加強磚造,69年1月12日,二層,一層 二層 騎樓 電梯樓梯間
RPWNMLTJJHKFFDQ17CA,34,96.88,住家用,鋼筋混凝土加強磚造,69年5月10日,二層,一層 二層 電梯樓梯間
RPPNMLNLKIJFFBQ58CA,21,114.01,住商用,鋼筋混凝土造,82年8月4日,三層,一層 二層 三層
RPQNMLNLKIJFFBQ68CA,21,114.01,住商用,鋼筋混凝土造,82年8月4日,三層,一層 二層 三層
RPSNMLTLKIJFFBQ86CA,11,192.00,集合住宅、停車空間,鋼筋混凝土造,93年3月26日,四層,一層 二層 三層 四層 陽台
RPSNMLTLKIJFFBQ86CA,11,5.48,社區遊憩設施,鋼筋混凝土造,93年3月26日,三層,
RPTNMLTJJHKFFCQ76CA,33,97.16,住家用,鋼筋混凝土加強磚造,70年9月23日,二層,一層 二層 陽台
RPXNMLRKKIJFFBQ07CA,7,335.39,集合住宅、停車空間,鋼筋混凝土造,97年4月8日,四層,一層 二層 三層 四層 地下一層 見其他登記事項
RPXNMLRKKIJFFBQ07CA,7,6.23,管理委員會室,鋼筋混凝土造,97年4月8日,三層,
RPXNMLRKKIJFFBQ07CA,7,38.95,停車空間,鋼筋混凝土造,97年4月8日,四層,
RPWNMLRKKIJFFBQ96CA,19,172.35,住家用,鋼筋混凝土加強磚造,85年5月7日,四層,一層 二層 三層 四層
RPPNMLSKKIJFFBQ98CA,,14.05,工業用,木造,,一層,一層
RPPNMLSKKIJFFBQ98CA,,7.56,住家用,木造,,一層,一層
RPSNMLLMKIJFFEQ09CA,31,75.01,住家用,鋼筋混凝土加強磚造,72年6月24日,一層,一層
RPPNMLQJJHKFFDQ78CA,38,91.28,住家用,鋼筋混凝土加強磚造,66年1月1日,二層,一層 二層
RPSNMLRKKIJFFDQ76CA,,142.66,住家用,鋼筋混凝土造,103年10月6日,三層,一層 二層 三層 陽台
RPTNMLSKKIJFFDQ96CA,9,190.95,見其他登記事項,鋼筋混凝土造,94年9月8日,四層,一層 二層 三層 四層
RPTNMLSKKIJFFDQ96CA,9,190.95,見其他登記事項,鋼筋混凝土造,94年9月8日,四層,一層 二層 三層 四層
RPQNMLPLKIJFFDQ09CA,18,179.39,住家用,鋼筋混凝土造,85年12月28日,四層,一層 二層 三層 四層 陽台
RPXNMLPLKIJFFDQ17CA,21,174.72,集合住宅,鋼筋混凝土造,82年8月6日,四層,一層 二層 三層 四層
RPWNMLNLKIJFFDQ86CA,33,89.63,住商用,鋼筋混凝土加強磚造,70年10月17日,二層,一層 二層 騎樓 電梯樓梯間
RPRNMLOLKIJFFDQ09CA,38,82.28,住家用,鋼筋混凝土加強磚造,65年8月21日,二層,一層 二層
RPPNMLTKKIJFFBQ09CA,26,159.55,住家用,鋼筋混凝土加強磚造,77年7月23日,二層,一層 二層 陽台 騎樓 電梯樓梯間
RPVNMLOLKIJFFCQ76CA,38,83.26,住家用,鋼筋混凝土加強磚造,65年9月1日,二層,一層 二層
RPPOMLQLKIJFFCQ09CA,,197.02,停車空間、住宅、樓梯間,鋼筋混凝土造,103年10月13日,三層,一層 二層 三層 見其他登記事項 見其他登記事項
RPVNMLTKKIJFFDQ37DA,20,157.31,集合住宅,鋼筋混凝土造,83年8月19日,七層,七層 陽台
RPVNMLTKKIJFFDQ37DA,20,21.52,防空避難室、樓梯間﹝共同使用﹞,鋼筋混凝土造,83年8月19日,七層,
RPVNMLTKKIJFFDQ37DA,20,10.90,停車場（共同使用）,鋼筋混凝土造,83年8月19日,七層,
RPPNMLMLKIJFFDQ78DA,35,105.76,住家用,鋼筋混凝土加強磚造,69年1月18日,二層,一層 二層 騎樓 電梯樓梯間
RPWNMLQLKIJFFCQ07CA,,196.85,停車空間、住宅、樓梯間,鋼筋混凝土造,103年10月13日,三層,一層 二層 三層 見其他登記事項 見其他登記事項
SPRNMLTLKIJFFBQ86CA,8,15.06,住家用,鋼筋混凝土造,95年8月28日,八層,四層 陽台
SPRNMLTLKIJFFBQ86CA,8,5.79,共有部分,鋼筋混凝土造,95年8月28日,,
SPRNMLTLKIJFFBQ86CA,8,4.40,共有部分,鋼筋混凝土造,95年8月28日,,
RPQOMLQLKIJFFCQ56CA,,213.98,停車空間、住宅、樓梯間,鋼筋混凝土造,103年10月13日,三層,一層 二層 三層 見其他登記事項 見其他登記事項
RPQNMLTKKIJFFBQ56CA,31,187.59,住商用,鋼筋混凝土加強磚造,73年4月26日,三層,一層 二層 三層 騎樓 電梯樓梯間
RPXNMLQLKIJFFCQ17CA,,196.52,停車空間、住宅、樓梯間,鋼筋混凝土造,103年10月13日,三層,一層 二層 三層 見其他登記事項 見其他登記事項
RPRNMLTLKIJFFBQ76CA,8,15.06,住家用,鋼筋混凝土造,95年8月28日,八層,四層 陽台
RPRNMLTLKIJFFBQ76CA,8,5.79,共有部分,鋼筋混凝土造,95年8月28日,,
RPRNMLTLKIJFFBQ76CA,8,4.40,共有部分,鋼筋混凝土造,95年8月28日,,
RPUNMLTKKIJFFBQ96CA,21,160.20,住商用,鋼筋混凝土加強磚造,82年7月8日,三層,一層 二層 三層 騎樓 電梯樓梯間
RPQNMLMLKIJFFBQ58CA,31,134.83,,鋼筋混凝土造,73年1月15日,二層,一層 二層 陽台 騎樓 電梯樓梯間
RPUNMLTKKIJFFCQ17DA,34,116.52,住家用,鋼筋混凝土加強磚造,69年6月1日,二層,一層 二層 騎樓 電梯樓梯間
RPPNMLPLKIJFFEQ09CA,36,102.11,住家用,鋼筋混凝土加強磚造,68年1月25日,二層,一層 二層
RPPNMLNLKIJFFDQ78CA,38,62.73,住家用,磚造,66年4月10日,一層,一層
RPSNMLTJJHKFFDQ76CA,10,16.26,見其他登記事項,鋼筋混凝土造,93年6月9日,五層,三層
RPSNMLTJJHKFFDQ76CA,10,4.65,見其他登記事項,鋼筋混凝土造,93年6月9日,五層,
RPQNMLLJJHKFFDQ38CA,19,184.43,住房、停車空間,鋼筋混凝土造,85年3月12日,五層,一層 二層 三層 四層 五層 見其他登記事項
RPSNMLTLKIJFFDQ07CA,15,10.93,見其他登記事項,鋼筋混凝土造,88年5月31日,五層,
RPSNMLTLKIJFFDQ07CA,15,87.78,見其他登記事項,鋼筋混凝土造,88年5月31日,五層,
RPSNMLTLKIJFFDQ07CA,15,.80,見其他登記事項,鋼筋混凝土造,88年5月31日,一層,
RPPNMLLJJHKFFDQ28CA,34,99.20,住家用,鋼筋混凝土加強磚造,69年8月6日,二層,一層 二層
RPQNMLNLKIJFFEQ56EA,33,71.47,住家用,磚造,70年10月8日,一層,一層
RPXNMLNLKIJFFDQ07DA,14,135.59,住家用,鋼筋混凝土加強磚造,89年9月15日,三層,一層 二層 三層 陽台
RPWNMLPLKIJFFCQ96CA,,192.84,住家用,鋼筋混凝土造,103年7月1日,三層,一層 二層 三層 見其他登記事項
RPPNMLQLKIJFFBQ88CA,1,136.63,住家用,鋼筋混凝土造,103年2月24日,三層,一層 二層 三層 見其他登記事項
RPPNMLQLKIJFFBQ88CA,1,136.63,住家用,鋼筋混凝土造,103年2月24日,三層,一層 二層 三層 見其他登記事項
RPPNMLOJJHKFFBQ38CA,19,175.49,住家用,鋼筋混凝土造,84年6月12日,三層,一層 二層 三層 陽台 電梯樓梯間
RPSOMLOLKIJFFDQ66CA,19,67.00,集合住宅,鋼筋混凝土造,84年12月27日,五層,一層 陽台
RPSOMLOLKIJFFDQ66CA,19,12.19,樓梯間、停車空間,鋼筋混凝土造,84年12月27日,五層,
RPQNMLRLKIJFFCQ66DA,8,152.40,住家用,鋼筋混凝土造,95年10月11日,三層,一層 二層 三層 見其他登記事項
RPWNMLPLKIJFFDQ07CA,30,109.22,住家用,磚造,74年3月20日,二層,一層 二層
RPSNMLOLKIJFFDQ56CA,16,66.28,見其他登記事項,鋼筋混凝土造,88年5月31日,三層,
RPSNMLOLKIJFFDQ56CA,16,66.28,見其他登記事項,鋼筋混凝土造,88年5月31日,三層,
RPTNMLOLKIJFFDQ66CA,21,158.55,住商用,鋼筋混凝土造,83年2月15日,三層,一層 二層 三層 見其他登記事項
RPQOMLMKJHKFFCQ58CA,1,170.62,住宅、樓梯間,鋼筋混凝土造,103年2月6日,三層,一層 二層 三層 見其他登記事項 見其他登記事項
RPUNMLTLKIJFFBQ07CA,32,143.70,住商用,鋼筋混凝土加強磚造,71年7月24日,三層,一層 二層 三層 騎樓 電梯樓梯間
RPVNMLRLKIJFFBQ96CA,33,214.64,住商用,鋼筋混凝土加強磚造,70年10月28日,三層,一層 二層 三層 騎樓 電梯樓梯間
RPPNMLOLKIJFFDQ98DA,35,73.04,住家用,鋼筋混凝土加強磚造,68年10月20日,一層,一層
RPQNMLOLKIJFFDQ09DA,34,103.87,住家用,鋼筋混凝土加強磚造,70年6月3日,二層,一層 二層 電梯樓梯間
RPPNMLMJJHKFFDQ38CA,21,175.89,住家用,鋼筋混凝土造,82年7月20日,四層,一層 二層 三層 四層 見其他登記事項
RPSNMLQLKIJFFCQ86EA,32,115.16,住家用,鋼筋混凝土加強磚造,71年12月4日,二層,一層 二層 騎樓 電梯樓梯間
RPPNMLNKJHKFFDQ58CA,21,182.38,住商用,鋼筋混凝土造,82年9月7日,三層,一層 二層 三層
RPPNMLPLKIJFFDQ09DA,16,217.33,店舖　集合住宅,鋼筋混凝土造,88年3月29日,五層,一層 二層 三層 四層 五層 陽台
RPRNMLTLKIJFFDQ07DA,20,223.15,住家用,鋼筋混凝土造,84年3月13日,三層,一層 二層 三層 見其他登記事項
RPQNMLQLKIJFFCQ09CA,,294.98,住家用,鋼筋混凝土造,103年8月13日,四層,一層 二層 三層 四層 見其他登記事項
RPTNMLLMKIJFFEQ56CA,22,119.58,住家用,鋼筋混凝土造,82年4月1日,十九層,九層 陽台
RPTNMLLMKIJFFEQ56CA,22,5.61,守衛室．健身房．游泳池．防空避難室兼停車場,鋼筋混凝土造,82年4月1日,,
RPTNMLLMKIJFFEQ56CA,22,19.95,梯間,鋼筋混凝土造,82年4月1日,十九層,
RPUNMLRLKIJFFDQ07CA,9,16.15,見其他登記事項,鋼筋混凝土造,94年8月15日,五層,四層
RPQNMLQKJHKFFBQ78CA,26,159.55,住家用,鋼筋混凝土加強磚造,77年7月23日,二層,一層 二層 陽台 騎樓 電梯樓梯間
RPPOMLNKJHKFFBQ48CA,1,148.06,住宅、樓梯間,鋼筋混凝土造,102年7月15日,三層,一層 二層 三層 陽台 見其他登記事項
RPWNMLKMKIJFFCQ56CA,18,92.81,集合住宅,鋼筋混凝土造,85年12月20日,十一層,六層 陽台
RPUNMLQJJHKFFDQ66CA,21,136.67,住家用,鋼筋混凝土造,82年12月13日,四層,一層 二層 三層 四層
RPQNMLKKJHKFFCQ28CA,20,170.95,住家用,鋼筋混凝土造,83年9月13日,四層,一層 二層 三層 四層 見其他登記事項
RPUNMLKMKIJFFCQ56EA,35,133.70,住商用,鋼筋混凝土加強磚造,68年6月21日,二層,一層 二層 騎樓 電梯樓梯間
RPPNMLKMKIJFFCQ48CA,20,194.14,住家用,鋼筋混凝土造,83年9月5日,四層,一層 二層 三層 四層 電梯樓梯間 夾層 見其他登記事項
RPSNMLKMKIJFFCQ78CA,1,156.96,住家用,鋼筋混凝土造,103年5月26日,三層,一層 二層 三層 見其他登記事項
RPTNMLMJJHKFFCQ68CA,12,68.95,見其他登記事項,鋼筋混凝土造,91年7月25日,五層,
RPTNMLMJJHKFFCQ68CA,12,11.73,見其他登記事項,鋼筋混凝土造,91年7月25日,五層,
RPTNMLMJJHKFFCQ68CA,12,.60,見其他登記事項,鋼筋混凝土造,91年7月25日,五層,
RPSNMLTLKIJFFCQ96CA,13,125.47,住家用,鋼筋混凝土造,91年1月14日,三層,
RPUNMLMJJHKFFCQ78CA,12,65.73,見其他登記事項,鋼筋混凝土造,91年7月25日,五層,
RPUNMLMJJHKFFCQ78CA,12,11.73,見其他登記事項,鋼筋混凝土造,91年7月25日,五層,
RPUNMLMJJHKFFCQ78CA,12,.60,見其他登記事項,鋼筋混凝土造,91年7月25日,五層,
RPQNMLTLKIJFFBQ66CA,21,139.88,住家用,鋼筋混凝土加強磚造,83年5月9日,三層,一層 二層 三層 陽台 電梯樓梯間
RPQNMLKMKIJFFBQ48CA,8,15.06,住家用,鋼筋混凝土造,95年8月28日,八層,五層 陽台
RPQNMLKMKIJFFBQ48CA,8,5.78,共有部分,鋼筋混凝土造,95年8月28日,,
RPQNMLKMKIJFFBQ48CA,8,4.20,共有部分,鋼筋混凝土造,95年8月28日,,
RPRNMLQJJHKFFEQ09CA,,203.72,住家用,鋼筋混凝土造,103年6月4日,四層,一層 二層 三層 四層 陽台
RPSNMLQJJHKFFEQ56CA,,203.72,住家用,鋼筋混凝土造,103年6月4日,四層,一層 二層 三層 四層 陽台
RPPNMLKMKIJFFDQ58CA,21,158.48,住家用,鋼筋混凝土加強磚造,82年9月27日,三層,一層 二層 三層 電梯樓梯間
RPUNMLKMKIJFFDQ09CA,2,167.89,停車空間、住宅、樓梯間,鋼筋混凝土造,101年11月22日,三層,一層 二層 三層 陽台 見其他登記事項
RPRNMLPJJHKFFDQ88CA,20,175.41,住家用,鋼筋混凝土造,83年8月11日,三層,一層 二層 三層 陽台 電梯樓梯間 地下層
RPSNMLLMKIJFFDQ98CA,35,77.99,住家用,鋼筋混凝土加強磚造,68年11月25日,二層,一層 二層
RPSNMLNKJHKFFBQ68CA,11,195.81,集合住宅、停車空間,鋼筋混凝土造,93年3月26日,四層,一層 二層 三層 四層 陽台
RPSNMLNKJHKFFBQ68CA,11,5.48,社區遊憩設施,鋼筋混凝土造,93年3月26日,三層,
RPUNMLTLKIJFFCQ17CA,25,145.07,住家用,鋼筋混凝土加強磚造,78年12月14日,三層,一層 二層 三層 電梯樓梯間
RPWNMLTLKIJFFCQ37CA,39,71.50,住家用,鋼筋混凝土加強磚造,65年5月19日,二層,一層 二層
RPUNMLTJJHKFFBQ76CA,35,326.87,店舖、住房,鋼筋混凝土造,68年11月21日,四層,一層 二層 三層 四層 騎樓
RPPNMLQJJHKFFCQ68CA,,168.29,住宅、樓梯間,鋼筋混凝土造,103年11月13日,三層,一層 二層 三層 見其他登記事項 見其他登記事項
RPQNMLQJJHKFFCQ78CA,,172.86,住宅、樓梯間,鋼筋混凝土造,103年11月13日,三層,一層 二層 三層 見其他登記事項 見其他登記事項
RPTNMLPJJHKFFCQ98CA,13,125.47,住家用,鋼筋混凝土造,91年1月14日,三層,
RPRNMLQJJHKFFCQ88CA,,172.86,住宅、樓梯間,鋼筋混凝土造,103年11月13日,三層,一層 二層 三層 見其他登記事項 見其他登記事項
RPSNMLPKJHKFFCQ98CA,20,154.40,住商用,鋼筋混凝土造,83年8月18日,三層,一層 二層 三層 電梯樓梯間 見其他登記事項
RPSNMLQJJHKFFCQ98CA,,190.71,住宅、樓梯間,鋼筋混凝土造,103年11月13日,三層,一層 二層 三層 見其他登記事項 見其他登記事項
RPVNMLQJJHKFFCQ66CA,,193.48,住宅、樓梯間,鋼筋混凝土造,103年11月13日,三層,一層 二層 三層 見其他登記事項 見其他登記事項
RPXNMLLLJHKFFCQ56CA,,248.99,住家用,鋼筋混凝土造,103年9月9日,四層,一層 二層 三層 四層 見其他登記事項
RPPNMLSJJHKFFCQ88CA,19,22.87,住家用,鋼筋混凝土造,84年8月15日,五層,三層
RPPNMLSJJHKFFCQ88CA,19,9.18,共有部分,鋼筋混凝土造,84年8月15日,五層,
RPPNMLSJJHKFFCQ88CA,19,22.87,住家用,鋼筋混凝土造,84年8月15日,五層,三層
RPTNMLQJJHKFFCQ09CA,,197.04,住宅、樓梯間,鋼筋混凝土造,103年11月13日,三層,一層 二層 三層 見其他登記事項 見其他登記事項
RPUNMLQJJHKFFCQ56CA,,181.38,住宅、樓梯間,鋼筋混凝土造,103年11月13日,三層,一層 二層 三層 見其他登記事項 見其他登記事項
RPPOMLPJJHKFFCQ68CA,,164.85,住家用,鋼筋混凝土造,103年8月15日,三層,一層 二層 三層 見其他登記事項
RPTNMLKMKIJFFBQ78CA,20,153.94,住商用,鋼筋混凝土加強磚造,83年9月16日,四層,一層 二層 三層 四層
RPVNMLKMKIJFFBQ98CA,1,179.34,住宅、樓梯間,鋼筋混凝土造,103年3月25日,三層,一層 二層 三層 見其他登記事項 見其他登記事項
RPRNMLTJJHKFFCQ56CA,33,94.60,住家用,鋼筋混凝土加強磚造,70年9月23日,二層,一層 二層 陽台
RPOOMLSJJHKFFDQ98CA,24,144.90,住商用,鋼筋混凝土造,79年11月28日,三層,一層 二層 三層 電梯樓梯間
RPQNMLKMKIJFFDQ68CA,19,66.50,集合住宅,鋼筋混凝土造,84年12月27日,五層,四層 陽台
RPQNMLKMKIJFFDQ68CA,19,12.08,樓梯間、停車空間,鋼筋混凝土造,84年12月27日,五層,
RPXNMLPJJHKFFDQ86CA,33,112.62,住商用,鋼筋混凝土加強磚造,70年6月25日,二層,一層 二層 電梯樓梯間
RPRNMLLMKIJFFEQ98CA,33,113.32,住家用,鋼筋混凝土加強磚造,70年12月29日,二層,一層 二層 騎樓 電梯樓梯間
RPSNMLLMKIJFFBQ78CA,7,284.31,集合住宅、停車空間,鋼筋混凝土造,97年4月8日,四層,一層 二層 三層 四層 地下一層 見其他登記事項
RPSNMLLMKIJFFBQ78CA,7,4.62,管理委員會室,鋼筋混凝土造,97年4月8日,三層,
RPSNMLLMKIJFFBQ78CA,7,28.89,停車空間,鋼筋混凝土造,97年4月8日,四層,
RPSOMLQJJHKFFCQ09CA,33,111.72,住家用,鋼筋混凝土加強磚造,70年11月21日,二層,一層 二層 陽台
RPSOMLQJJHKFFCQ09CA,33,111.72,住家用,鋼筋混凝土加強磚造,70年11月21日,二層,一層 二層 陽台
RPSOMLQJJHKFFCQ09CA,33,111.72,住家用,鋼筋混凝土加強磚造,70年11月21日,二層,一層 二層 陽台
RPSOMLQJJHKFFCQ09CA,31,305.67,教室,RC磚造．鋼鐵造,72年6月1日,三層,一層 二層 三層 騎樓
RPWNMLQJJHKFFCQ76CA,,180.11,住宅、樓梯間,鋼筋混凝土造,103年11月13日,三層,一層 二層 三層 見其他登記事項 見其他登記事項
RPPNMLPJJHKFFBQ48CA,11,18.65,住家用,鋼筋混凝土造,92年8月21日,五層,二層 陽台
RPPNMLPJJHKFFBQ48CA,11,4.74,門廳、走道、梯間,鋼筋混凝土造,92年8月21日,五層,
RPXNMLQJJHKFFCQ86CA,,350.58,住宅、樓梯間,鋼筋混凝土造,103年11月13日,三層,一層 二層 三層 見其他登記事項 見其他登記事項
RPQNMLPJJHKFFBQ58CA,38,126.90,住家用,加強磚造,66年1月15日,二層,一層 二層 騎樓
RPRNMLPJJHKFFBQ68CA,8,19.19,住家用,鋼筋混凝土造,95年8月28日,八層,六層 陽台
RPRNMLPJJHKFFBQ68CA,8,7.43,共有部分,鋼筋混凝土造,95年8月28日,,
RPRNMLPJJHKFFBQ68CA,8,4.61,共有部分,鋼筋混凝土造,95年8月28日,,
RPPNMLSJJHKFFBQ78CA,25,143.97,住家用,鋼筋混凝土加強磚造,79年1月9日,二層,一層 二層 電梯樓梯間
RPQNMLNLJHKFFEQ88CA,24,148.65,住家用,鋼筋混凝土造,80年1月25日,三層,一層 二層 三層 電梯樓梯間
RPOOMLQKJHKFFDQ88CA,29,110.59,住家用,鋼筋混凝土加強磚造,75年2月5日,二層,一層 二層 電梯樓梯間
RPWNMLQKJHKFFDQ96CA,22,84.65,農舍,鋼造,82年4月30日,一層,一層
RPTNMLPJJHKFFDQ09CA,,142.66,住家用,鋼筋混凝土造,103年10月6日,三層,一層 二層 三層 陽台
RPUNMLPJJHKFFDQ56CA,,144.20,停車空間、住宅,鋼筋混凝土造,103年10月6日,三層,一層 二層 三層 陽台
RPQNMLTKJHKFFDQ66CA,35,93.88,住商用,鋼筋混凝土加強磚造,68年9月29日,二層,一層 二層 電梯樓梯間
RPXOMLMKJHKFFDQ76CA,8,1.69,機械室、樓梯間、垃圾處理場、管理中心,鋼筋混凝土造,95年7月18日,三層,
RPXOMLMKJHKFFDQ76CA,8,.72,機械室、樓梯間,鋼筋混凝土造,95年7月18日,一層,
RPXOMLMKJHKFFDQ76CA,8,1.25,機械室、樓梯間、開放空間、交誼室,鋼筋混凝土造,95年7月18日,四層,
RPXOMLMKJHKFFDQ76CA,8,275.15,集合住宅,鋼筋混凝土造,95年7月18日,四層,一層 二層 三層 四層 見其他登記事項
RPXNMLQKJHKFFCQ96CA,23,91.40,農舍,鋼筋混凝土造,81年6月16日,三層,一層 二層 三層
RPRNMLQJJHKFFBQ78CA,26,153.23,住家用,鋼筋混凝土加強磚造,78年3月13日,三層,一層 二層 三層 騎樓 電梯樓梯間
RPVNMLMLJHKFFCQ09CA,20,84.31,住家用,鋼筋混凝土造,83年11月11日,十一層,四層 陽台
RPVNMLMLJHKFFCQ09CA,20,10.28,共有部分,鋼筋混凝土造,83年11月11日,十一層,
RPVNMLMLJHKFFCQ09CA,20,3.10,共有部分,鋼筋混凝土造,83年11月11日,十一層,
RPSNMLSJJHKFFCQ56CA,22,81.47,住家用,鋼筋混凝土造,81年11月30日,五層,四層 陽台
RPSNMLSJJHKFFCQ56CA,22,8.25,共有部分,鋼筋混凝土造,81年11月30日,地下層,
RPSNMLSJJHKFFCQ56CA,22,6.74,共有部分,鋼筋混凝土造,81年11月30日,五層,
RPSNMLTJJHKFFCQ66CA,20,33.57,住家用,鋼筋混凝土造,83年8月1日,五層,四層 陽台
RPSNMLTJJHKFFCQ66CA,20,6.88,共有部分,鋼筋混凝土造,83年8月1日,五層,
RPRNMLQLJHKFFCQ09CA,31,162.59,住家用,鋼筋混凝土加強磚造,72年12月8日,二層,一層 二層 電梯樓梯間 車庫
RPSNMLRJJHKFFDQ66DA,36,90.90,住家用,鋼筋混凝土加強磚造,68年1月15日,二層,一層 二層 騎樓
RPRNMLTJJHKFFBQ09CA,2,187.92,住宅、玄關、棚架、樓梯間,鋼筋混凝土造,102年4月23日,二層,一層 二層 見其他登記事項 見其他登記事項
RPUNMLSJJHKFFDQ86CA,19,150.83,健身房、住房,鋼筋混凝土造,85年3月22日,四層,一層 二層 三層 四層 陽台 平台
RPUNMLTJJHKFFDQ96CA,34,102.60,住商用,鋼筋混凝土加強磚造,69年8月9日,二層,一層 二層 騎樓 電梯樓梯間
RPSNMLMKJHKFFCQ68CA,,219.01,住家用,鋼筋混凝土造,103年8月13日,四層,一層 二層 三層 四層 見其他登記事項
RPVNMLNJKHKFFCQ66EA,34,101.22,住商用,鋼筋混凝土加強磚造,69年6月19日,二層,一層 二層
RPQNMLTJJHKFFDQ66DA,24,169.78,住家用,鋼筋混凝土造,80年4月25日,三層,一層 二層 三層
RPXNMLSJJHKFFDQ27DA,36,76.00,住家用,鋼筋混凝土加強磚造,68年2月15日,二層,一層 二層
RPPNMLOLJHKFFCQ68CA,12,102.61,見其他登記事項,鋼筋混凝土造,91年7月25日,五層,
RPPNMLOLJHKFFCQ68CA,12,12.17,見其他登記事項,鋼筋混凝土造,91年7月25日,五層,
RPPNMLOLJHKFFCQ68CA,12,.61,見其他登記事項,鋼筋混凝土造,91年7月25日,五層,
RPQNMLPJKHKFFCQ78CA,16,152.51,住宅．梯間,鋼筋混凝土造,88年4月9日,四層,一層 二層 三層 四層 見其他登記事項
RPTNMLMKJHKFFBQ68CA,18,89.08,住家用,鋼筋混凝土造,85年11月23日,七層,七層 陽台
RPTNMLMKJHKFFBQ68CA,18,24.03,防空避難室、停車場,鋼筋混凝土造,85年11月23日,七層,
RPTNMLMKJHKFFBQ68CA,18,14.70,樓梯間、電梯間,鋼筋混凝土造,85年11月23日,七層,
RPSNMLTJJHKFFBQ56CA,25,183.35,住家用,鋼筋混凝土加強磚造,78年8月24日,三層,一層 二層 三層
RPQNMLNKJHKFFDQ68CA,33,114.84,住商用,鋼筋混凝土加強磚造,70年8月5日,二層,一層 二層 電梯樓梯間
RPSNMLKLJHKFFDQ68CA,35,127.60,住家用,鋼筋混凝土加強磚造,69年1月26日,三層,一層 二層 三層 騎樓
RPWNMLPKJHKFFDQ86CA,22,179.87,住家用,鋼筋混凝土造,81年11月26日,三層,一層 二層 三層 見其他登記事項
RPROMLNJKHKFFCQ78CA,23,207.26,住商用,鋼筋混凝土造,80年8月2日,四層,一層 二層 三層 四層 騎樓
RPSNMLTJJHKFFEQ86CA,33,109.71,住家用,鋼筋混凝土加強磚造,70年9月30日,二層,一層 二層 騎樓 電梯樓梯間
RPWNMLQLJHKFFBQ96DA,21,93.39,住家用,鋼筋混凝土造,83年5月12日,七層,四層 陽台
RPROMLRLJHKFFDQ76CA,16,68.11,見其他登記事項,鋼筋混凝土造,88年5月31日,五層,
RPROMLRLJHKFFDQ76CA,16,9.74,見其他登記事項,鋼筋混凝土造,88年5月31日,五層,
RPROMLRLJHKFFDQ76CA,16,.59,見其他登記事項,鋼筋混凝土造,88年5月31日,一層,
RPROMLRLJHKFFDQ76CA,16,68.11,見其他登記事項,鋼筋混凝土造,88年5月31日,五層,
RPROMLRLJHKFFDQ76CA,16,9.74,見其他登記事項,鋼筋混凝土造,88年5月31日,五層,
RPROMLRLJHKFFDQ76CA,16,.59,見其他登記事項,鋼筋混凝土造,88年5月31日,一層,
RPQOMLRLJHKFFDQ66CA,18,94.48,集合住宅,鋼筋混凝土造,85年10月11日,五層,五層 陽台
RPQOMLRLJHKFFDQ66CA,18,31.95,警衛室、一樓停車空間、法定停車場,鋼筋混凝土造,85年10月11日,五層,
RPQOMLRLJHKFFDQ66CA,18,19.22,機械室、樓梯間、水箱,鋼筋混凝土造,85年10月11日,五層,
RPQOMLMKJHKFFDQ68CA,15,132.56,見其他登記事項,鋼筋混凝土造,88年5月31日,三層,
RPVNMLOKJHKFFDQ66CA,33,114.43,住家用,鋼筋混凝土加強磚造,70年12月18日,二層,一層 二層 電梯樓梯間
RPRNMLMKJHKFFBQ48CA,18,24.88,梯間、防空避難室、機械室、水塔牌樓兼停車空間,鋼筋混凝土造,85年8月15日,十四層,
RPRNMLMKJHKFFBQ48CA,18,90.00,住家用,鋼筋混凝土造,85年8月15日,十四層,十四層 陽台
RPVNMLQKJHKFFDQ96DA,22,109.34,住家用,鋼筋混凝土造,82年4月10日,二層,一層 二層 見其他登記事項
RPUNMLRLJHKFFEQ07CA,22,118.55,住家用,鋼筋混凝土造,82年4月1日,十八層,九層 陽台
RPUNMLRLJHKFFEQ07CA,22,19.59,梯間,鋼筋混凝土造,82年4月1日,十八層,
RPUNMLRLJHKFFEQ07CA,22,5.61,守衛室．健身房．游泳池．防空避難室兼停車場,鋼筋混凝土造,82年4月1日,,
RPXNMLMKJHKFFCQ56CA,,260.97,住家用,鋼筋混凝土造,103年8月13日,四層,一層 二層 三層 四層 見其他登記事項
RPOOMLTJJHKFFCQ98CA,17,169.78,住房．停車空間,鋼筋混凝土造,86年12月31日,三層,一層 二層 三層 電梯樓梯間 見其他登記事項
RPXNMLMKJHKFFDQ76DA,34,99.54,住家用,鋼筋混凝土加強磚造,69年8月29日,二層,一層 二層 騎樓
RPPNMLOKJHKFFDQ78DA,32,99.48,住家用,鋼筋混凝土加強磚造,71年9月10日,二層,一層 二層 電梯樓梯間
RPPNMLSKJHKFFCQ98CA,21,150.18,住家用,鋼筋混凝土造,83年4月26日,三層,一層 二層 三層 電梯樓梯間 見其他登記事項
RPQNMLSKJHKFFCQ09CA,21,174.72,住家用,鋼筋混凝土造,83年4月26日,三層,一層 二層 三層 電梯樓梯間 見其他登記事項
RPQOMLNKJHKFFBQ58CA,1,170.36,住家用,鋼筋混凝土造,103年2月13日,三層,一層 二層 三層 見其他登記事項
RPPNMLPKJHKFFEQ88CA,17,183.35,住家用,鋼筋混凝土造,87年3月25日,四層,一層 二層 三層 四層 陽台 見其他登記事項
RPRNMLLLJHKFFEQ78CA,29,155.56,住家用,鋼筋混凝土加強磚造,74年12月27日,二層,一層 二層 電梯樓梯間
RPWNMLPKJHKFFCQ86DA,,510.36,騎樓、停車空間、住宅,鋼筋混凝土造,103年10月20日,三層,一層 二層 三層 騎樓 見其他登記事項
RPUNMLQKJHKFFCQ76DA,,344.91,騎樓、停車空間、住宅,鋼筋混凝土造,103年10月20日,三層,一層 二層 三層 騎樓 見其他登記事項
RPVNMLQKJHKFFCQ86DA,,308.88,騎樓、停車空間、住宅,鋼筋混凝土造,103年10月20日,三層,一層 二層 三層 騎樓 見其他登記事項
RPOOMLMJKHKFFDQ48CA,34,115.30,住家用,鋼筋混凝土加強磚造,70年5月2日,二層,一層 二層 電梯樓梯間
RPPNMLSKJHKFFDQ09CA,19,114.60,住房、車庫,木造,85年1月25日,三層,一層 二層 三層
RPVNMLQLJHKFFBQ76CA,26,192.41,住商用,鋼筋混凝土造,78年1月19日,三層,一層 二層 三層 騎樓 電梯樓梯間
RPPNMLTLJHKFFCQ56CA,34,115.83,住家用,鋼筋混凝土加強磚造,70年2月25日,二層,一層 二層 電梯樓梯間
RPWNMLTLJHKFFCQ27CA,1,138.93,住家用,鋼筋混凝土造,102年8月14日,三層,一層 二層 三層 見其他登記事項
RPQNMLNJKHKFFCQ58CA,10,358.00,集合住宅、店舖,鋼筋混凝土造,93年12月1日,三層,一層 二層 三層 騎樓 電梯樓梯間 見其他登記事項
RPTNMLNKJHKFFDQ09DA,37,86.52,住家用,鋼筋混凝土加強磚造,66年9月26日,二層,一層 二層
RPWNMLRLJHKFFCQ07CA,35,110.59,住家用,鋼筋混凝土加強磚造,68年10月1日,二層,一層 二層
RPOOMLOKJHKFFDQ78DA,35,90.10,住家用,鋼筋混凝土加強磚造,69年3月1日,二層,一層 二層
RPQNMLQKJHKFFCQ88CA,36,96.74,住家用,加強磚造,66年4月28日,二層,一層 二層 騎樓
RPUNMLRLJHKFFCQ86CA,,171.81,住宅、樓梯間,鋼筋混凝土造,103年9月11日,三層,一層 二層 三層 見其他登記事項 見其他登記事項
RPROMLMLJHKFFCQ78CA,2,144.07,住家用,鋼筋混凝土造,101年9月12日,三層,一層 二層 三層 見其他登記事項
RPXNMLTKJHKFFCQ27CA,38,110.12,住商用,鋼筋混凝土加強磚造,65年10月6日,二層,一層 二層 騎樓
RPQNMLKMJHKFFDQ58CA,22,138.17,住家用,鋼筋混凝土造,81年11月26日,三層,一層 二層 三層 見其他登記事項
RPPNMLNLJHKFFEQ78CA,31,104.82,住商用,鋼筋混凝土加強磚造,73年4月5日,二層,一層 二層 騎樓 電梯樓梯間
RPQNMLKMJHKFFEQ68CA,1,186.70,住家用,鋼筋混凝土造,103年6月4日,四層,一層 二層 三層 四層 陽台
RPQOMLQKJHKFFDQ09CA,19,185.11,住家用,鋼筋混凝土造,84年9月18日,三層,一層 二層 三層 陽台 地下層 見其他登記事項
RPQOMLQKJHKFFDQ09CA,19,20.61,車庫,鋼筋混凝土造,84年9月18日,三層,
RPSOMLMLJHKFFDQ98CA,22,167.49,住房、車庫,鋼筋混凝土造,82年1月9日,四層,一層 二層 三層 四層 陽台 露台
RPPNMLRKJHKFFBQ78CA,9,8.83,機電設備空間、停車空間、樓梯間、走廊、機械室、水塔,鋼筋混凝土造,94年10月3日,十層,
RPPNMLRKJHKFFBQ78CA,9,16.76,住家用,鋼筋混凝土造,94年10月3日,十層,五層 陽台
RPPNMLRKJHKFFBQ78CA,9,.10,管理委員會使用空間,鋼筋混凝土造,94年10月3日,十層,
RPSOMLTKJHKFFCQ86CA,14,58.77,住家用,鋼造,90年3月28日,一層,一層
RPTOMLNJKHKFFCQ98CA,34,107.26,住家用,鋼筋混凝土加強磚造,70年3月20日,二層,一層 二層 電梯樓梯間
RPPNMLTLJHKFFBQ09CA,21,168.59,住家用,鋼筋混凝土造,83年5月23日,四層,一層 二層 三層 四層 陽台 電梯樓梯間
RPUOMLNJKHKFFCQ09CA,19,136.58,住家用,鋼筋混凝土造,85年6月10日,三層,一層 二層 三層 電梯樓梯間 見其他登記事項
RPQNMLSLJHKFFCQ56CA,33,98.17,住商用,鋼筋混凝土加強磚造,71年6月22日,二層,一層 二層 電梯樓梯間
RPPNMLOJKHKFFDQ78DA,16,78.44,見其他登記事項,鋼筋混凝土造,88年5月31日,五層,
RPPNMLOJKHKFFDQ78DA,16,78.44,見其他登記事項,鋼筋混凝土造,88年5月31日,五層,
RPRNMLMJKHKFFBQ48CA,,50.55,集合住宅,鋼筋混凝土造,103年8月15日,八層,七層 陽台
RPRNMLMJKHKFFBQ48CA,,54.46,集合住宅,鋼筋混凝土造,103年8月15日,八層,七層 陽台
RPRNMLMJKHKFFBQ48CA,,54.46,集合住宅,鋼筋混凝土造,103年8月15日,八層,七層 陽台
RPRNMLMJKHKFFBQ48CA,,35.86,集合住宅,鋼筋混凝土造,103年8月15日,八層,七層 陽台
RPPNMLTKJHKFFBQ98CA,36,136.33,住家用,鋼筋混凝土加強磚造,68年1月25日,三層,一層 二層 三層
RPQNMLKLJHKFFCQ38CA,34,100.57,住家用,鋼筋混凝土加強磚造,70年2月10日,二層,一層 二層 電梯樓梯間
RPTNMLMLJHKFFBQ78CA,11,238.17,集合住宅、停車空間,鋼筋混凝土造,93年3月26日,四層,一層 二層 三層 四層 陽台
RPQNMLTKJHKFFBQ09CA,20,91.63,住家用,鋼筋混凝土造,83年12月15日,五層,四層 陽台 花台
RPOOMLQLJHKFFDQ98CA,9,230.71,住家用,鋼筋混凝土造,94年11月29日,四層,一層 二層 三層 四層 陽台
RPSNMLKLJHKFFCQ68DA,1,187.01,住家用,鋼筋混凝土造,102年11月29日,四層,一層 二層 三層 四層 見其他登記事項
RPTNMLLLJHKFFBQ78DA,26,162.82,住商用,鋼筋混凝土加強磚造,77年11月29日,二層,一層 二層 騎樓
RPWNMLNJKHKFFDQ66CA,11,169.70,住家用,鋼筋混凝土造,92年6月24日,三層,一層 二層 三層 陽台
RPXNMLSLJHKFFDQ37CA,35,106.12,住家用,鋼筋混凝土加強磚造,69年1月18日,二層,一層 二層 騎樓 電梯樓梯間
RPQOMLMLJHKFFDQ78CA,18,177.99,住商用,鋼筋混凝土造,85年8月28日,四層,一層 二層 三層 四層 陽台 平台 雨遮 夾層
RPTNMLNLJHKFFDQ09CA,34,84.88,住家用,鋼筋混凝土加強磚造,70年6月2日,二層,一層 二層
RPSNMLMLJHKFFBQ68CA,33,85.00,住家用,雜木,71年1月15日,一層,一層
RPRNMLRJKHKFFCQ09CA,37,93.59,住家用,鋼筋混凝土加強磚造,66年12月30日,二層,一層 二層 騎樓
RPQNMLRJKHKFFCQ98CA,19,87.43,集合住宅,鋼筋混凝土造,85年2月9日,五層,三層 陽台
RPQNMLRJKHKFFCQ98CA,19,.93,共有部分,鋼筋混凝土造,85年2月9日,五層,
RPQNMLRJKHKFFCQ98CA,19,3.03,共有部分,鋼筋混凝土造,85年2月9日,五層,
RPQNMLRJKHKFFCQ98CA,19,3.03,共有部分,鋼筋混凝土造,85年2月9日,五層,
RPQNMLRJKHKFFCQ98CA,19,2.78,共有部分,鋼筋混凝土造,85年2月9日,五層,
RPRNMLMLJHKFFCQ68CA,8,651.08,停車空間、住宅、店舖,鋼筋混凝土造,96年6月11日,四層,一層 二層 三層 四層 見其他登記事項
RPWOMLNJKHKFFCQ66CA,18,106.48,國民住宅,鋼筋混凝土造,85年11月15日,五層,四層 陽台
RPWOMLNJKHKFFCQ66CA,18,.52,共有部分,鋼筋混凝土造,85年11月15日,地下二層,
RPWOMLNJKHKFFCQ66CA,18,9.83,共有部分,鋼筋混凝土造,85年11月5日,五層,
RPTNMLMLJHKFFDQ09DA,35,142.74,住商用,鋼筋混凝土加強磚造,69年2月1日,三層,一層 二層 三層 騎樓
RPRNMLMLJHKFFDQ88DA,1,153.01,門廊、住宅,鋼筋混凝土造,103年4月7日,三層,一層 二層 三層 陽台
RPWNMLMLJHKFFDQ76DA,37,89.65,住家用,鋼筋混凝土加強磚造,67年6月28日,二層,一層 二層
RPPNMLKMJHKFFCQ38CA,24,98.13,住家用,鋼筋混凝土造,80年6月29日,三層,一層 二層 三層 陽台 雨遮
RPQOMLMLJHKFFCQ68CA,18,91.78,集合住宅,鋼筋混凝土造,85年12月20日,十一層,十層 陽台
RPQOMLMLJHKFFCQ68CA,18,10.69,共有部分,鋼筋混凝土造,85年12月20日,十一層,
RPQOMLMLJHKFFCQ68CA,18,.73,共有部分,鋼筋混凝土造,85年12月20日,十一層,
RPQOMLMLJHKFFCQ68CA,18,8.28,共有部分,鋼筋混凝土造,85年12月20日,十一層,
RPQNMLLLJHKFFBQ38CA,7,284.31,集合住宅、停車空間,鋼筋混凝土造,97年4月8日,四層,一層 二層 三層 四層 地下一層 見其他登記事項
RPQNMLLLJHKFFBQ38CA,7,4.62,管理委員會室,鋼筋混凝土造,97年4月8日,三層,
RPQNMLLLJHKFFBQ38CA,7,28.89,停車空間,鋼筋混凝土造,97年4月8日,四層,
RPSNMLTJKHKFFDQ86CA,22,228.17,住家用,鋼筋混凝土造,82年3月6日,四層,一層 二層 三層 四層 見其他登記事項
RPROMLMLJHKFFDQ88CA,39,69.56,住家用,加強磚造,64年7月1日,一層,一層
RPQNMLLLJHKFFDQ58CA,35,105.90,住家用,鋼筋混凝土加強磚造,69年1月18日,二層,一層 二層 騎樓 電梯樓梯間
RPSNMLNLJHKFFEQ09CA,35,90.03,住家用,鋼筋混凝土加強磚造,69年1月20日,二層,一層 二層 騎樓
RPQNMLRKKHKFFCQ09CA,19,19.11,住家用,鋼筋混凝土造,84年8月15日,五層,三層
RPSNMLRKKHKFFCQ66CA,19,17.53,住家用,鋼筋混凝土造,84年8月15日,五層,三層
RPRNMLRKKHKFFCQ56CA,19,19.15,住家用,鋼筋混凝土造,84年8月15日,五層,三層
RPPNMLRLJHKFFEQ56CA,22,37.23,住家用,鋼筋混凝土造,82年4月1日,十八層,十八層 陽台
RPPNMLRLJHKFFEQ56CA,22,7.34,梯間,鋼筋混凝土造,82年4月1日,十八層,
RPPNMLRLJHKFFEQ56CA,22,1.75,守衛室．健身房．游泳池．防空避難室兼停車場,鋼筋混凝土造,82年4月1日,,
RPPNMLNLJHKFFDQ68CA,34,113.08,住家用,鋼筋混凝土加強磚造,70年5月10日,二層,一層 二層 電梯樓梯間
RPRNMLKMJHKFFEQ78CA,1,286.20,住宅、樓梯間,鋼筋混凝土造,103年6月4日,四層,一層 二層 三層 四層 陽台
RPTNMLSLJHKFFDQ96CA,35,87.75,住家用,鋼筋混凝土加強磚造,68年10月1日,二層,一層 二層
RPRNMLMJKHKFFDQ68CA,22,135.60,住家用,鋼筋混凝土造,82年4月19日,三層,一層 二層 三層 陽台
RPSNMLPJKHKFFCQ98CA,4,103.06,住家用,鋼筋混凝土造,100年3月15日,三層,一層 二層 三層 見其他登記事項
RPSNMLPJKHKFFCQ98CA,4,51.53,住家用,鋼筋混凝土造,100年3月15日,三層,一層 二層 三層 見其他登記事項
RPPNMLRJKHKFFCQ88CA,21,195.62,住商用,鋼筋混凝土造,83年3月7日,三層,一層 二層 三層 電梯樓梯間 見其他登記事項
RPWNMLLLJHKFFCQ09CA,21,157.45,住商用,鋼筋混凝土造,83年5月13日,三層,一層 二層 三層 電梯樓梯間 見其他登記事項
RPQNMLLLJHKFFCQ48CA,33,111.34,住家用,鋼筋混凝土加強磚造,71年2月26日,二層,一層 二層 電梯樓梯間
RPOOMLRLJHKFFCQ98CA,9,181.14,住家用,鋼筋混凝土造,94年9月12日,三層,一層 二層 三層 電梯樓梯間 見其他登記事項
RPQNMLRLJHKFFCQ09CA,21,204.42,住商用,鋼筋混凝土造,83年1月5日,四層,一層 二層 三層 四層 見其他登記事項
RPUNMLNLJHKFFDQ56CA,29,118.80,住家用,鋼筋混凝土加強磚造,74年6月20日,三層,一層 二層 三層 騎樓
RPRNMLOJKHKFFDQ88CA,21,33.00,集合住宅,鋼筋混凝土造,82年10月6日,九層,六層 陽台
RPRNMLOJKHKFFDQ88CA,21,1.95,梯間,鋼筋混凝土造,82年10月6日,九層,
RPRNMLOJKHKFFDQ88CA,21,5.20,避難室、停車場,鋼筋混凝土造,82年10月6日,9,
RPRNMLOJKHKFFDQ88CA,21,10.70,梯間,鋼筋混凝土造,82年10月6日,九層,
RPQNMLOJKHKFFDQ78CA,21,32.58,集合住宅,鋼筋混凝土造,82年10月6日,九層,六層 陽台
RPQNMLOJKHKFFDQ78CA,21,1.95,梯間,鋼筋混凝土造,82年10月6日,九層,
RPQNMLOJKHKFFDQ78CA,21,4.98,避難室、停車場,鋼筋混凝土造,82年10月6日,9,
RPQNMLOJKHKFFDQ78CA,21,10.61,梯間,鋼筋混凝土造,82年10月6日,九層,
RPPNMLOKKHKFFCQ68CA,11,208.38,店舖、停車空間、集合住宅,鋼筋混凝土造,92年11月28日,四層,一層 二層 三層 四層 見其他登記事項
RPUNMLNKKHKFFCQ09CA,35,137.66,住家用,鋼筋混凝土加強磚造,68年12月31日,二層,一層 二層 騎樓 電梯樓梯間
RPSNMLKMJHKFFDQ78CA,11,172.50,見其他登記事項,鋼筋混凝土造,93年4月15日,四層,一層 二層 三層 四層
RPUNMLSLJHKFFDQ07CA,6,141.67,住家用,鋼筋混凝土造,97年10月30日,三層,一層 二層 三層 陽台 雨遮
RPSNMLRJKHKFFDQ66CA,20,160.69,住家用,鋼筋混凝土造,84年3月28日,四層,一層 二層 三層 四層 陽台 電梯樓梯間
RPOOMLOJKHKFFDQ78DA,34,112.81,住商用,鋼筋混凝土加強磚造,69年8月20日,二層,一層 二層 電梯樓梯間
RPTNMLRLJHKFFBQ76DA,20,157.30,住商用,鋼骨鋼筋混凝土造,84年3月20日,四層,一層 二層 三層 四層 陽台
RPSNMLKMJHKFFEQ88CA,1,203.72,住家用,鋼筋混凝土造,103年6月4日,四層,一層 二層 三層 四層 陽台
RPRNMLRLJHKFFBQ09CA,20,163.48,住商用,ＲＣ鋼骨造,84年4月28日,四層,一層 二層 三層 四層 陽台
RPSNMLRLJHKFFBQ56CA,20,163.48,住商用,ＲＣ鋼骨造,84年4月28日,四層,一層 二層 三層 四層 陽台
RPPNMLRLJHKFFCQ56EA,34,278.01,住家用,鋼筋混凝土加強磚造,69年7月15日,四層,一層 二層 三層 四層 騎樓 電梯樓梯間
RPUNMLMKKHKFFDQ09CA,8,471.82,店舖、住宅、停車空間、樓梯間,鋼筋混凝土造,96年2月8日,四層,一層 二層 三層 四層 見其他登記事項 見其他登記事項
RPRNMLNJKHKFFDQ88DA,1,263.00,住宅、停車空間、樓梯間,鋼筋混凝土造,102年11月29日,四層,一層 二層 三層 四層 陽台 見其他登記事項
RPUNMLSLJHKFFBQ86CA,30,116.71,住家用,鋼筋混凝土造,73年12月1日,二層,一層 二層 騎樓 電梯樓梯間
RPRNMLSLJHKFFBQ56CA,25,114.01,住家用,鋼筋混凝土加強磚造,79年5月21日,二層,一層 二層 電梯樓梯間
RPUNMLSLJHKFFCQ96CA,33,100.92,住家用,鋼筋混凝土加強磚造,71年5月4日,二層,一層 二層 騎樓
RPSOMLNJKHKFFCQ88CA,32,65.96,住家用,鋼筋混凝土加強磚造,71年11月8日,一層,一層
RPVNMLTLJHKFFCQ27DA,45,157.08,住家用,加強磚造,59年1月1日,二層,一層 二層
RPPNMLNLKHKFFCQ68CA,,194.72,住家用,鋼筋混凝土造,103年10月27日,四層,一層 二層 三層 四層 見其他登記事項
RPVNMLTLJHKFFCQ27DA,45,74.62,住家用,加強磚造,59年1月1日,二層,一層 二層
RPVNMLTLJHKFFCQ27DA,45,20.87,住家用,磚木造,59年1月1日,一層,一層
RPQNMLNLKHKFFCQ78CA,,198.41,住家用,鋼筋混凝土造,103年10月27日,四層,一層 二層 三層 四層 見其他登記事項
RPOOMLRLJHKFFBQ88CA,35,119.55,住家用,鋼筋混凝土加強磚造,69年4月12日,二層,一層 二層
RPPNMLSLJHKFFBQ98CA,31,115.40,,鋼筋混凝土加強磚造,73年3月10日,二層,一層 二層 騎樓 電梯樓梯間
RPPNMLRJKHKFFDQ98CA,,220.24,住宅、樓梯間,鋼筋混凝土造,103年7月22日,三層,一層 二層 三層 陽台 屋簷 見其他登記事項
RPRNMLMKKHKFFDQ78CA,15,170.49,農舍,鋼鐵造,89年3月24日,一層,一層
RPVNMLNJKHKFFDQ56CA,27,221.60,住家用,鋼筋混凝土加強磚造,77年3月23日,三層,一層 二層 三層
RPQNMLSLJHKFFDQ66CA,43,73.95,住家用,磚石造,61年1月15日,一層,一層
RPPNMLQJKHKFFBQ78DA,17,200.17,住家用,鋼筋混凝土加強磚造,87年4月7日,三層,一層 二層 三層
RPPNMLNKKHKFFCQ58CA,7,21.15,集合住宅,鋼筋混凝土造,96年6月23日,五層,三層 陽台
RPPNMLNKKHKFFCQ58CA,7,7.03,停車空間、機電設備空間、管理室、梯廳、走廊,鋼筋混凝土造,96年6月23日,五層,
RPUNMLLKKHKFFCQ88CA,8,215.79,室內停車空間、住宅,鋼筋混凝土造,96年1月18日,四層,一層 二層 三層 四層 見其他登記事項 見其他登記事項
RPQNMLKKKHKFFCQ38CA,1,156.91,住家用,鋼筋混凝土造,103年5月26日,三層,一層 二層 三層 見其他登記事項
RPRNMLNKKHKFFEQ98CA,,187.00,住家用,鋼筋混凝土造,103年12月22日,四層,一層 二層 三層 四層 陽台
RPWNMLQJKHKFFDQ96CA,,176.57,住家用,鋼筋混凝土造,103年12月9日,四層,一層 二層 三層 四層 陽台
RPPOMLRLJHKFFDQ56CA,9,90.08,集合住宅、停車空間,鋼筋混凝土造,94年8月26日,四層,一層 二層 三層 四層 見其他登記事項
RPPOMLRLJHKFFDQ56CA,9,90.08,集合住宅、停車空間,鋼筋混凝土造,94年8月26日,四層,一層 二層 三層 四層 見其他登記事項
RPPOMLRLJHKFFDQ56CA,9,.79,門廳、遊憩設施,鋼筋混凝土造,94年8月26日,三層,
RPPOMLRLJHKFFDQ56CA,9,.79,門廳、遊憩設施,鋼筋混凝土造,94年8月26日,三層,
RPPOMLRLJHKFFDQ56CA,9,2.54,門廳、遊憩設施、機械空間、梯間、游泳池,鋼筋混凝土造,94年8月26日,二層,
RPPOMLRLJHKFFDQ56CA,9,2.54,門廳、遊憩設施、機械空間、梯間、游泳池,鋼筋混凝土造,94年8月26日,二層,
RPPPMLNJKHKFFCQ68CA,19,98.69,集合住宅,鋼筋混凝土造,85年5月17日,八層,八層 陽台 花台
RPPPMLNJKHKFFCQ68CA,19,12.10,共有部分,鋼筋混凝土造,85年5月17日,八層,
RPPPMLNJKHKFFCQ68CA,19,.08,警衛室,鋼筋混凝土造,85年5月17日,八層,
RPPPMLNJKHKFFCQ68CA,19,8.26,共有部分,鋼筋混凝土造,85年5月17日,八層,
RPQNMLSLJHKFFBQ09CA,26,162.34,住商用,鋼筋混凝土造,78年1月19日,四層,一層 二層 三層 四層 騎樓
RPRNMLKMJHKFFDQ68CA,1,193.63,住宅、樓梯間,鋼筋混凝土造,103年5月7日,三層,一層 二層 三層 陽台 見其他登記事項
RPRNMLKMJHKFFBQ48CA,18,110.78,住商用,鋼筋混凝土造,85年11月23日,七層,一層 二層 陽台
RPRNMLKMJHKFFBQ48CA,18,31.11,防空避難室、停車場,鋼筋混凝土造,85年11月23日,七層,
RPWNMLKKKHKFFCQ98CA,35,112.24,住商用,鋼筋混凝土加強磚造,68年9月24日,二層,一層 二層 電梯樓梯間 夾層
RPRNMLKMJHKFFBQ48CA,18,19.03,樓梯間、電梯間,鋼筋混凝土造,85年11月23日,七層,
RPSNMLKMJHKFFBQ58CA,18,121.48,住商用,鋼筋混凝土造,85年11月23日,七層,一層 二層 陽台
RPSNMLKMJHKFFBQ58CA,18,34.21,防空避難室、停車場,鋼筋混凝土造,85年11月23日,七層,
RPSNMLKMJHKFFBQ58CA,18,20.97,樓梯間、電梯間,鋼筋混凝土造,85年11月23日,七層,
RPRNMLLKKHKFFCQ58CA,7,235.36,住宅、停車空間,鋼筋混凝土造,96年7月19日,四層,一層 二層 三層 四層 見其他登記事項
RPQNMLRJKHKFFDQ09CA,14,142.93,農舍,鋼骨造,89年10月9日,一層,一層
RPPNMLTLJHKFFDQ66CA,,148.84,停車空間、住宅,鋼筋混凝土造,103年10月6日,三層,一層 二層 三層 陽台
RPSPMLQKKHKFFDQ86CA,21,153.38,住家用,鋼筋混凝土造,82年10月21日,三層,一層 二層 三層 陽台
RPUNMLMJKHKFFDQ98CA,,220.24,住宅、樓梯間,鋼筋混凝土造,103年7月22日,三層,一層 二層 三層 陽台 屋簷 見其他登記事項
RPOOMLQJKHKFFDQ88CA,,162.84,住家用,鋼筋混凝土造,103年12月9日,四層,一層 二層 三層 四層 陽台
RPUNMLKMJHKFFDQ98CA,34,98.14,住商用,鋼筋混凝土加強磚造,70年4月2日,二層,一層 二層 騎樓 電梯樓梯間
RPXNMLQKKHKFFEQ27CA,18,284.23,住家用,鋼筋混凝土造,85年10月4日,五層,一層 二層 三層 四層 五層 陽台 露台 地下層
RPPNMLRKKHKFFCQ98CA,19,61.24,住家用,鋼筋混凝土造,84年8月15日,五層,一層
RPXNMLQJKHKFFDQ07CA,,163.36,住家用,鋼筋混凝土造,103年12月9日,四層,一層 二層 三層 四層 陽台
RPOPMLNJKHKFFCQ58CA,11,203.77,店舖、停車空間、集合住宅,鋼筋混凝土造,92年11月28日,四層,一層 二層 三層 四層 見其他登記事項
RPSNMLMJKHKFFCQ68CA,20,191.50,住商用,鋼筋混凝土造,84年7月3日,四層,一層 二層 三層 四層 見其他登記事項
RPRNMLKKKHKFFCQ48CA,17,185.91,住房、機械室,鋼筋混凝土造,86年8月16日,三層,一層 二層 三層 夾層 見其他登記事項
RPUNMLRKKHKFFDQ96CA,1,205.51,住宅、樓梯間,鋼筋混凝土造,103年7月7日,三層,一層 二層 三層 陽台 見其他登記事項
RPSNMLNKKHKFFDQ98CA,35,123.35,住家用,鋼筋混凝土加強磚造,69年6月30日,二層,一層 二層 電梯樓梯間
RPWNMLKMJHKFFDQ56CA,16,147.22,住商用,鋼筋混凝土造,87年8月13日,三層,一層 二層 三層 陽台 電梯樓梯間
RPTNMLQJKHKFFDQ66CA,19,220.74,住家用,鋼筋混凝土造,84年9月5日,四層,一層 二層 三層 四層 見其他登記事項
RPQNMLMJKHKFFCQ68EA,33,102.59,住商用,鋼筋混凝土加強磚造,70年12月30日,二層,一層 二層 電梯樓梯間 夾層
RPXNMLMJKHKFFDQ66CA,32,48.50,住家用,鋼筋混凝土加強磚造,71年9月10日,二層,一層 二層 電梯樓梯間
RPXNMLMJKHKFFDQ66CA,32,48.50,住家用,鋼筋混凝土加強磚造,71年9月10日,二層,一層 二層 電梯樓梯間
RPPNMLMJKHKFFDQ58DA,34,102.70,住家用,鋼筋混凝土加強磚造,70年6月1日,二層,一層 二層 騎樓
RPSOMLOLKHKFFDQ66CA,21,182.77,住商用,鋼筋混凝土造,82年9月7日,三層,一層 二層 三層
