﻿編號,土地位置,土地移轉面積(平方公尺),使用分區或編定,權利人持分分母,權利人持分分子,移轉情形,地號
The serial number, land position,land shifting area square meter,the use zoning or compiles and checks,,,,land parcel
RPQNMLOKJIJFFAW09CA,后湖段,1582.07,都市：其他:風景區,1,1,全筆移轉,04370000
RPQNMLOKJIJFFAW09CA,后湖段,19798.75,都市：其他:風景區,1,1,全筆移轉,04380000
RPQNMLOKJIJFFAW09CA,后湖段,3620.21,都市：其他:風景區,1,1,全筆移轉,11650002
RPQNMLPJJIJFFAW56DA,寧古劃段,725.00,都市：其他:國家公園區,1,1,全筆移轉,09720000
RPSNMLPJJIJFFAW66CA,蔡厝劃測段,600.02,都市：農,1,1,全筆移轉,04100000
RPPOMLSKJIJFFAW96DA,中五劃段,467.00,都市：其他:國家公園第二類一般管制區,1,1,全筆移轉,07550000
RPUNMLKKJIJFFAW09CA,中二劃段,62.11,都市：其他:自然村專用區,10000,1188,持分移轉,03310000
RPWNMLKKJIJFFAW66CA,中二劃段,62.11,都市：其他:自然村專用區,10000,1188,持分移轉,03310000
RPRNMLKKJIJFFAW78CA,東洲村段,476.00,都市：其他:自然村專用區,1,1,全筆移轉,00290006
RPOOMLKKJIJFFAW58CA,中二劃段,62.11,都市：其他:自然村專用區,10000,1188,持分移轉,03310000
RPSNMLOKJIJFFAW66CA,下后垵段,66.00,都市：住,758,66,持分移轉,00100000
RPRNMLRKJIJFFAW86CA,赤岑段,347.60,都市：農,1,1,全筆移轉,08490000
RPSNMLRKJIJFFAW96CA,龍潭段,440.38,都市：農,1,1,全筆移轉,08770000
RPROMLOKJIJFFAW66CA,后壟段,154.80,都市：其他:,10,1,持分移轉,00050001
RPSOMLOKJIJFFAW76CA,后壟段,154.80,都市：其他:,10,1,持分移轉,00050001
RPVNMLOKJIJFFAW96CA,沙港劃段,1000.04,都市：農,1,1,全筆移轉,04800000
RPQNMLKKJIJFFAW78DA,寧湖三劃段,913.00,都市：農,1,1,全筆移轉,04880000
RPPNMLNKJIJFFAW88CA,安西劃段,939.92,都市：農,1,1,全筆移轉,09810000
RPSNMLLKJIJFFAW09DA,烏土段,1081.00,都市：農,1,1,全筆移轉,00300000
RPUNMLMKJIJFFAW76DA,寧湖三劃段,15.00,都市：農,1,1,全筆移轉,06400005
RPUNMLMKJIJFFAW76DA,寧湖三劃段,84.08,都市：農,1,1,全筆移轉,06400018
RPUOMLKKJIJFFAW56CA,中二劃段,49.67,都市：其他:自然村專用區,10000,950,持分移轉,03310000
RPTNMLLKJIJFFAW09CA,寧安四劃段,1000.00,都市：農,1,1,全筆移轉,00870000
RPWOMLKKJIJFFAW76CA,中二劃段,60.75,都市：其他:自然村專用區,10000,1162,持分移轉,03310000
RPQNMLLKJIJFFAW78CA,北二三劃測段,92.73,都市：其他:道路用地,1,1,全筆移轉,06250001
RPQNMLLKJIJFFAW78CA,北二三劃測段,102.09,都市：其他:道路用地,1,1,全筆移轉,06260001
RPQNMLLKJIJFFAW78CA,北二三劃測段,106.97,都市：其他:道路用地,1,1,全筆移轉,06270001
RPSOMLKKJIJFFAW98CA,中二劃段,49.67,都市：其他:自然村專用區,10000,950,持分移轉,03310000
RPWNMLOKJIJFFAW07CA,下后垵段,66.00,都市：住,758,66,持分移轉,00100000
RPRNMLOJKIJFFAW66DA,舊金城段,117.30,都市：農,1,1,全筆移轉,00980000
RPRNMLOJKIJFFAW66DA,舊金城段,753.00,都市：農,1,1,全筆移轉,04080000
RPVNMLLKJIJFFAW66CA,中二劃段,63.37,都市：其他:自然村專用區,10000,1212,持分移轉,03310000
RPQOMLKKJIJFFAW78CA,中二劃段,49.67,都市：其他:自然村專用區,10000,950,持分移轉,03310000
RPOOMLSKJIJFFAW76CA,湖前段,52.78,都市：住,10000,2242,持分移轉,08230005
RPUNMLMJKIJFFAW66CA,新頭段,480.00,都市：農,1,1,全筆移轉,02210001
RPTOMLOKJIJFFAW86CA,陳坑段,50.95,都市：其他:自然村專用區,1,1,全筆移轉,05450000
RPTOMLOKJIJFFAW86CA,陳坑段,2.98,都市：其他:自然村專用區,1,1,全筆移轉,05670006
RPTOMLOKJIJFFAW86CA,陳坑段,75.53,都市：其他:自然村專用區,1,1,全筆移轉,05670008
RPUNMLOLJIJFFAW96CA,沙東劃段,600.04,都市：農,5,3,持分移轉,00590000
RPUNMLOLJIJFFAW96CA,沙東劃段,200.01,都市：農,5,1,持分移轉,00590000
RPUNMLOLJIJFFAW96CA,沙東劃段,200.01,都市：農,5,1,持分移轉,00590000
RPUNMLOLJIJFFAW96CA,鵲山段,619.43,都市：其他:保護區,5,3,持分移轉,04030009
RPUNMLOLJIJFFAW96CA,鵲山段,206.48,都市：其他:保護區,5,1,持分移轉,04030009
RPUNMLOLJIJFFAW96CA,鵲山段,206.48,都市：其他:保護區,5,1,持分移轉,04030009
RPUNMLOLJIJFFAW96CA,鵲山段,452.74,都市：其他:保護區,5,3,持分移轉,04030010
RPUNMLOLJIJFFAW96CA,鵲山段,150.91,都市：其他:保護區,5,1,持分移轉,04030010
RPUNMLOLJIJFFAW96CA,鵲山段,150.91,都市：其他:保護區,5,1,持分移轉,04030010
RPUNMLOLJIJFFAW96CA,鵲山段,1396.94,都市：其他:保護區,5,3,持分移轉,04030012
RPUNMLOLJIJFFAW96CA,鵲山段,465.65,都市：其他:保護區,5,1,持分移轉,04030012
RPUNMLOLJIJFFAW96CA,鵲山段,465.65,都市：其他:保護區,5,1,持分移轉,04030012
RPQOMLOKJIJFFAW56CA,浦邊測段,660.51,都市：農,1,1,全筆移轉,05300000
RPQOMLOKJIJFFAW56CA,中蘭劃測段,980.01,都市：農,1,1,全筆移轉,05360000
RPQOMLOKJIJFFAW56CA,中蘭劃測段,980.01,都市：農,1,1,全筆移轉,06190000
RPPOMLOKJIJFFAW09CA,后宅測段,827.01,都市：其他:農業區.道路用地,1,1,全筆移轉,04820000
RPTNMLSKJIJFFAW17CA,英坑段,671.86,都市：農,1,1,全筆移轉,12550000
RPPNMLRKJIJFFAW76DA,東沙段,220.00,都市：其他:第二類一般管制區,1,1,全筆移轉,00790003
RPPNMLRKJIJFFAW76DA,東沙段,192.59,都市：其他:第二類一般管制區,1,1,全筆移轉,00920000
RPRNMLTKJIJFFAW07CA,寧湖二劃測段,1349.98,都市：農,1,1,全筆移轉,12340000
RPQNMLSKJIJFFAW86CA,西方劃測段,475.01,都市：農,1,1,全筆移轉,07690000
RPQNMLSKJIJFFAW86CA,西方劃測段,500.01,都市：農,1,1,全筆移轉,07280000
RPQNMLSKJIJFFAW86CA,西方劃測段,700.01,都市：農,1,1,全筆移轉,07330000
RPUNMLSKJIJFFAW27CA,寧湖一劃段,333.27,都市：農,2,1,持分移轉,04980001
RPUNMLSKJIJFFAW27CA,寧湖一劃段,166.64,都市：農,4,1,持分移轉,04980001
RPUNMLSKJIJFFAW27CA,寧湖一劃段,166.64,都市：農,4,1,持分移轉,04980001
RPUNMLSKJIJFFAW27CA,寧湖一劃段,500.00,都市：農,2,1,持分移轉,04990000
RPUNMLSKJIJFFAW27CA,寧湖一劃段,250.00,都市：農,4,1,持分移轉,04990000
RPUNMLSKJIJFFAW27CA,寧湖一劃段,250.00,都市：農,4,1,持分移轉,04990000
RPRNMLPKKIJFFAW76CA,金城劃段,104.23,都市：農,1,1,全筆移轉,02660014
RPRNMLPKKIJFFAW76CA,金城劃段,62.32,都市：農,757180,62320,持分移轉,02660000
RPRNMLPKKIJFFAW76CA,金城劃段,.80,都市：農,1000,18,持分移轉,02660029
RPPNMLPKKIJFFAW56CA,金城劃段,104.23,都市：農,1,1,全筆移轉,02660012
RPPNMLPKKIJFFAW56CA,金城劃段,43.69,都市：農,757180,43690,持分移轉,02660000
RPPNMLPKKIJFFAW56CA,金城劃段,2.08,都市：農,1000,47,持分移轉,02660029
RPUNMLPKKIJFFAW07CA,金城劃段,104.55,都市：農,1,1,全筆移轉,02660020
RPUNMLPKKIJFFAW07CA,金城劃段,33.39,都市：農,757180,33390,持分移轉,02660000
RPUNMLPKKIJFFAW07CA,金城劃段,12.05,都市：農,1000,272,持分移轉,02660029
RPOOMLPKKIJFFAW56CA,金城劃段,255.34,都市：農,1,1,全筆移轉,02660026
RPOOMLPKKIJFFAW56CA,金城劃段,24.23,都市：農,757180,24230,持分移轉,02660000
RPOOMLPKKIJFFAW56CA,金城劃段,24.51,都市：農,10,4,持分移轉,02660027
RPOOMLPKKIJFFAW56CA,金城劃段,.89,都市：農,1000,20,持分移轉,02660029
RPXNMLPKKIJFFAW37CA,金城劃段,178.73,都市：農,1,1,全筆移轉,02660025
RPXNMLPKKIJFFAW37CA,金城劃段,71.17,都市：農,757180,71170,持分移轉,02660000
RPXNMLPKKIJFFAW37CA,金城劃段,36.76,都市：農,10,6,持分移轉,02660027
RPXNMLPKKIJFFAW37CA,金城劃段,18.61,都市：農,1000,420,持分移轉,02660029
RPVNMLPKKIJFFAW17CA,金城劃段,104.55,都市：農,1,1,全筆移轉,02660021
RPVNMLPKKIJFFAW17CA,金城劃段,43.69,都市：農,757180,43690,持分移轉,02660000
RPVNMLPKKIJFFAW17CA,金城劃段,2.08,都市：農,1000,47,持分移轉,02660029
RPTNMLPKKIJFFAW96CA,金城劃段,112.01,都市：農,1,1,全筆移轉,02660016
RPTNMLPKKIJFFAW96CA,金城劃段,38.01,都市：農,757180,38010,持分移轉,02660000
RPTNMLPKKIJFFAW96CA,金城劃段,.84,都市：農,1000,19,持分移轉,02660029
RPSNMLPKKIJFFAW86CA,金城劃段,112.01,都市：農,1,1,全筆移轉,02660015
RPSNMLPKKIJFFAW86CA,金城劃段,62.09,都市：農,757180,62090,持分移轉,02660000
RPSNMLPKKIJFFAW86CA,金城劃段,.84,都市：農,1000,19,持分移轉,02660029
RPWNMLPKKIJFFAW27CA,金城劃段,119.20,都市：農,1,1,全筆移轉,02660024
RPWNMLPKKIJFFAW27CA,金城劃段,44.67,都市：農,757180,44670,持分移轉,02660000
RPQNMLPKKIJFFAW66CA,金城劃段,104.23,都市：農,1,1,全筆移轉,02660013
RPWNMLPKKIJFFAW27CA,金城劃段,.89,都市：農,1000,20,持分移轉,02660029
RPQNMLPKKIJFFAW66CA,金城劃段,51.49,都市：農,757180,51490,持分移轉,02660000
RPQNMLPKKIJFFAW66CA,金城劃段,.80,都市：農,1000,18,持分移轉,02660029
RPSNMLTKJIJFFAW17CA,金門城段,497.00,都市：住,1,1,全筆移轉,04260000
RPRNMLPLJIJFFAW76CA,寧安二劃段,953.00,都市：農,1,1,全筆移轉,03340000
RPUNMLTKJIJFFAW37CA,沙田劃段,1000.00,都市：其他:保護區,1,1,全筆移轉,01010000
RPUNMLTKJIJFFAW37CA,沙田劃段,660.00,都市：其他:保護區,1,1,全筆移轉,01130000
RPPNMLLLJIJFFAW78CA,浦邊測段,753.01,都市：農,1,1,全筆移轉,06520000
RPTNMLTKJIJFFAW27CA,榜林村段,125.00,都市：其他:自然村專用區,1,1,全筆移轉,00640000
RPQNMLKLJIJFFAW78CA,北九劃段,1000.00,都市：農,1,1,全筆移轉,10340000
RPPNMLTKJIJFFAW96DA,西堡劃測段,987.82,都市：農,1,1,全筆移轉,04780000
RPQNMLTKJIJFFAW96CA,中四劃段,565.83,都市：農,1,1,全筆移轉,03220000
RPQNMLTKJIJFFAW96CA,中四劃段,700.00,都市：農,1,1,全筆移轉,03230000
RPQNMLTKJIJFFAW96CA,后盤山段,1443.75,都市：農,1,1,全筆移轉,00080000
RPVNMLTKJIJFFAW57DA,瓊林段,1215.47,都市：其他:第二類一般管制區,1,1,全筆移轉,05150001
RPQNMLOLJIJFFAW66DA,蜈蚣山段,494.34,都市：其他:外圍緩衝用地,1,1,全筆移轉,01530000
RPQNMLOLJIJFFAW66DA,蜈蚣山段,91.46,都市：其他:外圍緩衝用地,1,1,全筆移轉,01800000
RPQNMLOLJIJFFAW66DA,蜈蚣山段,132.56,都市：其他:外圍緩衝用地,1,1,全筆移轉,01810000
RPSNMLOJKIJFFAW66CA,黃埔段,70.00,都市：其他:自然村,1,1,全筆移轉,02260001
RPSNMLPLJIJFFAW86CA,中蘭劃測段,1320.02,都市：農,1,1,全筆移轉,01900000
RPSNMLOLJIJFFAW86DA,蜈蚣山段,555.72,都市：其他:外圍緩衝用地,1,1,全筆移轉,01070000
RPQNMLOJKIJFFAW56DA,蜈蚣山段,668.03,都市：其他:第二類一般管制區,1,1,全筆移轉,03660000
RPQNMLOJKIJFFAW56DA,蜈蚣山段,306.71,都市：其他:外圍緩衝用地,1,1,全筆移轉,00680000
RPQNMLOJKIJFFAW56DA,蜈蚣山段,374.95,都市：其他:第二類一般管制區,1,1,全筆移轉,03740000
RPPNMLOLJIJFFAW09CA,祥和段,59.00,都市：其他:第六種住宅區、道路用地,1,1,全筆移轉,06180000
RPRNMLTJKIJFFAW07CA,寧劃段,489.91,都市：農,1,1,全筆移轉,12160000
RPTNMLLJKIJFFAW09CA,水頭段,359.54,都市：其他:公園用地.農業區,1,1,全筆移轉,03310000
RPRNMLOLJIJFFAW66CA,水頭段,233.34,都市：農,2,1,持分移轉,05960000
RPTNMLPLJIJFFAW96CA,湖前段,193.36,都市：住,1,1,全筆移轉,06500000
RPPNMLQLJIJFFAW76DA,庵下測段,454.29,都市：其他:保護區,1,1,全筆移轉,07500000
RPPNMLQLJIJFFAW76DA,紅山測段,164.78,都市：其他:保護區,1,1,全筆移轉,00730000
RPQNMLQLJIJFFAW86DA,北堤段,66.65,都市：其他:第三種住宅區。,1,1,全筆移轉,01690000
RPQNMLPLJIJFFAW66CA,庵前劃測段,324.81,都市：農,2,1,持分移轉,11700000
RPQNMLPLJIJFFAW66CA,庵前劃測段,12.70,都市：其他:道路用地,2,1,持分移轉,11700001
RPUNMLQLJIJFFAW27DA,漁村段,324.80,都市：其他:風景區,1,1,全筆移轉,06870000
RPUNMLQLJIJFFAW27DA,塔后段,1596.67,都市：其他:保護區,1,1,全筆移轉,02010001
RPUNMLPLJIJFFAW07CA,湖前段,200.10,都市：住,1,1,全筆移轉,06400000
RPWNMLPLJIJFFAW27CA,塔后段,102.94,都市：住,1,1,全筆移轉,00190001
RPXNMLPLJIJFFAW37CA,塔后段,102.15,都市：住,1,1,全筆移轉,00190002
RPVNMLTJKIJFFAW47CA,北一段,503.31,都市：農,1,1,全筆移轉,05580000
RPSNMLLJKIJFFAW98CA,官嶼劃段,992.00,都市：農,1,1,全筆移轉,01420000
RPSNMLLJKIJFFAW98CA,官嶼劃段,8.00,都市：農,1,1,全筆移轉,01420001
RPSNMLLJKIJFFAW98CA,官嶼劃段,984.00,都市：農,1,1,全筆移轉,02790000
RPSNMLLJKIJFFAW98CA,官嶼劃段,16.00,都市：農,1,1,全筆移轉,02790001
RPRNMLQLJIJFFAW86CA,浯坑劃測段,1110.02,都市：農,1,1,全筆移轉,01740000
RPSNMLTJKIJFFAW17CA,西山段,1163.62,都市：農,1,1,全筆移轉,10050000
RPTNMLQLJIJFFAW17DA,上后垵段,68.00,都市：住,1,1,全筆移轉,01140001
RPTNMLQLJIJFFAW17DA,上后垵段,22.75,都市：住,56,7,持分移轉,01140000
RPTNMLQLJIJFFAW17DA,上后垵段,31.52,都市：住,1000,197,持分移轉,01140007
RPTNMLTJKIJFFAW27CA,士校段,2653.15,都市：農,1,1,全筆移轉,00130000
RPTNMLTJKIJFFAW27CA,士校段,133.27,都市：其他:,1,1,全筆移轉,00140001
RPQNMLRLJIJFFAW96DA,官嶼劃段,1016.47,都市：農,1,1,全筆移轉,06250000
RPQNMLRLJIJFFAW96DA,官嶼劃段,16.53,都市：農,1,1,全筆移轉,06250001
RPQNMLLJKIJFFAW78CA,賢厝段,1264.00,都市：農,1,1,全筆移轉,08750000
RPQNMLLJKIJFFAW78CA,賢厝段,574.00,都市：農,1,1,全筆移轉,08760000
RPQNMLLJKIJFFAW78CA,賢厝段,628.00,都市：農,1,1,全筆移轉,08770000
RPUNMLLJKIJFFAW56CA,水頭段,200.07,都市：其他:公園用地.農地,1,1,全筆移轉,03300000
RPPNMLNJKIJFFAW88CA,城隍廟段,42.45,都市：其他:住二商二,393,42,持分移轉,01750000
RPPNMLNJKIJFFAW88CA,城隍廟段,13.97,都市：其他:商二,38,14,持分移轉,01790000
RPWNMLLJKIJFFAW76CA,斗門劃測段,200.00,都市：農,1,1,全筆移轉,00460001
RPVNMLLJKIJFFAW66CA,汶沙段,647.00,都市：住,1,1,全筆移轉,00540001
RPRNMLLJKIJFFAW88CA,古坵段,828.00,都市：農,1,1,全筆移轉,09020000
RPRNMLLJKIJFFAW88CA,古坵段,581.00,都市：農,1,1,全筆移轉,10580000
RPRNMLLJKIJFFAW88CA,舊金城段,454.00,都市：農,1,1,全筆移轉,09140000
RPPNMLTJKIJFFAW96DA,市港段,166.11,都市：住,100,50,持分移轉,00550000
RPPNMLPJKIJFFAW09CA,斗門劃測段,700.40,都市：農,1,1,全筆移轉,00460000
RPPNMLPJKIJFFAW09CA,斗門劃測段,79.80,都市：其他:道路用地,1,1,全筆移轉,00460002
RPVNMLMJKIJFFAW76CA,祥安段,978.09,都市：其他:公園用地,1,1,全筆移轉,05070000
RPVNMLMJKIJFFAW76CA,祥安段,13.22,都市：其他:道,1,1,全筆移轉,05080000
RPVNMLMJKIJFFAW76CA,祥安段,4.72,都市：其他:公園用地,1,1,全筆移轉,05090000
RPSNMLNJKIJFFAW56CA,山前段,279.00,都市：農,1,1,全筆移轉,03330000
RPSNMLNJKIJFFAW56CA,山前段,93.00,都市：農,1,1,全筆移轉,03730000
RPPNMLKKKIJFFAW68CA,中四劃段,462.00,都市：農,1,1,全筆移轉,01980000
RPQNMLTJKIJFFAW07DA,市港段,26.58,都市：住,100,8,持分移轉,00550000
RPRNMLMJKIJFFAW09DA,庵前劃測段,623.52,都市：其他:保護區,1,1,全筆移轉,04040000
RPSNMLMJKIJFFAW56DA,庵前劃測段,806.41,都市：其他:保護區,1,1,全筆移轉,04690000
RPUNMLTJKIJFFAW37CA,后盤村段,123.00,都市：住,1,1,全筆移轉,01270000
RPTNMLNJKIJFFAW66CA,沙田劃段,1147.00,都市：其他:保護區,1,1,全筆移轉,00070000
RPTNMLOJKIJFFAW76CA,多年段,431.00,都市：其他:自然村,1,1,全筆移轉,01020000
RPTNMLOJKIJFFAW76CA,多年段,458.00,都市：其他:自然村保護區,1,1,全筆移轉,01060000
RPPNMLSJKIJFFAW86DA,斗門劃測段,563.68,都市：農,1,1,全筆移轉,02510000
RPQPMLPKKIJFFAW86CA,金城劃段,112.37,都市：農,1,1,全筆移轉,02660018
RPQPMLPKKIJFFAW86CA,金城劃段,40.51,都市：農,757180,40510,持分移轉,02660000
RPQPMLPKKIJFFAW86CA,金城劃段,.89,都市：農,1000,20,持分移轉,02660029
RPPPMLPKKIJFFAW76CA,金城劃段,83.67,都市：農,1,1,全筆移轉,02660017
RPPPMLPKKIJFFAW76CA,金城劃段,20.21,都市：農,1,1,全筆移轉,02660028
RPPPMLPKKIJFFAW76CA,金城劃段,67.01,都市：農,757180,67010,持分移轉,02660000
RPPPMLPKKIJFFAW76CA,金城劃段,.89,都市：農,1000,20,持分移轉,02660029
RPRPMLPKKIJFFAW96CA,金城劃段,104.55,都市：農,1,1,全筆移轉,02660019
RPRPMLPKKIJFFAW96CA,金城劃段,48.46,都市：農,757180,48460,持分移轉,02660000
RPRPMLPKKIJFFAW96CA,金城劃段,.89,都市：農,1000,20,持分移轉,02660029
RPVNMLRKKIJFFAW37CA,寧湖三劃段,685.78,都市：其他:,1,1,全筆移轉,06060000
RPQNMLNLKIJFFAW66DA,安西劃段,192.84,都市：農,1,1,全筆移轉,05490000
RPSPMLPKKIJFFAW07CA,金城劃段,112.01,都市：農,1,1,全筆移轉,02660023
RPSPMLPKKIJFFAW07CA,金城劃段,61.33,都市：農,757180,61330,持分移轉,02660000
RPSPMLPKKIJFFAW07CA,金城劃段,.89,都市：農,1000,20,持分移轉,02660029
RPVNMLLKKIJFFAW76CA,湖后劃段,1000.00,都市：其他:自然村專用區,1,1,全筆移轉,00650000
RPWNMLLKKIJFFAW86CA,湖后劃段,1000.00,都市：其他:自然村專用區,1,1,全筆移轉,00640000
RPTNMLRKKIJFFAW27DA,長寮段,108.16,都市：住,10000,842,持分移轉,00380000
RPXNMLLKKIJFFAW96CA,湖后劃段,1000.00,都市：其他:自然村專用區,1,1,全筆移轉,00660000
RPXNMLLKKIJFFAW96CA,湖后劃段,1000.00,都市：其他:自然村專用區,1,1,全筆移轉,00670000
RPWNMLTLKIJFFAW77CA,士校段,70.75,都市：住,1,1,全筆移轉,03790007
RPTNMLTLKIJFFAW47CA,士校段,35.38,都市：住,2,1,持分移轉,03790006
RPTNMLTLKIJFFAW47CA,士校段,35.38,都市：住,2,1,持分移轉,03790006
RPWNMLRKKIJFFAW47CA,南雄段,56.56,都市：住,1,1,全筆移轉,09060006
RPPNMLOKKIJFFAW09CA,寧湖二劃測段,500.00,都市：農,1,1,全筆移轉,02610000
RPVPMLPKKIJFFAW37CA,天后宮段,130.21,都市：住,1,1,全筆移轉,02620000
RPWPMLPKKIJFFAW47CA,峰上段,337.00,都市：其他:自然村專用區,1,1,全筆移轉,07400000
RPWPMLPKKIJFFAW47CA,峰上段,177.00,都市：其他:自然村專用區,1,1,全筆移轉,07420000
RPWPMLPKKIJFFAW47CA,峰上段,690.00,都市：其他:自然村專用區、農業區,1,1,全筆移轉,09470000
RPXPMLPKKIJFFAW57CA,新市段,66.31,都市：其他:第二種商業區、道路用地,1,1,全筆移轉,10980000
RPXPMLPKKIJFFAW57CA,新市段,6.83,都市：其他:綠地,1,1,全筆移轉,10990000
RPSNMLTLKIJFFAW37CA,士校段,70.75,都市：住,1,1,全筆移轉,03790005
RPRNMLTLKIJFFAW27CA,士校段,102.62,都市：住,1,1,全筆移轉,03790004
RPXNMLOLKIJFFAW37CA,西堡劃測段,900.00,都市：農,1,1,全筆移轉,04980000
RPXNMLTLKIJFFAW87CA,士校段,70.75,都市：住,1,1,全筆移轉,03790008
RPPOMLTLKIJFFAW17CA,士校段,42.29,都市：住,3,1,持分移轉,03790010
RPTNMLSKKIJFFAW27CA,寧安二劃段,980.73,都市：農,1,1,全筆移轉,00850000
RPPNMLTLKIJFFAW07CA,延平段,74.98,都市：農,1,1,全筆移轉,04860000
RPPNMLTLKIJFFAW07CA,延平段,38.58,都市：農,1,1,全筆移轉,04890004
RPPNMLTLKIJFFAW07CA,延平段,12.68,都市：農,1,1,全筆移轉,04890008
RPTPMLPKKIJFFAW17CA,高坑劃測段,464.22,都市：農,1,1,全筆移轉,08350000
RPWOMLMKKIJFFAW17DA,湖前段,111.43,都市：農,1,1,全筆移轉,08450014
RPUNMLRKKIJFFAW37DA,長寮段,56.01,都市：住,10000,436,持分移轉,00380000
RPOPMLPKKIJFFAW76DA,西堡劃測段,1959.00,都市：農,1,1,全筆移轉,03130000
RPXOMLPKKIJFFAW57DA,東坑段,2.03,都市：住,1,1,全筆移轉,04920004
RPXOMLPKKIJFFAW57DA,東坑段,34.48,都市：住,1,1,全筆移轉,04920003
RPXOMLPKKIJFFAW57DA,東坑段,4.78,都市：住,1,1,全筆移轉,04920005
RPPNMLQKKIJFFAW76DA,鎮西段,866.73,都市：農,1,1,全筆移轉,03090000
RPUNMLMLKIJFFAW86CA,瓊林段,549.51,都市：農,1,1,全筆移轉,03840000
RPRNMLRKKIJFFAW07DA,長寮段,52.54,都市：住,10000,409,持分移轉,00380000
RPPOMLSKKIJFFAW96CA,寧安五劃段,1142.24,都市：農,1,1,全筆移轉,01480000
RPPOMLSKKIJFFAW96CA,寧安五劃段,350.76,都市：農,1,1,全筆移轉,01480001
RPPOMLSKKIJFFAW96CA,寧安五劃段,749.00,都市：農,1,1,全筆移轉,01500000
RPPOMLSKKIJFFAW96CA,龍潭段,911.35,都市：其他:國家公園區,1,1,全筆移轉,03190000
RPSNMLRKKIJFFAW17DA,長寮段,56.01,都市：住,10000,436,持分移轉,00380000
RPPNMLMLKIJFFAW98CA,后頭段,1178.00,都市：其他:農業區，保護區，自然村專用區,1,1,全筆移轉,00040000
RPPNMLMLKIJFFAW98CA,烈濱劃測段,900.00,都市：農,1,1,全筆移轉,12420000
RPUPMLPKKIJFFAW27CA,庵前劃測段,649.62,都市：農,1,1,全筆移轉,11700000
RPUPMLPKKIJFFAW27CA,庵前劃測段,25.40,都市：其他:道路用地,1,1,全筆移轉,11700001
RPPNMLRKKIJFFAW76CA,北二三劃測段,12.91,都市：其他:自然村專用區,10000,778,持分移轉,02290003
RPQNMLRKKIJFFAW86CA,北二三劃測段,12.91,都市：其他:自然村專用區,10000,778,持分移轉,02290003
RPXNMLRKKIJFFAW57CA,北二三劃測段,12.91,都市：其他:自然村專用區,10000,778,持分移轉,02290003
RPRNMLSKKIJFFAW07CA,北二三劃測段,66.67,都市：其他:自然村專用區,10000,1713,持分移轉,02290004
RPWNMLTKKIJFFAW67CA,北二三劃測段,12.91,都市：其他:自然村專用區,10000,778,持分移轉,02290003
SPOOMLTKKIJFFAW07CA,北二三劃測段,15.18,都市：其他:自然村專用區,10000,915,持分移轉,02290003
RPXNMLTKKIJFFAW77CA,北二三劃測段,66.67,都市：其他:自然村專用區,10000,1713,持分移轉,02290004
RPOOMLTKKIJFFAW96CA,北二三劃測段,15.18,都市：其他:自然村專用區,10000,915,持分移轉,02290003
RPVNMLOLKIJFFAW17CA,南塘段,147.00,都市：住,1,1,全筆移轉,00480000
RPVNMLOLKIJFFAW17CA,南塘段,61.00,都市：住,1,1,全筆移轉,00780000
RPSNMLRLKIJFFAW17CA,東沙段,403.28,都市：農,1,1,全筆移轉,09210000
RPRNMLMLKIJFFAW66DA,斗門劃測段,500.03,都市：農,1,1,全筆移轉,10610000
RPOOMLRKKIJFFAW86DA,前水頭段,56.00,都市：住,1,1,全筆移轉,05680000
RPPOMLRKKIJFFAW96DA,前水頭段,343.00,都市：住,1,1,全筆移轉,05690000
RPSNMLPJJHKFFAW66CA,北四劃段,627.00,都市：農,1,1,全筆移轉,05140000
RPQNMLMLKIJFFAW56DA,斗門劃測段,452.33,都市：農,1,1,全筆移轉,10930000
RPQNMLMLKIJFFAW56DA,斗門劃測段,87.68,都市：農,1,1,全筆移轉,10930001
RPXNMLSKKIJFFAW67CA,寧湖三劃段,840.00,都市：農,1,1,全筆移轉,04360000
RPXNMLSKKIJFFAW67CA,寧湖三劃段,333.33,都市：農,1,1,全筆移轉,04580000
RPXNMLSKKIJFFAW67CA,寧湖三劃段,1000.00,都市：農,1,1,全筆移轉,04590000
RPQNMLTKKIJFFAW17DA,舊金城段,1173.00,都市：農,1,1,全筆移轉,00980000
RPQOMLTKKIJFFAW17CA,北二三劃測段,66.67,都市：其他:自然村專用區,10000,1713,持分移轉,02290004
RPPOMLTKKIJFFAW07CA,北二三劃測段,61.26,都市：其他:自然村專用區,10000,1574,持分移轉,02290004
RPPNMLTKKIJFFAW96CA,峰上段,80.00,都市：其他:自然村專用區,1,1,全筆移轉,08680000
RPSNMLSKKIJFFAW17CA,北二三劃測段,66.67,都市：其他:自然村專用區,10000,1713,持分移轉,02290004
RPUNMLTKKIJFFAW47CA,中三劃測段,700.00,都市：農,1,1,全筆移轉,04280000
RPSNMLTKKIJFFAW27CA,中蘭劃測段,450.00,都市：農,1,1,全筆移轉,00940000
RPVNMLTKKIJFFAW57CA,鎮西段,1005.38,都市：農,1,1,全筆移轉,04430000
RPQNMLSKKIJFFAW96CA,北二三劃測段,15.18,都市：其他:自然村專用區,10000,915,持分移轉,02290003
RPRNMLTKKIJFFAW27DA,小西門劃測段,51.15,都市：住,21,2,持分移轉,02140000
RPTNMLNLKIJFFAW96DA,長寮段,602.59,都市：住,10000,4691,持分移轉,00380000
RPSNMLOJJHKFFAW56CA,長寮段,108.29,都市：住,10000,843,持分移轉,00380000
RPXNMLNLKIJFFAW27CA,后垵段,819.90,都市：農,1,1,全筆移轉,08180000
RPRNMLNLKIJFFAW66CA,城南段,79.18,都市：住,1,1,全筆移轉,06960000
RPUNMLNLKIJFFAW96CA,寧古劃段,500.00,都市：其他:國冢公園--第二類一般管制區,1,1,全筆移轉,04620000
RPVNMLNLKIJFFAW07CA,湖尾段,693.32,都市：其他:自然村專用區、農業區,1,1,全筆移轉,09310000
RPWNMLNLKIJFFAW17CA,寧湖二劃測段,507.97,都市：農,1,1,全筆移轉,13940000
RPRNMLOLKIJFFAW76CA,北九劃段,1000.00,都市：農,1,1,全筆移轉,10910000
RPRNMLOLKIJFFAW76CA,英坑段,350.35,都市：農,1,1,全筆移轉,05490000
RPSNMLOLKIJFFAW86CA,汶沙段,164.00,都市：其他:自然村專用區,1,1,全筆移轉,02020000
RPSNMLOLKIJFFAW86CA,汶沙段,184.00,都市：其他:自然村專用區,1,1,全筆移轉,19310000
RPRNMLPLKIJFFAW86CA,北二三劃測段,61.56,都市：其他:自然村專用區,10000,1673,持分移轉,02290000
RPQNMLTLKIJFFAW17CA,寧湖三劃段,913.00,都市：農,1,1,全筆移轉,04880000
RPROMLTLKIJFFAW37CA,士校段,42.29,都市：住,3,1,持分移轉,03790010
RPRNMLMJJHKFFAW88CA,長寮段,49.97,都市：住,10000,389,持分移轉,00380000
RPQNMLOJJHKFFAW98CA,長寮段,142.20,都市：住,10000,1107,持分移轉,00380000
RPTOMLTLKIJFFAW57CA,士校段,70.75,都市：住,1,1,全筆移轉,03790009
RPUOMLTLKIJFFAW67CA,蔡厝劃測段,762.56,都市：農,1,1,全筆移轉,03290000
RPSNMLPLKIJFFAW96CA,沙田劃段,1000.00,都市：其他:保護區,1,1,全筆移轉,05700000
RPSNMLPLKIJFFAW96CA,沙田劃段,653.00,都市：其他:保護區、道路用地,1,1,全筆移轉,05710000
RPQNMLPLKIJFFAW76CA,北二三劃測段,60.90,都市：其他:自然村專用區,10000,1655,持分移轉,02290000
RPPNMLPLKIJFFAW66CA,北二三劃測段,61.26,都市：其他:自然村專用區,10000,1574,持分移轉,02290004
RPRNMLQLKIJFFAW96CA,祥瑞段,99.87,都市：住,1,1,全筆移轉,09000000
RPQNMLQLKIJFFAW86CA,湖前段,25.69,都市：其他:自然村專用區,10000,1091,持分移轉,08230005
RPSNMLQLKIJFFAW07CA,延平段,347.09,都市：農,1,1,全筆移轉,07050000
RPQNMLRLKIJFFAW96CA,寧湖三劃段,493.00,都市：其他:閩南專用區,1,1,全筆移轉,06630001
RPVNMLRLKIJFFAW47CA,寧劃段,490.23,都市：農,1,1,全筆移轉,10570000
RPPNMLNKJHKFFAW88CA,東沙段,183.08,都市：農,1,1,全筆移轉,05430000
RPPNMLNKJHKFFAW88CA,東沙段,273.08,都市：農,1,1,全筆移轉,09410000
RPWNMLRLKIJFFAW57CA,斗門劃測段,1000.01,都市：農,1,1,全筆移轉,04420000
RPWNMLRLKIJFFAW57CA,斗門劃測段,360.00,都市：其他:農業區、自然村專用區,1,1,全筆移轉,08230012
RPUNMLRLKIJFFAW37CA,陽宅段,263.00,都市：其他:自然村專用區,1,1,全筆移轉,10940000
RPTNMLRLKIJFFAW27CA,寧北一劃段,978.57,都市：農,1,1,全筆移轉,02920000
RPSNMLNKJHKFFAW56CA,舊金城段,753.00,都市：農,1,1,全筆移轉,04080000
RPVOMLTLKIJFFAW77CA,山前段,1867.74,都市：農,1,1,全筆移轉,06240000
RPVOMLTLKIJFFAW77CA,山前段,69.64,都市：其他:道路用地,1,1,全筆移轉,06670001
RPTNMLNKJHKFFAW66CA,中蘭劃測段,979.98,都市：農,1,1,全筆移轉,06980000
RPSOMLTLKIJFFAW47CA,寧劃段,490.50,都市：農,1,1,全筆移轉,01460000
RPVNMLTLKIJFFAW67CA,寧安二劃段,1000.00,都市：農,1,1,全筆移轉,03620000
RPRNMLRLKIJFFAW07CA,東沙段,1304.68,都市：其他:國家公園--第二類一般管制區,1,1,全筆移轉,09530000
RPRNMLKMKIJFFAW09CA,大山頂測段,178.84,都市：其他:農業區、自然村專用區,1,1,全筆移轉,00920000
RPRNMLKMKIJFFAW09CA,公園測段,238.96,都市：其他:體育場用地,1,1,全筆移轉,03170000
RPRNMLKMKIJFFAW09CA,公園測段,359.82,都市：其他:體育場用地,1,1,全筆移轉,05080000
RPRNMLKMKIJFFAW09CA,公園測段,439.29,都市：農,1,1,全筆移轉,06130000
RPRNMLKMKIJFFAW09CA,東園劃段,434.31,都市：農,1,1,全筆移轉,00340000
RPOOMLTLKIJFFAW07CA,祥安段,662.36,都市：其他:公園用地,1,1,全筆移轉,09620000
RPOOMLTLKIJFFAW07CA,祥安段,322.63,都市：其他:道路用地,1,1,全筆移轉,09630000
RPOOMLTLKIJFFAW07CA,祥安段,252.05,都市：農,1,1,全筆移轉,09640000
RPRNMLNKJHKFFAW09CA,蜈蚣山段,668.03,都市：其他:第二類一般管制區,1,1,全筆移轉,03660000
RPRNMLNKJHKFFAW09CA,蜈蚣山段,374.95,都市：其他:第二類一般管制區,1,1,全筆移轉,03740000
RPQNMLSJJHKFFAW76CA,北二三劃測段,1169.71,都市：農,1,1,全筆移轉,07640000
RPVNMLPJJHKFFAW96CA,東面山測段,187.36,都市：農,2,1,持分移轉,10360000
RPVNMLPJJHKFFAW96CA,東面山測段,187.36,都市：農,2,1,持分移轉,10360000
RPUNMLPJJHKFFAW86CA,東面山測段,113.68,都市：其他:保護區,1,1,全筆移轉,11090000
RPPNMLQJJHKFFAW09CA,祥瑞段,11.16,都市：其他:停車場用地,6534,1446,持分移轉,06830000
RPPNMLQJJHKFFAW09CA,祥瑞段,5.44,都市：商,6534,1446,持分移轉,06840000
RPPNMLQJJHKFFAW09CA,祥瑞段,7.76,都市：住,6534,3272,持分移轉,06850000
RPPNMLQJJHKFFAW09CA,祥瑞段,8.79,都市：其他:停車場用地,6534,1446,持分移轉,07260001
RPTNMLPJJHKFFAW76CA,東面山測段,42.65,都市：其他:自然村專用區,6,1,持分移轉,11150000
RPTNMLPJJHKFFAW76CA,東面山測段,42.65,都市：其他:自然村專用區,6,1,持分移轉,11150000
RPTNMLPJJHKFFAW76CA,東面山測段,42.65,都市：其他:自然村專用區,6,1,持分移轉,11150000
RPTNMLPJJHKFFAW76CA,東面山測段,42.65,都市：其他:自然村專用區,6,1,持分移轉,11150000
RPTNMLPJJHKFFAW76CA,東面山測段,42.65,都市：其他:自然村專用區,6,1,持分移轉,11150000
RPTNMLPJJHKFFAW76CA,東面山測段,42.65,都市：其他:自然村專用區,6,1,持分移轉,11150000
RPTNMLPJJHKFFAW76CA,東面山測段,30.60,都市：其他:自然村專用區,6,1,持分移轉,11220000
RPTNMLPJJHKFFAW76CA,東面山測段,30.60,都市：其他:自然村專用區,6,1,持分移轉,11220000
RPTNMLPJJHKFFAW76CA,東面山測段,30.60,都市：其他:自然村專用區,6,1,持分移轉,11220000
RPTNMLPJJHKFFAW76CA,東面山測段,30.60,都市：其他:自然村專用區,6,1,持分移轉,11220000
RPTNMLPJJHKFFAW76CA,東面山測段,30.60,都市：其他:自然村專用區,6,1,持分移轉,11220000
RPTNMLPJJHKFFAW76CA,東面山測段,30.60,都市：其他:自然村專用區,6,1,持分移轉,11220000
RPTNMLPJJHKFFAW76CA,東面山測段,32.18,都市：其他:自然村專用區,6,1,持分移轉,11380000
RPTNMLPJJHKFFAW76CA,東面山測段,32.18,都市：其他:自然村專用區,6,1,持分移轉,11380000
RPTNMLPJJHKFFAW76CA,東面山測段,32.18,都市：其他:自然村專用區,6,1,持分移轉,11380000
RPTNMLPJJHKFFAW76CA,東面山測段,32.18,都市：其他:自然村專用區,6,1,持分移轉,11380000
RPTNMLPJJHKFFAW76CA,東面山測段,32.18,都市：其他:自然村專用區,6,1,持分移轉,11380000
RPTNMLPJJHKFFAW76CA,東面山測段,32.18,都市：其他:自然村專用區,6,1,持分移轉,11380000
RPTNMLPJJHKFFAW76CA,東面山測段,61.27,都市：其他:自然村專用區,6,1,持分移轉,11410000
RPTNMLPJJHKFFAW76CA,東面山測段,61.27,都市：其他:自然村專用區,6,1,持分移轉,11410000
RPTNMLPJJHKFFAW76CA,東面山測段,61.27,都市：其他:自然村專用區,6,1,持分移轉,11410000
RPTNMLPJJHKFFAW76CA,東面山測段,61.27,都市：其他:自然村專用區,6,1,持分移轉,11410000
RPTNMLPJJHKFFAW76CA,東面山測段,61.27,都市：其他:自然村專用區,6,1,持分移轉,11410000
RPTNMLPJJHKFFAW76CA,東面山測段,61.27,都市：其他:自然村專用區,6,1,持分移轉,11410000
RPTNMLPJJHKFFAW76CA,西方劃測段,100.00,都市：其他:文教區,6,1,持分移轉,00150000
RPTNMLPJJHKFFAW76CA,西方劃測段,100.00,都市：其他:文教區,6,1,持分移轉,00150000
RPTNMLPJJHKFFAW76CA,西方劃測段,100.00,都市：其他:文教區,6,1,持分移轉,00150000
RPTNMLPJJHKFFAW76CA,西方劃測段,100.00,都市：其他:文教區,6,1,持分移轉,00150000
RPTNMLPJJHKFFAW76CA,西方劃測段,100.00,都市：其他:文教區,6,1,持分移轉,00150000
RPTNMLPJJHKFFAW76CA,西方劃測段,100.00,都市：其他:文教區,6,1,持分移轉,00150000
RPSNMLRJJHKFFAW86CA,古寧頭段,45.00,都市：住,4,2,持分移轉,08450000
RPQNMLQJJHKFFAW56CA,后豐港段,596.44,都市：其他:自然村專用區,1,1,全筆移轉,08160000
RPQNMLQJJHKFFAW56CA,后豐港段,103.81,都市：其他:道路用地,1,1,全筆移轉,08160001
RPQNMLQJJHKFFAW56CA,后豐港段,4.75,都市：農,1,1,全筆移轉,08160002
RPSNMLQJJHKFFAW76CA,后壟段,1000.00,都市：農,1,1,全筆移轉,01900000
RPPNMLLJJHKFFAW58CA,旗牌段,630.00,都市：農,1,1,全筆移轉,01490000
RPQNMLLJJHKFFAW68CA,寧湖三劃段,500.00,都市：農,2,1,持分移轉,05800000
RPQNMLLJJHKFFAW68CA,寧湖三劃段,500.00,都市：農,2,1,持分移轉,05800000
RPSNMLSJJHKFFAW96CA,后宅測段,852.00,都市：農,1,1,全筆移轉,08020000
RPSNMLSJJHKFFAW96CA,后宅測段,640.01,都市：農,1,1,全筆移轉,10780000
RPSNMLSJJHKFFAW96CA,后宅測段,322.17,都市：農,1,1,全筆移轉,10850000
RPSNMLSJJHKFFAW96CA,后宅測段,59.00,都市：農,1,1,全筆移轉,10860000
RPRNMLSJJHKFFAW86CA,太湖劃測段,269.85,都市：住,20,15,持分移轉,14810000
RPXNMLSJJHKFFAW47CA,小西門劃測段,59.26,都市：其他:自然村專用區,1,1,全筆移轉,11300000
RPPNMLMKJHKFFAW78CA,賢厝村段,186.50,都市：其他:自然村專用區,2,1,持分移轉,01030000
RPPNMLMKJHKFFAW78CA,賢厝村段,186.50,都市：其他:自然村專用區,2,1,持分移轉,01030000
RPVNMLSJJHKFFAW37DA,寧湖二劃測段,668.27,都市：農,1,1,全筆移轉,15360000
RPSNMLKMKIJFFAW66DA,中二劃段,1009.89,都市：農,1,1,全筆移轉,02920000
RPSNMLKMKIJFFAW66DA,中二劃段,57.11,都市：農,1,1,全筆移轉,02920001
RPRNMLPKJHKFFAW76DA,寧湖三劃段,700.00,都市：農,1,1,全筆移轉,05420000
RPPNMLPJJHKFFAW09DA,寧湖一劃段,1000.04,都市：農,1,1,全筆移轉,04360000
RPUNMLTLKIJFFAW67DA,寧湖二劃測段,600.14,都市：農,1,1,全筆移轉,14730000
RPUNMLTLKIJFFAW67DA,寧湖二劃測段,760.02,都市：農,1,1,全筆移轉,14730001
RPRNMLOKJHKFFAW56CA,燕南山段,246.58,都市：農,1,1,全筆移轉,00260000
RPRNMLOKJHKFFAW56CA,燕南山段,464.90,都市：農,1,1,全筆移轉,00290000
RPRNMLOKJHKFFAW56CA,燕南山段,.86,都市：其他:道路用地,1,1,全筆移轉,00290001
RPQNMLMKJHKFFAW88CA,山前段,641.03,都市：農,1,1,全筆移轉,10520000
RPQNMLMKJHKFFAW88CA,山前段,90.15,都市：農,1,1,全筆移轉,10540000
RPQNMLOKJHKFFAW09CA,小西門劃測段,205.01,都市：農,1,1,全筆移轉,06300000
RPQNMLOKJHKFFAW09CA,庵前劃測段,659.01,都市：農,1,1,全筆移轉,09100000
RPQNMLPKJHKFFAW56CA,英坑段,748.95,都市：農,1,1,全筆移轉,00150000
RPPNMLPKJHKFFAW09CA,青嶼段,584.00,都市：其他:農業區&自然村專用區,1,1,全筆移轉,09350000
RPUNMLOKJHKFFAW86CA,煙墩段,593.94,都市：其他:自然村專用區,1,1,全筆移轉,09800000
RPUNMLOKJHKFFAW86CA,煙墩段,425.23,都市：其他:自然村專用區,1,1,全筆移轉,09810000
RPVNMLOKJHKFFAW96CA,寧湖一劃段,56.48,都市：其他:自然村專用區,10000,629,持分移轉,02520000
RPPNMLOKJHKFFAW98CA,小西門劃測段,392.96,都市：其他:農業區.自然村,1,1,全筆移轉,01910001
RPSNMLOKJHKFFAW76DA,后湖段,809.92,都市：農,1,1,全筆移轉,02140000
RPRNMLKLJHKFFAW88CA,后宅測段,827.01,都市：農,1,1,全筆移轉,04820000
RPQNMLQKJHKFFAW66CA,北堤段,13.43,都市：住,10000,224,持分移轉,01060000
RPQNMLQKJHKFFAW66CA,北堤段,2.28,都市：其他:道路用地,10000,224,持分移轉,01070000
RPQNMLQKJHKFFAW66CA,北堤段,1.03,都市：住,10000,224,持分移轉,01080000
RPPNMLQLJHKFFAW76DA,機場段,1817.89,都市：農,1,1,全筆移轉,05670000
RPPNMLQKJHKFFAW56CA,北堤段,11.27,都市：住,10000,188,持分移轉,01060000
RPRNMLQKJHKFFAW76CA,祥瑞段,110.05,都市：住,1,1,全筆移轉,07350000
RPRNMLQKJHKFFAW76CA,祥瑞段,1.95,都市：其他:道路用地,1,1,全筆移轉,07360000
RPQNMLKMJHKFFAW98DA,浯坑劃測段,1020.00,都市：農,1,1,全筆移轉,04830000
RPQNMLTKJHKFFAW96CA,北二三劃測段,500.02,都市：農,1,1,全筆移轉,04760001
RPSNMLKLJHKFFAW98CA,太武段,429.06,都市：農,1,1,全筆移轉,06300000
RPSNMLKLJHKFFAW98CA,太武段,704.13,都市：其他:特別景觀區,1,1,全筆移轉,08730002
RPSNMLKLJHKFFAW98CA,太武段,519.38,都市：其他:特別景觀區,1,1,全筆移轉,08790000
RPSNMLKLJHKFFAW98CA,太武段,525.67,都市：農,1,1,全筆移轉,09110000
RPSNMLKLJHKFFAW98CA,太武段,260.80,都市：其他:道路用地,1,1,全筆移轉,09110001
RPSNMLKLJHKFFAW98CA,太武段,602.68,都市：農,1,1,全筆移轉,09680000
RPSNMLKLJHKFFAW98CA,太武段,594.00,都市：農,1,1,全筆移轉,09730000
RPSNMLKLJHKFFAW98CA,太武段,1759.26,都市：農,1,1,全筆移轉,09810000
RPSNMLKLJHKFFAW98CA,太武段,472.12,都市：農,1,1,全筆移轉,10000000
RPSNMLKLJHKFFAW98CA,太武段,623.01,都市：農,1,1,全筆移轉,10280000
RPSNMLKLJHKFFAW98CA,太武段,130.88,都市：農,1,1,全筆移轉,11140000
RPSNMLKLJHKFFAW98CA,太武段,238.57,都市：其他:農業區.公園用地,1,1,全筆移轉,11140001
RPTNMLKLJHKFFAW09CA,太武段,100.08,都市：住,1,1,全筆移轉,06270000
RPTNMLKLJHKFFAW09CA,太武段,165.78,都市：其他:住宅.農業區,1,1,全筆移轉,06270001
RPTNMLKLJHKFFAW09CA,太武段,95.13,都市：農,1,1,全筆移轉,06270002
RPTNMLKLJHKFFAW09CA,太武段,675.16,都市：農,4,3,持分移轉,12410000
RPTNMLOKJHKFFAW76CA,寧湖三劃段,496.26,都市：農,1,1,全筆移轉,05050000
RPTNMLOKJHKFFAW76CA,寧湖三劃段,130.74,都市：其他:道路用地,1,1,全筆移轉,05050001
RPSNMLMLJHKFFAW66DA,寧湖一劃段,55.79,都市：農,6,1,持分移轉,00230000
RPSNMLQKJHKFFAW86CA,東洲段,10300.00,都市：其他:,1,1,全筆移轉,00210022
RPWNMLQKJHKFFAW37DA,士校段,646.56,都市：其他:國家公園區,1,1,全筆移轉,06000000
RPPNMLLLJHKFFAW88DA,上后垵段,79.00,都市：其他:自然村專用區,1,1,全筆移轉,01140006
RPPNMLLLJHKFFAW88DA,上后垵段,22.75,都市：其他:自然村專用區,56,7,持分移轉,01140000
RPPNMLLLJHKFFAW88DA,上后垵段,31.52,都市：其他:自然村專用區,1000,197,持分移轉,01140007
RPRNMLNJKHKFFAW56DA,祥瑞段,58.12,都市：住,2,1,持分移轉,09530000
RPSNMLTJKHKFFAW27DA,大洋段,990.52,都市：農,1,1,全筆移轉,04190000
RPSNMLTJKHKFFAW27DA,大洋段,981.58,都市：農,1,1,全筆移轉,06180000
RPSNMLTJKHKFFAW27DA,大洋段,912.95,都市：農,1,1,全筆移轉,06550000
RPRNMLKKKHKFFAW88CA,中一段,680.18,都市：農,100,68,持分移轉,02770000
RPSNMLQLJHKFFAW96CA,祥豐段,15.16,都市：住,14,1,持分移轉,00290000
RPUNMLRLJHKFFAW27CA,祥豐段,15.16,都市：住,14,1,持分移轉,00290000
RPPOMLRLJHKFFAW86CA,長寮段,52.54,都市：住,10000,409,持分移轉,00380000
RPXNMLRLJHKFFAW57CA,沙碧劃段,1000.00,都市：農,1,1,全筆移轉,00430000
RPRNMLRLJHKFFAW96CA,祥豐段,15.16,都市：住,14,1,持分移轉,00290000
RPQNMLRLJHKFFAW86CA,祥豐段,15.16,都市：住,14,1,持分移轉,00290000
RPTNMLRLJHKFFAW17CA,祥豐段,15.16,都市：住,14,1,持分移轉,00290000
RPOOMLRLJHKFFAW76CA,沙田劃段,1000.00,都市：農,1,1,全筆移轉,03740000
RPQOMLRLJHKFFAW96CA,長寮段,140.27,都市：住,10000,1092,持分移轉,00380000
RPPNMLNLJHKFFAW98CA,小西門劃測段,540.04,都市：農,1,1,全筆移轉,10230000
RPWNMLRLJHKFFAW47CA,沙港劃段,1000.04,都市：農,1,1,全筆移轉,04800000
RPPNMLMLJHKFFAW88CA,太湖劃測段,666.70,都市：農,3,2,持分移轉,13830000
RPPNMLMLJHKFFAW88CA,太湖劃測段,1033.40,都市：農,1,1,全筆移轉,13850000
RPPNMLMLJHKFFAW88CA,太湖劃測段,1033.09,都市：農,1,1,全筆移轉,14140000
RPPNMLMLJHKFFAW88CA,太湖劃測段,500.02,都市：農,2,1,持分移轉,15190000
RPPNMLMLJHKFFAW88CA,太湖劃測段,960.04,都市：農,1,1,全筆移轉,15510000
RPPNMLMLJHKFFAW88CA,太湖劃測段,493.63,都市：農,1,1,全筆移轉,15730001
RPPNMLMLJHKFFAW88CA,太湖劃測段,2023.51,都市：農,2,1,持分移轉,17880000
RPRNMLMLJHKFFAW56DA,寧湖一劃段,55.79,都市：農,6,1,持分移轉,00230000
RPQNMLMJKHKFFAW98DA,中三劃測段,37.33,都市：農,50000,2178,持分移轉,04760000
RPQNMLQLJHKFFAW76CA,賢厝段,922.00,都市：農,1,1,全筆移轉,04100000
RPQNMLQLJHKFFAW76CA,賢厝段,512.00,都市：農,1,1,全筆移轉,04490000
RPQNMLQLJHKFFAW76CA,賢厝段,505.00,都市：農,1,1,全筆移轉,06320000
RPTNMLQLJHKFFAW07CA,庵下測段,327.58,都市：農,1,1,全筆移轉,05160000
RPVNMLRLJHKFFAW37CA,中五劃段,733.00,都市：農,1,1,全筆移轉,00420000
RPVNMLRLJHKFFAW37CA,中五劃段,993.00,都市：農,1,1,全筆移轉,00580000
RPVNMLRLJHKFFAW37CA,中五劃段,573.00,都市：農,1,1,全筆移轉,00720000
RPVNMLRLJHKFFAW37CA,中五劃段,547.00,都市：其他:國家公園第二類一般管制區,1,1,全筆移轉,04550000
TPQPMLNJKHKFFAW76CA,盤山村段,54.33,都市：其他:自然村專用區,6,1,持分移轉,06470003
SPQPMLNJKHKFFAW66CA,盤山村段,54.33,都市：其他:自然村專用區,6,1,持分移轉,06470003
RPSPMLNJKHKFFAW76CA,盤山村段,54.33,都市：其他:自然村專用區,6,1,持分移轉,06470003
RPRPMLNJKHKFFAW66CA,盤山村段,54.33,都市：其他:自然村專用區,6,1,持分移轉,06470003
RPTPMLNJKHKFFAW86CA,盤山村段,54.33,都市：其他:自然村專用區,6,1,持分移轉,06470003
RPQNMLNLJHKFFAW09CA,湖前段,100.67,都市：其他:自然村專用區,1,1,全筆移轉,06240005
RPPNMLSLJHKFFAW86CA,吳厝村段,154.00,都市：其他:道路用地,1,1,全筆移轉,01310001
RPTNMLMLJHKFFAW66CA,中山林段,1205.94,都市：其他:保護區,1,1,全筆移轉,00980000
RPRNMLSLJHKFFAW07CA,東洲段,760.05,都市：其他:道路用地、第三種住宅區,1,1,全筆移轉,06150000
RPTNMLSLJHKFFAW27CA,湖前段,94.98,都市：住,4,1,持分移轉,04480000
RPQPMLNJKHKFFAW56CA,盤山村段,54.33,都市：其他:自然村專用區,6,1,持分移轉,06470003
RPQNMLSLJHKFFAW96CA,賢厝段,1508.00,都市：農,1,1,全筆移轉,07390000
RPSOMLNJKHKFFAW66CA,湖前段,97.70,都市：商,16872,977,持分移轉,00100000
RPOOMLSLJHKFFAW86CA,湖前段,94.98,都市：住,4,1,持分移轉,04480000
RPVNMLSLJHKFFAW47CA,湖前段,94.98,都市：住,4,1,持分移轉,04480000
RPQOMLSLJHKFFAW07CA,湖前段,94.98,都市：住,4,1,持分移轉,04480000
RPWNMLSLJHKFFAW57CA,后湖段,514.88,都市：農,1,1,全筆移轉,06530000
RPUOMLSLJHKFFAW47CA,鵲山段,1285.19,都市：其他:,1,1,全筆移轉,03120000
RPSNMLLKKHKFFAW09CA,北四劃段,888.42,都市：農,1,1,全筆移轉,02020000
RPRNMLTLJHKFFAW17CA,北一段,1000.29,都市：農,1,1,全筆移轉,01010000
RPRNMLLKKHKFFAW98CA,中四劃段,700.00,都市：農,1,1,全筆移轉,03290000
RPRNMLLKKHKFFAW98CA,中四劃段,481.00,都市：農,1,1,全筆移轉,03300000
RPPOMLSLJHKFFAW96CA,多年段,600.52,都市：農,1,1,全筆移轉,07340000
RPROMLSLJHKFFAW17CA,太湖劃測段,250.80,都市：其他:道路用地,1,1,全筆移轉,07500036
RPROMLSLJHKFFAW17CA,太湖劃測段,292.97,都市：其他:道路用地,1,1,全筆移轉,07500038
RPROMLSLJHKFFAW17CA,太湖劃測段,188.69,都市：其他:機關用地,1,1,全筆移轉,07500078
RPROMLSLJHKFFAW17CA,太湖劃測段,96.36,都市：其他:機關用地,1,1,全筆移轉,07500081
RPXNMLSLJHKFFAW67CA,多年段,220.18,都市：農,1,1,全筆移轉,12390000
RPVOMLNJKHKFFAW96CA,北二三劃測段,1000.01,都市：農,1,1,全筆移轉,05630000
RPPNMLLMJHKFFAW88CA,東洲村段,142.00,都市：住,1,1,全筆移轉,00240001
RPSNMLKMJHKFFAW09CA,后垵段,737.56,都市：農,1,1,全筆移轉,08310000
RPOOMLTLJHKFFAW96CA,寧湖二劃測段,1953.08,都市：農,1,1,全筆移轉,05820000
RPUNMLTLJHKFFAW47CA,后湖村段,167.00,都市：其他:自然村專用區,1,1,全筆移轉,00820000
RPQNMLNJKHKFFAW98CA,寧湖一劃段,55.79,都市：農,6,1,持分移轉,00230000
RPWNMLTLJHKFFAW67CA,東紅山段,199.62,都市：其他:第二類一般管制區,1,1,全筆移轉,06800000
RPWNMLTLJHKFFAW67CA,東紅山段,131.89,都市：其他:第二類一般管制區,1,1,全筆移轉,09090000
RPWNMLTLJHKFFAW67CA,東紅山段,127.68,都市：其他:第二類一般管制區,1,1,全筆移轉,09120000
RPWNMLTLJHKFFAW67CA,東紅山段,398.83,都市：其他:第二類一般管制區,1,1,全筆移轉,09130000
RPVNMLNJKHKFFAW86CA,中一段,74.26,都市：工,1,1,全筆移轉,04360000
RPVNMLNJKHKFFAW86CA,中一段,74.11,都市：工,1,1,全筆移轉,04370000
RPWNMLNJKHKFFAW96CA,新市段,45.93,都市：商,1,1,全筆移轉,10420000
RPPNMLTLJHKFFAW07DA,后垵段,541.30,都市：農,1,1,全筆移轉,06210000
RPQNMLLMJHKFFAW98CA,延平段,451.03,都市：農,1,1,全筆移轉,07440000
RPSNMLTLJHKFFAW37DA,后沙劃測段,265.51,都市：農,1,1,全筆移轉,02940001
RPPNMLNJKHKFFAW98DA,漁村段,48.29,都市：其他:自然村專用區,9,1,持分移轉,00300000
RPPNMLNJKHKFFAW98DA,漁村段,.04,都市：其他:自然村專用區,10000,1,持分移轉,00300012
RPSNMLNJKHKFFAW56CA,北四劃段,550.83,都市：農,1,1,全筆移轉,05270000
RPSNMLNJKHKFFAW56CA,北四劃段,102.17,都市：其他:道路用地,1,1,全筆移轉,05270002
RPRNMLKMJHKFFAW09DA,榮湖段,432.27,都市：農,1,1,全筆移轉,00090000
RPRNMLKMJHKFFAW09DA,榮湖段,367.73,都市：其他:道路用地,1,1,全筆移轉,00090001
RPUNMLNJKHKFFAW76CA,湖后劃段,1000.00,都市：農,1,1,全筆移轉,00440000
RPUNMLNJKHKFFAW76CA,湖后劃段,1000.00,都市：農,1,1,全筆移轉,00450000
RPUNMLNJKHKFFAW76CA,湖后劃段,1000.00,都市：農,1,1,全筆移轉,00430000
RPRNMLMJKHKFFAW09DA,陳坑段,450.48,都市：住,1,1,全筆移轉,02930000
RPQOMLTLJHKFFAW17CA,北二三劃測段,15.18,都市：其他:自然村專用區,10000,915,持分移轉,02290003
RPRNMLMJKHKFFAW09DA,陳坑段,11.54,都市：住,1,1,全筆移轉,02930001
RPWOMLNJKHKFFAW07CA,北九劃段,500.00,都市：農,2,1,持分移轉,10910000
RPPNMLOJKHKFFAW98CA,庵前劃測段,659.01,都市：農,1,1,全筆移轉,09100000
RPQOMLNJKHKFFAW09CA,祥豐段,15.16,都市：住,14,1,持分移轉,00290000
RPROMLNJKHKFFAW56CA,祥豐段,15.16,都市：住,14,1,持分移轉,00290000
RPRNMLOJKHKFFAW56CA,中二劃段,100.30,都市：住,1,1,全筆移轉,03780000
RPRNMLOJKHKFFAW56CA,中二劃段,37.56,都市：其他:道路用地,1,1,全筆移轉,03780002
RPRNMLOJKHKFFAW56CA,中二劃段,88.07,都市：住,1,1,全筆移轉,03780003
RPRNMLOJKHKFFAW56CA,中二劃段,75.94,都市：住,1,1,全筆移轉,03780004
RPRNMLOJKHKFFAW56CA,中二劃段,78.68,都市：住,1,1,全筆移轉,03780005
RPRNMLOJKHKFFAW56CA,中二劃段,392.84,都市：住,1,1,全筆移轉,03780006
RPPNMLPJKHKFFAW09CA,寧古劃段,83.33,都市：農,6,1,持分移轉,06180000
RPPNMLPJKHKFFAW09CA,龍潭段,149.05,都市：農,6,1,持分移轉,04410000
RPUOMLMJLHKFFAW86CA,東紅山段,369.81,都市：其他:第二類一般管制區,1,1,全筆移轉,06850000
RPRNMLNKKHKFFAW56CA,湖前段,159.29,都市：農,3,1,持分移轉,02540002
RPRNMLNKKHKFFAW56CA,湖前段,159.29,都市：農,3,1,持分移轉,02540002
RPRNMLNKKHKFFAW56CA,湖前段,159.29,都市：農,3,1,持分移轉,02540002
RPPNMLNKKHKFFAW98CA,湖前段,.23,都市：住,1000,1,持分移轉,03460000
RPPNMLNKKHKFFAW98CA,湖前段,67.63,都市：住,1,1,全筆移轉,03460007
RPQNMLNKKHKFFAW09CA,湖前段,.23,都市：住,1000,1,持分移轉,03460000
RPQNMLNKKHKFFAW09CA,湖前段,66.00,都市：住,1,1,全筆移轉,03460008
RPTNMLPLKHKFFAW07CA,寧湖一劃段,333.34,都市：其他:自然村專用區農業區,3,1,持分移轉,01740000
