﻿編號,土地位置,土地移轉面積(平方公尺),使用分區或編定,權利人持分分母,權利人持分分子,移轉情形,地號
The serial number, land position,land shifting area square meter,the use zoning or compiles and checks,,,,land parcel
RPVNMLSJOHNFFJB96CB,育賢段,.10,都市：住,10000,42,持分移轉,02080000
RPROMLSJOHNFFJB66CB,育賢段,.10,都市：住,10000,42,持分移轉,02080000
RPWNMLSJOHNFFJB07CB,育賢段,.10,都市：住,10000,42,持分移轉,02080000
RPWOMLSJOHNFFJB17CB,育賢段,.10,都市：住,10000,42,持分移轉,02080000
RPXNMLSJOHNFFJB17CB,育賢段,.10,都市：住,10000,42,持分移轉,02080000
RPQOMLSJOHNFFJB56CB,育賢段,.10,都市：住,10000,41,持分移轉,02080000
RPSOMLSJOHNFFJB76CB,育賢段,.15,都市：住,10000,51,持分移轉,02080000
RPUOMLSJOHNFFJB96CB,育賢段,.10,都市：住,10000,42,持分移轉,02080000
RPTOMLSJOHNFFJB86CB,育賢段,.15,都市：住,10000,52,持分移轉,02080000
RPOOMLSJOHNFFJB98CB,育賢段,.10,都市：住,10000,42,持分移轉,02080000
RPQPMLSJOHNFFJB66CB,育賢段,.15,都市：住,10000,52,持分移轉,02080000
RPOPMLSJOHNFFJB09CB,育賢段,.10,都市：住,10000,43,持分移轉,02080000
RPXOMLSJOHNFFJB27CB,育賢段,.10,都市：住,10000,42,持分移轉,02080000
RPPPMLSJOHNFFJB56CB,育賢段,.10,都市：住,10000,42,持分移轉,02080000
RPSPMLSJOHNFFJB86CB,育賢段,.10,都市：住,10000,42,持分移轉,02080000
RPUPMLSJOHNFFJB07CB,育賢段,.10,都市：住,10000,42,持分移轉,02080000
RPRPMLSJOHNFFJB76CB,育賢段,.15,都市：住,10000,52,持分移轉,02080000
RPTPMLSJOHNFFJB96CB,育賢段,.10,都市：住,10000,42,持分移轉,02080000
RPVPMLSJOHNFFJB17CB,育賢段,.15,都市：住,10000,51,持分移轉,02080000
RPOQMLSJOHNFFJB56CB,育賢段,.15,都市：住,10000,51,持分移轉,02080000
RPQQMLSJOHNFFJB76CB,育賢段,.10,都市：住,10000,41,持分移轉,02080000
RPXPMLSJOHNFFJB37CB,育賢段,.10,都市：住,10000,42,持分移轉,02080000
RPPQMLSJOHNFFJB66CB,育賢段,.10,都市：住,10000,42,持分移轉,02080000
RPSQMLSJOHNFFJB96CB,育賢段,.10,都市：住,10000,41,持分移轉,02080000
RPORMLSJOHNFFJB66CB,育賢段,.15,都市：住,10000,52,持分移轉,02080000
RPWQMLSJOHNFFJB37CB,育賢段,.10,都市：住,10000,41,持分移轉,02080000
RPRRMLSJOHNFFJB96CB,育賢段,.10,都市：住,10000,42,持分移轉,02080000
RPRQMLSJOHNFFJB86CB,育賢段,.10,都市：住,10000,42,持分移轉,02080000
RPPRMLSJOHNFFJB76CB,育賢段,.15,都市：住,10000,52,持分移轉,02080000
RPXQMLSJOHNFFJB47CB,育賢段,.10,都市：住,10000,42,持分移轉,02080000
RPTQMLSJOHNFFJB07CB,育賢段,.10,都市：住,10000,43,持分移轉,02080000
RPQRMLSJOHNFFJB86CB,育賢段,.10,都市：住,10000,42,持分移轉,02080000
RPSRMLSJOHNFFJB07CB,育賢段,.10,都市：住,10000,42,持分移轉,02080000
RPXRMLSJOHNFFJB57CB,育賢段,.10,都市：住,10000,41,持分移轉,02080000
RPTRMLSJOHNFFJB17CB,育賢段,.17,都市：住,10000,54,持分移轉,02080000
RPURMLSJOHNFFJB27CB,育賢段,.10,都市：住,10000,42,持分移轉,02080000
RPWRMLSJOHNFFJB47CB,育賢段,.10,都市：住,10000,42,持分移轉,02080000
RPOSMLSJOHNFFJB76CB,育賢段,.10,都市：住,10000,42,持分移轉,02080000
RPPSMLSJOHNFFJB86CB,育賢段,.10,都市：住,10000,41,持分移轉,02080000
RPRSMLSJOHNFFJB07CB,育賢段,.10,都市：住,10000,42,持分移轉,02080000
RPQSMLSJOHNFFJB96CB,育賢段,.10,都市：住,10000,42,持分移轉,02080000
RPUSMLSJOHNFFJB37CB,育賢段,.15,都市：住,10000,51,持分移轉,02080000
RPXSMLSJOHNFFJB67CB,育賢段,.10,都市：住,10000,42,持分移轉,02080000
RPSSMLSJOHNFFJB17CB,育賢段,.10,都市：住,10000,42,持分移轉,02080000
RPOTMLSJOHNFFJB86CB,育賢段,.10,都市：住,10000,42,持分移轉,02080000
RPVSMLSJOHNFFJB47CB,育賢段,.10,都市：住,10000,42,持分移轉,02080000
RPPTMLSJOHNFFJB96CB,育賢段,.15,都市：住,10000,52,持分移轉,02080000
RPRTMLSJOHNFFJB17CB,育賢段,.10,都市：住,10000,42,持分移轉,02080000
RPUTMLSJOHNFFJB47CB,育賢段,.10,都市：住,10000,42,持分移轉,02080000
RPSTMLSJOHNFFJB27CB,育賢段,.10,都市：住,10000,42,持分移轉,02080000
RPVTMLSJOHNFFJB57CB,育賢段,.10,都市：住,10000,42,持分移轉,02080000
RPQTMLSJOHNFFJB07CB,育賢段,.10,都市：住,10000,41,持分移轉,02080000
RPXTMLSJOHNFFJB77CB,育賢段,.10,都市：住,10000,43,持分移轉,02080000
RPWTMLSJOHNFFJB67CB,育賢段,.10,都市：住,10000,42,持分移轉,02080000
RPPUMLSJOHNFFJB07CB,育賢段,.10,都市：住,10000,42,持分移轉,02080000
RPOUMLSJOHNFFJB96CB,育賢段,.10,都市：住,10000,43,持分移轉,02080000
RPRUMLSJOHNFFJB27CB,育賢段,.10,都市：住,10000,42,持分移轉,02080000
RPTUMLSJOHNFFJB47CB,育賢段,.10,都市：住,10000,42,持分移轉,02080000
RPQUMLSJOHNFFJB17CB,育賢段,.10,都市：住,10000,41,持分移轉,02080000
RPSUMLSJOHNFFJB37CB,育賢段,.17,都市：住,10000,55,持分移轉,02080000
RPVUMLSJOHNFFJB67CB,育賢段,.10,都市：住,10000,42,持分移轉,02080000
RPXUMLSJOHNFFJB87CB,育賢段,.10,都市：住,10000,42,持分移轉,02080000
RPWUMLSJOHNFFJB77CB,育賢段,.10,都市：住,10000,42,持分移轉,02080000
RPQVMLSJOHNFFJB27CB,育賢段,.10,都市：住,10000,41,持分移轉,02080000
RPPVMLSJOHNFFJB17CB,育賢段,.10,都市：住,10000,42,持分移轉,02080000
RPTVMLSJOHNFFJB57CB,育賢段,.10,都市：住,10000,42,持分移轉,02080000
RPRVMLSJOHNFFJB37CB,育賢段,.10,都市：住,10000,42,持分移轉,02080000
RPSVMLSJOHNFFJB47CB,育賢段,.10,都市：住,10000,42,持分移轉,02080000
RPUVMLSJOHNFFJB67CB,育賢段,.15,都市：住,10000,52,持分移轉,02080000
RPVVMLSJOHNFFJB77CB,育賢段,.10,都市：住,10000,41,持分移轉,02080000
RPRWMLSJOHNFFJB47CB,育賢段,.10,都市：住,10000,42,持分移轉,02080000
RPXVMLSJOHNFFJB97CB,育賢段,.17,都市：住,10000,55,持分移轉,02080000
RPOWMLSJOHNFFJB17CB,育賢段,.10,都市：住,10000,42,持分移轉,02080000
RPPWMLSJOHNFFJB27CB,育賢段,.17,都市：住,10000,55,持分移轉,02080000
RPQWMLSJOHNFFJB37CB,育賢段,.10,都市：住,10000,43,持分移轉,02080000
RPTWMLSJOHNFFJB67CB,育賢段,.10,都市：住,10000,43,持分移轉,02080000
RPUWMLSJOHNFFJB77CB,育賢段,.15,都市：住,10000,52,持分移轉,02080000
RPSWMLSJOHNFFJB57CB,育賢段,.10,都市：住,10000,43,持分移轉,02080000
RPVWMLSJOHNFFJB87CB,育賢段,.10,都市：住,10000,42,持分移轉,02080000
RPPNNLSJOHNFFJB09CB,育賢段,.10,都市：住,10000,42,持分移轉,02080000
RPWWMLSJOHNFFJB97CB,育賢段,.10,都市：住,10000,42,持分移轉,02080000
RPQNNLSJOHNFFJB56CB,育賢段,.15,都市：住,10000,52,持分移轉,02080000
RPRNNLSJOHNFFJB66CB,育賢段,.10,都市：住,10000,42,持分移轉,02080000
RPTNNLSJOHNFFJB86CB,育賢段,.10,都市：住,10000,42,持分移轉,02080000
RPSNNLSJOHNFFJB76CB,育賢段,.10,都市：住,10000,42,持分移轉,02080000
RPUNNLSJOHNFFJB96CB,育賢段,.10,都市：住,10000,42,持分移轉,02080000
RPVNNLSJOHNFFJB07CB,育賢段,.15,都市：住,10000,52,持分移轉,02080000
RPXNNLSJOHNFFJB27CB,育賢段,.10,都市：住,10000,42,持分移轉,02080000
RPQONLSJOHNFFJB66CB,育賢段,.10,都市：住,10000,43,持分移轉,02080000
RPTONLSJOHNFFJB96CB,育賢段,.10,都市：住,10000,43,持分移轉,02080000
RPSONLSJOHNFFJB86CB,育賢段,.10,都市：住,10000,42,持分移轉,02080000
RPOONLSJOHNFFJB09CB,育賢段,.10,都市：住,10000,42,持分移轉,02080000
RPUONLSJOHNFFJB07CB,育賢段,.15,都市：住,10000,51,持分移轉,02080000
RPRONLSJOHNFFJB76CB,育賢段,.15,都市：住,10000,52,持分移轉,02080000
RPWONLSJOHNFFJB27CB,育賢段,.17,都市：住,10000,55,持分移轉,02080000
RPVONLSJOHNFFJB17CB,育賢段,.10,都市：住,10000,41,持分移轉,02080000
RPXONLSJOHNFFJB37CB,育賢段,.10,都市：住,10000,41,持分移轉,02080000
RPPPNLSJOHNFFJB66CB,育賢段,.10,都市：住,10000,42,持分移轉,02080000
RPSPNLSJOHNFFJB96CB,育賢段,.10,都市：住,10000,42,持分移轉,02080000
RPOPNLSJOHNFFJB56CB,育賢段,.10,都市：住,10000,42,持分移轉,02080000
RPRPNLSJOHNFFJB86CB,育賢段,.10,都市：住,10000,42,持分移轉,02080000
RPXPNLSJOHNFFJB47CB,育賢段,.10,都市：住,10000,42,持分移轉,02080000
RPVPNLSJOHNFFJB27CB,育賢段,.17,都市：住,10000,55,持分移轉,02080000
RPWPNLSJOHNFFJB37CB,育賢段,.10,都市：住,10000,43,持分移轉,02080000
RPQQNLSJOHNFFJB86CB,育賢段,.17,都市：住,10000,55,持分移轉,02080000
RPUPNLSJOHNFFJB17CB,育賢段,.10,都市：住,10000,42,持分移轉,02080000
RPTPNLSJOHNFFJB07CB,育賢段,.10,都市：住,10000,42,持分移轉,02080000
RPSQNLSJOHNFFJB07CB,育賢段,.17,都市：住,10000,55,持分移轉,02080000
RPVQNLSJOHNFFJB37CB,育賢段,.10,都市：住,10000,41,持分移轉,02080000
RPUQNLSJOHNFFJB27CB,育賢段,.10,都市：住,10000,42,持分移轉,02080000
RPPRNLSJOHNFFJB86CB,育賢段,.10,都市：住,10000,42,持分移轉,02080000
RPXQNLSJOHNFFJB57CB,育賢段,.10,都市：住,10000,41,持分移轉,02080000
RPRQNLSJOHNFFJB96CB,育賢段,.10,都市：住,10000,42,持分移轉,02080000
RPTQNLSJOHNFFJB17CB,育賢段,.10,都市：住,10000,42,持分移轉,02080000
RPORNLSJOHNFFJB76CB,育賢段,.10,都市：住,10000,41,持分移轉,02080000
RPWQNLSJOHNFFJB47CB,育賢段,.17,都市：住,10000,55,持分移轉,02080000
RPQRNLSJOHNFFJB96CB,育賢段,.15,都市：住,10000,52,持分移轉,02080000
RPTRNLSJOHNFFJB27CB,育賢段,.10,都市：住,10000,42,持分移轉,02080000
RPSRNLSJOHNFFJB17CB,育賢段,.10,都市：住,10000,41,持分移轉,02080000
RPURNLSJOHNFFJB37CB,育賢段,.10,都市：住,10000,42,持分移轉,02080000
RPRRNLSJOHNFFJB07CB,育賢段,.10,都市：住,10000,42,持分移轉,02080000
RPVRNLSJOHNFFJB47CB,育賢段,.10,都市：住,10000,42,持分移轉,02080000
RPPSNLSJOHNFFJB96CB,育賢段,.15,都市：住,10000,52,持分移轉,02080000
RPQSNLSJOHNFFJB07CB,育賢段,.10,都市：住,10000,41,持分移轉,02080000
RPXRNLSJOHNFFJB67CB,育賢段,.10,都市：住,10000,42,持分移轉,02080000
RPRSNLSJOHNFFJB17CB,育賢段,.10,都市：住,10000,42,持分移轉,02080000
RPOSNLSJOHNFFJB86CB,育賢段,.10,都市：住,10000,42,持分移轉,02080000
RPWSNLSJOHNFFJB67CB,育賢段,.10,都市：住,10000,42,持分移轉,02080000
RPOTNLSJOHNFFJB96CB,育賢段,.10,都市：住,10000,41,持分移轉,02080000
RPSSNLSJOHNFFJB27CB,育賢段,.10,都市：住,10000,42,持分移轉,02080000
RPXSNLSJOHNFFJB77CB,育賢段,.10,都市：住,10000,42,持分移轉,02080000
RPPTNLSJOHNFFJB07CB,育賢段,.10,都市：住,10000,42,持分移轉,02080000
RPUSNLSJOHNFFJB47CB,育賢段,.10,都市：住,10000,42,持分移轉,02080000
RPSTNLSJOHNFFJB37CB,育賢段,.10,都市：住,10000,41,持分移轉,02080000
RPQTNLSJOHNFFJB17CB,育賢段,.10,都市：住,10000,42,持分移轉,02080000
RPRTNLSJOHNFFJB27CB,育賢段,.10,都市：住,10000,42,持分移轉,02080000
RPPRMLNJPHNFFBB18CB,昌平段,13.31,都市：住,10000,74,持分移轉,04470000
RPPRMLNJPHNFFBB18CB,昌平段,8.56,都市：住,10000,74,持分移轉,04480000
RPPRMLNJPHNFFBB18CB,昌平段,6.34,都市：住,10000,74,持分移轉,04490000
RPQRMLNJPHNFFBB28CB,昌平段,13.31,都市：住,10000,74,持分移轉,04470000
RPQRMLNJPHNFFBB28CB,昌平段,8.56,都市：住,10000,74,持分移轉,04480000
RPQRMLNJPHNFFBB28CB,昌平段,6.34,都市：住,10000,74,持分移轉,04490000
RPSRMLNJPHNFFBB48CB,昌平段,13.31,都市：住,10000,74,持分移轉,04470000
RPSRMLNJPHNFFBB48CB,昌平段,8.56,都市：住,10000,74,持分移轉,04480000
RPSRMLNJPHNFFBB48CB,昌平段,6.34,都市：住,10000,74,持分移轉,04490000
RPRRMLNJPHNFFBB38CB,昌平段,13.31,都市：住,10000,74,持分移轉,04470000
RPRRMLNJPHNFFBB38CB,昌平段,8.56,都市：住,10000,74,持分移轉,04480000
RPRRMLNJPHNFFBB38CB,昌平段,6.34,都市：住,10000,74,持分移轉,04490000
RPTRMLNJPHNFFBB58CB,昌平段,13.31,都市：住,10000,74,持分移轉,04470000
RPTRMLNJPHNFFBB58CB,昌平段,8.56,都市：住,10000,74,持分移轉,04480000
RPTRMLNJPHNFFBB58CB,昌平段,6.34,都市：住,10000,74,持分移轉,04490000
RPWRMLNJPHNFFBB88CB,昌平段,10.07,都市：住,10000,56,持分移轉,04470000
RPWRMLNJPHNFFBB88CB,昌平段,6.48,都市：住,10000,56,持分移轉,04480000
RPWRMLNJPHNFFBB88CB,昌平段,4.80,都市：住,10000,56,持分移轉,04490000
RPURMLNJPHNFFBB68CB,昌平段,13.31,都市：住,10000,74,持分移轉,04470000
RPURMLNJPHNFFBB68CB,昌平段,8.56,都市：住,10000,74,持分移轉,04480000
RPURMLNJPHNFFBB68CB,昌平段,6.34,都市：住,10000,74,持分移轉,04490000
RPVRMLNJPHNFFBB78CB,昌平段,13.31,都市：住,10000,74,持分移轉,04470000
RPVRMLNJPHNFFBB78CB,昌平段,8.56,都市：住,10000,74,持分移轉,04480000
RPVRMLNJPHNFFBB78CB,昌平段,6.34,都市：住,10000,74,持分移轉,04490000
RPXRMLNJPHNFFBB98CB,昌平段,13.31,都市：住,10000,74,持分移轉,04470000
RPXRMLNJPHNFFBB98CB,昌平段,8.56,都市：住,10000,74,持分移轉,04480000
RPXRMLNJPHNFFBB98CB,昌平段,6.34,都市：住,10000,74,持分移轉,04490000
RPOSMLNJPHNFFBB18CB,昌平段,10.07,都市：住,10000,56,持分移轉,04470000
RPOSMLNJPHNFFBB18CB,昌平段,6.48,都市：住,10000,56,持分移轉,04480000
RPOSMLNJPHNFFBB18CB,昌平段,4.80,都市：住,10000,56,持分移轉,04490000
RPPSMLNJPHNFFBB28CB,昌平段,10.07,都市：住,10000,56,持分移轉,04470000
RPPSMLNJPHNFFBB28CB,昌平段,6.48,都市：住,10000,56,持分移轉,04480000
RPPSMLNJPHNFFBB28CB,昌平段,4.80,都市：住,10000,56,持分移轉,04490000
RPTSMLNJPHNFFBB68CB,昌平段,9.53,都市：住,10000,53,持分移轉,04470000
RPTSMLNJPHNFFBB68CB,昌平段,6.13,都市：住,10000,53,持分移轉,04480000
RPTSMLNJPHNFFBB68CB,昌平段,4.54,都市：住,10000,53,持分移轉,04490000
RPRSMLNJPHNFFBB48CB,昌平段,10.07,都市：住,10000,56,持分移轉,04470000
RPRSMLNJPHNFFBB48CB,昌平段,6.48,都市：住,10000,56,持分移轉,04480000
RPRSMLNJPHNFFBB48CB,昌平段,4.80,都市：住,10000,56,持分移轉,04490000
RPQSMLNJPHNFFBB38CB,昌平段,9.53,都市：住,10000,53,持分移轉,04470000
RPQSMLNJPHNFFBB38CB,昌平段,6.13,都市：住,10000,53,持分移轉,04480000
RPQSMLNJPHNFFBB38CB,昌平段,4.54,都市：住,10000,53,持分移轉,04490000
RPSSMLNJPHNFFBB58CB,昌平段,10.07,都市：住,10000,56,持分移轉,04470000
RPSSMLNJPHNFFBB58CB,昌平段,6.48,都市：住,10000,56,持分移轉,04480000
RPSSMLNJPHNFFBB58CB,昌平段,4.80,都市：住,10000,56,持分移轉,04490000
RPWSMLNJPHNFFBB98CB,昌平段,10.25,都市：住,10000,57,持分移轉,04470000
RPWSMLNJPHNFFBB98CB,昌平段,6.60,都市：住,10000,57,持分移轉,04480000
RPWSMLNJPHNFFBB98CB,昌平段,4.88,都市：住,10000,57,持分移轉,04490000
RPUSMLNJPHNFFBB78CB,昌平段,9.89,都市：住,10000,55,持分移轉,04470000
RPUSMLNJPHNFFBB78CB,昌平段,6.36,都市：住,10000,55,持分移轉,04480000
RPUSMLNJPHNFFBB78CB,昌平段,4.71,都市：住,10000,55,持分移轉,04490000
RPXSMLNJPHNFFBB09CB,昌平段,10.07,都市：住,10000,56,持分移轉,04470000
RPXSMLNJPHNFFBB09CB,昌平段,6.48,都市：住,10000,56,持分移轉,04480000
RPPTMLNJPHNFFBB38CB,昌平段,10.25,都市：住,10000,57,持分移轉,04470000
RPXSMLNJPHNFFBB09CB,昌平段,4.80,都市：住,10000,56,持分移轉,04490000
RPPTMLNJPHNFFBB38CB,昌平段,6.60,都市：住,10000,57,持分移轉,04480000
RPPTMLNJPHNFFBB38CB,昌平段,4.88,都市：住,10000,57,持分移轉,04490000
RPRTMLNJPHNFFBB58CB,昌平段,11.87,都市：住,10000,66,持分移轉,04470000
RPRTMLNJPHNFFBB58CB,昌平段,7.64,都市：住,10000,66,持分移轉,04480000
RPRTMLNJPHNFFBB58CB,昌平段,5.65,都市：住,10000,66,持分移轉,04490000
RPVSMLNJPHNFFBB88CB,昌平段,10.25,都市：住,10000,57,持分移轉,04470000
RPVSMLNJPHNFFBB88CB,昌平段,6.60,都市：住,10000,57,持分移轉,04480000
RPVSMLNJPHNFFBB88CB,昌平段,4.88,都市：住,10000,57,持分移轉,04490000
RPTTMLNJPHNFFBB78CB,昌平段,10.07,都市：住,10000,56,持分移轉,04470000
RPTTMLNJPHNFFBB78CB,昌平段,6.48,都市：住,10000,56,持分移轉,04480000
RPTTMLNJPHNFFBB78CB,昌平段,4.80,都市：住,10000,56,持分移轉,04490000
RPUTMLNJPHNFFBB88CB,昌平段,10.25,都市：住,10000,57,持分移轉,04470000
RPUTMLNJPHNFFBB88CB,昌平段,6.60,都市：住,10000,57,持分移轉,04480000
RPUTMLNJPHNFFBB88CB,昌平段,4.88,都市：住,10000,57,持分移轉,04490000
RPSTMLNJPHNFFBB68CB,昌平段,9.53,都市：住,10000,53,持分移轉,04470000
RPSTMLNJPHNFFBB68CB,昌平段,6.13,都市：住,10000,53,持分移轉,04480000
RPSTMLNJPHNFFBB68CB,昌平段,4.54,都市：住,10000,53,持分移轉,04490000
RPQTMLNJPHNFFBB48CB,昌平段,11.87,都市：住,10000,66,持分移轉,04470000
RPQTMLNJPHNFFBB48CB,昌平段,7.64,都市：住,10000,66,持分移轉,04480000
RPQTMLNJPHNFFBB48CB,昌平段,5.65,都市：住,10000,66,持分移轉,04490000
RPWTMLNJPHNFFBB09CB,昌平段,13.31,都市：住,10000,74,持分移轉,04470000
RPWTMLNJPHNFFBB09CB,昌平段,8.56,都市：住,10000,74,持分移轉,04480000
RPWTMLNJPHNFFBB09CB,昌平段,6.34,都市：住,10000,74,持分移轉,04490000
RPVTMLNJPHNFFBB98CB,昌平段,10.07,都市：住,10000,56,持分移轉,04470000
RPVTMLNJPHNFFBB98CB,昌平段,6.48,都市：住,10000,56,持分移轉,04480000
RPVTMLNJPHNFFBB98CB,昌平段,4.80,都市：住,10000,56,持分移轉,04490000
RPQUMLNJPHNFFBB58CB,昌平段,11.87,都市：住,10000,66,持分移轉,04470000
RPQUMLNJPHNFFBB58CB,昌平段,7.64,都市：住,10000,66,持分移轉,04480000
RPQUMLNJPHNFFBB58CB,昌平段,5.65,都市：住,10000,66,持分移轉,04490000
RPRUMLNJPHNFFBB68CB,昌平段,10.25,都市：住,10000,57,持分移轉,04470000
RPRUMLNJPHNFFBB68CB,昌平段,6.60,都市：住,10000,57,持分移轉,04480000
RPRUMLNJPHNFFBB68CB,昌平段,4.88,都市：住,10000,57,持分移轉,04490000
RPOUMLNJPHNFFBB38CB,昌平段,13.31,都市：住,10000,74,持分移轉,04470000
RPOUMLNJPHNFFBB38CB,昌平段,8.56,都市：住,10000,74,持分移轉,04480000
RPOUMLNJPHNFFBB38CB,昌平段,6.34,都市：住,10000,74,持分移轉,04490000
RPTUMLNJPHNFFBB88CB,昌平段,10.25,都市：住,10000,57,持分移轉,04470000
RPTUMLNJPHNFFBB88CB,昌平段,6.60,都市：住,10000,57,持分移轉,04480000
RPTUMLNJPHNFFBB88CB,昌平段,4.88,都市：住,10000,57,持分移轉,04490000
RPUUMLNJPHNFFBB98CB,昌平段,11.87,都市：住,10000,66,持分移轉,04470000
RPUUMLNJPHNFFBB98CB,昌平段,7.64,都市：住,10000,66,持分移轉,04480000
RPUUMLNJPHNFFBB98CB,昌平段,5.65,都市：住,10000,66,持分移轉,04490000
RPXTMLNJPHNFFBB56CB,昌平段,10.07,都市：住,10000,56,持分移轉,04470000
RPXTMLNJPHNFFBB56CB,昌平段,6.48,都市：住,10000,56,持分移轉,04480000
RPXTMLNJPHNFFBB56CB,昌平段,4.80,都市：住,10000,56,持分移轉,04490000
RPSUMLNJPHNFFBB78CB,昌平段,13.31,都市：住,10000,74,持分移轉,04470000
RPSUMLNJPHNFFBB78CB,昌平段,8.56,都市：住,10000,74,持分移轉,04480000
RPSUMLNJPHNFFBB78CB,昌平段,6.34,都市：住,10000,74,持分移轉,04490000
RPPUMLNJPHNFFBB48CB,昌平段,10.07,都市：住,10000,56,持分移轉,04470000
RPPUMLNJPHNFFBB48CB,昌平段,6.48,都市：住,10000,56,持分移轉,04480000
RPPUMLNJPHNFFBB48CB,昌平段,4.80,都市：住,10000,56,持分移轉,04490000
RPXUMLNJPHNFFBB66CB,昌平段,13.31,都市：住,10000,74,持分移轉,04470000
RPXUMLNJPHNFFBB66CB,昌平段,8.56,都市：住,10000,74,持分移轉,04480000
RPXUMLNJPHNFFBB66CB,昌平段,6.34,都市：住,10000,74,持分移轉,04490000
RPWUMLNJPHNFFBB56CB,昌平段,9.53,都市：住,10000,53,持分移轉,04470000
RPWUMLNJPHNFFBB56CB,昌平段,6.13,都市：住,10000,53,持分移轉,04480000
RPWUMLNJPHNFFBB56CB,昌平段,4.54,都市：住,10000,53,持分移轉,04490000
RPVUMLNJPHNFFBB09CB,昌平段,9.53,都市：住,10000,53,持分移轉,04470000
RPVUMLNJPHNFFBB09CB,昌平段,6.13,都市：住,10000,53,持分移轉,04480000
RPVUMLNJPHNFFBB09CB,昌平段,4.54,都市：住,10000,53,持分移轉,04490000
RPRVMLNJPHNFFBB78CB,昌平段,10.07,都市：住,10000,56,持分移轉,04470000
RPRVMLNJPHNFFBB78CB,昌平段,6.48,都市：住,10000,56,持分移轉,04480000
RPRVMLNJPHNFFBB78CB,昌平段,4.80,都市：住,10000,56,持分移轉,04490000
RPOVMLNJPHNFFBB48CB,昌平段,10.07,都市：住,10000,56,持分移轉,04470000
RPOVMLNJPHNFFBB48CB,昌平段,6.48,都市：住,10000,56,持分移轉,04480000
RPOVMLNJPHNFFBB48CB,昌平段,4.80,都市：住,10000,56,持分移轉,04490000
RPPVMLNJPHNFFBB58CB,昌平段,10.07,都市：住,10000,56,持分移轉,04470000
RPPVMLNJPHNFFBB58CB,昌平段,6.48,都市：住,10000,56,持分移轉,04480000
RPPVMLNJPHNFFBB58CB,昌平段,4.80,都市：住,10000,56,持分移轉,04490000
RPQVMLNJPHNFFBB68CB,昌平段,10.25,都市：住,10000,57,持分移轉,04470000
RPQVMLNJPHNFFBB68CB,昌平段,6.60,都市：住,10000,57,持分移轉,04480000
RPQVMLNJPHNFFBB68CB,昌平段,4.88,都市：住,10000,57,持分移轉,04490000
RPTVMLNJPHNFFBB98CB,昌平段,9.53,都市：住,10000,53,持分移轉,04470000
RPTVMLNJPHNFFBB98CB,昌平段,6.13,都市：住,10000,53,持分移轉,04480000
RPTVMLNJPHNFFBB98CB,昌平段,4.54,都市：住,10000,53,持分移轉,04490000
RPUVMLNJPHNFFBB09CB,昌平段,13.31,都市：住,10000,74,持分移轉,04470000
RPUVMLNJPHNFFBB09CB,昌平段,8.56,都市：住,10000,74,持分移轉,04480000
RPUVMLNJPHNFFBB09CB,昌平段,6.34,都市：住,10000,74,持分移轉,04490000
RPSVMLNJPHNFFBB88CB,昌平段,13.31,都市：住,10000,74,持分移轉,04470000
RPSVMLNJPHNFFBB88CB,昌平段,8.56,都市：住,10000,74,持分移轉,04480000
RPSVMLNJPHNFFBB88CB,昌平段,6.34,都市：住,10000,74,持分移轉,04490000
RPVVMLNJPHNFFBB56CB,昌平段,10.07,都市：住,10000,56,持分移轉,04470000
RPVVMLNJPHNFFBB56CB,昌平段,6.48,都市：住,10000,56,持分移轉,04480000
RPVVMLNJPHNFFBB56CB,昌平段,4.80,都市：住,10000,56,持分移轉,04490000
RPWVMLNJPHNFFBB66CB,昌平段,10.25,都市：住,10000,57,持分移轉,04470000
RPWVMLNJPHNFFBB66CB,昌平段,6.60,都市：住,10000,57,持分移轉,04480000
RPWVMLNJPHNFFBB66CB,昌平段,4.88,都市：住,10000,57,持分移轉,04490000
RPOWMLNJPHNFFBB58CB,昌平段,10.07,都市：住,10000,56,持分移轉,04470000
RPOWMLNJPHNFFBB58CB,昌平段,6.48,都市：住,10000,56,持分移轉,04480000
RPOWMLNJPHNFFBB58CB,昌平段,4.80,都市：住,10000,56,持分移轉,04490000
RPSWMLNJPHNFFBB98CB,昌平段,10.07,都市：住,10000,56,持分移轉,04470000
RPSWMLNJPHNFFBB98CB,昌平段,6.48,都市：住,10000,56,持分移轉,04480000
RPSWMLNJPHNFFBB98CB,昌平段,4.80,都市：住,10000,56,持分移轉,04490000
RPRWMLNJPHNFFBB88CB,昌平段,10.25,都市：住,10000,57,持分移轉,04470000
RPRWMLNJPHNFFBB88CB,昌平段,6.60,都市：住,10000,57,持分移轉,04480000
RPRWMLNJPHNFFBB88CB,昌平段,4.88,都市：住,10000,57,持分移轉,04490000
RPXVMLNJPHNFFBB76CB,昌平段,10.07,都市：住,10000,56,持分移轉,04470000
RPXVMLNJPHNFFBB76CB,昌平段,6.48,都市：住,10000,56,持分移轉,04480000
RPXVMLNJPHNFFBB76CB,昌平段,4.80,都市：住,10000,56,持分移轉,04490000
RPPWMLNJPHNFFBB68CB,昌平段,10.07,都市：住,10000,56,持分移轉,04470000
RPPWMLNJPHNFFBB68CB,昌平段,6.48,都市：住,10000,56,持分移轉,04480000
RPPWMLNJPHNFFBB68CB,昌平段,4.80,都市：住,10000,56,持分移轉,04490000
RPQWMLNJPHNFFBB78CB,昌平段,10.25,都市：住,10000,57,持分移轉,04470000
RPQWMLNJPHNFFBB78CB,昌平段,6.60,都市：住,10000,57,持分移轉,04480000
RPQWMLNJPHNFFBB78CB,昌平段,4.88,都市：住,10000,57,持分移轉,04490000
RPVWMLNJPHNFFBB66CB,昌平段,13.31,都市：住,10000,74,持分移轉,04470000
RPVWMLNJPHNFFBB66CB,昌平段,8.56,都市：住,10000,74,持分移轉,04480000
RPVWMLNJPHNFFBB66CB,昌平段,6.34,都市：住,10000,74,持分移轉,04490000
RPUWMLNJPHNFFBB56CB,昌平段,10.07,都市：住,10000,56,持分移轉,04470000
RPUWMLNJPHNFFBB56CB,昌平段,6.48,都市：住,10000,56,持分移轉,04480000
RPUWMLNJPHNFFBB56CB,昌平段,4.80,都市：住,10000,56,持分移轉,04490000
RPTWMLNJPHNFFBB09CB,昌平段,13.31,都市：住,10000,74,持分移轉,04470000
RPTWMLNJPHNFFBB09CB,昌平段,8.56,都市：住,10000,74,持分移轉,04480000
RPTWMLNJPHNFFBB09CB,昌平段,6.34,都市：住,10000,74,持分移轉,04490000
RPXWMLNJPHNFFBB86CB,昌平段,10.25,都市：住,10000,57,持分移轉,04470000
RPXWMLNJPHNFFBB86CB,昌平段,6.60,都市：住,10000,57,持分移轉,04480000
RPXWMLNJPHNFFBB86CB,昌平段,4.88,都市：住,10000,57,持分移轉,04490000
RPWWMLNJPHNFFBB76CB,昌平段,13.31,都市：住,10000,74,持分移轉,04470000
RPWWMLNJPHNFFBB76CB,昌平段,8.56,都市：住,10000,74,持分移轉,04480000
RPWWMLNJPHNFFBB76CB,昌平段,6.34,都市：住,10000,74,持分移轉,04490000
RPRNNLNJPHNFFBB08CB,昌平段,10.07,都市：住,10000,56,持分移轉,04470000
RPRNNLNJPHNFFBB08CB,昌平段,6.48,都市：住,10000,56,持分移轉,04480000
RPRNNLNJPHNFFBB08CB,昌平段,4.80,都市：住,10000,56,持分移轉,04490000
RPSNNLNJPHNFFBB18CB,昌平段,10.07,都市：住,10000,56,持分移轉,04470000
RPSNNLNJPHNFFBB18CB,昌平段,6.48,都市：住,10000,56,持分移轉,04480000
RPSNNLNJPHNFFBB18CB,昌平段,4.80,都市：住,10000,56,持分移轉,04490000
RPVNNLNJPHNFFBB48CB,昌平段,12.05,都市：住,10000,67,持分移轉,04470000
RPVNNLNJPHNFFBB48CB,昌平段,7.75,都市：住,10000,67,持分移轉,04480000
RPVNNLNJPHNFFBB48CB,昌平段,5.74,都市：住,10000,67,持分移轉,04490000
RPUNNLNJPHNFFBB38CB,昌平段,10.25,都市：住,10000,57,持分移轉,04470000
RPUNNLNJPHNFFBB38CB,昌平段,6.60,都市：住,10000,57,持分移轉,04480000
RPUNNLNJPHNFFBB38CB,昌平段,4.88,都市：住,10000,57,持分移轉,04490000
RPONNLNJPHNFFBB77CB,昌平段,10.07,都市：住,10000,56,持分移轉,04470000
RPONNLNJPHNFFBB77CB,昌平段,6.48,都市：住,10000,56,持分移轉,04480000
RPONNLNJPHNFFBB77CB,昌平段,4.80,都市：住,10000,56,持分移轉,04490000
RPPNNLNJPHNFFBB87CB,昌平段,10.07,都市：住,10000,56,持分移轉,04470000
RPPNNLNJPHNFFBB87CB,昌平段,6.48,都市：住,10000,56,持分移轉,04480000
RPPNNLNJPHNFFBB87CB,昌平段,4.80,都市：住,10000,56,持分移轉,04490000
RPQNNLNJPHNFFBB97CB,昌平段,11.87,都市：住,10000,66,持分移轉,04470000
RPQNNLNJPHNFFBB97CB,昌平段,7.64,都市：住,10000,66,持分移轉,04480000
RPQNNLNJPHNFFBB97CB,昌平段,5.65,都市：住,10000,66,持分移轉,04490000
RPTNNLNJPHNFFBB28CB,昌平段,13.31,都市：住,10000,74,持分移轉,04470000
RPTNNLNJPHNFFBB28CB,昌平段,8.56,都市：住,10000,74,持分移轉,04480000
RPTNNLNJPHNFFBB28CB,昌平段,6.34,都市：住,10000,74,持分移轉,04490000
RPOONLNJPHNFFBB87CB,昌平段,9.53,都市：住,10000,53,持分移轉,04470000
RPOONLNJPHNFFBB87CB,昌平段,6.13,都市：住,10000,53,持分移轉,04480000
RPOONLNJPHNFFBB87CB,昌平段,4.54,都市：住,10000,53,持分移轉,04490000
RPXNNLNJPHNFFBB68CB,昌平段,10.25,都市：住,10000,57,持分移轉,04470000
RPXNNLNJPHNFFBB68CB,昌平段,6.60,都市：住,10000,57,持分移轉,04480000
RPXNNLNJPHNFFBB68CB,昌平段,4.88,都市：住,10000,57,持分移轉,04490000
RPRONLNJPHNFFBB18CB,昌平段,10.07,都市：住,10000,56,持分移轉,04470000
RPRONLNJPHNFFBB18CB,昌平段,6.48,都市：住,10000,56,持分移轉,04480000
RPRONLNJPHNFFBB18CB,昌平段,4.80,都市：住,10000,56,持分移轉,04490000
RPSONLNJPHNFFBB28CB,昌平段,10.07,都市：住,10000,56,持分移轉,04470000
RPSONLNJPHNFFBB28CB,昌平段,6.48,都市：住,10000,56,持分移轉,04480000
RPSONLNJPHNFFBB28CB,昌平段,4.80,都市：住,10000,56,持分移轉,04490000
RPWNNLNJPHNFFBB58CB,昌平段,9.53,都市：住,10000,53,持分移轉,04470000
RPWNNLNJPHNFFBB58CB,昌平段,6.13,都市：住,10000,53,持分移轉,04480000
RPWNNLNJPHNFFBB58CB,昌平段,4.54,都市：住,10000,53,持分移轉,04490000
RPTONLNJPHNFFBB38CB,昌平段,13.31,都市：住,10000,74,持分移轉,04470000
RPTONLNJPHNFFBB38CB,昌平段,8.56,都市：住,10000,74,持分移轉,04480000
RPTONLNJPHNFFBB38CB,昌平段,6.34,都市：住,10000,74,持分移轉,04490000
RPPONLNJPHNFFBB97CB,昌平段,10.07,都市：住,10000,56,持分移轉,04470000
RPPONLNJPHNFFBB97CB,昌平段,6.48,都市：住,10000,56,持分移轉,04480000
RPPONLNJPHNFFBB97CB,昌平段,4.80,都市：住,10000,56,持分移轉,04490000
RPQONLNJPHNFFBB08CB,昌平段,10.07,都市：住,10000,56,持分移轉,04470000
RPQONLNJPHNFFBB08CB,昌平段,6.48,都市：住,10000,56,持分移轉,04480000
RPQONLNJPHNFFBB08CB,昌平段,4.80,都市：住,10000,56,持分移轉,04490000
RPUONLNJPHNFFBB48CB,昌平段,13.31,都市：住,10000,74,持分移轉,04470000
RPUONLNJPHNFFBB48CB,昌平段,8.56,都市：住,10000,74,持分移轉,04480000
RPUONLNJPHNFFBB48CB,昌平段,6.34,都市：住,10000,74,持分移轉,04490000
RPVONLNJPHNFFBB58CB,昌平段,12.23,都市：住,10000,68,持分移轉,04470000
RPVONLNJPHNFFBB58CB,昌平段,7.87,都市：住,10000,68,持分移轉,04480000
RPVONLNJPHNFFBB58CB,昌平段,5.82,都市：住,10000,68,持分移轉,04490000
RPXONLNJPHNFFBB78CB,昌平段,10.07,都市：住,10000,56,持分移轉,04470000
RPXONLNJPHNFFBB78CB,昌平段,6.48,都市：住,10000,56,持分移轉,04480000
RPXONLNJPHNFFBB78CB,昌平段,4.80,都市：住,10000,56,持分移轉,04490000
RPSPNLNJPHNFFBB38CB,昌平段,10.25,都市：住,10000,57,持分移轉,04470000
RPSPNLNJPHNFFBB38CB,昌平段,6.60,都市：住,10000,57,持分移轉,04480000
RPSPNLNJPHNFFBB38CB,昌平段,4.88,都市：住,10000,57,持分移轉,04490000
RPWONLNJPHNFFBB68CB,昌平段,10.07,都市：住,10000,56,持分移轉,04470000
RPWONLNJPHNFFBB68CB,昌平段,6.48,都市：住,10000,56,持分移轉,04480000
RPWONLNJPHNFFBB68CB,昌平段,4.80,都市：住,10000,56,持分移轉,04490000
RPTPNLNJPHNFFBB48CB,昌平段,10.25,都市：住,10000,57,持分移轉,04470000
RPTPNLNJPHNFFBB48CB,昌平段,6.60,都市：住,10000,57,持分移轉,04480000
RPTPNLNJPHNFFBB48CB,昌平段,4.88,都市：住,10000,57,持分移轉,04490000
RPPPNLNJPHNFFBB08CB,昌平段,11.87,都市：住,10000,66,持分移轉,04470000
RPPPNLNJPHNFFBB08CB,昌平段,7.64,都市：住,10000,66,持分移轉,04480000
RPPPNLNJPHNFFBB08CB,昌平段,5.65,都市：住,10000,66,持分移轉,04490000
RPVPNLNJPHNFFBB68CB,昌平段,12.05,都市：住,10000,67,持分移轉,04470000
RPVPNLNJPHNFFBB68CB,昌平段,7.75,都市：住,10000,67,持分移轉,04480000
RPVPNLNJPHNFFBB68CB,昌平段,5.74,都市：住,10000,67,持分移轉,04490000
RPOPNLNJPHNFFBB97CB,昌平段,10.25,都市：住,10000,57,持分移轉,04470000
RPQPNLNJPHNFFBB18CB,昌平段,13.31,都市：住,10000,74,持分移轉,04470000
RPQPNLNJPHNFFBB18CB,昌平段,8.56,都市：住,10000,74,持分移轉,04480000
RPQPNLNJPHNFFBB18CB,昌平段,6.34,都市：住,10000,74,持分移轉,04490000
RPOPNLNJPHNFFBB97CB,昌平段,6.60,都市：住,10000,57,持分移轉,04480000
RPOPNLNJPHNFFBB97CB,昌平段,4.88,都市：住,10000,57,持分移轉,04490000
RPRPNLNJPHNFFBB28CB,昌平段,10.25,都市：住,10000,57,持分移轉,04470000
RPRPNLNJPHNFFBB28CB,昌平段,6.60,都市：住,10000,57,持分移轉,04480000
RPRPNLNJPHNFFBB28CB,昌平段,4.88,都市：住,10000,57,持分移轉,04490000
RPWPNLNJPHNFFBB78CB,昌平段,13.31,都市：住,10000,74,持分移轉,04470000
RPWPNLNJPHNFFBB78CB,昌平段,8.56,都市：住,10000,74,持分移轉,04480000
RPWPNLNJPHNFFBB78CB,昌平段,6.34,都市：住,10000,74,持分移轉,04490000
RPUPNLNJPHNFFBB58CB,昌平段,12.23,都市：住,10000,68,持分移轉,04470000
RPUPNLNJPHNFFBB58CB,昌平段,7.87,都市：住,10000,68,持分移轉,04480000
RPUPNLNJPHNFFBB58CB,昌平段,5.82,都市：住,10000,68,持分移轉,04490000
RPSQNLNJPHNFFBB48CB,昌平段,10.25,都市：住,10000,57,持分移轉,04470000
RPOQNLNJPHNFFBB08CB,昌平段,12.41,都市：住,10000,69,持分移轉,04470000
RPSQNLNJPHNFFBB48CB,昌平段,6.60,都市：住,10000,57,持分移轉,04480000
RPOQNLNJPHNFFBB08CB,昌平段,7.98,都市：住,10000,69,持分移轉,04480000
RPSQNLNJPHNFFBB48CB,昌平段,4.88,都市：住,10000,57,持分移轉,04490000
RPOQNLNJPHNFFBB08CB,昌平段,5.91,都市：住,10000,69,持分移轉,04490000
RPTQNLNJPHNFFBB58CB,昌平段,10.07,都市：住,10000,56,持分移轉,04470000
RPTQNLNJPHNFFBB58CB,昌平段,6.48,都市：住,10000,56,持分移轉,04480000
RPTQNLNJPHNFFBB58CB,昌平段,4.80,都市：住,10000,56,持分移轉,04490000
RPXPNLNJPHNFFBB88CB,昌平段,13.31,都市：住,10000,74,持分移轉,04470000
RPXPNLNJPHNFFBB88CB,昌平段,8.56,都市：住,10000,74,持分移轉,04480000
RPXPNLNJPHNFFBB88CB,昌平段,6.34,都市：住,10000,74,持分移轉,04490000
RPRQNLNJPHNFFBB38CB,昌平段,10.25,都市：住,10000,57,持分移轉,04470000
RPRQNLNJPHNFFBB38CB,昌平段,6.60,都市：住,10000,57,持分移轉,04480000
RPRQNLNJPHNFFBB38CB,昌平段,4.88,都市：住,10000,57,持分移轉,04490000
RPPQNLNJPHNFFBB18CB,昌平段,11.87,都市：住,10000,66,持分移轉,04470000
RPPQNLNJPHNFFBB18CB,昌平段,7.64,都市：住,10000,66,持分移轉,04480000
RPPQNLNJPHNFFBB18CB,昌平段,5.65,都市：住,10000,66,持分移轉,04490000
RPUQNLNJPHNFFBB68CB,昌平段,11.87,都市：住,10000,66,持分移轉,04470000
RPUQNLNJPHNFFBB68CB,昌平段,7.64,都市：住,10000,66,持分移轉,04480000
RPUQNLNJPHNFFBB68CB,昌平段,5.65,都市：住,10000,66,持分移轉,04490000
RPVQNLNJPHNFFBB78CB,昌平段,10.25,都市：住,10000,57,持分移轉,04470000
RPVQNLNJPHNFFBB78CB,昌平段,6.60,都市：住,10000,57,持分移轉,04480000
RPVQNLNJPHNFFBB78CB,昌平段,4.88,都市：住,10000,57,持分移轉,04490000
RPWQNLNJPHNFFBB88CB,昌平段,10.25,都市：住,10000,57,持分移轉,04470000
RPWQNLNJPHNFFBB88CB,昌平段,6.60,都市：住,10000,57,持分移轉,04480000
RPWQNLNJPHNFFBB88CB,昌平段,4.88,都市：住,10000,57,持分移轉,04490000
RPQQNLNJPHNFFBB28CB,昌平段,12.05,都市：住,10000,67,持分移轉,04470000
RPQQNLNJPHNFFBB28CB,昌平段,7.75,都市：住,10000,67,持分移轉,04480000
RPQQNLNJPHNFFBB28CB,昌平段,5.74,都市：住,10000,67,持分移轉,04490000
RPPRNLNJPHNFFBB28CB,昌平段,10.25,都市：住,10000,57,持分移轉,04470000
RPPRNLNJPHNFFBB28CB,昌平段,6.60,都市：住,10000,57,持分移轉,04480000
RPPRNLNJPHNFFBB28CB,昌平段,4.88,都市：住,10000,57,持分移轉,04490000
RPXQNLNJPHNFFBB98CB,昌平段,10.25,都市：住,10000,57,持分移轉,04470000
RPXQNLNJPHNFFBB98CB,昌平段,6.60,都市：住,10000,57,持分移轉,04480000
RPXQNLNJPHNFFBB98CB,昌平段,4.88,都市：住,10000,57,持分移轉,04490000
RPSRNLNJPHNFFBB58CB,昌平段,11.87,都市：住,10000,66,持分移轉,04470000
RPSRNLNJPHNFFBB58CB,昌平段,7.64,都市：住,10000,66,持分移轉,04480000
RPSRNLNJPHNFFBB58CB,昌平段,5.65,都市：住,10000,66,持分移轉,04490000
RPORNLNJPHNFFBB18CB,昌平段,13.31,都市：住,10000,74,持分移轉,04470000
RPORNLNJPHNFFBB18CB,昌平段,8.56,都市：住,10000,74,持分移轉,04480000
RPORNLNJPHNFFBB18CB,昌平段,6.34,都市：住,10000,74,持分移轉,04490000
RPVRNLNJPHNFFBB88CB,昌平段,9.53,都市：住,10000,53,持分移轉,04470000
RPVRNLNJPHNFFBB88CB,昌平段,6.13,都市：住,10000,53,持分移轉,04480000
RPVRNLNJPHNFFBB88CB,昌平段,4.54,都市：住,10000,53,持分移轉,04490000
RPQRNLNJPHNFFBB38CB,昌平段,9.53,都市：住,10000,53,持分移轉,04470000
RPQRNLNJPHNFFBB38CB,昌平段,6.13,都市：住,10000,53,持分移轉,04480000
RPQRNLNJPHNFFBB38CB,昌平段,4.54,都市：住,10000,53,持分移轉,04490000
RPRRNLNJPHNFFBB48CB,昌平段,10.25,都市：住,10000,57,持分移轉,04470000
RPRRNLNJPHNFFBB48CB,昌平段,6.60,都市：住,10000,57,持分移轉,04480000
RPRRNLNJPHNFFBB48CB,昌平段,4.88,都市：住,10000,57,持分移轉,04490000
RPTRNLNJPHNFFBB68CB,昌平段,10.07,都市：住,10000,56,持分移轉,04470000
RPTRNLNJPHNFFBB68CB,昌平段,6.48,都市：住,10000,56,持分移轉,04480000
RPTRNLNJPHNFFBB68CB,昌平段,4.80,都市：住,10000,56,持分移轉,04490000
RPXRNLNJPHNFFBB09CB,昌平段,13.31,都市：住,10000,74,持分移轉,04470000
RPXRNLNJPHNFFBB09CB,昌平段,8.56,都市：住,10000,74,持分移轉,04480000
RPXRNLNJPHNFFBB09CB,昌平段,6.34,都市：住,10000,74,持分移轉,04490000
RPURNLNJPHNFFBB78CB,昌平段,10.25,都市：住,10000,57,持分移轉,04470000
RPURNLNJPHNFFBB78CB,昌平段,6.60,都市：住,10000,57,持分移轉,04480000
RPURNLNJPHNFFBB78CB,昌平段,4.88,都市：住,10000,57,持分移轉,04490000
RPWRNLNJPHNFFBB98CB,昌平段,13.31,都市：住,10000,74,持分移轉,04470000
RPWRNLNJPHNFFBB98CB,昌平段,8.56,都市：住,10000,74,持分移轉,04480000
RPWRNLNJPHNFFBB98CB,昌平段,6.34,都市：住,10000,74,持分移轉,04490000
RPOSNLNJPHNFFBB28CB,昌平段,10.25,都市：住,10000,57,持分移轉,04470000
RPOSNLNJPHNFFBB28CB,昌平段,6.60,都市：住,10000,57,持分移轉,04480000
RPOSNLNJPHNFFBB28CB,昌平段,4.88,都市：住,10000,57,持分移轉,04490000
RPQSNLNJPHNFFBB48CB,昌平段,10.61,都市：住,10000,59,持分移轉,04470000
RPQSNLNJPHNFFBB48CB,昌平段,6.83,都市：住,10000,59,持分移轉,04480000
RPQSNLNJPHNFFBB48CB,昌平段,5.05,都市：住,10000,59,持分移轉,04490000
RPPSNLNJPHNFFBB38CB,昌平段,13.31,都市：住,10000,74,持分移轉,04470000
RPPSNLNJPHNFFBB38CB,昌平段,8.56,都市：住,10000,74,持分移轉,04480000
RPPSNLNJPHNFFBB38CB,昌平段,6.34,都市：住,10000,74,持分移轉,04490000
RPTSNLNJPHNFFBB78CB,昌平段,10.07,都市：住,10000,56,持分移轉,04470000
RPTSNLNJPHNFFBB78CB,昌平段,6.48,都市：住,10000,56,持分移轉,04480000
RPTSNLNJPHNFFBB78CB,昌平段,4.80,都市：住,10000,56,持分移轉,04490000
RPRSNLNJPHNFFBB58CB,昌平段,11.87,都市：住,10000,66,持分移轉,04470000
RPRSNLNJPHNFFBB58CB,昌平段,7.64,都市：住,10000,66,持分移轉,04480000
RPRSNLNJPHNFFBB58CB,昌平段,5.65,都市：住,10000,66,持分移轉,04490000
RPSSNLNJPHNFFBB68CB,昌平段,10.25,都市：住,10000,57,持分移轉,04470000
RPSSNLNJPHNFFBB68CB,昌平段,6.60,都市：住,10000,57,持分移轉,04480000
RPSSNLNJPHNFFBB68CB,昌平段,4.88,都市：住,10000,57,持分移轉,04490000
RPVSNLNJPHNFFBB98CB,昌平段,13.31,都市：住,10000,74,持分移轉,04470000
RPVSNLNJPHNFFBB98CB,昌平段,8.56,都市：住,10000,74,持分移轉,04480000
RPVSNLNJPHNFFBB98CB,昌平段,6.34,都市：住,10000,74,持分移轉,04490000
RPWSNLNJPHNFFBB09CB,昌平段,13.31,都市：住,10000,74,持分移轉,04470000
RPWSNLNJPHNFFBB09CB,昌平段,8.56,都市：住,10000,74,持分移轉,04480000
RPWSNLNJPHNFFBB09CB,昌平段,6.34,都市：住,10000,74,持分移轉,04490000
RPUSNLNJPHNFFBB88CB,昌平段,11.87,都市：住,10000,66,持分移轉,04470000
RPUSNLNJPHNFFBB88CB,昌平段,7.64,都市：住,10000,66,持分移轉,04480000
RPUSNLNJPHNFFBB88CB,昌平段,5.65,都市：住,10000,66,持分移轉,04490000
RPXSNLNJPHNFFBB56CB,昌平段,10.07,都市：住,10000,56,持分移轉,04470000
RPXSNLNJPHNFFBB56CB,昌平段,6.48,都市：住,10000,56,持分移轉,04480000
RPXSNLNJPHNFFBB56CB,昌平段,4.80,都市：住,10000,56,持分移轉,04490000
RPOTNLNJPHNFFBB38CB,昌平段,13.31,都市：住,10000,74,持分移轉,04470000
RPOTNLNJPHNFFBB38CB,昌平段,8.56,都市：住,10000,74,持分移轉,04480000
RPOTNLNJPHNFFBB38CB,昌平段,6.34,都市：住,10000,74,持分移轉,04490000
RPPTNLNJPHNFFBB48CB,昌平段,13.31,都市：住,10000,74,持分移轉,04470000
RPPTNLNJPHNFFBB48CB,昌平段,8.56,都市：住,10000,74,持分移轉,04480000
RPPTNLNJPHNFFBB48CB,昌平段,6.34,都市：住,10000,74,持分移轉,04490000
RPQTNLNJPHNFFBB58CB,昌平段,11.87,都市：住,10000,66,持分移轉,04470000
RPQTNLNJPHNFFBB58CB,昌平段,7.64,都市：住,10000,66,持分移轉,04480000
RPQTNLNJPHNFFBB58CB,昌平段,5.65,都市：住,10000,66,持分移轉,04490000
RPSTNLNJPHNFFBB78CB,昌平段,10.25,都市：住,10000,57,持分移轉,04470000
RPSTNLNJPHNFFBB78CB,昌平段,6.60,都市：住,10000,57,持分移轉,04480000
RPSTNLNJPHNFFBB78CB,昌平段,4.88,都市：住,10000,57,持分移轉,04490000
RPTTNLNJPHNFFBB88CB,昌平段,10.07,都市：住,10000,56,持分移轉,04470000
RPTTNLNJPHNFFBB88CB,昌平段,6.48,都市：住,10000,56,持分移轉,04480000
RPTTNLNJPHNFFBB88CB,昌平段,4.80,都市：住,10000,56,持分移轉,04490000
RPWTNLNJPHNFFBB56CB,昌平段,10.61,都市：住,10000,59,持分移轉,04470000
RPWTNLNJPHNFFBB56CB,昌平段,6.83,都市：住,10000,59,持分移轉,04480000
RPWTNLNJPHNFFBB56CB,昌平段,5.05,都市：住,10000,59,持分移轉,04490000
RPVTNLNJPHNFFBB09CB,昌平段,10.07,都市：住,10000,56,持分移轉,04470000
RPVTNLNJPHNFFBB09CB,昌平段,6.48,都市：住,10000,56,持分移轉,04480000
RPVTNLNJPHNFFBB09CB,昌平段,4.80,都市：住,10000,56,持分移轉,04490000
RPRTNLNJPHNFFBB68CB,昌平段,13.31,都市：住,10000,74,持分移轉,04470000
RPRTNLNJPHNFFBB68CB,昌平段,8.56,都市：住,10000,74,持分移轉,04480000
RPRTNLNJPHNFFBB68CB,昌平段,6.34,都市：住,10000,74,持分移轉,04490000
RPOUNLNJPHNFFBB48CB,昌平段,9.53,都市：住,10000,53,持分移轉,04470000
RPOUNLNJPHNFFBB48CB,昌平段,6.13,都市：住,10000,53,持分移轉,04480000
RPOUNLNJPHNFFBB48CB,昌平段,4.54,都市：住,10000,53,持分移轉,04490000
RPUTNLNJPHNFFBB98CB,昌平段,10.25,都市：住,10000,57,持分移轉,04470000
RPUTNLNJPHNFFBB98CB,昌平段,6.60,都市：住,10000,57,持分移轉,04480000
RPUTNLNJPHNFFBB98CB,昌平段,4.88,都市：住,10000,57,持分移轉,04490000
RPXTNLNJPHNFFBB66CB,昌平段,10.07,都市：住,10000,56,持分移轉,04470000
RPXTNLNJPHNFFBB66CB,昌平段,6.48,都市：住,10000,56,持分移轉,04480000
RPXTNLNJPHNFFBB66CB,昌平段,4.80,都市：住,10000,56,持分移轉,04490000
RPPUNLNJPHNFFBB58CB,昌平段,10.25,都市：住,10000,57,持分移轉,04470000
RPPUNLNJPHNFFBB58CB,昌平段,6.60,都市：住,10000,57,持分移轉,04480000
RPPUNLNJPHNFFBB58CB,昌平段,4.88,都市：住,10000,57,持分移轉,04490000
RPRUNLNJPHNFFBB78CB,昌平段,13.31,都市：住,10000,74,持分移轉,04470000
RPRUNLNJPHNFFBB78CB,昌平段,8.56,都市：住,10000,74,持分移轉,04480000
RPRUNLNJPHNFFBB78CB,昌平段,6.34,都市：住,10000,74,持分移轉,04490000
RPTUNLNJPHNFFBB98CB,昌平段,13.31,都市：住,10000,74,持分移轉,04470000
RPTUNLNJPHNFFBB98CB,昌平段,8.56,都市：住,10000,74,持分移轉,04480000
RPTUNLNJPHNFFBB98CB,昌平段,6.34,都市：住,10000,74,持分移轉,04490000
RPSUNLNJPHNFFBB88CB,昌平段,10.25,都市：住,10000,57,持分移轉,04470000
RPSUNLNJPHNFFBB88CB,昌平段,6.60,都市：住,10000,57,持分移轉,04480000
RPSUNLNJPHNFFBB88CB,昌平段,4.88,都市：住,10000,57,持分移轉,04490000
RPUUNLNJPHNFFBB09CB,昌平段,13.31,都市：住,10000,74,持分移轉,04470000
RPUUNLNJPHNFFBB09CB,昌平段,8.56,都市：住,10000,74,持分移轉,04480000
RPUUNLNJPHNFFBB09CB,昌平段,6.34,都市：住,10000,74,持分移轉,04490000
RPWUNLNJPHNFFBB66CB,昌平段,10.07,都市：住,10000,56,持分移轉,04470000
RPWUNLNJPHNFFBB66CB,昌平段,6.48,都市：住,10000,56,持分移轉,04480000
RPWUNLNJPHNFFBB66CB,昌平段,4.80,都市：住,10000,56,持分移轉,04490000
RPVUNLNJPHNFFBB56CB,昌平段,10.25,都市：住,10000,57,持分移轉,04470000
RPVUNLNJPHNFFBB56CB,昌平段,6.60,都市：住,10000,57,持分移轉,04480000
RPVUNLNJPHNFFBB56CB,昌平段,4.88,都市：住,10000,57,持分移轉,04490000
RPQUNLNJPHNFFBB68CB,昌平段,9.53,都市：住,10000,53,持分移轉,04470000
RPQUNLNJPHNFFBB68CB,昌平段,6.13,都市：住,10000,53,持分移轉,04480000
RPQUNLNJPHNFFBB68CB,昌平段,4.54,都市：住,10000,53,持分移轉,04490000
RPOVNLNJPHNFFBB58CB,昌平段,13.31,都市：住,10000,74,持分移轉,04470000
RPOVNLNJPHNFFBB58CB,昌平段,8.56,都市：住,10000,74,持分移轉,04480000
RPOVNLNJPHNFFBB58CB,昌平段,6.34,都市：住,10000,74,持分移轉,04490000
RPXUNLNJPHNFFBB76CB,昌平段,10.25,都市：住,10000,57,持分移轉,04470000
RPXUNLNJPHNFFBB76CB,昌平段,6.60,都市：住,10000,57,持分移轉,04480000
RPXUNLNJPHNFFBB76CB,昌平段,4.88,都市：住,10000,57,持分移轉,04490000
RPUVNLNJPHNFFBB56CB,昌平段,13.31,都市：住,10000,74,持分移轉,04470000
RPUVNLNJPHNFFBB56CB,昌平段,8.56,都市：住,10000,74,持分移轉,04480000
RPUVNLNJPHNFFBB56CB,昌平段,6.34,都市：住,10000,74,持分移轉,04490000
RPTVNLNJPHNFFBB09CB,昌平段,9.71,都市：住,10000,54,持分移轉,04470000
RPTVNLNJPHNFFBB09CB,昌平段,6.25,都市：住,10000,54,持分移轉,04480000
RPTVNLNJPHNFFBB09CB,昌平段,4.62,都市：住,10000,54,持分移轉,04490000
RPPVNLNJPHNFFBB68CB,昌平段,10.25,都市：住,10000,57,持分移轉,04470000
RPPVNLNJPHNFFBB68CB,昌平段,6.60,都市：住,10000,57,持分移轉,04480000
RPPVNLNJPHNFFBB68CB,昌平段,4.88,都市：住,10000,57,持分移轉,04490000
RPQVNLNJPHNFFBB78CB,昌平段,13.31,都市：住,10000,74,持分移轉,04470000
RPQVNLNJPHNFFBB78CB,昌平段,8.56,都市：住,10000,74,持分移轉,04480000
RPQVNLNJPHNFFBB78CB,昌平段,6.34,都市：住,10000,74,持分移轉,04490000
RPWVNLNJPHNFFBB76CB,昌平段,13.31,都市：住,10000,74,持分移轉,04470000
RPWVNLNJPHNFFBB76CB,昌平段,8.56,都市：住,10000,74,持分移轉,04480000
RPWVNLNJPHNFFBB76CB,昌平段,6.34,都市：住,10000,74,持分移轉,04490000
RPRVNLNJPHNFFBB88CB,昌平段,10.07,都市：住,10000,56,持分移轉,04470000
RPRVNLNJPHNFFBB88CB,昌平段,6.48,都市：住,10000,56,持分移轉,04480000
RPRVNLNJPHNFFBB88CB,昌平段,4.80,都市：住,10000,56,持分移轉,04490000
RPSVNLNJPHNFFBB98CB,昌平段,10.25,都市：住,10000,57,持分移轉,04470000
RPSVNLNJPHNFFBB98CB,昌平段,6.60,都市：住,10000,57,持分移轉,04480000
RPSVNLNJPHNFFBB98CB,昌平段,4.88,都市：住,10000,57,持分移轉,04490000
RPXVNLNJPHNFFBB86CB,昌平段,10.25,都市：住,10000,57,持分移轉,04470000
RPXVNLNJPHNFFBB86CB,昌平段,6.60,都市：住,10000,57,持分移轉,04480000
RPXVNLNJPHNFFBB86CB,昌平段,4.88,都市：住,10000,57,持分移轉,04490000
RPVVNLNJPHNFFBB66CB,昌平段,10.07,都市：住,10000,56,持分移轉,04470000
RPVVNLNJPHNFFBB66CB,昌平段,6.48,都市：住,10000,56,持分移轉,04480000
RPVVNLNJPHNFFBB66CB,昌平段,4.80,都市：住,10000,56,持分移轉,04490000
RPPWNLNJPHNFFBB78CB,昌平段,10.25,都市：住,10000,57,持分移轉,04470000
RPPWNLNJPHNFFBB78CB,昌平段,6.60,都市：住,10000,57,持分移轉,04480000
RPPWNLNJPHNFFBB78CB,昌平段,4.88,都市：住,10000,57,持分移轉,04490000
RPOWNLNJPHNFFBB68CB,昌平段,10.07,都市：住,10000,56,持分移轉,04470000
RPOWNLNJPHNFFBB68CB,昌平段,6.48,都市：住,10000,56,持分移轉,04480000
RPOWNLNJPHNFFBB68CB,昌平段,4.80,都市：住,10000,56,持分移轉,04490000
RPTPMLOJPHNFFBB48CB,昌平段,13.31,都市：住,10000,74,持分移轉,04470000
RPTPMLOJPHNFFBB48CB,昌平段,8.56,都市：住,10000,74,持分移轉,04480000
RPTPMLOJPHNFFBB48CB,昌平段,6.34,都市：住,10000,74,持分移轉,04490000
RPRWNLNJPHNFFBB98CB,昌平段,13.31,都市：住,10000,74,持分移轉,04470000
RPRWNLNJPHNFFBB98CB,昌平段,8.56,都市：住,10000,74,持分移轉,04480000
RPRWNLNJPHNFFBB98CB,昌平段,6.34,都市：住,10000,74,持分移轉,04490000
RPSWNLNJPHNFFBB09CB,昌平段,11.87,都市：住,10000,66,持分移轉,04470000
RPSWNLNJPHNFFBB09CB,昌平段,7.64,都市：住,10000,66,持分移轉,04480000
RPSWNLNJPHNFFBB09CB,昌平段,5.65,都市：住,10000,66,持分移轉,04490000
RPQWNLNJPHNFFBB88CB,昌平段,10.07,都市：住,10000,56,持分移轉,04470000
RPQWNLNJPHNFFBB88CB,昌平段,6.48,都市：住,10000,56,持分移轉,04480000
RPQWNLNJPHNFFBB88CB,昌平段,4.80,都市：住,10000,56,持分移轉,04490000
