﻿編號,土地位置,土地移轉面積(平方公尺),使用分區或編定,權利人持分分母,權利人持分分子,移轉情形,地號
The serial number, land position,land shifting area square meter,the use zoning or compiles and checks,,,,land parcel
RPXPMLLKNHNFFBB58CC,錦村段,2.69,都市：住,,,,02130085
RPXQMLLKNHNFFBB68CC,賴厝?段,9.24,都市：住,,,,03470000
RPSOMLLKNHNFFCB08CC,寶文段,27.15,都市：住,,,,00720019
RPWOMLLKNHNFFCB48CC,寶文段,9.76,都市：住,,,,00720019
RPROMLLKNHNFFAB77CC,麻園頭段,26.71,都市：住,,,,00830032
RPUPMLLKNHNFFAB18CC,旱平段,26.56,都市：住,,,,06720000
RPWPMLLKNHNFFAB38CC,公館段,9.68,都市：住,,,,01510052
RPWPMLLKNHNFFAB38CC,公館段,6.87,都市：住,,,,01510366
RPQQMLLKNHNFFCB08CC,大進段,7.78,都市：住,,,,07630000
RPPOMLLKNHNFFCB77CC,寶文段,34.01,都市：住,,,,00720019
RPTOMLLKNHNFFCB18CC,寶文段,65.14,都市：住,,,,00720019
RPPNMLMKNHNFFAB57CC,下橋子頭段,1.81,都市：商,,,,02170014
RPQNMLMKNHNFFAB67CC,下橋子頭段,1.81,都市：商,,,,02170014
RPRNMLMKNHNFFAB77CC,下橋子頭段,1.74,都市：商,,,,02170014
RPSNMLMKNHNFFAB87CC,樹子腳段,18.97,都市：住,,,,02660000
RPOOMLOKNHNFFCB97CC,大新段,11.99,都市：住,,,,08650000
RPPNMLMKNHNFFCB77CC,龍富段,14.77,都市：住,,,,00860000
RPPQMLOKNHNFFCB28CC,西屯段,103.00,都市：住,,,,20320019
RPRNMLMKNHNFFCB97CC,國安段,16.44,都市：住,,,,00120014
RPSNMLMKNHNFFCB08CC,上石碑段,4.62,都市：商,,,,18000007
RPQNMLOKNHNFFBB97CC,陳平段,11.93,都市：住,,,,19350000
RPPNMLMKNHNFFIB38CC,興祥段,12.50,都市：住,,,,01670000
RPUQMLOKNHNFFCB78CC,中正段,46.80,都市：住,,,,02870000
RPTRMLOKNHNFFCB78CC,下石碑段,.00,非都市： ; 非都市編定：,,,,16920000
RPURMLOKNHNFFCB88CC,大進段,.00,非都市： ; 非都市編定：,,,,00930000
RPWPMLOKNHNFFBB78CC,中興段,.00,非都市： ; 非都市編定：,,,,05300000
RPTQMLOKNHNFFCB68CC,惠國段,173.33,都市：其他:新七,,,,01450000
RPVQMLOKNHNFFBB78CC,平田段,.00,非都市： ; 非都市編定：,,,,03940019
RPVQMLOKNHNFFBB78CC,平田段,.00,非都市： ; 非都市編定：,,,,03990003
RPSQMLOKNHNFFBB48CC,東正段,.00,非都市： ; 非都市編定：,,,,00510000
RPSOMLOKNHNFFAB18CC,信義段九小段,.00,非都市： ; 非都市編定：,,,,00060004
RPSOMLOKNHNFFAB18CC,信義段九小段,.00,非都市： ; 非都市編定：,,,,00060031
RPSOMLOKNHNFFHB88CC,自強段,.00,非都市：特定農業區 ; 非都市編定：甲種建築用地,,,,06300001
RPWOMLOKNHNFFBB68CC,大觀段,19.44,都市：住,,,,06950000
RPWOMLOKNHNFFAB58CC,中墩段七小段,.00,非都市： ; 非都市編定：,,,,00010027
RPWOMLOKNHNFFAB58CC,柳川段七小段,.00,非都市： ; 非都市編定：,,,,00100012
RPWOMLOKNHNFFAB58CC,柳川段七小段,.00,非都市： ; 非都市編定：,,,,00100026
RPROMLPKNHNFFFB68CC,南勢坑段埔子小段,280.00,都市：其他:,,,,04240009
RPROMLPKNHNFFFB68CC,南勢坑段埔子小段,86.00,都市：其他:,,,,04240030
RPPQMLPKNHNFFCB38CC,民安段,11.55,都市：住,,,,16750022
RPXVMLPKNHNFFCB07CC,豐富段,127.66,都市：住,,,,00030011
RPSOMLPKNHNFFFB78CC,南勢坑段埔子小段,98.00,都市：其他:,,,,02320104
RPSOMLPKNHNFFFB78CC,南勢坑段埔子小段,35.00,都市：其他:,,,,02320065
RPSOMLPKNHNFFFB78CC,南勢坑段埔子小段,460.00,都市：其他:,,,,02320079
RPXQMLPKNHNFFCB56CC,上石碑段,49.00,都市：商,,,,04710000
RPXQMLPKNHNFFCB56CC,上石碑段,3.00,都市：其他:市場用地,,,,04710001
RPXQMLPKNHNFFCB56CC,上石碑段,46.00,都市：商,,,,04720000
RPXQMLPKNHNFFCB56CC,上石碑段,3.00,都市：其他:市場用地,,,,04720001
RPXQMLPKNHNFFCB56CC,上石碑段,46.00,都市：商,,,,04730000
RPXQMLPKNHNFFCB56CC,上石碑段,3.00,都市：其他:市場用地,,,,04730001
RPXQMLPKNHNFFCB56CC,上石碑段,46.00,都市：商,,,,04740000
RPXQMLPKNHNFFCB56CC,上石碑段,3.00,都市：其他:市場用地,,,,04740001
RPXQMLPKNHNFFCB56CC,上石碑段,46.00,都市：商,,,,04750000
RPXQMLPKNHNFFCB56CC,上石碑段,2.00,都市：其他:市場用地,,,,04750001
RPXQMLPKNHNFFCB56CC,上石碑段,45.00,都市：商,,,,04760000
RPXQMLPKNHNFFCB56CC,上石碑段,1.00,都市：其他:市場用地,,,,04760001
RPXQMLPKNHNFFCB56CC,上石碑段,20.00,都市：其他:市場用地,,,,04900002
RPXQMLPKNHNFFCB56CC,上石碑段,12.00,都市：其他:市場用地,,,,04540003
RPXQMLPKNHNFFCB56CC,上石碑段,110.00,都市：其他:市場用地,,,,04900000
RPXQMLPKNHNFFCB56CC,上石碑段,65.00,都市：其他:市場用地,,,,04910000
RPPWMLPKNHNFFCB98CC,寶山段,6.80,都市：住,,,,07390000
RPPWMLPKNHNFFCB98CC,寶山段,1.86,都市：住,,,,07440000
RPVWMLPKNHNFFCB96CC,黎明段,31.81,都市：住,,,,00510000
RPRNNLPKNHNFFCB38CC,豐業段,97.15,都市：住,,,,00350001
RPTNMLQKNHNFFCB58CC,下石碑段,.00,都市：住,,,,23260000
RPTUMLPKNHNFFCB56CC,惠來厝段,38.00,都市：商,,,,11920000
RPQONLPKNHNFFCB38CC,福安段,34.76,都市：住,,,,01440001
RPRPMLQKNHNFFBB48CC,太原段,14.37,都市：住,,,,01000000
RPXOMLQKNHNFFCB09CC,三塊厝段,32.70,都市：住,,,,12440000
RPROMLRKNHNFFAB38CC,麻園頭段,80.00,都市：住,,,,01570120
RPROMLRKNHNFFAB38CC,麻園頭段,80.00,都市：住,,,,01570139
RPSOMLRKNHNFFBB58CC,東峰段,11.85,都市：住,,,,01990000
RPXOMLQKNHNFFDB56CC,三陽段,170.42,都市：住,,,,06640000
RPPOMLRKNHNFFBB28CC,陳平段,21.00,都市：住,,,,11610000
RPPOMLRKNHNFFBB28CC,陳平段,5.00,都市：住,,,,11600002
RPWNMLRKNHNFFHB86CC,家興段,12.51,都市：住,,,,05620000
RPTPMLRKNHNFFBB78CC,平田段,.00,都市：住,,,,05140000
RPXPMLRKNHNFFBB56CC,東山段,140.00,都市：住,,,,01850000
RPXNMLQKNHNFFFB66CC,永安段,806.00,都市：工,,,,00860002
RPXNMLQKNHNFFFB66CC,永安段,210.00,都市：工,,,,00860003
RPXNMLQKNHNFFFB66CC,永安段,993.00,都市：工,,,,00870002
RPXNMLQKNHNFFFB66CC,永安段,152.00,都市：工,,,,00870005
RPXNMLQKNHNFFFB66CC,永安段,726.00,都市：工,,,,00880003
RPSRMLRKNHNFFBB88CC,賴厝?段,3.20,都市：商,,,,00310003
RPSRMLRKNHNFFBB88CC,邱厝子段,2.56,都市：商,,,,00310062
RPOQMLRKNHNFFBB38CC,東山段,136.00,都市：住,,,,01850002
RPUPMLRKNHNFFBB88CC,東山段,140.00,都市：住,,,,01850000
RPXNMLRKNHNFFCB09CC,西屯段,.00,都市：住,,,,22790000
RPROMLRKNHNFFCB58CC,中仁段,21.29,都市：住,,,,03810000
RPTOMLRKNHNFFBB68CC,東光段,15.70,都市：住,,,,00850000
RPSOMLRKNHNFFCB68CC,惠民段,5.76,都市：其他:第六種新市政中心專用區,,,,01090000
RPUOMLRKNHNFFCB88CC,上石碑段,.00,都市：住,,,,26730001
RPUOMLRKNHNFFCB88CC,上石碑段,13.73,都市：住,,,,26800000
RPUOMLRKNHNFFCB88CC,上石碑段,.19,都市：住,,,,26710016
RPUOMLRKNHNFFCB88CC,上石碑段,3.32,都市：住,,,,26780000
RPUOMLRKNHNFFCB88CC,上石碑段,.61,都市：住,,,,26790002
RPUOMLRKNHNFFCB88CC,上石碑段,.23,都市：住,,,,26930001
RPQPMLRKNHNFFCB58CC,下石碑段,.00,都市：住,,,,09540007
RPPNMLSKNHNFFCB38CC,下石碑段,.00,都市：住,,,,16920000
RPRRMLRKNHNFFBB78CC,賴厝?段,3.47,都市：商,,,,00310003
RPRRMLRKNHNFFBB78CC,邱厝子段,2.79,都市：商,,,,00310062
RPRQMLSKNHNFFCB88CC,中正段,6.72,都市：商,,,,01550000
RPPRMLSKNHNFFCB78CC,惠順段,18.67,都市：商,,,,00580000
RPSOMLSKNHNFFBB68CC,邱厝子段,31.77,都市：住,,,,01450020
RPOQMLSKNHNFFCB58CC,中正段,5.31,都市：商,,,,01550000
RPOSMLSKNHNFFBB68CC,東峰段,11.13,都市：商,,,,01580000
RPXRMLSKNHNFFBB86CC,賴厝?段,.00,都市：住,,,,00080009
RPXRMLSKNHNFFBB86CC,賴厝?段,.00,都市：住,,,,00080011
RPQOMLSKNHNFFBB48CC,大觀段,23.14,都市：住,,,,06950000
RPURMLSKNHNFFBB56CC,東峰段,11.29,都市：商,,,,01580000
RPQSMLSKNHNFFBB88CC,東峰段,6.84,都市：商,,,,01580000
RPQOMLSKNHNFFAB38CC,麻園頭段,26.58,都市：商,,,,00730249
RPVNMLSKNHNFFAB78CC,頂橋子頭段,23.14,都市：住,,,,04350368
RPPSMLSKNHNFFBB78CC,東峰段,10.58,都市：商,,,,01580000
RPOQMLSKNHNFFBB58DC,松竹段,5.96,都市：住,,,,11850000
RPRQMLSKNHNFFBB88DC,賴厝?段,6.74,都市：住,,,,03340000
RPRQMLSKNHNFFBB88DC,賴厝?段,6.74,都市：住,,,,03340000
RPVOMLSKNHNFFAB88CC,東勢子段,34.49,都市：住,,,,01280005
RPUOMLSKNHNFFCB09DC,中義段,7.19,都市：住,,,,09990000
RPTQMLSKNHNFFBB09DC,中興段,26.96,都市：住,,,,03720000
RPVNMLLLNHNFFHB88CC,家興段,.00,都市：住,,,,05610000
RPTOMLSKNHNFFCB98DC,上石碑段,2.98,都市：住,,,,27700000
RPPNMLLLNHNFFJB58DC,溪洲段,35.25,都市：住,,,,01050000
RPUNMLLLNHNFFHB78CC,大明段,38.21,都市：住,,,,02210000
RPPQMLSKNHNFFBB68DC,賴厝?段,3.37,都市：住,,,,03340000
RPWNMLLLNHNFFHB98CC,民生段,7.53,都市：住,,,,05980002
RPOPMLSKNHNFFAB38DC,公館段,2.73,都市：住,,,,00640050
RPPOMLLLNHNFFHB38CC,民生段,6.70,都市：住,,,,05980001
RPXNMLLLNHNFFHB09CC,民生段,7.53,都市：住,,,,05980002
RPPOMLLLNHNFFAB67CC,麻園頭段,19.86,都市：住,,,,02910000
RPOOMLLLNHNFFHB28CC,學雅段,27.00,都市：住,,,,07070000
RPOOMLLLNHNFFHB28CC,學雅段,14.80,都市：住,,,,07060000
RPVOMLLLNHNFFCB48CC,南屯段,38.00,都市：住,,,,02600010
RPVOMLLLNHNFFCB48CC,南屯段,48.00,都市：住,,,,02600029
RPVOMLLLNHNFFCB48CC,南屯段,14.98,都市：住,,,,02600013
RPOOMLLLNHNFFIB38CC,大孝段,23.76,都市：住,,,,00900009
RPWNMLMLNHNFFCB58CC,寶文段,9.76,都市：住,,,,00720019
RPPPMLMLNHNFFCB08CC,中正段,91.29,都市：住,,,,01340000
RPOQMLMLNHNFFCB08CC,上石碑段,33.66,都市：商,,,,27740000
RPRNMLMLNHNFFBB97CC,乾溝子段,9.49,都市：住,,,,01700049
RPRNMLMLNHNFFBB97CC,乾溝子段,.27,都市：住,,,,01730011
RPWPMLMLNHNFFAB58CC,後?子段,12.94,都市：住,,,,02170017
RPQQMLMLNHNFFBB18CC,乾溝子段,35.39,都市：住,,,,01700005
RPSNMLMLNHNFFCB18CC,惠民段,14.73,都市：住,,,,00480000
RPWNMLNLNHNFFAB48CC,麻園頭段,12.53,都市：住,,,,01320000
RPROMLNLNHNFFIB88CC,自立段,17.13,都市：住,,,,08980000
RPSPMLNLNHNFFIB09CC,新甲段,91.80,都市：住,,,,01410019
RPWNMLNLNHNFFJB76CC,光明段,.00,非都市：鄉村區 ; 非都市編定：乙種建築用地,,,,06230000
RPWNMLNLNHNFFJB76CC,光明段,.00,非都市：鄉村區 ; 非都市編定：乙種建築用地,,,,06240000
RPWNMLNLNHNFFJB76CC,光明段,.00,非都市：鄉村區 ; 非都市編定：乙種建築用地,,,,06250000
RPXOMLNLNHNFFCB98DC,民安段,10.87,都市：住,,,,18860000
RPQPMLNLNHNFFJB98CC,欣欣段,108.60,都市：工,,,,02990000
RPWNMLNLNHNFFBB58CC,水源段,.00,都市：住,,,,02450069
RPQQMLNLNHNFFBB28CC,平田段,5.31,都市：住,,,,04440000
RPUOMLNLNHNFFBB48CC,太原段,14.51,都市：住,,,,01000000
RPQNMLNLNHNFFFB38CC,市鎮北段,21.84,都市：商,,,,02380000
RPPOMLNLNHNFFBB97CC,松觀段,.00,都市：住,,,,07200000
RPOPMLNLNHNFFBB97CC,平田段,8.63,都市：住,,,,01000000
RPOPMLNLNHNFFBB97CC,平田段,1.59,都市：住,,,,01000001
RPQNMLNLNHNFFCB08CC,上石碑段,.00,都市：商,,,,17300000
RPPQMLNLNHNFFCB28CC,福德段,45.64,都市：住,,,,01060000
RPPQMLNLNHNFFCB28CC,福德段,3.58,都市：住,,,,01160000
RPPOMLNLNHNFFCB08CC,大新段,29.70,都市：住,,,,08630000
RPUQMLNLNHNFFCB78CC,國安段,.00,都市：其他:市場用地,,,,05890000
RPTNMLOLNHNFFCB48CC,國安段,15.52,都市：住,,,,05930066
RPOSMLNLNHNFFCB38CC,惠民段,28.86,都市：其他:新市政中心專用區,,,,01430001
RPUPMLNLNHNFFCB68CC,福星段,33.03,都市：住,,,,00810000
RPOQMLNLNHNFFCB18CC,國安段,9.52,都市：住,,,,05930489
RPTOMLOLNHNFFCB58CC,寶文段,.00,都市：住,,,,00470003
RPWRMLNLNHNFFCB09CC,惠民段,20.35,都市：其他:新市政中心專用區,,,,01380000
RPUOMLOLNHNFFCB68CC,豐業段,27.42,都市：住,,,,02020000
RPSOMLOLNHNFFAB28CC,樹子腳段,15.87,都市：住,,,,17020000
RPSOMLOLNHNFFAB28CC,樹子腳段,13.69,都市：住,,,,17040000
RPVOMLPLNHNFFAB68CC,下橋子頭段,16.33,都市：住,,,,01780026
RPROMLPLNHNFFAB28CC,旱溪段,83.00,都市：住,,,,03630097
RPROMLPLNHNFFAB28CC,旱溪段,7.00,都市：住,,,,03630118
RPPPMLPLNHNFFAB18CC,後?子段,.00,都市：住,,,,03320003
RPPQMLPLNHNFFAB28CC,公館段,4.41,都市：住,,,,00620001
RPVNMLPLNHNFFDB88CC,豐原段,74.00,都市：住,,,,08650026
RPRNMLPLNHNFFCB38CC,大新段,20.60,都市：商,,,,05200000
RPWNMLPLNHNFFDB98CC,一心段,75.60,都市：住,,,,10290001
RPWNMLPLNHNFFDB98CC,一心段,86.89,都市：住,,,,10290002
RPWNMLPLNHNFFDB98CC,一心段,6.00,都市：住,,,,10290003
RPWNMLPLNHNFFDB98CC,一心段,131.29,都市：住,,,,10290004
RPWNMLPLNHNFFDB98CC,一心段,129.60,都市：住,,,,10290005
RPWNMLPLNHNFFDB98CC,一心段,130.42,都市：住,,,,10290006
RPWNMLPLNHNFFDB98CC,一心段,29.00,都市：住,,,,10270001
RPWNMLPLNHNFFDB98CC,一心段,17.00,都市：住,,,,10270002
RPWOMLPLNHNFFCB98CC,大墩段,52.24,都市：住,,,,00060000
RPVOMLPLNHNFFCB88CC,中正段,25.66,都市：商,,,,01340000
RPRPMLPLNHNFFCB58CC,惠民段,21.02,都市：其他:新市政中心專用區,,,,01430000
RPQPMLPLNHNFFCB48CC,寶文段,9.76,都市：住,,,,00720019
RPPPMLPLNHNFFCB38CC,寶文段,9.46,都市：住,,,,00720019
RPSPMLPLNHNFFCB68CC,寶文段,9.76,都市：住,,,,00720019
RPXOMLPLNHNFFCB09CC,國安段,.00,都市：住,,,,03150000
RPXQMLPLNHNFFCB66CC,福德段,.00,都市：住,,,,01340000
RPUPMLPLNHNFFCB88CC,惠民段,13.47,都市：其他:新市政中心專用區,,,,00110000
RPQRMLPLNHNFFCB68CC,中正段,.00,都市：住,,,,00290000
RPOPMLPLNHNFFCB28CC,寶文段,9.31,都市：住,,,,00720019
RPWRMLPLNHNFFCB66CC,惠智段,7.11,都市：住,,,,01340000
RPTPMLPLNHNFFCB78CC,惠民段,16.31,都市：其他:新市政中心專用區,,,,01430000
RPPRMLPLNHNFFBB48CC,大觀段,19.44,都市：住,,,,06950000
RPXOMLPLNHNFFBB98CC,陳平段,69.00,都市：住,,,,18810032
RPORMLPLNHNFFBB38CC,大觀段,19.44,都市：住,,,,06950000
RPROMLSLNHNFFBB68CC,東山段,140.00,都市：住,,,,01850000
RPUNMLSLNHNFFBB88CC,邱厝子段,.00,都市：住,,,,00380005
RPXQMLPLNHNFFBB56CC,大觀段,19.83,都市：住,,,,06950000
RPTOMLSLNHNFFBB88CC,東山段,140.00,都市：住,,,,01850000
RPQPMLSLNHNFFBB68CC,東新段,3.03,都市：住,,,,01530000
RPVNMLSLNHNFFBB98CC,水湳段,.00,都市：住,,,,01000072
RPVNMLSLNHNFFBB98CC,水湳段,.00,都市：住,,,,01000056
RPXNMLSLNHNFFHB17CC,永興段,10.33,都市：住,,,,03620002
RPXNMLSLNHNFFHB17CC,永興段,9.94,都市：住,,,,03620004
RPXNMLSLNHNFFHB17CC,永興段,200.90,都市：住,,,,03630000
RPXNMLSLNHNFFHB17CC,永興段,89.34,都市：住,,,,03630005
RPVOMLSLNHNFFBB09CC,東新段,4.17,都市：住,,,,01530000
RPOTMLSLNHNFFCB98CC,田心段,21.27,都市：住,,,,08400000
RPWNMLSLNHNFFDB66CC,豐原段,894.00,都市：住,,,,00130000
RPUNMLSLNHNFFAB78CC,麻園頭段,19.03,都市：住,,,,01300002
RPOOMLSLNHNFFHB98CC,四維段,13.95,都市：住,,,,04060000
RPVNMLSLNHNFFAB88CC,麻園頭段,16.46,都市：住,,,,01320000
RPOOMLSLNHNFFAB28CC,大益段,11.56,都市：住,,,,10470000
RPXNMLSLNHNFFAB09CC,麻園頭段,13.07,都市：住,,,,01320000
RPPNMLSLNHNFFAB38DC,公館段,71.00,都市：商,,,,00800045
RPUPMLTLNHNFFDB76CC,南田段,148.76,都市：工,,,,05650000
RPUOMLSLNHNFFAB88CC,建國段五小段,.00,都市：商,,,,00290000
RPSPMLTLNHNFFCB09CC,寶文段,9.30,都市：住,,,,00720019
RPPQMLTLNHNFFAB68CC,下橋子頭段,21.54,都市：住,,,,01630011
RPTPMLTLNHNFFCB56CC,寶文段,14.03,都市：住,,,,00720019
RPWQMLTLNHNFFCB96CC,中正段,6.92,都市：商,,,,01550000
RPORMLTLNHNFFCB88CC,中正段,6.72,都市：商,,,,01550000
RPOQMLTLNHNFFAB58CC,後?子段,36.87,都市：住,,,,03320000
RPOQMLTLNHNFFAB58CC,後?子段,36.87,都市：住,,,,03320000
RPPRMLTLNHNFFCB98CC,中正段,9.49,都市：商,,,,01550000
RPXQMLTLNHNFFCB07CC,大墩段,126.00,都市：住,,,,00930000
RPSQMLTLNHNFFBB09CC,賴厝?段,4.19,都市：商,,,,00310003
RPSQMLTLNHNFFBB09CC,邱厝子段,3.36,都市：商,,,,00310062
RPTNMLTLNHNFFBB88CC,青雲段,430.00,都市：商,,,,10430000
RPUQMLTLNHNFFBB66CC,賴厝?段,3.38,都市：商,,,,00310003
RPUQMLTLNHNFFBB66CC,邱厝子段,2.71,都市：商,,,,00310062
RPQRMLTLNHNFFCB09CC,中和段,11.93,都市：住,,,,01560000
RPRQMLTLNHNFFBB98CC,賴厝?段,.14,都市：商,,,,00310003
RPRQMLTLNHNFFBB98CC,邱厝子段,.11,都市：商,,,,00310062
RPWPMLTLNHNFFBB76CC,東新段,4.17,都市：住,,,,01530000
RPTQMLTLNHNFFBB56CC,賴厝?段,.14,都市：商,,,,00310003
RPTQMLTLNHNFFBB56CC,邱厝子段,.11,都市：商,,,,00310062
RPQQMLTLNHNFFBB88CC,賴厝?段,4.26,都市：商,,,,00310003
RPQQMLTLNHNFFBB88CC,邱厝子段,3.42,都市：商,,,,00310062
RPORMLTLNHNFFBB78CC,東峰段,11.13,都市：商,,,,01580000
RPWQMLTLNHNFFBB86CC,賴厝?段,2.97,都市：商,,,,00310003
RPWQMLTLNHNFFBB86CC,邱厝子段,2.39,都市：商,,,,00310062
RPPRMLKMNHNFFBB08CC,東峰段,9.15,都市：商,,,,01580000
RPSOMLKMNHNFFBB08CC,軍福段,.00,都市：商,,,,01170000
RPURMLKMNHNFFBB58CC,賴厝?段,.28,都市：商,,,,00310003
RPRRMLKMNHNFFBB28CC,東峰段,6.34,都市：商,,,,01580000
RPURMLKMNHNFFBB58CC,邱厝子段,.22,都市：商,,,,00310062
RPOSMLKMNHNFFBB08CC,賴厝?段,4.81,都市：商,,,,00310003
RPOSMLKMNHNFFBB08CC,邱厝子段,3.86,都市：商,,,,00310062
RPXRMLKMNHNFFBB88CC,賴厝?段,3.23,都市：商,,,,00310003
RPXRMLKMNHNFFBB88CC,邱厝子段,2.59,都市：商,,,,00310062
RPVOMLKMNHNFFCB48CC,大明段,93.99,都市：商,,,,00160000
RPPOMLKMNHNFFDB97CC,豐年段,255.00,都市：工,,,,13020000
RPTPMLKMNHNFFCB38CC,中正段,6.28,都市：商,,,,01550000
RPQNMLKMNHNFFKB68CC,遊園段,54.11,非都市：鄉村區 ; 非都市編定：特定目的事業用地,,,,03440000
RPWOMLKMNHNFFIB56CC,內新段,.00,都市：商,,,,07570000
RPVNMLKMNHNFFHB88CC,甘潭段,14.51,都市：住,,,,04120000
RPVPMLKMNHNFFCB58CC,中正段,6.24,都市：商,,,,01550000
RPWOMLKMNHNFFCB58CC,何厝段,112.00,都市：住,,,,01140051
RPWOMLKMNHNFFCB58CC,何厝段,94.00,都市：住,,,,01140052
RPWOMLKMNHNFFCB58CC,何厝段,94.00,都市：住,,,,01140053
RPRNMLKMNHNFFKB78CC,新東段,73.02,非都市：鄉村區 ; 非都市編定：乙種建築用地,,,,01040000
RPVOMLLMNHNFFAB38CC,樹子腳段,.00,非都市： ; 非都市編定：,,,,00900000
RPVPMLLMNHNFFCB68CC,福安段,.00,非都市： ; 非都市編定：,,,,07680002
RPTNMLLMNHNFFBB18CC,陳平段,11.50,都市：住,,,,00170000
RPWNMLLJOHNFFCB38CC,大新段,41589.00,都市：住,,,,02130000
RPUPMLLMNHNFFBB48CC,北屯段,.00,非都市： ; 非都市編定：,,,,05510016
RPUPMLLMNHNFFBB48CC,東光段,.00,非都市： ; 非都市編定：,,,,02690000
RPROMLLJOHNFFBB97DC,東義段,80.00,都市：住,,,,03500002
RPROMLLJOHNFFBB97DC,東義段,25.96,都市：住,,,,03500008
RPWPMLLMNHNFFCB78CC,國安段,17.63,都市：住,,,,05930005
RPRPMLLJOHNFFCB08CC,民安段,5.34,都市：住,,,,18860000
RPPNMLMJOHNFFAB57CC,下橋子頭段,1.83,都市：商,,,,02170014
RPWNMLLMNHNFFBB48CC,東信段,7.99,都市：住,,,,02580000
RPRNMLMJOHNFFAB77CC,下橋子頭段,1.76,都市：商,,,,02170014
RPPOMLLMNHNFFBB87CC,北屯段,.00,非都市： ; 非都市編定：,,,,05510016
RPPOMLLMNHNFFBB87CC,東光段,.00,非都市： ; 非都市編定：,,,,02690000
RPQNMLMJOHNFFAB67CC,下橋子頭段,1.83,都市：商,,,,02170014
RPWNMLMJOHNFFCB48CC,中正段,5.31,都市：商,,,,01550000
RPPOMLMJOHNFFCB87CC,上石碑段,.00,都市：商,,,,26730001
RPPOMLMJOHNFFCB87CC,上石碑段,.40,都市：商,,,,26790002
RPPOMLMJOHNFFCB87CC,上石碑段,2.32,都市：商,,,,26780000
RPPOMLMJOHNFFCB87CC,上石碑段,.16,都市：商,,,,26930001
RPPOMLMJOHNFFCB87CC,上石碑段,.13,都市：商,,,,26710016
RPVNMLMJOHNFFBB28CC,松昌段,27.35,都市：住,,,,04120000
RPRNMLMJOHNFFBB87CC,北屯段,8.77,都市：住,,,,05360005
RPTNMLMJOHNFFBB08CC,仁和段,28.71,都市：住,,,,16220000
RPQNMLMJOHNFFBB77CC,東峰段,9.89,都市：商,,,,00040000
RPSNMLMJOHNFFBB97CC,陳平段,21.00,都市：商,,,,11610000
RPSNMLMJOHNFFBB97CC,陳平段,5.00,都市：商,,,,11600002
RPVOMLOJOHNFFBB58CC,松昌段,.00,都市：商,,,,04850000
RPVOMLOJOHNFFBB58CC,松昌段,.00,都市：住,,,,04820000
RPORMLOJOHNFFBB18CC,錦村段,4.19,都市：商,,,,02960045
RPQPMLOJOHNFFBB18CC,同榮段,54.15,都市：住,,,,33140014
RPQPMLOJOHNFFBB18CC,同榮段,13.65,都市：住,,,,33140007
RPSPMLOJOHNFFAB28CC,麻園頭段,13.09,都市：住,,,,01320000
RPPNMLOJOHNFFKB78CC,自治段,78.99,都市：住,,,,04230231
RPQQMLOJOHNFFCB38CC,上石碑段,.00,都市：住,,,,16170000
RPUOMLPJOHNFFIB66CC,新義段,15.45,都市：商,,,,00090000
RPVNMLOJOHNFFCB58CC,國安段,.00,都市：住,,,,05930491
RPWQMLPJOHNFFCB09CC,寶文段,.00,非都市： ; 非都市編定：,,,,00720019
RPUNMLPJOHNFFDB68CC,鐮村段,165.28,非都市：特定農業區 ; 非都市編定：農牧用地,,,,07660000
RPORMLPJOHNFFCB38CC,寶文段,.00,非都市： ; 非都市編定：,,,,00720019
RPVOMLPJOHNFFCB78CC,中義段,89.00,都市：住,,,,09800002
RPVOMLPJOHNFFCB78CC,中義段,87.00,都市：住,,,,09800003
RPVOMLPJOHNFFCB78CC,中義段,214.00,都市：住,,,,09820003
RPXQMLPJOHNFFCB56CC,寶文段,.00,非都市： ; 非都市編定：,,,,00720019
RPOOMLPJOHNFFBB97CC,賴厝?段,3.37,都市：住,,,,03340000
RPXOMLPJOHNFFBB88CC,北屯段,.00,都市：住,,,,02710156
RPTNMLPJOHNFFBB38CC,邱厝子段,6.70,都市：住,,,,00190057
RPPQMLPJOHNFFBB28CC,文正段,45.08,都市：商,,,,00250004
RPPOMLQJOHNFFCB28CC,大墩段,.00,都市：住,,,,04030000
RPSNMLQJOHNFFAB38DC,樹子腳段,20.00,都市：住,,,,10920007
RPSOMLQJOHNFFCB58CC,國安段,.00,都市：住,,,,05930000
RPQNMLRJOHNFFEB58CC,朝陽段,.00,非都市： ; 非都市編定：,,,,00690000
RPQOMLQJOHNFFFB78DC,忠孝段,100.00,都市：住,,,,08730023
RPXNMLRJOHNFFHB07DC,自立段,75.00,都市：住,,,,19780000
RPUOMLRJOHNFFIB86CC,舊街段,.00,都市：住,,,,00650000
RPPOMLRJOHNFFIB98CC,光日段,18.45,都市：住,,,,01190000
RPPPMLRJOHNFFAB28CC,平和段,13.74,都市：住,,,,00620000
RPROMLRJOHNFFAB38CC,下橋子頭段,.00,非都市： ; 非都市編定：,,,,02180204
RPQNMLRJOHNFFJB09CC,新興段,74.36,都市：住,,,,01440083
RPQPMLRJOHNFFCB58CC,何安段,4.08,都市：住,,,,09730000
RPUNMLRJOHNFFCB78CC,西屯段,41.00,都市：住,,,,13580003
RPUNMLRJOHNFFCB78CC,西屯段,27.00,都市：住,,,,06650002
RPUNMLRJOHNFFCB78CC,西屯段,40.00,都市：住,,,,13600004
RPUNMLRJOHNFFCB78CC,西屯段,415.00,都市：住,,,,13690000
RPWNMLRJOHNFFCB98CC,楓樹段,.00,非都市： ; 非都市編定：,,,,15740000
RPVPMLRJOHNFFCB09CC,上石碑段,5.29,都市：商,,,,17900000
RPXPMLRJOHNFFCB66CC,中和段,11.83,都市：住,,,,00980000
RPUPMLRJOHNFFCB98CC,楓樹段,32.38,都市：住,,,,08220000
RPOQMLRJOHNFFCB48CC,上石碑段,2.57,都市：商,,,,26780000
RPOQMLRJOHNFFCB48CC,上石碑段,10.66,都市：商,,,,26800000
RPOQMLRJOHNFFCB48CC,上石碑段,.47,都市：商,,,,26790002
RPXPMLRJOHNFFBB56CC,北屯段,.00,非都市： ; 非都市編定：,,,,02100000
RPTOMLRJOHNFFBB68CC,平田段,21.28,都市：住,,,,02440000
RPSQMLRJOHNFFCB88CC,寶山段,.00,非都市： ; 非都市編定：,,,,08890005
RPSPMLRJOHNFFBB68CC,太和段,.00,非都市： ; 非都市編定：,,,,00890000
RPUQMLRJOHNFFBB98CC,平田段,.00,非都市： ; 非都市編定：,,,,03940019
RPUQMLRJOHNFFBB98CC,平田段,.00,非都市： ; 非都市編定：,,,,03990003
RPSQMLRJOHNFFBB78CC,松昌段,.00,非都市： ; 非都市編定：,,,,06240000
RPVQMLRJOHNFFBB09CC,水湳段,49.00,都市：住,,,,02180000
RPTSMLRJOHNFFBB09CC,錦村段,.00,非都市： ; 非都市編定：,,,,02870037
RPRRMLRJOHNFFBB78CC,東山段,94.00,都市：住,,,,03590002
RPUOMLSJOHNFFBB88CC,東峰段,10.29,都市：商,,,,01580000
RPWNMLSJOHNFFBB98CC,東光段,82.00,都市：住,,,,01000000
RPTOMLSJOHNFFCB88CC,惠民段,17.95,都市：商,,,,01430001
RPUOMLSJOHNFFCB98CC,上石碑段,.00,非都市： ; 非都市編定：,,,,27660000
RPVOMLSJOHNFFBB98CC,賴厝?段,2.96,都市：商,,,,00310003
RPVOMLSJOHNFFBB98CC,邱厝子段,2.38,都市：商,,,,00310062
RPOPMLSJOHNFFCB48CC,大新段,9.14,都市：住,,,,03670000
RPVNMLSJOHNFFCB98CC,惠民段,10.80,都市：其他:新市政中心專用區,,,,01110000
RPVQMLSJOHNFFCB66CC,中正段,7.04,都市：商,,,,01550000
RPXQMLSJOHNFFCB86CC,中正段,6.28,都市：商,,,,01550000
RPWQMLSJOHNFFCB76CC,中正段,6.28,都市：商,,,,01550000
RPORMLSJOHNFFCB68CC,中正段,6.72,都市：商,,,,01550000
RPSNMLSJOHNFFAB48CC,大益段,58.99,都市：住,,,,04950000
RPRRMLSJOHNFFCB98CC,順和段,189.36,都市：工,,,,04160012
RPUNMLSJOHNFFAB68CC,後?子段,5.18,都市：住,,,,02350184
RPWNMLSJOHNFFHB96CC,自立段,122.00,都市：農,,,,14370000
RPQNMLKKOHNFFAB57CC,下橋子頭段,1.83,都市：商,,,,02170014
RPQRMLSJOHNFFCB88CC,上石碑段,3.49,都市：商,,,,17900000
RPQRMLSJOHNFFCB88CC,上石碑段,3.12,都市：商,,,,18000007
RPTNMLKKOHNFFCB18DC,惠泰段,77.31,都市：住,,,,02260001
RPTNMLKKOHNFFCB18DC,惠泰段,34.98,都市：住,,,,02260000
RPPOMLSJOHNFFAB28CC,後?子段,43.10,都市：住,,,,02250000
RPTNMLLKOHNFFBB08CC,北屯段,73.84,都市：住,,,,04040050
RPSOMLSJOHNFFHB66CC,家興段,.00,非都市： ; 非都市編定：,,,,05630000
RPTNMLLKOHNFFBB08CC,北屯段,58.76,都市：住,,,,04050075
RPTNMLLKOHNFFBB08CC,北屯段,61.88,都市：住,,,,04050076
RPOOMLSJOHNFFIB98CC,福德段,1215.67,非都市：特定農業區 ; 非都市編定：農牧用地,,,,01290000
RPOOMLSJOHNFFIB98CC,福德段,207.60,非都市：特定農業區 ; 非都市編定：農牧用地,,,,01280000
RPTNMLKKOHNFFBB97CC,水源段,.00,都市：住,,,,02300156
RPWNMLLKOHNFFCB48CC,惠順段,102.57,都市：住,,,,01320004
RPVNMLLKOHNFFCB38CC,大進段,49.46,都市：住,,,,06170000
RPRNMLKKOHNFFAB67CC,下橋子頭段,1.79,都市：商,,,,02170014
RPQNMLLKOHNFFAB67CC,土庫段,21.69,都市：住,,,,00730021
RPRNMLLKOHNFFAB77CC,麻園頭段,17.59,都市：商,,,,00290000
RPVPMLMKOHNFFBB58CC,青田段,770.00,都市：商,,,,02130000
RPVNMLMKOHNFFAB28CC,麻園頭段,23.75,都市：住,,,,00020242
RPUOMLLKOHNFFCB38CC,豐功段,17.30,都市：住,,,,00150000
RPQOMLMKOHNFFAB97DC,中墩段一小段,4.53,都市：商,,,,00140000
RPURMLMKOHNFFBB68CC,大觀段,19.83,都市：住,,,,06950000
RPUPMLMKOHNFFBB48CC,平田段,12.33,都市：住,,,,02440000
RPSOMLNKOHNFFBB28CC,錦村段,66.00,都市：住,,,,01250053
RPTRMLMKOHNFFBB58CC,陳平段,30.28,都市：住,,,,32070000
RPTPMLMKOHNFFBB38CC,北屯段,.00,都市：住,,,,01780000
RPXUMLNKOHNFFCB86CC,西屯段,16.52,都市：住,,,,18240000
RPQNMLNKOHNFFFB38CC,光華段,77.28,都市：住,,,,03970002
RPVPMLNKOHNFFBB68CC,東峰段,22.25,都市：住,,,,00580000
RPWQMLNKOHNFFBB88CC,大觀段,19.83,都市：住,,,,06950000
RPPNMLNKOHNFFFB28CC,社口段社口小段,83.00,都市：住,,,,01990066
RPRNMLNKOHNFFEB38CC,朝陽段,.00,都市：商,,,,03050004
RPRNMLNKOHNFFEB38CC,朝陽段,.00,都市：商,,,,03050013
RPRNMLNKOHNFFEB38CC,朝陽段,.00,都市：商,,,,03090000
RPTNMLNKOHNFFHB88CC,四德段,14.75,都市：住,,,,00900022
RPXNMLNKOHNFFDB88CC,三陽段,263.11,都市：住,,,,01330000
RPVNMLNKOHNFFHB09CC,上楓段,52.44,都市：住,,,,13430000
RPPOMLOKOHNFFDB28CC,東湳段,73.07,都市：住,,,,05820000
RPOOMLNKOHNFFDB08CC,三陽段,263.11,都市：住,,,,01330000
RPWPMLOKOHNFFBB98DC,乾溝子段,.00,都市：住,,,,01700005
RPOOMLOKOHNFFKB88CC,東園段,22.58,非都市：鄉村區 ; 非都市編定：乙種建築用地,,,,07840000
RPUNMLNKOHNFFHB98CC,中山段,23.93,都市：住,,,,02730000
RPVOMLOKOHNFFIB76CC,向學段,19.00,都市：住,,,,03400000
RPRNMLOKOHNFFAB08CC,大益段,17.80,都市：住,,,,04900000
RPTNMLOKOHNFFAB28CC,麻園頭段,11.80,都市：住,,,,01870041
RPTNMLOKOHNFFAB28CC,麻園頭段,2.87,都市：住,,,,01870032
RPWNMLNKOHNFFHB56CC,學雅段,73.99,都市：住,,,,07060000
RPWNMLNKOHNFFHB56CC,學雅段,135.01,都市：住,,,,07070000
RPXOMLOKOHNFFAB78CC,後?子段,483.00,都市：住,,,,02690014
RPWOMLOKOHNFFAB68CC,頂橋子頭段,16.69,都市：住,,,,04350368
RPPOMLOKOHNFFJB88CC,宜欣段,.00,都市：住,,,,16560040
RPPRMLOKOHNFFCB58DC,大明段,112.00,都市：住,,,,01060001
RPPRMLOKOHNFFCB58DC,大明段,112.00,都市：住,,,,01060002
RPPRMLOKOHNFFCB58DC,大明段,112.00,都市：住,,,,01060000
RPSOMLOKOHNFFAB28CC,後?子段,.00,都市：住,,,,02350184
RPQRMLOKOHNFFCB58CC,寶文段,.00,非都市： ; 非都市編定：,,,,00720019
RPOPMLOKOHNFFAB97CC,土庫段,93.86,都市：住,,,,00550010
RPXRMLOKOHNFFCB66CC,大新段,.00,都市：商,,,,03350000
RPTRMLOKOHNFFCB88CC,西屯段,16.52,都市：住,,,,18240000
RPRPMLOKOHNFFBB38CC,大觀段,19.83,都市：商,,,,06950000
RPQPMLOKOHNFFBB28CC,大觀段,19.83,都市：住,,,,06950000
RPSRMLOKOHNFFCB88DC,南屯段,13.78,都市：住,,,,01130000
RPTNMLOKOHNFFCB48CC,豐富段,.00,都市：住,,,,01330034
RPOOMLOKOHNFFCB08CC,何安段,.00,都市：住,,,,03710000
RPUPMLOKOHNFFBB68CC,中興段,21.86,都市：住,,,,05190000
RPUPMLPKOHNFFBB78CC,東光段,81.00,都市：住,,,,03680016
RPVPMLOKOHNFFBB78CC,大觀段,19.44,都市：住,,,,06950000
RPXPMLPKOHNFFBB09CC,賴厝?段,.29,都市：商,,,,00310003
RPXPMLPKOHNFFBB09CC,邱厝子段,.23,都市：商,,,,00310062
RPQQMLOKOHNFFBB38CC,大觀段,19.00,都市：住,,,,06950000
RPPQMLPKOHNFFBB38CC,賴厝?段,.29,都市：商,,,,00310003
RPPQMLPKOHNFFBB38CC,邱厝子段,.23,都市：商,,,,00310062
RPSQMLPKOHNFFBB68CC,賴厝?段,3.19,都市：商,,,,00310003
RPSQMLPKOHNFFBB68CC,邱厝子段,2.56,都市：商,,,,00310062
RPTPMLOKOHNFFBB58CC,太順段,21.23,都市：住,,,,01840000
RPTQMLPKOHNFFBB78CC,賴厝?段,3.11,都市：商,,,,00310003
RPTQMLPKOHNFFBB78CC,邱厝子段,2.49,都市：商,,,,00310062
RPUQMLPKOHNFFBB88CC,松茂段,46.27,都市：住,,,,10760000
RPQRMLPKOHNFFBB58CC,賴厝?段,2.97,都市：商,,,,00310003
RPQRMLPKOHNFFBB58CC,邱厝子段,2.39,都市：商,,,,00310062
RPQQMLPKOHNFFBB48CC,賴厝?段,.14,都市：商,,,,00310003
RPQQMLPKOHNFFBB48CC,邱厝子段,.11,都市：商,,,,00310062
RPWQMLPKOHNFFBB09CC,賴厝?段,3.16,都市：商,,,,00310003
RPWQMLPKOHNFFBB09CC,邱厝子段,2.54,都市：商,,,,00310062
RPRQMLPKOHNFFBB58CC,賴厝?段,2.96,都市：商,,,,00310003
RPRQMLPKOHNFFBB58CC,邱厝子段,2.37,都市：商,,,,00310062
RPSOMLPKOHNFFCB58CC,大新段,303.00,都市：住,,,,02490000
RPUQMLPKOHNFFCB98CC,上石碑段,3.48,都市：商,,,,17900000
RPUQMLPKOHNFFCB98CC,上石碑段,3.11,都市：商,,,,18000007
RPSQMLPKOHNFFCB78CC,中正段,8.21,都市：商,,,,01550000
RPRPMLPKOHNFFAB38CC,土庫段,7.18,都市：商,,,,00670006
RPXPMLPKOHNFFAB98CC,樹子腳段,17.27,都市：商,,,,12140000
RPQQMLPKOHNFFAB38CC,麻園頭段,109.00,都市：住,,,,01740202
RPWPMLPKOHNFFAB88CC,港尾子段,23.89,都市：商,,,,00010028
RPOQMLPKOHNFFAB18CC,公館段,.00,都市：商,,,,01800012
RPOQMLPKOHNFFAB18CC,公館段,.00,都市：商,,,,01800106
RPVPMLPKOHNFFAB78CC,麻園頭段,.00,都市：商,,,,00090001
RPTQMLPKOHNFFAB68CC,頂橋子頭段,26.12,都市：住,,,,04350368
RPPPMLPKOHNFFIB98CC,仁德段,64.30,都市：住,,,,05250000
RPXQMLPKOHNFFAB09CC,麻園頭段,19.33,都市：住,,,,01810000
RPWOMLPKOHNFFIB96CC,向學段,21.17,都市：住,,,,03400000
RPOOMLPKOHNFFDB28CC,豐原段,4.67,都市：商,,,,00130011
RPTNMLPKOHNFFHB09CC,家福段,9.54,都市：住,,,,00370000
RPXNMLPKOHNFFDB09CC,豐中段,835.54,都市：住,,,,02540000
RPVOMLPKOHNFFIB86CC,向學段,17.31,都市：住,,,,03400000
RPTNMLSKOHNFFBB78CC,東峰段,5.84,都市：商,,,,01580000
RPQNMLQKOHNFFAB18CC,下橋子頭段,3.73,都市：商,,,,02170014
RPQNMLSKOHNFFBB48CC,松竹段,19.20,都市：住,,,,11670000
RPUNMLSKOHNFFBB88CC,東峰段,10.58,都市：商,,,,01580000
RPWNMLSKOHNFFBB09CC,東峰段,9.74,都市：商,,,,01580000
RPXNMLSKOHNFFBB56CC,東峰段,6.93,都市：商,,,,01580000
RPVNMLSKOHNFFBB98CC,東峰段,10.29,都市：商,,,,01580000
RPRNMLQKOHNFFCB48CC,逢大段,1545.75,都市：其他:,,,,00360000
RPSNMLTKOHNFFBB78CC,大觀段,19.83,都市：住,,,,06950000
RPSNMLTKOHNFFCB88CC,三塊厝段,20.78,都市：住,,,,05540000
RPXOMLTKOHNFFCB86CC,上石碑段,1.48,都市：住,,,,15180005
RPPPMLTKOHNFFCB78CC,上石碑段,1.48,都市：住,,,,15180005
RPTPMLTKOHNFFCB56CC,下石碑段,19.39,都市：住,,,,15350000
RPRNMLKLOHNFFCB97CC,田心段,13.82,都市：住,,,,09820000
RPWPMLTKOHNFFCB86CC,上石碑段,18.66,都市：住,,,,15350000
RPQQMLTKOHNFFCB98CC,惠民段,.00,都市：其他:第六種新市政中心專用區,,,,00480000
RPPOMLKLOHNFFCB87CC,惠民段,13.47,都市：其他:新市政中心專用區,,,,00110000
RPXNMLKLOHNFFCB58CC,何安段,.00,都市：住,,,,03710000
RPQOMLKLOHNFFCB97CC,惠民段,16.08,都市：其他:新市政中心專用區,,,,01390000
RPUOMLKLOHNFFCB38CC,大新段,17.19,都市：住,,,,03670000
RPVPMLKLOHNFFCB58CC,惠民段,17.33,都市：其他:新市政中心專用區,,,,01430001
RPTRMLKLOHNFFCB58CC,福順段,6.21,都市：住,,,,01660000
RPTRMLKLOHNFFCB58CC,福順段,24.19,都市：住,,,,01670000
RPSRMLKLOHNFFCB48CC,大新段,33.54,都市：住,,,,08630000
RPXOMLKLOHNFFCB68CC,大新段,79.14,都市：商,,,,08530000
RPUNMLKLOHNFFBB18CC,中德段,1.57,都市：住,,,,00620000
RPUOMLKLOHNFFBB28CC,建和段,96.00,都市：住,,,,02270000
RPRRMLKLOHNFFCB38CC,惠民段,27.95,都市：其他:新市政中心專用區,,,,01430001
RPPNMLKLOHNFFAB57CC,下橋子頭段,23.24,都市：住,,,,01730005
RPORMLKLOHNFFCB08CC,惠民段,14.60,都市：其他:新市政中心專用區,,,,01430001
RPPRMLKLOHNFFCB18CC,惠民段,13.10,都市：其他:新市政中心專用區,,,,00110000
RPSNMLKLOHNFFAB87CC,麻園頭段,27.77,都市：商,,,,00730249
RPXOMLKLOHNFFAB48CC,後?子段,316.40,都市：商,,,,01020027
RPTPMLKLOHNFFAB18CC,公館段,7.02,都市：商,,,,01580119
RPTPMLKLOHNFFAB18CC,公館段,7.77,都市：商,,,,01580120
RPSNMLKLOHNFFFB48DC,南勢坑段埔子小段,20.88,都市：商,,,,04720000
RPTNMLKLOHNFFDB28CC,豐原段,27.68,都市：商,,,,00270017
RPTQMLLLOHNFFAB38CC,樹子腳段,1751.00,都市：住,,,,10360000
RPRNMLKLOHNFFIB58CC,舊正東段,158.02,非都市：鄉村區 ; 非都市編定：乙種建築用地,,,,04600000
RPRPMLLLOHNFFAB08CC,麻園頭段,19.83,都市：住,,,,01810000
RPTNMLKLOHNFFFB58DC,南勢坑段埔子小段,20.88,都市：商,,,,04720000
RPXPMLLLOHNFFBB78CC,水源段,.00,都市：住,,,,02220003
RPXPMLLLOHNFFBB78CC,水源段,.00,都市：住,,,,02220006
RPVNMLLLOHNFFCB48CC,福安段,132.18,都市：商,,,,02850001
RPSPMLLLOHNFFBB28CC,昌平段,20.17,都市：住,,,,03010000
RPWNMLLLOHNFFJB66CC,樹孝段,.00,都市：住,,,,17040000
RPPPMLLLOHNFFCB08CC,中和段,87.00,都市：住,,,,01320004
RPUOMLLLOHNFFCB48CC,下石碑段,13.36,都市：住,,,,11740000
RPOPMLMLOHNFFCB08CC,寶山段,12.27,都市：住,,,,08100000
RPXOMLMLOHNFFCB88CC,寶文段,10.07,都市：住,,,,00720019
RPTPMLLLOHNFFCB48CC,中和段,.00,都市：住,,,,01320005
RPSPMLMLOHNFFCB48CC,中正段,5.90,都市：商,,,,01550000
RPWOMLMLOHNFFCB78CC,寶文段,9.30,都市：住,,,,00720019
RPWQMLMLOHNFFCB98CC,中正段,5.99,都市：商,,,,01550000
RPQQMLMLOHNFFCB38CC,中正段,7.20,都市：商,,,,01550000
RPTPMLMLOHNFFCB58CC,中正段,5.99,都市：商,,,,01550000
RPPRMLMLOHNFFCB38CC,中正段,5.27,都市：商,,,,01550000
RPQPMLMLOHNFFBB18CC,水湳段,39.45,都市：住,,,,07450000
RPPQMLMLOHNFFBB18CC,賴厝?段,.29,都市：商,,,,00310003
RPPQMLMLOHNFFBB18CC,邱厝子段,.23,都市：商,,,,00310062
RPOQMLMLOHNFFBB08CC,賴厝?段,3.19,都市：商,,,,00310003
RPOQMLMLOHNFFBB08CC,邱厝子段,2.56,都市：商,,,,00310062
RPQQMLMLOHNFFBB28CC,賴厝?段,3.45,都市：商,,,,00310003
RPQQMLMLOHNFFBB28CC,邱厝子段,2.77,都市：商,,,,00310062
RPTQMLMLOHNFFBB58CC,東峰段,11.80,都市：商,,,,01580000
RPXQMLMLOHNFFCB09CC,中正段,5.67,都市：商,,,,01550000
RPRQMLMLOHNFFBB38CC,賴厝?段,.21,都市：商,,,,00310003
RPRQMLMLOHNFFBB38CC,邱厝子段,.17,都市：商,,,,00310062
RPVQMLMLOHNFFBB78CC,東峰段,9.74,都市：商,,,,01580000
RPQRMLMLOHNFFBB38CC,東峰段,9.74,都市：商,,,,01580000
RPORMLMLOHNFFBB18CC,東峰段,10.50,都市：商,,,,01580000
RPXOMLMLOHNFFAB68CC,頂橋子頭段,.00,都市：住,,,,02460009
RPPRMLMLOHNFFBB28CC,東峰段,9.74,都市：商,,,,01580000
RPXPMLMLOHNFFAB78CC,公館段,1.39,都市：住,,,,00620001
RPXPMLMLOHNFFAB78CC,公館段,1.20,都市：住,,,,00630001
RPRRMLMLOHNFFAB38CC,下橋子頭段,.00,非都市： ; 非都市編定：,,,,00040014
RPOOMLMLOHNFFAB77CC,後?子段,.00,都市：住,,,,02940004
RPQRMLMLOHNFFAB28CC,平和段,.00,非都市： ; 非都市編定：,,,,00500000
RPSRMLMLOHNFFBB58CC,平田段,.00,非都市： ; 非都市編定：,,,,03940019
RPSRMLMLOHNFFBB58CC,平田段,.00,非都市： ; 非都市編定：,,,,03990003
RPSRMLMLOHNFFAB48CC,平和段,.00,非都市： ; 非都市編定：,,,,00500000
RPSNMLMLOHNFFKB09CC,東園段,9.19,非都市：鄉村區 ; 非都市編定：乙種建築用地,,,,07470000
RPSNMLMLOHNFFHB88DC,興華段,73.96,都市：住,,,,07000004
RPOPMLMLOHNFFBB08DC,松昌段,21.34,都市：住,,,,04870000
RPSNMLPLOHNFFBB48CC,邱厝子段,8.72,都市：住,,,,01450020
RPRNMLNLOHNFFBB18CC,平田段,1.01,都市：住,,,,01000001
RPUOMLMLOHNFFIB56CC,光日段,.00,非都市： ; 非都市編定：,,,,01210000
RPPNMLPLOHNFFKB09CC,東園段,18.20,非都市：鄉村區 ; 非都市編定：乙種建築用地,,,,04560000
RPTNMLPLOHNFFBB58CC,北屯段,.00,都市：住,,,,01650154
RPTNMLPLOHNFFBB58CC,北屯段,.00,都市：住,,,,01580152
RPQNMLNLOHNFFBB08CC,大觀段,19.83,都市：住,,,,06950000
RPXNMLPLOHNFFBB98CC,東新段,.00,都市：住,,,,00080000
RPXNMLPLOHNFFAB88CC,樹子腳段,.00,都市：住,,,,02660000
RPVPMLPLOHNFFAB88CC,下橋子頭段,.00,非都市： ; 非都市編定：,,,,01630011
RPWQMLQLOHNFFAB56CC,樹子腳段,.00,都市：住,,,,00390000
RPSQMLQLOHNFFAB78CC,後?子段,68.00,都市：住,,,,02620050
RPPNMLQLOHNFFIB09DC,湖日段,61.30,都市：住,,,,07380000
RPOPMLQLOHNFFBB38CC,乾溝子段,20.74,都市：住,,,,01430056
RPOOMLQLOHNFFIB98CC,立仁段,23.90,非都市：鄉村區 ; 非都市編定：乙種建築用地,,,,00400000
RPVOMLQLOHNFFCB09CC,中義段,5.60,都市：住,,,,03280000
RPQOMLQLOHNFFCB58CC,保安段,.00,都市：商,,,,11040001
RPQOMLQLOHNFFCB58CC,保安段,.00,都市：商,,,,11040000
RPQOMLQLOHNFFCB58CC,保安段,.00,都市：住,,,,11050002
RPUOMLQLOHNFFCB98CC,上石碑段,2.42,都市：住,,,,20370000
RPXOMLQLOHNFFCB66CC,大進段,7.78,都市：住,,,,07630000
RPOPMLQLOHNFFCB48CC,中和段,5.05,都市：住,,,,05940000
RPXPMLQLOHNFFCB76CC,田心段,21.53,都市：住,,,,04280001
RPQRMLQLOHNFFCB88CC,豐富段,19.67,都市：住,,,,04210000
RPTNMLRLOHNFFCB88CC,上石碑段,.00,都市：住,,,,05410000
RPPQMLRLOHNFFCB78CC,國安段,.00,都市：住,,,,05930491
RPRQMLRLOHNFFCB98CC,民安段,12.57,都市：住,,,,18730000
RPTQMLRLOHNFFCB56CC,惠民段,5.76,都市：其他:第六種新市政中心專用區,,,,01090000
RPWQMLRLOHNFFCB86CC,中正段,7.84,都市：商,,,,01550000
RPTRMLRLOHNFFCB66CC,大進段,203.16,都市：住,,,,06170000
RPOPMLRLOHNFFBB48CC,中清段,22.30,都市：住,,,,01130000
RPPRMLRLOHNFFCB88CC,中正段,5.91,都市：商,,,,01550000
RPWNMLRLOHNFFBB09CC,乾溝子段,.00,都市：住,,,,01680019
RPWPMLRLOHNFFBB66CC,賴厝?段,3.20,都市：商,,,,00310003
RPWPMLRLOHNFFBB66CC,邱厝子段,2.57,都市：商,,,,00310062
RPUPMLRLOHNFFBB09CC,賴厝?段,3.33,都市：商,,,,00310003
RPTPMLRLOHNFFBB98CC,賴厝?段,4.67,都市：商,,,,00310003
RPUPMLRLOHNFFBB09CC,邱厝子段,2.68,都市：商,,,,00310062
RPTPMLRLOHNFFBB98CC,邱厝子段,3.75,都市：商,,,,00310062
RPXPMLRLOHNFFBB76CC,賴厝?段,4.28,都市：商,,,,00310003
RPXPMLRLOHNFFBB76CC,邱厝子段,3.43,都市：商,,,,00310062
RPPQMLRLOHNFFBB68CC,賴厝?段,2.94,都市：商,,,,00310003
RPPQMLRLOHNFFBB68CC,邱厝子段,2.36,都市：商,,,,00310062
RPRQMLRLOHNFFBB88CC,賴厝?段,2.97,都市：商,,,,00310003
RPRQMLRLOHNFFBB88CC,邱厝子段,2.39,都市：商,,,,00310062
RPVQMLRLOHNFFBB66CC,東峰段,9.74,都市：商,,,,01580000
RPPOMLRLOHNFFIB56CC,新榮泉段,27.10,都市：住,,,,00160000
RPTQMLRLOHNFFBB09CC,東峰段,5.84,都市：商,,,,01580000
RPPOMLRLOHNFFAB38CC,下橋子頭段,16.09,都市：住,,,,01820009
RPPOMLRLOHNFFJB66CC,宜欣段,18.40,都市：住,,,,21580000
RPXOMLRLOHNFFAB56CC,重慶段三小段,29.00,都市：商,,,,00090005
RPOOMLSLOHNFFAB38CC,綠川段六小段,.01,都市：商,,,,00010003
RPRNMLSLOHNFFJB86CC,宜欣段,7.39,都市：住,,,,21580000
RPUOMLSLOHNFFCB66DC,上石碑段,5.06,都市：住,,,,07580000
RPQOMLSLOHNFFAB58CC,半平厝段,.00,都市：住,,,,13550000
RPQOMLSLOHNFFKB96CC,東園段,3.75,非都市：鄉村區 ; 非都市編定：乙種建築用地,,,,07840000
RPOOMLSLOHNFFKB76CC,東園段,3.75,非都市：鄉村區 ; 非都市編定：乙種建築用地,,,,07840000
RPPNMLSLOHNFFIB56CC,萬安段,395.13,非都市：鄉村區 ; 非都市編定：乙種建築用地,,,,04970000
RPTOMLSLOHNFFBB09DC,東義段,75.00,都市：住,,,,01250010
RPVOMLSLOHNFFAB56DC,公館段,1.20,都市：住,,,,00630001
RPVOMLSLOHNFFAB56DC,公館段,1.39,都市：住,,,,00620001
RPWOMLSLOHNFFCB86DC,上石碑段,5.06,都市：住,,,,07580000
RPVOMLSLOHNFFBB66DC,邱厝子段,3.30,都市：住,,,,00270000
RPWOMLSLOHNFFBB66CC,錦村段,11.70,都市：住,,,,02190007
RPPNMLSLOHNFFCB58CC,中和段,11.73,都市：住,,,,01560000
RPQNMLSLOHNFFCB68CC,上石碑段,22.61,都市：住,,,,07680000
RPQOMLSLOHNFFCB78CC,惠民段,10.21,都市：住,,,,01090000
RPQPMLSLOHNFFCB88CC,田心段,10.27,都市：住,,,,08720000
RPTPMLSLOHNFFCB56CC,惠智段,1057.46,都市：住,,,,00260000
RPPPMLTLOHNFFCB88CC,中正段,6.24,都市：商,,,,01550000
RPROMLSLOHNFFCB88CC,惠來厝段,1.79,都市：住,,,,16370000
RPQNMLTLOHNFFCB78CC,上石碑段,.00,都市：商,,,,18000007
RPRPMLTLOHNFFCB09CC,惠來厝段,5.87,都市：住,,,,03150000
RPQNMLTLOHNFFCB78CC,上石碑段,.00,都市：商,,,,17900000
RPTNMLTLOHNFFCB09CC,惠智段,21.08,都市：住,,,,00400000
RPQQMLTLOHNFFBB98CC,賴厝?段,2.84,都市：住,,,,04420000
RPSRMLTLOHNFFBB66CC,東新段,7.96,都市：住,,,,00080000
RPVRMLTLOHNFFBB96CC,東信段,16.41,都市：住,,,,00500000
RPVPMLTLOHNFFCB86CC,福星段,33.03,都市：住,,,,00810000
RPSPMLTLOHNFFBB09CC,北屯段,24.42,都市：住,,,,01980000
RPQNMLTLOHNFFHB66CC,永興段,119.68,都市：住,,,,04250000
RPUNMLTLOHNFFIB17CC,益民段,27.31,都市：住,,,,07160000
RPUNMLTLOHNFFHB07CC,祥和段,21.40,都市：住,,,,03760000
RPPQMLTLOHNFFBB88CC,賴厝?段,2.84,都市：住,,,,04420000
RPOOMLTLOHNFFBB68DC,東義段,24.00,都市：住,,,,01270000
RPUNMLTLOHNFFDB66CC,中陽段,73.00,都市：商,,,,04510000
RPUNMLTLOHNFFDB66CC,中陽段,73.00,都市：商,,,,04530000
RPUNMLTLOHNFFKB37CC,慶順段,34.99,非都市：鄉村區 ; 非都市編定：乙種建築用地,,,,02580000
RPPOMLTLOHNFFAB58CC,樹子腳段,4.87,都市：商,,,,00390000
RPRNMLKMOHNFFCB08CC,中和段,104.00,都市：住,,,,05080003
RPRNMLKMOHNFFCB08CC,中和段,104.00,都市：住,,,,05080004
RPWNMLTLOHNFFAB56CC,公館段,1.26,都市：住,,,,00620001
RPPNMLLJPHNFFCB77CC,保安段,4.69,都市：住,,,,11040029
RPWNMLTLOHNFFAB56CC,公館段,1.09,都市：住,,,,00630001
RPPNMLLJPHNFFCB77CC,保安段,61.53,都市：住,,,,11040047
RPPNMLLJPHNFFCB77CC,保安段,.14,都市：住,,,,11050063
RPROMLTLOHNFFAB78CC,樹子腳段,4.87,都市：住,,,,00390000
RPWPMLTLOHNFFAB76CC,城隍段二小段,3.33,都市：住,,,,00300057
RPXNMLTLOHNFFAB66CC,公館段,1.27,都市：住,,,,00630001
RPWPMLTLOHNFFAB76CC,頂橋子頭段,9.50,都市：住,,,,01030002
RPXNMLTLOHNFFAB66CC,公館段,1.47,都市：住,,,,00620001
RPUNMLLJPHNFFCB28CC,寶文段,.00,非都市： ; 非都市編定：,,,,00720019
RPTPMLTLOHNFFAB09CC,樹子腳段,12.36,都市：住,,,,05910000
RPWNMLLJPHNFFCB48CC,寶文段,.00,非都市： ; 非都市編定：,,,,00720019
RPTPMLMJPHNFFCB48CC,寶文段,.00,非都市： ; 非都市編定：,,,,00720019
RPXNMLLJPHNFFCB58CC,寶文段,.00,非都市： ; 非都市編定：,,,,00720019
RPUOMLNJPHNFFIB56CC,西湖北段,660.00,非都市：一般農業區 ; 非都市編定：農牧用地,,,,08640001
RPTQMLMJPHNFFCB58CC,文山段,1126.00,都市：商,,,,02790000
RPQNMLNJPHNFFKB88CC,東海段,.00,非都市： ; 非都市編定：,,,,05420000
RPTOMLMJPHNFFIB98CC,新三和段,30.40,都市：住,,,,00700001
RPWPMLMJPHNFFCB78CC,永新段,859.40,都市：住,,,,00070000
RPWPMLMJPHNFFCB78CC,永新段,859.40,都市：住,,,,00060000
RPPNMLNJPHNFFKB78CC,遠東段,58.13,都市：住,,,,01260000
RPWNMLNJPHNFFAB48CC,土庫段,8.88,都市：住,,,,00250010
RPTOMLNJPHNFFAB28CC,麻園頭段,.00,都市：住,,,,00110010
RPUNMLNJPHNFFCB48CC,惠國段,1039.99,都市：住,,,,01450000
RPRNMLNJPHNFFJB98DC,宜欣段,5.02,都市：住,,,,21440000
RPQNMLNJPHNFFJB88DC,宜欣段,4.81,都市：住,,,,21440000
RPXNMLNJPHNFFCB78CC,寶文段,9.76,都市：住,,,,00720019
RPTOMLNJPHNFFCB48CC,中正段,5.27,都市：商,,,,01550000
RPQOMLNJPHNFFCB18CC,上石碑段,53.28,都市：住,,,,15350000
RPOOMLNJPHNFFCB97CC,寶文段,65.14,都市：住,,,,00720019
RPVNMLNJPHNFFFB88CC,田寮段橋頭小段,190.00,都市：住,,,,01170002
RPVNMLNJPHNFFFB88CC,田寮段橋頭小段,142.00,都市：住,,,,01170014
RPQOMLOJPHNFFCB28CC,上石碑段,53.28,都市：住,,,,15350000
RPRNMLOJPHNFFCB28CC,國安段,125.00,都市：商,,,,05930291
RPROMLOJPHNFFCB38CC,福安段,218.00,都市：住,,,,03120003
RPUOMLOJPHNFFCB68CC,大新段,18.69,都市：住,,,,08600000
RPUOMLOJPHNFFBB58CC,賴厝?段,4.00,都市：住,,,,02010125
RPXNMLOJPHNFFIB86CC,向學段,12.41,都市：住,,,,03400000
RPOOMLPJPHNFFHB68CC,民生段,6.70,都市：住,,,,05980001
RPUNMLPJPHNFFIB76DC,仁化段,76.04,都市：工,,,,07490000
RPXPMLPJPHNFFBB09CC,中德段,5.43,都市：住,,,,00990000
RPSSMLOJPHNFFBB78CC,中德段,37.07,都市：住,,,,04900000
RPRQMLPJPHNFFAB48CC,大益段,134.00,都市：住,,,,04470003
RPVNMLPJPHNFFIB86DC,大孝段,65.38,都市：住,,,,03360000
RPRQMLPJPHNFFAB48CC,大益段,69.49,都市：住,,,,04470004
RPPQMLPJPHNFFBB38CC,太順段,12.18,都市：住,,,,00540000
RPQQMLPJPHNFFBB48CC,太順段,9.97,都市：住,,,,00540000
RPOPMLPJPHNFFBB18CC,賴厝?段,.00,都市：住,,,,00710000
RPVQMLPJPHNFFBB98CC,東峰段,10.44,都市：商,,,,00160000
RPORMLPJPHNFFBB38CC,錦村段,37.40,都市：住,,,,03590043
RPRQMLPJPHNFFCB68CC,中正段,5.99,都市：商,,,,01550000
RPWQMLPJPHNFFBB09CC,賴厝?段,29.24,都市：住,,,,00490026
RPPOMLPJPHNFFCB28CC,上石碑段,.00,都市：商,,,,18000007
RPPOMLPJPHNFFCB28CC,上石碑段,.00,都市：商,,,,17900000
RPSQMLPJPHNFFBB68CC,東山段,7.96,都市：商,,,,02620000
RPSQMLPJPHNFFCB78CC,中正段,6.36,都市：商,,,,01550000
RPTNMLQJPHNFFCB68CC,文山段,1126.00,都市：工,,,,02790000
RPWNMLPJPHNFFCB88CC,保安段,.00,都市：商,,,,11040001
RPWNMLPJPHNFFCB88CC,保安段,.00,都市：商,,,,11040000
RPWNMLPJPHNFFCB88CC,保安段,.00,都市：住,,,,11050002
RPOOMLQJPHNFFCB28CC,惠國段,16.33,都市：其他:新市政中心專用區。,,,,01240000
RPPQMLQJPHNFFCB58CC,中和段,85.00,都市：住,,,,01980003
RPTQMLPJPHNFFCB88CC,中正段,6.24,都市：商,,,,01550000
RPVOMLQJPHNFFCB98CC,福順段,25.25,都市：住,,,,01670000
RPXOMLQJPHNFFCB56CC,惠民段,19.77,都市：其他:新市政中心專用區,,,,01430001
RPPPMLQJPHNFFCB48CC,惠民段,12.88,都市：其他:新市政中心專用區,,,,00110000
RPSPMLQJPHNFFCB78CC,惠民段,17.78,都市：其他:新市政中心專用區,,,,01430001
RPWQMLQJPHNFFCB66CC,大新段,16.07,都市：住,,,,03670000
RPVQMLQJPHNFFCB56CC,大新段,8.19,都市：住,,,,08530000
RPTQMLQJPHNFFCB98CC,惠民段,12.51,都市：其他:新市政特區,,,,00110000
RPRPMLQJPHNFFBB58CC,東光段,18.24,都市：商,,,,01930000
RPSQMLQJPHNFFBB78CC,乾溝子段,48.12,都市：住,,,,01680018
RPTQMLQJPHNFFBB88CC,賴厝?段,.14,都市：商,,,,00310003
RPTQMLQJPHNFFBB88CC,邱厝子段,.11,都市：商,,,,00310062
RPORMLQJPHNFFBB48CC,賴厝?段,3.55,都市：商,,,,00310003
RPORMLQJPHNFFBB48CC,邱厝子段,2.85,都市：商,,,,00310062
RPXQMLQJPHNFFBB66CC,賴厝?段,.29,都市：商,,,,00310003
RPVPMLQJPHNFFBB98CC,賴厝?段,5.25,都市：商,,,,04380001
RPXQMLQJPHNFFBB66CC,邱厝子段,.23,都市：商,,,,00310062
RPVQMLQJPHNFFBB09CC,賴厝?段,.29,都市：商,,,,00310003
RPVQMLQJPHNFFBB09CC,邱厝子段,.23,都市：商,,,,00310062
RPWQMLQJPHNFFBB56CC,賴厝?段,.14,都市：商,,,,00310003
RPWQMLQJPHNFFBB56CC,邱厝子段,.11,都市：商,,,,00310062
RPPRMLQJPHNFFBB58CC,賴厝?段,.14,都市：商,,,,00310003
RPPRMLQJPHNFFBB58CC,邱厝子段,.11,都市：商,,,,00310062
RPRRMLQJPHNFFBB78CC,賴厝?段,3.21,都市：商,,,,00310003
RPRRMLQJPHNFFBB78CC,邱厝子段,2.57,都市：商,,,,00310062
RPTRMLQJPHNFFBB98CC,邱厝子段,.23,都市：商,,,,00310062
RPTRMLQJPHNFFBB98CC,賴厝?段,.29,都市：商,,,,00310003
RPSRMLQJPHNFFBB88CC,賴厝?段,.29,都市：商,,,,00310003
RPSRMLQJPHNFFBB88CC,邱厝子段,.23,都市：商,,,,00310062
RPWRMLQJPHNFFBB66CC,賴厝?段,.21,都市：商,,,,00310003
RPWRMLQJPHNFFBB66CC,邱厝子段,.17,都市：商,,,,00310062
RPURMLQJPHNFFBB09CC,賴厝?段,4.06,都市：商,,,,00310003
RPURMLQJPHNFFBB09CC,邱厝子段,3.26,都市：商,,,,00310062
RPXOMLQJPHNFFIB17CC,新光段,.00,都市：住,,,,01470000
RPROMLQJPHNFFAB38CC,麻園頭段,11.63,都市：住,,,,01320000
RPSNMLQJPHNFFKB76CC,藝術段,63.02,都市：住,,,,01790000
RPSNMLQJPHNFFKB76CC,藝術段,63.01,都市：住,,,,01810000
RPTOMLQJPHNFFAB58CC,後?子段,8.34,都市：住,,,,02250011
RPTPMLQJPHNFFAB68CC,樹子腳段,.00,都市：其他:市場用地,,,,13000015
RPTNMLRJPHNFFAB58CC,下橋子頭段,1.87,都市：商,,,,02170014
RPSNMLRJPHNFFAB48CC,下橋子頭段,1.83,都市：商,,,,02170014
RPQNMLRJPHNFFCB48CC,西屯段,9.72,都市：住,,,,23310000
RPPNMLRJPHNFFCB38CC,新富段,40.70,都市：住,,,,02110000
RPPNMLRJPHNFFBB28CC,水湳段,140.00,都市：住,,,,12060000
RPROMLTJPHNFFCB88CC,順和段,829.44,都市：工,,,,03720000
RPVPMLTJPHNFFCB76CC,三塊厝段,72.04,都市：住,,,,04060000
RPTPMLTJPHNFFCB56CC,三塊厝段,16.40,都市：住,,,,07640000
RPUPMLTJPHNFFCB66CC,安和段,1303.60,都市：工,,,,02940001
RPOPMLTJPHNFFBB58CC,水源段,.00,都市：商,,,,02030027
RPQPMLTJPHNFFBB78CC,中興段,118.00,都市：住,,,,00410000
RPUPMLTJPHNFFBB56CC,中清段,.00,都市：住,,,,00480000
RPOQMLTJPHNFFBB68CC,東峰段,11.13,都市：商,,,,01580000
RPWPMLTJPHNFFBB76CC,文正段,25.73,都市：住,,,,01180030
RPPQMLTJPHNFFBB78CC,東峰段,10.25,都市：商,,,,01580000
RPRQMLTJPHNFFBB98CC,東峰段,10.79,都市：商,,,,01580000
RPSQMLTJPHNFFBB09CC,東峰段,10.12,都市：商,,,,01580000
RPVQMLTJPHNFFBB76CC,東峰段,11.13,都市：商,,,,01580000
RPUQMLTJPHNFFBB66CC,東峰段,6.93,都市：商,,,,01580000
RPXQMLTJPHNFFBB96CC,東峰段,5.83,都市：商,,,,01580000
RPPRMLTJPHNFFBB88CC,東峰段,10.07,都市：商,,,,01580000
RPORMLTJPHNFFBB78CC,東峰段,5.84,都市：商,,,,01580000
RPSRMLTJPHNFFBB56CC,賴厝?段,57.00,都市：住,,,,00070028
RPSRMLTJPHNFFBB56CC,賴厝?段,21.00,都市：住,,,,00070067
RPPOMLTJPHNFFAB48CC,麻園頭段,.00,都市：住,,,,01870032
RPPOMLTJPHNFFAB48CC,麻園頭段,.00,都市：住,,,,01870041
RPOOMLTJPHNFFAB38CC,大益段,40.94,都市：住,,,,04950000
RPQRMLTJPHNFFBB98CC,東峰段,9.99,都市：商,,,,01580000
RPVNMLTJPHNFFJB27CC,平欣段,.00,都市：住,,,,06970007
RPSOMLTJPHNFFDB09CC,葫蘆墩段,27.10,都市：住,,,,07840000
RPSOMLTJPHNFFDB09CC,葫蘆墩段,220.18,都市：住,,,,07840001
RPUOMLTJPHNFFIB17CC,新義段,.00,都市：商,,,,00090000
RPWNMLKKPHNFFIB09CC,新光段,.00,都市：住,,,,09670000
RPSOMLTJPHNFFIB96CC,光日段,18.46,都市：住,,,,01190000
RPVNMLKKPHNFFIB98CC,東榮段,.00,都市：住,,,,11260000
RPROMLKKPHNFFJB78CC,平欣段,31.25,都市：住,,,,08290000
RPSOMLKKPHNFFJB88CC,新高段,8.87,都市：住,,,,07130000
RPSOMLKKPHNFFJB88CC,番子路段,6.17,都市：住,,,,02090000
RPTNMLKKPHNFFCB28DC,惠國段,31.95,都市：住,,,,01360000
RPUNMLKKPHNFFHB88DC,僑忠段,803.17,都市：工,,,,03100000
RPUNMLKKPHNFFHB88DC,僑忠段,803.18,都市：工,,,,03100003
RPUNMLKKPHNFFHB88DC,僑忠段,81.11,都市：工,,,,03190000
RPUNMLKKPHNFFHB88DC,僑忠段,81.11,都市：工,,,,03190001
RPPPMLKKPHNFFCB97CC,惠來厝段,344.00,都市：住,,,,05990000
RPPPMLKKPHNFFCB97CC,惠來厝段,14.00,都市：住,,,,06000001
RPXOMLKKPHNFFCB68CC,寶文段,.00,非都市： ; 非都市編定：,,,,00720021
RPUPMLKKPHNFFCB48CC,惠來厝段,344.00,都市：住,,,,05990000
RPUPMLKKPHNFFCB48CC,惠來厝段,14.00,都市：住,,,,06000001
RPWPMLKKPHNFFCB68CC,寶文段,.00,非都市： ; 非都市編定：,,,,00720021
RPQQMLKKPHNFFBB08CC,平田段,8.88,都市：住,,,,01000000
RPQQMLKKPHNFFBB08CC,平田段,1.64,都市：住,,,,01000001
RPQQMLKKPHNFFCB18CC,寶文段,.00,非都市： ; 非都市編定：,,,,00720021
RPWQMLKKPHNFFCB78CC,寶文段,.00,非都市： ; 非都市編定：,,,,00720021
RPUOMLLKPHNFFCB48CC,寶文段,.00,非都市： ; 非都市編定：,,,,00720021
RPSOMLLKPHNFFCB28CC,寶文段,.00,非都市： ; 非都市編定：,,,,00720021
RPXOMLLKPHNFFCB78CC,寶文段,.00,非都市： ; 非都市編定：,,,,00720021
RPTOMLLKPHNFFCB38CC,上石碑段,53.29,都市：住,,,,15350000
RPSQMLKKPHNFFCB38CC,寶文段,.00,非都市： ; 非都市編定：,,,,00720021
RPOPMLLKPHNFFCB97CC,寶文段,.00,非都市： ; 非都市編定：,,,,00720021
RPPPMLLKPHNFFCB08CC,寶文段,.00,非都市： ; 非都市編定：,,,,00720021
RPWQMLLKPHNFFCB88CC,保安段,.00,都市：住,,,,09940003
RPWQMLLKPHNFFCB88CC,保安段,.00,都市：商,,,,09730005
RPVRMLLKPHNFFCB88CC,協和段,6881.00,都市：工,,,,01310000
RPTSMLLKPHNFFBB68CC,太原段,19.80,都市：住,,,,01310060
RPQPMLLKPHNFFCB18CC,西屯段,1.60,都市：住,,,,18240000
RPQPMLLKPHNFFCB18CC,西屯段,1.64,都市：住,,,,18250000
RPUOMLLKPHNFFIB09CC,新榮泉段,39.43,都市：住,,,,01460000
RPRRMLLKPHNFFCB48CC,文山段,3777.00,都市：工,,,,03770000
RPVWMLLKPHNFFBB66CC,錦村段,7.67,都市：商,,,,02390020
RPONNLLKPHNFFBB77CC,東新段,10.29,都市：住,,,,01530000
RPVOMLLKPHNFFIB56CC,山頂段,.00,都市：住,,,,03910000
RPVOMLLKPHNFFIB56CC,山頂段,.00,都市：商,,,,04480008
RPTNMLLKPHNFFHB78CC,自強段,75.00,非都市：特定農業區 ; 非都市編定：甲種建築用地,,,,18140011
RPTNMLLKPHNFFHB78CC,自強段,20.00,非都市：特定農業區 ; 非都市編定：甲種建築用地,,,,18140000
RPPOMLMKPHNFFDB18CC,豐洲北段,132.00,都市：工,,,,05580000
RPPPMLMKPHNFFBB18DC,崇德段,129.47,都市：住,,,,03220023
RPOPMLMKPHNFFBB08DC,崇德段,129.47,都市：住,,,,03220023
RPQNMLNKPHNFFCB18CC,惠來厝段,14.32,都市：住,,,,03150000
RPSOMLMKPHNFFCB38CC,福安段,41.54,都市：住,,,,07890000
RPRRMLMKPHNFFBB48CC,昌平段,34.95,都市：住,,,,02640000
RPTNMLMKPHNFFCB38CC,寶文段,.00,非都市： ; 非都市編定：,,,,06790000
RPPNMLNKPHNFFCB08CC,豐業段,56.14,都市：住,,,,00200000
RPXOMLNKPHNFFCB98CC,民安段,.00,非都市： ; 非都市編定：,,,,18880001
RPPNMLNKPHNFFBB97CC,東光段,17.80,都市：住,,,,01000000
RPQNMLNKPHNFFBB08CC,水湳段,100.00,都市：住,,,,01180028
RPUNMLNKPHNFFDB78DC,下南坑段,83.00,都市：住,,,,12730001
RPUNMLQKPHNFFBB78CC,平田段,24.15,都市：住,,,,02440000
RPROMLNKPHNFFBB28CC,乾溝子段,50.00,都市：住,,,,00900273
RPSOMLQKPHNFFBB68CC,賴厝?段,24.30,都市：住,,,,00600032
RPSOMLNKPHNFFBB38CC,大觀段,18.15,都市：住,,,,06950000
RPTNMLOKPHNFFBB48CC,東山段,20.06,都市：住,,,,00030005
RPWOMLQKPHNFFBB09CC,錦村段,.00,非都市： ; 非都市編定：,,,,02130074
RPWNMLOKPHNFFBB78CC,仁和段,20.10,都市：住,,,,03130000
RPTNMLQKPHNFFBB68CC,大觀段,18.15,都市：住,,,,06950000
RPTOMLQKPHNFFBB78CC,錦村段,2.66,都市：住,,,,03310000
RPTPMLQKPHNFFBB88CC,賴厝?段,2.91,都市：商,,,,00310003
RPTPMLQKPHNFFBB88CC,邱厝子段,2.33,都市：商,,,,00310062
RPVPMLQKPHNFFBB09CC,東峰段,12.47,都市：商,,,,01580000
RPUPMLQKPHNFFBB98CC,乾溝子段,78.00,都市：住,,,,00900169
RPUPMLQKPHNFFBB98CC,乾溝子段,68.00,都市：住,,,,00900168
RPWPMLQKPHNFFBB56CC,東峰段,9.57,都市：商,,,,01580000
RPQQMLQKPHNFFBB68CC,松茂段,9.37,都市：住,,,,05390000
RPSPMLQKPHNFFBB78CC,賴厝?段,.28,都市：商,,,,00310003
RPSPMLQKPHNFFBB78CC,邱厝子段,.22,都市：商,,,,00310062
RPPQMLQKPHNFFBB58CC,松茂段,11.71,都市：住,,,,05390000
RPQNMLQKPHNFFCB48CC,南屯段,41.00,都市：住,,,,13250011
RPQNMLQKPHNFFCB48CC,南屯段,43.00,都市：住,,,,13280001
RPSOMLQKPHNFFCB78CC,上石碑段,3.49,都市：商,,,,17900000
RPSOMLQKPHNFFCB78CC,上石碑段,3.12,都市：商,,,,18000007
RPQOMLQKPHNFFCB58CC,寶文段,.00,非都市： ; 非都市編定：,,,,00720021
RPRNMLQKPHNFFFB88CC,清水段西勢小段,194.00,都市：住,,,,00230015
RPTOMLQKPHNFFCB88CC,寶文段,.00,非都市： ; 非都市編定：,,,,00720021
RPRNMLQKPHNFFKB76CC,東園段,15.86,非都市：鄉村區 ; 非都市編定：乙種建築用地,,,,04560000
RPXOMLQKPHNFFIB27CC,新榮泉段,28.74,都市：住,,,,01460000
RPTOMLQKPHNFFIB86CC,鳳凰段,6.30,非都市：工業區 ; 非都市編定：丁種建築用地,,,,01680005
RPSNMLQKPHNFFJB86DC,育賢段,28.83,都市：住,,,,00860000
RPUOMLQKPHNFFAB78CC,綠川段四小段,.00,都市：商,,,,00010000
RPVOMLQKPHNFFAB88CC,綠川段四小段,.00,都市：商,,,,00010000
RPTNMLQKPHNFFJB86CC,新福段,22.74,都市：住,,,,03480000
RPTOMLQKPHNFFAB68CC,綠川段四小段,.00,都市：商,,,,00010000
RPSNMLRKPHNFFAB58CC,公館段,128.00,都市：住,,,,01800057
RPOQMLRKPHNFFAB48CC,下橋子頭段,1.83,都市：商,,,,02170014
RPQNMLRKPHNFFAB38CC,公館段,128.00,都市：住,,,,01800057
RPSNMLRKPHNFFDB88CC,育仁段,83.46,都市：住,,,,04760004
RPSNMLRKPHNFFDB88CC,育仁段,83.57,都市：住,,,,04760005
RPTOMLRKPHNFFIB07DC,大仁段,245.75,都市：住,,,,02680000
RPTOMLRKPHNFFIB07DC,大仁段,222.37,都市：住,,,,02680001
RPQOMLRKPHNFFAB58DC,後?子段,57.00,都市：商,,,,00850072
RPWNMLRKPHNFFCB56CC,何安段,4.98,都市：住,,,,09730000
RPSOMLRKPHNFFIB96DC,大仁段,245.75,都市：住,,,,02680000
RPSOMLRKPHNFFIB96DC,大仁段,222.37,都市：住,,,,02680001
RPPOMLRKPHNFFCB58CC,中正段,5.87,都市：商,,,,01550000
RPQOMLRKPHNFFCB68CC,中義段,2.63,都市：住,,,,10510001
RPQPMLRKPHNFFCB78CC,惠智段,136.32,都市：住,,,,00510005
RPVOMLRKPHNFFCB56CC,福星段,2305.09,都市：住,,,,04910000
RPQOMLSKPHNFFBB68CC,水源段,3.33,都市：商,,,,02880027
RPSPMLRKPHNFFCB98CC,國安段,9.52,都市：住,,,,05930489
RPXNMLRKPHNFFCB66CC,中正段,9.49,都市：商,,,,01550000
RPWPMLSKPHNFFBB76CC,賴厝?段,8.42,都市：住,,,,03340000
RPVPMLSKPHNFFBB66CC,松茂段,27.10,都市：住,,,,05390000
RPOQMLSKPHNFFBB68CC,松茂段,9.03,都市：住,,,,05390000
RPVPMLRKPHNFFBB56CC,東正段,14.44,都市：住,,,,01040000
RPVPMLSKPHNFFCB76CC,上石碑段,28.37,都市：住,,,,09020000
RPXPMLSKPHNFFCB07DC,大新段,3.89,都市：住,,,,04130000
RPTNMLSKPHNFFJB07CC,太平段,24.35,都市：住,,,,06440000
RPVNMLSKPHNFFJB27CC,中華段,83.06,非都市：鄉村區 ; 非都市編定：乙種建築用地,,,,05700000
RPXQMLSKPHNFFBB96CC,北屯段,13.23,都市：住,,,,01910000
RPXNMLSKPHNFFIB37CC,喬城段,25.20,都市：住,,,,06730000
RPPOMLSKPHNFFIB66CC,新三和段,14.58,都市：住,,,,00700000
RPTOMLSKPHNFFAB88CC,下橋子頭段,2.45,都市：商,,,,02000255
RPSNMLSKPHNFFHB86DC,大榮段,83.60,都市：住,,,,06540002
RPOOMLSKPHNFFAB38CC,下橋子頭段,1.74,都市：商,,,,02170014
RPRPMLSKPHNFFAB78CC,公館段,1.46,都市：住,,,,00620001
RPRPMLSKPHNFFAB78CC,公館段,1.27,都市：住,,,,00630001
RPVPMLSKPHNFFAB56CC,後?子段,4.04,都市：商,,,,00930065
RPVPMLSKPHNFFAB56CC,後?子段,.75,都市：商,,,,00930065
RPVOMLSKPHNFFIB27CC,新義段,26.42,都市：住,,,,00850000
RPVOMLSKPHNFFIB27CC,新義段,3.23,都市：住,,,,00720000
RPXQMLSKPHNFFAB86CC,後?子段,4.04,都市：住,,,,00930065
RPXQMLSKPHNFFAB86CC,後?子段,.75,都市：住,,,,00930065
RPRRMLSKPHNFFAB98CC,後?子段,4.04,都市：商,,,,00930065
RPRRMLSKPHNFFAB98CC,後?子段,.75,都市：商,,,,00930065
RPQQMLSKPHNFFAB78CC,後?子段,8.08,都市：住,,,,00930065
RPQQMLSKPHNFFAB78CC,後?子段,1.50,都市：住,,,,00930065
RPVRMLSKPHNFFAB76CC,後?子段,4.04,都市：住,,,,00930065
RPVRMLSKPHNFFAB76CC,後?子段,.75,都市：住,,,,00930065
RPWNMLTKPHNFFHB27CC,大明段,26.28,都市：住,,,,02380000
RPTRMLSKPHNFFAB56CC,後?子段,4.04,都市：商,,,,00930065
RPTRMLSKPHNFFAB56CC,後?子段,.75,都市：商,,,,00930065
RPOOMLTKPHNFFHB56CC,四德段,20.47,都市：住,,,,03190000
RPOOMLTKPHNFFHB56CC,四德段,1.03,都市：住,,,,03220014
RPXNMLTKPHNFFCB86CC,寶文段,.00,非都市： ; 非都市編定：,,,,00720021
RPWNMLTKPHNFFCB76CC,寶文段,.00,非都市： ; 非都市編定：,,,,00720021
RPPOMLTKPHNFFHB66CC,大榮段,83.60,都市：住,,,,06540002
RPPOMLTKPHNFFCB78CC,寶文段,.00,非都市： ; 非都市編定：,,,,00720021
RPOOMLTKPHNFFCB68CC,寶文段,.00,非都市： ; 非都市編定：,,,,00720021
RPTOMLTKPHNFFCB56CC,寶文段,.00,非都市： ; 非都市編定：,,,,00720021
RPSOMLTKPHNFFCB09CC,寶文段,.00,非都市： ; 非都市編定：,,,,00720021
RPQOMLTKPHNFFCB88CC,寶文段,.00,非都市： ; 非都市編定：,,,,00720021
RPROMLTKPHNFFCB98CC,寶文段,.00,非都市： ; 非都市編定：,,,,00720021
RPUOMLTKPHNFFCB66CC,寶文段,.00,非都市： ; 非都市編定：,,,,00720021
RPVOMLTKPHNFFCB76CC,寶文段,.00,非都市： ; 非都市編定：,,,,00720021
RPXOMLTKPHNFFCB96CC,寶文段,.00,非都市： ; 非都市編定：,,,,00720021
RPRQMLTKPHNFFCB56CC,大墩段,.00,都市：住,,,,04690000
RPWOMLTKPHNFFCB86CC,寶文段,.00,非都市： ; 非都市編定：,,,,00720021
RPVQMLTKPHNFFCB96CC,中正段,5.27,都市：商,,,,01550000
RPPRMLTKPHNFFCB09CC,中正段,6.72,都市：商,,,,01550000
RPQQMLTKPHNFFCB09CC,何安段,.00,都市：住,,,,03710000
RPORMLTKPHNFFCB98CC,中正段,7.04,都市：商,,,,01550000
RPSOMLTKPHNFFBB98CC,東山段,79.30,都市：住,,,,00450000
RPRRMLTKPHNFFCB66CC,中正段,7.04,都市：商,,,,01550000
RPRRMLTKPHNFFBB56CC,水源段,85.00,都市：商,,,,02030061
RPQPMLTKPHNFFBB88CC,太原段,13.96,都市：住,,,,01000000
RPRSMLTKPHNFFBB66CC,賴厝?段,3.21,都市：商,,,,00310003
RPRSMLTKPHNFFBB66CC,邱厝子段,2.57,都市：商,,,,00310062
RPOSMLTKPHNFFBB98CC,賴厝?段,3.18,都市：商,,,,00310003
RPOSMLTKPHNFFBB98CC,邱厝子段,2.55,都市：商,,,,00310062
RPXRMLTKPHNFFBB17CC,賴厝?段,4.75,都市：商,,,,00310003
RPXRMLTKPHNFFBB17CC,邱厝子段,3.82,都市：商,,,,00310062
RPVTMLTKPHNFFBB17CC,東峰段,9.24,都市：商,,,,01580000
RPTUMLTKPHNFFBB07CC,東峰段,10.25,都市：商,,,,01580000
RPQUMLTKPHNFFBB76CC,東峰段,5.92,都市：商,,,,01580000
RPTTMLTKPHNFFBB96CC,賴厝?段,4.83,都市：商,,,,00310003
RPTTMLTKPHNFFBB96CC,邱厝子段,3.88,都市：商,,,,00310062
RPOQMLKLPHNFFCB08CC,西屯段,2.40,都市：住,,,,18240000
RPOQMLKLPHNFFCB08CC,西屯段,2.45,都市：住,,,,18250000
RPWPMLKLPHNFFCB78CC,西屯段,37.20,都市：住,,,,11370000
RPOPMLKLPHNFFAB77CC,後?子段,4.04,都市：住,,,,00930065
RPOPMLKLPHNFFAB77CC,後?子段,.75,都市：住,,,,00930065
RPOOMLMLPHNFFBB97CC,乾溝子段,21.80,都市：住,,,,01270002
RPQOMLNLPHNFFBB28CC,松觀段,43.49,都市：住,,,,10840000
RPSOMLNLPHNFFBB48CC,賴厝?段,2.95,都市：住,,,,00310003
RPSOMLNLPHNFFBB48CC,邱厝子段,2.37,都市：住,,,,00310062
RPVOMLNLPHNFFBB78CC,錦村段,1.61,都市：住,,,,03310017
RPVOMLNLPHNFFBB78CC,錦村段,.92,都市：住,,,,03310018
RPVOMLNLPHNFFBB78CC,錦村段,.05,都市：住,,,,03310027
RPVNMLNLPHNFFBB68CC,錦村段,.00,非都市： ; 非都市編定：,,,,02130074
RPUPMLNLPHNFFCB88CC,國安段,.00,都市：住,,,,05930005
RPVNMLNLPHNFFAB58CC,後?子段,21.11,都市：商,,,,03890001
RPVNMLNLPHNFFAB58CC,後?子段,1.57,都市：商,,,,03890678
RPVNMLNLPHNFFAB58CC,公館段,1.72,都市：住,,,,01870064
RPTNMLNLPHNFFAB38CC,大益段,93.00,都市：住,,,,07430004
RPSOMLNLPHNFFAB38CC,後?子段,98.99,都市：住,,,,02170000
RPRPMLNLPHNFFAB38CC,麻園頭段,.00,都市：住,,,,01730023
RPTPMLNLPHNFFCB78CC,國安段,.00,都市：住,,,,05930491
RPXNMLNLPHNFFHB86CC,頭家段,.00,都市：住,,,,08830000
RPQNMLNLPHNFFHB78CC,學雅段,31.84,都市：住,,,,00210000
RPQNMLNLPHNFFHB78CC,學雅段,4.86,都市：住,,,,00210001
RPQNMLNLPHNFFHB78CC,學雅段,.39,都市：住,,,,00210002
RPOPMLNLPHNFFDB48DC,豐原段,19.04,都市：住,,,,00270000
RPROMLNLPHNFFCB58DC,寶山段,91.17,都市：住,,,,12920008
RPPPMLNLPHNFFIB98CC,南湖段,1250.18,都市：工,,,,03240000
RPTNMLOLPHNFFIB66CC,山頂段,30.86,都市：住,,,,03910000
RPTNMLOLPHNFFIB66CC,山頂段,3.70,都市：商,,,,04480008
RPXNMLOLPHNFFDB56CC,南田段,159.01,都市：工,,,,05650000
RPTOMLOLPHNFFBB78DC,東峰段,132.00,都市：商,,,,00040002
RPTOMLOLPHNFFAB58CC,麻園頭段,17.33,都市：住,,,,01710002
RPWOMLOLPHNFFCB09CC,福順段,22.88,都市：住,,,,01670000
RPTOMLOLPHNFFCB78CC,豐富段,45.86,都市：住,,,,03390000
RPUNMLOLPHNFFAB58CC,樹子腳段,19.74,都市：住,,,,04410000
RPOPMLOLPHNFFAB18CC,後?子段,4.04,都市：住,,,,00930065
RPOPMLOLPHNFFAB18CC,後?子段,.75,都市：住,,,,00930065
RPWPMLOLPHNFFCB56CC,惠民段,12.67,都市：其他:新市政中心專用區,,,,00110000
RPXQMLOLPHNFFCB76CC,上石碑段,3.20,都市：住,,,,21060000
RPQRMLOLPHNFFCB78CC,中和段,12.91,都市：商,,,,04190000
RPRRMLOLPHNFFCB88CC,田心段,29.31,都市：住,,,,14350000
RPRQMLOLPHNFFCB78CC,上石碑段,.19,都市：住,,,,26710016
RPRQMLOLPHNFFCB78CC,上石碑段,.00,都市：住,,,,26730001
RPRQMLOLPHNFFCB78CC,上石碑段,3.32,都市：住,,,,26780000
RPRQMLOLPHNFFCB78CC,上石碑段,.61,都市：住,,,,26790002
RPRQMLOLPHNFFCB78CC,上石碑段,13.73,都市：住,,,,26800000
RPRQMLOLPHNFFCB78CC,上石碑段,.23,都市：住,,,,26930001
RPVOMLPLPHNFFCB09CC,惠仁段,85.30,都市：住,,,,00630003
RPPPMLPLPHNFFBB48CC,賴厝?段,49.95,都市：住,,,,00830016
RPXNMLPLPHNFFCB56CC,中和段,.00,都市：住,,,,04110000
RPXNMLPLPHNFFCB56CC,中和段,.00,都市：住,,,,04120000
RPTOMLPLPHNFFCB88CC,國安段,26.03,都市：住,,,,05990000
RPUOMLPLPHNFFCB98CC,田心段,3.56,都市：住,,,,08960000
RPTOMLPLPHNFFAB68CC,仁愛段二小段,6.20,都市：住,,,,00030040
RPTOMLPLPHNFFAB68CC,仁愛段二小段,3.43,都市：住,,,,00030044
RPSPMLPLPHNFFAB68CC,東勢子段,11.80,都市：住,,,,00930049
RPSPMLPLPHNFFAB68CC,東勢子段,6.80,都市：住,,,,00930131
RPRPMLPLPHNFFAB58CC,東勢子段,11.80,都市：住,,,,00930049
RPRPMLPLPHNFFAB58CC,東勢子段,6.80,都市：住,,,,00930131
RPVPMLPLPHNFFAB98CC,頂橋子頭段,12.60,都市：住,,,,04350368
RPQQMLPLPHNFFBB68CC,松昌段,7.91,都市：住,,,,06650000
RPUPMLPLPHNFFAB88CC,頂橋子頭段,13.44,都市：住,,,,04350368
RPUPMLPLPHNFFBB09DC,中清段,150.04,都市：商,,,,01850000
RPQOMLPLPHNFFAB38CC,後?子段,8.66,都市：住,,,,02250011
RPWPMLPLPHNFFAB09CC,信義段九小段,9.11,都市：住,,,,00090000
RPTOMLPLPHNFFIB86CC,益民段,19.43,都市：住,,,,02010000
RPTOMLPLPHNFFIB86CC,益民段,8.88,都市：住,,,,02020000
RPPNMLQLPHNFFBB48DC,建功段,114.00,都市：住,,,,04360003
RPRNMLPLPHNFFDB78DC,北陽段,9.30,都市：住,,,,03340001
RPRNMLPLPHNFFDB78DC,北陽段,.13,都市：住,,,,03340002
RPVNMLQLPHNFFKB27CC,藝術段,25.34,都市：住,,,,01570000
RPTOMLQLPHNFFAB78CC,公館段,.31,都市：商,,,,01580076
RPVNMLPLPHNFFDB56DC,博愛段,197.00,都市：商,,,,02030001
RPTOMLQLPHNFFAB78CC,公館段,.18,都市：商,,,,01580119
RPTOMLQLPHNFFAB78CC,公館段,.20,都市：商,,,,01580120
RPUOMLQLPHNFFAB88CC,後?子段,4.04,都市：商,,,,00930065
RPUOMLQLPHNFFAB88CC,後?子段,.75,都市：商,,,,00930065
RPWNMLQLPHNFFDB66CC,北陽段,132.00,都市：住,,,,02820005
RPPPMLQLPHNFFAB48CC,後?子段,4.04,都市：商,,,,00930065
RPPPMLQLPHNFFAB48CC,後?子段,.75,都市：商,,,,00930065
RPVPMLQLPHNFFAB09CC,公館段,1.28,都市：商,,,,00630001
RPVPMLQLPHNFFAB09CC,公館段,1.45,都市：商,,,,00620001
RPSQMLQLPHNFFAB88CC,大益段,5.94,都市：住,,,,04760001
RPVOMLQLPHNFFAB98CC,後?子段,4.04,都市：商,,,,00930065
RPQOMLQLPHNFFBB58CC,北屯段,14.66,都市：住,,,,01420002
RPVOMLQLPHNFFAB98CC,後?子段,.75,都市：商,,,,00930065
RPOQMLQLPHNFFBB58CC,東峰段,31.61,都市：商,,,,02550000
RPWSMLQLPHNFFBB96CC,賴厝?段,3.71,都市：住,,,,03490001
RPROMLQLPHNFFBB68CC,東正段,500.00,都市：商,,,,01390000
RPORMLQLPHNFFAB58CC,下橋子頭段,1.83,都市：商,,,,02170014
RPXOMLQLPHNFFCB76CC,福安段,34.76,都市：住,,,,01440001
RPPPMLQLPHNFFCB68CC,田心段,18.45,都市：住,,,,10250000
RPPQMLQLPHNFFBB68CC,賴厝?段,6.12,都市：住,,,,04380000
RPOPMLQLPHNFFCB58CC,大進段,16.06,都市：住,,,,06870000
RPOQMLQLPHNFFCB68CC,上石碑段,16.83,都市：住,,,,17860000
RPUOMLRLPHNFFCB56CC,上石碑段,20.40,都市：商,,,,10550000
RPOOMLRLPHNFFCB58CC,寶文段,1527.98,都市：工,,,,06150035
RPTPMLRLPHNFFCB56CC,國安段,3.84,都市：住,,,,02920002
RPXOMLRLPHNFFCB86CC,民安段,17.25,都市：住,,,,06010000
RPTOMLRLPHNFFCB09CC,惠泰段,32.43,都市：住,,,,00880000
RPQQMLRLPHNFFCB98CC,永春段,281.94,都市：住,,,,02830000
RPWQMLRLPHNFFCB96CC,惠民段,.00,都市：其他:第一種新市政中心專用區,,,,00840000
RPSOMLRLPHNFFBB88CC,水源段,40.00,都市：商,,,,02330041
RPSOMLRLPHNFFBB88CC,水源段,17.00,都市：商,,,,02330065
RPROMLRLPHNFFBB78CC,陳平段,11.98,都市：住,,,,18260004
RPQQMLRLPHNFFBB88CC,大豐段,6.18,都市：住,,,,06640016
RPQQMLRLPHNFFBB88CC,大豐段,3.16,都市：住,,,,04630000
RPTOMLRLPHNFFAB88CC,建國段五小段,6.71,都市：商,,,,00030000
RPTOMLRLPHNFFAB88CC,建國段五小段,.12,都市：商,,,,00030001
RPTOMLRLPHNFFAB88CC,建國段五小段,.23,都市：商,,,,00030002
RPVOMLRLPHNFFAB09CC,頂橋子頭段,86.00,都市：住,,,,04230047
RPPQMLRLPHNFFBB78CC,景美段,6.58,都市：住,,,,03520000
RPPQMLRLPHNFFBB78CC,景美段,11.75,都市：住,,,,03550000
RPWPMLRLPHNFFAB66CC,中墩段七小段,1.70,都市：商,,,,00010027
RPWPMLRLPHNFFAB66CC,柳川段七小段,6.80,都市：商,,,,00100012
RPWPMLRLPHNFFAB66CC,柳川段七小段,.51,都市：商,,,,00100026
RPVQMLRLPHNFFBB76CC,賴厝?段,28.00,都市：住,,,,02010008
RPVQMLRLPHNFFBB76CC,賴厝?段,15.00,都市：住,,,,02270000
RPSQMLRLPHNFFAB98CC,下橋子頭段,.00,都市：商,,,,01140042
RPRPMLRLPHNFFAB78CC,尚武段,24.70,都市：住,,,,07350000
RPUQMLRLPHNFFAB56CC,旱溪段,135.00,都市：住,,,,03630082
RPWQMLRLPHNFFAB76CC,下橋子頭段,3.13,都市：商,,,,02170014
RPXQMLRLPHNFFAB86CC,下橋子頭段,1.65,都市：商,,,,02170014
RPUOMLRLPHNFFIB17CC,益民段,40.20,都市：住,,,,12510000
RPPNMLSLPHNFFJB76CC,新興段,.00,都市：住,,,,01430001
RPSNMLSLPHNFFAB78CC,大益段,.00,都市：商,,,,01800000
RPSNMLSLPHNFFAB78CC,大益段,.00,都市：商,,,,01810000
RPPOMLRLPHNFFIB66CC,鳳凰段,6.30,非都市：工業區 ; 非都市編定：丁種建築用地,,,,01680005
RPTNMLSLPHNFFAB88CC,自由段三小段,58.00,都市：商,,,,00050005
RPTNMLSLPHNFFAB88CC,自由段三小段,18.00,都市：商,,,,00050009
RPQNMLSLPHNFFJB86CC,壽平段,80.00,都市：住,,,,08080009
RPQNMLSLPHNFFBB68CC,太和段,.00,都市：住,,,,00330000
RPQOMLSLPHNFFBB78CC,東峰段,.00,都市：商,,,,02080000
RPTOMLSLPHNFFBB09CC,水源段,.00,都市：住,,,,03320031
RPTOMLSLPHNFFBB09CC,水源段,.00,都市：商,,,,03480000
RPVNMLSLPHNFFCB66CC,寶文段,.00,非都市： ; 非都市編定：,,,,00720021
RPWNMLSLPHNFFCB76CC,寶文段,.00,非都市： ; 非都市編定：,,,,00720021
RPUNMLSLPHNFFCB56CC,寶文段,.00,非都市： ; 非都市編定：,,,,00720021
RPXNMLSLPHNFFCB86CC,寶文段,.00,非都市： ; 非都市編定：,,,,00720021
RPOOMLSLPHNFFCB68CC,寶文段,.00,非都市： ; 非都市編定：,,,,00720021
RPPOMLSLPHNFFCB78CC,寶文段,.00,非都市： ; 非都市編定：,,,,00720021
RPQOMLSLPHNFFCB88CC,寶文段,.00,非都市： ; 非都市編定：,,,,00720021
RPTOMLSLPHNFFCB56CC,寶文段,.00,非都市： ; 非都市編定：,,,,00720021
RPROMLSLPHNFFCB98CC,寶文段,.00,非都市： ; 非都市編定：,,,,00720021
RPSOMLSLPHNFFCB09CC,寶文段,.00,非都市： ; 非都市編定：,,,,00720021
RPWOMLSLPHNFFCB86CC,寶文段,.00,非都市： ; 非都市編定：,,,,00720021
RPQNMLTLPHNFFAB68CC,下橋子頭段,1.83,都市：商,,,,02170014
RPXNMLKMPHNFFAB58CC,大益段,11.44,都市：住,,,,10620000
RPPOMLKMPHNFFAB87CC,後?子段,.00,都市：商,,,,01920000
RPXOMLSLPHNFFCB96CC,寶文段,.00,非都市： ; 非都市編定：,,,,00720021
RPWOMLKMPHNFFAB58CC,尚武段,.00,都市：住,,,,09000136
RPWOMLKMPHNFFAB58CC,尚武段,.00,都市：住,,,,09000019
RPWOMLKMPHNFFAB58CC,尚武段,.00,都市：住,,,,09000111
RPWOMLKMPHNFFAB58CC,尚武段,.00,都市：住,,,,09000112
RPWOMLKMPHNFFAB58CC,尚武段,.00,都市：住,,,,09000212
RPSNMLKMPHNFFHB78CC,四德段,10.33,都市：住,,,,03170006
RPOPMLKMPHNFFAB87CC,後?子段,.00,都市：住,,,,02350005
RPSNMLKMPHNFFHB78CC,四德段,59.91,都市：住,,,,03190000
RPSNMLKMPHNFFHB78CC,四德段,4.11,都市：住,,,,03230024
RPSNMLKMPHNFFHB78CC,四德段,.13,都市：住,,,,03180003
RPSNMLKMPHNFFHB78CC,四德段,3.02,都市：住,,,,03220014
RPQOMLKMPHNFFHB68CC,中山段,33.04,都市：住,,,,00290000
RPUNMLKMPHNFFCB48CC,寶文段,.00,非都市： ; 非都市編定：,,,,00720021
RPVNMLKMPHNFFCB58CC,寶文段,.00,非都市： ; 非都市編定：,,,,00720021
RPOOMLKMPHNFFCB97CC,寶文段,.00,非都市： ; 非都市編定：,,,,00720021
RPXNMLKMPHNFFCB78CC,寶文段,.00,非都市： ; 非都市編定：,,,,00720021
RPTNMLKMPHNFFKB56CC,竹泉段,68.00,都市：商,,,,01760027
RPQOMLKMPHNFFCB18CC,寶文段,.00,非都市： ; 非都市編定：,,,,00720021
RPOQMLKMPHNFFCB18CC,寶文段,.00,非都市： ; 非都市編定：,,,,00720021
RPROMLKMPHNFFCB28CC,寶文段,.00,非都市： ; 非都市編定：,,,,00720021
RPWNMLKMPHNFFCB68CC,大新段,14.77,都市：住,,,,00290000
RPXPMLKMPHNFFCB98CC,寶文段,.00,非都市： ; 非都市編定：,,,,00720021
RPRQMLKMPHNFFCB48CC,龍富段,.00,都市：住,,,,00860000
RPSQMLKMPHNFFCB58CC,大進段,.00,都市：住,,,,09920000
RPWQMLKMPHNFFCB98CC,上石碑段,180.00,都市：商,,,,04880000
RPTQMLKMPHNFFCB68CC,三塊厝段,.00,都市：住,,,,05450000
RPPQMLKMPHNFFCB28CC,寶文段,.00,非都市： ; 非都市編定：,,,,00720021
RPVRMLKMPHNFFCB98CC,大墩段,98.00,都市：住,,,,01580001
RPPSMLKMPHNFFCB48CC,中正段,6.48,都市：商,,,,01550000
RPQSMLKMPHNFFCB58CC,豐功段,26.34,都市：商,,,,02090000
RPTSMLKMPHNFFCB88CC,中正段,7.20,都市：商,,,,01550000
RPUOMLKMPHNFFBB48CC,中德段,100.00,都市：商,,,,05430001
RPSQMLKMPHNFFBB48CC,東山段,2.65,都市：住,,,,02210000
RPWRMLKMPHNFFCB09CC,下石碑段,.00,都市：住,,,,16920000
RPOOMLLMPHNFFBB97CC,北屯段,5.41,都市：住,,,,01680003
RPPOMLLMPHNFFBB08CC,仁德段,121.27,都市：住,,,,07540000
RPPOMLLMPHNFFBB08CC,仁德段,741.83,都市：住,,,,07550000
RPPOMLLMPHNFFBB08CC,仁德段,107.08,都市：住,,,,07540002
RPUNMLLMPHNFFBB48CC,太原段,22.99,都市：住,,,,01000000
RPTQMLKMPHNFFBB58CC,東峰段,4199.00,都市：住,,,,01580000
RPQOMLLMPHNFFBB18CC,仁德段,18.90,都市：住,,,,07540002
RPQOMLLMPHNFFBB18CC,仁德段,21.40,都市：住,,,,07540000
RPQOMLLMPHNFFBB18CC,仁德段,130.91,都市：住,,,,07550000
RPTOMLLMPHNFFBB48CC,錦村段,24.29,都市：住,,,,02900001
RPTOMLLMPHNFFBB48CC,錦村段,1.54,都市：住,,,,02900027
RPSPMLLMPHNFFBB48CC,平田段,6.36,都市：住,,,,00030000
RPSPMLLMPHNFFBB48CC,平田段,4.48,都市：住,,,,00030001
RPSPMLLMPHNFFBB48CC,平田段,5.56,都市：住,,,,00040000
RPSPMLLMPHNFFBB48CC,平田段,5.27,都市：住,,,,00040001
RPSPMLLMPHNFFBB48CC,平田段,3.05,都市：住,,,,00070001
RPWPMLLMPHNFFBB88CC,賴厝?段,4.79,都市：商,,,,00310003
RPWPMLLMPHNFFBB88CC,邱厝子段,3.84,都市：商,,,,00310062
RPTPMLLMPHNFFBB58CC,賴厝?段,.14,都市：商,,,,00310003
RPQPMLLMPHNFFBB28CC,賴厝?段,3.56,都市：商,,,,00310003
RPVPMLLMPHNFFBB78CC,賴厝?段,.14,都市：商,,,,00310003
RPTPMLLMPHNFFBB58CC,邱厝子段,.11,都市：商,,,,00310062
RPQPMLLMPHNFFBB28CC,邱厝子段,2.86,都市：商,,,,00310062
RPVPMLLMPHNFFBB78CC,邱厝子段,.11,都市：商,,,,00310062
RPQQMLLMPHNFFBB38CC,賴厝?段,3.19,都市：商,,,,00310003
RPQQMLLMPHNFFBB38CC,邱厝子段,2.56,都市：商,,,,00310062
RPPQMLLMPHNFFBB28CC,賴厝?段,.21,都市：商,,,,00310003
RPSQMLLMPHNFFBB58CC,賴厝?段,.14,都市：商,,,,00310003
RPPQMLLMPHNFFBB28CC,邱厝子段,.17,都市：商,,,,00310062
RPSQMLLMPHNFFBB58CC,邱厝子段,.11,都市：商,,,,00310062
RPVQMLLMPHNFFBB88CC,賴厝?段,.14,都市：商,,,,00310003
RPTQMLLMPHNFFBB68CC,賴厝?段,.29,都市：商,,,,00310003
RPVQMLLMPHNFFBB88CC,邱厝子段,.11,都市：商,,,,00310062
RPTQMLLMPHNFFBB68CC,邱厝子段,.23,都市：商,,,,00310062
RPXQMLLMPHNFFBB09CC,賴厝?段,2.97,都市：商,,,,00310003
RPXQMLLMPHNFFBB09CC,邱厝子段,2.39,都市：商,,,,00310062
RPRRMLLMPHNFFBB58CC,東峰段,9.24,都市：商,,,,01580000
RPSPMLLMPHNFFCB58CC,西屯段,19.48,都市：商,,,,26250000
RPXRMLLMPHNFFBB56CC,東峰段,6.42,都市：商,,,,01580000
RPPRMLLMPHNFFBB38CC,東峰段,9.74,都市：商,,,,01580000
RPVNMLLMPHNFFDB88DC,三和段,596.50,都市：住,,,,00950000
RPVNMLLMPHNFFDB88DC,三和段,145.75,都市：住,,,,00950001
RPVNMLLMPHNFFDB88DC,三和段,450.76,都市：住,,,,00950002
RPROMLLMPHNFFAB18CC,麻園頭段,12.91,都市：住,,,,01320000
RPQOMLLMPHNFFCB28CC,惠民段,12.30,都市：其他:新市政特區,,,,00110000
RPRPMLLJQHNFFAB08CC,後?子段,61.73,都市：住,,,,03810016
RPQOMLLJQHNFFAB97DC,公館段,1.04,都市：住,,,,00630001
RPRQMLLJQHNFFAB18CC,後?子段,1.73,都市：住,,,,01730035
RPQOMLLJQHNFFAB97DC,公館段,1.20,都市：住,,,,00620001
RPOOMLLJQHNFFFB18CC,護安段,19.14,都市：住,,,,16770000
RPOOMLLJQHNFFFB18CC,護安段,77.27,都市：住,,,,16780000
RPQPMLLJQHNFFBB18DC,中興段,7.77,都市：住,,,,05300000
RPXOMLLJQHNFFBB78DC,長安段,147.00,都市：住,,,,03250000
RPRPMLLJQHNFFBB28DC,賴厝?段,6.59,都市：住,,,,00530002
RPPPMLLJQHNFFBB08DC,北屯段,8.12,都市：住,,,,00260000
RPOPMLLJQHNFFBB97DC,賴厝?段,6.11,都市：住,,,,03340000
RPSPMLLJQHNFFBB38DC,東光段,3.05,都市：住,,,,01950001
RPWNMLLJQHNFFJB66CC,新興段,291.00,都市：住,,,,00260000
RPRNMLMJQHNFFAB97CC,尚武段,10.00,都市：住,,,,08190000
RPWQMLMJQHNFFCB98CC,惠國段,.00,都市：其他:第六種新市政中心專用區,,,,01300000
RPWNMLMJQHNFFCB68CC,南屯段,12.68,都市：住,,,,01740000
RPPPMLMJQHNFFAB97CC,土庫段,.00,都市：住,,,,00320059
RPVOMLMJQHNFFCB68CC,田心段,72.00,都市：住,,,,09450000
RPROMLNJQHNFFBB28CC,邱厝子段,.86,都市：住,,,,02580203
RPROMLNJQHNFFBB28CC,邱厝子段,2.44,都市：住,,,,02580063
RPROMLNJQHNFFBB28CC,錦村段,2.70,都市：住,,,,03550008
RPOWMLMJQHNFFBB68CC,賴厝?段,.00,都市：商,,,,04380001
RPVVMLMJQHNFFBB66CC,邱厝子段,.00,都市：住,,,,00320096
RPPPMLNJQHNFFBB18CC,東信段,20.28,都市：住,,,,00570000
RPWPMLNJQHNFFBB88CC,賴厝?段,4.74,都市：商,,,,00310003
RPWPMLNJQHNFFBB88CC,邱厝子段,3.80,都市：商,,,,00310062
RPWQMLNJQHNFFBB98CC,賴厝?段,.29,都市：商,,,,00310003
RPSQMLNJQHNFFBB58CC,賴厝?段,.14,都市：商,,,,00310003
RPWQMLNJQHNFFBB98CC,邱厝子段,.23,都市：商,,,,00310062
RPSQMLNJQHNFFBB58CC,邱厝子段,.11,都市：商,,,,00310062
RPPQMLNJQHNFFBB28CC,賴厝?段,3.05,都市：商,,,,00310003
RPPQMLNJQHNFFBB28CC,邱厝子段,2.45,都市：商,,,,00310062
RPSRMLNJQHNFFBB68CC,賴厝?段,.14,都市：商,,,,00310003
RPSRMLNJQHNFFBB68CC,邱厝子段,.11,都市：商,,,,00310062
RPPRMLNJQHNFFBB38CC,賴厝?段,4.55,都市：商,,,,00310003
RPPRMLNJQHNFFBB38CC,邱厝子段,3.65,都市：商,,,,00310062
RPVRMLNJQHNFFBB98CC,東峰段,11.63,都市：商,,,,01580000
RPUNMLNJQHNFFCB58CC,民安段,14.55,都市：住,,,,16750021
RPQOMLNJQHNFFCB28CC,黎明段,11.12,都市：住,,,,00310000
RPROMLNJQHNFFCB38CC,大墩段,16.36,都市：住,,,,04450000
RPOOMLNJQHNFFCB08CC,田心段,7.93,都市：住,,,,07050000
RPTOMLNJQHNFFCB58CC,惠智段,4.38,都市：住,,,,01340000
RPVOMLNJQHNFFCB78CC,惠民段,9.31,都市：其他:第一種新市政中心專用區,,,,00840000
RPOPMLNJQHNFFCB18CC,上石碑段,39.70,都市：住,,,,05410000
RPVPMLNJQHNFFCB88CC,黎明段,62.00,都市：住,,,,05080000
RPQPMLNJQHNFFCB38CC,國安段,11.24,都市：住,,,,05930066
RPXPMLNJQHNFFCB09CC,中正段,6.28,都市：商,,,,01550000
RPXNMLNJQHNFFAB68CC,公館段,2.65,都市：住,,,,00640050
RPUNMLNJQHNFFAB38CC,麻園頭段,16.66,都市：住,,,,01320000
RPWOMLNJQHNFFAB68CC,麻園頭段,3.86,都市：商,,,,06390000
RPXOMLNJQHNFFAB78CC,公館段,2.19,都市：住,,,,00630001
RPXOMLNJQHNFFAB78CC,公館段,2.52,都市：住,,,,00620001
RPPPMLNJQHNFFAB08CC,萬安段九小段,8.57,都市：住,,,,00050000
RPQPMLNJQHNFFAB18CC,麻園頭段,.00,都市：住,,,,02890000
RPVNMLNJQHNFFJB76CC,太平段,31.76,都市：住,,,,05890000
RPSOMLNJQHNFFJB56CC,新興段,.00,都市：住,,,,00230000
RPTOMLNJQHNFFJB66CC,育賢段,.00,都市：商,,,,00930000
RPOPMLNJQHNFFBB18DC,碧柳段,140.38,都市：商,,,,02730000
RPUOMLQJQHNFFCB98CC,寶山段,.00,非都市： ; 非都市編定：,,,,12340000
RPXNMLNJQHNFFDB98CC,豐原段,117.00,都市：商,,,,07850030
RPXNMLNJQHNFFDB98CC,豐原段,118.00,都市：商,,,,07850031
RPPNMLOJQHNFFKB98CC,萬陵段,78.86,非都市：鄉村區 ; 非都市編定：乙種建築用地,,,,03580000
RPPNMLOJQHNFFKB98CC,萬陵段,78.87,非都市：鄉村區 ; 非都市編定：乙種建築用地,,,,03590000
RPVOMLQJQHNFFCB09CC,寶文段,.00,非都市： ; 非都市編定：,,,,00720021
RPQOMLOJQHNFFBB28CC,中德段,4.65,都市：住,,,,04660000
RPXOMLQJQHNFFCB66CC,上石碑段,26.77,都市：住,,,,18170000
RPPNMLPJQHNFFCB28CC,民安段,15.69,都市：住,,,,05630000
RPWOMLQJQHNFFCB56CC,寶文段,.00,非都市： ; 非都市編定：,,,,00720021
RPOPMLQJQHNFFCB48CC,寶文段,.00,非都市： ; 非都市編定：,,,,00720021
RPRPMLQJQHNFFCB78CC,寶文段,.00,非都市： ; 非都市編定：,,,,00720021
RPPPMLQJQHNFFCB58CC,寶文段,.00,非都市： ; 非都市編定：,,,,00720021
RPSPMLQJQHNFFCB88CC,寶文段,.00,非都市： ; 非都市編定：,,,,00720021
RPVPMLQJQHNFFCB56CC,國安段,16.14,都市：住,,,,00120015
RPOQMLQJQHNFFCB58CC,寶文段,.00,非都市： ; 非都市編定：,,,,00720021
RPWQMLQJQHNFFCB76CC,寶文段,.00,非都市： ; 非都市編定：,,,,00720021
RPTQMLQJQHNFFCB09CC,寶文段,.00,非都市： ; 非都市編定：,,,,00720021
RPXQMLQJQHNFFCB86CC,寶文段,.00,非都市： ; 非都市編定：,,,,00720021
RPORMLQJQHNFFCB68CC,寶文段,.00,非都市： ; 非都市編定：,,,,00720021
RPQQMLQJQHNFFCB78CC,寶文段,.00,非都市： ; 非都市編定：,,,,00720021
RPPRMLQJQHNFFCB78CC,寶文段,.00,非都市： ; 非都市編定：,,,,00720021
RPQRMLQJQHNFFCB88CC,寶文段,.00,非都市： ; 非都市編定：,,,,00720021
RPRRMLQJQHNFFCB98CC,大新段,7.01,都市：住,,,,08750000
RPSRMLQJQHNFFCB09CC,惠民段,16.82,都市：其他:新市政中心專用區,,,,01430001
RPTRMLQJQHNFFCB56CC,西屯段,.00,都市：商,,,,26250000
RPSNMLQJQHNFFJB76CC,育賢段,133.74,都市：住,,,,00340004
RPURMLQJQHNFFCB66CC,國安段,.00,都市：住,,,,05930491
RPSNMLRJQHNFFJB86CC,信平段,61.00,都市：住,,,,07990000
RPPOMLQJQHNFFBB38CC,乾溝子段,21.80,都市：住,,,,01270002
RPWOMLRJQHNFFAB09CC,公館段,908.50,都市：商,,,,01580063
RPUNMLRJQHNFFJB07CC,愛平段,31.00,都市：住,,,,05620000
RPSNMLRJQHNFFDB98DC,公安段,990.00,都市：住,,,,05150000
RPSPMLRJQHNFFBB88CC,太順段,23.71,都市：住,,,,00540000
RPQTMLRJQHNFFBB09CC,平田段,8.02,都市：住,,,,08810000
RPRTMLRJQHNFFBB56CC,東峰段,5.26,都市：商,,,,02080000
RPSPMLRJQHNFFCB98CC,福順段,24.00,都市：住,,,,01670000
RPWNMLRJQHNFFCB56CC,中仁段,7.31,都市：住,,,,05350005
RPUTMLRJQHNFFBB86CC,陳平段,8.67,都市：住,,,,31600016
RPQOMLRJQHNFFCB68CC,中仁段,14.63,都市：住,,,,05350005
RPTPMLRJQHNFFCB09CC,惠民段,6.32,都市：其他:新市政中心專用區,,,,01380000
RPWPMLRJQHNFFCB76CC,惠民段,21.48,都市：其他:新市政中心專用區,,,,01380000
RPRQMLRJQHNFFCB98CC,惠國段,1039.99,都市：住,,,,01450000
RPSNMLSJQHNFFCB88CC,大新段,.00,都市：住,,,,00700000
RPSNMLSJQHNFFCB88CC,大新段,.00,都市：住,,,,00710000
RPWOMLSJQHNFFCB76CC,大進段,27.16,都市：商,,,,08580000
RPOOMLSJQHNFFBB48CC,文正段,76.00,都市：商,,,,00270048
RPPPMLSJQHNFFCB78CC,中正段,5.91,都市：住,,,,01550000
RPOOMLSJQHNFFBB48CC,文正段,16.00,都市：商,,,,00270049
RPRPMLSJQHNFFBB88CC,東光段,18.19,都市：住,,,,00330000
RPQPMLSJQHNFFCB88CC,永富段,670.96,都市：住,,,,00950000
RPQPMLSJQHNFFCB88CC,永富段,106.92,都市：住,,,,00960000
RPTPMLSJQHNFFBB09CC,平田段,189.00,都市：住,,,,06540000
RPQQMLSJQHNFFBB88CC,松昌段,7.22,都市：住,,,,06050000
RPRNMLTJQHNFFCB88CC,大進段,43.28,都市：住,,,,08510000
RPQNMLTJQHNFFEB09DC,幼獅段,458.00,非都市：工業區 ; 非都市編定：丁種建築用地,,,,08790000
RPQNMLTJQHNFFEB09DC,幼獅段,458.00,非都市：工業區 ; 非都市編定：丁種建築用地,,,,08790001
RPQPMLTJQHNFFFB66CC,公館北段,90.42,都市：住,,,,02520000
RPSOMLTJQHNFFBB98CC,竹興段,777.64,都市：住,,,,01610000
RPOQMLTJQHNFFFB56CC,市鎮北段,.00,都市：商,,,,02380000
RPROMLTJQHNFFAB78CC,麻園頭段,76.00,都市：商,,,,00730147
RPRNMLTJQHNFFHB76CC,中山段,24.58,都市：住,,,,00290000
RPQOMLTJQHNFFAB68CC,麻園頭段,76.00,都市：商,,,,00730147
RPXOMLTJQHNFFIB57CC,涼傘樹段,27.56,都市：商,,,,00830157
RPRNMLKKQHNFFHB58CC,甘潭段,.00,都市：住,,,,04670000
RPXNMLKKQHNFFIB66CC,西榮段,.00,都市：住,,,,06420000
RPVNMLKKQHNFFAB28CC,半平厝段,14.77,都市：住,,,,13550000
RPWNMLKKQHNFFHB09CC,民生段,21.90,都市：住,,,,09870000
RPPOMLKKQHNFFAB77CC,下橋子頭段,1.72,都市：商,,,,02170014
RPSOMLKKQHNFFAB08CC,下橋子頭段,1.83,都市：商,,,,02170014
RPPPMLKKQHNFFAB87CC,麻園頭段,12.36,都市：住,,,,01320000
RPRPMLKKQHNFFCB28CC,惠來厝段,5.87,都市：住,,,,03150000
RPOQMLKKQHNFFCB08CC,寶文段,.00,非都市： ; 非都市編定：,,,,00720021
RPUOMLKKQHNFFCB48CC,西屯段,12.00,都市：住,,,,07750000
RPQQMLKKQHNFFCB28CC,國安段,4113.65,都市：住,,,,00120012
RPXQMLKKQHNFFCB98CC,寶文段,.00,非都市： ; 非都市編定：,,,,00720021
RPWQMLKKQHNFFCB88CC,寶文段,.00,非都市： ; 非都市編定：,,,,00720021
RPPQMLKKQHNFFCB18CC,寶文段,.00,非都市： ; 非都市編定：,,,,00720021
RPPRMLKKQHNFFCB28CC,寶文段,.00,非都市： ; 非都市編定：,,,,00720021
RPVQMLKKQHNFFCB78CC,寶文段,.00,非都市： ; 非都市編定：,,,,00720021
RPRRMLKKQHNFFCB48CC,大進段,10.91,都市：住,,,,05790000
RPSRMLKKQHNFFCB58CC,寶文段,.00,非都市： ; 非都市編定：,,,,00720021
RPTRMLKKQHNFFCB68CC,寶山段,22.26,都市：住,,,,02680000
RPVRMLKKQHNFFCB88CC,福星段,.00,都市：住,,,,03130000
RPVRMLKKQHNFFCB88CC,福星段,.00,都市：住,,,,03210000
RPPQMLKKQHNFFBB08CC,東峰段,266.82,都市：商,,,,02620000
RPTQMLKKQHNFFBB48CC,中德段,9.45,都市：住,,,,00620000
RPWQMLKKQHNFFBB78CC,賴厝?段,3.26,都市：商,,,,00310003
RPWQMLKKQHNFFBB78CC,邱厝子段,2.61,都市：商,,,,00310062
RPXRMLKKQHNFFCB09CC,中正段,6.36,都市：商,,,,01550000
RPOSMLKKQHNFFCB28CC,福星段,16.69,都市：住,,,,04910000
RPPRMLKKQHNFFBB18CC,賴厝?段,.28,都市：商,,,,00310003
RPPRMLKKQHNFFBB18CC,邱厝子段,.22,都市：商,,,,00310062
RPQRMLKKQHNFFBB28CC,建安段,124.54,都市：住,,,,11070000
RPURMLKKQHNFFBB68CC,東峰段,6.84,都市：商,,,,01580000
RPSRMLKKQHNFFBB48CC,邱厝子段,9.90,都市：住,,,,01450020
RPOSMLKKQHNFFBB18CC,賴厝?段,3.19,都市：商,,,,00310003
RPOSMLKKQHNFFBB18CC,邱厝子段,2.56,都市：商,,,,00310062
RPWRMLKKQHNFFBB88CC,東峰段,9.74,都市：商,,,,01580000
