﻿編號,土地位置,土地移轉面積(平方公尺),使用分區或編定,權利人持分分母,權利人持分分子,移轉情形,地號
The serial number, land position,land shifting area square meter,the use zoning or compiles and checks,,,,land parcel
RPSOMLLKNHNFFDE48CC,灣中段,.00,非都市： ; 非都市編定：,,,,05010000
RPQOMLLKNHNFFEE38CC,果貿段,76.00,都市：住,,,,00060006
RPROMLLKNHNFFEE48CC,新庄段十二小段,27.47,都市：住,,,,10310000
RPWNMLLKNHNFFAE48CC,龍華段八小段,11.17,都市：商,,,,22800000
RPSOMLLKNHNFFCE38CC,店鎮段一小段,71.00,非都市： ; 非都市編定：,,,,10900001
RPPPMLLKNHNFFEE38CC,新民段,.00,都市：商,,,,01440000
RPSOMLLKNHNFFEE58CC,新庄段十三小段,.00,都市：商,,,,14450000
RPSOMLLKNHNFFGE78CC,華英段,.00,都市：住,,,,00570000
RPSOMLLKNHNFFGE78CC,華英段,.00,都市：住,,,,00570001
RPQNMLMKNHNFFEE38CC,?後段,36.08,都市：住,,,,00190009
RPPNMLLKNHNFFLE88CC,磚子?段,2439.00,都市：工,,,,30720000
RPPNMLLKNHNFFLE88CC,磚子?段,48.00,都市：其他:,,,,30720002
RPSNMLMKNHNFFDE48CC,大港段,79.00,都市：住,,,,34140003
RPPNMLLKNHNFFFE28CC,大德段,385.69,都市：住,,,,01270000
RPPNMLLKNHNFFFE28CC,大德段,462.07,都市：住,,,,01280000
RPRNMLMKNHNFFDE38CC,建民段,5.52,都市：商,,,,00440000
RPTNMLMKNHNFFDE58CC,中華段二小段,.00,都市：商,,,,14880000
RPPNMLNKNHNFFBE08CC,大統段一小段,.00,都市：商,,,,03400000
RPROMLOKNHNFFAE38CC,前金段,2.84,都市：商,,,,01080005
RPUOMLOKNHNFFAE68CC,龍華段八小段,.00,都市：商,,,,21880000
RPXNMLOKNHNFFDE56CC,灣中段,.00,非都市： ; 非都市編定：,,,,01210000
RPSQMLOKNHNFFBE78CC,大統段二小段,.00,都市：商,,,,02560000
RPOOMLOKNHNFFEE48CC,新庄段十二小段,.00,都市：住,,,,10710000
RPVOMLOKNHNFFAE78CC,博孝段,.00,都市：商,,,,05360000
RPSOMLOKNHNFFAE48CC,大成段,9.01,都市：商,,,,07170000
RPVOMLPKNHNFFEE66CC,新庄段十二小段,137.00,都市：住,,,,10380002
RPXOMLOKNHNFFEE76CC,新光段,18.60,都市：商,,,,03690000
RPRNMLPKNHNFFDE68CC,三塊厝段三小段,10.20,都市：住,,,,36400000
RPWNMLPKNHNFFBE98CC,新興段二小段,17.34,都市：商,,,,17510000
RPQPMLPKNHNFFCE68CC,盛興段,27.62,都市：住,,,,00750001
RPXOMLPKNHNFFAE09CC,龍華段八小段,162.00,都市：商,,,,22800002
RPROMLPKNHNFFBE58CC,林德官段四小段,75.00,都市：商,,,,38330000
RPROMLPKNHNFFBE58CC,林德官段四小段,56.00,都市：商,,,,38340000
RPSNMLQKNHNFFCE78CC,孔宅段,53.00,都市：商,,,,12100000
RPVNMLQKNHNFFCE09CC,獅甲段,.31,都市：住,,,,03300000
RPVNMLQKNHNFFCE09CC,獅甲段,.98,都市：住,,,,03310000
RPSPMLPKNHNFFCE88CC,獅甲段二小段,93.73,都市：住,,,,05910000
RPSNMLPKNHNFFDE78CC,鼎泰段,7.60,都市：住,,,,14030001
RPPOMLPKNHNFFDE58CC,中華段一小段,600.00,都市：工,,,,08790000
RPUNMLQKNHNFFCE98CC,獅甲段,1.34,都市：住,,,,03300000
RPWNMLQKNHNFFCE56CC,愛群段,128.00,都市：商,,,,01820012
RPUNMLQKNHNFFCE98CC,獅甲段,4.22,都市：住,,,,03310000
RPTNMLQKNHNFFIE96DC,豐禾段,68.71,都市：住,,,,10060000
RPSNMLQKNHNFFBE68CC,苓雅寮段,61.00,都市：商,,,,06810000
RPXNMLQKNHNFFBE56CC,五塊厝段,.00,都市：住,,,,19740000
RPXNMLQKNHNFFBE56CC,五塊厝段,.00,都市：住,,,,19750001
RPQOMLQKNHNFFBE58CC,大統段二小段,123.00,都市：商,,,,03360000
RPROMLQKNHNFFBE68CC,大統段一小段,.00,都市：商,,,,14050000
RPRNMLQKNHNFFAE48CC,內惟段九小段,.00,都市：住,,,,00190000
RPSNMLQKNHNFFIE86DC,新後港西段,92.33,都市：住,,,,00690006
RPOOMLQKNHNFFBE38CC,正言段,.00,都市：住,,,,01310000
RPOOMLQKNHNFFDE58CC,覆鼎金段覆鼎金小段,.00,都市：住,,,,12260000
RPPNMLQKNHNFFDE58CC,建民段,.00,都市：商,,,,04960000
RPOOMLQKNHNFFAE28CC,龍中段,.00,都市：商,,,,01480000
RPQPMLQKNHNFFEE98CC,新庄段十二小段,.00,都市：商,,,,09790000
RPXNMLQKNHNFFDE76CC,中華段一小段,.00,都市：商,,,,07040000
RPWPMLQKNHNFFEE96CC,新光段,.00,都市：商,,,,03730000
RPSOMLQKNHNFFDE98CC,大順段,.00,都市：商,,,,04990000
RPPOMLQKNHNFFDE68CC,獅頭段一小段,18.09,都市：住,,,,14470000
RPQNMLRKNHNFFEE88CC,菜公段六小段,.00,都市：住,,,,11230000
RPROMLQKNHNFFEE98CC,新光段,.00,都市：住,,,,03110000
RPOPMLQKNHNFFEE78CC,菜公段一小段,60.00,都市：住,,,,02080071
RPUNMLRKNHNFFAE88CC,龍華段九小段,16.43,都市：住,,,,09620000
RPPNMLRKNHNFFLE86CC,林子邊段,89.00,都市：住,,,,13650013
RPRNMLRKNHNFFDE88CC,大順段,16.51,都市：商,,,,05690000
RPPNMLRKNHNFFAE38CC,龍北段,.00,都市：住,,,,00170000
RPTNMLRKNHNFFIE07DC,北屋段,71.86,都市：住,,,,09010000
RPWNMLRKNHNFFDE76CC,灣立段,.00,都市：商,,,,08980000
RPTNMLRKNHNFFBE88CC,苓洲段,.00,都市：商,,,,05420000
RPSNMLRKNHNFFBE78CC,新興段二小段,.00,都市：商,,,,17510000
RPTNMLRKNHNFFCE98CC,光華段一小段,64.00,都市：住,,,,19120079
RPUNMLRKNHNFFCE09CC,瑞隆段二小段,.00,都市：住,,,,03490000
RPROMLRKNHNFFGE66CC,竹子腳段,49.97,都市：住,,,,00030004
RPQNMLSKNHNFFFE09CC,文化段,.00,都市：住,,,,06390000
RPVNMLSKNHNFFLE57CC,赤崁段潮州寮小段,132.20,都市：農,,,,50120000
RPRNMLSKNHNFFFE56CC,文化段,.00,都市：住,,,,06390000
RPTOMLSKNHNFFGE96CC,牛潮埔段,330.00,都市：工,,,,01280001
RPVNMLSKNHNFFFE96CC,文化段,.00,都市：住,,,,06390000
RPTNMLSKNHNFFFE76CC,文化段,.00,都市：住,,,,06390000
RPRNMLSKNHNFFIE86CC,澄觀段,2497.61,都市：住,,,,01160000
RPSNMLSKNHNFFDE09CC,獅頭段一小段,.00,都市：住,,,,16940000
RPVNMLSKNHNFFDE76CC,灣子內段寶珠溝小段,24.17,都市：住,,,,06730000
RPWNMLSKNHNFFFE07CC,文化段,.00,都市：住,,,,06390000
RPWNMLSKNHNFFDE86CC,建豐段,67.00,都市：住,,,,00300000
RPUNMLSKNHNFFIE17CC,灣勢段,80.00,都市：農,,,,02050000
RPUNMLSKNHNFFIE17CC,灣勢段,659.57,都市：農,,,,01810000
RPUNMLSKNHNFFIE17CC,灣勢段,181.59,都市：農,,,,02000000
RPQNMLSKNHNFFDE88CC,大港段,37.56,都市：住,,,,34860004
RPSNMLLLNHNFFAE18CC,民生段,48.00,都市：商,,,,08470000
RPTNMLTKNHNFFAE98CC,青海段,6.51,都市：住,,,,01010000
RPPNMLLLNHNFFBE97CC,大統段二小段,.00,都市：商,,,,13810000
RPVNMLLLNHNFFBE58CC,過田子段,56.00,都市：商,,,,05090000
RPXNMLLLNHNFFBE78CC,意誠段,.00,都市：商,,,,01990000
RPRNMLLLNHNFFAE08CC,青海段,17.79,都市：住,,,,00820000
RPQNMLLLNHNFFAE97CC,內惟段四小段,28.94,都市：住,,,,00140000
RPWNMLLLNHNFFBE68CC,意誠段,.00,都市：商,,,,01990000
RPTOMLLLNHNFFBE48CC,苓洲段,.00,都市：商,,,,06090000
RPQOMLLLNHNFFDE38CC,覆鼎金段覆鼎金一小段,.00,都市：住,,,,06280010
RPTNMLLLNHNFFAE28CC,龍華段八小段,10.47,都市：商,,,,22160000
RPROMLLLNHNFFBE28CC,新興段四小段,5.15,都市：商,,,,11980000
RPVOMLLLNHNFFBE68CC,意誠段,10.34,都市：商,,,,01850000
RPWOMLLLNHNFFBE78CC,過田子段,7.58,都市：商,,,,10830000
RPPOMLLLNHNFFDE28CC,覆鼎金段覆鼎金一小段,.00,都市：住,,,,06280010
RPROMLLLNHNFFEE58CC,新庄段十三小段,8.40,都市：商,,,,14450000
RPXNMLLLNHNFFEE09CC,新庄段十三小段,8.52,都市：商,,,,14450000
RPQQMLLLNHNFFEE68CC,新庄段四小段,26.06,都市：住,,,,05210000
RPQQMLLLNHNFFEE68CC,新庄段四小段,37.50,都市：住,,,,05220000
RPSPMLLLNHNFFEE78CC,新庄段四小段,.00,都市：住,,,,04740000
RPPNMLLLNHNFFIE68CC,大華段,92.00,都市：住,,,,02070031
RPPNMLLLNHNFFJE78CC,和蓮段,78.55,都市：住,,,,09500005
RPTOMLLLNHNFFEE78CC,翠屏段三小段,193.48,都市：住,,,,00020000
RPPNMLLLNHNFFCE08CC,憲德段二小段,15.64,都市：商,,,,00280003
RPTNMLLLNHNFFCE58DC,店子後段,101.00,都市：住,,,,11800000
RPXNMLLLNHNFFCE88CC,獅甲段,.00,都市：住,,,,01600001
RPTOMLLLNHNFFCE58CC,愛群段,5.86,都市：商,,,,24590000
RPXNMLMLNHNFFGE76CC,新甲段,50.00,都市：住,,,,13410006
RPTNMLLLNHNFFHE98CC,旗門段,105.62,都市：其他:河濱專用區,,,,00100000
RPTNMLLLNHNFFHE98CC,旗門段,106.64,都市：其他:河濱專用區,,,,00110000
RPUPMLMLNHNFFCE88CC,?莊段,8.18,都市：商,,,,07210002
RPPOMLMLNHNFFIE88CC,八德段,.00,非都市： ; 非都市編定：,,,,02830001
RPVOMLMLNHNFFCE88CC,獅甲段二小段,28.51,都市：住,,,,05910000
RPQNMLMLNHNFFEE48CC,新庄段十二小段,27.95,都市：住,,,,11490000
RPOPMLMLNHNFFEE48CC,新庄段十三小段,6.21,都市：商,,,,15090000
RPSNMLMLNHNFFDE58CC,獅頭段,9.88,都市：商,,,,22450000
RPXNMLMLNHNFFEE56CC,藍昌段三小段,6.61,都市：商,,,,04860000
RPOOMLMLNHNFFDE28CC,大順段,19.48,都市：商,,,,09020000
RPQOMLMLNHNFFDE48CC,大港段,37.76,都市：商,,,,35650001
RPUNMLMLNHNFFBE58CC,成功段,9.85,都市：商,,,,02960000
RPTNMLMLNHNFFDE68CC,大港段二小段,65.15,都市：商,,,,10700000
RPTNMLMLNHNFFDE68CC,大港段二小段,7.05,都市：商,,,,10700004
RPVNMLMLNHNFFEE98CC,福山段,17.26,都市：商,,,,02910000
RPSOMLMLNHNFFBE48CC,苓洲段,55.00,都市：商,,,,13560000
RPRNMLMLNHNFFDE48CC,大順段,11.97,都市：商,,,,08720000
RPQNMLMLNHNFFAE08CC,鼓中段二小段,59.00,都市：商,,,,06140000
RPTOMLMLNHNFFBE58CC,新興段三小段,121.00,都市：商,,,,16290000
RPRNMLMLNHNFFAE18CC,青海段,7.29,都市：住,,,,01010000
RPSNMLMLNHNFFAE28CC,北金段,9.51,都市：商,,,,11340000
RPUNMLMLNHNFFAE48CC,龍華段八小段,8.42,都市：商,,,,22100000
RPUNMLMLNHNFFAE48CC,龍華段八小段,7.04,都市：商,,,,22100000
RPXNMLMLNHNFFAE78CC,前金段,9.27,都市：商,,,,00710004
RPWOMLMLNHNFFAE78CC,後金段,9.30,都市：商,,,,05300000
RPWOMLMLNHNFFAE78CC,後金段,9.30,都市：商,,,,05300000
RPWOMLMLNHNFFAE78CC,後金段,9.52,都市：商,,,,05300000
RPOPMLMLNHNFFAE08CC,後金段,9.30,都市：商,,,,05300000
RPOPMLMLNHNFFAE08CC,後金段,9.30,都市：商,,,,05300000
RPOPMLMLNHNFFAE08CC,後金段,9.52,都市：商,,,,05300000
RPPOMLNLNHNFFBE28CC,過田子段,.00,都市：商,,,,06000000
RPROMLNLNHNFFBE48CC,新興段四小段,.00,都市：商,,,,16770000
RPROMLNLNHNFFBE48CC,新興段四小段,.00,都市：商,,,,16780000
RPSOMLNLNHNFFBE58CC,過田子段,.00,都市：商,,,,11360000
RPOOMLNLNHNFFDE38CC,獅頭段,12.24,都市：商,,,,23190000
RPSOMLOLNHNFFGE56CC,灣頭段,102.50,都市：住,,,,00390130
RPQNMLNLNHNFFDE48CC,大順段,.00,都市：商,,,,08720000
RPVNMLOLNHNFFEE56CC,左東段,189.00,都市：商,,,,00180097
RPVNMLOLNHNFFEE56CC,左東段,36.64,都市：商,,,,00180102
RPXNMLNLNHNFFEE66CC,新光段,.00,都市：商,,,,03670000
RPVOMLNLNHNFFCE98CC,憲德段二小段,.00,都市：商,,,,00260004
RPRNMLOLNHNFFEE78CC,新庄段十三小段,10.92,都市：商,,,,14830000
RPQNMLOLNHNFFDE58CC,鼎泰段,11682.18,都市：住,,,,14740001
RPWNMLOLNHNFFLE37CC,磚子?段,.00,都市：工,,,,38730000
RPWNMLOLNHNFFLE37CC,磚子?段,.00,都市：工,,,,38740000
RPTNMLOLNHNFFDE88CC,大裕段一小段,13.45,都市：住,,,,02190000
RPOOMLPLNHNFFAE28CC,青海段,19.04,都市：住,,,,06360000
RPRNMLOLNHNFFAE38CC,龍華段八小段,9.33,都市：商,,,,22210000
RPPOMLOLNHNFFDE58CC,陽明段四小段,46.71,都市：住,,,,00900000
RPRNMLPLNHNFFAE48CC,龍華段三小段,150.00,都市：住,,,,09490003
RPVNMLPLNHNFFBE98CC,意誠段,.00,都市：商,,,,01990000
RPSOMLPLNHNFFBE78CC,福裕段,85.00,都市：住,,,,00910000
RPXNMLPLNHNFFEE86CC,新庄段六小段,15.32,都市：住,,,,09130000
RPOOMLPLNHNFFBE38CC,意誠段,.00,都市：商,,,,01990000
RPQOMLPLNHNFFBE58CC,苓東段,7.00,都市：商,,,,04700000
RPQOMLPLNHNFFBE58CC,苓東段,68.00,都市：商,,,,04700001
RPOOMLPLNHNFFEE68CC,新庄段十三小段,10.39,都市：商,,,,14450000
RPQNMLPLNHNFFFE88CC,安西段,219.46,都市：工,,,,07330000
RPWNMLQLNHNFFEE86CC,新光段,16.32,都市：住,,,,01830000
RPQNMLQLNHNFFBE58CC,意誠段,36.90,都市：商,,,,01850000
RPPNMLQLNHNFFBE48CC,新興段一小段,45.10,都市：商,,,,06960000
RPQNMLQLNHNFFAE48CC,龍華段八小段,.00,都市：商,,,,22340000
RPOOMLSLNHNFFAE58CC,文東段,.00,都市：商,,,,10210000
RPPNMLSLNHNFFAE58CC,青海段,.00,都市：住,,,,06570000
RPPOMLSLNHNFFAE68CC,文東段,.00,都市：商,,,,10210000
RPOPMLSLNHNFFAE68CC,鹽府段,50.00,都市：商,,,,00660000
RPRPMLSLNHNFFEE76CC,新庄段十三小段,3.61,都市：商,,,,15240000
RPUPMLSLNHNFFEE07CC,藍田中段,1503.01,都市：其他:,,,,01900000
RPUOMLSLNHNFFDE86CC,陽明段二小段,199.42,都市：住,,,,00150001
RPPNMLSLNHNFFJE86CC,三爺段,83.22,非都市：鄉村區 ; 非都市編定：乙種建築用地,,,,08260000
RPOOMLSLNHNFFDE88CC,灣昌段,263.20,都市：住,,,,03820000
RPOOMLSLNHNFFDE88CC,灣昌段,1.64,都市：住,,,,03820001
RPOOMLSLNHNFFDE88CC,灣昌段,53.70,都市：住,,,,03830000
RPSNMLTLNHNFFCE56CC,愛群段,.00,都市：商,,,,29250000
RPXNMLSLNHNFFLE87CC,赤崁段潮州寮小段,1331.00,都市：農,,,,37730000
RPXNMLSLNHNFFLE87CC,赤崁段潮州寮小段,1253.00,都市：農,,,,37740000
RPVNMLSLNHNFFIE47DC,新後港西段,26.65,都市：住,,,,00690026
RPUOMLSLNHNFFCE76CC,山明段,16.14,都市：住,,,,07020000
RPTNMLTLNHNFFCE66CC,獅甲段二小段,14.17,都市：商,,,,05530000
RPPOMLTLNHNFFCE98CC,獅甲段二小段,13.98,都市：住,,,,05530000
RPVNMLTLNHNFFIE47CC,澄清段,.00,都市：住,,,,00550016
RPQNMLTLNHNFFBE88CC,大統段一小段,43.47,都市：商,,,,04990000
RPQNMLTLNHNFFBE88CC,大統段一小段,8.46,都市：商,,,,04990001
RPRNMLTLNHNFFBE98CC,新興段二小段,12.19,都市：商,,,,17670000
RPXNMLTLNHNFFGE47CC,文山段,49.00,都市：住,,,,03760056
RPSOMLTLNHNFFCE66CC,愛群段,6.77,都市：住,,,,23940000
RPWNMLTLNHNFFBE86CC,正文段,.00,都市：住,,,,08800000
RPSNMLTLNHNFFBE09CC,過田子段,.00,都市：商,,,,11590000
RPTNMLTLNHNFFBE56CC,林興段,35.35,都市：住,,,,02260000
RPWOMLTLNHNFFBE96CC,林德官段一小段,15.06,都市：住,,,,24370000
RPSOMLTLNHNFFAE09CC,龍華段八小段,9.19,都市：商,,,,23010000
RPTPMLTLNHNFFBE76CC,福東段,76.00,都市：住,,,,04330009
RPXOMLTLNHNFFBE07CC,過田子段,.00,都市：商,,,,11360000
RPUNMLKMNHNFFAE38CC,龍華段一小段,529.00,都市：住,,,,05180000
RPUNMLKMNHNFFBE48CC,林德官段一小段,29.72,都市：住,,,,28770000
RPWNMLKMNHNFFDE88CC,大港段三小段,72.00,都市：住,,,,07240008
RPOOMLKMNHNFFGE48CC,過勇段,684.73,都市：住,,,,00560000
RPQNMLKMNHNFFGE58CC,道爺?段,38.71,都市：住,,,,10910017
RPVNMLLJOHNFFGE98CC,福誠段,29.31,都市：住,,,,00190000
RPPNMLLMNHNFFCE18CC,獅甲段一小段,37.62,都市：住,,,,05310000
RPPNMLLMNHNFFLE09CC,仁德段,104.80,都市：住,,,,01680000
RPROMLKMNHNFFEE58CC,新庄段十三小段,.00,都市：商,,,,14910000
RPPQMLLJOHNFFEE48CC,菜公段六小段,.00,都市：住,,,,10800000
RPOQMLLJOHNFFEE38CC,菜公段六小段,.00,都市：住,,,,10160000
RPUPMLLJOHNFFEE88CC,清豐段,.00,都市：住,,,,02270520
RPSNMLLJOHNFFAE08CC,龍華段八小段,6.02,都市：住,,,,24090000
RPUNMLLJOHNFFDE58CC,大港段五小段,88.29,都市：商,,,,08740000
RPPNMLMJOHNFFBE97CC,意誠段,.00,都市：商,,,,01990000
RPQNMLMJOHNFFAE97CC,青海段,9.49,都市：住,,,,06360000
RPQNMLMJOHNFFBE08CC,意誠段,.00,都市：商,,,,01990000
RPTNMLLJOHNFFAE18CC,博孝段,5.69,都市：商,,,,12340000
RPTNMLMJOHNFFDE58CC,獅頭段,75.00,都市：住,,,,23950000
RPSNMLMJOHNFFDE48CC,建民段,19.88,都市：住,,,,07630000
RPRNMLMJOHNFFBE18CC,意誠段,.00,都市：商,,,,01990000
RPUNMLMJOHNFFDE68CC,獅頭段,75.00,都市：住,,,,23590000
RPXNMLMJOHNFFDE98CC,覆鼎金段覆鼎金小段,.00,都市：住,,,,13260016
RPPNMLMJOHNFFJE78CC,大仁段,923.57,都市：工,,,,05820001
RPPNMLMJOHNFFIE68CC,竹園段,238.00,都市：農,,,,15560036
RPROMLOJOHNFFCE58CC,鎮昌段,40.93,都市：住,,,,02930000
RPRNMLNJOHNFFCE38CC,港墘段,24.00,都市：住,,,,04660000
RPVOMLOJOHNFFFE66CC,下竹圍段,93.73,都市：其他:市場用地,,,,00390053
RPRNMLOJOHNFFDE58CC,水源段,.00,都市：住,,,,05610001
RPPNMLOJOHNFFCE28CC,愛群段,.00,非都市： ; 非都市編定：,,,,24590000
RPUNMLOJOHNFFDE88CC,三塊厝段一小段,15.71,都市：商,,,,10850001
RPPNMLOJOHNFFJE98CC,大同段,465.09,都市：工,,,,03520009
RPQNMLOJOHNFFEE58CC,翠屏段四小段,25.52,都市：住,,,,00040000
RPQNMLOJOHNFFDE48CC,大港段四小段,.00,都市：商,,,,31500000
RPTNMLOJOHNFFEE88CC,新民段,100.30,都市：住,,,,02360014
RPVNMLOJOHNFFEE09CC,興隆段,73.00,都市：住,,,,08710135
RPTPMLOJOHNFFEE09CC,果貿段,8.58,都市：住,,,,00060000
RPTNMLOJOHNFFBE58CC,過田子段,.00,都市：商,,,,11360000
RPSNMLOJOHNFFBE48CC,成功段,.00,都市：商,,,,07030000
RPTOMLOJOHNFFBE68CC,過田子段,63.00,都市：商,,,,05970000
RPOOMLOJOHNFFAE08CC,龍北段,10.26,都市：住,,,,00170000
RPUOMLOJOHNFFEE09CC,新庄段一小段,.00,都市：住,,,,11820013
RPWNMLOJOHNFFBE88CC,新興段四小段,.00,都市：商,,,,16770000
RPWNMLOJOHNFFBE88CC,新興段四小段,.00,都市：商,,,,16780000
RPSNMLOJOHNFFAE38CC,青海段,.00,都市：住,,,,06220000
RPPOMLOJOHNFFAE18CC,龍華段八小段,.00,都市：商,,,,23810003
RPUNMLPJOHNFFAE68CC,青海段,9.95,都市：住,,,,03670000
RPROMLOJOHNFFAE38CC,龍華段九小段,16.20,都市：住,,,,09620000
RPOOMLPJOHNFFAE18CC,龍華段八小段,.00,都市：住,,,,23670000
RPWNMLPJOHNFFAE88CC,前金段,.00,非都市： ; 非都市編定：,,,,00870001
RPPNMLPJOHNFFBE28CC,過田子段,11.84,都市：住,,,,10410000
RPSNMLPJOHNFFAE48CC,內惟段七小段,81.00,都市：商,,,,04100000
RPQNMLPJOHNFFBE38CC,武聖段,59.00,都市：住,,,,11330000
RPVNMLPJOHNFFBE88CC,林德官段,.00,都市：商,,,,13480000
RPVNMLPJOHNFFAE78CC,文東段,128.00,都市：商,,,,03470000
RPXNMLPJOHNFFBE09CC,福東段,64.00,都市：商,,,,00660000
RPXNMLPJOHNFFBE09CC,福東段,5.00,都市：商,,,,00620000
RPXNMLPJOHNFFBE09CC,福東段,4.00,都市：商,,,,00630000
RPUOMLPJOHNFFBE88CC,成功段,.00,都市：商,,,,05470000
RPUOMLPJOHNFFBE88CC,成功段,.00,都市：商,,,,05480000
RPUNMLPJOHNFFDE98CC,陽明段二小段,83.00,都市：住,,,,01460000
RPUNMLPJOHNFFDE98CC,陽明段二小段,84.00,都市：住,,,,01460001
RPWNMLPJOHNFFEE66CC,福山段,.00,都市：住,,,,01460000
RPQOMLPJOHNFFDE68CC,大港段六小段,.00,都市：商,,,,06410000
RPOOMLPJOHNFFEE58CC,和平段五小段,.00,都市：住,,,,01020000
RPQNMLPJOHNFFLE76CC,六合段,.71,都市：住,,,,10080000
RPQNMLPJOHNFFLE76CC,六合段,15.69,都市：住,,,,10160000
RPQNMLPJOHNFFLE76CC,六合段,1.08,都市：住,,,,10100000
RPQNMLPJOHNFFLE76CC,六合段,.84,都市：其他:,,,,10090000
RPQNMLPJOHNFFLE76CC,六合段,.93,都市：其他:,,,,10170000
RPQNMLPJOHNFFLE76CC,六合段,.16,都市：其他:,,,,10280000
RPWNMLPJOHNFFEE66CC,福山段,.00,都市：住,,,,01500003
RPQNMLPJOHNFFLE76CC,六合段,.31,都市：住,,,,10190000
RPOOMLPJOHNFFDE48CC,大順段,9.52,都市：商,,,,08720000
RPSNMLPJOHNFFFE98CC,興樹段,77.87,都市：住,,,,09530000
RPXNMLPJOHNFFDE66CC,建豐段,89.00,都市：商,,,,08200000
RPQNMLPJOHNFFCE48CC,店鎮段一小段,4.51,都市：住,,,,11680000
RPQNMLPJOHNFFCE48CC,店鎮段一小段,4.61,都市：住,,,,13180000
RPXNMLPJOHNFFGE96CC,文英段,128.00,都市：商,,,,05890000
RPOOMLQJOHNFFGE88CC,牛潮埔段,26.07,都市：住,,,,06080002
RPROMLQJOHNFFGE56CC,五甲段,71.00,都市：住,,,,11190004
RPTNMLQJOHNFFGE66CC,新庄子段,7.49,都市：住,,,,02340008
RPTNMLQJOHNFFIE86CC,大昌段,35.72,都市：住,,,,00660000
RPPOMLQJOHNFFEE78CC,福山段,7.69,都市：商,,,,05450000
RPSPMLQJOHNFFGE76CC,道爺?段,86.00,都市：住,,,,01340044
RPUNMLQJOHNFFDE09CC,大港段三小段,63.00,都市：商,,,,06970002
RPQOMLQJOHNFFGE09CC,田中央段,82.66,都市：住,,,,00010102
RPUOMLQJOHNFFDE56CC,中都段四小段,57.08,都市：住,,,,01460000
RPOOMLQJOHNFFAE28CC,龍華段一小段,30.14,都市：住,,,,07640000
RPPOMLQJOHNFFBE48CC,過田子段,64.00,都市：商,,,,11870006
RPQOMLQJOHNFFBE58CC,大統段二小段,152.00,都市：商,,,,11330000
RPQOMLQJOHNFFBE58CC,大統段二小段,3.00,都市：其他:道路用地,,,,11330001
RPTNMLRJOHNFFAE78CC,龍華段八小段,.00,都市：商,,,,21920000
RPPOMLQJOHNFFAE38CC,前金段,22.55,都市：商,,,,04170001
RPUNMLRJOHNFFAE88CC,文東段,1.84,都市：商,,,,03610000
RPVNMLRJOHNFFAE98CC,龍華段八小段,11.54,都市：商,,,,21900000
RPQNMLRJOHNFFBE58CC,福東段,20.00,都市：商,,,,02100000
RPQNMLRJOHNFFBE58CC,福東段,48.00,都市：商,,,,02110000
RPROMLRJOHNFFBE78CC,意誠段,.00,都市：商,,,,02000000
RPQNMLRJOHNFFBE58CC,福東段,18.00,都市：商,,,,02120000
RPQNMLRJOHNFFBE58CC,福東段,41.00,都市：商,,,,02130000
RPQNMLRJOHNFFBE58CC,福東段,18.00,都市：商,,,,02140000
RPQNMLRJOHNFFBE58CC,福東段,41.00,都市：商,,,,02150000
RPQNMLRJOHNFFBE58CC,福東段,23.00,都市：商,,,,02160000
RPQNMLRJOHNFFBE58CC,福東段,48.00,都市：商,,,,02170000
RPUOMLRJOHNFFBE09CC,意誠段,.00,都市：商,,,,01990000
RPXOMLRJOHNFFBE76CC,意誠段,9.80,都市：商,,,,00430000
RPVNMLRJOHNFFDE66CC,灣內段,11.85,都市：住,,,,07670000
RPWNMLRJOHNFFEE86CC,新博段,26.31,都市：住,,,,00200000
RPSOMLRJOHNFFDE09CC,大豐段二小段,46.54,都市：住,,,,05150000
RPSOMLRJOHNFFDE09CC,大豐段二小段,2.74,都市：商,,,,05150001
RPSNMLRJOHNFFDE98CC,大港段三小段,10.52,都市：商,,,,07810000
RPSOMLRJOHNFFBE98DC,苓洲段,59.00,都市：商,,,,01770000
RPRNMLRJOHNFFGE56CC,華鳳段,33.12,都市：住,,,,00970000
RPWNMLRJOHNFFCE66CC,瑞隆段三小段,71.00,都市：住,,,,10970000
RPSOMLRJOHNFFIE96CC,北屋段,230.62,都市：住,,,,13390000
RPROMLRJOHNFFGE66CC,五甲段,47.00,都市：住,,,,12000008
RPTOMLSJOHNFFCE56CC,盛興段,62.00,都市：商,,,,04160001
RPTOMLSJOHNFFCE56CC,盛興段,62.00,都市：商,,,,04160002
RPOPMLRJOHNFFCE68CC,愛群段,85.00,都市：住,,,,22370000
RPOOMLRJOHNFFCE58CC,獅甲段,25.00,都市：商,,,,02530002
RPOOMLRJOHNFFCE58CC,獅甲段,940.00,都市：商,,,,02580000
RPSOMLRJOHNFFCE98CC,憲德段二小段,15.67,都市：商,,,,00260000
RPSNMLSJOHNFFBE98DC,苓洲段,14.88,都市：商,,,,01070000
RPSNMLSJOHNFFBE98DC,苓洲段,.24,都市：商,,,,01070001
RPUNMLSJOHNFFGE96CC,新甲段,989.00,都市：工,,,,13500085
RPQNMLSJOHNFFDE88CC,三塊厝段,76.00,都市：住,,,,11470009
RPXNMLSJOHNFFLE77CC,水廠段,495.86,都市：農,,,,01980000
RPWNMLSJOHNFFLE67CC,大寮段,15.21,都市：住,,,,25250000
RPQQMLSJOHNFFEE66CC,加昌段,.00,都市：住,,,,01810000
RPPNMLSJOHNFFEE88CC,福民段,.00,都市：住,,,,02590000
RPTNMLSJOHNFFBE98CC,意誠段,.00,都市：商,,,,01990000
RPRQMLSJOHNFFEE76CC,新庄段十三小段,.00,都市：商,,,,14670000
RPRQMLSJOHNFFEE76CC,新庄段十三小段,.00,都市：商,,,,14670001
RPRNMLSJOHNFFDE98CC,獅頭段,14.32,都市：商,,,,26770000
RPROMLSJOHNFFBE88CC,大統段一小段,.00,都市：商,,,,14050000
RPXNMLSJOHNFFBE76CC,意誠段,.00,都市：商,,,,02100000
RPQOMLSJOHNFFBE78CC,新興段一小段,74.00,都市：商,,,,06040000
RPXOMLSJOHNFFEE17CC,菜公段六小段,.00,都市：住,,,,11100000
RPQOMLSJOHNFFAE68CC,龍中段,53.58,都市：商,,,,01150000
RPWNMLLKOHNFFIE76CC,仁義段,174.50,非都市：一般農業區 ; 非都市編定：甲種建築用地,,,,08170001
RPSOMLLKOHNFFGE88CC,福誠段,24.99,都市：住,,,,00220000
RPQNMLTJOHNFFFE56CC,大公段,49.44,都市：住,,,,08000000
RPVNMLLKOHNFFCE68CC,愛群段,.00,非都市： ; 非都市編定：,,,,24590000
RPOOMLLKOHNFFCE08CC,?莊段,8.07,都市：商,,,,07210000
RPWNMLLKOHNFFBE68CC,過田子段,23.77,都市：住,,,,09060000
RPPOMLLKOHNFFCE18CC,竹北段,19.60,都市：住,,,,17040000
RPWNMLLKOHNFFAE58CC,青海段,19.79,都市：住,,,,05520000
RPRNMLLKOHNFFBE18CC,新興段四小段,.00,非都市： ; 非都市編定：,,,,01210000
RPQPMLLKOHNFFEE58CC,新庄段八小段,.00,非都市： ; 非都市編定：,,,,00490000
RPUOMLLKOHNFFDE78CC,有光段,29.03,都市：住,,,,01830000
RPVNMLMKOHNFFDE88CC,大港段,18.80,都市：商,,,,35650000
RPROMLMKOHNFFEE68CC,新庄段十二小段,201.00,都市：住,,,,10510000
RPQOMLMKOHNFFEE58CC,新庄段六小段,.00,都市：住,,,,08630000
RPUNMLMKOHNFFDE78CC,鼎中段,11.82,都市：商,,,,04070000
RPTNMLMKOHNFFDE68CC,獅頭段一小段,.00,都市：商,,,,16940000
RPWRMLMKOHNFFEE86CC,福山段,.00,都市：商,,,,03060000
RPSQMLMKOHNFFEE98CC,新庄段十三小段,3.27,都市：商,,,,14930000
RPROMLMKOHNFFBE38CC,過田子段,8.70,都市：商,,,,10830000
RPURMLMKOHNFFEE66CC,菜公段二小段,.00,都市：工,,,,04230075
RPUOMLMKOHNFFEE98CC,新庄段一小段,.00,都市：住,,,,07550000
RPVRMLMKOHNFFEE76CC,新庄段一小段,.00,都市：住,,,,07890000
RPVNMLMKOHNFFBE68CC,意誠段,.00,都市：商,,,,01990000
RPTNMLMKOHNFFAE38CC,興福段,7.25,都市：住,,,,00050000
RPTNMLMKOHNFFAE38CC,興福段,4.91,都市：住,,,,00050001
RPVNMLMKOHNFFCE78CC,獅甲段,.30,都市：商,,,,03300000
RPVNMLMKOHNFFCE78CC,獅甲段,.97,都市：商,,,,03310000
RPQNMLMKOHNFFCE28CC,盛興段,.00,都市：商,,,,04380000
RPQOMLMKOHNFFGE78CC,文英段,18.81,都市：住,,,,16780000
RPRNMLMKOHNFFGE78CC,赤山段,10.38,都市：商,,,,07280000
RPPOMLMKOHNFFGE68CC,七老爺段一甲小段,10.00,都市：住,,,,00580010
RPPOMLMKOHNFFGE68CC,七老爺段一甲小段,148.00,都市：住,,,,00580008
RPRNMLMKOHNFFFE68CC,文化段,.00,都市：住,,,,06390000
RPWNMLMKOHNFFFE56CC,仕隆段一小段,101.02,都市：住,,,,15020000
RPXNMLMKOHNFFFE66CC,文化段,182.00,都市：住,,,,07840000
RPQNMLNKOHNFFFE68CC,代天府段,296.07,非都市：工業區 ; 非都市編定：丁種建築用地,,,,01010000
RPWNMLNKOHNFFBE98DC,正明段,67.80,都市：商,,,,05330000
RPWNMLNKOHNFFBE98DC,正明段,9.13,都市：其他:,,,,05330001
RPSNMLNKOHNFFFE88CC,後壁田段,28.39,都市：住,,,,00930001
RPUNMLNKOHNFFCE78CC,愛群段,.00,都市：商,,,,29490000
RPQOMLNKOHNFFCE48CC,愛群段,5.94,都市：商,,,,24590000
RPOOMLNKOHNFFCE28CC,愛群段,.00,都市：商,,,,28060000
RPOOMLNKOHNFFCE28CC,愛群段,.00,都市：商,,,,28070000
RPTOMLNKOHNFFCE78CC,竹北段,27.55,都市：住,,,,17040000
RPSOMLNKOHNFFAE48CC,龍華段八小段,8.03,都市：商,,,,23010000
RPTNMLNKOHNFFAE48CC,北金段,3.05,都市：商,,,,11340000
RPPOMLNKOHNFFAE18CC,青海段,21.25,都市：住,,,,03550002
RPSNMLNKOHNFFBE48CC,成功段,5.19,都市：商,,,,02990000
RPVNMLNKOHNFFAE68CC,龍華段八小段,8.42,都市：商,,,,22100000
RPUOMLNKOHNFFAE68CC,前金段,7.03,都市：商,,,,00470000
RPTOMLNKOHNFFAE58CC,龍中段,1174.03,都市：商,,,,00010000
RPROMLNKOHNFFAE38CC,青海段,19.45,都市：商,,,,02140001
RPPNMLNKOHNFFBE18CC,過田子段,.00,都市：商,,,,04770004
RPPOMLNKOHNFFBE28CC,五權段,94.00,都市：住,,,,07920000
RPTNMLNKOHNFFEE88CC,翠屏段一小段,8.37,都市：住,,,,00010000
RPQOMLNKOHNFFBE38CC,苓洲段,4.42,都市：商,,,,05420000
RPQSMLNKOHNFFEE09CC,藍田中段,.00,都市：商,,,,02530000
RPSNMLNKOHNFFEE78CC,新福段七小段,11.13,都市：住,,,,00050000
RPUPMLNKOHNFFEE56CC,新福段七小段,11.55,都市：住,,,,00040000
RPURMLNKOHNFFEE76CC,新庄段一小段,15.27,都市：其他:市場用地,,,,12720000
RPUSMLNKOHNFFEE86CC,福山段,8.78,都市：商,,,,03420000
RPUSMLNKOHNFFEE86CC,福山段,7.29,都市：商,,,,03420000
RPRSMLNKOHNFFEE56CC,新庄段十三小段,6.21,都市：商,,,,15090000
RPQNMLNKOHNFFDE48CC,獅頭段,.00,都市：商,,,,26560003
RPOOMLNKOHNFFDE38CC,鼎泰段,.00,都市：住,,,,14740082
RPPNMLOKOHNFFCE38CC,愛群段,19.21,都市：商,,,,24630000
RPRNMLOKOHNFFBE48CC,意誠段,55.84,都市：商,,,,01850000
RPPNMLOKOHNFFEE58CC,新庄段十三小段,.00,都市：商,,,,15090000
RPTNMLOKOHNFFAE58CC,龍華段一小段,.00,都市：住,,,,08600000
RPWNMLOKOHNFFDE56CC,覆鼎金段覆鼎金一小段,.00,都市：住,,,,05780000
RPVNMLOKOHNFFDE09CC,覆鼎金段覆鼎金小段,.00,都市：住,,,,16390000
RPVNMLOKOHNFFDE09CC,鼎泰段一小段,.00,都市：住,,,,11010000
RPUNMLNKOHNFFDE88CC,建豐段,5.80,都市：商,,,,08280000
RPVRMLOKOHNFFEE96CC,新庄段十三小段,6.24,都市：商,,,,14450000
RPTNMLOKOHNFFBE68CC,新興段二小段,6.61,都市：商,,,,12760000
RPXNMLOKOHNFFGE96CC,文山段,38.06,都市：住,,,,05380000
RPPOMLOKOHNFFGE88CC,文山段,10.80,都市：住,,,,08970000
RPRNMLPKOHNFFLE96CC,後庄段,24.58,都市：住,,,,12360000
RPUOMLOKOHNFFBE98DC,意誠段,12.07,都市：商,,,,01860000
RPTNMLPKOHNFFCE88CC,愛群段,2.41,都市：商,,,,29490000
RPQOMLOKOHNFFGE98CC,新庄子段,78.97,都市：住,,,,02300005
RPROMLOKOHNFFGE09CC,新庄子段,79.00,都市：住,,,,02300052
RPSOMLPKOHNFFGE66CC,赤山段,52.00,都市：住,,,,05510030
RPSOMLPKOHNFFGE66CC,赤山段,73.00,都市：住,,,,05510037
RPSOMLPKOHNFFIE86CC,仁雄段,348.71,都市：住,,,,04690000
RPQNMLPKOHNFFFE88CC,文化段,12.00,都市：住,,,,07850000
RPTNMLOKOHNFFDE98DC,大港段,.00,都市：商,,,,35650000
RPQNMLPKOHNFFFE88CC,文化段,182.00,都市：住,,,,07840000
RPRNMLPKOHNFFGE09CC,新甲段,104.00,都市：住,,,,12470255
RPQNMLPKOHNFFBE48CC,過田子段,.00,都市：商,,,,05880011
RPQOMLPKOHNFFBE58CC,意誠段,.00,都市：商,,,,01990000
RPQOMLPKOHNFFAE48CC,府北段五小段,13.65,都市：商,,,,01470000
RPQOMLPKOHNFFCE68CC,草衙段二小段,128.34,都市：住,,,,04990000
RPROMLPKOHNFFBE68CC,意誠段,.00,都市：商,,,,01990000
RPVOMLPKOHNFFBE09CC,林聖段,37.50,都市：住,,,,17600000
RPPOMLPKOHNFFBE48CC,意誠段,.00,都市：商,,,,01990000
RPPNMLPKOHNFFAE28CC,龍中段,.00,都市：住,,,,01950000
RPPPMLPKOHNFFBE58CC,意誠段,5.24,都市：商,,,,01990000
RPOOMLPKOHNFFBE38CC,過田子段,5.57,都市：商,,,,08980011
RPXNMLPKOHNFFEE86CC,高昌段,122.92,都市：住,,,,02730000
RPTNMLPKOHNFFEE09CC,新庄段十二小段,.00,都市：住,,,,10300000
RPTNMLPKOHNFFEE09CC,新庄段十二小段,.00,都市：住,,,,10310000
RPVNMLRKOHNFFAE09CC,龍華段八小段,9.18,都市：商,,,,24200000
RPXOMLTKOHNFFGE57CC,曹公段,454.65,都市：工,,,,01030136
RPQNMLSKOHNFFBE78CC,意誠段,.00,都市：商,,,,01990000
RPUOMLTKOHNFFGE27CC,鳳甲段,25.57,都市：住,,,,00440000
RPPNMLSKOHNFFGE56CC,鳳山段火房口小段,4.38,都市：商,,,,03010000
RPPNMLSKOHNFFGE56CC,鳳山段火房口小段,19.56,都市：商,,,,03020001
RPPNMLSKOHNFFGE56CC,鳳山段火房口小段,.06,都市：其他:道路用地,,,,03020002
RPPNMLSKOHNFFGE56CC,鳳山段火房口小段,1.00,都市：商,,,,02940000
RPPNMLSKOHNFFDE88CC,大港段三小段,74.00,都市：商,,,,07970005
RPPNMLSKOHNFFDE88CC,大港段三小段,74.00,都市：商,,,,07970004
RPVOMLTKOHNFFGE37CC,鳳甲段,25.57,都市：住,,,,00440000
RPPNMLSKOHNFFBE68CC,意誠段,.00,都市：商,,,,01990000
RPPNMLSKOHNFFAE58CC,青海段,17.72,都市：住,,,,01390000
RPTOMLTKOHNFFGE17CC,七老爺段,79.23,都市：住,,,,03220005
RPSOMLTKOHNFFCE76DC,愛群段,13.34,都市：商,,,,15490000
RPQNMLTKOHNFFCE98CC,孔宅段,.25,都市：住,,,,02580001
RPQOMLTKOHNFFBE98CC,五塊厝段,42.80,都市：商,,,,20980000
RPQNMLTKOHNFFCE98CC,孔宅段,22.75,都市：住,,,,02580000
RPQNMLTKOHNFFCE98CC,孔宅段,2.50,都市：其他:道路用地,,,,02580002
RPUNMLTKOHNFFCE76CC,盛興段,.00,都市：住,,,,15080000
RPXPMLTKOHNFFEE47CC,新光段,15.47,都市：住,,,,03210000
RPSNMLKLOHNFFAE18CC,龍華段八小段,.00,都市：商,,,,24200000
RPTNMLTKOHNFFBE56CC,成功段,.00,都市：商,,,,07030000
RPXNMLTKOHNFFEE27CC,新福段五小段,30.84,都市：住,,,,00200000
RPTNMLKLOHNFFAE28CC,青海段,.00,都市：住,,,,04920000
RPUNMLTKOHNFFAE56CC,前金段,27.19,都市：商,,,,01130009
RPTOMLKLOHNFFAE38CC,文東段,42.00,都市：商,,,,11800000
RPUOMLKLOHNFFAE48CC,大成段,18.00,都市：商,,,,02830000
RPTOMLKLOHNFFAE38CC,文東段,17.00,都市：商,,,,11810000
RPUOMLKLOHNFFAE48CC,大成段,84.00,都市：商,,,,02860000
RPWNMLTKOHNFFAE76CC,龍華段八小段,10.43,都市：商,,,,22540000
RPVNMLKLOHNFFBE58CC,成功段,98.00,都市：商,,,,00040000
RPSNMLKLOHNFFBE28CC,林德官段一小段,52.00,都市：商,,,,26010000
RPQNMLKLOHNFFEE38CC,福山段,10.70,都市：商,,,,02960000
RPRNMLKLOHNFFEE48CC,新庄段八小段,39.16,都市：住,,,,00590000
RPQOMLKLOHNFFBE18CC,成功段,.00,都市：商,,,,07080000
RPXNMLKLOHNFFDE98CC,大港段六小段,83.00,都市：商,,,,05630037
RPPNMLKLOHNFFDE18CC,三塊厝段三小段,.00,都市：住,,,,35860000
RPXNMLKLOHNFFIE86CC,竹園段,8713.00,都市：工,,,,13420000
RPQNMLKLOHNFFDE28CC,建民段,84.23,都市：住,,,,07380031
RPXNMLKLOHNFFEE09CC,藍田中段,67.57,都市：住,,,,01390000
RPQNMLKLOHNFFIE88DC,新後港西段,88.11,都市：住,,,,00690026
RPSNMLKLOHNFFGE88DC,埤頂段,68.00,都市：住,,,,12390104
RPROMLKLOHNFFCE38CC,獅甲段,.00,都市：住,,,,00290000
RPSNMLKLOHNFFIE09DC,新後港西段,88.11,都市：住,,,,00690026
RPPPMLLLOHNFFGE78CC,五甲段,.00,都市：住,,,,11500035
RPTPMLLLOHNFFEE98CC,左東段,11.87,都市：住,,,,05260000
RPSOMLKLOHNFFCE48CC,獅甲段,.00,都市：住,,,,00290000
RPTNMLLLOHNFFGE98CC,大貝湖段,691.35,都市：住,,,,01040000
RPWPMLLLOHNFFEE66CC,新光段,155.39,都市：商,,,,03700000
RPSNMLLLOHNFFBE38CC,過田子段,.00,都市：商,,,,05450008
RPSNMLLLOHNFFBE38CC,過田子段,.00,都市：商,,,,05450010
RPPOMLLLOHNFFEE48CC,新庄段二小段,71.00,都市：商,,,,07940050
RPXNMLLLOHNFFDE09CC,獅頭段,3.60,都市：商,,,,23190000
RPUNMLLLOHNFFBE58CC,苓雅寮段,72.00,都市：住,,,,05350004
RPXNMLLLOHNFFBE88CC,意誠段,.00,都市：商,,,,01990000
RPOOMLLLOHNFFBE08CC,意誠段,.00,都市：商,,,,01990000
RPWNMLLLOHNFFBE78CC,意誠段,.00,都市：商,,,,01990000
RPXNMLLLOHNFFAE78CC,青海段,.00,都市：其他:第三種特定商業專用區,,,,02040000
RPTOMLLLOHNFFBE58CC,正福段,100.68,都市：商,,,,06280000
RPOOMLLLOHNFFAE97CC,青海段,24.28,都市：住,,,,06800000
RPQNMLMLOHNFFAE18CC,龍華段三小段,32.00,都市：住,,,,09450000
RPROMLLLOHNFFBE38CC,過田子段,.00,都市：商,,,,05880011
RPOOMLMLOHNFFAE08CC,青海段,24.28,都市：住,,,,06800000
RPOOMLMLOHNFFAE08CC,青海段,24.83,都市：住,,,,06800000
RPOOMLMLOHNFFAE08CC,青海段,29.24,都市：住,,,,06800000
RPPOMLMLOHNFFAE18CC,龍華段八小段,5.73,都市：商,,,,22820000
RPQOMLMLOHNFFAE28CC,龍中段,26.28,都市：住,,,,01660000
RPXNMLMLOHNFFAE88CC,龍中段,.00,都市：商,,,,01120000
RPOQMLMLOHNFFEE68CC,福山段,.00,都市：商,,,,05390000
RPSOMLMLOHNFFAE48CC,大榮段,18.95,都市：商,,,,06730000
RPVNMLMLOHNFFBE78CC,苓洲段,4.25,都市：商,,,,05420000
RPRNMLMLOHNFFEE68CC,新庄段一小段,73.50,都市：住,,,,11370000
RPWNMLMLOHNFFBE88CC,意誠段,.00,都市：商,,,,07270000
RPQNMLMLOHNFFEE58CC,新庄段一小段,73.50,都市：住,,,,11370000
RPORMLMLOHNFFEE78CC,新光段,.00,非都市： ; 非都市編定：,,,,02430000
RPQNMLMLOHNFFGE78CC,竹子腳段,86.26,都市：住,,,,00500124
RPRNMLMLOHNFFCE48CC,盛興段,40.00,都市：住,,,,09170000
RPSRMLMLOHNFFEE56CC,福民段,12.24,都市：住,,,,03880000
RPXPMLMLOHNFFEE96DC,新庄段一小段,137.00,都市：住,,,,02180000
RPTNMLMLOHNFFCE68CC,憲德段二小段,13.66,都市：商,,,,00260004
RPQNMLMLOHNFFDE48CC,三塊厝段三小段,68.00,都市：住,,,,36700001
RPVNMLMLOHNFFIE86CC,大華段,1968.00,都市：住,,,,06640000
RPSNMLMLOHNFFCE58CC,愛群段,52.00,都市：商,,,,28070000
RPSNMLNLOHNFFDE78CC,大港段三小段,120.00,都市：住,,,,07270005
RPSOMLMLOHNFFIE66CC,鳳松段,121.75,都市：住,,,,11850000
RPWNMLMLOHNFFIE96CC,大華段,1968.00,都市：住,,,,06640000
RPRNMLNLOHNFFBE48CC,大統段二小段,123.00,都市：商,,,,03360000
RPSNMLNLOHNFFAE48CC,東金段,59.00,都市：商,,,,11250000
RPTNMLNLOHNFFDE88CC,大豐段二小段,35.95,都市：商,,,,03150000
RPQNMLPLOHNFFAE48CC,龍中段,17.78,都市：商,,,,00650000
RPSNMLPLOHNFFBE78CC,意誠段,2.43,都市：商,,,,02000000
RPSNMLPLOHNFFBE78CC,意誠段,5.35,都市：商,,,,01850000
RPPNMLPLOHNFFDE68CC,中華段二小段,6.36,都市：商,,,,14670000
RPXNMLPLOHNFFDE86CC,大港段四小段,13.70,都市：商,,,,33370000
RPQOMLPLOHNFFBE68CC,新興段一小段,9.89,都市：商,,,,17560000
RPRPMLPLOHNFFEE56CC,新庄段十三小段,6.55,都市：商,,,,15090000
RPSNMLPLOHNFFLE17CC,翁公園段,310.00,都市：工,,,,41050001
RPSNMLPLOHNFFLE17CC,翁公園段,1310.00,都市：工,,,,41060000
RPQOMLPLOHNFFGE56CC,大貝湖段,.00,都市：住,,,,01330000
RPWQMLPLOHNFFEE17CC,福民段,11.68,都市：住,,,,01810000
RPUNMLPLOHNFFLE37CC,赤崁段潮州寮小段,1908.00,都市：農,,,,54240000
RPQNMLQLOHNFFLE07CC,翁公園段,3009.00,都市：農,,,,31050002
RPUOMLPLOHNFFCE56CC,愛群段,4.51,都市：商,,,,24590000
RPRNMLQLOHNFFJE96CC,聖母段,80.22,都市：住,,,,10460000
RPRNMLQLOHNFFCE88CC,店子後段,.00,都市：商,,,,10100000
RPWNMLQLOHNFFIE37CC,保安段,185.50,都市：住,,,,08460000
RPTNMLQLOHNFFIE07CC,澄德段,10.46,都市：商,,,,00640000
RPSRMLQLOHNFFEE96CC,新庄段十三小段,8.21,都市：商,,,,14450000
RPPNMLQLOHNFFBE58CC,林德官段二小段,.00,都市：商,,,,33490000
RPPNMLQLOHNFFBE58CC,林德官段二小段,.00,都市：住,,,,33520000
RPPNMLQLOHNFFBE58CC,林德官段二小段,.00,都市：商,,,,33520003
RPROMLQLOHNFFBE88CC,大統段二小段,265.00,都市：商,,,,02140000
RPPOMLQLOHNFFBE68CC,林德官段二小段,.00,都市：商,,,,34770005
RPQOMLQLOHNFFAE68CC,龍華段八小段,9.92,都市：商,,,,23830000
RPSOMLQLOHNFFBE98CC,新興段四小段,5.72,都市：商,,,,11980000
RPSOMLQLOHNFFAE88CC,青海段,48.33,都市：住,,,,05580000
RPROMLQLOHNFFAE78CC,龍中段,6.99,都市：商,,,,01120000
RPOOMLQLOHNFFAE48CC,龍中段,19.96,都市：商,,,,00360000
RPSNMLRLOHNFFEE66CC,新庄段十三小段,.00,都市：住,,,,14140000
RPSNMLRLOHNFFGE86CC,五甲段,33.87,都市：住,,,,14570000
RPWNMLRLOHNFFEE07CC,加昌段一小段,73.00,都市：其他:,,,,19040000
RPRNMLSLOHNFFGE86CC,竹子腳段,89.00,都市：商,,,,02230184
RPQOMLSLOHNFFCE09CC,憲德段二小段,.00,都市：商,,,,00160020
RPPOMLSLOHNFFGE76CC,新甲段,.00,都市：住,,,,13230150
RPVNMLSLOHNFFIE47CC,育才段,.00,都市：住,,,,03160000
RPTNMLSLOHNFFEE86CC,清豐段,87.57,都市：住,,,,01670027
RPRNMLSLOHNFFEE66CC,清豐段,77.24,都市：住,,,,01330011
RPSNMLSLOHNFFDE66CC,大裕段一小段,22.77,都市：住,,,,01500000
RPRNMLSLOHNFFAE88CC,龍水段一小段,179.50,都市：住,,,,11970000
RPSNMLSLOHNFFAE98CC,龍水段一小段,179.50,都市：住,,,,11970001
RPROMLTLOHNFFBE56CC,意誠段,8.02,都市：商,,,,07270000
RPSOMLSLOHNFFDE76CC,建豐段,54.00,都市：住,,,,00750000
RPSOMLSLOHNFFDE76CC,建豐段,8.00,都市：住,,,,00760000
RPOOMLSLOHNFFBE78CC,過田子段,.00,都市：商,,,,11800000
RPUNMLTLOHNFFAE66CC,青海段,3572.04,都市：住,,,,01570000
RPROMLTLOHNFFAE09CC,龍中段,540.93,都市：住,,,,01730000
RPPOMLTLOHNFFBE98CC,苓東段,9.00,都市：商,,,,05270000
RPXNMLTLOHNFFBE07CC,五塊厝段,.00,都市：商,,,,20670000
RPSOMLTLOHNFFAE56CC,龍中段,16.93,都市：住,,,,02390000
RPTOMLTLOHNFFDE96CC,中都段四小段,37.24,都市：住,,,,01380000
RPWPMLTLOHNFFDE37CC,建昌段,84.00,都市：住,,,,01060000
RPWNMLTLOHNFFDE17CC,大港段二小段,.00,都市：住,,,,14450007
RPUNMLTLOHNFFEE07CC,新庄段一小段,.00,都市：住,,,,07550000
RPOOMLTLOHNFFIE96CC,林內段,1302.00,都市：住,,,,05200000
RPOOMLTLOHNFFIE96CC,林內段,149.00,都市：住,,,,05210000
RPOOMLTLOHNFFIE96CC,林內段,105.00,都市：住,,,,05230000
RPQOMLTLOHNFFGE96CC,七老爺段一甲小段,82.00,都市：商,,,,10950037
RPPNMLKMOHNFFBE08CC,意誠段,.00,都市：商,,,,01990000
RPWNMLTLOHNFFCE07CC,愛群段,5.94,都市：住,,,,24590000
RPVNMLTLOHNFFEE17CC,新庄段一小段,.00,都市：住,,,,07550000
RPRNMLKMOHNFFBE28CC,成功段,.00,都市：商,,,,02960000
RPPNMLLJPHNFFGE48CC,新甲段,57.00,都市：住,,,,12370076
RPPOMLTLOHNFFCE09CC,獅甲段,2.27,都市：住,,,,03310000
RPPOMLTLOHNFFCE09CC,獅甲段,.72,都市：住,,,,03300000
RPQNMLKMOHNFFAE08CC,龍中段,31.38,都市：商,,,,01490000
RPQNMLKMOHNFFBE18CC,意誠段,.00,都市：商,,,,01990000
RPRNMLMJPHNFFCE38CC,?莊段,161.00,都市：住,,,,06990027
RPPOMLMJPHNFFBE18CC,意誠段,.00,都市：商,,,,01990000
RPQNMLLJPHNFFGE58CC,大貝湖段,192.38,都市：住,,,,01160003
RPPNMLMJPHNFFAE97CC,青海段,138.11,都市：住,,,,05330001
RPPNMLMJPHNFFAE97CC,青海段,907.62,都市：住,,,,05340000
RPQPMLMJPHNFFGE88CC,文英段,11.56,都市：商,,,,17160000
RPTOMLMJPHNFFBE58CC,意誠段,4.81,都市：商,,,,01990000
RPQOMLMJPHNFFCE38CC,盛興段,95.00,都市：住,,,,15250003
RPSNMLMJPHNFFEE68CC,福民段,341.08,都市：住,,,,02130000
RPXOMLMJPHNFFEE66CC,新庄段六小段,17.40,都市：住,,,,01790000
RPVNMLMJPHNFFAE58CC,龍華段二小段,52.19,都市：住,,,,13380000
RPROMLMJPHNFFDE58CC,大港段二小段,91.00,都市：住,,,,11520000
RPPNMLMJPHNFFDE28CC,覆鼎金段覆鼎金一小段,.00,都市：住,,,,06280010
RPOQMLMJPHNFFEE58CC,新庄段二小段,68.19,都市：商,,,,07920000
RPWNMLNJPHNFFAE78CC,青海段,3572.04,都市：住,,,,01570000
RPQNMLNJPHNFFBE28CC,五塊厝段,.00,都市：住,,,,15690000
RPRNMLNJPHNFFBE38CC,林德官段一小段,.00,都市：住,,,,26980000
RPUNMLNJPHNFFCE78CC,愛群段,.00,都市：商,,,,17390000
RPWNMLOJPHNFFAE88CC,博孝段,7.43,都市：商,,,,12340000
RPPOMLOJPHNFFGE88CC,新甲段,18.88,都市：住,,,,10670000
RPTNMLNJPHNFFFE98CC,安西段,224.12,都市：工,,,,08690000
RPOOMLOJPHNFFGE78CC,竹子腳段,15.24,都市：住,,,,00220032
RPVNMLOJPHNFFDE09CC,獅頭段一小段,13.99,都市：商,,,,14560000
RPOOMLOJPHNFFAE18CC,龍中段,19.42,都市：商,,,,01030000
RPUNMLNJPHNFFFE09CC,安西段,219.72,都市：工,,,,07350000
RPRNMLOJPHNFFEE78CC,新庄段十三小段,3.58,都市：商,,,,14360000
RPRNMLOJPHNFFBE48CC,過田子段,.00,都市：商,,,,11360000
RPOPMLPJPHNFFDE68CC,覆鼎金段覆鼎金小段,.00,都市：住,,,,13260016
RPXOMLPJPHNFFDE86CC,覆鼎金段覆鼎金小段,.00,都市：住,,,,13260016
RPSNMLPJPHNFFBE68CC,大統段一小段,.00,都市：商,,,,10650000
RPQNMLPJPHNFFAE38CC,龍中段,94.00,都市：商,,,,01600005
RPQNMLPJPHNFFGE98CC,五甲段,23.51,都市：住,,,,18810000
RPSPMLOJPHNFFEE09CC,新庄段八小段,.00,都市：住,,,,00760006
RPWOMLPJPHNFFDE76CC,覆鼎金段覆鼎金小段,36.26,都市：住,,,,15140000
RPPOMLPJPHNFFBE48CC,大統段二小段,.00,都市：商,,,,03360000
RPPOMLPJPHNFFAE38CC,龍中段,.00,都市：商,,,,01080000
RPPNMLPJPHNFFJE56CC,聖母段,80.22,都市：住,,,,10460000
RPWNMLQJPHNFFBE56CC,新興段一小段,90.00,都市：商,,,,19680000
RPSNMLQJPHNFFAE68CC,青海段,7.75,都市：商,,,,01210000
RPSNMLQJPHNFFAE68CC,青海段,.86,都市：商,,,,01210000
RPROMLQJPHNFFBE78CC,新興段四小段,.00,都市：商,,,,09940000
RPSNMLQJPHNFFDE98CC,覆鼎金段覆鼎金一小段,.00,都市：住,,,,06280009
RPTNMLQJPHNFFAE78CC,青海段,1850.60,都市：住,,,,05950000
RPPOMLQJPHNFFBE58CC,意誠段,.00,都市：商,,,,01990000
RPRNMLQJPHNFFAE58CC,青海段,1850.60,都市：住,,,,05950000
RPPOMLQJPHNFFAE48CC,青海段,1850.60,都市：住,,,,05950000
RPTNMLQJPHNFFDE09CC,大港段,18.83,都市：住,,,,35880000
RPSQMLQJPHNFFEE76CC,新庄段八小段,.00,都市：住,,,,00760006
RPUNMLQJPHNFFDE56CC,大港段二小段,.00,都市：住,,,,14450007
RPTOMLQJPHNFFEE66CC,福山段,942.32,都市：商,,,,04810000
RPTOMLQJPHNFFEE66CC,福山段,68.13,都市：商,,,,04810001
RPUNMLRJPHNFFDE66CC,大港段五小段,84.00,都市：商,,,,08180018
RPQNMLRJPHNFFGE56CC,華鳳段,.00,都市：住,,,,01120001
RPWNMLTJPHNFFCE96CC,店子後段,70.00,都市：住,,,,10990000
RPUNMLTJPHNFFGE17CC,北門段,230.00,都市：商,,,,12430000
RPUNMLTJPHNFFCE76CC,青島段一小段,120.00,都市：住,,,,11870000
RPOOMLTJPHNFFCE88CC,憲德段二小段,.00,都市：商,,,,00260000
RPSPMLTJPHNFFDE86CC,鼎泰段,.00,都市：住,,,,13760001
RPXNMLTJPHNFFCE07CC,憲德段二小段,.00,都市：商,,,,00260001
RPPOMLTJPHNFFCE98CC,籬子內段籬子內小段,.00,都市：住,,,,11920000
RPTOMLTJPHNFFDE86CC,灣和段,107.37,都市：住,,,,00060002
RPOOMLTJPHNFFAE68CC,龍中段,.00,非都市： ; 非都市編定：,,,,01030000
RPVOMLTJPHNFFAE76CC,青海段,.00,都市：住,,,,06350000
RPTPMLTJPHNFFDE96CC,鼎泰段,.00,都市：住,,,,14740004
RPPOMLTJPHNFFEE56CC,新庄段八小段,200.00,都市：住,,,,00010008
RPOOMLTJPHNFFBE78CC,新興段四小段,38.37,都市：商,,,,07490000
RPUOMLTJPHNFFAE66CC,青海段,.00,都市：住,,,,05350000
RPPPMLTJPHNFFAE88CC,龍華段八小段,10.10,都市：商,,,,22110000
RPOOMLKKPHNFFBE97CC,新興段三小段,253.00,都市：商,,,,03250000
RPPNMLTJPHNFFBE78CC,意誠段,4.80,都市：商,,,,01990000
RPSNMLKKPHNFFAE18CC,民生段,268.00,都市：商,,,,07610000
RPUNMLKKPHNFFBE48CC,林德官段一小段,8.25,都市：商,,,,24070000
RPPNMLKKPHNFFBE97CC,林德官段一小段,12.28,都市：商,,,,32750000
RPWNMLKKPHNFFAE58CC,青海段,30.80,都市：住,,,,04510000
RPWNMLKKPHNFFBE68CC,意誠段,5.50,都市：商,,,,01990000
RPXNMLKKPHNFFAE68CC,龍中段,22.78,都市：商,,,,00280001
RPOOMLKKPHNFFAE87CC,青海段,13.03,都市：住,,,,05250000
RPSOMLKKPHNFFBE38CC,新興段二小段,.00,都市：商,,,,16610000
RPRNMLKKPHNFFDE38CC,灣內段,.00,都市：工,,,,01420222
RPRNMLKKPHNFFDE38CC,灣內段,.00,都市：工,,,,01420229
RPRNMLKKPHNFFDE38CC,灣內段,.00,都市：工,,,,01420244
RPRNMLKKPHNFFDE38CC,灣內段,.00,都市：工,,,,01420387
RPRNMLKKPHNFFDE38CC,灣內段,.00,都市：工,,,,01420396
RPRNMLKKPHNFFDE38CC,灣內段,.00,都市：工,,,,01420404
RPOOMLKKPHNFFDE18CC,鼎泰段,197.00,都市：住,,,,14010002
RPTOMLKKPHNFFDE68CC,灣志段,51.63,都市：住,,,,08430000
RPVNMLKKPHNFFCE68CC,愛群段,17.33,都市：商,,,,29550000
RPROMLKKPHNFFDE48CC,建民段,33.82,都市：商,,,,00440000
RPUNMLKKPHNFFCE58CC,愛群段,16.99,都市：商,,,,24630000
RPROMLKKPHNFFAE18CC,龍華段八小段,8.77,都市：商,,,,22100000
RPXOMLKKPHNFFCE98CC,愛群段,7.61,都市：商,,,,24590000
RPWNMLLKPHNFFJE96CC,大湖段,1154.00,都市：工,,,,22210000
RPWNMLLKPHNFFJE96CC,大湖段,94.00,都市：其他:道路用地,,,,22210002
RPWNMLLKPHNFFJE96CC,大湖段,1.00,都市：工,,,,22210003
RPQOMLKKPHNFFGE68CC,文山段,19.10,都市：住,,,,03870000
RPTOMLKKPHNFFCE58CC,憲德段一小段,.00,都市：商,,,,08260000
RPOOMLKKPHNFFGE48CC,五甲段,26.51,都市：住,,,,16050000
RPROMLLKPHNFFLE76CC,大寮段,870.00,都市：工,,,,29230000
RPROMLLKPHNFFLE76CC,大寮段,976.00,都市：工,,,,29240000
RPROMLLKPHNFFLE76CC,大寮段,762.00,都市：工,,,,29220000
RPROMLLKPHNFFLE76CC,大寮段,108.00,都市：工,,,,29220001
RPQNMLLKPHNFFGE68CC,新甲段,60.00,都市：住,,,,10710027
RPQNMLLKPHNFFGE68CC,新甲段,99.00,都市：住,,,,10710017
RPSNMLKKPHNFFIE98CC,新後港西段,442.91,都市：住,,,,01370000
RPSNMLKKPHNFFIE98CC,新後港西段,441.11,都市：住,,,,01260000
RPUOMLKKPHNFFGE09CC,文山段,10.81,都市：住,,,,08970000
RPTNMLLKPHNFFKE76CC,金瓜寮段,399.00,非都市：一般農業區 ; 非都市編定：交通用地,,,,04680016
RPTNMLLKPHNFFKE76CC,金瓜寮段,120.00,非都市：一般農業區 ; 非都市編定：交通用地,,,,04680017
RPTNMLLKPHNFFKE76CC,金瓜寮段,4984.00,非都市：一般農業區 ; 非都市編定：農牧用地,,,,04680002
RPSNMLLKPHNFFGE88CC,南華段,32.29,都市：住,,,,00180028
RPTOMLLKPHNFFCE68CC,愛群段,23.91,都市：商,,,,10810000
RPVOMLLKPHNFFDE98CC,澄清段一小段,.00,都市：住,,,,02240000
RPQNMLLKPHNFFDE38CC,獅頭段一小段,30.80,都市：商,,,,16380000
RPTOMLLKPHNFFDE78CC,有光段,.00,都市：住,,,,01800000
RPPOMLLKPHNFFEE48CC,高楠段,2.00,都市：其他:河道用地,,,,03190005
RPPOMLLKPHNFFEE48CC,高楠段,158.00,都市：其他:公園用地,,,,03190003
RPPOMLLKPHNFFEE48CC,高楠段,35.00,都市：工,,,,03190002
RPPOMLLKPHNFFEE48CC,高楠段,3527.00,都市：工,,,,03190000
RPPPMLLKPHNFFDE48CC,陽明段二小段,2532.00,都市：住,,,,00750000
RPXNMLLKPHNFFAE78CC,龍中段,.00,都市：商,,,,01100000
RPWNMLLKPHNFFAE68CC,龍華段八小段,10.49,都市：商,,,,23920000
RPOOMLLKPHNFFAE97CC,龍中段,.00,都市：商,,,,01030000
RPPOMLLKPHNFFAE08CC,內惟段一小段,.00,都市：住,,,,14280000
RPVNMLLKPHNFFBE68CC,過田子段,.00,都市：商,,,,11360000
RPRNMLLKPHNFFBE28CC,五塊厝段二小段,31.29,都市：住,,,,25550001
RPXNMLLKPHNFFBE88CC,新興段四小段,.00,都市：商,,,,16770000
RPXNMLLKPHNFFBE88CC,新興段四小段,.00,都市：商,,,,16780000
RPSNMLLKPHNFFBE38CC,意誠段,11.64,都市：商,,,,07760000
RPOOMLLKPHNFFBE08CC,意誠段,.00,都市：商,,,,01990000
RPVOMLLKPHNFFBE78CC,林德官段一小段,.00,都市：商,,,,33320000
RPWNMLLKPHNFFBE78CC,苓雅寮段,.00,都市：商,,,,05100000
RPPOMLLKPHNFFBE18CC,意誠段,.00,都市：商,,,,01990000
RPTOMLLKPHNFFBE58CC,大統段二小段,12.53,都市：商,,,,02560000
RPVOMLMKPHNFFBE88CC,新興段一小段,.00,都市：商,,,,17560000
RPTNMLMKPHNFFAE48CC,龍中段,11.98,都市：其他:空白,,,,01950000
RPQNMLMKPHNFFAE18CC,龍華段八小段,23.01,都市：商,,,,23850000
RPWOMLMKPHNFFBE98CC,過田子段,.00,都市：商,,,,11360000
RPOPMLMKPHNFFAE18CC,龍水段一小段,42.16,都市：住,,,,11490003
RPSPMLMKPHNFFEE98CC,新庄段十三小段,8.35,都市：商,,,,14290000
RPVNMLMKPHNFFEE09CC,芎蕉段,17.37,都市：住,,,,01090000
RPSNMLMKPHNFFGE98CC,牛潮埔段,444.00,都市：住,,,,01940002
RPWNMLMKPHNFFDE09CC,鼎泰段,129.96,都市：住,,,,13990000
RPPOMLMKPHNFFGE78CC,赤山段,143.00,都市：住,,,,06380012
RPUNMLMKPHNFFGE56CC,新甲段,746.00,都市：工,,,,13500070
RPRNMLMKPHNFFLE76CC,翁公園段,1310.00,都市：工,,,,41060000
RPRNMLMKPHNFFLE76CC,翁公園段,310.00,都市：工,,,,41050001
RPVOMLMKPHNFFAE88DC,東金段,12.93,都市：商,,,,02100000
RPPOMLNKPHNFFGE88CC,鳳西段,14.74,都市：住,,,,00010000
RPWNMLMKPHNFFIE07DC,新後港西段,92.33,都市：住,,,,00690006
RPXNMLNKPHNFFAE98CC,青海段,22.98,都市：住,,,,01050000
RPVNMLNKPHNFFCE98CC,憲德段二小段,18.55,都市：商,,,,00280000
RPQNMLNKPHNFFCE48CC,愛群段,15.03,都市：商,,,,23940000
RPPNMLOKPHNFFEE68CC,新民段,828.50,都市：商,,,,01480000
RPXNMLMKPHNFFIE17DC,新後港西段,92.33,都市：住,,,,00690006
RPVNMLQKPHNFFEE86CC,菜公段二小段,925.00,都市：住,,,,00750000
RPVNMLNKPHNFFAE78CC,龍中段,12.80,都市：其他:廣場用地,,,,00650000
RPVNMLNKPHNFFAE78CC,龍中段,10.66,都市：其他:廣場用地,,,,00650000
RPVNMLNKPHNFFAE78CC,龍中段,19.83,都市：其他:廣場用地,,,,00650000
RPVNMLNKPHNFFAE78CC,龍中段,13.13,都市：其他:廣場用地,,,,00650000
RPUNMLNKPHNFFBE78CC,五權段,30.46,都市：住,,,,00500000
RPWNMLQKPHNFFDE86CC,鼎泰段一小段,81.60,都市：住,,,,05390000
RPWOMLQKPHNFFEE07CC,新庄段十二小段,22.98,都市：住,,,,11510000
RPWNMLQKPHNFFAE56CC,龍華段八小段,18.34,都市：商,,,,22930000
RPQNMLQKPHNFFAE58CC,青海段,8.10,都市：住,,,,02090001
RPOQMLQKPHNFFGE66CC,大貝湖段,.00,都市：住,,,,00500011
RPXNMLQKPHNFFAE66CC,龍華段八小段,18.34,都市：商,,,,22930000
RPTPMLQKPHNFFGE07CC,文英段,7.27,都市：住,,,,21420003
RPTPMLQKPHNFFGE07CC,文英段,.17,都市：住,,,,03350000
RPTPMLQKPHNFFGE07CC,文英段,.94,都市：住,,,,03390000
RPOOMLQKPHNFFAE48CC,龍華段八小段,12.85,都市：商,,,,21920000
RPPOMLQKPHNFFAE58CC,龍華段八小段,12.85,都市：商,,,,21920000
RPRNMLQKPHNFFLE17CC,潭鳳段,12.09,都市：住,,,,08370000
RPOOMLQKPHNFFFE98CC,岡山段,73.00,都市：商,,,,02570000
RPOOMLQKPHNFFFE98CC,岡山段,92.00,都市：商,,,,02580000
RPSNMLRKPHNFFBE98CC,過田子段,74.00,都市：商,,,,11250013
RPVOMLRKPHNFFGE27CC,華鳳段,22.38,都市：住,,,,01250000
RPRNMLRKPHNFFCE98CC,愛群段,5.94,都市：住,,,,24590000
RPTPMLRKPHNFFGE17CC,五甲段,61.09,都市：住,,,,10130000
RPXNMLRKPHNFFBE86CC,過田子段,.00,都市：商,,,,11360000
RPVNMLRKPHNFFBE66CC,過田子段,.00,都市：商,,,,11360000
RPPOMLRKPHNFFBE78CC,新興段四小段,.00,都市：商,,,,16770000
RPPOMLRKPHNFFBE78CC,新興段四小段,.00,都市：商,,,,16780000
RPSNMLRKPHNFFCE09CC,店鎮段一小段,17.89,都市：住,,,,14890000
RPOOMLRKPHNFFBE68CC,過田子段,.00,都市：商,,,,11360000
RPSOMLRKPHNFFDE66CC,灣復段,6.66,都市：商,,,,00220000
RPXOMLRKPHNFFDE17CC,三塊厝段,11.02,都市：商,,,,13020000
RPUOMLRKPHNFFDE86CC,大港段二小段,111.00,都市：住,,,,11330019
RPUOMLRKPHNFFDE86CC,大港段二小段,25.00,都市：住,,,,11330023
RPXPMLRKPHNFFEE37CC,新庄段五小段,16.33,都市：住,,,,10980000
RPWNMLSKPHNFFEE17CC,新庄段十三小段,8.02,都市：商,,,,15090000
RPPNMLSKPHNFFBE78CC,新興段二小段,20.49,都市：商,,,,14390000
RPRNMLSKPHNFFEE66CC,新庄段二小段,25.69,都市：商,,,,07920000
RPTNMLSKPHNFFBE56CC,過田子段,.00,非都市： ; 非都市編定：,,,,11870006
RPSNMLSKPHNFFBE09CC,苓洲段,12.34,都市：商,,,,11960000
RPVNMLSKPHNFFBE76CC,意誠段,.00,都市：商,,,,01990000
RPUNMLSKPHNFFBE66CC,意誠段,.00,都市：商,,,,01990000
RPWOMLRKPHNFFDE07CC,三塊厝段二小段,.08,都市：商,,,,13660000
RPWOMLRKPHNFFDE07CC,中華段二小段,13.75,都市：商,,,,15410000
RPXOMLSKPHNFFBE07CC,過田子段,72.00,都市：商,,,,10820008
RPROMLSKPHNFFAE98CC,龍中段,.00,都市：商,,,,01490000
RPWOMLSKPHNFFBE96CC,新興段一小段,38.00,都市：商,,,,15590000
RPWOMLSKPHNFFBE96CC,新興段一小段,89.00,都市：商,,,,15600000
RPTOMLSKPHNFFCE76CC,愛群段,.00,都市：商,,,,29550000
RPRNMLSKPHNFFAE88CC,青海段,11.55,都市：住,,,,06650000
RPWNMLSKPHNFFCE96CC,瑞南段一小段,.00,非都市： ; 非都市編定：,,,,10480000
RPVNMLSKPHNFFAE66CC,龍中段,7.01,都市：商,,,,00110000
RPXNMLSKPHNFFCE07CC,愛群段,.00,非都市： ; 非都市編定：,,,,24590000
RPTNMLSKPHNFFCE66CC,朝興段,421.72,都市：工,,,,01460009
RPWOMLSKPHNFFGE47CC,五甲段,.00,非都市： ; 非都市編定：,,,,02960000
RPVNMLSKPHNFFGE27CC,新甲段,84.00,都市：其他:停車場用地,,,,11120037
RPWNMLSKPHNFFGE37CC,竹子腳段,23.00,都市：住,,,,00780001
RPPOMLTKPHNFFAE88CC,龍華段八小段,.00,都市：商,,,,22100000
RPRNMLTKPHNFFLE47CC,王公廟段,31.00,都市：住,,,,18860004
RPRNMLTKPHNFFLE47CC,王公廟段,331.00,都市：住,,,,18860000
RPRNMLTKPHNFFLE47CC,王公廟段,6.00,都市：住,,,,18860006
RPOPMLSKPHNFFGE76CC,文山段,16.02,都市：住,,,,08650000
RPUNMLSKPHNFFIE37CC,?埔段,934.00,都市：農,,,,13380000
RPSOMLTKPHNFFAE56CC,青海段,9.64,都市：住,,,,01010000
RPTOMLTKPHNFFGE27CC,竹子腳段,11.54,都市：住,,,,00770057
RPTOMLTKPHNFFGE27CC,竹子腳段,.17,都市：住,,,,00770071
RPXNMLTKPHNFFCE17CC,佛公段,21.19,都市：住,,,,09240000
RPPPMLTKPHNFFEE76CC,福山段,6.19,都市：商,,,,03420000
RPUOMLTKPHNFFDE07CC,灣內段,112.03,都市：工,,,,01420220
RPQOMLTKPHNFFEE76CC,新民段,.00,都市：住,,,,03760005
RPRPMLTKPHNFFEE96CC,新庄段十三小段,8.28,都市：商,,,,14450000
RPSOMLTKPHNFFEE96CC,福民段,.00,都市：住,,,,02400000
RPWOMLKLPHNFFAE78CC,龍中段,94.45,都市：其他:空白,,,,01920011
RPOPMLTKPHNFFDE56CC,大港段三小段,49.90,都市：住,,,,07180014
RPPOMLTKPHNFFDE56CC,灣華段,.00,都市：商,,,,05880000
RPPOMLTKPHNFFDE56CC,灣華段,.00,都市：商,,,,05910000
RPUNMLKLPHNFFBE58CC,林德官段二小段,60.00,都市：住,,,,34290005
RPXNMLKLPHNFFBE88CC,意誠段,7.16,都市：商,,,,01990000
RPUNMLLLPHNFFAE58CC,龍華段八小段,8.76,都市：商,,,,23010000
RPVNMLLLPHNFFAE68CC,龍中段,15.51,都市：商,,,,01120000
RPXNMLLLPHNFFAE88CC,文東段,5.29,都市：商,,,,09990000
RPWNMLLLPHNFFAE78CC,龍中段,22.20,都市：商,,,,00860000
RPRNMLLLPHNFFEE68CC,藍昌段三小段,10.58,都市：商,,,,04860000
RPWOMLNLPHNFFEE86CC,新光段,17.36,都市：住,,,,00160000
RPPPMLNLPHNFFEE88CC,左北段,29.36,都市：住,,,,10900000
RPPPMLNLPHNFFEE88CC,左北段,7.34,都市：其他:道路用地,,,,10900001
RPPPMLNLPHNFFBE58CC,林德官段,.00,都市：商,,,,14060000
RPPPMLNLPHNFFBE58CC,林德官段,.00,都市：商,,,,13550000
RPQNMLNLPHNFFDE68CC,獅頭段一小段,.00,都市：商,,,,20410001
RPRNMLNLPHNFFBE58CC,意誠段,.00,都市：商,,,,01990000
RPVNMLNLPHNFFDE66DC,覆鼎金段覆鼎金小段,88.00,都市：商,,,,13160000
RPPNMLNLPHNFFAE28CC,龍華段二小段,4.19,都市：商,,,,06300001
RPWNMLNLPHNFFGE96CC,七老爺段一甲小段,26.00,都市：其他:分區界線尚未分割,,,,12220098
RPWNMLNLPHNFFGE96CC,七老爺段一甲小段,36.00,都市：住,,,,12220063
RPXNMLNLPHNFFIE27CC,灣勢段,1892.84,都市：農,,,,05980000
RPVNMLNLPHNFFGE86CC,五甲段,.00,都市：住,,,,11400004
RPVOMLOLPHNFFCE66CC,桂林段,105.00,都市：住,,,,01870006
RPSNMLOLPHNFFIE86CC,觀音山段,514.48,都市：農,,,,04150000
RPPOMLOLPHNFFCE68CC,憲德段一小段,3.10,都市：商,,,,08040000
RPPOMLOLPHNFFCE68CC,憲德段一小段,13.88,都市：商,,,,08040000
RPPOMLOLPHNFFCE68CC,憲德段一小段,6.66,都市：商,,,,08040000
RPPOMLOLPHNFFCE68CC,憲德段一小段,1.04,都市：商,,,,08040001
RPPOMLOLPHNFFCE68CC,憲德段一小段,4.65,都市：商,,,,08040001
RPPOMLOLPHNFFCE68CC,憲德段一小段,2.23,都市：商,,,,08040001
RPUNMLOLPHNFFBE98CC,意誠段,.00,都市：商,,,,01990000
RPTNMLOLPHNFFBE88CC,意誠段,.00,都市：商,,,,01990000
RPWNMLOLPHNFFBE56CC,意誠段,.00,都市：商,,,,01990000
RPVOMLOLPHNFFBE56CC,苓洲段,5.28,都市：商,,,,05420000
RPRNMLOLPHNFFAE58CC,龍華段二小段,1125.00,都市：住,,,,05770000
RPPNMLOLPHNFFAE38CC,青海段,31.36,都市：住,,,,06590000
RPQNMLOLPHNFFAE48CC,龍北段,9.32,都市：住,,,,00070000
RPROMLOLPHNFFBE78CC,新興段二小段,56.00,都市：商,,,,06300000
RPUNMLOLPHNFFAE88CC,龍中段,15.43,都市：商,,,,01120000
RPSNMLOLPHNFFAE68CC,青海段,20.62,都市：住,,,,01050000
RPUOMLOLPHNFFBE09CC,林德官段二小段,21.51,都市：住,,,,33630005
RPQNMLOLPHNFFDE78CC,鼎泰段,.00,都市：住,,,,14740001
RPQNMLOLPHNFFEE88CC,新民段,23.44,都市：住,,,,00960000
RPSNMLOLPHNFFEE09CC,新光段,11.65,都市：住,,,,00440000
RPWNMLPLPHNFFEE96CC,新民段,.00,都市：住,,,,03680000
RPWOMLOLPHNFFEE96CC,加昌段,31.70,都市：住,,,,10800001
RPUNMLOLPHNFFEE66CC,新庄段十三小段,7.34,都市：商,,,,15090000
RPOPMLOLPHNFFEE88CC,新光段,9.98,都市：住,,,,00440000
RPXNMLPLPHNFFEE07CC,新庄段三小段,.00,非都市： ; 非都市編定：,,,,00920000
RPQNMLPLPHNFFEE98CC,新庄段十三小段,6.69,都市：商,,,,14450000
RPXNMLPLPHNFFAE66CC,青海段,19.65,都市：住,,,,04400000
RPWNMLPLPHNFFAE56CC,文東段,7.63,都市：商,,,,16130000
RPPOMLPLPHNFFAE58CC,青海段,15.65,都市：住,,,,05530001
RPROMLPLPHNFFAE78CC,青海段,.00,都市：住,,,,04910000
RPUNMLPLPHNFFBE09CC,新興段二小段,59.00,都市：商,,,,12530000
RPUOMLPLPHNFFBE56CC,過田子段,.00,都市：商,,,,09130037
RPUOMLPLPHNFFBE56CC,過田子段,.00,都市：其他:道路用地,,,,09130054
RPVNMLPLPHNFFCE66CC,竹北段,20.33,都市：住,,,,17040000
RPXNMLPLPHNFFBE76CC,林德官段一小段,70.00,都市：住,,,,20640000
RPOPMLPLPHNFFCE78CC,仁愛段,241.00,都市：工,,,,07980010
RPOPMLPLPHNFFCE78CC,仁愛段,247.00,都市：工,,,,07980011
RPTNMLPLPHNFFBE98CC,過田子段,60.00,都市：商,,,,07050008
RPPPMLPLPHNFFCE88CC,草衙段二小段,165.24,都市：住,,,,04200000
RPXNMLPLPHNFFGE27CC,新庄子段,23.82,都市：住,,,,01280002
RPVNMLPLPHNFFIE27CC,永仁段,397.62,都市：住,,,,01750000
RPSNMLPLPHNFFGE76CC,五甲段,85.00,都市：住,,,,13260039
RPQNMLQLPHNFFDE09DC,覆鼎金段覆鼎金一小段,159.00,都市：商,,,,07530000
RPROMLQLPHNFFGE86CC,五甲段,86.00,都市：住,,,,03370041
RPPNMLQLPHNFFCE78CC,瑞隆段二小段,65.00,都市：住,,,,01010011
RPQNMLQLPHNFFCE88CC,瑞隆段二小段,65.00,都市：住,,,,01010011
RPRNMLQLPHNFFBE88CC,新興段二小段,15.77,都市：商,,,,07770000
RPOOMLQLPHNFFBE68CC,新興段四小段,.00,都市：商,,,,14240000
RPTNMLQLPHNFFCE56CC,獅甲段,.00,都市：商,,,,03310000
RPTNMLQLPHNFFCE56CC,獅甲段,.00,都市：商,,,,03300000
RPVOMLQLPHNFFAE66CC,文東段,43.21,都市：商,,,,06190000
RPWNMLQLPHNFFAE66CC,龍中段,7.67,都市：商,,,,00950000
RPSOMLQLPHNFFAE98CC,龍北段,.00,都市：住,,,,00100000
RPQNMLQLPHNFFEE09CC,新庄段十二小段,.00,非都市： ; 非都市編定：,,,,11030000
RPPNMLRLPHNFFDE98CC,獅頭段,.00,都市：住,,,,26000000
RPROMLQLPHNFFEE66CC,福民段,.00,都市：住,,,,02510000
RPVNMLQLPHNFFEE96CC,福山段,13.30,都市：住,,,,05800000
RPRNMLQLPHNFFDE09CC,獅頭段一小段,33.10,都市：住,,,,19600000
RPPOMLQLPHNFFEE09CC,和平段五小段,13.11,都市：住,,,,02330001
RPSNMLRLPHNFFDE66CC,三塊厝段一小段,2.98,都市：商,,,,10850001
RPRNMLRLPHNFFEE66CC,楠梓段三小段,13.40,都市：商,,,,01220000
RPXNMLRLPHNFFDE17CC,灣內段,107.35,都市：住,,,,07280006
RPSNMLRLPHNFFAE98CC,龍華段八小段,.00,都市：商,,,,21920000
RPUNMLRLPHNFFAE56CC,青海段,64.19,都市：住,,,,00850000
RPTNMLRLPHNFFBE56CC,林德官段,237.00,都市：商,,,,15040000
RPTNMLRLPHNFFBE56CC,林德官段,89.00,都市：商,,,,15040002
RPTNMLRLPHNFFBE56CC,林德官段,147.00,都市：商,,,,15050000
RPQPMLRLPHNFFEE76CC,新庄段一小段,.00,都市：住,,,,07890000
RPUPMLRLPHNFFEE17CC,果貿段,17.50,都市：住,,,,00060000
RPPPMLRLPHNFFDE56CC,建民段,.00,都市：商,,,,03080000
RPQOMLRLPHNFFCE09CC,憲德段一小段,6.21,都市：商,,,,08040000
RPRNMLRLPHNFFIE07CC,澄合段,20.52,都市：住,,,,03060000
RPUOMLRLPHNFFBE76CC,苓洲段,4.33,都市：商,,,,05420000
RPPNMLTLPHNFFCE09CC,瑞南段一小段,83.56,都市：住,,,,10480040
RPUNMLRLPHNFFBE66CC,新興段四小段,3.30,都市：商,,,,23710000
RPUNMLRLPHNFFBE66CC,新興段四小段,16.90,都市：商,,,,23720000
RPUNMLRLPHNFFBE66CC,新興段四小段,18.30,都市：商,,,,23730000
RPVNMLRLPHNFFBE76CC,林德官段,.00,都市：商,,,,11570013
RPSNMLRLPHNFFIE17CC,澄德段,145.42,都市：商,,,,00770004
RPTNMLRLPHNFFIE27CC,仁雄段,424.83,都市：住,,,,05880000
RPPNMLTLPHNFFEE66CC,新庄段八小段,41.71,都市：住,,,,00490000
RPPNMLTLPHNFFBE98CC,大統段一小段,2.81,都市：商,,,,08560000
RPQNMLTLPHNFFEE76CC,新夏段,7.31,都市：住,,,,00050000
RPPNMLTLPHNFFAE88CC,前金段,35.87,都市：商,,,,01130011
RPQPMLKMPHNFFEE78CC,新庄段十三小段,17.93,都市：住,,,,14140000
RPUOMLKMPHNFFEE09CC,新庄段五小段,.00,都市：住,,,,10840000
RPXPMLKMPHNFFEE86CC,新庄段六小段,.00,都市：住,,,,01900000
RPXOMLKMPHNFFEE76CC,新庄段六小段,.00,都市：住,,,,08630000
RPUQMLKMPHNFFEE66CC,新庄段五小段,31.73,都市：住,,,,07170000
RPXNMLKMPHNFFDE56CC,建豐段,3.91,都市：商,,,,08280000
RPQPMLKMPHNFFDE68CC,陽明段四小段,.00,都市：住,,,,01200000
RPXRMLKMPHNFFEE07CC,福山段,12.13,都市：商,,,,02910000
RPOOMLKMPHNFFDE38CC,覆鼎金段覆鼎金小段,32.93,都市：住,,,,15140000
RPRNMLKMPHNFFAE28CC,青海段,14.76,都市：商,,,,02090000
RPSNMLKMPHNFFAE38CC,龍華段三小段,26.20,都市：住,,,,09450000
RPUNMLKMPHNFFAE58CC,龍中段,6.99,都市：住,,,,01120000
RPWNMLKMPHNFFAE78CC,東金段,19.24,都市：商,,,,06660000
RPPPMLKMPHNFFAE28CC,龍華段八小段,.00,都市：商,,,,24060000
RPOPMLKMPHNFFAE18CC,青海段,.00,都市：商,,,,01630000
RPVNMLKMPHNFFBE78CC,福東段,54.00,都市：住,,,,13060000
RPPPMLKMPHNFFBE38CC,成功段,86.00,都市：商,,,,00100000
RPTNMLKMPHNFFAE48CC,龍水段一小段,13.84,都市：商,,,,11690000
RPTNMLKMPHNFFAE48CC,龍水段一小段,20.13,都市：商,,,,11690000
RPWOMLKMPHNFFBE98CC,新興段三小段,.00,都市：商,,,,13500000
RPOOMLKMPHNFFGE68CC,曹公段,296.00,都市：工,,,,00640045
RPVNMLKMPHNFFCE88CC,愛群段,.00,都市：商,,,,10810000
RPSOMLKMPHNFFGE09CC,赤山段,8.02,都市：商,,,,07510000
RPROMLLMPHNFFCE68CC,獅甲段,24.20,都市：住,,,,02160002
RPUNMLLMPHNFFGE66CC,華鳳段,19.38,都市：住,,,,00800000
RPUNMLKMPHNFFGE56CC,保泰段,19.64,都市：住,,,,00050000
RPTOMLLMPHNFFGE66CC,文山段,212.74,都市：住,,,,08960001
RPXNMLLMPHNFFBE09CC,新興段四小段,.00,都市：商,,,,08470000
RPQPMLLMPHNFFBE58CC,意誠段,.00,都市：商,,,,07630001
RPWNMLLMPHNFFBE98CC,新興段一小段,10.56,都市：商,,,,01400004
RPSNMLLMPHNFFAE48CC,前金段,.00,都市：商,,,,01320004
RPSNMLLMPHNFFAE48CC,前金段,.00,都市：商,,,,01320048
RPOOMLLMPHNFFAE18CC,青海段,8.00,都市：住,,,,01010000
RPSNMLLMPHNFFAE48CC,前金段,.00,都市：商,,,,01320072
RPSOMLLMPHNFFAE58CC,龍中段,9.27,都市：住,,,,02210000
RPPOMLLMPHNFFAE28CC,青海段,13.46,都市：住,,,,00360000
RPWNMLLMPHNFFIE07CC,大安段,163.00,都市：住,,,,09900005
RPQOMLLMPHNFFAE38CC,內惟段八小段,19.76,都市：住,,,,04210000
RPTOMLLMPHNFFEE09CC,加昌段,11.57,都市：住,,,,01620000
RPSOMLLMPHNFFEE98CC,新庄段十二小段,20.37,都市：住,,,,10400000
RPTOMLLMPHNFFEE09CC,加昌段,14.44,都市：住,,,,01630000
RPPQMLLMPHNFFEE88CC,楠梓段一小段,76.00,都市：商,,,,01510025
RPVNMLLMPHNFFAE78CC,前金段,3.25,都市：商,,,,01080021
RPQOMLLJQHNFFAE18CC,興福段,1293.00,都市：住,,,,05620000
RPXNMLLJQHNFFAE78CC,龍華段一小段,2995.00,都市：住,,,,05200000
RPWNMLLJQHNFFFE56CC,安西段,239.46,都市：工,,,,03490000
RPTNMLLJQHNFFLE86CC,昭明段,107.32,都市：住,,,,01270000
RPSNMLLJQHNFFJE56CC,聖母段,80.22,都市：住,,,,10460000
RPTOMLLJQHNFFEE88CC,新庄段十二小段,485.00,都市：住,,,,12360000
RPUNMLLJQHNFFJE76CC,天福段,12.31,都市：工,,,,06560000
RPUNMLLJQHNFFJE76CC,天福段,226.42,都市：工,,,,06570000
RPPNMLMJQHNFFGE68CC,竹子腳段,19.80,都市：住,,,,00770057
RPROMLLJQHNFFDE68DC,建工段,138.00,都市：住,,,,00880000
RPXNMLLJQHNFFCE98CC,獅甲段二小段,12.07,都市：商,,,,05520000
RPRNMLMJQHNFFCE48CC,鳳宮段,84.00,都市：住,,,,05210015
RPOOMLLJQHNFFGE58CC,文山段,14.99,都市：住,,,,08970000
RPWNMLMJQHNFFCE98CC,憲德段二小段,.00,都市：商,,,,00260000
RPOOMLMJQHNFFGE68CC,鳳甲段,17.97,都市：住,,,,00680000
RPQNMLMJQHNFFAE18CC,府北段五小段,141.00,都市：商,,,,01810000
RPPSMLMJQHNFFEE98CC,福山段,.00,都市：住,,,,01640004
RPUPMLNJQHNFFEE66CC,福山段,199.00,都市：商,,,,03340000
RPRNMLMJQHNFFBE38CC,苓中段,.00,都市：商,,,,04310002
RPVPMLNJQHNFFEE76CC,新庄段一小段,19.79,都市：住,,,,07890000
RPTNMLNJQHNFFDE88CC,三塊厝段三小段,206.00,都市：住,,,,36910000
RPRRMLNJQHNFFEE56CC,菜公段六小段,.00,都市：住,,,,11030000
RPRNMLNJQHNFFEE78CC,新庄段二小段,.00,都市：工,,,,03310000
RPWNMLNJQHNFFBE98CC,五塊厝段,57.05,都市：商,,,,20040000
RPSOMLNJQHNFFDE88CC,覆鼎金段覆鼎金一小段,.00,都市：住,,,,06880000
RPPOMLNJQHNFFBE38CC,林德官段,9.39,都市：住,,,,11050000
RPRNMLNJQHNFFAE38CC,內惟段一小段,69.00,都市：住,,,,08580015
RPROMLNJQHNFFCE68CC,愛群段,.00,都市：商,,,,07440000
RPROMLNJQHNFFCE68CC,愛群段,.00,都市：商,,,,07540000
RPQOMLNJQHNFFAE38CC,前峰段,17.65,都市：住,,,,01830000
RPTOMLNJQHNFFAE68CC,龍中段,31.20,都市：住,,,,02050000
RPOOMLNJQHNFFIE98CC,萬金段,71.84,都市：住,,,,02110000
RPOPMLNJQHNFFGE88CC,埤頂段,.00,都市：住,,,,12430035
RPOOMLNJQHNFFCE38CC,愛群段,100.00,都市：商,,,,30150000
RPOOMLNJQHNFFCE38CC,愛群段,1299.00,都市：商,,,,30170000
RPQNMLPJQHNFFDE78CC,陽明段四小段,.00,都市：住,,,,01200000
RPOOMLQJQHNFFDE78CC,大裕段一小段,18.27,都市：住,,,,03650000
RPPNMLOJQHNFFBE38CC,新興段四小段,.04,都市：其他:道路,,,,01210002
RPPNMLOJQHNFFBE38CC,新興段四小段,5.47,都市：商,,,,01210000
RPROMLQJQHNFFDE09CC,三塊厝段四小段,83.65,都市：住,,,,23190000
RPSOMLQJQHNFFDE56CC,獅頭段,9.14,都市：住,,,,27390000
RPPPMLQJQHNFFEE09CC,清豐段,87.57,都市：住,,,,01670027
RPSOMLQJQHNFFDE56CC,獅頭段,1.57,都市：商,,,,27390001
RPTNMLQJQHNFFBE98CC,新興段三小段,4.33,都市：商,,,,00180000
RPPNMLQJQHNFFEE88CC,新博段,.00,都市：住,,,,00200000
RPOOMLQJQHNFFIE66CC,新赤山段,392.13,都市：住,,,,00910000
RPWOMLQJQHNFFBE76CC,苓洲段,80.46,都市：商,,,,16800000
RPVOMLQJQHNFFBE66CC,正昌段,128.41,都市：商,,,,08840000
RPVOMLQJQHNFFBE66CC,正昌段,17.78,都市：住,,,,08840001
RPVOMLQJQHNFFBE66CC,正昌段,78.12,都市：商,,,,08840002
RPVOMLQJQHNFFBE66CC,正昌段,10.80,都市：住,,,,08840004
RPUNMLQJQHNFFFE86CC,岡山段,85.00,都市：住,,,,03980050
RPVNMLQJQHNFFFE96CC,岡山段,85.00,都市：住,,,,03980050
RPOPMLQJQHNFFBE68CC,大統段二小段,124.00,都市：商,,,,03980000
RPROMLRJQHNFFCE09CC,瑞隆段四小段,22.72,都市：住,,,,00250000
RPPOMLRJQHNFFCE88CC,愛群段,.00,都市：商,,,,07400000
RPRNMLRJQHNFFAE78CC,龍中段,50.40,都市：住,,,,01590000
RPPOMLQJQHNFFCE78CC,愛群段,10.33,都市：商,,,,24590000
RPPNMLRJQHNFFBE68CC,新興段四小段,.00,都市：商,,,,16770000
RPPNMLRJQHNFFBE68CC,新興段四小段,.00,都市：商,,,,16780000
RPPNMLRJQHNFFAE58CC,龍中段,79.88,都市：商,,,,01300005
RPQOMLRJQHNFFAE78CC,龍水段一小段,100.00,都市：住,,,,12000013
RPROMLRJQHNFFAE88CC,青海段,6.08,都市：商,,,,02090000
RPUOMLRJQHNFFEE96CC,新庄段一小段,8.00,都市：住,,,,03120007
RPUOMLRJQHNFFEE96CC,新庄段一小段,18.00,都市：住,,,,03120008
RPUOMLRJQHNFFEE96CC,新庄段一小段,503.00,都市：住,,,,03160000
RPSNMLRJQHNFFAE88CC,龍中段,22.78,都市：商,,,,00280001
RPOOMLRJQHNFFEE98CC,新夏段,999.04,都市：住,,,,00090000
RPSOMLRJQHNFFDE66CC,大港段二小段,76.00,都市：住,,,,15540003
RPTOMLRJQHNFFDE76CC,澄東段,122.49,都市：住,,,,00920010
RPSOMLRJQHNFFDE66CC,大港段二小段,48.00,都市：住,,,,15540006
RPSNMLSJQHNFFDE66CC,澄清段二小段,31.92,都市：住,,,,00110000
RPPPMLRJQHNFFEE56CC,福山段,8.67,都市：商,,,,03420000
RPWNMLRJQHNFFDE96CC,獅頭段,162.00,都市：商,,,,22960002
RPOOMLSJQHNFFEE09CC,新庄段十三小段,6.21,都市：商,,,,14910000
RPTNMLSJQHNFFAE09CC,龍中段,12.21,都市：商,,,,01080000
RPVNMLSJQHNFFEE07CC,加昌段,11.47,都市：住,,,,00180003
RPPOMLSJQHNFFBE88CC,福河段,.00,都市：住,,,,06480000
RPROMLSJQHNFFBE09CC,新興段四小段,6.06,都市：商,,,,11980000
RPSOMLSJQHNFFBE56CC,林德官段,93.08,都市：商,,,,11720000
RPSNMLSJQHNFFCE56CC,愛群段,36.49,都市：商,,,,28910000
RPOOMLSJQHNFFAE68CC,龍華段一小段,2995.00,都市：住,,,,05200000
RPXNMLTJQHNFFGE57CC,新甲段,29.00,都市：住,,,,12270023
RPRNMLSJQHNFFJE17CC,大仁段,2179.56,都市：工,,,,06320000
RPTOMLSJQHNFFGE17CC,鳳山段火房口小段,27.82,都市：商,,,,00080002
RPTOMLSJQHNFFGE17CC,鳳山段火房口小段,1.30,都市：商,,,,00080014
RPSOMLSJQHNFFGE17DC,牛潮埔段,3290.00,都市：住,,,,15350000
RPOOMLTJQHNFFGE76CC,道爺?段,27.10,都市：住,,,,10930122
RPOOMLTJQHNFFCE98CC,愛群段,5.86,都市：住,,,,24590000
RPPNMLTJQHNFFLE27CC,赤崁段潮州寮小段,1048.00,都市：農,,,,41490000
RPSOMLTJQHNFFCE76CC,獅甲段,.31,都市：住,,,,03300000
RPSOMLTJQHNFFCE76CC,獅甲段,.97,都市：住,,,,03310000
RPSNMLTJQHNFFCE66CC,愛群段,78.75,都市：商,,,,29190000
RPVNMLTJQHNFFCE96CC,瑞南段,82.00,都市：住,,,,05660003
RPPNMLTJQHNFFBE88CC,意誠段,7.86,都市：商,,,,01990000
RPUNMLTJQHNFFBE76CC,成功段,6.47,都市：商,,,,04370000
RPUNMLTJQHNFFBE76CC,成功段,16.12,都市：商,,,,04380000
RPXNMLTJQHNFFBE07CC,成功段,12.43,都市：商,,,,02960000
RPTNMLTJQHNFFEE96CC,新庄段一小段,37.24,都市：住,,,,12510000
RPROMLTJQHNFFEE86CC,新庄段十三小段,4.76,都市：商,,,,14360000
RPSOMLTJQHNFFEE96CC,新光段,1575.15,都市：住,,,,00530000
RPQOMLTJQHNFFEE76CC,新庄段十三小段,6.38,都市：商,,,,14360000
RPTNMLTJQHNFFAE56CC,鹽國段,13.00,都市：商,,,,00920000
RPTNMLTJQHNFFAE56CC,鹽國段,47.00,都市：商,,,,00930000
RPUNMLKKQHNFFBE58CC,新興段四小段,.00,都市：商,,,,16770000
RPUNMLKKQHNFFBE58CC,新興段四小段,.00,都市：商,,,,16780000
RPTOMLTJQHNFFEE07CC,左西段,.00,都市：住,,,,13670000
RPTNMLKKQHNFFAE38CC,龍水段一小段,120.00,都市：商,,,,11770000
RPSNMLTJQHNFFDE76CC,三塊厝段一小段,3.11,都市：商,,,,10860000
