﻿編號,土地位置,土地移轉面積(平方公尺),使用分區或編定,權利人持分分母,權利人持分分子,移轉情形,地號
The serial number, land position,land shifting area square meter,the use zoning or compiles and checks,,,,land parcel
RPTOMLLKNHNFFBF48CC,泰山段一小段,26.50,都市：住,,,,06600011
RPQOMLLKNHNFFCF28CC,中央段,.00,都市：住,,,,07800000
RPXOMLLKNHNFFBF88CC,副都心段一小段,.00,都市：住,,,,01550000
RPOOMLLKNHNFFCF08CC,中正段,.00,都市：其他:捷運系統用地,,,,01650000
RPQNMLLKNHNFFHF68CC,四維段,.00,都市：住,,,,01710000
RPOOMLLKNHNFFEF28CC,公司田段,29.38,都市：住,,,,00050000
RPPOMLLKNHNFFEF38CC,新市段,20.88,都市：住,,,,02110000
RPUPMLLKNHNFFBF68CC,忠孝段,23.66,都市：住,,,,00610000
RPSOMLLKNHNFFHF98CC,盛昌段,.00,都市：其他:風景區,,,,04040000
RPUPMLLKNHNFFBF68CC,全安段,.11,都市：住,,,,11130001
RPSOMLLKNHNFFHF98CC,盛昌段,.00,都市：其他:風景區,,,,04060000
RPSOMLLKNHNFFHF98CC,錦和段,.00,都市：其他:風景區,,,,09320000
RPSOMLLKNHNFFHF98CC,盛昌段,.00,都市：住,,,,02720000
RPVOMLLKNHNFFAF58CC,頂新段,14.45,都市：住,,,,02110000
RPTNMLMKNHNFFEF78CC,新興段,6.62,都市：住,,,,06460000
RPUNMLMKNHNFFEF88CC,新興段,6.62,都市：住,,,,06460000
RPQNMLNKNHNFFDF48CC,智興段,28.76,都市：住,,,,11760000
RPXQMLOKNHNFFDF96CC,厚德段,.00,都市：住,,,,06880000
RPQNMLMKNHNFFEF48CC,海鷗段,10.66,都市：住,,,,09250000
RPPNMLMKNHNFFBF08CC,力行段,28.05,都市：商,,,,02590002
RPPNMLNKNHNFFDF38CC,智興段,.00,都市：商,,,,04410000
RPVOMLLKNHNFFIF76CC,大同段,83.00,都市：住,,,,10230004
RPVOMLLKNHNFFIF76CC,大同段,83.00,都市：住,,,,10230005
RPRNMLOKNHNFFDF68CC,昊天段,309.94,都市：工,,,,08720000
RPRNMLOKNHNFFDF68CC,同新段,9.68,都市：工,,,,00060000
RPQPMLOKNHNFFCF68CC,莊敬段,.00,都市：住,,,,00430000
RPRNMLOKNHNFFAF38CC,力行段,30.01,都市：住,,,,04080013
RPUNMLOKNHNFFAF68CC,力行段,13.95,都市：住,,,,04080013
RPPPMLOKNHNFFCF58CC,莊敬段,.00,都市：其他:市場用地,,,,07850000
RPPPMLOKNHNFFCF58CC,莊敬段,.00,都市：其他:捷運系統用地,,,,07850002
RPSNMLOKNHNFFAF48CC,學成段,.00,都市：住,,,,06680000
RPSOMLOKNHNFFBF68CC,副都心段一小段,.00,都市：商,,,,04020000
RPSSMLOKNHNFFBF09CC,貴和段,170.91,都市：工,,,,13120000
RPTNMLOKNHNFFAF58CC,力行段,26.59,都市：住,,,,04080013
RPRNMLOKNHNFFEF78CC,海天段,.00,都市：其他:( 部分工業區 部分道路用地 ),,,,05550000
RPSPMLOKNHNFFBF78CC,中原段,31.85,都市：住,,,,01800000
RPPPMLOKNHNFFHF09CC,大新段,.00,都市：住,,,,07070000
RPQNMLOKNHNFFHF98CC,水源段,.00,都市：商,,,,01780000
RPQQMLOKNHNFFIF76CC,大學段一小段,12.13,都市：住,,,,01860002
RPTOMLOKNHNFFEF09CC,中興段,35.29,都市：住,,,,09800000
RPUQMLOKNHNFFIF17CC,大學段一小段,16.18,都市：住,,,,01860002
RPPNMLPKNHNFFGF88CC,大同南段,.00,都市：住,,,,04860000
RPPPMLOKNHNFFBF58DC,光明段,27.21,都市：住,,,,02050000
RPRQMLOKNHNFFIF86CC,大學段一小段,10.86,都市：住,,,,01860002
RPXQMLOKNHNFFIF47CC,大學段一小段,17.31,都市：住,,,,01860002
RPORMLOKNHNFFIF66CC,大學段一小段,10.53,都市：住,,,,01860002
RPQNMLPKNHNFFGF98CC,大同南段,.00,都市：住,,,,04860000
RPVQMLOKNHNFFIF27CC,大學段一小段,10.20,都市：住,,,,01860002
RPPRMLOKNHNFFIF76CC,大學段一小段,15.56,都市：住,,,,01860002
RPWQMLOKNHNFFIF37CC,大學段一小段,15.56,都市：住,,,,01860002
RPTPMLPKNHNFFHF96CC,四維段,.00,都市：住,,,,01710000
RPOOMLPKNHNFFGF88CC,大智段,.00,都市：住,,,,06270000
RPTOMLPKNHNFFBF88CC,國宅段,22.74,都市：住,,,,00120000
RPRNMLPKNHNFFIF66CC,大學段二小段,23.33,都市：住,,,,00470000
RPQRMLOKNHNFFIF86CC,大學段一小段,15.56,都市：住,,,,01860002
RPXRMLPKNHNFFEF27CC,馬偕段,6.12,都市：工,,,,01960000
RPWRMLPKNHNFFBF86CC,立言段,.00,都市：住,,,,01800000
RPROMLPKNHNFFBF68CC,建林段,28.75,都市：住,,,,04890000
RPURMLPKNHNFFBF66CC,立言段,228.26,都市：住,,,,01570000
RPRNMLPKNHNFFCF68CC,中華段,.00,都市：住,,,,10050000
RPRPMLQKNHNFFAF78CC,大庭段,.00,都市：住,,,,01980000
RPPRMLQKNHNFFBF88CC,榮富段,9.00,都市：住,,,,08820001
RPQRMLQKNHNFFBF98CC,信華段二小段,9.21,都市：住,,,,00200000
RPQRMLQKNHNFFBF98CC,信華段一小段,17.25,都市：住,,,,00090000
RPRRMLQKNHNFFBF09CC,榮富段,21.39,都市：住,,,,09290000
RPXSMLQKNHNFFEF47CC,紅毛城段,.00,都市：住,,,,05330000
RPSOMLPKNHNFFBF78CC,麗林段,51.41,都市：住,,,,08030000
RPRSMLQKNHNFFEF07EC,公司田段,8.76,都市：住,,,,00890000
RPTSMLPKNHNFFAF56CC,延和段,19.80,都市：住,,,,01360000
RPOUMLRKNHNFFEF86CC,海天段,19.65,都市：住,,,,01820002
RPSNMLRKNHNFFDF09CC,昊天段,54.92,都市：工,,,,08720000
RPSNMLRKNHNFFDF09CC,同新段,1.72,都市：工,,,,00060000
RPURMLRKNHNFFBF86CC,興化段,301.34,都市：工,,,,02510000
RPRNMLQKNHNFFBF68CC,副都心段一小段,.00,都市：商,,,,04020000
RPUNMLRKNHNFFDF66CC,智興段,.00,都市：商,,,,04410000
RPQNMLSKNHNFFDF98CC,工建段,131.29,都市：工,,,,04750000
RPVSMLQKNHNFFEF27CC,海天段,.02,都市：住,,,,06420000
RPVSMLQKNHNFFEF27CC,海天段,.00,都市：住,,,,06420003
RPVSMLQKNHNFFEF27CC,海天段,2.62,都市：住,,,,06530000
RPVSMLQKNHNFFEF27CC,海天段,.19,都市：住,,,,06530004
RPVSMLQKNHNFFEF27CC,海天段,.01,都市：住,,,,06530005
RPOOMLSKNHNFFDF88CC,中正段,.00,都市：商,,,,04920000
RPPRMLSKNHNFFBF09CC,榮富段,10.44,都市：住,,,,08820000
RPSRMLSKNHNFFBF76CC,副都心段一小段,6.55,都市：商,,,,02890000
RPVOMLSKNHNFFCF86CC,惠國段,167.55,都市：工,,,,00930000
RPTRMLSKNHNFFBF86CC,光榮段,23.76,都市：住,,,,00610000
RPWRMLSKNHNFFBF17CC,副都心段一小段,23.57,都市：商,,,,00270000
RPOSMLSKNHNFFBF09CC,榮富段,18.18,都市：住,,,,08460000
RPURMLSKNHNFFBF96CC,榮富段,10.01,都市：住,,,,08500000
RPPNMLSKNHNFFDF88CC,工建段,11.31,都市：工,,,,06730000
RPWQMLSKNHNFFBF07CC,立德段,6.27,都市：住,,,,08260000
RPWOMLSKNHNFFEF17CC,新市段,16.71,都市：住,,,,00530000
RPRNMLTKNHNFFIF07CC,大學段一小段,32.88,都市：住,,,,01870001
RPQNMLTKNHNFFIF96CC,大學段一小段,10.97,都市：商,,,,00490000
RPVQMLSKNHNFFHF57CC,中原段,.00,都市：工,,,,04850000
RPTNMLTKNHNFFIF27CC,大學段一小段,32.88,都市：住,,,,01870001
RPUNMLTKNHNFFIF37CC,大學段一小段,32.88,都市：住,,,,01870001
RPVNMLTKNHNFFIF47CC,東園段,22.56,非都市：鄉村區 ; 非都市編定：乙種建築用地,,,,07630000
RPVNMLTKNHNFFIF47CC,東園段,49.98,非都市：鄉村區 ; 非都市編定：乙種建築用地,,,,07650000
RPPNMLTKNHNFFIF86CC,安溪段,3.65,都市：住,,,,14060000
RPPNMLLLNHNFFEF38CC,公司田段,17.21,都市：住,,,,00050000
RPPNMLTKNHNFFEF09CC,公司田段,15.63,都市：住,,,,01930000
RPUPMLLLNHNFFHF76CC,健康段,.00,都市：工,,,,00640000
RPRNMLKLNHNFFEF48CC,新興段,9.43,都市：住,,,,10780000
RPVPMLLLNHNFFHF86CC,國道段,.00,都市：住,,,,01240000
RPWNMLTKNHNFFIF57CC,大學段二小段,10.34,都市：商,,,,00900000
RPTOMLLLNHNFFIF66CC,大學段一小段,11.62,都市：商,,,,00520000
RPSOMLLLNHNFFHF09CC,板南段,.00,都市：工,,,,01450000
RPXQMLLLNHNFFGF07CC,興德段,.00,都市：工,,,,06800000
RPVOMLLLNHNFFGF66CC,福德南段,.00,都市：商,,,,07470000
RPVOMLLLNHNFFGF66CC,福德南段,.00,都市：住,,,,07480000
RPWOMLLLNHNFFHF86CC,保平段,.00,都市：住,,,,05830000
RPROMLLLNHNFFGF88CC,成功段,.00,都市：住,,,,09410000
RPROMLLLNHNFFGF88CC,成功段,.00,都市：住,,,,09400000
RPQPMLLLNHNFFGF88CC,重新段壹小段,.00,都市：商,,,,00560005
RPRNMLLLNHNFFBF28CC,芳洲段,.00,都市：住,,,,01550000
RPTPMLLLNHNFFGF56CC,幸福段,.00,都市：工,,,,16350000
RPQOMLLLNHNFFGF88DC,正義段,.00,都市：住,,,,06290000
RPXNMLLLNHNFFBF88CC,建國段,297.26,都市：工,,,,05300000
RPPNMLLLNHNFFAF97CC,篤行段,.00,都市：住,,,,02760000
RPUOMLLLNHNFFDF88CC,厚德段,.00,都市：住,,,,05500000
RPQNMLLLNHNFFAF08CC,大庭段,.00,都市：住,,,,02940007
RPWNMLMLNHNFFDF09CC,智興段,.00,都市：住,,,,01510000
RPQOMLMLNHNFFDF58CC,福德段,.00,都市：住,,,,13190000
RPRNMLLLNHNFFCF38CC,北宜段,.00,都市：住,,,,00360000
RPRNMLLLNHNFFCF38CC,北宜段,.00,都市：住,,,,00360004
RPRNMLLLNHNFFCF38CC,北宜段,.00,都市：住,,,,00500000
RPRNMLLLNHNFFCF38CC,北宜段,.00,都市：住,,,,00510002
RPRNMLLLNHNFFCF38CC,北宜段,.00,都市：住,,,,00530007
RPSNMLMLNHNFFDF68CC,智興段,.00,都市：商,,,,04710000
RPSNMLMLNHNFFDF68CC,智興段,.00,都市：住,,,,04760000
RPPNMLMLNHNFFBF18CC,芳洲段,.00,都市：商,,,,01410000
RPPTMLMLNHNFFAF68CC,青雲段,.00,都市：商,,,,03460000
RPXNMLMLNHNFFBF98CC,中原段,.00,都市：住,,,,03260000
RPTNMLMLNHNFFBF58CC,芳洲段,.00,都市：住,,,,01680000
RPVNMLMLNHNFFBF78CC,芳洲段,.00,都市：商,,,,01410000
RPSNMLMLNHNFFBF48CC,芳洲段,.00,都市：商,,,,01410000
RPPOMLMLNHNFFBF28CC,芳洲段,.00,都市：住,,,,00070000
RPRTMLMLNHNFFAF88CC,永寧段,.00,都市：住,,,,00180000
RPRTMLMLNHNFFAF88CC,永寧段,.00,都市：其他:道路用地,,,,00180001
RPRTMLMLNHNFFAF88CC,永寧段,.00,都市：其他:道路用地,,,,00180002
RPRTMLMLNHNFFAF88CC,永寧段,.00,都市：其他:高速公路用地,,,,00540001
RPQPMLMLNHNFFBF48CC,建林段,.00,都市：住,,,,04360000
RPWOMLMLNHNFFBF98CC,泰山段一小段,.00,都市：住,,,,06660020
RPUOMLMLNHNFFBF78CC,芳洲段,.00,都市：住,,,,00070000
RPXOMLMLNHNFFAF56EC,忠孝段,43.00,都市：住,,,,14030000
RPWQMLMLNHNFFAF66EC,樂利段,.00,都市：住,,,,09150000
RPPRMLMLNHNFFBF58CC,黎明段,21.17,都市：住,,,,13130000
RPWNMLMLNHNFFGF76CC,正義段,.00,都市：住,,,,02010000
RPWPMLMLNHNFFGF96CC,正義段,.00,都市：住,,,,00500000
RPTNMLMLNHNFFHF56CC,瓦?段,.00,都市：商,,,,02080000
RPTNMLMLNHNFFHF56CC,瓦?段,.00,都市：商,,,,02090000
RPTNMLMLNHNFFHF56CC,瓦?段,.00,都市：商,,,,02100000
RPXNMLMLNHNFFIF07CC,安溪段,31.87,都市：住,,,,05080000
RPWPMLMLNHNFFHF07CC,永利段,.00,都市：商,,,,06980000
RPPQMLMLNHNFFHF09CC,橋和段,.00,都市：工,,,,02190000
RPXPMLMLNHNFFEF86CC,淡海段,39.14,都市：住,,,,00890000
RPTQMLMLNHNFFEF56CC,公司田段,24.03,都市：住,,,,01210000
RPXPMLMLNHNFFHF17CC,大華段,.00,都市：住,,,,04550000
RPUNMLNLNHNFFEF09CC,新興段,.07,都市：住,,,,05930000
RPUNMLNLNHNFFEF09CC,新興段,27.66,都市：住,,,,05980000
RPRRMLMLNHNFFEF09CC,公司田段,.00,都市：住,,,,00500000
RPRNMLNLNHNFFHF09CC,長堤段,.00,都市：住,,,,06530000
RPOPMLNLNHNFFHF98CC,公園段,.00,都市：住,,,,03640000
RPPOMLNLNHNFFIF09CC,大學段一小段,15.70,都市：商,,,,00530000
RPORMLMLNHNFFEF78CC,水仙段,2.26,都市：住,,,,00670000
RPORMLMLNHNFFEF78CC,水仙段,.42,都市：住,,,,00670003
RPXNMLNLNHNFFGF96CC,大同南段,.00,都市：商,,,,00270000
RPSNMLNLNHNFFBF58CC,富國段,.00,都市：商,,,,02050000
RPPTMLNLNHNFFBF88CC,榮富段,.00,都市：住,,,,03960000
RPTRMLNLNHNFFGF96CC,保佑段,9.79,都市：住,,,,04340000
RPSTMLNLNHNFFBF56CC,丹鳳段,.00,都市：住,,,,04460000
RPWTMLNLNHNFFBF96CC,建林段,10.90,都市：住,,,,02910000
RPPPMLNLNHNFFAF38CC,學成段,.00,都市：住,,,,08490000
RPUNMLOLNHNFFCF98CC,中正段,.00,都市：住,,,,01650001
RPUNMLOLNHNFFCF98CC,中正段,.00,都市：其他:捷運系統用地,,,,01650000
RPUNMLOLNHNFFCF98CC,中華段,.00,都市：其他:捷運系統用地,,,,07500000
RPVSMLNLNHNFFBF76CC,丹鳳段,.00,都市：住,,,,05810000
RPWOMLOLNHNFFHF17CC,長堤段,.00,都市：住,,,,02910000
RPRNMLOLNHNFFIF66CC,大學段二小段,20.28,都市：住,,,,00100001
RPOPMLOLNHNFFHF09CC,國光段,.00,都市：住,,,,02040000
RPOPMLOLNHNFFHF09CC,國光段,.00,都市：住,,,,02130000
RPPPMLOLNHNFFHF56CC,瓦?段,.00,都市：住,,,,06410000
RPTOMLOLNHNFFHF86CC,民權段,.00,都市：住,,,,05390000
RPQPMLOLNHNFFHF66CC,保健段,.00,都市：住,,,,00790000
RPXOMLOLNHNFFHF27CC,安樂段,.00,都市：住,,,,02420000
RPXOMLOLNHNFFHF27CC,安樂段,.00,都市：住,,,,02410000
RPXOMLOLNHNFFEF96CC,新市段,.00,非都市： ; 非都市編定：,,,,01990000
RPVPMLOLNHNFFEF86CC,大義段,.00,非都市： ; 非都市編定：,,,,03110000
RPWQMLOLNHNFFEF07CC,公司田段,28.78,都市：住,,,,00580000
RPWNMLPLNHNFFEF86CC,新市段,8.06,都市：住,,,,01450001
RPQNMLPLNHNFFEF88CC,馬偕段,.00,都市：住,,,,06190000
RPROMLPLNHNFFHF76CC,仁愛段,.00,都市：住,,,,06870000
RPPOMLPLNHNFFEF88CC,淡海段,.00,都市：住,,,,00850000
RPPOMLPLNHNFFHF56CC,竹林段,.00,都市：住,,,,00790000
RPVOMLPLNHNFFEF86CC,公司田段,27.00,都市：商,,,,00890000
RPQOMLPLNHNFFHF66CC,得和段,.00,都市：住,,,,03410000
RPSNMLPLNHNFFEF09CC,新市段,34.98,都市：住,,,,02270000
RPUOMLPLNHNFFHF07CC,公園段,.00,都市：住,,,,06290000
RPWOMLPLNHNFFHF27CC,大同段,.00,都市：住,,,,01290000
RPOPMLPLNHNFFHF56CC,福祥段,.00,都市：住,,,,04660001
RPXOMLPLNHNFFHF37CC,中正段,.00,都市：住,,,,07580000
RPVRMLPLNHNFFGF37CC,興德段,197.85,都市：工,,,,00910000
RPROMLPLNHNFFCF88CC,寶橋段,.00,都市：工,,,,03650000
RPUOMLPLNHNFFCF56CC,寶強段,.00,都市：住,,,,06600000
RPSOMLPLNHNFFCF98CC,北新段,.00,都市：住,,,,04190000
RPRNMLPLNHNFFIF76CC,大學段一小段,15.01,都市：住,,,,01860002
RPSNMLQLNHNFFAF78CC,海山段,.00,都市：住,,,,06700000
RPXOMLPLNHNFFCF86CC,新和段,.00,都市：住,,,,10100000
RPRNMLQLNHNFFEF09CC,海天段,8.59,都市：住,,,,05480000
RPPOMLSLNHNFFEF56CC,海天段,20.17,都市：住,,,,01880000
RPPNMLSLNHNFFEF09CC,長興段,.00,都市：住,,,,00510000
RPPNMLSLNHNFFEF09CC,長興段,.00,都市：住,,,,00540000
RPPNMLSLNHNFFEF09CC,長興段,.00,都市：住,,,,00550000
RPPNMLSLNHNFFEF09CC,長興段,.00,都市：住,,,,00560000
RPPNMLSLNHNFFEF09CC,長興段,.00,都市：住,,,,00570000
RPPNMLSLNHNFFEF09CC,長興段,.00,都市：住,,,,00600000
RPUNMLPLNHNFFBF98CC,建林段,7.68,都市：商,,,,00160000
RPPNMLSLNHNFFEF09CC,長興段,.00,都市：住,,,,00610000
RPPNMLSLNHNFFEF09CC,長興段,.00,都市：住,,,,00620000
RPPSMLSLNHNFFEF96CC,正德段,17.31,都市：住,,,,08880000
RPQNMLQLNHNFFDF88CC,智興段,.00,都市：住,,,,13660000
RPXNMLSLNHNFFEF27CC,新興段,6.01,都市：住,,,,09030000
RPVSMLSLNHNFFEF57CC,長興段,.00,都市：住,,,,04510000
RPVSMLSLNHNFFEF57CC,長興段,.00,都市：其他:道路用地,,,,04510001
RPQNMLSLNHNFFEF56CC,長興段,.00,都市：住,,,,00510000
RPQNMLSLNHNFFEF56CC,長興段,.00,都市：住,,,,00540000
RPQNMLSLNHNFFEF56CC,長興段,.00,都市：住,,,,00550000
RPQNMLSLNHNFFEF56CC,長興段,.00,都市：住,,,,00560000
RPQNMLSLNHNFFEF56CC,長興段,.00,都市：住,,,,00570000
RPQNMLSLNHNFFEF56CC,長興段,.00,都市：住,,,,00600000
RPQNMLSLNHNFFEF56CC,長興段,.00,都市：住,,,,00610000
RPQNMLSLNHNFFEF56CC,長興段,.00,都市：住,,,,00620000
RPQQMLSLNHNFFGF07CC,仁興段,.00,都市：住,,,,23110000
RPWQMLSLNHNFFHF77CC,福祥段,.00,都市：住,,,,02460000
RPTTMLSLNHNFFEF47CC,公司田段,.00,都市：住,,,,00100000
RPTPMLSLNHNFFDF17EC,保長段,8.60,都市：住,,,,09950000
RPUPMLSLNHNFFDF27EC,保長段,6.64,都市：住,,,,09950000
RPORMLSLNHNFFHF07CC,福祥段,.00,都市：住,,,,04010000
RPSOMLSLNHNFFIF27CC,大學段二小段,14.60,都市：商,,,,00900000
RPRQMLSLNHNFFDF07EC,昊天段,.00,都市：工,,,,10860000
RPXPMLSLNHNFFDF57EC,保安段,8.69,都市：住,,,,09680000
RPXPMLSLNHNFFDF57EC,保安段,.20,都市：住,,,,09680001
RPQQMLSLNHNFFDF76CC,北峰段,.00,非都市：山坡地保育區 ; 非都市編定：丙種建築用地,,,,10590000
RPOQMLSLNHNFFAF88CC,篤行段,.00,都市：住,,,,06590000
RPSOMLSLNHNFFCF66CC,光明段,.00,都市：住,,,,01050000
RPOSMLSLNHNFFBF56CC,力行段,.00,都市：住,,,,10780000
RPPSMLSLNHNFFBF66CC,副都心段一小段,.00,都市：商,,,,02810002
RPWPMLTLNHNFFBF17CC,建林段,45.54,都市：住,,,,01900000
RPXRMLSLNHNFFBF37CC,力行段,60.96,都市：住,,,,04330000
RPSSMLSLNHNFFBF96CC,力行段,.00,都市：商,,,,02590002
RPTSMLSLNHNFFBF07CC,麗林段,.00,都市：住,,,,03110001
RPTSMLSLNHNFFBF07CC,麗林段,.00,都市：住,,,,03120000
RPQQMLTLNHNFFBF66CC,建林段,11.61,都市：住,,,,02690000
RPOOMLTLNHNFFCF98CC,大豐段,110.98,都市：其他:第四種住宅,,,,00480000
RPOOMLTLNHNFFCF98CC,大豐段,413.86,都市：其他:第四種住宅,,,,00510000
RPWOMLTLNHNFFAF96CC,港子嘴段,.00,都市：住,,,,01660000
RPQOMLTLNHNFFCF56CC,復興段,.00,都市：工,,,,05890000
RPTNMLTLNHNFFIF37CC,博愛段,.00,都市：商,,,,01230000
RPPOMLTLNHNFFCF09CC,寶元段,.00,都市：工,,,,01090000
RPXOMLTLNHNFFIF87CC,橋子頭三段,1911.08,非都市：一般農業區 ; 非都市編定：丁種建築用地,,,,04340000
RPRPMLTLNHNFFIF37CC,大學段二小段,19.54,都市：住,,,,01150000
RPOPMLTLNHNFFGF86CC,興德段,.00,都市：工,,,,09450000
RPUSMLTLNHNFFHF87CC,橋和段,.00,都市：工,,,,02190000
RPWSMLTLNHNFFHF08CC,橋和段,.00,都市：工,,,,02190000
RPOOMLTLNHNFFDF09CC,新峰段,88.50,都市：住,,,,17180000
RPWNMLTLNHNFFEF27CC,公司田段,18.10,都市：住,,,,00890000
RPUOMLTLNHNFFEF17CC,正德段,15.19,都市：住,,,,08830000
RPWQMLKMNHNFFEF76CC,海天段,16.06,都市：住,,,,02160000
RPOQMLKMNHNFFEF58CC,天生段,23.32,都市：住,,,,09940000
RPQOMLTLNHNFFEF76CC,公司田段,25.39,都市：住,,,,01880000
RPVNMLKMNHNFFGF56CC,興德段,.00,都市：工,,,,09450000
RPQNMLKMNHNFFHF78CC,連城段,28.44,都市：住,,,,05570000
RPWNMLKMNHNFFGF66CC,興德段,.00,都市：工,,,,09450000
RPQNMLKMNHNFFDF48DC,中正段,.00,都市：住,,,,13910000
RPQNMLKMNHNFFDF48DC,中正段,.00,都市：住,,,,13920000
RPXNMLKMNHNFFIF96CC,大學段一小段,17.72,都市：住,,,,00690000
RPPNMLKMNHNFFHF68CC,德光段,.00,都市：住,,,,00160000
RPPNMLKMNHNFFHF68CC,德光段,.00,都市：住,,,,00160001
RPPNMLKMNHNFFDF28CC,智興段,.00,都市：住,,,,00410000
RPTQMLKMNHNFFAF88EC,新板段二小段,16.94,都市：其他:第二種特定專用區,,,,00130000
RPRNMLKMNHNFFDF48CC,智興段,.00,都市：住,,,,07540000
RPPNMLKMNHNFFBF08CC,丹鳳段,.00,都市：住,,,,04460000
RPTNMLKMNHNFFBF48CC,中原段,.00,都市：住,,,,00870000
RPSNMLLMNHNFFDF68CC,智興段,.00,都市：商,,,,04410000
RPRNMLKMNHNFFCF38CC,順安段,.00,都市：住,,,,04610000
RPUNMLKMNHNFFBF58CC,思賢段,.00,都市：住,,,,04610000
RPUQMLLMNHNFFAF88CC,大同段,20.67,都市：住,,,,05820000
RPTNMLLMNHNFFDF78CC,智興段,.00,都市：住,,,,04790000
RPXPMLLMNHNFFHF17CC,秀峰段,.00,都市：住,,,,02810000
RPRNMLLMNHNFFIF09CC,大同段,.00,都市：商,,,,01000000
RPSNMLLMNHNFFHF09CC,健康段,.00,都市：工,,,,02580000
RPPQMLLMNHNFFHF09CC,安平段,.00,都市：住,,,,02740000
RPUOMLLMNHNFFEF09CC,新市段,22.86,都市：住,,,,00810000
RPTQMLLMNHNFFHF86CC,大同段,.00,都市：住,,,,00290000
RPQRMLLMNHNFFEF98CC,海天段,5.91,都市：住,,,,01900000
RPSNMLLJOHNFFEF58CC,正德段,17.51,都市：住,,,,08880000
RPORMLLMNHNFFEF78CC,海天段,4.68,都市：住,,,,01900000
RPRRMLLMNHNFFEF09CC,海天段,.02,都市：住,,,,06420000
RPRRMLLMNHNFFEF09CC,海天段,.00,都市：住,,,,06420003
RPRRMLLMNHNFFEF09CC,海天段,2.33,都市：住,,,,06530000
RPRRMLLMNHNFFEF09CC,海天段,.17,都市：住,,,,06530004
RPRRMLLMNHNFFEF09CC,海天段,.01,都市：住,,,,06530005
RPSRMLLMNHNFFEF56CC,新市段,8.34,都市：商,,,,01450001
RPWNMLLJOHNFFEF98CC,正德段,12.50,都市：住,,,,07440000
RPQNMLLJOHNFFEF38CC,仁愛段,3.07,都市：住,,,,00940000
RPVRMLLJOHNFFEF66CC,馬偕段,6.81,都市：工,,,,01960000
RPQRMLLJOHNFFEF78CC,馬偕段,6.81,都市：工,,,,01960000
RPXOMLLJOHNFFHF86CC,雙和段,.00,都市：住,,,,08330000
RPXNMLLJOHNFFHF76CC,永利段,.00,都市：住,,,,01540000
RPQOMLLJOHNFFHF78CC,復興段,12.71,都市：住,,,,02480000
RPWNMLLJOHNFFAF58CC,民權段,.00,都市：住,,,,02900000
RPOOMLLJOHNFFCF08CC,寶元段,32.71,都市：住,,,,08860000
RPTOMLLJOHNFFHF09CC,新和段,.00,都市：住,,,,05390002
RPOPMLLJOHNFFHF68CC,中正段,.00,都市：住,,,,04000000
RPUOMLLJOHNFFAF48CC,民權段,.00,都市：住,,,,03070000
RPTQMLLJOHNFFGF56CC,光華段,.00,都市：住,,,,03290000
RPXNMLLJOHNFFBF78CC,行政段,57.29,都市：住,,,,06930000
RPXNMLLJOHNFFBF78CC,佳林段,19.71,都市：住,,,,07340000
RPQNMLMJOHNFFIF88CC,大學段一小段,10.41,都市：住,,,,01860002
RPPNMLMJOHNFFDF28CC,新峰段,12.58,都市：住,,,,13470000
RPPNMLMJOHNFFIF78CC,大學段一小段,12.13,都市：住,,,,01860002
RPRNMLMJOHNFFDF48CC,水源段,3.51,都市：住,,,,09920000
RPRNMLMJOHNFFIF98CC,大學段一小段,15.56,都市：住,,,,01860002
RPRNMLMJOHNFFDF48CC,水源段,.00,都市：住,,,,09920001
RPRNMLNJOHNFFBF38CC,國宅段,28.55,都市：住,,,,00970001
RPPNMLMJOHNFFEF38CC,公司田段,7.14,都市：住,,,,00060000
RPPNMLNJOHNFFDF38CC,智興段,.00,都市：商,,,,04710000
RPPNMLNJOHNFFDF38CC,智興段,.00,都市：住,,,,04760000
RPUNMLOJOHNFFBF78CC,建林段,.00,都市：住,,,,04890000
RPRPMLOJOHNFFBF68CC,建林段,15.31,都市：住,,,,01440000
RPVOMLOJOHNFFBF98CC,榮和段,.00,都市：住,,,,07280000
RPVPMLOJOHNFFAF98CC,江子翠段第二崁小段,.00,都市：住,,,,01820000
RPVNMLOJOHNFFEF56CC,新市段,18.61,都市：住,,,,00870000
RPRNMLOJOHNFFAF38CC,港子嘴段,.00,都市：住,,,,01900016
RPUNMLOJOHNFFEF09CC,新市段,18.61,都市：住,,,,00870000
RPTNMLOJOHNFFEF98CC,公司田段,30.41,都市：住,,,,00100001
RPXPMLOJOHNFFEF96CC,公司田段,25.77,都市：住,,,,00050000
RPQOMLOJOHNFFDF68CC,金龍段,.00,都市：其他:風景區,,,,00060000
RPQOMLOJOHNFFDF68CC,金龍段,.00,非都市：山坡地保育區 ; 非都市編定：丙種建築用地,,,,12770000
RPQOMLOJOHNFFDF68CC,金龍段,.00,都市：其他:風景區,,,,12770001
RPQOMLOJOHNFFDF68CC,金龍段,.00,都市：其他:風景區,,,,12770002
RPTNMLOJOHNFFHF66CC,安邦段,.00,都市：住,,,,10450000
RPVOMLOJOHNFFIF07CC,民生段,3.72,都市：住,,,,06570000
RPVOMLOJOHNFFDF76EC,保長段,.00,都市：住,,,,09950000
RPSNMLOJOHNFFHF56CC,瓦?段,.00,都市：住,,,,00160000
RPUPMLPJOHNFFBF66EC,力行段,146.62,都市：住,,,,00150000
RPWOMLOJOHNFFDF86EC,保長段,3.91,都市：住,,,,09950000
RPRNMLPJOHNFFHF56CC,得和段,.00,都市：商,,,,09000000
RPRNMLPJOHNFFHF56CC,得和段,.00,都市：商,,,,09000001
RPWNMLOJOHNFFHF96CC,盛昌段,.00,都市：住,,,,01020000
RPTOMLPJOHNFFIF96CC,大學段一小段,.00,都市：住,,,,01830003
RPSOMLPJOHNFFHF76CC,中信段,.00,都市：商,,,,00380000
RPVOMLPJOHNFFHF07CC,板南段,.00,都市：工,,,,03820000
RPVOMLPJOHNFFHF07CC,板南段,.00,都市：工,,,,03820001
RPSNMLPJOHNFFEF98CC,公司田段,22.35,都市：住,,,,01930000
RPWOMLPJOHNFFHF17CC,板南段,.00,都市：工,,,,03180000
RPSSMLPJOHNFFAF09CC,新興段,.00,都市：商,,,,06730000
RPUPMLPJOHNFFEF76CC,馬偕段,5.78,都市：工,,,,01960000
RPVPMLPJOHNFFEF86CC,馬偕段,6.69,都市：工,,,,01960000
RPVNMLPJOHNFFCF09CC,莊敬段,.00,都市：住,,,,03010000
RPXNMLPJOHNFFBF56CC,登林段,.00,都市：住,,,,05500000
RPWPMLPJOHNFFEF96CC,龍米段,.00,都市：住,,,,24310000
RPSOMLPJOHNFFBF78CC,幸福段,.00,都市：工,,,,01510000
RPRNMLPJOHNFFDF78CC,新峰段,26.58,都市：住,,,,20100000
RPXPMLPJOHNFFBF76CC,榮富段,.00,都市：住,,,,06110000
RPWOMLPJOHNFFBF56CC,光明段,.00,都市：住,,,,09430000
RPXOMLPJOHNFFBF66CC,榮富段,.00,都市：住,,,,08820000
RPORMLQJOHNFFBF78CC,國宅段,49.51,都市：住,,,,01070002
RPTTMLQJOHNFFBF86CC,榮富段,10.97,都市：住,,,,09290000
RPPSMLPJOHNFFBF88CC,化成段,.00,都市：工,,,,01770000
RPQVMLQJOHNFFBF76CC,建林段,.00,都市：其他:捷運系統用地,,,,03920002
RPXTMLQJOHNFFBF27CC,忠孝段,10.37,都市：住,,,,04520000
RPXOMLQJOHNFFDF96CC,昊天段,33.69,都市：工,,,,08720000
RPXOMLQJOHNFFDF96CC,同新段,1.05,都市：工,,,,00060000
RPPNMLQJOHNFFDF68CC,水源段,.00,都市：住,,,,10360000
RPPNMLQJOHNFFDF68CC,水源段,.00,都市：住,,,,10460000
RPPQMLQJOHNFFAF68CC,中華段,48.79,都市：住,,,,07790000
RPPNMLQJOHNFFDF68CC,水源段,.00,都市：住,,,,10500000
RPPQMLQJOHNFFAF68CC,中華段,64.07,都市：住,,,,07790000
RPPNMLQJOHNFFDF68CC,水源段,.00,都市：其他:保護區,,,,10460001
RPPNMLQJOHNFFCF58CC,復興段,.00,都市：工,,,,05880000
RPSOMLQJOHNFFEF56CC,公司田段,28.85,都市：住,,,,01880000
RPVOMLQJOHNFFEF86CC,公司田段,66.35,都市：住,,,,00940000
RPUOMLQJOHNFFHF07CC,文化段,.00,都市：住,,,,05870000
RPXOMLQJOHNFFEF07CC,新市段,17.06,都市：住,,,,02040000
RPQQMLQJOHNFFHF86CC,景華段,.00,都市：住,,,,04020000
RPPPMLQJOHNFFHF66CC,永利段,.00,都市：商,,,,06250000
RPSQMLQJOHNFFHF07CC,復興段,.00,都市：住,,,,08500000
RPWPMLQJOHNFFHF37CC,景平段,.00,都市：商,,,,01830000
RPTNMLQJOHNFFEF56CC,公司田段,.00,都市：住,,,,00100000
RPTNMLQJOHNFFHF86CC,秀峰段,.00,都市：住,,,,00920000
RPVQMLQJOHNFFHF37CC,安樂段,.00,都市：住,,,,00230000
RPUOMLQJOHNFFIF17CC,大學段一小段,.00,都市：商,,,,00530000
RPQPMLRJOHNFFIF96CC,大學段一小段,10.41,都市：住,,,,01860002
RPTQMLQJOHNFFEF96DC,公司田段,27.09,都市：住,,,,00350000
RPVOMLRJOHNFFIF37CC,大學段二小段,.00,都市：住,,,,01030000
RPVSMLRJOHNFFEF37CC,正德段,1.04,都市：住,,,,07470000
RPVSMLRJOHNFFEF37CC,正德段,5.99,都市：住,,,,07480000
RPXRMLRJOHNFFEF47CC,新市段,8.12,都市：住,,,,01450001
RPSSMLRJOHNFFEF07CC,公司田段,16.36,都市：住,,,,00270001
RPOUMLRJOHNFFEF86CC,水仙段,.00,都市：商,,,,00670000
RPOUMLRJOHNFFEF86CC,水仙段,.00,都市：住,,,,00670003
RPXSMLRJOHNFFEF57CC,公司田段,27.00,都市：住,,,,00890000
RPPNMLRJOHNFFCF68CC,中正段,.00,都市：住,,,,01880000
RPPPMLRJOHNFFDF98CC,智興段,.00,都市：商,,,,05110000
RPVUMLRJOHNFFEF57CC,公司田段,14.26,都市：住,,,,00600000
RPTRMLRJOHNFFBF76CC,和平段,20.32,都市：住,,,,03850000
RPSRMLRJOHNFFBF66CC,五工段,233.61,非都市：工業區 ; 非都市編定：丁種建築用地,,,,05530001
RPVPMLRJOHNFFBF76CC,光明段,.00,都市：住,,,,13730000
RPPNMLRJOHNFFDF78CC,福德段,.00,都市：商,,,,11390000
RPQOMLRJOHNFFDF98CC,工建段,.00,都市：工,,,,00710000
RPVRMLRJOHNFFBF96CC,復興段,78.73,都市：住,,,,02450000
RPVRMLRJOHNFFBF96CC,復興段,14.86,都市：住,,,,02440000
RPWOMLRJOHNFFBF76CC,新豐段,8.00,都市：商,,,,00010000
RPOQMLRJOHNFFBF78CC,建林段,.00,都市：住,,,,04700000
RPPSMLRJOHNFFBF09CC,合鳳段,9.80,都市：住,,,,03150000
RPQSMLRJOHNFFBF56CC,新工段一小段,180.00,非都市：工業區 ; 非都市編定：丁種建築用地,,,,00070000
RPOSMLRJOHNFFBF98CC,副都心段一小段,22.28,都市：商,,,,00270000
RPRSMLRJOHNFFBF66CC,中原段,14.34,都市：住,,,,00050000
RPROMLSJOHNFFDF56CC,建成段,.00,都市：住,,,,04390000
RPPQMLSJOHNFFBF98CC,新工段一小段,.00,非都市：工業區 ; 非都市編定：丁種建築用地,,,,00050000
RPSSMLRJOHNFFBF76CC,中原段,21.49,都市：住,,,,00560000
RPWPMLSJOHNFFDF17CC,福德段,.00,都市：住,,,,05730000
RPSOMLSJOHNFFBF09CC,中泰段,187.96,都市：住,,,,12020000
RPQNMLSJOHNFFDF98CC,智興段,.00,都市：住,,,,11200000
RPXPMLSJOHNFFCF17CC,寶元段,.00,都市：住,,,,04010000
RPSTMLSJOHNFFEF27CC,新興段,.00,都市：住,,,,05830000
RPXQMLSJOHNFFEF47CC,正德段,14.11,都市：住,,,,09030000
RPVOMLSJOHNFFEF07CC,海天段,6.31,都市：住,,,,01900000
RPQPMLSJOHNFFHF96CC,橋和段,.00,都市：其他:排水溝用地,,,,02780000
RPQPMLSJOHNFFHF96CC,橋和段,.00,都市：住,,,,05080000
RPQPMLSJOHNFFHF96CC,橋和段,.00,都市：住,,,,05120000
RPQUMLSJOHNFFEF17CC,馬偕段,8.51,都市：工,,,,01960000
RPQRMLSJOHNFFAF09CC,學成段,.00,都市：住,,,,03610000
RPOPMLSJOHNFFHF76CC,橋和段,.00,都市：其他:排水溝用地,,,,02780000
RPOPMLSJOHNFFHF76CC,橋和段,.00,都市：住,,,,05080000
RPOPMLSJOHNFFHF76CC,橋和段,.00,都市：住,,,,05120000
RPPNMLSJOHNFFHF66CC,大同段,.00,都市：住,,,,00660000
RPWOMLSJOHNFFIF57CC,三福段,.00,都市：住,,,,12520000
RPQOMLSJOHNFFBF98DC,和平段,.00,都市：住,,,,07890000
RPROMLSJOHNFFBF09DC,和平段,.00,都市：住,,,,07890000
RPRNMLKKOHNFFCF28CC,安城段,19.18,都市：住,,,,11670000
RPSNMLKKOHNFFBF28CC,國宅段,153.61,都市：住,,,,00030004
RPSNMLKKOHNFFBF28CC,國宅段,66.16,都市：住,,,,00030004
RPWPMLLKOHNFFEF66CC,水仙段,42.61,都市：住,,,,02130000
RPPNMLTJOHNFFDF98CC,崇德段,10.88,都市：住,,,,01320000
RPXPMLLKOHNFFEF76CC,水仙段,3.82,都市：住,,,,00670000
RPXPMLLKOHNFFEF76CC,水仙段,.71,都市：住,,,,00670003
RPSRMLLKOHNFFEF09CC,公司田段,17.47,都市：住,,,,01050000
RPPQMLLKOHNFFEF68CC,海天段,4.67,都市：住,,,,01900000
RPPNMLKKOHNFFEF28CC,海天段,21.11,都市：住,,,,03880000
RPPNMLTJOHNFFEF09CC,公司田段,17.47,都市：住,,,,01050000
RPQRMLLKOHNFFDF88DC,福德段,.00,都市：住,,,,08260000
RPXPMLLKOHNFFAF56EC,埔墘段,49.23,都市：住,,,,00430000
RPSOMLLKOHNFFGF98CC,中山段,.00,都市：住,,,,02050000
RPROMLLKOHNFFIF09CC,大學段一小段,15.40,都市：商,,,,00530000
RPTNMLLKOHNFFGF98CC,大仁段,28.09,都市：住,,,,02170000
RPTOMLLKOHNFFGF09CC,永德段,.00,都市：工,,,,13530013
RPROMLLKOHNFFGF09EC,成功段,.00,都市：商,,,,11040000
RPTOMLLKOHNFFGF09CC,永德段,.00,都市：工,,,,13540015
RPTRMLLKOHNFFEF56CC,淡海段,27.74,都市：住,,,,02210000
RPUOMLLKOHNFFGF56CC,仁愛段,.00,都市：工,,,,10900000
RPUOMLLKOHNFFGF56CC,仁愛段,.00,都市：工,,,,10910000
RPVOMLLKOHNFFGF86EC,中興段,.00,都市：工,,,,16620000
RPVNMLLKOHNFFGF56CC,中興段,.00,都市：其他:捷運系統用地,,,,04580000
RPRSMLLKOHNFFBF78CC,新豐段,9.00,都市：商,,,,00100000
RPUQMLLKOHNFFDF09CC,江北段,.00,都市：住,,,,09560000
RPVQMLLKOHNFFDF56CC,新峰段,.00,都市：住,,,,01560000
RPWNMLLKOHNFFAF68CC,和平段,27.25,都市：住,,,,03180000
RPWNMLLKOHNFFAF68CC,和平段,23.25,都市：住,,,,03190000
RPVPMLLKOHNFFDF09CC,智興段,.00,都市：商,,,,04410000
RPRNMLMKOHNFFBF38CC,力行段,16.19,都市：商,,,,02280000
RPSRMLLKOHNFFDF98CC,江北段,17.86,都市：住,,,,09130000
RPTOMLMKOHNFFAF58CC,篤行段,.00,都市：住,,,,04140000
RPPQMLMKOHNFFBF48CC,五工段,.00,非都市：工業區 ; 非都市編定：丁種建築用地,,,,00600000
RPTNMLMKOHNFFIF66CC,大學段二小段,.00,都市：商,,,,00980000
RPPPMLMKOHNFFHF56EC,信義段,74.83,都市：商,,,,02500000
RPPPMLMKOHNFFHF56EC,信義段,40.13,都市：其他:捷運系統用地,,,,02550000
RPPPMLMKOHNFFHF56EC,信義段,3.55,都市：其他:捷運系統用地,,,,02860001
RPSNMLMKOHNFFBF48CC,國宅段,7.06,都市：住,,,,00170002
RPVNMLMKOHNFFBF88DC,後港段,.26,都市：住,,,,09040000
RPVNMLMKOHNFFBF88DC,後港段,11.99,都市：住,,,,09030000
RPSPMLMKOHNFFIF76CC,育英段,.00,非都市： ; 非都市編定：,,,,00610000
RPOPMLMKOHNFFBF28CC,五工段,1002.96,非都市：工業區 ; 非都市編定：丁種建築用地,,,,04010000
RPOPMLMKOHNFFBF28CC,五工段,1003.00,非都市：工業區 ; 非都市編定：丁種建築用地,,,,04020000
RPWQMLMKOHNFFGF07CC,仁義段,.00,都市：住,,,,03560002
RPWQMLMKOHNFFGF07CC,仁義段,.00,都市：住,,,,03570002
RPWQMLMKOHNFFGF07CC,仁義段,.00,都市：住,,,,03580002
RPUPMLMKOHNFFBF98DC,副都心段一小段,.00,都市：商,,,,00520000
RPTNMLMKOHNFFEF88CC,公司田段,7.14,都市：住,,,,00060000
RPVOMLMKOHNFFEF56CC,馬偕段,6.69,都市：工,,,,01960000
RPWPMLMKOHNFFBF09CC,新豐段,9.61,都市：商,,,,00100000
RPSPMLMKOHNFFEF98CC,長興段,.00,非都市： ; 非都市編定：,,,,00920000
RPUPMLMKOHNFFHF86CC,復興段,.00,都市：住,,,,10360000
RPOOMLMKOHNFFEF48CC,公司田段,17.03,都市：住,,,,01880000
RPUOMLNKOHNFFHF86CC,華中段,39.50,都市：住,,,,00600000
RPXPMLMKOHNFFHF17CC,安邦段,.00,都市：住,,,,10270000
RPXPMLMKOHNFFHF17CC,安邦段,.00,都市：住,,,,10280000
RPOPMLNKOHNFFHF98CC,華中段,26.94,都市：住,,,,00610000
RPUNMLNKOHNFFEF09CC,馬偕段,.00,都市：工,,,,01960000
RPUNMLNKOHNFFHF76CC,莊敬段,.00,都市：商,,,,06600000
RPRRMLNKOHNFFEF56CC,公司田段,14.98,都市：住,,,,00270001
RPVNMLNKOHNFFHF96DC,莊敬段,1.13,都市：住,,,,02710000
RPVNMLNKOHNFFHF96DC,莊敬段,3.57,都市：商,,,,02180000
RPVNMLNKOHNFFHF96DC,莊敬段,.17,都市：住,,,,02240000
RPVPMLNKOHNFFHF07CC,永利段,7.27,都市：商,,,,08150000
RPSTMLNKOHNFFAF66EC,力行段,.00,都市：住,,,,12230004
RPTTMLNKOHNFFAF76EC,中山段,.00,都市：住,,,,10260000
RPOOMLNKOHNFFBF28CC,和平段,.00,都市：住,,,,07760000
RPQNMLNKOHNFFIF09CC,大學段二小段,.00,都市：商,,,,00900000
RPVOMLNKOHNFFBF98CC,忠孝段,.00,都市：住,,,,09010000
RPQPMLNKOHNFFBF58CC,興化段,.00,都市：工,,,,05320000
RPVQMLNKOHNFFBF56CC,信華段一小段,16.12,都市：住,,,,00260000
RPUQMLNKOHNFFBF09CC,副都心段一小段,20.96,都市：商,,,,00270000
RPVNMLNKOHNFFCF98CC,中正段,29.95,都市：住,,,,05500000
RPXPMLNKOHNFFAF56CC,民權段,.00,都市：住,,,,02210000
RPRRMLNKOHNFFAF78CC,江子翠段第二崁小段,.00,都市：商,,,,02010003
RPXNMLNKOHNFFDF66CC,智興段,.00,都市：住,,,,00410000
RPPNMLOKOHNFFDF58CC,福德段,.00,都市：住,,,,05750000
RPSNMLOKOHNFFDF88CC,大同段,.00,都市：其他:部分第二種住宅區部分鄰里公園間兒童遊樂場用地,,,,03790000
RPSNMLOKOHNFFDF88CC,大同段,.00,都市：住,,,,03800000
RPWNMLNKOHNFFDF56CC,同新段,8.85,都市：工,,,,00130000
RPWNMLNKOHNFFDF56CC,同新段,.00,都市：工,,,,00130001
RPWNMLNKOHNFFDF56CC,同新段,.00,都市：工,,,,00130002
RPXNMLOKOHNFFDF76CC,大同段,51.13,都市：工,,,,01260000
RPROMLOKOHNFFDF88CC,昊天段,45.77,都市：工,,,,10860000
RPOQMLOKOHNFFAF48CC,府中段,.00,都市：商,,,,04180000
RPWNMLOKOHNFFBF09CC,國宅段,.00,都市：住,,,,00260008
RPUOMLOKOHNFFDF56CC,水源段,.00,都市：住,,,,09920000
RPUOMLOKOHNFFDF56CC,水源段,.00,都市：住,,,,09920001
RPWOMLOKOHNFFDF76CC,工建段,1.00,都市：工,,,,03300000
RPXPMLOKOHNFFBF76CC,安和段,20.15,都市：工,,,,03850000
RPOTMLOKOHNFFAF78CC,瑞興段,.00,都市：住,,,,06190000
RPWPMLOKOHNFFBF66CC,榮富段,.00,都市：住,,,,08440000
RPPQMLOKOHNFFBF68CC,龍鳳段,19.20,都市：住,,,,07210000
RPROMLOKOHNFFIF76CC,大學段二小段,.00,都市：住,,,,00440000
RPUNMLOKOHNFFGF76CC,富貴段,.00,都市：住,,,,04310000
RPVPMLOKOHNFFGF07CC,成功段,.00,都市：商,,,,12640000
RPTNMLOKOHNFFGF66CC,中興段,50.86,都市：工,,,,07940000
RPWQMLOKOHNFFGF27CC,重新段壹小段,.00,都市：住,,,,00250018
RPQNMLOKOHNFFHF66EC,福祥段,3.83,都市：住,,,,04010000
RPQNMLOKOHNFFHF66EC,福祥段,1.13,都市：商,,,,04090000
RPQNMLOKOHNFFHF66EC,福祥段,.03,都市：住,,,,04090001
RPSNMLOKOHNFFGF76EC,興德段,306.28,都市：工,,,,08600000
RPSRMLOKOHNFFGF96CC,碧華段,.00,都市：工,,,,05660000
RPOOMLOKOHNFFEF68CC,新市段,19.84,都市：住,,,,02110000
RPSNMLPKOHNFFEF09CC,公司田段,17.29,都市：住,,,,01880000
RPPPMLPKOHNFFEF98CC,公司田段,36.04,都市：商,,,,00050000
RPQPMLPKOHNFFEF09CC,公司田段,36.04,都市：商,,,,00050000
RPXOMLPKOHNFFEF07CC,公司田段,34.67,都市：住,,,,00050000
RPVPMLPKOHNFFIF57EC,大學段一小段,10.20,都市：住,,,,01860002
RPVOMLPKOHNFFEF86CC,公司田段,39.18,都市：商,,,,00050000
RPROMLPKOHNFFHF76CC,秀山段,.00,都市：住,,,,05970000
RPQPMLPKOHNFFAF88EC,新板段二小段,6.58,都市：其他:第二種特定專用區,,,,00110000
RPQPMLPKOHNFFGF66CC,民生段,.00,都市：住,,,,02100000
RPOQMLPKOHNFFIF76CC,北園段,546.58,非都市：一般農業區 ; 非都市編定：丁種建築用地,,,,08280000
RPRPMLPKOHNFFEF56CC,公司田段,36.08,都市：商,,,,00050000
RPWPMLPKOHNFFGF27CC,雙園段,.00,都市：住,,,,01540000
RPWPMLPKOHNFFGF27CC,雙園段,.00,都市：住,,,,01550000
RPRQMLPKOHNFFIF07CC,昌福段,.00,都市：住,,,,01390000
RPQNMLPKOHNFFBF58CC,丹鳳段,.00,都市：住,,,,03370000
RPSPMLPKOHNFFAF09EC,振興段,.00,都市：住,,,,00570000
RPRNMLPKOHNFFBF68CC,中原段,.00,都市：住,,,,01180000
RPPSMLPKOHNFFBF98CC,新豐段,9.50,都市：商,,,,00100000
RPQSMLPKOHNFFBF09CC,立德段,15.89,都市：住,,,,02220000
RPSNMLPKOHNFFCF88CC,中華段,.00,都市：其他:捷運系統用地,,,,07500000
RPUPMLPKOHNFFAF09CC,成功段,.00,都市：住,,,,06330000
RPPNMLQKOHNFFBF58CC,中原段,14.19,都市：住,,,,03290000
RPTNMLPKOHNFFAF78CC,公館段,.00,都市：住,,,,14390000
RPPNMLPKOHNFFDF68CC,金龍段,.00,都市：住,,,,03280000
RPPNMLPKOHNFFDF68CC,金龍段,.00,都市：住,,,,03640000
RPUNMLPKOHNFFCF09CC,莊敬段,.00,都市：住,,,,03170000
RPRNMLQKOHNFFBF78CC,副都心段一小段,24.48,都市：商,,,,00100000
RPRNMLQKOHNFFBF78CC,副都心段一小段,24.34,都市：商,,,,00100000
RPVNMLQKOHNFFBF56CC,中原段,21.81,都市：住,,,,03290000
RPSNMLQKOHNFFBF88CC,復興段,48.00,都市：住,,,,03260000
RPPNMLQKOHNFFHF56CC,秀峰段,.00,都市：住,,,,01130000
RPPNMLQKOHNFFHF56CC,秀峰段,.00,都市：住,,,,01150000
RPUNMLQKOHNFFBF09CC,榮富段,9.97,都市：住,,,,01520000
RPQNMLQKOHNFFBF68CC,副都心段一小段,24.11,都市：商,,,,00100000
RPTNMLQKOHNFFBF98CC,副都心段一小段,27.98,都市：住,,,,01010000
RPWNMLQKOHNFFBF66CC,榮富段,27.57,都市：住,,,,08460000
RPQNMLQKOHNFFHF66CC,民富段,.00,都市：住,,,,11990000
RPQNMLQKOHNFFHF66CC,民富段,.00,都市：住,,,,12000000
RPXOMLQKOHNFFEF17CC,正德段,29.19,都市：住,,,,08650000
RPPNMLTKOHNFFAF98EC,樂利段,10.78,都市：住,,,,06820000
RPPNMLTKOHNFFAF98EC,樂利段,9.46,都市：住,,,,06830000
RPPNMLTKOHNFFAF98EC,樂利段,.90,都市：住,,,,06840000
RPWNMLQKOHNFFHF27CC,景華段,.00,都市：住,,,,08500000
RPTOMLQKOHNFFEF76CC,竹圍段,10.48,都市：商,,,,02370000
RPRNMLSKOHNFFIF07CC,大學段一小段,32.74,都市：住,,,,01870001
RPRNMLTKOHNFFEF76CC,公司田段,15.90,都市：住,,,,01880000
RPQPMLTKOHNFFEF86CC,新興段,.00,非都市： ; 非都市編定：,,,,04150000
RPTQMLTKOHNFFEF27CC,海天段,.02,都市：住,,,,06420000
RPTQMLTKOHNFFEF27CC,海天段,.00,都市：住,,,,06420003
RPTQMLTKOHNFFEF27CC,海天段,2.62,都市：住,,,,06530000
RPTQMLTKOHNFFEF27CC,海天段,.19,都市：住,,,,06530004
RPPNMLSKOHNFFIF86CC,大學段一小段,10.59,都市：住,,,,01860000
RPTQMLTKOHNFFEF27CC,海天段,.01,都市：住,,,,06530005
RPOQMLTKOHNFFHF07CC,橋和段,.00,都市：工,,,,02190000
RPVOMLTKOHNFFHF57CC,永安段,.00,都市：商,,,,05460000
RPQPMLTKOHNFFHF17CC,民利段,.00,都市：住,,,,07720000
RPOPMLTKOHNFFHF96CC,橋和段,.00,都市：住,,,,05060000
RPSNMLTKOHNFFEF86CC,北投子段,.00,都市：住,,,,01350024
RPRQMLTKOHNFFHF37CC,安樂段,.00,都市：商,,,,08950000
RPRQMLTKOHNFFHF37CC,安樂段,.00,都市：商,,,,08960000
RPXPMLTKOHNFFEF57CC,新興段,8.10,都市：住,,,,09030000
RPQQMLTKOHNFFBF66CC,陸光段,.00,都市：其他:河川區,,,,05450000
RPQQMLTKOHNFFBF66CC,陸光段,.00,都市：住,,,,05290000
RPPRMLTKOHNFFBF66CC,文程段,.00,都市：住,,,,09190000
RPOQMLTKOHNFFBF09CC,建林段,12.71,都市：住,,,,03430000
RPTOMLTKOHNFFBF76CC,自立段,8.32,都市：商,,,,10520000
RPSQMLTKOHNFFBF86CC,芳洲段,.00,都市：商,,,,01360000
RPOSMLTKOHNFFBF66CC,芳洲段,.00,都市：商,,,,01410000
RPRQMLTKOHNFFBF76CC,芳洲段,.00,都市：住,,,,01490000
RPRRMLTKOHNFFBF86CC,信華段一小段,36.66,都市：住,,,,00030000
RPRRMLTKOHNFFBF86CC,信華段二小段,2.56,都市：住,,,,00080000
RPOTMLTKOHNFFBF76CC,芳洲段,.00,都市：住,,,,00300000
RPQTMLTKOHNFFBF96CC,力行段,.00,都市：住,,,,11080000
RPPTMLTKOHNFFBF86CC,國宅段,14.93,都市：住,,,,00070002
RPUTMLTKOHNFFBF37CC,芳洲段,.00,都市：住,,,,01490000
RPSOMLTKOHNFFDF86CC,智興段,.00,都市：商,,,,04410000
RPRUMLTKOHNFFBF17CC,芳洲段,.00,都市：住,,,,01550000
RPPUMLTKOHNFFBF96CC,芳洲段,.00,都市：住,,,,00280000
RPQOMLTKOHNFFDF66CC,智興段,.00,都市：住,,,,02650000
RPQOMLTKOHNFFDF66CC,智興段,.00,都市：住,,,,02650001
RPROMLTKOHNFFDF76CC,智興段,.00,都市：商,,,,05110000
RPUOMLTKOHNFFCF96CC,新和段,.00,都市：住,,,,10100000
RPWRMLTKOHNFFAF27CC,中山段,24.00,都市：住,,,,05630000
RPTPMLTKOHNFFCF96CC,安和段,.00,都市：住,,,,04490000
RPTNMLKLOHNFFDF68CC,大同段,220.93,都市：工,,,,03070000
RPSQMLTKOHNFFAF76CC,江子翠段第二崁小段,.00,都市：住,,,,00700018
RPQOMLKLOHNFFBF28CC,中原段,.00,都市：住,,,,00430000
RPOOMLKLOHNFFBF08CC,中原段,.00,都市：住,,,,03340000
RPUOMLKLOHNFFBF68CC,泰山段一小段,.00,都市：商,,,,04560023
RPUOMLKLOHNFFBF68CC,泰山段一小段,.00,都市：商,,,,04570007
RPPQMLKLOHNFFCF48CC,寶元段,.00,都市：工,,,,02730000
RPPNMLKLOHNFFCF18CC,光明段,.00,都市：住,,,,06150000
RPXOMLKLOHNFFDF56CC,江北段,18.36,都市：住,,,,09190000
RPOPMLKLOHNFFBF18CC,力行段,14.86,都市：商,,,,01490000
RPWQMLKLOHNFFBF09CC,榮和段,.00,都市：其他:部分住宅部分道路,,,,06230000
RPVOMLKLOHNFFHF76CC,信義段,.00,都市：商,,,,05040000
RPPNMLKLOHNFFHF68CC,橋和段,.00,都市：住,,,,00100000
RPTOMLKLOHNFFHF56CC,安邦段,.00,都市：工,,,,00140000
RPUNMLKLOHNFFEF88CC,紅毛城段,7.05,都市：住,,,,04990000
RPUNMLKLOHNFFEF88CC,紅毛城段,97.48,都市：住,,,,05010000
RPQNMLKLOHNFFEF48CC,公司田段,.00,都市：住,,,,00070000
RPQPMLKLOHNFFEF68CC,海天段,.00,非都市： ; 非都市編定：,,,,03900000
RPWOMLKLOHNFFHF86CC,板南段,.00,都市：工,,,,03110000
RPVNMLKLOHNFFGF56CC,仁義段,.00,都市：住,,,,00910001
RPQOMLKLOHNFFIF98CC,大學段一小段,16.18,都市：住,,,,01860002
RPPQMLKLOHNFFEF68CC,大義段,.00,非都市： ; 非都市編定：,,,,00380000
RPOPMLKLOHNFFEF48CC,新興段,.00,非都市： ; 非都市編定：,,,,06470000
RPTOMLKLOHNFFIF66CC,大學段一小段,10.86,都市：住,,,,01860002
RPRNMLKLOHNFFGF78CC,富貴段,.00,都市：住,,,,07030000
RPUOMLKLOHNFFIF76CC,大學段一小段,17.32,都市：住,,,,01860002
RPPOMLLLOHNFFEF78EC,海鷗段,17.83,都市：商,,,,11920000
RPSOMLKLOHNFFIF56CC,大學段一小段,10.53,都市：住,,,,01860002
RPROMLLLOHNFFIF56CC,大學段二小段,793.48,都市：住,,,,00650000
RPUOMLLLOHNFFEF09CC,新市段,.00,都市：住,,,,00780000
RPPPMLLLOHNFFEF68CC,海鷗段,3.85,都市：商,,,,11920000
RPWOMLLLOHNFFEF66CC,馬偕段,.00,都市：工,,,,02090000
RPSPMLLLOHNFFEF98CC,新市段,8.28,都市：商,,,,01450001
RPOPMLLLOHNFFEF58CC,新興段,6.62,都市：住,,,,06460000
RPQPMLLLOHNFFEF78CC,海鷗段,4.91,都市：商,,,,11920000
RPVNMLLLOHNFFHF76CC,健康段,.00,都市：工,,,,11600000
RPXNMLLLOHNFFBF98CC,新豐段,.00,都市：商,,,,00100000
RPRPMLLLOHNFFEF88CC,馬偕段,8.50,都市：工,,,,01960000
RPROMLLLOHNFFBF48CC,中泰段,.00,都市：住,,,,00520000
RPUNMLLLOHNFFHF66CC,民治段,91.07,都市：商,,,,01410000
RPXOMLLLOHNFFBF09CC,合鳳段,.00,都市：住,,,,02490000
RPXOMLLLOHNFFBF09CC,合鳳段,.00,都市：住,,,,02500000
RPTNMLLLOHNFFDF78CC,福德段,.00,都市：住,,,,05860000
RPOQMLLLOHNFFBF38CC,榮和段,.00,都市：住,,,,06180000
RPVPMLLLOHNFFBF98CC,力行段,.00,都市：商,,,,07420000
RPTOMLLLOHNFFDF88CC,工建段,25.54,都市：工,,,,06730000
RPPPMLLLOHNFFDF58CC,昊天段,1.19,都市：工,,,,10860000
RPQOMLLLOHNFFDF58CC,同新段,17.44,都市：工,,,,00130000
RPQOMLLLOHNFFDF58CC,同新段,.01,都市：工,,,,00130001
RPQOMLLLOHNFFDF58CC,同新段,.00,都市：工,,,,00130002
RPRNMLLLOHNFFDF58CC,新峰段,24.00,都市：住,,,,04010000
RPTPMLLLOHNFFDF98CC,拱北段,38.71,非都市：鄉村區 ; 非都市編定：乙種建築用地,,,,03850000
RPVNMLLLOHNFFCF88CC,中正段,.00,都市：其他:( 捷運系統用地 ),,,,01650000
RPTPMLMLOHNFFAF78CC,文化段,.00,都市：住,,,,22070000
RPTPMLMLOHNFFAF78CC,文化段,.00,都市：住,,,,22190000
RPPOMLMLOHNFFBF38CC,幸福段,.00,都市：工,,,,07050000
RPQOMLMLOHNFFBF48CC,幸福段,.00,都市：工,,,,07050000
RPWOMLLLOHNFFDF56CC,昊天段,64.90,都市：工,,,,10860000
RPSRMLMLOHNFFBF98CC,榮和段,.00,都市：住,,,,07840000
RPQRMLMLOHNFFBF78CC,建林段,.09,都市：商,,,,03800000
RPQRMLMLOHNFFBF78CC,建林段,11.09,都市：商,,,,03800001
RPWNMLMLOHNFFEF66CC,馬偕段,5.78,都市：工,,,,01960000
RPTQMLMLOHNFFEF66CC,仁愛段,22.41,都市：住,,,,00030000
RPWOMLMLOHNFFHF07CC,秀峰段,.00,都市：住,,,,01800000
RPTSMLMLOHNFFBF56CC,思源段,19.80,都市：住,,,,05570000
RPTSMLMLOHNFFBF56CC,思源段,.45,都市：住,,,,05580000
RPOPMLMLOHNFFGF88CC,文化北段,153.78,都市：商,,,,08410000
RPOPMLMLOHNFFGF88CC,文化北段,12.47,都市：商,,,,08420000
RPOPMLMLOHNFFGF88CC,文化北段,10.66,都市：住,,,,08430000
RPPOMLMLOHNFFIF56DC,博愛段,.00,都市：商,,,,00220000
RPQOMLPLOHNFFEF09CC,公司田段,27.61,都市：住,,,,00480000
RPPNMLNLOHNFFIF09CC,大學段一小段,9.28,都市：住,,,,01860002
RPWQMLMLOHNFFEF96CC,海天段,6.73,都市：住,,,,02150000
RPWPMLPLOHNFFIF57CC,橋子頭三段,380.07,非都市：一般農業區 ; 非都市編定：丁種建築用地,,,,04330000
RPTOMLPLOHNFFEF76CC,中興段,15.42,都市：其他:其他,,,,01120000
RPPNMLNLOHNFFEF68CC,公司田段,24.29,都市：住,,,,00210000
RPOOMLPLOHNFFGF09CC,重新段壹小段,.00,都市：住,,,,00530000
RPPRMLPLOHNFFIF17DC,大學段一小段,307.00,都市：住,,,,01380000
RPXPMLPLOHNFFEF47EC,大義段,20.48,都市：商,,,,02740000
RPPQMLPLOHNFFEF76EC,中興段,23.46,都市：住,,,,02600000
RPPNMLPLOHNFFGF66EC,富貴段,.00,都市：住,,,,02990000
RPXPMLPLOHNFFIF87EC,大學段一小段,10.20,都市：住,,,,01860002
RPRPMLPLOHNFFAF88CC,文化段,.00,都市：住,,,,11980000
RPOTMLPLOHNFFAF98CC,新板段三小段,11.08,都市：其他:第二種特定專用區,,,,00380000
RPRNMLPLOHNFFDF98CC,環河段,25.20,都市：工,,,,02090000
RPTPMLPLOHNFFAF09CC,江子翠段第三崁小段,26.20,都市：住,,,,03300007
RPTPMLPLOHNFFAF09CC,江子翠段第三崁小段,26.00,都市：住,,,,03300006
RPTPMLPLOHNFFAF09CC,江子翠段第三崁小段,26.40,都市：住,,,,03300005
RPTPMLPLOHNFFAF09CC,江子翠段第三崁小段,1.00,都市：住,,,,03290016
RPWOMLPLOHNFFBF76CC,五工段,1004.26,非都市：工業區 ; 非都市編定：丁種建築用地,,,,05290000
RPROMLPLOHNFFDF09CC,智興段,.00,都市：商,,,,04710000
RPROMLPLOHNFFDF09CC,智興段,.00,都市：住,,,,04760000
RPSNMLPLOHNFFDF09CC,環河段,172.08,都市：工,,,,01110000
RPSOMLPLOHNFFDF56CC,智興段,.00,都市：商,,,,04410000
RPQNMLQLOHNFFCF88CC,民權段,.00,都市：住,,,,00240000
RPRPMLQLOHNFFCF56CC,大豐段,357.47,都市：住,,,,00490000
RPTOMLQLOHNFFDF96EC,保長段,.00,都市：住,,,,10540000
RPRNMLQLOHNFFDF09CC,智興段,.00,都市：住,,,,02650000
RPVOMLQLOHNFFDF17EC,保長段,.00,都市：住,,,,09950000
RPRNMLQLOHNFFDF09CC,智興段,.00,都市：其他:道路用地,,,,02650001
RPWOMLQLOHNFFDF27EC,保長段,.00,都市：住,,,,09950000
RPUOMLQLOHNFFDF07EC,保長段,.00,都市：住,,,,09950000
RPOPMLQLOHNFFBF78CC,泰林段,.00,都市：商,,,,09010000
RPOPMLQLOHNFFBF78CC,泰林段,.00,都市：商,,,,09020000
RPOPMLQLOHNFFBF78CC,泰林段,.00,都市：商,,,,09030000
RPOPMLQLOHNFFBF78CC,泰林段,.00,都市：商,,,,09050000
RPTNMLQLOHNFFHF07CC,水源段,122.60,都市：商,,,,01790000
RPVPMLQLOHNFFGF37CC,成功段,.00,都市：住,,,,14340000
RPROMLQLOHNFFEF66CC,公司田段,15.60,都市：住,,,,01930000
RPPNMLRLOHNFFHF76CC,中和段,.00,都市：住,,,,03650000
RPQWMLQLOHNFFEF37CC,關渡段,10.98,都市：商,,,,01170000
RPSNMLRLOHNFFHF07CC,華福段,.00,都市：住,,,,04040000
RPTOMLQLOHNFFHF17CC,永利段,.00,都市：住,,,,08860000
RPVNMLRLOHNFFHF37CC,公園段,.00,都市：住,,,,04670000
RPRNMLRLOHNFFHF96CC,中安段,.00,都市：住,,,,05670000
RPUNMLRLOHNFFHF27CC,永安段,.00,都市：商,,,,02470000
RPOOMLRLOHNFFHF76CC,大仁段,.00,都市：住,,,,06570000
RPVOMLQLOHNFFHF37CC,中興段,28.80,都市：商,,,,08250000
RPWNMLRLOHNFFHF47CC,南山段,.00,都市：住,,,,08540000
RPROMLRLOHNFFHF07CC,圓通段,.00,都市：住,,,,05360000
RPWOMLRLOHNFFHF57CC,得和段,.00,都市：住,,,,08430000
RPUOMLRLOHNFFHF37CC,永利段,.00,都市：住,,,,00310000
RPVQMLRLOHNFFHF67CC,捷運段,.00,都市：住,,,,04110000
RPPPMLRLOHNFFEF66CC,海鷗段,.41,都市：住,,,,04010002
RPPPMLRLOHNFFEF66CC,海鷗段,10.37,都市：住,,,,04840000
RPSOMLRLOHNFFHF17CC,中正段,.00,都市：商,,,,08480000
RPSNMLRLOHNFFEF76CC,淡海段,.00,都市：住,,,,00850000
RPSPMLRLOHNFFHF27CC,國道段,40.88,都市：農,,,,02540000
RPQNMLRLOHNFFIF96CC,大學段二小段,27.04,都市：商,,,,00940000
RPTPMLRLOHNFFHF37CC,保健段,.00,都市：商,,,,10180000
RPPOMLRLOHNFFBF88CC,榮富段,.00,都市：住,,,,08500001
RPSNMLRLOHNFFIF17CC,大學段一小段,43.04,都市：住,,,,01480000
RPQOMLRLOHNFFBF98CC,德音段,.00,都市：住,,,,03690000
RPTOMLRLOHNFFBF66CC,成福段,.00,都市：住,,,,01950000
RPSOMLRLOHNFFBF56CC,成功段,.00,都市：住,,,,07380000
RPWOMLRLOHNFFBF96CC,陸光段,.00,都市：住,,,,08030000
RPOTMLRLOHNFFBF66CC,新工段二小段,79.36,非都市：工業區 ; 非都市編定：丁種建築用地,,,,01320000
RPRSMLRLOHNFFAF76CC,中興段,.00,都市：住,,,,06580000
RPPNMLRLOHNFFCF88CC,順安段,.00,都市：住,,,,06880000
RPVOMLRLOHNFFBF86CC,芳洲段,.00,都市：商,,,,01410000
RPUOMLSLOHNFFDF07CC,厚德段,.00,都市：住,,,,02690000
RPUOMLSLOHNFFDF07CC,厚德段,.00,都市：住,,,,02720000
RPSNMLRLOHNFFCF56CC,福園段,.00,都市：住,,,,07130000
RPQNMLRLOHNFFCF98CC,順安段,.00,都市：住,,,,06880000
RPWOMLSLOHNFFDF27CC,智興段,10.68,都市：商,,,,04080000
RPPOMLRLOHNFFDF09CC,厚德段,.00,都市：住,,,,00830000
RPQPMLSLOHNFFDF76CC,厚德段,.00,都市：住,,,,06440000
RPTOMLSLOHNFFDF96CC,智興段,6.08,都市：住,,,,01040000
RPWPMLSLOHNFFCF27CC,復興段,.00,都市：工,,,,05890000
RPPPMLSLOHNFFDF66CC,智興段,7.28,都市：住,,,,01040000
RPQNMLSLOHNFFCF09CC,中央段,.00,都市：住,,,,07800000
RPXOMLSLOHNFFDF37CC,智興段,.00,都市：住,,,,00410000
RPPQMLSLOHNFFCF66CC,寶元段,.00,都市：工,,,,02730000
RPRQMLSLOHNFFCF86CC,順安段,.00,都市：住,,,,08550000
RPRTOLSLOHNFFBF27CC,五工段,.00,非都市：工業區 ; 非都市編定：丁種建築用地,,,,01850000
RPSQMLSLOHNFFCF96CC,香坡段,57.68,非都市：山坡地保育區 ; 非都市編定：丙種建築用地,,,,05430000
RPPNMLSLOHNFFEF56CC,公司田段,37.75,都市：商,,,,00940000
RPTOMLSLOHNFFEF07CC,新市段,.00,都市：住,,,,00680000
RPUOMLSLOHNFFEF37EC,新市段,80.00,都市：住,,,,00680000
RPQOMLSLOHNFFEF76CC,新市段,7.60,都市：其他:第三之一種中心商業區,,,,01450001
RPVOMLSLOHNFFEF27CC,中興段,25.05,都市：住,,,,08190000
RPVSMLSLOHNFFAF47EC,江子翠段新埔小段,25.00,都市：住,,,,00130020
RPXPMLSLOHNFFHF87CC,大智段,.00,都市：住,,,,05970000
RPRQMLSLOHNFFHF37CC,民治段,27.34,都市：商,,,,07960000
RPWOMLSLOHNFFEF37CC,中興段,25.05,都市：住,,,,08190000
RPTQMLSLOHNFFHF57CC,健康段,.00,都市：工,,,,00540000
RPTOMLTLOHNFFHF47CC,橋和段,.00,都市：工,,,,02190000
RPSNMLTLOHNFFHF27CC,板南段,.00,都市：工,,,,03820000
RPSNMLTLOHNFFHF27CC,板南段,.00,都市：工,,,,03820001
RPWNMLTLOHNFFEF37CC,公司田段,25.77,都市：住,,,,00050000
RPQQMLTLOHNFFEF07CC,大義段,.00,都市：住,,,,07830000
RPQQMLTLOHNFFEF07CC,大義段,.00,都市：住,,,,07820000
RPOPMLTLOHNFFGF96CC,過田段,.00,都市：商,,,,03390000
RPRNMLKMOHNFFDF58CC,建成段,.00,都市：住,,,,09110000
RPTNMLTLOHNFFHF37CC,中和段,.00,都市：住,,,,04280000
RPPQMLTLOHNFFBF76DC,副都心段一小段,.00,都市：商,,,,00520000
RPRQMLTLOHNFFEF17CC,馬偕段,7.26,都市：工,,,,01960000
RPOOMLTLOHNFFDF56CC,智興段,8.36,都市：住,,,,00480000
RPPNMLKMOHNFFEF48CC,公司田段,56.63,都市：住,,,,01920000
RPPNMLLJPHNFFEF38CC,新市段,7.66,都市：商,,,,01450001
RPQNMLKMOHNFFDF48CC,智興段,.00,都市：商,,,,04410000
RPSNMLKMOHNFFDF68CC,新峰段,.00,都市：住,,,,05150000
RPQNMLKMOHNFFEF58CC,公司田段,24.49,都市：住,,,,01880000
RPQNMLLJPHNFFHF78CC,瓦?段,.00,都市：住,,,,00770000
RPRNMLLJPHNFFHF88CC,東南段,.00,都市：住,,,,07450000
RPQNMLLJPHNFFGF68CC,光華段,.00,都市：住,,,,11590000
RPPNMLLJPHNFFCF18CC,小城段,.00,都市：其他:已開發建築密集地區,,,,12990000
RPUWMLMJPHNFFAF86CC,埔墘段,.00,都市：住,,,,00330149
RPVRMLMJPHNFFBF56CC,新林段,.00,都市：住,,,,03130000
RPROMLMJPHNFFDF68CC,智興段,.00,都市：商,,,,04410000
RPSOMLMJPHNFFDF78CC,智興段,.00,都市：商,,,,05110000
RPSOMLMJPHNFFAF68EC,清水段,5.28,都市：商,,,,06690000
RPOPMLMJPHNFFAF38EC,振興段,112.46,都市：住,,,,02050000
RPWRMLMJPHNFFBF66CC,工二段,513.00,都市：工,,,,01700000
RPPSMLMJPHNFFBF68CC,建林段,33.79,都市：住,,,,02660000
RPUOMLMJPHNFFHF76CC,大仁段,.00,都市：住,,,,06570000
RPVNMLMJPHNFFEF09CC,紅毛城段,114.13,都市：住,,,,00040000
RPTOMLMJPHNFFEF98CC,新市段,15.36,都市：住,,,,00680000
RPSOMLMJPHNFFEF88CC,公司田段,23.69,都市：住,,,,00230000
RPUOMLMJPHNFFEF09CC,公司田段,23.79,都市：住,,,,00230000
RPROMLMJPHNFFEF78CC,新市段,9.85,都市：商,,,,01450001
RPPOMLMJPHNFFIF98CC,光武段,.00,都市：住,,,,00630000
RPWNMLMJPHNFFEF56CC,紅毛城段,114.13,都市：住,,,,00040000
RPWOMLMJPHNFFEF66CC,海天段,7.14,都市：住,,,,01900000
RPVOMLMJPHNFFEF56CC,海鷗段,2.55,都市：商,,,,11910000
RPPRMLMJPHNFFEF88CC,海天段,13.01,都市：住,,,,02250000
RPQRMLMJPHNFFEF98CC,新市段,17.37,都市：住,,,,00580000
RPRRMLMJPHNFFEF09CC,海天段,5.74,都市：住,,,,01900000
RPSRMLMJPHNFFEF56CC,新市段,.00,都市：住,,,,01310000
RPWRMLMJPHNFFEF96CC,仁愛段,.00,都市：其他:部份住宅及部份綠化步道。,,,,00340001
RPQQMLNJPHNFFEF98CC,水仙段,13.45,都市：住,,,,03190000
RPUQMLMJPHNFFEF66CC,水仙段,.44,都市：住,,,,00670003
RPUQMLMJPHNFFEF66CC,水仙段,2.43,都市：住,,,,00670000
RPPOMLNJPHNFFEF68CC,新市段,.00,都市：住,,,,00780000
RPSRMLNJPHNFFEF66CC,海天段,.00,都市：住,,,,02140002
RPSQMLNJPHNFFEF56CC,竹圍段,19.21,都市：住,,,,06770000
RPQPMLNJPHNFFHF56CC,信和段,.00,都市：住,,,,09170000
RPXOMLNJPHNFFIF27CC,大學段一小段,12.02,都市：住,,,,01580000
RPQPMLNJPHNFFIF66CC,中正段,.00,都市：商,,,,05660000
RPSQMLNJPHNFFEF76EC,林子段,.00,非都市： ; 非都市編定：,,,,06600009
RPVPMLNJPHNFFHF07CC,保健段,.00,都市：住,,,,00580000
RPSQMLNJPHNFFEF76EC,林子段,.00,非都市： ; 非都市編定：,,,,06600010
RPSQMLNJPHNFFEF76EC,林子段,.00,非都市： ; 非都市編定：,,,,06600018
RPTOMLNJPHNFFAF88EC,文化段,.00,都市：住,,,,11980000
RPTNMLNJPHNFFCF78CC,安泰段,.00,都市：其他:已開發建築密集地區,,,,08250000
RPSOMLNJPHNFFDF09EC,保長段,5.35,都市：住,,,,10540000
RPVNMLOJPHNFFCF09CC,永業段,.00,都市：其他:,,,,02000000
RPOPMLNJPHNFFBF48DC,麗林段,58.83,都市：住,,,,08270000
RPWNMLOJPHNFFBF09CC,新豐段,8.00,都市：商,,,,00100000
RPROMLOJPHNFFBF68CC,丹鳳段,.00,都市：住,,,,05810000
RPVNMLOJPHNFFGF86CC,永德段,.00,都市：住,,,,09810003
RPOQMLOJPHNFFEF09EC,望高樓段,17.99,都市：住,,,,01110000
RPRNMLOJPHNFFBF58CC,建林段,14.17,都市：住,,,,03700000
RPPQMLOJPHNFFEF56EC,正德段,151.27,都市：住,,,,06680000
RPUOMLOJPHNFFIF07CC,樹德段,.00,都市：住,,,,03340000
RPOPMLOJPHNFFGF98CC,福德南段,.00,都市：住,,,,05240000
RPPRMLOJPHNFFBF78CC,榮富段,.00,都市：住,,,,08460000
RPSNMLOJPHNFFHF66CC,及人段,.00,都市：住,,,,04830000
RPUNMLOJPHNFFHF86CC,保平段,.00,非都市： ; 非都市編定：,,,,08010000
RPUNMLOJPHNFFHF86CC,保平段,.00,非都市： ; 非都市編定：,,,,08020000
RPROMLOJPHNFFEF98CC,中興段,5.00,都市：住,,,,01730000
RPPOMLOJPHNFFHF09CC,文化段,.00,非都市： ; 非都市編定：,,,,05820000
RPSQMLOJPHNFFHF96CC,橋和段,.00,都市：住,,,,03320000
RPSQMLOJPHNFFHF96CC,橋和段,.00,都市：住,,,,03330000
RPQOMLOJPHNFFHF56CC,文化段,.00,都市：住,,,,08150000
RPTSMLOJPHNFFEF96CC,海天段,.00,都市：住,,,,01900000
RPQNMLPJPHNFFEF88CC,新市段,.00,都市：住,,,,02210000
RPVPMLOJPHNFFEF86CC,新市段,.00,都市：住,,,,02110000
RPQQMLOJPHNFFEF09CC,淡海段,13.32,都市：住,,,,00530000
RPUOMLPJPHNFFHF07CC,民利段,.00,都市：住,,,,12260000
RPQNMLPJPHNFFHF56CC,中正段,.00,都市：商,,,,08480000
RPOPMLPJPHNFFDF88DC,厚德段,16.15,都市：住,,,,01720000
RPRNMLPJPHNFFBF68CC,幸福段,242.84,都市：工,,,,03370000
RPOOMLQJPHNFFDF78CC,智興段,22.13,都市：住,,,,01040000
RPOPMLQJPHNFFDF88CC,大同段,260.73,都市：工,,,,06940000
RPVQMLPJPHNFFHF37CC,大華段,.00,都市：住,,,,14370000
RPSRMLPJPHNFFHF17CC,景華段,19.61,都市：住,,,,04020000
RPQNMLPJPHNFFDF78CC,大同段,.00,都市：住,,,,03280000
RPWNMLPJPHNFFDF76CC,智興段,.00,都市：商,,,,04410000
RPSPMLQJPHNFFDF66CC,建成段,29.81,都市：住,,,,07100000
RPSPMLQJPHNFFDF66CC,建成段,.19,都市：住,,,,07440000
RPSPMLQJPHNFFDF66CC,建成段,.26,都市：住,,,,07480000
RPSPMLQJPHNFFDF66CC,建成段,1.55,都市：住,,,,07650000
RPSPMLQJPHNFFDF66CC,建成段,.09,都市：住,,,,07890000
RPSPMLQJPHNFFDF66CC,建成段,.50,都市：住,,,,08410000
RPVQMLQJPHNFFBF86CC,榮富段,4.66,都市：住,,,,09290000
RPRRMLQJPHNFFDF76CC,昊天段,29.69,都市：工,,,,08720000
RPRRMLQJPHNFFDF76CC,同新段,.93,都市：工,,,,00060000
RPUOMLQJPHNFFCF66CC,順安段,.00,都市：住,,,,06880000
RPSRMLQJPHNFFDF86CC,崇德段,.00,都市：住,,,,14970000
RPORMLQJPHNFFBF88CC,福營段,5.80,都市：工,,,,08000000
RPPNMLQJPHNFFBF58CC,麗林段,.00,都市：商,,,,04070004
RPVPMLQJPHNFFBF76CC,副都心段一小段,12.61,都市：住,,,,03290000
RPSRMLQJPHNFFBF66CC,德音段,13.57,都市：住,,,,06900000
RPSRMLQJPHNFFBF66CC,德音段,10.88,都市：住,,,,06920000
RPSRMLQJPHNFFBF66CC,德音段,5.26,都市：住,,,,06930000
RPWPMLQJPHNFFBF86CC,立德段,26.72,都市：住,,,,02790000
RPWRMLQJPHNFFBF07CC,全安段,19.22,都市：住,,,,10330000
RPTRMLQJPHNFFBF76CC,中原段,23.88,都市：住,,,,03210000
RPOSMLQJPHNFFBF98CC,同興段,23.28,都市：住,,,,00440000
RPPSMLQJPHNFFBF09CC,榮富段,15.51,都市：住,,,,09060001
RPWOMLQJPHNFFIF47CC,大學段一小段,10.86,都市：住,,,,01860002
RPQPMLQJPHNFFIF96CC,?子寮段,44.95,非都市：山坡地保育區 ; 非都市編定：丙種建築用地,,,,05010000
RPRSMLQJPHNFFBF66CC,榮富段,10.97,都市：住,,,,09290000
RPURMLQJPHNFFBF86CC,榮富段,15.84,都市：住,,,,08460000
RPOPMLQJPHNFFIF76CC,大學段一小段,87.43,都市：住,,,,01380000
RPVOMLQJPHNFFHF27CC,中信段,.00,都市：商,,,,05340000
RPVOMLQJPHNFFHF27CC,中信段,.00,都市：住,,,,05350000
RPQSMLQJPHNFFBF56CC,中原段,33.13,都市：住,,,,00840000
RPVNMLQJPHNFFEF86CC,海天段,15.08,都市：住,,,,02170000
RPRRMLQJPHNFFEF86CC,公司田段,46.58,都市：住,,,,01210000
RPXOMLQJPHNFFHF67EC,德光段,.00,都市：住,,,,00160000
RPWNMLRJPHNFFAF66CC,江子翠段第二崁小段,.00,都市：住,,,,01660000
RPPOMLQJPHNFFEF98CC,公司田段,53.20,都市：住,,,,00940000
RPWOMLQJPHNFFHF37CC,健康段,.00,都市：工,,,,10650000
RPPNMLRJPHNFFGF56CC,仁愛段,.00,都市：商,,,,20750000
RPWSMLTJPHNFFAF37CC,僑中段,.00,都市：住,,,,03900000
RPQRMLQJPHNFFEF76CC,海鷗段,.00,都市：住,,,,07600000
RPQRMLQJPHNFFEF76CC,海鷗段,.00,都市：住,,,,07600003
RPSRMLQJPHNFFEF96CC,公司田段,44.62,都市：住,,,,01210000
RPSNMLTJPHNFFCF66CC,莊敬段,.00,都市：住,,,,02660000
RPPOMLTJPHNFFDF56CC,新峰段,.00,都市：住,,,,01240000
RPWSMLTJPHNFFBF47CC,建林段,30.27,都市：住,,,,08020000
RPUTMLTJPHNFFEF67CC,海鷗段,.70,都市：住,,,,04010002
RPUTMLTJPHNFFEF67CC,海鷗段,17.65,都市：住,,,,04840000
RPQPMLTJPHNFFCF66CC,大豐段,.00,都市：住,,,,00460000
RPQNMLTJPHNFFHF96CC,中安段,.00,都市：其他:( 捷運系統用地),,,,05590000
RPWNMLTJPHNFFDF17CC,智興段,.00,都市：商,,,,04410000
RPRSMLTJPHNFFBF96CC,力行段,4.63,都市：商,,,,02150000
RPROMLTJPHNFFDF76CC,新峰段,.00,都市：住,,,,01240000
RPOUMLTJPHNFFEF17CC,正德段,.00,都市：住,,,,05300000
RPSNMLTJPHNFFHF17CC,華中段,25.43,都市：住,,,,00480000
RPROMLTJPHNFFHF17CC,南山段,.00,都市：住,,,,03810000
RPPNMLTJPHNFFHF86CC,南工段,12.97,都市：住,,,,10920000
RPSOMLTJPHNFFHF27CC,雙和段,.00,都市：商,,,,09110000
RPTNMLTJPHNFFHF27CC,仁愛段,.00,都市：住,,,,07040000
RPTOMLTJPHNFFHF37CC,信義段,27.69,都市：住,,,,00910000
RPWNMLTJPHNFFHF57CC,華中段,41.57,都市：住,,,,00470000
RPXNMLTJPHNFFHF67CC,永安段,11.35,都市：商,,,,00400000
RPXNMLTJPHNFFHF67CC,永安段,8.10,都市：住,,,,00440000
RPVOMLTJPHNFFHF57CC,捷運段,.00,都市：其他:捷運系統用地,,,,00080000
RPXOMLTJPHNFFHF77CC,公園段,9.19,都市：商,,,,06420000
RPQPMLTJPHNFFHF17CC,頂溪段,12.72,都市：住,,,,08010000
RPOPMLTJPHNFFHF96CC,華中段,27.19,都市：住,,,,00480000
RPQOMLKKPHNFFHF88CC,永平段,.00,都市：商,,,,05450000
RPTQMLKKPHNFFEF09CC,馬偕段,.00,都市：住,,,,01690000
RPXSMLKKPHNFFEF07CC,新市段,.00,都市：住,,,,00120000
RPUQMLTJPHNFFHF67CC,中信段,.00,都市：住,,,,02370000
RPOTMLKKPHNFFEF88CC,淡海段,24.91,都市：住,,,,01590000
RPUQMLTJPHNFFHF67CC,中信段,.00,都市：商,,,,02480000
RPVSMLKKPHNFFAF66EC,港子嘴段,.00,都市：住,,,,01190015
RPWNMLKKPHNFFGF66CC,集美段,.00,都市：住,,,,05390000
RPQRMLKKPHNFFEF88CC,鄧公段,.00,都市：住,,,,04970000
RPOOMLKKPHNFFBF08CC,福營段,.00,都市：工,,,,08000000
RPQSMLKKPHNFFBF68CC,思源段,89.65,都市：住,,,,05650000
RPPOMLKKPHNFFBF18CC,榮富段,.00,都市：住,,,,04170000
RPWNMLKKPHNFFDF98CC,昊天段,23.30,都市：工,,,,08720000
RPWNMLKKPHNFFDF98CC,同新段,.73,都市：工,,,,00060000
RPUNMLKKPHNFFCF68CC,大豐段,.00,都市：住,,,,00960000
RPPQMLKKPHNFFAF28CC,大觀段,.00,都市：住,,,,08030000
RPSQMLKKPHNFFAF58CC,公館段,.00,都市：住,,,,14390000
RPRNMLLKPHNFFDF58CC,厚德段,.00,都市：住,,,,01720000
RPSNMLLKPHNFFDF68CC,東勢段,.00,非都市：山坡地保育區 ; 非都市編定：丙種建築用地,,,,04770000
RPQNMLLKPHNFFBF28CC,力行段,.00,都市：住,,,,00520000
RPQUMLKKPHNFFAF78CC,文化段,2.10,都市：住,,,,11980000
RPPNMLLKPHNFFHF78CC,林森段,.00,都市：住,,,,05880000
RPPQMLMKPHNFFHF56CC,正南段,.00,都市：住,,,,03060000
RPPNMLLKPHNFFBF18CC,芳洲段,.00,都市：住,,,,01710000
RPQQMLMKPHNFFHF66CC,中和段,.00,都市：住,,,,04200000
RPVNMLMKPHNFFEF56CC,公司田段,2.70,都市：住,,,,00890000
RPRQMLMKPHNFFHF76CC,連城段,.00,都市：住,,,,03430000
RPRQMLMKPHNFFHF76CC,連城段,.00,都市：住,,,,03580000
RPTNMLMKPHNFFGF56CC,鷺江段,.00,都市：商,,,,04790000
RPTNMLMKPHNFFGF56CC,鷺江段,.00,都市：商,,,,04800000
RPPOMLMKPHNFFEF68CC,新市段,8.16,都市：住,,,,01450001
RPVNMLMKPHNFFAF98EC,學林段,23.21,都市：住,,,,01620000
RPRQMLMKPHNFFBF88DC,國宅段,75.15,都市：住,,,,00030004
RPSPMLMKPHNFFIF86CC,復興段,.00,都市：商,,,,06160000
RPSPMLMKPHNFFIF86CC,復興段,.00,都市：商,,,,06170000
RPSPMLMKPHNFFIF86CC,復興段,.00,都市：商,,,,06180000
RPSPMLMKPHNFFIF86CC,復興段,.00,都市：商,,,,06190000
RPPPMLMKPHNFFIF56CC,復興段,.00,都市：商,,,,06160000
RPPPMLMKPHNFFIF56CC,復興段,.00,都市：商,,,,06170000
RPPPMLMKPHNFFIF56CC,復興段,.00,都市：商,,,,06180000
RPPPMLMKPHNFFIF56CC,復興段,.00,都市：商,,,,06190000
RPVNMLMKPHNFFBF88CC,中泰段,.00,都市：住,,,,04770000
RPRNMLMKPHNFFBF48CC,建林段,.00,都市：住,,,,04890000
RPUNMLMKPHNFFBF78CC,芳洲段,12.69,都市：住,,,,00300000
RPXNMLMKPHNFFDF66CC,新峰段,.00,都市：住,,,,17690000
RPXNMLMKPHNFFDF66CC,新峰段,.00,都市：住,,,,17700000
RPXNMLMKPHNFFDF66CC,新峰段,.00,都市：住,,,,17710001
RPVRMLMKPHNFFBF66CC,新樹段,24.02,都市：商,,,,05670001
RPQOMLMKPHNFFBF48CC,中山段,10.66,都市：住,,,,00390000
RPQNMLNKPHNFFDF68CC,智興段,.00,都市：商,,,,05520000
RPSUMLNKPHNFFAF66CC,城林段,176.93,都市：工,,,,05580000
RPSNMLNKPHNFFCF78CC,寶強段,10.26,都市：住,,,,00340005
RPSNMLNKPHNFFCF78CC,寶強段,1.05,都市：住,,,,00930000
RPSNMLNKPHNFFCF78CC,寶強段,170.34,都市：其他:捷運系統用地,,,,00940000
RPSNMLNKPHNFFCF78CC,寶強段,1.04,都市：住,,,,00950001
RPWPMLNKPHNFFIF37CC,大學段一小段,9.17,都市：住,,,,01860002
RPXPMLNKPHNFFIF47CC,大學段一小段,9.17,都市：住,,,,01860002
RPSNMLNKPHNFFBF68CC,安和段,.00,都市：工,,,,05180000
RPTNMLNKPHNFFGF66CC,光華段,.00,都市：住,,,,04260000
RPROMLNKPHNFFGF56CC,大安段,.00,都市：住,,,,08320000
RPQPMLNKPHNFFIF96EC,安溪段,13.82,都市：住,,,,13870000
RPWNMLNKPHNFFEF76CC,公司田段,24.03,都市：住,,,,01210000
RPTOMLNKPHNFFEF56CC,新興段,.00,非都市： ; 非都市編定：,,,,10760000
RPQQMLNKPHNFFEF09CC,淡海段,30.87,都市：住,,,,00770000
RPTNMLNKPHNFFHF76CC,中安段,6.01,都市：商,,,,00540000
RPSNMLOKPHNFFEF09CC,海鷗段,10.13,都市：住,,,,01260000
RPQRMLNKPHNFFHF86CC,復興段,.00,都市：住,,,,03410000
RPPNMLOKPHNFFEF78CC,公司田段,47.56,都市：住,,,,01210000
RPWNMLOKPHNFFEF86CC,馬偕段,11.34,都市：工,,,,01960000
RPTNMLOKPHNFFEF56CC,滬尾段,17.84,都市：商,,,,07950000
RPQNMLOKPHNFFBF58CC,榮富段,36.38,都市：住,,,,08680000
RPPNMLOKPHNFFBF48CC,中原段,24.26,都市：商,,,,01960000
RPRNMLOKPHNFFBF68CC,中泰段,33.64,都市：住,,,,02580000
RPTNMLOKPHNFFBF98DC,力行段,9.60,都市：住,,,,03060000
RPSNMLOKPHNFFBF78CC,榮富段,15.77,都市：住,,,,09060000
RPPNMLOKPHNFFIF56CC,大學段一小段,9.28,都市：住,,,,01860002
RPUNMLOKPHNFFBF98CC,榮富段,7.40,都市：住,,,,09290000
RPWNMLOKPHNFFBF56CC,副都心段五小段,5.19,都市：住,,,,00080000
RPVNMLOKPHNFFBF09CC,和平段,16.68,都市：住,,,,01850000
RPSOMLQKPHNFFCF56CC,順安段,.00,都市：住,,,,04040000
RPPQMLQKPHNFFCF09CC,復興段,35.56,都市：工,,,,04960000
RPXNMLOKPHNFFBF66CC,榮富段,18.13,都市：住,,,,07520000
RPROMLQKPHNFFDF56CC,崇德段,10905.97,都市：住,,,,02250000
RPPNMLPKPHNFFAF48CC,學成段,7.33,都市：住,,,,05440000
RPSNMLQKPHNFFBF98CC,中原段,.00,都市：住,,,,03290001
RPRUMLQKPHNFFAF86CC,介壽段,.00,都市：商,,,,02970000
RPPQMLQKPHNFFBF98CC,水碓段水碓窠小段,.00,都市：住,,,,01170000
RPVQMLQKPHNFFBF96CC,五股段,.00,都市：住,,,,03820000
RPORMLQKPHNFFBF56EC,新林段,26.16,都市：商,,,,03280000
RPWQMLQKPHNFFGF57CC,光華段,.00,都市：住,,,,01570000
RPWRMLQKPHNFFIF87CC,民生段,.00,都市：住,,,,06480000
RPSQMLQKPHNFFEF96CC,鄧公段,.00,都市：住,,,,02430000
RPOPMLQKPHNFFGF66CC,過田段,.00,都市：商,,,,07560000
RPVRMLQKPHNFFEF37CC,水仙段,38.55,都市：住,,,,02700000
RPPQMLQKPHNFFEF66CC,鄧公段,.00,都市：住,,,,02430000
RPXRMLQKPHNFFEF57CC,新市段,10.58,都市：商,,,,01450001
RPSSMLQKPHNFFEF17CC,馬偕段,6.81,都市：工,,,,01960000
RPPRMLRKPHNFFHF17CC,林森段,.00,都市：住,,,,00470000
RPOPMLRKPHNFFHF86CC,四維段,.00,都市：住,,,,01200000
RPXQMLRKPHNFFHF87CC,健康段,167.20,都市：工,,,,11600000
RPPPMLRKPHNFFHF96CC,四維段,.00,都市：住,,,,00370000
RPWRMLRKPHNFFHF87CC,板南段,.00,都市：工,,,,03110000
RPPNMLRKPHNFFEF09CC,海天段,.00,都市：住,,,,02160000
RPUOMLRKPHNFFEF07CC,公司田段,31.37,都市：住,,,,01360000
RPOPMLQKPHNFFHF76CC,德光段,.00,都市：住,,,,00160000
RPQPMLRKPHNFFEF76CC,新市段,10.58,都市：商,,,,01450001
RPWPMLRKPHNFFEF37CC,新市段,8.49,都市：商,,,,01450001
RPVOMLRKPHNFFIF57CC,大學段一小段,10.20,都市：住,,,,01860002
RPUOMLRKPHNFFBF76CC,國宅段,490.50,都市：住,,,,00920006
RPTPMLRKPHNFFBF76CC,五工段,.00,非都市：工業區 ; 非都市編定：丁種建築用地,,,,01850000
RPRPMLRKPHNFFBF56CC,中原段,42.89,都市：住,,,,03340000
RPOPMLRKPHNFFEF56CC,公司田段,49.97,都市：住,,,,01920000
RPSNMLRKPHNFFGF96CC,民義段,.00,都市：住,,,,07100000
RPSOMLRKPHNFFBF56CC,國宅段,490.50,都市：住,,,,00920006
RPVNMLRKPHNFFDF96CC,福德段,3.93,都市：住,,,,06200000
RPVNMLSKPHNFFCF96CC,雙城段,.00,都市：其他:已開發建築密集地區,,,,12780000
RPXPMLSKPHNFFDF47CC,建成段,15.67,都市：住,,,,06840000
RPXPMLSKPHNFFDF47CC,建成段,25.72,都市：住,,,,06860000
RPXPMLSKPHNFFDF47CC,建成段,3.73,都市：住,,,,06870000
RPXPMLSKPHNFFDF47CC,建成段,3.07,都市：住,,,,06880000
RPSOMLSKPHNFFBF66CC,明志段,18.61,都市：住,,,,05000000
RPUOMLSKPHNFFBF86CC,同榮段,20.10,都市：商,,,,08170000
RPUOMLSKPHNFFIF57CC,大學段一小段,5.88,都市：住,,,,01840000
RPTOMLSKPHNFFIF47CC,大學段一小段,21.92,都市：住,,,,00110000
RPWOMLSKPHNFFIF77CC,和平段,.04,都市：其他:道路用地,,,,04380002
RPWOMLSKPHNFFIF77CC,和平段,13.18,都市：住,,,,04380000
RPROMLSKPHNFFIF27CC,大學段一小段,5.88,都市：住,,,,01840000
RPSOMLSKPHNFFIF37CC,大學段二小段,16.31,都市：商,,,,00870000
RPOPMLSKPHNFFIF07CC,大學段一小段,5.34,都市：住,,,,00910000
RPSPMLSKPHNFFIF47CC,大學段二小段,16.25,都市：商,,,,00960000
RPQPMLSKPHNFFIF27CC,大學段一小段,15.55,都市：商,,,,00530000
RPSPMLSKPHNFFBF86DC,力行段,24.92,都市：住,,,,00330000
RPPPMLSKPHNFFIF17CC,民生段,12.28,都市：住,,,,06570000
RPPPMLSKPHNFFIF17CC,民生段,.02,都市：其他:道路用地,,,,06570002
RPQQMLSKPHNFFEF17EC,新市段,24.67,都市：住,,,,02040000
RPSNMLSKPHNFFDF96EC,福德段,.00,都市：住,,,,01720000
RPRNMLSKPHNFFDF86EC,福德段,.00,都市：住,,,,01720000
RPTNMLSKPHNFFDF07EC,福德段,.00,都市：住,,,,01720000
RPVNMLSKPHNFFDF27EC,福德段,.00,都市：住,,,,01720000
RPUNMLSKPHNFFDF17EC,福德段,.00,都市：住,,,,01720000
RPXNMLSKPHNFFDF47EC,福德段,.00,都市：住,,,,01720000
RPWNMLSKPHNFFDF37EC,福德段,.00,都市：住,,,,01720000
RPRPMLSKPHNFFDF07EC,福德段,.00,都市：住,,,,01720000
RPPPMLSKPHNFFDF86EC,福德段,.00,都市：住,,,,01720000
RPPNMLSKPHNFFHF86CC,大同段,.00,都市：住,,,,04030000
RPPOMLSKPHNFFDF76EC,福德段,.00,都市：住,,,,01720000
RPUSMLSKPHNFFEF57CC,海鷗段,2.62,都市：住,,,,11910000
RPSPMLSKPHNFFDF17EC,福德段,.00,都市：住,,,,01720000
RPXNMLSKPHNFFHF67CC,華中段,53.78,都市：住,,,,00190000
RPOOMLSKPHNFFHF86CC,民利段,19.25,都市：住,,,,11780000
RPXOMLSKPHNFFHF77CC,健康段,.00,都市：工,,,,05830000
RPQOMLSKPHNFFHF07CC,大同段,17.06,都市：住,,,,04120000
RPQPMLSKPHNFFHF17CC,大新段,.00,都市：商,,,,07820000
RPSNMLTKPHNFFHF27CC,南山段,.00,都市：住,,,,04230000
RPROMLTKPHNFFHF27CC,竹林段,.00,都市：住,,,,00480000
RPROMLTKPHNFFEF96CC,新興段,6.62,都市：住,,,,06460000
RPOPMLSKPHNFFHF96CC,板南段,.00,都市：工,,,,03820001
RPOPMLSKPHNFFHF96CC,板南段,.00,都市：工,,,,03820000
RPSPMLTKPHNFFEF17CC,公司田段,31.85,都市：住,,,,00550000
RPXOMLTKPHNFFEF57CC,鄧公段,4.78,都市：住,,,,03090000
RPTPMLTKPHNFFEF27CC,鄧公段,5.74,都市：住,,,,03090000
RPUPMLTKPHNFFEF37CC,鄧公段,5.74,都市：住,,,,03090000
RPTQMLTKPHNFFEF37CC,新市段,21.49,都市：住,,,,00970000
RPOPMLTKPHNFFIF17CC,樹德段,.00,都市：住,,,,05000000
RPQNMLTKPHNFFBF09CC,副都心段一小段,.00,都市：商,,,,00670000
RPQRMLTKPHNFFEF17CC,公司田段,162.38,都市：住,,,,01510000
RPROMLTKPHNFFCF76CC,寶強段,.00,都市：住,,,,00760000
RPROMLTKPHNFFCF76CC,寶強段,.00,都市：其他:道路用地,,,,00760001
RPUNMLTKPHNFFAF76CC,國光段,.00,都市：住,,,,04570000
RPURMLTKPHNFFAF17CC,埔墘段,49.23,都市：住,,,,00430000
RPPQMLTKPHNFFDF86CC,新峰段,.00,都市：住,,,,07560000
RPXOMLTKPHNFFDF47CC,福德段,3.05,都市：住,,,,08560000
RPXOMLTKPHNFFDF47CC,福德段,30.00,都市：住,,,,08510000
RPRNMLKLPHNFFAF28CC,江子翠段第二崁小段,.00,都市：住,,,,02340010
RPQNMLKLPHNFFBF28CC,和平段,.00,都市：住,,,,00920000
RPQOMLKLPHNFFDF78EC,福德段,4.13,都市：住,,,,09270000
RPRNMLKLPHNFFCF48CC,民安段,.00,都市：商,,,,09540000
RPTNMLKLPHNFFCF68CC,復興段,.00,都市：工,,,,05350000
RPSNMLKLPHNFFEF78CC,馬偕段,9.98,都市：工,,,,01960000
RPPOMLKLPHNFFDF68EC,福德段,5.46,都市：住,,,,09270000
RPQOMLKLPHNFFEF68CC,關渡段,.00,都市：住,,,,05870000
RPQOMLKLPHNFFEF68CC,關渡段,.00,都市：商,,,,05870002
RPTOMLKLPHNFFEF98CC,海天段,21.11,都市：住,,,,03880000
RPQNMLLLPHNFFEF68CC,新市段,28.83,都市：住,,,,00250000
RPRNMLLLPHNFFEF78CC,新市段,22.01,都市：住,,,,00250000
RPPPMLKLPHNFFEF68CC,公司田段,15.60,都市：住,,,,01930000
RPPNMLLLPHNFFGF78CC,福德北段,.00,都市：住,,,,01830000
RPPNMLLLPHNFFGF78CC,福德北段,.00,都市：商,,,,01870000
RPPNMLMLPHNFFGF88CC,集美段,.00,都市：住,,,,02930000
RPPNMLMLPHNFFGF88CC,集美段,.00,都市：住,,,,02930001
RPSQMLNLPHNFFGF96CC,保和段,.00,都市：住,,,,00270000
RPSNMLMLPHNFFGF56CC,菜寮段,.00,都市：住,,,,17210000
RPSNMLMLPHNFFGF56CC,菜寮段,.00,都市：住,,,,17220000
RPSOMLNLPHNFFIF96CC,武林段,.00,都市：住,,,,13880000
RPXNMLNLPHNFFAF76EC,江子翠段第二崁小段,11.16,都市：商,,,,01980000
RPXNMLNLPHNFFDF07EC,建成段,6.22,都市：住,,,,03270000
RPRQMLNLPHNFFEF66CC,水仙段,24.92,都市：住,,,,03370000
RPQOMLNLPHNFFDF09EC,保長段,8.60,都市：住,,,,10540000
RPOQMLNLPHNFFEF98CC,新市段,.00,都市：住,,,,02040000
RPSOMLNLPHNFFHF86CC,永安段,93.87,都市：商,,,,04410000
RPSOMLNLPHNFFHF86CC,永安段,52.89,都市：商,,,,04410001
RPSOMLNLPHNFFHF86CC,永安段,321.55,都市：商,,,,04420000
RPSOMLNLPHNFFHF86CC,永安段,65.60,都市：商,,,,04460000
RPSNMLNLPHNFFHF76CC,圓通段,.00,都市：住,,,,00160000
RPUOMLNLPHNFFHF07CC,瓦?段,.00,都市：住,,,,05240000
RPTPMLNLPHNFFDF86EC,保長段,.00,都市：住,,,,09950000
RPRNMLNLPHNFFBF68CC,副都心段一小段,.00,都市：商,,,,02810002
RPRRMLNLPHNFFHF07CC,仁愛段,.00,都市：其他:捷運系統用地,,,,02850000
RPRQMLNLPHNFFBF98CC,力行段,9.63,都市：商,,,,08190000
RPOPMLNLPHNFFBF58CC,五工段,1132.00,非都市：工業區 ; 非都市編定：丁種建築用地,,,,01460000
RPSQMLNLPHNFFBF09CC,力行段,10.13,都市：住,,,,09950000
RPUQMLNLPHNFFBF66CC,力行段,.00,都市：住,,,,10780000
RPVRMLNLPHNFFBF86CC,福基段,.00,都市：工,,,,03580000
RPUSMLNLPHNFFBF86CC,芳洲段,.00,都市：住,,,,01440000
RPVSMLNLPHNFFBF96CC,芳洲段,.00,都市：住,,,,00390000
RPTNMLNLPHNFFCF98CC,復興段,.00,都市：工,,,,05350000
RPRNMLNLPHNFFDF88CC,同新段,11.64,都市：工,,,,00130000
RPOOMLNLPHNFFDF68CC,環河段,51.38,都市：工,,,,07230000
RPWNMLNLPHNFFDF76CC,同新段,9.95,都市：工,,,,00130000
RPTOMLNLPHNFFDF56CC,北山段,7.49,都市：住,,,,05140000
RPPNMLOLPHNFFDF78CC,智興段,.00,都市：其他:市場用地,,,,10610000
RPTOMLOLPHNFFDF66CC,保長段,.00,都市：住,,,,10540000
RPTNMLOLPHNFFCF09CC,莊敬段,.00,都市：工,,,,07130000
RPPNMLOLPHNFFBF58CC,民安段,.00,都市：工,,,,02150000
RPOPMLOLPHNFFAF58CC,永寧段,.00,都市：商,,,,00660000
RPXNMLOLPHNFFHF37CC,健康段,.00,都市：商,,,,11590000
RPPPMLOLPHNFFBF78CC,後港段,.00,都市：住,,,,07190000
RPRPMLOLPHNFFEF66CC,馬偕段,7.03,都市：工,,,,01960000
RPTNMLOLPHNFFEF66CC,新市段,.00,都市：商,,,,01450001
RPVOMLOLPHNFFEF96CC,海天段,15.18,都市：住,,,,02250000
RPSNMLOLPHNFFHF07EC,雙和段,70.03,都市：住,,,,01860000
RPROMLOLPHNFFIF96CC,大埔段大埔小段,291.00,非都市：一般農業區 ; 非都市編定：農牧用地,,,,02130001
RPOQMLOLPHNFFEF09CC,淡海段,.00,都市：住,,,,00240000
RPUNMLOLPHNFFIF17CC,大學段一小段,5.88,都市：住,,,,01840000
RPVOMLOLPHNFFGF17CC,永德段,.00,都市：工,,,,14540000
RPPOMLPLPHNFFGF66CC,仁愛段,.00,都市：住,,,,08440000
RPQNMLPLPHNFFEF09CC,竹圍段,.00,都市：商,,,,04330000
RPVOMLPLPHNFFIF47CC,東山段,.00,都市：工,,,,00110003
RPPOMLPLPHNFFEF09CC,海天段,.00,都市：工,,,,04600000
RPUNMLPLPHNFFIF27CC,大學段一小段,9.20,都市：住,,,,01860002
RPWPMLPLPHNFFHF57CC,保健段,.00,都市：住,,,,06140000
RPQQMLPLPHNFFHF07CC,莒光段,.00,都市：住,,,,09310000
RPRNMLPLPHNFFEF56CC,竹圍段,.00,都市：商,,,,03900000
RPOQMLPLPHNFFHF86CC,廟美段,.00,都市：住,,,,05890000
RPRQMLPLPHNFFHF17CC,民利段,.00,都市：住,,,,11730000
RPORMLPLPHNFFHF96CC,中和段,.00,都市：住,,,,04520000
RPUQMLPLPHNFFHF47CC,竹林段,.00,都市：住,,,,01790000
RPXNMLPLPHNFFBF86CC,榮富段,.00,都市：住,,,,07020000
RPVOMLPLPHNFFBF76CC,中原段,.00,都市：住,,,,00020000
RPQRMLPLPHNFFBF56CC,建林段,.00,都市：住,,,,01440000
RPUQMLPLPHNFFBF86CC,副都心段一小段,.00,都市：商,,,,00520000
RPWNMLPLPHNFFAF66CC,城林段,123.66,都市：工,,,,05950000
RPTRMLPLPHNFFAF76CC,員和段,134.06,都市：住,,,,08100000
RPVNMLPLPHNFFCF76CC,復興段,377.64,都市：工,,,,03800000
RPRPMLQLPHNFFAF09CC,沛陂段,.00,都市：住,,,,04090000
RPRNMLQLPHNFFDF56CC,智興段,6.01,都市：住,,,,01040000
RPSNMLQLPHNFFDF66CC,智興段,6.08,都市：住,,,,01040000
RPQNMLQLPHNFFDF09CC,智興段,6.01,都市：住,,,,01040000
RPTNMLQLPHNFFDF76CC,智興段,7.28,都市：住,,,,01040000
RPUNMLQLPHNFFDF86CC,智興段,4.47,都市：住,,,,01040000
RPSOMLPLPHNFFCF56CC,北宜段,.00,都市：其他:捷運系統用地,,,,02980000
RPXNMLQLPHNFFDF17CC,建成段,.00,都市：住,,,,07090000
RPOOMLQLPHNFFDF98CC,智興段,.00,都市：商,,,,04410000
RPVNMLQLPHNFFDF96CC,智興段,6.00,都市：住,,,,02890000
RPVTMLQLPHNFFBF37CC,新豐段,9.75,都市：商,,,,00100000
RPPOMLQLPHNFFDF09CC,崇德段,.00,都市：住,,,,15160000
RPOPMLQLPHNFFHF86CC,德光段,.00,都市：住,,,,00160000
RPTRMLQLPHNFFHF57CC,秀山段,.00,都市：住,,,,02920000
RPUNMLQLPHNFFEF96CC,新市段,16.06,都市：住,,,,01680000
RPQQMLQLPHNFFEF86CC,水仙段,52.08,都市：住,,,,03500000
RPRPMLQLPHNFFEF86CC,新市段,8.19,都市：住,,,,00450000
RPUQMLQLPHNFFIF67CC,東昇段,.00,都市：住,,,,04760000
RPTQMLQLPHNFFIF57CC,建國段,22.06,都市：住,,,,01810000
RPUQMLQLPHNFFIF67CC,東昇段,.00,都市：其他:道路用地,,,,04760001
RPVPNLRLPHNFFAF27EC,新雅段,.00,都市：住,,,,06280000
RPSPMLQLPHNFFGF17CC,正義段,.00,都市：住,,,,03400000
RPWRMLRLPHNFFEF67CC,新市段,16.61,都市：住,,,,01860000
RPTNMLRLPHNFFDF07EC,保安段,.00,都市：住,,,,09680000
RPTNMLRLPHNFFDF07EC,保安段,.00,都市：其他:保護區,,,,09680001
RPUNMLRLPHNFFBF76CC,芳洲段,.00,都市：商,,,,01410000
RPOSMLRLPHNFFEF96CC,新興段,9.27,都市：住,,,,07890000
RPVNMLRLPHNFFBF86CC,芳洲段,.00,都市：商,,,,01410000
RPOOMLRLPHNFFBF88CC,芳洲段,.00,都市：商,,,,01410000
RPROMLRLPHNFFBF56CC,新豐段,15.00,都市：商,,,,00010000
RPTPMLRLPHNFFBF86CC,副都心段一小段,.00,都市：商,,,,03070000
RPQNMLRLPHNFFDF56CC,智興段,.00,都市：商,,,,04410000
RPQPMLRLPHNFFDF76CC,福德段,12.64,都市：住,,,,01720000
RPVOMLRLPHNFFCF07CC,寶興段,25.20,都市：住,,,,02460000
RPQQMLRLPHNFFBF66CC,德音段,.00,都市：住,,,,06430000
RPVPMLRLPHNFFCF17CC,寶橋段,.00,都市：工,,,,03280000
RPPNMLSLPHNFFBF98CC,陸光段,.00,都市：住,,,,02500000
RPPNMLSLPHNFFBF98CC,陸光段,.00,都市：住,,,,02510000
RPQNMLSLPHNFFBF09CC,榮富段,.00,都市：住,,,,08940000
RPXOMLRLPHNFFDF37CC,福德段,10.58,都市：住,,,,01720000
RPRNMLSLPHNFFBF56CC,忠孝段,.00,都市：住,,,,04520000
RPSNMLSLPHNFFEF96CC,竹圍段,.00,都市：住,,,,06770000
RPSNMLSLPHNFFEF96CC,竹圍段,.00,都市：住,,,,08030002
RPSNMLSLPHNFFEF96CC,竹圍段,.00,都市：其他:公園用地,,,,08030004
RPSNMLSLPHNFFEF96CC,竹圍段,.00,都市：住,,,,08090001
RPSNMLSLPHNFFEF96CC,竹圍段,.00,都市：住,,,,08120001
RPQNMLSLPHNFFHF07CC,保生段,.00,都市：住,,,,04680000
RPTNMLSLPHNFFEF07CC,關渡段,.00,都市：商,,,,05870002
RPTNMLSLPHNFFEF07CC,關渡段,.00,都市：住,,,,05870000
RPRNMLSLPHNFFHF17CC,錦和段,.00,都市：住,,,,01640000
RPPNMLSLPHNFFIF07CC,安溪段,.00,都市：商,,,,06620000
RPRNMLSLPHNFFEF86CC,龍米段,.00,都市：住,,,,07660000
RPSNMLSLPHNFFHF27CC,保生段,.00,都市：住,,,,03830000
RPWNMLSLPHNFFIF77CC,大學段一小段,9.17,都市：住,,,,01860002
RPOOMLSLPHNFFIF07CC,大學段一小段,9.20,都市：住,,,,01860002
RPPNMLTLPHNFFEF76CC,水仙段,2.48,都市：住,,,,00670000
RPUNMLKMPHNFFEF09CC,新市段,20.20,都市：住,,,,00780000
RPPNMLTLPHNFFEF76CC,水仙段,.46,都市：住,,,,00670003
RPOPMLKMPHNFFEF68CC,公司田段,21.01,都市：住,,,,00210000
RPXOMLKMPHNFFEF86CC,公司田段,.00,都市：住,,,,00190000
RPTOMLKMPHNFFIF86CC,大學段二小段,16.67,都市：商,,,,00900000
RPUOMLKMPHNFFIF96CC,大學段一小段,10.07,都市：商,,,,00530000
RPTPMLKMPHNFFAF98EC,府中段,.00,都市：商,,,,16660000
RPTPMLKMPHNFFAF98EC,府中段,.00,都市：其他:道路用地,,,,16660015
RPSNMLKMPHNFFHF56CC,安平段,.00,都市：住,,,,08400000
RPPPMLKMPHNFFIF56CC,永昌段,.00,都市：工,,,,07050008
RPVOMLKMPHNFFHF96CC,信義段,90.70,都市：商,,,,03540000
RPUPMLKMPHNFFAF09EC,幸福段,.00,都市：住,,,,01220000
RPVNNLKMPHNFFAF09EC,江子翠段溪頭小段,.00,都市：住,,,,01320000
RPWRMLKMPHNFFBF76CC,思賢段,.00,都市：住,,,,07680000
RPOONLKMPHNFFAF48EC,新板段三小段,7.96,都市：其他:第二種特定專用區,,,,00250000
RPPNMLKMPHNFFCF38CC,莊敬段,.00,都市：住,,,,00300000
RPPNMLKMPHNFFCF38CC,莊敬段,.00,都市：農,,,,00300003
RPUUMLKMPHNFFBF86CC,芳洲段,.00,都市：商,,,,01360000
RPQNMLKMPHNFFCF48CC,福園段,.00,都市：住,,,,05980000
RPWOMLKMPHNFFGF96CC,中原段,.00,都市：住,,,,03420000
RPQNMLKMPHNFFCF48CC,福園段,.00,都市：其他:道路用地,,,,05980001
RPQNMLKMPHNFFCF48CC,福園段,.00,都市：其他:道路用地,,,,05980002
RPOOMLKMPHNFFCF38CC,安和段,.00,都市：住,,,,04330000
RPUNNLKMPHNFFAF78CC,介壽段,.00,都市：商,,,,01130000
RPRNMLKMPHNFFDF68CC,昊天段,23.30,都市：工,,,,08720000
RPSUMLKMPHNFFBF66CC,石德段,.00,都市：住,,,,00420000
RPRNMLKMPHNFFDF68CC,同新段,.73,都市：工,,,,00060000
RPXNMLKMPHNFFDF66CC,智興段,.00,都市：商,,,,05110000
RPQNMLLMPHNFFDF68CC,昊天段,166.00,都市：工,,,,10860000
RPOOMLKMPHNFFDF48CC,智興段,.00,都市：商,,,,05110000
RPVNMLLMPHNFFCF09CC,北新段,.00,都市：住,,,,05980000
RPVNMLLMPHNFFCF09CC,北新段,.00,都市：農,,,,05980001
RPPQMLLMPHNFFAF58CC,國光段,15.50,都市：住,,,,05780000
RPPQMLLMPHNFFAF58CC,國光段,12.25,都市：住,,,,05790002
RPTOMLLMPHNFFBF88CC,麗林段,.00,都市：商,,,,04070000
RPWPMLLMPHNFFBF66CC,新豐段,25.00,都市：商,,,,00010000
RPRVMLLMPHNFFBF76CC,中原段,17.54,都市：商,,,,01950000
RPXOMLLMPHNFFBF66CC,新林段,20.33,都市：商,,,,10960000
RPWUMLLMPHNFFBF17CC,國宅段,15.32,都市：住,,,,00070006
RPSVMLLMPHNFFBF86CC,副都心段一小段,9.85,都市：住,,,,03290000
RPTVMLLMPHNFFBF96CC,榮富段,34.61,都市：住,,,,07260000
RPTNMLLMPHNFFHF76CC,大同段,.00,都市：住,,,,01380000
RPPWMLLMPHNFFBF66CC,榮富段,10.97,都市：住,,,,09290000
RPXVMLLMPHNFFBF37CC,榮富段,6.11,都市：住,,,,03870000
RPWPMLLMPHNFFHF27CC,保平段,.00,都市：商,,,,10550000
RPSOMLLMPHNFFHF76CC,秀峰段,.00,都市：住,,,,01800000
RPVOMLLMPHNFFBF66EC,民安段,.00,都市：工,,,,03880000
RPWOMLLMPHNFFHF17CC,秀峰段,.00,都市：住,,,,01800000
RPQOMLLMPHNFFHF56CC,秀峰段,.00,都市：住,,,,01800000
RPQPMLLMPHNFFEF98CC,滬尾段,.00,非都市： ; 非都市編定：,,,,02360000
RPQOMLLMPHNFFEF88CC,新市段,8.30,都市：其他:第三之一種中心商業區,,,,01450001
RPVOMLLJQHNFFEF56CC,新市段,.00,都市：商,,,,01450001
RPXOMLLMPHNFFEF96CC,竹圍段,.00,非都市： ; 非都市編定：,,,,07780000
RPXOMLLJQHNFFHF07CC,橋和段,.00,都市：工,,,,00330000
RPTNMLLJQHNFFEF88CC,公司田段,2.68,都市：住,,,,00910000
RPWPMLLJQHNFFEF76CC,公司田段,.41,都市：住,,,,00050000
RPPPMLLJQHNFFHF98CC,中信段,.00,都市：商,,,,00100000
RPUNMLLJQHNFFBF68CC,思源段,.00,都市：住,,,,03640000
RPSNMLLJQHNFFBF48CC,麗林段,.00,都市：商,,,,04070000
RPVNMLLJQHNFFBF78CC,國宅段,.00,都市：住,,,,00180005
RPQOMLLJQHNFFBF38CC,副都心段一小段,.00,都市：商,,,,00270000
RPSQMLLJQHNFFBF78CC,化成段,138.46,都市：工,,,,05260000
RPQNMLLJQHNFFAF18CC,力行段,16.33,都市：住,,,,04080013
RPURMLLJQHNFFBF09CC,芳洲段,.00,都市：商,,,,01410000
RPXPMLMJQHNFFAF56CC,光仁段,.00,都市：住,,,,15520000
RPPNMLMJQHNFFAF18CC,光華段,.00,都市：住,,,,01480000
RPXPMLMJQHNFFAF56CC,光仁段,.00,都市：住,,,,15520001
RPRNMLLJQHNFFCF48CC,大豐段,28.04,都市：住,,,,00050000
RPOOMLMJQHNFFDF48CC,智興段,.00,都市：其他:市場用地,,,,10610000
RPROMLMJQHNFFBF58CC,中原段,.00,都市：住,,,,01180000
RPPOMLMJQHNFFDF58CC,智興段,.00,都市：商,,,,04410000
RPVQMLMJQHNFFBF56CC,副都心段一小段,.00,都市：商,,,,02890000
RPWOMLMJQHNFFHF07CC,安平段,.00,都市：住,,,,00430000
RPWOMLMJQHNFFHF07CC,安平段,.00,都市：住,,,,00440000
RPSUMLMJQHNFFBF66CC,忠孝段,.00,都市：住,,,,05850000
RPTOMLMJQHNFFHF76CC,保福段,.00,都市：住,,,,14170000
RPOPMLMJQHNFFEF68CC,馬偕段,6.69,都市：工,,,,01960000
RPTPMLMJQHNFFEF56CC,馬偕段,6.69,都市：工,,,,01960000
RPOPMLMJQHNFFGF88CC,中興段,17.49,都市：工,,,,07940000
RPRNMLMJQHNFFGF98CC,成功段,.00,都市：住,,,,01960000
RPUPMLMJQHNFFHF96CC,華福段,.00,都市：住,,,,04040000
RPTNMLMJQHNFFEF98CC,新興段,.00,都市：住,,,,06470000
RPWOMLMJQHNFFEF96EC,公司田段,8.76,都市：住,,,,00890000
RPOOMLNJQHNFFIF09CC,大學段一小段,5.88,都市：住,,,,01840000
RPQNMLNJQHNFFGF98CC,光華段,.00,都市：住,,,,08480000
RPPNMLNJQHNFFEF68CC,正德段,5.98,都市：住,,,,07480000
RPPOMLNJQHNFFIF56CC,民生段,27.43,都市：住,,,,06050000
RPPQMLNJQHNFFEF98CC,公司田段,26.09,都市：住,,,,00880001
RPQNMLNJQHNFFEF78CC,新市段,42.03,都市：商,,,,02270000
RPRNMLNJQHNFFEF88CC,仁愛段,12.26,都市：住,,,,00910000
RPTNMLNJQHNFFHF76CC,莊敬段,.00,都市：商,,,,06570000
RPTNMLNJQHNFFHF76CC,莊敬段,.00,都市：商,,,,06590000
RPVOMLNJQHNFFHF07CC,安平段,.00,都市：住,,,,08400000
RPXOMLNJQHNFFHF27CC,保生段,.00,都市：住,,,,00460000
RPOQMLNJQHNFFHF56CC,瓦?段,.00,都市：商,,,,02000000
RPOQMLNJQHNFFHF56CC,瓦?段,.00,都市：商,,,,02010000
RPQNMLNJQHNFFBF48CC,全安段,.00,都市：住,,,,06350000
RPQPMLNJQHNFFHF66CC,景平段,.00,都市：商,,,,01830000
RPQQMLNJQHNFFHF76CC,員山段,.00,都市：住,,,,06300000
RPUPMLNJQHNFFHF07CC,圓通段,15.18,都市：住,,,,03580000
RPTNMLNJQHNFFBF78CC,信華段一小段,.00,都市：住,,,,00260000
RPOTMLNJQHNFFBF88CC,力行段,18.88,都市：住,,,,00360000
RPPRMLNJQHNFFHF76CC,國道段,21.08,都市：住,,,,01640000
RPSNMLNJQHNFFBF68CC,信華段一小段,.00,都市：住,,,,00260000
RPSTMLNJQHNFFBF66CC,建林段,.09,都市：商,,,,03800000
RPSTMLNJQHNFFBF66CC,建林段,15.09,都市：商,,,,03800001
RPQUMLNJQHNFFAF09CC,力行段,13.16,都市：住,,,,04080004
RPUTMLNJQHNFFBF86CC,雙鳳段,.00,都市：住,,,,07190000
RPUOMLNJQHNFFCF09CC,福園段,.00,都市：住,,,,09560000
RPSNMLOJQHNFFIF86CC,大學段一小段,9.20,都市：住,,,,01860002
RPSOMLNJQHNFFDF98CC,北山段,.00,都市：住,,,,10330000
RPPNMLPJQHNFFEF88CC,馬偕段,5.67,都市：工,,,,01960000
RPUNMLOJQHNFFEF66CC,新市段,27.86,都市：住,,,,00450000
RPQNMLPJQHNFFEF98CC,竹圍段,20.60,都市：住,,,,06770000
RPQNMLPJQHNFFEF98CC,竹圍段,.26,都市：住,,,,08030002
RPQNMLPJQHNFFEF98CC,竹圍段,.00,都市：其他:公園用地,,,,08030004
RPQNMLPJQHNFFEF98CC,竹圍段,.09,都市：住,,,,08090001
RPQNMLPJQHNFFEF98CC,竹圍段,.28,都市：住,,,,08120001
RPSNMLPJQHNFFEF56CC,公司田段,18.50,都市：住,,,,01920000
RPSNMLQJQHNFFEF66CC,學府段,25.34,都市：住,,,,08060000
RPSTMLQJQHNFFEF27CC,新市段,.00,都市：商,,,,01450000
RPOPMLQJQHNFFEF09CC,中興段,20.11,都市：住,,,,02600000
RPVOMLQJQHNFFEF07CC,海天段,8.04,都市：住,,,,05480000
RPPNMLQJQHNFFHF66CC,保福段,.00,都市：住,,,,12630000
RPRNMLQJQHNFFHF86CC,永平段,.00,都市：其他:( 部分住宅區 部分道路用地 ),,,,09420000
RPRNMLQJQHNFFHF86CC,永平段,.00,都市：商,,,,09440000
RPQNMLQJQHNFFHF76CC,永安段,.00,都市：住,,,,03730000
RPTNMLQJQHNFFHF07CC,安樂段,.00,都市：住,,,,05000000
RPXNMLQJQHNFFHF47CC,連城段,.00,都市：住,,,,02790000
RPVNMLQJQHNFFHF27CC,捷運段,.00,都市：住,,,,00080000
RPTPMLQJQHNFFHF27CC,中原段,.00,都市：工,,,,02780000
RPOOMLQJQHNFFCF78CC,北宜段,.00,都市：其他:(捷運系統用地),,,,02980000
RPVNMLQJQHNFFCF76CC,北宜段,.00,都市：住,,,,00360000
RPVNMLQJQHNFFCF76CC,北宜段,.00,都市：住,,,,00360004
RPVNMLQJQHNFFCF76CC,北宜段,.00,都市：住,,,,00500000
RPVNMLQJQHNFFCF76CC,北宜段,.00,都市：住,,,,00510002
RPVNMLQJQHNFFCF76CC,北宜段,.00,都市：住,,,,00530007
RPOPMLQJQHNFFCF88CC,寶橋段,30.26,都市：工,,,,04380000
RPSNMLQJQHNFFAF88CC,學成段,.00,都市：住,,,,07850000
RPWNMLRJQHNFFDF07CC,智興段,.00,都市：商,,,,04410000
RPXNMLRJQHNFFHF57CC,南山段,.00,都市：其他:部分住宅區部分捷運系統用地,,,,08540000
RPQNMLQJQHNFFBF78CC,力行段,.00,都市：住,,,,09950000
RPXOMLRJQHNFFHF67CC,南山段,.00,都市：其他:部分住宅區部分捷運系統用地,,,,08540000
RPUOMLRJQHNFFHF37CC,安樂段,.00,都市：住,,,,04690000
RPUOMLRJQHNFFHF37CC,安樂段,.00,都市：住,,,,04700000
RPTNMLQJQHNFFBF09CC,副都心段一小段,.00,都市：住,,,,00780000
RPROMLRJQHNFFDF66CC,建成段,1.69,都市：商,,,,05750000
RPQPMLRJQHNFFHF07CC,捷運段,.00,都市：其他:捷運系統用地,,,,00080000
RPUOMLRJQHNFFIF47CC,大學段一小段,10.86,都市：住,,,,01860002
RPXQMLRJQHNFFEF57CC,滬尾段,46.65,都市：商,,,,03570000
RPSNMLRJQHNFFIF37EC,永昌段,.00,都市：工,,,,07050008
RPTVMLSJQHNFFAF57EC,新興段,14.40,都市：商,,,,01150000
RPVOMLRJQHNFFIF57CC,大學段一小段,10.75,都市：住,,,,01860002
RPPPMLSJQHNFFBF56DC,國宅段,16.23,都市：住,,,,00180000
RPUOMLSJQHNFFBF96DC,建林段,10.47,都市：商,,,,00160000
RPQSMLRJQHNFFAF86EC,力行段,25.67,都市：住,,,,04080004
RPPOMLSJQHNFFEF66CC,新興段,13.87,都市：住,,,,07420000
RPVRMLSJQHNFFEF57CC,新市段,8.44,都市：商,,,,01450001
RPUTMLSJQHNFFEF67CC,鄧公段,.00,非都市： ; 非都市編定：,,,,06300000
RPQUMLSJQHNFFEF37CC,馬偕段,8.39,都市：工,,,,01960000
RPRRMLSJQHNFFEF17CC,水仙段,.00,非都市： ; 非都市編定：,,,,03190000
RPPUMLSJQHNFFEF27CC,馬偕段,6.69,都市：工,,,,01960000
RPQOMLSJQHNFFHF07CC,大智段,.00,都市：住,,,,06370000
RPQPMLSJQHNFFHF17CC,民治段,.00,都市：住,,,,09930000
RPXTMLSJQHNFFEF97CC,鄧公段,.00,非都市： ; 非都市編定：,,,,05990000
RPTPMLSJQHNFFHF47CC,中和段,.00,都市：住,,,,06360000
RPRPMLSJQHNFFHF27CC,華中段,25.43,都市：住,,,,00480000
RPUQMLSJQHNFFHF67CC,雙和段,.00,都市：住,,,,08160000
RPPQMLSJQHNFFHF17CC,永平段,.00,都市：住,,,,01300000
RPPQMLSJQHNFFHF17CC,永平段,.00,都市：住,,,,01310000
RPPQMLSJQHNFFHF17CC,永平段,.00,都市：住,,,,01320000
RPWNMLSJQHNFFBF96CC,榮和段,.00,都市：住,,,,07840000
RPQPMLSJQHNFFBF56CC,福營段,.00,都市：工,,,,06820000
RPOQMLSJQHNFFBF09CC,雙鳳段,.00,都市：住,,,,07010000
RPOQMLSJQHNFFBF09CC,龍鳳段,.00,都市：住,,,,07780000
RPOPMLTJQHNFFBF09CC,建林段,.00,都市：住,,,,03360000
RPRRMLSJQHNFFBF86CC,建林段,28.75,都市：住,,,,04890000
RPTOMLTJQHNFFBF86CC,建林段,29.86,都市：住,,,,04890000
RPXPMLTJQHNFFBF37CC,國宅段,15.46,都市：住,,,,00110002
RPPQMLTJQHNFFBF66CC,力行段,27.21,都市：商,,,,08530000
RPXOMLTJQHNFFBF27CC,國宅段,15.78,都市：住,,,,00180000
RPUNMLTJQHNFFDF07CC,智興段,.00,都市：商,,,,04410000
RPRQMLTJQHNFFDF07CC,保安段,28.52,都市：工,,,,11910000
RPVNMLTJQHNFFDF17CC,大同段,.00,都市：工,,,,01260000
RPWPMLTJQHNFFEF57CC,公司田段,28.95,都市：住,,,,01360000
RPVPMLTJQHNFFEF47CC,馬偕段,5.67,都市：工,,,,01960000
RPWOMLTJQHNFFCF27CC,安德段,.00,都市：住,,,,09350000
RPTNMLTJQHNFFGF27CC,中山段,.00,都市：住,,,,02330000
RPPSMLTJQHNFFAF96EC,安和段,.00,都市：住,,,,06670000
RPPOMLTJQHNFFIF17CC,大學段一小段,5.88,都市：住,,,,01840000
RPXPMLTJQHNFFEF67CC,海天段,4.68,都市：住,,,,01900000
RPQPMLTJQHNFFHF27CC,大智段,.00,都市：住,,,,07470000
RPQPMLTJQHNFFHF27CC,大智段,.00,都市：其他:道路用地,,,,07470001
RPQPMLTJQHNFFHF27CC,大智段,.00,都市：住,,,,07480000
RPQPMLTJQHNFFHF27CC,大智段,.00,都市：其他:捷運系統用地,,,,07480001
RPQPMLTJQHNFFHF27CC,大智段,.00,都市：其他:捷運系統用地,,,,07480002
RPQPMLTJQHNFFHF27CC,大智段,.00,都市：其他:捷運系統用地,,,,07480003
RPQPMLTJQHNFFHF27CC,大智段,.00,都市：其他:機關用地,,,,07480004
RPXNMLTJQHNFFIF87CC,大學段二小段,18.46,都市：住,,,,00740000
RPROMLTJQHNFFIF37CC,大學段二小段,1.01,都市：住,,,,01290000
RPROMLTJQHNFFIF37CC,大學段二小段,21.05,都市：住,,,,01290002
RPROMLTJQHNFFIF37CC,大學段二小段,3.49,都市：住,,,,01290023
RPWNMLTJQHNFFIF77CC,大學段一小段,5.88,都市：住,,,,01840000
RPSOMLTJQHNFFIF47CC,大學段一小段,9.27,都市：住,,,,01860002
RPVPMLTJQHNFFIF08EC,中園段,30.22,都市：住,,,,03780000
RPVPMLTJQHNFFIF87CC,安溪段,145.04,都市：住,,,,07930000
RPVOMLKKQHNFFGF76CC,五谷王段,773.17,都市：住,,,,01630000
RPVPMLTJQHNFFIF87CC,安溪段,89.40,都市：住,,,,07940000
RPVOMLKKQHNFFGF76CC,五谷王段,427.19,都市：住,,,,01640000
RPVOMLKKQHNFFGF76CC,五谷王段,424.26,都市：住,,,,01650000
RPTOMLTJQHNFFIF57CC,二橋段,24.47,都市：住,,,,05290000
RPRNMLKKQHNFFEF68CC,新市段,.00,都市：住,,,,02110000
RPXNMLKKQHNFFIF07CC,大學段一小段,10.20,都市：住,,,,01860002
RPPNMLKKQHNFFHF78CC,文化段,.00,都市：住,,,,00860000
RPQNMLKKQHNFFGF78CC,安慶段,.00,都市：商,,,,00190000
RPPOMLKKQHNFFCF48DC,莊敬段,2935.04,都市：工,,,,05430000
RPUNMLKKQHNFFHF66CC,公園段,.00,都市：住,,,,06290000
RPROMLKKQHNFFHF09CC,健康段,.00,都市：工,,,,11020000
RPTNMLKKQHNFFHF56CC,圓通段,.00,都市：住,,,,05770000
RPUOMLKKQHNFFHF76CC,中安段,.00,都市：商,,,,06460000
RPUOMLKKQHNFFHF76CC,中安段,.00,都市：住,,,,06510000
RPQOMLKKQHNFFHF98CC,永平段,10.29,都市：住,,,,07130000
RPQOMLKKQHNFFHF98CC,永平段,.01,都市：其他:道路用地,,,,07130001
RPVOMLKKQHNFFHF86CC,中安段,.00,都市：商,,,,00370000
RPTOMLKKQHNFFAF58CC,江子翠段第二崁小段,.00,都市：住,,,,02340010
RPRPMLKKQHNFFHF56CC,秀山段,.00,都市：住,,,,02920000
RPXPMLKKQHNFFHF17CC,民權段,.00,都市：住,,,,03310000
RPSVMLKKQHNFFAF56CC,江子翠段第二崁小段,.00,都市：住,,,,02310000
RPXQMLKKQHNFFAF56CC,江子翠段第一崁小段,30.50,都市：住,,,,01000073
RPQOMLKKQHNFFBF38CC,力行段,.00,都市：商,,,,02590001
RPURMLKKQHNFFAF98CC,中山段,9.83,都市：其他:第一種特定專用區,,,,06680000
RPPNMLKKQHNFFDF38CC,昊天段,.00,都市：住,,,,11000000
RPPNMLKKQHNFFDF38CC,昊天段,.00,都市：住,,,,11650003
RPPNMLKKQHNFFDF38CC,昊天段,.00,都市：其他:道路用地,,,,11650004
