﻿編號,土地位置,土地移轉面積(平方公尺),使用分區或編定,權利人持分分母,權利人持分分子,移轉情形,地號
The serial number, land position,land shifting area square meter,the use zoning or compiles and checks,,,,land parcel
RPSPMLPKNHNFFBG98CC,金六結段七結小段,.00,都市：住,,,,01050069
RPQOMLPKNHNFFAG78EC,南昌段,23.55,都市：住,,,,07600000
RPROMLRKNHNFFAG09EC,水源段,71.59,非都市：特定農業區 ; 非都市編定：甲種建築用地,,,,03320008
RPROMLRKNHNFFAG09EC,水源段,14.26,非都市：特定農業區 ; 非都市編定：甲種建築用地,,,,03320007
RPROMLRKNHNFFAG09EC,水源段,12.00,非都市：特定農業區 ; 非都市編定：甲種建築用地,,,,03320000
RPOPMLQKNHNFFBG68CC,坤門三段,.00,都市：住,,,,07070000
RPRNMLSKNHNFFAG88CC,和平段,.00,都市：住,,,,04050008
RPSOMLRKNHNFFAG56EC,中華段,122.11,都市：住,,,,01830015
RPOOMLRKNHNFFAG58CC,協孝段,.00,非都市：特定農業區 ; 非都市編定：甲種建築用地,,,,09500000
RPSNMLLLNHNFFAG38CC,隆昌段,12.87,都市：住,,,,07600000
RPSOMLLLNHNFFAG48CC,信義段,.00,都市：商,,,,07000000
RPQOMLMLNHNFFBG48CC,保安段,.00,都市：住,,,,03710000
RPQNMLLLNHNFFBG28CC,金六結段金結小段,.00,都市：住,,,,00580012
RPRRMLKMNHNFFAG68CC,興東段,10.89,都市：商,,,,09060000
RPUOMLMLNHNFFBG88CC,金六結段七結小段,.00,都市：住,,,,00440078
RPUOMLMLNHNFFBG88CC,金六結段七結小段,.00,都市：住,,,,00490023
RPRNMLRJOHNFFAG78CC,頂寮段,316.92,非都市：工業區 ; 非都市編定：丁種建築用地,,,,06010000
RPRNMLNLNHNFFBG58CC,永同段,1012.00,非都市：特定農業區 ; 非都市編定：農牧用地,,,,02800001
RPURMLKMNHNFFAG98CC,羅莊段,28.03,都市：住,,,,00390015
RPUNMLLJOHNFFAG68EC,公正段,169.00,都市：住,,,,00090003
RPVNMLRJOHNFFAG56CC,東光段,.00,都市：商,,,,11280003
RPPOMLLKOHNFFBG48EC,乾門二段,.00,都市：商,,,,01860000
RPVRMLKMNHNFFAG09CC,興東段,14.00,都市：住,,,,12560002
RPSNMLQJOHNFFAG78CC,蘇市段,.00,非都市： ; 非都市編定：,,,,08540000
RPSNMLQJOHNFFAG78CC,蘇市段,.00,都市：商,,,,08730000
RPROMLMKOHNFFAG48CC,公正段,.00,都市：住,,,,06470000
RPQNMLTJOHNFFAG88CC,北成一段,.00,非都市：特定農業區 ; 非都市編定：甲種建築用地,,,,02440000
RPVOMLQLOHNFFBG86CC,珍子滿力段擺厘小段,.00,都市：商,,,,00180000
RPOPMLOKOHNFFBG58CC,新福段,400.00,非都市：特定農業區 ; 非都市編定：甲種建築用地,,,,02190000
RPOPMLOKOHNFFBG58CC,新福段,134.00,非都市：特定農業區 ; 非都市編定：甲種建築用地,,,,02190004
RPOPMLOKOHNFFBG58CC,新福段,134.00,非都市：特定農業區 ; 非都市編定：甲種建築用地,,,,02190006
RPOPMLOKOHNFFBG58CC,新福段,134.00,非都市：特定農業區 ; 非都市編定：甲種建築用地,,,,02190005
RPRNMLKKPHNFFAG28CC,北成段,22.00,都市：住,,,,04170000
RPTNMLMKPHNFFAG68CC,新甲段,131.23,非都市：一般農業區 ; 非都市編定：甲種建築用地,,,,05120000
RPTNMLMKPHNFFAG68CC,新甲段,121.50,非都市：一般農業區 ; 非都市編定：甲種建築用地,,,,05110000
RPXNMLNKPHNFFBG66CC,乾門一段,270.22,都市：商,,,,01710000
RPSNMLQLOHNFFAG98CC,國華段,.00,都市：住,,,,01550000
RPXNMLMJPHNFFAG98CC,大洲一段,.00,非都市：特定農業區 ; 非都市編定：甲種建築用地,,,,06500000
RPRNMLTJPHNFFAG09CC,南昌段,.00,都市：住,,,,07700000
RPXOMLNKPHNFFBG76CC,女中段,.00,都市：住,,,,07410000
RPQOMLSKPHNFFBG56CC,巽門一段,.00,都市：商,,,,06570000
RPVNMLNLPHNFFAG09CC,猴猴段,111.68,非都市：鄉村區 ; 非都市編定：乙種建築用地,,,,03180000
RPXNMLPLPHNFFAG86CC,東安段,.00,都市：住,,,,06940000
RPUNMLOLPHNFFAG66EC,中華段,37.75,都市：商,,,,09390000
RPROMLTKPHNFFAG66CC,鹿安二段,.00,都市：住,,,,01400000
RPQOMLOLPHNFFBG88CC,坤門一段,.00,都市：商,,,,00130000
RPTNMLQLPHNFFBG66CC,金六結一段,.00,都市：住,,,,02080000
RPTNMLKMPHNFFBG78CC,乾門三段,.00,都市：商,,,,03040000
RPOOMLKMPHNFFBG38CC,東村段,.00,都市：住,,,,01140005
RPOOMLKMPHNFFBG38CC,和睦段,.00,都市：住,,,,09860000
RPWRMLKMPHNFFAG76CC,維揚段,87.00,都市：商,,,,03790000
RPOPMLLJQHNFFBG38CC,和睦段,.00,都市：住,,,,09860000
RPWRMLKMPHNFFAG76CC,維揚段,32.00,都市：商,,,,03800000
RPOOMLPLPHNFFAG68CC,南昌段,28.00,都市：住,,,,08100002
RPWRMLKMPHNFFAG76CC,維揚段,12.00,都市：商,,,,03620015
RPOPMLLJQHNFFBG38CC,東村段,.00,都市：住,,,,01140005
RPVNMLNJQHNFFAG98CC,羅莊段,35.30,都市：住,,,,00090000
RPUNMLKMPHNFFBG88CC,和睦段,.00,都市：住,,,,08270000
RPXOMLLJQHNFFAG09CC,義成一段,.00,非都市：特定農業區 ; 非都市編定：甲種建築用地,,,,04980000
RPSOMLMJQHNFFBG78CC,金六結段六結小段,.00,都市：住,,,,00140025
RPRNMLNJQHNFFAG58CC,羅莊段,11.71,都市：住,,,,00750000
RPTNMLNJQHNFFAG78CC,東安段,19.25,都市：住,,,,04770010
RPWNMLNJQHNFFAG09CC,北成段,33.00,都市：住,,,,04160000
RPXPMLQJQHNFFBG17CC,珍子滿力段擺厘小段,.00,都市：住,,,,00510042
RPXNMLTJQHNFFAG37EC,北成段,30.60,都市：住,,,,20290000
RPSNMLQJQHNFFAG56EC,中華段,12.25,都市：商,,,,09600000
RPTQMLQJQHNFFBG86CC,金六結二段,.00,都市：住,,,,10260000
RPOPMLKKQHNFFBG38CC,宜商段,.00,都市：住,,,,01130000
