﻿鄉鎮市區,交易標的,土地位置建物門牌,土地移轉總面積平方公尺,都市土地使用分區,非都市土地使用分區,非都市土地使用編定,交易年月日,交易筆棟數,移轉層次,總樓層數,建物型態,主要用途,主要建材,建築完成年月,建物移轉總面積平方公尺,建物現況格局-房,建物現況格局-廳,建物現況格局-衛,建物現況格局-隔間,有無管理組織,總價元,單價元平方公尺,車位類別,車位移轉總面積平方公尺,車位總價元,備註,編號
The villages and towns urban district,transaction sign,land sector position building sector house number plate,land shifting total area square meter,the use zoning or compiles and checks,the non-metropolis land use district,non-metropolis land use,transaction year month and day,transaction pen number,shifting level,total floor number,building state,main use,main building materials,construction to complete the years,building shifting total area,Building present situation pattern - room,building present situation pattern - hall,building present situation pattern - health,building present situation pattern - compartmented,Whether there is manages the organization,total price NTD,the unit price (NTD / square meter),the berth category,berth shifting total area square meter,the berth total price NTD,the note,serial number
新竹市,房地(土地+建物)+車位,新竹市新竹市八德路19巷39號十三樓,30.62,其他,,,1050815,土地1建物1車位1,十三層,14,住宅大樓(11層含以上有電梯),住家用,鋼筋混凝土造,,172.42,3,2,2,有,無,11800000,76181,坡道平面,34.59,1300000,,RPXOMLRKNHNFFAO57CB
新竹市,房地(土地+建物)+車位,新竹市新竹市八德路19巷39號三樓,30.62,其他,,,1031209,土地1建物1車位1,三層,14,住宅大樓(11層含以上有電梯),住家用,鋼筋混凝土造,,172.42,3,2,2,有,無,10940000,70667,坡道平面,34.59,1200000,,RPOPMLRKNHNFFAO76CB
新竹市,房地(土地+建物)+車位,新竹市新竹市八德路19巷39號九樓,30.62,其他,,,1040518,土地1建物1車位1,九層,14,住宅大樓(11層含以上有電梯),住家用,鋼筋混凝土造,,172.42,3,2,2,有,無,12300000,79808,坡道平面,34.59,1300000,,RPPPMLRKNHNFFAO86CB
新竹市,房地(土地+建物)+車位,新竹市新竹市八德路37號九樓,23.0,其他,,,1031209,土地1建物1車位1,九層,14,住宅大樓(11層含以上有電梯),住家用,鋼筋混凝土造,,138.07,2,1,1,有,無,9460000,79822,坡道平面,34.59,1200000,,RPQPMLRKNHNFFAO96CB
新竹市,房地(土地+建物)+車位,新竹市新竹市八德路19巷37號八樓,23.0,其他,,,1040708,土地1建物1車位1,八層,14,住宅大樓(11層含以上有電梯),住家用,鋼筋混凝土造,,138.07,2,1,1,有,無,8320000,68806,坡道平面,34.59,1200000,,RPRPMLRKNHNFFAO07CB
新竹市,房地(土地+建物)+車位,新竹市新竹市八德路19巷39號十樓,30.62,其他,,,1031219,土地1建物1車位1,十層,14,住宅大樓(11層含以上有電梯),住家用,鋼筋混凝土造,,172.42,3,2,2,有,無,12300000,79808,坡道平面,34.59,1300000,,RPSPMLRKNHNFFAO17CB
新竹市,房地(土地+建物)+車位,新竹市新竹市八德路19巷37號三樓,23.0,其他,,,1040116,土地1建物1車位1,三層,14,住宅大樓(11層含以上有電梯),住家用,鋼筋混凝土造,,138.07,2,2,1,有,無,8750000,72961,坡道平面,34.59,1200000,,RPTPMLRKNHNFFAO27CB
新竹市,房地(土地+建物)+車位,新竹市新竹市八德路19巷39號六樓,30.62,其他,,,1031212,土地1建物1車位1,六層,14,住宅大樓(11層含以上有電梯),住家用,鋼筋混凝土造,,172.42,3,2,2,有,無,11700000,76181,坡道平面,34.59,1200000,,RPUPMLRKNHNFFAO37CB
新竹市,房地(土地+建物)+車位,新竹市新竹市八德路19巷39號五樓,30.62,其他,,,1031215,土地1建物1車位1,五層,14,住宅大樓(11層含以上有電梯),住家用,鋼筋混凝土造,,172.42,3,2,2,有,無,11490000,73932,坡道平面,34.59,1300000,,RPVPMLRKNHNFFAO47CB
新竹市,房地(土地+建物)+車位,新竹市新竹市八德路19巷39號二樓,30.62,其他,,,1040506,土地1建物1車位1,二層,14,住宅大樓(11層含以上有電梯),住家用,鋼筋混凝土造,,172.42,3,2,2,有,無,11300000,73279,坡道平面,34.59,1200000,,RPWPMLRKNHNFFAO57CB
新竹市,房地(土地+建物)+車位,新竹市新竹市八德路19巷37號二樓,23.0,其他,,,1031209,土地1建物1車位1,二層,14,住宅大樓(11層含以上有電梯),住家用,鋼筋混凝土造,,138.07,2,1,1,有,無,9220000,76537,坡道平面,34.59,1300000,,RPXPMLRKNHNFFAO67CB
新竹市,房地(土地+建物)+車位,新竹市新竹市八德路19巷39號七樓,30.62,其他,,,1040421,土地1建物1車位1,七層,14,住宅大樓(11層含以上有電梯),住家用,鋼筋混凝土造,,172.42,3,2,2,有,無,11500000,74004,坡道平面,34.59,1300000,,RPOQMLRKNHNFFAO86CB
新竹市,房地(土地+建物)+車位,新竹市新竹市八德路19巷39號八樓,30.62,其他,,,1031212,土地1建物1車位1,八層,14,住宅大樓(11層含以上有電梯),住家用,鋼筋混凝土造,,172.42,3,2,2,有,無,11540000,75020,坡道平面,34.59,1200000,,RPPQMLRKNHNFFAO96CB
新竹市,房地(土地+建物)+車位,新竹市新竹市延平路三段410號2樓之5,24.6,住,,,1050512,土地1建物1車位1,二層,14,住宅大樓(11層含以上有電梯),住家用,鋼骨鋼筋混凝土造,,134.78,3,2,2,有,無,6570000,47939,坡道平面,18.59,1000000,,RPROMLTJPHNFFAO47EB
新竹市,房地(土地+建物)+車位,新竹市新竹市延平路三段410號3樓之5,24.6,住,,,1041228,土地1建物1車位1,三層,14,住宅大樓(11層含以上有電梯),住家用,鋼筋混凝土造,,134.78,3,2,2,有,無,6080000,43721,坡道平面,18.59,1000000,,RPUOMLTJPHNFFAO77EB
新竹市,房地(土地+建物)+車位,新竹市新竹市延平路三段410號5樓之5,24.6,住,,,1040826,土地1建物1車位1,五層,14,住宅大樓(11層含以上有電梯),住家用,鋼筋混凝土造,,134.78,3,2,2,有,無,6380000,46734,坡道平面,18.59,950000,,RPXNMLMKPHNFFAO37EB
新竹市,房地(土地+建物)+車位,新竹市新竹市延平路三段410號6樓之5,24.6,住,,,1040926,土地1建物1車位1,六層,14,住宅大樓(11層含以上有電梯),住家用,鋼筋混凝土造,,134.78,3,2,2,有,無,6260000,45271,坡道平面,18.59,1000000,,RPOOMLMKPHNFFAO56EB
新竹市,房地(土地+建物)+車位,新竹市新竹市延平路三段410號7樓之5,24.6,住,,,1040922,土地1建物1車位1,七層,14,住宅大樓(11層含以上有電梯),住家用,鋼筋混凝土造,,134.77,3,2,2,有,無,6330000,45873,坡道平面,18.58,1000000,,RPPOMLMKPHNFFAO66EB
新竹市,房地(土地+建物)+車位,新竹市新竹市延平路三段410號8樓之5,24.6,住,,,1050109,土地1建物1車位1,八層,14,住宅大樓(11層含以上有電梯),住家用,鋼筋混凝土造,,134.78,3,2,2,有,無,6350000,46045,坡道平面,18.59,1000000,,RPQOMLMKPHNFFAO76EB
新竹市,房地(土地+建物)+車位,新竹市新竹市延平路三段410號9樓之5,24.6,住,,,1050103,土地1建物1車位1,九層,14,住宅大樓(11層含以上有電梯),住家用,鋼筋混凝土造,,134.78,3,2,2,有,無,6380000,46303,坡道平面,18.59,1000000,,RPROMLMKPHNFFAO86EB
新竹市,房地(土地+建物),新竹市新竹市延平路三段410號10樓之5,24.46,住,,,1060915,土地1建物1車位0,十層,14,住宅大樓(11層含以上有電梯),住家用,鋼筋混凝土造,,116.19,3,2,2,有,無,6190000,53275,,0.0,0,,RPSOMLMKPHNFFAO96EB
新竹市,房地(土地+建物)+車位,新竹市新竹市延平路三段410號12樓之5,24.6,住,,,1041115,土地1建物1車位1,十二層,14,住宅大樓(11層含以上有電梯),住家用,鋼筋混凝土造,,134.78,3,2,2,有,無,6600000,48197,坡道平面,18.59,1000000,,RPXNMLRKPHNFFAO87EB
新竹市,房地(土地+建物)+車位,新竹市新竹市延平路三段410號13樓之5,24.6,住,,,1041109,土地1建物1車位1,十三層,14,住宅大樓(11層含以上有電梯),住家用,鋼筋混凝土造,,134.78,3,2,2,有,無,6550000,47767,坡道平面,18.59,1000000,,RPSOMLRKPHNFFAO47EB
新竹市,房地(土地+建物)+車位,新竹市新竹市延平路三段410號14樓之5,24.6,住,,,1040819,土地1建物1車位1,十四層,14,住宅大樓(11層含以上有電梯),住家用,鋼筋混凝土造,,138.49,3,2,2,有,無,6630000,48025,坡道平面,22.3,1050000,,RPTOMLRKPHNFFAO57EB
新竹市,房地(土地+建物)+車位,新竹市新竹市延平路三段410號2樓之3,24.6,住,,,1050512,土地1建物1車位1,二層,14,住宅大樓(11層含以上有電梯),住家用,鋼筋混凝土造,,134.78,3,2,2,有,無,6570000,47939,一樓平面,18.59,1000000,,RPXOMLRKPHNFFAO97EB
新竹市,房地(土地+建物)+車位,新竹市新竹市延平路三段410號3樓之3,24.6,住,,,1040906,土地1建物1車位1,三層,14,住宅大樓(11層含以上有電梯),住家用,鋼筋混凝土造,,134.76,3,2,2,有,無,6080000,44152,坡道平面,18.57,950000,,RPROMLSKPHNFFAO47EB
新竹市,房地(土地+建物),新竹市新竹市延平路三段410號4樓之3,24.46,住,,,1050521,土地1建物1車位0,四層,14,住宅大樓(11層含以上有電梯),住家用,鋼筋混凝土造,,116.19,3,2,2,有,無,5080000,43721,,0.0,0,,RPSOMLSKPHNFFAO57EB
新竹市,房地(土地+建物)+車位,新竹市新竹市延平路三段410號5樓之3,24.6,住,,,1050228,土地1建物1車位1,五層,14,住宅大樓(11層含以上有電梯),住家用,鋼筋混凝土造,,134.78,3,2,2,有,無,6300000,45615,一樓平面,18.59,1000000,,RPTNMLTKPHNFFAO67EB
新竹市,房地(土地+建物)+車位,新竹市新竹市延平路三段410號6樓之3,24.53,住,,,1041114,土地1建物1車位1,六層,14,住宅大樓(11層含以上有電梯),住家用,鋼筋混凝土造,,127.34,3,2,2,有,無,6640000,52156,其他,11.15,580000,,RPUNMLTKPHNFFAO77EB
新竹市,房地(土地+建物)+車位,新竹市新竹市延平路三段410號7樓之3,24.6,住,,,1050424,土地1建物1車位1,七層,14,住宅大樓(11層含以上有電梯),住家用,鋼筋混凝土造,,134.78,3,2,2,有,無,6270000,45357,一樓平面,18.59,1000000,,RPVNMLTKPHNFFAO87EB
新竹市,房地(土地+建物)+車位,新竹市新竹市延平路三段410號8樓之3,24.6,住,,,1050103,土地1建物1車位1,八層,14,住宅大樓(11層含以上有電梯),住家用,鋼筋混凝土造,,134.78,3,2,2,有,無,6390000,46390,坡道平面,18.59,1000000,,RPWNMLTKPHNFFAO97EB
新竹市,房地(土地+建物)+車位,新竹市新竹市延平路三段410號9樓之3,24.6,住,,,1041107,土地1建物1車位1,九層,14,住宅大樓(11層含以上有電梯),住家用,鋼筋混凝土造,,134.78,3,2,2,有,無,6450000,46906,坡道平面,18.59,1000000,,RPQOMLTKPHNFFAO47EB
新竹市,房地(土地+建物)+車位,新竹市新竹市延平路三段410號10樓之3,24.6,住,,,1050312,土地1建物1車位1,十層,14,住宅大樓(11層含以上有電梯),住家用,鋼筋混凝土造,,134.78,3,2,2,有,無,6680000,48885,一樓平面,18.59,1000000,,RPSOMLOLPHNFFAO27EB
新竹市,房地(土地+建物)+車位,新竹市新竹市延平路三段410號11樓之3,24.6,住,,,1050315,土地1建物1車位1,十一層,14,住宅大樓(11層含以上有電梯),住家用,鋼筋混凝土造,,134.78,3,2,2,有,無,7080000,52328,坡道平面,18.59,1000000,,RPTOMLOLPHNFFAO37EB
新竹市,房地(土地+建物)+車位,新竹市新竹市延平路三段410號12樓之3,24.53,住,,,1050707,土地1建物1車位1,十二層,14,住宅大樓(11層含以上有電梯),住家用,鋼筋混凝土造,,127.34,3,2,2,有,無,6160000,48025,其他,11.15,580000,,RPUOMLOLPHNFFAO47EB
新竹市,房地(土地+建物)+車位,新竹市新竹市延平路三段410號13樓之3,24.6,住,,,1050513,土地1建物1車位1,十三層,14,住宅大樓(11層含以上有電梯),住家用,鋼筋混凝土造,,138.49,3,2,2,有,無,6570000,47508,坡道平面,22.3,1050000,,RPOPMLOLPHNFFAO96EB
新竹市,房地(土地+建物),新竹市新竹市延平路三段410號14樓之3,24.46,住,,,1040819,土地1建物1車位0,十四層,14,住宅大樓(11層含以上有電梯),住家用,鋼筋混凝土造,,116.19,3,2,2,有,無,5570000,47939,,0.0,0,,RPQPMLOLPHNFFAO17EB
新竹市,房地(土地+建物),新竹市新竹市延平路三段410號2樓之1,24.46,住,,,1051008,土地1建物1車位0,二層,14,住宅大樓(11層含以上有電梯),住家用,鋼筋混凝土造,,116.19,3,2,2,有,無,5200000,44754,,0.0,0,,RPSOMLQLPHNFFAO47EB
新竹市,房地(土地+建物)+車位,新竹市新竹市延平路三段410號3樓之1,24.6,住,,,1040926,土地1建物1車位1,三層,14,住宅大樓(11層含以上有電梯),住家用,鋼筋混凝土造,,134.78,3,2,2,有,無,6150000,44324,坡道平面,18.59,1000000,,RPTOMLQLPHNFFAO57EB
新竹市,房地(土地+建物)+車位,新竹市新竹市延平路三段410號4樓之1,24.6,住,,,1040902,土地1建物1車位1,四層,14,住宅大樓(11層含以上有電梯),住家用,鋼筋混凝土造,,134.78,3,2,2,有,無,6020000,43635,坡道平面,18.59,950000,,RPWOMLQLPHNFFAO87EB
新竹市,房地(土地+建物)+車位,新竹市新竹市延平路三段410號5樓之1,24.6,住,,,1040924,土地1建物1車位1,五層,14,住宅大樓(11層含以上有電梯),住家用,鋼筋混凝土造,,134.78,3,2,2,有,無,6500000,47336,坡道平面,18.59,1000000,,RPRPMLQLPHNFFAO47EB
新竹市,房地(土地+建物)+車位,新竹市新竹市延平路三段410號6樓之1,24.6,住,,,1040826,土地1建物1車位1,六層,14,住宅大樓(11層含以上有電梯),住家用,鋼筋混凝土造,,134.78,3,2,2,有,無,6500000,47767,坡道平面,18.59,950000,,RPSPMLQLPHNFFAO57EB
新竹市,房地(土地+建物)+車位,新竹市新竹市延平路三段410號7樓之1,24.6,住,,,1050605,土地1建物1車位1,七層,14,住宅大樓(11層含以上有電梯),住家用,鋼筋混凝土造,,134.78,3,2,2,有,無,6700000,49058,一樓平面,18.59,1000000,,RPPNMLKMPHNFFAO56EB
新竹市,房地(土地+建物)+車位,新竹市新竹市延平路三段410號8樓之1,24.6,住,,,1041128,土地1建物1車位1,八層,14,住宅大樓(11層含以上有電梯),住家用,鋼筋混凝土造,,134.78,3,2,2,有,無,6320000,46217,坡道平面,18.59,950000,,RPQNMLKMPHNFFAO66EB
新竹市,房地(土地+建物)+車位,新竹市新竹市延平路三段410號9樓之1,24.53,住,,,1060518,土地1建物1車位1,九層,14,住宅大樓(11層含以上有電梯),住家用,鋼筋混凝土造,,127.33,3,2,2,有,無,6080000,47336,其他,11.14,580000,,RPTNMLKMPHNFFAO96EB
新竹市,房地(土地+建物),新竹市新竹市延平路三段410號10樓之1,24.46,住,,,1060704,土地1建物1車位0,十層,14,住宅大樓(11層含以上有電梯),住家用,鋼筋混凝土造,,116.19,3,2,2,有,無,6180000,53189,,0.0,0,,RPWNMLKMPHNFFAO27EB
新竹市,房地(土地+建物)+車位,新竹市新竹市延平路三段410號12樓之1,24.53,住,,,1050510,土地1建物1車位1,十二層,14,住宅大樓(11層含以上有電梯),住家用,鋼筋混凝土造,,127.34,3,2,2,有,無,6150000,47939,其他,11.15,580000,,RPPOMLKMPHNFFAO66EB
新竹市,房地(土地+建物)+車位,新竹市新竹市延平路三段410號13樓之1,24.6,住,,,1041208,土地1建物1車位1,十三層,14,住宅大樓(11層含以上有電梯),住家用,鋼筋混凝土造,,134.78,3,2,2,有,無,6550000,47767,坡道平面,18.59,1000000,,RPVOMLKMPHNFFAO27EB
新竹市,房地(土地+建物)+車位,新竹市新竹市延平路三段410號14樓之1,24.6,住,,,1041007,土地1建物1車位1,十四層,14,住宅大樓(11層含以上有電梯),住家用,鋼筋混凝土造,,134.78,3,2,2,有,無,6600000,48197,坡道平面,18.59,1000000,,RPWOMLKMPHNFFAO37EB
新竹市,房地(土地+建物)+車位,新竹市新竹市延平路三段410號2樓之2,24.6,住,,,1050112,土地1建物1車位1,二層,14,住宅大樓(11層含以上有電梯),住家用,鋼筋混凝土造,,134.78,3,2,2,有,無,6600000,48627,坡道平面,18.59,950000,,RPXNMLLMPHNFFAO47EB
新竹市,房地(土地+建物)+車位,新竹市新竹市延平路三段410號3樓之2,24.6,住,,,1050903,土地1建物1車位1,三層,14,住宅大樓(11層含以上有電梯),住家用,鋼筋混凝土造,,134.78,3,2,2,有,無,6120000,44066,坡道平面,18.59,1000000,,RPPOMLLMPHNFFAO76EB
新竹市,房地(土地+建物)+車位,新竹市新竹市延平路三段410號4樓之2,24.6,住,,,1040912,土地1建物1車位1,四層,14,住宅大樓(11層含以上有電梯),住家用,鋼筋混凝土造,,134.78,3,2,2,有,無,6080000,43721,坡道平面,18.59,1000000,,RPSOMLLMPHNFFAO07EB
新竹市,房地(土地+建物)+車位,新竹市新竹市延平路三段410號5樓之2,24.53,住,,,1050617,土地1建物1車位1,五層,14,住宅大樓(11層含以上有電梯),住家用,鋼筋混凝土造,,127.34,3,2,2,有,無,5810000,45012,其他,11.15,580000,,RPXOMLLMPHNFFAO57EB
新竹市,房地(土地+建物),新竹市新竹市延平路三段410號6樓之2,24.46,住,,,1041123,土地1建物1車位0,六層,14,住宅大樓(11層含以上有電梯),住家用,鋼筋混凝土造,,116.19,3,2,2,有,無,5530000,47594,,0.0,0,,RPOPMLLMPHNFFAO76EB
新竹市,房地(土地+建物),新竹市新竹市延平路三段410號7樓之2,24.46,住,,,1050715,土地1建物1車位0,七層,14,住宅大樓(11層含以上有電梯),住家用,鋼筋混凝土造,,116.19,3,2,2,有,無,5330000,45873,,0.0,0,,RPRPMLLMPHNFFAO07EB
新竹市,房地(土地+建物)+車位,新竹市新竹市延平路三段410號8樓之2,24.53,住,,,1050424,土地1建物1車位1,八層,14,住宅大樓(11層含以上有電梯),住家用,鋼筋混凝土造,,127.34,3,2,2,有,無,5950000,46217,其他,11.15,580000,,RPTOMLLJQHNFFAO96EB
新竹市,房地(土地+建物)+車位,新竹市新竹市延平路三段410號9樓之2,24.53,住,,,1050522,土地1建物1車位1,九層,14,住宅大樓(11層含以上有電梯),住家用,鋼筋混凝土造,,127.34,3,2,2,有,無,6050000,47078,其他,11.15,580000,,RPUOMLLJQHNFFAO07EB
新竹市,房地(土地+建物)+車位,新竹市新竹市延平路三段410號10樓之2,24.53,住,,,1051213,土地1建物1車位1,十層,14,住宅大樓(11層含以上有電梯),住家用,鋼筋混凝土造,,127.34,3,2,2,有,無,6150000,47939,其他,11.15,580000,,RPVOMLLJQHNFFAO17EB
新竹市,房地(土地+建物),新竹市新竹市延平路三段410號11樓之2,24.46,住,,,1060904,土地1建物1車位0,十一層,14,住宅大樓(11層含以上有電梯),住家用,鋼筋混凝土造,,116.19,3,2,2,有,無,5980000,51467,,0.0,0,,RPWOMLLJQHNFFAO27EB
新竹市,房地(土地+建物)+車位,新竹市新竹市延平路三段410號12樓之2,24.53,住,,,1050510,土地1建物1車位1,十二層,14,住宅大樓(11層含以上有電梯),住家用,鋼筋混凝土造,,127.34,3,2,2,有,無,6150000,47939,其他,11.15,580000,,RPOPMLLJQHNFFAO56EB
新竹市,房地(土地+建物)+車位,新竹市新竹市延平路三段410號14樓之2,24.6,住,,,1041007,土地1建物1車位1,十四層,14,住宅大樓(11層含以上有電梯),住家用,鋼筋混凝土造,,134.78,3,2,2,有,無,6600000,48197,坡道平面,18.59,1000000,,RPPPMLLJQHNFFAO66EB
