﻿編號,屋齡,建物移轉面積平方公尺,主要用途,主要建材,建築完成日期,總層數,建物分層
The serial number,room age,building shifting area square meter,the main use,main building materials,construction completes the date,total layer,building lamination
RPSOMLOKOHNFFAP07CC,1,16.53,見其他登記事項,鋼筋混凝土造,106年6月7日,四層,
RPVNMLLKOHNFFDP37DC,21,242.08,住家用,鋼筋混凝土造,86年1月24日,二層,
RPTOMLOKOHNFFAP17CC,1,19.84,見其他登記事項,鋼筋混凝土造,106年6月7日,四層,
RPVOMLOKOHNFFAP37CC,1,16.53,見其他登記事項,鋼筋混凝土造,106年6月7日,四層,
RPOQMLKKPHNFFAP56CC,22,60.00,住家用,鋼骨造,85年3月20日,一層,
