﻿編號,屋齡,建物移轉面積平方公尺,主要用途,主要建材,建築完成日期,總層數,建物分層
The serial number,room age,building shifting area square meter,the main use,main building materials,construction completes the date,total layer,building lamination
RPPNMLSKNHNFFDV67CA,24,31.54,套房,鋼筋混凝土造,83年9月30日,八層,五層 陽台
RPQNMLOKNHNFFAV07CA,24,106.03,集合住宅,鋼筋混凝土造,83年5月16日,十三層,十層 陽台
RPPNMLSKNHNFFDV67CA,24,6.07,樓梯間．門房走道,鋼筋混凝土造,83年9月30日,八層,
RPQNMLOKNHNFFAV07CA,24,.34,空白,鋼筋混凝土造,83年5月16日,十三層,
RPQNMLOKNHNFFAV07CA,24,.37,樓梯間,鋼筋混凝土造,83年5月16日,十三層,
RPQNMLOKNHNFFAV07CA,24,.46,樓梯間,鋼筋混凝土造,83年5月16日,十三層,
RPQNMLOKNHNFFAV07CA,24,.37,空白,鋼筋混凝土造,83年5月16日,十三層,
RPQNMLOKNHNFFAV07CA,24,.18,樓梯間,鋼筋混凝土造,83年5月16日,十三層,
RPQNMLOKNHNFFAV07CA,24,.37,樓梯間,鋼筋混凝土造,83年5月16日,十三層,
RPQNMLOKNHNFFAV07CA,24,.37,樓梯間,鋼筋混凝土造,83年5月16日,十三層,
RPQNMLOKNHNFFAV07CA,24,.43,空白,鋼筋混凝土造,83年5月16日,十三層,
RPQNMLOKNHNFFAV07CA,24,.94,樓梯間,鋼筋混凝土造,83年5月16日,十三層,
RPQNMLOKNHNFFAV07CA,24,.34,空白,鋼筋混凝土造,83年5月16日,十三層,
RPQNMLOKNHNFFAV07CA,24,.46,空白,鋼筋混凝土造,83年5月16日,十三層,
RPQNMLOKNHNFFAV07CA,24,.35,空白,鋼筋混凝土造,83年5月16日,十三層,
RPQNMLOKNHNFFAV07CA,24,.71,樓梯間,鋼筋混凝土造,83年5月16日,十三層,
RPQNMLOKNHNFFAV07CA,24,.46,樓梯間,鋼筋混凝土造,83年5月16日,十三層,
RPQNMLOKNHNFFAV07CA,24,1.42,樓梯間走道,鋼筋混凝土造,83年5月16日,十三層,
RPQNMLOKNHNFFAV07CA,24,.66,樓梯間,鋼筋混凝土造,83年5月16日,十三層,
RPQNMLOKNHNFFAV07CA,24,.46,樓梯間,鋼筋混凝土造,83年5月16日,十三層,
RPQNMLOKNHNFFAV07CA,24,.37,樓梯間,鋼筋混凝土造,83年5月16日,十三層,
RPQNMLOKNHNFFAV07CA,24,.46,樓梯間,鋼筋混凝土造,83年5月16日,十三層,
RPQNMLOKNHNFFAV07CA,24,.37,樓梯間,鋼筋混凝土造,83年5月16日,十三層,
RPQNMLOKNHNFFAV07CA,24,.37,樓梯間,鋼筋混凝土造,83年5月16日,十三層,
RPQNMLOKNHNFFAV07CA,24,13.92,避難室,鋼筋混凝土造,83年5月16日,十三層,
RPQNMLOKNHNFFAV07CA,24,.46,樓梯間,鋼筋混凝土造,83年5月16日,十三層,
RPQNMLOKNHNFFAV07CA,24,.46,樓梯間,鋼筋混凝土造,83年5月16日,十三層,
RPQNMLOKNHNFFAV07CA,24,.37,樓梯間,鋼筋混凝土造,83年5月16日,十三層,
RPQNMLOKNHNFFAV07CA,24,.37,樓梯間,鋼筋混凝土造,83年5月16日,十三層,
RPQNMLOKNHNFFAV07CA,24,.46,樓梯間,鋼筋混凝土造,83年5月16日,十三層,
RPQNMLOKNHNFFAV07CA,24,.46,樓梯間,鋼筋混凝土造,83年5月16日,十三層,
RPQNMLOKNHNFFAV07CA,24,.37,樓梯間,鋼筋混凝土造,83年5月16日,十三層,
RPQNMLOKNHNFFAV07CA,24,.37,樓梯間,鋼筋混凝土造,83年5月16日,十三層,
RPQNMLOKNHNFFAV07CA,24,.18,樓梯間,鋼筋混凝土造,83年5月16日,十三層,
RPQNMLOKNHNFFAV07CA,24,.46,樓梯間,鋼筋混凝土造,83年5月16日,十三層,
RPROMLOLNHNFFAV37CA,25,193.50,住家用,鋼筋混凝土造,81年12月9日,三層,一層 二層 三層
RPTNMLQKNHNFFAV57CA,2,224.74,住家用,ＲＣ造,105年4月25日,三層,一層 二層 三層 見其他登記事項
RPUNMLRKNHNFFAV77CA,44,47.47,住家用,鐵筋水泥磚,63年3月1日,一層,一層
RPSOMLOLNHNFFAV47CA,45,81.20,住家用,鐵筋水泥磚,62年4月20日,二層,一層 二層
RPVNMLTLNHNFFAV18CA,21,113.17,鄉村住宅,鋼筋混凝土造,85年12月21日,二層,一層 二層 陽台 屋頂突出物
RPPNMLQKNHNFFBV27CA,16,73.83,農舍,有墻鋼架造,91年8月14日,一層,一層
RPVNMLLLNHNFFAV37CA,22,112.26,住商用,鋼筋混凝土造,85年1月13日,四層,一層 二層 三層 四層 騎樓 停車場 見其他登記事項
RPVNMLLLNHNFFAV37CA,22,112.26,住商用,鋼筋混凝土造,85年1月13日,四層,一層 二層 三層 四層 騎樓 停車場 見其他登記事項
RPVNMLKMNHNFFAV37CA,22,88.17,集合住宅,鋼筋混凝土造,85年6月28日,九層,七層 陽台
RPVNMLKMNHNFFAV37CA,22,9.21,電梯，樓梯共同使用,鋼筋混凝土造,85年6月28日,九層,
RPVNMLKMNHNFFAV37CA,22,9.85,配電室．樓梯．電梯．機械房．通道．水箱．人行共同使用,鋼筋混凝土造,85年6月28日,九層,
RPQNMLMLNHNFFAV96CA,35,100.88,集合住宅,鋼筋混凝土造,72年10月19日,四層,三層 陽台
RPQNMLMLNHNFFAV96CA,,4.63,樓梯間,鋼筋混凝土造,,四層,
RPSNMLOKOHNFFAV37CA,39,56.57,住家用,加強磚造,68年5月29日,二層,一層 二層 騎樓
RPOOMLKMNHNFFAV76CA,1,200.69,住宅、樓梯間,ＲＣ造,106年7月24日,三層,一層 二層 三層 屋頂突出物 見其他登記事項
RPQNMLNLNHNFFBV17CA,,408.81,農舍,ＲＣ造,107年3月19日,三層,一層 二層 三層
RPOOMLTLNHNFFAV67DA,24,87.17,集合住宅,鋼筋混凝土造,83年4月19日,十四層,十四層 陽台
RPOOMLTLNHNFFAV67DA,24,24.52,避難室，電梯．樓梯．地下室．通廊共同使用,鋼筋混凝土造,83年4月19日,十四層,
RPRNMLNLNHNFFAV17CA,35,91.70,集合住宅,鋼筋水泥造,72年10月4日,四層,三層 陽台
RPRNMLNLNHNFFAV17CA,,4.54,樓梯間,鋼筋混凝土造,,四層,
RPUNMLNLNHNFFAV47CA,20,182.57,住家用,鋼筋混凝土造,87年5月26日,三層,一層 二層 三層 陽台 平台
RPSNMLPLNHNFFAV47CA,,123.30,住家用,加強磚造,,二層,一層 二層 陽台
RPSNMLPKNHNFFAV37CA,28,293.45,住家用,鋼筋混凝土造,79年1月23日,三層,一層 二層 三層 騎樓 地下層
RPVNMLPLNHNFFAV77CA,23,198.08,住家用,鋼筋混凝土造,84年6月30日,四層,一層 二層 三層 四層 陽台 平台
RPVOMLOLNHNFFAV87DA,33,14.32,住家用,加強磚造,74年9月11日,二層,
RPSNMLSLNHNFFAV87DA,24,83.53,集合住宅,鋼筋混凝土造,83年5月16日,十三層,十層 陽台
RPSNMLSLNHNFFAV87DA,24,11.13,避難室,鋼筋混凝土造,83年5月16日,十三層,
RPSNMLSLNHNFFAV87DA,24,1.13,樓梯間走道,鋼筋混凝土造,83年5月16日,十三層,
RPSNMLSLNHNFFAV87DA,24,.75,樓梯間,鋼筋混凝土造,83年5月16日,十三層,
RPSNMLSLNHNFFAV87DA,24,.14,樓梯間,鋼筋混凝土造,83年5月16日,十三層,
RPSNMLSLNHNFFAV87DA,24,.53,樓梯間,鋼筋混凝土造,83年5月16日,十三層,
RPSNMLSLNHNFFAV87DA,24,.56,樓梯間,鋼筋混凝土造,83年5月16日,十三層,
RPSNMLSLNHNFFAV87DA,24,.14,樓梯間,鋼筋混凝土造,83年5月16日,十三層,
RPSNMLSLNHNFFAV87DA,24,.37,樓梯間,鋼筋混凝土造,83年5月16日,十三層,
RPSNMLSLNHNFFAV87DA,24,.30,樓梯間,鋼筋混凝土造,83年5月16日,十三層,
RPSNMLSLNHNFFAV87DA,24,.37,樓梯間,鋼筋混凝土造,83年5月16日,十三層,
RPSNMLSLNHNFFAV87DA,24,.30,樓梯間,鋼筋混凝土造,83年5月16日,十三層,
RPSNMLSLNHNFFAV87DA,24,.30,樓梯間,鋼筋混凝土造,83年5月16日,十三層,
RPSNMLSLNHNFFAV87DA,24,.37,樓梯間,鋼筋混凝土造,83年5月16日,十三層,
RPSNMLSLNHNFFAV87DA,24,.37,樓梯間,鋼筋混凝土造,83年5月16日,十三層,
RPSNMLSLNHNFFAV87DA,24,.30,樓梯間,鋼筋混凝土造,83年5月16日,十三層,
RPSNMLSLNHNFFAV87DA,24,.30,樓梯間,鋼筋混凝土造,83年5月16日,十三層,
RPSNMLSLNHNFFAV87DA,24,.37,樓梯間,鋼筋混凝土造,83年5月16日,十三層,
RPSNMLSLNHNFFAV87DA,24,.37,樓梯間,鋼筋混凝土造,83年5月16日,十三層,
RPSNMLSLNHNFFAV87DA,24,.30,樓梯間,鋼筋混凝土造,83年5月16日,十三層,
RPSNMLSLNHNFFAV87DA,24,.37,樓梯間,鋼筋混凝土造,83年5月16日,十三層,
RPSNMLSLNHNFFAV87DA,24,.30,樓梯間,鋼筋混凝土造,83年5月16日,十三層,
RPSNMLSLNHNFFAV87DA,24,.30,樓梯間,鋼筋混凝土造,83年5月16日,十三層,
RPSNMLSLNHNFFAV87DA,24,.37,樓梯間,鋼筋混凝土造,83年5月16日,十三層,
RPSNMLSLNHNFFAV87DA,24,.30,樓梯間,鋼筋混凝土造,83年5月16日,十三層,
RPSNMLSLNHNFFAV87DA,24,.37,樓梯間,鋼筋混凝土造,83年5月16日,十三層,
RPSNMLSLNHNFFAV87DA,24,.30,樓梯間,鋼筋混凝土造,83年5月16日,十三層,
RPSNMLSLNHNFFAV87DA,24,.37,空白,鋼筋混凝土造,83年5月16日,十三層,
RPSNMLSLNHNFFAV87DA,24,.27,空白,鋼筋混凝土造,83年5月16日,十三層,
RPSNMLSLNHNFFAV87DA,24,.27,空白,鋼筋混凝土造,83年5月16日,十三層,
RPSNMLSLNHNFFAV87DA,24,.28,空白,鋼筋混凝土造,83年5月16日,十三層,
RPSNMLSLNHNFFAV87DA,24,.34,空白,鋼筋混凝土造,83年5月16日,十三層,
RPSNMLSLNHNFFAV87DA,24,.30,空白,鋼筋混凝土造,83年5月16日,十三層,
RPPNMLKMNHNFFBV96DA,11,134.40,住家用,ＲＣ造,96年5月4日,二層,一層 二層 陽台
RPPNMLQJOHNFFCV37CA,12,160.87,住家用,鋼筋混凝土造,95年7月21日,三層,一層 二層 三層 見其他登記事項 見其他登記事項
RPQNMLOLNHNFFBV27CA,37,78.18,住家用,鋼筋混凝土加強磚造,70年7月14日,二層,一層 二層
RPPNMLLLOHNFFCV17DA,22,29.25,住家用,鋼筋混凝土造,85年6月19日,一層,一層 屋頂突出物
RPWOMLOLNHNFFAV87CA,36,153.62,住家用,加強磚造,71年2月21日,二層,一層 二層
RPXOMLOLNHNFFAV97CA,,111.68,住宅,ＲＣ造,107年2月1日,三層,一層 二層 三層 見其他登記事項
RPXOMLOLNHNFFAV97CA,,111.68,住宅,ＲＣ造,107年2月1日,三層,一層 二層 三層 見其他登記事項
RPRNMLPLNHNFFAV37CA,46,93.28,住家用,鐵筋水泥磚,61年4月4日,二層,一層 二層
RPTNMLKMNHNFFAV17CA,24,87.03,集合住宅,鋼筋混凝土造,83年4月19日,十四層,十三層 陽台
RPTNMLKMNHNFFAV17CA,24,28.98,避難室，電梯．樓梯．地下室．通廊共同使用,鋼筋混凝土造,83年4月19日,十四層,
RPRNMLKMNHNFFAV96CA,12,449.04,住家用,ＲＣ造,95年8月15日,三層,一層 二層 三層 屋頂突出物 見其他登記事項
RPXNMLKMNHNFFAV57CA,1,200.02,住宅、樓梯間,ＲＣ造,106年7月24日,三層,一層 二層 三層 屋頂突出物 見其他登記事項
RPQNMLPJOHNFFAV17CA,23,92.38,住家用,鋼筋混凝土造,84年1月14日,三層,一層 二層 三層 陽台 平台 屋頂突出物
RPQNMLPJOHNFFAV17CA,23,92.38,住家用,鋼筋混凝土造,84年1月14日,三層,一層 二層 三層 陽台 平台 屋頂突出物
RPQNMLPLNHNFFAV27CA,1,235.17,住宅、樓梯間,ＲＣ造,106年3月24日,三層,一層 二層 三層 屋頂突出物 見其他登記事項
RPSNMLTLNHNFFAV87CA,53,22.46,住商用,鐵筋混凝土磚造,54年5月12日,三層,一層 二層 三層 騎樓
RPTNMLSLNHNFFAV87CA,22,185.82,住家用,鋼筋混凝土造,85年1月13日,四層,一層 二層 三層 四層 見其他登記事項
RPQNMLKMNHNFFBV96CA,19,100.95,住家用,鋼筋混凝土造,87年12月17日,五層,三層 陽台
RPQNMLKMNHNFFBV96CA,19,47.05,共有部分,鋼筋混凝土造,87年12月17日,五層,
RPQNMLTLNHNFFAV67CA,22,172.30,住家用,鋼筋混凝土造,85年1月13日,四層,一層 二層 三層 四層 見其他登記事項
RPUNMLTLNHNFFAV08CA,1,479.16,住宅、樓梯間,ＲＣ造,106年9月22日,三層,一層 二層 三層 屋頂突出物 見其他登記事項
RPWNMLTLNHNFFAV28CA,1,479.17,住宅、樓梯間,ＲＣ造,106年9月22日,三層,一層 二層 三層 屋頂突出物 見其他登記事項
RPROMLTLNHNFFAV87CA,25,60.14,住家用,鋼筋混凝土造,82年5月19日,五層,二層
RPROMLTLNHNFFAV87CA,25,6.27,停車場，樓梯間（共同使用部分）,鋼筋混凝土造,82年5月19日,五層,
RPROMLTLNHNFFAV87CA,25,2.44,樓梯間．陽台．霧台（共同使用）,鋼筋混凝土造,82年5月19日,五層,
RPROMLTLNHNFFAV87CA,25,3.12,樓梯間（共同使用）,鋼筋混凝土造,82年5月19日,五層,
RPROMLTLNHNFFAV87CA,25,.52,屋頂突出物（共同使用）,鋼筋混凝土造,82年5月19日,五層,
RPQOMLKMNHNFFAV96CA,42,47.60,住家用,水泥磚木蓋瓦,65年3月1日,一層,一層
RPPOMLTLNHNFFAV67CA,41,37.38,住家用,磚木造瓦屋頂,66年6月12日,一層,一層
RPSOMLTLNHNFFAV97CA,34,117.06,住家用,加強磚造,73年10月17日,二層,一層 二層 陽台 平台
RPSNMLPJOHNFFAV37CA,41,82.02,住家用,鋼筋混凝土造,66年1月6日,二層,一層 二層 騎樓
RPTNMLOJOHNFFAV37CA,,4.96,樓梯間,鋼筋混凝土造,,四層,
RPTNMLOJOHNFFAV37CA,35,87.10,集合住宅,鋼筋混凝土造,72年9月23日,四層,一層 平台
RPVNMLRLOHNFFAV08CA,5,304.13,住家用,ＲＣ造,102年8月22日,三層,一層 二層 三層 見其他登記事項
RPSNMLKMNHNFFAV17DA,,71.62,住商用,水泥磚木造,,二層,一層 二層
RPPNMLPJOHNFFBV17CA,23,162.85,住商用,鋼筋混凝土造,84年8月22日,四層,一層 二層 三層 四層 陽台 見其他登記事項
RPQNMLPJOHNFFBV27CA,23,162.85,住商用,鋼筋混凝土造,84年8月22日,四層,一層 二層 三層 四層 陽台 見其他登記事項
SPPNMLPJOHNFFBV27CA,23,162.85,住商用,鋼筋混凝土造,84年8月22日,四層,一層 二層 三層 四層 陽台 見其他登記事項
RPPNMLPLOHNFFAV27CA,13,105.58,騎樓、店舖,有牆鋼架造,94年8月15日,一層,一層 騎樓
RPSNMLLMNHNFFAV17CA,42,80.47,住家用,鐵筋水泥磚,65年8月2日,二層,一層 二層
RPRNMLLMNHNFFAV07CA,11,200.49,住家用,ＲＣ造,96年2月14日,三層,一層 二層 三層 見其他登記事項
RPUNMLLJOHNFFAV17CA,37,243.49,住家用,鋼筋水泥磚,70年6月16日,三層,一層 二層 三層 騎樓 地下層
RPPNMLLJOHNFFAV66CA,34,88.82,集合住宅,鋼筋混凝土造,72年10月19日,四層,三層 陽台
RPPNMLLJOHNFFAV66CA,,4.63,樓梯間,鋼筋混凝土造,,四層,
RPPNMLOJOHNFFAV96CA,22,63.01,集合住宅,鋼筋混凝土造,85年6月21日,七層,七層 陽台
RPPNMLOJOHNFFAV96CA,22,7.68,主要內容：樓梯．電梯（共同使用）,鋼筋混凝土造,85年6月21日,七層,
RPPNMLOJOHNFFAV96CA,22,4.40,電梯．水箱．機械房．樓梯共同使用,鋼筋混凝土造,85年6月21日,七層,
RPPNMLOJOHNFFAV96CA,22,4.47,車道．樓梯．配電室．機械房．蓄水池．機車停車位共同使用,鋼筋混凝土造,85年6月21日,七層,
RPPNMLOJOHNFFAV96CA,22,16.82,防空避難室暨停車空間共同使用,鋼筋混凝土造,85年6月21日,七層,
RPSNMLOJOHNFFAV27CA,38,88.20,住家用,加強磚造,69年2月2日,二層,一層 二層
RPQNMLPLOHNFFAV37CA,3,204.82,住家用,ＲＣ造,104年5月4日,三層,一層 二層 三層 見其他登記事項
RPPNMLLJOHNFFDV96CA,24,6.07,樓梯間．門房走道,鋼筋混凝土造,83年9月30日,八層,
RPPNMLLJOHNFFDV96CA,24,31.54,套房,鋼筋混凝土造,83年9月30日,八層,四層 陽台
RPRNMLOJOHNFFAV17CA,22,131.17,集合住宅,鋼筋混凝土造,85年6月28日,九層,四層 陽台
RPRNMLOJOHNFFAV17CA,22,10.94,電梯，樓梯共同使用,鋼筋混凝土造,85年6月28日,九層,
RPRNMLOJOHNFFAV17CA,22,14.49,配電室．樓梯．電梯．機械房．通道．水箱．人行共同使用,鋼筋混凝土造,85年6月28日,九層,
RPQNMLQJOHNFFAV27CA,3,249.99,住宅、樓梯間,ＲＣ造,104年7月3日,三層,一層 二層 三層 見其他登記事項 見其他登記事項
RPTNMLLJOHNFFAV07CA,31,121.27,住家用,加強磚造,75年11月10日,二層,一層 二層 陽台 屋頂突出物
RPPNMLPJOHNFFAV07CA,13,125.20,住家用,鋼筋混凝土造,94年8月29日,二層,一層 二層 見其他登記事項
RPRNMLRJOHNFFAV47CA,38,102.72,住家用,加強磚造,69年2月20日,二層,一層 二層 騎樓
RPSNMLPKOHNFFAV57DA,,235.42,住宅,ＲＣ造,106年11月22日,三層,一層 二層 三層 見其他登記事項 見其他登記事項
RPQNMLPJOHNFFCV37CA,24,217.59,見其他登記事項,加強磚造,83年6月30日,二層,一層 二層
RPTNMLQJOHNFFAV57CA,23,91.38,集合住宅,鋼筋混凝土造,84年7月6日,四層,四層 陽台
RPTNMLQJOHNFFAV57CA,23,.52,樓梯間,鋼筋混凝土造,84年7月6日,,
RPTNMLQJOHNFFAV57CA,23,1.30,樓梯間等伍項,鋼筋混凝土造,84年7月6日,四層,
RPTNMLQJOHNFFAV57CA,23,.53,樓梯間,鋼筋混凝土造,84年7月6日,,
RPTNMLQJOHNFFAV57CA,23,.52,樓梯間,鋼筋混凝土造,84年7月6日,,
RPTNMLQJOHNFFAV57CA,23,.53,樓梯間,鋼筋混凝土造,84年7月6日,,
RPTNMLQJOHNFFAV57CA,23,.53,樓梯間,鋼筋混凝土造,84年7月6日,,
RPTNMLQJOHNFFAV57CA,23,.52,樓梯間,鋼筋混凝土造,84年7月6日,,
RPTNMLQJOHNFFAV57CA,23,7.89,避難室,鋼筋混凝土造,84年7月6日,四層,
RPTNMLQJOHNFFAV57CA,23,.53,樓梯間,鋼筋混凝土造,84年7月6日,,
RPTNMLQJOHNFFAV57CA,23,.53,樓梯間,鋼筋混凝土造,84年7月6日,,
RPTNMLQJOHNFFAV57CA,23,.53,樓梯間等伍項,鋼筋混凝土造,84年7月6日,,
RPTNMLQJOHNFFAV57CA,23,.53,樓梯間等五項,鋼筋混凝土造,84年7月6日,,
RPTNMLQJOHNFFAV57CA,23,.53,樓梯間,鋼筋混凝土造,84年7月6日,,
RPSNMLQJOHNFFAV47CA,23,134.32,住家用,鋼筋混凝土造,84年10月26日,三層,一層 二層 三層 陽台
RPTNMLQJOHNFFAV57CA,23,.52,樓梯間等伍項,鋼筋混凝土造,84年7月6日,,
RPTNMLQJOHNFFAV57CA,23,.52,樓梯間,鋼筋混凝土造,84年7月6日,,
RPTNMLQJOHNFFAV57CA,23,.52,樓梯間等伍項,鋼筋混凝土造,84年7月6日,,
RPPNMLRJOHNFFAV27CA,,334.96,住宅、停車空間、樓梯間,ＲＣ造,106年1月24日,三層,一層 二層 三層 見其他登記事項 見其他登記事項
RPQNMLRJOHNFFAV37CA,26,152.69,住家用,鋼筋混凝土造,81年3月24日,三層,一層 二層 三層
RPPNMLSJOHNFFAV37CA,43,82.32,住家用,鐵筋水泥磚,64年10月28日,二層,一層 二層
RPVNMLRJOHNFFAV87CA,31,30.54,農舍,磚造,76年8月7日,一層,一層
RPTNMLRJOHNFFAV67CA,46,74.70,住家用,鐵筋水泥磚,61年5月1日,二層,一層 二層 騎樓
RPOOMLPLOHNFFAV27CA,15,125.07,集合住宅、辦公室,鋼筋混凝土造,92年5月27日,九層,三層 見其他登記事項
RPOOMLPLOHNFFAV27CA,15,50.03,電梯、樓梯、機械房、水箱、防空避難室暨停車空間（共同使用部份）,鋼筋混凝土造,92年5月27日,九層,
RPRNMLQJOHNFFAV37CA,41,202.71,住家用,鋼筋混凝土加強磚造,66年3月23日,二層,一層 二層 騎樓
RPPOMLPLOHNFFAV37CA,46,81.20,住家用,鐵筋水泥磚,61年4月20日,二層,一層 二層
RPPNMLMKOHNFFAV86CA,31,119.23,住家用,加強磚造,76年1月21日,二層,一層 二層 陽台 屋頂突出物
RPRNMLOKOHNFFDV67DA,20,35.30,商業用,鋼筋混凝土造,87年3月6日,十五層,十一層 陽台
RPRNMLOKOHNFFDV67DA,20,1.12,機房、樓梯,鋼筋混凝土造,87年3月6日,十五層,
RPRNMLOKOHNFFDV67DA,20,6.55,梯間、通道,鋼筋混凝土造,87年3月6日,十五層,
RPRNMLOKOHNFFDV67DA,20,5.06,通道、活動室、樓梯間、門廳、車道、辦公室,鋼筋混凝土造,87年3月6日,十層,
RPQNMLMKOHNFFAV96CA,,168.62,住家用,ＲＣ造,106年12月21日,三層,一層 二層 三層 見其他登記事項
RPPNMLNKOHNFFAV96CA,27,245.67,住家用,鋼筋混凝土造,80年2月2日,四層,一層 二層 三層 四層
RPSNMLNKOHNFFAV27CA,40,105.40,住家用,鋼筋混凝土造,67年6月30日,二層,一層 二層
RPQNMLPJPHNFFAV27CA,44,135.06,住家用,鐵筋水泥磚,63年4月17日,二層,一層 二層 見其他登記事項
RPQNMLPJPHNFFAV27CA,44,66.76,住家用,鐵筋水泥磚,63年4月17日,二層,一層 二層 騎樓
RPTNMLSLOHNFFAV97CA,7,218.85,住家用,ＲＣ造,99年11月30日,三層,一層 二層 三層 見其他登記事項
RPQNMLKLOHNFFDV17CA,25,178.68,住商用,鋼筋混凝土造,82年6月7日,三層,一層 二層 三層 騎樓 電梯樓梯間
RPVNMLTKOHNFFAV18CA,7,215.39,住家用,ＲＣ造,100年1月21日,三層,一層 二層 三層 見其他登記事項
RPPNMLRLOHNFFAV47CA,38,103.20,住家用,加強磚造,69年11月1日,二層,一層 二層
RPTNMLPLOHNFFAV77DA,44,87.00,住家用,鐵筋水泥磚,63年5月1日,二層,一層 二層
RPPNMLPKOHNFFBV27CA,25,298.23,農舍,鋼筋混凝土造,82年6月15日,三層,一層 二層 三層 陽台 地下層
RPUNMLPKOHNFFAV67CA,,235.31,住宅、樓梯間,鋼筋混凝土造,107年4月11日,三層,一層 二層 三層 見其他登記事項 見其他登記事項
RPQNMLKLOHNFFAV86CA,14,284.52,見其他登記事項,見其他登記事項,93年3月24日,一層,一層
RPTNMLKLOHNFFAV17CA,6,312.51,自用農舍,有牆鋼架造,101年9月6日,一層,一層
RPPNMLKLOHNFFAV76CA,22,60.78,店舖、人行,鋼筋混凝土造,85年6月28日,九層,一層 平台 騎樓
RPPNMLKLOHNFFAV76CA,22,6.29,配電室．樓梯．電梯．機械房．通道．水箱．人行共同使用,鋼筋混凝土造,85年6月28日,九層,
RPVNMLPKOHNFFAV77CA,25,38.26,集合住宅,鋼筋混凝土造,82年5月22日,十二層,六層 陽台
RPVNMLPKOHNFFAV77CA,25,10.28,走廊．電樓梯間接（共同使用部分）,鋼筋混凝土造,82年5月22日,十二層,
RPVNMLPKOHNFFAV77CA,25,4.88,共有部分,鋼筋混凝土造,82年5月22日,十二層,
RPTNMLOJPHNFFAV47CA,38,205.15,住家用,鋼筋混凝土加強磚造,69年6月26日,三層,一層 二層 三層 騎樓 地下層
RPSNMLTKOHNFFAV87CA,35,88.82,集合住宅,鋼筋混凝土造,72年10月19日,四層,二層 陽台
RPSNMLTKOHNFFAV87CA,,4.63,樓梯間,鋼筋混凝土造,,四層,
RPXNMLRLOHNFFAV38DA,35,35.38,住家用,鐵筋加強磚,72年3月1日,一層,一層
RPTNMLTKOHNFFAV97CA,,208.79,住宅,鋼筋混凝土造,107年4月11日,三層,一層 二層 三層 見其他登記事項
RPSNMLLLOHNFFAV17CA,,231.66,住宅、樓梯間,鋼筋混凝土造,107年4月11日,三層,一層 二層 三層 見其他登記事項 見其他登記事項
RPWNMLRLOHNFFAV18CA,22,202.51,住商用,鋼筋混凝土造,85年1月13日,四層,一層 二層 三層 四層 騎樓 停車場 見其他登記事項
RPQNMLMLOHNFFAV07CA,35,94.14,集合住宅,鋼筋混凝土造,72年2月22日,四層,一層 平台
RPQNMLMLOHNFFAV07CA,35,6.83,國民住宅．走道,鋼筋混凝土造,72年2月22日,四層,
RPRNMLRLOHNFFAV67CA,24,65.78,集合住宅,鋼筋混凝土造,83年4月19日,十四層,七層 陽台
RPRNMLRLOHNFFAV67CA,24,20.51,避難室，電梯．樓梯．地下室．通廊共同使用,鋼筋混凝土造,83年4月19日,十四層,
RPRNMLMLOHNFFAV17CA,35,100.88,集合住宅,鋼筋混凝土造,72年10月19日,四層,三層 陽台
RPRNMLMLOHNFFAV17CA,,4.63,樓梯間,鋼筋混凝土造,,四層,
RPUNMLLLOHNFFAV37CA,38,93.16,住家用,加強磚造,69年5月11日,二層,一層 二層
RPQNMLLLOHNFFAV96CA,,191.93,住宅,鋼筋混凝土造,107年4月11日,三層,一層 二層 三層 見其他登記事項
RPUNMLPLOHNFFAV77CA,40,59.22,住家用,水泥磚木蓋瓦,67年6月30日,一層,一層
RPRNMLLLOHNFFAV07CA,,237.64,住宅、樓梯間,鋼筋混凝土造,107年4月11日,三層,一層 二層 三層 見其他登記事項 見其他登記事項
RPQNMLPLOHNFFCV57CA,34,150.23,住家用,加強磚造,73年7月17日,二層,一層 二層 電梯樓梯間
RPROMLPLOHNFFAV57CA,24,136.79,住商用,鋼筋混凝土造,83年10月26日,四層,一層 二層 三層 四層 陽台 騎樓
RPQNMLLKOHNFFAV86CA,23,194.82,住商用,鋼筋混凝土造,84年5月18日,三層,一層 二層 三層 陽台 屋頂突出物 騎樓
RPTOMLPLOHNFFAV77CA,23,46.50,集合住宅,鋼筋混凝土造,84年3月27日,十層,七層 陽台
RPTOMLPLOHNFFAV77CA,23,10.73,電梯、樓梯門廊、樓梯、機械房、水箱,鋼筋混凝土造,84年3月27日,十層,
RPUOMLPLOHNFFAV87CA,22,63.38,住家用,鋼筋混凝土造,85年6月28日,七層,七層 陽台
RPVNMLPLOHNFFAV87CA,42,141.93,住家用,見其他登記事項,65年3月23日,一層,一層
RPUOMLPLOHNFFAV87CA,22,2.81,車道、水箱、樓梯、機械房配電室共同使用　,鋼筋混凝土造,85年6月28日,七層,
RPUOMLPLOHNFFAV87CA,22,3.29,樓梯、電梯、機械房、水箱共同使用,鋼筋混凝土造,85年6月28日,七層,
RPUOMLPLOHNFFAV87CA,22,5.31,共同使用：樓梯．電梯,鋼筋混凝土造,85年6月28日,七層,
RPUOMLPLOHNFFAV87CA,22,16.01,防空避難室暨停車空間共同使用,鋼筋混凝土造,85年6月28日,七層,
RPSNMLQLOHNFFAV67CA,,233.51,住宅、樓梯間,鋼筋混凝土造,107年4月11日,三層,一層 二層 三層 見其他登記事項 見其他登記事項
RPWNMLMLOHNFFAV67CA,46,801.90,商業用,見其他登記事項,61年10月10日,一層,一層
RPSOMLPLOHNFFAV67CA,7,177.78,住家用,ＲＣ造,100年9月21日,三層,一層 二層 三層 見其他登記事項
RPROMLRLOHNFFAV77CA,23,9.17,地下一層（共同使用）防空斗避難室兼停車空間,鋼筋混凝土造,83年12月17日,八層,
RPROMLRLOHNFFAV77CA,23,4.45,地下二層（共同使用）防空避難室兼停車空間,鋼筋混凝土造,83年12月17日,八層,
RPTNMLRLOHNFFAV87CA,1,195.87,住宅、水箱、遮陽棚,ＲＣ造,106年8月1日,三層,一層 二層 三層 屋頂突出物 見其他登記事項
RPQNMLRLOHNFFAV57CA,1,195.87,住宅、水箱、遮陽棚,ＲＣ造,106年8月1日,三層,一層 二層 三層 屋頂突出物 見其他登記事項
RPQNMLQJPHNFFCV57CA,,38.95,住家用,鐵筋水泥磚,,二層,一層 二層 騎樓
RPQNMLQJPHNFFCV57CA,,38.95,住家用,鐵筋水泥磚,,二層,一層 二層 騎樓
RPQNMLQJPHNFFCV57CA,,38.95,住家用,鐵筋水泥磚,,二層,一層 二層 騎樓
RPPNMLSKPHNFFBV77DA,35,182.85,住家用,加強磚造,72年6月1日,二層,一層 二層
RPPNMLRKPHNFFDV87DA,24,31.54,套房,鋼筋混凝土造,83年9月30日,八層,三層 陽台
RPPNMLRKPHNFFDV87DA,24,6.07,樓梯間．門房走道,鋼筋混凝土造,83年9月30日,八層,
RPQNMLRLOHNFFCV77CA,,230.59,Ｈ２住宅,鋼筋混凝土造,106年11月10日,三層,一層 二層 三層 陽台
RPTNMLQLOHNFFAV77CA,22,293.49,住商用,鋼筋混凝土造,85年1月13日,四層,一層 二層 三層 四層 騎樓 停車場 見其他登記事項
RPQOMLRLOHNFFAV67CA,22,183.55,鄉村住宅,鋼筋混凝土造,85年1月27日,三層,一層 二層 三層 陽台
RPPNMLTLOHNFFAV67CA,3,249.99,住宅、樓梯間,ＲＣ造,104年7月3日,三層,一層 二層 三層 見其他登記事項 見其他登記事項
RPSNMLRLOHNFFAV77CA,23,88.18,集合住宅,鋼骨混凝土造,84年9月26日,七層,三層 陽台 花台
RPSNMLRLOHNFFAV77CA,23,18.12,防空避難室、停車間,鋼骨混凝土造,84年9月26日,七層,
RPSNMLRLOHNFFAV77CA,23,21.47,樓梯、電梯、機械房、水箱,鋼骨混凝土造,84年9月26日,七層,
RPUNMLQJPHNFFAV77CA,6,283.23,住家用,ＲＣ造,101年11月23日,四層,一層 二層 三層 四層 雨遮 見其他登記事項
RPRNMLNJPHNFFAV27DA,,54.23,住家用,見其他登記事項,,一層,一層 騎樓
RPQNMLSLOHNFFCV97DA,29,550.46,住家用,鋼筋混凝土造,78年4月18日,三層,一層 二層 三層 騎樓 電梯樓梯間
RPRNMLQLOHNFFAV57CA,25,102.00,集合住宅,鋼筋混凝土造,82年12月3日,四層,四層 陽台
RPRNMLQLOHNFFAV57CA,25,.25,樓梯間．屋頂突出物．公同使用,鋼筋混凝土造,82年12月3日,四層,
RPRNMLQLOHNFFAV57CA,25,.25,樓梯間．公同使用,鋼筋混凝土造,82年12月3日,四層,
RPRNMLQLOHNFFAV57CA,25,3.58,避難室．機械室．公同使用,鋼筋混凝土造,82年12月3日,四層,
RPRNMLQLOHNFFAV57CA,25,.25,樓梯間．屋頂突出物．公同使用,鋼筋混凝土造,82年12月3日,四層,
RPRNMLQLOHNFFAV57CA,25,.69,樓梯間．公同使用,鋼筋混凝土造,82年12月3日,四層,
RPRNMLQLOHNFFAV57CA,25,.25,樓梯間．公同使用,鋼筋混凝土造,82年12月3日,四層,
RPRNMLQLOHNFFAV57CA,25,.26,樓梯間．公同使用,鋼筋混凝土造,82年12月3日,四層,
RPRNMLQLOHNFFAV57CA,25,.25,樓梯間．屋頂突出物．公同使用,鋼筋混凝土造,82年12月3日,四層,
RPRNMLQLOHNFFAV57CA,25,.26,樓梯間．屋頂突出物．公同使用,鋼筋混凝土造,82年12月3日,四層,
RPRNMLQLOHNFFAV57CA,25,.26,樓梯間．屋頂突出物．公同使用,鋼筋混凝土造,82年12月3日,四層,
RPRNMLQLOHNFFAV57CA,25,.25,樓梯間．共同使用,鋼筋混凝土造,82年12月3日,四層,
RPRNMLQLOHNFFAV57CA,25,.25,樓梯間．屋頂突出物．公同使用,鋼筋混凝土造,82年12月3日,四層,
RPRNMLQLOHNFFAV57CA,25,.25,樓梯間．公同使用,鋼筋混凝土造,82年12月3日,四層,
RPRNMLQLOHNFFAV57CA,25,.25,樓梯間．公同使用,鋼筋混凝土造,82年12月3日,四層,
RPRNMLQLOHNFFAV57CA,25,.25,樓梯間．屋頂突出物．公同使用,鋼筋混凝土造,82年12月3日,四層,
RPRNMLQLOHNFFAV57CA,25,.25,樓梯間．公同使用,鋼筋混凝土造,82年12月3日,四層,
RPRNMLQLOHNFFAV57CA,25,.25,樓梯間．屋頂突出物．公同使用,鋼筋混凝土造,82年12月3日,四層,
RPRNMLQLOHNFFAV57CA,25,.26,樓梯間．屋頂突出物．公同使用,鋼筋混凝土造,82年12月3日,四層,
RPRNMLQLOHNFFAV57CA,25,.25,樓梯間．屋頂突出物．公同使用,鋼筋混凝土造,82年12月3日,四層,
RPRNMLQLOHNFFAV57CA,25,.26,樓梯間．公同使用,鋼筋混凝土造,82年12月3日,四層,
RPRNMLQLOHNFFAV57CA,25,.25,樓梯間．公同使用,鋼筋混凝土造,82年12月3日,四層,
RPRNMLQLOHNFFAV57CA,25,.25,樓梯間．屋頂突出物．公同使用,鋼筋混凝土造,82年12月3日,四層,
RPRNMLQLOHNFFAV57CA,25,.26,樓梯間．屋頂突出物．公同使用,鋼筋混凝土造,82年12月3日,四層,
RPRNMLQLOHNFFAV57CA,25,.26,樓梯間．屋頂突出物．公同使用,鋼筋混凝土造,82年12月3日,四層,
RPRNMLQLOHNFFAV57CA,25,.25,樓梯間．公同使用,鋼筋混凝土造,82年12月3日,四層,
RPRNMLQLOHNFFAV57CA,25,.25,樓梯間．屋頂突出物．公同使用,鋼筋混凝土造,82年12月3日,四層,
RPRNMLQLOHNFFAV57CA,25,.25,樓梯間．屋頂突出物．公同使用,鋼筋混凝土造,82年12月3日,四層,
RPRNMLQLOHNFFAV57CA,25,.25,樓梯間．公同使用,鋼筋混凝土造,82年12月3日,四層,
RPRNMLQLOHNFFAV57CA,25,.25,樓梯間．公同使用,鋼筋混凝土造,82年12月3日,四層,
RPRNMLQLOHNFFAV57CA,25,2.26,避難室．機械室．共同使用,鋼筋混凝土造,82年12月3日,四層,
RPRNMLQLOHNFFAV57CA,25,.26,樓梯間．公同使用,鋼筋混凝土造,82年12月3日,四層,
RPRNMLQLOHNFFAV57CA,25,.69,樓梯間．公同使用,鋼筋混凝土造,82年12月3日,四層,
RPRNMLQLOHNFFAV57CA,25,.25,樓梯間．公同使用,鋼筋混凝土造,82年12月3日,四層,
RPRNMLQLOHNFFAV57CA,25,.25,樓梯間．公同使用,鋼筋混凝土造,82年12月3日,四層,
RPQNMLSLOHNFFDV97CA,20,35.30,商業用,鋼筋混凝土造,87年3月6日,十層,五層 陽台
RPQNMLSLOHNFFDV97CA,20,7.21,梯間、通道,鋼筋混凝土造,87年3月6日,十五層,
RPQNMLSLOHNFFDV97CA,20,1.12,機房、樓梯,鋼筋混凝土造,87年3月6日,十五層,
RPQNMLSLOHNFFDV97CA,20,5.57,通道、活動室、樓梯間、門廳、車道、辦公室,鋼筋混凝土造,87年3月6日,十層,
RPPNMLTLOHNFFDV97CA,37,99.96,住家用,加強磚造,70年12月2日,二層,一層 二層 騎樓
RPQNMLMJPHNFFBV07CA,24,134.74,住家用,加強磚造,83年10月4日,二層,一層 二層 陽台 屋頂突出物
RPQNMLTLOHNFFAV77CA,24,83.80,集合住宅,鋼筋混凝土造,83年6月1日,三層,二層 陽台
RPQNMLTLOHNFFAV77CA,24,9.54,樓梯共同使用,鋼筋混凝土造,83年6月1日,三層,
RPSNMLOJPHNFFAV37CA,25,152.80,住家用,鋼筋混凝土造,82年5月27日,三層,一層 二層 三層
RPWNMLNKPHNFFAV77CA,25,53.13,集合住宅,鋼筋混凝土造,82年10月19日,七層,一層 平台
RPWNMLNKPHNFFAV77CA,25,5.73,樓梯間（共同使用）,鋼筋混凝土造,82年10月19日,七層,
RPWNMLNKPHNFFAV77CA,25,14.31,集合住宅（共同使用）,鋼筋混凝土造,82年10月19日,七層,
RPPNMLNJPHNFFAV96CA,36,108.39,住家用,加強磚造,71年8月3日,二層,一層 二層 見其他登記事項
RPQNMLNJPHNFFAV07CA,43,91.74,住家用,鐵筋水泥磚,64年8月11日,二層,一層 二層
RPPNMLOJPHNFFBV17CA,22,390.90,農舍,鋼筋混凝土造,85年1月24日,三層,一層 二層 三層 陽台
RPSNMLNJPHNFFAV27CA,22,121.64,住家用,加強磚造,85年3月19日,二層,一層 二層 陽台 屋頂突出物
RPPOMLOJPHNFFAV17CA,12,217.85,住宅、樓梯間,ＲＣ造,95年11月3日,三層,一層 二層 三層 見其他登記事項
RPSNMLNLPHNFFAV47CA,,524.28,住商用,鐵筋水泥磚造,,四層,一層 二層 三層 四層 騎樓 地下層
RPSNMLNLPHNFFAV47CA,38,1761.45,旅社．避難室,鋼筋水泥造．鋼筋混凝土,69年5月31日,五層,一層 二層 三層 四層 五層 屋頂突出物 地下層
RPPNMLNLPHNFFAV17CA,22,2792.94,旅館,鋼筋混凝土造,85年1月20日,七層,一層 二層 三層 四層 五層 六層 七層 陽台 屋頂突出物 騎樓 地下一層 地下二層
RPPNMLPJPHNFFCV37CA,33,111.02,住家用,鋼筋混凝土造,74年3月27日,二層,一層 二層 陽台
RPPNMLPJPHNFFAV17CA,2,225.40,住家用,ＲＣ造,105年4月25日,三層,一層 二層 三層 見其他登記事項
RPTOMLOJPHNFFAV57CA,,301.29,住宅,鋼筋混凝土造,107年4月11日,四層,一層 二層 三層 四層 見其他登記事項
RPRNMLQJPHNFFAV47CA,24,31.98,集合住宅,鋼筋混凝土造,83年4月19日,十四層,三層 陽台
RPRNMLQJPHNFFAV47CA,24,13.37,避難室，電梯．樓梯．地下室．通廊共同使用,鋼筋混凝土造,83年4月19日,十四層,
RPPNMLTJPHNFFAV57CA,24,172.00,人行．店舖．住宅,鋼筋混凝土造,83年7月30日,七層,一層 二層 陽台 騎樓
RPPNMLTJPHNFFAV57CA,24,.03,電梯．樓梯．機械室．共同使用,鋼筋混凝土造,83年7月30日,七層,
RPPNMLTJPHNFFAV57CA,24,.05,電梯．樓梯．機械室,鋼筋混凝土造,83年7月30日,七層,
RPVNMLRKPHNFFAV08CA,37,114.08,住家用,加強磚造,70年8月26日,二層,一層 二層 騎樓
RPPNMLMKPHNFFAV07DA,33,110.04,住家用,加強磚造,74年8月14日,二層,一層 二層 陽台 騎樓
RPTNMLKKPHNFFAV17CA,36,98.73,住家用,加強磚造,70年12月10日,二層,一層 二層
RPQNMLKKPHNFFAV86CA,23,94.81,集合住宅　　,鋼筋混凝土造,84年2月17日,八層,一層 平台 花台
RPQNMLKKPHNFFAV86CA,23,15.37,防空避難室暨停車空間、配電室,鋼筋混凝土造,84年2月17日,八層,
RPQNMLKKPHNFFAV86CA,23,11.40,車道、警衛室、托兒所、電梯、樓梯,鋼筋混凝土造,84年2月17日,八層,
RPSNMLTJPHNFFAV87CA,25,28.00,商業用,鋼筋混凝土造,82年10月26日,六層,一層
RPSNMLTJPHNFFAV87CA,25,11.62,電梯間、樓梯間、避難室、走道,鋼筋混凝土造,82年10月26日,六層,
RPTNMLTJPHNFFAV97CA,38,97.53,住家用,加強磚造,69年5月14日,二層,一層 二層
RPPOMLLKPHNFFAV96CA,33,76.38,住家用,加強磚造,73年12月24日,二層,一層 二層 陽台 騎樓
RPPOMLLKPHNFFAV96CA,33,76.38,住家用,加強磚造,73年12月24日,二層,一層 二層 陽台 騎樓
RPROMLKMPHNFFAV27CA,22,189.09,住家用,鋼筋混凝土造,85年2月16日,三層,一層 二層 三層 陽台 平台 露台
RPPNMLRKPHNFFBV57CA,37,117.14,住家用,加強磚造,70年11月23日,二層,一層 二層 騎樓
RPUNMLKKPHNFFAV37DA,24,50.91,住家用,鋼筋混凝土造,83年12月19日,五層,二層
RPUNMLKKPHNFFAV37DA,24,38.00,住家用,鋼筋混凝土造,83年12月19日,五層,二層 陽台
RPUNMLKKPHNFFAV37DA,24,28.71,住家用,鋼筋混凝土造,83年12月19日,五層,二層 陽台
RPUNMLKKPHNFFAV37DA,24,1.18,走道、共同使用,鋼筋混凝土造,83年12月19日,五層,
RPUNMLKKPHNFFAV37DA,24,1.18,走道共同使用,鋼筋混凝土造,83年12月19日,五層,
RPUNMLKKPHNFFAV37DA,24,23.97,樓梯間共同使用,鋼筋混凝土造,83年12月19日,五層,
RPTOMLMJQHNFFAV47CA,,126.05,農舍,ＲＣ造,107年4月19日,一層,一層
RPTNMLQKPHNFFAV77CA,40,69.30,住家用,加強磚造,67年4月25日,二層,一層 二層
RPWNMLTKPHNFFAV38CA,34,121.90,住家用,加強磚造,73年9月1日,二層,一層 二層 騎樓
RPUNMLLKPHNFFAV37CA,,219.79,住宅,ＲＣ造,107年5月3日,三層,一層 二層 三層 見其他登記事項
RPQNMLOLPHNFFAV37CA,20,481.44,農舍,鋼筋混凝土造,87年2月19日,二層,一層 二層
RPSNMLLKPHNFFAV17CA,35,507.24,住家用,鋼筋混凝土造,72年1月1日,三層,一層 二層 三層 騎樓 地下層
RPVNMLLKPHNFFAV47CA,,236.08,住宅、樓梯間,ＲＣ造,107年4月25日,三層,一層 二層 三層 見其他登記事項 見其他登記事項
RPWNMLLKPHNFFAV57CA,12,246.44,人行道、住宅、樓梯間,鋼筋混凝土造、鋼骨造,94年12月13日,三層,一層 二層 三層 騎樓 見其他登記事項
RPWNMLLKPHNFFAV57CA,12,246.44,人行道、住宅、樓梯間,鋼筋混凝土造、鋼骨造,94年12月13日,三層,一層 二層 三層 騎樓 見其他登記事項
RPTNMLLKPHNFFAV27CA,,111.16,住宅,ＲＣ造,107年5月3日,三層,一層 二層 三層 見其他登記事項
RPTNMLLKPHNFFAV27CA,,111.16,住宅,ＲＣ造,107年5月3日,三層,一層 二層 三層 見其他登記事項
RPXNMLLKPHNFFAV67CA,26,173.83,住家用,鋼筋混凝土造,81年1月11日,三層,一層 二層 三層
RPPNMLSKPHNFFAV57CA,24,74.90,集合住宅,鋼筋混凝土造,83年5月17日,六層,三層 陽台
RPPNMLSKPHNFFAV57CA,24,7.62,樓梯間（共同使用）,鋼筋混凝土造,83年5月17日,六層,
RPPNMLSKPHNFFAV57CA,24,14.71,集合住宅（共同使用）,鋼筋混凝土造,83年5月17日,六層,
RPPNMLSKPHNFFAV57CA,24,6.30,門廳、警衛室（公共設施）,鋼筋混凝土造,83年5月17日,六層,
RPQNMLNKPHNFFDV47CA,23,199.65,住商用,鋼筋混凝土造,84年7月25日,三層,一層 二層 三層 屋頂突出物 騎樓
RPQNMLMKPHNFFAV07CA,22,73.40,集合住宅,鋼筋混凝土造,85年3月26日,八層,三層 見其他登記事項
RPQNMLMKPHNFFAV07CA,22,8.44,電梯．樓梯．通道．水箱．機械房．公共使用,鋼筋混凝土造,85年3月26日,八層,
RPQNMLMKPHNFFAV07CA,22,12.89,防空避難室．停車空間,鋼筋混凝土造,85年3月26日,八層,
RPVNMLQKPHNFFAV97CA,35,93.78,國民住宅,鋼筋混凝土造,72年10月19日,四層,三層 陽台
RPVNMLQKPHNFFAV97CA,,4.78,樓梯間,鋼筋水泥,,四層,
RPPNMLQKPHNFFAV37CA,40,82.98,住家用,加強磚造,67年11月9日,二層,一層 二層
RPQNMLLMPHNFFAV17CA,1,241.48,住宅、樓梯間,ＲＣ造,106年3月24日,三層,一層 二層 三層 屋頂突出物 見其他登記事項
RPRNMLRKPHNFFAV67CA,,229.87,住宅、樓梯間,ＲＣ造,107年4月25日,三層,一層 二層 三層 見其他登記事項 見其他登記事項
RPXNMLOKQHNFFAV08CA,45,39.48,住家用,水泥磚木蓋瓦造,62年3月16日,一層,一層 騎樓
RPPNMLPLPHNFFDV67CA,24,31.54,套房,鋼筋混凝土造,83年9月30日,八層,四層 陽台
RPPNMLPLPHNFFDV67CA,24,6.07,樓梯間．門房走道,鋼筋混凝土造,83年9月30日,八層,
RPPNMLQKPHNFFDV67CA,24,31.54,套房,鋼筋混凝土造,83年9月30日,八層,三層 陽台
RPTNMLRKPHNFFAV87CA,,111.46,住宅,ＲＣ造,107年5月3日,三層,一層 二層 三層 見其他登記事項
RPPNMLQKPHNFFDV67CA,24,6.07,樓梯間．門房走道,鋼筋混凝土造,83年9月30日,八層,
RPTNMLRKPHNFFAV87CA,,111.46,住宅,ＲＣ造,107年5月3日,三層,一層 二層 三層 見其他登記事項
RPQNMLSKPHNFFAV67CA,24,83.80,集合住宅,鋼筋混凝土造,83年6月1日,三層,一層 平台
RPQNMLSKPHNFFAV67CA,24,9.54,樓梯共同使用,鋼筋混凝土造,83年6月1日,三層,
RPSNMLTKPHNFFAV97CA,,58.30,住家用,木石磚造,,一層,一層
RPTNMLTKPHNFFAV08CA,,237.14,住宅、樓梯間,ＲＣ造,107年3月23日,三層,一層 二層 三層 見其他登記事項 見其他登記事項
RPQNMLLMPHNFFBV27CA,32,110.34,住家用,加強磚造,75年6月1日,二層,一層 二層 陽台 騎樓
RPPNMLOLPHNFFDV57CA,24,31.54,套房,鋼筋混凝土造,83年9月30日,八層,八層 陽台
RPPNMLOLPHNFFDV57CA,24,6.07,樓梯間．門房走道,鋼筋混凝土造,83年9月30日,八層,
RPRNMLOLPHNFFDV77CA,24,31.54,套房,鋼筋混凝土造,83年9月30日,八層,八層 陽台
RPRNMLOLPHNFFDV77CA,24,6.07,樓梯間．門房走道,鋼筋混凝土造,83年9月30日,八層,
RPPNMLKLPHNFFCV07CA,1,230.59,Ｈ２住宅,鋼筋混凝土造,106年11月10日,三層,一層 二層 三層 陽台
RPPNMLTKPHNFFAV77DA,55,83.89,住宅,加強磚造,52年1月1日,一層,一層
RPTOMLNLPHNFFAV67CA,,66.48,集合住宅,ＲＣ造,107年3月23日,九層,二層 見其他登記事項
RPTOMLNLPHNFFAV67CA,,28.60,停車空間、騎樓、樓梯間、機械室、蓄水池,ＲＣ造,107年3月23日,九層,
RPUOMLNLPHNFFAV77CA,,56.94,集合住宅,ＲＣ造,107年3月23日,九層,二層 見其他登記事項
RPUOMLNLPHNFFAV77CA,,24.37,停車空間、騎樓、樓梯間、機械室、蓄水池,ＲＣ造,107年3月23日,九層,
RPVOMLNLPHNFFAV87CA,,60.37,集合住宅,ＲＣ造,107年3月23日,九層,二層 見其他登記事項
RPVOMLNLPHNFFAV87CA,,25.86,停車空間、騎樓、樓梯間、機械室、蓄水池,ＲＣ造,107年3月23日,九層,
RPRNMLPLPHNFFBV67CA,39,102.00,住家用,鋼筋混凝土造,67年12月8日,二層,一層 二層
RPPNMLKLPHNFFAV86CA,12,118.69,集合住宅,鋼筋混凝土造,95年3月10日,十層,六層 陽台
RPPNMLKLPHNFFAV86CA,12,90.40,防空避難室、停車空間、梯廳、水箱、走道、社區活動中心、社區管理中心、突出物、儲藏室、機械室、配線室（共同使用部份）,鋼筋混凝土造,95年3月10日,十層,
RPRNMLLMPHNFFAV27CA,22,36.23,集合住宅,鋼筋混凝土造,85年6月28日,九層,八層 花台
RPRNMLLMPHNFFAV27CA,22,4.10,配電室．樓梯．電梯．機械房．通道．水箱．人行共同使用,鋼筋混凝土造,85年6月28日,九層,
RPRNMLLMPHNFFAV27CA,22,7.20,電梯，樓梯共同使用,鋼筋混凝土造,85年6月28日,九層,
RPSNMLKLQHNFFAV27CA,,102.93,店舖,ＲＣ造,107年3月23日,九層,一層 騎樓
RPSNMLKLQHNFFAV27CA,,24.62,停車空間、騎樓、樓梯間、機械室、蓄水池,ＲＣ造,107年3月23日,九層,
RPOPMLNLPHNFFAV27CA,,66.48,集合住宅,ＲＣ造,107年3月23日,九層,三層 見其他登記事項
RPOPMLNLPHNFFAV27CA,,28.60,停車空間、騎樓、樓梯間、機械室、蓄水池,ＲＣ造,107年3月23日,九層,
RPPPMLNLPHNFFAV37CA,,56.94,集合住宅,ＲＣ造,107年3月23日,九層,三層 見其他登記事項
RPPPMLNLPHNFFAV37CA,,24.37,停車空間、騎樓、樓梯間、機械室、蓄水池,ＲＣ造,107年3月23日,九層,
RPWOMLNLPHNFFAV97CA,,58.11,集合住宅,ＲＣ造,107年3月23日,九層,二層 見其他登記事項
RPWOMLNLPHNFFAV97CA,,24.87,停車空間、騎樓、樓梯間、機械室、蓄水池,ＲＣ造,107年3月23日,九層,
RPQPMLNLPHNFFAV47CA,,55.68,集合住宅,ＲＣ造,107年3月23日,九層,三層 見其他登記事項
RPQPMLNLPHNFFAV47CA,,23.87,停車空間、騎樓、樓梯間、機械室、蓄水池,ＲＣ造,107年3月23日,九層,
RPTNMLKLQHNFFAV37CA,,72.26,集合住宅,ＲＣ造,107年3月23日,九層,三層 見其他登記事項
RPTNMLKLQHNFFAV37CA,,61.42,停車空間、騎樓、樓梯間、機械室、蓄水池,ＲＣ造,107年3月23日,九層,
RPROMLMJQHNFFAV27CA,38,110.73,住家用,加強磚造,69年2月4日,二層,一層 二層
RPVNMLTKPHNFFAV28CA,24,170.13,住商用,鋼筋混凝土造,83年5月11日,四層,一層 二層 三層 四層 騎樓
RPSOMLMJQHNFFAV37CA,38,107.09,住家用,加強磚造,69年2月4日,二層,一層 二層
RPPNMLKLPHNFFDV17CA,32,127.54,住家用,加強磚造,75年7月9日,二層,一層 二層 陽台 騎樓 電梯樓梯間
RPRNMLKLQHNFFAV17CA,,114.00,集合住宅,ＲＣ造,107年3月23日,九層,四層 見其他登記事項
RPRNMLKLQHNFFAV17CA,,79.57,停車空間、騎樓、樓梯間、機械室、蓄水池,ＲＣ造,107年3月23日,九層,
RPRPMLNLPHNFFAV57CA,,61.04,集合住宅,ＲＣ造,107年3月23日,九層,三層 見其他登記事項
RPRPMLNLPHNFFAV57CA,,26.11,停車空間、騎樓、樓梯間、機械室、蓄水池,ＲＣ造,107年3月23日,九層,
RPSPMLNLPHNFFAV67CA,,58.85,集合住宅,ＲＣ造,107年3月23日,九層,三層 見其他登記事項
RPSPMLNLPHNFFAV67CA,,25.36,停車空間、騎樓、樓梯間、機械室、蓄水池,ＲＣ造,107年3月23日,九層,
RPQNMLRLPHNFFAV67CA,21,25.56,集合住宅,鋼筋混凝土造,85年6月28日,九層,五層 花台
RPQNMLRLPHNFFAV67CA,21,3.01,配電室．樓梯．電梯．機械房．通道．水箱．人行共同使用,鋼筋混凝土造,85年6月28日,九層,
RPQNMLRLPHNFFAV67CA,21,5.18,電梯，樓梯共同使用,鋼筋混凝土造,85年6月28日,九層,
RPXNMLNLPHNFFAV97CA,39,89.56,住家用,加強磚造,68年6月30日,二層,一層 二層
RPOOMLNLPHNFFAV17CA,37,111.07,住家用,鋼筋混凝土加強磚造,70年2月9日,三層,一層 二層 三層
RPVNMLNLPHNFFAV77CA,24,27.12,集合住宅,鋼筋混凝土造,83年5月17日,六層,一層 平台
RPVNMLNLPHNFFAV77CA,24,1.97,門廳、警衛室（公共設施）,鋼筋混凝土造,83年5月17日,六層,
RPVNMLNLPHNFFAV77CA,24,4.59,集合住宅（共同使用）,鋼筋混凝土造,83年5月17日,六層,
RPVNMLNLPHNFFAV77CA,24,2.38,樓梯間（共同使用）,鋼筋混凝土造,83年5月17日,六層,
RPVNMLKLQHNFFAV57CA,,66.48,集合住宅,ＲＣ造,107年3月23日,九層,四層 見其他登記事項
RPSNMLOLPHNFFAV57CA,,58.85,集合住宅,ＲＣ造,107年3月23日,九層,四層 見其他登記事項
RPVNMLKLQHNFFAV57CA,,61.92,停車空間、騎樓、樓梯間、機械室、蓄水池,ＲＣ造,107年3月23日,九層,
RPSNMLOLPHNFFAV57CA,,25.36,停車空間、騎樓、樓梯間、機械室、蓄水池,ＲＣ造,107年3月23日,九層,
RPUNMLKLQHNFFAV47CA,,114.00,集合住宅,ＲＣ造,107年3月23日,九層,五層 見其他登記事項
RPUNMLKLQHNFFAV47CA,,79.57,停車空間、騎樓、樓梯間、機械室、蓄水池,ＲＣ造,107年3月23日,九層,
RPWNMLKLQHNFFAV67CA,,114.00,集合住宅,ＲＣ造,107年3月23日,九層,六層 見其他登記事項
RPWNMLKLQHNFFAV67CA,,79.57,停車空間、騎樓、樓梯間、機械室、蓄水池,ＲＣ造,107年3月23日,九層,
RPPNMLRLPHNFFAV67DA,14,169.94,住家用,鋼筋混凝土造,93年4月13日,三層,一層 二層 三層 陽台
RPPNMLRLPHNFFCV77CA,20,144.18,騎樓、Ｂ１電子遊戲場、Ｈ２住宅,加強磚造,86年9月20日,二層,一層 二層 騎樓
RPVNMLOLPHNFFAV87CA,22,88.13,集合住宅,鋼筋混凝土造,85年6月28日,九層,七層 陽台
RPVNMLOLPHNFFAV87CA,22,9.21,電梯，樓梯共同使用,鋼筋混凝土造,85年6月28日,九層,
RPVNMLOLPHNFFAV87CA,22,9.85,配電室．樓梯．電梯．機械房．通道．水箱．人行共同使用,鋼筋混凝土造,85年6月28日,九層,
RPWNMLOLPHNFFAV97CA,,58.85,集合住宅,ＲＣ造,107年3月23日,九層,五層 見其他登記事項
RPWNMLOLPHNFFAV97CA,,25.36,停車空間、騎樓、樓梯間、機械室、蓄水池,ＲＣ造,107年3月23日,九層,
RPUNMLOLPHNFFAV77CA,,51.84,集合住宅,ＲＣ造,107年3月23日,九層,五層 見其他登記事項
RPUNMLOLPHNFFAV77CA,,22.38,停車空間、騎樓、樓梯間、機械室、蓄水池,ＲＣ造,107年3月23日,九層,
RPPNMLPLPHNFFAV37CA,,56.94,集合住宅,ＲＣ造,107年3月23日,九層,六層 見其他登記事項
RPPNMLPLPHNFFAV37CA,,24.37,停車空間、騎樓、樓梯間、機械室、蓄水池,ＲＣ造,107年3月23日,九層,
RPRNMLQLPHNFFAV67CA,,109.90,住宅,ＲＣ造,107年5月3日,三層,一層 二層 三層 見其他登記事項
RPRNMLQLPHNFFAV67CA,,109.90,住宅,ＲＣ造,107年5月3日,三層,一層 二層 三層 見其他登記事項
RPSNMLKMPHNFFAV27CA,7,203.87,住宅、樓梯間,ＲＣ造,100年5月13日,三層,一層 二層 三層 屋頂突出物 見其他登記事項
RPPOMLLJQHNFFAV96CA,33,223.60,住家用,加強磚造,74年7月24日,二層,一層 二層 陽台 騎樓
RPVNMLQLPHNFFAV08CA,39,59.90,住家用,加強磚造,68年7月6日,二層,一層 二層 騎樓
RPVNMLQLPHNFFAV08CA,39,59.90,住家用,加強磚造,68年7月6日,二層,一層 二層 騎樓
RPTNMLQLPHNFFAV87CA,37,117.67,住家用,加強磚造,70年5月29日,二層,一層 二層 騎樓
RPPNMLQLPHNFFAV47CA,,51.84,集合住宅,ＲＣ造,107年3月23日,九層,七層 見其他登記事項
RPPNMLQLPHNFFAV47CA,,22.38,停車空間、騎樓、樓梯間、機械室、蓄水池,ＲＣ造,107年3月23日,九層,
RPQNMLKMPHNFFAV07CA,25,24.33,集合住宅,鋼筋混凝土造,82年5月22日,十二層,十一層 陽台
RPQNMLKMPHNFFAV07CA,25,6.37,走廊．電樓梯間接（共同使用部分）,鋼筋混凝土造,82年5月22日,十二層,
RPQNMLKMPHNFFAV07CA,25,3.03,共有部分,鋼筋混凝土造,82年5月22日,十二層,
RPQNMLQLPHNFFAV57CA,,58.85,集合住宅,ＲＣ造,107年3月23日,九層,六層 見其他登記事項
RPQNMLQLPHNFFAV57CA,,25.36,停車空間、騎樓、樓梯間、機械室、蓄水池,ＲＣ造,107年3月23日,九層,
RPQNMLPLPHNFFAV47CA,,55.68,集合住宅,ＲＣ造,107年3月23日,九層,六層 見其他登記事項
RPQNMLPLPHNFFAV47CA,,23.87,停車空間、騎樓、樓梯間、機械室、蓄水池,ＲＣ造,107年3月23日,九層,
RPXNMLNLQHNFFAV08CA,,61.04,集合住宅,ＲＣ造,107年3月23日,九層,六層 見其他登記事項
RPXNMLNLQHNFFAV08CA,,26.11,停車空間、騎樓、樓梯間、機械室、蓄水池,ＲＣ造,107年3月23日,九層,
RPROMLOKQHNFFAV57CA,,64.14,住家用,鐵筋水泥磚,,一層,一層
RPRNMLKMPHNFFAV17CA,39,86.58,住家用,加強磚造,67年11月9日,二層,一層 二層
RPXNMLKLQHNFFAV77CA,,66.48,集合住宅,ＲＣ造,107年3月23日,九層,七層 見其他登記事項
RPXNMLKLQHNFFAV77CA,,61.92,停車空間、騎樓、樓梯間、機械室、蓄水池,ＲＣ造,107年3月23日,九層,
RPQNMLTLPHNFFAV87CA,,58.85,集合住宅,ＲＣ造,107年3月23日,九層,七層 見其他登記事項
RPQNMLTLPHNFFAV87CA,,25.36,停車空間、騎樓、樓梯間、機械室、蓄水池,ＲＣ造,107年3月23日,九層,
RPPNMLTLPHNFFAV77CA,,28.47,集合住宅,ＲＣ造,107年3月23日,九層,七層 見其他登記事項
RPPNMLTLPHNFFAV77CA,,12.18,停車空間、騎樓、樓梯間、機械室、蓄水池,ＲＣ造,107年3月23日,九層,
RPPNMLTLPHNFFAV77CA,,28.47,集合住宅,ＲＣ造,107年3月23日,九層,七層 見其他登記事項
RPPNMLTLPHNFFAV77CA,,12.18,停車空間、騎樓、樓梯間、機械室、蓄水池,ＲＣ造,107年3月23日,九層,
RPOOMLKLQHNFFAV96CA,,61.04,集合住宅,ＲＣ造,107年3月23日,九層,七層 見其他登記事項
RPOOMLKLQHNFFAV96CA,,26.11,停車空間、騎樓、樓梯間、機械室、蓄水池,ＲＣ造,107年3月23日,九層,
RPOOMLQLPHNFFAV47CA,,55.68,集合住宅,ＲＣ造,107年3月23日,九層,七層 見其他登記事項
RPOOMLQLPHNFFAV47CA,,23.87,停車空間、騎樓、樓梯間、機械室、蓄水池,ＲＣ造,107年3月23日,九層,
RPVNMLKMPHNFFAV57CA,24,6.90,避難室兼停車場．共同使用,鋼筋混凝土造,83年2月25日,十二層,
RPVNMLKMPHNFFAV57CA,24,48.17,集合住宅,鋼筋混凝土造,83年2月25日,十二層,五層 陽台 花台
RPVNMLKMPHNFFAV57CA,24,6.48,梯間．共同使用,鋼筋混凝土造,83年2月25日,十二層,
RPVNMLKMPHNFFAV57CA,24,48.17,集合住宅,鋼筋混凝土造,83年2月25日,十二層,五層 陽台 花台
RPVNMLKMPHNFFAV57CA,24,6.90,避難室兼停車場．共同使用,鋼筋混凝土造,83年2月25日,十二層,
RPVNMLKMPHNFFAV57CA,24,6.48,梯間．共同使用,鋼筋混凝土造,83年2月25日,十二層,
RPWNMLKMPHNFFAV67CA,24,23.83,集合住宅,鋼筋混凝土造,83年1月26日,七層,三層 陽台
RPWNMLKMPHNFFAV67CA,24,.57,共有部分,鋼筋混凝土造,83年1月26日,七層,
RPWNMLKMPHNFFAV67CA,24,.57,共有部分,鋼筋混凝土造,83年1月26日,七層,
RPWNMLKMPHNFFAV67CA,24,.57,共有部分,鋼筋混凝土造,83年1月26日,七層,
RPWNMLKMPHNFFAV67CA,24,.57,共有部分,鋼筋混凝土造,83年1月26日,七層,
RPWNMLKMPHNFFAV67CA,24,.57,共有部分,鋼筋混凝土造,83年1月26日,七層,
RPWNMLKMPHNFFAV67CA,24,.57,共有部分,鋼筋混凝土造,83年1月26日,七層,
RPWNMLKMPHNFFAV67CA,24,.58,共有部分,鋼筋混凝土造,83年1月26日,七層,
RPWNMLKMPHNFFAV67CA,24,4.33,共有部分,鋼筋混凝土造,83年1月26日,七層,
RPPNMLLJQHNFFAV86CA,,237.32,住宅、樓梯間,ＲＣ造,107年3月23日,三層,一層 二層 三層 見其他登記事項 見其他登記事項
RPRNMLTLPHNFFAV97CA,,51.84,集合住宅,ＲＣ造,107年3月23日,九層,八層 見其他登記事項
RPRNMLTLPHNFFAV97CA,,22.38,停車空間、騎樓、樓梯間、機械室、蓄水池,ＲＣ造,107年3月23日,九層,
RPPNMLLKQHNFFAV96CA,38,131.46,住家用,加強磚造,69年7月5日,二層,一層 二層 騎樓
RPPOMLKLQHNFFAV07CA,,64.37,集合住宅,ＲＣ造,107年3月23日,九層,八層 見其他登記事項
RPPOMLKLQHNFFAV07CA,,57.94,停車空間、騎樓、樓梯間、機械室、蓄水池,ＲＣ造,107年3月23日,九層,
RPQOMLKLQHNFFAV17CA,,114.00,集合住宅,ＲＣ造,107年3月23日,九層,三層 見其他登記事項
RPQOMLKLQHNFFAV17CA,,79.57,停車空間、騎樓、樓梯間、機械室、蓄水池,ＲＣ造,107年3月23日,九層,
RPUNMLLLQHNFFAV57CA,,104.32,集合住宅,ＲＣ造,107年3月23日,九層,九層 見其他登記事項
RPUNMLLLQHNFFAV57CA,,75.10,停車空間、騎樓、樓梯間、機械室、蓄水池,ＲＣ造,107年3月23日,九層,
RPOOMLSJQHNFFAV57CA,22,165.18,住家用,鋼筋混凝土造,85年1月13日,四層,一層 二層 三層 四層 見其他登記事項
RPQOMLKMPHNFFAV17CA,6,201.80,住宅,ＲＣ造,101年3月13日,三層,一層 二層 三層 見其他登記事項
RPPNMLLMPHNFFAV07CA,,51.84,集合住宅,ＲＣ造,107年3月23日,九層,三層 見其他登記事項
RPPNMLLMPHNFFAV07CA,,22.38,停車空間、騎樓、樓梯間、機械室、蓄水池,ＲＣ造,107年3月23日,九層,
RPQNMLLJQHNFFAV96CA,36,152.70,住家用,加強磚造,71年2月20日,二層,一層 二層 車庫
RPQOMLLJQHNFFAV07CA,,56.94,集合住宅,ＲＣ造,107年3月23日,九層,五層 見其他登記事項
RPQOMLLJQHNFFAV07CA,,24.37,停車空間、騎樓、樓梯間、機械室、蓄水池,ＲＣ造,107年3月23日,九層,
RPSNMLLJQHNFFAV17CA,,55.68,集合住宅,ＲＣ造,107年3月23日,九層,四層 見其他登記事項
RPSNMLLJQHNFFAV17CA,,23.87,停車空間、騎樓、樓梯間、機械室、蓄水池,ＲＣ造,107年3月23日,九層,
RPVNMLLJQHNFFAV47CA,,50.25,住家用,水泥磚木蓋瓦,,一層,一層
RPUNMLRJQHNFFAV97CA,38,193.20,住家用,鋼筋水泥,69年2月4日,三層,一層 二層 三層 騎樓 地下層
RPUNMLLJQHNFFAV37CA,25,27.19,集合住宅,鋼筋混凝土造,82年5月22日,十二層,十一層 陽台
RPUNMLLJQHNFFAV37CA,25,7.26,走廊．電樓梯間接（共同使用部分）,鋼筋混凝土造,82年5月22日,十二層,
RPUNMLLJQHNFFAV37CA,25,3.45,共有部分,鋼筋混凝土造,82年5月22日,十二層,
RPWNMLLJQHNFFAV57CA,13,422.40,倉庫,鋼骨造,94年9月5日,一層,一層
RPTNMLMJQHNFFAV37CA,,250.00,騎樓、店舖、住宅、樓梯間,ＲＣ造,107年5月8日,三層,一層 二層 三層 騎樓 見其他登記事項 見其他登記事項
RPOOMLLJQHNFFAV86CA,,230.56,住宅、樓梯間,ＲＣ造,107年3月22日,三層,一層 二層 三層 見其他登記事項 見其他登記事項
RPXNMLLJQHNFFAV67CA,,237.32,住宅、樓梯間,ＲＣ造,107年3月23日,三層,一層 二層 三層 見其他登記事項 見其他登記事項
RPXNMLMJQHNFFAV77CA,7,219.87,店舖、住宅,ＲＣ造,100年6月17日,三層,一層 二層 三層 見其他登記事項
RPTNMLMLQHNFFAV57CA,35,103.44,住家用,加強磚造,72年12月21日,二層,一層 二層 騎樓
RPROMLKLQHNFFAV27CA,,72.26,集合住宅,ＲＣ造,107年3月23日,九層,二層 見其他登記事項
RPROMLKLQHNFFAV27CA,,64.41,停車空間、騎樓、樓梯間、機械室、蓄水池,ＲＣ造,107年3月23日,九層,
RPPOMLMJQHNFFAV07CA,32,304.84,避難室．店舖．住宅,鋼筋混凝土造,75年4月14日,四層,一層 二層 三層 四層 陽台 屋頂突出物 騎樓 地下層
RPQNMLNJQHNFFAV17CA,,72.26,集合住宅,ＲＣ造,107年3月23日,九層,五層 見其他登記事項
RPQNMLNJQHNFFAV17CA,,31.08,停車空間、騎樓、樓梯間、機械室、蓄水池,ＲＣ造,107年3月23日,九層,
RPSNMLMJQHNFFAV27CA,45,48.80,住家用,蓋瓦水泥磚木,62年7月7日,一層,一層 騎樓
RPRNMLNJQHNFFAV27CA,,66.48,集合住宅,ＲＣ造,107年3月23日,九層,五層 見其他登記事項
RPRNMLNJQHNFFAV27CA,,28.60,停車空間、騎樓、樓梯間、機械室、蓄水池,ＲＣ造,107年3月23日,九層,
RPVNMLRJQHNFFAV08CA,23,107.02,住家用,有牆鋼架造,84年10月26日,一層,一層
RPQNMLRJQHNFFAV57CA,24,30.34,集合住宅,鋼筋混凝土造,83年4月19日,十四層,二層 陽台
RPQNMLRJQHNFFAV57CA,24,11.59,避難室，電梯．樓梯．地下室．通廊共同使用,鋼筋混凝土造,83年4月19日,十四層,
RPXNMLNJQHNFFAV87CA,22,367.81,住宅、停車空間,鋼筋混凝土造,85年6月1日,五層,一層 二層 三層 四層 五層 見其他登記事項
RPTOMLKLQHNFFAV47CA,,57.00,集合住宅,ＲＣ造,107年3月23日,九層,二層 見其他登記事項
RPTOMLKLQHNFFAV47CA,,39.79,停車空間、騎樓、樓梯間、機械室、蓄水池,ＲＣ造,107年3月23日,九層,
RPTOMLKLQHNFFAV47CA,,57.00,集合住宅,ＲＣ造,107年3月23日,九層,二層 見其他登記事項
RPTOMLKLQHNFFAV47CA,,39.79,停車空間、騎樓、樓梯間、機械室、蓄水池,ＲＣ造,107年3月23日,九層,
RPUNMLQJQHNFFAV87CA,7,180.72,住家用,ＲＣ造,100年9月28日,三層,一層 二層 三層 見其他登記事項
RPRNMLRJQHNFFAV67CA,35,100.53,集合住宅,鋼筋混凝土造,72年2月9日,四層,四層 陽台
RPRNMLRJQHNFFAV67CA,35,6.87,國民住宅、走道,鋼筋混凝土造,72年2月9日,四層,
RPRNMLRJQHNFFAV67CA,35,1.15,國民住宅、走道,鋼筋混凝土造,72年2月9日,四層,
RPRNMLRJQHNFFAV67CA,35,.99,國民住宅、走道,鋼筋混凝土造,72年2月9日,四層,
RPWNMLSJQHNFFAV28CA,25,154.84,住家用,鋼筋混凝土造,82年3月8日,三層,一層 二層 三層
RPSOMLKLQHNFFAV37CA,,66.48,集合住宅,ＲＣ造,107年3月23日,九層,六層 見其他登記事項
RPUOMLKLQHNFFAV57CA,,114.00,集合住宅,ＲＣ造,107年3月23日,九層,七層 見其他登記事項
RPSOMLKLQHNFFAV37CA,,61.92,停車空間、騎樓、樓梯間、機械室、蓄水池,ＲＣ造,107年3月23日,九層,
RPUOMLKLQHNFFAV57CA,,79.33,停車空間、騎樓、樓梯間、機械室、蓄水池,ＲＣ造,107年3月23日,九層,
RPRNMLKKQHNFFAV07CA,2,155.06,住宅、樓梯間,見其他登記事項,105年11月16日,三層,一層 二層 三層 屋頂突出物 見其他登記事項
RPRNMLKKQHNFFAV07CA,2,155.06,住宅、樓梯間,見其他登記事項,105年11月16日,三層,一層 二層 三層 屋頂突出物 見其他登記事項
RPPOMLSJQHNFFAV67CA,22,114.06,住家用,加強磚造,85年3月19日,二層,一層 二層 陽台 屋頂突出物
RPRNMLQJQHNFFAV57CA,42,87.52,住家用,鐵筋水泥磚,65年8月24日,二層,一層 二層
RPTNMLQJQHNFFAV77CA,35,111.17,住家用,加強磚造,72年12月24日,二層,一層 二層 騎樓
RPPNMLTJQHNFFDV97CA,43,103.82,住家用,木石磚造（磚石造）,65年1月1日,一層,一層
RPQNMLQKQHNFFDV87CA,24,31.54,套房,鋼筋混凝土造,83年9月30日,八層,三層 陽台
RPQNMLQKQHNFFDV87CA,24,6.07,樓梯間．門房走道,鋼筋混凝土造,83年9月30日,八層,
RPSNMLKKQHNFFAV17CA,30,252.90,住家用,有墻鋼架造,77年7月14日,一層,一層
RPVOMLKLQHNFFAV67CA,,129.36,店舖,ＲＣ造,107年3月23日,九層,一層 騎樓 見其他登記事項
RPVOMLKLQHNFFAV67CA,,61.42,停車空間、騎樓、樓梯間、機械室、蓄水池,ＲＣ造,107年3月23日,九層,
RPTNMLOKQHNFFAV67CA,24,32.70,集合住宅,鋼筋混凝土造,83年4月19日,十四層,三層 陽台
RPTNMLOKQHNFFAV67CA,24,13.82,避難室，電梯．樓梯．地下室．通廊共同使用,鋼筋混凝土造,83年4月19日,十四層,
RPTOMLTJQHNFFAV18CA,,55.68,集合住宅,ＲＣ造,107年3月23日,九層,二層 見其他登記事項
RPTOMLTJQHNFFAV18CA,,23.87,停車空間、騎樓、樓梯間、機械室、蓄水池,ＲＣ造,107年3月23日,九層,
RPUNMLTJQHNFFAV18CA,45,122.32,住家用,鐵筋水泥磚,62年12月28日,四層,一層 二層 三層 四層
RPQNMLTJQHNFFAV77CA,,51.84,集合住宅,ＲＣ造,107年3月23日,九層,二層 見其他登記事項
RPQNMLTJQHNFFAV77CA,,22.38,停車空間、騎樓、樓梯間、機械室、蓄水池,ＲＣ造,107年3月23日,九層,
RPROMLTJQHNFFAV97CA,,193.18,住宅,ＲＣ造,107年5月25日,三層,一層 二層 三層 見其他登記事項
RPQOMLTJQHNFFAV87CA,,213.46,住宅、樓梯間,ＲＣ造,107年5月25日,三層,一層 二層 三層 屋頂突出物 見其他登記事項
RPQNMLSJQHNFFAV67CA,,171.62,住宅,ＲＣ造,107年5月25日,三層,一層 二層 三層 見其他登記事項
RPTNMLSJQHNFFAV97CA,,193.18,住宅,ＲＣ造,107年5月25日,三層,一層 二層 三層 見其他登記事項
RPSNMLSJQHNFFAV87CA,,193.18,住宅,ＲＣ造,107年5月25日,三層,一層 二層 三層 見其他登記事項
RPRNMLSJQHNFFAV77CA,,171.62,住宅,ＲＣ造,107年5月25日,三層,一層 二層 三層 見其他登記事項
RPUNMLSJQHNFFAV08CA,3,111.19,住家用,ＲＣ造,104年9月30日,三層,一層 二層 三層 見其他登記事項
RPUNMLSJQHNFFAV08CA,3,111.19,住家用,ＲＣ造,104年9月30日,三層,一層 二層 三層 見其他登記事項
RPPNMLPKQHNFFCV67DA,29,100.00,住家用,加強磚造,78年10月12日,一層,一層
RPSOMLTJQHNFFAV08CA,25,29.19,集合住宅,鋼筋混凝土造,82年5月22日,十二層,十一層 陽台
RPSOMLTJQHNFFAV08CA,25,7.49,走廊．電樓梯間接（共同使用部分）,鋼筋混凝土造,82年5月22日,十二層,
RPSOMLTJQHNFFAV08CA,25,3.56,共有部分,鋼筋混凝土造,82年5月22日,十二層,
SPSOMLTJQHNFFAV18CA,25,29.19,集合住宅,鋼筋混凝土造,82年5月22日,十二層,十一層 陽台
SPSOMLTJQHNFFAV18CA,25,7.49,走廊．電樓梯間接（共同使用部分）,鋼筋混凝土造,82年5月22日,十二層,
SPSOMLTJQHNFFAV18CA,25,3.56,共有部分,鋼筋混凝土造,82年5月22日,十二層,
RPRNMLNKQHNFFAV37CA,8,222.30,住家用,ＲＣ造,99年9月30日,三層,一層 二層 三層 見其他登記事項
RPPNMLKKQHNFFAV86CA,26,284.31,農舍,鋼筋混凝土造,81年11月5日,三層,一層 二層 三層
RPUOMLTJQHNFFAV28CA,,56.94,集合住宅,ＲＣ造,107年3月23日,九層,四層 見其他登記事項
RPUOMLTJQHNFFAV28CA,,24.37,停車空間、騎樓、樓梯間、機械室、蓄水池,ＲＣ造,107年3月23日,九層,
RPXOMLKLQHNFFAV87CA,,72.26,集合住宅,ＲＣ造,107年3月23日,九層,六層 見其他登記事項
RPXOMLKLQHNFFAV87CA,,61.42,停車空間、騎樓、樓梯間、機械室、蓄水池,ＲＣ造,107年3月23日,九層,
RPSNMLNKQHNFFAV47CA,7,178.15,住家用,ＲＣ造,100年9月28日,三層,一層 二層 三層 見其他登記事項
RPTNMLNKQHNFFAV57CA,,237.14,住宅、樓梯間,ＲＣ造,107年3月23日,三層,一層 二層 三層 見其他登記事項 見其他登記事項
RPWOMLKLQHNFFAV77CA,,72.26,集合住宅,ＲＣ造,107年3月23日,九層,七層 見其他登記事項
RPWOMLKLQHNFFAV77CA,,61.42,停車空間、騎樓、樓梯間、機械室、蓄水池,ＲＣ造,107年3月23日,九層,
RPUNMLNKQHNFFAV67CA,,232.71,住宅、樓梯間,ＲＣ造,107年3月22日,三層,一層 二層 三層 見其他登記事項 見其他登記事項
RPVNMLQKQHNFFAV08CA,1,201.87,住宅、水箱、遮陽棚,ＲＣ造,106年9月27日,三層,一層 二層 三層 屋頂突出物 見其他登記事項
RPQNMLQKQHNFFBV67CA,38,55.34,住家用,加強磚造,69年12月5日,二層,一層 二層 騎樓
RPQNMLQKQHNFFBV67CA,38,55.34,住家用,加強磚造,69年12月5日,二層,一層 二層 騎樓
