﻿鄉鎮市區,交易標的,土地位置建物門牌,土地面積平方公尺,都市土地使用分區,非都市土地使用分區,非都市土地使用編定,租賃年月日,租賃筆棟數,租賃層次,總樓層數,建物型態,主要用途,主要建材,建築完成年月,建物總面積平方公尺,建物現況格局-房,建物現況格局-廳,建物現況格局-衛,建物現況格局-隔間,有無管理組織,有無附傢俱,總額元,單價元平方公尺,車位類別,車位面積平方公尺,車位總額元,備註,編號
The villages and towns urban district,transaction sign,land sector position building sector house number plate,land shifting total area square meter,the use zoning or compiles and checks,the non-metropolis land use district,non-metropolis land use,transaction year month and day,transaction pen number,shifting level,total floor number,building state,main use,main building materials,construction to complete the years,building shifting total area,Building present situation pattern - room,building present situation pattern - hall,building present situation pattern - health,building present situation pattern - compartmented,Whether there is manages the organization,Whether there is attaches the furniture,total price NTD,the unit price (NTD / square meter),the berth category,berth shifting total area square meter,the berth total price NTD,the note,serial number
台東市,建物,臺東縣臺東市傳廣路213號,29.04,住,,,1070613,土地0建物1車位0,見其他登記事項,4,店面(店鋪),住家用,鋼筋混凝土造,0690820,42.98,0,0,0,無,無,有,22600,526,,0.0,0,,RPRNMLKLOHNFFAV17CC
台東市,建物,臺東縣臺東市更生北路853號,170.17,住,,,1070707,土地0建物1車位0,全,3,透天厝,住家用,見其他登記事項,1050105,223.63,5,2,4,有,無,有,28000,125,,0.0,0,,RPPNMLLKPHNFFAV07CC
台東市,房地(土地+建物),臺東縣臺東市更生北路308巷15號,142.54,住,,,1070726,土地3建物1車位0,全,3,透天厝,住家用,鋼筋混凝土造,0891216,169.9,4,2,3,有,無,有,16000,94,,0.0,0,含增建或未登記建物。；,RPWNMLQLPHNFFAV38CC
