﻿鄉鎮市區,交易標的,土地位置建物門牌,土地移轉總面積平方公尺,都市土地使用分區,非都市土地使用分區,非都市土地使用編定,交易年月日,交易筆棟數,移轉層次,總樓層數,建物型態,主要用途,主要建材,建築完成年月,建物移轉總面積平方公尺,建物現況格局-房,建物現況格局-廳,建物現況格局-衛,建物現況格局-隔間,有無管理組織,總價元,單價元平方公尺,車位類別,車位移轉總面積(平方公尺),車位總價元,備註,編號,主建物面積,附屬建物面積,陽台面積,電梯,移轉編號
The villages and towns urban district,transaction sign,land sector position building sector house number plate,land shifting total area square meter,the use zoning or compiles and checks,the non-metropolis land use district,non-metropolis land use,transaction year month and day,transaction pen number,shifting level,total floor number,building state,main use,main building materials,construction to complete the years,building shifting total area,Building present situation pattern - room,building present situation pattern - hall,building present situation pattern - health,building present situation pattern - compartmented,Whether there is manages the organization,total price NTD,the unit price (NTD / square meter),the berth category,berth shifting total area square meter,the berth total price NTD,the note,serial number,,,,,
金城鎮,土地,金門城段824地號,353.5,其他,,,1070301,土地1建物0車位0,,,其他,,,,0.0,0,0,0,有,無,8830000,24979,,0.0,0,,RPPNMLQKNHNFFAW27CA,0.0,0.0,0.0,,
金寧鄉,土地,北二三劃測段436-1地號,499.99,農,,,1070427,土地1建物0車位0,,,其他,,,,0.0,0,0,0,有,無,2800000,5600,,0.0,0,,RPOOMLLLNHNFFAW86CA,0.0,0.0,0.0,,
金城鎮,房地(土地+建物),金門縣金城鎮浯江路１８號２樓,49.45,農,,,1070501,土地2建物1車位0,二層,三層,公寓(5樓含以下無電梯),集合住宅,鋼筋混凝土造,0971008,86.5,3,1,2,有,無,5600000,64740,,0.0,0,親友、員工或其他特殊關係間之交易。；,RPPNMLSLNHNFFAW57CA,74.75,0.0,3.14,,
金寧鄉,土地,北二三劃測段480地號,500.01,農,,,1070427,土地1建物0車位0,,,其他,,,,0.0,0,0,0,有,無,2800000,5600,,0.0,0,,RPPOMLLLNHNFFAW96CA,0.0,0.0,0.0,,
金城鎮,房地(土地+建物),金門縣金城鎮浴井76號,91.35,住,,,1070424,土地5建物1車位0,全,三層,透天厝,,,1070208,169.3,5,2,3,有,無,9880000,58358,,0.0,0,建商與地主合建案。；,RPRNMLKMNHNFFAW17DA,157.52,0.0,11.78,,
金城鎮,房地(土地+建物),金門縣金城鎮浴井77號,85.45,住,,,1070424,土地5建物1車位0,全,三層,透天厝,,,1070208,169.3,5,2,3,有,無,9880000,58358,,0.0,0,建商與地主合建案。；,RPSNMLKMNHNFFAW27DA,157.52,0.0,11.78,,
金城鎮,房地(土地+建物),金門縣金城鎮浴井75號,95.65,住,,,1070424,土地5建物1車位0,全,三層,透天厝,,,1070208,187.51,5,2,3,有,無,11800000,62930,,0.0,0,建商與地主合建案。；,RPTNMLKMNHNFFAW37DA,174.82,0.0,12.69,,
金城鎮,房地(土地+建物),金門縣金城鎮浴井78號,58.65,住,,,1070424,土地6建物1車位0,一層,三層,公寓(5樓含以下無電梯),,,1070208,115.61999999999999,3,2,2,有,無,8000000,69192,,0.0,0,建商與地主合建案。；,RPOOMLKMNHNFFAW96DA,109.52,0.0,0.0,,
金城鎮,土地,吳厝村段127-11地號,58.65,住,,,1070424,土地6建物0車位0,,,其他,,,,0.0,0,0,0,有,無,3000000,51151,,0.0,0,,RPPNMLLMNHNFFAW07DA,0.0,0.0,0.0,,
金城鎮,房地(土地+建物),金門縣金城鎮浴井78號3樓,58.65,住,,,1070424,土地6建物1車位0,三層,三層,公寓(5樓含以下無電梯),,,1070208,124.52,3,2,2,有,無,7800000,62641,,0.0,0,建商與地主合建案。；,RPVNMLRJOHNFFAW08DA,109.52,0.0,8.9,,
金寧鄉,土地,寧湖三劃段369地號,315.43,農,,,1070501,土地2建物0車位0,,,其他,,,,0.0,0,0,0,有,無,3000000,9511,,0.0,0,,RPPNMLRKNHNFFAW47DA,0.0,0.0,0.0,,
金城鎮,土地,庵前劃測段655地號,825.0,農,,,1070511,土地1建物0車位0,,,其他,,,,0.0,0,0,0,有,無,3000000,3636,,0.0,0,,RPQNMLRKNHNFFAW57DA,0.0,0.0,0.0,,
金寧鄉,土地,上后垵段68地號,95.0,其他,,,1070514,土地1建物0車位0,,,其他,,,,0.0,0,0,0,有,無,1600000,16842,,0.0,0,,RPSOMLLLNHNFFAW27CA,0.0,0.0,0.0,,
金湖鎮,房地(土地+建物),金門縣金湖鎮環島南路五段１３１號,43.99,其他,,,1070412,土地1建物1車位0,一層,三層,公寓(5樓含以下無電梯),集合住宅,鋼筋混凝土造,1061117,77.28,2,2,2,有,無,4600000,59524,,0.0,0,,RPTNMLLLNHNFFAW27CA,68.7,0.0,3.38,,
金寧鄉,房地(土地+建物),金門縣金寧鄉昔果山１７號,388.0,住,,,1070503,土地1建物1車位0,全,一層,透天厝,,,0560830,131.21,6,2,6,有,無,12000000,91456,,0.0,0,,RPRNMLNLNHNFFAW27CA,119.89,0.0,11.32,,
金湖鎮,土地,湖前段374地號,692.7,其他,,,1070502,土地1建物0車位0,,,其他,,,,0.0,0,0,0,有,無,6000000,8662,,0.0,0,,RPSNMLSJOHNFFAW77CA,0.0,0.0,0.0,,
金城鎮,房地(土地+建物),金門縣金城鎮金門城１０６之１０號,34.51,其他,,,1070412,土地1建物1車位0,一層,五層,華廈(10層含以下有電梯),集合住宅,鋼筋混凝土造,1070202,76.92,3,1,2,有,無,3000000,39002,,0.0,0,親友、員工或其他特殊關係間之交易。；建商與地主合建案。；,RPVNMLSJOHNFFAW08CA,60.89,0.0,0.0,,
金城鎮,房地(土地+建物),金門縣金城鎮金門城１０６之１０號,34.51,其他,,,1070412,土地1建物1車位0,一層,五層,華廈(10層含以下有電梯),集合住宅,鋼筋混凝土造,1070202,76.92,3,1,2,有,無,3000000,39002,,0.0,0,親友、員工或其他特殊關係間之交易。；建商與地主合建案。；,RPWNMLSJOHNFFAW18CA,60.89,0.0,0.0,,
金沙鎮,土地,榮湖段847地號,4504.22,農,,,1070301,土地6建物0車位0,,,其他,,,,0.0,0,0,0,有,無,6000000,1332,,0.0,0,親友、員工或其他特殊關係間之交易。有民情風俗因素之交易。,RPRNMLMLNHNFFAW17CA,0.0,0.0,0.0,,
金湖鎮,土地,塔后段243地號,421.55,其他,,,1070502,土地1建物0車位0,,,其他,,,,0.0,0,0,0,有,無,813592,1930,,0.0,0,向政府機關承購之案件。依離島建設條例申購土地,RPUNMLLLNHNFFAW37CA,0.0,0.0,0.0,,
金湖鎮,房地(土地+建物),金門縣金湖鎮成功３６之３號二樓,67.95,其他,,,1070420,土地1建物1車位0,二層,三層,公寓(5樓含以下無電梯),集合住宅,鋼筋混凝土造,1061207,111.18,3,2,2,有,無,6800000,61162,,0.0,0,,RPQNMLLLNHNFFAW96CA,95.66,0.0,5.49,,
金湖鎮,房地(土地+建物),金門縣金湖鎮市港三路２３７號四樓,20.99,住,,,1070502,土地1建物1車位0,四層,八層,華廈(10層含以下有電梯),集合住宅,鋼筋混凝土造,1050421,106.14,3,2,2,有,無,7300000,68777,,0.0,0,,RPSNMLLLNHNFFAW17CA,72.13,1.97,8.06,,
金城鎮,房地(土地+建物),金門縣金城鎮珠浦南路74巷27號,13.09,住,,,1070213,土地1建物1車位0,一層,五層,華廈(10層含以下有電梯),集合住宅,鋼筋混凝土造,1000705,34.49,1,1,1,有,無,4600000,133372,,0.0,0,,RPRNMLSKNHNFFAW77DA,28.3,0.0,0.0,,
金城鎮,房地(土地+建物),金門縣金城鎮珠浦西路22號4樓之1,15.8,住,,,1070504,土地1建物1車位0,四層,五層,套房(1房1廳1衛),住家用,鋼筋混凝土造,0880911,51.64,1,1,1,有,無,4000000,77459,,0.0,0,,RPSNMLSKNHNFFAW87DA,41.21,0.0,4.22,,
金城鎮,房地(土地+建物),金門縣金城鎮前水頭139之3號1樓之6,257.74,住,,,1070409,土地1建物7車位0,一層,三層,華廈(10層含以下有電梯),集合住宅,鋼筋混凝土造,1050129,663.7,2,2,2,有,無,33500000,50475,,0.0,0,,RPVNMLLLNHNFFAW57DA,405.71,0.0,8.59,,
金寧鄉,房地(土地+建物),金門縣金寧鄉中堡8之6號三樓,38.98,住,,,1070117,土地1建物1車位0,三層,五層,華廈(10層含以下有電梯),,,1070202,89.77000000000001,3,2,2,有,無,4580000,51019,,0.0,0,,RPPNMLPJOHNFFAW27DA,61.74,4.73,5.82,,
金湖鎮,房地(土地+建物),金門縣金湖鎮料羅新村６０７號二樓,45.74,其他,,,1070502,土地1建物1車位0,二層,四層,華廈(10層含以下有電梯),集合住宅,鋼筋混凝土造,1070118,86.53,3,2,2,有,無,3900000,45071,,0.0,0,,RPPNMLLLNHNFFAW86CA,68.45,0.0,6.85,,
金寧鄉,土地,寧北一劃段234地號,978.17,農,,,1070502,土地1建物0車位0,,,其他,,,,0.0,0,0,0,有,無,2600000,2658,,0.0,0,,RPPNMLMLNHNFFAW96CA,0.0,0.0,0.0,,
金寧鄉,土地,寧北一劃段262地號,978.15,農,,,1070515,土地1建物0車位0,,,其他,,,,0.0,0,0,0,有,無,2600000,2658,,0.0,0,,RPQNMLMLNHNFFAW07CA,0.0,0.0,0.0,,
金沙鎮,房地(土地+建物),金門縣金沙鎮陽翟１２８號三樓,43.83,其他,,,1070417,土地1建物1車位0,三層,三層,華廈(10層含以下有電梯),集合住宅,鋼筋混凝土造,1060324,96.1,3,2,2,有,無,5200000,54110,,0.0,0,,RPXNMLLLNHNFFAW67CA,69.83,0.0,7.44,,
金寧鄉,土地,寧湖一劃段495地號,500.0,農,,,1070503,土地1建物0車位0,,,其他,,,,0.0,0,0,0,有,無,6000000,12000,,0.0,0,,RPSNMLNLNHNFFAW37CA,0.0,0.0,0.0,,
金城鎮,房地(土地+建物),金門縣金城鎮金門城１９２號,90.7,住,,,1070422,土地1建物1車位0,全,三層,透天厝,住家用,鋼筋混凝土造,1060928,152.06,5,3,3,有,無,8400000,55241,,0.0,0,,RPPNMLTLNHNFFAW67CA,149.14,0.0,2.92,,
金寧鄉,土地,東洲段1085-1地號,1164.07,住,,,1070430,土地3建物0車位0,,,其他,,,,0.0,0,0,0,有,無,11600000,9965,,0.0,0,,RPPNMLKMNHNFFAW86CA,0.0,0.0,0.0,,
金寧鄉,土地,東洲段599地號,2893.86,農,,,1070504,土地3建物0車位0,,,其他,,,,0.0,0,0,0,有,無,13000000,4492,,0.0,0,,RPRNMLLMNHNFFAW17CA,0.0,0.0,0.0,,
金城鎮,房地(土地+建物),金門縣金城鎮珠浦西路５０巷７弄３號二樓,28.18,住,,,1070502,土地1建物1車位0,二層,四層,公寓(5樓含以下無電梯),住家用,鋼筋混凝土造,0840725,78.29,3,2,2,有,無,5380000,68728,,0.0,0,,RPOOMLNLNHNFFAW07CA,65.56,0.0,5.25,,
金城鎮,房地(土地+建物),金門縣金城鎮珠浦南路４４巷１２弄９號二樓之１,33.47,住,,,1070511,土地1建物1車位0,二層,四層,華廈(10層含以下有電梯),集合住宅,鋼筋混凝土造,1070117,75.22999999999999,2,2,2,有,無,6000000,79755,,0.0,0,,RPQOMLNLNHNFFAW27CA,48.55,4.5,5.07,,
金城鎮,房地(土地+建物),金門縣金城鎮珠浦南路４４巷１２弄７號,27.32,住,,,1070511,土地1建物1車位0,一層,四層,華廈(10層含以下有電梯),店舖,鋼筋混凝土造,1070117,62.51,1,0,2,有,無,8300000,132779,,0.0,0,前有店舖一間，做為店舖使用。,RPROMLNLNHNFFAW37CA,48.55,0.0,0.0,,
金湖鎮,土地,多年段62地號,662.0,其他,,,1070418,土地2建物0車位0,,,其他,,,,0.0,0,0,0,有,無,4630000,6994,,0.0,0,,RPQNMLOKOHNFFAW37DA,0.0,0.0,0.0,,
金城鎮,土地,古坵段946地號,318.0,其他,,,1070504,土地1建物0車位0,,,其他,,,,0.0,0,0,0,有,無,960000,3019,,0.0,0,,RPWNMLOLNHNFFAW97DA,0.0,0.0,0.0,,
金城鎮,土地,古坵段947地號,483.0,其他,,,1070504,土地1建物0車位0,,,其他,,,,0.0,0,0,0,有,無,1450000,3002,,0.0,0,,RPXNMLOLNHNFFAW08DA,0.0,0.0,0.0,,
金城鎮,房地(土地+建物),金門縣金城鎮賢聚４２之７號,65.58,其他,,,1070516,土地1建物1車位0,一層,三層,公寓(5樓含以下無電梯),集合住宅,鋼筋混凝土造,1070213,112.61,3,2,2,有,無,7500000,66602,,0.0,0,,RPPNMLOLNHNFFAW17CA,96.67,0.0,8.73,,
金城鎮,房地(土地+建物),金門縣金城鎮賢聚４０之３號三樓,42.08,其他,,,1070516,土地1建物1車位0,三層,三層,公寓(5樓含以下無電梯),集合住宅,鋼筋混凝土造,1070214,76.92,3,2,2,有,無,4700000,61102,,0.0,0,,RPQNMLOLNHNFFAW27CA,65.93,0.0,5.12,,
金城鎮,房地(土地+建物),金門縣金城鎮賢聚４０之３號二樓,42.08,其他,,,1070516,土地1建物1車位0,二層,三層,公寓(5樓含以下無電梯),集合住宅,鋼筋混凝土造,1070214,76.92,3,2,2,有,無,4500000,58502,,0.0,0,,RPRNMLOLNHNFFAW37CA,65.93,0.0,5.12,,
金湖鎮,房地(土地+建物),金門縣金湖鎮環島南路五段１２９號三樓,59.16,其他,,,1070508,土地1建物1車位0,三層,三層,公寓(5樓含以下無電梯),集合住宅,鋼筋混凝土造,1061117,104.08,3,2,2,有,無,5800000,55726,,0.0,0,,RPTNMLNLNHNFFAW47CA,87.4,0.0,9.68,,
金寧鄉,土地,盤山村段229地號,89.5,其他,,,1070507,土地1建物0車位0,,,其他,,,,0.0,0,0,0,有,無,2500000,27933,,0.0,0,,RPVNMLNLNHNFFAW67CA,0.0,0.0,0.0,,
金城鎮,房地(土地+建物),金門縣金城鎮賢聚４２之８號二樓,65.58,其他,,,1070516,土地1建物1車位0,二層,三層,公寓(5樓含以下無電梯),集合住宅,鋼筋混凝土造,1070213,112.61,3,2,2,有,無,6465000,57411,,0.0,0,,RPOOMLOLNHNFFAW17CA,96.67,0.0,8.73,,
金城鎮,房地(土地+建物),金門縣金城鎮賢聚４２之６號三樓,49.65,其他,,,1070516,土地1建物1車位0,三層,四層,華廈(10層含以下有電梯),集合住宅,鋼筋混凝土造,1070213,102.78,3,2,2,有,無,6260000,60907,,0.0,0,,RPPOMLOLNHNFFAW27CA,78.41,0.0,7.72,,
金城鎮,房地(土地+建物),金門縣金城鎮賢聚４２之５號,49.65,其他,,,1070516,土地1建物1車位0,一層,四層,華廈(10層含以下有電梯),集合住宅,鋼筋混凝土造,1070213,98.02000000000001,3,2,2,有,無,6260000,63865,,0.0,0,,RPQOMLOLNHNFFAW37CA,78.41,0.0,2.96,,
金寧鄉,房地(土地+建物),金門縣金寧鄉湖下１４２之６號,45.62,其他,,,1070311,土地1建物1車位0,一層,三層,公寓(5樓含以下無電梯),集合住宅,鋼筋混凝土造,1041222,93.0,2,2,2,有,無,4000000,43011,,0.0,0,,RPTOMLOLNHNFFAW67CA,70.63,0.0,0.0,,
金城鎮,土地,北一段175地號,654.75,農,,,1070507,土地1建物0車位0,,,其他,,,,0.0,0,0,0,有,無,8300000,12677,,0.0,0,,RPPOMLSJOHNFFAW57CA,0.0,0.0,0.0,,
金城鎮,房地(土地+建物),金門縣金城鎮民權路226巷4弄17號三樓,17.81,其他,,,1070517,土地1建物1車位0,三層,五層,公寓(5樓含以下無電梯),辦公室,鋼筋混凝土造,1020223,70.08,3,2,2,有,無,7700000,109874,,0.0,0,,RPSOMLSJOHNFFAW87CA,51.41,2.47,3.24,,
金城鎮,土地,古區測段142地號,320.06,住,,,1070515,土地1建物0車位0,,,其他,,,,0.0,0,0,0,有,無,10648000,33269,,0.0,0,,RPPNMLKLOHNFFAW86CA,0.0,0.0,0.0,,
金城鎮,房地(土地+建物),金門縣金城鎮賢聚４２之５號四樓,49.65,其他,,,1070516,土地1建物1車位0,四層,四層,華廈(10層含以下有電梯),集合住宅,鋼筋混凝土造,1070213,102.78,3,2,2,有,無,6700000,65188,,0.0,0,,RPROMLOLNHNFFAW47CA,78.41,0.0,7.72,,
金城鎮,房地(土地+建物),金門縣金城鎮賢聚４０之５號,42.08,其他,,,1070516,土地1建物1車位0,一層,三層,公寓(5樓含以下無電梯),集合住宅,鋼筋混凝土造,1070214,76.92,3,2,2,有,無,4700000,61102,,0.0,0,,RPSNMLOLNHNFFAW47CA,65.93,0.0,5.12,,
金城鎮,房地(土地+建物),金門縣金城鎮賢聚４２之７號二樓,65.58,其他,,,1070516,土地1建物1車位0,二層,三層,公寓(5樓含以下無電梯),集合住宅,鋼筋混凝土造,1070213,112.61,3,2,2,有,無,6700000,59497,,0.0,0,,RPTNMLOLNHNFFAW57CA,96.67,0.0,8.73,,
金城鎮,房地(土地+建物),金門縣金城鎮賢聚４２之７號三樓,65.58,其他,,,1070516,土地1建物1車位0,三層,三層,公寓(5樓含以下無電梯),集合住宅,鋼筋混凝土造,1070213,112.61,3,2,2,有,無,7000000,62161,,0.0,0,,RPUNMLOLNHNFFAW67CA,96.67,0.0,8.73,,
金城鎮,土地,珠山段451地號,552.26,農,,,1070427,土地1建物0車位0,,,其他,,,,0.0,0,0,0,有,無,2760000,4998,,0.0,0,,RPVNMLOLNHNFFAW77CA,0.0,0.0,0.0,,
金寧鄉,房地(土地+建物),金門縣金寧鄉頂堡６之５號,31.86,其他,,,1070516,土地1建物1車位0,一層,三層,公寓(5樓含以下無電梯),,,1070330,44.190000000000005,1,1,1,有,無,2594000,58701,,0.0,0,,RPSOMLOLNHNFFAW57CA,37.63,0.0,4.43,,
金湖鎮,房地(土地+建物)+車位,金門縣金湖鎮市港三路２３３號八樓,25.15,住,,,1070514,土地1建物1車位2,八層,八層,華廈(10層含以下有電梯),集合住宅,鋼筋混凝土造,1050421,126.63999999999999,3,2,2,有,無,8800000,69488,坡道機械,19.88,0,土地及建物分次登記案件。前案土地登記收件字號：；,RPQNMLPLNHNFFAW37CA,71.91,2.63,8.06,,
金寧鄉,土地,長寮段78-1地號,737.9,其他,,,1070518,土地2建物0車位0,,,其他,,,,0.0,0,0,0,有,無,13000000,17618,,0.0,0,,RPQNMLKMNHNFFAW96CA,0.0,0.0,0.0,,
金城鎮,土地,庵前村段127地號,104.0,其他,,,1070505,土地1建物0車位0,,,其他,,,,0.0,0,0,0,有,無,1000000,9615,,0.0,0,親友、員工或其他特殊關係間之交易。；,RPTNMLSLNHNFFAW97CA,0.0,0.0,0.0,,
金城鎮,房地(土地+建物),金門縣金城鎮小西門１之１１號二樓,42.91,其他,,,1070418,土地0建物1車位0,二層,三層,公寓(5樓含以下無電梯),集合住宅,鋼筋混凝土造,0991012,88.41,3,2,2,有,無,4250000,48071,,0.0,0,,RPXNMLSJOHNFFAW28CA,69.89,0.0,8.86,,
金城鎮,房地(土地+建物),金門縣金城鎮小西門１之１１號三樓,42.91,其他,,,1070418,土地0建物1車位0,三層,三層,公寓(5樓含以下無電梯),集合住宅,鋼筋混凝土造,0991012,88.41,3,2,2,有,無,4250000,48071,,0.0,0,,SPXNMLSJOHNFFAW38CA,69.89,0.0,8.86,,
金城鎮,房地(土地+建物),金門縣金城鎮小西門１之１１號,42.91,其他,,,1070418,土地0建物1車位0,一層,三層,公寓(5樓含以下無電梯),集合住宅,鋼筋混凝土造,0991012,88.41,3,2,2,有,無,5000000,56555,,0.0,0,,RPOOMLSJOHNFFAW47CA,69.89,0.0,8.86,,
金湖鎮,房地(土地+建物),金門縣金湖鎮市港三路２２５號６樓之８,11.27,住,,,1070409,土地1建物1車位0,六層,八層,華廈(10層含以下有電梯),集合住宅,鋼筋混凝土造,1041125,61.269999999999996,1,2,1,有,有,4380000,71487,,0.0,0,,RPTNMLRJOHNFFAW77CA,33.64,0.0,4.65,,
金寧鄉,房地(土地+建物)+車位,金門縣金寧鄉中堡8之6號二樓,38.98,住,,,1070118,土地1建物1車位1,二層,五層,華廈(10層含以下有電梯),,,1070202,118.68,3,2,2,有,無,5130000,52690,坡道平面,28.91,400000,,RPPNMLLJOHNFFAW86DA,61.74,4.73,5.82,,
金寧鄉,土地,煙墩段878-1地號,905.31,其他,,,1070517,土地2建物0車位0,,,其他,,,,0.0,0,0,0,有,無,12000000,13255,,0.0,0,,RPQNMLSLNHNFFAW77DA,0.0,0.0,0.0,,
金湖鎮,房地(土地+建物)+車位,金門縣金湖鎮市港三路２２５號６樓之９,11.62,住,,,1070409,土地1建物1車位1,六層,八層,華廈(10層含以下有電梯),集合住宅,鋼筋混凝土造,1041125,93.67,1,2,1,有,有,5280000,71487,坡道平面,32.4,900000,,RPWNMLKMNHNFFAW57CA,33.64,0.0,4.65,,
金城鎮,房地(土地+建物),金門縣金城鎮賢聚４２之８號,65.58,其他,,,1070516,土地1建物1車位0,一層,三層,公寓(5樓含以下無電梯),集合住宅,鋼筋混凝土造,1070213,112.61,3,2,2,有,無,7380000,65536,,0.0,0,,RPRNMLPLNHNFFAW47CA,96.67,0.0,8.73,,
金寧鄉,土地,寧湖一劃段400地號,1000.01,農,,,1070503,土地1建物0車位0,,,其他,,,,0.0,0,0,0,有,無,11000000,11000,,0.0,0,,RPSNMLPLNHNFFAW57CA,0.0,0.0,0.0,,
金寧鄉,房地(土地+建物),金門縣金寧鄉下埔下１１０號,152.99,其他,,,1070516,土地2建物1車位0,全,三層,透天厝,集合住宅,鋼筋混凝土造,1000128,187.08,8,1,4,有,無,12000000,64144,,0.0,0,,RPTNMLPLNHNFFAW67CA,179.93,0.0,7.15,,
金寧鄉,土地,青山段1192地號,524.71,其他,,,1070519,土地1建物0車位0,,,其他,,,,0.0,0,0,0,有,無,15000000,28587,,0.0,0,,RPRNMLSLNHNFFAW77CA,0.0,0.0,0.0,,
金寧鄉,房地(土地+建物),金門縣金寧鄉東堡１３之２號,39.61,其他,,,1070413,土地1建物1車位0,一層,三層,公寓(5樓含以下無電梯),,,1060110,73.23,2,2,2,有,無,4300000,58719,,0.0,0,,RPSNMLSLNHNFFAW87CA,60.77,0.0,6.24,,
金湖鎮,房地(土地+建物),金門縣金湖鎮成功３６之３號,67.89,其他,,,1070319,土地1建物1車位0,一層,三層,公寓(5樓含以下無電梯),集合住宅,鋼筋混凝土造,1061207,110.19,3,2,2,有,無,6800000,61712,,0.0,0,,RPRNMLTLNHNFFAW87CA,95.38,0.0,4.87,,
金湖鎮,房地(土地+建物),金門縣金湖鎮成功３６之３號三樓,67.95,其他,,,1070326,土地1建物1車位0,三層,三層,公寓(5樓含以下無電梯),集合住宅,鋼筋混凝土造,1061207,111.18,3,2,2,有,無,6750000,60712,,0.0,0,,RPSNMLTLNHNFFAW97CA,95.66,0.0,5.49,,
金湖鎮,土地,太湖劃測段150地號,729.73,農,,,1070518,土地1建物0車位0,,,其他,,,,0.0,0,0,0,有,無,4000000,5481,,0.0,0,,RPPNMLOJOHNFFAW07CA,0.0,0.0,0.0,,
金城鎮,土地,后豐港段500地號,534.0,農,,,1070521,土地1建物0車位0,,,其他,,,,0.0,0,0,0,有,無,700000,1311,,0.0,0,無通路之農地,RPQNMLLMNHNFFAW07CA,0.0,0.0,0.0,,
金寧鄉,土地,湖下村段324地號,210.0,其他,,,1070522,土地1建物0車位0,,,其他,,,,0.0,0,0,0,有,無,6300000,30000,,0.0,0,,RPVNMLLJOHNFFAW37CA,0.0,0.0,0.0,,
金寧鄉,房地(土地+建物),金門縣金寧鄉頂堡６之３號,37.47,其他,,,1070516,土地1建物1車位0,一層,三層,公寓(5樓含以下無電梯),,,1070330,52.39,0,0,1,無,無,3377000,64459,,0.0,0,,RPTNMLOJOHNFFAW47CA,49.55,0.0,0.0,,
金城鎮,土地,歐厝段976-5地號,2298.58,農,,,1070514,土地1建物0車位0,,,其他,,,,0.0,0,0,0,有,無,8200000,3567,,0.0,0,,RPQNMLPJOHNFFAW27CA,0.0,0.0,0.0,,
金城鎮,房地(土地+建物),金門縣金城鎮珠浦西路５０巷３弄１０號,112.22,住,,,1070515,土地1建物1車位0,全,二層,透天厝,住家用,鋼筋混凝土加強磚造,0670314,162.4,3,2,2,有,無,12000000,73892,,0.0,0,,RPRNMLPJOHNFFAW37CA,155.3,3.54,3.54,,
金寧鄉,房地(土地+建物),金門縣金寧鄉中堡8之5號五樓,38.43,住,,,1070430,土地1建物1車位0,五層,五層,華廈(10層含以下有電梯),,,1070202,88.52,3,2,2,有,無,4700000,53095,,0.0,0,,RPQNMLLJOHNFFAW96DA,61.28,4.47,5.53,,
金寧鄉,房地(土地+建物),金門縣金寧鄉中堡8之3號二樓,38.56,住,,,1070418,土地1建物1車位0,二層,五層,華廈(10層含以下有電梯),,,1070202,88.81,3,2,2,有,無,4592850,51715,,0.0,0,,RPPNMLMLOHNFFAW17DA,61.28,4.65,5.58,,
金城鎮,土地,歐厝村段20地號,337.0,其他,,,1070503,土地1建物0車位0,,,其他,,,,0.0,0,0,0,有,無,6000000,17804,,0.0,0,,RPVNMLPLOHNFFAW08DA,0.0,0.0,0.0,,
金寧鄉,房地(土地+建物),金門縣金寧鄉前厝４７號,41.67,其他,,,1070515,土地1建物1車位0,一層,三層,公寓(5樓含以下無電梯),集合住宅,鋼筋混凝土造,1030722,71.36,2,2,2,有,無,4700000,65863,,0.0,0,,RPWNMLLJOHNFFAW47CA,60.03,0.0,6.11,,
金寧鄉,房地(土地+建物),金門縣金寧鄉頂堡６之３號三樓,31.9,其他,,,1070516,土地1建物1車位0,三層,三層,公寓(5樓含以下無電梯),,,1070330,47.58,1,1,1,有,無,2792800,58697,,0.0,0,,RPQNMLOJOHNFFAW17CA,37.63,0.0,4.43,,
金寧鄉,房地(土地+建物),金門縣金寧鄉頂堡６之５號三樓,31.9,其他,,,1070516,土地1建物1車位0,三層,三層,公寓(5樓含以下無電梯),,,1070330,47.58,1,1,1,有,無,2792800,58697,,0.0,0,,RPRNMLOJOHNFFAW27CA,37.63,0.0,4.43,,
金寧鄉,房地(土地+建物),金門縣金寧鄉頂堡６之３號二樓,31.86,其他,,,1070516,土地1建物1車位0,二層,三層,公寓(5樓含以下無電梯),,,1070330,47.58,1,1,1,有,無,2792800,58697,,0.0,0,,RPSNMLOJOHNFFAW37CA,37.63,0.0,4.43,,
金城鎮,土地,北堤段575-8地號,125.63,住,,,1070523,土地1建物0車位0,,,其他,,,,0.0,0,0,0,有,無,4020266,32001,,0.0,0,親友、員工或其他特殊關係間之交易。；,RPPNMLLLOHNFFAW96CA,0.0,0.0,0.0,,
金寧鄉,建物,金門縣金寧鄉西浦頭２０之１０號三樓,0.0,,,,1070517,土地0建物1車位0,三層,三層,公寓(5樓含以下無電梯),集合住宅,鋼筋混凝土造,1060908,92.24,3,2,2,有,無,5600000,60711,,0.0,0,土地及建物分次登記案件。前案土地登記收件字號：；,RPRNMLPLOHNFFAW57CA,78.45,0.0,7.65,,
金寧鄉,房地(土地+建物),金門縣金寧鄉頂堡６之５號二樓,31.86,其他,,,1070516,土地1建物1車位0,二層,三層,公寓(5樓含以下無電梯),,,1070330,47.58,1,1,1,有,無,2792800,58697,,0.0,0,,RPUNMLOJOHNFFAW57CA,37.63,0.0,4.43,,
金城鎮,土地,古崗村段403地號,79.0,住,,,1070427,土地1建物0車位0,,,其他,,,,0.0,0,0,0,有,無,1400000,17722,,0.0,0,,RPPNMLQJOHNFFAW27CA,0.0,0.0,0.0,,
金寧鄉,房地(土地+建物),金門縣金寧鄉下埔下１２５號,105.28,其他,,,1070429,土地1建物1車位0,全,三層,透天厝,住家用,鋼筋混凝土造,1031124,162.73,5,1,4,有,無,9650000,59301,,0.0,0,,RPRNMLQJOHNFFAW47CA,157.22,2.43,3.08,,
金湖鎮,房地(土地+建物),金門縣金湖鎮環島南路五段１３１號二樓,43.99,其他,,,1070423,土地1建物1車位0,二層,三層,公寓(5樓含以下無電梯),集合住宅,鋼筋混凝土造,1061117,77.28,2,2,2,有,無,4100000,53054,,0.0,0,,RPQNMLLKOHNFFAW96CA,68.7,0.0,3.38,,
金湖鎮,房地(土地+建物),金門縣金湖鎮環島南路五段１３１號三樓,43.99,其他,,,1070504,土地1建物1車位0,三層,三層,公寓(5樓含以下無電梯),集合住宅,鋼筋混凝土造,1061117,77.28,2,2,2,有,無,4100000,53054,,0.0,0,,RPRNMLLKOHNFFAW07CA,68.7,0.0,3.38,,
金城鎮,土地,北一段225-10地號,23.62,其他,,,1070601,土地1建物0車位0,,,其他,,,,0.0,0,0,0,有,無,380000,16088,,0.0,0,,RPPNMLSJOHNFFAW47CA,0.0,0.0,0.0,,
金城鎮,房地(土地+建物),金門縣金城鎮金門城１５９之８號二樓之１,46.3,其他,,,1070507,土地1建物1車位0,二層,三層,公寓(5樓含以下無電梯),,,1051219,81.25,3,2,2,有,無,4500000,55385,,0.0,0,土地及建物分次登記案件。前案土地登記收件字號：；,RPRNMLSJOHNFFAW67CA,62.65,0.0,8.36,,
金湖鎮,房地(土地+建物)+車位,金門縣金湖鎮市港三路２４５號七樓,26.01,住,,,1070419,土地1建物1車位2,七層,七層,華廈(10層含以下有電梯),集合住宅,鋼筋混凝土造,1061213,149.57999999999998,3,2,2,有,無,10100000,78788,升降機械,34.08,1000000,土地及建物分次登記案件。前案土地登記收件字號：；,RPUNMLOJPHNFFAW67CA,79.81,1.22,8.02,,
金湖鎮,房地(土地+建物),金門縣金湖鎮市港三路２４５號六樓,25.95,住,,,1070416,土地1建物1車位0,六層,七層,華廈(10層含以下有電梯),集合住宅,鋼筋混凝土造,1061213,115.5,3,2,2,有,無,6300000,54545,,0.0,0,土地及建物分次登記案件。前案土地登記收件字號：；,RPVNMLOJPHNFFAW77CA,79.81,1.22,8.02,,
金湖鎮,房地(土地+建物),金門縣金湖鎮市港三路２４３號七樓,25.98,住,,,1070414,土地1建物1車位0,七層,七層,華廈(10層含以下有電梯),集合住宅,鋼筋混凝土造,1061213,115.53999999999999,3,2,2,有,無,7000000,60585,,0.0,0,土地及建物分次登記案件。前案土地登記收件字號：；,RPWNMLOJPHNFFAW87CA,79.81,1.22,8.02,,
金湖鎮,房地(土地+建物),金門縣金湖鎮市港三路２４３號五樓,25.98,住,,,1070416,土地1建物1車位0,五層,七層,華廈(10層含以下有電梯),集合住宅,鋼筋混凝土造,1061213,115.53999999999999,3,2,2,有,無,6300000,54527,,0.0,0,土地及建物分次登記案件。前案土地登記收件字號：；,RPXNMLOJPHNFFAW97CA,79.81,1.22,8.02,,
金湖鎮,房地(土地+建物),金門縣金湖鎮環島南路五段１２７號,59.79,其他,,,1070518,土地1建物1車位0,一層,三層,公寓(5樓含以下無電梯),集合住宅,鋼筋混凝土造,1061117,105.19,3,2,2,有,無,6100000,57990,,0.0,0,,RPPNMLLKOHNFFAW86CA,81.71,3.15,13.25,,
金湖鎮,房地(土地+建物),金門縣金湖鎮市港三路２４３號三樓,25.98,住,,,1070529,土地1建物1車位0,三層,七層,華廈(10層含以下有電梯),集合住宅,鋼筋混凝土造,1061213,115.53999999999999,3,2,2,有,無,6500000,56258,,0.0,0,土地及建物分次登記案件。前案土地登記收件字號：；,RPQOMLOJPHNFFAW37CA,79.81,1.22,8.02,,
金湖鎮,房地(土地+建物),金門縣金湖鎮市港三路２４５號三樓,25.95,住,,,1070529,土地1建物1車位0,三層,七層,華廈(10層含以下有電梯),集合住宅,鋼筋混凝土造,1061213,115.5,3,2,2,有,無,6500000,56277,,0.0,0,土地及建物分次登記案件。前案土地登記收件字號：；,RPROMLOJPHNFFAW47CA,79.81,1.22,8.02,,
金湖鎮,土地,市港段55地號,26.05,住,,,1070518,土地1建物0車位0,,,其他,,,,0.0,0,0,0,有,無,3375000,129559,,0.0,0,土地及建物分次登記案件。前案土地登記收件字號：；,RPTOMLOJPHNFFAW67CA,0.0,0.0,0.0,,
金湖鎮,房地(土地+建物)+車位,金門縣金湖鎮市港三路２４３號二樓,26.05,住,,,1070518,土地1建物1車位2,二層,七層,華廈(10層含以下有電梯),集合住宅,鋼筋混凝土造,1061213,149.61,3,2,2,有,無,7500000,50130,升降機械,34.08,0,土地及建物分次登記案件。前案土地登記收件字號：；,RPUOMLOJPHNFFAW77CA,79.81,1.22,8.02,,
金寧鄉,房地(土地+建物),金門縣金寧鄉盤果路４６巷３號,82.43,其他,,,1070221,土地2建物1車位0,全,三層,透天厝,集合住宅,鋼筋混凝土造,1060215,155.88,5,1,4,有,無,12000000,76982,,0.0,0,,RPRNMLOKOHNFFAW37CA,149.6,0.0,6.28,,
金寧鄉,土地,寧安二劃段213地號,1000.0,農,,,1070529,土地1建物0車位0,,,其他,,,,0.0,0,0,0,有,無,4500000,4500,,0.0,0,,RPSNMLOKOHNFFAW47CA,0.0,0.0,0.0,,
金湖鎮,房地(土地+建物),金門縣金湖鎮市港一路２６２號,25.47,其他,,,1070511,土地1建物1車位0,一層,三層,華廈(10層含以下有電梯),集合住宅,鋼筋混凝土造,1040429,57.07000000000001,2,1,1,有,無,4500000,78851,,0.0,0,,RPRNMLPKOHNFFAW47CA,36.99,3.02,3.26,,
金寧鄉,房地(土地+建物),金門縣金寧鄉榜林９６之３號三樓,33.17,其他,,,1070606,土地1建物1車位0,三層,三層,公寓(5樓含以下無電梯),,,1060322,61.11,2,1,2,有,無,3700000,60547,,0.0,0,,RPSNMLPKOHNFFAW57CA,54.66,0.0,0.0,,
金寧鄉,土地,后沙劃測段398-1地號,810.77,農,,,1070524,土地2建物0車位0,,,其他,,,,0.0,0,0,0,有,無,5900000,7277,,0.0,0,,RPTNMLKKPHNFFAW27CA,0.0,0.0,0.0,,
金湖鎮,土地,湖后劃段354地號,1000.0,農,,,1070530,土地1建物0車位0,,,其他,,,,0.0,0,0,0,有,無,3600000,3600,,0.0,0,,RPSNMLKLOHNFFAW17CA,0.0,0.0,0.0,,
金寧鄉,土地,寧湖三劃段49地號,386.5,其他,,,1070604,土地1建物0車位0,,,其他,,,,0.0,0,0,0,有,無,2000000,5175,,0.0,0,,RPUNMLTKOHNFFAW18CA,0.0,0.0,0.0,,
金城鎮,房地(土地+建物),金門縣金城鎮珠浦南路４４巷１２弄９號四樓之１,39.05,住,,,1070604,土地1建物1車位0,四層，見其他登記事項,四層,華廈(10層含以下有電梯),集合住宅,鋼筋混凝土造,1070117,89.75,2,2,1,有,無,9000000,100279,,0.0,0,,RPXNMLTKOHNFFAW48CA,58.73,5.99,5.07,,
金城鎮,房地(土地+建物),金門縣金城鎮珠浦南路４４巷１２弄９號四樓之２,16.08,住,,,1070604,土地1建物1車位0,四層，見其他登記事項,四層,華廈(10層含以下有電梯),集合住宅,鋼筋混凝土造,1070117,36.7,2,1,1,有,無,5200000,141689,,0.0,0,,RPOOMLTKOHNFFAW67CA,25.15,1.1,2.23,,
金寧鄉,房地(土地+建物),金門縣金寧鄉中堡8之3號四樓,38.56,住,,,1070425,土地1建物1車位0,四層,五層,華廈(10層含以下有電梯),,,1070202,88.81,3,2,2,有,無,4500000,50670,,0.0,0,,RPPNMLTKOHNFFAW77DA,61.28,4.65,5.58,,
金寧鄉,房地(土地+建物),金門縣金寧鄉中堡8之5號四樓,38.43,住,,,1070508,土地1建物1車位0,四層,五層,華廈(10層含以下有電梯),,,1070202,88.52,3,2,2,有,無,4500000,50836,,0.0,0,,RPQNMLTKOHNFFAW87DA,61.28,4.47,5.53,,
金寧鄉,房地(土地+建物),金門縣金寧鄉中堡8之5號,46.09,住,,,1061025,土地1建物1車位0,一層,五層,華廈(10層含以下有電梯),,,1070202,106.18,3,2,2,有,無,5500000,51799,,0.0,0,,RPRNMLTKOHNFFAW97DA,80.71,0.0,4.79,,
金寧鄉,房地(土地+建物),金門縣金寧鄉中堡8之2號五樓,38.85,住,,,1070320,土地1建物1車位0,五層,五層,華廈(10層含以下有電梯),,,1070202,89.5,3,2,2,有,無,4750000,53073,,0.0,0,,RPSNMLTKOHNFFAW08DA,61.56,4.73,5.78,,
金寧鄉,車位,金門縣金寧鄉中堡8之2號五樓,0.0,,,,1070430,土地0建物0車位1,,,其他,,,,44.14,0,0,0,有,無,480000,,坡道平面,44.14,480000,單獨車位交易。；,RPTNMLTKOHNFFAW18DA,0.0,0.0,0.0,,
金寧鄉,車位,金門縣金寧鄉湖下213之9號停車位編號16,0.0,,,,1070608,土地0建物0車位1,,,其他,,,,12.3,0,0,0,有,無,450000,,坡道平面,12.29,450000,車位不佔基地持份，僅公設調整,RPUNMLPLOHNFFAW97DA,0.0,0.0,0.0,,
金寧鄉,房地(土地+建物),金門縣金寧鄉安岐２９１號四樓,39.6,其他,,,1070529,土地1建物1車位0,四層,五層,華廈(10層含以下有電梯),集合住宅,鋼筋混凝土造,1070130,102.47,3,2,2,有,無,6300000,61481,,0.0,0,土地及建物分次登記案件。前案土地登記收件字號：；,RPVOMLTKOHNFFAW38CA,80.41,0.0,11.33,,
金城鎮,土地,莒光樓段188地號,1093.0,農,,,1070601,土地1建物0車位0,,,其他,,,,0.0,0,0,0,有,無,6800000,6221,,0.0,0,,RPQNMLKLOHNFFAW96CA,0.0,0.0,0.0,,
金寧鄉,土地,寧劃段618地號,488.94,農,,,1070523,土地1建物0車位0,,,其他,,,,0.0,0,0,0,有,無,1100000,2250,,0.0,0,,RPQNMLMLOHNFFAW17CA,0.0,0.0,0.0,,
金湖鎮,房地(土地+建物),金門縣金湖鎮市港三路２３９號四樓,19.95,住,,,1070611,土地1建物1車位0,四層,八層,華廈(10層含以下有電梯),集合住宅,鋼筋混凝土造,1050421,102.55000000000001,3,2,2,有,無,6500000,63384,,0.0,0,土地及建物分次登記案件。前案土地登記收件字號：；,RPTNMLMLOHNFFAW47CA,69.35,2.38,8.06,,
金湖鎮,房地(土地+建物),金門縣金湖鎮下莊中興路２０號,64.0,住,,,1070614,土地1建物1車位0,全,三層,透天厝,住商用,鋼筋混凝土造,0750410,191.7,5,3,3,有,無,3000000,15649,,0.0,0,親友、員工或其他特殊關係間之交易。；,RPPNMLTLOHNFFAW77CA,183.67,8.03,0.0,,
金湖鎮,土地,太湖劃測段1468地號,680.32,農,,,1070528,土地1建物0車位0,,,其他,,,,0.0,0,0,0,有,無,2050000,3013,,0.0,0,,RPPNMLRLOHNFFAW67DA,0.0,0.0,0.0,,
金湖鎮,土地,太湖劃測段1324地號,987.11,農,,,1070530,土地1建物0車位0,,,其他,,,,0.0,0,0,0,有,無,3000000,3039,,0.0,0,,RPQNMLRLOHNFFAW77DA,0.0,0.0,0.0,,
金寧鄉,土地,寧湖三劃段779地號,1000.0,農,,,1070620,土地1建物0車位0,,,其他,,,,0.0,0,0,0,有,無,8300000,8300,,0.0,0,,RPWNMLPLOHNFFAW18DA,0.0,0.0,0.0,,
金湖鎮,土地,夏興段1315-1地號,296.35,住,,,1070522,土地1建物0車位0,,,其他,,,,0.0,0,0,0,有,無,6900000,23283,,0.0,0,,RPUNMLKKPHNFFAW37CA,0.0,0.0,0.0,,
金寧鄉,土地,寧北一劃段324地號,978.63,農,,,1070516,土地1建物0車位0,,,其他,,,,0.0,0,0,0,有,無,2000000,2044,,0.0,0,,RPSNMLPLOHNFFAW67CA,0.0,0.0,0.0,,
金湖鎮,房地(土地+建物),金門縣金湖鎮料羅新村６０９號二樓,43.37,其他,,,1070619,土地1建物1車位0,二層,四層,華廈(10層含以下有電梯),集合住宅,鋼筋混凝土造,1070118,83.51,3,2,2,有,無,4000000,47898,,0.0,0,,RPTNMLSLOHNFFAW08CA,65.7,0.0,6.58,,
金城鎮,土地,北堤段570地號,104.92,其他,,,1070523,土地4建物0車位0,,,其他,,,,0.0,0,0,0,有,無,6610170,63002,,0.0,0,親友、員工或其他特殊關係間之交易。；,RPSOMLSLOHNFFAW08CA,0.0,0.0,0.0,,
金城鎮,房地(土地+建物),金門縣金城鎮西海路三段１０６巷１８弄５號,67.72,住,,,1070613,土地1建物1車位0,全,三層,透天厝,住家用,鋼筋混凝土造,0990121,149.33,4,2,4,有,無,8700000,58260,,0.0,0,,RPPNMLPJPHNFFAW27CA,133.3,2.3,13.73,,
烈嶼鄉,土地,褔上山測段563地號,1770.17,農,,,1070620,土地4建物0車位0,,,其他,,,,0.0,0,0,0,有,無,2900000,1638,,0.0,0,,RPRNMLRLOHNFFAW87DA,0.0,0.0,0.0,,
金寧鄉,房地(土地+建物),金門縣金寧鄉中堡8之6號,33.28,住,,,1060914,土地1建物1車位0,一層,五層,華廈(10層含以下有電梯),,,1070202,76.66,2,2,1,有,無,4000000,52178,,0.0,0,,RPPNMLSLOHNFFAW77DA,54.07,0.0,7.66,,
金寧鄉,房地(土地+建物),金門縣金寧鄉中堡8之5號三樓,38.43,住,,,1070516,土地1建物1車位0,三層,五層,華廈(10層含以下有電梯),,,1070202,88.52,3,2,2,有,無,4500000,50836,,0.0,0,,RPQNMLSLOHNFFAW87DA,61.28,4.47,5.53,,
金寧鄉,房地(土地+建物)+車位,金門縣金寧鄉中堡8之3號,46.24,住,,,1070301,土地1建物1車位1,一層,五層,華廈(10層含以下有電梯),,,1070202,135.41,3,2,2,有,無,5900000,51643,坡道平面,28.91,400000,,RPRNMLSLOHNFFAW97DA,75.25,0.0,10.51,,
金寧鄉,房地(土地+建物)+車位,金門縣金寧鄉中堡8之2號二樓,40.36,住,,,1060830,土地1建物1車位1,二層,五層,華廈(10層含以下有電梯),,,1070202,121.87,3,2,2,有,無,5140000,50990,坡道平面,28.91,400000,,RPSNMLSLOHNFFAW08DA,61.58,4.73,8.54,,
金城鎮,土地,莒光樓段759地號,70.71,住,,,1070615,土地1建物0車位0,,,其他,,,,0.0,0,0,0,有,無,5880000,83157,,0.0,0,價金含地上已先行變更起造人之建物1戶,RPVNMLSLOHNFFAW38DA,0.0,0.0,0.0,,
金寧鄉,房地(土地+建物),金門縣金寧鄉安岐４８之１２號三樓,51.59,其他,,,1070522,土地1建物1車位0,三層,三層,公寓(5樓含以下無電梯),集合住宅,鋼筋混凝土造,1050428,96.33,3,2,2,有,無,4700000,48791,,0.0,0,土地及建物分次登記案件。前案土地登記收件字號：；,RPQOMLSLOHNFFAW87CA,82.59,0.0,7.99,,
金城鎮,房地(土地+建物),金門縣金城鎮民權路２２６巷４弄１５號４樓,30.77,住,,,1070622,土地1建物1車位0,四層,五層,公寓(5樓含以下無電梯),集合住宅,鋼筋混凝土造,0971211,98.37,3,2,2,有,無,8000000,81326,,0.0,0,,RPUNMLSLOHNFFAW18CA,79.11,0.0,9.7,,
金寧鄉,土地,寧湖三劃段49地號,386.5,其他,,,1070621,土地1建物0車位0,,,其他,,,,0.0,0,0,0,有,無,4500000,11643,,0.0,0,,RPWNMLSLOHNFFAW38CA,0.0,0.0,0.0,,
金寧鄉,土地,東洲村段24-1地號,142.0,其他,,,1070521,土地1建物0車位0,,,其他,,,,0.0,0,0,0,有,無,5680000,40000,,0.0,0,,RPXNMLSLOHNFFAW48CA,0.0,0.0,0.0,,
烈嶼鄉,土地,黃埔段272地號,93.0,其他,,,1070625,土地1建物0車位0,,,其他,,,,0.0,0,0,0,有,無,2000000,21505,,0.0,0,,RPOOMLSLOHNFFAW67CA,0.0,0.0,0.0,,
金城鎮,房地(土地+建物),金門縣金城鎮金山路１２１巷１５弄２２號,129.4,其他,,,1070619,土地3建物1車位0,全,三層,透天厝,集合住宅,鋼筋混凝土造,1040217,221.25,5,2,4,有,無,14470000,65401,,0.0,0,,RPUOMLSLOHNFFAW28CA,199.32,5.98,15.95,,
金城鎮,房地(土地+建物),金門縣金城鎮浴井３３號二樓,41.67,其他,,,1070606,土地1建物1車位0,二層,三層,公寓(5樓含以下無電梯),,,1060807,74.97,3,2,2,有,無,5000000,66693,,0.0,0,,RPRNMLTLOHNFFAW97CA,66.44,0.0,3.46,,
金寧鄉,土地,寧湖一劃段246-3地號,268.25,其他,,,1070622,土地1建物0車位0,,,其他,,,,0.0,0,0,0,有,無,15232476,56785,,0.0,0,,RPSNMLTLOHNFFAW08CA,0.0,0.0,0.0,,
金城鎮,土地,北一段447地號,622.74,農,,,1070522,土地3建物0車位0,,,其他,,,,0.0,0,0,0,有,無,9150000,14693,,0.0,0,受債權債務影響或債務抵償之交易。；,RPQNMLQJPHNFFAW57DA,0.0,0.0,0.0,,
金寧鄉,土地,寧劃段1279地號,489.63,農,,,1070613,土地1建物0車位0,,,其他,,,,0.0,0,0,0,有,無,1250000,2553,,0.0,0,,RPQNMLTLOHNFFAW87CA,0.0,0.0,0.0,,
金城鎮,土地,莒光樓段532地號,428.0,農,,,1070531,土地1建物0車位0,,,其他,,,,0.0,0,0,0,有,無,650000,1519,,0.0,0,沒有通路之農地,RPRNMLOJPHNFFAW37CA,0.0,0.0,0.0,,
金寧鄉,土地,盤山村段115地號,3767.71,農,,,1070610,土地8建物0車位0,,,其他,,,,0.0,0,0,0,有,無,24929425,6617,,0.0,0,含增建或未登記建物。；不含土地增值稅及其他費用,RPQNMLPJPHNFFAW47DA,0.0,0.0,0.0,,
金寧鄉,土地,北二三劃測段416地號,1000.02,農,,,1070610,土地1建物0車位0,,,其他,,,,0.0,0,0,0,有,無,5000100,5000,,0.0,0,不含土地增值稅及其他費用,RPRNMLPJPHNFFAW57DA,0.0,0.0,0.0,,
金寧鄉,土地,赤岑段404地號,616.73,其他,,,1070613,土地2建物0車位0,,,其他,,,,0.0,0,0,0,有,無,709240,1150,,0.0,0,,RPSNMLOJPHNFFAW57DA,0.0,0.0,0.0,,
金湖鎮,土地,士校段53地號,2130.22,農,,,1070627,土地1建物0車位0,,,其他,,,,0.0,0,0,0,有,無,6200000,2910,,0.0,0,,RPPNMLMKPHNFFAW07CA,0.0,0.0,0.0,,
金湖鎮,房地(土地+建物),金門縣金湖鎮市港三路１５２號,26.66,住,,,1070613,土地1建物1車位0,一層，見其他登記事項,七層,華廈(10層含以下有電梯),飲食店,鋼筋混凝土造,1040923,127.08,0,0,0,無,有,11500000,90494,,0.0,0,,RPRNMLMKPHNFFAW27CA,84.73,0.0,4.82,,
金寧鄉,土地,寧劃段1499地號,491.09,農,,,1070613,土地1建物0車位0,,,其他,,,,0.0,0,0,0,有,無,1500000,3054,,0.0,0,,RPQNMLOJPHNFFAW27CA,0.0,0.0,0.0,,
金城鎮,房地(土地+建物),金門縣金城鎮珠浦南路４４巷１２弄９號三樓之１,33.47,住,,,1070625,土地1建物1車位0,三層,四層,華廈(10層含以下有電梯),集合住宅,鋼筋混凝土造,1070117,75.22999999999999,2,2,2,有,無,6000000,79755,,0.0,0,,RPWOMLOJPHNFFAW97CA,48.55,4.5,5.07,,
金寧鄉,土地,安西劃段879-9地號,121.69,農,,,1070626,土地1建物0車位0,,,其他,,,,0.0,0,0,0,有,無,4000000,32870,,0.0,0,,RPQNMLKMPHNFFAW27DA,0.0,0.0,0.0,,
金城鎮,土地,中一段382-1地號,43.33,其他,,,1070703,土地1建物0車位0,,,其他,,,,0.0,0,0,0,有,無,1000000,23079,,0.0,0,,RPRNMLKMPHNFFAW37DA,0.0,0.0,0.0,,
金寧鄉,房地(土地+建物),金門縣金寧鄉中堡8之5號二樓,38.43,住,,,1070507,土地1建物1車位0,二層,五層,華廈(10層含以下有電梯),,,1070202,88.52,3,2,2,有,無,4580000,51740,,0.0,0,,RPQOMLKKPHNFFAW17DA,61.28,4.47,5.53,,
金寧鄉,房地(土地+建物)+車位,金門縣金寧鄉中堡8之3號三樓,38.56,住,,,1070314,土地1建物1車位1,三層,五層,華廈(10層含以下有電梯),,,1070202,117.71000000000001,3,2,2,有,無,4900000,50676,坡道平面,28.91,400000,,RPROMLKKPHNFFAW27DA,61.28,4.65,5.58,,
金沙鎮,土地,東珩段336-1地號,2191.15,農,,,1070523,土地4建物0車位0,,,其他,,,,0.0,0,0,0,有,無,8000000,3651,,0.0,0,,RPWNMLKKPHNFFAW57CA,0.0,0.0,0.0,,
金寧鄉,土地,寧湖三劃段416地號,1000.0,農,,,1070612,土地1建物0車位0,,,其他,,,,0.0,0,0,0,有,無,8500000,8500,,0.0,0,,RPOOMLKKPHNFFAW86CA,0.0,0.0,0.0,,
金寧鄉,土地,機場段1114地號,422.96,農,,,1070621,土地2建物0車位0,,,其他,,,,0.0,0,0,0,有,無,550000,1300,,0.0,0,袋地,RPPOMLKKPHNFFAW96CA,0.0,0.0,0.0,,
金寧鄉,房地(土地+建物),金門縣金寧鄉埔邊１２號,257.0,其他,,,1070702,土地1建物1車位0,全,三層,透天厝,住家用,鋼筋混凝土造,0990412,424.98,5,3,6,有,無,12000000,28237,,0.0,0,急買急賣。；,RPWOMLKKPHNFFAW67CA,372.43,0.0,52.55,,
金湖鎮,房地(土地+建物),金門縣金湖鎮市港三路１５２號四樓之３,25.7,住,,,1070524,土地1建物1車位0,四層,七層,華廈(10層含以下有電梯),集合住宅,鋼筋混凝土造,1040923,122.58,3,2,2,有,無,6500000,53027,,0.0,0,土地及建物分次登記案件。前案土地登記收件字號：；,RPPPMLKKPHNFFAW07CA,81.62,0.0,4.77,,
金湖鎮,房地(土地+建物),金門縣金湖鎮料羅新村６０８號三樓,43.46,其他,,,1070704,土地1建物1車位0,三層,四層,華廈(10層含以下有電梯),集合住宅,鋼筋混凝土造,1070118,82.83,3,2,2,有,無,4200000,50706,,0.0,0,,RPQNMLKKPHNFFAW96CA,64.92,0.0,6.65,,
金城鎮,房地(土地+建物),金門縣金城鎮民權路２２６巷４弄１５號３樓,30.77,住,,,1070702,土地1建物1車位0,三層,五層,公寓(5樓含以下無電梯),集合住宅,鋼筋混凝土造,0971211,98.37,3,2,2,有,無,8000000,81326,,0.0,0,,RPSNMLKKPHNFFAW17CA,79.11,0.0,9.7,,
金沙鎮,土地,官澳段1355地號,354.0,其他,,,1070503,土地1建物0車位0,,,其他,,,,0.0,0,0,0,有,無,1900000,5367,,0.0,0,,RPQNMLKLPHNFFAW07CA,0.0,0.0,0.0,,
金寧鄉,土地,東洲段591-1地號,1251.31,其他,,,1070613,土地2建物0車位0,,,其他,,,,0.0,0,0,0,有,無,8320000,6649,,0.0,0,,RPRNMLKLPHNFFAW17CA,0.0,0.0,0.0,,
金寧鄉,土地,寧湖一劃段257-9地號,84.67,其他,,,1070622,土地1建物0車位0,,,其他,,,,0.0,0,0,0,有,無,5100000,60234,,0.0,0,,RPSNMLKLPHNFFAW27CA,0.0,0.0,0.0,,
金沙鎮,土地,呂厝村段19地號,494.0,農,,,1070627,土地1建物0車位0,,,其他,,,,0.0,0,0,0,有,無,6600000,13360,,0.0,0,受債權債務影響或債務抵償之交易。；部份買賣價金抵償抵押權之借款,RPPNMLQLPHNFFAW57CA,0.0,0.0,0.0,,
金城鎮,土地,小西門劃測段55地號,132.54,住,,,1070513,土地1建物0車位0,,,其他,,,,0.0,0,0,0,有,無,2300000,17353,,0.0,0,,RPXNMLTKPHNFFAW58CA,0.0,0.0,0.0,,
金城鎮,土地,庵前劃測段603地號,900.01,農,,,1070703,土地1建物0車位0,,,其他,,,,0.0,0,0,0,有,無,5800000,6444,,0.0,0,,RPSNMLMKPHNFFAW37CA,0.0,0.0,0.0,,
金寧鄉,土地,寧安四劃段335地號,787.0,住,,,1070709,土地1建物0車位0,,,其他,,,,0.0,0,0,0,有,無,15080000,19161,,0.0,0,,RPQNMLTKPHNFFAW87CA,0.0,0.0,0.0,,
金寧鄉,土地,寧劃段618地號,488.94,農,,,1070702,土地1建物0車位0,,,其他,,,,0.0,0,0,0,有,無,1300000,2659,,0.0,0,,RPRNMLNKPHNFFAW37CA,0.0,0.0,0.0,,
金寧鄉,土地,東洲段650地號,399.27,其他,,,1070625,土地1建物0車位0,,,其他,,,,0.0,0,0,0,有,無,4200000,10519,,0.0,0,,RPPNMLTKPHNFFAW77CA,0.0,0.0,0.0,,
金沙鎮,土地,北九劃段893地號,250.0,農,,,1070712,土地1建物0車位0,,,其他,,,,0.0,0,0,0,有,無,850000,3400,,0.0,0,,RPPNMLNKPHNFFAW27DA,0.0,0.0,0.0,,
金寧鄉,土地,寧湖二劃測段472地號,311.01,農,,,1070709,土地1建物0車位0,,,其他,,,,0.0,0,0,0,有,無,1500000,4823,,0.0,0,,RPPNMLRKPHNFFAW67DA,0.0,0.0,0.0,,
金城鎮,房地(土地+建物),金門縣金城鎮西海路三段１５號,102.03,其他,,,1070615,土地1建物1車位0,全,三層,透天厝,店舖、集合住宅,鋼筋混凝土造,1040902,160.0,4,1,5,有,無,15000000,93750,,0.0,0,,RPRNMLRKPHNFFAW77CA,155.0,0.0,5.0,,
金寧鄉,房地(土地+建物),金門縣金寧鄉安岐２９０號二樓之１,38.99,其他,,,1070626,土地1建物1車位0,二層,五層,華廈(10層含以下有電梯),集合住宅,鋼筋混凝土造,1070130,100.38999999999999,3,2,2,有,無,6070000,60464,,0.0,0,土地及建物分次登記案件。前案土地登記收件字號：；,RPTNMLRKPHNFFAW97CA,80.97,0.0,8.85,,
金湖鎮,房地(土地+建物)+車位,金門縣金湖鎮市港五路１５１號六樓之３,8.63,住,,,1070620,土地1建物1車位1,六層,九層,華廈(10層含以下有電梯),集合住宅,鋼筋混凝土造,1051123,64.77,1,1,1,有,無,3650000,56353,坡道機械,8.68,0,急買急賣。；,RPPNMLSKPHNFFAW67CA,31.89,1.5,4.84,,
金沙鎮,土地,中蘭劃測段569地號,979.99,農,,,1070625,土地1建物0車位0,,,其他,,,,0.0,0,0,0,有,無,5000000,5102,,0.0,0,,RPTNMLNLPHNFFAW67CA,0.0,0.0,0.0,,
金湖鎮,土地,北五劃段146-1地號,1447.16,農,,,1070713,土地2建物0車位0,,,其他,,,,0.0,0,0,0,有,無,6000000,4146,,0.0,0,,RPXNMLKLQHNFFAW87CA,0.0,0.0,0.0,,
金湖鎮,土地,北五劃段256地號,1447.16,農,,,1070713,土地2建物0車位0,,,其他,,,,0.0,0,0,0,有,無,6000000,4146,,0.0,0,,RPOOMLKLQHNFFAW07CA,0.0,0.0,0.0,,
金城鎮,房地(土地+建物),金門縣金城鎮金門城１０６之１０號四樓,34.51,其他,,,1070710,土地1建物1車位0,四層,五層,公寓(5樓含以下無電梯),集合住宅,鋼筋混凝土造,1070202,83.29,3,1,2,有,無,4800000,57630,,0.0,0,,RPTNMLOKQHNFFAW77CA,60.89,0.0,6.37,,
金沙鎮,土地,浯坑劃測段511地號,682.0,農,,,1070709,土地2建物0車位0,,,其他,,,,0.0,0,0,0,有,無,850000,1246,,0.0,0,,RPTNMLTKPHNFFAW28DA,0.0,0.0,0.0,,
金沙鎮,土地,浯坑劃測段662-1地號,354.09,農,,,1070613,土地1建物0車位0,,,其他,,,,0.0,0,0,0,有,無,1000000,2824,,0.0,0,,RPUNMLTKPHNFFAW38DA,0.0,0.0,0.0,,
金城鎮,房地(土地+建物),金門縣金城鎮前水頭172之1號二樓,172.94,其他,,,1070705,土地1建物1車位0,全,二層,透天厝,住家用,鋼筋混凝土造,1050921,242.53,6,1,6,有,無,9000000,37109,,0.0,0,,RPSNMLLJQHNFFAW37DA,233.55,0.0,8.98,,
金沙鎮,土地,蔡厝劃測段541地號,706.95,農,,,1070703,土地1建物0車位0,,,其他,,,,0.0,0,0,0,有,無,2500000,3536,,0.0,0,,RPRNMLTKPHNFFAW97CA,0.0,0.0,0.0,,
金寧鄉,土地,后垵段130-3地號,1232.43,農,,,1070621,土地3建物0車位0,,,其他,,,,0.0,0,0,0,有,無,9100000,7384,,0.0,0,,RPSNMLTKPHNFFAW08CA,0.0,0.0,0.0,,
金沙鎮,土地,中蘭劃測段700地號,490.01,農,,,1070710,土地1建物0車位0,,,其他,,,,0.0,0,0,0,有,無,2800000,5714,,0.0,0,,RPWNMLTKPHNFFAW48CA,0.0,0.0,0.0,,
金沙鎮,房地(土地+建物),金門縣金沙鎮洋山８７號,67.89,其他,,,1070711,土地2建物1車位0,一層,三層,公寓(5樓含以下無電梯),集合住宅,鋼筋混凝土造,1070308,102.42,3,2,2,有,無,4550000,44425,,0.0,0,,RPPNMLKLPHNFFAW96CA,87.8,0.55,0.44,,
金沙鎮,房地(土地+建物),金門縣金沙鎮洋山８８號二樓之１,49.02,住,,,1070710,土地0建物1車位0,二層,三層,公寓(5樓含以下無電梯),集合住宅,鋼筋混凝土造,1070308,77.97,2,2,1,有,無,3310000,42452,,0.0,0,,RPVNMLLJQHNFFAW57CA,62.98,0.0,10.19,,
金沙鎮,土地,後山前段237地號,361.0,住,,,1070718,土地2建物0車位0,,,其他,,,,0.0,0,0,0,有,無,3000000,8310,,0.0,0,含增建或未登記建物。；,RPWNMLLJQHNFFAW67CA,0.0,0.0,0.0,,
金沙鎮,土地,北八劃段485地號,1000.0,農,,,1070705,土地1建物0車位0,,,其他,,,,0.0,0,0,0,有,無,3200000,3200,,0.0,0,,RPVNMLTKPHNFFAW48DA,0.0,0.0,0.0,,
金沙鎮,土地,東珩段155地號,1665.76,農,,,1070706,土地3建物0車位0,,,其他,,,,0.0,0,0,0,有,無,1880000,1129,,0.0,0,,RPPNMLKMQHNFFAW17CA,0.0,0.0,0.0,,
金寧鄉,房地(土地+建物),金門縣金寧鄉東坑１１號二樓,46.08,其他,,,1070708,土地1建物1車位0,二層,三層,公寓(5樓含以下無電梯),,,1060123,103.13,3,2,2,有,無,5700000,55270,,0.0,0,,RPQNMLLLPHNFFAW17CA,67.22,0.0,29.36,,
金城鎮,房地(土地+建物),金門縣金城鎮金門城１５９之８號二樓之２,16.15,其他,,,1070627,土地1建物1車位0,二層,三層,公寓(5樓含以下無電梯),,,1051219,27.17,1,1,1,有,無,1800000,66250,,0.0,0,土地及建物分次登記案件。前案土地登記收件字號：；,RPRNMLNLPHNFFAW47CA,23.6,0.0,0.0,,
金城鎮,土地,后豐港段5地號,1040.0,其他,,,1070630,土地3建物0車位0,,,其他,,,,0.0,0,0,0,有,無,22880000,22000,,0.0,0,,RPSNMLNLPHNFFAW57CA,0.0,0.0,0.0,,
金沙鎮,土地,東店段594地號,1960.38,其他,,,1070629,土地8建物0車位0,,,其他,,,,0.0,0,0,0,有,無,7060000,3601,,0.0,0,,RPTNMLPLPHNFFAW87CA,0.0,0.0,0.0,,
金湖鎮,土地,市港段55地號,25.95,住,,,1070620,土地1建物0車位0,,,其他,,,,0.0,0,0,0,有,無,3575000,137765,,0.0,0,土地及建物分次登記案件。前案土地登記收件字號：；,RPRNMLKKQHNFFAW17CA,0.0,0.0,0.0,,
金湖鎮,房地(土地+建物),金門縣金湖鎮市港三路２４５號四樓,25.95,住,,,1070620,土地1建物1車位0,四層,七層,華廈(10層含以下有電梯),集合住宅,鋼筋混凝土造,1061213,115.5,3,2,2,有,無,6500000,56277,,0.0,0,土地及建物分次登記案件。前案土地登記收件字號：；,RPSNMLKKQHNFFAW27CA,79.81,1.22,8.02,,
金沙鎮,土地,斗門劃測段159地號,1000.0,農,,,1070711,土地1建物0車位0,,,其他,,,,0.0,0,0,0,有,無,3990000,3990,,0.0,0,,RPQOMLOKQHNFFAW57CA,0.0,0.0,0.0,,
金湖鎮,房地(土地+建物)+車位,金門縣金湖鎮環島南路五段１６５巷３弄３號,116.52,其他,,,1070713,土地1建物1車位1,全,三層,透天厝,集合住宅,鋼筋混凝土造,1070514,264.05,5,2,4,有,有,11000000,41659,坡道平面,39.24,0,,RPVNMLKLQHNFFAW67CA,183.15,0.0,4.9,,
金沙鎮,土地,西園測段59地號,929.23,農,,,1070706,土地2建物0車位0,,,其他,,,,0.0,0,0,0,有,無,2000000,2152,,0.0,0,,RPXNMLOKQHNFFAW18CA,0.0,0.0,0.0,,
金湖鎮,土地,多年段993地號,150.68,農,,,1070705,土地1建物0車位0,,,其他,,,,0.0,0,0,0,有,無,250000,1659,,0.0,0,,RPSNMLPLPHNFFAW77CA,0.0,0.0,0.0,,
金湖鎮,土地,湖前段421地號,110.76,其他,,,1070716,土地1建物0車位0,,,其他,,,,0.0,0,0,0,有,無,2004756,18100,,0.0,0,,RPPNMLPLPHNFFAW57DA,0.0,0.0,0.0,,
金湖鎮,房地(土地+建物),金門縣金湖鎮市港三路２３９號六樓,19.95,住,,,1070607,土地1建物1車位0,六層,八層,華廈(10層含以下有電梯),集合住宅,鋼筋混凝土造,1050421,102.55000000000001,3,2,2,有,無,7500000,73135,,0.0,0,土地及建物分次登記案件。前案土地登記收件字號：；,RPVNMLPLPHNFFAW08CA,69.35,2.38,8.06,,
金湖鎮,土地,塔后段243地號,421.55,其他,,,1070710,土地1建物0車位0,,,其他,,,,0.0,0,0,0,有,無,3100000,7354,,0.0,0,,RPQNMLPLPHNFFAW57CA,0.0,0.0,0.0,,
金沙鎮,土地,沙宅劃段307地號,1000.0,農,,,1070704,土地2建物0車位0,,,其他,,,,0.0,0,0,0,有,無,3050000,3050,,0.0,0,,RPRNMLPLPHNFFAW67CA,0.0,0.0,0.0,,
金湖鎮,土地,新頭段456地號,277.12,其他,,,1070715,土地1建物0車位0,,,其他,,,,0.0,0,0,0,有,無,800000,2887,,0.0,0,,RPPNMLKMPHNFFAW07CA,0.0,0.0,0.0,,
金寧鄉,房地(土地+建物)+車位,金門縣金寧鄉下堡１００之１２號,15.03,住,,,1070709,土地1建物1車位1,一層,三層,公寓(5樓含以下無電梯),集合住宅,鋼筋混凝土造,1021120,42.36,4,1,4,有,無,1800000,42493,坡道平面,0.0,0,,RPQNMLQJQHNFFAW57CA,24.41,0.0,2.78,,
金湖鎮,房地(土地+建物)+車位,金門縣金湖鎮環島南路五段１６５巷３弄1號,119.35,其他,,,1070713,土地1建物1車位1,全,三層,透天厝,集合住宅,鋼筋混凝土造,1070514,269.59,5,2,4,有,有,9500000,35239,坡道平面,39.24,0,,RPWNMLKLQHNFFAW77CA,185.22,0.0,7.54,,
金湖鎮,房地(土地+建物)+車位,金門縣金湖鎮環島南路五段１６５巷5弄19號,111.67,其他,,,1070713,土地1建物1車位1,全,三層,透天厝,集合住宅,鋼筋混凝土造,1070514,254.82999999999998,5,2,4,有,有,10500000,41204,坡道平面,39.24,0,,RPPOMLKLQHNFFAW17CA,175.65,0.0,4.83,,
金湖鎮,房地(土地+建物)+車位,金門縣金湖鎮環島南路五段１６５巷5弄17號,111.32,其他,,,1070713,土地1建物1車位1,全,三層,透天厝,集合住宅,鋼筋混凝土造,1070514,254.04000000000002,5,2,4,有,有,10950000,43103,坡道平面,39.24,0,,RPQOMLKLQHNFFAW27CA,174.87,0.0,4.9,,
金湖鎮,房地(土地+建物)+車位,金門縣金湖鎮環島南路五段１６５巷5弄13號,111.32,其他,,,1070713,土地1建物1車位1,全,三層,透天厝,集合住宅,鋼筋混凝土造,1070514,253.92000000000002,5,2,4,有,有,8500000,33475,坡道平面,39.24,0,,RPROMLKLQHNFFAW37CA,174.75,0.0,4.9,,
金湖鎮,房地(土地+建物)+車位,金門縣金湖鎮環島南路五段１６５巷5弄11號,111.32,其他,,,1070713,土地1建物1車位1,全,三層,透天厝,集合住宅,鋼筋混凝土造,1070514,253.92000000000002,5,2,4,有,有,11000000,43321,坡道平面,39.24,0,,RPSOMLKLQHNFFAW47CA,174.75,0.0,4.9,,
金湖鎮,房地(土地+建物)+車位,金門縣金湖鎮環島南路五段１６５巷5弄9號,111.32,其他,,,1070713,土地1建物1車位1,全,三層,透天厝,集合住宅,鋼筋混凝土造,1070514,253.92000000000002,5,2,4,有,有,11000000,43321,坡道平面,39.24,0,,RPTOMLKLQHNFFAW57CA,174.75,0.0,4.9,,
金湖鎮,房地(土地+建物)+車位,金門縣金湖鎮環島南路五段１６５巷5弄３號,111.32,其他,,,1070713,土地1建物1車位1,全,三層,透天厝,集合住宅,鋼筋混凝土造,1070514,253.92000000000002,5,2,4,有,有,10500000,41352,坡道平面,39.24,0,,RPUOMLKLQHNFFAW67CA,174.75,0.0,4.9,,
金湖鎮,房地(土地+建物),金門縣金湖鎮漁村１３２號二樓,44.13,住,,,1070620,土地1建物1車位0,二層,三層,公寓(5樓含以下無電梯),住家用,鋼筋混凝土造,0901221,82.34,3,2,2,有,無,3600000,43721,,0.0,0,,RPPNMLNLQHNFFAW37CA,69.74,0.0,3.98,,
金寧鄉,土地,寧劃段1366地號,983.05,農,,,1070716,土地2建物0車位0,,,其他,,,,0.0,0,0,0,有,無,1200000,1221,,0.0,0,,RPPNMLRLQHNFFAW77CA,0.0,0.0,0.0,,
金沙鎮,土地,沙東劃段348地號,1000.08,農,,,1070717,土地1建物0車位0,,,其他,,,,0.0,0,0,0,有,無,2500000,2500,,0.0,0,,RPPNMLRLPHNFFAW67CA,0.0,0.0,0.0,,
金寧鄉,土地,安西劃段1042地號,1364.39,農,,,1070706,土地1建物0車位0,,,其他,,,,0.0,0,0,0,有,無,6000000,4398,,0.0,0,,RPTNMLKMPHNFFAW47CA,0.0,0.0,0.0,,
金湖鎮,房地(土地+建物)+車位,金門縣金湖鎮環島南路五段１６５巷5弄1號,112.94,其他,,,1070713,土地1建物1車位1,全,三層,透天厝,集合住宅,鋼筋混凝土造,1070514,257.18,5,2,4,有,有,9000000,34995,坡道平面,39.24,0,土地及建物分次登記案件。前案土地登記收件字號：；,RPWOMLKLQHNFFAW87CA,177.36,0.0,5.05,,
金湖鎮,房地(土地+建物)+車位,金門縣金湖鎮環島南路五段１６５巷6弄17號,119.34,其他,,,1070713,土地1建物1車位1,全,三層,透天厝,集合住宅,鋼筋混凝土造,1070514,269.37,5,2,4,有,有,9660000,35861,坡道平面,39.24,0,土地及建物分次登記案件。前案土地登記收件字號：；,RPXOMLKLQHNFFAW97CA,185.22,0.0,7.4,,
金湖鎮,房地(土地+建物)+車位,金門縣金湖鎮環島南路五段１６５巷6弄13號,118.2,其他,,,1070713,土地1建物1車位1,全,三層,透天厝,集合住宅,鋼筋混凝土造,1070514,267.07,5,2,4,有,有,11500000,43060,坡道平面,39.24,0,土地及建物分次登記案件。前案土地登記收件字號：；,RPPPMLKLQHNFFAW27CA,183.39,0.0,7.26,,
金湖鎮,房地(土地+建物)+車位,金門縣金湖鎮環島南路五段１６５巷５弄１０號,109.14,其他,,,1070719,土地1建物1車位1,全,三層,透天厝,集合住宅,鋼筋混凝土造,1070514,249.77999999999997,5,2,4,有,有,10000000,40035,坡道平面,39.24,0,,RPRNMLKLQHNFFAW27CA,171.27,0.0,4.9,,
烈嶼鄉,土地,烈濱劃測段1265地號,370.5,農,,,1070720,土地1建物0車位0,,,其他,,,,0.0,0,0,0,有,無,1500000,4049,,0.0,0,,RPTNMLTJQHNFFAW18CA,0.0,0.0,0.0,,
金湖鎮,房地(土地+建物)+車位,金門縣金湖鎮環島南路五段１６５巷１弄３６號,118.84,住,,,1070710,土地1建物1車位1,全,三層,透天厝,集合住宅,鋼筋混凝土造,1070514,268.57,5,1,5,有,無,10000000,37234,坡道平面,39.24,0,,RPQNMLLJQHNFFAW07CA,185.84,0.0,6.16,,
金城鎮,房地(土地+建物),金門縣金城鎮金門城８９之６號三樓,37.6,住,,,1070709,土地1建物1車位0,三層,三層,公寓(5樓含以下無電梯),,,1050509,62.51,2,1,2,有,無,3720000,59510,,0.0,0,,RPRNMLLJQHNFFAW17CA,50.13,0.0,7.08,,
金寧鄉,土地,湖尾村段177-1地號,63.0,住,,,1070730,土地1建物0車位0,,,其他,,,,0.0,0,0,0,有,無,1000000,15873,,0.0,0,增值稅由買方負擔金額187020,RPPNMLMJQHNFFAW07CA,0.0,0.0,0.0,,
金寧鄉,房地(土地+建物)+車位,金門縣金寧鄉中堡８之３號五樓,38.56,其他,,,1070713,土地1建物1車位1,五層,五層,華廈(10層含以下有電梯),,,1070202,117.71000000000001,3,2,2,有,無,5100000,52928,坡道平面,28.91,400000,,RPRNMLQJQHNFFAW67CA,61.28,4.65,5.58,,
金沙鎮,房地(土地+建物),金門縣金沙鎮洋山８７號二樓,67.89,住,,,1070717,土地2建物1車位0,二層,三層,公寓(5樓含以下無電梯),集合住宅,鋼筋混凝土造,1070308,110.21,3,2,2,有,無,4500000,40831,,0.0,0,,RPOOMLPKQHNFFAW47CA,87.8,0.55,8.23,,
金沙鎮,房地(土地+建物),金門縣金沙鎮洋山８７號三樓,67.89,住,,,1070717,土地2建物1車位0,三層,三層,公寓(5樓含以下無電梯),集合住宅,鋼筋混凝土造,1070308,110.21,3,2,2,有,無,4500000,40831,,0.0,0,,RPPOMLPKQHNFFAW57CA,87.8,0.55,8.23,,
烈嶼鄉,土地,庵下測段473地號,401.12,農,,,1070727,土地1建物0車位0,,,其他,,,,0.0,0,0,0,有,無,800000,1994,,0.0,0,,RPSNMLMJQHNFFAW47DA,0.0,0.0,0.0,,
金寧鄉,房地(土地+建物)+車位,金門縣金寧鄉中堡8之6號五樓,38.98,住,,,1050908,土地1建物1車位1,五層,五層,華廈(10層含以下有電梯),,,1070202,118.68,3,2,2,有,無,5170000,52913,坡道平面,28.91,420000,,RPPNMLQJQHNFFAW57DA,61.74,4.73,5.82,,
金寧鄉,房地(土地+建物),金門縣金寧鄉頂埔下29之1號,33.74,住,,,1070710,土地1建物2車位0,一層,三層,套房(1房1廳1衛),集合住宅,鋼筋混凝土造,1050126,107.02000000000001,1,1,1,有,無,3800000,35507,,0.0,0,,RPQNMLSJQHNFFAW87DA,44.92,0.0,0.0,,
金寧鄉,房地(土地+建物),金門縣金寧鄉安岐４８之１０號,41.97,其他,,,1070726,土地1建物1車位0,一層,三層,公寓(5樓含以下無電梯),集合住宅,鋼筋混凝土造,1050428,79.96,2,2,2,有,無,4500000,56278,,0.0,0,土地及建物分次登記案件。前案土地登記收件字號：；,RPTNMLQJQHNFFAW87CA,71.37,0.0,2.87,,
金寧鄉,房地(土地+建物),金門縣金寧鄉下堡２２７號,77.81,其他,,,1070712,土地1建物1車位0,一層，地下一層,三層,公寓(5樓含以下無電梯),集合住宅,鋼筋混凝土造,1061116,128.54,3,2,2,有,無,6900000,53680,,0.0,0,土地及建物分次登記案件。前案土地登記收件字號：；,RPVNMLQJQHNFFAW08CA,117.33,0.0,0.74,,
金寧鄉,土地,東洲段762地號,1448.06,農,,,1070723,土地1建物0車位0,,,其他,,,,0.0,0,0,0,有,無,12000000,8287,,0.0,0,,RPSNMLTJQHNFFAW08CA,0.0,0.0,0.0,,
金城鎮,房地(土地+建物),金門縣金城鎮民生路２０之２號,67.5,住,,,1070703,土地4建物1車位0,全,三層,透天厝,住家用,鋼筋混凝土加強磚造,0830827,87.53,3,2,1,有,無,6150000,70262,,0.0,0,,RPQNMLNJQHNFFAW27CA,85.77,0.0,1.77,,
金沙鎮,土地,后宅測段40-4地號,547.97,其他,,,1070724,土地2建物0車位0,,,其他,,,,0.0,0,0,0,有,無,1000000,1825,,0.0,0,,RPSNMLSJQHNFFAW97CA,0.0,0.0,0.0,,
金城鎮,土地,古坵段22地號,505.0,農,,,1070701,土地2建物0車位0,,,其他,,,,0.0,0,0,0,有,無,595900,1180,,0.0,0,,RPWNMLQJQHNFFAW18CA,0.0,0.0,0.0,,
金寧鄉,土地,西山段667地號,495.24,其他,,,1070801,土地1建物0車位0,,,其他,,,,0.0,0,0,0,有,無,9650000,19486,,0.0,0,,RPQOMLKMQHNFFAW37CA,0.0,0.0,0.0,,
金城鎮,房地(土地+建物),金門縣金城鎮賢聚４２之６號二樓,49.65,其他,,,1070710,土地1建物1車位0,二層,四層,華廈(10層含以下有電梯),集合住宅,鋼筋混凝土造,1070213,102.78,3,2,2,有,無,6100000,59350,,0.0,0,,RPRNMLSJQHNFFAW87CA,78.41,0.0,7.72,,
金寧鄉,土地,北二三劃測段652-1地號,1474.63,農,,,1070716,土地4建物0車位0,,,其他,,,,0.0,0,0,0,有,無,14900000,10104,,0.0,0,,RPQNMLTJQHNFFAW87CA,0.0,0.0,0.0,,
金城鎮,房地(土地+建物),金門縣金城鎮金門城２００號,130.2,其他,,,1070726,土地1建物1車位0,全,,透天厝,,,,152.03,5,2,4,有,無,8300000,54594,,0.0,0,,RPRNMLTJQHNFFAW97CA,0.0,0.0,0.0,,
金沙鎮,房地(土地+建物),金門縣金沙鎮洋山８８號一樓之１,49.02,住,,,1070730,土地2建物1車位0,一層,三層,公寓(5樓含以下無電梯),集合住宅,鋼筋混凝土造,1070308,67.78,2,1,1,有,無,3300000,48687,,0.0,0,,RPUOMLPKQHNFFAW08CA,62.98,0.0,0.0,,
金湖鎮,房地(土地+建物)+車位,金門縣金湖鎮環島南路五段１６５巷7弄1號,59.9,其他,,,1070713,土地1建物1車位1,一層,三層,華廈(10層含以下有電梯),集合住宅,鋼筋混凝土造,1070514,156.96,3,2,2,有,有,4500000,28670,坡道平面,39.24,0,土地及建物分次登記案件。前案土地登記收件字號：；,RPROMLKMQHNFFAW47CA,85.59,0.0,0.0,,
金湖鎮,房地(土地+建物)+車位,金門縣金湖鎮環島南路五段１６５巷8弄3號,59.9,其他,,,1070713,土地1建物1車位1,一層,三層,華廈(10層含以下有電梯),集合住宅,鋼筋混凝土造,1070514,157.10000000000002,3,2,2,有,有,5400000,34373,坡道平面,39.24,0,土地及建物分次登記案件。前案土地登記收件字號：；,RPSOMLKMQHNFFAW57CA,85.73,0.0,0.0,,
金湖鎮,房地(土地+建物)+車位,金門縣金湖鎮環島南路五段１６５巷7弄1號二樓,137.36,其他,,,1070713,土地1建物2車位2,二層,三層,華廈(10層含以下有電梯),集合住宅,鋼筋混凝土造,1070514,334.79,3,2,2,有,有,9600000,28675,坡道平面,75.34,0,土地及建物分次登記案件。前案土地登記收件字號：；,RPUOMLKMQHNFFAW77CA,183.46,0.0,12.0,,
金湖鎮,房地(土地+建物)+車位,金門縣金湖鎮環島南路五段１６５巷8弄3號二樓,67.36,其他,,,1070713,土地1建物1車位1,二層,三層,華廈(10層含以下有電梯),集合住宅,鋼筋混凝土造,1070514,171.33,3,2,2,有,有,4500000,26265,坡道平面,39.24,0,土地及建物分次登記案件。前案土地登記收件字號：；,RPVOMLKMQHNFFAW87CA,89.9,0.0,6.0,,
金湖鎮,房地(土地+建物)+車位,金門縣金湖鎮環島南路五段１６５巷8弄1號,59.9,其他,,,1070713,土地1建物1車位2,一層,三層,華廈(10層含以下有電梯),集合住宅,鋼筋混凝土造,1070514,193.2,3,2,2,有,有,4500000,23292,坡道平面,75.34,0,土地及建物分次登記案件。前案土地登記收件字號：；,RPWOMLKMQHNFFAW97CA,85.73,0.0,0.0,,
金湖鎮,房地(土地+建物)+車位,金門縣金湖鎮環島南路五段１６５巷7弄7號,59.9,其他,,,1070713,土地1建物1車位1,一層,三層,華廈(10層含以下有電梯),集合住宅,鋼筋混凝土造,1070514,156.96,3,2,2,有,有,4500000,28670,坡道平面,39.24,0,土地及建物分次登記案件。前案土地登記收件字號：；,RPPOMLOJRHNFFAW47CA,85.59,0.0,0.0,,
金湖鎮,房地(土地+建物)+車位,金門縣金湖鎮環島南路五段１６５巷7弄7號三樓,68.68,其他,,,1070713,土地1建物1車位1,三層,三層,華廈(10層含以下有電梯),集合住宅,鋼筋混凝土造,1070514,173.92000000000002,3,2,2,有,有,4500000,25874,坡道平面,39.24,0,土地及建物分次登記案件。前案土地登記收件字號：；,RPVNMLKMQHNFFAW77CA,91.73,0.0,6.0,,
金湖鎮,房地(土地+建物)+車位,金門縣金湖鎮環島南路五段１６５巷7弄5號三樓,68.68,其他,,,1070713,土地1建物1車位1,三層,三層,華廈(10層含以下有電梯),集合住宅,鋼筋混凝土造,1070514,173.92000000000002,3,2,2,有,有,5200000,29899,坡道平面,39.24,0,土地及建物分次登記案件。前案土地登記收件字號：；,RPWNMLKMQHNFFAW87CA,91.73,0.0,6.0,,
金湖鎮,房地(土地+建物)+車位,金門縣金湖鎮環島南路五段１６５巷8弄7號三樓,67.36,其他,,,1070713,土地1建物1車位1,三層,三層,華廈(10層含以下有電梯),集合住宅,鋼筋混凝土造,1070514,171.33,3,2,2,有,有,5800000,33853,坡道平面,39.24,0,土地及建物分次登記案件。前案土地登記收件字號：；,RPXNMLKMQHNFFAW97CA,89.9,0.0,6.0,,
金湖鎮,房地(土地+建物)+車位,金門縣金湖鎮環島南路五段１６５巷3弄9號,186.7,其他,,,1070713,土地1建物2車位2,全,三層,透天厝,集合住宅,鋼筋混凝土造,1070514,440.78,5,2,4,有,有,16600000,37661,坡道平面,78.48,0,土地及建物分次登記案件。前案土地登記收件字號：；,RPPOMLKMQHNFFAW27CA,275.12,0.0,13.4,,
金湖鎮,房地(土地+建物)+車位,金門縣金湖鎮環島南路五段１６５巷6弄1號,112.94,其他,,,1070713,土地1建物1車位2,全,三層,透天厝,集合住宅,鋼筋混凝土造,1070514,296.27,5,2,4,有,有,10000000,33753,坡道平面,78.48,0,土地及建物分次登記案件。前案土地登記收件字號：；,RPTNMLSLQHNFFAW28CA,177.36,0.0,4.9,,
金湖鎮,房地(土地+建物)+車位,金門縣金湖鎮環島南路五段１６５巷6弄11號,111.8,其他,,,1070713,土地1建物1車位1,全,三層,透天厝,集合住宅,鋼筋混凝土造,1070514,254.87,5,2,4,有,有,8500000,33350,坡道平面,39.24,0,土地及建物分次登記案件。前案土地登記收件字號：；,RPUNMLSLQHNFFAW38CA,175.53,0.0,4.9,,
金湖鎮,房地(土地+建物)+車位,金門縣金湖鎮環島南路五段１６５巷1弄16號,319.91,其他,,,1070713,土地1建物2車位3,全,三層,透天厝,集合住宅、店舖,鋼筋混凝土造,1070514,731.51,5,2,4,有,有,24000000,32809,坡道平面,114.58,0,土地及建物分次登記案件。前案土地登記收件字號：；,RPVNMLSLQHNFFAW48CA,494.1,0.0,22.2,,
金湖鎮,房地(土地+建物)+車位,金門縣金湖鎮環島南路五段１６５巷1弄20號,158.53,其他,,,1070713,土地1建物1車位1,全,三層,透天厝,集合住宅、店舖,鋼筋混凝土造,1070514,344.99,5,2,4,有,有,12000000,34784,坡道平面,39.24,0,土地及建物分次登記案件。前案土地登記收件字號：；,RPWNMLSLQHNFFAW58CA,244.75,0.0,11.1,,
金湖鎮,房地(土地+建物)+車位,金門縣金湖鎮環島南路五段１６５巷7弄5號,59.9,其他,,,1070713,土地1建物1車位1,一層,三層,華廈(10層含以下有電梯),集合住宅,鋼筋混凝土造,1070514,156.96,3,2,2,有,有,5500000,35041,坡道平面,39.24,0,土地及建物分次登記案件。前案土地登記收件字號：；,RPQOMLSLQHNFFAW08CA,85.59,0.0,0.0,,
金湖鎮,房地(土地+建物)+車位,金門縣金湖鎮環島南路五段１６５巷8弄7號,59.9,其他,,,1070713,土地1建物1車位1,一層,三層,華廈(10層含以下有電梯),集合住宅,鋼筋混凝土造,1070514,157.10000000000002,3,2,2,有,有,4500000,28644,坡道平面,39.24,0,土地及建物分次登記案件。前案土地登記收件字號：；,RPROMLSLQHNFFAW18CA,85.73,0.0,0.0,,
金湖鎮,房地(土地+建物)+車位,金門縣金湖鎮環島南路五段１６５巷8弄5號,59.9,其他,,,1070713,土地1建物1車位1,一層,三層,華廈(10層含以下有電梯),集合住宅,鋼筋混凝土造,1070514,157.10000000000002,3,2,2,有,有,4500000,28644,坡道平面,39.24,0,土地及建物分次登記案件。前案土地登記收件字號：；,RPSOMLSLQHNFFAW28CA,85.73,0.0,0.0,,
金湖鎮,房地(土地+建物)+車位,金門縣金湖鎮環島南路五段１６５巷7弄7號二樓,68.68,其他,,,1070713,土地1建物1車位1,二層,三層,華廈(10層含以下有電梯),集合住宅,鋼筋混凝土造,1070514,173.92000000000002,3,2,2,有,有,4500000,25874,坡道平面,39.24,0,土地及建物分次登記案件。前案土地登記收件字號：；,RPTOMLSLQHNFFAW38CA,91.73,0.0,6.0,,
金湖鎮,房地(土地+建物)+車位,金門縣金湖鎮環島南路五段１６５巷7弄5號二樓,68.68,其他,,,1070713,土地1建物1車位1,二層,三層,華廈(10層含以下有電梯),集合住宅,鋼筋混凝土造,1070514,173.92000000000002,3,2,2,有,有,4800000,27599,坡道平面,39.24,0,土地及建物分次登記案件。前案土地登記收件字號：；,RPUOMLSLQHNFFAW48CA,91.73,0.0,6.0,,
金湖鎮,房地(土地+建物)+車位,金門縣金湖鎮環島南路五段１６５巷8弄7號二樓,67.36,其他,,,1070713,土地1建物1車位1,二層,三層,華廈(10層含以下有電梯),集合住宅,鋼筋混凝土造,1070514,171.33,3,2,2,有,有,5680000,33152,坡道平面,39.24,0,土地及建物分次登記案件。前案土地登記收件字號：；,RPVOMLSLQHNFFAW58CA,89.9,0.0,6.0,,
金湖鎮,房地(土地+建物)+車位,金門縣金湖鎮環島南路五段１６５巷8弄5號二樓,67.36,其他,,,1070713,土地1建物1車位1,二層,三層,華廈(10層含以下有電梯),集合住宅,鋼筋混凝土造,1070514,171.33,3,2,2,有,有,4500000,26265,坡道平面,39.24,0,土地及建物分次登記案件。前案土地登記收件字號：；,RPTNMLTLQHNFFAW38CA,89.9,0.0,6.0,,
金寧鄉,房地(土地+建物)+車位,金門縣金寧鄉中堡8之2號三樓,38.85,住,,,1061226,土地1建物1車位1,三層,五層,華廈(10層含以下有電梯),,,1070202,116.09,3,2,2,有,無,4700000,48603,坡道平面,26.59,350000,,RPPNMLKKQHNFFAW07DA,61.56,4.73,5.78,,
金寧鄉,房地(土地+建物)+車位,金門縣金寧鄉中堡8之2號四樓,38.85,住,,,1061226,土地1建物1車位1,四層,五層,華廈(10層含以下有電梯),,,1070202,118.41,3,2,2,有,無,4700000,48603,坡道平面,28.91,350000,,RPQNMLKKQHNFFAW17DA,61.56,4.73,5.78,,
金寧鄉,土地,寧劃段1526-1地號,562.05,農,,,1070720,土地2建物0車位0,,,其他,,,,0.0,0,0,0,有,無,674460,1200,,0.0,0,,RPPNMLNKQHNFFAW37DA,0.0,0.0,0.0,,
金沙鎮,土地,洋山測段470地號,693.66,農,,,1070709,土地2建物0車位0,,,其他,,,,0.0,0,0,0,有,無,832392,1200,,0.0,0,,RPRNMLOKQHNFFAW67DA,0.0,0.0,0.0,,
金城鎮,土地,東沙段336地號,4997.38,其他,,,1070807,土地5建物0車位0,,,其他,,,,0.0,0,0,0,有,無,7995808,1600,,0.0,0,,RPUNMLOKQHNFFAW97DA,0.0,0.0,0.0,,
金沙鎮,土地,官嶼劃段11地號,926.5,其他,,,1070801,土地2建物0車位0,,,其他,,,,0.0,0,0,0,有,無,3700000,3994,,0.0,0,,RPPNMLPKQHNFFAW47CA,0.0,0.0,0.0,,
金沙鎮,土地,北九劃段1412-1地號,122.22,其他,,,1070801,土地2建物0車位0,,,其他,,,,0.0,0,0,0,有,無,816423,6680,,0.0,0,,RPQNMLPKQHNFFAW57CA,0.0,0.0,0.0,,
金沙鎮,房地(土地+建物),金門縣金沙鎮洋山８８號一樓之３,45.98,住,,,1070731,土地2建物1車位0,一層,三層,公寓(5樓含以下無電梯),集合住宅,鋼筋混凝土造,1070308,63.849999999999994,2,1,1,有,無,3050000,47768,,0.0,0,,RPROMLPKQHNFFAW77CA,58.92,0.0,0.13,,
金沙鎮,房地(土地+建物),金門縣金沙鎮洋山８８號二樓之３,45.98,住,,,1070731,土地2建物1車位0,二層,三層,公寓(5樓含以下無電梯),集合住宅,鋼筋混凝土造,1070308,73.53999999999999,2,1,1,有,無,3050000,41474,,0.0,0,,RPSOMLPKQHNFFAW87CA,58.92,0.0,9.82,,
金湖鎮,房地(土地+建物),金門縣金湖鎮湖前３９之２號三樓,70.17,其他,,,1070625,土地2建物1車位0,三層,三層,公寓(5樓含以下無電梯),集合住宅,鋼筋混凝土造,1020205,116.47,3,2,2,有,無,7760000,66627,,0.0,0,,RPRNMLNKQHNFFAW47CA,96.29,0.0,12.22,,
金城鎮,土地,小西門劃測段55地號,132.54,住,,,1070731,土地1建物0車位0,,,其他,,,,0.0,0,0,0,有,無,3200000,24144,,0.0,0,,RPWNMLRKQHNFFAW38CA,0.0,0.0,0.0,,
