﻿鄉鎮市區,交易標的,土地位置建物門牌,土地移轉總面積平方公尺,都市土地使用分區,非都市土地使用分區,非都市土地使用編定,交易年月日,交易筆棟數,移轉層次,總樓層數,建物型態,主要用途,主要建材,建築完成年月,建物移轉總面積平方公尺,建物現況格局-房,建物現況格局-廳,建物現況格局-衛,建物現況格局-隔間,有無管理組織,總價元,單價元平方公尺,車位類別,車位移轉總面積(平方公尺),車位總價元,備註,編號,主建物面積,附屬建物面積,陽台面積,電梯,移轉編號
The villages and towns urban district,transaction sign,land sector position building sector house number plate,land shifting total area square meter,the use zoning or compiles and checks,the non-metropolis land use district,non-metropolis land use,transaction year month and day,transaction pen number,shifting level,total floor number,building state,main use,main building materials,construction to complete the years,building shifting total area,Building present situation pattern - room,building present situation pattern - hall,building present situation pattern - health,building present situation pattern - compartmented,Whether there is manages the organization,total price NTD,the unit price (NTD / square meter),the berth category,berth shifting total area square meter,the berth total price NTD,the note,serial number,,,,,
馬公市,土地,文石段532地號,308.01,,一般農業區,甲種建築用地,1070328,土地2建物0車位0,,,其他,,,,0.0,0,0,0,有,無,12670000,41135,,0.0,0,,RPPNMLMKNHNFFAX96CA,0.0,0.0,0.0,,
馬公市,土地,鎖港南段172地號,713.13,,一般農業區,農牧用地,1070423,土地1建物0車位0,,,其他,,,,0.0,0,0,0,有,無,1000000,1402,,0.0,0,,RPQNMLQKNHNFFAX47CA,0.0,0.0,0.0,,
湖西鄉,土地,龍門南段238地號,47.69,,鄉村區,乙種建築用地,1070409,土地1建物0車位0,,,其他,,,,0.0,0,0,0,有,無,200000,4194,,0.0,0,,RPPNMLSKNHNFFAX57CA,0.0,0.0,0.0,,
湖西鄉,土地,沙港東段130地號,655.26,,一般農業區,農牧用地,1061208,土地1建物0車位0,,,其他,,,,0.0,0,0,0,有,無,1000000,1526,,0.0,0,,RPPNMLPLNHNFFAX37CA,0.0,0.0,0.0,,
馬公市,房地(土地+建物),澎湖縣馬公市三多路１４６巷１５弄１６號,73.74,住,,,1070420,土地1建物1車位0,全,二層,透天厝,住家用,鋼筋混凝土加強磚造,0670607,76.64,3,1,2,有,無,6600000,86117,,0.0,0,,RPRNMLQKNHNFFAX57CA,76.64,0.0,0.0,,
馬公市,房地(土地+建物),澎湖縣馬公市文山路27巷8之2號八樓,26.04,住,,,1070430,土地1建物1車位0,八層,十層,華廈(10層含以下有電梯),集合住宅,鋼筋混凝土造,1060328,101.57000000000001,3,2,2,有,有,6400000,63011,,0.0,0,,RPSNMLQKNHNFFAX77DA,0.0,0.0,0.0,,
白沙鄉,房地(土地+建物),澎湖縣白沙鄉大赤崁407-5號,301.18,,一般農業區,甲種建築用地,1070409,土地2建物1車位0,全,三層,透天厝,住家用,鋼筋混凝土造,1061206,276.98,7,1,7,有,無,6400000,23106,,0.0,0,,RPSNMLSKNHNFFAX97DA,256.11,20.87,0.0,,
馬公市,房地(土地+建物),澎湖縣馬公市五福路78巷23弄10號,224.36,,一般農業區,甲種建築用地,1070412,土地2建物1車位0,全,三層,透天厝,住家用,鋼筋混凝土造,1070202,311.05,5,2,5,有,無,11200000,36007,,0.0,0,,RPVNMLOLNHNFFAX97DA,294.42,16.63,0.0,,
馬公市,房地(土地+建物),澎湖縣馬公市光復路445巷13號,55.0,,鄉村區,乙種建築用地,1070427,土地1建物1車位0,全,三層,透天厝,住家用,鋼筋混凝土加強磚造,0690530,92.2,3,2,2,有,無,915000,9924,,0.0,0,親友、員工或其他特殊關係間之交易。；,RPPNMLRJOHNFFAX57DA,92.2,0.0,0.0,,
白沙鄉,土地,講美段1281地號,514.16,,一般農業區,農牧用地,1070416,土地3建物0車位0,,,其他,,,,0.0,0,0,0,有,無,700000,1361,,0.0,0,土地增值稅125069買方支付親友、員工或其他特殊關係間之交易。,RPQNMLMLNHNFFAX27DA,0.0,0.0,0.0,,
馬公市,土地,北極段1224地號,62.76,住,,,1070426,土地1建物0車位0,,,其他,,,,0.0,0,0,0,有,無,1243500,19814,,0.0,0,,RPPNMLKLNHNFFAX96DA,0.0,0.0,0.0,,
馬公市,土地,北極段1225-2地號,173.48,住,,,1070426,土地2建物0車位0,,,其他,,,,0.0,0,0,0,有,無,3437300,19814,,0.0,0,土地增值稅買賣雙方各半負擔。包含公共設施保留地之交易。,RPSNMLLLNHNFFAX37DA,0.0,0.0,0.0,,
馬公市,土地,文東段1908地號,281.46,,一般農業區,農牧用地,1070111,土地1建物0車位0,,,其他,,,,0.0,0,0,0,有,無,5000000,17765,,0.0,0,,RPPNMLQKNHNFFAX37CA,0.0,0.0,0.0,,
馬公市,房地(土地+建物),澎湖縣馬公市西衛里１３６之１９號,191.19,,一般農業區,甲種建築用地,1070324,土地2建物1車位0,全,三層,透天厝,住家用,鋼筋混凝土造,1070201,320.13,9,0,9,有,無,13000000,40609,,0.0,0,,RPVNMLPLNHNFFAX97CA,293.95,26.18,0.0,,
馬公市,房地(土地+建物),澎湖縣馬公市文山路２７巷８號二樓之１,26.68,住,,,1070502,土地1建物1車位0,二層,十層,華廈(10層含以下有電梯),集合住宅,鋼筋混凝土造,1060328,113.65,3,2,2,有,有,5700000,50154,,0.0,0,,RPTNMLQKNHNFFAX77CA,70.42,8.36,0.0,,
馬公市,土地,井垵西段1542地號,713.03,,一般農業區,農牧用地,1070326,土地1建物0車位0,,,其他,,,,0.0,0,0,0,有,無,3880000,5442,,0.0,0,,RPPNMLLLNHNFFAX96CA,0.0,0.0,0.0,,
馬公市,土地,鐵線段1058地號,1140.09,,一般農業區,農牧用地,1070425,土地1建物0車位0,,,其他,,,,0.0,0,0,0,有,無,3450000,3026,,0.0,0,土地增值稅買賣雙方各半,RPPNMLMLNHNFFAX17DA,0.0,0.0,0.0,,
馬公市,房地(土地+建物),澎湖縣馬公市鎖管港1001號,121.57,住,,,1070409,土地2建物1車位0,全,三層,透天厝,住商用,鋼筋混凝土造,0840704,220.24,4,1,3,有,無,3380000,15347,,0.0,0,,RPTNMLSKNHNFFAX08DA,206.38,13.86,0.0,,
馬公市,土地,興仁段832地號,1182.05,,一般農業區,農牧用地,1070418,土地1建物0車位0,,,其他,,,,0.0,0,0,0,有,無,6796800,5750,,0.0,0,,RPTNMLMJOHNFFAX47DA,0.0,0.0,0.0,,
馬公市,房地(土地+建物),澎湖縣馬公市成功街６巷８號,158.18,住,,,1070418,土地1建物1車位0,全,一層,透天厝,住家用,鋼筋混凝土加強空心磚造,0560206,57.04,4,2,2,有,無,9200000,161290,,0.0,0,,RPRNMLSKNHNFFAX77CA,57.04,0.0,0.0,,
馬公市,土地,裡新段491-1地號,177.66,,森林區,丙種建築用地,1070509,土地1建物0車位0,,,其他,,,,0.0,0,0,0,有,無,1652238,9300,,0.0,0,向政府機關承購之案件。權利人有2人,RPUNMLSKNHNFFAX08CA,0.0,0.0,0.0,,
湖西鄉,土地,西溪新段485地號,430.71,,一般農業區,農牧用地,1070319,土地1建物0車位0,,,其他,,,,0.0,0,0,0,有,無,1500000,3483,,0.0,0,,RPPNMLNLNHNFFAX17CA,0.0,0.0,0.0,,
白沙鄉,土地,後寮南段1093地號,684.75,,一般農業區,農牧用地,1070508,土地1建物0車位0,,,其他,,,,0.0,0,0,0,有,無,620000,905,,0.0,0,,RPQNMLNLNHNFFAX27CA,0.0,0.0,0.0,,
湖西鄉,土地,林投北段655-1地號,142.81,,一般農業區,水利用地,1070420,土地1建物0車位0,,,其他,,,,0.0,0,0,0,有,無,1121059,7850,,0.0,0,向政府機關承購之案件。；,RPPNMLKMNHNFFAX96CA,0.0,0.0,0.0,,
湖西鄉,土地,北寮新段58地號,120.66,,鄉村區,乙種建築用地,1070306,土地1建物0車位0,,,其他,,,,0.0,0,0,0,有,無,350000,2901,,0.0,0,向政府機關承購之案件。；逾期未辦繼承標售案,RPQNMLKMNHNFFAX17DA,0.0,0.0,0.0,,
馬公市,土地,鎖港西段93地號,108.74,住,,,1070426,土地1建物0車位0,,,其他,,,,0.0,0,0,0,有,無,1994292,18340,,0.0,0,向政府機關承購之案件。,RPRNMLLLNHNFFAX37EA,0.0,0.0,0.0,,
湖西鄉,土地,潭邊新段656地號,335.83,,鄉村區,乙種建築用地,1070306,土地2建物0車位0,,,其他,,,,0.0,0,0,0,有,無,3600000,10720,,0.0,0,逾期未辦繼承標售案,RPRNMLNLNHNFFAX47DA,0.0,0.0,0.0,,
馬公市,房地(土地+建物)+車位,澎湖縣馬公市文昌街５０之５號,49.25,住,,,1070417,土地1建物1車位1,六層,六層,華廈(10層含以下有電梯),住家用,鋼筋混凝土造,0821027,229.9,4,1,2,有,無,6500000,28273,坡道平面,0.0,0,親友、員工或其他特殊關係間之交易。；,RPXNMLPLNHNFFAX18CA,154.12,15.66,0.0,,
馬公市,土地,五德東段1348地號,1932.07,,一般農業區,農牧用地,1061009,土地1建物0車位0,,,其他,,,,0.0,0,0,0,有,無,6136725,3176,,0.0,0,,RPPNMLOLNHNFFAX27CA,0.0,0.0,0.0,,
馬公市,土地,五德西段758地號,1065.8,,一般農業區,農牧用地,1061009,土地4建物0車位0,,,其他,,,,0.0,0,0,0,有,無,2579200,2420,,0.0,0,,RPRNMLOLNHNFFAX47CA,0.0,0.0,0.0,,
馬公市,土地,埕東段228-2地號,151.44,住,,,1070420,土地1建物0車位0,,,其他,,,,0.0,0,0,0,有,無,11910600,78649,,0.0,0,,RPPNMLMKOHNFFAX07CA,0.0,0.0,0.0,,
馬公市,土地,埕東段237地號,165.29,住,,,1070507,土地1建物0車位0,,,其他,,,,0.0,0,0,0,有,無,13000000,78650,,0.0,0,,RPQNMLMKOHNFFAX17CA,0.0,0.0,0.0,,
馬公市,土地,埕東段228-4地號,115.71,住,,,1070507,土地1建物0車位0,,,其他,,,,0.0,0,0,0,有,無,9000000,77781,,0.0,0,,RPRNMLMKOHNFFAX27CA,0.0,0.0,0.0,,
馬公市,土地,西澳段1091-1地號,182.49,住,,,1070415,土地3建物0車位0,,,其他,,,,0.0,0,0,0,有,無,11600000,63565,,0.0,0,,RPUNMLPLNHNFFAX87CA,0.0,0.0,0.0,,
馬公市,房地(土地+建物),澎湖縣馬公市中華路６１之３號,37.39,住,,,1070222,土地3建物1車位0,一層，二層,七層,華廈(10層含以下有電梯),住商用,鋼筋混凝土造,0820317,95.18,0,2,1,有,無,12800000,134482,,0.0,0,親友、員工或其他特殊關係間之交易。；,RPWNMLPLNHNFFAX08CA,74.43,14.44,0.0,,
馬公市,房地(土地+建物),澎湖縣馬公市樂群街７號,53.16,住,,,1070430,土地2建物1車位0,全,二層,透天厝,住家用,鋼筋混凝土加強磚造,0680423,67.4,2,1,1,有,無,2160000,32047,,0.0,0,親友、員工或其他特殊關係間之交易。；,RPSNMLPLNHNFFAX67CA,67.4,0.0,0.0,,
馬公市,土地,馬公段1122地號,38.0,商,,,1070509,土地2建物0車位0,,,其他,,,,0.0,0,0,0,有,無,3771400,99247,,0.0,0,向政府機關承購之案件。；,RPTNMLPLNHNFFAX77CA,0.0,0.0,0.0,,
馬公市,房地(土地+建物),澎湖縣馬公市新生路２２之４號,48.0,商,,,1070331,土地1建物1車位0,全,二層,透天厝,住家用,鋼筋混凝土加強磚造,0670819,80.0,5,1,3,有,無,2100000,26250,,0.0,0,賣方賣清價,RPQNMLRLNHNFFAX67CA,80.0,0.0,0.0,,
馬公市,房地(土地+建物),澎湖縣馬公市中華路３５巷３號,46.0,商,,,1070509,土地1建物1車位0,全,二層,透天厝,住家用,鋼筋加強造,0561027,67.64,3,2,2,有,無,2630000,38882,,0.0,0,,RPQNMLSLNHNFFAX77CA,67.64,0.0,0.0,,
馬公市,房地(土地+建物),澎湖縣馬公市文昌街１１號四樓,37.26,住,,,1070508,土地1建物1車位0,四層,五層,公寓(5樓含以下無電梯),集合住宅,鋼筋混凝土造,0890111,124.61000000000001,3,1,2,有,有,4660000,37397,,0.0,0,土地增值稅由買方負擔。共有人4人,RPSNMLKMNHNFFAX27CA,109.12,2.32,0.0,,
馬公市,房地(土地+建物)+車位,澎湖縣馬公市三多路349號9樓-1,30.6,住,,,1070507,土地2建物1車位1,九層,十四層,住宅大樓(11層含以上有電梯),集合住宅,鋼筋混凝土造,0950710,186.73,3,1,2,有,有,4600000,24634,坡道平面,0.0,0,,RPTNMLOLNHNFFAX77DA,0.0,0.0,0.0,,
馬公市,土地,北極段607地號,1647.55,,一般農業區,農牧用地,1070322,土地4建物0車位0,,,其他,,,,0.0,0,0,0,有,無,3000000,1821,,0.0,0,親友、員工或其他特殊關係間之交易。；,RPPOMLOKNHOFFAX37CA,0.0,0.0,0.0,,
馬公市,房地(土地+建物)+車位,澎湖縣馬公市林森路３６號六樓之二,18.55,其他,,,1070502,土地2建物1車位1,六層,八層,華廈(10層含以下有電梯),住家用,鋼筋混凝土造,0850202,132.56,3,2,2,有,有,5000000,37719,坡道機械,0.0,0,,RPSOMLOKNHOFFAX67CA,91.84,0.0,10.81,,
馬公市,房地(土地+建物)+車位,澎湖縣馬公市陽明路８７之１號,77.31,住,,,1070508,土地2建物1車位1,一層，二層,七層,華廈(10層含以下有電梯),住商用,鋼筋混凝土造,0880515,485.14,0,0,0,無,有,15700000,32362,坡道平面,0.0,0,,RPTNMLNKNHOFFAX57CA,308.27,25.04,0.0,,
白沙鄉,土地,赤崁北段109地號,142.46,,鄉村區,丁種建築用地,1070502,土地2建物0車位0,,,其他,,,,0.0,0,0,0,有,無,1660000,11652,,0.0,0,,RPQNMLPLNHNFFAX57DA,0.0,0.0,0.0,,
馬公市,土地,案山段279-2地號,57.5,住,,,1070502,土地2建物0車位0,,,其他,,,,0.0,0,0,0,有,無,2041825,35510,,0.0,0,向政府機關承購之案件。；,RPWNMLKMNHNFFAX67CA,0.0,0.0,0.0,,
馬公市,土地,文澳段2313-1地號,324.0,住,,,1070410,土地1建物0車位0,,,其他,,,,0.0,0,0,0,有,無,22540000,69568,,0.0,0,,RPRNMLKMNHNFFAX17CA,0.0,0.0,0.0,,
馬公市,土地,五福段318地號,30.24,,一般農業區,交通用地,1070514,土地1建物0車位0,,,其他,,,,0.0,0,0,0,有,無,400000,13228,,0.0,0,,RPPNMLSLNHNFFAX67CA,0.0,0.0,0.0,,
馬公市,土地,四維段267地號,904.76,,一般農業區,農牧用地,1051117,土地1建物0車位0,,,其他,,,,0.0,0,0,0,有,無,11600000,12821,,0.0,0,,RPPNMLRLNHNFFAX57CA,0.0,0.0,0.0,,
馬公市,土地,五德西段232地號,257.02,,鄉村區,乙種建築用地,1070411,土地1建物0車位0,,,其他,,,,0.0,0,0,0,有,無,3700000,14396,,0.0,0,,RPRNMLPLNHNFFAX57CA,0.0,0.0,0.0,,
七美鄉,土地,大嶼段5539-3地號,153.0,,一般農業區,甲種建築用地,1070502,土地1建物0車位0,,,其他,,,,0.0,0,0,0,有,無,236000,1542,,0.0,0,含有部分私設道路。,RPPNMLOJOHNFFAX17CA,0.0,0.0,0.0,,
湖西鄉,土地,白坑段357地號,1674.0,,一般農業區,農牧用地,1070322,土地1建物0車位0,,,其他,,,,0.0,0,0,0,有,無,2500000,1493,,0.0,0,,RPPNMLLKOHNFFAX96CA,0.0,0.0,0.0,,
湖西鄉,土地,許家段482地號,586.16,,一般農業區,農牧用地,1070415,土地1建物0車位0,,,其他,,,,0.0,0,0,0,有,無,17550000,29941,,0.0,0,權利人共二人  含未來興建二戶之房屋價款,RPPNMLLLOHNFFAX07CA,0.0,0.0,0.0,,
馬公市,土地,文石段735地號,460.08,,一般農業區,農牧用地,1070410,土地1建物0車位0,,,其他,,,,0.0,0,0,0,有,無,6000000,13041,,0.0,0,,RPPNMLTLNHNFFAX77CA,0.0,0.0,0.0,,
馬公市,房地(土地+建物),澎湖縣馬公市永和街４９巷２號,74.66,住,,,1070505,土地1建物1車位0,全,二層,透天厝,住家用,鋼筋加強紅磚,0670219,72.04,3,1,3,有,無,5800000,80511,,0.0,0,,RPQNMLTLNHNFFAX87CA,72.04,0.0,0.0,,
馬公市,房地(土地+建物),澎湖縣馬公市永安街15巷21號,93.75,住,,,1070312,土地1建物1車位0,全,四層,透天厝,住商用,鋼筋混凝土造,0691122,292.29,7,1,5,有,無,4300000,14711,,0.0,0,親友、員工或其他特殊關係間之交易。；共有人3人,RPUNMLKMNHNFFAX57DA,292.23,0.0,0.0,,
馬公市,土地,海堤段943地號,14.52,商,,,1070514,土地1建物0車位0,,,其他,,,,0.0,0,0,0,有,無,180000,12397,,0.0,0,,RPPNMLLMNHNFFAX07CA,0.0,0.0,0.0,,
馬公市,土地,光華段462地號,393.44,,一般農業區,農牧用地,1070510,土地1建物0車位0,,,其他,,,,0.0,0,0,0,有,無,1902554,4836,,0.0,0,向政府機關承購之案件。；,RPPNMLMJOHNFFAX96CA,0.0,0.0,0.0,,
馬公市,土地,四維段373地號,599.32,農,,,1070508,土地1建物0車位0,,,其他,,,,0.0,0,0,0,有,無,13500000,22526,,0.0,0,,RPPNMLPJOHNFFAX27CA,0.0,0.0,0.0,,
馬公市,房地(土地+建物),澎湖縣馬公市經國路１１３巷１９號,67.0,商,,,1070427,土地1建物1車位0,全,五層,透天厝,住商用,鋼筋混凝土造,0850820,202.14,6,2,4,有,無,8260000,40863,,0.0,0,,RPUNMLLKOHNFFAX47CA,184.59,17.55,0.0,,
馬公市,房地(土地+建物),澎湖縣馬公市中山路６１號,12.67,商,,,1070511,土地1建物1車位0,全,五層,透天厝,住商用,鋼筋混凝土造,0780120,64.59,3,2,4,有,無,3600000,55736,,0.0,0,親友、員工或其他特殊關係間之交易。；親友共有人買賣,RPRNMLNKNHOFFAX37CA,64.59,0.0,0.0,,
馬公市,土地,海堤段966地號,73.04,商,,,1070523,土地1建物0車位0,,,其他,,,,0.0,0,0,0,有,無,1000000,13691,,0.0,0,親友、員工或其他特殊關係間之交易。；,RPOOMLKMNHNFFAX17EA,0.0,0.0,0.0,,
馬公市,土地,雙湖段929地號,364.27,,鄉村區,乙種建築用地,1070507,土地2建物0車位0,,,其他,,,,0.0,0,0,0,有,無,5300000,14550,,0.0,0,,RPQNMLLMNHNFFAX27DA,0.0,0.0,0.0,,
馬公市,房地(土地+建物),澎湖縣馬公市鎖管港1002號,87.14,住,,,1070515,土地2建物1車位0,全,三層,透天厝,住商用,鋼筋混凝土造,0840704,175.02,4,1,3,有,無,2800000,15998,,0.0,0,,RPRNMLLMNHNFFAX37DA,161.76,13.26,0.0,,
西嶼鄉,土地,竹灣段1324-1地號,72.95,,鄉村區,交通用地,1070502,土地2建物0車位0,,,其他,,,,0.0,0,0,0,有,無,472716,6480,,0.0,0,向政府機關承購之案件。；,RPPNMLLJOHNFFAX96DA,0.0,0.0,0.0,,
馬公市,土地,大池段831地號,1746.55,,一般農業區,農牧用地,1070522,土地2建物0車位0,,,其他,,,,0.0,0,0,0,有,無,9800000,5611,,0.0,0,,RPSNMLLKOHNFFAX27CA,0.0,0.0,0.0,,
馬公市,土地,文澳段2354地號,127.0,商,,,1070413,土地1建物0車位0,,,其他,,,,0.0,0,0,0,有,無,8500000,66929,,0.0,0,,RPTNMLLKOHNFFAX37CA,0.0,0.0,0.0,,
馬公市,房地(土地+建物),澎湖縣馬公市西衛２３６之２號,220.4,,一般農業區,甲種建築用地,1070502,土地1建物1車位0,全,三層,透天厝,住家用,鋼筋混凝土造,1030917,364.13,7,2,6,有,無,17000000,46687,,0.0,0,,RPQNMLMJOHNFFAX07CA,364.13,0.0,0.0,,
湖西鄉,土地,湖西南段668地號,252.1,,鄉村區,乙種建築用地,1070412,土地2建物0車位0,,,其他,,,,0.0,0,0,0,有,無,1800000,7140,,0.0,0,,RPSNMLLMNHNFFAX37CA,0.0,0.0,0.0,,
馬公市,房地(土地+建物),澎湖縣馬公市貿商街１３６號五樓之五,30.6,住,,,1070329,土地2建物1車位0,五層,十四層,住宅大樓(11層含以上有電梯),集合住宅,鋼筋混凝土造,0950710,186.73,3,2,2,有,有,4880000,26134,,0.0,0,,RPRNMLMJOHNFFAX17CA,102.74,0.0,11.64,,
馬公市,土地,文澳段2313地號,162.0,住,,,1070410,土地1建物0車位0,,,其他,,,,0.0,0,0,0,有,無,11270000,69568,,0.0,0,,RPSNMLMJOHNFFAX27CA,0.0,0.0,0.0,,
馬公市,土地,西澳段828-1地號,160.47,住,,,1070412,土地1建物0車位0,,,其他,,,,0.0,0,0,0,有,無,9600001,59824,,0.0,0,向政府機關承購之案件。；,RPRNMLLJOHNFFAX17DA,0.0,0.0,0.0,,
馬公市,土地,鐵線段888地號,1498.13,,一般農業區,農牧用地,1070524,土地2建物0車位0,,,其他,,,,0.0,0,0,0,有,無,1280000,854,,0.0,0,,RPQNMLPJOHNFFAX47DA,0.0,0.0,0.0,,
西嶼鄉,土地,竹灣段982地號,197.92,,一般農業區,農牧用地,1070518,土地1建物0車位0,,,其他,,,,0.0,0,0,0,有,無,100000,505,,0.0,0,親友、員工或其他特殊關係間之交易。；,RPSNMLPJOHNFFAX67DA,0.0,0.0,0.0,,
白沙鄉,土地,下瓦硐段1061地號,305.95,,一般農業區,農牧用地,1070530,土地1建物0車位0,,,其他,,,,0.0,0,0,0,有,無,100000,327,,0.0,0,,RPPNMLQJOHNFFAX47DA,0.0,0.0,0.0,,
馬公市,土地,四維段548地號,96.76,農,,,1070526,土地2建物0車位0,,,其他,,,,0.0,0,0,0,有,無,1172000,12112,,0.0,0,,RPQNMLTKOHNFFAX87CA,0.0,0.0,0.0,,
西嶼鄉,土地,池東段2551地號,890.78,,一般農業區,農牧用地,1070528,土地4建物0車位0,,,其他,,,,0.0,0,0,0,有,無,2868800,3221,,0.0,0,,RPQNMLSJOHNFFAX67CA,0.0,0.0,0.0,,
馬公市,土地,光華段277地號,733.67,,一般農業區,農牧用地,1070315,土地1建物0車位0,,,其他,,,,0.0,0,0,0,有,無,1800000,2453,,0.0,0,,RPRNMLNKOHNFFAX37CA,0.0,0.0,0.0,,
馬公市,建物,澎湖縣馬公市鎖管港２３５號,0.0,,,,1070515,土地0建物1車位0,全,二層,透天厝,住商用,鋼筋混凝土加強磚造,0710806,93.22,3,1,2,有,無,2120000,22742,,0.0,0,,RPRNMLTKOHNFFAX97CA,93.22,0.0,0.0,,
湖西鄉,土地,城北段597地號,727.02,,一般農業區,農牧用地,1070417,土地1建物0車位0,,,其他,,,,0.0,0,0,0,有,無,1100000,1513,,0.0,0,,RPWNMLNKOHNFFAX87CA,0.0,0.0,0.0,,
馬公市,房地(土地+建物)+車位,澎湖縣馬公市三多路３５５號五樓之五,28.83,住,,,1070518,土地1建物1車位1,五層,十四層,住宅大樓(11層含以上有電梯),集合住宅,鋼筋混凝土造,0950629,192.57,3,2,2,有,有,5180000,26899,坡道平面,0.0,0,,RPRNMLLLOHNFFAX27CA,103.85,0.0,11.74,,
馬公市,土地,興崁段575地號,980.26,,一般農業區,農牧用地,1070515,土地1建物0車位0,,,其他,,,,0.0,0,0,0,有,無,6000000,6121,,0.0,0,,RPRNMLKKOHNFFAX17DA,0.0,0.0,0.0,,
馬公市,土地,埕東段235地號,133.8,其他,,,1070528,土地1建物0車位0,,,其他,,,,0.0,0,0,0,有,無,2428000,18146,,0.0,0,包含公共設施保留地之交易。；賣方賣清價。,RPPNMLKKOHNFFAX86CA,0.0,0.0,0.0,,
馬公市,土地,埕東段235地號,133.8,其他,,,1070502,土地1建物0車位0,,,其他,,,,0.0,0,0,0,有,無,2428000,18146,,0.0,0,包含公共設施保留地之交易。；賣方賣清價。,RPQNMLKKOHNFFAX96CA,0.0,0.0,0.0,,
馬公市,土地,興仁段833地號,1887.09,,一般農業區,農牧用地,1070228,土地1建物0車位0,,,其他,,,,0.0,0,0,0,有,無,8880000,4706,,0.0,0,,RPRNMLLKOHNFFAX17CA,0.0,0.0,0.0,,
馬公市,土地,北極段662地號,569.42,住,,,1070528,土地1建物0車位0,,,其他,,,,0.0,0,0,0,有,無,7600000,13347,,0.0,0,,RPSNMLMKOHNFFAX37CA,0.0,0.0,0.0,,
馬公市,土地,埕東段228-1地號,139.2,住,,,1070420,土地1建物0車位0,,,其他,,,,0.0,0,0,0,有,無,10946000,78635,,0.0,0,,RPTNMLMKOHNFFAX47CA,0.0,0.0,0.0,,
馬公市,土地,埕東段228-3地號,110.22,住,,,1070420,土地1建物0車位0,,,其他,,,,0.0,0,0,0,有,無,8668400,78646,,0.0,0,,RPUNMLMKOHNFFAX57CA,0.0,0.0,0.0,,
馬公市,房地(土地+建物),澎湖縣馬公市民權路３３號,55.0,商,,,1070528,土地3建物1車位0,全,二層,透天厝,商業用,造,0440901,88.71,6,1,4,有,無,5421400,61114,,0.0,0,親友、員工或其他特殊關係間之交易。；,RPPNMLMLOHNFFAX17CA,88.71,0.0,0.0,,
馬公市,土地,東澳段1095-1地號,236.24,住,,,1070307,土地3建物0車位0,,,其他,,,,0.0,0,0,0,有,無,8575200,36299,,0.0,0,包含公共設施保留地之交易。；權利人數：2人,RPXNMLNKOHNFFAX97CA,0.0,0.0,0.0,,
湖西鄉,土地,湖西南段2454地號,1248.29,,一般農業區,農牧用地,1070413,土地1建物0車位0,,,其他,,,,0.0,0,0,0,有,無,1873000,1500,,0.0,0,向政府機關承購之案件。；,RPPNMLPKOHNFFAX37CA,0.0,0.0,0.0,,
馬公市,土地,文東段467地號,216.31,,一般農業區,農牧用地,1070306,土地1建物0車位0,,,其他,,,,0.0,0,0,0,有,無,580000,2681,,0.0,0,向政府機關承購之案件。；逾期未辦繼承標售案,RPWNMLMKOHNFFAX87DA,0.0,0.0,0.0,,
馬公市,土地,鐵線段666地號,1238.9,,一般農業區,農牧用地,1070530,土地1建物0車位0,,,其他,,,,0.0,0,0,0,有,無,39840000,32158,,0.0,0,建商與地主合建案。；農變建移轉土地持分給予權利人共6人內含未來6戶興建之成本 共3984萬,RPQNMLPKOHNFFAX57DA,0.0,0.0,0.0,,
湖西鄉,房地(土地+建物),澎湖縣湖西鄉隘門２０１之３號,339.02,,一般農業區,甲種建築用地,1070516,土地2建物1車位0,全,三層,透天厝,住家用,鋼筋混凝土造,1061106,219.89,5,2,5,有,無,6800000,30925,,0.0,0,,RPQNMLNKNHOFFAX27CA,203.24,16.65,0.0,,
馬公市,房地(土地+建物),澎湖縣馬公市建國路４６號,16.33,商,,,1070510,土地1建物1車位0,全,二層,透天厝,住商用,鋼筋混凝土加強空心磚造,0570610,15.39,2,2,2,有,無,1500000,97466,,0.0,0,,RPSNMLTKOHNFFAX08CA,15.39,0.0,0.0,,
馬公市,房地(土地+建物)+車位,澎湖縣馬公市新明路２１號九樓,73.77,商,,,1061214,土地9建物1車位2,九層,十層,華廈(10層含以下有電梯),商業用,鋼筋混凝土造,0840818,678.0699999999999,13,2,14,有,無,35000000,51617,升降機械,0.0,0,,RPRNMLQLOHNFFAX77CA,458.7,0.0,66.2,,
西嶼鄉,土地,竹篙灣段3643地號,1014.0,,風景區,農牧用地,1070601,土地1建物0車位0,,,其他,,,,0.0,0,0,0,有,有,1160000,1144,,0.0,0,親友、員工或其他特殊關係間之交易。；,RPUNMLNKOHNFFAX67CA,0.0,0.0,0.0,,
馬公市,土地,風櫃西段1382地號,428.04,,一般農業區,農牧用地,1070530,土地1建物0車位0,,,其他,,,,0.0,0,0,0,有,無,5300000,12382,,0.0,0,,RPVNMLNKOHNFFAX77CA,0.0,0.0,0.0,,
湖西鄉,房地(土地+建物),澎湖縣湖西鄉林投１號之５,208.46,農,,,1070522,土地1建物1車位0,全,一層,透天厝,住家用,加強磚造,0660701,125.08,4,3,5,有,無,16800000,134314,,0.0,0,契稅由賣方負擔。買方買清。,RPPNMLQLOHNFFAX57CA,125.08,0.0,0.0,,
馬公市,土地,烏崁新段1642地號,1078.63,,一般農業區,農牧用地,1070503,土地2建物0車位0,,,其他,,,,0.0,0,0,0,有,無,1500000,1391,,0.0,0,共有人2人土地增值稅買方負擔,RPTNMLTKOHNFFAX18CA,0.0,0.0,0.0,,
馬公市,土地,鎖港南段1058地號,165.06,,一般農業區,農牧用地,1070606,土地1建物0車位0,,,其他,,,,0.0,0,0,0,有,無,500000,3029,,0.0,0,,RPRNMLPKOHNFFAX57CA,0.0,0.0,0.0,,
馬公市,土地,四維段942地號,171.87,,鄉村區,乙種建築用地,1070516,土地1建物0車位0,,,其他,,,,0.0,0,0,0,有,無,2860000,16640,,0.0,0,,RPPNMLSLOHNFFAX77CA,0.0,0.0,0.0,,
湖西鄉,土地,成功南段246地號,1729.02,,一般農業區,農牧用地,1070601,土地1建物0車位0,,,其他,,,,0.0,0,0,0,有,無,66960000,38727,,0.0,0,權利人共九人 含未來興建九戶房屋價款,RPVNMLQJPHNFFAX08CA,0.0,0.0,0.0,,
湖西鄉,土地,青螺新段1130地號,60.84,,鄉村區,乙種建築用地,1070413,土地2建物0車位0,,,其他,,,,0.0,0,0,0,有,無,174000,2860,,0.0,0,逾期未辦繼承標售案,RPQNMLSLOHNFFAX08EA,0.0,0.0,0.0,,
湖西鄉,土地,潭邊新段657地號,82.09,,鄉村區,乙種建築用地,1070605,土地1建物0車位0,,,其他,,,,0.0,0,0,0,有,無,460000,5604,,0.0,0,,RPRNMLSLOHNFFAX18EA,0.0,0.0,0.0,,
馬公市,土地,五德西段758地號,1065.8,,一般農業區,農牧用地,1070524,土地4建物0車位0,,,其他,,,,0.0,0,0,0,有,無,2900000,2721,,0.0,0,,RPPNMLOKOHNFFAX27CA,0.0,0.0,0.0,,
馬公市,土地,六合段118地號,92.36,,鄉村區,乙種建築用地,1070607,土地1建物0車位0,,,其他,,,,0.0,0,0,0,有,無,2370000,25660,,0.0,0,,RPSNMLPKOHNFFAX67CA,0.0,0.0,0.0,,
西嶼鄉,土地,池西段1839地號,121.05,,一般農業區,甲種建築用地,1070608,土地1建物0車位0,,,其他,,,,0.0,0,0,0,有,無,520000,4296,,0.0,0,,RPPNMLRLOHNFFAX67CA,0.0,0.0,0.0,,
馬公市,土地,北極段661地號,43.15,住,,,1070525,土地1建物0車位0,,,其他,,,,0.0,0,0,0,有,無,587000,13604,,0.0,0,,RPRNMLTJPHNFFAX97CA,0.0,0.0,0.0,,
馬公市,土地,六合段214地號,343.03,,一般農業區,農牧用地,1070605,土地1建物0車位0,,,其他,,,,0.0,0,0,0,有,無,3810000,11107,,0.0,0,,RPRNMLPJPHNFFAX57CA,0.0,0.0,0.0,,
湖西鄉,土地,城北段1131地號,1065.25,,一般農業區,農牧用地,1070530,土地1建物0車位0,,,其他,,,,0.0,0,0,0,有,無,1127000,1058,,0.0,0,,RPPNMLKLOHNFFAX07DA,0.0,0.0,0.0,,
馬公市,土地,東衛段978地號,760.99,,一般農業區,農牧用地,1070521,土地1建物0車位0,,,其他,,,,0.0,0,0,0,有,無,24680000,32431,,0.0,0,共有人3人農變建專案核准交易總價包括未興建房屋建築費用。,RPPNMLLJPHNFFAX07DA,0.0,0.0,0.0,,
馬公市,房地(土地+建物),澎湖縣馬公市仁愛路66號,8.6,住,,,1070530,土地1建物1車位0,全,一層,透天厝,住家用,造,,2.85,1,1,1,有,無,434470,152446,,0.0,0,親友、員工或其他特殊關係間之交易。；,RPTNMLQJPHNFFAX97DA,0.0,0.0,0.0,,
馬公市,土地,雙湖段1110-11地號,266.1,,一般農業區,農牧用地,1070606,土地2建物0車位0,,,其他,,,,0.0,0,0,0,有,無,9950000,37392,,0.0,0,含未來興建房屋價款,RPPNMLMKPHNFFAX17CA,0.0,0.0,0.0,,
馬公市,土地,雙湖段1110-11地號,366.54,,一般農業區,農牧用地,1070606,土地2建物0車位0,,,其他,,,,0.0,0,0,0,有,無,14000000,38195,,0.0,0,含未來興建房屋價款,RPQNMLMKPHNFFAX27CA,0.0,0.0,0.0,,
馬公市,土地,五福段857-8地號,210.52,,一般農業區,甲種建築用地,1070428,土地2建物0車位0,,,其他,,,,0.0,0,0,0,有,無,9660000,45886,,0.0,0,變更起造人，含未來興建房屋之費用,RPQNMLMLOHNFFAX27CA,0.0,0.0,0.0,,
馬公市,房地(土地+建物),澎湖縣馬公市西文澳３６號,151.31,住,,,1070503,土地1建物1車位0,全,二層,透天厝,住家用,鋼筋加強紅磚,0610102,125.82,6,2,1,有,無,6680000,53092,,0.0,0,親友、員工或其他特殊關係間之交易。；二等親買賣,RPQNMLMJPHNFFAX17CA,125.82,0.0,0.0,,
馬公市,房地(土地+建物),澎湖縣馬公市珠江276號,312.13,,一般農業區,甲種建築用地,1070523,土地2建物1車位0,全,二層,透天厝,住家用,加強磚造,0960301,254.52,4,1,5,有,無,10000000,39290,,0.0,0,,RPUNMLMJPHNFFAX67DA,250.45,0.0,4.07,,
湖西鄉,土地,龍門南段315地號,53.06,,鄉村區,乙種建築用地,1070424,土地1建物0車位0,,,其他,,,,0.0,0,0,0,有,無,180000,3392,,0.0,0,逾期未辦繼承標售案,RPUNMLLLOHNFFAX67DA,0.0,0.0,0.0,,
馬公市,土地,海堤段644地號,106.53,住,,,1070608,土地1建物0車位0,,,其他,,,,0.0,0,0,0,有,無,1860000,17460,,0.0,0,向政府機關標售之案件。,RPTNMLLLOHNFFAX67EA,0.0,0.0,0.0,,
馬公市,房地(土地+建物)+車位,澎湖縣馬公市貿商街１２７號四樓之一,27.04,住,,,1070516,土地1建物1車位1,四層,十二層,住宅大樓(11層含以上有電梯),集合住宅,鋼筋混凝土造,0950629,200.82,3,1,2,有,有,4450000,22159,坡道平面,0.0,0,買方負擔過戶稅金共97846元,RPPNMLPLOHNFFAX47CA,97.49,0.0,10.98,,
西嶼鄉,土地,二崁南段748地號,4658.53,,一般農業區,農牧用地,1070322,土地1建物0車位0,,,其他,,,,0.0,0,0,0,有,無,6290000,1350,,0.0,0,向政府機關承購之案件。；,RPQNMLKLOHNFFAX07CA,0.0,0.0,0.0,,
馬公市,土地,北極段1336地號,709.42,農,,,1070605,土地3建物0車位0,,,其他,,,,0.0,0,0,0,有,無,2570000,3623,,0.0,0,,RPPNMLPJPHNFFAX37CA,0.0,0.0,0.0,,
西嶼鄉,房地(土地+建物),澎湖縣西嶼鄉二崁村47號,278.64,住,,,1061103,土地3建物1車位0,全,一層,透天厝,住家用,造,0210101,127.27,5,3,2,有,無,554391,4356,,0.0,0,親友、員工或其他特殊關係間之交易。；,RPSNMLTKPHNFFAX18CA,127.27,0.0,0.0,,
西嶼鄉,土地,二崁南段340-1地號,228.2,住,,,1061103,土地2建物0車位0,,,其他,,,,0.0,0,0,0,有,無,570906,2502,,0.0,0,親友、員工或其他特殊關係間之交易。；,RPTNMLTKPHNFFAX28CA,0.0,0.0,0.0,,
西嶼鄉,土地,二崁北段375-1地號,407.08,其他,,,1061103,土地2建物0車位0,,,其他,,,,0.0,0,0,0,有,無,488496,1200,,0.0,0,親友、員工或其他特殊關係間之交易。；,RPUNMLTKPHNFFAX38CA,0.0,0.0,0.0,,
湖西鄉,房地(土地+建物),澎湖縣湖西鄉南寮９３號,175.16,,鄉村區,乙種建築用地,1070606,土地1建物1車位0,全,一層,透天厝,住家用,造,,25.39,1,1,1,有,無,794700,31300,,0.0,0,,RPXNMLQJPHNFFAX28CA,25.39,0.0,0.0,,
湖西鄉,房地(土地+建物),澎湖縣湖西鄉鼎灣村鼎灣43號,87.67,,鄉村區,乙種建築用地,1070322,土地1建物1車位0,全,一層,透天厝,住家用,造,,30.58,2,1,0,有,無,399398,13061,,0.0,0,地籍清理縣府代為標售案,RPRNMLPLOHNFFAX77DA,28.93,1.66,0.0,,
西嶼鄉,土地,內垵一段232地號,494.75,,森林區,農牧用地,1070613,土地1建物0車位0,,,其他,,,,0.0,0,0,0,有,無,1200000,2425,,0.0,0,,RPSNMLNLPHNFFAX77DA,0.0,0.0,0.0,,
馬公市,土地,山水南段42地號,719.54,,一般農業區,農牧用地,1070612,土地1建物0車位0,,,其他,,,,0.0,0,0,0,有,無,2112600,2936,,0.0,0,縣府代標地籍清理案件買方為375租約承租人,RPPNMLOJPHNFFAX27CA,0.0,0.0,0.0,,
白沙鄉,土地,赤崁南段220地號,179.42,,一般農業區,農牧用地,1070619,土地1建物0車位0,,,其他,,,,0.0,0,0,0,有,無,705500,3932,,0.0,0,,RPRNMLRLOHNFFAX87CA,0.0,0.0,0.0,,
湖西鄉,土地,林投北段557-1地號,316.44,,,,1070420,土地1建物0車位0,,,其他,,,,0.0,0,0,0,有,無,2484054,7850,,0.0,0,向政府機關承購之案件。；,RPQNMLQLOHNFFAX67CA,0.0,0.0,0.0,,
湖西鄉,土地,成功北段71-1地號,21.52,,鄉村區,交通用地,1070626,土地2建物0車位0,,,其他,,,,0.0,0,0,0,有,無,121745,5657,,0.0,0,協議價購鄉村區交通用地/鄉村區乙種建築用地,RPPNMLMJPHNFFAX07CA,0.0,0.0,0.0,,
馬公市,房地(土地+建物),澎湖縣馬公市鎖管港８５之２號,111.18,住,,,1070520,土地1建物1車位0,全,四層,透天厝,住家用,鋼筋混凝土造,1060508,264.53,5,2,6,有,無,9500000,35913,,0.0,0,,RPQNMLQKPHNFFAX67CA,244.37,20.16,0.0,,
白沙鄉,土地,後寮段2875地號,291.0,,一般農業區,農牧用地,1070522,土地1建物0車位0,,,其他,,,,0.0,0,0,0,有,無,220000,756,,0.0,0,親友、員工或其他特殊關係間之交易。；急買急賣。；,RPQNMLNLPHNFFAX47CA,0.0,0.0,0.0,,
白沙鄉,土地,講美段299地號,147.55,,一般農業區,農牧用地,1070322,土地1建物0車位0,,,其他,,,,0.0,0,0,0,有,無,581000,3938,,0.0,0,地籍清理標售,RPRNMLQJPHNFFAX77DA,0.0,0.0,0.0,,
西嶼鄉,土地,二崁南段1248地號,2136.02,,風景區,農牧用地,1070322,土地2建物0車位0,,,其他,,,,0.0,0,0,0,有,無,3330000,1559,,0.0,0,地清標售案件,RPQNMLTJPHNFFAX97DA,0.0,0.0,0.0,,
馬公市,房地(土地+建物),澎湖縣馬公市光華２４５號,107.31,,一般農業區,甲種建築用地,1070409,土地1建物1車位0,全,三層,透天厝,住家用,鋼筋混凝土造,0920514,185.85,4,2,3,有,無,3800000,20447,,0.0,0,親友、員工或其他特殊關係間之交易。；,RPUNMLNLPHNFFAX87CA,178.15,7.7,0.0,,
湖西鄉,土地,太武新段207地號,630.81,,一般農業區,農牧用地,1070613,土地2建物0車位0,,,其他,,,,0.0,0,0,0,有,無,1335700,2117,,0.0,0,,RPRNMLMJPHNFFAX27CA,0.0,0.0,0.0,,
馬公市,房地(土地+建物),澎湖縣馬公市風櫃尾２５之９號,97.54,,一般農業區,甲種建築用地,1070426,土地2建物1車位0,全,三層,透天厝,住家用,鋼筋混凝土造,0830525,143.31,3,1,2,有,無,2260000,15770,,0.0,0,,RPTNMLMJPHNFFAX47CA,134.91,8.4,0.0,,
馬公市,土地,光榮段232-3地號,181.19,住,,,1070608,土地1建物0車位0,,,其他,,,,0.0,0,0,0,有,無,10500000,57950,,0.0,0,,RPUNMLQJPHNFFAX97CA,0.0,0.0,0.0,,
馬公市,土地,馬公段1080-2地號,105.0,商,,,1070528,土地1建物0車位0,,,其他,,,,0.0,0,0,0,有,無,4200000,40000,,0.0,0,含未辦保存登記建物  門牌:澎湖縣馬公市重慶里15鄰民權路61號     65.10平方公尺  持分全部,RPPNMLRLPHNFFAX77CA,0.0,0.0,0.0,,
馬公市,土地,鐵線段973地號,422.85,,鄉村區,乙種建築用地,1070602,土地2建物0車位0,,,其他,,,,0.0,0,0,0,有,無,4732300,11191,,0.0,0,,RPRNMLNLPHNFFAX57CA,0.0,0.0,0.0,,
馬公市,土地,四維段587-4地號,198.98,,一般農業區,甲種建築用地,1070620,土地4建物0車位0,,,其他,,,,0.0,0,0,0,有,無,4100000,20605,,0.0,0,農變建專案核准變更起造人,RPQNMLMLPHNFFAX37CA,0.0,0.0,0.0,,
湖西鄉,土地,南寮新段88地號,1425.06,,一般農業區,農牧用地,1070619,土地1建物0車位0,,,其他,,,,0.0,0,0,0,有,無,3706000,2601,,0.0,0,,RPQNMLKLPHNFFAX17CA,0.0,0.0,0.0,,
馬公市,土地,國宅段316地號,330.0,,一般農業區,甲種建築用地,1070625,土地1建物0車位0,,,其他,,,,0.0,0,0,0,有,無,4450000,13485,,0.0,0,,RPTNMLKLPHNFFAX47CA,0.0,0.0,0.0,,
馬公市,土地,四維段587-4地號,199.07,,一般農業區,甲種建築用地,1070620,土地4建物0車位0,,,其他,,,,0.0,0,0,0,有,無,3960000,19893,,0.0,0,農變建專案核准變更起造人,RPPNMLMLPHNFFAX27CA,0.0,0.0,0.0,,
馬公市,土地,中山段14地號,1030.84,,一般農業區,農牧用地,1070417,土地1建物0車位0,,,其他,,,,0.0,0,0,0,有,無,5612760,5445,,0.0,0,,RPWNMLQJPHNFFAX18CA,0.0,0.0,0.0,,
湖西鄉,土地,許家段703地號,504.7,,一般農業區,甲種建築用地,1070402,土地3建物0車位0,,,其他,,,,0.0,0,0,0,有,無,6000000,11888,,0.0,0,,RPOOMLQJPHNFFAX47CA,0.0,0.0,0.0,,
馬公市,房地(土地+建物),澎湖縣馬公市西文澳７７６號,222.0,,一般農業區,甲種建築用地,1070605,土地2建物1車位0,全,三層,透天厝,住家用,鋼筋混凝土造,1061116,207.2,5,2,5,有,無,9060000,43726,,0.0,0,,RPRNMLOJPHNFFAX47CA,197.06,10.14,0.0,,
望安鄉,房地(土地+建物),澎湖縣望安鄉東安村105號,84.25,,一般農業區,農牧用地,1070601,土地2建物1車位0,全,一層,透天厝,住家用,造,,8.88,0,0,0,無,無,190000,21396,,0.0,0,,RPRNMLQKPHNFFAX77CA,8.88,0.0,0.0,,
望安鄉,土地,望安段1366地號,369.0,,鄉村區,乙種建築用地,1070606,土地1建物0車位0,,,其他,,,,0.0,0,0,0,有,無,770000,2087,,0.0,0,,RPPNMLOKPHNFFAX37CA,0.0,0.0,0.0,,
西嶼鄉,土地,二崁南段1047地號,338.85,,,,1070516,土地1建物0車位0,,,其他,,,,0.0,0,0,0,有,無,780000,2302,,0.0,0,親友、員工或其他特殊關係間之交易。；權利人數:3人,RPSNMLLKPHNFFAX47DA,0.0,0.0,0.0,,
湖西鄉,土地,沙港南段352地號,1890.22,,一般農業區,農牧用地,1070613,土地1建物0車位0,,,其他,,,,0.0,0,0,0,有,無,3031514,1604,,0.0,0,,RPPNMLMJQHNFFAX17CA,0.0,0.0,0.0,,
湖西鄉,土地,沙港南段353地號,410.53,,一般農業區,甲種建築用地,1070613,土地1建物0車位0,,,其他,,,,0.0,0,0,0,有,無,1465120,3569,,0.0,0,,RPQNMLMJQHNFFAX27CA,0.0,0.0,0.0,,
湖西鄉,土地,中西段824地號,416.19,,森林區,殯葬用地,1070613,土地2建物0車位0,,,其他,,,,0.0,0,0,0,有,無,240000,577,,0.0,0,,RPSNMLMJQHNFFAX47CA,0.0,0.0,0.0,,
馬公市,建物,澎湖縣馬公市民權路８０號,0.0,,,,1070626,土地0建物1車位0,全,四層,透天厝,住商用,鋼筋混凝土造,1010619,179.88,5,1,4,有,無,12000000,66711,,0.0,0,,RPQNMLKKPHNFFAX07CA,159.63,20.25,0.0,,
馬公市,土地,風櫃西段1355地號,840.88,,一般農業區,農牧用地,1070507,土地1建物0車位0,,,其他,,,,0.0,0,0,0,有,無,12950000,15401,,0.0,0,,RPRNMLMLPHNFFAX47CA,0.0,0.0,0.0,,
湖西鄉,房地(土地+建物),澎湖縣湖西鄉港底３３０號,253.29,,一般農業區,甲種建築用地,1070615,土地1建物1車位0,全,三層,透天厝,住家用,鋼筋混凝土造,1070124,317.14,7,2,7,有,無,9500000,29955,,0.0,0,,RPVNMLNLPHNFFAX97CA,303.69,13.45,0.0,,
馬公市,土地,北極段60地號,537.73,住,,,1070531,土地5建物0車位0,,,其他,,,,0.0,0,0,0,有,無,12357600,22981,,0.0,0,,RPRNMLLKPHNFFAX27CA,0.0,0.0,0.0,,
湖西鄉,土地,龍門南段925-1地號,1171.03,,一般農業區,農牧用地,1070620,土地1建物0車位0,,,其他,,,,0.0,0,0,0,有,有,500000,427,,0.0,0,親友、員工或其他特殊關係間之交易。；急買急賣。；,RPPNMLLKPHNFFAX07CA,0.0,0.0,0.0,,
馬公市,土地,虎井段1337-1地號,34.0,,鄉村區,乙種建築用地,1070617,土地2建物0車位0,,,其他,,,,0.0,0,0,0,有,無,300000,8824,,0.0,0,親友、員工或其他特殊關係間之交易。；,RPQNMLRKPHNFFAX77CA,0.0,0.0,0.0,,
湖西鄉,土地,湖西北段618地號,664.9,,一般農業區,農牧用地,1070424,土地1建物0車位0,,,其他,,,,0.0,0,0,0,有,無,997360,1500,,0.0,0,向政府機關承購之案件。；逾期未辦繼承的標購案,RPQNMLQJPHNFFAX57CA,0.0,0.0,0.0,,
馬公市,土地,光華段290地號,1165.1,,一般農業區,農牧用地,1070614,土地1建物0車位0,,,其他,,,,0.0,0,0,0,有,無,1733333,1488,,0.0,0,向政府機關承購之案件。；,RPSNMLTJPHNFFAX08CA,0.0,0.0,0.0,,
湖西鄉,土地,湖西南段1482地號,480.07,,一般農業區,農牧用地,1070424,土地1建物0車位0,,,其他,,,,0.0,0,0,0,有,無,610000,1271,,0.0,0,向政府機關承購之案件。；,RPPNMLNKPHNFFAX37DA,0.0,0.0,0.0,,
望安鄉,土地,水垵段1133地號,170.0,,一般農業區,農牧用地,1070606,土地1建物0車位0,,,其他,,,,0.0,0,0,0,有,無,160112,942,,0.0,0,逾期未辦繼承標售案件,RPRNMLKKPHNFFAX27DA,0.0,0.0,0.0,,
馬公市,土地,五德東段18地號,179.44,農,,,1070615,土地4建物0車位0,,,其他,,,,0.0,0,0,0,有,無,688888,3839,,0.0,0,向政府機關標售之案件。,RPPNMLTJPHNFFAX97EA,0.0,0.0,0.0,,
馬公市,房地(土地+建物),澎湖縣馬公市林森路100巷26號,86.19,住,,,1070619,土地1建物1車位0,全,二層,透天厝,住家用,鋼筋混凝土加強磚造,0770213,122.29,3,3,2,有,無,5600000,45793,,0.0,0,土地、建物登記不同人,RPRNMLKLPHNFFAX37DA,122.29,0.0,0.0,,
馬公市,土地,井垵西段577-1地號,20.88,,一般農業區,水利用地,1070620,土地1建物0車位0,,,其他,,,,0.0,0,0,0,有,無,164952,7900,,0.0,0,向政府機關承購之案件。；,RPVNMLKKPHNFFAX77EA,0.0,0.0,0.0,,
馬公市,房地(土地+建物),澎湖縣馬公市永和街３２巷８號,70.73,住,,,1070424,土地1建物1車位0,全,二層,透天厝,住家用,鋼筋混凝土加強磚造,0671122,85.6,5,1,2,有,無,6000000,70093,,0.0,0,,RPPNMLKKPHNFFAX96CA,85.6,0.0,0.0,,
馬公市,房地(土地+建物),澎湖縣馬公市三多路１４６巷１５弄３號,61.43,住,,,1070430,土地1建物1車位0,全,二層,透天厝,住家用,鋼筋混凝土加強磚造,0680305,77.3,3,1,1,有,無,3600000,46572,,0.0,0,親友、員工或其他特殊關係間之交易。；,RPSNMLKKPHNFFAX27CA,77.3,0.0,0.0,,
馬公市,土地,鐵線段524地號,605.72,,一般農業區,農牧用地,1070626,土地1建物0車位0,,,其他,,,,0.0,0,0,0,有,無,20330000,33563,,0.0,0,權利人數：3人變更起造人，含未來興建房屋之費用,RPTNMLKKPHNFFAX37CA,0.0,0.0,0.0,,
馬公市,房地(土地+建物),澎湖縣馬公市鎖管港８５之５號,153.77,住,,,1070624,土地1建物1車位0,全,四層,透天厝,住家用,鋼筋混凝土造,1060508,351.12,8,2,8,有,無,11500000,32752,,0.0,0,,RPPNMLQKPHNFFAX57CA,329.52,21.6,0.0,,
馬公市,房地(土地+建物),澎湖縣馬公市五福路８６之１５號,83.64,,一般農業區,甲種建築用地,1070530,土地1建物1車位0,全,三層,透天厝,住家用,鋼筋混凝土造,0870602,184.82,4,2,3,有,無,6000000,32464,,0.0,0,,RPPNMLPLPHNFFAX57CA,177.74,7.08,0.0,,
馬公市,房地(土地+建物),澎湖縣馬公市西衛４７１號,206.67,,一般農業區,甲種建築用地,1070612,土地1建物1車位0,全,三層,透天厝,住家用,鋼筋混凝土造,1070328,255.46,5,2,5,有,無,8660000,33900,,0.0,0,,RPQNMLLKPHNFFAX17CA,241.48,13.98,0.0,,
馬公市,土地,鐵線段1057地號,443.12,,一般農業區,農牧用地,1070420,土地1建物0車位0,,,其他,,,,0.0,0,0,0,有,無,1200000,2708,,0.0,0,親友、員工或其他特殊關係間之交易。；姨丈姪女關係,RPTNMLRKPHNFFAX18DA,0.0,0.0,0.0,,
七美鄉,土地,七美二段434-1地號,233.26,,一般農業區,甲種建築用地,1070626,土地1建物0車位0,,,其他,,,,0.0,0,0,0,有,無,500000,2144,,0.0,0,,RPPNMLLMPHNFFAX27CA,0.0,0.0,0.0,,
白沙鄉,土地,講美段1690地號,310.2,,一般農業區,農牧用地,1070604,土地1建物0車位0,,,其他,,,,0.0,0,0,0,有,無,434280,1400,,0.0,0,向政府機關承購之案件。；,RPRNMLRKPHNFFAX97DA,0.0,0.0,0.0,,
馬公市,房地(土地+建物)+車位,澎湖縣馬公市林森路１０４巷９號七樓,29.2,住,,,1070611,土地1建物1車位1,七層,七層,華廈(10層含以下有電梯),住家用,鋼筋混凝土造,0821105,153.51,3,2,2,有,無,5000000,32571,坡道平面,0.0,0,,RPTNMLQLPHNFFAX08CA,102.8,15.86,0.0,,
馬公市,房地(土地+建物),澎湖縣馬公市烏崁３７號,190.97,,鄉村區,乙種建築用地,1070628,土地1建物1車位0,全,二層,透天厝,住家用,加強磚造,0821122,137.92,3,1,2,有,無,4500000,32628,,0.0,0,,RPWNMLRKPHNFFAX38CA,134.45,3.47,0.0,,
湖西鄉,房地(土地+建物),澎湖縣湖西鄉大城北３３號,254.66,,鄉村區,乙種建築用地,1070614,土地1建物1車位0,全,一層,透天厝,住家用,加強磚造,0770304,40.92,3,1,1,有,無,1080000,26393,,0.0,0,親友、員工或其他特殊關係間之交易。；,RPRNMLPKPHNFFAX67CA,40.92,0.0,0.0,,
馬公市,土地,案山段49地號,126.77,其他,,,1070627,土地2建物0車位0,,,其他,,,,0.0,0,0,0,有,無,2500000,19721,,0.0,0,包含公共設施保留地之交易。；,RPXNMLRKPHNFFAX48CA,0.0,0.0,0.0,,
馬公市,土地,鎖港南段1532地號,495.2,,一般農業區,農牧用地,1070706,土地1建物0車位0,,,其他,,,,0.0,0,0,0,有,無,400000,808,,0.0,0,,RPOOMLRKPHNFFAX67CA,0.0,0.0,0.0,,
馬公市,土地,文澳段2277地號,255.0,住,,,1070521,土地2建物0車位0,,,其他,,,,0.0,0,0,0,有,無,13880000,54431,,0.0,0,,RPSNMLRKPHNFFAX97CA,0.0,0.0,0.0,,
湖西鄉,土地,東石新段118地號,1140.35,,一般農業區,農牧用地,1070703,土地1建物0車位0,,,其他,,,,0.0,0,0,0,有,無,2414000,2117,,0.0,0,,RPQNMLPLPHNFFAX67CA,0.0,0.0,0.0,,
馬公市,土地,文東段779地號,96.38,,鄉村區,乙種建築用地,1070704,土地1建物0車位0,,,其他,,,,0.0,0,0,0,有,無,750000,7782,,0.0,0,,RPRNMLPLPHNFFAX77CA,0.0,0.0,0.0,,
馬公市,房地(土地+建物),澎湖縣馬公市西衛８之３號,85.17,,鄉村區,乙種建築用地,1070529,土地1建物1車位0,全,五層,透天厝,住家用,鋼筋混凝土造,0850425,175.06,5,1,3,有,無,6800000,38844,,0.0,0,,RPPNMLTKPHNFFAX87CA,175.06,0.0,0.0,,
馬公市,房地(土地+建物),澎湖縣馬公市珠江１５２之５６號,155.52,,鄉村區,乙種建築用地,1070606,土地2建物1車位0,全,三層,透天厝,住家用,鋼筋混凝土造,1041029,216.64,5,2,6,有,無,9500000,43852,,0.0,0,,RPQNMLTKPHNFFAX97CA,203.86,12.78,0.0,,
西嶼鄉,土地,外垵二段724地號,530.25,,一般農業區,農牧用地,1070608,土地1建物0車位0,,,其他,,,,0.0,0,0,0,有,無,3200000,6035,,0.0,0,,RPSNMLKLPHNFFAX37CA,0.0,0.0,0.0,,
馬公市,土地,四維段1107地號,1154.58,,一般農業區,農牧用地,1070605,土地1建物0車位0,,,其他,,,,0.0,0,0,0,有,無,10128500,8772,,0.0,0,,RPQOMLRKPHNFFAX97DA,0.0,0.0,0.0,,
馬公市,土地,馬公段1075-9地號,3.0,商,,,1070704,土地1建物0車位0,,,其他,,,,0.0,0,0,0,有,無,297000,99000,,0.0,0,向政府機關承購之案件。；,RPPNMLQJQHNFFAX67DA,0.0,0.0,0.0,,
馬公市,房地(土地+建物),澎湖縣馬公市後窟潭６之５１號,325.4,,一般農業區,甲種建築用地,1070619,土地3建物1車位0,全,三層,透天厝,住家用,鋼筋混凝土造,1060822,357.62,7,2,7,有,無,12000000,33555,,0.0,0,,RPRNMLOKQHNFFAX67CA,343.21,14.41,0.0,,
馬公市,建物,澎湖縣馬公市大案山２之５０號,0.0,,,,1050503,土地0建物1車位0,一層，二層,二層,工廠,工業用,鋼骨造,0910802,600.31,6,1,1,有,無,10000000,,,0.0,0,包含103年3月17日澎府財產字第103700974號函土地租賃權利承租權換約予買方,RPXNMLKMPHNFFAX97CA,591.11,9.2,0.0,,
馬公市,土地,六合段364地號,250.07,,一般農業區,農牧用地,1070710,土地1建物0車位0,,,其他,,,,0.0,0,0,0,有,無,3780000,15116,,0.0,0,,RPTNMLNLPHNFFAX77CA,0.0,0.0,0.0,,
馬公市,土地,海堤段907地號,561.82,住,,,1070608,土地2建物0車位0,,,其他,,,,0.0,0,0,0,有,無,7140000,12709,,0.0,0,,RPPNMLKLPHNFFAX07CA,0.0,0.0,0.0,,
湖西鄉,土地,南寮北段770地號,834.69,,鄉村區,乙種建築用地,1070620,土地1建物0車位0,,,其他,,,,0.0,0,0,0,有,無,2250000,2696,,0.0,0,,RPPNMLNLPHNFFAX37CA,0.0,0.0,0.0,,
馬公市,房地(土地+建物),澎湖縣馬公市五福路６１巷４弄２號,85.66,,鄉村區,乙種建築用地,1070625,土地1建物1車位0,全,三層,透天厝,住家用,鋼筋混凝土加強磚造,0690405,117.2,4,2,2,有,無,3160000,26962,,0.0,0,,RPPNMLQLPHNFFAX67CA,117.2,0.0,0.0,,
馬公市,土地,興仁段1068地號,1517.52,,一般農業區,農牧用地,1070707,土地1建物0車位0,,,其他,,,,0.0,0,0,0,有,無,2300000,1516,,0.0,0,,RPPOMLRKPHNFFAX77CA,0.0,0.0,0.0,,
馬公市,房地(土地+建物),澎湖縣馬公市石泉１之２５４號,64.23,,一般農業區,甲種建築用地,1070629,土地1建物1車位0,全,二層,透天厝,住家用,鋼筋混凝土加強磚造,0791201,82.4,3,1,2,有,無,3220000,39078,,0.0,0,,RPRNMLTKPHNFFAX08CA,82.4,0.0,0.0,,
望安鄉,房地(土地+建物),澎湖縣望安鄉望安５５號,108.5,,鄉村區,乙種建築用地,1070704,土地2建物1車位0,全,一層,透天厝,住家用,造,0240101,12.74,2,1,1,有,無,450000,35322,,0.0,0,,RPTNMLQJQHNFFAX97CA,12.73,0.0,0.0,,
馬公市,土地,許家段1321地號,3125.78,,一般農業區,農牧用地,1070703,土地16建物0車位0,,,其他,,,,0.0,0,0,0,有,無,10000000,3199,,0.0,0,,RPVNMLKKQHNFFAX67CA,0.0,0.0,0.0,,
馬公市,土地,中山段14地號,1030.84,,一般農業區,農牧用地,1070614,土地1建物0車位0,,,其他,,,,0.0,0,0,0,有,無,27880000,27046,,0.0,0,變更起造人，含未來興建房屋之費用權利人數：3人,RPQOMLKMPHNFFAX37CA,0.0,0.0,0.0,,
馬公市,房地(土地+建物),澎湖縣馬公市文山路１４６號,101.46,住,,,1070606,土地1建物1車位0,全,三層,透天厝,住商用,鋼筋混凝土造,0790604,290.84,7,2,6,有,無,10280000,35346,,0.0,0,,RPSNMLMLPHNFFAX57CA,290.84,0.0,0.0,,
西嶼鄉,土地,赤馬二段405地號,548.12,,一般農業區,農牧用地,1070705,土地1建物0車位0,,,其他,,,,0.0,0,0,0,有,無,660000,1204,,0.0,0,親友、員工或其他特殊關係間之交易。；,RPSNMLPLPHNFFAX87CA,0.0,0.0,0.0,,
七美鄉,土地,大嶼段3855-2地號,156.0,,鄉村區,乙種建築用地,1070708,土地1建物0車位0,,,其他,,,,0.0,0,0,0,有,無,760000,4872,,0.0,0,親友、員工或其他特殊關係間之交易。；買賣價款含未保存建物一棟門牌:澎湖縣七美鄉三塊厝28之1號,RPPNMLTJQHNFFAX87CA,0.0,0.0,0.0,,
白沙鄉,房地(土地+建物),澎湖縣白沙鄉岐頭2號,99.5,,鄉村區,乙種建築用地,1070715,土地1建物1車位0,全,一層,透天厝,,,0170101,53.72,1,1,1,有,無,500000,9308,,0.0,0,親友、員工或其他特殊關係間之交易。；,RPSNMLQJQHNFFAX97DA,53.72,0.0,0.0,,
馬公市,房地(土地+建物),澎湖縣馬公市石泉2之57號,115.96,,一般農業區,甲種建築用地,1070626,土地1建物1車位0,全,四層,透天厝,住家用,鋼筋混凝土造,1070515,282.63,6,2,7,有,無,13000000,45997,,0.0,0,,RPQNMLRLPHNFFAX97DA,260.22,22.41,0.0,,
馬公市,房地(土地+建物),澎湖縣馬公市石泉2之56號,115.73,,一般農業區,甲種建築用地,1070626,土地1建物1車位0,全,四層,透天厝,住家用,鋼筋混凝土造,1070515,280.44,7,2,7,有,無,13000000,46356,,0.0,0,,RPRNMLRLPHNFFAX08DA,258.14,22.3,0.0,,
馬公市,房地(土地+建物),澎湖縣馬公市貿商街１２１號二樓之二,9.45,住,,,1070529,土地2建物1車位0,二層,七層,華廈(10層含以下有電梯),集合住宅,鋼筋混凝土造,0950710,57.660000000000004,3,2,2,有,有,1300000,22550,,0.0,0,親友、員工或其他特殊關係間之交易。；,RPQNMLKKRHNFFAX27CA,31.9,0.0,3.41,,
馬公市,土地,埕東段193地號,62.16,其他,,,1070720,土地1建物0車位0,,,其他,,,,0.0,0,0,0,有,無,3232320,52000,,0.0,0,協議價購都市計畫道路用地,RPRNMLQLPHNFFAX87CA,0.0,0.0,0.0,,
西嶼鄉,土地,池東段3203地號,1123.17,,一般農業區,農牧用地,1070717,土地3建物0車位0,,,其他,,,,0.0,0,0,0,有,無,850000,757,,0.0,0,,RPSNMLQLPHNFFAX97CA,0.0,0.0,0.0,,
白沙鄉,土地,中屯新段390地號,221.54,,一般農業區,農牧用地,1070611,土地2建物0車位0,,,其他,,,,0.0,0,0,0,有,無,600000,2708,,0.0,0,親友、員工或其他特殊關係間之交易。；,RPPNMLKMPHNFFAX17CA,0.0,0.0,0.0,,
湖西鄉,土地,成功南段411地號,531.04,,一般農業區,農牧用地,1070504,土地1建物0車位0,,,其他,,,,0.0,0,0,0,有,無,5130000,9660,,0.0,0,,RPSNMLKMPHNFFAX47CA,0.0,0.0,0.0,,
馬公市,房地(土地+建物),澎湖縣馬公市文山路２７巷８號三樓之２,22.39,住,,,1070710,土地1建物1車位0,三層,十層,華廈(10層含以下有電梯),集合住宅,鋼筋混凝土造,1060328,93.82,2,2,1,有,有,3900000,41569,,0.0,0,親友、員工或其他特殊關係間之交易。；權利人等2人。,RPUNMLKMPHNFFAX67CA,56.72,9.41,0.0,,
白沙鄉,土地,鎮海新段663地號,661.07,,一般農業區,農牧用地,1070615,土地2建物0車位0,,,其他,,,,0.0,0,0,0,有,無,3700000,5597,,0.0,0,,RPVNMLKMPHNFFAX77CA,0.0,0.0,0.0,,
馬公市,房地(土地+建物),澎湖縣馬公市民裕街３６巷１６號二樓,50.43,住,,,1070713,土地1建物1車位0,二層,五層,公寓(5樓含以下無電梯),集合住宅,鋼筋混凝土造,0840119,105.10999999999999,3,2,2,有,無,0,0,,0.0,0,親友、員工或其他特殊關係間之交易。；,RPWNMLKMPHNFFAX87CA,0.0,0.0,0.0,,
望安鄉,土地,花宅段2121地號,132.0,,鄉村區,乙種建築用地,1070521,土地2建物0車位0,,,其他,,,,0.0,0,0,0,有,無,211200,1600,,0.0,0,,RPPNMLPKQHNFFAX57CA,0.0,0.0,0.0,,
馬公市,土地,鎖港南段526地號,130.73,住,,,1070713,土地1建物0車位0,,,其他,,,,0.0,0,0,0,有,無,1900000,14534,,0.0,0,,RPOOMLKMPHNFFAX27DA,0.0,0.0,0.0,,
白沙鄉,房地(土地+建物),澎湖縣白沙鄉瓦硐村６９號,334.12,,鄉村區,乙種建築用地,1070712,土地2建物1車位0,全,一層,透天厝,住家用,造,0070101,104.13,0,0,0,無,無,910000,8739,,0.0,0,,RPPOMLKMPHNFFAX27CA,104.13,0.0,0.0,,
馬公市,土地,文寮段1348-1地號,6.38,,鄉村區,水利用地,1070613,土地1建物0車位0,,,其他,,,,0.0,0,0,0,有,無,124219,19470,,0.0,0,向政府機關承購之案件。；,RPQNMLKMPHNFFAX27CA,0.0,0.0,0.0,,
馬公市,土地,文東段494-1地號,490.0,,一般農業區,農牧用地,1061024,土地1建物0車位0,,,其他,,,,0.0,0,0,0,有,無,8500000,17347,,0.0,0,,RPRNMLKMPHNFFAX37CA,0.0,0.0,0.0,,
湖西鄉,土地,成功南段1240-1地號,1470.1,,一般農業區,農牧用地,1070713,土地3建物0車位0,,,其他,,,,0.0,0,0,0,有,無,1778000,1209,,0.0,0,,RPTNMLLMPHNFFAX67CA,0.0,0.0,0.0,,
馬公市,房地(土地+建物),澎湖縣馬公市文學路３３０巷１６號,378.35,住,,,1070717,土地1建物1車位0,一層,五層,華廈(10層含以下有電梯),商業用,鋼筋混凝土造,0990208,90.16,0,0,0,無,無,35296827,391491,,0.0,0,土地價格為持分全部總價未分別標價即土地含標的1、2、3、4、5、6的價格,RPRNMLRKQHNFFAX97CA,69.82,0.0,0.0,,
馬公市,建物,澎湖縣馬公市文學路３３０巷１６號二樓,0.0,,,,1070717,土地0建物1車位0,二層,五層,華廈(10層含以下有電梯),住家用,鋼筋混凝土造,0990208,274.09,3,2,4,有,無,8653929,31573,,0.0,0,土地價格記載於標的1,SPRNMLRKQHNFFAX08CA,196.3,0.0,21.14,,
馬公市,建物,澎湖縣馬公市文學路３３０巷１６號三樓,0.0,,,,1070717,土地0建物1車位0,三層,五層,華廈(10層含以下有電梯),住家用,鋼筋混凝土造,0990208,274.09,3,2,4,有,無,8653929,31573,,0.0,0,土地價格記載於標的1,TPRNMLRKQHNFFAX18CA,196.3,0.0,21.14,,
馬公市,建物,澎湖縣馬公市文學路３３０巷１６號五樓,0.0,,,,1070717,土地0建物1車位0,五層,五層,華廈(10層含以下有電梯),梯廳,鋼筋混凝土造,0990208,47.370000000000005,2,1,1,有,無,1370992,28942,,0.0,0,土地價格記載於標的1,UPRNMLRKQHNFFAX28CA,22.02,0.0,0.0,,
馬公市,建物,澎湖縣馬公市文學路３３０巷１６號四樓,0.0,,,,1070717,土地0建物1車位0,四層,五層,華廈(10層含以下有電梯),住家用,鋼筋混凝土造,0990208,274.09,3,2,4,有,無,8653929,31573,,0.0,0,土地價格記載於標的1,VPRNMLRKQHNFFAX38CA,196.3,0.0,21.14,,
馬公市,建物,澎湖縣馬公市文學路３３０巷１８號,0.0,,,,1070717,土地0建物1車位0,一層,五層,華廈(10層含以下有電梯),商業用,鋼筋混凝土造,0990208,116.88999999999999,0,0,0,無,無,3770394,32256,,0.0,0,土地價格記載於標的1,WPRNMLRKQHNFFAX48CA,97.21,0.0,5.5,,
馬公市,土地,光榮段264-1地號,0.46,住,,,1070719,土地1建物0車位0,,,其他,,,,0.0,0,0,0,有,無,29072,0,,0.0,0,向政府機關承購之案件。；,RPPNMLTKQHNFFAX97CA,0.0,0.0,0.0,,
西嶼鄉,房地(土地+建物),澎湖縣西嶼鄉竹篙灣１４３號,157.34,,鄉村區,乙種建築用地,1070723,土地2建物1車位0,全,一層,透天厝,住家用,造,0270101,68.86,2,1,1,有,無,376000,5460,,0.0,0,親友、員工或其他特殊關係間之交易。；,RPSNMLNKNHOFFAX47CA,63.82,5.04,0.0,,
馬公市,土地,四維段584地號,1374.55,,一般農業區,農牧用地,1070723,土地1建物0車位0,,,其他,,,,0.0,0,0,0,有,無,19550000,14223,,0.0,0,,RPTNMLLLQHNFFAX67CA,0.0,0.0,0.0,,
馬公市,土地,光榮段267-1地號,22.6,住,,,1070716,土地1建物0車位0,,,其他,,,,0.0,0,0,0,有,無,1339954,59290,,0.0,0,畸零地或有合併使用之交易。；向政府機關承購之案件。；,RPPNMLQLQHNFFAX77CA,0.0,0.0,0.0,,
馬公市,房地(土地+建物),澎湖縣馬公市四維路37之2號,88.71,住,,,1070704,土地1建物1車位0,全,三層,透天厝,住家用,加強磚造、鋼筋混凝土,0800222,174.01,4,2,3,有,無,5160000,29653,,0.0,0,親友、員工或其他特殊關係間之交易。；,RPSNMLLMPHNFFAX67DA,174.01,0.0,0.0,,
馬公市,房地(土地+建物),澎湖縣馬公市鎖管港80之5號,115.86,住,,,1070624,土地1建物1車位0,全,四層,透天厝,住家用,鋼筋混凝土造,1060508,273.4,5,2,6,有,無,9800000,35845,,0.0,0,土地建物分次登記案件,RPQNMLTLQHNFFAX28DA,253.56,19.84,0.0,,
湖西鄉,土地,太武新段91地號,386.74,,一般農業區,農牧用地,1070725,土地3建物0車位0,,,其他,,,,0.0,0,0,0,有,無,680000,1758,,0.0,0,,RPTNMLNKQHNFFAX77CA,0.0,0.0,0.0,,
馬公市,土地,六合段704地號,1472.44,農,,,1070705,土地1建物0車位0,,,其他,,,,0.0,0,0,0,有,無,22400000,15213,,0.0,0,,RPPNMLRJQHNFFAX67CA,0.0,0.0,0.0,,
白沙鄉,土地,港子段1702地號,500.0,,一般農業區,農牧用地,1070709,土地1建物0車位0,,,其他,,,,0.0,0,0,0,有,無,416000,832,,0.0,0,標售逾期未辦繼承案件,RPPNMLLJQHNFFAX07CA,0.0,0.0,0.0,,
白沙鄉,土地,中屯新段1130地號,601.48,,一般農業區,農牧用地,1070621,土地1建物0車位0,,,其他,,,,0.0,0,0,0,有,無,680000,1131,,0.0,0,向政府機關承購之案件。；,RPRNMLQKQHNFFAX97DA,0.0,0.0,0.0,,
馬公市,土地,中衛段156地號,143.35,,一般農業區,農牧用地,1070727,土地1建物0車位0,,,其他,,,,0.0,0,0,0,有,無,500000,3488,,0.0,0,,RPQNMLQJQHNFFAX77DA,0.0,0.0,0.0,,
湖西鄉,土地,城北段951地號,972.95,,一般農業區,農牧用地,1070626,土地1建物0車位0,,,其他,,,,0.0,0,0,0,有,無,3150000,3238,,0.0,0,,RPTNMLNJQHNFFAX67CA,0.0,0.0,0.0,,
馬公市,土地,興崁段1073地號,2320.07,,一般農業區,農牧用地,1070724,土地1建物0車位0,,,其他,,,,0.0,0,0,0,有,無,73490000,31676,,0.0,0,權利人數：9人變更起造人，含未來興建房屋之費用,RPUNMLNKQHNFFAX87CA,0.0,0.0,0.0,,
馬公市,土地,雙湖段79-1地號,280.22,,一般農業區,農牧用地,1070607,土地1建物0車位0,,,其他,,,,0.0,0,0,0,有,無,4220000,15060,,0.0,0,親友、員工或其他特殊關係間之交易。；,RPRNMLKKQHNFFAX27CA,0.0,0.0,0.0,,
白沙鄉,土地,赤崁中段985地號,524.01,,一般農業區,農牧用地,1070712,土地1建物0車位0,,,其他,,,,0.0,0,0,0,有,無,470999,899,,0.0,0,向政府機關承購之案件。；,RPQNMLQKQHNFFAX87DA,0.0,0.0,0.0,,
馬公市,房地(土地+建物),澎湖縣馬公市貿商街１２０號八樓之一,28.82,住,,,1070718,土地2建物1車位0,八層,十層,華廈(10層含以下有電梯),集合住宅,鋼筋混凝土造,0950710,802.87,3,2,2,有,無,5100000,6352,,0.0,0,,RPOOMLNKNHOFFAX37EA,97.71,0.0,9.92,,
馬公市,土地,馬公段73-28地號,82.0,其他,,,1070806,土地1建物0車位0,,,其他,,,,0.0,0,0,0,有,無,4756000,58000,,0.0,0,協議價購道路用地,RPPNMLSJQHNFFAX77CA,0.0,0.0,0.0,,
馬公市,房地(土地+建物),澎湖縣馬公市臨海路１０號之５,67.0,商,,,1070710,土地1建物1車位0,全,二層,透天厝,,,,101.78,2,1,1,有,無,17000000,167027,,0.0,0,,RPQNMLSJQHNFFAX87CA,101.78,0.0,0.0,,
馬公市,土地,文光段414地號,26.93,其他,,,1070806,土地2建物0車位0,,,其他,,,,0.0,0,0,0,有,無,1368044,50800,,0.0,0,協議價購道路用地,RPRNMLSJQHNFFAX97CA,0.0,0.0,0.0,,
馬公市,土地,五福段339地號,10.0,,鄉村區,乙種建築用地,1070802,土地1建物0車位0,,,其他,,,,0.0,0,0,0,有,無,165000,16500,,0.0,0,親友、員工或其他特殊關係間之交易。；,RPQNMLKKQHNFFAX17CA,0.0,0.0,0.0,,
馬公市,房地(土地+建物),澎湖縣馬公市五福路７８巷２３弄１３號,226.21,,一般農業區,甲種建築用地,1070615,土地2建物1車位0,全,三層,透天厝,住家用,鋼筋混凝土造,1070202,321.63,10,1,10,有,無,12000000,37310,,0.0,0,,RPQNMLTKQHNFFAX08CA,300.07,21.56,0.0,,
白沙鄉,土地,講美段534地號,200.27,,鄉村區,交通用地,1070711,土地2建物0車位0,,,其他,,,,0.0,0,0,0,有,無,1914582,9560,,0.0,0,向政府機關承購之案件。；,RPPNMLKKQHNFFAX17DA,0.0,0.0,0.0,,
白沙鄉,土地,通梁南段1026-2地號,20.43,住,,,1070719,土地1建物0車位0,,,其他,,,,0.0,0,0,0,有,無,213085,10430,,0.0,0,畸零地或有合併使用之交易。；向政府機關承購之案件。；,RPWNMLKKQHNFFAX87DA,0.0,0.0,0.0,,
馬公市,土地,文寮段332地號,525.53,,一般農業區,農牧用地,1070712,土地1建物0車位0,,,其他,,,,0.0,0,0,0,有,無,5360000,10199,,0.0,0,,RPRNMLNKQHNFFAX67DA,0.0,0.0,0.0,,
湖西鄉,土地,湖東新段458地號,611.52,,一般農業區,農牧用地,1070711,土地2建物0車位0,,,其他,,,,0.0,0,0,0,有,無,2000000,3271,,0.0,0,,RPSNMLKKQHNFFAX47DA,0.0,0.0,0.0,,
馬公市,土地,興崁段793-4地號,247.87,,一般農業區,甲種建築用地,1070726,土地2建物0車位0,,,其他,,,,0.0,0,0,0,有,無,5300000,21382,,0.0,0,農變建專案核准變更起造人,RPPNMLMKQHNFFAX27CA,0.0,0.0,0.0,,
湖西鄉,土地,青螺新段645地號,553.92,,一般農業區,農牧用地,1070802,土地1建物0車位0,,,其他,,,,0.0,0,0,0,有,無,800000,1444,,0.0,0,,RPPNMLNKQHNFFAX37CA,0.0,0.0,0.0,,
馬公市,土地,中衛段1636地號,2958.63,,一般農業區,農牧用地,1070622,土地2建物0車位0,,,其他,,,,0.0,0,0,0,有,無,20000000,6760,,0.0,0,,RPSNMLNKQHNFFAX67CA,0.0,0.0,0.0,,
馬公市,土地,東衛段958地號,137.46,,鄉村區,乙種建築用地,1070806,土地1建物0車位0,,,其他,,,,0.0,0,0,0,有,無,1330000,9676,,0.0,0,,RPUNMLKKQHNFFAX57CA,0.0,0.0,0.0,,
湖西鄉,土地,尖山北段404地號,2489.74,,一般農業區,農牧用地,1070719,土地2建物0車位0,,,其他,,,,0.0,0,0,0,有,無,3930000,1578,,0.0,0,,RPQNMLKMQHNFFAX37CA,0.0,0.0,0.0,,
湖西鄉,土地,葉新段1946地號,2177.09,,一般農業區,農牧用地,1070720,土地1建物0車位0,,,其他,,,,0.0,0,0,0,有,無,4610000,2118,,0.0,0,,RPRNMLOLQHNFFAX77CA,0.0,0.0,0.0,,
七美鄉,土地,大嶼段5488-1地號,500.0,,一般農業區,農牧用地,1070717,土地2建物0車位0,,,其他,,,,0.0,0,0,0,有,無,1058750,2118,,0.0,0,,RPTNMLOLQHNFFAX97CA,0.0,0.0,0.0,,
馬公市,土地,四維段1188地號,452.96,,一般農業區,農牧用地,1070802,土地1建物0車位0,,,其他,,,,0.0,0,0,0,有,無,5000000,11039,,0.0,0,,RPSNMLOKQHNFFAX77CA,0.0,0.0,0.0,,
馬公市,土地,五福段891-1地號,582.26,,一般農業區,農牧用地,1070727,土地1建物0車位0,,,其他,,,,0.0,0,0,0,有,無,31144000,53488,,0.0,0,權利人數：3人農變建變更起造人，含未來興建房屋之費用,RPOOMLKMQHNFFAX27CA,0.0,0.0,0.0,,
馬公市,房地(土地+建物),澎湖縣馬公市文明路1391號,139.65,住,,,1070802,土地1建物1車位0,全,四層,透天厝,住家用,鋼筋混凝土造,1061221,349.76,5,3,6,有,無,19800000,56610,,0.0,0,土地建物分次登記案件,RPPNMLQJRHNFFAX67CA,321.39,28.37,0.0,,
馬公市,建物,澎湖縣馬公市文明路１３９之１號,0.0,,,,1070802,土地0建物1車位0,全,四層,透天厝,住家用,鋼筋混凝土造,1061221,349.76,5,3,6,有,無,0,0,,0.0,0,土地建物分次登記案件前案土地登記收件字號:035670號,RPQNMLQJRHNFFAX77CA,0.0,0.0,0.0,,
馬公市,房地(土地+建物),澎湖縣馬公市民裕街３６巷３２號五樓,60.65,住,,,1070730,土地1建物1車位0,五層,五層,公寓(5樓含以下無電梯),集合住宅,鋼筋混凝土造,0840119,123.85999999999999,3,1,2,有,無,3300000,26643,,0.0,0,,RPVNMLOKNHOFFAX87CA,101.07,9.75,0.0,,
馬公市,土地,鐵線段966地號,106.19,,鄉村區,乙種建築用地,1070413,土地1建物0車位0,,,其他,,,,0.0,0,0,0,有,無,530950,5000,,0.0,0,逾期未辦繼承土地之標購案,RPPNMLOKQHNFFAX47CA,0.0,0.0,0.0,,
馬公市,土地,安宅段954地號,576.06,,一般農業區,農牧用地,1070703,土地2建物0車位0,,,其他,,,,0.0,0,0,0,有,無,6620000,11492,,0.0,0,,RPQNMLOKQHNFFAX57CA,0.0,0.0,0.0,,
