﻿編號,土地位置,土地移轉面積(平方公尺),使用分區或編定,權利人持分分母,權利人持分分子,移轉情形,地號
The serial number, land position,land shifting area square meter,the use zoning or compiles and checks,,,,land parcel
RPPNMLMKNHNFFAX96CA,文石段,10.69,非都市：一般農業區 ; 非都市編定：交通用地,1,1,全筆移轉,05330000
RPPNMLMKNHNFFAX96CA,文石段,297.32,非都市：一般農業區 ; 非都市編定：甲種建築用地,1,1,全筆移轉,05320000
RPQNMLQKNHNFFAX47CA,鎖港南段,713.13,非都市：一般農業區 ; 非都市編定：農牧用地,1,1,全筆移轉,01720000
RPPNMLSKNHNFFAX57CA,龍門南段,47.69,非都市：鄉村區 ; 非都市編定：乙種建築用地,4,1,持分移轉,02380000
RPPNMLPLNHNFFAX37CA,沙港東段,655.26,非都市：一般農業區 ; 非都市編定：農牧用地,1,1,全筆移轉,01300000
RPRNMLQKNHNFFAX57CA,埕西段,73.74,非都市： ; 非都市編定：,1,1,全筆移轉,01700000
RPSNMLSKNHNFFAX97DA,赤崁中段,213.79,非都市：一般農業區 ; 非都市編定：甲種建築用地,1,1,全筆移轉,07980003
RPSNMLSKNHNFFAX97DA,赤崁中段,87.39,非都市：一般農業區 ; 非都市編定：交通用地,5,1,持分移轉,07980004
RPVNMLOLNHNFFAX97DA,五福段,188.50,非都市：一般農業區 ; 非都市編定：甲種建築用地,1,1,全筆移轉,09800009
RPVNMLOLNHNFFAX97DA,五福段,35.86,非都市：一般農業區 ; 非都市編定：交通用地,12,1,持分移轉,09800004
RPSNMLQKNHNFFAX77DA,東澳段,26.04,非都市： ; 非都市編定：,10000,164,持分移轉,05940000
RPPNMLRJOHNFFAX57DA,四維段,19.29,非都市：鄉村區 ; 非都市編定：乙種建築用地,1,1,全筆移轉,00990000
RPPNMLRJOHNFFAX57DA,四維段,35.71,非都市：鄉村區 ; 非都市編定：乙種建築用地,1,1,全筆移轉,01000000
RPQNMLMLNHNFFAX27DA,講美段,269.06,非都市：一般農業區 ; 非都市編定：農牧用地,2,1,持分移轉,12790000
RPQNMLMLNHNFFAX27DA,講美段,195.97,非都市：一般農業區 ; 非都市編定：農牧用地,2,1,持分移轉,12800000
RPQNMLMLNHNFFAX27DA,講美段,49.12,非都市：一般農業區 ; 非都市編定：交通用地,2,1,持分移轉,12810000
RPSNMLLLNHNFFAX37DA,北極段,.54,非都市： ; 非都市編定：,1,1,全筆移轉,12250001
RPSNMLLLNHNFFAX37DA,北極段,172.94,非都市： ; 非都市編定：,1,1,全筆移轉,12250002
RPPNMLKLNHNFFAX96DA,北極段,62.76,非都市： ; 非都市編定：,1,1,全筆移轉,12240000
RPVNMLPLNHNFFAX97CA,五福段,167.00,非都市：一般農業區 ; 非都市編定：甲種建築用地,1,1,全筆移轉,09440001
RPVNMLPLNHNFFAX97CA,五福段,24.19,非都市：一般農業區 ; 非都市編定：交通用地,8,1,持分移轉,09440013
RPTNMLQKNHNFFAX77CA,東澳段,26.68,非都市： ; 非都市編定：,10000,168,持分移轉,05940000
RPPNMLMLNHNFFAX17DA,鐵線段,1140.09,非都市：一般農業區 ; 非都市編定：農牧用地,1,1,全筆移轉,10580000
RPPNMLQKNHNFFAX37CA,文東段,281.46,非都市：一般農業區 ; 非都市編定：農牧用地,1,1,全筆移轉,19080000
RPPNMLLLNHNFFAX96CA,井垵西段,713.03,非都市：一般農業區 ; 非都市編定：農牧用地,1,1,全筆移轉,15420000
RPTNMLSKNHNFFAX08DA,海堤段,115.89,非都市： ; 非都市編定：,1,1,全筆移轉,11110000
RPTNMLSKNHNFFAX08DA,海堤段,5.68,非都市： ; 非都市編定：,3,1,持分移轉,11120000
RPTNMLMJOHNFFAX47DA,興仁段,196.59,非都市：一般農業區 ; 非都市編定：農牧用地,1000,79,持分移轉,08320000
RPTNMLMJOHNFFAX47DA,興仁段,196.59,非都市：一般農業區 ; 非都市編定：農牧用地,1000,79,持分移轉,08320000
RPTNMLMJOHNFFAX47DA,興仁段,196.59,非都市：一般農業區 ; 非都市編定：農牧用地,1000,79,持分移轉,08320000
RPTNMLMJOHNFFAX47DA,興仁段,196.59,非都市：一般農業區 ; 非都市編定：農牧用地,1000,79,持分移轉,08320000
RPTNMLMJOHNFFAX47DA,興仁段,196.59,非都市：一般農業區 ; 非都市編定：農牧用地,1000,79,持分移轉,08320000
RPTNMLMJOHNFFAX47DA,興仁段,199.08,非都市：一般農業區 ; 非都市編定：農牧用地,1000,80,持分移轉,08320000
RPRNMLSKNHNFFAX77CA,光榮段,158.18,非都市： ; 非都市編定：,1,1,全筆移轉,06780000
RPUNMLSKNHNFFAX08CA,?裡新段,88.83,非都市：森林區 ; 非都市編定：丙種建築用地,2,1,持分移轉,04910001
RPUNMLSKNHNFFAX08CA,?裡新段,88.83,非都市：森林區 ; 非都市編定：丙種建築用地,2,1,持分移轉,04910001
RPQNMLNLNHNFFAX27CA,後寮南段,684.75,非都市：一般農業區 ; 非都市編定：農牧用地,1,1,全筆移轉,10930000
RPRNMLNLNHNFFAX47DA,潭邊新段,257.83,非都市：鄉村區 ; 非都市編定：乙種建築用地,1,1,全筆移轉,06550000
RPRNMLNLNHNFFAX47DA,潭邊新段,78.00,非都市：鄉村區 ; 非都市編定：乙種建築用地,1,1,全筆移轉,06560000
RPPNMLNLNHNFFAX17CA,西溪新段,430.71,非都市：一般農業區 ; 非都市編定：農牧用地,1,1,全筆移轉,04850000
RPQNMLKMNHNFFAX17DA,北寮新段,120.66,非都市：鄉村區 ; 非都市編定：乙種建築用地,1,1,全筆移轉,00580000
RPRNMLLLNHNFFAX37EA,鎖港西段,108.74,非都市： ; 非都市編定：,1,1,全筆移轉,00930000
RPXNMLPLNHNFFAX18CA,埕東段,49.25,非都市： ; 非都市編定：,6,1,持分移轉,00940001
RPPNMLKMNHNFFAX96CA,林投北段,142.81,非都市：一般農業區 ; 非都市編定：水利用地,1,1,全筆移轉,06550001
RPPNMLOLNHNFFAX27CA,五德東段,1932.07,非都市：一般農業區 ; 非都市編定：農牧用地,1,1,全筆移轉,13480000
RPRNMLOLNHNFFAX47CA,五德西段,299.03,非都市：一般農業區 ; 非都市編定：農牧用地,1,1,全筆移轉,07560000
RPRNMLOLNHNFFAX47CA,五德西段,281.03,非都市：一般農業區 ; 非都市編定：甲種建築用地,1,1,全筆移轉,07550000
RPRNMLOLNHNFFAX47CA,五德西段,258.26,非都市：一般農業區 ; 非都市編定：農牧用地,1,1,全筆移轉,07570000
RPRNMLOLNHNFFAX47CA,五德西段,227.48,非都市：一般農業區 ; 非都市編定：農牧用地,1,1,全筆移轉,07580000
RPPNMLMKOHNFFAX07CA,埕東段,151.44,非都市： ; 非都市編定：,1,1,全筆移轉,02280002
RPQNMLMKOHNFFAX17CA,埕東段,165.29,非都市： ; 非都市編定：,1,1,全筆移轉,02370000
RPWNMLPLNHNFFAX08CA,馬公段,13.11,非都市： ; 非都市編定：,10000,1395,持分移轉,02220007
RPWNMLPLNHNFFAX08CA,馬公段,20.23,非都市： ; 非都市編定：,10000,1395,持分移轉,02230001
RPWNMLPLNHNFFAX08CA,馬公段,4.05,非都市： ; 非都市編定：,10000,1395,持分移轉,02300000
RPUNMLPLNHNFFAX87CA,西澳段,23.33,非都市： ; 非都市編定：,1,1,全筆移轉,10900002
RPUNMLPLNHNFFAX87CA,西澳段,158.63,非都市： ; 非都市編定：,1,1,全筆移轉,10910000
RPUNMLPLNHNFFAX87CA,西澳段,.53,非都市： ; 非都市編定：,1,1,全筆移轉,10910001
RPTNMLPLNHNFFAX77CA,馬公段,27.00,非都市： ; 非都市編定：,1,1,全筆移轉,11200000
RPTNMLPLNHNFFAX77CA,馬公段,11.00,非都市： ; 非都市編定：,1,1,全筆移轉,11220000
RPSNMLPLNHNFFAX67CA,春暉段,51.27,非都市： ; 非都市編定：,1,1,全筆移轉,02770000
RPSNMLPLNHNFFAX67CA,春暉段,1.89,非都市： ; 非都市編定：,1,1,全筆移轉,02770001
RPQNMLRLNHNFFAX67CA,馬公段,48.00,非都市： ; 非都市編定：,1,1,全筆移轉,05310020
RPRNMLMKOHNFFAX27CA,埕東段,115.71,非都市： ; 非都市編定：,1,1,全筆移轉,02280004
RPQNMLSLNHNFFAX77CA,馬公段,46.00,非都市： ; 非都市編定：,1,1,全筆移轉,03550003
RPTNMLOLNHNFFAX77DA,文光段,27.09,非都市： ; 非都市編定：,100000,327,持分移轉,00200000
RPTNMLOLNHNFFAX77DA,文光段,3.51,非都市： ; 非都市編定：,100000,327,持分移轉,00540000
RPTNMLNKNHOFFAX57CA,馬公段,67.56,非都市： ; 非都市編定：,10000,1059,持分移轉,00910002
RPSOMLOKNHOFFAX67CA,埕東段,.80,非都市： ; 非都市編定：,10000,156,持分移轉,04490000
RPTNMLNKNHOFFAX57CA,馬公段,9.74,非都市： ; 非都市編定：,10000,1059,持分移轉,00920001
RPSOMLOKNHOFFAX67CA,埕東段,17.75,非都市： ; 非都市編定：,10000,156,持分移轉,04500000
RPSNMLKMNHNFFAX27CA,埕東段,9.31,非都市： ; 非都市編定：,10000,73,持分移轉,03810000
RPSNMLKMNHNFFAX27CA,埕東段,9.31,非都市： ; 非都市編定：,10000,73,持分移轉,03810000
RPSNMLKMNHNFFAX27CA,埕東段,9.31,非都市： ; 非都市編定：,10000,73,持分移轉,03810000
RPSNMLKMNHNFFAX27CA,埕東段,9.31,非都市： ; 非都市編定：,10000,73,持分移轉,03810000
RPQNMLPLNHNFFAX57DA,赤崁北段,70.15,非都市：鄉村區 ; 非都市編定：乙種建築用地,1,1,全筆移轉,01120000
RPQNMLPLNHNFFAX57DA,赤崁北段,72.31,非都市：鄉村區 ; 非都市編定：丁種建築用地,1,1,全筆移轉,01090000
RPPOMLOKNHOFFAX37CA,國宅段,1363.22,非都市：一般農業區 ; 非都市編定：農牧用地,1,1,全筆移轉,00570000
RPPOMLOKNHOFFAX37CA,北極段,148.62,非都市： ; 非都市編定：,1,1,全筆移轉,06050000
RPPOMLOKNHOFFAX37CA,北極段,105.09,非都市： ; 非都市編定：,1,1,全筆移轉,06060000
RPPOMLOKNHOFFAX37CA,北極段,30.62,非都市： ; 非都市編定：,1,1,全筆移轉,06070000
RPPNMLSLNHNFFAX67CA,五福段,30.24,非都市：一般農業區 ; 非都市編定：交通用地,30,2,持分移轉,03180000
RPPNMLRLNHNFFAX57CA,四維段,904.76,非都市：一般農業區 ; 非都市編定：農牧用地,1,1,全筆移轉,02670000
RPWNMLKMNHNFFAX67CA,案山段,33.76,非都市： ; 非都市編定：,1,1,全筆移轉,02360001
RPWNMLKMNHNFFAX67CA,案山段,23.74,非都市： ; 非都市編定：,1,1,全筆移轉,02790002
RPRNMLKMNHNFFAX17CA,文澳段,324.00,非都市： ; 非都市編定：,1,1,全筆移轉,23130001
RPRNMLPLNHNFFAX57CA,五德西段,257.02,非都市：鄉村區 ; 非都市編定：乙種建築用地,1,1,全筆移轉,02320000
RPPNMLLKOHNFFAX96CA,白坑段,1674.00,非都市：一般農業區 ; 非都市編定：農牧用地,1,1,全筆移轉,03570000
RPPNMLLLOHNFFAX07CA,許家段,586.16,非都市：一般農業區 ; 非都市編定：農牧用地,1057,586,持分移轉,04820000
RPPNMLOJOHNFFAX17CA,大嶼段,153.00,非都市：一般農業區 ; 非都市編定：甲種建築用地,1,1,全筆移轉,55390003
RPQNMLTLNHNFFAX87CA,埕中段,74.66,非都市： ; 非都市編定：,1,1,全筆移轉,07060000
RPPNMLTLNHNFFAX77CA,文石段,460.08,非都市：一般農業區 ; 非都市編定：農牧用地,2,1,持分移轉,07350000
RPPNMLLMNHNFFAX07CA,海堤段,14.52,非都市： ; 非都市編定：,1,1,全筆移轉,09430000
RPPNMLMJOHNFFAX96CA,光華段,393.44,非都市：一般農業區 ; 非都市編定：農牧用地,5,2,持分移轉,04620000
RPUNMLKMNHNFFAX57DA,馬公段,31.25,非都市： ; 非都市編定：,120,25,持分移轉,01020025
RPUNMLKMNHNFFAX57DA,馬公段,31.25,非都市： ; 非都市編定：,120,25,持分移轉,01020025
RPUNMLKMNHNFFAX57DA,馬公段,31.25,非都市： ; 非都市編定：,120,25,持分移轉,01020025
RPPNMLPJOHNFFAX27CA,四維段,599.32,非都市： ; 非都市編定：,1,1,全筆移轉,03730000
RPUNMLLKOHNFFAX47CA,文澳段,67.00,非都市： ; 非都市編定：,1,1,全筆移轉,23580000
RPRNMLNKNHOFFAX37CA,馬公段,12.67,非都市： ; 非都市編定：,3,1,持分移轉,25090002
RPOOMLKMNHNFFAX17EA,海堤段,73.04,非都市： ; 非都市編定：,1,1,全筆移轉,09660000
RPQNMLLMNHNFFAX27DA,雙湖段,202.29,非都市：鄉村區 ; 非都市編定：乙種建築用地,1,1,全筆移轉,09260000
RPQNMLLMNHNFFAX27DA,雙湖段,161.98,非都市：鄉村區 ; 非都市編定：乙種建築用地,1,1,全筆移轉,09290000
RPRNMLLMNHNFFAX37DA,海堤段,81.46,非都市： ; 非都市編定：,1,1,全筆移轉,11130000
RPRNMLLMNHNFFAX37DA,海堤段,5.68,非都市： ; 非都市編定：,3,1,持分移轉,11120000
RPPNMLLJOHNFFAX96DA,竹灣段,46.31,非都市：鄉村區 ; 非都市編定：交通用地,1,1,全筆移轉,13190000
RPPNMLLJOHNFFAX96DA,竹灣段,26.64,非都市：鄉村區 ; 非都市編定：交通用地,1,1,全筆移轉,13240001
RPSNMLLKOHNFFAX27CA,國宅段,1028.52,非都市：一般農業區 ; 非都市編定：農牧用地,1,1,全筆移轉,02800000
RPSNMLLKOHNFFAX27CA,大池段,718.03,非都市：一般農業區 ; 非都市編定：農牧用地,1,1,全筆移轉,08310000
RPTNMLLKOHNFFAX37CA,文澳段,127.00,非都市： ; 非都市編定：,1,1,全筆移轉,23540000
RPSNMLLMNHNFFAX37CA,湖西南段,108.54,非都市：鄉村區 ; 非都市編定：乙種建築用地,1,1,全筆移轉,06670000
RPSNMLLMNHNFFAX37CA,湖西南段,143.56,非都市：鄉村區 ; 非都市編定：乙種建築用地,1,1,全筆移轉,06680000
RPQNMLMJOHNFFAX07CA,五福段,220.40,非都市：一般農業區 ; 非都市編定：甲種建築用地,1,1,全筆移轉,07040006
RPSNMLMJOHNFFAX27CA,文澳段,162.00,非都市： ; 非都市編定：,1,1,全筆移轉,23130000
RPRNMLLJOHNFFAX17DA,西澳段,160.47,非都市： ; 非都市編定：,1,1,全筆移轉,08280001
RPQNMLPJOHNFFAX47DA,興仁南段,645.93,非都市：一般農業區 ; 非都市編定：農牧用地,1,1,全筆移轉,03040000
RPRNMLMJOHNFFAX17CA,文光段,27.09,非都市： ; 非都市編定：,100000,327,持分移轉,00200000
RPQNMLPJOHNFFAX47DA,鐵線段,852.20,非都市：一般農業區 ; 非都市編定：農牧用地,1,1,全筆移轉,08880000
RPRNMLMJOHNFFAX17CA,文光段,3.51,非都市： ; 非都市編定：,100000,327,持分移轉,00540000
RPSNMLPJOHNFFAX67DA,竹灣段,197.92,非都市：一般農業區 ; 非都市編定：農牧用地,3,1,持分移轉,09820000
RPPNMLQJOHNFFAX47DA,下瓦硐段,305.95,非都市：一般農業區 ; 非都市編定：農牧用地,2,1,持分移轉,10610000
RPQNMLTKOHNFFAX87CA,四維段,23.10,非都市： ; 非都市編定：,12,1,持分移轉,05460000
RPQNMLTKOHNFFAX87CA,四維段,73.66,非都市： ; 非都市編定：,12,1,持分移轉,05480000
RPRNMLNKOHNFFAX37CA,光華段,733.67,非都市：一般農業區 ; 非都市編定：農牧用地,1,1,全筆移轉,02770000
RPQNMLSJOHNFFAX67CA,池東段,250.73,非都市：一般農業區 ; 非都市編定：農牧用地,1,1,全筆移轉,25440000
RPQNMLSJOHNFFAX67CA,池東段,140.45,非都市：一般農業區 ; 非都市編定：甲種建築用地,1,1,全筆移轉,25460000
RPQNMLSJOHNFFAX67CA,池東段,349.93,非都市：一般農業區 ; 非都市編定：農牧用地,1,1,全筆移轉,25500000
RPQNMLSJOHNFFAX67CA,池東段,149.67,非都市：鄉村區 ; 非都市編定：乙種建築用地,1,1,全筆移轉,25510000
RPWNMLNKOHNFFAX87CA,城北段,727.02,非都市：一般農業區 ; 非都市編定：農牧用地,1,1,全筆移轉,05970000
RPPNMLKKOHNFFAX86CA,埕東段,133.80,非都市： ; 非都市編定：,40,11,持分移轉,02350000
RPRNMLKKOHNFFAX17DA,興崁段,980.26,非都市：一般農業區 ; 非都市編定：農牧用地,1,1,全筆移轉,05750000
RPRNMLLLOHNFFAX27CA,文光段,28.83,非都市： ; 非都市編定：,100000,661,持分移轉,00570000
RPRNMLLKOHNFFAX17CA,興仁段,1887.09,非都市：一般農業區 ; 非都市編定：農牧用地,1,1,全筆移轉,08330000
RPQNMLKKOHNFFAX96CA,埕東段,133.80,非都市： ; 非都市編定：,40,11,持分移轉,02350000
RPTNMLMKOHNFFAX47CA,埕東段,139.20,非都市： ; 非都市編定：,1,1,全筆移轉,02280001
RPUNMLMKOHNFFAX57CA,埕東段,110.22,非都市： ; 非都市編定：,1,1,全筆移轉,02280003
RPSNMLMKOHNFFAX37CA,北極段,569.42,非都市： ; 非都市編定：,1,1,全筆移轉,06620000
RPPNMLMLOHNFFAX17CA,馬公段,27.00,非都市： ; 非都市編定：,1,1,全筆移轉,11200000
RPPNMLMLOHNFFAX17CA,馬公段,17.00,非都市： ; 非都市編定：,1,1,全筆移轉,11210000
RPPNMLMLOHNFFAX17CA,馬公段,11.00,非都市： ; 非都市編定：,1,1,全筆移轉,11220000
RPQNMLNKNHOFFAX27CA,機場段,25.96,非都市：一般農業區 ; 非都市編定：交通用地,8,1,持分移轉,06570004
RPQNMLNKNHOFFAX27CA,機場段,313.06,非都市：一般農業區 ; 非都市編定：甲種建築用地,1,1,全筆移轉,06570008
RPPNMLPKOHNFFAX37CA,湖西南段,1248.29,非都市：一般農業區 ; 非都市編定：農牧用地,6,2,持分移轉,24540000
RPSNMLTKOHNFFAX08CA,馬公段,16.33,非都市： ; 非都市編定：,6,1,持分移轉,15060004
RPXNMLNKOHNFFAX97CA,東澳段,91.42,非都市： ; 非都市編定：,1,1,全筆移轉,10940000
RPXNMLNKOHNFFAX97CA,東澳段,138.02,非都市： ; 非都市編定：,1,1,全筆移轉,10950000
RPXNMLNKOHNFFAX97CA,東澳段,6.80,非都市： ; 非都市編定：,1,1,全筆移轉,10950001
RPQNMLPKOHNFFAX57DA,鐵線段,1238.90,非都市：一般農業區 ; 非都市編定：農牧用地,10000,4427,持分移轉,06660000
RPWNMLMKOHNFFAX87DA,文東段,216.31,非都市：一般農業區 ; 非都市編定：農牧用地,1,1,全筆移轉,04670000
RPRNMLQLOHNFFAX77CA,馬公段,18.46,非都市： ; 非都市編定：,20000,1420,持分移轉,26660060
RPRNMLQLOHNFFAX77CA,馬公段,6.96,非都市： ; 非都市編定：,20000,1420,持分移轉,26660061
RPRNMLQLOHNFFAX77CA,馬公段,6.89,非都市： ; 非都市編定：,20000,1420,持分移轉,26660062
RPRNMLQLOHNFFAX77CA,馬公段,6.96,非都市： ; 非都市編定：,20000,1420,持分移轉,26660063
RPRNMLQLOHNFFAX77CA,馬公段,6.89,非都市： ; 非都市編定：,20000,1420,持分移轉,26660064
RPRNMLQLOHNFFAX77CA,馬公段,6.89,非都市： ; 非都市編定：,20000,1420,持分移轉,26660065
RPRNMLQLOHNFFAX77CA,馬公段,6.96,非都市： ; 非都市編定：,20000,1420,持分移轉,26660066
RPRNMLQLOHNFFAX77CA,馬公段,6.89,非都市： ; 非都市編定：,20000,1420,持分移轉,26660067
RPRNMLQLOHNFFAX77CA,馬公段,6.89,非都市： ; 非都市編定：,20000,1420,持分移轉,26660068
RPQNMLSLOHNFFAX08EA,青螺新段,30.42,非都市：鄉村區 ; 非都市編定：乙種建築用地,4,1,持分移轉,11290000
RPQNMLSLOHNFFAX08EA,青螺新段,30.42,非都市：鄉村區 ; 非都市編定：乙種建築用地,4,1,持分移轉,11300000
RPUNMLNKOHNFFAX67CA,竹篙灣段,1014.00,非都市：風景區 ; 非都市編定：農牧用地,1,1,全筆移轉,36430000
RPPNMLQLOHNFFAX57CA,林投南段,208.46,非都市： ; 非都市編定：,1,1,全筆移轉,12370002
RPPNMLSLOHNFFAX77CA,四維段,171.87,非都市：鄉村區 ; 非都市編定：乙種建築用地,1,1,全筆移轉,09420000
RPRNMLPKOHNFFAX57CA,鎖港南段,165.06,非都市：一般農業區 ; 非都市編定：農牧用地,1,1,全筆移轉,10580000
RPVNMLNKOHNFFAX77CA,風櫃西段,428.04,非都市：一般農業區 ; 非都市編定：農牧用地,1,1,全筆移轉,13820000
RPPNMLOKOHNFFAX27CA,五德西段,281.03,非都市：一般農業區 ; 非都市編定：甲種建築用地,1,1,全筆移轉,07550000
RPPNMLOKOHNFFAX27CA,五德西段,299.03,非都市：一般農業區 ; 非都市編定：農牧用地,1,1,全筆移轉,07560000
RPPNMLOKOHNFFAX27CA,五德西段,258.26,非都市：一般農業區 ; 非都市編定：農牧用地,1,1,全筆移轉,07570000
RPPNMLOKOHNFFAX27CA,五德西段,227.48,非都市：一般農業區 ; 非都市編定：農牧用地,1,1,全筆移轉,07580000
RPVNMLQJPHNFFAX08CA,成功南段,1729.02,非都市：一般農業區 ; 非都市編定：農牧用地,1829,1729,持分移轉,02460000
RPTNMLTKOHNFFAX18CA,烏崁新段,333.52,非都市：一般農業區 ; 非都市編定：農牧用地,2,1,持分移轉,16340000
RPTNMLTKOHNFFAX18CA,烏崁新段,333.52,非都市：一般農業區 ; 非都市編定：農牧用地,2,1,持分移轉,16340000
RPTNMLTKOHNFFAX18CA,烏崁新段,205.80,非都市：一般農業區 ; 非都市編定：農牧用地,2,1,持分移轉,16420000
RPTNMLTKOHNFFAX18CA,烏崁新段,205.80,非都市：一般農業區 ; 非都市編定：農牧用地,2,1,持分移轉,16420000
RPRNMLSLOHNFFAX18EA,潭邊新段,82.09,非都市：鄉村區 ; 非都市編定：乙種建築用地,1,1,全筆移轉,06570000
RPRNMLTJPHNFFAX97CA,北極段,43.15,非都市： ; 非都市編定：,1,1,全筆移轉,06610000
RPPNMLRLOHNFFAX67CA,池西段,121.05,非都市：一般農業區 ; 非都市編定：甲種建築用地,1,1,全筆移轉,18390000
RPSNMLPKOHNFFAX67CA,六合段,92.36,非都市：鄉村區 ; 非都市編定：乙種建築用地,1,1,全筆移轉,01180000
RPPNMLKLOHNFFAX07DA,城北段,1065.25,非都市：一般農業區 ; 非都市編定：農牧用地,1,1,全筆移轉,11310000
RPPNMLLJPHNFFAX07DA,東衛段,254.17,非都市：一般農業區 ; 非都市編定：農牧用地,1000,334,持分移轉,09780000
RPPNMLLJPHNFFAX07DA,東衛段,252.65,非都市：一般農業區 ; 非都市編定：農牧用地,1000,332,持分移轉,09780000
RPPNMLLJPHNFFAX07DA,東衛段,254.17,非都市：一般農業區 ; 非都市編定：農牧用地,1000,334,持分移轉,09780000
RPPNMLMKPHNFFAX17CA,雙湖段,35.97,非都市：一般農業區 ; 非都市編定：交通用地,140,10,持分移轉,11100009
RPPNMLMKPHNFFAX17CA,雙湖段,230.13,非都市：一般農業區 ; 非都市編定：農牧用地,1000,291,持分移轉,11100011
RPQNMLMLOHNFFAX27CA,五福段,52.12,非都市：一般農業區 ; 非都市編定：交通用地,12,1,持分移轉,08570004
RPQNMLMLOHNFFAX27CA,五福段,158.40,非都市：一般農業區 ; 非都市編定：甲種建築用地,1,1,全筆移轉,08570008
RPRNMLPJPHNFFAX57CA,六合段,343.03,非都市：一般農業區 ; 非都市編定：農牧用地,1,1,全筆移轉,02140000
RPTNMLQJPHNFFAX97DA,馬公段,8.60,非都市： ; 非都市編定：,5,1,持分移轉,21340003
RPQNMLMKPHNFFAX27CA,雙湖段,35.97,非都市：一般農業區 ; 非都市編定：交通用地,140,10,持分移轉,11100009
RPQNMLMKPHNFFAX27CA,雙湖段,330.57,非都市：一般農業區 ; 非都市編定：農牧用地,1000,418,持分移轉,11100011
RPQNMLMJPHNFFAX17CA,文化段,151.31,非都市： ; 非都市編定：,1,1,全筆移轉,02670000
RPUNMLMJPHNFFAX67DA,山水北段,307.37,非都市：一般農業區 ; 非都市編定：甲種建築用地,1,1,全筆移轉,02750001
RPUNMLMJPHNFFAX67DA,山水北段,4.76,非都市：一般農業區 ; 非都市編定：交通用地,1,1,全筆移轉,02750002
RPUNMLLLOHNFFAX67DA,龍門南段,53.06,非都市：鄉村區 ; 非都市編定：乙種建築用地,4,1,持分移轉,03150000
RPTNMLLLOHNFFAX67EA,海堤段,106.53,非都市： ; 非都市編定：,1,1,全筆移轉,06440000
RPSNMLTKPHNFFAX18CA,二崁南段,162.97,非都市： ; 非都市編定：,1,1,全筆移轉,03380000
RPSNMLTKPHNFFAX18CA,二崁南段,115.32,非都市： ; 非都市編定：,1,1,全筆移轉,03380001
RPSNMLTKPHNFFAX18CA,二崁南段,.35,非都市： ; 非都市編定：,1,1,全筆移轉,03380002
RPQNMLKLOHNFFAX07CA,二崁南段,4658.53,非都市：一般農業區 ; 非都市編定：農牧用地,1,1,全筆移轉,07480000
RPPNMLPJPHNFFAX37CA,北極段,704.46,非都市： ; 非都市編定：,1,1,全筆移轉,13350000
RPPNMLPJPHNFFAX37CA,北極段,3.82,非都市： ; 非都市編定：,1,1,全筆移轉,13350001
RPPNMLPJPHNFFAX37CA,北極段,1.14,非都市： ; 非都市編定：,1,1,全筆移轉,13360000
RPPNMLPLOHNFFAX47CA,文光段,27.04,非都市： ; 非都市編定：,100000,620,持分移轉,00570000
RPTNMLTKPHNFFAX28CA,二崁南段,195.89,非都市： ; 非都市編定：,1,1,全筆移轉,03400000
RPTNMLTKPHNFFAX28CA,二崁南段,32.31,非都市： ; 非都市編定：,1,1,全筆移轉,03400001
RPUNMLTKPHNFFAX38CA,二崁北段,41.35,非都市： ; 非都市編定：,1,1,全筆移轉,03750000
RPUNMLTKPHNFFAX38CA,二崁北段,365.73,非都市： ; 非都市編定：,1,1,全筆移轉,03750001
RPRNMLPLOHNFFAX77DA,鼎灣新段,87.68,非都市：鄉村區 ; 非都市編定：乙種建築用地,2,1,持分移轉,04710000
RPSNMLNLPHNFFAX77DA,內垵一段,494.75,非都市：森林區 ; 非都市編定：農牧用地,3,1,持分移轉,02320000
RPPNMLOJPHNFFAX27CA,山水南段,719.54,非都市：一般農業區 ; 非都市編定：農牧用地,1,1,全筆移轉,00420000
RPRNMLRLOHNFFAX87CA,赤崁南段,179.42,非都市：一般農業區 ; 非都市編定：農牧用地,16,14,持分移轉,02200000
RPXNMLQJPHNFFAX28CA,南寮北段,175.16,非都市：鄉村區 ; 非都市編定：乙種建築用地,1,1,全筆移轉,09430000
RPQNMLQLOHNFFAX67CA,林投北段,316.44,非都市： ; 非都市編定：,1,1,全筆移轉,05570001
RPPNMLMJPHNFFAX07CA,成功北段,10.06,非都市：鄉村區 ; 非都市編定：交通用地,2,1,持分移轉,00630000
RPPNMLMJPHNFFAX07CA,成功北段,11.46,非都市：鄉村區 ; 非都市編定：交通用地,4,1,持分移轉,00710001
RPQNMLQKPHNFFAX67CA,國宅段,111.18,非都市： ; 非都市編定：,1,1,全筆移轉,03190000
RPQNMLNLPHNFFAX47CA,後寮段,291.00,非都市：一般農業區 ; 非都市編定：農牧用地,1,1,全筆移轉,28750000
RPUNMLQJPHNFFAX97CA,光榮段,181.19,非都市： ; 非都市編定：,1,1,全筆移轉,02320003
RPRNMLQJPHNFFAX77DA,講美段,147.55,非都市：一般農業區 ; 非都市編定：農牧用地,1,1,全筆移轉,02990000
RPQNMLTJPHNFFAX97DA,二崁南段,1340.55,非都市：風景區 ; 非都市編定：農牧用地,1,1,全筆移轉,11770000
RPQNMLTJPHNFFAX97DA,二崁南段,795.47,非都市：風景區 ; 非都市編定：農牧用地,1,1,全筆移轉,12480000
RPRNMLMJPHNFFAX27CA,太武新段,161.55,非都市：一般農業區 ; 非都市編定：交通用地,1,1,全筆移轉,02060000
RPRNMLMJPHNFFAX27CA,太武新段,469.26,非都市：一般農業區 ; 非都市編定：農牧用地,1,1,全筆移轉,02070000
RPUNMLNLPHNFFAX87CA,雙湖段,107.31,非都市：一般農業區 ; 非都市編定：甲種建築用地,1,1,全筆移轉,00770010
RPTNMLMJPHNFFAX47CA,風櫃西段,41.54,非都市：一般農業區 ; 非都市編定：甲種建築用地,1,1,全筆移轉,05410000
RPTNMLMJPHNFFAX47CA,風櫃西段,56.00,非都市：一般農業區 ; 非都市編定：甲種建築用地,1,1,全筆移轉,05420000
RPPNMLRLPHNFFAX77CA,馬公段,105.00,非都市： ; 非都市編定：,1,1,全筆移轉,10800002
RPRNMLNLPHNFFAX57CA,鐵線段,261.67,非都市：鄉村區 ; 非都市編定：乙種建築用地,1,1,全筆移轉,09720000
RPRNMLNLPHNFFAX57CA,鐵線段,161.18,非都市：鄉村區 ; 非都市編定：乙種建築用地,1,1,全筆移轉,09730000
RPQNMLMLPHNFFAX37CA,四維段,27.69,非都市：一般農業區 ; 非都市編定：交通用地,10,1,持分移轉,05860002
RPQNMLMLPHNFFAX37CA,四維段,157.34,非都市：一般農業區 ; 非都市編定：甲種建築用地,1,1,全筆移轉,05860007
RPQNMLMLPHNFFAX37CA,四維段,1.14,非都市：一般農業區 ; 非都市編定：交通用地,5,1,持分移轉,05860010
RPQNMLMLPHNFFAX37CA,四維段,12.81,非都市：一般農業區 ; 非都市編定：交通用地,15,1,持分移轉,05870004
RPQNMLKLPHNFFAX17CA,南寮新段,475.02,非都市：一般農業區 ; 非都市編定：農牧用地,3,1,持分移轉,00880000
RPQNMLKLPHNFFAX17CA,南寮新段,475.02,非都市：一般農業區 ; 非都市編定：農牧用地,3,1,持分移轉,00880000
RPQNMLKLPHNFFAX17CA,南寮新段,475.02,非都市：一般農業區 ; 非都市編定：農牧用地,3,1,持分移轉,00880000
RPTNMLKLPHNFFAX47CA,國宅段,330.00,非都市：一般農業區 ; 非都市編定：甲種建築用地,1,1,全筆移轉,03160000
RPPNMLMLPHNFFAX27CA,四維段,27.69,非都市：一般農業區 ; 非都市編定：交通用地,10,1,持分移轉,05860002
RPPNMLMLPHNFFAX27CA,四維段,157.43,非都市：一般農業區 ; 非都市編定：甲種建築用地,1,1,全筆移轉,05860006
RPPNMLMLPHNFFAX27CA,四維段,1.14,非都市：一般農業區 ; 非都市編定：交通用地,5,1,持分移轉,05860010
RPPNMLMLPHNFFAX27CA,四維段,12.81,非都市：一般農業區 ; 非都市編定：交通用地,15,1,持分移轉,05870004
RPWNMLQJPHNFFAX18CA,中山段,1030.84,非都市：一般農業區 ; 非都市編定：農牧用地,1,1,全筆移轉,00140000
RPOOMLQJPHNFFAX47CA,許家段,468.87,非都市：一般農業區 ; 非都市編定：甲種建築用地,1,1,全筆移轉,06980000
RPOOMLQJPHNFFAX47CA,許家段,33.53,非都市：一般農業區 ; 非都市編定：交通用地,1,1,全筆移轉,06990000
RPOOMLQJPHNFFAX47CA,許家段,2.30,非都市：一般農業區 ; 非都市編定：交通用地,2,1,持分移轉,07030000
RPRNMLOJPHNFFAX47CA,文東段,44.56,非都市：一般農業區 ; 非都市編定：交通用地,10,1,持分移轉,11730004
RPPNMLOKPHNFFAX37CA,望安段,369.00,非都市：鄉村區 ; 非都市編定：乙種建築用地,1,1,全筆移轉,13660000
RPRNMLOJPHNFFAX47CA,文東段,177.45,非都市：一般農業區 ; 非都市編定：甲種建築用地,1,1,全筆移轉,11730005
RPSNMLLKPHNFFAX47DA,二崁南段,338.85,非都市： ; 非都市編定：,4,3,持分移轉,10470000
RPSNMLMJQHNFFAX47CA,中西段,210.18,非都市：森林區 ; 非都市編定：殯葬用地,4,1,持分移轉,00120000
RPSNMLMJQHNFFAX47CA,中西段,206.00,非都市：一般農業區 ; 非都市編定：農牧用地,4,1,持分移轉,08240000
RPPNMLMJQHNFFAX17CA,沙港南段,1890.22,非都市：一般農業區 ; 非都市編定：農牧用地,40,36,持分移轉,03520000
RPRNMLQKPHNFFAX77CA,望安段,66.62,非都市：一般農業區 ; 非都市編定：農牧用地,8,1,持分移轉,11350000
RPRNMLQKPHNFFAX77CA,望安段,17.62,非都市：鄉村區 ; 非都市編定：乙種建築用地,8,1,持分移轉,11390000
RPQNMLMJQHNFFAX27CA,沙港南段,410.53,非都市：一般農業區 ; 非都市編定：甲種建築用地,80,67,持分移轉,03530000
RPRNMLMLPHNFFAX47CA,風櫃西段,840.88,非都市：一般農業區 ; 非都市編定：農牧用地,1,1,全筆移轉,13550000
RPVNMLNLPHNFFAX97CA,成功南段,253.29,非都市：一般農業區 ; 非都市編定：甲種建築用地,1,1,全筆移轉,11400000
RPSNMLTJPHNFFAX08CA,光華段,1165.10,非都市：一般農業區 ; 非都市編定：農牧用地,1,1,全筆移轉,02900000
RPRNMLLKPHNFFAX27CA,北極段,4.59,非都市： ; 非都市編定：,1,1,全筆移轉,00510003
RPRNMLLKPHNFFAX27CA,北極段,191.81,非都市： ; 非都市編定：,1,1,全筆移轉,00520000
RPRNMLLKPHNFFAX27CA,北極段,2.60,非都市： ; 非都市編定：,1,1,全筆移轉,00530001
RPRNMLLKPHNFFAX27CA,北極段,195.73,非都市： ; 非都市編定：,1,1,全筆移轉,00590000
RPRNMLLKPHNFFAX27CA,北極段,143.00,非都市： ; 非都市編定：,1,1,全筆移轉,00600000
RPPNMLLKPHNFFAX07CA,龍門南段,1171.03,非都市：一般農業區 ; 非都市編定：農牧用地,1,1,全筆移轉,09250001
RPRNMLKKPHNFFAX27DA,水垵段,170.00,非都市：一般農業區 ; 非都市編定：農牧用地,1,1,全筆移轉,11330000
RPQNMLQJPHNFFAX57CA,湖西北段,664.90,非都市：一般農業區 ; 非都市編定：農牧用地,2,1,持分移轉,06180000
RPQNMLRKPHNFFAX77CA,虎井段,20.67,非都市：鄉村區 ; 非都市編定：乙種建築用地,3,1,持分移轉,13330003
RPQNMLRKPHNFFAX77CA,虎井段,13.33,非都市：鄉村區 ; 非都市編定：乙種建築用地,3,1,持分移轉,13370001
RPPNMLNKPHNFFAX37DA,湖西南段,480.07,非都市：一般農業區 ; 非都市編定：農牧用地,1,1,全筆移轉,14820000
RPRNMLKLPHNFFAX37DA,埕東段,86.19,非都市： ; 非都市編定：,1,1,全筆移轉,01620000
RPPNMLTJPHNFFAX97EA,五德東段,100.45,非都市： ; 非都市編定：,1,1,全筆移轉,00080000
RPPNMLTJPHNFFAX97EA,五德東段,13.39,非都市： ; 非都市編定：,1,1,全筆移轉,00160000
RPPNMLTJPHNFFAX97EA,五德東段,9.90,非都市： ; 非都市編定：,1,1,全筆移轉,00170000
RPPNMLTJPHNFFAX97EA,五德東段,55.70,非都市： ; 非都市編定：,1,1,全筆移轉,00180000
RPVNMLKKPHNFFAX77EA,井垵西段,20.88,非都市：一般農業區 ; 非都市編定：水利用地,1,1,全筆移轉,05770001
RPTNMLKKPHNFFAX37CA,鐵線段,605.72,非都市：一般農業區 ; 非都市編定：農牧用地,1,1,全筆移轉,05240000
RPSNMLKKPHNFFAX27CA,埕西段,61.43,非都市： ; 非都市編定：,1,1,全筆移轉,02330000
RPPNMLKKPHNFFAX96CA,埕中段,70.73,非都市： ; 非都市編定：,1,1,全筆移轉,06460000
RPPNMLQKPHNFFAX57CA,國宅段,153.77,非都市： ; 非都市編定：,1,1,全筆移轉,03190007
RPTNMLRKPHNFFAX18DA,鐵線段,443.12,非都市：一般農業區 ; 非都市編定：農牧用地,6,1,持分移轉,10570000
RPQNMLLKPHNFFAX17CA,五福段,166.71,非都市：一般農業區 ; 非都市編定：甲種建築用地,1,1,全筆移轉,07210003
RPPNMLPLPHNFFAX57CA,五福段,83.64,非都市：一般農業區 ; 非都市編定：甲種建築用地,1,1,全筆移轉,09960000
RPPNMLLMPHNFFAX27CA,七美二段,233.26,非都市：一般農業區 ; 非都市編定：甲種建築用地,1,1,全筆移轉,04340001
RPQNMLLKPHNFFAX17CA,五福段,39.96,非都市：一般農業區 ; 非都市編定：交通用地,4,1,持分移轉,07210004
RPTNMLQLPHNFFAX08CA,埕東段,29.20,非都市： ; 非都市編定：,10000,548,持分移轉,00540000
RPRNMLRKPHNFFAX97DA,講美段,310.20,非都市：一般農業區 ; 非都市編定：農牧用地,2,1,持分移轉,16900000
RPXNMLRKPHNFFAX48CA,案山段,106.83,非都市： ; 非都市編定：,1,1,全筆移轉,00420000
RPXNMLRKPHNFFAX48CA,案山段,19.94,非都市： ; 非都市編定：,1,1,全筆移轉,00490000
RPRNMLPKPHNFFAX67CA,城北段,254.66,非都市：鄉村區 ; 非都市編定：乙種建築用地,2,1,持分移轉,01410000
RPWNMLRKPHNFFAX38CA,烏崁新段,190.97,非都市：鄉村區 ; 非都市編定：乙種建築用地,1,1,全筆移轉,07630000
RPOOMLRKPHNFFAX67CA,鎖港南段,495.20,非都市：一般農業區 ; 非都市編定：農牧用地,1,1,全筆移轉,15320000
RPSNMLRKPHNFFAX97CA,文澳段,120.00,非都市： ; 非都市編定：,1,1,全筆移轉,22760000
RPSNMLRKPHNFFAX97CA,文澳段,135.00,非都市： ; 非都市編定：,1,1,全筆移轉,22770000
RPRNMLPLPHNFFAX77CA,文東段,96.38,非都市：鄉村區 ; 非都市編定：乙種建築用地,1,1,全筆移轉,07790000
RPPNMLTKPHNFFAX87CA,五福段,85.17,非都市：鄉村區 ; 非都市編定：乙種建築用地,9,1,持分移轉,15200000
RPQNMLTKPHNFFAX97CA,山水北段,120.75,非都市：鄉村區 ; 非都市編定：乙種建築用地,1,1,全筆移轉,06100003
RPQNMLTKPHNFFAX97CA,山水北段,34.76,非都市：鄉村區 ; 非都市編定：乙種建築用地,2,1,持分移轉,06100004
RPQNMLPLPHNFFAX67CA,東石新段,1140.35,非都市：一般農業區 ; 非都市編定：農牧用地,1,1,全筆移轉,01180000
RPQOMLRKPHNFFAX97DA,四維段,1154.58,非都市：一般農業區 ; 非都市編定：農牧用地,1,1,全筆移轉,11070000
RPSNMLKLPHNFFAX37CA,外垵二段,530.25,非都市：一般農業區 ; 非都市編定：農牧用地,1,1,全筆移轉,07240000
RPRNMLOKQHNFFAX67CA,四維段,69.23,非都市：一般農業區 ; 非都市編定：交通用地,4,1,持分移轉,05860002
RPRNMLOKQHNFFAX67CA,四維段,43.31,非都市：一般農業區 ; 非都市編定：交通用地,1,1,全筆移轉,05860004
RPRNMLOKQHNFFAX67CA,四維段,212.86,非都市：一般農業區 ; 非都市編定：甲種建築用地,1,1,全筆移轉,05860005
RPPNMLKLPHNFFAX07CA,海堤段,142.58,非都市： ; 非都市編定：,1,1,全筆移轉,09060000
RPPNMLKLPHNFFAX07CA,海堤段,419.24,非都市： ; 非都市編定：,1,1,全筆移轉,09070000
RPTNMLNLPHNFFAX77CA,六合段,250.07,非都市：一般農業區 ; 非都市編定：農牧用地,1,1,全筆移轉,03640000
RPPNMLNLPHNFFAX37CA,南寮北段,834.69,非都市：鄉村區 ; 非都市編定：乙種建築用地,1,1,全筆移轉,07700000
RPPNMLQJQHNFFAX67DA,馬公段,3.00,非都市： ; 非都市編定：,1,1,全筆移轉,10750009
RPPNMLQLPHNFFAX67CA,四維段,85.66,非都市：鄉村區 ; 非都市編定：乙種建築用地,1,1,全筆移轉,02870000
RPPOMLRKPHNFFAX77CA,興仁段,1517.52,非都市：一般農業區 ; 非都市編定：農牧用地,2,1,持分移轉,10680000
RPRNMLTKPHNFFAX08CA,光華段,64.23,非都市：一般農業區 ; 非都市編定：甲種建築用地,1,1,全筆移轉,06700000
RPQOMLKMPHNFFAX37CA,中山段,1030.84,非都市：一般農業區 ; 非都市編定：農牧用地,1,1,全筆移轉,00140000
RPTNMLQJQHNFFAX97CA,望安段,41.50,非都市：一般農業區 ; 非都市編定：農牧用地,2,1,持分移轉,08030011
RPVNMLKKQHNFFAX67CA,安宅段,595.31,非都市：一般農業區 ; 非都市編定：農牧用地,4,1,持分移轉,04790000
RPTNMLQJQHNFFAX97CA,望安段,67.00,非都市：鄉村區 ; 非都市編定：乙種建築用地,2,1,持分移轉,08040002
RPVNMLKKQHNFFAX67CA,安宅段,81.30,非都市：一般農業區 ; 非都市編定：農牧用地,4,1,持分移轉,04540000
RPVNMLKKQHNFFAX67CA,安宅段,351.81,非都市：一般農業區 ; 非都市編定：農牧用地,4,1,持分移轉,04770000
RPVNMLKKQHNFFAX67CA,安宅段,214.56,非都市：一般農業區 ; 非都市編定：農牧用地,4,1,持分移轉,00890000
RPPNMLTJQHNFFAX87CA,大嶼段,156.00,非都市：鄉村區 ; 非都市編定：乙種建築用地,1,1,全筆移轉,38550002
RPVNMLKKQHNFFAX67CA,安宅段,91.06,非都市：一般農業區 ; 非都市編定：農牧用地,4,1,持分移轉,02800000
RPVNMLKKQHNFFAX67CA,安宅段,359.47,非都市：一般農業區 ; 非都市編定：農牧用地,4,1,持分移轉,03280000
RPVNMLKKQHNFFAX67CA,安宅段,141.81,非都市：一般農業區 ; 非都市編定：農牧用地,4,1,持分移轉,04160000
RPVNMLKKQHNFFAX67CA,安宅段,114.06,非都市：一般農業區 ; 非都市編定：農牧用地,4,1,持分移轉,04980000
RPVNMLKKQHNFFAX67CA,安宅段,263.06,非都市：一般農業區 ; 非都市編定：農牧用地,4,1,持分移轉,05100000
RPVNMLKKQHNFFAX67CA,安宅段,49.82,非都市：鄉村區 ; 非都市編定：乙種建築用地,4,1,持分移轉,12600000
RPVNMLKKQHNFFAX67CA,安宅段,28.68,非都市：鄉村區 ; 非都市編定：乙種建築用地,12,1,持分移轉,12610000
RPVNMLKKQHNFFAX67CA,安宅段,42.52,非都市：鄉村區 ; 非都市編定：乙種建築用地,4,1,持分移轉,12690000
RPVNMLKKQHNFFAX67CA,安宅段,278.28,非都市：一般農業區 ; 非都市編定：農牧用地,4,1,持分移轉,14670000
RPVNMLKKQHNFFAX67CA,安宅段,73.26,非都市：一般農業區 ; 非都市編定：農牧用地,4,1,持分移轉,14680000
RPVNMLKKQHNFFAX67CA,安宅段,2.52,非都市：一般農業區 ; 非都市編定：農牧用地,4,1,持分移轉,14690000
RPVNMLKKQHNFFAX67CA,許家段,438.26,非都市：一般農業區 ; 非都市編定：農牧用地,4,1,持分移轉,13210000
RPSNMLQJQHNFFAX97DA,岐頭段,99.50,非都市：鄉村區 ; 非都市編定：乙種建築用地,2,1,持分移轉,01020000
RPSNMLMLPHNFFAX57CA,東澳段,101.46,非都市： ; 非都市編定：,1,1,全筆移轉,08050000
RPSNMLPLPHNFFAX87CA,赤馬二段,548.12,非都市：一般農業區 ; 非都市編定：農牧用地,1,1,全筆移轉,04050000
RPQNMLRLPHNFFAX97DA,文石段,115.96,非都市：一般農業區 ; 非都市編定：甲種建築用地,1,1,全筆移轉,04970000
RPRNMLRLPHNFFAX08DA,文石段,115.73,非都市：一般農業區 ; 非都市編定：甲種建築用地,1,1,全筆移轉,04970011
RPSNMLKMPHNFFAX47CA,成功南段,531.04,非都市：一般農業區 ; 非都市編定：農牧用地,1,1,全筆移轉,04110000
RPQNMLKKRHNFFAX27CA,文光段,8.37,非都市： ; 非都市編定：,300000,303,持分移轉,00200000
RPQNMLKKRHNFFAX27CA,文光段,1.08,非都市： ; 非都市編定：,300000,303,持分移轉,00540000
RPRNMLQLPHNFFAX87CA,埕東段,62.16,非都市： ; 非都市編定：,2,1,持分移轉,01930000
RPUNMLKMPHNFFAX67CA,東澳段,11.20,非都市： ; 非都市編定：,20000,141,持分移轉,05940000
RPSNMLQLPHNFFAX97CA,池西段,121.72,非都市：鄉村區 ; 非都市編定：乙種建築用地,1,1,全筆移轉,23640000
RPSNMLQLPHNFFAX97CA,池東段,526.30,非都市：一般農業區 ; 非都市編定：農牧用地,1,1,全筆移轉,12000000
RPSNMLQLPHNFFAX97CA,池東段,475.15,非都市：一般農業區 ; 非都市編定：農牧用地,1,1,全筆移轉,32030000
RPUNMLKMPHNFFAX67CA,東澳段,11.20,非都市： ; 非都市編定：,20000,141,持分移轉,05940000
RPPNMLKMPHNFFAX17CA,中屯新段,10.89,非都市：一般農業區 ; 非都市編定：交通用地,1000,322,持分移轉,03890000
RPPNMLKMPHNFFAX17CA,中屯新段,210.64,非都市：一般農業區 ; 非都市編定：農牧用地,2,1,持分移轉,03900000
RPVNMLKMPHNFFAX77CA,鎮海新段,612.81,非都市：一般農業區 ; 非都市編定：農牧用地,1,1,全筆移轉,06620000
RPVNMLKMPHNFFAX77CA,鎮海新段,48.26,非都市：一般農業區 ; 非都市編定：交通用地,1,1,全筆移轉,06630000
RPWNMLKMPHNFFAX87CA,文澳段,50.43,非都市： ; 非都市編定：,10000,158,持分移轉,22930000
RPPNMLPKQHNFFAX57CA,花宅段,23.00,非都市：鄉村區 ; 非都市編定：乙種建築用地,4,1,持分移轉,21180000
RPPNMLPKQHNFFAX57CA,花宅段,109.00,非都市：鄉村區 ; 非都市編定：乙種建築用地,4,1,持分移轉,21210000
RPPOMLKMPHNFFAX27CA,下瓦硐段,189.02,非都市：鄉村區 ; 非都市編定：乙種建築用地,1,1,全筆移轉,06820000
RPRNMLRKQHNFFAX97CA,東澳段,315.29,非都市： ; 非都市編定：,6,5,持分移轉,01640000
RPPOMLKMPHNFFAX27CA,下瓦硐段,145.10,非都市：鄉村區 ; 非都市編定：乙種建築用地,1,1,全筆移轉,06810000
RPRNMLRKQHNFFAX97CA,東澳段,63.06,非都市： ; 非都市編定：,6,1,持分移轉,01640000
RPOOMLKMPHNFFAX27DA,鎖港南段,130.73,非都市： ; 非都市編定：,1,1,全筆移轉,05260000
RPRNMLKMPHNFFAX37CA,文東段,490.00,非都市：一般農業區 ; 非都市編定：農牧用地,1,1,全筆移轉,04940001
RPQNMLKMPHNFFAX27CA,文寮段,6.38,非都市：鄉村區 ; 非都市編定：水利用地,1,1,全筆移轉,13480001
RPTNMLLMPHNFFAX67CA,成功南段,814.38,非都市：一般農業區 ; 非都市編定：農牧用地,1,1,全筆移轉,12380001
RPTNMLLMPHNFFAX67CA,成功南段,402.26,非都市：一般農業區 ; 非都市編定：農牧用地,1,1,全筆移轉,12400000
RPTNMLLMPHNFFAX67CA,成功南段,253.46,非都市：一般農業區 ; 非都市編定：農牧用地,1,1,全筆移轉,12400001
RPPNMLTKQHNFFAX97CA,光榮段,.46,非都市： ; 非都市編定：,1,1,全筆移轉,02640001
RPPNMLQLQHNFFAX77CA,光榮段,22.60,非都市： ; 非都市編定：,1,1,全筆移轉,02670001
RPSNMLLMPHNFFAX67DA,埕東段,88.71,非都市： ; 非都市編定：,1,1,全筆移轉,00950003
RPSNMLNKNHOFFAX47CA,竹灣段,78.20,非都市：鄉村區 ; 非都市編定：乙種建築用地,1,1,全筆移轉,12740000
RPSNMLNKNHOFFAX47CA,竹灣段,79.14,非都市：鄉村區 ; 非都市編定：乙種建築用地,1,1,全筆移轉,12750000
RPTNMLNKQHNFFAX77CA,太武新段,274.92,非都市：一般農業區 ; 非都市編定：農牧用地,1,1,全筆移轉,00890000
RPTNMLNKQHNFFAX77CA,太武新段,88.06,非都市：一般農業區 ; 非都市編定：甲種建築用地,1,1,全筆移轉,00900000
RPTNMLNKQHNFFAX77CA,太武新段,23.76,非都市：一般農業區 ; 非都市編定：交通用地,1,1,全筆移轉,00910000
RPQNMLTLQHNFFAX28DA,國宅段,115.86,非都市： ; 非都市編定：,1,1,全筆移轉,03190008
RPTNMLLLQHNFFAX67CA,四維段,208.94,非都市：一般農業區 ; 非都市編定：農牧用地,10000,904,持分移轉,05840000
RPTNMLLLQHNFFAX67CA,四維段,219.35,非都市：一般農業區 ; 非都市編定：農牧用地,10000,949,持分移轉,05840000
RPTNMLLLQHNFFAX67CA,四維段,226.74,非都市：一般農業區 ; 非都市編定：農牧用地,10000,981,持分移轉,05840000
RPTNMLLLQHNFFAX67CA,四維段,220.50,非都市：一般農業區 ; 非都市編定：農牧用地,10000,954,持分移轉,05840000
RPTNMLLLQHNFFAX67CA,四維段,217.73,非都市：一般農業區 ; 非都市編定：農牧用地,10000,942,持分移轉,05840000
RPTNMLLLQHNFFAX67CA,四維段,281.29,非都市：一般農業區 ; 非都市編定：農牧用地,10000,1217,持分移轉,05840000
RPPNMLRJQHNFFAX67CA,六合段,736.22,非都市： ; 非都市編定：,2,1,持分移轉,07040000
RPPNMLRJQHNFFAX67CA,六合段,368.11,非都市： ; 非都市編定：,4,1,持分移轉,07040000
RPPNMLRJQHNFFAX67CA,六合段,368.11,非都市： ; 非都市編定：,4,1,持分移轉,07040000
RPRNMLQKQHNFFAX97DA,中屯新段,601.48,非都市：一般農業區 ; 非都市編定：農牧用地,1,1,全筆移轉,11300000
RPUNMLNKQHNFFAX87CA,興崁段,2320.07,非都市：一般農業區 ; 非都市編定：農牧用地,1,1,全筆移轉,10730000
RPQNMLQJQHNFFAX77DA,中衛段,143.35,非都市：一般農業區 ; 非都市編定：農牧用地,1,1,全筆移轉,01560000
RPTNMLNJQHNFFAX67CA,城北段,486.48,非都市：一般農業區 ; 非都市編定：農牧用地,2,1,持分移轉,09510000
RPTNMLNJQHNFFAX67CA,城北段,486.48,非都市：一般農業區 ; 非都市編定：農牧用地,2,1,持分移轉,09510000
RPRNMLKKQHNFFAX27CA,雙湖段,280.22,非都市：一般農業區 ; 非都市編定：農牧用地,2,1,持分移轉,00790001
RPQNMLQKQHNFFAX87DA,赤崁中段,524.01,非都市：一般農業區 ; 非都市編定：農牧用地,1,1,全筆移轉,09850000
RPOOMLNKNHOFFAX37EA,文光段,25.52,非都市： ; 非都市編定：,100000,308,持分移轉,00200000
RPOOMLNKNHOFFAX37EA,文光段,3.30,非都市： ; 非都市編定：,100000,308,持分移轉,00540000
RPPNMLLJQHNFFAX07CA,港子段,500.00,非都市：一般農業區 ; 非都市編定：農牧用地,1,1,全筆移轉,17020000
RPQNMLSJQHNFFAX87CA,馬公段,67.00,非都市： ; 非都市編定：,1,1,全筆移轉,11650000
RPQNMLKKQHNFFAX17CA,五福段,10.00,非都市：鄉村區 ; 非都市編定：乙種建築用地,3,1,持分移轉,03390000
RPRNMLSJQHNFFAX97CA,文光段,17.43,非都市： ; 非都市編定：,1,1,全筆移轉,04130000
RPRNMLSJQHNFFAX97CA,文光段,9.50,非都市： ; 非都市編定：,1,1,全筆移轉,04140000
RPPNMLMKQHNFFAX27CA,興崁段,165.90,非都市：一般農業區 ; 非都市編定：甲種建築用地,1,1,全筆移轉,07930002
RPPNMLMKQHNFFAX27CA,興崁段,81.97,非都市：一般農業區 ; 非都市編定：交通用地,5,1,持分移轉,07930004
RPPNMLKKQHNFFAX17DA,講美段,183.01,非都市：鄉村區 ; 非都市編定：交通用地,1,1,全筆移轉,05220000
RPPNMLKKQHNFFAX17DA,講美段,17.26,非都市：鄉村區 ; 非都市編定：交通用地,1,1,全筆移轉,05340000
RPWNMLKKQHNFFAX87DA,通梁南段,20.43,非都市： ; 非都市編定：,1,1,全筆移轉,10260002
RPRNMLNKQHNFFAX67DA,文寮段,525.53,非都市：一般農業區 ; 非都市編定：農牧用地,1,1,全筆移轉,03320000
RPSNMLKKQHNFFAX47DA,湖東新段,355.46,非都市：一般農業區 ; 非都市編定：農牧用地,1,1,全筆移轉,04570000
RPSNMLKKQHNFFAX47DA,湖東新段,256.06,非都市：一般農業區 ; 非都市編定：農牧用地,1,1,全筆移轉,04580000
RPPNMLSJQHNFFAX77CA,馬公段,82.00,非都市： ; 非都市編定：,1,1,全筆移轉,00730028
RPPNMLNKQHNFFAX37CA,青螺新段,553.92,非都市：一般農業區 ; 非都市編定：農牧用地,1,1,全筆移轉,06450000
RPQNMLTKQHNFFAX08CA,五福段,35.86,非都市：一般農業區 ; 非都市編定：交通用地,12,1,持分移轉,09800004
RPQNMLTKQHNFFAX08CA,五福段,190.35,非都市：一般農業區 ; 非都市編定：甲種建築用地,1,1,全筆移轉,09800012
RPSNMLNKQHNFFAX67CA,中衛段,1154.32,非都市：一般農業區 ; 非都市編定：農牧用地,1,1,全筆移轉,16370000
RPSNMLNKQHNFFAX67CA,中衛段,1804.31,非都市：一般農業區 ; 非都市編定：農牧用地,1,1,全筆移轉,16360000
RPUNMLKKQHNFFAX57CA,東衛段,137.46,非都市：鄉村區 ; 非都市編定：乙種建築用地,1,1,全筆移轉,09580000
RPSNMLOKQHNFFAX77CA,四維段,452.96,非都市：一般農業區 ; 非都市編定：農牧用地,6,1,持分移轉,11880000
RPTNMLOLQHNFFAX97CA,大嶼段,475.00,非都市：一般農業區 ; 非都市編定：農牧用地,1,1,全筆移轉,54880000
RPTNMLOLQHNFFAX97CA,大嶼段,25.00,非都市：一般農業區 ; 非都市編定：交通用地,1,1,全筆移轉,54880001
RPRNMLOLQHNFFAX77CA,?葉新段,2177.09,非都市：一般農業區 ; 非都市編定：農牧用地,1,1,全筆移轉,19460000
RPPNMLQJRHNFFAX67CA,東澳段,139.65,非都市： ; 非都市編定：,1,1,全筆移轉,05970000
RPQNMLKMQHNFFAX37CA,尖山北段,1379.76,非都市：一般農業區 ; 非都市編定：農牧用地,1,1,全筆移轉,03240000
RPQNMLKMQHNFFAX37CA,尖山北段,1109.98,非都市：一般農業區 ; 非都市編定：農牧用地,1,1,全筆移轉,04040000
RPOOMLKMQHNFFAX27CA,五福段,582.26,非都市：一般農業區 ; 非都市編定：農牧用地,1,1,全筆移轉,08910001
RPVNMLOKNHOFFAX87CA,文澳段,60.65,非都市： ; 非都市編定：,10000,190,持分移轉,22930000
RPPNMLOKQHNFFAX47CA,鐵線段,106.19,非都市：鄉村區 ; 非都市編定：乙種建築用地,3,1,持分移轉,09660000
RPQNMLOKQHNFFAX57CA,安宅段,280.30,非都市：一般農業區 ; 非都市編定：農牧用地,2,1,持分移轉,09540000
RPQNMLOKQHNFFAX57CA,安宅段,7.73,非都市：一般農業區 ; 非都市編定：交通用地,2,1,持分移轉,09530000
RPQNMLOKQHNFFAX57CA,安宅段,7.73,非都市：一般農業區 ; 非都市編定：交通用地,2,1,持分移轉,09530000
RPQNMLOKQHNFFAX57CA,安宅段,280.30,非都市：一般農業區 ; 非都市編定：農牧用地,2,1,持分移轉,09540000
