﻿鄉鎮市區,交易標的,土地位置建物門牌,土地移轉總面積平方公尺,都市土地使用分區,非都市土地使用分區,非都市土地使用編定,交易年月日,交易筆棟數,移轉層次,總樓層數,建物型態,主要用途,主要建材,建築完成年月,建物移轉總面積平方公尺,建物現況格局-房,建物現況格局-廳,建物現況格局-衛,建物現況格局-隔間,有無管理組織,總價元,單價元平方公尺,車位類別,車位移轉總面積平方公尺,車位總價元,備註,編號
The villages and towns urban district,transaction sign,land sector position building sector house number plate,land shifting total area square meter,the use zoning or compiles and checks,the non-metropolis land use district,non-metropolis land use,transaction year month and day,transaction pen number,shifting level,total floor number,building state,main use,main building materials,construction to complete the years,building shifting total area,Building present situation pattern - room,building present situation pattern - hall,building present situation pattern - health,building present situation pattern - compartmented,Whether there is manages the organization,total price NTD,the unit price (NTD / square meter),the berth category,berth shifting total area square meter,the berth total price NTD,the note,serial number
中山區,房地(土地+建物)+車位,臺北市中山區金泰段119-2、119-3地號 A戶4樓,63.58,住,,,1030807,土地1建物1車位2,四層,8,華廈(10層含以下有電梯),住家用,鋼筋混凝土造,,225.07,3,2,2,有,無,111800000,496734,坡道平面,0.0,5600000,因車位面積尚無法確認，故交易面積不含車位面積,RPQOMLNJJIKFFCA17CB
中山區,房地(土地+建物)+車位,臺北市中山區金泰段119-2、119-3地號 A戶5樓,63.77,住,,,1030716,土地1建物1車位2,五層,8,華廈(10層含以下有電梯),住家用,鋼筋混凝土造,,225.67,3,2,2,有,無,112800000,499845,坡道平面,0.0,5600000,因車位面積尚無法確認，故交易面積不含車位面積,RPROMLNJJIKFFCA27CB
中山區,房地(土地+建物)+車位,臺北市中山區金泰段119-2、119-3地號 A戶6樓,65.23,住,,,1030622,土地1建物1車位2,六層,8,華廈(10層含以下有電梯),住家用,鋼筋混凝土造,,231.02,3,2,2,有,無,118000000,510778,坡道平面,0.0,6500000,因車位面積尚無法確認，故交易面積不含車位面積,RPUOMLNJJIKFFCA57CB
中山區,房地(土地+建物)+車位,臺北市中山區金泰段119-2、119-3地號 A戶7+8樓,107.01,住,,,1030729,土地1建物1車位3,七層,8,華廈(10層含以下有電梯),住家用,鋼筋混凝土造,,379.25,4,2,3,有,無,202600000,534212,坡道平面,0.0,9800000,7F+8F樓中樓因車位面積尚無法確認，故交易面積不含車位面積,RPVOMLNJJIKFFCA67CB
中山區,房地(土地+建物)+車位,臺北市中山區金泰段119-2、119-3地號 B戶2樓,63.58,住,,,1030817,土地1建物1車位2,二層,8,華廈(10層含以下有電梯),住家用,鋼筋混凝土造,,225.08,3,2,2,有,無,107600000,478052,坡道平面,0.0,5400000,因車位面積尚無法確認，故交易面積不含車位面積,RPXOMLNJJIKFFCA87CB
中山區,房地(土地+建物)+車位,臺北市中山區金泰段119-2、119-3地號 B戶3樓,63.77,住,,,1030714,土地1建物1車位2,三層,8,華廈(10層含以下有電梯),住家用,鋼筋混凝土造,,225.67,2,2,2,有,無,111380000,493553,坡道平面,0.0,5600000,因車位面積尚無法確認，故交易面積不含車位面積,RPOPMLNJJIKFFCA07CB
中山區,房地(土地+建物)+車位,臺北市中山區金泰段119-2、119-3地號 B戶4樓,65.23,住,,,1030806,土地1建物1車位2,四層,8,華廈(10層含以下有電梯),住家用,鋼筋混凝土造,,231.04,3,2,2,有,無,113070000,489396,坡道平面,0.0,5800000,因車位面積尚無法確認，故交易面積不含車位面積,RPPPMLNJJIKFFCA17CB
中山區,房地(土地+建物)+車位,臺北市中山區金泰段119-2、119-3地號 B戶5樓,63.58,住,,,1030623,土地1建物1車位2,五層,8,華廈(10層含以下有電梯),住家用,鋼筋混凝土造,,225.05,3,2,2,有,無,111800000,496778,坡道平面,0.0,5600000,因車位面積尚無法確認，故交易面積不含車位面積,RPRPMLNJJIKFFCA37CB
中山區,房地(土地+建物)+車位,臺北市中山區金泰段119-2、119-3地號 B戶6樓,66.15,住,,,1030622,土地1建物1車位2,六層,8,華廈(10層含以下有電梯),住家用,鋼筋混凝土造,,234.05,3,2,2,有,無,118800000,507584,坡道平面,0.0,6500000,因車位面積尚無法確認，故交易面積不含車位面積,RPSPMLNJJIKFFCA47CB
中山區,房地(土地+建物)+車位,臺北市中山區金泰段122、122-1地號二樓A戶,61.4,住,,,1031018,土地1建物1車位2,二層,10,華廈(10層含以下有電梯),住家用,鋼筋混凝土造,,228.94,3,2,2,有,無,105880000,462479,坡道機械,0.0,3100000,,RPQPMLMKJIKFFCA37DB
中山區,房地(土地+建物)+車位,臺北市中山區天祥路      １６號,9.17,住,,,1030916,土地1建物1車位1,三層,12,住宅大樓(11層含以上有電梯),住家用,鋼筋混凝土造,,69.33,1,0,1,有,無,15770000,269832,塔式車位,19.41,2300000,,RPUPMLQJJHLFFCA97CB
中山區,房地(土地+建物)+車位,臺北市中山區天祥路    １６號,9.17,住,,,1030725,土地1建物1車位1,四層,12,住宅大樓(11層含以上有電梯),住家用,鋼筋混凝土造,,69.33,1,0,1,有,無,16320000,280849,塔式車位,19.41,2300000,,RPVPMLQJJHLFFCA08CB
中山區,房地(土地+建物)+車位,臺北市中山區天祥路      １６號,13.86,住,,,1030811,土地1建物1車位1,六層,12,住宅大樓(11層含以上有電梯),住家用,鋼筋混凝土造,,94.98,1,1,1,有,無,24350000,291782,塔式車位,19.41,2300000,,RPWPMLQJJHLFFCA18CB
中山區,房地(土地+建物)+車位,臺北市中山區天祥路    １６號,13.86,住,,,1030725,土地1建物1車位1,七層,12,住宅大樓(11層含以上有電梯),住家用,鋼筋混凝土造,,94.98,1,1,1,有,無,25550000,307662,塔式車位,19.41,2300000,,RPXPMLQJJHLFFCA28CB
中山區,房地(土地+建物)+車位,臺北市中山區天祥路      １６號,13.86,住,,,1030721,土地1建物1車位1,八層,12,住宅大樓(11層含以上有電梯),住家用,鋼筋混凝土造,,94.98,1,1,1,有,無,25280000,304089,塔式車位,19.41,2300000,,RPOQMLQJJHLFFCA47CB
中山區,房地(土地+建物),臺北市中山區天祥路      １６號,7.64,住,,,1030721,土地1建物1車位0,十一層,12,住宅大樓(11層含以上有電梯),住家用,鋼筋混凝土造,,41.59,1,0,1,有,無,13500000,324597,,0.0,0,,RPPQMLQJJHLFFCA57CB
中山區,房地(土地+建物)+車位,臺北市中山區天祥路    １６號,16.23,住,,,1030616,土地1建物1車位1,十二層,12,住宅大樓(11層含以上有電梯),住家用,鋼筋混凝土造,,107.67,1,1,1,有,無,31560000,331521,塔式車位,19.41,2300000,,RPQQMLQJJHLFFCA67CB
中山區,房地(土地+建物),臺北市中山區天祥路      １６號,12.66,住,,,1030830,土地1建物1車位0,五層,12,住宅大樓(11層含以上有電梯),住家用,鋼筋混凝土造,,68.89,1,1,1,有,無,19800000,287415,,0.0,0,,RPRQMLQJJHLFFCA77CB
中山區,房地(土地+建物),臺北市中山區天祥路      １６號,12.66,住,,,1030924,土地1建物1車位0,六層,12,住宅大樓(11層含以上有電梯),住家用,鋼筋混凝土造,,68.89,1,1,1,有,無,19850000,288141,,0.0,0,,RPSQMLQJJHLFFCA87CB
中山區,房地(土地+建物)+車位,臺北市中山區天祥路    １６號,12.66,住,,,1030725,土地1建物1車位1,七層,12,住宅大樓(11層含以上有電梯),住家用,鋼筋混凝土造,,88.3,1,1,1,有,無,23710000,310785,塔式車位,19.41,2300000,,RPTQMLQJJHLFFCA97CB
中山區,房地(土地+建物)+車位,臺北市中山區天祥路    １６號,12.16,住,,,1030725,土地1建物1車位1,七層,12,住宅大樓(11層含以上有電梯),住家用,鋼筋混凝土造,,85.59,1,1,1,有,無,23010000,312934,塔式車位,19.41,2300000,,RPUQMLQJJHLFFCA08CB
松山區,房地(土地+建物)+車位,臺北市松山區敦化南路一段69號旁A-2F,57.56,其他,,,1011025,土地2建物1車位3,二層,22,住宅大樓(11層含以上有電梯),住家用,鋼骨混凝土造,,741.79,0,0,0,無,無,287870000,451708,坡道平面,130.4,11700000,,RPPQMLLLJHLFFDA37CB
松山區,房地(土地+建物)+車位,臺北市松山區敦化南路一段69號旁A-3F,58.17,其他,,,1011010,土地2建物1車位3,三層,22,住宅大樓(11層含以上有電梯),住家用,鋼骨混凝土造,,756.21,0,0,0,無,無,286600000,439271,坡道平面,130.4,11700000,,RPQQMLLLJHLFFDA47CB
松山區,房地(土地+建物)+車位,臺北市松山區敦化南路一段69號旁A-7F,58.17,其他,,,1011004,土地2建物1車位3,七層,22,住宅大樓(11層含以上有電梯),住家用,鋼骨混凝土造,,756.21,0,0,0,無,無,295130000,451942,坡道平面,130.4,12300000,,RPRQMLLLJHLFFDA57CB
松山區,房地(土地+建物)+車位,臺北市松山區敦化南路一段69號旁A-9F,58.17,其他,,,1011001,土地2建物1車位3,九層,22,住宅大樓(11層含以上有電梯),住家用,鋼骨混凝土造,,756.21,0,0,0,無,無,306580000,472635,坡道平面,130.4,10800000,,RPSQMLLLJHLFFDA67CB
松山區,房地(土地+建物)+車位,臺北市松山區敦化南路一段69號旁A-10F,58.17,其他,,,1010927,土地2建物1車位3,十層,22,住宅大樓(11層含以上有電梯),住家用,鋼骨混凝土造,,756.21,0,0,0,無,無,294510000,450472,坡道平面,130.4,12600000,,RPTQMLLLJHLFFDA77CB
松山區,房地(土地+建物)+車位,臺北市松山區敦化南路一段69號旁A-12F,58.17,其他,,,1010927,土地2建物1車位3,十二層,22,住宅大樓(11層含以上有電梯),住家用,鋼骨混凝土造,,762.68,0,0,0,無,無,305300000,467894,坡道平面,136.47,12300000,,RPUQMLLLJHLFFDA87CB
松山區,房地(土地+建物)+車位,臺北市松山區敦化南路一段69號旁A-15F,58.17,其他,,,1010927,土地2建物1車位3,十五層,22,住宅大樓(11層含以上有電梯),住家用,鋼骨混凝土造,,762.68,0,0,0,無,無,321940000,494467,坡道平面,136.47,12300000,,RPVQMLLLJHLFFDA97CB
松山區,房地(土地+建物)+車位,臺北市松山區敦化南路一段69號旁A-17F,58.29,其他,,,1010928,土地2建物1車位4,十七層,22,住宅大樓(11層含以上有電梯),住家用,鋼骨混凝土造,,807.77,0,0,0,無,無,342350000,519886,坡道平面,181.96,17000000,,RPWQMLLLJHLFFDA08CB
松山區,房地(土地+建物)+車位,臺北市松山區敦化南路一段69號旁A-18F,58.29,其他,,,1011002,土地2建物1車位4,十八層,22,住宅大樓(11層含以上有電梯),住家用,鋼骨混凝土造,,795.63,0,0,0,無,無,335600000,514693,坡道平面,169.82,13500000,,RPXQMLLLJHLFFDA18CB
中山區,房地(土地+建物),臺北市中山區中山北路  二  ５９巷  Ａ０１,6.36,商,,,1020528,土地1建物1車位0,一層,9,華廈(10層含以下有電梯),住家用,見使用執照,,39.37,1,0,1,有,無,20380000,517653,,0.0,0,,RPOPMLMLJHLFFCA17CB
中山區,房地(土地+建物)+車位,臺北市中山區中山北路  二  ５９巷  Ａ０２,14.82,商,,,1020414,土地1建物1車位1,二層,9,華廈(10層含以下有電梯),住家用,鋼筋混凝土加強磚造,,121.52,2,2,1,有,無,27550000,265660,升降平面,26.85,2400000,,RPPPMLMLJHLFFCA27CB
中山區,房地(土地+建物)+車位,臺北市中山區中山北路  二段  ５９巷  Ａ０３,14.77,商,,,1020413,土地1建物1車位1,三層,9,華廈(10層含以下有電梯),住家用,見使用執照,,121.23,2,2,2,有,無,26900000,261708,升降平面,26.85,2200000,,RPWOMLOLJHLFFCA08CB
中山區,房地(土地+建物),臺北市中山區中山北路  二段  ５９巷  Ａ０４,14.77,商,,,1020208,土地1建物1車位0,四層,9,華廈(10層含以下有電梯),住家用,見使用執照,,94.35,2,2,1,有,無,24450000,259141,,0.0,0,,RPXOMLOLJHLFFCA18CB
中山區,房地(土地+建物)+車位,臺北市中山區中山北路  二段  ５９巷A07,14.77,商,,,1020318,土地1建物1車位1,七層,9,華廈(10層含以下有電梯),住家用,見使用執照,,121.23,2,1,1,有,無,28000000,273363,升降平面,26.85,2200000,,RPRNMLPLJHLFFCA57CB
中山區,房地(土地+建物),臺北市中山區中山北路  二段  ５９巷A08,14.77,商,,,1011230,土地1建物1車位0,八層,9,華廈(10層含以下有電梯),住家用,見使用執照,,94.35,2,2,1,有,無,25700000,272390,,0.0,0,,RPSNMLPLJHLFFCA67CB
中山區,房地(土地+建物)+車位,臺北市中山區中山北路二段５９巷A09,21.28,商,,,1020511,土地1建物1車位1,九層,9,華廈(10層含以下有電梯),住家用,見使用執照,,163.16,4,2,2,有,無,44340000,307681,升降平面,26.85,2400000,,RPTNMLPLJHLFFCA77CB
中山區,房地(土地+建物),臺北市中山區中山北路二段59巷B01,67.76,商,,,1020408,土地1建物1車位0,一層,9,華廈(10層含以下有電梯),住家用,見使用執照,,41.97,1,1,1,有,無,21000000,500357,,0.0,0,,RPVNMLPLJHLFFCA97CB
中山區,房地(土地+建物),臺北市中山區中山北路  二  ５９巷  Ｂ０２,15.39,商,,,1020329,土地1建物1車位0,二層,9,華廈(10層含以下有電梯),住家用,見使用執照,,98.31,2,2,1,有,無,25650000,260909,,0.0,0,,RPWNMLPLJHLFFCA08CB
中山區,房地(土地+建物)+車位,臺北市中山區中山北路  二段  ５９巷 Ｂ03,15.39,商,,,1020130,土地1建物1車位1,三層,9,華廈(10層含以下有電梯),住家用,見使用執照,,125.19,3,2,1,有,無,27100000,254220,升降平面,26.85,2100000,,RPXNMLPLJHLFFCA18CB
中山區,房地(土地+建物),臺北市中山區中山北路  二  ５９巷  Ｂ０４,15.39,商,,,1020214,土地1建物1車位0,四層,9,華廈(10層含以下有電梯),住家用,見使用執照,,98.34,2,2,1,有,無,25280000,257067,,0.0,0,,RPOOMLPLJHLFFCA37CB
中山區,房地(土地+建物)+車位,臺北市中山區中山北路  二段  ５９巷B05,15.39,商,,,1011231,土地1建物1車位1,五層,9,住宅大樓(11層含以上有電梯),住家用,見使用執照,,125.19,2,1,1,有,無,27580000,259101,升降平面,26.85,2100000,,RPPOMLPLJHLFFCA47CB
中山區,房地(土地+建物)+車位,臺北市中山區中山北路  二段  ５９巷B06,15.39,商,,,1020228,土地1建物1車位1,六層,9,華廈(10層含以下有電梯),住家用,見使用執照,,125.19,3,2,1,有,無,28200000,264389,升降平面,26.85,2200000,,RPQOMLPLJHLFFCA57CB
中山區,房地(土地+建物)+車位,臺北市中山區中山北路  二  ５９巷  Ｂ０７,15.39,商,,,1020310,土地1建物1車位1,七層,9,華廈(10層含以下有電梯),住家用,見使用執照,,125.19,2,2,1,有,無,28750000,269982,升降平面,26.85,2200000,,RPROMLPLJHLFFCA67CB
中山區,房地(土地+建物)+車位,臺北市中山區中山北路  二段  ５９巷B08,15.39,商,,,1011230,土地1建物1車位1,八層,9,華廈(10層含以下有電梯),住家用,見使用執照,,98.31,2,2,1,有,無,28700000,368038,坡道機械,26.85,2400000,,RPSOMLPLJHLFFCA77CB
中山區,房地(土地+建物)+車位,臺北市中山區中山北路  二 段59巷B09,22.12,商,,,1020511,土地1建物1車位1,九層,9,華廈(10層含以下有電梯),住家用,見使用執照,,168.23,4,2,2,有,無,45880000,307540,升降平面,26.85,2400000,,RPTOMLPLJHLFFCA87CB
中山區,房地(土地+建物),臺北市中山區中山北路二段59巷C01,6.78,商,,,1020408,土地1建物1車位0,一層,9,華廈(10層含以下有電梯),住家用,見使用執照,,41.97,1,1,1,有,無,20000000,476531,,0.0,0,,RPVOMLPLJHLFFCA08CB
中山區,房地(土地+建物)+車位,臺北市中山區中山北路  二段 ５９巷C02,15.82,商,,,1011229,土地1建物1車位1,二層,9,住宅大樓(11層含以上有電梯),住家用,見使用執照,,127.88,2,2,1,有,無,28000000,255370,升降平面,26.85,2200000,,RPWOMLPLJHLFFCA18CB
中山區,房地(土地+建物),臺北市中山區中山北路  二  ５９巷  Ｃ０４,15.82,商,,,1020206,土地1建物1車位0,四層,9,華廈(10層含以下有電梯),住家用,見使用執照,,101.03,2,2,1,有,無,25800000,255370,,0.0,0,,RPOPMLPLJHLFFCA47CB
中山區,房地(土地+建物)+車位,臺北市中山區中山北路  二段  ５９巷C05,15.82,商,,,1011231,土地1建物1車位1,五層,9,住宅大樓(11層含以上有電梯),住家用,見使用執照,,127.88,2,2,1,有,無,27900000,255370,升降平面,26.85,2100000,,RPPPMLPLJHLFFCA57CB
中山區,房地(土地+建物),臺北市中山區中山北路  二段  ５９巷C06,15.82,商,,,1011227,土地1建物1車位0,六層,9,住宅大樓(11層含以上有電梯),住家用,見使用執照,,101.03,2,2,1,有,無,25980000,257151,,0.0,0,,RPRPMLPLJHLFFCA77CB
中山區,房地(土地+建物)+車位,臺北市中山區中山北路二段59巷C07,15.82,商,,,1020130,土地1建物1車位1,七層,9,華廈(10層含以下有電梯),住家用,見使用執照,,127.88,2,1,1,有,無,28500000,260319,升降平面,26.85,2200000,,RPSPMLPLJHLFFCA87CB
中山區,房地(土地+建物),臺北市中山區中山北路  二段  ５９巷C08,15.82,商,,,1011230,土地1建物1車位0,八層,9,住宅大樓(11層含以上有電梯),住家用,見使用執照,,101.03,2,2,1,有,無,26380000,261111,,0.0,0,,RPTPMLPLJHLFFCA97CB
中山區,房地(土地+建物)+車位,臺北市中山區中山北路二段59巷C09,24.48,商,,,1020624,土地1建物1車位1,九層,9,華廈(10層含以下有電梯),住家用,鋼筋混凝土造,,181.97,3,2,2,有,無,50090000,307439,升降平面,26.85,2400000,,RPUPMLPLJHLFFCA08CB
中山區,房地(土地+建物),臺北市中山區中山北路  二段  ５９巷  Ｄ０１,8.68,商,,,1020331,土地1建物1車位0,一層,9,華廈(10層含以下有電梯),住家用,鋼筋混凝土造,,53.81,1,1,1,有,無,22780000,423341,,0.0,0,,RPVPMLPLJHLFFCA18CB
中山區,房地(土地+建物)+車位,臺北市中山區敬業三路161巷A棟2樓A-2戶,125.38,住,,,1020424,土地1建物1車位3,二層,11,住宅大樓(11層含以上有電梯),住家用,鋼骨混凝土造,,612.89,3,2,4,有,無,215700000,449822,坡道機械,155.82,10100000,,RPVRMLPLJHLFFCA38CB
中山區,房地(土地+建物)+車位,臺北市中山區敬業三路161巷A棟3樓A-3戶,118.53,住,,,1020415,土地1建物1車位2,三層,11,住宅大樓(11層含以上有電梯),住家用,鋼骨混凝土造,,544.56,3,2,4,有,無,209050000,460177,坡道機械,103.86,6250000,,RPWRMLPLJHLFFCA48CB
中山區,房地(土地+建物)+車位,臺北市中山區敬業三路161巷A棟4樓A-4戶,124.61,住,,,1020413,土地1建物1車位3,四層,11,住宅大樓(11層含以上有電梯),住家用,鋼骨混凝土造,,596.46,3,2,4,有,無,192670000,414159,坡道機械,155.76,10150000,,RPXRMLPLJHLFFCA58CB
中山區,房地(土地+建物)+車位,臺北市中山區敬業三路161巷A棟5樓A-5戶,123.77,住,,,1040107,土地1建物1車位3,五層,11,住宅大樓(11層含以上有電梯),住家用,鋼骨混凝土造,,589.37,3,2,4,有,無,211950000,458248,坡道機械,148.67,10000000,,RPOSMLPLJHLFFCA77CB
中山區,房地(土地+建物)+車位,臺北市中山區敬業三路161巷A棟6樓A-6戶,123.77,住,,,1020402,土地1建物1車位3,六層,11,住宅大樓(11層含以上有電梯),住家用,鋼骨混凝土造,,589.41,3,2,4,有,無,207470000,449671,坡道機械,148.71,9300000,,RPPSMLPLJHLFFCA87CB
中山區,房地(土地+建物)+車位,臺北市中山區敬業三路161巷A棟7樓A-7戶,123.77,住,,,1020418,土地1建物1車位3,七層,11,住宅大樓(11層含以上有電梯),住家用,鋼骨混凝土造,,589.35,3,2,4,有,無,209460000,454073,坡道機械,148.65,9350000,,RPQSMLPLJHLFFCA97CB
中山區,房地(土地+建物)+車位,臺北市中山區敬業三路161巷A棟9樓A-9戶,118.53,住,,,1020405,土地1建物1車位2,九層,11,住宅大樓(11層含以上有電梯),住家用,鋼骨混凝土造,,544.56,3,2,4,有,無,220000000,483889,坡道機械,103.86,6750000,,RPRSMLPLJHLFFCA08CB
中山區,房地(土地+建物)+車位,臺北市中山區敬業三路161巷B棟2樓B-2戶,125.38,住,,,1031028,土地1建物1車位3,二層,11,住宅大樓(11層含以上有電梯),住家用,鋼骨混凝土造,,612.83,3,2,4,有,無,210650000,438664,坡道機械,155.76,10150000,,RPSSMLPLJHLFFCA18CB
中山區,房地(土地+建物)+車位,臺北市中山區敬業三路161巷B棟3樓B-3戶,124.61,住,,,1020412,土地1建物1車位3,三層,11,住宅大樓(11層含以上有電梯),住家用,鋼骨混凝土造,,596.46,3,2,4,有,無,209610000,452598,坡道機械,155.76,10150000,,RPTSMLPLJHLFFCA28CB
中山區,房地(土地+建物)+車位,臺北市中山區敬業三路161巷B棟4樓B-4戶,117.69,住,,,1020417,土地1建物1車位2,四層,11,住宅大樓(11層含以上有電梯),住家用,鋼骨混凝土造,,537.45,3,2,4,有,無,192490000,423281,坡道機械,96.75,5950000,,RPUSMLPLJHLFFCA38CB
中山區,房地(土地+建物)+車位,臺北市中山區敬業三路161巷B棟5樓B-5戶,123.77,住,,,1020410,土地1建物1車位3,五層,11,住宅大樓(11層含以上有電梯),住家用,鋼骨混凝土造,,589.35,3,2,4,有,無,200000000,432607,坡道機械,148.65,9350000,,RPVSMLPLJHLFFCA48CB
中山區,房地(土地+建物)+車位,臺北市中山區敬業三路161巷B棟9樓B-9戶,118.53,住,,,1020412,土地1建物1車位2,九層,11,住宅大樓(11層含以上有電梯),住家用,鋼骨混凝土造,,544.56,3,2,4,有,無,216650000,476288,坡道機械,103.86,6750000,,RPXSMLPLJHLFFCA68CB
中山區,房地(土地+建物)+車位,臺北市中山區正義段二小段29等2筆地號A-7F,32.72,商,,,1000801,土地2建物1車位3,七層,22,住宅大樓(11層含以上有電梯),商業用,鋼骨鋼筋混凝土造,,558.97,0,0,0,無,無,189160000,338408,坡道平面,72.6,0,,RPPOMLQLJHLFFCA57CB
中山區,房地(土地+建物)+車位,臺北市中山區正義段二小段29等2筆地號A-17F,29.4,商,,,1001031,土地2建物1車位3,十七層,22,住宅大樓(11層含以上有電梯),商業用,鋼骨鋼筋混凝土造,,509.6,0,0,0,無,無,183580000,360243,坡道平面,72.6,0,,RPROMLQLJHLFFCA77CB
中山區,房地(土地+建物)+車位,臺北市中山區正義段二小段29等2筆地號B-7F,33.06,商,,,1000801,土地2建物1車位3,七層,22,住宅大樓(11層含以上有電梯),商業用,鋼骨鋼筋混凝土造,,564.12,0,0,0,無,無,191040000,338651,坡道平面,72.6,0,,RPSOMLQLJHLFFCA87CB
中山區,房地(土地+建物)+車位,臺北市中山區正義段二小段29等2筆地號B-17F,29.75,商,,,1001031,土地2建物1車位3,十七層,22,住宅大樓(11層含以上有電梯),商業用,鋼骨鋼筋混凝土造,,514.83,0,0,0,無,無,184420000,358215,坡道平面,72.6,0,,RPUOMLQLJHLFFCA08CB
中山區,房地(土地+建物)+車位,臺北市中山區正義段二小段29等2筆地號A-13F,32.53,商,,,1000313,土地2建物1車位5,十三層,22,住宅大樓(11層含以上有電梯),商業用,鋼骨鋼筋混凝土造,,508.82,0,0,0,無,無,211000000,414685,坡道平面,114.32,0,,RPWOMLQLJHLFFCA28CB
萬華區,房地(土地+建物)+車位,臺北市萬華區莒光路315號旁A1-2F,33.89,住,,,1040201,土地2建物1車位1,二層,15,住宅大樓(11層含以上有電梯),住家用,鋼筋混凝土造,,250.93,4,2,2,有,無,48880000,206696,坡道平面,27.51,2700000,,RPRNMLRLJHLFFBA67CB
萬華區,房地(土地+建物)+車位,臺北市萬華區莒光路315號旁A1-6F,34.07,住,,,1040108,土地2建物1車位1,六層,15,住宅大樓(11層含以上有電梯),住家用,鋼筋混凝土造,,250.93,4,2,2,有,無,52800000,223122,坡道平面,27.51,2950000,,RPSNMLRLJHLFFBA77CB
萬華區,房地(土地+建物)+車位,臺北市萬華區莒光路315號旁A1-10F,34.25,住,,,1031017,土地2建物1車位2,十層,15,住宅大樓(11層含以上有電梯),住家用,鋼筋混凝土造,,278.44,4,2,2,有,無,56500000,226479,坡道平面,55.02,5900000,,RPTNMLRLJHLFFBA87CB
萬華區,房地(土地+建物)+車位,臺北市萬華區莒光路315號旁A1-14F,34.25,住,,,1031205,土地2建物1車位2,十四層,15,住宅大樓(11層含以上有電梯),住家用,鋼筋混凝土造,,278.44,4,2,2,有,無,59580000,239817,坡道平面,55.02,6000000,,RPUNMLRLJHLFFBA97CB
萬華區,房地(土地+建物)+車位,臺北市萬華區莒光路315號旁A2-4F,30.97,住,,,1040110,土地2建物1車位2,四層,15,住宅大樓(11層含以上有電梯),住家用,鋼筋混凝土造,,258.51,4,2,2,有,無,48000000,206398,坡道平面,55.02,6000000,,RPVNMLRLJHLFFBA08CB
萬華區,房地(土地+建物)+車位,臺北市萬華區莒光路315號旁A2-6F,30.97,住,,,1031023,土地2建物1車位2,六層,15,住宅大樓(11層含以上有電梯),住家用,鋼筋混凝土造,,258.51,4,2,2,有,無,49430000,215391,坡道平面,55.02,5600000,,RPWNMLRLJHLFFBA18CB
萬華區,房地(土地+建物)+車位,臺北市萬華區莒光路315號旁A2-7F,30.97,住,,,1031023,土地2建物1車位2,七層,15,住宅大樓(11層含以上有電梯),住家用,鋼筋混凝土造,,258.51,4,2,2,有,無,50130000,215391,坡道平面,55.02,6300000,,RPXNMLRLJHLFFBA28CB
萬華區,房地(土地+建物)+車位,臺北市萬華區莒光路315號旁A2-8F,30.97,住,,,1031028,土地2建物1車位2,八層,15,住宅大樓(11層含以上有電梯),住家用,鋼筋混凝土造,,258.51,4,2,2,有,無,50000000,218193,坡道平面,55.02,5600000,,RPOOMLRLJHLFFBA47CB
萬華區,房地(土地+建物)+車位,臺北市萬華區莒光路315號旁A2-9F,30.97,住,,,1040114,土地2建物1車位2,九層,15,住宅大樓(11層含以上有電梯),住家用,鋼筋混凝土造,,258.51,4,2,2,有,無,49880000,222026,坡道平面,55.02,4700000,,RPPOMLRLJHLFFBA57CB
萬華區,房地(土地+建物)+車位,臺北市萬華區莒光路315號旁A2-11F,30.97,住,,,1040411,土地2建物1車位2,十一層,15,住宅大樓(11層含以上有電梯),住家用,鋼筋混凝土造,,258.51,4,2,2,有,無,51370000,230822,坡道平面,55.02,4400000,,RPQOMLRLJHLFFBA67CB
萬華區,房地(土地+建物)+車位,臺北市萬華區莒光路315號旁B1-8F,32.98,住,,,1031101,土地2建物1車位2,八層,15,住宅大樓(11層含以上有電梯),住家用,鋼筋混凝土造,,273.68,4,2,2,有,無,56700000,233696,坡道平面,55.02,5600000,,RPROMLRLJHLFFBA77CB
萬華區,房地(土地+建物)+車位,臺北市萬華區莒光路315號旁B1-9F,32.98,住,,,1040208,土地2建物1車位2,九層,15,住宅大樓(11層含以上有電梯),住家用,鋼筋混凝土造,,273.68,4,2,2,有,無,56000000,234153,坡道平面,55.02,4800000,,RPSOMLRLJHLFFBA87CB
萬華區,房地(土地+建物)+車位,臺北市萬華區莒光路315號旁B1-10F,32.98,住,,,1031115,土地2建物1車位2,十層,15,住宅大樓(11層含以上有電梯),住家用,鋼筋混凝土造,,273.68,4,2,2,有,無,57000000,237812,坡道平面,55.02,5000000,,RPTOMLRLJHLFFBA97CB
萬華區,房地(土地+建物)+車位,臺北市萬華區莒光路315號旁B1-11F,32.98,住,,,1031104,土地2建物1車位2,十一層,15,住宅大樓(11層含以上有電梯),住家用,鋼筋混凝土造,,273.68,4,2,2,有,無,56680000,237263,坡道平面,55.02,4800000,,RPUOMLRLJHLFFBA08CB
萬華區,房地(土地+建物)+車位,臺北市萬華區莒光路315號旁B1-12F,32.98,住,,,1040322,土地2建物1車位2,十二層,15,住宅大樓(11層含以上有電梯),住家用,鋼筋混凝土造,,273.68,4,2,2,有,無,57500000,241471,坡道平面,55.02,4700000,,RPVOMLRLJHLFFBA18CB
萬華區,房地(土地+建物)+車位,臺北市萬華區莒光路315號旁B1-14F,32.98,住,,,1031115,土地2建物1車位2,十四層,15,住宅大樓(11層含以上有電梯),住家用,鋼筋混凝土造,,273.68,4,2,2,有,無,59880000,249611,坡道平面,55.02,5300000,,RPWOMLRLJHLFFBA28CB
萬華區,房地(土地+建物)+車位,臺北市萬華區莒光路315號旁B2-2F,31.7,住,,,1040430,土地2建物1車位1,二層,15,住宅大樓(11層含以上有電梯),住家用,鋼筋混凝土造,,239.72,4,2,2,有,無,46320000,205551,坡道平面,27.51,2700000,,RPXOMLRLJHLFFBA38CB
萬華區,房地(土地+建物)+車位,臺北市萬華區莒光路315號旁B2-9F,32.07,住,,,1040208,土地2建物1車位2,九層,15,住宅大樓(11層含以上有電梯),住家用,鋼筋混凝土造,,267.23,4,2,2,有,無,49380000,210075,坡道平面,55.02,4800000,,RPOPMLRLJHLFFBA57CB
內湖區,房地(土地+建物)+車位,臺北市內湖區碧湖段二小段628地號,2446.0,住,,,1030212,土地1建物1車位1,二層,5,公寓(5樓含以下無電梯),住家用,鋼筋混凝土造,,104.69,2,2,1,有,無,21620000,269830,坡道平面,33.46,2400000,,RPQOMLTLJHLFFCA08DB
內湖區,房地(土地+建物)+車位,臺北市內湖區碧湖段二小段628地號,2446.0,住,,,1021224,土地1建物1車位2,一層,5,公寓(5樓含以下無電梯),住家用,,,133.06,3,2,2,有,無,28800000,362867,坡道平面,66.92,4800000,,RPROMLTLJHLFFCA18DB
內湖區,房地(土地+建物),臺北市內湖區碧湖二小段628地號,2446.0,住,,,1040415,土地1建物1車位0,一層,5,公寓(5樓含以下無電梯),住家用,鋼筋混凝土造,,113.87,3,2,2,有,無,21600000,189690,,0.0,0,,RPOPMLTLJHLFFCA97DB
