﻿編號,土地位置,土地移轉面積(平方公尺),使用分區或編定,權利人持分分母,權利人持分分子,移轉情形,地號
The serial number, land position,land shifting area square meter,the use zoning or compiles and checks,,,,land parcel
RPUPMLMJJIKFFAB57CC,下橋子頭段,.00,都市：住,,,,00080008
RPQPMLMJJIKFFAB17CC,半平厝段,25.12,都市：住,,,,19190000
RPTOMLMJJIKFFBB47CC,邱厝子段,.00,都市：住,,,,00210211
RPQNMLMJJIKFFCB17CC,中正段,8.57,都市：商,,,,01550000
RPOOMLMJJIKFFCB17DC,大新段,30.86,都市：住,,,,04130000
RPSNMLMJJIKFFIL98CC,新東段,75.29,非都市：鄉村區 ; 非都市編定：乙種建築用地,,,,02190000
RPRNMLMJJIKFFIL88CC,東園段,86.62,非都市：鄉村區 ; 非都市編定：乙種建築用地,,,,04810000
RPRNMLMJJIKFFIL88CC,東園段,16.01,非都市：鄉村區 ; 非都市編定：乙種建築用地,,,,04850000
RPPPMLNJJIKFFCB47DC,惠順段,12.09,都市：商,,,,00580000
RPTNMLNJJIKFFAL38CC,龍宮段,151.35,都市：住,,,,06110001
RPSOMLNJJIKFFCB67DC,國安段,11.87,都市：住,,,,00120015
RPTNMLNJJIKFFFL88CC,大新段,2.33,都市：其他:農建地,,,,05160000
RPTNMLNJJIKFFFL88CC,大新段,6.46,都市：其他:農建地,,,,05160001
RPTNMLNJJIKFFFL88CC,大新段,28.11,都市：其他:農建地,,,,05160057
RPTNMLNJJIKFFFL88CC,大新段,98.81,都市：其他:農建地,,,,05160058
RPOOMLMJJIKFFFL48DC,大富段,557.00,都市：農,,,,04190000
RPOOMLMJJIKFFFL48DC,大富段,171.00,都市：農,,,,04200000
RPVOMLNJJIKFFBB87DC,松昌段,16.69,都市：住,,,,04080002
RPUOMLMJJIKFFCB67CC,惠民段,.00,都市：其他:,,,,01090000
RPXNMLMJJIKFFCB87CC,惠智段,18.45,都市：住,,,,01540000
RPQOMLMJJIKFFCB27CC,惠民段,.00,都市：其他:,,,,01090000
RPSNMLMJJIKFFCB37CC,中正段,6.24,都市：商,,,,01550000
RPRNMLMJJIKFFCB27CC,中正段,8.57,都市：商,,,,01550000
RPVNMLNJJIKFFCB77CC,中正段,7.04,都市：商,,,,01550000
RPROMLNJJIKFFAB27CC,大益段,129.00,都市：其他:,,,,05940003
RPWNMLNJJIKFFCB87CC,黎明段,13.23,都市：住,,,,00310000
RPUNMLOJJIKFFAB57CC,頂橋子頭段,12.63,都市：商,,,,01030002
RPUNMLOJJIKFFAB57CC,城隍段二小段,4.43,都市：商,,,,00300057
RPWOMLNJJIKFFCB97CC,大墩段,7.97,都市：住,,,,04700000
RPUOMLNJJIKFFAB57CC,樹子腳段,1.94,都市：住,,,,00390000
RPROMLOJJIKFFAB37CC,麻園頭段,26.71,都市：住,,,,00830032
RPUNMLNJJIKFFFL98CC,家興段,9.85,都市：住,,,,01000000
RPPOMLNJJIKFFFL58CC,家興段,.00,都市：住,,,,01410000
RPVNMLNJJIKFFFL09CC,家興段,9.55,都市：住,,,,01000000
RPROMLNJJIKFFFL78CC,家興段,.00,都市：住,,,,01410000
RPPNMLOJJIKFFGL68CC,德芳段,21.16,都市：其他:,,,,03770000
RPPNMLOJJIKFFGL68CC,德芳段,62.99,都市：其他:,,,,03780000
RPPNMLOJJIKFFGL68CC,德芳段,3.61,都市：其他:,,,,03810000
RPOOMLOJJIKFFGL68CC,新甲段,50.41,都市：住,,,,00140006
RPROMLOJJIKFFBB47CC,東山段,6.67,都市：商,,,,02560000
RPUPMLPJJIKFFBB97CC,太祥段,27.64,都市：住,,,,01200000
RPPOMLPJJIKFFAB27CC,旱溪段,495.00,都市：住,,,,00490000
RPQNMLPJJIKFFHL98CC,新興段,.00,都市：住,,,,00230000
RPROMLQJJIKFFAB57CC,大益段,1268.00,都市：住,,,,03180000
RPSOMLQJJIKFFAB67CC,麻園頭段,78.00,都市：住,,,,08280000
RPWPMLQJJIKFFAB18CC,樹子腳段,1.96,都市：住,,,,00390000
RPTPMLQJJIKFFAB87CC,樹子腳段,1.96,都市：住,,,,00390000
RPPPMLQJJIKFFAB47CC,公館段,7.31,都市：住,,,,01580105
RPOQMLQJJIKFFAB47CC,樹子腳段,1.30,都市：住,,,,00390000
RPSNMLQJJIKFFAL68DC,豐原段,209.00,都市：商,,,,04150001
RPPNMLRJJIKFFBB47CC,東信段,9.94,都市：住,,,,02300001
RPUOMLQJJIKFFBB97CC,同榮段,64.04,都市：住,,,,31300018
RPPRMLTJJIKFFBB08CC,景福段,261.50,都市：住,,,,00920000
RPQNMLRJJIKFFBB57CC,東信段,67.00,都市：住,,,,02030001
RPTOMLTJJIKFFFL96CC,祥和段,100.20,都市：住,,,,06170000
RPUPMLPJJIKFFCB08CC,惠智段,249.04,都市：住,,,,00020001
RPUPMLPJJIKFFCB08CC,惠智段,462.81,都市：住,,,,00020000
RPWOMLOJJIKFFCB08CC,上石碑段,4.61,都市：商,,,,18000007
RPXOMLNJJIKFFCB08CC,國安段,16.45,都市：住,,,,00120015
RPQOMLOJJIKFFCB47CC,惠民段,14.21,都市：其他:新市政中心專用區,,,,01380000
RPROMLOJJIKFFCB57CC,惠民段,21.59,都市：其他:新市政中心專用區,,,,01380000
RPPOMLOJJIKFFCB37CC,惠民段,12.42,都市：其他:新市政中心專用區,,,,01380000
RPWNMLOJJIKFFCB97CC,惠民段,.00,都市：其他:新市政中心專用區,,,,01380000
RPRPMLTJJIKFFAB97CC,樹子腳段,1.28,都市：住,,,,00390000
RPPPMLTJJIKFFAB77CC,尚武段,77.00,都市：住,,,,08190000
RPSPMLTJJIKFFAB08CC,樹子腳段,1.93,都市：住,,,,00390000
RPTPMLTJJIKFFAB18CC,樹子腳段,1.94,都市：住,,,,00390000
RPWNMLKKJIKFFBB57CC,乾溝子段,36.86,都市：住,,,,01700005
RPVOMLKKJIKFFBB57CC,乾溝子段,24.08,都市：住,,,,01700049
RPPPMLTJJIKFFCB97CC,三塊厝段,10.17,都市：住,,,,12430000
RPVOMLKKJIKFFCB67CC,中正段,10.54,都市：商,,,,01550000
RPQNMLTJJIKFFCB87CC,大墩段,5.93,都市：住,,,,04700000
RPUOMLKKJIKFFCB57CC,中正段,5.87,都市：商,,,,01550000
RPUOMLTJJIKFFCB38CC,西屯段,9.37,都市：住,,,,07750000
RPTOMLKKJIKFFCB47CC,中正段,6.36,都市：商,,,,01550000
RPRNMLQJJIKFFCB67CC,大明段,116.00,都市：住,,,,02130000
RPWOMLTJJIKFFCB58CC,國安段,17.06,都市：住,,,,00120015
RPPNMLKKJIKFFHL58DC,宜欣段,4.29,都市：住,,,,21440000
RPQNMLKKJIKFFHL68DC,宜欣段,4.29,都市：住,,,,21440000
RPVNMLLKJIKFFCB67CC,國安段,4.52,都市：住,,,,05900000
RPQPMLLKJIKFFCB37CC,惠安段,22.21,都市：商,,,,00200000
RPRNMLKKJIKFFHL78DC,宜欣段,4.29,都市：住,,,,21440000
RPPSMLLKJIKFFBB47CC,東峰段,22.68,都市：住,,,,01310000
RPRPMLKKJIKFFBB27CC,東光段,2.73,都市：商,,,,01950000
RPQPMLKKJIKFFBB17CC,東峰段,9.99,都市：商,,,,01580000
RPWNMLMKJIKFFGL76DC,益民段,35.51,都市：住,,,,02130000
RPWNMLMKJIKFFGL76DC,益民段,5.12,都市：住,,,,02140000
RPTNMLNKJIKFFGL56DC,金城段,86.64,都市：工,,,,01240000
RPUNMLMKJIKFFCL68CC,北勢坑段六路厝小段,90.00,都市：住,,,,00400019
RPVNMLNKJIKFFBB87DC,中興段,21.86,都市：住,,,,05190000
RPWNMLNKJIKFFAL78CC,豐原段,60.00,都市：商,,,,00250115
RPPOMLMKJIKFFAB07CC,公館段,38.10,都市：住,,,,01510032
RPOOMLLKJIKFFAB86CC,樹子腳段,1.92,都市：住,,,,00390000
RPSOMLNKJIKFFAB47CC,麻園頭段,113.00,都市：住,,,,01340023
RPUNMLLKJIKFFAB37CC,後?子段,20.07,都市：商,,,,01020027
RPXNMLNKJIKFFAB87CC,大益段,11.56,都市：住,,,,10470000
RPROMLNKJIKFFAB37CC,麻園頭段,43.07,都市：住,,,,01730003
RPROMLLKJIKFFAB17CC,中墩段四小段,1.60,都市：商,,,,00250027
RPROMLLKJIKFFAB17CC,中墩段四小段,4.70,都市：商,,,,00250035
RPWNMLLKJIKFFAB57CC,下橋子頭段,13.77,都市：住,,,,02210006
RPWNMLLKJIKFFAB57CC,下橋子頭段,1.07,都市：其他:道路用地,,,,02210450
RPVNMLLKJIKFFAB47CC,柳川段一小段,1.57,都市：商,,,,00040000
RPVNMLLKJIKFFAB47CC,柳川段一小段,.36,都市：商,,,,00040006
RPVPMLTJJIKFFAB38CC,麻園頭段,.00,非都市： ; 非都市編定：,,,,00190029
RPVOMLNKJIKFFAB77CC,土庫段,.00,都市：住,,,,00010001
RPPNMLPKJIKFFCB47CC,何厝段,21.96,都市：住,,,,00780159
RPSOMLNKJIKFFCB67CC,西屯段,7.73,都市：住,,,,23840012
RPVOMLNKJIKFFCB97CC,寶文段,826.47,都市：工,,,,00890027
RPQOMLQKJIKFFAB57CC,麻園頭段,17.53,都市：住,,,,01300002
RPXNMLNKJIKFFCB08CC,中和段,97.00,都市：住,,,,05870018
RPVNMLQKJIKFFBB08CC,東信段,6.59,都市：住,,,,01690000
RPPNMLOKJIKFFBB27CC,東正段,5.47,都市：商,,,,01040000
RPUOMLNKJIKFFCB87CC,寶文段,826.47,都市：工,,,,00890027
RPTOMLQKJIKFFAB87CC,麻園頭段,12.54,都市：住,,,,01320000
RPXNMLQKJIKFFBB38DC,賴厝?段,6.32,都市：住,,,,03340000
RPOPMLRKJIKFFBB67CC,邱厝子段,2.59,都市：商,,,,00310062
RPOPMLRKJIKFFBB67CC,賴厝?段,3.23,都市：商,,,,00310003
RPPPMLRKJIKFFBB77CC,邱厝子段,2.57,都市：商,,,,00310062
RPPPMLRKJIKFFBB77CC,賴厝?段,3.20,都市：商,,,,00310003
RPTOMLQKJIKFFBB08DC,水湳段,23.40,都市：住,,,,13610000
RPTOMLQKJIKFFBB08DC,水湳段,.80,都市：住,,,,13620000
RPVNMLRKJIKFFGL07CC,東興段,28.64,都市：住,,,,03550000
RPWNMLRKJIKFFAB18CC,旱新段,107.56,都市：住,,,,04300000
RPOOMLRKJIKFFCB67CC,中正段,7.20,都市：商,,,,01550000
RPQOMLSKJIKFFBB87CC,崇德段,.00,都市：住,,,,00730000
RPQOMLSKJIKFFBB87CC,崇德段,.00,都市：住,,,,00730006
RPQPMLRKJIKFFBB87CC,賴厝?段,4.28,都市：商,,,,00310003
RPQPMLRKJIKFFBB87CC,邱厝子段,3.43,都市：商,,,,00310062
RPPNMLTKJIKFFBB77CC,北屯段,34.00,都市：其他:,,,,03270018
RPPNMLTKJIKFFBB77CC,北屯段,156.00,都市：其他:,,,,03270008
RPXRMLTKJIKFFBB98CC,景美段,143.00,都市：住,,,,02580000
RPPNMLTKJIKFFGL66CC,新仁段,16.06,都市：其他:空白,,,,05500000
RPRPMLTKJIKFFHL27DC,德興段,21.74,都市：住,,,,00020000
RPRNMLTKJIKFFAB87CC,大益段,65.19,都市：住,,,,00390000
RPVOMLTKJIKFFAB38CC,大益段,35.59,都市：商,,,,01520000
RPSPMLTKJIKFFAB18CC,番婆段,58.17,都市：商,,,,00930015
RPTPMLTKJIKFFAB28CC,半平厝段,36.78,都市：住,,,,18820000
RPXOMLKLJIKFFAB77CC,樹子腳段,3154.00,都市：住,,,,15700000
RPXOMLKLJIKFFAB77CC,樹子腳段,6.00,都市：住,,,,15700004
RPWNMLKLJIKFFCB77CC,保安段,23.56,都市：商,,,,11420000
RPROMLKLJIKFFGL78CC,鳳凰段,.00,非都市：工業區 ; 非都市編定：丁種建築用地,,,,01120000
RPQNMLKLJIKFFBB07CC,東山段,5.06,都市：住,,,,04130000
RPQNMLLLJIKFFBB17CC,松茂段,83.00,都市：住,,,,09160000
RPQNMLLLJIKFFGL68CC,新榮泉段,26.27,都市：住,,,,01320001
RPSNMLLLJIKFFCB47CC,田心段,3.56,都市：住,,,,08960000
RPXOMLLLJIKFFAB87CC,麻園頭段,16.46,都市：住,,,,01320000
RPOPMLLLJIKFFAB07CC,公館段,1.10,都市：住,,,,00620001
RPOPMLLLJIKFFAB07CC,公館段,.95,都市：住,,,,00630001
RPPPMLLLJIKFFAB17CC,公館段,.49,都市：住,,,,00620001
RPPPMLLLJIKFFAB17CC,公館段,.43,都市：住,,,,00630001
RPPNMLMLJIKFFAB07CC,下橋子頭段,1.83,都市：商,,,,02170014
RPQNMLMLJIKFFAB17CC,下橋子頭段,1.83,都市：商,,,,02170014
RPSNMLMLJIKFFAB37CC,下橋子頭段,1.72,都市：商,,,,02170014
RPVNMLMLJIKFFAB67CC,下橋子頭段,1.85,都市：商,,,,02170014
RPPNMLMLJIKFFCB37DC,保安段,40.38,都市：住,,,,10540000
RPQNMLNLJIKFFCB57DC,三塊厝段,16.63,都市：住,,,,05540000
RPQNMLNLJIKFFGL88CC,新榮和段,97.15,都市：住,,,,01370001
RPXNMLNLJIKFFBB08CC,東正段,5.47,都市：商,,,,01040000
RPOOMLNLJIKFFBB27CC,東正段,5.47,都市：商,,,,01040000
RPSOMLNLJIKFFBB67CC,乾溝子段,15.00,都市：商,,,,01820004
RPSOMLNLJIKFFBB67CC,乾溝子段,92.00,都市：商,,,,01820021
RPSOMLNLJIKFFBB67CC,乾溝子段,15.00,都市：商,,,,01820092
RPSOMLNLJIKFFBB67CC,乾溝子段,6.00,都市：商,,,,01820093
RPPPMLNLJIKFFAB37CC,柳川段一小段,.26,都市：商,,,,00040006
RPPPMLNLJIKFFAB37CC,柳川段一小段,1.13,都市：商,,,,00040000
RPTNMLNLJIKFFCB77CC,寶文段,.00,都市：工,,,,06790007
RPQOMLNLJIKFFCB57CC,大墩段,4.43,都市：住,,,,04640000
RPROMLNLJIKFFCB67CC,大墩段,4.43,都市：住,,,,04640000
RPSOMLNLJIKFFCB77CC,寶文段,.00,都市：工,,,,06790017
RPVOMLNLJIKFFCB08CC,大墩段,20.19,都市：住,,,,01930000
RPUPMLNLJIKFFCB08CC,惠國段,12.67,都市：其他:第三種新市政中心專用區,,,,00770000
RPQOMLOLJIKFFCB67CC,惠國段,13.67,都市：住,,,,01270000
RPROMLOLJIKFFCB77CC,信安段,30.16,都市：住,,,,09130000
RPTOMLOLJIKFFCB97CC,福星段,30.18,都市：住,,,,00810000
RPUOMLOLJIKFFCB08CC,民安段,59.17,都市：其他:空白,,,,08080049
RPOPMLOLJIKFFCB57CC,信安段,13.63,都市：住,,,,05930002
RPROMLOLJIKFFAB57CC,樹子腳段,1.95,都市：住,,,,00390000
RPVOMLOLJIKFFAB97CC,東勢子段,41.00,都市：其他:,,,,01000008
RPPOMLOLJIKFFBB57DC,景美段,72.00,都市：住,,,,02040010
RPPOMLOLJIKFFBB57DC,景美段,.34,都市：住,,,,02040012
RPPOMLOLJIKFFBB57DC,景美段,4.40,都市：住,,,,02190012
RPPOMLOLJIKFFBB57DC,景美段,19.99,都市：住,,,,02040006
RPVOMLOLJIKFFBB18DC,賴厝?段,9.31,都市：住,,,,00310000
RPVNMLOLJIKFFCB18DC,上石碑段,12.20,都市：住,,,,05290000
RPWNMLOLJIKFFCB28DC,國安段,8.26,都市：住,,,,01040002
RPSNMLPLJIKFFHL76CC,育賢段,75.57,都市：其他:,,,,01310008
RPRPMLPLJIKFFBB87CC,松茂段,88.00,都市：住,,,,01750020
RPSOMLPLJIKFFCB97CC,惠民段,.00,都市：其他:,,,,00120000
RPOPMLQLJIKFFCB77CC,協和段,.00,都市：工,,,,00420000
RPSPMLQLJIKFFCB18CC,惠泰段,2129.53,都市：商,,,,03010000
RPWOMLRKJIKFFCB48CC,中正段,7.84,都市：商,,,,01550000
RPVPMLSKJIKFFCB58CC,大新段,10.83,都市：住,,,,00050000
RPVPMLSKJIKFFCB58CC,大新段,13.54,都市：其他:,,,,00070000
RPVPMLSKJIKFFCB58CC,大新段,11.70,都市：其他:,,,,00080000
RPTNMLTKJIKFFCB28CC,中義段,36.31,都市：住,,,,07870000
RPSPMLSKJIKFFCB28CC,大墩段,21.26,都市：住,,,,00140000
RPUPMLSKJIKFFCB48CC,惠順段,.00,非都市： ; 非都市編定：,,,,00410000
RPSPMLRKJIKFFCB18CC,惠國段,.00,都市：其他:新六,,,,01300000
RPRPMLRKJIKFFCB08CC,國安段,9.52,都市：住,,,,05930489
RPUOMLSKJIKFFCB38CC,大進段,.00,都市：住,,,,09910000
RPXNMLQLJIKFFAB28CC,後?子段,54.00,都市：商,,,,00850015
RPXNMLQLJIKFFAB28CC,後?子段,59.00,都市：商,,,,00850121
RPOOMLQLJIKFFBB67DC,松茂段,96.00,都市：住,,,,02320000
RPSOMLQLJIKFFIL07CC,遠東段,18.33,都市：住,,,,02500000
RPSOMLQLJIKFFIL07CC,遠東段,68.64,都市：住,,,,02820000
RPOPMLQLJIKFFAB57CC,大益段,7.65,都市：住,,,,00250000
RPVNMLQLJIKFFBB18CC,東信段,24.37,都市：住,,,,02680000
RPTOMLQLJIKFFIL17CC,忠和段,695.00,都市：工,,,,03420000
RPTOMLQLJIKFFIL17CC,忠和段,695.00,都市：工,,,,03420004
RPUPMLQLJIKFFCB38CC,廣昌段,.00,都市：住,,,,05680000
RPXOMLRLJIKFFAL96DC,聯合段,134.87,都市：住,,,,03420000
RPWQMLRLJIKFFBB68CC,賴厝?段,23.57,都市：商,,,,00260000
RPXPMLQLJIKFFCB68CC,上石碑段,4.58,都市：住,,,,13010000
RPXQMLRLJIKFFCB88CC,新富段,355.86,都市：住,,,,03300000
RPPNMLSLJIKFFAL68CC,博愛段,75.00,都市：商,,,,00790000
RPPNMLSLJIKFFAL68CC,博愛段,95.24,都市：商,,,,00870001
RPXRMLKMJIKFFBB28CC,軍福段,.00,非都市： ; 非都市編定：,,,,00680000
RPPOMLQLJIKFFBB77DC,松茂段,6.00,都市：住,,,,02320001
RPTNMLKMJIKFFCB57CC,民安段,6.36,都市：住,,,,05710000
RPTNMLKMJIKFFCB57CC,民安段,2.28,都市：住,,,,05730000
RPWOMLKMJIKFFCB97CC,中正段,6.24,都市：商,,,,01550000
RPXOMLKMJIKFFCB08CC,中正段,7.04,都市：商,,,,01550000
RPPNMLLJKIKFFCB07CC,新富段,300.51,都市：住,,,,06250000
RPOOMLKMJIKFFAB96CC,下橋子頭段,66.22,都市：住,,,,02710037
RPQPMLRLJIKFFAB87CC,麻園頭段,14.40,都市：住,,,,02910000
RPTPMLQLJIKFFAB08CC,樹子腳段,1.92,都市：住,,,,00390000
RPQNMLSLJIKFFAB77CC,麻園頭段,13.07,都市：商,,,,01320000
RPOPMLRLJIKFFAB67CC,麻園頭段,19.86,都市：住,,,,02910000
RPUPMLQLJIKFFAB18CC,樹子腳段,1.94,都市：住,,,,00390000
RPSNMLLJKIKFFCB37CC,惠民段,18.62,都市：其他:第六種新市政專用區,,,,00120000
RPRNMLSLJIKFFAB87CC,麻園頭段,14.90,都市：住,,,,01320000
RPSOMLLJKIKFFBB37CC,賴厝?段,22.96,都市：住,,,,04380001
RPTOMLLJKIKFFCB57CC,福德段,30.11,都市：住,,,,01410000
RPUOMLLJKIKFFCB67CC,國安段,4.52,都市：住,,,,05900000
RPROMLLJKIKFFBB27CC,太祥段,30.43,都市：住,,,,01200000
RPSNMLLJKIKFFAL18CC,豐南段,89.81,都市：住,,,,09800000
RPQPMLLJKIKFFBB27CC,文正段,14.98,都市：住,,,,00660000
RPWNMLLJKIKFFCB87DC,大新段,.00,都市：住,,,,03870000
RPPOMLMJKIKFFCB37DC,大進段,31.76,都市：住,,,,02760001
RPTOMLMJKIKFFBB57CC,陳平段,17.15,都市：住,,,,19280000
RPWOMLMJKIKFFBB87CC,邱厝子段,3.75,都市：商,,,,00310062
RPWOMLMJKIKFFBB87CC,賴厝?段,4.67,都市：商,,,,00310003
RPPNMLMJKIKFFFL48CC,東員寶段,123.00,都市：住,,,,03510025
RPVOMLMJKIKFFBB77CC,中興段,21.87,都市：住,,,,05190000
RPPOMLMJKIKFFBB27DC,松竹段,5919.00,都市：商,,,,01910000
RPSNMLMJKIKFFFL78CC,大豐段,167.99,都市：住,,,,06500000
RPSOMLMJKIKFFGL98CC,喬城段,23.83,都市：住,,,,08010000
RPVOMLMJKIKFFCB87CC,上石碑段,13.66,都市：商,,,,16980000
RPVOMLMJKIKFFAB67CC,中華段二小段,42.00,都市：商,,,,00110026
RPWOMLMJKIKFFCB97CC,何安段,6.14,都市：住,,,,09730000
RPWOMLMJKIKFFAB77CC,樹子腳段,5.00,都市：住,,,,00390000
RPPOMLNJKIKFFBB37DC,東峰段,8.00,都市：住,,,,00070005
RPPOMLNJKIKFFBB37DC,東峰段,75.00,都市：住,,,,00080005
RPPNMLNJKIKFFAB07CC,土庫段,71.00,都市：住,,,,00570098
RPVNMLNJKIKFFAB67CC,麻園頭段,12.54,都市：住,,,,01320000
RPUPMLNJKIKFFCB97CC,惠民段,37.27,都市：其他:新市政中心專用區,,,,01380000
RPXNMLNJKIKFFCB08CC,大進段,15.43,都市：住,,,,06170000
RPPNMLOJKIKFFAL18CC,豐洲段,178.16,都市：住,,,,06030000
RPQNMLOJKIKFFGL98DC,大孝段,88.56,都市：住,,,,00990002
RPQOMLOJKIKFFFL98DC,自強段,2996.00,非都市：特定農業區 ; 非都市編定：農牧用地,,,,01520000
RPQOMLOJKIKFFFL98DC,自強段,64.00,非都市：特定農業區 ; 非都市編定：甲種建築用地,,,,01500004
RPRNMLOJKIKFFGL09DC,大孝段,88.56,都市：住,,,,00990002
RPUNMLOJKIKFFCB87CC,中正段,5.55,都市：商,,,,01550000
RPWNMLOJKIKFFCB08CC,安林段,159.48,都市：商,,,,07030000
RPUPMLOJKIKFFCB08CC,大墩段,2.98,都市：住,,,,04630004
RPTPMLOJKIKFFCB97CC,下石碑段,22.33,都市：住,,,,09530000
RPVNMLOJKIKFFAB77CC,三民段四小段,32.23,都市：住,,,,00040002
RPPPMLPJKIKFFCB67CC,新富段,603.95,都市：住,,,,06110000
RPOOMLOJKIKFFAL18CC,市政段,193.63,都市：住,,,,07710000
RPQNMLOJKIKFFAL28CC,豐洲段,178.16,都市：住,,,,06030000
RPVNMLRJKIKFFBB28DC,東信段,14.60,都市：住,,,,00650000
RPPNMLQJKIKFFFL88CC,大新段,2.33,都市：其他:農建地,,,,05160000
RPPNMLQJKIKFFFL88CC,大新段,6.46,都市：其他:農建地,,,,05160001
RPPNMLQJKIKFFFL88CC,大新段,76.36,都市：其他:農建地,,,,05160034
RPPNMLQJKIKFFFL88CC,大新段,.37,都市：其他:農建地,,,,05160035
RPPNMLQJKIKFFFL88CC,大新段,15.47,都市：其他:農建地,,,,05160036
RPOOMLRLJIKFFHL76DC,樹孝段,18.13,都市：住,,,,17290000
RPXNMLRLJIKFFHL57DC,愛平段,31.00,都市：住,,,,05620000
RPWOMLRJKIKFFCB48CC,上石碑段,6.61,都市：住,,,,27710000
RPTPMLRJKIKFFCB28CC,大墩段,6.61,都市：住,,,,03200000
RPTPMLRJKIKFFCB28CC,大墩段,16.86,都市：住,,,,03240000
RPWOMLRJKIKFFAB28CC,麻園頭段,65.30,都市：商,,,,02890000
RPTOMLRJKIKFFAB97CC,後?子段,7.45,都市：住,,,,02250011
RPXNMLSJKIKFFAB38CC,後?子段,141.00,都市：住,,,,03000020
RPXNMLSJKIKFFAB38CC,後?子段,141.00,都市：住,,,,03000021
RPUNMLSJKIKFFAB08CC,中民段九小段,23.80,都市：商,,,,00110018
RPURMLSJKIKFFCB68CC,大明段,84.49,都市：住,,,,00420000
RPSNMLSJKIKFFFL76CC,甘潭段,182.81,都市：住,,,,06470003
RPUNMLSJKIKFFFL07DC,工區段,149.51,都市：住,,,,04760000
RPVNMLTJKIKFFAL66CC,三角子段,1457.00,都市：農,,,,02220002
RPUOMLTJKIKFFBB48DC,東山段,3.41,都市：住,,,,02210000
RPVOMLTJKIKFFBB58DC,東峰段,124.00,都市：住,,,,00150019
RPPOMLTJKIKFFBB87CC,松昌段,27.35,都市：住,,,,04120000
RPRPMLSJKIKFFBB08CC,建安段,80.00,都市：住,,,,05860004
RPRPMLSJKIKFFBB08CC,建安段,2.00,都市：住,,,,05860007
RPRPMLSJKIKFFBB08CC,建安段,22.22,都市：住,,,,05860008
RPUNMLQJKIKFFBB97CC,松竹段,16.10,都市：住,,,,11850000
RPPPMLMJKIKFFBB27CC,乾溝子段,49.04,都市：住,,,,01330002
RPXOMLMJKIKFFBB97CC,邱厝子段,2.39,都市：商,,,,00310062
RPXOMLMJKIKFFBB97CC,賴厝?段,2.97,都市：商,,,,00310003
RPVNMLOJKIKFFBB87CC,文正段,626.00,都市：其他:空白,,,,01180049
RPPNMLRJKIKFFBB57CC,太和段,4873.85,都市：住,,,,00280001
RPSOMLRJKIKFFBB97CC,文正段,87.87,都市：住,,,,01190000
RPTNMLQJKIKFFBB87CC,長安段,56.00,都市：住,,,,04150022
RPTNMLQJKIKFFBB87CC,長安段,13.61,都市：住,,,,04150000
RPPPMLOJKIKFFBB47CC,東山段,107.07,都市：住,,,,00450000
RPRNMLTJKIKFFCB08CC,上石碑段,11.00,都市：住,,,,04380012
RPRNMLTJKIKFFCB08CC,上石碑段,52.00,都市：住,,,,05170000
RPQOMLTJKIKFFCB08CC,西屯段,.00,都市：住,,,,07090003
RPQOMLTJKIKFFCB08CC,廣明段,.00,都市：住,,,,08030000
RPQNMLTJKIKFFAB77CC,後?子段,15.11,都市：住,,,,01150005
RPWNMLKKKIKFFAB57CC,公館段,.00,都市：住,,,,01510102
RPUOMLKKKIKFFAB47CC,後?子段,146.00,都市：住,,,,01170005
RPWOMLKKKIKFFCB87CC,西屯段,27.10,都市：商,,,,24190000
RPVOMLTJKIKFFCB58CC,中正段,7.76,都市：商,,,,01550000
RPROMLKKKIKFFCB37CC,國安段,4.77,都市：住,,,,01040003
RPROMLKKKIKFFCB37CC,國安段,8.26,都市：住,,,,01040002
RPXNMLKKKIKFFCB87CC,中仁段,12.93,都市：住,,,,05390000
RPWNMLKKKIKFFCB77CC,中和段,13.36,都市：住,,,,04190000
RPRPMLTJKIKFFCB28CC,順和段,831.14,都市：工,,,,03940000
RPXOMLKKKIKFFCB97CC,大進段,38.59,都市：住,,,,06170000
RPPOMLKKKIKFFHL78DC,宜欣段,4.39,都市：住,,,,21440000
RPQOMLKKKIKFFHL88DC,宜欣段,5.13,都市：住,,,,21440000
RPTOMLLKKIKFFAL48CC,三角子段,1457.00,都市：農,,,,02220002
RPWPMLKKKIKFFCB97CC,國安段,26.03,都市：住,,,,05990000
RPPPMLKKKIKFFCB27CC,大進段,13.33,都市：住,,,,09920000
RPOPMLKKKIKFFCB17CC,上石碑段,4.89,都市：商,,,,18000007
RPPNMLLKKIKFFCB17CC,惠民段,20.31,都市：其他:,,,,00120000
RPSPMLLKKIKFFCB67CC,下石碑段,17.60,都市：住,,,,09530002
RPOQMLLKKIKFFCB37CC,三塊厝段,19.60,都市：住,,,,05990000
RPSRMLLKKIKFFCB87CC,大新段,48.05,都市：住,,,,00880000
RPVRMLLKKIKFFCB18CC,豐富段,148.76,都市：住,,,,02590000
RPTSMLLKKIKFFCB08CC,田心段,72.00,都市：其他:,,,,09450000
RPOQMLTJKIKFFBB97CC,邱厝子段,3.78,都市：商,,,,00310062
RPOQMLTJKIKFFBB97CC,賴厝?段,4.71,都市：商,,,,00310003
RPURMLLKKIKFFBB97CC,賴厝?段,26.01,都市：住,,,,01320002
RPUVMLLKKIKFFBB38CC,邱厝子段,17.44,都市：住,,,,00190000
RPUNMLLKKIKFFBB57CC,松竹段,165.00,都市：其他:,,,,04250000
RPUNMLLKKIKFFBB57CC,松竹段,64.00,都市：其他:,,,,04240008
RPVOMLKKKIKFFBB67CC,仁德段,7.59,都市：住,,,,07480000
RPRQMLTJKIKFFBB28CC,東峰段,9.99,都市：商,,,,01580000
RPSNMLMKKIKFFBB47CC,平田段,21.07,都市：住,,,,02440000
RPTNMLMKKIKFFBB57CC,和平段,134.37,都市：住,,,,02210003
RPPNMLMKKIKFFBB17CC,文正段,34.65,都市：住,,,,00870000
RPQNMLMKKIKFFBB27CC,崇德段,16.00,都市：住,,,,03050004
RPWNMLOKKIKFFHL17DC,宜欣段,36.26,都市：住,,,,21580000
RPSNMLOKKIKFFHL76DC,壽平段,98.00,都市：住,,,,04450000
RPXNMLOKKIKFFHL27DC,樹孝段,22.99,都市：住,,,,01620000
RPOOMLOKKIKFFHL09DC,東平段,17.65,都市：住,,,,13530000
RPVOMLOKKIKFFCL56CC,社口段社口小段,73.00,都市：住,,,,02550052
RPVOMLOKKIKFFCL56CC,社口段社口小段,47.00,都市：住,,,,02550007
RPVOMLOKKIKFFCL56CC,社口段社口小段,138.00,都市：住,,,,02550000
RPWNMLOKKIKFFBB08CC,中興段,118.00,都市：住,,,,00410000
RPUNMLMKKIKFFBB67CC,北屯段,7.10,都市：住,,,,00260000
RPXNMLOKKIKFFAB08CC,半平厝段,18.19,非都市： ; 非都市編定：,,,,19720000
RPXRMLOKKIKFFCB68CC,西屯段,.00,都市：住,,,,22950000
RPVNMLPKKIKFFCB18CC,田心段,78.25,都市：住,,,,05370000
RPRNMLPKKIKFFCB77CC,大進段,2.79,都市：住,,,,06170000
RPWOMLPKKIKFFAB18CC,下橋子頭段,3.26,非都市： ; 非都市編定：,,,,02180204
RPTNMLPKKIKFFAL78CC,豐原段,78.00,都市：商,,,,02100001
RPXNMLPKKIKFFAL56CC,神工段,2946.29,非都市：工業區 ; 非都市編定：丁種建築用地,,,,00810000
RPTNMLPKKIKFFCB08DC,楓樹段,38.44,都市：住,,,,07490000
RPUNMLPKKIKFFCB18DC,西屯段,26.29,都市：住,,,,06270000
RPOOMLPKKIKFFCB67DC,中正段,6.28,都市：商,,,,01550000
RPQOMLPKKIKFFCB87DC,惠來厝段,5.32,都市：住,,,,03150000
RPXNMLQKKIKFFCL86CC,福至段,55.59,都市：住,,,,01530000
RPXNMLQKKIKFFCL86CC,福至段,21.42,都市：住,,,,01540000
RPRNMLQKKIKFFCL98DC,梧棲段,81.00,都市：住,,,,34070002
RPOOMLQKKIKFFCL78DC,成衣段,18.14,都市：住,,,,01950000
RPSOMLQKKIKFFBB97CC,中清段,18.92,都市：住,,,,01000000
RPPPMLQKKIKFFBB77CC,賴厝?段,5.05,都市：住,,,,03340000
RPSPMLQKKIKFFBB08CC,賴厝?段,6.95,都市：住,,,,03340000
RPSNMLQKKIKFFBB97DC,平田段,74.00,都市：住,,,,07030000
RPQOMLQKKIKFFBB87DC,東山段,133.79,都市：住,,,,03140000
RPROMLQKKIKFFBB97DC,東山段,2697.00,都市：住,,,,00450000
RPOOMLQKKIKFFGL09CC,大義段,75.12,都市：其他:,,,,00050010
RPOOMLQKKIKFFAB47CC,公館段,1.29,都市：住,,,,00620001
RPOOMLQKKIKFFAB47CC,公館段,1.11,都市：住,,,,00630001
RPOPMLLKKIKFFAB07CC,樹子腳段,10.07,都市：住,,,,17040000
RPXOMLLKKIKFFAB87CC,樹子腳段,1.92,都市：住,,,,00390000
RPUOMLLKKIKFFAB57CC,樹子腳段,1.93,都市：住,,,,00390000
RPPPMLKKKIKFFAB07CC,樹子腳段,1.94,都市：住,,,,00390000
RPWOMLLKKIKFFAB77CC,樹子腳段,1.92,都市：住,,,,00390000
RPOPMLKKKIKFFAB96CC,平和段,2.60,都市：商,,,,00500000
RPVNMLOKKIKFFAB87CC,後?子段,97.00,都市：住,,,,01630100
RPOOMLQKKIKFFCB67CC,鑫大鵬段,257.78,都市：其他:,,,,00170000
RPVOMLQKKIKFFAB18CC,麻園頭段,.00,都市：住,,,,01320000
RPPOMLQKKIKFFAB57CC,公館段,1.48,都市：住,,,,00620001
RPPOMLQKKIKFFAB57CC,公館段,1.28,都市：住,,,,00630001
RPOPMLRKKIKFFGL66CC,崇光段,15.72,都市：商,,,,11810000
RPRPMLRKKIKFFAB97CC,下橋子頭段,10.46,都市：住,,,,02180117
RPXRMLRKKIKFFBB88CC,邱厝子段,13.25,都市：住,,,,00200000
RPOSMLRKKIKFFBB08CC,東峰段,9.66,都市：住,,,,01580000
RPVNMLRKKIKFFHL27CC,新高段,13.31,都市：住,,,,05690000
RPWRMLRKKIKFFCB88CC,大墩段,7.97,都市：住,,,,04700000
RPRUMLRKKIKFFCB68CC,黎明段,12.07,都市：住,,,,00310000
RPXRMLRKKIKFFCB98CC,上石碑段,3.37,都市：商,,,,17900000
RPQSMLRKKIKFFCB38CC,上石碑段,13.79,都市：商,,,,26800000
RPVPMLRKKIKFFCB58CC,惠民段,10.39,都市：住,,,,01090000
RPPSMLRKKIKFFCB28CC,國安段,11.88,都市：住,,,,00120015
RPOSMLRKKIKFFCB18CC,寶山段,44.50,都市：住,,,,08830003
RPXPMLSKKIKFFCB88CC,國安段,18.08,都市：住,,,,05930000
RPPNMLTKKIKFFFL66CC,學雅段,.00,都市：住,,,,07060000
RPPNMLTKKIKFFFL66CC,學雅段,.00,都市：住,,,,07070000
RPVPMLSKKIKFFCB68CC,惠國段,12.33,都市：其他:第三種新市政中心專用區,,,,00770000
RPRNMLTKKIKFFFL86CC,民生段,.00,都市：住,,,,05980002
RPQNMLTKKIKFFFL76CC,四德段,.00,都市：住,,,,03630000
RPSNMLTKKIKFFFL96CC,上楓段,.00,都市：住,,,,13280005
RPQQMLLLKIKFFBB57CC,乾溝子段,17.55,都市：住,,,,01270002
RPSRMLLLKIKFFBB87CC,賴厝?段,30.95,都市：住,,,,00490014
RPURMLMLKIKFFBB18CC,平田段,10.52,都市：住,,,,05140000
RPXSMLLLKIKFFBB48CC,乾溝子段,.00,都市：住,,,,01700049
RPXSMLLLKIKFFBB48CC,乾溝子段,.00,都市：住,,,,01730011
RPUVMLMLKIKFFCB68CC,黎明段,5303.00,都市：住,,,,01030000
RPTPMLTKKIKFFCB58CC,惠民段,13.05,都市：商,,,,00480000
RPTNMLNLKIKFFAB67CC,麻園頭段,13.58,都市：住,,,,01320000
RPSTMLMLKIKFFAB08CC,下橋子頭段,5.18,都市：商,,,,02170014
RPOSMLNLKIKFFAB67CC,下橋子頭段,1.83,都市：商,,,,02170014
RPUTMLNLKIKFFCB58CC,豐功段,59.18,都市：住,,,,02270002
RPSUMLNLKIKFFCB48CC,福德段,22.88,都市：住,,,,00040000
RPPSMLNLKIKFFAB77CC,下橋子頭段,1.72,都市：商,,,,02170014
RPOPMLOLKIKFFBB57CC,東信段,96.00,都市：住,,,,00090002
RPTNMLOLKIKFFHL86CC,長安段,75.05,非都市：鄉村區 ; 非都市編定：乙種建築用地,,,,04660000
RPRTMLSKKIKFFBB68DC,景東段,.00,都市：住,,,,03140011
RPQRMLNLKIKFFBB97DC,東義段,75.00,都市：住,,,,01250010
RPPRMLLLKIKFFBB67DC,賴厝?段,14.13,都市：商,,,,04380000
RPTTMLSKKIKFFBB88DC,和平段,.00,都市：住,,,,01250085
RPPOMLOLKIKFFAB47CC,麻園頭段,5265.00,都市：住,,,,01320000
RPQNMLPLKIKFFAB57CC,下橋子頭段,82.00,都市：住,,,,00840015
RPXOMLPLKIKFFAB38CC,麻園頭段,.00,非都市： ; 非都市編定：,,,,06630000
RPPPMLPLKIKFFAB67CC,樹子腳段,4.74,都市：住,,,,00390000
RPPOMLOKKIKFFHL56DC,新高段,12.53,都市：住,,,,05690000
RPWUMLSKKIKFFHL28DC,新光段,595.00,都市：其他:,,,,02960000
RPQTMLPLKIKFFCB38CC,永春段,2102.50,都市：住,,,,02830000
RPVPMLPLKIKFFCB48CC,中正段,6.23,都市：商,,,,01550000
RPRTMLPLKIKFFCB48CC,保安段,16.20,都市：商,,,,11420000
RPWPNLOLKIKFFCB58CC,大墩段,14.40,都市：住,,,,00580000
RPOPNLOLKIKFFCB77CC,惠國段,28.34,都市：其他:新市政中心專用區,,,,00300000
RPSPNLOLKIKFFCB18CC,中義段,30.74,都市：住,,,,10710000
RPSTMLPLKIKFFCB58CC,中仁段,9.93,都市：商,,,,03320000
RPRRMLPLKIKFFAL09CC,文明段,81.00,都市：住,,,,04220001
RPUTMLPLKIKFFCB78CC,上石碑段,4.12,都市：商,,,,18000007
RPRNMLQLKIKFFAB77CC,下橋子頭段,1.72,都市：商,,,,02170014
RPROMLPLKIKFFAB87DC,下橋子頭段,73.00,都市：住,,,,02470238
RPRNMLPLKIKFFFL66DC,甘潭段,14.11,都市：住,,,,03690000
RPUWMLPLKIKFFCB09CC,永春段,3550.51,都市：住,,,,02580000
RPQQMLSLKIKFFCB38CC,大墩段,5.93,都市：住,,,,04700000
RPRNMLRLKIKFFCB08CC,惠國段,.00,都市：其他:新六,,,,01700000
RPOWMLPLKIKFFCB48CC,惠順段,297.52,都市：住,,,,00400001
RPXTMLPLKIKFFCB09CC,上石碑段,2.14,都市：商,,,,26780000
RPVSMLSLKIKFFCB09CC,大新段,41.45,都市：住,,,,00680000
RPQOMLSLKIKFFAB97CC,半平厝段,15.20,都市：住,,,,19990000
RPSQMLSLKIKFFCB58CC,大新段,21.14,都市：住,,,,05310000
RPXOMLSLKIKFFBB78CC,東義段,10.62,都市：住,,,,02140000
RPOOMLSLKIKFFAL78CC,成功段,266.81,都市：住,,,,00500000
RPWPMLSLKIKFFBB78CC,賴厝?段,12.36,都市：住,,,,01330002
RPPWMLOLKIKFFCB58DC,惠義段,22.64,都市：商,,,,01680000
RPOPMLSLKIKFFBB08DC,水源段,61.82,都市：商,,,,02340003
RPSQMLSLKIKFFBB58DC,軍福段,15.30,都市：住,,,,00460000
RPUQMLSLKIKFFBB78DC,賴厝?段,6.98,都市：住,,,,01120072
RPOUMLTLKIKFFCB68CC,中正段,6.72,都市：商,,,,01550000
RPTWMLTLKIKFFCB76CC,惠泰段,82.13,都市：住,,,,00110013
RPTQMLTLKIKFFBB68CC,賴厝?段,3.23,都市：商,,,,00310003
RPTQMLTLKIKFFBB68CC,邱厝子段,2.59,都市：商,,,,00310062
RPTRMLSLKIKFFBB68CC,松竹段,19.01,都市：商,,,,06100000
RPWOMLTLKIKFFBB78CC,太和段,.00,非都市： ; 非都市編定：,,,,00620000
RPTOMLTLKIKFFBB48CC,軍和段,.00,非都市： ; 非都市編定：,,,,01620015
RPWWMLTLKIKFFCB07CC,中正段,6.92,都市：商,,,,01550000
RPUNNLTLKIKFFCB68CC,中正段,8.77,都市：商,,,,01550000
RPWNNLTLKIKFFCB88CC,鑫港尾段,2540.44,都市：住,,,,01090000
RPPNNLTLKIKFFCB18CC,中正段,5.31,都市：商,,,,01550000
RPVQMLTLKIKFFBB88CC,邱厝子段,2.37,都市：商,,,,00310062
RPVQMLTLKIKFFBB88CC,賴厝?段,2.96,都市：商,,,,00310003
RPUTMLTLKIKFFBB09CC,水湳段,11.80,都市：住,,,,07020000
RPRNMLKMKIKFFBB37CC,東正段,89.00,都市：商,,,,01090002
RPVOMLKMKIKFFBB87CC,錦村段,845.00,都市：住,,,,02390042
RPQQMLKMKIKFFBB57CC,水源段,79.00,都市：商,,,,03250018
RPQQMLKMKIKFFBB57CC,水源段,28.00,都市：商,,,,03320041
RPXOMLKMKIKFFCB28DC,大明段,27.24,都市：住,,,,00840000
RPROMLLMKIKFFHL56CC,宜欣段,7.96,都市：住,,,,21440000
RPPPMLLMKIKFFBB47CC,錦村段,17.09,非都市： ; 非都市編定：,,,,02400008
RPROMLSLKIKFFAB08CC,麻園頭段,30.38,都市：商,,,,00030001
RPTPMLSLKIKFFAB38CC,麻園頭段,.00,都市：商,,,,00220000
RPVOMLLMKIKFFCB08CC,惠國段,2751.96,都市：其他:新市政中心專用區,,,,00560000
RPXPMLLMKIKFFCB38CC,惠來厝段,68.00,都市：商,,,,12270000
RPRPMLKMKIKFFCB67CC,上石碑段,19.87,都市：商,,,,26710000
RPSONLTLKIKFFCB58CC,福順段,693.11,都市：住,,,,01300000
RPSONLTLKIKFFCB58CC,福順段,461.95,都市：住,,,,01310000
RPSNMLLMKIKFFCB67CC,豐富段,44.43,都市：商,,,,03290000
RPPONLTLKIKFFCB28CC,福順段,683.88,都市：住,,,,01280000
RPPONLTLKIKFFCB28CC,福順段,455.80,都市：住,,,,01290000
RPPPMLKMKIKFFCB47CC,大新段,16.48,都市：商,,,,08500000
RPXNNLTLKIKFFCB98CC,中正段,6.48,都市：商,,,,01550000
RPTQMLLMKIKFFCB08CC,何安段,3.80,都市：住,,,,09730000
RPWQMLLMKIKFFCB38CC,國安段,11.88,都市：住,,,,00120015
RPROMLLMKIKFFAB47CC,樹子腳段,6.33,都市：住,,,,00390000
RPWOMLLMKIKFFAB97CC,樹子腳段,6.10,都市：住,,,,00390000
RPUOMLLMKIKFFAB77CC,半平厝段,6.15,都市：住,,,,19800000
RPSNMLPJJHLFFFL98CC,大新段,2.33,都市：其他:農建地,,,,05160000
RPSNMLPJJHLFFFL98CC,大新段,6.46,都市：其他:農建地,,,,05160001
RPSNMLPJJHLFFFL98CC,大新段,.37,都市：其他:農建地,,,,05160035
RPSNMLPJJHLFFFL98CC,大新段,15.48,都市：其他:農建地,,,,05160036
RPSNMLPJJHLFFFL98CC,大新段,107.90,都市：其他:農建地,,,,05160026
RPXOMLPJJHLFFBB28DC,邱厝子段,2.28,都市：住,,,,00470008
RPVPMLOJJHLFFBB08DC,北屯段,49.00,都市：住,,,,05590033
RPVPMLOJJHLFFBB08DC,北屯段,20.00,都市：住,,,,05580038
RPUNMLPJJHLFFFL56CC,家興段,15.52,都市：住,,,,01000000
RPVTMLPJJHLFFBB48CC,東新段,34.51,都市：住,,,,01120000
RPUUMLPJJHLFFBB48CC,昌平段,18.06,都市：住,,,,00110008
RPUUMLPJJHLFFBB48CC,昌平段,97.80,都市：住,,,,00110009
RPTUMLPJJHLFFBB38CC,乾溝子段,17.09,都市：住,,,,01630000
RPQNMLLJJHLFFAB86CC,頂橋子頭段,.00,非都市： ; 非都市編定：,,,,04130235
RPOPMLLMKIKFFAB27CC,下橋子頭段,13.55,都市：住,,,,02310001
RPRPMLPJJHLFFAB57CC,麻園頭段,5265.00,都市：住,,,,01320000
RPQWMLPJJHLFFBB28CC,水源段,34.35,都市：住,,,,03160005
RPRWMLPJJHLFFBB38CC,松茂段,27.52,都市：住,,,,08720000
RPTVMLPJJHLFFBB48CC,東山段,21.35,都市：住,,,,02240000
RPTNMLNLKIKFFGL66CC,大衛段,85.63,都市：商,,,,06710000
RPVUMLLMKIKFFGL47CC,新榮泉段,31.26,都市：住,,,,01600000
RPRRMLLMKIKFFCB97CC,惠國段,12.21,都市：其他:新市政中心專用區,,,,01270000
RPPVMLLMKIKFFCB18CC,惠民段,21.32,都市：其他:新市政中心專用區,,,,01380000
RPQRMLPJJHLFFAB67CC,土庫段,10.92,都市：商,,,,00670013
RPUPMLPJJHLFFAB87CC,樹子腳段,1.92,都市：住,,,,00390000
RPSPMLPJJHLFFAB67CC,麻園頭段,15.41,都市：住,,,,01320000
RPWQMLPJJHLFFAB18CC,後?子段,20.23,都市：住,,,,02100010
RPXQMLPJJHLFFAB28CC,後?子段,7.13,都市：住,,,,02100010
RPSQMLPJJHLFFAB77CC,麻園頭段,10.98,都市：住,,,,01320000
RPSNMLQJJHLFFAB57CC,後?子段,.00,都市：住,,,,03630002
RPSNMLQJJHLFFAB57CC,後?子段,.00,都市：住,,,,03650000
RPSNMLQJJHLFFAB57CC,後?子段,.00,都市：住,,,,03660000
RPSNMLQJJHLFFAB57CC,後?子段,.00,都市：住,,,,03670002
RPVNMLQJJHLFFAB87CC,麻園頭段,.00,都市：商,,,,01700000
RPQONLPJJHLFFCB67CC,惠國段,.00,都市：其他:新市政專用區,,,,00240000
RPQUMLPJJHLFFCB18CC,國安段,15.87,都市：住,,,,02920000
RPUUMLPJJHLFFCB58CC,上石碑段,3.62,都市：商,,,,17900000
RPRONLPJJHLFFCB77CC,福順段,6.10,都市：住,,,,01660000
RPRONLPJJHLFFCB77CC,福順段,23.75,都市：住,,,,01670000
RPSOMLQJJHLFFCB87CC,惠民段,36.51,都市：商,,,,01380000
RPUNMLQJJHLFFCB97CC,惠民段,15.42,都市：其他:新市政中心專用區,,,,01110000
RPVNMLQJJHLFFBB97CC,東光段,17.16,都市：商,,,,01930000
RPOTMLQJJHLFFBB87CC,賴厝?段,5.76,都市：商,,,,04420000
RPRRMLQJJHLFFBB08DC,東山段,1.80,都市：住,,,,02210000
RPTPMLRJJHLFFBB08CC,東峰段,11.80,都市：商,,,,01580000
RPWPMLRJJHLFFCB48CC,中正段,8.49,都市：商,,,,01550000
RPOQMLRJJHLFFCB77CC,中正段,5.91,都市：商,,,,01550000
RPPQMLRJJHLFFCB87CC,中正段,5.27,都市：商,,,,01550000
RPSPMLSJJHLFFCB18CC,信安段,3481.60,都市：住,,,,11550000
RPVTMLSJJHLFFCB88CC,三塊厝段,99.00,都市：住,,,,10770001
RPVTMLSJJHLFFCB88CC,三塊厝段,42.00,都市：住,,,,10770008
RPOOMLPJJHLFFFL68CC,大新段,90.24,都市：其他:農建地,,,,05160088
RPOOMLPJJHLFFFL68CC,大新段,2.33,都市：其他:農建地,,,,05160000
RPOOMLPJJHLFFFL68CC,大新段,6.46,都市：其他:農建地,,,,05160001
RPOOMLPJJHLFFFL68CC,大新段,19.22,都市：其他:農建地,,,,05160087
RPRPNLSJJHLFFBB08CC,東義段,8.34,都市：住,,,,02140000
RPURMLSJJHLFFBB58DC,東峰段,6.00,都市：住,,,,00040000
RPPSMLSJJHLFFBB18DC,東正段,4.79,都市：住,,,,00880000
RPPPMLRJJHLFFAB57CC,麻園頭段,11.77,都市：住,,,,01320000
RPXOMLRJJHLFFAB28CC,麻園頭段,19.03,都市：住,,,,01300002
RPXNMLQJJHLFFAB08CC,公館段,1.21,都市：住,,,,00620001
RPXNMLQJJHLFFAB08CC,公館段,1.04,都市：住,,,,00630001
RPTOMLQJJHLFFAB77CC,後?子段,7.13,都市：住,,,,02100010
RPXOMLSJJHLFFAB38CC,大益段,16.64,都市：住,,,,00390000
RPQOMLRJJHLFFAB57CC,後?子段,98.00,都市：商,,,,02700047
RPWOMLQJJHLFFAB08CC,下橋子頭段,7.78,都市：住,,,,01780026
RPROMLQJJHLFFAB57CC,公館段,1.47,都市：其他:,,,,00620001
RPROMLQJJHLFFAB57CC,公館段,1.28,都市：其他:,,,,00630001
RPPOMLQJJHLFFAB37CC,公館段,1.46,都市：住,,,,00620001
RPPOMLQJJHLFFAB37CC,公館段,1.26,都市：住,,,,00630001
RPRVMLSJJHLFFBB68DC,陳平段,2932.00,都市：住,,,,07820032
RPRVMLSJJHLFFBB68DC,陳平段,89.00,都市：其他:道路用地,,,,07820033
RPWPMLSJJHLFFCB68DC,中正段,6.25,都市：商,,,,01550000
RPRNMLSJJHLFFHL76CC,永新段,101.32,都市：住,,,,00550000
RPRNMLSJJHLFFHL76CC,永新段,60.90,都市：住,,,,00540000
RPXPMLLKJHLFFBB97CC,水湳段,82.00,都市：住,,,,13510001
RPQSMLLKJHLFFBB57CC,邱厝子段,61.31,都市：住,,,,00200000
RPPNMLTJJHLFFHL66CC,育賢段,73.54,都市：住,,,,00270009
RPSVMLLKJHLFFCB18CC,民安段,1517.48,都市：住,,,,09070000
RPSRMLLKJHLFFCB77CC,南屯段,20.33,都市：商,,,,01220000
RPSPMLMKJHLFFCB67CC,惠民段,16.36,都市：其他:新市政中心專用區,,,,01430001
RPXPMLMKJHLFFCB28DC,田心段,12.05,都市：住,,,,09100000
RPXNMLNKJHLFFGL86CC,新義段,115.00,都市：商,,,,00550000
RPSOMLMKJHLFFAB47DC,公館段,1.48,都市：住,,,,00620001
RPSOMLMKJHLFFAB47DC,公館段,1.29,都市：住,,,,00630001
RPQOMLNKJHLFFAB37DC,後?子段,87.00,都市：商,,,,01070002
RPQOMLNKJHLFFAB37DC,後?子段,6.00,都市：商,,,,01080011
RPQUMLMKJHLFFFL66CC,大豐段,114.97,都市：住,,,,03090000
RPSUMLMKJHLFFFL86CC,大豐段,114.97,都市：住,,,,03090000
RPPSMLOKJHLFFCB87CC,中正段,.00,非都市： ; 非都市編定：,,,,00010000
RPUPMLOKJHLFFCB08CC,福安段,14.20,都市：住,,,,00080001
RPPSNLNKJHLFFCB87CC,上石碑段,.00,都市：商,,,,26710000
RPTPOLNKJHLFFCB08CC,下石碑段,7.14,都市：住,,,,18500000
RPPWNLNKJHLFFCB28CC,福安段,13.00,都市：住,,,,02250000
RPURMLOKJHLFFBB18CC,和平段,.00,非都市： ; 非都市編定：,,,,05120000
RPXNMLPKJHLFFBB18CC,中德段,27.78,都市：住,,,,00620000
RPSNMLPKJHLFFGL56CC,大忠段,.00,非都市： ; 非都市編定：,,,,00660000
RPVNMLPKJHLFFGL86CC,九德段,184.49,都市：住,,,,02190000
RPVNMLPKJHLFFGL86CC,九德段,101.25,都市：住,,,,02190002
RPSNMLPKJHLFFCL78CC,銀聯段,1606.00,都市：住,,,,21200002
RPXNMLPKJHLFFHL17CC,番子路段,.00,都市：住,,,,01940002
RPXNMLPKJHLFFHL17CC,番子路段,.00,都市：住,,,,01940000
RPOOMLPKJHLFFHL98CC,番子路段,.00,都市：住,,,,01940000
RPOOMLPKJHLFFHL98CC,番子路段,.00,都市：住,,,,01940001
RPOOMLPKJHLFFHL98CC,番子路段,.00,都市：住,,,,01940002
RPXNMLSKJHLFFCB58CC,惠民段,28.30,都市：住,,,,00980000
RPUPMLSKJHLFFCB48CC,大新段,20.91,都市：住,,,,08650000
RPUNMLSKJHLFFFL96CC,家興段,69.43,都市：住,,,,05990000
RPSOMLSKJHLFFBB18DC,東新段,8.78,都市：住,,,,00080000
RPRPMLTKJHLFFBB28DC,陳平段,7.39,都市：住,,,,18770001
RPTPMLTKJHLFFBB48DC,東新段,6.65,都市：住,,,,00080000
RPWNMLTKJHLFFBB48CC,平田段,8.63,都市：住,,,,01000000
RPWNMLTKJHLFFBB48CC,平田段,1.59,都市：住,,,,01000001
RPVNMLTKJHLFFBB38CC,東信段,85.00,都市：住,,,,01430002
RPOOMLTKJHLFFBB77CC,平田段,18.59,都市：住,,,,02440000
RPQNMLQKJHLFFAB47CC,麻園頭段,63.52,都市：住,,,,01750118
RPSOMLSKJHLFFAB97CC,麻園頭段,21.78,都市：住,,,,01810000
RPQNMLQKJHLFFAB47CC,麻園頭段,12.71,都市：住,,,,01750136
RPWTMLNKJHLFFAB38CC,中墩段三小段,12.58,都市：商,,,,00110000
RPWTMLNKJHLFFAB38CC,中墩段三小段,2.07,都市：商,,,,00110001
RPSOMLPKJHLFFAB67CC,麻園頭段,.00,都市：住,,,,01710002
RPVTMLNKJHLFFAB28CC,下橋子頭段,10.62,都市：住,,,,02360017
RPTNMLNKJHLFFAB47CC,麻園頭段,.00,都市：商,,,,00190005
RPXQMLMKJHLFFAB08CC,下橋子頭段,19.38,都市：住,,,,01770000
RPOQMLNKJHLFFAB27CC,公館段,166.00,都市：商,,,,00600177
RPOPMLTKJHLFFCB97CC,上石碑段,3.48,都市：商,,,,17900000
RPOPMLTKJHLFFCB97CC,上石碑段,3.11,都市：商,,,,18000007
RPVOMLTKJHLFFCB58CC,福星段,1387.96,都市：住,,,,04290000
RPVOMLTKJHLFFCB58CC,福星段,1912.23,都市：住,,,,04300000
RPROMLTKJHLFFCB18CC,福安段,52.03,都市：住,,,,06040000
RPUPMLTKJHLFFCB58CC,西屯段,.00,都市：住,,,,22990000
RPSOMLKLJHLFFAB27CC,公館段,76.00,都市：住,,,,00860103
RPVNMLTKJHLFFAB28CC,大益段,7.10,都市：住,,,,03160000
RPROMLKLJHLFFAB17CC,公館段,76.00,都市：住,,,,00860103
RPSNMLKLJHLFFCB37CC,中義段,36.31,都市：住,,,,07870000
RPSNMLKLJHLFFCB37CC,中義段,36.31,都市：住,,,,07870000
RPSNMLKLJHLFFCB37CC,中義段,36.31,都市：住,,,,07870000
RPTSMLLLJHLFFGL86CC,大義段,92.45,都市：住,,,,00370041
RPTNMLKLJHLFFAL28CC,南村段,82.60,都市：商,,,,08380000
RPTNMLKLJHLFFAL28CC,南村段,41.89,都市：商,,,,08390000
RPTNMLKLJHLFFAL28CC,南村段,14.31,都市：商,,,,08370006
RPTNMLKLJHLFFAL28CC,南村段,12.41,都市：商,,,,08920000
RPVNMLLLJHLFFBL68CC,甲東段,73.45,非都市：鄉村區 ; 非都市編定：乙種建築用地,,,,07040000
RPWNMLLLJHLFFCB87CC,豐功段,59.56,都市：住,,,,01310000
RPTPMLLLJHLFFCB77CC,福德段,1446.10,都市：住,,,,01660000
RPWOMLLLJHLFFCB97CC,安林段,32.74,都市：住,,,,07190000
RPWOMLLLJHLFFCB97CC,安林段,12.80,都市：住,,,,07200000
RPRPMLLLJHLFFCB57CC,國安段,9.99,都市：住,,,,00940000
RPRPMLLLJHLFFCB57CC,國安段,4.80,都市：住,,,,00940001
RPOPMLLLJHLFFCB27CC,永春段,213.46,都市：住,,,,02720001
RPVOMLLLJHLFFCB87CC,國安段,3045.59,都市：住,,,,00120015
RPUQMLLLJHLFFCB97CC,大新段,13.62,都市：住,,,,08600000
RPRQMLLLJHLFFAB47CC,下橋子頭段,24.66,都市：其他:,,,,02060011
RPWQMLLLJHLFFAB97CC,下橋子頭段,17.50,都市：住,,,,00950003
RPVQMLLLJHLFFAB87CC,下橋子頭段,21.85,都市：住,,,,02060011
RPTOMLMLJHLFFCB77CC,國安段,3860.57,都市：其他:空白,,,,01690000
RPXPMLMLJHLFFCB28CC,田心段,3.36,都市：其他:,,,,08960000
RPRQMLMLJHLFFCB77CC,大進段,7.58,都市：住,,,,07880000
RPURMLMLJHLFFCB18CC,大明段,113.00,都市：其他:建地,,,,01100000
RPWOMLMLJHLFFAL88CC,陽明段,59.00,都市：其他:市場用地,,,,02880000
RPXPMLTKJHLFFBB78CC,東峰段,5.83,都市：商,,,,01580000
RPQNMLNLJHLFFBB37CC,松昌段,26.31,都市：住,,,,06170003
RPQNMLLLJHLFFBB17CC,東正段,.00,都市：商,,,,01420000
RPWPMLTKJHLFFBB68CC,東峰段,5.83,都市：商,,,,01580000
RPROMLKLJHLFFBB27CC,東山段,.00,非都市： ; 非都市編定：,,,,02560000
RPSQMLTKJHLFFBB38CC,太原段,25.62,都市：住,,,,01340000
RPWRMLQLJHLFFBB68CC,東山段,53.08,都市：商,,,,02620000
RPUPMLPLJHLFFBB18CC,長安段,73.00,都市：住,,,,04150011
RPSOMLQLJHLFFBB97CC,松觀段,.00,都市：住,,,,03060000
RPPNMLQLJHLFFIL66CC,山腳段,10.54,都市：商,,,,01260005
RPUOMLQLJHLFFCB38DC,鑫大鵬段,2414.17,都市：住,,,,01490002
RPRNMLNLJHLFFAB37CC,下橋子頭段,1.83,都市：商,,,,02170014
RPPNMLNLJHLFFAB17CC,下橋子頭段,1.72,都市：商,,,,02170014
RPQNMLNLJHLFFAB27CC,下橋子頭段,1.83,都市：商,,,,02170014
RPXQMLLLJHLFFAB08CC,樹子腳段,1.92,都市：住,,,,00390000
RPOOMLMLJHLFFAB07CC,自由段四小段,22.00,都市：商,,,,00040007
RPOOMLMLJHLFFAB07CC,自由段四小段,9.37,都市：商,,,,00040006
RPORMLLLJHLFFAB27CC,樹子腳段,19.15,都市：住,,,,05590000
RPPNMLOLJHLFFAB27CC,城隍段二小段,3.67,都市：商,,,,00300005
RPPNMLOLJHLFFAB27CC,頂橋子頭段,10.46,都市：住,,,,01030000
RPPNMLOLJHLFFAB27CC,頂橋子頭段,1.93,都市：住,,,,01030015
RPSNMLQLJHLFFAB77CC,旱新段,28.67,都市：住,,,,02400000
RPUOMLRLJHLFFAB18CC,後?子段,.00,都市：住,,,,03320129
RPTOMLRLJHLFFBB18CC,邱厝子段,3.36,都市：商,,,,00310062
RPTOMLRLJHLFFBB18CC,賴厝?段,4.18,都市：商,,,,00310003
RPVOMLRLJHLFFAB28CC,後?子段,10.46,都市：商,,,,01640051
RPTOMLRLJHLFFAB08CC,麻園頭段,16.35,都市：住,,,,02910000
RPPOMLQLJHLFFBB77DC,陳平段,8.36,都市：商,,,,09810000
RPPOMLQLJHLFFBB77DC,陳平段,8.14,都市：商,,,,09810000
RPWPMLRLJHLFFBB58CC,軍和段,.00,都市：住,,,,01830000
RPRNMLTLJHLFFAB97CC,樹子腳段,23.00,都市：住,,,,12830000
RPRNMLTLJHLFFAB97CC,樹子腳段,5.80,都市：住,,,,13040000
RPUOMLRLJHLFFBB28CC,邱厝子段,2.59,都市：商,,,,00310062
RPUOMLRLJHLFFBB28CC,賴厝?段,3.23,都市：商,,,,00310003
RPTPMLRLJHLFFBB28CC,東新段,11.46,都市：住,,,,00110000
RPTPMLRLJHLFFBB28CC,東新段,11.46,都市：住,,,,00110000
RPRNMLSLJHLFFFL76CC,四德段,32.00,都市：住,,,,03230002
RPRNMLSLJHLFFFL76CC,四德段,57.00,都市：其他:,,,,03230001
RPUNMLTLJHLFFAB28CC,樹子腳段,23.00,都市：住,,,,12830000
RPUNMLTLJHLFFAB28CC,樹子腳段,5.80,都市：住,,,,13040009
RPTNMLSLJHLFFAB08CC,下橋子頭段,102.00,都市：住,,,,00220000
RPVNMLTLJHLFFAB38CC,樹子腳段,23.00,都市：住,,,,12830000
RPVNMLTLJHLFFAB38CC,樹子腳段,5.80,都市：住,,,,13040000
RPVOMLTLJHLFFCB68CC,大墩段,51.64,都市：住,,,,04050000
RPRQMLTLJHLFFCB48CC,新富段,496.00,都市：住,,,,00160000
RPTPMLTLJHLFFCB58CC,國安段,17.85,都市：住,,,,02920000
RPVPMLTLJHLFFCB78CC,西屯段,17.28,都市：住,,,,23710000
RPRQMLRLJHLFFCB28CC,中正段,6.71,都市：商,,,,01550000
RPWPMLQLJHLFFCB58CC,中正段,177.00,都市：商,,,,01550000
RPUPMLRLJHLFFCB48CC,西屯段,40.00,都市：商,,,,07030007
RPVOMLRLJHLFFCB48CC,何厝段,.00,都市：商,,,,00770064
RPOOMLKMJHLFFCB27DC,上石碑段,57.00,都市：住,,,,20530000
RPQOMLTLJHLFFBB08CC,松觀段,14.66,都市：住,,,,08640000
RPPOMLTLJHLFFBB97CC,水源段,202.00,都市：住,,,,01220021
RPWPMLKMJHLFFCB08CC,大新段,11.99,都市：住,,,,08650000
RPTQMLTLJHLFFCB68CC,永富段,25.00,都市：住,,,,03960000
RPTQMLTLJHLFFCB68CC,永富段,125.00,都市：住,,,,03970000
RPTQMLTLJHLFFCB68CC,永富段,125.01,都市：住,,,,03980000
RPTQMLTLJHLFFCB68CC,永富段,24.99,都市：住,,,,03990000
RPSQMLTLJHLFFCB58CC,中義段,165.00,都市：住,,,,10230000
RPTOMLTLJHLFFAB28CC,麻園頭段,29.70,都市：住,,,,02780000
RPWNMLTLJHLFFAB48CC,練武段,.00,都市：商,,,,10730000
