﻿編號,屋齡,建物移轉面積平方公尺,主要用途,主要建材,建築完成日期,總層數,建物分層
The serial number,room age,building shifting area square meter,the main use,main building materials,construction completes the date,total layer,building lamination
RPPNMLQKJIKFFBC57CC,17,87.83,住家用,鋼筋混凝土造,88年1月14日,十四層,
RPPNMLLKJIKFFBC17DC,18,157.83,辦公室,鋼筋混凝土造,86年6月20日,十四層,
RPPNMLLKJIKFFBC17DC,18,105.26,辦公室,鋼筋混凝土造,86年6月20日,十四層,
RPUNMLQJJIKFFCC08CC,24,192.97,商業用,鋼筋混凝土造,81年4月28日,七層,
RPPNMLSKJHLFFBC77CC,25,61.20,商業用,鋼筋混凝土造,80年5月15日,七層,
RPUNMLLKJIKFFCC67CC,20,116.47,商業用,鋼筋混凝土造,85年2月16日,七層,
RPRQMLSKKIKFFBC38CC,42,84.61,住家用,鋼筋混凝土加強磚造,63年5月21日,四層,
RPSOMLTJKIKFFBC38DC,2,155.28,住家用,鋼筋混凝土造,102年7月22日,十八層,
