﻿鄉鎮市區,交易標的,土地位置建物門牌,土地面積平方公尺,都市土地使用分區,非都市土地使用分區,非都市土地使用編定,租賃年月日,租賃筆棟數,租賃層次,總樓層數,建物型態,主要用途,主要建材,建築完成年月,建物總面積平方公尺,建物現況格局-房,建物現況格局-廳,建物現況格局-衛,建物現況格局-隔間,有無管理組織,有無附傢俱,總額元,單價元平方公尺,車位類別,車位面積平方公尺,車位總額元,備註,編號
The villages and towns urban district,transaction sign,land sector position building sector house number plate,land shifting total area square meter,the use zoning or compiles and checks,the non-metropolis land use district,non-metropolis land use,transaction year month and day,transaction pen number,shifting level,total floor number,building state,main use,main building materials,construction to complete the years,building shifting total area,Building present situation pattern - room,building present situation pattern - hall,building present situation pattern - health,building present situation pattern - compartmented,Whether there is manages the organization,Whether there is attaches the furniture,total price NTD,the unit price (NTD / square meter),the berth category,berth shifting total area square meter,the berth total price NTD,the note,serial number
中西區,建物,臺南市中西區健康路一段312之1號,0.0,住,,,1041031,土地0建物1車位0,全,4,透天厝,見其他登記事項,見其他登記事項,0940531,54.56,0,0,0,無,無,有,28000,513,,0.0,0,,RPVNMLMJJIKFFAD67CC
安平區,房地(土地+建物),臺南市安平區育平四街59號,11.67,住,,,1040909,土地1建物1車位0,二層,17,住宅大樓(11層含以上有電梯),住商用,鋼筋混凝土造,0850907,105.69,1,2,2,有,有,無,12000,114,,0.0,0,,RPSNMLOJJIKFFAD57CC
安平區,房地(土地+建物),臺南市安平區健康三街146號11樓之1,13.45,住,,,1041031,土地1建物1車位0,十一層,14,住宅大樓(11層含以上有電梯),見其他登記事項,見其他登記事項,0950822,104.6,2,2,1,有,有,有,15000,143,,0.0,0,,RPTNMLOJJIKFFAD67CC
中西區,房地(土地+建物),臺南市中西區衛民街62號六樓之2,13.99,商,,,1040919,土地3建物1車位0,一層,9,華廈(10層含以下有電梯),見其他登記事項,見其他登記事項,0950713,150.18,1,1,1,有,無,有,17000,113,,0.0,0,,RPUNMLOJJIKFFAD77CC
東區,房地(土地+建物),臺南市東區崇明23街1號5樓,20.24,住,,,1041103,土地1建物1車位0,五層,7,華廈(10層含以下有電梯),住家用,鋼筋混凝土構造,0820107,105.48,3,2,2,有,有,無,10000,95,,0.0,0,,RPWNMLOJJIKFFCD18CC
善化區,建物,臺南市善化區建國路19-29號,115.7,,,,1041024,土地0建物1車位0,一層,1,店面(店鋪),見其他登記事項,鋼筋混凝土造,0960927,309.75,0,0,0,無,無,無,15000,48,,0.0,0,,RPQNMLOJJIKFFER56CC
永康區,建物,臺南市永康區復國一路４３６號,0.0,住,,,1041027,土地0建物0車位0,一層,4,店面(店鋪),住商用,鋼筋混凝土造,0810512,104.55,0,0,0,無,無,無,50000,478,,0.0,0,,RPVNMLPJJIKFFHR47CC
永康區,建物,臺南市永康區永二街413號14樓,0.0,住,,,1041017,土地0建物1車位0,十四層,16,住宅大樓(11層含以上有電梯),住家用,鋼筋混凝土造,0830504,126.11,3,2,2,有,無,有,15000,119,,0.0,0,,RPUOMLPJJIKFFHR47CC
永康區,房地(土地+建物),臺南市永康區忠孝路438號,82.55,住,,,1041104,土地1建物1車位0,全,2,透天厝,住商用,加強磚造,0700522,113.32,5,2,2,有,無,有,16000,141,,0.0,0,,RPPPMLPJJIKFFHR07CC
永康區,房地(土地+建物),臺南市永康區新興街48號,86.16,住,,,1041021,土地1建物1車位0,全,2,透天厝,住商用,加強磚造,0691107,108.09,3,2,2,有,無,有,14000,130,,0.0,0,,RPSPMLPJJIKFFHR37CC
南區,土地,水交社段46地號,199.25,住,,,1041101,土地1建物0車位0,,,其他,,,,0.0,0,0,0,有,無,無,5000,25,,0.0,0,,RPTNMLPJJIKFFCD97CC
東區,建物,臺南市東區崇明十四街60巷12號5樓之1,0.0,商,,,1041011,土地0建物1車位0,五層,6,套房(1房1廳1衛),住商用,鋼筋混凝土構造,0791226,19.45,1,0,1,有,有,有,4000,206,,0.0,0,,RPWNMLPJJIKFFCD28CC
東區,建物,臺南市東區崇明路708號1樓,0.0,住,,,1041017,土地0建物1車位0,一層,5,店面(店鋪),見其他登記事項,鋼筋混凝土構造,0960626,129.97,0,1,1,有,無,有,35000,269,,0.0,0,,RPXNMLPJJIKFFCD38CC
東區,建物,臺南市東區林森路１段132號14樓,0.0,商,,,1041018,土地0建物1車位0,十四層,16,住宅大樓(11層含以上有電梯),住家用,鋼筋混凝土構造,0820609,73.41,2,1,1,有,無,有,8000,109,,0.0,0,,RPOOMLPJJIKFFCD57CC
東區,建物,臺南市東區中華東路２段167號10樓之2,0.0,商,,,1041028,土地0建物1車位0,十層,14,住宅大樓(11層含以上有電梯),住家用,鋼筋混凝土構造,0970229,36.5,1,1,1,有,有,有,11000,301,,0.0,0,.租賃契約書無填寫土地租賃面積2.由所有權人提供租屋資訊3.含一平面式車位,RPPOMLPJJIKFFCD67CC
南區,建物,臺南市南區體育路41巷32之1號3樓,0.0,住,,,1041028,土地0建物1車位0,三層,5,公寓(5樓含以下無電梯),住家用,鋼筋混凝土構造,0721214,89.22,3,2,2,有,無,有,8000,90,,0.0,0,,RPQOMLPJJIKFFCD77CC
東區,房地(土地+建物),臺南市東區東寧路267號,22.08,商,,,1041014,土地1建物1車位0,見其他登記事項,5,店面(店鋪),住家用,鋼筋混凝土構造,0710910,24.93,0,0,0,無,無,無,31000,1243,,0.0,0,,RPROMLPJJIKFFCD87CC
東區,建物,臺南市東區東安路50號7樓之3,0.0,住,,,1041031,土地0建物1車位0,七層,7,華廈(10層含以下有電梯),住家用,鋼筋混凝土構造,0701224,85.49,3,2,2,有,有,有,12000,140,,0.0,0,,RPSOMLPJJIKFFCD97CC
安平區,建物,臺南市安平區建平一街224巷21弄12之5號6樓,0.0,住,,,1041010,土地0建物1車位0,六層,7,華廈(10層含以下有電梯),住家用,鋼筋混凝土造,0840418,96.44,3,2,2,有,有,有,12000,124,,0.0,0,,RPWNMLPJJIKFFAD08CC
安平區,建物,臺南市安平區健康三街225號6樓之13,0.0,住,,,1041013,土地0建物1車位0,六層,8,華廈(10層含以下有電梯),住家用,鋼筋混凝土造,0830603,129.35,4,1,2,有,有,有,16000,124,,0.0,0,,RPXNMLPJJIKFFAD18CC
安平區,建物,臺南市安平區文平路357號1樓,0.0,住,,,1041016,土地0建物1車位0,一層,5,店面(店鋪),見其他登記事項,見其他登記事項,0931105,63.86,0,1,1,有,無,無,20000,313,,0.0,0,,RPOOMLPJJIKFFAD37CC
安平區,建物,臺南市安平區平豐路101巷17號,0.0,住,,,1041016,土地0建物1車位0,全,4,透天厝,住商用,鋼筋混凝土造,0861017,193.92,5,2,4,有,無,有,25000,129,,0.0,0,,RPQOMLPJJIKFFAD57CC
安平區,土地,新南段112-17地號,151.0,其他,,,1040830,土地1建物0車位0,,,其他,,,,0.0,0,0,0,有,無,無,8000,53,,0.0,0,,RPROMLPJJIKFFAD67CC
北區,建物,臺南市北區成功路2號11樓之25,0.0,商,,,1041020,土地0建物1車位0,十一層,14,套房(1房1廳1衛),住家用,鋼筋混凝土造,0731228,42.25,1,0,1,有,有,有,4900,116,,0.0,0,,RPSOMLPJJIKFFAD77CC
安平區,建物,臺南市安平區建平七街754號1樓+2樓,0.0,住,,,1041027,土地0建物1車位0,全,4,透天厝,住商用,鋼筋混凝土造,0830222,100.74,2,1,3,有,無,有,17000,169,,0.0,0,,RPUOMLPJJIKFFAD97CC
中西區,建物,臺南市中西區中山路88號8樓之5,0.0,商,,,1041030,土地0建物1車位0,八層,15,住宅大樓(11層含以上有電梯),住家用,鋼筋混凝土造,0840725,60.489999999999995,2,1,1,有,無,有,6000,99,,0.0,0,,RPOPMLPJJIKFFAD47CC
中西區,建物,臺南市中西區民生路２段229號,0.0,商,,,1041028,土地0建物1車位0,全,3,透天厝,見其他登記事項,加強磚造,0150917,14.44,0,0,0,無,無,無,5000,346,,0.0,0,,RPPPMLPJJIKFFAD57CC
中西區,房地(土地+建物),臺南市中西區成功路457號13F-3,17.22,商,,,1041014,土地1建物1車位0,十三層,17,辦公商業大樓,商業用,鋼筋混凝土造,0801212,113.18,0,0,0,無,有,有,11000,97,,0.0,0,,RPQPMLPJJIKFFAD67CC
東區,房地(土地+建物)+車位,臺南市東區崇明路270號四樓之7,10.77,住,,,1041009,土地1建物1車位1,四層,15,住宅大樓(11層含以上有電梯),住家用,鋼筋混凝土構造,0830825,83.19,3,2,1,有,有,有,20000,240,坡道平面,0.0,0,,RPQNMLRJJIKFFCD87CC
新市區,房地(土地+建物),臺南市新巿區成功街16巷2號,80.42,住,,,1041106,土地1建物1車位0,全,2,透天厝,住家用,加強磚造,0691205,86.52,4,1,3,有,無,有,13000,150,,0.0,0,,RPPNMLRJJIKFFER76CC
佳里區,房地(土地+建物),臺南市佳里區忠仁里忠仁109號二樓之3,22.51,住,,,1041109,土地3建物1車位0,二層,6,華廈(10層含以下有電梯),住家用,鋼筋混凝土造,0820804,83.41,2,2,2,有,有,有,6000,72,,0.0,0,,RPPOMLTJJIKFFDR96CC
永康區,建物,臺南市永康區龍潭街63之1號,0.0,住,,,1041109,土地0建物1車位0,全,4,透天厝,住商用,鋼筋混凝土造,0861208,113.58,0,0,2,有,無,有,12000,106,,0.0,0,,RPVNMLKKJIKFFHR07CC
北區,土地,北元段621-14地號,564.86,住,,,1041016,土地1建物0車位0,,,其他,,,,0.0,0,0,0,有,無,無,22500,40,,0.0,0,,RPPPMLKKJIKFFAD17CC
東區,建物,臺南市東區仁和路33號2樓,42.29,住,,,1041109,土地0建物1車位0,二層,13,住宅大樓(11層含以上有電梯),住家用,鋼筋混凝土構造,1010723,189.35,3,2,2,有,有,有,37000,195,,0.0,0,另附平面車位，但不含在總坪數內,RPUNMLLKJIKFFCD77CC
安平區,房地(土地+建物),臺南市安平區國平路599號8樓之14,4.43,其他,,,1041111,土地1建物1車位0,八層,21,套房(1房1廳1衛),商業用,鋼筋混凝土造,0831222,33.89,1,1,1,有,無,有,8000,236,,0.0,0,,RPWOMLMKJIKFFAD97CC
東區,房地(土地+建物),臺南市東區中華東路2段169號14樓之8,0.0,住,,,1041024,土地1建物1車位0,十四層,14,住宅大樓(11層含以上有電梯),住家用,鋼筋混凝土構造,0970229,21.81,1,0,1,有,無,有,8500,390,,0.0,0,租賃合約書無填寫土地租賃.租金包含管理費.網路及第四台等費用,RPTNMLNKJIKFFCD87CC
東區,房地(土地+建物)+車位,臺南市東區東平路111號7樓之7,0.0,住,,,1041110,土地1建物1車位0,七層,7,華廈(10層含以下有電梯),住家用,鋼筋混凝土構造,0820727,66.19,3,2,2,有,無,有,15000,227,升降機械,7.78,0,,RPUNMLNKJIKFFCD97CC
南區,建物,臺南市南區體育路21巷5之1號1樓,225.0,住,,,1041109,土地0建物1車位0,全,2,透天厝,住商用,加強磚造,0680503,284.33,4,2,2,有,無,無,25000,88,,0.0,0,,RPVNMLNKJIKFFCD08CC
善化區,土地,善成段1294地號,264.69,其他,,,1041113,土地1建物0車位0,,,其他,,,,0.0,0,0,0,有,無,無,33000,125,,0.0,0,,RPXNMLNKJIKFFER27CC
東區,房地(土地+建物),臺南市東區崇德路420號,91.0,住,,,1041112,土地1建物1車位0,全,4,透天厝,住商用,鋼筋混凝土構造,0710316,269.43,6,2,4,有,無,無,34000,126,,0.0,0,,RPRNMLNKJIKFFCD77DC
中西區,房地(土地+建物),臺南市中西區五妃街260號1樓,10.3,住,,,1041113,土地1建物1車位0,一層,8,華廈(10層含以下有電梯),見其他登記事項,鋼筋混凝土造,0931203,76.79,1,2,1,有,有,無,10000,130,,0.0,0,,RPROMLQKJIKFFAD97DC
東區,房地(土地+建物),臺南市東區東門路二段365巷28號,595.05,商,,,1041111,土地1建物1車位0,一層,1,店面(店鋪),見其他登記事項,見其他登記事項,1040420,434.81,0,1,1,有,無,無,150000,345,,0.0,0,,RPTNMLQKJIKFFCD18CC
東區,房地(土地+建物),臺南市東區東門路二段365巷28號,595.05,商,,,1041111,土地1建物1車位0,一層,1,店面(店鋪),見其他登記事項,見其他登記事項,1040420,434.81,0,1,1,有,無,無,150000,345,,0.0,0,,RPUNMLQKJIKFFCD28CC
中西區,建物,臺南市中西區友愛街363號8樓之16,0.17,住,,,1041116,土地0建物1車位0,八層,11,套房(1房1廳1衛),住家用,鋼筋混凝土造,0851127,29.380000000000003,1,0,1,有,有,有,5000,170,,0.0,0,,RPSOMLRKJIKFFAD08CC
新市區,房地(土地+建物),臺南市新巿區中山路199-1號,245.76,工,,,1041101,土地1建物1車位0,見其他登記事項,3,工廠,工業用,鋼骨鋼筋混凝土造,0840303,262.9,3,1,3,有,無,無,28000,,,0.0,0,,RPPNMLRKJIKFFER86CC
永康區,房地(土地+建物),臺南市永康區永興路93號4樓之3,10.31,住,,,1041111,土地1建物1車位0,四層,11,住宅大樓(11層含以上有電梯),住家用,鋼筋混凝土造,0830322,112.47999999999999,3,2,2,有,有,有,13000,116,,0.0,0,,RPPNMLSKJIKFFHR27CC
安平區,建物,臺南市安平區中華西路二段81.101號,0.0,,,,1041023,土地0建物1車位0,見其他登記事項,1,店面(店鋪),見其他登記事項,見其他登記事項,0930823,777.56,0,0,0,無,無,無,700000,900,,0.0,0,,RPQNMLSKJIKFFAD87CC
東區,建物,臺南市東區裕平路１０８號,0.0,住,,,1041023,土地0建物1車位0,一層,7,店面(店鋪),見其他登記事項,鋼筋混凝土構造,0961106,120.22,0,2,2,有,有,無,28000,233,,0.0,0,,RPTNMLSKJIKFFCD38CC
東區,建物,臺南市東區大同路１段113號3樓之2,0.0,商,,,1041027,土地0建物1車位0,三層,4,套房(1房1廳1衛),住商用,鋼筋混凝土構造,0720305,23.14,1,0,1,有,無,有,5500,238,,0.0,0,,RPRNMLTKJIKFFCD28CC
東區,建物,臺南市東區大同路１段113號2樓之2,0.0,商,,,1041027,土地0建物1車位0,二層,4,套房(1房1廳1衛),住商用,鋼筋混凝土構造,0720305,26.44,1,0,1,有,無,有,5000,189,,0.0,0,,RPSNMLTKJIKFFCD38CC
安平區,建物,臺南市安平區健康一街71巷59號4樓,0.0,住,,,1041104,土地0建物1車位0,四層,4,套房(1房1廳1衛),住商用,鋼筋混凝土造,0820512,36.36,1,0,1,有,無,有,5000,138,,0.0,0,,RPVNMLTKJIKFFAD48CC
中西區,建物,臺南市中西區永福路１段30號3樓,0.0,住,,,1041108,土地0建物1車位0,三層,3,公寓(5樓含以下無電梯),住商用,加強磚造,0640107,115.9,4,2,1,有,無,有,13000,112,,0.0,0,,RPXNMLTKJIKFFAD68CC
中西區,建物,臺南市中西區西賢六街22號,0.0,住,,,1041110,土地0建物1車位0,全,3,透天厝,住商用,鋼筋混凝土造,0740214,332.16,4,2,5,有,無,有,25000,75,,0.0,0,,RPOOMLTKJIKFFAD87CC
安平區,建物,臺南市安平區育平路212號9樓之21,0.0,住,,,1041110,土地0建物1車位0,九層,17,住宅大樓(11層含以上有電梯),住家用,鋼筋混凝土造,0840729,155.06,4,1,2,有,無,有,22000,142,,0.0,0,,RPPOMLTKJIKFFAD97CC
東區,建物,臺南市東區中華東路二段123號,0.0,住,,,1041024,土地0建物1車位0,一層,7,華廈(10層含以下有電梯),住商用,鋼筋混凝土構造,0721022,77.04,2,1,1,有,有,無,8000,104,,0.0,0,,RPWNMLKLJIKFFCD97CC
永康區,建物,臺南市永康區中華路703巷52號4樓,0.0,住,,,1041102,土地0建物1車位0,四層,7,華廈(10層含以下有電梯),住家用,鋼筋混凝土造,0810824,66.43,2,1,1,有,有,有,9000,135,,0.0,0,,RPSOMLKLJIKFFHR96CC
永康區,房地(土地+建物),臺南市永康區中正南路592巷60之1號,469.83,工,,,1041109,土地1建物1車位0,一層,1,廠辦,見其他登記事項,見其他登記事項,1040720,312.9,0,0,0,無,無,無,71750,229,,0.0,0,,RPVOMLKLJIKFFHR27CC
仁德區,土地,崙尾段287地號,389.53,住,,,1041103,土地1建物0車位0,,,其他,,,,0.0,0,0,0,有,無,無,25000,64,,0.0,0,,RPTPMLKLJIKFFFR96CC
東區,建物,臺南市東區勝利路５５號,0.0,住,,,1041025,土地0建物0車位0,見其他登記事項,4,店面(店鋪),住商用,鋼筋混凝土構造,0660806,78.49,0,2,1,有,無,有,30000,382,,0.0,0,,RPTNMLNLJIKFFCD97CC
南區,建物,臺南市南區金華路二段158號,0.0,住,,,1041027,土地0建物1車位0,見其他登記事項,4,店面(店鋪),住商用,鋼筋混凝土構造,0680324,104.49,0,0,0,無,無,無,50000,479,,0.0,0,,RPXNMLNLJIKFFCD38CC
北區,建物,臺南市北區文賢路735巷10弄32號,0.0,住,,,1041121,土地0建物1車位0,全,3,透天厝,見其他登記事項,鋼筋混凝土造,0720406,134.05,4,1,3,有,無,無,13000,97,,0.0,0,,RPPNMLNLJIKFFAD37CC
安平區,建物,臺南市安平區永華二街59巷59號,0.0,住,,,1041031,土地0建物1車位0,一層,7,華廈(10層含以下有電梯),住商用,鋼筋混凝土造,0821018,61.54,0,1,1,有,無,無,12000,195,,0.0,0,,RPXOMLOLJIKFFAD38CC
中西區,房地(土地+建物),臺南市中西區民族路二段168號,37.31,住,,,1041124,土地2建物1車位0,全,3,透天厝,住商用,加強磚造,0570120,97.6,1,2,2,有,無,無,19000,195,,0.0,0,,RPOPMLOLJIKFFAD57CC
東區,建物,臺南市東區東安路6樓之1,0.0,住,,,1041108,土地0建物1車位0,六層,10,華廈(10層含以下有電梯),住家用,鋼筋混凝土構造,0810828,150.2,3,2,2,有,有,無,15000,100,,0.0,0,,RPPPMLOLJIKFFCD87CC
南區,建物,臺南市南區新慶街46號10樓之1,0.0,住,,,1041107,土地0建物1車位0,十層,10,華廈(10層含以下有電梯),住家用,鋼筋混凝土構造,0850930,37.83,1,0,1,有,有,有,7500,198,,0.0,0,,RPQPMLOLJIKFFCD97CC
東區,建物,臺南市東區仁和路139巷6之7號,0.0,住,,,1041111,土地0建物1車位0,全,5,透天厝,住家用,鋼筋混凝土構造,0831114,171.55,5,2,5,有,無,有,15000,87,,0.0,0,1.租賃契約書無填寫土地租賃面積。2.由所有權人提供租屋資訊。3.透天一樓有含室內平面式車庫。,RPSPMLOLJIKFFCD18CC
東區,土地,竹篙厝段3796地號,397.0,住,,,1041125,土地1建物0車位0,,,其他,,,,0.0,0,0,0,有,無,無,40000,101,,0.0,0,,RPTQMLPLJIKFFCD48CC
北區,房地(土地+建物),臺南市北區和緯路二段199號,94.67,住,,,1041124,土地3建物1車位0,全,4,透天厝,見其他登記事項,鋼筋混凝土造,0961126,247.34,4,2,4,有,無,無,16000,65,,0.0,0,,RPTNMLPLJIKFFAD97CC
中西區,建物,臺南市中西區府前路一段２１６號,0.0,商,,,1041116,土地0建物0車位0,見其他登記事項,3,店面(店鋪),住家用,鋼筋混凝土加強磚造,,356.77,8,1,4,有,無,無,136400,382,,0.0,0,,RPXNMLPLJIKFFAD38CC
北區,建物,臺南市北區西門路四段279號,434.82,住,,,1041104,土地0建物4車位0,二層,4,辦公商業大樓,住商用,鋼筋混凝土造,0751120,273.16,0,0,0,無,無,無,45000,165,,0.0,0,,RPQOMLPLJIKFFAD77CC
北區,房地(土地+建物)+車位,臺南市北區公園北路156號十一樓之6,8.89,住,,,1041101,土地1建物1車位1,十一層,12,住宅大樓(11層含以上有電梯),見其他登記事項,見其他登記事項,0951001,80.5,1,1,1,有,有,有,16000,199,坡道平面,0.0,0,,RPUOMLPLJIKFFAD18CC
永康區,建物,臺南市永康區蔦松二街87巷62號三樓之3,0.0,住,,,1041120,土地0建物1車位0,三層,7,華廈(10層含以下有電梯),住家用,鋼筋混凝土造,0830204,115.64,3,1,2,有,無,無,12000,104,,0.0,0,,RPRPMLPLJIKFFHR47CC
永康區,建物,臺南市永康區鹽行里正南五街289巷60號六樓,0.0,住,,,1041125,土地0建物1車位0,六層,7,華廈(10層含以下有電梯),住家用,鋼筋混凝土造,0830413,82.01,3,1,2,有,有,有,8000,98,,0.0,0,,RPUNMLQLJIKFFHR67CC
永康區,建物,臺南市永康區二王里永二街447巷68弄26號,0.0,住,,,1041125,土地0建物1車位0,全,4,透天厝,住家用,鋼筋混凝土造,0900315,182.53,4,2,4,有,無,有,16000,88,,0.0,0,,RPXNMLQLJIKFFHR97CC
東區,建物,臺南市東區東平路111號五樓之9,0.0,住,,,1041124,土地0建物1車位0,五層,7,華廈(10層含以下有電梯),住家用,鋼筋混凝土構造,0820727,78.35,2,1,2,有,有,有,15000,191,,0.0,0,,RPWNMLQLJIKFFCD58CC
東區,房地(土地+建物),臺南市東區崇明十四街69號,101.0,住,,,1041127,土地1建物1車位0,全,3,透天厝,住商用,鋼筋混凝土構造,0701109,199.01,8,2,3,有,無,無,25000,126,,0.0,0,,RPVPMLRLJIKFFCD78CC
中西區,建物,臺南市中西區公園路52號1樓,309.46,商,,,1041126,土地0建物1車位0,一層,5,店面(店鋪),住家用,磚造,,204.08,0,1,1,有,無,無,150000,735,,0.0,0,,RPUNMLRLJIKFFAD38DC
東區,土地,東光段51-19地號,3525.25,商,,,1041109,土地4建物0車位0,,,其他,,,,0.0,0,0,0,有,無,有,360000,102,,0.0,0,,RPPNMLSLJIKFFCD08CC
歸仁區,土地,豬厝段751-8地號,1213.0,,一般農業區,丁種建築用地,1041116,土地2建物0車位0,,,其他,,,,0.0,0,0,0,有,無,無,85000,70,,0.0,0,無建物保存登記,RPPOMLKMJIKFFFR56CC
永康區,建物,臺南市永康區尚頂里大武街71巷3號,0.0,住,,,1041129,土地0建物1車位0,全,16,透天厝,住商用,鋼筋混凝土造,0840523,62.6,2,1,2,有,無,有,8000,128,,0.0,0,1.合約書無填具土地租賃面積.2.由所有權人提供出租資訊.3.透天分租2樓+3樓,RPPOMLKMJIKFFHR76CC
永康區,建物,臺南市永康區東橋三路408號,0.0,住,,,1041127,土地0建物1車位0,全,4,透天厝,住商用,鋼筋混凝土造,0991230,41.76,0,1,1,有,無,無,13000,311,,0.0,0,,RPPNMLLJKIKFFHR56CC
南區,房地(土地+建物),臺南市南區明興路75號,150.08,住,,,1041201,土地1建物1車位0,一層,1,店面(店鋪),住商用,鋼筋混凝土構造,0780601,286.06,1,1,1,有,有,無,18000,63,,0.0,0,,RPTNMLLJKIKFFCD67CC
東區,建物,臺南市東區大同路一段71巷3號,0.0,住,,,1041129,土地0建物1車位0,全,2,透天厝,住家用,加強磚造,0590417,50.72,2,1,3,有,無,有,9000,177,,0.0,0,,RPQOMLLJKIKFFCD47CC
北區,建物,臺南市北區北安路一段56巷28號,0.0,住,,,1041127,土地0建物1車位0,全,2,透天厝,住家用,磚造,0450101,98.21,3,2,2,有,無,有,10000,102,,0.0,0,,RPTNMLLJKIKFFAD47CC
東區,房地(土地+建物),臺南市東區大同路二段615號9樓之2,13.61,商,,,1041127,土地1建物1車位0,九層,22,辦公商業大樓,商業用,鋼筋混凝土構造,0790917,144.14,0,0,0,無,無,無,16000,111,,0.0,0,,RPVOMLMJKIKFFCD08CC
仁德區,土地,義林段98地號,1460.02,住,,,1041120,土地1建物0車位0,,,其他,,,,0.0,0,0,0,有,無,無,20000,14,,0.0,0,,RPUNMLMJKIKFFFR96CC
北區,房地(土地+建物)+車位,臺南市北區長榮路五段41巷68號13F之2,28.29,住,,,1041128,土地1建物1車位1,十三層,14,住宅大樓(11層含以上有電梯),見其他登記事項,鋼筋混凝土造,0920916,148.83,3,2,2,有,有,無,13000,87,坡道平面,0.0,0,,RPUNMLMJKIKFFAD77DC
善化區,房地(土地+建物),臺南市善化區興華路238之3號,85.5,其他,,,1041203,土地1建物1車位0,見其他登記事項,4,店面(店鋪),見其他登記事項,鋼筋混凝土造,0850501,304.51,6,3,3,有,無,有,25000,82,,0.0,0,,RPOOMLNJKIKFFER09CC
佳里區,房地(土地+建物),臺南市佳里區佳北路260號,94.29,住,,,1041201,土地1建物1車位0,全,4,透天厝,見其他登記事項,鋼筋混凝土造,1020422,214.43,5,2,4,有,無,無,20000,93,,0.0,0,,RPPOMLNJKIKFFDR09CC
永康區,建物,臺南市永康區復國一路３９０號,0.0,住,,,1041124,土地0建物0車位0,一層,4,店面(店鋪),見使用執照,鋼筋混凝土造,0930227,51.83,0,1,1,有,無,有,25000,482,,0.0,0,,RPPNMLNJKIKFFHR76CC
永康區,建物,臺南市永康區南台街75巷41號,0.0,住,,,1041130,土地0建物1車位0,全,4,透天厝,住商用,鋼筋混凝土造,0821206,40.86,0,0,1,有,無,無,8000,196,,0.0,0,,RPOOMLNJKIKFFHR76CC
中西區,房地(土地+建物),臺南市中西區忠義路二段226號,912.33,商,,,1041201,土地1建物1車位0,全,3,透天厝,商業用,鋼筋混凝土造,0801105,856.45,0,0,2,有,無,有,49500,58,,0.0,0,,RPOOMLNJKIKFFAD27CC
北區,房地(土地+建物),臺南市北區和緯路二段162號,225.18,住,,,1041104,土地1建物1車位0,見其他登記事項,2,店面(店鋪),見其他登記事項,見其他登記事項,1010409,284.47,0,0,0,無,無,無,77000,271,,0.0,0,,RPTOMLNJKIKFFAD77CC
中西區,土地,廣慈段597地號,281.75,商,,,1041203,土地2建物0車位0,,,其他,,,,0.0,0,0,0,有,無,有,336000,1193,,0.0,0,,RPRNMLOJKIKFFAD57CC
南區,房地(土地+建物),臺南市南區中華南路二段270號,36.63,住,,,1041204,土地1建物1車位0,見其他登記事項,5,公寓(5樓含以下無電梯),住家用,鋼筋混凝土構造,0701126,222.21,3,2,2,有,無,無,20000,90,,0.0,0,租賃層次為B1~2F，樓店,RPWNMLOJKIKFFCD28CC
東區,建物,臺南市東區裕興街235號,0.0,住,,,1041113,土地0建物1車位0,全,4,透天厝,住家用,鋼筋混凝土構造,0911126,245.32,4,3,5,有,無,無,30000,122,,0.0,0,,RPQNMLPJKIKFFCD77CC
東區,建物,臺南市東區裕文路25號2樓,0.0,住,,,1041117,土地0建物1車位0,二層,9,華廈(10層含以下有電梯),住商用,鋼筋混凝土構造,0850409,84.23,3,0,1,有,無,有,9000,107,,0.0,0,,RPRNMLPJKIKFFCD87CC
北區,建物,臺南市北區公園路1074巷11號,0.0,住,,,1041120,土地0建物1車位0,全,2,透天厝,住家用,加強磚造,0621112,90.09,4,2,5,有,無,有,20000,222,,0.0,0,,RPRNMLPJKIKFFAD67CC
善化區,房地(土地+建物),臺南市善化區永安路37號,66.13,其他,,,1041205,土地1建物1車位0,全,2,透天厝,住商用,加強磚造,0711227,95.98,3,2,2,有,無,有,10000,104,,0.0,0,,RPPNMLPJKIKFFER66CC
善化區,土地,大成段135地號,177.07,其他,,,1041206,土地1建物0車位0,,,其他,,,,0.0,0,0,0,有,無,有,10000,56,,0.0,0,,RPVNMLRJKIKFFER47CC
安南區,建物,臺南市安南區北安路３段745巷20弄32號,0.0,住,,,1041117,土地0建物1車位0,一層,1,廠辦,見其他登記事項,見其他登記事項,0880512,51.66,0,0,0,無,無,無,20000,387,,0.0,0,,RPTNMLSJKIKFFBD28CC
中西區,建物,臺南市中西區郡緯街6號7樓之1.,0.0,商,,,1041201,土地0建物0車位0,七層,7,華廈(10層含以下有電梯),住家用,鋼筋混凝土造,0690603,34.76,1,1,1,有,有,有,8000,230,,0.0,0,,RPSNMLSJKIKFFAD18DC
北區,建物,臺南市北區北門路２段344巷3號5樓,0.0,住,,,1041115,土地0建物1車位0,五層,11,住宅大樓(11層含以上有電梯),見其他登記事項,鋼筋混凝土造,0911115,129.71,4,1,2,有,有,有,13500,104,,0.0,0,,RPUNMLSJKIKFFAD28CC
中西區,建物,臺南市中西區大同路１段238巷28號4樓,0.0,住,,,1041120,土地0建物1車位0,四層,5,公寓(5樓含以下無電梯),住家用,鋼筋混凝土造,0690311,92.07000000000001,3,2,1,有,有,有,10000,109,,0.0,0,,RPTOMLSJKIKFFAD28CC
中西區,房地(土地+建物),臺南市中西區頂美一街7號7樓之2,21.89,住,,,1041112,土地1建物1車位0,七層,7,華廈(10層含以下有電梯),住家用,鋼筋混凝土造,0661202,68.46,1,0,1,有,無,有,7500,110,,0.0,0,,RPVOMLSJKIKFFAD48CC
南區,建物,臺南市南區新建路27巷17號之4,0.0,住,,,1041117,土地0建物1車位0,五層,5,公寓(5樓含以下無電梯),見其他登記事項,鋼筋混凝土構造,0720820,75.45,3,2,1,有,無,有,7000,93,,0.0,0,,RPRNMLSJKIKFFCD18CC
東區,建物,臺南市東區德東街301巷1號6樓,0.0,住,,,1041118,土地0建物1車位0,六層,8,華廈(10層含以下有電梯),見其他登記事項,鋼筋混凝土構造,1040717,114.48,3,2,2,有,有,有,23000,201,,0.0,0,,RPVNMLSJKIKFFCD58CC
東區,建物,臺南市東區中華東路２段169號2樓之6,0.0,商,,,1041120,土地0建物1車位0,二層,14,住宅大樓(11層含以上有電梯),住家用,鋼筋混凝土構造,0970229,73.86,1,1,1,有,有,有,10000,135,,0.0,0,,RPROMLSJKIKFFCD28CC
南區,建物,臺南市南區新建路27巷7之4號,0.0,住,,,1041120,土地0建物1車位0,五層,5,公寓(5樓含以下無電梯),見其他登記事項,鋼筋混凝土構造,0720820,75.45,3,2,1,有,無,有,7000,93,,0.0,0,,RPTNMLTJKIKFFCD48CC
南區,建物,臺南市南區仁慈街27號6樓之8,0.0,住,,,1041123,土地0建物1車位0,六層,7,華廈(10層含以下有電梯),住家用,鋼筋混凝土構造,0791024,34.92,1,0,1,有,有,有,6500,186,,0.0,0,,RPUNMLTJKIKFFCD58CC
東區,建物,臺南市東區裕農路726巷2弄9號5樓之1,0.0,住,,,1041123,土地0建物1車位0,五層,5,公寓(5樓含以下無電梯),住家用,鋼筋混凝土構造,0701202,81.11,3,1,2,有,無,有,7000,86,,0.0,0,,RPVNMLTJKIKFFCD68CC
東區,建物,臺南市東區崇德十八街18號3樓,0.0,商,,,1041127,土地0建物1車位0,三層,6,華廈(10層含以下有電梯),商業用,鋼筋混凝土構造,0820216,77.14,3,1,1,有,有,有,10000,130,,0.0,0,,RPWNMLTJKIKFFCD78CC
東區,建物,臺南市東區東成街28巷14號5樓之2,0.0,住,,,1041129,土地0建物1車位0,五層,5,公寓(5樓含以下無電梯),住家用,鋼筋混凝土構造,0770423,82.46000000000001,3,2,2,有,無,有,8500,103,,0.0,0,,RPOOMLTJKIKFFCD08CC
南區,建物,臺南市南區新慶街46號8樓之2,0.0,住,,,1041205,土地0建物1車位0,八層,10,華廈(10層含以下有電梯),住家用,鋼筋混凝土構造,0850930,49.05,1,1,1,有,無,有,7000,143,,0.0,0,,RPQOMLTJKIKFFCD28CC
北區,建物,臺南市北區北成路401號10樓之11,0.0,住,,,1041121,土地0建物1車位0,十層,14,住宅大樓(11層含以上有電梯),見其他登記事項,鋼筋混凝土造,0990406,70.68,1,1,1,有,有,有,17000,241,,0.0,0,,RPUNMLTJKIKFFAD38CC
安平區,建物,臺南市安平區建平七街754號3樓之1,0.0,住,,,1041124,土地0建物1車位0,三層,4,套房(1房1廳1衛),住商用,鋼筋混凝土造,0830222,33.05,1,0,1,有,無,有,5000,151,,0.0,0,,RPVNMLTJKIKFFAD48CC
中西區,建物,臺南市中西區青年路15號,0.0,商,,,1041124,土地0建物1車位0,全,2,透天厝,住家用,加強磚造,0530430,121.55,2,0,2,有,無,有,28000,230,,0.0,0,,RPWNMLTJKIKFFAD58CC
北區,建物,臺南市北區中華北路１段85號,0.0,住,,,1041125,土地0建物1車位0,全,2,透天厝,見其他登記事項,見其他登記事項,1030625,232.72,1,1,2,有,無,有,32000,138,,0.0,0,,RPXNMLTJKIKFFAD68CC
安平區,建物,臺南市安平區健康三街592巷21號之4,0.0,商,,,1041128,土地0建物1車位0,五層,6,華廈(10層含以下有電梯),住家用,鋼筋混凝土造,0820121,123.32999999999998,3,2,2,有,有,有,14500,118,,0.0,0,,RPOOMLTJKIKFFAD87CC
安平區,建物,臺南市安平區慶平路200號6樓之10,0.0,商,,,1041129,土地0建物1車位0,六層,13,住宅大樓(11層含以上有電梯),住家用,鋼筋混凝土造,0841024,60.94,1,1,1,有,有,有,12500,205,,0.0,0,,RPROMLTJKIKFFAD18CC
北區,建物,臺南市北區北門路三段56號,0.0,其他,,,1041206,土地0建物1車位0,一層,12,住宅大樓(11層含以上有電梯),見其他登記事項,鋼筋混凝土造,0911227,195.69,1,2,2,有,無,無,15000,77,,0.0,0,,RPSOMLTJKIKFFAD28CC
北區,房地(土地+建物)+車位,臺南市北區北門路二段577巷8號3F之2,31.37,住,,,1041207,土地1建物1車位1,三層,11,住宅大樓(11層含以上有電梯),見其他登記事項,鋼筋混凝土造,0930521,143.14,3,2,2,有,有,無,11000,77,坡道平面,0.0,0,,RPTNMLTJKIKFFAD38DC
永康區,建物,臺南市永康區大仁街52號騎樓,0.0,住,,,1041130,土地0建物1車位0,全,2,透天厝,住家用,加強磚造,0701231,11.94,0,0,0,無,無,無,5000,419,,0.0,0,,RPPOMLTJKIKFFHR47CC
安定區,房地(土地+建物),臺南市安定區海寮132之94號,89.0,,鄉村區,乙種建築用地,1041126,土地1建物1車位0,全,4,透天厝,住商用,鋼筋混凝土造,0810131,188.42,4,3,3,有,無,無,8000,42,,0.0,0,,RPSNMLTJKIKFFER47DC
北區,建物,臺南市安平區文賢路749號,207.8,住,,,1041209,土地0建物3車位0,全,1,透天厝,住家用,磚造,0510101,100.1,0,0,0,無,無,無,68000,679,,0.0,0,,RPQNMLKKKIKFFAD17CC
北區,房地(土地+建物),臺南市北區前鋒路293號8樓之4,0.0,商,,,1041126,土地1建物1車位0,八層,12,住宅大樓(11層含以上有電梯),商業用,鋼筋混凝土造,0800123,41.81,0,0,0,無,無,無,8500,203,,0.0,0,,RPTNMLLKKIKFFAD57CC
北區,房地(土地+建物),臺南市北區公園南路365號5樓之2,0.0,住,,,1041207,土地1建物1車位0,五層,14,住宅大樓(11層含以上有電梯),見其他登記事項,見其他登記事項,0960824,16.82,1,0,1,有,無,有,7000,416,,0.0,0,,RPUNMLLKKIKFFAD67CC
東區,房地(土地+建物),臺南市東區東門路二段365巷34弄11號2樓,0.0,住,,,1041124,土地1建物1車位0,二層,5,公寓(5樓含以下無電梯),住商用,鋼筋混凝土構造,0771224,83.8,3,2,2,有,無,有,12500,149,,0.0,0,,RPQNMLLKKIKFFCD47CC
永康區,土地,永中段466-2地號,71.3,住,,,1041006,土地1建物0車位0,,,其他,,,,0.0,0,0,0,有,無,有,12000,168,,0.0,0,,RPVOMLLKKIKFFHR37CC
南區,建物,臺南市南區西門路一段174號,0.0,住,,,1041114,土地0建物1車位0,全,4,透天厝,住商用,鋼筋混凝土構造,0820807,222.27,4,2,4,有,無,無,23000,103,,0.0,0,,RPQNMLMKKIKFFCD57CC
東區,建物,臺南市東區富農街一段199巷3號3樓,0.0,住,,,1041120,土地0建物1車位0,三層,11,住宅大樓(11層含以上有電梯),住家用,鋼筋混凝土構造,0801121,177.86,4,2,2,有,有,無,20000,112,,0.0,0,,RPRNMLMKKIKFFCD67CC
永康區,土地,西勢段1633地號,0.0,其他,,,1041210,土地1建物0車位0,,,其他,,,,0.0,0,0,0,有,無,無,25000,0,,0.0,0,,RPVNMLOKKIKFFHR57CC
仁德區,土地,林仔段932地號,1470.49,農,,,1041214,土地1建物0車位0,,,其他,,,,0.0,0,0,0,有,無,無,28000,19,,0.0,0,,RPQNMLPKKIKFFFR96CC
東區,建物,臺南市東區文化一街６號８樓,0.0,住,,,1041129,土地0建物1車位2,八層,13,住宅大樓(11層含以上有電梯),住家用,鋼筋混凝土構造,1010723,292.79,3,2,2,有,有,有,38000,130,坡道平面,48.86,0,,RPQNMLPKKIKFFCD87CC
東區,建物,臺南市東區崇學路18號18樓之1,0.0,住,,,1041204,土地0建物1車位0,十八層,20,住宅大樓(11層含以上有電梯),住家用,鋼筋混凝土構造,0800708,215.3,4,2,2,有,有,有,17000,79,,0.0,0,,RPROMLQKKIKFFCD18CC
北區,房地(土地+建物)+車位,臺南市北區台南市北區工園南路363號14樓之5,8.33,住,,,1041125,土地1建物1車位1,十四層,14,住宅大樓(11層含以上有電梯),見其他登記事項,見其他登記事項,0960824,80.2,1,1,1,有,有,有,23000,0,坡道平面,8028.0,0,,RPWNMLQKKIKFFAD38CC
中西區,房地(土地+建物),臺南市中西區中華西路二段506號,12.77,住,,,1041213,土地1建物1車位0,一層,14,店面(店鋪),見其他登記事項,見其他登記事項,1020620,157.51,0,0,0,無,無,無,10000,63,,0.0,0,,RPPOMLQKKIKFFAD77CC
北區,建物,臺南市北區公園路409號4樓,0.0,商,,,1041125,土地0建物1車位0,四層,5,套房(1房1廳1衛),見其他登記事項,鋼筋混凝土造,0980525,29.75,1,0,1,有,無,有,5500,185,,0.0,0,,RPROMLQKKIKFFAD97CC
中西區,建物,臺南市中西區頂美一街7號   6樓之6,0.0,住,,,1041204,土地0建物1車位0,六層,7,套房(1房1廳1衛),住家用,鋼筋混凝土造,0661202,33.77,1,0,1,有,有,有,6000,178,,0.0,0,,RPSOMLQKKIKFFAD08CC
安平區,建物,臺南市安平區慶平路245號,0.0,住,,,1041204,土地0建物1車位0,一層,4,店面(店鋪),見其他登記事項,見其他登記事項,0921226,70.75,0,0,0,無,無,無,18000,254,,0.0,0,,RPTOMLQKKIKFFAD18CC
中西區,建物,臺南市中西區開山路3巷26號4樓,0.0,商,,,1041207,土地0建物1車位0,四層,4,公寓(5樓含以下無電梯),住家用,鋼筋混凝土造,0841004,118.25999999999999,3,1,2,有,無,有,10000,85,,0.0,0,,RPUOMLQKKIKFFAD28CC
仁德區,建物,臺南市仁德區義林九街79號,0.0,住,,,1041130,土地0建物1車位0,全,5,透天厝,住家用,鋼筋混凝土造,0881011,210.42,3,2,4,有,無,有,19900,95,,0.0,0,,RPVNMLQKKIKFFFR57CC
仁德區,建物,臺南市仁德區中山路16號,0.0,工,,,1041203,土地0建物1車位0,一層,1,工廠,見其他登記事項,見其他登記事項,1030613,243.33,0,0,0,無,無,無,60000,,,0.0,0,,RPXNMLQKKIKFFFR77CC
永康區,建物,臺南市永康區中華二路266巷11號   10樓之2,0.0,住,,,1041205,土地0建物1車位0,十層,11,住宅大樓(11層含以上有電梯),住家用,鋼筋混凝土造,0850522,192.39,4,2,4,有,有,有,13000,68,,0.0,0,,RPTOMLQKKIKFFHR67CC
永康區,建物,臺南市永康區復國一路475巷29號,0.0,住,,,1041215,土地0建物1車位0,全,4,透天厝,住商用,鋼筋混凝土造,0840107,189.09,5,4,3,有,無,無,15000,79,,0.0,0,,RPRNMLRKKIKFFHR47CC
安平區,建物,臺南市安平區慶平路539號   11樓之6,0.0,商,,,1041211,土地0建物1車位0,二十一層,24,住宅大樓(11層含以上有電梯),見其他登記事項,鋼筋混凝土造,0880211,122.25,3,1,2,有,無,有,15000,123,,0.0,0,,RPPNMLRKKIKFFAD77CC
中西區,建物,臺南市中西區五妃街258號   7樓之18   A棟,0.0,住,,,1041212,土地0建物1車位0,七層,8,華廈(10層含以下有電梯),見其他登記事項,鋼筋混凝土造,0931203,95.3,2,1,1,有,無,有,15500,163,,0.0,0,,RPRNMLRKKIKFFAD97CC
安平區,建物,臺南市安平區育平九街409號之6,0.0,住,,,1041215,土地0建物1車位0,全,5,透天厝,見其他登記事項,見其他登記事項,0941013,270.28,2,1,0,有,無,有,10000,37,,0.0,0,,RPUNMLRKKIKFFAD28CC
中西區,建物,臺南市中西區青年路47巷12號   2樓之2,0.0,商,,,1041215,土地0建物1車位0,二層,5,華廈(10層含以下有電梯),住家用,鋼筋混凝土造,0730529,121.25,2,2,2,有,無,有,14500,120,,0.0,0,,RPWNMLRKKIKFFAD48CC
安平區,建物,臺南市安平區健康一街71巷59號,0.0,住,,,1041217,土地0建物1車位0,全,4,透天厝,住商用,鋼筋混凝土造,0820512,33.05,1,0,1,有,無,有,5500,166,,0.0,0,,RPXNMLRKKIKFFAD58CC
中西區,房地(土地+建物)+車位,臺南市中西區中華西路二段520號4樓之7,2503.42,住,,,1041216,土地1建物1車位1,四層,15,住宅大樓(11層含以上有電梯),商業用,見其他登記事項,0630925,60.44,2,1,1,有,無,有,23000,381,坡道平面,13.3,0,,RPRPMLRKKIKFFAD18CC
中西區,房地(土地+建物)+車位,臺南市中西區中華西路二段520號4樓之7,2503.42,住,,,1041216,土地1建物1車位1,四層,15,住宅大樓(11層含以上有電梯),商業用,見其他登記事項,0630925,60.44,2,1,1,有,無,有,23000,381,坡道平面,13.3,0,,RPSPMLRKKIKFFAD28CC
東區,建物,臺南市東區崇學路210號   7樓之2,0.0,住,,,1041210,土地0建物1車位0,七層,12,住宅大樓(11層含以上有電梯),住家用,鋼筋混凝土構造,0800708,146.42,3,2,2,有,無,有,13000,89,,0.0,0,,RPSNMLRKKIKFFCD28CC
東區,建物,臺南市東區府連路177號,0.0,住,,,1041215,土地0建物1車位0,一層,1,店面(店鋪),住家用,木造,,44.32,0,0,2,有,無,無,20000,451,,0.0,0,,RPXNMLRKKIKFFCD78CC
東區,建物,臺南市東區莊敬路118號17樓之3,0.0,住,,,1041214,土地0建物1車位0,十七層,17,住宅大樓(11層含以上有電梯),住家用,鋼筋混凝土構造,0790803,194.18,3,3,2,有,無,有,15000,77,,0.0,0,,RPSNMLSKKIKFFCD38CC
永康區,建物,臺南市永康區中正南路416號,0.0,其他,,,1041216,土地0建物1車位0,一層,1,其他,見其他登記事項,見其他登記事項,0621201,205.5,0,1,1,有,無,無,26000,127,,0.0,0,,RPRNMLSKKIKFFHR57CC
永康區,房地(土地+建物)+車位,臺南市永康區永二街421號11樓之3,0.0,住,,,1041210,土地1建物1車位1,十一層,16,住宅大樓(11層含以上有電梯),住家用,鋼筋混凝土造,0830504,81.14,2,1,1,有,無,有,12000,148,坡道機械,11.34,0,,RPTOMLLLKIKFFHR27CC
永康區,房地(土地+建物),臺南市永康區中華路286巷50號,0.0,住,,,1041216,土地1建物1車位0,全,2,透天厝,,加強磚造,0741224,102.34,4,2,2,有,無,有,12000,117,,0.0,0,,RPTPMLLLKIKFFHR37CC
安平區,建物,臺南市安平區華平路559號,61.0,住,,,1041218,土地0建物1車位0,一層,5,店面(店鋪),住商用,鋼筋混凝土造,0800510,55.4,0,0,0,無,無,無,15000,271,,0.0,0,,RPOOMLLLKIKFFAD37DC
中西區,建物,臺南市中西區民權路三段201號,0.0,其他,,,1041204,土地0建物1車位0,一層,6,華廈(10層含以下有電梯),見其他登記事項,鋼筋混凝土造,0810914,335.9,1,2,2,有,無,無,39900,119,,0.0,0,,RPSPMLLLKIKFFAD77CC
新市區,房地(土地+建物),臺南市新巿區光華街5-7號,294.36,工,,,1041201,土地1建物1車位0,見其他登記事項,1,工廠,見其他登記事項,見其他登記事項,1040701,176.16,0,0,0,無,無,無,30000,,,0.0,0,,RPPQMLMLKIKFFER86CC
永康區,建物,臺南市永康區南工街267巷66號六樓之3,0.0,住,,,1041219,土地0建物1車位0,六層,11,住宅大樓(11層含以上有電梯),住家用,鋼筋混凝土造,0860926,62.59,3,2,2,有,無,有,12000,192,,0.0,0,,RPPNMLMLKIKFFHR86CC
永康區,建物,臺南市永康區勝利里勝利街22巷5弄5號八樓,0.0,住,,,1041219,土地0建物1車位0,八層,9,華廈(10層含以下有電梯),住家用,鋼筋混凝土造,0831216,160.53,3,2,2,有,有,有,12000,75,,0.0,0,,RPROMLNLKIKFFHR27CC
永康區,建物,臺南市永康區大橋一街57之5號10樓之5,0.0,住,,,1041223,土地0建物1車位0,十層,14,套房(1房1廳1衛),住家用,鋼筋混凝土造,0880824,30.650000000000002,1,0,1,有,有,有,5500,179,,0.0,0,,RPOQMLNLKIKFFHR17CC
佳里區,房地(土地+建物),臺南市佳里區新生路316號一樓,209.0,商,,,1041222,土地3建物1車位0,全,3,透天厝,住商用,加強磚造,0650507,98.46,0,2,1,有,無,無,22000,223,,0.0,0,,RPSNMLNLKIKFFDR86CC
安平區,建物,臺南市安平區慶平路507之2號15樓之2,0.0,商,,,1041219,土地0建物1車位0,十五層,22,住宅大樓(11層含以上有電梯),住家用,鋼筋混凝土造,0840516,119.22,2,2,2,有,有,有,15000,126,,0.0,0,,RPQPMLNLKIKFFAD77CC
南區,建物,臺南市南區府緯街86號7樓之8,0.0,住,,,1041219,土地0建物1車位0,七層,8,套房(1房1廳1衛),住家用,鋼筋混凝土構造,0811028,217.88000000000002,1,1,1,有,有,有,10000,46,,0.0,0,,RPXNMLNLKIKFFCD48CC
南區,建物,臺南市南區德興路164巷40號5樓之8,0.0,住,,,1041221,土地0建物1車位0,五層,5,公寓(5樓含以下無電梯),住家用,鋼筋混凝土構造,0811208,53.870000000000005,1,1,1,有,無,無,6000,111,,0.0,0,,RPOOMLNLKIKFFCD67CC
東區,建物,臺南市東區崇學路165號,0.0,商,,,1041223,土地0建物1車位0,一層,7,辦公商業大樓,商業用,鋼筋混凝土構造,0790809,332.79,0,2,1,有,有,無,77000,231,,0.0,0,1.合約書無填具土地租賃面積.2.由所有權人提供出租資訊.3.出租樓層B1+1樓,RPUOMLOLKIKFFCD38CC
東區,土地,光明段378地號,182.0,住,,,1041130,土地3建物0車位0,,,其他,,,,0.0,0,0,0,有,無,無,20000,110,,0.0,0,,RPPPMLPLKIKFFCD08CC
中西區,建物,臺南市中西區友愛街363號九樓之2,0.0,住,,,1041218,土地0建物1車位0,九層,11,住宅大樓(11層含以上有電梯),住家用,鋼筋混凝土造,0851127,92.3,2,1,1,有,無,有,10000,108,,0.0,0,,RPRNMLPLKIKFFAD87CC
中西區,建物,臺南市中西區開山路3巷26號2樓,0.0,商,,,1041225,土地0建物1車位0,二層,5,公寓(5樓含以下無電梯),住家用,鋼筋混凝土造,0841004,118.25999999999999,3,1,2,有,無,有,12000,101,,0.0,0,,RPQNMLQLKIKFFAD87CC
中西區,建物,臺南市中西區湖美街245號,0.0,住,,,1041130,土地0建物1車位0,全,4,透天厝,住家用,鋼筋混凝土造,0811022,271.05,4,2,5,有,無,無,18000,66,,0.0,0,,RPUNMLQLKIKFFAD28CC
東區,建物,臺南市東區裕忠路297之3號,0.0,住,,,1041226,土地0建物1車位0,全,5,透天厝,見其他登記事項,見其他登記事項,0941028,235.1,4,2,5,有,有,有,27000,115,,0.0,0,1.合約書無填具土地租賃面積.2.由所有權人提供出租資訊.3.租整棟透天.,RPSNMLQLKIKFFCD28CC
安南區,建物,臺南市安南區郡安路四段120巷11號,0.0,住,,,1041223,土地0建物1車位0,全,3,透天厝,住商用,鋼筋混凝土造,0810924,180.2,4,1,3,有,無,有,17000,94,,0.0,0,,RPPNMLQLKIKFFBD87CC
新營區,房地(土地+建物),臺南市新營區永安街8號,92.5,商,,,1041225,土地1建物1車位0,全,2,透天厝,商業用,鋼筋混凝土造,,86.32,1,3,2,有,無,有,7000,81,,0.0,0,,RPPNMLQLKIKFFAR56CC
永康區,土地,東橋段721地號,61.13,其他,,,1041222,土地1建物0車位0,,,其他,,,,0.0,2,0,0,有,無,有,8500,139,,0.0,0,,RPPNMLQLKIKFFHR27CC
學甲區,房地(土地+建物),臺南市學甲區八德街219巷5號,196.27,住,,,1041225,土地1建物1車位0,全,2,透天厝,住家用,加強磚造,0770827,245.25,5,1,3,有,無,無,12000,49,,0.0,0,含稅,RPRNMLSLKIKFFDR37DC
南區,土地,鹽埕段6-48地號,723.0,住,,,1041225,土地1建物0車位0,,,其他,,,,0.0,0,0,0,有,無,有,225000,311,,0.0,0,地主重新興建1樓出租,RPROMLSLKIKFFCD48CC
東區,建物,臺南市東區仁東街４３號,0.0,住,,,1041219,土地0建物0車位0,一層,14,店面(店鋪),住商用,鋼筋混凝土構造,0871218,63.459999999999994,0,1,1,有,有,無,8000,126,,0.0,0,,RPUPMLSLKIKFFCD88CC
中西區,建物,臺南市中西區民生路一段６號,0.0,商,,,1041211,土地0建物1車位0,見其他登記事項,3,店面(店鋪),住商用,加強磚造,0570130,97.87,2,3,2,有,無,無,18000,184,,0.0,0,,RPVQMLTLKIKFFAD98CC
學甲區,房地(土地+建物),臺南市學甲區大順路101號,2314.0,工,,,1041201,土地1建物1車位0,一層,1,工廠,見其他登記事項,鋼造,0810603,1338.45,1,0,1,有,無,無,190000,,,0.0,0,,RPTNMLKMKIKFFDR86DC
永康區,建物,臺南市永康區小東路423巷2之2號,58.74,住,,,1041201,土地0建物1車位0,一層,14,住宅大樓(11層含以上有電梯),見其他登記事項,見其他登記事項,1010320,221.16,0,0,0,無,有,無,55000,249,,0.0,0,,RPWOMLKMKIKFFHR57CC
永康區,建物,臺南市永康區小東路685巷6之185號11樓,0.0,住,,,1041205,土地0建物1車位0,十一層,20,住宅大樓(11層含以上有電梯),住家用,鋼筋混凝土造,0810519,250.84,4,2,3,有,有,有,19000,76,,0.0,0,,RPSPMLLMKIKFFHR37CC
新化區,房地(土地+建物),臺南市新化區金華街一段24號5樓之1,43.7,,特定專用區,甲種建築用地,1041230,土地1建物1車位0,五層,8,華廈(10層含以下有電梯),住家用,鋼筋混凝土造,0860825,79.57,3,2,2,有,有,有,11000,138,,0.0,0,,RPPOMLLMKIKFFER66CC
南區,房地(土地+建物),臺南市南區夏林路312號,106.0,住,,,1041230,土地3建物1車位0,全,2,透天厝,住家用,加強磚造,0670327,45.13,4,2,2,有,無,有,18000,399,,0.0,0,,RPROMLLMKIKFFCD87CC
安南區,建物,臺南市安南區海佃路二段417巷15號,0.0,住,,,1041230,土地0建物1車位0,全,2,透天厝,住商用,加強磚造,0680601,106.66,3,1,2,有,無,無,8000,75,,0.0,0,,RPPNMLLJJHLFFBD07CC
歸仁區,建物,臺南市歸仁區文化九街14號四樓,0.0,住,,,1041219,土地0建物1車位0,四層,5,公寓(5樓含以下無電梯),住家用,鋼筋混凝土造,0840819,56.2,1,0,1,有,無,有,6000,107,,0.0,0,1.合約書無填具土地租賃面積.2.由所有權人提供出租資訊,RPPNMLLJJHLFFFR88CC
永康區,建物,臺南市永康區仁愛街48之2號七樓,0.0,住,,,1041230,土地0建物1車位0,七層,7,華廈(10層含以下有電梯),住家用,鋼筋混凝土造,0820428,127.54,2,1,2,有,無,有,7000,55,,0.0,0,,RPQNMLLJJHLFFHR56CC
新市區,房地(土地+建物),臺南市新巿區光華街5-78號,231.03,工,,,1050101,土地1建物1車位0,見其他登記事項,1,工廠,見其他登記事項,見其他登記事項,1040430,173.83,0,0,0,無,無,無,25000,,,0.0,0,,RPPNMLMJJHLFFER88CC
中西區,建物,臺南市中西區台南市中西區金華路３段218號   12樓之17,0.0,商,,,1041218,土地0建物1車位0,十二層,18,住宅大樓(11層含以上有電梯),住家用,鋼筋混凝土造,0840704,43.51,1,0,1,有,無,有,7000,161,,0.0,0,,RPPNMLMJJHLFFAD07CC
中西區,建物,臺南市中西區台南市中西區南門路68巷27之6號   7樓,0.0,住,,,1041224,土地0建物1車位0,七層,7,華廈(10層含以下有電梯),住家用,鋼筋混凝土造,0701231,109.17,3,2,2,有,無,有,8500,78,,0.0,0,,RPQNMLMJJHLFFAD17CC
新市區,房地(土地+建物),臺南市新巿區延平街8號-6,28.42,其他,,,1050102,土地2建物1車位0,一層,9,店面(店鋪),住商用,鋼筋混凝土造,0850522,95.44,2,2,1,有,無,有,17000,178,,0.0,0,,RPWNMLOJJHLFFER17CC
北區,建物,臺南市北區公園路128之26號,0.0,商,,,1050104,土地0建物1車位0,一層,8,辦公商業大樓,商業用,鋼筋混凝土造,0700923,65.26,0,1,1,有,有,無,12000,184,,0.0,0,,RPOPMLPJJHLFFAD47CC
中西區,建物,臺南市中西區萬昌街133號二樓之5,0.0,其他,,,1041230,土地0建物1車位0,二層,11,住宅大樓(11層含以上有電梯),見其他登記事項,見其他登記事項,0950713,38.13,1,1,1,有,無,有,10000,262,,0.0,0,,RPQNMLQJJHLFFAD57CC
安平區,建物,臺南市安平區怡平路355號9F-3,68.26,商,,,1050101,土地0建物1車位0,九層,10,華廈(10層含以下有電梯),住家用,鋼筋混凝土造,0820701,68.26,2,2,2,有,無,有,12000,176,,0.0,0,,RPWNMLQJJHLFFAD18CC
西港區,建物,臺南市西港區大塭寮124之12號,0.0,,鄉村區,乙種建築用地,1050105,土地0建物1車位0,全,3,透天厝,住家用,鋼筋混凝土造,0840830,126.6,3,2,3,有,無,有,10000,79,,0.0,0,1.合約書無填具土地租賃面積.2.由所有權人提供出租資訊,RPSNMLQJJHLFFDR86CC
永康區,建物,臺南市永康區中山東路152號地下一層之7,0.0,住,,,1050106,土地0建物1車位0,一層,11,住宅大樓(11層含以上有電梯),住家用,鋼筋混凝土造,0900110,53.44,1,1,2,有,有,有,9500,178,,0.0,0,,RPQOMLQJJHLFFHR17CC
中西區,房地(土地+建物),臺南市中西區大同路1段46巷11號,0.0,住,,,1041225,土地1建物1車位0,全,2,透天厝,住家用,加強磚造,0550101,75.11,4,1,2,有,無,有,16000,213,,0.0,0,,RPQOMLRJJHLFFAD77CC
北區,房地(土地+建物),臺南市北區開元路34號,0.0,住,,,1041229,土地2建物1車位0,全,3,透天厝,住商用,加強磚造,0621029,193.23,4,2,3,有,無,有,16000,83,,0.0,0,,RPROMLRJJHLFFAD87CC
東區,房地(土地+建物),臺南市東區慶東街31號,2015.79,其他,,,1041223,土地2建物1車位0,一層,11,住宅大樓(11層含以上有電梯),商業用,鋼筋混凝土構造,0800322,295.31,0,0,0,無,無,無,40000,135,,0.0,0,,RPQOMLRJJHLFFCD97CC
東區,房地(土地+建物),臺南市東區府東街93號五樓之3,3.86,住,,,1041201,土地2建物1車位0,五層,12,住宅大樓(11層含以上有電梯),住家用,鋼筋混凝土構造,0880805,36.93,1,1,1,有,有,有,6700,181,,0.0,0,,RPSOMLRJJHLFFCD18CC
中西區,建物,臺南市中西區五妃街258號3樓之8,0.0,住,,,1041215,土地0建物1車位0,三層,8,華廈(10層含以下有電梯),見其他登記事項,鋼筋混凝土造,0931203,65.94,2,1,1,有,有,有,15000,227,,0.0,0,,RPPNMLTJJHLFFAD77CC
北區,建物,臺南市北區西門路四段200巷10號3樓,0.0,住,,,1041213,土地0建物1車位0,三層,9,華廈(10層含以下有電梯),住家用,加強磚造,0610711,153.11,3,2,2,有,有,有,13000,85,,0.0,0,,RPQNMLTJJHLFFAD87CC
中西區,房地(土地+建物),臺南市中西區新美街7號,50.23,商,,,1050110,土地1建物1車位0,見其他登記事項,2,店面(店鋪),住商用,磚造,0450101,82.82,1,1,1,有,無,有,11000,133,,0.0,0,,RPPNMLKKJHLFFAD96CC
北區,房地(土地+建物),臺南市北區崇安街84之1號,31.37,商,,,1050101,土地1建物1車位0,二層,5,公寓(5樓含以下無電梯),住家用,鋼筋混凝土造,0621207,88.1,3,2,2,有,無,有,9000,102,,0.0,0,,RPRNMLKKJHLFFAD17CC
北區,房地(土地+建物),臺南市北區公園南路365號12樓之12,6.16,住,,,1041215,土地1建物1車位0,十二層,14,住宅大樓(11層含以上有電梯),見其他登記事項,見其他登記事項,0960824,22.55,1,0,1,有,有,有,8000,355,,0.0,0,,RPSNMLKKJHLFFAD27CC
北區,房地(土地+建物),臺南市北區公園南路370巷6號12樓之1,11.59,住,,,1050105,土地1建物1車位0,十二層,18,住宅大樓(11層含以上有電梯),住家用,鋼筋混凝土造,0840912,60.41,2,2,2,有,有,有,13000,215,,0.0,0,,RPWNMLKKJHLFFAD67CC
北區,房地(土地+建物),臺南市北區公園南路362巷10號6樓之6,11.84,住,,,1050105,土地1建物1車位0,六層,25,住宅大樓(11層含以上有電梯),住家用,鋼筋混凝土造,0840104,105.97,4,2,2,有,有,有,15000,142,,0.0,0,,RPXNMLKKJHLFFAD77CC
北區,房地(土地+建物),臺南市北區公園南路339號10樓之2,8.14,住,,,1041214,土地2建物1車位0,十層,14,住宅大樓(11層含以上有電梯),見其他登記事項,鋼筋混凝土造,0971219,53.66,2,1,1,有,有,有,16000,298,,0.0,0,,RPOOMLKKJHLFFAD96CC
永康區,房地(土地+建物),臺南市永康區復華三街76巷9號,29.89,商,,,1050109,土地1建物1車位0,一層,17,住宅大樓(11層含以上有電梯),住商用,鋼筋混凝土造,0841009,229.48,4,3,4,有,無,無,15000,65,,0.0,0,,RPTNMLLKJHLFFHR96CC
永康區,土地,安康段11-5地號,0.0,其他,,,1050110,土地1建物0車位0,,,其他,,,,0.0,0,0,0,有,無,無,10000,0,,0.0,0,,RPPOMLMKJHLFFHR76CC
永康區,建物,臺南市永康區文賢街355號,0.0,住,,,1050111,土地0建物0車位0,全,4,透天厝,住家用,見其他登記事項,1040720,29.75,1,0,1,有,無,有,6700,225,,0.0,0,1.合約書無填具土地租賃面積.2.由所有權人提供出租資訊.3.透天分租2樓套房.坪數約9坪,RPQOMLMKJHLFFHR86CC
北區,建物,臺南市北區台南市北區力行街17號,0.0,住,,,1050111,土地0建物1車位0,全,4,透天厝,見其他登記事項,鋼筋混凝土造,0880610,46.72,6,1,4,有,無,有,25000,535,,0.0,0,,RPVNMLMKJHLFFAD77CC
東區,建物,臺南市東區中華東路一段90號10F-2,0.0,商,,,1050101,土地0建物1車位0,十層,10,住宅大樓(11層含以上有電梯),住家用,鋼筋混凝土構造,0890822,86.79,3,2,2,有,有,無,14000,161,,0.0,0,,RPWNMLMKJHLFFCD08CC
東區,建物,臺南市東區長東街106號,0.0,住,,,1050101,土地0建物1車位0,全,2,透天厝,住家用,加強磚造,0580824,83.74,1,1,1,有,無,有,10000,119,,0.0,0,,RPOOMLMKJHLFFCD37CC
南區,土地,鹽埕段1874-2地號,83.0,住,,,1050101,土地1建物0車位0,,,其他,,,,0.0,0,0,0,有,無,有,5000,60,,0.0,0,,RPPOMLMKJHLFFCD47CC
東區,建物,臺南市東區林森路１段160號   10樓之7,0.0,商,,,1050106,土地0建物1車位0,十層,10,住宅大樓(11層含以上有電梯),住家用,鋼筋混凝土構造,0790926,1297.0,1,1,1,有,無,有,3500,3,,0.0,0,,RPROMLMKJHLFFCD67CC
南區,建物,臺南市南區大同路二段136巷3號十樓之2,0.0,其他,,,1050109,土地0建物1車位0,十層,13,住宅大樓(11層含以上有電梯),見其他登記事項,鋼筋混凝土構造,0881021,138.60999999999999,3,1,2,有,無,有,12000,87,,0.0,0,,RPVOMLMKJHLFFCD08CC
安南區,建物,臺南市安南區郡安路四段249巷19號,0.0,住,,,1050113,土地0建物1車位0,全,3,透天厝,住家用,鋼筋混凝土造,0700605,124.23,3,2,2,有,無,有,8000,64,,0.0,0,,RPSNMLNKJHLFFBD67CC
安南區,建物,臺南市安南區長和路一段903號,0.0,住,,,1050112,土地0建物1車位0,全,2,透天厝,住家用,加強磚造,0691106,97.78,4,1,2,有,無,無,18000,184,,0.0,0,,RPTNMLNKJHLFFBD77CC
歸仁區,房地(土地+建物),臺南市歸仁區中正南路二段35之1號,120.15,住,,,1041223,土地1建物1車位0,見其他登記事項,4,店面(店鋪),住商用,鋼筋混凝土造,0960215,214.92,7,2,7,有,無,有,25000,116,,0.0,0,,RPWNMLNKJHLFFFR27CC
東區,建物,臺南市東區崇明路401號,0.0,住,,,1050113,土地0建物1車位0,全,6,透天厝,見其他登記事項,鋼筋混凝土構造,0790627,479.98,0,0,0,無,無,無,66000,138,,0.0,0,,RPSNMLOKJHLFFCD87CC
北區,建物,臺南市北區台南市北區大興街290巷14號,0.0,住,,,1050104,土地0建物1車位0,全,3,透天厝,,鋼筋混凝土造,0690616,74.22,3,1,2,有,無,有,25000,337,,0.0,0,,RPSQMLOKJHLFFAD97CC
北區,房地(土地+建物),臺南市北區長勝路53號,0.0,住,,,1041229,土地1建物1車位0,一層,14,店面(店鋪),見其他登記事項,鋼筋混凝土造,0920916,50.35,0,0,0,無,無,無,5000,99,,0.0,0,,RPRPMLPKJHLFFAD87CC
北區,房地(土地+建物),臺南市北區長勝路53號,0.0,住,,,1041229,土地1建物1車位0,二層,14,住宅大樓(11層含以上有電梯),見其他登記事項,鋼筋混凝土造,0920916,75.52,1,2,2,有,無,無,11500,152,,0.0,0,,RPSPMLPKJHLFFAD97CC
北區,房地(土地+建物),臺南市北區北安路一段135號2樓,205.14,其他,,,1050114,土地1建物1車位0,全,4,透天厝,住商用,鋼筋混凝土造,0741224,146.88,1,1,2,有,無,無,13000,89,,0.0,0,,RPPRMLPKJHLFFAD87CC
東區,房地(土地+建物),臺南市東區德東街293號,0.0,住,,,1050107,土地1建物1車位0,見其他登記事項,8,店面(店鋪),見其他登記事項,鋼筋混凝土構造,1040717,120.52,0,0,2,有,無,無,23000,191,,0.0,0,租賃合約書無填寫土地租賃.租金含管理費,RPVNMLPKJHLFFCD28CC
東區,建物,臺南市東區中華東路2段115號,0.0,住,,,1050114,土地0建物1車位0,一層,7,華廈(10層含以下有電梯),住商用,鋼筋混凝土構造,0721022,54.48,0,1,1,有,無,無,20000,367,,0.0,0,,RPPNMLQKJHLFFCD77CC
東區,建物,臺南市東區小東路244號15樓之4,0.0,住,,,1041219,土地0建物1車位0,十五層,25,住宅大樓(11層含以上有電梯),住家用,鋼筋混凝土構造,0840106,105.13,2,2,2,有,有,有,13500,128,,0.0,0,,RPQNMLQKJHLFFCD87CC
永康區,建物,臺南市永康區中山南路74之14號,0.0,住,,,1050110,土地0建物1車位0,四層,5,公寓(5樓含以下無電梯),住家用,鋼筋混凝土造,0710222,82.28,2,1,1,有,無,有,6500,79,,0.0,0,,RPPNMLQKJHLFFHR07CC
永康區,建物,臺南市永康區龍埔街139巷6號7樓之2,0.0,住,,,1041218,土地0建物1車位0,七層,8,華廈(10層含以下有電梯),住家用,鋼筋混凝土造,0840624,101.03,3,1,2,有,有,有,12500,124,,0.0,0,,RPQNMLQKJHLFFHR17CC
官田區,土地,番子田段417-24地號,154.0,住,,,1050116,土地1建物0車位0,,,其他,,,,0.0,1,0,0,有,無,無,4000,26,,0.0,0,含增建或未登記建物。,RPQNMLSKJHLFFCR86CC
東區,房地(土地+建物),臺南市東區自由路一段238巷2號,66.0,住,,,1050118,土地1建物1車位0,全,3,透天厝,住家用,鋼筋混凝土構造,0700314,143.12,4,2,3,有,無,有,14000,98,,0.0,0,,RPTOMLSKJHLFFCD48CC
中西區,房地(土地+建物),臺南市中西區安平路314巷151弄30號,164.35,住,,,1041231,土地2建物1車位0,全,3,透天厝,住商用,鋼筋混凝土造,0810613,195.38,3,2,3,有,無,無,19000,97,,0.0,0,,RPOPMLSKJHLFFAD87CC
中西區,建物,臺南市中西區永福路一段189號7樓,0.0,,,,1050101,土地0建物0車位0,七層,14,辦公商業大樓,見其他登記事項,見其他登記事項,1020604,369.36,0,0,0,無,有,無,73742,200,,0.0,0,,RPSRMLKLJHLFFAD77CC
南區,建物,臺南市南區新都路462巷37號三樓,0.0,,,,1050116,土地0建物1車位0,三層,5,公寓(5樓含以下無電梯),住家用,鋼筋混凝土構造,0701229,32.02,1,1,1,有,無,無,5000,156,,0.0,0,,RPVPMLLLJHLFFCD18CC
佳里區,房地(土地+建物),臺南市佳里區光華街130巷21弄3號,49.93,其他,,,1050101,土地1建物1車位0,全,4,透天厝,住商用,鋼筋混凝土造,0781009,175.37,3,3,3,有,無,無,15000,86,,0.0,0,,RPXNMLLLJHLFFDR17DC
永康區,建物,臺南市永康區文化路199號,0.0,住,,,1050120,土地0建物1車位0,全,5,透天厝,住商用,鋼筋混凝土造,0811105,243.27,5,3,5,有,無,無,20000,82,,0.0,0,,RPXNMLLLJHLFFHR47CC
南區,土地,建南段225地號,973.74,農,,,1050121,土地1建物0車位0,,,其他,,,,0.0,0,0,0,有,無,無,31500,32,,0.0,0,,RPSRMLLLJHLFFCD18DC
仁德區,建物,臺南市仁德區中正路二段439號,0.0,商,,,1041225,土地0建物1車位0,全,3,透天厝,住商用,鋼筋混凝土造,0731120,174.45,4,2,2,有,無,無,15625,90,,0.0,0,,RPRNMLMLJHLFFFR76CC
仁德區,土地,仁義段130地號,262.05,商,,,1041229,土地4建物0車位0,,,其他,,,,0.0,0,0,0,有,無,無,16000,61,,0.0,0,地上建物無保存登記,RPVNMLMLJHLFFFR17CC
東區,房地(土地+建物),臺南市東區中華東路三段290.292號,285.0,商,,,1050121,土地2建物2車位0,全,5,透天厝,住家用,鋼筋混凝土構造,0760512,184.15,0,0,0,無,無,無,80000,434,,0.0,0,,RPTOMLMLJHLFFCD97CC
南區,建物,臺南市南區台南市南區新孝路33號,25.0,住,,,1050109,土地0建物1車位0,全,2,透天厝,住家用,見其他登記事項,0640715,50.0,3,0,2,有,無,有,22000,440,,0.0,0,,RPRPMLMLJHLFFCD87CC
南區,建物,臺南市南區台南市南區西門路１段279巷16弄4號   5樓,20.0,住,,,1050119,土地0建物1車位0,五層,5,公寓(5樓含以下無電梯),見其他登記事項,鋼筋混凝土構造,0820511,104.35,3,2,2,有,無,有,8500,81,,0.0,0,,RPXRMLMLJHLFFCD68CC
南區,建物,臺南市南區台南市南區健康路２段499號   3樓,0.0,住,,,1050105,土地0建物1車位0,三層,9,華廈(10層含以下有電梯),住家用,鋼筋混凝土構造,0820208,86.83,1,0,1,有,無,有,5500,63,,0.0,0,,RPPSMLMLJHLFFCD97CC
北區,建物,臺南市北區北門路二段246號,0.0,商,,,1041229,土地0建物1車位0,全,2,透天厝,見其他登記事項,鋼筋混凝土造,0911115,160.98000000000002,1,1,1,有,有,有,14000,87,,0.0,0,,RPQSMLMLJHLFFAD87CC
安平區,建物,臺南市安平區永華三街262號,0.0,住,,,1041231,土地0建物1車位0,全,5,透天厝,住商用,鋼筋混凝土造,0810817,301.96,5,2,6,有,無,有,28000,93,,0.0,0,,RPRSMLMLJHLFFAD97CC
中西區,建物,臺南市中西區台南市中西區海安路２段313號,0.0,住,,,1050113,土地0建物1車位0,全,3,透天厝,住家用,鋼筋混凝土造,0621201,193.6,1,1,1,有,無,有,39000,201,,0.0,0,,RPUTMLMLJHLFFAD38CC
中西區,建物,臺南市中西區民族路二段149號3樓,0.0,住,,,1050118,土地0建物1車位0,三層,10,華廈(10層含以下有電梯),見其他登記事項,鋼筋混凝土造,0761229,173.06,1,2,2,有,無,有,22000,127,,0.0,0,,RPQNMLNLJHLFFAD47CC
東區,建物,臺南市東區台南市東區龍山街89號9樓,0.0,住,,,1050114,土地0建物1車位0,九層,14,住宅大樓(11層含以上有電梯),住家用,鋼筋混凝土構造,0960906,98.87,3,2,2,有,無,有,22000,223,,0.0,0,,RPQNMLNLJHLFFCD67CC
東區,建物,臺南市東區台南市東區中華東路２段193號   16樓之12,0.0,住,,,1050118,土地0建物1車位0,十六層,17,住宅大樓(11層含以上有電梯),住家用,鋼筋混凝土構造,0841106,19.5,2,1,1,有,無,有,13000,667,,0.0,0,,RPRNMLNLJHLFFCD77CC
永康區,建物,臺南市永康區台南市永康區忠義街60巷12之1號,0.0,住,,,1050118,土地0建物1車位0,全,5,透天厝,住商用,鋼筋混凝土造,0770321,241.34,6,1,7,有,無,有,40000,166,,0.0,0,,RPQNMLNLJHLFFHR96CC
永康區,建物,臺南市永康區台南市永康區中華西街57號   4樓,0.0,住,,,1050119,土地0建物1車位0,四層,5,公寓(5樓含以下無電梯),住商用,鋼筋混凝土造,0850216,79.59,3,0,3,有,無,有,10000,126,,0.0,0,,RPRNMLNLJHLFFHR07CC
永康區,建物,臺南市永康區安康里大橋一街53之2號五樓之1,0.0,住,,,1050124,土地0建物1車位0,五層,14,住宅大樓(11層含以上有電梯),國民住宅,鋼筋混凝土造,0880824,90.53,3,1,2,有,有,無,11000,122,,0.0,0,,RPRNMLPLJHLFFHR27CC
東區,建物,臺南市東區東榮街13號之1,0.0,住,,,1050123,土地0建物1車位0,一層,8,華廈(10層含以下有電梯),住家用,鋼筋混凝土構造,0830901,34.06,1,0,1,有,無,有,7000,206,,0.0,0,,RPRRMLPLJHLFFCD38CC
北區,建物,臺南市北區西門路四段61號.65巷47號,0.0,,,,1050121,土地0建物1車位0,一層,3,店面(店鋪),見其他登記事項,見其他登記事項,0811006,1390.96,0,0,0,無,無,無,400000,288,,0.0,0,,RPPQMLQLJHLFFAD97CC
安平區,房地(土地+建物),臺南市安平區建平五街239號,26.01,住,,,1050116,土地1建物1車位0,全,4,透天厝,住商用,鋼筋混凝土造,0790724,64.85,3,2,3,有,無,無,22000,339,,0.0,0,,RPOWMLQLJHLFFAD48CC
永康區,建物,臺南市永康區北興路166巷11號,0.0,住,,,1050126,土地0建物1車位0,全,4,透天厝,住家用,見其他登記事項,1030605,207.44,4,2,4,有,無,有,22000,106,,0.0,0,1.合約書無填具土地租賃面積.2.由所有權人提供出租資訊.3.租整棟透天,RPUNMLQLJHLFFHR67CC
安平區,房地(土地+建物)+車位,臺南市安平區慶平路386之3號,929.0,住,,,1050120,土地1建物1車位1,一層,14,住宅大樓(11層含以上有電梯),見其他登記事項,見其他登記事項,1011012,132.45,0,0,0,無,有,無,26000,196,坡道機械,66.86,0,,RPXQMLQLJHLFFAD88DC
仁德區,建物,臺南市仁德區大發路28號舊門牌:太乙十一街14號,0.0,其他,,,1050125,土地0建物1車位0,見其他登記事項,2,廠辦,見其他登記事項,加強磚造,0731220,568.31,0,3,2,有,無,無,36000,63,,0.0,0,,RPTNMLRLJHLFFFR47CC
安南區,房地(土地+建物),臺南市安南區公學路二段9巷2弄26號,92.0,其他,,,1050123,土地1建物1車位0,全,2,透天厝,住家用,加強磚造,0780429,118.84,3,2,2,有,無,無,10000,84,,0.0,0,,RPRNMLRLJHLFFBD08CC
安南區,建物,臺南市安南區長溪路一段119號,0.0,住,,,1050125,土地0建物1車位0,見其他登記事項,1,廠辦,住家用,鋼造,0750520,56.76,0,0,1,有,無,無,26000,458,,0.0,0,,RPWNMLRLJHLFFBD58CC
永康區,房地(土地+建物),臺南市永康區中山南路634號,77.65,住,,,1050116,土地1建物1車位0,見其他登記事項,2,店面(店鋪),住家用,加強磚造,0650206,83.38,4,2,2,有,無,無,12000,144,,0.0,0,,RPTNMLRLJHLFFHR67CC
南區,建物,臺南市南區中華西路一段42巷2號5樓,0.0,其他,,,1050124,土地0建物1車位0,五層,5,公寓(5樓含以下無電梯),見其他登記事項,鋼筋混凝土構造,0711125,94.06,3,1,1,有,無,無,6000,64,,0.0,0,,RPVOMLRLJHLFFCD68CC
東區,房地(土地+建物),臺南市東區大學路１８巷２０號,276.0,住,,,1050125,土地1建物1車位0,一層,1,店面(店鋪),住家用,磚造,0480101,130.82,0,0,0,無,無,無,19000,145,,0.0,0,,RPXOMLRLJHLFFCD88CC
永康區,房地(土地+建物),臺南市永康區大同街315巷10號,23.24,住,,,1050120,土地1建物1車位0,一層,9,華廈(10層含以下有電梯),住商用,鋼筋混凝土造,0821129,188.3,3,2,2,有,有,無,13000,69,,0.0,0,,RPQPMLSLJHLFFHR67CC
善化區,房地(土地+建物),臺南市善化區大成路136號,37.4,其他,,,1050115,土地2建物1車位0,見其他登記事項,4,店面(店鋪),住商用,鋼筋混凝土造,0811215,215.39,5,2,5,有,無,有,19900,92,,0.0,0,,RPWNMLSLJHLFFER77CC
新營區,房地(土地+建物),臺南市新營區新進路318巷10號,36.2,商,,,1050110,土地1建物1車位0,全,3,透天厝,住商用,鋼筋混凝土造,,36.2,1,1,1,有,無,有,7000,193,,0.0,0,,RPXNMLSLJHLFFAR47CC
佳里區,房地(土地+建物),臺南市佳里區延平路559號,94.68,住,,,1050128,土地1建物1車位0,一層,4,店面(店鋪),見其他登記事項,鋼筋混凝土造,1001115,54.26,0,1,1,有,無,無,16000,295,,0.0,0,,RPQNMLSLJHLFFDR17DC
永康區,建物,臺南市永康區東橋一路181號,0.0,住,,,1050128,土地0建物1車位0,全,2,透天厝,住家用,加強磚造,0730119,139.02,2,1,2,有,無,無,26000,187,,0.0,0,1.合約書無填具土地租賃面積.2.由所有權人提供出租資訊.3.租整棟透天,RPSOMLTLJHLFFHR87CC
永康區,建物,臺南市永康區中華路58巷62號三樓之5,0.0,住,,,1050129,土地0建物1車位0,三層,10,華廈(10層含以下有電梯),住家用,鋼筋混凝土造,0951215,175.11,3,2,2,有,有,有,17500,100,,0.0,0,1.合約書無填具土地租賃面積.2.由所有權人提供出租資訊.3.租金已包含車位,RPTRMLTLJHLFFHR28CC
中西區,建物,臺南市中西區民族路二段231號,0.0,,,,1050128,土地0建物1車位0,三層,3,店面(店鋪),住商用,見其他登記事項,0880127,354.68,0,0,0,無,無,無,115000,324,,0.0,0,,RPSOMLTLJHLFFAD38CC
南區,建物,臺南市東區台南市南區新興路183巷16弄3號,442.39,住,,,1050124,土地0建物1車位0,全,2,透天厝,住家用,加強磚造,0591024,442.39,1,0,1,有,無,有,6000,14,,0.0,0,,RPPNMLKMJHLFFCD37CC
永康區,建物,臺南市永康區台南市永康區中山南路912號,0.0,住,,,1050126,土地0建物1車位0,全,5,透天厝,住商用,鋼筋混凝土造,0800613,296.94,4,1,1,有,無,有,13000,44,,0.0,0,,RPQNMLKMJHLFFHR76CC
歸仁區,建物,臺南市歸仁區南丁路468巷89號,0.0,,特定農業區,農牧用地,1050126,土地0建物1車位0,一層,1,工廠,見其他登記事項,見其他登記事項,1030122,943.35,0,1,1,有,無,無,35000,,,0.0,0,,RPRNMLKMJHLFFFR66CC
善化區,建物,臺南市善化區文化路26號3樓之2,33.71,住,,,1050127,土地0建物1車位0,三層,12,住宅大樓(11層含以上有電梯),住家用,鋼筋混凝土造,0960927,114.5,3,2,2,有,有,有,19500,170,坡道平面,23.31,0,,RPTNMLKMJHLFFER76CC
