﻿編號,土地位置,土地移轉面積(平方公尺),使用分區或編定,權利人持分分母,權利人持分分子,移轉情形,地號
The serial number, land position,land shifting area square meter,the use zoning or compiles and checks,,,,land parcel
RPRNMLLJJIKFFFH97CB,茄明段,16.32,都市：住,100000,471,持分移轉,00880000
RPSOMLLJJIKFFFH18CB,茄明段,16.32,都市：住,100000,471,持分移轉,00880000
RPTNMLLJJIKFFFH18CB,茄明段,16.32,都市：住,100000,471,持分移轉,00880000
RPUNMLLJJIKFFFH28CB,茄明段,16.32,都市：住,100000,471,持分移轉,00880000
RPXOMLLJJIKFFFH68CB,茄明段,16.32,都市：住,100000,471,持分移轉,00880000
RPVNMLLJJIKFFFH38CB,茄明段,16.32,都市：住,100000,471,持分移轉,00880000
RPVOMLLJJIKFFFH48CB,茄明段,16.32,都市：住,100000,471,持分移轉,00880000
RPSNMLLJJIKFFFH08CB,茄明段,16.32,都市：住,100000,471,持分移轉,00880000
RPWOMLLJJIKFFFH58CB,茄明段,16.32,都市：住,100000,471,持分移轉,00880000
RPWNMLLJJIKFFFH48CB,茄明段,16.32,都市：住,100000,471,持分移轉,00880000
RPOPMLLJJIKFFFH87CB,茄明段,16.32,都市：住,100000,471,持分移轉,00880000
RPPOMLLJJIKFFFH87CB,茄明段,16.32,都市：住,100000,471,持分移轉,00880000
RPPPMLLJJIKFFFH97CB,茄明段,16.32,都市：住,100000,471,持分移轉,00880000
RPSPMLLJJIKFFFH28CB,茄明段,24.74,都市：住,100000,714,持分移轉,00880000
RPQPMLLJJIKFFFH08CB,茄明段,16.32,都市：住,100000,471,持分移轉,00880000
RPRPMLLJJIKFFFH18CB,茄明段,23.50,都市：住,100000,678,持分移轉,00880000
RPQQMLLJJIKFFFH18CB,茄明段,24.74,都市：住,100000,714,持分移轉,00880000
RPWPMLLJJIKFFFH68CB,茄明段,24.74,都市：住,100000,714,持分移轉,00880000
RPTPMLLJJIKFFFH38CB,茄明段,24.74,都市：住,100000,714,持分移轉,00880000
RPSQMLLJJIKFFFH38CB,茄明段,24.74,都市：住,100000,714,持分移轉,00880000
RPOQMLLJJIKFFFH97CB,茄明段,25.09,都市：住,100000,724,持分移轉,00880000
RPRQMLLJJIKFFFH28CB,茄明段,24.74,都市：住,100000,714,持分移轉,00880000
RPPQMLLJJIKFFFH08CB,茄明段,24.74,都市：住,100000,714,持分移轉,00880000
RPXPMLLJJIKFFFH78CB,茄明段,24.74,都市：住,100000,714,持分移轉,00880000
RPVPMLLJJIKFFFH58CB,茄明段,24.74,都市：住,100000,714,持分移轉,00880000
RPUPMLLJJIKFFFH48CB,茄明段,24.74,都市：住,100000,714,持分移轉,00880000
RPTQMLLJJIKFFFH48CB,茄明段,24.74,都市：住,100000,714,持分移轉,00880000
RPUQMLLJJIKFFFH58CB,茄明段,24.74,都市：住,100000,714,持分移轉,00880000
RPVQMLLJJIKFFFH68CB,茄明段,22.08,都市：住,100000,637,持分移轉,00880000
RPWQMLLJJIKFFFH78CB,茄明段,23.67,都市：住,100000,683,持分移轉,00880000
RPQRMLLJJIKFFFH28CB,茄明段,23.67,都市：住,100000,683,持分移轉,00880000
RPXQMLLJJIKFFFH88CB,茄明段,23.67,都市：住,100000,683,持分移轉,00880000
RPRRMLLJJIKFFFH38CB,茄明段,23.67,都市：住,100000,683,持分移轉,00880000
RPSRMLLJJIKFFFH48CB,茄明段,23.67,都市：住,100000,683,持分移轉,00880000
RPTRMLLJJIKFFFH58CB,茄明段,23.67,都市：住,100000,683,持分移轉,00880000
RPSOMLMJJIKFFFH28CB,茄明段,24.95,都市：住,100000,720,持分移轉,00880000
RPURMLLJJIKFFFH68CB,茄明段,23.67,都市：住,100000,683,持分移轉,00880000
RPVRMLLJJIKFFFH78CB,茄明段,23.67,都市：住,100000,683,持分移轉,00880000
RPXOMLMJJIKFFFH78CB,茄明段,24.95,都市：住,100000,720,持分移轉,00880000
RPQOMLNJJIKFFFH18CB,茄明段,24.95,都市：住,100000,720,持分移轉,00880000
RPROMLMJJIKFFFH18CB,茄明段,23.74,都市：住,100000,685,持分移轉,00880000
RPSOMLNJJIKFFFH38CB,茄明段,24.95,都市：住,100000,720,持分移轉,00880000
RPVOMLMJJIKFFFH58CB,茄明段,24.95,都市：住,100000,720,持分移轉,00880000
RPWOMLMJJIKFFFH68CB,茄明段,24.95,都市：住,100000,720,持分移轉,00880000
RPVOMLNJJIKFFFH68CB,茄明段,24.95,都市：住,100000,720,持分移轉,00880000
RPWOMLNJJIKFFFH78CB,茄明段,24.95,都市：住,100000,720,持分移轉,00880000
RPUOMLNJJIKFFFH58CB,茄明段,24.95,都市：住,100000,720,持分移轉,00880000
RPTOMLNJJIKFFFH48CB,茄明段,24.95,都市：住,100000,720,持分移轉,00880000
RPXOMLNJJIKFFFH88CB,茄明段,24.95,都市：住,100000,720,持分移轉,00880000
RPSPMLNJJIKFFFH48CB,茄明段,30.57,都市：住,100000,882,持分移轉,00880000
RPUPMLNJJIKFFFH68CB,茄明段,32.51,都市：住,100000,938,持分移轉,00880000
RPPQMLNJJIKFFFH28CB,茄明段,32.51,都市：住,100000,938,持分移轉,00880000
RPQQMLNJJIKFFFH38CB,茄明段,32.51,都市：住,100000,938,持分移轉,00880000
RPOPMLOJJIKFFFH18CB,茄明段,32.58,都市：住,100000,940,持分移轉,00880000
RPQPMLOJJIKFFFH38CB,茄明段,25.09,都市：住,100000,724,持分移轉,00880000
RPSQMLNJJIKFFFH58CB,茄明段,32.51,都市：住,100000,938,持分移轉,00880000
RPQRMLNJJIKFFFH48CB,茄明段,32.51,都市：住,100000,938,持分移轉,00880000
RPRRMLNJJIKFFFH58CB,茄明段,30.19,都市：住,100000,871,持分移轉,00880000
RPXOMLOJJIKFFFH98CB,茄明段,32.23,都市：住,100000,930,持分移轉,00880000
RPTOMLOJJIKFFFH58CB,茄明段,32.23,都市：住,100000,930,持分移轉,00880000
RPUQMLNJJIKFFFH78CB,茄明段,32.51,都市：住,100000,938,持分移轉,00880000
RPPPMLOJJIKFFFH28CB,茄明段,32.58,都市：住,100000,940,持分移轉,00880000
RPRPMLOJJIKFFFH48CB,茄明段,16.32,都市：住,100000,471,持分移轉,00880000
RPRQMLNJJIKFFFH48CB,茄明段,32.51,都市：住,100000,938,持分移轉,00880000
RPTPMLOJJIKFFFH68CB,茄明段,16.32,都市：住,100000,471,持分移轉,00880000
RPOQMLOJJIKFFFH28CB,茄明段,23.67,都市：住,100000,683,持分移轉,00880000
RPUPMLOJJIKFFFH78CB,茄明段,16.32,都市：住,100000,471,持分移轉,00880000
RPVPMLOJJIKFFFH88CB,茄明段,16.32,都市：住,100000,471,持分移轉,00880000
RPPQMLOJJIKFFFH38CB,茄明段,23.67,都市：住,100000,683,持分移轉,00880000
RPQQMLOJJIKFFFH48CB,茄明段,23.67,都市：住,100000,683,持分移轉,00880000
RPRQMLOJJIKFFFH58CB,茄明段,24.02,都市：住,100000,693,持分移轉,00880000
RPSQMLOJJIKFFFH68CB,茄明段,25.30,都市：住,100000,730,持分移轉,00880000
RPWPMLOJJIKFFFH98CB,茄明段,16.32,都市：住,100000,471,持分移轉,00880000
RPXPMLOJJIKFFFH09CB,茄明段,23.67,都市：住,100000,683,持分移轉,00880000
RPWQMLOJJIKFFFH09CB,茄明段,32.85,都市：住,100000,948,持分移轉,00880000
RPUQMLOJJIKFFFH88CB,茄明段,32.85,都市：住,100000,948,持分移轉,00880000
RPXQMLOJJIKFFFH56CB,茄明段,32.85,都市：住,100000,948,持分移轉,00880000
RPTQMLOJJIKFFFH78CB,茄明段,32.85,都市：住,100000,948,持分移轉,00880000
RPVQMLOJJIKFFFH98CB,茄明段,32.85,都市：住,100000,948,持分移轉,00880000
RPOSMLOJJIKFFFH48CB,茄明段,32.23,都市：住,100000,930,持分移轉,00880000
RPTSMLOJJIKFFFH98CB,茄明段,24.74,都市：住,100000,714,持分移轉,00880000
RPRSMLOJJIKFFFH78CB,茄明段,24.40,都市：住,100000,704,持分移轉,00880000
RPVRMLOJJIKFFFH09CB,茄明段,32.58,都市：住,100000,940,持分移轉,00880000
RPPSMLOJJIKFFFH58CB,茄明段,23.19,都市：住,100000,669,持分移轉,00880000
RPRRMLOJJIKFFFH68CB,茄明段,32.58,都市：住,100000,940,持分移轉,00880000
RPPRMLOJJIKFFFH48CB,茄明段,32.23,都市：住,100000,930,持分移轉,00880000
RPWRMLOJJIKFFFH56CB,茄明段,32.58,都市：住,100000,940,持分移轉,00880000
RPORMLOJJIKFFFH38CB,茄明段,32.58,都市：住,100000,940,持分移轉,00880000
RPQRMLOJJIKFFFH58CB,茄明段,32.23,都市：住,100000,930,持分移轉,00880000
RPUTMLOJJIKFFFH56CB,茄明段,22.49,都市：住,100000,649,持分移轉,00880000
RPSTMLOJJIKFFFH98CB,茄明段,24.40,都市：住,100000,704,持分移轉,00880000
RPOTMLOJJIKFFFH58CB,茄明段,24.40,都市：住,100000,704,持分移轉,00880000
RPOUMLOJJIKFFFH68CB,茄明段,16.67,都市：住,100000,481,持分移轉,00880000
RPTNMLPJJIKFFFH58CB,茄明段,17.22,都市：住,100000,497,持分移轉,00880000
RPXTMLOJJIKFFFH86CB,茄明段,17.22,都市：住,100000,497,持分移轉,00880000
RPRTMLOJJIKFFFH88CB,茄明段,24.40,都市：住,100000,704,持分移轉,00880000
RPVTMLOJJIKFFFH66CB,茄明段,22.49,都市：住,100000,649,持分移轉,00880000
RPTTMLOJJIKFFFH09CB,茄明段,24.40,都市：住,100000,704,持分移轉,00880000
RPTPMLPJJIKFFFH78CB,茄明段,17.22,都市：住,100000,497,持分移轉,00880000
RPSPMLPJJIKFFFH68CB,茄明段,17.22,都市：住,100000,497,持分移轉,00880000
RPQPMLPJJIKFFFH48CB,茄明段,17.22,都市：住,100000,497,持分移轉,00880000
RPTOMLPJJIKFFFH68CB,茄明段,17.22,都市：住,100000,497,持分移轉,00880000
RPSOMLPJJIKFFFH58CB,茄明段,17.22,都市：住,100000,497,持分移轉,00880000
RPOPMLPJJIKFFFH28CB,茄明段,17.57,都市：住,100000,507,持分移轉,00880000
RPQOMLPJJIKFFFH38CB,茄明段,17.22,都市：住,100000,497,持分移轉,00880000
RPWOMLPJJIKFFFH98CB,茄明段,17.22,都市：住,100000,497,持分移轉,00880000
RPXNMLPJJIKFFFH98CB,茄明段,17.22,都市：住,100000,497,持分移轉,00880000
RPVNMLPJJIKFFFH78CB,茄明段,17.22,都市：住,100000,497,持分移轉,00880000
RPUPMLPJJIKFFFH88CB,茄明段,17.22,都市：住,100000,497,持分移轉,00880000
RPVPMLPJJIKFFFH98CB,茄明段,16.77,都市：住,100000,484,持分移轉,00880000
RPOQMLPJJIKFFFH38CB,茄明段,16.77,都市：住,100000,484,持分移轉,00880000
RPWPMLPJJIKFFFH09CB,茄明段,16.77,都市：住,100000,484,持分移轉,00880000
RPTQMLPJJIKFFFH88CB,茄明段,16.77,都市：住,100000,484,持分移轉,00880000
RPXPMLPJJIKFFFH56CB,茄明段,16.77,都市：住,100000,484,持分移轉,00880000
RPRQMLPJJIKFFFH68CB,茄明段,16.77,都市：住,100000,484,持分移轉,00880000
RPPQMLPJJIKFFFH48CB,茄明段,17.12,都市：住,100000,494,持分移轉,00880000
RPWQMLPJJIKFFFH56CB,茄明段,16.77,都市：住,100000,484,持分移轉,00880000
RPXQMLPJJIKFFFH66CB,茄明段,16.77,都市：住,100000,484,持分移轉,00880000
RPQNMLQJJIKFFFH38CB,茄明段,16.77,都市：住,100000,484,持分移轉,00880000
RPTNMLQJJIKFFFH68CB,茄明段,16.77,都市：住,100000,484,持分移轉,00880000
RPUNMLQJJIKFFFH78CB,茄明段,16.77,都市：住,100000,484,持分移轉,00880000
RPSNMLQJJIKFFFH58CB,茄明段,16.77,都市：住,100000,484,持分移轉,00880000
RPVNMLQJJIKFFFH88CB,茄明段,16.77,都市：住,100000,484,持分移轉,00880000
RPQOMLQLJIKFFAH18CB,中平段,16.29,都市：住,10000,98,持分移轉,03730000
RPQOMLQLJIKFFAH18CB,中平段,.29,都市：住,10000,98,持分移轉,03730001
RPQOMLQLJIKFFAH18CB,中平段,1.51,都市：住,10000,98,持分移轉,03740001
RPVNMLRJJIKFFFH98CB,茄明段,16.32,都市：住,100000,471,持分移轉,00880000
RPUNMLRJJIKFFFH88CB,茄明段,16.32,都市：住,100000,471,持分移轉,00880000
RPSOMLQLJIKFFAH38CB,中平段,16.63,都市：住,10000,100,持分移轉,03730000
RPSOMLQLJIKFFAH38CB,中平段,.30,都市：住,10000,100,持分移轉,03730001
RPSOMLQLJIKFFAH38CB,中平段,1.54,都市：住,10000,100,持分移轉,03740001
RPUOMLQLJIKFFAH58CB,中平段,10.31,都市：住,10000,62,持分移轉,03730000
RPUOMLQLJIKFFAH58CB,中平段,.18,都市：住,10000,62,持分移轉,03730001
RPUOMLQLJIKFFAH58CB,中平段,.95,都市：住,10000,62,持分移轉,03740001
RPXPMLQLJIKFFAH98CB,中平段,27.43,都市：住,10000,165,持分移轉,03730000
RPXPMLQLJIKFFAH98CB,中平段,.49,都市：住,10000,165,持分移轉,03730001
RPXPMLQLJIKFFAH98CB,中平段,2.54,都市：住,10000,165,持分移轉,03740001
RPWOMLQLJIKFFAH78CB,中平段,11.47,都市：住,10000,69,持分移轉,03730000
RPWOMLQLJIKFFAH78CB,中平段,.20,都市：住,10000,69,持分移轉,03730001
RPWOMLQLJIKFFAH78CB,中平段,1.06,都市：住,10000,69,持分移轉,03740001
RPOQMLQLJIKFFAH18CB,中平段,27.43,都市：住,10000,165,持分移轉,03730000
RPOQMLQLJIKFFAH18CB,中平段,.49,都市：住,10000,165,持分移轉,03730001
RPOQMLQLJIKFFAH18CB,中平段,2.54,都市：住,10000,165,持分移轉,03740001
RPPQMLQLJIKFFAH28CB,中平段,20.12,都市：住,10000,121,持分移轉,03730000
RPPQMLQLJIKFFAH28CB,中平段,.36,都市：住,10000,121,持分移轉,03730001
RPPQMLQLJIKFFAH28CB,中平段,1.86,都市：住,10000,121,持分移轉,03740001
RPQQMLQLJIKFFAH38CB,中平段,20.12,都市：住,10000,121,持分移轉,03730000
RPQQMLQLJIKFFAH38CB,中平段,.36,都市：住,10000,121,持分移轉,03730001
RPQQMLQLJIKFFAH38CB,中平段,1.86,都市：住,10000,121,持分移轉,03740001
RPVPMLQLJIKFFAH78CB,中平段,27.43,都市：住,10000,165,持分移轉,03730000
RPVPMLQLJIKFFAH78CB,中平段,.49,都市：住,10000,165,持分移轉,03730001
RPVPMLQLJIKFFAH78CB,中平段,2.54,都市：住,10000,165,持分移轉,03740001
RPWPMLQLJIKFFAH88CB,中平段,27.43,都市：住,10000,165,持分移轉,03730000
RPWPMLQLJIKFFAH88CB,中平段,.49,都市：住,10000,165,持分移轉,03730001
RPWPMLQLJIKFFAH88CB,中平段,2.54,都市：住,10000,165,持分移轉,03740001
RPRQMLQLJIKFFAH48CB,中平段,20.12,都市：住,10000,121,持分移轉,03730000
RPRQMLQLJIKFFAH48CB,中平段,.36,都市：住,10000,121,持分移轉,03730001
RPRQMLQLJIKFFAH48CB,中平段,1.86,都市：住,10000,121,持分移轉,03740001
RPXQMLQLJIKFFAH09CB,中平段,12.97,都市：住,10000,78,持分移轉,03730000
RPXQMLQLJIKFFAH09CB,中平段,.23,都市：住,10000,78,持分移轉,03730001
RPXQMLQLJIKFFAH09CB,中平段,1.20,都市：住,10000,78,持分移轉,03740001
RPWQMLQLJIKFFAH98CB,中平段,12.97,都市：住,10000,78,持分移轉,03730000
RPWQMLQLJIKFFAH98CB,中平段,.23,都市：住,10000,78,持分移轉,03730001
RPWQMLQLJIKFFAH98CB,中平段,1.20,都市：住,10000,78,持分移轉,03740001
RPVQMLQLJIKFFAH88CB,中平段,12.80,都市：住,10000,77,持分移轉,03730000
RPVQMLQLJIKFFAH88CB,中平段,.23,都市：住,10000,77,持分移轉,03730001
RPVQMLQLJIKFFAH88CB,中平段,1.19,都市：住,10000,77,持分移轉,03740001
RPRRMLQLJIKFFAH58CB,中平段,12.97,都市：住,10000,78,持分移轉,03730000
RPRRMLQLJIKFFAH58CB,中平段,.23,都市：住,10000,78,持分移轉,03730001
RPRRMLQLJIKFFAH58CB,中平段,1.20,都市：住,10000,78,持分移轉,03740001
RPPRMLQLJIKFFAH38CB,中平段,12.97,都市：住,10000,78,持分移轉,03730000
RPPRMLQLJIKFFAH38CB,中平段,.23,都市：住,10000,78,持分移轉,03730001
RPPRMLQLJIKFFAH38CB,中平段,1.20,都市：住,10000,78,持分移轉,03740001
RPORMLQLJIKFFAH28CB,中平段,12.97,都市：住,10000,78,持分移轉,03730000
RPORMLQLJIKFFAH28CB,中平段,.23,都市：住,10000,78,持分移轉,03730001
RPORMLQLJIKFFAH28CB,中平段,1.20,都市：住,10000,78,持分移轉,03740001
RPSRMLQLJIKFFAH68CB,中平段,12.97,都市：住,10000,78,持分移轉,03730000
RPSRMLQLJIKFFAH68CB,中平段,.23,都市：住,10000,78,持分移轉,03730001
RPSRMLQLJIKFFAH68CB,中平段,1.20,都市：住,10000,78,持分移轉,03740001
RPQRMLQLJIKFFAH48CB,中平段,12.97,都市：住,10000,78,持分移轉,03730000
RPQRMLQLJIKFFAH48CB,中平段,.23,都市：住,10000,78,持分移轉,03730001
RPQRMLQLJIKFFAH48CB,中平段,1.20,都市：住,10000,78,持分移轉,03740001
RPUQMLQLJIKFFAH78CB,中平段,20.12,都市：住,10000,121,持分移轉,03730000
RPUQMLQLJIKFFAH78CB,中平段,.36,都市：住,10000,121,持分移轉,03730001
RPUQMLQLJIKFFAH78CB,中平段,1.86,都市：住,10000,121,持分移轉,03740001
RPTQMLQLJIKFFAH68CB,中平段,20.12,都市：住,10000,121,持分移轉,03730000
RPTQMLQLJIKFFAH68CB,中平段,.36,都市：住,10000,121,持分移轉,03730001
RPTQMLQLJIKFFAH68CB,中平段,1.86,都市：住,10000,121,持分移轉,03740001
RPTRMLQLJIKFFAH78CB,中平段,12.97,都市：住,10000,78,持分移轉,03730000
RPTRMLQLJIKFFAH78CB,中平段,.23,都市：住,10000,78,持分移轉,03730001
RPTRMLQLJIKFFAH78CB,中平段,1.20,都市：住,10000,78,持分移轉,03740001
RPWNMLRLJIKFFAH78CB,中平段,12.80,都市：住,10000,77,持分移轉,03730000
RPWNMLRLJIKFFAH78CB,中平段,.23,都市：住,10000,77,持分移轉,03730001
RPWNMLRLJIKFFAH78CB,中平段,1.19,都市：住,10000,77,持分移轉,03740001
RPROMLRLJIKFFAH38CB,中平段,12.97,都市：住,10000,78,持分移轉,03730000
RPXOMLRLJIKFFAH98CB,中平段,13.97,都市：住,10000,84,持分移轉,03730000
RPROMLRLJIKFFAH38CB,中平段,.23,都市：住,10000,78,持分移轉,03730001
RPXOMLRLJIKFFAH98CB,中平段,.25,都市：住,10000,84,持分移轉,03730001
RPROMLRLJIKFFAH38CB,中平段,1.20,都市：住,10000,78,持分移轉,03740001
RPXOMLRLJIKFFAH98CB,中平段,1.29,都市：住,10000,84,持分移轉,03740001
RPOPMLRLJIKFFAH18CB,中平段,14.13,都市：住,10000,85,持分移轉,03730000
RPOPMLRLJIKFFAH18CB,中平段,.25,都市：住,10000,85,持分移轉,03730001
RPOPMLRLJIKFFAH18CB,中平段,1.31,都市：住,10000,85,持分移轉,03740001
RPPOMLRLJIKFFAH18CB,中平段,12.97,都市：住,10000,78,持分移轉,03730000
RPPOMLRLJIKFFAH18CB,中平段,.23,都市：住,10000,78,持分移轉,03730001
RPPOMLRLJIKFFAH18CB,中平段,1.20,都市：住,10000,78,持分移轉,03740001
RPWOMLRLJIKFFAH88CB,中平段,19.45,都市：住,10000,117,持分移轉,03730000
RPWOMLRLJIKFFAH88CB,中平段,.35,都市：住,10000,117,持分移轉,03730001
RPWOMLRLJIKFFAH88CB,中平段,1.80,都市：住,10000,117,持分移轉,03740001
RPVOMLRLJIKFFAH78CB,中平段,19.45,都市：住,10000,117,持分移轉,03730000
RPVOMLRLJIKFFAH78CB,中平段,.35,都市：住,10000,117,持分移轉,03730001
RPVOMLRLJIKFFAH78CB,中平段,1.80,都市：住,10000,117,持分移轉,03740001
RPOOMLRLJIKFFAH08CB,中平段,12.97,都市：住,10000,78,持分移轉,03730000
RPOOMLRLJIKFFAH08CB,中平段,.23,都市：住,10000,78,持分移轉,03730001
RPOOMLRLJIKFFAH08CB,中平段,1.20,都市：住,10000,78,持分移轉,03740001
RPTOMLRLJIKFFAH58CB,中平段,12.97,都市：住,10000,78,持分移轉,03730000
RPTOMLRLJIKFFAH58CB,中平段,.23,都市：住,10000,78,持分移轉,03730001
RPTOMLRLJIKFFAH58CB,中平段,1.20,都市：住,10000,78,持分移轉,03740001
RPUOMLRLJIKFFAH68CB,中平段,19.29,都市：住,10000,116,持分移轉,03730000
RPUOMLRLJIKFFAH68CB,中平段,.34,都市：住,10000,116,持分移轉,03730001
RPUOMLRLJIKFFAH68CB,中平段,1.79,都市：住,10000,116,持分移轉,03740001
RPSOMLRLJIKFFAH48CB,中平段,12.97,都市：住,10000,78,持分移轉,03730000
RPSOMLRLJIKFFAH48CB,中平段,.23,都市：住,10000,78,持分移轉,03730001
RPSOMLRLJIKFFAH48CB,中平段,1.20,都市：住,10000,78,持分移轉,03740001
RPRPMLKKKIKFFBH87CB,青芝段,19.93,都市：商,100000,868,持分移轉,01410000
RPOPMLKKKIKFFBH57CB,青芝段,71.19,都市：商,100000,3100,持分移轉,01410000
RPPPMLRLJIKFFAH28CB,中平段,14.13,都市：住,10000,85,持分移轉,03730000
RPPPMLRLJIKFFAH28CB,中平段,.25,都市：住,10000,85,持分移轉,03730001
RPPPMLRLJIKFFAH28CB,中平段,1.31,都市：住,10000,85,持分移轉,03740001
RPQPMLRLJIKFFAH38CB,中平段,14.13,都市：住,10000,85,持分移轉,03730000
RPQPMLRLJIKFFAH38CB,中平段,.25,都市：住,10000,85,持分移轉,03730001
RPPPMLKKKIKFFBH67CB,青芝段,57.73,都市：商,100000,2514,持分移轉,01410000
RPQPMLRLJIKFFAH38CB,中平段,1.31,都市：住,10000,85,持分移轉,03740001
RPQPMLKKKIKFFBH77CB,青芝段,20.16,都市：商,100000,878,持分移轉,01410000
RPTPMLKKKIKFFBH08CB,青芝段,19.93,都市：商,100000,868,持分移轉,01410000
RPSPMLKKKIKFFBH97CB,青芝段,19.93,都市：商,100000,868,持分移轉,01410000
RPVPMLKKKIKFFBH28CB,青芝段,19.93,都市：商,100000,868,持分移轉,01410000
RPUPMLKKKIKFFBH18CB,青芝段,19.93,都市：商,100000,868,持分移轉,01410000
RPXPMLKKKIKFFBH48CB,青芝段,19.93,都市：商,100000,868,持分移轉,01410000
RPWPMLKKKIKFFBH38CB,青芝段,19.93,都市：商,100000,868,持分移轉,01410000
RPOQMLKKKIKFFBH67CB,青芝段,19.93,都市：商,100000,868,持分移轉,01410000
RPRPMLRLJIKFFAH48CB,中平段,14.13,都市：住,10000,85,持分移轉,03730000
RPRPMLRLJIKFFAH48CB,中平段,.25,都市：住,10000,85,持分移轉,03730001
RPRPMLRLJIKFFAH48CB,中平段,1.31,都市：住,10000,85,持分移轉,03740001
RPSPMLRLJIKFFAH58CB,中平段,14.13,都市：住,10000,85,持分移轉,03730000
RPSPMLRLJIKFFAH58CB,中平段,.25,都市：住,10000,85,持分移轉,03730001
RPSPMLRLJIKFFAH58CB,中平段,1.31,都市：住,10000,85,持分移轉,03740001
RPUPMLRLJIKFFAH78CB,中平段,14.13,都市：住,10000,85,持分移轉,03730000
RPUPMLRLJIKFFAH78CB,中平段,.25,都市：住,10000,85,持分移轉,03730001
RPUPMLRLJIKFFAH78CB,中平段,1.31,都市：住,10000,85,持分移轉,03740001
RPPQMLKKKIKFFBH77CB,青芝段,19.93,都市：商,100000,868,持分移轉,01410000
RPVQMLKKKIKFFBH38CB,青芝段,14.03,都市：商,100000,611,持分移轉,01410000
RPORMLKKKIKFFBH77CB,青芝段,14.26,都市：商,100000,621,持分移轉,01410000
RPWQMLKKKIKFFBH48CB,青芝段,14.03,都市：商,100000,611,持分移轉,01410000
RPSQMLKKKIKFFBH08CB,青芝段,14.03,都市：商,100000,611,持分移轉,01410000
RPUQMLKKKIKFFBH28CB,青芝段,14.03,都市：商,100000,611,持分移轉,01410000
RPRQMLKKKIKFFBH97CB,青芝段,19.93,都市：商,100000,868,持分移轉,01410000
RPPRMLKKKIKFFBH87CB,青芝段,14.26,都市：商,100000,621,持分移轉,01410000
RPXQMLKKKIKFFBH58CB,青芝段,14.03,都市：商,100000,611,持分移轉,01410000
RPTQMLKKKIKFFBH18CB,青芝段,14.03,都市：商,100000,611,持分移轉,01410000
RPQRMLKKKIKFFBH97CB,青芝段,14.26,都市：商,100000,621,持分移轉,01410000
RPRRMLKKKIKFFBH08CB,青芝段,14.26,都市：商,100000,621,持分移轉,01410000
RPOSMLKKKIKFFBH87CB,青芝段,15.29,都市：商,100000,666,持分移轉,01410000
RPPSMLKKKIKFFBH97CB,青芝段,15.29,都市：商,100000,666,持分移轉,01410000
RPTRMLKKKIKFFBH28CB,青芝段,15.29,都市：商,100000,666,持分移轉,01410000
RPQSMLKKKIKFFBH08CB,青芝段,15.29,都市：商,100000,666,持分移轉,01410000
RPWRMLKKKIKFFBH58CB,青芝段,15.29,都市：商,100000,666,持分移轉,01410000
RPVRMLKKKIKFFBH48CB,青芝段,15.06,都市：商,100000,656,持分移轉,01410000
RPTSMLKKKIKFFBH38CB,青芝段,15.29,都市：商,100000,666,持分移轉,01410000
RPSSMLKKKIKFFBH28CB,青芝段,15.29,都市：商,100000,666,持分移轉,01410000
RPXRMLKKKIKFFBH68CB,青芝段,15.29,都市：商,100000,666,持分移轉,01410000
RPSRMLKKKIKFFBH18CB,青芝段,51.35,都市：商,100000,2236,持分移轉,01410000
RPWSMLKKKIKFFBH68CB,青芝段,15.29,都市：商,100000,666,持分移轉,01410000
RPQTMLKKKIKFFBH18CB,青芝段,15.41,都市：商,100000,671,持分移轉,01410000
RPRTMLKKKIKFFBH28CB,青芝段,15.64,都市：商,100000,681,持分移轉,01410000
RPOTMLKKKIKFFBH97CB,青芝段,15.64,都市：商,100000,681,持分移轉,01410000
RPTTMLKKKIKFFBH48CB,青芝段,15.64,都市：商,100000,681,持分移轉,01410000
RPSTMLKKKIKFFBH38CB,青芝段,15.64,都市：商,100000,681,持分移轉,01410000
RPVSMLKKKIKFFBH58CB,青芝段,15.29,都市：商,100000,666,持分移轉,01410000
RPUTMLKKKIKFFBH58CB,青芝段,15.64,都市：商,100000,681,持分移轉,01410000
RPXTMLKKKIKFFBH88CB,青芝段,15.64,都市：商,100000,681,持分移轉,01410000
RPOUMLKKKIKFFBH08CB,青芝段,15.64,都市：商,100000,681,持分移轉,01410000
RPPUMLKKKIKFFBH18CB,青芝段,15.64,都市：商,100000,681,持分移轉,01410000
RPQUMLKKKIKFFBH28CB,青芝段,15.64,都市：商,100000,681,持分移轉,01410000
RPSUMLKKKIKFFBH48CB,青芝段,21.38,都市：商,100000,931,持分移轉,01410000
RPRUMLKKKIKFFBH38CB,青芝段,21.38,都市：商,100000,931,持分移轉,01410000
RPWTMLKKKIKFFBH78CB,青芝段,15.64,都市：商,100000,681,持分移轉,01410000
RPVUMLKKKIKFFBH78CB,青芝段,21.38,都市：商,100000,931,持分移轉,01410000
RPUUMLKKKIKFFBH68CB,青芝段,21.38,都市：商,100000,931,持分移轉,01410000
RPXUMLKKKIKFFBH98CB,青芝段,21.38,都市：商,100000,931,持分移轉,01410000
RPTUMLKKKIKFFBH58CB,青芝段,21.38,都市：商,100000,931,持分移轉,01410000
RPWUMLKKKIKFFBH88CB,青芝段,21.38,都市：商,100000,931,持分移轉,01410000
RPRVMLKKKIKFFBH48CB,青芝段,21.38,都市：商,100000,931,持分移轉,01410000
RPQVMLKKKIKFFBH38CB,青芝段,21.38,都市：商,100000,931,持分移轉,01410000
RPOWMLKKKIKFFBH28CB,青芝段,22.18,都市：商,100000,966,持分移轉,01410000
RPOVMLKKKIKFFBH18CB,青芝段,21.38,都市：商,100000,931,持分移轉,01410000
RPPWMLKKKIKFFBH38CB,青芝段,21.95,都市：商,100000,956,持分移轉,01410000
RPPVMLKKKIKFFBH28CB,青芝段,21.38,都市：商,100000,931,持分移轉,01410000
RPQWMLKKKIKFFBH48CB,青芝段,22.18,都市：商,100000,966,持分移轉,01410000
RPONNLKKKIKFFBH47CB,青芝段,17.84,都市：商,100000,777,持分移轉,01410000
RPSNNLKKKIKFFBH87CB,青芝段,17.06,都市：商,100000,743,持分移轉,01410000
RPUWMLKKKIKFFBH88CB,青芝段,22.18,都市：商,100000,966,持分移轉,01410000
RPRNNLKKKIKFFBH77CB,青芝段,17.06,都市：商,100000,743,持分移轉,01410000
RPTWMLKKKIKFFBH78CB,青芝段,22.18,都市：商,100000,966,持分移轉,01410000
RPSWMLKKKIKFFBH68CB,青芝段,22.18,都市：商,100000,966,持分移轉,01410000
RPPNNLKKKIKFFBH57CB,青芝段,17.06,都市：商,100000,743,持分移轉,01410000
RPXWMLKKKIKFFBH56CB,青芝段,22.18,都市：商,100000,966,持分移轉,01410000
RPRWMLKKKIKFFBH58CB,青芝段,22.18,都市：商,100000,966,持分移轉,01410000
RPVWMLKKKIKFFBH98CB,青芝段,22.18,都市：商,100000,966,持分移轉,01410000
RPVNNLKKKIKFFBH18CB,青芝段,17.06,都市：商,100000,743,持分移轉,01410000
RPTNNLKKKIKFFBH97CB,青芝段,17.06,都市：商,100000,743,持分移轉,01410000
RPWNNLKKKIKFFBH28CB,青芝段,17.06,都市：商,100000,743,持分移轉,01410000
RPUNNLKKKIKFFBH08CB,青芝段,17.06,都市：商,100000,743,持分移轉,01410000
RPRONLKKKIKFFBH87CB,青芝段,17.06,都市：商,100000,743,持分移轉,01410000
RPWONLKKKIKFFBH38CB,青芝段,17.20,都市：商,100000,749,持分移轉,01410000
RPXNNLKKKIKFFBH38CB,青芝段,17.06,都市：商,100000,743,持分移轉,01410000
RPPONLKKKIKFFBH67CB,青芝段,17.06,都市：商,100000,743,持分移轉,01410000
RPUONLKKKIKFFBH18CB,青芝段,17.06,都市：商,100000,743,持分移轉,01410000
RPXONLKKKIKFFBH48CB,青芝段,17.20,都市：商,100000,749,持分移轉,01410000
RPVONLKKKIKFFBH28CB,青芝段,14.51,都市：商,100000,632,持分移轉,01410000
RPOPNLKKKIKFFBH67CB,青芝段,17.20,都市：商,100000,749,持分移轉,01410000
RPSPNLKKKIKFFBH08CB,青芝段,17.20,都市：商,100000,749,持分移轉,01410000
RPRPNLKKKIKFFBH97CB,青芝段,17.20,都市：商,100000,749,持分移轉,01410000
RPUPNLKKKIKFFBH28CB,青芝段,17.20,都市：商,100000,749,持分移轉,01410000
RPVPNLKKKIKFFBH38CB,青芝段,17.20,都市：商,100000,749,持分移轉,01410000
RPQPNLKKKIKFFBH87CB,青芝段,17.20,都市：商,100000,749,持分移轉,01410000
RPTPNLKKKIKFFBH18CB,青芝段,17.20,都市：商,100000,749,持分移轉,01410000
RPXPNLKKKIKFFBH58CB,青芝段,17.20,都市：商,100000,749,持分移轉,01410000
RPOQNLKKKIKFFBH77CB,青芝段,14.67,都市：商,100000,639,持分移轉,01410000
RPPQNLKKKIKFFBH87CB,青芝段,17.06,都市：商,100000,743,持分移轉,01410000
RPQQNLKKKIKFFBH97CB,青芝段,17.06,都市：商,100000,743,持分移轉,01410000
RPUQNLKKKIKFFBH38CB,青芝段,17.06,都市：商,100000,743,持分移轉,01410000
RPVQNLKKKIKFFBH48CB,青芝段,17.06,都市：商,100000,743,持分移轉,01410000
RPSQNLKKKIKFFBH18CB,青芝段,17.06,都市：商,100000,743,持分移轉,01410000
RPRQNLKKKIKFFBH08CB,青芝段,17.06,都市：商,100000,743,持分移轉,01410000
RPXQNLKKKIKFFBH68CB,青芝段,17.06,都市：商,100000,743,持分移轉,01410000
RPTQNLKKKIKFFBH28CB,青芝段,17.06,都市：商,100000,743,持分移轉,01410000
RPWQNLKKKIKFFBH58CB,青芝段,17.06,都市：商,100000,743,持分移轉,01410000
RPORNLKKKIKFFBH87CB,青芝段,14.58,都市：商,100000,635,持分移轉,01410000
RPPRNLKKKIKFFBH97CB,青芝段,22.28,都市：商,100000,970,持分移轉,01410000
RPQRNLKKKIKFFBH08CB,青芝段,22.16,都市：商,100000,965,持分移轉,01410000
RPRRNLKKKIKFFBH18CB,青芝段,22.16,都市：商,100000,965,持分移轉,01410000
RPSRNLKKKIKFFBH28CB,青芝段,22.16,都市：商,100000,965,持分移轉,01410000
RPVRNLKKKIKFFBH58CB,青芝段,22.16,都市：商,100000,965,持分移轉,01410000
RPXRNLKKKIKFFBH78CB,青芝段,22.16,都市：商,100000,965,持分移轉,01410000
RPTRNLKKKIKFFBH38CB,青芝段,22.16,都市：商,100000,965,持分移轉,01410000
RPPSNLKKKIKFFBH08CB,青芝段,17.91,都市：商,100000,780,持分移轉,01410000
RPOSNLKKKIKFFBH97CB,青芝段,22.16,都市：商,100000,965,持分移轉,01410000
RPUOMLLKKIKFFBH18CB,青平段,28.55,都市：住,100000,982,持分移轉,00810000
RPWRNLKKKIKFFBH68CB,青芝段,22.16,都市：商,100000,965,持分移轉,01410000
RPTOMLLKKIKFFBH08CB,青平段,40.79,都市：住,100000,1403,持分移轉,00810000
RPSOMLLKKIKFFBH97CB,青平段,43.75,都市：住,100000,1505,持分移轉,00810000
RPVOMLLKKIKFFBH28CB,青平段,28.26,都市：住,100000,972,持分移轉,00810000
RPWOMLLKKIKFFBH38CB,青平段,28.26,都市：住,100000,972,持分移轉,00810000
RPQOMLLKKIKFFBH77CB,青平段,31.98,都市：住,100000,1100,持分移轉,00810000
RPXOMLLKKIKFFBH48CB,青平段,28.26,都市：住,100000,972,持分移轉,00810000
RPROMLLKKIKFFBH87CB,青平段,22.21,都市：住,100000,764,持分移轉,00810000
RPPPMLLKKIKFFBH77CB,青平段,28.26,都市：住,100000,972,持分移轉,00810000
RPOPMLLKKIKFFBH67CB,青平段,28.26,都市：住,100000,972,持分移轉,00810000
RPWPMLLKKIKFFBH48CB,青平段,29.22,都市：住,100000,1005,持分移轉,00810000
RPSPMLLKKIKFFBH08CB,青平段,28.26,都市：住,100000,972,持分移轉,00810000
RPQQMLLKKIKFFBH97CB,青平段,29.51,都市：住,100000,1015,持分移轉,00810000
RPOQMLLKKIKFFBH77CB,青平段,29.51,都市：住,100000,1015,持分移轉,00810000
RPRPMLLKKIKFFBH97CB,青平段,28.26,都市：住,100000,972,持分移轉,00810000
RPXPMLLKKIKFFBH58CB,青平段,29.51,都市：住,100000,1015,持分移轉,00810000
RPQPMLLKKIKFFBH87CB,青平段,28.55,都市：住,100000,982,持分移轉,00810000
RPTPMLLKKIKFFBH18CB,青平段,28.26,都市：住,100000,972,持分移轉,00810000
RPUPMLLKKIKFFBH28CB,青平段,29.22,都市：住,100000,1005,持分移轉,00810000
RPVPMLLKKIKFFBH38CB,青平段,29.22,都市：住,100000,1005,持分移轉,00810000
RPVQMLLKKIKFFBH48CB,青平段,29.22,都市：住,100000,1005,持分移轉,00810000
RPTQMLLKKIKFFBH28CB,青平段,29.22,都市：住,100000,1005,持分移轉,00810000
RPUQMLLKKIKFFBH38CB,青平段,29.22,都市：住,100000,1005,持分移轉,00810000
RPVRMLLKKIKFFBH58CB,青平段,25.32,都市：住,100000,871,持分移轉,00810000
RPXRMLLKKIKFFBH78CB,青平段,25.03,都市：住,100000,861,持分移轉,00810000
RPWQMLLKKIKFFBH58CB,青平段,29.22,都市：住,100000,1005,持分移轉,00810000
RPOSMLLKKIKFFBH97CB,青平段,25.03,都市：住,100000,861,持分移轉,00810000
RPWRMLLKKIKFFBH68CB,青平段,25.03,都市：住,100000,861,持分移轉,00810000
RPRQMLLKKIKFFBH08CB,青平段,29.22,都市：住,100000,1005,持分移轉,00810000
RPSQMLLKKIKFFBH18CB,青平段,29.22,都市：住,100000,1005,持分移轉,00810000
RPQSMLLKKIKFFBH18CB,青平段,25.03,都市：住,100000,861,持分移轉,00810000
RPSSMLLKKIKFFBH38CB,青平段,25.03,都市：住,100000,861,持分移轉,00810000
RPVSMLLKKIKFFBH68CB,青平段,25.03,都市：住,100000,861,持分移轉,00810000
RPUSMLLKKIKFFBH58CB,青平段,25.03,都市：住,100000,861,持分移轉,00810000
RPXSMLLKKIKFFBH88CB,青平段,23.69,都市：住,100000,815,持分移轉,00810000
RPPSMLLKKIKFFBH08CB,青平段,25.03,都市：住,100000,861,持分移轉,00810000
RPRSMLLKKIKFFBH28CB,青平段,25.03,都市：住,100000,861,持分移轉,00810000
RPTSMLLKKIKFFBH48CB,青平段,25.32,都市：住,100000,871,持分移轉,00810000
RPWSMLLKKIKFFBH78CB,青平段,23.69,都市：住,100000,815,持分移轉,00810000
RPOTMLLKKIKFFBH08CB,青平段,23.69,都市：住,100000,815,持分移轉,00810000
RPQTMLLKKIKFFBH28CB,青平段,23.69,都市：住,100000,815,持分移轉,00810000
RPXTMLLKKIKFFBH98CB,青平段,23.98,都市：住,100000,825,持分移轉,00810000
RPUTMLLKKIKFFBH68CB,青平段,23.69,都市：住,100000,815,持分移轉,00810000
RPPUMLLKKIKFFBH28CB,青平段,23.69,都市：住,100000,815,持分移轉,00810000
RPPTMLLKKIKFFBH18CB,青平段,23.69,都市：住,100000,815,持分移轉,00810000
RPSTMLLKKIKFFBH48CB,青平段,23.69,都市：住,100000,815,持分移轉,00810000
RPRUMLLKKIKFFBH48CB,青平段,23.69,都市：住,100000,815,持分移轉,00810000
RPOVMLLKKIKFFBH28CB,青平段,28.55,都市：住,100000,982,持分移轉,00810000
RPVTMLLKKIKFFBH78CB,青平段,23.69,都市：住,100000,815,持分移轉,00810000
RPQVMLLKKIKFFBH48CB,青平段,28.55,都市：住,100000,982,持分移轉,00810000
RPPVMLLKKIKFFBH38CB,青平段,28.55,都市：住,100000,982,持分移轉,00810000
RPTVMLLKKIKFFBH78CB,青平段,28.26,都市：住,100000,972,持分移轉,00810000
RPOWMLLKKIKFFBH38CB,青平段,28.26,都市：住,100000,972,持分移轉,00810000
RPQWMLLKKIKFFBH58CB,青平段,28.26,都市：住,100000,972,持分移轉,00810000
RPXVMLLKKIKFFBH56CB,青平段,28.55,都市：住,100000,982,持分移轉,00810000
RPUVMLLKKIKFFBH88CB,青平段,28.55,都市：住,100000,982,持分移轉,00810000
RPVVMLLKKIKFFBH98CB,青平段,28.55,都市：住,100000,982,持分移轉,00810000
RPRWMLLKKIKFFBH68CB,青平段,28.26,都市：住,100000,972,持分移轉,00810000
RPRVMLLKKIKFFBH58CB,青平段,28.26,都市：住,100000,972,持分移轉,00810000
RPSVMLLKKIKFFBH68CB,青平段,28.55,都市：住,100000,982,持分移轉,00810000
RPSWMLLKKIKFFBH78CB,青平段,28.55,都市：住,100000,982,持分移轉,00810000
RPONNLLKKIKFFBH57CB,青平段,29.22,都市：住,100000,1005,持分移轉,00810000
RPTWMLLKKIKFFBH88CB,青平段,29.51,都市：住,100000,1015,持分移轉,00810000
RPUWMLLKKIKFFBH98CB,青平段,29.22,都市：住,100000,1005,持分移轉,00810000
RPVWMLLKKIKFFBH09CB,青平段,29.22,都市：住,100000,1005,持分移轉,00810000
RPXWMLLKKIKFFBH66CB,青平段,29.51,都市：住,100000,1015,持分移轉,00810000
RPOONLLKKIKFFBH67CB,青平段,25.03,都市：住,100000,861,持分移轉,00810000
RPRNNLLKKIKFFBH87CB,青平段,29.51,都市：住,100000,1015,持分移轉,00810000
RPWNNLLKKIKFFBH38CB,青平段,29.22,都市：住,100000,1005,持分移轉,00810000
RPPNNLLKKIKFFBH67CB,青平段,29.22,都市：住,100000,1005,持分移轉,00810000
RPUNNLLKKIKFFBH18CB,青平段,29.51,都市：住,100000,1015,持分移轉,00810000
RPSNNLLKKIKFFBH97CB,青平段,29.22,都市：住,100000,1005,持分移轉,00810000
RPQNNLLKKIKFFBH77CB,青平段,29.51,都市：住,100000,1015,持分移轉,00810000
RPXNNLLKKIKFFBH48CB,青平段,25.03,都市：住,100000,861,持分移轉,00810000
RPVNNLLKKIKFFBH28CB,青平段,29.22,都市：住,100000,1005,持分移轉,00810000
RPTNNLLKKIKFFBH08CB,青平段,29.22,都市：住,100000,1005,持分移轉,00810000
RPQONLLKKIKFFBH87CB,青平段,25.03,都市：住,100000,861,持分移轉,00810000
RPRONLLKKIKFFBH97CB,青平段,25.03,都市：住,100000,861,持分移轉,00810000
RPSONLLKKIKFFBH08CB,青平段,25.03,都市：住,100000,861,持分移轉,00810000
RPTONLLKKIKFFBH18CB,青平段,25.03,都市：住,100000,861,持分移轉,00810000
RPPONLLKKIKFFBH77CB,青平段,25.03,都市：住,100000,861,持分移轉,00810000
RPUONLLKKIKFFBH28CB,青平段,25.32,都市：住,100000,871,持分移轉,00810000
RPWONLLKKIKFFBH48CB,青平段,25.03,都市：住,100000,861,持分移轉,00810000
RPXONLLKKIKFFBH58CB,青平段,25.32,都市：住,100000,871,持分移轉,00810000
RPVONLLKKIKFFBH38CB,青平段,25.03,都市：住,100000,861,持分移轉,00810000
RPQPNLLKKIKFFBH97CB,青平段,23.69,都市：住,100000,815,持分移轉,00810000
RPRPNLLKKIKFFBH08CB,青平段,23.98,都市：住,100000,825,持分移轉,00810000
RPPPNLLKKIKFFBH87CB,青平段,23.69,都市：住,100000,815,持分移轉,00810000
RPOPNLLKKIKFFBH77CB,青平段,25.03,都市：住,100000,861,持分移轉,00810000
RPUPNLLKKIKFFBH38CB,青平段,23.69,都市：住,100000,815,持分移轉,00810000
RPVPNLLKKIKFFBH48CB,青平段,23.69,都市：住,100000,815,持分移轉,00810000
RPTPNLLKKIKFFBH28CB,青平段,23.69,都市：住,100000,815,持分移轉,00810000
RPSPNLLKKIKFFBH18CB,青平段,23.69,都市：住,100000,815,持分移轉,00810000
RPUPMLMLKIKFFAH38CB,大樹林段,8.16,都市：商,10000,33,持分移轉,06870002
RPRPMLMLKIKFFAH08CB,大樹林段,5.44,都市：商,10000,22,持分移轉,06870002
RPOQMLMLKIKFFAH87CB,大樹林段,11.38,都市：商,10000,46,持分移轉,06870002
RPVTMLMLKIKFFAH88CB,大樹林段,7.17,都市：商,10000,29,持分移轉,06870002
RPVOMLNLKIKFFAH48CB,大樹林段,8.41,都市：住,10000,34,持分移轉,06870002
RPWTMLMLKIKFFAH98CB,大樹林段,5.69,都市：商,10000,23,持分移轉,06870002
RPXPNLLKKIKFFBH68CB,青平段,23.69,都市：住,100000,815,持分移轉,00810000
RPWPNLLKKIKFFBH58CB,青平段,23.69,都市：住,100000,815,持分移轉,00810000
RPRNMLMLKIKFFFH38CB,茄明段,24.95,都市：住,100000,720,持分移轉,00880000
RPTUMLNLKIKFFAH88CB,大樹林段,5.69,都市：商,10000,23,持分移轉,06870002
RPUUMLNLKIKFFAH98CB,大樹林段,7.17,都市：商,10000,29,持分移轉,06870002
RPXTMLNLKIKFFAH56CB,大樹林段,8.66,都市：商,10000,35,持分移轉,06870002
RPSTMLNLKIKFFAH68CB,大樹林段,8.41,都市：住,10000,34,持分移轉,06870002
RPOUMLNLKIKFFAH38CB,大樹林段,7.42,都市：商,10000,30,持分移轉,06870002
RPWRMLNLKIKFFAH88CB,大樹林段,8.41,都市：住,10000,34,持分移轉,06870002
RPPVMLNLKIKFFAH58CB,大樹林段,8.41,都市：住,10000,34,持分移轉,06870002
RPWTMLNLKIKFFAH09CB,大樹林段,8.41,都市：住,10000,34,持分移轉,06870002
RPTVMLNLKIKFFAH98CB,大樹林段,8.16,都市：住,10000,33,持分移轉,06870002
RPRVMLNLKIKFFAH78CB,大樹林段,8.16,都市：住,10000,33,持分移轉,06870002
RPOWMLNLKIKFFAH58CB,大樹林段,8.41,都市：住,10000,34,持分移轉,06870002
RPPWMLNLKIKFFAH68CB,大樹林段,8.41,都市：住,10000,34,持分移轉,06870002
RPQWMLNLKIKFFAH78CB,大樹林段,12.12,都市：住,10000,49,持分移轉,06870002
RPVVMLNLKIKFFAH56CB,大樹林段,8.41,都市：住,10000,34,持分移轉,06870002
RPRWMLNLKIKFFAH88CB,大樹林段,8.41,都市：住,10000,34,持分移轉,06870002
RPUVMLNLKIKFFAH09CB,大樹林段,8.16,都市：住,10000,33,持分移轉,06870002
RPUWMLNLKIKFFAH56CB,大樹林段,8.41,都市：住,10000,34,持分移轉,06870002
RPXNMLPLKIKFFAH78CB,大樹林段,4.43,都市：住,10000,46,持分移轉,06870013
RPOOMLPLKIKFFAH97CB,大樹林段,4.43,都市：住,10000,46,持分移轉,06870013
RPSWMLNLKIKFFAH98CB,大樹林段,4.43,都市：住,10000,46,持分移轉,06870013
RPPPMLPLKIKFFAH18CB,大樹林段,4.43,都市：住,10000,46,持分移轉,06870013
RPPOMLPLKIKFFAH08CB,大樹林段,4.43,都市：住,10000,46,持分移轉,06870013
RPXOMLPLKIKFFAH88CB,大樹林段,4.43,都市：住,10000,46,持分移轉,06870013
RPUPMLPLKIKFFAH68CB,大樹林段,4.43,都市：住,10000,46,持分移轉,06870013
RPOTMLKMKIKFFAH08CB,慈文段,28.25,都市：住,100000,1382,持分移轉,22210000
RPWSMLKMKIKFFAH78CB,慈文段,22.79,都市：住,100000,1115,持分移轉,22210000
RPTTMLKMKIKFFAH58CB,慈文段,29.56,都市：住,100000,1446,持分移轉,22210000
RPWTMLKMKIKFFAH88CB,慈文段,29.56,都市：住,100000,1446,持分移轉,22210000
RPQTMLKMKIKFFAH28CB,慈文段,29.56,都市：住,100000,1446,持分移轉,22210000
RPPTMLKMKIKFFAH18CB,慈文段,28.25,都市：住,100000,1382,持分移轉,22210000
RPRTMLKMKIKFFAH38CB,慈文段,29.56,都市：住,100000,1446,持分移轉,22210000
RPOQNLLKKIKFFBH87CB,青平段,23.69,都市：住,100000,815,持分移轉,00810000
RPVTMLKMKIKFFAH78CB,慈文段,29.56,都市：住,100000,1446,持分移轉,22210000
RPXTMLKMKIKFFAH98CB,慈文段,19.40,都市：住,100000,949,持分移轉,22210000
RPQUMLKMKIKFFAH38CB,慈文段,19.40,都市：住,100000,949,持分移轉,22210000
RPPUMLKMKIKFFAH28CB,慈文段,19.40,都市：住,100000,949,持分移轉,22210000
RPRUMLKMKIKFFAH48CB,慈文段,19.40,都市：住,100000,949,持分移轉,22210000
RPOUMLKMKIKFFAH18CB,慈文段,19.40,都市：住,100000,949,持分移轉,22210000
RPSUMLKMKIKFFAH58CB,慈文段,28.96,都市：住,100000,1417,持分移轉,22210000
RPWNMLMLKIKFFFH09EB,茄明段,24.95,都市：住,100000,720,持分移轉,00880000
RPWWMLKMKIKFFAH56CB,慈文段,22.79,都市：住,100000,1115,持分移轉,22210000
RPPVMLKMKIKFFAH38CB,慈文段,21.73,都市：住,100000,1063,持分移轉,22210000
RPVUMLKMKIKFFAH88CB,慈文段,30.27,都市：住,100000,1481,持分移轉,22210000
RPUVMLKMKIKFFAH88CB,慈文段,22.79,都市：住,100000,1115,持分移轉,22210000
RPXUMLKMKIKFFAH09CB,慈文段,30.27,都市：住,100000,1481,持分移轉,22210000
RPQVMLKMKIKFFAH48CB,慈文段,22.79,都市：住,100000,1115,持分移轉,22210000
RPWUMLKMKIKFFAH98CB,慈文段,30.27,都市：住,100000,1481,持分移轉,22210000
RPTUMLKMKIKFFAH68CB,慈文段,30.27,都市：住,100000,1481,持分移轉,22210000
RPRVMLKMKIKFFAH58CB,慈文段,22.79,都市：住,100000,1115,持分移轉,22210000
RPOVMLKMKIKFFAH28CB,慈文段,21.73,都市：住,100000,1063,持分移轉,22210000
RPPNNLKMKIKFFAH67CB,慈文段,22.79,都市：住,100000,1115,持分移轉,22210000
RPXNNLKMKIKFFAH48CB,慈文段,22.79,都市：住,100000,1115,持分移轉,22210000
RPUNNLKMKIKFFAH18CB,慈文段,22.79,都市：住,100000,1115,持分移轉,22210000
RPVONLKMKIKFFAH38CB,慈文段,18.29,都市：住,100000,895,持分移轉,22210000
RPSONLKMKIKFFAH08CB,慈文段,28.66,都市：住,100000,1402,持分移轉,22210000
RPXONLKMKIKFFAH58CB,慈文段,19.07,都市：住,100000,933,持分移轉,22210000
RPVNNLKMKIKFFAH28CB,慈文段,22.79,都市：住,100000,1115,持分移轉,22210000
RPOPNLKMKIKFFAH77CB,慈文段,19.07,都市：住,100000,933,持分移轉,22210000
RPOOMLLJJHLFFAH27CB,慈文段,19.27,都市：住,100000,943,持分移轉,22210000
RPWNMLLJJHLFFAH97CB,慈文段,19.27,都市：住,100000,943,持分移轉,22210000
RPRNMLLJJHLFFAH47CB,慈文段,19.27,都市：住,100000,943,持分移轉,22210000
RPPOMLLJJHLFFAH37CB,慈文段,28.37,都市：住,100000,1388,持分移轉,22210000
RPXNMLLJJHLFFAH08CB,慈文段,19.27,都市：住,100000,943,持分移轉,22210000
RPVNMLLJJHLFFAH87CB,慈文段,19.27,都市：住,100000,943,持分移轉,22210000
RPUNMLLJJHLFFAH77CB,慈文段,19.27,都市：住,100000,943,持分移轉,22210000
RPTNMLLJJHLFFAH67CB,慈文段,19.27,都市：住,100000,943,持分移轉,22210000
RPSNMLLJJHLFFAH57CB,慈文段,19.27,都市：住,100000,943,持分移轉,22210000
RPPPNLKMKIKFFAH87CB,慈文段,19.27,都市：住,100000,943,持分移轉,22210000
RPQOMLLJJHLFFAH47CB,慈文段,28.33,都市：住,100000,1386,持分移轉,22210000
RPXOMLLJJHLFFAH18CB,慈文段,29.62,都市：住,100000,1449,持分移轉,22210000
RPROMLLJJHLFFAH57CB,慈文段,28.33,都市：住,100000,1386,持分移轉,22210000
RPPPMLLJJHLFFAH47CB,慈文段,29.62,都市：住,100000,1449,持分移轉,22210000
RPUOMLLJJHLFFAH87CB,慈文段,29.62,都市：住,100000,1449,持分移轉,22210000
RPSOMLLJJHLFFAH67CB,慈文段,29.62,都市：住,100000,1449,持分移轉,22210000
RPOPMLLJJHLFFAH37CB,慈文段,29.62,都市：住,100000,1449,持分移轉,22210000
RPTOMLLJJHLFFAH77CB,慈文段,29.62,都市：住,100000,1449,持分移轉,22210000
RPONNLQJJHLFFBH87CB,雙嶺段,18.06,都市：住,10000,105,持分移轉,14870000
RPWOMLLJJHLFFAH08CB,慈文段,296.18,都市：住,10000,1449,持分移轉,22210000
RPQPMLLJJHLFFAH57CB,慈文段,29.56,都市：住,100000,1446,持分移轉,22210000
RPWNNLQJJHLFFBH68CB,雙嶺段,30.96,都市：住,10000,180,持分移轉,14870000
RPTNNLQJJHLFFBH38CB,雙嶺段,18.06,都市：住,10000,105,持分移轉,14870000
RPRQNLQJJHLFFBH48CB,雙嶺段,18.06,都市：住,10000,105,持分移轉,14870000
RPOPNLQJJHLFFBH08CB,雙嶺段,18.06,都市：住,10000,105,持分移轉,14870000
RPSONLQJJHLFFBH38CB,雙嶺段,18.06,都市：住,10000,105,持分移轉,14870000
RPTRNLQJJHLFFBH78CB,雙嶺段,18.06,都市：住,10000,105,持分移轉,14870000
RPPSNLQJJHLFFBH48CB,雙嶺段,18.75,都市：住,10000,109,持分移轉,14870000
RPUSNLQJJHLFFBH98CB,雙嶺段,18.75,都市：住,10000,109,持分移轉,14870000
RPOTNLQJJHLFFBH48CB,雙嶺段,18.92,都市：住,10000,110,持分移轉,14870000
RPXPNLQJJHLFFBH98CB,雙嶺段,18.06,都市：住,10000,105,持分移轉,14870000
RPWRNLQJJHLFFBH09CB,雙嶺段,18.75,都市：住,10000,109,持分移轉,14870000
RPRTNLQJJHLFFBH78CB,雙嶺段,18.92,都市：住,10000,110,持分移轉,14870000
RPUQMLKLJHLFFAH18CB,春日段,16.09,都市：住,10000,138,持分移轉,11630000
RPSUNLQJJHLFFBH98CB,雙嶺段,18.92,都市：住,10000,110,持分移轉,14870000
RPXTNLQJJHLFFBH76CB,雙嶺段,18.92,都市：住,10000,110,持分移轉,14870000
RPRUNLQJJHLFFBH88CB,雙嶺段,18.92,都市：住,10000,110,持分移轉,14870000
RPVQMLKLJHLFFAH28CB,春日段,18.54,都市：住,10000,159,持分移轉,11630000
RPQUNLQJJHLFFBH78CB,雙嶺段,18.92,都市：住,10000,110,持分移轉,14870000
RPWQMLKLJHLFFAH38CB,春日段,34.62,都市：住,10000,297,持分移轉,11630000
RPVTNLQJJHLFFBH56CB,雙嶺段,18.92,都市：住,10000,110,持分移轉,14870000
RPPRMLKLJHLFFAH77CB,春日段,34.62,都市：住,10000,297,持分移轉,11630000
RPXQMLKLJHLFFAH48CB,春日段,34.62,都市：住,10000,297,持分移轉,11630000
RPSRMLKLJHLFFAH08CB,春日段,34.62,都市：住,10000,297,持分移轉,11630000
RPQRMLKLJHLFFAH87CB,春日段,34.62,都市：住,10000,297,持分移轉,11630000
RPSSMLKLJHLFFAH18CB,春日段,26.93,都市：住,10000,231,持分移轉,11630000
RPOSMLKLJHLFFAH77CB,春日段,26.93,都市：住,10000,231,持分移轉,11630000
RPQOMLLLJHLFFAH67CB,春日段,30.43,都市：住,10000,261,持分移轉,11630000
RPRRMLKLJHLFFAH97CB,春日段,34.62,都市：住,10000,297,持分移轉,11630000
RPQSMLKLJHLFFAH97CB,春日段,26.93,都市：住,10000,231,持分移轉,11630000
RPPOMLLLJHLFFAH57CB,春日段,29.61,都市：住,10000,254,持分移轉,11630000
RPUNMLLLJHLFFAH97CB,春日段,26.93,都市：住,10000,231,持分移轉,11630000
RPUSMLKLJHLFFAH38CB,春日段,26.93,都市：住,10000,231,持分移轉,11630000
RPXOMLLLJHLFFAH38CB,春日段,29.61,都市：住,10000,254,持分移轉,11630000
RPXOMLRLJHLFFAH98CB,新埔段,47.90,都市：住,100000,1109,持分移轉,10300000
RPSOMLLLJHLFFAH87CB,春日段,30.43,都市：住,10000,261,持分移轉,11630000
RPUOMLLLJHLFFAH08CB,春日段,30.43,都市：住,10000,261,持分移轉,11630000
RPTOMLRLJHLFFAH58CB,新埔段,50.96,都市：住,100000,1180,持分移轉,10300000
RPOPMLRLJHLFFAH18CB,新埔段,47.90,都市：住,100000,1109,持分移轉,10300000
RPSOMLRLJHLFFAH48CB,新埔段,51.01,都市：住,100000,1181,持分移轉,10300000
RPWOMLRLJHLFFAH88CB,新埔段,47.90,都市：住,100000,1109,持分移轉,10300000
RPPPMLRLJHLFFAH28CB,新埔段,47.90,都市：住,100000,1109,持分移轉,10300000
RPUOMLRLJHLFFAH68CB,新埔段,51.01,都市：住,100000,1181,持分移轉,10300000
RPQPMLRLJHLFFAH38CB,新埔段,47.90,都市：住,100000,1109,持分移轉,10300000
RPUNMLRLJHLFFBH68CB,青溪段,43.90,都市：住,100000,1565,持分移轉,03720000
RPWNMLRLJHLFFBH88CB,青溪段,43.90,都市：住,100000,1565,持分移轉,03720000
RPXNMLRLJHLFFBH98CB,青溪段,43.90,都市：住,100000,1565,持分移轉,03720000
RPOOMLRLJHLFFBH18CB,青溪段,43.90,都市：住,100000,1565,持分移轉,03720000
RPROMLRLJHLFFBH48CB,青溪段,39.83,都市：住,100000,1420,持分移轉,03720000
RPSOMLRLJHLFFBH58CB,青溪段,39.83,都市：住,100000,1420,持分移轉,03720000
RPPOMLRLJHLFFBH28CB,青溪段,39.83,都市：住,100000,1420,持分移轉,03720000
RPVNMLRLJHLFFBH78CB,青溪段,44.46,都市：住,100000,1585,持分移轉,03720000
RPQOMLRLJHLFFBH38CB,青溪段,39.83,都市：住,100000,1420,持分移轉,03720000
RPTOMLRLJHLFFBH68CB,青溪段,39.83,都市：住,100000,1420,持分移轉,03720000
RPUOMLRLJHLFFBH78CB,青溪段,39.83,都市：住,100000,1420,持分移轉,03720000
RPVOMLRLJHLFFBH88CB,青溪段,39.83,都市：住,100000,1420,持分移轉,03720000
RPPPMLRLJHLFFBH38CB,青溪段,43.90,都市：住,100000,1565,持分移轉,03720000
RPXOMLRLJHLFFBH09CB,青溪段,43.90,都市：住,100000,1565,持分移轉,03720000
RPVPMLRLJHLFFBH98CB,青溪段,43.90,都市：住,100000,1565,持分移轉,03720000
RPOQMLRLJHLFFBH38CB,青溪段,60.25,都市：住,100000,2148,持分移轉,03720000
RPWPMLRLJHLFFBH09CB,青溪段,43.90,都市：住,100000,1565,持分移轉,03720000
RPRQMLRLJHLFFBH68CB,青溪段,39.83,都市：住,100000,1420,持分移轉,03720000
RPXPMLRLJHLFFBH56CB,青溪段,43.90,都市：住,100000,1565,持分移轉,03720000
RPUPMLRLJHLFFBH88CB,青溪段,43.90,都市：住,100000,1565,持分移轉,03720000
RPRPMLRLJHLFFBH58CB,青溪段,43.90,都市：住,100000,1565,持分移轉,03720000
RPPQMLRLJHLFFBH48CB,青溪段,39.83,都市：住,100000,1420,持分移轉,03720000
RPQQMLRLJHLFFBH58CB,青溪段,39.83,都市：住,100000,1420,持分移轉,03720000
RPTPMLRLJHLFFBH78CB,青溪段,43.90,都市：住,100000,1565,持分移轉,03720000
RPVQMLRLJHLFFBH09CB,青溪段,39.83,都市：住,100000,1420,持分移轉,03720000
RPTQMLRLJHLFFBH88CB,青溪段,39.83,都市：住,100000,1420,持分移轉,03720000
RPWQMLRLJHLFFBH56CB,青溪段,39.83,都市：住,100000,1420,持分移轉,03720000
RPORMLRLJHLFFBH48CB,青溪段,39.83,都市：住,100000,1420,持分移轉,03720000
RPQPMLSLJHLFFAH48CB,新埔段,47.94,都市：住,100000,1110,持分移轉,10300000
RPSQMLRLJHLFFBH78CB,青溪段,39.83,都市：住,100000,1420,持分移轉,03720000
RPRRMLRLJHLFFBH78CB,青溪段,40.11,都市：住,100000,1430,持分移轉,03720000
RPPPMLSLJHLFFAH38CB,新埔段,51.01,都市：住,100000,1181,持分移轉,10300000
RPXQMLRLJHLFFBH66CB,青溪段,39.83,都市：住,100000,1420,持分移轉,03720000
RPQRMLRLJHLFFBH68CB,青溪段,39.83,都市：住,100000,1420,持分移轉,03720000
