﻿編號,屋齡,建物移轉面積平方公尺,主要用途,主要建材,建築完成日期,總層數,建物分層
The serial number,room age,building shifting area square meter,the main use,main building materials,construction completes the date,total layer,building lamination
RPROMLMJJIKFFAH77CC,21,93.73,住家用,鋼筋混凝土造,84年3月30日,六層,
RPROMLMJJIKFFAH77CC,21,7.94,共有部份,鋼筋混凝土造,84年3月30日,六層,
RPROMLMJJIKFFAH77CC,21,38.82,共有部份,鋼筋混凝土造,84年3月30日,六層,
RPTOMLMJJIKFFAH97CC,39,78.22,住家用,鋼筋混凝土造,66年1月11日,四層,
RPVQMLMJJIKFFAH38CC,34,108.48,停車場．住宅,鋼筋混凝土造,71年2月26日,五層,
RPVQMLMJJIKFFAH38CC,34,16.48,共有部份,鋼筋混凝土造,71年2月26日,六層,
RPXNMLMJJIKFFEH68CC,7,1489.98,廠房（附屬機械室、宿舍、水箱）,鋼筋混凝土造,97年8月26日,三層,
RPPOMLMJJIKFFFH08CC,22,103.61,住家用,鋼筋混凝土造,82年12月30日,六層,
RPPOMLMJJIKFFFH08CC,22,12.39,共有部份,鋼筋混凝土造,82年12月30日,六層,
RPRPMLNJJIKFFBH08CC,34,58.35,住家用,加強磚造,70年8月7日,二層,
RPPQMLNJJIKFFAH87CC,48,1223.10,工業用,加強磚造及鋼架造,56年9月10日,二層,
RPTRMLOJJIKFFFH98CC,41,127.46,住家用,加強磚造,63年5月1日,二層,
RPSRMLOJJIKFFFH88CC,22,81.33,住家用,鋼筋混凝土造,83年1月31日,五層,
RPSRMLOJJIKFFFH88CC,22,17.94,共有部份,鋼筋混凝土造,83年1月31日,五層,
RPOOMLNJJIKFFGH28DC,1,75.44,住家用,鋼筋混凝土造,104年4月16日,十四層,
RPUNMLOJJIKFFEH58CC,22,179.21,住家用,鋼筋混凝土造,82年12月24日,四層,
RPPOMLMJJIKFFEH18EC,1,355.25,辦公室,鋼筋混凝土造,103年5月29日,七層,
RPPOMLMJJIKFFEH18EC,1,341.37,金融業分支機構,鋼筋混凝土造,103年5月29日,七層,
RPPOMLMJJIKFFEH18EC,1,9.26,共有部份,鋼筋混凝土造,103年5月29日,七層,
RPPOMLMJJIKFFEH18EC,1,77.72,共有部份,鋼筋混凝土造,103年5月29日,七層,
RPPOMLMJJIKFFEH18EC,1,6.36,共有部份,鋼筋混凝土造,103年5月29日,七層,
RPPOMLMJJIKFFEH18EC,1,24.50,共有部份,鋼筋混凝土造,103年5月29日,七層,
RPUNMLMJJIKFFBH28EC,21,76.77,住家用,鋼筋混凝土造,83年11月5日,三層,
RPRNMLOJJIKFFFH48DC,1,87.98,住家用,鋼筋混凝土造,103年12月10日,十三層,
RPRNMLOJJIKFFFH48DC,1,17.46,共有部分之項目有：樓梯間、機械室、水箱等計三項。,鋼筋混凝土造,103年12月10日,十三層,
RPRNMLOJJIKFFFH48DC,1,50.32,共有部分之項目有：防空避難室兼停車空間、停車空間、公共服務空間等三項。,鋼筋混凝土造,103年12月10日,十三層,
RPTOMLOJJIKFFAH28DC,2,154.20,住家用,鋼筋混凝土造,102年10月23日,十九層,
RPSQMLPJJIKFFBH68EC,40,798.00,住家用,鋼筋混凝土造,65年2月6日,二層,
RPSQMLPJJIKFFBH68EC,28,321.00,教室、辦公室、走道、防空避難室,鋼筋混凝土造,76年6月18日,一層,
RPTNMLTJJIKFFEH98CC,22,212.38,集合住宅、停車空間,鋼筋混凝土造,83年1月12日,三層,
RPPNMLTJJIKFFFH88EC,42,80.86,住家用,加強磚造,63年1月5日,二層,
RPUNMLOJJIKFFAH18CC,20,59.72,住家用,鋼筋混凝土造,84年9月2日,八層,
RPXOMLTJJIKFFAH56DC,21,121.23,住家用,鋼筋混凝土造,83年6月16日,八層,
RPWOMLOJJIKFFAH48CC,20,169.91,住商用,鋼筋混凝土造,84年12月12日,十七層,
RPOOMLPJJIKFFAH77CC,17,440.16,廠房,鋼筋混凝土造,87年8月28日,十五層,
RPOPMLTJJIKFFAH38DC,2,115.25,住家用,鋼筋混凝土造,102年9月12日,四層,
RPQNMLKKJIKFFAH57DC,18,185.33,店舖．集合住宅．起居室,鋼筋混凝土造,86年5月19日,二十層,
RPPPMLTJJIKFFAH48DC,9,101.43,住家用,鋼筋混凝土造,95年12月15日,十三層,
RPRNMLKKJIKFFGH18CC,31,76.50,住家用,鋼筋混凝土造,73年9月6日,五層,
RPQOMLKKJIKFFAH57CC,15,289.88,車庫、住宅,鋼筋混凝土造,89年11月10日,三層,
RPTOMLKKJIKFFAH87CC,21,106.62,住家用,鋼筋混凝土造,83年8月1日,十三層,
RPROMLLKJIKFFAH97EC,1,187.41,辦公室,鋼筋混凝土造,103年4月20日,十五層,
RPROMLLKJIKFFAH97EC,1,156.60,本共有部分之項目有防空避難室兼停車空間、消防幫浦室、污水機房、發電機房、蓄水池、梯間、停車空間、台電配電場所、電信室、台電專用管道間、電錶箱室、垃圾儲存室、車道、通廊、門廳、管理委員室、開放空間及機房、水箱等１９項。,鋼筋混凝土造,103年4月20日,十五層,
RPQOMLMKJIKFFCH18EC,2,283.03,住宅、住宅（附屬停車空間）,鋼筋混凝土造,102年10月1日,四層,
RPXNMLMKJIKFFAH38CC,43,132.65,住家用,加強磚造,61年10月28日,二層,
RPVNMLMKJIKFFAH18CC,35,73.78,住家用,鋼筋混凝土造,69年6月24日,五層,
RPPNMLLKJIKFFGH28EC,21,95.28,住家用,鋼筋混凝土造,83年5月6日,六層,
RPPNMLLKJIKFFGH28EC,21,18.54,共有部份,鋼筋混凝土造,83年5月6日,六層,
RPPNMLLKJIKFFGH28EC,21,7.46,共有部份,鋼筋混凝土造,83年5月6日,六層,
RPROMLNKJIKFFBH18DC,1,69.04,集合住宅,鋼筋混凝土造,103年10月31日,十三層,
RPROMLNKJIKFFBH18DC,1,11.25,本共有部分之項目為：梯間、梯廳等共二項。,鋼筋混凝土造,103年10月31日,十三層,
RPROMLNKJIKFFBH18DC,1,17.85,本共有部分之項目為：停車空間、防空避難室、公共服務空間、管理委員會空間、梯間、機房、水箱、蓄水池、消防蓄水池、車道、消防泵浦室、垃圾冷藏室、台電配電場所、污水泵浦室、發電機室、電信室等共十六項。,鋼筋混凝土造,103年10月31日,十三層,
RPVPMLKKJIKFFBH38DC,8,83.61,住家用,鋼筋混凝土造,97年4月6日,二十二層,
RPTRMLPJJIKFFBH78DC,4,101.94,店舖,鋼筋混凝土造,101年3月22日,二十四層,
RPTRMLPJJIKFFBH78DC,4,5.52,本共有部份之項目有：消防泵浦室、機械室、廢水泵浦室、污水機房、大公蓄水池、台電配電場所、受電箱室、公共管道間、監控中心、游泳池機房、垃圾室、發電機室、電信室、接待大廳、公共服務空間、更衣室、廁所、儲藏室、門廊等１９項。,鋼筋混凝土造,101年3月22日,二十四層,
RPTRMLPJJIKFFBH78DC,4,5.21,本共有部份之項目有：梯廳、蓄水池、電錶室配電室、中繼機房、集合住宅（附屬樓梯間、附屬機械室、附屬水箱）等８項。,鋼筋混凝土造,101年3月22日,二十四層,
RPTRMLPJJIKFFBH78DC,4,4.41,本共有部份之項目有：排風機房、進風機房、機車停車空間、車公配電室、警衛室、防空避難室兼停車空間等６項。,鋼筋混凝土造,101年3月22日,二十四層,
RPPQMLPJJIKFFBH28DC,14,114.57,商場,鋼筋混凝土造,90年10月26日,二十一層,
RPPQMLPJJIKFFBH28DC,14,4.14,共有部份,鋼筋混凝土造,90年10月26日,二十一層,
RPPQMLPJJIKFFBH28DC,14,27.65,共有部份,鋼筋混凝土造,90年10月26日,二十一層,
RPPQMLPJJIKFFBH28DC,14,.10,共有部份,鋼筋混凝土造,90年10月26日,二十一層,
RPPQMLPJJIKFFBH28DC,14,.89,共有部份,鋼筋混凝土造,90年10月26日,二十一層,
RPOOMLQKJIKFFAH97CC,20,149.29,住家用,鋼筋混凝土造,84年12月4日,三層,
RPOOMLQKJIKFFAH97CC,20,36.13,共有部份,鋼筋混凝土造,84年12月4日,三層,
RPVPMLQKJIKFFGH76CC,21,50.81,住家用,鋼筋混凝土造,83年5月6日,六層,
RPVPMLQKJIKFFGH76CC,21,9.85,共有部份,鋼筋混凝土造,83年5月6日,六層,
RPVPMLQKJIKFFGH76CC,21,3.95,共有部份,鋼筋混凝土造,83年5月6日,六層,
RPRQMLQKJIKFFAH58DC,3,124.27,住家用,鋼筋混凝土造,102年1月2日,十二層,
RPQPMLQKJIKFFAH38DC,43,1089.73,工業用,加強磚造,62年1月20日,二層,
RPPOMLQKJIKFFEH58DC,23,82.78,住家用,鋼筋混凝土造,81年12月31日,七層,
RPXNMLRKJIKFFAH98DC,5,234.10,辦公室,鋼筋混凝土造,99年4月22日,二十五層,
RPXNMLRKJIKFFAH98DC,5,175.67,本共有部分之項目有：防空避難室兼停車空間、通廊、管委會使用空間、樓梯間、中繼機房。,鋼筋混凝土造,99年4月22日,二十五層,
RPVNMLRKJIKFFGH66CC,17,185.07,停車空間、住宅,鋼筋混凝土造,87年12月30日,五層,
RPWNMLRKJIKFFGH76CC,17,185.07,停車空間、住宅,鋼筋混凝土造,87年12月30日,五層,
RPOOMLRKJIKFFGH68CC,22,94.48,住家用,鋼筋混凝土造,82年9月7日,六層,
RPOOMLRKJIKFFGH68CC,22,16.81,共有部份,鋼筋混凝土造,82年9月7日,七層,
RPXNMLRKJIKFFGH86CC,17,185.07,停車空間、住宅,鋼筋混凝土造,87年12月30日,五層,
RPPOMLRKJIKFFGH78CC,17,185.07,停車空間、住宅,鋼筋混凝土造,87年12月30日,五層,
RPQOMLRKJIKFFGH88CC,22,96.51,住家用,鋼筋混凝土造,83年5月6日,六層,
RPQOMLRKJIKFFGH88CC,22,18.70,共有部份,鋼筋混凝土造,83年5月6日,六層,
RPQOMLRKJIKFFGH88CC,22,47.64,共有部份,鋼筋混凝土造,83年5月6日,六層,
RPQNMLRKJIKFFAH18CC,26,86.49,住家用,鋼筋混凝土造,79年3月12日,五層,
RPRPMLRKJIKFFAH48CC,35,78.00,住家用,鋼筋混凝土造,70年4月17日,四層,
RPVOMLSKJIKFFAH88CC,10,102.52,住家用,鋼筋混凝土造,94年11月8日,十三層,
RPVOMLSKJIKFFAH88CC,10,69.45,共有部份,鋼筋混凝土造,94年11月8日,十三層,
RPPOMLSKJIKFFAH28CC,44,77.36,住家用,加強磚造,60年5月15日,二層,
RPSNMLSKJIKFFEH98DC,8,82.59,住家用,鋼筋混凝土造,97年4月1日,十層,
RPSNMLSKJIKFFEH98DC,8,10.86,共有部份,鋼筋混凝土造,97年4月1日,十層,
RPSNMLSKJIKFFEH98DC,8,21.18,共有部份,鋼筋混凝土造,97年4月1日,十層,
RPSNMLSKJIKFFEH98DC,8,.02,集合住宅附屬管理員室,鋼筋混凝土造,97年4月1日,十層,
RPSNMLSKJIKFFEH98DC,8,27.13,共有部份,鋼筋混凝土造,97年4月1日,十層,
RPROMLSKJIKFFCH68CC,44,124.00,住商用,加強磚造,61年1月30日,二層,
RPXNMLSKJIKFFGH17EC,37,124.41,住家用,鋼筋混凝土造,67年9月8日,三層,
RPWNMLSKJIKFFFH96EC,16,135.69,國民住宅,鋼筋混凝土造,88年11月25日,十三層,
RPWNMLSKJIKFFFH96EC,16,18.95,共有部份,鋼筋混凝土造,88年11月25日,十三層,
RPWNMLSKJIKFFFH96EC,16,23.45,共有部份,鋼筋混凝土造,88年11月25日,十三層,
RPQNMLKLJIKFFFH08CC,23,98.59,住家用,鋼筋混凝土造,82年4月27日,十二層,
RPQNMLKLJIKFFFH08CC,23,11.75,共有部份,鋼筋混凝土造,82年4月27日,十二層,
RPQNMLKLJIKFFFH08CC,23,9.41,共有部份,鋼筋混凝土造,82年4月27日,十二層,
RPSOMLKLJIKFFAH87CC,4,98.50,店舖（附屬機電空間）,鋼筋混凝土造,100年11月10日,十二層,
RPRPMLQJJIKFFBH38CC,6,109.48,住家用,鋼筋混凝土造,98年6月29日,二十一層,
RPRPMLQJJIKFFBH38CC,6,4.76,共有部份,鋼筋混凝土造,98年6月29日,二十二層,
RPRPMLQJJIKFFBH38CC,6,5.49,共有部份,鋼筋混凝土造,98年6月29日,二十一層,
RPRPMLQJJIKFFBH38CC,6,11.87,共有部份,鋼筋混凝土造,98年6月29日,二十一層,
RPRPMLQJJIKFFBH38CC,6,34.62,共有部份,鋼筋混凝土造,98年6月29日,二十二層,
RPTNMLKLJIKFFFH48DC,1,63.57,住家用,鋼筋混凝土造,103年8月19日,十五層,
RPTNMLKLJIKFFFH48DC,1,18.17,共有部分之項目有：機房、水箱、梯間等計三項,鋼筋混凝土造,103年8月19日,十五層,
RPTNMLKLJIKFFFH48DC,1,32.91,共有部分之項目計有：防空避難室兼停車空間、發電機室、消防泵浦室、汙水及雨水回收機房、蓄水池、梯間、停車空間、台電配電場所、電信室、垃圾處理室、公共服務空間、開放空間等計十二項。,鋼筋混凝土造,103年8月19日,十五層,
RPSNMLOJJIKFFFH58DC,1,108.14,住家用,鋼筋混凝土造,103年8月19日,十五層,
RPSNMLOJJIKFFFH58DC,1,21.69,共有部分之項目有：機房、水箱、梯間等計三項,鋼筋混凝土造,103年8月19日,十五層,
RPSNMLOJJIKFFFH58DC,1,44.16,共有部分之項目計有：防空避難室兼停車空間、發電機室、消防泵浦室、汙水及雨水回收機房、蓄水池、梯間、停車空間、台電配電場所、電信室、垃圾處理室、公共服務空間、開放空間等計十二項。,鋼筋混凝土造,103年8月19日,十五層,
RPSNMLOKJIKFFBH18CC,9,236.93,住宅、停車空間、樓梯間,鋼筋混凝土造,95年11月15日,五層,
RPSNMLOKJIKFFBH18CC,9,.97,共有部份,鋼筋混凝土造,95年11月15日,一層,
RPOOMLTJJIKFFBH28CC,15,528.93,餐廳,鋼筋混凝土造,90年1月10日,十二層,
RPXNMLKLJIKFFFH88DC,35,68.00,住家用,鋼筋混凝土造,69年5月27日,四層,
RPOOMLNLJIKFFFH38DC,3,113.95,住家用,鋼筋混凝土造,101年7月13日,十三層,
RPOOMLNLJIKFFFH38DC,3,27.69,本共有部分之項目有：（附屬公共服務空間、廣場式頂蓋型開放空間、梯間、機房、水箱）等五項,鋼筋混凝土造,101年7月13日,十三層,
RPOOMLNLJIKFFFH38DC,3,53.67,本共有部分之項目有：停車空間、防空避難室兼停車空間等二項。,鋼筋混凝土造,101年7月13日,十三層,
RPVPMLNLJIKFFAH78EC,1,753.07,住家用,鋼骨造,103年8月31日,一層,
RPUOMLNLJIKFFAH48DC,11,76.20,停車空間、住宅,鋼筋混凝土造,94年5月10日,五層,
RPROMLOLJIKFFGH88DC,9,118.02,住家用,鋼筋混凝土造,95年12月13日,十五層,
RPROMLOLJIKFFGH88DC,9,.07,管理員室,鋼筋混凝土造,95年12月13日,十五層,
RPTOMLLLJIKFFAH08CC,19,73.78,住家用,鋼筋混凝土造,85年5月13日,七層,
RPTOMLLLJIKFFAH08CC,19,4.57,共有部份,鋼筋混凝土造,85年5月13日,七層,
RPTOMLLLJIKFFAH08CC,19,22.76,共有部份,鋼筋混凝土造,85年5月13日,七層,
RPTOMLLLJIKFFAH08CC,19,21.80,警衛室,鋼筋混凝土造,85年5月13日,七層,
RPVOMLLLJIKFFAH28CC,12,47.38,住家用,鋼筋混凝土造,92年7月28日,十四層,
RPVOMLLLJIKFFAH28CC,12,6.71,共有部份,鋼筋混凝土造,92年7月28日,十四層,
RPVOMLLLJIKFFAH28CC,12,12.33,共有部份,鋼筋混凝土造,92年7月28日,十四層,
RPOPMLPLJIKFFAH08CC,11,125.52,住宅、停車空間,鋼筋混凝土造,94年2月2日,五層,
RPOPMLNLJIKFFAH87CC,13,92.60,住家用,鋼筋混凝土造,92年4月28日,九層,
RPPOMLQLJIKFFAH18CC,44,65.09,住家用,加強磚造,60年7月10日,三層,
RPQNMLQLJIKFFCH48DC,17,161.63,停車空間、住宅,鋼筋混凝土造,87年11月13日,四層,
RPQNMLNLJIKFFCH18DC,2,172.13,店舖,鋼筋混凝土造,103年1月13日,三層,
RPQNMLNLJIKFFCH18DC,2,188.11,店舖,鋼筋混凝土造,103年1月13日,三層,
RPUNMLPLJIKFFCH78DC,22,118.90,住家用,鋼筋混凝土造,83年3月11日,七層,
RPUNMLPLJIKFFCH78DC,22,7.59,梯間、配電室、發電機室、倉庫、水箱、守衛室,鋼筋混凝土造,83年3月11日,九層,
RPUNMLPLJIKFFCH78DC,22,25.74,防空避難室、停車場,鋼筋混凝土造,83年3月11日,九層,
RPSNMLQLJIKFFCH68DC,18,50.04,住商用,鋼筋混凝土造,86年6月26日,四層,
RPQNMLQLJIKFFFH68CC,21,103.59,住商用,鋼筋混凝土造,83年8月11日,六層,
RPQNMLQLJIKFFFH68CC,21,23.68,共有部份,鋼筋混凝土造,83年8月11日,六層,
RPRNMLQLJIKFFEH68CC,5,181.04,農舍,鋼骨造,100年4月20日,一層,
RPVNMLRLJIKFFAH78CC,23,191.89,辦公室,鋼筋混凝土造,82年1月12日,十一層,
RPVNMLRLJIKFFAH78CC,23,81.35,共有部份,鋼筋混凝土造,82年1月12日,十一層,
RPPNMLRLJIKFFEH68DC,19,47.06,住家用,鋼筋混凝土造,86年1月22日,二十七層,
RPQNMLRLJIKFFEH78DC,23,158.64,工業用,鋼筋混凝土造,82年5月14日,八層,
RPRNMLRLJIKFFEH88DC,19,47.05,住家用,鋼筋混凝土造,86年1月22日,二十七層,
RPUNMLRLJIKFFEH56DC,13,57.67,住家用,鋼筋混凝土造,91年5月23日,十七層,
RPUOMLKMJIKFFFH88EC,2,62.52,住家用,鋼筋混凝土造,102年11月3日,十五層,
RPUOMLKMJIKFFFH88EC,2,61.78,共有部分之項目計有：防空避難室、停車空間、公眾停車空間、公共服務空間、頂蓋型廣場式開放空間、樓梯間、機房、水箱等項,鋼筋混凝土造,102年11月3日,十五層,
RPWOMLKMJIKFFFH88CC,1,62.71,住家用,鋼筋混凝土造,103年6月23日,十五層,
RPWOMLKMJIKFFFH88CC,1,43.61,共有部分之項目有：防空避難室兼停車空間、消防泵浦室、汙水及雨水回收機房、蓄水池、梯間、停車空間、電信室、台電配電場所、發電機室、垃圾暫存區、開放空間、管委會使用空間、管理空間等計十三項。,鋼筋混凝土造,103年6月23日,十五層,
RPWOMLKMJIKFFFH88CC,1,12.89,共有部分之項目有：梯間、機房、水箱等計三項,鋼筋混凝土造,103年6月23日,十五層,
RPWPMLOLJIKFFBH88CC,31,87.46,住家用,鋼筋混凝土造,74年3月21日,五層,
RPRPMLKMJIKFFBH08CC,6,82.56,住家用,鋼筋混凝土造,98年6月29日,二十一層,
RPQQMLQLJIKFFBH58CC,25,120.70,住家用,鋼筋混凝土造,80年2月6日,十二層,
RPQQMLQLJIKFFBH58CC,25,13.53,共有部份,鋼筋混凝土造,80年2月6日,十二層,
RPRPMLQLJIKFFBH58CC,11,245.71,住宅、停車空間,鋼筋混凝土造,93年6月25日,四層,
RPXNMLQLJIKFFBH98CC,18,95.75,住家用,鋼筋混凝土造,86年10月30日,七層,
RPXNMLQLJIKFFBH98CC,18,23.37,共有部份,鋼筋混凝土造,86年10月30日,七層,
RPXNMLQLJIKFFBH98CC,18,10.81,共有部份,鋼筋混凝土造,86年10月30日,七層,
RPXPMLRKJIKFFBH66DC,4,83.24,店舖,鋼筋混凝土造,101年3月22日,二十四層,
RPQPMLOLJIKFFBH28CC,10,86.06,住家用,鋼筋混凝土造,94年5月19日,十一層,
RPQPMLOLJIKFFBH28CC,10,15.63,共有部份,鋼筋混凝土造,94年5月19日,十一層,
RPQPMLOLJIKFFBH28CC,10,16.73,共有部份,鋼筋混凝土造,94年5月19日,十二層,
RPTOMLQLJIKFFBH68CC,21,29.00,住家用,鋼筋混凝土造,83年9月14日,四層,
RPTNMLOKJIKFFBH28CC,15,71.12,住家用,鋼筋混凝土造,90年1月15日,十層,
RPTNMLOKJIKFFBH28CC,15,11.39,共有部份,鋼筋混凝土造,90年1月15日,十層,
RPTNMLOKJIKFFBH28CC,15,18.67,共有部份,鋼筋混凝土造,90年1月15日,十層,
RPTOMLTKJIKFFBH88CC,26,9098.92,廠房、辦公室、防空避難室,鋼筋混凝土造,78年10月9日,二層,
RPVNMLLJKIKFFCH28CC,18,68.59,住家用,鋼筋混凝土造,86年6月26日,十五層,
RPVNMLLJKIKFFCH28CC,18,4.45,共有部份,鋼筋混凝土造,86年6月26日,十五層,
RPVNMLLJKIKFFCH28CC,18,1.20,共有部份,鋼筋混凝土造,86年6月26日,十八層,
RPVNMLLJKIKFFCH28CC,18,1.21,共同使用（防空避難室，停車場）,鋼筋混凝土造,86年6月26日,十八層,
RPVNMLLJKIKFFCH28CC,18,.04,共有部份,鋼筋混凝土造,86年6月26日,一層,
RPVNMLLJKIKFFCH28CC,19,.01,共有部份,鋼筋混凝土造,86年1月30日,十八層,
RPVNMLLJKIKFFCH28CC,19,.00,共有部份,鋼筋混凝土造,86年1月30日,一層,
RPVNMLLJKIKFFCH28CC,19,.05,社區遊憩設施,鋼筋混凝土造,86年1月30日,十四層,
RPVNMLLJKIKFFCH28CC,18,3.05,社區遊憩設施,鋼筋混凝土造,86年6月26日,十五層,
RPOPMLMJKIKFFGH48EC,21,94.49,住家用,鋼筋混凝土造,84年3月30日,五層,
RPPPMLMJKIKFFGH58EC,33,61.22,商業用,鋼筋混凝土造,71年8月1日,五層,
RPRPMLMJKIKFFGH58CC,20,52.89,人行道、住宅,鋼筋混凝土造,84年12月29日,二層,
RPOOMLLJKIKFFGH08CC,35,84.60,住家用,加強磚造,70年2月14日,二層,
RPWNMLLJKIKFFGH78CC,21,58.25,住家用,鋼筋混凝土造,83年6月20日,七層,
RPWNMLLJKIKFFGH78CC,21,19.98,共有部份,鋼筋混凝土造,83年6月20日,七層,
RPTPMLMJKIKFFBH28CC,41,138.80,住家用,加強磚造,63年7月29日,二層,
RPQNMLNJKIKFFFH38DC,2,67.12,住家用,鋼筋混凝土造,102年8月23日,十三層,
RPQNMLNJKIKFFFH38DC,2,69.22,共有部分之項目有：防空避難室兼停車空間、停車空間、管理員室、公共服務空間、頂蓋型開放空間、梯間、機械室、水箱等計八項,鋼筋混凝土造,102年8月23日,十三層,
RPPQMLMJKIKFFAH87CC,18,147.85,商業用,鋼筋混凝土造,86年10月20日,十四層,
RPPQMLMJKIKFFAH87CC,18,3.27,共有部份,鋼筋混凝土造,86年10月20日,十四層,
RPPQMLMJKIKFFAH87CC,18,11.59,共有部份,鋼筋混凝土造,86年10月20日,十四層,
RPPQMLMJKIKFFAH87CC,18,1.08,共有部份,鋼筋混凝土造,86年12月20日,十四層,
RPXOMLNJKIKFFFH56DC,1,63.91,住家用,鋼筋混凝土造,103年8月19日,十五層,
RPXOMLNJKIKFFFH56DC,1,18.48,共有部分之項目有：機房、水箱、梯間等計三項,鋼筋混凝土造,103年8月19日,十五層,
RPXOMLNJKIKFFFH56DC,1,35.19,共有部分之項目計有：防空避難室兼停車空間、發電機室、消防泵浦室、汙水及雨水回收機房、蓄水池、梯間、停車空間、台電配電場所、電信室、垃圾處理室、公共服務空間、開放空間等計十二項。,鋼筋混凝土造,103年8月19日,十五層,
RPTNMLOJKIKFFFH88EC,1,103.68,住家用,鋼筋混凝土造,103年10月6日,十八層,
RPTNMLOJKIKFFFH88EC,1,21.18,共有部分之項目：管理委員會使用空間、電梯間、機械室、水箱、昇降機房、樓梯間等６項,鋼筋混凝土造,103年10月6日,十八層,
RPTNMLOJKIKFFFH88EC,1,26.62,共有部分之項目：梯廳等１項,鋼筋混凝土造,103年10月6日,十八層,
RPTNMLOJKIKFFFH88EC,1,5.13,共有部分之項目：車道等１項,鋼筋混凝土造,103年10月6日,十八層,
RPTNMLOJKIKFFFH88EC,1,33.07,共有部分之項目：梯間、防空避難室兼停車空間、停車空間等３項,鋼筋混凝土造,103年10月6日,十八層,
RPWOMLNJKIKFFFH09DC,1,68.52,住家用,鋼筋混凝土造,103年10月6日,十八層,
RPWOMLNJKIKFFFH09DC,1,13.97,共有部分之項目：管理委員會使用空間、電梯間、機械室、水箱、昇降機房、樓梯間等６項,鋼筋混凝土造,103年10月6日,十八層,
RPWOMLNJKIKFFFH09DC,1,18.96,共有部分之項目：梯廳等１項,鋼筋混凝土造,103年10月6日,十八層,
RPWOMLNJKIKFFFH09DC,1,4.90,共有部分之項目：車道等１項,鋼筋混凝土造,103年10月6日,十八層,
RPWOMLNJKIKFFFH09DC,1,33.07,共有部分之項目：梯間、防空避難室兼停車空間、停車空間等３項,鋼筋混凝土造,103年10月6日,十八層,
RPQQMLMJKIKFFAH97CC,25,182.13,人行道．店舖,鋼筋混凝土造,80年1月24日,七層,
RPQQMLMJKIKFFAH97CC,25,42.17,共有部份,鋼筋混凝土造,80年1月24日,七層,
RPQQMLMJKIKFFAH97CC,25,17.10,共有部份,鋼筋混凝土造,80年1月24日,七層,
RPXPMLNJKIKFFAH68CC,20,132.00,住家用,鋼筋混凝土造,85年2月2日,六層,
RPTNMLOJKIKFFAH18CC,23,175.08,辦公室,鋼筋混凝土造,81年7月31日,十二層,
RPTNMLOJKIKFFBH38DC,6,96.67,住家用,鋼筋混凝土造,98年6月29日,二十二層,
RPPQMLRJKIKFFAH38CC,36,54.33,住家用,鋼筋混凝土造,68年12月26日,四層,
RPXNMLKKKIKFFEH78DC,8,88.19,住家用,鋼筋混凝土造,97年4月1日,十層,
RPXNMLKKKIKFFEH78DC,8,11.57,共有部份,鋼筋混凝土造,97年4月1日,十層,
RPXNMLKKKIKFFEH78DC,8,22.54,共有部份,鋼筋混凝土造,97年4月1日,十層,
RPURMLKKKIKFFBH58DC,35,66.48,住家用,鋼筋混凝土造,70年1月8日,四層,
RPSOMLRJKIKFFBH58CC,38,127.08,住家用,加強磚造,66年10月1日,二層,
RPWPMLMJKIKFFBH58CC,18,42.09,住家用,鋼筋混凝土造,87年4月1日,十層,
RPWPMLMJKIKFFBH58CC,18,26.05,共有部份,鋼筋混凝土造,87年4月1日,十層,
RPWPMLMJKIKFFBH58CC,18,6.08,共有部份,鋼筋混凝土造,87年4月1日,十層,
RPXOMLSJKIKFFBH56CC,12,169.15,商業用,鋼筋混凝土造,93年5月15日,十四層,
RPUOMLRJKIKFFBH78CC,28,90.11,住家用,鋼筋混凝土造,76年12月11日,五層,
RPOQMLMJKIKFFBH87CC,34,76.64,住家用,鋼筋混凝土造,70年12月23日,五層,
RPPPMLOJKIKFFBH08CC,3,67.62,集合住宅,鋼筋混凝土造,101年11月28日,十一層,
RPPPMLOJKIKFFBH08CC,3,18.36,本共有部分之項目有：蓄水池、梯廳、樓梯間、機械室、水箱等共五項。,鋼筋混凝土造,101年11月28日,十二層,
RPPPMLOJKIKFFBH08CC,3,42.93,本共有部分之項目有：防空避難室兼停車空間、消防泵浦機房、汙水機房、停車空間、台電配電場所、管理員室、緊急發電機房、電信機房、（頂蓋型）廣場式開放空間、門廊、垃圾集中室等共十一項。,鋼筋混凝土造,101年11月28日,十二層,
RPRNMLRJKIKFFFH98EC,3,128.48,店舖、住宅,鋼筋混凝土造,101年11月6日,五層,
RPTQMLMJKIKFFBH38CC,41,104.28,住家用,加強磚造,63年11月19日,二層,
RPOOMLLKKIKFFCH77CC,16,26.44,見其他登記事項,鋼筋混凝土造,88年5月13日,十層,
RPUNMLLKKIKFFCH28CC,16,26.44,見其他登記事項,鋼筋混凝土造,88年5月13日,十層,
RPWNMLLKKIKFFCH48CC,16,26.44,見其他登記事項,鋼筋混凝土造,88年5月13日,十層,
RPQOMLLKKIKFFCH97CC,16,26.44,見其他登記事項,鋼筋混凝土造,88年5月13日,十層,
RPROMLLKKIKFFCH08CC,16,26.44,見其他登記事項,鋼筋混凝土造,88年5月13日,十層,
RPXOMLLKKIKFFAH58DC,45,114.24,住家用,加強磚造,59年10月1日,二層,
RPOPMLLKKIKFFAH77DC,12,41.07,住家用,鋼筋混凝土造,92年7月24日,八層,
RPTOMLLKKIKFFAH08CC,8,398.18,店舖（附屬停車空間）、住宅（附屬樓梯間）,鋼筋混凝土造,96年12月18日,四層,
RPPNMLMKKIKFFAH67CC,4,326.48,店舖、住宅（附屬停車空間、梯間、水箱）,鋼筋混凝土造,100年11月10日,五層,
RPSNMLOKKIKFFEH68DC,40,96.00,住家用,加強磚造,64年7月10日,二層,
RPWPMLOKKIKFFFH76DC,6,160.56,住商用,鋼筋混凝土造,98年10月16日,十五層,
RPWPMLOKKIKFFFH76DC,6,113.60,本共有部份之項目有：防空避難室、停車空間、設備空間、公共設施、守衛室及頂蓋型廣場式開放空間等６項。,鋼筋混凝土造,98年10月16日,十五層,
RPWPMLOKKIKFFFH76DC,6,28.06,本共有部分之項目有：梯間、機械室及水箱等３項,鋼筋混凝土造,98年10月16日,十五層,
RPTNMLOKKIKFFBH38CC,29,119.81,住家用,加強磚造,75年7月18日,二層,
RPUOMLPKKIKFFAH58CC,21,72.96,住家用,鋼筋混凝土造,84年1月20日,十六層,
RPXNMLPKKIKFFEH66DC,1,77.62,住家用,鋼筋混凝土造,104年4月20日,八層,
RPSOMLPKKIKFFEH88DC,1,65.99,住家用,鋼筋混凝土造,104年4月20日,八層,
RPUPMLPKKIKFFFH76EC,1,99.58,住家用,鋼筋混凝土造,103年10月6日,十八層,
RPUPMLPKKIKFFFH76EC,1,20.33,共有部分之項目：管理委員會使用空間、電梯間、機械室、水箱、昇降機房、樓梯間等６項,鋼筋混凝土造,103年10月6日,十八層,
RPUPMLPKKIKFFFH76EC,1,25.60,共有部分之項目：梯廳等１項,鋼筋混凝土造,103年10月6日,十八層,
RPUPMLPKKIKFFFH76EC,1,.62,共有部分之項目：車道等１項,鋼筋混凝土造,103年10月6日,十八層,
RPUPMLPKKIKFFFH76EC,1,.01,共有部分之項目：梯間、防空避難室兼停車空間、停車空間等３項,鋼筋混凝土造,103年10月6日,十八層,
RPXPMLPKKIKFFFH07EC,3,115.90,住家用,鋼筋混凝土造,102年5月3日,十九層,
RPXPMLPKKIKFFFH07EC,3,19.23,本共有項目計有：警衛室、管理委員會使用空間、涼亭、廊道、陽台、防空避難室、停車空間、台電配電場所、排風機房、垃圾處理室、發電機室、泳池機房、冷卻水塔機房、空調機房、電信機房、污水機房、設備機房、公共水箱,鋼筋混凝土造,102年5月3日,十九層,
RPXPMLPKKIKFFFH07EC,3,35.87,本共有項目計有：防空避難室、停車空間,鋼筋混凝土造,102年5月3日,十九層,
RPXPMLPKKIKFFFH07EC,3,35.98,本共有項目計有：樓梯間、機房、水箱、中繼機房、儲藏室、電表室、受電箱室、管道間、陽台。,鋼筋混凝土造,102年5月3日,十九層,
RPQRMLPKKIKFFGH09CC,22,84.73,住家用,鋼筋混凝土造,82年11月17日,七層,
RPVTMLKKKIKFFBH88DC,5,201.33,店舖、住宅,鋼筋混凝土造,99年4月30日,四層,
RPPPMLQKKIKFFBH48DC,1,152.83,店舖,鋼筋混凝土造,103年6月28日,十五層,
RPQRMLLKKIKFFBH28DC,8,61.67,店舖、集合住宅、集合住宅（附屬停車空間、樓梯間）,鋼筋混凝土造,97年2月1日,四層,
RPXQMLLKKIKFFBH88DC,32,139.83,店舖、住宅、人行道,鋼筋混凝土造,73年1月30日,三層,
RPXQMLLKKIKFFBH88DC,32,139.83,店舖、住宅、人行道,鋼筋混凝土造,73年1月30日,三層,
RPPRMLLKKIKFFBH18DC,38,121.00,住家用,加強磚造,66年11月25日,二層,
RPVQMLOKKIKFFFH76DC,2,147.92,住家用,鋼筋混凝土造,103年4月30日,二十三層,
RPVQMLOKKIKFFFH76DC,2,62.82,共有部分之項目有：開放空間、公共服務空間、垃圾處理空間、梯間、管委會空間、水箱、機電設備空間、機房、停車空間兼防空避難室、蓄水池、電信室、電錶室、台電配電場所、停車空間、發電機房、消防泵浦室、污水機房等計１７項。,鋼筋混凝土造,103年4月30日,二十三層,
RPOQMLOKKIKFFFH68DC,4,88.19,住家用,鋼筋混凝土造,100年11月18日,十三層,
RPOQMLOKKIKFFFH68DC,4,20.96,本共有部分之項目有：公共服務空間、廣場式頂蓋型開放空間、梯間、機房及水箱等五項。,鋼筋混凝土造,100年11月18日,十三層,
RPOQMLOKKIKFFFH68DC,4,44.39,本共有部分之項目有：停車空間、防空避難室兼停車空間等二項。,鋼筋混凝土造,100年11月18日,十三層,
RPXPMLOKKIKFFFH86DC,2,99.30,住家用,鋼筋混凝土造,102年8月21日,十二層,
RPXPMLOKKIKFFFH86DC,2,42.54,共有部分之項目有：防空避難室兼停車空間，停車空間，公共服務空間，管委會使用空間，水箱，機械室等６項。,鋼筋混凝土造,102年8月21日,十三層,
RPXPMLOKKIKFFFH86DC,2,.05,辦公室,鋼筋混凝土造,102年8月21日,十二層,
RPXPMLOKKIKFFFH86DC,2,17.68,共有部分之項目有：防空避難室兼停車空間，停車空間，公共服務空間，管委會使用空間，水箱，機械室等６項。,鋼筋混凝土造,102年8月21日,十三層,
RPXQMLQKKIKFFAH56CC,29,105.47,人行道、防空避難室,鋼筋混凝土造,75年10月7日,八層,
RPXQMLQKKIKFFAH56CC,29,29.83,見其他登記事項,鋼筋混凝土造,75年10月7日,八層,
RPPOMLQKKIKFFBH28CC,29,248.98,工業用,鋼筋混凝土造,75年11月26日,二層,
RPRPMLQKKIKFFAH48CC,18,77.19,住家用,鋼筋混凝土造,86年11月28日,二十五層,
RPRNMLQKKIKFFFH78CC,14,407.06,廠房、辦公室,鋼骨造,90年7月23日,三層,
RPQPMLQKKIKFFBH58DC,1,157.72,店舖,鋼筋混凝土造,103年6月28日,十五層,
RPRNMLSKKIKFFEH98DC,20,82.75,住家用,鋼筋混凝土造,85年5月28日,十六層,
RPTNMLSKKIKFFEH56DC,26,48.27,農舍,加強磚造,78年11月1日,一層,
RPQPMLRKKIKFFAH68EC,33,99.33,住家用,鋼筋混凝土造,71年11月2日,四層,
RPPNMLQKKIKFFAH28EC,15,149.82,人行道、店舖、住宅,鋼筋混凝土造,89年10月11日,九層,
RPPNMLQKKIKFFAH28EC,15,46.47,共有部份,鋼筋混凝土造,89年10月11日,九層,
RPPNMLQKKIKFFAH28EC,15,31.07,共有部份,鋼筋混凝土造,89年10月11日,九層,
RPXOMLRKKIKFFAH09CC,23,102.53,住家用,鋼筋混凝土造,81年7月7日,十四層,
RPXOMLRKKIKFFAH09CC,23,11.00,共有部份,鋼筋混凝土造,81年7月7日,十四層,
RPUNMLSKKIKFFAH78CC,3,61.81,商業用,鋼骨造,101年8月20日,二層,
RPUNMLSKKIKFFAH78CC,3,26.43,本共有部分之項目有（附屬停車空間、樓梯間）等２項。,鋼骨造,101年8月20日,二層,
RPUNMLSKKIKFFEH66DC,9,189.28,住家用,鋼筋混凝土造,95年11月24日,十五層,
RPQNMLSKKIKFFEH78CC,11,193.52,集合住宅、停車空間,鋼筋混凝土造,93年10月8日,五層,
RPUQMLSKKIKFFBH56CC,12,50.57,住家用,鋼筋混凝土造,93年3月25日,十層,
RPUQMLSKKIKFFBH56CC,12,8.40,共有部份,鋼筋混凝土造,93年3月25日,十層,
RPUQMLSKKIKFFBH56CC,12,9.71,共有部份,鋼筋混凝土造,93年3月25日,十層,
RPSNMLKLKIKFFAH87CC,2,89.38,辦公室,鋼筋混凝土造,103年4月20日,十五層,
RPSNMLKLKIKFFAH87CC,2,6473.68,本共有部分之項目有防空避難室兼停車空間、消防幫浦室、污水機房、發電機房、蓄水池、梯間、停車空間、台電配電場所、電信室、台電專用管道間、電錶箱室、垃圾儲存室、車道、通廊、門廳、管理委員室、開放空間及機房、水箱等１９項。,鋼筋混凝土造,103年4月20日,十五層,
RPVNMLSKKIKFFAH88CC,8,27.45,事務所及工商服務業,鋼筋混凝土造,97年6月9日,十層,
RPVNMLSKKIKFFAH88CC,8,4.27,共有部份,鋼筋混凝土造,97年6月9日,十層,
RPVNMLSKKIKFFAH88CC,8,10.08,共有部份,鋼筋混凝土造,97年6月9日,十層,
RPRPMLMLKIKFFFH68CC,8,90.45,住家用,鋼筋混凝土造,97年4月25日,十五層,
RPRPMLMLKIKFFFH68CC,8,44.90,共有部份,鋼筋混凝土造,97年4月25日,,
RPRPMLMLKIKFFFH68CC,8,24.57,共有部份,鋼筋混凝土造,97年4月25日,十五層,
RPPOMLLLKIKFFEH18CC,23,377.02,工業用,鋼筋混凝土造,82年5月24日,二層,
RPSPMLMLKIKFFFH78CC,8,90.45,住家用,鋼筋混凝土造,97年4月25日,十五層,
RPSPMLMLKIKFFFH78CC,8,40.74,共有部份,鋼筋混凝土造,97年4月25日,,
RPSPMLMLKIKFFFH78CC,8,24.57,共有部份,鋼筋混凝土造,97年4月25日,十五層,
RPSPMLRKKIKFFAH78DC,31,112.75,店舖及住宅．人行道．避難室,鋼筋混凝土造,73年7月16日,五層,
RPSOMLRKKIKFFAH68DC,13,63.94,住家用,鋼筋混凝土造,91年6月20日,十三層,
RPSOMLRKKIKFFAH68DC,13,13.64,共有部份,鋼筋混凝土造,91年6月20日,十三層,
RPSOMLRKKIKFFAH68DC,13,7.26,共有部份,鋼筋混凝土造,91年6月20日,十三層,
RPRNMLRKKIKFFAH48DC,23,199.69,住家用,鋼筋混凝土造,81年6月8日,五層,
RPRNMLRKKIKFFAH48DC,23,48.42,共有部份,鋼筋混凝土造,81年6月8日,四層,
RPRNMLMKKIKFFAH97DC,12,11.40,事務所及工商服務業,鋼筋混凝土造,92年8月20日,十層,
RPOSMLSKKIKFFAH78DC,3,483.94,住家用,鋼骨鋼筋混凝土造、鋼筋混凝土造,101年11月2日,三十八層,
RPOSMLSKKIKFFAH78DC,3,91.10,本共有部分之項目有附屬防空避難室兼停車場、停車空間、通廊、車道、頂蓋型開放空間、管委會使用空間、樓梯間、機械室、水箱及門廳等１０項。,鋼骨鋼筋混凝土造、鋼筋混凝土造,101年11月2日,三十八層,
RPOSMLSKKIKFFAH78DC,3,7.40,本共有部分之項目有附屬樓梯間、機械室及水箱等３項。,鋼骨鋼筋混凝土造、鋼筋混凝土造,101年11月2日,三十八層,
RPOSMLSKKIKFFAH78DC,3,81.35,本共有部分之項目有附屬樓梯間、機械室、水箱及中繼機房等４項。,鋼骨鋼筋混凝土造、鋼筋混凝土造,101年11月2日,三十八層,
RPTPMLMLKIKFFAH38CC,18,55.09,住家用,鋼筋混凝土造,86年9月18日,十二層,
RPTPMLMLKIKFFAH38CC,18,42.89,共有部份,鋼筋混凝土造,86年9月18日,十二層,
RPTPMLMLKIKFFAH38CC,18,7.94,共有部份,鋼筋混凝土造,86年9月18日,十二層,
RPSPMLMLKIKFFAH28CC,32,85.93,住家用,鋼筋混凝土造,72年6月30日,五層,
RPSPMLMLKIKFFAH28CC,32,1.25,共有部份,鋼筋混凝土造,72年6月30日,五層,
RPOPMLMLKIKFFAH87CC,35,42.89,住家用,鋼筋混凝土造,69年8月26日,六層,
RPOPMLMLKIKFFAH87CC,35,1.65,共有部份,鋼筋混凝土造,69年8月26日,六層,
RPOPMLMLKIKFFAH87CC,35,1.32,共有部份,鋼筋混凝土造,69年8月26日,六層,
RPOPMLMLKIKFFAH87CC,35,7.63,共有部份,鋼筋混凝土造,69年8月26日,六層,
RPPUMLMLKIKFFAH48CC,20,30.40,住家用,鋼筋混凝土造,85年1月18日,十七層,
RPPUMLMLKIKFFAH48CC,20,12.56,共有部份,鋼筋混凝土造,85年1月18日,十七層,
RPOUMLMLKIKFFAH38CC,21,84.58,住家用,鋼筋混凝土造,83年6月2日,十六層,
RPOUMLMLKIKFFAH38CC,21,23.17,共有部份,鋼筋混凝土造,83年6月2日,十六層,
RPXTMLMLKIKFFAH56CC,13,30.04,住家用,鋼筋混凝土造,91年8月21日,五層,
RPXTMLMLKIKFFAH56CC,13,11.11,共有部份,鋼筋混凝土造,91年8月21日,五層,
RPRUMLMLKIKFFAH68CC,35,32.03,住家用,鋼筋混凝土造,69年8月26日,六層,
RPRUMLMLKIKFFAH68CC,35,1.23,共有部份,鋼筋混凝土造,69年8月26日,六層,
RPRUMLMLKIKFFAH68CC,35,.99,共有部份,鋼筋混凝土造,69年8月26日,六層,
RPRUMLMLKIKFFAH68CC,35,8.86,共有部份,鋼筋混凝土造,69年8月26日,六層,
RPSQMLMLKIKFFAH38CC,17,83.85,住家用,鋼筋混凝土造,87年8月5日,九層,
RPSQMLMLKIKFFAH38CC,17,26.81,共有部份,鋼筋混凝土造,87年8月5日,九層,
RPSUMLMLKIKFFAH78CC,15,53.05,住家用,鋼筋混凝土造,89年8月31日,十四層,
RPSUMLMLKIKFFAH78CC,15,15.97,共有部份,鋼筋混凝土造,89年8月31日,十四層,
RPOQMLMLKIKFFBH08CC,3,122.01,集合住宅,鋼筋混凝土造,101年11月28日,十二層,
RPOQMLMLKIKFFBH08CC,3,24.05,本共有部分之項目有：蓄水池、梯廳、樓梯間、機械室、水箱等共五項。,鋼筋混凝土造,101年11月28日,十二層,
RPOQMLMLKIKFFBH08CC,3,52.30,本共有部分之項目有：防空避難室兼停車空間、消防泵浦機房、汙水機房、停車空間、台電配電場所、管理員室、緊急發電機房、電信機房、（頂蓋型）廣場式開放空間、門廊、垃圾集中室等共十一項。,鋼筋混凝土造,101年11月28日,十二層,
RPQPMLLLKIKFFBH08CC,7,92.24,辦公室,鋼筋混凝土造,97年11月19日,四層,
RPQPMLLLKIKFFBH08CC,7,29.44,共有部份,鋼筋混凝土造,97年11月19日,四層,
RPVQMLSKKIKFFBH66CC,15,70.75,住家用,鋼筋混凝土造,90年1月15日,十層,
RPVQMLSKKIKFFBH66CC,15,10.56,共有部份,鋼筋混凝土造,90年1月15日,十層,
RPVQMLSKKIKFFBH66CC,15,19.56,共有部份,鋼筋混凝土造,90年1月15日,十層,
RPQQMLMLKIKFFBH28CC,39,101.86,住家用,加強磚造,65年12月31日,一層,
RPQQMLMLKIKFFBH28CC,36,83.91,住家用,鋼筋混凝土造,69年4月15日,四層,
RPPQMLMLKIKFFBH18CC,4,36.29,住宅、住宅（附屬停車空間、機電設備空間）,鋼筋混凝土造,100年6月13日,五層,
RPUNMLMLKIKFFGH98DC,1,135.82,住家用,鋼筋混凝土造,104年4月16日,十四層,
RPROMLMLKIKFFBH28DC,13,61.27,住家用,鋼筋混凝土造,91年12月30日,十一層,
RPROMLMLKIKFFBH28DC,13,7.62,共有部份,鋼筋混凝土造,91年12月30日,十一層,
RPROMLMLKIKFFBH28DC,13,6.56,共有部份,鋼筋混凝土造,91年12月30日,十一層,
RPROMLMLKIKFFBH28DC,13,34.69,共有部份,鋼筋混凝土造,91年12月30日,十一層,
RPUOMLNLKIKFFAH58DC,6,46.91,住家用,鋼筋混凝土造,98年6月3日,十五層,
RPUOMLNLKIKFFAH58DC,6,8.42,住家用,鋼筋混凝土造,98年6月3日,十五層,
RPUOMLNLKIKFFAH58DC,6,4.06,住家用,鋼筋混凝土造,98年6月3日,十五層,
RPUOMLNLKIKFFAH58DC,6,30.57,住家用,鋼筋混凝土造,98年6月3日,十五層,
RPPQMLNLKIKFFFH88EC,24,79.17,住家用,鋼筋混凝土造,81年3月11日,七層,
RPPQMLNLKIKFFFH88EC,24,10.46,住家用,鋼筋混凝土造,81年3月11日,七層,
RPPQMLNLKIKFFFH88EC,24,1.58,住家用,鋼筋混凝土造,81年3月11日,七層,
RPPQMLNLKIKFFFH88EC,24,15.03,共有部份,鋼筋混凝土造,81年3月11日,七層,
RPQQMLNLKIKFFFH98EC,26,97.63,店舖，住宅，人行道，防空避難室,鋼筋混凝土造,78年6月12日,三層,
RPRPMLNLKIKFFFH88DC,35,82.32,住家用,鋼筋混凝土造,69年12月15日,四層,
RPRPMLNLKIKFFFH88DC,35,12.98,住家用,鋼筋混凝土造,69年12月15日,四層,
RPSONLOLKIKFFEH88CC,26,421.20,工業用,鋼筋混凝土造,79年5月8日,四層,
RPSNMLOLKIKFFGH88CC,37,29.11,住家用,磚造,68年5月24日,一層,
RPRRMLPLKIKFFEH56DC,1,102.60,住家用,鋼筋混凝土造,103年9月29日,八層,
RPRRMLPLKIKFFEH56DC,1,13.56,共有部份,鋼筋混凝土造,103年9月29日,八層,
RPRRMLPLKIKFFEH56DC,1,41.36,共有部份,鋼筋混凝土造,103年9月29日,九層,
RPRRMLPLKIKFFEH56DC,1,26.96,共有部份,鋼筋混凝土造,103年9月29日,九層,
RPSPMLOLKIKFFAH48CC,88,531.75,農舍（附屬樓梯間）,鋼筋混凝土造,104年4月10日,二層,
RPOVMLMLKIKFFAH48CC,20,55.97,住家用,鋼筋混凝土造,84年12月15日,十七層,
RPOVMLMLKIKFFAH48CC,20,7.18,共有部份,鋼筋混凝土造,84年12月15日,十八層,
RPRVMLMLKIKFFAH78CC,35,24.39,套房．辦公室,鋼筋混凝土造,69年10月7日,十二層,
RPRVMLMLKIKFFAH78CC,35,7.34,共有部份,鋼筋混凝土造,69年10月7日,十二層,
RPQVMLMLKIKFFAH68CC,26,40.46,住家用,鋼筋混凝土造,78年9月30日,十層,
RPQVMLMLKIKFFAH68CC,26,6.01,共有部份,鋼筋混凝土造,78年9月30日,十層,
RPQVMLMLKIKFFAH68CC,26,3.98,共有部份,鋼筋混凝土造,78年9月30日,十層,
RPVUMLMLKIKFFAH09CC,22,91.09,辦公室,鋼筋混凝土造,82年5月28日,九層,
RPVUMLMLKIKFFAH09CC,22,9.27,共有部份,鋼筋混凝土造,82年5月28日,九層,
RPVUMLMLKIKFFAH09CC,22,21.58,共有部份,鋼筋混凝土造,82年5月28日,九層,
RPTUMLMLKIKFFAH88CC,20,68.42,住家用,鋼筋混凝土造,84年5月20日,十二層,
RPTUMLMLKIKFFAH88CC,20,12.15,共有部份,鋼筋混凝土造,84年5月20日,十二層,
RPTUMLMLKIKFFAH88CC,20,6.77,共有部份,鋼筋混凝土造,84年5月20日,十三層,
RPTUMLMLKIKFFAH88CC,20,16.99,共有部份,鋼筋混凝土造,84年5月20日,十三層,
RPRTMLNLKIKFFAH68CC,9,52.49,一般零售業、停車空間,鋼筋混凝土造,95年11月10日,六層,
RPRTMLNLKIKFFAH68CC,9,20.96,共有部份,鋼筋混凝土造,95年11月10日,六層,
RPPVMLMLKIKFFAH58CC,18,26.61,一般事務所,鋼筋混凝土造,86年12月24日,十七層,
RPPVMLMLKIKFFAH58CC,18,3.16,共有部份,鋼筋混凝土造,86年12月24日,十七層,
RPPVMLMLKIKFFAH58CC,18,8.20,共有部份,鋼筋混凝土造,86年12月24日,十七層,
RPUUMLMLKIKFFAH98CC,14,120.73,住家用,鋼筋混凝土造,90年7月9日,九層,
RPUUMLMLKIKFFAH98CC,14,15.47,共有部份,鋼筋混凝土造,90年7月9日,九層,
RPUUMLMLKIKFFAH98CC,14,46.49,共有部份,鋼筋混凝土造,90年7月9日,九層,
RPWNMLSLKIKFFGH17DC,38,123.70,住家用,加強磚造,66年8月9日,二層,
RPXRMLSLKIKFFBH17DC,22,89.39,住家用,鋼筋混凝土造,83年5月24日,十二層,
RPXNMLSLKIKFFGH27DC,40,98.89,住家用,加強磚造,65年5月17日,二層,
RPUOMLTLKIKFFBH56CC,19,72.85,商業用,鋼筋混凝土造,85年7月26日,十二層,
RPUOMLTLKIKFFBH56CC,19,10.08,共有部份,鋼筋混凝土造,85年7月26日,十二層,
RPUOMLTLKIKFFBH56CC,19,5.83,共有部份,鋼筋混凝土造,85年7月26日,十三層,
RPRNMLSLKIKFFFH09CC,6,132.86,住家用,鋼筋混凝土造,98年10月16日,十五層,
RPXQMLTLKIKFFBH07CC,16,117.22,住家用,鋼筋混凝土造,89年5月16日,三層,
RPORMLTLKIKFFBH98DC,34,85.68,住家用,加強磚造,70年11月24日,二層,
RPPRMLTLKIKFFBH98CC,40,51.17,住家用,加強磚造,64年8月21日,三層,
RPPONLKMKIKFFAH87CC,35,80.80,住商用,鋼筋混凝土造,70年4月16日,四層,
RPXPMLKMKIKFFBH88DC,23,93.71,住家用,鋼筋混凝土造,82年2月20日,七層,
RPTWMLTLKIKFFAH17CC,20,32.00,住家用,鋼筋混凝土造,85年4月20日,十九層,
RPQVMLLMKIKFFBH78CC,6,800.00,廠房、廠房（附屬機電設備空間）,鋼骨造,99年3月25日,二層,
RPQRMLKMKIKFFEH58CC,2,132.16,住家用,鋼筋混凝土造,102年9月18日,二十一層,
RPQRMLKMKIKFFEH58CC,2,55.47,共有部份,鋼筋混凝土造,102年9月18日,二十一層,
RPQRMLKMKIKFFEH58CC,2,51.90,共有部份,鋼筋混凝土造,102年9月18日,二十一層,
RPTQMLQLKIKFFEH76DC,3,23.60,共有部份,鋼筋混凝土造,101年11月5日,十二層,
RPTQMLQLKIKFFEH76DC,3,101.03,住家用,鋼筋混凝土造,101年11月5日,十二層,
RPTQMLQLKIKFFEH76DC,3,19.80,共有部份,鋼筋混凝土造,101年11月5日,十二層,
RPUQMLQLKIKFFEH86DC,15,111.35,住家用,鋼筋混凝土造,89年10月3日,十四層,
RPUQMLQLKIKFFEH86DC,15,12.04,共有部份,鋼筋混凝土造,89年10月3日,十四層,
RPUQMLQLKIKFFEH86DC,15,24.80,共有部份,鋼筋混凝土造,89年10月3日,十四層,
RPUQMLKMKIKFFAH58DC,18,71.03,住家用,鋼筋混凝土造,87年1月12日,六層,
RPXQMLSLKIKFFAH96DC,12,127.44,住家用,鋼筋混凝土造,92年6月23日,十層,
RPXQMLSLKIKFFAH96DC,12,28.47,管理員室,鋼筋混凝土造,92年6月23日,十層,
RPPONLLMKIKFFBH08CC,3,88.27,店舖,鋼筋混凝土造,102年5月25日,十五層,
RPPONLLMKIKFFBH08CC,3,41.08,本共有部分項目為：停車空間、防空避難室、梯間、蓄水池、消防泵浦室、污水機房、發電機室、台電配電場所、電信室、水景機房、公共服務空間、開放空間、垃圾儲藏室、管理室、機房、水箱、門廊等共１７項。,鋼筋混凝土造,102年5月25日,十五層,
RPRNMLMJJHLFFAH67CC,12,61.68,住家用,鋼筋混凝土造,92年8月19日,十四層,
RPRNMLMJJHLFFAH67CC,12,11.24,共有部份,鋼筋混凝土造,92年8月19日,十四層,
RPRNMLMJJHLFFAH67CC,12,11.51,共有部份,鋼筋混凝土造,92年8月19日,十四層,
RPSNMLMJJHLFFAH77CC,26,26.99,共有部份,鋼筋混凝土造,78年10月30日,五層,
RPSNMLMJJHLFFAH77CC,26,167.42,住家用,鋼筋混凝土造,78年10月30日,五層,
RPSNMLMJJHLFFAH77CC,26,12.44,共有部份,鋼筋混凝土造,78年10月30日,五層,
RPUNMLMJJHLFFAH97CC,22,25.13,住家用,鋼筋混凝土造,83年3月18日,十二層,
RPUNMLMJJHLFFAH97CC,22,11.10,共有部份,鋼筋混凝土造,83年3月18日,十二層,
RPXNMLMJJHLFFAH28CC,15,33.19,住家用,鋼筋混凝土造,89年7月7日,七層,
RPXNMLMJJHLFFAH28CC,15,6.06,共有部份,鋼筋混凝土造,89年7月7日,七層,
RPXNMLMJJHLFFAH28CC,15,4.15,共有部份,鋼筋混凝土造,89年7月7日,七層,
RPTNMLMJJHLFFAH87CC,20,30.40,住家用,鋼筋混凝土造,85年1月18日,十七層,
RPTNMLMJJHLFFAH87CC,20,12.56,共有部份,鋼筋混凝土造,85年1月18日,十七層,
RPVNMLMJJHLFFAH08CC,18,24.88,住家用,鋼筋混凝土造,86年9月1日,十七層,
RPVNMLMJJHLFFAH08CC,18,1.97,共有部份,鋼筋混凝土造,86年9月1日,十七層,
RPVNMLMJJHLFFAH08CC,18,4.59,共有部份,鋼筋混凝土造,86年9月1日,十七層,
RPVNMLMJJHLFFAH08CC,18,24.88,住家用,鋼筋混凝土造,86年9月1日,十七層,
RPWNMLMJJHLFFAH18CC,21,88.88,住家用,鋼筋混凝土造,83年10月26日,十六層,
RPWNMLMJJHLFFAH18CC,21,.50,共有部份,鋼筋混凝土造,83年10月26日,十六層,
RPWNMLMJJHLFFAH18CC,21,13.95,共有部份,鋼筋混凝土造,83年10月26日,十六層,
RPWNMLMJJHLFFAH18CC,21,4.32,共有部份,鋼筋混凝土造,83年10月26日,十六層,
RPQNMLMJJHLFFAH57CC,21,68.42,住家用,鋼筋混凝土造,84年5月20日,十二層,
RPQNMLMJJHLFFAH57CC,21,12.15,共有部份,鋼筋混凝土造,84年5月20日,十二層,
RPQNMLMJJHLFFAH57CC,21,6.77,共有部份,鋼筋混凝土造,84年5月20日,十三層,
RPQNMLMJJHLFFAH57CC,21,16.99,共有部份,鋼筋混凝土造,84年5月20日,十三層,
RPSPMLLMKIKFFAH28CC,21,84.01,住家用,鋼筋混凝土造,83年6月16日,八層,
RPSPMLLMKIKFFAH28CC,21,11.71,共有部份,鋼筋混凝土造,83年6月16日,八層,
RPSPMLLMKIKFFAH28CC,21,14.88,共有部份,鋼筋混凝土造,83年6月16日,八層,
RPSPNLKMKIKFFAH28CC,21,156.03,住家用,鋼筋混凝土造,84年4月25日,十六層,
RPSPNLKMKIKFFAH28CC,21,40.69,共有部份,鋼筋混凝土造,84年4月25日,十六層,
RPSPNLKMKIKFFAH28CC,21,58.94,防空避難室．停車場,鋼筋混凝土造,84年4月25日,十六層,
RPSPNLKMKIKFFAH28CC,21,3.16,共有部份,鋼筋混凝土造,84年4月25日,十六層,
RPSPNLKMKIKFFAH28CC,21,3.85,共有部份,鋼筋混凝土造,84年4月25日,十六層,
RPORMLOJJHLFFAH97CC,22,93.53,住家用,鋼筋混凝土造,83年4月11日,十六層,
RPRPMLOJJHLFFEH48CC,22,34.80,住家用,鋼筋混凝土造,82年7月12日,十二層,
RPSPMLOJJHLFFFH68CC,33,212.40,避難室，廠房，宿舍,鋼筋混凝土造,71年12月7日,二層,
RPSPMLOJJHLFFFH68CC,33,212.40,避難室，廠房，宿舍,鋼筋混凝土造,71年12月7日,二層,
RPSPMLOJJHLFFFH68CC,33,38.99,避難室，廠房，宿舍,鋼筋混凝土造,71年12月7日,二層,
RPTQMLQJJHLFFBH78DC,47,181.40,住家用,加強磚造,58年4月1日,二層,
RPWSMLPJJHLFFBH09CC,22,74.75,店舖、住宅、儲藏室,鋼筋混凝土造,82年11月15日,七層,
RPTOMLQJJHLFFCH58CC,17,26.44,見其他登記事項,鋼筋混凝土造,88年5月13日,十層,
RPWPMLQJJHLFFBH88CC,7,227.95,一般零售業、一般服務業、一般服務業〈附屬樓梯間〉,鋼筋混凝土造,98年5月6日,四層,
RPUONLPJJHLFFBH58CC,16,79.52,住家用,鋼筋混凝土造,89年3月2日,十九層,
RPUONLPJJHLFFBH58CC,16,17.74,梯間、水箱、電梯機房,鋼筋混凝土造,89年3月2日,十九層,
RPUONLPJJHLFFBH58CC,16,5.75,台電配電室、垃圾儲藏室、社區中心、污水處理場、電信機房、機房、門廳、門廊,鋼筋混凝土造,89年3月2日,十九層,
RPUONLPJJHLFFBH58CC,16,41.37,防空避難室、停車空間,鋼筋混凝土造,89年3月2日,十九層,
RPQPMLRJJHLFFEH78DC,8,88.36,住家用,鋼筋混凝土造,97年4月1日,十層,
RPQPMLRJJHLFFEH78DC,8,14.01,共有部份,鋼筋混凝土造,97年4月1日,十層,
RPQPMLRJJHLFFEH78DC,8,22.65,共有部份,鋼筋混凝土造,97年4月1日,十層,
RPQPMLRJJHLFFEH78DC,8,.02,集合住宅附屬管理員室,鋼筋混凝土造,97年4月1日,十層,
RPQPMLRJJHLFFEH78DC,8,24.42,共有部份,鋼筋混凝土造,97年4月1日,十層,
RPUQMLRJJHLFFAH88DC,31,65.25,住家用,鋼筋混凝土造,73年8月29日,五層,
RPWPMLRJJHLFFAH98DC,20,133.25,住家用,鋼筋混凝土造,84年9月8日,三層,
RPUSMLQJJHLFFEH76DC,2,31.70,住家用,鋼筋混凝土造,103年3月7日,十層,
RPUSMLQJJHLFFEH76DC,2,17.63,共有部份,鋼筋混凝土造,103年3月7日,十層,
RPUSMLQJJHLFFEH76DC,2,5.87,共有部份,鋼筋混凝土造,103年3月7日,十層,
RPQPMLRJJHLFFAH38DC,36,88.62,住家用,鋼筋混凝土造,69年4月3日,四層,
RPSRNLRJJHLFFBH88CC,3,67.08,集合住宅,鋼筋混凝土造,101年11月28日,十一層,
RPSRNLRJJHLFFBH88CC,3,19.62,本共有部分之項目有：蓄水池、梯廳、樓梯間、機械室、水箱等共五項。,鋼筋混凝土造,101年11月28日,十二層,
RPSRNLRJJHLFFBH88CC,3,42.83,本共有部分之項目有：防空避難室兼停車空間、消防泵浦機房、汙水機房、停車空間、台電配電場所、管理員室、緊急發電機房、電信機房、（頂蓋型）廣場式開放空間、門廊、垃圾集中室等共十一項。,鋼筋混凝土造,101年11月28日,十二層,
RPWTMLSJJHLFFBH86CC,34,87.95,住家用,鋼筋混凝土造,71年6月5日,五層,
RPSSMLRJJHLFFAH78CC,12,37.95,商業用,鋼筋混凝土造,92年7月30日,五層,
RPTQMLSJJHLFFAH78CC,22,101.35,住家用,鋼筋混凝土造,82年12月10日,十六層,
RPTQMLSJJHLFFAH78CC,22,23.82,共有部份,鋼筋混凝土造,82年12月10日,十六層,
RPVQMLRJJHLFFAH88CC,2,253.95,辦公室,鋼筋混凝土造,103年4月20日,十五層,
RPRQMLSJJHLFFAH58CC,20,89.68,商業用,鋼筋混凝土造,84年12月15日,十八層,
RPRQMLSJJHLFFAH58CC,20,12.41,共有部份,鋼筋混凝土造,84年12月15日,十八層,
RPOSMLPJJHLFFAH18CC,14,42.01,騎樓．店舖．集合住宅,鋼筋混凝土造,90年7月16日,十二層,
RPWQMLSJJHLFFAH09CC,6,205.24,辦公室,鋼筋混凝土造,99年4月22日,二十五層,
RPUQMLSJJHLFFEH76DC,2,80.50,店舖、辦公室,鋼筋混凝土造,103年3月25日,十一層,
RPUQMLSJJHLFFEH76DC,2,82.42,共有部份,鋼筋混凝土造,103年3月25日,十一層,
RPUQMLSJJHLFFEH76DC,2,18.21,共有部份,鋼筋混凝土造,103年3月25日,十一層,
RPOUMLSJJHLFFEH56DC,20,246.06,農舍,加強磚造,84年9月1日,二層,
RPSUMLSJJHLFFEH96DC,20,246.06,農舍,加強磚造,84年9月1日,二層,
RPOOMLSJJHLFFCH28CC,17,26.44,見其他登記事項,鋼筋混凝土造,88年5月13日,十層,
RPSRNLSJJHLFFBH98CC,6,100.61,住家用,鋼筋混凝土造,98年6月29日,二十二層,
RPSRNLSJJHLFFBH98CC,6,4.44,共有部份,鋼筋混凝土造,98年6月29日,二十二層,
RPSRNLSJJHLFFBH98CC,6,5.47,共有部份,鋼筋混凝土造,98年6月29日,二十二層,
RPSRNLSJJHLFFBH98CC,6,13.89,共有部份,鋼筋混凝土造,98年6月29日,二十二層,
RPSRNLSJJHLFFBH98CC,6,30.55,共有部份,鋼筋混凝土造,98年6月29日,二十二層,
RPQRNLSJJHLFFBH78CC,6,100.61,住家用,鋼筋混凝土造,98年6月29日,二十二層,
RPQRNLSJJHLFFBH78CC,6,4.44,共有部份,鋼筋混凝土造,98年6月29日,二十二層,
RPQRNLSJJHLFFBH78CC,6,5.46,共有部份,鋼筋混凝土造,98年6月29日,二十二層,
RPQRNLSJJHLFFBH78CC,6,13.89,共有部份,鋼筋混凝土造,98年6月29日,二十二層,
RPQRNLSJJHLFFBH78CC,6,59.06,共有部份,鋼筋混凝土造,98年6月29日,二十二層,
RPUUMLSJJHLFFBH76CC,3,67.62,集合住宅,鋼筋混凝土造,101年11月28日,十一層,
RPUUMLSJJHLFFBH76CC,3,18.36,本共有部分之項目有：蓄水池、梯廳、樓梯間、機械室、水箱等共五項。,鋼筋混凝土造,101年11月28日,十二層,
RPUUMLSJJHLFFBH76CC,3,42.93,本共有部分之項目有：防空避難室兼停車空間、消防泵浦機房、汙水機房、停車空間、台電配電場所、管理員室、緊急發電機房、電信機房、（頂蓋型）廣場式開放空間、門廊、垃圾集中室等共十一項。,鋼筋混凝土造,101年11月28日,十二層,
RPXUMLSJJHLFFBH07CC,32,91.72,住家用,鋼筋混凝土造,72年12月30日,五層,
RPXUMLSJJHLFFBH07CC,32,2.71,共有部份,鋼筋混凝土造,72年12月30日,五層,
RPXRMLLKJHLFFAH68CC,8,41.79,住家用,鋼筋混凝土造,97年6月9日,十層,
RPSPMLMKJHLFFAH08CC,22,115.96,住家用,鋼筋混凝土造,83年4月11日,十六層,
RPPOMLLKJHLFFAH57CC,21,132.30,住家用,鋼筋混凝土造,83年7月13日,十八層,
RPPOMLLKJHLFFAH57CC,21,21.02,共有部份,鋼筋混凝土造,83年7月13日,十七層,
RPPOMLLKJHLFFAH57CC,21,.64,共有部份,鋼筋混凝土造,83年7月13日,十七層,
RPQOMLNKJHLFFFH48DC,1,94.01,住家用,鋼筋混凝土造,104年1月20日,十三層,
RPQOMLNKJHLFFFH48DC,1,69.13,本共有部分項目計有：防空避難室兼停車空間、停車空間、樓梯間、公共服務空間、多功能教室、閱覽室、機械室、水箱,鋼筋混凝土造,104年1月20日,十三層,
RPSNMLNKJHLFFCH18CC,19,139.72,住家用,鋼筋混凝土造,86年6月26日,十八層,
RPSNMLNKJHLFFCH18CC,19,6.51,共有部份,鋼筋混凝土造,86年6月26日,十八層,
RPSNMLNKJHLFFCH18CC,19,2.25,共有部份,鋼筋混凝土造,86年6月26日,十八層,
RPSNMLNKJHLFFCH18CC,19,38.85,共同使用（防空避難室，停車場）,鋼筋混凝土造,86年6月26日,十八層,
RPSNMLNKJHLFFCH18CC,19,.07,共有部份,鋼筋混凝土造,86年6月26日,一層,
RPSNMLNKJHLFFCH18CC,19,.01,共有部份,鋼筋混凝土造,86年1月30日,十八層,
RPSNMLNKJHLFFCH18CC,19,.00,共有部份,鋼筋混凝土造,86年1月30日,一層,
RPSNMLNKJHLFFCH18CC,19,.05,社區遊憩設施,鋼筋混凝土造,86年1月30日,十四層,
RPSNMLNKJHLFFCH18CC,19,4.70,社區遊憩設施,鋼筋混凝土造,86年6月26日,十五層,
RPXQMLNKJHLFFAH88DC,20,93.46,住家用,鋼筋混凝土造,84年12月12日,十七層,
RPXQMLNKJHLFFAH88DC,20,2.99,共有部份,鋼筋混凝土造,84年12月12日,十七層,
RPXQMLNKJHLFFAH88DC,20,10.22,共有部份,鋼筋混凝土造,84年12月12日,十七層,
RPOOMLOKJHLFFAH87DC,3,84.02,住家用,鋼筋混凝土造,101年10月19日,十三層,
RPOOMLOKJHLFFAH87DC,3,22.78,本共有部分之項目有（附屬公共服務空間、樓梯間、機房、水箱）等４項。,鋼筋混凝土造,101年10月19日,十三層,
RPOOMLOKJHLFFAH87DC,3,47.93,本共有部分之項目有（附屬防空避難室兼停車空間、停車空間）等２項。,鋼筋混凝土造,101年10月19日,十三層,
RPSQMLOKJHLFFBH58DC,2,182.83,集合住宅,鋼筋混凝土造,102年6月20日,十一層,
RPSQMLOKJHLFFBH58DC,2,39.34,本建物主要用途為：樓梯間、機房、電梯機房、水箱、梯廳。,鋼筋混凝土造,102年6月20日,十一層,
RPSQMLOKJHLFFBH58DC,2,120.19,本建物主要用途為：管委會使用空間、垃圾暫存區、管理員室、防空避難室兼停車空間、電信室、電錶區、台電配電室、樓梯間、電梯間、停車場排氣機房、水箱、發電機室、設備機房、污水機房、消防泵浦室等十五項。,鋼筋混凝土造,102年6月20日,十一層,
RPPNMLOKJHLFFFH38DC,2,125.62,住家用,鋼筋混凝土造,103年4月30日,二十三層,
RPPNMLOKJHLFFFH38DC,2,22.30,住家用,鋼筋混凝土造,103年4月30日,二十三層,
RPPNMLOKJHLFFFH38DC,2,62.82,共有部分之項目有：開放空間、公共服務空間、垃圾處理空間、梯間、管委會空間、水箱、機電設備空間、機房、停車空間兼防空避難室、蓄水池、電信室、電錶室、台電配電場所、停車空間、發電機房、消防泵浦室、污水機房等計１７項。,鋼筋混凝土造,103年4月30日,二十三層,
RPQNMLOKJHLFFFH48DC,4,267.89,日用品零售及服務設施、集合住宅,鋼筋混凝土造,100年9月5日,五層,
RPQNMLOKJHLFFFH48DC,4,.15,共有部分項目：管理員室,鋼筋混凝土造,100年9月5日,一層,
RPSNMLOKJHLFFFH78EC,1,73.75,住家用,鋼筋混凝土造,103年10月6日,十八層,
RPSNMLOKJHLFFFH78EC,1,15.05,共有部分之項目：管理委員會使用空間、電梯間、機械室、水箱、昇降機房、樓梯間等６項,鋼筋混凝土造,103年10月6日,十八層,
RPSNMLOKJHLFFFH78EC,1,20.36,共有部分之項目：梯廳等１項,鋼筋混凝土造,103年10月6日,十八層,
RPSNMLOKJHLFFFH78EC,1,.46,共有部分之項目：車道等１項,鋼筋混凝土造,103年10月6日,十八層,
RPSNMLOKJHLFFFH78EC,1,.10,共有部分之項目：梯間、防空避難室兼停車空間、停車空間等３項,鋼筋混凝土造,103年10月6日,十八層,
RPOOMLOKJHLFFFH48EC,34,84.00,住家用,加強磚造,70年7月26日,四層,
RPPOMLOKJHLFFFH58EC,34,84.00,住家用,加強磚造,70年7月26日,四層,
RPQNNLPKJHLFFGH68CC,38,85.42,住家用,加強磚造,66年10月1日,二層,
RPRNNLPKJHLFFGH78CC,40,114.82,住家用,加強磚造,65年4月17日,二層,
RPPOMLPKJHLFFAH97CC,14,90.02,住家用,鋼筋混凝土造,90年8月3日,十四層,
RPPOMLPKJHLFFAH97CC,14,15.61,共有部份,鋼筋混凝土造,90年8月3日,十四層,
RPPOMLPKJHLFFAH97CC,14,13.40,共有部份,鋼筋混凝土造,90年8月3日,十四層,
RPPOMLPKJHLFFAH97CC,14,.02,管理員室,鋼筋混凝土造,90年8月3日,十四層,
RPPOMLPKJHLFFAH97CC,14,19.67,共有部份,鋼筋混凝土造,90年8月3日,十四層,
RPOOMLMKJHLFFBH67CC,11,83.20,住家用,鋼筋混凝土造,94年1月20日,十二層,
RPOOMLMKJHLFFBH67CC,11,12.98,共有部份,鋼筋混凝土造,94年1月20日,十二層,
RPOOMLMKJHLFFBH67CC,11,13.46,共有部份,鋼筋混凝土造,94年1月20日,十二層,
RPTRNLSJJHLFFBH09CC,6,133.50,住家用,鋼筋混凝土造,98年6月29日,二十二層,
RPTRNLSJJHLFFBH09CC,6,6.03,共有部份,鋼筋混凝土造,98年6月29日,二十二層,
RPTRNLSJJHLFFBH09CC,6,6.66,共有部份,鋼筋混凝土造,98年6月29日,二十二層,
RPTRNLSJJHLFFBH09CC,6,14.97,共有部份,鋼筋混凝土造,98年6月29日,二十二層,
RPTRNLSJJHLFFBH09CC,6,34.62,共有部份,鋼筋混凝土造,98年6月29日,二十二層,
RPRNMLLKJHLFFBH77CC,7,121.09,集合住宅,鋼筋混凝土造,97年9月25日,十五層,
RPRNMLLKJHLFFBH77CC,7,21.00,共有部份,鋼筋混凝土造,97年9月25日,十五層,
RPRNMLLKJHLFFBH77CC,7,62.23,共有部份,鋼筋混凝土造,97年9月25日,十五層,
RPXPMLNKJHLFFBH78CC,19,277.07,店舖．辦公室,鋼筋混凝土造,86年5月30日,十二層,
RPVPMLOJJHLFFEH88CC,22,33.38,住家用,鋼筋混凝土造,82年7月12日,十二層,
RPTNMLRJJHLFFEH78CC,21,119.47,住家用,鋼筋混凝土造,84年5月2日,五層,
RPVUMLSJJHLFFEH27DC,16,173.56,住宅、停車空間、梯間,鋼筋混凝土造,88年11月23日,四層,
RPUPMLMKJHLFFEH78DC,9,105.18,住家用,鋼筋混凝土造,95年11月24日,十五層,
RPUPMLMKJHLFFEH78DC,9,18.65,共有部份,鋼筋混凝土造,95年11月24日,十五層,
RPUPMLMKJHLFFEH78DC,9,19.72,共有部份,鋼筋混凝土造,95年11月24日,十五層,
RPXRMLSJJHLFFEH07CC,9,94.12,住家用,鋼筋混凝土造,95年10月19日,十二層,
RPXRMLSJJHLFFEH07CC,9,31.42,住家用,鋼筋混凝土造,95年10月19日,十二層,
RPPNMLQKJHLFFEH38CC,22,112.39,住家用,鋼筋混凝土造,83年5月31日,十三層,
RPQPMLSKJHLFFEH88CC,19,1200.00,工業用,見其他登記事項,85年12月11日,二層,
RPPNMLSKJHLFFBH48EC,6,49.40,住家用,鋼筋混凝土造,98年6月29日,二十一層,
RPPNMLSKJHLFFBH48EC,6,2.22,共有部份,鋼筋混凝土造,98年6月29日,二十二層,
RPPNMLSKJHLFFBH48EC,6,2.44,共有部份,鋼筋混凝土造,98年6月29日,二十一層,
RPPNMLSKJHLFFBH48EC,6,9.85,共有部份,鋼筋混凝土造,98年6月29日,二十一層,
RPTOMLSKJHLFFFH66DC,48,425.93,工業用,鋼架及磚造,57年6月15日,一層,
RPTOMLSKJHLFFFH66DC,44,1352.75,工業用,加強磚造及磚造,60年11月15日,二層,
RPVNMLSKJHLFFEH66DC,11,83.69,住家用,鋼筋混凝土造,93年12月10日,十二層,
RPVNMLSKJHLFFEH66DC,11,29.57,共有部份,鋼筋混凝土造,93年12月10日,十二層,
RPPPMLTKJHLFFAH58DC,11,97.83,住家用,鋼筋混凝土造,94年4月25日,十五層,
RPPPMLTKJHLFFAH58DC,11,15.13,共有部份,鋼筋混凝土造,94年4月25日,十五層,
RPPPMLTKJHLFFAH58DC,11,17.53,共有部份,鋼筋混凝土造,94年4月25日,十五層,
RPQNMLKLJHLFFFH18DC,1,67.58,住家用,鋼筋混凝土造,103年8月19日,十五層,
RPQNMLKLJHLFFFH18DC,1,14.18,共有部分之項目有：機房、水箱、梯間等計三項,鋼筋混凝土造,103年8月19日,十五層,
RPQNMLKLJHLFFFH18DC,1,36.19,共有部分之項目計有：防空避難室兼停車空間、發電機室、消防泵浦室、汙水及雨水回收機房、蓄水池、梯間、停車空間、台電配電場所、電信室、垃圾處理室、公共服務空間、開放空間等計十二項。,鋼筋混凝土造,103年8月19日,十五層,
RPWNMLTKJHLFFCH66DC,2,136.27,見其他登記事項,鋼筋混凝土造,103年2月7日,六層,
RPSPMLKLJHLFFBH18DC,29,118.92,住家用,加強磚造,76年1月13日,二層,
RPTNMLKLJHLFFFH48DC,1,66.96,住家用,鋼筋混凝土造,104年6月9日,十四層,
RPTNMLKLJHLFFFH48DC,1,60.34,共有部分之項目有：停車空間、防空避難室兼停車空間、公共服務空間、梯間、機械室、水箱等計六項,鋼筋混凝土造,104年6月9日,十五層,
RPQNMLKLJHLFFGH28DC,1,186.57,住家用,鋼筋混凝土造,104年5月11日,十九層,
RPSNMLKLJHLFFFH38DC,2,59.84,店舖,鋼筋混凝土造,103年4月21日,十四層,
RPSNMLKLJHLFFFH38DC,2,78.00,共有部分之項目計有：防空避難室兼停車空間、停車空間、公共服務空間、管理委員會空間、梯間、機房、水箱等七項,鋼筋混凝土造,103年4月21日,十四層,
RPRNMLKLJHLFFFH18CC,4,80.75,店舖、集合住宅,鋼筋混凝土造,100年11月18日,十三層,
RPRNMLKLJHLFFFH18CC,4,20.12,本共有部分之項目有：公共服務空間、廣場式頂蓋型開放空間、梯間、機房及水箱等五項。,鋼筋混凝土造,100年11月18日,十三層,
RPRNMLKLJHLFFFH18CC,4,13.06,本共有部分之項目有：停車空間、防空避難室兼停車空間等二項。,鋼筋混凝土造,100年11月18日,十三層,
RPVNMLLLJHLFFFH68CC,1,66.94,住家用,鋼筋混凝土造,103年10月6日,十八層,
RPVNMLLLJHLFFFH68CC,1,15.09,共有部分之項目：管理委員會使用空間、電梯間、機械室、水箱、昇降機房、樓梯間等６項,鋼筋混凝土造,103年10月6日,十八層,
RPVNMLLLJHLFFFH68CC,1,20.36,共有部分之項目：梯廳等１項,鋼筋混凝土造,103年10月6日,十八層,
RPVNMLLLJHLFFFH68CC,1,4.95,共有部分之項目：車道等１項,鋼筋混凝土造,103年10月6日,十八層,
RPVNMLLLJHLFFFH68CC,1,33.07,共有部分之項目：梯間、防空避難室兼停車空間、停車空間等３項,鋼筋混凝土造,103年10月6日,十八層,
RPXNMLLLJHLFFFH88CC,1,63.57,住家用,鋼筋混凝土造,103年8月19日,十五層,
RPXNMLLLJHLFFFH88CC,1,11.56,共有部分之項目有：機房、水箱、梯間等計三項,鋼筋混凝土造,103年8月19日,十五層,
RPXNMLLLJHLFFFH88CC,1,35.05,共有部分之項目計有：防空避難室兼停車空間、發電機室、消防泵浦室、汙水及雨水回收機房、蓄水池、梯間、停車空間、台電配電場所、電信室、垃圾處理室、公共服務空間、開放空間等計十二項。,鋼筋混凝土造,103年8月19日,十五層,
RPOUMLSKJHLFFBH88CC,14,93.13,商場,鋼筋混凝土造,90年8月30日,二十二層,
RPOUMLSKJHLFFBH88CC,14,3.17,共有部份,鋼筋混凝土造,90年8月30日,二十二層,
RPOUMLSKJHLFFBH88CC,14,21.76,共有部份,鋼筋混凝土造,90年8月30日,二十二層,
RPOUMLSKJHLFFBH88CC,14,.60,共有部份,鋼筋混凝土造,90年8月30日,二十二層,
RPOUMLSKJHLFFBH88CC,14,.00,共有部份,鋼筋混凝土造,90年8月30日,二十二層,
RPWNMLLLJHLFFBH38CC,19,68.42,住商用,鋼筋混凝土造,86年6月10日,三層,
RPWPMLKLJHLFFBH48CC,6,100.61,住家用,鋼筋混凝土造,98年6月29日,二十二層,
RPWPMLKLJHLFFBH48CC,6,4.44,共有部份,鋼筋混凝土造,98年6月29日,二十二層,
RPWPMLKLJHLFFBH48CC,6,5.47,共有部份,鋼筋混凝土造,98年6月29日,二十二層,
RPWPMLKLJHLFFBH48CC,6,13.89,共有部份,鋼筋混凝土造,98年6月29日,二十二層,
RPWPMLKLJHLFFBH48CC,6,32.58,共有部份,鋼筋混凝土造,98年6月29日,二十二層,
RPROMLLLJHLFFBH97CC,22,62.29,住家用,鋼筋混凝土造,83年5月18日,七層,
RPROMLLLJHLFFBH97CC,22,6.01,共有部份,鋼筋混凝土造,83年5月18日,七層,
RPSOMLLLJHLFFBH08CC,42,38.18,住家用,加強磚造,62年8月18日,二層,
RPQPMLLLJHLFFBH97CC,8,98.75,住家用,鋼筋混凝土造,97年4月28日,二十四層,
RPQPMLLLJHLFFBH97CC,8,12.64,共有部份,鋼筋混凝土造,97年4月28日,二十四層,
RPQPMLLLJHLFFBH97CC,8,22.78,共有部份,鋼筋混凝土造,97年4月28日,二十四層,
RPTNMLLLJHLFFBH18DC,8,134.44,住家用,鋼筋混凝土造,97年4月28日,二十四層,
RPVNMLLLJHLFFGH78CC,3,182.54,住宅、住宅﹝附屬停車空間﹞,鋼筋混凝土造,102年6月24日,四層,
RPVNMLLLJHLFFGH78CC,3,6.91,共同使用、陽台﹝法定空地﹞,鋼筋混凝土造,102年6月24日,四層,
RPVNMLLLJHLFFGH78CC,3,13.54,共同使用、集合住宅﹝附屬停車空間、附屬防空避難室兼停車空間﹞,鋼筋混凝土造,102年6月24日,十層,
RPVNMLLLJHLFFGH78CC,3,1.64,共同使用、集合住宅﹝附屬防空避難室兼停車空間﹞,鋼筋混凝土造,102年6月24日,十層,
RPVNMLMLJHLFFCH58DC,34,94.66,住家用,加強磚造,70年12月29日,二層,
RPUNMLMLJHLFFEH68DC,35,80.00,住家用,加強磚造,69年11月10日,二層,
RPSOMLMLJHLFFEH48CC,42,3169.11,樓梯、廠房,鋼筋混凝土造,63年1月1日,二層,
RPQNMLPLJHLFFEH58DC,17,100.20,住家用,鋼筋混凝土造,88年6月2日,十四層,
RPPOMLPLJHLFFEH58DC,20,299.40,住家用,鋼筋混凝土造,84年7月10日,二層,
RPTNMLPLJHLFFGH09DC,1,75.46,住家用,鋼筋混凝土造,103年9月4日,五層,
RPORMLPLJHLFFAH48EC,19,113.63,自用儲藏室﹐集合住宅,鋼筋混凝土造,85年5月8日,七層,
RPORMLPLJHLFFAH48EC,19,88.97,共有部份,鋼筋混凝土造,85年5月8日,七層,
RPPRMLPLJHLFFAH58EC,17,103.99,住家用,鋼筋混凝土造,87年4月30日,十九層,
RPPRMLPLJHLFFAH58EC,17,14.52,共有部份,鋼筋混凝土造,87年4月30日,十九層,
RPPRMLPLJHLFFAH58EC,17,14.58,共有部份,鋼筋混凝土造,87年4月30日,十九層,
RPPRMLPLJHLFFAH58EC,17,32.86,共有部份,鋼筋混凝土造,87年4月30日,十九層,
RPTRMLPLJHLFFAH98EC,9,299.90,停車空間、日用品零售業、住宅、樓梯間、水箱,鋼筋混凝土造,95年9月11日,三層,
RPTRMLPLJHLFFAH98EC,9,42.80,共有部份,鋼筋混凝土造,95年9月11日,四層,
RPRNMLPLJHLFFBH38DC,1,77.97,集合住宅,鋼筋混凝土造,103年11月10日,十五層,
RPVNMLPLJHLFFBH78DC,29,318.80,商業用,鋼筋混凝土造,76年7月10日,七層,
RPVNMLPLJHLFFBH78DC,29,140.93,住家用,鋼筋混凝土造,76年7月10日,七層,
RPVNMLPLJHLFFBH78DC,29,140.93,住家用,鋼筋混凝土造,76年7月10日,七層,
RPQNMLQLJHLFFBH38DC,16,67.77,店舖、辦公室,鋼筋混凝土造,88年9月17日,十五層,
RPRNMLQLJHLFFBH48DC,16,24.31,店舖、辦公室,鋼筋混凝土造,88年9月17日,十五層,
RPXQMLRLJHLFFAH76DC,6,250.69,商業用,鋼筋混凝土造,99年4月22日,二十五層,
RPQNMLRLJHLFFFH98EC,17,43.81,商業用,鋼筋混凝土造,87年11月20日,九層,
RPQNMLRLJHLFFFH98EC,17,3.80,共有部份,鋼筋混凝土造,87年11月20日,九層,
RPQNMLRLJHLFFFH98EC,17,1.40,共有部份,鋼筋混凝土造,87年11月20日,九層,
RPQNMLRLJHLFFEH78DC,38,61.84,住家用,加強磚造,66年12月1日,二層,
RPRNMLRLJHLFFEH78CC,38,61.84,住家用,加強磚造,66年12月1日,二層,
RPUNMLRLJHLFFFH56CC,37,115.66,住商用,加強磚造,67年10月27日,二層,
RPUQMLRLJHLFFBH09CC,7,54.17,住家用,鋼筋混凝土造,98年7月3日,十五層,
RPUQMLRLJHLFFBH09CC,7,20.80,共有部份,鋼筋混凝土造,98年7月3日,十五層,
RPPRMLRLJHLFFBH68CC,22,93.36,住家用,鋼筋混凝土造,83年5月24日,十二層,
RPPRMLRLJHLFFBH68CC,22,23.02,共有部份,鋼筋混凝土造,83年5月24日,十二層,
RPTRMLRLJHLFFBH09CC,23,83.99,住家用,鋼筋混凝土造,82年1月12日,六層,
RPTRMLRLJHLFFBH09CC,23,30.32,共有部份,鋼筋混凝土造,82年1月12日,六層,
RPURMLRLJHLFFBH56CC,22,105.55,住家用,鋼筋混凝土造,82年12月30日,十二層,
RPURMLRLJHLFFBH56CC,22,15.64,共有部份,鋼筋混凝土造,82年12月30日,十二層,
RPVPMLSLJHLFFBH56CC,,56.82,商業用,加強磚造,,四層,
RPWRMLTLJHLFFBH07DC,43,79.20,住家用,加強磚造,62年4月1日,二層,
RPXRMLTLJHLFFBH17DC,22,241.86,住家用,鋼筋混凝土造,82年12月3日,七層,
RPPNMLLMJHLFFBH77CC,15,67.95,住家用,鋼筋混凝土造,90年1月15日,十層,
RPPNMLLMJHLFFBH77CC,15,12.66,共有部份,鋼筋混凝土造,90年1月15日,十層,
RPPNMLLMJHLFFBH77CC,15,18.14,共有部份,鋼筋混凝土造,90年1月15日,十層,
RPQPMLLLJHLFFAH87CC,36,829.51,住商用,鋼筋混凝土造,69年4月29日,五層,
RPUNMLPLJHLFFAH48CC,3,491.58,店舖,鋼骨鋼筋混凝土造、鋼筋混凝土造,101年11月2日,三十八層,
RPVRMLSKJHLFFAH56CC,31,113.71,住家用,鋼筋混凝土造,73年9月6日,七層,
RPOTMLSKJHLFFAH68CC,44,106.52,住商用,加強磚造,61年3月7日,三層,
RPOTMLSKJHLFFAH68CC,44,54.72,住商用,加強磚造,61年3月7日,三層,
RPTSMLPKJHLFFAH78CC,35,48.65,住家用,鋼筋混凝土造,69年12月20日,五層,
RPRPMLPKJHLFFAH28CC,14,106.86,住家用,鋼筋混凝土造,91年4月2日,五層,
RPRPMLPKJHLFFAH28CC,14,37.70,共有部份,鋼筋混凝土造,91年4月2日,五層,
RPRPMLPKJHLFFAH28CC,14,20.70,共有部份,鋼筋混凝土造,91年4月2日,五層,
RPSSMLPKJHLFFAH68CC,35,84.50,商業用,鋼筋混凝土造,69年8月4日,五層,
RPXQMLPKJHLFFAH98CC,27,92.72,住家用,鋼筋混凝土造,77年12月2日,五層,
