﻿鄉鎮市區,交易標的,土地位置建物門牌,土地面積平方公尺,都市土地使用分區,非都市土地使用分區,非都市土地使用編定,租賃年月日,租賃筆棟數,租賃層次,總樓層數,建物型態,主要用途,主要建材,建築完成年月,建物總面積平方公尺,建物現況格局-房,建物現況格局-廳,建物現況格局-衛,建物現況格局-隔間,有無管理組織,有無附傢俱,總額元,單價元平方公尺,車位類別,車位面積平方公尺,車位總額元,備註,編號
The villages and towns urban district,transaction sign,land sector position building sector house number plate,land shifting total area square meter,the use zoning or compiles and checks,the non-metropolis land use district,non-metropolis land use,transaction year month and day,transaction pen number,shifting level,total floor number,building state,main use,main building materials,construction to complete the years,building shifting total area,Building present situation pattern - room,building present situation pattern - hall,building present situation pattern - health,building present situation pattern - compartmented,Whether there is manages the organization,Whether there is attaches the furniture,total price NTD,the unit price (NTD / square meter),the berth category,berth shifting total area square meter,the berth total price NTD,the note,serial number
龜山區,房地(土地+建物),桃園市龜山區文德二路128巷11號3樓,31.45,住,,,1041101,土地1建物1車位0,三層,6,華廈(10層含以下有電梯),住家用,鋼筋混凝土造,0840330,140.49,3,2,2,有,有,有,13500,96,,0.0,0,,RPROMLMJJIKFFAH77CC
桃園區,建物,桃園市桃園區民生路666之11號,34.0,住,,,1041031,土地0建物1車位0,三層,4,公寓(5樓含以下無電梯),住家用,鋼筋混凝土造,0660111,78.22,4,2,1,有,無,有,8000,102,,0.0,0,,RPTOMLMJJIKFFAH97CC
桃園區,建物,桃園市桃園區中山北路206號,0.0,住,,,1041023,土地0建物1車位0,見使用執照,5,公寓(5樓含以下無電梯),見其他登記事項,鋼筋混凝土造,0710226,124.96000000000001,3,2,2,有,無,無,17000,136,,0.0,0,,RPVQMLMJJIKFFAH38CC
大園區,房地(土地+建物),桃園市大園區中正東路一段858號,1808.0,,特定農業區,丁種建築用地,1041006,土地2建物1車位0,見其他登記事項,3,工廠,見其他登記事項,鋼筋混凝土造,0970826,1489.98,0,0,0,無,無,無,250000,,,0.0,0,,RPXNMLMJJIKFFEH68CC
八德區,房地(土地+建物),桃園市八德區忠勇街84巷8號一樓,27.06,住,,,1041029,土地1建物1車位0,一層,6,華廈(10層含以下有電梯),住家用,鋼筋混凝土造,0821230,116.0,3,2,2,有,無,無,13000,112,,0.0,0,,RPPOMLMJJIKFFFH08CC
中壢區,土地,後興段928地號,3554.07,農,,,1041029,土地1建物0車位0,,,其他,,,,0.0,0,0,0,有,無,無,30000,8,,0.0,0,,RPORMLMJJIKFFBH97DC
龍潭區,土地,三洽水段551地號,546.75,,山坡地保育區,農牧用地,1041030,土地1建物0車位0,,,其他,,,,0.0,0,0,0,有,無,無,7000,13,,0.0,0,,RPQOMLMJJIKFFCH97DC
大園區,房地(土地+建物),桃園市大園區領航北路3段223號1-2樓,953.4,其他,,,1041026,土地1建物1車位0,一層,7,華廈(10層含以下有電梯),見其他登記事項,鋼筋混凝土造,1030529,814.46,0,0,4,有,無,無,120000,147,,0.0,0,,RPPOMLMJJIKFFEH18EC
中壢區,建物,桃園市中壢區忠勤街93號2樓,143.0,住,,,1040626,土地0建物0車位0,全,3,透天厝,住家用,鋼筋混凝土造,0831105,76.77,2,1,1,有,無,有,9500,124,,0.0,0,,RPUNMLMJJIKFFBH28EC
平鎮區,房地(土地+建物),桃園市平鎮區大興街58隻1號14樓,9.5,住,,,1041030,土地2建物1車位0,十四層,14,住宅大樓(11層含以上有電梯),住家用,鋼筋混凝土造,1040416,75.44,2,2,1,有,無,有,12000,159,,0.0,0,,RPOOMLNJJIKFFGH28DC
中壢區,房地(土地+建物),桃園市中壢區龍昌路340號一樓,101.52,住,,,1041101,土地1建物1車位0,全,2,透天厝,住家用,加強磚造,0700807,58.35,0,0,1,有,無,無,16000,274,,0.0,0,,RPRPMLNJJIKFFBH08CC
龜山區,建物,桃園市龜山區中興街1號,1223.1,,工業區,丁種建築用地,1041015,土地0建物1車位0,一層,1,工廠,工業用,見其他登記事項,0560910,1223.1,0,0,0,無,無,無,168000,,,0.0,0,,RPPQMLNJJIKFFAH87CC
桃園區,房地(土地+建物),桃園市桃園區宏昌十二街595巷6號1樓,10.63,住,,,1041103,土地1建物1車位0,一層,8,華廈(10層含以下有電梯),住家用,鋼筋混凝土造,0840902,59.72,2,2,1,有,有,無,8000,134,,0.0,0,,RPUNMLOJJIKFFAH18CC
桃園區,建物,桃園市桃園區國際路二段150號1-2樓,20.69,住,,,1041101,土地0建物1車位0,一層,17,住宅大樓(11層含以上有電梯),住商用,鋼筋混凝土造,0841212,169.91,0,0,0,無,無,無,25000,147,,0.0,0,,RPWOMLOJJIKFFAH48CC
八德區,建物,桃園市八德區重慶街188巷11號,0.0,住,,,1041029,土地0建物1車位0,一層,5,店面(店鋪),住家用,鋼筋混凝土造,0830131,99.27,0,0,0,無,有,無,12000,121,,0.0,0,,RPSRMLOJJIKFFFH88CC
八德區,房地(土地+建物),桃園市八德區金福街27號,68.9,,鄉村區,乙種建築用地,1041030,土地1建物1車位0,全,2,透天厝,住家用,加強磚造,0630501,127.46,3,2,2,有,無,有,12500,98,,0.0,0,,RPTRMLOJJIKFFFH98CC
大園區,房地(土地+建物),桃園市大園區濱海路二段446巷41號,70.0,,一般農業區,甲種建築用地,1041104,土地1建物1車位0,全,4,透天厝,住家用,鋼筋混凝土造,0821224,179.21,4,2,3,有,無,無,11000,61,,0.0,0,,RPUNMLOJJIKFFEH58CC
八德區,房地(土地+建物)+車位,桃園市八德區豐田三路25號7樓,27.74,住,,,1041101,土地1建物1車位1,七層,13,住宅大樓(11層含以上有電梯),住家用,鋼筋混凝土造,1031210,155.76,3,2,2,有,有,有,16000,103,坡道平面,0.0,0,,RPRNMLOJJIKFFFH48DC
八德區,房地(土地+建物)+車位,桃園市八德區豐德路196號10樓,32.6,住,,,1041101,土地1建物1車位1,十層,15,住宅大樓(11層含以上有電梯),住家用,鋼筋混凝土造,1030819,173.99,3,2,2,有,無,有,18000,103,坡道平面,0.0,0,,RPSNMLOJJIKFFFH58DC
桃園區,房地(土地+建物)+車位,桃園市桃園區龍泉二街59號十八樓,13.0,住,,,1041021,土地1建物1車位1,十八層,19,住宅大樓(11層含以上有電梯),住家用,鋼筋混凝土造,1021023,154.2,3,2,2,有,有,有,18000,117,坡道平面,0.0,0,,RPTOMLOJJIKFFAH28DC
中壢區,房地(土地+建物),桃園市中壢區九和一街66號,14.51,商,,,1041015,土地1建物1車位0,一層,21,店面(店鋪),見其他登記事項,鋼筋混凝土造,0901026,147.35,0,1,1,有,有,無,70000,475,,0.0,0,,RPPQMLPJJIKFFBH28DC
中壢區,房地(土地+建物),桃園市中壢區九和二街38號,10.64,商,,,1041020,土地1建物1車位0,一層,24,店面(店鋪),見其他登記事項,鋼筋混凝土造,1010322,117.08,0,2,1,有,有,無,100000,854,,0.0,0,,RPTRMLPJJIKFFBH78DC
中壢區,房地(土地+建物),桃園市中壢區忠勤街36、46號,1727.0,住,,,1041021,土地4建物2車位0,見其他登記事項,2,其他,住家用,鋼筋混凝土造,0650206,1119.0,18,2,4,有,無,無,230000,206,,0.0,0,,RPSQMLPJJIKFFBH68EC
桃園區,房地(土地+建物)+車位,桃園市桃園區經國路888號六樓之6,36.76,商,,,1041030,土地1建物1車位0,六層,15,辦公商業大樓,見其他登記事項,鋼筋混凝土造,0870828,440.16,0,0,0,無,有,無,55000,125,坡道平面,0.0,0,,RPOOMLPJJIKFFAH77CC
中壢區,建物,桃園市中壢區環北路350號9樓之1,0.0,住,,,1041019,土地0建物1車位1,九層,21,住宅大樓(11層含以上有電梯),住家用,鋼筋混凝土造,0980629,166.22,3,2,2,有,有,有,35000,211,坡道平面,34.62,0,,RPRPMLQJJIKFFBH38CC
中壢區,建物,桃園市中壢區中正路51號,0.0,商,,,1041016,土地0建物1車位0,三層,12,其他,見其他登記事項,鋼筋混凝土造,0900110,528.93,3,0,0,有,有,無,320000,605,,0.0,0,,RPOOMLTJJIKFFBH28CC
大園區,房地(土地+建物),桃園市大園區中正東路三段594巷1號,87.51,,特定農業區,甲種建築用地,1041108,土地2建物1車位0,全,3,透天厝,見其他登記事項,鋼筋混凝土造,0830112,212.38,4,2,3,有,無,無,15000,71,,0.0,0,,RPTNMLTJJIKFFEH98CC
八德區,房地(土地+建物),桃園市八德區介壽路一段451號,87.68,住,,,1041030,土地1建物1車位0,一層,2,店面(店鋪),住家用,加強磚造,0630105,80.86,0,0,1,有,無,無,20000,247,,0.0,0,,RPPNMLTJJIKFFFH88EC
桃園區,建物,桃園市桃園區中埔六街182號五樓,21.39,住,,,1041031,土地0建物1車位0,五層,8,華廈(10層含以下有電梯),住家用,鋼筋混凝土造,0830616,121.23,3,2,2,有,有,有,12500,103,,0.0,0,,RPXOMLTJJIKFFAH56DC
桃園區,建物,桃園市桃園區大有路455號三樓,165.01,住,,,1041102,土地0建物1車位0,三層,4,公寓(5樓含以下無電梯),住家用,鋼筋混凝土造,1020912,115.25,3,2,1,有,無,有,12000,104,,0.0,0,,RPOPMLTJJIKFFAH38DC
桃園區,房地(土地+建物)+車位,桃園市桃園區經國路336巷66號七樓,16.25,住,,,1041107,土地1建物1車位1,七層,13,住宅大樓(11層含以上有電梯),住家用,鋼筋混凝土造,0951215,101.43,2,2,1,有,有,有,15000,148,坡道平面,19.94,0,,RPPPMLTJJIKFFAH48DC
桃園區,建物,桃園市桃園區莊二街59號,25.43,住,,,1041027,土地0建物1車位0,一層,20,住宅大樓(11層含以上有電梯),見其他登記事項,鋼筋混凝土造,0860519,185.33,0,0,2,有,有,無,50000,270,,0.0,0,,RPQNMLKKJIKFFAH57DC
平鎮區,房地(土地+建物),桃園市平鎮區廣豐街福壽六巷2號一樓,15.6,住,,,1041110,土地1建物1車位0,一層,5,公寓(5樓含以下無電梯),住家用,鋼筋混凝土造,0730906,76.5,2,2,1,有,無,無,7000,92,,0.0,0,,RPRNMLKKJIKFFGH18CC
中壢區,房地(土地+建物),桃園市中壢區九和一街1號8樓之1,6.15,住,,,1041015,土地1建物1車位0,八層,22,住宅大樓(11層含以上有電梯),住家用,鋼筋混凝土造,0970406,83.61,2,2,1,有,無,有,25000,299,,0.0,0,,RPVPMLKKJIKFFBH38DC
桃園區,房地(土地+建物),桃園市桃園區南平路460號1樓,149.0,住,,,1041020,土地1建物1車位0,全,1,透天厝,見其他登記事項,鋼筋混凝土造,0891110,289.88,0,0,0,無,無,無,70000,241,,0.0,0,,RPQOMLKKJIKFFAH57CC
桃園區,房地(土地+建物),桃園市桃園區民有東路30之1號九樓,15.96,住,,,1041101,土地1建物1車位0,九層,13,住宅大樓(11層含以上有電梯),住家用,鋼筋混凝土造,0830801,106.62,2,2,1,有,有,有,8000,75,,0.0,0,,RPTOMLKKJIKFFAH87CC
桃園區,房地(土地+建物),桃園市桃園區同德六街89號12樓,31.89,商,,,1040604,土地1建物1車位0,十二層,13,辦公商業大樓,見其他登記事項,鋼筋混凝土造,1030420,344.01,0,0,0,無,無,無,80000,233,,0.0,0,,RPROMLLKJIKFFAH97EC
平鎮區,房地(土地+建物),桃園市平鎮區龍南路188巷17弄4號五樓,24.8,商,,,1040726,土地1建物1車位0,五層,6,華廈(10層含以下有電梯),住家用,鋼筋混凝土造,0830506,121.28,3,2,2,有,無,有,8000,66,,0.0,0,,RPPNMLLKJIKFFGH28EC
大溪區,房地(土地+建物),桃園市大溪區慈光街123號,119.97,住,,,1040724,土地1建物1車位0,全,4,透天厝,見其他登記事項,鋼筋混凝土造,1021001,283.03,5,3,3,有,無,有,30000,106,,0.0,0,,RPQOMLMKJIKFFCH18EC
桃園區,建物,桃園市桃園區守法路25之3號,0.0,,,,1041111,土地0建物1車位0,四層,5,公寓(5樓含以下無電梯),住家用,鋼筋混凝土造,0690624,73.78,3,1,1,有,無,有,6000,81,,0.0,0,,RPVNMLMKJIKFFAH18CC
桃園區,建物,桃園市桃園區永安路171號一樓,0.0,住,,,1041031,土地0建物0車位0,全,2,透天厝,住家用,加強磚造,0611028,132.65,0,0,0,無,無,無,21000,158,,0.0,0,,RPXNMLMKJIKFFAH38CC
中壢區,土地,復興段2135地號,1719.02,住,,,1041015,土地1建物0車位0,,,其他,,,,0.0,0,0,0,有,無,無,333060,194,,0.0,0,,RPWQMLNKJIKFFBH78CC
中壢區,土地,復興段2137-2地號,2883.21,住,,,1041015,土地2建物0車位0,,,其他,,,,0.0,0,0,0,有,無,無,279258,97,,0.0,0,,RPQRMLNKJIKFFBH28CC
中壢區,房地(土地+建物)+車位,桃園市中壢區龍岡路三段281巷76號3樓,21.53,住,,,1041111,土地1建物1車位1,三層,13,住宅大樓(11層含以上有電梯),見其他登記事項,鋼筋混凝土造,1031031,98.14000000000001,2,2,1,有,有,有,12000,122,坡道平面,33.26,0,,RPROMLNKJIKFFBH18DC
中壢區,房地(土地+建物),桃園市中壢區新中北路二段449巷62號,776.19,住,,,1041028,土地1建物1車位0,全,5,透天厝,見其他登記事項,鋼筋混凝土造,0951115,237.9,5,3,4,有,有,有,19000,80,,0.0,0,,RPSNMLOKJIKFFBH18CC
中壢區,房地(土地+建物),桃園市中壢區中北路二段196號9樓,16.4,住,,,1041110,土地1建物1車位0,九層,10,華廈(10層含以下有電梯),住家用,鋼筋混凝土造,0900115,101.18,3,2,2,有,無,無,14000,138,,0.0,0,,RPTNMLOKJIKFFBH28CC
龜山區,房地(土地+建物),桃園市龜山區文化七路181巷53弄12號,69.41,住,,,1041109,土地1建物1車位0,全,3,透天厝,住家用,鋼筋混凝土造,0841204,185.42,5,2,3,有,無,有,23000,124,,0.0,0,,RPOOMLQKJIKFFAH97CC
平鎮區,房地(土地+建物),桃園市平鎮區龍南陸188巷17弄6號二樓之一,13.32,商,,,1041018,土地1建物1車位0,二層,6,華廈(10層含以下有電梯),住家用,鋼筋混凝土造,0830506,64.61,2,1,1,有,無,有,7000,108,,0.0,0,,RPVPMLQKJIKFFGH76CC
桃園區,房地(土地+建物),桃園市桃園區國際路二段561巷2號,3032.34,其他,,,1041101,土地3建物1車位0,見其他登記事項,2,工廠,工業用,加強磚造,0620120,1089.73,0,0,0,無,無,無,300000,,,0.0,0,,RPQPMLQKJIKFFAH38DC
桃園區,房地(土地+建物)+車位,桃園市桃園區國際一路160號3樓,21.43,住,,,1041108,土地1建物1車位1,三層,12,住宅大樓(11層含以上有電梯),住家用,鋼筋混凝土造,1020102,124.27,3,2,2,有,有,有,13500,109,坡道平面,36.5,0,,RPRQMLQKJIKFFAH58DC
蘆竹區,房地(土地+建物),桃園市蘆竹區五福六路62之2號,22.55,住,,,1041101,土地1建物1車位0,三層,7,華廈(10層含以下有電梯),住家用,鋼筋混凝土造,0811231,82.78,3,2,2,有,有,無,11000,133,,0.0,0,,RPPOMLQKJIKFFEH58DC
桃園區,房地(土地+建物)+車位,桃園市桃園區新埔六街99號17樓,33.05,商,,,1041021,土地1建物1車位3,十七層,25,辦公商業大樓,見其他登記事項,鋼筋混凝土造,0990422,409.77,0,0,0,無,有,無,75000,183,坡道平面,74.94,0,,RPXNMLRKJIKFFAH98DC
平鎮區,房地(土地+建物),桃園市平鎮區龍祥路238號,75.46,,特定農業區,甲種建築用地,1041019,土地1建物1車位0,全,5,透天厝,見其他登記事項,鋼筋混凝土造,0871230,185.07,4,2,3,有,無,有,12000,65,,0.0,0,,RPVNMLRKJIKFFGH66CC
平鎮區,房地(土地+建物),桃園市平鎮區龍祥路238號,75.46,,特定農業區,甲種建築用地,1041019,土地1建物1車位0,全,5,透天厝,見其他登記事項,鋼筋混凝土造,0871230,185.07,4,2,3,有,無,有,12000,65,,0.0,0,,RPWNMLRKJIKFFGH76CC
平鎮區,房地(土地+建物),桃園市平鎮區龍祥路238號,75.46,,特定農業區,甲種建築用地,1041019,土地1建物1車位0,全,5,透天厝,見其他登記事項,鋼筋混凝土造,0871230,185.07,4,2,2,有,無,有,12000,65,,0.0,0,,RPXNMLRKJIKFFGH86CC
平鎮區,房地(土地+建物),桃園市平鎮區龍南路430巷60弄6號三樓,21.08,住,,,1041019,土地1建物1車位0,三層,6,華廈(10層含以下有電梯),住家用,鋼筋混凝土造,0820907,111.29,3,2,2,有,無,有,7000,63,,0.0,0,,RPOOMLRKJIKFFGH68CC
平鎮區,房地(土地+建物),桃園市平鎮區龍祥路238號,75.46,,特定農業區,甲種建築用地,1041019,土地1建物1車位0,全,5,透天厝,見其他登記事項,鋼筋混凝土造,0871230,185.07,4,2,3,有,無,有,12000,65,,0.0,0,,RPPOMLRKJIKFFGH78CC
平鎮區,房地(土地+建物),桃園市平鎮區龍南路188巷25號六樓,22.9,商,,,1041107,土地1建物1車位0,六層,6,華廈(10層含以下有電梯),住家用,鋼筋混凝土造,0830506,162.85000000000002,3,2,2,有,無,有,7000,43,,0.0,0,,RPQOMLRKJIKFFGH88CC
中壢區,房地(土地+建物),桃園市中壢區元化路303號,9.18,商,,,1041111,土地1建物1車位0,一層,24,店面(店鋪),見其他登記事項,鋼筋混凝土造,1010322,83.24,0,2,1,有,有,無,80000,961,,0.0,0,,RPXPMLRKJIKFFBH66DC
桃園區,建物,桃園市桃園區南京街22-1號,0.0,,,,1041116,土地0建物1車位0,二層,5,公寓(5樓含以下無電梯),住家用,鋼筋混凝土造,0790312,86.49,3,2,2,有,無,有,11000,127,,0.0,0,,RPQNMLRKJIKFFAH18CC
龜山區,房地(土地+建物),桃園市龜山區優美街26號2樓,27.53,,鄉村區,乙種建築用地,1041115,土地1建物1車位0,二層,4,公寓(5樓含以下無電梯),住家用,鋼筋混凝土造,0700417,78.0,2,2,1,有,無,無,6000,77,,0.0,0,,RPRPMLRKJIKFFAH48CC
桃園區,房地(土地+建物),桃園市桃園區慈文路230巷14弄14號,63.0,住,,,1041102,土地1建物1車位0,全,2,透天厝,住家用,加強磚造,0600515,77.36,4,5,3,有,無,無,15000,194,,0.0,0,,RPPOMLSKJIKFFAH28CC
龜山區,房地(土地+建物)+車位,桃園市龜山區文興路192號13樓,17.23,商,,,1041028,土地1建物1車位1,十三層,13,住宅大樓(11層含以上有電梯),住家用,鋼筋混凝土造,0941108,171.97,4,2,2,有,有,有,25555,149,坡道平面,33.07,0,,RPVOMLSKJIKFFAH88CC
龍潭區,房地(土地+建物),桃園市龍潭區北龍路242號,62.52,住,,,1041116,土地1建物1車位0,見其他登記事項,2,店面(店鋪),住商用,加強磚造,0610130,124.0,0,0,0,無,無,有,30000,242,,0.0,0,,RPROMLSKJIKFFCH68CC
大園區,房地(土地+建物)+車位,桃園市大園區領航北路4段372號5樓之1,25.1,住,,,1041113,土地1建物1車位1,五層,10,華廈(10層含以下有電梯),住家用,鋼筋混凝土造,0970401,141.78,2,2,1,有,有,有,16000,113,坡道平面,27.15,0,,RPSNMLSKJIKFFEH98DC
平鎮區,房地(土地+建物),桃園市平鎮區廣平街176巷2之1號,56.0,住,,,1041116,土地1建物1車位0,全,3,透天厝,住家用,鋼筋混凝土造,0670908,124.41,4,2,5,有,無,有,29000,233,,0.0,0,,RPXNMLSKJIKFFGH17EC
八德區,房地(土地+建物),桃園市八德區仁愛街8巷23號十三樓,24.16,住,,,1041104,土地1建物1車位0,十三層,13,住宅大樓(11層含以上有電梯),國民住宅,鋼筋混凝土造,0881125,178.09,3,2,2,有,有,有,13000,73,,0.0,0,,RPWNMLSKJIKFFFH96EC
觀音區,建物,桃園市觀音區成功路一段504號,0.0,,工業區,丁種建築用地,1041113,土地0建物1車位0,見其他登記事項,4,工廠,見其他登記事項,鋼筋混凝土造,0781009,9098.92,0,0,0,無,無,無,582750,,,0.0,0,,RPTOMLTKJIKFFBH88CC
八德區,建物,桃園市八德區福國北街90號9樓之1,0.0,住,,,1041103,土地0建物1車位0,九層,12,華廈(10層含以下有電梯),住家用,鋼筋混凝土造,0820427,119.75,3,2,2,有,有,無,22000,184,,0.0,0,,RPQNMLKLJIKFFFH08CC
龜山區,建物,桃園市桃園區光峰路281巷8號,30.66,住,,,1041120,土地0建物1車位0,一層,12,店面(店鋪),見其他登記事項,鋼筋混凝土造,1001110,98.5,0,0,0,無,有,無,22000,223,,0.0,0,,RPSOMLKLJIKFFAH87CC
八德區,房地(土地+建物)+車位,桃園市八德區豐德路210號9樓,19.02,住,,,1041024,土地1建物1車位1,九層,15,住宅大樓(11層含以上有電梯),住家用,鋼筋混凝土造,1030819,114.65,2,2,1,有,有,有,13000,113,坡道平面,20.37,0,,RPTNMLKLJIKFFFH48DC
八德區,房地(土地+建物),桃園市八德區介壽路一段399巷4之2號,25.1,住,,,1041107,土地1建物1車位0,三層,4,公寓(5樓含以下無電梯),住家用,鋼筋混凝土造,0690527,68.0,3,1,1,有,無,有,13000,191,,0.0,0,,RPXNMLKLJIKFFFH88DC
八德區,土地,明智段10地號,1327.31,住,,,1041117,土地1建物0車位0,,,其他,,,,0.0,0,0,0,有,無,無,152000,115,,0.0,0,,RPOOMLKLJIKFFFH08DC
桃園區,房地(土地+建物)+車位,桃園市桃園區同德十街30巷6號4樓,17.1,住,,,1041028,土地1建物1車位1,四層,7,華廈(10層含以下有電梯),住家用,鋼筋混凝土造,0850513,122.91,3,2,2,有,有,有,15000,122,坡道平面,21.8,0,,RPTOMLLLJIKFFAH08CC
桃園區,房地(土地+建物),桃園市桃園區介壽路3之8號3樓,8.77,住,,,1041101,土地1建物1車位0,三層,14,住宅大樓(11層含以上有電梯),住家用,鋼筋混凝土造,0920728,66.42,2,1,1,有,有,有,12000,181,,0.0,0,,RPVOMLLLJIKFFAH28CC
桃園區,建物,桃園市桃園區國強一街268號3樓,0.0,,,,1041122,土地0建物1車位0,三層,9,華廈(10層含以下有電梯),住家用,鋼筋混凝土造,0920428,92.6,2,2,1,有,無,有,13000,140,,0.0,0,,RPOPMLNLJIKFFAH87CC
八德區,房地(土地+建物)+車位,桃園市八德區大智路107號13樓,25.14,住,,,1041113,土地1建物1車位1,十三層,13,住宅大樓(11層含以上有電梯),住家用,鋼筋混凝土造,1010713,195.31,4,2,2,有,有,有,17500,90,坡道平面,35.73,0,,RPOOMLNLJIKFFFH38DC
桃園區,房地(土地+建物),桃園市桃園區經國路36號,2795.0,住,,,1040327,土地2建物1車位0,一層,1,店面(店鋪),住家用,見其他登記事項,1030831,753.07,0,0,0,無,無,無,68400,91,,0.0,0,,RPVPMLNLJIKFFAH78EC
大溪區,房地(土地+建物),桃園市大溪區仁善街102號,53.71,住,,,1041022,土地1建物2車位0,一層,3,店面(店鋪),見其他登記事項,鋼筋混凝土造,1030113,360.24,0,0,0,無,有,無,65000,180,,0.0,0,,RPQNMLNLJIKFFCH18DC
龜山區,房地(土地+建物),桃園市龜山區文善街73號,712.0,住,,,1041120,土地1建物1車位0,全,5,透天厝,見其他登記事項,鋼筋混凝土造,0940510,76.2,5,3,4,有,無,有,28000,367,,0.0,0,,RPUOMLNLJIKFFAH48DC
平鎮區,房地(土地+建物),桃園市平鎮區上海路188隻1號11樓,20.03,住,,,1041120,土地1建物2車位0,十一層,15,住宅大樓(11層含以上有電梯),住家用,鋼筋混凝土造,0951213,118.09,2,1,1,有,無,有,12000,102,,0.0,0,,RPROMLOLJIKFFGH88DC
中壢區,建物,桃園市中壢區溪洲街267巷6號3樓,0.0,住,,,1041101,土地0建物1車位0,三層,11,住宅大樓(11層含以上有電梯),住家用,鋼筋混凝土造,0940519,118.42,3,2,2,有,有,無,14000,118,,0.0,0,,RPQPMLOLJIKFFBH28CC
中壢區,建物,桃園市中壢區環中東路21號,0.0,住,,,1041114,土地0建物1車位0,一層,5,店面(店鋪),住家用,鋼筋混凝土造,0740321,87.46,0,0,0,無,無,無,40000,457,,0.0,0,,RPWPMLOLJIKFFBH88CC
龜山區,房地(土地+建物),桃園市龜山區文化五路90號1樓,26.5,住,,,1041101,土地1建物1車位0,一層,5,店面(店鋪),見其他登記事項,鋼筋混凝土造,0940202,125.52,2,1,2,有,無,有,20000,159,,0.0,0,,RPOPMLPLJIKFFAH08CC
龍潭區,房地(土地+建物),桃園市龍潭區中興路63巷100弄8號4樓,44.1,,鄉村區,乙種建築用地,1041026,土地1建物1車位0,四層,7,華廈(10層含以下有電梯),住家用,鋼筋混凝土造,0830311,152.23000000000002,4,2,2,有,有,無,12800,84,,0.0,0,,RPUNMLPLJIKFFCH78DC
龍潭區,房地(土地+建物),桃園市龍潭區干城路315巷141弄11號,67.48,,鄉村區,乙種建築用地,1041123,土地1建物1車位0,全,4,透天厝,見其他登記事項,鋼筋混凝土造,0871113,161.63,4,2,2,有,有,無,10000,62,,0.0,0,,RPQNMLQLJIKFFCH48DC
龍潭區,房地(土地+建物),桃園市龍潭區中豐路345號1樓,50.04,,鄉村區,乙種建築用地,1041101,土地0建物1車位0,一層,4,店面(店鋪),住商用,鋼筋混凝土造,0860626,50.04,0,0,0,無,無,無,12000,240,,0.0,0,,RPSNMLQLJIKFFCH68DC
桃園區,房地(土地+建物),桃園市桃園區慈文路220號1樓,83.0,住,,,1041115,土地3建物1車位0,一層,2,店面(店鋪),住家用,加強磚造,0600710,65.09,0,0,1,有,無,無,25000,384,,0.0,0,,RPPOMLQLJIKFFAH18CC
中壢區,房地(土地+建物),桃園市中壢區富村街108之1號3樓,24.18,住,,,1041120,土地1建物1車位0,三層,7,華廈(10層含以下有電梯),住家用,鋼筋混凝土造,0861030,129.93,3,2,2,有,有,有,10000,77,,0.0,0,,RPXNMLQLJIKFFBH98CC
中壢區,房地(土地+建物),桃園市中壢區致祥一街238巷23號4-1F,12.0,住,,,1041101,土地1建物1車位0,全,4,透天厝,住家用,鋼筋混凝土造,0830914,29.0,1,0,1,有,無,有,8000,276,,0.0,0,,RPTOMLQLJIKFFBH68CC
中壢區,建物,桃園市中壢區興寧街26巷9號,0.0,農,,,1041029,土地0建物1車位0,全,4,透天厝,見其他登記事項,鋼筋混凝土造,0930625,245.71,4,2,4,有,無,有,25000,102,,0.0,0,,RPRPMLQLJIKFFBH58CC
中壢區,建物,桃園市中壢區復興路48號7樓,0.0,商,,,1041126,土地0建物1車位0,七層,12,辦公商業大樓,住家用,鋼筋混凝土造,0800206,134.23,3,0,4,有,有,無,13000,97,,0.0,0,,RPQQMLQLJIKFFBH58CC
八德區,房地(土地+建物),桃園市八德區介壽路一段947巷14號一樓,26.53,住,,,1041121,土地1建物1車位0,一層,6,華廈(10層含以下有電梯),住商用,鋼筋混凝土造,0830811,127.27000000000001,2,2,1,有,無,無,12000,94,,0.0,0,,RPQNMLQLJIKFFFH68CC
大園區,房地(土地+建物),桃園市大園區後厝村4鄰後厝18-4號,1820.0,,一般農業區,農牧用地,1041126,土地1建物1車位0,見其他登記事項,1,農舍,農舍,見其他登記事項,1000420,181.04,1,1,1,有,無,有,24000,,,0.0,0,,RPRNMLQLJIKFFEH68CC
龜山區,房地(土地+建物)+車位,桃園市龜山區文興路146號10樓之2,30.28,商,,,1041127,土地1建物1車位1,十層,11,辦公商業大樓,見其他登記事項,鋼筋混凝土造,0820112,273.24,0,0,1,有,有,有,31000,113,坡道平面,0.0,0,,RPVNMLRLJIKFFAH78CC
平鎮區,土地,廣東段1523地號,113.0,其他,,,1041122,土地1建物0車位0,,,其他,,,,0.0,0,0,0,有,無,無,36000,319,,0.0,0,,RPQPMLRLJIKFFGH56DC
蘆竹區,房地(土地+建物),桃園市蘆竹區中正路25號十四樓之9,6.64,住,,,1041105,土地1建物1車位0,十四層,27,住宅大樓(11層含以上有電梯),住家用,鋼筋混凝土造,0860122,47.06,0,0,0,無,有,有,11000,234,,0.0,0,,RPPNMLRLJIKFFEH68DC
蘆竹區,房地(土地+建物),桃園市蘆竹區南崁路二段193號二樓之1,24.14,工,,,1041120,土地1建物1車位0,二層,8,華廈(10層含以下有電梯),工業用,鋼筋混凝土造,0820514,158.64,2,2,2,有,無,有,15000,95,,0.0,0,,RPQNMLRLJIKFFEH78DC
蘆竹區,房地(土地+建物),桃園市蘆竹區中正路25號四樓之3,6.64,住,,,1041115,土地1建物1車位0,四層,27,住宅大樓(11層含以上有電梯),住家用,鋼筋混凝土造,0860122,47.05,0,0,0,無,有,有,10000,213,,0.0,0,,RPRNMLRLJIKFFEH88DC
蘆竹區,房地(土地+建物),桃園市蘆竹區蘆竹區中正路311號九樓之11,5.64,住,,,1041122,土地1建物1車位0,九層,17,住宅大樓(11層含以上有電梯),住家用,鋼筋混凝土造,0910523,57.67,2,1,1,有,無,有,10000,173,,0.0,0,,RPUNMLRLJIKFFEH56DC
八德區,房地(土地+建物),桃園市八德區中華路5巷48號七樓,16.77,住,,,1041026,土地1建物1車位0,七層,15,住宅大樓(11層含以上有電梯),住家用,鋼筋混凝土造,1021103,124.30000000000001,2,2,1,有,有,有,15500,125,,0.0,0,,RPUOMLKMJIKFFFH88EC
八德區,房地(土地+建物)+車位,桃園市八德區中正路122號11樓,13.21,商,,,1041128,土地1建物1車位1,十一層,15,住宅大樓(11層含以上有電梯),住家用,鋼筋混凝土造,1030623,119.21000000000001,2,2,1,有,有,無,11500,96,坡道平面,29.66,0,,RPWOMLKMJIKFFFH88CC
中壢區,房地(土地+建物),桃園市中壢區環北路352號16樓之7,6.23,住,,,1041120,土地1建物1車位0,十六層,21,住宅大樓(11層含以上有電梯),住家用,鋼筋混凝土造,0980629,82.56,2,2,1,有,有,有,18000,218,,0.0,0,,RPRPMLKMJIKFFBH08CC
龍潭區,房地(土地+建物)+車位,桃園市龍潭區百年二街31號1樓,24.53,,鄉村區,乙種建築用地,1041117,土地2建物1車位1,一層,15,住宅大樓(11層含以上有電梯),住家用,鋼筋混凝土造,0860626,78.6,2,1,2,有,有,有,11000,140,坡道平面,36.44,0,租金內含1160元/月管理費,RPVNMLLJKIKFFCH28CC
平鎮區,房地(土地+建物),桃園市平鎮區龍南路686號四樓之2,13.51,住,,,1041112,土地1建物1車位0,四層,7,華廈(10層含以下有電梯),住家用,鋼筋混凝土造,0830620,78.23,2,2,1,有,無,有,8000,102,,0.0,0,,RPWNMLLJKIKFFGH78CC
平鎮區,房地(土地+建物),桃園市平鎮區平東路239巷73弄43號,60.0,住,,,1041114,土地2建物1車位0,全,3,透天厝,住家用,加強磚造,0700214,84.6,4,2,3,有,無,有,13000,154,,0.0,0,,RPOOMLLJKIKFFGH08CC
平鎮區,建物,桃園市平鎮區延平路三段21號一樓前段,0.0,住,,,1041110,土地0建物0車位0,全,2,透天厝,見其他登記事項,鋼筋混凝土造,0841229,52.89,0,0,0,無,無,無,20000,378,,0.0,0,,RPRPMLMJKIKFFGH58CC
平鎮區,房地(土地+建物)+車位,桃園市平鎮區湧光路2巷31弄25號三樓,31.16,商,,,1041107,土地1建物1車位1,三層,5,公寓(5樓含以下無電梯),住家用,鋼筋混凝土造,0840330,94.49,2,1,1,有,無,有,6000,84,坡道平面,34.74,1000,,RPOPMLMJKIKFFGH48EC
平鎮區,房地(土地+建物),桃園市平鎮區中豐路山頂段323之2號,55.9,商,,,1041117,土地1建物1車位0,三層,5,店面(店鋪),商業用,鋼筋混凝土造,0710801,61.22,0,0,0,無,無,有,5000,82,,0.0,0,,RPPPMLMJKIKFFGH58EC
中壢區,房地(土地+建物),桃園市中壢區民族路46號,88.0,住,,,1041103,土地1建物1車位0,全,2,透天厝,住家用,加強磚造,0630729,138.8,2,2,2,有,無,無,47000,339,,0.0,0,,RPTPMLMJKIKFFBH28CC
中壢區,建物,桃園市中壢區中豐北路65號5樓,0.0,住,,,1041110,土地0建物1車位0,五層,10,辦公商業大樓,住家用,鋼筋混凝土造,0870401,74.22,0,0,0,無,有,無,10000,135,,0.0,0,,RPWPMLMJKIKFFBH58CC
中壢區,建物,桃園市中壢區復華七街31號5樓,0.0,住,,,1041124,土地0建物1車位0,五層,5,公寓(5樓含以下無電梯),住家用,鋼筋混凝土造,0701223,76.64,3,2,1,有,有,無,7500,98,,0.0,0,,RPOQMLMJKIKFFBH87CC
中壢區,建物,桃園市中壢區新生路611巷15號,66.0,住,,,1041127,土地0建物1車位0,全,2,透天厝,住家用,加強磚造,0631119,104.28,4,2,2,有,無,無,15000,144,,0.0,0,,RPTQMLMJKIKFFBH38CC
桃園區,建物,桃園市桃園區民生路486號一樓,0.0,商,,,1041120,土地0建物1車位0,見使用執照,14,店面(店鋪),商業用,鋼筋混凝土造,0861020,163.79,2,2,2,有,有,無,21500,131,,0.0,0,,RPPQMLMJKIKFFAH87CC
桃園區,建物,桃園市桃園區長春路154號,0.0,住,,,1041123,土地0建物1車位0,一層,7,店面(店鋪),見其他登記事項,鋼筋混凝土造,0800124,241.4,0,0,0,無,有,無,22000,91,,0.0,0,,RPQQMLMJKIKFFAH97CC
桃園區,建物,桃園市桃園區秀山路140號5樓,0.0,,,,1041203,土地0建物1車位0,五層,6,華廈(10層含以下有電梯),住家用,鋼筋混凝土造,0850202,132.0,4,2,2,有,無,無,14000,106,,0.0,0,,RPXPMLNJKIKFFAH68CC
八德區,房地(土地+建物)+車位,桃園市八德區仁德二路26號六樓,20.08,住,,,1041103,土地1建物1車位1,六層,13,住宅大樓(11層含以上有電梯),住家用,鋼筋混凝土造,1020823,136.34,2,1,1,有,有,無,13000,0,坡道平面,38.87,0,,RPQNMLNJKIKFFFH38DC
八德區,房地(土地+建物)+車位,桃園市八德區建德路255號七樓,15.25,商,,,1041101,土地1建物1車位1,七層,18,住宅大樓(11層含以上有電梯),住家用,鋼筋混凝土造,1031006,139.42000000000002,2,2,1,有,無,有,11000,79,坡道平面,0.0,0,,RPWOMLNJKIKFFFH09DC
八德區,房地(土地+建物)+車位,桃園市八德區豐德路212號十樓,19.93,住,,,1041103,土地1建物1車位1,十層,15,住宅大樓(11層含以上有電梯),住家用,鋼筋混凝土造,1030819,117.58,2,2,1,有,有,無,12000,102,坡道平面,0.0,0,,RPXOMLNJKIKFFFH56DC
八德區,房地(土地+建物)+車位,桃園市八德區建德路243號四樓,22.86,商,,,1041125,土地1建物1車位1,四層,18,住宅大樓(11層含以上有電梯),住家用,鋼筋混凝土造,1031006,189.68,3,2,2,有,有,有,15000,79,坡道平面,33.07,0,,RPTNMLOJKIKFFFH88EC
中壢區,房地(土地+建物),桃園市中壢區環北路346號6樓之5,11.02,住,,,1041126,土地1建物1車位0,六層,22,住宅大樓(11層含以上有電梯),住家用,鋼筋混凝土造,0980629,96.67,2,2,2,有,有,有,23000,238,,0.0,0,,RPTNMLOJKIKFFBH38DC
桃園區,房地(土地+建物)+車位,桃園市桃園區中正路925號8樓,27.3,其他,,,1041112,土地1建物1車位1,八層,12,辦公商業大樓,見其他登記事項,鋼筋混凝土造,0810731,175.08,0,0,0,無,有,無,33000,188,坡道平面,0.0,0,,RPTNMLOJKIKFFAH18CC
中壢區,建物,桃園市中壢區長興街21之1號六樓,0.0,住,,,1041123,土地0建物1車位1,六層,11,住宅大樓(11層含以上有電梯),見其他登記事項,鋼筋混凝土造,1011128,128.91,2,2,2,有,有,有,16125,125,坡道平面,0.0,0,,RPPPMLOJKIKFFBH08CC
中壢區,房地(土地+建物),桃園市中壢區榮民南路58號,127.34,農,,,1041127,土地2建物1車位0,全,2,透天厝,住家用,加強磚造,0661001,127.08,3,2,2,有,無,無,20000,157,,0.0,0,,RPSOMLRJKIKFFBH58CC
中壢區,建物,桃園市中壢區成章四街67巷11號5樓,0.0,住,,,1041130,土地0建物1車位0,五層,5,公寓(5樓含以下無電梯),住家用,鋼筋混凝土造,0761211,90.11,3,2,2,有,無,無,8000,89,,0.0,0,,RPUOMLRJKIKFFBH78CC
桃園區,房地(土地+建物),桃園市桃園區守法路50巷3之2號三樓,81.0,住,,,1041130,土地1建物1車位0,三層,4,公寓(5樓含以下無電梯),住家用,鋼筋混凝土造,0681226,54.33,2,1,1,有,無,有,10000,184,,0.0,0,,RPPQMLRJKIKFFAH38CC
八德區,房地(土地+建物),桃園市八德區豐田三路72號,126.22,住,,,1041106,土地1建物1車位0,全,5,透天厝,見其他登記事項,鋼筋混凝土造,1011106,128.48,1,1,2,有,無,無,17000,132,,0.0,0,,RPRNMLRJKIKFFFH98EC
中壢區,建物,桃園市中壢區環中東路212之2號,22.1,住,,,1041201,土地0建物1車位0,一層,14,住宅大樓(11層含以上有電梯),商業用,鋼筋混凝土造,0930515,169.15,0,0,0,無,無,無,70000,414,,0.0,0,,RPXOMLSJKIKFFBH56CC
八德區,土地,永福段472地號,90.21,住,,,1041203,土地1建物0車位0,,,其他,,,,0.0,1,0,0,有,無,無,6500,72,,0.0,0,建物未辦理保存登此建物改二間套房出租,RPWOMLKKKIKFFFH78CC
大園區,房地(土地+建物)+車位,桃園市大園區領航北路4段372號9樓之3,26.77,住,,,1041121,土地1建物1車位1,九層,10,華廈(10層含以下有電梯),住家用,鋼筋混凝土造,0970401,122.3,3,2,2,有,有,有,18000,147,坡道平面,27.15,0,,RPXNMLKKKIKFFEH78DC
中壢區,房地(土地+建物),桃園市中壢區華美一路161巷8號4樓,25.5,住,,,1041126,土地1建物1車位0,四層,4,公寓(5樓含以下無電梯),住家用,鋼筋混凝土造,0700108,66.48,3,2,1,有,無,有,7000,105,,0.0,0,,RPURMLKKKIKFFBH58DC
觀音區,房地(土地+建物),桃園市觀音區新富路300號,79.83,,特定農業區,甲種建築用地,1041014,土地3建物1車位0,全,4,透天厝,見其他登記事項,鋼筋混凝土造,0990430,201.33,4,3,3,有,無,無,18000,89,,0.0,0,,RPVTMLKKKIKFFBH88DC
中壢區,房地(土地+建物),桃園市中壢區吉林路７７巷１５、１７號,141.0,,工業區,丁種建築用地,1041111,土地1建物2車位0,全,3,透天厝,見其他登記事項,鋼筋混凝土造,0730130,279.66,6,2,4,有,無,無,33000,118,,0.0,0,,RPXQMLLKKIKFFBH88DC
中壢區,房地(土地+建物),桃園市中壢區桃園市中壢區忠孝路３３５號一樓,82.5,住,,,1041113,土地1建物1車位0,全,2,透天厝,住家用,加強磚造,0661125,121.0,0,1,1,有,無,無,50000,413,,0.0,0,,RPPRMLLKKIKFFBH18DC
中壢區,房地(土地+建物),桃園市中壢區中北路二段１９１號一樓,107.53,住,,,1041125,土地1建物1車位0,一層,4,店面(店鋪),見其他登記事項,鋼筋混凝土造,0970201,61.67,0,1,1,有,有,無,21000,341,,0.0,0,,RPQRMLLKKIKFFBH28DC
龍潭區,房地(土地+建物),桃園市龍潭區龍潭區渴望路243巷1號1518號房,0.33,,山坡地保育區,丙種建築用地,1041017,土地1建物1車位0,二層,7,套房(1房1廳1衛),見其他登記事項,鋼筋混凝土造,0880513,26.44,1,1,1,有,無,有,9800,371,,0.0,0,,RPUNMLLKKIKFFCH28CC
龍潭區,房地(土地+建物),桃園市龍潭區龍潭區渴望路243巷1號3915號房,0.33,,山坡地保育區,丙種建築用地,1041031,土地1建物1車位0,三層,7,套房(1房1廳1衛),見其他登記事項,鋼筋混凝土造,0880513,26.44,1,1,1,有,無,有,7500,284,,0.0,0,,RPWNMLLKKIKFFCH48CC
龍潭區,房地(土地+建物),桃園市龍潭區龍潭區渴望路243巷1號3715號房,0.33,,山坡地保育區,丙種建築用地,1041031,土地1建物1車位0,二層,7,套房(1房1廳1衛),見其他登記事項,鋼筋混凝土造,0880513,26.44,1,1,1,有,無,有,7500,284,,0.0,0,,RPOOMLLKKIKFFCH77CC
龍潭區,房地(土地+建物),桃園市龍潭區龍潭區渴望路243巷1號1201號房,0.33,,山坡地保育區,丙種建築用地,1041107,土地1建物1車位0,三層,7,套房(1房1廳1衛),見其他登記事項,鋼筋混凝土造,0880513,26.44,1,1,1,有,無,有,8500,321,,0.0,0,,RPQOMLLKKIKFFCH97CC
龍潭區,房地(土地+建物),桃園市龍潭區龍潭區渴望路243巷1號3801號房,0.33,,山坡地保育區,丙種建築用地,1041107,土地1建物1車位0,三層,7,套房(1房1廳1衛),見其他登記事項,鋼筋混凝土造,0880513,26.44,1,1,1,有,無,有,7500,284,,0.0,0,,RPROMLLKKIKFFCH08CC
桃園區,房地(土地+建物),桃園市桃園區大同西路8巷14號,101.0,住,,,1041205,土地1建物1車位0,全,2,透天厝,住家用,加強磚造,0591001,114.24,5,3,2,有,無,無,15000,131,,0.0,0,,RPXOMLLKKIKFFAH58DC
桃園區,房地(土地+建物)+車位,桃園市桃園區大林路35號7樓,29.57,住,,,1041124,土地1建物1車位1,七層,8,華廈(10層含以下有電梯),住家用,鋼筋混凝土造,0920724,41.07,3,2,2,有,有,有,18000,438,坡道平面,0.0,0,,RPOPMLLKKIKFFAH77DC
桃園區,房地(土地+建物),桃園市桃園區中埔一街76號,139.0,住,,,1041203,土地1建物1車位0,全,4,透天厝,見其他登記事項,鋼筋混凝土造,0961218,398.18,4,1,4,有,無,無,62000,156,,0.0,0,,RPTOMLLKKIKFFAH08CC
桃園區,房地(土地+建物),桃園市桃園區成功路二段183號,20.71,商,,,1041211,土地1建物1車位0,全,5,透天厝,見其他登記事項,鋼筋混凝土造,1001110,326.48,0,0,0,無,無,無,63000,193,,0.0,0,,RPPNMLMKKIKFFAH67CC
龜山區,房地(土地+建物),桃園市龜山區文二一街20號8樓之3,2885.0,住,,,1041212,土地1建物1車位0,八層,10,華廈(10層含以下有電梯),見其他登記事項,鋼筋混凝土造,0920820,11.4,2,1,1,有,有,有,11000,965,,0.0,0,,RPRNMLMKKIKFFAH97DC
桃園區,土地,中德段1034地號,12.55,住,,,1041204,土地1建物0車位0,,,其他,,,,0.0,0,0,0,有,有,無,0,0,,0.0,0,,RPVPMLOKKIKFFAH78DC
大園區,房地(土地+建物),桃園市大園區平安路16巷3弄17號,79.0,住,,,1041205,土地1建物1車位0,全,2,透天厝,住家用,加強磚造,0640710,96.0,4,2,2,有,無,有,12000,125,,0.0,0,,RPSNMLOKKIKFFEH68DC
八德區,房地(土地+建物),桃園市八德區大和路116號,32.29,住,,,1041127,土地1建物1車位0,見其他登記事項,15,住宅大樓(11層含以上有電梯),住商用,鋼筋混凝土造,0981016,302.22,0,0,0,無,有,無,55000,182,,0.0,0,,RPWPMLOKKIKFFFH76DC
八德區,房地(土地+建物),桃園市八德區大智路129號11樓,11.17,住,,,1041204,土地1建物1車位0,十一層,12,住宅大樓(11層含以上有電梯),住家用,鋼筋混凝土造,1020821,159.57,3,2,2,有,有,有,18000,113,,0.0,0,與桃園所合併申報,RPXPMLOKKIKFFFH86DC
八德區,房地(土地+建物)+車位,桃園市八德區大智路122號3樓,19.61,住,,,1041205,土地1建物1車位0,三層,13,住宅大樓(11層含以上有電梯),住家用,鋼筋混凝土造,1001118,153.54,3,2,2,有,有,有,17000,111,坡道平面,30.76,0,,RPOQMLOKKIKFFFH68DC
八德區,房地(土地+建物),桃園市八德區公園路73號20樓,46.05,住,,,1041130,土地1建物1車位0,二十層,20,住宅大樓(11層含以上有電梯),住家用,鋼筋混凝土造,1030430,210.73999999999998,3,2,2,有,有,有,30000,142,,0.0,0,,RPVQMLOKKIKFFFH76DC
中壢區,房地(土地+建物),桃園市中壢區惠州街83號,87.0,住,,,1041212,土地1建物1車位0,全,2,透天厝,住家用,加強磚造,0750718,119.81,4,2,2,有,無,無,12000,100,,0.0,0,,RPTNMLOKKIKFFBH38CC
桃園區,房地(土地+建物),桃園市桃園區國鼎一街5號9樓之4,8.4,住,,,1041211,土地1建物1車位0,九層,16,住宅大樓(11層含以上有電梯),住家用,鋼筋混凝土造,0840120,72.96,2,2,1,有,有,有,8000,110,,0.0,0,,RPUOMLPKKIKFFAH58CC
大園區,房地(土地+建物),桃園市大園區興德路38之2號,26.39,住,,,1041124,土地1建物1車位0,七層,8,華廈(10層含以下有電梯),住家用,鋼筋混凝土造,1040420,77.62,2,2,1,有,無,有,17000,219,,0.0,0,,RPXNMLPKKIKFFEH66DC
大園區,房地(土地+建物)+車位,桃園市大園區興德路38之1號六樓,21.9,住,,,1041212,土地1建物1車位1,六層,8,華廈(10層含以下有電梯),住家用,鋼筋混凝土造,1040420,65.99,2,2,1,有,無,有,18000,273,坡道平面,29.75,0,,RPSOMLPKKIKFFEH88DC
八德區,房地(土地+建物)+車位,桃園市八德區建德路２４５號１５樓,22.0,商,,,1041213,土地1建物1車位1,十五層,18,住宅大樓(11層含以上有電梯),住家用,鋼筋混凝土造,1031006,146.14,3,2,2,有,有,有,15000,103,坡道平面,0.0,0,,RPUPMLPKKIKFFFH76EC
八德區,房地(土地+建物)+車位,桃園市八德區豐德路360號四樓,41.72,住,,,1041207,土地1建物1車位1,四層,19,住宅大樓(11層含以上有電梯),住家用,鋼筋混凝土造,1020503,206.98000000000002,3,2,2,有,有,無,18000,83,坡道平面,35.87,3864,,RPXPMLPKKIKFFFH07EC
平鎮區,房地(土地+建物),桃園市平鎮區延平路二段430巷90號二樓之2,18.52,住,,,1041201,土地1建物1車位0,二層,7,華廈(10層含以下有電梯),住家用,鋼筋混凝土造,0821117,84.73,3,2,2,有,無,無,8000,94,,0.0,0,,RPQRMLPKKIKFFGH09CC
中壢區,房地(土地+建物)+車位,桃園市中壢區南園二路296巷48號,23.92,住,,,1041128,土地0建物1車位1,一層,15,住宅大樓(11層含以上有電梯),見其他登記事項,鋼筋混凝土造,1030628,152.83,0,0,0,無,有,無,25000,164,坡道平面,33.32,0,,RPPPMLQKKIKFFBH48DC
中壢區,房地(土地+建物)+車位,桃園市中壢區南園二路296巷10號,24.51,住,,,1041208,土地0建物1車位1,一層,15,住宅大樓(11層含以上有電梯),見其他登記事項,鋼筋混凝土造,1030628,157.72,0,0,0,無,有,無,32000,203,坡道平面,33.32,0,,RPQPMLQKKIKFFBH58DC
桃園區,房地(土地+建物)+車位,桃園市桃園區新埔八街53號,33.85,住,,,1040705,土地1建物1車位1,二層,9,店面(店鋪),見其他登記事項,鋼筋混凝土造,0891011,227.36,0,0,0,無,無,無,35000,154,坡道平面,0.0,0,,RPPNMLQKKIKFFAH28EC
桃園區,房地(土地+建物),桃園市桃園區國際路一段1193號十四樓之2,7.14,住,,,1041209,土地1建物1車位0,十四層,25,住宅大樓(11層含以上有電梯),住家用,鋼筋混凝土造,0861128,77.19,2,2,1,有,有,有,10500,136,,0.0,0,,RPRPMLQKKIKFFAH48CC
桃園區,建物,桃園市桃園區中正路50號,0.0,商,,,1041120,土地0建物1車位0,一層,8,店面(店鋪),見其他登記事項,鋼筋混凝土造,0751007,135.3,0,0,0,無,有,無,430000,3178,,0.0,0,,RPXQMLQKKIKFFAH56CC
中壢區,房地(土地+建物),桃園市中壢區內定二十街158巷36號,144.0,工,,,1041215,土地1建物1車位0,二層,2,工廠,工業用,鋼筋混凝土造,0751126,248.98,0,0,0,無,無,無,30000,,,0.0,0,,RPPOMLQKKIKFFBH28CC
八德區,房地(土地+建物),桃園市八德區永豐路222號,263.82,工,,,1041208,土地1建物1車位0,三層,3,工廠,見其他登記事項,見其他登記事項,0900723,407.06,0,0,0,無,無,無,40000,,,0.0,0,,RPRNMLQKKIKFFFH78CC
桃園區,房地(土地+建物)+車位,桃園市桃園區南豐三街30-3號9樓,17.3,住,,,1041128,土地1建物1車位1,九層,14,住宅大樓(11層含以上有電梯),住家用,鋼筋混凝土造,0810707,113.53,3,2,2,有,有,無,10000,88,坡道平面,24.92,0,,RPXOMLRKKIKFFAH09CC
桃園區,房地(土地+建物),桃園市桃園區中州街131巷13之3號,32.9,住,,,1041216,土地1建物1車位0,四層,4,公寓(5樓含以下無電梯),住家用,鋼筋混凝土造,0711102,99.33,3,2,1,有,無,有,21591,217,,0.0,0,,RPQPMLRKKIKFFAH68EC
桃園區,房地(土地+建物),桃園市桃園區建國路101號二樓,150.15,住,,,1041023,土地1建物1車位0,二層,5,華廈(10層含以下有電梯),住家用,鋼筋混凝土造,0810608,248.11,1,1,1,有,有,無,10000,40,,0.0,0,,RPRNMLRKKIKFFAH48DC
桃園區,房地(土地+建物),桃園市桃園區國強一街２６９號十三樓之２,8.31,商,,,1041208,土地1建物1車位0,十三層,13,住宅大樓(11層含以上有電梯),住家用,鋼筋混凝土造,0910620,84.84,2,2,1,有,有,有,14000,165,,0.0,0,,RPSOMLRKKIKFFAH68DC
桃園區,建物,桃園市桃園區鎮撫街１３號１樓,53.25,住,,,1041119,土地0建物1車位0,一層,5,公寓(5樓含以下無電梯),見其他登記事項,鋼筋混凝土造,0730716,112.75,0,0,1,有,無,無,27000,239,,0.0,0,,RPSPMLRKKIKFFAH78DC
桃園區,房地(土地+建物)+車位,桃園市桃園區中正路1130號六樓,59.91,住,,,1041123,土地1建物1車位3,六層,38,住宅大樓(11層含以上有電梯),住家用,見其他登記事項,1011102,663.79,4,2,5,有,有,有,80000,121,坡道平面,70.17,0,,RPOSMLSKKIKFFAH78DC
蘆竹區,房地(土地+建物),桃園市蘆竹區奉化路137號十一樓之5,9.93,商,,,1041213,土地1建物1車位0,十一層,16,住宅大樓(11層含以上有電梯),住家用,鋼筋混凝土造,0850528,82.75,2,2,1,有,無,有,11000,133,,0.0,0,,RPRNMLSKKIKFFEH98DC
蘆竹區,房地(土地+建物),桃園市蘆竹區南竹路三段36號,175.45,農,,,1041208,土地1建物1車位0,一層,1,農舍,農舍,加強磚造,0781101,48.27,0,0,0,無,無,無,25000,,,0.0,0,,RPTNMLSKKIKFFEH56DC
蘆竹區,房地(土地+建物),桃園市蘆竹區南昌路35號二樓,18.12,住,,,1041216,土地1建物1車位0,二層,15,農舍,住家用,鋼筋混凝土造,0951124,189.28,3,2,2,有,無,有,28000,,,0.0,0,,RPUNMLSKKIKFFEH66DC
桃園區,建物,桃園市桃園區大有路５７９號,0.0,住,,,1041202,土地0建物0車位0,一層,2,店面(店鋪),商業用,見其他登記事項,1010820,88.24000000000001,0,1,1,有,無,無,75000,850,,0.0,0,,RPUNMLSKKIKFFAH78CC
龜山區,房地(土地+建物),桃園市龜山區文化三路81巷1號7樓之2,5.02,住,,,1041213,土地1建物1車位0,七層,10,華廈(10層含以下有電梯),見其他登記事項,鋼筋混凝土造,0970609,41.8,1,0,1,有,有,有,10000,239,,0.0,0,,RPVNMLSKKIKFFAH88CC
蘆竹區,房地(土地+建物),桃園市蘆竹區興福街73號,3453.01,商,,,1041217,土地1建物1車位0,全,5,透天厝,見其他登記事項,鋼筋混凝土造,0931008,193.52,4,2,2,有,無,有,30000,155,,0.0,0,,RPQNMLSKKIKFFEH78CC
中壢區,房地(土地+建物),桃園市中壢區中北路二段208巷45號3樓,19.19,住,,,1041218,土地1建物1車位0,十層,3,華廈(10層含以下有電梯),住家用,鋼筋混凝土造,0930325,68.68,2,2,1,有,有,無,12000,175,,0.0,0,,RPUQMLSKKIKFFBH56CC
中壢區,房地(土地+建物)+車位,桃園市中壢區中北路二段208巷36號8樓,17.61,住,,,1041124,土地1建物1車位1,八層,10,華廈(10層含以下有電梯),住家用,鋼筋混凝土造,0900115,100.87,3,2,2,有,有,無,16000,159,坡道平面,0.0,0,,RPVQMLSKKIKFFBH66CC
桃園區,房地(土地+建物)+車位,桃園市桃園區同德六街11樓 2,1296.3,商,,,1041120,土地1建物1車位1,十一層,15,辦公商業大樓,見其他登記事項,鋼筋混凝土造,1030420,6563.06,1,0,0,無,有,無,45000,7,坡道平面,0.0,0,,RPSNMLKLKIKFFAH87CC
中壢區,建物,桃園市中壢區元化路115號三樓,0.0,住,,,1041130,土地0建物1車位0,二層,4,公寓(5樓含以下無電梯),見其他登記事項,鋼筋混凝土造,0971119,121.67999999999999,3,2,2,有,無,無,15000,123,,0.0,0,,RPQPMLLLKIKFFBH08CC
蘆竹區,房地(土地+建物),桃園市蘆竹區長興路四段59號,278.73,工,,,1041209,土地1建物1車位0,見其他登記事項,2,廠辦,工業用,鋼筋混凝土造,0820524,377.02,0,0,0,無,無,無,55000,146,,0.0,0,,RPPOMLLLKIKFFEH18CC
八德區,房地(土地+建物)+車位,桃園市八德區中華路31巷20號8樓,18.13,住,,,1041128,土地1建物1車位1,八層,15,住宅大樓(11層含以上有電梯),住家用,鋼筋混凝土造,0970425,159.92000000000002,3,2,2,有,有,有,20700,129,坡道平面,0.0,0,,RPRPMLMLKIKFFFH68CC
八德區,房地(土地+建物)+車位,桃園市八德區中華路31巷20號11樓,17.81,住,,,1041116,土地1建物1車位1,十一層,15,住宅大樓(11層含以上有電梯),住家用,鋼筋混凝土造,0970425,155.76,3,2,2,有,有,有,18500,119,坡道平面,0.0,0,,RPSPMLMLKIKFFFH78CC
中壢區,建物,桃園市中壢區長興街35號8樓,0.0,住,,,1041203,土地0建物1車位1,八層,12,住宅大樓(11層含以上有電梯),見其他登記事項,鋼筋混凝土造,1011128,198.36,4,2,2,有,有,有,19574,99,坡道平面,31.38,0,,RPOQMLMLKIKFFBH08CC
中壢區,建物,桃園市中壢區復華街186巷57之13號5樓,0.0,住,,,1041204,土地0建物0車位0,全,5,透天厝,見其他登記事項,鋼筋混凝土造,1000613,36.29,1,1,1,有,無,有,6000,165,,0.0,0,,RPPQMLMLKIKFFBH18CC
中壢區,建物,桃園市中壢區中豐路37號1及2樓,0.0,住,,,1041204,土地0建物2車位0,見使用執照,4,店面(店鋪),住家用,加強磚造,0651231,185.77,2,1,2,有,無,無,25000,135,,0.0,0,,RPQQMLMLKIKFFBH28CC
桃園區,房地(土地+建物),桃園市桃園區安東街39號6樓之13,9.92,住,,,1041010,土地1建物1車位0,六層,6,套房(1房1廳1衛),住家用,鋼筋混凝土造,0690826,53.49,1,0,0,無,有,有,10500,196,,0.0,0,,RPOPMLMLKIKFFAH87CC
龜山區,房地(土地+建物),桃園市龜山區忠誠街10巷9號4樓,23.6,住,,,1041017,土地1建物1車位0,四層,5,公寓(5樓含以下無電梯),住家用,鋼筋混凝土造,0720630,87.18,3,2,1,有,無,有,10000,115,,0.0,0,,RPSPMLMLKIKFFAH28CC
桃園區,房地(土地+建物)+車位,桃園市桃園區寶山街235號5樓之3,16.26,住,,,1041019,土地1建物1車位1,五層,12,住宅大樓(11層含以上有電梯),住家用,鋼筋混凝土造,0860918,105.92,3,2,1,有,有,有,17500,165,坡道平面,0.0,0,,RPTPMLMLKIKFFAH38CC
桃園區,房地(土地+建物),桃園市桃園區民生路206巷19號9樓,12.07,住,,,1041019,土地1建物1車位0,九層,9,華廈(10層含以下有電梯),住家用,鋼筋混凝土造,0870805,110.66,2,2,1,有,無,有,10000,90,,0.0,0,,RPSQMLMLKIKFFAH38CC
桃園區,房地(土地+建物),桃園市桃園區宏昌七街98號3樓之5,11.23,住,,,1041019,土地1建物1車位0,三層,5,套房(1房1廳1衛),住家用,鋼筋混凝土造,0910821,41.15,1,0,0,無,有,有,10000,243,,0.0,0,,RPXTMLMLKIKFFAH56CC
桃園區,房地(土地+建物)+車位,桃園市桃園區大有路206之1號5樓517室,13.86,住,,,1041002,土地1建物1車位1,五層,16,住宅大樓(11層含以上有電梯),住家用,鋼筋混凝土造,0830602,107.75,3,2,1,有,有,有,15000,139,坡道平面,0.0,0,,RPOUMLMLKIKFFAH38CC
桃園區,房地(土地+建物),桃園市桃園區民有六街16號17樓之8,4.52,住,,,1041017,土地1建物1車位0,十七層,17,套房(1房1廳1衛),住家用,鋼筋混凝土造,0850118,42.96,0,0,0,無,有,有,9000,209,,0.0,0,,RPPUMLMLKIKFFAH48CC
桃園區,房地(土地+建物),桃園市桃園區安東街39號4樓之24,7.41,住,,,1041028,土地1建物1車位0,四層,6,套房(1房1廳1衛),住家用,鋼筋混凝土造,0690826,43.11,1,0,0,無,有,有,9500,220,,0.0,0,,RPRUMLMLKIKFFAH68CC
桃園區,房地(土地+建物),桃園市桃園區春日路1119號10樓之12,9.33,住,,,1041015,土地1建物1車位0,十層,14,住宅大樓(11層含以上有電梯),住家用,鋼筋混凝土造,0890831,69.02,1,1,1,有,有,有,13000,188,,0.0,0,,RPSUMLMLKIKFFAH78CC
桃園區,房地(土地+建物),桃園市桃園區民富二街51之1號7樓701室,16.17,住,,,1041019,土地1建物1車位0,七層,12,套房(1房1廳1衛),住家用,鋼筋混凝土造,0840520,104.33,1,0,0,無,有,有,4500,43,,0.0,0,,RPTUMLMLKIKFFAH88CC
桃園區,房地(土地+建物)+車位,桃園市桃園區新埔七街89號3樓之1,28.52,住,,,1041024,土地1建物1車位1,三層,9,華廈(10層含以下有電梯),住家用,鋼筋混凝土造,0900709,182.69,4,2,2,有,有,有,22000,120,坡道平面,0.0,0,,RPUUMLMLKIKFFAH98CC
桃園區,房地(土地+建物),桃園市桃園區朝陽街47號9樓之3,14.85,住,,,1041104,土地1建物1車位0,九層,9,套房(1房1廳1衛),見其他登記事項,鋼筋混凝土造,0820528,121.94,0,0,0,無,有,有,8000,66,,0.0,0,,RPVUMLMLKIKFFAH09CC
桃園區,房地(土地+建物),桃園市桃園區國豐三街28之2號13樓,7.43,住,,,1041124,土地1建物1車位0,十三層,17,住宅大樓(11層含以上有電梯),住家用,鋼筋混凝土造,0841215,63.15,2,1,1,有,有,有,13000,206,,0.0,0,,RPOVMLMLKIKFFAH48CC
桃園區,房地(土地+建物),桃園市桃園區中華路1號15樓之3,3.15,住,,,1041112,土地1建物1車位0,十五層,17,套房(1房1廳1衛),見其他登記事項,鋼筋混凝土造,0861224,37.97,1,1,1,有,有,有,7500,198,,0.0,0,,RPPVMLMLKIKFFAH58CC
桃園區,房地(土地+建物),桃園市桃園區復興路70號4樓之5,6.39,住,,,1041116,土地1建物1車位0,四層,10,華廈(10層含以下有電梯),住家用,鋼筋混凝土造,0780930,50.45,1,1,1,有,有,有,7000,139,,0.0,0,,RPQVMLMLKIKFFAH68CC
桃園區,房地(土地+建物),桃園市桃園區復興路83號9樓之28,3.27,住,,,1041105,土地1建物1車位0,九層,12,套房(1房1廳1衛),見其他登記事項,鋼筋混凝土造,0691007,31.73,1,1,1,有,有,有,7200,227,,0.0,0,,RPRVMLMLKIKFFAH78CC
平鎮區,房地(土地+建物),桃園市平鎮區大興街32-1號5樓,16.2,住,,,1041210,土地2建物1車位0,五層,14,住宅大樓(11層含以上有電梯),住家用,鋼筋混凝土造,1040416,135.82,2,2,2,有,無,有,14000,103,,0.0,0,,RPUNMLMLKIKFFGH98DC
中壢區,房地(土地+建物),桃園市中壢區後寮二路201巷3號3樓,9.99,其他,,,1041218,土地1建物1車位0,三層,11,住宅大樓(11層含以上有電梯),住家用,鋼筋混凝土造,0911230,110.14,2,2,1,有,有,有,9500,86,,0.0,0,,RPROMLMLKIKFFBH28DC
桃園區,房地(土地+建物),桃園市桃園區吉林路28號八樓,9.32,住,,,1041015,土地1建物1車位0,八層,15,住宅大樓(11層含以上有電梯),住家用,鋼筋混凝土造,0980603,89.96,2,1,1,有,無,有,12640,141,,0.0,0,,RPUOMLNLKIKFFAH58DC
八德區,房地(土地+建物),桃園市八德區中山路128巷43號六樓,21.97,住,,,1041031,土地1建物1車位0,六層,7,華廈(10層含以下有電梯),住家用,鋼筋混凝土造,0810311,106.24,3,2,2,有,無,有,10000,94,,0.0,0,,RPPQMLNLKIKFFFH88EC
八德區,房地(土地+建物),桃園市八德區介壽路一段884號2樓,78.6,住,,,1041019,土地2建物1車位0,二層,3,店面(店鋪),見其他登記事項,鋼筋混凝土造,0780612,97.63,6,1,1,有,無,有,15000,154,,0.0,0,,RPQQMLNLKIKFFFH98EC
八德區,房地(土地+建物),桃園市八德區介壽路二段428巷17弄2衖5之3號,25.5,,鄉村區,乙種建築用地,1041106,土地1建物1車位0,四層,4,公寓(5樓含以下無電梯),住家用,鋼筋混凝土造,0691215,95.3,2,1,1,有,無,有,8000,84,,0.0,0,,RPRPMLNLKIKFFFH88DC
龜山區,房地(土地+建物),桃園市龜山區文化七路26之1號,24.39,住,,,1041201,土地1建物1車位0,一層,6,華廈(10層含以下有電梯),見其他登記事項,鋼筋混凝土造,0951110,73.45,0,0,1,有,無,無,34091,464,,0.0,0,,RPRTMLNLKIKFFAH68CC
桃園區,房地(土地+建物),桃園市桃園區中正路1467號,2639.0,其他,,,151211,土地1建物1車位0,全,2,透天厝,見其他登記事項,鋼筋混凝土造,1040410,531.75,0,0,0,無,無,無,130000,244,,0.0,0,,RPSPMLOLKIKFFAH48CC
蘆竹區,建物,桃園市蘆竹區南山路二段394巷63之3號,0.0,工,,,1041115,土地0建物1車位0,四層,4,廠辦,工業用,鋼筋混凝土造,0790508,421.2,0,0,0,無,無,無,40000,95,,0.0,0,,RPSONLOLKIKFFEH88CC
平鎮區,房地(土地+建物),桃園市平鎮區游泳路153巷8弄19號,34.87,住,,,1041220,土地1建物1車位0,全,1,透天厝,住家用,磚造,0680524,29.11,1,1,1,有,無,無,4000,137,,0.0,0,,RPSNMLOLKIKFFGH88CC
大園區,房地(土地+建物)+車位,桃園市大園區大華一街21之1號7樓,27.32,住,,,1041219,土地1建物1車位1,七層,8,華廈(10層含以下有電梯),住家用,鋼筋混凝土造,1030929,184.48,3,2,2,有,有,有,17000,92,坡道平面,26.96,0,,RPRRMLPLKIKFFEH56DC
蘆竹區,房地(土地+建物),桃園市蘆竹區奉化路109號九樓,47.96,住,,,1041225,土地1建物1車位0,九層,12,住宅大樓(11層含以上有電梯),住家用,鋼筋混凝土造,1011105,144.43,3,2,2,有,有,有,21000,145,,0.0,0,,RPTQMLQLKIKFFEH76DC
蘆竹區,房地(土地+建物)+車位,桃園市蘆竹區六福路276號9樓之2,28.74,住,,,1041224,土地1建物1車位1,九層,14,住宅大樓(11層含以上有電梯),住家用,鋼筋混凝土造,0891003,148.19,3,2,2,有,有,有,19000,163,坡道平面,41.14,0,,RPUQMLQLKIKFFEH86DC
平鎮區,房地(土地+建物),桃園市平鎮區中豐路山頂段334號,75.38,商,,,1041209,土地2建物1車位0,全,2,透天厝,住家用,加強磚造,0660809,123.7,6,2,3,有,無,無,23000,186,,0.0,0,,RPWNMLSLKIKFFGH17DC
平鎮區,建物,桃園市平鎮區承德路22號2樓,0.0,,,,1041207,土地0建物0車位0,全,2,透天厝,住家用,加強磚造,0650517,98.89,0,0,0,無,無,無,5500,56,,0.0,0,,RPXNMLSLKIKFFGH27DC
桃園區,房地(土地+建物),桃園市桃園區寶山街193之一號三樓,4579.29,住,,,1041208,土地1建物1車位0,三層,10,華廈(10層含以下有電梯),住家用,鋼筋混凝土造,0920623,155.91,3,2,2,有,有,有,17000,109,,0.0,0,,RPXQMLSLKIKFFAH96DC
中壢區,房地(土地+建物),桃園市中壢區仁福三街76號六樓,10.44,住,,,1041225,土地1建物1車位0,六層,12,住宅大樓(11層含以上有電梯),住家用,鋼筋混凝土造,0830524,89.39,3,2,2,有,有,有,9100,102,,0.0,0,,RPXRMLSLKIKFFBH17DC
大溪區,土地,仁義段2164地號,20.4,住,,,1041209,土地1建物0車位0,,,其他,,,,0.0,3,0,0,有,無,有,6000,294,,0.0,0,,RPVNMLSLKIKFFCH66DC
八德區,房地(土地+建物)+車位,桃園市八德區金和路91號5樓,14.56,住,,,1041211,土地1建物1車位1,五層,15,住宅大樓(11層含以上有電梯),住家用,鋼筋混凝土造,0981016,132.86,2,2,2,有,無,無,16000,120,坡道平面,0.0,0,,RPRNMLSLKIKFFFH09CC
中壢區,房地(土地+建物),桃園市中壢區富裕街22號,31.56,住,,,1041228,土地1建物1車位0,一層,12,店面(店鋪),商業用,鋼筋混凝土造,0850726,88.75999999999999,0,0,1,有,有,無,15000,169,,0.0,0,,RPUOMLTLKIKFFBH56CC
中壢區,房地(土地+建物),桃園市中壢區仁慈路70巷22號,61.09,住,,,1041210,土地4建物1車位0,全,3,透天厝,住家用,鋼筋混凝土造,0890516,117.22,5,2,3,有,無,無,12000,102,,0.0,0,,RPXQMLTLKIKFFBH07CC
中壢區,建物,桃園市中壢區中華路一段605號一樓,0.0,住,,,1041219,土地0建物1車位0,全,3,透天厝,住家用,加強磚造,0640821,51.17,0,0,0,無,無,無,16000,313,,0.0,0,,RPPRMLTLKIKFFBH98CC
桃園區,房地(土地+建物),桃園市桃園區經國路597號12樓,3.2,住,,,1041228,土地1建物1車位0,十二層,18,住宅大樓(11層含以上有電梯),住家用,鋼筋混凝土造,0850420,32.0,3,2,2,有,無,有,15000,469,,0.0,0,,RPTWMLTLKIKFFAH17CC
觀音區,房地(土地+建物),桃園市觀音區忠愛路愛一巷75弄21衖11號,52.61,,鄉村區,乙種建築用地,1041222,土地1建物1車位0,全,2,透天厝,住家用,加強磚造,0701124,85.68,3,2,2,有,無,無,7200,84,,0.0,0,,RPORMLTLKIKFFBH98DC
中壢區,房地(土地+建物),桃園市中壢區龍安六街17之4號,18.88,住,,,1041228,土地1建物1車位0,一層,7,華廈(10層含以下有電梯),住家用,鋼筋混凝土造,0820220,93.71,3,2,2,有,有,有,9000,96,,0.0,0,,RPXPMLKMKIKFFBH88DC
桃園區,房地(土地+建物),桃園市桃園區秀山路108號,17.94,住,,,1041214,土地1建物1車位0,一層,6,華廈(10層含以下有電梯),住家用,鋼筋混凝土造,0870112,71.03,2,2,1,有,無,無,16000,225,,0.0,0,,RPUQMLKMKIKFFAH58DC
桃園區,房地(土地+建物),桃園市桃園區同安街183巷1弄6之3號,36.75,住,,,1041201,土地1建物1車位0,四層,4,公寓(5樓含以下無電梯),住商用,鋼筋混凝土造,0700416,80.8,3,2,1,有,無,有,9000,111,,0.0,0,,RPPONLKMKIKFFAH87CC
桃園區,房地(土地+建物)+車位,桃園市桃園區民有光東路87號15樓之4,26.12,住,,,1041208,土地1建物1車位1,十五層,16,住宅大樓(11層含以上有電梯),住家用,鋼筋混凝土造,0840425,262.67,4,3,3,有,有,有,25000,95,坡道平面,0.0,0,,RPSPNLKMKIKFFAH28CC
蘆竹區,建物,桃園市蘆竹區忠孝西路182巷12號13樓,0.0,住,,,1041230,土地0建物1車位0,十三層,21,住宅大樓(11層含以上有電梯),住家用,鋼筋混凝土造,1020918,239.53,3,2,3,有,有,無,25000,104,,0.0,0,,RPQRMLKMKIKFFEH58CC
觀音區,房地(土地+建物),桃園市觀音區忠富路上大段489號,1500.0,,工業區,丁種建築用地,1041230,土地1建物1車位0,見其他登記事項,1,倉庫,見其他登記事項,見其他登記事項,0990325,800.0,0,0,0,無,無,無,350000,,,0.0,0,,RPQVMLLMKIKFFBH78CC
中壢區,房地(土地+建物),桃園市中壢區正光街218號,24.03,住,,,1041231,土地1建物1車位0,一層,15,住宅大樓(11層含以上有電梯),見其他登記事項,鋼筋混凝土造,1020525,129.35,0,0,0,無,有,無,23000,178,,0.0,0,,RPPONLLMKIKFFBH08CC
桃園區,建物,桃園市桃園區中埔六街190巷4號2樓,0.0,住,,,1041211,土地0建物1車位0,二層,8,華廈(10層含以下有電梯),住家用,鋼筋混凝土造,0830616,110.60000000000001,3,2,2,有,有,無,12000,108,,0.0,0,,RPSPMLLMKIKFFAH28CC
桃園區,房地(土地+建物),桃園市桃園區民富二街51之1號7樓704室,16.17,住,,,1041230,土地1建物1車位0,七層,12,套房(1房1廳1衛),住家用,鋼筋混凝土造,0840520,104.33,1,0,0,無,有,有,5000,48,,0.0,0,,RPQNMLMJJHLFFAH57CC
桃園區,房地(土地+建物),桃園市桃園區莊敬路二段185之1號13樓,10.78,住,,,1041116,土地1建物1車位0,十三層,14,住宅大樓(11層含以上有電梯),住家用,鋼筋混凝土造,0920819,84.43,2,2,1,有,有,有,16500,195,,0.0,0,,RPRNMLMJJHLFFAH67CC
桃園區,房地(土地+建物)+車位,桃園市桃園區寶山街56巷12之2號,65.8,住,,,1041209,土地1建物1車位1,見其他登記事項,5,公寓(5樓含以下無電梯),住家用,鋼筋混凝土造,0781030,206.85,5,2,3,有,有,無,16500,80,坡道平面,0.0,0,,RPSNMLMJJHLFFAH77CC
桃園區,房地(土地+建物),桃園市桃園區民有六街16號9樓之5,3.87,住,,,1041225,土地1建物1車位0,九層,17,套房(1房1廳1衛),住家用,鋼筋混凝土造,0850118,42.96,0,0,0,無,有,有,7500,175,,0.0,0,,RPTNMLMJJHLFFAH87CC
桃園區,房地(土地+建物),桃園市桃園區大有路152號12樓之12,4.51,住,,,1041224,土地1建物1車位0,十二層,12,套房(1房1廳1衛),住家用,鋼筋混凝土造,0830318,36.23,1,0,0,無,有,有,6800,188,,0.0,0,,RPUNMLMJJHLFFAH97CC
桃園區,房地(土地+建物),桃園市桃園區大有路650號15樓之9之10,7.5,住,,,1041202,土地1建物1車位0,十五層,17,住宅大樓(11層含以上有電梯),住家用,鋼筋混凝土造,0860901,56.32,1,1,1,有,有,有,12500,222,,0.0,0,,RPVNMLMJJHLFFAH08CC
桃園區,房地(土地+建物),桃園市桃園區經國路405號5樓之1,278.89,住,,,1041202,土地1建物1車位0,五層,16,住宅大樓(11層含以上有電梯),住家用,鋼筋混凝土造,0831026,107.64999999999999,3,2,2,有,無,有,17000,158,,0.0,0,,RPWNMLMJJHLFFAH18CC
桃園區,房地(土地+建物),桃園市桃園區福元街92號2樓,7.97,住,,,1041219,土地1建物1車位0,二層,7,套房(1房1廳1衛),住家用,鋼筋混凝土造,0890707,43.4,0,0,0,無,無,有,7500,173,,0.0,0,,RPXNMLMJJHLFFAH28CC
桃園區,房地(土地+建物),桃園市桃園區安慶街133巷13號3樓,10.98,住,,,1050101,土地1建物1車位0,三層,16,住宅大樓(11層含以上有電梯),住家用,鋼筋混凝土造,0830411,93.53,3,2,2,有,有,有,10500,112,,0.0,0,,RPORMLOJJHLFFAH97CC
蘆竹區,房地(土地+建物),桃園市蘆竹區南崁路一段87號11樓,34.8,住,,,1041214,土地1建物1車位0,十一層,12,住宅大樓(11層含以上有電梯),住家用,鋼筋混凝土造,0820712,34.8,3,2,2,有,無,有,15000,431,,0.0,0,,RPRPMLOJJHLFFEH48CC
蘆竹區,房地(土地+建物),桃園市蘆竹區聯福街7號5樓,33.38,住,,,1041228,土地1建物1車位0,五層,12,住宅大樓(11層含以上有電梯),住家用,鋼筋混凝土造,0820712,33.38,3,2,2,有,無,有,20000,599,,0.0,0,,RPVPMLOJJHLFFEH88CC
八德區,房地(土地+建物),桃園市八德區高城路201之1號,320.37,工,,,1041230,土地1建物1車位0,見其他登記事項,2,廠辦,見其他登記事項,鋼筋混凝土造,0711207,463.79,0,0,0,無,無,無,65000,140,,0.0,0,,RPSPMLOJJHLFFFH68CC
中壢區,建物,桃園市中壢區華安路46號,13.71,住,,,1041231,土地0建物1車位0,一層,7,華廈(10層含以下有電梯),見其他登記事項,鋼筋混凝土造,0821115,74.75,0,0,0,無,無,無,6000,80,,0.0,0,,RPWSMLPJJHLFFBH09CC
中壢區,房地(土地+建物)+車位,桃園市中壢區龍慈路239巷32號3樓,11.86,住,,,1041220,土地1建物1車位1,三層,19,住宅大樓(11層含以上有電梯),住家用,鋼筋混凝土造,0890302,144.38,3,2,2,有,有,有,15000,104,坡道平面,41.37,0,,RPUONLPJJHLFFBH58CC
桃園區,房地(土地+建物),桃園市桃園區建行路16號1-2樓,126.3,住,,,1050101,土地1建物1車位0,一層,12,住宅大樓(11層含以上有電梯),見其他登記事項,鋼筋混凝土造,0900716,42.01,0,0,0,無,無,有,39000,928,,0.0,0,,RPOSMLPJJHLFFAH18CC
中壢區,房地(土地+建物),桃園市中壢區民族路六段608號,118.76,工,,,1050105,土地3建物1車位0,全,4,透天厝,見其他登記事項,鋼筋混凝土造,0980506,227.95,3,3,4,有,無,無,20000,88,,0.0,0,,RPWPMLQJJHLFFBH88CC
中壢區,房地(土地+建物),桃園市中壢區忠孝路62號,90.0,住,,,1041220,土地1建物1車位0,二層,2,店面(店鋪),住家用,加強磚造,0580401,181.4,0,0,0,無,無,無,72000,397,,0.0,0,,RPTQMLQJJHLFFBH78DC
龍潭區,房地(土地+建物),桃園市龍潭區龍潭區渴望路243巷1號1330房號,0.33,,山坡地保育區,丙種建築用地,1050105,土地1建物1車位0,四層,7,套房(1房1廳1衛),見其他登記事項,鋼筋混凝土造,0880513,26.44,1,1,1,有,無,有,8800,333,,0.0,0,,RPTOMLQJJHLFFCH58CC
大園區,房地(土地+建物),桃園市大園區果林村30鄰拔子林25之93號七樓,12.15,住,,,1050101,土地1建物1車位0,七層,10,套房(1房1廳1衛),住家用,鋼筋混凝土造,1030307,55.2,1,1,1,有,有,有,9000,163,,0.0,0,,RPUSMLQJJHLFFEH76DC
大園區,房地(土地+建物)+車位,桃園市大園區領航北路4段352之1號7樓,26.77,住,,,1041230,土地1建物1車位1,七層,10,華廈(10層含以下有電梯),住家用,鋼筋混凝土造,0970401,149.45999999999998,3,2,2,有,有,有,18000,120,坡道平面,24.42,0,,RPQPMLRJJHLFFEH78DC
龜山區,房地(土地+建物),桃園市龜山區山鶯路3巷38弄12號二樓,34.43,住,,,1041208,土地1建物1車位0,二層,4,公寓(5樓含以下無電梯),住家用,鋼筋混凝土造,0690403,88.62,2,3,1,有,無,有,8000,90,,0.0,0,,RPQPMLRJJHLFFAH38DC
龜山區,房地(土地+建物),桃園市龜山區興一街42號,56.58,住,,,1041216,土地1建物1車位0,全,3,透天厝,住家用,鋼筋混凝土造,0840908,133.25,4,2,3,有,無,有,16000,120,,0.0,0,,RPWPMLRJJHLFFAH98DC
龜山區,房地(土地+建物),桃園市龜山區幸福九街14號五樓,15.65,,鄉村區,乙種建築用地,1041218,土地4建物1車位0,五層,5,公寓(5樓含以下無電梯),住家用,鋼筋混凝土造,0730829,65.25,3,2,1,有,無,有,7000,107,,0.0,0,,RPUQMLRJJHLFFAH88DC
中壢區,建物,桃園市中壢區長興街29之1號六樓,0.0,住,,,1041211,土地0建物1車位1,六層,11,住宅大樓(11層含以上有電梯),見其他登記事項,鋼筋混凝土造,1011128,129.53,2,2,2,有,有,有,16115,124,坡道平面,0.0,0,,RPSRNLRJJHLFFBH88CC
大園區,房地(土地+建物),桃園市大園區和平村3鄰舊厝子18-3號,186.0,,鄉村區,乙種建築用地,1041216,土地1建物1車位0,全,2,透天厝,住家用,鋼筋混凝土造,0840502,119.47,4,2,2,有,無,有,15000,126,,0.0,0,,RPTNMLRJJHLFFEH78CC
桃園區,房地(土地+建物)+車位,桃園市桃園區同德六街89號13樓之3,22.29,商,,,1041207,土地1建物1車位2,十三層,15,辦公商業大樓,見其他登記事項,鋼筋混凝土造,1030420,253.95,0,0,0,無,有,有,50000,197,坡道平面,0.0,0,,RPVQMLRJJHLFFAH88CC
龜山區,房地(土地+建物),桃園市龜山區德明路47號,12.36,住,,,1041231,土地1建物1車位0,一層,5,店面(店鋪),商業用,鋼筋混凝土造,0920730,37.95,0,0,0,無,有,無,15000,395,,0.0,0,,RPSSMLRJJHLFFAH78CC
桃園區,建物,桃園市桃園區龍安街71號,0.0,住,,,1041222,土地0建物1車位0,見使用執照,18,店面(店鋪),商業用,鋼筋混凝土造,0841215,102.09,0,0,0,無,有,無,23000,225,,0.0,0,,RPRQMLSJJHLFFAH58CC
桃園區,建物,桃園市桃園區寶慶路508號七樓,0.0,住,,,1041223,土地0建物1車位1,七層,16,住宅大樓(11層含以上有電梯),住家用,鋼筋混凝土造,0821210,125.16999999999999,3,2,2,有,有,有,17500,140,坡道平面,0.0,2500,,RPTQMLSJJHLFFAH78CC
桃園區,房地(土地+建物)+車位,桃園市桃園區新埔六街97號十一樓,9470.57,其他,,,1050107,土地1建物1車位1,十一層,25,辦公商業大樓,見其他登記事項,鋼筋混凝土造,0990422,205.24,0,0,0,無,無,無,50000,244,坡道平面,24.98,0,,RPWQMLSJJHLFFAH09CC
蘆竹區,建物,桃園市蘆竹區中山路108巷12號6樓,0.0,住,,,1041225,土地0建物1車位1,六層,12,住宅大樓(11層含以上有電梯),住家用,鋼筋混凝土造,0951019,125.54,3,2,2,有,有,無,21000,167,坡道平面,0.0,0,,RPXRMLSJJHLFFEH07CC
中壢區,建物,桃園市中壢區吉林二路,0.0,,工業區,丁種建築用地,1041221,土地0建物1車位0,二層,5,公寓(5樓含以下無電梯),住家用,鋼筋混凝土造,0710605,87.95,3,2,2,有,無,有,9000,102,,0.0,0,,RPWTMLSJJHLFFBH86CC
中壢區,建物,桃園市中壢區長興街21之1號10樓,0.0,住,,,1041220,土地0建物1車位1,十層,11,住宅大樓(11層含以上有電梯),見其他登記事項,鋼筋混凝土造,1011128,128.91,3,2,2,有,有,有,16000,124,坡道平面,31.38,0,,RPUUMLSJJHLFFBH76CC
中壢區,建物,桃園市中壢區興仁路二段138之1號二樓,0.0,住,,,1041222,土地0建物1車位0,二層,5,公寓(5樓含以下無電梯),住家用,鋼筋混凝土造,0721230,94.42999999999999,3,2,2,有,無,有,13500,143,,0.0,0,,RPXUMLSJJHLFFBH07CC
中壢區,建物,桃園市中壢區環北路346號18樓之1,0.0,住,,,1041225,土地0建物1車位1,十八層,22,住宅大樓(11層含以上有電梯),住家用,鋼筋混凝土造,0980629,183.45999999999998,3,2,2,有,有,有,35000,191,坡道平面,29.53,0,,RPQRNLSJJHLFFBH78CC
中壢區,建物,桃園市中壢區中壢市環北路360號15樓之1,0.0,住,,,1041225,土地0建物1車位1,十五層,22,住宅大樓(11層含以上有電梯),住家用,鋼筋混凝土造,0980629,154.96,3,2,2,有,有,有,35000,226,坡道平面,30.55,0,,RPSRNLSJJHLFFBH98CC
中壢區,建物,桃園市中壢區環北路348號20樓之1,0.0,住,,,1041225,土地0建物1車位1,二十層,22,住宅大樓(11層含以上有電梯),住家用,鋼筋混凝土造,0980629,195.78,4,2,2,有,有,有,35000,179,坡道平面,34.62,0,,RPTRNLSJJHLFFBH09CC
龍潭區,房地(土地+建物),桃園市龍潭區龍潭區渴望路243巷1號1716房號,0.33,,山坡地保育區,丙種建築用地,1050107,土地1建物1車位0,二層,7,套房(1房1廳1衛),見其他登記事項,鋼筋混凝土造,0880513,26.44,1,1,1,有,無,有,8500,321,,0.0,0,,RPOOMLSJJHLFFCH28CC
大園區,房地(土地+建物)+車位,桃園市大園區致遠一路19號,1711.34,住,,,1041231,土地1建物1車位2,一層,11,住宅大樓(11層含以上有電梯),見其他登記事項,鋼筋混凝土造,1030325,181.13,2,3,3,有,無,無,33000,182,坡道平面,70.48,0,,RPUQMLSJJHLFFEH76DC
大園區,建物,桃園市大園區埔心里19鄰89之1號,1630.0,,特定農業區,農牧用地,1041118,土地0建物1車位0,二層,2,農舍,農舍,加強磚造,0840901,246.06,6,3,4,有,無,無,20000,,,0.0,0,,RPOUMLSJJHLFFEH56DC
大園區,建物,桃園市大園區埔心里19鄰89之1號,1630.0,,特定農業區,農牧用地,1041118,土地0建物1車位0,二層,2,農舍,農舍,加強磚造,0840901,246.06,6,3,4,有,無,無,20000,,,0.0,0,,RPSUMLSJJHLFFEH96DC
大園區,房地(土地+建物),桃園市大園區水源路865巷6號,932.0,,特定農業區,甲種建築用地,1050101,土地1建物1車位0,全,4,透天厝,見其他登記事項,鋼筋混凝土造,0881123,173.56,5,2,3,有,無,有,9000,52,,0.0,0,,RPVUMLSJJHLFFEH27DC
中壢區,建物,桃園市中壢區民權路332之11號5樓,0.0,其他,,,1041225,土地0建物1車位1,五層,15,住宅大樓(11層含以上有電梯),見其他登記事項,鋼筋混凝土造,0970925,204.32,3,2,2,有,有,有,35000,171,坡道平面,62.23,0,,RPRNMLLKJHLFFBH77CC
桃園區,房地(土地+建物)+車位,桃園市桃園區大興西路二段22之2號四樓,20.86,住,,,1050104,土地1建物1車位1,四層,18,住宅大樓(11層含以上有電梯),住家用,鋼筋混凝土造,0830713,153.96,4,2,2,有,有,有,16000,104,坡道平面,30.56,0,,RPPOMLLKJHLFFAH57CC
龜山區,房地(土地+建物),桃園市龜山區文化三路81巷1號8樓之2,5.02,商,,,1050110,土地1建物1車位0,八層,10,華廈(10層含以下有電梯),住家用,鋼筋混凝土造,0970609,41.79,1,0,1,有,無,有,11000,263,,0.0,0,,RPXRMLLKJHLFFAH68CC
桃園區,房地(土地+建物),桃園市桃園區安慶街133巷13號9樓,12.76,住,,,1050110,土地1建物1車位0,九層,16,住宅大樓(11層含以上有電梯),住家用,鋼筋混凝土造,0830411,115.96,3,2,2,有,有,無,10000,86,,0.0,0,,RPSPMLMKJHLFFAH08CC
中壢區,建物,桃園市中壢區長興街30之15號二樓,0.0,住,,,1041223,土地0建物1車位0,二層,12,住宅大樓(11層含以上有電梯),住家用,鋼筋混凝土造,0940120,109.64,3,2,2,有,有,無,14000,128,,0.0,0,,RPOOMLMKJHLFFBH67CC
蘆竹區,房地(土地+建物),桃園市蘆竹區南昌路1號6樓,16.45,住,,,1041226,土地1建物1車位0,六層,15,住宅大樓(11層含以上有電梯),住家用,鋼筋混凝土造,0951124,143.55,3,2,2,有,有,有,23800,166,,0.0,0,,RPUPMLMKJHLFFEH78DC
八德區,房地(土地+建物)+車位,桃園市八德區天祥街１０２巷５０號十樓,25.07,住,,,1050101,土地1建物1車位1,十層,13,住宅大樓(11層含以上有電梯),住家用,鋼筋混凝土造,1040120,163.14,3,2,2,有,有,有,16000,0,坡道平面,25.89,0,,RPQOMLNKJHLFFFH48DC
龍潭區,房地(土地+建物)+車位,桃園市龍潭區百年路54號11樓之5,47.53,,鄉村區,乙種建築用地,1050102,土地2建物1車位1,十一層,18,住宅大樓(11層含以上有電梯),住家用,鋼筋混凝土造,0860626,192.16,4,2,2,有,有,無,12000,62,坡道平面,36.44,0,租金內含管理費/月2120元,RPSNMLNKJHLFFCH18CC
桃園區,房地(土地+建物),桃園市桃園區國際路二段138之5號七樓,12.23,住,,,1050111,土地1建物1車位0,七層,17,住宅大樓(11層含以上有電梯),住家用,鋼筋混凝土造,0841212,106.66999999999999,3,2,2,有,有,無,8000,75,,0.0,0,,RPXQMLNKJHLFFAH88DC
中壢區,建物,桃園市中壢區普義路173號,0.0,住,,,1041215,土地0建物1車位0,一層,12,住宅大樓(11層含以上有電梯),見其他登記事項,鋼筋混凝土造,0860530,277.07,0,0,0,無,有,無,42000,152,,0.0,0,,RPXPMLNKJHLFFBH78CC
桃園區,房地(土地+建物),桃園市桃園區桃智路7號11樓,13.62,住,,,1050106,土地1建物1車位0,十一層,13,住宅大樓(11層含以上有電梯),住家用,鋼筋混凝土造,1011019,154.73,3,2,2,有,有,有,15000,97,,0.0,0,,RPOOMLOKJHLFFAH87DC
中壢區,房地(土地+建物)+車位,桃園市中壢區高鐵南路2段285號7樓,66.79,住,,,1041125,土地1建物1車位2,七層,11,住宅大樓(11層含以上有電梯),見其他登記事項,鋼筋混凝土造,1020620,342.36,3,2,2,有,有,無,28000,82,坡道平面,81.92,0,,RPSQMLOKJHLFFBH58DC
八德區,房地(土地+建物),桃園市八德區公園路75號20樓,46.05,住,,,1041214,土地1建物1車位0,二十層,23,住宅大樓(11層含以上有電梯),住家用,鋼筋混凝土造,1030430,210.73999999999998,3,2,2,有,有,有,30000,142,,0.0,0,,RPPNMLOKJHLFFFH38DC
八德區,房地(土地+建物),桃園市八德區桃和街61號,91.51,,鄉村區,乙種建築用地,1041218,土地2建物1車位0,見其他登記事項,5,公寓(5樓含以下無電梯),見其他登記事項,鋼筋混凝土造,1000905,268.03999999999996,4,3,5,有,無,有,30000,112,,0.0,0,,RPQNMLOKJHLFFFH48DC
八德區,房地(土地+建物)+車位,桃園市八德區建德路253號十七樓,16.4,商,,,1050101,土地1建物1車位1,十七層,18,住宅大樓(11層含以上有電梯),住家用,鋼筋混凝土造,1031006,109.72,2,2,1,有,有,有,13000,118,坡道平面,0.0,0,,RPSNMLOKJHLFFFH78EC
八德區,建物,桃園市八德區介壽路二段685巷50弄38衖10號4樓,86.06,,鄉村區,乙種建築用地,1041127,土地0建物1車位0,四層,4,公寓(5樓含以下無電梯),住家用,加強磚造,0700726,84.0,3,2,2,有,無,有,6000,71,,0.0,0,,RPOOMLOKJHLFFFH48EC
八德區,建物,桃園市八德區介壽路二段685巷50弄46號3樓,86.04,,鄉村區,乙種建築用地,1041204,土地0建物1車位0,三層,4,公寓(5樓含以下無電梯),住家用,加強磚造,0700726,84.0,3,2,1,有,有,有,8000,95,,0.0,0,,RPPOMLOKJHLFFFH58EC
八德區,土地,永福段472地號,90.21,住,,,1041202,土地1建物0車位0,,,其他,,,,0.0,1,0,0,有,無,無,6500,72,,0.0,0,建物未辦理存登記此建物改二間套房出租,RPQOMLOKJHLFFFH68EC
平鎮區,房地(土地+建物),桃園市平鎮區東光路48號,60.95,住,,,1041217,土地1建物1車位0,全,2,透天厝,住家用,加強磚造,0661001,85.42,2,2,2,有,無,有,10000,117,,0.0,0,三樓鐵皮增建二樓重新隔間,RPQNNLPKJHLFFGH68CC
平鎮區,房地(土地+建物),桃園市平鎮區龍南路274號,68.67,住,,,1041224,土地1建物1車位0,見其他登記事項,2,店面(店鋪),住家用,加強磚造,0650417,114.82,2,2,2,有,無,無,13500,118,,0.0,0,,RPRNNLPKJHLFFGH78CC
八德區,土地,永福段823地號,63.21,住,,,1040125,土地1建物0車位0,,,其他,,,,0.0,3,0,0,有,無,有,8000,127,,0.0,0,地上有一層建物  無保存登記  3房2廳1衛 附傢俱,RPTNMLPKJHLFFFH78CC
桃園區,房地(土地+建物)+車位,桃園市桃園區中埔六街70號13樓,12.6,住,,,1050110,土地1建物1車位1,十三層,14,住宅大樓(11層含以上有電梯),住家用,鋼筋混凝土造,0900803,138.72,3,2,2,有,有,有,18500,133,坡道平面,0.0,0,,RPPOMLPKJHLFFAH97CC
龜山區,房地(土地+建物),桃園市龜山區大湖一路38號,993.0,商,,,1050113,土地1建物1車位0,一層,1,店面(店鋪),住家用,鋼筋混凝土造,0910402,165.26,0,0,0,無,無,無,32000,194,,0.0,0,,RPRPMLPKJHLFFAH28CC
桃園區,房地(土地+建物),桃園市桃園區春日路981巷13-2號3樓,10.19,住,,,1050112,土地1建物1車位0,三層,5,公寓(5樓含以下無電梯),住家用,鋼筋混凝土造,0771202,92.72,3,2,2,有,無,無,10000,108,,0.0,0,,RPXQMLPKJHLFFAH98CC
龜山區,房地(土地+建物),桃園市龜山區萬壽路二段1199巷5弄7號,37.5,住,,,1041215,土地1建物1車位0,一層,3,公寓(5樓含以下無電梯),商業用,鋼筋混凝土造,0690804,84.5,2,1,1,有,無,無,8000,95,,0.0,0,,RPSSMLPKJHLFFAH68CC
龜山區,房地(土地+建物),桃園市龜山區萬壽路二段1206之4號一樓,10.99,商,,,1050112,土地1建物1車位0,一層,5,華廈(10層含以下有電梯),住家用,鋼筋混凝土造,0691220,48.65,0,0,0,無,無,無,9500,195,,0.0,0,,RPTSMLPKJHLFFAH78CC
蘆竹區,房地(土地+建物),桃園市蘆竹區南福街29號10樓之4,11.57,住,,,1041229,土地1建物1車位0,十層,13,住宅大樓(11層含以上有電梯),住家用,鋼筋混凝土造,0830531,112.39,3,2,2,有,有,無,10000,89,,0.0,0,,RPPNMLQKJHLFFEH38CC
蘆竹區,房地(土地+建物),桃園市蘆竹區桃園市蘆竹區三德街54巷8號,500.0,,工業區,丁種建築用地,1050114,土地1建物1車位0,見其他登記事項,3,廠辦,工業用,見其他登記事項,0851211,1200.0,0,0,0,無,無,無,260000,217,,0.0,0,,RPQPMLSKJHLFFEH88CC
中壢區,建物,桃園市中壢區九和一街３０號,0.0,商,,,1041227,土地0建物1車位0,一層,22,店面(店鋪),見其他登記事項,鋼筋混凝土造,0900830,118.66,0,1,1,有,無,無,100000,843,,0.0,0,,RPOUMLSKJHLFFBH88CC
桃園區,房地(土地+建物),桃園市桃園區中山路687號三樓,22.56,住,,,1050116,土地1建物1車位0,三層,7,華廈(10層含以下有電梯),住家用,鋼筋混凝土造,0730906,113.71,3,2,2,有,有,無,9000,79,,0.0,0,,RPVRMLSKJHLFFAH56CC
桃園區,房地(土地+建物),桃園市桃園區春日路1028號ˋ1030號1-2樓,112.26,住,,,1050118,土地3建物2車位0,全,3,透天厝,住商用,加強磚造,0610307,161.24,5,2,2,有,無,有,35000,217,,0.0,0,,RPOTMLSKJHLFFAH68CC
中壢區,房地(土地+建物),桃園市中壢區環北路352號18樓之3,1.54,住,,,1040914,土地1建物1車位0,十八層,21,住宅大樓(11層含以上有電梯),住家用,鋼筋混凝土造,0980629,63.91,1,1,1,有,有,有,17045,267,,0.0,0,,RPPNMLSKJHLFFBH48EC
八德區,房地(土地+建物),桃園市八德區中山路188號,2863.79,住,,,1041229,土地7建物2車位0,見其他登記事項,2,工廠,工業用,見其他登記事項,0601115,1778.68,0,0,0,無,無,無,275000,,,0.0,0,租金-前四年27萬5千元，後四年30萬元,RPTOMLSKJHLFFFH66DC
蘆竹區,房地(土地+建物),桃園市蘆竹區奉化路148之15號8樓,17.77,住,,,1050117,土地1建物1車位0,八層,12,住宅大樓(11層含以上有電梯),住家用,鋼筋混凝土造,0931210,113.25999999999999,3,2,2,有,有,有,23400,207,,0.0,0,,RPVNMLSKJHLFFEH66DC
桃園區,房地(土地+建物),桃園市桃園區中埔二街53號2樓,5907.0,住,,,1050113,土地1建物1車位0,二層,15,住宅大樓(11層含以上有電梯),住家用,鋼筋混凝土造,0940425,130.49,3,2,2,有,無,有,25000,192,,0.0,0,,RPPPMLTKJHLFFAH58DC
龍潭區,房地(土地+建物),桃園市龍潭區聖亭路232之7號5樓,29.26,,鄉村區,乙種建築用地,1050112,土地1建物1車位0,五層,6,華廈(10層含以下有電梯),見其他登記事項,鋼筋混凝土造,1030207,136.27,3,2,2,有,有,有,12000,88,,0.0,0,,RPWNMLTKJHLFFCH66DC
中壢區,房地(土地+建物),桃園市中壢區實踐路3號,92.0,住,,,1041229,土地1建物1車位0,見其他登記事項,2,店面(店鋪),住家用,加強磚造,0760113,118.92,3,2,4,有,無,有,40000,336,,0.0,0,,RPSPMLKLJHLFFBH18DC
八德區,房地(土地+建物)+車位,桃園市八德區豐德路178號4樓,20.83,住,,,1050113,土地1建物1車位1,四層,15,住宅大樓(11層含以上有電梯),住家用,鋼筋混凝土造,1030819,117.94999999999999,2,2,1,有,有,無,11000,93,坡道平面,0.0,0,,RPQNMLKLJHLFFFH18DC
八德區,房地(土地+建物)+車位,桃園市八德區豐田一路89號,19.89,住,,,1050113,土地1建物1車位2,一層,14,住宅大樓(11層含以上有電梯),見其他登記事項,鋼筋混凝土造,1030421,137.84,0,0,2,有,有,無,18000,131,坡道平面,0.0,0,,RPSNMLKLJHLFFFH38DC
八德區,房地(土地+建物)+車位,桃園市八德區廣豐路123號12樓,16.99,住,,,1050116,土地1建物1車位1,十二層,14,住宅大樓(11層含以上有電梯),住家用,鋼筋混凝土造,1040609,127.3,2,2,1,有,有,無,15000,118,坡道平面,0.0,0,,RPTNMLKLJHLFFFH48DC
平鎮區,房地(土地+建物)+車位,桃園市平鎮區中正三路137號,18.02,商,,,1050120,土地1建物1車位1,九層,19,住宅大樓(11層含以上有電梯),住家用,鋼筋混凝土造,1040511,186.57,3,2,2,有,無,無,10000,54,坡道平面,0.0,0,,RPQNMLKLJHLFFGH28DC
龜山區,土地,40地號,1757.13,工,,,1050120,土地10建物0車位0,,,其他,,,,0.0,0,0,0,有,無,無,103000,59,,0.0,0,,RPVOMLKLJHLFFAH18CC
中壢區,房地(土地+建物)+車位,桃園市中壢區環北路360號11樓之1,11.26,住,,,1041221,土地1建物1車位1,十一層,22,住宅大樓(11層含以上有電梯),住家用,鋼筋混凝土造,0980629,156.99,3,2,2,有,有,有,35000,223,坡道平面,30.55,0,,RPWPMLKLJHLFFBH48CC
八德區,房地(土地+建物)+車位,桃園市八德區廣豐三街2號,18.29,住,,,1050118,土地1建物1車位1,一層,13,住宅大樓(11層含以上有電梯),見其他登記事項,鋼筋混凝土造,1001118,113.93,0,0,0,無,有,無,38000,334,坡道平面,30.76,0,,RPRNMLKLJHLFFFH18CC
八德區,建物,桃園市八德區建德路253號三樓,0.0,商,,,1050106,土地0建物1車位0,三層,18,住宅大樓(11層含以上有電梯),住家用,鋼筋混凝土造,1031006,140.41,3,2,2,有,有,無,12000,85,坡道平面,33.06,0,,RPVNMLLLJHLFFFH68CC
八德區,建物,桃園市八德區豐德路218號2樓,0.0,住,,,1050105,土地0建物1車位1,二層,15,住宅大樓(11層含以上有電梯),住家用,鋼筋混凝土造,1030819,110.18,2,2,2,有,有,無,12500,113,坡道平面,22.51,0,,RPXNMLLLJHLFFFH88CC
中壢區,建物,桃園市中壢區中豐路29號,0.0,住,,,1041224,土地0建物1車位0,全,3,透天厝,住商用,鋼筋混凝土造,0860610,68.42,0,0,0,無,無,無,15000,219,,0.0,0,,RPWNMLLLJHLFFBH38CC
中壢區,建物,桃園市中壢區中北路二段322之1 號三樓,0.0,住,,,1041203,土地0建物1車位0,三層,7,華廈(10層含以下有電梯),住家用,鋼筋混凝土造,0830518,68.3,2,1,2,有,有,有,10000,146,,0.0,0,,RPROMLLLJHLFFBH97CC
中壢區,建物,桃園市中壢區興仁路二段401號二樓,0.0,住,,,1050105,土地0建物0車位0,全,2,透天厝,住家用,加強磚造,0620818,38.18,2,1,1,有,無,無,7000,183,,0.0,0,,RPSOMLLLJHLFFBH08CC
中壢區,建物,桃園市中壢區中山東路三段63號12樓之7,0.0,住,,,1050109,土地0建物1車位0,十二層,24,住宅大樓(11層含以上有電梯),住家用,鋼筋混凝土造,0970428,134.17000000000002,4,2,2,有,有,無,16000,119,,0.0,0,,RPQPMLLLJHLFFBH97CC
桃園區,房地(土地+建物),桃園市桃園區民權路4之1 號,201.0,商,,,1050106,土地1建物1車位0,全,5,透天厝,住商用,鋼筋混凝土造,0690429,829.51,5,3,4,有,無,無,80000,96,,0.0,0,,RPQPMLLLJHLFFAH87CC
中壢區,房地(土地+建物),桃園市中壢區中山東路三段61號10樓之5,10.35,商,,,1050119,土地1建物1車位0,十層,24,住宅大樓(11層含以上有電梯),住家用,鋼筋混凝土造,0970428,134.44,3,2,2,有,有,有,15000,112,,0.0,0,,RPTNMLLLJHLFFBH18DC
平鎮區,建物,桃園市平鎮區金龍路190巷39弄56號,0.0,,一般農業區,甲種建築用地,1050104,土地0建物1車位0,全,4,透天厝,見其他登記事項,鋼筋混凝土造,1020624,204.63,5,2,3,有,有,無,19000,93,,0.0,0,,RPVNMLLLJHLFFGH78CC
龍潭區,房地(土地+建物),桃園市龍潭區復興路103巷42號,71.0,,鄉村區,乙種建築用地,1050120,土地1建物1車位0,全,2,透天厝,住家用,加強磚造,0701229,94.66,4,2,3,有,無,無,14000,148,,0.0,0,,RPVNMLMLJHLFFCH58DC
大園區,房地(土地+建物),桃園市大園區崁下70之51號,63.0,,一般農業區,甲種建築用地,1050114,土地1建物1車位0,全,2,透天厝,住家用,加強磚造,0691110,80.0,3,2,2,有,無,有,9000,113,,0.0,0,,RPUNMLMLJHLFFEH68DC
大園區,建物,桃園市大園區中正東路一段840巷150號,0.0,,特定農業區,丁種建築用地,1050120,土地0建物1車位0,見其他登記事項,2,廠辦,見其他登記事項,鋼筋混凝土造,0630101,3169.11,0,0,0,無,無,無,300000,95,,0.0,0,,RPSOMLMLJHLFFEH48CC
桃園區,房地(土地+建物)+車位,桃園市桃園區中正路1110號,46.39,商,,,1050101,土地1建物1車位2,三層,38,店面(店鋪),見其他登記事項,見其他登記事項,1011102,491.58,0,0,0,無,有,無,150000,305,坡道平面,0.0,0,,RPUNMLPLJHLFFAH48CC
蘆竹區,房地(土地+建物)+車位,桃園市蘆竹區中山路117號4樓,3.21,住,,,1050123,土地1建物1車位1,四層,14,住宅大樓(11層含以上有電梯),住家用,鋼筋混凝土造,0880602,100.2,2,2,1,有,有,有,16500,165,坡道平面,35.47,0,,RPQNMLPLJHLFFEH58DC
大園區,房地(土地+建物),桃園市大園區中正東路三段227號,124.0,,特定農業區,甲種建築用地,1041227,土地2建物1車位0,全,2,透天厝,住家用,鋼筋混凝土造,0840710,299.4,4,2,2,有,無,有,30000,100,,0.0,0,,RPPOMLPLJHLFFEH58DC
平鎮區,房地(土地+建物),桃園市平鎮區和平路160號,230.12,住,,,1050122,土地1建物1車位0,全,5,透天厝,住家用,鋼筋混凝土造,1030904,75.46,0,0,0,無,無,無,90000,1193,,0.0,0,,RPTNMLPLJHLFFGH09DC
龜山區,房地(土地+建物),桃園市龜山區文東五街47號,78.57,住,,,1040618,土地1建物1車位0,一層,7,華廈(10層含以下有電梯),見其他登記事項,鋼筋混凝土造,0850508,202.6,3,2,2,有,無,無,20000,99,,0.0,0,,RPORMLPLJHLFFAH48EC
龜山區,房地(土地+建物)+車位,桃園市龜山區文化三路1號四樓,14.9,商,,,1040703,土地1建物1車位1,一層,19,住宅大樓(11層含以上有電梯),住家用,鋼筋混凝土造,0870430,165.95,4,2,2,有,有,有,22000,133,坡道平面,0.0,0,,RPPRMLPLJHLFFAH58EC
龜山區,房地(土地+建物),桃園市龜山區文化一路10巷42弄45號,120.4,住,,,1040922,土地1建物1車位0,全,3,透天厝,見其他登記事項,鋼筋混凝土造,0950911,342.7,1,1,1,有,無,無,50000,146,,0.0,0,,RPTRMLPLJHLFFAH98EC
中壢區,房地(土地+建物),桃園市中壢區松義路83號10F,15.17,商,,,1050110,土地1建物1車位0,十層,15,住宅大樓(11層含以上有電梯),見其他登記事項,鋼筋混凝土造,1031110,77.97,2,2,2,有,有,無,14000,180,,0.0,0,,RPRNMLPLJHLFFBH38DC
中壢區,房地(土地+建物),桃園市中壢區復興路17號一至三樓,89.56,住,,,1050121,土地2建物3車位0,見其他登記事項,7,華廈(10層含以下有電梯),商業用,鋼筋混凝土造,0760710,600.66,0,0,0,無,無,無,130000,216,,0.0,0,,RPVNMLPLJHLFFBH78DC
中壢區,房地(土地+建物),桃園市中壢區九和五街11號,8.86,住,,,1050103,土地1建物1車位0,一層,15,住宅大樓(11層含以上有電梯),見其他登記事項,鋼筋混凝土造,0880917,67.77,0,0,0,無,有,無,31000,457,,0.0,0,,RPQNMLQLJHLFFBH38DC
中壢區,房地(土地+建物),桃園市中壢區九和五街13號,10.67,住,,,1050103,土地1建物1車位0,一層,15,住宅大樓(11層含以上有電梯),見其他登記事項,鋼筋混凝土造,0880917,24.31,0,0,0,無,有,無,31000,1275,,0.0,0,,RPRNMLQLJHLFFBH48DC
新屋區,土地,新生段162地號,107.0,其他,,,1050116,土地1建物0車位0,,,其他,,,,0.0,0,0,0,有,無,無,15000,140,,0.0,0,,RPRNMLQLJHLFFDH68DC
桃園區,建物,桃園市桃園區新埔六街81號,34.56,其他,,,1050108,土地0建物1車位0,一層,25,店面(店鋪),商業用,鋼筋混凝土造,0990422,250.69,0,0,0,無,無,無,130000,519,,0.0,0,,RPXQMLRLJHLFFAH76DC
八德區,房地(土地+建物),桃園市八德區建國路119之7,7.04,住,,,1050120,土地1建物1車位0,一層,9,華廈(10層含以下有電梯),商業用,鋼筋混凝土造,0871120,49.010000000000005,0,1,1,有,有,無,12500,255,,0.0,0,,RPQNMLRLJHLFFFH98EC
大園區,房地(土地+建物),桃園市大園區大牛稠18-66號,63.0,,鄉村區,乙種建築用地,1050126,土地1建物1車位0,全,2,透天厝,住家用,加強磚造,0661201,61.84,0,0,0,無,無,有,12000,194,,0.0,0,,RPQNMLRLJHLFFEH78DC
大園區,房地(土地+建物),桃園市大園區大海里大牛稠18-66號,63.0,,鄉村區,乙種建築用地,1050126,土地1建物1車位0,全,2,透天厝,住家用,加強磚造,0661201,61.84,1,0,0,無,無,有,12000,194,,0.0,0,,RPRNMLRLJHLFFEH78CC
八德區,房地(土地+建物),桃園市八德區天祥街40號,83.24,住,,,1050116,土地1建物1車位0,全,2,透天厝,住商用,加強磚造,0671027,115.66,3,2,2,有,無,無,14000,121,,0.0,0,,RPUNMLRLJHLFFFH56CC
中壢區,建物,桃園市中壢區環西路二段226巷3號15樓之8,0.0,住,,,1050108,土地0建物1車位0,十五層,15,住宅大樓(11層含以上有電梯),住家用,鋼筋混凝土造,0980703,74.97,2,2,2,有,有,無,12000,160,,0.0,0,,RPUQMLRLJHLFFBH09CC
中壢區,建物,桃園市中壢區仁福三街92號四樓,0.0,住,,,1050108,土地0建物1車位1,四層,12,住宅大樓(11層含以上有電梯),住家用,鋼筋混凝土造,0830524,116.38,3,2,2,有,無,有,11500,99,坡道平面,0.0,0,,RPPRMLRLJHLFFBH68CC
中壢區,建物,桃園市中壢區永康三街37號6樓,0.0,其他,,,1050117,土地0建物1車位0,六層,6,住宅大樓(11層含以上有電梯),住家用,鋼筋混凝土造,0820112,114.31,3,2,2,有,有,有,13000,114,,0.0,0,,RPTRMLRLJHLFFBH09CC
中壢區,建物,桃園市中壢區龍岡路三段118號6樓,0.0,住,,,1050112,土地0建物1車位0,六層,12,住宅大樓(11層含以上有電梯),住家用,鋼筋混凝土造,0821230,121.19,3,2,2,有,有,無,10000,83,,0.0,0,,RPURMLRLJHLFFBH56CC
中壢區,建物,桃園市中壢區大同路113號,0.0,商,,,1050101,土地0建物1車位0,全,4,透天厝,商業用,加強磚造,,56.82,0,0,0,無,無,無,40000,704,,0.0,0,,RPVPMLSLJHLFFBH56CC
中壢區,房地(土地+建物),桃園市中壢區成功路122巷90號,83.0,住,,,1050107,土地1建物1車位0,全,2,透天厝,住家用,加強磚造,0620401,79.2,3,2,2,有,無,有,11000,139,,0.0,0,,RPWRMLTLJHLFFBH07DC
中壢區,房地(土地+建物),桃園市中壢區仁愛路34號七樓,273.0,住,,,1050112,土地1建物1車位0,一層,7,華廈(10層含以下有電梯),住家用,鋼筋混凝土造,0821203,241.86,1,1,1,有,無,有,6500,27,,0.0,0,,RPXRMLTLJHLFFBH17DC
中壢區,房地(土地+建物)+車位,桃園市中壢區中北路二段208巷52號10樓,16.4,住,,,1050108,土地1建物1車位1,十層,10,華廈(10層含以下有電梯),住家用,鋼筋混凝土造,0900115,98.75,4,2,2,有,有,有,18000,182,坡道平面,0.0,0,,RPPNMLLMJHLFFBH77CC
