﻿編號,屋齡,建物移轉面積平方公尺,主要用途,主要建材,建築完成日期,總層數,建物分層
The serial number,room age,building shifting area square meter,the main use,main building materials,construction completes the date,total layer,building lamination
RPVOMLMJJIKFFBJ48CC,8,65.75,商業用,鋼筋混凝土造,96年12月4日,十三層,
RPVOMLMJJIKFFBJ48CC,8,10.91,共用部分,鋼筋混凝土造,96年12月4日,十三層,
RPVOMLMJJIKFFBJ48CC,8,16.39,共用部分,鋼筋混凝土造,96年12月4日,十三層,
RPQPMLMJJIKFFBJ08CC,8,206.43,商業用,鋼筋混凝土造,96年12月4日,十三層,
RPQPMLMJJIKFFBJ08CC,8,34.26,共用部分,鋼筋混凝土造,96年12月4日,十三層,
RPQPMLMJJIKFFBJ08CC,8,51.44,共用部分,鋼筋混凝土造,96年12月4日,十三層,
RPVNMLNJJIKFFBJ48CC,11,123.43,住家用,鋼筋混凝土造,94年1月31日,十四層,
RPVNMLNJJIKFFBJ48CC,11,16.85,共用部分,鋼筋混凝土造,94年1月31日,十四層,
RPVNMLNJJIKFFBJ48CC,11,20.15,共用部分,鋼筋混凝土造,94年1月31日,十四層,
RPSNMLNJJIKFFBJ18CC,7,130.67,住家用,鋼筋混凝土造,97年8月25日,十四層,
RPSNMLNJJIKFFBJ18CC,7,25.41,共用部分,鋼筋混凝土造,97年8月25日,十四層,
RPSNMLNJJIKFFBJ18CC,7,24.45,共用部分,鋼筋混凝土造,97年8月25日,十四層,
RPTNMLNJJIKFFBJ28CC,10,109.93,住家用,鋼筋混凝土造,94年11月14日,十五層,
RPTNMLNJJIKFFBJ28CC,10,45.99,共用部分,鋼筋混凝土造,94年11月14日,十五層,
RPTNMLNJJIKFFBJ28CC,10,23.18,共用部分,鋼筋混凝土造,94年11月14日,十五層,
RPTPMLNJJIKFFBJ48CC,12,125.61,住家用,鋼筋混凝土造,92年7月11日,九層,
RPTPMLNJJIKFFBJ48CC,12,104.36,共用部分,鋼筋混凝土造,92年7月11日,九層,
RPQTMLNJJIKFFBJ58CC,10,271.60,商業用,鋼骨造,94年7月25日,一層,
RPOOMLNJJIKFFBJ87CC,3,61.58,住家用,鋼筋混凝土造,102年1月11日,九層,
RPOOMLNJJIKFFBJ87CC,3,41.67,本共有部分之項目有：防空避難室兼停車空間、樓梯間、機械室、水箱等四項,鋼筋混凝土造,102年1月11日,九層,
RPPTMLNJJIKFFBJ48CC,1,99.47,住家用,鋼筋混凝土造,103年11月21日,十層,
RPPTMLNJJIKFFBJ48CC,1,37.59,本共有部分之項目有防空避難室兼停車空間、守衛室等二項。,鋼筋混凝土造,103年11月21日,十層,
RPPTMLNJJIKFFBJ48CC,1,11.16,本共有部分之項目有樓梯間、機房等二項。,鋼筋混凝土造,103年11月21日,十層,
RPUPMLNJJIKFFBJ58CC,8,46.70,商業用,鋼筋混凝土造,97年3月21日,十三層,
RPUPMLNJJIKFFBJ58CC,8,3.90,共用部分,鋼筋混凝土造,97年3月21日,十四層,
RPUPMLNJJIKFFBJ58CC,8,10.16,共用部分,鋼筋混凝土造,97年3月21日,十三層,
RPROMLNJJIKFFBJ18CC,18,103.29,住家用,鋼筋混凝土造,87年3月27日,八層,
RPROMLNJJIKFFBJ18CC,18,17.37,共用部分,鋼筋混凝土造,87年3月27日,八層,
RPROMLNJJIKFFBJ18CC,18,7.91,共用部分,鋼筋混凝土造,87年3月27日,八層,
RPWNNLPJJIKFFCJ09DC,1,135.20,辦公室,鋼筋混凝土造,104年3月25日,十四層,
RPWNMLTJJIKFFCJ76DC,1,143.00,辦公室,鋼筋混凝土造,104年3月25日,十四層,
RPWNMLTJJIKFFCJ76DC,1,43.58,辦公室,鋼筋混凝土造,104年3月25日,十四層,
RPWTMLNJJIKFFBJ56CC,10,92.18,住家用,鋼筋混凝土造,94年11月14日,十五層,
RPWTMLNJJIKFFBJ56CC,10,43.92,共用部分,鋼筋混凝土造,94年11月14日,十五層,
RPWTMLNJJIKFFBJ56CC,10,19.40,共用部分,鋼筋混凝土造,94年11月14日,十五層,
RPSQMLOJJIKFFBJ58CC,10,208.16,住家用,鋼筋混凝土造,94年12月1日,十五層,
RPSQMLOJJIKFFBJ58CC,10,137.28,共用部分,鋼筋混凝土造,94年12月1日,十五層,
RPSQMLOJJIKFFBJ58CC,10,36.73,共用部分,鋼筋混凝土造,94年12月1日,十五層,
RPPNMLPJJIKFFBJ08CC,1,170.51,辦公室,鋼筋混凝土造,103年10月15日,十一層,
RPPNMLPJJIKFFBJ08CC,1,217.12,本共有部分之項目有防空避難室兼停車空間、停車場、守衛室、開放空間、樓梯間、水箱、機械室等七項,鋼筋混凝土造,103年10月15日,十一層,
RPVTMLNJJIKFFBJ09CC,20,79.51,住家用,鋼筋混凝土造,84年5月29日,七層,
RPVTMLNJJIKFFBJ09CC,20,11.77,共用部分,鋼筋混凝土造,84年5月29日,六層,
RPVTMLNJJIKFFBJ09CC,20,19.48,共用部分,鋼筋混凝土造,84年5月29日,七層,
RPQNMLRKJIKFFBJ48CC,2,90.61,住商用,鋼筋混凝土造,102年11月7日,二十二層,
RPQNMLRKJIKFFBJ48CC,2,22.97,本共有部分之項目有防空避難室兼停車空間，清水池，機房，電信室，台電配電室，開放空間，門廳，梯間，機械室，中繼機房，水塔室，水箱等十二項。,鋼筋混凝土造,102年11月6日,二十二層,
RPUNMLNKJIKFFBJ48CC,3,141.47,住家用,鋼筋混凝土造,101年9月21日,十五層,
RPUNMLNKJIKFFBJ48CC,3,85.87,本共有部分之項目有防空避難室兼停車空間、梯廳、樓梯間、機械室、水箱等五項,鋼筋混凝土造,101年9月21日,十五層,
RPPOMLRKJIKFFBJ48CC,13,88.46,住家用,鋼筋混凝土造,92年4月12日,五層,
RPPOMLRKJIKFFBJ48CC,13,25.02,共用部分,鋼筋混凝土造,92年4月12日,五層,
RPPOMLRKJIKFFBJ48CC,13,5.93,共用部分,鋼筋混凝土造,92年4月12日,五層,
RPWNMLRKJIKFFBJ09CC,8,28.46,商業用,鋼筋混凝土造,97年3月21日,十三層,
RPWNMLRKJIKFFBJ09CC,8,2.60,共用部分,鋼筋混凝土造,97年3月21日,十四層,
RPWNMLRKJIKFFBJ09CC,8,10.35,共用部分,鋼筋混凝土造,97年3月21日,十三層,
RPQPMLLKJIKFFBJ08CC,3,125.13,住商用,鋼筋混凝土造,102年1月22日,三層,
RPXNMLRKJIKFFBJ56CC,14,122.54,住家用,鋼筋混凝土造,90年8月7日,十層,
RPXNMLRKJIKFFBJ56CC,14,12.21,共用部分,鋼筋混凝土造,90年8月7日,十層,
RPXNMLRKJIKFFBJ56CC,14,34.33,共用部分,鋼筋混凝土造,90年8月7日,十層,
RPPPMLLKJIKFFBJ97CC,1,92.28,辦公室,鋼筋混凝土造,103年10月15日,十一層,
RPPPMLLKJIKFFBJ97CC,1,92.96,本共有部分之項目有防空避難室兼停車空間、停車場、守衛室、開放空間、樓梯間、水箱、機械室等七項,鋼筋混凝土造,103年10月15日,十一層,
RPPOMLLJKIKFFDJ08CC,13,19.83,住家用,鋼骨造,92年4月25日,五層,
RPUNMLQLJIKFFCJ56EC,,243.44,住家用,鋼筋混凝土造,,三層,
RPQNMLMJKIKFFDJ18CC,,199.63,住家用,鋼筋混凝土造,,三層,
RPRNMLTJJIKFFBJ68CC,10,68.13,商業用,鋼筋混凝土造,94年7月21日,十層,
RPRNMLTJJIKFFBJ68CC,10,12.68,共用部分,鋼筋混凝土造,94年7月21日,十一層,
RPRNMLTJJIKFFBJ68CC,10,6.77,共用部分,鋼筋混凝土造,94年7月21日,十層,
RPOPMLLKJIKFFBJ87CC,,66.10,辦公室,鋼筋混凝土造,104年6月4日,十層,
RPOPMLLKJIKFFBJ87CC,,45.47,本共有部分之項目有防空避難室兼停車空間等一項。,鋼筋混凝土造,104年6月4日,十層,
RPOPMLLKJIKFFBJ87CC,,24.45,本共有部分之項目有樓梯間、水箱、機房等三項。,鋼筋混凝土造,104年6月4日,十層,
RPTOMLNJKIKFFBJ48CC,5,86.51,住家用,鋼筋混凝土造,99年12月31日,十二層,
RPTOMLNJKIKFFBJ48CC,5,21.51,本共有部分之項目有梯間、水箱、機械室等三項,鋼筋混凝土造,99年12月31日,十二層,
RPTOMLNJKIKFFBJ48CC,5,54.76,本共有部分之項目有防空避難室、停車空間、頂蓋型廣場式開放空間、垃圾處理室、車道、公共服務空間等六項,鋼筋混凝土造,99年12月31日,十二層,
RPSOMLNJKIKFFBJ38CC,10,108.96,住家用,鋼筋混凝土造,94年10月4日,十五層,
RPSOMLNJKIKFFBJ38CC,10,42.41,共用部分,鋼筋混凝土造,94年10月4日,十五層,
RPSOMLNJKIKFFBJ38CC,10,13.76,共用部分,鋼筋混凝土造,94年10月4日,十五層,
RPVNMLNJKIKFFBJ58CC,1,104.56,住家用,鋼筋混凝土造,104年4月17日,二十九層,
RPVNMLNJKIKFFBJ58CC,1,18.04,本共有部分之項目有停車空間、防災中心、台電配電室、車道、梯廳、排煙室、安全梯、升降機道、游泳池機房、消防中繼機房、電信室、水箱、發電機房、配電室、防空避難室兼停車空間、消防機房、泵浦機房、汙水機房等十八項。,鋼筋混凝土造,104年4月17日,二十九層,
RPVNMLNJKIKFFBJ58CC,1,6.44,本共有部分之項目有開放空間、管委會空間、集中式垃圾貯存空間、車道、梯廳、排煙室、安全梯、升降機道、公共服務空間、室內游泳池、浴室、機房等十二項。,鋼筋混凝土造,104年4月17日,二十九層,
RPVNMLNJKIKFFBJ58CC,1,23.57,本共有部分之項目有梯廳、排煙室、安全梯、升降機道、機械室、連結中繼泵機房、水箱等七項。,鋼筋混凝土造,104年4月17日,二十九層,
RPOOMLNJKIKFFBJ97CC,11,50.50,住家用,鋼筋混凝土造,93年6月11日,十四層,
RPOOMLNJKIKFFBJ97CC,11,8.49,共用部分,鋼筋混凝土造,93年6月11日,十四層,
RPOOMLNJKIKFFBJ97CC,11,14.23,共用部分,鋼筋混凝土造,93年6月11日,十四層,
RPUNMLNJKIKFFBJ48CC,10,97.40,住家用,鋼筋混凝土造,94年5月31日,十二層,
RPUNMLNJKIKFFBJ48CC,10,87.10,共用部分,鋼筋混凝土造,94年5月31日,十二層,
RPQOMLNJKIKFFBJ18CC,10,93.10,住家用,鋼筋混凝土造,94年11月14日,十五層,
RPQOMLNJKIKFFBJ18CC,10,43.92,共用部分,鋼筋混凝土造,94年11月14日,十五層,
RPQOMLNJKIKFFBJ18CC,10,19.59,共用部分,鋼筋混凝土造,94年11月14日,十五層,
RPTNMLKLJIKFFBJ18CC,12,243.00,商業用,鋼骨造,92年7月29日,一層,
RPXNMLNJKIKFFBJ78CC,6,28.43,商業用,鋼筋混凝土造,99年2月8日,十八層,
RPXNMLNJKIKFFBJ78CC,6,15.94,共用部分,鋼筋混凝土造,99年2月8日,十八層,
RPWNMLNJKIKFFBJ68CC,11,134.75,住家用,鋼筋混凝土造,93年10月18日,十四層,
RPWNMLNJKIKFFBJ68CC,11,31.14,共用部分,鋼筋混凝土造,93年10月18日,十四層,
RPWNMLNJKIKFFBJ68CC,11,17.96,共用部分,鋼筋混凝土造,93年10月18日,十四層,
RPUNMLOJKIKFFCJ68CC,,876.03,商業用,鋼筋混凝土造,,二層,
RPWOMLNJKIKFFBJ78CC,21,85.69,住家用,鋼筋混凝土造,83年6月17日,五層,
RPWOMLNJKIKFFBJ78CC,21,5.19,共用部分,鋼筋混凝土造,83年6月17日,五層,
RPRQMLNLKIKFFBJ68CC,5,91.27,住家用,鋼筋混凝土造,99年12月14日,十三層,
RPRQMLNLKIKFFBJ68CC,5,76.84,本共有部分之項目有防空避難室、停車空間、垃圾處理室、管理空間、廣場式開放空間、蓄水池、消防泵浦室等七項,鋼筋混凝土造,99年12月14日,十五層,
RPRQMLNLKIKFFBJ68CC,5,18.67,本共有部分之項目有梯間等一項,鋼筋混凝土造,99年12月14日,十三層,
RPSQMLNLKIKFFBJ78CC,8,33.84,商業用,鋼筋混凝土造,97年3月21日,十三層,
RPSQMLNLKIKFFBJ78CC,8,2.93,共用部分,鋼筋混凝土造,97年3月21日,十四層,
RPSQMLNLKIKFFBJ78CC,8,10.64,共用部分,鋼筋混凝土造,97年3月21日,十三層,
RPVOMLNJKIKFFBJ68CC,11,86.73,住家用,鋼筋混凝土造,93年9月1日,十層,
RPVOMLNJKIKFFBJ68CC,11,10.87,共用部分,鋼筋混凝土造,93年9月1日,十層,
RPVOMLNJKIKFFBJ68CC,11,23.71,共用部分,鋼筋混凝土造,93年9月1日,十層,
RPROMLOJKIKFFBJ38CC,2,84.41,住家用,鋼筋混凝土造,103年1月27日,十四層,
RPVRMLNLKIKFFBJ56CC,10,124.08,住家用,鋼筋混凝土造,94年10月4日,十五層,
RPVRMLNLKIKFFBJ56CC,10,45.68,共用部分,鋼筋混凝土造,94年10月4日,十五層,
RPVRMLNLKIKFFBJ56CC,10,16.28,共用部分,鋼筋混凝土造,94年10月4日,十五層,
RPUOMLNJKIKFFBJ58CC,12,115.08,住家用,鋼筋混凝土造,93年5月14日,七層,
RPUOMLNJKIKFFBJ58CC,12,21.80,共用部分,鋼筋混凝土造,93年5月14日,七層,
RPUOMLNJKIKFFBJ58CC,12,42.50,共用部分,鋼筋混凝土造,93年5月14日,七層,
RPOQMLKMKIKFFBJ18CC,11,81.55,住家用,鋼筋混凝土造,93年10月18日,十四層,
RPOQMLKMKIKFFBJ18CC,11,18.84,共用部分,鋼筋混凝土造,93年10月18日,十四層,
RPOQMLKMKIKFFBJ18CC,11,10.71,共用部分,鋼筋混凝土造,93年10月18日,十四層,
RPPRMLKMKIKFFBJ38CC,10,143.97,住家用,鋼筋混凝土造,94年9月23日,十五層,
RPPRMLKMKIKFFBJ38CC,10,19.51,共用部分,鋼筋混凝土造,94年9月23日,十五層,
RPPRMLKMKIKFFBJ38CC,10,28.72,共用部分,鋼筋混凝土造,94年9月23日,十五層,
RPXQMLKMKIKFFBJ09CC,10,81.43,住家用,鋼筋混凝土造,94年10月4日,十五層,
RPXQMLKMKIKFFBJ09CC,10,14.68,共用部分,鋼筋混凝土造,94年10月4日,十五層,
RPXQMLKMKIKFFBJ09CC,10,14.37,共用部分,鋼筋混凝土造,94年10月4日,十五層,
RPWPMLKMKIKFFBJ88CC,10,59.02,住家用,鋼筋混凝土造,94年11月7日,十四層,
RPWPMLKMKIKFFBJ88CC,10,10.71,共用部分,鋼筋混凝土造,94年11月7日,十四層,
RPWPMLKMKIKFFBJ88CC,10,9.52,共用部分,鋼筋混凝土造,94年11月7日,十四層,
RPWOMLOLKIKFFBJ09CC,19,64.93,住家用,鋼筋混凝土造,85年8月21日,九層,
RPWOMLOLKIKFFBJ09CC,19,37.02,共用部分,鋼筋混凝土造,85年8月21日,十層,
RPWOMLOLKIKFFBJ09CC,19,7.84,共用部分,鋼筋混凝土造,85年8月21日,九層,
RPQQMLKMKIKFFBJ38CC,1,69.03,住家用,鋼筋混凝土造,104年5月19日,十四層,
RPQQMLKMKIKFFBJ38CC,1,63.78,本共有部分之項目有停車空間、防空避難室兼停車空間、管理中心、開放空間、公共服務空間、梯間、水箱、機械室等八項。,鋼筋混凝土造,104年5月19日,十四層,
RPTPMLKMKIKFFBJ58CC,11,121.05,商業用,鋼筋混凝土造,94年3月31日,十一層,
RPTPMLKMKIKFFBJ58CC,11,16.70,共用部分,鋼筋混凝土造,94年3月31日,十層,
RPTPMLKMKIKFFBJ58CC,11,13.08,共用部分,鋼筋混凝土造,94年3月31日,十層,
RPOSMLTLKIKFFBJ56CC,8,124.42,商業用,鋼筋混凝土造,96年12月4日,十三層,
RPOSMLTLKIKFFBJ56CC,8,20.64,共用部分,鋼筋混凝土造,96年12月4日,十三層,
RPOSMLTLKIKFFBJ56CC,8,2.78,共用部分,鋼筋混凝土造,96年12月4日,十三層,
RPQPMLKMKIKFFBJ28CC,4,159.26,住家用,鋼筋混凝土造,100年11月29日,十四層,
RPQPMLKMKIKFFBJ28CC,4,24.91,梯間,鋼筋混凝土造,100年11月29日,十四層,
RPQPMLKMKIKFFBJ28CC,4,77.70,本共有部分之項目有防空避難室、停車空間、管理員室、頂蓋式廣場式開放空間、公共服務空間、樓梯間、機械室、水箱等八項,鋼筋混凝土造,100年11月29日,十四層,
RPUNMLPKJHLFFDJ98DC,5,30.00,一般服務業．一般零售業．停車空間,鋼筋混凝土造,99年10月22日,四層,
RPSOMLNKJHLFFDJ58CC,11,198.32,住家用,鋼筋混凝土造,93年11月21日,四層,
RPRRMLKMKIKFFBJ58CC,8,130.10,住家用,鋼筋混凝土造,97年4月8日,十二層,
RPRRMLKMKIKFFBJ58CC,8,23.24,共用部分,鋼筋混凝土造,97年4月18日,十二層,
RPRRMLKMKIKFFBJ58CC,8,27.63,共用部分,鋼筋混凝土造,97年4月18日,十二層,
RPSNMLOJJHLFFBJ28CC,11,165.62,住商用,鋼筋混凝土造,94年2月4日,五層,
RPRNMLMJJHLFFBJ97CC,6,95.17,商業用,鋼筋混凝土造,99年2月8日,十八層,
RPSNMLLLJHLFFCJ28CC,22,30.40,住家用,鋼筋混凝土造,82年12月6日,六層,
RPSNMLLLJHLFFCJ28CC,22,14.40,共用部分,鋼筋混凝土造,82年12月6日,六層,
RPOPMLPKJHLFFBJ28CC,9,235.79,住家用,鋼筋混凝土造,95年12月18日,五層,
RPOPMLPKJHLFFBJ28CC,9,64.20,共用部分,鋼筋混凝土造,95年12月18日,五層,
RPUNMLKLJHLFFBJ28CC,10,94.98,住家用,鋼筋混凝土造,94年9月23日,十四層,
RPUNMLKLJHLFFBJ28CC,10,11.40,共用部分,鋼筋混凝土造,94年9月23日,十四層,
RPUNMLKLJHLFFBJ28CC,10,19.14,共用部分,鋼筋混凝土造,94年9月23日,十五層,
RPVNMLKLJHLFFBJ38CC,13,298.52,住家用,鋼筋混凝土造,91年10月8日,五層,
RPVNMLKLJHLFFBJ38CC,13,.93,警衛室,鋼筋混凝土造,91年10月8日,一層,
RPXNMLKLJHLFFBJ58CC,7,101.16,住家用,鋼筋混凝土造,98年5月4日,十五層,
RPXNMLKLJHLFFBJ58CC,7,8.94,共用部分,鋼筋混凝土造,98年5月4日,十五層,
RPXNMLKLJHLFFBJ58CC,7,31.81,共用部分,鋼筋混凝土造,98年5月4日,十五層,
RPWNMLKLJHLFFBJ48CC,3,255.87,住家用,鋼筋混凝土造,102年5月15日,二十四層,
RPWNMLKLJHLFFBJ48CC,3,53.83,本共有部分之項目有附屬樓梯間、機械室、排煙室、蓄水池等四項。,鋼筋混凝土造,102年5月15日,二十四層,
RPWNMLKLJHLFFBJ48CC,3,115.16,本共有部分之項目有附屬停車空間、附屬防空避難室兼停車空間、附屬頂蓋型開放空間等三項。,鋼筋混凝土造,102年5月15日,二十四層,
RPPOMLKLJHLFFBJ87CC,9,134.03,住家用,鋼筋混凝土造,95年9月7日,十二層,
RPPOMLKLJHLFFBJ87CC,9,24.44,共用部分,鋼筋混凝土造,95年9月7日,十二層,
RPPOMLKLJHLFFBJ87CC,9,21.24,共用部分,鋼筋混凝土造,95年9月7日,十二層,
RPXOMLKLJHLFFBJ68CC,10,86.70,住家用,鋼筋混凝土造,94年10月4日,十五層,
RPXOMLKLJHLFFBJ68CC,10,37.52,共用部分,鋼筋混凝土造,94年10月4日,十五層,
RPXOMLKLJHLFFBJ68CC,10,12.82,共用部分,鋼筋混凝土造,94年10月4日,十五層,
RPPPMLKLJHLFFBJ97CC,14,92.74,商業用,鋼筋混凝土造,91年4月19日,十層,
RPPPMLKLJHLFFBJ97CC,14,14.13,共用部分,鋼筋混凝土造,91年4月19日,十層,
RPPPMLKLJHLFFBJ97CC,14,13.11,共用部分,鋼筋混凝土造,91年4月19日,十層,
RPVOMLKLJHLFFBJ48CC,1,104.56,住家用,鋼筋混凝土造,104年4月17日,二十九層,
RPVOMLKLJHLFFBJ48CC,1,.08,住家用,鋼筋混凝土造,104年4月17日,二十九層,
