﻿鄉鎮市區,交易標的,土地位置建物門牌,土地移轉總面積平方公尺,都市土地使用分區,非都市土地使用分區,非都市土地使用編定,交易年月日,交易筆棟數,移轉層次,總樓層數,建物型態,主要用途,主要建材,建築完成年月,建物移轉總面積平方公尺,建物現況格局-房,建物現況格局-廳,建物現況格局-衛,建物現況格局-隔間,有無管理組織,總價元,單價元平方公尺,車位類別,車位移轉總面積(平方公尺),車位總價元,備註,編號,主建物面積,附屬建物面積,陽台面積,電梯,移轉編號
The villages and towns urban district,transaction sign,land sector position building sector house number plate,land shifting total area square meter,the use zoning or compiles and checks,the non-metropolis land use district,non-metropolis land use,transaction year month and day,transaction pen number,shifting level,total floor number,building state,main use,main building materials,construction to complete the years,building shifting total area,Building present situation pattern - room,building present situation pattern - hall,building present situation pattern - health,building present situation pattern - compartmented,Whether there is manages the organization,total price NTD,the unit price (NTD / square meter),the berth category,berth shifting total area square meter,the berth total price NTD,the note,serial number,,,,,
金城鎮,土地,延平段318-1地號,492.35,農,,,1041022,土地1建物0車位0,,,其他,,,,0.0,0,0,0,有,無,5450000,11069,,0.0,0,,RPQNMLOJJIKFFAW09CA,0.0,0.0,0.0,,
金沙鎮,土地,后宅測段184地號,1698.45,農,,,1041026,土地3建物0車位0,,,其他,,,,0.0,0,0,0,有,無,2809641,1654,,0.0,0,,RPSNMLQJJIKFFAW86CA,0.0,0.0,0.0,,
金沙鎮,土地,北八劃段256地號,1820.0,農,,,1041103,土地2建物0車位0,,,其他,,,,0.0,0,0,0,有,無,8200000,4505,,0.0,0,,RPRNMLLKJIKFFAW98CA,0.0,0.0,0.0,,
金沙鎮,土地,北八劃段256地號,1820.0,農,,,1041103,土地2建物0車位0,,,其他,,,,0.0,0,0,0,有,無,8200000,4505,,0.0,0,,RPSNMLLKJIKFFAW09CA,0.0,0.0,0.0,,
金湖鎮,房地(土地+建物)+車位,金門縣金湖鎮塔后２３３號,95.03,住,,,1040917,土地1建物1車位1,全,三層,透天厝,住家用,鋼筋混凝土造,0891110,168.47,4,2,4,有,無,9650000,57280,一樓平面,0.0,0,,RPPNMLLKJIKFFAW78CA,156.66,0.0,11.81,,
金城鎮,房地(土地+建物),金門縣金城鎮西海路三段39巷2弄14號三樓,33.2,住,,,1041028,土地1建物1車位0,三層,三層,公寓(5樓含以下無電梯),住家用,鋼筋混凝土加強磚造,0831008,98.14,3,1,2,有,無,4800000,48910,,0.0,0,,RPTNMLQJJIKFFAW07DA,89.4,0.0,8.74,,
烈嶼鄉,土地,西方劃測段498地號,485.56,其他,,,1041029,土地1建物0車位0,,,其他,,,,0.0,0,0,0,有,無,2400000,4943,,0.0,0,,RPRNMLSKJIKFFAW17DA,0.0,0.0,0.0,,
金寧鄉,房地(土地+建物),金門縣金寧鄉東坑２１號,143.88,其他,,,1041005,土地2建物1車位0,全,三層,透天厝,住家用,鋼筋混凝土造,1040805,232.68,4,3,4,有,無,11500000,49424,,0.0,0,,RPQNMLLKJIKFFAW88CA,203.91,0.0,28.77,,
金寧鄉,房地(土地+建物),金門縣金寧鄉東坑１７號,144.8,其他,,,1041005,土地2建物1車位0,全,三層,透天厝,住家用,鋼筋混凝土造,1040805,222.8,4,3,4,有,無,12500000,56104,,0.0,0,,RPTNMLOJJIKFFAW76CA,203.91,0.0,18.89,,
金寧鄉,房地(土地+建物),金門縣金寧鄉東坑１８號,140.8,其他,,,1041005,土地2建物1車位0,全,三層,透天厝,住家用,鋼筋混凝土造,1040805,229.06,4,3,4,有,無,12500000,54571,,0.0,0,,RPUNMLQJJIKFFAW07CA,200.44,0.0,28.62,,
金寧鄉,房地(土地+建物),金門縣金寧鄉埔後３２號二樓之３,16.12,住,,,1041102,土地1建物1車位0,二層,三層,套房(1房1廳1衛),集合住宅,鋼筋混凝土造,1040723,31.62,0,0,1,無,無,2250000,71157,,0.0,0,,RPTNMLLKJIKFFAW56CA,25.17,1.75,0.0,,
金湖鎮,房地(土地+建物),金門縣金湖鎮塔后４８２號,96.03,住,,,1041023,土地1建物1車位0,全,三層,透天厝,集合住宅,鋼筋混凝土造,1030623,222.88,3,1,3,有,無,16000000,71788,,0.0,0,,RPOOMLLKJIKFFAW78CA,216.72,0.0,6.16,,
金沙鎮,土地,洋山段918地號,218.0,住,,,1041103,土地1建物0車位0,,,其他,,,,0.0,0,0,0,有,無,2580000,11835,,0.0,0,,RPUNMLTKJIKFFAW47CA,0.0,0.0,0.0,,
金寧鄉,土地,東洲段496地號,130.6,其他,,,1041103,土地1建物0車位0,,,其他,,,,0.0,0,0,0,有,無,5090000,38974,,0.0,0,,RPSNMLKLJIKFFAW56DA,0.0,0.0,0.0,,
金城鎮,土地,旗牌段292地號,72.0,其他,,,1041106,土地1建物0車位0,,,其他,,,,0.0,0,0,0,有,無,1800000,25000,,0.0,0,,RPTNMLMKJIKFFAW76DA,0.0,0.0,0.0,,
金寧鄉,房地(土地+建物),金門縣金寧鄉榜林４２號二樓,51.0,其他,,,1041029,土地1建物1車位0,二層,三層,公寓(5樓含以下無電梯),,,1040814,98.30000000000001,3,2,2,有,無,5200000,52899,,0.0,0,,RPROMLLKJIKFFAW09CA,79.91,0.0,9.85,,
金沙鎮,土地,沙碧劃段419地號,800.0,農,,,1041030,土地1建物0車位0,,,其他,,,,0.0,0,0,0,有,無,2500000,3125,,0.0,0,,RPPNMLMKJIKFFAW88CA,0.0,0.0,0.0,,
金寧鄉,房地(土地+建物),金門縣金寧鄉頂堡２５３號三樓,51.55,其他,,,1040918,土地2建物1車位0,三層,三層,公寓(5樓含以下無電梯),集合住宅,鋼筋混凝土造,1040609,97.23,3,2,2,有,無,5000000,51424,,0.0,0,,RPVNMLLKJIKFFAW76CA,84.45,0.0,3.81,,
金寧鄉,房地(土地+建物),金門縣金寧鄉頂堡２５３號,50.2,其他,,,1040918,土地2建物1車位0,一層,三層,公寓(5樓含以下無電梯),集合住宅,鋼筋混凝土造,1040609,95.06,3,2,2,有,無,4500000,47339,,0.0,0,,RPWNMLLKJIKFFAW86CA,84.45,0.0,1.64,,
金寧鄉,房地(土地+建物),金門縣金寧鄉東州７６之１號,57.42,其他,,,1040907,土地1建物1車位0,一層,三層,公寓(5樓含以下無電梯),集合住宅,鋼筋混凝土造,1040721,139.68,3,2,2,有,無,7300000,52262,,0.0,0,,RPUNMLMKJIKFFAW76CA,81.07,1.86,9.11,,
金城鎮,土地,城南段24地號,23.01,商,,,1040929,土地2建物0車位0,,,其他,,,,0.0,0,0,0,有,無,1000000,43459,,0.0,0,,RPRNMLKLJIKFFAW98CA,0.0,0.0,0.0,,
金湖鎮,土地,湖后劃段454地號,1398.22,農,,,1041109,土地1建物0車位0,,,其他,,,,0.0,0,0,0,有,無,3500000,2503,,0.0,0,,RPVNMLMKJIKFFAW96DA,0.0,0.0,0.0,,
金湖鎮,土地,湖東劃段182地號,2050.0,農,,,1041020,土地2建物0車位0,,,其他,,,,0.0,0,0,0,有,無,6100000,2976,,0.0,0,,RPPNMLLLJIKFFAW88CA,0.0,0.0,0.0,,
金湖鎮,房地(土地+建物),金門縣金湖鎮料羅新村５７３號,31.25,其他,,,1040713,土地1建物1車位0,一層,三層,公寓(5樓含以下無電梯),集合住宅,鋼筋混凝土造,1040402,79.31,2,1,1,有,無,3000000,37826,,0.0,0,,RPQNMLPLJIKFFAW76CA,57.4,0.0,4.35,,
金城鎮,房地(土地+建物),金門縣金城鎮西海路三段15號,101.8,其他,,,1041103,土地1建物1車位0,一層，二層，三層,三層,店面(店鋪),,,1040902,160.0,4,1,5,有,無,12800000,80000,,0.0,0,,RPWNMLKLJIKFFAW96DA,0.0,0.0,0.0,,
金城鎮,房地(土地+建物),金門縣金城鎮西海路三段23號,101.8,其他,,,1041103,土地1建物1車位0,一層，二層，三層,三層,店面(店鋪),,,1040902,160.0,4,1,5,有,無,13500000,84375,,0.0,0,,RPXNMLKLJIKFFAW07DA,0.0,0.0,0.0,,
金城鎮,房地(土地+建物),金門縣金城鎮西海路三段21巷9號,101.8,其他,,,1041103,土地1建物1車位0,全,三層,透天厝,,,1040902,160.0,5,2,5,有,無,11000000,68750,,0.0,0,,SPXNMLKLJIKFFAW17DA,0.0,0.0,0.0,,
金城鎮,房地(土地+建物),金門縣金城鎮西海路三段21巷8號,101.8,其他,,,1041103,土地1建物1車位0,全,三層,透天厝,,,1040902,160.0,5,2,5,有,無,11000000,68750,,0.0,0,,TPXNMLKLJIKFFAW27DA,0.0,0.0,0.0,,
金湖鎮,房地(土地+建物),金門縣金湖鎮湖前２５０號,99.25,住,,,1041108,土地1建物1車位0,全,三層,透天厝,住家用,鋼筋混凝土造,1040730,138.21,5,2,4,有,無,8600000,62224,,0.0,0,,RPQNMLKLJIKFFAW88CA,134.85,0.0,3.36,,
金城鎮,土地,旗牌段355地號,176.29,住,,,1041103,土地4建物0車位0,,,其他,,,,0.0,0,0,0,有,無,4400000,24959,,0.0,0,,RPQNMLRKJIKFFAW86CA,0.0,0.0,0.0,,
金城鎮,土地,吳厝村段121地號,252.0,其他,,,1041109,土地4建物0車位0,,,其他,,,,0.0,0,0,0,有,無,1680000,6667,,0.0,0,,RPSNMLRKJIKFFAW07CA,0.0,0.0,0.0,,
金寧鄉,房地(土地+建物),金門縣金寧鄉西浦頭７９之１２號,51.9,其他,,,1041030,土地1建物1車位0,一層,三層,公寓(5樓含以下無電梯),集合住宅,鋼筋混凝土造,1040430,80.14999999999999,3,2,2,有,無,4800000,59895,,0.0,0,,RPTNMLRKJIKFFAW17CA,68.6,0.0,5.53,,
金寧鄉,房地(土地+建物),金門縣金寧鄉東坑２０號,142.7,其他,,,1041005,土地2建物1車位0,全,三層,透天厝,住家用,鋼筋混凝土造,1040805,233.02,4,3,4,有,無,12500000,53643,,0.0,0,,RPPNMLNLJIKFFAW09CA,203.91,0.0,29.11,,
金城鎮,土地,城南段466地號,81.57,住,,,1041008,土地2建物0車位0,,,其他,,,,0.0,0,0,0,有,無,2250000,27584,,0.0,0,親友、員工或其他特殊關係間之交易。含增建或未登記建物。包含公共設施保留地之交易。,RPSOMLOKKIKFFAW96CA,0.0,0.0,0.0,,
金湖鎮,土地,太湖劃測段150地號,729.73,農,,,1041019,土地1建物0車位0,,,其他,,,,0.0,0,0,0,有,無,3800000,5207,,0.0,0,,RPSNMLQKKIKFFAW07CA,0.0,0.0,0.0,,
金城鎮,房地(土地+建物),金門縣金城鎮小西門49號,51.15,住,,,1041024,土地1建物1車位0,一層,三層,公寓(5樓含以下無電梯),集合住宅,鋼筋混凝土造,1030110,87.98,3,2,2,有,無,4880000,55467,,0.0,0,,RPVNMLRKJIKFFAW47DA,82.5,0.0,0.0,,
金湖鎮,土地,士校段812-3地號,739.5,其他,,,1041117,土地1建物0車位0,,,其他,,,,0.0,0,0,0,有,無,6200000,8384,,0.0,0,,RPPNMLOKKIKFFAW56CA,0.0,0.0,0.0,,
金城鎮,土地,北一段141-1地號,500.08,農,,,1041105,土地2建物0車位0,,,其他,,,,0.0,0,0,0,有,無,13000000,25996,,0.0,0,,RPTNMLKLJIKFFAW56CA,0.0,0.0,0.0,,
金寧鄉,房地(土地+建物),金門縣金寧鄉東州７６號二樓,58.38,其他,,,1041030,土地1建物1車位0,二層,三層,公寓(5樓含以下無電梯),集合住宅,鋼筋混凝土造,1040721,142.24,3,2,2,有,無,7750000,54485,,0.0,0,,RPRNMLTKJIKFFAW17CA,81.7,2.99,9.11,,
金寧鄉,土地,長寮段117地號,2363.77,農,,,1040727,土地1建物0車位0,,,其他,,,,0.0,0,0,0,有,無,10500000,4442,,0.0,0,,RPSNMLTKJIKFFAW27CA,0.0,0.0,0.0,,
金城鎮,土地,舊金城段1130地號,305.0,住,,,1041014,土地1建物0車位0,,,其他,,,,0.0,0,0,0,有,無,2700000,8852,,0.0,0,,RPSNMLRLJIKFFAW17CA,0.0,0.0,0.0,,
金湖鎮,土地,小徑段954-2地號,90.61,住,,,1041118,土地2建物0車位0,,,其他,,,,0.0,0,0,0,有,無,6800000,75047,,0.0,0,含未登記建物，新建未完成透天厝一戶。,RPRNMLOKKIKFFAW76CA,0.0,0.0,0.0,,
金湖鎮,土地,小徑段954-3地號,90.64,住,,,1041118,土地2建物0車位0,,,其他,,,,0.0,0,0,0,有,無,6500000,71712,,0.0,0,含未登記建物，新建未完成透天厝一戶。,RPSNMLOKKIKFFAW86CA,0.0,0.0,0.0,,
金湖鎮,土地,小徑段954-1地號,177.76,住,,,1041118,土地3建物0車位0,,,其他,,,,0.0,0,0,0,有,無,12700000,71445,,0.0,0,含未登記建物，新建未完成透天厝二戶。,RPTNMLOKKIKFFAW96CA,0.0,0.0,0.0,,
金湖鎮,土地,湖后劃段489地號,800.0,農,,,1041119,土地1建物0車位0,,,其他,,,,0.0,0,0,0,有,無,3200000,4000,,0.0,0,,RPPNMLQKKIKFFAW86DA,0.0,0.0,0.0,,
金湖鎮,土地,湖后劃段142地號,1000.0,農,,,1041119,土地1建物0車位0,,,其他,,,,0.0,0,0,0,有,無,4000000,4000,,0.0,0,,RPQNMLQKKIKFFAW96DA,0.0,0.0,0.0,,
烈嶼鄉,土地,東面山測段1003地號,369.37,農,,,1041117,土地1建物0車位0,,,其他,,,,0.0,0,0,0,有,無,2000000,5415,,0.0,0,,RPPNMLPLJIKFFAW76DA,0.0,0.0,0.0,,
金寧鄉,土地,寧湖一劃段131地號,749.37,農,,,1041116,土地1建物0車位0,,,其他,,,,0.0,0,0,0,有,無,8800000,11743,,0.0,0,,RPUNMLKLJIKFFAW76DA,0.0,0.0,0.0,,
金湖鎮,土地,湖前段416地號,831.77,其他,,,1041117,土地1建物0車位0,,,其他,,,,0.0,0,0,0,有,無,33000000,39674,,0.0,0,,RPQNMLOKKIKFFAW66CA,0.0,0.0,0.0,,
金寧鄉,土地,寧湖二劃測段1289地號,487.57,農,,,1041111,土地1建物0車位0,,,其他,,,,0.0,0,0,0,有,無,3600000,7384,,0.0,0,,RPPNMLSJKIKFFAW86CA,0.0,0.0,0.0,,
金湖鎮,房地(土地+建物),金門縣金湖鎮料羅新村６３３號,142.94,其他,,,1041027,土地2建物1車位0,全,三層,透天厝,集合住宅,鋼筋混凝土造,1040508,164.16,3,3,3,有,無,8650000,52692,,0.0,0,,RPRNMLNLJIKFFAW66CA,146.94,0.0,17.22,,
烈嶼鄉,土地,烈濱劃測段1190地號,499.99,農,,,1041104,土地2建物0車位0,,,其他,,,,0.0,0,0,0,有,無,700000,1400,,0.0,0,,RPSNMLNLJIKFFAW76CA,0.0,0.0,0.0,,
金寧鄉,房地(土地+建物),金門縣金寧鄉下堡２１１號二樓,52.04,其他,,,1041110,土地1建物1車位0,二層,三層,公寓(5樓含以下無電梯),,,1040408,110.08000000000001,3,2,2,有,無,5700000,51781,,0.0,0,,RPPNMLQLJIKFFAW76CA,85.2,7.17,9.03,,
金城鎮,土地,賢厝段632地號,1939.0,其他,,,1041105,土地3建物0車位0,,,其他,,,,0.0,0,0,0,有,無,6000000,3094,,0.0,0,,RPRNMLQLJIKFFAW96CA,0.0,0.0,0.0,,
金寧鄉,房地(土地+建物),金門縣金寧鄉埔後５６之９號,79.0,其他,,,1041019,土地1建物1車位0,全,三層,透天厝,住家用,鋼筋混凝土造,1020910,161.47,5,2,4,有,無,11000000,68124,,0.0,0,,RPSNMLQLJIKFFAW07CA,159.79,0.0,1.68,,
金寧鄉,土地,寧湖二劃測段437地號,1000.01,農,,,1041118,土地1建物0車位0,,,其他,,,,0.0,0,0,0,有,無,15000000,15000,,0.0,0,,RPRNMLMJKIKFFAW09CA,0.0,0.0,0.0,,
金湖鎮,土地,湖前段448-1地號,299.62,其他,,,1041120,土地1建物0車位0,,,其他,,,,0.0,0,0,0,有,無,16850000,56238,,0.0,0,,RPVNMLOKKIKFFAW17CA,0.0,0.0,0.0,,
金寧鄉,房地(土地+建物),金門縣金寧鄉下堡２１３號,42.51,其他,,,1041113,土地1建物1車位0,一層,三層,公寓(5樓含以下無電梯),,,1040408,83.35,3,2,2,有,無,4300000,51590,,0.0,0,,RPRNMLRLJIKFFAW07CA,77.67,0.0,0.0,,
金寧鄉,土地,北二三劃測段135地號,1269.07,其他,,,1041006,土地4建物0車位0,,,其他,,,,0.0,0,0,0,有,無,50763000,40000,,0.0,0,,RPUNMLOLKIKFFAW27DA,0.0,0.0,0.0,,
金湖鎮,土地,太湖劃測段63地號,953.09,農,,,1041124,土地1建物0車位0,,,其他,,,,0.0,0,0,0,有,無,4000000,4197,,0.0,0,,RPQNMLKMJIKFFAW09DA,0.0,0.0,0.0,,
金湖鎮,土地,士校段305-10地號,5977.0,其他,,,1041126,土地1建物0車位0,,,其他,,,,0.0,0,0,0,有,無,5000000,837,,0.0,0,,RPXNMLOKKIKFFAW37CA,0.0,0.0,0.0,,
金寧鄉,土地,長寮段720-2地號,737.12,其他,,,1041106,土地2建物0車位0,,,其他,,,,0.0,0,0,0,有,無,17000000,23063,,0.0,0,,RPSNMLSJKIKFFAW17CA,0.0,0.0,0.0,,
金寧鄉,土地,安西劃段677地號,368.7,農,,,1041120,土地1建物0車位0,,,其他,,,,0.0,0,0,0,有,無,1200000,3255,,0.0,0,,RPPNMLKKKIKFFAW78CA,0.0,0.0,0.0,,
金寧鄉,土地,煙墩段1146地號,754.56,農,,,1041028,土地1建物0車位0,,,其他,,,,0.0,0,0,0,有,無,7200000,9542,,0.0,0,,RPQNMLLJKIKFFAW88CA,0.0,0.0,0.0,,
金湖鎮,房地(土地+建物),金門縣金湖鎮料羅新村６４１號,169.37,其他,,,1041010,土地2建物1車位0,全,三層,透天厝,集合住宅,鋼筋混凝土造,1040508,166.41,3,3,3,有,無,9050000,54384,,0.0,0,,RPSNMLLJKIKFFAW09CA,149.06,0.0,17.35,,
金湖鎮,土地,中五劃段680地號,967.0,農,,,1041123,土地1建物0車位0,,,其他,,,,0.0,0,0,0,有,無,7000000,7239,,0.0,0,,RPPNMLTLKIKFFAW17CA,0.0,0.0,0.0,,
金城鎮,土地,珠山段788地號,88.81,住,,,1041111,土地1建物0車位0,,,其他,,,,0.0,0,0,0,有,無,1060000,11936,,0.0,0,,RPPNMLNKKIKFFAW09CA,0.0,0.0,0.0,,
金城鎮,土地,珠山段788地號,266.43,住,,,1041111,土地1建物0車位0,,,其他,,,,0.0,0,0,0,有,無,3200000,12011,,0.0,0,,RPQNMLNKKIKFFAW56CA,0.0,0.0,0.0,,
金城鎮,土地,中一段180地號,301.98,農,,,1041109,土地1建物0車位0,,,其他,,,,0.0,0,0,0,有,無,6200000,20531,,0.0,0,,RPSNMLMJKIKFFAW56CA,0.0,0.0,0.0,,
金沙鎮,土地,沙港劃段1230地號,115.1,住,,,1041126,土地1建物0車位0,,,其他,,,,0.0,0,0,0,有,無,2800000,24327,,0.0,0,,RPPNMLLJKIKFFAW88DA,0.0,0.0,0.0,,
金寧鄉,土地,寧湖二劃測段1134地號,521.56,農,,,1041112,土地1建物0車位0,,,其他,,,,0.0,0,0,0,有,無,1280000,2454,,0.0,0,,RPQNMLMJKIKFFAW09DA,0.0,0.0,0.0,,
金湖鎮,房地(土地+建物),金門縣金湖鎮信義新村２之１３號,22.51,住,,,1041111,土地1建物1車位0,一層,三層,公寓(5樓含以下無電梯),集合住宅,鋼筋混凝土造,1040609,27.5,1,0,1,有,無,1500000,54545,,0.0,0,,RPUNMLQKKIKFFAW27CA,25.12,0.0,0.0,,
金湖鎮,房地(土地+建物),金門縣金湖鎮信義新村２之１２號,80.38,住,,,1041111,土地1建物1車位0,一層,三層,公寓(5樓含以下無電梯),集合住宅,鋼筋混凝土造,1040609,99.67999999999999,3,2,2,有,無,5000000,50161,,0.0,0,親友、員工或其他特殊關係間之交易。,RPVNMLQKKIKFFAW37CA,91.16,0.0,0.0,,
金湖鎮,房地(土地+建物),金門縣金湖鎮信義新村２之１３號三樓,24.55,住,,,1041111,土地1建物1車位0,三層,三層,公寓(5樓含以下無電梯),集合住宅,鋼筋混凝土造,1040609,30.09,1,0,1,有,無,1500000,49850,,0.0,0,,RPOOMLQKKIKFFAW76CA,25.12,0.0,2.59,,
金寧鄉,房地(土地+建物),金門縣金寧鄉下堡２１２號,42.51,其他,,,1041123,土地1建物1車位0,一層,三層,公寓(5樓含以下無電梯),,,1040408,82.47999999999999,3,2,2,有,無,4200000,50921,,0.0,0,,RPQNMLOJKIKFFAW56CA,76.8,0.0,0.0,,
金城鎮,土地,鳳翔段193-2地號,222.81,其他,,,1041126,土地1建物0車位0,,,其他,,,,0.0,0,0,0,有,無,6300000,28275,,0.0,0,,RPPNMLRJKIKFFAW76CA,0.0,0.0,0.0,,
金湖鎮,房地(土地+建物),金門縣金湖鎮山外７６之１號,59.93,住,,,1041112,土地1建物1車位0,一層，二層，騎樓,二層,店面(店鋪),住商用,鋼筋混凝土造,0690320,125.56,0,0,0,無,無,6000000,47786,,0.0,0,,RPPNMLLKKIKFFAW88CA,125.56,0.0,0.0,,
金寧鄉,土地,龍潭段303地號,1128.01,其他,,,1041124,土地2建物0車位0,,,其他,,,,0.0,0,0,0,有,無,1500000,1330,,0.0,0,,RPRNMLSJKIKFFAW07CA,0.0,0.0,0.0,,
金城鎮,房地(土地+建物),金門縣金城鎮金門城２５之３號,18.48,住,,,1041119,土地1建物1車位0,一層,三層,公寓(5樓含以下無電梯),,,1041002,30.479999999999997,1,0,1,有,無,1429000,46883,,0.0,0,,RPVOMLPKKIKFFAW37CA,27.72,0.0,0.0,,
金城鎮,房地(土地+建物),金門縣金城鎮金門城２５之２號,20.49,住,,,1041119,土地1建物1車位0,一層,三層,公寓(5樓含以下無電梯),,,1041002,31.990000000000002,1,0,1,有,無,1500000,46890,,0.0,0,,RPWOMLPKKIKFFAW47CA,29.07,0.0,0.0,,
金城鎮,房地(土地+建物),金門縣金城鎮金門城２５之５號,39.3,住,,,1041119,土地1建物1車位0,一層,三層,公寓(5樓含以下無電梯),,,1041002,62.519999999999996,2,1,1,有,無,2931000,46881,,0.0,0,,RPUOMLPKKIKFFAW27CA,56.79,0.0,0.0,,
金寧鄉,房地(土地+建物),金門縣金寧鄉環島北路一段１６１號,584.13,農,,,1041123,土地1建物1車位0,一層，二層，屋頂突出物,二層,農舍,農舍,鋼筋混凝土造,0980211,157.9,3,2,2,有,無,3580000,,,0.0,0,二等親買賣,RPPNMLTJKIKFFAW96CA,143.66,0.0,14.24,,
烈嶼鄉,土地,沙溪測段987地號,1337.67,農,,,1041126,土地3建物0車位0,,,其他,,,,0.0,0,0,0,有,無,2900000,2168,,0.0,0,,RPQNMLSJKIKFFAW96CA,0.0,0.0,0.0,,
金城鎮,房地(土地+建物),金門縣金城鎮金門城２５之２號二樓,20.49,住,,,1041123,土地1建物1車位0,二層,三層,公寓(5樓含以下無電梯),,,1041002,34.86,1,0,1,有,無,1897200,54423,,0.0,0,,RPQOMLPKKIKFFAW86CA,29.07,0.0,2.87,,
金城鎮,房地(土地+建物),金門縣金城鎮金門城２５之５號二樓,40.1,住,,,1041120,土地1建物1車位0,二層,三層,公寓(5樓含以下無電梯),,,1041002,68.14,2,1,1,有,無,3500000,51365,,0.0,0,,RPSOMLPKKIKFFAW07CA,56.79,0.0,5.62,,
金城鎮,房地(土地+建物),金門縣金城鎮金門城２５之２號三樓,20.49,住,,,1041123,土地0建物1車位0,三層,三層,公寓(5樓含以下無電梯),,,1041002,34.86,1,0,1,有,無,1897200,54423,,0.0,0,,RPQNMLPKKIKFFAW76CA,29.07,0.0,2.87,,
金城鎮,房地(土地+建物),金門縣金城鎮金門城２５之３號二樓,19.28,住,,,1041123,土地1建物1車位0,二層,三層,公寓(5樓含以下無電梯),,,1041002,33.22,1,0,1,有,無,1809000,54455,,0.0,0,,RPTNMLPKKIKFFAW07CA,27.72,0.0,2.74,,
金湖鎮,土地,新頭段1199-13地號,30.0,其他,,,1041203,土地1建物0車位0,,,其他,,,,0.0,0,0,0,有,無,210000,7000,,0.0,0,,RPOOMLOKKIKFFAW56CA,0.0,0.0,0.0,,
金湖鎮,土地,新頭段1199-15地號,32.0,其他,,,1041203,土地1建物0車位0,,,其他,,,,0.0,0,0,0,有,無,224000,7000,,0.0,0,,RPPOMLOKKIKFFAW66CA,0.0,0.0,0.0,,
金湖鎮,土地,新頭段1199-16地號,33.0,其他,,,1041203,土地1建物0車位0,,,其他,,,,0.0,0,0,0,有,無,231000,7000,,0.0,0,,RPQOMLOKKIKFFAW76CA,0.0,0.0,0.0,,
金城鎮,房地(土地+建物),金門縣金城鎮金山路１２１巷１６弄２２號三樓,88.81,住,,,1041116,土地2建物1車位0,三層,三層,公寓(5樓含以下無電梯),集合住宅,鋼筋混凝土造,1040217,132.26,3,2,2,有,無,7800000,58975,,0.0,0,,RPWNMLOKKIKFFAW27CA,107.01,0.0,14.75,,
金城鎮,土地,天后宮段37地號,130.21,商,,,1041107,土地2建物0車位0,,,其他,,,,0.0,0,0,0,有,無,8000000,61439,,0.0,0,,RPRNMLLKKIKFFAW09CA,0.0,0.0,0.0,,
金城鎮,土地,北堤段203地號,79.95,其他,,,1041202,土地1建物0車位0,,,其他,,,,0.0,0,0,0,有,無,3384600,42334,,0.0,0,,RPRNMLNKKIKFFAW76DA,0.0,0.0,0.0,,
金寧鄉,土地,赤岑段658地號,2614.74,其他,,,1041202,土地5建物0車位0,,,其他,,,,0.0,0,0,0,有,無,2000000,765,,0.0,0,,RPQNMLKKKIKFFAW88CA,0.0,0.0,0.0,,
金城鎮,房地(土地+建物),金門縣金城鎮金門城２５之３號三樓,19.28,住,,,1041130,土地1建物1車位0,三層,三層,公寓(5樓含以下無電梯),,,1041002,33.22,1,0,1,有,無,1809000,54455,,0.0,0,,RPTOMLPKKIKFFAW17CA,27.72,0.0,2.74,,
金寧鄉,土地,東洲村段1地號,61.77,其他,,,1041130,土地2建物0車位0,,,其他,,,,0.0,0,0,0,有,無,4550000,73660,,0.0,0,,RPQNMLKMKIKFFAW09CA,0.0,0.0,0.0,,
金沙鎮,土地,洋山測段570地號,1698.45,農,,,1041201,土地3建物0車位0,,,其他,,,,0.0,0,0,0,有,無,2809641,1654,,0.0,0,,RPPNMLPLKIKFFAW76CA,0.0,0.0,0.0,,
金沙鎮,土地,洋山測段417地號,1013.0,其他,,,1041124,土地1建物0車位0,,,其他,,,,0.0,0,0,0,有,無,2026000,2000,,0.0,0,,RPQNMLPLKIKFFAW86CA,0.0,0.0,0.0,,
金沙鎮,土地,北九十劃段533地號,500.48,農,,,1041201,土地1建物0車位0,,,其他,,,,0.0,0,0,0,有,無,1000000,1998,,0.0,0,,RPRNMLPLKIKFFAW96CA,0.0,0.0,0.0,,
金湖鎮,房地(土地+建物),金門縣金湖鎮信義新村２之１２號三樓,82.74,住,,,1041125,土地1建物1車位0,三層,三層,公寓(5樓含以下無電梯),集合住宅,鋼筋混凝土造,1040609,102.88,3,2,2,有,無,6000000,58320,,0.0,0,,RPRNMLQKKIKFFAW96CA,91.16,0.0,3.2,,
金城鎮,房地(土地+建物),金門縣金城鎮珠浦南路50巷3弄7號5樓,16.82,住,,,1041203,土地1建物1車位0,五層,五層,套房(1房1廳1衛),集合住宅,鋼筋混凝土造,1040204,53.56,1,1,1,有,無,3250000,60680,,0.0,0,,RPRNMLNLKIKFFAW86DA,33.82,3.2,3.68,,
金城鎮,房地(土地+建物),金門縣金城鎮珠浦南路50巷3弄6號4樓,33.89,住,,,1041203,土地2建物2車位0,四層,五層,套房(1房1廳1衛),集合住宅,鋼筋混凝土造,1040204,109.55000000000001,1,1,1,有,無,6500000,59334,,0.0,0,,RPTNMLNLKIKFFAW07DA,69.39,6.4,7.36,,
金沙鎮,土地,沙港劃段690地號,1000.06,農,,,1041130,土地1建物0車位0,,,其他,,,,0.0,0,0,0,有,無,5000000,5000,,0.0,0,,RPXNMLQKKIKFFAW57CA,0.0,0.0,0.0,,
金沙鎮,土地,后宅測段592地號,1220.06,農,,,1041127,土地3建物0車位0,,,其他,,,,0.0,0,0,0,有,無,1580000,1295,,0.0,0,,RPSNMLPKKIKFFAW96CA,0.0,0.0,0.0,,
金湖鎮,房地(土地+建物),金門縣金湖鎮料羅新村６３７號,172.35,其他,,,1041110,土地2建物1車位0,全,三層,透天厝,集合住宅,鋼筋混凝土造,1040508,181.32,3,3,3,有,無,9250000,51015,,0.0,0,,RPVNMLPKKIKFFAW27CA,161.03,0.0,20.29,,
金城鎮,房地(土地+建物),金門縣金城鎮小西門５７之６號,124.53,住,,,1041204,土地4建物1車位0,全,三層,透天厝,集合住宅,鋼筋混凝土造,1000801,170.99,4,2,3,有,無,10000000,58483,,0.0,0,,RPWNMLPKKIKFFAW37CA,160.74,0.0,10.25,,
金沙鎮,土地,斗門劃測段450地號,1600.03,農,,,1041127,土地1建物0車位0,,,其他,,,,0.0,0,0,0,有,無,7000000,4375,,0.0,0,,RPXNMLPKKIKFFAW47CA,0.0,0.0,0.0,,
金城鎮,房地(土地+建物),金門縣金城鎮環島西路一段２４１巷１弄８號,226.24,農,,,1041205,土地1建物1車位0,一層，二層，屋頂突出物,二層,農舍,農舍,鋼筋混凝土造,1040605,166.89,7,4,6,有,無,12000000,,,0.0,0,,RPOOMLPKKIKFFAW66CA,150.91,0.0,15.98,,
金湖鎮,房地(土地+建物),金門縣金湖鎮信義新村１０８號,74.9,其他,,,1041126,土地1建物1車位0,一層,三層,公寓(5樓含以下無電梯),住家用,鋼筋混凝土造,0940420,92.42,3,1,1,有,無,4800000,51937,,0.0,0,,RPWNMLQKKIKFFAW47CA,73.22,0.0,3.78,,
金湖鎮,土地,夏興段1069地號,2435.27,農,,,1041202,土地6建物0車位0,,,其他,,,,0.0,0,0,0,有,無,2192000,900,,0.0,0,,RPPNMLRKKIKFFAW86CA,0.0,0.0,0.0,,
金湖鎮,房地(土地+建物),金門縣金湖鎮料羅新村６３６號,168.99,其他,,,1041111,土地2建物1車位0,全,三層,透天厝,集合住宅,鋼筋混凝土造,1040508,164.21,3,3,3,有,無,9050000,55112,,0.0,0,,RPTNMLSKKIKFFAW37CA,148.76,0.0,15.45,,
金寧鄉,房地(土地+建物),金門縣金寧鄉埔邊17號,15.81,農,,,1041211,土地1建物1車位0,一層,三層,套房(1房1廳1衛),集合住宅,鋼筋混凝土造,1040722,37.82,1,0,1,有,無,2320000,61343,,0.0,0,,RPQNMLRJJHLFFAW76CA,16.64,0.0,1.75,,
金寧鄉,房地(土地+建物),金門縣金寧鄉埔邊17之1號,15.81,農,,,1041211,土地1建物1車位0,一層,三層,套房(1房1廳1衛),集合住宅,鋼筋混凝土造,1040722,38.78,1,0,1,有,無,2400000,61888,,0.0,0,,RPRNMLRJJHLFFAW86CA,17.41,0.0,1.94,,
金寧鄉,房地(土地+建物),金門縣金寧鄉埔邊17之2號,15.81,農,,,1041211,土地1建物1車位0,一層,三層,套房(1房1廳1衛),集合住宅,鋼筋混凝土造,1040722,38.78,1,0,1,有,無,2400000,61888,,0.0,0,,RPSNMLRJJHLFFAW96CA,17.41,0.0,1.94,,
金寧鄉,房地(土地+建物),金門縣金寧鄉埔邊17之3號,15.81,農,,,1041211,土地1建物1車位0,一層,三層,套房(1房1廳1衛),集合住宅,鋼筋混凝土造,1040722,39.61,1,0,1,有,無,2570000,64883,,0.0,0,,RPUNMLRJJHLFFAW17CA,18.08,0.0,2.1,,
金寧鄉,房地(土地+建物),金門縣金寧鄉埔邊17之5號,15.81,農,,,1041211,土地1建物1車位0,一層,三層,套房(1房1廳1衛),集合住宅,鋼筋混凝土造,1040722,37.82,1,0,1,有,無,2350000,62136,,0.0,0,,RPVNMLRJJHLFFAW27CA,16.6,0.0,1.79,,
金寧鄉,房地(土地+建物),金門縣金寧鄉埔邊17之6號,15.81,農,,,1041211,土地1建物1車位0,一層,三層,套房(1房1廳1衛),集合住宅,鋼筋混凝土造,1040722,38.769999999999996,1,0,1,有,無,2460000,63451,,0.0,0,,RPWNMLRJJHLFFAW37CA,17.27,0.0,2.07,,
金寧鄉,房地(土地+建物),金門縣金寧鄉埔邊17之7號,15.81,農,,,1041211,土地1建物1車位0,一層,三層,套房(1房1廳1衛),集合住宅,鋼筋混凝土造,1040722,40.67,1,0,1,有,無,2620000,64421,,0.0,0,,RPXNMLRJJHLFFAW47CA,18.99,0.0,2.25,,
金寧鄉,房地(土地+建物),金門縣金寧鄉埔邊17之8號,15.81,農,,,1041211,土地1建物1車位0,一層,三層,套房(1房1廳1衛),集合住宅,鋼筋混凝土造,1040722,40.489999999999995,1,0,1,有,無,2540000,62732,,0.0,0,,RPPOMLRJJHLFFAW76CA,18.83,0.0,2.23,,
金寧鄉,房地(土地+建物),金門縣金寧鄉埔邊17之9號,15.81,農,,,1041211,土地1建物1車位0,一層,三層,套房(1房1廳1衛),集合住宅,鋼筋混凝土造,1040722,40.54,1,0,1,有,無,2600000,64134,,0.0,0,,RPQOMLRJJHLFFAW86CA,18.86,0.0,2.25,,
金寧鄉,房地(土地+建物),金門縣金寧鄉埔邊17之10號,15.81,農,,,1041211,土地1建物1車位0,一層,三層,套房(1房1廳1衛),集合住宅,鋼筋混凝土造,1040722,40.54,1,0,1,有,無,2450000,60434,,0.0,0,,RPROMLRJJHLFFAW96CA,18.86,0.0,2.25,,
金寧鄉,房地(土地+建物),金門縣金寧鄉埔邊17之11號,15.81,農,,,1041211,土地1建物1車位0,一層,三層,套房(1房1廳1衛),集合住宅,鋼筋混凝土造,1040722,38.89,1,0,1,有,無,2330000,59913,,0.0,0,,RPSOMLRJJHLFFAW07CA,17.52,0.0,1.94,,
金寧鄉,房地(土地+建物),金門縣金寧鄉埔邊17號二樓,15.81,農,,,1041211,土地1建物1車位0,二層,三層,套房(1房1廳1衛),集合住宅,鋼筋混凝土造,1040722,37.82,1,0,1,有,無,2380000,62930,,0.0,0,,RPTOMLRJJHLFFAW17CA,16.64,0.0,1.75,,
金寧鄉,房地(土地+建物),金門縣金寧鄉埔邊17之1號二樓,15.81,農,,,1041211,土地1建物1車位0,二層,三層,套房(1房1廳1衛),集合住宅,鋼筋混凝土造,1040722,38.78,1,0,1,有,無,2250000,58020,,0.0,0,,RPUOMLRJJHLFFAW27CA,17.41,0.0,1.94,,
金寧鄉,房地(土地+建物),金門縣金寧鄉埔邊17之2號二樓,15.81,農,,,1041211,土地1建物1車位0,二層,三層,套房(1房1廳1衛),集合住宅,鋼筋混凝土造,1040722,38.78,1,0,1,有,無,2400000,61888,,0.0,0,,RPVOMLRJJHLFFAW37CA,17.41,0.0,1.94,,
金寧鄉,房地(土地+建物),金門縣金寧鄉埔邊17之3號二樓,15.81,農,,,1041211,土地1建物1車位0,二層,三層,套房(1房1廳1衛),集合住宅,鋼筋混凝土造,1040722,39.61,1,0,1,有,無,2350000,59328,,0.0,0,,RPWOMLRJJHLFFAW47CA,18.08,0.0,2.1,,
金寧鄉,房地(土地+建物),金門縣金寧鄉埔邊17之6號二樓,15.81,農,,,1041211,土地1建物1車位0,二層,三層,套房(1房1廳1衛),集合住宅,鋼筋混凝土造,1040722,38.769999999999996,1,0,1,有,無,2460000,63451,,0.0,0,,RPOPMLRJJHLFFAW76CA,17.27,0.0,2.07,,
金寧鄉,房地(土地+建物),金門縣金寧鄉埔邊17之6號二樓之1,15.81,農,,,1041211,土地1建物1車位0,二層,三層,套房(1房1廳1衛),集合住宅,鋼筋混凝土造,1040722,38.769999999999996,1,0,1,有,無,2500000,64483,,0.0,0,,RPPPMLRJJHLFFAW86CA,17.35,0.0,1.99,,
金寧鄉,房地(土地+建物),金門縣金寧鄉埔邊17之6號二樓之2,15.81,農,,,1041211,土地1建物1車位0,二層,三層,套房(1房1廳1衛),集合住宅,鋼筋混凝土造,1040722,39.28,1,0,1,有,無,2500000,63646,,0.0,0,,RPQPMLRJJHLFFAW96CA,17.77,0.0,2.08,,
金寧鄉,房地(土地+建物),金門縣金寧鄉埔邊17之7號二樓,15.81,農,,,1041211,土地1建物1車位0,二層,三層,套房(1房1廳1衛),集合住宅,鋼筋混凝土造,1040722,40.67,1,0,1,有,無,2600000,63929,,0.0,0,,RPRPMLRJJHLFFAW07CA,18.99,0.0,2.25,,
金寧鄉,房地(土地+建物),金門縣金寧鄉埔邊17之9號二樓,15.81,農,,,1041211,土地1建物1車位0,二層,三層,套房(1房1廳1衛),集合住宅,鋼筋混凝土造,1040722,40.54,1,0,1,有,無,2580000,63641,,0.0,0,,RPSPMLRJJHLFFAW17CA,18.86,0.0,2.25,,
金寧鄉,房地(土地+建物),金門縣金寧鄉埔邊17之10號二樓,15.81,農,,,1041211,土地1建物1車位0,二層,三層,套房(1房1廳1衛),集合住宅,鋼筋混凝土造,1040722,40.54,1,0,1,有,無,2550000,62901,,0.0,0,,RPUPMLRJJHLFFAW37CA,18.86,0.0,2.25,,
金寧鄉,房地(土地+建物),金門縣金寧鄉埔邊17之11號二樓,15.81,農,,,1041211,土地1建物1車位0,二層,三層,套房(1房1廳1衛),集合住宅,鋼筋混凝土造,1040722,38.89,1,0,1,有,無,2430000,62484,,0.0,0,,RPWPMLRJJHLFFAW57CA,17.52,0.0,1.94,,
金寧鄉,房地(土地+建物),金門縣金寧鄉埔邊17號三樓,15.81,農,,,1041211,土地1建物1車位0,三層,三層,套房(1房1廳1衛),集合住宅,鋼筋混凝土造,1040722,37.82,1,0,1,有,無,2470000,65309,,0.0,0,,RPXPMLRJJHLFFAW67CA,16.64,0.0,1.75,,
金寧鄉,房地(土地+建物),金門縣金寧鄉埔邊17之1號三樓,15.81,農,,,1041211,土地1建物1車位0,三層,三層,套房(1房1廳1衛),集合住宅,鋼筋混凝土造,1040722,38.78,1,0,1,有,無,2530000,65240,,0.0,0,,RPOQMLRJJHLFFAW86CA,17.41,0.0,1.94,,
金寧鄉,房地(土地+建物),金門縣金寧鄉埔邊17之7號三樓,15.81,農,,,1041211,土地1建物1車位0,三層,三層,套房(1房1廳1衛),集合住宅,鋼筋混凝土造,1040722,40.67,1,0,1,有,無,2500000,61470,,0.0,0,,RPQQMLRJJHLFFAW07CA,18.99,0.0,2.25,,
金寧鄉,房地(土地+建物),金門縣金寧鄉埔邊17之8號三樓,31.61,農,,,1041211,土地1建物2車位0,三層,三層,套房(1房1廳1衛),集合住宅,鋼筋混凝土造,1040722,81.03,1,0,1,有,無,4900000,60471,,0.0,0,,RPRQMLRJJHLFFAW17CA,37.69,0.0,4.48,,
金寧鄉,房地(土地+建物),金門縣金寧鄉埔邊17之10號三樓,15.81,農,,,1041211,土地1建物1車位0,三層,三層,套房(1房1廳1衛),集合住宅,鋼筋混凝土造,1040722,40.54,1,0,1,有,無,2450000,60434,,0.0,0,,RPSQMLRJJHLFFAW27CA,18.86,0.0,2.25,,
金寧鄉,房地(土地+建物),金門縣金寧鄉埔邊17之11號三樓,15.81,農,,,1041211,土地1建物1車位0,三層,三層,套房(1房1廳1衛),集合住宅,鋼筋混凝土造,1040722,38.89,1,0,1,有,無,2330000,59913,,0.0,0,,RPTQMLRJJHLFFAW37CA,17.52,0.0,1.94,,
金湖鎮,土地,新頭段1199-11地號,28.0,其他,,,1041216,土地1建物0車位0,,,其他,,,,0.0,0,0,0,有,無,100000,3571,,0.0,0,其他特殊關係間之交易。有民情風俗因素之交易。,RPXQMLRJJHLFFAW77CA,0.0,0.0,0.0,,
金城鎮,房地(土地+建物),金門縣金城鎮菜市場２７號,24.34,住,,,1041216,土地2建物1車位0,全,三層,透天厝,住家用,鋼筋混凝土加強磚造,0830124,70.49,5,1,5,有,無,3800000,53908,,0.0,0,,RPPRMLRJJHLFFAW07CA,70.49,0.0,0.0,,
金湖鎮,房地(土地+建物),金門縣金湖鎮市港三路１５２號四樓之１,18.75,住,,,1041125,土地1建物1車位0,四層,七層,公寓(5樓含以下無電梯),集合住宅,鋼筋混凝土造,1040923,89.24,2,2,1,有,無,5300000,59390,,0.0,0,,RPVNMLSKKIKFFAW57CA,59.04,0.0,3.79,,
金湖鎮,房地(土地+建物)+車位,金門縣金湖鎮料羅新村５７０號,59.38,其他,,,1041203,土地1建物1車位1,一層，地下一層,三層,公寓(5樓含以下無電梯),集合住宅,鋼筋混凝土造,1040402,148.05,2,2,2,有,無,4890550,33033,坡道平面,15.17,0,,RPTNMLOLKIKFFAW07CA,96.91,0.0,6.86,,
金湖鎮,房地(土地+建物),金門縣金湖鎮料羅新村５７２號,31.25,其他,,,1041203,土地1建物1車位0,一層,三層,公寓(5樓含以下無電梯),集合住宅,鋼筋混凝土造,1040402,79.31,2,1,1,有,無,2619900,33034,,0.0,0,,SPTNMLOLKIKFFAW17CA,57.4,0.0,4.35,,
金湖鎮,房地(土地+建物),金門縣金湖鎮料羅新村５７５號,31.25,其他,,,1041203,土地1建物1車位0,一層,三層,公寓(5樓含以下無電梯),集合住宅,鋼筋混凝土造,1040402,79.31,2,1,1,有,無,2619900,33034,,0.0,0,,TPTNMLOLKIKFFAW27CA,57.4,0.0,4.35,,
金湖鎮,房地(土地+建物)+車位,金門縣金湖鎮料羅新村５７７號,70.57,其他,,,1041203,土地1建物1車位1,一層，地下一層,三層,公寓(5樓含以下無電梯),集合住宅,鋼筋混凝土造,1040402,177.69,4,2,2,有,無,5869650,33033,坡道平面,15.17,0,,UPTNMLOLKIKFFAW37CA,120.22,0.0,6.86,,
金湖鎮,土地,陳坑段401-1地號,809.83,住,,,1041204,土地4建物0車位0,,,其他,,,,0.0,0,0,0,有,無,12000000,14818,,0.0,0,增值稅由買方負擔,RPPNMLNKJHLFFAW98CA,0.0,0.0,0.0,,
金城鎮,土地,奎星樓段232地號,146.52,住,,,1041204,土地1建物0車位0,,,其他,,,,0.0,0,0,0,有,無,7000000,47775,,0.0,0,,RPQNMLNKJHLFFAW09CA,0.0,0.0,0.0,,
金城鎮,土地,東紅山段16地號,559.83,其他,,,1041215,土地1建物0車位0,,,其他,,,,0.0,0,0,0,有,無,24000000,42870,,0.0,0,,RPSNMLOLKIKFFAW07DA,0.0,0.0,0.0,,
金湖鎮,土地,太湖劃測段63地號,953.09,農,,,1041203,土地1建物0車位0,,,其他,,,,0.0,0,0,0,有,無,3800000,3987,,0.0,0,,RPUNMLSKJHLFFAW37CA,0.0,0.0,0.0,,
金寧鄉,土地,榜林村段186地號,95.67,其他,,,1041130,土地1建物0車位0,,,其他,,,,0.0,0,0,0,有,無,3000000,31358,,0.0,0,,RPPQMLLMKIKFFAW76CA,0.0,0.0,0.0,,
金寧鄉,土地,榜林村段186地號,95.67,其他,,,1041130,土地1建物0車位0,,,其他,,,,0.0,0,0,0,有,無,3000000,31358,,0.0,0,,RPQQMLLMKIKFFAW86CA,0.0,0.0,0.0,,
金城鎮,土地,城北段861地號,59.37,商,,,1041127,土地2建物0車位0,,,其他,,,,0.0,0,0,0,有,無,3600000,60637,,0.0,0,,RPQNMLTLKIKFFAW27CA,0.0,0.0,0.0,,
金寧鄉,土地,湖下村段234地號,254.0,其他,,,1041120,土地1建物0車位0,,,其他,,,,0.0,0,0,0,有,無,7000000,27559,,0.0,0,,RPOOMLNLKIKFFAW56CA,0.0,0.0,0.0,,
金沙鎮,土地,北九劃段1340地號,2000.03,農,,,1041125,土地3建物0車位0,,,其他,,,,0.0,0,0,0,有,無,8200000,4100,,0.0,0,,RPPOMLNLKIKFFAW66CA,0.0,0.0,0.0,,
金寧鄉,房地(土地+建物),金門縣金寧鄉東州７６之３號,57.19,其他,,,1041201,土地1建物1車位0,一層,三層,公寓(5樓含以下無電梯),集合住宅,鋼筋混凝土造,1040721,139.32,3,2,2,有,無,7300000,52397,,0.0,0,,RPQOMLNLKIKFFAW76CA,80.91,1.86,9.1,,
金寧鄉,土地,湖尾段822地號,672.91,其他,,,1041221,土地1建物0車位0,,,其他,,,,0.0,0,0,0,有,無,22000000,32694,,0.0,0,,RPQNMLOLKIKFFAW76CA,0.0,0.0,0.0,,
金寧鄉,土地,寧劃段1104-1地號,490.03,農,,,1041209,土地2建物0車位0,,,其他,,,,0.0,0,0,0,有,無,2000000,4081,,0.0,0,,RPOQMLLMKIKFFAW66CA,0.0,0.0,0.0,,
金湖鎮,土地,夏興段1069地號,2435.27,農,,,1041217,土地6建物0車位0,,,其他,,,,0.0,0,0,0,有,無,2800000,1150,,0.0,0,,RPXNMLSJJHLFFAW57CA,0.0,0.0,0.0,,
金寧鄉,房地(土地+建物),金門縣金寧鄉埔後４０之８號,92.06,住,,,1041202,土地3建物1車位0,全,三層,透天厝,集合住宅,鋼筋混凝土造,1021008,166.3,5,5,2,有,無,12500000,75165,,0.0,0,,RPRNMLSJJHLFFAW96CA,156.99,0.0,9.31,,
金湖鎮,土地,湖東劃段260地號,1000.0,農,,,1041124,土地1建物0車位0,,,其他,,,,0.0,0,0,0,有,無,3500000,3500,,0.0,0,,RPQNMLTKJHLFFAW07CA,0.0,0.0,0.0,,
金寧鄉,土地,盤山村段180地號,378.0,其他,,,1041222,土地1建物0車位0,,,其他,,,,0.0,0,0,0,有,無,9900000,26190,,0.0,0,,RPQNMLOKJHLFFAW66DA,0.0,0.0,0.0,,
金沙鎮,土地,后宅測段1324地號,500.1,農,,,1041214,土地1建物0車位0,,,其他,,,,0.0,0,0,0,有,無,1900000,3799,,0.0,0,,RPRNMLSLKIKFFAW27CA,0.0,0.0,0.0,,
金城鎮,土地,祥瑞段977地號,115.0,其他,,,1041223,土地1建物0車位0,,,其他,,,,0.0,0,0,0,有,無,5160000,44870,,0.0,0,,RPSNMLSLKIKFFAW37CA,0.0,0.0,0.0,,
金湖鎮,土地,太湖劃測段209地號,1664.34,其他,,,1041214,土地2建物0車位0,,,其他,,,,0.0,0,0,0,有,無,5000000,3004,,0.0,0,,RPRNMLTLKIKFFAW37CA,0.0,0.0,0.0,,
金沙鎮,房地(土地+建物),金門縣金沙鎮陽翟３０３號,92.75,其他,,,1041118,土地1建物1車位0,全,三層,透天厝,住家用,鋼筋混凝土造,1040918,178.05,5,2,5,有,無,7000000,39315,,0.0,0,,RPTNMLTLKIKFFAW57CA,172.54,0.0,5.51,,
金沙鎮,房地(土地+建物),金門縣金沙鎮陽翟３０５號,92.75,其他,,,1041118,土地1建物1車位0,全,三層,透天厝,住家用,鋼筋混凝土造,1040918,178.05,5,2,5,有,無,6800000,38192,,0.0,0,,RPVNMLTLKIKFFAW77CA,172.54,0.0,5.51,,
金沙鎮,房地(土地+建物),金門縣金沙鎮陽翟３１０號,88.87,其他,,,1041218,土地1建物1車位0,全,三層,透天厝,住家用,鋼筋混凝土造,1040918,169.38,5,2,5,有,無,7000000,41327,,0.0,0,,RPXNMLTLKIKFFAW97CA,169.38,0.0,0.0,,
金沙鎮,房地(土地+建物),金門縣金沙鎮陽翟３０９號,91.01,其他,,,1041218,土地1建物1車位0,全,三層,透天厝,住家用,鋼筋混凝土造,1040918,169.01,5,2,5,有,無,7200000,42601,,0.0,0,,RPPOMLTLKIKFFAW27CA,169.01,0.0,0.0,,
金沙鎮,房地(土地+建物),金門縣金沙鎮陽翟３０６號,95.71,其他,,,1041108,土地1建物1車位0,全,三層,透天厝,住家用,鋼筋混凝土造,1040918,180.98,5,2,5,有,無,7200000,39783,,0.0,0,,RPROMLTLKIKFFAW47CA,175.47,0.0,5.51,,
金沙鎮,房地(土地+建物),金門縣金沙鎮陽翟３０２號,92.75,其他,,,1041222,土地1建物1車位0,全,三層,透天厝,住家用,鋼筋混凝土造,1040918,178.05,5,2,5,有,無,7200000,40438,,0.0,0,,RPUOMLTLKIKFFAW77CA,172.54,0.0,5.51,,
金沙鎮,房地(土地+建物),金門縣金沙鎮陽翟３０１號,92.75,其他,,,1041222,土地1建物1車位0,全,三層,透天厝,住家用,鋼筋混凝土造,1040918,178.05,5,2,5,有,無,7200000,40438,,0.0,0,,RPWOMLTLKIKFFAW97CA,172.54,0.0,5.51,,
金寧鄉,土地,寧湖一劃段396-5地號,170.01,其他,,,1041217,土地1建物0車位0,,,其他,,,,0.0,0,0,0,有,無,11160000,65643,,0.0,0,,RPPOMLPJJHLFFAW66DA,0.0,0.0,0.0,,
金寧鄉,土地,寧湖二劃測段741地號,667.1,其他,,,1041218,土地1建物0車位0,,,其他,,,,0.0,0,0,0,有,無,12000000,17988,,0.0,0,,RPROMLPJJHLFFAW86DA,0.0,0.0,0.0,,
金湖鎮,房地(土地+建物),金門縣金湖鎮湖前２８８號,70.92,住,,,1041203,土地1建物1車位0,全,三層,透天厝,住家用,鋼筋混凝土造,1030324,140.17,5,1,3,有,無,7500000,53506,,0.0,0,,RPUNMLSJJHLFFAW27CA,130.43,0.0,9.74,,
金湖鎮,土地,陳坑段984地號,371.0,其他,,,1041116,土地1建物0車位0,,,其他,,,,0.0,0,0,0,有,無,13700000,36927,,0.0,0,,RPTPMLRJJHLFFAW27CA,0.0,0.0,0.0,,
金湖鎮,房地(土地+建物),金門縣金湖鎮信義新村２之１２號二樓,82.74,住,,,1041218,土地1建物1車位0,二層,三層,公寓(5樓含以下無電梯),集合住宅,鋼筋混凝土造,1040609,102.88,3,2,2,有,無,6000000,58320,,0.0,0,,RPXPMLLMKIKFFAW47CA,0.0,0.0,0.0,,
金城鎮,房地(土地+建物),金門縣金城鎮中興路２０９號,11.27,商,,,1041204,土地1建物1車位0,一層，見其他登記事項,五層,辦公商業大樓,店舖,鋼筋混凝土造,1000321,18.62,0,0,0,無,無,1738800,93383,,0.0,0,,RPQNMLRLJHLFFAW96CA,18.62,0.0,0.0,,
金城鎮,房地(土地+建物),金門縣金城鎮中興路２０９號二樓,11.27,商,,,1041204,土地1建物1車位0,二層,五層,辦公商業大樓,辦公室,鋼筋混凝土造,1000321,40.56,0,0,0,無,無,2934000,72337,,0.0,0,,SPQNMLRLJHLFFAW07CA,37.7,0.0,2.86,,
金城鎮,房地(土地+建物),金門縣金城鎮中興路２０９號三樓,11.27,商,,,1041204,土地1建物1車位0,三層,五層,辦公商業大樓,辦公室,鋼筋混凝土造,1000321,40.56,0,0,0,無,無,2934000,72337,,0.0,0,,TPQNMLRLJHLFFAW17CA,37.7,0.0,2.86,,
金城鎮,房地(土地+建物),金門縣金城鎮中興路２０９號五樓,11.27,商,,,1041204,土地1建物1車位0,五層，見其他登記事項,五層,辦公商業大樓,辦公室,鋼筋混凝土造,1000321,55.2,0,0,0,無,無,3731400,67598,,0.0,0,,UPQNMLRLJHLFFAW27CA,49.49,0.0,5.71,,
金城鎮,房地(土地+建物),金門縣金城鎮中興路２０９號四樓,11.27,商,,,1041204,土地1建物1車位0,四層,五層,辦公商業大樓,辦公室,鋼筋混凝土造,1000321,40.56,0,0,0,無,無,2934000,72337,,0.0,0,,VPQNMLRLJHLFFAW37CA,37.7,0.0,2.86,,
金城鎮,房地(土地+建物),金門縣金城鎮民族路７之３號,49.0,商,,,1041221,土地3建物1車位0,一層,一層,店面(店鋪),住商用,鋼筋混凝土造,0570615,42.12,0,0,0,無,無,4500000,106838,,0.0,0,,RPPNMLMLJHLFFAW98CA,36.05,6.08,0.0,,
金城鎮,房地(土地+建物),金門縣金城鎮民族路７之５號,55.51,商,,,1041221,土地3建物1車位0,一層,一層,店面(店鋪),住商用,鋼筋混凝土造,0570615,47.34,0,0,0,無,無,4500000,95057,,0.0,0,,RPQNMLMLJHLFFAW09CA,38.48,8.85,0.0,,
金城鎮,房地(土地+建物),金門縣金城鎮民族路７之７號,54.5,商,,,1041221,土地3建物1車位0,一層,一層,店面(店鋪),住商用,鋼筋混凝土造,0570615,46.54,0,0,0,無,無,4500000,96691,,0.0,0,,RPRNMLMLJHLFFAW56CA,37.38,9.16,0.0,,
金城鎮,房地(土地+建物),金門縣金城鎮民族路７之９號,54.53,商,,,1041221,土地3建物1車位0,一層,一層,店面(店鋪),住商用,鋼筋混凝土造,0570615,37.85,0,0,0,無,無,4500000,118890,,0.0,0,,RPSNMLMLJHLFFAW66CA,37.85,0.0,0.0,,
金城鎮,房地(土地+建物),金門縣金城鎮民族路７之３號,49.0,商,,,1041204,土地3建物1車位0,一層,一層,店面(店鋪),住商用,鋼筋混凝土造,0570615,42.12,0,0,0,無,無,4500000,106838,,0.0,0,,RPTNMLMLJHLFFAW76CA,36.05,6.08,0.0,,
金城鎮,房地(土地+建物),金門縣金城鎮民族路７之５號,55.51,商,,,1041204,土地3建物1車位0,一層,一層,店面(店鋪),住商用,鋼筋混凝土造,0570615,47.34,0,0,0,無,無,4500000,95057,,0.0,0,,RPUNMLMLJHLFFAW86CA,38.48,8.85,0.0,,
金城鎮,房地(土地+建物),金門縣金城鎮民族路７之７號,54.5,商,,,1041204,土地3建物1車位0,一層,一層,店面(店鋪),住商用,鋼筋混凝土造,0570615,46.54,0,0,0,無,無,4500000,96691,,0.0,0,,RPVNMLMLJHLFFAW96CA,37.38,9.16,0.0,,
金城鎮,房地(土地+建物),金門縣金城鎮民族路７之９號,54.53,商,,,1041204,土地3建物1車位0,一層,一層,店面(店鋪),住商用,鋼筋混凝土造,0570615,37.85,0,0,0,無,無,4500000,118890,,0.0,0,,RPWNMLMLJHLFFAW07CA,37.85,0.0,0.0,,
金湖鎮,房地(土地+建物),金門縣金湖鎮市港三路１５２號二樓之１,18.75,住,,,1041125,土地1建物1車位0,二層,七層,公寓(5樓含以下無電梯),集合住宅,鋼筋混凝土造,1040923,89.24,2,2,1,有,無,5800000,64993,,0.0,0,,RPOPMLTLKIKFFAW27CA,59.04,0.0,3.79,,
金寧鄉,房地(土地+建物),金門縣金寧鄉東州７６之２號二樓,59.65,其他,,,1041207,土地1建物1車位0,二層,三層,公寓(5樓含以下無電梯),集合住宅,鋼筋混凝土造,1040721,145.25,3,2,2,有,無,7500000,51635,,0.0,0,,RPTNMLKMKIKFFAW76CA,83.68,2.92,9.16,,
金寧鄉,房地(土地+建物),金門縣金寧鄉東州７６之１號二樓,57.27,其他,,,1041217,土地1建物1車位0,二層,三層,公寓(5樓含以下無電梯),集合住宅,鋼筋混凝土造,1040721,139.56,3,2,2,有,無,7880000,56463,,0.0,0,,RPUNMLKMKIKFFAW86CA,81.07,1.86,9.11,,
金湖鎮,房地(土地+建物),金門縣金湖鎮市港三路１５２號三樓之２,18.75,住,,,1041125,土地1建物1車位0,三層,七層,公寓(5樓含以下無電梯),集合住宅,鋼筋混凝土造,1040923,89.36,2,2,1,有,無,5500000,61549,,0.0,0,,RPWNMLKMKIKFFAW07CA,59.17,0.0,3.79,,
金湖鎮,房地(土地+建物)+車位,金門縣金湖鎮市港三路１５２號三樓之３,27.19,住,,,1041125,土地1建物1車位1,三層,七層,公寓(5樓含以下無電梯),集合住宅,鋼筋混凝土造,1040923,137.95,3,2,2,有,無,7930000,61756,坡道平面,15.37,360000,,SPWNMLKMKIKFFAW17CA,81.62,0.0,4.77,,
金湖鎮,房地(土地+建物),金門縣金湖鎮市港三路１５２號三樓之１,18.75,住,,,1041125,土地1建物1車位0,三層,七層,公寓(5樓含以下無電梯),集合住宅,鋼筋混凝土造,1040923,89.24,2,2,1,有,無,5600000,62752,,0.0,0,,RPOOMLKMKIKFFAW98CA,59.04,0.0,3.79,,
金湖鎮,房地(土地+建物)+車位,金門縣金湖鎮市港三路１５２號五樓之３,26.99,住,,,1041202,土地1建物1車位1,五層,七層,公寓(5樓含以下無電梯),集合住宅,鋼筋混凝土造,1040923,135.84,3,2,2,有,無,7950000,58525,坡道平面,13.25,0,,RPQOMLKMKIKFFAW56CA,81.62,0.0,4.77,,
金湖鎮,房地(土地+建物)+車位,金門縣金湖鎮市港三路１５２號七樓,26.53,住,,,1041201,土地1建物1車位1,七層,七層,公寓(5樓含以下無電梯),集合住宅,鋼筋混凝土造,1040923,134.72,2,2,2,有,無,9880000,79765,坡道平面,15.37,360000,,RPSOMLKMKIKFFAW76CA,77.57,0.0,6.52,,
金湖鎮,房地(土地+建物),金門縣金湖鎮市港三路１５２號五樓之１,18.75,住,,,1041125,土地1建物1車位0,五層,七層,公寓(5樓含以下無電梯),集合住宅,鋼筋混凝土造,1040923,89.24,2,2,1,有,無,5800000,64993,,0.0,0,,RPUOMLKMKIKFFAW96CA,59.04,0.0,3.79,,
金湖鎮,建物,金門縣金湖鎮市港三路１５２號六樓之２,0.0,,,,1041202,土地0建物1車位0,六層,七層,公寓(5樓含以下無電梯),集合住宅,鋼筋混凝土造,1040923,89.36,2,2,1,有,無,3000000,33572,,0.0,0,,RPVOMLKMKIKFFAW07CA,59.17,0.0,3.79,,
金湖鎮,建物,金門縣金湖鎮市港三路１５２號五樓之２,0.0,,,,1041202,土地0建物1車位0,五層,七層,公寓(5樓含以下無電梯),集合住宅,鋼筋混凝土造,1040923,89.36,2,2,1,有,無,2800000,31334,,0.0,0,,RPPNMLLMKIKFFAW09CA,59.17,0.0,3.79,,
金湖鎮,建物,金門縣金湖鎮市港三路１５２號二樓之２,0.0,,,,1041202,土地0建物1車位0,二層,七層,公寓(5樓含以下無電梯),集合住宅,鋼筋混凝土造,1040923,89.36,2,2,1,有,無,2800000,31334,,0.0,0,,RPQNMLLMKIKFFAW56CA,59.17,0.0,3.79,,
金沙鎮,房地(土地+建物),金門縣金沙鎮后浦頭１２８號,84.48,其他,,,1041215,土地1建物1車位0,一層,三層,公寓(5樓含以下無電梯),,,1041030,90.3,3,2,2,有,無,5000000,55371,,0.0,0,,RPVNMLLMKIKFFAW07CA,0.0,0.0,0.0,,
金沙鎮,房地(土地+建物),金門縣金沙鎮后浦頭１２８號二樓,92.76,其他,,,1041215,土地1建物1車位0,二層,三層,公寓(5樓含以下無電梯),,,1041030,98.45,3,2,2,有,無,4500000,45708,,0.0,0,,RPOOMLLMKIKFFAW09CA,0.0,0.0,0.0,,
金沙鎮,房地(土地+建物),金門縣金沙鎮后浦頭１２９號,84.48,其他,,,1041215,土地1建物1車位0,一層,三層,公寓(5樓含以下無電梯),,,1041030,91.17999999999999,3,2,2,有,無,5000000,54837,,0.0,0,,RPROMLLMKIKFFAW76CA,0.0,0.0,0.0,,
金沙鎮,房地(土地+建物),金門縣金沙鎮后浦頭１２９號二樓,92.76,其他,,,1041215,土地1建物1車位0,二層,三層,公寓(5樓含以下無電梯),,,1041030,99.33,3,2,2,有,無,4000000,40270,,0.0,0,,RPVOMLLMKIKFFAW17CA,0.0,0.0,0.0,,
金寧鄉,土地,煙墩段848-1地號,1938.9,其他,,,1041022,土地5建物0車位0,,,其他,,,,0.0,0,0,0,有,無,6800000,3507,,0.0,0,,RPOPMLLMKIKFFAW56CA,0.0,0.0,0.0,,
金沙鎮,房地(土地+建物),金門縣金沙鎮后浦頭１２９號三樓,92.77,其他,,,1041215,土地1建物1車位0,三層,三層,公寓(5樓含以下無電梯),,,1041030,99.33,3,2,2,有,無,5100000,51344,,0.0,0,,RPQPMLLMKIKFFAW76CA,0.0,0.0,0.0,,
金湖鎮,房地(土地+建物),金門縣金湖鎮漁村160.161號,3093.02,住,,,1041215,土地16建物2車位0,全,三層,透天厝,住家用,鋼骨鋼筋混凝土造,1011015,1867.22,5,5,3,有,無,60000000,32133,,0.0,0,,RPUOMLPJJHLFFAW17DA,1827.22,0.0,40.0,,
金湖鎮,土地,士校段383-4地號,972.2,住,,,1041224,土地2建物0車位0,,,其他,,,,0.0,0,0,0,有,無,5336726,5489,,0.0,0,,RPPNMLQJJHLFFAW66DA,0.0,0.0,0.0,,
金湖鎮,土地,漁村段290地號,186.51,住,,,1041216,土地1建物0車位0,,,其他,,,,0.0,0,0,0,有,無,2790000,14959,,0.0,0,,RPRNMLLMKIKFFAW76DA,0.0,0.0,0.0,,
金湖鎮,土地,漁村段131-1地號,197.17,住,,,1041216,土地2建物0車位0,,,其他,,,,0.0,0,0,0,有,無,1890000,9586,,0.0,0,,RPSNMLLMKIKFFAW86DA,0.0,0.0,0.0,,
金城鎮,土地,祥和段882地號,135.05,商,,,1041207,土地4建物0車位0,,,其他,,,,0.0,0,0,0,有,無,12289095,90997,,0.0,0,,RPRNMLOJJHLFFAW66DA,0.0,0.0,0.0,,
金城鎮,土地,珠山段635地號,1030.39,其他,,,1041224,土地1建物0車位0,,,其他,,,,0.0,0,0,0,有,無,1236000,1200,,0.0,0,,RPUNMLPKJHLFFAW07CA,0.0,0.0,0.0,,
金沙鎮,土地,北八劃段220-1地號,500.0,農,,,1041229,土地1建物0車位0,,,其他,,,,0.0,0,0,0,有,無,2000000,4000,,0.0,0,,RPQRMLRJJHLFFAW17CA,0.0,0.0,0.0,,
金沙鎮,房地(土地+建物),金門縣金沙鎮后浦頭１２８號三樓,92.77,其他,,,1041215,土地1建物1車位0,三層,三層,公寓(5樓含以下無電梯),,,1041030,98.45,3,2,2,有,無,5500000,55866,,0.0,0,,RPTNMLSJJHLFFAW17CA,0.0,0.0,0.0,,
金城鎮,土地,小西門劃測段1143地號,590.0,住,,,1041207,土地1建物0車位0,,,其他,,,,0.0,0,0,0,有,無,6500000,11017,,0.0,0,,RPOOMLSJJHLFFAW76CA,0.0,0.0,0.0,,
金寧鄉,房地(土地+建物),金門縣金寧鄉埔邊17之5號二樓,15.81,農,,,1041229,土地1建物1車位0,二層,三層,套房(1房1廳1衛),集合住宅,鋼筋混凝土造,1040722,37.82,1,0,1,有,無,2420000,63987,,0.0,0,,RPRRMLRJJHLFFAW27CA,16.6,0.0,1.79,,
金寧鄉,房地(土地+建物),金門縣金寧鄉埔邊17之6號三樓之1,15.81,農,,,1041229,土地1建物1車位0,三層,三層,套房(1房1廳1衛),集合住宅,鋼筋混凝土造,1040722,38.769999999999996,1,0,1,有,無,2400000,61904,,0.0,0,,RPSRMLRJJHLFFAW37CA,17.35,0.0,1.99,,
金寧鄉,房地(土地+建物),金門縣金寧鄉東州７６之１號三樓,57.27,其他,,,1041209,土地1建物1車位0,三層,三層,公寓(5樓含以下無電梯),集合住宅,鋼筋混凝土造,1040721,139.56,2,2,1,有,無,7700000,55173,,0.0,0,,RPUNMLOJJHLFFAW86CA,81.07,1.86,9.11,,
金寧鄉,房地(土地+建物),金門縣金寧鄉東州７６之３號三樓,58.9,其他,,,1041225,土地1建物1車位0,三層,三層,公寓(5樓含以下無電梯),集合住宅,鋼筋混凝土造,1040721,143.37,3,2,2,有,無,7800000,54405,,0.0,0,,RPVNMLOJJHLFFAW96CA,83.05,2.29,9.16,,
金沙鎮,土地,北八劃段135地號,1000.0,其他,,,1041208,土地1建物0車位0,,,其他,,,,0.0,0,0,0,有,無,2500000,2500,,0.0,0,,RPWNMLOJJHLFFAW07CA,0.0,0.0,0.0,,
金城鎮,土地,城南段152地號,21.83,其他,,,1041216,土地2建物0車位0,,,其他,,,,0.0,0,0,0,有,無,1300000,59551,,0.0,0,,RPQNMLLKJHLFFAW88CA,0.0,0.0,0.0,,
金城鎮,土地,歐厝村段195地號,408.0,住,,,1041227,土地1建物0車位0,,,其他,,,,0.0,0,0,0,有,無,6000000,14706,,0.0,0,,RPRNMLTKJHLFFAW17CA,0.0,0.0,0.0,,
金城鎮,土地,莒光樓段925-5地號,116.29,住,,,1041222,土地2建物0車位0,,,其他,,,,0.0,0,0,0,有,無,3000000,25798,,0.0,0,,RPRNMLOKJHLFFAW66CA,0.0,0.0,0.0,,
金城鎮,土地,莒光樓段925-4地號,116.89,住,,,1041222,土地2建物0車位0,,,其他,,,,0.0,0,0,0,有,無,3000000,25665,,0.0,0,,RPSNMLOKJHLFFAW76CA,0.0,0.0,0.0,,
金城鎮,土地,莒光樓段925-8地號,111.83,住,,,1041222,土地2建物0車位0,,,其他,,,,0.0,0,0,0,有,無,3000000,26826,,0.0,0,,RPTNMLOKJHLFFAW86CA,0.0,0.0,0.0,,
金城鎮,土地,莒光樓段925-6地號,114.23,住,,,1041222,土地2建物0車位0,,,其他,,,,0.0,0,0,0,有,無,3000000,26263,,0.0,0,,RPUNMLOKJHLFFAW96CA,0.0,0.0,0.0,,
金城鎮,土地,莒光樓段925-7地號,111.92,住,,,1041222,土地2建物0車位0,,,其他,,,,0.0,0,0,0,有,無,3000000,26805,,0.0,0,,RPVNMLOKJHLFFAW07CA,0.0,0.0,0.0,,
金城鎮,房地(土地+建物),金門縣金城鎮西海路三段13號,101.8,其他,,,1041222,土地1建物1車位0,全,三層,透天厝,,,1040902,160.0,4,1,5,有,無,13600000,85000,,0.0,0,,RPTNMLOJJHLFFAW86DA,0.0,0.0,0.0,,
金城鎮,房地(土地+建物),金門縣金城鎮林湖路298號,103.57,其他,,,1041230,土地1建物1車位0,全,三層,透天厝,住家用,鋼筋混凝土造,1041112,181.41,5,2,5,有,無,8000000,44099,,0.0,0,,RPPNMLPJJHLFFAW56DA,176.48,0.0,4.93,,
金城鎮,房地(土地+建物),金門縣金城鎮林湖路298之5號,108.47,其他,,,1041230,土地1建物1車位0,全,三層,透天厝,住家用,鋼筋混凝土造,1041112,181.08,5,2,5,有,無,8900000,49150,,0.0,0,,RPQNMLPJJHLFFAW66DA,176.3,0.0,4.78,,
金城鎮,房地(土地+建物),金門縣金城鎮林湖路298之1號,91.3,其他,,,1041230,土地1建物1車位0,全,三層,透天厝,住家用,鋼筋混凝土造,1041112,178.68,5,2,5,有,無,8600000,48131,,0.0,0,,RPRNMLPJJHLFFAW76DA,173.9,0.0,4.78,,
金城鎮,房地(土地+建物),金門縣金城鎮林湖路298之3號,91.3,其他,,,1041230,土地1建物1車位0,全,三層,透天厝,住家用,鋼筋混凝土造,1041112,178.68,5,2,5,有,無,8800000,49250,,0.0,0,,RPSNMLPJJHLFFAW86DA,173.9,0.0,4.78,,
金城鎮,房地(土地+建物),金門縣金城鎮林湖路298之2號,91.3,其他,,,1041222,土地1建物1車位0,全,三層,透天厝,住家用,鋼筋混凝土造,1041112,178.68,5,2,5,有,無,8800000,49250,,0.0,0,,RPTNMLPJJHLFFAW96DA,173.9,0.0,4.78,,
金湖鎮,土地,塔后段242地號,668.33,其他,,,1041222,土地1建物0車位0,,,其他,,,,0.0,0,0,0,有,無,1289877,1930,,0.0,0,,RPPPMLLMKIKFFAW76DA,0.0,0.0,0.0,,
金湖鎮,土地,中五劃段597地號,1179.0,農,,,1041224,土地2建物0車位0,,,其他,,,,0.0,0,0,0,有,無,250000,212,,0.0,0,親友低價購買,RPUPMLLMKIKFFAW27DA,0.0,0.0,0.0,,
金沙鎮,土地,高坑劃測段424-1地號,189.97,其他,,,1041217,土地1建物0車位0,,,其他,,,,0.0,0,0,0,有,無,800000,4211,,0.0,0,親友間的買賣,RPPNMLOJJHLFFAW09DA,0.0,0.0,0.0,,
金沙鎮,土地,高坑劃測段424-3地號,122.67,其他,,,1041217,土地1建物0車位0,,,其他,,,,0.0,0,0,0,有,無,600000,4891,,0.0,0,親友間的買賣,RPQNMLOJJHLFFAW56DA,0.0,0.0,0.0,,
金城鎮,房地(土地+建物),金門縣金城鎮後豐港45號,225.64,住,,,1041229,土地1建物1車位0,全,二層,透天厝,住家用,鋼筋混凝土加強磚造,0830203,193.53,5,3,2,有,無,10000000,51672,,0.0,0,,RPRNMLLKJHLFFAW09DA,193.53,0.0,0.0,,
金城鎮,土地,延平段960地號,617.55,農,,,1041229,土地1建物0車位0,,,其他,,,,0.0,0,0,0,有,無,3000000,4858,,0.0,0,,RPSNMLLKJHLFFAW56DA,0.0,0.0,0.0,,
金沙鎮,土地,中蘭劃測段617地號,919.0,農,,,1041215,土地1建物0車位0,,,其他,,,,0.0,0,0,0,有,無,3500000,3808,,0.0,0,,RPSOMLPJJHLFFAW96DA,0.0,0.0,0.0,,
金寧鄉,土地,北二三劃測段19地號,773.61,農,,,1041225,土地1建物0車位0,,,其他,,,,0.0,0,0,0,有,無,4800000,6205,,0.0,0,,RPQNMLKMJHLFFAW09DA,0.0,0.0,0.0,,
金寧鄉,土地,寧湖三劃段768地號,1000.0,農,,,1041225,土地2建物0車位0,,,其他,,,,0.0,0,0,0,有,無,6200000,6200,,0.0,0,,RPRNMLKMJHLFFAW56DA,0.0,0.0,0.0,,
金湖鎮,土地,士校段689地號,4928.74,農,,,1041215,土地7建物0車位0,,,其他,,,,0.0,0,0,0,有,無,10723770,2176,,0.0,0,,RPVNMLTKJHLFFAW57CA,0.0,0.0,0.0,,
金湖鎮,土地,士校段641地號,1826.11,農,,,1041215,土地3建物0車位0,,,其他,,,,0.0,0,0,0,有,無,4905259,2686,,0.0,0,,RPWNMLTKJHLFFAW67CA,0.0,0.0,0.0,,
金沙鎮,土地,沙港劃段843地號,1000.25,農,,,1041204,土地1建物0車位0,,,其他,,,,0.0,0,0,0,有,無,4800000,4799,,0.0,0,,RPVPMLLMKIKFFAW27CA,0.0,0.0,0.0,,
金湖鎮,土地,塔后段1123-3地號,260.09,其他,,,1041221,土地1建物0車位0,,,其他,,,,0.0,0,0,0,有,無,9100000,34988,,0.0,0,,RPWPMLLMKIKFFAW37CA,0.0,0.0,0.0,,
金沙鎮,土地,官澳段858地號,271.0,其他,,,1041213,土地1建物0車位0,,,其他,,,,0.0,0,0,0,有,無,1900000,7011,,0.0,0,,RPQNMLNJKHLFFAW56DA,0.0,0.0,0.0,,
金沙鎮,土地,英坑段1255地號,671.86,農,,,1041222,土地1建物0車位0,,,其他,,,,0.0,0,0,0,有,無,1343720,2000,,0.0,0,,RPQOMLSJJHLFFAW96CA,0.0,0.0,0.0,,
金湖鎮,土地,湖前段866-6地號,152.27,其他,,,1041230,土地5建物0車位0,,,其他,,,,0.0,0,0,0,有,無,1550000,10179,,0.0,0,,RPORMLRJJHLFFAW96CA,0.0,0.0,0.0,,
金寧鄉,土地,后盤村段64地號,57.0,其他,,,1041228,土地1建物0車位0,,,其他,,,,0.0,0,0,0,有,無,3500000,61404,,0.0,0,,RPVQMLRJJHLFFAW57CA,0.0,0.0,0.0,,
金寧鄉,土地,寧湖二劃測段946地號,50.96,其他,,,1041215,土地1建物0車位0,,,其他,,,,0.0,0,0,0,有,無,3900000,76531,,0.0,0,,RPXOMLRJJHLFFAW57CA,0.0,0.0,0.0,,
金寧鄉,土地,寧古劃段599地號,1055.0,其他,,,1041123,土地2建物0車位0,,,其他,,,,0.0,0,0,0,有,無,1200000,1137,,0.0,0,,RPWNMLSJJHLFFAW57DA,0.0,0.0,0.0,,
金寧鄉,土地,寧古劃段1108地號,482.0,農,,,1041231,土地1建物0車位0,,,其他,,,,0.0,0,0,0,有,無,1253200,2600,,0.0,0,,RPPNMLLKJHLFFAW78CA,0.0,0.0,0.0,,
金沙鎮,土地,中蘭劃測段52地號,1500.04,農,,,1050108,土地1建物0車位0,,,其他,,,,0.0,0,0,0,有,無,7650000,5100,,0.0,0,,RPTNMLPKJHLFFAW96CA,0.0,0.0,0.0,,
金湖鎮,土地,太湖劃測段1620地號,2586.66,農,,,1041230,土地3建物0車位0,,,其他,,,,0.0,0,0,0,有,無,12157000,4700,,0.0,0,,RPTNMLLKJHLFFAW56CA,0.0,0.0,0.0,,
金沙鎮,土地,鵲山段84地號,272.96,其他,,,1041223,土地1建物0車位0,,,其他,,,,0.0,0,0,0,有,無,535002,1960,,0.0,0,,RPXNMLMLJHLFFAW17CA,0.0,0.0,0.0,,
金沙鎮,土地,山西段673地號,203.7,其他,,,1041222,土地1建物0車位0,,,其他,,,,0.0,0,0,0,有,無,275403,1352,,0.0,0,向政府機關承購之案件。,RPPNMLTKJHLFFAW07DA,0.0,0.0,0.0,,
金湖鎮,土地,湖前段854地號,325.22,其他,,,1041231,土地1建物0車位0,,,其他,,,,0.0,0,0,0,有,無,27900000,85788,,0.0,0,價格含興建中未完成建物6戶,RPPNMLKLJHLFFAW88DA,0.0,0.0,0.0,,
金寧鄉,房地(土地+建物),金門縣金寧鄉安岐２０７號二樓,50.92,其他,,,1041231,土地1建物1車位0,二層,三層,公寓(5樓含以下無電梯),集合住宅,鋼筋混凝土造,1040529,88.57,3,2,2,有,無,5100000,57582,,0.0,0,,RPRNMLNKJHLFFAW56CA,75.32,0.0,8.2,,
金湖鎮,土地,新頭段274地號,996.41,農,,,1050104,土地1建物0車位0,,,其他,,,,0.0,0,0,0,有,無,15000000,15054,,0.0,0,,RPTNMLNKJHLFFAW76CA,0.0,0.0,0.0,,
金寧鄉,房地(土地+建物),金門縣金寧鄉西浦頭７９之２號,97.76,其他,,,1041230,土地1建物1車位0,全,三層,透天厝,集合住宅,鋼筋混凝土造,1040430,186.21,5,2,5,有,無,8600000,46184,,0.0,0,,RPUNMLNKJHLFFAW86CA,178.44,0.0,7.77,,
金城鎮,建物,金門縣金城鎮庵前２０之９號,0.0,,,,1041229,土地0建物1車位0,全,三層,透天厝,集合住宅,鋼筋混凝土造,1041123,178.97,4,2,4,有,無,6200000,34643,,0.0,0,,RPSNMLTKJHLFFAW27CA,171.79,0.0,7.18,,
金城鎮,建物,金門縣金城鎮庵前２０之５號,0.0,,,,1041229,土地0建物1車位0,全,三層,透天厝,集合住宅,鋼筋混凝土造,1041123,176.41,4,2,4,有,無,5500000,31177,,0.0,0,,RPTNMLTKJHLFFAW37CA,169.31,0.0,7.1,,
金城鎮,建物,金門縣金城鎮庵前２０之６號,0.0,,,,1041229,土地0建物1車位0,全,三層,透天厝,集合住宅,鋼筋混凝土造,1041123,176.41,4,2,4,有,無,5500000,31177,,0.0,0,,RPUNMLTKJHLFFAW47CA,169.31,0.0,7.1,,
金湖鎮,房地(土地+建物),金門縣金湖鎮市港三路１５２號四樓之２,18.75,住,,,1041225,土地1建物1車位0,四層,七層,公寓(5樓含以下無電梯),集合住宅,鋼筋混凝土造,1040923,89.36,2,2,1,有,無,6200000,69382,,0.0,0,,RPRNMLSKJHLFFAW07CA,59.17,0.0,3.79,,
金湖鎮,土地,市港段85地號,163.94,商,,,1041228,土地1建物0車位0,,,其他,,,,0.0,0,0,0,有,無,24000000,146395,,0.0,0,,RPXNMLTKJHLFFAW77CA,0.0,0.0,0.0,,
金沙鎮,土地,沙碧劃段422地號,800.0,農,,,1041222,土地1建物0車位0,,,其他,,,,0.0,0,0,0,有,無,2500000,3125,,0.0,0,,RPOOMLMLJHLFFAW98CA,0.0,0.0,0.0,,
金城鎮,土地,金門城段265地號,888.0,其他,,,1050118,土地1建物0車位0,,,其他,,,,0.0,0,0,0,有,無,26800000,30180,,0.0,0,,RPPOMLMLJHLFFAW09CA,0.0,0.0,0.0,,
金沙鎮,土地,中蘭劃測段623地號,1788.5,農,,,1050118,土地3建物0車位0,,,其他,,,,0.0,0,0,0,有,無,5000000,2796,,0.0,0,,RPPNMLSLJHLFFAW96CA,0.0,0.0,0.0,,
金湖鎮,建物,金門縣金湖鎮夏興87之1號3樓之6,0.0,,,,1041231,土地0建物1車位0,三層,三層,公寓(5樓含以下無電梯),集合住宅,鋼筋混凝土造,1041125,30.95,1,0,1,有,無,850000,27464,,0.0,0,含土地總金額170萬,RPUNMLKMJHLFFAW76CA,27.27,0.0,0.0,,
金湖鎮,建物,金門縣金湖鎮夏興８７之１號二樓之６,0.0,,,,1041231,土地0建物1車位0,二層,三層,公寓(5樓含以下無電梯),集合住宅,鋼筋混凝土造,1041125,30.95,1,0,1,有,無,920000,29725,,0.0,0,含土地184萬,RPVNMLKMJHLFFAW86CA,27.27,0.0,0.0,,
金湖鎮,建物,金門縣金湖鎮夏興８７之１號三樓之５,0.0,,,,1041231,土地0建物1車位0,三層,三層,公寓(5樓含以下無電梯),集合住宅,鋼筋混凝土造,1041125,32.47,1,0,1,有,無,940000,28950,,0.0,0,含土地總價188萬,RPWNMLKMJHLFFAW96CA,24.43,0.0,4.2,,
金湖鎮,建物,金門縣金湖鎮夏興８７之１號一樓之６,0.0,,,,1041231,土地0建物1車位0,一層,三層,公寓(5樓含以下無電梯),集合住宅,鋼筋混凝土造,1041125,30.96,1,0,1,有,無,875000,28262,,0.0,0,含土地總金額175萬,RPXNMLKMJHLFFAW07CA,27.27,0.0,0.0,,
金湖鎮,建物,金門縣金湖鎮夏興８７之１號三樓之１,0.0,,,,1041231,土地0建物1車位0,三層,三層,公寓(5樓含以下無電梯),集合住宅,鋼筋混凝土造,1041125,35.28,1,0,1,有,無,950000,26927,,0.0,0,含土地總價190萬,RPOOMLKMJHLFFAW88CA,28.07,0.0,3.07,,
金湖鎮,建物,金門縣金湖鎮夏興８７之１號二樓之１,0.0,,,,1041231,土地0建物1車位0,二層,三層,公寓(5樓含以下無電梯),集合住宅,鋼筋混凝土造,1041125,35.28,1,0,1,有,無,950000,26927,,0.0,0,含土地總金額190萬,RPPOMLKMJHLFFAW98CA,28.07,0.0,3.07,,
金湖鎮,建物,金門縣金湖鎮夏興８７之１號二樓之２,0.0,,,,1041231,土地0建物1車位0,二層,三層,公寓(5樓含以下無電梯),集合住宅,鋼筋混凝土造,1041125,30.89,1,0,1,有,無,850000,27517,,0.0,0,房地總價170萬,RPQOMLKMJHLFFAW09CA,24.14,0.0,3.07,,
金湖鎮,建物,金門縣金湖鎮夏興87之1號2樓之5,0.0,,,,1041231,土地0建物1車位0,二層,三層,公寓(5樓含以下無電梯),集合住宅,鋼筋混凝土造,1041125,32.47,1,0,1,有,無,840000,25870,,0.0,0,房地總價168萬,RPROMLKMJHLFFAW56CA,24.43,0.0,4.2,,
金湖鎮,建物,金門縣金湖鎮夏興８７之１號一樓之３,0.0,,,,1041231,土地0建物1車位0,一層,三層,公寓(5樓含以下無電梯),集合住宅,鋼筋混凝土造,1041125,35.160000000000004,1,0,1,有,無,1000000,28441,,0.0,0,房地總價計兩戶400萬每戶200萬,RPSOMLKMJHLFFAW66CA,30.37,0.0,0.0,,
金湖鎮,建物,金門縣金湖鎮夏興８７之１號一樓之５,0.0,,,,1041231,土地0建物1車位0,一層,三層,公寓(5樓含以下無電梯),集合住宅,鋼筋混凝土造,1041125,28.27,1,0,1,有,無,1000000,35373,,0.0,0,房地計二戶400萬每戶200萬,SPSOMLKMJHLFFAW76CA,24.43,0.0,0.0,,
金沙鎮,土地,中蘭劃測段447-1地號,485.02,農,,,1050112,土地1建物0車位0,,,其他,,,,0.0,0,0,0,有,無,1750000,3608,,0.0,0,,RPPNMLPLJHLFFAW66CA,0.0,0.0,0.0,,
金湖鎮,土地,湖前段216-2地號,461.69,農,,,1050113,土地1建物0車位0,,,其他,,,,0.0,0,0,0,有,無,9233800,20000,,0.0,0,,RPQNMLPLJHLFFAW76CA,0.0,0.0,0.0,,
金城鎮,房地(土地+建物),金門縣金城鎮金門城5之11號2樓,31.92,其他,,,1041231,土地1建物1車位0,二層,三層,公寓(5樓含以下無電梯),,,1040216,64.78,2,1,2,有,無,3680000,56808,,0.0,0,,RPQOMLMLJHLFFAW66DA,50.82,0.0,9.56,,
金寧鄉,土地,榜林村段191地號,161.0,住,,,1041224,土地2建物0車位0,,,其他,,,,0.0,0,0,0,有,無,1706600,10600,,0.0,0,含增建或未登記建物。,RPTNMLKMJHLFFAW76DA,0.0,0.0,0.0,,
金城鎮,土地,祥安段894-1地號,36.25,商,,,1041225,土地1建物0車位0,,,其他,,,,0.0,0,0,0,有,無,6000000,165517,,0.0,0,,RPUNMLOJKHLFFAW96CA,0.0,0.0,0.0,,
金沙鎮,土地,山西段1493地號,1456.25,農,,,1041130,土地5建物0車位0,,,其他,,,,0.0,0,0,0,有,無,1300000,893,,0.0,0,部分債務抵償之交易。,RPUNMLRKKHLFFAW37CA,0.0,0.0,0.0,,
金城鎮,土地,小西門劃測段662地號,3213.1,農,,,1041230,土地6建物0車位0,,,其他,,,,0.0,0,0,0,有,無,18992580,5911,,0.0,0,,RPQNMLMJKHLFFAW98CA,0.0,0.0,0.0,,
金寧鄉,房地(土地+建物),金門縣金寧鄉仁愛新村１４１號,76.79,住,,,1050114,土地1建物1車位0,一層，二層，三層，騎樓,三層,店面(店鋪),住商用,鋼筋混凝土加強磚造,0840831,213.75,5,2,3,有,無,9000000,42105,,0.0,0,,RPPNMLOJKHLFFAW09CA,213.75,0.0,0.0,,
金城鎮,土地,北堤段575地號,158.2,住,,,1040707,土地1建物0車位0,,,其他,,,,0.0,0,0,0,有,無,10000000,63211,,0.0,0,,RPPNMLOLKHLFFAW66CA,0.0,0.0,0.0,,
金湖鎮,土地,塔后段816地號,339.0,其他,,,1050111,土地1建物0車位0,,,其他,,,,0.0,0,0,0,有,無,485446,1432,,0.0,0,,RPRNMLSLJHLFFAW27DA,0.0,0.0,0.0,,
烈嶼鄉,房地(土地+建物),金門縣烈嶼鄉東坑４５之１號,354.0,其他,,,1041013,土地1建物1車位0,全,三層,透天厝,住家用,鋼筋混凝土加強磚造,0860725,430.65,15,3,15,有,無,13900000,32277,,0.0,0,本約成立條件:賣方代買方洽購標的物所在左岸休閒民宿登記證經營權民宿設施等新台幣50萬元正.增值稅375224元由買方負擔,RPPNMLMKKHLFFAW98CA,416.95,8.7,5.0,,
金沙鎮,土地,高坑劃測段362地號,1443.59,農,,,1050126,土地2建物0車位0,,,其他,,,,0.0,0,0,0,有,無,6700000,4641,,0.0,0,,RPQNMLQKKHLFFAW86CA,0.0,0.0,0.0,,
金湖鎮,房地(土地+建物),金門縣金湖鎮料羅新村６４５號,98.56,其他,,,1041215,土地2建物1車位0,全,三層,透天厝,集合住宅,鋼筋混凝土造,1040508,164.16,3,3,3,有,無,8800000,53606,,0.0,0,,RPQNMLLJKHLFFAW88CA,146.94,0.0,17.22,,
