﻿編號,土地位置,土地移轉面積(平方公尺),使用分區或編定,權利人持分分母,權利人持分分子,移轉情形,地號
The serial number, land position,land shifting area square meter,the use zoning or compiles and checks,,,,land parcel
RPQNMLOJJIKFFAW09CA,延平段,492.35,都市：農,1,1,全筆移轉,03180001
RPPNMLLKJIKFFAW78CA,湖前段,95.03,都市：住,1,1,全筆移轉,06270007
RPSNMLQJJIKFFAW86CA,洋山測段,692.09,都市：農,1,1,全筆移轉,03530000
RPSNMLQJJIKFFAW86CA,洋山測段,699.29,都市：農,1,1,全筆移轉,05700000
RPSNMLQJJIKFFAW86CA,后宅測段,307.07,都市：農,1,1,全筆移轉,01840000
RPRNMLLKJIKFFAW98CA,北八劃段,1000.00,都市：農,1,1,全筆移轉,02350000
RPRNMLLKJIKFFAW98CA,北八劃段,820.00,都市：農,1,1,全筆移轉,02560000
RPSNMLLKJIKFFAW09CA,北八劃段,1000.00,都市：農,1,1,全筆移轉,02350000
RPSNMLLKJIKFFAW09CA,北八劃段,820.00,都市：農,1,1,全筆移轉,02560000
RPTNMLQJJIKFFAW07DA,延平段,33.20,都市：住,18,1,持分移轉,05090000
RPQNMLLKJIKFFAW88CA,寧湖二劃測段,113.46,都市：其他:自然村專用區,1,1,全筆移轉,10070004
RPQNMLLKJIKFFAW88CA,寧湖二劃測段,30.42,都市：其他:自然村專用區,10000,1197,持分移轉,10070009
RPTNMLOJJIKFFAW76CA,寧湖二劃測段,115.73,都市：其他:自然村專用區,1,1,全筆移轉,10070000
RPTNMLOJJIKFFAW76CA,寧湖二劃測段,29.07,都市：其他:自然村專用區,10000,1144,持分移轉,10070009
RPOOMLLKJIKFFAW78CA,湖前段,96.03,都市：住,200054,9603,持分移轉,05460000
RPUNMLTKJIKFFAW47CA,洋山段,218.00,都市：住,1,1,全筆移轉,09180000
RPUNMLQJJIKFFAW07CA,寧湖二劃測段,110.38,都市：其他:自然村專用區,1,1,全筆移轉,10070001
RPUNMLQJJIKFFAW07CA,寧湖二劃測段,30.42,都市：其他:自然村專用區,10000,1197,持分移轉,10070009
RPTNMLLKJIKFFAW56CA,寧湖一劃段,16.12,都市：住,100000,1805,持分移轉,03990000
RPROMLLKJIKFFAW09CA,榜林村段,51.00,都市：其他:自然村專用區,3,1,持分移轉,01300000
RPRNMLKLJIKFFAW98CA,城南段,6.15,都市：其他:道路用地,1,1,全筆移轉,00230000
RPRNMLKLJIKFFAW98CA,城南段,16.86,都市：商,1,1,全筆移轉,00240000
RPTNMLMKJIKFFAW76DA,旗牌段,72.00,都市：其他:商業用地,1,1,全筆移轉,02920000
RPPNMLMKJIKFFAW88CA,沙碧劃段,800.00,都市：農,1,1,全筆移轉,04190000
RPVNMLLKJIKFFAW76CA,青山段,35.29,都市：其他:自然村專用區,100000,10546,持分移轉,09850000
RPVNMLLKJIKFFAW76CA,青山段,16.26,都市：其他:自然村專用區,100000,7156,持分移轉,09850001
RPWNMLLKJIKFFAW86CA,青山段,34.37,都市：其他:自然村專用區,100000,10271,持分移轉,09850000
RPWNMLLKJIKFFAW86CA,青山段,15.84,都市：其他:自然村專用區,100000,6970,持分移轉,09850001
RPVNMLMKJIKFFAW96DA,湖后劃段,1398.22,都市：農,1,1,全筆移轉,04540000
RPUNMLMKJIKFFAW76CA,東洲段,57.42,都市：其他:自然村專用區,10000,773,持分移轉,04880000
RPPNMLLLJIKFFAW88CA,湖東劃段,1000.00,都市：農,1,1,全筆移轉,01810000
RPPNMLLLJIKFFAW88CA,湖東劃段,1050.00,都市：農,1,1,全筆移轉,01820000
RPQNMLPLJIKFFAW76CA,羅劃測段,31.25,都市：其他:自然村專用區,10000,321,持分移轉,02240001
RPQNMLRKJIKFFAW86CA,旗牌段,15.75,都市：住,1,1,全筆移轉,03520000
RPQNMLRKJIKFFAW86CA,旗牌段,1.09,都市：住,1,1,全筆移轉,03520001
RPQNMLRKJIKFFAW86CA,旗牌段,67.93,都市：住,1,1,全筆移轉,03550000
RPQNMLRKJIKFFAW86CA,旗牌段,91.52,都市：住,1,1,全筆移轉,03550001
RPSNMLRKJIKFFAW07CA,吳厝村段,36.00,都市：其他:道路用地,2,1,持分移轉,00800001
RPSNMLRKJIKFFAW07CA,吳厝村段,62.00,都市：其他:自然村專用區,1,1,全筆移轉,01210000
RPSNMLRKJIKFFAW07CA,吳厝村段,62.00,都市：其他:道路用地,1,1,全筆移轉,01270001
RPSNMLRKJIKFFAW07CA,吳厝村段,92.00,都市：其他:自然村專用區,1,1,全筆移轉,01460000
RPQNMLKLJIKFFAW88CA,湖前段,99.25,都市：住,1000,280,持分移轉,03910000
RPTNMLRKJIKFFAW17CA,安西劃段,51.90,都市：其他:自然村專用區,100000,8321,持分移轉,03630009
RPPNMLNLJIKFFAW09CA,寧湖二劃測段,112.28,都市：其他:自然村專用區,1,1,全筆移轉,10070003
RPPNMLNLJIKFFAW09CA,寧湖二劃測段,30.42,都市：其他:自然村專用區,10000,1197,持分移轉,10070009
RPSOMLOKKIKFFAW96CA,城南段,7.36,都市：其他:,2,1,持分移轉,04660000
RPSOMLOKKIKFFAW96CA,城南段,74.22,都市：住,2,1,持分移轉,04670000
RPPNMLOKKIKFFAW56CA,士校段,739.50,都市：其他:自然村；道路用地,1,1,全筆移轉,08120003
RPTNMLKLJIKFFAW56CA,北一段,449.86,都市：農,2,1,持分移轉,01410000
RPTNMLKLJIKFFAW56CA,北一段,50.22,都市：其他:道路用地,2,1,持分移轉,01410001
RPRNMLTKJIKFFAW17CA,東洲段,58.38,都市：其他:自然村專用區,10000,786,持分移轉,04880000
RPSNMLTKJIKFFAW27CA,長寮段,2363.77,都市：農,1,1,全筆移轉,01170000
RPSNMLRLJIKFFAW17CA,舊金城段,305.00,都市：住,1,1,全筆移轉,11300000
SPXNMLKLJIKFFAW17DA,賢厝村段,101.80,都市：其他:自然村,5090,509,持分移轉,00240000
TPXNMLKLJIKFFAW27DA,賢厝村段,101.80,都市：其他:自然村,5090,509,持分移轉,00240000
RPVNMLRKJIKFFAW47DA,小西門劃測段,51.15,都市：住,21,2,持分移轉,02140000
RPWNMLKLJIKFFAW96DA,賢厝村段,101.80,都市：其他:自然村,5090,509,持分移轉,00240000
RPXNMLKLJIKFFAW07DA,賢厝村段,101.80,都市：其他:自然村,5090,509,持分移轉,00240000
RPRNMLOKKIKFFAW76CA,小徑段,63.00,都市：住,1,1,全筆移轉,09540002
RPRNMLOKKIKFFAW76CA,小徑段,27.61,都市：住,1000,321,持分移轉,09540005
RPRNMLSKJIKFFAW17DA,西方劃測段,485.56,都市：其他:自然村專用區,1,1,全筆移轉,04980000
RPSNMLKLJIKFFAW56DA,東洲段,130.60,都市：其他:自然村專用區,2,1,持分移轉,04960000
RPSNMLOKKIKFFAW86CA,小徑段,20.64,都市：住,1000,240,持分移轉,09540005
RPSNMLOKKIKFFAW86CA,小徑段,70.00,都市：住,1,1,全筆移轉,09540003
RPTNMLOKKIKFFAW96CA,小徑段,29.76,都市：住,1000,346,持分移轉,09540005
RPTNMLOKKIKFFAW96CA,小徑段,81.00,都市：住,1,1,全筆移轉,09540000
RPTNMLOKKIKFFAW96CA,小徑段,67.00,都市：住,1,1,全筆移轉,09540001
RPUNMLKLJIKFFAW76DA,寧湖一劃段,749.37,都市：農,1,1,全筆移轉,01310000
RPQNMLOKKIKFFAW66CA,湖前段,831.77,都市：其他:自然村,1,1,全筆移轉,04160000
RPPNMLSJKIKFFAW86CA,寧湖二劃測段,487.57,都市：農,1,1,全筆移轉,12890000
RPPNMLPLJIKFFAW76DA,東面山測段,369.37,都市：農,1,1,全筆移轉,10030000
RPRNMLNLJIKFFAW66CA,羅劃測段,42.56,都市：其他:自然村專用區,100000,5523,持分移轉,01840000
RPRNMLNLJIKFFAW66CA,羅劃測段,100.38,都市：其他:自然村專用區,1,1,全筆移轉,01840012
RPSNMLNLJIKFFAW76CA,烈濱劃測段,299.99,都市：農,2,1,持分移轉,11890000
RPSNMLNLJIKFFAW76CA,烈濱劃測段,200.00,都市：農,3,1,持分移轉,11900000
RPSNMLQLJIKFFAW07CA,埔后村段,79.00,都市：其他:自然村專用區,1,1,全筆移轉,00760001
RPRNMLQLJIKFFAW96CA,賢厝段,512.00,都市：農,1,1,全筆移轉,04490000
RPRNMLQLJIKFFAW96CA,賢厝段,505.00,都市：農,1,1,全筆移轉,06320000
RPRNMLQLJIKFFAW96CA,賢厝段,922.00,都市：其他:農業區、道路用地,1,1,全筆移轉,04100000
RPPNMLQLJIKFFAW76CA,盤山村段,52.04,都市：其他:自然村專用區,10000,1245,持分移轉,03740000
RPRNMLMJKIKFFAW09CA,寧湖二劃測段,1000.01,都市：農,1,1,全筆移轉,04370000
RPVNMLOKKIKFFAW17CA,湖前段,299.62,都市：其他:自然村,4,3,持分移轉,04480001
RPRNMLRLJIKFFAW07CA,盤山村段,42.51,都市：其他:自然村專用區,10000,1017,持分移轉,03740000
RPXNMLOKKIKFFAW37CA,士校段,5977.00,都市：其他:保護區,1,1,全筆移轉,03050010
RPQNMLKMJIKFFAW09DA,太湖劃測段,953.09,都市：農,1,1,全筆移轉,00630000
RPSNMLSJKIKFFAW17CA,長寮段,530.89,都市：其他:自然村,1,1,全筆移轉,07200000
RPSNMLSJKIKFFAW17CA,長寮段,206.23,都市：其他:道路用地,1,1,全筆移轉,07200002
RPQNMLLJKIKFFAW88CA,煙墩段,754.56,都市：農,1,1,全筆移轉,11460000
RPPNMLKKKIKFFAW78CA,安西劃段,368.70,都市：農,1,1,全筆移轉,06770000
RPSNMLLJKIKFFAW09CA,羅劃測段,42.56,都市：其他:自然村專用區,100000,5523,持分移轉,01840000
RPSNMLLJKIKFFAW09CA,羅劃測段,126.81,都市：其他:自然村專用區,1,1,全筆移轉,01840005
RPQNMLNKKIKFFAW56CA,珠山段,266.43,都市：住,100,75,持分移轉,07880000
RPPNMLNKKIKFFAW09CA,珠山段,88.81,都市：住,100,25,持分移轉,07880000
RPPNMLLJKIKFFAW88DA,沙港劃段,115.10,都市：住,1,1,全筆移轉,12300000
RPPNMLQKKIKFFAW86DA,湖后劃段,800.00,都市：農,1,1,全筆移轉,04890000
RPSNMLMJKIKFFAW56CA,中一段,150.99,都市：農,6,1,持分移轉,01800000
RPSNMLMJKIKFFAW56CA,中一段,150.99,都市：農,6,1,持分移轉,01800000
RPQNMLQKKIKFFAW96DA,湖后劃段,1000.00,都市：農,1,1,全筆移轉,01420000
RPQNMLMJKIKFFAW09DA,寧湖二劃測段,521.56,都市：農,1,1,全筆移轉,11340000
RPQNMLOJKIKFFAW56CA,盤山村段,42.51,都市：其他:自然村專用區,10000,1017,持分移轉,03740000
RPPNMLLKKIKFFAW88CA,山外段,59.93,都市：住,1,1,全筆移轉,02720000
RPPNMLRJKIKFFAW76CA,鳳翔段,222.81,都市：其他:道路用地,1,1,全筆移轉,01930002
RPRNMLSJKIKFFAW07CA,龍潭段,519.09,都市：其他:國家公園區,1,1,全筆移轉,02980000
RPRNMLSJKIKFFAW07CA,龍潭段,608.92,都市：其他:國家公園區,1,1,全筆移轉,03030000
RPPNMLTJKIKFFAW96CA,鎮西段,584.13,都市：農,1,1,全筆移轉,04190002
RPQNMLSJKIKFFAW96CA,沙溪測段,370.82,都市：農,1,1,全筆移轉,09480000
RPQNMLSJKIKFFAW96CA,沙溪測段,417.86,都市：農,1,1,全筆移轉,09870000
RPQNMLSJKIKFFAW96CA,沙溪測段,548.99,都市：農,1,1,全筆移轉,10790000
RPPNMLTLKIKFFAW17CA,中五劃段,967.00,都市：農,1,1,全筆移轉,06800000
RPVOMLPKKIKFFAW37CA,金門城段,18.48,都市：住,39057,3032,持分移轉,02970000
RPSOMLPKKIKFFAW07CA,金門城段,40.10,都市：住,39057,6581,持分移轉,02970000
RPQOMLPKKIKFFAW86CA,金門城段,20.49,都市：住,39057,3362,持分移轉,02970000
RPUOMLPKKIKFFAW27CA,金門城段,39.30,都市：住,39057,6449,持分移轉,02970000
RPTNMLPKKIKFFAW07CA,金門城段,19.28,都市：住,39057,3164,持分移轉,02970000
RPQNMLPKKIKFFAW76CA,金門城段,20.49,都市：住,39057,3362,持分移轉,02970000
RPPOMLOKKIKFFAW66CA,新頭段,32.00,都市：其他:自然村,1,1,全筆移轉,11990015
RPOOMLOKKIKFFAW56CA,新頭段,30.00,都市：其他:自然村,1,1,全筆移轉,11990013
RPQOMLOKKIKFFAW76CA,新頭段,33.00,都市：其他:自然村,1,1,全筆移轉,11990016
RPRNMLLKKIKFFAW09CA,天后宮段,79.56,都市：商,1,1,全筆移轉,00370000
RPRNMLLKKIKFFAW09CA,天后宮段,50.65,都市：其他:道路用地,1,1,全筆移轉,00370001
RPWNMLOKKIKFFAW27CA,莒光樓段,68.35,都市：住,100000,10915,持分移轉,03810000
RPWNMLOKKIKFFAW27CA,莒光樓段,20.46,都市：住,100000,9637,持分移轉,03810013
RPRNMLNKKIKFFAW76DA,北堤段,79.95,都市：其他:道路用地,1,1,全筆移轉,02030000
RPQNMLKKKIKFFAW88CA,赤岑段,222.13,都市：其他:國家公園,1,1,全筆移轉,04400000
RPQNMLKKKIKFFAW88CA,赤岑段,504.92,都市：其他:國家公園,1,1,全筆移轉,04680000
RPQNMLKKKIKFFAW88CA,赤岑段,766.87,都市：其他:國家公園,1,1,全筆移轉,06580000
RPQNMLKKKIKFFAW88CA,赤岑段,720.89,都市：其他:國家公園,1,1,全筆移轉,11030000
RPQNMLKKKIKFFAW88CA,赤岑段,399.93,都市：其他:國家公園,1,1,全筆移轉,11110000
RPTOMLPKKIKFFAW17CA,金門城段,19.28,都市：住,39057,3164,持分移轉,02970000
RPRNMLPLKIKFFAW96CA,北九十劃段,500.48,都市：農,2,1,持分移轉,05330000
RPQNMLPLKIKFFAW86CA,洋山測段,1013.00,都市：其他:保護區,1,1,全筆移轉,04170000
RPRNMLNLKIKFFAW86DA,天后宮段,16.82,都市：住,169470,16819,持分移轉,04650000
RPOOMLQKKIKFFAW76CA,湖前段,24.55,都市：住,37772,2921,持分移轉,10020000
RPPNMLPLKIKFFAW76CA,洋山測段,692.09,都市：其他:農業區/保護區,1,1,全筆移轉,03530000
RPPNMLPLKIKFFAW76CA,洋山測段,699.29,都市：農,1,1,全筆移轉,05700000
RPPNMLPLKIKFFAW76CA,后宅測段,307.07,都市：農,1,1,全筆移轉,01840000
RPXNMLQKKIKFFAW57CA,沙港劃段,1000.06,都市：農,1,1,全筆移轉,06900000
RPSNMLPKKIKFFAW96CA,后宅測段,373.01,都市：農,1,1,全筆移轉,05370000
RPSNMLPKKIKFFAW96CA,后宅測段,500.04,都市：農,1,1,全筆移轉,05640000
RPSNMLPKKIKFFAW96CA,后宅測段,347.01,都市：農,1,1,全筆移轉,05920000
RPVNMLPKKIKFFAW27CA,羅劃測段,42.56,都市：其他:自然村專用區,100000,5523,持分移轉,01840000
RPVNMLPKKIKFFAW27CA,羅劃測段,129.79,都市：其他:自然村專用區,1,1,全筆移轉,01840009
RPWNMLPKKIKFFAW37CA,庵前劃測段,21.35,都市：其他:道路用地,5,1,持分移轉,09680001
RPWNMLPKKIKFFAW37CA,庵前劃測段,2.58,都市：農,5,1,持分移轉,09680003
RPWNMLPKKIKFFAW37CA,庵前劃測段,67.50,都市：住,1,1,全筆移轉,09680004
RPWNMLPKKIKFFAW37CA,庵前劃測段,33.09,都市：住,5,1,持分移轉,09680007
RPXNMLPKKIKFFAW47CA,斗門劃測段,1600.03,都市：農,1,1,全筆移轉,04500000
RPOOMLPKKIKFFAW66CA,莒光樓段,226.24,都市：農,2,1,持分移轉,08680000
RPWNMLQKKIKFFAW47CA,漁村段,74.90,都市：其他:自然村專用區,10000,797,持分移轉,01050003
RPPNMLRKKIKFFAW86CA,夏興段,557.65,都市：農,1,1,全筆移轉,10060000
RPPNMLRKKIKFFAW86CA,夏興段,652.89,都市：農,1,1,全筆移轉,10280000
RPPNMLRKKIKFFAW86CA,夏興段,233.07,都市：農,1,1,全筆移轉,10570000
RPPNMLRKKIKFFAW86CA,夏興段,589.90,都市：農,1,1,全筆移轉,10600000
RPPNMLRKKIKFFAW86CA,夏興段,281.64,都市：農,1,1,全筆移轉,10680000
RPPNMLRKKIKFFAW86CA,夏興段,120.12,都市：農,1,1,全筆移轉,10690000
RPTNMLSKKIKFFAW37CA,羅劃測段,42.56,都市：其他:自然村專用區,100000,5523,持分移轉,01840000
RPTNMLSKKIKFFAW37CA,羅劃測段,126.43,都市：其他:自然村專用區,1,1,全筆移轉,01840010
RPQNMLKMKIKFFAW09CA,東洲段,5.84,都市：其他:自然村,24,1,持分移轉,04940000
RPQNMLKMKIKFFAW09CA,東洲村段,55.93,都市：其他:自然村,12,1,持分移轉,00010000
RPTNMLNLKIKFFAW07DA,天后宮段,16.82,都市：住,169470,16819,持分移轉,04650000
RPTNMLNLKIKFFAW07DA,天后宮段,17.08,都市：住,169470,17075,持分移轉,04650000
RPUNMLOLKIKFFAW27DA,北二三劃測段,9.04,都市：其他:自然村專用區,2,1,持分移轉,01650001
RPUNMLOLKIKFFAW27DA,北二三劃測段,805.48,都市：其他:自然村專用區,2,1,持分移轉,00940001
RPUNMLOLKIKFFAW27DA,北二三劃測段,60.90,都市：其他:道路用地,2,1,持分移轉,01350001
RPUNMLOLKIKFFAW27DA,北二三劃測段,393.64,都市：其他:自然村專用區,2,1,持分移轉,01350000
RPVNMLQKKIKFFAW37CA,湖前段,80.38,都市：住,37772,9564,持分移轉,10020000
RPRNMLQKKIKFFAW96CA,湖前段,82.74,都市：住,37772,9844,持分移轉,10020000
RPSNMLQKKIKFFAW07CA,太湖劃測段,729.73,都市：農,1,1,全筆移轉,01500000
RPUNMLQKKIKFFAW27CA,湖前段,22.51,都市：住,37772,2678,持分移轉,10020000
RPWOMLPKKIKFFAW47CA,金門城段,20.49,都市：住,39057,3362,持分移轉,02970000
RPQNMLRJJHLFFAW76CA,寧湖一劃段,15.81,都市：農,1000,15,持分移轉,02550000
RPSOMLRJJHLFFAW07CA,寧湖一劃段,15.81,都市：農,1000,15,持分移轉,02550000
RPTOMLRJJHLFFAW17CA,寧湖一劃段,15.81,都市：農,1000,15,持分移轉,02550000
RPUOMLRJJHLFFAW27CA,寧湖一劃段,15.81,都市：農,1000,15,持分移轉,02550000
RPVOMLRJJHLFFAW37CA,寧湖一劃段,15.81,都市：農,1000,15,持分移轉,02550000
RPWOMLRJJHLFFAW47CA,寧湖一劃段,15.81,都市：農,1000,15,持分移轉,02550000
RPOPMLRJJHLFFAW76CA,寧湖一劃段,15.81,都市：農,1000,15,持分移轉,02550000
RPPPMLRJJHLFFAW86CA,寧湖一劃段,15.81,都市：農,1000,15,持分移轉,02550000
RPQPMLRJJHLFFAW96CA,寧湖一劃段,15.81,都市：農,1000,15,持分移轉,02550000
RPRPMLRJJHLFFAW07CA,寧湖一劃段,15.81,都市：農,1000,15,持分移轉,02550000
RPSPMLRJJHLFFAW17CA,寧湖一劃段,15.81,都市：農,1000,15,持分移轉,02550000
RPUPMLRJJHLFFAW37CA,寧湖一劃段,15.81,都市：農,1000,15,持分移轉,02550000
RPPOMLRJJHLFFAW76CA,寧湖一劃段,15.81,都市：農,1000,15,持分移轉,02550000
RPSNMLRJJHLFFAW96CA,寧湖一劃段,15.81,都市：農,1000,15,持分移轉,02550000
RPVNMLRJJHLFFAW27CA,寧湖一劃段,15.81,都市：農,1000,15,持分移轉,02550000
RPROMLRJJHLFFAW96CA,寧湖一劃段,15.81,都市：農,1000,15,持分移轉,02550000
RPRNMLRJJHLFFAW86CA,寧湖一劃段,15.81,都市：農,1000,15,持分移轉,02550000
RPUNMLRJJHLFFAW17CA,寧湖一劃段,15.81,都市：農,1000,15,持分移轉,02550000
RPQOMLRJJHLFFAW86CA,寧湖一劃段,15.81,都市：農,1000,15,持分移轉,02550000
RPXNMLRJJHLFFAW47CA,寧湖一劃段,15.81,都市：農,1000,15,持分移轉,02550000
RPWNMLRJJHLFFAW37CA,寧湖一劃段,15.81,都市：農,1000,15,持分移轉,02550000
RPXPMLRJJHLFFAW67CA,寧湖一劃段,15.81,都市：農,1000,15,持分移轉,02550000
RPWPMLRJJHLFFAW57CA,寧湖一劃段,15.81,都市：農,1000,15,持分移轉,02550000
RPVNMLSKKIKFFAW57CA,市港段,18.75,都市：住,100000,4601,持分移轉,00990000
RPTNMLOLKIKFFAW07CA,羅劃測段,59.38,都市：其他:自然村專用區,10000,610,持分移轉,02240001
SPTNMLOLKIKFFAW17CA,羅劃測段,31.25,都市：其他:自然村專用區,10000,321,持分移轉,02240001
RPPRMLRJJHLFFAW07CA,城北段,6.31,都市：其他:道路用地,1,1,全筆移轉,04520000
RPPRMLRJJHLFFAW07CA,城北段,18.03,都市：住,1,1,全筆移轉,04530000
RPXQMLRJJHLFFAW77CA,新頭段,28.00,都市：其他:自然村,1,1,全筆移轉,11990011
TPTNMLOLKIKFFAW27CA,羅劃測段,31.25,都市：其他:自然村專用區,10000,321,持分移轉,02240001
UPTNMLOLKIKFFAW37CA,羅劃測段,70.57,都市：其他:自然村專用區,10000,725,持分移轉,02240001
RPSNMLOLKIKFFAW07DA,東紅山段,559.83,都市：其他:自然村,12,10,持分移轉,00160000
RPQNMLNKJHLFFAW09CA,奎星樓段,146.52,都市：住,2,1,持分移轉,02320000
RPPNMLNKJHLFFAW98CA,陳坑段,278.33,都市：住,1,1,全筆移轉,03000000
RPPNMLNKJHLFFAW98CA,陳坑段,9.45,都市：其他:道路用地,1,1,全筆移轉,03000001
RPPNMLNKJHLFFAW98CA,陳坑段,517.14,都市：住,1,1,全筆移轉,04010000
RPPNMLNKJHLFFAW98CA,陳坑段,4.91,都市：其他:道路用地,1,1,全筆移轉,04010001
RPQNMLTLKIKFFAW27CA,城北段,10.13,都市：其他:道路用地,1,1,全筆移轉,08600000
RPQNMLTLKIKFFAW27CA,城北段,49.24,都市：商,1,1,全筆移轉,08610000
RPPQMLLMKIKFFAW76CA,榜林村段,31.89,都市：其他:自然村,9,1,持分移轉,01860000
RPPQMLLMKIKFFAW76CA,榜林村段,31.89,都市：其他:自然村,9,1,持分移轉,01860000
RPPQMLLMKIKFFAW76CA,榜林村段,31.89,都市：其他:自然村,9,1,持分移轉,01860000
RPQQMLLMKIKFFAW86CA,榜林村段,31.89,都市：其他:自然村,9,1,持分移轉,01860000
RPQQMLLMKIKFFAW86CA,榜林村段,31.89,都市：其他:自然村,9,1,持分移轉,01860000
RPQQMLLMKIKFFAW86CA,榜林村段,31.89,都市：其他:自然村,9,1,持分移轉,01860000
RPOOMLNLKIKFFAW56CA,湖下村段,254.00,都市：其他:自然村專用區,1,1,全筆移轉,02340000
RPPOMLNLKIKFFAW66CA,沙港劃段,927.95,都市：農,1,1,全筆移轉,04920000
RPPOMLNLKIKFFAW66CA,沙港劃段,72.08,都市：其他:道路用地,1,1,全筆移轉,04920001
RPPOMLNLKIKFFAW66CA,北九劃段,1000.00,都市：農,1,1,全筆移轉,13400000
RPOQMLLMKIKFFAW66CA,寧劃段,462.39,都市：農,1,1,全筆移轉,11040000
RPOQMLLMKIKFFAW66CA,寧劃段,27.64,都市：其他:道路,1,1,全筆移轉,11040001
RPQOMLNLKIKFFAW76CA,東洲段,57.19,都市：其他:自然村專用區,10000,770,持分移轉,04880000
RPXNMLSJJHLFFAW57CA,夏興段,557.65,都市：農,1,1,全筆移轉,10060000
RPXNMLSJJHLFFAW57CA,夏興段,652.89,都市：農,1,1,全筆移轉,10280000
RPXNMLSJJHLFFAW57CA,夏興段,233.07,都市：農,1,1,全筆移轉,10570000
RPXNMLSJJHLFFAW57CA,夏興段,589.90,都市：農,1,1,全筆移轉,10600000
RPXNMLSJJHLFFAW57CA,夏興段,281.64,都市：農,1,1,全筆移轉,10680000
RPXNMLSJJHLFFAW57CA,夏興段,120.12,都市：農,1,1,全筆移轉,10690000
RPQNMLOLKIKFFAW76CA,湖尾段,672.91,都市：其他:自然村專用區,1,1,全筆移轉,08220000
RPRNMLSJJHLFFAW96CA,寧湖一劃段,2.49,都市：住,7,1,持分移轉,04270000
RPRNMLSJJHLFFAW96CA,寧湖一劃段,27.47,都市：住,30115,2747,持分移轉,04270001
RPRNMLSJJHLFFAW96CA,寧湖一劃段,62.10,都市：住,1,1,全筆移轉,04270004
RPRNMLSLKIKFFAW27CA,后宅測段,500.10,都市：農,2,1,持分移轉,13240000
RPSNMLSLKIKFFAW37CA,祥瑞段,115.00,都市：其他:道路用地,1,1,全筆移轉,09770000
RPQNMLOKJHLFFAW66DA,盤山村段,378.00,都市：其他:自然村,1,1,全筆移轉,01800000
RPVNMLTLKIKFFAW77CA,沙溪一劃段,92.75,都市：其他:農業區建地目,1,1,全筆移轉,01830004
RPOQMLRJJHLFFAW86CA,寧湖一劃段,15.81,都市：農,1000,15,持分移轉,02550000
RPTQMLRJJHLFFAW37CA,寧湖一劃段,15.81,都市：農,1000,15,持分移轉,02550000
RPTNMLTLKIKFFAW57CA,沙溪一劃段,92.75,都市：其他:農業區建地目,1,1,全筆移轉,01830003
RPRNMLTLKIKFFAW37CA,太湖劃測段,850.10,都市：其他:國家公園區,1,1,全筆移轉,02080000
RPRNMLTLKIKFFAW37CA,太湖劃測段,814.24,都市：其他:國家公園區,1,1,全筆移轉,02090000
RPSQMLRJJHLFFAW27CA,寧湖一劃段,15.81,都市：農,1000,15,持分移轉,02550000
RPXNMLTLKIKFFAW97CA,沙溪一劃段,88.87,都市：其他:農業區建地目,1,1,全筆移轉,01830009
RPPOMLTLKIKFFAW27CA,沙溪一劃段,91.01,都市：其他:農業區建地目,1,1,全筆移轉,01830008
RPROMLTLKIKFFAW47CA,沙溪一劃段,95.71,都市：其他:農業區建地目,1,1,全筆移轉,01830005
RPUOMLTLKIKFFAW77CA,沙溪一劃段,92.75,都市：其他:農業區建地目,1,1,全筆移轉,01830002
RPWOMLTLKIKFFAW97CA,沙溪一劃段,92.75,都市：其他:農業區建地目,1,1,全筆移轉,01830001
RPQQMLRJJHLFFAW07CA,寧湖一劃段,15.81,都市：農,1000,15,持分移轉,02550000
RPUNMLSJJHLFFAW27CA,湖前段,70.92,都市：住,1,1,全筆移轉,03900004
RPPOMLPJJHLFFAW66DA,寧湖一劃段,170.01,都市：其他:自然村,1,1,全筆移轉,03960005
RPROMLPJJHLFFAW86DA,寧湖二劃測段,667.10,都市：其他:自然村,1,1,全筆移轉,07410000
RPXPMLLMKIKFFAW47CA,湖前段,82.74,都市：住,37772,9844,持分移轉,10020000
RPTPMLRJJHLFFAW27CA,陳坑段,371.00,都市：其他:,1,1,全筆移轉,09840000
RPRQMLRJJHLFFAW17CA,寧湖一劃段,31.61,都市：農,1000,30,持分移轉,02550000
RPUNMLSKJHLFFAW37CA,太湖劃測段,953.09,都市：農,1,1,全筆移轉,00630000
VPQNMLRLJHLFFAW37CA,祥安段,11.27,都市：商,10,1,持分移轉,08080000
TPQNMLRLJHLFFAW17CA,祥安段,11.27,都市：商,10,1,持分移轉,08080000
RPQNMLMLJHLFFAW09CA,北堤段,8.12,都市：其他:道路用地,2,1,持分移轉,00580000
RPQNMLMLJHLFFAW09CA,北堤段,31.04,都市：商,2,1,持分移轉,00590000
RPQNMLMLJHLFFAW09CA,北堤段,16.36,都市：其他:道路用地,2,1,持分移轉,00600000
UPQNMLRLJHLFFAW27CA,祥安段,11.27,都市：商,10,1,持分移轉,08080000
RPPNMLMLJHLFFAW98CA,北堤段,13.93,都市：其他:道路用地,2,1,持分移轉,00550000
RPPNMLMLJHLFFAW98CA,北堤段,27.23,都市：商,2,1,持分移轉,00560000
RPPNMLMLJHLFFAW98CA,北堤段,7.84,都市：其他:道路用地,2,1,持分移轉,00570000
RPRNMLMLJHLFFAW56CA,北堤段,15.76,都市：其他:道路用地,2,1,持分移轉,00610000
RPRNMLMLJHLFFAW56CA,北堤段,31.06,都市：商,2,1,持分移轉,00620000
RPRNMLMLJHLFFAW56CA,北堤段,7.68,都市：其他:道路用地,2,1,持分移轉,00630000
RPQNMLRLJHLFFAW96CA,祥安段,11.27,都市：商,10,1,持分移轉,08080000
SPQNMLRLJHLFFAW07CA,祥安段,11.27,都市：商,10,1,持分移轉,08080000
RPQNMLTKJHLFFAW07CA,湖東劃段,1000.00,都市：農,1,1,全筆移轉,02600000
RPSNMLMLJHLFFAW66CA,北堤段,7.90,都市：其他:道路用地,2,1,持分移轉,00640000
RPSNMLMLJHLFFAW66CA,北堤段,31.90,都市：商,2,1,持分移轉,00650000
RPSNMLMLJHLFFAW66CA,北堤段,14.73,都市：其他:道路用地,2,1,持分移轉,00660000
RPUNMLMLJHLFFAW86CA,北堤段,8.12,都市：其他:道路用地,2,1,持分移轉,00580000
RPUNMLMLJHLFFAW86CA,北堤段,31.04,都市：商,2,1,持分移轉,00590000
RPUNMLMLJHLFFAW86CA,北堤段,16.36,都市：其他:道路用地,2,1,持分移轉,00600000
RPWNMLMLJHLFFAW07CA,北堤段,7.90,都市：其他:道路用地,2,1,持分移轉,00640000
RPWNMLMLJHLFFAW07CA,北堤段,31.90,都市：商,2,1,持分移轉,00650000
RPWNMLMLJHLFFAW07CA,北堤段,14.73,都市：其他:道路用地,2,1,持分移轉,00660000
RPTNMLMLJHLFFAW76CA,北堤段,13.93,都市：其他:道路用地,2,1,持分移轉,00550000
RPTNMLMLJHLFFAW76CA,北堤段,27.23,都市：商,2,1,持分移轉,00560000
RPTNMLMLJHLFFAW76CA,北堤段,7.84,都市：其他:道路用地,2,1,持分移轉,00570000
RPOPMLTLKIKFFAW27CA,市港段,18.75,都市：住,100000,4601,持分移轉,00990000
RPUNMLKMKIKFFAW86CA,東洲段,57.27,都市：其他:自然村專用區,10000,771,持分移轉,04880000
RPTNMLKMKIKFFAW76CA,東洲段,59.65,都市：其他:自然村專用區,10000,803,持分移轉,04880000
RPWNMLKMKIKFFAW07CA,市港段,18.75,都市：住,100000,4600,持分移轉,00990000
RPVNMLLMKIKFFAW07CA,汶沙段,84.48,都市：其他:自然村專用區,100000,11899,持分移轉,15750000
RPOOMLLMKIKFFAW09CA,汶沙段,92.76,都市：其他:自然村專用區,100000,13065,持分移轉,15750000
RPROMLLMKIKFFAW76CA,汶沙段,84.48,都市：其他:自然村專用區,100000,11899,持分移轉,15750000
RPVNMLMLJHLFFAW96CA,北堤段,15.76,都市：其他:道路用地,2,1,持分移轉,00610000
RPVNMLMLJHLFFAW96CA,北堤段,31.06,都市：商,2,1,持分移轉,00620000
RPVNMLMLJHLFFAW96CA,北堤段,7.68,都市：其他:道路用地,2,1,持分移轉,00630000
RPVOMLLMKIKFFAW17CA,汶沙段,92.76,都市：其他:自然村專用區,100000,13065,持分移轉,15750000
RPOPMLLMKIKFFAW56CA,煙墩段,1428.42,都市：其他:第二類一般管制區,1,1,全筆移轉,07330000
RPOPMLLMKIKFFAW56CA,煙墩段,293.96,都市：其他:保護區,1,1,全筆移轉,08440000
RPOPMLLMKIKFFAW56CA,煙墩段,64.55,都市：其他:道路用地,1,1,全筆移轉,08440001
RPOPMLLMKIKFFAW56CA,煙墩段,101.09,都市：其他:保護區,1,1,全筆移轉,08480000
RPOPMLLMKIKFFAW56CA,煙墩段,50.88,都市：其他:道路用地,1,1,全筆移轉,08480001
RPQPMLLMKIKFFAW76CA,汶沙段,92.77,都市：其他:自然村專用區,100000,13066,持分移轉,15750000
RPUOMLPJJHLFFAW17DA,湖前段,78.87,都市：其他:工業區+道路用地,1,1,全筆移轉,00920018
RPUOMLPJJHLFFAW17DA,湖前段,131.70,都市：其他:工業區+道路用地,1,1,全筆移轉,00920019
RPUOMLPJJHLFFAW17DA,湖前段,531.36,都市：其他:工業區+道路用地,1,1,全筆移轉,01170000
RPUOMLPJJHLFFAW17DA,漁村段,905.83,都市：住,1,1,全筆移轉,02890000
RPUOMLPJJHLFFAW17DA,湖前段,255.02,都市：工,1,1,全筆移轉,00920006
RPUOMLPJJHLFFAW17DA,湖前段,284.19,都市：其他:道路用地,1,1,全筆移轉,00920007
RPUOMLPJJHLFFAW17DA,湖前段,92.34,都市：其他:道路用地,1,1,全筆移轉,00920008
RPUOMLPJJHLFFAW17DA,湖前段,88.92,都市：其他:工業區+道路用地,1,1,全筆移轉,00920009
RPUOMLPJJHLFFAW17DA,湖前段,88.92,都市：其他:工業區+道路用地,1,1,全筆移轉,00920010
RPUOMLPJJHLFFAW17DA,湖前段,123.36,都市：其他:工業區+道路用地,1,1,全筆移轉,00920011
RPUOMLPJJHLFFAW17DA,湖前段,129.24,都市：其他:工業區+道路用地,1,1,全筆移轉,00920012
RPUOMLPJJHLFFAW17DA,湖前段,85.94,都市：其他:工業區+道路用地,1,1,全筆移轉,00920013
RPUOMLPJJHLFFAW17DA,湖前段,77.18,都市：其他:工業區+道路用地,1,1,全筆移轉,00920014
RPUOMLPJJHLFFAW17DA,湖前段,70.76,都市：其他:工業區+道路用地,1,1,全筆移轉,00920015
RPUOMLPJJHLFFAW17DA,湖前段,72.82,都市：其他:工業區+道路用地,1,1,全筆移轉,00920016
RPUOMLPJJHLFFAW17DA,湖前段,76.57,都市：其他:工業區+道路用地,1,1,全筆移轉,00920017
RPPNMLQJJHLFFAW66DA,士校段,967.01,都市：住,3,2,持分移轉,03830001
RPPNMLQJJHLFFAW66DA,士校段,5.19,都市：農,3,2,持分移轉,03830004
SPWNMLKMKIKFFAW17CA,市港段,27.19,都市：住,100000,6671,持分移轉,00990000
RPOOMLKMKIKFFAW98CA,市港段,18.75,都市：住,100000,4601,持分移轉,00990000
RPQOMLKMKIKFFAW56CA,市港段,26.99,都市：住,100000,6621,持分移轉,00990000
RPSOMLKMKIKFFAW76CA,市港段,26.53,都市：住,100000,6510,持分移轉,00990000
RPUOMLKMKIKFFAW96CA,市港段,18.75,都市：住,100000,4601,持分移轉,00990000
RPRNMLOJJHLFFAW66DA,祥和段,18.24,都市：其他:道路用地,10,9,持分移轉,08790000
RPRNMLOJJHLFFAW66DA,祥和段,50.19,都市：商,10,9,持分移轉,08800000
RPRNMLOJJHLFFAW66DA,祥和段,47.64,都市：商,10,9,持分移轉,08810000
RPRNMLOJJHLFFAW66DA,祥和段,18.97,都市：其他:道路用地,10,9,持分移轉,08820000
RPOOMLSJJHLFFAW76CA,小西門劃測段,590.00,都市：住,1,1,全筆移轉,11430000
RPQRMLRJJHLFFAW17CA,北八劃段,500.00,都市：農,1,1,全筆移轉,02200001
RPTNMLSJJHLFFAW17CA,汶沙段,92.77,都市：其他:自然村專用區,100000,13066,持分移轉,15750000
RPUNMLPKJHLFFAW07CA,珠山段,1030.39,都市：其他:國家公園區第二類一般管制區,1,1,全筆移轉,06350000
RPRNMLTKJHLFFAW17CA,歐厝村段,408.00,都市：住,1,1,全筆移轉,01950000
RPVNMLOJJHLFFAW96CA,東洲段,58.90,都市：其他:自然村專用區,10000,793,持分移轉,04880000
RPRRMLRJJHLFFAW27CA,寧湖一劃段,15.81,都市：農,1000,15,持分移轉,02550000
RPQNMLLKJHLFFAW88CA,城南段,9.60,都市：住,4,1,持分移轉,01510000
RPQNMLLKJHLFFAW88CA,城南段,12.23,都市：其他:道路用地,4,1,持分移轉,01520000
RPSRMLRJJHLFFAW37CA,寧湖一劃段,15.81,都市：農,1000,15,持分移轉,02550000
RPUNMLOJJHLFFAW86CA,東洲段,57.27,都市：其他:自然村專用區,10000,771,持分移轉,04880000
RPWNMLOJJHLFFAW07CA,北八劃段,1000.00,都市：其他:風景區,1,1,全筆移轉,01350000
RPSNMLOKJHLFFAW76CA,莒光樓段,37.03,都市：住,150000,18219,持分移轉,09250000
RPSNMLOKJHLFFAW76CA,莒光樓段,79.86,都市：住,1,1,全筆移轉,09250004
RPUNMLOKJHLFFAW96CA,莒光樓段,37.03,都市：住,150000,18219,持分移轉,09250000
RPUNMLOKJHLFFAW96CA,莒光樓段,77.20,都市：住,1,1,全筆移轉,09250006
RPVNMLOKJHLFFAW07CA,莒光樓段,37.03,都市：住,150000,18219,持分移轉,09250000
RPVNMLOKJHLFFAW07CA,莒光樓段,74.89,都市：住,1,1,全筆移轉,09250007
RPTNMLOJJHLFFAW86DA,賢厝村段,101.80,都市：其他:自然村,5090,509,持分移轉,00240000
RPRNMLOKJHLFFAW66CA,莒光樓段,37.03,都市：住,150000,18219,持分移轉,09250000
RPRNMLOKJHLFFAW66CA,莒光樓段,79.26,都市：住,1,1,全筆移轉,09250005
RPTNMLOKJHLFFAW86CA,莒光樓段,37.03,都市：住,150000,18219,持分移轉,09250000
RPTNMLOKJHLFFAW86CA,莒光樓段,74.80,都市：住,1,1,全筆移轉,09250008
RPQNMLPJJHLFFAW66DA,烏土段,108.47,都市：其他:農業區建地目,1,1,全筆移轉,05270000
RPPPMLLMKIKFFAW76DA,塔后段,668.33,都市：其他:保護區,1,1,全筆移轉,02420000
RPSNMLPJJHLFFAW86DA,烏土段,91.30,都市：其他:農業區建地目,1,1,全筆移轉,05270003
RPTNMLPJJHLFFAW96DA,烏土段,91.30,都市：其他:農業區建地目,1,1,全筆移轉,05270004
RPRNMLPJJHLFFAW76DA,烏土段,91.30,都市：其他:農業區建地目,1,1,全筆移轉,05270005
RPUPMLLMKIKFFAW27DA,中五劃段,290.00,都市：農,1,1,全筆移轉,05780000
RPUPMLLMKIKFFAW27DA,中五劃段,889.00,都市：農,1,1,全筆移轉,05970000
RPSOMLPJJHLFFAW96DA,中蘭劃測段,919.00,都市：農,1,1,全筆移轉,06170000
RPQNMLKMJHLFFAW09DA,北二三劃測段,773.61,都市：農,1,1,全筆移轉,00190000
RPPNMLOJJHLFFAW09DA,高坑劃測段,189.97,都市：其他:自然村,1,1,全筆移轉,04240001
RPQNMLOJJHLFFAW56DA,高坑劃測段,122.67,都市：其他:自然村,1,1,全筆移轉,04240003
RPRNMLKMJHLFFAW56DA,寧湖三劃段,500.00,都市：農,1,1,全筆移轉,07680001
RPRNMLKMJHLFFAW56DA,寧湖三劃段,500.00,都市：農,1,1,全筆移轉,07680000
RPWNMLTKJHLFFAW67CA,南雄段,737.33,都市：農,1,1,全筆移轉,00410000
RPWNMLTKJHLFFAW67CA,南雄段,522.14,都市：農,1,1,全筆移轉,02660000
RPVNMLTKJHLFFAW57CA,南雄段,562.16,都市：農,1,1,全筆移轉,01410000
RPWNMLTKJHLFFAW67CA,士校段,566.64,都市：農,1,1,全筆移轉,06410000
RPVNMLTKJHLFFAW57CA,南雄段,342.02,都市：農,1,1,全筆移轉,01430000
RPVNMLTKJHLFFAW57CA,南雄段,502.28,都市：農,1,1,全筆移轉,01460000
RPVNMLTKJHLFFAW57CA,南雄段,976.64,都市：農,1,1,全筆移轉,01470000
RPVNMLTKJHLFFAW57CA,南雄段,448.08,都市：農,1,1,全筆移轉,01480000
RPVNMLTKJHLFFAW57CA,南雄段,644.76,都市：農,1,1,全筆移轉,02170000
RPVNMLTKJHLFFAW57CA,士校段,1452.80,都市：農,1,1,全筆移轉,06890000
RPVPMLLMKIKFFAW27CA,沙港劃段,1000.25,都市：農,1,1,全筆移轉,08430000
RPWPMLLMKIKFFAW37CA,塔后段,260.09,都市：其他:自然村專用區,1,1,全筆移轉,11230003
RPQNMLNJKHLFFAW56DA,官澳段,271.00,都市：其他:自然村專用區,3,1,持分移轉,08580000
RPORMLRJJHLFFAW96CA,湖前段,88.50,都市：其他:道路用地,1,1,全筆移轉,08660001
RPORMLRJJHLFFAW96CA,湖前段,9.50,都市：其他:道路用地,1,1,全筆移轉,08660003
RPORMLRJJHLFFAW96CA,湖前段,7.50,都市：其他:道路用地,1,1,全筆移轉,08660004
RPORMLRJJHLFFAW96CA,湖前段,5.80,都市：其他:道路用地,1,1,全筆移轉,08660005
RPORMLRJJHLFFAW96CA,湖前段,40.97,都市：其他:道路用地,1,1,全筆移轉,08660006
RPQOMLSJJHLFFAW96CA,英坑段,671.86,都市：農,1,1,全筆移轉,12550000
RPVQMLRJJHLFFAW57CA,后盤村段,57.00,都市：其他:自然村專用區,3,1,持分移轉,00640000
RPXOMLRJJHLFFAW57CA,寧湖二劃測段,50.96,都市：其他:自然村專用區,1000,153,持分移轉,09460000
RPPNMLLKJHLFFAW78CA,寧古劃段,482.00,都市：農,1,1,全筆移轉,11080000
RPTNMLLKJHLFFAW56CA,太湖劃測段,633.09,都市：農,1,1,全筆移轉,16000000
RPTNMLLKJHLFFAW56CA,太湖劃測段,953.42,都市：農,1,1,全筆移轉,16130000
RPTNMLLKJHLFFAW56CA,太湖劃測段,1000.15,都市：農,1,1,全筆移轉,16200000
RPXNMLMLJHLFFAW17CA,鵲山段,272.96,都市：其他:風景區,1,1,全筆移轉,00840000
RPTNMLPKJHLFFAW96CA,中蘭劃測段,1500.04,都市：農,1,1,全筆移轉,00520000
RPPNMLKLJHLFFAW88DA,湖前段,325.22,都市：其他:自然村,9,6,持分移轉,08540000
RPPNMLTKJHLFFAW07DA,山西段,203.70,都市：其他:保護區,1,1,全筆移轉,06730000
RPRNMLNKJHLFFAW56CA,寧安四劃段,50.92,都市：其他:自然村專用區,12,1,持分移轉,03250000
RPTNMLNKJHLFFAW76CA,新頭段,996.41,都市：農,1,1,全筆移轉,02740000
RPUNMLNKJHLFFAW86CA,安西劃段,97.76,都市：其他:自然村專用區,1,1,全筆移轉,03630003
RPPNMLPJJHLFFAW56DA,烏土段,103.57,都市：其他:農業區建地目,1,1,全筆移轉,05270006
RPRNMLSKJHLFFAW07CA,市港段,18.75,都市：住,100000,4600,持分移轉,00990000
RPXNMLTKJHLFFAW77CA,市港段,163.94,都市：商,1,1,全筆移轉,00850000
RPPOMLMLJHLFFAW09CA,金門城段,888.00,都市：其他:自然村專用區,1,1,全筆移轉,02650000
RPOOMLMLJHLFFAW98CA,沙碧劃段,800.00,都市：農,1,1,全筆移轉,04220000
RPPNMLSLJHLFFAW96CA,中蘭劃測段,490.01,都市：農,1,1,全筆移轉,06070000
RPPNMLSLJHLFFAW96CA,中蘭劃測段,832.99,都市：農,1,1,全筆移轉,06220000
RPPNMLSLJHLFFAW96CA,中蘭劃測段,465.50,都市：農,2,1,持分移轉,06230000
RPRNMLLKJHLFFAW09DA,延平段,225.64,都市：住,1,1,全筆移轉,09590000
RPWNMLSJJHLFFAW57DA,寧古劃段,510.00,都市：其他:國家公園區,1,1,全筆移轉,01100000
RPWNMLSJJHLFFAW57DA,寧古劃段,545.00,都市：其他:國家公園區,1,1,全筆移轉,05990000
RPSNMLLKJHLFFAW56DA,延平段,617.55,都市：農,1,1,全筆移轉,09600000
RPTNMLKMJHLFFAW76DA,榜林村段,63.50,都市：其他:,2,1,持分移轉,01940004
RPTNMLKMJHLFFAW76DA,榜林村段,97.50,都市：住,2,1,持分移轉,01910000
RPPNMLPLJHLFFAW66CA,中蘭劃測段,485.02,都市：農,1,1,全筆移轉,04470001
RPQNMLPLJHLFFAW76CA,湖前段,461.69,都市：農,1,1,全筆移轉,02160002
RPQOMLMLJHLFFAW66DA,金門城段,31.92,都市：其他:自然村,12,1,持分移轉,04460000
RPRNMLSLJHLFFAW27DA,塔后段,339.00,都市：其他:農業區+保護區,1,1,全筆移轉,08160000
RPSNMLLMKIKFFAW86DA,漁村段,141.67,都市：住,1,1,全筆移轉,01300000
RPSNMLLMKIKFFAW86DA,漁村段,55.50,都市：住,1,1,全筆移轉,01310001
RPRNMLLMKIKFFAW76DA,漁村段,186.51,都市：住,1,1,全筆移轉,02900000
RPQNMLMJKHLFFAW98CA,歐厝段,798.54,都市：農,1,1,全筆移轉,03870000
RPQNMLMJKHLFFAW98CA,小西門劃測段,676.82,都市：其他:公園用地道路用地,1,1,全筆移轉,00030000
RPQNMLMJKHLFFAW98CA,小西門劃測段,745.32,都市：其他:公園用地道路用地,1,1,全筆移轉,00040000
RPQNMLMJKHLFFAW98CA,小西門劃測段,357.76,都市：其他:公園用地,1,1,全筆移轉,00050000
RPQNMLMJKHLFFAW98CA,小西門劃測段,458.36,都市：其他:自然村專用區,1,1,全筆移轉,02120000
RPQNMLMJKHLFFAW98CA,小西門劃測段,176.30,都市：農,1,1,全筆移轉,06620000
RPQNMLLJKHLFFAW88CA,羅劃測段,1.13,都市：其他:自然村專用區,100000,146,持分移轉,01840000
RPQNMLLJKHLFFAW88CA,羅劃測段,97.43,都市：其他:自然村專用區,1,1,全筆移轉,01840002
RPPNMLOJKHLFFAW09CA,北二三劃測段,76.79,都市：住,1,1,全筆移轉,00960011
RPUNMLOJKHLFFAW96CA,祥安段,10.40,都市：商,5,1,持分移轉,08810000
RPUNMLOJKHLFFAW96CA,祥安段,10.40,都市：商,5,1,持分移轉,08810000
RPUNMLOJKHLFFAW96CA,祥安段,10.40,都市：商,5,1,持分移轉,08810000
RPUNMLOJKHLFFAW96CA,祥安段,1.68,都市：商,5,1,持分移轉,08940001
RPUNMLOJKHLFFAW96CA,祥安段,1.68,都市：商,5,1,持分移轉,08940001
RPUNMLOJKHLFFAW96CA,祥安段,1.68,都市：商,5,1,持分移轉,08940001
RPPNMLOLKHLFFAW66CA,北堤段,158.20,都市：住,6,1,持分移轉,05750000
RPPNMLMKKHLFFAW98CA,東坑段,354.00,都市：其他:,1,1,全筆移轉,00420000
RPQNMLQKKHLFFAW86CA,中蘭劃測段,980.00,都市：農,1,1,全筆移轉,04560000
RPQNMLQKKHLFFAW86CA,高坑劃測段,463.59,都市：農,1,1,全筆移轉,03620000
RPUNMLRKKHLFFAW37CA,山西段,238.34,都市：其他:保護區,1,1,全筆移轉,11360000
RPUNMLRKKHLFFAW37CA,山西段,376.50,都市：其他:保護區,1,1,全筆移轉,11640000
RPUNMLRKKHLFFAW37CA,山西段,417.40,都市：農,1,1,全筆移轉,13540000
RPUNMLRKKHLFFAW37CA,山西段,230.45,都市：農,1,1,全筆移轉,14910000
RPUNMLRKKHLFFAW37CA,山西段,193.56,都市：農,1,1,全筆移轉,14930000
