﻿編號,土地位置,土地移轉面積(平方公尺),使用分區或編定,權利人持分分母,權利人持分分子,移轉情形,地號
The serial number, land position,land shifting area square meter,the use zoning or compiles and checks,,,,land parcel
RPQUMLLKLHGGFBB57CC,松昌段,14.43,都市：住,,,,06050000
RPVPMLLKLHGGFCB67CC,黎明段,78.00,都市：住,,,,09460000
RPTVMLLKLHGGFBB97CC,文正段,.00,都市：商,,,,00270015
RPWPMLLKLHGGFCB77CC,保安段,11.38,都市：住,,,,06360000
RPTQMLLKLHGGFCB57CC,田心段,92.00,都市：住,,,,03440021
RPVNMLLKLHGGFDB57CC,豐原段,95.00,都市：商,,,,06360000
RPXQMLLKLHGGFCB97CC,協和段,2766.60,都市：工,,,,01990000
RPQNMLLKLHGGFHB47CC,六雅段,88.94,都市：住,,,,13660000
RPQNMLLKLHGGFHB47CC,六雅段,38.37,都市：住,,,,13400000
RPSNMLLKLHGGFHB67CC,家興段,77.34,都市：住,,,,00870000
RPOOMLLKLHGGFJB57CC,育賢段,.00,都市：住,,,,01410007
RPXNMLLKLHGGFDB87DC,泉州段,444.31,都市：其他:道路,,,,04480000
RPXNMLLKLHGGFDB87DC,泉州段,2414.73,都市：工,,,,04490000
RPTUMLLKLHGGFBB97DC,錦村段,.00,都市：住,,,,01170015
RPXNMLMKLHGGFIB38CC,東湖段,.00,都市：住,,,,04210000
RPSOMLMKLHGGFIB97CC,錦州段,.00,都市：工,,,,11390017
RPROMLMKLHGGFIB87CC,東湖段,47.04,都市：住,,,,04210000
RPOPMLMKLHGGFCB07CC,惠民段,37.27,都市：其他:新市政中心專用區,,,,01380000
RPWOMLMKLHGGFCB77CC,安和段,.00,都市：工,,,,01110000
RPPPMLMKLHGGFCB17CC,惠民段,128.50,都市：其他:新市政中心專用區,,,,00110000
RPXOMLMKLHGGFCB87CC,中和段,11.93,都市：住,,,,01560000
RPRPMLMKLHGGFCB37CC,惠民段,12.30,都市：其他:新市政中心專用區,,,,00110000
RPTPMLMKLHGGFCB57CC,大新段,12.86,都市：住,,,,04130000
RPQPMLMKLHGGFCB27CC,惠民段,19.35,都市：其他:新市政中心專用區,,,,00110000
RPQQMLMKLHGGFBB27CC,邱厝子段,21.30,都市：住,,,,01410022
RPRQMLMKLHGGFBB37CC,,18.05,都市：其他:,,,,00030000
RPWQMLMKLHGGFBB87CC,賴厝?段,6.12,都市：其他:空白,,,,00710000
RPSRMLMKLHGGFBB57CC,東信段,6.49,都市：其他:空白,,,,01690000
RPXOMLPKLHGGFBB08CC,東義段,149.00,都市：住,,,,02400001
RPXOMLPKLHGGFBB08CC,東義段,145.00,都市：住,,,,02400002
RPXOMLPKLHGGFBB08CC,東義段,32.00,都市：住,,,,02400003
RPWSMLMKLHGGFBB08CC,賴厝?段,3.84,都市：住,,,,03490001
RPXSMLMKLHGGFBB18CC,東新段,12.49,都市：住,,,,01270000
RPVNMLNKLHGGFBB57CC,松觀段,13.53,都市：住,,,,01410000
RPQPMLPKLHGGFBB47CC,賴厝?段,2.91,都市：商,,,,00310003
RPQPMLPKLHGGFBB47CC,邱厝子段,2.33,都市：商,,,,00310062
RPOPMLPKLHGGFBB27CC,中清段,8.00,都市：住,,,,00060000
RPQQMLPKLHGGFBB57CC,中興段,67.00,都市：住,,,,00550008
RPRPMLPKLHGGFBB57CC,賴厝?段,3.26,都市：商,,,,00310003
RPRPMLPKLHGGFBB57CC,邱厝子段,2.62,都市：商,,,,00310062
RPRQMLPKLHGGFBB67CC,北屯段,176.00,都市：住,,,,01720000
RPSRMLPKLHGGFBB87CC,景美段,9.93,都市：住,,,,03520000
RPVQMLPKLHGGFBB08CC,錦村段,9.62,都市：商,,,,01850000
RPUOMLPKLHGGFCB87CC,中正段,6.72,都市：商,,,,01550000
RPXSMLPKLHGGFBB48CC,仁美段,.00,都市：商,,,,17440000
RPVOMLPKLHGGFCB97CC,中正段,9.49,都市：商,,,,01550000
RPWOMLPKLHGGFCB08CC,中正段,5.63,都市：商,,,,01550000
RPROMLPKLHGGFCB57CC,三塊厝段,.00,非都市： ; 非都市編定：,,,,14560000
RPXOMLPKLHGGFCB18CC,上石碑段,3.40,都市：商,,,,17900000
RPXOMLPKLHGGFCB18CC,上石碑段,3.04,都市：商,,,,18000007
RPTQMLPKLHGGFIB58CC,大元段,.00,都市：住,,,,04630000
RPQNMLPKLHGGFKB18CC,文昌段,92.00,都市：其他:住宅區,,,,20340000
RPXOMLPKLHGGFDB28CC,南村段,16.80,都市：住,,,,06500000
RPRNMLQKLHGGFHB08CC,清雅段,99.18,都市：住,,,,01910000
RPVOMLPKLHGGFDB18DC,一心段,.00,都市：住,,,,02400000
RPVOMLPKLHGGFDB18DC,一心段,.00,都市：住,,,,02410000
RPWPMLQKLHGGFAB18DC,平等段二小段,31.00,都市：商,,,,00440000
RPWPMLQKLHGGFAB18DC,平等段二小段,51.00,都市：商,,,,00440001
RPOOMLQKLHGGFAB17CC,半平厝段,8.56,都市：商,,,,10190000
RPOOMLQKLHGGFAB17CC,半平厝段,.17,都市：住,,,,10200000
RPVPMLPKLHGGFAB97DC,後?子段,136.00,都市：其他:市場用地,,,,02100196
RPVPMLPKLHGGFAB97DC,後?子段,63.50,都市：其他:市場用地,,,,02100197
RPVOMLQKLHGGFHB58CC,馬岡段,.00,非都市： ; 非都市編定：,,,,00500000
RPOOMLQKLHGGFIB97CC,大仁段,11.54,都市：商,,,,00210000
RPXPMLQKLHGGFJB09CC,平欣段,79.00,都市：住,,,,02740000
RPXNMLQKLHGGFCB18CC,大明段,26.72,都市：住,,,,00060000
RPRSMLQKLHGGFCB08CC,南屯段,12.65,都市：住,,,,15160000
RPURMLQKLHGGFCB28CC,上石碑段,.00,非都市： ; 非都市編定：,,,,21220000
RPWRMLQKLHGGFCB48CC,豐業段,.00,非都市： ; 非都市編定：,,,,01990000
RPXPMLQKLHGGFBB28CC,南興段,303.41,都市：住,,,,00050000
RPWPMLQKLHGGFBB18CC,南興段,1433.16,都市：住,,,,00060000
RPRTMLQKLHGGFBB08CC,賴厝?段,4.43,都市：住,,,,00540000
RPUSMLQKLHGGFBB28CC,北屯段,13.19,都市：住,,,,00260000
RPWSMLQKLHGGFBB48CC,文正段,1.10,都市：住,,,,01150169
RPWSMLQKLHGGFBB48CC,文正段,7.50,都市：住,,,,01150002
RPPTMLQKLHGGFBB87CC,賴厝?段,4.37,都市：住,,,,00540000
RPRUMLQKLHGGFBB18CC,北屯段,10.88,都市：住,,,,03520003
RPVOMLRKLHGGFBB08CC,陳平段,.00,非都市： ; 非都市編定：,,,,15140000
RPROMLRKLHGGFBB67CC,平田段,13.79,都市：住,,,,01000000
RPROMLRKLHGGFBB67CC,平田段,2.54,都市：住,,,,01000001
RPQPMLRKLHGGFBB67CC,賴厝?段,.00,非都市： ; 非都市編定：,,,,03240001
RPUPMLRKLHGGFBB08CC,賴厝?段,4.43,都市：住,,,,00540000
RPPQMLRKLHGGFBB67CC,東峰段,5.85,都市：住,,,,00570000
RPTPMLRKLHGGFBB97CC,平田段,25.04,都市：住,,,,01510000
RPTSMLRKLHGGFBB28CC,東光段,2.43,都市：商,,,,01950001
RPUSMLRKLHGGFBB38CC,東峰段,11.13,都市：住,,,,01580000
RPVNMLRKLHGGFCB08CC,寶山段,.00,非都市： ; 非都市編定：,,,,06470000
RPQOMLRKLHGGFCB67CC,西屯段,.00,非都市： ; 非都市編定：,,,,23090001
RPOPMLRKLHGGFCB57CC,惠來厝段,21.19,都市：住,,,,01220000
RPUNMLRKLHGGFIB58CC,新仁段,.00,非都市： ; 非都市編定：,,,,06200000
RPXOMLRKLHGGFIB98CC,東榮段,22.68,都市：住,,,,05730000
RPPPMLRKLHGGFIB28CC,光日段,216.06,都市：住,,,,11680015
RPRNMLRKLHGGFJB38CC,樹孝段,.00,非都市： ; 非都市編定：,,,,16340000
RPVOMLSKLHGGFBB28DC,太原段,24.02,都市：住,,,,01400004
RPXNMLRKLHGGFDB38CC,豐圳段,21.07,都市：住,,,,04630000
RPQNMLSKLHGGFKB48CC,仁德段,68.00,都市：其他:住宅區,,,,04280015
RPOPMLRKLHGGFBB57DC,錦村段,30.00,都市：住,,,,02870020
RPOPMLRKLHGGFBB57DC,錦村段,50.00,都市：住,,,,02870070
RPRNMLSKLHGGFJB48CC,永新段,98.88,都市：住,,,,06080000
RPQNMLSKLHGGFCB67CC,大明段,.00,都市：住,,,,00160000
RPQNMLSKLHGGFJB38CC,樹德段,.00,都市：住,,,,00780000
RPROMLSKLHGGFCB87CC,上石碑段,43.62,都市：住,,,,13440000
RPRSMLSKLHGGFCB28CC,大進段,1.62,都市：住,,,,09920000
RPOTMLSKLHGGFCB08CC,福順段,9.59,都市：住,,,,00910000
RPOTMLSKLHGGFCB08CC,福順段,5.44,都市：住,,,,01080000
RPOPMLSKLHGGFBB57CC,景東段,207.90,都市：住,,,,01070000
RPPTMLSKLHGGFCB18CC,福順段,9.52,都市：住,,,,00910000
RPPTMLSKLHGGFCB18CC,福順段,5.39,都市：住,,,,01080000
RPXNMLTKLHGGFBB38CC,崇德段,.00,都市：商,,,,04030003
RPRRMLTKLHGGFBB18CC,錦村段,.00,都市：商,,,,01850000
RPUTMLTKLHGGFCB78CC,大新段,13.21,都市：住,,,,07510000
RPOOMLTKLHGGFBB57CC,,.00,都市：商,,,,04030003
RPVTMLTKLHGGFCB88CC,惠義段,892.56,都市：住,,,,00600000
RPTPMLTKLHGGFAB08CC,下橋子頭段,.00,都市：其他:道路用地、第三種住宅區,,,,02680005
RPUOMLTKLHGGFIB88CC,成功段,108.81,都市：住,,,,08190000
RPVPMLTKLHGGFAB28CC,下橋子頭段,.00,都市：其他:道路用地、第三種住宅區,,,,02680005
RPTNMLMLLHGGFJB18CC,合利段,343.02,都市：住,,,,02090000
RPWPMLMLLHGGFBB97DC,中清段,22.78,都市：住,,,,01950000
RPPOMLMLLHGGFCB17CC,惠民段,12.24,都市：住,,,,00840000
RPTWMLMLLHGGFCB38CC,大新段,.00,都市：住,,,,08220011
RPXUMLMLLHGGFCB58CC,上石碑段,14.00,都市：住,,,,01210000
RPVOMLMLLHGGFBB67CC,東正段,5.97,都市：商,,,,01040000
RPXVMLMLLHGGFCB68CC,民安段,.00,都市：住,,,,05520000
RPQWMLMLLHGGFCB08CC,春安段,.00,都市：住,,,,03450000
RPQRMLMLLHGGFBB47CC,賴厝?段,.14,都市：商,,,,00310003
RPQRMLMLLHGGFBB47CC,邱厝子段,.11,都市：商,,,,00310062
RPOWMLMLLHGGFCB87CC,國安段,.00,都市：住,,,,05930491
RPRQMLNLLHGGFBB57CC,邱厝子段,7.16,都市：住,,,,01460041
RPSRMLNLLHGGFBB77CC,陳平段,.00,都市：住,,,,18970000
RPPQMLNLLHGGFCB47CC,中和段,28.51,都市：住,,,,03000000
RPTRMLNLLHGGFBB87CC,太原段,.00,都市：住,,,,01400004
RPOSMLNLLHGGFBB47CC,大豐段,.00,都市：住,,,,06660002
RPSSMLNLLHGGFBB87CC,建業段,13.46,都市：住,,,,06960000
RPVPMLNLLHGGFCB97CC,中正段,8.70,都市：住,,,,01140000
RPORMLNLLHGGFCB47CC,三塊厝段,87.00,都市：商,,,,07610012
RPWQMLNLLHGGFCB18CC,何安段,4.81,都市：住,,,,03710000
RPQRMLNLLHGGFCB67CC,寶文段,.00,都市：住,,,,00750017
RPTRMLNLLHGGFCB97CC,南屯段,59.00,都市：住,,,,14600016
RPTRMLNLLHGGFCB97CC,南屯段,27.00,都市：住,,,,14600021
RPOTMLNLLHGGFCB67CC,惠義段,63.00,都市：住,,,,01420000
RPRNMLOLLHGGFKB28CC,藝術段,45.97,都市：其他:第二種住宅區,,,,06560000
RPSSMLNLLHGGFCB97CC,新富段,25.42,都市：住,,,,02100000
RPSSMLNLLHGGFCB97CC,新富段,40.70,都市：住,,,,02110000
RPTSMLNLLHGGFCB08CC,龍富段,1.44,都市：住,,,,00860000
RPTNMLOLLHGGFKB48CC,新庄段,20.65,非都市：鄉村區 ; 非都市編定：乙種建築用地,,,,05470000
RPQQMLNLLHGGFCB67DC,大進段,9.25,都市：住,,,,06170000
RPSOMLOLLHGGFCB67CC,田心段,12.14,都市：住,,,,05890000
RPPOMLOLLHGGFHB87CC,興華段,81.99,都市：住,,,,06570000
RPWPMLOLLHGGFCB18CC,福安段,.00,都市：住,,,,01540000
RPRRMLNLLHGGFCB87DC,田心段,65.00,都市：住,,,,11400002
RPSRMLOLLHGGFCB97CC,保安段,.00,都市：住,,,,04280000
RPXRMLOLLHGGFCB48CC,何安段,.00,都市：住,,,,09730000
RPOQMLOLLHGGFBB37CC,太和段,24.95,都市：住,,,,02430000
RPSPMLPLLHGGFBB77CC,水源段,15.30,都市：住,,,,02290080
RPSPMLPLLHGGFBB77CC,水源段,13.60,都市：住,,,,02290091
RPSPMLPLLHGGFBB77CC,水源段,27.20,都市：住,,,,02290092
RPTRMLOLLHGGFBB97CC,文正段,13.06,都市：商,,,,01090014
RPTRMLOLLHGGFBB97CC,文正段,14.64,都市：商,,,,01090113
RPUPMLPLLHGGFBB97CC,水源段,137.00,都市：住,,,,01220014
RPUPMLPLLHGGFBB97CC,水源段,4.00,都市：住,,,,01220017
RPUPMLPLLHGGFBB97CC,水源段,5.00,都市：住,,,,01220018
RPXNMLPLLHGGFCB18CC,國安段,.00,都市：住,,,,01040002
RPXNMLPLLHGGFCB18CC,國安段,.00,都市：住,,,,01040003
RPPRMLPLLHGGFBB67CC,水源段,24.16,都市：住,,,,02300426
RPPRMLPLLHGGFBB67CC,水源段,6.66,都市：住,,,,02300380
RPPRMLPLLHGGFBB67CC,水源段,12.00,都市：住,,,,02300258
RPPRMLPLLHGGFBB67CC,水源段,6.84,都市：住,,,,02300032
RPPRMLPLLHGGFBB67CC,水源段,2.34,都市：住,,,,02300418
RPPRMLPLLHGGFBB67CC,水源段,6.00,都市：住,,,,02300415
RPXQMLOLLHGGFBB28CC,賴厝?段,20.96,都市：住,,,,00840006
RPROMLPLLHGGFCB67CC,大新段,.00,都市：住,,,,02970014
RPVQMLPLLHGGFBB18CC,水源段,24.16,都市：住,,,,02300426
RPVQMLPLLHGGFBB18CC,水源段,6.66,都市：住,,,,02300380
RPVQMLPLLHGGFBB18CC,水源段,12.00,都市：住,,,,02300258
RPVQMLPLLHGGFBB18CC,水源段,6.84,都市：住,,,,02300032
RPVQMLPLLHGGFBB18CC,水源段,2.34,都市：住,,,,02300418
RPVQMLPLLHGGFBB18CC,水源段,6.00,都市：住,,,,02300415
RPTPMLPLLHGGFCB97CC,大新段,13.65,都市：商,,,,03470000
RPUQMLPLLHGGFCB18CC,何安段,22.79,都市：住,,,,03070000
RPOPMLPLLHGGFCB47CC,中正段,.00,都市：住,,,,01550000
RPRPMLPLLHGGFCB77CC,惠民段,12.30,都市：其他:新市政中心專用區,,,,00110000
RPRNMLPLLHGGFJB28CC,溪洲段,.00,都市：住,,,,01050000
RPRNMLPLLHGGFJB28CC,溪洲段,.00,都市：住,,,,01050001
RPQQMLPLLHGGFCB77CC,何安段,.00,都市：住,,,,09730000
RPSNMLPLLHGGFIB28CC,新三和段,25.72,都市：住,,,,00660000
RPTNMLPLLHGGFIB38CC,興祥段,16.54,都市：住,,,,01890000
RPSQMLPLLHGGFCB97CC,惠泰段,79.54,都市：住,,,,02630002
RPWNMLPLLHGGFAB87CC,忠孝段四小段,.00,都市：住,,,,00240010
RPWNMLPLLHGGFAB87CC,忠孝段四小段,.00,都市：住,,,,00240011
RPUNMLPLLHGGFJB58CC,豐中段,.00,都市：住,,,,00100000
RPOQMLPLLHGGFAB37CC,後?子段,30.83,都市：住,,,,01890011
RPQQMLPLLHGGFAB57CC,公館段,7.90,都市：商,,,,01580119
RPQQMLPLLHGGFAB57CC,公館段,8.75,都市：商,,,,01580120
RPTQMLPLLHGGFAB87CC,土庫段,.00,都市：其他:道路用地,,,,00030080
RPTQMLPLLHGGFAB87CC,土庫段,.00,都市：其他:第二種住宅區及道路用地,,,,00030186
RPXNMLQLLHGGFAB08CC,麻園頭段,11.41,都市：住,,,,01710002
RPSQMLPLLHGGFAB77CC,土庫段,9.71,都市：商,,,,00670013
RPTPMLQLLHGGFAB87CC,旱溪段,1.00,都市：住,,,,01840090
RPTPMLQLLHGGFAB87CC,旱溪段,95.00,都市：住,,,,01840091
RPWQMLPLLHGGFAB18CC,樹子腳段,.00,都市：住,,,,12660002
RPUNMLQLLHGGFAB77CC,麻園頭段,34.98,都市：住,,,,01730023
RPQQMLQLLHGGFAB67CC,後?子段,3.73,都市：商,,,,01480003
RPQQMLQLLHGGFAB67CC,後?子段,2.80,都市：商,,,,01480096
RPQQMLQLLHGGFAB67CC,後?子段,.01,都市：商,,,,01490006
RPPOMLQLLHGGFAB37CC,土庫段,16.94,都市：商,,,,00670013
RPXNMLQLLHGGFJB98CC,吉祥段,83.56,非都市：鄉村區 ; 非都市編定：乙種建築用地,,,,03800000
RPXNMLQLLHGGFCB28CC,惠民段,12.67,都市：其他:新市政中心專用區,,,,00110000
RPSOMLQLLHGGFCB87CC,惠民段,.00,都市：商,,,,01430001
RPTOMLQLLHGGFCB97CC,惠民段,21.82,都市：其他:新市政中心專用區,,,,01430001
RPSNMLQLLHGGFBB67CC,東光段,10.37,都市：商,,,,01930000
RPQPMLQLLHGGFBB67CC,東新段,27.45,都市：住,,,,00910000
RPQQMLQLLHGGFCB87CC,中正段,.00,都市：住,,,,01550000
RPTPMLQLLHGGFCB08CC,中仁段,.29,都市：商,,,,03410000
RPPOMLQLLHGGFCB57CC,惠民段,13.04,都市：其他:新市政中心專用區,,,,01110000
RPPOMLQLLHGGFBB47CC,和平段,1067.07,都市：住,,,,03020000
RPPWMLQLLHGGFBB28CC,仁美段,.00,都市：住,,,,01710000
RPTUMLQLLHGGFBB48CC,平田段,38.54,都市：住,,,,08450000
RPVNMLTLLHGGFCB38CC,上石碑段,.00,都市：商,,,,17810000
RPQNMLRLLHGGFCB67CC,惠義段,8.23,都市：住,,,,00660002
RPQNMLRLLHGGFCB67CC,惠義段,125.09,都市：住,,,,00660006
RPSOMLTLLHGGFCB18CC,中正段,5.87,都市：商,,,,01550000
RPQNMLSLLHGGFCB77CC,大墩段,2.91,都市：住,,,,04630004
RPQNMLSLLHGGFCB77CC,大墩段,4.40,都市：住,,,,04640000
RPXNMLTLLHGGFCB58CC,中義段,332.00,都市：商,,,,01020000
RPTOMLTLLHGGFCB28CC,中正段,6.48,都市：商,,,,01550000
RPOOMLTLLHGGFCB77CC,大墩段,.00,都市：住,,,,00700006
RPUOMLTLLHGGFCB38CC,民安段,.00,都市：住,,,,18860000
RPWOMLTLLHGGFCB58CC,上石碑段,3.49,都市：商,,,,17900000
RPWOMLTLLHGGFCB58CC,上石碑段,3.12,都市：商,,,,18000007
RPTPMLTLLHGGFCB38CC,新富段,4.85,都市：住,,,,02310000
RPTPMLTLLHGGFCB38CC,新富段,18.41,都市：住,,,,02320000
RPTPMLTLLHGGFCB38CC,新富段,.05,都市：住,,,,02710000
RPVQMLTLLHGGFCB68CC,上石碑段,13.46,都市：住,,,,16170000
RPWOMLTLLHGGFBB48CC,東峰段,9.74,都市：住,,,,01580000
RPSRMLTLLHGGFCB48CC,民安段,.00,都市：住,,,,06800000
RPXQMLTLLHGGFCB88CC,大墩段,25.35,都市：其他:道路用地,,,,03720000
RPUNMLTLLHGGFBB18CC,太原段,20.53,都市：住,,,,01000000
RPQPMLTLLHGGFBB97CC,賴厝?段,4.28,都市：商,,,,00310003
RPQPMLTLLHGGFBB97CC,邱厝子段,3.43,都市：商,,,,00310062
RPURMLTLLHGGFCB68CC,惠國段,.00,都市：其他:第六種新市政中心專用區,,,,01020000
RPOPMLTLLHGGFBB77CC,松竹段,24.99,都市：住,,,,12290000
RPRPMLTLLHGGFBB08CC,賴厝?段,.21,都市：商,,,,00310003
RPRPMLTLLHGGFBB08CC,邱厝子段,.17,都市：商,,,,00310062
RPRNMLTLLHGGFJB68CC,三汴段,69.51,都市：住,,,,06230004
RPSOMLTLLHGGFJB88CC,萬福段,21.79,非都市：鄉村區 ; 非都市編定：乙種建築用地,,,,05200000
RPSOMLTLLHGGFJB88CC,萬福段,73.90,非都市：鄉村區 ; 非都市編定：乙種建築用地,,,,05200037
RPSOMLTLLHGGFJB88CC,萬福段,.97,非都市：鄉村區 ; 非都市編定：乙種建築用地,,,,05200061
RPUOMLTLLHGGFAB18CC,下橋子頭段,2.71,都市：商,,,,02000255
RPVOMLTLLHGGFIB09CC,東榮段,11.81,都市：住,,,,04020000
RPQOMLTLLHGGFIB58CC,大忠段,.00,都市：住,,,,01980000
RPXOMLTLLHGGFAB48CC,公館段,.90,都市：住,,,,01580071
RPRNMLTLLHGGFAB77CC,麻園頭段,.00,都市：住,,,,01320000
RPXPMLTLLHGGFAB58CC,麻園頭段,.00,都市：住,,,,02910000
RPUPMLTLLHGGFAB28CC,公館段,27.75,都市：住,,,,01580091
RPSOMLKMLHGGFIB97CC,興祥段,3.96,都市：住,,,,01600000
RPVPMLKMLHGGFAB57CC,麻園頭段,21.20,都市：住,,,,02910000
RPUOMLKMLHGGFIB18CC,興祥段,3.96,都市：住,,,,01600000
RPUNMLKMLHGGFBB37CC,賴厝?段,6.40,都市：商,,,,04100022
RPVNMLKMLHGGFCB57CC,惠泰段,59.48,都市：住,,,,00840000
RPUNMLKMLHGGFBB37CC,賴厝?段,.59,都市：商,,,,04100032
RPUNMLKMLHGGFBB37CC,賴厝?段,31.63,都市：商,,,,01460000
RPUNMLKMLHGGFBB37CC,賴厝?段,10.03,都市：商,,,,01460040
RPTPMLKMLHGGFCB57CC,中正段,.00,都市：住,,,,01550000
RPPSMLKMLHGGFBB37CC,崇德段,33.42,都市：住,,,,03680000
RPVPMLKMLHGGFCB77CC,中正段,.00,都市：住,,,,01550000
RPWNMLKMLHGGFCB67CC,廣昌段,.00,都市：住,,,,09330029
RPWNMLKMLHGGFCB67CC,廣昌段,.00,都市：住,,,,09360007
RPWNMLKMLHGGFCB67CC,廣昌段,.00,都市：其他:道路用地,,,,08730001
RPQOMLLMLHGGFCB27CC,福順段,5.32,都市：住,,,,01080000
RPQOMLKMLHGGFCB17CC,西屯段,.00,都市：住,,,,19000001
RPQOMLLMLHGGFCB27CC,福順段,9.38,都市：住,,,,00910000
RPXOMLLMLHGGFCB97CC,大新段,.00,非都市： ; 非都市編定：,,,,08650000
RPQSMLKMLHGGFCB57CC,惠禮段,.00,都市：商,,,,00420000
RPPPMLLMLHGGFCB27CC,新富段,675.31,都市：住,,,,02300000
RPOQMLLMLHGGFCB27CC,建功段,4.69,都市：其他:公園用地,,,,00160000
RPRNMLLMLHGGFBB17CC,水源段,.00,都市：住,,,,02450250
RPRNMLLMLHGGFBB17CC,水源段,.00,都市：住,,,,02450237
RPQOMLLMLHGGFBB17CC,東義段,48.33,都市：住,,,,01110000
RPSQMLLMLHGGFCB67CC,豐業段,.00,都市：住,,,,01990000
RPPQMLLMLHGGFBB27CC,東正段,14.44,都市：住,,,,01040000
RPWQMLLMLHGGFBB97CC,太祥段,.00,都市：住,,,,01200000
RPQQMLLMLHGGFBB37CC,錦村段,.00,都市：商,,,,01850000
RPRTMLLMLHGGFBB77CC,文正段,6.00,都市：住,,,,01150002
RPRTMLLMLHGGFBB77CC,文正段,.88,都市：住,,,,01150169
RPSTMLLMLHGGFBB87CC,錦村段,.00,都市：住,,,,02130085
RPPUMLLMLHGGFBB67CC,太原段,13.14,都市：住,,,,01000000
RPVUMLLMLHGGFBB28CC,賴厝?段,4.43,都市：住,,,,00540000
RPVWMLLMLHGGFBB48CC,景福段,.00,都市：住,,,,00900000
RPXWMLLMLHGGFBB68CC,邱厝子段,.00,都市：住,,,,00530002
RPUNMLLMLHGGFKB38CC,藝術段,13.78,都市：其他:第二種住宅區,,,,01530000
RPTNMLLMLHGGFKB28CC,遊園段,68.92,非都市：鄉村區 ; 非都市編定：特定目的事業用地,,,,04580000
RPSOOLLMLHGGFIB28CC,興祥段,14.92,都市：住,,,,01610000
RPVSOLLMLHGGFIB98CC,東榮段,67.73,都市：住,,,,01220000
RPROMLLMLHGGFDB47CC,豐原段,.00,都市：商,,,,06750014
RPTNMLLMLHGGFJB18CC,新興段,14.30,都市：住,,,,01640000
RPPOMLLMLHGGFDB27CC,豐原段,.00,都市：商,,,,06750014
RPWOMLLMLHGGFDB97CC,車路墘段車路墘小段,148.00,都市：住,,,,00080053
RPSPMLLMLHGGFAB37CC,正義段八小段,.00,都市：商,,,,00110004
RPWOMLLJMHGGFAB47CC,下橋子頭段,1.72,都市：商,,,,02170014
RPRPMLLMLHGGFAB27CC,麻園頭段,2.91,都市：商,,,,00460000
RPXPMLLMLHGGFAB87CC,樹子腳段,.00,都市：住,,,,04090000
RPQQMLLMLHGGFAB27CC,萬安段九小段,.00,都市：住,,,,00010000
RPPQMLLJMHGGFAB96CC,土庫段,.00,都市：住,,,,00240000
RPWRMLLJMHGGFAB77CC,下橋子頭段,54.28,都市：住,,,,02420021
RPPPMLLJMHGGFAB86CC,下橋子頭段,1.83,都市：商,,,,02170014
RPRPMLLJMHGGFDB37CC,安康段,113.29,都市：住,,,,08340000
RPWPMLLJMHGGFDB87CC,南村段,.00,都市：商,,,,03470000
RPWNMLLJMHGGFKB38CC,新東段,10.45,非都市：鄉村區 ; 非都市編定：乙種建築用地,,,,04890000
RPPOMLLJMHGGFJB67CC,宜欣段,76.00,都市：住,,,,20630032
RPSOMLLJMHGGFBB17CC,乾溝子段,.00,都市：商,,,,01820005
RPTPMLLJMHGGFIB08CC,興祥段,18.82,都市：住,,,,01610000
RPRPMLLJMHGGFBB17CC,太原段,.00,都市：住,,,,01400004
RPUPMLLJMHGGFBB47CC,錦村段,30.03,都市：住,,,,03590047
RPUPMLLJMHGGFBB47CC,錦村段,.05,都市：住,,,,03590048
RPUPMLLJMHGGFBB47CC,錦村段,1.92,都市：住,,,,03590089
RPSPMLLJMHGGFBB27CC,錦村段,30.03,都市：住,,,,03590047
RPSPMLLJMHGGFBB27CC,錦村段,.05,都市：住,,,,03590048
RPSPMLLJMHGGFBB27CC,錦村段,1.92,都市：住,,,,03590089
RPWPMLLJMHGGFBB67CC,東正段,.00,都市：住,,,,00620000
RPQPMLLJMHGGFBB07CC,水源段,.00,都市：住,,,,00010000
RPXPMLLJMHGGFBB77CC,東峰段,.00,都市：住,,,,01580000
RPPQMLLJMHGGFBB07CC,碧柳段,.00,都市：住,,,,01700000
RPWQMLLJMHGGFBB77CC,錦村段,6.37,都市：住,,,,01840082
RPSSMLLJMHGGFBB57CC,文正段,7.50,都市：住,,,,01150002
RPORMLLJMHGGFBB07CC,錦村段,6.37,都市：住,,,,01840082
RPSSMLLJMHGGFBB57CC,文正段,1.10,都市：住,,,,01150169
RPUSMLLJMHGGFBB77CC,賴厝?段,.00,都市：商,,,,00390000
RPXNMLLJMHGGFCB67CC,中和段,6.98,都市：住,,,,04050004
RPUOMLLJMHGGFCB47CC,大新段,11.34,都市：其他:道路用地,,,,03350000
RPQNMLLJMHGGFCB96CC,惠國段,.00,都市：其他:第三種新市政中心專用區,,,,00390000
RPPPMLLJMHGGFCB07CC,大新段,.00,都市：住,,,,04130000
RPRQMLLJMHGGFCB37CC,中和段,6.98,都市：住,,,,04050004
RPVOMLLJMHGGFCB57CC,國安段,.00,都市：住,,,,05930491
RPUQMLLJMHGGFCB67CC,下石碑段,4.93,都市：住,,,,16910000
RPQRMLLJMHGGFCB37CC,西屯段,.00,都市：住,,,,19000001
RPWQMLLJMHGGFCB87CC,西屯段,.00,都市：住,,,,30610000
RPWQMLLJMHGGFCB87CC,西屯段,.00,都市：住,,,,30610002
RPWQMLLJMHGGFCB87CC,西屯段,.00,都市：住,,,,30610003
RPWQMLLJMHGGFCB87CC,西屯段,.00,都市：住,,,,30610015
RPSNMLMJMHGGFCB27CC,保安段,9.20,都市：住,,,,10500000
RPPNMLPJMHGGFBB17CC,東新段,208.00,都市：商,,,,00630000
RPTNMLMJMHGGFCB37CC,黎明段,78.00,都市：住,,,,07840000
RPQNMLMJMHGGFCB07CC,西屯段,83.00,都市：住,,,,15480042
RPUNMLMJMHGGFCB47CC,黎明段,15.00,都市：住,,,,00310000
RPPNMLNJMHGGFIB67CC,大孝段,60.18,非都市： ; 非都市編定：,,,,03050001
RPRVMLMJMHGGFBB87CC,平田段,7.37,都市：住,,,,08810000
RPWQMLQJMHGGFBB28CC,東新段,.00,都市：住,,,,01380000
RPWRMLQJMHGGFBB38CC,水源段,30.96,都市：住,,,,01220020
RPXOMLQJMHGGFIB88CC,峰西段,1.66,都市：住,,,,07720001
RPXPMLQJMHGGFCB38CC,上石碑段,.00,都市：住,,,,21220000
RPUQMLQJMHGGFCB18CC,福和段,264.39,都市：住,,,,03000000
RPVPMLQJMHGGFCB18CC,西屯段,74.00,都市：住,,,,12920000
RPXNMLQJMHGGFDB28CC,翁明段,11.16,都市：商,,,,04220000
RPUNMLQJMHGGFJB58CC,新福段,.00,都市：住,,,,02450000
RPUNMLQJMHGGFJB58CC,新福段,.00,都市：住,,,,02440000
RPPOMLQJMHGGFAB27CC,下橋子頭段,1.72,都市：商,,,,02170014
RPXNMLQJMHGGFAB97CC,樹子腳段,11.99,都市：住,,,,15700000
RPRPMLQJMHGGFAB57CC,練武段,2.67,都市：商,,,,10740000
RPVOMLQJMHGGFAB87CC,麻園頭段,13.12,都市：住,,,,01320000
RPQQMLQJMHGGFAB57CC,麻園頭段,3.78,都市：商,,,,00460000
RPWPMLQJMHGGFAB08CC,花園段一小段,.00,都市：商,,,,00040000
RPWPMLQJMHGGFAB08CC,花園段一小段,.00,都市：商,,,,00050003
RPTPMLRJMHGGFAB87CC,建國段二小段,1.80,都市：商,,,,00060000
RPTPMLRJMHGGFAB87CC,建國段二小段,.09,都市：商,,,,00060004
RPTNMLRJMHGGFAB67CC,下橋子頭段,1.83,都市：商,,,,02170014
RPOPMLRJMHGGFAB47DC,復興段四小段,17.00,都市：商,,,,00080019
RPOPMLRJMHGGFAB47DC,復興段四小段,93.00,都市：商,,,,00060081
RPXNMLRJMHGGFCB28CC,上石碑段,.00,都市：住,,,,14990000
RPXOMLRJMHGGFCB38CC,惠來厝段,.00,都市：住,,,,01040000
RPXOMLRJMHGGFCB38CC,惠來厝段,.00,都市：住,,,,01040010
RPXOMLRJMHGGFCB38CC,惠來厝段,.00,都市：住,,,,01040011
RPXOMLRJMHGGFCB38CC,惠來厝段,.00,都市：住,,,,01050000
RPXOMLRJMHGGFDB48CC,陽明段,67.00,都市：住,,,,12400000
RPTNMLRJMHGGFCB87CC,田心段,30.06,都市：住,,,,10320000
RPUPMLRJMHGGFAB97CC,建國段二小段,.09,都市：商,,,,00060004
RPUPMLRJMHGGFAB97CC,建國段二小段,1.80,都市：商,,,,00060000
RPOPMLRJMHGGFCB57CC,,13.02,都市：其他:,,,,01390000
RPXPMLRJMHGGFCB48CC,上石碑段,29.70,都市：住,,,,21280000
RPQPMLRJMHGGFCB77CC,中義段,.00,都市：住,,,,07690000
RPPOMLRJMHGGFBB47CC,東山段,15.55,都市：住,,,,01940000
RPUQMLRJMHGGFBB18CC,陳平段,23.55,都市：住,,,,06520000
RPTOMLRJMHGGFBB87CC,東光段,14.28,都市：住,,,,01340000
RPUSMLSJMHGGFCB58CC,福順段,9.55,都市：住,,,,00910000
RPXPMLSJMHGGFBB48CC,錦村段,.00,都市：住,,,,02130085
RPUSMLSJMHGGFCB58CC,福順段,5.41,都市：住,,,,01080000
RPQSMLSJMHGGFBB08CC,中清段,15.21,都市：商,,,,00060000
RPSTMLSJMHGGFCB48CC,惠信段,13.51,都市：住,,,,00950000
RPOOMLSJMHGGFDB67CC,豐原段,8.47,非都市： ; 非都市編定：,,,,00460012
RPWPMLSJMHGGFJB56CC,新德隆段,74.02,非都市：鄉村區 ; 非都市編定：乙種建築用地,,,,08020007
RPPRMLSJMHGGFIB58CC,榮和段,101.07,都市：住,,,,02500000
RPTNMLSJMHGGFKB78CC,東海段,.00,都市：其他:第一之一種住宅區,,,,10990000
RPOPMLSJMHGGFAB47CC,中民段九小段,4.41,都市：住,,,,00080000
RPPQMLTJMHGGFAB77CC,公館段,.37,都市：商,,,,00590004
RPRSMLSJMHGGFIB88CC,新榮泉段,30.61,都市：住,,,,01650000
RPTRMLTJMHGGFAB28CC,平和段,3.34,都市：其他:空白,,,,00500000
RPUSMLSJMHGGFAB38CC,土庫段,.00,都市：住,,,,00400231
RPUSMLSJMHGGFAB38CC,土庫段,.00,都市：住,,,,00400224
RPRQMLTJMHGGFIB78CC,南湖段,26.65,都市：商,,,,13460000
RPUPMLTJMHGGFAB18CC,公館段,4.03,都市：住,,,,01580071
RPPOMLTJMHGGFJB48CC,大源段,49.24,非都市：鄉村區 ; 非都市編定：乙種建築用地,,,,00270000
RPQOMLTJMHGGFJB58CC,新興段,.00,都市：住,,,,01430001
RPPPMLTJMHGGFHB38CC,家福段,10.37,都市：商,,,,00370000
RPWNMLTJMHGGFDB48CC,永豐段,.00,都市：工,,,,05770001
RPQOMLTJMHGGFCB87CC,何安段,4.90,都市：住,,,,09730000
RPPOMLTJMHGGFIB48DC,仁城段,3932.88,非都市：特定農業區 ; 非都市編定：農牧用地,,,,01430001
RPPOMLTJMHGGFIB48DC,仁城段,402.81,非都市：特定農業區 ; 非都市編定：農牧用地,,,,01720000
RPSQMLTJMHGGFCB28CC,豐功段,32.90,都市：住,,,,00370000
RPTNMLTJMHGGFCB08CC,惠泰段,74.39,都市：其他:空白,,,,03150002
RPXQMLTJMHGGFCB78CC,中仁段,.00,都市：住,,,,01080000
RPUQMLTJMHGGFCB48CC,上石碑段,15.45,都市：其他:空白,,,,26600000
RPUQMLTJMHGGFBB38CC,賴厝?段,.00,都市：住,,,,00840009
RPUQMLTJMHGGFBB38CC,賴厝?段,.00,都市：住,,,,00840131
RPUPMLMKMHGGFBB67CC,松茂段,78.00,都市：住,,,,01860005
RPORMLTJMHGGFBB87CC,中清段,23.58,都市：其他:空白,,,,01530000
RPRSMLMKMHGGFBB67CC,東峰段,9.49,都市：住,,,,01580000
RPXRMLMKMHGGFBB18CC,東山段,27.30,都市：住,,,,04370013
RPVSMLMKMHGGFBB08CC,賴厝?段,4.76,都市：商,,,,00310003
RPVSMLMKMHGGFBB08CC,邱厝子段,3.82,都市：商,,,,00310062
RPQSMLMKMHGGFBB57CC,東峰段,5.92,都市：住,,,,01580000
RPTRMLMKMHGGFBB77CC,東義段,1042.00,都市：住,,,,01090000
RPWSMLMKMHGGFBB18CC,賴厝?段,3.16,都市：商,,,,00310003
RPWSMLMKMHGGFBB18CC,邱厝子段,2.53,都市：商,,,,00310062
RPSSMLMKMHGGFBB77CC,東峰段,5.84,都市：住,,,,01580000
RPXSMLMKMHGGFBB28CC,東峰段,11.13,都市：住,,,,01580000
RPUQMLMKMHGGFCB87CC,南屯段,9.00,都市：住,,,,14590002
RPUQMLMKMHGGFCB87CC,南屯段,72.00,都市：住,,,,14600029
RPVQMLMKMHGGFCB97CC,南屯段,9.00,都市：住,,,,14590002
RPVQMLMKMHGGFCB97CC,南屯段,72.00,都市：住,,,,14600029
RPPSMLMKMHGGFCB57CC,中正段,7.04,都市：商,,,,01550000
RPQRMLMKMHGGFCB57CC,大墩段,8.34,都市：住,,,,04700000
RPPPMLMKMHGGFIB97DC,大忠段,214.95,都市：住,,,,03330000
RPPRMLMKMHGGFCB47CC,上石碑段,13.39,都市：住,,,,18140000
RPUPMLMKMHGGFAB67DC,麻園頭段,12.07,都市：住,,,,02910000
RPRSMLMKMHGGFCB77CC,惠民段,.00,非都市： ; 非都市編定：,,,,01390000
RPSNMLMKMHGGFJB08CC,聖和段,86.02,非都市：山坡地保育區 ; 非都市編定：丙種建築用地,,,,04560000
RPSRMLMKMHGGFCB87DC,惠禮段,8.31,都市：住,,,,00930000
RPTOMLMKMHGGFJB28CC,長億段,24.03,都市：住,,,,09650000
RPTPMLMKMHGGFIB28CC,東湖段,.00,都市：住,,,,04380001
RPXNMLMKMHGGFJB58CC,樹孝段,.00,都市：住,,,,00820000
RPOQMLMKMHGGFIB87CC,峰南段,5.43,都市：商,,,,09170000
RPQPMLMKMHGGFAB17CC,柳川段一小段,.00,都市：商,,,,00040000
RPQPMLMKMHGGFAB17CC,柳川段一小段,.00,都市：商,,,,00040006
RPPPMLMKMHGGFAB07CC,頂橋子頭段,34.25,都市：住,,,,00850202
RPPNMLMKMHGGFAB86CC,頂橋子頭段,.00,都市：住,,,,03680008
RPPNMLMKMHGGFAB86CC,信義段九小段,.00,都市：住,,,,00090002
RPQQMLMKMHGGFAB27CC,大益段,82.00,都市：住,,,,01110011
RPTPMLMKMHGGFAB47CC,公館段,.00,都市：商,,,,00630001
RPRQMLMKMHGGFAB37CC,下橋子頭段,1.00,都市：住,,,,01780026
RPROMLNKMHGGFIB08CC,長春段,.00,都市：住,,,,08870005
RPROMLNKMHGGFIB08CC,長春段,.00,都市：住,,,,08870006
RPPNMLNKMHGGFAB96CC,下橋子頭段,343.00,都市：住,,,,01740011
RPVNMLNKMHGGFAB57CC,練武段,.00,都市：商,,,,10740000
RPTQMLMKMHGGFAB57CC,下橋子頭段,1.00,都市：住,,,,01780026
RPWOMLNKMHGGFAB77CC,下橋子頭段,1.83,都市：商,,,,02170014
RPPQMLNKMHGGFAB27CC,麻園頭段,3.78,都市：商,,,,00460000
RPUOMLNKMHGGFAB57CC,下橋子頭段,1.83,都市：商,,,,02170014
RPVOMLNKMHGGFAB67CC,下橋子頭段,1.87,都市：商,,,,02170014
RPQPMLNKMHGGFIB08CC,新三和段,21.86,都市：住,,,,00700000
RPUPMLNKMHGGFIB48CC,東湖段,.00,都市：商,,,,08870000
RPVRMLNKMHGGFIB78CC,立仁段,26.03,非都市：鄉村區 ; 非都市編定：乙種建築用地,,,,00400000
RPXOMLNKMHGGFCB08CC,福安段,39.88,都市：住,,,,07890000
RPOOMLNKMHGGFJB87CC,太平段,31.11,都市：住,,,,05810000
RPSSMLNKMHGGFIB58CC,新榮和段,3.97,都市：住,,,,00290000
RPSQMLNKMHGGFBB67CC,東峰段,9.24,都市：住,,,,01580000
RPPPMLNKMHGGFCB37CC,信安段,93.37,都市：住,,,,06770000
RPSRMLNKMHGGFCB87CC,上石碑段,5.53,都市：商,,,,26810000
RPORMLNKMHGGFCB47CC,國安段,27.34,都市：住,,,,06010000
RPWPMLNKMHGGFBB97CC,文正段,2.99,都市：商,,,,01070025
RPWPMLNKMHGGFBB97CC,文正段,3.15,都市：商,,,,01070004
RPTQMLNKMHGGFBB77CC,東峰段,9.74,都市：住,,,,01580000
RPXQMLNKMHGGFBB18CC,乾溝子段,25.60,都市：住,,,,01350000
RPTQMLOKMHGGFBB87CC,錦村段,34.64,都市：住,,,,01130051
RPRRMLOKMHGGFBB77CC,松竹段,21.84,都市：住,,,,00240000
RPUQMLNKMHGGFBB87CC,東峰段,11.13,都市：住,,,,01580000
RPTNMLOKMHGGFCB67CC,中和段,152.92,都市：住,,,,03940000
RPVOMLOKMHGGFCB97CC,惠國段,23.29,都市：住,,,,01300000
RPQQMLOKMHGGFKB48CC,龍目井段水師寮小段,4.95,都市：其他:第四種住宅區,,,,00980000
RPQQMLOKMHGGFKB48CC,龍目井段水師寮小段,.25,都市：其他:道路用地,,,,00980008
RPQQMLOKMHGGFKB48CC,龍目井段水師寮小段,15.92,都市：其他:第四種住宅區,,,,00990010
RPQQMLOKMHGGFKB48CC,龍目井段水師寮小段,.31,都市：其他:道路用地,,,,00990011
RPQQMLOKMHGGFKB48CC,龍目井段水師寮小段,.43,都市：其他:第四種住宅區,,,,01730006
RPQOMLOKMHGGFDB57CC,育仁段,23.23,都市：住,,,,04650000
RPXNMLOKMHGGFDB18CC,豐原段,58.00,都市：其他:市場用地,,,,08940168
RPVPMLOKMHGGFCB08CC,國安段,16.06,都市：住,,,,05930066
RPSNMLOKMHGGFIB18CC,新榮和段,2.90,都市：住,,,,00290000
RPOOMLOKMHGGFIB87CC,大孝段,628.36,都市：住,,,,00130000
RPWNMLOKMHGGFIB58CC,崇光段,10.50,都市：商,,,,12590000
RPSPMLOKMHGGFIB38CC,新榮泉段,23.58,都市：住,,,,00160000
RPVNMLOKMHGGFAB67CC,土庫段,28.00,都市：住,,,,00330306
RPVNMLOKMHGGFAB67CC,土庫段,26.00,都市：住,,,,00330324
RPVNMLOKMHGGFAB67CC,土庫段,34.00,都市：住,,,,00350068
RPSPMLOKMHGGFAB57CC,大益段,43.27,都市：住,,,,00090016
RPWOMLOKMHGGFBB08DC,東峰段,26.97,都市：住,,,,01240000
RPVOMLOKMHGGFBB97DC,松觀段,18.44,都市：住,,,,08140000
RPPPMLPKMHGGFAB37CC,頂橋子頭段,.00,都市：商,,,,00450012
RPXNMLPKMHGGFAB08DC,下橋子頭段,14.76,都市：住,,,,03360000
RPVPMLPKMHGGFCB18CC,中仁段,3.86,都市：商,,,,03410000
RPPQMLPKMHGGFCB67CC,西屯段,.00,都市：住,,,,13530001
RPUQMLPKMHGGFCB18CC,惠民段,14.34,都市：其他:新市政中心專用區,,,,01390000
RPXQMLPKMHGGFCB48CC,惠民段,12.85,都市：其他:新市政中心專用區,,,,00110000
RPPRMLPKMHGGFCB77CC,福安段,28.18,都市：住,,,,01460002
RPTRMLPKMHGGFCB18CC,永春段,241.23,都市：住,,,,00330000
RPRRMLPKMHGGFCB97CC,惠泰段,417.50,都市：住,,,,00260000
RPOSMLPKMHGGFCB77CC,福安段,18.25,都市：住,,,,02250000
RPWSMLPKMHGGFCB58CC,大墩段,.00,都市：住,,,,01940000
RPSOMLPKMHGGFBB67CC,賴厝?段,4.43,都市：住,,,,00540000
RPQPMLPKMHGGFBB57CC,大仁段,.00,都市：其他:風景區,,,,00530014
RPVPMLPKMHGGFBB08CC,軍和段,12.44,都市：住,,,,01660000
RPQQMLQKMHGGFBB77CC,軍福段,119.84,都市：住,,,,00910000
RPVPMLPKMHGGFBB08CC,軍和段,6.29,都市：住,,,,01650000
RPQQMLQKMHGGFBB77CC,軍福段,119.99,都市：住,,,,00910001
RPQQMLQKMHGGFBB77CC,軍福段,27.21,都市：住,,,,00920000
RPQQMLQKMHGGFBB77CC,軍福段,27.03,都市：住,,,,00920001
RPOQMLPKMHGGFBB47CC,錦村段,25.20,都市：住,,,,03280014
RPWNMLQKMHGGFBB08CC,邱厝子段,66.00,都市：住,,,,00090045
RPWNMLQKMHGGFBB08CC,邱厝子段,99.00,都市：住,,,,00090051
RPRQMLQKMHGGFBB87CC,太祥段,15.94,都市：住,,,,01200000
RPTPMLQKMHGGFCB08CC,順和段,18.66,都市：住,,,,03080000
RPSPMLQKMHGGFCB97CC,上石碑段,.00,都市：住,,,,16570000
RPOPMLQKMHGGFCB57CC,大墩段,.00,都市：住,,,,00270000
RPVNMLQKMHGGFIB68CC,東湖段,14.37,都市：住,,,,08870000
RPTOMLQKMHGGFAB77CC,中華段七小段,5.41,都市：商,,,,00010051
RPTOMLQKMHGGFAB77CC,中華段七小段,5.41,都市：商,,,,00010052
RPTOMLQKMHGGFAB77CC,中華段七小段,6.40,都市：商,,,,00010053
RPTOMLQKMHGGFDB08CC,一心段,111.63,都市：住,,,,03510000
RPTOMLQKMHGGFDB08CC,一心段,116.78,都市：住,,,,03520000
RPTOMLQKMHGGFDB08CC,一心段,123.21,都市：住,,,,03530000
RPPOMLQKMHGGFHB08CC,民生段,.06,都市：住,,,,04730000
RPPOMLQKMHGGFHB08CC,民生段,.49,都市：住,,,,04740000
RPPOMLQKMHGGFHB08CC,民生段,.84,都市：住,,,,04820000
RPPOMLQKMHGGFHB08CC,民生段,28.11,都市：住,,,,04830000
RPXNMLQKMHGGFHB78CC,三和段,1.60,都市：住,,,,10000008
RPXNMLQKMHGGFHB78CC,三和段,1.90,都市：住,,,,10010002
RPXNMLQKMHGGFHB78CC,三和段,1.30,都市：住,,,,10030005
RPXNMLQKMHGGFHB78CC,三和段,5.70,都市：住,,,,11080011
RPXNMLQKMHGGFHB78CC,三和段,9.60,都市：住,,,,11150007
RPUOMLQKMHGGFIB68CC,湖日段,39.93,都市：住,,,,07840000
RPPNMLRKMHGGFJB28CC,廣隆段,63.92,非都市：鄉村區 ; 非都市編定：乙種建築用地,,,,02620000
RPWOMLQKMHGGFDB38CC,萬年段,.00,都市：住,,,,00750000
RPOOMLQKMHGGFHB97CC,六雅段,125.88,都市：住,,,,15930000
RPPOMLTKMHGGFBB77CC,水源段,.00,都市：住,,,,02300435
RPPOMLTKMHGGFBB77CC,水源段,.00,都市：住,,,,02300440
RPQNMLRKMHGGFCB67CC,寶文段,.00,非都市： ; 非都市編定：,,,,00720019
RPPQMLTKMHGGFBB97CC,賴厝?段,.00,都市：住,,,,00750058
RPTNMLRKMHGGFJB68CC,宜欣段,10.60,都市：住,,,,19150000
RPTNMLRKMHGGFJB68CC,宜欣段,.08,都市：住,,,,19150001
RPPNMLRKMHGGFBB47CC,邱厝子段,21.30,都市：住,,,,01410022
RPWNMLTKMHGGFCB48CC,惠民段,22.29,都市：其他:新市政中心專用區,,,,01390000
RPXNMLTKMHGGFCB58CC,惠民段,11.69,都市：其他:新市政中心專用區,,,,01110000
RPXPMLTKMHGGFBB68CC,同榮段,.00,都市：住,,,,27750002
RPXPMLTKMHGGFBB68CC,同榮段,.00,都市：其他:道路用地,,,,27750003
RPSOMLTKMHGGFCB18CC,豐富段,.00,都市：商,,,,04290000
RPOOMLTKMHGGFCB77CC,中和段,60.06,都市：住,,,,01560000
RPWOMLTKMHGGFCB58CC,惠安段,.00,都市：商,,,,01680000
RPOQMLTKMHGGFCB97CC,何安段,20.63,都市：住,,,,03710000
RPRQMLTKMHGGFCB28CC,惠來厝段,11.15,都市：住,,,,12510005
RPPQMLTKMHGGFCB08CC,中正段,40.24,都市：商,,,,01340000
RPTNMLTKMHGGFJB88CC,長安段,9.76,非都市：鄉村區 ; 非都市編定：乙種建築用地,,,,04660000
RPTQMLTKMHGGFCB48CC,國安段,3.84,都市：住,,,,02920002
RPWOMLTKMHGGFAB38CC,麻園頭段,24.88,都市：住,,,,00020161
RPUOMLTKMHGGFDB48CC,龍宮段,38.43,都市：住,,,,05580000
RPOOMLTKMHGGFIB38CC,文化段,29.33,非都市：鄉村區 ; 非都市編定：乙種建築用地,,,,09550000
RPROMLTKMHGGFAB87CC,練武段,.81,都市：住,,,,08280000
RPSPMLTKMHGGFAB08CC,頂橋子頭段,.00,都市：住,,,,00890001
RPUOMLTKMHGGFAB18CC,柳川段一小段,7.72,都市：商,,,,00040000
RPUOMLTKMHGGFAB18CC,柳川段一小段,1.09,都市：商,,,,00040006
RPSOMLKLMHGGFAB17CC,下橋子頭段,5.52,都市：商,,,,02170014
RPQQMLKLMHGGFAB17CC,柳川段一小段,.00,都市：商,,,,00040000
RPWQMLKLMHGGFAB77CC,中墩段三小段,.00,都市：商,,,,00110000
RPWQMLKLMHGGFAB77CC,中墩段三小段,.00,都市：商,,,,00110001
RPORMLKLMHGGFAB07CC,土庫段,.00,都市：商,,,,00120010
RPUQMLKLMHGGFAB57CC,平和段,.00,都市：商,,,,00500000
RPSQMLKLMHGGFAB37CC,番婆段,27.86,都市：住,,,,00930015
RPTRMLKLMHGGFAB57CC,公館段,.00,都市：住,,,,00550038
RPSNMLKLMHGGFJB97CC,新興段,6.48,都市：住,,,,00230000
RPRRMLKLMHGGFAB37CC,公館段,.00,都市：住,,,,00550012
RPUNMLKLMHGGFHB97CC,民生段,.05,都市：住,,,,04730000
RPUNMLKLMHGGFHB97CC,民生段,.40,都市：住,,,,04740000
RPUNMLKLMHGGFHB97CC,民生段,.69,都市：住,,,,04820000
RPUNMLKLMHGGFHB97CC,民生段,23.39,都市：住,,,,04830000
RPSOMLKLMHGGFHB87CC,自立段,248.00,都市：農,,,,12760000
RPSUNLKLMHGGFBB97CC,長安段,.00,都市：住,,,,00550000
RPRRMLKLMHGGFCB57CC,,22.72,都市：住,,,,09530000
RPUNMLKLMHGGFJB18CC,新興段,4.83,都市：住,,,,01330000
RPOVNLKLMHGGFBB67CC,錦村段,.00,都市：住,,,,00940011
RPPOOLKLMHGGFBB17CC,東正段,2.76,都市：住,,,,01340001
RPPOOLKLMHGGFBB17CC,東正段,9.72,都市：住,,,,01340002
RPRQMLKLMHGGFAB37DC,旱溪段,30.59,都市：住,,,,02720158
RPVOOLKLMHGGFBB77CC,松昌段,6.80,都市：住,,,,02770000
RPQQMLKLMHGGFCB37CC,惠來厝段,14.19,都市：住,,,,03150000
RPWQNLKLMHGGFBB97CC,建功段,97.00,都市：住,,,,04410000
RPQQMLLLMHGGFBB37CC,同榮段,35.92,都市：住,,,,15090000
RPVVNLKLMHGGFBB38CC,松觀段,15.10,都市：住,,,,06060000
RPRQMLLLMHGGFBB47CC,景美段,.00,都市：住,,,,02340000
RPRQMLLLMHGGFBB47CC,景美段,.00,都市：住,,,,02340001
RPRQMLLLMHGGFBB47CC,建功段,.00,都市：住,,,,05870000
RPRRMLLLMHGGFBB57CC,太原段,17.16,都市：住,,,,01400004
RPOOMLLLMHGGFCB07CC,豐功段,.00,都市：住,,,,02920000
RPOOMLLLMHGGFCB07CC,豐功段,.00,都市：住,,,,02920001
RPWRMLLLMHGGFBB08CC,東峰段,5.51,都市：商,,,,00160000
RPSRMLLLMHGGFBB67CC,景美段,.00,都市：住,,,,02620000
RPORMLLLMHGGFCB37CC,民安段,.00,都市：商,,,,10100064
RPORMLLLMHGGFCB37CC,民安段,.00,都市：商,,,,10100078
RPVSMLLLMHGGFCB18CC,中正段,13.20,都市：住,,,,00960000
RPURMLLLMHGGFBB87CC,北屯段,.00,都市：商,,,,03090001
RPVPMLLLMHGGFCB87CC,大墩段,.00,都市：住,,,,04110000
RPXNMLLLMHGGFHB38CC,上楓段,19.95,都市：住,,,,11580000
RPOQMLLLMHGGFHB77CC,四維段,14.76,都市：住,,,,02600000
RPVOMLLLMHGGFDB87CC,大仁段,14.17,都市：住,,,,05120000
RPVOMLLLMHGGFDB87CC,大仁段,12.53,都市：住,,,,05130000
RPRRMLLLMHGGFCB67CC,上石碑段,9.38,都市：住,,,,26800000
RPRRMLLLMHGGFCB67CC,上石碑段,2.26,都市：住,,,,26780000
RPRRMLLLMHGGFCB67CC,上石碑段,.13,都市：住,,,,26710016
RPRRMLLLMHGGFCB67CC,上石碑段,.01,都市：住,,,,26730001
RPRRMLLLMHGGFCB67CC,上石碑段,.42,都市：住,,,,26790002
RPRRMLLLMHGGFCB67CC,上石碑段,.16,都市：住,,,,26930001
RPSOMLLLMHGGFIB08CC,東湖段,.00,都市：住,,,,04420000
RPROMLLLMHGGFAB17CC,公館段,.00,都市：住,,,,00550012
RPXNMLLLMHGGFDB97CC,南村段,.00,都市：商,,,,02870000
RPXOMLLLMHGGFDB08CC,社南段,1000.00,都市：工,,,,04940000
RPXOMLLLMHGGFDB08CC,社南段,1007.00,都市：工,,,,04950000
RPWPMLLLMHGGFAB77CC,後?子段,96.00,都市：商,,,,02520555
RPWNMLLLMHGGFAB57CC,練武段,57.38,都市：住,,,,08160000
RPPPMLLLMHGGFAB07CC,後?子段,37.58,都市：住,,,,02250005
RPWPMLMLMHGGFAB87CC,下橋子頭段,2.34,都市：商,,,,02000255
RPXOMLLLMHGGFAB77CC,下橋子頭段,1.96,都市：商,,,,02170014
RPVQMLMLMHGGFAB87CC,麻園頭段,.00,都市：住,,,,08530000
RPTQMLMLMHGGFAB67CC,大益段,.00,都市：住,,,,09840000
RPWPMLMLMHGGFIB68CC,自立段,.00,都市：住,,,,03770000
RPVOMLMLMHGGFIB48CC,夏田東段,746.93,非都市：一般農業區 ; 非都市編定：丁種建築用地,,,,02840000
RPVOMLMLMHGGFIB48CC,夏田東段,866.84,非都市：一般農業區 ; 非都市編定：丁種建築用地,,,,02850000
RPPOMLMLMHGGFIB87CC,東城段,108.58,都市：住,,,,12810000
RPOQMLMLMHGGFIB97CC,九如段,.00,都市：住,,,,05260000
RPQOMLMLMHGGFIB97CC,大忠段,.00,都市：住,,,,02880006
RPSQMLMLMHGGFCB77CC,中正段,8.48,都市：住,,,,01550000
RPXPMLMLMHGGFIB78CC,東城段,.00,都市：住,,,,09510000
RPQRMLMLMHGGFCB67CC,上石碑段,.00,都市：商,,,,17300000
RPUPMLMLMHGGFCB87CC,大墩段,.00,都市：住,,,,02970000
RPTQMLMLMHGGFBB77CC,東山段,1.77,都市：商,,,,02620000
RPVNMLNLMHGGFBB77CC,文正段,.00,都市：商,,,,00250004
RPWRMLNLMHGGFBB28CC,乾溝子段,.00,都市：住,,,,00310000
RPXRMLNLMHGGFCB48CC,惠智段,5.20,都市：住,,,,01340000
RPRNMLNLMHGGFAB27CC,樹子腳段,.00,都市：住,,,,16490000
RPUQMLMLMHGGFBB87CC,邱厝子段,12.25,都市：住,,,,00460049
RPUQMLMLMHGGFBB87CC,邱厝子段,2.37,都市：住,,,,00650003
RPUQMLMLMHGGFBB87CC,邱厝子段,13.98,都市：住,,,,00650008
RPQOMLNLMHGGFBB37CC,文正段,.00,都市：商,,,,00170033
RPTNMLNLMHGGFKB48CC,萬陵段,.00,非都市：鄉村區 ; 非都市編定：乙種建築用地,,,,02890000
RPOQMLNLMHGGFAB27CC,萬安段八小段,2.20,都市：住,,,,00040009
RPOQMLNLMHGGFAB27CC,正義段八小段,3.90,都市：住,,,,00370005
RPPOMLNLMHGGFCB37CC,保安段,.00,都市：住,,,,10670000
RPUNMLOLMHGGFAB67CC,下橋子頭段,4.67,都市：商,,,,02170014
RPPNMLQLMHGGFAB37CC,下橋子頭段,1.83,都市：商,,,,02170014
RPSNMLNLMHGGFIB18CC,中興段,.00,都市：住,,,,00640000
RPPNMLQLMHGGFJB28CC,永成段,71.50,都市：住,,,,11510010
RPVOMLQLMHGGFJB98CC,光明段,105.95,非都市：鄉村區 ; 非都市編定：乙種建築用地,,,,01400000
RPPPMLQLMHGGFCB77CC,何厝段,172.00,都市：住,,,,00770007
RPOPMLQLMHGGFAB47CC,平民段八小段,.00,都市：住,,,,00060000
RPQPMLQLMHGGFAB67CC,麻園頭段,3.78,都市：商,,,,00460000
RPOPMLQLMHGGFAB47CC,平民段九小段,.00,都市：住,,,,00010001
RPVPMLQLMHGGFIB98CC,崇光段,18.92,都市：住,,,,05030000
RPRSMLQLMHGGFCB28CC,惠信段,.00,都市：住,,,,01060000
RPOOMLQLMHGGFBB47CC,東新段,.00,都市：住,,,,01530000
RPRPMLQLMHGGFCB97CC,福安段,.00,都市：住,,,,08010006
RPQOMLQLMHGGFBB67CC,文正段,.00,都市：商,,,,00250004
RPUQMLRLMHGGFBB38CC,昌平段,20.24,都市：住,,,,04470000
RPXOMLQLMHGGFBB38CC,乾溝子段,9.49,都市：住,,,,01700049
RPXOMLQLMHGGFBB38CC,乾溝子段,.27,都市：住,,,,01730011
RPQSMLRLMHGGFBB18CC,乾溝子段,29.59,都市：商,,,,01670010
RPRSMLRLMHGGFBB28CC,東山段,.00,都市：住,,,,01140000
RPUPMLRLMHGGFCB38CC,大新段,22.75,都市：商,,,,08530000
RPOOMLRLMHGGFDB77CC,柑宅段,112.39,非都市： ; 非都市編定：,,,,08070000
RPRNMLRLMHGGFKB68CC,忠和段,2427.00,都市：其他:關連工業區三,,,,07070000
RPRNMLRLMHGGFKB68CC,忠和段,125.00,都市：其他:關連工業區二+道路用地,,,,07070001
RPOQMLRLMHGGFAB67CC,中民段九小段,4.19,都市：住,,,,00080000
RPXPMLRLMHGGFAB48CC,中民段九小段,4.19,都市：住,,,,00080000
RPXQMLRLMHGGFHB66CC,,287.52,都市：農,,,,04530000
RPXQMLRLMHGGFHB66CC,,249.65,都市：農,,,,04530001
RPRRMLRLMHGGFAB08CC,下橋子頭段,20.03,都市：住,,,,02710037
RPPRMLRLMHGGFAB87CC,仁愛段四小段,4.05,都市：商,,,,00010099
RPSRMLRLMHGGFBB38DC,東山段,5.30,都市：住,,,,02560000
RPTOMLSLMHGGFAB08CC,民生段五小段,7.00,都市：住,,,,00050004
RPTOMLSLMHGGFAB08CC,民生段五小段,70.00,都市：住,,,,00030004
RPPPMLSLMHGGFAB77CC,土庫段,.00,都市：住,,,,00270000
RPQNMLSLMHGGFAB67CC,番婆段,.00,都市：住,,,,00620000
RPQNMLSLMHGGFAB67CC,番婆段,.00,都市：其他:道路用地,,,,00610006
RPRQMLSLMHGGFAB08CC,麻園頭段,.00,都市：住,,,,02760000
RPTQMLSLMHGGFAB28CC,麻園頭段,.00,都市：住,,,,02760000
RPPRMLSLMHGGFAB97CC,中墩段二小段,6.60,都市：商,,,,00140000
RPPSMLSLMHGGFIB88CC,美群段,24.97,非都市：鄉村區 ; 非都市編定：乙種建築用地,,,,00080000
RPTNMLSLMHGGFCB18CC,楓樹段,82.02,都市：住,,,,09140000
RPXOMLSLMHGGFCB68CC,惠義段,.00,都市：住,,,,01680000
RPVOMLSLMHGGFBB38CC,仁美段,.00,都市：住,,,,04080002
RPVOMLSLMHGGFBB38CC,仁美段,.00,都市：住,,,,04080026
RPVQMLSLMHGGFCB68CC,惠民段,13.93,都市：其他:第六種新市政中心,,,,01390000
RPPPMLTLMHGGFCB08CC,惠國段,34.60,都市：其他:第四種新市政中心專用區,,,,01840000
RPTQMLTLMHGGFBB48CC,東義段,16.73,都市：住,,,,00010000
RPUNMLTLMHGGFCB38CC,豐富段,24.03,都市：商,,,,04370000
RPXNMLTLMHGGFCB68CC,惠順段,345.35,都市：住,,,,00680000
RPSRMLTLMHGGFCB58CC,信安段,4.67,都市：住,,,,05930002
RPROMLTLMHGGFIB78CC,大仁段,245.75,非都市： ; 非都市編定：,,,,02680000
RPROMLTLMHGGFIB78CC,大仁段,222.37,非都市： ; 非都市編定：,,,,02680001
RPWPMLTLMHGGFCB78CC,惠民段,13.70,都市：其他:第六種新市政中心專用區,,,,01390000
RPSOMLTLMHGGFIB88CC,大仁段,245.75,非都市： ; 非都市編定：,,,,02680000
RPSOMLTLMHGGFIB88CC,大仁段,222.37,非都市： ; 非都市編定：,,,,02680001
RPUNMLKMMHGGFAB37CC,公館段,1.48,都市：住,,,,00620001
RPUNMLKMMHGGFAB37CC,公館段,1.28,都市：住,,,,00630001
RPTNMLTLMHGGFAB08CC,大益段,104.00,都市：住,,,,09830000
RPRNMLKMMHGGFGB67CC,石圍墻段石圍墻小段,78.00,都市：住,,,,02590070
RPSQMLKMMHGGFCB67CC,福安段,20.58,都市：住,,,,08020000
RPWNMLKMMHGGFCB77CC,寶文段,.00,都市：住,,,,00750017
RPXNMLKMMHGGFAB67CC,樹子腳段,17.81,都市：住,,,,05300000
RPOPMLKMMHGGFBB07CC,邱厝子段,21.30,都市：住,,,,01410022
RPUNMLKMMHGGFDB67CC,豐原段,72.00,都市：住,,,,08790023
RPPNMLLJNHGGFCB96CC,三塊厝段,73.00,都市：住,,,,04600003
RPPNMLLJNHGGFCB96CC,三塊厝段,117.00,都市：住,,,,04600004
RPXNMLKMMHGGFCB87CC,寶文段,.00,都市：住,,,,00750017
RPUNMLMJNHGGFCB57CC,惠民段,.00,非都市： ; 非都市編定：,,,,00110000
RPXOMLKMMHGGFBB87CC,邱厝子段,21.30,都市：住,,,,01410022
RPQOMLNJNHGGFAB17CC,下橋子頭段,1.85,都市：商,,,,02170014
RPRPMLNJNHGGFAB37CC,下橋子頭段,3.42,都市：商,,,,02170014
RPWPMLNJNHGGFAB87CC,公館段,4.40,都市：住,,,,00620001
RPQOMLNJNHGGFIB97CC,新榮和段,3.97,都市：住,,,,00290000
RPPNMLMJNHGGFAB86CC,後?子段,20.00,都市：住,,,,01810007
RPPNMLMJNHGGFAB86CC,後?子段,12.00,都市：住,,,,01810038
RPPNMLMJNHGGFAB86CC,後?子段,46.00,都市：住,,,,01810067
RPPNMLMJNHGGFAB86CC,後?子段,9.00,都市：住,,,,01960008
RPPNMLMJNHGGFAB86CC,後?子段,46.00,都市：住,,,,01960009
RPPNMLMJNHGGFAB86CC,後?子段,16.00,都市：住,,,,01960010
RPTQMLNJNHGGFBB77CC,中清段,193.92,都市：住,,,,03750000
RPWOMLNJNHGGFAB77CC,頂橋子頭段,15.69,非都市： ; 非都市編定：,,,,03680000
RPXNMLNJNHGGFBB87CC,中興段,.00,都市：住,,,,05300000
RPUQMLNJNHGGFBB87CC,中清段,193.92,都市：住,,,,03750000
RPOQMLNJNHGGFIB97CC,大峰段,17.05,都市：住,,,,07390000
RPOPMLOJNHGGFBB27CC,東峰段,11.13,都市：住,,,,01580000
RPPQMLOJNHGGFBB47CC,東新段,4.01,都市：商,,,,01530000
RPWPMLOJNHGGFBB08CC,美和段,1622.62,都市：住,,,,02030000
RPRQMLOJNHGGFBB67CC,賴厝?段,3.16,都市：商,,,,00310003
RPRQMLOJNHGGFBB67CC,邱厝子段,2.54,都市：商,,,,00310062
RPUQMLOJNHGGFBB97CC,賴厝?段,4.82,都市：商,,,,00310003
RPUQMLOJNHGGFBB97CC,邱厝子段,3.87,都市：商,,,,00310062
RPSQMLOJNHGGFBB77CC,賴厝?段,3.42,都市：商,,,,00310003
RPSQMLOJNHGGFBB77CC,邱厝子段,2.75,都市：商,,,,00310062
RPVQMLOJNHGGFBB08CC,賴厝?段,3.16,都市：商,,,,00310003
RPVQMLOJNHGGFBB08CC,邱厝子段,2.54,都市：商,,,,00310062
RPXQMLOJNHGGFBB28CC,賴厝?段,2.95,都市：商,,,,00310003
RPXQMLOJNHGGFBB28CC,邱厝子段,2.37,都市：商,,,,00310062
RPTQMLOJNHGGFBB87CC,賴厝?段,2.98,都市：商,,,,00310003
RPTQMLOJNHGGFBB87CC,邱厝子段,2.39,都市：商,,,,00310062
RPRRMLOJNHGGFBB77CC,東峰段,9.21,都市：住,,,,01580000
RPORMLOJNHGGFBB47CC,賴厝?段,.29,都市：商,,,,00310003
RPORMLOJNHGGFBB47CC,邱厝子段,.23,都市：商,,,,00310062
RPTRMLOJNHGGFBB97CC,東峰段,10.08,都市：住,,,,01580000
RPSRMLOJNHGGFBB87CC,中清段,8.03,都市：住,,,,00060000
RPURMLOJNHGGFBB08CC,東峰段,6.93,都市：住,,,,01580000
RPWRMLOJNHGGFBB28CC,東峰段,9.24,都市：住,,,,01580000
RPPSMLOJNHGGFBB67CC,平田段,.00,都市：住,,,,05830030
RPPSMLOJNHGGFBB67CC,平田段,.00,都市：住,,,,05830039
RPPSMLOJNHGGFBB67CC,平田段,.00,都市：住,,,,05830041
RPVRMLOJNHGGFBB18CC,東峰段,10.08,都市：住,,,,01580000
RPXRMLOJNHGGFBB38CC,東正段,20.67,都市：住,,,,00510000
RPRSMLOJNHGGFBB87CC,平田段,.00,都市：住,,,,05830030
RPRSMLOJNHGGFBB87CC,平田段,.00,都市：住,,,,05830039
RPRSMLOJNHGGFBB87CC,平田段,.00,都市：住,,,,05830041
RPTTMLOJNHGGFBB18CC,太原段,24.62,都市：住,,,,01400004
RPOPMLOJNHGGFCB37CC,國安段,26.33,都市：住,,,,00840000
RPWQMLOJNHGGFCB28CC,中正段,8.13,都市：商,,,,01550000
RPXQMLOJNHGGFCB38CC,中正段,8.57,都市：商,,,,01550000
RPRNMLOJNHGGFIB08CC,東湖段,25.21,都市：住,,,,04210000
RPXTMLOJNHGGFCB68CC,大進段,.00,都市：住,,,,07670000
RPTSMLOJNHGGFIB78CC,北新段,12.44,都市：住,,,,10290000
RPQNMLOJNHGGFKB18CC,台紙段,80.27,都市：其他:住宅區,,,,00110012
RPTNMLOJNHGGFAB47CC,大益段,.00,都市：住,,,,06270030
RPWPMLOJNHGGFAB97CC,樹子腳段,10.55,都市：其他:停車場用地,,,,13000015
RPSOMLOJNHGGFIB28CC,九德段,125.52,都市：住,,,,01020000
RPWOMLOJNHGGFAB87CC,平等段四小段,17.40,都市：商,,,,00160000
RPTNMLPJNHGGFAB57CC,後?子段,19.30,都市：住,,,,01500070
RPTNMLPJNHGGFAB57CC,後?子段,.50,都市：住,,,,01500076
RPTNMLPJNHGGFAB57CC,後?子段,.10,都市：其他:道路用地,,,,01500209
RPTNMLPJNHGGFAB57CC,後?子段,4.30,都市：其他:道路用地,,,,01500210
RPVOMLOJNHGGFIB68DC,新榮泉段,20.04,都市：住,,,,01420000
RPXNMLPJNHGGFAB97CC,後?子段,79.00,都市：商,,,,00930111
RPXNMLPJNHGGFAB97CC,後?子段,18.00,都市：商,,,,00930082
RPQQMLOJNHGGFAB47CC,麻園頭段,27.28,都市：住,,,,08070000
RPPQMLPJNHGGFAB47CC,樹子腳段,13.91,都市：住,,,,04090000
RPOOMLPJNHGGFAB17CC,大益段,.00,都市：住,,,,09600000
RPVPMLPJNHGGFAB97CC,麻園頭段,.00,都市：商,,,,08160000
RPXOMLPJNHGGFAB08CC,下橋子頭段,1.83,都市：商,,,,02170014
RPTNMLPJNHGGFIB38CC,九如段,.00,都市：住,,,,05260000
RPQQMLPJNHGGFAB57CC,後?子段,3.50,都市：住,,,,02100010
RPSOMLPJNHGGFIB38CC,東湖段,15.79,都市：住,,,,04420000
RPUOMLPJNHGGFIB58CC,新埔段,13.23,非都市：鄉村區 ; 非都市編定：乙種建築用地,,,,11450000
RPUNMLPJNHGGFIB48CC,光正段,.00,非都市：工業區 ; 非都市編定：丁種建築用地,,,,02740012
RPOTMLPJNHGGFCB87CC,西屯段,6.81,都市：住,,,,06270000
RPRQMLPJNHGGFCB87CC,信安段,.00,都市：住,,,,06180000
RPVNMLPJNHGGFIB58CC,新榮泉段,38.74,都市：住,,,,01380000
RPRNMLPJNHGGFCB57CC,民安段,.00,都市：住,,,,05730000
RPRNMLPJNHGGFCB57CC,民安段,.00,都市：住,,,,05710000
RPPRMLPJNHGGFCB77CC,西屯段,.00,都市：住,,,,22790000
RPPUMLPJNHGGFCB08CC,大新段,84.00,都市：住,,,,08220007
RPRPMLPJNHGGFBB67CC,北屯段,60.72,都市：住,,,,05280000
RPOQMLPJNHGGFBB47CC,北屯段,.00,都市：商,,,,04020004
RPWNMLPJNHGGFBB97CC,賴厝?段,.00,都市：住,,,,03140047
RPXNMLQJNHGGFBB18CC,東義段,.00,都市：住,,,,01660013
RPXPMLPJNHGGFBB28CC,軍福段,20.06,都市：商,,,,01170000
RPPOMLQJNHGGFBB47CC,東峰段,9.18,都市：住,,,,00040000
RPOOMLQJNHGGFBB37CC,東正段,9.46,都市：商,,,,01040000
RPTPMLQJNHGGFBB97CC,松昌段,70.00,都市：住,,,,03780006
RPTPMLQJNHGGFBB97CC,松昌段,10.00,都市：住,,,,03780030
RPSPMLQJNHGGFBB87CC,邱厝子段,6.87,都市：住,,,,01450020
RPUPMLQJNHGGFBB08CC,邱厝子段,6.87,都市：住,,,,01450020
RPPQMLQJNHGGFBB67CC,水源段,39.04,都市：住,,,,02300633
RPQRMLQJNHGGFBB87CC,碧柳段,20.14,都市：住,,,,01700000
RPXQMLQJNHGGFBB48CC,太和段,14.35,都市：住,,,,02030000
RPXRMLQJNHGGFBB58CC,錦村段,9.43,都市：商,,,,01850000
RPURMLQJNHGGFBB28CC,錦村段,9.52,都市：商,,,,01850000
RPTSMLQJNHGGFBB28CC,賴厝?段,.00,都市：住,,,,03540018
RPUQMLQJNHGGFBB18CC,陳平段,14.14,都市：住,,,,32450000
RPVSMLQJNHGGFBB48CC,東信段,20.00,都市：商,,,,02580000
RPQQMLQJNHGGFCB87CC,福星段,6.32,都市：住,,,,03130000
RPWSMLQJNHGGFBB58CC,仁美段,.00,都市：住,,,,04080002
RPWSMLQJNHGGFBB58CC,仁美段,.00,都市：住,,,,04080026
RPXOMLQJNHGGFCB38CC,惠國段,31.34,都市：其他:第三種新市政中心專用區,,,,00390000
RPRQMLQJNHGGFCB97CC,何安段,5.80,都市：商,,,,08940000
RPRQMLQJNHGGFCB97CC,何安段,7.12,都市：商,,,,08920000
RPSPMLQJNHGGFCB97CC,惠民段,16.58,都市：其他:新市政中心專用區,,,,01390000
RPUQMLQJNHGGFCB28CC,國安段,8.48,都市：住,,,,01020000
RPVSMLQJNHGGFCB58CC,上石碑段,9.89,都市：商,,,,20410000
RPWSMLQJNHGGFCB68CC,福順段,9.59,都市：住,,,,00910000
RPWSMLQJNHGGFCB68CC,福順段,5.44,都市：住,,,,01080000
RPOPMLQJNHGGFIB18CC,萬豐段,177.05,非都市：山坡地保育區 ; 非都市編定：丙種建築用地,,,,11340000
RPXPMLQJNHGGFHB98CC,家興段,10.62,都市：住,,,,05620000
RPUOMLQJNHGGFIB68CC,金城段,19.64,都市：住,,,,07310000
RPUOMLQJNHGGFIB68CC,金城段,48.71,都市：住,,,,07320000
RPPSMLQJNHGGFHB48CC,中興段,.00,都市：住,,,,00300000
RPVNMLQJNHGGFDB18CC,陽明段,.00,都市：住,,,,09740000
RPOOMLQJNHGGFAB27CC,麻園頭段,13.07,都市：住,,,,01320000
RPVQMLQJNHGGFAB18CC,麻園頭段,.00,都市：商,,,,00390000
RPQOMLQJNHGGFAB47CC,後?子段,28.64,都市：住,,,,02250005
RPSNMLQJNHGGFAB57CC,練武段,.81,都市：住,,,,08280000
RPTOMLQJNHGGFAB77CC,後?子段,2.87,都市：住,,,,02480015
RPWOMLQJNHGGFHB88DC,大明段,86.39,都市：住,,,,05160000
RPXPMLQJNHGGFCB58DC,中和段,102.00,都市：住,,,,02890000
RPQPMLRJNHGGFAB67CC,下橋子頭段,.00,都市：住,,,,03230002
RPTOMLRJNHGGFBB08DC,東山段,114.00,都市：商,,,,00550000
RPQQMLRJNHGGFAB77CC,樹子腳段,11.83,都市：住,,,,17460000
RPUOMLRJNHGGFAB97CC,麻園頭段,.00,都市：商,,,,00160029
RPORMLRJNHGGFAB67CC,下橋子頭段,154.00,都市：其他:空白,,,,00150095
RPQNMLRJNHGGFJB38CC,長億段,17.07,都市：住,,,,09650000
RPQRMLRJNHGGFAB87CC,下橋子頭段,154.00,都市：其他:空白,,,,00150095
RPTNMLRJNHGGFCB97CC,南屯段,45.00,都市：住,,,,15380008
RPTNMLRJNHGGFCB97CC,南屯段,24.00,都市：住,,,,15390001
RPPPMLRJNHGGFCB77CC,豐業段,.00,都市：住,,,,01990000
RPOSMLRJNHGGFCB97CC,田心段,17.03,都市：住,,,,09820000
RPSTMLRJNHGGFCB48CC,永春段,2102.50,都市：住,,,,02830000
RPVNMLRJNHGGFBB08CC,錦村段,6.37,都市：住,,,,01840082
RPTTMLRJNHGGFCB58CC,田心段,15.49,都市：住,,,,09820000
RPWNMLRJNHGGFBB18CC,邱厝子段,6.87,都市：住,,,,01450020
RPSOMLRJNHGGFBB87CC,錦村段,.00,都市：住,,,,03160035
RPQPMLRJNHGGFBB77CC,崇德段,33.65,都市：住,,,,00770000
RPSPMLRJNHGGFBB97CC,太和段,.00,都市：住,,,,00300000
RPPQMLRJNHGGFBB77CC,乾溝子段,.00,都市：其他:道路用地,,,,00840305
RPPQMLRJNHGGFBB77CC,乾溝子段,.00,都市：住,,,,00840148
RPPQMLRJNHGGFBB77CC,乾溝子段,.00,都市：其他:道路用地,,,,00840215
RPQQMLRJNHGGFBB87CC,水湳段,.00,都市：住,,,,13320000
RPOSMLRJNHGGFBB87CC,東峰段,.00,都市：住,,,,01320000
RPQRMLRJNHGGFBB97CC,邱厝子段,12.05,都市：住,,,,00200000
RPQRMLSJNHGGFCB18CC,大新段,85.00,都市：住,,,,08740001
RPQSMLRJNHGGFBB08CC,文北段,11.18,都市：住,,,,01780000
RPRRMLSJNHGGFCB28CC,民安段,22.24,都市：其他:第六種新市政中心專用區,,,,01380000
RPQNMLTJNHGGFCB87CC,田心段,29.09,都市：住,,,,08180004
RPSNMLKKNHGGFIB87CC,新光段,.00,都市：住,,,,06120000
RPSNMLTJNHGGFCB08CC,豐功段,9.75,都市：商,,,,01470000
RPPNMLTJNHGGFJB58DC,宜欣段,5.13,都市：住,,,,21440000
RPXNMLKKNHGGFAB57CC,後?子段,4.67,都市：住,,,,02100010
RPPPMLKKNHGGFIB77CC,仁美段,.00,非都市：鄉村區 ; 非都市編定：乙種建築用地,,,,06510000
RPPPMLKKNHGGFIB77CC,仁美段,.00,非都市：鄉村區 ; 非都市編定：乙種建築用地,,,,06520000
RPPOMLKKNHGGFAB86CC,麻園頭段,141.49,都市：住,,,,00110014
RPOPMLKKNHGGFAB86CC,下橋子頭段,2.21,都市：商,,,,00070012
RPUPMLKKNHGGFAB47CC,大益段,.00,都市：住,,,,00060016
RPTNMLKKNHGGFCB37CC,大新段,.00,都市：住,,,,08310007
RPTNMLKKNHGGFCB37CC,大新段,.00,都市：住,,,,08310020
RPRQMLKKNHGGFAB27CC,樹子腳段,.00,都市：住,,,,16490000
RPQOMLKKNHGGFCB17CC,惠民段,14.43,都市：其他:新市政中心專用區,,,,01380000
RPPOMLKKNHGGFCB07CC,惠民段,15.39,都市：其他:新市政中心專用區,,,,01390000
RPVOMLKKNHGGFCB67CC,惠民段,17.44,都市：其他:新市政中心專用區,,,,01430001
RPSOMLKKNHGGFCB37CC,大新段,12.44,都市：商,,,,03470000
RPUQMLKKNHGGFCB77CC,寶山段,.00,都市：住,,,,12770000
RPXQMLKKNHGGFCB08CC,大明段,93.00,都市：住,,,,02040000
RPPRMLKKNHGGFCB37CC,上石碑段,.00,都市：住,,,,27410000
RPPSMLKKNHGGFCB47CC,西屯段,.00,都市：住,,,,20320000
RPRRMLKKNHGGFCB57CC,大進段,.00,都市：住,,,,00090000
RPUSMLKKNHGGFCB97CC,春安段,.00,都市：住,,,,03450000
RPOTMLKKNHGGFCB47CC,中正段,5.99,都市：商,,,,01550000
RPPTMLKKNHGGFCB57CC,中正段,7.20,都市：商,,,,01550000
RPQTMLKKNHGGFCB67CC,中正段,5.27,都市：商,,,,01550000
RPSTMLKKNHGGFCB87CC,中正段,6.72,都市：商,,,,01550000
RPRTMLKKNHGGFCB77CC,中正段,5.99,都市：商,,,,01550000
RPSQMLKKNHGGFBB47CC,文正段,.00,都市：商,,,,00170033
RPURMLRJNHGGFCB48CC,何厝段,32.80,都市：商,,,,00990010
RPWQMLKKNHGGFBB87CC,文正段,.00,都市：商,,,,00250004
RPXQMLKKNHGGFBB97CC,太原段,.00,都市：住,,,,01400004
RPVRMLKKNHGGFBB87CC,賴厝?段,2.98,都市：商,,,,00310003
RPVRMLKKNHGGFBB87CC,邱厝子段,2.39,都市：商,,,,00310062
RPWRMLKKNHGGFBB97CC,賴厝?段,3.23,都市：商,,,,00310003
RPWRMLKKNHGGFBB97CC,邱厝子段,2.60,都市：商,,,,00310062
RPVNMLLKNHGGFBB57CC,賴厝?段,3.96,都市：住,,,,00710000
RPSUMLLKNHGGFBB97CC,文正段,10.25,都市：商,,,,00270317
RPSUMLLKNHGGFBB97CC,文正段,1.00,都市：商,,,,00250084
RPSUMLLKNHGGFBB97CC,文正段,.33,都市：商,,,,00270390
RPWWMLLKNHGGFBB58CC,中興段,13.64,都市：住,,,,02960000
RPSNNLLKNHGGFBB37CC,水源段,4.77,都市：住,,,,03320031
RPPNNLLKNHGGFBB07CC,文正段,7.00,都市：商,,,,00270392
RPPNNLLKNHGGFBB07CC,文正段,7.30,都市：商,,,,00270391
RPPNNLLKNHGGFBB07CC,文正段,34.50,都市：商,,,,00270396
RPQOMLLKNHGGFCB27CC,惠義段,92.65,都市：住,,,,00790000
RPROMLLKNHGGFCB37CC,黎明段,.00,非都市： ; 非都市編定：,,,,10090000
RPUOMLLKNHGGFCB67CC,惠義段,.00,都市：住,,,,00790000
RPRUMLLKNHGGFCB97CC,三塊厝段,2.31,都市：其他:市場用地,,,,09940000
RPVOMLLKNHGGFCB77CC,惠義段,.00,都市：住,,,,00790000
RPRQMLLKNHGGFAB37CC,公館段,35.97,都市：住,,,,01850001
RPOPMLLKNHGGFIB77CC,東湖段,85.16,都市：住,,,,00140000
RPOTMLLKNHGGFCB57CC,順和段,2343.34,都市：工,,,,03750000
RPVPMLLKNHGGFAB67CC,樹子腳段,20.14,都市：住,,,,10170000
RPPRMLLKNHGGFIB08CC,立仁段,27.34,非都市：鄉村區 ; 非都市編定：乙種建築用地,,,,00400000
RPPPMLMKNHGGFIB08DC,向學段,779.37,都市：工,,,,02850003
RPPPMLMKNHGGFIB08DC,向學段,35.09,都市：工,,,,02860000
RPRNMLLKNHGGFJB97CC,新興段,416.09,都市：住,,,,00150000
RPUTMLLKNHGGFCB28DC,永富段,854.00,都市：住,,,,00490000
RPUTMLLKNHGGFCB28DC,永富段,1085.22,都市：住,,,,00500000
RPUTMLLKNHGGFCB28DC,永富段,604.37,都市：住,,,,00510000
RPUTMLLKNHGGFCB28DC,永富段,470.27,都市：住,,,,00520000
RPQNMLMKNHGGFKB08CC,榮華段,292.06,都市：其他:住宅區,,,,03620000
RPWNMLMKNHGGFAB67CC,下橋子頭段,37.00,都市：住,,,,02610016
RPQOMLMKNHGGFIB97CC,新榮和段,2.90,都市：住,,,,00290000
RPSNMLKKNHGGFCB27CC,大新段,.00,都市：住,,,,08310007
RPSNMLKKNHGGFCB27CC,大新段,.00,都市：住,,,,08310020
RPRPMLMKNHGGFIB18CC,興祥段,.00,都市：住,,,,00610000
RPSOMLMKNHGGFCB57CC,楓樹段,1098.00,都市：其他:公共設施保留地,,,,03310003
RPXOMLMKNHGGFAB87CC,後?子段,2.79,都市：住,,,,01280009
RPPQMLMKNHGGFCB47CC,何安段,.00,非都市： ; 非都市編定：,,,,03710000
RPUQMLMKNHGGFCB97CC,信安段,9.34,都市：住,,,,05930002
RPVRMLMKNHGGFBB08CC,錦村段,1.61,都市：商,,,,03310017
RPVRMLMKNHGGFBB08CC,錦村段,.92,都市：商,,,,03310018
RPVRMLMKNHGGFBB08CC,錦村段,.05,都市：商,,,,03310027
RPVTMLMKNHGGFBB28CC,水源段,39.04,都市：住,,,,02300633
RPSQNLMKNHGGFBB77CC,錦村段,9.43,都市：商,,,,01850000
RPUWNLNKNHGGFBB68CC,昌平段,192.08,都市：商,,,,01880000
RPUPNLMKNHGGFBB87CC,東山段,184.00,都市：住,,,,00510000
RPPOMLNKNHGGFCB37CC,上石碑段,.00,都市：商,,,,17890000
RPROMLNKNHGGFCB57CC,中義段,4.40,都市：住,,,,02500000
RPQOMLNKNHGGFCB47CC,國安段,29.75,都市：住,,,,05990000
RPSOMLNKNHGGFCB67CC,龍富段,.00,都市：住,,,,01290001
RPSOMLNKNHGGFCB67CC,龍富段,.00,都市：住,,,,01290002
RPSOMLNKNHGGFCB67CC,龍富段,.00,都市：住,,,,01290003
RPTOMLNKNHGGFCB77CC,信安段,.00,都市：住,,,,05720000
RPRNMLNKNHGGFAB27CC,仁愛段二小段,3.00,都市：商,,,,00040000
RPRNMLNKNHGGFAB27CC,仁愛段二小段,1.00,都市：商,,,,00050003
RPRNMLNKNHGGFAB27CC,仁愛段二小段,3.00,都市：商,,,,00050004
RPOPMLNKNHGGFAB17CC,公館段,.93,都市：商,,,,00630000
RPPOMLNKNHGGFKB18CC,東海段,58.72,都市：其他:第二種住宅區,,,,00750000
RPSRMLOKNHGGFAB87CC,麻園頭段,.00,都市：住,,,,03230000
RPSNMLOKNHGGFDB77CC,豐原段,10.95,都市：商,,,,02580003
RPSNMLOKNHGGFCB67CC,中正段,5.27,都市：商,,,,01550000
RPXOMLOKNHGGFCB28CC,上石碑段,5.33,都市：其他:市場用地,,,,26810000
RPXNMLOKNHGGFCB18CC,國安段,.00,都市：住,,,,06010000
RPVNMLOKNHGGFCB97CC,西屯段,112.00,都市：住,,,,20150029
RPVNMLOKNHGGFCB97CC,西屯段,111.00,都市：住,,,,20150030
RPTSMLOKNHGGFCB28CC,大新段,6.66,都市：住,,,,05250000
RPTSMLOKNHGGFCB28CC,大新段,6.35,都市：住,,,,05260000
RPVSMLOKNHGGFCB48CC,大墩段,20.25,都市：住,,,,04050000
RPUUMLOKNHGGFCB58CC,惠禮段,35.98,都市：住,,,,01450000
RPQNMLOKNHGGFBB37CC,東義段,.00,都市：住,,,,02800000
RPSNMLOKNHGGFBB57CC,東山段,.00,都市：住,,,,03250000
RPVNMLOKNHGGFBB87CC,松茂段,.00,都市：住,,,,05180000
RPWNMLOKNHGGFBB97CC,中清段,8.05,都市：住,,,,00060000
RPPOMLOKNHGGFBB37CC,碧柳段,19.63,都市：住,,,,01700000
RPVOMLOKNHGGFBB97CC,北屯段,24.90,都市：住,,,,01690057
RPXPMLOKNHGGFBB28CC,中興段,7.56,都市：住,,,,05190000
RPSPMLOKNHGGFBB77CC,松觀段,7.59,都市：住,,,,06270001
RPOOMLRKNHGGFBB57CC,平田段,8.46,都市：住,,,,01000000
RPOOMLRKNHGGFBB57CC,平田段,1.56,都市：住,,,,01000001
RPOSMLRKNHGGFBB97CC,錦村段,.00,都市：住,,,,01010009
RPWQMLRKNHGGFBB58CC,東信段,15.04,都市：住,,,,00970005
RPSOMLRKNHGGFCB08CC,福安段,108.00,都市：住,,,,03830005
RPTNMLRKNHGGFCB08CC,大新段,.00,都市：住,,,,08530000
RPXPMLRKNHGGFAB48CC,下橋子頭段,16.54,都市：住,,,,02800000
RPPQMLSKNHGGFCB08CC,寶山段,7.79,都市：住,,,,08840000
RPRNMLRKNHGGFHB38CC,石牌段,.00,都市：住,,,,07990081
RPORMLRKNHGGFAB77CC,重慶段二小段,.00,都市：住,,,,00060002
RPQOMLSKNHGGFBB87CC,平田段,.00,都市：住,,,,09790022
RPRNMLSKNHGGFHB48CC,甘潭段,7.15,都市：住,,,,04120000
RPQTMLSKNHGGFCB48CC,國安段,3.84,都市：住,,,,02920002
RPSOMLSKNHGGFBB08CC,錦村段,.00,都市：住,,,,03650000
RPQQMLSKNHGGFBB08CC,東正段,15.88,都市：住,,,,00920000
RPRQMLTKNHGGFBB28CC,賴厝?段,3.18,都市：住,,,,04420000
RPURMLSKNHGGFBB58CC,建業段,11.71,都市：住,,,,01960000
RPWRMLSKNHGGFBB78CC,同榮段,9.80,都市：住,,,,15090000
RPUQMLTKNHGGFBB58CC,陳平段,11.03,都市：住,,,,00170000
RPUTMLTKNHGGFBB88CC,文正段,.76,都市：商,,,,01010001
RPWNMLTKNHGGFCB58CC,寶文段,.00,都市：住,,,,00750017
RPQPMLTKNHGGFJB88CC,永隆段,127.25,非都市：鄉村區 ; 非都市編定：乙種建築用地,,,,00330000
RPQPMLTKNHGGFJB88CC,永隆段,129.00,非都市：鄉村區 ; 非都市編定：乙種建築用地,,,,00340000
RPQPMLTKNHGGFJB88CC,永隆段,69.00,非都市：鄉村區 ; 非都市編定：乙種建築用地,,,,00350000
RPQPMLTKNHGGFJB88CC,永隆段,99.28,非都市：鄉村區 ; 非都市編定：乙種建築用地,,,,00360000
RPQPMLTKNHGGFJB88CC,永隆段,256.29,非都市：鄉村區 ; 非都市編定：乙種建築用地,,,,00370000
RPQPMLTKNHGGFJB88CC,永隆段,135.00,非都市：鄉村區 ; 非都市編定：乙種建築用地,,,,00380000
RPQPMLTKNHGGFJB88CC,永隆段,170.00,非都市：鄉村區 ; 非都市編定：乙種建築用地,,,,00390000
RPQPMLTKNHGGFJB88CC,永隆段,178.49,非都市：鄉村區 ; 非都市編定：乙種建築用地,,,,00420000
RPQPMLTKNHGGFJB88CC,永隆段,178.00,非都市：鄉村區 ; 非都市編定：乙種建築用地,,,,00430000
RPUNMLTKNHGGFAB18CC,頂橋子頭段,.00,都市：商,,,,01020033
RPUNMLTKNHGGFAB18CC,頂橋子頭段,.00,都市：住,,,,01020043
RPSOMLKLNHGGFAB27CC,公館段,1.51,都市：住,,,,00620001
RPSOMLKLNHGGFAB27CC,公館段,1.31,都市：住,,,,00630001
RPVOMLKLNHGGFAB57CC,萬安段九小段,.00,都市：住,,,,00070002
RPVOMLKLNHGGFAB57CC,正義段九小段,.00,都市：住,,,,00110036
RPVOMLKLNHGGFAB57CC,頂橋子頭段,.00,都市：住,,,,03750002
RPXOMLKLNHGGFAB77CC,中華段七小段,.00,都市：商,,,,00010008
RPWPMLKLNHGGFAB77CC,城隍段六小段,22.24,都市：住,,,,00010012
RPTRMLNKNHGGFCB18DC,信安段,142.51,都市：住,,,,11430000
RPTRMLNKNHGGFCB18DC,信安段,142.83,都市：住,,,,11440000
RPVNMLKLNHGGFIB28CC,新榮泉段,36.72,都市：住,,,,01420000
RPWNMLKLNHGGFIB38CC,東城段,91.88,都市：住,,,,12210000
RPQOMLKLNHGGFIB97DC,高鐵段,56.54,都市：住,,,,04640000
RPPNMLKLNHGGFCB07CC,中和段,6.98,都市：住,,,,04050004
RPSOMLKLNHGGFCB47CC,安和段,.00,都市：工,,,,00070000
RPPQMLKLNHGGFCB37CC,西屯段,.00,都市：住,,,,22830002
RPRQMLKLNHGGFCB57CC,信安段,.00,都市：住,,,,08570002
RPTQMLKLNHGGFCB77CC,下石碑段,.00,都市：住,,,,18500000
RPQWMLKLNHGGFCB08CC,惠信段,.00,都市：住,,,,00890000
RPUSMLKLNHGGFCB08CC,豐功段,.00,都市：商,,,,01470000
RPOTMLKLNHGGFCB57CC,國安段,10.80,都市：住,,,,00940000
RPWSMLKLNHGGFCB28CC,廣明段,.00,都市：住,,,,06100000
RPQOMLKLNHGGFBB17CC,陳平段,11.65,都市：住,,,,32450000
RPTWMLKLNHGGFCB38CC,惠信段,.00,都市：住,,,,00890000
RPUOMLKLNHGGFBB57CC,中清段,.00,都市：住,,,,03100000
RPQQMLKLNHGGFBB37CC,乾溝子段,10.02,都市：住,,,,01700049
RPQQMLKLNHGGFBB37CC,乾溝子段,.29,都市：住,,,,01730011
RPXQMLKLNHGGFBB08CC,水湳段,64.00,都市：住,,,,09860000
RPSRMLKLNHGGFBB67CC,文正段,.00,都市：商,,,,00250004
RPTQMLKLNHGGFBB67CC,文正段,.00,都市：商,,,,00250004
RPURMLKLNHGGFBB87CC,文正段,.00,都市：住,,,,00840017
RPTNMLLLNHGGFBB47CC,太和段,.00,都市：住,,,,00490000
RPSOMLLLNHGGFBB47CC,太原段,.00,都市：住,,,,01000000
RPSPMLLLNHGGFBB57CC,錦村段,.00,都市：住,,,,00450000
RPUPMLLLNHGGFBB77CC,東光段,17.73,都市：住,,,,00830000
RPRQMLLLNHGGFBB57CC,水源段,.00,都市：商,,,,02340003
RPPQMLLLNHGGFBB37CC,東山段,366.00,都市：住,,,,03840000
RPWQMLLLNHGGFBB08CC,賴厝?段,.00,都市：商,,,,04380000
RPTRMLLLNHGGFBB87CC,東峰段,6.84,都市：住,,,,01580000
RPUQMLLLNHGGFBB87CC,錦村段,.00,都市：商,,,,03310000
RPTOMLLLNHGGFCB67CC,中正段,.00,都市：住,,,,00170000
RPSSMLLLNHGGFCB97CC,廣福段,361.76,都市：工,,,,00510002
RPRPMLLLNHGGFCB57CC,何安段,.00,都市：住,,,,04100000
RPXNMLLLNHGGFIB58CC,北新段,.00,都市：住,,,,10490000
RPTNMLLLNHGGFKB38CC,龍目井段龍目井小段,90.00,都市：其他:第二種商業區,,,,01520011
RPUNMLLLNHGGFHB18CC,頭家段,.00,都市：住,,,,08830000
RPVNMLLLNHGGFHB28CC,弘富段,21.09,都市：住,,,,01520000
RPQOMLLLNHGGFHB87CC,大新段,12.65,都市：住,,,,06880000
RPRNMLLLNHGGFDB47CC,一心段,.00,都市：住,,,,06740000
RPRNMLLLNHGGFAB17CC,麻園頭段,.00,都市：商,,,,06190000
RPTNMLLLNHGGFAB37CC,中墩段一小段,.00,都市：住,,,,00130000
RPUQMLLLNHGGFAB77CC,中華段七小段,.00,都市：商,,,,00010008
RPTOMLLLNHGGFAB47CC,尚武段,31.35,都市：住,,,,04240000
RPTOMLLLNHGGFAB47CC,尚武段,1.52,都市：住,,,,04440000
RPXNMLOLNHGGFDB38CC,師範段,36.37,都市：住,,,,01520000
RPPNMLOLNHGGFHB97CC,上楓段,32.75,都市：住,,,,12750000
RPQOMLOLNHGGFHB18CC,四德段,18.07,都市：住,,,,01090000
RPWNMLOLNHGGFKB98CC,藝術段,7.99,都市：其他:第二種住宅區,,,,06660000
RPQNMLOLNHGGFKB38CC,山腳段,24.02,都市：其他:第四種住宅區,,,,00840000
RPROMLOLNHGGFCB77CC,寶山段,.00,都市：住,,,,06470000
RPQOMLOLNHGGFIB28CC,大元段,.00,都市：住,,,,07220000
RPUPMLOLNHGGFCB18CC,下石碑段,17.86,都市：住,,,,09530002
RPRQMLOLNHGGFCB97CC,春安段,9.00,都市：住,,,,02130000
RPUQMLOLNHGGFCB28CC,春安段,7.50,都市：住,,,,02130000
RPORMLOLNHGGFCB77CC,春安段,7.50,都市：住,,,,02130000
RPPRMLOLNHGGFCB87CC,春安段,7.50,都市：住,,,,02130000
RPVRMLOLNHGGFCB48CC,春安段,7.50,都市：住,,,,02130000
RPOSMLOLNHGGFCB87CC,春安段,7.50,都市：住,,,,02130000
RPPSMLOLNHGGFCB97CC,春安段,7.50,都市：住,,,,02130000
RPQSMLOLNHGGFCB08CC,春安段,7.50,都市：住,,,,02130000
RPRRMLKLNHGGFBB57CC,太原段,.00,都市：住,,,,01400004
RPVSMLOLNHGGFCB58CC,春安段,7.50,都市：住,,,,02130000
RPTSMLOLNHGGFCB38CC,春安段,7.50,都市：住,,,,02130000
RPOTMLOLNHGGFCB97CC,惠民段,15.94,都市：其他:第六種新市政專用區,,,,01390000
RPUNMLOLNHGGFBB87CC,東山段,.00,都市：住,,,,04370013
RPOPMLOLNHGGFBB47CC,平田段,6503.00,都市：住,,,,08810000
RPRQMLOLNHGGFBB87CC,東新段,12.83,都市：住,,,,01270000
RPPPMLPLNHGGFCB77CC,大墩段,102.00,都市：住,,,,02180000
RPSPMLOLNHGGFBB87CC,東新段,.00,都市：住,,,,00170002
RPVSMLPLNHGGFBB58CC,太原段,25.25,都市：住,,,,01340000
RPSSMLPLNHGGFCB38CC,建功段,15.46,都市：住,,,,00160000
RPQTMLPLNHGGFIB88CC,自立段,21.95,都市：住,,,,09020000
RPSRMLOLNHGGFBB08CC,太順段,12.90,都市：住,,,,00570019
RPUOMLPLNHGGFAB97CC,城隍段六小段,10.06,都市：住,,,,00010012
RPSQMLQLNHGGFIB88CC,霧峰段霧峰小段,106.50,非都市：山坡地保育區 ; 非都市編定：丙種建築用地,,,,00210037
RPVOMLPLNHGGFAB08CC,城隍段六小段,6.01,都市：住,,,,00010012
RPUNMLPLNHGGFGB48CC,新金星段,357.36,都市：工,,,,01260000
RPUNMLPLNHGGFGB48CC,新金星段,531.10,都市：工,,,,01270000
RPUNMLPLNHGGFGB48CC,新金星段,71.37,都市：工,,,,01280000
RPUNMLPLNHGGFGB48CC,新金星段,14.65,都市：工,,,,01450000
RPXOMLPLNHGGFAB28CC,城隍段六小段,9.15,都市：住,,,,00010012
RPXNMLQLNHGGFBB38CC,東光段,.00,都市：住,,,,00560000
RPVOMLQLNHGGFBB28CC,東光段,.00,都市：住,,,,00560000
RPWNMLQLNHGGFCB38CC,龍富段,339.06,都市：住,,,,02600000
RPWNMLQLNHGGFCB38CC,龍富段,431.16,都市：住,,,,02610000
RPWNMLQLNHGGFCB38CC,龍富段,650.34,都市：住,,,,02630000
RPWNMLQLNHGGFCB38CC,龍富段,309.67,都市：住,,,,02650000
RPWNMLQLNHGGFCB38CC,龍富段,307.44,都市：住,,,,02660000
RPWNMLQLNHGGFCB38CC,龍富段,652.56,都市：住,,,,02670000
RPWNMLQLNHGGFCB38CC,龍富段,452.06,都市：住,,,,02680000
RPWNMLQLNHGGFCB38CC,龍富段,211.12,都市：住,,,,02690000
RPPRMLQLNHGGFBB97CC,錦村段,6.37,都市：住,,,,01840082
RPPSMLQLNHGGFBB08CC,太原段,.00,都市：住,,,,01400004
RPVVMLRLNHGGFBB09CC,中清段,8.05,都市：住,,,,00060000
RPWVNLRLNHGGFBB66CC,乾溝子段,28.08,都市：住,,,,01480049
RPQWNLRLNHGGFBB78CC,乾溝子段,16.18,都市：住,,,,01480049
RPPWMLRLNHGGFBB58CC,東峰段,9.23,都市：住,,,,01580000
RPUNMLRLNHGGFCB28CC,龍富段,.00,都市：住,,,,01290001
RPUNMLRLNHGGFCB28CC,龍富段,.00,都市：住,,,,01290002
RPUNMLRLNHGGFCB28CC,龍富段,.00,都市：住,,,,01290003
RPWSOLRLNHGGFBB09CC,松茂段,.00,都市：住,,,,01960000
RPWSOLRLNHGGFBB09CC,松茂段,.00,都市：住,,,,01960082
RPWSOLRLNHGGFBB09CC,松茂段,.00,都市：住,,,,01960123
RPWSOLRLNHGGFBB09CC,松茂段,.00,都市：住,,,,01960140
RPWSOLRLNHGGFBB09CC,松茂段,.00,都市：住,,,,01960146
RPXROLRLNHGGFBB09CC,錦村段,27.55,都市：商,,,,02530135
RPWPMLRLNHGGFCB68CC,田心段,173.00,都市：住,,,,08770006
RPOQMLRLNHGGFCB97CC,惠禮段,229.69,都市：住,,,,01440000
RPPQMLRLNHGGFCB08CC,惠民段,15.16,都市：其他:新市政中心專用區,,,,01390000
RPRQMLRLNHGGFCB28CC,惠民段,16.36,都市：其他:新市政中心專用區,,,,01430001
RPQQMLRLNHGGFCB18CC,中正段,57.15,都市：商,,,,01340000
RPQNMLRLNHGGFKB68CC,忠和段,58.00,都市：其他:第四種住宅區,,,,01550012
RPQNMLRLNHGGFKB68CC,忠和段,17.38,都市：其他:第四種住宅區,,,,01550008
RPSOMLRLNHGGFCB28DC,中仁段,17.90,都市：住,,,,02770000
RPWNMLSLNHGGFDB78DC,豐中段,174.86,都市：住,,,,03570000
RPSOMLRLNHGGFCB28DC,中仁段,23.36,都市：住,,,,02770000
RPPNMLRLNHGGFIB38CC,榮和段,87.07,都市：住,,,,02390000
RPXNMLSLNHGGFDB88DC,萬年段,334.93,都市：農,,,,10320001
RPXNMLSLNHGGFDB88DC,萬年段,309.40,都市：農,,,,10270002
RPOOMLSLNHGGFDB08DC,豐工段,631.09,非都市：特定農業區 ; 非都市編定：農牧用地,,,,06680000
RPVPMLSLNHGGFIB66CC,大忠段,.00,都市：商,,,,00660000
RPROMLSLNHGGFDB38DC,豐洲北段,582.82,都市：農,,,,07660000
RPWQMLSLNHGGFCB88CC,大進段,81.00,都市：住,,,,07800003
RPRSMLSLNHGGFCB58CC,大新段,.00,都市：住,,,,04180000
RPTSMLSLNHGGFCB78CC,大新段,.00,都市：住,,,,04180000
RPXUMLSLNHGGFCB76CC,國安段,3078.84,都市：其他:市場用地,,,,05890000
RPVUMLSLNHGGFCB56CC,大進段,.00,都市：住,,,,07670000
RPWOMLSLNHGGFBB58CC,東峰段,6.71,都市：住,,,,00040000
RPQWMLSLNHGGFCB88CC,大新段,.00,都市：住,,,,02390000
RPSQMLSLNHGGFBB38CC,太原段,21.21,都市：住,,,,01000000
RPXQMLSLNHGGFBB88CC,東光段,.00,都市：商,,,,01950001
RPPRMLSLNHGGFBB18CC,中清段,.00,都市：住,,,,04080000
RPPNMLTLNHGGFIB58CC,新榮和段,3.97,都市：住,,,,00290000
RPVQMLLMNHGGFIB78CC,新榮泉段,23.09,都市：住,,,,00160000
RPSNMLLMNHGGFKB38CC,福山段,78.46,都市：其他:第一種住宅區,,,,06030000
RPRNMLKMNHGGFIB97CC,練武段,98.82,非都市：鄉村區 ; 非都市編定：乙種建築用地,,,,10830000
RPPNMLLMNHGGFHB77CC,潭秀段,.00,都市：商,,,,05830000
RPRRMLSLNHGGFBB38CC,松竹段,7.10,都市：住,,,,07370000
RPSOMLLMNHGGFDB77CC,安康段,7.59,都市：住,,,,04100000
RPQNMLKMNHGGFIB87CC,福大段,21.66,非都市：鄉村區 ; 非都市編定：乙種建築用地,,,,01230000
RPUSMLLMNHGGFBB18CC,東光段,3.35,都市：住,,,,02690000
RPUSMLLMNHGGFBB18CC,北屯段,.23,都市：住,,,,05510016
RPQNMLLMNHGGFBB27CC,錦村段,.00,都市：住,,,,02110000
RPTPMLLMNHGGFBB77CC,東峰段,9.89,都市：住,,,,00040000
RPTNMLLMNHGGFCB67CC,協成段,1983.72,都市：工,,,,05400003
RPQPMLLMNHGGFBB47CC,陳平段,2372.40,都市：住,,,,32450000
RPUQMLLMNHGGFCB08CC,大墩段,.00,都市：住,,,,04050000
RPPPMLLMNHGGFBB37CC,賴厝?段,41.65,都市：住,,,,01540000
RPPPMLLMNHGGFBB37CC,乾溝子段,3.72,都市：住,,,,01410001
RPPRMLLMNHGGFBB57CC,平田段,17.90,都市：住,,,,02440000
RPSRMLLMNHGGFBB87CC,松茂段,22.93,都市：住,,,,09260000
RPSQMLLMNHGGFCB87CC,田心段,29.09,都市：住,,,,08180004
RPPRMLLMNHGGFCB67CC,廣昌段,.00,都市：住,,,,10770000
RPVRMLLMNHGGFCB28CC,三塊厝段,2.10,都市：其他:市場用地,,,,09940000
