﻿編號,土地位置,土地移轉面積(平方公尺),使用分區或編定,權利人持分分母,權利人持分分子,移轉情形,地號
The serial number, land position,land shifting area square meter,the use zoning or compiles and checks,,,,land parcel
RPPPMLKMLHGGFDE47CB,三塊厝段二小段,10.11,都市：商,100000,1027,持分移轉,13870000
RPSPMLKMLHGGFDE77CB,三塊厝段二小段,10.11,都市：商,100000,1027,持分移轉,13870000
RPRPMLKMLHGGFDE67CB,三塊厝段二小段,10.37,都市：商,100000,1053,持分移轉,13870000
RPQPMLKMLHGGFDE57CB,三塊厝段二小段,10.37,都市：商,100000,1053,持分移轉,13870000
RPVPMLKMLHGGFDE08CB,三塊厝段二小段,10.64,都市：商,100000,1080,持分移轉,13870000
RPOQMLKMLHGGFDE47CB,三塊厝段二小段,10.64,都市：商,100000,1080,持分移轉,13870000
RPUPMLKMLHGGFDE97CB,三塊厝段二小段,10.37,都市：商,100000,1053,持分移轉,13870000
RPTPMLKMLHGGFDE87CB,三塊厝段二小段,10.37,都市：商,100000,1053,持分移轉,13870000
RPXPMLKMLHGGFDE28CB,三塊厝段二小段,10.64,都市：商,100000,1080,持分移轉,13870000
RPWPMLKMLHGGFDE18CB,三塊厝段二小段,10.64,都市：商,100000,1080,持分移轉,13870000
RPQQMLKMLHGGFDE67CB,三塊厝段二小段,10.64,都市：商,100000,1080,持分移轉,13870000
RPPQMLKMLHGGFDE57CB,三塊厝段二小段,10.64,都市：商,100000,1080,持分移轉,13870000
RPRQMLKMLHGGFDE77CB,三塊厝段二小段,10.64,都市：商,100000,1080,持分移轉,13870000
RPSQMLKMLHGGFDE87CB,三塊厝段二小段,9.91,都市：商,100000,1006,持分移轉,13870000
RPTQMLKMLHGGFDE97CB,三塊厝段二小段,9.91,都市：商,100000,1006,持分移轉,13870000
RPUQMLKMLHGGFDE08CB,三塊厝段二小段,9.91,都市：商,100000,1006,持分移轉,13870000
RPWQMLKMLHGGFDE28CB,三塊厝段二小段,7.09,都市：商,100000,720,持分移轉,13870000
RPXQMLKMLHGGFDE38CB,三塊厝段二小段,6.83,都市：商,100000,694,持分移轉,13870000
RPVQMLKMLHGGFDE18CB,三塊厝段二小段,6.83,都市：商,100000,694,持分移轉,13870000
RPPRMLKMLHGGFDE67CB,三塊厝段二小段,6.83,都市：商,100000,694,持分移轉,13870000
RPRRMLKMLHGGFDE87CB,三塊厝段二小段,6.83,都市：商,100000,694,持分移轉,13870000
RPQRMLKMLHGGFDE77CB,三塊厝段二小段,6.83,都市：商,100000,694,持分移轉,13870000
RPORMLKMLHGGFDE57CB,三塊厝段二小段,6.83,都市：商,100000,694,持分移轉,13870000
RPSRMLKMLHGGFDE97CB,三塊厝段二小段,6.83,都市：商,100000,694,持分移轉,13870000
RPURMLKMLHGGFDE18CB,三塊厝段二小段,6.83,都市：商,100000,694,持分移轉,13870000
RPWRMLKMLHGGFDE38CB,三塊厝段二小段,12.05,都市：商,100000,1224,持分移轉,13870000
RPTRMLKMLHGGFDE08CB,三塊厝段二小段,7.09,都市：商,100000,720,持分移轉,13870000
RPXRMLKMLHGGFDE48CB,三塊厝段二小段,12.05,都市：商,100000,1224,持分移轉,13870000
RPVRMLKMLHGGFDE28CB,三塊厝段二小段,6.83,都市：商,100000,694,持分移轉,13870000
RPPSMLKMLHGGFDE77CB,三塊厝段二小段,12.05,都市：商,100000,1224,持分移轉,13870000
RPOSMLKMLHGGFDE67CB,三塊厝段二小段,12.08,都市：商,100000,1227,持分移轉,13870000
RPSSMLKMLHGGFDE08CB,三塊厝段二小段,10.64,都市：商,100000,1080,持分移轉,13870000
RPQSMLKMLHGGFDE87CB,三塊厝段二小段,10.64,都市：商,100000,1080,持分移轉,13870000
RPRSMLKMLHGGFDE97CB,三塊厝段二小段,10.64,都市：商,100000,1080,持分移轉,13870000
RPUSMLKMLHGGFDE28CB,三塊厝段二小段,10.93,都市：商,100000,1110,持分移轉,13870000
RPTSMLKMLHGGFDE18CB,三塊厝段二小段,10.93,都市：商,100000,1110,持分移轉,13870000
RPVSMLKMLHGGFDE38CB,三塊厝段二小段,10.90,都市：商,100000,1107,持分移轉,13870000
RPWSMLKMLHGGFDE48CB,三塊厝段二小段,10.93,都市：商,100000,1110,持分移轉,13870000
RPOTMLKMLHGGFDE77CB,三塊厝段二小段,10.93,都市：商,100000,1110,持分移轉,13870000
RPRTMLKMLHGGFDE08CB,三塊厝段二小段,10.90,都市：商,100000,1107,持分移轉,13870000
RPSTMLKMLHGGFDE18CB,三塊厝段二小段,9.76,都市：商,100000,991,持分移轉,13870000
RPXSMLKMLHGGFDE58CB,三塊厝段二小段,10.90,都市：商,100000,1107,持分移轉,13870000
RPPTMLKMLHGGFDE87CB,三塊厝段二小段,10.96,都市：商,100000,1113,持分移轉,13870000
RPQTMLKMLHGGFDE97CB,三塊厝段二小段,10.93,都市：商,100000,1110,持分移轉,13870000
RPTTMLKMLHGGFDE28CB,三塊厝段二小段,9.76,都市：商,100000,991,持分移轉,13870000
RPVTMLKMLHGGFDE48CB,三塊厝段二小段,9.76,都市：商,100000,991,持分移轉,13870000
RPUTMLKMLHGGFDE38CB,三塊厝段二小段,9.50,都市：商,100000,965,持分移轉,13870000
RPXTMLKMLHGGFDE68CB,三塊厝段二小段,9.76,都市：商,100000,991,持分移轉,13870000
RPOUMLKMLHGGFDE87CB,三塊厝段二小段,10.03,都市：商,100000,1018,持分移轉,13870000
RPPUMLKMLHGGFDE97CB,三塊厝段二小段,10.03,都市：商,100000,1018,持分移轉,13870000
RPWTMLKMLHGGFDE58CB,三塊厝段二小段,9.76,都市：商,100000,991,持分移轉,13870000
RPQUMLKMLHGGFDE08CB,三塊厝段二小段,10.03,都市：商,100000,1018,持分移轉,13870000
RPRUMLKMLHGGFDE18CB,三塊厝段二小段,10.03,都市：商,100000,1018,持分移轉,13870000
RPTUMLKMLHGGFDE38CB,三塊厝段二小段,20.16,都市：商,100000,2047,持分移轉,13870000
RPSUMLKMLHGGFDE28CB,三塊厝段二小段,10.03,都市：商,100000,1018,持分移轉,13870000
RPUUMLKMLHGGFDE48CB,三塊厝段二小段,9.59,都市：商,100000,974,持分移轉,13870000
RPVUMLKMLHGGFDE58CB,三塊厝段二小段,9.65,都市：商,100000,980,持分移轉,13870000
RPXUMLKMLHGGFDE78CB,三塊厝段二小段,9.59,都市：商,100000,974,持分移轉,13870000
RPWUMLKMLHGGFDE68CB,三塊厝段二小段,9.59,都市：商,100000,974,持分移轉,13870000
RPOVMLKMLHGGFDE97CB,三塊厝段二小段,6.31,都市：商,100000,641,持分移轉,13870000
RPPVMLKMLHGGFDE08CB,三塊厝段二小段,6.31,都市：商,100000,641,持分移轉,13870000
RPRVMLKMLHGGFDE28CB,三塊厝段二小段,6.31,都市：商,100000,641,持分移轉,13870000
RPQVMLKMLHGGFDE18CB,三塊厝段二小段,6.57,都市：商,100000,667,持分移轉,13870000
RPTVMLKMLHGGFDE48CB,三塊厝段二小段,6.31,都市：商,100000,641,持分移轉,13870000
RPSVMLKMLHGGFDE38CB,三塊厝段二小段,6.31,都市：商,100000,641,持分移轉,13870000
RPUVMLKMLHGGFDE58CB,三塊厝段二小段,6.31,都市：商,100000,641,持分移轉,13870000
RPWVMLKMLHGGFDE78CB,三塊厝段二小段,6.31,都市：商,100000,641,持分移轉,13870000
RPVVMLKMLHGGFDE68CB,三塊厝段二小段,6.31,都市：商,100000,641,持分移轉,13870000
RPPWMLKMLHGGFDE18CB,三塊厝段二小段,6.57,都市：商,100000,667,持分移轉,13870000
RPXVMLKMLHGGFDE88CB,三塊厝段二小段,6.31,都市：商,100000,641,持分移轉,13870000
RPOWMLKMLHGGFDE08CB,三塊厝段二小段,6.31,都市：商,100000,641,持分移轉,13870000
RPQWMLKMLHGGFDE28CB,三塊厝段二小段,9.70,都市：商,100000,985,持分移轉,13870000
RPRWMLKMLHGGFDE38CB,三塊厝段二小段,9.70,都市：商,100000,985,持分移轉,13870000
RPSWMLKMLHGGFDE48CB,三塊厝段二小段,9.70,都市：商,100000,985,持分移轉,13870000
RPTWMLKMLHGGFDE58CB,三塊厝段二小段,9.70,都市：商,100000,985,持分移轉,13870000
RPWWMLKMLHGGFDE88CB,三塊厝段二小段,10.16,都市：商,100000,1032,持分移轉,13870000
RPUWMLKMLHGGFDE68CB,三塊厝段二小段,9.70,都市：商,100000,985,持分移轉,13870000
RPONNLKMLHGGFDE27CB,三塊厝段二小段,9.91,都市：商,100000,1006,持分移轉,13870000
RPVWMLKMLHGGFDE78CB,三塊厝段二小段,10.16,都市：商,100000,1032,持分移轉,13870000
RPXWMLKMLHGGFDE98CB,三塊厝段二小段,10.16,都市：商,100000,1032,持分移轉,13870000
RPPNNLKMLHGGFDE37CB,三塊厝段二小段,10.16,都市：商,100000,1032,持分移轉,13870000
RPQNNLKMLHGGFDE47CB,三塊厝段二小段,10.43,都市：商,100000,1059,持分移轉,13870000
RPRNNLKMLHGGFDE57CB,三塊厝段二小段,10.43,都市：商,100000,1059,持分移轉,13870000
RPSNNLKMLHGGFDE67CB,三塊厝段二小段,10.43,都市：商,100000,1059,持分移轉,13870000
RPTNNLKMLHGGFDE77CB,三塊厝段二小段,10.43,都市：商,100000,1059,持分移轉,13870000
RPUNNLKMLHGGFDE87CB,三塊厝段二小段,10.43,都市：商,100000,1059,持分移轉,13870000
RPQNMLLMLHGGFDE47CB,三塊厝段二小段,10.43,都市：商,100000,1059,持分移轉,13870000
RPPOMLQJMHGGFAE47CB,青海段,6.63,都市：商,100000,381,持分移轉,01720000
RPOOMLQJMHGGFAE37CB,青海段,6.45,都市：商,100000,371,持分移轉,01720000
RPSOMLQJMHGGFAE77CB,青海段,6.63,都市：商,100000,381,持分移轉,01720000
RPUOMLQJMHGGFAE97CB,青海段,6.63,都市：商,100000,381,持分移轉,01720000
RPQOMLQJMHGGFAE57CB,青海段,6.63,都市：商,100000,381,持分移轉,01720000
RPVOMLQJMHGGFAE08CB,青海段,6.63,都市：商,100000,381,持分移轉,01720000
RPXOMLQJMHGGFAE28CB,青海段,6.63,都市：商,100000,381,持分移轉,01720000
RPWOMLQJMHGGFAE18CB,青海段,6.63,都市：商,100000,381,持分移轉,01720000
RPOPMLQJMHGGFAE47CB,青海段,6.63,都市：商,100000,381,持分移轉,01720000
RPPPMLQJMHGGFAE57CB,青海段,6.63,都市：商,100000,381,持分移轉,01720000
RPRPMLQJMHGGFAE77CB,青海段,6.42,都市：商,100000,369,持分移轉,01720000
RPSPMLQJMHGGFAE87CB,青海段,6.24,都市：商,100000,359,持分移轉,01720000
RPQPMLQJMHGGFAE67CB,青海段,6.24,都市：商,100000,359,持分移轉,01720000
RPTPMLQJMHGGFAE97CB,青海段,6.42,都市：商,100000,369,持分移轉,01720000
RPUPMLQJMHGGFAE08CB,青海段,6.42,都市：商,100000,369,持分移轉,01720000
RPVPMLQJMHGGFAE18CB,青海段,6.42,都市：商,100000,369,持分移轉,01720000
RPWPMLQJMHGGFAE28CB,青海段,6.42,都市：商,100000,369,持分移轉,01720000
RPXPMLQJMHGGFAE38CB,青海段,6.59,都市：商,100000,379,持分移轉,01720000
RPOQMLQJMHGGFAE57CB,青海段,6.42,都市：商,100000,369,持分移轉,01720000
RPPQMLQJMHGGFAE67CB,青海段,6.59,都市：商,100000,379,持分移轉,01720000
RPQQMLQJMHGGFAE77CB,青海段,6.42,都市：商,100000,369,持分移轉,01720000
RPSQMLQJMHGGFAE97CB,青海段,6.78,都市：商,100000,390,持分移轉,01720000
RPTQMLQJMHGGFAE08CB,青海段,6.61,都市：商,100000,380,持分移轉,01720000
RPUQMLQJMHGGFAE18CB,青海段,6.78,都市：商,100000,390,持分移轉,01720000
RPVQMLQJMHGGFAE28CB,青海段,6.61,都市：商,100000,380,持分移轉,01720000
RPWQMLQJMHGGFAE38CB,青海段,6.61,都市：商,100000,380,持分移轉,01720000
RPPRMLQJMHGGFAE77CB,青海段,6.61,都市：商,100000,380,持分移轉,01720000
RPORMLQJMHGGFAE67CB,青海段,6.78,都市：商,100000,390,持分移轉,01720000
RPRRMLQJMHGGFAE97CB,青海段,6.61,都市：商,100000,380,持分移轉,01720000
RPURMLQJMHGGFAE28CB,青海段,4.96,都市：商,100000,285,持分移轉,01720000
RPQRMLQJMHGGFAE87CB,青海段,6.61,都市：商,100000,380,持分移轉,01720000
RPSRMLQJMHGGFAE08CB,青海段,7.06,都市：商,100000,406,持分移轉,01720000
RPTRMLQJMHGGFAE18CB,青海段,4.96,都市：商,100000,285,持分移轉,01720000
RPVRMLQJMHGGFAE38CB,青海段,4.96,都市：商,100000,285,持分移轉,01720000
RPWRMLQJMHGGFAE48CB,青海段,5.15,都市：商,100000,296,持分移轉,01720000
RPXRMLQJMHGGFAE58CB,青海段,6.70,都市：商,100000,385,持分移轉,01720000
RPOSMLQJMHGGFAE77CB,青海段,6.87,都市：商,100000,395,持分移轉,01720000
RPPSMLQJMHGGFAE87CB,青海段,6.87,都市：商,100000,395,持分移轉,01720000
RPQSMLQJMHGGFAE97CB,青海段,6.87,都市：商,100000,395,持分移轉,01720000
RPUSMLQJMHGGFAE38CB,青海段,6.87,都市：商,100000,395,持分移轉,01720000
RPRSMLQJMHGGFAE08CB,青海段,6.87,都市：商,100000,395,持分移轉,01720000
RPVSMLQJMHGGFAE48CB,青海段,6.87,都市：商,100000,395,持分移轉,01720000
RPWSMLQJMHGGFAE58CB,青海段,6.70,都市：商,100000,385,持分移轉,01720000
RPOTMLQJMHGGFAE87CB,青海段,6.70,都市：商,100000,385,持分移轉,01720000
RPPTMLQJMHGGFAE97CB,青海段,4.40,都市：商,100000,253,持分移轉,01720000
RPRTMLQJMHGGFAE18CB,青海段,4.75,都市：商,100000,273,持分移轉,01720000
RPSTMLQJMHGGFAE28CB,青海段,4.40,都市：商,100000,253,持分移轉,01720000
RPWTMLQJMHGGFAE68CB,青海段,4.57,都市：商,100000,263,持分移轉,01720000
RPUTMLQJMHGGFAE48CB,青海段,4.57,都市：商,100000,263,持分移轉,01720000
RPOUMLQJMHGGFAE97CB,青海段,4.40,都市：商,100000,253,持分移轉,01720000
RPPUMLQJMHGGFAE08CB,青海段,4.57,都市：商,100000,263,持分移轉,01720000
RPXTMLQJMHGGFAE78CB,青海段,4.57,都市：商,100000,263,持分移轉,01720000
RPRUMLQJMHGGFAE28CB,青海段,4.40,都市：商,100000,253,持分移轉,01720000
RPQUMLQJMHGGFAE18CB,青海段,4.57,都市：商,100000,263,持分移轉,01720000
RPVNMLSJMHGGFAE18CB,青海段,6.47,都市：商,100000,372,持分移轉,01720000
RPWNMLSJMHGGFAE28CB,青海段,6.47,都市：商,100000,372,持分移轉,01720000
RPXNMLSJMHGGFAE38CB,青海段,6.12,都市：商,100000,352,持分移轉,01720000
RPOOMLSJMHGGFAE57CB,青海段,6.30,都市：商,100000,362,持分移轉,01720000
RPQOMLSJMHGGFAE77CB,青海段,6.47,都市：商,100000,372,持分移轉,01720000
RPPOMLSJMHGGFAE67CB,青海段,6.12,都市：商,100000,352,持分移轉,01720000
RPSOMLSJMHGGFAE97CB,青海段,6.47,都市：商,100000,372,持分移轉,01720000
RPUOMLSJMHGGFAE18CB,青海段,6.96,都市：商,100000,400,持分移轉,01720000
RPWOMLSJMHGGFAE38CB,青海段,4.92,都市：商,100000,283,持分移轉,01720000
RPROMLSJMHGGFAE87CB,青海段,6.12,都市：商,100000,352,持分移轉,01720000
RPTOMLSJMHGGFAE08CB,青海段,6.47,都市：商,100000,372,持分移轉,01720000
RPXOMLSJMHGGFAE48CB,青海段,4.92,都市：商,100000,283,持分移轉,01720000
RPRPMLSJMHGGFAE97CB,青海段,4.92,都市：商,100000,283,持分移轉,01720000
RPOPMLSJMHGGFAE67CB,青海段,4.92,都市：商,100000,283,持分移轉,01720000
RPQPMLSJMHGGFAE87CB,青海段,4.92,都市：商,100000,283,持分移轉,01720000
RPPPMLSJMHGGFAE77CB,青海段,4.92,都市：商,100000,283,持分移轉,01720000
RPSPMLSJMHGGFAE08CB,青海段,5.10,都市：商,100000,293,持分移轉,01720000
RPVPMLSJMHGGFAE38CB,青海段,4.83,都市：商,100000,278,持分移轉,01720000
RPTPMLSJMHGGFAE18CB,青海段,5.10,都市：商,100000,293,持分移轉,01720000
RPWPMLSJMHGGFAE48CB,青海段,4.83,都市：商,100000,278,持分移轉,01720000
RPUPMLSJMHGGFAE28CB,青海段,4.92,都市：商,100000,283,持分移轉,01720000
RPOQMLSJMHGGFAE77CB,青海段,5.01,都市：商,100000,288,持分移轉,01720000
RPPQMLSJMHGGFAE87CB,青海段,4.83,都市：商,100000,278,持分移轉,01720000
RPXPMLSJMHGGFAE58CB,青海段,4.66,都市：商,100000,268,持分移轉,01720000
RPQQMLSJMHGGFAE97CB,青海段,4.83,都市：商,100000,278,持分移轉,01720000
RPRQMLSJMHGGFAE08CB,青海段,4.83,都市：商,100000,278,持分移轉,01720000
RPTQMLSJMHGGFAE28CB,青海段,4.66,都市：商,100000,268,持分移轉,01720000
RPSQMLSJMHGGFAE18CB,青海段,5.01,都市：商,100000,288,持分移轉,01720000
RPUQMLSJMHGGFAE38CB,青海段,4.66,都市：商,100000,268,持分移轉,01720000
RPVQMLSJMHGGFAE48CB,青海段,4.66,都市：商,100000,268,持分移轉,01720000
RPWQMLSJMHGGFAE58CB,青海段,4.83,都市：商,100000,278,持分移轉,01720000
RPPRMLSJMHGGFAE97CB,青海段,7.65,都市：商,100000,440,持分移轉,01720000
RPORMLSJMHGGFAE87CB,青海段,7.65,都市：商,100000,440,持分移轉,01720000
RPQRMLSJMHGGFAE08CB,青海段,7.65,都市：商,100000,440,持分移轉,01720000
RPTRMLSJMHGGFAE38CB,青海段,7.65,都市：商,100000,440,持分移轉,01720000
RPRRMLSJMHGGFAE18CB,青海段,7.65,都市：商,100000,440,持分移轉,01720000
RPURMLSJMHGGFAE48CB,青海段,7.65,都市：商,100000,440,持分移轉,01720000
RPOSMLSJMHGGFAE97CB,青海段,7.65,都市：商,100000,440,持分移轉,01720000
RPWRMLSJMHGGFAE68CB,青海段,7.65,都市：商,100000,440,持分移轉,01720000
RPPSMLSJMHGGFAE08CB,青海段,7.65,都市：商,100000,440,持分移轉,01720000
RPXRMLSJMHGGFAE78CB,青海段,7.65,都市：商,100000,440,持分移轉,01720000
RPSSMLSJMHGGFAE38CB,青海段,7.65,都市：商,100000,440,持分移轉,01720000
RPXQMLSJMHGGFAE68CB,青海段,7.65,都市：商,100000,440,持分移轉,01720000
RPQSMLSJMHGGFAE18CB,青海段,7.65,都市：商,100000,440,持分移轉,01720000
RPUSMLSJMHGGFAE58CB,青海段,7.65,都市：商,100000,440,持分移轉,01720000
RPRSMLSJMHGGFAE28CB,青海段,7.65,都市：商,100000,440,持分移轉,01720000
RPVSMLSJMHGGFAE68CB,青海段,7.65,都市：商,100000,440,持分移轉,01720000
RPTSMLSJMHGGFAE48CB,青海段,7.65,都市：商,100000,440,持分移轉,01720000
RPVRMLSJMHGGFAE58CB,青海段,7.65,都市：商,100000,440,持分移轉,01720000
RPXSMLSJMHGGFAE88CB,青海段,7.65,都市：商,100000,440,持分移轉,01720000
RPWSMLSJMHGGFAE78CB,青海段,7.65,都市：商,100000,440,持分移轉,01720000
RPUUMLSJMHGGFAE78CB,青海段,8.47,都市：商,100000,487,持分移轉,01720000
RPTUMLSJMHGGFAE68CB,青海段,8.42,都市：商,100000,484,持分移轉,01720000
RPOTMLSJMHGGFAE08CB,青海段,7.65,都市：商,100000,440,持分移轉,01720000
RPVUMLSJMHGGFAE88CB,青海段,8.50,都市：商,100000,489,持分移轉,01720000
RPXUMLSJMHGGFAE09CB,青海段,8.45,都市：商,100000,486,持分移轉,01720000
RPWUMLSJMHGGFAE98CB,青海段,8.45,都市：商,100000,486,持分移轉,01720000
RPPVMLSJMHGGFAE38CB,青海段,8.47,都市：商,100000,487,持分移轉,01720000
RPOVMLSJMHGGFAE28CB,青海段,8.42,都市：商,100000,484,持分移轉,01720000
RPSVMLSJMHGGFAE68CB,青海段,8.45,都市：商,100000,486,持分移轉,01720000
RPRVMLSJMHGGFAE58CB,青海段,8.45,都市：商,100000,486,持分移轉,01720000
RPQVMLSJMHGGFAE48CB,青海段,8.50,都市：商,100000,489,持分移轉,01720000
RPTVMLSJMHGGFAE78CB,青海段,9.53,都市：商,100000,548,持分移轉,01720000
RPUVMLSJMHGGFAE88CB,青海段,8.45,都市：商,100000,486,持分移轉,01720000
RPWVMLSJMHGGFAE09CB,青海段,8.40,都市：商,100000,483,持分移轉,01720000
RPVVMLSJMHGGFAE98CB,青海段,8.45,都市：商,100000,486,持分移轉,01720000
RPOWMLSJMHGGFAE38CB,青海段,8.40,都市：商,100000,483,持分移轉,01720000
RPXVMLSJMHGGFAE56CB,青海段,8.47,都市：商,100000,487,持分移轉,01720000
RPQWMLSJMHGGFAE58CB,青海段,8.45,都市：商,100000,486,持分移轉,01720000
RPTWMLSJMHGGFAE88CB,青海段,8.40,都市：商,100000,483,持分移轉,01720000
RPPWMLSJMHGGFAE48CB,青海段,8.43,都市：商,100000,485,持分移轉,01720000
RPRWMLSJMHGGFAE68CB,青海段,8.40,都市：商,100000,483,持分移轉,01720000
RPSWMLSJMHGGFAE78CB,青海段,8.47,都市：商,100000,487,持分移轉,01720000
RPONNLSJMHGGFAE57CB,青海段,5.15,都市：商,100000,296,持分移轉,01720000
RPUWMLSJMHGGFAE98CB,青海段,8.43,都市：商,100000,485,持分移轉,01720000
RPXWMLSJMHGGFAE66CB,青海段,5.15,都市：商,100000,296,持分移轉,01720000
RPVWMLSJMHGGFAE09CB,青海段,8.45,都市：商,100000,486,持分移轉,01720000
RPPNNLSJMHGGFAE67CB,青海段,4.97,都市：商,100000,286,持分移轉,01720000
RPVNNLSJMHGGFAE28CB,青海段,4.97,都市：商,100000,286,持分移轉,01720000
RPOONLSJMHGGFAE67CB,青海段,4.80,都市：商,100000,276,持分移轉,01720000
RPUNNLSJMHGGFAE18CB,青海段,4.97,都市：商,100000,286,持分移轉,01720000
RPQONLSJMHGGFAE87CB,青海段,4.97,都市：商,100000,286,持分移轉,01720000
RPTNNLSJMHGGFAE08CB,青海段,4.80,都市：商,100000,276,持分移轉,01720000
RPPTMLSJMHGGFAE18CB,青海段,7.65,都市：商,100000,440,持分移轉,01720000
RPQNNLSJMHGGFAE77CB,青海段,4.97,都市：商,100000,286,持分移轉,01720000
RPWNNLSJMHGGFAE38CB,青海段,4.80,都市：商,100000,276,持分移轉,01720000
RPSONLSJMHGGFAE08CB,青海段,4.97,都市：商,100000,286,持分移轉,01720000
RPPONLSJMHGGFAE77CB,青海段,4.80,都市：商,100000,276,持分移轉,01720000
RPRONLSJMHGGFAE97CB,青海段,4.97,都市：商,100000,286,持分移轉,01720000
RPTONLSJMHGGFAE18CB,青海段,4.97,都市：商,100000,286,持分移轉,01720000
RPUONLSJMHGGFAE28CB,青海段,4.80,都市：商,100000,276,持分移轉,01720000
RPVONLSJMHGGFAE38CB,青海段,4.97,都市：商,100000,286,持分移轉,01720000
RPOPNLSJMHGGFAE77CB,青海段,4.97,都市：商,100000,286,持分移轉,01720000
RPWONLSJMHGGFAE48CB,青海段,4.80,都市：商,100000,276,持分移轉,01720000
RPQPNLSJMHGGFAE97CB,青海段,5.04,都市：商,100000,290,持分移轉,01720000
RPSPNLSJMHGGFAE18CB,青海段,4.87,都市：商,100000,280,持分移轉,01720000
RPPPNLSJMHGGFAE87CB,青海段,5.04,都市：商,100000,290,持分移轉,01720000
RPRPNLSJMHGGFAE08CB,青海段,4.87,都市：商,100000,280,持分移轉,01720000
RPUPNLSJMHGGFAE38CB,青海段,4.87,都市：商,100000,280,持分移轉,01720000
RPTPNLSJMHGGFAE28CB,青海段,4.87,都市：商,100000,280,持分移轉,01720000
RPWPNLSJMHGGFAE58CB,青海段,4.87,都市：商,100000,280,持分移轉,01720000
RPOQNLSJMHGGFAE87CB,青海段,4.87,都市：商,100000,280,持分移轉,01720000
RPXPNLSJMHGGFAE68CB,青海段,4.87,都市：商,100000,280,持分移轉,01720000
RPUQNLSJMHGGFAE48CB,青海段,4.87,都市：商,100000,280,持分移轉,01720000
RPTQNLSJMHGGFAE38CB,青海段,4.87,都市：商,100000,280,持分移轉,01720000
RPVQNLSJMHGGFAE58CB,青海段,5.04,都市：商,100000,290,持分移轉,01720000
RPWQNLSJMHGGFAE68CB,青海段,4.87,都市：商,100000,280,持分移轉,01720000
RPORNLSJMHGGFAE97CB,青海段,4.87,都市：商,100000,280,持分移轉,01720000
RPPRNLSJMHGGFAE08CB,青海段,4.87,都市：商,100000,280,持分移轉,01720000
RPTRNLSJMHGGFAE48CB,青海段,4.87,都市：商,100000,280,持分移轉,01720000
RPQRNLSJMHGGFAE18CB,青海段,5.04,都市：商,100000,290,持分移轉,01720000
RPVRNLSJMHGGFAE68CB,青海段,5.29,都市：商,100000,304,持分移轉,01720000
RPWRNLSJMHGGFAE78CB,青海段,5.11,都市：商,100000,294,持分移轉,01720000
RPXRNLSJMHGGFAE88CB,青海段,4.97,都市：商,100000,286,持分移轉,01720000
RPURNLSJMHGGFAE58CB,青海段,5.11,都市：商,100000,294,持分移轉,01720000
RPPSNLSJMHGGFAE18CB,青海段,4.97,都市：商,100000,286,持分移轉,01720000
RPOSNLSJMHGGFAE08CB,青海段,4.97,都市：商,100000,286,持分移轉,01720000
RPQSNLSJMHGGFAE28CB,青海段,5.04,都市：商,100000,290,持分移轉,01720000
RPRSNLSJMHGGFAE38CB,青海段,5.04,都市：商,100000,290,持分移轉,01720000
RPSSNLSJMHGGFAE48CB,青海段,5.11,都市：商,100000,294,持分移轉,01720000
RPVSNLSJMHGGFAE78CB,青海段,5.11,都市：商,100000,294,持分移轉,01720000
RPXSNLSJMHGGFAE98CB,青海段,5.29,都市：商,100000,304,持分移轉,01720000
RPOTNLSJMHGGFAE18CB,青海段,5.36,都市：商,100000,308,持分移轉,01720000
RPXONLSJMHGGFAE58CB,青海段,4.80,都市：商,100000,276,持分移轉,01720000
RPPTNLSJMHGGFAE28CB,青海段,5.36,都市：商,100000,308,持分移轉,01720000
RPUSNLSJMHGGFAE68CB,青海段,5.29,都市：商,100000,304,持分移轉,01720000
RPTSNLSJMHGGFAE58CB,青海段,5.04,都市：商,100000,290,持分移轉,01720000
RPQTNLSJMHGGFAE38CB,青海段,5.36,都市：商,100000,308,持分移轉,01720000
RPRTNLSJMHGGFAE48CB,青海段,5.36,都市：商,100000,308,持分移轉,01720000
RPWSNLSJMHGGFAE88CB,青海段,5.29,都市：商,100000,304,持分移轉,01720000
RPTTNLSJMHGGFAE68CB,青海段,5.36,都市：商,100000,308,持分移轉,01720000
RPVTNLSJMHGGFAE88CB,青海段,5.36,都市：商,100000,308,持分移轉,01720000
RPXTNLSJMHGGFAE09CB,青海段,5.36,都市：商,100000,308,持分移轉,01720000
RPSTNLSJMHGGFAE58CB,青海段,5.53,都市：商,100000,318,持分移轉,01720000
RPOUNLSJMHGGFAE28CB,青海段,5.36,都市：商,100000,308,持分移轉,01720000
RPRUNLSJMHGGFAE58CB,青海段,8.05,都市：商,100000,463,持分移轉,01720000
RPQUNLSJMHGGFAE48CB,青海段,5.36,都市：商,100000,308,持分移轉,01720000
RPTUNLSJMHGGFAE78CB,青海段,7.86,都市：商,100000,452,持分移轉,01720000
RPUTNLSJMHGGFAE78CB,青海段,5.53,都市：商,100000,318,持分移轉,01720000
RPSUNLSJMHGGFAE68CB,青海段,8.05,都市：商,100000,463,持分移轉,01720000
RPPUNLSJMHGGFAE38CB,青海段,5.36,都市：商,100000,308,持分移轉,01720000
RPRNMLKKMHGGFAE07CB,青海段,7.86,都市：商,100000,452,持分移轉,01720000
RPTNMLKKMHGGFAE27CB,青海段,7.86,都市：商,100000,452,持分移轉,01720000
RPUNMLKKMHGGFAE37CB,青海段,7.86,都市：商,100000,452,持分移轉,01720000
RPPNMLKKMHGGFAE86CB,青海段,7.86,都市：商,100000,452,持分移轉,01720000
RPVNMLKKMHGGFAE47CB,青海段,7.86,都市：商,100000,452,持分移轉,01720000
RPWNMLKKMHGGFAE57CB,青海段,7.86,都市：商,100000,452,持分移轉,01720000
RPQNMLKKMHGGFAE96CB,青海段,7.86,都市：商,100000,452,持分移轉,01720000
RPXNMLKKMHGGFAE67CB,青海段,7.86,都市：商,100000,452,持分移轉,01720000
RPSNMLKKMHGGFAE17CB,青海段,7.86,都市：商,100000,452,持分移轉,01720000
RPOOMLKKMHGGFAE86CB,青海段,7.86,都市：商,100000,452,持分移轉,01720000
RPPOMLKKMHGGFAE96CB,青海段,7.86,都市：商,100000,452,持分移轉,01720000
RPSOMLKKMHGGFAE27CB,青海段,7.86,都市：商,100000,452,持分移轉,01720000
RPROMLKKMHGGFAE17CB,青海段,7.86,都市：商,100000,452,持分移轉,01720000
RPQOMLKKMHGGFAE07CB,青海段,7.86,都市：商,100000,452,持分移轉,01720000
RPTOMLKKMHGGFAE37CB,青海段,7.86,都市：商,100000,452,持分移轉,01720000
RPVOMLKKMHGGFAE57CB,青海段,7.86,都市：商,100000,452,持分移轉,01720000
RPUOMLKKMHGGFAE47CB,青海段,7.86,都市：商,100000,452,持分移轉,01720000
RPWOMLKKMHGGFAE67CB,青海段,7.86,都市：商,100000,452,持分移轉,01720000
RPOPMLKKMHGGFAE96CB,青海段,7.51,都市：商,100000,432,持分移轉,01720000
RPXOMLKKMHGGFAE77CB,青海段,7.86,都市：商,100000,452,持分移轉,01720000
RPWTNLSJMHGGFAE98CB,青海段,5.53,都市：商,100000,318,持分移轉,01720000
RPVOMLMKMHGGFCE97CB,港和段一小段,8.92,都市：商,10000,26,持分移轉,01580000
RPXOMLMKMHGGFCE18CB,港和段一小段,8.58,都市：商,10000,25,持分移轉,01580000
RPSOMLMKMHGGFCE67CB,港和段一小段,8.58,都市：商,10000,25,持分移轉,01580000
RPVNMLNKMHGGFCE97CB,港和段一小段,8.92,都市：商,10000,26,持分移轉,01580000
RPUOMLMKMHGGFCE87CB,港和段一小段,8.92,都市：商,10000,26,持分移轉,01580000
RPWNMLNKMHGGFCE08CB,港和段一小段,8.92,都市：商,10000,26,持分移轉,01580000
RPWOMLMKMHGGFCE08CB,港和段一小段,8.92,都市：商,10000,26,持分移轉,01580000
RPOPMLMKMHGGFCE37CB,港和段一小段,8.92,都市：商,10000,26,持分移轉,01580000
RPQOMLNKMHGGFCE57CB,港和段一小段,8.58,都市：商,10000,25,持分移轉,01580000
RPVOMLNKMHGGFCE08CB,港和段一小段,8.92,都市：商,10000,26,持分移轉,01580000
RPSOMLNKMHGGFCE77CB,港和段一小段,8.58,都市：商,10000,25,持分移轉,01580000
RPWPMLNKMHGGFCE28CB,港和段一小段,8.92,都市：商,10000,26,持分移轉,01580000
RPTPMLNKMHGGFCE97CB,港和段一小段,8.58,都市：商,10000,25,持分移轉,01580000
RPSQMLNKMHGGFCE97CB,港和段一小段,8.58,都市：商,10000,25,持分移轉,01580000
RPRQMLNKMHGGFCE87CB,港和段一小段,8.58,都市：商,10000,25,持分移轉,01580000
RPRPMLNKMHGGFCE77CB,港和段一小段,8.58,都市：商,10000,25,持分移轉,01580000
RPVQMLNKMHGGFCE28CB,港和段一小段,8.58,都市：商,10000,25,持分移轉,01580000
RPUQMLNKMHGGFCE18CB,港和段一小段,8.58,都市：商,10000,25,持分移轉,01580000
RPWQMLNKMHGGFCE38CB,港和段一小段,8.58,都市：商,10000,25,持分移轉,01580000
RPXQMLNKMHGGFCE48CB,港和段一小段,8.58,都市：商,10000,25,持分移轉,01580000
RPQRMLNKMHGGFCE87CB,港和段一小段,8.58,都市：商,10000,25,持分移轉,01580000
RPUNMLPKMHGGFCE08CB,港和段一小段,8.58,都市：商,10000,25,持分移轉,01580000
RPPSMLNKMHGGFCE87CB,港和段一小段,8.58,都市：商,10000,25,持分移轉,01580000
RPRRMLNKMHGGFCE97CB,港和段一小段,8.58,都市：商,10000,25,持分移轉,01580000
RPTRMLNKMHGGFCE18CB,港和段一小段,8.58,都市：商,10000,25,持分移轉,01580000
RPWRMLNKMHGGFCE48CB,港和段一小段,8.92,都市：商,10000,26,持分移轉,01580000
RPVRMLNKMHGGFCE38CB,港和段一小段,8.58,都市：商,10000,25,持分移轉,01580000
RPWNMLPKMHGGFCE28CB,港和段一小段,8.58,都市：商,10000,25,持分移轉,01580000
RPPOMLPKMHGGFCE67CB,港和段一小段,8.92,都市：商,10000,26,持分移轉,01580000
RPXNMLPKMHGGFCE38CB,港和段一小段,9.27,都市：商,10000,27,持分移轉,01580000
RPOOMLPKMHGGFCE57CB,港和段一小段,8.92,都市：商,10000,26,持分移轉,01580000
RPTOMLPKMHGGFCE08CB,港和段一小段,8.92,都市：商,10000,26,持分移轉,01580000
RPUOMLPKMHGGFCE18CB,港和段一小段,8.92,都市：商,10000,26,持分移轉,01580000
RPROMLPKMHGGFCE87CB,港和段一小段,8.92,都市：商,10000,26,持分移轉,01580000
RPVOMLPKMHGGFCE28CB,港和段一小段,8.92,都市：商,10000,26,持分移轉,01580000
RPXOMLPKMHGGFCE48CB,港和段一小段,8.92,都市：商,10000,26,持分移轉,01580000
RPPPMLPKMHGGFCE77CB,港和段一小段,9.27,都市：商,10000,27,持分移轉,01580000
RPWPMLPKMHGGFCE48CB,港和段一小段,8.92,都市：商,10000,26,持分移轉,01580000
RPXPMLPKMHGGFCE58CB,港和段一小段,8.92,都市：商,10000,26,持分移轉,01580000
RPVPMLPKMHGGFCE38CB,港和段一小段,8.92,都市：商,10000,26,持分移轉,01580000
RPTQMLPKMHGGFCE28CB,港和段一小段,8.58,都市：商,10000,25,持分移轉,01580000
RPPQMLPKMHGGFCE87CB,港和段一小段,8.92,都市：商,10000,26,持分移轉,01580000
RPRQMLPKMHGGFCE08CB,港和段一小段,8.58,都市：商,10000,25,持分移轉,01580000
RPSQMLPKMHGGFCE18CB,港和段一小段,8.58,都市：商,10000,25,持分移轉,01580000
RPPRMLPKMHGGFCE97CB,港和段一小段,8.92,都市：商,10000,26,持分移轉,01580000
RPOQMLPKMHGGFCE77CB,港和段一小段,8.92,都市：商,10000,26,持分移轉,01580000
RPUQMLPKMHGGFCE38CB,港和段一小段,8.58,都市：商,10000,25,持分移轉,01580000
RPWQMLPKMHGGFCE58CB,港和段一小段,8.58,都市：商,10000,25,持分移轉,01580000
RPQRMLPKMHGGFCE08CB,港和段一小段,8.58,都市：商,10000,25,持分移轉,01580000
RPROMLQKMHGGFCE97CB,港和段一小段,8.58,都市：商,10000,25,持分移轉,01580000
RPORMLPKMHGGFCE87CB,港和段一小段,8.58,都市：商,10000,25,持分移轉,01580000
RPXQMLPKMHGGFCE68CB,港和段一小段,8.58,都市：商,10000,25,持分移轉,01580000
RPUOMLQKMHGGFCE28CB,港和段一小段,8.58,都市：商,10000,25,持分移轉,01580000
RPSOMLQKMHGGFCE08CB,港和段一小段,8.58,都市：商,10000,25,持分移轉,01580000
RPRRMLPKMHGGFCE18CB,港和段一小段,8.58,都市：商,10000,25,持分移轉,01580000
RPVOMLQKMHGGFCE38CB,港和段一小段,17.51,都市：商,10000,51,持分移轉,01580000
RPXOMLQKMHGGFCE58CB,港和段一小段,14.76,都市：商,10000,43,持分移轉,01580000
RPTOMLQKMHGGFCE18CB,港和段一小段,8.58,都市：商,10000,25,持分移轉,01580000
RPQPMLQKMHGGFCE97CB,港和段一小段,14.76,都市：商,10000,43,持分移轉,01580000
RPWOMLQKMHGGFCE48CB,港和段一小段,14.76,都市：商,10000,43,持分移轉,01580000
RPPPMLQKMHGGFCE87CB,港和段一小段,14.76,都市：商,10000,43,持分移轉,01580000
RPSPMLQKMHGGFCE18CB,港和段一小段,14.76,都市：商,10000,43,持分移轉,01580000
RPTPMLQKMHGGFCE28CB,港和段一小段,14.76,都市：商,10000,43,持分移轉,01580000
RPRPMLQKMHGGFCE08CB,港和段一小段,14.76,都市：商,10000,43,持分移轉,01580000
RPVPMLQKMHGGFCE48CB,港和段一小段,14.76,都市：商,10000,43,持分移轉,01580000
RPUPMLQKMHGGFCE38CB,港和段一小段,14.76,都市：商,10000,43,持分移轉,01580000
RPWPMLQKMHGGFCE58CB,港和段一小段,14.76,都市：商,10000,43,持分移轉,01580000
RPQQMLQKMHGGFCE08CB,港和段一小段,14.76,都市：商,10000,43,持分移轉,01580000
RPXPMLQKMHGGFCE68CB,港和段一小段,14.76,都市：商,10000,43,持分移轉,01580000
RPRQMLQKMHGGFCE18CB,港和段一小段,10.98,都市：商,10000,32,持分移轉,01580000
RPPQMLQKMHGGFCE97CB,港和段一小段,14.76,都市：商,10000,43,持分移轉,01580000
RPOQMLQKMHGGFCE87CB,港和段一小段,14.76,都市：商,10000,43,持分移轉,01580000
RPUQMLQKMHGGFCE48CB,港和段一小段,10.64,都市：商,10000,31,持分移轉,01580000
RPTQMLQKMHGGFCE38CB,港和段一小段,10.30,都市：商,10000,30,持分移轉,01580000
RPWQMLQKMHGGFCE68CB,港和段一小段,10.30,都市：商,10000,30,持分移轉,01580000
RPSQMLQKMHGGFCE28CB,港和段一小段,10.64,都市：商,10000,31,持分移轉,01580000
RPVQMLQKMHGGFCE58CB,港和段一小段,10.30,都市：商,10000,30,持分移轉,01580000
RPXQMLQKMHGGFCE78CB,港和段一小段,10.30,都市：商,10000,30,持分移轉,01580000
RPUNMLRKMHGGFEE58DB,藍田西段,26.67,都市：住,100000,394,持分移轉,03210000
RPVNMLRKMHGGFEE68DB,藍田西段,26.67,都市：住,100000,394,持分移轉,03210000
RPRNMLRKMHGGFEE28DB,藍田西段,26.67,都市：住,100000,394,持分移轉,03210000
RPTNMLRKMHGGFEE48DB,藍田西段,26.67,都市：住,100000,394,持分移轉,03210000
RPSNMLRKMHGGFEE38DB,藍田西段,26.67,都市：住,100000,394,持分移轉,03210000
RPWNMLRKMHGGFEE78DB,藍田西段,26.67,都市：住,100000,394,持分移轉,03210000
RPXNMLRKMHGGFEE88DB,藍田西段,26.67,都市：住,100000,394,持分移轉,03210000
RPPOMLRKMHGGFEE18DB,藍田西段,26.67,都市：住,100000,394,持分移轉,03210000
RPQOMLRKMHGGFEE28DB,藍田西段,26.67,都市：住,100000,394,持分移轉,03210000
RPOOMLRKMHGGFEE08DB,藍田西段,26.67,都市：住,100000,394,持分移轉,03210000
RPROMLRKMHGGFEE38DB,藍田西段,26.67,都市：住,100000,394,持分移轉,03210000
RPTOMLRKMHGGFEE58DB,藍田西段,26.67,都市：住,100000,394,持分移轉,03210000
RPVOMLRKMHGGFEE78DB,藍田西段,17.80,都市：住,100000,263,持分移轉,03210000
RPSOMLRKMHGGFEE48DB,藍田西段,26.67,都市：住,100000,394,持分移轉,03210000
RPXOMLRKMHGGFEE98DB,藍田西段,17.80,都市：住,100000,263,持分移轉,03210000
RPQPMLRKMHGGFEE38DB,藍田西段,17.80,都市：住,100000,263,持分移轉,03210000
RPOPMLRKMHGGFEE18DB,藍田西段,17.80,都市：住,100000,263,持分移轉,03210000
RPPPMLRKMHGGFEE28DB,藍田西段,17.80,都市：住,100000,263,持分移轉,03210000
RPSPMLRKMHGGFEE58DB,藍田西段,17.80,都市：住,100000,263,持分移轉,03210000
RPRPMLRKMHGGFEE48DB,藍田西段,17.80,都市：住,100000,263,持分移轉,03210000
RPVPMLRKMHGGFEE88DB,藍田西段,17.80,都市：住,100000,263,持分移轉,03210000
RPTPMLRKMHGGFEE68DB,藍田西段,17.80,都市：住,100000,263,持分移轉,03210000
RPXPMLRKMHGGFEE09DB,藍田西段,17.80,都市：住,100000,263,持分移轉,03210000
RPUPMLRKMHGGFEE78DB,藍田西段,17.80,都市：住,100000,263,持分移轉,03210000
RPQQMLRKMHGGFEE48DB,藍田西段,17.80,都市：住,100000,263,持分移轉,03210000
RPWPMLRKMHGGFEE98DB,藍田西段,17.80,都市：住,100000,263,持分移轉,03210000
RPPQMLRKMHGGFEE38DB,藍田西段,17.80,都市：住,100000,263,持分移轉,03210000
RPRQMLRKMHGGFEE58DB,藍田西段,17.80,都市：住,100000,263,持分移轉,03210000
RPOQMLRKMHGGFEE28DB,藍田西段,17.80,都市：住,100000,263,持分移轉,03210000
RPSQMLRKMHGGFEE68DB,藍田西段,17.80,都市：住,100000,263,持分移轉,03210000
RPTQMLRKMHGGFEE78DB,藍田西段,17.80,都市：住,100000,263,持分移轉,03210000
RPVQMLRKMHGGFEE98DB,藍田西段,17.80,都市：住,100000,263,持分移轉,03210000
RPUQMLRKMHGGFEE88DB,藍田西段,17.80,都市：住,100000,263,持分移轉,03210000
RPXQMLRKMHGGFEE56DB,藍田西段,17.80,都市：住,100000,263,持分移轉,03210000
RPORMLRKMHGGFEE38DB,藍田西段,17.80,都市：住,100000,263,持分移轉,03210000
RPWQMLRKMHGGFEE09DB,藍田西段,17.80,都市：住,100000,263,持分移轉,03210000
RPQRMLRKMHGGFEE58DB,藍田西段,17.80,都市：住,100000,263,持分移轉,03210000
RPRRMLRKMHGGFEE68DB,藍田西段,17.80,都市：住,100000,263,持分移轉,03210000
RPPRMLRKMHGGFEE48DB,藍田西段,17.80,都市：住,100000,263,持分移轉,03210000
RPSRMLRKMHGGFEE78DB,藍田西段,17.80,都市：住,100000,263,持分移轉,03210000
RPURMLRKMHGGFEE98DB,藍田西段,26.26,都市：住,100000,388,持分移轉,03210000
RPOSMLRKMHGGFEE48DB,藍田西段,26.26,都市：住,100000,388,持分移轉,03210000
RPPSMLRKMHGGFEE58DB,藍田西段,26.26,都市：住,100000,388,持分移轉,03210000
RPTRMLRKMHGGFEE88DB,藍田西段,17.80,都市：住,100000,263,持分移轉,03210000
RPWRMLRKMHGGFEE56DB,藍田西段,26.26,都市：住,100000,388,持分移轉,03210000
RPQSMLRKMHGGFEE68DB,藍田西段,26.26,都市：住,100000,388,持分移轉,03210000
RPRSMLRKMHGGFEE78DB,藍田西段,26.26,都市：住,100000,388,持分移轉,03210000
RPTSMLRKMHGGFEE98DB,藍田西段,26.26,都市：住,100000,388,持分移轉,03210000
RPVRMLRKMHGGFEE09DB,藍田西段,26.26,都市：住,100000,388,持分移轉,03210000
RPXRMLRKMHGGFEE66DB,藍田西段,26.26,都市：住,100000,388,持分移轉,03210000
RPSSMLRKMHGGFEE88DB,藍田西段,26.26,都市：住,100000,388,持分移轉,03210000
RPUSMLRKMHGGFEE09DB,藍田西段,26.26,都市：住,100000,388,持分移轉,03210000
RPVSMLRKMHGGFEE56DB,藍田西段,26.26,都市：住,100000,388,持分移轉,03210000
RPWSMLRKMHGGFEE66DB,藍田西段,26.26,都市：住,100000,388,持分移轉,03210000
RPOTMLRKMHGGFEE58DB,藍田西段,15.23,都市：住,100000,225,持分移轉,03210000
RPXSMLRKMHGGFEE76DB,藍田西段,15.23,都市：住,100000,225,持分移轉,03210000
RPPTMLRKMHGGFEE68DB,藍田西段,15.23,都市：住,100000,225,持分移轉,03210000
RPQTMLRKMHGGFEE78DB,藍田西段,15.23,都市：住,100000,225,持分移轉,03210000
RPRTMLRKMHGGFEE88DB,藍田西段,15.23,都市：住,100000,225,持分移轉,03210000
RPTTMLRKMHGGFEE09DB,藍田西段,15.23,都市：住,100000,225,持分移轉,03210000
RPUTMLRKMHGGFEE56DB,藍田西段,15.23,都市：住,100000,225,持分移轉,03210000
RPVTMLRKMHGGFEE66DB,藍田西段,15.23,都市：住,100000,225,持分移轉,03210000
RPSTMLRKMHGGFEE98DB,藍田西段,15.23,都市：住,100000,225,持分移轉,03210000
RPPUMLRKMHGGFEE78DB,藍田西段,15.23,都市：住,100000,225,持分移轉,03210000
RPWTMLRKMHGGFEE76DB,藍田西段,15.23,都市：住,100000,225,持分移轉,03210000
RPQUMLRKMHGGFEE88DB,藍田西段,15.23,都市：住,100000,225,持分移轉,03210000
RPXTMLRKMHGGFEE86DB,藍田西段,15.23,都市：住,100000,225,持分移轉,03210000
RPRUMLRKMHGGFEE98DB,藍田西段,14.96,都市：住,100000,221,持分移轉,03210000
RPUUMLRKMHGGFEE66DB,藍田西段,14.96,都市：住,100000,221,持分移轉,03210000
RPOUMLRKMHGGFEE68DB,藍田西段,15.23,都市：住,100000,225,持分移轉,03210000
RPTUMLRKMHGGFEE56DB,藍田西段,14.96,都市：住,100000,221,持分移轉,03210000
RPVUMLRKMHGGFEE76DB,藍田西段,14.96,都市：住,100000,221,持分移轉,03210000
RPSUMLRKMHGGFEE09DB,藍田西段,14.96,都市：住,100000,221,持分移轉,03210000
RPOVMLRKMHGGFEE78DB,藍田西段,14.96,都市：住,100000,221,持分移轉,03210000
RPPVMLRKMHGGFEE88DB,藍田西段,14.96,都市：住,100000,221,持分移轉,03210000
RPWUMLRKMHGGFEE86DB,藍田西段,14.96,都市：住,100000,221,持分移轉,03210000
RPXUMLRKMHGGFEE96DB,藍田西段,14.96,都市：住,100000,221,持分移轉,03210000
RPQVMLRKMHGGFEE98DB,藍田西段,14.96,都市：住,100000,221,持分移轉,03210000
RPTVMLRKMHGGFEE66DB,藍田西段,14.96,都市：住,100000,221,持分移轉,03210000
RPSVMLRKMHGGFEE56DB,藍田西段,14.96,都市：住,100000,221,持分移轉,03210000
RPOWMLRKMHGGFEE88DB,藍田西段,14.96,都市：住,100000,221,持分移轉,03210000
RPRVMLRKMHGGFEE09DB,藍田西段,14.96,都市：住,100000,221,持分移轉,03210000
RPQWMLRKMHGGFEE09DB,藍田西段,14.96,都市：住,100000,221,持分移轉,03210000
RPRWMLRKMHGGFEE56DB,藍田西段,14.96,都市：住,100000,221,持分移轉,03210000
RPPWMLRKMHGGFEE98DB,藍田西段,14.96,都市：住,100000,221,持分移轉,03210000
RPUVMLRKMHGGFEE76DB,藍田西段,14.96,都市：住,100000,221,持分移轉,03210000
RPSWMLRKMHGGFEE66DB,藍田西段,14.96,都市：住,100000,221,持分移轉,03210000
RPTWMLRKMHGGFEE76DB,藍田西段,14.96,都市：住,100000,221,持分移轉,03210000
RPUWMLRKMHGGFEE86DB,藍田西段,14.96,都市：住,100000,221,持分移轉,03210000
RPXVMLRKMHGGFEE07DB,藍田西段,14.96,都市：住,100000,221,持分移轉,03210000
RPVWMLRKMHGGFEE96DB,藍田西段,14.96,都市：住,100000,221,持分移轉,03210000
RPXWMLRKMHGGFEE17DB,藍田西段,14.96,都市：住,100000,221,持分移轉,03210000
RPRNNLRKMHGGFEE38DB,藍田西段,15.23,都市：住,100000,225,持分移轉,03210000
RPONNLRKMHGGFEE08DB,藍田西段,14.96,都市：住,100000,221,持分移轉,03210000
RPSNNLRKMHGGFEE48DB,藍田西段,15.23,都市：住,100000,225,持分移轉,03210000
RPTNNLRKMHGGFEE58DB,藍田西段,15.23,都市：住,100000,225,持分移轉,03210000
RPQNNLRKMHGGFEE28DB,藍田西段,14.96,都市：住,100000,221,持分移轉,03210000
RPVNNLRKMHGGFEE78DB,藍田西段,15.23,都市：住,100000,225,持分移轉,03210000
RPOONLRKMHGGFEE18DB,藍田西段,15.23,都市：住,100000,225,持分移轉,03210000
RPWNNLRKMHGGFEE88DB,藍田西段,15.23,都市：住,100000,225,持分移轉,03210000
RPXNNLRKMHGGFEE98DB,藍田西段,15.23,都市：住,100000,225,持分移轉,03210000
RPPONLRKMHGGFEE28DB,藍田西段,15.23,都市：住,100000,225,持分移轉,03210000
RPWWMLRKMHGGFEE07DB,藍田西段,14.96,都市：住,100000,221,持分移轉,03210000
RPPNNLRKMHGGFEE18DB,藍田西段,14.96,都市：住,100000,221,持分移轉,03210000
RPQONLRKMHGGFEE38DB,藍田西段,15.23,都市：住,100000,225,持分移轉,03210000
RPUNNLRKMHGGFEE68DB,藍田西段,15.23,都市：住,100000,225,持分移轉,03210000
RPRONLRKMHGGFEE48DB,藍田西段,15.23,都市：住,100000,225,持分移轉,03210000
RPSONLRKMHGGFEE58DB,藍田西段,15.23,都市：住,100000,225,持分移轉,03210000
RPTONLRKMHGGFEE68DB,藍田西段,15.23,都市：住,100000,225,持分移轉,03210000
RPUONLRKMHGGFEE78DB,藍田西段,15.23,都市：住,100000,225,持分移轉,03210000
RPOPNLRKMHGGFEE28DB,藍田西段,23.01,都市：住,100000,340,持分移轉,03210000
RPVONLRKMHGGFEE88DB,藍田西段,23.01,都市：住,100000,340,持分移轉,03210000
RPPPNLRKMHGGFEE38DB,藍田西段,23.01,都市：住,100000,340,持分移轉,03210000
RPXONLRKMHGGFEE09DB,藍田西段,23.01,都市：住,100000,340,持分移轉,03210000
RPWONLRKMHGGFEE98DB,藍田西段,23.01,都市：住,100000,340,持分移轉,03210000
RPQPNLRKMHGGFEE48DB,藍田西段,23.01,都市：住,100000,340,持分移轉,03210000
RPTPNLRKMHGGFEE78DB,藍田西段,23.01,都市：住,100000,340,持分移轉,03210000
RPPQNLRKMHGGFEE48DB,藍田西段,23.01,都市：住,100000,340,持分移轉,03210000
RPRPNLRKMHGGFEE58DB,藍田西段,23.01,都市：住,100000,340,持分移轉,03210000
RPUPNLRKMHGGFEE88DB,藍田西段,23.01,都市：住,100000,340,持分移轉,03210000
RPSPNLRKMHGGFEE68DB,藍田西段,23.01,都市：住,100000,340,持分移轉,03210000
RPSQNLRKMHGGFEE78DB,藍田西段,23.01,都市：住,100000,340,持分移轉,03210000
RPTQNLRKMHGGFEE88DB,藍田西段,21.39,都市：住,100000,316,持分移轉,03210000
RPQQNLRKMHGGFEE58DB,藍田西段,23.01,都市：住,100000,340,持分移轉,03210000
RPRQNLRKMHGGFEE68DB,藍田西段,23.01,都市：住,100000,340,持分移轉,03210000
RPVQNLRKMHGGFEE09DB,藍田西段,21.39,都市：住,100000,316,持分移轉,03210000
RPUQNLRKMHGGFEE98DB,藍田西段,21.39,都市：住,100000,316,持分移轉,03210000
RPQRNLRKMHGGFEE68DB,藍田西段,21.39,都市：住,100000,316,持分移轉,03210000
RPORNLRKMHGGFEE48DB,藍田西段,21.39,都市：住,100000,316,持分移轉,03210000
RPSRNLRKMHGGFEE88DB,藍田西段,21.39,都市：住,100000,316,持分移轉,03210000
RPTRNLRKMHGGFEE98DB,藍田西段,21.39,都市：住,100000,316,持分移轉,03210000
RPPRNLRKMHGGFEE58DB,藍田西段,21.39,都市：住,100000,316,持分移轉,03210000
RPXQNLRKMHGGFEE66DB,藍田西段,21.39,都市：住,100000,316,持分移轉,03210000
RPWQNLRKMHGGFEE56DB,藍田西段,21.39,都市：住,100000,316,持分移轉,03210000
RPURNLRKMHGGFEE09DB,藍田西段,21.39,都市：住,100000,316,持分移轉,03210000
RPRRNLRKMHGGFEE78DB,藍田西段,21.39,都市：住,100000,316,持分移轉,03210000
RPVRNLRKMHGGFEE56DB,藍田西段,21.39,都市：住,100000,316,持分移轉,03210000
RPXRNLRKMHGGFEE76DB,藍田西段,21.39,都市：住,100000,316,持分移轉,03210000
RPPNMLSKMHGGFEE18DB,藍田西段,21.39,都市：住,100000,316,持分移轉,03210000
RPWRNLRKMHGGFEE66DB,藍田西段,33.30,都市：住,100000,492,持分移轉,03210000
RPQNMLSKMHGGFEE28DB,藍田西段,21.39,都市：住,100000,316,持分移轉,03210000
RPRNMLSKMHGGFEE38DB,藍田西段,21.39,都市：住,100000,316,持分移轉,03210000
RPSNMLSKMHGGFEE48DB,藍田西段,21.39,都市：住,100000,316,持分移轉,03210000
RPVNMLSKMHGGFEE78DB,藍田西段,21.39,都市：住,100000,316,持分移轉,03210000
RPTNMLSKMHGGFEE58DB,藍田西段,21.39,都市：住,100000,316,持分移轉,03210000
RPUNMLSKMHGGFEE68DB,藍田西段,21.39,都市：住,100000,316,持分移轉,03210000
RPWNMLSKMHGGFEE88DB,藍田西段,21.39,都市：住,100000,316,持分移轉,03210000
RPOOMLSKMHGGFEE18DB,藍田西段,21.39,都市：住,100000,316,持分移轉,03210000
RPXNMLSKMHGGFEE98DB,藍田西段,21.39,都市：住,100000,316,持分移轉,03210000
RPROMLSKMHGGFEE48DB,藍田西段,21.39,都市：住,100000,316,持分移轉,03210000
RPPOMLSKMHGGFEE28DB,藍田西段,21.39,都市：住,100000,316,持分移轉,03210000
RPQOMLSKMHGGFEE38DB,藍田西段,21.39,都市：住,100000,316,持分移轉,03210000
RPSOMLSKMHGGFEE58DB,藍田西段,21.39,都市：住,100000,316,持分移轉,03210000
RPTOMLSKMHGGFEE68DB,藍田西段,30.05,都市：住,100000,444,持分移轉,03210000
RPWOMLSKMHGGFEE98DB,藍田西段,21.12,都市：住,100000,312,持分移轉,03210000
RPUOMLSKMHGGFEE78DB,藍田西段,21.12,都市：住,100000,312,持分移轉,03210000
RPVOMLSKMHGGFEE88DB,藍田西段,21.12,都市：住,100000,312,持分移轉,03210000
RPOPMLSKMHGGFEE28DB,藍田西段,21.12,都市：住,100000,312,持分移轉,03210000
RPQPMLSKMHGGFEE48DB,藍田西段,21.12,都市：住,100000,312,持分移轉,03210000
RPRPMLSKMHGGFEE58DB,藍田西段,21.12,都市：住,100000,312,持分移轉,03210000
RPPPMLSKMHGGFEE38DB,藍田西段,21.12,都市：住,100000,312,持分移轉,03210000
RPXOMLSKMHGGFEE09DB,藍田西段,21.12,都市：住,100000,312,持分移轉,03210000
RPTPMLSKMHGGFEE78DB,藍田西段,21.12,都市：住,100000,312,持分移轉,03210000
RPSPMLSKMHGGFEE68DB,藍田西段,21.12,都市：住,100000,312,持分移轉,03210000
RPVPMLSKMHGGFEE98DB,藍田西段,21.12,都市：住,100000,312,持分移轉,03210000
RPUPMLSKMHGGFEE88DB,藍田西段,21.12,都市：住,100000,312,持分移轉,03210000
RPWPMLSKMHGGFEE09DB,藍田西段,21.12,都市：住,100000,312,持分移轉,03210000
RPXPMLSKMHGGFEE56DB,藍田西段,21.12,都市：住,100000,312,持分移轉,03210000
RPOQMLSKMHGGFEE38DB,藍田西段,21.12,都市：住,100000,312,持分移轉,03210000
RPRQMLSKMHGGFEE68DB,藍田西段,21.12,都市：住,100000,312,持分移轉,03210000
RPPQMLSKMHGGFEE48DB,藍田西段,21.12,都市：住,100000,312,持分移轉,03210000
RPQQMLSKMHGGFEE58DB,藍田西段,21.12,都市：住,100000,312,持分移轉,03210000
RPSQMLSKMHGGFEE78DB,藍田西段,21.12,都市：住,100000,312,持分移轉,03210000
RPUQMLSKMHGGFEE98DB,藍田西段,21.12,都市：住,100000,312,持分移轉,03210000
RPWQMLSKMHGGFEE56DB,藍田西段,21.12,都市：住,100000,312,持分移轉,03210000
RPTQMLSKMHGGFEE88DB,藍田西段,21.12,都市：住,100000,312,持分移轉,03210000
RPVQMLSKMHGGFEE09DB,藍田西段,21.12,都市：住,100000,312,持分移轉,03210000
RPXQMLSKMHGGFEE66DB,藍田西段,21.12,都市：住,100000,312,持分移轉,03210000
RPPRMLSKMHGGFEE58DB,藍田西段,21.39,都市：住,100000,316,持分移轉,03210000
RPORMLSKMHGGFEE48DB,藍田西段,21.39,都市：住,100000,316,持分移轉,03210000
RPQRMLSKMHGGFEE68DB,藍田西段,21.39,都市：住,100000,316,持分移轉,03210000
RPRRMLSKMHGGFEE78DB,藍田西段,21.39,都市：住,100000,316,持分移轉,03210000
RPSRMLSKMHGGFEE88DB,藍田西段,21.39,都市：住,100000,316,持分移轉,03210000
RPTRMLSKMHGGFEE98DB,藍田西段,21.39,都市：住,100000,316,持分移轉,03210000
RPURMLSKMHGGFEE09DB,藍田西段,21.39,都市：住,100000,316,持分移轉,03210000
RPXRMLSKMHGGFEE76DB,藍田西段,21.39,都市：住,100000,316,持分移轉,03210000
RPVRMLSKMHGGFEE56DB,藍田西段,21.39,都市：住,100000,316,持分移轉,03210000
RPWRMLSKMHGGFEE66DB,藍田西段,21.39,都市：住,100000,316,持分移轉,03210000
RPOSMLSKMHGGFEE58DB,藍田西段,21.39,都市：住,100000,316,持分移轉,03210000
RPQSMLSKMHGGFEE78DB,藍田西段,21.39,都市：住,100000,316,持分移轉,03210000
RPPSMLSKMHGGFEE68DB,藍田西段,21.39,都市：住,100000,316,持分移轉,03210000
RPRSMLSKMHGGFEE88DB,藍田西段,21.39,都市：住,100000,316,持分移轉,03210000
RPTSMLSKMHGGFEE09DB,藍田西段,21.39,都市：住,100000,316,持分移轉,03210000
RPUSMLSKMHGGFEE56DB,藍田西段,21.39,都市：住,100000,316,持分移轉,03210000
RPSSMLSKMHGGFEE98DB,藍田西段,21.39,都市：住,100000,316,持分移轉,03210000
RPWSMLSKMHGGFEE76DB,藍田西段,21.39,都市：住,100000,316,持分移轉,03210000
RPVSMLSKMHGGFEE66DB,藍田西段,21.39,都市：住,100000,316,持分移轉,03210000
RPXSMLSKMHGGFEE86DB,藍田西段,21.39,都市：住,100000,316,持分移轉,03210000
RPOTMLSKMHGGFEE68DB,藍田西段,21.39,都市：住,100000,316,持分移轉,03210000
RPQTMLSKMHGGFEE88DB,藍田西段,21.39,都市：住,100000,316,持分移轉,03210000
RPPTMLSKMHGGFEE78DB,藍田西段,21.39,都市：住,100000,316,持分移轉,03210000
RPSTMLSKMHGGFEE09DB,藍田西段,21.39,都市：住,100000,316,持分移轉,03210000
RPRTMLSKMHGGFEE98DB,藍田西段,21.39,都市：住,100000,316,持分移轉,03210000
RPTTMLSKMHGGFEE56DB,藍田西段,21.39,都市：住,100000,316,持分移轉,03210000
RPUTMLSKMHGGFEE66DB,藍田西段,21.39,都市：住,100000,316,持分移轉,03210000
RPVTMLSKMHGGFEE76DB,藍田西段,21.39,都市：住,100000,316,持分移轉,03210000
RPXTMLSKMHGGFEE96DB,藍田西段,21.12,都市：住,100000,312,持分移轉,03210000
RPOUMLSKMHGGFEE78DB,藍田西段,21.12,都市：住,100000,312,持分移轉,03210000
RPWTMLSKMHGGFEE86DB,藍田西段,21.12,都市：住,100000,312,持分移轉,03210000
RPPUMLSKMHGGFEE88DB,藍田西段,21.12,都市：住,100000,312,持分移轉,03210000
RPUUMLSKMHGGFEE76DB,藍田西段,21.12,都市：住,100000,312,持分移轉,03210000
RPRUMLSKMHGGFEE09DB,藍田西段,21.12,都市：住,100000,312,持分移轉,03210000
RPQUMLSKMHGGFEE98DB,藍田西段,21.12,都市：住,100000,312,持分移轉,03210000
RPTUMLSKMHGGFEE66DB,藍田西段,21.12,都市：住,100000,312,持分移轉,03210000
RPSUMLSKMHGGFEE56DB,藍田西段,21.12,都市：住,100000,312,持分移轉,03210000
RPVUMLSKMHGGFEE86DB,藍田西段,21.12,都市：住,100000,312,持分移轉,03210000
RPXUMLSKMHGGFEE07DB,藍田西段,21.12,都市：住,100000,312,持分移轉,03210000
RPWUMLSKMHGGFEE96DB,藍田西段,21.12,都市：住,100000,312,持分移轉,03210000
RPOVMLSKMHGGFEE88DB,藍田西段,15.30,都市：住,100000,226,持分移轉,03210000
RPPVMLSKMHGGFEE98DB,藍田西段,15.30,都市：住,100000,226,持分移轉,03210000
RPTVMLSKMHGGFEE76DB,藍田西段,15.30,都市：住,100000,226,持分移轉,03210000
RPQVMLSKMHGGFEE09DB,藍田西段,15.30,都市：住,100000,226,持分移轉,03210000
RPUVMLSKMHGGFEE86DB,藍田西段,15.30,都市：住,100000,226,持分移轉,03210000
RPRVMLSKMHGGFEE56DB,藍田西段,15.30,都市：住,100000,226,持分移轉,03210000
RPVVMLSKMHGGFEE96DB,藍田西段,15.30,都市：住,100000,226,持分移轉,03210000
RPXVMLSKMHGGFEE17DB,藍田西段,15.30,都市：住,100000,226,持分移轉,03210000
RPSVMLSKMHGGFEE66DB,藍田西段,15.30,都市：住,100000,226,持分移轉,03210000
RPPWMLSKMHGGFEE09DB,藍田西段,15.30,都市：住,100000,226,持分移轉,03210000
RPOWMLSKMHGGFEE98DB,藍田西段,15.30,都市：住,100000,226,持分移轉,03210000
RPQWMLSKMHGGFEE56DB,藍田西段,15.30,都市：住,100000,226,持分移轉,03210000
RPSWMLSKMHGGFEE76DB,藍田西段,20.04,都市：住,100000,296,持分移轉,03210000
RPWVMLSKMHGGFEE07DB,藍田西段,15.30,都市：住,100000,226,持分移轉,03210000
RPVWMLSKMHGGFEE07DB,藍田西段,20.04,都市：住,100000,296,持分移轉,03210000
RPTWMLSKMHGGFEE86DB,藍田西段,20.04,都市：住,100000,296,持分移轉,03210000
RPWWMLSKMHGGFEE17DB,藍田西段,20.04,都市：住,100000,296,持分移轉,03210000
RPUWMLSKMHGGFEE96DB,藍田西段,20.04,都市：住,100000,296,持分移轉,03210000
RPXWMLSKMHGGFEE27DB,藍田西段,20.04,都市：住,100000,296,持分移轉,03210000
RPONNLSKMHGGFEE18DB,藍田西段,20.04,都市：住,100000,296,持分移轉,03210000
RPPNNLSKMHGGFEE28DB,藍田西段,20.04,都市：住,100000,296,持分移轉,03210000
RPRNNLSKMHGGFEE48DB,藍田西段,20.04,都市：住,100000,296,持分移轉,03210000
RPQNNLSKMHGGFEE38DB,藍田西段,20.04,都市：住,100000,296,持分移轉,03210000
RPSNNLSKMHGGFEE58DB,藍田西段,20.04,都市：住,100000,296,持分移轉,03210000
RPVNNLSKMHGGFEE88DB,藍田西段,20.04,都市：住,100000,296,持分移轉,03210000
RPTNNLSKMHGGFEE68DB,藍田西段,20.04,都市：住,100000,296,持分移轉,03210000
RPWNNLSKMHGGFEE98DB,藍田西段,20.04,都市：住,100000,296,持分移轉,03210000
RPUNNLSKMHGGFEE78DB,藍田西段,20.04,都市：住,100000,296,持分移轉,03210000
RPXNNLSKMHGGFEE09DB,藍田西段,20.04,都市：住,100000,296,持分移轉,03210000
RPQONLSKMHGGFEE48DB,藍田西段,20.04,都市：住,100000,296,持分移轉,03210000
RPOONLSKMHGGFEE28DB,藍田西段,20.04,都市：住,100000,296,持分移轉,03210000
RPPONLSKMHGGFEE38DB,藍田西段,20.04,都市：住,100000,296,持分移轉,03210000
RPSONLSKMHGGFEE68DB,藍田西段,20.04,都市：住,100000,296,持分移轉,03210000
RPUONLSKMHGGFEE88DB,藍田西段,20.04,都市：住,100000,296,持分移轉,03210000
RPRONLSKMHGGFEE58DB,藍田西段,20.04,都市：住,100000,296,持分移轉,03210000
RPTONLSKMHGGFEE78DB,藍田西段,20.04,都市：住,100000,296,持分移轉,03210000
RPVONLSKMHGGFEE98DB,藍田西段,20.04,都市：住,100000,296,持分移轉,03210000
RPWONLSKMHGGFEE09DB,藍田西段,20.04,都市：住,100000,296,持分移轉,03210000
RPPPNLSKMHGGFEE48DB,藍田西段,20.04,都市：住,100000,296,持分移轉,03210000
RPXONLSKMHGGFEE56DB,藍田西段,20.04,都市：住,100000,296,持分移轉,03210000
RPOPNLSKMHGGFEE38DB,藍田西段,20.04,都市：住,100000,296,持分移轉,03210000
RPSPNLSKMHGGFEE78DB,藍田西段,15.30,都市：住,100000,226,持分移轉,03210000
RPRPNLSKMHGGFEE68DB,藍田西段,15.30,都市：住,100000,226,持分移轉,03210000
RPVPNLSKMHGGFEE09DB,藍田西段,15.30,都市：住,100000,226,持分移轉,03210000
RPWPNLSKMHGGFEE56DB,藍田西段,15.30,都市：住,100000,226,持分移轉,03210000
RPUPNLSKMHGGFEE98DB,藍田西段,15.30,都市：住,100000,226,持分移轉,03210000
RPTPNLSKMHGGFEE88DB,藍田西段,15.30,都市：住,100000,226,持分移轉,03210000
RPXPNLSKMHGGFEE66DB,藍田西段,15.30,都市：住,100000,226,持分移轉,03210000
RPQQNLSKMHGGFEE68DB,藍田西段,15.30,都市：住,100000,226,持分移轉,03210000
RPOQNLSKMHGGFEE48DB,藍田西段,15.30,都市：住,100000,226,持分移轉,03210000
RPWQNLSKMHGGFEE66DB,藍田西段,16.31,都市：住,100000,241,持分移轉,03210000
RPPQNLSKMHGGFEE58DB,藍田西段,15.30,都市：住,100000,226,持分移轉,03210000
RPSQNLSKMHGGFEE88DB,藍田西段,15.30,都市：住,100000,226,持分移轉,03210000
RPTQNLSKMHGGFEE98DB,藍田西段,15.30,都市：住,100000,226,持分移轉,03210000
RPUQNLSKMHGGFEE09DB,藍田西段,15.30,都市：住,100000,226,持分移轉,03210000
RPRQNLSKMHGGFEE78DB,藍田西段,15.30,都市：住,100000,226,持分移轉,03210000
RPVQNLSKMHGGFEE56DB,藍田西段,16.31,都市：住,100000,241,持分移轉,03210000
RPORNLSKMHGGFEE58DB,藍田西段,16.31,都市：住,100000,241,持分移轉,03210000
RPPRNLSKMHGGFEE68DB,藍田西段,16.31,都市：住,100000,241,持分移轉,03210000
RPXQNLSKMHGGFEE76DB,藍田西段,16.31,都市：住,100000,241,持分移轉,03210000
RPQRNLSKMHGGFEE78DB,藍田西段,16.31,都市：住,100000,241,持分移轉,03210000
RPRRNLSKMHGGFEE88DB,藍田西段,16.31,都市：住,100000,241,持分移轉,03210000
RPSRNLSKMHGGFEE98DB,藍田西段,16.31,都市：住,100000,241,持分移轉,03210000
RPURNLSKMHGGFEE56DB,藍田西段,16.31,都市：住,100000,241,持分移轉,03210000
RPTRNLSKMHGGFEE09DB,藍田西段,16.31,都市：住,100000,241,持分移轉,03210000
RPVRNLSKMHGGFEE66DB,藍田西段,16.31,都市：住,100000,241,持分移轉,03210000
RPWRNLSKMHGGFEE76DB,藍田西段,16.31,都市：住,100000,241,持分移轉,03210000
RPOSNLSKMHGGFEE68DB,藍田西段,16.31,都市：住,100000,241,持分移轉,03210000
RPPSNLSKMHGGFEE78DB,藍田西段,20.10,都市：住,100000,297,持分移轉,03210000
RPQSNLSKMHGGFEE88DB,藍田西段,20.10,都市：住,100000,297,持分移轉,03210000
RPSSNLSKMHGGFEE09DB,藍田西段,20.10,都市：住,100000,297,持分移轉,03210000
RPXRNLSKMHGGFEE86DB,藍田西段,16.31,都市：住,100000,241,持分移轉,03210000
RPVSNLSKMHGGFEE76DB,藍田西段,20.10,都市：住,100000,297,持分移轉,03210000
RPWSNLSKMHGGFEE86DB,藍田西段,20.10,都市：住,100000,297,持分移轉,03210000
RPRSNLSKMHGGFEE98DB,藍田西段,20.10,都市：住,100000,297,持分移轉,03210000
RPTSNLSKMHGGFEE56DB,藍田西段,20.10,都市：住,100000,297,持分移轉,03210000
RPXSNLSKMHGGFEE96DB,藍田西段,20.10,都市：住,100000,297,持分移轉,03210000
RPUSNLSKMHGGFEE66DB,藍田西段,20.10,都市：住,100000,297,持分移轉,03210000
RPPTNLSKMHGGFEE88DB,藍田西段,20.10,都市：住,100000,297,持分移轉,03210000
RPSTNLSKMHGGFEE56DB,藍田西段,20.10,都市：住,100000,297,持分移轉,03210000
RPOTNLSKMHGGFEE78DB,藍田西段,20.10,都市：住,100000,297,持分移轉,03210000
RPQTNLSKMHGGFEE98DB,藍田西段,20.10,都市：住,100000,297,持分移轉,03210000
RPWTNLSKMHGGFEE96DB,藍田西段,20.10,都市：住,100000,297,持分移轉,03210000
RPRTNLSKMHGGFEE09DB,藍田西段,20.10,都市：住,100000,297,持分移轉,03210000
RPUTNLSKMHGGFEE76DB,藍田西段,20.10,都市：住,100000,297,持分移轉,03210000
RPXTNLSKMHGGFEE07DB,藍田西段,20.10,都市：住,100000,297,持分移轉,03210000
RPVTNLSKMHGGFEE86DB,藍田西段,20.10,都市：住,100000,297,持分移轉,03210000
RPOUNLSKMHGGFEE88DB,藍田西段,20.10,都市：住,100000,297,持分移轉,03210000
RPQUNLSKMHGGFEE09DB,藍田西段,20.10,都市：住,100000,297,持分移轉,03210000
RPPUNLSKMHGGFEE98DB,藍田西段,20.10,都市：住,100000,297,持分移轉,03210000
RPRUNLSKMHGGFEE56DB,藍田西段,20.10,都市：住,100000,297,持分移轉,03210000
RPSUNLSKMHGGFEE66DB,藍田西段,20.10,都市：住,100000,297,持分移轉,03210000
RPUUNLSKMHGGFEE86DB,藍田西段,20.10,都市：住,100000,297,持分移轉,03210000
RPTUNLSKMHGGFEE76DB,藍田西段,20.10,都市：住,100000,297,持分移轉,03210000
RPVUNLSKMHGGFEE96DB,藍田西段,20.10,都市：住,100000,297,持分移轉,03210000
RPXUNLSKMHGGFEE17DB,藍田西段,20.10,都市：住,100000,297,持分移轉,03210000
RPWUNLSKMHGGFEE07DB,藍田西段,20.10,都市：住,100000,297,持分移轉,03210000
RPOVNLSKMHGGFEE98DB,藍田西段,14.62,都市：住,100000,216,持分移轉,03210000
RPRVNLSKMHGGFEE66DB,藍田西段,14.62,都市：住,100000,216,持分移轉,03210000
RPQVNLSKMHGGFEE56DB,藍田西段,14.62,都市：住,100000,216,持分移轉,03210000
RPPVNLSKMHGGFEE09DB,藍田西段,14.62,都市：住,100000,216,持分移轉,03210000
RPSVNLSKMHGGFEE76DB,藍田西段,14.62,都市：住,100000,216,持分移轉,03210000
RPUVNLSKMHGGFEE96DB,藍田西段,14.62,都市：住,100000,216,持分移轉,03210000
RPTVNLSKMHGGFEE86DB,藍田西段,14.62,都市：住,100000,216,持分移轉,03210000
RPXVNLSKMHGGFEE27DB,藍田西段,14.62,都市：住,100000,216,持分移轉,03210000
RPWVNLSKMHGGFEE17DB,藍田西段,14.62,都市：住,100000,216,持分移轉,03210000
RPVVNLSKMHGGFEE07DB,藍田西段,14.62,都市：住,100000,216,持分移轉,03210000
RPPWNLSKMHGGFEE56DB,藍田西段,14.62,都市：住,100000,216,持分移轉,03210000
RPOWNLSKMHGGFEE09DB,藍田西段,14.62,都市：住,100000,216,持分移轉,03210000
RPQWNLSKMHGGFEE66DB,藍田西段,14.62,都市：住,100000,216,持分移轉,03210000
RPRWNLSKMHGGFEE76DB,藍田西段,14.62,都市：住,100000,216,持分移轉,03210000
RPUWNLSKMHGGFEE07DB,藍田西段,16.31,都市：住,100000,241,持分移轉,03210000
RPSWNLSKMHGGFEE86DB,藍田西段,16.31,都市：住,100000,241,持分移轉,03210000
RPWWNLSKMHGGFEE27DB,藍田西段,16.31,都市：住,100000,241,持分移轉,03210000
RPRNOLSKMHGGFEE58DB,藍田西段,16.31,都市：住,100000,241,持分移轉,03210000
RPTWNLSKMHGGFEE96DB,藍田西段,16.31,都市：住,100000,241,持分移轉,03210000
RPVWNLSKMHGGFEE17DB,藍田西段,16.31,都市：住,100000,241,持分移轉,03210000
RPXWNLSKMHGGFEE37DB,藍田西段,16.31,都市：住,100000,241,持分移轉,03210000
RPPNOLSKMHGGFEE38DB,藍田西段,16.31,都市：住,100000,241,持分移轉,03210000
RPONOLSKMHGGFEE28DB,藍田西段,16.31,都市：住,100000,241,持分移轉,03210000
RPSNOLSKMHGGFEE68DB,藍田西段,16.31,都市：住,100000,241,持分移轉,03210000
RPVNOLSKMHGGFEE98DB,藍田西段,16.31,都市：住,100000,241,持分移轉,03210000
RPTNMLTKMHGGFCE38CB,港和段一小段,10.64,都市：商,10000,31,持分移轉,01580000
RPVNMLTKMHGGFCE58CB,港和段一小段,10.64,都市：商,10000,31,持分移轉,01580000
RPQNOLSKMHGGFEE48DB,藍田西段,16.31,都市：住,100000,241,持分移轉,03210000
RPTNOLSKMHGGFEE78DB,藍田西段,16.31,都市：住,100000,241,持分移轉,03210000
RPUNOLSKMHGGFEE88DB,藍田西段,16.31,都市：住,100000,241,持分移轉,03210000
RPOOMLTKMHGGFCE97CB,港和段一小段,10.64,都市：商,10000,31,持分移轉,01580000
RPQOMLTKMHGGFCE18CB,港和段一小段,10.30,都市：商,10000,30,持分移轉,01580000
RPWNMLTKMHGGFCE68CB,港和段一小段,10.64,都市：商,10000,31,持分移轉,01580000
RPPOMLTKMHGGFCE08CB,港和段一小段,10.64,都市：商,10000,31,持分移轉,01580000
RPQNMLTKMHGGFCE08CB,港和段一小段,10.64,都市：商,10000,31,持分移轉,01580000
RPROMLTKMHGGFCE28CB,港和段一小段,10.64,都市：商,10000,31,持分移轉,01580000
RPOPMLTKMHGGFCE08CB,港和段一小段,14.76,都市：商,10000,43,持分移轉,01580000
RPRPMLTKMHGGFCE38CB,港和段一小段,14.42,都市：商,10000,42,持分移轉,01580000
RPTOMLTKMHGGFCE48CB,港和段一小段,9.61,都市：商,10000,28,持分移轉,01580000
RPVOMLTKMHGGFCE68CB,港和段一小段,14.76,都市：商,10000,43,持分移轉,01580000
RPXOMLTKMHGGFCE88CB,港和段一小段,14.76,都市：商,10000,43,持分移轉,01580000
RPXPMLTKMHGGFCE98CB,港和段一小段,14.76,都市：商,10000,43,持分移轉,01580000
RPWOMLTKMHGGFCE78CB,港和段一小段,14.76,都市：商,10000,43,持分移轉,01580000
RPVPMLTKMHGGFCE78CB,港和段一小段,14.76,都市：商,10000,43,持分移轉,01580000
RPTPMLTKMHGGFCE58CB,港和段一小段,14.76,都市：商,10000,43,持分移轉,01580000
RPSPMLTKMHGGFCE48CB,港和段一小段,14.76,都市：商,10000,43,持分移轉,01580000
RPWNMLKLMHGGFCE87CB,港和段一小段,13.73,都市：商,10000,40,持分移轉,01580000
RPXNMLKLMHGGFCE97CB,港和段一小段,8.92,都市：商,10000,26,持分移轉,01580000
RPOQMLTKMHGGFCE18CB,港和段一小段,14.76,都市：商,10000,43,持分移轉,01580000
RPWOMLKLMHGGFCE97CB,港和段一小段,8.92,都市：商,10000,26,持分移轉,01580000
RPRNMLKLMHGGFCE37CB,港和段一小段,14.76,都市：商,10000,43,持分移轉,01580000
RPSNMLKLMHGGFCE47CB,港和段一小段,14.76,都市：商,10000,43,持分移轉,01580000
RPTNMLKLMHGGFCE57CB,港和段一小段,14.76,都市：商,10000,43,持分移轉,01580000
RPVNMLKLMHGGFCE77CB,港和段一小段,14.76,都市：商,10000,43,持分移轉,01580000
RPOOMLKLMHGGFCE17CB,港和段一小段,8.92,都市：商,10000,26,持分移轉,01580000
RPVOMLKLMHGGFCE87CB,港和段一小段,8.92,都市：商,10000,26,持分移轉,01580000
RPOPMLKLMHGGFCE27CB,港和段一小段,8.92,都市：商,10000,26,持分移轉,01580000
RPPPMLKLMHGGFCE37CB,港和段一小段,8.92,都市：商,10000,26,持分移轉,01580000
RPXOMLKLMHGGFCE08CB,港和段一小段,8.92,都市：商,10000,26,持分移轉,01580000
RPWPMLKLMHGGFCE08CB,港和段一小段,8.92,都市：商,10000,26,持分移轉,01580000
RPSPMLKLMHGGFCE67CB,港和段一小段,8.92,都市：商,10000,26,持分移轉,01580000
RPVPMLKLMHGGFCE97CB,港和段一小段,8.58,都市：商,10000,25,持分移轉,01580000
RPQPMLKLMHGGFCE47CB,港和段一小段,8.92,都市：商,10000,26,持分移轉,01580000
RPTPMLKLMHGGFCE77CB,港和段一小段,8.58,都市：商,10000,25,持分移轉,01580000
RPUPMLKLMHGGFCE87CB,港和段一小段,8.92,都市：商,10000,26,持分移轉,01580000
RPXPMLKLMHGGFCE18CB,港和段一小段,8.92,都市：商,10000,26,持分移轉,01580000
RPQQMLKLMHGGFCE57CB,港和段一小段,12.01,都市：商,10000,35,持分移轉,01580000
RPRQMLKLMHGGFCE67CB,港和段一小段,12.01,都市：商,10000,35,持分移轉,01580000
RPQNMLLLMHGGFCE37CB,港和段一小段,12.01,都市：商,10000,35,持分移轉,01580000
RPPNMLLLMHGGFCE27CB,港和段一小段,12.01,都市：商,10000,35,持分移轉,01580000
RPPQMLKLMHGGFCE47CB,港和段一小段,12.01,都市：商,10000,35,持分移轉,01580000
RPRNMLLLMHGGFCE47CB,港和段一小段,12.01,都市：商,10000,35,持分移轉,01580000
RPSNMLLLMHGGFCE57CB,港和段一小段,12.01,都市：商,10000,35,持分移轉,01580000
RPTNMLLLMHGGFCE67CB,港和段一小段,12.01,都市：商,10000,35,持分移轉,01580000
RPQOMLLLMHGGFCE47CB,港和段一小段,12.01,都市：商,10000,35,持分移轉,01580000
RPUNMLLLMHGGFCE77CB,港和段一小段,12.01,都市：商,10000,35,持分移轉,01580000
RPWNMLLLMHGGFCE97CB,港和段一小段,12.01,都市：商,10000,35,持分移轉,01580000
RPWOMLLLMHGGFCE08CB,港和段一小段,14.07,都市：商,10000,41,持分移轉,01580000
RPPOMLLLMHGGFCE37CB,港和段一小段,12.01,都市：商,10000,35,持分移轉,01580000
RPXNMLLLMHGGFCE08CB,港和段一小段,12.01,都市：商,10000,35,持分移轉,01580000
RPOOMLLLMHGGFCE27CB,港和段一小段,12.01,都市：商,10000,35,持分移轉,01580000
RPROMLLLMHGGFCE57CB,港和段一小段,12.01,都市：商,10000,35,持分移轉,01580000
RPOPMLLLMHGGFCE37CB,港和段一小段,14.07,都市：商,10000,41,持分移轉,01580000
RPQPMLLLMHGGFCE57CB,港和段一小段,14.07,都市：商,10000,41,持分移轉,01580000
RPSOMLLLMHGGFCE67CB,港和段一小段,13.04,都市：商,10000,38,持分移轉,01580000
RPXOMLLLMHGGFCE18CB,港和段一小段,14.07,都市：商,10000,41,持分移轉,01580000
RPPPMLLLMHGGFCE47CB,港和段一小段,14.07,都市：商,10000,41,持分移轉,01580000
RPRPMLLLMHGGFCE67CB,港和段一小段,14.07,都市：商,10000,41,持分移轉,01580000
RPSPMLLLMHGGFCE77CB,港和段一小段,14.07,都市：商,10000,41,持分移轉,01580000
RPTPMLLLMHGGFCE87CB,港和段一小段,14.07,都市：商,10000,41,持分移轉,01580000
RPVPMLLLMHGGFCE08CB,港和段一小段,14.07,都市：商,10000,41,持分移轉,01580000
RPWPMLLLMHGGFCE18CB,港和段一小段,14.07,都市：商,10000,41,持分移轉,01580000
RPPQMLLLMHGGFCE57CB,港和段一小段,14.07,都市：商,10000,41,持分移轉,01580000
RPXPMLLLMHGGFCE28CB,港和段一小段,14.07,都市：商,10000,41,持分移轉,01580000
RPSQMLLLMHGGFCE87CB,港和段一小段,9.95,都市：商,10000,29,持分移轉,01580000
RPOQMLLLMHGGFCE47CB,港和段一小段,14.07,都市：商,10000,41,持分移轉,01580000
RPUQMLLLMHGGFCE08CB,港和段一小段,9.95,都市：商,10000,29,持分移轉,01580000
RPWQMLLLMHGGFCE28CB,港和段一小段,9.95,都市：商,10000,29,持分移轉,01580000
RPVQMLLLMHGGFCE18CB,港和段一小段,9.61,都市：商,10000,28,持分移轉,01580000
RPTQMLLLMHGGFCE97CB,港和段一小段,9.95,都市：商,10000,29,持分移轉,01580000
RPQRMLLLMHGGFCE77CB,港和段一小段,9.95,都市：商,10000,29,持分移轉,01580000
RPORMLLLMHGGFCE57CB,港和段一小段,9.95,都市：商,10000,29,持分移轉,01580000
RPPRMLLLMHGGFCE67CB,港和段一小段,9.95,都市：商,10000,29,持分移轉,01580000
RPXQMLLLMHGGFCE38CB,港和段一小段,9.95,都市：商,10000,29,持分移轉,01580000
RPRRMLLLMHGGFCE87CB,港和段一小段,9.95,都市：商,10000,29,持分移轉,01580000
RPURMLLLMHGGFCE18CB,港和段一小段,9.95,都市：商,10000,29,持分移轉,01580000
RPTRMLLLMHGGFCE08CB,港和段一小段,9.95,都市：商,10000,29,持分移轉,01580000
RPVRMLLLMHGGFCE28CB,港和段一小段,9.95,都市：商,10000,29,持分移轉,01580000
RPXRMLLLMHGGFCE48CB,港和段一小段,9.95,都市：商,10000,29,持分移轉,01580000
RPPSMLLLMHGGFCE77CB,港和段一小段,8.92,都市：商,10000,26,持分移轉,01580000
RPQSMLLLMHGGFCE87CB,港和段一小段,8.92,都市：商,10000,26,持分移轉,01580000
RPTSMLLLMHGGFCE18CB,港和段一小段,9.27,都市：商,10000,27,持分移轉,01580000
RPVSMLLLMHGGFCE38CB,港和段一小段,8.92,都市：商,10000,26,持分移轉,01580000
RPSSMLLLMHGGFCE08CB,港和段一小段,8.92,都市：商,10000,26,持分移轉,01580000
RPUSMLLLMHGGFCE28CB,港和段一小段,8.92,都市：商,10000,26,持分移轉,01580000
RPXSMLLLMHGGFCE58CB,港和段一小段,8.92,都市：商,10000,26,持分移轉,01580000
RPOTMLLLMHGGFCE77CB,港和段一小段,8.92,都市：商,10000,26,持分移轉,01580000
RPSNMLMLMHGGFCE67CB,港和段一小段,8.92,都市：商,10000,26,持分移轉,01580000
RPQNMLMLMHGGFCE47CB,港和段一小段,9.27,都市：商,10000,27,持分移轉,01580000
RPTNMLMLMHGGFCE77CB,港和段一小段,8.92,都市：商,10000,26,持分移轉,01580000
RPRTMLLLMHGGFCE08CB,港和段一小段,9.27,都市：商,10000,27,持分移轉,01580000
RPRNMLMLMHGGFCE57CB,港和段一小段,8.92,都市：商,10000,26,持分移轉,01580000
RPUNMLMLMHGGFCE87CB,港和段一小段,9.61,都市：商,10000,28,持分移轉,01580000
RPVNMLMLMHGGFCE97CB,港和段一小段,13.04,都市：商,10000,38,持分移轉,01580000
RPWNMLMLMHGGFCE08CB,港和段一小段,13.39,都市：商,10000,39,持分移轉,01580000
RPTOMLMLMHGGFCE87CB,港和段一小段,13.39,都市：商,10000,39,持分移轉,01580000
RPPOMLMLMHGGFCE47CB,港和段一小段,13.39,都市：商,10000,39,持分移轉,01580000
RPXNMLMLMHGGFCE18CB,港和段一小段,13.39,都市：商,10000,39,持分移轉,01580000
RPSOMLMLMHGGFCE77CB,港和段一小段,13.39,都市：商,10000,39,持分移轉,01580000
RPOOMLMLMHGGFCE37CB,港和段一小段,13.39,都市：商,10000,39,持分移轉,01580000
RPUOMLMLMHGGFCE97CB,港和段一小段,13.39,都市：商,10000,39,持分移轉,01580000
RPOPMLMLMHGGFCE47CB,港和段一小段,13.39,都市：商,10000,39,持分移轉,01580000
RPQOMLMLMHGGFCE57CB,港和段一小段,13.39,都市：商,10000,39,持分移轉,01580000
RPRPMLMLMHGGFCE77CB,港和段一小段,13.39,都市：商,10000,39,持分移轉,01580000
RPVOMLMLMHGGFCE08CB,港和段一小段,13.39,都市：商,10000,39,持分移轉,01580000
RPPPMLMLMHGGFCE57CB,港和段一小段,13.39,都市：商,10000,39,持分移轉,01580000
RPUPMLMLMHGGFCE08CB,港和段一小段,13.39,都市：商,10000,39,持分移轉,01580000
RPWPMLMLMHGGFCE28CB,港和段一小段,10.98,都市：商,10000,32,持分移轉,01580000
RPOQMLMLMHGGFCE57CB,港和段一小段,9.95,都市：商,10000,29,持分移轉,01580000
RPPQMLMLMHGGFCE67CB,港和段一小段,10.30,都市：商,10000,30,持分移轉,01580000
RPQQMLMLMHGGFCE77CB,港和段一小段,10.64,都市：商,10000,31,持分移轉,01580000
RPRQMLMLMHGGFCE87CB,港和段一小段,10.30,都市：商,10000,30,持分移轉,01580000
RPSQMLMLMHGGFCE97CB,港和段一小段,10.64,都市：商,10000,31,持分移轉,01580000
RPUQMLMLMHGGFCE18CB,港和段一小段,10.64,都市：商,10000,31,持分移轉,01580000
RPXNMLNLMHGGFCE28CB,港和段一小段,10.64,都市：商,10000,31,持分移轉,01580000
RPOOMLNLMHGGFCE47CB,港和段一小段,10.64,都市：商,10000,31,持分移轉,01580000
RPTNMLNLMHGGFCE87CB,港和段一小段,10.30,都市：商,10000,30,持分移轉,01580000
RPQOMLNLMHGGFCE67CB,港和段一小段,10.64,都市：商,10000,31,持分移轉,01580000
RPSOMLNLMHGGFCE87CB,港和段一小段,10.64,都市：商,10000,31,持分移轉,01580000
RPUNMLNLMHGGFCE97CB,港和段一小段,10.64,都市：商,10000,31,持分移轉,01580000
RPPOMLNLMHGGFCE57CB,港和段一小段,10.64,都市：商,10000,31,持分移轉,01580000
RPTOMLNLMHGGFCE97CB,港和段一小段,10.30,都市：商,10000,30,持分移轉,01580000
RPWOMLNLMHGGFCE28CB,港和段一小段,9.95,都市：商,10000,29,持分移轉,01580000
RPROMLNLMHGGFCE77CB,港和段一小段,10.64,都市：商,10000,31,持分移轉,01580000
RPSPMLNLMHGGFCE97CB,港和段一小段,10.30,都市：商,10000,30,持分移轉,01580000
RPOPMLNLMHGGFCE57CB,港和段一小段,9.95,都市：商,10000,29,持分移轉,01580000
RPTPMLNLMHGGFCE08CB,港和段一小段,10.30,都市：商,10000,30,持分移轉,01580000
RPXOMLNLMHGGFCE38CB,港和段一小段,9.95,都市：商,10000,29,持分移轉,01580000
RPVPMLNLMHGGFCE28CB,港和段一小段,10.30,都市：商,10000,30,持分移轉,01580000
RPUPMLNLMHGGFCE18CB,港和段一小段,9.95,都市：商,10000,29,持分移轉,01580000
RPXPMLNLMHGGFCE48CB,港和段一小段,10.30,都市：商,10000,30,持分移轉,01580000
RPWPMLNLMHGGFCE38CB,港和段一小段,10.30,都市：商,10000,30,持分移轉,01580000
RPOQMLNLMHGGFCE67CB,港和段一小段,10.30,都市：商,10000,30,持分移轉,01580000
RPQQMLNLMHGGFCE87CB,港和段一小段,10.30,都市：商,10000,30,持分移轉,01580000
RPPQMLNLMHGGFCE77CB,港和段一小段,10.30,都市：商,10000,30,持分移轉,01580000
RPTOMLQLMHGGFCE28CB,港和段一小段,9.95,都市：商,10000,29,持分移轉,01580000
RPVOMLQLMHGGFCE48CB,港和段一小段,11.67,都市：商,10000,34,持分移轉,01580000
RPUOMLQLMHGGFCE38CB,港和段一小段,10.30,都市：商,10000,30,持分移轉,01580000
RPWOMLQLMHGGFCE58CB,港和段一小段,13.39,都市：商,10000,39,持分移轉,01580000
RPTPMLQLMHGGFCE38CB,港和段一小段,13.04,都市：商,10000,38,持分移轉,01580000
RPXOMLQLMHGGFCE68CB,港和段一小段,13.39,都市：商,10000,39,持分移轉,01580000
RPOPMLQLMHGGFCE87CB,港和段一小段,13.39,都市：商,10000,39,持分移轉,01580000
RPSPMLQLMHGGFCE28CB,港和段一小段,13.39,都市：商,10000,39,持分移轉,01580000
RPOQMLQLMHGGFCE97CB,港和段一小段,13.04,都市：商,10000,38,持分移轉,01580000
RPVPMLQLMHGGFCE58CB,港和段一小段,13.39,都市：商,10000,39,持分移轉,01580000
RPPQMLQLMHGGFCE08CB,港和段一小段,13.39,都市：商,10000,39,持分移轉,01580000
RPQQMLQLMHGGFCE18CB,港和段一小段,13.39,都市：商,10000,39,持分移轉,01580000
RPRQMLQLMHGGFCE28CB,港和段一小段,13.39,都市：商,10000,39,持分移轉,01580000
RPSQMLQLMHGGFCE38CB,港和段一小段,13.39,都市：商,10000,39,持分移轉,01580000
RPUQMLQLMHGGFCE58CB,港和段一小段,13.39,都市：商,10000,39,持分移轉,01580000
RPWQMLQLMHGGFCE78CB,港和段一小段,13.39,都市：商,10000,39,持分移轉,01580000
RPTQMLQLMHGGFCE48CB,港和段一小段,13.39,都市：商,10000,39,持分移轉,01580000
RPORMLQLMHGGFCE08CB,港和段一小段,8.24,都市：商,10000,24,持分移轉,01580000
RPQRMLQLMHGGFCE28CB,港和段一小段,8.24,都市：商,10000,24,持分移轉,01580000
RPSRMLQLMHGGFCE48CB,港和段一小段,8.24,都市：商,10000,24,持分移轉,01580000
RPVRMLQLMHGGFCE78CB,港和段一小段,8.24,都市：商,10000,24,持分移轉,01580000
RPPRMLQLMHGGFCE18CB,港和段一小段,8.24,都市：商,10000,24,持分移轉,01580000
RPWRMLQLMHGGFCE88CB,港和段一小段,8.24,都市：商,10000,24,持分移轉,01580000
RPXRMLQLMHGGFCE98CB,港和段一小段,8.24,都市：商,10000,24,持分移轉,01580000
RPQOMLRLMHGGFCE08CB,港和段一小段,8.24,都市：商,10000,24,持分移轉,01580000
RPOSMLQLMHGGFCE18CB,港和段一小段,8.24,都市：商,10000,24,持分移轉,01580000
RPROMLRLMHGGFCE18CB,港和段一小段,8.24,都市：商,10000,24,持分移轉,01580000
RPPSMLQLMHGGFCE28CB,港和段一小段,8.24,都市：商,10000,24,持分移轉,01580000
RPQSMLQLMHGGFCE38CB,港和段一小段,8.24,都市：商,10000,24,持分移轉,01580000
RPRSMLQLMHGGFCE48CB,港和段一小段,8.24,都市：商,10000,24,持分移轉,01580000
RPSOMLRLMHGGFCE28CB,港和段一小段,8.24,都市：商,10000,24,持分移轉,01580000
RPWOMLRLMHGGFCE68CB,港和段一小段,9.95,都市：商,10000,29,持分移轉,01580000
RPTOMLRLMHGGFCE38CB,港和段一小段,9.95,都市：商,10000,29,持分移轉,01580000
RPPPMLRLMHGGFCE08CB,港和段一小段,9.95,都市：商,10000,29,持分移轉,01580000
RPVOMLRLMHGGFCE58CB,港和段一小段,9.61,都市：商,10000,28,持分移轉,01580000
RPQPMLRLMHGGFCE18CB,港和段一小段,9.61,都市：商,10000,28,持分移轉,01580000
RPUPMLRLMHGGFCE58CB,港和段一小段,9.61,都市：商,10000,28,持分移轉,01580000
RPVPMLRLMHGGFCE68CB,港和段一小段,9.95,都市：商,10000,29,持分移轉,01580000
RPTPMLRLMHGGFCE48CB,港和段一小段,9.95,都市：商,10000,29,持分移轉,01580000
RPXQMLRLMHGGFCE98CB,港和段一小段,9.95,都市：商,10000,29,持分移轉,01580000
RPSPMLRLMHGGFCE38CB,港和段一小段,9.95,都市：商,10000,29,持分移轉,01580000
RPWPMLRLMHGGFCE78CB,港和段一小段,9.95,都市：商,10000,29,持分移轉,01580000
RPORMLRLMHGGFCE18CB,港和段一小段,9.95,都市：商,10000,29,持分移轉,01580000
RPQRMLRLMHGGFCE38CB,港和段一小段,9.95,都市：商,10000,29,持分移轉,01580000
RPRRMLRLMHGGFCE48CB,港和段一小段,9.95,都市：商,10000,29,持分移轉,01580000
RPWRMLRLMHGGFCE98CB,港和段一小段,12.01,都市：商,10000,35,持分移轉,01580000
RPSRMLRLMHGGFCE58CB,港和段一小段,9.95,都市：商,10000,29,持分移轉,01580000
RPOOMLNJNHGGFCE37CB,港和段一小段,12.01,都市：商,10000,35,持分移轉,01580000
RPPSMLRLMHGGFCE38CB,港和段一小段,12.01,都市：商,10000,35,持分移轉,01580000
RPTRMLRLMHGGFCE68CB,港和段一小段,12.01,都市：商,10000,35,持分移轉,01580000
RPPOMLNJNHGGFCE47CB,港和段一小段,12.01,都市：商,10000,35,持分移轉,01580000
RPURMLRLMHGGFCE78CB,港和段一小段,12.01,都市：商,10000,35,持分移轉,01580000
RPQOMLNJNHGGFCE57CB,港和段一小段,12.01,都市：商,10000,35,持分移轉,01580000
RPSOMLNJNHGGFCE77CB,港和段一小段,12.01,都市：商,10000,35,持分移轉,01580000
RPTOMLNJNHGGFCE87CB,港和段一小段,12.01,都市：商,10000,35,持分移轉,01580000
RPVOMLNJNHGGFCE08CB,港和段一小段,12.01,都市：商,10000,35,持分移轉,01580000
RPOPMLNJNHGGFCE47CB,港和段一小段,12.01,都市：商,10000,35,持分移轉,01580000
RPWOMLNJNHGGFCE18CB,港和段一小段,11.67,都市：商,10000,34,持分移轉,01580000
RPPPMLNJNHGGFCE57CB,港和段一小段,12.01,都市：商,10000,35,持分移轉,01580000
RPQPMLNJNHGGFCE67CB,港和段一小段,12.01,都市：商,10000,35,持分移轉,01580000
RPRPMLNJNHGGFCE77CB,港和段一小段,12.01,都市：商,10000,35,持分移轉,01580000
RPUPMLNJNHGGFCE08CB,港和段一小段,8.92,都市：商,10000,26,持分移轉,01580000
RPTPMLNJNHGGFCE97CB,港和段一小段,9.27,都市：商,10000,27,持分移轉,01580000
RPWPMLNJNHGGFCE28CB,港和段一小段,8.92,都市：商,10000,26,持分移轉,01580000
RPPQMLNJNHGGFCE67CB,港和段一小段,9.27,都市：商,10000,27,持分移轉,01580000
RPVPMLNJNHGGFCE18CB,港和段一小段,9.27,都市：商,10000,27,持分移轉,01580000
RPXPMLMKNHGGFCE38CB,港和段一小段,9.27,都市：商,10000,27,持分移轉,01580000
RPXPMLNJNHGGFCE38CB,港和段一小段,8.92,都市：商,10000,26,持分移轉,01580000
RPOQMLMKNHGGFCE57CB,港和段一小段,8.92,都市：商,10000,26,持分移轉,01580000
RPPQMLMKNHGGFCE67CB,港和段一小段,9.27,都市：商,10000,27,持分移轉,01580000
RPOQMLNJNHGGFCE57CB,港和段一小段,8.92,都市：商,10000,26,持分移轉,01580000
RPQQMLMKNHGGFCE77CB,港和段一小段,9.27,都市：商,10000,27,持分移轉,01580000
RPQQMLNJNHGGFCE77CB,港和段一小段,8.92,都市：商,10000,26,持分移轉,01580000
RPRQMLMKNHGGFCE87CB,港和段一小段,9.27,都市：商,10000,27,持分移轉,01580000
RPTQMLMKNHGGFCE08CB,港和段一小段,9.27,都市：商,10000,27,持分移轉,01580000
RPUQMLMKNHGGFCE18CB,港和段一小段,10.30,都市：商,10000,30,持分移轉,01580000
RPWQMLMKNHGGFCE38CB,港和段一小段,9.95,都市：商,10000,29,持分移轉,01580000
RPXQMLMKNHGGFCE48CB,港和段一小段,10.30,都市：商,10000,30,持分移轉,01580000
RPORMLMKNHGGFCE67CB,港和段一小段,9.95,都市：商,10000,29,持分移轉,01580000
RPSQMLMKNHGGFCE97CB,港和段一小段,9.27,都市：商,10000,27,持分移轉,01580000
RPPRMLMKNHGGFCE77CB,港和段一小段,10.30,都市：商,10000,30,持分移轉,01580000
RPVQMLMKNHGGFCE28CB,港和段一小段,10.30,都市：商,10000,30,持分移轉,01580000
RPRRMLMKNHGGFCE97CB,港和段一小段,10.30,都市：商,10000,30,持分移轉,01580000
RPQRMLMKNHGGFCE87CB,港和段一小段,10.30,都市：商,10000,30,持分移轉,01580000
RPSRMLMKNHGGFCE08CB,港和段一小段,10.30,都市：商,10000,30,持分移轉,01580000
RPURMLMKNHGGFCE28CB,港和段一小段,10.30,都市：商,10000,30,持分移轉,01580000
RPXNMLOKNHGGFCE38CB,港和段一小段,9.95,都市：商,10000,29,持分移轉,01580000
RPOOMLOKNHGGFCE57CB,港和段一小段,10.30,都市：商,10000,30,持分移轉,01580000
RPWNMLOKNHGGFCE28CB,港和段一小段,9.95,都市：商,10000,29,持分移轉,01580000
RPQOMLOKNHGGFCE77CB,港和段一小段,8.58,都市：商,10000,25,持分移轉,01580000
RPROMLOKNHGGFCE87CB,港和段一小段,8.58,都市：商,10000,25,持分移轉,01580000
RPPOMLOKNHGGFCE67CB,港和段一小段,10.30,都市：商,10000,30,持分移轉,01580000
RPTOMLOKNHGGFCE08CB,港和段一小段,8.58,都市：商,10000,25,持分移轉,01580000
RPSOMLOKNHGGFCE97CB,港和段一小段,8.58,都市：商,10000,25,持分移轉,01580000
RPVOMLOKNHGGFCE28CB,港和段一小段,8.58,都市：商,10000,25,持分移轉,01580000
RPWOMLOKNHGGFCE38CB,港和段一小段,8.58,都市：商,10000,25,持分移轉,01580000
RPXOMLOKNHGGFCE48CB,港和段一小段,8.58,都市：商,10000,25,持分移轉,01580000
RPOPMLOKNHGGFCE67CB,港和段一小段,8.58,都市：商,10000,25,持分移轉,01580000
RPQPMLOKNHGGFCE87CB,港和段一小段,8.58,都市：商,10000,25,持分移轉,01580000
RPPPMLOKNHGGFCE77CB,港和段一小段,8.58,都市：商,10000,25,持分移轉,01580000
RPRPMLOKNHGGFCE97CB,港和段一小段,8.92,都市：商,10000,26,持分移轉,01580000
RPTPMLOKNHGGFCE18CB,港和段一小段,8.58,都市：商,10000,25,持分移轉,01580000
RPSPMLOKNHGGFCE08CB,港和段一小段,8.58,都市：商,10000,25,持分移轉,01580000
RPUPMLOKNHGGFCE28CB,港和段一小段,8.58,都市：商,10000,25,持分移轉,01580000
