﻿鄉鎮市區,交易標的,土地位置建物門牌,土地移轉總面積平方公尺,都市土地使用分區,非都市土地使用分區,非都市土地使用編定,交易年月日,交易筆棟數,移轉層次,總樓層數,建物型態,主要用途,主要建材,建築完成年月,建物移轉總面積平方公尺,建物現況格局-房,建物現況格局-廳,建物現況格局-衛,建物現況格局-隔間,有無管理組織,總價元,單價元平方公尺,車位類別,車位移轉總面積平方公尺,車位總價元,備註,編號
The villages and towns urban district,transaction sign,land sector position building sector house number plate,land shifting total area square meter,the use zoning or compiles and checks,the non-metropolis land use district,non-metropolis land use,transaction year month and day,transaction pen number,shifting level,total floor number,building state,main use,main building materials,construction to complete the years,building shifting total area,Building present situation pattern - room,building present situation pattern - hall,building present situation pattern - health,building present situation pattern - compartmented,Whether there is manages the organization,total price NTD,the unit price (NTD / square meter),the berth category,berth shifting total area square meter,the berth total price NTD,the note,serial number
五結鄉,房地(土地+建物)+車位,宜蘭縣五結鄉大吉五路,37.67,,一般農業區,甲種建築用地,1091218,土地1建物1車位1,一層,4,華廈(10層含以下有電梯),住家用,鋼筋混凝土造,,82.05,2,2,1,有,無,5380000,65570,一樓平面,0.0,0,,RPQNMLKLMHGGFAG47EB
五結鄉,房地(土地+建物)+車位,宜蘭縣五結鄉大吉五路,49.92,,一般農業區,甲種建築用地,1091106,土地1建物1車位1,三層,4,華廈(10層含以下有電梯),住家用,鋼筋混凝土造,,115.06,3,2,2,有,無,6200000,53885,一樓平面,0.0,0,,RPSOMLKLMHGGFAG77EB
五結鄉,房地(土地+建物)+車位,宜蘭縣五結鄉大吉五路,49.92,,一般農業區,甲種建築用地,1091115,土地1建物1車位1,四層,4,華廈(10層含以下有電梯),住家用,鋼筋混凝土造,,115.06,3,2,2,有,無,6200000,53885,一樓平面,0.0,0,,RPTOMLKLMHGGFAG87EB
五結鄉,房地(土地+建物)+車位,宜蘭縣五結鄉大吉五路,50.88,,一般農業區,甲種建築用地,1091104,土地1建物1車位1,二層,4,華廈(10層含以下有電梯),住家用,鋼筋混凝土造,,117.28,3,2,2,有,無,6200000,52865,一樓平面,0.0,0,,RPVOMLKLMHGGFAG08EB
五結鄉,房地(土地+建物)+車位,宜蘭縣五結鄉大吉五路,50.88,,一般農業區,甲種建築用地,1091031,土地1建物1車位1,四層,4,華廈(10層含以下有電梯),住家用,鋼筋混凝土造,,117.28,3,2,2,有,無,6600000,56276,一樓平面,0.0,0,,RPWOMLKLMHGGFAG18EB
五結鄉,房地(土地+建物)+車位,宜蘭縣五結鄉大吉五路,49.92,,一般農業區,甲種建築用地,1091113,土地1建物1車位1,一層,4,華廈(10層含以下有電梯),住家用,鋼筋混凝土造,,106.88,3,2,2,有,無,6450000,60348,一樓平面,0.0,0,,RPXOMLKLMHGGFAG28EB
五結鄉,房地(土地+建物)+車位,宜蘭縣五結鄉大吉五路,50.88,,一般農業區,甲種建築用地,1091029,土地1建物1車位1,三層,4,華廈(10層含以下有電梯),住家用,鋼筋混凝土造,,117.28,3,2,2,有,無,6350000,54144,一樓平面,0.0,0,,RPOPMLKLMHGGFAG47EB
五結鄉,房地(土地+建物)+車位,宜蘭縣五結鄉大吉五路,49.92,,一般農業區,甲種建築用地,1091110,土地1建物1車位1,二層,4,華廈(10層含以下有電梯),住家用,鋼筋混凝土造,,115.06,3,2,2,有,無,6100000,53016,一樓平面,0.0,0,,RPPPMLKLMHGGFAG57EB
五結鄉,房地(土地+建物)+車位,宜蘭縣五結鄉大吉五路,41.64,,一般農業區,甲種建築用地,1091026,土地1建物1車位1,四層,4,華廈(10層含以下有電梯),住家用,鋼筋混凝土造,,95.99,2,2,1,有,無,5300000,55214,一樓平面,0.0,0,,RPQPMLKLMHGGFAG67EB
五結鄉,房地(土地+建物)+車位,宜蘭縣五結鄉大吉五路,36.9,,一般農業區,甲種建築用地,1091121,土地1建物1車位1,三層,4,華廈(10層含以下有電梯),住家用,鋼筋混凝土造,,85.06,2,2,1,有,無,4950000,58194,一樓平面,0.0,0,,RPRPMLKLMHGGFAG77EB
五結鄉,房地(土地+建物)+車位,宜蘭縣五結鄉大吉五路,36.9,,一般農業區,甲種建築用地,1100119,土地1建物1車位1,四層,4,華廈(10層含以下有電梯),住家用,鋼筋混凝土造,,85.06,2,2,1,有,無,5000000,58782,一樓平面,0.0,0,,RPSPMLKLMHGGFAG87EB
五結鄉,房地(土地+建物)+車位,宜蘭縣五結鄉大吉五路,38.89,,一般農業區,甲種建築用地,1100123,土地1建物1車位1,二層,4,華廈(10層含以下有電梯),住家用,鋼筋混凝土造,,89.64,2,2,1,有,無,5050000,56336,一樓平面,0.0,0,,RPTPMLKLMHGGFAG97EB
五結鄉,房地(土地+建物)+車位,宜蘭縣五結鄉大吉五路,38.89,,一般農業區,甲種建築用地,1100111,土地1建物1車位1,三層,4,華廈(10層含以下有電梯),住家用,鋼筋混凝土造,,89.64,2,2,1,有,無,5200000,58010,一樓平面,0.0,0,,RPUPMLKLMHGGFAG08EB
五結鄉,房地(土地+建物)+車位,宜蘭縣五結鄉大吉五路,38.89,,一般農業區,甲種建築用地,1091127,土地1建物1車位1,四層,4,華廈(10層含以下有電梯),住家用,鋼筋混凝土造,,89.64,2,2,1,有,無,5200000,58010,一樓平面,0.0,0,,RPVPMLKLMHGGFAG18EB
五結鄉,房地(土地+建物)+車位,宜蘭縣五結鄉大吉五路,41.64,,一般農業區,甲種建築用地,1091025,土地1建物1車位1,三層,4,華廈(10層含以下有電梯),住家用,鋼筋混凝土造,,95.99,2,2,1,有,無,5250000,54693,一樓平面,0.0,0,,RPWPMLKLMHGGFAG28EB
五結鄉,房地(土地+建物)+車位,宜蘭縣五結鄉大吉五路,41.64,,一般農業區,甲種建築用地,1091218,土地1建物1車位1,二層,4,華廈(10層含以下有電梯),住家用,鋼筋混凝土造,,95.99,2,2,1,有,無,5330000,55527,一樓平面,0.0,0,,RPXPMLKLMHGGFAG38EB
五結鄉,房地(土地+建物)+車位,宜蘭縣五結鄉大吉五路,36.9,,一般農業區,甲種建築用地,1091024,土地1建物1車位1,二層,4,華廈(10層含以下有電梯),住家用,鋼筋混凝土造,,85.06,2,2,1,有,無,4880000,57371,一樓平面,0.0,0,,RPOQMLKLMHGGFAG57EB
宜蘭市,房地(土地+建物)+車位,宜蘭縣宜蘭市農權路三段163巷1號七樓之1,39.75,住,,,1090811,土地1建物1車位1,七層,18,住宅大樓(11層含以上有電梯),住家用,鋼骨混凝土造,,184.05,3,2,2,有,無,14140000,86002,坡道平面,34.17,1250000,,RPVPMLRKNHGGFBG78CB
宜蘭市,房地(土地+建物)+車位,宜蘭縣宜蘭市農權路三段163巷1號五樓之1,39.75,住,,,1061117,土地1建物1車位1,五層,18,住宅大樓(11層含以上有電梯),住家用,鋼骨混凝土造,,184.05,3,2,2,有,無,13770000,82866,坡道平面,34.17,1350000,,RPWPMLRKNHGGFBG88CB
宜蘭市,房地(土地+建物)+車位,宜蘭縣宜蘭市農權路三段163巷1號八樓之1,39.75,住,,,1061018,土地1建物1車位1,八層,18,住宅大樓(11層含以上有電梯),住家用,鋼骨混凝土造,,184.05,3,2,2,有,無,16150000,99413,坡道平面,34.17,1250000,,RPXPMLRKNHGGFBG98CB
宜蘭市,房地(土地+建物)+車位,宜蘭縣宜蘭市農權路三段163巷1號九樓之1,39.75,住,,,1090316,土地1建物1車位1,九層,18,住宅大樓(11層含以上有電梯),住家用,鋼骨混凝土造,,184.05,3,2,2,有,無,14150000,85402,坡道平面,34.17,1350000,,RPOQMLRKNHGGFBG18CB
宜蘭市,房地(土地+建物)+車位,宜蘭縣宜蘭市農權路三段163巷1號十樓之1,39.75,住,,,1090710,土地1建物1車位1,十層,18,住宅大樓(11層含以上有電梯),住家用,鋼骨混凝土造,,184.05,3,2,2,有,無,14140000,86002,坡道平面,34.17,1250000,,RPPQMLRKNHGGFBG28CB
宜蘭市,房地(土地+建物)+車位,宜蘭縣宜蘭市農權路三段163巷1號五樓之2,39.83,住,,,1090105,土地1建物1車位1,五層,18,住宅大樓(11層含以上有電梯),住家用,鋼骨混凝土造,,184.17,3,2,2,有,無,13780000,82867,坡道平面,34.17,1350000,,RPQQMLRKNHGGFBG38CB
宜蘭市,房地(土地+建物)+車位,宜蘭縣宜蘭市農權路三段163巷1號八樓之2,41.34,住,,,1070528,土地1建物1車位2,八層,18,住宅大樓(11層含以上有電梯),住家用,鋼骨混凝土造,,218.3,3,2,2,有,無,15950000,88357,坡道平面,68.34,2700000,,RPRQMLRKNHGGFBG48CB
宜蘭市,房地(土地+建物)+車位,宜蘭縣宜蘭市農權路三段163巷1號七樓之3,41.34,住,,,1080320,土地1建物1車位2,七層,18,住宅大樓(11層含以上有電梯),住家用,鋼骨混凝土造,,218.3,3,2,2,有,無,16310000,90758,坡道平面,68.34,2700000,,RPSQMLRKNHGGFBG58CB
宜蘭市,房地(土地+建物)+車位,宜蘭縣宜蘭市農權路三段163巷1號十樓之3,39.75,住,,,1071016,土地1建物1車位1,十層,18,住宅大樓(11層含以上有電梯),住家用,鋼骨混凝土造,,184.13,3,2,2,有,無,15410000,93758,坡道平面,34.17,1350000,,RPTQMLRKNHGGFBG68CB
宜蘭市,房地(土地+建物)+車位,宜蘭縣宜蘭市農權路三段163巷1號三樓之5,39.67,住,,,1090517,土地1建物1車位1,三層,18,住宅大樓(11層含以上有電梯),住家用,鋼骨混凝土造,,183.67,3,2,2,有,無,12550000,75585,坡道平面,34.17,1250000,,RPUQMLRKNHGGFBG78CB
宜蘭市,房地(土地+建物)+車位,宜蘭縣宜蘭市農權路三段163巷1號四樓之5,42.85,住,,,1070727,土地1建物1車位2,四層,18,住宅大樓(11層含以上有電梯),住家用,鋼骨混凝土造,,217.84,3,2,2,有,無,13800000,75585,坡道平面,68.34,2500000,,RPVQMLRKNHGGFBG88CB
宜蘭市,房地(土地+建物)+車位,宜蘭縣宜蘭市農權路三段163巷1號八樓之5,39.67,住,,,1070620,土地1建物1車位1,八層,18,住宅大樓(11層含以上有電梯),住家用,鋼骨混凝土造,,183.67,3,2,2,有,無,14460000,87692,坡道平面,34.17,1350000,,RPXQMLRKNHGGFBG09CB
宜蘭市,房地(土地+建物)+車位,宜蘭縣宜蘭市農權路三段163巷1號十樓之5,39.67,住,,,1071016,土地1建物1車位1,十層,18,住宅大樓(11層含以上有電梯),住家用,鋼骨混凝土造,,183.67,3,2,2,有,無,15370000,93779,坡道平面,34.17,1350000,,RPSNMLSKNHGGFBG38CB
宜蘭市,房地(土地+建物)+車位,宜蘭縣宜蘭市農權路三段163巷3號八樓之2,41.34,住,,,1080506,土地1建物1車位2,八層,18,住宅大樓(11層含以上有電梯),住家用,鋼骨混凝土造,,218.22,3,2,2,有,無,15650000,87737,坡道平面,68.34,2500000,,RPTNMLSKNHGGFBG48CB
宜蘭市,房地(土地+建物)+車位,宜蘭縣宜蘭市農權路三段163巷3號九樓之2,41.34,住,,,1071114,土地1建物1車位2,九層,18,住宅大樓(11層含以上有電梯),住家用,鋼骨混凝土造,,218.22,3,2,2,有,無,16310000,90806,坡道平面,68.34,2700000,,RPUNMLSKNHGGFBG58CB
宜蘭市,房地(土地+建物)+車位,宜蘭縣宜蘭市農權路三段163巷3號七樓之3,39.67,住,,,1080616,土地1建物1車位1,七層,18,住宅大樓(11層含以上有電梯),住家用,鋼骨混凝土造,,183.67,3,2,2,有,無,14360000,87692,坡道平面,34.17,1250000,,RPVNMLSKNHGGFBG68CB
宜蘭市,房地(土地+建物)+車位,宜蘭縣宜蘭市農權路三段163巷3號八樓之3,39.67,住,,,1071101,土地1建物1車位1,八層,18,住宅大樓(11層含以上有電梯),住家用,鋼骨混凝土造,,183.67,3,2,2,有,無,14820000,90769,坡道平面,34.17,1250000,,RPWNMLSKNHGGFBG78CB
宜蘭市,房地(土地+建物)+車位,宜蘭縣宜蘭市農權路三段163巷3號九樓之3,41.26,住,,,1090817,土地1建物1車位2,九層,18,住宅大樓(11層含以上有電梯),住家用,鋼骨混凝土造,,217.84,3,2,2,有,無,15610000,87692,坡道平面,68.34,2500000,,RPXNMLSKNHGGFBG88CB
宜蘭市,房地(土地+建物)+車位,宜蘭縣宜蘭市農權路三段163巷3號六樓之5,39.75,住,,,1070326,土地1建物1車位1,六層,18,住宅大樓(11層含以上有電梯),住家用,鋼骨混凝土造,,184.13,3,2,2,有,無,15090000,91624,坡道平面,34.17,1350000,,RPQOMLSKNHGGFBG28CB
宜蘭市,房地(土地+建物)+車位,宜蘭縣宜蘭市農權路三段163巷5號三樓之1,21.94,住,,,1080422,土地1建物1車位1,三層,14,住宅大樓(11層含以上有電梯),住家用,鋼骨混凝土造,,118.22,2,2,1,有,無,8620000,87686,坡道平面,34.17,1250000,,RPSOMLSKNHGGFBG48CB
宜蘭市,房地(土地+建物)+車位,宜蘭縣宜蘭市農權路三段163巷5號五樓之1,21.94,住,,,1060802,土地1建物1車位1,五層,14,住宅大樓(11層含以上有電梯),住家用,鋼骨混凝土造,,118.2,2,2,1,有,無,8490000,86160,坡道平面,34.17,1250000,,RPTOMLSKNHGGFBG58CB
宜蘭市,房地(土地+建物)+車位,宜蘭縣宜蘭市農權路三段163巷5號六樓之1,21.94,住,,,1070328,土地1建物1車位1,六層,14,住宅大樓(11層含以上有電梯),住家用,鋼骨混凝土造,,118.22,2,2,1,有,無,9000000,92207,坡道平面,34.17,1250000,,RPUOMLSKNHGGFBG68CB
宜蘭市,房地(土地+建物)+車位,宜蘭縣宜蘭市農權路三段163巷5號七樓之1,21.94,住,,,1090517,土地1建物1車位1,七層,14,住宅大樓(11層含以上有電梯),住家用,鋼骨混凝土造,,118.2,2,2,1,有,無,8350000,83304,坡道平面,34.17,1350000,,RPVOMLSKNHGGFBG78CB
宜蘭市,房地(土地+建物)+車位,宜蘭縣宜蘭市農權路三段163巷5號八樓之1,21.94,住,,,1080816,土地1建物1車位1,八層,14,住宅大樓(11層含以上有電梯),住家用,鋼骨混凝土造,,118.2,2,2,1,有,無,8750000,89254,坡道平面,34.17,1250000,,RPWOMLSKNHGGFBG88CB
宜蘭市,房地(土地+建物)+車位,宜蘭縣宜蘭市農權路三段163巷5號九樓之1,21.94,住,,,1071114,土地1建物1車位1,九層,14,住宅大樓(11層含以上有電梯),住家用,鋼骨混凝土造,,118.22,2,2,1,有,無,9130000,93754,坡道平面,34.17,1250000,,RPXOMLSKNHGGFBG98CB
宜蘭市,房地(土地+建物)+車位,宜蘭縣宜蘭市農權路三段163巷5號十樓之1,21.94,住,,,1081229,土地1建物1車位1,十層,14,住宅大樓(11層含以上有電梯),住家用,鋼骨混凝土造,,118.2,2,2,1,有,無,8620000,87707,坡道平面,34.17,1250000,,RPOPMLSKNHGGFBG18CB
宜蘭市,房地(土地+建物)+車位,宜蘭縣宜蘭市農權路三段163巷5號三樓之2,21.7,住,,,1080330,土地1建物1車位1,三層,14,住宅大樓(11層含以上有電梯),住家用,鋼骨混凝土造,,117.19,2,2,1,有,無,8300000,84919,坡道平面,34.17,1250000,,RPPPMLSKNHGGFBG28CB
宜蘭市,房地(土地+建物)+車位,宜蘭縣宜蘭市農權路三段163巷5號五樓之2,21.7,住,,,1060802,土地1建物1車位1,五層,14,住宅大樓(11層含以上有電梯),住家用,鋼骨混凝土造,,117.19,2,2,1,有,無,8410000,86244,坡道平面,34.17,1250000,,RPQPMLSKNHGGFBG38CB
宜蘭市,房地(土地+建物),宜蘭縣宜蘭市農權路三段163巷5號六樓之2,20.11,住,,,1090708,土地1建物1車位0,六層,14,住宅大樓(11層含以上有電梯),住家用,鋼骨混凝土造,,83.02,2,2,1,有,無,6750000,81306,,0.0,0,,RPRPMLSKNHGGFBG48CB
宜蘭市,房地(土地+建物)+車位,宜蘭縣宜蘭市農權路三段163巷5號七樓之2,21.7,住,,,1080625,土地1建物1車位1,七層,14,住宅大樓(11層含以上有電梯),住家用,鋼骨混凝土造,,117.19,2,2,1,有,無,8780000,90701,坡道平面,34.17,1250000,,RPSPMLSKNHGGFBG58CB
宜蘭市,房地(土地+建物)+車位,宜蘭縣宜蘭市農權路三段163巷5號八樓之2,21.7,住,,,1090711,土地1建物1車位1,八層,14,住宅大樓(11層含以上有電梯),住家用,鋼骨混凝土造,,117.19,2,2,1,有,無,8200000,83715,坡道平面,34.17,1250000,,RPTPMLSKNHGGFBG68CB
宜蘭市,房地(土地+建物),宜蘭縣宜蘭市農權路三段163巷5號九樓之2,20.11,住,,,1071114,土地1建物1車位0,九層,14,住宅大樓(11層含以上有電梯),住家用,鋼骨混凝土造,,83.02,2,2,1,有,無,7780000,93712,,0.0,0,,RPVPMLSKNHGGFBG88CB
宜蘭市,房地(土地+建物)+車位,宜蘭縣宜蘭市農權路三段163巷5號三樓之3,21.7,住,,,1091211,土地1建物1車位1,三層,14,住宅大樓(11層含以上有電梯),住家用,鋼骨混凝土造,,118.22,2,2,1,有,無,8300000,83879,坡道平面,34.17,1250000,,RPWPMLSKNHGGFBG98CB
宜蘭市,房地(土地+建物)+車位,宜蘭縣宜蘭市農權路三段163巷5號六樓之3,21.7,住,,,1060829,土地1建物1車位1,六層,14,住宅大樓(11層含以上有電梯),住家用,鋼骨混凝土造,,117.19,2,2,1,有,無,8780000,90701,坡道平面,34.17,1250000,,RPXPMLSKNHGGFBG09CB
宜蘭市,房地(土地+建物)+車位,宜蘭縣宜蘭市農權路三段163巷5號八樓之3,21.7,住,,,1070126,土地1建物1車位1,八層,14,住宅大樓(11層含以上有電梯),住家用,鋼骨混凝土造,,117.19,2,2,1,有,無,9000000,93351,坡道平面,34.17,1250000,,RPOQMLSKNHGGFBG28CB
宜蘭市,房地(土地+建物)+車位,宜蘭縣宜蘭市農權路三段163巷5號九樓之3,21.7,住,,,1071114,土地1建物1車位1,九層,14,住宅大樓(11層含以上有電梯),住家用,鋼骨混凝土造,,117.19,2,2,1,有,無,9030000,93712,坡道平面,34.17,1250000,,RPPQMLSKNHGGFBG38CB
宜蘭市,房地(土地+建物)+車位,宜蘭縣宜蘭市農權路三段163巷5號十一樓之3,21.7,住,,,1060704,土地1建物1車位1,十一層,14,住宅大樓(11層含以上有電梯),住家用,鋼骨混凝土造,,117.19,2,2,1,有,無,10050000,105999,坡道平面,34.17,1250000,,RPQQMLSKNHGGFBG48CB
宜蘭市,房地(土地+建物),宜蘭縣宜蘭市農權路三段163巷5號四樓之5,20.35,住,,,1100116,土地1建物1車位0,四層,14,住宅大樓(11層含以上有電梯),住家用,鋼骨混凝土造,,84.03,2,2,1,有,無,7200000,85684,,0.0,0,,RPSQMLSKNHGGFBG68CB
宜蘭市,房地(土地+建物)+車位,宜蘭縣宜蘭市農權路三段163巷5號五樓之5,21.94,住,,,1070720,土地1建物1車位1,五層,14,住宅大樓(11層含以上有電梯),住家用,鋼骨混凝土造,,118.2,2,2,1,有,無,8300000,83899,坡道平面,34.17,1250000,,RPTQMLSKNHGGFBG78CB
宜蘭市,房地(土地+建物)+車位,宜蘭縣宜蘭市農權路三段163巷5號六樓之5,21.94,住,,,1060829,土地1建物1車位1,六層,14,住宅大樓(11層含以上有電梯),住家用,鋼骨混凝土造,,118.2,2,2,1,有,無,8880000,90801,坡道平面,34.17,1250000,,RPUQMLSKNHGGFBG88CB
宜蘭市,房地(土地+建物)+車位,宜蘭縣宜蘭市農權路三段163巷5號八樓之5,21.94,住,,,1070126,土地1建物1車位1,八層,14,住宅大樓(11層含以上有電梯),住家用,鋼骨混凝土造,,118.2,2,2,1,有,無,9100000,93419,坡道平面,34.17,1250000,,RPXQMLSKNHGGFBG56CB
宜蘭市,房地(土地+建物),宜蘭縣宜蘭市農權路三段163巷5號九樓之5,20.35,住,,,1071114,土地1建物1車位0,九層,14,住宅大樓(11層含以上有電梯),住家用,鋼骨混凝土造,,84.03,2,2,1,有,無,7880000,93776,,0.0,0,,RPORMLSKNHGGFBG38CB
宜蘭市,房地(土地+建物)+車位,宜蘭縣宜蘭市農權路三段163巷5號十樓之5,21.94,住,,,1090307,土地1建物1車位1,十層,14,住宅大樓(11層含以上有電梯),住家用,鋼骨混凝土造,,118.2,2,2,1,有,無,8490000,86160,坡道平面,34.17,1250000,,RPPRMLSKNHGGFBG48CB
宜蘭市,房地(土地+建物)+車位,宜蘭縣宜蘭市農權路三段163巷5號十一樓之5,21.94,住,,,1060704,土地1建物1車位1,十一層,14,住宅大樓(11層含以上有電梯),住家用,鋼骨混凝土造,,118.2,2,2,1,有,無,10150000,105915,坡道平面,34.17,1250000,,RPRRMLSKNHGGFBG68CB
宜蘭市,房地(土地+建物)+車位,宜蘭縣宜蘭市農權路三段163巷5號二樓之6,19.95,住,,,1060617,土地1建物1車位1,二層,14,住宅大樓(11層含以上有電梯),住家用,鋼骨混凝土造,,108.84,2,2,1,有,無,7790000,83186,坡道平面,29.62,1200000,,RPSRMLSKNHGGFBG78CB
宜蘭市,房地(土地+建物)+車位,宜蘭縣宜蘭市農權路三段163巷5號三樓之6,20.75,住,,,1070802,土地1建物1車位1,三層,14,住宅大樓(11層含以上有電梯),住家用,鋼骨混凝土造,,113.39,2,2,1,有,無,7240000,75612,坡道平面,34.17,1250000,,RPTRMLSKNHGGFBG88CB
宜蘭市,房地(土地+建物)+車位,宜蘭縣宜蘭市農權路三段163巷5號四樓之6,20.75,住,,,1060812,土地1建物1車位1,四層,14,住宅大樓(11層含以上有電梯),住家用,鋼骨混凝土造,,113.39,2,2,1,有,無,7240000,75612,坡道平面,34.17,1250000,,RPURMLSKNHGGFBG98CB
宜蘭市,房地(土地+建物)+車位,宜蘭縣宜蘭市農權路三段163巷5號五樓之6,20.75,住,,,1071120,土地1建物1車位1,五層,14,住宅大樓(11層含以上有電梯),住家用,鋼骨混凝土造,,113.39,2,2,1,有,無,8080000,86216,坡道平面,34.17,1250000,,RPVRMLSKNHGGFBG09CB
宜蘭市,房地(土地+建物)+車位,宜蘭縣宜蘭市農權路三段163巷5號八樓之6,20.75,住,,,1081107,土地1建物1車位1,八層,14,住宅大樓(11層含以上有電梯),住家用,鋼骨混凝土造,,113.39,2,2,1,有,無,8320000,89245,坡道平面,34.17,1250000,,RPWRMLSKNHGGFBG56CB
宜蘭市,房地(土地+建物),宜蘭縣宜蘭市農權路三段163巷5號九樓之6,19.16,住,,,1071114,土地1建物1車位0,九層,14,住宅大樓(11層含以上有電梯),住家用,鋼骨混凝土造,,79.22,2,2,1,有,無,7430000,93789,,0.0,0,,RPXRMLSKNHGGFBG66CB
宜蘭市,房地(土地+建物)+車位,宜蘭縣宜蘭市農權路三段163巷5號十樓之6,20.75,住,,,1071016,土地1建物1車位1,十層,14,住宅大樓(11層含以上有電梯),住家用,鋼骨混凝土造,,113.39,2,2,1,有,無,8680000,93789,坡道平面,34.17,1250000,,RPOSMLSKNHGGFBG48CB
宜蘭市,房地(土地+建物)+車位,宜蘭縣宜蘭市農權路三段163巷5號二樓之7,19.71,住,,,1060620,土地1建物1車位1,二層,14,住宅大樓(11層含以上有電梯),住家用,鋼骨混凝土造,,107.78,2,2,1,有,無,7110000,75614,坡道平面,29.62,1200000,,RPPSMLSKNHGGFBG58CB
宜蘭市,房地(土地+建物)+車位,宜蘭縣宜蘭市農權路三段163巷5號四樓之7,20.51,住,,,1060619,土地1建物1車位1,四層,14,住宅大樓(11層含以上有電梯),住家用,鋼骨混凝土造,,112.33,2,2,1,有,無,7260000,75614,坡道平面,34.17,1350000,,RPQSMLSKNHGGFBG68CB
宜蘭市,房地(土地+建物),宜蘭縣宜蘭市農權路三段163巷5號九樓之7,18.92,住,,,1071114,土地1建物1車位0,九層,14,住宅大樓(11層含以上有電梯),住家用,鋼骨混凝土造,,78.16,2,2,1,有,無,7330000,93782,,0.0,0,,RPSSMLSKNHGGFBG88CB
宜蘭市,房地(土地+建物)+車位,宜蘭縣宜蘭市農權路三段163巷5號十樓之7,20.51,住,,,1071016,土地1建物1車位1,十層,14,住宅大樓(11層含以上有電梯),住家用,鋼骨混凝土造,,112.33,2,2,1,有,無,8580000,93782,坡道平面,34.17,1250000,,RPTSMLSKNHGGFBG98CB
宜蘭市,房地(土地+建物)+車位,宜蘭縣宜蘭市農權路三段163巷5號二樓之8,22.18,住,,,1080816,土地1建物1車位1,二層,14,住宅大樓(11層含以上有電梯),住家用,鋼骨混凝土造,,119.27,2,2,1,有,無,8040000,78613,坡道平面,34.17,1350000,,RPUSMLSKNHGGFBG09CB
宜蘭市,房地(土地+建物)+車位,宜蘭縣宜蘭市農權路三段163巷5號三樓之8,21.38,住,,,1080717,土地1建物1車位1,三層,14,住宅大樓(11層含以上有電梯),住家用,鋼骨混凝土造,,114.72,2,2,1,有,無,7890000,78613,坡道平面,29.62,1200000,,RPVSMLSKNHGGFBG56CB
宜蘭市,房地(土地+建物)+車位,宜蘭縣宜蘭市農權路三段163巷5號四樓之8,22.18,住,,,1080625,土地1建物1車位1,四層,14,住宅大樓(11層含以上有電梯),住家用,鋼骨混凝土造,,119.27,2,2,1,有,無,7940000,78613,坡道平面,34.17,1250000,,RPWSMLSKNHGGFBG66CB
宜蘭市,房地(土地+建物)+車位,宜蘭縣宜蘭市農權路三段163巷5號五樓之8,22.18,住,,,1090513,土地1建物1車位1,五層,14,住宅大樓(11層含以上有電梯),住家用,鋼骨混凝土造,,119.27,2,2,1,有,無,8530000,85546,坡道平面,34.17,1250000,,RPXSMLSKNHGGFBG76CB
宜蘭市,房地(土地+建物)+車位,宜蘭縣宜蘭市農權路三段163巷5號八樓之8,22.18,住,,,1090513,土地1建物1車位1,八層,14,住宅大樓(11層含以上有電梯),住家用,鋼骨混凝土造,,119.27,2,2,1,有,無,8650000,86957,坡道平面,34.17,1250000,,RPOTMLSKNHGGFBG58CB
宜蘭市,房地(土地+建物)+車位,宜蘭縣宜蘭市農權路三段163巷5號九樓之8,22.18,住,,,1071114,土地1建物1車位1,九層,14,住宅大樓(11層含以上有電梯),住家用,鋼骨混凝土造,,119.27,2,2,1,有,無,9230000,93772,坡道平面,34.17,1250000,,RPPTMLSKNHGGFBG68CB
宜蘭市,房地(土地+建物)+車位,宜蘭縣宜蘭市農權路三段163巷5號三樓之9,21.7,住,,,1071113,土地1建物1車位1,三層,14,住宅大樓(11層含以上有電梯),住家用,鋼骨混凝土造,,117.19,2,2,1,有,無,7780000,78656,坡道平面,34.17,1250000,,RPQTMLSKNHGGFBG78CB
宜蘭市,房地(土地+建物)+車位,宜蘭縣宜蘭市農權路三段163巷5號四樓之9,21.7,住,,,1070915,土地1建物1車位1,四層,14,住宅大樓(11層含以上有電梯),住家用,鋼骨混凝土造,,117.19,2,2,1,有,無,7780000,78656,坡道平面,34.17,1250000,,RPSTMLSKNHGGFBG98CB
宜蘭市,房地(土地+建物)+車位,宜蘭縣宜蘭市農權路三段163巷5號五樓之9,21.7,住,,,1060802,土地1建物1車位1,五層,14,住宅大樓(11層含以上有電梯),住家用,鋼骨混凝土造,,117.19,2,2,1,有,無,8410000,86244,坡道平面,34.17,1250000,,RPTTMLSKNHGGFBG09CB
宜蘭市,房地(土地+建物)+車位,宜蘭縣宜蘭市農權路三段163巷5號八樓之9,21.7,住,,,1071008,土地1建物1車位1,八層,14,住宅大樓(11層含以上有電梯),住家用,鋼骨混凝土造,,117.19,2,2,1,有,無,8620000,88774,坡道平面,34.17,1250000,,RPUTMLSKNHGGFBG56CB
宜蘭市,房地(土地+建物),宜蘭縣宜蘭市農權路三段163巷5號九樓之9,20.11,住,,,1071114,土地1建物1車位0,九層,14,住宅大樓(11層含以上有電梯),住家用,鋼骨混凝土造,,83.05,2,2,1,有,無,7780000,93679,,0.0,0,,RPVTMLSKNHGGFBG66CB
宜蘭市,房地(土地+建物)+車位,宜蘭縣宜蘭市農權路三段163巷5號二樓之10,21.94,住,,,1080220,土地1建物1車位1,二層,14,住宅大樓(11層含以上有電梯),住家用,鋼骨混凝土造,,118.22,2,2,1,有,無,8120000,81737,坡道平面,34.17,1250000,,RPWTMLSKNHGGFBG76CB
宜蘭市,房地(土地+建物)+車位,宜蘭縣宜蘭市農權路三段163巷5號四樓之10,21.94,住,,,1060707,土地1建物1車位1,四層,14,住宅大樓(11層含以上有電梯),住家用,鋼骨混凝土造,,118.2,2,2,1,有,無,8110000,81638,坡道平面,34.17,1250000,,RPXTMLSKNHGGFBG86CB
宜蘭市,房地(土地+建物)+車位,宜蘭縣宜蘭市農權路三段163巷5號五樓之10,21.94,住,,,1060802,土地1建物1車位1,五層,14,住宅大樓(11層含以上有電梯),住家用,鋼骨混凝土造,,118.2,2,2,1,有,無,8490000,86160,坡道平面,34.17,1250000,,RPOUMLSKNHGGFBG68CB
宜蘭市,房地(土地+建物)+車位,宜蘭縣宜蘭市農權路三段163巷5號八樓之10,21.94,住,,,1090202,土地1建物1車位1,八層,14,住宅大樓(11層含以上有電梯),住家用,鋼骨混凝土造,,118.2,2,2,1,有,無,8600000,87469,坡道平面,34.17,1250000,,RPQUMLSKNHGGFBG88CB
宜蘭市,房地(土地+建物),宜蘭縣宜蘭市農權路三段163巷5號九樓之10,20.35,住,,,1071114,土地1建物1車位0,九層,14,住宅大樓(11層含以上有電梯),住家用,鋼骨混凝土造,,84.03,2,2,1,有,無,7880000,93776,,0.0,0,,RPRUMLSKNHGGFBG98CB
宜蘭市,房地(土地+建物)+車位,宜蘭縣宜蘭市農權路三段163巷5號十樓之10,21.94,住,,,1090727,土地1建物1車位1,十層,14,住宅大樓(11層含以上有電梯),住家用,鋼骨混凝土造,,118.2,2,2,1,有,無,8490000,86160,坡道平面,34.17,1250000,,RPSUMLSKNHGGFBG09CB
宜蘭市,房地(土地+建物)+車位,宜蘭縣宜蘭市農權路三段163巷5號五樓之7,20.51,住,,,1080807,土地1建物1車位1,五層,14,住宅大樓(11層含以上有電梯),住家用,鋼骨混凝土造,,112.33,2,2,1,有,無,8060000,87129,坡道平面,34.17,1250000,,RPPOMLKLNHGGFBG47CB
宜蘭市,房地(土地+建物)+車位,宜蘭縣宜蘭市農權路三段163巷5號七樓之5,21.94,住,,,1100424,土地1建物1車位1,七層,14,住宅大樓(11層含以上有電梯),住家用,鋼骨混凝土造,,118.2,2,2,1,有,無,8580000,87231,坡道平面,34.17,1250000,,RPQOMLKLNHGGFBG57CB
