﻿編號,土地位置,土地移轉面積(平方公尺),使用分區或編定,權利人持分分母,權利人持分分子,移轉情形,地號
The serial number, land position,land shifting area square meter,the use zoning or compiles and checks,,,,land parcel
RPPOMLMKLHGGFBJ77CC,家興段,.00,都市：其他:機關用地,,,,07200000
RPROMLMKLHGGFCJ08CC,上德段,.00,都市：住,,,,01090000
RPWOMLPKLHGGFBJ78CC,世興段,.00,都市：商,,,,00390000
RPRPMLPKLHGGFBJ38CC,國義段,.00,都市：住,,,,01830000
RPUNMLMKLHGGFBJ28DC,公園段,.00,非都市： ; 非都市編定：,,,,05260000
RPQOMLMKLHGGFBJ87CC,隘興段,.00,都市：其他:電信專用區,,,,05430000
RPQNMLPKLHGGFDJ28CC,竹九段,.00,非都市：鄉村區 ; 非都市編定：乙種建築用地,,,,18510041
RPXSMLRKLHGGFBJ96DC,永興段,.00,都市：住,,,,05300000
RPUQMLRKLHGGFBJ98CC,大學段,.00,都市：住,,,,02190000
RPVQMLRKLHGGFBJ09CC,家興段,.00,都市：住,,,,04590000
RPTNMLMKLHGGFBJ08CC,大學段,.00,都市：商,,,,00240000
RPWQMLRKLHGGFBJ56CC,家興段,.00,都市：住,,,,04250000
RPXQMLRKLHGGFBJ66CC,縣華段,.00,都市：商,,,,01640000
RPWSMLRKLHGGFBJ76CC,自強段,.00,都市：住,,,,03380000
RPQNMLMKLHGGFDJ97CC,永安段,.00,非都市：鄉村區 ; 非都市編定：乙種建築用地,,,,04970000
RPSRMLSKLHGGFBJ98CC,永興段,.00,都市：商,,,,05060000
RPUNMLSKLHGGFCJ88CC,大華段,93.88,都市：住,,,,03500000
RPUNMLSKLHGGFCJ88CC,大華段,5668.76,都市：住,,,,03510000
RPOPMLMLLHGGFBJ87CC,水瀧段,.00,都市：住,,,,03740000
RPXNMLTKLHGGFBJ56CC,站後段,.00,都市：住,,,,10890000
RPXNMLTKLHGGFBJ56CC,站後段,.00,都市：住,,,,10900000
RPVNMLMLLHGGFCJ48CC,富貴段,.00,都市：商,,,,07420000
RPOOMLNLLHGGFDJ08CC,竹九段,.00,非都市：鄉村區 ; 非都市編定：乙種建築用地,,,,18510002
RPRNMLNLLHGGFBJ08CC,家興段,2610.76,都市：商,,,,04740001
RPQQMLLKLHGGFBJ08DC,家興段,185.62,都市：住,,,,05410000
RPQQMLLKLHGGFBJ08DC,家興段,188.79,都市：住,,,,05450009
RPQQMLLKLHGGFBJ08DC,家興段,190.33,都市：住,,,,05450002
RPQQMLLKLHGGFBJ08DC,家興段,95.39,都市：住,,,,05450003
RPQQMLLKLHGGFBJ08DC,家興段,234.54,都市：住,,,,05450005
RPQQMLLKLHGGFBJ08DC,家興段,360.01,都市：住,,,,05420000
RPPOMLNLLHGGFDJ18CC,竹九段,.00,非都市：鄉村區 ; 非都市編定：乙種建築用地,,,,18510002
RPWPMLPKLHGGFBJ88CC,大學段,.00,都市：住,,,,02900002
RPWWNLOLLHGGFBJ07CC,隘興段,.00,都市：住,,,,06220001
RPPPMLPLLHGGFBJ28CC,自強段,.00,都市：住,,,,03200000
RPQPMLPLLHGGFBJ38CC,站後段,.00,都市：住,,,,02440000
RPQNOLOLLHGGFBJ28CC,站前段,.00,都市：住,,,,01880000
RPQOMLPLLHGGFDJ48CC,竹九段,.00,非都市：鄉村區 ; 非都市編定：乙種建築用地,,,,18510037
RPQOMLQLLHGGFDJ58CC,力行段,.00,都市：住,,,,05160000
RPVPMLQLLHGGFBJ98CC,莊敬段,.00,都市：住,,,,00800000
RPQNMLQLLHGGFBJ28CC,永興段,.00,都市：商,,,,04720000
RPROMLKMLHGGFBJ97CC,永興段,66.39,都市：其他:,,,,01330010
RPTOMLKMLHGGFBJ18CC,國義段,.00,都市：住,,,,01830000
RPTVMLTLLHGGFBJ07CC,大學段,.00,都市：商,,,,02140000
RPWNMLKMLHGGFDJ58CC,綠園段,.00,非都市：鄉村區 ; 非都市編定：乙種建築用地,,,,08640000
RPSNMLKMLHGGFDJ18CC,番湖段,2599.91,非都市：特定農業區 ; 非都市編定：農牧用地,,,,01200000
RPSOMLLJMHGGFDJ18CC,長威段,.00,非都市：特定農業區 ; 非都市編定：甲種建築用地,,,,11450000
RPPQMLLJMHGGFBJ87CC,,.00,都市：商,,,,01700000
RPOQMLLJMHGGFBJ77CC,,.00,都市：住,,,,05100000
RPVOMLQJMHGGFBJ78CC,,.00,都市：住,,,,02240024
RPWQMLOJMHGGFBJ88CC,,.00,都市：住,,,,06480000
RPQOMLSJMHGGFCJ58CC,資源段,.00,都市：住,,,,19390001
RPVPMLQJMHGGFDJ09CC,綠園段,.00,非都市：鄉村區 ; 非都市編定：乙種建築用地,,,,08630023
RPWPMLSJMHGGFBJ56CC,隘興段,469.12,都市：住,,,,05510000
RPXPMLSJMHGGFBJ66CC,大學段,.00,都市：住,,,,02130000
RPPQMLSJMHGGFBJ58CC,,.00,都市：住,,,,02950000
RPOQMLSJMHGGFBJ48CC,,.00,都市：住,,,,00100000
RPQQMLSJMHGGFBJ68CC,,.00,都市：住,,,,04250000
RPPNMLPKLHGGFDJ18CC,竹九段,.00,非都市：鄉村區 ; 非都市編定：乙種建築用地,,,,18510000
RPPNMLPKLHGGFDJ18CC,竹九段,.00,非都市：鄉村區 ; 非都市編定：乙種建築用地,,,,18510025
RPSQMLSJMHGGFBJ88CC,,.00,都市：住,,,,02940000
RPQQMLMKMHGGFBJ18CC,翰林段,.00,都市：商,,,,06070000
RPWQMLMKMHGGFBJ78CC,公園段,.00,都市：商,,,,04700000
RPRPMLMKMHGGFDJ38CC,中興段復興小段,.00,非都市：工業區 ; 非都市編定：丁種建築用地,,,,01160004
RPOOMLQKMHGGFBJ18CC,莊敬段,12.40,都市：商,,,,07130000
RPQNMLRKMHGGFBJ38CC,自強段,.00,都市：住,,,,01990010
RPQNMLRKMHGGFBJ38CC,自強段,.00,都市：住,,,,01990011
RPWOMLQKMHGGFBJ09DC,永興段,32.12,都市：住,,,,05300000
RPUNMLTKMHGGFBJ98CC,家興段,.00,都市：商,,,,04250000
RPVQMLTKMHGGFBJ76CC,縣華段,.00,都市：住,,,,01960000
RPXOMLTKMHGGFBJ76CC,莊敬段,.00,都市：住,,,,00700000
RPWQMLTKMHGGFBJ86CC,寶鎮段,.00,非都市：山坡地保育區 ; 非都市編定：丙種建築用地,,,,09770000
RPSRMLTKMHGGFBJ76EC,永興段,32.12,都市：住,,,,05300000
RPXOMLTKMHGGFCJ86CC,資源段,.00,都市：商,,,,19410000
RPSRMLKLMHGGFBJ38CC,家興段,.00,都市：住,,,,04360000
RPQQMLLLMHGGFBJ18CC,太平段,.00,非都市：山坡地保育區 ; 非都市編定：農牧用地,,,,09950000
RPXNMLLLMHGGFDJ78CC,中勢段,6665.00,都市：工,,,,09350000
RPSNMLMLMHGGFDJ38CC,吉祥段,.00,非都市：鄉村區 ; 非都市編定：乙種建築用地,,,,07020000
RPRNMLNLMHGGFDJ38CC,建興段鳳凰小段,.00,非都市：工業區 ; 非都市編定：丁種建築用地,,,,06570000
RPOOMLNLMHGGFCJ08CC,仁愛段,.00,都市：住,,,,05430011
RPWOMLNLMHGGFCJ88CC,四重段,.00,非都市：特定農業區 ; 非都市編定：甲種建築用地,,,,08210000
RPOOMLNLMHGGFBJ97CC,東華段,.00,都市：住,,,,08740000
RPROMLNLMHGGFBJ28CC,家興段,.00,都市：住,,,,04170000
RPRQMLNLMHGGFBJ48CC,站後段,.00,都市：住,,,,10890000
RPRQMLNLMHGGFBJ48CC,站後段,.00,都市：住,,,,10900000
RPPOMLNLMHGGFBJ08CC,隘興段,.00,都市：商,,,,05430000
RPPNMLPLMHGGFBJ18CC,家興段,.00,都市：住,,,,06650000
RPWNMLQLMHGGFBJ98CC,水瀧段,.00,都市：住,,,,09070000
RPVOMLQLMHGGFCJ09CC,資源段,.00,都市：住,,,,10770016
RPRNMLLMLHGGFCJ08CC,上德段,.00,都市：住,,,,01090000
RPVPMLQLMHGGFBJ09CC,自強段,.00,都市：住,,,,02240024
RPOPMLQJMHGGFBJ18CC,,.00,都市：住,,,,02240024
RPUOMLRLMHGGFBJ98CC,台科段,.00,都市：住,,,,00240000
RPTNMLOJNHGGFBJ38CC,省道段,.00,都市：住,,,,03230000
RPXOMLTLMHGGFBJ86CC,家興段,.00,都市：商,,,,04360000
RPQNMLKMMHGGFBJ87CC,大學段,13.82,都市：商,,,,02190000
RPTOMLOJNHGGFBJ48CC,自強段,.00,都市：住,,,,02100000
RPOQMLOJNHGGFBJ18CC,縣福段,.00,都市：商,,,,02110000
RPROMLPJNHGGFBJ38CC,縣福段,.00,都市：商,,,,02400000
RPTOMLOJNHGGFCJ58CC,竹東段竹東小段,.00,都市：住,,,,00420003
RPRNMLQJNHGGFBJ38CC,家興段,.00,都市：住,,,,03740004
RPWNMLRJNHGGFCJ09CC,竹中段,30.19,都市：住,,,,04140000
RPSNMLQJNHGGFBJ48CC,莊敬段,.00,都市：住,,,,00800000
RPQPMLMKNHGGFBJ18CC,大學段,.00,都市：商,,,,02190000
RPRPMLMKNHGGFBJ28CC,世興段,.00,都市：住,,,,00390000
RPSQMLMKNHGGFBJ48CC,永興段,.00,都市：住,,,,04470000
RPWOMLNKNHGGFBJ78CC,台科段,.00,都市：商,,,,01330000
RPPSMLPKNHGGFBJ78DC,公園段,.00,非都市： ; 非都市編定：,,,,04700000
RPRPMLSKNHGGFBJ88CC,公園段,.00,都市：住,,,,04660000
RPVPMLSKNHGGFBJ66CC,翰林段,.00,都市：住,,,,08120000
RPXPMLSKNHGGFBJ86CC,大學段,.00,都市：住,,,,02130000
RPTNMLTKNHGGFBJ98CC,家興段,.00,都市：住,,,,03740004
RPOOMLTKNHGGFDJ78CC,文昌段,.00,都市：住,,,,06020000
RPWNMLOLNHGGFBJ98DC,家興段,.00,都市：住,,,,03640000
RPWOMLOLNHGGFBJ09DC,國義段,.00,都市：住,,,,00090000
RPUSMLOLNHGGFBJ56CC,文化段,.00,都市：住,,,,01450000
RPURMLTKMHGGFBJ76CC,三崁店段三崁店小段,.00,非都市：特定農業區 ; 非都市編定：甲種建築用地,,,,00590000
RPSPMLMKNHGGFBJ38CC,永興段,.00,都市：商,,,,05060000
RPPRMLRKNHGGFBJ78CC,縣愛段,.00,都市：住,,,,00290001
