﻿編號,土地位置,土地移轉面積(平方公尺),使用分區或編定,權利人持分分母,權利人持分分子,移轉情形,地號
The serial number, land position,land shifting area square meter,the use zoning or compiles and checks,,,,land parcel
RPTNMLQKLHGGFBJ38CB,仰德段,85.27,非都市：鄉村區 ; 非都市編定：乙種建築用地,1,1,全筆移轉,17050011
RPTNMLQKLHGGFBJ38CB,仰德段,.80,非都市：鄉村區 ; 非都市編定：乙種建築用地,10000,14,持分移轉,17050052
RPPNMLQKLHGGFBJ97CB,仰德段,82.16,非都市：鄉村區 ; 非都市編定：乙種建築用地,1,1,全筆移轉,17050037
RPPNMLQKLHGGFBJ97CB,仰德段,.80,非都市：鄉村區 ; 非都市編定：乙種建築用地,10000,14,持分移轉,17050052
RPVNMLQKLHGGFBJ58CB,仰德段,82.93,非都市：鄉村區 ; 非都市編定：乙種建築用地,1,1,全筆移轉,17050039
RPVNMLQKLHGGFBJ58CB,仰德段,.80,非都市：鄉村區 ; 非都市編定：乙種建築用地,10000,14,持分移轉,17050052
RPXNMLQKLHGGFBJ78CB,仰德段,92.76,非都市：鄉村區 ; 非都市編定：乙種建築用地,1,1,全筆移轉,17050036
RPXNMLQKLHGGFBJ78CB,仰德段,.80,非都市：鄉村區 ; 非都市編定：乙種建築用地,10000,14,持分移轉,17050052
RPRNMLQKLHGGFBJ18CB,仰德段,82.54,非都市：鄉村區 ; 非都市編定：乙種建築用地,1,1,全筆移轉,17050038
RPRNMLQKLHGGFBJ18CB,仰德段,.80,非都市：鄉村區 ; 非都市編定：乙種建築用地,10000,14,持分移轉,17050052
RPUNMLQKLHGGFBJ48CB,仰德段,84.10,非都市：鄉村區 ; 非都市編定：乙種建築用地,1,1,全筆移轉,17050042
RPUNMLQKLHGGFBJ48CB,仰德段,.80,非都市：鄉村區 ; 非都市編定：乙種建築用地,10000,14,持分移轉,17050052
RPQNMLQKLHGGFBJ08CB,仰德段,82.16,非都市：鄉村區 ; 非都市編定：乙種建築用地,1,1,全筆移轉,17050044
RPQNMLQKLHGGFBJ08CB,仰德段,.80,非都市：鄉村區 ; 非都市編定：乙種建築用地,10000,14,持分移轉,17050052
RPSNMLQKLHGGFBJ28CB,仰德段,49.17,非都市：鄉村區 ; 非都市編定：乙種建築用地,1,1,全筆移轉,17050016
RPSNMLQKLHGGFBJ28CB,仰德段,28.54,非都市：鄉村區 ; 非都市編定：乙種建築用地,10000,498,持分移轉,17050052
RPWNMLQKLHGGFBJ68CB,仰德段,81.54,非都市：鄉村區 ; 非都市編定：乙種建築用地,1,1,全筆移轉,17050002
RPWNMLQKLHGGFBJ68CB,仰德段,.80,非都市：鄉村區 ; 非都市編定：乙種建築用地,10000,14,持分移轉,17050052
RPOOMLQKLHGGFBJ97CB,仰德段,82.37,非都市：鄉村區 ; 非都市編定：乙種建築用地,1,1,全筆移轉,17050004
RPOOMLQKLHGGFBJ97CB,仰德段,.80,非都市：鄉村區 ; 非都市編定：乙種建築用地,10000,14,持分移轉,17050052
RPROMLQKLHGGFBJ28CB,仰德段,84.48,非都市：鄉村區 ; 非都市編定：乙種建築用地,1,1,全筆移轉,17050043
RPROMLQKLHGGFBJ28CB,仰德段,.80,非都市：鄉村區 ; 非都市編定：乙種建築用地,10000,14,持分移轉,17050052
RPQOMLQKLHGGFBJ18CB,仰德段,45.66,非都市：鄉村區 ; 非都市編定：乙種建築用地,1,1,全筆移轉,17050019
RPQOMLQKLHGGFBJ18CB,仰德段,27.11,非都市：鄉村區 ; 非都市編定：乙種建築用地,10000,473,持分移轉,17050052
RPPOMLQKLHGGFBJ08CB,仰德段,83.32,非都市：鄉村區 ; 非都市編定：乙種建築用地,1,1,全筆移轉,17050040
RPPOMLQKLHGGFBJ08CB,仰德段,.80,非都市：鄉村區 ; 非都市編定：乙種建築用地,10000,14,持分移轉,17050052
RPSOMLQKLHGGFBJ38CB,仰德段,46.03,非都市：鄉村區 ; 非都市編定：乙種建築用地,1,1,全筆移轉,17050024
RPSOMLQKLHGGFBJ38CB,仰德段,27.46,非都市：鄉村區 ; 非都市編定：乙種建築用地,10000,479,持分移轉,17050052
RPTOMLQKLHGGFBJ48CB,仰德段,85.65,非都市：鄉村區 ; 非都市編定：乙種建築用地,1,1,全筆移轉,17050046
RPTOMLQKLHGGFBJ48CB,仰德段,.80,非都市：鄉村區 ; 非都市編定：乙種建築用地,10000,14,持分移轉,17050052
RPUOMLQKLHGGFBJ58CB,仰德段,45.66,非都市：鄉村區 ; 非都市編定：乙種建築用地,1,1,全筆移轉,17050027
RPUOMLQKLHGGFBJ58CB,仰德段,27.11,非都市：鄉村區 ; 非都市編定：乙種建築用地,10000,473,持分移轉,17050052
RPWOMLQKLHGGFBJ78CB,仰德段,86.04,非都市：鄉村區 ; 非都市編定：乙種建築用地,1,1,全筆移轉,17050047
RPWOMLQKLHGGFBJ78CB,仰德段,.80,非都市：鄉村區 ; 非都市編定：乙種建築用地,10000,14,持分移轉,17050052
RPOPMLQKLHGGFBJ08CB,仰德段,86.78,非都市：鄉村區 ; 非都市編定：乙種建築用地,1,1,全筆移轉,17050051
RPOPMLQKLHGGFBJ08CB,仰德段,.80,非都市：鄉村區 ; 非都市編定：乙種建築用地,10000,14,持分移轉,17050052
RPVOMLQKLHGGFBJ68CB,仰德段,83.71,非都市：鄉村區 ; 非都市編定：乙種建築用地,1,1,全筆移轉,17050041
RPVOMLQKLHGGFBJ68CB,仰德段,.80,非都市：鄉村區 ; 非都市編定：乙種建築用地,10000,14,持分移轉,17050052
RPXOMLQKLHGGFBJ88CB,仰德段,85.26,非都市：鄉村區 ; 非都市編定：乙種建築用地,1,1,全筆移轉,17050045
RPXOMLQKLHGGFBJ88CB,仰德段,.80,非都市：鄉村區 ; 非都市編定：乙種建築用地,10000,14,持分移轉,17050052
RPQPMLQKLHGGFBJ28CB,仰德段,81.96,非都市：鄉村區 ; 非都市編定：乙種建築用地,1,1,全筆移轉,17050003
RPQPMLQKLHGGFBJ28CB,仰德段,.80,非都市：鄉村區 ; 非都市編定：乙種建築用地,10000,14,持分移轉,17050052
RPTPMLQKLHGGFBJ58CB,仰德段,84.44,非都市：鄉村區 ; 非都市編定：乙種建築用地,1,1,全筆移轉,17050009
RPTPMLQKLHGGFBJ58CB,仰德段,.80,非都市：鄉村區 ; 非都市編定：乙種建築用地,10000,14,持分移轉,17050052
RPPPMLQKLHGGFBJ18CB,仰德段,81.13,非都市：鄉村區 ; 非都市編定：乙種建築用地,1,1,全筆移轉,17050001
RPPPMLQKLHGGFBJ18CB,仰德段,.80,非都市：鄉村區 ; 非都市編定：乙種建築用地,10000,14,持分移轉,17050052
RPVPMLQKLHGGFBJ78CB,仰德段,83.61,非都市：鄉村區 ; 非都市編定：乙種建築用地,1,1,全筆移轉,17050007
RPVPMLQKLHGGFBJ78CB,仰德段,.80,非都市：鄉村區 ; 非都市編定：乙種建築用地,10000,14,持分移轉,17050052
RPSPMLQKLHGGFBJ48CB,仰德段,83.20,非都市：鄉村區 ; 非都市編定：乙種建築用地,1,1,全筆移轉,17050006
RPSPMLQKLHGGFBJ48CB,仰德段,.80,非都市：鄉村區 ; 非都市編定：乙種建築用地,10000,14,持分移轉,17050052
RPUPMLQKLHGGFBJ68CB,仰德段,82.78,非都市：鄉村區 ; 非都市編定：乙種建築用地,1,1,全筆移轉,17050005
RPUPMLQKLHGGFBJ68CB,仰德段,.80,非都市：鄉村區 ; 非都市編定：乙種建築用地,10000,14,持分移轉,17050052
RPRPMLQKLHGGFBJ38CB,仰德段,84.66,非都市：鄉村區 ; 非都市編定：乙種建築用地,1,1,全筆移轉,17050048
RPRPMLQKLHGGFBJ38CB,仰德段,.80,非都市：鄉村區 ; 非都市編定：乙種建築用地,10000,14,持分移轉,17050052
RPWPMLQKLHGGFBJ88CB,仰德段,91.45,非都市：鄉村區 ; 非都市編定：乙種建築用地,1,1,全筆移轉,17050000
RPWPMLQKLHGGFBJ88CB,仰德段,.80,非都市：鄉村區 ; 非都市編定：乙種建築用地,10000,14,持分移轉,17050052
RPXPMLQKLHGGFBJ98CB,仰德段,49.10,非都市：鄉村區 ; 非都市編定：乙種建築用地,1,1,全筆移轉,17050026
RPXPMLQKLHGGFBJ98CB,仰德段,28.54,非都市：鄉村區 ; 非都市編定：乙種建築用地,10000,498,持分移轉,17050052
RPOQMLQKLHGGFBJ18CB,仰德段,84.85,非都市：鄉村區 ; 非都市編定：乙種建築用地,1,1,全筆移轉,17050010
RPOQMLQKLHGGFBJ18CB,仰德段,.80,非都市：鄉村區 ; 非都市編定：乙種建築用地,10000,14,持分移轉,17050052
RPPQMLQKLHGGFBJ28CB,仰德段,45.66,非都市：鄉村區 ; 非都市編定：乙種建築用地,1,1,全筆移轉,17050017
RPPQMLQKLHGGFBJ28CB,仰德段,27.11,非都市：鄉村區 ; 非都市編定：乙種建築用地,10000,473,持分移轉,17050052
RPQQMLQKLHGGFBJ38CB,仰德段,84.55,非都市：鄉村區 ; 非都市編定：乙種建築用地,1,1,全筆移轉,17050012
RPQQMLQKLHGGFBJ38CB,仰德段,.80,非都市：鄉村區 ; 非都市編定：乙種建築用地,10000,14,持分移轉,17050052
RPRQMLQKLHGGFBJ48CB,仰德段,84.03,非都市：鄉村區 ; 非都市編定：乙種建築用地,1,1,全筆移轉,17050008
RPRQMLQKLHGGFBJ48CB,仰德段,.80,非都市：鄉村區 ; 非都市編定：乙種建築用地,10000,14,持分移轉,17050052
RPUQMLQKLHGGFBJ78CB,仰德段,45.66,非都市：鄉村區 ; 非都市編定：乙種建築用地,1,1,全筆移轉,17050018
RPUQMLQKLHGGFBJ78CB,仰德段,27.11,非都市：鄉村區 ; 非都市編定：乙種建築用地,10000,473,持分移轉,17050052
RPVQMLQKLHGGFBJ88CB,仰德段,79.70,非都市：鄉村區 ; 非都市編定：乙種建築用地,1,1,全筆移轉,17050050
RPVQMLQKLHGGFBJ88CB,仰德段,.80,非都市：鄉村區 ; 非都市編定：乙種建築用地,10000,14,持分移轉,17050052
RPWQMLQKLHGGFBJ98CB,仰德段,86.61,非都市：鄉村區 ; 非都市編定：乙種建築用地,1,1,全筆移轉,17050015
RPWQMLQKLHGGFBJ98CB,仰德段,.80,非都市：鄉村區 ; 非都市編定：乙種建築用地,10000,14,持分移轉,17050052
RPTQMLQKLHGGFBJ68CB,仰德段,78.59,非都市：鄉村區 ; 非都市編定：乙種建築用地,1,1,全筆移轉,17050013
RPTQMLQKLHGGFBJ68CB,仰德段,.80,非都市：鄉村區 ; 非都市編定：乙種建築用地,10000,14,持分移轉,17050052
RPSQMLQKLHGGFBJ58CB,仰德段,79.31,非都市：鄉村區 ; 非都市編定：乙種建築用地,1,1,全筆移轉,17050049
RPSQMLQKLHGGFBJ58CB,仰德段,.80,非都市：鄉村區 ; 非都市編定：乙種建築用地,10000,14,持分移轉,17050052
RPXQMLQKLHGGFBJ09CB,仰德段,45.66,非都市：鄉村區 ; 非都市編定：乙種建築用地,1,1,全筆移轉,17050028
RPXQMLQKLHGGFBJ09CB,仰德段,27.11,非都市：鄉村區 ; 非都市編定：乙種建築用地,10000,473,持分移轉,17050052
RPORMLQKLHGGFBJ28CB,仰德段,45.66,非都市：鄉村區 ; 非都市編定：乙種建築用地,1,1,全筆移轉,17050052
RPORMLQKLHGGFBJ28CB,仰德段,27.11,非都市：鄉村區 ; 非都市編定：乙種建築用地,10000,473,持分移轉,17050052
RPQRMLQKLHGGFBJ48CB,仰德段,45.66,非都市：鄉村區 ; 非都市編定：乙種建築用地,1,1,全筆移轉,17050030
RPQRMLQKLHGGFBJ48CB,仰德段,27.11,非都市：鄉村區 ; 非都市編定：乙種建築用地,10000,473,持分移轉,17050052
RPSRMLQKLHGGFBJ68CB,仰德段,45.66,非都市：鄉村區 ; 非都市編定：乙種建築用地,1,1,全筆移轉,17050031
RPSRMLQKLHGGFBJ68CB,仰德段,27.11,非都市：鄉村區 ; 非都市編定：乙種建築用地,10000,473,持分移轉,17050052
RPTRMLQKLHGGFBJ78CB,仰德段,45.66,非都市：鄉村區 ; 非都市編定：乙種建築用地,1,1,全筆移轉,17050029
RPPRMLQKLHGGFBJ38CB,仰德段,45.96,非都市：鄉村區 ; 非都市編定：乙種建築用地,1,1,全筆移轉,17050023
RPPRMLQKLHGGFBJ38CB,仰德段,27.05,非都市：鄉村區 ; 非都市編定：乙種建築用地,10000,472,持分移轉,17050052
RPTRMLQKLHGGFBJ78CB,仰德段,27.11,非都市：鄉村區 ; 非都市編定：乙種建築用地,10000,473,持分移轉,17050052
RPVRMLQKLHGGFBJ98CB,仰德段,79.01,非都市：鄉村區 ; 非都市編定：乙種建築用地,1,1,全筆移轉,17050014
RPVRMLQKLHGGFBJ98CB,仰德段,.80,非都市：鄉村區 ; 非都市編定：乙種建築用地,10000,14,持分移轉,17050052
RPURMLQKLHGGFBJ88CB,仰德段,45.66,非都市：鄉村區 ; 非都市編定：乙種建築用地,1,1,全筆移轉,17050022
RPURMLQKLHGGFBJ88CB,仰德段,27.11,非都市：鄉村區 ; 非都市編定：乙種建築用地,10000,473,持分移轉,17050052
RPRRMLQKLHGGFBJ58CB,仰德段,45.66,非都市：鄉村區 ; 非都市編定：乙種建築用地,1,1,全筆移轉,17050021
RPRRMLQKLHGGFBJ58CB,仰德段,27.11,非都市：鄉村區 ; 非都市編定：乙種建築用地,10000,473,持分移轉,17050052
RPPNMLRKLHGGFBJ08CB,仰德段,113.01,非都市：鄉村區 ; 非都市編定：乙種建築用地,1,1,全筆移轉,15540010
RPPNMLRKLHGGFBJ08CB,仰德段,.20,非都市：鄉村區 ; 非都市編定：乙種建築用地,33544,20,持分移轉,15540011
RPQNMLRKLHGGFBJ18CB,仰德段,66.56,非都市：鄉村區 ; 非都市編定：乙種建築用地,1,1,全筆移轉,15540001
RPQNMLRKLHGGFBJ18CB,仰德段,8.06,非都市：鄉村區 ; 非都市編定：乙種建築用地,33544,806,持分移轉,15540011
RPTNMLRKLHGGFBJ48CB,仰德段,66.59,非都市：鄉村區 ; 非都市編定：乙種建築用地,1,1,全筆移轉,15540006
RPTNMLRKLHGGFBJ48CB,仰德段,8.08,非都市：鄉村區 ; 非都市編定：乙種建築用地,33544,808,持分移轉,15540011
RPRNMLRKLHGGFBJ28CB,仰德段,66.57,非都市：鄉村區 ; 非都市編定：乙種建築用地,1,1,全筆移轉,15540002
RPRNMLRKLHGGFBJ28CB,仰德段,8.10,非都市：鄉村區 ; 非都市編定：乙種建築用地,33544,810,持分移轉,15540011
RPSNMLRKLHGGFBJ38CB,仰德段,67.71,非都市：鄉村區 ; 非都市編定：乙種建築用地,1,1,全筆移轉,15540008
RPSNMLRKLHGGFBJ38CB,仰德段,8.16,非都市：鄉村區 ; 非都市編定：乙種建築用地,33544,816,持分移轉,15540011
RPOOMLRKLHGGFBJ08CB,仰德段,66.58,非都市：鄉村區 ; 非都市編定：乙種建築用地,1,1,全筆移轉,15540003
RPOOMLRKLHGGFBJ08CB,仰德段,8.05,非都市：鄉村區 ; 非都市編定：乙種建築用地,33544,805,持分移轉,15540011
RPUNMLRKLHGGFBJ58CB,仰德段,77.63,非都市：鄉村區 ; 非都市編定：乙種建築用地,1,1,全筆移轉,15540009
RPUNMLRKLHGGFBJ58CB,仰德段,1.20,非都市：鄉村區 ; 非都市編定：乙種建築用地,33544,120,持分移轉,15540011
RPVNMLRKLHGGFBJ68CB,仰德段,66.56,非都市：鄉村區 ; 非都市編定：乙種建築用地,1,1,全筆移轉,15540000
RPVNMLRKLHGGFBJ68CB,仰德段,8.11,非都市：鄉村區 ; 非都市編定：乙種建築用地,33544,811,持分移轉,15540011
RPWNMLRKLHGGFBJ78CB,仰德段,66.58,非都市：鄉村區 ; 非都市編定：乙種建築用地,1,1,全筆移轉,15540004
RPWNMLRKLHGGFBJ78CB,仰德段,8.09,非都市：鄉村區 ; 非都市編定：乙種建築用地,33544,809,持分移轉,15540011
RPXNMLRKLHGGFBJ88CB,仰德段,66.59,非都市：鄉村區 ; 非都市編定：乙種建築用地,1,1,全筆移轉,15540005
RPXNMLRKLHGGFBJ88CB,仰德段,8.04,非都市：鄉村區 ; 非都市編定：乙種建築用地,33544,804,持分移轉,15540011
RPQOMLRKLHGGFBJ28CB,仰德段,55.31,非都市：鄉村區 ; 非都市編定：乙種建築用地,1,1,全筆移轉,15540015
RPQOMLRKLHGGFBJ28CB,仰德段,31.98,非都市：鄉村區 ; 非都市編定：乙種建築用地,33544,3198,持分移轉,15540011
RPPOMLRKLHGGFBJ18CB,仰德段,59.55,非都市：鄉村區 ; 非都市編定：乙種建築用地,1,1,全筆移轉,15540017
RPPOMLRKLHGGFBJ18CB,仰德段,27.74,非都市：鄉村區 ; 非都市編定：乙種建築用地,33544,2774,持分移轉,15540011
RPROMLRKLHGGFBJ38CB,仰德段,67.01,非都市：鄉村區 ; 非都市編定：乙種建築用地,1,1,全筆移轉,15540020
RPROMLRKLHGGFBJ38CB,仰德段,19.70,非都市：鄉村區 ; 非都市編定：乙種建築用地,33544,1970,持分移轉,15540011
RPSOMLRKLHGGFBJ48CB,仰德段,53.19,非都市：鄉村區 ; 非都市編定：乙種建築用地,1,1,全筆移轉,15540014
RPSOMLRKLHGGFBJ48CB,仰德段,33.89,非都市：鄉村區 ; 非都市編定：乙種建築用地,33544,3389,持分移轉,15540011
RPTOMLRKLHGGFBJ58CB,仰德段,57.44,非都市：鄉村區 ; 非都市編定：乙種建築用地,1,1,全筆移轉,15540016
RPTOMLRKLHGGFBJ58CB,仰德段,29.64,非都市：鄉村區 ; 非都市編定：乙種建築用地,33544,2964,持分移轉,15540011
RPVOMLRKLHGGFBJ78CB,仰德段,66.64,非都市：鄉村區 ; 非都市編定：乙種建築用地,1,1,全筆移轉,15540007
RPVOMLRKLHGGFBJ78CB,仰德段,5.92,非都市：鄉村區 ; 非都市編定：乙種建築用地,33544,592,持分移轉,15540011
RPUOMLRKLHGGFBJ68CB,仰德段,77.55,非都市：鄉村區 ; 非都市編定：乙種建築用地,1,1,全筆移轉,15540021
RPUOMLRKLHGGFBJ68CB,仰德段,1.20,非都市：鄉村區 ; 非都市編定：乙種建築用地,33544,120,持分移轉,15540011
RPWOMLRKLHGGFBJ88CB,仰德段,86.62,非都市：鄉村區 ; 非都市編定：乙種建築用地,1,1,全筆移轉,15540022
RPWOMLRKLHGGFBJ88CB,仰德段,.40,非都市：鄉村區 ; 非都市編定：乙種建築用地,33544,40,持分移轉,15540011
RPXOMLRKLHGGFBJ98CB,仰德段,63.77,非都市：鄉村區 ; 非都市編定：乙種建築用地,1,1,全筆移轉,15540019
RPXOMLRKLHGGFBJ98CB,仰德段,21.70,非都市：鄉村區 ; 非都市編定：乙種建築用地,33544,2170,持分移轉,15540011
RPPNMLKLLHGGFBJ47CB,仰德段,45.96,非都市：鄉村區 ; 非都市編定：乙種建築用地,1,1,全筆移轉,17050033
RPPNMLKLLHGGFBJ47CB,仰德段,27.05,非都市：鄉村區 ; 非都市編定：乙種建築用地,10000,472,持分移轉,17050052
RPVOMLNLLHGGFBJ48CB,隘興段,31.62,都市：住,100000,1520,持分移轉,05180000
RPSPMLNLLHGGFBJ28CB,隘興段,33.07,都市：住,100000,1590,持分移轉,05180000
RPPPMLNLLHGGFBJ97CB,隘興段,33.07,都市：住,100000,1590,持分移轉,05180000
RPVPMLNLLHGGFBJ58CB,隘興段,33.07,都市：住,100000,1590,持分移轉,05180000
RPRQMLNLLHGGFBJ28CB,隘興段,33.07,都市：住,100000,1590,持分移轉,05180000
RPOQMLNLLHGGFBJ97CB,隘興段,33.07,都市：住,100000,1590,持分移轉,05180000
RPUQMLNLLHGGFBJ58CB,隘興段,33.07,都市：住,100000,1590,持分移轉,05180000
RPSQMLNLLHGGFBJ38CB,隘興段,33.07,都市：住,100000,1590,持分移轉,05180000
RPWQMLNLLHGGFBJ78CB,隘興段,33.28,都市：住,100000,1600,持分移轉,05180000
RPURMLNLLHGGFBJ68CB,隘興段,33.07,都市：住,100000,1590,持分移轉,05180000
RPSRMLNLLHGGFBJ48CB,隘興段,33.07,都市：住,100000,1590,持分移轉,05180000
RPORMLNLLHGGFBJ08CB,隘興段,33.07,都市：住,100000,1590,持分移轉,05180000
RPPSMLNLLHGGFBJ28CB,隘興段,31.41,都市：住,100000,1510,持分移轉,05180000
RPQRMLNLLHGGFBJ28CB,隘興段,33.07,都市：住,100000,1590,持分移轉,05180000
RPPTMLNLLHGGFBJ38CB,隘興段,33.07,都市：住,100000,1590,持分移轉,05180000
RPXSMLNLLHGGFBJ09CB,隘興段,33.07,都市：住,100000,1590,持分移轉,05180000
RPXRMLNLLHGGFBJ98CB,隘興段,32.66,都市：住,100000,1570,持分移轉,05180000
RPWSMLNLLHGGFBJ98CB,隘興段,33.07,都市：住,100000,1590,持分移轉,05180000
RPSTMLNLLHGGFBJ68CB,隘興段,33.07,都市：住,100000,1590,持分移轉,05180000
RPQUMLNLLHGGFBJ58CB,隘興段,33.07,都市：住,100000,1590,持分移轉,05180000
RPXTMLNLLHGGFBJ56CB,隘興段,33.07,都市：住,100000,1590,持分移轉,05180000
RPVTMLNLLHGGFBJ98CB,隘興段,33.07,都市：住,100000,1590,持分移轉,05180000
RPSUMLNLLHGGFBJ78CB,隘興段,33.07,都市：住,100000,1590,持分移轉,05180000
RPWUMLNLLHGGFBJ56CB,隘興段,33.07,都市：住,100000,1590,持分移轉,05180000
RPTUMLNLLHGGFBJ88CB,隘興段,33.07,都市：住,100000,1590,持分移轉,05180000
RPVUMLNLLHGGFBJ09CB,隘興段,33.07,都市：住,100000,1590,持分移轉,05180000
RPXUMLNLLHGGFBJ66CB,隘興段,33.07,都市：住,100000,1590,持分移轉,05180000
RPQVMLNLLHGGFBJ68CB,隘興段,32.66,都市：住,100000,1570,持分移轉,05180000
RPSVMLNLLHGGFBJ88CB,隘興段,33.07,都市：住,100000,1590,持分移轉,05180000
RPUVMLNLLHGGFBJ09CB,隘興段,33.07,都市：住,100000,1590,持分移轉,05180000
RPOWMLNLLHGGFBJ58CB,隘興段,33.07,都市：住,100000,1590,持分移轉,05180000
RPQWMLNLLHGGFBJ78CB,隘興段,33.07,都市：住,100000,1590,持分移轉,05180000
RPXVMLNLLHGGFBJ76CB,隘興段,33.07,都市：住,100000,1590,持分移轉,05180000
RPXWMLNLLHGGFBJ86CB,隘興段,33.07,都市：住,100000,1590,持分移轉,05180000
RPTWMLNLLHGGFBJ09CB,隘興段,33.07,都市：住,100000,1590,持分移轉,05180000
RPWNNLNLLHGGFBJ58CB,隘興段,33.07,都市：住,100000,1590,持分移轉,05180000
RPTNNLNLLHGGFBJ28CB,隘興段,33.28,都市：住,100000,1600,持分移轉,05180000
RPVWMLNLLHGGFBJ66CB,隘興段,33.07,都市：住,100000,1590,持分移轉,05180000
RPQNNLNLLHGGFBJ97CB,隘興段,33.07,都市：住,100000,1590,持分移轉,05180000
RPXONLNLLHGGFBJ78CB,隘興段,32.86,都市：住,100000,1580,持分移轉,05180000
RPUONLNLLHGGFBJ48CB,隘興段,32.86,都市：住,100000,1580,持分移轉,05180000
RPPONLNLLHGGFBJ97CB,隘興段,33.07,都市：住,100000,1590,持分移轉,05180000
RPSONLNLLHGGFBJ28CB,隘興段,32.45,都市：住,100000,1560,持分移轉,05180000
RPRPNLNLLHGGFBJ28CB,隘興段,32.86,都市：住,100000,1580,持分移轉,05180000
RPUPNLNLLHGGFBJ58CB,隘興段,32.86,都市：住,100000,1580,持分移轉,05180000
RPWPNLNLLHGGFBJ78CB,隘興段,32.86,都市：住,100000,1580,持分移轉,05180000
RPRQNLNLLHGGFBJ38CB,隘興段,32.86,都市：住,100000,1580,持分移轉,05180000
RPQRNLNLLHGGFBJ38CB,隘興段,32.86,都市：住,100000,1580,持分移轉,05180000
RPXPNLNLLHGGFBJ88CB,隘興段,32.86,都市：住,100000,1580,持分移轉,05180000
RPVQNLNLLHGGFBJ78CB,隘興段,32.86,都市：住,100000,1580,持分移轉,05180000
RPTQNLNLLHGGFBJ58CB,隘興段,32.86,都市：住,100000,1580,持分移轉,05180000
RPTRNLNLLHGGFBJ68CB,隘興段,32.86,都市：住,100000,1580,持分移轉,05180000
RPVRNLNLLHGGFBJ88CB,隘興段,32.86,都市：住,100000,1580,持分移轉,05180000
RPXRNLNLLHGGFBJ09CB,隘興段,33.07,都市：住,100000,1590,持分移轉,05180000
RPPSNLNLLHGGFBJ38CB,隘興段,22.05,都市：住,100000,1060,持分移轉,05180000
RPOSNLNLLHGGFBJ28CB,隘興段,22.05,都市：住,100000,1060,持分移轉,05180000
RPWSNLNLLHGGFBJ09CB,隘興段,22.05,都市：住,100000,1060,持分移轉,05180000
RPTSNLNLLHGGFBJ78CB,隘興段,22.05,都市：住,100000,1060,持分移轉,05180000
RPWTNLNLLHGGFBJ56CB,隘興段,22.05,都市：住,100000,1060,持分移轉,05180000
RPTTNLNLLHGGFBJ88CB,隘興段,22.05,都市：住,100000,1060,持分移轉,05180000
RPXUNLNLLHGGFBJ76CB,隘興段,22.05,都市：住,100000,1060,持分移轉,05180000
RPOUNLNLLHGGFBJ48CB,隘興段,22.05,都市：住,100000,1060,持分移轉,05180000
RPSUNLNLLHGGFBJ88CB,隘興段,22.05,都市：住,100000,1060,持分移轉,05180000
RPUUNLNLLHGGFBJ09CB,隘興段,22.26,都市：住,100000,1070,持分移轉,05180000
RPQUNLNLLHGGFBJ68CB,隘興段,22.05,都市：住,100000,1060,持分移轉,05180000
RPPVNLNLLHGGFBJ68CB,隘興段,22.05,都市：住,100000,1060,持分移轉,05180000
RPUWNLNLLHGGFBJ66CB,隘興段,35.98,都市：住,100000,1730,持分移轉,05180000
RPWOOLNLLHGGFBJ78CB,大學段,14.95,都市：商,100000,106,持分移轉,05200000
RPVOOLNLLHGGFBJ68CB,大學段,15.23,都市：商,100000,108,持分移轉,05200000
RPOPOLNLLHGGFBJ08CB,大學段,11.14,都市：商,100000,79,持分移轉,05200000
RPXOOLNLLHGGFBJ88CB,大學段,11.14,都市：商,100000,79,持分移轉,05200000
RPPPOLNLLHGGFBJ18CB,大學段,14.95,都市：商,100000,106,持分移轉,05200000
RPSPOLNLLHGGFBJ48CB,大學段,14.95,都市：商,100000,106,持分移轉,05200000
RPQPOLNLLHGGFBJ28CB,大學段,11.14,都市：商,100000,79,持分移轉,05200000
RPRPOLNLLHGGFBJ38CB,大學段,11.14,都市：商,100000,79,持分移轉,05200000
RPUPOLNLLHGGFBJ68CB,大學段,11.28,都市：商,100000,80,持分移轉,05200000
RPTPOLNLLHGGFBJ58CB,大學段,11.14,都市：商,100000,79,持分移轉,05200000
RPOQOLNLLHGGFBJ18CB,大學段,10.86,都市：商,100000,77,持分移轉,05200000
RPVPOLNLLHGGFBJ78CB,大學段,6.07,都市：商,100000,43,持分移轉,05200000
RPWPOLNLLHGGFBJ88CB,大學段,11.28,都市：商,100000,80,持分移轉,05200000
RPXPOLNLLHGGFBJ98CB,大學段,11.28,都市：商,100000,80,持分移轉,05200000
RPTQOLNLLHGGFBJ68CB,大學段,10.86,都市：商,100000,77,持分移轉,05200000
RPPQOLNLLHGGFBJ28CB,大學段,6.07,都市：商,100000,43,持分移轉,05200000
RPQQOLNLLHGGFBJ38CB,大學段,10.86,都市：商,100000,77,持分移轉,05200000
RPRQOLNLLHGGFBJ48CB,大學段,10.86,都市：商,100000,77,持分移轉,05200000
RPUQOLNLLHGGFBJ78CB,大學段,10.86,都市：商,100000,77,持分移轉,05200000
RPVQOLNLLHGGFBJ88CB,大學段,10.86,都市：商,100000,77,持分移轉,05200000
RPRROLNLLHGGFBJ58CB,大學段,8.89,都市：商,100000,63,持分移轉,05200000
RPWQOLNLLHGGFBJ98CB,大學段,15.23,都市：商,100000,108,持分移轉,05200000
RPXQOLNLLHGGFBJ09CB,大學段,8.89,都市：商,100000,63,持分移轉,05200000
RPOROLNLLHGGFBJ28CB,大學段,6.07,都市：商,100000,43,持分移轉,05200000
RPQROLNLLHGGFBJ48CB,大學段,8.89,都市：商,100000,63,持分移轉,05200000
RPTROLNLLHGGFBJ78CB,大學段,6.21,都市：商,100000,44,持分移轉,05200000
RPPROLNLLHGGFBJ38CB,大學段,9.17,都市：商,100000,65,持分移轉,05200000
RPSROLNLLHGGFBJ68CB,大學段,6.07,都市：商,100000,43,持分移轉,05200000
RPVROLNLLHGGFBJ98CB,大學段,6.07,都市：商,100000,43,持分移轉,05200000
RPWROLNLLHGGFBJ09CB,大學段,5.64,都市：商,100000,40,持分移轉,05200000
RPXROLNLLHGGFBJ56CB,大學段,5.92,都市：商,100000,42,持分移轉,05200000
RPRSOLNLLHGGFBJ68CB,大學段,5.78,都市：商,100000,41,持分移轉,05200000
RPPSOLNLLHGGFBJ48CB,大學段,5.92,都市：商,100000,42,持分移轉,05200000
RPOSOLNLLHGGFBJ38CB,大學段,6.07,都市：商,100000,43,持分移轉,05200000
RPQSOLNLLHGGFBJ58CB,大學段,6.07,都市：商,100000,43,持分移轉,05200000
RPVSOLNLLHGGFBJ09CB,大學段,5.78,都市：商,100000,41,持分移轉,05200000
RPUSOLNLLHGGFBJ98CB,大學段,5.78,都市：商,100000,41,持分移轉,05200000
RPSSOLNLLHGGFBJ78CB,大學段,5.78,都市：商,100000,41,持分移轉,05200000
RPPTOLNLLHGGFBJ58CB,大學段,5.78,都市：商,100000,41,持分移轉,05200000
RPTSOLNLLHGGFBJ88CB,大學段,6.07,都市：商,100000,43,持分移轉,05200000
RPVTOLNLLHGGFBJ56CB,大學段,5.78,都市：商,100000,41,持分移轉,05200000
RPOTOLNLLHGGFBJ48CB,大學段,5.78,都市：商,100000,41,持分移轉,05200000
RPSTOLNLLHGGFBJ88CB,大學段,5.78,都市：商,100000,41,持分移轉,05200000
RPUTOLNLLHGGFBJ09CB,大學段,6.07,都市：商,100000,43,持分移轉,05200000
RPTTOLNLLHGGFBJ98CB,大學段,5.78,都市：商,100000,41,持分移轉,05200000
RPXTOLNLLHGGFBJ76CB,大學段,5.78,都市：商,100000,41,持分移轉,05200000
RPOUOLNLLHGGFBJ58CB,大學段,5.78,都市：商,100000,41,持分移轉,05200000
RPQTOLNLLHGGFBJ68CB,大學段,5.78,都市：商,100000,41,持分移轉,05200000
RPRTOLNLLHGGFBJ78CB,大學段,5.78,都市：商,100000,41,持分移轉,05200000
RPWTOLNLLHGGFBJ66CB,大學段,5.78,都市：商,100000,41,持分移轉,05200000
RPQUOLNLLHGGFBJ78CB,大學段,11.00,都市：商,100000,78,持分移轉,05200000
RPPUOLNLLHGGFBJ68CB,大學段,11.28,都市：商,100000,80,持分移轉,05200000
RPUUOLNLLHGGFBJ56CB,大學段,11.00,都市：商,100000,78,持分移轉,05200000
RPSUOLNLLHGGFBJ98CB,大學段,11.00,都市：商,100000,78,持分移轉,05200000
RPRUOLNLLHGGFBJ88CB,大學段,11.00,都市：商,100000,78,持分移轉,05200000
RPTUOLNLLHGGFBJ09CB,大學段,11.00,都市：商,100000,78,持分移轉,05200000
RPXUOLNLLHGGFBJ86CB,大學段,11.14,都市：商,100000,79,持分移轉,05200000
RPVUOLNLLHGGFBJ66CB,大學段,11.00,都市：商,100000,78,持分移轉,05200000
RPOVOLNLLHGGFBJ68CB,大學段,11.00,都市：商,100000,78,持分移轉,05200000
RPWUOLNLLHGGFBJ76CB,大學段,11.14,都市：商,100000,79,持分移轉,05200000
RPPVOLNLLHGGFBJ78CB,大學段,11.00,都市：商,100000,78,持分移轉,05200000
RPQVOLNLLHGGFBJ88CB,大學段,11.28,都市：商,100000,80,持分移轉,05200000
RPUVOLNLLHGGFBJ66CB,大學段,11.14,都市：商,100000,79,持分移轉,05200000
RPXVOLNLLHGGFBJ96CB,大學段,11.14,都市：商,100000,79,持分移轉,05200000
RPWVOLNLLHGGFBJ86CB,大學段,11.14,都市：商,100000,79,持分移轉,05200000
RPRVOLNLLHGGFBJ98CB,大學段,11.00,都市：商,100000,78,持分移轉,05200000
RPTVOLNLLHGGFBJ56CB,大學段,11.14,都市：商,100000,79,持分移轉,05200000
RPOWOLNLLHGGFBJ78CB,大學段,11.14,都市：商,100000,79,持分移轉,05200000
RPQWOLNLLHGGFBJ98CB,大學段,11.14,都市：商,100000,79,持分移轉,05200000
RPVVOLNLLHGGFBJ76CB,大學段,11.14,都市：商,100000,79,持分移轉,05200000
RPPWOLNLLHGGFBJ88CB,大學段,11.14,都市：商,100000,79,持分移轉,05200000
RPRWOLNLLHGGFBJ09CB,大學段,11.14,都市：商,100000,79,持分移轉,05200000
RPUWOLNLLHGGFBJ76CB,大學段,11.14,都市：商,100000,79,持分移轉,05200000
RPTWOLNLLHGGFBJ66CB,大學段,11.14,都市：商,100000,79,持分移轉,05200000
RPSWOLNLLHGGFBJ56CB,大學段,11.14,都市：商,100000,79,持分移轉,05200000
RPWWOLNLLHGGFBJ96CB,大學段,11.14,都市：商,100000,79,持分移轉,05200000
RPPNPLNLLHGGFBJ08CB,大學段,11.14,都市：商,100000,79,持分移轉,05200000
RPVWOLNLLHGGFBJ86CB,大學段,11.14,都市：商,100000,79,持分移轉,05200000
RPXWOLNLLHGGFBJ07CB,大學段,11.14,都市：商,100000,79,持分移轉,05200000
RPQNPLNLLHGGFBJ18CB,大學段,11.14,都市：商,100000,79,持分移轉,05200000
RPONPLNLLHGGFBJ97CB,大學段,11.14,都市：商,100000,79,持分移轉,05200000
RPSNPLNLLHGGFBJ38CB,大學段,11.14,都市：商,100000,79,持分移轉,05200000
RPRNPLNLLHGGFBJ28CB,大學段,11.14,都市：商,100000,79,持分移轉,05200000
RPWNPLNLLHGGFBJ78CB,大學段,11.14,都市：商,100000,79,持分移轉,05200000
RPVNPLNLLHGGFBJ68CB,大學段,11.14,都市：商,100000,79,持分移轉,05200000
RPXNPLNLLHGGFBJ88CB,大學段,11.14,都市：商,100000,79,持分移轉,05200000
RPOOPLNLLHGGFBJ08CB,大學段,11.43,都市：商,100000,81,持分移轉,05200000
RPTNPLNLLHGGFBJ48CB,大學段,11.14,都市：商,100000,79,持分移轉,05200000
RPUNPLNLLHGGFBJ58CB,大學段,11.14,都市：商,100000,79,持分移轉,05200000
RPQOPLNLLHGGFBJ28CB,大學段,11.14,都市：商,100000,79,持分移轉,05200000
RPSOPLNLLHGGFBJ48CB,大學段,11.43,都市：商,100000,81,持分移轉,05200000
RPPOPLNLLHGGFBJ18CB,大學段,11.14,都市：商,100000,79,持分移轉,05200000
RPTOPLNLLHGGFBJ58CB,大學段,11.43,都市：商,100000,81,持分移轉,05200000
RPVOPLNLLHGGFBJ78CB,大學段,15.09,都市：商,100000,107,持分移轉,05200000
RPUOPLNLLHGGFBJ68CB,大學段,11.28,都市：商,100000,80,持分移轉,05200000
RPOPPLNLLHGGFBJ18CB,大學段,14.53,都市：商,100000,103,持分移轉,05200000
RPXOPLNLLHGGFBJ98CB,大學段,14.81,都市：商,100000,105,持分移轉,05200000
RPWOPLNLLHGGFBJ88CB,大學段,14.81,都市：商,100000,105,持分移轉,05200000
RPPPPLNLLHGGFBJ28CB,大學段,14.81,都市：商,100000,105,持分移轉,05200000
RPQPPLNLLHGGFBJ38CB,大學段,14.81,都市：商,100000,105,持分移轉,05200000
RPRPPLNLLHGGFBJ48CB,大學段,14.81,都市：商,100000,105,持分移轉,05200000
RPSPPLNLLHGGFBJ58CB,大學段,14.81,都市：商,100000,105,持分移轉,05200000
RPUPPLNLLHGGFBJ78CB,大學段,14.81,都市：商,100000,105,持分移轉,05200000
RPVPPLNLLHGGFBJ88CB,大學段,14.81,都市：商,100000,105,持分移轉,05200000
RPOQPLNLLHGGFBJ28CB,大學段,14.81,都市：商,100000,105,持分移轉,05200000
RPWPPLNLLHGGFBJ98CB,大學段,14.81,都市：商,100000,105,持分移轉,05200000
RPQQPLNLLHGGFBJ48CB,大學段,14.81,都市：商,100000,105,持分移轉,05200000
RPXPPLNLLHGGFBJ09CB,大學段,14.81,都市：商,100000,105,持分移轉,05200000
RPRQPLNLLHGGFBJ58CB,大學段,14.81,都市：商,100000,105,持分移轉,05200000
RPSQPLNLLHGGFBJ68CB,大學段,14.81,都市：商,100000,105,持分移轉,05200000
RPPQPLNLLHGGFBJ38CB,大學段,14.81,都市：商,100000,105,持分移轉,05200000
RPUQPLNLLHGGFBJ88CB,大學段,14.81,都市：商,100000,105,持分移轉,05200000
RPXQPLNLLHGGFBJ56CB,大學段,8.75,都市：商,100000,62,持分移轉,05200000
RPTQPLNLLHGGFBJ78CB,大學段,15.09,都市：商,100000,107,持分移轉,05200000
RPVQPLNLLHGGFBJ98CB,大學段,8.46,都市：商,100000,60,持分移轉,05200000
RPPRPLNLLHGGFBJ48CB,大學段,14.81,都市：商,100000,105,持分移轉,05200000
RPWQPLNLLHGGFBJ09CB,大學段,8.89,都市：商,100000,63,持分移轉,05200000
RPORPLNLLHGGFBJ38CB,大學段,8.89,都市：商,100000,63,持分移轉,05200000
RPQRPLNLLHGGFBJ58CB,大學段,14.81,都市：商,100000,105,持分移轉,05200000
RPRRPLNLLHGGFBJ68CB,大學段,15.09,都市：商,100000,107,持分移轉,05200000
RPURPLNLLHGGFBJ98CB,大學段,14.81,都市：商,100000,105,持分移轉,05200000
RPTRPLNLLHGGFBJ88CB,大學段,14.81,都市：商,100000,105,持分移轉,05200000
RPVRPLNLLHGGFBJ09CB,大學段,14.81,都市：商,100000,105,持分移轉,05200000
RPWRPLNLLHGGFBJ56CB,大學段,15.09,都市：商,100000,107,持分移轉,05200000
RPQSPLNLLHGGFBJ68CB,大學段,14.81,都市：商,100000,105,持分移轉,05200000
RPXRPLNLLHGGFBJ66CB,大學段,14.81,都市：商,100000,105,持分移轉,05200000
RPOSPLNLLHGGFBJ48CB,大學段,15.09,都市：商,100000,107,持分移轉,05200000
RPPSPLNLLHGGFBJ58CB,大學段,14.81,都市：商,100000,105,持分移轉,05200000
RPSSPLNLLHGGFBJ88CB,大學段,11.28,都市：商,100000,80,持分移轉,05200000
RPTSPLNLLHGGFBJ98CB,大學段,11.28,都市：商,100000,80,持分移轉,05200000
RPRSPLNLLHGGFBJ78CB,大學段,15.38,都市：商,100000,109,持分移轉,05200000
RPUSPLNLLHGGFBJ09CB,大學段,11.28,都市：商,100000,80,持分移轉,05200000
RPVSPLNLLHGGFBJ56CB,大學段,11.28,都市：商,100000,80,持分移轉,05200000
RPWSPLNLLHGGFBJ66CB,大學段,11.28,都市：商,100000,80,持分移轉,05200000
RPPTPLNLLHGGFBJ68CB,大學段,11.14,都市：商,100000,79,持分移轉,05200000
RPXSPLNLLHGGFBJ76CB,大學段,11.28,都市：商,100000,80,持分移轉,05200000
RPOTPLNLLHGGFBJ58CB,大學段,11.28,都市：商,100000,80,持分移轉,05200000
RPRTPLNLLHGGFBJ88CB,大學段,11.14,都市：商,100000,79,持分移轉,05200000
RPQTPLNLLHGGFBJ78CB,大學段,11.43,都市：商,100000,81,持分移轉,05200000
RPTTPLNLLHGGFBJ09CB,大學段,11.14,都市：商,100000,79,持分移轉,05200000
RPSTPLNLLHGGFBJ98CB,大學段,11.14,都市：商,100000,79,持分移轉,05200000
RPWTPLNLLHGGFBJ76CB,大學段,11.14,都市：商,100000,79,持分移轉,05200000
RPUTPLNLLHGGFBJ56CB,大學段,11.14,都市：商,100000,79,持分移轉,05200000
RPVTPLNLLHGGFBJ66CB,大學段,11.14,都市：商,100000,79,持分移轉,05200000
RPOUPLNLLHGGFBJ68CB,大學段,11.14,都市：商,100000,79,持分移轉,05200000
RPPUPLNLLHGGFBJ78CB,大學段,11.14,都市：商,100000,79,持分移轉,05200000
RPQUPLNLLHGGFBJ88CB,大學段,11.14,都市：商,100000,79,持分移轉,05200000
RPXTPLNLLHGGFBJ86CB,大學段,11.14,都市：商,100000,79,持分移轉,05200000
RPRUPLNLLHGGFBJ98CB,大學段,11.14,都市：商,100000,79,持分移轉,05200000
RPTUPLNLLHGGFBJ56CB,大學段,11.14,都市：商,100000,79,持分移轉,05200000
RPUUPLNLLHGGFBJ66CB,大學段,11.14,都市：商,100000,79,持分移轉,05200000
RPTOMLOLLHGGFBJ38CB,大學段,5.92,都市：商,100000,42,持分移轉,05200000
RPVUPLNLLHGGFBJ76CB,大學段,11.14,都市：商,100000,79,持分移轉,05200000
RPSUPLNLLHGGFBJ09CB,大學段,11.14,都市：商,100000,79,持分移轉,05200000
RPVOMLOLLHGGFBJ58CB,大學段,17.35,都市：商,100000,123,持分移轉,05200000
RPXOMLOLLHGGFBJ78CB,大學段,5.64,都市：商,100000,40,持分移轉,05200000
RPSOMLOLLHGGFBJ28CB,大學段,5.64,都市：商,100000,40,持分移轉,05200000
RPWOMLOLLHGGFBJ68CB,大學段,6.21,都市：商,100000,44,持分移轉,05200000
RPPPMLOLLHGGFBJ08CB,大學段,5.92,都市：商,100000,42,持分移轉,05200000
RPOPMLOLLHGGFBJ97CB,大學段,5.92,都市：商,100000,42,持分移轉,05200000
RPTPMLOLLHGGFBJ48CB,大學段,5.92,都市：商,100000,42,持分移轉,05200000
RPQPMLOLLHGGFBJ18CB,大學段,17.91,都市：商,100000,127,持分移轉,05200000
RPUPMLOLLHGGFBJ58CB,大學段,5.92,都市：商,100000,42,持分移轉,05200000
RPRPMLOLLHGGFBJ28CB,大學段,5.92,都市：商,100000,42,持分移轉,05200000
RPVPMLOLLHGGFBJ68CB,大學段,5.92,都市：商,100000,42,持分移轉,05200000
RPSPMLOLLHGGFBJ38CB,大學段,5.92,都市：商,100000,42,持分移轉,05200000
RPWPMLOLLHGGFBJ78CB,大學段,5.92,都市：商,100000,42,持分移轉,05200000
RPXPMLOLLHGGFBJ88CB,大學段,5.92,都市：商,100000,42,持分移轉,05200000
RPPQMLOLLHGGFBJ18CB,大學段,17.91,都市：商,100000,127,持分移轉,05200000
RPOQMLOLLHGGFBJ08CB,大學段,5.92,都市：商,100000,42,持分移轉,05200000
RPRQMLOLLHGGFBJ38CB,大學段,6.07,都市：商,100000,43,持分移轉,05200000
RPQQMLOLLHGGFBJ28CB,大學段,5.78,都市：商,100000,41,持分移轉,05200000
RPSQMLOLLHGGFBJ48CB,大學段,5.78,都市：商,100000,41,持分移轉,05200000
RPTQMLOLLHGGFBJ58CB,大學段,6.07,都市：商,100000,43,持分移轉,05200000
RPUQMLOLLHGGFBJ68CB,大學段,6.07,都市：商,100000,43,持分移轉,05200000
RPVQMLOLLHGGFBJ78CB,大學段,6.07,都市：商,100000,43,持分移轉,05200000
RPORMLOLLHGGFBJ18CB,大學段,5.92,都市：商,100000,42,持分移轉,05200000
RPSRMLOLLHGGFBJ58CB,大學段,5.92,都市：商,100000,42,持分移轉,05200000
RPQRMLOLLHGGFBJ38CB,大學段,5.64,都市：商,100000,40,持分移轉,05200000
RPPRMLOLLHGGFBJ28CB,大學段,5.64,都市：商,100000,40,持分移轉,05200000
RPWQMLOLLHGGFBJ88CB,大學段,6.07,都市：商,100000,43,持分移轉,05200000
RPRRMLOLLHGGFBJ48CB,大學段,5.64,都市：商,100000,40,持分移轉,05200000
RPTRMLOLLHGGFBJ68CB,大學段,5.64,都市：商,100000,40,持分移轉,05200000
RPXQMLOLLHGGFBJ98CB,大學段,54.45,都市：商,100000,386,持分移轉,05200000
RPWRMLOLLHGGFBJ98CB,大學段,17.63,都市：商,100000,125,持分移轉,05200000
RPXRMLOLLHGGFBJ09CB,大學段,5.92,都市：商,100000,42,持分移轉,05200000
RPQSMLOLLHGGFBJ48CB,大學段,5.92,都市：商,100000,42,持分移轉,05200000
RPSSMLOLLHGGFBJ68CB,大學段,5.92,都市：商,100000,42,持分移轉,05200000
RPOSMLOLLHGGFBJ28CB,大學段,5.92,都市：商,100000,42,持分移轉,05200000
RPRSMLOLLHGGFBJ58CB,大學段,5.92,都市：商,100000,42,持分移轉,05200000
RPPSMLOLLHGGFBJ38CB,大學段,5.92,都市：商,100000,42,持分移轉,05200000
RPUSMLOLLHGGFBJ88CB,大學段,5.92,都市：商,100000,42,持分移轉,05200000
RPTSMLOLLHGGFBJ78CB,大學段,5.92,都市：商,100000,42,持分移轉,05200000
RPWSMLOLLHGGFBJ09CB,大學段,6.07,都市：商,100000,43,持分移轉,05200000
RPVSMLOLLHGGFBJ98CB,大學段,17.63,都市：商,100000,125,持分移轉,05200000
RPXSMLOLLHGGFBJ56CB,大學段,6.07,都市：商,100000,43,持分移轉,05200000
RPSTMLOLLHGGFBJ78CB,大學段,6.07,都市：商,100000,43,持分移轉,05200000
RPRTMLOLLHGGFBJ68CB,大學段,6.07,都市：商,100000,43,持分移轉,05200000
RPOTMLOLLHGGFBJ38CB,大學段,6.07,都市：商,100000,43,持分移轉,05200000
RPTTMLOLLHGGFBJ88CB,大學段,5.78,都市：商,100000,41,持分移轉,05200000
RPVTMLOLLHGGFBJ09CB,大學段,17.63,都市：商,100000,125,持分移轉,05200000
RPUTMLOLLHGGFBJ98CB,大學段,5.78,都市：商,100000,41,持分移轉,05200000
RPPTMLOLLHGGFBJ48CB,大學段,5.78,都市：商,100000,41,持分移轉,05200000
RPWTMLOLLHGGFBJ56CB,大學段,6.07,都市：商,100000,43,持分移轉,05200000
RPXTMLOLLHGGFBJ66CB,大學段,6.07,都市：商,100000,43,持分移轉,05200000
RPPUMLOLLHGGFBJ58CB,大學段,6.07,都市：商,100000,43,持分移轉,05200000
RPSUMLOLLHGGFBJ88CB,大學段,6.07,都市：商,100000,43,持分移轉,05200000
RPQUMLOLLHGGFBJ68CB,大學段,6.07,都市：商,100000,43,持分移轉,05200000
RPTUMLOLLHGGFBJ98CB,大學段,6.07,都市：商,100000,43,持分移轉,05200000
RPRUMLOLLHGGFBJ78CB,大學段,6.07,都市：商,100000,43,持分移轉,05200000
RPOVMLOLLHGGFBJ58CB,大學段,5.92,都市：商,100000,42,持分移轉,05200000
RPUUMLOLLHGGFBJ09CB,大學段,19.47,都市：商,100000,138,持分移轉,05200000
RPQVMLOLLHGGFBJ78CB,大學段,5.92,都市：商,100000,42,持分移轉,05200000
RPPVMLOLLHGGFBJ68CB,大學段,5.92,都市：商,100000,42,持分移轉,05200000
RPSVMLOLLHGGFBJ98CB,大學段,5.92,都市：商,100000,42,持分移轉,05200000
RPRVMLOLLHGGFBJ88CB,大學段,5.92,都市：商,100000,42,持分移轉,05200000
RPUVMLOLLHGGFBJ56CB,大學段,5.92,都市：商,100000,42,持分移轉,05200000
RPTVMLOLLHGGFBJ09CB,大學段,5.92,都市：商,100000,42,持分移轉,05200000
RPXVMLOLLHGGFBJ86CB,大學段,5.92,都市：商,100000,42,持分移轉,05200000
RPPWMLOLLHGGFBJ78CB,大學段,5.92,都市：商,100000,42,持分移轉,05200000
RPWVMLOLLHGGFBJ76CB,大學段,5.92,都市：商,100000,42,持分移轉,05200000
RPVVMLOLLHGGFBJ66CB,大學段,5.92,都市：商,100000,42,持分移轉,05200000
RPQWMLOLLHGGFBJ88CB,大學段,5.92,都市：商,100000,42,持分移轉,05200000
RPOWMLOLLHGGFBJ68CB,大學段,5.92,都市：商,100000,42,持分移轉,05200000
RPXWMLOLLHGGFBJ96CB,大學段,5.92,都市：商,100000,42,持分移轉,05200000
RPSWMLOLLHGGFBJ09CB,大學段,5.92,都市：商,100000,42,持分移轉,05200000
RPWWMLOLLHGGFBJ86CB,大學段,5.92,都市：商,100000,42,持分移轉,05200000
RPTWMLOLLHGGFBJ56CB,大學段,5.92,都市：商,100000,42,持分移轉,05200000
RPONNLOLLHGGFBJ87CB,大學段,5.92,都市：商,100000,42,持分移轉,05200000
RPQNNLOLLHGGFBJ08CB,大學段,5.92,都市：商,100000,42,持分移轉,05200000
RPPNNLOLLHGGFBJ97CB,大學段,5.92,都市：商,100000,42,持分移轉,05200000
RPRNNLOLLHGGFBJ18CB,大學段,5.92,都市：商,100000,42,持分移轉,05200000
RPSNNLOLLHGGFBJ28CB,大學段,5.92,都市：商,100000,42,持分移轉,05200000
RPXNNLOLLHGGFBJ78CB,大學段,15.52,都市：商,100000,110,持分移轉,05200000
RPTNNLOLLHGGFBJ38CB,大學段,5.92,都市：商,100000,42,持分移轉,05200000
RPVNNLOLLHGGFBJ58CB,大學段,15.52,都市：商,100000,110,持分移轉,05200000
RPQONLOLLHGGFBJ18CB,大學段,15.52,都市：商,100000,110,持分移轉,05200000
RPOONLOLLHGGFBJ97CB,大學段,14.95,都市：商,100000,106,持分移轉,05200000
RPWNNLOLLHGGFBJ68CB,大學段,15.52,都市：商,100000,110,持分移轉,05200000
RPPONLOLLHGGFBJ08CB,大學段,15.52,都市：商,100000,110,持分移轉,05200000
RPRONLOLLHGGFBJ28CB,大學段,15.52,都市：商,100000,110,持分移轉,05200000
RPUONLOLLHGGFBJ58CB,大學段,6.07,都市：商,100000,43,持分移轉,05200000
RPTONLOLLHGGFBJ48CB,大學段,6.07,都市：商,100000,43,持分移轉,05200000
RPVONLOLLHGGFBJ68CB,大學段,8.75,都市：商,100000,62,持分移轉,05200000
RPWONLOLLHGGFBJ78CB,大學段,8.46,都市：商,100000,60,持分移轉,05200000
RPXONLOLLHGGFBJ88CB,大學段,8.75,都市：商,100000,62,持分移轉,05200000
RPOPNLOLLHGGFBJ08CB,大學段,8.75,都市：商,100000,62,持分移轉,05200000
RPPPNLOLLHGGFBJ18CB,大學段,8.89,都市：商,100000,63,持分移轉,05200000
RPRPNLOLLHGGFBJ38CB,大學段,15.66,都市：商,100000,111,持分移轉,05200000
RPQPNLOLLHGGFBJ28CB,大學段,15.09,都市：商,100000,107,持分移轉,05200000
RPSPNLOLLHGGFBJ48CB,大學段,15.38,都市：商,100000,109,持分移轉,05200000
RPTPNLOLLHGGFBJ58CB,大學段,14.81,都市：商,100000,105,持分移轉,05200000
RPVPNLOLLHGGFBJ78CB,大學段,15.66,都市：商,100000,111,持分移轉,05200000
RPWPNLOLLHGGFBJ88CB,大學段,5.78,都市：商,100000,41,持分移轉,05200000
RPUPNLOLLHGGFBJ68CB,大學段,15.66,都市：商,100000,111,持分移轉,05200000
RPXPNLOLLHGGFBJ98CB,大學段,6.07,都市：商,100000,43,持分移轉,05200000
RPSQNLOLLHGGFBJ58CB,大學段,5.92,都市：商,100000,42,持分移轉,05200000
RPOQNLOLLHGGFBJ18CB,大學段,6.07,都市：商,100000,43,持分移轉,05200000
RPQQNLOLLHGGFBJ38CB,大學段,5.64,都市：商,100000,40,持分移轉,05200000
RPTQNLOLLHGGFBJ68CB,大學段,5.92,都市：商,100000,42,持分移轉,05200000
RPPQNLOLLHGGFBJ28CB,大學段,5.92,都市：商,100000,42,持分移轉,05200000
RPWQNLOLLHGGFBJ98CB,大學段,5.92,都市：商,100000,42,持分移轉,05200000
RPRQNLOLLHGGFBJ48CB,大學段,5.92,都市：商,100000,42,持分移轉,05200000
RPVQNLOLLHGGFBJ88CB,大學段,5.92,都市：商,100000,42,持分移轉,05200000
RPUQNLOLLHGGFBJ78CB,大學段,5.92,都市：商,100000,42,持分移轉,05200000
RPXQNLOLLHGGFBJ09CB,大學段,5.92,都市：商,100000,42,持分移轉,05200000
RPPRNLOLLHGGFBJ38CB,大學段,5.92,都市：商,100000,42,持分移轉,05200000
RPQRNLOLLHGGFBJ48CB,大學段,5.92,都市：商,100000,42,持分移轉,05200000
RPRRNLOLLHGGFBJ58CB,大學段,6.07,都市：商,100000,43,持分移轉,05200000
RPTRNLOLLHGGFBJ78CB,大學段,6.07,都市：商,100000,43,持分移轉,05200000
RPURNLOLLHGGFBJ88CB,大學段,5.78,都市：商,100000,41,持分移轉,05200000
RPSRNLOLLHGGFBJ68CB,大學段,6.07,都市：商,100000,43,持分移轉,05200000
RPWRNLOLLHGGFBJ09CB,大學段,6.07,都市：商,100000,43,持分移轉,05200000
RPVRNLOLLHGGFBJ98CB,大學段,6.07,都市：商,100000,43,持分移轉,05200000
RPOSNLOLLHGGFBJ38CB,大學段,5.78,都市：商,100000,41,持分移轉,05200000
RPPSNLOLLHGGFBJ48CB,大學段,6.07,都市：商,100000,43,持分移轉,05200000
RPQSNLOLLHGGFBJ58CB,大學段,6.07,都市：商,100000,43,持分移轉,05200000
RPXRNLOLLHGGFBJ56CB,大學段,5.78,都市：商,100000,41,持分移轉,05200000
RPSSNLOLLHGGFBJ78CB,大學段,5.78,都市：商,100000,41,持分移轉,05200000
RPVSNLOLLHGGFBJ09CB,大學段,5.92,都市：商,100000,42,持分移轉,05200000
RPUSNLOLLHGGFBJ98CB,大學段,5.92,都市：商,100000,42,持分移轉,05200000
RPRSNLOLLHGGFBJ68CB,大學段,6.07,都市：商,100000,43,持分移轉,05200000
RPWSNLOLLHGGFBJ56CB,大學段,5.92,都市：商,100000,42,持分移轉,05200000
RPXSNLOLLHGGFBJ66CB,大學段,5.92,都市：商,100000,42,持分移轉,05200000
RPTSNLOLLHGGFBJ88CB,大學段,5.92,都市：商,100000,42,持分移轉,05200000
RPOTNLOLLHGGFBJ48CB,大學段,5.92,都市：商,100000,42,持分移轉,05200000
RPPTNLOLLHGGFBJ58CB,大學段,5.92,都市：商,100000,42,持分移轉,05200000
RPRTNLOLLHGGFBJ78CB,大學段,5.92,都市：商,100000,42,持分移轉,05200000
RPQTNLOLLHGGFBJ68CB,大學段,5.64,都市：商,100000,40,持分移轉,05200000
RPUTNLOLLHGGFBJ09CB,大學段,5.92,都市：商,100000,42,持分移轉,05200000
RPVTNLOLLHGGFBJ56CB,大學段,5.64,都市：商,100000,40,持分移轉,05200000
RPSTNLOLLHGGFBJ88CB,大學段,5.92,都市：商,100000,42,持分移轉,05200000
RPTUNLOLLHGGFBJ09CB,大學段,6.07,都市：商,100000,43,持分移轉,05200000
RPTTNLOLLHGGFBJ98CB,大學段,5.92,都市：商,100000,42,持分移轉,05200000
RPUUNLOLLHGGFBJ56CB,大學段,6.07,都市：商,100000,43,持分移轉,05200000
RPWTNLOLLHGGFBJ66CB,大學段,5.64,都市：商,100000,40,持分移轉,05200000
RPVUNLOLLHGGFBJ66CB,大學段,6.07,都市：商,100000,43,持分移轉,05200000
RPXUNLOLLHGGFBJ86CB,大學段,6.35,都市：商,100000,45,持分移轉,05200000
RPWUNLOLLHGGFBJ76CB,大學段,6.07,都市：商,100000,43,持分移轉,05200000
RPOVNLOLLHGGFBJ68CB,大學段,5.92,都市：商,100000,42,持分移轉,05200000
RPQVNLOLLHGGFBJ88CB,大學段,5.92,都市：商,100000,42,持分移轉,05200000
RPRVNLOLLHGGFBJ98CB,大學段,5.92,都市：商,100000,42,持分移轉,05200000
RPSVNLOLLHGGFBJ09CB,大學段,5.92,都市：商,100000,42,持分移轉,05200000
RPPVNLOLLHGGFBJ78CB,大學段,5.92,都市：商,100000,42,持分移轉,05200000
RPVVNLOLLHGGFBJ76CB,大學段,5.64,都市：商,100000,40,持分移轉,05200000
RPUVNLOLLHGGFBJ66CB,大學段,5.92,都市：商,100000,42,持分移轉,05200000
RPTVNLOLLHGGFBJ56CB,大學段,5.92,都市：商,100000,42,持分移轉,05200000
RPXVNLOLLHGGFBJ96CB,大學段,5.64,都市：商,100000,40,持分移轉,05200000
RPSWNLOLLHGGFBJ56CB,大學段,11.14,都市：商,100000,79,持分移轉,05200000
RPWVNLOLLHGGFBJ86CB,大學段,5.92,都市：商,100000,42,持分移轉,05200000
RPWSMLQLNHGGFBJ86CB,莊敬段,9.70,都市：商,100000,261,持分移轉,07120000
RPOTMLQLNHGGFBJ78CB,莊敬段,9.70,都市：商,100000,261,持分移轉,07120000
RPXTMLQLNHGGFBJ07CB,莊敬段,9.70,都市：商,100000,261,持分移轉,07120000
RPWTMLQLNHGGFBJ96CB,莊敬段,9.70,都市：商,100000,261,持分移轉,07120000
RPSTMLQLNHGGFBJ56CB,莊敬段,9.70,都市：商,100000,261,持分移轉,07120000
RPUSMLQLNHGGFBJ66CB,莊敬段,9.70,都市：住,100000,261,持分移轉,07120000
RPRUMLQLNHGGFBJ56CB,莊敬段,9.70,都市：商,100000,261,持分移轉,07120000
RPQUMLQLNHGGFBJ09CB,莊敬段,9.70,都市：商,100000,261,持分移轉,07120000
RPTUMLQLNHGGFBJ76CB,莊敬段,9.70,都市：商,100000,261,持分移轉,07120000
RPSUMLQLNHGGFBJ66CB,莊敬段,9.70,都市：商,100000,261,持分移轉,07120000
RPUUMLQLNHGGFBJ86CB,莊敬段,11.11,都市：商,100000,299,持分移轉,07120000
RPPUMLQLNHGGFBJ98CB,莊敬段,9.70,都市：商,100000,261,持分移轉,07120000
RPPVMLQLNHGGFBJ09CB,莊敬段,11.11,都市：商,100000,299,持分移轉,07120000
RPXUMLQLNHGGFBJ17CB,莊敬段,11.11,都市：商,100000,299,持分移轉,07120000
RPVUMLQLNHGGFBJ96CB,莊敬段,11.11,都市：商,100000,299,持分移轉,07120000
RPQVMLQLNHGGFBJ56CB,莊敬段,1.11,都市：商,1000000,299,持分移轉,07120000
RPWUMLQLNHGGFBJ07CB,莊敬段,11.11,都市：商,100000,299,持分移轉,07120000
RPOVMLQLNHGGFBJ98CB,莊敬段,11.11,都市：商,100000,299,持分移轉,07120000
RPRVMLQLNHGGFBJ66CB,莊敬段,11.04,都市：商,100000,297,持分移轉,07120000
RPSVMLQLNHGGFBJ76CB,莊敬段,11.04,都市：商,100000,297,持分移轉,07120000
RPTVMLQLNHGGFBJ86CB,莊敬段,11.04,都市：商,100000,297,持分移轉,07120000
RPUVMLQLNHGGFBJ96CB,莊敬段,11.15,都市：商,100000,300,持分移轉,07120000
RPOWMLQLNHGGFBJ09CB,莊敬段,11.11,都市：商,100000,299,持分移轉,07120000
RPVVMLQLNHGGFBJ07CB,莊敬段,11.11,都市：商,100000,299,持分移轉,07120000
RPXVMLQLNHGGFBJ27CB,莊敬段,11.11,都市：商,100000,299,持分移轉,07120000
RPQWMLQLNHGGFBJ66CB,莊敬段,11.11,都市：商,100000,299,持分移轉,07120000
RPPWMLQLNHGGFBJ56CB,莊敬段,11.11,都市：商,100000,299,持分移轉,07120000
RPRWMLQLNHGGFBJ76CB,莊敬段,11.11,都市：商,100000,299,持分移轉,07120000
RPSWMLQLNHGGFBJ86CB,莊敬段,11.11,都市：商,100000,299,持分移轉,07120000
RPVWMLQLNHGGFBJ17CB,莊敬段,11.11,都市：商,100000,299,持分移轉,07120000
RPTWMLQLNHGGFBJ96CB,莊敬段,11.11,都市：商,100000,299,持分移轉,07120000
RPWWMLQLNHGGFBJ27CB,莊敬段,11.11,都市：商,100000,299,持分移轉,07120000
RPXWMLQLNHGGFBJ37CB,莊敬段,11.11,都市：商,100000,299,持分移轉,07120000
RPONNLQLNHGGFBJ28CB,莊敬段,11.11,都市：商,100000,299,持分移轉,07120000
RPSNNLQLNHGGFBJ68CB,莊敬段,12.93,都市：商,100000,348,持分移轉,07120000
RPRNNLQLNHGGFBJ58CB,莊敬段,12.93,都市：商,100000,348,持分移轉,07120000
RPPNNLQLNHGGFBJ38CB,莊敬段,11.11,都市：商,100000,299,持分移轉,07120000
RPQNNLQLNHGGFBJ48CB,莊敬段,12.89,都市：商,100000,347,持分移轉,07120000
RPTNNLQLNHGGFBJ78CB,莊敬段,12.93,都市：商,100000,348,持分移轉,07120000
RPUNNLQLNHGGFBJ88CB,莊敬段,12.93,都市：商,100000,348,持分移轉,07120000
RPVNNLQLNHGGFBJ98CB,莊敬段,12.93,都市：商,100000,348,持分移轉,07120000
RPXNNLQLNHGGFBJ56CB,莊敬段,12.93,都市：商,100000,348,持分移轉,07120000
RPWNNLQLNHGGFBJ09CB,莊敬段,12.93,都市：商,100000,348,持分移轉,07120000
RPOONLQLNHGGFBJ38CB,莊敬段,12.93,都市：商,100000,348,持分移轉,07120000
RPPONLQLNHGGFBJ48CB,莊敬段,12.89,都市：商,100000,347,持分移轉,07120000
RPQONLQLNHGGFBJ58CB,莊敬段,12.89,都市：商,100000,347,持分移轉,07120000
RPTONLQLNHGGFBJ88CB,莊敬段,12.93,都市：商,100000,348,持分移轉,07120000
RPRONLQLNHGGFBJ68CB,莊敬段,12.93,都市：商,100000,348,持分移轉,07120000
RPSONLQLNHGGFBJ78CB,莊敬段,12.93,都市：商,100000,348,持分移轉,07120000
RPUONLQLNHGGFBJ98CB,莊敬段,12.93,都市：商,100000,348,持分移轉,07120000
RPVONLQLNHGGFBJ09CB,莊敬段,12.93,都市：商,100000,348,持分移轉,07120000
RPXONLQLNHGGFBJ66CB,莊敬段,12.93,都市：商,100000,348,持分移轉,07120000
RPQPNLQLNHGGFBJ68CB,莊敬段,11.11,都市：商,100000,299,持分移轉,07120000
RPPPNLQLNHGGFBJ58CB,莊敬段,12.93,都市：商,100000,348,持分移轉,07120000
RPRPNLQLNHGGFBJ78CB,莊敬段,9.70,都市：商,100000,261,持分移轉,07120000
RPSPNLQLNHGGFBJ88CB,莊敬段,12.89,都市：商,100000,347,持分移轉,07120000
RPTPNLQLNHGGFBJ98CB,莊敬段,11.11,都市：商,100000,299,持分移轉,07120000
RPVPNLQLNHGGFBJ56CB,莊敬段,11.11,都市：商,100000,299,持分移轉,07120000
RPUPNLQLNHGGFBJ09CB,莊敬段,11.11,都市：商,100000,299,持分移轉,07120000
RPXPNLQLNHGGFBJ76CB,莊敬段,11.11,都市：商,100000,299,持分移轉,07120000
RPWPNLQLNHGGFBJ66CB,莊敬段,12.93,都市：商,100000,348,持分移轉,07120000
RPPQMLRLNHGGFBJ68CB,莊敬段,11.11,都市：商,100000,299,持分移轉,07120000
