﻿編號,土地位置,土地移轉面積(平方公尺),使用分區或編定,權利人持分分母,權利人持分分子,移轉情形,地號
The serial number, land position,land shifting area square meter,the use zoning or compiles and checks,,,,land parcel
RPUOMLOKMHGGFDQ76CB,太頂珠段,53.34,都市：住,100000,380,持分移轉,00240004
RPSOMLOKMHGGFDQ56CB,太頂珠段,53.34,都市：住,100000,380,持分移轉,00240004
RPROMLOKMHGGFDQ09CB,太頂珠段,53.34,都市：住,100000,380,持分移轉,00240004
RPVOMLOKMHGGFDQ86CB,太頂珠段,53.34,都市：住,100000,380,持分移轉,00240004
RPXOMLOKMHGGFDQ07CB,太頂珠段,53.34,都市：住,100000,380,持分移轉,00240004
RPPPMLOKMHGGFDQ98CB,太頂珠段,53.34,都市：住,100000,380,持分移轉,00240004
RPTOMLOKMHGGFDQ66CB,太頂珠段,53.34,都市：住,100000,380,持分移轉,00240004
RPOPMLOKMHGGFDQ88CB,太頂珠段,53.34,都市：住,100000,380,持分移轉,00240004
RPWOMLOKMHGGFDQ96CB,太頂珠段,53.34,都市：住,100000,380,持分移轉,00240004
RPQPMLOKMHGGFDQ09CB,太頂珠段,53.34,都市：住,100000,380,持分移轉,00240004
RPSPMLOKMHGGFDQ66CB,太頂珠段,53.34,都市：住,100000,380,持分移轉,00240004
RPRPMLOKMHGGFDQ56CB,太頂珠段,53.34,都市：住,100000,380,持分移轉,00240004
RPTPMLOKMHGGFDQ76CB,太頂珠段,53.34,都市：住,100000,380,持分移轉,00240004
RPUPMLOKMHGGFDQ86CB,太頂珠段,53.34,都市：住,100000,380,持分移轉,00240004
RPVPMLOKMHGGFDQ96CB,太頂珠段,29.34,都市：住,100000,209,持分移轉,00240004
RPSQMLOKMHGGFDQ76CB,太頂珠段,29.34,都市：住,100000,209,持分移轉,00240004
RPOQMLOKMHGGFDQ98CB,太頂珠段,29.34,都市：住,100000,209,持分移轉,00240004
RPTQMLOKMHGGFDQ86CB,太頂珠段,29.34,都市：住,100000,209,持分移轉,00240004
RPRQMLOKMHGGFDQ66CB,太頂珠段,29.34,都市：住,100000,209,持分移轉,00240004
RPPQMLOKMHGGFDQ09CB,太頂珠段,29.34,都市：住,100000,209,持分移轉,00240004
RPVQMLOKMHGGFDQ07CB,太頂珠段,29.34,都市：住,100000,209,持分移轉,00240004
RPWPMLOKMHGGFDQ07CB,太頂珠段,29.34,都市：住,100000,209,持分移轉,00240004
RPQQMLOKMHGGFDQ56CB,太頂珠段,29.34,都市：住,100000,209,持分移轉,00240004
RPXPMLOKMHGGFDQ17CB,太頂珠段,29.34,都市：住,100000,209,持分移轉,00240004
RPWQMLOKMHGGFDQ17CB,太頂珠段,29.34,都市：住,100000,209,持分移轉,00240004
RPRRMLOKMHGGFDQ76CB,太頂珠段,53.34,都市：住,100000,380,持分移轉,00240004
RPQRMLOKMHGGFDQ66CB,太頂珠段,53.34,都市：住,100000,380,持分移轉,00240004
RPSRMLOKMHGGFDQ86CB,太頂珠段,53.34,都市：住,100000,380,持分移轉,00240004
RPPRMLOKMHGGFDQ56CB,太頂珠段,53.34,都市：住,100000,380,持分移轉,00240004
RPUQMLOKMHGGFDQ96CB,太頂珠段,29.34,都市：住,100000,209,持分移轉,00240004
RPTRMLOKMHGGFDQ96CB,太頂珠段,53.34,都市：住,100000,380,持分移轉,00240004
RPVRMLOKMHGGFDQ17CB,太頂珠段,53.34,都市：住,100000,380,持分移轉,00240004
RPURMLOKMHGGFDQ07CB,太頂珠段,53.34,都市：住,100000,380,持分移轉,00240004
RPWRMLOKMHGGFDQ27CB,太頂珠段,53.34,都市：住,100000,380,持分移轉,00240004
RPXQMLOKMHGGFDQ27CB,太頂珠段,29.34,都市：住,100000,209,持分移轉,00240004
RPORMLOKMHGGFDQ09CB,太頂珠段,53.34,都市：住,100000,380,持分移轉,00240004
RPPSMLOKMHGGFDQ66CB,太頂珠段,53.34,都市：住,100000,380,持分移轉,00240004
RPQSMLOKMHGGFDQ76CB,太頂珠段,53.34,都市：住,100000,380,持分移轉,00240004
RPSSMLOKMHGGFDQ96CB,太頂珠段,40.99,都市：住,100000,292,持分移轉,00240004
RPTSMLOKMHGGFDQ07CB,太頂珠段,40.99,都市：住,100000,292,持分移轉,00240004
RPRSMLOKMHGGFDQ86CB,太頂珠段,40.99,都市：住,100000,292,持分移轉,00240004
RPXRMLOKMHGGFDQ37CB,太頂珠段,53.34,都市：住,100000,380,持分移轉,00240004
RPOSMLOKMHGGFDQ56CB,太頂珠段,53.34,都市：住,100000,380,持分移轉,00240004
RPWSMLOKMHGGFDQ37CB,太頂珠段,40.99,都市：住,100000,292,持分移轉,00240004
RPQTMLOKMHGGFDQ86CB,太頂珠段,40.99,都市：住,100000,292,持分移轉,00240004
RPUSMLOKMHGGFDQ17CB,太頂珠段,40.99,都市：住,100000,292,持分移轉,00240004
RPSTMLOKMHGGFDQ07CB,太頂珠段,40.99,都市：住,100000,292,持分移轉,00240004
RPVSMLOKMHGGFDQ27CB,太頂珠段,40.99,都市：住,100000,292,持分移轉,00240004
RPXSMLOKMHGGFDQ47CB,太頂珠段,40.99,都市：住,100000,292,持分移轉,00240004
RPOTMLOKMHGGFDQ66CB,太頂珠段,40.99,都市：住,100000,292,持分移轉,00240004
RPPTMLOKMHGGFDQ76CB,太頂珠段,40.99,都市：住,100000,292,持分移轉,00240004
RPUTMLOKMHGGFDQ27CB,太頂珠段,29.34,都市：住,100000,209,持分移轉,00240004
RPVTMLOKMHGGFDQ37CB,太頂珠段,29.34,都市：住,100000,209,持分移轉,00240004
RPRTMLOKMHGGFDQ96CB,太頂珠段,40.99,都市：住,100000,292,持分移轉,00240004
RPTTMLOKMHGGFDQ17CB,太頂珠段,40.99,都市：住,100000,292,持分移轉,00240004
RPWTMLOKMHGGFDQ47CB,太頂珠段,29.34,都市：住,100000,209,持分移轉,00240004
RPXTMLOKMHGGFDQ57CB,太頂珠段,29.34,都市：住,100000,209,持分移轉,00240004
RPTUMLOKMHGGFDQ27CB,太頂珠段,29.34,都市：住,100000,209,持分移轉,00240004
RPUUMLOKMHGGFDQ37CB,太頂珠段,29.34,都市：住,100000,209,持分移轉,00240004
RPQUMLOKMHGGFDQ96CB,太頂珠段,29.34,都市：住,100000,209,持分移轉,00240004
RPXUMLOKMHGGFDQ67CB,太頂珠段,29.34,都市：住,100000,209,持分移轉,00240004
RPRUMLOKMHGGFDQ07CB,太頂珠段,29.34,都市：住,100000,209,持分移轉,00240004
RPSUMLOKMHGGFDQ17CB,太頂珠段,29.34,都市：住,100000,209,持分移轉,00240004
RPVUMLOKMHGGFDQ47CB,太頂珠段,29.34,都市：住,100000,209,持分移轉,00240004
RPRVMLOKMHGGFDQ17CB,太頂珠段,42.25,都市：住,100000,301,持分移轉,00240004
RPOVMLOKMHGGFDQ86CB,太頂珠段,42.25,都市：住,100000,301,持分移轉,00240004
RPWUMLOKMHGGFDQ57CB,太頂珠段,29.34,都市：住,100000,209,持分移轉,00240004
RPPVMLOKMHGGFDQ96CB,太頂珠段,42.25,都市：住,100000,301,持分移轉,00240004
RPTVMLOKMHGGFDQ37CB,太頂珠段,42.25,都市：住,100000,301,持分移轉,00240004
RPQVMLOKMHGGFDQ07CB,太頂珠段,42.25,都市：住,100000,301,持分移轉,00240004
RPSVMLOKMHGGFDQ27CB,太頂珠段,42.25,都市：住,100000,301,持分移轉,00240004
RPUVMLOKMHGGFDQ47CB,太頂珠段,42.25,都市：住,100000,301,持分移轉,00240004
RPVVMLOKMHGGFDQ57CB,太頂珠段,42.25,都市：住,100000,301,持分移轉,00240004
RPWVMLOKMHGGFDQ67CB,太頂珠段,42.25,都市：住,100000,301,持分移轉,00240004
RPXVMLOKMHGGFDQ77CB,太頂珠段,42.25,都市：住,100000,301,持分移轉,00240004
RPOWMLOKMHGGFDQ96CB,太頂珠段,42.25,都市：住,100000,301,持分移轉,00240004
RPPWMLOKMHGGFDQ07CB,太頂珠段,42.25,都市：住,100000,301,持分移轉,00240004
RPTWMLOKMHGGFDQ47CB,太頂珠段,43.23,都市：住,100000,308,持分移轉,00240004
RPQWMLOKMHGGFDQ17CB,太頂珠段,43.23,都市：住,100000,308,持分移轉,00240004
RPSWMLOKMHGGFDQ37CB,太頂珠段,43.23,都市：住,100000,308,持分移轉,00240004
RPRWMLOKMHGGFDQ27CB,太頂珠段,43.23,都市：住,100000,308,持分移轉,00240004
RPVWMLOKMHGGFDQ67CB,太頂珠段,43.23,都市：住,100000,308,持分移轉,00240004
RPUWMLOKMHGGFDQ57CB,太頂珠段,43.23,都市：住,100000,308,持分移轉,00240004
RPWWMLOKMHGGFDQ77CB,太頂珠段,43.23,都市：住,100000,308,持分移轉,00240004
RPOUMLOKMHGGFDQ76CB,太頂珠段,29.34,都市：住,100000,209,持分移轉,00240004
RPONNLOKMHGGFDQ78CB,太頂珠段,43.23,都市：住,100000,308,持分移轉,00240004
RPPNNLOKMHGGFDQ88CB,太頂珠段,43.23,都市：住,100000,308,持分移轉,00240004
RPXWMLOKMHGGFDQ87CB,太頂珠段,43.23,都市：住,100000,308,持分移轉,00240004
RPSNNLOKMHGGFDQ56CB,太頂珠段,43.23,都市：住,100000,308,持分移轉,00240004
RPQNNLOKMHGGFDQ98CB,太頂珠段,43.23,都市：住,100000,308,持分移轉,00240004
RPRNNLOKMHGGFDQ09CB,太頂珠段,43.23,都市：住,100000,308,持分移轉,00240004
RPTNNLOKMHGGFDQ66CB,太頂珠段,43.23,都市：住,100000,308,持分移轉,00240004
RPUNNLOKMHGGFDQ76CB,太頂珠段,29.34,都市：住,100000,209,持分移轉,00240004
RPVNNLOKMHGGFDQ86CB,太頂珠段,29.34,都市：住,100000,209,持分移轉,00240004
RPWNNLOKMHGGFDQ96CB,太頂珠段,29.34,都市：住,100000,209,持分移轉,00240004
RPXNNLOKMHGGFDQ07CB,太頂珠段,29.34,都市：住,100000,209,持分移轉,00240004
RPOONLOKMHGGFDQ88CB,太頂珠段,29.34,都市：住,100000,209,持分移轉,00240004
RPRNMLRKMHGGFDQ66CB,太頂珠段,29.34,都市：住,100000,209,持分移轉,00240004
RPSNMLRKMHGGFDQ76CB,太頂珠段,29.34,都市：住,100000,209,持分移轉,00240004
RPPONLOKMHGGFDQ98CB,太頂珠段,29.34,都市：住,100000,209,持分移轉,00240004
RPUNMLRKMHGGFDQ96CB,太頂珠段,29.34,都市：住,100000,209,持分移轉,00240004
RPPUMLOKMHGGFDQ86CB,太頂珠段,29.34,都市：住,100000,209,持分移轉,00240004
RPQONLOKMHGGFDQ09CB,太頂珠段,29.34,都市：住,100000,209,持分移轉,00240004
RPVNMLRKMHGGFDQ07CB,太頂珠段,29.34,都市：住,100000,209,持分移轉,00240004
RPQNMLRKMHGGFDQ56CB,太頂珠段,29.34,都市：住,100000,209,持分移轉,00240004
RPXNMLRKMHGGFDQ27CB,太頂珠段,29.34,都市：住,100000,209,持分移轉,00240004
RPTNMLRKMHGGFDQ86CB,太頂珠段,29.34,都市：住,100000,209,持分移轉,00240004
RPPOMLRKMHGGFDQ56CB,太頂珠段,43.23,都市：住,100000,308,持分移轉,00240004
RPOOMLRKMHGGFDQ09CB,太頂珠段,43.23,都市：住,100000,308,持分移轉,00240004
RPWNMLRKMHGGFDQ17CB,太頂珠段,29.34,都市：住,100000,209,持分移轉,00240004
RPTOMLRKMHGGFDQ96CB,太頂珠段,43.23,都市：住,100000,308,持分移轉,00240004
RPROMLRKMHGGFDQ76CB,太頂珠段,43.23,都市：住,100000,308,持分移轉,00240004
RPUOMLRKMHGGFDQ07CB,太頂珠段,43.23,都市：住,100000,308,持分移轉,00240004
RPQOMLRKMHGGFDQ66CB,太頂珠段,43.23,都市：住,100000,308,持分移轉,00240004
RPXOMLRKMHGGFDQ37CB,太頂珠段,43.23,都市：住,100000,308,持分移轉,00240004
RPVOMLRKMHGGFDQ17CB,太頂珠段,43.23,都市：住,100000,308,持分移轉,00240004
RPWOMLRKMHGGFDQ27CB,太頂珠段,43.23,都市：住,100000,308,持分移轉,00240004
RPSOMLRKMHGGFDQ86CB,太頂珠段,43.23,都市：住,100000,308,持分移轉,00240004
RPQPMLRKMHGGFDQ76CB,太頂珠段,43.23,都市：住,100000,308,持分移轉,00240004
RPPPMLRKMHGGFDQ66CB,太頂珠段,43.23,都市：住,100000,308,持分移轉,00240004
RPSPMLRKMHGGFDQ96CB,太頂珠段,43.23,都市：住,100000,308,持分移轉,00240004
RPWPMLRKMHGGFDQ37CB,太頂珠段,42.25,都市：住,100000,301,持分移轉,00240004
RPUPMLRKMHGGFDQ17CB,太頂珠段,42.25,都市：住,100000,301,持分移轉,00240004
RPRPMLRKMHGGFDQ86CB,太頂珠段,43.23,都市：住,100000,308,持分移轉,00240004
RPXPMLRKMHGGFDQ47CB,太頂珠段,42.25,都市：住,100000,301,持分移轉,00240004
RPPQMLRKMHGGFDQ76CB,太頂珠段,42.25,都市：住,100000,301,持分移轉,00240004
RPQQMLRKMHGGFDQ86CB,太頂珠段,42.25,都市：住,100000,301,持分移轉,00240004
RPRQMLRKMHGGFDQ96CB,太頂珠段,42.25,都市：住,100000,301,持分移轉,00240004
RPVPMLRKMHGGFDQ27CB,太頂珠段,42.25,都市：住,100000,301,持分移轉,00240004
RPOQMLRKMHGGFDQ66CB,太頂珠段,42.25,都市：住,100000,301,持分移轉,00240004
RPTQMLRKMHGGFDQ17CB,太頂珠段,42.25,都市：住,100000,301,持分移轉,00240004
RPOPMLRKMHGGFDQ56CB,太頂珠段,43.23,都市：住,100000,308,持分移轉,00240004
RPVQMLRKMHGGFDQ37CB,太頂珠段,42.25,都市：住,100000,301,持分移轉,00240004
RPWQMLRKMHGGFDQ47CB,太頂珠段,42.25,都市：住,100000,301,持分移轉,00240004
RPSQMLRKMHGGFDQ07CB,太頂珠段,42.25,都市：住,100000,301,持分移轉,00240004
RPXQMLRKMHGGFDQ57CB,太頂珠段,29.34,都市：住,100000,209,持分移轉,00240004
RPUQMLRKMHGGFDQ27CB,太頂珠段,42.25,都市：住,100000,301,持分移轉,00240004
RPORMLRKMHGGFDQ76CB,太頂珠段,29.34,都市：住,100000,209,持分移轉,00240004
RPPRMLRKMHGGFDQ86CB,太頂珠段,29.34,都市：住,100000,209,持分移轉,00240004
RPSRMLRKMHGGFDQ17CB,太頂珠段,29.34,都市：住,100000,209,持分移轉,00240004
RPQRMLRKMHGGFDQ96CB,太頂珠段,29.34,都市：住,100000,209,持分移轉,00240004
RPVRMLRKMHGGFDQ47CB,太頂珠段,29.34,都市：住,100000,209,持分移轉,00240004
RPWRMLRKMHGGFDQ57CB,太頂珠段,29.34,都市：住,100000,209,持分移轉,00240004
RPXRMLRKMHGGFDQ67CB,太頂珠段,29.34,都市：住,100000,209,持分移轉,00240004
RPRRMLRKMHGGFDQ07CB,太頂珠段,29.34,都市：住,100000,209,持分移轉,00240004
RPTRMLRKMHGGFDQ27CB,太頂珠段,29.34,都市：住,100000,209,持分移轉,00240004
RPURMLRKMHGGFDQ37CB,太頂珠段,29.34,都市：住,100000,209,持分移轉,00240004
RPQSMLRKMHGGFDQ07CB,太頂珠段,29.34,都市：住,100000,209,持分移轉,00240004
RPPSMLRKMHGGFDQ96CB,太頂珠段,29.34,都市：住,100000,209,持分移轉,00240004
RPOSMLRKMHGGFDQ86CB,太頂珠段,29.34,都市：住,100000,209,持分移轉,00240004
RPTSMLRKMHGGFDQ37CB,太頂珠段,40.99,都市：住,100000,292,持分移轉,00240004
RPSSMLRKMHGGFDQ27CB,太頂珠段,40.99,都市：住,100000,292,持分移轉,00240004
RPUSMLRKMHGGFDQ47CB,太頂珠段,40.99,都市：住,100000,292,持分移轉,00240004
RPVSMLRKMHGGFDQ57CB,太頂珠段,40.99,都市：住,100000,292,持分移轉,00240004
RPWSMLRKMHGGFDQ67CB,太頂珠段,40.99,都市：住,100000,292,持分移轉,00240004
RPXSMLRKMHGGFDQ77CB,太頂珠段,40.99,都市：住,100000,292,持分移轉,00240004
RPOTMLRKMHGGFDQ96CB,太頂珠段,40.99,都市：住,100000,292,持分移轉,00240004
RPQTMLRKMHGGFDQ17CB,太頂珠段,40.99,都市：住,100000,292,持分移轉,00240004
RPPTMLRKMHGGFDQ07CB,太頂珠段,40.99,都市：住,100000,292,持分移轉,00240004
RPRTMLRKMHGGFDQ27CB,太頂珠段,40.99,都市：住,100000,292,持分移轉,00240004
RPTTMLRKMHGGFDQ47CB,太頂珠段,40.99,都市：住,100000,292,持分移轉,00240004
RPSTMLRKMHGGFDQ37CB,太頂珠段,40.99,都市：住,100000,292,持分移轉,00240004
RPVTMLRKMHGGFDQ67CB,太頂珠段,40.99,都市：住,100000,292,持分移轉,00240004
RPUTMLRKMHGGFDQ57CB,太頂珠段,40.99,都市：住,100000,292,持分移轉,00240004
RPWTMLRKMHGGFDQ77CB,太頂珠段,40.99,都市：住,100000,292,持分移轉,00240004
RPSUMLRKMHGGFDQ47CB,太頂珠段,43.23,都市：住,100000,308,持分移轉,00240004
RPPUMLRKMHGGFDQ17CB,太頂珠段,43.23,都市：住,100000,308,持分移轉,00240004
RPXTMLRKMHGGFDQ87CB,太頂珠段,43.23,都市：住,100000,308,持分移轉,00240004
RPOUMLRKMHGGFDQ07CB,太頂珠段,43.23,都市：住,100000,308,持分移轉,00240004
RPUUMLRKMHGGFDQ67CB,太頂珠段,43.23,都市：住,100000,308,持分移轉,00240004
RPRSMLRKMHGGFDQ17CB,太頂珠段,29.34,都市：住,100000,209,持分移轉,00240004
RPQUMLRKMHGGFDQ27CB,太頂珠段,43.23,都市：住,100000,308,持分移轉,00240004
RPRUMLRKMHGGFDQ37CB,太頂珠段,43.23,都市：住,100000,308,持分移轉,00240004
RPVUMLRKMHGGFDQ77CB,太頂珠段,43.23,都市：住,100000,308,持分移轉,00240004
RPWUMLRKMHGGFDQ87CB,太頂珠段,43.23,都市：住,100000,308,持分移轉,00240004
RPTUMLRKMHGGFDQ57CB,太頂珠段,43.23,都市：住,100000,308,持分移轉,00240004
RPQVMLRKMHGGFDQ37CB,太頂珠段,43.23,都市：住,100000,308,持分移轉,00240004
RPXUMLRKMHGGFDQ97CB,太頂珠段,43.23,都市：住,100000,308,持分移轉,00240004
RPOVMLRKMHGGFDQ17CB,太頂珠段,43.23,都市：住,100000,308,持分移轉,00240004
RPTVMLRKMHGGFDQ67CB,太頂珠段,29.34,都市：住,100000,209,持分移轉,00240004
RPPVMLRKMHGGFDQ27CB,太頂珠段,43.23,都市：住,100000,308,持分移轉,00240004
RPVVMLRKMHGGFDQ87CB,太頂珠段,29.34,都市：住,100000,209,持分移轉,00240004
RPRVMLRKMHGGFDQ47CB,太頂珠段,43.23,都市：住,100000,308,持分移轉,00240004
RPWVMLRKMHGGFDQ97CB,太頂珠段,29.34,都市：住,100000,209,持分移轉,00240004
RPSVMLRKMHGGFDQ57CB,太頂珠段,29.34,都市：住,100000,209,持分移轉,00240004
RPUVMLRKMHGGFDQ77CB,太頂珠段,29.34,都市：住,100000,209,持分移轉,00240004
RPXVMLRKMHGGFDQ08CB,太頂珠段,29.34,都市：住,100000,209,持分移轉,00240004
RPPWMLRKMHGGFDQ37CB,太頂珠段,29.34,都市：住,100000,209,持分移轉,00240004
RPOWMLRKMHGGFDQ27CB,太頂珠段,29.34,都市：住,100000,209,持分移轉,00240004
RPTWMLRKMHGGFDQ77CB,太頂珠段,29.34,都市：住,100000,209,持分移轉,00240004
RPVWMLRKMHGGFDQ97CB,太頂珠段,29.34,都市：住,100000,209,持分移轉,00240004
RPQWMLRKMHGGFDQ47CB,太頂珠段,29.34,都市：住,100000,209,持分移轉,00240004
RPWWMLRKMHGGFDQ08CB,太頂珠段,29.34,都市：住,100000,209,持分移轉,00240004
RPXWMLRKMHGGFDQ18CB,太頂珠段,43.23,都市：住,100000,308,持分移轉,00240004
RPRWMLRKMHGGFDQ57CB,太頂珠段,29.34,都市：住,100000,209,持分移轉,00240004
RPQONLRKMHGGFDQ76CB,太頂珠段,43.23,都市：住,100000,308,持分移轉,00240004
RPRNNLRKMHGGFDQ76CB,太頂珠段,43.23,都市：住,100000,308,持分移轉,00240004
RPUWMLRKMHGGFDQ87CB,太頂珠段,29.34,都市：住,100000,209,持分移轉,00240004
RPUPNLRKMHGGFDQ27CB,太頂珠段,40.99,都市：住,100000,292,持分移轉,00240004
RPONNLRKMHGGFDQ09CB,太頂珠段,43.23,都市：住,100000,308,持分移轉,00240004
RPUONLRKMHGGFDQ17CB,太頂珠段,40.99,都市：住,100000,292,持分移轉,00240004
RPPNNLRKMHGGFDQ56CB,太頂珠段,43.23,都市：住,100000,308,持分移轉,00240004
RPPPNLRKMHGGFDQ76CB,太頂珠段,40.99,都市：住,100000,292,持分移轉,00240004
RPPQNLRKMHGGFDQ86CB,太頂珠段,29.34,都市：住,100000,209,持分移轉,00240004
RPVPNLRKMHGGFDQ37CB,太頂珠段,40.99,都市：住,100000,292,持分移轉,00240004
RPSRNLRKMHGGFDQ27CB,太頂珠段,42.25,都市：住,100000,301,持分移轉,00240004
RPTSNLRKMHGGFDQ47CB,太頂珠段,42.25,都市：住,100000,301,持分移轉,00240004
RPVVNLRKMHGGFDQ97CB,太頂珠段,53.34,都市：住,100000,380,持分移轉,00240004
RPVWNLRKMHGGFDQ08CB,太頂珠段,42.25,都市：住,100000,301,持分移轉,00240004
RPPWNLRKMHGGFDQ47CB,太頂珠段,53.34,都市：住,100000,380,持分移轉,00240004
RPTRNLRKMHGGFDQ37CB,太頂珠段,42.25,都市：住,100000,301,持分移轉,00240004
RPURNLRKMHGGFDQ47CB,太頂珠段,42.25,都市：住,100000,301,持分移轉,00240004
RPWWNLRKMHGGFDQ18CB,太頂珠段,42.25,都市：住,100000,301,持分移轉,00240004
RPWTNLRKMHGGFDQ87CB,太頂珠段,53.34,都市：住,100000,380,持分移轉,00240004
RPRVNLRKMHGGFDQ57CB,太頂珠段,53.34,都市：住,100000,380,持分移轉,00240004
RPRQMLSKMHGGFDQ07CB,太頂珠段,21.90,都市：住,100000,156,持分移轉,00240004
RPQQMLSKMHGGFDQ96CB,太頂珠段,21.90,都市：住,100000,156,持分移轉,00240004
RPOWNLRKMHGGFDQ37CB,太頂珠段,53.34,都市：住,100000,380,持分移轉,00240004
RPTNMLLLMHGGFDQ98CB,太頂珠段,21.90,都市：住,100000,156,持分移轉,00240004
RPVNMLNLMHGGFDQ76CB,太頂珠段,43.23,都市：住,100000,308,持分移轉,00240004
RPXNMLNLMHGGFDQ96CB,太頂珠段,40.99,都市：住,100000,292,持分移轉,00240004
RPWNMLNLMHGGFDQ86CB,太頂珠段,40.99,都市：住,100000,292,持分移轉,00240004
RPOOMLNLMHGGFDQ78CB,太頂珠段,40.99,都市：住,100000,292,持分移轉,00240004
RPTOMLNLMHGGFDQ66CB,太頂珠段,42.25,都市：住,100000,301,持分移轉,00240004
RPWNOLRKMHGGFDQ37CB,太頂珠段,42.25,都市：住,100000,301,持分移轉,00240004
RPPOMLNLMHGGFDQ88CB,太頂珠段,40.99,都市：住,100000,292,持分移轉,00240004
RPPQMLSKMHGGFDQ86CB,太頂珠段,19.37,都市：住,100000,138,持分移轉,00240004
RPSOMLNLMHGGFDQ56CB,太頂珠段,40.99,都市：住,100000,292,持分移轉,00240004
RPWOMLNLMHGGFDQ96CB,太頂珠段,29.34,都市：住,100000,209,持分移轉,00240004
RPPPMLNLMHGGFDQ98CB,太頂珠段,29.34,都市：住,100000,209,持分移轉,00240004
RPQPMLNLMHGGFDQ09CB,太頂珠段,29.34,都市：住,100000,209,持分移轉,00240004
RPSWMLRKMHGGFDQ67CB,太頂珠段,29.34,都市：住,100000,209,持分移轉,00240004
RPRPMLNLMHGGFDQ56CB,太頂珠段,29.34,都市：住,100000,209,持分移轉,00240004
RPQOMLNLMHGGFDQ98CB,太頂珠段,40.99,都市：住,100000,292,持分移轉,00240004
RPUOMLNLMHGGFDQ76CB,太頂珠段,29.34,都市：住,100000,209,持分移轉,00240004
RPVOMLNLMHGGFDQ86CB,太頂珠段,29.34,都市：住,100000,209,持分移轉,00240004
RPVPMLNLMHGGFDQ96CB,太頂珠段,29.34,都市：住,100000,209,持分移轉,00240004
RPWPMLNLMHGGFDQ07CB,太頂珠段,29.34,都市：住,100000,209,持分移轉,00240004
RPOQMLNLMHGGFDQ98CB,太頂珠段,29.34,都市：住,100000,209,持分移轉,00240004
RPQQMLNLMHGGFDQ56CB,太頂珠段,29.34,都市：住,100000,209,持分移轉,00240004
RPOPMLNLMHGGFDQ88CB,太頂珠段,29.34,都市：住,100000,209,持分移轉,00240004
RPPQMLNLMHGGFDQ09CB,太頂珠段,29.34,都市：住,100000,209,持分移轉,00240004
RPSQMLNLMHGGFDQ76CB,太頂珠段,40.99,都市：住,100000,292,持分移轉,00240004
RPRQMLNLMHGGFDQ66CB,太頂珠段,40.99,都市：住,100000,292,持分移轉,00240004
RPSPMLNLMHGGFDQ66CB,太頂珠段,29.34,都市：住,100000,209,持分移轉,00240004
RPTPMLNLMHGGFDQ76CB,太頂珠段,29.34,都市：住,100000,209,持分移轉,00240004
RPTQMLNLMHGGFDQ86CB,太頂珠段,40.99,都市：住,100000,292,持分移轉,00240004
RPWQMLNLMHGGFDQ17CB,太頂珠段,43.23,都市：住,100000,308,持分移轉,00240004
RPVQMLNLMHGGFDQ07CB,太頂珠段,43.23,都市：住,100000,308,持分移轉,00240004
RPQRMLNLMHGGFDQ66CB,太頂珠段,43.23,都市：住,100000,308,持分移轉,00240004
RPXQMLNLMHGGFDQ27CB,太頂珠段,43.23,都市：住,100000,308,持分移轉,00240004
RPSRMLNLMHGGFDQ86CB,太頂珠段,43.23,都市：住,100000,308,持分移轉,00240004
RPORMLNLMHGGFDQ09CB,太頂珠段,43.23,都市：住,100000,308,持分移轉,00240004
RPUQMLNLMHGGFDQ96CB,太頂珠段,40.99,都市：住,100000,292,持分移轉,00240004
RPRRMLNLMHGGFDQ76CB,太頂珠段,43.23,都市：住,100000,308,持分移轉,00240004
RPVRMLNLMHGGFDQ17CB,太頂珠段,53.34,都市：住,100000,380,持分移轉,00240004
RPTRMLNLMHGGFDQ96CB,太頂珠段,43.23,都市：住,100000,308,持分移轉,00240004
RPOSMLNLMHGGFDQ56CB,太頂珠段,42.25,都市：住,100000,301,持分移轉,00240004
RPRSMLNLMHGGFDQ86CB,太頂珠段,42.25,都市：住,100000,301,持分移轉,00240004
RPURMLNLMHGGFDQ07CB,太頂珠段,42.25,都市：住,100000,301,持分移轉,00240004
RPWRMLNLMHGGFDQ27CB,太頂珠段,42.25,都市：住,100000,301,持分移轉,00240004
RPXRMLNLMHGGFDQ37CB,太頂珠段,42.25,都市：住,100000,301,持分移轉,00240004
RPPSMLNLMHGGFDQ66CB,太頂珠段,42.25,都市：住,100000,301,持分移轉,00240004
RPQSMLNLMHGGFDQ76CB,太頂珠段,42.25,都市：住,100000,301,持分移轉,00240004
RPUSMLNLMHGGFDQ17CB,太頂珠段,53.34,都市：住,100000,380,持分移轉,00240004
RPVSMLNLMHGGFDQ27CB,太頂珠段,53.34,都市：住,100000,380,持分移轉,00240004
RPSSMLNLMHGGFDQ96CB,太頂珠段,42.25,都市：住,100000,301,持分移轉,00240004
RPTSMLNLMHGGFDQ07CB,太頂珠段,42.25,都市：住,100000,301,持分移轉,00240004
RPWSMLNLMHGGFDQ37CB,太頂珠段,53.34,都市：住,100000,380,持分移轉,00240004
RPXSMLNLMHGGFDQ47CB,太頂珠段,53.34,都市：住,100000,380,持分移轉,00240004
RPOTMLNLMHGGFDQ66CB,太頂珠段,53.34,都市：住,100000,380,持分移轉,00240004
RPPTMLNLMHGGFDQ76CB,太頂珠段,53.34,都市：住,100000,380,持分移轉,00240004
RPQTMLNLMHGGFDQ86CB,太頂珠段,53.34,都市：住,100000,380,持分移轉,00240004
RPRTMLNLMHGGFDQ96CB,太頂珠段,29.34,都市：住,100000,209,持分移轉,00240004
RPSTMLNLMHGGFDQ07CB,太頂珠段,29.34,都市：住,100000,209,持分移轉,00240004
RPTTMLNLMHGGFDQ17CB,太頂珠段,53.34,都市：住,100000,380,持分移轉,00240004
RPVTMLNLMHGGFDQ37CB,太頂珠段,53.34,都市：住,100000,380,持分移轉,00240004
RPUTMLNLMHGGFDQ27CB,太頂珠段,53.34,都市：住,100000,380,持分移轉,00240004
RPXTMLNLMHGGFDQ57CB,太頂珠段,53.34,都市：住,100000,380,持分移轉,00240004
RPPUMLNLMHGGFDQ86CB,太頂珠段,53.34,都市：住,100000,380,持分移轉,00240004
RPOUMLNLMHGGFDQ76CB,太頂珠段,53.34,都市：住,100000,380,持分移轉,00240004
RPPRMLNLMHGGFDQ56CB,太頂珠段,43.23,都市：住,100000,308,持分移轉,00240004
RPSUMLNLMHGGFDQ17CB,太頂珠段,53.34,都市：住,100000,380,持分移轉,00240004
RPQUMLNLMHGGFDQ96CB,太頂珠段,53.34,都市：住,100000,380,持分移轉,00240004
RPUUMLNLMHGGFDQ37CB,太頂珠段,29.34,都市：住,100000,209,持分移轉,00240004
RPRUMLNLMHGGFDQ07CB,太頂珠段,53.34,都市：住,100000,380,持分移轉,00240004
RPWUMLNLMHGGFDQ57CB,太頂珠段,29.34,都市：住,100000,209,持分移轉,00240004
RPVUMLNLMHGGFDQ47CB,太頂珠段,29.34,都市：住,100000,209,持分移轉,00240004
RPTUMLNLMHGGFDQ27CB,太頂珠段,53.34,都市：住,100000,380,持分移轉,00240004
RPXUMLNLMHGGFDQ67CB,太頂珠段,29.34,都市：住,100000,209,持分移轉,00240004
RPOVMLNLMHGGFDQ86CB,太頂珠段,29.34,都市：住,100000,209,持分移轉,00240004
RPQVMLNLMHGGFDQ07CB,太頂珠段,29.34,都市：住,100000,209,持分移轉,00240004
RPTVMLNLMHGGFDQ37CB,太頂珠段,29.34,都市：住,100000,209,持分移轉,00240004
RPPVMLNLMHGGFDQ96CB,太頂珠段,29.34,都市：住,100000,209,持分移轉,00240004
RPUVMLNLMHGGFDQ47CB,太頂珠段,29.34,都市：住,100000,209,持分移轉,00240004
RPVVMLNLMHGGFDQ57CB,太頂珠段,29.34,都市：住,100000,209,持分移轉,00240004
RPWVMLNLMHGGFDQ67CB,太頂珠段,53.34,都市：住,100000,380,持分移轉,00240004
RPOWMLNLMHGGFDQ96CB,太頂珠段,53.34,都市：住,100000,380,持分移轉,00240004
RPPWMLNLMHGGFDQ07CB,太頂珠段,53.34,都市：住,100000,380,持分移轉,00240004
RPXVMLNLMHGGFDQ77CB,太頂珠段,53.34,都市：住,100000,380,持分移轉,00240004
RPRWMLNLMHGGFDQ27CB,太頂珠段,40.99,都市：住,100000,292,持分移轉,00240004
RPQWMLNLMHGGFDQ17CB,太頂珠段,53.34,都市：住,100000,380,持分移轉,00240004
RPUWMLNLMHGGFDQ57CB,太頂珠段,29.34,都市：住,100000,209,持分移轉,00240004
RPSWMLNLMHGGFDQ37CB,太頂珠段,29.34,都市：住,100000,209,持分移轉,00240004
RPVWMLNLMHGGFDQ67CB,太頂珠段,29.34,都市：住,100000,209,持分移轉,00240004
RPWWMLNLMHGGFDQ77CB,太頂珠段,29.34,都市：住,100000,209,持分移轉,00240004
RPTWMLNLMHGGFDQ47CB,太頂珠段,29.34,都市：住,100000,209,持分移轉,00240004
RPONNLNLMHGGFDQ78CB,太頂珠段,29.34,都市：住,100000,209,持分移轉,00240004
RPXWMLNLMHGGFDQ87CB,太頂珠段,29.34,都市：住,100000,209,持分移轉,00240004
RPPNNLNLMHGGFDQ88CB,太頂珠段,29.34,都市：住,100000,209,持分移轉,00240004
RPQNNLNLMHGGFDQ98CB,太頂珠段,29.34,都市：住,100000,209,持分移轉,00240004
RPRNNLNLMHGGFDQ09CB,太頂珠段,42.25,都市：住,100000,301,持分移轉,00240004
RPSNNLNLMHGGFDQ56CB,太頂珠段,42.25,都市：住,100000,301,持分移轉,00240004
RPUNNLNLMHGGFDQ76CB,太頂珠段,42.25,都市：住,100000,301,持分移轉,00240004
RPTNNLNLMHGGFDQ66CB,太頂珠段,42.25,都市：住,100000,301,持分移轉,00240004
RPVNNLNLMHGGFDQ86CB,太頂珠段,42.25,都市：住,100000,301,持分移轉,00240004
RPWNNLNLMHGGFDQ96CB,太頂珠段,40.99,都市：住,100000,292,持分移轉,00240004
RPXNNLNLMHGGFDQ07CB,太頂珠段,40.99,都市：住,100000,292,持分移轉,00240004
RPOONLNLMHGGFDQ88CB,太頂珠段,40.99,都市：住,100000,292,持分移轉,00240004
RPQONLNLMHGGFDQ09CB,太頂珠段,40.99,都市：住,100000,292,持分移轉,00240004
RPSONLNLMHGGFDQ66CB,太頂珠段,29.34,都市：住,100000,209,持分移轉,00240004
RPPONLNLMHGGFDQ98CB,太頂珠段,40.99,都市：住,100000,292,持分移轉,00240004
RPTONLNLMHGGFDQ76CB,太頂珠段,29.34,都市：住,100000,209,持分移轉,00240004
RPRONLNLMHGGFDQ56CB,太頂珠段,29.34,都市：住,100000,209,持分移轉,00240004
RPUONLNLMHGGFDQ86CB,太頂珠段,40.99,都市：住,100000,292,持分移轉,00240004
RPWONLNLMHGGFDQ07CB,太頂珠段,42.25,都市：住,100000,301,持分移轉,00240004
RPVONLNLMHGGFDQ96CB,太頂珠段,42.25,都市：住,100000,301,持分移轉,00240004
RPXONLNLMHGGFDQ17CB,太頂珠段,42.25,都市：住,100000,301,持分移轉,00240004
RPPPNLNLMHGGFDQ09CB,太頂珠段,42.25,都市：住,100000,301,持分移轉,00240004
RPOPNLNLMHGGFDQ98CB,太頂珠段,42.25,都市：住,100000,301,持分移轉,00240004
RPQPNLNLMHGGFDQ56CB,太頂珠段,40.99,都市：住,100000,292,持分移轉,00240004
RPRPNLNLMHGGFDQ66CB,太頂珠段,40.99,都市：住,100000,292,持分移轉,00240004
RPSPNLNLMHGGFDQ76CB,太頂珠段,40.99,都市：住,100000,292,持分移轉,00240004
RPUPNLNLMHGGFDQ96CB,太頂珠段,29.34,都市：住,100000,209,持分移轉,00240004
RPTPNLNLMHGGFDQ86CB,太頂珠段,29.34,都市：住,100000,209,持分移轉,00240004
RPVPNLNLMHGGFDQ07CB,太頂珠段,40.99,都市：住,100000,292,持分移轉,00240004
RPWPNLNLMHGGFDQ17CB,太頂珠段,40.99,都市：住,100000,292,持分移轉,00240004
RPXPNLNLMHGGFDQ27CB,太頂珠段,40.99,都市：住,100000,292,持分移轉,00240004
RPSVMLNLMHGGFDQ27CB,太頂珠段,29.34,都市：住,100000,209,持分移轉,00240004
RPOQNLNLMHGGFDQ09CB,太頂珠段,40.99,都市：住,100000,292,持分移轉,00240004
