﻿編號,屋齡,建物移轉面積平方公尺,主要用途,主要建材,建築完成日期,總層數,建物分層
The serial number,room age,building shifting area square meter,the main use,main building materials,construction completes the date,total layer,building lamination
RPQNMLTJLHGGFAW86DA,4,62.44,一般事務所,鋼筋混凝土造,106年3月2日,三層,二層 陽台
RPQNMLTJLHGGFAW86DA,4,12.70,共有部分：本共有部分之項目有樓梯間１項。,鋼筋混凝土造,106年3月2日,三層,
RPWNMLKKLHGGFAW76EA,1,38.53,集合住宅,鋼筋混凝土造,109年4月8日,十層,七層 雨遮
RPWNMLKKLHGGFAW76EA,1,20.07,店舖、集合住宅、本建物共有部分之項目有車道、排風機房、緊急昇降機、客梯兼無障礙電梯、廢水池、消防幫浦室、蓄水池、甲梯、進風機房、防空避難室兼停車空間、電信機房、乙梯、梯廳、汙物處理室、台電受電室、設備空間、機械室、停車空間、迴轉空間、發電機室、排煙室、消防設備空間、雨遮、陽台、管委會空間等共計２５項。,鋼筋混凝土造,109年4月8日,十層,
RPUNMLKKLHGGFAW56EA,1,40.42,集合住宅,鋼筋混凝土造,109年4月8日,十層,三層 陽台 雨遮
RPUNMLKKLHGGFAW56EA,1,20.66,店舖、集合住宅、本建物共有部分之項目有車道、排風機房、緊急昇降機、客梯兼無障礙電梯、廢水池、消防幫浦室、蓄水池、甲梯、進風機房、防空避難室兼停車空間、電信機房、乙梯、梯廳、汙物處理室、台電受電室、設備空間、機械室、停車空間、迴轉空間、發電機室、排煙室、消防設備空間、雨遮、陽台、管委會空間等共計２５項。,鋼筋混凝土造,109年4月8日,十層,
RPVNMLKKLHGGFAW66EA,1,18.40,集合住宅,鋼筋混凝土造,109年4月8日,十層,七層 雨遮
RPVNMLKKLHGGFAW66EA,1,18.40,集合住宅,鋼筋混凝土造,109年4月8日,十層,七層 雨遮
RPVNMLKKLHGGFAW66EA,1,9.59,店舖、集合住宅、本建物共有部分之項目有車道、排風機房、緊急昇降機、客梯兼無障礙電梯、廢水池、消防幫浦室、蓄水池、甲梯、進風機房、防空避難室兼停車空間、電信機房、乙梯、梯廳、汙物處理室、台電受電室、設備空間、機械室、停車空間、迴轉空間、發電機室、排煙室、消防設備空間、雨遮、陽台、管委會空間等共計２５項。,鋼筋混凝土造,109年4月8日,十層,
RPVNMLKKLHGGFAW66EA,1,9.59,店舖、集合住宅、本建物共有部分之項目有車道、排風機房、緊急昇降機、客梯兼無障礙電梯、廢水池、消防幫浦室、蓄水池、甲梯、進風機房、防空避難室兼停車空間、電信機房、乙梯、梯廳、汙物處理室、台電受電室、設備空間、機械室、停車空間、迴轉空間、發電機室、排煙室、消防設備空間、雨遮、陽台、管委會空間等共計２５項。,鋼筋混凝土造,109年4月8日,十層,
RPRNMLOKJHGGFAW98DA,,55.19,集合住宅,鋼筋混凝土造,109年8月17日,五層,三層 陽台
RPRNMLOKJHGGFAW98DA,,9.35,集合住宅：本共有部分之項目計無障礙電梯、梯廳、安全梯間、無障礙樓梯、機房（電信）、甲梯等６項。,鋼筋混凝土造,109年8月17日,五層,
RPTNMLKKLHGGFAW09EA,1,35.19,集合住宅,鋼筋混凝土造,109年4月8日,十層,三層 陽台 雨遮
RPTNMLKKLHGGFAW09EA,1,18.57,店舖、集合住宅、本建物共有部分之項目有車道、排風機房、緊急昇降機、客梯兼無障礙電梯、廢水池、消防幫浦室、蓄水池、甲梯、進風機房、防空避難室兼停車空間、電信機房、乙梯、梯廳、汙物處理室、台電受電室、設備空間、機械室、停車空間、迴轉空間、發電機室、排煙室、消防設備空間、雨遮、陽台、管委會空間等共計２５項。,鋼筋混凝土造,109年4月8日,十層,
RPXNMLOLKHGGFAW17DA,1,76.17,集合住宅,鋼筋混凝土造,109年4月23日,五層,四層 陽台
RPXNMLOLKHGGFAW17DA,1,11.12,集合住宅：本共有部分之項目計有安全梯、梯廳（升降機間）、升降機、無障礙樓梯、電梯機房、梯廳、電信室等７項。,鋼筋混凝土造,109年4月23日,五層,
RPRNMLTJKHGGFAW86DA,1,210.90,Ｈ２－住宅,鋼筋混凝土造,108年11月15日,三層,一層 二層 三層 陽台 屋頂突出物
RPRNMLNJKHGGFAW88DA,7,222.88,集合住宅,鋼筋混凝土造,103年6月23日,三層,一層 二層 三層 陽台 地下一層 見其他登記事項
RPRNMLNJKHGGFAW88DA,7,23.07,共有部分：本共有部分之項目有車道、機房二項。,鋼筋混凝土造,103年6月23日,三層,
RPQOMLKKLHGGFAW88EA,1,38.53,集合住宅,鋼筋混凝土造,109年4月8日,十層,三層 雨遮
RPQOMLKKLHGGFAW88EA,1,20.07,店舖、集合住宅、本建物共有部分之項目有車道、排風機房、緊急昇降機、客梯兼無障礙電梯、廢水池、消防幫浦室、蓄水池、甲梯、進風機房、防空避難室兼停車空間、電信機房、乙梯、梯廳、汙物處理室、台電受電室、設備空間、機械室、停車空間、迴轉空間、發電機室、排煙室、消防設備空間、雨遮、陽台、管委會空間等共計２５項。,鋼筋混凝土造,109年4月8日,十層,
RPPNMLMKLHGGFAW78DA,25,258.39,住商用,鋼筋混凝土加強磚造,84年12月20日,三層,一層 二層 三層
RPXNMLKKLHGGFAW86EA,1,19.88,旅館,鋼筋混凝土造,109年4月8日,十層,五層 雨遮
RPXNMLKKLHGGFAW86EA,1,19.88,旅館,鋼筋混凝土造,109年4月8日,十層,五層 雨遮
RPXNMLKKLHGGFAW86EA,1,10.38,店舖、集合住宅、本建物共有部分之項目有車道、排風機房、緊急昇降機、客梯兼無障礙電梯、廢水池、消防幫浦室、蓄水池、甲梯、進風機房、防空避難室兼停車空間、電信機房、乙梯、梯廳、汙物處理室、台電受電室、設備空間、機械室、停車空間、迴轉空間、發電機室、排煙室、消防設備空間、雨遮、陽台、管委會空間等共計２５項。,鋼筋混凝土造,109年4月8日,十層,
RPXNMLKKLHGGFAW86EA,1,10.38,店舖、集合住宅、本建物共有部分之項目有車道、排風機房、緊急昇降機、客梯兼無障礙電梯、廢水池、消防幫浦室、蓄水池、甲梯、進風機房、防空避難室兼停車空間、電信機房、乙梯、梯廳、汙物處理室、台電受電室、設備空間、機械室、停車空間、迴轉空間、發電機室、排煙室、消防設備空間、雨遮、陽台、管委會空間等共計２５項。,鋼筋混凝土造,109年4月8日,十層,
RPOOMLKKLHGGFAW68EA,1,39.70,集合住宅,鋼筋混凝土造,109年4月8日,十層,三層 雨遮
RPOOMLKKLHGGFAW68EA,1,20.52,店舖、集合住宅、本建物共有部分之項目有車道、排風機房、緊急昇降機、客梯兼無障礙電梯、廢水池、消防幫浦室、蓄水池、甲梯、進風機房、防空避難室兼停車空間、電信機房、乙梯、梯廳、汙物處理室、台電受電室、設備空間、機械室、停車空間、迴轉空間、發電機室、排煙室、消防設備空間、雨遮、陽台、管委會空間等共計２５項。,鋼筋混凝土造,109年4月8日,十層,
RPPNMLRKLHGGFAW66DA,26,201.75,倉庫,鋼筋混凝土加強磚造,84年7月18日,三層,一層 二層 三層 陽台
RPWNMLNJLHGGFAW86DA,,183.55,集合住宅,鋼筋混凝土造,109年12月31日,三層,一層 二層 三層 陽台 屋頂突出物
RPQNMLRKLHGGFAW76DA,26,193.29,倉庫,鋼筋混凝土加強磚造,84年7月18日,三層,一層 二層 三層 陽台
RPROMLKKLHGGFAW98EA,1,39.94,集合住宅,鋼筋混凝土造,109年4月8日,十層,七層 雨遮
RPROMLKKLHGGFAW98EA,1,45.14,店舖、集合住宅、本建物共有部分之項目有車道、排風機房、緊急昇降機、客梯兼無障礙電梯、廢水池、消防幫浦室、蓄水池、甲梯、進風機房、防空避難室兼停車空間、電信機房、乙梯、梯廳、汙物處理室、台電受電室、設備空間、機械室、停車空間、迴轉空間、發電機室、排煙室、消防設備空間、雨遮、陽台、管委會空間等共計２５項。,鋼筋混凝土造,109年4月8日,十層,
RPSOMLKKLHGGFAW09EA,1,140.56,店舖,鋼筋混凝土造,109年4月8日,十層,一層
RPSOMLKKLHGGFAW09EA,1,102.70,店舖、集合住宅、本建物共有部分之項目有車道、排風機房、緊急昇降機、客梯兼無障礙電梯、廢水池、消防幫浦室、蓄水池、甲梯、進風機房、防空避難室兼停車空間、電信機房、乙梯、梯廳、汙物處理室、台電受電室、設備空間、機械室、停車空間、迴轉空間、發電機室、排煙室、消防設備空間、雨遮、陽台、管委會空間等共計２５項。,鋼筋混凝土造,109年4月8日,十層,
RPPOMLTKLHGGFAW96DA,5,203.54,集村農舍,鋼筋混凝土造,105年1月18日,三層,一層 二層 三層 陽台
RPRNMLMLLHGGFAW09DA,4,167.99,農舍,鋼筋混凝土造,105年11月3日,三層,一層 二層 三層 陽台
RPRNMLQLKHGGFAW76DA,,42.62,集合住宅,鋼筋混凝土造,110年1月18日,四層,三層 陽台
RPRNMLQLKHGGFAW76DA,,42.62,集合住宅,鋼筋混凝土造,110年1月18日,四層,三層 陽台
RPRNMLQLKHGGFAW76DA,,10.52,集合住宅、本共有部分項目有樓梯間１項。,鋼筋混凝土造,110年1月18日,四層,
RPRNMLQLKHGGFAW76DA,,10.52,集合住宅、本共有部分項目有樓梯間１項。,鋼筋混凝土造,110年1月18日,四層,
RPPOMLRKLHGGFAW76DA,3,63.91,集合住宅,鋼筋混凝土造,107年3月8日,三層,二層 陽台
RPPOMLRKLHGGFAW76DA,3,4.80,共有部分：本共有部分之項目有梯間１項。,鋼筋混凝土造,107年3月8日,三層,
RPPNMLMLLHGGFAW88DA,5,203.54,集村農舍,鋼筋混凝土造,105年1月18日,三層,一層 二層 三層 陽台
RPTNMLOJLHGGFAW66DA,,52.97,集合住宅,鋼筋混凝土造,110年1月18日,五層,一層
RPTNMLOJLHGGFAW66DA,,13.09,集合住宅、共有部分之項目有甲梯、甲無障礙電梯、乙梯、乙無障礙電梯、管委會使用空間、甲梯廳、水箱、乙梯間、電信室等９項。,鋼筋混凝土造,110年1月18日,五層,
RPVNMLPJLHGGFAW96DA,,56.67,集合住宅,鋼筋混凝土造,110年1月18日,五層,三層 陽台
RPVNMLPJLHGGFAW96DA,,14.00,集合住宅、共有部分之項目有甲梯、甲無障礙電梯、乙梯、乙無障礙電梯、管委會使用空間、甲梯廳、水箱、乙梯間、電信室等９項。,鋼筋混凝土造,110年1月18日,五層,
RPQNMLPJLHGGFAW09DA,,66.09,集合住宅,鋼筋混凝土造,110年1月18日,五層,一層
RPQNMLPJLHGGFAW09DA,,15.41,集合住宅、共有部分之項目有甲梯、甲無障礙電梯、乙梯、乙無障礙電梯、管委會使用空間、甲梯廳、水箱、乙梯間、電信室等９項。,鋼筋混凝土造,110年1月18日,五層,
RPUNMLPJLHGGFAW86DA,,57.35,集合住宅,鋼筋混凝土造,110年1月18日,五層,三層 陽台
RPUNMLPJLHGGFAW86DA,,14.16,集合住宅、共有部分之項目有甲梯、甲無障礙電梯、乙梯、乙無障礙電梯、管委會使用空間、甲梯廳、水箱、乙梯間、電信室等９項。,鋼筋混凝土造,110年1月18日,五層,
RPPOMLPJKHGGFAW98DA,,76.17,集合住宅,鋼筋混凝土造,109年4月23日,五層,三層 陽台
RPPOMLPJKHGGFAW98DA,,11.12,集合住宅：本共有部分之項目計有安全梯、梯廳（升降機間）、升降機、無障礙樓梯、電梯機房、梯廳、電信室等７項。,鋼筋混凝土造,109年4月23日,五層,
RPTOMLPJLHGGFAW86DA,4,112.63,集合住宅,鋼筋混凝土造,106年6月27日,三層,二層 陽台 雨遮
RPTOMLPJLHGGFAW86DA,4,22.84,共有部分：本共有部分之項目有梯間、門廊、陽台等３項。,鋼筋混凝土造,106年6月27日,三層,
RPXNMLNJLHGGFAW96DA,,183.55,集合住宅,鋼筋混凝土造,109年12月31日,三層,一層 二層 三層 陽台 屋頂突出物
RPVNMLNJLHGGFAW76DA,,183.55,集合住宅,鋼筋混凝土造,109年12月31日,三層,一層 二層 三層 陽台 屋頂突出物
RPWNMLQLLHGGFAW37DA,,63.44,集合住宅,鋼筋混凝土造,109年12月23日,五層,三層 陽台
RPWNMLQLLHGGFAW37DA,,13.46,集合住宅：本共有部分之項目計有安全梯、梯廳、梯坑、無障礙通路、電信機房、樓梯間、水箱等七項。,鋼筋混凝土造,109年12月23日,五層,
RPTNMLMJLHGGFAW09DA,,56.97,集合住宅,鋼筋混凝土造,109年11月20日,九層,八層 陽台 雨遮
RPTNMLMJLHGGFAW09DA,,20.55,辦公室、集合住宅、本共有部分之項目有台電配電室、機電消防室、無障礙安全梯、消防水池、防空避難室兼停車空間、電信室、清水池、環保區、管委會使用空間、走廊兼梯廳、安全梯、梯廳、雨遮、電梯機房、水箱、水錶室等計１６項。,鋼筋混凝土造,109年11月20日,九層,
SPTNMLMJLHGGFAW56DA,,56.40,集合住宅,鋼筋混凝土造,109年11月20日,九層,八層 陽台 雨遮
SPTNMLMJLHGGFAW56DA,,20.31,辦公室、集合住宅、本共有部分之項目有台電配電室、機電消防室、無障礙安全梯、消防水池、防空避難室兼停車空間、電信室、清水池、環保區、管委會使用空間、走廊兼梯廳、安全梯、梯廳、雨遮、電梯機房、水箱、水錶室等計１６項。,鋼筋混凝土造,109年11月20日,九層,
RPRNMLQJMHGGFAW76DA,5,25.92,集合住宅,鋼筋混凝土造,105年1月26日,三層,二層 陽台
RPRNMLQJMHGGFAW76DA,5,8.85,共有部分：本共有部分之項目有車道、停車空間、消防蓄水池、蓄水箱、消防機械室、發電機室、樓梯間、電梯廳、管理室、電信室、玄關、大廳及陽台等１３項。,鋼筋混凝土造,105年1月26日,三層,
RPWNMLTKLHGGFAW57DA,1,96.16,集合住宅,鋼筋混凝土造,109年4月23日,五層,四層 陽台
RPWNMLTKLHGGFAW57DA,1,14.02,集合住宅：本共有部分之項目計有安全梯、梯廳（升降機間）、升降機、無障礙樓梯、電梯機房、梯廳、電信室等７項。,鋼筋混凝土造,109年4月23日,五層,
RPWNMLSJMHGGFAW47DA,2,80.14,集合住宅,鋼筋混凝土造,108年4月24日,五層,五層 陽台
RPWNMLSJMHGGFAW47DA,2,12.36,共有部分：本共有部分之項目計有走廊、無障礙電梯、梯廳、無障礙樓梯、梯間、機房（電信）等６項。,鋼筋混凝土造,108年4月24日,五層,
RPSOMLLJMHGGFAW09DA,,97.53,集合住宅,鋼筋混凝土造,109年7月8日,五層,三層 陽台
RPSOMLLJMHGGFAW09DA,,15.19,集合住宅：本共有部分之項目計有無障礙樓梯、梯廳及水箱等３項。,鋼筋混凝土造,109年7月8日,五層,
RPUNMLMLLHGGFAW76DA,7,207.43,集村農舍,鋼筋混凝土造,103年1月23日,三層,一層 二層 三層 陽台
RPVNMLMJLHGGFAW66DA,,72.50,集合住宅,鋼筋混凝土造,109年11月20日,九層,八層 陽台 雨遮
RPVNMLMJLHGGFAW66DA,,40.68,辦公室、集合住宅、本共有部分之項目有台電配電室、機電消防室、無障礙安全梯、消防水池、防空避難室兼停車空間、電信室、清水池、環保區、管委會使用空間、走廊兼梯廳、安全梯、梯廳、雨遮、電梯機房、水箱、水錶室等計１６項。,鋼筋混凝土造,109年11月20日,九層,
RPSNMLOJLHGGFAW56DA,,174.01,集合住宅,鋼筋混凝土造,109年9月4日,三層,一層 二層 三層 陽台
RPUNMLMKMHGGFAW76DA,22,164.50,住家用,鋼筋混凝土造,88年9月6日,四層,一層 二層 三層 四層 陽台 平台 屋頂突出物
RPXNMLSJMHGGFAW67EA,44,43.24,住家用,鋼筋混凝土造,66年7月13日,二層,一層 二層 陽台
RPSNMLTJMHGGFAW27EA,22,208.37,住宅．停車空間,鋼筋混凝土造,88年7月30日,三層,一層 二層 三層 陽台 平台 屋頂突出物
RPSPMLKKLHGGFAW09DA,,74.43,集合住宅,鋼筋混凝土造,109年11月20日,九層,九層 陽台 雨遮
RPSPMLKKLHGGFAW09DA,,41.30,辦公室、集合住宅、本共有部分之項目有台電配電室、機電消防室、無障礙安全梯、消防水池、防空避難室兼停車空間、電信室、清水池、環保區、管委會使用空間、走廊兼梯廳、安全梯、梯廳、雨遮、電梯機房、水箱、水錶室等計１６項。,鋼筋混凝土造,109年11月20日,九層,
RPQNMLPLLHGGFAW66DA,7,166.30,集合住宅,鋼筋混凝土造,102年10月8日,三層,一層 二層 三層 陽台
RPTNMLTKLHGGFAW27DA,6,186.21,集合住宅,鋼筋混凝土造,104年4月30日,三層,一層 二層 三層 陽台
RPPNMLTJMHGGFAW86DA,4,67.51,集合住宅,鋼筋混凝土造,106年7月19日,三層,一層
RPPNMLTJMHGGFAW86DA,4,6.76,共有部分：本共有部分之項目有梯間１項。,鋼筋混凝土造,106年7月19日,三層,
RPSNMLMJKHGGFAW88DA,2,58.04,集合住宅,鋼筋混凝土造,108年6月25日,三層,三層 陽台
RPSNMLMJKHGGFAW88DA,2,51.56,共有部分：本共有部分之項目計有機房Ａ－消防泵浦室、機房Ｂ－發電機室、機房Ｃ－電信、機房Ｄ－台電、機房Ｅ－自來水用（下水池）、消防水池、梯廳、梯間、停車空間、公共空間、走廊、電梯、地下車道、滯洪池、停車位等１５項。,鋼筋混凝土造,108年6月25日,三層,
RPSNMLKKLHGGFAW88DA,,56.97,集合住宅,鋼筋混凝土造,109年11月20日,九層,七層 陽台 雨遮
RPSNMLKKLHGGFAW88DA,,20.55,辦公室、集合住宅、本共有部分之項目有台電配電室、機電消防室、無障礙安全梯、消防水池、防空避難室兼停車空間、電信室、清水池、環保區、管委會使用空間、走廊兼梯廳、安全梯、梯廳、雨遮、電梯機房、水箱、水錶室等計１６項。,鋼筋混凝土造,109年11月20日,九層,
RPUNMLOJLHGGFAW76DA,,52.32,集合住宅,鋼筋混凝土造,110年1月18日,五層,一層
RPUNMLOJLHGGFAW76DA,,12.93,集合住宅、共有部分之項目有甲梯、甲無障礙電梯、乙梯、乙無障礙電梯、管委會使用空間、甲梯廳、水箱、乙梯間、電信室等９項。,鋼筋混凝土造,110年1月18日,五層,
RPRNMLPJLHGGFAW56DA,,57.35,集合住宅,鋼筋混凝土造,110年1月18日,五層,二層 陽台
RPRNMLPJLHGGFAW56DA,,14.16,集合住宅、共有部分之項目有甲梯、甲無障礙電梯、乙梯、乙無障礙電梯、管委會使用空間、甲梯廳、水箱、乙梯間、電信室等９項。,鋼筋混凝土造,110年1月18日,五層,
RPVNMLTKLHGGFAW47DA,,72.50,集合住宅,鋼筋混凝土造,109年11月20日,九層,六層 陽台 雨遮
RPVNMLTKLHGGFAW47DA,,26.13,辦公室、集合住宅、本共有部分之項目有台電配電室、機電消防室、無障礙安全梯、消防水池、防空避難室兼停車空間、電信室、清水池、環保區、管委會使用空間、走廊兼梯廳、安全梯、梯廳、雨遮、電梯機房、水箱、水錶室等計１６項。,鋼筋混凝土造,109年11月20日,九層,
RPRNMLTJMHGGFAW07DA,4,66.73,集合住宅,鋼筋混凝土造,106年3月3日,三層,一層 陽台
RPRNMLTJMHGGFAW07DA,4,48.60,共有部分：本共有部分之項目計有車道、台電機房、發電機室、電信機房、消防水池、消防泵浦室、水箱、停車空間、梯間等９項。,鋼筋混凝土造,106年3月3日,三層,
RPTNMLMLLHGGFAW66DA,7,224.56,集村農舍,鋼筋混凝土造,102年12月5日,三層,一層 二層 三層 陽台
RPTNMLTJMHGGFAW27DA,4,43.98,集合住宅,鋼筋混凝土造,105年11月4日,十一層,七層 陽台
RPTNMLTJMHGGFAW27DA,4,43.98,集合住宅,鋼筋混凝土造,105年11月4日,十一層,七層 陽台
RPXNMLTKLHGGFAW67DA,1,83.98,集合住宅,鋼筋混凝土造,109年5月29日,五層,三層 陽台
RPTNMLTJMHGGFAW27DA,4,15.23,共有部分：本共有部分之項目有蓄水池、停車空間、滯洪池、消防蓄水池、消防機械室、儲藏室、車道、樓梯間、電信室、防空避難室兼停車空間、發電機房、台電配電室、管理室、公共廁所、梯廳、機房、水錶間、水箱、安全梯間、昇降機道、台電通道、機車區、甲梯無障礙樓梯（安全梯）、乙梯（安全梯）、昇降機及無障礙昇降機等２６項。,鋼筋混凝土造,105年11月4日,十一層,
RPXNMLTKLHGGFAW67DA,1,12.22,集合住宅：本共有部分之項目計有樓梯間、水箱等二項。,鋼筋混凝土造,109年5月29日,五層,
RPTNMLTJMHGGFAW27DA,4,15.23,共有部分：本共有部分之項目有蓄水池、停車空間、滯洪池、消防蓄水池、消防機械室、儲藏室、車道、樓梯間、電信室、防空避難室兼停車空間、發電機房、台電配電室、管理室、公共廁所、梯廳、機房、水錶間、水箱、安全梯間、昇降機道、台電通道、機車區、甲梯無障礙樓梯（安全梯）、乙梯（安全梯）、昇降機及無障礙昇降機等２６項。,鋼筋混凝土造,105年11月4日,十一層,
RPSNMLPJLHGGFAW66DA,,56.67,集合住宅,鋼筋混凝土造,110年1月18日,五層,二層 陽台
RPSNMLPJLHGGFAW66DA,,14.00,集合住宅、共有部分之項目有甲梯、甲無障礙電梯、乙梯、乙無障礙電梯、管委會使用空間、甲梯廳、水箱、乙梯間、電信室等９項。,鋼筋混凝土造,110年1月18日,五層,
RPTNMLPJLHGGFAW76DA,,56.57,集合住宅,鋼筋混凝土造,110年1月18日,五層,二層 陽台
RPTNMLPJLHGGFAW76DA,,13.18,集合住宅、共有部分之項目有甲梯、甲無障礙電梯、乙梯、乙無障礙電梯、管委會使用空間、甲梯廳、水箱、乙梯間、電信室等９項。,鋼筋混凝土造,110年1月18日,五層,
RPSNMLLKLHGGFAW98DA,3,75.08,集合住宅,鋼筋混凝土造,106年11月16日,三層,三層 陽台
RPSNMLLKLHGGFAW98DA,3,6.83,共有部分：本共有部分之項目有門廳及樓梯間等２項。,鋼筋混凝土造,106年11月16日,三層,
RPVPMLKKLHGGFAW76DA,,56.67,集合住宅,鋼筋混凝土造,110年1月18日,五層,四層 陽台
RPVPMLKKLHGGFAW76DA,,14.00,集合住宅、共有部分之項目有甲梯、甲無障礙電梯、乙梯、乙無障礙電梯、管委會使用空間、甲梯廳、水箱、乙梯間、電信室等９項。,鋼筋混凝土造,110年1月18日,五層,
RPOOMLPJLHGGFAW98DA,,56.57,集合住宅,鋼筋混凝土造,110年1月18日,五層,四層 陽台
RPOOMLPJLHGGFAW98DA,,13.18,集合住宅、共有部分之項目有甲梯、甲無障礙電梯、乙梯、乙無障礙電梯、管委會使用空間、甲梯廳、水箱、乙梯間、電信室等９項。,鋼筋混凝土造,110年1月18日,五層,
RPPOMLPJLHGGFAW09DA,,56.57,集合住宅,鋼筋混凝土造,110年1月18日,五層,五層 陽台
RPPOMLPJLHGGFAW09DA,,13.34,集合住宅、共有部分之項目有甲梯、甲無障礙電梯、乙梯、乙無障礙電梯、管委會使用空間、甲梯廳、水箱、乙梯間、電信室等９項。,鋼筋混凝土造,110年1月18日,五層,
RPXOMLPJLHGGFAW27DA,3,44.84,集合住宅,鋼筋混凝土造,106年10月30日,三層,一層
RPXOMLPJLHGGFAW27DA,3,5.39,共有部分：本共有部分之項目有樓梯間１項。,鋼筋混凝土造,106年10月30日,三層,
RPQOMLPJLHGGFAW56DA,,87.92,集合住宅,鋼筋混凝土造,110年1月18日,五層,五層 陽台
RPQOMLPJLHGGFAW56DA,,20.49,集合住宅、共有部分之項目有甲梯、甲無障礙電梯、乙梯、乙無障礙電梯、管委會使用空間、甲梯廳、水箱、乙梯間、電信室等９項。,鋼筋混凝土造,110年1月18日,五層,
RPWNMLPJLHGGFAW07DA,,56.57,集合住宅,鋼筋混凝土造,110年1月18日,五層,三層 陽台
RPWNMLPJLHGGFAW07DA,,13.18,集合住宅、共有部分之項目有甲梯、甲無障礙電梯、乙梯、乙無障礙電梯、管委會使用空間、甲梯廳、水箱、乙梯間、電信室等９項。,鋼筋混凝土造,110年1月18日,五層,
RPRNMLKLMHGGFAW09EA,3,95.90,集合住宅,鋼筋混凝土造,107年5月14日,三層,二層 陽台
RPRNMLKLMHGGFAW09EA,3,60.39,共有部分：本共有部分之項目計有台電配電場所、配電場所、電表箱空間、電信機房、消防幫浦室、緊急發電機室、水箱、停車空間、污水池、管理室、車道、公共廁所等１２項。,鋼筋混凝土造,107年5月14日,三層,
RPRNMLKLMHGGFAW09EA,3,15.04,共有部分：本共有部分之項目計有梯間、梯廳、電梯、安全梯、機房等５項。,鋼筋混凝土造,107年5月14日,三層,
RPTNMLQKMHGGFAW07DA,1,104.06,集合住宅,鋼筋混凝土造,109年6月29日,五層,五層 陽台
RPTNMLQKMHGGFAW07DA,1,12.18,集合住宅：本共有部分之項目有樓梯間、水箱等二項。,鋼筋混凝土造,109年6月29日,五層,
RPTNMLMKMHGGFAW66DA,65,113.80,住家用,磚石造,45年3月7日,二層,一層 二層 陽台
RPUOMLKKLHGGFAW56DA,,56.40,集合住宅,鋼筋混凝土造,109年11月20日,九層,七層 陽台 雨遮
RPUOMLKKLHGGFAW56DA,,20.31,辦公室、集合住宅、本共有部分之項目有台電配電室、機電消防室、無障礙安全梯、消防水池、防空避難室兼停車空間、電信室、清水池、環保區、管委會使用空間、走廊兼梯廳、安全梯、梯廳、雨遮、電梯機房、水箱、水錶室等計１６項。,鋼筋混凝土造,109年11月20日,九層,
RPSNMLSJLHGGFAW96DA,,56.40,集合住宅,鋼筋混凝土造,109年11月20日,九層,四層 陽台 雨遮
RPSNMLSJLHGGFAW96DA,,20.31,辦公室、集合住宅、本共有部分之項目有台電配電室、機電消防室、無障礙安全梯、消防水池、防空避難室兼停車空間、電信室、清水池、環保區、管委會使用空間、走廊兼梯廳、安全梯、梯廳、雨遮、電梯機房、水箱、水錶室等計１６項。,鋼筋混凝土造,109年11月20日,九層,
RPWOMLKKLHGGFAW76DA,,56.40,集合住宅,鋼筋混凝土造,109年11月20日,九層,六層 陽台 雨遮
RPWOMLKKLHGGFAW76DA,,20.31,辦公室、集合住宅、本共有部分之項目有台電配電室、機電消防室、無障礙安全梯、消防水池、防空避難室兼停車空間、電信室、清水池、環保區、管委會使用空間、走廊兼梯廳、安全梯、梯廳、雨遮、電梯機房、水箱、水錶室等計１６項。,鋼筋混凝土造,109年11月20日,九層,
RPPNMLMLMHGGFAW98DA,13,200.54,住家用,鋼筋混凝土造,97年8月21日,三層,一層 二層 三層 陽台 屋頂突出物
RPQNMLMLMHGGFAW09DA,3,179.65,集合住宅,鋼筋混凝土造,107年5月14日,三層,一層 二層 三層 陽台
RPQNMLMLMHGGFAW09DA,3,74.27,共有部分：本共有部分之項目計有台電配電場所、配電場所、電表箱空間、電信機房、消防幫浦室、緊急發電機室、水箱、停車空間、污水池、管理室、車道、公共廁所等１２項。,鋼筋混凝土造,107年5月14日,三層,
RPXNMLPJLHGGFAW17DA,,57.35,集合住宅,鋼筋混凝土造,110年1月18日,五層,四層 陽台
RPXNMLPJLHGGFAW17DA,,14.16,集合住宅、共有部分之項目有甲梯、甲無障礙電梯、乙梯、乙無障礙電梯、管委會使用空間、甲梯廳、水箱、乙梯間、電信室等９項。,鋼筋混凝土造,110年1月18日,五層,
RPQNMLQLKHGGFAW66DA,,85.23,集合住宅,鋼筋混凝土造,110年1月18日,四層,二層 陽台
RPQNMLQLKHGGFAW66DA,,21.05,集合住宅、本共有部分項目有樓梯間１項。,鋼筋混凝土造,110年1月18日,四層,
RPVNMLTLLHGGFAW57DA,,37.22,集合住宅,鋼筋混凝土造,109年11月20日,九層,三層 陽台 雨遮
RPVNMLTLLHGGFAW57DA,,37.22,集合住宅,鋼筋混凝土造,109年11月20日,九層,三層 陽台 雨遮
RPVNMLTLLHGGFAW57DA,,13.37,辦公室、集合住宅、本共有部分之項目有台電配電室、機電消防室、無障礙安全梯、消防水池、防空避難室兼停車空間、電信室、清水池、環保區、管委會使用空間、走廊兼梯廳、安全梯、梯廳、雨遮、電梯機房、水箱、水錶室等計１６項。,鋼筋混凝土造,109年11月20日,九層,
RPVNMLTLLHGGFAW57DA,,13.37,辦公室、集合住宅、本共有部分之項目有台電配電室、機電消防室、無障礙安全梯、消防水池、防空避難室兼停車空間、電信室、清水池、環保區、管委會使用空間、走廊兼梯廳、安全梯、梯廳、雨遮、電梯機房、水箱、水錶室等計１６項。,鋼筋混凝土造,109年11月20日,九層,
RPTNMLQLMHGGFAW17DA,8,174.97,住家用,鋼筋混凝土造,101年12月26日,三層,一層 二層 三層 陽台 雨遮
RPRNMLPKLHGGFAW66DA,5,174.12,集合住宅,鋼筋混凝土造,105年7月28日,三層,一層 二層 三層 陽台 屋頂突出物 雨遮
RPRNMLQLMHGGFAW96DA,4,73.88,集合住宅,鋼筋混凝土造,106年3月3日,三層,二層 陽台
RPRNMLQLMHGGFAW96DA,4,52.67,共有部分：本共有部分之項目計有車道、台電機房、發電機室、電信機房、消防水池、消防泵浦室、水箱、停車空間、梯間等９項。,鋼筋混凝土造,106年3月3日,三層,
RPPNMLQLKHGGFAW56DA,,85.23,集合住宅,鋼筋混凝土造,110年1月18日,四層,一層 陽台
RPPNMLQLKHGGFAW56DA,,21.05,集合住宅、本共有部分項目有樓梯間１項。,鋼筋混凝土造,110年1月18日,四層,
RPQNMLQLMHGGFAW86DA,7,25.87,集合住宅,鋼筋混凝土造,102年11月20日,三層,一層 陽台
RPQNMLQLMHGGFAW86DA,7,4.21,共有部分：本共有部分之項目計有樓梯間、走廊等２項,鋼筋混凝土造,102年11月20日,三層,
RPQNMLQLMHGGFAW86DA,7,5.68,共有部分：本共有部分之項目計有樓梯間、停車空間、廢水池、消防水池、台電配電室、機房、蓄水池、電信機房等８項,鋼筋混凝土造,102年11月20日,三層,
RPPNMLSLMHGGFAW96DA,4,63.97,集合住宅,鋼筋混凝土造,105年11月4日,十一層,七層 陽台
RPPNMLSLMHGGFAW96DA,4,22.15,共有部分：本共有部分之項目有蓄水池、停車空間、滯洪池、消防蓄水池、消防機械室、儲藏室、車道、樓梯間、電信室、防空避難室兼停車空間、發電機房、台電配電室、管理室、公共廁所、梯廳、機房、水錶間、水箱、安全梯間、昇降機道、台電通道、機車區、甲梯無障礙樓梯（安全梯）、乙梯（安全梯）、昇降機及無障礙昇降機等２６項。,鋼筋混凝土造,105年11月4日,十一層,
RPSNMLRKLHGGFAW96DA,,72.45,集合住宅,鋼筋混凝土造,109年11月20日,九層,八層 陽台 雨遮
RPSNMLRKLHGGFAW96DA,,40.66,辦公室、集合住宅、本共有部分之項目有台電配電室、機電消防室、無障礙安全梯、消防水池、防空避難室兼停車空間、電信室、清水池、環保區、管委會使用空間、走廊兼梯廳、安全梯、梯廳、雨遮、電梯機房、水箱、水錶室等計１６項。,鋼筋混凝土造,109年11月20日,九層,
RPPNMLSKLHGGFAW76DA,4,42.25,集合住宅,鋼筋混凝土造,105年12月6日,十層,八層 陽台 雨遮
RPPNMLSKLHGGFAW76DA,4,42.25,集合住宅,鋼筋混凝土造,105年12月6日,十層,八層 陽台 雨遮
RPPNMLSKLHGGFAW76DA,4,25.10,共有部分：本共有部分之項目有消防水箱、機電消防室、台電配電室、清水池、汽車昇降道、防空避難室兼停車空間、電信室、外廊、梯廳、安全梯、車道、水錶室、電梯機房、水箱、梯間等１５項。,鋼筋混凝土造,105年12月6日,十層,
RPPNMLSKLHGGFAW76DA,4,25.10,共有部分：本共有部分之項目有消防水箱、機電消防室、台電配電室、清水池、汽車昇降道、防空避難室兼停車空間、電信室、外廊、梯廳、安全梯、車道、水錶室、電梯機房、水箱、梯間等１５項。,鋼筋混凝土造,105年12月6日,十層,
RPUNMLSLMHGGFAW47DA,,63.44,集合住宅,鋼筋混凝土造,109年12月23日,五層,四層 陽台
RPUNMLSLMHGGFAW47DA,,13.46,集合住宅：本共有部分之項目計有安全梯、梯廳、梯坑、無障礙通路、電信機房、樓梯間、水箱等七項。,鋼筋混凝土造,109年12月23日,五層,
RPPNMLMKMHGGFAW88DA,,72.50,集合住宅,鋼筋混凝土造,109年11月20日,九層,四層 陽台 雨遮
RPPNMLMKMHGGFAW88DA,,26.13,辦公室、集合住宅、本共有部分之項目有台電配電室、機電消防室、無障礙安全梯、消防水池、防空避難室兼停車空間、電信室、清水池、環保區、管委會使用空間、走廊兼梯廳、安全梯、梯廳、雨遮、電梯機房、水箱、水錶室等計１６項。,鋼筋混凝土造,109年11月20日,九層,
RPOOMLRKLHGGFAW66DA,,56.40,集合住宅,鋼筋混凝土造,109年11月20日,九層,九層 陽台 雨遮
RPOOMLRKLHGGFAW66DA,,20.31,辦公室、集合住宅、本共有部分之項目有台電配電室、機電消防室、無障礙安全梯、消防水池、防空避難室兼停車空間、電信室、清水池、環保區、管委會使用空間、走廊兼梯廳、安全梯、梯廳、雨遮、電梯機房、水箱、水錶室等計１６項。,鋼筋混凝土造,109年11月20日,九層,
RPWNMLLMLHGGFAW96DA,,74.48,集合住宅,鋼筋混凝土造,109年11月20日,九層,七層 陽台 雨遮
RPWNMLLMLHGGFAW96DA,,41.40,辦公室、集合住宅、本共有部分之項目有台電配電室、機電消防室、無障礙安全梯、消防水池、防空避難室兼停車空間、電信室、清水池、環保區、管委會使用空間、走廊兼梯廳、安全梯、梯廳、雨遮、電梯機房、水箱、水錶室等計１６項。,鋼筋混凝土造,109年11月20日,九層,
RPPNMLTLMHGGFAW07DA,21,205.40,住家用,鋼筋混凝土造,89年2月14日,四層,一層 二層 三層 四層 陽台 平台 屋頂突出物
RPUNMLLMLHGGFAW76DA,,25.32,集合住宅,鋼筋混凝土造,109年11月20日,九層,一層 陽台
RPUNMLLMLHGGFAW76DA,,25.32,集合住宅,鋼筋混凝土造,109年11月20日,九層,一層 陽台
RPUNMLLMLHGGFAW76DA,,9.13,辦公室、集合住宅、本共有部分之項目有台電配電室、機電消防室、無障礙安全梯、消防水池、防空避難室兼停車空間、電信室、清水池、環保區、管委會使用空間、走廊兼梯廳、安全梯、梯廳、雨遮、電梯機房、水箱、水錶室等計１６項。,鋼筋混凝土造,109年11月20日,九層,
RPUNMLLMLHGGFAW76DA,,9.13,辦公室、集合住宅、本共有部分之項目有台電配電室、機電消防室、無障礙安全梯、消防水池、防空避難室兼停車空間、電信室、清水池、環保區、管委會使用空間、走廊兼梯廳、安全梯、梯廳、雨遮、電梯機房、水箱、水錶室等計１６項。,鋼筋混凝土造,109年11月20日,九層,
RPOPMLKKLHGGFAW68DA,,24.00,集合住宅,鋼筋混凝土造,109年11月20日,九層,一層
RPOPMLKKLHGGFAW68DA,,24.00,集合住宅,鋼筋混凝土造,109年11月20日,九層,一層
RPOPMLKKLHGGFAW68DA,,8.64,辦公室、集合住宅、本共有部分之項目有台電配電室、機電消防室、無障礙安全梯、消防水池、防空避難室兼停車空間、電信室、清水池、環保區、管委會使用空間、走廊兼梯廳、安全梯、梯廳、雨遮、電梯機房、水箱、水錶室等計１６項。,鋼筋混凝土造,109年11月20日,九層,
RPOPMLKKLHGGFAW68DA,,8.64,辦公室、集合住宅、本共有部分之項目有台電配電室、機電消防室、無障礙安全梯、消防水池、防空避難室兼停車空間、電信室、清水池、環保區、管委會使用空間、走廊兼梯廳、安全梯、梯廳、雨遮、電梯機房、水箱、水錶室等計１６項。,鋼筋混凝土造,109年11月20日,九層,
RPSNMLNLMHGGFAW76DA,,94.30,集合住宅,鋼筋混凝土造,110年2月9日,六層,二層 陽台
RPSNMLNLMHGGFAW76DA,,47.61,集合住宅：本共有部分之項目計有滯洪池、電信室、梯廳、水箱、緊急發電室、消防幫浦室、消防水箱、廢水池、台電配電場所、受電箱、電梯空間、停車位等１２項。,鋼筋混凝土造,110年2月9日,六層,
RPTNMLNLMHGGFAW86DA,,94.30,集合住宅,鋼筋混凝土造,110年2月9日,六層,六層 陽台
RPTNMLNLMHGGFAW86DA,,47.61,集合住宅：本共有部分之項目計有滯洪池、電信室、梯廳、水箱、緊急發電室、消防幫浦室、消防水箱、廢水池、台電配電場所、受電箱、電梯空間、停車位等１２項。,鋼筋混凝土造,110年2月9日,六層,
RPVNMLOJLHGGFAW86DA,,52.24,集合住宅,鋼筋混凝土造,110年1月18日,五層,一層
RPVNMLOJLHGGFAW86DA,,12.17,集合住宅、共有部分之項目有甲梯、甲無障礙電梯、乙梯、乙無障礙電梯、管委會使用空間、甲梯廳、水箱、乙梯間、電信室等９項。,鋼筋混凝土造,110年1月18日,五層,
RPPNMLOJNHGGFAW09DA,,93.46,集合住宅,鋼筋混凝土造,110年2月9日,六層,三層 陽台
RPPNMLOJNHGGFAW09DA,,61.35,集合住宅：本共有部分之項目計有滯洪池、電信室、梯廳、水箱、緊急發電室、消防幫浦室、消防水箱、廢水池、台電配電場所、受電箱、電梯空間、停車位等１２項。,鋼筋混凝土造,110年2月9日,六層,
RPOOMLQJNHGGFAW66DA,5,182.83,集合住宅,鋼筋混凝土造,105年8月23日,三層,一層 二層 三層 陽台
RPQNMLOJNHGGFAW56DA,,93.46,集合住宅,鋼筋混凝土造,110年2月9日,六層,六層 陽台
RPQNMLOJNHGGFAW56DA,,75.09,集合住宅：本共有部分之項目計有滯洪池、電信室、梯廳、水箱、緊急發電室、消防幫浦室、消防水箱、廢水池、台電配電場所、受電箱、電梯空間、停車位等１２項。,鋼筋混凝土造,110年2月9日,六層,
RPRNMLOJNHGGFAW66DA,,94.30,集合住宅,鋼筋混凝土造,110年2月9日,六層,三層 陽台
RPRNMLOJNHGGFAW66DA,,61.35,集合住宅：本共有部分之項目計有滯洪池、電信室、梯廳、水箱、緊急發電室、消防幫浦室、消防水箱、廢水池、台電配電場所、受電箱、電梯空間、停車位等１２項。,鋼筋混凝土造,110年2月9日,六層,
RPSOMLOJNHGGFAW86DA,6,36.39,一般事務所,鋼筋混凝土造,104年8月11日,四層,一層 陽台
RPSOMLOJNHGGFAW86DA,6,6.82,共有部分：本共有部分之項目有樓梯間一項。,鋼筋混凝土造,104年8月11日,四層,
RPUNMLRJNHGGFAW37EA,12,50.36,集合住宅,鋼筋混凝土造,98年3月13日,三層,三層 陽台
RPUNMLRJNHGGFAW37EA,12,50.36,集合住宅,鋼筋混凝土造,98年3月13日,三層,三層 陽台
RPUNMLRJNHGGFAW37EA,12,3.06,樓梯間,鋼筋混凝土造,98年3月13日,三層,
RPUNMLRJNHGGFAW37EA,12,3.06,樓梯間,鋼筋混凝土造,98年3月13日,三層,
RPQNMLRJNHGGFAW86DA,5,81.75,集合住宅,鋼筋混凝土造,105年1月11日,三層,一層
RPQNMLRJNHGGFAW86DA,5,10.76,共有部分：本共有部分之項目有樓梯間１項。,鋼筋混凝土造,105年1月11日,三層,
RPVNMLLKNHGGFAW86DA,5,82.16,集合住宅,鋼筋混凝土造,105年4月21日,八層,五層 陽台 雨遮
RPVNMLLKNHGGFAW86DA,5,43.87,共有部分：本共有部分之項目有梯間、防空避難室兼停車空間、車道、升降機機道、機電消防室、電信室、台電配電室、清水池、消防水池、外廊、水錶室、水箱及電梯機房等１３項。,鋼筋混凝土造,105年4月21日,八層,
RPPOMLQJNHGGFAW76DA,9,104.18,集合住宅,鋼筋混凝土造,101年5月30日,三層,三層 陽台
RPPOMLQJNHGGFAW76DA,9,11.12,共有部分：本共有部分之項目有樓梯間及水箱等二項。,鋼筋混凝土造,101年5月30日,三層,
RPOOMLOJNHGGFAW09DA,40,268.32,住家用,鋼筋混凝土加強磚造,70年10月1日,二層,一層 二層 陽台 平台
RPPNMLNKMHGGFAW98DA,1,57.56,集合住宅,鋼筋混凝土造,109年8月17日,五層,四層 陽台
RPPNMLNKMHGGFAW98DA,1,9.79,集合住宅：本共有部分之項目計無障礙電梯、梯廳、安全梯間、無障礙樓梯、機房（電信）、甲梯等６項。,鋼筋混凝土造,109年8月17日,五層,
RPUNMLTKMHGGFAW47DA,8,102.11,集合住宅,鋼筋混凝土造,101年12月7日,三層,二層 陽台
RPUNMLTKMHGGFAW47DA,8,9.14,共有部分：本共有部分之項目有樓梯間一項。,鋼筋混凝土造,101年12月7日,三層,
RPPOMLNLLHGGFAW09DA,,72.50,集合住宅,鋼筋混凝土造,109年11月20日,九層,四層 陽台 雨遮
RPPOMLNLLHGGFAW09DA,,26.13,辦公室、集合住宅、本共有部分之項目有台電配電室、機電消防室、無障礙安全梯、消防水池、防空避難室兼停車空間、電信室、清水池、環保區、管委會使用空間、走廊兼梯廳、安全梯、梯廳、雨遮、電梯機房、水箱、水錶室等計１６項。,鋼筋混凝土造,109年11月20日,九層,
RPWNMLRKLHGGFAW37DA,,57.00,集合住宅,鋼筋混凝土造,109年11月20日,九層,九層 陽台 雨遮
RPWNMLRKLHGGFAW37DA,,20.55,辦公室、集合住宅、本共有部分之項目有台電配電室、機電消防室、無障礙安全梯、消防水池、防空避難室兼停車空間、電信室、清水池、環保區、管委會使用空間、走廊兼梯廳、安全梯、梯廳、雨遮、電梯機房、水箱、水錶室等計１６項。,鋼筋混凝土造,109年11月20日,九層,
RPPNMLPLLHGGFAW56DA,,72.45,集合住宅,鋼筋混凝土造,109年11月20日,九層,四層 陽台 雨遮
RPPNMLPLLHGGFAW56DA,,26.11,辦公室、集合住宅、本共有部分之項目有台電配電室、機電消防室、無障礙安全梯、消防水池、防空避難室兼停車空間、電信室、清水池、環保區、管委會使用空間、走廊兼梯廳、安全梯、梯廳、雨遮、電梯機房、水箱、水錶室等計１６項。,鋼筋混凝土造,109年11月20日,九層,
RPOOMLOKNHGGFAW56DA,4,75.93,集合住宅,鋼筋混凝土造,106年6月23日,三層,三層 陽台
RPOOMLOKNHGGFAW56DA,4,5.96,共有部分：本共有部分之項目有樓梯間１項。,鋼筋混凝土造,106年6月23日,三層,
RPRNMLOKNHGGFAW76DA,,72.90,集合住宅,鋼筋混凝土造,110年2月3日,五層,四層 陽台
RPRNMLOKNHGGFAW76DA,,15.58,集合住宅、本共有部分之項目計有無障礙電梯、梯廳、安全梯甲、安全梯乙、樓梯間、電信機房等六項。,鋼筋混凝土造,110年2月3日,五層,
RPRNMLOKNHGGFAW76DA,,1.47,集合住宅、本共有部分之項目計有通道等一項。,鋼筋混凝土造,110年2月3日,五層,
RPPNMLPKNHGGFAW66DA,4,80.65,集合住宅,鋼筋混凝土造,106年3月3日,三層,一層
RPPNMLPKNHGGFAW66DA,4,56.26,共有部分：本共有部分之項目計有車道、台電機房、發電機室、電信機房、消防水池、消防泵浦室、水箱、停車空間、梯間等９項。,鋼筋混凝土造,106年3月3日,三層,
RPTNMLSKNHGGFAW37DA,4,165.60,集合住宅,鋼筋混凝土造,106年4月7日,三層,一層 二層 三層 屋頂突出物
RPQOMLOKNHGGFAW76DA,3,80.78,集合住宅,鋼筋混凝土造,106年11月1日,三層,一層 陽台
RPQOMLOKNHGGFAW76DA,3,55.73,共有部分：本共有部分之項目有水箱、台電配電室、發電機室、消防機房、電訊室、停車空間、樓梯間、機電室、消防蓄水池等９項。,鋼筋混凝土造,106年11月1日,三層,
RPTNMLLKNHGGFAW76EA,1,35.28,旅館,鋼筋混凝土造,109年4月8日,十層,八層 陽台 雨遮
RPTNMLLKNHGGFAW76EA,1,18.50,店舖、集合住宅、本建物共有部分之項目有車道、排風機房、緊急昇降機、客梯兼無障礙電梯、廢水池、消防幫浦室、蓄水池、甲梯、進風機房、防空避難室兼停車空間、電信機房、乙梯、梯廳、汙物處理室、台電受電室、設備空間、機械室、停車空間、迴轉空間、發電機室、排煙室、消防設備空間、雨遮、陽台、管委會空間等共計２５項。,鋼筋混凝土造,109年4月8日,十層,
RPRNMLLKNHGGFAW56EA,1,35.96,集合住宅,鋼筋混凝土造,109年4月8日,十層,十層 見其他登記事項
RPRNMLLKNHGGFAW56EA,1,43.60,店舖、集合住宅、本建物共有部分之項目有車道、排風機房、緊急昇降機、客梯兼無障礙電梯、廢水池、消防幫浦室、蓄水池、甲梯、進風機房、防空避難室兼停車空間、電信機房、乙梯、梯廳、汙物處理室、台電受電室、設備空間、機械室、停車空間、迴轉空間、發電機室、排煙室、消防設備空間、雨遮、陽台、管委會空間等共計２５項。,鋼筋混凝土造,109年4月8日,十層,
RPPNMLSKNHGGFAW96DA,,99.33,集合住宅,鋼筋混凝土造,110年3月12日,五層,五層 陽台
RPPNMLSKNHGGFAW96DA,,19.06,集合住宅：本共有部分之項目有無障礙通路、梯廳、水箱等３項。,鋼筋混凝土造,110年3月12日,五層,
RPUNMLLKNHGGFAW86EA,1,40.42,旅館,鋼筋混凝土造,109年4月8日,十層,四層 陽台 雨遮
RPUNMLLKNHGGFAW86EA,1,20.66,店舖、集合住宅、本建物共有部分之項目有車道、排風機房、緊急昇降機、客梯兼無障礙電梯、廢水池、消防幫浦室、蓄水池、甲梯、進風機房、防空避難室兼停車空間、電信機房、乙梯、梯廳、汙物處理室、台電受電室、設備空間、機械室、停車空間、迴轉空間、發電機室、排煙室、消防設備空間、雨遮、陽台、管委會空間等共計２５項。,鋼筋混凝土造,109年4月8日,十層,
RPXNMLLKNHGGFAW07DA,,94.30,集合住宅,鋼筋混凝土造,110年2月9日,六層,六層 陽台
RPXNMLLKNHGGFAW07DA,,61.35,集合住宅：本共有部分之項目計有滯洪池、電信室、梯廳、水箱、緊急發電室、消防幫浦室、消防水箱、廢水池、台電配電場所、受電箱、電梯空間、停車位等１２項。,鋼筋混凝土造,110年2月9日,六層,
RPQNMLKLMHGGFAW88DA,,87.92,集合住宅,鋼筋混凝土造,110年1月18日,五層,三層 陽台
RPQNMLKLMHGGFAW88DA,,20.46,集合住宅、共有部分之項目有甲梯、甲無障礙電梯、乙梯、乙無障礙電梯、管委會使用空間、甲梯廳、水箱、乙梯間、電信室等９項。,鋼筋混凝土造,110年1月18日,五層,
RPPNMLLLNHGGFAW98DA,5,91.92,集合住宅,鋼筋混凝土造,105年1月11日,三層,三層 陽台
RPPNMLLLNHGGFAW98DA,,9.24,,,,,
RPOOMLLKNHGGFAW88DA,,93.46,集合住宅,鋼筋混凝土造,110年2月9日,六層,二層 陽台
RPOOMLLKNHGGFAW88DA,,61.35,集合住宅：本共有部分之項目計有滯洪池、電信室、梯廳、水箱、緊急發電室、消防幫浦室、消防水箱、廢水池、台電配電場所、受電箱、電梯空間、停車位等１２項。,鋼筋混凝土造,110年2月9日,六層,
SPPNMLLLNHGGFAW09DA,5,39.94,集合住宅,鋼筋混凝土造,105年1月11日,三層,三層 陽台
SPPNMLLLNHGGFAW09DA,5,4.62,共有部分：本共有部分之項目有樓梯間１項。,鋼筋混凝土造,105年1月11日,三層,
RPPNMLKLNHGGFAW88DA,5,39.79,集合住宅,鋼筋混凝土造,104年11月25日,八層,五層 陽台 雨遮
RPPNMLKLNHGGFAW88DA,5,87.16,共有部分：本共有部分項目有：管委會空間、電樓梯間、梯廳、車道、走廊、防空避難室兼停車空間、受電箱、台電配電場所、電信機房、蓄水池、汙水處理機房、消防泵浦室、水箱等十三項。,鋼筋混凝土造,104年11月25日,八層,
RPPNMLOLNHGGFAW76EA,1,40.42,旅館,鋼筋混凝土造,109年4月8日,十層,五層 陽台 雨遮
RPPNMLOLNHGGFAW76EA,1,20.66,店舖、集合住宅、本建物共有部分之項目有車道、排風機房、緊急昇降機、客梯兼無障礙電梯、廢水池、消防幫浦室、蓄水池、甲梯、進風機房、防空避難室兼停車空間、電信機房、乙梯、梯廳、汙物處理室、台電受電室、設備空間、機械室、停車空間、迴轉空間、發電機室、排煙室、消防設備空間、雨遮、陽台、管委會空間等共計２５項。,鋼筋混凝土造,109年4月8日,十層,
RPQNMLOLNHGGFAW86EA,1,41.82,集合住宅,鋼筋混凝土造,109年4月8日,十層,七層 雨遮
RPQNMLOLNHGGFAW86EA,1,21.41,店舖、集合住宅、本建物共有部分之項目有車道、排風機房、緊急昇降機、客梯兼無障礙電梯、廢水池、消防幫浦室、蓄水池、甲梯、進風機房、防空避難室兼停車空間、電信機房、乙梯、梯廳、汙物處理室、台電受電室、設備空間、機械室、停車空間、迴轉空間、發電機室、排煙室、消防設備空間、雨遮、陽台、管委會空間等共計２５項。,鋼筋混凝土造,109年4月8日,十層,
RPUNMLRKNHGGFAW37DA,4,63.96,集合住宅,鋼筋混凝土造,105年11月4日,十一層,三層 陽台
RPUNMLRKNHGGFAW37DA,4,22.15,共有部分：本共有部分之項目有蓄水池、停車空間、滯洪池、消防蓄水池、消防機械室、儲藏室、車道、樓梯間、電信室、防空避難室兼停車空間、發電機房、台電配電室、管理室、公共廁所、梯廳、機房、水錶間、水箱、安全梯間、昇降機道、台電通道、機車區、甲梯無障礙樓梯（安全梯）、乙梯（安全梯）、昇降機及無障礙昇降機等２６項。,鋼筋混凝土造,105年11月4日,十一層,
RPVNMLRKNHGGFAW47DA,4,89.02,集合住宅,鋼筋混凝土造,105年11月4日,十一層,六層 陽台
RPVNMLRKNHGGFAW47DA,4,66.93,共有部分：本共有部分之項目有蓄水池、停車空間、滯洪池、消防蓄水池、消防機械室、儲藏室、車道、樓梯間、電信室、防空避難室兼停車空間、發電機房、台電配電室、管理室、公共廁所、梯廳、機房、水錶間、水箱、安全梯間、昇降機道、台電通道、機車區、甲梯無障礙樓梯（安全梯）、乙梯（安全梯）、昇降機及無障礙昇降機等２６項。,鋼筋混凝土造,105年11月4日,十一層,
RPSNMLRLNHGGFAW27DA,6,60.38,集合住宅,鋼筋混凝土造,104年2月16日,三層,三層 陽台
RPSNMLRLNHGGFAW27DA,6,4.35,共有部分：本共有部分之項目計有樓梯間一項。,鋼筋混凝土造,104年2月16日,三層,
RPQOMLOJNHGGFAW66DA,,42.42,集合住宅,鋼筋混凝土造,110年1月27日,五層,二層 陽台
RPQOMLOJNHGGFAW66DA,,42.42,集合住宅,鋼筋混凝土造,110年1月27日,五層,二層 陽台
RPQOMLOJNHGGFAW66DA,,7.36,集合住宅：本共有部分有電信室、梯廳、坡道、無障礙電梯、電梯坑道、電梯機房等計６項。,鋼筋混凝土造,110年1月27日,五層,
RPQOMLOJNHGGFAW66DA,,7.36,集合住宅：本共有部分有電信室、梯廳、坡道、無障礙電梯、電梯坑道、電梯機房等計６項。,鋼筋混凝土造,110年1月27日,五層,
RPXNMLOJNHGGFAW27DA,,66.07,集合住宅,鋼筋混凝土造,110年1月27日,五層,二層 陽台
RPXNMLOJNHGGFAW27DA,,11.49,集合住宅：本共有部分有電信室、梯廳、坡道、無障礙電梯、電梯坑道、電梯機房等計６項。,鋼筋混凝土造,110年1月27日,五層,
RPROMLOJNHGGFAW76DA,,64.43,集合住宅,鋼筋混凝土造,110年1月27日,五層,三層 陽台
RPROMLOJNHGGFAW76DA,,11.18,集合住宅：本共有部分有電信室、梯廳、坡道、無障礙電梯、電梯坑道、電梯機房等計６項。,鋼筋混凝土造,110年1月27日,五層,
RPTOMLOJNHGGFAW96DA,,66.07,集合住宅,鋼筋混凝土造,110年1月27日,五層,四層 陽台
RPTOMLOJNHGGFAW96DA,,11.49,集合住宅：本共有部分有電信室、梯廳、坡道、無障礙電梯、電梯坑道、電梯機房等計６項。,鋼筋混凝土造,110年1月27日,五層,
RPSOMLTLMHGGFAW47DA,1,174.24,集合住宅,鋼筋混凝土造,109年9月4日,三層,一層 二層 三層 陽台
RPQNMLSLNHGGFAW17DA,,72.90,集合住宅,鋼筋混凝土造,110年2月3日,五層,二層 陽台
RPQNMLSLNHGGFAW17DA,,13.52,集合住宅、本共有部分之項目計有停車位等一項。,鋼筋混凝土造,110年2月3日,五層,
RPQNMLSLNHGGFAW17DA,,15.58,集合住宅、本共有部分之項目計有無障礙電梯、梯廳、安全梯甲、安全梯乙、樓梯間、電信機房等六項。,鋼筋混凝土造,110年2月3日,五層,
RPQNMLSLNHGGFAW17DA,,1.47,集合住宅、本共有部分之項目計有通道等一項。,鋼筋混凝土造,110年2月3日,五層,
RPQNMLSLNHGGFAW17DA,,4.49,集合住宅、本共有部分之項目計有停車空間等一項。,鋼筋混凝土造,110年2月3日,五層,
RPPNMLPLNHGGFAW76DA,9,92.05,集合住宅,鋼筋混凝土造,101年5月30日,三層,一層
RPPNMLPLNHGGFAW76DA,9,11.12,共有部分：本共有部分之項目有樓梯間及水箱等二項。,鋼筋混凝土造,101年5月30日,三層,
RPWNMLSLNHGGFAW77DA,,70.73,集合住宅,鋼筋混凝土造,110年2月3日,五層,二層 陽台
RPWNMLSLNHGGFAW77DA,,15.12,集合住宅、本共有部分之項目計有無障礙電梯、梯廳、安全梯甲、安全梯乙、樓梯間、電信機房等六項。,鋼筋混凝土造,110年2月3日,五層,
RPWNMLSLNHGGFAW77DA,,1.43,集合住宅、本共有部分之項目計有通道等一項。,鋼筋混凝土造,110年2月3日,五層,
RPXNMLQLNHGGFAW77EA,1,39.94,旅館,鋼筋混凝土造,109年4月8日,十層,五層 雨遮
RPXNMLQLNHGGFAW77EA,1,20.79,店舖、集合住宅、本建物共有部分之項目有車道、排風機房、緊急昇降機、客梯兼無障礙電梯、廢水池、消防幫浦室、蓄水池、甲梯、進風機房、防空避難室兼停車空間、電信機房、乙梯、梯廳、汙物處理室、台電受電室、設備空間、機械室、停車空間、迴轉空間、發電機室、排煙室、消防設備空間、雨遮、陽台、管委會空間等共計２５項。,鋼筋混凝土造,109年4月8日,十層,
RPTNMLRKNHGGFAW27DA,,64.43,集合住宅,鋼筋混凝土造,110年1月27日,五層,五層 陽台
RPTNMLRKNHGGFAW27DA,,11.18,集合住宅：本共有部分有電信室、梯廳、坡道、無障礙電梯、電梯坑道、電梯機房等計６項。,鋼筋混凝土造,110年1月27日,五層,
RPTNMLLJOHGGFAW66DA,21,89.33,一般事務所,鋼筋混凝土造,89年3月15日,八層,二層 陽台
RPTNMLLJOHGGFAW66DA,21,38.60,樓電梯間，門廳，水箱，防空避難室,鋼筋混凝土造,89年3月15日,八層,
RPVNMLOKNHGGFAW17DA,,84.83,集合住宅,鋼筋混凝土造,110年1月27日,五層,五層 陽台
RPVNMLOKNHGGFAW17DA,,14.77,集合住宅：本共有部分有電信室、梯廳、坡道、無障礙電梯、電梯坑道、電梯機房等計６項。,鋼筋混凝土造,110年1月27日,五層,
RPVNMLLJOHGGFAW86DA,3,179.65,集合住宅,鋼筋混凝土造,107年5月14日,三層,一層 二層 三層 陽台
RPVNMLLJOHGGFAW86DA,3,74.27,共有部分：本共有部分之項目計有台電配電場所、配電場所、電表箱空間、電信機房、消防幫浦室、緊急發電機室、水箱、停車空間、污水池、管理室、車道、公共廁所等１２項。,鋼筋混凝土造,107年5月14日,三層,
RPSNMLOKNHGGFAW86DA,,66.07,集合住宅,鋼筋混凝土造,110年1月27日,五層,五層 陽台
RPSNMLOKNHGGFAW86DA,,11.49,集合住宅：本共有部分有電信室、梯廳、坡道、無障礙電梯、電梯坑道、電梯機房等計６項。,鋼筋混凝土造,110年1月27日,五層,
RPVNMLNKNHGGFAW07DA,,84.83,集合住宅,鋼筋混凝土造,110年1月27日,五層,三層 陽台
RPVNMLNKNHGGFAW07DA,,14.73,集合住宅：本共有部分有電信室、梯廳、坡道、無障礙電梯、電梯坑道、電梯機房等計６項。,鋼筋混凝土造,110年1月27日,五層,
RPXNMLSLNHGGFAW87DA,3,64.81,集合住宅,鋼筋混凝土造,107年9月28日,三層,二層 陽台
RPXNMLSLNHGGFAW87DA,3,64.81,集合住宅,鋼筋混凝土造,107年9月28日,三層,二層 陽台
RPXNMLSLNHGGFAW87DA,3,18.40,共有部分：本共有部分之項目有消防機房（兼發電機室）、車道、儲藏室、台電配電室、停車空間、樓梯、梯廳、門廊及無障礙電梯等９項。,鋼筋混凝土造,107年9月28日,三層,
RPXNMLSLNHGGFAW87DA,3,18.40,共有部分：本共有部分之項目有消防機房（兼發電機室）、車道、儲藏室、台電配電室、停車空間、樓梯、梯廳、門廊及無障礙電梯等９項。,鋼筋混凝土造,107年9月28日,三層,
RPUNMLNKNHGGFAW96DA,,45.67,集合住宅,鋼筋混凝土造,110年1月27日,五層,三層 陽台
RPUNMLNKNHGGFAW96DA,,7.90,集合住宅：本共有部分有電信室、梯廳、坡道、無障礙電梯、電梯坑道、電梯機房等計６項。,鋼筋混凝土造,110年1月27日,五層,
RPPNMLLMNHGGFAW09DA,,74.10,集合住宅,鋼筋混凝土造,110年3月26日,三層,一層
RPPNMLLMNHGGFAW09DA,,6.11,集合住宅,鋼筋混凝土造,110年3月26日,三層,
RPUOMLOJNHGGFAW07DA,,42.42,集合住宅,鋼筋混凝土造,110年1月27日,五層,四層 陽台
RPUOMLOJNHGGFAW07DA,,42.42,集合住宅,鋼筋混凝土造,110年1月27日,五層,四層 陽台
RPUOMLOJNHGGFAW07DA,,7.39,集合住宅：本共有部分有電信室、梯廳、坡道、無障礙電梯、電梯坑道、電梯機房等計６項。,鋼筋混凝土造,110年1月27日,五層,
RPUOMLOJNHGGFAW07DA,,7.39,集合住宅：本共有部分有電信室、梯廳、坡道、無障礙電梯、電梯坑道、電梯機房等計６項。,鋼筋混凝土造,110年1月27日,五層,
RPQNMLQLNHGGFAW96DA,6,83.52,集合住宅,鋼筋混凝土造,104年5月29日,三層,三層 陽台
RPQNMLQLNHGGFAW96DA,6,5.05,共有部分：本共有部分之項目為樓梯間。,鋼筋混凝土造,104年5月29日,三層,
RPUNMLLJOHGGFAW76DA,6,127.07,集合住宅,鋼筋混凝土造,104年4月2日,三層,一層 陽台 地下一層
RPUNMLLJOHGGFAW76DA,6,50.61,共有部分：本共有部分之項目計有樓梯間、電梯間、台電配電室、ＷＩＦＩ機房、電信機房、消防機房、車道、停車位等８項。,鋼筋混凝土造,104年4月2日,三層,
RPRNMLMKMHGGFAW09DA,,56.97,集合住宅,鋼筋混凝土造,109年11月20日,九層,四層 陽台 雨遮
RPRNMLMKMHGGFAW09DA,,20.55,辦公室、集合住宅、本共有部分之項目有台電配電室、機電消防室、無障礙安全梯、消防水池、防空避難室兼停車空間、電信室、清水池、環保區、管委會使用空間、走廊兼梯廳、安全梯、梯廳、雨遮、電梯機房、水箱、水錶室等計１６項。,鋼筋混凝土造,109年11月20日,九層,
RPQNMLSJMHGGFAW86DA,,74.43,集合住宅,鋼筋混凝土造,109年11月20日,九層,七層 陽台 雨遮
RPQNMLSJMHGGFAW86DA,,41.30,辦公室、集合住宅、本共有部分之項目有台電配電室、機電消防室、無障礙安全梯、消防水池、防空避難室兼停車空間、電信室、清水池、環保區、管委會使用空間、走廊兼梯廳、安全梯、梯廳、雨遮、電梯機房、水箱、水錶室等計１６項。,鋼筋混凝土造,109年11月20日,九層,
SPUNMLLJOHGGFAW86DA,6,61.75,集合住宅,鋼筋混凝土造,104年4月2日,三層,一層 陽台
SPUNMLLJOHGGFAW86DA,6,17.56,共有部分：本共有部分之項目計有樓梯間、電梯間、台電配電室、ＷＩＦＩ機房、電信機房、消防機房、車道、停車位等８項。,鋼筋混凝土造,104年4月2日,三層,
RPPNMLNJOHGGFAW09DA,1,56.76,集合住宅,鋼筋混凝土造,108年11月29日,四層,三層 陽台
RPPNMLNJOHGGFAW09DA,1,20.05,共有部分：本共有部分之項目有無障礙電梯、梯間、無障礙室內通路、樓電梯間、樓梯間、機電設備空間等６項。,鋼筋混凝土造,108年11月29日,四層,
RPVNMLRJOHGGFAW47DA,,78.14,集合住宅,鋼筋混凝土造,110年2月3日,五層,四層 陽台
RPVNMLRJOHGGFAW47DA,,16.69,集合住宅、本共有部分之項目計有無障礙電梯、梯廳、安全梯甲、安全梯乙、樓梯間、電信機房等六項。,鋼筋混凝土造,110年2月3日,五層,
RPVNMLRJOHGGFAW47DA,,1.57,集合住宅、本共有部分之項目計有通道等一項。,鋼筋混凝土造,110年2月3日,五層,
RPUNMLRJOHGGFAW37DA,,78.14,集合住宅,鋼筋混凝土造,110年2月3日,五層,四層 陽台
RPUNMLRJOHGGFAW37DA,,16.69,集合住宅、本共有部分之項目計有無障礙電梯、梯廳、安全梯甲、安全梯乙、樓梯間、電信機房等六項。,鋼筋混凝土造,110年2月3日,五層,
RPUNMLRJOHGGFAW37DA,,1.57,集合住宅、本共有部分之項目計有通道等一項。,鋼筋混凝土造,110年2月3日,五層,
RPPNMLOJOHGGFAW56DA,6,55.05,集合住宅,鋼筋混凝土造,104年2月16日,三層,一層 陽台
RPPNMLOJOHGGFAW56DA,6,4.40,共有部分：本共有部分之項目計有樓梯間一項。,鋼筋混凝土造,104年2月16日,三層,
RPPNMLLJOHGGFAW88DA,,80.98,集合住宅,鋼筋混凝土造,110年3月26日,三層,三層 陽台
RPPNMLLJOHGGFAW88DA,,6.11,集合住宅,鋼筋混凝土造,110年3月26日,三層,
RPRNMLPLNHGGFAW96DA,,93.46,集合住宅,鋼筋混凝土造,110年2月9日,六層,四層 陽台
RPRNMLPLNHGGFAW96DA,,61.35,集合住宅：本共有部分之項目計有滯洪池、電信室、梯廳、水箱、緊急發電室、消防幫浦室、消防水箱、廢水池、台電配電場所、受電箱、電梯空間、停車位等１２項。,鋼筋混凝土造,110年2月9日,六層,
RPQNMLRKNHGGFAW96DA,,99.33,集合住宅,鋼筋混凝土造,110年3月12日,五層,二層 陽台
RPQNMLRKNHGGFAW96DA,,19.06,集合住宅：本共有部分之項目有無障礙通路、梯廳、水箱等３項。,鋼筋混凝土造,110年3月12日,五層,
RPQNMLKKNHGGFAW88DA,,87.92,集合住宅,鋼筋混凝土造,110年1月18日,五層,四層 陽台
RPQNMLKKNHGGFAW88DA,,20.46,集合住宅、共有部分之項目有甲梯、甲無障礙電梯、乙梯、乙無障礙電梯、管委會使用空間、甲梯廳、水箱、乙梯間、電信室等９項。,鋼筋混凝土造,110年1月18日,五層,
RPRNMLNKMHGGFAW56DA,1,74.91,集合住宅,鋼筋混凝土造,109年9月25日,五層,四層 陽台
RPRNMLNKMHGGFAW56DA,1,17.82,集合住宅、共有項目有大廳、梯廳、甲梯（安全梯）及無障礙電梯等４項。,鋼筋混凝土造,109年9月25日,五層,
RPSNMLOJNHGGFAW76DA,,93.46,集合住宅,鋼筋混凝土造,110年2月9日,六層,六層 陽台
RPSNMLOJNHGGFAW76DA,,47.61,集合住宅：本共有部分之項目計有滯洪池、電信室、梯廳、水箱、緊急發電室、消防幫浦室、消防水箱、廢水池、台電配電場所、受電箱、電梯空間、停車位等１２項。,鋼筋混凝土造,110年2月9日,六層,
RPSNMLRKNHGGFAW17DA,,99.33,集合住宅,鋼筋混凝土造,110年3月12日,五層,四層 陽台
RPSNMLRKNHGGFAW17DA,,19.06,集合住宅：本共有部分之項目有無障礙通路、梯廳、水箱等３項。,鋼筋混凝土造,110年3月12日,五層,
RPRNMLRKNHGGFAW07DA,,99.33,集合住宅,鋼筋混凝土造,110年3月12日,五層,三層 陽台
RPRNMLRKNHGGFAW07DA,,19.06,集合住宅：本共有部分之項目有無障礙通路、梯廳、水箱等３項。,鋼筋混凝土造,110年3月12日,五層,
