﻿編號,土地位置,土地移轉面積(平方公尺),使用分區或編定,權利人持分分母,權利人持分分子,移轉情形,地號
The serial number, land position,land shifting area square meter,the use zoning or compiles and checks,,,,land parcel
RPSNMLSJLHGGFAX07DA,春暉段,96.24,非都市： ; 非都市編定：,1,1,全筆移轉,00980000
RPSNMLPJLHGGFAX76DA,北澳段,14.50,非都市：鄉村區 ; 非都市編定：乙種建築用地,10000,159,持分移轉,02600000
RPSNMLPJLHGGFAX76DA,北澳段,14.50,非都市：鄉村區 ; 非都市編定：乙種建築用地,10000,159,持分移轉,02600000
RPRNMLTJLHGGFAX07DA,文化段,34.18,非都市： ; 非都市編定：,10,1,持分移轉,03280000
RPRNMLTJLHGGFAX07DA,文化段,34.18,非都市： ; 非都市編定：,10,1,持分移轉,03280000
RPUNMLLKLHGGFAX66DA,港子新段,427.12,非都市：一般農業區 ; 非都市編定：農牧用地,1,1,全筆移轉,05510000
RPTNMLTJLHGGFAX27DA,山水北段,53.48,非都市：一般農業區 ; 非都市編定：交通用地,3,1,持分移轉,08050003
RPTNMLTJLHGGFAX27DA,山水北段,53.48,非都市：一般農業區 ; 非都市編定：交通用地,3,1,持分移轉,08050003
RPSNMLOLKHGGFAX76DA,光榮段,104.88,非都市： ; 非都市編定：,1,1,全筆移轉,03800002
RPWNMLPKLHGGFAX27DA,五福段,235.76,非都市：鄉村區 ; 非都市編定：乙種建築用地,484,242,持分移轉,09170000
RPRNMLLKLHGGFAX98DA,東澳段,.56,非都市： ; 非都市編定：,10000,239,持分移轉,04890002
RPRNMLLKLHGGFAX98DA,東澳段,24.65,非都市： ; 非都市編定：,10000,239,持分移轉,05000000
RPUNMLSJLHGGFAX27DA,鎖港南段,98.67,非都市： ; 非都市編定：,3,1,持分移轉,04860000
RPUNMLSJLHGGFAX27DA,北極段,41.25,非都市： ; 非都市編定：,1,1,全筆移轉,07710001
RPRNMLMKLHGGFAX09DA,文東段,84.94,非都市：鄉村區 ; 非都市編定：乙種建築用地,1,1,全筆移轉,01620000
RPSNMLQKLHGGFAX96DA,文東段,210.62,非都市：一般農業區 ; 非都市編定：農牧用地,10000,664,持分移轉,12020000
RPSNMLQKLHGGFAX96DA,文東段,195.08,非都市：一般農業區 ; 非都市編定：農牧用地,10000,615,持分移轉,12020000
RPSNMLQKLHGGFAX96DA,文東段,189.05,非都市：一般農業區 ; 非都市編定：農牧用地,10000,596,持分移轉,12020000
RPSNMLQKLHGGFAX96DA,文東段,192.86,非都市：一般農業區 ; 非都市編定：農牧用地,10000,608,持分移轉,12020000
RPSNMLQKLHGGFAX96DA,文東段,213.79,非都市：一般農業區 ; 非都市編定：農牧用地,10000,674,持分移轉,12020000
RPSNMLQKLHGGFAX96DA,文東段,216.33,非都市：一般農業區 ; 非都市編定：農牧用地,10000,682,持分移轉,12020000
RPSNMLQKLHGGFAX96DA,文東段,207.77,非都市：一般農業區 ; 非都市編定：農牧用地,10000,655,持分移轉,12020000
RPSNMLQKLHGGFAX96DA,文東段,209.03,非都市：一般農業區 ; 非都市編定：農牧用地,10000,659,持分移轉,12020000
RPSNMLQKLHGGFAX96DA,文東段,229.65,非都市：一般農業區 ; 非都市編定：農牧用地,10000,724,持分移轉,12020000
RPSNMLQKLHGGFAX96DA,文東段,367.32,非都市：一般農業區 ; 非都市編定：農牧用地,10000,1158,持分移轉,12020000
RPSNMLQKLHGGFAX96DA,文東段,367.32,非都市：一般農業區 ; 非都市編定：農牧用地,10000,1158,持分移轉,12020000
RPSNMLQKLHGGFAX96DA,文東段,189.05,非都市：一般農業區 ; 非都市編定：農牧用地,10000,596,持分移轉,12020000
RPSNMLQKLHGGFAX96DA,文東段,195.08,非都市：一般農業區 ; 非都市編定：農牧用地,10000,615,持分移轉,12020000
RPSNMLQKLHGGFAX96DA,文東段,189.05,非都市：一般農業區 ; 非都市編定：農牧用地,10000,596,持分移轉,12020000
RPSNMLRKKHGGFAX96DA,許家段,116.03,非都市：一般農業區 ; 非都市編定：甲種建築用地,1,1,全筆移轉,05180000
RPSNMLRKKHGGFAX96DA,許家段,192.49,非都市：一般農業區 ; 非都市編定：農牧用地,1,1,全筆移轉,05200000
RPRNMLQKLHGGFAX86DA,東澳段,2.49,非都市： ; 非都市編定：,10,1,持分移轉,11340000
RPRNMLQKLHGGFAX86DA,東澳段,36.82,非都市： ; 非都市編定：,10,1,持分移轉,11440000
RPRNMLQKLHGGFAX86DA,東澳段,1.55,非都市： ; 非都市編定：,10,1,持分移轉,11460000
RPWNMLQKLHGGFAX37DA,光榮段,20.86,非都市： ; 非都市編定：,1,1,全筆移轉,06770001
TPWNMLQKLHGGFAX57DA,光榮段,6.92,非都市： ; 非都市編定：,1,1,全筆移轉,06870003
SPWNMLQKLHGGFAX47DA,光榮段,7.15,非都市： ; 非都市編定：,1,1,全筆移轉,06770003
RPSOMLRKLHGGFAX17DA,尖山南段,388.09,非都市：一般農業區 ; 非都市編定：農牧用地,1,1,全筆移轉,09370000
RPRNMLPJLHGGFAX66DA,文澳段,55.48,非都市： ; 非都市編定：,10000,314,持分移轉,23040000
RPWOMLRKLHGGFAX57DA,湖西南段,71.00,非都市：鄉村區 ; 非都市編定：乙種建築用地,36,12,持分移轉,05610000
RPUOMLRKLHGGFAX37DA,山水南段,1240.15,非都市：鄉村區 ; 非都市編定：乙種建築用地,1,1,全筆移轉,10030000
RPTNMLOLKHGGFAX86DA,馬公段,38.27,非都市： ; 非都市編定：,30000,114,持分移轉,02010000
RPTNMLOLKHGGFAX86DA,馬公段,4.00,非都市： ; 非都市編定：,30000,96,持分移轉,02010003
RPRNMLOJLHGGFAX56DA,國宅段,63.02,非都市： ; 非都市編定：,1,1,全筆移轉,07090000
RPUNMLMKLHGGFAX76DA,湖東新段,940.02,非都市：一般農業區 ; 非都市編定：農牧用地,1,1,全筆移轉,08240000
RPVNMLLKLHGGFAX76DA,山水東段,781.25,非都市：一般農業區 ; 非都市編定：農牧用地,1,1,全筆移轉,02960000
RPVNMLLKLHGGFAX76DA,山水東段,194.11,非都市：一般農業區 ; 非都市編定：農牧用地,1,1,全筆移轉,02990000
RPVNMLLKLHGGFAX76DA,山水東段,791.39,非都市：一般農業區 ; 非都市編定：農牧用地,1,1,全筆移轉,03000000
RPVNMLLKLHGGFAX76DA,山水東段,201.55,非都市：一般農業區 ; 非都市編定：農牧用地,1,1,全筆移轉,03020000
RPVNMLLKLHGGFAX76DA,山水東段,693.40,非都市：一般農業區 ; 非都市編定：農牧用地,1,1,全筆移轉,03130000
RPVNMLLKLHGGFAX76DA,山水南段,118.51,非都市：鄉村區 ; 非都市編定：乙種建築用地,1,1,全筆移轉,06820000
RPVOMLRKLHGGFAX47DA,池東段,126.10,非都市：一般農業區 ; 非都市編定：甲種建築用地,4,3,持分移轉,10760000
RPUNMLPKLHGGFAX07DA,興仁段,515.82,非都市：一般農業區 ; 非都市編定：農牧用地,2,1,持分移轉,07400000
RPUNMLPKLHGGFAX07DA,興仁段,515.82,非都市：一般農業區 ; 非都市編定：農牧用地,2,1,持分移轉,07400000
RPSNMLMKLHGGFAX56DA,文寮段,246.49,非都市：一般農業區 ; 非都市編定：農牧用地,123326,24649,持分移轉,03360000
RPSNMLMKLHGGFAX56DA,文寮段,248.98,非都市：一般農業區 ; 非都市編定：農牧用地,123326,24898,持分移轉,03360000
RPSNMLMKLHGGFAX56DA,文寮段,245.45,非都市：一般農業區 ; 非都市編定：農牧用地,123326,24545,持分移轉,03360000
RPSNMLMKLHGGFAX56DA,文寮段,246.18,非都市：一般農業區 ; 非都市編定：農牧用地,123326,24618,持分移轉,03360000
RPSNMLMKLHGGFAX56DA,文寮段,246.16,非都市：一般農業區 ; 非都市編定：農牧用地,123326,24616,持分移轉,03360000
RPROMLRKLHGGFAX07DA,湖西北段,28.22,非都市：一般農業區 ; 非都市編定：交通用地,1,1,全筆移轉,03220000
RPROMLRKLHGGFAX07DA,湖西北段,541.87,非都市：一般農業區 ; 非都市編定：農牧用地,1,1,全筆移轉,03250000
RPROMLRKLHGGFAX07DA,湖西北段,280.70,非都市：一般農業區 ; 非都市編定：農牧用地,1,1,全筆移轉,03260000
RPRNMLSKLHGGFAX17EA,城北段,1125.08,非都市：一般農業區 ; 非都市編定：農牧用地,1,1,全筆移轉,07560000
RPQOMLQKLHGGFAX86DA,五福段,281.60,非都市：一般農業區 ; 非都市編定：農牧用地,1178510,281602,持分移轉,05700000
RPPNMLTKLHGGFAX07EA,湖東新段,162.77,非都市：一般農業區 ; 非都市編定：農牧用地,2,1,持分移轉,14240000
RPPNMLTKLHGGFAX07EA,湖東新段,1474.66,非都市：一般農業區 ; 非都市編定：農牧用地,1,1,全筆移轉,14250000
RPSNMLMLLHGGFAX66DA,池東段,545.43,非都市：一般農業區 ; 非都市編定：農牧用地,1,1,全筆移轉,33060000
RPTNMLTKLHGGFAX37DA,合界段,1222.28,非都市：風景區 ; 非都市編定：農牧用地,1,1,全筆移轉,05240000
RPSNMLKKLHGGFAX98DA,鐵線段,1130.10,非都市：一般農業區 ; 非都市編定：農牧用地,1,1,全筆移轉,06190000
RPSNMLPKLHGGFAX86DA,文石段,195.74,非都市：一般農業區 ; 非都市編定：農牧用地,100000,9940,持分移轉,02450000
RPSNMLPKLHGGFAX86DA,文石段,153.06,非都市：一般農業區 ; 非都市編定：農牧用地,100000,7773,持分移轉,02450000
RPSNMLPKLHGGFAX86DA,文石段,139.18,非都市：一般農業區 ; 非都市編定：農牧用地,100000,7068,持分移轉,02450000
RPSNMLPKLHGGFAX86DA,文石段,196.39,非都市：一般農業區 ; 非都市編定：農牧用地,100000,9973,持分移轉,02450000
RPSNMLPKLHGGFAX86DA,文石段,3.57,非都市：一般農業區 ; 非都市編定：甲種建築用地,12,1,持分移轉,02460001
RPSNMLPKLHGGFAX86DA,文石段,3.57,非都市：一般農業區 ; 非都市編定：甲種建築用地,12,1,持分移轉,02460001
RPSNMLPKLHGGFAX86DA,文石段,3.57,非都市：一般農業區 ; 非都市編定：甲種建築用地,12,1,持分移轉,02460001
RPSNMLPKLHGGFAX86DA,文石段,3.57,非都市：一般農業區 ; 非都市編定：甲種建築用地,12,1,持分移轉,02460001
RPSNMLPKLHGGFAX86DA,文石段,56.53,非都市：一般農業區 ; 非都市編定：甲種建築用地,1,1,全筆移轉,02470000
RPSNMLPKLHGGFAX86DA,文石段,42.75,非都市：一般農業區 ; 非都市編定：甲種建築用地,1,1,全筆移轉,02470001
RPPNMLSKLHGGFAX96EA,城前新段,55.20,非都市：風景區 ; 非都市編定：農牧用地,152,5,持分移轉,07950000
RPWNMLTLLHGGFAX77DA,東澳段,125.18,非都市： ; 非都市編定：,1,1,全筆移轉,01230000
RPPOMLRKLHGGFAX86DA,西澳段,38.74,非都市： ; 非都市編定：,5,1,持分移轉,03390002
RPTOMLRKLHGGFAX27DA,西澳段,38.74,非都市： ; 非都市編定：,5,1,持分移轉,03390002
RPSNMLLMLHGGFAX66DA,馬公段,56.00,非都市： ; 非都市編定：,1,1,全筆移轉,18180028
RPTNMLNLLHGGFAX86DA,埕東段,30.13,非都市： ; 非都市編定：,10000,235,持分移轉,02160001
RPUNMLLMLHGGFAX96EA,七美二段,336.81,非都市：一般農業區 ; 非都市編定：農牧用地,1,1,全筆移轉,02960000
RPSNMLLJMHGGFAX09DA,城北段,309.72,非都市：一般農業區 ; 非都市編定：農牧用地,1,1,全筆移轉,03800000
RPUNMLRKLHGGFAX27DA,西澳段,38.74,非都市： ; 非都市編定：,5,1,持分移轉,03390002
RPRNMLKMLHGGFAX09DA,鐵線段,110.99,非都市：一般農業區 ; 非都市編定：甲種建築用地,1,1,全筆移轉,07600000
RPPNMLTLLHGGFAX07DA,山水東段,209.80,非都市：一般農業區 ; 非都市編定：農牧用地,3,1,持分移轉,00360001
RPPNMLTLLHGGFAX07DA,山水東段,419.60,非都市：一般農業區 ; 非都市編定：農牧用地,3,2,持分移轉,00360001
RPSNMLTLLHGGFAX37DA,鐵線段,103.48,非都市：鄉村區 ; 非都市編定：乙種建築用地,1,1,全筆移轉,08750000
RPUNMLKMLHGGFAX76DA,成功南段,41.64,非都市：一般農業區 ; 非都市編定：交通用地,8,1,持分移轉,11400004
RPRNMLNLLHGGFAX66DA,小赤段,132.34,非都市：鄉村區 ; 非都市編定：乙種建築用地,64,8,持分移轉,04190000
RPRNMLNLLHGGFAX66DA,小赤段,23.90,非都市：鄉村區 ; 非都市編定：乙種建築用地,64,8,持分移轉,04230000
RPUNMLKMLHGGFAX76DA,成功南段,230.85,非都市：一般農業區 ; 非都市編定：甲種建築用地,1,1,全筆移轉,11400007
RPRNMLNLLHGGFAX66DA,小赤段,6.75,非都市：鄉村區 ; 非都市編定：乙種建築用地,1024,32,持分移轉,04250000
RPSNMLPLLHGGFAX96DA,光華段,444.49,非都市：一般農業區 ; 非都市編定：農牧用地,4,3,持分移轉,04210003
RPSNMLPLLHGGFAX96DA,光華段,148.16,非都市：一般農業區 ; 非都市編定：農牧用地,4,1,持分移轉,04210003
RPPNMLRJMHGGFAX86EA,文石段,579.30,非都市：一般農業區 ; 非都市編定：農牧用地,2,1,持分移轉,08000000
RPPNMLRJMHGGFAX86EA,文石段,579.30,非都市：一般農業區 ; 非都市編定：農牧用地,2,1,持分移轉,08000000
RPVNMLKMLHGGFAX86DA,北極段,83.30,非都市： ; 非都市編定：,1,1,全筆移轉,06710002
SPUNMLSJLHGGFAX37DA,海堤段,61.65,非都市： ; 非都市編定：,1,1,全筆移轉,06750000
RPPNMLPJMHGGFAX56DA,文石段,394.14,非都市：一般農業區 ; 非都市編定：農牧用地,10000,578,持分移轉,08870000
RPPNMLPJMHGGFAX56DA,文石段,224.35,非都市：一般農業區 ; 非都市編定：農牧用地,10000,329,持分移轉,08870000
RPPNMLPJMHGGFAX56DA,文石段,220.25,非都市：一般農業區 ; 非都市編定：農牧用地,10000,323,持分移轉,08870000
RPPNMLPJMHGGFAX56DA,文石段,224.35,非都市：一般農業區 ; 非都市編定：農牧用地,10000,329,持分移轉,08870000
RPPNMLPJMHGGFAX56DA,文石段,229.12,非都市：一般農業區 ; 非都市編定：農牧用地,10000,336,持分移轉,08870000
RPPNMLPJMHGGFAX56DA,文石段,241.39,非都市：一般農業區 ; 非都市編定：農牧用地,10000,354,持分移轉,08870000
RPPNMLPJMHGGFAX56DA,文石段,214.80,非都市：一般農業區 ; 非都市編定：農牧用地,10000,315,持分移轉,08870000
RPPNMLPJMHGGFAX56DA,文石段,222.30,非都市：一般農業區 ; 非都市編定：農牧用地,10000,326,持分移轉,08870000
RPPNMLPJMHGGFAX56DA,文石段,218.89,非都市：一般農業區 ; 非都市編定：農牧用地,10000,321,持分移轉,08870000
RPPNMLPJMHGGFAX56DA,文石段,220.25,非都市：一般農業區 ; 非都市編定：農牧用地,10000,323,持分移轉,08870000
RPOOMLRKLHGGFAX76DA,西澳段,38.74,非都市： ; 非都市編定：,5,1,持分移轉,03390002
RPSNMLKMLHGGFAX56DA,文光段,36.30,非都市： ; 非都市編定：,4,1,持分移轉,10030005
RPSNMLKMLHGGFAX56DA,文光段,106.86,非都市： ; 非都市編定：,1,1,全筆移轉,10030010
RPSNMLRJMHGGFAX07DA,埕西段,24.24,非都市： ; 非都市編定：,10000,319,持分移轉,02920002
RPVNMLNKMHGGFAX07DA,六合段,160.77,非都市：一般農業區 ; 非都市編定：農牧用地,1,1,全筆移轉,02140000
RPSNMLTKLHGGFAX27DA,安宅段,279.71,非都市：鄉村區 ; 非都市編定：乙種建築用地,1,1,全筆移轉,13320000
RPWNMLNKMHGGFAX17DA,文化段,15.95,非都市： ; 非都市編定：,10000,817,持分移轉,06180000
RPWNMLNKMHGGFAX17DA,文化段,24.21,非都市： ; 非都市編定：,10000,1240,持分移轉,06180000
RPWNMLNKMHGGFAX17DA,文化段,8.46,非都市： ; 非都市編定：,10000,817,持分移轉,06190000
RPWNMLNKMHGGFAX17DA,文化段,12.84,非都市： ; 非都市編定：,10000,1240,持分移轉,06190000
SPWNMLNKMHGGFAX27DA,馬公段,9.00,非都市： ; 非都市編定：,2,1,持分移轉,15840002
SPWNMLNKMHGGFAX27DA,馬公段,20.73,非都市： ; 非都市編定：,1000,49,持分移轉,15850002
RPSNMLMKMHGGFAX66DA,東澳段,13.99,非都市： ; 非都市編定：,18,3,持分移轉,10250000
RPRNMLSJMHGGFAX07DA,國宅段,221.97,非都市：一般農業區 ; 非都市編定：農牧用地,2391,222,持分移轉,01100000
RPRNMLSJMHGGFAX07DA,國宅段,241.97,非都市：一般農業區 ; 非都市編定：農牧用地,2391,242,持分移轉,01100000
RPRNMLSJMHGGFAX07DA,國宅段,214.97,非都市：一般農業區 ; 非都市編定：農牧用地,2391,215,持分移轉,01100000
RPRNMLSJMHGGFAX07DA,國宅段,218.97,非都市：一般農業區 ; 非都市編定：農牧用地,2391,219,持分移轉,01100000
RPRNMLSJMHGGFAX07DA,國宅段,283.96,非都市：一般農業區 ; 非都市編定：農牧用地,2391,284,持分移轉,01100000
RPRNMLSJMHGGFAX07DA,國宅段,255.96,非都市：一般農業區 ; 非都市編定：農牧用地,2391,256,持分移轉,01100000
RPRNMLSJMHGGFAX07DA,國宅段,218.97,非都市：一般農業區 ; 非都市編定：農牧用地,2391,219,持分移轉,01100000
RPRNMLSJMHGGFAX07DA,國宅段,270.96,非都市：一般農業區 ; 非都市編定：農牧用地,2391,271,持分移轉,01100000
RPRNMLSJMHGGFAX07DA,國宅段,231.97,非都市：一般農業區 ; 非都市編定：農牧用地,2391,232,持分移轉,01100000
RPRNMLSJMHGGFAX07DA,國宅段,230.97,非都市：一般農業區 ; 非都市編定：農牧用地,2391,231,持分移轉,01100000
RPUNMLSJMHGGFAX37DA,風櫃西段,287.28,非都市：一般農業區 ; 非都市編定：農牧用地,3,1,持分移轉,12960001
RPUNMLSJMHGGFAX37DA,風櫃西段,287.28,非都市：一般農業區 ; 非都市編定：農牧用地,3,1,持分移轉,12960001
RPUNMLSJMHGGFAX37DA,風櫃西段,45.99,非都市：一般農業區 ; 非都市編定：交通用地,4,1,持分移轉,12960004
RPUNMLSJMHGGFAX37DA,風櫃西段,45.99,非都市：一般農業區 ; 非都市編定：交通用地,4,1,持分移轉,12960004
RPPOMLNKMHGGFAX56DA,文光段,103.01,非都市： ; 非都市編定：,1,1,全筆移轉,04990000
RPTNMLRKLHGGFAX17DA,西澳段,38.74,非都市： ; 非都市編定：,5,1,持分移轉,03390002
RPWNMLKMLHGGFAX96DA,北極段,85.33,非都市： ; 非都市編定：,1,1,全筆移轉,06710000
RPSNMLPKMHGGFAX96DA,文寮段,497.91,非都市：鄉村區 ; 非都市編定：乙種建築用地,1,1,全筆移轉,05290000
RPQNMLTJMHGGFAX17EA,光榮段,1.21,都市：其他:商業區,40000000000,41000000,持分移轉,04960000
RPPNMLTJMHGGFAX96DA,五福段,238.25,非都市：一般農業區 ; 非都市編定：甲種建築用地,1,1,全筆移轉,08970000
RPPNMLTJMHGGFAX96DA,五福段,15.48,非都市：一般農業區 ; 非都市編定：交通用地,2,1,持分移轉,08970003
RPPOMLOJKHGGFAX98DA,埕中段,80.61,非都市： ; 非都市編定：,1,1,全筆移轉,07580000
RPRNMLRJMHGGFAX96DA,山水南段,53.11,非都市：鄉村區 ; 非都市編定：乙種建築用地,1,1,全筆移轉,06840000
RPTNMLPKMHGGFAX07DA,林投南段,483.18,非都市： ; 非都市編定：,2,1,持分移轉,03210000
RPOOMLPKMHGGFAX66DA,林投北段,543.72,非都市：一般農業區 ; 非都市編定：農牧用地,1,1,全筆移轉,01780000
RPOOMLNKMHGGFAX09DA,馬公段,30.60,非都市： ; 非都市編定：,10,1,持分移轉,00060003
RPOOMLNKMHGGFAX09DA,馬公段,9.80,非都市： ; 非都市編定：,10,1,持分移轉,00060013
RPXNMLPKMHGGFAX47DA,林投北段,213.11,非都市：一般農業區 ; 非都市編定：農牧用地,1,1,全筆移轉,01910000
RPRNMLTJMHGGFAX27EA,光榮段,1.21,都市：其他:商業區,40000000000,41000000,持分移轉,04960000
RPPOMLPKMHGGFAX76DA,四維段,127.88,非都市：一般農業區 ; 非都市編定：甲種建築用地,1,1,全筆移轉,05910000
RPPOMLPKMHGGFAX76DA,四維段,20.24,非都市：一般農業區 ; 非都市編定：交通用地,19,1,持分移轉,05990000
RPPNMLQKMHGGFAX86EA,港子新段,624.71,非都市：一般農業區 ; 非都市編定：農牧用地,1,1,全筆移轉,05420000
RPPNMLTKMHGGFAX17EA,國宅段,29.97,都市：其他:住宅區,1,1,全筆移轉,04820000
RPTNMLNKMHGGFAX96EA,尖山中段,106.30,非都市：一般農業區 ; 非都市編定：甲種建築用地,1,1,全筆移轉,06750002
RPRNMLTKMHGGFAX37EA,烏崁新段,1289.60,非都市：一般農業區 ; 非都市編定：農牧用地,1,1,全筆移轉,01880000
RPXNMLQKLHGGFAX47DA,馬公段,55.00,非都市： ; 非都市編定：,1,1,全筆移轉,00440000
RPWNMLPKMHGGFAX37DA,光榮段,112.01,都市：其他:住宅區,1,1,全筆移轉,02730000
RPUOMLMKMHGGFAX96DA,大池段,293.98,非都市：鄉村區 ; 非都市編定：乙種建築用地,1,1,全筆移轉,26400001
RPSNMLLLMHGGFAX66DA,興仁段,43.56,非都市：一般農業區 ; 非都市編定：交通用地,12,1,持分移轉,08320004
RPSNMLLLMHGGFAX66DA,興仁段,203.89,非都市：一般農業區 ; 非都市編定：甲種建築用地,1,1,全筆移轉,08320012
RPUNMLTKMHGGFAX57DA,安宅段,1162.07,非都市：一般農業區 ; 非都市編定：農牧用地,1,1,全筆移轉,14530001
RPPNMLMLMHGGFAX09DA,文東段,125.93,非都市：鄉村區 ; 非都市編定：乙種建築用地,1,1,全筆移轉,02080000
RPRNMLLLMHGGFAX56DA,文寮段,980.93,非都市：一般農業區 ; 非都市編定：農牧用地,1,1,全筆移轉,03680000
RPRNMLLLMHGGFAX56DA,文寮段,660.69,非都市：一般農業區 ; 非都市編定：農牧用地,1,1,全筆移轉,03690000
RPWNMLLLMHGGFAX07DA,光榮段,669.34,都市：其他:農業區,1,1,全筆移轉,01190000
RPOOMLLLMHGGFAX98DA,埕中段,19.55,都市：其他:住宅區,10000,243,持分移轉,07410000
RPOOMLLLMHGGFAX98DA,埕中段,19.55,都市：其他:住宅區,10000,243,持分移轉,07410000
RPUNMLMLMHGGFAX96DA,案山段,21.90,都市：其他:道路用地,1,1,全筆移轉,03550000
RPOOMLLLMHGGFAX98DA,埕中段,.68,都市：其他:住宅區,10000,243,持分移轉,07420000
RPOOMLLLMHGGFAX98DA,埕中段,.68,都市：其他:住宅區,10000,243,持分移轉,07420000
RPUNMLMLMHGGFAX96DA,案山段,166.24,都市：其他:住宅區,1,1,全筆移轉,03650000
RPOOMLLLMHGGFAX98DA,埕中段,1.51,都市：其他:住宅區,10000,243,持分移轉,07430000
RPOOMLLLMHGGFAX98DA,埕中段,1.51,都市：其他:住宅區,10000,243,持分移轉,07430000
RPXNMLLLMHGGFAX17DA,興仁段,133.50,非都市：鄉村區 ; 非都市編定：乙種建築用地,1,1,全筆移轉,04030001
RPPNMLRKMHGGFAX86DA,鐵線段,249.54,非都市：一般農業區 ; 非都市編定：農牧用地,1000,257,持分移轉,06000000
RPPNMLRKMHGGFAX86DA,鐵線段,239.83,非都市：一般農業區 ; 非都市編定：農牧用地,1000,247,持分移轉,06000000
RPPNMLRKMHGGFAX86DA,鐵線段,238.86,非都市：一般農業區 ; 非都市編定：農牧用地,1000,246,持分移轉,06000000
RPPNMLRKMHGGFAX86DA,鐵線段,242.74,非都市：一般農業區 ; 非都市編定：農牧用地,1000,250,持分移轉,06000000
RPTNMLNLMHGGFAX96DA,許家段,18.42,非都市：一般農業區 ; 非都市編定：交通用地,4,1,持分移轉,02550000
RPTNMLNLMHGGFAX96DA,許家段,152.28,非都市：一般農業區 ; 非都市編定：甲種建築用地,1,1,全筆移轉,02560000
RPTNMLNLMHGGFAX96DA,許家段,83.24,非都市：一般農業區 ; 非都市編定：交通用地,4,1,持分移轉,02560004
RPTNMLPLLHGGFAX07DA,中衛段,771.18,都市：其他:乙種工業區,1,1,全筆移轉,03690000
RPSNMLTKMHGGFAX37DA,埕東段,6.46,都市：其他:住宅區,10000,167,持分移轉,08560000
RPSNMLTKMHGGFAX37DA,埕東段,.10,都市：其他:住宅區,10000,167,持分移轉,08600000
RPSNMLTKMHGGFAX37DA,埕東段,1.97,都市：其他:住宅區,10000,167,持分移轉,08610000
RPSNMLTKMHGGFAX37DA,埕東段,15.51,都市：其他:住宅區,10000,167,持分移轉,08640000
RPRNMLLMLHGGFAX56DA,龍門北段,439.06,非都市：鄉村區 ; 非都市編定：乙種建築用地,1,1,全筆移轉,07620000
RPRNMLPLLHGGFAX86DA,文東段,853.48,非都市：一般農業區 ; 非都市編定：農牧用地,1,1,全筆移轉,00090000
RPWNMLNLMHGGFAX27DA,山水西段,468.00,非都市：一般農業區 ; 非都市編定：農牧用地,2,1,持分移轉,04940000
RPSNMLNLMHGGFAX86DA,許家段,18.42,非都市：一般農業區 ; 非都市編定：交通用地,4,1,持分移轉,02550000
RPSNMLNLMHGGFAX86DA,許家段,152.01,非都市：一般農業區 ; 非都市編定：甲種建築用地,1,1,全筆移轉,02560002
RPSNMLNLMHGGFAX86DA,許家段,83.24,非都市：一般農業區 ; 非都市編定：交通用地,4,1,持分移轉,02560004
RPUNMLNLMHGGFAX07DA,國宅段,288.31,非都市：一般農業區 ; 非都市編定：農牧用地,1000,263,持分移轉,02560000
RPUNMLNLMHGGFAX07DA,國宅段,269.67,非都市：一般農業區 ; 非都市編定：農牧用地,1000,246,持分移轉,02560000
RPUNMLNLMHGGFAX07DA,國宅段,267.48,非都市：一般農業區 ; 非都市編定：農牧用地,1000,244,持分移轉,02560000
RPUNMLNLMHGGFAX07DA,國宅段,270.77,非都市：一般農業區 ; 非都市編定：農牧用地,1000,247,持分移轉,02560000
RPVNMLKLMHGGFAX86DA,西澳段,121.89,都市：其他:住宅區,1,1,全筆移轉,00990001
RPVNMLTJMHGGFAX57DA,湖西北段,322.52,非都市：一般農業區 ; 非都市編定：農牧用地,1,1,全筆移轉,05750001
RPRNMLQKMHGGFAX96DA,湖西南段,424.12,非都市：一般農業區 ; 非都市編定：農牧用地,2,1,持分移轉,17610000
RPRNMLQKMHGGFAX96DA,湖西南段,424.12,非都市：一般農業區 ; 非都市編定：農牧用地,2,1,持分移轉,17610000
RPPNMLLLMHGGFAX09EA,文寮段,2.99,都市：其他:住宅區,21,1,持分移轉,01060000
RPPNMLLLMHGGFAX09EA,文寮段,14.16,都市：其他:住宅區,21,1,持分移轉,01070000
RPPNMLLLMHGGFAX09EA,文寮段,9.72,都市：其他:住宅區,21,1,持分移轉,01080000
RPTNMLQKMHGGFAX27EA,外垵二段,81.09,非都市：鄉村區 ; 非都市編定：乙種建築用地,1,1,全筆移轉,11510000
RPSNMLQKMHGGFAX07DA,文石段,59.33,非都市：鄉村區 ; 非都市編定：乙種建築用地,2,1,持分移轉,03400000
RPSNMLQKMHGGFAX07DA,文石段,59.33,非都市：鄉村區 ; 非都市編定：乙種建築用地,2,1,持分移轉,03400000
RPSNMLQKMHGGFAX07DA,文石段,61.01,非都市：鄉村區 ; 非都市編定：乙種建築用地,2,1,持分移轉,03410000
RPSNMLQKMHGGFAX07DA,文石段,61.01,非都市：鄉村區 ; 非都市編定：乙種建築用地,2,1,持分移轉,03410000
RPOOMLMKMHGGFAX98DA,成功南段,92.27,非都市：一般農業區 ; 非都市編定：農牧用地,2,1,持分移轉,06930000
RPVNMLNLMHGGFAX17DA,六合段,637.17,都市：其他:農業區,1,1,全筆移轉,06870000
RPXNMLTKMHGGFAX87DA,東吉段,52.17,非都市：鄉村區 ; 非都市編定：乙種建築用地,12,1,持分移轉,09620000
RPQNMLTLMHGGFAX27DA,馬公段,11.53,都市：其他:住宅區,10000,310,持分移轉,01970000
RPUNMLRLMHGGFAX47DA,光榮段,79.61,都市：其他:住宅區,1,1,全筆移轉,01810000
RPTNMLRLMHGGFAX37DA,?葉新段,204.00,非都市：一般農業區 ; 非都市編定：農牧用地,1,1,全筆移轉,11320000
RPSNMLKMMHGGFAX66DA,光榮段,2.91,都市：其他:住宅區,3,1,持分移轉,09000000
RPSNMLKMMHGGFAX66DA,光榮段,2.91,都市：其他:住宅區,3,1,持分移轉,09000000
RPSNMLKMMHGGFAX66DA,光榮段,2.91,都市：其他:住宅區,3,1,持分移轉,09000000
RPVNMLRLMHGGFAX57DA,山水南段,1240.15,非都市：鄉村區 ; 非都市編定：乙種建築用地,1,1,全筆移轉,10030000
RPOOMLNJNHGGFAX09DA,池東段,218.40,非都市：一般農業區 ; 非都市編定：農牧用地,1,1,全筆移轉,02620000
RPUNMLTLMHGGFAX67DA,雙湖段,1120.49,非都市：一般農業區 ; 非都市編定：農牧用地,1,1,全筆移轉,08220000
RPPNMLKMMHGGFAX09EA,大嶼段,238.00,非都市：一般農業區 ; 非都市編定：農牧用地,1,1,全筆移轉,40600000
RPUNMLNJNHGGFAX96DA,池東段,322.21,非都市：鄉村區 ; 非都市編定：乙種建築用地,1,1,全筆移轉,02630000
RPRNMLQLMHGGFAX07DA,內垵三段,999.02,非都市：一般農業區 ; 非都市編定：農牧用地,2,1,持分移轉,03780000
RPRNMLQLMHGGFAX07DA,內垵三段,70.30,非都市：一般農業區 ; 非都市編定：農牧用地,4,1,持分移轉,06390000
RPRNMLQLMHGGFAX07DA,內垵三段,48.52,非都市：一般農業區 ; 非都市編定：農牧用地,2,1,持分移轉,10290000
RPTNMLOJNHGGFAX96DA,春暉段,70.55,都市：其他:住宅區,1,1,全筆移轉,00910000
RPRNMLKMMHGGFAX56DA,湖西北段,22.22,非都市：一般農業區 ; 非都市編定：交通用地,2,1,持分移轉,05700000
RPRNMLKMMHGGFAX56DA,湖西北段,22.22,非都市：一般農業區 ; 非都市編定：交通用地,2,1,持分移轉,05700000
RPRNMLKMMHGGFAX56DA,湖西北段,215.78,非都市：一般農業區 ; 非都市編定：農牧用地,10000,3311,持分移轉,05710000
RPRNMLKMMHGGFAX56DA,湖西北段,218.52,非都市：一般農業區 ; 非都市編定：農牧用地,10000,3353,持分移轉,05710000
RPRNMLKMMHGGFAX56DA,湖西北段,217.41,非都市：一般農業區 ; 非都市編定：農牧用地,10000,3336,持分移轉,05710000
RPRNMLKMMHGGFAX56DA,湖西北段,53.50,非都市：一般農業區 ; 非都市編定：交通用地,10000,850,持分移轉,05710004
RPRNMLKMMHGGFAX56DA,湖西北段,53.50,非都市：一般農業區 ; 非都市編定：交通用地,10000,850,持分移轉,05710004
RPTNMLKMMHGGFAX76DA,機場段,824.50,非都市：一般農業區 ; 非都市編定：農牧用地,2,1,持分移轉,14070000
RPTNMLKMMHGGFAX76DA,機場段,824.50,非都市：一般農業區 ; 非都市編定：農牧用地,2,1,持分移轉,14070000
RPQOMLNJNHGGFAX66DA,馬公段,43.30,都市：其他:住宅區,10000,43,持分移轉,02010000
RPRNMLKMMHGGFAX56DA,湖西北段,53.50,非都市：一般農業區 ; 非都市編定：交通用地,10000,850,持分移轉,05710004
RPQOMLNJNHGGFAX66DA,馬公段,4.50,都市：其他:住宅區,10000,36,持分移轉,02010003
RPVNMLMLMHGGFAX07DA,興仁南段,476.28,非都市：一般農業區 ; 非都市編定：農牧用地,1,1,全筆移轉,01470000
RPTNMLTKMHGGFAX47DA,城前新段,4.63,非都市：一般農業區 ; 非都市編定：甲種建築用地,2048,32,持分移轉,02930000
RPXNMLNJNHGGFAX37EA,湖西南段,1436.68,非都市：一般農業區 ; 非都市編定：農牧用地,311300,143668,持分移轉,15470000
RPXNMLMKMHGGFAX17DA,中衛段,2367.01,都市：其他:乙種工業區,1,1,全筆移轉,01340000
RPUNMLPKMHGGFAX17DA,埕西段,105.24,都市：其他:住宅區,1,1,全筆移轉,03580004
RPSNMLPJNHGGFAX96DA,山水南段,321.20,非都市：一般農業區 ; 非都市編定：農牧用地,1,1,全筆移轉,01210000
RPXNMLKLMHGGFAX07DA,?裡新段,53.88,非都市：鄉村區 ; 非都市編定：乙種建築用地,366,183,持分移轉,04420000
RPXNMLKLMHGGFAX07DA,?裡新段,43.04,非都市：鄉村區 ; 非都市編定：乙種建築用地,366,183,持分移轉,04440000
RPUNMLPJNHGGFAX17DA,馬公段,30.00,都市：其他:商業區,1,1,全筆移轉,16210132
SPUNMLPJNHGGFAX27DA,馬公段,23.00,都市：其他:商業區,1,1,全筆移轉,16210123
TPUNMLPJNHGGFAX37DA,馬公段,33.00,都市：其他:商業區,1,1,全筆移轉,16210125
UPUNMLPJNHGGFAX47DA,馬公段,37.00,都市：其他:商業區,1,1,全筆移轉,16210079
VPUNMLPJNHGGFAX57DA,馬公段,28.00,都市：其他:商業區,1,1,全筆移轉,16210122
WPUNMLPJNHGGFAX67DA,馬公段,38.00,都市：其他:商業區,1,1,全筆移轉,16210124
RPRNMLPJNHGGFAX86DA,光榮段,12.11,都市：其他:商業區,10000,103,持分移轉,04960000
RPPNMLOJNHGGFAX66EA,七美二段,136.66,非都市：一般農業區 ; 非都市編定：甲種建築用地,1,1,全筆移轉,04690000
RPQNMLOJNHGGFAX76EA,七美二段,69.40,非都市：一般農業區 ; 非都市編定：農牧用地,32,4,持分移轉,04710000
RPSNMLRJNHGGFAX17DA,五福段,4.89,非都市：鄉村區 ; 非都市編定：乙種建築用地,49000000,632268,持分移轉,09160000
RPSNMLRJNHGGFAX17DA,五福段,4.89,非都市：鄉村區 ; 非都市編定：乙種建築用地,49000000,632268,持分移轉,09160000
RPSNMLRJNHGGFAX17DA,五福段,4.89,非都市：鄉村區 ; 非都市編定：乙種建築用地,49000000,632268,持分移轉,09160000
RPSNMLRJNHGGFAX17DA,五福段,4.89,非都市：鄉村區 ; 非都市編定：乙種建築用地,49000000,632268,持分移轉,09160000
RPSNMLRJNHGGFAX17DA,五福段,4.89,非都市：鄉村區 ; 非都市編定：乙種建築用地,49000000,632268,持分移轉,09160000
RPSNMLRJNHGGFAX17DA,五福段,4.89,非都市：鄉村區 ; 非都市編定：乙種建築用地,49000000,632268,持分移轉,09160000
RPSNMLRJNHGGFAX17DA,五福段,4.89,非都市：鄉村區 ; 非都市編定：乙種建築用地,49000000,632268,持分移轉,09160000
RPOOMLQJNHGGFAX76DA,馬公段,37.00,都市：其他:商業區,1,1,全筆移轉,24820000
RPVNMLQJNHGGFAX37DA,中衛段,286.30,都市：其他:乙種工業區,2,1,持分移轉,04540000
RPVNMLQJNHGGFAX37DA,中衛段,286.30,都市：其他:乙種工業區,2,1,持分移轉,04540000
RPRNMLOJNHGGFAX76DA,許家段,357.48,非都市：一般農業區 ; 非都市編定：農牧用地,120000,19736,持分移轉,12060000
RPUNMLRJNHGGFAX37DA,五福段,102.35,非都市：一般農業區 ; 非都市編定：農牧用地,132,6,持分移轉,05160000
RPUNMLRJNHGGFAX37DA,五福段,72.93,非都市：一般農業區 ; 非都市編定：農牧用地,132,6,持分移轉,05390000
RPTNMLQJNHGGFAX17DA,文光段,27.04,都市：其他:住宅區,10000,62,持分移轉,00570000
RPXNMLQJNHGGFAX57DA,馬公段,28.52,都市：其他:住宅區,100000,3363,持分移轉,00630002
RPTNMLRJNHGGFAX27DA,五福段,21.43,非都市：鄉村區 ; 非都市編定：乙種建築用地,22,1,持分移轉,09170000
RPQOMLQJNHGGFAX96DA,許家段,329.30,非都市：一般農業區 ; 非都市編定：農牧用地,1,1,全筆移轉,03730000
RPRNMLSLMHGGFAX27DA,文東段,225.67,非都市：一般農業區 ; 非都市編定：農牧用地,10000,1255,持分移轉,05180000
RPRNMLSLMHGGFAX27DA,文東段,222.25,非都市：一般農業區 ; 非都市編定：農牧用地,10000,1236,持分移轉,05180000
RPRNMLSLMHGGFAX27DA,文東段,238.44,非都市：一般農業區 ; 非都市編定：農牧用地,10000,1326,持分移轉,05180000
RPRNMLSLMHGGFAX27DA,文東段,231.42,非都市：一般農業區 ; 非都市編定：農牧用地,10000,1287,持分移轉,05180000
RPRNMLSLMHGGFAX27DA,文東段,220.64,非都市：一般農業區 ; 非都市編定：農牧用地,10000,1227,持分移轉,05180000
RPRNMLSLMHGGFAX27DA,文東段,220.28,非都市：一般農業區 ; 非都市編定：農牧用地,10000,1225,持分移轉,05180000
RPRNMLSLMHGGFAX27DA,文東段,219.74,非都市：一般農業區 ; 非都市編定：農牧用地,10000,1222,持分移轉,05180000
RPRNMLSLMHGGFAX27DA,文東段,219.74,非都市：一般農業區 ; 非都市編定：農牧用地,10000,1222,持分移轉,05180000
RPWNMLQJNHGGFAX47DA,文寮段,3871.63,非都市：一般農業區 ; 非都市編定：農牧用地,1,1,全筆移轉,03480000
RPPNMLRJNHGGFAX96EA,馬公段,14.00,都市：其他:商業區,1,1,全筆移轉,10320000
RPPNMLRJNHGGFAX96EA,馬公段,14.00,都市：其他:商業區,1,1,全筆移轉,10330000
RPWNMLKKNHGGFAX07EA,海堤段,72.72,都市：其他:住宅區,1,1,全筆移轉,08560001
RPUNMLOJNHGGFAX07DA,五福段,26.66,非都市：鄉村區 ; 非都市編定：乙種建築用地,1,1,全筆移轉,09610000
RPROMLQJNHGGFAX07DA,許家段,300.50,非都市：一般農業區 ; 非都市編定：農牧用地,1,1,全筆移轉,03760000
RPUNMLTJMHGGFAX47DA,海堤段,331.05,都市：其他:住宅區,1,1,全筆移轉,05560000
RPUNMLTJMHGGFAX47DA,海堤段,7.26,都市：其他:住宅區,1,1,全筆移轉,05580004
RPTNMLLKNHGGFAX76DA,文寮段,568.35,非都市：一般農業區 ; 非都市編定：農牧用地,3,1,持分移轉,06220000
RPTNMLLKNHGGFAX76DA,文寮段,568.35,非都市：一般農業區 ; 非都市編定：農牧用地,3,1,持分移轉,06220000
RPTNMLLKNHGGFAX76DA,文寮段,568.35,非都市：一般農業區 ; 非都市編定：農牧用地,3,1,持分移轉,06220000
RPSOMLNJNHGGFAX86DA,城北段,973.01,非都市：一般農業區 ; 非都市編定：農牧用地,1,1,全筆移轉,10030000
RPRNMLMKNHGGFAX66DA,四維段,188.70,非都市：鄉村區 ; 非都市編定：乙種建築用地,1,1,全筆移轉,02170000
RPTNMLKKNHGGFAX66DA,興崁段,1855.84,非都市：一般農業區 ; 非都市編定：農牧用地,1,1,全筆移轉,11960000
RPRNMLNKNHGGFAX76DA,成功南段,208.45,非都市：一般農業區 ; 非都市編定：農牧用地,1,1,全筆移轉,10710000
RPRNMLRJNHGGFAX07DA,南寮北段,407.02,非都市：一般農業區 ; 非都市編定：甲種建築用地,1,1,全筆移轉,17270001
RPXNMLKKNHGGFAX07DA,文石段,761.51,非都市：一般農業區 ; 非都市編定：農牧用地,1,1,全筆移轉,09580001
RPRNMLOKNHGGFAX86DA,東衛段,237.91,非都市：鄉村區 ; 非都市編定：乙種建築用地,1,1,全筆移轉,12290000
RPRNMLOKNHGGFAX86DA,東衛段,13.73,非都市：鄉村區 ; 非都市編定：乙種建築用地,7,1,持分移轉,12300000
RPRNMLOKNHGGFAX86DA,東衛段,25.25,非都市：鄉村區 ; 非都市編定：乙種建築用地,7,1,持分移轉,12310000
RPPNMLQJNHGGFAX76DA,烏崁新段,232.75,非都市：一般農業區 ; 非都市編定：農牧用地,1,1,全筆移轉,00870000
RPPNMLQJNHGGFAX76DA,烏崁新段,176.29,非都市：一般農業區 ; 非都市編定：農牧用地,1,1,全筆移轉,00890000
RPWNMLMKNHGGFAX17DA,四維段,4.21,非都市：鄉村區 ; 非都市編定：乙種建築用地,79380,1323,持分移轉,09340000
RPPOMLQJNHGGFAX86DA,成功北段,1115.10,非都市：一般農業區 ; 非都市編定：農牧用地,1,1,全筆移轉,08160000
RPPOMLQJNHGGFAX86DA,成功北段,980.09,非都市：一般農業區 ; 非都市編定：農牧用地,1,1,全筆移轉,08170000
RPPNMLNKNHGGFAX66EA,講美段,7.91,非都市：鄉村區 ; 非都市編定：乙種建築用地,324,18,持分移轉,04120000
RPPNMLNKNHGGFAX66EA,講美段,61.38,非都市：鄉村區 ; 非都市編定：乙種建築用地,9,3,持分移轉,06020000
RPUNMLLKNHGGFAX86DA,中衛段,219.18,都市：其他:乙種工業區,1,1,全筆移轉,03390000
RPVNMLMKNHGGFAX07DA,國宅段,28.89,都市：其他:住宅區,1,1,全筆移轉,04750000
RPPNMLOKNHGGFAX76EA,龍門南段,843.80,非都市：一般農業區 ; 非都市編定：農牧用地,2,1,持分移轉,09100000
RPTNMLSKNHGGFAX47DA,海堤段,49.39,都市：其他:道路用地,1,1,全筆移轉,02840000
RPPNMLQKNHGGFAX86DA,文寮段,244.27,非都市：一般農業區 ; 非都市編定：農牧用地,1000,220,持分移轉,05770000
RPQNMLOKNHGGFAX86EA,案山段,219.31,都市：其他:住宅區,1,1,全筆移轉,04240000
RPQNMLOKNHGGFAX86EA,案山段,9.63,都市：其他:道路用地,1,1,全筆移轉,04270000
RPTNMLNJNHGGFAX86DA,中衛段,505.58,非都市：一般農業區 ; 非都市編定：農牧用地,1,1,全筆移轉,15040002
RPSNMLSKNHGGFAX47EA,馬公段,4.37,都市：其他:住宅區,10000,35,持分移轉,02010003
RPSNMLSKNHGGFAX47EA,馬公段,29.77,都市：其他:住宅區,1000,22,持分移轉,02020003
RPQNMLQKNHGGFAX96DA,文寮段,198.75,非都市：一般農業區 ; 非都市編定：農牧用地,1000,179,持分移轉,05770000
RPQNMLQKNHGGFAX96DA,文寮段,198.75,非都市：一般農業區 ; 非都市編定：農牧用地,1000,179,持分移轉,05770000
RPQNMLQKNHGGFAX96DA,文寮段,239.83,非都市：一般農業區 ; 非都市編定：農牧用地,1000,216,持分移轉,05770000
RPQNMLQKNHGGFAX96DA,文寮段,228.73,非都市：一般農業區 ; 非都市編定：農牧用地,1000,206,持分移轉,05770000
RPVNMLLLNHGGFAX07DA,紅羅段,437.67,非都市：一般農業區 ; 非都市編定：農牧用地,1,1,全筆移轉,08620000
RPQNMLTKNHGGFAX27DA,文東段,1295.76,非都市：一般農業區 ; 非都市編定：農牧用地,8,6,持分移轉,16230000
RPRNMLKLNHGGFAX56DA,?葉新段,238.00,非都市：一般農業區 ; 非都市編定：農牧用地,1,1,全筆移轉,11260000
RPWNMLLLNHGGFAX17DA,東澳段,105.07,都市：其他:住宅區,1,1,全筆移轉,02640001
RPXNMLMKNHGGFAX27DA,國宅段,241.00,都市：其他:住宅區,1,1,全筆移轉,03060000
RPXNMLMKNHGGFAX27DA,國宅段,46.00,都市：其他:道路用地,1,1,全筆移轉,03070001
RPOOMLMKNHGGFAX09DA,山水南段,52.75,非都市：森林區 ; 非都市編定：林業用地,1,1,全筆移轉,06350005
RPSNMLNKNHGGFAX86DA,湖西南段,330.57,非都市：一般農業區 ; 非都市編定：農牧用地,10000,5988,持分移轉,15130000
RPSNMLNKNHGGFAX86DA,湖西南段,221.48,非都市：一般農業區 ; 非都市編定：農牧用地,10000,4012,持分移轉,15130000
RPRNMLRKNHGGFAX17DA,光榮新段,241.77,都市：其他:住宅區,1,1,全筆移轉,00980000
RPSNMLOKNHGGFAX96DA,許家段,273.77,非都市：一般農業區 ; 非都市編定：甲種建築用地,1,1,全筆移轉,04820002
RPSNMLOKNHGGFAX96DA,許家段,23.95,非都市：一般農業區 ; 非都市編定：交通用地,2,1,持分移轉,04820003
RPRNMLOLNHGGFAX96DA,埕東段,70.16,都市：其他:住宅區,1,1,全筆移轉,07630003
RPUNMLLLNHGGFAX96DA,文東段,431.92,非都市：一般農業區 ; 非都市編定：農牧用地,8,2,持分移轉,16230000
RPVNMLPLNHGGFAX57EA,案山段,23.69,都市：其他:住宅區,1,1,全筆移轉,02360000
RPWNMLTKMHGGFAX77DA,文光段,93.73,都市：其他:住宅區,1,1,全筆移轉,06750000
RPPNMLQLMHGGFAX96EA,內垵二段,73.70,非都市：鄉村區 ; 非都市編定：乙種建築用地,2,1,持分移轉,01190000
RPSNMLKLNHGGFAX66DA,光華段,2920.18,非都市：一般農業區 ; 非都市編定：農牧用地,1,1,全筆移轉,02230000
RPSNMLKLNHGGFAX66DA,光華段,55.38,非都市：一般農業區 ; 非都市編定：甲種建築用地,1,1,全筆移轉,02230001
RPOOMLPLNHGGFAX86DA,埕西段,1.04,都市：其他:住宅區,2,1,持分移轉,07260000
RPUNMLSLMHGGFAX57DA,中衛段,165.29,都市：其他:乙種工業區,2,1,持分移轉,01220000
RPUNMLSLMHGGFAX57DA,中衛段,165.29,都市：其他:乙種工業區,2,1,持分移轉,01220000
RPTNMLKLNHGGFAX76DA,五福段,310.29,非都市：一般農業區 ; 非都市編定：農牧用地,50000,12891,持分移轉,01270000
RPTNMLKLNHGGFAX76DA,五福段,72.24,非都市：一般農業區 ; 非都市編定：農牧用地,600000,36014,持分移轉,01270000
RPTNMLKLNHGGFAX76DA,五福段,310.25,非都市：一般農業區 ; 非都市編定：農牧用地,100000,25779,持分移轉,01270000
RPTNMLKLNHGGFAX76DA,五福段,310.14,非都市：一般農業區 ; 非都市編定：農牧用地,10000,2577,持分移轉,01270000
RPWNMLPLNHGGFAX57DA,西澳段,49.39,都市：其他:住宅區,2,1,持分移轉,01200000
RPVNMLLLMHGGFAX96DA,六合段,220.45,都市：其他:農業區,1,1,全筆移轉,06130003
RPUNMLLLMHGGFAX86DA,六合段,183.22,都市：其他:農業區,1000,185,持分移轉,06130000
RPUNMLLLMHGGFAX86DA,六合段,183.22,都市：其他:農業區,1000,185,持分移轉,06130000
RPUNMLLLMHGGFAX86DA,六合段,311.97,都市：其他:農業區,1000,315,持分移轉,06130000
RPUNMLLLMHGGFAX86DA,六合段,311.97,都市：其他:農業區,1000,315,持分移轉,06130000
RPUNMLLLMHGGFAX86DA,六合段,17.62,都市：其他:農業區,1000,185,持分移轉,06130005
RPUNMLLLMHGGFAX86DA,六合段,17.62,都市：其他:農業區,1000,185,持分移轉,06130005
RPUNMLLLMHGGFAX86DA,六合段,30.00,都市：其他:農業區,1000,315,持分移轉,06130005
RPUNMLLLMHGGFAX86DA,六合段,30.00,都市：其他:農業區,1000,315,持分移轉,06130005
RPSNMLKLMHGGFAX56DA,馬公段,51.77,都市：其他:住宅區,1,1,全筆移轉,18790019
RPUNMLQKLHGGFAX17DA,西澳段,76.98,都市：其他:住宅區,1,1,全筆移轉,04360000
RPUNMLPLNHGGFAX37DA,馬公段,57.00,都市：其他:住宅區,1,1,全筆移轉,01230004
RPQOMLPLNHGGFAX07DA,馬公段,40.00,都市：其他:商業區,1,1,全筆移轉,03070004
RPXNMLQLNHGGFAX77DA,山水西段,468.00,非都市：一般農業區 ; 非都市編定：農牧用地,2,1,持分移轉,04940000
RPXNMLPLNHGGFAX67DA,興仁段,105.14,非都市：鄉村區 ; 非都市編定：乙種建築用地,1,1,全筆移轉,02030000
RPPNMLMKNHGGFAX09DA,興崁段,22.34,非都市：一般農業區 ; 非都市編定：交通用地,9,1,持分移轉,10730004
RPPNMLMKNHGGFAX09DA,興崁段,323.08,非都市：一般農業區 ; 非都市編定：甲種建築用地,1,1,全筆移轉,10730009
RPTOMLRLNHGGFAX57DA,沙港南段,3.00,非都市：一般農業區 ; 非都市編定：農牧用地,100000000,120000,持分移轉,09240000
RPROMLNJNHGGFAX76DA,竹灣段,311.29,非都市：一般農業區 ; 非都市編定：甲種建築用地,1,1,全筆移轉,02130000
RPVNMLSKNHGGFAX67DA,五福段,1422.02,非都市：一般農業區 ; 非都市編定：農牧用地,1,1,全筆移轉,00350000
RPROMLRLNHGGFAX37DA,沙港南段,1.75,非都市：一般農業區 ; 非都市編定：農牧用地,100000000,70000,持分移轉,09240000
RPRNMLKLMHGGFAX09DA,馬公段,39.50,都市：其他:住宅區,2,1,持分移轉,00660033
RPPNMLTLMHGGFAX17DA,中衛段,261.66,都市：其他:工業區,2,1,持分移轉,01220001
RPQOMLRLNHGGFAX27DA,沙港南段,2.50,非都市：一般農業區 ; 非都市編定：農牧用地,100000000,100000,持分移轉,09240000
RPPNMLTLMHGGFAX17DA,中衛段,261.66,都市：其他:工業區,2,1,持分移轉,01220001
RPTNMLQLNHGGFAX47EA,龍門南段,350.73,非都市：一般農業區 ; 非都市編定：農牧用地,1,1,全筆移轉,06930000
RPSOMLRLNHGGFAX47DA,沙港南段,2.75,非都市：一般農業區 ; 非都市編定：農牧用地,100000000,110000,持分移轉,09240000
RPTNMLLLNHGGFAX86DA,興崁段,181.14,非都市：一般農業區 ; 非都市編定：甲種建築用地,1,1,全筆移轉,05500000
RPTNMLLLNHGGFAX86DA,興崁段,48.91,非都市：一般農業區 ; 非都市編定：交通用地,6,1,持分移轉,05500004
RPPNMLLMNHGGFAX56DA,安宅段,282.11,非都市：一般農業區 ; 非都市編定：甲種建築用地,1,1,全筆移轉,06990000
RPSNMLSLNHGGFAX47DA,北極段,627.35,都市：其他:住宅區,1,1,全筆移轉,00630000
RPPNMLLMNHGGFAX56DA,安宅段,204.70,非都市：一般農業區 ; 非都市編定：甲種建築用地,1,1,全筆移轉,06990001
RPSNMLSLNHGGFAX47DA,北極段,134.85,都市：其他:道路用地,1,1,全筆移轉,00630001
RPUNMLLMNHGGFAX07DA,沙港南段,2.50,非都市：一般農業區 ; 非都市編定：農牧用地,100000000,100000,持分移轉,09240000
RPVNMLLMNHGGFAX17DA,沙港南段,2.00,非都市：一般農業區 ; 非都市編定：農牧用地,100000000,80000,持分移轉,09240000
RPVOMLRLNHGGFAX77DA,文光段,96.73,都市：其他:住宅區,1,1,全筆移轉,02110000
RPTNMLSLNHGGFAX57DA,文光段,25.52,都市：其他:住宅區,100000,308,持分移轉,00200000
RPTNMLSLNHGGFAX57DA,文光段,3.30,都市：其他:住宅區,100000,308,持分移轉,00540000
RPXNMLRLNHGGFAX87DA,湖西南段,500.13,非都市：一般農業區 ; 非都市編定：農牧用地,1,1,全筆移轉,10420001
RPUNMLSLNHGGFAX67DA,文光段,26.93,都市：其他:住宅區,100000,325,持分移轉,00200000
RPUNMLSLNHGGFAX67DA,文光段,3.49,都市：其他:住宅區,100000,325,持分移轉,00540000
RPVNMLSLNHGGFAX77DA,埕東段,50.53,都市：其他:住宅區,10000,396,持分移轉,03810000
RPTNMLPLNHGGFAX27DA,內垵三段,349.16,非都市：鄉村區 ; 非都市編定：乙種建築用地,1,1,全筆移轉,06740000
RPUNMLMJOHGGFAX96DA,五福段,115.31,非都市：鄉村區 ; 非都市編定：乙種建築用地,1,1,全筆移轉,09620000
RPWNMLLMNHGGFAX27DA,文石段,271.22,非都市：一般農業區 ; 非都市編定：農牧用地,10000,1776,持分移轉,01920000
RPWNMLLMNHGGFAX27DA,文石段,238.23,非都市：一般農業區 ; 非都市編定：農牧用地,10000,1560,持分移轉,01920000
RPWNMLLMNHGGFAX27DA,文石段,253.05,非都市：一般農業區 ; 非都市編定：農牧用地,10000,1657,持分移轉,01920000
RPWNMLLMNHGGFAX27DA,文石段,254.27,非都市：一般農業區 ; 非都市編定：農牧用地,10000,1665,持分移轉,01920000
RPWNMLLMNHGGFAX27DA,文石段,254.88,非都市：一般農業區 ; 非都市編定：農牧用地,10000,1669,持分移轉,01920000
RPWNMLLMNHGGFAX27DA,文石段,255.49,非都市：一般農業區 ; 非都市編定：農牧用地,10000,1673,持分移轉,01920000
RPVNMLMJOHGGFAX07DA,五福段,140.52,非都市：鄉村區 ; 非都市編定：乙種建築用地,1,1,全筆移轉,09630000
RPXNMLLMNHGGFAX37DA,文石段,45.28,非都市：一般農業區 ; 非都市編定：交通用地,1,1,全筆移轉,08260000
RPXNMLLMNHGGFAX37DA,文石段,18.85,非都市：一般農業區 ; 非都市編定：交通用地,1,1,全筆移轉,08260001
RPXNMLLMNHGGFAX37DA,文石段,241.90,非都市：一般農業區 ; 非都市編定：農牧用地,1000,495,持分移轉,08320000
RPXNMLLMNHGGFAX37DA,文石段,246.79,非都市：一般農業區 ; 非都市編定：農牧用地,1000,505,持分移轉,08320000
RPOOMLMJOHGGFAX09DA,埕東段,107.02,都市：其他:住宅區,5,3,持分移轉,07860000
RPOOMLMJOHGGFAX09DA,埕東段,16.33,都市：其他:住宅區,5,3,持分移轉,08070001
RPTNMLOJOHGGFAX07DA,鼎灣新段,177.05,非都市：一般農業區 ; 非都市編定：農牧用地,1058,177,持分移轉,07880000
RPTNMLOJOHGGFAX07DA,鼎灣新段,176.05,非都市：一般農業區 ; 非都市編定：農牧用地,1058,176,持分移轉,07880000
RPTNMLOJOHGGFAX07DA,鼎灣新段,241.06,非都市：一般農業區 ; 非都市編定：農牧用地,1058,241,持分移轉,07880000
RPTNMLOJOHGGFAX07DA,鼎灣新段,229.06,非都市：一般農業區 ; 非都市編定：農牧用地,1058,229,持分移轉,07880000
RPTNMLOJOHGGFAX07DA,鼎灣新段,235.06,非都市：一般農業區 ; 非都市編定：農牧用地,1058,235,持分移轉,07880000
RPSNMLOJOHGGFAX96DA,鎖港南段,330.00,非都市：一般農業區 ; 非都市編定：農牧用地,1,1,全筆移轉,03630001
RPSNMLNJOHGGFAX86DA,馬公段,26.00,都市：其他:商業區,1,1,全筆移轉,10550000
RPUNMLQLNHGGFAX47DA,七美三段,163.22,非都市：一般農業區 ; 非都市編定：甲種建築用地,32,14,持分移轉,17340000
RPUNMLQLNHGGFAX47DA,大嶼段,175.00,非都市：一般農業區 ; 非都市編定：農牧用地,36,21,持分移轉,41360000
RPWNMLQLNHGGFAX67DA,七美三段,14.39,非都市：一般農業區 ; 非都市編定：交通用地,256,128,持分移轉,17320000
RPWNMLQLNHGGFAX67DA,七美三段,98.66,非都市：一般農業區 ; 非都市編定：交通用地,256,128,持分移轉,19610000
RPWNMLQLNHGGFAX67DA,七美三段,11.46,非都市：一般農業區 ; 非都市編定：交通用地,256,128,持分移轉,19620000
RPWNMLQLNHGGFAX67DA,七美三段,7.90,非都市：一般農業區 ; 非都市編定：交通用地,256,128,持分移轉,19650000
RPWNMLQLNHGGFAX67DA,七美三段,1.08,非都市：一般農業區 ; 非都市編定：交通用地,256,128,持分移轉,19710000
RPWNMLQLNHGGFAX67DA,大嶼段,5.50,非都市：一般農業區 ; 非都市編定：交通用地,256,128,持分移轉,41350002
RPVNMLQLNHGGFAX57DA,七美三段,510.68,非都市：一般農業區 ; 非都市編定：農牧用地,32,14,持分移轉,19600000
RPTNMLMJOHGGFAX86DA,小赤段,14.21,非都市：一般農業區 ; 非都市編定：農牧用地,1,1,全筆移轉,00770000
RPPNMLMJOHGGFAX56EA,西澳段,166.76,都市：其他:住宅區,1,1,全筆移轉,01780000
RPPNMLTKNHGGFAX17DA,鼎灣新段,124.20,非都市：鄉村區 ; 非都市編定：乙種建築用地,1,1,全筆移轉,04050000
RPSNMLMJOHGGFAX76DA,龍門北段,206.31,非都市：鄉村區 ; 非都市編定：乙種建築用地,1,1,全筆移轉,08720000
RPPNMLNJOHGGFAX66EA,五福段,73.50,非都市：一般農業區 ; 非都市編定：甲種建築用地,1,1,全筆移轉,10340000
RPPNMLNJOHGGFAX66EA,五福段,35.08,非都市：一般農業區 ; 非都市編定：交通用地,6,1,持分移轉,10390000
RPVNMLRJOHGGFAX57DA,文東段,43.98,非都市：一般農業區 ; 非都市編定：水利用地,1,1,全筆移轉,18230000
RPTNMLLJOHGGFAX76DA,馬公段,498.00,都市：其他:商業區,1,1,全筆移轉,02930000
RPTNMLLJOHGGFAX76DA,馬公段,41.00,都市：其他:道路用地,1,1,全筆移轉,02970000
RPSNMLOLNHGGFAX07DA,鎖港南段,18.70,都市：其他:住宅區,12,1,持分移轉,09140000
RPSNMLOLNHGGFAX07DA,鎖港南段,18.70,都市：其他:住宅區,12,1,持分移轉,09140000
RPWNMLSLNHGGFAX87DA,竹灣段,1059.53,非都市：一般農業區 ; 非都市編定：甲種建築用地,1,1,全筆移轉,01200000
