﻿鄉鎮市區,交易標的,土地位置建物門牌,土地移轉總面積平方公尺,都市土地使用分區,非都市土地使用分區,非都市土地使用編定,交易年月日,交易筆棟數,移轉層次,總樓層數,建物型態,主要用途,主要建材,建築完成年月,建物移轉總面積平方公尺,建物現況格局-房,建物現況格局-廳,建物現況格局-衛,建物現況格局-隔間,有無管理組織,總價元,單價元平方公尺,車位類別,車位移轉總面積(平方公尺),車位總價元,備註,編號,主建物面積,附屬建物面積,陽台面積,電梯,移轉編號
The villages and towns urban district,transaction sign,land sector position building sector house number plate,land shifting total area square meter,the use zoning or compiles and checks,the non-metropolis land use district,non-metropolis land use,transaction year month and day,transaction pen number,shifting level,total floor number,building state,main use,main building materials,construction to complete the years,building shifting total area,Building present situation pattern - room,building present situation pattern - hall,building present situation pattern - health,building present situation pattern - compartmented,Whether there is manages the organization,total price NTD,the unit price (NTD / square meter),the berth category,berth shifting total area square meter,the berth total price NTD,the note,serial number,,,,,
馬公市,房地(土地+建物),四維路２０７號,96.24,非都市： ; 非都市編定：,,,1100105,土地1建物1車位0,全,二層,透天厝,住家用,鋼筋混凝土加強磚造,0730621,99.66,3,2,2,有,無,6600000,66225,,0.0,0,,RPSNMLSJLHGGFAX07DA,99.66,0.0,0.0,無,
馬公市,房地(土地+建物),新生路４３９號五樓,68.37,非都市： ; 非都市編定：,,,1090817,土地1建物1車位0,五層,五層,公寓(5樓含以下無電梯),住家用,鋼筋混凝土造,0900516,293.12,4,1,4,有,無,4500000,15352,,0.0,0,,RPRNMLTJLHGGFAX07DA,186.09,19.85,0.0,無,
馬公市,土地,山水北段805-3地號,106.97,,一般農業區,交通用地,1100305,土地1建物0車位0,,,其他,,,,0.0,0,0,0,有,無,700000,6544,,0.0,0,親友、員工、共有人或其他特殊關係間之交易；,RPTNMLTJLHGGFAX27DA,0.0,0.0,0.0,無,
馬公市,房地(土地+建物),東文澳１２３之１號五樓之二、五樓之八,29.0,,鄉村區,乙種建築用地,1100131,土地1建物2車位0,五層,九層,華廈(10層含以下有電梯),旅館,鋼筋混凝土造,1070620,107.15,2,0,2,有,有,7500000,69995,,0.0,0,,RPSNMLPJLHGGFAX76DA,57.82,9.84,0.0,有,001
馬公市,土地,北極段771-1地號,139.92,非都市： ; 非都市編定：,,,1100225,土地2建物0車位0,,,其他,,,,0.0,0,0,0,有,無,100000,715,,0.0,0,,RPUNMLSJLHGGFAX27DA,0.0,0.0,0.0,無,
馬公市,土地,海堤段675地號,61.65,非都市： ; 非都市編定：,,,1100225,土地1建物0車位0,,,其他,,,,0.0,0,0,0,有,無,80000,1298,,0.0,0,,SPUNMLSJLHGGFAX37DA,0.0,0.0,0.0,無,
馬公市,房地(土地+建物),三多路３９０巷９號,104.88,非都市： ; 非都市編定：,,,1100224,土地1建物1車位0,全,四層,透天厝,住家用,鋼筋混凝土造,1011130,274.58,7,1,7,有,無,18000000,65555,,0.0,0,,RPSNMLOLKHGGFAX76DA,256.69,17.89,0.0,無,
馬公市,房地(土地+建物)+車位,文山路２７巷１號七樓之五,25.2,非都市： ; 非都市編定：,,,1100107,土地2建物1車位1,七層,八層,華廈(10層含以下有電梯),住家用,鋼筋混凝土造,0860628,132.01,3,1,2,有,有,4200000,31816,一樓平面,0.0,0,,RPRNMLLKLHGGFAX98DA,88.86,0.0,12.3,有,
白沙鄉,土地,港子新段551地號,427.12,,一般農業區,農牧用地,1100305,土地1建物0車位0,,,其他,,,,0.0,0,0,0,有,無,1200000,2810,,0.0,0,,RPUNMLLKLHGGFAX66DA,0.0,0.0,0.0,無,
湖西鄉,土地,許家段520地號,308.52,,一般農業區,農牧用地,1091224,土地2建物0車位0,,,其他,,,,0.0,0,0,0,有,無,3300000,10696,,0.0,0,,RPSNMLRKKHGGFAX96DA,0.0,0.0,0.0,無,
馬公市,房地(土地+建物),東衛１５５之１０號,84.94,,鄉村區,乙種建築用地,1091230,土地1建物1車位0,全,三層,透天厝,住家用,鋼筋混凝土造,0830603,188.32,5,1,3,有,無,5500000,29206,,0.0,0,,RPRNMLMKLHGGFAX09DA,172.38,15.94,0.0,無,
馬公市,土地,五福段917地號,235.76,,鄉村區,乙種建築用地,1100308,土地1建物0車位0,,,其他,,,,0.0,0,0,0,有,無,6060000,25705,,0.0,0,親友、員工、共有人或其他特殊關係間之交易；,RPWNMLPKLHGGFAX27DA,0.0,0.0,0.0,無,002
馬公市,房地(土地+建物),文山路１０３巷３號四樓之二,40.86,非都市： ; 非都市編定：,,,1100308,土地3建物1車位0,四層,五層,華廈(10層含以下有電梯),住家用,鋼筋混凝土造,0900129,130.31,3,1,2,有,有,3800000,29161,,0.0,0,,RPRNMLQKLHGGFAX86DA,103.13,13.64,0.0,有,003
馬公市,土地,文東段1202地號,3172.0,,一般農業區,農牧用地,1100104,土地1建物0車位0,,,其他,,,,0.0,0,0,0,有,無,34000000,10719,,0.0,0,,RPSNMLQKLHGGFAX96DA,0.0,0.0,0.0,無,004
馬公市,房地(土地+建物),珠江７５號,2780.21,,一般農業區,農牧用地,1100128,土地6建物1車位0,全,一層,透天厝,住家用,鋼筋加強,0600218,71.0,3,2,1,有,無,18490000,260423,,0.0,0,,RPVNMLLKLHGGFAX76DA,71.0,0.0,0.0,無,005
馬公市,土地,光榮段677-1地號,20.86,非都市： ; 非都市編定：,,,1100226,土地1建物0車位0,,,其他,,,,0.0,0,0,0,有,無,1668383,79980,,0.0,0,畸零地或有合併使用效益；政府機關標讓售；,RPWNMLQKLHGGFAX37DA,0.0,0.0,0.0,無,
馬公市,土地,光榮段677-3地號,7.15,非都市： ; 非都市編定：,,,1100226,土地1建物0車位0,,,其他,,,,0.0,0,0,0,有,無,497283,69550,,0.0,0,畸零地或有合併使用效益；政府機關標讓售；,SPWNMLQKLHGGFAX47DA,0.0,0.0,0.0,無,
馬公市,土地,光榮段687-3地號,6.92,非都市： ; 非都市編定：,,,1100226,土地1建物0車位0,,,其他,,,,0.0,0,0,0,有,無,553462,79980,,0.0,0,畸零地或有合併使用效益；政府機關標讓售；,TPWNMLQKLHGGFAX57DA,0.0,0.0,0.0,無,
馬公市,房地(土地+建物),民裕街３６巷９號,55.48,非都市： ; 非都市編定：,,,1100305,土地1建物1車位0,一層,五層,公寓(5樓含以下無電梯),集合住宅,鋼筋混凝土造,0840119,111.45,3,2,2,有,無,4300000,38582,,0.0,0,,RPRNMLPJLHGGFAX66DA,98.43,0.0,0.0,無,006
湖西鄉,土地,尖山南段937地號,388.09,,一般農業區,農牧用地,1100304,土地1建物0車位0,,,其他,,,,0.0,0,0,0,有,無,2087135,5378,,0.0,0,地清或未辦繼承標售；,RPSOMLRKLHGGFAX17DA,0.0,0.0,0.0,無,
馬公市,土地,山水南段1003地號,1240.15,,鄉村區,乙種建築用地,1100105,土地1建物0車位0,,,其他,,,,0.0,0,0,0,有,無,30011200,24200,,0.0,0,,RPUOMLRKLHGGFAX37DA,0.0,0.0,0.0,無,007
湖西鄉,土地,湖西南段561地號,71.0,,鄉村區,乙種建築用地,1100305,土地1建物0車位0,,,其他,,,,0.0,0,0,0,有,無,704320,9920,,0.0,0,政府機關標讓售；,RPWOMLRKLHGGFAX57DA,0.0,0.0,0.0,無,
馬公市,土地,文寮段336地號,1233.26,,一般農業區,農牧用地,1100311,土地1建物0車位0,,,其他,,,,0.0,0,0,0,有,無,42136000,34166,,0.0,0,本案權利人數:5人。此為農變建變更起造人含未來興建房屋5棟費用。,RPSNMLMKLHGGFAX56DA,0.0,0.0,0.0,無,008
馬公市,房地(土地+建物),北辰街１７巷５弄３之２號,42.26,非都市： ; 非都市編定：,,,1100118,土地2建物1車位0,三層,五層,公寓(5樓含以下無電梯),集合住宅,鋼筋混凝土造,0730629,87.66,3,2,2,有,有,3880000,44262,,0.0,0,,RPTNMLOLKHGGFAX86DA,87.99,0.0,0.0,無,
馬公市,房地(土地+建物),鎖管港２６１號,63.02,非都市： ; 非都市編定：,,,1100304,土地1建物1車位0,全,二層,透天厝,住商用,鋼筋混凝土加強磚造,0701117,82.52,3,1,2,有,無,2800000,33931,,0.0,0,其他增建；,RPRNMLOJLHGGFAX56DA,82.52,0.0,0.0,無,
湖西鄉,土地,湖西北段326地號,850.79,,一般農業區,農牧用地,1100312,土地3建物0車位0,,,其他,,,,0.0,0,0,0,有,無,1600000,1881,,0.0,0,,RPROMLRKLHGGFAX07DA,0.0,0.0,0.0,無,
湖西鄉,土地,湖東新段824地號,940.02,,一般農業區,農牧用地,1100313,土地1建物0車位0,,,其他,,,,0.0,0,0,0,有,無,2274800,2420,,0.0,0,,RPUNMLMKLHGGFAX76DA,0.0,0.0,0.0,無,009
馬公市,土地,五福段570地號,281.6,,一般農業區,農牧用地,1100207,土地1建物0車位0,,,其他,,,,0.0,0,0,0,有,無,3407200,12099,,0.0,0,,RPQOMLQKLHGGFAX86DA,0.0,0.0,0.0,無,010
西嶼鄉,房地(土地+建物),小池角９６之１１號,126.1,,一般農業區,甲種建築用地,1090825,土地1建物1車位0,全,三層,透天厝,住家用,鋼筋混凝土造,0860618,142.88,4,1,3,有,無,1500000,10498,,0.0,0,親友、員工、共有人或其他特殊關係間之交易；,RPVOMLRKLHGGFAX47DA,137.45,5.43,0.0,無,
馬公市,土地,興仁段740地號,1031.63,,一般農業區,農牧用地,1100107,土地1建物0車位0,,,其他,,,,0.0,0,0,0,有,無,4680900,4537,,0.0,0,依土地法第34條之1處分,RPUNMLPKLHGGFAX07DA,0.0,0.0,0.0,無,
湖西鄉,土地,城北段756地號,1125.08,,一般農業區,農牧用地,1100301,土地1建物0車位0,,,其他,,,,0.0,0,0,0,有,無,4043000,3594,,0.0,0,,RPRNMLSKLHGGFAX17EA,0.0,0.0,0.0,無,
湖西鄉,土地,湖東新段1425地號,1637.43,,一般農業區,農牧用地,1100308,土地2建物0車位0,,,其他,,,,0.0,0,0,0,有,無,3960000,2418,,0.0,0,,RPPNMLTKLHGGFAX07EA,0.0,0.0,0.0,無,
西嶼鄉,土地,合界段524地號,1222.28,,風景區,農牧用地,1100302,土地1建物0車位0,,,其他,,,,0.0,0,0,0,有,無,2957840,2420,,0.0,0,,RPTNMLTKLHGGFAX37DA,0.0,0.0,0.0,無,
西嶼鄉,土地,池東段3306地號,545.43,,一般農業區,農牧用地,1100304,土地1建物0車位0,,,其他,,,,0.0,0,0,0,有,無,330000,605,,0.0,0,,RPSNMLMLLHGGFAX66DA,0.0,0.0,0.0,無,
馬公市,土地,文石段247-1地號,797.93,,一般農業區,農牧用地,1100305,土地4建物0車位0,,,其他,,,,0.0,0,0,0,有,無,48000000,60156,,0.0,0,土地交易案件之價格含未來興建房屋成本；,RPSNMLPKLHGGFAX86DA,0.0,0.0,0.0,無,
馬公市,土地,鐵線段619地號,1130.1,,一般農業區,農牧用地,1100310,土地1建物0車位0,,,其他,,,,0.0,0,0,0,有,無,12990000,11495,,0.0,0,,RPSNMLKKLHGGFAX98DA,0.0,0.0,0.0,無,
馬公市,房地(土地+建物)+車位,林森路８０號六樓,30.13,非都市： ; 非都市編定：,,,1091228,土地1建物1車位1,六層,七層,華廈(10層含以下有電梯),住家用,鋼筋混凝土造,0870925,155.82,3,1,2,有,無,4800000,30805,坡道平面,0.0,0,,RPTNMLNLLHGGFAX86DA,100.46,0.0,6.61,有,
馬公市,土地,東澳段123地號,125.18,非都市： ; 非都市編定：,,,1100228,土地1建物0車位0,,,其他,,,,0.0,0,0,0,有,無,11730000,93705,,0.0,0,,RPWNMLTLLHGGFAX77DA,0.0,0.0,0.0,無,
白沙鄉,土地,城前新段795地號,55.2,,風景區,農牧用地,1100129,土地1建物0車位0,,,其他,,,,0.0,0,0,0,有,無,57895,1049,,0.0,0,地清或未辦繼承標售；,RPPNMLSKLHGGFAX96EA,0.0,0.0,0.0,無,011
馬公市,房地(土地+建物),西文澳６２之６號二樓,38.74,非都市： ; 非都市編定：,,,1100302,土地1建物1車位0,二層,五層,華廈(10層含以下有電梯),集合住宅,鋼筋混凝土造,1100111,127.6,3,2,2,有,有,5800000,45455,,0.0,0,土地買賣總價款:3770000 建物買賣總價款:2030000,RPUNMLRKLHGGFAX27DA,82.37,9.74,0.0,有,
馬公市,房地(土地+建物),西文澳６２之６號五樓,38.74,非都市： ; 非都市編定：,,,1100302,土地1建物1車位0,五層,五層,華廈(10層含以下有電梯),集合住宅,鋼筋混凝土造,1100111,127.6,3,2,2,有,有,5900000,46238,,0.0,0,土地買賣價款:3835000 建物買賣價款:2065000,RPPOMLRKLHGGFAX86DA,82.37,9.74,0.0,有,
馬公市,房地(土地+建物),西文澳６２之６號三樓,38.74,非都市： ; 非都市編定：,,,1100302,土地1建物1車位0,三層,五層,華廈(10層含以下有電梯),集合住宅,鋼筋混凝土造,1100111,127.6,3,2,2,有,有,6060000,47492,,0.0,0,土地買賣總價:3939000  建物買賣總價:2121000,RPTOMLRKLHGGFAX27DA,82.37,9.74,0.0,有,
馬公市,房地(土地+建物),鐵線尾３８之１２號,110.99,,一般農業區,甲種建築用地,1100315,土地1建物1車位0,全,三層,透天厝,住家用,鋼筋混凝土造,0850415,178.7,5,2,4,有,無,3980000,22272,,0.0,0,買方另支付土地增值稅53212元賣清,RPRNMLKMLHGGFAX09DA,170.28,8.42,0.0,無,
馬公市,房地(土地+建物),忠孝路６９巷１號,56.0,非都市： ; 非都市編定：,,,1100310,土地1建物1車位0,全,三層,透天厝,住家用,鋼筋混凝土加強磚造,0621230,88.14,3,1,2,有,無,3800000,43113,,0.0,0,,RPSNMLLMLHGGFAX66DA,88.14,0.0,0.0,無,
七美鄉,土地,七美二段296地號,336.81,,一般農業區,農牧用地,1100323,土地1建物0車位0,,,其他,,,,0.0,0,0,0,有,無,2000000,5938,,0.0,0,賣清親友、員工、共有人或其他特殊關係間之交易；,RPUNMLLMLHGGFAX96EA,0.0,0.0,0.0,無,
湖西鄉,土地,城北段380地號,309.72,,一般農業區,農牧用地,1100325,土地1建物0車位0,,,其他,,,,0.0,0,0,0,有,無,2600000,8395,,0.0,0,,RPSNMLLJMHGGFAX09DA,0.0,0.0,0.0,無,
馬公市,土地,山水東段36-1地號,629.4,,一般農業區,農牧用地,1100302,土地1建物0車位0,,,其他,,,,0.0,0,0,0,有,無,1007040,1600,,0.0,0,親友、員工、共有人或其他特殊關係間之交易；,RPPNMLTLLHGGFAX07DA,0.0,0.0,0.0,無,
馬公市,房地(土地+建物),鐵線尾２５之２１號,103.48,,鄉村區,乙種建築用地,1100301,土地1建物1車位0,全,四層,透天厝,住家用,鋼筋混凝土造,0860320,237.69,4,1,4,有,無,5000000,21036,,0.0,0,土地增值稅由買方負擔。,RPSNMLTLLHGGFAX37DA,218.1,19.59,0.0,無,
湖西鄉,房地(土地+建物),港底３３０之７號,272.49,,一般農業區,甲種建築用地,1100126,土地2建物1車位0,全,三層,透天厝,住家用,鋼筋混凝土造,1070124,322.84,6,2,6,有,無,10360000,32090,,0.0,0,,RPUNMLKMLHGGFAX76DA,291.9,30.94,0.0,無,012
馬公市,土地,光華段421-3地號,592.65,,一般農業區,農牧用地,1100125,土地1建物0車位0,,,其他,,,,0.0,0,0,0,有,無,6500000,10968,,0.0,0,農地農用，農地買賣,RPSNMLPLLHGGFAX96DA,0.0,0.0,0.0,無,
白沙鄉,土地,小赤段425地號,163.0,,鄉村區,乙種建築用地,1100316,土地3建物0車位0,,,其他,,,,0.0,0,0,0,有,無,493000,3025,,0.0,0,,RPRNMLNLLHGGFAX66DA,0.0,0.0,0.0,無,
馬公市,土地,文石段800地號,1158.59,,一般農業區,農牧用地,1100326,土地1建物0車位0,,,其他,,,,0.0,0,0,0,有,無,10500000,9063,,0.0,0,親友、員工、共有人或其他特殊關係間之交易；,RPPNMLRJMHGGFAX86EA,0.0,0.0,0.0,無,
馬公市,房地(土地+建物),西文澳６２之６號四樓,38.74,非都市： ; 非都市編定：,,,1100302,土地1建物1車位0,四層,五層,華廈(10層含以下有電梯),集合住宅,鋼筋混凝土造,1100111,127.6,3,2,2,有,有,6000000,47022,,0.0,0,土地買賣價款:3900000 建物買賣價款:2100000,RPOOMLRKLHGGFAX76DA,82.37,9.74,0.0,有,
馬公市,土地,北極段671-2地號,83.3,非都市： ; 非都市編定：,,,1100206,土地1建物0車位0,,,其他,,,,0.0,0,0,0,有,無,1500000,18007,,0.0,0,親友、員工、共有人或其他特殊關係間之交易；,RPVNMLKMLHGGFAX86DA,0.0,0.0,0.0,無,
馬公市,土地,文石段887地號,2409.84,,一般農業區,農牧用地,1100330,土地1建物0車位0,,,其他,,,,0.0,0,0,0,有,無,96950000,40231,,0.0,0,權利人共10人土地交易案件之價格含未來興建房屋成本；,RPPNMLPJMHGGFAX56DA,0.0,0.0,0.0,無,
馬公市,土地,國宅段110地號,2390.67,,一般農業區,農牧用地,1100330,土地1建物0車位0,,,其他,,,,0.0,0,0,0,有,無,66430000,27787,,0.0,0,權利人為10人含未來10戶興建房屋價款,RPRNMLSJMHGGFAX07DA,0.0,0.0,0.0,無,013
馬公市,土地,風櫃西段1296-4地號,666.54,,一般農業區,農牧用地,1090909,土地2建物0車位0,,,其他,,,,0.0,0,0,0,有,無,11800000,17703,,0.0,0,,RPUNMLSJMHGGFAX37DA,0.0,0.0,0.0,無,
馬公市,土地,北極段671地號,85.33,非都市： ; 非都市編定：,,,1100206,土地1建物0車位0,,,其他,,,,0.0,0,0,0,有,無,1540000,18048,,0.0,0,親友、員工、共有人或其他特殊關係間之交易；,RPWNMLKMLHGGFAX96DA,0.0,0.0,0.0,無,
馬公市,房地(土地+建物),貿商街９５號,143.16,非都市： ; 非都市編定：,,,1100217,土地2建物1車位0,全,四層,透天厝,住家用,鋼筋混凝土造,0980824,245.71,7,2,5,有,無,16070000,65402,,0.0,0,,RPSNMLKMLHGGFAX56DA,228.21,0.0,17.5,無,
馬公市,房地(土地+建物),西文澳６２之６號,38.74,非都市： ; 非都市編定：,,,1100302,土地1建物1車位0,一層,五層,華廈(10層含以下有電梯),集合住宅,鋼筋混凝土造,1100111,121.4,3,2,2,有,有,7000000,57661,,0.0,0,土地買賣價款:4550000  建物買賣價款:2450000,RPTNMLRKLHGGFAX17DA,82.35,3.56,0.0,有,
馬公市,房地(土地+建物)+車位,林森路４９號七樓,24.24,非都市： ; 非都市編定：,,,1100312,土地1建物1車位1,七層,七層,華廈(10層含以下有電梯),住家用,鋼筋混凝土造,0840904,129.36,3,2,2,有,有,5000000,38652,坡道平面,0.0,0,買方另支付土地增值稅116743元,RPSNMLRJMHGGFAX07DA,103.92,9.03,0.0,有,
馬公市,土地,六合段214地號,160.77,,一般農業區,農牧用地,1090529,土地1建物0車位0,,,其他,,,,0.0,0,0,0,有,無,1835000,11414,,0.0,0,,RPVNMLNKMHGGFAX07DA,0.0,0.0,0.0,無,014
馬公市,土地,安宅段1332地號,279.71,,鄉村區,乙種建築用地,1100206,土地1建物0車位0,,,其他,,,,0.0,0,0,0,有,無,6000000,21451,,0.0,0,,RPSNMLTKLHGGFAX27DA,0.0,0.0,0.0,無,
馬公市,房地(土地+建物),中華路３０８號地下層,61.47,非都市： ; 非都市編定：,,,1100406,土地2建物2車位0,地下層,五層,公寓(5樓含以下無電梯),自用倉庫,鋼筋混凝土造,0710227,229.06,3,2,2,有,無,7000000,30560,,0.0,0,,RPWNMLNKMHGGFAX17DA,179.13,0.0,0.0,無,
馬公市,房地(土地+建物),光復路５巷８弄１號五樓之三,29.73,非都市： ; 非都市編定：,,,1100406,土地2建物1車位0,四層，騎樓,五層,公寓(5樓含以下無電梯),住家用,鋼筋混凝土加強磚造,0661111,82.21,3,2,1,有,無,2480000,30167,,0.0,0,,SPWNMLNKMHGGFAX27DA,82.21,0.0,0.0,無,
馬公市,土地,東澳段1025地號,13.99,非都市： ; 非都市編定：,,,1100325,土地1建物0車位0,,,其他,,,,0.0,0,0,0,有,無,450000,32166,,0.0,0,親友、員工、共有人或其他特殊關係間之交易；,RPSNMLMKMHGGFAX66DA,0.0,0.0,0.0,無,015
馬公市,房地(土地+建物),縣府新村２９號,103.01,非都市： ; 非都市編定：,,,1091216,土地1建物1車位0,全,二層,透天厝,住家用,鋼筋混凝土加強磚造,0670626,115.2,4,1,2,有,無,4200000,36458,,0.0,0,親友、員工、共有人或其他特殊關係間之交易；,RPPOMLNKMHGGFAX56DA,115.2,0.0,0.0,無,
馬公市,土地,文寮段529地號,497.91,,鄉村區,乙種建築用地,1100409,土地1建物0車位0,,,其他,,,,0.0,0,0,0,有,無,11000000,22092,,0.0,0,,RPSNMLPKMHGGFAX96DA,0.0,0.0,0.0,無,016
馬公市,房地(土地+建物),三多路４１１號九樓之八,1.21,都市：其他:商業區,,,1100401,土地1建物1車位0,九層,十層,華廈(10層含以下有電梯),住家用,鋼筋混凝土造,0850308,10.67,1,1,1,有,有,200000,18744,,0.0,0,親友、員工、共有人或其他特殊關係間之交易；,RPQNMLTJMHGGFAX17EA,7.62,0.9,0.0,有,017
湖西鄉,土地,湖西北段575-1地號,322.52,,一般農業區,農牧用地,1100406,土地1建物0車位0,,,其他,,,,0.0,0,0,0,有,無,1410000,4372,,0.0,0,,RPVNMLTJMHGGFAX57DA,0.0,0.0,0.0,無,
馬公市,房地(土地+建物),西衛２３２之５１號,253.72,,一般農業區,甲種建築用地,1091215,土地2建物1車位0,全,三層,透天厝,住家用,鋼筋混凝土造,1090911,345.85,8,3,11,有,無,16500000,47709,,0.0,0,,RPPNMLTJMHGGFAX96DA,325.45,20.4,0.0,無,
馬公市,土地,山水南段684地號,53.11,,鄉村區,乙種建築用地,1100408,土地1建物0車位0,,,其他,,,,0.0,0,0,0,有,無,850000,16005,,0.0,0,,RPRNMLRJMHGGFAX96DA,0.0,0.0,0.0,無,
馬公市,房地(土地+建物),永和街２１號,80.61,非都市： ; 非都市編定：,,,1100204,土地1建物1車位0,全,四層,透天厝,住商用,鋼筋混凝土造,0690714,182.78,4,1,3,有,無,7100000,38845,,0.0,0,,RPPOMLOJKHGGFAX98DA,182.78,0.0,0.0,無,
湖西鄉,土地,林投南段321地號,483.18,非都市： ; 非都市編定：,,,1100317,土地1建物0車位0,,,其他,,,,0.0,0,0,0,有,無,2115000,4377,,0.0,0,,RPTNMLPKMHGGFAX07DA,0.0,0.0,0.0,無,018
馬公市,房地(土地+建物)+車位,中華路１８４巷１８號二樓,40.4,非都市： ; 非都市編定：,,,1100304,土地2建物1車位1,二層,五層,華廈(10層含以下有電梯),住家用,鋼筋混凝土造,0820422,149.5,3,2,2,有,無,4380000,29298,坡道平面,0.0,0,,RPOOMLNKMHGGFAX09DA,114.43,0.0,0.0,有,
湖西鄉,土地,林投北段191地號,213.11,,一般農業區,農牧用地,1100326,土地1建物0車位0,,,其他,,,,0.0,0,0,0,有,無,600000,2815,,0.0,0,,RPXNMLPKMHGGFAX47DA,0.0,0.0,0.0,無,
湖西鄉,土地,林投北段178地號,543.72,,一般農業區,農牧用地,1100326,土地1建物0車位0,,,其他,,,,0.0,0,0,0,有,無,1400000,2575,,0.0,0,,RPOOMLPKMHGGFAX66DA,0.0,0.0,0.0,無,
馬公市,房地(土地+建物),後窟潭７之６２號,148.12,,一般農業區,甲種建築用地,1100105,土地2建物1車位0,全,三層,透天厝,住家用,鋼筋混凝土造,0860813,191.73,4,2,5,有,無,6360000,33172,,0.0,0,,RPPOMLPKMHGGFAX76DA,184.17,7.56,0.0,無,
馬公市,房地(土地+建物),中華路７２巷２號,55.0,非都市： ; 非都市編定：,,,1100316,土地1建物1車位0,全,一層,透天厝,住家用,造,0180000,36.62,2,1,2,有,無,6300000,172037,,0.0,0,,RPXNMLQKLHGGFAX47DA,36.62,0.0,0.0,無,
馬公市,房地(土地+建物),三多路４１１號九樓之八,1.21,都市：其他:商業區,,,1100401,土地1建物1車位0,九層,十層,華廈(10層含以下有電梯),住家用,鋼筋混凝土造,0850308,10.67,1,1,1,有,有,200000,18744,,0.0,0,親友、員工、共有人或其他特殊關係間之交易；,RPRNMLTJMHGGFAX27EA,7.62,0.9,0.0,有,017
湖西鄉,土地,尖山中段675-2地號,106.3,,一般農業區,甲種建築用地,1100407,土地1建物0車位0,,,其他,,,,0.0,0,0,0,有,無,960000,9031,,0.0,0,,RPTNMLNKMHGGFAX96EA,0.0,0.0,0.0,無,
白沙鄉,土地,港子新段542地號,624.71,,一般農業區,農牧用地,1100414,土地1建物0車位0,,,其他,,,,0.0,0,0,0,有,無,2000000,3201,,0.0,0,,RPPNMLQKMHGGFAX86EA,0.0,0.0,0.0,無,
馬公市,土地,國宅段482地號,29.97,都市：其他:住宅區,,,1100412,土地1建物0車位0,,,其他,,,,0.0,0,0,0,有,無,563436,18800,,0.0,0,政府機關標讓售；,RPPNMLTKMHGGFAX17EA,0.0,0.0,0.0,無,
馬公市,土地,烏崁新段188地號,1289.6,,一般農業區,農牧用地,1100330,土地1建物0車位0,,,其他,,,,0.0,0,0,0,有,無,12090000,9375,,0.0,0,符合農業用地作農業使用之買賣証明書核發110.3.19馬公市馬財字第1100003132號,RPRNMLTKMHGGFAX37EA,0.0,0.0,0.0,無,020
西嶼鄉,土地,大池段2640-1地號,293.98,,鄉村區,乙種建築用地,1100409,土地1建物0車位0,,,其他,,,,0.0,0,0,0,有,無,1200000,4082,,0.0,0,賣方賣清價。土地增值稅由買方負擔。,RPUOMLMKMHGGFAX96DA,0.0,0.0,0.0,無,
馬公市,土地,光榮段273地號,112.01,都市：其他:住宅區,,,1100407,土地1建物0車位0,,,其他,,,,0.0,0,0,0,有,無,5800000,51781,,0.0,0,,RPWNMLPKMHGGFAX37DA,0.0,0.0,0.0,無,
馬公市,土地,安宅段1453-1地號,1162.07,,一般農業區,農牧用地,1090927,土地1建物0車位0,,,其他,,,,0.0,0,0,0,有,無,6880000,5920,,0.0,0,,RPUNMLTKMHGGFAX57DA,0.0,0.0,0.0,無,
馬公市,土地,文寮段369地號,1641.62,,一般農業區,農牧用地,1100414,土地2建物0車位0,,,其他,,,,0.0,0,0,0,有,無,15890000,9679,,0.0,0,,RPRNMLLLMHGGFAX56DA,0.0,0.0,0.0,無,
馬公市,房地(土地+建物),烏崁５７７號,247.45,,一般農業區,甲種建築用地,1100315,土地2建物1車位0,全,三層,透天厝,住家用,鋼筋混凝土造,1090720,191.96,4,1,4,有,無,7160000,37299,,0.0,0,總價內含土地款186萬、房屋款530萬,RPSNMLLLMHGGFAX66DA,183.22,8.74,0.0,無,
馬公市,建物,三多路１０７巷７號,0.0,,,,1100312,土地0建物1車位0,全,四層,透天厝,住家用,鋼筋混凝土造,0970321,400.27,19,1,19,有,無,5000000,12492,,0.0,0,,RPTNMLLLMHGGFAX76DA,400.27,0.0,0.0,無,
馬公市,房地(土地+建物)+車位,永和街１１巷１４號六樓,43.49,都市：其他:住宅區,,,1100310,土地3建物1車位1,六層,六層,華廈(10層含以下有電梯),住家用,鋼筋混凝土造,0830606,213.98000000000002,4,2,2,有,無,4800000,22432,坡道平面,0.0,0,,RPOOMLLLMHGGFAX98DA,140.18,18.9,0.0,有,
馬公市,房地(土地+建物),東衛１８１號,125.93,,鄉村區,乙種建築用地,1100325,土地1建物1車位0,全,三層,透天厝,住家用,鋼筋混凝土造,0840610,200.04,4,1,5,有,無,5000000,24995,,0.0,0,親友、員工、共有人或其他特殊關係間之交易；,RPPNMLMLMHGGFAX09DA,196.9,3.14,0.0,無,
馬公市,土地,案山段355地號,188.14,都市：其他:住宅區,,,1100413,土地2建物0車位0,,,其他,,,,0.0,0,0,0,有,無,5500000,29234,,0.0,0,,RPUNMLMLMHGGFAX96DA,0.0,0.0,0.0,無,021
馬公市,土地,光榮段119地號,669.34,都市：其他:農業區,,,1100330,土地1建物0車位0,,,其他,,,,0.0,0,0,0,有,無,3760000,5617,,0.0,0,,RPWNMLLLMHGGFAX07DA,0.0,0.0,0.0,無,
馬公市,土地,興仁段403-1地號,133.5,,鄉村區,乙種建築用地,1100323,土地1建物0車位0,,,其他,,,,0.0,0,0,0,有,無,800000,5993,,0.0,0,買方另支付土地增值稅229897元賣清,RPXNMLLLMHGGFAX17DA,0.0,0.0,0.0,無,
湖西鄉,土地,許家段256-4地號,253.95,,一般農業區,甲種建築用地,1091218,土地3建物0車位0,,,其他,,,,0.0,0,0,0,有,無,8980000,35361,,0.0,0,農變建之起造人變更含未來興建房屋價款,RPTNMLNLMHGGFAX96DA,0.0,0.0,0.0,無,022
馬公市,土地,鐵線段600地號,970.96,,一般農業區,農牧用地,1100412,土地1建物0車位0,,,其他,,,,0.0,0,0,0,有,無,26800000,27602,,0.0,0,權利人共4人土地交易案件之價格含未來興建房屋成本；,RPPNMLRKMHGGFAX86DA,0.0,0.0,0.0,無,
馬公市,土地,文東段9地號,853.48,,一般農業區,農牧用地,1100325,土地1建物0車位0,,,其他,,,,0.0,0,0,0,有,無,3227000,3781,,0.0,0,,RPRNMLPLLHGGFAX86DA,0.0,0.0,0.0,無,
馬公市,土地,中衛段369地號,771.18,都市：其他:乙種工業區,,,1100223,土地1建物0車位0,,,其他,,,,0.0,0,0,0,有,無,21461760,27830,,0.0,0,,RPTNMLPLLHGGFAX07DA,0.0,0.0,0.0,無,
馬公市,房地(土地+建物)+車位,朝陽路７３號三樓,24.04,都市：其他:住宅區,,,1100312,土地4建物1車位1,三層,七層,華廈(10層含以下有電梯),住家用,鋼筋混凝土造,0830509,134.53,3,1,2,有,有,4900000,36423,坡道平面,0.0,0,,RPSNMLTKMHGGFAX37DA,92.67,4.76,0.0,有,
馬公市,房地(土地+建物),西文澳９２之２８號,121.89,都市：其他:住宅區,,,1100405,土地1建物1車位0,全,四層,透天厝,住家用,鋼筋混凝土造,1080129,342.95,6,1,7,有,無,23000000,67065,,0.0,0,土地買賣價款940萬元建物買賣價款1360萬元。,RPVNMLKLMHGGFAX86DA,328.85,14.1,0.0,無,
湖西鄉,土地,湖西南段1761地號,848.25,,一般農業區,農牧用地,1100415,土地1建物0車位0,,,其他,,,,0.0,0,0,0,有,無,2200000,2594,,0.0,0,,RPRNMLQKMHGGFAX96DA,0.0,0.0,0.0,無,
馬公市,土地,國宅段256地號,1096.22,,一般農業區,農牧用地,1100106,土地1建物0車位0,,,其他,,,,0.0,0,0,0,有,無,7700000,7024,,0.0,0,權利人4人,RPUNMLNLMHGGFAX07DA,0.0,0.0,0.0,無,023
馬公市,土地,山水西段494地號,468.0,,一般農業區,農牧用地,1100201,土地1建物0車位0,,,其他,,,,0.0,0,0,0,有,無,7000000,14957,,0.0,0,親友、員工、共有人或其他特殊關係間之交易；,RPWNMLNLMHGGFAX27DA,0.0,0.0,0.0,無,024
湖西鄉,土地,許家段255地號,253.68,,一般農業區,甲種建築用地,1091218,土地3建物0車位0,,,其他,,,,0.0,0,0,0,有,無,9980000,39341,,0.0,0,農變建之起造人變更含未來興建房屋價款土地交易案件之價格含未來興建房屋成本；,RPSNMLNLMHGGFAX86DA,0.0,0.0,0.0,無,022
湖西鄉,房地(土地+建物),良文港４７號,439.06,,鄉村區,乙種建築用地,1100329,土地1建物1車位0,全,二層,透天厝,住家用,加強磚造,1011114,150.65,3,2,3,有,無,8600000,57086,,0.0,0,,RPRNMLLMLHGGFAX56DA,150.65,0.0,0.0,無,
馬公市,房地(土地+建物),文明路６２號,26.88,都市：其他:住宅區,,,1100413,土地3建物1車位0,一層,七層,華廈(10層含以下有電梯),住家用,鋼筋混凝土造,0841208,110.56,3,2,2,有,有,4100000,37084,,0.0,0,,RPPNMLLLMHGGFAX09EA,85.72,0.0,0.0,有,
西嶼鄉,房地(土地+建物),外垵２６號,81.09,,鄉村區,乙種建築用地,1100414,土地1建物1車位0,全,一層,透天厝,住家用,造,,27.54,4,2,2,有,無,1500000,54466,,0.0,0,受債權債務關係影響或債務抵償；,RPTNMLQKMHGGFAX27EA,27.54,0.0,0.0,無,
馬公市,土地,山水南段1003地號,1240.15,,鄉村區,乙種建築用地,1100322,土地1建物0車位0,,,其他,,,,0.0,0,0,0,有,無,33762600,27225,,0.0,0,,RPVNMLRLMHGGFAX57DA,0.0,0.0,0.0,無,007
馬公市,土地,六合段687地號,637.17,都市：其他:農業區,,,1100122,土地1建物0車位0,,,其他,,,,0.0,0,0,0,有,無,11260000,17672,,0.0,0,賣方賣清價。土地增值稅由買方負擔。,RPVNMLNLMHGGFAX17DA,0.0,0.0,0.0,無,027
湖西鄉,土地,成功南段693地號,92.27,,一般農業區,農牧用地,1100412,土地1建物0車位0,,,其他,,,,0.0,0,0,0,有,無,315000,3414,,0.0,0,親友、員工、共有人或其他特殊關係間之交易；,RPOOMLMKMHGGFAX98DA,0.0,0.0,0.0,無,028
馬公市,土地,文石段341地號,240.68,,鄉村區,乙種建築用地,1100416,土地2建物0車位0,,,其他,,,,0.0,0,0,0,有,無,3640000,15124,,0.0,0,未登記建物；,RPSNMLQKMHGGFAX07DA,0.0,0.0,0.0,無,
望安鄉,土地,東吉段962地號,52.17,,鄉村區,乙種建築用地,1100309,土地1建物0車位0,,,其他,,,,0.0,0,0,0,有,無,200000,3834,,0.0,0,親友、員工、共有人或其他特殊關係間之交易；,RPXNMLTKMHGGFAX87DA,0.0,0.0,0.0,無,
湖西鄉,土地,葉新段1132地號,204.0,,一般農業區,農牧用地,1100408,土地1建物0車位0,,,其他,,,,0.0,0,0,0,有,無,220000,1078,,0.0,0,,RPTNMLRLMHGGFAX37DA,0.0,0.0,0.0,無,
馬公市,房地(土地+建物),文光路１３５巷４號,79.61,都市：其他:住宅區,,,1100407,土地1建物1車位0,全,二層,透天厝,住家用,鋼筋混凝土加強磚造,0700820,89.66,3,1,2,有,無,6420000,71604,,0.0,0,併案申報登記案件連件辦理 土地買賣價款630萬元正建物買賣價款12萬元正,RPUNMLRLMHGGFAX47DA,89.66,0.0,0.0,無,
馬公市,房地(土地+建物),光復路５９號四樓之２,11.53,都市：其他:住宅區,,,1100326,土地1建物1車位0,四層,七層,華廈(10層含以下有電梯),住家用,鋼筋混凝土造,0811202,85.94,2,1,1,有,有,3560000,41424,,0.0,0,,RPQNMLTLMHGGFAX27DA,66.79,0.0,0.0,有,
馬公市,土地,雙湖段822地號,1120.49,,一般農業區,農牧用地,1100420,土地1建物0車位0,,,其他,,,,0.0,0,0,0,有,無,5800000,5176,,0.0,0,,RPUNMLTLMHGGFAX67DA,0.0,0.0,0.0,無,
湖西鄉,土地,湖西北段571地號,856.67,,一般農業區,農牧用地,1100413,土地3建物0車位0,,,其他,,,,0.0,0,0,0,有,無,3960000,4623,,0.0,0,,RPRNMLKMMHGGFAX56DA,0.0,0.0,0.0,無,029
馬公市,土地,光榮段900地號,8.74,都市：其他:住宅區,,,1100415,土地1建物0車位0,,,其他,,,,0.0,0,0,0,有,無,664065,75980,,0.0,0,政府機關標讓售；,RPSNMLKMMHGGFAX66DA,0.0,0.0,0.0,無,
七美鄉,土地,大嶼段4060地號,238.0,,一般農業區,農牧用地,1100416,土地1建物0車位0,,,其他,,,,0.0,0,0,0,有,無,300000,1261,,0.0,0,親友、員工、共有人或其他特殊關係間之交易；,RPPNMLKMMHGGFAX09EA,0.0,0.0,0.0,無,
湖西鄉,土地,機場段1407地號,1649.0,,一般農業區,農牧用地,1100410,土地1建物0車位0,,,其他,,,,0.0,0,0,0,有,無,6500000,3942,,0.0,0,,RPTNMLKMMHGGFAX76DA,0.0,0.0,0.0,無,
西嶼鄉,房地(土地+建物),小池角２號,322.21,,鄉村區,乙種建築用地,1100315,土地1建物1車位0,全,一層,透天厝,住家用,造,,96.86,2,2,1,有,無,1200000,12389,,0.0,0,買方另支付土地增值稅62805元,RPUNMLNJNHGGFAX96DA,96.86,0.0,0.0,無,
西嶼鄉,土地,池東段262地號,218.4,,一般農業區,農牧用地,1100316,土地1建物0車位0,,,其他,,,,0.0,0,0,0,有,無,860000,3938,,0.0,0,,RPOOMLNJNHGGFAX09DA,0.0,0.0,0.0,無,
馬公市,房地(土地+建物),新村路２８號,47.8,都市：其他:住宅區,,,1100418,土地2建物1車位0,一層，二層，騎樓,五層,公寓(5樓含以下無電梯),集合住宅,鋼筋混凝土造,0730629,98.23,3,1,2,有,無,6000000,61081,,0.0,0,,RPQOMLNJNHGGFAX66DA,98.23,0.0,0.0,無,
馬公市,房地(土地+建物),四維路２２１號,70.55,都市：其他:住宅區,,,1100416,土地1建物1車位0,全,二層,透天厝,住家用,鋼筋混凝土加強磚造,0750605,103.59,3,1,2,有,無,5860000,56569,,0.0,0,,RPTNMLOJNHGGFAX96DA,103.59,0.0,0.0,無,030
西嶼鄉,土地,內垵三段1029地號,1117.84,,一般農業區,農牧用地,1100320,土地3建物0車位0,,,其他,,,,0.0,0,0,0,有,無,800000,716,,0.0,0,親友、員工、共有人或其他特殊關係間之交易；,RPRNMLQLMHGGFAX07DA,0.0,0.0,0.0,無,
馬公市,土地,興仁南段147地號,476.28,,一般農業區,農牧用地,1100422,土地1建物0車位0,,,其他,,,,0.0,0,0,0,有,無,3980000,8356,,0.0,0,,RPVNMLMLMHGGFAX07DA,0.0,0.0,0.0,無,
白沙鄉,土地,城前新段293地號,4.63,,一般農業區,甲種建築用地,1090908,土地1建物0車位0,,,其他,,,,0.0,0,0,0,有,無,11550,2495,,0.0,0,地清或未辦繼承標售；,RPTNMLTKMHGGFAX47DA,0.0,0.0,0.0,無,
馬公市,房地(土地+建物),林森路４５巷２１號,105.24,都市：其他:住宅區,,,1100415,土地1建物1車位0,全,四層,透天厝,住家用,鋼筋混凝土造,1011018,260.94,6,2,6,有,無,15500000,59401,,0.0,0,,RPUNMLPKMHGGFAX17DA,237.16,23.78,0.0,無,031
馬公市,土地,中衛段134地號,2367.01,都市：其他:乙種工業區,,,1100315,土地1建物0車位0,,,其他,,,,0.0,0,0,0,有,無,32945000,13918,,0.0,0,,RPXNMLMKMHGGFAX17DA,0.0,0.0,0.0,無,
湖西鄉,土地,湖西南段1547地號,1436.68,,一般農業區,農牧用地,1100407,土地1建物0車位0,,,其他,,,,0.0,0,0,0,有,無,1779397,1239,,0.0,0,地清或未辦繼承標售；,RPXNMLNJNHGGFAX37EA,0.0,0.0,0.0,無,032
馬公市,土地,山水南段121地號,321.2,,一般農業區,農牧用地,1100428,土地1建物0車位0,,,其他,,,,0.0,0,0,0,有,無,3500000,10897,,0.0,0,,RPSNMLPJNHGGFAX96DA,0.0,0.0,0.0,無,033
馬公市,土地,裡新段442地號,96.93,,鄉村區,乙種建築用地,1100414,土地2建物0車位0,,,其他,,,,0.0,0,0,0,有,無,1170000,12071,,0.0,0,,RPXNMLKLMHGGFAX07DA,0.0,0.0,0.0,無,
馬公市,房地(土地+建物),民生路１４號,30.0,都市：其他:商業區,,,1100412,土地1建物1車位0,全,二層,透天厝,住商用,鋼筋混凝土加強空心磚造,0510815,54.72,1,1,1,有,無,12000000,219298,,0.0,0,,RPUNMLPJNHGGFAX17DA,54.72,0.0,0.0,無,
馬公市,房地(土地+建物),民生路16號,23.0,都市：其他:商業區,,,1100412,土地1建物1車位0,全,二層,透天厝,住商用,鋼筋混凝土加強空心磚造,0510815,44.8,1,1,1,有,無,10000000,223214,,0.0,0,,SPUNMLPJNHGGFAX27DA,0.0,0.0,0.0,無,
馬公市,房地(土地+建物),民生路１８號,33.0,都市：其他:商業區,,,1100412,土地1建物1車位0,全,二層,透天厝,住商用,鋼筋混凝土加強空心磚造,0510815,56.44,1,1,1,有,無,12500000,221474,,0.0,0,,TPUNMLPJNHGGFAX37DA,56.44,0.0,0.0,無,
馬公市,房地(土地+建物),文化路中心巷１號,37.0,都市：其他:商業區,,,1100412,土地1建物1車位0,全,二層,透天厝,住商用,鋼筋混凝土加強空心磚造,0510815,68.16,1,1,1,有,無,15000000,220070,,0.0,0,,UPUNMLPJNHGGFAX47DA,68.16,0.0,0.0,無,
馬公市,房地(土地+建物),文化路中心巷２號,28.0,都市：其他:商業區,,,1100412,土地1建物1車位0,全,二層,透天厝,住商用,鋼筋混凝土加強空心磚造,0510815,53.9,1,1,1,有,無,12000000,222635,,0.0,0,,VPUNMLPJNHGGFAX57DA,53.9,0.0,0.0,無,
馬公市,房地(土地+建物),文化路中心巷３號,38.0,都市：其他:商業區,,,1100412,土地1建物1車位0,全,二層,透天厝,住商用,鋼筋混凝土加強空心磚造,0510815,63.91,1,1,1,有,無,14500000,226882,,0.0,0,,WPUNMLPJNHGGFAX67DA,63.91,0.0,0.0,無,
馬公市,房地(土地+建物),三多路４１１號六樓之十,12.11,都市：其他:商業區,,,1100331,土地1建物1車位0,六層,十層,華廈(10層含以下有電梯),住家用,鋼筋混凝土造,0850308,106.75999999999999,3,1,2,有,有,4260000,39903,,0.0,0,土地款391萬元、房屋款35萬,RPRNMLPJNHGGFAX86DA,78.47,7.97,0.0,有,
七美鄉,土地,七美二段469地號,136.66,,一般農業區,甲種建築用地,1100426,土地1建物0車位0,,,其他,,,,0.0,0,0,0,有,無,338000,2473,,0.0,0,,RPPNMLOJNHGGFAX66EA,0.0,0.0,0.0,無,
七美鄉,土地,七美二段471地號,69.41,,一般農業區,農牧用地,1100426,土地1建物0車位0,,,其他,,,,0.0,0,0,0,有,無,12000,173,,0.0,0,親友、員工或其他特殊關係間之交易。；,RPQNMLOJNHGGFAX76EA,0.0,0.0,0.0,無,
馬公市,土地,中衛段454地號,572.6,都市：其他:乙種工業區,,,1100323,土地1建物0車位0,,,其他,,,,0.0,0,0,0,有,無,11778000,20569,,0.0,0,,RPVNMLQJNHGGFAX37DA,0.0,0.0,0.0,無,
馬公市,房地(土地+建物),中山路８巷１號,37.0,都市：其他:商業區,,,1100419,土地1建物1車位0,全,二層,透天厝,住家用,造,,63.86,2,2,3,有,無,5000000,78296,,0.0,0,,RPOOMLQJNHGGFAX76DA,63.86,0.0,0.0,無,
馬公市,房地(土地+建物)+車位,貿商街１２７號九樓之一,27.04,都市：其他:住宅區,,,1100201,土地1建物1車位1,九層,十二層,住宅大樓(11層含以上有電梯),集合住宅,鋼筋混凝土造,0950629,181.95999999999998,3,1,2,有,有,5450000,29952,坡道平面,0.0,0,土地款250萬元、房屋款295萬元,RPTNMLQJNHGGFAX17DA,97.49,0.0,10.98,有,034
馬公市,房地(土地+建物),中華路９８之１號五樓,28.52,都市：其他:住宅區,,,1100326,土地1建物1車位0,五層,七層,華廈(10層含以下有電梯),住家用,鋼筋混凝土造,0820201,145.45000000000002,3,2,2,有,有,4600000,31626,,0.0,0,,RPXNMLQJNHGGFAX57DA,114.93,0.0,0.0,有,
湖西鄉,土地,許家段1206地號,357.48,,一般農業區,農牧用地,1100503,土地1建物0車位0,,,其他,,,,0.0,0,0,0,有,無,7780000,21763,,0.0,0,本案為變更起造人含未來興建房屋之費用。,RPRNMLOJNHGGFAX76DA,0.0,0.0,0.0,無,035
馬公市,土地,五福段916地號,34.24,,鄉村區,乙種建築用地,1100401,土地1建物0車位0,,,其他,,,,0.0,0,0,0,有,無,2492600,72798,,0.0,0,,RPSNMLRJNHGGFAX17DA,0.0,0.0,0.0,無,
馬公市,土地,五福段917地號,21.43,,鄉村區,乙種建築用地,1100401,土地1建物0車位0,,,其他,,,,0.0,0,0,0,有,無,916900,42786,,0.0,0,,RPTNMLRJNHGGFAX27DA,0.0,0.0,0.0,無,002
馬公市,土地,五福段516地號,175.28,,一般農業區,農牧用地,1100401,土地2建物0車位0,,,其他,,,,0.0,0,0,0,有,無,4425600,25249,,0.0,0,,RPUNMLRJNHGGFAX37DA,0.0,0.0,0.0,無,
馬公市,房地(土地+建物),光明路１之２９號,28.0,都市：其他:商業區,,,1100503,土地2建物1車位0,全,四層,透天厝,住商用,鋼筋混凝土加強磚造,0611205,88.12,3,1,3,有,無,2300000,26101,,0.0,0,,RPPNMLRJNHGGFAX96EA,88.12,0.0,0.0,無,037
馬公市,土地,文東段518地號,1798.17,,一般農業區,農牧用地,1100308,土地1建物0車位0,,,其他,,,,0.0,0,0,0,有,無,81200000,45157,,0.0,0,權利人為8人。專案核准興建住宅。土地交易案件之價格含未來興建房屋成本；,RPRNMLSLMHGGFAX27DA,0.0,0.0,0.0,無,038
馬公市,土地,海堤段856-1地號,72.72,都市：其他:住宅區,,,1100326,土地1建物0車位0,,,其他,,,,0.0,0,0,0,有,無,370000,5088,,0.0,0,,RPWNMLKKNHGGFAX07EA,0.0,0.0,0.0,無,
湖西鄉,土地,許家段373地號,329.3,,一般農業區,農牧用地,1100312,土地1建物0車位0,,,其他,,,,0.0,0,0,0,有,無,1300000,3948,,0.0,0,,RPQOMLQJNHGGFAX96DA,0.0,0.0,0.0,無,
湖西鄉,土地,許家段376地號,300.5,,一般農業區,農牧用地,1100312,土地1建物0車位0,,,其他,,,,0.0,0,0,0,有,無,2700000,8985,,0.0,0,,RPROMLQJNHGGFAX07DA,0.0,0.0,0.0,無,039
馬公市,土地,文寮段348地號,3871.63,,一般農業區,農牧用地,1100208,土地1建物0車位0,,,其他,,,,0.0,0,0,0,有,無,36305960,9377,,0.0,0,,RPWNMLQJNHGGFAX47DA,0.0,0.0,0.0,無,
馬公市,土地,文寮段622地號,1705.06,,一般農業區,農牧用地,1100414,土地1建物0車位0,,,其他,,,,0.0,0,0,0,有,無,10315000,6050,,0.0,0,,RPTNMLLKNHGGFAX76DA,0.0,0.0,0.0,無,
馬公市,房地(土地+建物),五福路４５號,188.7,,鄉村區,乙種建築用地,1100503,土地1建物1車位0,全,二層,透天厝,住家用,鋼筋混凝土加強磚造,0690910,77.25,3,1,2,有,無,7600000,98382,,0.0,0,親友、員工、共有人或其他特殊關係間之交易；,RPRNMLMKNHGGFAX66DA,77.25,0.0,0.0,無,
馬公市,土地,五福段961地號,26.66,,鄉村區,乙種建築用地,1100504,土地1建物0車位0,,,其他,,,,0.0,0,0,0,有,無,1200000,45011,,0.0,0,賣方賣清價土地增值稅由買方負擔。,RPUNMLOJNHGGFAX07DA,0.0,0.0,0.0,無,
湖西鄉,土地,城北段1003地號,973.01,,一般農業區,農牧用地,1100303,土地1建物0車位0,,,其他,,,,0.0,0,0,0,有,無,7026600,7222,,0.0,0,,RPSOMLNJNHGGFAX86DA,0.0,0.0,0.0,無,
馬公市,土地,海堤段556地號,338.31,都市：其他:住宅區,,,1100204,土地2建物0車位0,,,其他,,,,0.0,0,0,0,有,無,5350000,15814,,0.0,0,,RPUNMLTJMHGGFAX47DA,0.0,0.0,0.0,無,040
湖西鄉,土地,成功南段1071地號,208.45,,一般農業區,農牧用地,1100306,土地1建物0車位0,,,其他,,,,0.0,0,0,0,有,無,950000,4557,,0.0,0,,RPRNMLNKNHGGFAX76DA,0.0,0.0,0.0,無,
馬公市,土地,興崁段1196地號,1855.84,,一般農業區,農牧用地,1100426,土地1建物0車位0,,,其他,,,,0.0,0,0,0,有,無,16000000,8621,,0.0,0,,RPTNMLKKNHGGFAX66DA,0.0,0.0,0.0,無,
馬公市,土地,文石段958-1地號,761.51,,一般農業區,農牧用地,1100401,土地1建物0車位0,,,其他,,,,0.0,0,0,0,有,無,2300000,3020,,0.0,0,,RPXNMLKKNHGGFAX07DA,0.0,0.0,0.0,無,
馬公市,土地,烏崁新段89地號,409.04,,一般農業區,農牧用地,1100506,土地2建物0車位0,,,其他,,,,0.0,0,0,0,有,無,2474000,6048,,0.0,0,,RPPNMLQJNHGGFAX76DA,0.0,0.0,0.0,無,
湖西鄉,土地,成功北段817地號,2095.19,,一般農業區,農牧用地,1100401,土地2建物0車位0,,,其他,,,,0.0,0,0,0,有,無,3280000,1565,,0.0,0,,RPPOMLQJNHGGFAX86DA,0.0,0.0,0.0,無,
馬公市,房地(土地+建物),西文澳９７之５９號,219.18,都市：其他:乙種工業區,,,1100408,土地1建物1車位0,全,二層,透天厝,保養所、辦公室,鋼骨造,0980105,306.66,4,2,5,有,無,9800000,31957,,0.0,0,頂樓加蓋；,RPUNMLLKNHGGFAX86DA,306.66,0.0,0.0,無,041
湖西鄉,土地,南寮北段1727-1地號,407.02,,一般農業區,甲種建築用地,1100506,土地1建物0車位0,,,其他,,,,0.0,0,0,0,有,無,3200000,7862,,0.0,0,,RPRNMLRJNHGGFAX07DA,0.0,0.0,0.0,無,
馬公市,土地,東衛段1231地號,276.89,,鄉村區,乙種建築用地,1100501,土地3建物0車位0,,,其他,,,,0.0,0,0,0,有,無,3950000,14266,,0.0,0,,RPRNMLOKNHGGFAX86DA,0.0,0.0,0.0,無,
馬公市,土地,國宅段475地號,28.89,都市：其他:住宅區,,,1100427,土地1建物0車位0,,,其他,,,,0.0,0,0,0,有,無,663892,22980,,0.0,0,政府機關標讓售；,RPVNMLMKNHGGFAX07DA,0.0,0.0,0.0,無,
馬公市,土地,四維段934地號,4.21,,鄉村區,乙種建築用地,1100422,土地1建物0車位0,,,其他,,,,0.0,0,0,0,有,無,50800,12067,,0.0,0,親友、員工、共有人或其他特殊關係間之交易；,RPWNMLMKNHGGFAX17DA,0.0,0.0,0.0,無,042
白沙鄉,土地,講美段412地號,69.29,,鄉村區,乙種建築用地,1100427,土地2建物0車位0,,,其他,,,,0.0,0,0,0,有,無,180000,2598,,0.0,0,,RPPNMLNKNHGGFAX66EA,0.0,0.0,0.0,無,
湖西鄉,土地,龍門南段910地號,843.8,,一般農業區,農牧用地,1100428,土地1建物0車位0,,,其他,,,,0.0,0,0,0,有,無,3333333,3950,,0.0,0,親友、員工、共有人或其他特殊關係間之交易；,RPPNMLOKNHGGFAX76EA,0.0,0.0,0.0,無,
馬公市,土地,案山段424地號,228.94,都市：其他:道路用地,,,1100503,土地2建物0車位0,,,其他,,,,0.0,0,0,0,無,無,5000000,21840,,0.0,0,未登記建物；,RPQNMLOKNHGGFAX86EA,0.0,0.0,0.0,無,
馬公市,土地,中衛段1504-2地號,505.58,,一般農業區,農牧用地,1100503,土地1建物0車位0,,,其他,,,,0.0,0,0,0,有,無,6360000,12580,,0.0,0,,RPTNMLNJNHGGFAX86DA,0.0,0.0,0.0,無,043
馬公市,土地,文寮段577地號,244.27,,一般農業區,農牧用地,1100326,土地1建物0車位0,,,其他,,,,0.0,0,0,0,有,無,4450000,18218,,0.0,0,,RPPNMLQKNHGGFAX86DA,0.0,0.0,0.0,無,044
馬公市,土地,文寮段577地號,866.07,,一般農業區,農牧用地,1100201,土地1建物0車位0,,,其他,,,,0.0,0,0,0,有,無,17900000,20668,,0.0,0,,RPQNMLQKNHGGFAX96DA,0.0,0.0,0.0,無,044
馬公市,土地,海堤段284地號,49.39,都市：其他:道路用地,,,1100505,土地1建物0車位0,,,其他,,,,0.0,0,0,0,有,無,1500000,30371,,0.0,0,,RPTNMLSKNHGGFAX47DA,0.0,0.0,0.0,無,
馬公市,房地(土地+建物),新村路３３之４號,34.14,都市：其他:住宅區,,,1100401,土地2建物1車位0,五層，電梯樓梯間,五層,公寓(5樓含以下無電梯),集合住宅,鋼筋混凝土造,0730629,95.35,3,1,1,有,有,3080000,32302,,0.0,0,親友、員工、共有人或其他特殊關係間之交易；,RPSNMLSKNHGGFAX47EA,95.35,0.0,0.0,無,
馬公市,土地,光榮新段98地號,241.77,都市：其他:住宅區,,,1100518,土地1建物0車位0,,,其他,,,,0.0,0,0,0,有,無,19100000,79001,,0.0,0,區段徵收土地標售光榮新段98地號政府機關標讓售；,RPRNMLRKNHGGFAX17DA,0.0,0.0,0.0,無,
湖西鄉,土地,葉新段1126地號,238.0,,一般農業區,農牧用地,1100430,土地1建物0車位0,,,其他,,,,0.0,0,0,0,有,無,220000,924,,0.0,0,買方另支付土地增值稅86584元,RPRNMLKLNHGGFAX56DA,0.0,0.0,0.0,無,
湖西鄉,土地,紅羅段862地號,437.67,,一般農業區,農牧用地,1100517,土地1建物0車位0,,,其他,,,,0.0,0,0,0,有,無,1200000,2742,,0.0,0,,RPVNMLLLNHGGFAX07DA,0.0,0.0,0.0,無,
馬公市,土地,文東段1623地號,1295.76,,一般農業區,農牧用地,1100219,土地1建物0車位0,,,其他,,,,0.0,0,0,0,有,無,11400000,8798,,0.0,0,,RPQNMLTKNHGGFAX27DA,0.0,0.0,0.0,無,046
馬公市,土地,國宅段307-1地號,287.0,都市：其他:道路用地,,,1100413,土地2建物0車位0,,,其他,,,,0.0,0,0,0,有,無,5200000,18118,,0.0,0,包含公共設施保留地用地；,RPXNMLMKNHGGFAX27DA,0.0,0.0,0.0,無,
馬公市,土地,山水南段635-5地號,52.75,,森林區,林業用地,1100428,土地1建物0車位0,,,其他,,,,0.0,0,0,0,有,無,877628,16637,,0.0,0,親友、員工、共有人或其他特殊關係間之交易；,RPOOMLMKNHGGFAX09DA,0.0,0.0,0.0,無,
湖西鄉,土地,湖西南段1513地號,552.05,,一般農業區,農牧用地,1100513,土地1建物0車位0,,,其他,,,,0.0,0,0,0,有,無,2700000,4891,,0.0,0,,RPSNMLNKNHGGFAX86DA,0.0,0.0,0.0,無,047
湖西鄉,房地(土地+建物),港子尾２３之３號,297.72,,一般農業區,甲種建築用地,1100330,土地2建物1車位0,全,三層,透天厝,住家用,鋼筋混凝土造,1100127,272.43,5,1,6,有,無,9420000,34578,,0.0,0,,RPSNMLOKNHGGFAX96DA,243.46,28.97,0.0,無,
馬公市,土地,文東段1623地號,431.92,,一般農業區,農牧用地,1100219,土地1建物0車位0,,,其他,,,,0.0,0,0,0,有,無,3800000,8798,,0.0,0,,RPUNMLLLNHGGFAX96DA,0.0,0.0,0.0,無,046
馬公市,土地,東澳段264-1地號,105.07,都市：其他:住宅區,,,1100428,土地1建物0車位0,,,其他,,,,0.0,0,0,0,有,無,5700000,54250,,0.0,0,,RPWNMLLLNHGGFAX17DA,0.0,0.0,0.0,無,
馬公市,房地(土地+建物),朝陽路２１號,70.16,都市：其他:住宅區,,,1100418,土地1建物1車位0,全,四層,透天厝,住商用,鋼筋混凝土造,0830902,202.65,5,1,4,有,無,12580000,62077,,0.0,0,,RPRNMLOLNHGGFAX96DA,182.13,20.52,0.0,無,
馬公市,土地,案山段236地號,23.69,都市：其他:住宅區,,,1100514,土地1建物0車位0,,,其他,,,,0.0,0,0,0,有,無,690090,29130,,0.0,0,政府機關標讓售；,RPVNMLPLNHGGFAX57EA,0.0,0.0,0.0,無,
西嶼鄉,土地,內垵二段119地號,73.69,,鄉村區,乙種建築用地,1100420,土地1建物0車位0,,,其他,,,,0.0,0,0,0,有,無,189500,2572,,0.0,0,,RPPNMLQLMHGGFAX96EA,0.0,0.0,0.0,無,049
馬公市,房地(土地+建物),文光路３３巷７號,93.73,都市：其他:住宅區,,,1100419,土地1建物1車位0,全,三層,透天厝,住家用,鋼筋混凝土造,1021106,210.77,5,2,5,有,無,12520000,59401,,0.0,0,,RPWNMLTKMHGGFAX77DA,196.17,14.6,0.0,無,050
馬公市,土地,光華段223地號,2975.56,,一般農業區,農牧用地,1100406,土地2建物0車位0,,,其他,,,,0.0,0,0,0,有,無,30000000,10082,,0.0,0,,RPSNMLKLNHGGFAX66DA,0.0,0.0,0.0,無,
馬公市,土地,埕西段726地號,1.03,都市：其他:住宅區,,,1100520,土地1建物0車位0,,,其他,,,,0.0,0,0,0,有,無,200000,194175,,0.0,0,,RPOOMLPLNHGGFAX86DA,0.0,0.0,0.0,無,
馬公市,房地(土地+建物),西文澳９２之１６號,49.39,都市：其他:住宅區,,,1100505,土地1建物1車位0,全,二層,透天厝,住家用,鋼筋混凝土加強磚造,0690913,53.3,3,1,2,有,無,1316690,24703,,0.0,0,親友、員工、共有人或其他特殊關係間之交易；,RPWNMLPLNHGGFAX57DA,53.3,0.0,0.0,無,
馬公市,土地,五福段127地號,1002.92,,一般農業區,農牧用地,1100517,土地1建物0車位0,,,其他,,,,0.0,0,0,0,有,無,63050000,62866,,0.0,0,本案權利人數:4人。此為農變建變更起造人含未來興建房屋4棟費用。,RPTNMLKLNHGGFAX76DA,0.0,0.0,0.0,無,051
馬公市,土地,中衛段122地號,330.58,都市：其他:乙種工業區,,,1100428,土地1建物0車位0,,,其他,,,,0.0,0,0,0,有,無,4723180,14288,,0.0,0,,RPUNMLSLMHGGFAX57DA,0.0,0.0,0.0,無,
馬公市,土地,六合段613地號,1085.61,都市：其他:農業區,,,1100419,土地2建物0車位0,,,其他,,,,0.0,0,0,0,有,無,19950000,18377,,0.0,0,,RPUNMLLLMHGGFAX86DA,0.0,0.0,0.0,無,
馬公市,土地,六合段613-3地號,220.45,都市：其他:農業區,,,1100419,土地1建物0車位0,,,其他,,,,0.0,0,0,0,有,無,4050000,18372,,0.0,0,,RPVNMLLLMHGGFAX96DA,0.0,0.0,0.0,無,
西嶼鄉,土地,竹灣段213地號,311.29,,一般農業區,甲種建築用地,1100422,土地1建物0車位0,,,其他,,,,0.0,0,0,0,有,無,2500000,8031,,0.0,0,親友、員工、共有人或其他特殊關係間之交易；未登記建物；,RPROMLNJNHGGFAX76DA,0.0,0.0,0.0,無,
馬公市,房地(土地+建物),中華路１１７號,39.5,都市：其他:住宅區,,,1100420,土地1建物1車位0,全,四層,透天厝,住商用,鋼筋混凝土造,0760526,127.07,4,2,4,有,無,5000000,39348,,0.0,0,親友、員工、共有人或其他特殊關係間之交易；,RPRNMLKLMHGGFAX09DA,127.07,0.0,0.0,無,
馬公市,土地,馬公段1879-19地號,51.77,都市：其他:住宅區,,,1100420,土地1建物0車位0,,,其他,,,,0.0,0,0,0,有,無,4000000,77265,,0.0,0,親友、員工、共有人或其他特殊關係間之交易；,RPSNMLKLMHGGFAX56DA,0.0,0.0,0.0,無,
馬公市,房地(土地+建物),西文澳７８之２號,76.98,都市：其他:住宅區,,,1100315,土地1建物1車位0,全,二層,透天厝,住家用,鋼筋混凝土加強磚造,0730424,102.49,3,2,2,有,無,6500000,63421,,0.0,0,,RPUNMLQKLHGGFAX17DA,102.49,0.0,0.0,無,
馬公市,房地(土地+建物),頭掛３１６之３號,230.05,,一般農業區,甲種建築用地,1091207,土地2建物1車位0,全,三層,透天厝,住家用,鋼筋混凝土造,1071217,241.06,5,1,5,有,無,8500000,35261,,0.0,0,,RPTNMLLLNHGGFAX86DA,224.99,16.07,0.0,無,
馬公市,房地(土地+建物),文光路１００巷１１號,57.0,都市：其他:住宅區,,,1100514,土地1建物1車位0,全,二層,透天厝,住家用,鋼筋混凝土加強磚造,0650918,72.0,3,2,2,有,無,3600000,50000,,0.0,0,,RPUNMLPLNHGGFAX37DA,72.0,0.0,0.0,無,
馬公市,房地(土地+建物),烏崁１２８之２３號,105.14,,鄉村區,乙種建築用地,1100427,土地1建物1車位0,全,三層,透天厝,住家用,鋼筋混凝土造,0860913,171.86,5,2,3,有,無,4760000,27697,,0.0,0,,RPXNMLPLNHGGFAX67DA,162.37,9.49,0.0,無,052
馬公市,房地(土地+建物),新村路２號,40.0,都市：其他:商業區,,,1091231,土地1建物1車位0,全,四層,透天厝,住商用,鋼筋混凝土造,0680522,168.7,6,2,3,有,無,3000000,17783,,0.0,0,親友、員工、共有人或其他特殊關係間之交易；,RPQOMLPLNHGGFAX07DA,168.7,0.0,0.0,無,
馬公市,土地,興崁段1073-9地號,345.42,,一般農業區,甲種建築用地,1100512,土地2建物0車位0,,,其他,,,,0.0,0,0,0,有,無,9300000,26924,,0.0,0,本買賣含未來興建房屋之費用土地交易案件之價格含未來興建房屋成本；,RPPNMLMKNHGGFAX09DA,0.0,0.0,0.0,無,
馬公市,土地,山水西段494地號,468.0,,一般農業區,農牧用地,1100526,土地1建物0車位0,,,其他,,,,0.0,0,0,0,有,無,6600000,14103,,0.0,0,,RPXNMLQLNHGGFAX77DA,0.0,0.0,0.0,無,024
湖西鄉,土地,沙港南段924地號,3.0,,一般農業區,農牧用地,1100520,土地1建物0車位0,,,其他,,,,0.0,0,0,0,有,無,11580,3860,,0.0,0,係為建案因變更設計，土地持分之調整。親友、員工、共有人或其他特殊關係間之交易；,RPTOMLRLNHGGFAX57DA,0.0,0.0,0.0,無,054
馬公市,土地,五福段35地號,1422.02,,一般農業區,農牧用地,1100319,土地1建物0車位0,,,其他,,,,0.0,0,0,0,有,無,13600000,9564,,0.0,0,,RPVNMLSKNHGGFAX67DA,0.0,0.0,0.0,無,
湖西鄉,土地,沙港南段924地號,2.5,,一般農業區,農牧用地,1100520,土地1建物0車位0,,,其他,,,,0.0,0,0,0,有,無,9645,3858,,0.0,0,係為建案因變更設計，土地持分之調整。親友、員工、共有人或其他特殊關係間之交易；,RPQOMLRLNHGGFAX27DA,0.0,0.0,0.0,無,054
湖西鄉,土地,沙港南段924地號,1.75,,一般農業區,農牧用地,1100520,土地1建物0車位0,,,其他,,,,0.0,0,0,0,有,無,6708,3833,,0.0,0,係為建案因變更設計，土地持分之調整。親友、員工、共有人或其他特殊關係間之交易；,RPROMLRLNHGGFAX37DA,0.0,0.0,0.0,無,054
馬公市,土地,中衛段122-1地號,523.31,都市：其他:工業區,,,1100428,土地1建物0車位0,,,其他,,,,0.0,0,0,0,有,無,7476820,14288,,0.0,0,,RPPNMLTLMHGGFAX17DA,0.0,0.0,0.0,無,
湖西鄉,土地,沙港南段924地號,2.75,,一般農業區,農牧用地,1100520,土地1建物0車位0,,,其他,,,,0.0,0,0,0,有,無,10588,3850,,0.0,0,係為建案因變更設計，土地持分之調整。親友、員工、共有人或其他特殊關係間之交易；,RPSOMLRLNHGGFAX47DA,0.0,0.0,0.0,無,054
湖西鄉,土地,龍門南段693地號,350.73,,一般農業區,農牧用地,1100517,土地1建物0車位0,,,其他,,,,0.0,0,0,0,有,無,420876,1200,,0.0,0,,RPTNMLQLNHGGFAX47EA,0.0,0.0,0.0,無,
馬公市,房地(土地+建物),文光路１６４巷９號,96.73,都市：其他:住宅區,,,1100519,土地1建物1車位0,全,二層,透天厝,住家用,鋼筋混凝土加強磚造,0600120,96.38,4,3,4,有,無,6000000,62254,,0.0,0,,RPVOMLRLNHGGFAX77DA,96.38,0.0,0.0,無,
馬公市,土地,北極段63地號,762.2,都市：其他:道路用地,,,1100427,土地2建物0車位0,,,其他,,,,0.0,0,0,0,有,無,18000000,23616,,0.0,0,,RPSNMLSLNHGGFAX47DA,0.0,0.0,0.0,無,
馬公市,房地(土地+建物)+車位,貿商街１２２號六樓之三,28.82,都市：其他:住宅區,,,1100421,土地2建物1車位1,六層,十四層,住宅大樓(11層含以上有電梯),集合住宅,鋼筋混凝土造,0950710,177.19,3,2,2,有,有,5700000,32169,坡道平面,0.0,0,,RPTNMLSLNHGGFAX57DA,96.71,0.0,10.96,有,058
馬公市,房地(土地+建物)+車位,貿商街１３６號八樓之二,30.41,都市：其他:住宅區,,,1100505,土地2建物1車位1,八層,十四層,住宅大樓(11層含以上有電梯),集合住宅,鋼筋混凝土造,0950710,186.73000000000002,3,2,2,有,有,5850000,31329,坡道平面,0.0,0,,RPUNMLSLNHGGFAX67DA,101.63,0.0,11.74,有,059
馬公市,土地,安宅段699-1地號,486.81,,一般農業區,甲種建築用地,1100521,土地2建物0車位0,,,其他,,,,0.0,0,0,0,有,無,5000000,10271,,0.0,0,,RPPNMLLMNHGGFAX56DA,0.0,0.0,0.0,無,
湖西鄉,土地,沙港南段924地號,2.5,,一般農業區,農牧用地,1100520,土地1建物0車位0,,,其他,,,,0.0,0,0,0,有,無,9610,3844,,0.0,0,係為建案因變更設計，土地持分之調整親友、員工、共有人或其他特殊關係間之交易；,RPUNMLLMNHGGFAX07DA,0.0,0.0,0.0,無,054
湖西鄉,土地,沙港南段924地號,2.0,,一般農業區,農牧用地,1100520,土地1建物0車位0,,,其他,,,,0.0,0,0,0,有,無,7676,3838,,0.0,0,係為建案因變更設計，土地持分之調整。親友、員工、共有人或其他特殊關係間之交易；,RPVNMLLMNHGGFAX17DA,0.0,0.0,0.0,無,054
馬公市,房地(土地+建物),文昌街１７號,50.53,都市：其他:住宅區,,,1100420,土地1建物1車位0,一層，夾層,五層,華廈(10層含以下有電梯),店舖，集合住宅,鋼筋混凝土造,0890111,170.04,5,2,3,有,有,8500000,49988,,0.0,0,,RPVNMLSLNHGGFAX77DA,152.16,0.0,0.0,有,
湖西鄉,土地,湖西南段1042-1地號,500.13,,一般農業區,農牧用地,1100520,土地1建物0車位0,,,其他,,,,0.0,0,0,0,有,無,2600000,5199,,0.0,0,,RPXNMLRLNHGGFAX87DA,0.0,0.0,0.0,無,
馬公市,土地,文石段192地號,1527.13,,一般農業區,農牧用地,1100323,土地1建物0車位0,,,其他,,,,0.0,0,0,0,有,無,18320000,11996,,0.0,0,,RPWNMLLMNHGGFAX27DA,0.0,0.0,0.0,無,
馬公市,土地,文石段826地號,552.82,,一般農業區,農牧用地,1100416,土地3建物0車位0,,,其他,,,,0.0,0,0,0,有,無,7650000,13838,,0.0,0,包含公共設施保留地用地；,RPXNMLLMNHGGFAX37DA,0.0,0.0,0.0,無,062
西嶼鄉,土地,內垵三段674地號,349.16,,鄉村區,乙種建築用地,1100517,土地1建物0車位0,,,其他,,,,0.0,0,0,0,有,無,1870000,5356,,0.0,0,,RPTNMLPLNHGGFAX27DA,0.0,0.0,0.0,無,
馬公市,土地,五福段962地號,115.31,,鄉村區,乙種建築用地,1100528,土地1建物0車位0,,,其他,,,,0.0,0,0,0,有,無,3488000,30249,,0.0,0,,RPUNMLMJOHGGFAX96DA,0.0,0.0,0.0,無,
馬公市,土地,五福段963地號,140.52,,鄉村區,乙種建築用地,1100528,土地1建物0車位0,,,其他,,,,0.0,0,0,0,有,無,4250000,30245,,0.0,0,,RPVNMLMJOHGGFAX07DA,0.0,0.0,0.0,無,
馬公市,土地,埕東段807-1地號,123.35,都市：其他:住宅區,,,1100512,土地2建物0車位0,,,其他,,,,0.0,3,2,2,有,無,6800000,55128,,0.0,0,未登記建物；,RPOOMLMJOHGGFAX09DA,0.0,0.0,0.0,無,
馬公市,房地(土地+建物),光明路１之７８號,26.0,都市：其他:商業區,,,1100502,土地1建物1車位0,全,四層,透天厝,住商用,鋼筋加強紅磚,0610130,82.08,3,1,2,有,無,3600000,43860,,0.0,0,,RPSNMLNJOHGGFAX86DA,82.08,0.0,0.0,無,
馬公市,土地,鎖港南段363-1地號,330.0,,一般農業區,農牧用地,1100601,土地1建物0車位0,,,其他,,,,0.0,0,0,0,有,無,3693000,11191,,0.0,0,,RPSNMLOJOHGGFAX96DA,0.0,0.0,0.0,無,
湖西鄉,土地,鼎灣新段788地號,1058.28,,一般農業區,農牧用地,1100602,土地1建物0車位0,,,其他,,,,0.0,0,0,0,有,無,36740000,34717,,0.0,0,權利人為5人含未來5戶興建房屋價款土地交易案件之價格含未來興建房屋成本；,RPTNMLOJOHGGFAX07DA,0.0,0.0,0.0,無,063
白沙鄉,土地,小赤段77地號,14.21,,一般農業區,農牧用地,1100517,土地1建物0車位0,,,其他,,,,0.0,0,0,0,有,無,120000,8445,,0.0,0,,RPTNMLMJOHGGFAX86DA,0.0,0.0,0.0,無,
七美鄉,土地,大嶼段4136地號,338.22,,一般農業區,農牧用地,1100125,土地2建物0車位0,,,其他,,,,0.0,0,0,0,有,無,415000,1227,,0.0,0,親友、員工、共有人或其他特殊關係間之交易；,RPUNMLQLNHGGFAX47DA,0.0,0.0,0.0,無,
七美鄉,土地,七美三段1960地號,510.69,,一般農業區,農牧用地,1100125,土地1建物0車位0,,,其他,,,,0.0,0,0,0,有,無,504000,987,,0.0,0,親友、員工、共有人或其他特殊關係間之交易；,RPVNMLQLNHGGFAX57DA,0.0,0.0,0.0,無,
七美鄉,土地,七美三段1732地號,138.99,,一般農業區,交通用地,1090801,土地6建物0車位0,,,其他,,,,0.0,0,0,0,有,無,160000,1151,,0.0,0,親友、員工、共有人或其他特殊關係間之交易；,RPWNMLQLNHGGFAX67DA,0.0,0.0,0.0,無,
馬公市,房地(土地+建物),西文澳８４之２７號,166.76,都市：其他:住宅區,,,1091013,土地1建物1車位0,全,五層,透天厝,住商用,鋼筋混凝土造,0681124,539.11,19,4,17,有,無,12000000,22259,,0.0,0,親友、員工、共有人或其他特殊關係間之交易；,RPPNMLMJOHGGFAX56EA,539.11,0.0,0.0,無,
望安鄉,建物,望安111號,0.0,,,,1100315,土地0建物1車位0,全,一層,透天厝,住家用,造,0140000,34.16,2,1,0,有,無,66000,1932,,0.0,0,地清或未辦繼承標售；,RPRNMLOJOHGGFAX96EA,34.16,0.0,0.0,無,
馬公市,土地,馬公段293地號,539.0,都市：其他:道路用地,,,1100311,土地2建物0車位0,,,其他,,,,0.0,0,0,0,有,無,47188000,87547,,0.0,0,併案申報登記案件連件辦理依土地法第34條之1處分,RPTNMLLJOHGGFAX76DA,0.0,0.0,0.0,無,
馬公市,土地,鎖港南段914地號,37.41,都市：其他:住宅區,,,1100522,土地1建物0車位0,,,其他,,,,0.0,0,0,0,有,無,550000,14702,,0.0,0,增值稅由買方負擔,RPSNMLOLNHGGFAX07DA,0.0,0.0,0.0,無,
湖西鄉,房地(土地+建物),鼎灣９之１號,124.2,,鄉村區,乙種建築用地,1100517,土地1建物1車位0,全,三層,透天厝,住家用,鋼筋混凝土造,0940801,192.09,5,2,4,有,無,4500000,23427,,0.0,0,,RPPNMLTKNHGGFAX17DA,182.19,9.9,0.0,無,
湖西鄉,土地,龍門北段872地號,206.31,,鄉村區,乙種建築用地,1100531,土地1建物0車位0,,,其他,,,,0.0,0,0,0,有,無,1100000,5332,,0.0,0,,RPSNMLMJOHGGFAX76DA,0.0,0.0,0.0,無,
西嶼鄉,土地,竹灣段120地號,1059.53,,一般農業區,甲種建築用地,1100423,土地1建物0車位0,,,其他,,,,0.0,0,0,0,有,無,3610000,3407,,0.0,0,,RPWNMLSLNHGGFAX87DA,0.0,0.0,0.0,無,
馬公市,房地(土地+建物),五福路１３８巷３３號,108.59,,一般農業區,甲種建築用地,1100524,土地2建物1車位0,全,三層,透天厝,住家用,鋼筋混凝土造,0870525,172.83,3,1,2,有,無,5100000,29509,,0.0,0,,RPPNMLNJOHGGFAX66EA,147.9,24.93,0.0,無,
馬公市,土地,文東段1823地號,43.98,,一般農業區,水利用地,1100521,土地1建物0車位0,,,其他,,,,0.0,0,0,0,有,無,624956,14210,,0.0,0,政府機關標讓售；,RPVNMLRJOHGGFAX57DA,0.0,0.0,0.0,無,
