﻿編號,土地位置,土地移轉面積(平方公尺),使用分區或編定,權利人持分分母,權利人持分分子,移轉情形,地號
The serial number, land position,land shifting area square meter,the use zoning or compiles and checks,,,,land parcel
RPOPMLNKKIGGFIB77CC,中華段,6.45,都市：住,,,,09030000
RPTPMLNKKIGGFIB28CC,仁化段,25.10,都市：住,,,,08050000
RPQNMLMKKIGGFIB67CC,北新段,14.16,都市：住,,,,10490000
RPTPMLNKKIGGFIB28CC,仁化段,13.42,都市：住,,,,08070000
RPUPMLNKKIGGFIB38CC,喬城段,23.33,都市：住,,,,08160000
RPSRMLMKKIGGFCB67CC,福順段,9.59,都市：住,,,,00910000
RPSRMLMKKIGGFCB67CC,福順段,5.44,都市：住,,,,01080000
RPVPMLNKKIGGFIB48CC,大忠段,26.13,都市：住,,,,01980000
RPVNMLNKKIGGFIB28CC,東湖段,25.21,都市：住,,,,04210000
RPTNMLNKKIGGFKB28CC,忠和段,165.29,都市：農,,,,22810003
RPRNMLNKKIGGFKB08CC,田水段,43.14,都市：住,,,,09920000
RPSNMLNKKIGGFFB67CC,大庄段大庄小段,21.07,都市：住,,,,00140070
RPRNMLNKKIGGFFB57CC,晉江北段,8.98,都市：住,,,,01080000
RPQOMLNKKIGGFFB57CC,晉江北段,28.48,都市：住,,,,01080000
RPOQMLNKKIGGFFB57CC,晉江北段,203.01,都市：住,,,,04280000
RPPPMLNKKIGGFFB57CC,晉江北段,8.98,都市：住,,,,01080000
RPRPMLNKKIGGFFB77CC,晉江北段,4.78,都市：住,,,,01080000
RPSPMLNKKIGGFFB87CC,市鎮北段,13.96,都市：商,,,,00420000
RPRQMLNKKIGGFFB87CC,市鎮北段,18.11,都市：商,,,,00420000
RPWNMLNKKIGGFHB28CC,自強段,.00,非都市：特定農業區 ; 非都市編定：甲種建築用地,,,,07920005
RPXNMLNKKIGGFHB38CC,大明段,24.87,都市：住,,,,02480000
RPPOMLNKKIGGFHB67CC,三和段,8.67,都市：住,,,,10870010
RPXPMLNKKIGGFFB38CC,晉江北段,8.98,都市：住,,,,01080000
RPQNMLNKKIGGFHB67CC,四德段,.00,都市：住,,,,01820000
RPTOMLNKKIGGFCB57CC,中仁段,3.69,都市：商,,,,03410000
RPQPMLNKKIGGFCB37CC,上石碑段,.00,都市：住,,,,18140000
RPVPMLNKKIGGFCB87CC,大新段,6.51,都市：住,,,,05290000
RPOSMLNKKIGGFCB47CC,上石碑段,.00,都市：住,,,,21110000
RPRQMLNKKIGGFCB57CC,下石碑段,36.00,都市：住,,,,05260000
RPVSMLNKKIGGFCB18CC,何厝段,.00,都市：住,,,,02460008
RPTRMLNKKIGGFCB87CC,何厝段,.00,都市：住,,,,02460008
RPTPMLNKKIGGFBB57CC,平田段,16.50,都市：住,,,,02440000
RPWQMLNKKIGGFBB97CC,東光段,13.81,都市：住,,,,00560000
RPQSMLNKKIGGFCB67CC,惠民段,14.09,都市：其他:新市政中心專用區,,,,01430001
RPXWNLOKKIGGFBB88CC,北屯段,6.94,都市：住,,,,01440004
RPRUNLOKKIGGFBB08CC,東山段,.00,都市：住,,,,03600004
RPPOOLOKKIGGFBB37CC,東峰段,5.50,都市：商,,,,00160000
RPTSMLNKKIGGFCB97CC,黎明段,12.69,都市：住,,,,02550000
RPTNMLOKKIGGFCB57CC,惠信段,2.65,都市：住,,,,00760000
RPWQMLOKKIGGFCB18CC,埔興段,.00,都市：住,,,,11710000
RPUQMLOKKIGGFCB97CC,大墩段,10.91,都市：住,,,,04110000
RPRNMLOKKIGGFHB87CC,三和段,57.00,都市：其他:空白,,,,02340118
RPOOMLOKKIGGFCB17CC,中正段,.00,都市：住,,,,01550000
RPROOLOKKIGGFBB57CC,錦村段,3.42,都市：住,,,,01460007
RPROOLOKKIGGFBB57CC,錦村段,1.89,都市：住,,,,01460132
RPTOMLOKKIGGFDB77CC,成功段,266.15,都市：住,,,,01250001
RPWOMLOKKIGGFJB68CC,福平段,90.00,都市：住,,,,00530000
RPRRMLOKKIGGFCB77CC,福安段,.00,都市：住,,,,06730008
RPVNMLOKKIGGFFB08CC,市鎮北段,.00,都市：商,,,,01180000
RPPQMLPKKIGGFIB18CC,新榮泉段,27.82,都市：住,,,,01420000
RPTOMLPKKIGGFFB08CC,晉江北段,8.23,都市：住,,,,01080000
RPQQMLOKKIGGFIB18CC,中興段,13.25,都市：商,,,,02010000
RPOOMLOKKIGGFHB67CC,上楓段,19.95,都市：住,,,,11580000
RPPOMLOKKIGGFJB97CC,麗園段,91.61,非都市：鄉村區 ; 非都市編定：乙種建築用地,,,,03590000
RPPNMLPKKIGGFHB77CC,自強段,1797.00,非都市：特定農業區 ; 非都市編定：農牧用地,,,,10100000
RPPNMLPKKIGGFHB77CC,自強段,2111.00,非都市：特定農業區 ; 非都市編定：農牧用地,,,,10110000
RPUOMLPKKIGGFFB18CC,市鎮北段,8.51,都市：商,,,,02950000
RPOOMLQKKIGGFCB37CC,信安段,.00,都市：住,,,,07240002
RPXPMLPKKIGGFCB28CC,國安段,30.42,都市：住,,,,06010000
RPUOMLQKKIGGFCB97CC,惠民段,.00,非都市： ; 非都市編定：,,,,01430001
RPQOMLQKKIGGFCB57CC,大新段,7.33,都市：住,,,,05290000
RPXQMLQKKIGGFCB48CC,惠國段,19.90,都市：其他:新市政中心專用區,,,,01840000
RPSNMLQKKIGGFCB67CC,何厝段,7.44,都市：其他:市場用地,,,,02610010
RPURMLQKKIGGFCB28CC,何厝段,.00,都市：住,,,,02460008
RPSRMLQKKIGGFCB08CC,國安段,26.37,都市：住,,,,05990000
RPRRMLQKKIGGFCB97CC,大進段,9.36,都市：住,,,,06170000
RPXRMLQKKIGGFCB58CC,黎明段,.00,都市：住,,,,03530000
RPRNMLQKKIGGFHB08CC,三和段,8.41,都市：住,,,,10870011
RPQQMLQKKIGGFCB77CC,惠民段,17.31,都市：其他:新市政中心專用區,,,,01390000
RPWNMLQKKIGGFFB38CC,晉江北段,8.98,都市：住,,,,01080000
RPPQMLQKKIGGFCB67CC,惠民段,15.26,都市：其他:新市政中心專用區,,,,01390000
RPSNMLQKKIGGFFB97CC,鹿峰東段,36.44,都市：住,,,,17250000
RPPOMLQKKIGGFFB77CC,南簡段,21.50,都市：住,,,,05350000
RPQOMLQKKIGGFJB28CC,壽平段,72.00,都市：住,,,,07680012
RPQOMLQKKIGGFJB28CC,壽平段,12.00,都市：住,,,,07680008
RPQOMLQKKIGGFIB18CC,新仁段,113.00,都市：住,,,,05010007
RPWNMLQKKIGGFKB88CC,新東段,25.35,非都市：鄉村區 ; 非都市編定：乙種建築用地,,,,04890000
RPWNMLQKKIGGFCB18DC,惠民段,21.23,都市：其他:第六種新市政中心專用區,,,,00160000
RPTNMLQKKIGGFJB58DC,宜欣段,5.02,都市：住,,,,21440000
RPTNMLRKKIGGFJB58CC,新興段,16.49,都市：住,,,,00230000
RPRNMLRKKIGGFIB28CC,湖日段,39.07,都市：住,,,,09030000
RPRNMLQKKIGGFKB38CC,新庄段,37.98,非都市：一般農業區 ; 非都市編定：丙種建築用地,,,,00390000
RPXOMLRKKIGGFIB98CC,峰西段,4.43,都市：商,,,,02710000
RPXNMLQKKIGGFKB98CC,新庄段,33.45,非都市：鄉村區 ; 非都市編定：乙種建築用地,,,,05470000
RPWNMLRKKIGGFCB18CC,惠民段,16.02,都市：其他:新市政中心專用區,,,,01430001
RPUNMLQKKIGGFJB68DC,宜欣段,9.09,都市：住,,,,19130005
RPOOMLRKKIGGFCB47CC,惠民段,15.14,都市：其他:新市政中心專用區,,,,01380000
RPPOMLRKKIGGFCB57CC,惠民段,10.02,都市：其他:新市政中心專用區,,,,01110000
RPUPMLRKKIGGFCB18CC,中仁段,103.90,都市：住,,,,02520000
RPOQMLRKKIGGFCB67CC,何厝段,.00,都市：住,,,,02460008
RPUQMLRKKIGGFCB28CC,福安段,8.90,都市：住,,,,02250000
RPPRMLRKKIGGFCB87CC,西屯段,.00,都市：住,,,,20320001
RPQPMLRKKIGGFBB67CC,賴厝?段,3.00,都市：住,,,,03400011
RPUOMLRKKIGGFAB87CC,平等段三小段,6.91,都市：商,,,,00480000
RPUOMLRKKIGGFAB87CC,平等段三小段,.15,都市：商,,,,00480013
RPTOMLRKKIGGFAB77CC,練武段,.00,都市：住,,,,05560000
RPQOMLRKKIGGFCB67CC,惠民段,12.85,都市：其他:新市政中心專用區,,,,00110000
RPTPMLRKKIGGFAB87CC,下橋子頭段,15.28,都市：住,,,,01630011
RPVNMLRKKIGGFBB97CC,陳平段,.00,都市：住,,,,19260000
RPWNMLRKKIGGFBB08CC,東信段,.00,都市：住,,,,01640000
RPUPMLRKKIGGFAB97CC,下橋子頭段,12.54,都市：住,,,,02750002
RPPNMLSKKIGGFKB38CC,文昌段,40.00,都市：住,,,,20960000
RPQNMLSKKIGGFKB48CC,福利段,16.53,都市：商,,,,01970000
RPOOMLKLKIGGFFB17CC,市鎮北段,17.69,都市：商,,,,03900000
RPSQMLKLKIGGFCB47CC,豐樂段,.00,都市：住,,,,04490000
RPUSMLLLKIGGFCB97CC,中正段,9.00,都市：商,,,,01550000
RPVNMLKLKIGGFCB47CC,西屯段,.00,都市：住,,,,07020000
RPVPMLRKKIGGFAB08CC,旱新段,.02,都市：商,,,,08090000
RPPNNLLLKIGGFCB07CC,國安段,.00,都市：住,,,,05930491
RPPSMLLLKIGGFCB47CC,中正段,6.74,都市：住,,,,01550000
RPPONLLLKIGGFCB17CC,國安段,29.08,都市：住,,,,05990000
RPRTNLLLKIGGFCB87CC,大新段,20.58,都市：住,,,,01870000
RPVTMLLLKIGGFCB18CC,民安段,10.00,都市：住,,,,11010000
RPXOMLLLKIGGFBB77CC,錦村段,.00,都市：住,,,,03290163
RPTTNLLLKIGGFCB08CC,中和段,7.19,都市：商,,,,04190000
RPORMLLLKIGGFBB17CC,文正段,.00,都市：商,,,,00170031
RPORMLLLKIGGFBB17CC,文正段,.00,都市：商,,,,00170033
RPQOMLLLKIGGFKB97CC,萬陵段,.00,非都市：鄉村區 ; 非都市編定：乙種建築用地,,,,02900000
RPUPNLLLKIGGFCB77CC,田心段,7.37,都市：住,,,,05820000
RPVNMLLLKIGGFJB28CC,宜欣段,12.21,都市：住,,,,11920000
RPRNMLMLKIGGFFB57CC,晉江北段,8.98,都市：住,,,,01080000
RPTNMLMLKIGGFFB77CC,市鎮北段,15.12,都市：商,,,,00120000
RPTOMLMLKIGGFFB87CC,民生段,597.00,都市：工,,,,03090000
RPTOMLMLKIGGFFB87CC,民生段,133.00,都市：其他:道路,,,,03090004
RPTOMLMLKIGGFFB87CC,民生段,329.00,都市：工,,,,03090005
RPTOMLMLKIGGFFB87CC,民生段,537.00,都市：工,,,,03100000
RPTOMLMLKIGGFFB87CC,民生段,173.00,都市：其他:道路,,,,03100001
RPTOMLMLKIGGFFB87CC,民生段,1121.00,都市：工,,,,03100002
RPTOMLMLKIGGFFB87CC,民生段,109.00,都市：其他:道路,,,,03100003
RPVOMLMLKIGGFFB08CC,國昌段,208.65,都市：住,,,,02430000
RPSNMLMLKIGGFDB47CC,福興段,222.63,都市：農,,,,11230006
RPSNMLMLKIGGFDB47CC,福興段,366.89,都市：農,,,,11230007
RPQNMLMLKIGGFFB47CC,晉江北段,4.78,都市：住,,,,01080000
RPRNMLMLKIGGFKB18DC,文昌段,2439.00,都市：工,,,,05620000
RPQOMLMLKIGGFBB17CC,太原段,16.42,都市：住,,,,01000000
RPOPMLMLKIGGFFB47CC,市鎮北段,.00,都市：商,,,,03900000
RPSQMLMLKIGGFAB47CC,後?子段,.00,都市：商,,,,01480003
RPSQMLMLKIGGFAB47CC,後?子段,.00,都市：商,,,,01480096
RPSQMLMLKIGGFAB47CC,後?子段,.00,都市：商,,,,01490006
RPVOMLMLKIGGFCB77CC,西屯段,.00,都市：住,,,,20320041
RPUNMLMLKIGGFHB08CC,三和段,8.41,都市：住,,,,10870011
RPVRMLMLKIGGFCB08CC,國安段,27.65,都市：住,,,,06010000
RPOSMLMLKIGGFCB47CC,龍富段,.00,都市：住,,,,00860000
RPQSMLMLKIGGFCB67CC,國安段,4.34,都市：住,,,,01950000
RPPQMLNLKIGGFCB47CC,惠信段,13.34,都市：住,,,,00630000
RPSOMLNLKIGGFCB57CC,國安段,.00,都市：住,,,,05990000
RPRRMLNLKIGGFCB77CC,福安段,.00,都市：住,,,,08040000
RPOSMLNLKIGGFCB57CC,大墩段,10.72,都市：住,,,,04630000
RPWRMLNLKIGGFCB28CC,大新段,9.81,都市：商,,,,03710000
RPPPMLMLKIGGFCB27CC,上石碑段,6.85,都市：住,,,,27410000
RPTOMLNLKIGGFBB57CC,北屯段,.00,都市：住,,,,01330000
RPPRMLNLKIGGFCB57CC,福安段,.00,都市：住,,,,05740001
RPVRMLNLKIGGFCB18CC,何厝段,.00,都市：住,,,,02460008
RPSPMLNLKIGGFBB57CC,長安段,20.69,都市：住,,,,01410000
RPSPMLNLKIGGFBB57CC,長安段,1.69,都市：住,,,,01420000
RPWOMLNLKIGGFBB87CC,邱厝子段,.00,都市：住,,,,00190057
RPPSMLNLKIGGFCB67CC,中仁段,17.08,都市：住,,,,03620000
RPSQMLNLKIGGFCB87DC,大新段,.00,都市：商,,,,03590000
RPTQMLNLKIGGFCB97DC,大新段,.00,都市：商,,,,03590000
RPVNMLNLKIGGFHB28CC,甘潭段,8.24,都市：住,,,,05420000
RPSOMLNLKIGGFFB87CC,?榔段,84.00,都市：住,,,,01220024
RPQNMLNLKIGGFKB08CC,新庄段,20.65,非都市：鄉村區 ; 非都市編定：乙種建築用地,,,,05470000
RPPOMLOLKIGGFIB97CC,立仁段,95.55,非都市：鄉村區 ; 非都市編定：乙種建築用地,,,,10530000
RPWPMLNLKIGGFIB68CC,仁化段,12.75,都市：住,,,,02840000
RPPOMLNLKIGGFFB57CC,晉江北段,8.98,都市：住,,,,01080000
RPVPMLOLKIGGFIB68CC,長春段,11.08,都市：住,,,,07690000
RPWNMLOLKIGGFKB78CC,遊園段,.00,非都市：鄉村區 ; 非都市編定：乙種建築用地,,,,06710000
RPRNMLOLKIGGFKB28CC,遊園段,.00,非都市：鄉村區 ; 非都市編定：乙種建築用地,,,,06580000
RPQQMLOLKIGGFFB97CC,居仁段,6.71,都市：住,,,,07100000
RPQQMLOLKIGGFFB97CC,居仁段,6.67,都市：住,,,,07090000
RPQQMLOLKIGGFFB97CC,居仁段,4.47,都市：住,,,,07070000
RPOPMLOLKIGGFIB97CC,新義段,27.09,都市：住,,,,00850000
RPQPMLOLKIGGFIB18CC,仁化段,11.40,都市：住,,,,07950000
RPOOMLOLKIGGFHB77CC,雅潭段,.00,都市：商,,,,03950000
RPPNMLOLKIGGFDB37CC,豐原段,296.27,都市：住,,,,07360070
RPVNMLOLKIGGFHB38CC,大新段,7.36,都市：住,,,,06880000
RPTQMLOLKIGGFFB28CC,國昌段,37.69,都市：住,,,,04480000
RPRNMLOLKIGGFDB57CC,豐原段,.00,都市：商,,,,07320000
RPQNMLOLKIGGFDB47CC,西湳段,.00,都市：住,,,,04400000
RPTNMLOLKIGGFDB77CC,車路墘段車路墘小段,.00,都市：住,,,,00440003
RPPSMLOLKIGGFBB67CC,仁和段,20.11,都市：住,,,,03130000
RPSOMLOLKIGGFBB57CC,東山段,.00,都市：商,,,,02620000
RPWSMLOLKIGGFBB38CC,文正段,.00,都市：商,,,,00250081
RPWSMLOLKIGGFBB38CC,文正段,.00,都市：商,,,,00250092
RPWSMLOLKIGGFBB38CC,文正段,.00,都市：商,,,,00250093
RPWSMLOLKIGGFBB38CC,文正段,.00,都市：商,,,,00250094
RPWSMLOLKIGGFBB38CC,文正段,.00,都市：商,,,,00270398
RPWSMLOLKIGGFBB38CC,文正段,.00,都市：商,,,,00270399
RPVNMLOLKIGGFAB67CC,柳川段一小段,1.57,都市：商,,,,00040000
RPOQMLOLKIGGFBB37CC,仁美段,.00,都市：住,,,,04080002
RPVNMLOLKIGGFAB67CC,柳川段一小段,.36,都市：商,,,,00040006
RPOQMLOLKIGGFBB37CC,仁美段,.00,都市：住,,,,04080026
RPQOMLOLKIGGFAB27CC,中墩段一小段,.00,都市：商,,,,00130000
RPOOMLOLKIGGFAB07CC,後?子段,.00,都市：住,,,,01490002
RPOOMLOLKIGGFAB07CC,後?子段,.00,都市：商,,,,01490003
RPUNMLOLKIGGFBB67CC,東山段,1.77,都市：商,,,,02620000
RPTOMLOLKIGGFAB57CC,東勢子段,.00,都市：住,,,,00340078
RPUOMLOLKIGGFAB67CC,麻園頭段,.00,都市：住,,,,04250001
RPWOMLOLKIGGFAB87CC,旱清段,13.05,都市：住,,,,03270000
RPTNMLOLKIGGFAB47CC,後?子段,.00,都市：商,,,,00850008
RPRPMLOLKIGGFAB47CC,中華段三小段,1.95,都市：商,,,,00020021
RPSPMLOLKIGGFAB57CC,後?子段,25.31,都市：住,,,,02520142
RPTPMLOLKIGGFAB67CC,後?子段,25.31,都市：住,,,,02520142
RPUPMLOLKIGGFAB77CC,麻園頭段,9.27,都市：住,,,,01880000
RPXOMLOLKIGGFAB97CC,中墩段四小段,.00,都市：商,,,,00250027
RPXOMLOLKIGGFAB97CC,中墩段四小段,.00,都市：商,,,,00250035
RPOOMLOLKIGGFCB27CC,惠信段,12.27,都市：住,,,,00550000
RPPOMLOLKIGGFCB37CC,中義段,38.05,都市：住,,,,04340000
RPSPMLOLKIGGFCB77CC,信安段,24.76,都市：住,,,,06180000
RPOPMLOLKIGGFCB37CC,何安段,.00,都市：住,,,,09730000
RPSNMLOLKIGGFCB57CC,國安段,.00,都市：住,,,,05990000
RPTPMLOLKIGGFCB87CC,豐業段,.00,都市：住,,,,01990000
RPTNMLOLKIGGFCB67CC,西屯段,6.19,都市：住,,,,19150036
RPTNMLRLKIGGFCB97CC,上石碑段,9.40,都市：住,,,,07650000
RPPQMLRLKIGGFCB87CC,國安段,3.84,都市：住,,,,02920002
RPTSMLRLKIGGFCB48CC,惠國段,12.26,都市：其他:第三種新市政專用區,,,,00770000
RPPNMLRLKIGGFAB37CC,下橋子頭段,3.13,都市：商,,,,02170014
RPWNMLRLKIGGFBB18CC,長安段,20.69,都市：住,,,,01410000
RPWNMLRLKIGGFBB18CC,長安段,1.69,都市：住,,,,01420000
RPUPMLRLKIGGFBB18CC,軍福段,18.39,都市：商,,,,00150000
RPSSMLRLKIGGFCB38CC,豐功段,.00,都市：商,,,,01470000
RPRNMLRLKIGGFCB77CC,何安段,.00,都市：住,,,,09730000
RPQNMLRLKIGGFAB47CC,頂橋子頭段,.00,都市：住,,,,00850156
RPVPMLRLKIGGFBB28CC,東山段,24.48,都市：住,,,,01460000
RPRQMLRLKIGGFBB97CC,平田段,140.00,都市：住,,,,03920002
RPTNMLRLKIGGFHB48CC,四德段,76.00,都市：住,,,,01390013
RPSPMLRLKIGGFBB97CC,東義段,.00,都市：住,,,,01020001
RPXQMLRLKIGGFBB58CC,賴厝?段,25.50,都市：住,,,,03240001
RPSQMLRLKIGGFBB08CC,北屯段,14.76,都市：住,,,,03050005
RPXPMLRLKIGGFFB88CC,民權段,.00,都市：住,,,,13580005
RPVNMLRLKIGGFHB68CC,四德段,.00,都市：住,,,,01370009
RPWQMLRLKIGGFFB88CC,市鎮北段,6.37,都市：商,,,,02010000
RPPQMLRLKIGGFBB77CC,東山段,5.63,都市：商,,,,02560000
RPQPMLRLKIGGFIB48CC,五福北段,75.93,非都市：一般農業區 ; 非都市編定：甲種建築用地,,,,10690000
RPXQMLRLKIGGFFB98CC,市鎮北段,16.00,都市：商,,,,00390000
RPVQMLRLKIGGFFB78CC,秀水段秀水小段,29.61,都市：住,,,,00310018
RPXNMLSLKIGGFIB09CC,仁德段,5.59,都市：其他:市場用地,,,,04820000
RPPOMLSLKIGGFHB28CC,大新段,.00,都市：住,,,,08400000
RPROMLSLKIGGFHB48CC,大新段,.00,都市：住,,,,08400000
RPQOMLSLKIGGFHB38CC,大新段,.00,都市：住,,,,08400000
RPQVMLSLKIGGFBB48CC,東山段,.00,都市：住,,,,00450000
RPWVMLSLKIGGFBB09CC,賴厝?段,.29,都市：商,,,,00310003
RPWVMLSLKIGGFBB09CC,邱厝子段,.23,都市：商,,,,00310062
RPRPMLSLKIGGFIB68CC,光日段,.00,都市：商,,,,06160000
RPUOMLSLKIGGFHB78CC,祥和段,.00,都市：住,,,,02200000
RPOWMLSLKIGGFBB38CC,賴厝?段,3.19,都市：商,,,,00310003
RPOWMLSLKIGGFBB38CC,邱厝子段,2.56,都市：商,,,,00310062
RPPWMLSLKIGGFBB48CC,東峰段,6.93,都市：住,,,,01580000
RPQWMLSLKIGGFBB58CC,東峰段,6.84,都市：住,,,,01580000
RPXVMLSLKIGGFBB56CC,賴厝?段,2.95,都市：商,,,,00310003
RPXVMLSLKIGGFBB56CC,邱厝子段,2.37,都市：商,,,,00310062
RPVVMLSLKIGGFBB98CC,賴厝?段,.14,都市：商,,,,00310003
RPVVMLSLKIGGFBB98CC,邱厝子段,.11,都市：商,,,,00310062
RPSWMLSLKIGGFBB78CC,東峰段,11.13,都市：住,,,,01580000
RPVWMLSLKIGGFBB09CC,中清段,8.56,都市：住,,,,00060000
RPWWMLSLKIGGFBB56CC,中清段,8.53,都市：住,,,,00060000
RPOQNLSLKIGGFBB87CC,中興段,.00,都市：住,,,,05300000
RPRWMLSLKIGGFBB68CC,東峰段,6.42,都市：住,,,,01580000
RPUWMLSLKIGGFBB98CC,中清段,8.56,都市：住,,,,00060000
RPWTNLSLKIGGFBB98CC,水源段,.00,都市：商,,,,00030009
RPXNMLSLKIGGFAB28CC,平和段,.00,都市：商,,,,00500000
RPVTNLSLKIGGFBB88CC,乾溝子段,9.49,都市：住,,,,01700049
RPVTNLSLKIGGFBB88CC,乾溝子段,.27,都市：住,,,,01730011
RPPNNLSLKIGGFBB67CC,中清段,8.56,都市：住,,,,00060000
RPQOMLSLKIGGFAB67CC,樹子腳段,.00,都市：住,,,,06280000
RPQOMLSLKIGGFAB67CC,樹子腳段,.00,都市：住,,,,06280010
RPTPMLSLKIGGFAB08CC,土庫段,.00,非都市： ; 非都市編定：,,,,00120000
RPROMLSLKIGGFAB77CC,頂橋子頭段,.00,都市：住,,,,04370015
RPUPMLSLKIGGFAB18CC,麻園頭段,.00,都市：商,,,,00460000
RPXOMLSLKIGGFAB38CC,旱清段,.00,都市：住,,,,02090000
RPSNMLSLKIGGFCB97CC,安和段,.00,都市：工,,,,02160000
RPXOMLSLKIGGFCB58CC,福德段,9.21,都市：商,,,,02080000
RPPQMLSLKIGGFCB97CC,黎明段,18.70,都市：住,,,,18710000
RPWPMLSLKIGGFCB58CC,中正段,39.61,都市：商,,,,01550000
RPSPMLSLKIGGFCB18CC,中正段,6.24,都市：商,,,,01550000
RPPRMLSLKIGGFCB08CC,惠國段,41.32,都市：其他:第六種新市政中心專用區,,,,01700000
RPUQMLSLKIGGFCB48CC,大墩段,.00,都市：住,,,,00150000
RPUPMLSLKIGGFCB38CC,惠國段,47.83,都市：住,,,,00260000
RPPSMLSLKIGGFCB18CC,福順段,.00,都市：住,,,,00910000
RPPSMLSLKIGGFCB18CC,福順段,.00,都市：住,,,,01080000
RPVRMLSLKIGGFCB68CC,下石碑段,.00,都市：住,,,,16920000
RPQSMLSLKIGGFCB28CC,中義段,.00,都市：住,,,,10720000
RPVNMLTLKIGGFCB38CC,國安段,.00,都市：住,,,,05990000
RPPNMLTLKIGGFCB77CC,民安段,.00,都市：住,,,,18860002
RPSOMLTLKIGGFCB18CC,惠禮段,229.69,都市：住,,,,01440000
RPXRMLSLKIGGFCB88CC,廣明段,.00,都市：住,,,,06100000
RPUOMLTLKIGGFCB38CC,田心段,214.00,都市：住,,,,08770011
RPPPMLTLKIGGFCB97CC,田心段,173.00,都市：住,,,,08770006
RPTRMLTLKIGGFCB58CC,惠民段,28.65,都市：商,,,,01390000
RPVOMLTLKIGGFCB48CC,惠禮段,229.69,都市：住,,,,01440000
RPWNMLTLKIGGFAB28CC,大益段,31.25,都市：住,,,,00090017
RPXOMLTLKIGGFCB68CC,田心段,173.00,都市：住,,,,08770006
RPUNMLTLKIGGFAB08CC,下橋子頭段,.00,都市：商,,,,00170013
RPXNMLTLKIGGFAB38CC,平和段,2.60,都市：商,,,,00500000
RPXSMLTLKIGGFCB09CC,大明段,42.81,都市：住,,,,00420000
RPOOMLTLKIGGFAB57CC,麻園頭段,10.51,都市：住,,,,01320000
RPQOMLTLKIGGFAB77CC,樹子腳段,4.65,都市：住,,,,00390000
RPRQMLTLKIGGFAB08CC,正義段九小段,.00,都市：住,,,,00110025
RPSOMLTLKIGGFAB97CC,柳川段一小段,2.80,都市：商,,,,00040000
RPSOMLTLKIGGFAB97CC,柳川段一小段,.65,都市：商,,,,00040006
RPXOMLTLKIGGFBB58CC,邱厝子段,.00,都市：住,,,,00560056
RPWRMLTLKIGGFBB78CC,賴厝?段,.00,都市：住,,,,00100000
RPVPMLTLKIGGFAB38CC,城隍段五小段,57.00,都市：住,,,,00060021
RPWPMLTLKIGGFBB58CC,北屯段,74.05,都市：住,,,,05280000
RPXSMLTLKIGGFBB98CC,邱厝子段,.00,都市：住,,,,00990000
RPOTMLTLKIGGFBB18CC,東山段,1.57,都市：商,,,,02210000
RPPTMLTLKIGGFBB28CC,同榮段,25.66,都市：住,,,,27800000
RPUNMLTLKIGGFHB78CC,頭家厝段,.00,都市：住,,,,01820022
RPVNMLTLKIGGFHB88CC,六雅段,.00,都市：住,,,,15460000
RPXNMLTLKIGGFHB09CC,三和段,8.67,都市：住,,,,10870010
RPSRMLTLKIGGFHB98CC,家興段,24.28,都市：住,,,,08630000
RPVNMLTLKIGGFDB48CC,大富段,.00,都市：住,,,,05800001
RPVNMLTLKIGGFDB48CC,大富段,.00,都市：住,,,,05800000
RPVNMLTLKIGGFDB48CC,大富段,.00,都市：住,,,,05830001
RPROMLTLKIGGFDB18CC,師範段,92.55,都市：住,,,,00530000
RPWNMLTLKIGGFDB58CC,大富段,.00,都市：住,,,,05800001
RPWNMLTLKIGGFDB58CC,大富段,.00,都市：住,,,,05830001
RPWNMLTLKIGGFDB58CC,大富段,.00,都市：住,,,,05800000
RPWNMLTLKIGGFFB78CC,市鎮北段,.00,都市：商,,,,03900000
RPSNMLTLKIGGFDB18CC,大富段,.00,都市：住,,,,05830001
RPSNMLTLKIGGFDB18CC,大富段,.00,都市：住,,,,05800001
RPSNMLTLKIGGFDB18CC,大富段,.00,都市：住,,,,05800000
RPXOMLTLKIGGFFB98CC,大庄段大庄小段,18.58,都市：住,,,,06340000
RPQQMLTLKIGGFFB48CC,市鎮北段,11.00,都市：商,,,,00390000
RPSNMLTLKIGGFIB68CC,大衛段,18.21,都市：商,,,,05990000
RPQNMLTLKIGGFIB48CC,長春段,.00,都市：住,,,,07690000
RPTNMLTLKIGGFIB78CC,新榮和段,3.97,都市：住,,,,00290000
RPVOMLTLKIGGFIB09CC,成功段,34.25,都市：住,,,,01010000
RPPNMLTLKIGGFKB58CC,龍目井段水裡社小段,.00,都市：住,,,,00130017
RPPNMLTLKIGGFJB48CC,新坪段,126.91,都市：住,,,,09370000
RPPNMLKMKIGGFJB67CC,太平段,.00,都市：住,,,,08020000
RPRNMLTLKIGGFKB78CC,東園段,12.74,非都市：鄉村區 ; 非都市編定：乙種建築用地,,,,01670000
RPRNMLTLKIGGFKB78CC,東園段,14.94,非都市：鄉村區 ; 非都市編定：乙種建築用地,,,,01660000
RPWNMLKMKIGGFIB28CC,復興段,124.93,非都市：山坡地保育區 ; 非都市編定：丙種建築用地,,,,03300000
RPPQMLKMKIGGFIB87CC,中興段,26.75,都市：住,,,,00810003
RPSPMLKMKIGGFFB77CC,市鎮北段,.00,都市：商,,,,02950000
RPTPMLKMKIGGFFB87CC,市鎮北段,.00,都市：商,,,,02950000
RPTPMLKMKIGGFIB18CC,德芳段,.00,都市：住,,,,02870000
RPQRMLKMKIGGFFB77CC,三民段,.00,都市：住,,,,15060000
RPXNMLKMKIGGFDB87CC,社口段,.00,都市：住,,,,00130035
RPQNMLKMKIGGFHB67DC,潭陽段,27.17,都市：住,,,,08360000
RPPNMLKMKIGGFHB47CC,東寶二段,712.66,都市：農,,,,13440000
RPXPMLKMKIGGFBB87CC,北屯段,15.80,都市：住,,,,02980043
RPXPMLKMKIGGFBB87CC,北屯段,12.70,都市：住,,,,02980042
RPOQMLKMKIGGFBB07CC,乾溝子段,31.89,都市：住,,,,00310000
RPXTMLKMKIGGFBB28CC,平田段,.00,都市：住,,,,04710000
RPSNMLKMKIGGFAB07CC,土庫段,18.38,都市：住,,,,00380050
RPQRMLKMKIGGFBB37CC,乾溝子段,17.23,都市：住,,,,01700049
RPQRMLKMKIGGFBB37CC,乾溝子段,.49,都市：住,,,,01730011
RPORMLKMKIGGFAB07CC,麻園頭段,90.12,都市：商,,,,00460000
RPOUMLKMKIGGFBB47CC,北屯段,.00,都市：住,,,,01330000
RPXQMLKMKIGGFAB87CC,旱新段,14.93,都市：商,,,,00760001
RPTRMLKMKIGGFAB57CC,後?子段,.00,都市：住,,,,02250444
RPURMLKMKIGGFAB67CC,頂橋子頭段,20.94,都市：住,,,,04130248
RPOSMLKMKIGGFAB17CC,麻園頭段,.00,都市：住,,,,01880000
RPPSMLKMKIGGFCB47CC,信安段,.00,都市：住,,,,11550000
RPOTMLKMKIGGFCB47CC,國安段,.00,都市：住,,,,00940000
RPSNMLLMKIGGFCB37CC,中正段,7.99,都市：住,,,,00770000
RPXSMLKMKIGGFCB28CC,國安段,.00,都市：住,,,,02920000
RPQNMLLMKIGGFHB67CC,家興段,24.45,都市：住,,,,09540000
RPQNMLLMKIGGFHB67CC,家興段,1.48,都市：住,,,,09550000
RPQNMLLJJHHGFBB66CC,陳平段,23.13,都市：住,,,,18970000
RPQNMLLMKIGGFIB77CC,新義段,14.06,都市：商,,,,00450000
RPPNMLLMKIGGFAB86CC,練武段,14.09,都市：住,,,,10730000
RPWPMLNJJHHGFBB67CC,松竹段,33.86,都市：住,,,,00280000
RPVQMLNJJHHGFBB67CC,東正段,81.00,都市：住,,,,00410000
RPRQMLNJJHHGFBB27CC,東義段,.00,都市：商,,,,03310000
RPSTMLNJJHHGFBB67CC,文正段,6.00,都市：住,,,,01150002
RPSTMLNJJHHGFBB67CC,文正段,.88,都市：住,,,,01150169
RPOPMLNJJHHGFAB76CC,頂橋子頭段,16.16,都市：住,,,,01180103
RPSNMLNJJHHGFCB17CC,上石碑段,33.00,都市：住,,,,05410000
RPTOMLNJJHHGFCB37CC,黎明段,.00,都市：住,,,,00240000
RPWSMLNJJHHGFBB97CC,太原段,15.88,都市：住,,,,01000000
RPPRMLNJJHHGFCB27CC,南屯段,.00,都市：住,,,,15160000
RPXOMLNJJHHGFCB77CC,福德段,.00,都市：住,,,,02580000
RPSRMLNJJHHGFCB57CC,田心段,.00,都市：住,,,,08960000
RPVRMLNJJHHGFCB87CC,中和段,.00,都市：住,,,,02930005
RPRPMLNJJHHGFCB27CC,國安段,.00,都市：住,,,,05990000
RPRSMLNJJHHGFCB57CC,福安段,11.04,都市：住,,,,07820001
RPTNMLNJJHHGFIB87CC,自立段,75.08,都市：住,,,,06470000
RPVNMLNJJHHGFHB97CC,雅潭段,.00,都市：住,,,,08370000
RPTOMLNJJHHGFFB67CC,市鎮南段,.00,都市：商,,,,01080000
RPQRMLOJJHHGFFB77CC,市鎮北段,.00,都市：商,,,,02950000
RPXPMLOJJHHGFIB58CC,新站南段,14.34,都市：商,,,,00230000
RPPNMLOJJHHGFDB07CC,翁明段,.00,都市：住,,,,02220000
RPVPMLOJJHHGFIB38CC,仁德段,.00,都市：住,,,,05270000
RPSNMLNJJHHGFHB67CC,大德段,516.88,都市：工,,,,00970000
RPWPMLOJJHHGFIB48CC,地利段,.00,都市：住,,,,11490000
RPPQMLOJJHHGFIB87CC,中興段,.00,都市：住,,,,00640000
RPSRMLOJJHHGFIB28CC,新仁段,92.00,都市：住,,,,00140000
RPTOMLOJJHHGFCB47CC,三富段,872.54,都市：住,,,,01450000
RPQPMLOJJHHGFCB27CC,中正段,6.72,都市：商,,,,01550000
RPOQMLOJJHHGFIB77CC,新站南段,14.34,都市：商,,,,00230000
RPUNMLOJJHHGFEB67CC,大同段,88.06,都市：住,,,,08060000
RPRRMLOJJHHGFCB57CC,福星段,.00,都市：住,,,,01330000
RPRRMLOJJHHGFCB57CC,福星段,.00,都市：住,,,,01390000
RPTRMLOJJHHGFCB77CC,黎明段,.00,都市：住,,,,05660000
RPXSMLOJJHHGFCB28CC,大新段,.00,都市：住,,,,05150000
RPUNMLOJJHHGFJB18CC,新興段,.00,都市：住,,,,01330000
RPURMLOJJHHGFCB87CC,國安段,.00,都市：住,,,,05930491
RPOQMLOJJHHGFAB96CC,中華段四小段,.00,都市：商,,,,00030017
RPPTMLOJJHHGFCB57CC,西屯段,4.17,都市：住,,,,22830002
RPURMLOJJHHGFAB67CC,練武段,.00,都市：住,,,,05710000
RPPQMLOJJHHGFAB07CC,練武段,.00,都市：住,,,,05710000
RPRQMLOJJHHGFAB27CC,練武段,.00,都市：住,,,,05710000
RPQSMLOJJHHGFBB47CC,松茂段,.00,都市：住,,,,05370000
RPQPMLPJJHHGFBB27CC,錦村段,.00,都市：住,,,,03660000
RPOPMLPJJHHGFBB07CC,北屯段,.00,都市：住,,,,00160001
RPOPMLPJJHHGFBB07CC,北屯段,.00,都市：住,,,,00180004
RPUSMLPJJHHGFBB97CC,東義段,.00,都市：住,,,,00400000
RPVRMLPJJHHGFBB97CC,東峰段,4.65,都市：住,,,,01320000
RPVNMLPJJHHGFAB47CC,振興段,13.56,都市：住,,,,00080000
RPXRMLPJJHHGFBB18CC,賴厝?段,.00,都市：住,,,,00800000
RPXQMLPJJHHGFAB97CC,忠孝段四小段,.00,都市：住,,,,00240010
RPWPMLPJJHHGFAB77CC,尚武段,.00,都市：住,,,,02980003
RPXQMLPJJHHGFAB97CC,忠孝段四小段,.00,都市：住,,,,00240011
RPUNMLPJJHHGFAB37CC,福壽段二小段,10.29,都市：住,,,,00010000
RPPRMLPJJHHGFAB27CC,下橋子頭段,28.36,都市：商,,,,01270108
RPPRMLPJJHHGFAB27CC,下橋子頭段,12.74,都市：商,,,,01270056
RPRRMLPJJHHGFAB47CC,忠孝段四小段,.00,都市：住,,,,00240010
RPRRMLPJJHHGFAB47CC,忠孝段四小段,.00,都市：住,,,,00240011
RPOPMLPJJHHGFCB17CC,國安段,.00,都市：住,,,,05990000
RPTQMLPJJHHGFCB77CC,春安段,.00,都市：住,,,,00990000
RPPSMLPJJHHGFAB37CC,練武段,.00,都市：商,,,,10510000
RPROMLPJJHHGFGB77CC,新金星段,76.75,都市：農,,,,02020000
RPXRMLPJJHHGFCB28CC,大新段,16.14,都市：住,,,,06410000
RPUQMLPJJHHGFCB87CC,西屯段,2.65,都市：住,,,,20320001
RPUNMLPJJHHGFFB87CC,南簡段,1018.00,都市：住,,,,01070000
RPSOMLPJJHHGFFB77CC,晉江北段,.00,都市：住,,,,01080000
RPPRMLPJJHHGFCB47CC,西屯段,32.03,都市：商,,,,24240003
RPPOMLQJJHHGFIB87CC,健民段,.00,非都市：鄉村區 ; 非都市編定：乙種建築用地,,,,04880000
RPOPMLQJJHHGFIB87CC,九德段,65.31,都市：住,,,,04450000
RPPPMLQJJHHGFIB97CC,中興段,14.06,都市：商,,,,02030000
RPTNMLQJJHHGFHB08CC,家興段,6.66,都市：住,,,,05630000
RPXOMLQJJHHGFIB68CC,光日段,12.49,都市：商,,,,06280000
RPPQMLQJJHHGFCB47CC,中仁段,19.69,都市：住,,,,04990000
RPXQMLQJJHHGFCB28CC,福星段,.00,都市：住,,,,02010000
RPUNMLQJJHHGFCB67CC,南屯段,29.14,都市：住,,,,14920000
RPUQMLQJJHHGFCB97CC,上石碑段,.00,都市：住,,,,27490000
RPORMLQJJHHGFCB47CC,大新段,16.83,都市：住,,,,03190000
RPOOMLQJJHHGFCB17CC,福星段,.00,都市：住,,,,04910000
RPSNMLQJJHHGFAB27CC,下橋子頭段,.00,都市：住,,,,01770000
RPWOMLQJJHHGFAB77CC,練武段,.00,都市：住,,,,05710000
RPVPMLQJJHHGFAB77CC,大益段,6.24,都市：住,,,,04780000
RPXPMLQJJHHGFAB97CC,樹子腳段,11.82,都市：住,,,,17460000
RPTPMLQJJHHGFAB57CC,練武段,.00,都市：住,,,,05710000
RPXNMLQJJHHGFBB87CC,陳平段,2372.40,都市：其他:空白,,,,32450000
RPVOMLQJJHHGFAB67CC,後?子段,79.00,都市：商,,,,00930011
RPVOMLQJJHHGFAB67CC,後?子段,18.00,都市：商,,,,00930082
RPSPMLQJJHHGFBB57CC,文正段,.51,都市：住,,,,00800014
RPSPMLQJJHHGFBB57CC,文正段,3.03,都市：住,,,,00810000
RPSRMLQJJHHGFBB77CC,北屯段,28.68,都市：住,,,,01980000
RPTQMLQJJHHGFBB77CC,錦村段,.00,都市：商,,,,02520003
RPSPMLQJJHHGFBB57CC,文正段,13.00,都市：住,,,,00810004
RPVOMLQJJHHGFBB77CC,東峰段,.00,都市：住,,,,01580000
RPSQMLQJJHHGFBB67CC,東義段,28.85,都市：住,,,,02580000
RPWRMLQJJHHGFBB18CC,錦村段,.00,都市：住,,,,02130086
RPPSMLQJJHHGFBB57CC,邱厝子段,.00,都市：住,,,,00070017
RPWUMLRJJHHGFBB58CC,平田段,.00,都市：住,,,,03860064
RPQVMLRJJHHGFBB08CC,平田段,3.23,都市：住,,,,05140000
RPQTMLRJJHHGFBB87CC,太祥段,18.44,都市：住,,,,01200000
RPPNMLRJJHHGFAB07CC,大益段,.00,都市：商,,,,06080000
RPTNMLRJJHHGFAB47CC,練武段,.00,都市：住,,,,05710000
RPPPMLRJJHHGFAB27CC,麻園頭段,90.00,都市：住,,,,01860062
RPWNMLRJJHHGFAB77CC,柳川段一小段,.00,都市：商,,,,00040000
RPWNMLRJJHHGFAB77CC,柳川段一小段,.00,都市：商,,,,00040006
RPXNMLRJJHHGFAB87CC,練武段,.00,都市：住,,,,05710000
RPVPMLRJJHHGFAB87CC,土庫段,.00,都市：商,,,,00120010
RPQPMLRJJHHGFCB57CC,上石碑段,.00,非都市： ; 非都市編定：,,,,05070000
RPTPMLRJJHHGFCB87CC,三塊厝段,.00,都市：其他:市場用地,,,,09940000
RPQNMLRJJHHGFCB37CC,大墩段,6.67,都市：住,,,,04700000
RPSPMLRJJHHGFCB77CC,西屯段,.00,都市：住,,,,23660008
RPSPMLRJJHHGFCB77CC,西屯段,.00,都市：住,,,,23680007
RPQQMLRJJHHGFCB67CC,中正段,.00,都市：商,,,,01550000
RPTNMLRJJHHGFIB28CC,大元段,29.49,都市：住,,,,07220000
RPTNMLRJJHHGFIB28CC,大元段,.48,都市：住,,,,07220001
RPTNMLRJJHHGFJB38CC,東平段,26.26,都市：住,,,,13530000
RPWNMLRJJHHGFKB78CC,慶順段,.00,非都市：一般農業區 ; 非都市編定：丙種建築用地,,,,00580000
RPQNMLRJJHHGFHB87CC,家興段,15.76,都市：住,,,,08650000
RPTNMLRJJHHGFKB48CC,慶順段,.00,非都市：一般農業區 ; 非都市編定：丙種建築用地,,,,00440000
RPUOMLRJJHHGFDB97CC,神工段,2127.27,非都市：工業區 ; 非都市編定：丁種建築用地,,,,01410000
RPVNMLRJJHHGFIB48CC,興祥段,80.87,都市：住,,,,10100084
RPVNMLRJJHHGFIB48CC,興祥段,20.18,都市：住,,,,07070031
RPVOMLRJJHHGFDB08CC,豐年段,11.96,都市：工,,,,07930000
RPVOMLRJJHHGFDB08CC,豐年段,62.01,都市：工,,,,07940000
RPVOMLRJJHHGFDB08CC,豐年段,64.93,都市：工,,,,07960000
RPVOMLRJJHHGFDB08CC,豐年段,12.92,都市：工,,,,07970000
RPUOMLRJJHHGFFB18CC,公館南段,.00,都市：住,,,,03370000
RPTOMLRJJHHGFFB08CC,梧棲段,.00,都市：住,,,,31460003
RPPPMLRJJHHGFDB57CC,安康段,27.56,都市：住,,,,09560000
RPTTMLRJJHHGFBB28DC,陳平段,150.00,都市：住,,,,31540007
RPQNMLKKJHHGFBB66CC,大觀段,75.74,都市：住,,,,04620009
RPQNMLRJJHHGFFB67CC,市鎮北段,18.12,都市：商,,,,00420000
RPQNMLSJJHHGFBB37CC,北屯段,25.29,都市：住,,,,02290000
RPUNMLKKJHHGFBB07CC,乾溝子段,60.00,都市：住,,,,00280005
RPPOMLKKJHHGFBB66CC,水源段,157.00,都市：住,,,,01220005
RPPOMLKKJHHGFBB66CC,水源段,88.00,都市：住,,,,01220010
RPRTMLRJJHHGFBB08DC,平田段,.00,都市：住,,,,02610030
RPRTMLRJJHHGFBB08DC,平田段,.00,都市：住,,,,02610016
RPRTMLRJJHHGFBB08DC,平田段,.00,都市：住,,,,02610061
RPSPMLKKJHHGFBB07CC,錦村段,76.00,都市：住,,,,02870092
RPRSMLKKJHHGFBB27CC,錦村段,.00,都市：商,,,,03310000
RPRPMLKKJHHGFAB86CC,練武段,.00,都市：住,,,,05710000
RPVPMLKKJHHGFAB27CC,下橋子頭段,8.18,都市：住,,,,02310001
RPTPMLKKJHHGFAB07CC,練武段,.00,都市：住,,,,05710000
RPPQMLKKJHHGFBB86CC,松茂段,16.62,都市：住,,,,05390000
RPPOMLKKJHHGFCB76CC,福順段,5.42,都市：住,,,,01080000
RPPOMLKKJHHGFCB76CC,福順段,9.56,都市：住,,,,00910000
RPSQMLKKJHHGFCB27CC,上石碑段,.00,都市：住,,,,26620000
RPXPMLKKJHHGFAB47CC,東勢子段,7.02,都市：住,,,,00240170
RPROMLKKJHHGFCB96CC,福順段,5.32,都市：住,,,,01080000
RPROMLKKJHHGFCB96CC,福順段,9.38,都市：住,,,,00910000
RPTQMLKKJHHGFCB37CC,上石碑段,13.27,都市：住,,,,13080001
RPTNMLKKJHHGFHB57CC,中興段,74.20,都市：住,,,,09960000
RPTNMLKKJHHGFHB57CC,中興段,13.54,都市：住,,,,09980000
RPOOMLKKJHHGFCB66CC,中仁段,119.00,都市：住,,,,01260000
RPRNMLKKJHHGFKB67CC,慶順段,23.16,非都市：鄉村區 ; 非都市編定：乙種建築用地,,,,02580000
RPXNMLKKJHHGFJB18CC,德興段,15.34,都市：住,,,,00020000
RPVNMLKKJHHGFIB87CC,新仁段,17.06,都市：住,,,,02550001
RPUNMLLKJHHGFIB87CC,人和段,10.66,都市：商,,,,06540000
RPXNMLLKJHHGFIB18CC,新埔段,80.06,非都市：鄉村區 ; 非都市編定：乙種建築用地,,,,09810000
RPQPMLLKJHHGFIB67CC,仁城段,42.98,非都市：特定農業區 ; 非都市編定：農牧用地,,,,02340000
RPOPMLLKJHHGFIB47CC,新甲段,.00,都市：住,,,,01010000
RPVOMLLKJHHGFFB77CC,六路段,70.95,都市：住,,,,13880000
RPVNMLLKJHHGFGB77CC,新南段,73.28,非都市：鄉村區 ; 非都市編定：乙種建築用地,,,,00510000
RPUOMLLKJHHGFFB67CC,大庄段大庄小段,26.92,都市：住,,,,04030236
RPRNMLLKJHHGFCB96CC,中正段,.00,都市：商,,,,01550000
RPTQMLLKJHHGFCB47CC,國安段,.00,都市：住,,,,01020000
RPOQMLLKJHHGFCB96CC,大新段,.00,都市：商,,,,04380000
RPVNMLLKJHHGFCB37CC,國安段,.00,都市：住,,,,00940001
RPVNMLLKJHHGFCB37CC,國安段,.00,都市：住,,,,00940000
RPTNMLLKJHHGFDB37DC,大富段,686.70,都市：工,,,,12660001
RPSSMLLKJHHGFCB57CC,惠民段,.00,都市：其他:第六種新市政中心專用區,,,,01090000
RPQTMLLKJHHGFCB47CC,中仁段,24.47,都市：住,,,,05550000
RPPTMLLKJHHGFCB37CC,上石碑段,82.45,都市：住,,,,07680000
RPOOMLLKJHHGFCB76CC,大墩段,.00,都市：住,,,,03300000
RPTTMLLKJHHGFCB77CC,田心段,13.76,都市：住,,,,09820000
RPUOMLLKJHHGFAB17CC,公館段,.00,都市：商,,,,00610052
RPUOMLLKJHHGFAB17CC,公館段,.00,都市：住,,,,00620057
RPUOMLLKJHHGFAB17CC,公館段,.00,都市：其他:道路用地,,,,00620133
RPRPMLLKJHHGFBB07CC,文正段,.51,都市：住,,,,00800014
RPRPMLLKJHHGFBB07CC,文正段,3.03,都市：住,,,,00810000
RPXNMLLKJHHGFBB47CC,仁美段,.00,都市：商,,,,17640000
RPRPMLLKJHHGFBB07CC,文正段,13.00,都市：住,,,,00810004
RPXNMLLKJHHGFBB47CC,仁美段,.00,都市：商,,,,17650000
RPXNMLLKJHHGFBB47CC,仁美段,.00,都市：商,,,,17660000
RPRQMLLKJHHGFAB07CC,番婆段,.00,都市：住,,,,00930015
RPOUMLLKJHHGFCB37CC,西屯段,.00,都市：住,,,,20060000
RPPUMLLKJHHGFCB47CC,大進段,3.73,都市：住,,,,00090000
RPVQMLLKJHHGFBB57CC,賴厝?段,21.61,都市：住,,,,01460009
RPVRMLLKJHHGFBB67CC,賴厝?段,.29,都市：商,,,,00310003
RPVRMLLKJHHGFBB67CC,邱厝子段,.23,都市：商,,,,00310062
RPQRMLLKJHHGFBB17CC,賴厝?段,.14,都市：商,,,,00310003
RPQRMLLKJHHGFBB17CC,邱厝子段,.11,都市：商,,,,00310062
RPWRMLLKJHHGFBB77CC,賴厝?段,2.95,都市：商,,,,00310003
RPSSMLLKJHHGFBB47CC,中德段,.00,都市：住,,,,04020000
RPWRMLLKJHHGFBB77CC,邱厝子段,2.37,都市：商,,,,00310062
RPOTMLLKJHHGFBB17CC,竹興段,.00,都市：住,,,,01070000
RPWTMLLKJHHGFBB97CC,賴厝?段,3.19,都市：商,,,,00310003
RPWTMLLKJHHGFBB97CC,邱厝子段,2.56,都市：商,,,,00310062
RPVNMLMKJHHGFBB37CC,東光段,34.29,都市：住,,,,02710000
RPXOMLMKJHHGFBB67CC,錦村段,.00,都市：住,,,,01810077
RPXTMLLKJHHGFBB08CC,東峰段,6.84,都市：住,,,,01580000
RPTPMLMKJHHGFBB37CC,東山段,.00,都市：商,,,,02150000
RPXNMLMKJHHGFBB57CC,北屯段,52.74,都市：住,,,,05280000
RPOPMLMKJHHGFBB86CC,水湳段,6.05,都市：住,,,,12120000
RPRNMLMKJHHGFAB86CC,半平厝段,15.20,都市：住,,,,19990000
RPSNMLMKJHHGFAB96CC,大益段,33.11,都市：住,,,,03500000
RPSSMLMKJHHGFBB57CC,北屯段,13.28,都市：住,,,,05140000
RPPPMLMKJHHGFBB96CC,錦村段,.00,都市：住,,,,02070000
RPVNMLMKJHHGFAB27CC,麻園頭段,14.68,都市：住,,,,01320000
RPRTMLMKJHHGFAB47CC,練武段,.00,都市：住,,,,08080000
RPWPMLMKJHHGFCB77CC,福安段,13.32,都市：住,,,,05540000
RPOQMLMKJHHGFCB07CC,協成段,4226.33,都市：工,,,,06040000
RPUPMLMKJHHGFCB57CC,國安段,.00,都市：住,,,,05930489
RPXOMLMKJHHGFIB38CC,東興段,90.12,都市：住,,,,08500000
RPXQMLMKJHHGFCB97CC,福安段,16.62,都市：住,,,,07890000
RPTTMLMKJHHGFAB67CC,萬安段九小段,9.27,都市：住,,,,00070002
RPTTMLMKJHHGFAB67CC,頂橋子頭段,3.65,都市：住,,,,03750002
RPQOMLNKJHHGFIB77CC,九德段,20.95,都市：住,,,,02110000
RPVOMLNKJHHGFIB28CC,烏日段,83.51,都市：住,,,,06860040
RPVOMLNKJHHGFIB28CC,烏日段,18.05,都市：住,,,,06860000
RPVNMLMKJHHGFHB97CC,四維段,.00,都市：住,,,,04460000
RPSPMLNKJHHGFIB08CC,新仁段,.00,都市：住,,,,01590000
RPWNMLNKJHHGFKB48CC,慶順段,.00,非都市：一般農業區 ; 非都市編定：丙種建築用地,,,,00590000
RPWNMLMKJHHGFDB67CC,三角東段,613.76,都市：農,,,,14330000
RPTOMLNKJHHGFFB77CC,新竹林段,27.56,都市：住,,,,05770000
RPRPMLNKJHHGFCB37CC,田心段,17.03,都市：住,,,,09820000
RPOOMLNKJHHGFCB07DC,豐業段,88.51,都市：住,,,,04120015
RPSOMLNKJHHGFCB37CC,上石碑段,.00,都市：住,,,,02550004
RPUOMLNKJHHGFDB67CC,一心段,26.07,都市：住,,,,10990000
RPSPMLNKJHHGFCB47CC,惠民段,14.21,都市：其他:新市政中心專用區,,,,01380000
RPVQMLNKJHHGFCB87CC,惠國段,36.39,都市：其他:新市政中心專用區,,,,01840000
RPXPMLNKJHHGFCB97CC,國安段,.00,都市：住,,,,05930491
RPORMLNKJHHGFCB27CC,惠民段,14.32,都市：其他:新市政中心專用區,,,,01110000
RPPRMLNKJHHGFCB37CC,惠民段,1310.00,都市：其他:新市政中心專用區,,,,00110000
RPSSMLNKJHHGFCB77CC,下石碑段,33.70,都市：住,,,,05750000
RPQSMLNKJHHGFCB57CC,惠來厝段,4.36,都市：住,,,,00180000
RPXQMLNKJHHGFCB08CC,大新段,84.50,都市：住,,,,00770000
RPTOMLNKJHHGFAB27CC,半平厝段,5.99,都市：住,,,,19190000
RPPSMLNKJHHGFCB47CC,寶山段,82.00,都市：住,,,,08890005
RPOSMLNKJHHGFCB37CC,惠來厝段,3.53,都市：住,,,,00180000
RPXOMLNKJHHGFAB67CC,平和段,3.34,都市：商,,,,00500000
RPOPMLNKJHHGFAB86CC,下橋子頭段,9.14,都市：住,,,,01780026
RPQPMLNKJHHGFAB07CC,下橋子頭段,.00,都市：商,,,,00170003
RPUPMLNKJHHGFAB47CC,練武段,.00,都市：住,,,,05710000
RPXPMLNKJHHGFAB77CC,東勢子段,6.59,都市：住,,,,00240170
RPRQMLNKJHHGFAB27CC,東勢子段,79.00,都市：住,,,,00240320
RPPPMLNKJHHGFAB96CC,麻園頭段,16.66,都市：住,,,,01320000
RPOPMLNKJHHGFBB96CC,邱厝子段,15.09,都市：住,,,,00580017
RPXPMLNKJHHGFBB87CC,太和段,20.04,都市：住,,,,00860000
RPSQMLNKJHHGFAB37CC,下橋子頭段,2.82,都市：商,,,,02180204
RPOSMLNKJHHGFBB27CC,景美段,10.41,都市：住,,,,03340000
RPSOMLNKJHHGFBB27CC,東山段,7.76,都市：住,,,,01410000
RPOQMLNKJHHGFBB07CC,東新段,.00,都市：商,,,,00360003
RPQQMLNKJHHGFBB27CC,錦村段,.00,都市：住,,,,03650000
RPWRMLNKJHHGFBB97CC,建業段,20.33,都市：住,,,,02960000
RPXRMLNKJHHGFBB08CC,建業段,20.33,都市：住,,,,02960000
RPRPMLOKJHHGFBB37CC,松觀段,.00,都市：住,,,,03060000
RPRRMLOKJHHGFBB57CC,北屯段,25.00,都市：住,,,,05040071
RPRRMLOKJHHGFBB57CC,北屯段,103.00,都市：住,,,,05120015
RPXRMLOKJHHGFBB18CC,東峰段,10.24,都市：住,,,,01580000
RPTOMLOKJHHGFBB47CC,邱厝子段,.00,都市：住,,,,00340234
RPTOMLOKJHHGFAB37CC,下橋子頭段,.00,都市：住,,,,02800000
RPSOMLOKJHHGFAB27CC,下橋子頭段,.00,都市：住,,,,02800000
RPOSMLOKJHHGFBB37CC,建業段,.00,都市：住,,,,05790000
RPUOMLOKJHHGFAB47CC,土庫段,.00,都市：住,,,,00280002
RPTNMLOKJHHGFAB27CC,萬安段九小段,.00,都市：住,,,,00050000
RPTNMLOKJHHGFAB27CC,萬安段九小段,.00,都市：住,,,,00080011
RPTNMLOKJHHGFAB27CC,信義段九小段,.00,都市：住,,,,00090004
RPTNMLOKJHHGFAB27CC,頂橋子頭段,.00,都市：住,,,,03680000
RPOPMLOKJHHGFAB96CC,練武段,.00,都市：住,,,,05710000
RPRPMLOKJHHGFAB27CC,練武段,.00,都市：住,,,,05710000
RPVOMLOKJHHGFAB57CC,民生段五小段,.00,都市：住,,,,00010008
RPTPMLOKJHHGFAB47CC,頂橋子頭段,.00,都市：住,,,,01430001
RPTPMLOKJHHGFAB47CC,頂橋子頭段,.00,都市：住,,,,01430007
RPTPMLOKJHHGFAB47CC,頂橋子頭段,.00,都市：住,,,,01430022
RPXOMLOKJHHGFAB77CC,公館段,.00,都市：住,,,,00820060
RPWPMLOKJHHGFCB97CC,大墩段,.00,都市：商,,,,03530000
RPUPMLOKJHHGFAB57CC,尚武段,.00,都市：住,,,,03100000
RPVPMLOKJHHGFAB67CC,半平厝段,.00,都市：住,,,,19920000
RPWQMLOKJHHGFCB08CC,中仁段,.00,都市：商,,,,03360000
RPVQMLOKJHHGFCB97CC,中義段,.00,都市：商,,,,05610000
RPTRMLOKJHHGFCB87CC,國安段,.00,都市：住,,,,01040002
RPXQMLOKJHHGFCB28DC,民安段,1.72,都市：住,,,,19940012
RPXQMLOKJHHGFCB28DC,民安段,94.27,都市：住,,,,19940014
RPXQMLOKJHHGFCB28DC,民安段,3.35,都市：住,,,,19940017
RPXPMLOKJHHGFFB38CC,銀聯段,152.00,都市：住,,,,18740018
RPOQMLOKJHHGFFB57CC,銀聯段,152.00,都市：住,,,,18740018
RPPSMLOKJHHGFCB57CC,上石碑段,.00,都市：住,,,,16530014
RPRNMLOKJHHGFHB77CC,上楓段,164.00,都市：住,,,,12640008
RPVNMLOKJHHGFJB38CC,仁平段,72.00,都市：住,,,,10870001
RPQSMLOKJHHGFCB67CC,福安段,.00,都市：住,,,,01360000
RPVOMLRKJHHGFIB68CC,東湖段,14.82,都市：住,,,,08950002
RPOWMLOKJHHGFIB48CC,喬城段,12.98,都市：住,,,,10950000
RPROMLRKJHHGFHB18CC,四德段,60.00,都市：住,,,,01340021
RPTPMLRKJHHGFIB58CC,東湖段,20.92,都市：住,,,,08950002
RPWNMLRKJHHGFJB78CC,育賢段,.00,都市：住,,,,00650000
RPWOMLRKJHHGFDB28CC,豐圳段,21.34,都市：住,,,,04630000
RPWOMLRKJHHGFCB18CC,上石碑段,14.51,都市：住,,,,21060000
RPTQMLRKJHHGFCB08CC,國安段,3.09,都市：住,,,,03000000
RPXQMLRKJHHGFCB48CC,西屯段,3.19,都市：商,,,,09320000
RPSNMLRKJHHGFAB47CC,半平厝段,.00,都市：住,,,,02550000
RPRNMLRKJHHGFAB37CC,下橋子頭段,1.72,都市：商,,,,02170014
RPRPMLRKJHHGFBB67CC,錦村段,27.00,都市：住,,,,00450000
RPPSMLRKJHHGFBB77CC,東正段,13.61,都市：住,,,,00660001
RPSSMLRKJHHGFBB08CC,文北段,16.33,都市：住,,,,01780000
RPTOMLRKJHHGFBB77CC,東新段,4.41,都市：住,,,,01530000
RPXOMLRKJHHGFAB08CC,公館段,5.18,都市：住,,,,00620001
RPUSMLRKJHHGFBB28CC,陳平段,7.61,都市：住,,,,31600016
RPQRMLSKJHHGFBB87CC,東新段,.00,都市：商,,,,00360003
RPXSMLSKJHHGFBB68CC,軍福段,31.07,都市：住,,,,00910002
RPXSMLSKJHHGFBB68CC,軍福段,36.39,都市：住,,,,00910003
RPXSMLSKJHHGFBB68CC,軍福段,6.95,都市：住,,,,00920002
RPXSMLSKJHHGFBB68CC,軍福段,8.07,都市：住,,,,00920003
RPQTMLSKJHHGFBB08CC,錦村段,.00,都市：商,,,,01850000
RPVSMLRKJHHGFBB38CC,景美段,6.58,都市：住,,,,03520000
RPTUMLSKJHHGFBB48CC,東新段,.00,都市：住,,,,00170000
RPVVMLSKJHHGFBB78CC,乾溝子段,11.38,都市：住,,,,01430056
RPRVMLSKJHHGFBB38CC,東峰段,5.84,都市：住,,,,01580000
RPROMLSKJHHGFAB57CC,公館段,.00,都市：住,,,,00820002
RPSPMLSKJHHGFAB77CC,下橋子頭段,.00,都市：住,,,,01790003
RPUOMLSKJHHGFCB08CC,大新段,5.00,都市：住,,,,08530000
RPVPMLSKJHHGFAB08CC,半平厝段,8.82,都市：住,,,,18950000
RPTPMLSKJHHGFAB87CC,後?子段,.00,都市：住,,,,02340015
RPWVMLSKJHHGFBB88CC,賴厝?段,3.42,都市：商,,,,00310003
RPWVMLSKJHHGFBB88CC,邱厝子段,2.75,都市：商,,,,00310062
RPVRMLSKJHHGFCB48CC,中正段,6.00,都市：住,,,,01550000
RPXRMLSKJHHGFCB68CC,西屯段,4.85,都市：住,,,,20420000
RPURMLSKJHHGFCB38CC,中正段,6.00,都市：住,,,,01550000
RPUPMLSKJHHGFAB97CC,旱溪段,30.12,都市：住,,,,02720158
RPQRMLSKJHHGFCB97CC,福德段,.00,都市：住,,,,00260000
RPQOMLSKJHHGFJB38CC,光明段,.00,非都市：鄉村區 ; 非都市編定：乙種建築用地,,,,07580000
RPWRMLSKJHHGFCB58CC,上石碑段,10.70,都市：住,,,,20410000
RPQPMLSKJHHGFJB48CC,麗園段,.00,非都市：鄉村區 ; 非都市編定：乙種建築用地,,,,06430000
RPQPMLSKJHHGFJB48CC,麗園段,.00,非都市：鄉村區 ; 非都市編定：乙種建築用地,,,,06440000
RPVNMLSKJHHGFJB78CC,新高段,350.61,都市：住,,,,02840000
RPVNMLSKJHHGFJB78CC,新高段,159.10,都市：其他:道路用地,,,,03780000
RPSPMLSKJHHGFJB68CC,太平段,27.29,都市：住,,,,08020000
RPSPMLSKJHHGFJB68CC,太平段,.02,都市：住,,,,08020001
RPVOMLSKJHHGFBB08CC,碧柳段,16.22,都市：住,,,,01700000
RPVOMLSKJHHGFDB28CC,豐東段,.00,都市：住,,,,08490000
RPTNMLSKJHHGFKB68CC,東園段,.00,非都市：鄉村區 ; 非都市編定：乙種建築用地,,,,07470000
RPUNMLSKJHHGFKB78CC,東園段,.00,非都市：鄉村區 ; 非都市編定：乙種建築用地,,,,07470000
RPPOMLSKJHHGFKB38CC,藝術段,.00,都市：住,,,,06670000
RPSNMLTKJHHGFIB48CC,東興段,.00,都市：住,,,,09600000
RPRNMLTKJHHGFKB58CC,台紙段,81.00,都市：住,,,,00030009
RPWNMLTKJHHGFIB88CC,光日段,.00,都市：住,,,,01190000
RPRQMLSKJHHGFIB58CC,信義段,.00,都市：住,,,,02490000
RPRNMLTKJHHGFDB87CC,新綠山段,18.56,都市：住,,,,04690000
RPVOMLTKJHHGFCB28CC,順安段,8.60,都市：住,,,,05310000
RPOPMLTKJHHGFCB67CC,民安段,170.40,都市：住,,,,07580000
RPPPMLTKJHHGFCB77CC,民安段,.00,都市：住,,,,16750077
RPPPMLTKJHHGFCB77CC,民安段,.00,都市：住,,,,16750021
RPRPMLTKJHHGFCB97CC,信安段,30.29,都市：住,,,,09200000
RPUNMLTKJHHGFAB87CC,麻園頭段,.49,都市：商,,,,01650062
RPUNMLTKJHHGFAB87CC,麻園頭段,.59,都市：商,,,,01650064
RPUNMLTKJHHGFAB87CC,麻園頭段,2.22,都市：商,,,,01650065
RPUNMLTKJHHGFAB87CC,麻園頭段,5.75,都市：商,,,,01650130
RPUNMLTKJHHGFAB87CC,麻園頭段,.18,都市：商,,,,01650199
RPUNMLTKJHHGFAB87CC,麻園頭段,2.97,都市：商,,,,01690009
RPUNMLTKJHHGFAB87CC,麻園頭段,.09,都市：商,,,,01690020
RPUNMLTKJHHGFAB87CC,麻園頭段,8.13,都市：商,,,,01690035
RPUNMLTKJHHGFAB87CC,麻園頭段,.83,都市：商,,,,01690042
RPUNMLTKJHHGFFB38CC,庄北段,22.32,都市：住,,,,06340000
RPWOMLTKJHHGFAB18CC,麻園頭段,.00,都市：住,,,,01320000
RPSQMLTKJHHGFAB97CC,柳川段一小段,.00,都市：商,,,,00040000
RPSQMLTKJHHGFAB97CC,柳川段一小段,.00,都市：商,,,,00040006
RPXNMLTKJHHGFBB28CC,東峰段,.00,都市：商,,,,02550000
RPTPMLTKJHHGFBB08CC,北屯段,.00,都市：住,,,,01680003
RPWPMLTKJHHGFBB38CC,東光段,7.68,都市：商,,,,01930000
RPXOMLTKJHHGFBB38CC,賴厝?段,.00,都市：住,,,,04420000
RPTOMLTKJHHGFAB87CC,柳川段一小段,2.80,都市：商,,,,00040000
RPTOMLTKJHHGFAB87CC,柳川段一小段,.65,都市：商,,,,00040006
RPXQMLTKJHHGFBB58CC,東義段,.00,都市：商,,,,03310000
RPQPMLTKJHHGFBB77CC,文正段,16.00,都市：商,,,,00660000
RPSSMLTKJHHGFBB28CC,北屯段,.00,都市：住,,,,02210004
RPRQMLTKJHHGFBB97CC,同榮段,.00,都市：住,,,,11180000
RPVVMLTKJHHGFBB88CC,東正段,.00,都市：商,,,,01430000
RPWVMLTKJHHGFBB98CC,水源段,.00,都市：住,,,,02660000
RPPVMLTKJHHGFBB28CC,松竹段,19.00,都市：住,,,,07420002
RPXUMLTKJHHGFBB98CC,松觀段,40.39,都市：住,,,,08930000
RPWSMLTKJHHGFBB68CC,東山段,1.96,都市：住,,,,02210000
RPOWMLTKJHHGFBB28CC,東光段,.00,都市：商,,,,01950001
RPQWMLTKJHHGFBB48CC,中德段,5.35,都市：住,,,,05210000
RPTNMLKLJHHGFBB07CC,太祥段,.00,都市：住,,,,01200000
RPXNMLKLJHHGFBB47CC,太和段,.00,都市：住,,,,00490000
RPRPMLKLJHHGFCB17CC,何厝段,720.00,都市：住,,,,02730089
RPOOMLKLJHHGFBB66CC,松竹段,.00,都市：住,,,,12330000
RPVPMLKLJHHGFCB57CC,惠禮段,229.69,都市：住,,,,01440000
RPPWMLTKJHHGFBB38CC,賴厝?段,.00,都市：住,,,,03330000
RPWPMLKLJHHGFCB67CC,惠禮段,229.69,都市：住,,,,01440000
RPOQMLKLJHHGFCB96CC,田心段,173.00,都市：住,,,,08770000
RPPQMLKLJHHGFCB07CC,田心段,214.00,都市：住,,,,08770011
RPSPMLKLJHHGFAB07CC,忠孝段四小段,.00,都市：住,,,,00240010
RPSPMLKLJHHGFAB07CC,忠孝段四小段,.00,都市：住,,,,00240011
RPSSMLKLJHHGFBB47CC,平田段,.00,都市：住,,,,01510000
RPSQMLKLJHHGFCB37CC,惠禮段,229.69,都市：住,,,,01440000
RPWQMLKLJHHGFCB77CC,福安段,19.23,都市：住,,,,00080001
RPQRMLKLJHHGFCB27CC,上石碑段,2.92,都市：住,,,,13010000
RPRQMLKLJHHGFCB27CC,惠禮段,229.69,都市：住,,,,01440000
RPXNMLKLJHHGFDB67CC,大富段,.00,都市：住,,,,05800001
RPUNMLKLJHHGFDB37CC,豐原段,.00,都市：商,,,,07340039
RPXNMLKLJHHGFDB67CC,大富段,.00,都市：住,,,,05830001
RPXNMLKLJHHGFDB67CC,大富段,.00,都市：住,,,,05800000
RPRRMLKLJHHGFCB37CC,國安段,6.14,都市：住,,,,02920002
RPOOMLKLJHHGFDB86CC,大富段,.00,都市：住,,,,05800001
RPOOMLKLJHHGFDB86CC,大富段,.00,都市：住,,,,05830001
RPOOMLKLJHHGFDB86CC,大富段,.00,都市：住,,,,05800000
RPUNMLKLJHHGFHB77CC,家興段,7.36,都市：住,,,,05640000
RPWNMLKLJHHGFDB57CC,大富段,.00,都市：住,,,,05800001
RPWNMLKLJHHGFDB57CC,大富段,.00,都市：住,,,,05830001
RPWNMLKLJHHGFDB57CC,大富段,.00,都市：住,,,,05800000
RPQOMLKLJHHGFDB07CC,大富段,.00,都市：住,,,,05800001
RPTNMLKLJHHGFHB67CC,復興段,.00,都市：住,,,,06980005
RPQOMLKLJHHGFDB07CC,大富段,.00,都市：住,,,,05830001
RPQOMLKLJHHGFDB07CC,大富段,.00,都市：住,,,,05800000
RPPPMLLLJHHGFIB67CC,益民段,.00,都市：住,,,,07160000
RPPPMLLLJHHGFIB67CC,益民段,.00,都市：住,,,,07170000
RPWOMLLLJHHGFIB28CC,喬城段,24.88,都市：住,,,,06970000
RPWOMLLLJHHGFIB28CC,喬城段,14.32,都市：住,,,,06980000
RPWOMLLLJHHGFIB28CC,喬城段,.90,都市：其他:河川區,,,,06970001
RPSOMLKLJHHGFIB77CC,瑞城段,118.50,非都市：鄉村區 ; 非都市編定：乙種建築用地,,,,01610000
RPSNMLKLJHHGFIB67CC,新高鐵段,10.70,都市：住,,,,00510000
RPSPMLLLJHHGFIB97CC,九德段,16.80,都市：住,,,,01090000
RPXPMLLLJHHGFIB48CC,大仁段,.00,都市：商,,,,01790005
RPTNMLLLJHHGFJB97CC,長安段,5.07,非都市：鄉村區 ; 非都市編定：乙種建築用地,,,,04660000
RPUNMLLLJHHGFJB08CC,宜欣段,22.56,都市：商,,,,11820007
RPWNMLLLJHHGFHB08CC,自立段,80.00,都市：住,,,,09700005
RPWNMLLLJHHGFHB08CC,自立段,4.00,都市：住,,,,09700016
RPVOMLLLJHHGFKB38CC,山腳段,.00,都市：住,,,,00840000
RPQRMLLLJHHGFDB47CC,后義段,.00,都市：住,,,,01440000
RPXOMLLLJHHGFFB08CC,庄北段,21.08,都市：住,,,,06340000
RPVOMLLLJHHGFFB87CC,市鎮北段,15.00,都市：商,,,,00420000
RPROMLLLJHHGFCB17CC,豐功段,256.13,都市：住,,,,00720000
RPPOMLLLJHHGFCB96CC,國安段,.00,都市：住,,,,05990000
RPWNMLLLJHHGFDB67CC,豐南段,111.23,都市：商,,,,04610000
RPSOMLLLJHHGFCB27CC,國安段,.00,都市：住,,,,05930489
RPSNMLLLJHHGFAB96CC,正義段五小段,15.20,都市：住,,,,00080001
RPSNMLLLJHHGFAB96CC,正義段五小段,9.00,都市：住,,,,00120003
RPRQMLLLJHHGFBB27CC,東信段,6.49,都市：住,,,,01690000
RPSNMLLLJHHGFAB96CC,正義段五小段,1.20,都市：住,,,,00070001
RPTPMLLLJHHGFAB27CC,中民段八小段,.00,都市：住,,,,00010023
RPTPMLLLJHHGFAB27CC,中民段八小段,.00,都市：住,,,,00030015
RPTPMLLLJHHGFAB27CC,中民段八小段,.00,都市：住,,,,00060004
RPTPMLLLJHHGFAB27CC,中民段八小段,.00,都市：住,,,,00060008
RPRRMLLLJHHGFBB37CC,邱厝子段,.00,都市：住,,,,01360000
RPSOMLLLJHHGFBB17CC,錦村段,82.00,都市：商,,,,01840041
RPTRMLLLJHHGFBB57CC,文正段,19.65,都市：住,,,,01190000
RPWRMLLLJHHGFBB87CC,東峰段,.00,都市：商,,,,00150010
RPPPMLLLJHHGFFB37CC,晉江北段,8.98,都市：住,,,,01080000
RPQQMLLLJHHGFCB27CC,西屯段,.00,都市：住,,,,19000001
RPXOMLMLJHHGFBB77CC,錦村段,19.18,都市：住,,,,01450000
RPQQMLLLJHHGFAB07CC,繼光段四小段,.00,都市：其他:市場用地,,,,00110000
RPVOMLMLJHHGFBB57CC,倡和段,11.72,都市：商,,,,01830000
RPXNMLLLJHHGFJB38CC,新高段,8.87,都市：住,,,,07130000
RPXNMLLLJHHGFJB38CC,番子路段,6.17,都市：住,,,,02090000
RPVRMLLLJHHGFBB77CC,東山段,1.77,都市：商,,,,02620000
RPWOMLMLJHHGFBB67CC,文北段,.00,都市：住,,,,00060000
RPSNMLMLJHHGFAB07CC,麻園頭段,25.37,都市：商,,,,00030001
RPUNMLMLJHHGFAB27CC,中華段三小段,1.65,都市：商,,,,00020021
RPQOMLMLJHHGFAB96CC,練武段,.00,都市：住,,,,05710000
RPPPMLMLJHHGFAB96CC,尚武段,31.69,都市：住,,,,03260000
RPXNMLMLJHHGFCB77CC,上石碑段,39.70,都市：住,,,,05410000
RPUPMLMLJHHGFCB67CC,上石碑段,.00,都市：商,,,,26800000
RPSQMLMLJHHGFCB57CC,大新段,8.04,都市：住,,,,02530000
RPUNMLMLJHHGFCB47CC,大墩段,.00,都市：住,,,,04640000
RPSQMLMLJHHGFCB57CC,大新段,14.05,都市：住,,,,02540000
RPUNMLMLJHHGFCB47CC,大墩段,.00,都市：住,,,,04630004
RPTQMLMLJHHGFCB67CC,大進段,19.02,都市：住,,,,08200000
RPOOMLMLJHHGFIB57CC,吉隆段,25.98,都市：住,,,,02330000
RPSNMLMLJHHGFJB97CC,永成段,17.20,都市：住,,,,00590000
RPPOMLMLJHHGFKB87CC,山腳段,.00,都市：住,,,,02860000
RPOOMLOLJHHGFKB97CC,東園段,.00,非都市：鄉村區 ; 非都市編定：乙種建築用地,,,,07470000
RPPOMLOLJHHGFKB08CC,東園段,.00,非都市：鄉村區 ; 非都市編定：乙種建築用地,,,,07470000
RPRNMLOLJHHGFFB67CC,市鎮南段,.00,都市：商,,,,01190000
RPPPMLOLJHHGFIB97CC,北新段,47.61,都市：住,,,,02660000
RPWNMLOLJHHGFJB58CC,育賢段,.00,都市：住,,,,02060030
RPROMLOLJHHGFDB57CC,東湳段,.00,都市：住,,,,02980000
RPWNMLOLJHHGFHB38CC,華泰段,13.66,都市：住,,,,00390000
RPSOMLOLJHHGFJB28CC,福星段,.00,都市：住,,,,02880000
RPVNMLOLJHHGFHB28CC,家興段,.00,都市：住,,,,08650000
RPTOMLOLJHHGFIB38DC,大忠段,71.65,都市：住,,,,03330000
RPVNMLMLJHHGFIB18CC,新高鐵段,.00,都市：商,,,,00510000
RPQPMLOLJHHGFBB47DC,平田段,34.06,都市：住,,,,08730000
RPUQMLOLJHHGFCB97CC,西屯段,.00,都市：住,,,,23840012
RPWOMLOLJHHGFCB97CC,惠民段,10.39,都市：其他:新市政中心專用區,,,,01110000
RPUNMLOLJHHGFAB47CC,下橋子頭段,18.30,都市：住,,,,01780026
RPVQMLOLJHHGFAB87CC,土庫段,18.38,都市：住,,,,00380050
RPXNMLOLJHHGFAB77CC,頂橋子頭段,18.00,都市：商,,,,03860018
RPROMLOLJHHGFCB47CC,南屯段,21.00,都市：住,,,,13220005
RPROMLOLJHHGFCB47CC,南屯段,59.00,都市：住,,,,13260007
RPXNMLOLJHHGFAB77CC,頂橋子頭段,68.00,都市：商,,,,03860047
RPVSMLOLJHHGFCB28CC,惠來厝段,3.84,都市：住,,,,00180000
RPVSMLOLJHHGFAB08CC,土庫段,31.26,都市：住,,,,00380066
RPTTMLOLJHHGFAB97CC,旱溪段,36.90,都市：住,,,,02720172
RPUUMLOLJHHGFAB18CC,忠孝段四小段,.00,都市：住,,,,00240010
RPUUMLOLJHHGFAB18CC,忠孝段四小段,.00,都市：住,,,,00240011
RPPOMLOLJHHGFBB17CC,文正段,.00,都市：商,,,,00250004
RPQNMLOLJHHGFBB17CC,北屯段,.00,都市：住,,,,05580013
RPVOMLOLJHHGFBB77CC,東光段,12.33,都市：商,,,,01930000
RPTPMLOLJHHGFBB67CC,水源段,54.57,都市：住,,,,02760009
RPTOMLOLJHHGFBB57CC,東峰段,9.00,都市：住,,,,00040000
RPOQMLOLJHHGFBB27CC,北屯段,.00,都市：住,,,,01330000
RPXPMLOLJHHGFBB08CC,東義段,9.30,都市：住,,,,02580000
RPRQMLOLJHHGFBB57CC,文正段,19.44,都市：商,,,,00520124
RPPOMLPLJHHGFBB27CC,北屯段,.00,都市：住,,,,01780000
RPROMLPLJHHGFBB47CC,太祥段,.00,都市：住,,,,01200000
RPUPMLPLJHHGFBB87CC,中清段,8.52,都市：住,,,,00060000
RPQQMLPLJHHGFBB57CC,賴厝?段,.00,都市：住,,,,00720005
RPSOMLPLJHHGFBB57CC,乾溝子段,20.14,都市：住,,,,01700005
RPWUMLOLJHHGFAB38CC,下橋子頭段,36.84,都市：住,,,,00270000
RPROMLPLJHHGFAB37CC,後?子段,7.00,都市：住,,,,02100010
RPSQMLPLJHHGFBB77CC,錦村段,.00,都市：住,,,,00610000
RPRQMLPLJHHGFBB67CC,太原段,.00,都市：住,,,,01000000
RPTNMLPLJHHGFBB57CC,松竹段,3.54,都市：住,,,,02250000
RPUOMLPLJHHGFBB77CC,賴厝?段,.00,都市：住,,,,03490001
RPOQMLPLJHHGFBB37CC,錦村段,3.69,都市：商,,,,03310018
RPVNMLPLJHHGFAB67CC,城隍段八小段,23.17,都市：住,,,,00060000
RPTOMLPLJHHGFAB57CC,土庫段,.00,都市：住,,,,00280002
RPWTMLPLJHHGFCB58CC,西屯段,5.30,都市：住,,,,23700051
RPOUMLPLJHHGFCB87CC,西屯段,.00,都市：住,,,,19000001
RPOWMLPLJHHGFCB08CC,田心段,17.09,都市：住,,,,09820000
RPUPMLPLJHHGFAB77CC,麻園頭段,.00,都市：住,,,,09040000
RPWVMLPLJHHGFCB78CC,中和段,182.79,都市：住,,,,01560000
RPPWMLPLJHHGFCB18CC,惠民段,14.46,都市：其他:新市政中心專用區,,,,01110000
RPQWMLPLJHHGFCB28CC,中仁段,.00,都市：住,,,,03620000
RPQNNLPLJHHGFCB47CC,田心段,.00,都市：住,,,,09100000
RPRNNLPLJHHGFCB57CC,大進段,.00,都市：住,,,,10100000
RPPNNLPLJHHGFCB37CC,黎明段,.00,都市：住,,,,01070002
RPQOMLPLJHHGFDB67DC,前寮段,137.58,都市：工,,,,00320000
RPOOMLPLJHHGFDB47DC,大洲段,13.40,都市：住,,,,03230000
RPROMLPLJHHGFDB67CC,豐原段,9.12,都市：商,,,,07330000
RPOOMLPLJHHGFHB77CC,馬岡段,23.95,都市：商,,,,00500000
RPPOMLPLJHHGFJB08CC,新興段,.00,都市：住,,,,01430001
RPPNMLPLJHHGFFB57CC,六福段,21.66,都市：住,,,,04990000
RPRUMLPLJHHGFCB28DC,大明段,96.00,都市：住,,,,03090015
RPRNMLPLJHHGFHB97CC,上楓段,32.25,都市：住,,,,13610017
RPRNMLPLJHHGFHB97CC,上楓段,20.25,都市：住,,,,13620015
RPTOMLPLJHHGFKB58CC,慶順段,.00,非都市：一般農業區 ; 非都市編定：丁種建築用地,,,,05400000
RPTOMLQLJHHGFKB68CC,慶順段,.00,非都市：一般農業區 ; 非都市編定：丙種建築用地,,,,00730000
RPRNMLQLJHHGFJB28CC,瑞欣段,22.09,都市：住,,,,03480000
RPPNMLQLJHHGFJB08CC,新坪段,16.11,都市：住,,,,07030000
RPPNMLQLJHHGFJB08CC,新坪段,63.40,都市：住,,,,07040000
RPPNMLQLJHHGFFB67CC,東晉段,1.85,都市：住,,,,06790000
RPPNMLQLJHHGFFB67CC,東晉段,6.20,都市：住,,,,06760000
RPPNMLQLJHHGFFB67CC,東晉段,3.35,都市：住,,,,06800000
RPTOMLQLJHHGFIB48CC,北新段,.00,都市：住,,,,02600000
RPUOMLQLJHHGFIB58CC,新仁段,.00,都市：住,,,,06040002
RPXNMLQLJHHGFFB48CC,市鎮北段,.00,都市：商,,,,02950000
RPWNMLQLJHHGFFB38CC,市鎮北段,15.00,都市：商,,,,00420000
RPPOMLQLJHHGFFB77CC,市鎮北段,.00,都市：商,,,,02950000
RPQOMLQLJHHGFFB87CC,市鎮北段,.00,都市：商,,,,02950000
RPOOMLQLJHHGFFB67CC,市鎮北段,.00,都市：商,,,,02950000
RPQNMLQLJHHGFDB57CC,一心段,9.64,都市：住,,,,06740000
RPTNMLQLJHHGFDB87CC,豐原段,5.38,都市：商,,,,06440020
RPTNMLQLJHHGFDB87CC,豐原段,1.14,都市：商,,,,06440051
RPUOMLQLJHHGFFB28CC,庄北段,1791.24,都市：住,,,,06340000
RPTOMLQLJHHGFFB18CC,梧棲段,27.38,都市：住,,,,31450004
RPSOMLQLJHHGFFB08CC,星海段,.00,都市：住,,,,07490000
RPXNMLQLJHHGFHB68CC,學雅段,83.54,都市：住,,,,03590000
RPSOMLQLJHHGFDB87CC,豐圳段,.00,都市：住,,,,10780000
RPPOMLQLJHHGFDB67DC,安康段,.00,都市：住,,,,07280000
RPPOMLQLJHHGFDB67DC,安康段,.00,都市：住,,,,07330002
RPSNMLQLJHHGFCB67CC,大進段,16.77,都市：住,,,,06760008
RPOOMLQLJHHGFHB87CC,上楓段,70.00,都市：住,,,,13080010
RPTNMLQLJHHGFCB77CC,上石碑段,2.91,都市：商,,,,27700000
RPUNMLQLJHHGFCB87CC,上石碑段,2.82,都市：住,,,,13010000
RPXOMLQLJHHGFCB28CC,上石碑段,8.46,都市：商,,,,20440000
RPVOMLQLJHHGFCB08CC,寶山段,15.11,都市：住,,,,12540000
RPQPMLQLJHHGFCB67CC,大墩段,.00,都市：住,,,,03370006
RPTPMLQLJHHGFCB97CC,何安段,3.47,都市：住,,,,04860000
RPRPMLQLJHHGFCB77CC,龍富段,.00,都市：住,,,,00860000
RPSOMLQLJHHGFCB77CC,田心段,.00,都市：住,,,,08180000
RPQQMLQLJHHGFCB77CC,寶山段,.00,都市：住,,,,06470000
RPOQMLQLJHHGFCB57CC,國安段,.00,都市：住,,,,01020000
RPQNMLQLJHHGFAB27CC,樹子腳段,.00,都市：住,,,,06400000
RPQNMLQLJHHGFAB27CC,樹子腳段,.00,都市：住,,,,06410000
RPPOMLQLJHHGFAB27CC,中華段三小段,1.95,都市：商,,,,00020021
RPTOMLQLJHHGFAB67CC,仁愛段二小段,7.00,都市：商,,,,00050000
RPTOMLQLJHHGFAB67CC,仁愛段二小段,3.00,都市：商,,,,00050002
RPPQMLQLJHHGFCB67CC,國安段,.00,都市：住,,,,00940000
RPRPMLQLJHHGFAB57CC,下橋子頭段,1.79,都市：商,,,,02170014
RPVPMLQLJHHGFAB97CC,仁愛段六小段,126.00,都市：商,,,,00020001
RPPQMLQLJHHGFAB47CC,土庫段,.00,都市：住,,,,00190031
RPPPMLQLJHHGFAB37CC,尚武段,25.64,都市：住,,,,07350000
RPWPMLQLJHHGFAB08CC,仁愛段六小段,126.00,都市：商,,,,00020001
RPSPMLQLJHHGFBB77CC,水源段,54.57,都市：住,,,,02760009
RPTPMLQLJHHGFBB87CC,松觀段,21.71,都市：住,,,,03990000
RPQPMLQLJHHGFBB57CC,松茂段,12.76,都市：住,,,,11290000
RPPPMLQLJHHGFBB47CC,北屯段,.00,都市：住,,,,01680003
RPWPMLQLJHHGFBB18CC,文正段,6.00,都市：住,,,,01150002
RPWPMLQLJHHGFBB18CC,文正段,.88,都市：住,,,,01150169
RPSRMLQLJHHGFBB97CC,北屯段,36.33,都市：住,,,,02980012
RPPSMLQLJHHGFBB77CC,邱厝子段,.00,都市：住,,,,00130006
RPXQMLQLJHHGFBB38CC,東光段,.00,都市：商,,,,01950001
RPWTMLQLJHHGFBB58CC,錦村段,40.40,都市：住,,,,01040036
RPUTMLQLJHHGFBB38CC,東山段,.00,都市：商,,,,02210000
RPOSMLQLJHHGFBB67CC,中清段,.00,都市：住,,,,00500000
RPXTMLQLJHHGFBB68CC,東新段,13.11,都市：住,,,,00170002
RPQUMLQLJHHGFBB08CC,東光段,.00,都市：商,,,,01950001
RPVNMLRLJHHGFBB97CC,東山段,2058.00,都市：住,,,,00390000
RPXPMLRLJHHGFBB38CC,松觀段,.00,都市：住,,,,10290018
RPXPMLRLJHHGFBB38CC,松觀段,.00,都市：住,,,,10280000
RPVNMLRLJHHGFAB87CC,東勢子段,.00,都市：住,,,,00280253
RPRUMLQLJHHGFBB18CC,東光段,.00,都市：商,,,,01950001
RPQNMLRLJHHGFAB37CC,公館段,.00,都市：住,,,,00620001
RPWNMLRLJHHGFAB97CC,練武段,14.91,都市：商,,,,10740000
RPWNMLRLJHHGFCB18CC,國安段,.00,都市：住,,,,02920002
RPTNMLRLJHHGFCB87CC,國安段,17.39,都市：住,,,,02970000
RPXNMLRLJHHGFCB28CC,寶山段,.00,都市：住,,,,12440000
RPWOMLRLJHHGFCB28CC,國安段,.00,都市：住,,,,02920002
RPPQMLRLJHHGFCB77CC,大明段,50.62,都市：住,,,,01610000
RPRNMLRLJHHGFCB67CC,福安段,.00,都市：住,,,,07790000
RPSQMLRLJHHGFCB08CC,民安段,.00,都市：住,,,,12270000
RPSQMLRLJHHGFCB08CC,民安段,.00,都市：住,,,,12280000
RPPOMLRLJHHGFHB08CC,牛埔段,1161.72,都市：其他:農業區,,,,02190000
RPXNMLRLJHHGFHB78CC,大新段,16.13,都市：住,,,,06650000
RPPNMLRLJHHGFJB18CC,宜欣段,.00,都市：住,,,,19130005
RPOOMLRLJHHGFHB97CC,三和段,.00,都市：住,,,,09970000
RPVNMLRLJHHGFJB78CC,宜欣段,20.21,都市：住,,,,20760000
RPTNMLRLJHHGFJB58CC,勤益段,.00,非都市：鄉村區 ; 非都市編定：乙種建築用地,,,,07920000
RPWNMLRLJHHGFJB88CC,新興段,27.11,都市：住,,,,01500000
RPUNMLSLJHHGFJB78CC,光明段,.00,非都市：鄉村區 ; 非都市編定：乙種建築用地,,,,10890000
RPQNMLRLJHHGFKB38CC,東園段,.00,非都市：鄉村區 ; 非都市編定：乙種建築用地,,,,07470000
RPOOMLRLJHHGFJB18CC,樹孝段,11.25,都市：住,,,,16340000
RPUNMLRLJHHGFJB68CC,新坪段,28.39,都市：住,,,,00020000
RPVNMLSLJHHGFDB28CC,車路墘段車路墘小段,148.00,都市：住,,,,00080053
RPSNMLSLJHHGFIB48CC,長春段,62.17,都市：住,,,,03530008
RPOPMLSLJHHGFFB97CC,市鎮北段,15.92,都市：商,,,,02380000
RPSNMLSLJHHGFCB87CC,民安段,.00,都市：住,,,,18860000
RPQNMLSLJHHGFCB67CC,民安段,.00,都市：住,,,,05790000
RPWNMLSLJHHGFCB28CC,惠國段,.00,都市：其他:第六種新市政中心專用區,,,,01270000
RPTNMLSLJHHGFCB97CC,豐業段,.00,都市：住,,,,02020000
RPUPMLSLJHHGFCB28CC,何厝段,.00,都市：其他:市場用地,,,,02610010
RPOQMLSLJHHGFCB77CC,豐業段,.00,都市：住,,,,01990000
RPXPMLSLJHHGFCB58CC,惠來厝段,.00,都市：住,,,,05190000
RPPOMLSLJHHGFCB67CC,大墩段,16.01,都市：住,,,,04690000
RPWNMLSLJHHGFAB08CC,樹子腳段,17.21,都市：住,,,,06010000
RPPNMLSLJHHGFBB47CC,東信段,.00,都市：住,,,,01320000
RPRNMLSLJHHGFBB67CC,水源段,81.85,都市：住,,,,02760009
RPUNMLSLJHHGFBB97CC,建業段,13.43,都市：住,,,,05790000
RPQNMLSLJHHGFBB57CC,錦村段,.00,都市：住,,,,02130051
RPTOMLSLJHHGFAB87CC,樹子腳段,8.31,都市：商,,,,07410000
RPOPMLSLJHHGFBB57CC,同榮段,12.20,都市：住,,,,14900003
RPQNMLRJKHHGFFB77CC,三鹿段,.00,都市：住,,,,15040000
RPPQMLSLJHHGFBB77CC,乾溝子段,.00,都市：住,,,,00740000
RPXNMLRJKHHGFBB08CC,仁美段,.00,都市：商,,,,17530000
RPQPMLSLJHHGFBB77CC,松竹段,13.25,都市：住,,,,00360000
RPPNMLKMJHHGFKB67CC,福德段,266.01,都市：其他:道路用地,,,,05950000
RPPNMLKMJHHGFKB67CC,福德段,126.37,都市：住,,,,05940000
RPSNMLRJKHHGFCB67CC,民安段,.00,都市：住,,,,06910000
RPTPMLSJKHHGFBB97CC,賴厝?段,2.98,都市：商,,,,00310003
RPTPMLSJKHHGFBB97CC,邱厝子段,2.39,都市：商,,,,00310062
RPSSMLRJKHHGFCB18CC,黎明段,16.03,都市：住,,,,00310000
RPPRMLRJKHHGFCB77CC,福順段,2662.26,都市：住,,,,00630000
RPTPNLRJKHHGFBB97CC,松觀段,77.00,都市：商,,,,04100000
RPUPMLSJKHHGFBB08CC,東光段,2.57,都市：住,,,,01950001
RPWPMLSJKHHGFBB28CC,東峰段,5.00,都市：住,,,,01410000
RPPQMLSJKHHGFBB67CC,賴厝?段,5.88,都市：住,,,,04380001
RPVQMLSJKHHGFBB28CC,平田段,6.90,都市：住,,,,01800000
RPXPMLSJKHHGFBB38CC,東峰段,10.50,都市：住,,,,01580000
RPVPMLSJKHHGFBB18CC,錦村段,35.00,都市：住,,,,03570106
RPVPMLSJKHHGFBB18CC,錦村段,55.00,都市：住,,,,03570109
RPTSMLSJKHHGFBB28CC,松竹段,11.02,都市：住,,,,00310000
RPVSMLSJKHHGFBB48CC,中清段,14.05,都市：住,,,,03230000
RPSSMLSJKHHGFBB18CC,錦村段,25.44,都市：商,,,,02520003
RPUPMLSJKHHGFKB98CC,龍目井段水師寮小段,.00,都市：住,,,,00980000
RPQPMLSJKHHGFDB87CC,車路墘段車路墘小段,.00,都市：住,,,,00020010
RPQRMLSJKHHGFBB87CC,東正段,.00,都市：商,,,,01040000
RPTQMLSJKHHGFKB98CC,東園段,.00,非都市：鄉村區 ; 非都市編定：乙種建築用地,,,,07470000
RPWPMLSJKHHGFIB98CC,新光段,185.09,都市：住,,,,04880000
RPSPMLSJKHHGFIB58CC,大里段,1207.00,非都市：特定農業區 ; 非都市編定：農牧用地,,,,11280001
RPOQMLSJKHHGFIB28CC,新三和段,25.72,都市：住,,,,00790000
RPSNMLTJKHHGFKB68CC,東園段,.00,非都市：鄉村區 ; 非都市編定：乙種建築用地,,,,07470000
RPWNMLTJKHHGFDB38CC,南村段,39.66,都市：工,,,,00580000
RPVQMLSJKHHGFKB56CC,田水段,43.14,都市：住,,,,09920000
RPWPMLTJKHHGFFB78CC,保成段,297.52,都市：其他:保護區,,,,05530000
RPVRMLTJKHHGFBB48CC,東峰段,22.67,都市：住,,,,01310000
RPPPMLTJKHHGFAB57CC,麻園頭段,.00,都市：住,,,,01320000
RPWPMLTJKHHGFCB48CC,田心段,34.00,都市：商,,,,03390006
RPXPMLTJKHHGFCB58CC,豐富段,95.92,都市：商,,,,01290002
RPSNMLTJKHHGFHB38CC,大榮段,24.31,都市：住,,,,01250000
RPSQMLTJKHHGFAB97CC,仁愛段七小段,5.36,都市：商,,,,00070006
RPRRMLTJKHHGFBB08CC,東山段,7.12,都市：住,,,,00390000
RPSRMLTJKHHGFCB28CC,大新段,25.81,都市：住,,,,01870000
RPXOMLKKKHHGFCB67CC,下石碑段,4.93,都市：住,,,,16910000
RPOQMLTJKHHGFAB57CC,信義段八小段,.00,都市：住,,,,00050000
RPUPMLKKKHHGFCB47CC,西屯段,.00,都市：住,,,,20320041
RPWPMLKKKHHGFCB67CC,田心段,.00,都市：住,,,,08960000
RPQQMLKKKHHGFCB17CC,西屯段,3.36,都市：住,,,,21460000
RPROMLKKKHHGFBB96CC,北屯段,.00,都市：住,,,,02800018
RPTPMLKKKHHGFCB37CC,上石碑段,5.92,都市：住,,,,15350000
RPTTMLKKKHHGFBB67CC,乾溝子段,.00,都市：住,,,,01430056
RPQOMLKKKHHGFDB07CC,安康段,.00,都市：住,,,,02420000
RPQNMLKKKHHGFHB37CC,甘潭段,9.21,都市：住,,,,04910000
RPQPMLKKKHHGFKB87CC,龍田段,.00,都市：住,,,,10610000
RPTQMLKKKHHGFBB37CC,賴厝?段,5.95,都市：住,,,,01120072
RPVNMLKKKHHGFIB97CC,德芳段,19.75,都市：住,,,,05290000
RPXRMLKKKHHGFBB87CC,錦村段,1.61,都市：商,,,,03310017
RPXRMLKKKHHGFBB87CC,錦村段,.92,都市：商,,,,03310018
RPRNMLLKKHHGFKB97DC,遊園段,185.00,非都市：鄉村區 ; 非都市編定：特定目的事業用地,,,,04700000
RPXRMLKKKHHGFBB87CC,錦村段,.05,都市：商,,,,03310027
RPPSMLLKKHHGFIB97CC,大忠段,.00,都市：住,,,,02810004
RPURMLLKKHHGFIB38CC,九如段,9.35,都市：住,,,,05260000
RPXRMLLKKHHGFIB68CC,成功段,.00,都市：住,,,,13720000
RPWNMLKKKHHGFCB57DC,惠民段,13.84,都市：其他:第六種新市政中心專用區,,,,01110000
RPXPMLLKKHHGFJB58CC,長億段,24.38,都市：住,,,,09650000
RPPRMLLKKHHGFBB17CC,錦村段,3.58,都市：住,,,,03280019
RPWQMLLKKHHGFCB87CC,國安段,13.54,都市：住,,,,01740000
RPUPMLLKKHHGFCB57CC,黎明段,.00,都市：住,,,,01070002
RPUQMLLKKHHGFBB57CC,中清段,10.98,都市：住,,,,05710000
RPVNMLNKKHHGFBB57CC,東光段,18.83,都市：商,,,,02060000
RPQNMLMKKHHGFDB17CC,五汴段,84.05,都市：住,,,,08630000
RPRNMLNKKHHGFIB87CC,北新段,18.65,都市：住,,,,10490000
RPSOMLLKKHHGFAB07CC,大益段,.00,都市：住,,,,08250000
RPUNMLNKKHHGFCB57CC,福德段,8.79,都市：商,,,,02080000
RPWNMLNKKHHGFCB77CC,福順段,9.55,都市：住,,,,00910000
RPWNMLNKKHHGFCB77CC,福順段,5.41,都市：住,,,,01080000
RPRNMLMKKHHGFBB07CC,錦村段,12.12,都市：商,,,,01850000
RPUOMLOKKHHGFCB77CC,順和段,.00,都市：工,,,,04860000
RPORMLOKKHHGFCB47CC,楓溪段,814.11,都市：住,,,,04310000
RPQOMLOKKHHGFBB27CC,錦村段,6.10,都市：住,,,,02190007
RPURMLOKKHHGFCB08CC,中仁段,22.46,都市：住,,,,04860000
RPXPMLOKKHHGFBB08CC,東光段,.00,都市：商,,,,01880000
RPTOMLOKKHHGFCB67CC,中和段,25.17,都市：住,,,,04270000
RPPQMLOKKHHGFBB37CC,錦村段,22.20,都市：住,,,,03590055
RPPQMLOKKHHGFBB37CC,錦村段,.09,都市：其他:道路用地,,,,03590048
RPPQMLOKKHHGFBB37CC,錦村段,3.84,都市：其他:道路用地,,,,03590089
RPUNMLOKKHHGFAB47CC,麻園頭段,11.48,都市：住,,,,01320000
RPROMLOKKHHGFBB37CC,仁美段,14.97,都市：住,,,,04080002
RPTPMLOKKHHGFBB67CC,東義段,30.76,都市：住,,,,03520000
RPVNMLOKKHHGFAB57CC,平和段,2.60,都市：商,,,,00500000
RPTQMLOKKHHGFAB67CC,樹子腳段,12.38,都市：住,,,,06280000
RPTOMLOKKHHGFIB28CC,霧峰段霧峰小段,106.49,非都市：山坡地保育區 ; 非都市編定：丙種建築用地,,,,00210037
RPUNMLOKKHHGFIB28CC,光正段,6.28,非都市：工業區 ; 非都市編定：丁種建築用地,,,,02740012
RPOPMLOKKHHGFIB87CC,立新段,64.87,非都市：鄉村區 ; 非都市編定：乙種建築用地,,,,07840000
RPWNMLOKKHHGFKB68CC,山腳段,18.18,都市：住,,,,00840000
RPQNMLOKKHHGFIB87CC,長春段,37.35,都市：住,,,,05350024
RPQNMLOKKHHGFIB87CC,長春段,10.78,都市：住,,,,05350000
RPXNMLOKKHHGFJB68CC,育賢段,947.81,都市：住,,,,01230000
RPUNMLOKKHHGFDB77CC,西湳段,116.37,都市：住,,,,06700000
RPTOMLOKKHHGFFB97CC,朝興段,86.59,都市：工,,,,06720000
RPTOMLOKKHHGFFB97CC,朝興段,89.26,都市：工,,,,06730000
RPUNMLOKKHHGFFB97CC,南簡段,36.68,都市：住,,,,05350000
RPWOMLPKKHHGFIB78DC,大峰段,65.10,都市：住,,,,07910000
RPXNMLOKKHHGFKB78CC,龍目井段水師寮小段,22.96,都市：住,,,,00930000
RPWOMLPKKHHGFFB38CC,新竹林段,.00,都市：住,,,,05770000
RPWOMLPKKHHGFFB38CC,新竹林段,.00,都市：住,,,,05770009
RPQPMLPKKHHGFFB87CC,六福段,117.11,都市：住,,,,00780000
RPUNMLOKKHHGFHB18CC,聖宮段,31.83,都市：住,,,,11530000
RPROMLPKKHHGFIB18CC,德芳段,23.05,都市：住,,,,05290000
RPXOMLPKKHHGFIB78CC,武德段,27.31,都市：住,,,,05870000
RPSPMLPKKHHGFFB08CC,晉江北段,8.98,都市：住,,,,01080000
RPPSMLOKKHHGFBB67DC,錦村段,9.87,都市：商,,,,01850000
RPQOMLPKKHHGFAB27CC,頂橋子頭段,.00,都市：住,,,,00890002
RPROMLPKKHHGFBB47CC,松觀段,.00,都市：住,,,,07920000
RPRRMLPKKHHGFBB77CC,仁德段,30.67,都市：住,,,,08220000
RPSQMLPKKHHGFCB87CC,中正段,51.84,都市：住,,,,01060000
RPTOMLPKKHHGFIB38CC,光日段,.00,都市：商,,,,06280000
RPTNMLQKKHHGFCB77CC,上石碑段,102.85,都市：住,,,,12150000
RPUQMLPKKHHGFCB08CC,何安段,4.93,都市：住,,,,03710000
RPOOMLQKKHHGFCB37CC,田心段,.00,都市：住,,,,10260000
RPOQMLQKKHHGFCB57CC,惠禮段,229.69,都市：住,,,,01440000
RPXRMLPKKHHGFBB38CC,邱厝子段,.00,都市：住,,,,00340234
RPRQMLPKKHHGFCB77CC,中正段,5.63,都市：住,,,,01550000
RPSQMLQKKHHGFCB97CC,田心段,173.00,都市：住,,,,08770006
RPQRMLQKKHHGFCB87CC,中正段,5.99,都市：商,,,,01550000
RPRRMLQKKHHGFCB97CC,中正段,5.67,都市：商,,,,01550000
RPSRMLQKKHHGFCB08CC,中仁段,16.00,都市：住,,,,05270000
RPTQMLQKKHHGFCB08CC,龍富段,.00,都市：住,,,,00860000
RPQQMLQKKHHGFCB77CC,惠禮段,229.69,都市：住,,,,01440000
RPUOMLQKKHHGFBB87CC,錦村段,.00,都市：住,,,,02510026
RPTQMLQKKHHGFAB87CC,後?子段,.00,都市：住,,,,02340015
RPRQMLQKKHHGFAB67CC,頂橋子頭段,.00,都市：住,,,,00980068
RPSNMLQKKHHGFIB28CC,新光段,.00,都市：住,,,,09880000
RPTOMLQKKHHGFIB48CC,新榮和段,3.97,都市：住,,,,00290000
RPQOMLQKKHHGFIB18CC,大義段,.00,都市：住,,,,00420000
RPPOMLQKKHHGFBB37CC,青雲段,3651.00,都市：住,,,,05570000
RPRNMLQKKHHGFHB08CC,六寶段,165.00,非都市：鄉村區 ; 非都市編定：水利用地,,,,10240000
RPVNMLQKKHHGFFB28CC,市鎮南段,.00,都市：住,,,,01080000
RPVRMLQKKHHGFBB28CC,賴厝?段,3.19,都市：商,,,,00310003
RPVRMLQKKHHGFBB28CC,邱厝子段,2.56,都市：商,,,,00310062
RPQNMLQKKHHGFDB57CC,新綠山段,18.56,都市：住,,,,04690000
RPRNMLQKKHHGFIB18CC,中興段,.00,都市：住,,,,02010000
RPSOMLQKKHHGFDB87CC,大富段,.00,都市：住,,,,05800001
RPSOMLQKKHHGFDB87CC,大富段,.00,都市：住,,,,05830001
RPSOMLQKKHHGFDB87CC,大富段,.00,都市：住,,,,05800000
RPQOMLQKKHHGFDB77DC,豐年段,666.13,都市：工,,,,14650000
RPQNMLQKKHHGFGB87CC,新農段,.00,都市：住,,,,06460000
RPQOMLQKKHHGFDB77DC,豐年段,265.65,都市：其他:綠地,,,,14660000
RPTNMLRKKHHGFDB97CC,成功段,191.84,都市：住,,,,01940001
RPUNMLRKKHHGFHB48CC,華泰段,11.55,都市：住,,,,00390000
RPRNMLRKKHHGFIB28CC,光日段,18.82,都市：住,,,,01500000
RPTNMLQKKHHGFDB87CC,萬年段,.00,都市：住,,,,00750000
RPUNMLRKKHHGFIB58CC,新光段,23.94,都市：住,,,,09670000
RPPOMLRKKHHGFDB67CC,舊圳段,68.27,非都市：一般農業區 ; 非都市編定：甲種建築用地,,,,07100004
RPOPMLRKKHHGFIB18CC,新仁段,282.00,都市：商,,,,04860000
RPSNMLRKKHHGFHB28CC,華泰段,62.88,都市：住,,,,00570005
RPSNMLRKKHHGFIB38CC,新站南段,15.48,都市：住,,,,01120000
RPXNMLRKKHHGFKB09CC,東園段,.00,非都市：鄉村區 ; 非都市編定：乙種建築用地,,,,07470000
RPPRMLRKKHHGFBB77CC,東義段,6.11,都市：住,,,,01080000
RPPRMLRKKHHGFBB77CC,東義段,8.22,都市：住,,,,01080005
RPPRMLRKKHHGFBB77CC,東義段,6.08,都市：住,,,,01080021
RPUSMLRKKHHGFBB38CC,竹興段,.00,都市：住,,,,01070000
RPWNMLRKKHHGFKB98CC,龍目井段水師寮小段,.00,都市：住,,,,00790000
RPTQMLRKKHHGFBB08CC,東信段,.00,都市：住,,,,02580000
RPSTMLRKKHHGFBB28CC,東正段,5.72,都市：商,,,,01430000
RPUNMLRKKHHGFCB97CC,惠國段,20.93,都市：其他:新市政中心專用區,,,,01840000
RPTTMLRKKHHGFBB38CC,賴厝?段,.29,都市：商,,,,00310003
RPTTMLRKKHHGFBB38CC,邱厝子段,.23,都市：商,,,,00310062
RPPPMLRKKHHGFCB67CC,惠民段,14.92,都市：其他:新市政中心專用區,,,,01110000
RPOUMLRKKHHGFBB97CC,賴厝?段,.14,都市：商,,,,00310003
RPOUMLRKKHHGFBB97CC,邱厝子段,.11,都市：商,,,,00310062
RPSOMLRKKHHGFCB87CC,保安段,.00,都市：住,,,,04580000
RPVPMLRKKHHGFCB28CC,保安段,.00,都市：住,,,,10500000
RPTOMLRKKHHGFCB97CC,惠民段,19.66,都市：其他:新市政中心專用區,,,,01430001
RPXQMLRKKHHGFCB58CC,西屯段,3.47,都市：住,,,,20320001
RPQPMLRKKHHGFCB77CC,惠民段,50.34,都市：其他:新市政中心專用區,,,,01390000
RPXRMLRKKHHGFCB68CC,大墩段,14.14,都市：住,,,,00250000
RPQSMLSKKHHGFCB18CC,下石碑段,71.00,都市：住,,,,16310000
RPUUMLSKKHHGFCB78CC,惠民段,21.82,都市：其他:第八種新市政專中心用區,,,,01430001
RPQVMLSKKHHGFCB48CC,國安段,.00,都市：住,,,,02820000
RPOOMLSKKHHGFBB47CC,平田段,15.45,都市：住,,,,01100000
RPWUMLSKKHHGFCB98CC,惠來厝段,2.25,都市：住,,,,16370000
RPXQMLSKKHHGFBB58CC,建功段,.00,都市：住,,,,11050000
RPRTMLSKKHHGFCB38CC,西屯段,3.63,都市：住,,,,22950000
RPPRMLSKKHHGFBB87CC,東峰段,.00,都市：住,,,,01580000
RPWPMLSKKHHGFBB38CC,東信段,23.78,都市：住,,,,02560000
RPQRMLSKKHHGFBB97CC,東正段,23.06,都市：住,,,,00830000
RPPOMLSKKHHGFBB57CC,松昌段,14.43,都市：住,,,,06050000
RPVPMLSKKHHGFBB28CC,中興段,5.54,都市：住,,,,01460000
RPRRMLSKKHHGFBB08CC,錦村段,9.87,都市：住,,,,02620002
RPSRMLSKKHHGFBB18CC,北屯段,11.06,都市：住,,,,05480027
RPPOMLSKKHHGFDB77CC,車路墘段車路墘小段,10.00,都市：其他:部分住宅區部分道路用地,,,,00190001
RPPOMLSKKHHGFDB77CC,車路墘段車路墘小段,540.00,都市：住,,,,00190004
RPUNMLSKKHHGFDB18CC,北陽段,106.00,都市：住,,,,05170005
RPQNMLSKKHHGFIB28CC,峰西段,18.11,都市：住,,,,07440000
RPQNMLSKKHHGFFB97CC,市鎮北段,12.74,都市：商,,,,02010000
RPXOMLSKKHHGFAB28CC,練武段,.00,都市：住,,,,05710000
RPVPMLSKKHHGFFB68CC,民權段,20.81,都市：住,,,,13540002
RPXOMLSKKHHGFFB78CC,市鎮北段,13.44,都市：商,,,,02380000
RPUOMLSKKHHGFFB48CC,市鎮北段,13.95,都市：商,,,,00420000
RPRNMLTKKHHGFAB67CC,下橋子頭段,3.78,都市：住,,,,02180204
RPWOMLSKKHHGFFB68CC,市鎮北段,12.86,都市：商,,,,02380000
