﻿編號,土地位置,土地移轉面積(平方公尺),使用分區或編定,權利人持分分母,權利人持分分子,移轉情形,地號
The serial number, land position,land shifting area square meter,the use zoning or compiles and checks,,,,land parcel
RPRNMLLKKIGGFDC27CC,代天府段,.00,都市：住,,,,08370000
RPPNMLLKKIGGFDC07CC,南新段,.00,都市：住,,,,03940000
RPVNMLLKKIGGFDC67CC,南新段,.00,都市：住,,,,11440000
RPRNMLLKKIGGFDC27CC,代天府段,.00,都市：其他:道路用地,,,,08370006
RPXNMLLKKIGGFDC87CC,湖海段,.00,都市：住,,,,06080000
RPUNMLLKKIGGFDC57CC,麥金段,.00,都市：住,,,,05350000
RPWNMLLKKIGGFDC77CC,保定段,.00,都市：其他:部份住宅區(住三)部份道路用地,,,,01110002
RPSNMLLKKIGGFDC37CC,源遠段,.00,都市：住,,,,13280010
RPPOMLLKKIGGFDC17CC,深澳段,.00,都市：住,,,,07640000
RPTNMLLKKIGGFDC47CC,工建段,.00,都市：住,,,,05120000
RPQNMLLKKIGGFDC17CC,光明段,.00,都市：住,,,,00730000
RPSOMLLKKIGGFDC47CC,調和段,.00,都市：住,,,,14130000
RPTOMLLKKIGGFDC57CC,南新段,.00,都市：住,,,,04780100
RPQOMLLKKIGGFDC27CC,新城段,.00,都市：住,,,,08380000
RPUOMLLKKIGGFDC67CC,調和段,.00,都市：其他:部份道路用地部份住宅區(住二),,,,14150000
RPXOMLLKKIGGFDC97CC,新會段,.00,都市：住,,,,02700000
RPPPMLLKKIGGFDC27CC,麥金段,.00,都市：住,,,,05250000
RPOPMLLKKIGGFDC17CC,德安段,.00,都市：住,,,,05380000
RPROMLLKKIGGFDC37CC,代天府段,.00,都市：其他:特別住宅區(特住二),,,,06430000
RPQPMLLKKIGGFDC37CC,德安段,.00,都市：住,,,,04740000
RPWOMLLKKIGGFDC87CC,德安段,.00,都市：住,,,,06430000
RPVOMLLKKIGGFDC77CC,安國段,.00,都市：住,,,,00360001
RPTPMLLKKIGGFDC67CC,調和段,.00,都市：住,,,,14140000
RPUPMLLKKIGGFDC77CC,長潭段,.00,都市：住,,,,08920000
RPRPMLLKKIGGFDC47CC,代天府段,.00,都市：住,,,,08370000
RPRPMLLKKIGGFDC47CC,代天府段,.00,都市：其他:道路用地,,,,08370006
RPWPMLLKKIGGFDC97CC,深美段,.00,都市：住,,,,08040000
RPVPMLLKKIGGFDC87CC,長潭段,.00,都市：住,,,,08920000
RPXPMLLKKIGGFDC08CC,中正段三小段,.00,都市：住,,,,00270049
RPSPMLLKKIGGFDC57CC,武嶺段,.00,都市：住,,,,05120000
RPOQMLLKKIGGFDC27CC,工建段,.00,都市：住,,,,05120000
RPTOMLOKKIGGFDC87CC,代天府段,.00,都市：其他:市場用地,,,,08060000
RPTOMLOKKIGGFDC87CC,代天府段,.00,都市：其他:道路用地,,,,08060003
RPSOMLOKKIGGFDC77CC,長潭段,.00,都市：住,,,,08450003
RPOPMLNKKIGGFDC37CC,麥金段,23.66,都市：住,,,,01980000
RPVPMLQKKIGGFDC38CC,麥金段,.00,都市：住,,,,03930000
RPWPMLQKKIGGFDC48CC,調和段,.00,都市：住,,,,11250000
RPOPMLNKKIGGFDC37CC,麥金段,.69,都市：住,,,,01990000
RPUOMLOKKIGGFDC97CC,調和段,.00,都市：住,,,,14140000
RPOPMLNKKIGGFDC37CC,麥金段,.75,都市：住,,,,02000000
RPXOMLOKKIGGFDC28CC,麥金段,7.11,都市：住,,,,05250000
RPXOMLOKKIGGFDC28CC,麥金段,.00,都市：住,,,,05270001
RPXOMLOKKIGGFDC28CC,麥金段,.00,都市：住,,,,05290002
RPOQMLQKKIGGFDC77CC,延年段,.00,都市：住,,,,06250000
RPQQMLQKKIGGFDC97CC,長潭段,.00,都市：住,,,,08450003
RPTQMLQKKIGGFDC28CC,源遠段,.00,都市：住,,,,12400000
RPROMLRKKIGGFDC97CC,德安段,.00,都市：住,,,,05360000
RPPOMLRKKIGGFDC77CC,祥豐段,.00,都市：住,,,,05170000
RPPOMLRKKIGGFDC77CC,祥豐段,.00,都市：住,,,,05180000
RPPOMLRKKIGGFDC77CC,祥豐段,.00,都市：住,,,,05540000
RPSQMLQKKIGGFDC18CC,新中山段,.00,都市：其他:部份商業區,,,,00060000
RPWOMLRKKIGGFDC48CC,新會段,.00,都市：住,,,,05080000
RPXOMLRKKIGGFDC58CC,代天府段,.00,都市：其他:特別住宅區(特住二),,,,06430000
RPQPMLRKKIGGFDC97CC,五堵段五堵北小段,.00,都市：住,,,,10870000
RPPPMLRKKIGGFDC87CC,東信段二小段,.00,都市：商,,,,00060003
RPTPMLRKKIGGFDC28CC,金華段,.00,都市：住,,,,04670000
RPOPMLRKKIGGFDC77CC,長潭段,.00,都市：住,,,,08920000
RPUPMLRKKIGGFDC38CC,港濱段,.00,都市：住,,,,08180000
RPVOMLOKKIGGFDC08CC,過港段,.00,都市：住,,,,03240000
RPOQMLRKKIGGFDC87CC,祥豐段,.00,都市：住,,,,05170000
RPOQMLRKKIGGFDC87CC,祥豐段,.00,都市：住,,,,05180000
RPOQMLRKKIGGFDC87CC,祥豐段,.00,都市：住,,,,05540000
RPXPMLQKKIGGFDC58CC,武嶺段,.00,都市：住,,,,04830000
RPPQMLRKKIGGFDC97CC,調和段,.00,都市：住,,,,03840000
RPRQMLRKKIGGFDC18CC,新城段,.00,都市：其他:部份住宅區(住一之一)部份保護區,,,,06530000
RPSQMLRKKIGGFDC28CC,金華段,.00,都市：住,,,,04670000
RPQQMLRKKIGGFDC08CC,明德段,.00,都市：住,,,,06350000
RPVOMLRKKIGGFDC38CC,大德段,.00,都市：商,,,,05640000
RPUOMLKLKIGGFDC67CC,福祿段,.00,都市：住,,,,05090000
RPVOMLKLKIGGFDC77CC,過港段,.00,都市：住,,,,00120000
RPTOMLLLKIGGFDC67CC,長潭段,.00,都市：住,,,,08920000
RPVOMLLLKIGGFDC87CC,保定段,.00,都市：住,,,,01520000
RPOPMLKLKIGGFDC17CC,港濱段,.00,都市：住,,,,06090000
RPWOMLLLKIGGFDC97CC,仁德段,.00,都市：住,,,,00550000
RPUOMLLLKIGGFDC77CC,調和段,.00,都市：住,,,,03840000
RPXOMLLLKIGGFDC08CC,忠義段六小段,.00,都市：住,,,,00370039
RPPPMLLLKIGGFDC37CC,忠義段五小段,.00,都市：住,,,,00250015
RPUPMLLLKIGGFDC87CC,大德段,.00,都市：住,,,,00010000
RPSPMLLLKIGGFDC67CC,武嶺段,.00,都市：其他:部份道路用地部份住宅區(住一),,,,04850000
RPTPMLLLKIGGFDC77CC,工建段,6.67,都市：住,,,,02290000
RPWPMLLLKIGGFDC08CC,長潭段,.00,都市：住,,,,08920000
RPPQMLLLKIGGFDC47CC,代天府段,.00,都市：住,,,,06220000
RPVPMLLLKIGGFDC97CC,長潭段,.00,都市：住,,,,07760001
RPXPMLLLKIGGFDC18CC,深美段,.00,都市：住,,,,03000000
RPTQMLLLKIGGFDC87CC,和平段,.00,都市：住,,,,02840000
RPWQMLLLKIGGFDC18CC,長潭段,.00,都市：住,,,,08450003
RPXQMLLLKIGGFDC28CC,新城段,.00,都市：其他:部份住宅區(住一之一)部份保護區,,,,06530000
RPRRMLLLKIGGFDC77CC,新會段,.00,都市：住,,,,02100000
RPTRMLLLKIGGFDC97CC,武嶺段,.00,都市：其他:部份道路用地部份住宅區(住一),,,,03930000
RPTRMLLLKIGGFDC97CC,武嶺段,.00,都市：住,,,,03930003
RPVQMLLLKIGGFDC08CC,源遠段,.00,都市：商,,,,11400006
RPVQMLLLKIGGFDC08CC,源遠段,.00,都市：住,,,,11410015
RPSPMLMLKIGGFDC77CC,五堵段五堵北小段,.00,都市：其他:部份住宅區(附二)部份公園用地,,,,05820000
RPSPMLMLKIGGFDC77CC,五堵段五堵北小段,.00,都市：其他:部份住宅區(附二)部份公園用地,,,,05830000
RPWPMLMLKIGGFDC18CC,深美段,.00,都市：住,,,,06560000
RPUPMLMLKIGGFDC97CC,大華段,.00,都市：住,,,,03990000
RPURMLLLKIGGFDC08CC,長潭段,.00,都市：商,,,,08350000
RPPQMLMLKIGGFDC57CC,代天府段,.00,都市：住,,,,08370000
RPQQMLMLKIGGFDC67CC,新城段,.00,都市：住,,,,09700000
RPPQMLMLKIGGFDC57CC,代天府段,.00,都市：其他:道路用地,,,,08370006
RPRQMLMLKIGGFDC77CC,深美段,.00,都市：住,,,,06560000
RPSQMLMLKIGGFDC87CC,武嶺段,.00,都市：住,,,,04830000
RPUQMLMLKIGGFDC08CC,深美段,.00,都市：住,,,,06560000
RPORMLMLKIGGFDC57CC,代天府段,.00,都市：住,,,,06040000
RPTRMLMLKIGGFDC08CC,武嶺段,.00,都市：住,,,,05200000
RPPRMLMLKIGGFDC67CC,成功段,.00,都市：商,,,,02690000
RPQSMLMLKIGGFDC87CC,西定段,.00,都市：住,,,,08050000
RPUSMLMLKIGGFDC28CC,調和段,.00,都市：住,,,,11250000
RPOTMLMLKIGGFDC77CC,調和段,.00,都市：住,,,,14130000
RPVSMLMLKIGGFDC38CC,新店段三小段,26.25,都市：商,,,,00830000
RPXSMLMLKIGGFDC58CC,調和段,.00,都市：住,,,,14140000
RPSTMLMLKIGGFDC18CC,培德段,.00,都市：住,,,,07330000
RPQTMLMLKIGGFDC97CC,安國段,.00,都市：住,,,,00270000
RPQTMLMLKIGGFDC97CC,安國段,.00,都市：住,,,,00270022
RPPTMLMLKIGGFDC87CC,湖海段,.00,都市：住,,,,05060000
RPWTMLMLKIGGFDC58CC,深美段,.00,都市：住,,,,08150000
RPTTMLMLKIGGFDC28CC,武嶺段,.00,都市：其他:部份道路用地部份住宅區(住一),,,,03680000
RPTTMLMLKIGGFDC28CC,武嶺段,.00,都市：其他:道路用地,,,,03680001
RPXTMLMLKIGGFDC68CC,代天府段,.00,都市：住,,,,06340000
RPRTMLMLKIGGFDC08CC,安國段,.00,都市：其他:部份道路用地部份住宅區,,,,00630002
RPUTMLMLKIGGFDC38CC,五堵段五堵北小段,.00,都市：住,,,,09080000
RPOUMLMLKIGGFDC87CC,延平段,.00,都市：商,,,,07070000
RPPUMLMLKIGGFDC97CC,港濱段,.00,都市：住,,,,15100000
RPQUMLMLKIGGFDC08CC,麥金段,.00,都市：住,,,,05350000
RPRUMLMLKIGGFDC18CC,南新段,.00,都市：住,,,,04780085
RPVUMLMLKIGGFDC58CC,長潭段,.00,都市：住,,,,08450003
RPXNMLNLKIGGFDC18CC,東明段,.00,都市：住,,,,01250000
RPPOMLNLKIGGFDC47CC,新城段,.00,都市：住,,,,09630000
RPUUMLMLKIGGFDC48CC,調和段,.00,都市：住,,,,03850000
RPWNMLNLKIGGFDC08CC,新會段,.00,都市：住,,,,05010000
RPSOMLNLKIGGFDC77CC,長潭段,.00,都市：住,,,,08450003
RPVNMLNLKIGGFDC97CC,代天府段,.00,都市：住,,,,07570000
RPVNMLNLKIGGFDC97CC,代天府段,.00,都市：住,,,,07570001
RPVOMLNLKIGGFDC08CC,長潭段,.00,都市：住,,,,08920000
RPUOMLNLKIGGFDC97CC,麥金段,.00,都市：住,,,,05350000
RPWOMLNLKIGGFDC18CC,光明段,.00,都市：其他:部份道路用地部份住宅區,,,,08320000
RPPPMLNLKIGGFDC57CC,暖暖段暖暖小段,.00,都市：住,,,,04400000
RPOPMLNLKIGGFDC47CC,德安段,.00,都市：其他:部份道路用地部份住宅區(住二),,,,09010000
RPRPMLNLKIGGFDC77CC,明德段,.00,都市：住,,,,06490000
RPUPMLNLKIGGFDC08CC,長潭段,.00,都市：住,,,,08450003
RPTPMLNLKIGGFDC97CC,暖暖段暖暖小段,.00,都市：住,,,,03740000
RPOQMLNLKIGGFDC57CC,源遠段,.00,都市：住,,,,11280008
RPXPMLNLKIGGFDC38CC,源遠段,.00,都市：住,,,,11280008
RPQQMLNLKIGGFDC77CC,德厚段,.00,都市：商,,,,01420003
RPQRMLNLKIGGFDC87CC,港濱段,.00,都市：住,,,,05030002
RPWSMLNLKIGGFDC58CC,成功段,.00,都市：其他:部份道路用地部份商業區,,,,10920000
RPTRMLNLKIGGFDC18CC,南新段,.00,都市：住,,,,11470000
RPSTMLNLKIGGFDC28CC,明德段,.00,都市：住,,,,00860000
RPOSMLNLKIGGFDC77CC,武嶺段,.00,都市：住,,,,01860000
RPVTMLNLKIGGFDC58CC,大德段,.00,都市：住,,,,00010000
RPXTMLNLKIGGFDC78CC,延年段,.00,都市：住,,,,11010000
RPQUMLNLKIGGFDC18CC,港濱段,.00,都市：商,,,,11550000
RPXTMLNLKIGGFDC78CC,延年段,.00,都市：其他:保護區,,,,12150001
RPXTMLNLKIGGFDC78CC,延年段,.00,都市：住,,,,12150013
RPOUMLNLKIGGFDC97CC,過港段,.00,都市：住,,,,05860000
RPPUMLNLKIGGFDC08CC,湖海段,.00,都市：住,,,,06850000
RPTUMLNLKIGGFDC48CC,長潭段,.00,都市：住,,,,07650000
RPXUMLNLKIGGFDC88CC,德厚段,.00,都市：商,,,,01310000
RPPVMLNLKIGGFDC18CC,調和段,.00,都市：其他:部份道路用地部份住宅區(住二),,,,14150000
RPOVMLNLKIGGFDC08CC,麥金段,.00,都市：住,,,,07510000
RPWUMLNLKIGGFDC78CC,調和段,.00,都市：其他:部份道路用地部份住宅區(住二)都市計畫區,,,,14150000
RPWNMLOLKIGGFDC18CC,武嶺段,.00,都市：住,,,,04830000
RPVNMLOLKIGGFDC08CC,安國段,.00,都市：商,,,,00100001
RPSQMLNLKIGGFDC97CC,長潭段,.00,都市：商,,,,06340000
RPTQMLNLKIGGFDC08CC,深美段,.00,都市：住,,,,06560000
RPXNMLOLKIGGFDC28CC,麥金段,.00,都市：住,,,,03920000
RPQOMLOLKIGGFDC67CC,新城段,.00,都市：其他:郵政用地,,,,04020000
RPROMLOLKIGGFDC77CC,安國段,.00,都市：其他:部份道路用地部份住宅區,,,,00590001
RPTOMLOLKIGGFDC97CC,深澳段,.00,都市：住,,,,01200000
RPVOMLOLKIGGFDC18CC,長潭段,.00,都市：商,,,,08350000
RPUOMLOLKIGGFDC08CC,港濱段,.00,都市：住,,,,05680000
RPUOMLOLKIGGFDC08CC,港濱段,.00,都市：住,,,,05690000
RPXOMLOLKIGGFDC38CC,西定段,.00,都市：住,,,,01090000
RPOPMLOLKIGGFDC57CC,源遠段,.00,都市：住,,,,11280008
RPWOMLOLKIGGFDC28CC,代天府段,.00,都市：住,,,,08370000
RPWOMLOLKIGGFDC28CC,代天府段,.00,都市：其他:道路用地,,,,08370006
RPRPMLOLKIGGFDC87CC,武訓段,.00,都市：工,,,,06160000
RPPOMLRLKIGGFDC87CC,長潭段,.00,都市：商,,,,08350000
RPOPMLRLKIGGFDC87CC,忠義段四小段,.00,都市：住,,,,00170000
RPOPMLRLKIGGFDC87CC,忠義段四小段,.00,都市：其他:道路用地,,,,00170027
RPRPMLRLKIGGFDC18CC,五堵段五堵北小段,.00,都市：住,,,,06150000
RPWPMLRLKIGGFDC68CC,源遠段,.00,都市：住,,,,11280008
RPXOMLRLKIGGFDC68CC,長潭段,.00,都市：住,,,,09730004
RPXOMLRLKIGGFDC68CC,長潭段,.00,都市：其他:道路用地,,,,09730014
RPXOMLRLKIGGFDC68CC,長潭段,.00,都市：其他:道路用地,,,,09740000
RPXOMLRLKIGGFDC68CC,長潭段,.00,都市：住,,,,09740002
RPXOMLRLKIGGFDC68CC,長潭段,.00,都市：住,,,,09740013
RPXOMLRLKIGGFDC68CC,長潭段,.00,都市：其他:道路用地,,,,09740014
RPXOMLRLKIGGFDC68CC,長潭段,.00,都市：住,,,,09750016
RPOQMLRLKIGGFDC97CC,德厚段,.00,都市：住,,,,07460000
RPVOMLRLKIGGFDC48CC,港灣段三小段,.00,都市：商,,,,00060006
RPWOMLRLKIGGFDC58CC,新城段,.00,都市：住,,,,09700000
RPTPMLRLKIGGFDC38CC,中興段二小段,.00,都市：商,,,,00540000
RPPQMLRLKIGGFDC08CC,長潭段,.00,都市：住,,,,08920000
RPTQMLRLKIGGFDC48CC,光明段,.00,都市：其他:部份道路用地部份住宅區,,,,04840001
RPXQMLRLKIGGFDC88CC,情人湖段,.00,都市：住,,,,03190000
RPVQMLRLKIGGFDC68CC,麥金段,.00,都市：住,,,,07470000
RPWQMLRLKIGGFDC78CC,調和段,.00,都市：住,,,,11250000
RPOPMLTLKIGGFDC18DC,德厚段,10.38,都市：商,,,,00380000
RPPTMLNLKIGGFDC97CC,源遠段,.00,都市：住,,,,11280008
RPURMLRLKIGGFDC68CC,新城段,19.83,都市：其他:部分住宅，部分道路，部分保護地,,,,06560000
RPURMLRLKIGGFDC68CC,新城段,.01,都市：其他:綠地用地,,,,06560001
RPRTMLNLKIGGFDC18CC,源遠段,.00,都市：住,,,,14840000
RPURMLRLKIGGFDC68CC,新城段,.00,都市：其他:綠地用地,,,,06560002
RPTOMLOJJHHGFDC67CC,安國段,.00,都市：住,,,,00580000
RPWNMLMJJHHGFDC67CC,長潭段,.00,都市：住,,,,08450003
RPXOMLNJJHHGFDC97CC,光明段,.00,都市：住,,,,09110002
RPXOMLNJJHHGFDC97CC,光明段,.00,都市：其他:道路用地,,,,09110009
RPXOMLNJJHHGFDC97CC,光明段,.00,都市：住,,,,09560001
RPUOMLOJJHHGFDC77CC,祥豐段,.00,都市：住,,,,05170000
RPUOMLOJJHHGFDC77CC,祥豐段,.00,都市：住,,,,05180000
RPUOMLOJJHHGFDC77CC,祥豐段,.00,都市：住,,,,05540000
RPSOMLPJJHHGFDC67CC,光明段,.00,都市：住,,,,05040002
RPSOMLPJJHHGFDC67CC,光明段,.00,都市：住,,,,05080000
RPUOMLPJJHHGFDC87CC,源遠段,.00,都市：住,,,,11280000
RPVOMLPJJHHGFDC97CC,新城段,.00,都市：住,,,,10770000
RPVOMLPJJHHGFDC97CC,新城段,.00,都市：住,,,,10810000
RPVOMLPJJHHGFDC97CC,新城段,.00,都市：住,,,,10830000
RPVOMLPJJHHGFDC97CC,新城段,.00,都市：其他:道路用地,,,,10890000
RPWOMLOJJHHGFDC08DC,調和段,22.05,都市：住,,,,13140000
RPROMLQJJHHGFDC67CC,忠義段一小段,422.00,都市：商,,,,00060000
RPUPMLPJJHHGFDC97CC,八德段,.00,都市：住,,,,03200000
RPQOMLPJJHHGFDC47CC,源遠段,.00,都市：住,,,,11280008
RPSWMLKKJHHGFDC08CC,中濱段,.00,都市：住,,,,00110003
RPSWMLKKJHHGFDC08CC,中濱段,.00,都市：住,,,,00120012
RPRPMLPJJHHGFDC67CC,東明段,.00,都市：商,,,,05790000
RPXWMLKKJHHGFDC58CC,保定段,.00,都市：住,,,,03680000
RPUNNLKKJHHGFDC47CC,明德段,.00,都市：商,,,,03420000
RPTWMLKKJHHGFDC28DC,調和段,.00,都市：住,,,,14150000
RPTNNLKKJHHGFDC37CC,港濱段,.00,都市：住,,,,07560000
RPPONLKKJHHGFDC07CC,和平段,.00,都市：住,,,,07280000
RPSNNLKKJHHGFDC37DC,祥豐段,.00,都市：住,,,,10800002
RPONNLKKJHHGFDC96DC,南新段,.00,都市：住,,,,07870000
RPRNNLKKJHHGFDC17CC,東信段二小段,.00,都市：商,,,,00060003
RPVNNLKKJHHGFDC67DC,麥金段,.00,都市：住,,,,03920000
RPXNMLLKJHHGFDC77CC,南新段,.00,都市：其他:部份道路用地部份商業區,,,,05020000
RPRQMLRLKIGGFDC28CC,五堵段五堵北小段,.00,都市：住,,,,08040001
RPQOMLLKJHHGFDC17CC,南新段,.00,都市：住,,,,04780007
RPQOMLLKJHHGFDC17CC,南新段,.00,都市：住,,,,04780008
RPSOMLLKJHHGFDC37CC,南新段,.00,都市：住,,,,04780085
RPXNMLOLJHHGFDC18CC,過港段,.00,都市：住,,,,02200000
RPPOMLOLJHHGFDC47CC,南新段,.00,都市：其他:部份道路用地部份商業區,,,,05020000
RPRQMLLKJHHGFDC47CC,中央段三小段,15.00,都市：商,,,,01300000
RPRQMLLKJHHGFDC47CC,中央段三小段,65.25,都市：商,,,,01310000
RPRQMLLKJHHGFDC47CC,中央段三小段,28.50,都市：商,,,,01320000
RPXNMLNKJHHGFDC97CC,五堵段五堵北小段,.00,都市：商,,,,07680000
RPOOMLOLJHHGFDC37CC,代天府段,.00,都市：住,,,,08370000
RPOOMLOLJHHGFDC37CC,代天府段,.00,都市：其他:道路用地,,,,08370006
RPVOMLOLJHHGFDC08CC,調和段,.00,都市：住,,,,11250000
RPTOMLOLJHHGFDC87CC,中正段三小段,.00,都市：住,,,,00260019
RPQOMLOLJHHGFDC57CC,武嶺段,.00,都市：其他:部份道路用地部份住宅區(住一),,,,04850000
RPWOMLOLJHHGFDC18CC,東明段,.00,都市：住,,,,01870000
RPWOMLOLJHHGFDC18CC,東明段,.00,都市：住,,,,01880000
RPWOMLOLJHHGFDC18CC,東明段,.00,都市：住,,,,01890000
RPWOMLOLJHHGFDC18CC,東明段,.00,都市：住,,,,01900000
RPWOMLOLJHHGFDC18CC,東明段,.00,都市：商,,,,01910000
RPTPMLOLJHHGFDC97CC,大德段,.00,都市：住,,,,06800018
RPPPMLOLJHHGFDC57CC,調和段,.00,都市：住,,,,11250000
RPOOMLPLJHHGFDC47CC,五堵段五堵北小段,.00,都市：住,,,,05920000
RPQPMLOLJHHGFDC67CC,大華段,30.75,都市：住,,,,10950000
RPROMLPLJHHGFDC77CC,榮華段,.00,都市：住,,,,10940000
RPSPMLOLJHHGFDC87CC,延平段,.00,都市：商,,,,06340000
RPXNMLPLJHHGFDC28CC,金華段,.00,都市：住,,,,00040000
RPQOMLPLJHHGFDC67CC,新中山段,.00,都市：商,,,,01860000
RPSOMLPLJHHGFDC87CC,榮華段,.00,都市：住,,,,10940000
RPWOMLPLJHHGFDC28CC,調和段,.00,都市：住,,,,11250000
RPVOMLPLJHHGFDC18CC,代天府段,.00,都市：住,,,,07570000
RPVOMLPLJHHGFDC18CC,代天府段,.00,都市：住,,,,07570001
RPXOMLPLJHHGFDC38CC,安國段,.00,都市：住,,,,00020007
RPVNMLQLJHHGFDC18CC,延平段,.00,都市：商,,,,04070000
RPXNMLQLJHHGFDC38CC,長潭段,.00,都市：住,,,,09750001
RPPPMLPLJHHGFDC67CC,光明段,.00,都市：住,,,,05620000
RPWNMLQLJHHGFDC28CC,保定段,.00,都市：住,,,,01230000
RPQPMLPLJHHGFDC77CC,南新段,.00,都市：住,,,,09770000
RPQPMLPLJHHGFDC77CC,南新段,.00,都市：住,,,,09780000
RPOOMLQLJHHGFDC57CC,暖暖段東勢坑小段,.00,都市：住,,,,08360000
RPPOMLQLJHHGFDC67CC,新城段,.00,都市：其他:部份住宅區(住一之一)部份保護區部份道路用地,,,,06560000
RPROMLQLJHHGFDC87CC,麥金段,.00,都市：住,,,,07470000
RPSOMLQLJHHGFDC97CC,金華段,.00,都市：住,,,,04670000
RPXOMLQLJHHGFDC48CC,調和段,.00,都市：住,,,,13340000
RPUOMLQLJHHGFDC18CC,安國段,.00,都市：住,,,,00650003
RPOPMLOLJHHGFDC47CC,福祿段,.00,都市：住,,,,07670000
RPOPMLOLJHHGFDC47CC,福祿段,.00,都市：其他:道路用地,,,,07670001
RPWOMLQLJHHGFDC38CC,五堵段五堵北小段,.00,都市：住,,,,08750000
RPVOMLQLJHHGFDC28CC,榮華段,.00,都市：住,,,,12390000
RPOPMLQLJHHGFDC67CC,榮華段,.00,都市：商,,,,00470000
RPOPMLQLJHHGFDC67CC,榮華段,.00,都市：其他:道路用地,,,,00470001
RPPPMLQLJHHGFDC77CC,中正段一小段,.00,都市：商,,,,00240004
RPUNMLRLJHHGFDC18CC,大華段,.00,都市：商,,,,19120000
RPTPMLQLJHHGFDC18CC,港濱段,.00,都市：住,,,,10660000
RPRPMLQLJHHGFDC97CC,大德段,.00,都市：住,,,,04760000
RPTPMLQLJHHGFDC18CC,港濱段,.00,都市：住,,,,10670000
RPVPMLQLJHHGFDC38CC,調和段,.00,都市：住,,,,14140000
RPUPMLQLJHHGFDC28CC,深美段,.00,都市：住,,,,06560000
RPWNMLRLJHHGFDC38CC,代天府段,.00,都市：住,,,,08370000
RPWNMLRLJHHGFDC38CC,代天府段,.00,都市：其他:道路用地,,,,08370006
RPQNMLTLJHHGFDC97CC,德厚段,24.98,都市：住,,,,07410000
RPVNMLRLJHHGFDC28CC,成功段,.00,都市：其他:部份道路用地部份商業區,,,,09800000
RPTNMLRLJHHGFDC08CC,深美段,.00,都市：住,,,,06560000
RPWPMLKKKHHGFDC87CC,草濫段拔西猴小段,25.40,都市：住,,,,00660000
RPVPMLKKKHHGFDC77CC,復興段一小段,18.00,都市：商,,,,00090000
RPVPMLKKKHHGFDC77CC,復興段一小段,65.00,都市：商,,,,00100000
RPSOMLQKKHHGFDC97CC,新店段三小段,.00,都市：商,,,,01080000
RPSOMLQKKHHGFDC97CC,新店段三小段,.00,都市：商,,,,01210000
RPROMLRKKHHGFDC97CC,新崙段,90.81,都市：住,,,,02110004
RPUOMLQKKHHGFDC18CC,德育段,.00,都市：住,,,,01660000
RPXNMLSKKHHGFDC68DC,延平段,7.56,都市：住,,,,03130000
RPWNMLSKKHHGFDC58DC,延平段,7.41,都市：住,,,,03120000
RPROMLQKKHHGFDC87CC,長潭段,.00,都市：住,,,,08920000
