﻿編號,土地位置,土地移轉面積(平方公尺),使用分區或編定,權利人持分分母,權利人持分分子,移轉情形,地號
The serial number, land position,land shifting area square meter,the use zoning or compiles and checks,,,,land parcel
RPQNMLLKKIGGFDC07CB,工建段,24.63,都市：住,100000,1002,持分移轉,04880000
RPTNMLLKKIGGFDC37CB,工建段,37.99,都市：住,100000,1546,持分移轉,04880000
RPXNMLLKKIGGFDC77CB,工建段,37.99,都市：住,100000,1546,持分移轉,04880000
RPROMLLKKIGGFDC27CB,工建段,37.99,都市：住,100000,1546,持分移轉,04880000
RPOOMLLKKIGGFDC96CB,工建段,37.99,都市：住,100000,1546,持分移轉,04880000
RPVOMLLKKIGGFDC67CB,工建段,24.63,都市：住,100000,1002,持分移轉,04880000
RPUNMLLKKIGGFDC47CB,工建段,37.99,都市：住,100000,1546,持分移轉,04880000
RPUOMLLKKIGGFDC57CB,工建段,23.40,都市：住,100000,952,持分移轉,04880000
RPXOMLLKKIGGFDC87CB,工建段,23.40,都市：住,100000,952,持分移轉,04880000
RPWOMLLKKIGGFDC77CB,工建段,25.80,都市：住,100000,1050,持分移轉,04880000
RPQPMLLKKIGGFDC27CB,工建段,25.80,都市：住,100000,1050,持分移轉,04880000
RPOPMLLKKIGGFDC07CB,工建段,25.80,都市：住,100000,1050,持分移轉,04880000
RPPPMLLKKIGGFDC17CB,工建段,23.00,都市：住,100000,936,持分移轉,04880000
RPRPMLLKKIGGFDC37CB,工建段,23.40,都市：住,100000,952,持分移轉,04880000
RPTPMLLKKIGGFDC57CB,工建段,23.00,都市：住,100000,936,持分移轉,04880000
RPUPMLLKKIGGFDC67CB,工建段,23.00,都市：住,100000,936,持分移轉,04880000
RPSPMLLKKIGGFDC47CB,工建段,25.04,都市：住,100000,1019,持分移轉,04880000
RPVPMLLKKIGGFDC77CB,工建段,25.80,都市：住,100000,1050,持分移轉,04880000
RPXPMLLKKIGGFDC97CB,工建段,23.00,都市：住,100000,936,持分移轉,04880000
RPWPMLLKKIGGFDC87CB,工建段,24.67,都市：住,100000,1004,持分移轉,04880000
RPPQMLLKKIGGFDC27CB,工建段,37.99,都市：住,100000,1546,持分移轉,04880000
RPQQMLLKKIGGFDC37CB,工建段,23.00,都市：住,100000,936,持分移轉,04880000
RPOQMLLKKIGGFDC17CB,工建段,23.40,都市：住,100000,952,持分移轉,04880000
RPRQMLLKKIGGFDC47CB,工建段,25.80,都市：住,100000,1050,持分移轉,04880000
RPSQMLLKKIGGFDC57CB,工建段,23.00,都市：住,100000,936,持分移轉,04880000
RPTQMLLKKIGGFDC67CB,工建段,37.99,都市：住,100000,1546,持分移轉,04880000
RPUQMLLKKIGGFDC77CB,工建段,23.00,都市：住,100000,936,持分移轉,04880000
RPWQMLLKKIGGFDC97CB,工建段,23.40,都市：住,100000,952,持分移轉,04880000
RPXQMLLKKIGGFDC08CB,工建段,23.40,都市：住,100000,952,持分移轉,04880000
RPVQMLLKKIGGFDC87CB,工建段,25.04,都市：住,100000,1019,持分移轉,04880000
RPORMLLKKIGGFDC27CB,工建段,23.00,都市：住,100000,936,持分移轉,04880000
RPPRMLLKKIGGFDC37CB,工建段,25.80,都市：住,100000,1050,持分移轉,04880000
RPSRMLLKKIGGFDC67CB,工建段,25.80,都市：住,100000,1050,持分移轉,04880000
RPQRMLLKKIGGFDC47CB,工建段,23.40,都市：住,100000,952,持分移轉,04880000
RPTRMLLKKIGGFDC77CB,工建段,25.80,非都市： ; 非都市編定：,100000,1050,持分移轉,04880000
RPURMLLKKIGGFDC87CB,工建段,24.67,都市：住,100000,1004,持分移轉,04880000
RPXRMLLKKIGGFDC18CB,工建段,24.67,都市：住,100000,1004,持分移轉,04880000
RPVRMLLKKIGGFDC97CB,工建段,37.99,都市：住,100000,1546,持分移轉,04880000
RPQSMLLKKIGGFDC57CB,工建段,24.63,都市：住,100000,1002,持分移轉,04880000
RPOSMLLKKIGGFDC37CB,工建段,24.63,都市：住,100000,1002,持分移轉,04880000
RPWRMLLKKIGGFDC08CB,工建段,25.80,都市：住,100000,1050,持分移轉,04880000
RPSSMLLKKIGGFDC77CB,工建段,25.04,都市：住,100000,1019,持分移轉,04880000
RPPSMLLKKIGGFDC47CB,工建段,25.04,都市：住,100000,1019,持分移轉,04880000
RPVSMLLKKIGGFDC08CB,工建段,25.04,都市：住,100000,1019,持分移轉,04880000
RPQNMLMKKIGGFDC17CB,工建段,25.80,都市：住,100000,1050,持分移轉,04880000
RPPNMLMKKIGGFDC07CB,工建段,25.80,都市：住,100000,1050,持分移轉,04880000
RPRSMLLKKIGGFDC67CB,工建段,37.99,都市：住,100000,1546,持分移轉,04880000
RPSNMLMKKIGGFDC37CB,工建段,23.00,都市：住,100000,936,持分移轉,04880000
RPTNMLMKKIGGFDC47CB,工建段,25.80,都市：住,100000,1050,持分移轉,04880000
RPUNMLMKKIGGFDC57CB,工建段,37.99,都市：住,100000,1546,持分移轉,04880000
RPRNMLMKKIGGFDC27CB,工建段,24.45,都市：住,100000,995,持分移轉,04880000
RPXNMLMKKIGGFDC87CB,工建段,37.99,都市：住,100000,1546,持分移轉,04880000
RPVNMLMKKIGGFDC67CB,工建段,37.99,都市：住,100000,1546,持分移轉,04880000
RPPOMLMKKIGGFDC17CB,工建段,37.99,都市：住,100000,1546,持分移轉,04880000
RPWNMLMKKIGGFDC77CB,工建段,37.99,都市：住,100000,1546,持分移轉,04880000
RPROMLMKKIGGFDC37CB,工建段,37.99,都市：住,100000,1546,持分移轉,04880000
RPQOMLMKKIGGFDC27CB,工建段,37.99,都市：住,100000,1546,持分移轉,04880000
RPSOMLMKKIGGFDC47CB,工建段,37.99,都市：住,100000,1546,持分移轉,04880000
RPTOMLMKKIGGFDC57CB,工建段,37.99,都市：住,100000,1546,持分移轉,04880000
RPUOMLMKKIGGFDC67CB,工建段,37.99,都市：住,100000,1546,持分移轉,04880000
RPVOMLMKKIGGFDC77CB,工建段,25.80,都市：住,100000,1050,持分移轉,04880000
RPWOMLMKKIGGFDC87CB,工建段,25.80,都市：住,100000,1050,持分移轉,04880000
RPOPMLMKKIGGFDC17CB,工建段,25.04,都市：住,100000,1019,持分移轉,04880000
RPQPMLMKKIGGFDC37CB,工建段,38.19,都市：住,100000,1554,持分移轉,04880000
RPXOMLMKKIGGFDC97CB,工建段,25.04,都市：住,100000,1019,持分移轉,04880000
RPPPMLMKKIGGFDC27CB,工建段,23.00,都市：住,100000,936,持分移轉,04880000
RPRPMLMKKIGGFDC47CB,工建段,22.68,都市：住,100000,923,持分移轉,04880000
RPUPMLMKKIGGFDC77CB,工建段,25.80,都市：住,100000,1050,持分移轉,04880000
RPWPMLMKKIGGFDC97CB,工建段,25.80,都市：住,100000,1050,持分移轉,04880000
RPTPMLMKKIGGFDC67CB,工建段,20.87,都市：住,100000,849,持分移轉,04880000
RPVPMLMKKIGGFDC87CB,工建段,25.80,都市：住,100000,1050,持分移轉,04880000
RPQNMLMKKIGGFDC27DB,調和段,79.56,都市：住,100000,857,持分移轉,08480000
RPQNMLMKKIGGFDC27DB,調和段,.29,都市：住,100000,857,持分移轉,08480001
RPQNMLMKKIGGFDC27DB,調和段,.51,都市：住,100000,857,持分移轉,08490008
RPXPMLMKKIGGFDC08CB,工建段,22.22,都市：住,100000,904,持分移轉,04880000
RPPNMLMKKIGGFDC17DB,調和段,71.86,都市：住,100000,774,持分移轉,08480000
RPPNMLMKKIGGFDC17DB,調和段,.26,都市：住,100000,774,持分移轉,08480001
RPPNMLMKKIGGFDC17DB,調和段,.46,都市：住,100000,774,持分移轉,08490008
RPRNMLMKKIGGFDC37DB,調和段,78.82,都市：住,100000,849,持分移轉,08480000
RPRNMLMKKIGGFDC37DB,調和段,.28,都市：住,100000,849,持分移轉,08480001
RPRNMLMKKIGGFDC37DB,調和段,.50,都市：住,100000,849,持分移轉,08490008
RPPNMLNKKIGGFDC17CB,長潭段,2.37,都市：住,100000,162,持分移轉,08920001
RPPNMLNKKIGGFDC17CB,長潭段,18.95,都市：住,100000,162,持分移轉,09020000
RPSNMLMKKIGGFDC47DB,調和段,90.52,都市：住,100000,975,持分移轉,08480000
RPSNMLMKKIGGFDC47DB,調和段,.33,都市：住,100000,975,持分移轉,08480001
RPSNMLMKKIGGFDC47DB,調和段,.58,都市：住,100000,975,持分移轉,08490008
RPPNMLOKKIGGFDC27CB,代天府段,23.18,都市：住,100000,869,持分移轉,08980000
RPQNMLOKKIGGFDC37CB,深美段,60.83,都市：住,10000,109,持分移轉,08400003
RPRNMLOKKIGGFDC47CB,深美段,63.29,都市：住,10000,220,持分移轉,08400000
RPPNMLPKKIGGFDC37CB,調和段,30.44,都市：住,100000,154,持分移轉,13820021
RPQNMLPKKIGGFDC47CB,調和段,30.24,都市：住,100000,153,持分移轉,13820021
RPUNMLOKKIGGFDC77CB,代天府段,24.81,都市：住,100000,930,持分移轉,08980000
RPRNMLPKKIGGFDC57CB,調和段,30.44,都市：住,100000,154,持分移轉,13820021
RPSNMLPKKIGGFDC67CB,調和段,30.83,都市：住,100000,156,持分移轉,13820021
RPUNMLPKKIGGFDC87CB,調和段,30.83,都市：住,100000,156,持分移轉,13820021
RPTNMLPKKIGGFDC77CB,調和段,30.83,都市：住,100000,156,持分移轉,13820021
RPWNMLPKKIGGFDC08CB,調和段,30.44,都市：住,100000,154,持分移轉,13820021
RPVNMLPKKIGGFDC97CB,調和段,30.64,都市：住,100000,155,持分移轉,13820021
RPQOMLPKKIGGFDC57CB,調和段,60.48,都市：住,100000,306,持分移轉,13820021
RPXNMLPKKIGGFDC18CB,調和段,30.44,都市：住,100000,154,持分移轉,13820021
RPPOMLPKKIGGFDC47CB,調和段,60.68,都市：住,100000,307,持分移轉,13820021
RPROMLPKKIGGFDC67CB,調和段,60.29,都市：住,100000,305,持分移轉,13820021
RPTOMLPKKIGGFDC87CB,調和段,60.29,都市：住,100000,305,持分移轉,13820021
RPSOMLPKKIGGFDC77CB,調和段,60.68,都市：住,100000,307,持分移轉,13820021
RPVOMLPKKIGGFDC08CB,調和段,60.09,都市：住,100000,304,持分移轉,13820021
RPUOMLPKKIGGFDC97CB,調和段,60.09,都市：住,100000,304,持分移轉,13820021
RPWOMLPKKIGGFDC18CB,調和段,61.87,都市：住,100000,313,持分移轉,13820021
RPPPMLPKKIGGFDC57CB,調和段,61.67,都市：住,100000,312,持分移轉,13820021
RPOPMLPKKIGGFDC47CB,調和段,61.87,都市：住,100000,313,持分移轉,13820021
RPXOMLPKKIGGFDC28CB,調和段,61.67,都市：住,100000,312,持分移轉,13820021
RPQPMLPKKIGGFDC67CB,調和段,30.24,都市：住,100000,153,持分移轉,13820021
RPSPMLPKKIGGFDC87CB,調和段,27.47,都市：住,100000,139,持分移轉,13820021
RPRPMLPKKIGGFDC77CB,調和段,27.28,都市：住,100000,138,持分移轉,13820021
RPTPMLPKKIGGFDC97CB,調和段,30.04,都市：住,100000,152,持分移轉,13820021
RPUPMLPKKIGGFDC08CB,調和段,30.24,都市：住,100000,153,持分移轉,13820021
RPVPMLPKKIGGFDC18CB,調和段,30.24,都市：住,100000,153,持分移轉,13820021
RPPQMLPKKIGGFDC67CB,調和段,30.83,都市：住,100000,156,持分移轉,13820021
RPOQMLPKKIGGFDC57CB,調和段,30.24,都市：住,100000,153,持分移轉,13820021
RPWPMLPKKIGGFDC28CB,調和段,30.04,都市：住,100000,152,持分移轉,13820021
RPXPMLPKKIGGFDC38CB,調和段,30.24,都市：住,100000,153,持分移轉,13820021
RPRQMLPKKIGGFDC87CB,調和段,31.03,都市：住,100000,157,持分移轉,13820021
RPSQMLPKKIGGFDC97CB,調和段,30.83,都市：住,100000,156,持分移轉,13820021
RPQQMLPKKIGGFDC77CB,調和段,30.83,都市：住,100000,156,持分移轉,13820021
RPUQMLPKKIGGFDC18CB,調和段,30.83,都市：住,100000,156,持分移轉,13820021
RPTQMLPKKIGGFDC08CB,調和段,30.83,都市：住,100000,156,持分移轉,13820021
RPXQMLPKKIGGFDC48CB,調和段,30.64,都市：住,100000,155,持分移轉,13820021
RPVQMLPKKIGGFDC28CB,調和段,30.83,都市：住,100000,156,持分移轉,13820021
RPWQMLPKKIGGFDC38CB,調和段,30.64,都市：住,100000,155,持分移轉,13820021
RPQRMLPKKIGGFDC87CB,調和段,30.44,都市：住,100000,154,持分移轉,13820021
RPRRMLPKKIGGFDC97CB,調和段,30.44,都市：住,100000,154,持分移轉,13820021
RPORMLPKKIGGFDC67CB,調和段,30.64,都市：住,100000,155,持分移轉,13820021
RPPRMLPKKIGGFDC77CB,調和段,30.44,都市：住,100000,154,持分移轉,13820021
RPSRMLPKKIGGFDC08CB,調和段,30.64,都市：住,100000,155,持分移轉,13820021
RPURMLPKKIGGFDC28CB,調和段,30.64,都市：住,100000,155,持分移轉,13820021
RPTRMLPKKIGGFDC18CB,調和段,30.24,都市：住,100000,153,持分移轉,13820021
RPVRMLPKKIGGFDC38CB,調和段,30.24,都市：住,100000,153,持分移轉,13820021
RPWRMLPKKIGGFDC48CB,調和段,30.44,都市：住,100000,154,持分移轉,13820021
RPXRMLPKKIGGFDC58CB,調和段,32.02,都市：住,100000,162,持分移轉,13820021
RPRSMLPKKIGGFDC08CB,調和段,29.25,都市：住,100000,148,持分移轉,13820021
RPPSMLPKKIGGFDC87CB,調和段,32.22,都市：住,100000,163,持分移轉,13820021
RPOSMLPKKIGGFDC77CB,調和段,32.02,都市：住,100000,162,持分移轉,13820021
RPQSMLPKKIGGFDC97CB,調和段,60.29,都市：住,100000,305,持分移轉,13820021
RPSSMLPKKIGGFDC18CB,調和段,32.02,都市：住,100000,162,持分移轉,13820021
RPTSMLPKKIGGFDC28CB,調和段,32.22,都市：住,100000,163,持分移轉,13820021
RPUSMLPKKIGGFDC38CB,調和段,28.66,都市：住,100000,145,持分移轉,13820021
RPVSMLPKKIGGFDC48CB,調和段,31.82,都市：住,100000,161,持分移轉,13820021
RPOTMLPKKIGGFDC87CB,調和段,41.90,都市：住,100000,212,持分移轉,13820021
RPXSMLPKKIGGFDC68CB,調和段,42.10,都市：住,100000,213,持分移轉,13820021
RPPTMLPKKIGGFDC97CB,調和段,42.10,都市：住,100000,213,持分移轉,13820021
RPRTMLPKKIGGFDC18CB,調和段,42.30,都市：住,100000,214,持分移轉,13820021
RPWSMLPKKIGGFDC58CB,調和段,41.90,都市：住,100000,212,持分移轉,13820021
RPQTMLPKKIGGFDC08CB,調和段,42.30,都市：住,100000,214,持分移轉,13820021
RPTTMLPKKIGGFDC38CB,調和段,30.64,都市：住,100000,155,持分移轉,13820021
RPSTMLPKKIGGFDC28CB,調和段,30.44,都市：住,100000,154,持分移轉,13820021
RPUTMLPKKIGGFDC48CB,調和段,30.64,都市：住,100000,155,持分移轉,13820021
RPWTMLPKKIGGFDC68CB,調和段,30.64,都市：住,100000,155,持分移轉,13820021
RPVTMLPKKIGGFDC58CB,調和段,30.24,都市：住,100000,153,持分移轉,13820021
RPOUMLPKKIGGFDC97CB,調和段,30.44,都市：住,100000,154,持分移轉,13820021
RPQUMLPKKIGGFDC18CB,調和段,30.44,都市：住,100000,154,持分移轉,13820021
RPXTMLPKKIGGFDC78CB,調和段,30.44,都市：住,100000,154,持分移轉,13820021
RPPUMLPKKIGGFDC08CB,調和段,30.24,都市：住,100000,153,持分移轉,13820021
RPRUMLPKKIGGFDC28CB,調和段,30.64,都市：住,100000,155,持分移轉,13820021
RPTUMLPKKIGGFDC48CB,調和段,30.83,都市：住,100000,156,持分移轉,13820021
RPSUMLPKKIGGFDC38CB,調和段,30.64,都市：住,100000,155,持分移轉,13820021
RPUUMLPKKIGGFDC58CB,調和段,31.03,都市：住,100000,157,持分移轉,13820021
RPVUMLPKKIGGFDC68CB,調和段,30.83,都市：住,100000,156,持分移轉,13820021
RPWUMLPKKIGGFDC78CB,調和段,30.83,都市：住,100000,156,持分移轉,13820021
RPXUMLPKKIGGFDC88CB,調和段,30.83,都市：住,100000,156,持分移轉,13820021
RPQVMLPKKIGGFDC28CB,調和段,42.10,都市：住,100000,213,持分移轉,13820021
RPPVMLPKKIGGFDC18CB,調和段,30.83,都市：住,100000,156,持分移轉,13820021
RPOVMLPKKIGGFDC08CB,調和段,30.64,都市：住,100000,155,持分移轉,13820021
RPRVMLPKKIGGFDC38CB,調和段,42.50,都市：住,100000,215,持分移轉,13820021
RPTVMLPKKIGGFDC58CB,調和段,42.30,都市：住,100000,214,持分移轉,13820021
RPSVMLPKKIGGFDC48CB,調和段,42.10,都市：住,100000,213,持分移轉,13820021
RPUVMLPKKIGGFDC68CB,調和段,60.29,都市：住,100000,305,持分移轉,13820021
RPVVMLPKKIGGFDC78CB,調和段,42.10,都市：住,100000,213,持分移轉,13820021
RPWVMLPKKIGGFDC88CB,調和段,42.10,都市：住,100000,213,持分移轉,13820021
RPXVMLPKKIGGFDC98CB,調和段,42.10,都市：住,100000,213,持分移轉,13820021
RPPWMLPKKIGGFDC28CB,調和段,32.02,都市：住,100000,162,持分移轉,13820021
RPOWMLPKKIGGFDC18CB,調和段,31.82,都市：住,100000,161,持分移轉,13820021
RPRWMLPKKIGGFDC48CB,調和段,32.02,都市：住,100000,162,持分移轉,13820021
RPQWMLPKKIGGFDC38CB,調和段,32.02,都市：住,100000,162,持分移轉,13820021
RPSWMLPKKIGGFDC58CB,調和段,32.22,都市：住,100000,163,持分移轉,13820021
RPUWMLPKKIGGFDC78CB,調和段,30.83,都市：住,100000,156,持分移轉,13820021
RPTWMLPKKIGGFDC68CB,調和段,32.02,都市：住,100000,162,持分移轉,13820021
RPXWMLPKKIGGFDC09CB,調和段,30.64,都市：住,100000,155,持分移轉,13820021
RPVWMLPKKIGGFDC88CB,調和段,30.83,都市：住,100000,156,持分移轉,13820021
RPWWMLPKKIGGFDC98CB,調和段,30.83,都市：住,100000,156,持分移轉,13820021
RPQNNLPKKIGGFDC57CB,調和段,30.64,都市：住,100000,155,持分移轉,13820021
RPONNLPKKIGGFDC37CB,調和段,30.64,都市：住,100000,155,持分移轉,13820021
RPPNNLPKKIGGFDC47CB,調和段,30.83,都市：住,100000,156,持分移轉,13820021
RPRNNLPKKIGGFDC67CB,調和段,31.03,都市：住,100000,157,持分移轉,13820021
RPSNNLPKKIGGFDC77CB,調和段,30.83,都市：住,100000,156,持分移轉,13820021
RPTNNLPKKIGGFDC87CB,調和段,30.44,都市：住,100000,154,持分移轉,13820021
RPVNNLPKKIGGFDC08CB,調和段,30.64,都市：住,100000,155,持分移轉,13820021
RPWNNLPKKIGGFDC18CB,調和段,30.64,都市：住,100000,155,持分移轉,13820021
RPUNNLPKKIGGFDC97CB,調和段,30.24,都市：住,100000,153,持分移轉,13820021
RPXNNLPKKIGGFDC28CB,調和段,30.44,都市：住,100000,154,持分移轉,13820021
RPOONLPKKIGGFDC47CB,調和段,30.44,都市：住,100000,154,持分移轉,13820021
RPPONLPKKIGGFDC57CB,調和段,30.44,都市：住,100000,154,持分移轉,13820021
RPSONLPKKIGGFDC87CB,調和段,32.22,都市：住,100000,163,持分移轉,13820021
RPQONLPKKIGGFDC67CB,調和段,30.44,都市：住,100000,154,持分移轉,13820021
RPRONLPKKIGGFDC77CB,調和段,30.44,都市：住,100000,154,持分移轉,13820021
RPUONLPKKIGGFDC08CB,調和段,29.06,都市：住,100000,147,持分移轉,13820021
RPTONLPKKIGGFDC97CB,調和段,31.82,都市：住,100000,161,持分移轉,13820021
RPWONLPKKIGGFDC28CB,調和段,60.68,都市：住,100000,307,持分移轉,13820021
RPVONLPKKIGGFDC18CB,調和段,32.02,都市：住,100000,162,持分移轉,13820021
RPXONLPKKIGGFDC38CB,調和段,31.82,都市：住,100000,161,持分移轉,13820021
RPPPNLPKKIGGFDC67CB,調和段,32.02,都市：住,100000,162,持分移轉,13820021
RPOPNLPKKIGGFDC57CB,調和段,32.02,都市：住,100000,162,持分移轉,13820021
RPSPNLPKKIGGFDC97CB,調和段,42.10,都市：住,100000,213,持分移轉,13820021
RPRPNLPKKIGGFDC87CB,調和段,42.10,都市：住,100000,213,持分移轉,13820021
RPQPNLPKKIGGFDC77CB,調和段,32.02,都市：住,100000,162,持分移轉,13820021
RPTPNLPKKIGGFDC08CB,調和段,42.10,都市：住,100000,213,持分移轉,13820021
RPVPNLPKKIGGFDC28CB,調和段,42.30,都市：住,100000,214,持分移轉,13820021
RPUPNLPKKIGGFDC18CB,調和段,41.90,都市：住,100000,212,持分移轉,13820021
RPWPNLPKKIGGFDC38CB,調和段,42.10,都市：住,100000,213,持分移轉,13820021
RPXPNLPKKIGGFDC48CB,調和段,42.50,都市：住,100000,215,持分移轉,13820021
RPPQNLPKKIGGFDC77CB,調和段,30.64,都市：住,100000,155,持分移轉,13820021
RPOQNLPKKIGGFDC67CB,調和段,30.24,都市：住,100000,153,持分移轉,13820021
RPQQNLPKKIGGFDC87CB,調和段,30.44,都市：住,100000,154,持分移轉,13820021
RPSQNLPKKIGGFDC08CB,調和段,30.44,都市：住,100000,154,持分移轉,13820021
RPTQNLPKKIGGFDC18CB,調和段,30.44,都市：住,100000,154,持分移轉,13820021
RPRQNLPKKIGGFDC97CB,調和段,30.44,都市：住,100000,154,持分移轉,13820021
RPUQNLPKKIGGFDC28CB,調和段,30.44,都市：住,100000,154,持分移轉,13820021
RPVQNLPKKIGGFDC38CB,調和段,30.44,都市：住,100000,154,持分移轉,13820021
RPWQNLPKKIGGFDC48CB,調和段,30.44,都市：住,100000,154,持分移轉,13820021
RPXQNLPKKIGGFDC58CB,調和段,31.03,都市：住,100000,157,持分移轉,13820021
RPORNLPKKIGGFDC77CB,調和段,30.83,都市：住,100000,156,持分移轉,13820021
RPPRNLPKKIGGFDC87CB,調和段,30.83,都市：住,100000,156,持分移轉,13820021
RPQRNLPKKIGGFDC97CB,調和段,30.83,都市：住,100000,156,持分移轉,13820021
RPRRNLPKKIGGFDC08CB,調和段,30.83,都市：住,100000,156,持分移轉,13820021
RPTRNLPKKIGGFDC28CB,調和段,30.83,都市：住,100000,156,持分移轉,13820021
RPSRNLPKKIGGFDC18CB,調和段,30.83,都市：住,100000,156,持分移轉,13820021
RPURNLPKKIGGFDC38CB,調和段,30.64,都市：住,100000,155,持分移轉,13820021
RPVRNLPKKIGGFDC48CB,調和段,30.83,都市：住,100000,156,持分移轉,13820021
RPXRNLPKKIGGFDC68CB,調和段,60.29,都市：住,100000,305,持分移轉,13820021
RPWRNLPKKIGGFDC58CB,調和段,42.10,都市：住,100000,213,持分移轉,13820021
RPQSNLPKKIGGFDC08CB,調和段,42.10,都市：住,100000,213,持分移轉,13820021
RPPSNLPKKIGGFDC97CB,調和段,42.50,都市：住,100000,215,持分移轉,13820021
RPSSNLPKKIGGFDC28CB,調和段,42.50,都市：住,100000,215,持分移轉,13820021
RPOSNLPKKIGGFDC87CB,調和段,41.71,都市：住,100000,211,持分移轉,13820021
RPTSNLPKKIGGFDC38CB,調和段,41.90,都市：住,100000,212,持分移轉,13820021
RPUSNLPKKIGGFDC48CB,調和段,32.02,都市：住,100000,162,持分移轉,13820021
RPRSNLPKKIGGFDC18CB,調和段,42.10,都市：住,100000,213,持分移轉,13820021
RPVSNLPKKIGGFDC58CB,調和段,32.02,都市：住,100000,162,持分移轉,13820021
RPWSNLPKKIGGFDC68CB,調和段,32.02,都市：住,100000,162,持分移轉,13820021
RPQTNLPKKIGGFDC18CB,調和段,61.27,都市：住,100000,310,持分移轉,13820021
RPXSNLPKKIGGFDC78CB,調和段,32.02,都市：住,100000,162,持分移轉,13820021
RPSTNLPKKIGGFDC38CB,調和段,61.27,都市：住,100000,310,持分移轉,13820021
RPOTNLPKKIGGFDC97CB,調和段,32.02,都市：住,100000,162,持分移轉,13820021
RPPTNLPKKIGGFDC08CB,調和段,32.02,都市：住,100000,162,持分移轉,13820021
RPRTNLPKKIGGFDC28CB,調和段,61.27,都市：住,100000,310,持分移轉,13820021
RPUTNLPKKIGGFDC58CB,調和段,61.67,都市：住,100000,312,持分移轉,13820021
RPTTNLPKKIGGFDC48CB,調和段,61.27,都市：住,100000,310,持分移轉,13820021
RPVTNLPKKIGGFDC68CB,調和段,61.27,都市：住,100000,310,持分移轉,13820021
RPOUNLPKKIGGFDC08CB,調和段,31.82,都市：住,100000,161,持分移轉,13820021
RPWTNLPKKIGGFDC78CB,調和段,31.82,都市：住,100000,161,持分移轉,13820021
RPQUNLPKKIGGFDC28CB,調和段,32.02,都市：住,100000,162,持分移轉,13820021
RPXTNLPKKIGGFDC88CB,調和段,32.02,都市：住,100000,162,持分移轉,13820021
RPSUNLPKKIGGFDC48CB,調和段,32.02,都市：住,100000,162,持分移轉,13820021
RPRUNLPKKIGGFDC38CB,調和段,32.02,都市：住,100000,162,持分移轉,13820021
RPUUNLPKKIGGFDC68CB,調和段,42.10,都市：住,100000,213,持分移轉,13820021
RPTUNLPKKIGGFDC58CB,調和段,32.02,都市：住,100000,162,持分移轉,13820021
RPPUNLPKKIGGFDC18CB,調和段,60.48,都市：住,100000,306,持分移轉,13820021
RPVUNLPKKIGGFDC78CB,調和段,42.10,都市：住,100000,213,持分移轉,13820021
RPOVNLPKKIGGFDC18CB,調和段,42.30,都市：住,100000,214,持分移轉,13820021
RPXUNLPKKIGGFDC98CB,調和段,42.10,都市：住,100000,213,持分移轉,13820021
RPTVNLPKKIGGFDC68CB,調和段,30.44,都市：住,100000,154,持分移轉,13820021
RPRVNLPKKIGGFDC48CB,調和段,30.64,都市：住,100000,155,持分移轉,13820021
RPUVNLPKKIGGFDC78CB,調和段,30.44,都市：住,100000,154,持分移轉,13820021
RPSVNLPKKIGGFDC58CB,調和段,30.44,都市：住,100000,154,持分移轉,13820021
RPWUNLPKKIGGFDC88CB,調和段,42.10,都市：住,100000,213,持分移轉,13820021
RPQVNLPKKIGGFDC38CB,調和段,42.30,都市：住,100000,214,持分移轉,13820021
RPVVNLPKKIGGFDC88CB,調和段,30.44,都市：住,100000,154,持分移轉,13820021
RPWVNLPKKIGGFDC98CB,調和段,30.64,都市：住,100000,155,持分移轉,13820021
RPXVNLPKKIGGFDC09CB,調和段,30.44,都市：住,100000,154,持分移轉,13820021
RPOWNLPKKIGGFDC28CB,調和段,30.44,都市：住,100000,154,持分移轉,13820021
RPPWNLPKKIGGFDC38CB,調和段,30.64,都市：住,100000,155,持分移轉,13820021
RPPVNLPKKIGGFDC28CB,調和段,42.10,都市：住,100000,213,持分移轉,13820021
RPSWNLPKKIGGFDC68CB,調和段,30.64,都市：住,100000,155,持分移轉,13820021
RPRWNLPKKIGGFDC58CB,調和段,30.83,都市：住,100000,156,持分移轉,13820021
RPTWNLPKKIGGFDC78CB,調和段,30.83,都市：住,100000,156,持分移轉,13820021
RPQWNLPKKIGGFDC48CB,調和段,30.83,都市：住,100000,156,持分移轉,13820021
RPUWNLPKKIGGFDC88CB,調和段,31.03,都市：住,100000,157,持分移轉,13820021
RPVWNLPKKIGGFDC98CB,調和段,30.83,都市：住,100000,156,持分移轉,13820021
RPVNOLPKKIGGFDC18CB,調和段,42.10,都市：住,100000,213,持分移轉,13820021
RPWNOLPKKIGGFDC28CB,調和段,60.68,都市：住,100000,307,持分移轉,13820021
RPOOOLPKKIGGFDC57CB,調和段,42.10,都市：住,100000,213,持分移轉,13820021
RPPOOLPKKIGGFDC67CB,調和段,42.10,都市：住,100000,213,持分移轉,13820021
RPSOOLPKKIGGFDC97CB,調和段,42.30,都市：住,100000,214,持分移轉,13820021
RPQOOLPKKIGGFDC77CB,調和段,42.10,都市：住,100000,213,持分移轉,13820021
RPROOLPKKIGGFDC87CB,調和段,41.90,都市：住,100000,212,持分移轉,13820021
RPXNOLPKKIGGFDC38CB,調和段,42.10,都市：住,100000,213,持分移轉,13820021
RPUOOLPKKIGGFDC18CB,調和段,32.02,都市：住,100000,162,持分移轉,13820021
RPTOOLPKKIGGFDC08CB,調和段,41.90,都市：住,100000,212,持分移轉,13820021
RPVOOLPKKIGGFDC28CB,調和段,32.22,都市：住,100000,163,持分移轉,13820021
RPWOOLPKKIGGFDC38CB,調和段,32.02,都市：住,100000,162,持分移轉,13820021
RPXOOLPKKIGGFDC48CB,調和段,32.22,都市：住,100000,163,持分移轉,13820021
RPOPOLPKKIGGFDC67CB,調和段,32.02,都市：住,100000,162,持分移轉,13820021
RPQPOLPKKIGGFDC87CB,調和段,32.02,都市：住,100000,162,持分移轉,13820021
RPPPOLPKKIGGFDC77CB,調和段,32.02,都市：住,100000,162,持分移轉,13820021
RPUPOLPKKIGGFDC28CB,調和段,31.03,都市：住,100000,157,持分移轉,13820021
RPSPOLPKKIGGFDC08CB,調和段,30.83,都市：住,100000,156,持分移轉,13820021
RPTPOLPKKIGGFDC18CB,調和段,30.83,都市：住,100000,156,持分移轉,13820021
RPVPOLPKKIGGFDC38CB,調和段,30.64,都市：住,100000,155,持分移轉,13820021
RPWPOLPKKIGGFDC48CB,調和段,30.83,都市：住,100000,156,持分移轉,13820021
RPXPOLPKKIGGFDC58CB,調和段,30.64,都市：住,100000,155,持分移轉,13820021
RPRPOLPKKIGGFDC97CB,調和段,32.02,都市：住,100000,162,持分移轉,13820021
RPOQOLPKKIGGFDC77CB,調和段,30.44,都市：住,100000,154,持分移轉,13820021
RPQQOLPKKIGGFDC97CB,調和段,30.44,都市：住,100000,154,持分移轉,13820021
RPRQOLPKKIGGFDC08CB,調和段,30.24,都市：住,100000,153,持分移轉,13820021
RPSQOLPKKIGGFDC18CB,調和段,30.44,都市：住,100000,154,持分移轉,13820021
RPTQOLPKKIGGFDC28CB,調和段,30.24,都市：住,100000,153,持分移轉,13820021
RPUQOLPKKIGGFDC38CB,調和段,30.44,都市：住,100000,154,持分移轉,13820021
RPPQOLPKKIGGFDC87CB,調和段,30.44,都市：住,100000,154,持分移轉,13820021
RPVQOLPKKIGGFDC48CB,調和段,32.02,都市：住,100000,162,持分移轉,13820021
RPWQOLPKKIGGFDC58CB,調和段,32.22,都市：住,100000,163,持分移轉,13820021
RPOROLPKKIGGFDC87CB,調和段,32.22,都市：住,100000,163,持分移轉,13820021
RPXQOLPKKIGGFDC68CB,調和段,32.22,都市：住,100000,163,持分移轉,13820021
RPPROLPKKIGGFDC97CB,調和段,32.22,都市：住,100000,163,持分移轉,13820021
RPQROLPKKIGGFDC08CB,調和段,32.22,都市：住,100000,163,持分移轉,13820021
RPRROLPKKIGGFDC18CB,調和段,60.29,都市：住,100000,305,持分移轉,13820021
RPTROLPKKIGGFDC38CB,調和段,42.10,都市：住,100000,213,持分移轉,13820021
RPSROLPKKIGGFDC28CB,調和段,42.50,都市：住,100000,215,持分移轉,13820021
RPVROLPKKIGGFDC58CB,調和段,42.50,都市：住,100000,215,持分移轉,13820021
RPWROLPKKIGGFDC68CB,調和段,42.30,都市：住,100000,214,持分移轉,13820021
RPUROLPKKIGGFDC48CB,調和段,42.10,都市：住,100000,213,持分移轉,13820021
RPXROLPKKIGGFDC78CB,調和段,42.10,都市：住,100000,213,持分移轉,13820021
RPOSOLPKKIGGFDC97CB,調和段,30.44,都市：住,100000,154,持分移轉,13820021
RPPSOLPKKIGGFDC08CB,調和段,30.44,都市：住,100000,154,持分移轉,13820021
RPQSOLPKKIGGFDC18CB,調和段,30.83,都市：住,100000,156,持分移轉,13820021
RPSSOLPKKIGGFDC38CB,調和段,30.83,都市：住,100000,156,持分移轉,13820021
RPUSOLPKKIGGFDC58CB,調和段,30.83,都市：住,100000,156,持分移轉,13820021
RPTSOLPKKIGGFDC48CB,調和段,30.44,都市：住,100000,154,持分移轉,13820021
RPVSOLPKKIGGFDC68CB,調和段,30.24,都市：住,100000,153,持分移轉,13820021
RPXSOLPKKIGGFDC88CB,調和段,42.69,都市：住,100000,216,持分移轉,13820021
RPRSOLPKKIGGFDC28CB,調和段,30.83,都市：住,100000,156,持分移轉,13820021
RPOTOLPKKIGGFDC08CB,調和段,42.30,都市：住,100000,214,持分移轉,13820021
RPPTOLPKKIGGFDC18CB,調和段,42.50,都市：住,100000,215,持分移轉,13820021
RPWSOLPKKIGGFDC78CB,調和段,60.48,都市：住,100000,306,持分移轉,13820021
RPRTOLPKKIGGFDC38CB,調和段,42.30,都市：住,100000,214,持分移轉,13820021
RPQTOLPKKIGGFDC28CB,調和段,42.50,都市：住,100000,215,持分移轉,13820021
RPSTOLPKKIGGFDC48CB,調和段,42.30,都市：住,100000,214,持分移轉,13820021
RPTTOLPKKIGGFDC58CB,調和段,42.50,都市：住,100000,215,持分移轉,13820021
RPUTOLPKKIGGFDC68CB,調和段,32.02,都市：住,100000,162,持分移轉,13820021
RPVTOLPKKIGGFDC78CB,調和段,32.22,都市：住,100000,163,持分移轉,13820021
RPXTOLPKKIGGFDC98CB,調和段,32.22,都市：住,100000,163,持分移轉,13820021
RPWTOLPKKIGGFDC88CB,調和段,32.22,都市：住,100000,163,持分移轉,13820021
RPPUOLPKKIGGFDC28CB,調和段,32.22,都市：住,100000,163,持分移轉,13820021
RPOUOLPKKIGGFDC18CB,調和段,32.22,都市：住,100000,163,持分移轉,13820021
RPSUOLPKKIGGFDC58CB,調和段,30.83,都市：住,100000,156,持分移轉,13820021
RPQUOLPKKIGGFDC38CB,調和段,32.02,都市：住,100000,162,持分移轉,13820021
RPRUOLPKKIGGFDC48CB,調和段,30.83,都市：住,100000,156,持分移轉,13820021
RPWUOLPKKIGGFDC98CB,調和段,30.64,都市：住,100000,155,持分移轉,13820021
RPVUOLPKKIGGFDC88CB,調和段,30.83,都市：住,100000,156,持分移轉,13820021
RPXUOLPKKIGGFDC09CB,調和段,30.64,都市：住,100000,155,持分移轉,13820021
RPUUOLPKKIGGFDC78CB,調和段,30.83,都市：住,100000,156,持分移轉,13820021
RPTUOLPKKIGGFDC68CB,調和段,30.64,都市：住,100000,155,持分移轉,13820021
RPOVOLPKKIGGFDC28CB,調和段,30.83,都市：住,100000,156,持分移轉,13820021
RPPVOLPKKIGGFDC38CB,調和段,30.83,都市：住,100000,156,持分移轉,13820021
RPRVOLPKKIGGFDC58CB,調和段,31.63,都市：住,100000,160,持分移轉,13820021
RPQVOLPKKIGGFDC48CB,調和段,31.43,都市：住,100000,159,持分移轉,13820021
RPSVOLPKKIGGFDC68CB,調和段,31.63,都市：住,100000,160,持分移轉,13820021
RPTVOLPKKIGGFDC78CB,調和段,31.63,都市：住,100000,160,持分移轉,13820021
RPUVOLPKKIGGFDC88CB,調和段,31.43,都市：住,100000,159,持分移轉,13820021
RPVVOLPKKIGGFDC98CB,調和段,31.43,都市：住,100000,159,持分移轉,13820021
RPWVOLPKKIGGFDC09CB,調和段,31.43,都市：住,100000,159,持分移轉,13820021
RPPWOLPKKIGGFDC48CB,調和段,32.22,都市：住,100000,163,持分移轉,13820021
RPXVOLPKKIGGFDC56CB,調和段,31.43,都市：住,100000,159,持分移轉,13820021
RPOWOLPKKIGGFDC38CB,調和段,31.63,都市：住,100000,160,持分移轉,13820021
RPQWOLPKKIGGFDC58CB,調和段,32.02,都市：住,100000,162,持分移轉,13820021
RPRWOLPKKIGGFDC68CB,調和段,32.02,都市：住,100000,162,持分移轉,13820021
RPTWOLPKKIGGFDC88CB,調和段,32.02,都市：住,100000,162,持分移轉,13820021
RPSWOLPKKIGGFDC78CB,調和段,32.02,都市：住,100000,162,持分移轉,13820021
RPUWOLPKKIGGFDC98CB,調和段,31.82,都市：住,100000,161,持分移轉,13820021
RPWWOLPKKIGGFDC56CB,調和段,32.02,都市：住,100000,162,持分移轉,13820021
RPVWOLPKKIGGFDC09CB,調和段,32.02,都市：住,100000,162,持分移轉,13820021
RPXWOLPKKIGGFDC66CB,調和段,42.10,都市：住,100000,213,持分移轉,13820021
RPONPLPKKIGGFDC57CB,調和段,41.90,都市：住,100000,212,持分移轉,13820021
RPPNPLPKKIGGFDC67CB,調和段,42.10,都市：住,100000,213,持分移轉,13820021
RPRNPLPKKIGGFDC87CB,調和段,42.10,都市：住,100000,213,持分移轉,13820021
RPQNPLPKKIGGFDC77CB,調和段,41.90,都市：住,100000,212,持分移轉,13820021
RPTNPLPKKIGGFDC08CB,調和段,42.10,都市：住,100000,213,持分移轉,13820021
RPSNPLPKKIGGFDC97CB,調和段,42.10,都市：住,100000,213,持分移轉,13820021
RPUNPLPKKIGGFDC18CB,調和段,41.90,都市：住,100000,212,持分移轉,13820021
RPOOPLPKKIGGFDC67CB,調和段,30.64,都市：住,100000,155,持分移轉,13820021
RPWNPLPKKIGGFDC38CB,調和段,30.64,都市：住,100000,155,持分移轉,13820021
RPPOPLPKKIGGFDC77CB,調和段,30.44,都市：住,100000,154,持分移轉,13820021
RPROPLPKKIGGFDC97CB,調和段,30.83,都市：住,100000,156,持分移轉,13820021
RPSOPLPKKIGGFDC08CB,調和段,30.83,都市：住,100000,156,持分移轉,13820021
RPQOPLPKKIGGFDC87CB,調和段,30.64,都市：住,100000,155,持分移轉,13820021
RPTOPLPKKIGGFDC18CB,調和段,30.64,都市：住,100000,155,持分移轉,13820021
RPUOPLPKKIGGFDC28CB,調和段,30.83,都市：住,100000,156,持分移轉,13820021
RPVOPLPKKIGGFDC38CB,調和段,30.83,都市：住,100000,156,持分移轉,13820021
RPWOPLPKKIGGFDC48CB,調和段,30.83,都市：住,100000,156,持分移轉,13820021
RPXOPLPKKIGGFDC58CB,調和段,30.64,都市：住,100000,155,持分移轉,13820021
RPOPPLPKKIGGFDC77CB,調和段,30.64,都市：住,100000,155,持分移轉,13820021
RPQPPLPKKIGGFDC97CB,調和段,41.90,都市：住,100000,212,持分移轉,13820021
RPRPPLPKKIGGFDC08CB,調和段,42.10,都市：住,100000,213,持分移轉,13820021
RPSPPLPKKIGGFDC18CB,調和段,42.10,都市：住,100000,213,持分移轉,13820021
RPUPPLPKKIGGFDC38CB,調和段,41.90,都市：住,100000,212,持分移轉,13820021
RPTPPLPKKIGGFDC28CB,調和段,41.90,都市：住,100000,212,持分移轉,13820021
RPVPPLPKKIGGFDC48CB,調和段,42.10,都市：住,100000,213,持分移轉,13820021
RPWPPLPKKIGGFDC58CB,調和段,42.10,都市：住,100000,213,持分移轉,13820021
RPVNPLPKKIGGFDC28CB,調和段,41.90,都市：住,100000,212,持分移轉,13820021
RPXNPLPKKIGGFDC48CB,調和段,30.64,都市：住,100000,155,持分移轉,13820021
RPXPPLPKKIGGFDC68CB,調和段,41.90,都市：住,100000,212,持分移轉,13820021
RPOQPLPKKIGGFDC87CB,調和段,31.82,都市：住,100000,161,持分移轉,13820021
RPPQPLPKKIGGFDC97CB,調和段,32.02,都市：住,100000,162,持分移轉,13820021
RPRQPLPKKIGGFDC18CB,調和段,32.02,都市：住,100000,162,持分移轉,13820021
RPSQPLPKKIGGFDC28CB,調和段,32.02,都市：住,100000,162,持分移轉,13820021
RPQQPLPKKIGGFDC08CB,調和段,32.02,都市：住,100000,162,持分移轉,13820021
RPTQPLPKKIGGFDC38CB,調和段,32.22,都市：住,100000,163,持分移轉,13820021
RPUQPLPKKIGGFDC48CB,調和段,32.02,都市：住,100000,162,持分移轉,13820021
RPXQPLPKKIGGFDC78CB,調和段,30.24,都市：住,100000,153,持分移轉,13820021
RPWQPLPKKIGGFDC68CB,調和段,30.44,都市：住,100000,154,持分移轉,13820021
RPVQPLPKKIGGFDC58CB,調和段,32.02,都市：住,100000,162,持分移轉,13820021
RPORPLPKKIGGFDC97CB,調和段,30.24,都市：住,100000,153,持分移轉,13820021
RPPRPLPKKIGGFDC08CB,調和段,30.44,都市：住,100000,154,持分移轉,13820021
RPRRPLPKKIGGFDC28CB,調和段,30.24,都市：住,100000,153,持分移轉,13820021
RPQRPLPKKIGGFDC18CB,調和段,30.44,都市：住,100000,154,持分移轉,13820021
RPSRPLPKKIGGFDC38CB,調和段,30.04,都市：住,100000,152,持分移轉,13820021
RPTRPLPKKIGGFDC48CB,調和段,30.04,都市：住,100000,152,持分移轉,13820021
RPVRPLPKKIGGFDC68CB,調和段,30.04,都市：住,100000,152,持分移轉,13820021
RPURPLPKKIGGFDC58CB,調和段,30.24,都市：住,100000,153,持分移轉,13820021
RPXRPLPKKIGGFDC88CB,調和段,30.44,都市：住,100000,154,持分移轉,13820021
RPPPPLPKKIGGFDC87CB,調和段,41.90,都市：住,100000,212,持分移轉,13820021
RPPSPLPKKIGGFDC18CB,調和段,30.04,都市：住,100000,152,持分移轉,13820021
RPOSPLPKKIGGFDC08CB,調和段,30.24,都市：住,100000,153,持分移轉,13820021
RPWRPLPKKIGGFDC78CB,調和段,30.24,都市：住,100000,153,持分移轉,13820021
RPSSPLPKKIGGFDC48CB,調和段,30.04,都市：住,100000,152,持分移轉,13820021
RPTSPLPKKIGGFDC58CB,調和段,30.44,都市：住,100000,154,持分移轉,13820021
RPQSPLPKKIGGFDC28CB,調和段,30.24,都市：住,100000,153,持分移轉,13820021
RPRSPLPKKIGGFDC38CB,調和段,30.24,都市：住,100000,153,持分移轉,13820021
RPUSPLPKKIGGFDC68CB,調和段,42.50,都市：住,100000,215,持分移轉,13820021
RPWSPLPKKIGGFDC88CB,調和段,42.30,都市：住,100000,214,持分移轉,13820021
RPXSPLPKKIGGFDC98CB,調和段,42.50,都市：住,100000,215,持分移轉,13820021
RPVSPLPKKIGGFDC78CB,調和段,42.50,都市：住,100000,215,持分移轉,13820021
RPPTPLPKKIGGFDC28CB,調和段,42.50,都市：住,100000,215,持分移轉,13820021
RPSTPLPKKIGGFDC58CB,調和段,30.83,都市：住,100000,156,持分移轉,13820021
RPRTPLPKKIGGFDC48CB,調和段,30.83,都市：住,100000,156,持分移轉,13820021
RPTTPLPKKIGGFDC68CB,調和段,30.64,都市：住,100000,155,持分移轉,13820021
RPOTPLPKKIGGFDC18CB,調和段,42.10,都市：住,100000,213,持分移轉,13820021
RPQTPLPKKIGGFDC38CB,調和段,30.64,都市：住,100000,155,持分移轉,13820021
RPUTPLPKKIGGFDC78CB,調和段,30.83,都市：住,100000,156,持分移轉,13820021
RPWTPLPKKIGGFDC98CB,調和段,30.64,都市：住,100000,155,持分移轉,13820021
RPVTPLPKKIGGFDC88CB,調和段,30.64,都市：住,100000,155,持分移轉,13820021
RPOUPLPKKIGGFDC28CB,調和段,42.89,都市：住,100000,217,持分移轉,13820021
RPPUPLPKKIGGFDC38CB,調和段,42.50,都市：住,100000,215,持分移轉,13820021
RPQUPLPKKIGGFDC48CB,調和段,42.69,都市：住,100000,216,持分移轉,13820021
RPRUPLPKKIGGFDC58CB,調和段,42.30,都市：住,100000,214,持分移轉,13820021
RPXTPLPKKIGGFDC09CB,調和段,30.64,都市：住,100000,155,持分移轉,13820021
RPTUPLPKKIGGFDC78CB,調和段,42.30,都市：住,100000,214,持分移轉,13820021
RPUUPLPKKIGGFDC88CB,調和段,42.30,都市：住,100000,214,持分移轉,13820021
RPSUPLPKKIGGFDC68CB,調和段,42.50,都市：住,100000,215,持分移轉,13820021
RPVUPLPKKIGGFDC98CB,調和段,42.50,都市：住,100000,215,持分移轉,13820021
RPWUPLPKKIGGFDC09CB,調和段,42.50,都市：住,100000,215,持分移轉,13820021
RPXUPLPKKIGGFDC56CB,調和段,42.10,都市：住,100000,213,持分移轉,13820021
RPPVPLPKKIGGFDC48CB,調和段,42.10,都市：住,100000,213,持分移轉,13820021
RPOVPLPKKIGGFDC38CB,調和段,42.10,都市：住,100000,213,持分移轉,13820021
RPRVPLPKKIGGFDC68CB,調和段,41.90,都市：住,100000,212,持分移轉,13820021
RPSVPLPKKIGGFDC78CB,調和段,42.10,都市：住,100000,213,持分移轉,13820021
RPQVPLPKKIGGFDC58CB,調和段,42.10,都市：住,100000,213,持分移轉,13820021
RPVVPLPKKIGGFDC09CB,調和段,41.90,都市：住,100000,212,持分移轉,13820021
RPTVPLPKKIGGFDC88CB,調和段,41.90,都市：住,100000,212,持分移轉,13820021
RPUVPLPKKIGGFDC98CB,調和段,42.10,都市：住,100000,213,持分移轉,13820021
RPXVPLPKKIGGFDC66CB,調和段,61.47,都市：住,100000,311,持分移轉,13820021
RPWVPLPKKIGGFDC56CB,調和段,61.47,都市：住,100000,311,持分移轉,13820021
RPOWPLPKKIGGFDC48CB,調和段,61.47,都市：住,100000,311,持分移轉,13820021
RPQWPLPKKIGGFDC68CB,調和段,41.90,都市：住,100000,212,持分移轉,13820021
RPSWPLPKKIGGFDC88CB,調和段,42.10,都市：住,100000,213,持分移轉,13820021
RPRWPLPKKIGGFDC78CB,調和段,42.10,都市：住,100000,213,持分移轉,13820021
RPUWPLPKKIGGFDC09CB,調和段,42.10,都市：住,100000,213,持分移轉,13820021
RPVWPLPKKIGGFDC56CB,調和段,42.10,都市：住,100000,213,持分移轉,13820021
RPPWPLPKKIGGFDC58CB,調和段,42.10,都市：住,100000,213,持分移轉,13820021
RPWWPLPKKIGGFDC66CB,調和段,41.90,都市：住,100000,212,持分移轉,13820021
RPTWPLPKKIGGFDC98CB,調和段,41.90,都市：住,100000,212,持分移轉,13820021
RPONQLPKKIGGFDC67CB,調和段,31.23,都市：住,100000,158,持分移轉,13820021
RPXWPLPKKIGGFDC76CB,調和段,42.30,都市：住,100000,214,持分移轉,13820021
RPRNQLPKKIGGFDC97CB,調和段,31.03,都市：住,100000,157,持分移轉,13820021
RPSNQLPKKIGGFDC08CB,調和段,31.03,都市：住,100000,157,持分移轉,13820021
RPPNQLPKKIGGFDC77CB,調和段,31.03,都市：住,100000,157,持分移轉,13820021
RPTNQLPKKIGGFDC18CB,調和段,31.03,都市：住,100000,157,持分移轉,13820021
RPQNQLPKKIGGFDC87CB,調和段,31.23,都市：住,100000,158,持分移轉,13820021
RPUNQLPKKIGGFDC28CB,調和段,30.83,都市：住,100000,156,持分移轉,13820021
RPVNQLPKKIGGFDC38CB,調和段,31.23,都市：住,100000,158,持分移轉,13820021
RPXNQLPKKIGGFDC58CB,調和段,21.15,都市：住,100000,107,持分移轉,13820021
RPWNQLPKKIGGFDC48CB,調和段,31.03,都市：住,100000,157,持分移轉,13820021
RPQOQLPKKIGGFDC97CB,調和段,20.95,都市：住,100000,106,持分移轉,13820021
RPSOQLPKKIGGFDC18CB,調和段,20.95,都市：住,100000,106,持分移轉,13820021
RPPOQLPKKIGGFDC87CB,調和段,20.95,都市：住,100000,106,持分移轉,13820021
RPTOQLPKKIGGFDC28CB,調和段,20.95,都市：住,100000,106,持分移轉,13820021
RPUOQLPKKIGGFDC38CB,調和段,20.95,都市：住,100000,106,持分移轉,13820021
RPOOQLPKKIGGFDC77CB,調和段,20.95,都市：住,100000,106,持分移轉,13820021
RPROQLPKKIGGFDC08CB,調和段,20.95,都市：住,100000,106,持分移轉,13820021
RPWOQLPKKIGGFDC58CB,調和段,31.03,都市：住,100000,157,持分移轉,13820021
RPVOQLPKKIGGFDC48CB,調和段,31.03,都市：住,100000,157,持分移轉,13820021
RPXOQLPKKIGGFDC68CB,調和段,31.03,都市：住,100000,157,持分移轉,13820021
RPOPQLPKKIGGFDC87CB,調和段,31.03,都市：住,100000,157,持分移轉,13820021
RPPPQLPKKIGGFDC97CB,調和段,31.03,都市：住,100000,157,持分移轉,13820021
RPQPQLPKKIGGFDC08CB,調和段,31.03,都市：住,100000,157,持分移轉,13820021
RPSPQLPKKIGGFDC28CB,調和段,31.23,都市：住,100000,158,持分移轉,13820021
RPTPQLPKKIGGFDC38CB,調和段,31.03,都市：住,100000,157,持分移轉,13820021
RPRPQLPKKIGGFDC18CB,調和段,31.03,都市：住,100000,157,持分移轉,13820021
RPUPQLPKKIGGFDC48CB,調和段,31.23,都市：住,100000,158,持分移轉,13820021
RPVPQLPKKIGGFDC58CB,調和段,31.03,都市：住,100000,157,持分移轉,13820021
RPWPQLPKKIGGFDC68CB,調和段,31.03,都市：住,100000,157,持分移轉,13820021
RPOQQLPKKIGGFDC97CB,調和段,30.83,都市：住,100000,156,持分移轉,13820021
RPPQQLPKKIGGFDC08CB,調和段,31.03,都市：住,100000,157,持分移轉,13820021
RPXPQLPKKIGGFDC78CB,調和段,31.03,都市：住,100000,157,持分移轉,13820021
RPQQQLPKKIGGFDC18CB,調和段,31.03,都市：住,100000,157,持分移轉,13820021
RPRQQLPKKIGGFDC28CB,調和段,31.03,都市：住,100000,157,持分移轉,13820021
RPTQQLPKKIGGFDC48CB,調和段,28.86,都市：住,100000,146,持分移轉,13820021
RPVQQLPKKIGGFDC68CB,調和段,28.86,都市：住,100000,146,持分移轉,13820021
RPXQQLPKKIGGFDC88CB,調和段,29.06,都市：住,100000,147,持分移轉,13820021
RPUQQLPKKIGGFDC58CB,調和段,28.86,都市：住,100000,146,持分移轉,13820021
RPWQQLPKKIGGFDC78CB,調和段,28.66,都市：住,100000,145,持分移轉,13820021
RPORQLPKKIGGFDC08CB,調和段,28.86,都市：住,100000,146,持分移轉,13820021
RPQRQLPKKIGGFDC28CB,調和段,28.66,都市：住,100000,145,持分移轉,13820021
RPPRQLPKKIGGFDC18CB,調和段,28.86,都市：住,100000,146,持分移轉,13820021
RPRRQLPKKIGGFDC38CB,調和段,28.86,都市：住,100000,146,持分移轉,13820021
RPSRQLPKKIGGFDC48CB,調和段,28.86,都市：住,100000,146,持分移轉,13820021
RPSQQLPKKIGGFDC38CB,調和段,28.86,都市：住,100000,146,持分移轉,13820021
RPURQLPKKIGGFDC68CB,調和段,28.86,都市：住,100000,146,持分移轉,13820021
RPTRQLPKKIGGFDC58CB,調和段,28.86,都市：住,100000,146,持分移轉,13820021
RPVRQLPKKIGGFDC78CB,調和段,28.66,都市：住,100000,145,持分移轉,13820021
RPWRQLPKKIGGFDC88CB,調和段,28.86,都市：住,100000,146,持分移轉,13820021
RPXRQLPKKIGGFDC98CB,調和段,28.66,都市：住,100000,145,持分移轉,13820021
RPOSQLPKKIGGFDC18CB,調和段,28.86,都市：住,100000,146,持分移轉,13820021
RPPSQLPKKIGGFDC28CB,調和段,28.66,都市：住,100000,145,持分移轉,13820021
RPRSQLPKKIGGFDC48CB,調和段,31.03,都市：住,100000,157,持分移轉,13820021
RPQSQLPKKIGGFDC38CB,調和段,31.03,都市：住,100000,157,持分移轉,13820021
RPSSQLPKKIGGFDC58CB,調和段,31.03,都市：住,100000,157,持分移轉,13820021
RPUSQLPKKIGGFDC78CB,調和段,31.03,都市：住,100000,157,持分移轉,13820021
RPTSQLPKKIGGFDC68CB,調和段,31.03,都市：住,100000,157,持分移轉,13820021
RPVSQLPKKIGGFDC88CB,調和段,31.03,都市：住,100000,157,持分移轉,13820021
RPWSQLPKKIGGFDC98CB,調和段,31.43,都市：住,100000,159,持分移轉,13820021
RPXSQLPKKIGGFDC09CB,調和段,31.03,都市：住,100000,157,持分移轉,13820021
RPOTQLPKKIGGFDC28CB,調和段,30.83,都市：住,100000,156,持分移轉,13820021
RPRTQLPKKIGGFDC58CB,調和段,30.83,都市：住,100000,156,持分移轉,13820021
RPPTQLPKKIGGFDC38CB,調和段,31.03,都市：住,100000,157,持分移轉,13820021
RPQTQLPKKIGGFDC48CB,調和段,31.03,都市：住,100000,157,持分移轉,13820021
RPSTQLPKKIGGFDC68CB,調和段,31.03,都市：住,100000,157,持分移轉,13820021
RPTTQLPKKIGGFDC78CB,調和段,31.03,都市：住,100000,157,持分移轉,13820021
RPVTQLPKKIGGFDC98CB,調和段,31.03,都市：住,100000,157,持分移轉,13820021
RPWTQLPKKIGGFDC09CB,調和段,31.03,都市：住,100000,157,持分移轉,13820021
RPXTQLPKKIGGFDC56CB,調和段,21.15,都市：住,100000,107,持分移轉,13820021
RPUTQLPKKIGGFDC88CB,調和段,31.03,都市：住,100000,157,持分移轉,13820021
RPOUQLPKKIGGFDC38CB,調和段,21.15,都市：住,100000,107,持分移轉,13820021
RPPUQLPKKIGGFDC48CB,調和段,21.35,都市：住,100000,108,持分移轉,13820021
RPRUQLPKKIGGFDC68CB,調和段,21.15,都市：住,100000,107,持分移轉,13820021
RPQUQLPKKIGGFDC58CB,調和段,21.35,都市：住,100000,108,持分移轉,13820021
RPSUQLPKKIGGFDC78CB,調和段,21.35,都市：住,100000,108,持分移轉,13820021
RPTUQLPKKIGGFDC88CB,調和段,46.05,都市：住,100000,233,持分移轉,13820021
RPWUQLPKKIGGFDC56CB,調和段,46.05,都市：住,100000,233,持分移轉,13820021
RPXUQLPKKIGGFDC66CB,調和段,46.05,都市：住,100000,233,持分移轉,13820021
RPOVQLPKKIGGFDC48CB,調和段,46.05,都市：住,100000,233,持分移轉,13820021
RPVUQLPKKIGGFDC09CB,調和段,45.86,都市：住,100000,232,持分移轉,13820021
RPQVQLPKKIGGFDC68CB,調和段,45.86,都市：住,100000,232,持分移轉,13820021
RPUUQLPKKIGGFDC98CB,調和段,46.85,都市：住,100000,237,持分移轉,13820021
RPRVQLPKKIGGFDC78CB,調和段,46.05,都市：住,100000,233,持分移轉,13820021
RPSVQLPKKIGGFDC88CB,調和段,31.03,都市：住,100000,157,持分移轉,13820021
RPPVQLPKKIGGFDC58CB,調和段,46.05,都市：住,100000,233,持分移轉,13820021
RPTVQLPKKIGGFDC98CB,調和段,31.03,都市：住,100000,157,持分移轉,13820021
RPUVQLPKKIGGFDC09CB,調和段,31.03,都市：住,100000,157,持分移轉,13820021
RPXVQLPKKIGGFDC76CB,調和段,31.03,都市：住,100000,157,持分移轉,13820021
RPOWQLPKKIGGFDC58CB,調和段,31.03,都市：住,100000,157,持分移轉,13820021
RPVVQLPKKIGGFDC56CB,調和段,31.03,都市：住,100000,157,持分移轉,13820021
RPWVQLPKKIGGFDC66CB,調和段,31.03,都市：住,100000,157,持分移轉,13820021
RPPWQLPKKIGGFDC68CB,調和段,31.23,都市：住,100000,158,持分移轉,13820021
RPQWQLPKKIGGFDC78CB,調和段,31.03,都市：住,100000,157,持分移轉,13820021
RPRWQLPKKIGGFDC88CB,調和段,30.83,都市：住,100000,156,持分移轉,13820021
RPSWQLPKKIGGFDC98CB,調和段,31.43,都市：住,100000,159,持分移轉,13820021
RPTWQLPKKIGGFDC09CB,調和段,31.03,都市：住,100000,157,持分移轉,13820021
RPUWQLPKKIGGFDC56CB,調和段,31.03,都市：住,100000,157,持分移轉,13820021
RPVWQLPKKIGGFDC66CB,調和段,31.03,都市：住,100000,157,持分移轉,13820021
RPWWQLPKKIGGFDC76CB,調和段,30.83,都市：住,100000,156,持分移轉,13820021
RPONRLPKKIGGFDC77CB,調和段,31.03,都市：住,100000,157,持分移轉,13820021
RPXWQLPKKIGGFDC86CB,調和段,31.03,都市：住,100000,157,持分移轉,13820021
RPQNRLPKKIGGFDC97CB,調和段,45.86,都市：住,100000,232,持分移轉,13820021
RPPNRLPKKIGGFDC87CB,調和段,46.65,都市：住,100000,236,持分移轉,13820021
RPUNRLPKKIGGFDC38CB,調和段,45.86,都市：住,100000,232,持分移轉,13820021
RPTNRLPKKIGGFDC28CB,調和段,45.66,都市：住,100000,231,持分移轉,13820021
RPSNRLPKKIGGFDC18CB,調和段,45.86,都市：住,100000,232,持分移轉,13820021
RPRNRLPKKIGGFDC08CB,調和段,45.86,都市：住,100000,232,持分移轉,13820021
RPVNRLPKKIGGFDC48CB,調和段,45.86,都市：住,100000,232,持分移轉,13820021
RPWNRLPKKIGGFDC58CB,調和段,45.86,都市：住,100000,232,持分移轉,13820021
RPXNRLPKKIGGFDC68CB,調和段,45.66,都市：住,100000,231,持分移轉,13820021
RPPORLPKKIGGFDC97CB,代天府段,24.81,都市：住,100000,930,持分移轉,08980000
RPPNMLPKKIGGFDC47DB,港濱段,23.44,都市：住,10000,142,持分移轉,13110000
RPRNMLPKKIGGFDC67DB,港濱段,40.77,都市：住,10000,247,持分移轉,13110000
RPQNMLPKKIGGFDC57DB,港濱段,25.26,都市：住,10000,153,持分移轉,13110000
RPQORLPKKIGGFDC08CB,代天府段,39.51,都市：住,100000,1481,持分移轉,08980000
RPSNMLPKKIGGFDC77DB,港濱段,47.21,都市：住,10000,286,持分移轉,13110000
RPOORLPKKIGGFDC87CB,代天府段,42.26,都市：住,100000,1584,持分移轉,08980000
RPPNMLQKKIGGFDC57DB,港濱段,47.21,都市：住,10000,286,持分移轉,13110000
RPQNMLQKKIGGFDC67DB,港濱段,49.36,都市：住,10000,299,持分移轉,13110000
RPRNMLQKKIGGFDC77DB,港濱段,40.77,都市：住,10000,247,持分移轉,13110000
RPPNMLRKKIGGFDC67DB,港灣段三小段,23.46,都市：商,100000,1247,持分移轉,00040000
RPQNMLSKKIGGFDC77CB,德安段,33.30,都市：住,100000,418,持分移轉,11420000
RPRNMLSKKIGGFDC87CB,德安段,12.53,都市：商,100000,96,持分移轉,10900000
RPSNMLSKKIGGFDC97CB,德安段,12.66,都市：商,100000,97,持分移轉,10900000
RPPNMLSKKIGGFDC67CB,德安段,32.98,都市：住,100000,414,持分移轉,11420000
RPUNMLSKKIGGFDC18CB,德安段,24.22,都市：住,100000,304,持分移轉,11420000
RPVNMLSKKIGGFDC28CB,德安段,12.66,都市：商,100000,97,持分移轉,10900000
RPTNMLSKKIGGFDC08CB,德安段,33.30,都市：住,100000,418,持分移轉,11420000
RPWNMLSKKIGGFDC38CB,德安段,48.20,都市：住,100000,605,持分移轉,11420000
RPXNMLSKKIGGFDC48CB,德安段,18.01,都市：商,100000,138,持分移轉,10900000
RPROMLSKKIGGFDC97CB,德安段,18.01,都市：商,100000,138,持分移轉,10900000
RPOOMLSKKIGGFDC67CB,德安段,12.53,都市：商,100000,96,持分移轉,10900000
RPPOMLSKKIGGFDC77CB,德安段,33.41,都市：商,100000,256,持分移轉,10900000
RPQOMLSKKIGGFDC87CB,德安段,12.66,都市：商,100000,97,持分移轉,10900000
RPSOMLSKKIGGFDC08CB,德安段,13.05,都市：商,100000,100,持分移轉,10900000
RPTOMLSKKIGGFDC18CB,德安段,15.53,都市：商,100000,119,持分移轉,10900000
RPUOMLSKKIGGFDC28CB,德安段,12.53,都市：商,100000,96,持分移轉,10900000
RPQNMLKLKIGGFDC17DB,港灣段三小段,23.46,都市：商,100000,1247,持分移轉,00040000
RPVOMLSKKIGGFDC38CB,德安段,12.53,都市：商,100000,96,持分移轉,10900000
RPRNMLKLKIGGFDC27DB,港灣段三小段,14.78,都市：商,100000,786,持分移轉,00040000
RPSNMLKLKIGGFDC37DB,港灣段三小段,15.14,都市：商,100000,805,持分移轉,00040000
RPUNMLKLKIGGFDC57DB,港灣段三小段,15.14,都市：商,100000,805,持分移轉,00040000
RPTNMLKLKIGGFDC47DB,港灣段三小段,15.20,都市：商,100000,808,持分移轉,00040000
RPWNMLKLKIGGFDC77DB,港灣段三小段,17.44,都市：商,100000,927,持分移轉,00040000
RPXNMLKLKIGGFDC87DB,港灣段三小段,15.20,都市：商,100000,808,持分移轉,00040000
RPOOMLKLKIGGFDC07DB,港灣段三小段,14.99,都市：商,100000,797,持分移轉,00040000
RPVNMLKLKIGGFDC67DB,港灣段三小段,15.20,都市：商,100000,808,持分移轉,00040000
RPQOMLKLKIGGFDC27DB,港灣段三小段,15.33,都市：商,100000,815,持分移轉,00040000
RPPOMLKLKIGGFDC17DB,港灣段三小段,17.40,都市：商,100000,925,持分移轉,00040000
RPRNMLLLKIGGFDC37DB,港灣段三小段,14.62,都市：商,100000,777,持分移轉,00040000
RPPNMLLLKIGGFDC17DB,港灣段三小段,24.04,都市：商,100000,1278,持分移轉,00040000
RPSNMLLLKIGGFDC47DB,港灣段三小段,14.80,都市：商,100000,787,持分移轉,00040000
RPTNMLLLKIGGFDC57DB,港灣段三小段,16.61,都市：商,100000,883,持分移轉,00040000
RPUNMLLLKIGGFDC67DB,港灣段三小段,14.78,都市：商,100000,786,持分移轉,00040000
RPWNMLLLKIGGFDC87DB,港灣段三小段,8.39,都市：商,100000,446,持分移轉,00040000
RPPOMLLLKIGGFDC27DB,情人湖段,22.57,都市：住,10000,191,持分移轉,04240000
RPVNMLLLKIGGFDC77DB,港灣段三小段,15.20,都市：商,100000,808,持分移轉,00040000
RPPNMLLLKIGGFDC07CB,德安段,15.53,都市：商,100000,119,持分移轉,10900000
RPQNMLLLKIGGFDC17CB,德安段,13.05,都市：商,100000,100,持分移轉,10900000
RPOOMLLLKIGGFDC17DB,情人湖段,22.57,都市：住,10000,191,持分移轉,04240000
RPRNMLMLKIGGFDC47DB,港灣段三小段,23.46,都市：商,100000,1247,持分移轉,00040000
RPXNMLLLKIGGFDC97DB,港灣段三小段,11.68,都市：商,100000,621,持分移轉,00040000
RPSNMLMLKIGGFDC57DB,情人湖段,30.95,都市：住,10000,262,持分移轉,04240000
RPQNMLMLKIGGFDC37DB,港灣段三小段,14.62,都市：商,100000,777,持分移轉,00040000
RPTNMLMLKIGGFDC67DB,情人湖段,29.89,都市：住,10000,253,持分移轉,04240000
RPXNMLMLKIGGFDC08DB,情人湖段,20.91,都市：住,10000,177,持分移轉,04240000
RPPOMLMLKIGGFDC37DB,情人湖段,20.91,都市：住,10000,177,持分移轉,04240000
RPWNMLMLKIGGFDC97DB,情人湖段,20.91,都市：住,10000,177,持分移轉,04240000
RPVNMLMLKIGGFDC87DB,情人湖段,30.95,都市：住,10000,262,持分移轉,04240000
RPQOMLMLKIGGFDC47DB,情人湖段,29.89,都市：住,10000,253,持分移轉,04240000
RPUNMLMLKIGGFDC77DB,情人湖段,29.89,都市：住,10000,253,持分移轉,04240000
RPOOMLMLKIGGFDC27DB,情人湖段,22.57,都市：住,10000,191,持分移轉,04240000
RPQNMLNLKIGGFDC47DB,港灣段三小段,12.32,都市：商,100000,655,持分移轉,00040000
RPROMLMLKIGGFDC57DB,港灣段三小段,15.31,都市：商,100000,814,持分移轉,00040000
RPPNMLNLKIGGFDC37DB,港灣段三小段,12.41,都市：商,100000,660,持分移轉,00040000
RPRNMLNLKIGGFDC57DB,港灣段三小段,15.14,都市：商,100000,805,持分移轉,00040000
RPTNMLNLKIGGFDC77DB,港灣段三小段,15.14,都市：商,100000,805,持分移轉,00040000
RPUNMLNLKIGGFDC87DB,港濱段,40.77,都市：住,10000,247,持分移轉,13110000
RPVNMLNLKIGGFDC97DB,港灣段三小段,15.20,都市：商,100000,808,持分移轉,00040000
RPWNMLNLKIGGFDC08DB,港灣段三小段,15.33,都市：商,100000,815,持分移轉,00040000
RPXNMLNLKIGGFDC18DB,港灣段三小段,17.59,都市：商,100000,935,持分移轉,00040000
RPPOMLNLKIGGFDC47DB,情人湖段,22.57,都市：住,10000,191,持分移轉,04240000
RPSNMLNLKIGGFDC67DB,港灣段三小段,17.44,都市：商,100000,927,持分移轉,00040000
RPOOMLNLKIGGFDC37DB,港灣段三小段,15.33,都市：商,100000,815,持分移轉,00040000
RPQOMLNLKIGGFDC57DB,港灣段三小段,17.44,都市：商,100000,927,持分移轉,00040000
RPROMLNLKIGGFDC67DB,情人湖段,45.25,都市：住,10000,383,持分移轉,04240000
RPVOMLNLKIGGFDC08DB,情人湖段,30.95,都市：住,10000,262,持分移轉,04240000
RPXOMLNLKIGGFDC28DB,情人湖段,45.25,都市：住,10000,383,持分移轉,04240000
RPRNMLOLKIGGFDC67DB,港灣段三小段,14.78,都市：商,100000,786,持分移轉,00040000
RPTOMLNLKIGGFDC87DB,港灣段三小段,14.62,都市：商,100000,777,持分移轉,00040000
RPTNMLOLKIGGFDC87DB,港灣段三小段,14.78,都市：商,100000,786,持分移轉,00040000
RPUOMLNLKIGGFDC97DB,情人湖段,30.95,都市：住,10000,262,持分移轉,04240000
RPPNMLPLKIGGFDC57DB,情人湖段,22.57,都市：住,10000,191,持分移轉,04240000
RPQNMLPLKIGGFDC67DB,長安段,27.24,非都市：鄉村區 ; 非都市編定：乙種建築用地,10000,151,持分移轉,02740000
RPSNMLOLKIGGFDC77DB,港灣段三小段,18.30,都市：商,100000,973,持分移轉,00040000
RPSNMLPLKIGGFDC87DB,情人湖段,20.91,都市：住,10000,177,持分移轉,04240000
RPRNMLPLKIGGFDC77DB,長安段,37.70,非都市：鄉村區 ; 非都市編定：乙種建築用地,10000,209,持分移轉,02740000
RPTNMLPLKIGGFDC97DB,情人湖段,29.89,都市：住,10000,253,持分移轉,04240000
RPQNMLQLKIGGFDC77DB,情人湖段,29.89,都市：住,10000,253,持分移轉,04240000
RPRNMLQLKIGGFDC87DB,情人湖段,22.57,都市：住,10000,191,持分移轉,04240000
RPPNMLQLKIGGFDC67DB,情人湖段,45.25,都市：住,10000,383,持分移轉,04240000
RPTNMLQLKIGGFDC08DB,情人湖段,29.89,都市：住,10000,253,持分移轉,04240000
RPTNMLRLKIGGFDC08CB,調和段,20.95,都市：住,100000,106,持分移轉,13820021
RPSNMLQLKIGGFDC97DB,情人湖段,20.91,都市：住,10000,177,持分移轉,04240000
RPUNMLRLKIGGFDC18CB,調和段,30.83,都市：住,100000,156,持分移轉,13820021
RPXNMLRLKIGGFDC48CB,調和段,30.83,都市：住,100000,156,持分移轉,13820021
RPVNMLRLKIGGFDC28CB,調和段,29.06,都市：住,100000,147,持分移轉,13820021
RPOOMLRLKIGGFDC67CB,調和段,30.83,都市：住,100000,156,持分移轉,13820021
RPPNMLSLKIGGFDC77CB,調和段,30.64,都市：住,100000,155,持分移轉,13820021
RPQNMLSLKIGGFDC87CB,德安段,22.15,都市：住,100000,278,持分移轉,11420000
RPTNMLSLKIGGFDC18CB,德安段,29.88,都市：住,100000,375,持分移轉,11420000
RPRNMLSLKIGGFDC97CB,德安段,38.80,都市：住,100000,487,持分移轉,11420000
RPSNMLSLKIGGFDC08CB,德安段,38.96,都市：住,100000,489,持分移轉,11420000
RPUNMLSLKIGGFDC28CB,德安段,32.83,都市：住,100000,412,持分移轉,11420000
RPVNMLSLKIGGFDC38CB,德安段,29.08,都市：住,100000,365,持分移轉,11420000
RPWNMLSLKIGGFDC48CB,德安段,32.75,都市：住,100000,411,持分移轉,11420000
RPXNMLSLKIGGFDC58CB,德安段,29.08,都市：住,100000,365,持分移轉,11420000
RPPOMLSLKIGGFDC87CB,德安段,12.66,都市：商,100000,97,持分移轉,10900000
RPOOMLSLKIGGFDC77CB,德安段,38.64,都市：住,100000,485,持分移轉,11420000
RPQOMLSLKIGGFDC97CB,德安段,15.40,都市：商,100000,118,持分移轉,10900000
RPSOMLSLKIGGFDC18CB,德安段,12.53,都市：商,100000,96,持分移轉,10900000
RPROMLSLKIGGFDC08CB,德安段,12.79,都市：商,100000,98,持分移轉,10900000
RPTOMLSLKIGGFDC28CB,德安段,15.40,都市：商,100000,118,持分移轉,10900000
RPUOMLSLKIGGFDC38CB,德安段,15.40,都市：商,100000,118,持分移轉,10900000
RPWOMLSLKIGGFDC58CB,德安段,13.31,都市：商,100000,102,持分移轉,10900000
RPVOMLSLKIGGFDC48CB,德安段,12.53,都市：商,100000,96,持分移轉,10900000
RPOPMLSLKIGGFDC87CB,德安段,18.01,都市：商,100000,138,持分移轉,10900000
RPXOMLSLKIGGFDC68CB,德安段,12.53,都市：商,100000,96,持分移轉,10900000
RPPPMLSLKIGGFDC97CB,德安段,15.40,都市：商,100000,118,持分移轉,10900000
RPQPMLSLKIGGFDC08CB,德安段,18.01,都市：商,100000,138,持分移轉,10900000
RPRPMLSLKIGGFDC18CB,德安段,12.53,都市：商,100000,96,持分移轉,10900000
RPUPMLSLKIGGFDC48CB,德安段,12.66,都市：商,100000,97,持分移轉,10900000
RPTPMLSLKIGGFDC38CB,德安段,15.53,都市：商,100000,119,持分移轉,10900000
RPSPMLSLKIGGFDC28CB,德安段,15.53,都市：商,100000,119,持分移轉,10900000
RPVPMLSLKIGGFDC58CB,德安段,18.40,都市：商,100000,141,持分移轉,10900000
RPOQMLSLKIGGFDC97CB,德安段,12.79,都市：商,100000,98,持分移轉,10900000
RPWPMLSLKIGGFDC68CB,德安段,15.40,都市：商,100000,118,持分移轉,10900000
RPPQMLSLKIGGFDC08CB,德安段,13.05,都市：商,100000,100,持分移轉,10900000
RPQQMLSLKIGGFDC18CB,德安段,12.53,都市：商,100000,96,持分移轉,10900000
RPSQMLSLKIGGFDC38CB,德安段,12.66,都市：商,100000,97,持分移轉,10900000
RPRQMLSLKIGGFDC28CB,德安段,13.05,都市：商,100000,100,持分移轉,10900000
RPTQMLSLKIGGFDC48CB,德安段,12.53,都市：商,100000,96,持分移轉,10900000
RPUQMLSLKIGGFDC58CB,德安段,12.40,都市：商,100000,95,持分移轉,10900000
RPWQMLSLKIGGFDC78CB,德安段,39.52,都市：住,100000,496,持分移轉,11420000
RPXQMLSLKIGGFDC88CB,德安段,12.40,都市：商,100000,95,持分移轉,10900000
RPVQMLSLKIGGFDC68CB,德安段,12.40,都市：商,100000,95,持分移轉,10900000
RPQRMLSLKIGGFDC28CB,德安段,13.31,都市：商,100000,102,持分移轉,10900000
RPSRMLSLKIGGFDC48CB,德安段,12.40,都市：商,100000,95,持分移轉,10900000
RPRRMLSLKIGGFDC38CB,德安段,15.40,都市：商,100000,118,持分移轉,10900000
RPTRMLSLKIGGFDC58CB,德安段,12.53,都市：商,100000,96,持分移轉,10900000
RPURMLSLKIGGFDC68CB,德安段,13.05,都市：商,100000,100,持分移轉,10900000
RPSNMLSLKIGGFDC18DB,情人湖段,20.91,都市：住,10000,177,持分移轉,04240000
RPPRMLSLKIGGFDC18CB,德安段,12.53,都市：商,100000,96,持分移轉,10900000
RPORMLSLKIGGFDC08CB,德安段,18.01,都市：商,100000,138,持分移轉,10900000
RPVRMLSLKIGGFDC78CB,德安段,13.05,都市：商,100000,100,持分移轉,10900000
RPRNMLKMKIGGFDC37DB,情人湖段,29.89,都市：住,10000,253,持分移轉,04240000
RPTNMLKMKIGGFDC57DB,情人湖段,29.77,都市：住,10000,252,持分移轉,04240000
RPSNMLKMKIGGFDC47DB,情人湖段,45.25,都市：住,10000,383,持分移轉,04240000
RPQNMLKMKIGGFDC27DB,情人湖段,30.95,都市：住,10000,262,持分移轉,04240000
RPVNMLKMKIGGFDC77DB,情人湖段,45.25,都市：住,10000,383,持分移轉,04240000
RPUNMLKMKIGGFDC67DB,情人湖段,29.89,都市：住,10000,253,持分移轉,04240000
RPPNMLKMKIGGFDC07CB,德安段,15.40,都市：商,100000,118,持分移轉,10900000
RPWNMLKMKIGGFDC87DB,情人湖段,45.25,都市：住,10000,383,持分移轉,04240000
RPPNMLLMKIGGFDC17CB,代天府段,38.20,都市：住,100000,1432,持分移轉,08980000
RPQNMLNJJHHGFDC07CB,深美段,66.41,都市：住,10000,119,持分移轉,08400003
RPPNMLNJJHHGFDC96CB,深美段,60.27,都市：住,10000,108,持分移轉,08400003
RPRNMLNJJHHGFDC17CB,深美段,54.69,都市：住,10000,98,持分移轉,08400003
RPPNMLPJJHHGFDC17CB,深美段,122.78,都市：住,10000,220,持分移轉,08400003
RPQNMLPJJHHGFDC27CB,德安段,12.53,都市：商,100000,96,持分移轉,10900000
RPRNMLPJJHHGFDC37CB,德安段,24.22,都市：住,100000,304,持分移轉,11420000
RPTNMLPJJHHGFDC57CB,德安段,20.36,都市：商,100000,156,持分移轉,10900000
RPUNMLPJJHHGFDC67CB,德安段,12.40,都市：商,100000,95,持分移轉,10900000
RPSNMLPJJHHGFDC47CB,德安段,38.72,都市：住,100000,486,持分移轉,11420000
RPVNMLPJJHHGFDC77CB,德安段,13.05,都市：商,100000,100,持分移轉,10900000
RPWNMLPJJHHGFDC87CB,德安段,12.40,都市：商,100000,95,持分移轉,10900000
RPOOMLPJJHHGFDC17CB,德安段,15.40,都市：商,100000,118,持分移轉,10900000
RPPOMLPJJHHGFDC27CB,德安段,29.88,都市：住,100000,375,持分移轉,11420000
RPQOMLPJJHHGFDC37CB,德安段,12.66,都市：商,100000,97,持分移轉,10900000
RPSOMLPJJHHGFDC57CB,德安段,12.53,都市：商,100000,96,持分移轉,10900000
RPXNMLPJJHHGFDC97CB,德安段,12.40,都市：商,100000,95,持分移轉,10900000
RPROMLPJJHHGFDC47CB,德安段,13.05,都市：商,100000,100,持分移轉,10900000
RPTOMLPJJHHGFDC67CB,德安段,12.53,都市：商,100000,96,持分移轉,10900000
RPUOMLPJJHHGFDC77CB,德安段,13.05,都市：商,100000,100,持分移轉,10900000
RPVOMLPJJHHGFDC87CB,德安段,15.40,都市：商,100000,118,持分移轉,10900000
RPWOMLPJJHHGFDC97CB,德安段,12.40,都市：商,100000,95,持分移轉,10900000
RPQNMLMKJHHGFDC17DB,長安段,28.32,非都市：鄉村區 ; 非都市編定：乙種建築用地,10000,157,持分移轉,02740000
RPPNMLLKJHHGFDC86CB,深美段,55.25,都市：住,10000,99,持分移轉,08400003
RPPNMLNKJHHGFDC07CB,長潭段,2.37,都市：住,100000,162,持分移轉,08920001
RPPNMLNKJHHGFDC07CB,長潭段,18.95,都市：住,100000,162,持分移轉,09020000
RPRNMLMKJHHGFDC27DB,長安段,29.04,非都市：鄉村區 ; 非都市編定：乙種建築用地,10000,161,持分移轉,02740000
RPRNMLNKJHHGFDC27CB,長潭段,2.72,都市：住,100000,186,持分移轉,08920001
RPRNMLNKJHHGFDC27CB,長潭段,21.75,都市：住,100000,186,持分移轉,09020000
RPSNMLNKJHHGFDC37CB,長潭段,3.22,都市：住,100000,220,持分移轉,08920001
RPSNMLNKJHHGFDC37CB,長潭段,25.73,都市：住,100000,220,持分移轉,09020000
RPPNMLMKJHHGFDC07DB,長安段,37.70,非都市：鄉村區 ; 非都市編定：乙種建築用地,10000,209,持分移轉,02740000
RPSNMLMKJHHGFDC37DB,長安段,30.85,非都市：鄉村區 ; 非都市編定：乙種建築用地,10000,171,持分移轉,02740000
RPTNMLNKJHHGFDC47CB,長潭段,2.11,都市：住,100000,144,持分移轉,08920001
RPTNMLNKJHHGFDC47CB,長潭段,16.84,都市：住,100000,144,持分移轉,09020000
RPUNMLNKJHHGFDC57CB,長潭段,3.22,都市：住,100000,220,持分移轉,08920001
RPUNMLNKJHHGFDC57CB,長潭段,25.73,都市：住,100000,220,持分移轉,09020000
RPWNMLNKJHHGFDC77CB,德安段,38.32,都市：住,100000,481,持分移轉,11420000
RPVNMLNKJHHGFDC67CB,德安段,29.16,都市：住,100000,366,持分移轉,11420000
RPPOMLNKJHHGFDC17CB,德安段,29.16,都市：住,100000,366,持分移轉,11420000
RPQOMLNKJHHGFDC27CB,德安段,38.96,都市：住,100000,489,持分移轉,11420000
RPXNMLNKJHHGFDC87CB,德安段,29.08,都市：住,100000,365,持分移轉,11420000
RPSOMLNKJHHGFDC47CB,德安段,38.96,都市：住,100000,489,持分移轉,11420000
RPOOMLNKJHHGFDC07CB,德安段,29.72,都市：住,100000,373,持分移轉,11420000
RPROMLNKJHHGFDC37CB,德安段,38.32,都市：住,100000,481,持分移轉,11420000
RPTOMLNKJHHGFDC57CB,德安段,38.96,都市：住,100000,489,持分移轉,11420000
RPWOMLNKJHHGFDC87CB,德安段,12.53,都市：商,100000,96,持分移轉,10900000
RPUOMLNKJHHGFDC67CB,德安段,38.72,都市：住,100000,486,持分移轉,11420000
RPXOMLNKJHHGFDC97CB,德安段,15.40,都市：商,100000,118,持分移轉,10900000
RPVOMLNKJHHGFDC77CB,德安段,12.66,都市：商,100000,97,持分移轉,10900000
RPPPMLNKJHHGFDC27CB,德安段,12.66,都市：商,100000,97,持分移轉,10900000
RPQPMLNKJHHGFDC37CB,德安段,18.53,都市：商,100000,142,持分移轉,10900000
RPSPMLNKJHHGFDC57CB,德安段,15.53,都市：商,100000,119,持分移轉,10900000
RPOPMLNKJHHGFDC17CB,德安段,15.40,都市：商,100000,118,持分移轉,10900000
RPTPMLNKJHHGFDC67CB,德安段,13.31,都市：商,100000,102,持分移轉,10900000
RPRPMLNKJHHGFDC47CB,德安段,12.40,都市：商,100000,95,持分移轉,10900000
RPVPMLNKJHHGFDC87CB,德安段,12.40,都市：商,100000,95,持分移轉,10900000
RPUPMLNKJHHGFDC77CB,德安段,12.53,都市：商,100000,96,持分移轉,10900000
RPWPMLNKJHHGFDC97CB,德安段,12.53,都市：商,100000,96,持分移轉,10900000
RPOQMLNKJHHGFDC27CB,德安段,12.53,都市：商,100000,96,持分移轉,10900000
RPXPMLNKJHHGFDC08CB,德安段,13.31,都市：商,100000,102,持分移轉,10900000
RPQQMLNKJHHGFDC47CB,德安段,12.66,都市：商,100000,97,持分移轉,10900000
RPSQMLNKJHHGFDC67CB,德安段,12.40,都市：商,100000,95,持分移轉,10900000
RPRQMLNKJHHGFDC57CB,德安段,12.53,都市：商,100000,96,持分移轉,10900000
RPPQMLNKJHHGFDC37CB,德安段,21.01,都市：商,100000,161,持分移轉,10900000
RPUQMLNKJHHGFDC87CB,德安段,15.40,都市：商,100000,118,持分移轉,10900000
RPTQMLNKJHHGFDC77CB,德安段,18.01,都市：商,100000,138,持分移轉,10900000
RPPNMLPKJHHGFDC37DB,調和段,71.86,都市：住,100000,774,持分移轉,08480000
RPPNMLPKJHHGFDC37DB,調和段,.26,都市：住,100000,774,持分移轉,08480001
RPPNMLPKJHHGFDC37DB,調和段,.46,都市：住,100000,774,持分移轉,08490008
RPQNMLPKJHHGFDC47DB,調和段,71.86,都市：住,100000,774,持分移轉,08480000
RPQNMLPKJHHGFDC47DB,調和段,.26,都市：住,100000,774,持分移轉,08480001
RPQNMLPKJHHGFDC47DB,調和段,.44,都市：住,100000,744,持分移轉,08490008
RPPNMLQKJHHGFDC37CB,德安段,12.53,都市：商,100000,96,持分移轉,10900000
RPRNMLPKJHHGFDC57DB,調和段,76.31,都市：住,100000,822,持分移轉,08480000
RPRNMLPKJHHGFDC57DB,調和段,.28,都市：住,100000,822,持分移轉,08480001
RPRNMLPKJHHGFDC57DB,調和段,.49,都市：住,100000,822,持分移轉,08490008
RPQNMLQKJHHGFDC47CB,德安段,13.05,都市：商,100000,100,持分移轉,10900000
RPSNMLQKJHHGFDC67CB,德安段,12.53,都市：商,100000,96,持分移轉,10900000
RPTNMLQKJHHGFDC77CB,德安段,18.40,都市：商,100000,141,持分移轉,10900000
RPRNMLQKJHHGFDC57CB,德安段,12.66,都市：商,100000,97,持分移轉,10900000
RPUNMLQKJHHGFDC87CB,德安段,12.53,都市：商,100000,96,持分移轉,10900000
RPWNMLQKJHHGFDC08CB,德安段,12.53,都市：商,100000,96,持分移轉,10900000
RPVNMLQKJHHGFDC97CB,德安段,12.92,都市：商,100000,99,持分移轉,10900000
RPXNMLQKJHHGFDC18CB,德安段,15.40,都市：商,100000,118,持分移轉,10900000
RPPOMLQKJHHGFDC47CB,德安段,13.05,都市：商,100000,100,持分移轉,10900000
RPQOMLQKJHHGFDC57CB,德安段,15.40,都市：商,100000,118,持分移轉,10900000
RPOOMLQKJHHGFDC37CB,德安段,15.40,都市：商,100000,118,持分移轉,10900000
RPROMLQKJHHGFDC67CB,德安段,12.40,都市：商,100000,95,持分移轉,10900000
RPTOMLQKJHHGFDC87CB,德安段,13.05,都市：商,100000,100,持分移轉,10900000
RPSOMLQKJHHGFDC77CB,德安段,18.01,都市：商,100000,138,持分移轉,10900000
RPVOMLQKJHHGFDC08CB,德安段,12.53,都市：商,100000,96,持分移轉,10900000
RPUOMLQKJHHGFDC97CB,德安段,12.53,都市：商,100000,96,持分移轉,10900000
RPTNMLRKJHHGFDC87CB,深美段,54.69,都市：住,10000,98,持分移轉,08400003
RPPNMLTKJHHGFDC67CB,調和段,60.09,都市：住,100000,304,持分移轉,13820021
RPPNMLLLJHHGFDC96CB,德安段,39.60,都市：住,100000,497,持分移轉,11420000
RPQNMLLLJHHGFDC07CB,德安段,20.36,都市：商,100000,156,持分移轉,10900000
RPRNMLRKJHHGFDC67CB,工建段,23.40,都市：住,100000,952,持分移轉,04880000
RPRNMLLLJHHGFDC17CB,德安段,12.53,都市：商,100000,96,持分移轉,10900000
RPSNMLLLJHHGFDC27CB,德安段,13.05,都市：商,100000,100,持分移轉,10900000
RPUNMLLLJHHGFDC47CB,德安段,12.66,都市：商,100000,97,持分移轉,10900000
RPVNMLLLJHHGFDC57CB,德安段,34.10,都市：住,100000,428,持分移轉,11420000
RPTNMLLLJHHGFDC37CB,德安段,12.53,都市：商,100000,96,持分移轉,10900000
RPWNMLLLJHHGFDC67CB,德安段,33.30,都市：住,100000,418,持分移轉,11420000
RPXNMLLLJHHGFDC77CB,德安段,18.01,都市：商,100000,138,持分移轉,10900000
RPOOMLLLJHHGFDC96CB,德安段,34.10,都市：住,100000,428,持分移轉,11420000
RPQOMLLLJHHGFDC17CB,德安段,29.16,都市：住,100000,366,持分移轉,11420000
RPPOMLLLJHHGFDC07CB,德安段,12.66,都市：商,100000,97,持分移轉,10900000
RPSOMLLLJHHGFDC37CB,德安段,15.53,都市：商,100000,119,持分移轉,10900000
RPROMLLLJHHGFDC27CB,德安段,21.01,都市：商,100000,161,持分移轉,10900000
RPTOMLLLJHHGFDC47CB,德安段,12.53,都市：商,100000,96,持分移轉,10900000
RPWOMLLLJHHGFDC77CB,德安段,38.72,都市：住,100000,486,持分移轉,11420000
RPUOMLLLJHHGFDC57CB,德安段,12.53,都市：商,100000,96,持分移轉,10900000
RPVOMLLLJHHGFDC67CB,德安段,12.53,都市：商,100000,96,持分移轉,10900000
RPXOMLLLJHHGFDC87CB,德安段,12.53,都市：商,100000,96,持分移轉,10900000
RPQPMLLLJHHGFDC27CB,德安段,13.31,都市：商,100000,102,持分移轉,10900000
RPPPMLLLJHHGFDC17CB,德安段,29.08,都市：住,100000,365,持分移轉,11420000
RPRPMLLLJHHGFDC37CB,德安段,12.66,都市：商,100000,97,持分移轉,10900000
RPOPMLLLJHHGFDC07CB,德安段,12.66,都市：商,100000,97,持分移轉,10900000
RPTPMLLLJHHGFDC57CB,德安段,13.05,都市：商,100000,100,持分移轉,10900000
RPSPMLLLJHHGFDC47CB,德安段,12.40,都市：商,100000,95,持分移轉,10900000
RPUPMLLLJHHGFDC67CB,德安段,20.36,都市：商,100000,156,持分移轉,10900000
RPWPMLLLJHHGFDC87CB,德安段,12.40,都市：商,100000,95,持分移轉,10900000
RPOQMLLLJHHGFDC17CB,德安段,31.84,都市：商,100000,244,持分移轉,10900000
RPVPMLLLJHHGFDC77CB,德安段,29.08,都市：住,100000,365,持分移轉,11420000
RPXPMLLLJHHGFDC97CB,德安段,15.40,都市：商,100000,118,持分移轉,10900000
RPPQMLLLJHHGFDC27CB,德安段,12.79,都市：商,100000,98,持分移轉,10900000
RPQQMLLLJHHGFDC37CB,德安段,12.92,都市：商,100000,99,持分移轉,10900000
RPRQMLLLJHHGFDC47CB,德安段,20.36,都市：商,100000,156,持分移轉,10900000
RPSQMLLLJHHGFDC57CB,德安段,15.53,都市：商,100000,119,持分移轉,10900000
RPTQMLLLJHHGFDC67CB,德安段,12.53,都市：商,100000,96,持分移轉,10900000
RPUQMLLLJHHGFDC77CB,德安段,20.88,都市：商,100000,160,持分移轉,10900000
RPVQMLLLJHHGFDC87CB,德安段,15.40,都市：商,100000,118,持分移轉,10900000
RPORMLLLJHHGFDC27CB,德安段,34.10,都市：住,100000,428,持分移轉,11420000
RPWQMLLLJHHGFDC97CB,德安段,15.53,都市：商,100000,119,持分移轉,10900000
RPXQMLLLJHHGFDC08CB,德安段,12.53,都市：商,100000,96,持分移轉,10900000
RPPRMLLLJHHGFDC37CB,深美段,63.29,都市：住,10000,220,持分移轉,08400000
RPQNMLNLJHHGFDC37DB,調和段,78.82,都市：住,100000,849,持分移轉,08480000
RPQNMLNLJHHGFDC37DB,調和段,.28,都市：住,100000,849,持分移轉,08480001
RPQNMLNLJHHGFDC37DB,調和段,.50,都市：住,100000,849,持分移轉,08490008
RPRNMLNLJHHGFDC47DB,調和段,108.90,都市：住,100000,1173,持分移轉,08480000
RPRNMLNLJHHGFDC47DB,調和段,.39,都市：住,100000,1173,持分移轉,08480001
RPRNMLNLJHHGFDC47DB,調和段,.69,都市：住,100000,1173,持分移轉,08490008
RPSNMLNLJHHGFDC57DB,調和段,83.56,都市：住,100000,900,持分移轉,08480000
RPSNMLNLJHHGFDC57DB,調和段,.30,都市：住,100000,900,持分移轉,08480001
RPSNMLNLJHHGFDC57DB,調和段,.53,都市：住,100000,900,持分移轉,08490008
RPQNMLOLJHHGFDC37CB,代天府段,40.36,都市：住,100000,1513,持分移轉,08980000
RPRNMLOLJHHGFDC47CB,代天府段,42.26,都市：住,100000,1584,持分移轉,08980000
RPSNMLPLJHHGFDC67CB,德安段,29.72,都市：住,100000,373,持分移轉,11420000
RPPNMLPLJHHGFDC37CB,德安段,13.05,都市：商,100000,100,持分移轉,10900000
RPTNMLPLJHHGFDC77CB,德安段,12.79,都市：商,100000,98,持分移轉,10900000
RPQNMLPLJHHGFDC47CB,德安段,18.01,都市：商,100000,138,持分移轉,10900000
RPUNMLPLJHHGFDC87CB,德安段,12.66,都市：商,100000,97,持分移轉,10900000
RPRNMLPLJHHGFDC57CB,德安段,15.53,都市：商,100000,119,持分移轉,10900000
RPVNMLPLJHHGFDC97CB,德安段,18.40,都市：商,100000,141,持分移轉,10900000
RPWNMLPLJHHGFDC08CB,德安段,13.05,都市：商,100000,100,持分移轉,10900000
RPXNMLPLJHHGFDC18CB,德安段,33.14,都市：住,100000,416,持分移轉,11420000
RPPOMLPLJHHGFDC47CB,德安段,12.53,都市：商,100000,96,持分移轉,10900000
RPQOMLPLJHHGFDC57CB,德安段,13.05,都市：商,100000,100,持分移轉,10900000
RPOOMLPLJHHGFDC37CB,德安段,32.83,都市：住,100000,412,持分移轉,11420000
RPSOMLPLJHHGFDC77CB,德安段,12.53,都市：商,100000,96,持分移轉,10900000
RPUOMLPLJHHGFDC97CB,德安段,20.49,都市：商,100000,157,持分移轉,10900000
RPROMLPLJHHGFDC67CB,德安段,12.66,都市：商,100000,97,持分移轉,10900000
RPVOMLPLJHHGFDC08CB,德安段,15.40,都市：商,100000,118,持分移轉,10900000
RPTOMLPLJHHGFDC87CB,德安段,13.05,都市：商,100000,100,持分移轉,10900000
RPWOMLPLJHHGFDC18CB,德安段,12.40,都市：商,100000,95,持分移轉,10900000
RPXOMLPLJHHGFDC28CB,德安段,13.05,都市：商,100000,100,持分移轉,10900000
RPPPMLPLJHHGFDC57CB,德安段,13.31,都市：商,100000,102,持分移轉,10900000
RPQPMLPLJHHGFDC67CB,德安段,12.40,都市：商,100000,95,持分移轉,10900000
RPOPMLPLJHHGFDC47CB,德安段,15.53,都市：商,100000,119,持分移轉,10900000
RPRPMLPLJHHGFDC77CB,德安段,13.31,都市：商,100000,102,持分移轉,10900000
RPQNMLRLJHHGFDC77DB,調和段,75.20,都市：住,100000,810,持分移轉,08480000
RPQNMLRLJHHGFDC77DB,調和段,.27,都市：住,100000,810,持分移轉,08480001
RPQNMLRLJHHGFDC77DB,調和段,.48,都市：住,100000,810,持分移轉,08490008
RPSPMLPLJHHGFDC87CB,德安段,12.53,都市：商,100000,96,持分移轉,10900000
RPRNMLRLJHHGFDC87DB,調和段,71.86,都市：住,100000,774,持分移轉,08480000
RPRNMLRLJHHGFDC87DB,調和段,.26,都市：住,100000,774,持分移轉,08480001
RPRNMLRLJHHGFDC87DB,調和段,.44,都市：住,100000,744,持分移轉,08490008
RPPNMLQJKHHGFDC37CB,德安段,18.40,都市：商,100000,141,持分移轉,10900000
RPQNMLQJKHHGFDC47CB,德安段,12.40,都市：商,100000,95,持分移轉,10900000
RPRNMLQJKHHGFDC57CB,德安段,15.40,都市：商,100000,118,持分移轉,10900000
RPSNMLQJKHHGFDC67CB,德安段,12.40,都市：商,100000,95,持分移轉,10900000
RPTNMLQJKHHGFDC77CB,德安段,18.01,都市：商,100000,138,持分移轉,10900000
RPUNMLQJKHHGFDC87CB,德安段,12.53,都市：商,100000,96,持分移轉,10900000
RPWNMLQJKHHGFDC08CB,德安段,18.53,都市：商,100000,142,持分移轉,10900000
RPXNMLQJKHHGFDC18CB,德安段,29.72,都市：住,100000,373,持分移轉,11420000
RPOOMLQJKHHGFDC37CB,德安段,39.52,都市：住,100000,496,持分移轉,11420000
RPROMLQJKHHGFDC67CB,德安段,12.40,都市：商,100000,95,持分移轉,10900000
RPQOMLQJKHHGFDC57CB,德安段,12.40,都市：商,100000,95,持分移轉,10900000
RPSOMLQJKHHGFDC77CB,德安段,12.53,都市：商,100000,96,持分移轉,10900000
RPPOMLQJKHHGFDC47CB,德安段,15.40,都市：商,100000,118,持分移轉,10900000
RPWOMLQJKHHGFDC18CB,德安段,18.40,都市：商,100000,141,持分移轉,10900000
RPUOMLQJKHHGFDC97CB,德安段,12.40,都市：商,100000,95,持分移轉,10900000
RPVOMLQJKHHGFDC08CB,德安段,13.05,都市：商,100000,100,持分移轉,10900000
RPXOMLQJKHHGFDC28CB,德安段,12.53,都市：商,100000,96,持分移轉,10900000
RPOPMLQJKHHGFDC47CB,德安段,12.66,都市：商,100000,97,持分移轉,10900000
RPTOMLQJKHHGFDC87CB,德安段,12.40,都市：商,100000,95,持分移轉,10900000
RPPPMLQJKHHGFDC57CB,德安段,12.66,都市：商,100000,97,持分移轉,10900000
RPRPMLQJKHHGFDC77CB,德安段,12.40,都市：商,100000,95,持分移轉,10900000
RPSPMLQJKHHGFDC87CB,德安段,12.53,都市：商,100000,96,持分移轉,10900000
RPUPMLQJKHHGFDC08CB,德安段,13.31,都市：商,100000,102,持分移轉,10900000
RPQPMLQJKHHGFDC67CB,德安段,12.40,都市：商,100000,95,持分移轉,10900000
RPWPMLQJKHHGFDC28CB,德安段,12.66,都市：商,100000,97,持分移轉,10900000
RPVPMLQJKHHGFDC18CB,德安段,12.66,都市：商,100000,97,持分移轉,10900000
RPOQMLQJKHHGFDC57CB,德安段,12.53,都市：商,100000,96,持分移轉,10900000
RPXPMLQJKHHGFDC38CB,德安段,18.27,都市：商,100000,140,持分移轉,10900000
RPQQMLQJKHHGFDC77CB,德安段,15.53,都市：商,100000,119,持分移轉,10900000
RPPQMLQJKHHGFDC67CB,德安段,13.31,都市：商,100000,102,持分移轉,10900000
RPPNMLNKKHHGFDC17CB,德安段,12.40,都市：商,100000,95,持分移轉,10900000
RPRNMLNKKHHGFDC37CB,德安段,12.66,都市：商,100000,97,持分移轉,10900000
RPSNMLNKKHHGFDC47CB,德安段,21.01,都市：商,100000,161,持分移轉,10900000
RPQNMLNKKHHGFDC27CB,德安段,18.79,都市：商,100000,144,持分移轉,10900000
RPTNMLNKKHHGFDC57CB,德安段,12.53,都市：商,100000,96,持分移轉,10900000
RPWNMLNKKHHGFDC87CB,德安段,15.53,都市：商,100000,119,持分移轉,10900000
RPUNMLNKKHHGFDC67CB,德安段,12.53,都市：商,100000,96,持分移轉,10900000
RPXNMLNKKHHGFDC97CB,德安段,12.40,都市：商,100000,95,持分移轉,10900000
RPVNMLNKKHHGFDC77CB,德安段,15.40,都市：商,100000,118,持分移轉,10900000
RPOOMLNKKHHGFDC17CB,德安段,12.53,都市：商,100000,96,持分移轉,10900000
RPPOMLNKKHHGFDC27CB,德安段,13.05,都市：商,100000,100,持分移轉,10900000
RPQOMLNKKHHGFDC37CB,德安段,29.88,都市：住,100000,375,持分移轉,11420000
RPSOMLNKKHHGFDC57CB,德安段,39.36,都市：住,100000,494,持分移轉,11420000
RPROMLNKKHHGFDC47CB,德安段,12.40,都市：商,100000,95,持分移轉,10900000
RPTOMLNKKHHGFDC67CB,德安段,13.05,都市：商,100000,100,持分移轉,10900000
RPPNMLOKKHHGFDC27CB,工建段,38.17,都市：住,100000,1553,持分移轉,04880000
RPVOMLNKKHHGFDC87CB,德安段,12.40,都市：商,100000,95,持分移轉,10900000
RPUOMLNKKHHGFDC77CB,德安段,13.05,都市：商,100000,100,持分移轉,10900000
RPWOMLNKKHHGFDC97CB,德安段,12.40,都市：商,100000,95,持分移轉,10900000
RPPNMLTKKHHGFDC87DB,調和段,71.86,都市：住,100000,774,持分移轉,08480000
RPPNMLTKKHHGFDC87DB,調和段,.26,都市：住,100000,774,持分移轉,08480001
RPPNMLTKKHHGFDC87DB,調和段,.46,都市：住,100000,774,持分移轉,08490008
RPPNMLMLKHHGFDC27DB,港濱段,47.21,都市：住,10000,286,持分移轉,13110000
RPPNMLPLKHHGFDC47CB,長潭段,3.22,都市：住,100000,220,持分移轉,08920001
RPPNMLPLKHHGFDC47CB,長潭段,25.73,都市：住,100000,220,持分移轉,09020000
RPRNMLQLKHHGFDC77CB,德安段,12.40,都市：商,100000,95,持分移轉,10900000
RPOPMLQLKHHGFDC67CB,德安段,12.40,都市：商,100000,95,持分移轉,10900000
RPVPMLQLKHHGFDC38CB,德安段,12.66,都市：商,100000,97,持分移轉,10900000
RPSPMLQLKHHGFDC08CB,德安段,12.40,都市：商,100000,95,持分移轉,10900000
RPUNMLQLKHHGFDC08CB,德安段,12.66,都市：商,100000,97,持分移轉,10900000
RPXPMLQLKHHGFDC58CB,德安段,12.66,都市：商,100000,97,持分移轉,10900000
