﻿編號,土地位置,土地移轉面積(平方公尺),使用分區或編定,權利人持分分母,權利人持分分子,移轉情形,地號
The serial number, land position,land shifting area square meter,the use zoning or compiles and checks,,,,land parcel
RPROMLNKKIGGFAD37CC,華興段,.00,都市：住,,,,09170000
RPSOMLNKKIGGFAD47CC,新南段,.00,都市：商,,,,00710001
RPOOMLNKKIGGFAD07CC,中正段,.00,都市：商,,,,09350000
RPWNMLNKKIGGFAD77CC,新南段,8.65,都市：商,,,,00780006
RPTPMLNKKIGGFAD67CC,金華段,.00,都市：住,,,,00050003
RPRPMLNKKIGGFAD47CC,漁光段,.00,都市：商,,,,08660000
RPTPMLNKKIGGFAD67CC,金華段,.00,都市：住,,,,00050010
RPTPMLNKKIGGFAD67CC,金華段,.00,都市：住,,,,00050011
RPTPMLNKKIGGFAD67CC,金華段,.00,都市：住,,,,00050012
RPTPMLNKKIGGFAD67CC,金華段,.00,都市：住,,,,00050013
RPTPMLNKKIGGFAD67CC,金華段,.00,都市：住,,,,00050014
RPTPMLNKKIGGFAD67CC,金華段,.00,都市：住,,,,00050015
RPTPMLNKKIGGFAD67CC,金華段,.00,都市：住,,,,00050016
RPTPMLNKKIGGFAD67CC,金華段,.00,都市：住,,,,00050017
RPTPMLNKKIGGFAD67CC,金華段,.00,都市：住,,,,00050018
RPTPMLNKKIGGFAD67CC,金華段,.00,都市：住,,,,00050019
RPTPMLNKKIGGFAD67CC,金華段,.00,都市：住,,,,00050020
RPTPMLNKKIGGFAD67CC,金華段,.00,都市：住,,,,00050021
RPTPMLNKKIGGFAD67CC,金華段,.00,都市：住,,,,00050022
RPTPMLNKKIGGFAD67CC,金華段,.00,都市：住,,,,00050023
RPWNMLNKKIGGFCD97CC,鹽埕段,.00,都市：住,,,,02900756
RPOOMLNKKIGGFCD27CC,竹篙厝段,.00,都市：住,,,,24290000
RPPPMLNKKIGGFAD27CC,白金段,.00,都市：商,,,,02230000
RPSNMLNKKIGGFCD57CC,德高段,.00,都市：住,,,,04980020
RPTOMLNKKIGGFCD77CC,東寧段,.00,都市：住,,,,05680000
RPVOMLNKKIGGFCD97CC,裕南段,.00,都市：住,,,,09820000
RPWOMLNKKIGGFCD08CC,公英段,.00,都市：住,,,,10850000
RPVNMLNKKIGGFBD77CC,神榕段,.00,都市：住,,,,10110000
RPSOMLNKKIGGFCD67CC,大恩段,.00,都市：住,,,,07450000
RPXNMLNKKIGGFBD97CC,鎮安段,.00,都市：住,,,,11390000
RPQOMLNKKIGGFID08CC,白崙段,.00,都市：商,,,,00720000
RPROMLNKKIGGFKD38CC,大灣段,.00,都市：住,,,,76800000
RPUOMLNKKIGGFKD68CC,大灣段,.00,都市：住,,,,76800000
RPTOMLNKKIGGFKD58CC,大灣段,.00,都市：住,,,,76800000
RPWOMLNKKIGGFKD88CC,大灣段,.00,都市：住,,,,76800000
RPOPMLNKKIGGFKD18CC,大灣段,.00,都市：住,,,,76800000
RPXOMLNKKIGGFKD98CC,大灣段,.00,都市：住,,,,76800000
RPVOMLNKKIGGFKD78CC,大灣段,.00,都市：住,,,,76800000
RPQPMLNKKIGGFKD38CC,鹽新段,.00,都市：住,,,,11680000
RPSOMLOKKIGGFKD58CC,信義段,.00,都市：工,,,,12050000
RPSOMLOKKIGGFKD58CC,信義段,.00,都市：工,,,,12100000
RPSOMLOKKIGGFKD58CC,信義段,.00,都市：工,,,,12130000
RPRNMLOKKIGGFID18CC,白崙段,.00,都市：商,,,,00720000
RPSOMLOKKIGGFHD28CC,善文段,79.20,都市：其他:空白,,,,01030000
RPUOMLOKKIGGFID58CC,白崙段,.00,都市：商,,,,00720000
RPVPMLOKKIGGFBD08CC,溪頂段,.00,都市：住,,,,00410004
RPVPMLOKKIGGFBD08CC,溪頂段,.00,都市：住,,,,00410000
RPWOMLOKKIGGFCD18CC,公英段,.00,都市：住,,,,04140002
RPQPMLOKKIGGFCD67CC,虎尾寮段,.00,都市：住,,,,04780003
RPVPMLOKKIGGFCD18CC,富農段,.00,都市：住,,,,17620000
RPXOMLOKKIGGFHD78CC,善新段,115.44,都市：其他:空白,,,,01220027
RPUSMLOKKIGGFCD38CC,竹篙厝段,.00,都市：住,,,,36850027
RPRRMLOKKIGGFCD97CC,富農段,.00,都市：住,,,,00480000
RPVSMLOKKIGGFCD48CC,虎尾寮段,.00,都市：住,,,,05010026
RPRRMLOKKIGGFCD97CC,富農段,.00,都市：住,,,,00480001
RPPTMLOKKIGGFCD97CC,鹽埕段,.00,都市：住,,,,02560070
RPSNMLOKKIGGFAD47CC,新南段,598.18,都市：住,,,,03840000
RPOOMLOKKIGGFAD17CC,開元段,.00,都市：商,,,,05880002
RPXNMLOKKIGGFAD97CC,永華段,.00,都市：商,,,,05850000
RPXNMLOKKIGGFAD97CC,永華段,.00,都市：商,,,,05860000
RPQRMLOKKIGGFAD67CC,南廠段,.00,都市：住,,,,03220000
RPQNMLOKKIGGFGD87CC,佳里段,111.00,都市：住,,,,23410000
RPRRMLOKKIGGFAD77CC,南廠段,.00,都市：住,,,,02670000
RPPSMLOKKIGGFAD67CC,裕民段,.00,都市：住,,,,07220000
RPQNMLPKKIGGFID28DC,文化段,62.60,都市：住,,,,01630000
RPQNMLPKKIGGFID28DC,文化段,1.52,都市：住,,,,01630001
RPPNMLPKKIGGFAD27CC,金城段,.00,都市：商,,,,00460012
RPRNMLPKKIGGFAD47CC,星鑽段,.00,都市：商,,,,18300000
RPRNMLPKKIGGFAD47CC,星鑽段,.00,都市：商,,,,18400000
RPQNMLPKKIGGFAD37CC,金華段,.00,都市：住,,,,00840003
RPTNMLPKKIGGFAD67CC,立人段,.00,都市：住,,,,11120000
RPXNMLPKKIGGFAD08CC,金華段,8.67,都市：住,,,,00840003
RPPPMLPKKIGGFAD47CC,武聖段,115.10,都市：住,,,,24230003
RPQOMLPKKIGGFAD47CC,光賢段,.00,都市：住,,,,05530005
RPWPMLPKKIGGFAD18CC,郡王祠段,109.13,都市：住,,,,16260000
RPPOMLPKKIGGFCD57CC,竹篙厝段,.00,都市：住,,,,40300003
RPVOMLPKKIGGFCD18CC,竹篙厝段,.00,都市：商,,,,39460008
RPQNMLPKKIGGFHD08CC,港口段,.00,非都市：鄉村區 ; 非都市編定：乙種建築用地,,,,30220054
RPUOMLPKKIGGFCD08CC,龍泉段,.00,都市：其他:中心商業區,,,,05510000
RPUOMLPKKIGGFCD08CC,龍泉段,.00,都市：住,,,,05590000
RPWNMLPKKIGGFKD98CC,埔園段,.00,都市：住,,,,12480000
RPWOMLPKKIGGFKD09CC,大灣段,.00,都市：住,,,,73330000
RPPPMLPKKIGGFKD48CC,兵北段,.00,都市：住,,,,01220000
RPXPMLQKKIGGFKD76CC,兵北段,.00,都市：住,,,,01220013
RPVOMLQKKIGGFKD09CC,六合段,.00,都市：住,,,,00610000
RPVOMLQKKIGGFKD09CC,六合段,.00,都市：住,,,,00620000
RPTPMLQKKIGGFKD98CC,自強段,.00,都市：住,,,,07660000
RPVNMLQKKIGGFID78CC,文賢段,.00,都市：住,,,,07330000
RPVNMLQKKIGGFID78CC,文賢段,.00,都市：住,,,,07340000
RPVNMLQKKIGGFID78CC,文賢段,.00,都市：住,,,,07360000
RPOOMLQKKIGGFCD57CC,龍泉段,.00,都市：商,,,,12070000
RPSNMLQKKIGGFCD87CC,路東段,.00,都市：住,,,,09530000
RPSNMLQKKIGGFCD87CC,路東段,.00,都市：住,,,,09530001
RPWPMLQKKIGGFKD66CC,永強段,.00,都市：住,,,,06230000
RPWNMLQKKIGGFCD28CC,竹篙厝段,.00,都市：商,,,,42400006
RPWNMLRKKIGGFAD18CC,環河段,.00,都市：住,,,,20030000
RPSOMLQKKIGGFCD97CC,虎尾段,23.88,都市：商,,,,13520000
RPSOMLQKKIGGFAD77CC,北元段,.00,都市：住,,,,01640000
RPUNMLRKKIGGFAD97CC,星鑽段,.00,都市：商,,,,18520000
RPROMLRKKIGGFAD77CC,仁愛段,.00,都市：住,,,,00090000
RPPPMLQKKIGGFAD57CC,北元段,.00,都市：住,,,,04330000
RPTOMLRKKIGGFAD97CC,星鑽段,.00,都市：商,,,,14990000
RPOOMLRKKIGGFAD47CC,郡王祠段,.00,都市：住,,,,25200000
RPPPMLRKKIGGFAD67CC,老古石段,.00,都市：住,,,,15130000
RPUOMLRKKIGGFAD08CC,自強段,.00,都市：商,,,,13850000
RPSPMLRKKIGGFAD97CC,老古石段,.00,都市：住,,,,15130000
RPTPMLRKKIGGFAD08CC,老古石段,.00,都市：住,,,,15130000
RPWPMLRKKIGGFAD38CC,老古石段,.00,都市：住,,,,15130000
RPOQMLRKKIGGFAD67CC,老古石段,.00,都市：住,,,,15130000
RPUPMLRKKIGGFAD18CC,老古石段,.00,都市：住,,,,15130000
RPSNMLRKKIGGFCD97CC,鹽埕段,.00,都市：住,,,,00530004
RPUPMLRKKIGGFHD88CC,善新段,.00,都市：其他:生活服務區,,,,00530000
RPWOMLRKKIGGFID09CC,白崙段,12.08,都市：住,,,,01090000
RPVOMLRKKIGGFHD88CC,善中段,.00,都市：住,,,,15880000
RPWOMLRKKIGGFHD98CC,大榮段,.00,都市：住,,,,07430000
RPWNMLRKKIGGFKD56CC,成功段,.00,都市：住,,,,07110000
RPQNMLRKKIGGFKD58CC,橋北段,.00,都市：住,,,,00520000
RPROMLRKKIGGFKD88DC,崑山段,167.47,都市：住,,,,07980003
RPTOMLRKKIGGFKD98CC,大灣段,.00,都市：住,,,,76800000
RPTNMLRKKIGGFGD48CC,西港堡段,.00,都市：住,,,,03350000
RPXNMLRKKIGGFKD66CC,永康段,.00,都市：住,,,,15990000
RPOPMLKLKIGGFCD17CC,正義段,79.38,都市：住,,,,07000000
RPOPMLKLKIGGFCD17CC,正義段,78.85,都市：住,,,,07010000
RPOPMLKLKIGGFCD17CC,正義段,78.70,都市：住,,,,07020000
RPSNMLKLKIGGFKD18CC,兵北段,.00,都市：住,,,,01350000
RPVNMLKLKIGGFBD57CC,中洲段,90.27,都市：住,,,,09480000
RPXPMLKLKIGGFKD88CC,蜈蜞潭段,.00,都市：住,,,,11610001
RPRNMLLLKIGGFAD17CC,新南段,8.63,都市：商,,,,00780006
RPXNMLKLKIGGFID48CC,城光段,330.58,都市：住,,,,00630000
RPOOMLKLKIGGFAD86CC,立人段,3.98,都市：住,,,,00650003
RPWNMLLLKIGGFAD67CC,正覺段,.00,都市：住,,,,06470000
RPSOMLLLKIGGFAD37CC,立人段,.00,都市：住,,,,00650004
RPSOMLLLKIGGFAD37CC,立人段,.00,都市：商,,,,01040000
RPXOMLLLKIGGFAD87CC,公園段,.00,都市：商,,,,09050000
RPXNMLLLKIGGFAD77CC,南門段,.00,都市：住,,,,15020000
RPTNMLLLKIGGFCD57CC,竹篙厝段,.00,都市：住,,,,12750000
RPXNMLLLKIGGFID58CC,岳王段,.00,都市：住,,,,08240000
RPWNMLLLKIGGFID48CC,大同段,.00,都市：住,,,,04910000
RPOPMLLLKIGGFBD17CC,和館段,.00,都市：住,,,,00440535
RPXOMLLLKIGGFBD97CC,和館段,.00,都市：住,,,,00440535
RPTNMLLLKIGGFKD38CC,兵北段,.00,都市：住,,,,07880000
RPSPMLLLKIGGFKD48CC,頂南段,.04,都市：住,,,,04090002
RPSPMLLLKIGGFKD48CC,頂南段,10.48,都市：住,,,,04090000
RPOOMLLLKIGGFKD97CC,大灣段,.00,都市：住,,,,74660000
RPUOMLMLKIGGFBD77CC,和業段,256.67,都市：工,,,,10830000
RPXNMLMLKIGGFKD88CC,大灣段,191.00,都市：住,,,,35550033
RPXNMLMLKIGGFKD88CC,大灣段,47.00,都市：住,,,,35550024
RPXNMLMLKIGGFKD88CC,大灣段,29.00,都市：住,,,,35560011
RPUNMLMLKIGGFCD77CC,鹽埕段,.00,都市：住,,,,02900874
RPPOMLMLKIGGFCD37CC,東光段,.00,都市：商,,,,00510008
RPOOMLMLKIGGFAD07CC,金華段,.00,都市：住,,,,01050001
RPQOMLMLKIGGFAD27CC,漁光段,.00,都市：商,,,,08910002
RPXNMLMLKIGGFAD87CC,漁港段,.00,都市：住,,,,10920000
RPTOMLMLKIGGFAD57CC,環河段,.00,都市：住,,,,25340000
RPTOMLMLKIGGFAD57CC,環河段,.00,都市：住,,,,25350000
RPRQMLMLKIGGFAD57CC,老古石段,.00,都市：商,,,,11590000
RPSPMLMLKIGGFAD57CC,北元段,.00,都市：住,,,,04330000
RPSNMLNLKIGGFDD77CC,新岸段,36.36,都市：住,,,,01430001
RPTQMLMLKIGGFFD28CC,隆田段,.00,都市：住,,,,00940000
RPQOMLNLKIGGFAD37CC,金華段,47.00,都市：住,,,,00580029
RPOPMLNLKIGGFAD27CC,南廠段,.00,都市：商,,,,02420000
RPXOMLNLKIGGFAD08CC,金華段,.00,都市：住,,,,00850002
RPROMLNLKIGGFAD47CC,金華段,47.00,都市：住,,,,00580029
RPPPMLNLKIGGFAD37CC,北元段,.00,都市：住,,,,04860008
RPSPMLNLKIGGFAD67CC,北元段,.00,都市：住,,,,08860004
RPQPMLNLKIGGFAD47CC,裕民段,.00,都市：住,,,,03780000
RPTPMLNLKIGGFAD77CC,漁光段,.00,都市：商,,,,08910002
RPVNMLNLKIGGFCD97CC,富農段,.00,都市：住,,,,11460000
RPVNMLNLKIGGFCD97CC,富農段,.00,都市：住,,,,11470000
RPRPMLNLKIGGFCD77CC,鹽埕段,.00,都市：住,,,,04900034
RPTNMLNLKIGGFCD77CC,鹽埕段,.00,都市：住,,,,00030591
RPQQMLNLKIGGFBD67CC,安西段,.00,都市：住,,,,19890000
RPQQMLNLKIGGFBD67CC,安西段,.00,都市：住,,,,19880000
RPRQMLNLKIGGFHD38CC,六塊寮段,.00,非都市：鄉村區 ; 非都市編定：乙種建築用地,,,,31630010
RPXOMLNLKIGGFKD09CC,大灣段,.00,都市：住,,,,85030000
RPUNMLNLKIGGFID48CC,德崙段,.00,都市：住,,,,05720013
RPOPMLNLKIGGFKD28CC,蜈蜞潭段,.00,都市：住,,,,11900000
RPWNMLNLKIGGFID68CC,中清段,245.00,都市：工,,,,02470027
RPVNMLOLKIGGFKD88CC,永信段,.00,都市：住,,,,10560000
RPRPMLNLKIGGFKD58CC,四維段,.00,都市：住,,,,03100000
RPQPMLNLKIGGFKD48CC,六甲頂段,.00,都市：住,,,,08990000
RPUNMLOLKIGGFKD78CC,亞太段,1537.19,都市：工,,,,02700000
RPSOMLOLKIGGFKD68CC,六甲頂段,.00,都市：住,,,,14180000
RPROMLOLKIGGFKD58CC,鹽中段,66.11,都市：工,,,,14950003
RPPOMLOLKIGGFID18CC,八甲東段,.00,都市：住,,,,04070000
RPUNMLOLKIGGFID58CC,岳王段,330.58,都市：農,,,,02620000
RPXNMLOLKIGGFID88CC,中山段,.00,都市：住,,,,09060000
RPWOMLOLKIGGFHD78CC,港子尾段,743.80,非都市：特定農業區 ; 非都市編定：農牧用地,,,,18240000
RPWOMLOLKIGGFHD78CC,港子尾段,743.80,非都市：特定農業區 ; 非都市編定：農牧用地,,,,18250000
RPVOMLOLKIGGFCD18CC,鹽埕段,67.00,都市：住,,,,06771226
RPWOMLOLKIGGFCD28CC,竹篙厝段,.00,都市：商,,,,39460008
RPWOMLOLKIGGFCD28CC,竹篙厝段,.00,都市：商,,,,39460011
RPWOMLOLKIGGFCD28CC,竹篙厝段,.00,都市：商,,,,39460012
RPXOMLOLKIGGFCD38CC,關帝段,.00,都市：住,,,,10570000
RPXOMLOLKIGGFCD38CC,關帝段,.00,都市：住,,,,10570001
RPSOMLOLKIGGFAD67CC,銀同段,33.61,都市：商,,,,03630000
RPPNMLPLKIGGFAD37CC,大興段,63.76,都市：住,,,,02350002
RPPNMLPLKIGGFAD37CC,大興段,8.20,都市：住,,,,02360002
RPQOMLOLKIGGFCD77DC,竹篙厝段,.00,都市：住,,,,15760008
RPRNMLRLKIGGFCD97CC,竹篙厝段,.00,都市：住,,,,40240000
RPOOMLSLKIGGFKD68CC,大灣段,.00,都市：住,,,,82350000
RPPPMLRLKIGGFKD78CC,頭前段,71.05,都市：住,,,,04910000
RPPPMLRLKIGGFKD78CC,頭前段,78.44,都市：住,,,,04920000
RPRPMLSLKIGGFKD09CC,兵南段,.00,都市：商,,,,00840000
RPQPMLSLKIGGFKD98CC,永康段,.00,都市：住,,,,16190000
RPSPMLSLKIGGFKD56CC,南工段,.00,都市：住,,,,00010000
RPVPMLSLKIGGFKD86CC,南工段,.00,都市：住,,,,00010000
RPWPMLSLKIGGFKD96CC,仁愛段,.00,都市：住,,,,05210000
RPWPMLSLKIGGFKD96CC,仁愛段,.00,都市：住,,,,05240000
RPWPMLSLKIGGFKD96CC,仁愛段,.00,都市：住,,,,05260000
RPWPMLSLKIGGFKD96CC,仁愛段,.00,都市：住,,,,05270000
RPPQMLSLKIGGFKD98CC,兵南段,.00,都市：商,,,,00840000
RPQQMLSLKIGGFKD09CC,兵北段,.00,都市：住,,,,05670000
RPUNMLSLKIGGFBD28CC,青砂段,.00,都市：住,,,,10160025
RPXPMLSLKIGGFKD07CC,安康段,.00,都市：住,,,,07700000
RPQOMLRLKIGGFBD87CC,州南段,.00,都市：住,,,,15860000
RPSNMLSLKIGGFKD98CC,大灣段,.00,都市：住,,,,86910002
RPSOMLSLKIGGFBD18CC,海中段,.00,都市：住,,,,00980000
RPWOMLSLKIGGFKD86CC,六甲頂段,.00,都市：住,,,,10910000
RPOPMLSLKIGGFKD78CC,南新段,.00,都市：住,,,,00960000
RPOOMLSLKIGGFID48CC,上崙段,.00,都市：住,,,,10780000
RPXNMLSLKIGGFID66CC,歸仁北段,.00,都市：住,,,,08490000
RPPPMLSLKIGGFID68CC,中清段,228.00,都市：工,,,,02470070
RPPPMLSLKIGGFID68CC,中清段,2.88,都市：工,,,,02470072
RPPPMLSLKIGGFID68CC,中清段,38.43,都市：工,,,,02470064
RPSNMLSLKIGGFCD18CC,虎尾寮段,.00,都市：住,,,,04730036
RPXNMLSLKIGGFCD68CC,新東段,.00,都市：住,,,,00310000
RPXNMLSLKIGGFCD68CC,新東段,.00,都市：住,,,,00310001
RPUNMLSLKIGGFCD38CC,路東段,.00,都市：住,,,,05590000
RPUNMLSLKIGGFCD38CC,路東段,.00,都市：住,,,,05590001
RPTOMLSLKIGGFCD38CC,華南段,208.26,都市：農,,,,12660002
RPWOMLSLKIGGFCD68CC,公英段,33.01,都市：其他:體育場用地,,,,00080000
RPWNMLSLKIGGFAD38CC,老古石段,.00,都市：住,,,,15130000
RPXNMLSLKIGGFAD48CC,正興段,.00,都市：住,,,,04960008
RPUNMLSLKIGGFAD18CC,華興段,.00,都市：住,,,,07230004
RPUNMLSLKIGGFAD18CC,華興段,.00,都市：住,,,,07230003
RPOOMLSLKIGGFAD67CC,星鑽段,.00,都市：商,,,,18530000
RPWOMLSLKIGGFAD48CC,金華段,.00,都市：商,,,,00020006
RPXOMLSLKIGGFAD58CC,漁光段,.00,都市：商,,,,08910002
RPPPMLSLKIGGFAD87CC,中正段,.00,都市：商,,,,00490000
RPOPMLSLKIGGFAD77CC,環河段,.00,都市：住,,,,02560000
RPQOMLSLKIGGFAD87CC,金華段,.00,都市：住,,,,00850004
RPSPMLSLKIGGFAD18CC,環河段,.00,都市：住,,,,00530000
RPSPMLSLKIGGFAD18CC,環河段,.00,都市：住,,,,00540000
RPSPMLSLKIGGFAD18CC,環河段,.00,都市：住,,,,00550000
RPQPMLSLKIGGFAD97CC,北元段,11.15,都市：住,,,,04330000
RPOOMLSLKIGGFCD97DC,新東段,.00,都市：住,,,,13870000
RPWNMLSLKIGGFDD68CC,新橋段,.00,非都市：鄉村區 ; 非都市編定：乙種建築用地,,,,11520000
RPTPMLSLKIGGFAD28CC,金華段,.00,都市：商,,,,00640000
RPOOMLTLKIGGFAD77CC,開元段,.00,都市：商,,,,06250000
RPPQMLSLKIGGFAD97CC,康祥段,.00,都市：住,,,,01760000
RPROMLTLKIGGFAD08CC,富台段,.04,都市：住,,,,06480000
RPROMLTLKIGGFAD08CC,富台段,44.62,都市：住,,,,06480000
RPROMLTLKIGGFAD08CC,富台段,.13,都市：住,,,,07790000
RPSOMLTLKIGGFAD18CC,東豐段,.00,都市：住,,,,04660000
RPSOMLTLKIGGFAD18CC,東豐段,.00,都市：商,,,,04940000
RPOPMLTLKIGGFAD87CC,老古石段,.00,都市：住,,,,14230000
RPSNMLTLKIGGFCD28CC,東光段,.00,都市：住,,,,03210000
RPVNMLTLKIGGFCD58CC,鹽埕段,.00,都市：住,,,,01680010
RPPOMLTLKIGGFCD08CC,竹篙厝段,.00,都市：住,,,,27890000
RPOOMLTLKIGGFCD97CC,竹篙厝段,.00,都市：住,,,,31320000
RPUOMLTLKIGGFCD58CC,竹篙厝段,.00,都市：住,,,,34110000
RPROMLTLKIGGFCD28CC,鹽埕段,.00,都市：工,,,,30020071
RPSOMLTLKIGGFID98CC,太新段,.00,都市：工,,,,04540000
RPSOMLTLKIGGFCD38CC,仁和段,.00,都市：住,,,,09170000
RPUOMLTLKIGGFKD76CC,成功段,.00,都市：商,,,,01190000
RPTNMLTLKIGGFBD28CC,國安段,16.14,都市：住,,,,16120000
RPWPMLKMKIGGFKD88CC,亞太段,545.45,都市：工,,,,02700000
RPQPMLTLKIGGFKD09CC,二王段,.00,都市：住,,,,09770000
RPXPMLKMKIGGFKD98CC,六甲頂段,.00,都市：住,,,,07730000
RPRQMLKMKIGGFKD48CC,廣興段,.00,都市：住,,,,11570000
RPSQMLKMKIGGFKD58CC,鹽東段,.00,都市：住,,,,16110000
RPOQMLKMKIGGFKD18CC,亞太段,545.45,都市：工,,,,02700000
RPRRMLKMKIGGFKD58CC,亞太段,297.52,都市：工,,,,02700000
RPXQMLKMKIGGFKD09CC,頂南段,10.48,都市：住,,,,04090000
RPTQMLKMKIGGFKD68CC,六合段,.00,都市：住,,,,08770035
RPSOMLKMKIGGFBD47CC,安中段,.00,都市：住,,,,01410000
RPUNMLKMKIGGFBD57CC,城東段,.00,都市：住,,,,02690007
RPPOMLKMKIGGFID87CC,仁義段,.00,都市：商,,,,01140000
RPTNMLKMKIGGFCD57CC,喜北段,106.00,都市：住,,,,01770000
RPSOMLKMKIGGFCD57CC,新東段,.00,都市：住,,,,06590000
RPRNMLKMKIGGFCD37CC,新興段,.00,都市：住,,,,02750000
RPROMLKMKIGGFCD47CC,新東段,.00,都市：住,,,,14100004
RPUOMLKMKIGGFCD77CC,德高段,.00,都市：住,,,,04650087
RPXOMLKMKIGGFCD08CC,仁和段,.00,都市：住,,,,04340000
RPWOMLKMKIGGFCD97CC,仁和段,.00,都市：住,,,,10730000
RPOPMLKMKIGGFCD27CC,竹篙厝段,.00,都市：住,,,,35140000
RPPOMLKMKIGGFAD07CC,武聖段,.00,都市：住,,,,12850000
RPQOMLKMKIGGFAD17CC,中山段,.00,都市：商,,,,02040000
RPUNMLKMKIGGFAD47CC,檨仔林段,.00,都市：商,,,,03520000
RPUNMLKMKIGGFAD47CC,檨仔林段,.00,都市：商,,,,03530000
RPOPMLKMKIGGFAD07CC,延平段,.00,都市：住,,,,12940000
RPVOMLKMKIGGFAD67CC,金華段,.00,都市：住,,,,00840003
RPQPMLKMKIGGFAD27CC,廣慈段,.00,都市：商,,,,02390000
RPPPMLKMKIGGFAD17CC,富台段,.00,都市：住,,,,06120001
RPTPMLKMKIGGFAD57CC,延平段,.00,都市：住,,,,11690060
RPUPMLKMKIGGFAD67CC,星鑽段,.00,都市：商,,,,18520000
RPSNMLLMKIGGFBD47CC,國安段,14.96,都市：住,,,,15600000
RPWPMLKMKIGGFAD87CC,銀同段,.00,都市：商,,,,10580000
RPSNMLLMKIGGFKD38CC,南新段,33.86,都市：其他:道路用地,,,,10190000
RPSNMLLMKIGGFKD38CC,南新段,108.35,都市：住,,,,10220000
RPQNMLLMKIGGFKD18CC,橋北段,4429.65,都市：住,,,,00280000
RPWRMLNJJHHGFID78CC,忠義段,.00,都市：住,,,,10650000
RPPSMLNJJHHGFID18CC,二空段,.00,都市：住,,,,02790001
RPQSMLNJJHHGFID28CC,歸仁北段,.00,都市：住,,,,11580000
RPPNMLLJJHHGFID47CC,二仁段,.00,都市：住,,,,02220000
RPTPMLNJJHHGFAD47CC,金華段,.00,都市：住,,,,01620003
RPRQMLNJJHHGFAD37CC,金城段,.00,都市：住,,,,00220010
RPSNMLNJJHHGFAD17CC,北元段,83.70,都市：住,,,,07300006
RPVOMLNJJHHGFKD58CC,鹽東段,.00,都市：住,,,,17760000
RPPQMLNJJHHGFAD17CC,金城段,.00,都市：住,,,,00600000
RPPQMLNJJHHGFAD17CC,金城段,.00,都市：住,,,,00600013
RPPQMLNJJHHGFAD17CC,金城段,.00,都市：住,,,,00600014
RPPQMLNJJHHGFAD17CC,金城段,.00,都市：住,,,,00600015
RPPQMLNJJHHGFAD17CC,金城段,.00,都市：住,,,,00600016
RPPQMLNJJHHGFAD17CC,金城段,.00,都市：住,,,,00600017
RPROMLOJJHHGFAD27CC,郡王祠段,.00,都市：商,,,,04190000
RPROMLOJJHHGFAD27CC,郡王祠段,.00,都市：商,,,,04180000
RPROMLOJJHHGFAD27CC,郡王祠段,.00,都市：商,,,,04200000
RPROMLOJJHHGFAD27CC,郡王祠段,.00,都市：商,,,,04210000
RPUNMLOJJHHGFCD67CC,水交社段,.00,都市：商,,,,00230000
RPQNMLOJJHHGFID87CC,後壁段,.00,都市：住,,,,00940000
RPUNMLPJJHHGFID38CC,仁義段,.00,都市：商,,,,03430000
RPXNMLPJJHHGFID68CC,南興段,.00,都市：工,,,,06440000
RPXNMLPJJHHGFID68CC,南興段,.00,都市：工,,,,06490000
RPRNMLOJJHHGFHD87CC,善文段,55.28,都市：住,,,,06610000
RPUOMLOJJHHGFBD67CC,布袋段,220.06,都市：其他:乙種工業區,,,,12750001
RPUOMLOJJHHGFBD67CC,布袋段,592.82,都市：其他:乙種工業區,,,,12750004
RPTPMLOJJHHGFHD28CC,東勢寮段二小段,.00,非都市：鄉村區 ; 非都市編定：乙種建築用地,,,,11510053
RPUOMLPJJHHGFKD68CC,南新段,.00,都市：住,,,,09730000
RPUOMLPJJHHGFKD68CC,南新段,.00,都市：住,,,,09740000
RPPPMLPJJHHGFKD28CC,鹽新段,.00,都市：住,,,,03990000
RPQPMLPJJHHGFKD38CC,蜈蜞潭段,16.91,都市：住,,,,11900000
RPWNMLPJJHHGFCD97CC,府東段,.00,都市：住,,,,04910000
RPWNMLPJJHHGFCD97CC,府東段,.00,都市：住,,,,04910001
RPRNMLPJJHHGFCD47CC,竹篙厝段,.00,都市：住,,,,28690000
RPPOMLPJJHHGFCD37CC,新都段,353.82,都市：商,,,,04600000
RPPOMLPJJHHGFCD37CC,新都段,339.25,都市：商,,,,04590000
RPWOMLPJJHHGFCD08CC,公英段,.00,都市：住,,,,00630000
RPOPMLPJJHHGFCD37CC,龍泉段,.00,都市：商,,,,05970000
RPSOMLPJJHHGFCD67CC,鹽埕段,.00,都市：住,,,,00570000
RPVPMLPJJHHGFCD08CC,水交社段,.00,都市：商,,,,00230000
RPTNMLPJJHHGFAD47CC,金華段,16.06,都市：住,,,,01050001
RPPOMLPJJHHGFAD17CC,環河段,38.95,都市：住,,,,01430000
RPSPMLQJJHHGFAD67CC,環河段,.00,都市：住,,,,02810000
RPVNMLQJJHHGFCD97CC,富強段,.00,都市：住,,,,00700000
RPTNMLQJJHHGFED97CC,東中段,.00,都市：商,,,,03860000
RPOOMLQJJHHGFCD37CC,竹篙厝段,.00,都市：住,,,,40090004
RPSNMLRJJHHGFDD87CC,仁愛段,269.83,都市：工,,,,05120017
RPSNMLRJJHHGFDD87CC,仁愛段,269.83,都市：工,,,,05120018
RPRPMLRJJHHGFCD87CC,竹篙厝段,.00,都市：住,,,,34340000
RPUPMLRJJHHGFCD18CC,鹽埕段,.00,都市：住,,,,02900874
RPWPMLRJJHHGFCD38CC,裕南段,.00,都市：住,,,,14010000
RPSNMLRJJHHGFKD58CC,兵北段,.00,都市：住,,,,00100000
RPRNMLRJJHHGFKD48CC,頂南段,.00,都市：住,,,,04000000
RPTNMLRJJHHGFID48CC,白崙段,.00,都市：商,,,,00720000
RPWPMLKKJHHGFHD28CC,大營段,246.00,非都市：一般農業區 ; 非都市編定：丁種建築用地,,,,26620109
RPSOMLKKJHHGFID87CC,太新段,206.46,都市：工,,,,03450000
RPSOMLKKJHHGFID87CC,太新段,461.57,都市：工,,,,03460000
RPSOMLRJJHHGFID48CC,歸仁北段,.00,都市：住,,,,03930000
RPWNMLKKJHHGFKD38CC,鹽中段,.00,都市：住,,,,07650035
RPOPMLKKJHHGFHD47CC,善新段,.00,都市：其他:生活服務區(第一種住宅區),,,,02640067
RPSNMLKKJHHGFCD17CC,新興段,21.21,都市：住,,,,02130012
RPUNMLKKJHHGFKD18CC,六甲頂段,.00,都市：住,,,,10910000
RPVNMLKKJHHGFCD47CC,新東段,.00,都市：住,,,,00310000
RPVNMLKKJHHGFCD47CC,新東段,.00,都市：住,,,,00310001
RPSOMLKKJHHGFBD17CC,海佃段,.00,都市：住,,,,15280000
RPOOMLKKJHHGFCD86CC,鹽埕段,.00,都市：住,,,,00570055
RPQOMLKKJHHGFCD07CC,竹篙厝段,.00,都市：住,,,,39780000
RPQOMLKKJHHGFCD07CC,竹篙厝段,.00,都市：住,,,,39810000
RPSOMLKKJHHGFCD27CC,光華段,.00,都市：住,,,,09490000
RPOOMLKKJHHGFAD66CC,環河段,12.90,都市：商,,,,24960000
RPXPMLKKJHHGFAD67CC,觀音段,.00,都市：商,,,,01740000
RPRNMLLKJHHGFAD96CC,立人段,.00,都市：住,,,,00530000
RPXNMLLKJHHGFAD57CC,金華段,.00,都市：商,,,,01330000
RPXPMLKKJHHGFCD87CC,水交社段,.00,都市：商,,,,00230000
RPSNMLLKJHHGFAD07CC,金華段,.00,都市：商,,,,00020006
RPORMLKKJHHGFAD96CC,銀同段,.00,都市：商,,,,10390000
RPQOMLLKJHHGFAD96CC,漁光段,.00,都市：商,,,,08660000
RPWQMLLKJHHGFAD77CC,仁愛段,.00,都市：住,,,,10970001
RPUPMLLKJHHGFAD47CC,大豐段,.00,都市：其他:細部計畫道路用地,,,,11340000
RPUPMLLKJHHGFAD47CC,大豐段,.00,都市：住,,,,11350000
RPOQMLLKJHHGFAD96CC,金華段,.00,都市：住,,,,00980000
RPVRMLLKJHHGFAD77CC,仁愛段,.00,都市：住,,,,10970001
RPPSMLLKJHHGFAD27CC,金華段,.00,都市：住,,,,00630000
RPPRMLLKJHHGFAD17CC,正興段,.00,都市：住,,,,07050016
RPOTMLLKJHHGFAD27CC,金城段,.00,都市：住,,,,00660002
RPXTMLLKJHHGFAD18CC,廣慈段,.00,都市：商,,,,04120000
RPXTMLLKJHHGFAD18CC,廣慈段,.00,都市：商,,,,04130000
RPXTMLLKJHHGFAD18CC,廣慈段,.00,都市：商,,,,04140000
RPTUMLLKJHHGFAD87CC,開元段,.00,都市：商,,,,05970000
RPWTMLLKJHHGFAD08CC,漁光段,.00,都市：商,,,,08910002
RPWNMLLKJHHGFCD67CC,鹽埕段,.00,都市：住,,,,19740000
RPVNMLLKJHHGFCD57CC,龍泉段,.00,都市：商,,,,12920000
RPVNMLLKJHHGFCD57CC,龍泉段,.00,都市：住,,,,12960000
RPXNMLLKJHHGFCD77CC,公英段,.00,都市：住,,,,00080000
RPTNMLLKJHHGFCD37CC,竹篙厝段,.00,都市：住,,,,38680000
RPTNMLLKJHHGFCD37CC,竹篙厝段,.00,都市：住,,,,38680001
RPOOMLLKJHHGFCD96CC,龍泉段,.00,都市：住,,,,03040000
RPOOMLLKJHHGFCD96CC,龍泉段,.00,都市：住,,,,03110000
RPOOMLLKJHHGFCD96CC,龍泉段,.00,都市：住,,,,03120000
RPPOMLLKJHHGFCD07CC,東安段,.00,都市：商,,,,06620000
RPUOMLLKJHHGFCD57CC,關帝段,1629.24,都市：商,,,,10500000
RPROMLLKJHHGFCD27CC,裕東段,.00,都市：住,,,,02580000
RPROMLLKJHHGFCD27CC,裕東段,.00,都市：住,,,,02580001
RPXOMLLKJHHGFCD87CC,鹽埕段,.00,都市：住,,,,02710024
RPOPMLLKJHHGFCD07CC,府連段,.00,都市：商,,,,03570000
RPUPMLLKJHHGFCD67CC,新都心段,.00,都市：住,,,,00420000
RPOPMLLKJHHGFCD07CC,府連段,.00,都市：住,,,,03590000
RPQNMLLKJHHGFKD87CC,南工段,.00,都市：住,,,,00010000
RPPPMLLKJHHGFCD17CC,竹篙厝段,.00,都市：住,,,,21970000
RPPPMLLKJHHGFCD17CC,竹篙厝段,.00,都市：住,,,,21980000
RPSNMLLKJHHGFKD08CC,仁愛段,.00,都市：住,,,,05210000
RPSNMLLKJHHGFKD08CC,仁愛段,.00,都市：住,,,,05240000
RPSNMLLKJHHGFKD08CC,仁愛段,.00,都市：住,,,,05260000
RPSNMLLKJHHGFKD08CC,仁愛段,.00,都市：住,,,,05270000
RPUNMLLKJHHGFKD28CC,永和段,.00,都市：住,,,,10270000
RPRNMLLKJHHGFKD97CC,南工段,.00,都市：住,,,,00010000
RPOOMLLKJHHGFKD77CC,六合段,.00,都市：住,,,,10730000
RPVNMLLKJHHGFKD38CC,仁愛段,.00,都市：住,,,,05210000
RPVNMLLKJHHGFKD38CC,仁愛段,.00,都市：住,,,,05240000
RPVNMLLKJHHGFKD38CC,仁愛段,.00,都市：住,,,,05260000
RPVNMLLKJHHGFKD38CC,仁愛段,.00,都市：住,,,,05270000
RPQOMLLKJHHGFKD97CC,永和段,.00,都市：住,,,,15800000
RPPRMLLKJHHGFKD18CC,蜈蜞潭段,.00,都市：住,,,,12430002
RPSNMLLKJHHGFBD17CC,溪東段,.00,都市：住,,,,03540000
RPSNMLLKJHHGFID87CC,八甲段,.00,非都市：鄉村區 ; 非都市編定：乙種建築用地,,,,01530006
RPPNMLLKJHHGFID57CC,歸仁北段,.00,都市：住,,,,08530001
RPROMLLKJHHGFID87CC,德崙段,.00,都市：住,,,,05190000
RPSNMLLKJHHGFED47CC,侯伯段,.00,都市：住,,,,10810000
RPSOMLLKJHHGFID97CC,白崙段,.00,都市：商,,,,00720000
RPSNMLLKJHHGFGD67CC,欣榮段,.00,都市：住,,,,06900075
RPPNMLMKJHHGFID67CC,德崙段,23.46,都市：住,,,,02440000
RPWNMLMKJHHGFDD87CC,民治段,.00,都市：住,,,,03630000
RPUNMLMKJHHGFID18CC,武東段,.00,都市：住,,,,03450037
RPQTMLMKJHHGFHD28CC,什美段,.00,非都市：鄉村區 ; 非都市編定：乙種建築用地,,,,05580000
RPTNMLMKJHHGFCD47CC,育樂段,.00,都市：住,,,,06110000
RPQNMLMKJHHGFCD17CC,富農段,.00,都市：住,,,,00480000
RPSNMLMKJHHGFAD17CC,頂美段,114.90,都市：住,,,,13340000
RPSNMLMKJHHGFAD17CC,頂美段,171.17,都市：住,,,,13350000
RPSNMLMKJHHGFAD17CC,頂美段,255.20,都市：住,,,,13350001
RPQNMLMKJHHGFCD17CC,富農段,.00,都市：住,,,,00480001
RPVNMLMKJHHGFAD47CC,北安段,.00,都市：住,,,,00500248
RPWOMLMKJHHGFAD67CC,武聖段,.00,都市：住,,,,23250000
RPUOMLMKJHHGFAD47CC,北安段,83.25,都市：住,,,,16770000
RPUOMLMKJHHGFAD47CC,北安段,83.26,都市：住,,,,16780000
RPPNMLNKJHHGFAD96CC,延平段,.00,都市：其他:道路用地,,,,15180000
RPPNMLNKJHHGFAD96CC,延平段,.00,都市：住,,,,15180001
RPROMLMKJHHGFAD17CC,頂美段,.00,都市：住,,,,13190000
RPROMLMKJHHGFAD17CC,頂美段,.00,都市：住,,,,13190001
RPXOMLNKJHHGFAD87CC,公園段,.00,都市：商,,,,01360000
RPWNMLNKJHHGFAD67CC,白金段,.00,都市：商,,,,02390000
RPWNMLNKJHHGFAD67CC,白金段,.00,都市：商,,,,02430000
RPWNMLNKJHHGFAD67CC,白金段,.00,都市：商,,,,02440000
RPWNMLNKJHHGFAD67CC,白金段,.00,都市：商,,,,02450000
RPWNMLNKJHHGFAD67CC,白金段,.00,都市：商,,,,02460000
RPWNMLNKJHHGFAD67CC,白金段,.00,都市：商,,,,02470000
RPWNMLNKJHHGFAD67CC,白金段,.00,都市：商,,,,02480000
RPSOMLNKJHHGFCD57CC,鹽埕段,.00,都市：住,,,,02080165
RPOPMLNKJHHGFAD07CC,開元段,43.21,都市：商,,,,05970000
RPOPMLNKJHHGFAD07CC,開元段,2.06,都市：住,,,,06180000
RPOPMLNKJHHGFAD07CC,開元段,.14,都市：其他:廣場兼停車場用地,,,,03610025
RPPOMLNKJHHGFHD77CC,大營段,.00,非都市：一般農業區 ; 非都市編定：丁種建築用地,,,,26620198
RPQOMLNKJHHGFHD87CC,大營段,.00,非都市：一般農業區 ; 非都市編定：丁種建築用地,,,,26620197
RPPOMLNKJHHGFID87CC,白崙段,9.99,都市：商,,,,00720000
RPTNMLNKJHHGFKD38CC,埔園段,.00,都市：商,,,,03280000
RPSNMLOKJHHGFKD38CC,六甲頂段,.00,都市：住,,,,10910000
RPWNMLOKJHHGFKD78CC,鹽新段,.00,都市：住,,,,11320000
RPPOMLOKJHHGFKD18CC,南工段,.00,都市：住,,,,00010000
RPQOMLOKJHHGFCD47CC,德高段,.00,非都市： ; 非都市編定：,,,,04670002
RPSOMLOKJHHGFID28CC,歸仁北段,463.00,都市：住,,,,16950001
RPTNMLOKJHHGFID28CC,太乙段,245.96,都市：工,,,,08520000
RPOOMLOKJHHGFKD08CC,成功段,.00,都市：商,,,,01190000
RPUNMLOKJHHGFCD77CC,德高段,.00,非都市： ; 非都市編定：,,,,04670002
RPWRMLOKJHHGFCD38CC,東光段,.00,都市：商,,,,01070023
RPUNMLOKJHHGFAD57CC,金城段,325.00,都市：住,,,,00940000
RPRQMLOKJHHGFCD77CC,育樂段,.00,都市：住,,,,01550000
RPUNMLOKJHHGFAD57CC,金城段,481.00,都市：住,,,,00940014
RPXNMLOKJHHGFAD87CC,金華段,.00,都市：住,,,,00870000
RPOOMLOKJHHGFAD07CC,星鑽段,.00,都市：住,,,,04200000
RPSOMLOKJHHGFAD47CC,金華段,.00,都市：住,,,,00770015
RPUOMLOKJHHGFAD67CC,漁光段,.00,都市：商,,,,08910002
RPVOMLOKJHHGFAD77CC,金華段,.00,都市：商,,,,00640025
RPOPMLOKJHHGFAD17CC,開元段,.00,都市：商,,,,05880002
RPWOMLRKJHHGFKD56CC,竹行段,4762.26,都市：工,,,,17240000
RPTPMLOKJHHGFAD67CC,正興段,27.90,都市：住,,,,09020004
RPTPMLOKJHHGFAD67CC,正興段,.39,都市：住,,,,09020013
RPTPMLOKJHHGFAD67CC,正興段,2.26,都市：其他:道路用地,,,,09020012
RPQNMLPKJHHGFKD28CC,龍安段,120.87,都市：住,,,,04720000
RPQPMLRKJHHGFKD68CC,永仁段,132.39,都市：其他:學校用地(供完全中學使用),,,,11710001
RPWOMLRKJHHGFID98CC,媽祖廟段一小段,231.40,非都市：特定農業區 ; 非都市編定：農牧用地,,,,06800000
RPUNMLRKJHHGFID68CC,二仁段,.00,都市：住,,,,02220000
RPTOMLRKJHHGFBD97CC,科工段,429.75,都市：農,,,,06060000
RPSSMLRKJHHGFAD18CC,石門段,98.63,都市：住,,,,06260000
RPPPMLRKJHHGFAD57CC,金華段,.00,都市：住,,,,01100126
RPWNMLRKJHHGFCD28CC,鹽埕段,.00,都市：住,,,,01760174
RPPPMLRKJHHGFCD77CC,竹篙厝段,.00,都市：住,,,,38220000
RPVRMLRKJHHGFAD38CC,新南段,258.95,都市：住,,,,03780004
RPQPMLRKJHHGFCD87CC,泉南段,.00,都市：商,,,,04920000
RPQPMLRKJHHGFCD87CC,泉南段,.00,都市：商,,,,04930000
RPXPMLRKJHHGFCD58CC,新興段,.00,都市：住,,,,02570007
RPQOMLSKJHHGFAD67CC,立人段,.00,都市：住,,,,15230000
RPSOMLSKJHHGFAD87CC,延平段,.00,都市：住,,,,11690060
RPVOMLRKJHHGFKD56DC,頂南段,3.49,都市：住,,,,04090000
RPPPMLSKJHHGFAD67CC,新南段,.00,都市：商,,,,00780005
RPRPMLSKJHHGFBD97CC,海前段,110.60,都市：住,,,,11330000
RPWNMLSKJHHGFKD56CC,六甲頂段,79.99,都市：住,,,,12500000
RPSOMLSKJHHGFCD08CC,府連段,.00,都市：商,,,,03570000
RPQQMLSKJHHGFAD87CC,金華段,.00,都市：商,,,,01330000
RPQNMLTKJHHGFKD68CC,大灣段,164.43,都市：工,,,,37920000
RPWNMLTKJHHGFKD66CC,鹽新段,.00,都市：住,,,,00620000
RPVOMLTKJHHGFKD66CC,橋北段,.00,都市：住,,,,00900000
RPWNMLTKJHHGFHD98CC,看西段,101.00,都市：住,,,,04010030
RPTOMLTKJHHGFID88CC,崙中段,.00,都市：住,,,,00480042
RPROMLTKJHHGFID68CC,太乙段,87.00,都市：工,,,,03930009
RPROMLTKJHHGFID68CC,太乙段,259.78,都市：工,,,,03930010
RPRNMLTKJHHGFAD77CC,北元段,993.16,都市：住,,,,02240000
RPTNMLTKJHHGFAD97CC,檨仔林段,.00,都市：商,,,,03520000
RPTNMLTKJHHGFAD97CC,檨仔林段,.00,都市：商,,,,03530000
RPUNMLTKJHHGFAD08CC,檨仔林段,.00,都市：商,,,,03520000
RPUNMLTKJHHGFAD08CC,檨仔林段,.00,都市：商,,,,03530000
RPSOMLTKJHHGFAD97CC,公園段,.00,都市：商,,,,02790000
RPSNMLTKJHHGFAD87CC,檨仔林段,.00,都市：商,,,,03520000
RPRPMLTKJHHGFAD97CC,上鯤鯓段,.00,都市：住,,,,04030000
RPSNMLTKJHHGFAD87CC,檨仔林段,.00,都市：商,,,,03530000
RPSPMLTKJHHGFAD08CC,青年段,.00,都市：商,,,,06030000
RPXOMLTKJHHGFCD68CC,仁和段,.00,都市：住,,,,04820049
RPUNMLKLJHHGFCD47CC,德高段,.00,都市：住,,,,04040007
RPUOMLKLJHHGFCD57CC,泉南段,29.89,都市：商,,,,04920000
RPUOMLKLJHHGFCD57CC,泉南段,6.08,都市：住,,,,04930000
RPQNMLKLJHHGFAD86CC,南門段,.00,都市：住,,,,20940000
RPXNMLKLJHHGFAD57CC,南門段,.00,都市：住,,,,18530000
RPVNMLKLJHHGFAD37CC,北元段,18.78,都市：住,,,,06120000
RPOOMLKLJHHGFAD76CC,北元段,.00,都市：住,,,,01640000
RPPOMLKLJHHGFAD86CC,南門段,.00,都市：商,,,,07080000
RPUOMLKLJHHGFAD37CC,仁愛段,.00,都市：住,,,,08880000
RPOPMLKLJHHGFAD86CC,金華段,.00,都市：商,,,,00010003
RPTPMLKLJHHGFAD37CC,正興段,.00,都市：商,,,,10890002
RPUPMLKLJHHGFID28CC,大同段,.00,都市：住,,,,04910000
RPUPMLKLJHHGFAD47CC,廣慈段,.00,都市：商,,,,02570000
RPUPMLKLJHHGFAD47CC,廣慈段,.00,都市：商,,,,02580000
RPUPMLKLJHHGFAD47CC,廣慈段,.00,都市：商,,,,02590000
RPRNMLKLJHHGFKD97CC,大灣段,.00,都市：農,,,,40050000
RPTOMLKLJHHGFID08CC,崙中段,.00,都市：住,,,,00550013
RPOOMLKLJHHGFKD77CC,六甲頂段,.00,都市：住,,,,11180000
RPOOMLKLJHHGFKD77CC,六甲頂段,.00,都市：住,,,,11190000
RPVOMLKLJHHGFKD48CC,二王段,.00,都市：住,,,,15940000
RPOOMLKLJHHGFKD77CC,六甲頂段,.00,都市：住,,,,11200000
RPOPMLKLJHHGFKD87CC,南新段,7.98,都市：住,,,,07980000
RPXNMLKLJHHGFID38CC,歸仁北段,.00,都市：商,,,,10640008
RPWOMLKLJHHGFKD58CC,自強段,.00,都市：住,,,,05550000
RPVPMLKLJHHGFKD58CC,南新段,.00,都市：住,,,,09000000
RPWNMLKLJHHGFDD77CC,延平段,8.87,都市：商,,,,01340000
RPPOMLKLJHHGFDD17CC,水秀段,.00,非都市：鄉村區 ; 非都市編定：乙種建築用地,,,,03910000
RPQQMLKLJHHGFGD77CC,東興段,.00,都市：住,,,,05430006
RPSNMLLLJHHGFDD47CC,民族段,.00,都市：商,,,,04720000
RPOOMLLLJHHGFKD87CC,大灣段,.00,都市：商,,,,62300000
RPVNMLLLJHHGFKD48CC,鹽東段,.00,都市：住,,,,19610000
RPVOMLLLJHHGFKD58CC,文化段,.00,都市：住,,,,08100000
RPRPMLLLJHHGFKD28CC,永仁段,.00,都市：住,,,,08120000
RPQPMLLLJHHGFKD18CC,永強段,.00,都市：住,,,,06230000
RPVOMLLLJHHGFBD67CC,海北段,60.91,都市：其他:空白,,,,05290000
RPSPMLLLJHHGFKD38CC,兵北段,.00,都市：住,,,,05670000
RPQNMLLLJHHGFBD07CC,公塭段,.00,都市：住,,,,12280000
RPTPMLLLJHHGFBD57CC,國安段,4.27,都市：住,,,,15600000
RPRNMLLLJHHGFAD07CC,五條港段,.00,都市：商,,,,06030000
RPRNMLLLJHHGFAD07CC,五條港段,.00,都市：商,,,,06040000
RPTNMLLLJHHGFAD27CC,大港段,.00,都市：住,,,,00510039
RPUNMLLLJHHGFAD37CC,自強段,.00,都市：商,,,,07140000
RPUNMLLLJHHGFAD37CC,自強段,.00,都市：商,,,,07150000
RPUNMLLLJHHGFAD37CC,自強段,.00,都市：商,,,,07160000
RPUNMLLLJHHGFAD37CC,自強段,.00,都市：商,,,,07170000
RPVNMLLLJHHGFAD47CC,大港段,.00,都市：住,,,,00510090
RPWNMLLLJHHGFAD57CC,開元段,.00,都市：商,,,,06250000
RPROMLLLJHHGFAD17CC,金華段,.00,都市：商,,,,00640037
RPVOMLLLJHHGFAD57CC,南門段,.00,都市：住,,,,12590000
RPTOMLLLJHHGFAD37CC,環河段,.00,都市：商,,,,24960000
RPOPMLLLJHHGFAD96CC,新南段,.00,都市：住,,,,00670000
RPSPMLLLJHHGFAD37CC,立人段,.00,都市：住,,,,00540000
RPQPMLLLJHHGFAD17CC,新臨安段,.00,都市：住,,,,11000000
RPTPMLLLJHHGFAD47CC,漁光段,.00,都市：商,,,,08910002
RPWPMLLLJHHGFAD77CC,中正段,.00,都市：商,,,,09350000
RPTNMLLLJHHGFCD47CC,光華段,.00,都市：住,,,,09490000
RPOQMLLLJHHGFAD07CC,北元段,97.13,都市：住,,,,08230045
RPOQMLLLJHHGFAD07CC,北元段,9.91,都市：住,,,,08230036
RPUNMLLLJHHGFCD57CC,東安段,.00,都市：住,,,,05020000
RPQOMLLLJHHGFCD27CC,光明段,.00,都市：住,,,,04290007
RPSOMLLLJHHGFCD47CC,裕東段,.00,都市：住,,,,00300006
RPTOMLLLJHHGFCD57CC,竹篙厝段,150.00,都市：商,,,,18140000
RPTOMLLLJHHGFCD57CC,竹篙厝段,150.00,都市：商,,,,18130000
RPUOMLLLJHHGFCD67CC,大恩段,.00,都市：住,,,,00570000
RPUOMLLLJHHGFCD67CC,大恩段,.00,都市：住,,,,00570001
RPVOMLLLJHHGFCD77CC,光華段,.00,都市：住,,,,09490000
RPOPMLLLJHHGFCD17CC,光華段,.00,都市：住,,,,09490000
RPQPMLLLJHHGFCD37CC,水交社段,.00,都市：住,,,,00060000
RPPPMLLLJHHGFCD27CC,光明段,.00,都市：住,,,,01150000
RPTPMLLLJHHGFCD67CC,竹篙厝段,.00,都市：住,,,,32690002
RPRPMLLLJHHGFCD47CC,鹽埕段,.00,都市：住,,,,31020050
RPUPMLLLJHHGFCD77CC,光華段,.00,都市：住,,,,09490000
RPSPMLLLJHHGFCD57CC,育樂段,.00,都市：住,,,,03090000
RPXPMLLLJHHGFCD08CC,路東段,.00,都市：住,,,,09530001
RPXPMLLLJHHGFCD08CC,路東段,.00,都市：住,,,,09530000
RPVPMLLLJHHGFCD87CC,竹篙厝段,.00,都市：住,,,,33420000
RPOQMLLLJHHGFCD27CC,龍泉段,.00,都市：商,,,,06590000
RPOQMLLLJHHGFCD27CC,龍泉段,.00,都市：商,,,,06590001
RPPQMLLLJHHGFCD37CC,東寧段,.00,都市：住,,,,07280000
RPOQMLLLJHHGFCD27CC,龍泉段,.00,都市：住,,,,06620000
RPOQMLLLJHHGFCD27CC,龍泉段,.00,都市：住,,,,06620001
RPRQMLLLJHHGFCD57CC,裕南段,.00,都市：住,,,,16530000
RPRQMLLLJHHGFCD57CC,裕南段,.00,都市：住,,,,16530001
RPQQMLLLJHHGFCD47CC,龍泉段,.00,都市：商,,,,05510000
RPSQMLLLJHHGFCD67CC,鹽埕段,.00,都市：住,,,,20920003
RPQQMLLLJHHGFCD47CC,龍泉段,.00,都市：住,,,,05590000
RPWNMLMLJHHGFKD78DC,永二段,26.44,都市：住,,,,03580000
RPTQMLLLJHHGFCD77CC,新都心段,.00,都市：住,,,,00420000
RPVNMLOLJHHGFFD28CC,港子尾段,103.04,非都市：鄉村區 ; 非都市編定：乙種建築用地,,,,00010163
RPWNMLOLJHHGFFD38CC,港子尾段,113.00,非都市：鄉村區 ; 非都市編定：乙種建築用地,,,,00010441
RPQOMLOLJHHGFCD57CC,裕東段,.00,都市：住,,,,01350007
RPRNMLOLJHHGFCD57CC,富農段,.00,都市：住,,,,00480000
RPRNMLOLJHHGFCD57CC,富農段,.00,都市：住,,,,00480001
RPTOMLOLJHHGFCD87CC,鹽埕段,.00,都市：住,,,,30990108
RPRNMLOLJHHGFAD37CC,老古石段,.00,都市：住,,,,14230000
RPTNMLOLJHHGFCD77CC,光明段,.00,都市：住,,,,05850010
RPTNMLOLJHHGFAD57CC,金城段,.00,都市：商,,,,00170024
RPROMLOLJHHGFAD47CC,立人段,.00,都市：住,,,,00530000
RPSOMLOLJHHGFID38CC,忠義段,.00,都市：住,,,,12190000
RPSPMLOLJHHGFHD38CC,善進段,280.50,都市：住,,,,00100000
RPSNMLOLJHHGFID28CC,二空段,.00,都市：住,,,,05960000
RPWNMLOLJHHGFKD88CC,頂溪段,.00,都市：工,,,,09380000
RPWNMLOLJHHGFKD88CC,頂溪段,.00,都市：工,,,,09390000
RPWNMLOLJHHGFKD88CC,頂溪段,.00,都市：工,,,,09400000
RPWNMLOLJHHGFKD88CC,頂溪段,.00,都市：工,,,,09410000
RPWNMLOLJHHGFKD88CC,頂溪段,.00,都市：工,,,,09420000
RPWNMLOLJHHGFKD88CC,頂溪段,.00,都市：工,,,,09430000
RPWNMLOLJHHGFKD88CC,頂溪段,.00,都市：工,,,,09440000
RPWNMLOLJHHGFKD88CC,頂溪段,.00,都市：工,,,,09450000
RPWNMLOLJHHGFKD88CC,頂溪段,.00,都市：工,,,,09500000
RPWNMLOLJHHGFKD88CC,頂溪段,.00,都市：工,,,,09510000
RPXNMLOLJHHGFKD98CC,六甲頂段,.00,都市：住,,,,10910000
RPOOMLOLJHHGFKD18CC,市政段,150.00,都市：住,,,,00210001
RPOOMLOLJHHGFKD18CC,市政段,241.81,都市：住,,,,00240000
RPOOMLOLJHHGFKD18CC,市政段,264.99,都市：住,,,,00430000
RPOOMLOLJHHGFKD18CC,市政段,265.00,都市：住,,,,00440000
RPOOMLOLJHHGFKD18CC,市政段,168.01,都市：住,,,,00450000
RPOOMLOLJHHGFKD18CC,市政段,198.00,都市：住,,,,00460000
RPOOMLOLJHHGFKD18CC,市政段,167.99,都市：住,,,,00470000
RPROMLOLJHHGFKD48CC,三村段,.00,都市：住,,,,05960000
RPVOMLOLJHHGFKD88CC,三村段,.00,都市：住,,,,05960001
RPXNMLPLJHHGFKD09CC,大灣段,991.73,都市：工,,,,38260000
RPPPMLOLJHHGFKD38CC,頂南段,60.92,都市：住,,,,04380000
RPWNMLPLJHHGFKD98CC,三村段,.00,都市：住,,,,05960000
RPUOMLOLJHHGFKD78CC,南工段,.00,都市：商,,,,05010000
RPQOMLPLJHHGFKD48CC,橋北段,.00,都市：住,,,,00020000
RPVOMLPLJHHGFKD98CC,永二段,26.44,都市：住,,,,03580000
RPWNMLPLJHHGFHD68CC,大榮段,11.89,都市：住,,,,07780000
RPWNMLPLJHHGFHD68CC,大榮段,.65,都市：住,,,,07790000
RPWNMLPLJHHGFHD68CC,大榮段,8.02,都市：住,,,,07800000
RPPPMLPLJHHGFAD47CC,公園段,40.00,都市：商,,,,04480000
RPQNMLPLJHHGFAD37CC,小北段,73.01,都市：住,,,,09640012
RPVPMLPLJHHGFAD08CC,觀音段,.00,都市：商,,,,01740000
RPTNMLPLJHHGFAD67CC,東豐段,.00,都市：住,,,,04660000
RPTNMLPLJHHGFAD67CC,東豐段,.00,都市：商,,,,04940000
RPTNMLPLJHHGFCD87CC,仁和段,.00,都市：住,,,,10830000
RPTNMLPLJHHGFCD87CC,仁和段,.00,都市：住,,,,10830010
RPTNMLPLJHHGFCD87CC,仁和段,.00,都市：其他:細部計畫道路用地,,,,10830023
RPUNMLPLJHHGFAD77CC,小北段,.00,都市：住,,,,09690455
RPSOMLPLJHHGFDD97CC,仁愛段,269.83,都市：工,,,,05120015
RPSOMLPLJHHGFDD97CC,仁愛段,269.83,都市：工,,,,05120016
RPVNMLPLJHHGFCD08CC,竹篙厝段,.00,都市：住,,,,40710026
RPTNMLQLJHHGFCD97CC,仁和段,.00,都市：住,,,,13350000
RPUNMLQLJHHGFCD08CC,仁和段,.00,都市：住,,,,08950000
RPQOMLQLJHHGFCD77CC,日新段,.00,都市：住,,,,03130000
RPOOMLQLJHHGFCD57CC,竹篙厝段,.00,都市：住,,,,10430004
RPSOMLQLJHHGFCD97CC,仁和段,.00,都市：住,,,,13350000
RPSNMLQLJHHGFAD67CC,觀音段,.00,都市：商,,,,01740000
RPXNMLQLJHHGFAD18CC,郡王祠段,.00,都市：住,,,,25220000
RPVNMLQLJHHGFCD18CC,竹篙厝段,.00,都市：住,,,,09810000
RPRNMLQLJHHGFBD67CC,溪東段,6.31,都市：商,,,,16740000
RPXNMLQLJHHGFID98CC,長興段,.00,都市：其他:市場用地,,,,02610000
RPTOMLQLJHHGFAD87CC,赤崁段,.00,都市：商,,,,02200000
RPTOMLQLJHHGFKD88CC,永大段,.00,都市：住,,,,00670000
RPXNMLRLJHHGFKD66CC,六甲頂段,.00,都市：住,,,,10910000
RPPNMLRLJHHGFKD48CC,蜈蜞潭段,.00,都市：住,,,,13490001
RPUNMLQLJHHGFKD88CC,六甲頂段,.00,都市：住,,,,08630000
RPTOMLRLJHHGFKD98CC,崑山段,172.01,都市：商,,,,07980004
RPWPMLRLJHHGFID56CC,歸仁北段,91.00,都市：住,,,,10960004
RPWPMLRLJHHGFID56CC,歸仁北段,344.00,都市：住,,,,10970007
RPOOMLQLJHHGFID18CC,中正段,.00,都市：住,,,,07320000
RPSNMLRLJHHGFKD78CC,南新段,.00,都市：住,,,,09000000
RPVOMLRLJHHGFHD88CC,北子店段二小段,.00,非都市：一般農業區 ; 非都市編定：甲種建築用地,,,,07980052
RPVNMLRLJHHGFAD08CC,漁光段,.00,都市：商,,,,08910002
RPUNMLRLJHHGFAD97CC,三民段,.00,都市：商,,,,07790000
RPPNMLRLJHHGFAD47CC,五條港段,.00,都市：商,,,,01040000
RPPNMLRLJHHGFAD47CC,五條港段,.00,都市：商,,,,01050000
RPTNMLRLJHHGFAD87CC,武聖段,.00,都市：住,,,,09760000
RPTPMLRLJHHGFAD08CC,星鑽段,.00,都市：住,,,,01920000
RPTPMLRLJHHGFAD08CC,星鑽段,.00,都市：住,,,,02030000
RPQNMLRLJHHGFCD77CC,光華段,.00,都市：住,,,,09490000
RPUOMLRLJHHGFAD08CC,老古石段,.00,都市：住,,,,15130000
RPTNMLRLJHHGFCD08CC,光華段,.00,都市：住,,,,09490000
RPPOMLRLJHHGFAD57CC,環河段,8.92,都市：商,,,,24960000
RPVNMLRLJHHGFCD28CC,育樂段,.00,都市：住,,,,04460000
RPPOMLRLJHHGFCD77CC,府東段,.00,都市：住,,,,07450000
RPWNMLRLJHHGFCD38CC,竹篙厝段,.00,都市：住,,,,20040000
RPTNMLSLJHHGFBD18DC,和館段,93.15,都市：住,,,,00940122
RPTNMLSLJHHGFBD18DC,和館段,24.93,都市：住,,,,00940154
RPPNMLSLJHHGFFD08CC,港子尾段,91.05,非都市：鄉村區 ; 非都市編定：乙種建築用地,,,,00010163
RPQPMLRLJHHGFCD97CC,鹽埕段,.00,都市：住,,,,18930003
RPXNMLSLJHHGFCD58CC,立德段,.00,都市：住,,,,09160000
RPSNMLSLJHHGFCD08CC,竹篙厝段,.00,都市：住,,,,19710000
RPRNMLSLJHHGFAD77CC,頂美段,.00,都市：住,,,,15120039
RPUNMLRLJHHGFCD28DC,東光段,.00,都市：住,,,,06140000
RPUOMLSLJHHGFAD18CC,開元段,10.72,都市：商,,,,05970000
RPTOMLSLJHHGFAD08CC,開元段,.00,都市：商,,,,03610005
RPUOMLSLJHHGFAD18CC,開元段,.51,都市：住,,,,06180000
RPUOMLSLJHHGFAD18CC,開元段,.03,都市：其他:其他廣場及停車場用地,,,,03610000
RPQNMLSLJHHGFBD77CC,國安段,10.60,都市：住,,,,15600000
RPXNMLSLJHHGFAD38CC,南門段,.00,都市：商,,,,07080000
RPXNMLSLJHHGFHD09CC,圳西段,.00,都市：其他:國民住宅,,,,02700000
RPXNMLSLJHHGFHD09CC,圳西段,.00,都市：其他:國民住宅,,,,03370000
RPSNMLSLJHHGFKD88CC,六合段,175.20,都市：住,,,,00990000
RPWPMLRJKHHGFKD66CC,永信段,82.35,都市：住,,,,06400000
RPWNMLSLJHHGFBD38CC,城東段,.00,都市：住,,,,04120002
RPQNMLRJKHHGFHD18CC,六塊寮段,127.00,非都市：鄉村區 ; 非都市編定：乙種建築用地,,,,32540000
RPQNMLRJKHHGFHD18CC,六塊寮段,127.00,非都市：鄉村區 ; 非都市編定：乙種建築用地,,,,32540032
RPPPMLRJKHHGFID38CC,太乙段,.00,都市：工,,,,12470000
RPTNMLRJKHHGFHD48CC,善成段,.00,都市：其他:空白,,,,07650020
RPOPMLRJKHHGFAD47CC,檨仔林段,112.09,都市：商,,,,02590000
RPOPMLRJKHHGFAD47CC,檨仔林段,21.84,都市：商,,,,02580000
RPOQMLRJKHHGFAD57CC,金華段,.00,都市：住,,,,00590005
RPTPMLRJKHHGFAD97CC,武聖段,11.84,都市：住,,,,23250000
RPPNMLRJKHHGFCD57CC,路東段,29.61,都市：商,,,,00070000
RPQPMLRJKHHGFCD87CC,富農段,.00,都市：住,,,,05950000
RPPPMLRJKHHGFCD77CC,富農段,.00,都市：住,,,,05950000
RPRPMLRJKHHGFCD97CC,光華段,.00,都市：住,,,,09490000
RPTNMLSJKHHGFCD08CC,光華段,.00,都市：住,,,,09490000
RPSNMLSJKHHGFCD97CC,竹篙厝段,.00,都市：住,,,,28010005
RPWPMLRJKHHGFAD28CC,北安段,.00,都市：住,,,,00560123
RPWPMLRJKHHGFAD28CC,北安段,.00,都市：住,,,,00560116
RPWNMLRJKHHGFCD28CC,新東段,.00,都市：住,,,,08920000
RPQOMLSJKHHGFCD87CC,光華段,.00,都市：住,,,,09490000
RPXNMLSJKHHGFCD48CC,立德段,.00,都市：其他:鄰里商業區,,,,03230000
RPPOMLSJKHHGFAD57CC,保西段,.00,都市：商,,,,05480000
RPXPMLSJKHHGFCD68CC,立德段,.00,都市：住,,,,09160000
RPVNMLSJKHHGFAD08CC,正興段,.00,都市：住,,,,10890005
RPROMLSJKHHGFCD97CC,東光段,.00,都市：住,,,,03260000
RPSNMLSJKHHGFHD48CC,玉二段,147.07,都市：住,,,,06550000
RPROMLSJKHHGFAD77CC,小北段,.00,都市：住,,,,09690156
RPOPMLSJKHHGFAD57CC,立人段,.00,都市：住,,,,00650003
RPTNMLSJKHHGFHD58CC,玉二段,152.38,都市：住,,,,06560000
RPUNMLSJKHHGFKD98CC,成功段,.00,都市：商,,,,01190000
RPXNMLSJKHHGFBD38CC,海東段,71.06,都市：住,,,,04160000
RPXNMLSJKHHGFBD38CC,海東段,82.39,都市：住,,,,04150000
RPOPMLSJKHHGFKD58CC,頂南段,.00,都市：住,,,,04090000
RPOPMLSJKHHGFKD58CC,頂南段,.00,都市：住,,,,04090002
RPTNMLSJKHHGFDD18CC,仁愛段,276.50,都市：工,,,,05120009
RPUPMLSJKHHGFKD56CC,永和段,.00,都市：住,,,,13110000
RPTNMLTJKHHGFID88DC,歸仁北段,.00,都市：商,,,,10740007
RPPNMLTJKHHGFID38CC,健康段,.00,都市：住,,,,00110015
RPPPMLTJKHHGFHD48CC,港口段,.00,非都市：鄉村區 ; 非都市編定：乙種建築用地,,,,30930018
RPWOMLTJKHHGFCD58CC,東光段,.00,都市：住,,,,06110000
RPWOMLTJKHHGFCD58CC,東光段,.00,都市：住,,,,06120000
RPVOMLTJKHHGFAD28CC,漁光段,.00,都市：商,,,,08910002
RPVNMLTJKHHGFID98CC,歸仁北段,.00,都市：住,,,,08490000
RPTNMLKKKHHGFCD37CC,富裕段,.00,都市：住,,,,00470000
RPPPMLTJKHHGFCD97CC,光明段,5138.00,都市：住,,,,06130000
RPPPMLTJKHHGFCD97CC,光明段,69.00,都市：住,,,,06130003
RPUNMLKKKHHGFCD47CC,新東段,.00,都市：住,,,,05190004
RPSNMLKKKHHGFAD07CC,中山段,.00,都市：商,,,,02140000
RPPOMLKKKHHGFAD86CC,金華段,.00,都市：住,,,,00630000
RPVOMLKKKHHGFCD67CC,竹篙厝段,.00,都市：住,,,,42980016
RPTOMLKKKHHGFID08CC,清王段,.00,都市：住,,,,05760000
RPSOMLKKKHHGFCD37CC,新東段,.00,都市：住,,,,09800000
RPOPMLKKKHHGFBD96CC,新順段,.00,都市：住,,,,08890003
RPQOMLKKKHHGFHD67CC,南港段,83.12,都市：住,,,,07670001
RPQNMLKKKHHGFKD87CC,六甲頂段,.00,都市：住,,,,11700001
RPTNMLLKKHHGFBD37CC,外塭段,.00,都市：住,,,,01030000
RPSNMLKKKHHGFKD08CC,六甲頂段,.00,都市：住,,,,10910000
RPPNMLLKKHHGFBD96CC,安東段,245.29,都市：住,,,,08000000
RPVNMLLKKHHGFKD48CC,六甲頂段,.00,都市：住,,,,04050000
RPUNMLLKKHHGFHD08CC,大營段,228.00,非都市：一般農業區 ; 非都市編定：丁種建築用地,,,,26620056
RPRNMLLKKHHGFKD08CC,六甲頂段,.00,都市：住,,,,11750000
RPXOMLLKKHHGFID58CC,武東段,2065.48,都市：住,,,,01070000
RPVOMLLKKHHGFBD67CC,安東段,.00,都市：住,,,,00190018
RPVOMLLKKHHGFBD67CC,安東段,.00,都市：住,,,,00190014
RPRNMLLKKHHGFAD07CC,開元段,.00,都市：商,,,,05870000
RPRNMLLKKHHGFAD07CC,開元段,.00,都市：住,,,,05840000
RPWOMLLKKHHGFAD67CC,東豐段,.00,都市：住,,,,02580001
RPTNMLLKKHHGFAD27CC,南門段,.00,都市：住,,,,03920000
RPROMLLKKHHGFAD17CC,郡王祠段,.00,都市：住,,,,18280000
RPPPMLLKKHHGFAD07CC,漁光段,.00,都市：商,,,,08910002
RPXOMLLKKHHGFAD77CC,星鑽段,.00,都市：住,,,,02340000
RPQNMLLKKHHGFAD96CC,金華段,.00,都市：商,,,,00010000
RPQPMLLKKHHGFAD17CC,公園段,.00,都市：商,,,,09390000
RPQPMLLKKHHGFAD17CC,公園段,.00,都市：商,,,,09390001
RPQPMLLKKHHGFAD17CC,公園段,.00,都市：其他:細部計畫道路用地,,,,09390003
RPQNMLLKKHHGFCD17CC,新興段,.00,都市：住,,,,02290016
RPSNMLMKKHHGFKD28CC,南新段,.00,都市：住,,,,00960000
RPUPMLLKKHHGFAD57CC,南門段,.00,都市：住,,,,17380000
RPUPMLLKKHHGFAD57CC,南門段,.00,都市：住,,,,17440000
RPPNMLOKKHHGFKD18CC,橋北段,.00,都市：住,,,,00680046
RPPNMLOKKHHGFKD18CC,橋北段,.00,都市：住,,,,00680082
RPPNMLOKKHHGFKD18CC,橋北段,.00,都市：住,,,,00680037
RPRNMLMKKHHGFCD37CC,竹篙厝段,.00,都市：住,,,,38220000
RPUNMLOKKHHGFKD68CC,北極段,.00,都市：住,,,,08080000
RPXOMLOKKHHGFID88CC,二行段,.00,都市：住,,,,12050000
RPOOMLOKKHHGFKD18CC,亞太段,978.51,都市：工,,,,02700000
RPXNMLLKKHHGFCD87CC,竹篙厝段,.00,都市：住,,,,39780000
RPXNMLLKKHHGFCD87CC,竹篙厝段,.00,都市：住,,,,39810000
RPPNMLOKKHHGFBD27CC,頂安段,.00,都市：住,,,,01250023
RPRNMLOKKHHGFBD47CC,育安段,109.10,都市：住,,,,11130000
RPPNMLOKKHHGFID97CC,二仁段,.00,都市：住,,,,02220000
RPPOMLOKKHHGFKD28CC,中興段,.00,都市：住,,,,08900000
RPUPMLOKKHHGFBD97CC,和館段,.00,都市：住,,,,00340030
RPRNMLOKKHHGFCD57CC,光華段,.00,都市：住,,,,09490000
RPOQMLOKKHHGFAD37CC,星鑽段,.00,都市：商,,,,16250000
RPOQMLOKKHHGFAD37CC,星鑽段,.00,都市：商,,,,16240000
RPQOMLOKKHHGFCD57CC,鹽埕段,.00,都市：住,,,,31020069
RPSNMLOKKHHGFAD47CC,正興段,.00,都市：住,,,,05010000
RPROMLOKKHHGFAD47CC,白金段,32.12,都市：商,,,,00130000
RPROMLOKKHHGFAD47CC,白金段,4.79,都市：商,,,,00140000
RPQQMLOKKHHGFAD57CC,公園段,.00,都市：商,,,,02020000
RPROMLOKKHHGFAD47CC,白金段,35.44,都市：商,,,,00150000
RPROMLOKKHHGFAD47CC,白金段,14.62,都市：商,,,,00160000
RPPOMLOKKHHGFDD57CC,新電段,.00,都市：住,,,,07470000
RPPOMLOKKHHGFAD27CC,金華段,.00,都市：住,,,,00850000
RPWNMLOKKHHGFFD38CC,十六甲段,101.00,非都市：鄉村區 ; 非都市編定：乙種建築用地,,,,02000009
RPXNMLPKKHHGFAD08CC,新南段,.00,都市：商,,,,00380014
RPQOMLOKKHHGFDD67CC,周武段,.00,都市：住,,,,04290000
RPSNMLPKKHHGFBD67CC,國安段,13.12,都市：住,,,,17270000
RPSNMLPKKHHGFBD67CC,國安段,91.13,都市：住,,,,17270019
RPVNMLQKKHHGFBD08CC,學東段,71.44,都市：住,,,,09770004
RPVOMLPKKHHGFKD98CC,亞太段,978.51,都市：工,,,,02700000
RPQOMLPKKHHGFCD67CC,裕南段,.00,都市：住,,,,18670000
RPTOMLPKKHHGFKD78CC,大灣段,436.36,都市：農,,,,39700000
RPXOMLPKKHHGFHD88CC,港子墘段,330.57,非都市：特定農業區 ; 非都市編定：農牧用地,,,,08430000
RPPOMLPKKHHGFKD38CC,鹽新段,.00,都市：住,,,,03990000
RPXNMLQKKHHGFBD28CC,溪東段,.00,都市：住,,,,10840000
RPTOMLQKKHHGFCD08CC,新興段,.00,都市：住,,,,02780000
RPWOMLQKKHHGFID98CC,白崙段,.00,都市：商,,,,00720000
RPWNMLQKKHHGFAD08CC,新南段,21.70,都市：住,,,,00670000
RPOPMLQKKHHGFAD47CC,金華段,12.92,都市：住,,,,00850002
RPROMLQKKHHGFAD67CC,武聖段,.00,都市：住,,,,25010011
RPSOMLRKKHHGFBD08DC,安西段,68.07,都市：住,,,,19180035
RPVNMLRKKHHGFAD08CC,萬昌段,.00,都市：商,,,,00900000
RPXOMLQKKHHGFAD28CC,中山段,.00,都市：商,,,,00830000
RPSNMLQKKHHGFED08CC,下南勢段,4186.37,非都市：山坡地保育區 ; 非都市編定：農牧用地,,,,01170002
RPXOMLQKKHHGFAD28CC,中山段,.00,都市：商,,,,00840000
RPXOMLQKKHHGFAD28CC,中山段,.00,都市：商,,,,00850000
RPSNMLRKKHHGFCD08DC,府東段,.00,非都市： ; 非都市編定：,,,,01080000
RPPOMLRKKHHGFAD57CC,新南段,.00,都市：商,,,,00370005
RPQNMLRKKHHGFAD57CC,金華段,.00,都市：商,,,,00010000
RPSOMLRKKHHGFAD87CC,星鑽段,.00,都市：商,,,,18300000
RPSOMLRKKHHGFAD87CC,星鑽段,.00,都市：商,,,,18400000
RPQNMLRKKHHGFCD77CC,立德段,.00,都市：住,,,,09160000
RPWNMLRKKHHGFCD38CC,大同段,.00,都市：住,,,,05550000
RPPPMLRKKHHGFAD67CC,金華段,.00,都市：住,,,,01050001
RPWPMLRKKHHGFCD58CC,鹽埕段,.00,都市：住,,,,30990096
RPUOMLRKKHHGFCD28CC,光華段,.00,都市：住,,,,09490000
RPPOMLRKKHHGFCD77CC,裕南段,.00,都市：住,,,,19500000
RPVNMLRKKHHGFID88CC,歸仁北段,.00,都市：住,,,,08530001
RPTPMLRKKHHGFAD08CC,南廠段,.00,都市：商,,,,01680000
RPTPMLRKKHHGFAD08CC,南廠段,.00,都市：商,,,,01690000
RPSNMLRKKHHGFID58CC,歸仁北段,.00,都市：住,,,,08530001
RPROMLRKKHHGFID58CC,歸仁北段,.00,都市：住,,,,11710027
RPWOMLRKKHHGFID09CC,歸仁南段,727.27,非都市：一般農業區 ; 非都市編定：農牧用地,,,,13570000
RPQOMLRKKHHGFHD38CC,大營段,83.00,非都市：特定農業區 ; 非都市編定：甲種建築用地,,,,24270066
RPTOMLRKKHHGFHD68CC,三德段,18.96,都市：其他:(空白),,,,04760000
RPPNMLRKKHHGFKD48CC,三民段,177.39,都市：住,,,,07180000
RPPOMLRKKHHGFHD28CC,富強段,87.09,都市：其他:,,,,09520000
RPOOMLRKKHHGFHD18CC,福壽段,139.24,都市：其他:,,,,09730000
RPRNMLRKKHHGFKD68CC,頂安段,.00,都市：住,,,,02210000
RPXNMLRKKHHGFHD98CC,唪口段,.00,非都市：鄉村區 ; 非都市編定：乙種建築用地,,,,19360001
RPSNMLRKKHHGFKD78CC,頂安段,.00,都市：住,,,,02210000
RPTNMLRKKHHGFKD88CC,三村段,.00,都市：住,,,,05360000
RPWNMLRKKHHGFKD56CC,永仁段,.00,都市：住,,,,00830000
RPXNMLRKKHHGFKD66CC,大灣段,.00,都市：商,,,,61630012
RPOPMLRKKHHGFKD58CC,兵南段,.00,都市：住,,,,05830000
RPSOMLRKKHHGFKD88CC,兵北段,.00,都市：住,,,,00100000
RPPPMLRKKHHGFKD68CC,永康段,.00,都市：住,,,,16170000
RPXOMLRKKHHGFKD76CC,永仁段,.00,都市：住,,,,11110000
RPVOMLSKKHHGFHD98CC,善成段,90.20,都市：其他:空白,,,,02980000
RPVOMLRKKHHGFKD56CC,大灣段,.00,都市：住,,,,48490003
RPWOMLSKKHHGFHD09CC,善成段,90.50,都市：其他:空白,,,,02990000
RPVNMLSKKHHGFHD88CC,港子墘段,.00,非都市：特定農業區 ; 非都市編定：甲種建築用地,,,,16350000
RPWNMLSKKHHGFID09CC,二空段,.00,都市：住,,,,09240000
RPVNMLSKKHHGFCD38CC,裕南段,.00,都市：住,,,,16530000
RPVNMLSKKHHGFCD38CC,裕南段,.00,都市：住,,,,16530001
RPXNMLSKKHHGFID56CC,歸仁北段,.00,都市：住,,,,12000023
RPROMLSKKHHGFCD08CC,路東段,.00,都市：住,,,,05590000
RPROMLSKKHHGFCD08CC,路東段,.00,都市：住,,,,05590001
RPOOMLSKKHHGFID38CC,歸仁北段,.00,都市：住,,,,12000024
RPQNMLSKKHHGFAD67CC,富台段,.00,都市：住,,,,08500000
RPQOMLSKKHHGFAD77CC,金華段,.00,都市：住,,,,00850002
RPPNMLSKKHHGFAD57CC,星鑽段,.00,都市：商,,,,19290000
RPROMLSKKHHGFAD87CC,金華段,.00,都市：商,,,,00010000
RPSOMLSKKHHGFAD97CC,金華段,.00,都市：住,,,,00850002
RPTNMLSKKHHGFAD97CC,東興段,.00,都市：住,,,,02520016
RPTOMLSKKHHGFAD08CC,金華段,.00,都市：商,,,,00640037
RPOOMLSKKHHGFFD08CC,興國段,.00,都市：住,,,,02700000
RPOPMLSKKHHGFAD67CC,裕民段,.00,都市：住,,,,03780000
