﻿編號,土地位置,土地移轉面積(平方公尺),使用分區或編定,權利人持分分母,權利人持分分子,移轉情形,地號
The serial number, land position,land shifting area square meter,the use zoning or compiles and checks,,,,land parcel
RPVNMLNKKIGGFEE18CC,清楠段,.00,都市：住,,,,04600000
RPPNMLLKKIGGFBE07CC,意誠段,16.44,都市：商,,,,01860000
RPSNMLNKKIGGFCE67CC,鎮昌段一小段,14.32,都市：商,,,,13360000
RPQNMLLKKIGGFEE47CC,福山段,7.00,都市：住,,,,00260000
RPQNMLNKKIGGFCE47CC,鳳宮段,.00,都市：住,,,,01690000
RPPNMLLKKIGGFAE96CC,龍中段,151.90,都市：住,,,,01920005
RPXPMLNKKIGGFDE48CC,大港段四小段,.00,都市：商,,,,32080001
RPSPMLNKKIGGFEE08CC,藍田中段,20.00,都市：住,,,,03340000
RPXPMLNKKIGGFDE48CC,大港段四小段,.00,都市：商,,,,32080002
RPPNMLLKKIGGFCE17CC,獅甲段二小段,95.94,都市：住,,,,05890000
RPUOMLNKKIGGFCE97CC,新生段,24.50,都市：工,,,,16880000
RPXRMLNKKIGGFDE68CC,覆鼎金段覆鼎金小段,19.20,都市：住,,,,12260000
RPPSMLNKKIGGFDE97CC,建民段,35.82,都市：住,,,,07740000
RPPSMLNKKIGGFDE97CC,建民段,12.56,都市：商,,,,07740001
RPTNMLNKKIGGFAE57CC,北金段,.00,都市：商,,,,09250000
RPPOMLNKKIGGFBE37CC,新興段二小段,.00,都市：商,,,,09980000
RPUNMLNKKIGGFAE67CC,龍華段二小段,.00,都市：商,,,,15570000
RPRNMLOKKIGGFAE47CC,鼓南段二小段,101.00,都市：商,,,,09420000
RPXNMLNKKIGGFBE08CC,苓雅寮段,13.92,都市：商,,,,06820000
RPTNMLOKKIGGFAE67CC,文東段,27.60,都市：商,,,,16400000
RPTNMLOKKIGGFAE67CC,文東段,1.80,都市：商,,,,16400001
RPXPMLNKKIGGFAE18CC,龍中段,16.18,都市：商,,,,00910000
RPVNMLOKKIGGFAE87CC,內惟段三小段,.00,都市：住,,,,06390000
RPVOMLOKKIGGFBE08CC,大統段二小段,60.00,都市：商,,,,12200000
RPPPMLOKKIGGFBE57CC,林德官段二小段,168.59,都市：住,,,,35100001
RPUNMLOKKIGGFDE08CC,灣和段,.00,都市：住,,,,00650004
RPXOMLOKKIGGFBE28CC,成功段,17.07,都市：商,,,,05130000
RPRPMLOKKIGGFBE77CC,林德官段三小段,64.00,都市：其他:市場用地,,,,36900000
RPVNMLOKKIGGFDE18CC,大港段四小段,.00,都市：商,,,,33550000
RPVNMLOKKIGGFDE18CC,大港段四小段,.00,都市：商,,,,33560000
RPTOMLOKKIGGFDE08CC,中都段四小段,27.08,都市：住,,,,02440000
RPXOMLOKKIGGFDE48CC,灣興段,255.06,都市：工,,,,02530000
RPUNMLOKKIGGFCE97CC,瑞隆段一小段,.00,都市：住,,,,06810000
RPTPMLOKKIGGFBE97CC,苓洲段,.00,都市：商,,,,16260000
RPWPMLOKKIGGFCE38CC,瑞隆段一小段,63.00,都市：住,,,,02590000
RPWOMLOKKIGGFEE48CC,楠梓段三小段,10.80,都市：住,,,,03040000
RPPPMLOKKIGGFEE87CC,果貿段,11.26,都市：住,,,,02150011
RPTPMLOKKIGGFCE08CC,愛群段,4.34,都市：商,,,,24590000
RPWPMLOKKIGGFEE58CC,加昌段,9.16,都市：住,,,,06930000
RPWPMLOKKIGGFEE58CC,加昌段,10.10,都市：住,,,,06940000
RPPSMLOKKIGGFEE18CC,楠都段一小段,34.18,都市：住,,,,03650000
RPQSMLOKKIGGFEE28CC,楠都段一小段,34.18,都市：住,,,,03650000
RPOQMLOKKIGGFEE87CC,新民段,9.37,都市：商,,,,01690000
RPRQMLOKKIGGFCE97CC,瑞南段一小段,81.07,都市：住,,,,10590002
RPRPMLOKKIGGFGE28CC,華鳳段,18.52,都市：住,,,,01630001
RPSPMLOKKIGGFGE38CC,五甲段,56.00,都市：住,,,,11190022
RPTPMLOKKIGGFGE48CC,文山段,22.91,都市：住,,,,05830001
RPTOMLOKKIGGFFE28CC,後壁田段,22.00,都市：住,,,,02840000
RPUPMLOKKIGGFGE58CC,頂新段,7.97,都市：商,,,,00310000
RPWOMLOKKIGGFFE58CC,大德段,428.77,都市：住,,,,00640000
RPWOMLOKKIGGFFE58CC,大德段,37.51,都市：住,,,,00640001
RPWOMLOKKIGGFFE58CC,大德段,12.68,都市：住,,,,00640002
RPWNMLPKKIGGFFE58CC,大紅段,12.97,都市：住,,,,04710000
RPVNMLPKKIGGFGE58CC,新甲段,19.77,都市：住,,,,13230116
RPUNMLPKKIGGFGE48CC,新甲段,19.77,都市：住,,,,13230116
RPUNMLOKKIGGFLE88CC,會結南段,141.41,都市：住,,,,01030000
RPUNMLOKKIGGFLE88CC,會結南段,28.20,都市：住,,,,01080000
RPRPMLPKKIGGFGE38CC,竹子腳段,.00,都市：商,,,,02760023
RPTOMLPKKIGGFEE28CC,新庄段十三小段,.00,都市：商,,,,15090000
RPPQMLPKKIGGFEE08CC,福山段,.00,都市：商,,,,05500000
RPTQMLPKKIGGFEE48CC,新民段,28.98,都市：住,,,,00750000
RPPRMLPKKIGGFEE18CC,新庄段八小段,174.99,都市：住,,,,00320000
RPQRMLPKKIGGFEE28CC,新庄段八小段,58.33,都市：住,,,,00320000
RPUPMLPKKIGGFCE28CC,草衙段一小段,.00,都市：住,,,,01290000
RPORMLPKKIGGFDE97CC,建工段,.00,都市：住,,,,02820000
RPTQMLPKKIGGFDE38CC,灣子內段寶珠溝小段,28.59,都市：住,,,,06730000
RPXOMLPKKIGGFCE48CC,獅甲段,12.07,都市：其他:特定經貿核心專用區(特貿四),,,,04190004
RPSRMLPKKIGGFDE38CC,獅頭段一小段,115.70,都市：住,,,,14440001
RPWOMLPKKIGGFBE28CC,大統段二小段,.00,都市：商,,,,14290000
RPQPMLPKKIGGFBE77CC,新興段四小段,.00,都市：商,,,,07490000
RPPPMLPKKIGGFBE67CC,新興段四小段,.00,都市：商,,,,23180000
RPRPMLPKKIGGFBE87CC,林德官段,69.67,都市：商,,,,11980000
RPVNMLPKKIGGFAE97CC,興仁段,17.00,都市：商,,,,03120000
RPVNMLPKKIGGFAE97CC,興仁段,42.00,都市：商,,,,03130000
RPWNMLPKKIGGFAE08CC,東金段,.00,都市：住,,,,08070002
RPTRMLPKKIGGFDE48CC,獅頭段,84.11,都市：商,,,,26400000
RPOPMLPKKIGGFAE47CC,大榮段,.00,都市：商,,,,00430000
RPXOMLPKKIGGFBE38CC,新興段一小段,.00,都市：商,,,,04240000
RPRPMLPKKIGGFAE77CC,鹽壽段,.00,都市：商,,,,00050000
RPPNMLQKKIGGFAE47CC,龍中段,.00,都市：商,,,,01080000
RPWNMLQKKIGGFAE18CC,內惟段八小段,.00,都市：住,,,,04210000
RPRNMLQKKIGGFAE67CC,龍華段二小段,.00,都市：商,,,,15640000
RPOPMLQKKIGGFAE57CC,青海段,9.95,都市：住,,,,03670000
RPVNMLQKKIGGFAE08CC,內惟段八小段,.00,都市：住,,,,04210000
RPWNMLQKKIGGFBE28CC,新興段一小段,.00,都市：商,,,,13560000
RPSNMLQKKIGGFBE87CC,新興段四小段,.00,都市：商,,,,15110000
RPQPMLQKKIGGFAE77CC,前金段,.00,都市：商,,,,01000007
RPSPMLQKKIGGFBE08CC,五塊厝段,5.47,都市：商,,,,20370000
RPUPMLQKKIGGFBE28CC,過田子段,.00,都市：商,,,,07030003
RPPNMLQKKIGGFDE77CC,大港段二小段,38.56,都市：商,,,,17470000
RPRPMLQKKIGGFBE97CC,五塊厝段,15.05,都市：商,,,,21530000
RPSNMLQKKIGGFCE97CC,店鎮段一小段,.00,都市：商,,,,13300000
RPTNMLQKKIGGFDE18CC,大港段七小段,.00,都市：商,,,,04440006
RPVNMLQKKIGGFCE28CC,獅甲段二小段,.00,都市：住,,,,05570000
RPPNMLQKKIGGFEE87CC,新庄段十二小段,1566.00,都市：住,,,,11610000
RPSOMLQKKIGGFCE08CC,憲德段二小段,.00,都市：商,,,,00280003
RPWNMLQKKIGGFCE38CC,青島段一小段,.00,都市：住,,,,13180000
RPUPMLQKKIGGFCE38CC,獅甲段,22133.00,都市：其他:特倉三,,,,05180003
RPQNMLQKKIGGFEE97CC,清豐段,11.63,都市：住,,,,02270520
RPPOMLQKKIGGFGE18CC,竹子腳段,.00,都市：商,,,,02710009
RPQPMLQKKIGGFCE97CC,仁愛段,.00,都市：住,,,,05780000
RPTPMLQKKIGGFEE48CC,?後段,.00,都市：住,,,,01350003
RPUNMLQKKIGGFIE78CC,慈惠段,.00,都市：住,,,,10310000
RPRPMLQKKIGGFGE48CC,七老爺段一甲小段,114.00,都市：住,,,,14610002
RPQOMLQKKIGGFIE48CC,美德段,367.62,都市：工,,,,09880000
RPSOMLQKKIGGFGE48CC,竹子腳段,.00,都市：商,,,,02710009
RPWNMLQKKIGGFIE98CC,松埔段,.00,非都市：鄉村區 ; 非都市編定：乙種建築用地,,,,06450000
RPQNMLQKKIGGFGE28DC,新甲段,17.21,都市：住,,,,13230070
RPOPMLRKKIGGFFE18CC,後壁田段,19.49,都市：商,,,,00610000
RPWOMLRKKIGGFFE88CC,典寶段,165.30,非都市：特定農業區 ; 非都市編定：農牧用地,,,,09330000
RPQPMLRKKIGGFEE28CC,果貿段,19.33,都市：住,,,,00540000
RPVNMLRKKIGGFLE66CC,山子頂段,70.00,都市：工,,,,34580034
RPRNMLRKKIGGFEE18CC,福山段,.00,都市：商,,,,03490000
RPOQMLRKKIGGFEE18CC,新華段,12.40,都市：住,,,,00260000
RPXPMLRKKIGGFEE98CC,新夏段,9.41,都市：住,,,,00050000
RPSQMLRKKIGGFEE58CC,新庄段十三小段,8.67,都市：商,,,,14450000
RPQQMLRKKIGGFEE38CC,福山段,17.27,都市：商,,,,02910000
RPROMLRKKIGGFCE08CC,愛群段,15.68,都市：商,,,,29500003
RPOOMLRKKIGGFCE77CC,佛公段,.00,都市：住,,,,07500000
RPRQMLRKKIGGFEE48CC,後勁段四小段,5.29,都市：住,,,,00070000
RPUOMLRKKIGGFCE38CC,憲德段二小段,12.68,都市：商,,,,00260004
RPWOMLRKKIGGFCE58CC,瑞南段一小段,11.19,都市：住,,,,10020000
RPQNMLRKKIGGFDE97CC,大港段四小段,.00,都市：商,,,,33740001
RPXNMLRKKIGGFDE68CC,鼎泰段,4.56,都市：住,,,,14030001
RPSOMLRKKIGGFBE08CC,林德官段,9.08,都市：商,,,,15150000
RPROMLRKKIGGFDE18CC,三塊厝段四小段,26.20,都市：住,,,,22850003
RPVPMLRKKIGGFBE48CC,苓雅寮段,8.45,都市：住,,,,07370000
RPRPMLRKKIGGFDE28CC,大港段五小段,44.10,都市：住,,,,08190000
RPXOMLRKKIGGFAE48CC,文東段,16.16,都市：商,,,,08010000
RPPNMLSKKIGGFBE77CC,意誠段,20.15,都市：商,,,,02620000
RPWOMLRKKIGGFBE48CC,苓雅寮段,6.35,都市：商,,,,07120000
RPVOMLKLKIGGFBE77CC,意誠段,.00,都市：商,,,,01990000
RPRPMLKLKIGGFBE47CC,苓洲段,6.03,都市：商,,,,17920000
RPRQMLKLKIGGFBE57CC,成功段,.00,都市：商,,,,02990000
RPPOMLKLKIGGFBE17CC,意誠段,.00,都市：商,,,,01990000
RPSQMLKLKIGGFBE67CC,林德官段,.00,都市：商,,,,11400000
RPORMLKLKIGGFBE37CC,林德官段一小段,.00,都市：住,,,,19310000
RPVNMLKLKIGGFBE67CC,福裕段,23.59,都市：住,,,,14360000
RPQNMLKLKIGGFAE07CC,龍中段,33.92,都市：住,,,,01980000
RPTNMLKLKIGGFAE37CC,鼓南段一小段,10.53,都市：商,,,,03940000
RPUNMLKLKIGGFAE47CC,內惟段九小段,10.62,都市：住,,,,00220001
RPUNMLKLKIGGFAE47CC,內惟段九小段,10.62,都市：住,,,,00220002
RPVNMLKLKIGGFAE57CC,內惟段八小段,14.47,都市：住,,,,05600000
RPWPMLKLKIGGFAE87CC,大勇段,.00,都市：商,,,,06000000
RPROMLKLKIGGFAE27CC,龍華段一小段,844.00,都市：住,,,,08270000
RPWPMLKLKIGGFAE87CC,大勇段,.00,都市：商,,,,06070000
RPXOMLKLKIGGFDE18CC,中華段二小段,8.45,都市：商,,,,14030000
RPVPMLKLKIGGFAE77CC,北金段,15.57,都市：住,,,,03560000
RPQOMLKLKIGGFDE47CC,德北段,19.18,都市：住,,,,00190000
RPSNMLKLKIGGFDE57CC,德北段,12.04,都市：住,,,,00170000
RPSPMLKLKIGGFDE77CC,鼎盛段,16.67,都市：住,,,,00810000
RPQQMLKLKIGGFDE67CC,長明段,.00,都市：商,,,,05220000
RPVNMLKLKIGGFCE77CC,愛群段,19.22,都市：商,,,,24630000
RPWNMLKLKIGGFCE87CC,憲德段二小段,9.80,都市：商,,,,00260000
RPXNMLKLKIGGFCE97CC,獅甲段二小段,24.51,都市：住,,,,05890000
RPWPMLKLKIGGFEE28CC,新光段,.00,都市：住,,,,01830000
RPPOMLKLKIGGFCE27CC,大業段,22.57,都市：住,,,,00350000
RPPOMLKLKIGGFEE47CC,新庄段十三小段,7.95,都市：商,,,,14450000
RPXNMLKLKIGGFEE18CC,援中段一小段,.00,都市：住,,,,01960000
RPVQMLKLKIGGFEE28CC,新庄段八小段,27.14,都市：住,,,,01370000
RPWOMLKLKIGGFEE18CC,新庄段十三小段,6.70,都市：商,,,,14450000
RPXQMLKLKIGGFEE48CC,楠都段二小段,.00,都市：住,,,,09160000
RPWQMLKLKIGGFEE38CC,興隆段,.00,非都市： ; 非都市編定：,,,,08590000
RPVNMLKLKIGGFIE38CC,豐禾段,25.04,都市：住,,,,13850000
RPWNMLKLKIGGFIE48CC,豐禾段,75.10,都市：住,,,,13850000
RPTOMLKLKIGGFIE28CC,慈惠段,.00,都市：住,,,,10310000
RPOOMLKLKIGGFIE77CC,林邊段,165.28,都市：其他:道路用地,,,,03950000
RPQOMLKLKIGGFGE77CC,過埤段,132.23,都市：農,,,,02740001
RPOPMLKLKIGGFIE87CC,食坑段,231.00,非都市：山坡地保育區 ; 非都市編定：農牧用地,,,,05550000
RPROMLKLKIGGFGE87CC,鳳翔段,.00,都市：住,,,,02490000
RPVOMLKLKIGGFGE28CC,三甲段,.00,都市：住,,,,00620078
RPOPMLKLKIGGFGE67CC,五甲段,87.00,都市：住,,,,12730060
RPXNMLLLKIGGFLE98CC,永芳段,94.00,都市：住,,,,05260021
RPXNMLLLKIGGFLE98CC,永芳段,223.00,都市：住,,,,05260022
RPQOMLKLKIGGFFE67CC,岡山段,70.00,都市：商,,,,05360002
RPPOMLKLKIGGFLE18CC,山子頂段,1550.00,都市：農,,,,33150000
RPWNMLKLKIGGFFE18CC,後壁田段,19.40,都市：住,,,,02840000
RPXPMLLLKIGGFGE68CC,文山段,.00,都市：住,,,,03970000
RPQPMLLLKIGGFGE97CC,華鳳段,.00,都市：住,,,,01250000
RPSQMLLLKIGGFGE28CC,新庄子段,.00,都市：商,,,,00310000
RPPNMLLLKIGGFIE87CC,育才段,.00,都市：住,,,,02990000
RPQNMLLLKIGGFIE97CC,松埔段,5078.77,非都市：鄉村區 ; 非都市編定：乙種建築用地,,,,02470000
RPVOMLLLKIGGFIE58CC,育才段,.00,都市：住,,,,02560000
RPSNMLLLKIGGFEE77CC,和平段三小段,.00,都市：商,,,,00510000
RPXNMLLLKIGGFEE28CC,新庄段五小段,26.34,都市：住,,,,07250000
RPQOMLLLKIGGFEE67CC,興隆段,127.00,都市：住,,,,08710125
RPOPMLLLKIGGFEE57CC,新康段,.00,都市：住,,,,00060000
RPXNMLLLKIGGFCE08CC,光華段一小段,.00,都市：住,,,,16830000
RPOOMLLLKIGGFCE27CC,憲德段二小段,28.81,都市：商,,,,00160020
RPUPMLLLKIGGFCE97CC,港墘段,28.24,都市：住,,,,02440000
RPROMLKLKIGGFEE67CC,清楠段,.00,都市：住,,,,04790000
RPUPMLKLKIGGFEE08CC,新庄段十三小段,8.67,都市：商,,,,14450000
RPVPMLLLKIGGFCE08CC,店鎮段,26.17,都市：住,,,,03380000
RPVPMLLLKIGGFCE08CC,店鎮段,.44,都市：住,,,,03380002
RPTPMLLLKIGGFDE97CC,新都段,.00,都市：商,,,,01760000
RPQNMLLLKIGGFAE17CC,前金段,.00,都市：商,,,,05020000
RPUPMLLLKIGGFDE08CC,建安段,.00,都市：商,,,,04010000
RPRPMLLLKIGGFAE47CC,青海段,11.59,都市：住,,,,00650000
RPVPMLLLKIGGFAE87CC,龍華段七小段,18.07,都市：住,,,,10810000
RPROMLLLKIGGFBE47CC,林德官段,.00,都市：商,,,,13680000
RPPOMLLLKIGGFBE27CC,意誠段,.00,都市：商,,,,01990000
RPSOMLLLKIGGFBE57CC,新興段四小段,.00,都市：商,,,,16770000
RPSOMLLLKIGGFBE57CC,新興段四小段,.00,都市：商,,,,16780000
RPUNMLLLKIGGFBE67CC,新興段二小段,.00,都市：商,,,,08660000
RPWOMLLLKIGGFBE97CC,意誠段,.00,都市：商,,,,07760000
RPXOMLMLKIGGFBE18CC,意誠段,.00,都市：商,,,,07760000
RPQNMLMLKIGGFBE37CC,福裕段,.00,都市：住,,,,00900000
RPTOMLMLKIGGFBE77CC,新興段一小段,.00,都市：商,,,,05390000
RPWOMLMLKIGGFBE08CC,新興段四小段,.00,都市：商,,,,04080000
RPVOMLMLKIGGFBE97CC,意誠段,.00,都市：商,,,,01990000
RPPPMLMLKIGGFBE47CC,林德官段,.00,都市：商,,,,11480000
RPXNMLMLKIGGFAE97CC,前金段,.00,都市：商,,,,01290000
RPQOMLMLKIGGFAE37CC,青海段,.00,都市：商,,,,01450000
RPQNMLMLKIGGFAE27CC,青海段,.00,都市：住,,,,04910000
RPXOMLMLKIGGFAE08CC,鼓中段三小段,.00,都市：住,,,,03950000
RPUOMLMLKIGGFAE77CC,龍中段,.00,都市：商,,,,01120000
RPQOMLMLKIGGFDE67CC,灣中段,.00,都市：商,,,,01330000
RPSOMLMLKIGGFDE87CC,灣復段,62.67,都市：商,,,,03900000
RPROMLMLKIGGFDE77CC,大港段二小段,68.00,都市：住,,,,12680000
RPUNMLMLKIGGFCE87CC,獅甲段,.00,都市：商,,,,03300000
RPPPMLMLKIGGFDE67CC,鼎泰段,.00,都市：住,,,,14740082
RPUNMLMLKIGGFCE87CC,獅甲段,.00,都市：商,,,,03310000
RPSPMLMLKIGGFDE97CC,澄東段,21.02,都市：住,,,,00560000
RPSOMLMLKIGGFCE77CC,高松段,.00,都市：住,,,,01520010
RPWNMLMLKIGGFCE08CC,光華段,.00,都市：住,,,,03980000
RPTPMLMLKIGGFCE97CC,憲德段二小段,.00,都市：商,,,,00260000
RPPOMLMLKIGGFEE67CC,果貿段,.00,都市：住,,,,00120000
RPXOMLMLKIGGFCE28CC,獅甲段二小段,.00,都市：住,,,,05890000
RPTOMLMLKIGGFEE08CC,莒光段二小段,.00,都市：商,,,,03590002
RPTOMLMLKIGGFEE08CC,莒光段二小段,.00,都市：商,,,,03600002
RPTNMLMLKIGGFEE97CC,德昌段,.00,都市：住,,,,00190000
RPVNMLMLKIGGFEE18CC,福民段,.00,都市：住,,,,03780000
RPRQMLMLKIGGFEE08CC,和平段四小段,.00,都市：住,,,,00150000
RPQTMLMLKIGGFEE28CC,高昌段,.00,都市：住,,,,00930013
RPVPMLMLKIGGFEE38CC,芎蕉段,.00,都市：住,,,,02150003
RPWOMLMLKIGGFGE58CC,道爺?段,.00,都市：住,,,,10850058
RPSOMLNLKIGGFGE28CC,新甲段,24.00,都市：住,,,,12230006
RPPPMLMLKIGGFGE97CC,鳳山段縣口小段,62.00,都市：商,,,,00080003
RPQNMLNLKIGGFGE97CC,新甲段,136.00,都市：住,,,,11700000
RPTOMLNLKIGGFEE18CC,清楠段,.00,都市：商,,,,02260000
RPOOMLNLKIGGFGE87CC,竹子腳段,.00,都市：住,,,,01270055
RPWNMLNLKIGGFEE38CC,援中段一小段,.00,都市：住,,,,00900024
RPWNMLNLKIGGFEE38CC,援中段一小段,.00,都市：住,,,,00900008
RPVOMLNLKIGGFEE38CC,加昌段二小段,67.18,都市：商,,,,19290014
RPUQMLNLKIGGFEE48CC,藍昌段二小段,.00,都市：住,,,,07280000
RPUNMLNLKIGGFJE68CC,大湖段,127.05,都市：農,,,,22980008
RPTNMLNLKIGGFDE97CC,義民段,.00,都市：住,,,,10960000
RPWNMLNLKIGGFCE18CC,店鎮段一小段,.00,都市：商,,,,12210000
RPXOMLNLKIGGFDE48CC,澄義段,.00,都市：住,,,,00420000
RPTNMLNLKIGGFAE67CC,博孝段,.00,都市：商,,,,14030000
RPSPMLNLKIGGFDE08CC,三塊厝段,.00,都市：商,,,,13110000
RPSPMLNLKIGGFDE08CC,三塊厝段,.00,都市：商,,,,13120000
RPSPMLNLKIGGFDE08CC,三塊厝段,.00,都市：其他:道路用地,,,,13110001
RPSPMLNLKIGGFDE08CC,三塊厝段,.00,都市：商,,,,13110002
RPSPMLNLKIGGFDE08CC,三塊厝段,.00,都市：商,,,,13110003
RPSPMLNLKIGGFDE08CC,三塊厝段,.00,都市：其他:道路用地,,,,13120001
RPROMLNLKIGGFBE67CC,大統段二小段,.00,都市：商,,,,06180000
RPROMLNLKIGGFBE67CC,大統段二小段,.00,都市：商,,,,06210000
RPRPMLNLKIGGFBE77CC,林興段,80.00,都市：住,,,,10950000
RPVNMLOLKIGGFBE08CC,苓東段,24.86,都市：住,,,,01290000
RPTNMLOLKIGGFBE87CC,林聖段,.00,都市：住,,,,00820002
RPXNMLOLKIGGFBE28CC,新興段四小段,.00,都市：商,,,,16230000
RPWOMLOLKIGGFAE18CC,青海段,27.31,都市：住,,,,00850000
RPWNMLOLKIGGFBE18CC,苓洲段,4.42,都市：商,,,,05420000
RPTPMLOLKIGGFBE08CC,苓洲段,4.25,都市：商,,,,05420000
RPXOMLOLKIGGFAE28CC,文東段,5.91,都市：商,,,,10150000
RPQPMLOLKIGGFAE67CC,文東段,8.62,都市：商,,,,10150000
RPPPMLOLKIGGFAE57CC,前金段,7.84,都市：商,,,,00580016
RPQPMLOLKIGGFDE97CC,三塊厝段,68.00,都市：商,,,,12590016
RPUOMLOLKIGGFDE28CC,大港段四小段,15.98,都市：住,,,,27850000
RPUNMLOLKIGGFCE08CC,瑞隆段二小段,.00,都市：商,,,,06750000
RPUNMLOLKIGGFDE18CC,大豐段一小段,.00,都市：商,,,,03130001
RPTNMLOLKIGGFDE08CC,大港段六小段,.00,都市：商,,,,06410000
RPXNMLOLKIGGFCE38CC,愛群段,7.62,都市：商,,,,24590000
RPQOMLOLKIGGFCE77CC,獅甲段二小段,.00,都市：住,,,,05910000
RPVPMLMLKIGGFDE28CC,灣華段,.00,都市：住,,,,05280000
RPROMLOLKIGGFCE87CC,憲德段二小段,.00,都市：商,,,,00260000
RPUNMLOLKIGGFEE28CC,和平段四小段,.00,都市：住,,,,00320000
RPXOMLOLKIGGFCE48CC,愛群段,11.62,都市：商,,,,29500003
RPVNMLOLKIGGFEE38CC,福山段,.00,都市：商,,,,03210000
RPOPMLOLKIGGFCE67CC,憲德段二小段,.00,都市：商,,,,00260001
RPWNMLOLKIGGFEE48CC,藍田西段,83.00,都市：住,,,,03170010
RPQPMLOLKIGGFEE08CC,菜公段六小段,110.72,都市：住,,,,10060000
RPXNMLOLKIGGFEE58CC,福山段,1283.66,都市：住,,,,05650000
RPSPMLOLKIGGFEE28CC,新庄段十二小段,.00,都市：商,,,,12150000
RPOOMLOLKIGGFGE97CC,華鳳段,26.92,都市：住,,,,01590000
RPPPMLOLKIGGFEE97CC,新庄段十三小段,.00,都市：商,,,,15310000
RPPPMLOLKIGGFEE97CC,新庄段十三小段,.00,都市：商,,,,15330000
RPXNMLOLKIGGFGE78CC,赤山段,.00,都市：商,,,,07510000
RPTOMLOLKIGGFGE48CC,文山段,19.76,都市：住,,,,01460023
RPPOMLOLKIGGFGE08CC,竹子腳段,.00,都市：商,,,,02710009
RPXNMLOLKIGGFIE98CC,金鼎段,109.46,都市：住,,,,06150007
RPVNMLRLKIGGFAE28CC,內惟段四小段,.00,都市：住,,,,08030000
RPUNMLPLKIGGFLE09CC,大寮段芎蕉腳小段,25.02,都市：住,,,,22090000
RPPNMLPLKIGGFAE47CC,東金段,212.00,都市：商,,,,14450000
RPVOMLRLKIGGFBE48CC,過田子段,71.00,都市：商,,,,05860002
RPPNMLRLKIGGFCE87CC,宏明段,15.00,都市：住,,,,00580000
RPROMLRLKIGGFDE28CC,水源段,.00,都市：住,,,,03440000
RPTRMLRLKIGGFDE78CC,建豐段,.00,都市：住,,,,09610000
RPUQMLRLKIGGFDE78CC,三塊厝段一小段,.00,都市：商,,,,10880016
RPPSMLRLKIGGFDE48CC,大港段三小段,.00,都市：商,,,,07840001
RPTSMLRLKIGGFDE88CC,大港段六小段,.00,都市：商,,,,05620000
RPTSMLRLKIGGFDE88CC,大港段六小段,.00,都市：其他:道路用地,,,,05620003
RPUSMLRLKIGGFDE98CC,三塊厝段四小段,.00,都市：商,,,,17450000
RPOOMLRLKIGGFFE18CC,岡山段,52.00,都市：住,,,,05990052
RPVOMLRLKIGGFIE56CC,神農段,.00,都市：住,,,,00080000
RPWSMLRLKIGGFDE56CC,覆鼎金段覆鼎金一小段,.00,都市：住,,,,05980000
RPXOMLRLKIGGFIE76CC,興農段,98.00,都市：住,,,,00700000
RPXOMLRLKIGGFIE76CC,興農段,1092.00,都市：住,,,,00730000
RPVNMLRLKIGGFGE88CC,七老爺段一甲小段,.00,都市：住,,,,13740029
RPPNMLRLKIGGFGE28CC,竹子腳段,.00,都市：商,,,,02710009
RPQOMLRLKIGGFGE48CC,新庄子段,27.53,都市：住,,,,02430206
RPXNMLRLKIGGFGE09CC,新庄子段,.00,都市：住,,,,01710013
RPSOMLRLKIGGFGE68CC,文英段,.00,都市：住,,,,16920000
RPUOMLRLKIGGFGE88CC,新庄子段,.00,都市：住,,,,02230001
RPPRMLRLKIGGFEE48CC,菜公段七小段,.00,都市：住,,,,00010000
RPPOMLRLKIGGFEE18CC,新庄段十三小段,.00,都市：商,,,,15380000
RPPPMLSLKIGGFEE38CC,果貿段,.00,都市：住,,,,00020008
RPRQMLRLKIGGFEE58CC,福山段,84.03,都市：住,,,,05880000
RPROMLSLKIGGFEE48CC,藍田中段,78.58,都市：住,,,,02070002
RPWOMLSLKIGGFEE98CC,福山段,.00,都市：商,,,,04820001
RPWOMLSLKIGGFEE98CC,福山段,.00,都市：商,,,,04820000
RPWOMLSLKIGGFEE98CC,福山段,.00,都市：商,,,,04820002
RPRPMLSLKIGGFEE58CC,果貿段,.00,都市：住,,,,00120000
RPRQMLSLKIGGFEE68CC,福山段,268.40,都市：商,,,,03100001
RPRQMLSLKIGGFEE68CC,福山段,347.84,都市：商,,,,03110001
RPROMLSLKIGGFDE38CC,大豐段一小段,30.71,都市：商,,,,03200000
RPUNMLSLKIGGFGE88CC,三甲段,.00,都市：住,,,,00150000
RPXNMLSLKIGGFIE76CC,澄合段,.00,都市：住,,,,03060000
RPVPMLSLKIGGFDE88CC,大港段二小段,.00,都市：住,,,,17370006
RPXNMLSLKIGGFDE88CC,寶國段,2.14,都市：商,,,,04270000
RPSOMLSLKIGGFDE48CC,建民段,.00,都市：商,,,,01260000
RPXPMLSLKIGGFDE09CC,灣愛段,.00,都市：住,,,,02530000
RPPOMLSLKIGGFCE08CC,愛群段,59.34,都市：商,,,,17780000
RPRNMLSLKIGGFCE18CC,光華段一小段,4.16,都市：住,,,,20700000
RPRNMLSLKIGGFCE18CC,光華段一小段,3.69,都市：商,,,,20700031
RPRNMLSLKIGGFBE08CC,意誠段,12.99,都市：商,,,,01810000
RPQOMLSLKIGGFBE08CC,林興段,.00,都市：住,,,,08330002
RPOOMLSLKIGGFBE87CC,過田子段,.00,都市：商,,,,08350000
RPROMLSLKIGGFBE18CC,新興段一小段,.00,都市：商,,,,13370000
RPVNMLSLKIGGFBE48CC,新興段三小段,.00,都市：商,,,,08730000
RPWNMLSLKIGGFAE48CC,內惟段八小段,.00,都市：住,,,,05910000
RPTOMLTLKIGGFAE38CC,龍華段八小段,.00,都市：商,,,,22510000
RPSOMLSLKIGGFAE18CC,鹽壽段,.00,都市：商,,,,00050000
RPXOMLTLKIGGFAE78CC,前金段,.00,都市：住,,,,06860012
RPPOMLTLKIGGFAE97CC,文東段,12.00,都市：商,,,,16000000
RPWOMLTLKIGGFAE68CC,龍華段一小段,66.00,都市：住,,,,03370001
RPPOMLTLKIGGFAE97CC,文東段,8.00,都市：商,,,,16010000
RPPOMLTLKIGGFAE97CC,文東段,82.00,都市：商,,,,16020000
RPUNMLTLKIGGFBE48CC,苓雅寮段,23.99,都市：商,,,,04930000
RPRNMLTLKIGGFBE18CC,林德官段,.00,都市：商,,,,13280000
RPRNMLTLKIGGFBE18CC,林德官段,.00,都市：商,,,,13280025
RPRNMLTLKIGGFBE18CC,林德官段,.00,都市：其他:道路用地,,,,13280026
RPOOMLTLKIGGFBE97CC,成功段,.00,都市：商,,,,04400000
RPSOMLTLKIGGFBE38CC,意誠段,11.60,都市：商,,,,01850000
RPROMLTLKIGGFBE28CC,成功段,.00,都市：商,,,,02960000
RPTOMLTLKIGGFBE48CC,新興段四小段,5.52,都市：商,,,,12250000
RPXPMLTLKIGGFCE09CC,愛群段,16.18,都市：商,,,,24630000
RPTQMLTLKIGGFCE78CC,愛群段,5.94,都市：商,,,,24590000
RPSQMLTLKIGGFCE68CC,愛群段,4.34,都市：商,,,,24590000
RPSOMLTLKIGGFDE58CC,灣中段,.00,都市：商,,,,01400000
RPQNMLTLKIGGFDE28CC,三塊厝段,53.00,都市：住,,,,12450013
RPQNMLTLKIGGFDE28CC,三塊厝段,14.00,都市：其他:道路用地,,,,12450025
RPQOMLTLKIGGFDE38CC,長明段,.00,都市：商,,,,02690000
RPPNMLPLKIGGFDE87DC,大港段三小段,41.00,都市：商,,,,07620025
RPXOMLTLKIGGFDE09CC,建民段,.00,都市：商,,,,00470000
RPQPMLTLKIGGFDE48CC,建安段,4.75,都市：商,,,,04010000
RPUOMLTLKIGGFDE78CC,建安段,.00,都市：商,,,,00500000
RPWPMLTLKIGGFDE09CC,大順段,.00,都市：住,,,,04020008
RPXPMLTLKIGGFDE56CC,大順段,.00,都市：住,,,,04020008
RPVPMLTLKIGGFDE98CC,三塊厝段,4.56,都市：商,,,,11700000
RPOPMLTLKIGGFDE28CC,大港段七小段,.00,都市：商,,,,06660000
RPTPMLTLKIGGFDE78CC,中華段二小段,.00,都市：商,,,,14030000
RPSOMLTLKIGGFIE09CC,興農段,.00,都市：住,,,,07940010
RPRNMLTLKIGGFGE68CC,鳳山段草店尾小段,92.00,都市：商,,,,00630000
RPROMLTLKIGGFIE98CC,興農段,.00,都市：住,,,,07940006
RPTNMLTLKIGGFIE09CC,崎子?段,2049.58,都市：農,,,,15450000
RPOOMLTLKIGGFGE48CC,道爺?段,27.00,都市：住,,,,10850030
RPWNMLTLKIGGFEE98CC,福山段,111.22,都市：住,,,,05840012
RPROMLTLKIGGFEE58CC,福山段,.00,都市：住,,,,00010000
RPSQMLTLKIGGFEE88CC,楠梓段四小段,.00,都市：住,,,,04100000
RPVQMLTLKIGGFEE56CC,新光段,9.98,都市：住,,,,00440000
RPUPMLTLKIGGFEE98CC,新光段,.00,都市：商,,,,03630000
RPXNMLKMKIGGFLE98CC,翁公園段二小段,297.52,都市：農,,,,49020000
RPQQMLTLKIGGFEE68CC,德昌段,17.65,都市：住,,,,01600000
RPROMLTLKIGGFFE68CC,岡山段,68.00,都市：住,,,,00370016
RPWNMLKMKIGGFEE18CC,藍田中段,.00,都市：住,,,,03340000
RPPPMLKMKIGGFEE77DC,菜公段七小段,834.16,都市：住,,,,00160000
RPUOMLKMKIGGFEE08CC,新光段,20.74,都市：住,,,,01430000
RPQPMLKMKIGGFEE77CC,清豐段,7.28,都市：住,,,,02270520
RPUPMLKMKIGGFEE18CC,楠梓段三小段,.00,非都市： ; 非都市編定：,,,,06470001
RPUPMLKMKIGGFEE18CC,楠梓段三小段,.00,非都市： ; 非都市編定：,,,,06490000
RPUOMLKMKIGGFIE48CC,興農段,.00,都市：住,,,,07940010
RPSOMLKMKIGGFDE77CC,大港段,.00,都市：商,,,,35650000
RPXNMLKMKIGGFIE68CC,鳳松段,52.00,都市：商,,,,07080000
RPWOMLKMKIGGFIE68CC,興農段,.00,都市：住,,,,07940010
RPSOMLKMKIGGFGE08CC,鳳西段,8.00,都市：住,,,,00050002
RPWOMLKMKIGGFIE68CC,興農段,.00,都市：住,,,,07940011
RPSOMLKMKIGGFGE08CC,道爺?段下菜園小段,5.22,都市：住,,,,00180005
RPRNMLKMKIGGFDE57CC,獅頭段一小段,64.00,都市：住,,,,19940005
RPUOMLKMKIGGFDE97CC,大港段七小段,.00,都市：商,,,,04440006
RPVOMLKMKIGGFDE08CC,水源段,.00,都市：住,,,,06310000
RPWPMLKMKIGGFDE28CC,灣中段,6.18,都市：商,,,,00840001
RPRPMLKMKIGGFDE77CC,灣復段,62.67,都市：商,,,,03900000
RPXNMLKMKIGGFCE08CC,獅甲段二小段,27.92,都市：住,,,,05640000
RPXOMLKMKIGGFCE18CC,坪鳳段,21.86,都市：住,,,,05830000
RPTOMLKMKIGGFCE77CC,獅甲段,.97,都市：住,,,,03310000
RPTOMLKMKIGGFCE77CC,獅甲段,.31,都市：住,,,,03300000
RPVOMLKMKIGGFCE97CC,獅甲段,.97,都市：商,,,,03310000
RPVOMLKMKIGGFCE97CC,獅甲段,.31,都市：商,,,,03300000
RPQNMLKMKIGGFCE37CC,店鎮段,18.56,都市：住,,,,01690000
RPRPMLKMKIGGFCE67CC,獅甲段,1.94,都市：商,,,,03310000
RPPPMLKMKIGGFCE47CC,草衙段二小段,.00,非都市： ; 非都市編定：,,,,02090000
RPSNMLKMKIGGFBE47CC,意誠段,17.05,都市：商,,,,01460000
RPWPMLKMKIGGFCE18CC,光華段一小段,10.32,都市：住,,,,20690000
RPRPMLKMKIGGFBE57CC,正福段,36.94,都市：住,,,,03620000
RPOPMLKMKIGGFBE27CC,新興段四小段,.00,都市：商,,,,02130000
RPSPMLKMKIGGFBE67CC,正福段,36.94,都市：住,,,,03620000
RPWOMLKMKIGGFBE97CC,林德官段一小段,15.06,都市：商,,,,24370000
RPQQMLKMKIGGFBE57CC,五塊厝段,42.80,都市：商,,,,20980000
RPWNMLKMKIGGFAE77CC,龍中段,19.97,都市：商,,,,00360000
RPPQMLKMKIGGFBE47CC,苓東段,19.25,都市：商,,,,10180000
RPPQMLKMKIGGFBE47CC,苓東段,2.13,都市：商,,,,10130000
RPPQMLKMKIGGFBE47CC,苓東段,1.06,都市：其他:道路用地,,,,10130001
RPSNMLKMKIGGFAE37CC,青海段,.00,都市：住,,,,04400000
RPXNMLKMKIGGFAE87CC,龍華段八小段,14.75,都市：商,,,,23840000
RPQOMLKMKIGGFAE27CC,東金段,3.32,都市：商,,,,17660000
RPTOMLKMKIGGFAE57CC,龍華段八小段,6.83,都市：商,,,,22210000
RPPPMLKMKIGGFAE27CC,龍華段二小段,3.84,都市：商,,,,15680000
RPPNMLLMKIGGFAE17CC,龍中段,2446.52,都市：商,,,,01450000
RPUOMLKMKIGGFAE67CC,龍華段八小段,14.74,都市：商,,,,23840000
RPPNMLLMKIGGFBE27CC,林德官段一小段,103.00,都市：住,,,,26980000
RPOOMLNJJHHGFCE17CC,港和段一小段,23.74,都市：商,,,,01690000
RPPOMLNJJHHGFAE07CC,前金段,6.89,都市：住,,,,06820000
RPPOMLNJJHHGFAE07CC,北金段,4.03,都市：住,,,,00730000
RPPOMLNJJHHGFCE27CC,店子後段,17.76,都市：住,,,,11040000
RPOOMLNJJHHGFBE07CC,過田子段,.00,都市：商,,,,11360000
RPOPMLNJJHHGFCE27CC,愛群段,3.82,都市：商,,,,17770000
RPSOMLNJJHHGFCE57CC,愛群段,1.90,都市：商,,,,29350000
RPOOMLNJJHHGFDE27CC,三塊厝段二小段,12.67,都市：住,,,,14320001
RPOOMLNJJHHGFDE27CC,三塊厝段二小段,4.44,都市：住,,,,14320008
RPUOMLNJJHHGFDE87CC,澄清段一小段,66.00,都市：住,,,,02540003
RPQPMLNJJHHGFDE57CC,寶國段,.00,都市：商,,,,04270000
RPVPMLNJJHHGFDE08CC,覆鼎金段覆鼎金一小段,.00,都市：住,,,,06540000
RPPOMLNJJHHGFDE37CC,大港段三小段,120.00,都市：商,,,,08160011
RPVOMLNJJHHGFDE97CC,澄東段,22.89,都市：住,,,,00280000
RPPOMLNJJHHGFLE18CC,翁公園段,68.18,都市：商,,,,38080000
RPTOMLOJJHHGFLE68CC,會結南段,292.49,都市：農,,,,08060000
RPTOMLOJJHHGFLE68CC,會結南段,222.13,都市：農,,,,08060007
RPQOMLOJJHHGFLE38CC,大寮段,165.29,都市：農,,,,11420000
RPRNMLOJJHHGFGE87CC,華鳳段,14.67,都市：住,,,,01510000
RPQOMLOJJHHGFGE87CC,文山段,.00,都市：住,,,,03970000
RPPPMLOJJHHGFEE67CC,新光段,.00,都市：商,,,,03670000
RPSPMLOJJHHGFEE97CC,右昌段四小段,.00,都市：住,,,,05390000
RPWPMLOJJHHGFFE48CC,後壁田段,.00,都市：商,,,,00610000
RPPOMLOJJHHGFDE47CC,三塊厝段三小段,.00,都市：住,,,,37150000
RPPOMLOJJHHGFDE47CC,新都段,.00,都市：住,,,,00670000
RPOOMLOJJHHGFDE37CC,澄清段一小段,66.00,都市：住,,,,02540003
RPTOMLOJJHHGFDE87CC,建興段,.00,都市：商,,,,07630000
RPROMLOJJHHGFDE67CC,澄清段一小段,66.00,都市：住,,,,02540003
RPSPMLOJJHHGFDE87CC,灣中段,.00,都市：商,,,,00840001
RPUOMLOJJHHGFDE97CC,澄清段一小段,66.00,都市：住,,,,02540003
RPWNMLOJJHHGFCE97CC,愛群段,.00,都市：住,,,,13640000
RPTPMLOJJHHGFDE97CC,覆鼎金段覆鼎金小段,.00,都市：住,,,,16560000
RPWNMLOJJHHGFAE77CC,前金段,.00,都市：商,,,,01320004
RPUPMLOJJHHGFDE08CC,大港段二小段,119.00,都市：商,,,,10720000
RPWNMLOJJHHGFAE77CC,前金段,.00,都市：商,,,,01320048
RPWNMLOJJHHGFAE77CC,前金段,.00,都市：其他:道路用地,,,,01320072
RPPOMLOJJHHGFBE27CC,苓洲段,.00,都市：商,,,,18050000
RPUNMLOJJHHGFBE67CC,武聖段,34.49,都市：住,,,,01670000
RPROMLOJJHHGFBE47CC,過田子段,.00,都市：商,,,,10730001
RPSNMLOJJHHGFBE47CC,意誠段,.00,都市：商,,,,00470000
RPSOMLOJJHHGFBE57CC,意誠段,.00,都市：商,,,,01750000
RPVOMLOJJHHGFBE87CC,新興段三小段,.00,都市：商,,,,00200000
RPQNMLPJJHHGFAE27CC,龍中段,.00,都市：商,,,,00280001
RPWOMLOJJHHGFBE97CC,苓雅寮段,.00,都市：住,,,,06610000
RPSOMLPJJHHGFAE57CC,前峰段,.00,都市：住,,,,01820000
RPUPMLPJJHHGFBE97CC,正昌段,.00,都市：住,,,,08260000
RPUNMLPJJHHGFAE67CC,內惟段四小段,.00,都市：住,,,,08010000
RPVOMLPJJHHGFAE87CC,府北段五小段,.00,都市：商,,,,02210000
RPQNMLPJJHHGFCE47CC,獅甲段二小段,.00,都市：住,,,,05890000
RPQPMLPJJHHGFAE47CC,青海段,38.11,都市：商,,,,01520000
RPRNMLPJJHHGFCE57CC,大業段,45.00,都市：商,,,,08590000
RPUPMLPJJHHGFCE08CC,店鎮段二小段,9.16,都市：住,,,,29400000
RPRPMLPJJHHGFCE77CC,獅甲段二小段,.00,都市：住,,,,05890000
RPUNMLPJJHHGFEE08CC,新庄段十二小段,.00,都市：住,,,,12290000
RPSQMLPJJHHGFDE08CC,中華段一小段,.00,都市：商,,,,10460000
RPWNMLPJJHHGFEE28CC,莒光段二小段,.00,都市：住,,,,03600000
RPRQMLPJJHHGFEE08CC,新庄段七小段,.00,都市：住,,,,09110005
RPQPMLPJJHHGFEE87CC,新庄段十二小段,75.00,都市：住,,,,12280001
RPUQMLPJJHHGFDE28CC,鼎泰段,9.81,都市：住,,,,14740001
RPUQMLPJJHHGFEE38CC,新庄段十三小段,7.83,都市：商,,,,14570000
RPRNMLPJJHHGFGE97CC,赤山段,.00,都市：住,,,,05710082
RPRNMLPJJHHGFGE97CC,赤山段,.00,都市：住,,,,05710090
RPUPMLPJJHHGFGE48CC,新庄子段,92.00,都市：住,,,,02230006
RPVOMLPJJHHGFLE98CC,赤崁段潮州寮三小段,4600.00,都市：工,,,,69280000
RPPOMLPJJHHGFLE38CC,大寮段,1048.00,都市：農,,,,31610000
RPPOMLPJJHHGFLE38CC,大寮段,1290.00,都市：農,,,,31620000
RPPOMLPJJHHGFLE38CC,大寮段,497.00,都市：農,,,,31630000
RPQNMLPJJHHGFIE08CC,仁義段,79.52,非都市：鄉村區 ; 非都市編定：乙種建築用地,,,,11680000
RPQNMLPJJHHGFGE97DC,鳳青段,43.62,都市：住,,,,02080018
RPOOMLPJJHHGFLE48EC,赤崁段潮州寮三小段,1178.00,都市：工,,,,67990002
RPRNMLQJJHHGFHE18CC,新大林段,.00,非都市：山坡地保育區 ; 非都市編定：丙種建築用地,,,,04910000
RPUNMLQJJHHGFLE88CC,港子埔段,.00,都市：住,,,,19730002
RPTNMLQJJHHGFLE78CC,大寮段芎蕉腳小段,430.00,都市：農,,,,21360001
RPRNMLQJJHHGFFE97CC,後壁田段,.00,都市：住,,,,03550006
RPQOMLQJJHHGFFE97CC,大全段,.00,都市：住,,,,06170000
RPRNMLQJJHHGFIE28CC,竹園段,946.00,都市：農,,,,15630000
RPSNMLQJJHHGFIE38CC,竹園段,.00,都市：住,,,,08830027
RPXOMLQJJHHGFEE58CC,翠屏段一小段,.00,都市：住,,,,00330001
RPOPMLQJJHHGFGE97CC,五甲段,.00,都市：住,,,,04230000
RPWOMLQJJHHGFEE48CC,新庄段十二小段,.00,都市：住,,,,10270000
RPVNMLQJJHHGFGE48CC,園尾段,86.81,都市：住,,,,00470035
RPPNMLQJJHHGFEE67CC,援中段一小段,.00,都市：商,,,,01720000
RPVOMLQJJHHGFEE38CC,芎蕉段,.00,都市：商,,,,00180000
RPXPMLQJJHHGFEE68CC,新庄段十三小段,2.35,都市：商,,,,14290000
RPXPMLQJJHHGFEE68CC,新庄段十三小段,2.43,都市：商,,,,14290000
RPTQMLQJJHHGFEE38CC,翠屏段四小段,.00,都市：住,,,,00040000
RPWRMLQJJHHGFEE78CC,菜公段三小段,76.00,都市：住,,,,00480000
RPORMLQJJHHGFEE97CC,新庄段十三小段,.00,都市：住,,,,12870000
RPXOMLQJJHHGFDE48CC,大港段七小段,.00,都市：商,,,,04440006
RPXRMLQJJHHGFEE88CC,福山段,5.95,都市：商,,,,03210000
RPUOMLQJJHHGFDE18CC,澄清段二小段,.00,都市：住,,,,00540000
RPOQMLQJJHHGFDE77CC,大港段六小段,.00,都市：商,,,,06380001
RPXQMLQJJHHGFDE68CC,建德段,43.00,都市：商,,,,06120000
RPUQMLQJJHHGFDE38CC,中都段二小段,.00,都市：住,,,,02370000
RPQOMLQJJHHGFCE67CC,愛群段,.00,都市：商,,,,17770000
RPWQMLQJJHHGFDE58CC,三塊厝段一小段,.00,都市：商,,,,10850000
RPWOMLQJJHHGFCE28CC,大業段,.00,都市：住,,,,05980001
RPVOMLQJJHHGFCE18CC,鎮東段,.00,都市：住,,,,18450000
RPSNMLQJJHHGFAE57CC,青海段,.00,都市：商,,,,02090001
RPPNMLQJJHHGFAE27CC,鼓中段四小段,.00,都市：住,,,,08550000
RPTNMLQJJHHGFAE67CC,龍華段二小段,.00,都市：商,,,,06590003
RPTOMLQJJHHGFAE77CC,前峰段,.00,都市：住,,,,01820000
RPTPMLQJJHHGFAE87CC,博孝段,.00,都市：商,,,,12340000
RPTNMLQJJHHGFBE77CC,意誠段,.00,都市：商,,,,01990000
RPPPMLQJJHHGFAE47CC,內惟段九小段,68.38,都市：住,,,,00220007
RPVNMLQJJHHGFBE97CC,成功段,.00,都市：商,,,,04370000
RPQOMLQJJHHGFBE57CC,新興段四小段,.00,都市：商,,,,03900000
RPXNMLQJJHHGFBE18CC,成功段,.00,都市：商,,,,08520000
RPXNMLQJJHHGFBE18CC,成功段,.00,都市：住,,,,08520003
RPWOMLQJJHHGFBE18CC,意誠段,.00,都市：商,,,,01990000
RPVOMLQJJHHGFBE08CC,意誠段,.00,都市：商,,,,01990000
RPOOMLQJJHHGFBE37CC,林德官段,.00,都市：商,,,,12970000
RPXPMLQJJHHGFBE38CC,新興段一小段,.00,都市：商,,,,05200000
RPXPMLQJJHHGFBE38CC,新興段一小段,.00,都市：商,,,,05200001
RPRPMLQJJHHGFBE77CC,意誠段,56.00,都市：商,,,,03530000
RPOQMLQJJHHGFBE57CC,大統段二小段,.00,都市：商,,,,02600000
RPPQMLQJJHHGFBE67CC,大統段二小段,.00,都市：商,,,,02600000
RPSNMLRJJHHGFBE77CC,林德官段,9.44,都市：商,,,,41640000
RPTNMLRJJHHGFBE87CC,五塊厝段三小段,.00,都市：住,,,,26680003
RPOOMLRJJHHGFBE47CC,意誠段,9.26,都市：商,,,,01990000
RPPOMLRJJHHGFBE57CC,武聖段,.00,都市：住,,,,17970000
RPVOMLRJJHHGFBE18CC,苓東段,.00,都市：住,,,,02040000
RPXOMLRJJHHGFBE38CC,成功段,14.33,都市：商,,,,00590000
RPXNMLRJJHHGFBE28CC,大統段二小段,11.50,都市：商,,,,02560000
RPPPMLRJJHHGFBE67CC,新興段三小段,.00,都市：商,,,,00200000
RPPPMLRJJHHGFBE67CC,新興段三小段,.00,都市：商,,,,00220000
RPRPMLRJJHHGFBE87CC,五權段,.00,都市：商,,,,08060000
RPRPMLRJJHHGFBE87CC,五權段,.00,都市：住,,,,08060001
RPVNMLRJJHHGFAE97CC,龍華段八小段,.00,都市：商,,,,23070000
RPSNMLRJJHHGFAE67CC,龍華段八小段,.00,都市：商,,,,22390000
RPPOMLRJJHHGFAE47CC,龍華段八小段,.00,都市：商,,,,24210000
RPXNMLRJJHHGFAE18CC,青海段,13.71,都市：商,,,,02090001
RPUOMLRJJHHGFCE18CC,光華段一小段,.00,都市：住,,,,20220000
RPSOMLRJJHHGFAE77CC,前金段,6.98,都市：商,,,,00470000
RPOPMLRJJHHGFCE67CC,愛群段,.00,都市：住,,,,13640000
RPWOMLRJJHHGFCE38CC,憲德段一小段,.00,都市：住,,,,08040000
RPWOMLRJJHHGFCE38CC,憲德段一小段,.00,都市：商,,,,08040001
RPTNMLRJJHHGFDE08CC,金獅段,.00,都市：商,,,,01200000
RPVNMLRJJHHGFDE28CC,三塊厝段一小段,.00,都市：商,,,,10850001
RPWNMLRJJHHGFDE38CC,獅頭段,3.90,都市：商,,,,23190000
RPUNMLRJJHHGFDE18CC,灣華段,.00,都市：住,,,,09820000
RPXNMLRJJHHGFDE48CC,大港段七小段,.00,都市：商,,,,04230006
RPQOMLRJJHHGFDE87CC,澄東段,.00,都市：住,,,,00280000
RPSOMLRJJHHGFDE08CC,澄清段二小段,3.00,都市：住,,,,00290000
RPPPMLRJJHHGFDE87CC,大港段二小段,.00,都市：住,,,,14880005
RPSOMLRJJHHGFDE08CC,澄清段二小段,74.00,都市：住,,,,00330002
RPQPMLRJJHHGFEE08CC,新福段七小段,8.80,都市：住,,,,00040000
RPOQMLRJJHHGFEE97CC,新光段,.00,都市：商,,,,02450000
RPPRMLRJJHHGFEE18CC,新庄段十三小段,7.68,都市：商,,,,15090000
RPXQMLRJJHHGFEE88CC,和平段五小段,.00,都市：住,,,,02690000
RPPNMLRJJHHGFGE97CC,竹子腳段,.00,都市：商,,,,02710009
RPPQMLRJJHHGFEE08CC,新庄段十三小段,5.29,都市：商,,,,14940001
RPTNMLRJJHHGFGE38CC,文英段,.00,都市：住,,,,06380000
RPUNMLRJJHHGFGE48CC,道爺?段,.00,都市：住,,,,10930095
RPXOMLRJJHHGFGE88CC,竹子腳段,8.36,都市：商,,,,02710009
RPOPMLRJJHHGFGE08CC,竹子腳段,.00,都市：住,,,,02100064
RPUOMLRJJHHGFIE78CC,慈惠段,.00,都市：住,,,,10270000
RPROMLRJJHHGFIE48CC,保甲段,992.59,都市：農,,,,09390000
RPROMLRJJHHGFIE48CC,保甲段,1152.94,都市：農,,,,09420000
RPROMLRJJHHGFIE48CC,保甲段,1108.86,都市：農,,,,09430000
RPTNMLRJJHHGFFE28CC,梓信段,645.00,都市：其他:分區界線尚未分割,,,,00360000
RPROMLRJJHHGFIE48CC,保甲段,518.60,都市：農,,,,09460000
RPPQMLRJJHHGFGE28CC,赤山段,.00,都市：住,,,,03150002
RPROMLRJJHHGFIE48CC,保甲段,260.10,都市：農,,,,09470000
RPROMLRJJHHGFIE48CC,保甲段,1307.43,都市：農,,,,09480000
RPROMLRJJHHGFIE48CC,保甲段,508.77,都市：農,,,,09490000
RPROMLRJJHHGFIE48CC,保甲段,1575.97,都市：農,,,,09510000
RPROMLRJJHHGFIE48CC,保甲段,144.97,都市：住,,,,09560000
RPROMLRJJHHGFIE48CC,保甲段,67.48,都市：住,,,,09590000
RPVNMLRJJHHGFLE09CC,仁德段,.00,都市：住,,,,01550000
RPTPMLRJJHHGFFE48CC,後壁田段,.00,都市：住,,,,03550006
RPOOMLRJJHHGFLE48CC,後庄段,.00,都市：住,,,,12500000
RPOOMLRJJHHGFLE48CC,後庄段,.00,都市：住,,,,12580000
RPRNMLRJJHHGFLE68CC,山子頂段,.00,都市：住,,,,31680018
RPUNMLRJJHHGFJE78CC,阿蓮段,132.00,都市：住,,,,32220000
RPQNMLSJJHHGFIE38CC,豐禾段,133.00,都市：住,,,,04230000
RPVNMLKKJHHGFIE18CC,觀音湖段,419.83,都市：農,,,,12840013
RPRNMLKKJHHGFIE77CC,育才段,55.25,都市：住,,,,03160000
RPWNMLKKJHHGFIE28CC,鹽埕段,366.94,都市：農,,,,09620000
RPSOMLKKJHHGFGE77CC,鳳山段火房口小段,10.09,都市：商,,,,03120000
RPUNMLKKJHHGFIE08CC,松埔段,231.40,都市：農,,,,11550000
RPXNMLKKJHHGFIE38CC,仁新段,115.70,都市：農,,,,06270000
RPOPMLKKJHHGFEE27CC,新華段,17.95,都市：商,,,,00260000
RPWNMLKKJHHGFEE87CC,新庄段十三小段,15.28,都市：商,,,,14910000
RPRNMLKKJHHGFGE57CC,七老爺段一甲小段,72.00,都市：住,,,,12320007
RPPPMLKKJHHGFEE37CC,高昌段,11.88,都市：住,,,,01120000
RPQQMLKKJHHGFEE57CC,新博段,19.83,都市：住,,,,00030000
RPRNMLKKJHHGFDE27CC,水源段,21.35,都市：住,,,,02760000
RPRQMLKKJHHGFEE67CC,新庄段六小段,7.12,都市：住,,,,09530000
RPSNMLKKJHHGFDE37CC,三塊厝段三小段,25.85,都市：住,,,,37170000
RPURMLKKJHHGFEE08CC,楠梓段五小段,.00,都市：住,,,,12040002
RPWPMLKKJHHGFLE78CC,山頂段,.00,都市：住,,,,03550000
RPSNMLKKJHHGFJE97CC,三埤段,1256.20,非都市：一般農業區 ; 非都市編定：農牧用地,,,,02520000
RPXNMLKKJHHGFDE87CC,建興段,69.00,都市：商,,,,06950000
RPOOMLKKJHHGFDE07CC,建安段,5.04,都市：商,,,,04010000
RPVOMLKKJHHGFCE67CC,獅甲段,14.91,都市：其他:特貿四,,,,04190004
RPTPMLKKJHHGFCE57CC,瑞崗段一小段,.00,都市：住,,,,00030002
RPPPMLKKJHHGFCE17CC,愛群段,4.52,都市：商,,,,24590000
RPSPMLKKJHHGFCE47CC,愛群段,115.00,都市：商,,,,18720000
RPTNMLKKJHHGFAE17CC,龍華段一小段,17.71,都市：住,,,,07810000
RPOOMLKKJHHGFAE76CC,前金段,7.84,都市：商,,,,00580016
RPQPMLKKJHHGFAE07CC,前峰段,.00,都市：住,,,,01820000
RPSOMLKKJHHGFAE17CC,青海段,17.67,都市：住,,,,04940020
RPXPMLKKJHHGFAE77CC,青海段,63.08,都市：住,,,,06650000
RPWOMLKKJHHGFAE57CC,龍華段八小段,10.00,都市：商,,,,22110000
RPVNMLKKJHHGFBE47CC,大統段二小段,70.00,都市：商,,,,10240000
RPVNMLKKJHHGFBE47CC,大統段二小段,94.00,都市：商,,,,10250000
RPWPMLKKJHHGFBE77CC,成功段,14.62,都市：商,,,,02960000
RPXPMLKKJHHGFBE87CC,新興段二小段,.00,都市：商,,,,08660000
RPVPMLKKJHHGFBE67CC,新興段二小段,.00,都市：商,,,,03680000
RPWQMLKKJHHGFBE87CC,苓東段,.00,都市：商,,,,05930000
RPOQMLKKJHHGFBE07CC,苓雅寮段,5.97,都市：商,,,,07120000
RPVQMLKKJHHGFBE77CC,新興段四小段,110.00,都市：商,,,,23070000
RPRQMLKKJHHGFBE37CC,衛武段,26.66,都市：住,,,,05210000
RPVQMLKKJHHGFBE77CC,新興段四小段,21.00,都市：商,,,,23080000
RPSQMLKKJHHGFBE47CC,衛武段,53.33,都市：住,,,,05210000
RPXQMLKKJHHGFBE97CC,苓東段,.00,都市：商,,,,05930000
RPRNMLLKJHHGFBE17CC,衛武段,32.35,都市：住,,,,00240000
RPOOMLLKJHHGFBE96CC,五權段,23.71,都市：住,,,,03710000
RPRPMLLKJHHGFBE37CC,林德官段一小段,.00,都市：商,,,,25460000
RPVNMLLKJHHGFDE77CC,大豐段二小段,38.35,都市：住,,,,05150000
RPVNMLLKJHHGFDE77CC,大豐段二小段,2.26,都市：商,,,,05150001
RPPPMLLKJHHGFBE17CC,新興段三小段,.00,都市：商,,,,03110000
RPXPMLLKJHHGFBE97CC,大統段一小段,.00,都市：商,,,,00990000
RPSNMLLKJHHGFCE37CC,盛興段一小段,17.06,都市：商,,,,16850000
RPUPMLLKJHHGFBE67CC,林德官段,6.31,都市：商,,,,11870000
RPXOMLLKJHHGFDE08CC,澄東段,169.69,都市：住,,,,00770000
RPXNMLLKJHHGFDE97CC,中華段二小段,.00,都市：商,,,,14670000
RPTOMLLKJHHGFDE67CC,義民段,.00,都市：住,,,,06210000
RPUNMLLKJHHGFLE48CC,溪寮段,.00,都市：住,,,,04410000
RPXNMLLKJHHGFLE78CC,會社段,.00,都市：其他:市場用地,,,,05890000
RPUOMLLKJHHGFEE87CC,新庄段十三小段,.00,都市：商,,,,15310000
RPUOMLLKJHHGFEE87CC,新庄段十三小段,.00,都市：商,,,,15330000
RPUPMLLKJHHGFFE08CC,茄苳段,.00,非都市：鄉村區 ; 非都市編定：乙種建築用地,,,,08960000
RPVNMLLKJHHGFEE87CC,新庄段五小段,20.31,都市：住,,,,07170000
RPVNMLLKJHHGFEE87CC,新庄段五小段,.89,都市：住,,,,07170001
RPWOMLLKJHHGFEE08CC,藍田中段,.00,都市：住,,,,02390000
RPQNMLLKJHHGFGE57CC,七老爺段一甲小段,.00,都市：住,,,,14180061
RPPNMLLKJHHGFGE47CC,大貝湖段,22.95,都市：住,,,,00180000
RPWNMLLKJHHGFGE18CC,明頂段,79.81,都市：住,,,,00260021
RPVQMLLKJHHGFEE18CC,左北段,.00,都市：住,,,,09050000
RPXOMLLKJHHGFGE38CC,三甲段,.60,都市：住,,,,00600118
RPXOMLLKJHHGFGE38CC,三甲段,68.01,都市：住,,,,00600113
RPUPMLMKJHHGFEE08CC,清豐段,.00,都市：住,,,,02270520
RPPOMLMKJHHGFEE47CC,和平段二小段,.00,都市：住,,,,00210000
RPOQMLMKJHHGFEE57CC,新庄段三小段,.00,都市：商,,,,11840000
RPROMLMKJHHGFDE57CC,澄清段一小段,66.00,都市：住,,,,02540003
RPVQMLMKJHHGFEE28CC,新福段六小段,.00,都市：住,,,,00180000
RPXOMLMKJHHGFCE08CC,愛群段,.00,都市：商,,,,23940000
RPUOMLMKJHHGFDE87CC,鼎泰段,.00,都市：住,,,,14410000
RPXNMLMKJHHGFJE68CC,竹西段,.00,都市：住,,,,01950000
RPXNMLMKJHHGFBE87CC,新興段四小段,.00,都市：商,,,,11880000
RPOPMLMKJHHGFCE27CC,愛群段,.00,都市：住,,,,00800000
RPPOMLMKJHHGFBE17CC,五塊厝段,.00,都市：住,,,,15050001
RPQNMLMKJHHGFAE07CC,龍華段八小段,7.12,都市：商,,,,22100000
RPSNMLNKJHHGFAE37CC,青海段,.00,都市：住,,,,03680000
RPVNMLMKJHHGFAE57CC,龍華段八小段,15.18,都市：商,,,,23770000
RPUNMLNKJHHGFAE57CC,青海段,.00,都市：住,,,,06570000
RPXOMLNKJHHGFAE97CC,青海段,4.06,都市：商,,,,02090001
RPPPMLNKJHHGFAE27CC,龍華段八小段,54.12,都市：商,,,,22560000
RPROMLNKJHHGFAE37CC,龍華段八小段,4.76,都市：商,,,,22820000
RPQPMLNKJHHGFAE37CC,龍華段四小段,.00,都市：住,,,,06180000
RPRPMLNKJHHGFAE47CC,民生段,80.00,都市：商,,,,08570000
RPOOMLNKJHHGFBE17CC,新興段二小段,6.00,都市：商,,,,09660000
RPOOMLNKJHHGFBE17CC,新興段二小段,126.00,都市：商,,,,09670000
RPUOMLNKJHHGFBE77CC,過田子段,.00,都市：商,,,,10650000
RPPNMLNKJHHGFCE27CC,愛群段,.00,都市：住,,,,22000000
RPVOMLNKJHHGFBE87CC,正德段,.00,都市：住,,,,06250000
RPXOMLNKJHHGFBE08CC,林德官段,6.21,都市：商,,,,11870000
RPQPMLNKJHHGFBE47CC,苓洲段,4.25,都市：商,,,,05420000
RPRNMLNKJHHGFCE47CC,瑞隆段一小段,.00,都市：住,,,,07190000
RPTNMLNKJHHGFCE67CC,店鎮段,25.17,都市：住,,,,01690000
RPUOMLNKJHHGFCE87CC,愛群段,7.40,都市：商,,,,13840000
RPVOMLNKJHHGFCE97CC,盛興段,12.32,都市：住,,,,14920000
RPXOMLNKJHHGFCE18CC,?莊段,80.00,都市：住,,,,01560000
RPWOMLNKJHHGFCE08CC,瑞隆段一小段,.00,都市：商,,,,05260000
RPPNMLNKJHHGFDE37CC,鼎泰段,.00,都市：住,,,,13760000
RPVNMLNKJHHGFDE97CC,大港段七小段,3.54,都市：商,,,,06860001
RPXNMLNKJHHGFJE78CC,北嶺段,.00,非都市：特定農業區 ; 非都市編定：丁種建築用地,,,,00230000
RPXNMLNKJHHGFJE78CC,北嶺段,.00,非都市：特定農業區 ; 非都市編定：丁種建築用地,,,,00240000
RPTOMLNKJHHGFDE87CC,陽明段二小段,.00,都市：住,,,,00630000
RPUPMLNKJHHGFDE08CC,獅頭段,.00,都市：住,,,,27390000
RPUPMLNKJHHGFDE08CC,獅頭段,.00,都市：商,,,,27390001
RPRNMLNKJHHGFEE67CC,清豐段,.00,都市：住,,,,01940111
RPOOMLNKJHHGFFE57CC,大公段,.00,都市：商,,,,04770018
RPSNMLNKJHHGFEE77CC,和平東段,.00,都市：住,,,,00160000
RPTNMLNKJHHGFEE87CC,新庄段七小段,24.00,都市：住,,,,09790000
RPUNMLNKJHHGFEE97CC,新庄段二小段,.00,都市：住,,,,02050001
RPXOMLNKJHHGFEE38CC,福民段,.00,都市：住,,,,02590001
RPQPMLNKJHHGFEE77CC,福山段,15.14,都市：住,,,,02450000
RPQPMLNKJHHGFEE77CC,福山段,.02,都市：住,,,,02450001
RPQPMLNKJHHGFEE77CC,福山段,.03,都市：住,,,,02450002
RPPPMLNKJHHGFEE67CC,德昌段,14.25,都市：住,,,,00190000
RPSPMLNKJHHGFEE97CC,新博段,25.31,都市：住,,,,00080000
RPTNMLNKJHHGFGE08CC,維新段,87.21,都市：住,,,,11580003
RPVPMLNKJHHGFEE28CC,新庄段十三小段,7.95,都市：商,,,,14450000
RPWNMLNKJHHGFGE38CC,維新段,87.21,都市：住,,,,11580003
RPQNMLNKJHHGFIE97CC,澄德段,15.69,都市：其他:社區中心商業區,,,,00230000
RPRNMLNKJHHGFIE08CC,美山段,86.71,都市：住,,,,06860000
RPTNMLOKJHHGFIE38CC,豐禾段,116.64,都市：住,,,,04660000
RPWNMLNKJHHGFIE58CC,大安段,.00,都市：住,,,,05960000
RPPOMLOKJHHGFEE67CC,新光段,11.52,都市：商,,,,02450000
RPPQMLNKJHHGFGE97CC,維新段,.00,都市：住,,,,10830000
RPTNMLOKJHHGFGE18CC,新甲段,.00,都市：住,,,,11650000
RPWOMLOKJHHGFGE58CC,埤頂段,.00,都市：住,,,,12900002
RPQPMLOKJHHGFEE87CC,德昌段,.00,都市：住,,,,00470000
RPSOMLOKJHHGFDE87CC,大港段,23.02,都市：住,,,,34810002
RPXOMLOKJHHGFEE48CC,翠屏段一小段,12.76,都市：住,,,,00120000
RPOOMLOKJHHGFCE37CC,高松段,.00,都市：住,,,,01450002
RPXOMLOKJHHGFBE18CC,正言段,.00,都市：住,,,,01730000
RPPPMLOKJHHGFEE77CC,藍田西段,83.00,都市：住,,,,03170010
RPRQMLOKJHHGFBE77CC,過田子段,.00,都市：商,,,,11360000
RPQQMLOKJHHGFBE67CC,五塊厝段,16.51,都市：住,,,,19490000
RPSNMLOKJHHGFAE47CC,前峰段,.00,都市：住,,,,01800000
RPOOMLOKJHHGFAE17CC,龍中段,.00,都市：住,,,,00280001
RPSOMLOKJHHGFAE57CC,府北段五小段,.00,都市：商,,,,01460000
RPWNMLRKJHHGFBE28CC,新興段一小段,.00,都市：商,,,,10240000
RPXOMLOKJHHGFAE08CC,龍華段八小段,.00,都市：商,,,,21880000
RPXOMLOKJHHGFAE08CC,龍華段八小段,.00,都市：商,,,,21880003
RPXOMLOKJHHGFAE08CC,龍華段八小段,.00,都市：商,,,,21880004
RPXOMLOKJHHGFAE08CC,龍華段八小段,.00,都市：商,,,,21880005
RPXOMLOKJHHGFAE08CC,龍華段八小段,.00,都市：商,,,,21880006
RPXOMLOKJHHGFAE08CC,龍華段八小段,.00,都市：商,,,,21880007
RPXNMLRKJHHGFBE38CC,大統段一小段,59.00,都市：商,,,,03170000
RPWPMLRKJHHGFBE48CC,苓洲段,1.79,都市：商,,,,16260000
RPSOMLPKJHHGFBE77CC,意誠段,.00,都市：商,,,,01990000
RPQOMLRKJHHGFAE67CC,興福段,31.92,都市：住,,,,03210000
RPUQMLRKJHHGFBE38CC,正昌段,69.36,都市：住,,,,08210011
RPROMLRKJHHGFAE77CC,前金段,203.00,都市：商,,,,05110000
RPQNMLRKJHHGFAE57CC,興仁段,.00,都市：商,,,,00230000
RPROMLRKJHHGFAE77CC,前金段,200.00,都市：商,,,,05160000
RPQNMLRKJHHGFAE57CC,興仁段,.00,都市：商,,,,00240000
RPROMLRKJHHGFAE77CC,前金段,34.00,都市：其他:道路用地,,,,05160011
RPQNMLRKJHHGFAE57CC,興仁段,.00,都市：其他:道路用地,,,,00240001
RPROMLRKJHHGFAE77CC,前金段,23.00,都市：其他:道路用地,,,,05110013
RPTNMLRKJHHGFDE18CC,新都段,.00,都市：住,,,,00670000
RPTNMLRKJHHGFDE18CC,三塊厝段三小段,.00,都市：住,,,,37150000
RPXNMLRKJHHGFCE48CC,竹北段一小段,13.16,都市：住,,,,20960000
RPTPMLRKJHHGFDE38CC,建昌段,71.00,都市：住,,,,03860000
RPUOMLRKJHHGFDE38CC,大港段二小段,.00,都市：住,,,,14450007
RPOPMLRKJHHGFDE87CC,大港段二小段,.00,都市：住,,,,14450007
RPXOMLRKJHHGFDE68CC,獅頭段一小段,.00,都市：商,,,,16940000
RPPOMLRKJHHGFEE97CC,新庄段一小段,.00,都市：住,,,,07550000
RPUPMLRKJHHGFDE48CC,建昌段,71.00,都市：住,,,,03860000
RPSNMLRKJHHGFEE18CC,福山段,.00,都市：商,,,,04740000
RPQOMLRKJHHGFEE08CC,新庄段十三小段,.00,都市：住,,,,14770000
RPTOMLRKJHHGFEE38CC,新庄段十三小段,56.25,都市：商,,,,14450000
RPOQMLRKJHHGFEE08CC,新福段十小段,20.35,都市：住,,,,01520000
RPROMLSKJHHGFEE28CC,福山段,.00,都市：商,,,,03240000
RPTNMLRKJHHGFIE68CC,澄合段,26.03,都市：住,,,,01140000
RPWNMLSKJHHGFIE09CC,仁龍段,1553.71,非都市：一般農業區 ; 非都市編定：農牧用地,,,,02720000
RPWNMLRKJHHGFGE78CC,新甲段,32.20,都市：住,,,,12450182
RPRNMLRKJHHGFIE48CC,山水段,29.77,都市：商,,,,08120000
RPSNMLRKJHHGFGE38CC,埤頂段,45.19,都市：其他:第三之一種住宅區,,,,12430035
RPOOMLSKJHHGFGE18CC,鳳甲段,.00,都市：住,,,,00620002
RPUNMLSKJHHGFGE68CC,鳳山段草店尾小段,3.00,都市：商,,,,01890014
RPUNMLSKJHHGFGE68CC,鳳山段草店尾小段,66.00,都市：商,,,,01890007
RPOOMLSKJHHGFLE68CC,內厝段,97.00,都市：其他:保護區,,,,11020011
RPOOMLSKJHHGFLE68CC,內厝段,151.00,都市：其他:保護區,,,,11020015
RPPNMLSKJHHGFDE87CC,大裕段一小段,22.96,都市：住,,,,03340000
RPPQMLSKJHHGFEE28CC,藍田中段,100.85,都市：住,,,,03100006
RPSOMLSKJHHGFDE28CC,三塊厝段四小段,.00,都市：商,,,,30820000
RPVNMLSKJHHGFFE68CC,後壁田段,33.08,都市：住,,,,03090000
RPUNMLSKJHHGFDE38CC,建安段,.00,都市：商,,,,04710000
RPVOMLSKJHHGFDE58CC,大順段,.00,都市：住,,,,07290000
RPSOMLSKJHHGFCE18CC,盛興段,12.32,都市：住,,,,14920000
RPWOMLSKJHHGFDE68CC,大順段,.00,都市：住,,,,07290000
RPRNMLSKJHHGFDE08CC,大港段六小段,.00,都市：商,,,,06380001
RPRNMLSKJHHGFDE08CC,大港段六小段,.00,都市：其他:道路用地,,,,06380014
RPSNMLSKJHHGFAE87CC,文東段,.00,都市：商,,,,10870000
RPVNMLSKJHHGFBE28CC,新興段一小段,18.00,都市：商,,,,09660001
RPVNMLSKJHHGFBE28CC,新興段一小段,261.00,都市：商,,,,09660000
RPSPMLSKJHHGFBE18CC,大統段一小段,.00,都市：商,,,,01300003
RPSPMLSKJHHGFBE18CC,大統段一小段,.00,都市：其他:道路用地,,,,01300006
RPPOMLTKJHHGFBE87CC,大統段二小段,.00,都市：商,,,,10390000
RPUNMLSKJHHGFBE18CC,新興段四小段,129.19,都市：商,,,,06030000
RPWNMLSKJHHGFBE38CC,新興段一小段,3.44,都市：商,,,,13360000
RPWNMLSKJHHGFBE38CC,新興段一小段,2.29,都市：商,,,,13370000
RPQNMLTKJHHGFAE77CC,前峰段,.00,都市：住,,,,01720000
RPRPMLSKJHHGFBE08CC,五塊厝段,129.00,都市：住,,,,19380000
RPOOMLTKJHHGFCE87CC,瑞隆段三小段,.00,都市：住,,,,03420000
RPTNMLTKJHHGFCE28CC,中厝段,.00,都市：住,,,,06270000
RPOPMLTKJHHGFAE77CC,龍中段,.00,都市：住,,,,02080000
RPRPMLTKJHHGFCE28CC,獅甲段二小段,.00,都市：住,,,,05890000
RPXPMLTKJHHGFCE88CC,愛群段,.00,都市：商,,,,28730000
RPSNMLTKJHHGFDE28CC,水源段,.00,都市：住,,,,04810000
RPTPMLTKJHHGFCE48CC,獅甲段,.00,非都市： ; 非都市編定：,,,,04190004
RPVNMLTKJHHGFDE58CC,覆鼎金段覆鼎金一小段,.00,都市：住,,,,05980000
RPPOMLTKJHHGFFE28CC,岡山段,.00,都市：住,,,,04860000
RPRNMLTKJHHGFDE18CC,大港段四小段,.00,都市：商,,,,33480000
RPRNMLTKJHHGFEE28CC,新庄段十二小段,.00,都市：商,,,,12040000
RPSQMLTKJHHGFDE58CC,大順段,61.06,都市：商,,,,00900000
RPPQMLTKJHHGFDE28CC,大港段三小段,.00,都市：商,,,,07810000
RPUNMLTKJHHGFEE58CC,新庄段七小段,36.60,都市：住,,,,09790000
RPUOMLTKJHHGFEE68CC,新庄段十二小段,.00,都市：住,,,,10090000
RPWNMLTKJHHGFIE56CC,大?腿段,.00,都市：農,,,,17820000
RPWNMLTKJHHGFIE56CC,大?腿段,.00,都市：其他:河川區,,,,17820002
RPPPMLTKJHHGFEE28CC,援中段一小段,.00,都市：商,,,,01420001
RPWNMLKLJHHGFGE18CC,鳳青段,.00,都市：住,,,,00960001
RPUOMLKLJHHGFEE87CC,和平東段,11.80,都市：住,,,,00160000
RPSNMLKLJHHGFLE28CC,赤崁段潮州寮小段,297.52,都市：農,,,,63550004
RPXOMLKLJHHGFFE28CC,建樹段,33.91,都市：住,,,,03500001
RPXOMLKLJHHGFFE28CC,建樹段,2.16,都市：住,,,,03500002
RPWNMLKLJHHGFLE68CC,赤崁段潮州寮小段,297.52,都市：農,,,,63550004
RPQNMLKLJHHGFLE08CC,磚子?段,495.87,都市：農,,,,26890000
RPQNMLKLJHHGFDE27CC,三塊厝段四小段,91.00,都市：住,,,,15110000
RPUNMLKLJHHGFJE38DC,華山段,9384.31,非都市：一般農業區 ; 非都市編定：農牧用地,,,,11500000
RPUNMLKLJHHGFJE38DC,華山段,2701.52,非都市：一般農業區 ; 非都市編定：農牧用地,,,,11510000
RPPOMLKLJHHGFDE27CC,鼎祥段,17.21,都市：住,,,,00230000
RPUOMLKLJHHGFDE77CC,水源段,15.87,都市：住,,,,04810000
RPUOMLKLJHHGFDE77CC,水源段,3.22,都市：商,,,,05110001
RPWNMLKLJHHGFDE87CC,大港段一小段,59.00,都市：商,,,,00800354
RPPPMLKLJHHGFCE27CC,宏明段,16.44,都市：住,,,,01700000
RPTOMLKLJHHGFAE37CC,前金段,.00,都市：商,,,,00660000
RPOOMLKLJHHGFDE17CC,大港段四小段,77.00,都市：商,,,,31710000
RPPPMLKLJHHGFAE07CC,前峰段,70.00,都市：住,,,,03930000
RPWPMLKLJHHGFCE97CC,盛興段,12.21,都市：住,,,,14920000
RPRPMLKLJHHGFAE27CC,青海段,.00,都市：住,,,,05450000
RPWNMLKLJHHGFBE67CC,林德官段一小段,31.20,都市：住,,,,16860000
RPXOMLLLJHHGFBE97CC,成功段,17.07,都市：商,,,,05130000
RPVNMLKLJHHGFBE57CC,林德官段,74.00,都市：商,,,,11510027
RPPPMLLLJHHGFBE27CC,新興段二小段,.00,都市：商,,,,11470001
RPUPMLKLJHHGFAE57CC,龍華段三小段,.00,都市：工,,,,03280002
RPROMLKLJHHGFBE27CC,福河段,51.00,都市：其他:市場用地,,,,17170000
RPSOMLLLJHHGFAE37CC,青海段,.00,都市：住,,,,00650000
RPUNMLLLJHHGFAE47CC,青海段,.00,都市：住,,,,05350000
RPUOMLLLJHHGFAE57CC,龍中段,15.10,都市：商,,,,01480000
RPWOMLLLJHHGFAE77CC,博孝段,.00,都市：商,,,,13970000
RPRNMLLLJHHGFCE37CC,愛群段,10.19,都市：商,,,,29490000
RPUOMLLLJHHGFCE77CC,憲德段二小段,15.70,都市：住,,,,00280000
RPTOMLLLJHHGFCE67CC,憲德段一小段,.00,都市：商,,,,08050000
RPVOMLLLJHHGFCE87CC,桂林段,105.00,都市：住,,,,01870006
RPQNMLLLJHHGFCE27CC,愛群段,.00,都市：商,,,,15490000
RPRNMLLLJHHGFJE08CC,中路段,662.00,非都市：特定農業區 ; 非都市編定：農牧用地,,,,24230000
RPQOMLLLJHHGFDE47CC,鼎泰段,14.71,都市：住,,,,14570000
RPVNMLLLJHHGFEE97CC,藍昌段三小段,.00,都市：商,,,,04860000
RPUOMLLLJHHGFEE97CC,新福段十小段,84.55,都市：住,,,,00910002
RPPPMLLLJHHGFDE47CC,大港段二小段,.00,都市：商,,,,15100008
RPQPMLLLJHHGFEE67CC,左西段,1.00,都市：住,,,,11050000
RPQPMLLLJHHGFEE67CC,左西段,20.00,都市：住,,,,11170000
RPQPMLLLJHHGFEE67CC,左西段,11.00,都市：住,,,,11170002
RPQPMLLLJHHGFEE67CC,左西段,10.00,都市：住,,,,11050001
RPROMLLLJHHGFEE67CC,新民段,21.85,都市：住,,,,03520000
RPOPMLLLJHHGFEE47CC,新庄段八小段,14.87,都市：住,,,,00920000
RPTPMLLLJHHGFEE97CC,藍田東段,99.90,都市：住,,,,01680072
RPPPMLLLJHHGFEE57CC,和平段四小段,.00,都市：住,,,,01380001
RPTNMLLLJHHGFGE97CC,五甲段,.00,都市：住,,,,15680122
RPOQMLLLJHHGFGE77CC,華鳳段,26.30,都市：住,,,,00350000
RPPPMLLLJHHGFGE77CC,赤山段,47.00,都市：其他:第二之五種商業區,,,,07830000
RPPQMLLLJHHGFGE87CC,竹子腳段,.00,都市：住,,,,02940017
RPQNMLMLJHHGFIE97CC,大同段,692.76,都市：住,,,,07460003
RPSNMLMLJHHGFGE97CC,埤頂段,.00,都市：住,,,,14570005
RPSOMLLLJHHGFIE18CC,中里段,95.00,都市：住,,,,04710000
RPWNMLLLJHHGFIE48CC,慈惠段,1.65,都市：其他:電信專用區,,,,08770000
RPRNMLLLJHHGFIE97CC,仁德段,.00,都市：住,,,,00220012
RPWNMLMLJHHGFGE38CC,牛潮埔段,.00,都市：住,,,,02020002
RPOPMLMLJHHGFGE77CC,華鳳段,.00,都市：住,,,,01510000
RPVNMLMLJHHGFEE08CC,右昌段六小段,.00,都市：住,,,,17270000
RPXOMLMLJHHGFEE38CC,新庄段八小段,.00,都市：住,,,,00650000
RPTNMLMLJHHGFDE77CC,大港段,.00,都市：住,,,,34650000
RPROMLMLJHHGFGE97CC,竹子腳段,.00,都市：商,,,,02710009
RPPNMLMLJHHGFDE37CC,澄東段,21.02,都市：住,,,,00560000
RPQNMLMLJHHGFFE67CC,鳳雄段,397.00,非都市：一般農業區 ; 非都市編定：農牧用地,,,,02590000
RPOPMLMLJHHGFEE57CC,果貿段,.00,都市：住,,,,00170000
RPWNMLMLJHHGFDE08CC,中華段一小段,165.29,都市：工,,,,09290000
RPPNMLMLJHHGFCE27CC,中厝段,62.22,都市：其他:貨物轉運專用區,,,,09270000
RPPNMLMLJHHGFCE27CC,中厝段,119.60,都市：其他:貨物轉運專用區,,,,09280000
RPVNMLMLJHHGFAE67CC,博孝段,.00,都市：商,,,,12340000
RPQNMLMLJHHGFBE27CC,五塊厝段,.00,都市：商,,,,16570000
RPRNMLNLJHHGFAE37CC,龍華段八小段,.00,都市：商,,,,22830000
RPPNMLNLJHHGFBE27CC,苓中段,9.10,都市：商,,,,04310000
RPRNMLNLJHHGFBE47CC,苓東段,.00,都市：商,,,,09930000
RPPNMLNLJHHGFBE27CC,苓中段,9.12,都市：商,,,,04310003
RPPNMLNLJHHGFBE27CC,苓中段,.02,都市：商,,,,04310005
RPRNMLNLJHHGFBE47CC,苓東段,.00,都市：商,,,,09940000
RPXNMLMLJHHGFBE97CC,五塊厝段三小段,.00,都市：住,,,,26310000
RPTPMLMLJHHGFBE77CC,新興段四小段,.00,都市：商,,,,07490000
RPSNMLNLJHHGFAE47CC,龍華段八小段,.00,都市：商,,,,22830000
RPQNMLNLJHHGFCE47CC,獅甲段二小段,11.55,都市：住,,,,05570000
RPQNMLNLJHHGFCE47CC,獅甲段二小段,11.55,都市：住,,,,05570000
RPPNMLNLJHHGFCE37CC,獅甲段,.51,都市：商,,,,03300000
RPPNMLNLJHHGFCE37CC,獅甲段,1.62,都市：商,,,,03310000
RPUOMLOLJHHGFCE08CC,獅甲段,11.80,都市：其他:特貿四,,,,04190004
RPWPMLOLJHHGFCE38CC,盛興段,18.25,都市：住,,,,14920000
RPVOMLOLJHHGFCE18CC,憲德段,52.00,都市：住,,,,02650008
RPPNMLOLJHHGFDE57CC,灣內段,26.03,都市：工,,,,01420244
RPPNMLOLJHHGFDE57CC,灣內段,.81,都市：工,,,,01420404
RPPNMLOLJHHGFDE57CC,灣內段,.02,都市：工,,,,01420396
RPPNMLOLJHHGFDE57CC,灣內段,.69,都市：工,,,,01420387
RPPNMLOLJHHGFDE57CC,灣內段,72.71,都市：工,,,,01420265
RPTPMLOLJHHGFCE08CC,愛群段,.00,都市：商,,,,27800000
RPRNMLOLJHHGFDE77CC,鼎祥段,20.85,都市：住,,,,00230000
RPWNMLOLJHHGFDE28CC,大港段六小段,9.00,都市：商,,,,05640151
RPWNMLOLJHHGFDE28CC,大港段六小段,7.50,都市：商,,,,05640152
RPQNMLOLJHHGFDE67CC,三塊厝段二小段,8.05,都市：住,,,,14320001
RPQNMLOLJHHGFDE67CC,三塊厝段二小段,2.82,都市：住,,,,14320008
RPXNMLOLJHHGFDE38CC,大港段六小段,27.00,都市：商,,,,05640151
RPXNMLOLJHHGFDE38CC,大港段六小段,22.50,都市：商,,,,05640152
RPSNMLOLJHHGFDE87CC,獅頭段,21.38,都市：商,,,,22410009
RPPOMLOLJHHGFDE67CC,大港段,2.85,都市：商,,,,35650000
RPUNMLOLJHHGFAE77CC,龍中段,15.10,都市：商,,,,01480000
RPSNMLOLJHHGFAE57CC,前金段,5.16,都市：商,,,,00930004
RPRNMLOLJHHGFAE47CC,龍北段,14.58,都市：住,,,,00170000
RPQOMLOLJHHGFAE47CC,龍中段,19.97,都市：商,,,,00360000
RPTOMLOLJHHGFAE77CC,青海段,16.07,都市：住,,,,06430000
RPSOMLOLJHHGFAE67CC,東金段,3.49,都市：商,,,,08070002
RPXNMLOLJHHGFBE18CC,五塊厝段,23.30,都市：商,,,,17440000
RPVOMLOLJHHGFAE97CC,前金段,42.00,都市：商,,,,01130025
RPVOMLOLJHHGFAE97CC,前金段,5.00,都市：商,,,,01090001
RPVOMLOLJHHGFAE97CC,前金段,5.00,都市：商,,,,01090000
RPPQMLOLJHHGFFE08CC,甲圍段,15.00,非都市：鄉村區 ; 非都市編定：乙種建築用地,,,,12630000
RPOOMLOLJHHGFBE37CC,林聖段,.00,都市：住,,,,11990003
RPOOMLOLJHHGFBE37CC,林聖段,.00,都市：住,,,,11990004
RPUQMLOLJHHGFFE58CC,後壁田段,29.59,都市：住,,,,02840000
RPVPMLOLJHHGFFE58CC,後壁田段,22.00,都市：住,,,,02840000
RPQNMLOLJHHGFLE48CC,上寮北段,1983.47,都市：農,,,,00450000
RPTOMLOLJHHGFEE18CC,福山段,7.68,都市：商,,,,04760002
RPORMLOLJHHGFFE08CC,後壁田段,.00,都市：住,,,,03670000
RPSOMLOLJHHGFEE08CC,新福段二小段,10.50,都市：住,,,,00220000
RPRNMLOLJHHGFLE58CC,上寮北段,1983.47,都市：農,,,,00450000
RPRPMLOLJHHGFEE08CC,新民段,9.37,都市：商,,,,01690000
RPQPMLOLJHHGFEE97CC,新民段,.00,都市：住,,,,00610000
RPUPMLOLJHHGFEE38CC,新庄段十三小段,19.19,都市：住,,,,12870000
RPVOMLOLJHHGFEE38CC,翠屏段一小段,30.26,都市：住,,,,00130000
RPVNMLOLJHHGFIE68CC,嘉誠段,991.73,非都市：一般農業區 ; 非都市編定：農牧用地,,,,09600000
RPROMLPLJHHGFIE48CC,興農段,.00,都市：住,,,,07940010
RPWNMLPLJHHGFGE68CC,道爺?段,27.00,都市：其他:第三之一種住宅區,,,,10850043
RPWNMLOLJHHGFIE78CC,竹後段,56.00,都市：住,,,,02930000
RPUNMLPLJHHGFEE28CC,高昌段,56.19,都市：住,,,,00040000
RPROMLPLJHHGFGE28CC,五甲段,.00,都市：住,,,,02060042
RPOOMLPLJHHGFEE77CC,新光段,.00,都市：住,,,,02580000
RPUOMLPLJHHGFGE58CC,鳳西段,.00,都市：住,,,,00050002
RPROMLPLJHHGFEE08CC,和平段四小段,.00,都市：住,,,,00840000
RPUOMLPLJHHGFGE58CC,道爺?段下菜園小段,.00,都市：住,,,,00180005
RPQNMLPLJHHGFEE87CC,福民段,19.16,都市：住,,,,03700000
RPQPMLPLJHHGFEE08CC,和平東段,12.09,都市：住,,,,00160000
RPSPMLPLJHHGFEE28CC,楠梓段二小段,86.00,都市：住,,,,01130095
RPOPMLPLJHHGFEE87CC,果貿段,.00,都市：住,,,,00540000
RPPPMLPLJHHGFEE97CC,新庄段八小段,.00,都市：住,,,,01380000
RPTOMLPLJHHGFFE38CC,興龍段,.00,非都市：特定農業區 ; 非都市編定：甲種建築用地,,,,00040000
RPTNMLPLJHHGFLE88CC,翁公園段,68.00,都市：住,,,,38610014
RPUOMLPLJHHGFFE48CC,興龍段,.00,非都市：特定農業區 ; 非都市編定：甲種建築用地,,,,00040000
RPOPMLPLJHHGFFE97CC,興龍段,.00,非都市：特定農業區 ; 非都市編定：甲種建築用地,,,,00040000
RPVOMLPLJHHGFFE58CC,興龍段,.00,非都市：特定農業區 ; 非都市編定：甲種建築用地,,,,00040000
RPXNMLPLJHHGFLE66CC,內湖段,.00,都市：住,,,,08220000
RPPPMLPLJHHGFFE08CC,興龍段,.00,非都市：特定農業區 ; 非都市編定：甲種建築用地,,,,00040000
RPWOMLPLJHHGFFE68CC,德松段,60.00,都市：住,,,,09120014
RPWOMLPLJHHGFFE68CC,德松段,24.65,都市：住,,,,09120000
RPWOMLPLJHHGFFE68CC,德松段,.07,都市：住,,,,06840000
RPQPMLPLJHHGFFE18CC,富貴段,.00,都市：住,,,,03790000
RPRPMLPLJHHGFFE28CC,興龍段,.00,非都市：特定農業區 ; 非都市編定：甲種建築用地,,,,00040000
RPSPMLPLJHHGFFE38CC,興龍段,.00,非都市：特定農業區 ; 非都市編定：甲種建築用地,,,,00040000
RPVNMLPLJHHGFJE88CC,營前段,149.00,非都市：一般農業區 ; 非都市編定：農牧用地,,,,06620000
RPVPMLPLJHHGFFE68CC,大全段,66.20,都市：工,,,,00700000
RPVNMLPLJHHGFBE08CC,苓中段,.00,都市：商,,,,04310000
RPUNMLPLJHHGFBE97CC,苓雅寮段,.00,都市：住,,,,08820000
RPXNMLPLJHHGFBE28CC,新興段四小段,.00,都市：商,,,,11920000
RPQOMLPLJHHGFBE67CC,林德官段,.00,都市：商,,,,13440000
RPXNMLPLJHHGFJE09CC,正義段,.00,非都市：一般農業區 ; 非都市編定：甲種建築用地,,,,11750000
RPOOMLPLJHHGFBE47CC,新興段三小段,7.52,都市：商,,,,09410000
RPPOMLPLJHHGFBE57CC,新興段四小段,.00,都市：商,,,,13170000
RPROMLPLJHHGFBE77CC,新興段三小段,.00,都市：商,,,,09010000
RPXOMLPLJHHGFBE38CC,新興段四小段,.00,都市：商,,,,18230000
RPSOMLPLJHHGFBE87CC,林德官段,.00,都市：商,,,,11730010
RPPNMLPLJHHGFAE37CC,龍華段八小段,8.60,都市：商,,,,22290000
RPTOMLPLJHHGFBE97CC,新興段四小段,.00,都市：商,,,,11880000
RPWNMLPLJHHGFAE08CC,龍中段,.00,都市：商,,,,00910000
RPVOMLPLJHHGFBE18CC,成功段,.00,都市：商,,,,02960000
RPTNMLPLJHHGFAE77CC,青海段,.00,都市：住,,,,04190000
RPQOMLPLJHHGFAE57CC,龍中段,7.01,都市：商,,,,00110000
RPVNMLPLJHHGFAE97CC,龍華段二小段,.00,都市：住,,,,00220002
RPSOMLPLJHHGFAE77CC,龍華段一小段,.00,都市：住,,,,02300000
RPSOMLPLJHHGFAE77CC,龍華段一小段,.00,都市：住,,,,02350000
RPSOMLPLJHHGFAE77CC,龍華段一小段,.00,都市：住,,,,02360000
RPOOMLPLJHHGFCE57CC,草衙段二小段,.00,都市：商,,,,02090000
RPVOMLPLJHHGFDE38CC,水源段,.00,都市：住,,,,04810000
RPQOMLPLJHHGFDE87CC,灣中段,12.52,都市：商,,,,01210000
RPOOMLPLJHHGFDE67CC,陽明段二小段,13.34,都市：住,,,,00350022
RPWNMLQLJHHGFCE38CC,瑞隆段三小段,.00,都市：商,,,,15470000
RPTNMLQLJHHGFCE08CC,獅甲段二小段,.00,都市：住,,,,05890000
RPTOMLPLJHHGFCE08CC,仁愛段,.00,都市：住,,,,02390000
RPTOMLPLJHHGFCE08CC,仁愛段,.00,都市：住,,,,02400000
RPTOMLPLJHHGFCE08CC,仁愛段,.00,都市：住,,,,02410000
RPTOMLPLJHHGFCE08CC,仁愛段,.00,都市：住,,,,02420000
RPPOMLPLJHHGFCE67CC,獅甲段二小段,.00,都市：住,,,,05890000
RPUOMLQLJHHGFDE38CC,中華段二小段,.00,都市：住,,,,02380000
RPOOMLQLJHHGFCE67CC,光華段一小段,.00,都市：住,,,,20120000
RPVOMLQLJHHGFDE48CC,中華段二小段,.00,都市：商,,,,14030000
RPRSMLQLJHHGFDE48CC,大港段,.00,都市：住,,,,35460000
RPOOMLQLJHHGFAE47CC,龍水段一小段,.00,都市：住,,,,11380000
RPUOMLQLJHHGFAE08CC,府北段五小段,.00,都市：商,,,,01890000
RPOPMLQLJHHGFAE57CC,龍華段二小段,13.44,都市：商,,,,15680000
RPQNMLQLJHHGFBE67CC,林德官段,.00,都市：商,,,,14930000
RPWRMLQLJHHGFDE88CC,大港段六小段,.00,都市：商,,,,06380001
RPPPMLQLJHHGFAE67CC,龍北段,.00,都市：住,,,,00170000
RPUNMLQLJHHGFBE08CC,新興段一小段,.00,都市：商,,,,11100000
RPUNMLQLJHHGFBE08CC,新興段一小段,.00,都市：商,,,,11120000
RPPOMLQLJHHGFBE67CC,意誠段,.00,都市：商,,,,00930000
RPVTMLQLJHHGFDE98CC,灣復段,3.24,都市：商,,,,05520000
RPVTMLQLJHHGFDE98CC,灣復段,1.45,都市：商,,,,05530000
RPVOMLQLJHHGFBE28CC,新興段一小段,.00,都市：商,,,,05670000
RPSPMLQLJHHGFAE97CC,前金段,.00,都市：商,,,,00930004
RPTOMLQLJHHGFBE08CC,成功段,.00,都市：商,,,,02990000
RPSNMLQLJHHGFBE87CC,新興段一小段,.00,都市：商,,,,07360000
RPSPMLQLJHHGFBE08CC,新興段二小段,23.20,都市：商,,,,14390000
RPTPMLQLJHHGFBE18CC,林德官段,3.38,都市：商,,,,12940023
RPTPMLQLJHHGFAE18DC,青海段,13.32,都市：商,,,,02090000
RPOOMLQLJHHGFFE97CC,富貴段,83.00,都市：住,,,,06770010
RPQOMLQLJHHGFIE58DC,新後港西段,113.36,都市：住,,,,00690005
RPTNMLQLJHHGFFE38CC,後壁田段,48.92,都市：住,,,,03090000
RPWNMLQLJHHGFFE68CC,後壁田段,35.10,都市：住,,,,03090000
RPOOMLQLJHHGFLE58CC,大寮段,83.00,都市：農,,,,16610000
RPQPMLQLJHHGFFE28CC,中崙段,1433.12,都市：農,,,,02580000
RPTNMLQLJHHGFEE28CC,高昌段,.00,都市：住,,,,03830000
RPTNMLQLJHHGFEE28CC,高昌段,.00,都市：住,,,,03800000
RPTNMLQLJHHGFEE28CC,高昌段,.00,都市：住,,,,03870001
RPSOMLQLJHHGFEE28CC,新光段,.00,都市：住,,,,00440000
RPVNMLQLJHHGFEE48CC,新民段,.00,都市：商,,,,01740000
RPPOMLQLJHHGFLE68CC,大寮段芎蕉腳小段,620.00,都市：農,,,,21350001
RPOOMLQLJHHGFGE08CC,新庄子段,.00,都市：商,,,,00960001
RPSNMLQLJHHGFGE38CC,五甲段,.00,都市：住,,,,16050000
RPRPMLQLJHHGFGE48CC,牛潮埔段,898.00,都市：工,,,,13390000
RPRPMLQLJHHGFGE48CC,牛潮埔段,26.00,都市：工,,,,13370006
RPQOMLQLJHHGFEE08CC,清豐段,.00,都市：住,,,,02360000
RPTNMLQLJHHGFGE48CC,大貝湖段,29.64,都市：住,,,,01100000
RPOOMLQLJHHGFIE28CC,金鼎段,160.99,都市：住,,,,05690000
RPPOMLQLJHHGFIE38CC,金鼎段,1447.67,都市：住,,,,05770000
RPRNMLRLJHHGFIE58CC,保甲段,760.33,都市：農,,,,01300000
RPVPMLRLJHHGFGE98CC,鳳山段火房口小段,10.08,都市：商,,,,03120000
RPVNMLRLJHHGFIE98CC,大?腿段,319.00,都市：工,,,,14200001
RPVNMLRLJHHGFIE98CC,大?腿段,320.00,都市：工,,,,14200005
RPXNMLRLJHHGFIE56CC,善德段,2885.28,都市：農,,,,04910000
RPTPMLRLJHHGFEE58CC,新庄段十三小段,5.11,都市：商,,,,15380000
RPSPMLRLJHHGFEE48CC,新康段,14.68,都市：住,,,,00060000
RPSOMLRLJHHGFLE09CC,赤崁段潮州寮三小段,2006.00,都市：工,,,,66710022
RPUPMLRLJHHGFEE68CC,福山段,9.83,都市：商,,,,02910000
RPPOMLRLJHHGFFE18CC,興龍段,.00,非都市：特定農業區 ; 非都市編定：甲種建築用地,,,,00040000
RPWOMLRLJHHGFBE48CC,苓東段,18.70,都市：商,,,,01280000
RPSOMLRLJHHGFAE97CC,青海段,6.51,都市：住,,,,01010000
RPPNMLRLJHHGFCE77CC,盛興段,50.00,都市：住,,,,06920000
RPXNMLSLJHHGFCE68CC,愛群段,20.66,都市：商,,,,19490000
RPVOMLRLJHHGFDE58CC,灣中段,10.20,都市：商,,,,01360000
RPOOMLSLJHHGFCE87CC,竹北段一小段,12.80,都市：住,,,,20960000
RPPOMLSLJHHGFCE97CC,港墘段一小段,291.42,都市：住,,,,07470000
RPTOMLRLJHHGFDE38CC,澄清段二小段,.00,都市：住,,,,00550000
RPVOMLSLJHHGFCE58CC,愛群段,8.28,都市：商,,,,06500000
RPRNMLSLJHHGFDE18CC,大港段,.00,都市：住,,,,35520000
RPSNMLSLJHHGFDE28CC,澄清段二小段,.00,都市：住,,,,00060000
RPPOMLSLJHHGFDE08CC,覆鼎金段覆鼎金一小段,.00,都市：住,,,,06540000
RPQOMLSLJHHGFDE18CC,大豐段一小段,15.16,都市：住,,,,01080000
RPTOMLSLJHHGFDE48CC,大港段二小段,.00,都市：住,,,,13230003
RPVOMLSLJHHGFDE68CC,大順段,34.16,都市：住,,,,03320000
RPWNMLSLJHHGFDE68CC,陽明段四小段,.00,都市：住,,,,00900000
RPWNMLSLJHHGFAE38CC,內惟段二小段,.00,都市：商,,,,05660011
RPSNMLSLJHHGFAE97CC,東金段,.00,都市：商,,,,02730000
RPOOMLSLJHHGFAE67CC,青海段,8.00,都市：住,,,,01010000
RPSOMLSLJHHGFAE08CC,龍中段,22.79,都市：商,,,,00280001
RPVNMLSLJHHGFAE28CC,前金段,6.48,都市：商,,,,00930004
RPROMLSLJHHGFAE97CC,文東段,64.00,都市：商,,,,05610000
RPTOMLSLJHHGFAE18CC,龍中段,13.60,都市：商,,,,01100000
RPSNMLSLJHHGFEE38CC,福山段,9.19,都市：商,,,,04760002
RPPOMLSLJHHGFBE87CC,新興段三小段,.00,都市：商,,,,09410000
RPRNMLSLJHHGFBE97CC,苓洲段,.00,都市：商,,,,17920000
RPVNMLSLJHHGFEE68CC,藍田中段,.00,都市：住,,,,00670000
RPQNMLSLJHHGFLE88CC,山子頂段,.00,都市：住,,,,31860006
RPUOMLSLJHHGFEE68CC,興隆段,66.00,都市：商,,,,03240000
RPOPMLSLJHHGFEE18CC,果貿段,9.13,都市：住,,,,00060000
RPWNMLSLJHHGFGE98CC,過埤段,.00,都市：住,,,,07610000
RPWOMLSLJHHGFEE88CC,楠都段二小段,218.00,都市：住,,,,00800043
RPQNMLPJKHHGFCE57CC,店鎮段,19.57,都市：住,,,,01690000
RPPOMLSLJHHGFEE18CC,新庄段十三小段,.00,都市：商,,,,14940001
RPQNMLTLJHHGFBE97CC,衛武段,17.60,都市：商,,,,03750000
RPQNMLTLJHHGFBE97CC,衛武段,8.95,都市：住,,,,03750001
RPPNMLPJKHHGFGE87CC,頂新段,9.42,都市：其他:第二之五種商業區,,,,00380000
RPPNMLQJKHHGFGE97CC,文英段,23.01,都市：住,,,,17070000
RPPNMLPJKHHGFDE57CC,獅頭段,16.80,都市：商,,,,23300000
RPXQMLRJKHHGFEE98CC,新庄段十三小段,6.70,都市：商,,,,14450000
RPPNMLRJKHHGFGE08CC,鳳山段草店尾小段,10.71,都市：商,,,,02330027
RPVRMLRJKHHGFEE88CC,新庄段七小段,32.73,都市：住,,,,06380000
RPXNMLRJKHHGFGE88CC,大貝湖段,609.85,都市：住,,,,01510004
RPTOMLRJKHHGFIE78CC,金鼎段,384.75,都市：住,,,,06430000
RPXNMLRJKHHGFLE76CC,赤崁段潮州寮二小段,346.00,都市：農,,,,30400000
RPXNMLRJKHHGFLE76CC,赤崁段潮州寮二小段,416.00,都市：農,,,,30400001
RPSOMLRJKHHGFCE08CC,瑞隆段二小段,.00,都市：商,,,,06750000
RPQRMLRJKHHGFEE38CC,新福段六小段,22.14,都市：住,,,,00180000
RPRRMLRJKHHGFEE48CC,新光段,11.30,都市：商,,,,03560000
RPSPMLRJKHHGFBE08CC,成功段,9.02,都市：商,,,,02990000
RPPPMLRJKHHGFAE67CC,龍中段,13.75,都市：商,,,,00630000
RPTOMLRJKHHGFFE48CC,岡山段,34.47,都市：住,,,,04620000
RPVNMLSJKHHGFAE18CC,龍北段,9.50,都市：住,,,,00190000
RPRPMLRJKHHGFAE87CC,青海段,11.47,都市：住,,,,04910000
RPPPMLSJKHHGFAE77CC,龍華段八小段,.00,都市：商,,,,21920000
RPTOMLRJKHHGFCE18CC,?莊段,13.08,都市：商,,,,07240000
RPUPMLRJKHHGFAE18CC,前金段,7.94,都市：商,,,,00580016
RPXPMLSJKHHGFAE58CC,青海段,.00,都市：住,,,,06600000
RPTPMLSJKHHGFBE28CC,林興段,75.00,都市：住,,,,04270000
RPXOMLSJKHHGFBE58CC,大統段二小段,.00,都市：商,,,,07370000
RPRQMLSJKHHGFCE28CC,獅甲段,.00,都市：住,,,,00530000
RPRNMLSJKHHGFDE08CC,三塊厝段四小段,14.12,都市：商,,,,25850000
RPSPMLSJKHHGFDE38CC,灣和段,9.71,都市：住,,,,00200000
RPTPMLSJKHHGFDE48CC,建興段,.00,都市：商,,,,03360000
RPUOMLSJKHHGFDE48CC,灣和段,.00,都市：住,,,,00610000
RPRPMLSJKHHGFDE28CC,陽明段二小段,.00,都市：住,,,,00370000
RPROMLSJKHHGFEE28CC,福民段,.00,都市：住,,,,00010000
RPUPMLSJKHHGFDE58CC,大港段七小段,.00,都市：商,,,,04440006
RPXOMLSJKHHGFFE98CC,保興段,80.00,非都市：一般農業區 ; 非都市編定：丁種建築用地,,,,04020000
RPRPMLSJKHHGFEE38CC,新民段,8.52,都市：住,,,,00990000
RPPPMLSJKHHGFIE58CC,灣勢段,1847.58,都市：農,,,,00950000
RPVNMLTJKHHGFIE09CC,仁新段,396.69,都市：農,,,,06280002
RPTQMLTJKHHGFGE98CC,華鳳段,.00,都市：住,,,,00800000
RPQQMLSJKHHGFGE58CC,文山段,.00,都市：住,,,,01460023
RPUNMLTJKHHGFEE58CC,新庄段五小段,77.00,都市：住,,,,03370000
RPWPMLTJKHHGFGE56CC,頂新段,.00,都市：商,,,,00380000
RPOOMLTJKHHGFEE08CC,和平段五小段,.00,都市：住,,,,02690000
RPRPMLTJKHHGFEE48CC,新庄段八小段,.00,都市：住,,,,01000000
RPWNMLTJKHHGFIE56CC,興農段一小段,.00,都市：住,,,,05970001
RPQOMLTJKHHGFEE28CC,莒光段二小段,.00,都市：商,,,,00090000
RPUOMLTJKHHGFFE78CC,後壁田段,.00,都市：住,,,,00960000
RPSQMLTJKHHGFEE68CC,新庄段十二小段,937.00,都市：住,,,,11030000
RPWQMLTJKHHGFEE09CC,果貿段,11.76,都市：住,,,,02150011
RPXNMLTJKHHGFLE96CC,大寮段芎蕉腳小段,1785.12,都市：農,,,,19050000
RPQOMLTJKHHGFDE18CC,大港段四小段,.00,都市：住,,,,20720001
RPROMLTJKHHGFLE09CC,赤崁段潮州寮小段,297.52,都市：農,,,,63550004
RPROMLTJKHHGFDE28CC,獅頭段一小段,.00,都市：商,,,,18100000
RPVOMLTJKHHGFDE68CC,大港段七小段,.00,都市：商,,,,04440006
RPTOMLTJKHHGFDE48CC,灣復段,.00,都市：商,,,,03890000
RPWOMLTJKHHGFDE78CC,有光段,.00,都市：住,,,,04040000
RPUOMLTJKHHGFDE58CC,覆鼎金段覆鼎金小段,.00,都市：住,,,,10110002
RPPPMLTJKHHGFDE18CC,建昌段,.00,都市：商,,,,04480000
RPPPMLTJKHHGFDE18CC,建昌段,.00,都市：住,,,,04480001
RPWPMLTJKHHGFDE88CC,德北段,12.57,都市：住,,,,00190000
RPQOMLTJKHHGFCE08CC,店鎮段二小段,59.00,都市：住,,,,29660001
RPWNMLTJKHHGFBE48CC,福東段,.00,都市：商,,,,05200000
RPWNMLTJKHHGFBE48CC,福東段,.00,都市：住,,,,05200001
RPSOMLTJKHHGFCE28CC,港和段一小段,.00,都市：商,,,,01580000
RPWPMLTJKHHGFBE68CC,苓雅寮段,6.35,都市：商,,,,07120000
RPSOMLTJKHHGFAE08CC,大智段,.00,都市：商,,,,02400000
RPXPMLTJKHHGFBE78CC,成功段,17.77,都市：商,,,,05130000
RPPPMLTJKHHGFAE87CC,龍中段,19.76,都市：商,,,,01490000
RPXNMLTJKHHGFBE58CC,過田子段,.00,都市：商,,,,11360000
RPPQMLTJKHHGFAE97CC,鹽壽段,.00,都市：商,,,,00050000
RPQNMLKKKHHGFAE96CC,前峰段,.00,都市：住,,,,01610000
RPUNMLKKKHHGFAE37CC,前金段,.00,都市：商,,,,00930004
RPQOMLKKKHHGFAE07CC,前金段,.00,都市：商,,,,05020000
RPSQMLTJKHHGFAE28CC,文東段,1.85,都市：商,,,,03610000
RPUQMLTJKHHGFAE48CC,龍北段,7.91,都市：住,,,,00190000
RPWNMLKKKHHGFAE57CC,龍華段八小段,.00,都市：商,,,,22560000
RPSOMLKKKHHGFAE27CC,前金段,.00,都市：商,,,,05020000
RPXOMLKKKHHGFAE77CC,前金段,7.66,都市：商,,,,00930004
RPPPMLKKKHHGFAE07CC,龍華段八小段,17.20,都市：商,,,,22020000
RPVNMLKKKHHGFAE47CC,鹽中段,4.00,都市：其他:道路用地,,,,08890000
RPVNMLKKKHHGFAE47CC,鹽中段,100.00,都市：商,,,,08910000
RPVNMLKKKHHGFAE47CC,鹽中段,17.00,都市：商,,,,08900000
RPSNMLKKKHHGFCE37CC,瑞隆段三小段,.00,都市：住,,,,11950000
RPSOMLKKKHHGFCE47CC,憲德段一小段,6.87,都市：商,,,,08200001
RPVOMLKKKHHGFBE67CC,過田子段,.00,都市：商,,,,09190005
RPWOMLKKKHHGFCE87CC,盛興段,12.32,都市：住,,,,14920000
RPPNMLKKKHHGFDE17CC,覆鼎金段覆鼎金小段,.00,都市：住,,,,11830000
RPTNMLKKKHHGFDE57CC,覆鼎金段覆鼎金小段,.00,都市：住,,,,11830000
RPRNMLKKKHHGFDE37CC,義民段,.00,都市：住,,,,06210000
RPVNMLKKKHHGFDE77CC,灣復段,.00,都市：商,,,,07620000
RPXNMLKKKHHGFDE97CC,三塊厝段,.00,都市：住,,,,12290010
RPXNMLKKKHHGFDE97CC,三塊厝段,.00,都市：其他:道路用地,,,,12290019
RPVOMLKKKHHGFCE77CC,憲德段二小段,.00,都市：商,,,,00260000
RPPOMLKKKHHGFDE27CC,三塊厝段三小段,.00,都市：住,,,,36770000
RPOOMLKKKHHGFFE37CC,仕興段,.00,都市：住,,,,10580000
RPROMLKKKHHGFDE47CC,大港段,.00,都市：住,,,,34080000
RPOPMLKKKHHGFLE08CC,大寮段,383.47,都市：農,,,,22860000
RPUNMLKKKHHGFEE77CC,藍田中段,.00,都市：住,,,,03470000
RPOQMLKKKHHGFEE47CC,新光段,.00,都市：商,,,,02430000
RPRPMLKKKHHGFGE87CC,埤頂段,.00,都市：住,,,,12430035
RPOPMLKKKHHGFEE37CC,新光段,.00,都市：商,,,,03610000
RPPOMLKKKHHGFIE77CC,善德段,61.82,都市：住,,,,08910000
RPTPMLKKKHHGFGE08CC,文英段,.00,都市：住,,,,16920000
RPTQMLLKKHHGFGE28CC,過埤段,180.76,都市：住,,,,07610001
RPVNMLLKKHHGFIE38CC,興農段,104.00,都市：其他:分區界線尚未分割,,,,10800001
RPVNMLLKKHHGFIE38CC,興農段,73.00,都市：其他:分區界線尚未分割,,,,10820000
RPVNMLLKKHHGFIE38CC,興農段,69.00,都市：其他:分區界線尚未分割,,,,10830000
RPPTMLKKKHHGFGE08CC,道爺?段,.00,都市：住,,,,07660076
RPUNMLLKKHHGFEE87CC,新庄段八小段,27.14,都市：住,,,,01370000
RPRTMLKKKHHGFGE28CC,新庄子段,5.48,都市：住,,,,02160005
RPVNMLLKKHHGFEE97CC,加昌段,9.16,都市：住,,,,06930000
RPQNMLLKKHHGFFE57CC,內庄段,165.30,都市：其他:分區界線尚未分割,,,,01060000
RPVNMLLKKHHGFEE97CC,加昌段,10.10,都市：住,,,,06940000
RPQPMLLKKHHGFEE67CC,新庄段十二小段,.00,都市：住,,,,09100000
RPVNMLLKKHHGFBE77DC,意誠段,48.00,都市：商,,,,03290000
RPVNMLLKKHHGFBE77DC,意誠段,7.00,都市：商,,,,03290001
RPVNMLLKKHHGFBE77DC,意誠段,26.00,都市：商,,,,03440000
RPPNMLLKKHHGFDE27CC,新都段,2.66,都市：住,,,,00670000
RPQNMLLKKHHGFDE37CC,三塊厝段一小段,.00,都市：商,,,,10850001
RPXNMLLKKHHGFIE58CC,保甲段,231.40,都市：農,,,,11960000
RPPOMLLKKHHGFDE37CC,德北段,10.22,都市：住,,,,00170000
RPWOMLLKKHHGFCE97CC,愛群段,41.00,都市：商,,,,07830000
RPQPMLLKKHHGFDE57CC,河濱段,4.67,都市：商,,,,05410000
RPXPMLLKKHHGFDE28CC,獅頭段一小段,421.00,都市：住,,,,20210000
RPXPMLLKKHHGFDE28CC,獅頭段一小段,577.00,都市：住,,,,20210001
RPXPMLLKKHHGFDE28CC,獅頭段一小段,4.00,都市：住,,,,20210002
RPQPMLLKKHHGFAE27CC,文東段,11.90,都市：商,,,,08010000
RPRNMLMKKHHGFBE37CC,正憲段,37.72,都市：住,,,,04720000
RPRNMLMKKHHGFCE47CC,瑞崗段一小段,71.00,都市：商,,,,03220041
RPPNMLMKKHHGFEE47CC,新民段,119.56,都市：住,,,,03850014
RPWOMLLKKHHGFDE08CC,大港段四小段,.00,都市：住,,,,21170000
RPWOMLLKKHHGFDE08CC,大港段四小段,.00,都市：住,,,,21150000
RPRPMLLKKHHGFAE37CC,前金段,2.07,都市：商,,,,01080005
RPWOMLOKKHHGFEE48CC,新民段,8.84,都市：住,,,,00060000
RPPPMLOKKHHGFEE87CC,新庄段四小段,.00,都市：住,,,,02660001
RPSPMLOKKHHGFEE18CC,新庄段六小段,46.00,都市：住,,,,06860023
RPSPMLOKKHHGFEE18CC,新庄段六小段,7.50,都市：住,,,,06860008
RPOQMLOKKHHGFEE87CC,德昌段,.00,都市：住,,,,01600000
RPSOMLOKKHHGFIE48CC,保甲段,809.06,都市：農,,,,01700000
RPROMLOKKHHGFIE38CC,興農段,281.00,都市：住,,,,00570005
RPRNMLOKKHHGFGE08CC,七老爺段一甲小段,.00,都市：住,,,,12680000
RPPOMLOKKHHGFIE18CC,圳觀段,680.00,都市：農,,,,12840000
RPXOMLOKKHHGFGE78CC,文英段,16.63,都市：其他:第三之一種住宅區,,,,16920000
RPPOMLOKKHHGFGE97CC,新庄子段,84.00,都市：住,,,,01650010
RPRNMLOKKHHGFJE38CC,復興段,55.48,非都市：一般農業區 ; 非都市編定：甲種建築用地,,,,05440047
RPXNMLOKKHHGFCE28CC,憲德段一小段,.00,都市：住,,,,08010043
RPRNMLOKKHHGFJE38CC,復興段,10.98,非都市：一般農業區 ; 非都市編定：甲種建築用地,,,,05440043
RPWOMLOKKHHGFDE38CC,中都段三小段,16.24,都市：住,,,,11570000
RPRNMLOKKHHGFCE67CC,高松段二小段,88.83,都市：住,,,,20000041
RPWPMLOKKHHGFCE38CC,鳳宮段,.00,都市：住,,,,01440008
RPPNMLOKKHHGFDE57CC,有光段,76.22,都市：商,,,,03010000
RPQPMLOKKHHGFDE87CC,覆鼎金段覆鼎金一小段,79.00,都市：住,,,,05790004
RPQNMLOKKHHGFBE47CC,新興段二小段,.00,都市：商,,,,14590000
RPPNMLOKKHHGFBE37CC,新興段二小段,.00,都市：商,,,,14590000
RPUPMLOKKHHGFCE18CC,愛群段,15.38,都市：商,,,,24630000
RPXNMLOKKHHGFBE18CC,林德官段,.00,都市：商,,,,11540013
RPVNMLOKKHHGFBE97CC,大統段二小段,127.00,都市：商,,,,12020000
RPVNMLOKKHHGFBE97CC,大統段二小段,16.00,都市：其他:道路用地,,,,12020001
RPRNMLOKKHHGFAE47CC,龍中段,.00,都市：商,,,,00910000
RPSOMLOKKHHGFBE77CC,大統段一小段,.00,都市：商,,,,12840000
RPOOMLOKKHHGFAE27CC,龍中段,13.76,都市：商,,,,01150000
RPTOMLOKKHHGFAE77CC,鹽壽段,.00,都市：商,,,,00050000
RPROMLOKKHHGFAE57CC,龍中段,12.08,都市：住,,,,00280001
RPPOMLOKKHHGFBE47CC,意誠段,.00,都市：商,,,,01700000
RPTNMLPKKHHGFAE77CC,龍華段八小段,.00,都市：商,,,,21920000
RPVNMLPKKHHGFAE97CC,龍中段,18.59,都市：商,,,,01490000
RPWNMLPKKHHGFAE08CC,龍中段,.00,都市：商,,,,01480000
RPXOMLPKKHHGFAE28CC,前金段,8.45,都市：商,,,,00580016
RPXPMLPKKHHGFAE38CC,後金段,.00,都市：商,,,,00370000
RPQPMLPKKHHGFAE67CC,內惟段二小段,14.72,都市：住,,,,01200002
RPRNMLPKKHHGFBE67CC,新興段三小段,6.00,都市：商,,,,00450000
RPUNMLPKKHHGFBE97CC,新興段一小段,.00,都市：商,,,,11770000
RPQOMLPKKHHGFBE67CC,苓洲段,5.52,都市：商,,,,06090000
RPWOMLPKKHHGFBE28CC,林德官段,5.00,都市：商,,,,41640000
RPWOMLPKKHHGFBE28CC,林德官段,2.83,都市：住,,,,41650000
RPXOMLPKKHHGFBE38CC,武聖段,.00,都市：住,,,,01670000
RPSNMLPKKHHGFDE97CC,大港段七小段,2.16,都市：商,,,,04440006
RPVOMLPKKHHGFBE18CC,林聖段,.00,都市：住,,,,03340000
RPVNMLPKKHHGFDE28CC,建德段,7.12,都市：商,,,,04390000
RPUNMLPKKHHGFDE18CC,建德段,46.00,都市：商,,,,04390000
RPQPMLPKKHHGFBE77CC,成功段,.00,都市：商,,,,07030000
RPXOMLPKKHHGFDE58CC,大港段二小段,6.18,都市：商,,,,10700000
RPUNMLPKKHHGFCE08CC,愛群段,17.20,都市：商,,,,24630000
RPRNMLPKKHHGFCE77CC,瑞隆段一小段,.00,都市：商,,,,06050000
RPQPMLPKKHHGFCE87CC,愛群段,5.94,都市：商,,,,24590000
RPTOMLPKKHHGFCE08CC,獅甲段二小段,44.83,都市：住,,,,05710011
RPTOMLPKKHHGFDE18CC,大港段四小段,.00,都市：住,,,,32000000
RPXOMLPKKHHGFIE09CC,善德段,298.00,都市：農,,,,00080037
RPWNMLPKKHHGFFE58CC,後壁田段,15.87,都市：住,,,,02840000
RPQNMLPKKHHGFEE87CC,新庄段十三小段,.00,都市：商,,,,15310000
RPQNMLPKKHHGFEE87CC,新庄段十三小段,.00,都市：商,,,,15330000
RPTPMLPKKHHGFEE38CC,新庄段十三小段,6.70,都市：商,,,,14450000
RPWOMLQKKHHGFEE68CC,和平段五小段,.00,都市：住,,,,02630000
RPVPMLPKKHHGFEE58CC,新庄段十三小段,8.52,都市：商,,,,14450000
RPOPMLQKKHHGFGE18CC,七老爺段一甲小段,.00,都市：住,,,,12680000
RPPPMLQKKHHGFEE08CC,果貿段,.00,都市：住,,,,00020008
RPWNMLPKKHHGFEE48CC,和平東段,15.12,都市：住,,,,00420000
RPRQMLQKKHHGFEE38CC,果貿段,.00,都市：住,,,,00060000
RPWOMLQKKHHGFIE09CC,松埔段,.00,非都市：鄉村區 ; 非都市編定：乙種建築用地,,,,05910000
RPRPMLQKKHHGFGE48CC,文英段,187.00,都市：住,,,,05690000
RPUPMLQKKHHGFGE78CC,文山段,24.17,都市：住,,,,04020002
RPTPMLQKKHHGFFE58CC,下竹圍段,.00,都市：住,,,,00430050
RPVPMLQKKHHGFGE88CC,華鳳段,.00,都市：住,,,,01250000
RPPNMLQKKHHGFCE67CC,獅甲段,.30,都市：商,,,,03300000
RPPNMLQKKHHGFCE67CC,獅甲段,.97,都市：商,,,,03310000
RPTNMLQKKHHGFCE08CC,青島段一小段,.00,都市：住,,,,07400000
RPUNMLQKKHHGFCE18CC,獅甲段,.30,都市：商,,,,03300000
RPUNMLQKKHHGFCE18CC,獅甲段,.97,都市：商,,,,03310000
RPSNMLQKKHHGFCE97CC,盛興段,.00,非都市： ; 非都市編定：,,,,14920000
RPVNMLQKKHHGFCE28CC,鎮昌段一小段,.00,都市：商,,,,13310000
RPPOMLQKKHHGFCE77CC,獅甲段,.41,都市：商,,,,03300000
RPPOMLQKKHHGFCE77CC,獅甲段,1.29,都市：商,,,,03310000
RPQOMLQKKHHGFCE87CC,獅甲段,.00,都市：商,,,,03300000
RPQOMLQKKHHGFCE87CC,獅甲段,.00,都市：商,,,,03310000
RPPOMLQKKHHGFDE87CC,澄清段二小段,112.00,都市：住,,,,00290016
RPOPMLQKKHHGFCE77CC,佛公段,.00,都市：住,,,,09200000
RPVOMLQKKHHGFCE38CC,愛群段,9.12,都市：商,,,,10810000
RPQOMLQKKHHGFDE97CC,建興段,.00,都市：商,,,,10620000
RPTOMLQKKHHGFDE28CC,建德段,.00,都市：商,,,,02890000
RPROMLQKKHHGFDE08CC,灣華段,.00,都市：住,,,,09820000
RPUPMLQKKHHGFDE48CC,大港段,.00,都市：住,,,,36170000
RPQQMLQKKHHGFDE18CC,灣復段,.00,都市：商,,,,05280000
RPWPMLQKKHHGFDE68CC,大港段,.00,都市：住,,,,36140000
RPQNMLQKKHHGFBE67CC,過田子段,.00,都市：商,,,,07340000
RPSQMLQKKHHGFDE38CC,獅頭段一小段,.00,都市：商,,,,17370000
RPTNMLQKKHHGFBE97CC,意誠段,.00,都市：商,,,,01990000
RPWPMLQKKHHGFBE48CC,過田子段,.00,都市：商,,,,04950000
RPWPMLQKKHHGFBE48CC,過田子段,.00,都市：商,,,,04960000
RPURMLQKKHHGFBE48CC,五權段,28.18,都市：住,,,,03770000
RPQOMLQKKHHGFAE67CC,前金段,.00,都市：住,,,,00470000
RPOPMLRKKHHGFAE67CC,龍中段,15.50,都市：商,,,,01490000
RPUPMLQKKHHGFBE28CC,過田子段,.00,都市：商,,,,11870006
RPWNMLRKKHHGFBE38CC,意誠段,.00,都市：商,,,,01990000
RPVNMLRKKHHGFAE18CC,青海段,.00,都市：住,,,,06650000
RPXOMLRKKHHGFBE58CC,過田子段,.00,都市：商,,,,06350001
RPRPMLRKKHHGFBE08CC,苓東段,62.00,都市：商,,,,09620000
RPPPMLRKKHHGFBE87CC,新興段四小段,.00,都市：商,,,,03920000
RPORMLRKKHHGFDE18CC,中華段一小段,27.00,都市：工,,,,08140000
RPORMLRKKHHGFDE18CC,中華段一小段,238.00,都市：工,,,,08160000
RPPPMLRKKHHGFCE97CC,愛群段,.00,都市：住,,,,13640000
RPRNMLRKKHHGFLE88CC,江山段,.00,都市：住,,,,00080000
RPPPMLRKKHHGFCE97CC,愛群段,.00,都市：其他:道路用地,,,,13630002
RPQPMLRKKHHGFDE18CC,大港段一小段,.00,都市：商,,,,00800356
RPQNMLRKKHHGFLE78CC,內坑段,.00,都市：住,,,,09130000
RPSOMLRKKHHGFGE58CC,牛潮埔段,600.00,都市：工,,,,13110000
RPQNMLSKKHHGFEE18CC,右昌段一小段,57.00,都市：住,,,,03870000
RPUNMLRKKHHGFEE48CC,援中段一小段,.00,都市：住,,,,00220000
RPQOMLRKKHHGFEE18CC,福山段,104.00,都市：住,,,,05840001
RPPNMLRKKHHGFLE68CC,大寮段,.00,都市：住,,,,25250000
RPOOMLSKKHHGFEE08CC,新民段,.00,都市：住,,,,00800000
RPUOMLSKKHHGFEE68CC,興隆段,26.29,都市：住,,,,08640000
RPVOMLSKKHHGFLE86CC,後庄段,.00,都市：住,,,,01700000
RPWOMLSKKHHGFGE09CC,五甲段,89.00,都市：住,,,,15920006
RPUNMLSKKHHGFFE68CC,梓信段,364.00,都市：其他:分區界線尚未分割,,,,00360000
RPQNMLSKKHHGFCE97CC,仁愛段,.00,都市：住,,,,05190000
RPXOMLSKKHHGFEE09DC,新庄段八小段,15.78,都市：住,,,,00920000
RPWNMLSKKHHGFCE58CC,光華段,.00,都市：住,,,,00390001
RPTOMLSKKHHGFEE58CC,福山段,.00,都市：住,,,,01320000
RPQNMLSKKHHGFDE08CC,長明段,67.42,都市：商,,,,01830000
RPVNMLSKKHHGFFE78CC,後壁田段,.00,都市：住,,,,03670000
RPTPMLSKKHHGFDE58CC,大港段五小段,41.23,都市：商,,,,08430002
RPXOMLSKKHHGFBE68CC,意誠段,7.43,都市：商,,,,01990000
RPRPMLSKKHHGFDE38CC,覆鼎金段覆鼎金小段,.00,都市：住,,,,11710000
RPXOMLSKKHHGFBE68CC,意誠段,7.51,都市：商,,,,01990000
RPXOMLSKKHHGFDE88CC,建工段,.00,都市：商,,,,05730000
RPRNMLTKKHHGFBE08CC,新興段四小段,13.85,都市：商,,,,19490000
RPTNMLSKKHHGFAE08CC,府北段五小段,.00,都市：商,,,,02210000
RPUPMLSKKHHGFAE38CC,青海段,52.20,都市：商,,,,02430001
