﻿編號,車位類別,車位價格,車位面積平方公尺,車位所在樓層
Serial number,berth category,berth price,berth area square meter,
RPQOMLLLKIGGFBG57CC,坡道平面,0,,地下二樓
RPUOMLNLKIGGFBG18CC,坡道平面,0,,地下二樓
RPRPMLRLKIGGFBG38CC,坡道平面,0,,地下二樓
RPVNMLQJJHHGFBG18CC,坡道平面,0,,地下一樓
RPOOMLQJJHHGFAG47CC,坡道平面,0,,地下一樓
RPVOMLNKJHHGFBG08CC,坡道機械,0,,地下一樓
RPQOMLTKJHHGFBG18CC,坡道平面,0,,地下二樓
RPXNMLOKJHHGFBG28CC,坡道平面,0,,地下一樓
RPTPMLOKKHHGFBG18CC,坡道平面,0,,地下二樓
RPUOMLLKKHHGFBG87CC,坡道平面,0,,地下二樓
RPPPMLQKKHHGFBG97CC,坡道平面,0,,地下二樓
