﻿鄉鎮市區,交易標的,土地位置建物門牌,土地面積平方公尺,都市土地使用分區,非都市土地使用分區,非都市土地使用編定,租賃年月日,租賃筆棟數,租賃層次,總樓層數,建物型態,主要用途,主要建材,建築完成年月,建物總面積平方公尺,建物現況格局-房,建物現況格局-廳,建物現況格局-衛,建物現況格局-隔間,有無管理組織,有無附傢俱,總額元,單價元平方公尺,車位類別,車位面積平方公尺,車位總額元,備註,編號
The villages and towns urban district,transaction sign,land sector position building sector house number plate,land shifting total area square meter,the use zoning or compiles and checks,the non-metropolis land use district,non-metropolis land use,transaction year month and day,transaction pen number,shifting level,total floor number,building state,main use,main building materials,construction to complete the years,building shifting total area,Building present situation pattern - room,building present situation pattern - hall,building present situation pattern - health,building present situation pattern - compartmented,Whether there is manages the organization,Whether there is attaches the furniture,total price NTD,the unit price (NTD / square meter),the berth category,berth shifting total area square meter,the berth total price NTD,the note,serial number
羅東鎮,建物,宜蘭縣羅東鎮公正路１７９號,0.0,住,,,1101118,土地0建物1車位0,一層,3,店面(店鋪),住家用,鋼筋混凝土加強磚造,0641201,77.34,0,0,1,有,無,有,33000,427,,0.0,0,,RPPNMLOKKIGGFAG47CC
羅東鎮,建物,宜蘭縣羅東鎮民意街６３巷１０-２號,0.0,住,,,1101119,土地0建物1車位0,三層,4,公寓(5樓含以下無電梯),住家用,鋼筋混凝土造,0701231,109.66,3,2,1,有,無,有,13500,123,,0.0,0,,RPUOMLOKKIGGFAG08CC
羅東鎮,建物,宜蘭縣羅東鎮公正路５５７號１０樓之７,0.0,住,,,1101029,土地0建物1車位0,十層,12,住宅大樓(11層含以上有電梯),住家用,鋼筋混凝土造,0840925,72.73,2,1,1,有,有,有,13000,179,,0.0,0,,RPSQMLOKKIGGFAG08CC
羅東鎮,建物,宜蘭縣羅東鎮大同路５９號６樓之２,0.0,住,,,1101027,土地0建物1車位0,六層,7,華廈(10層含以下有電梯),住家用,鋼筋混凝土造,0850217,43.260000000000005,2,1,1,有,有,有,10000,231,,0.0,0,,RPTQMLOKKIGGFAG18CC
宜蘭市,建物,宜蘭縣宜蘭市中興路３１８巷１號４樓,0.0,住,,,1101119,土地0建物1車位0,四層,5,公寓(5樓含以下無電梯),住家﹒國民住宅,鋼筋混凝土造,0830319,108.55,3,1,2,有,有,有,12000,111,,0.0,0,,RPTNMLOKKIGGFBG97CC
頭城鎮,建物,宜蘭縣頭城鎮朝陽路１號７樓之２,0.0,住,,,1101027,土地0建物1車位0,七層,29,住宅大樓(11層含以上有電梯),集合住宅,鋼骨鋼筋混凝土造,1061221,93.50999999999999,1,1,1,有,有,有,12500,134,,0.0,0,,RPROMLPKKIGGFBG97CC
宜蘭市,建物,宜蘭縣宜蘭市自強路１６９號６樓,0.0,住,,,1101112,土地0建物1車位0,六層,8,華廈(10層含以下有電梯),住家用,鋼筋混凝土造,0861212,98.66,2,1,2,有,有,有,11500,117,,0.0,0,,RPSOMLPKKIGGFBG08CC
宜蘭市,建物,宜蘭縣宜蘭市校舍一路１０３巷７號五樓,0.0,住,,,1101205,土地0建物1車位0,五層,7,華廈(10層含以下有電梯),住家用,鋼筋混凝土造,0830524,81.38,3,2,2,有,有,有,9000,111,,0.0,0,,RPXOMLPKKIGGFBG58CC
羅東鎮,建物,宜蘭縣羅東鎮中山西街２０２之６號,0.0,住,,,1101126,土地0建物1車位0,七層,7,華廈(10層含以下有電梯),住家用,鋼筋混凝土造,0700811,117.65,3,1,2,有,有,有,15000,127,,0.0,0,,RPWNMLPKKIGGFAG28CC
礁溪鄉,建物,宜蘭縣礁溪鄉德陽路１０４號四樓之六,0.0,住,,,1101027,土地0建物1車位0,四層,5,華廈(10層含以下有電梯),住家用,鋼筋混凝土造,0711022,58.400000000000006,2,1,1,有,有,有,10000,171,,0.0,0,,RPSOMLQKKIGGFBG18CC
礁溪鄉,建物,宜蘭縣礁溪鄉德陽路１３８號４樓之４,0.0,住,,,1101216,土地0建物1車位0,四層,7,華廈(10層含以下有電梯),住家用,鋼筋混凝土造,0830908,33.11,1,0,0,無,有,有,6000,181,,0.0,0,,RPUOMLRKKIGGFBG48CC
宜蘭市,建物,宜蘭縣宜蘭市自強路１２６號７樓之９,0.0,住,,,1101206,土地0建物1車位0,七層,7,華廈(10層含以下有電梯),住家用,鋼筋混凝土造,0801121,21.96,1,0,1,有,無,有,6000,273,,0.0,0,,RPRPMLKLKIGGFBG67CC
羅東鎮,建物,宜蘭縣羅東鎮天祥路３５６號５樓之２,0.0,住,,,1101213,土地0建物1車位0,五層,6,華廈(10層含以下有電梯),住家用,鋼筋混凝土造,0860127,120.06,3,1,2,有,有,有,13000,108,,0.0,0,,RPTPMLKLKIGGFAG77CC
羅東鎮,建物,宜蘭縣羅東鎮站前南路４２之７號,0.0,住,,,1101210,土地0建物1車位0,三層,5,公寓(5樓含以下無電梯),住家用,鋼筋混凝土造,0960828,105.02,2,2,2,有,無,有,12000,114,,0.0,0,,RPVPMLKLKIGGFAG97CC
羅東鎮,建物,宜蘭縣羅東鎮興東路６號７樓之１４,0.0,商,,,1101210,土地0建物1車位0,七層,11,住宅大樓(11層含以上有電梯),套房,鋼筋混凝土造,0701016,34.49,1,0,1,有,有,有,7000,203,,0.0,0,,RPWPMLKLKIGGFAG08CC
羅東鎮,建物,宜蘭縣羅東鎮康莊路６１號二樓,0.0,住,,,1101220,土地0建物1車位0,二層,5,套房(1房1廳1衛),店舖、住宅,鋼筋混凝土造,1000211,55.03,1,1,1,有,無,有,6500,118,,0.0,0,,RPTPMLLLKIGGFAG87CC
宜蘭市,建物,宜蘭縣宜蘭市農權路三段１６３巷５號六樓之５,0.0,住,,,1101213,土地0建物1車位1,六層,14,住宅大樓(11層含以上有電梯),集合住宅,鋼筋混凝土造,1100330,118.14,2,1,1,有,有,有,17500,148,坡道平面,0.0,0,,RPQOMLLLKIGGFBG57CC
礁溪鄉,建物,宜蘭縣礁溪鄉德陽街２３號３樓之１３,0.0,住,,,1101220,土地0建物1車位0,三層,8,華廈(10層含以下有電梯),集合住宅,鋼筋混凝土造,0950501,51.55,1,0,1,有,有,有,9900,192,,0.0,0,,RPPOMLNLKIGGFBG67CC
頭城鎮,建物,宜蘭縣頭城鎮文化路３１３巷２弄２０號,171.84,住,,,1101223,土地0建物1車位0,全,4,透天厝,住宅、店舖,鋼筋混凝土造,1020701,264.68,10,0,6,有,無,有,45000,170,,0.0,0,,RPSOMLNLKIGGFBG97CC
宜蘭市,建物,宜蘭縣宜蘭市農權路三段１６３巷５號六樓之３,0.0,住,,,1101216,土地0建物1車位1,六層,14,住宅大樓(11層含以上有電梯),集合住宅,鋼筋混凝土造,1100330,117.11,2,1,1,有,有,有,17500,149,坡道平面,0.0,0,,RPUOMLNLKIGGFBG18CC
宜蘭市,建物,宜蘭縣宜蘭市中山路三段１０１號,0.0,商,,,1101221,土地0建物1車位0,見其他登記事項,2,店面(店鋪),住商用,磚造,,216.22,0,0,0,無,無,無,55000,254,,0.0,0,,RPRNMLOLKIGGFBG87CC
宜蘭市,建物,宜蘭縣宜蘭市金六結路４９３號三樓,0.0,住,,,1101207,土地0建物1車位0,三層,7,華廈(10層含以下有電梯),住家用,鋼筋混凝土造,0830303,104.21000000000001,3,1,2,有,有,有,10000,96,,0.0,0,,RPSNMLOLKIGGFBG97CC
宜蘭市,房地(土地+建物)+車位,宜蘭縣宜蘭市凱旋路５００號三樓之六,23.77,其他,,,1101221,土地1建物1車位1,三層,15,住宅大樓(11層含以上有電梯),集合住宅,鋼筋混凝土造,1080726,72.99,2,1,1,有,有,有,25000,343,坡道平面,0.0,0,,RPRPMLRLKIGGFBG38CC
宜蘭市,建物,宜蘭縣宜蘭市農權路三段１６３巷１弄７５號５樓,0.0,住,,,1101228,土地0建物1車位0,五層,6,華廈(10層含以下有電梯),住家用,鋼筋混凝土造,0830803,17.43,1,1,1,有,無,有,12000,688,,0.0,0,,RPTNMLSLKIGGFBG48CC
宜蘭市,建物,宜蘭縣宜蘭市女中路三段３２７號５樓之９,0.0,住,,,1101213,土地0建物1車位0,五層,6,華廈(10層含以下有電梯),住家用,鋼筋混凝土造,0940914,33.42,1,0,1,有,無,有,6000,180,,0.0,0,,RPUNMLSLKIGGFBG58CC
宜蘭市,建物,宜蘭縣宜蘭市西後街１３３巷１之２號,0.0,商,,,1101214,土地0建物1車位0,三層,3,公寓(5樓含以下無電梯),住家用,鋼筋混凝土加強磚造,0670808,65.27,3,1,1,有,無,有,11000,169,,0.0,0,,RPVNMLSLKIGGFBG68CC
宜蘭市,建物,宜蘭縣宜蘭市女中路二段５１１號５樓之８,0.0,住,,,1101217,土地0建物1車位0,五層,5,華廈(10層含以下有電梯),住家用,鋼筋混凝土造,0870908,68.32,1,0,1,有,無,有,8600,126,,0.0,0,,RPWNMLSLKIGGFBG78CC
壯圍鄉,建物,宜蘭縣壯圍鄉壯濱路六段２９２巷８號４樓,0.0,,鄉村區,乙種建築用地,1101224,土地0建物1車位0,四層,4,公寓(5樓含以下無電梯),住家用,鋼筋混凝土造,0860123,42.63,1,0,1,有,無,有,8000,188,,0.0,0,,RPXNMLSLKIGGFBG88CC
羅東鎮,建物,宜蘭縣羅東鎮復興路三段１巷３０弄２７號５樓,0.0,,鄉村區,乙種建築用地,1101209,土地0建物1車位0,五層,5,公寓(5樓含以下無電梯),住家用,鋼筋混凝土造,0840128,55.47,2,1,1,有,無,有,7200,130,,0.0,0,,RPTNMLSLKIGGFAG38CC
羅東鎮,建物,宜蘭縣羅東鎮四維路１５８號７樓,0.0,,特定農業區,甲種建築用地,1101210,土地0建物1車位0,七層,10,華廈(10層含以下有電梯),住家用,鋼筋混凝土造,0841016,74.18,1,1,1,有,有,有,7600,102,,0.0,0,,RPOOMLSLKIGGFAG97CC
五結鄉,建物,宜蘭縣五結鄉日新街６號,0.0,住,,,1101214,土地0建物1車位0,全,2,透天厝,住家用,鋼筋混凝土加強磚造,0701118,122.2,3,2,1,有,無,有,13500,110,,0.0,0,,RPROMLSLKIGGFAG28CC
宜蘭市,建物,宜蘭縣宜蘭市農權路１９１巷５之２號９樓,0.0,商,,,1101228,土地0建物1車位0,九層,10,華廈(10層含以下有電梯),集合住宅,鋼筋混凝土造,1001216,20.41,1,0,1,有,有,有,7000,343,,0.0,0,,RPVNMLKMKIGGFBG97CC
礁溪鄉,建物,宜蘭縣礁溪鄉大忠路１２０之５號六樓,0.0,住,,,1101224,土地0建物1車位0,六層,7,華廈(10層含以下有電梯),住家用,鋼筋混凝土造,0870402,35.04,1,1,1,有,有,有,8000,228,,0.0,0,,RPSNMLNJJHHGFBG57CC
宜蘭市,建物,宜蘭縣宜蘭市陽明路１６３號３樓,0.0,工,,,1101229,土地0建物0車位0,全,3,透天厝,作業廠房、作業廠房（附屬辦公室）、樓梯間、機械室,鋼筋混凝土造,1080315,19.83,1,0,1,有,無,有,7000,353,,0.0,0,,RPTNMLNJJHHGFBG67CC
礁溪鄉,建物,宜蘭縣礁溪鄉和平路９３之８號７樓,0.0,住,,,1110101,土地0建物1車位0,七層,7,套房(1房1廳1衛),住家用,鋼筋混凝土造,0820708,53.19,1,0,1,有,有,有,9500,179,,0.0,0,,RPUNMLNJJHHGFBG77CC
羅東鎮,建物,宜蘭縣羅東鎮南昌街５３巷２９號第３樓之１,0.0,住,,,1101229,土地0建物1車位0,三層,6,華廈(10層含以下有電梯),住家用,鋼筋混凝土造,0831001,53.25,1,0,1,有,無,有,8500,160,,0.0,0,,RPVOMLNJJHHGFAG87CC
羅東鎮,建物,宜蘭縣羅東鎮站前路４６巷６之３號,0.0,住,,,1101210,土地0建物1車位0,四層,5,公寓(5樓含以下無電梯),住家用,鋼筋混凝土造,0761103,107.30000000000001,3,1,1,有,無,有,12000,112,,0.0,0,,RPPOMLOJJHHGFAG37CC
宜蘭市,建物,宜蘭縣宜蘭市三清路３５號５樓,0.0,住,,,1101225,土地0建物1車位0,五層,5,公寓(5樓含以下無電梯),住家用,鋼筋混凝土造,0881021,98.01,4,1,2,有,無,無,12000,122,,0.0,0,,RPTOMLOJJHHGFBG87CC
宜蘭市,建物,宜蘭縣宜蘭市嵐峰路三段２８０號,0.0,住,,,1101207,土地0建物1車位0,全,3,透天厝,住商用,鋼筋混凝土造,0941227,51.09,0,1,1,有,無,有,16000,313,,0.0,0,,RPSPMLOJJHHGFBG87CC
宜蘭市,建物,宜蘭縣宜蘭市文化路７９之１號２樓之４,0.0,住,,,1101228,土地0建物1車位0,二層,7,華廈(10層含以下有電梯),住家用,鋼筋混凝土造,0830806,57.08,2,1,1,有,無,有,7000,123,,0.0,0,,RPUNMLQJJHHGFBG08CC
宜蘭市,建物,宜蘭縣宜蘭市自強路１０８號二樓,0.0,住,,,1101206,土地0建物1車位1,二層,8,華廈(10層含以下有電梯),住家用,鋼筋混凝土造,0860312,87.36,2,1,1,有,有,有,9000,103,坡道平面,0.0,0,,RPVNMLQJJHHGFBG18CC
五結鄉,建物,宜蘭縣五結鄉陽明北路２號３樓,0.0,住,,,1101125,土地0建物1車位1,三層,7,華廈(10層含以下有電梯),集合住家,鋼筋混凝土造,0801121,226.43,3,1,3,有,有,有,19800,87,坡道平面,0.0,0,,RPOOMLQJJHHGFAG47CC
羅東鎮,建物,宜蘭縣羅東鎮開羅街１５號３樓,0.0,住,,,1110103,土地0建物1車位0,三層,6,華廈(10層含以下有電梯),住家用,鋼筋混凝土造,0841016,113.63,3,1,2,有,無,有,13000,114,,0.0,0,,RPTOMLQJJHHGFAG97CC
羅東鎮,建物,宜蘭縣羅東鎮民權路２０５之１號１樓,0.0,住,,,1110101,土地0建物1車位0,全,3,透天厝,住家用,鋼筋混凝土加強磚造,,65.7,0,0,1,有,無,無,24000,365,,0.0,0,,RPWOMLQJJHHGFAG38DC
羅東鎮,建物,宜蘭縣羅東鎮大同路２~３樓,0.0,商,,,1101223,土地0建物1車位0,全,3,透天厝,住家用,鋼筋混凝土加強磚造,0661229,120.46,3,3,2,有,無,有,12000,100,,0.0,0,租賃範圍包含增建部分,RPOPMLQJJHHGFAG67DC
羅東鎮,建物,宜蘭縣羅東鎮站前南路８７號５樓,0.0,住,,,1110108,土地0建物1車位0,五層,6,華廈(10層含以下有電梯),住家用,鋼筋混凝土造,0850216,120.49,3,2,2,有,無,有,12000,100,,0.0,0,,RPVNMLKKJHHGFAG57CC
宜蘭市,建物,宜蘭縣宜蘭市和睦路１之２６號,0.0,住,,,1110106,土地0建物1車位0,全,2,透天厝,住家用,鋼筋混凝土加強磚造,,92.88,3,2,3,有,無,有,17900,193,,0.0,0,,RPTRMLLKJHHGFBG97CC
宜蘭市,建物,宜蘭縣宜蘭市延平路１９之１５號,0.0,農,,,1101230,土地0建物1車位0,全,3,透天厝,住家用,鋼筋混凝土造,1090903,147.03,0,0,0,無,無,無,35000,238,,0.0,0,,RPWNMLMKJHHGFBG97CC
宜蘭市,建物,宜蘭縣宜蘭市延平路１９之１５號,0.0,農,,,1101224,土地0建物1車位0,全,3,透天厝,住家用,鋼筋混凝土造,1090903,89.77,2,0,1,有,無,無,14000,156,,0.0,0,,RPOOMLMKJHHGFBG27CC
頭城鎮,建物,宜蘭縣頭城鎮大坑路１９８號５樓之３,0.0,住,,,1110107,土地0建物1車位0,五層,9,套房(1房1廳1衛),集合住宅,鋼筋混凝土造,1021211,44.15,1,1,1,有,有,有,10000,227,,0.0,0,,RPTOMLNKJHHGFBG87CC
礁溪鄉,建物,宜蘭縣礁溪鄉信義路３４巷６號９樓之３８,0.0,商,,,1101115,土地0建物1車位1,九層,13,套房(1房1廳1衛),辦公室,鋼筋混凝土造,0971231,61.89,1,1,1,有,有,有,13500,218,坡道機械,0.0,0,坡道機械式車位，採一戶一位.先到先停方式,RPVOMLNKJHHGFBG08CC
宜蘭市,建物,宜蘭縣宜蘭市中山路二段３２２號２樓,0.0,住,,,1110110,土地0建物1車位0,二層,7,華廈(10層含以下有電梯),住家用,鋼筋混凝土造,0850413,168.9,3,2,2,有,有,有,13000,77,,0.0,0,,RPPPMLNKJHHGFBG57CC
羅東鎮,建物,宜蘭縣羅東鎮倉前路７７號９樓之６,0.0,商,,,1110107,土地0建物1車位0,九層,12,住宅大樓(11層含以上有電梯),住家用,鋼筋混凝土造,0831213,109.86000000000001,3,2,2,有,有,有,11700,106,,0.0,0,,RPOOMLNKJHHGFAG27CC
宜蘭市,建物,宜蘭縣宜蘭市縣政一街４５號二樓之五,0.0,其他,,,1110103,土地0建物1車位1,二層,8,華廈(10層含以下有電梯),集合住宅,鋼筋混凝土造,1000414,108.04,3,2,2,有,有,有,13000,120,坡道平面,0.0,0,,RPXNMLOKJHHGFBG28CC
員山鄉,建物,宜蘭縣員山鄉永同路二段９７號,0.0,,鄉村區,乙種建築用地,1110112,土地0建物1車位0,全,2,透天厝,住家用,鋼筋混凝土加強磚造,0700328,133.2,4,3,2,有,無,有,27000,203,,0.0,0,,RPXOMLRKJHHGFBG68CC
宜蘭市,房地(土地+建物)+車位,宜蘭縣宜蘭市凱旋路５００號三樓之六,23.77,其他,,,1110113,土地1建物1車位1,三層,15,住宅大樓(11層含以上有電梯),集合住宅,鋼筋混凝土造,1080726,72.99,2,1,1,有,有,有,22000,301,坡道平面,0.0,0,,RPQOMLTKJHHGFBG18CC
宜蘭市,房地(土地+建物),宜蘭縣宜蘭市東港路二段２３６號,141.72,住,,,1110101,土地1建物1車位0,全,4,透天厝,住家用,鋼筋混凝土造,0790328,241.0,3,0,4,有,無,無,45000,187,,0.0,0,,RPROMLTKJHHGFBG28CC
羅東鎮,建物,宜蘭縣羅東鎮公正路２３０號３樓,0.0,住,,,1110113,土地0建物1車位0,三層,6,辦公商業大樓,集合住宅,ＲＣ造,0730118,207.13,0,0,2,有,無,有,30000,145,,0.0,0,111/1/13至111/2/14為免租金整理期,RPXNMLTKJHHGFAG68CC
羅東鎮,建物,宜蘭縣羅東鎮天祥路３４９號七樓,0.0,住,,,1110113,土地0建物1車位0,七層,8,華廈(10層含以下有電梯),住家用,鋼筋混凝土造,0830802,93.85999999999999,3,1,1,有,無,有,12000,128,,0.0,0,,RPQNMLLLJHHGFAG27CC
五結鄉,建物,宜蘭縣五結鄉季水路清水一巷２弄４０號三樓,0.0,,鄉村區,乙種建築用地,1101231,土地0建物1車位0,見其他登記事項,4,公寓(5樓含以下無電梯),住家用,鋼筋混凝土造,0870602,155.31,3,2,2,有,無,有,10800,70,,0.0,0,,RPSNMLMLJHHGFAG57CC
蘇澳鎮,建物,宜蘭縣蘇澳鎮馬賽路３９７巷６９弄９號,0.0,住,,,1110114,土地0建物1車位0,全,3,透天厝,住家用,鋼筋混凝土造,0850110,180.95,3,2,2,有,無,有,13500,75,,0.0,0,,RPTNMLMLJHHGFAG67CC
蘇澳鎮,建物,宜蘭縣蘇澳鎮蘇東中路１４號４樓之１,0.0,商,,,1110113,土地0建物1車位0,四層,11,住宅大樓(11層含以上有電梯),住家用,鋼筋混凝土造,0720719,73.27,2,1,1,有,有,有,8900,121,,0.0,0,,RPUNMLMLJHHGFAG77CC
冬山鄉,建物,宜蘭縣冬山鄉水源路３７巷４弄４２號４樓之１,0.0,,特定農業區,甲種建築用地,1110120,土地0建物1車位0,四層,4,華廈(10層含以下有電梯),集合住宅,鋼筋混凝土造,1061124,37.94,1,0,1,有,有,有,8000,211,,0.0,0,,RPVNMLMLJHHGFAG87CC
羅東鎮,建物,宜蘭縣羅東鎮興東段３２５巷７號,0.0,住,,,1110121,土地0建物1車位0,一層,5,公寓(5樓含以下無電梯),住家用,鋼筋混凝土造,0820819,115.99,3,1,2,有,無,有,10500,91,,0.0,0,,RPWNMLMLJHHGFAG97CC
羅東鎮,建物,宜蘭縣羅東鎮南盟路６９巷４６號,0.0,住,,,1110118,土地0建物1車位0,一層,5,華廈(10層含以下有電梯),住家用,鋼筋混凝土造,0830323,106.15,3,2,1,有,有,有,13000,122,,0.0,0,111/1/18日至111/1/31日為出租人提供承租人免租金整理期,RPTNMLOLJHHGFAG87CC
宜蘭市,建物,宜蘭縣宜蘭市宜興路三段９５號,0.0,住,,,1110113,土地0建物0車位0,全,3,透天厝,住家用,鋼筋混凝土造,1040908,46.49,1,0,1,有,無,有,5500,118,,0.0,0,,RPWNMLQLJHHGFBG48CC
宜蘭市,建物,宜蘭縣宜蘭市力新路５１之３號３樓,0.0,商,,,1110124,土地0建物1車位0,三層,5,華廈(10層含以下有電梯),住家用,鋼筋混凝土造,0820823,126.39,2,1,2,有,無,有,12300,97,,0.0,0,,RPUNMLRLJHHGFBG38CC
羅東鎮,建物,宜蘭縣羅東鎮興東路１５０號,0.0,商,,,1110111,土地0建物1車位0,全,5,透天厝,住商用,鋼筋混凝土造,0690531,207.35,0,0,1,有,無,無,31858,154,,0.0,0,租賃期間111年2月7日至116年2月6日,RPTOMLRLJHHGFAG48EC
礁溪鄉,建物,宜蘭縣礁溪鄉德陽路１８號５樓之９,0.0,住,,,1110120,土地0建物1車位0,五層,8,華廈(10層含以下有電梯),商業用,鋼筋混凝土造,0710727,30.16,1,0,1,有,有,有,6000,199,,0.0,0,,RPSNMLSLJHHGFBG28CC
宜蘭市,建物,宜蘭縣宜蘭市負郭路２５巷３４之３號,0.0,住,,,1110121,土地0建物1車位0,四層,5,公寓(5樓含以下無電梯),住家用,鋼筋混凝土加強磚造,0701215,101.71000000000001,3,1,1,有,無,有,12000,118,,0.0,0,,RPOOMLSJKHHGFBG87CC
宜蘭市,建物,宜蘭縣宜蘭市慈安路４１之７號三樓,0.0,住,,,1110205,土地0建物1車位0,三層,7,華廈(10層含以下有電梯),住家用,鋼筋混凝土造,0820820,121.53,3,2,2,有,有,有,12000,99,,0.0,0,,RPQOMLSJKHHGFBG08CC
羅東鎮,建物,宜蘭縣羅東鎮天祥路３４９號七樓,0.0,住,,,1110120,土地0建物1車位0,七層,8,華廈(10層含以下有電梯),住家用,鋼筋混凝土造,0830802,93.85999999999999,3,1,1,有,無,有,12000,128,,0.0,0,,RPQOMLSJKHHGFAG97CC
宜蘭市,建物,宜蘭縣宜蘭市擺厘路１１巷１８號,0.0,住,,,1110206,土地0建物1車位0,全,2,透天厝,住家用,鋼筋混凝土加強磚造,0661114,125.99,4,2,2,有,無,無,8000,63,,0.0,0,,RPUNMLTJKHHGFBG48CC
羅東鎮,房地(土地+建物),宜蘭縣羅東鎮維揚路４８號,0.0,住,,,1110209,土地1建物1車位0,全,4,透天厝,店舖、住宅、樓梯間,鋼筋混凝土造,1091012,52.85,0,0,1,有,無,無,16000,303,,0.0,0,,RPSOMLKKKHHGFAG47CC
羅東鎮,房地(土地+建物),宜蘭縣羅東鎮維揚路５０號,0.0,住,,,1110209,土地1建物1車位0,全,4,透天厝,店舖、住宅、樓梯間,鋼筋混凝土造,1091012,53.65,0,0,1,有,無,無,19000,354,,0.0,0,,RPVOMLKKKHHGFAG77CC
員山鄉,建物,宜蘭縣員山鄉員山路一段１４３巷５號五樓,0.0,住,,,1110208,土地0建物1車位0,五層,5,公寓(5樓含以下無電梯),住家用,鋼筋混凝土造,0860115,121.31,3,1,1,有,無,有,12000,99,,0.0,0,水電瓦斯網路費承租人負擔。,RPQOMLLKKHHGFBG47CC
宜蘭市,建物,宜蘭縣宜蘭市泰山路８５巷５號七樓之一,0.0,住,,,1110210,土地0建物1車位1,七層,14,住宅大樓(11層含以上有電梯),住家用,鋼筋混凝土造,0930927,175.1,3,2,2,有,有,有,13500,77,坡道平面,0.0,0,水電瓦斯、網路費及每月管理費1400元由承租人負擔。,RPUOMLLKKHHGFBG87CC
宜蘭市,建物,宜蘭縣宜蘭市民權新路４７巷６弄７-３號,0.0,住,,,1110130,土地0建物1車位0,四層,5,華廈(10層含以下有電梯),住家用,鋼筋混凝土造,0720511,85.23,3,2,2,有,無,無,10000,117,,0.0,0,,RPXOMLLKKHHGFBG18CC
宜蘭市,建物,宜蘭縣宜蘭市農權路三段１６３巷５號八樓之三,0.0,住,,,1110205,土地0建物1車位1,八層,14,住宅大樓(11層含以上有電梯),集合住宅,鋼筋混凝土造,1100330,117.11,2,1,1,有,有,有,17000,145,坡道平面,0.0,0,,RPTPMLOKKHHGFBG18CC
宜蘭市,建物,宜蘭縣宜蘭市民權路二段７３號,0.0,住,,,1110213,土地0建物1車位0,一層,5,華廈(10層含以下有電梯),住家用,鋼筋混凝土造,0860103,121.75,3,2,2,有,無,有,14000,115,,0.0,0,,RPQNMLPKKHHGFBG77CC
蘇澳鎮,建物,宜蘭縣蘇澳鎮頂興路１２０號,0.0,,工業區,丁種建築用地,1110124,土地0建物1車位0,全,3,透天厝,住家用,鋼筋混凝土造,1030303,166.48,4,1,2,有,無,有,13000,78,,0.0,0,,RPQNMLPKKHHGFAG67CC
五結鄉,建物,宜蘭縣五結鄉季水路清水一巷１弄９號,0.0,,鄉村區,乙種建築用地,1110124,土地0建物1車位0,見其他登記事項,2,公寓(5樓含以下無電梯),鄉村住宅.國民住宅,鋼筋混凝土造,0870602,150.08,3,2,2,有,有,有,11700,78,,0.0,0,,RPUNMLPKKHHGFAG08CC
冬山鄉,建物,宜蘭縣冬山鄉永安路４６５巷４１號,0.0,住,,,1110125,土地0建物1車位0,全,2,透天厝,住家用,鋼筋混凝土加強磚造,0741101,112.62,3,2,2,有,無,有,10000,89,,0.0,0,,RPVNMLPKKHHGFAG18CC
冬山鄉,建物,宜蘭縣冬山鄉冬山路五段２０９巷７弄１號,0.0,其他,,,1110214,土地0建物1車位0,全,2,透天厝,住家用,鋼筋混凝土加強磚造,0630702,104.34,3,1,3,有,無,有,12000,115,,0.0,0,水電瓦斯費及網路費由承租人負擔。,RPSOMLQKKHHGFAG08CC
五結鄉,建物,宜蘭縣五結鄉大吉五路１６０巷１號１樓,0.0,,一般農業區,甲種建築用地,1110123,土地0建物1車位0,一層,5,華廈(10層含以下有電梯),住家用,鋼筋混凝土造,0840321,105.32,3,2,2,有,無,有,12100,115,,0.0,0,,RPOPMLQKKHHGFAG77CC
羅東鎮,建物,宜蘭縣羅東鎮河濱路２３巷３弄９號,0.0,,特定農業區,甲種建築用地,1110126,土地0建物1車位0,全,2,透天厝,住家用,鋼筋混凝土加強磚造,0700720,102.04,3,1,2,有,無,有,16000,157,,0.0,0,,RPPPMLQKKHHGFAG87CC
羅東鎮,建物,宜蘭縣羅東鎮南昌街５３巷３弄８之２號,0.0,住,,,1110126,土地0建物1車位0,三層,5,公寓(5樓含以下無電梯),住家用,鋼筋混凝土造,0770210,89.21000000000001,3,2,1,有,無,有,12500,140,,0.0,0,,RPQPMLQKKHHGFAG97CC
宜蘭市,建物,宜蘭縣宜蘭市農權路三段１６３巷５號八樓之五,0.0,住,,,1110215,土地0建物1車位1,八層,14,住宅大樓(11層含以上有電梯),集合住宅,鋼筋混凝土造,1100330,118.14,2,1,1,有,有,有,17000,144,坡道平面,0.0,0,,RPPPMLQKKHHGFBG97CC
冬山鄉,建物,宜蘭縣冬山鄉香南路１３８號二樓之８,0.0,住,,,1110214,土地0建物1車位0,二層,6,華廈(10層含以下有電梯),集合住宅,鋼筋混凝土造,1030711,63.16,2,1,1,有,有,有,9000,142,,0.0,0,水電瓦斯費及網路費及每月管理費400元由承租人負擔。,RPPOMLRKKHHGFAG87CC
礁溪鄉,土地,公園北段20地號,392.08,其他,,,1110216,土地1建物0車位0,,,其他,,,,0.0,0,0,0,有,無,無,36000,92,,0.0,0,,RPROMLRKKHHGFBG38EC
羅東鎮,建物,宜蘭縣羅東鎮清潭路５８號一樓,0.0,住,,,1110218,土地0建物1車位0,一層,3,店面(店鋪),店舖、住宅,鋼筋混凝土（ＲＣ）,1031222,96.36,0,0,0,無,無,無,25000,259,,0.0,0,,RPSOMLSKKHHGFAG28CC
