﻿編號,土地位置,土地移轉面積(平方公尺),使用分區或編定,權利人持分分母,權利人持分分子,移轉情形,地號
The serial number, land position,land shifting area square meter,the use zoning or compiles and checks,,,,land parcel
RPVOMLOKKIGGFAI38CC,遠東段,.00,都市：住,,,,00680007
RPORMLPKKIGGFAI08CC,黑金段,30.00,都市：住,,,,00260010
RPUOMLOKKIGGFAI28CC,彌陀段,.00,都市：住,,,,05820000
RPORMLPKKIGGFAI08CC,黑金段,5.00,都市：住,,,,00250008
RPRNMLLKKIGGFAI57CC,新太平段,15.40,都市：住,,,,05410000
RPUNMLQKKIGGFAI38CC,車店段,.00,都市：住,,,,03280001
RPWOMLOKKIGGFAI48CC,北門段七小段,.00,都市：商,,,,00040000
RPVNMLQKKIGGFAI48CC,西門段四小段,.00,都市：商,,,,00800000
RPWNMLQKKIGGFAI58CC,車店段車店小段,.00,都市：住,,,,00450000
RPXNMLQKKIGGFAI68CC,白川段,.00,都市：住,,,,00140001
RPSOMLRKKIGGFAI38CC,興村段,.00,都市：商,,,,01490001
RPROMLRKKIGGFAI28CC,新太平段,.00,都市：住,,,,06450000
RPPNMLLLKIGGFAI47CC,竹圍子段,66.00,都市：住,,,,02500090
RPVOMLRKKIGGFAI68CC,盧厝段,.00,都市：住,,,,02550000
RPRNMLMLKIGGFAI77CC,宣信段,.00,都市：住,,,,02200000
RPUNMLLLKIGGFAI97CC,竹圍子段,.00,非都市： ; 非都市編定：,,,,00900003
RPUNMLLLKIGGFAI97CC,竹圍子段,.00,非都市： ; 非都市編定：,,,,00900014
RPUNMLMLKIGGFAI08CC,竹圍子段三小段,.00,都市：住,,,,01030000
RPSNMLMLKIGGFAI87CC,短竹段,.00,都市：住,,,,09120071
RPQNMLLLKIGGFAI57CC,湖子內段興安小段,18.02,都市：住,,,,01080000
RPQNMLLLKIGGFAI57CC,湖子內段興安小段,.59,都市：住,,,,01080001
RPQNMLLLKIGGFAI57CC,湖子內段興安小段,.06,都市：住,,,,01080002
RPQNMLLLKIGGFAI57CC,湖子內段興安小段,1.10,都市：住,,,,01080003
RPQNMLLLKIGGFAI57CC,湖子內段興安小段,.08,都市：住,,,,01080004
RPQNMLLLKIGGFAI57CC,湖子內段興安小段,14.40,都市：住,,,,01080005
RPVNMLMLKIGGFAI18CC,白川段,.00,都市：住,,,,00260000
RPVNMLNLKIGGFAI28CC,短竹段,.00,都市：住,,,,09120071
RPXNMLMLKIGGFAI38CC,港子坪段,.00,都市：住,,,,02290092
RPQNMLNLKIGGFAI77CC,北門段七小段,8.82,都市：商,,,,00040000
RPRNMLKMKIGGFAI67CC,新太平段,9.73,都市：住,,,,05410000
RPWNMLOLKIGGFAI48CC,台斗坑段,42.48,都市：住,,,,03240005
RPVNMLSLKIGGFAI78CC,中庄段,.00,都市：住,,,,10160000
RPQOMLNJJHHGFAI57CC,白川段,.00,都市：住,,,,00870047
RPOOMLTLKIGGFAI28CC,檜段三小段,.00,非都市： ; 非都市編定：,,,,00110096
RPOOMLTLKIGGFAI28CC,檜段三小段,.00,非都市： ; 非都市編定：,,,,00110100
RPROMLNJJHHGFAI67CC,新太平段,.00,都市：住,,,,07260000
RPROMLNJJHHGFAI67CC,新太平段,.00,都市：其他:道路用地,,,,07310000
RPPRMLOJJHHGFAI87CC,南門段四小段,54.00,都市：商,,,,00340018
RPXOMLQJJHHGFAI58CC,永安段,.00,都市：住,,,,07120000
RPWNMLLKJHHGFAI97CC,竹圍子段,.00,非都市： ; 非都市編定：,,,,00900003
RPWNMLLKJHHGFAI97CC,竹圍子段,.00,非都市： ; 非都市編定：,,,,00900014
RPOPMLQJJHHGFAI77CC,永安段,.00,都市：住,,,,07120000
RPOOMLLKJHHGFAI27CC,竹圍子段,.00,都市：住,,,,03500043
RPXNMLLKJHHGFAI08CC,竹圍子段,.00,都市：住,,,,03500043
RPVOMLLKJHHGFAI97CC,白川段,.00,都市：住,,,,00770066
RPVRMLOJJHHGFAI48CC,新太平段,18.50,都市：住,,,,05410000
RPRRMLOJJHHGFAI08CC,車店段車店小段,.00,都市：住,,,,09120005
RPROMLLKJHHGFAI57CC,竹圍子段,.00,都市：住,,,,03500043
RPRPMLLKJHHGFAI67CC,台斗坑段,.00,都市：住,,,,03240003
RPQPMLLKJHHGFAI57CC,北園段,.00,都市：住,,,,10640000
RPXOMLLKJHHGFAI18CC,竹圍子段,.00,都市：商,,,,01390010
RPTOMLMKJHHGFAI87CC,檜段三小段,.00,都市：住,,,,00260003
RPUOMLMKJHHGFAI97CC,同興段,.00,都市：住,,,,14350000
RPRPMLOKJHHGFAI97CC,竹圍子段一小段,.00,都市：住,,,,00260000
RPTPMLOKJHHGFAI18CC,下路頭段,.00,都市：住,,,,00970000
RPRQMLOKJHHGFAI08CC,南門段五小段,.00,都市：住,,,,00450003
RPUPMLOKJHHGFAI28CC,盧厝段,.00,都市：住,,,,02600004
RPTQMLOKJHHGFAI28CC,竹圍子段,.00,都市：商,,,,01390010
RPRNMLPKJHHGFAI87CC,白川段,34.68,都市：住,,,,00170000
RPSOMLSKJHHGFAI38CC,新太平段,9.73,都市：住,,,,05410000
RPVOMLSKJHHGFAI68CC,新太平段,14.59,都市：住,,,,05410000
RPUOMLSKJHHGFAI58CC,新太平段,9.73,都市：住,,,,05410000
RPWNMLRKJHHGFAI58CC,長竹段,126.00,都市：住,,,,11120000
RPPPMLKLJHHGFAI47CC,竹圍子段二小段,96.27,都市：商,,,,01140000
RPOPMLKLJHHGFAI37CC,元段四小段,60.00,都市：商,,,,02050001
RPSOMLKLJHHGFAI77DC,北門段六小段,69.00,都市：商,,,,00570000
RPWOMLSKJHHGFAI78CC,新太平段,15.40,都市：住,,,,05410000
RPRNMLLLJHHGFAI57CC,下路頭段,.00,都市：住,,,,00970000
RPSNMLLLJHHGFAI67CC,車店段車店小段,.00,都市：住,,,,07950000
RPQNMLMLJHHGFAI57CC,西門段四小段,.00,都市：商,,,,00750010
RPQNMLMLJHHGFAI57CC,西門段四小段,.00,都市：商,,,,00750014
RPQOMLMLJHHGFAI67CC,車店段,24.64,都市：住,,,,00860009
RPTNMLMLJHHGFAI87CC,新太平段,15.40,都市：住,,,,05410000
RPQNMLPLJHHGFAI87CC,車店段,83.00,都市：住,,,,00680007
RPSNMLQLJHHGFAI18CC,白川段,72.00,都市：住,,,,00700015
RPXNMLOLJHHGFAI58DC,元段三小段,.00,都市：商,,,,00380000
RPXNMLOLJHHGFAI58DC,元段三小段,.00,都市：商,,,,00380001
RPSOMLQLJHHGFAI28CC,盧厝段,38.35,都市：住,,,,02440009
RPRNMLQLJHHGFAI08CC,北園段,108.00,都市：住,,,,16010003
RPSNMLMLJHHGFAI77CC,湖子內段興安小段,.00,都市：住,,,,01080000
RPROMLRJKHHGFAI18CC,埤子頭段,2.32,都市：住,,,,03800000
RPTNMLSLJHHGFAI48CC,竹圍子段,19.80,都市：住,,,,03100000
RPVOMLRJKHHGFAI58CC,新太平段,9.73,都市：住,,,,05410000
RPOPMLRJKHHGFAI97CC,興村段,.00,都市：商,,,,01490001
RPTPMLRJKHHGFAI48CC,遠東段,.00,都市：住,,,,00700000
RPSOMLRKKHHGFAI38CC,下路頭段,.00,都市：住,,,,01380021
RPRPMLRJKHHGFAI28CC,中庄段,.00,都市：住,,,,07060000
RPUOMLRKKHHGFAI58CC,竹圍子段,.00,都市：商,,,,01390010
RPSOMLSJKHHGFAI38CC,竹圍子段二小段,21.19,都市：住,,,,01120000
RPRNMLOKKHHGFAI87CC,新太平段,18.64,都市：住,,,,05410000
RPWOMLRKKHHGFAI78CC,盧厝段,.00,都市：住,,,,02440009
RPVOMLRKKHHGFAI68CC,西門段一小段,.00,都市：商,,,,00860001
RPXOMLRKKHHGFAI88CC,竹圍子段二小段,.00,都市：商,,,,00520000
RPRNMLSKKHHGFAI28CC,新太平段,9.73,都市：住,,,,05410000
