﻿編號,土地位置,土地移轉面積(平方公尺),使用分區或編定,權利人持分分母,權利人持分分子,移轉情形,地號
The serial number, land position,land shifting area square meter,the use zoning or compiles and checks,,,,land parcel
RPPRMLNKKIGGFAO58CC,崙子段,84.00,都市：住,,,,20220000
RPPRMLNKKIGGFAO58CC,崙子段,71.00,都市：住,,,,20230000
RPQOMLNKKIGGFAO58EC,長春段,.00,都市：住,,,,14490000
RPUQMLOKKIGGFAO09CC,東橋段,16.79,都市：住,,,,05880000
RPUOMLOKKIGGFAO88CC,光武段,54.54,都市：其他:第二種商業區,,,,10220000
RPTPMLPKKIGGFAO98CC,金山段,.00,都市：住,,,,10250000
RPTOMLOKKIGGFAO78CC,榮光段一小段,.00,都市：商,,,,00120000
RPWPMLPKKIGGFAO66CC,北門段,.00,都市：商,,,,07630000
RPWRMLPKKIGGFAO86CC,中山段三小段,.00,都市：商,,,,03470000
RPWPMLPKKIGGFAO66CC,北門段,.00,都市：住,,,,07640000
RPVPMLPKKIGGFAO56CC,北門段,.00,都市：商,,,,10820000
RPTQMLQKKIGGFAO56CC,南華段,.00,都市：商,,,,04440000
RPRQMLRKKIGGFAO09CC,南華段,.00,都市：商,,,,03690000
RPUQMLQKKIGGFAO66CC,南華段,.00,都市：商,,,,04440000
RPVPMLKLKIGGFAO78CC,民富段,.00,都市：住,,,,14460000
RPVPMLKLKIGGFAO78CC,民富段,.00,都市：住,,,,14470000
RPVOMLQKKIGGFAO56CC,民主段,.00,都市：住,,,,15380000
RPVPMLKLKIGGFAO78CC,民富段,.00,都市：住,,,,14480002
RPQOMLMLKIGGFAO38CC,聚吉段,.00,都市：住,,,,00880000
RPROMLMLKIGGFAO48CC,聚吉段,.00,都市：住,,,,00880000
RPTOMLMLKIGGFAO68CC,育賢段,.00,都市：住,,,,03670000
RPTOMLMLKIGGFAO68CC,育賢段,.00,都市：住,,,,03760000
RPRRMLMLKIGGFAO78CC,中隘段,.00,非都市：山坡地保育區 ; 非都市編定：丙種建築用地,,,,02990000
RPROMLOLKIGGFAO68CC,科園段科園小段,.00,都市：住,,,,00920554
RPSRMLMLKIGGFAO88CC,南華段,.00,都市：商,,,,04050000
RPSOMLRKKIGGFAO98CC,國道段,.00,都市：住,,,,11170000
RPOOMLRLKIGGFAO68CC,虎山段,.00,非都市：鄉村區 ; 非都市編定：乙種建築用地,,,,07950000
RPQUMLTLKIGGFAO07CC,師院段,.00,非都市：山坡地保育區 ; 非都市編定：丙種建築用地,,,,03580076
RPVUMLTLKIGGFAO57CC,虎山段,.00,非都市：鄉村區 ; 非都市編定：乙種建築用地,,,,01200000
RPOVMLTLKIGGFAO96CC,仙宮段,.00,都市：住,,,,01150000
RPOVMLTLKIGGFAO96CC,仙宮段,.00,都市：住,,,,01150001
RPVOMLMLKIGGFAO88CC,新興段一小段,.00,都市：住,,,,00520000
RPTWMLTLKIGGFAO57CC,東明段,.00,都市：商,,,,05900000
RPSWMLTLKIGGFAO47CC,崙子段,.00,都市：住,,,,07290000
RPRRMLOLKIGGFAO98CC,北門段,.00,都市：商,,,,07630000
RPVWMLTLKIGGFAO77CC,光武段,.00,都市：住,,,,06030000
RPXQMLKMKIGGFAO56CC,光復段,.00,都市：住,,,,14380000
RPSQMLNJJHHGFAO58CC,北門段,.00,都市：商,,,,07630000
RPRQMLKMKIGGFAO58CC,曲溪段,.00,都市：住,,,,02340000
RPRQMLKMKIGGFAO58CC,曲溪段,.00,都市：住,,,,03020000
RPSQMLNJJHHGFAO58CC,北門段,.00,都市：住,,,,07640000
RPORMLKMKIGGFAO38CC,崙子段,.00,都市：住,,,,01900000
RPVOMLOJJHHGFAO78CC,長春段,.00,都市：其他:科專(T2),,,,13410018
RPUWMLTLKIGGFAO67CC,南華段,.00,都市：商,,,,04440000
RPWOMLPJJHHGFAO98CC,竹蓮段,.00,都市：其他:第二種住宅區、第二種商業區,,,,15850000
RPRSMLQJJHHGFAO98CC,茄苳段,69.75,非都市：山坡地保育區 ; 非都市編定：丙種建築用地,,,,01960116
RPORMLOJJHHGFAO38CC,南湖段,.00,非都市：鄉村區 ; 非都市編定：乙種建築用地,,,,01240000
RPVPMLRJJHHGFAO56CC,東山段一小段,.00,都市：住,,,,03910000
RPXPMLRJJHHGFAO76CC,新興段,.00,都市：住,,,,00830004
RPWOMLLKJHHGFAO68CC,北門段,.00,都市：商,,,,23240000
RPXPMLMKJHHGFAO98CC,崙子段,.00,都市：住,,,,26230000
RPTQMLNKJHHGFAO78CC,光復段,.00,都市：住,,,,13530071
RPUPMLRJJHHGFAO09CC,南門段四小段,.00,都市：商,,,,01530013
RPQQMLOKJHHGFAO58CC,中雅段,.00,都市：住,,,,00280002
RPQQMLOKJHHGFAO58CC,中雅段,.00,都市：其他:第二種住宅區+第二種商業區,,,,00280004
RPTQMLOKJHHGFAO88CC,醫專段,.00,非都市：山坡地保育區 ; 非都市編定：丙種建築用地,,,,04420000
RPWOMLOKJHHGFAO98CC,東明段,.00,都市：其他:第一種住宅區，道路用地,,,,00490000
RPWQMLOKJHHGFAO56CC,中雅段,.00,都市：住,,,,01520000
RPSQMLOKJHHGFAO78CC,醫專段,.00,非都市：山坡地保育區 ; 非都市編定：丙種建築用地,,,,04400000
RPXOMLRKJHHGFAO76CC,南湖段,.00,非都市：山坡地保育區 ; 非都市編定：丙種建築用地,,,,02170000
RPSPMLLKJHHGFAO38CC,東山段一小段,.00,都市：商,,,,07490000
RPWNMLSKJHHGFAO66CC,東明段,.00,都市：住,,,,00240000
RPSPMLRKJHHGFAO98CC,中雅段,.00,都市：住,,,,00960001
RPVPMLSKJHHGFAO76CC,榮光段一小段,.00,都市：商,,,,00400000
RPTPMLSKJHHGFAO56CC,東山段一小段,.00,都市：住,,,,09060000
RPXPMLOLJHHGFAO66CC,北門段,.00,都市：商,,,,07630000
RPXPMLOLJHHGFAO66CC,北門段,.00,都市：住,,,,07640000
RPQPMLOLJHHGFAO58CC,武陵段,.00,都市：住,,,,11270001
RPSPMLOLJHHGFAO78CC,光華段,.00,都市：住,,,,02600000
RPQRMLOLJHHGFAO78CC,虎山段,.00,非都市：鄉村區 ; 非都市編定：乙種建築用地,,,,07950000
RPTPMLOLJHHGFAO88CC,金雅段,.00,非都市：鄉村區 ; 非都市編定：乙種建築用地,,,,00250000
RPOSMLOLJHHGFAO68CC,關東段,.00,都市：住,,,,02750000
RPRQMLOLJHHGFAO78CC,中隘段,.00,非都市：山坡地保育區 ; 非都市編定：丙種建築用地,,,,03070000
RPRQMLPLJHHGFAO88CC,東明段,.00,都市：其他:住商混和區,,,,06200000
RPTQMLPLJHHGFAO09CC,中華段,.00,都市：住,,,,04450000
RPQQMLPLJHHGFAO78CC,康樂段,.00,都市：住,,,,03970000
RPVQMLPLJHHGFAO66CC,仙水段,.00,都市：住,,,,01890000
RPSQMLPLJHHGFAO98CC,聚吉段,.00,都市：住,,,,01120000
RPUQMLPLJHHGFAO56CC,育賢段,.00,都市：住,,,,03090000
RPXQMLPLJHHGFAO86CC,東門段三小段,37.00,都市：住,,,,00430000
RPOOMLPLJHHGFAO48DC,光武段,.00,都市：商,,,,10220000
RPWPMLPLJHHGFAO76DC,光武段,.00,都市：其他:商專,,,,10020000
RPOPMLQLJHHGFAO58CC,東橋段,.00,都市：住,,,,01340000
RPQOMLQLJHHGFAO68CC,民主段一小段,.00,都市：商,,,,00400000
RPXOMLRLJHHGFAO86CC,北門段,.00,都市：商,,,,07630000
RPXOMLRLJHHGFAO86CC,北門段,.00,都市：住,,,,07640000
RPWPMLRLJHHGFAO86CC,民主段一小段,.00,都市：商,,,,00430000
RPSQMLRLJHHGFAO56CC,光武段,.00,都市：商,,,,10500000
RPSPMLRLJHHGFAO09CC,曲溪段,.00,都市：住,,,,02340000
RPSPMLRLJHHGFAO09CC,曲溪段,.00,都市：住,,,,03020000
RPPPMLTJKHHGFAO88CC,新興段,.00,都市：住,,,,05570000
RPTPMLTJKHHGFAO66CC,自由段,.00,都市：住,,,,05340000
RPOOMLLKKHHGFAO97CC,東山段二小段,.00,都市：住,,,,09800000
RPQOMLRJKHHGFAO68CC,崙子段,.00,都市：住,,,,20650000
RPSOMLLKKHHGFAO38CC,中隘段,.00,非都市：山坡地保育區 ; 非都市編定：丙種建築用地,,,,02970000
RPSQMLPKKHHGFAO98CC,民主段,.00,都市：住,,,,06670001
RPTQMLPKKHHGFAO09CC,武陵段,.00,都市：住,,,,01790007
RPTOMLLKKHHGFAO48CC,中雅段,.00,都市：住,,,,01700000
RPXPMLQKKHHGFAO86CC,崙子段,.00,都市：住,,,,00230000
RPVOMLKKKHHGFAO58CC,東門段三小段,.00,都市：商,,,,01410000
RPWPMLQKKHHGFAO76CC,西門段一小段,.00,都市：商,,,,00570000
RPWOMLOKKHHGFAO09CC,中興段,184.00,都市：農,,,,03420003
RPRQMLQKKHHGFAO98CC,南門段四小段,.00,都市：住,,,,00750017
RPSQMLQKKHHGFAO09CC,育賢段,.00,都市：住,,,,04300000
RPVPMLQKKHHGFAO76DC,光武段,.00,都市：其他:商專,,,,10020000
RPUQMLQKKHHGFAO66CC,東山段一小段,.00,都市：住,,,,04340000
RPUQMLQKKHHGFAO66CC,東山段一小段,.00,都市：其他:第一種住宅區及道路用地,,,,04350000
RPROMLRKKHHGFAO88CC,民主段,.00,都市：住,,,,08430000
RPQOMLRKKHHGFAO78CC,南湖段,.00,非都市：山坡地保育區 ; 非都市編定：丙種建築用地,,,,04110000
RPWOMLSKKHHGFAO86CC,長春段,.00,都市：住,,,,15960000
RPUPMLRKKHHGFAO66CC,關東段,.00,都市：住,,,,04900000
RPUPMLRKKHHGFAO66CC,關東段,.00,都市：住,,,,04910001
RPSQMLSKKHHGFAO66CC,中央段,.00,都市：商,,,,04600000
