﻿編號,土地位置,土地移轉面積(平方公尺),使用分區或編定,權利人持分分母,權利人持分分子,移轉情形,地號
The serial number, land position,land shifting area square meter,the use zoning or compiles and checks,,,,land parcel
RPSNMLMKKIGGFDQ88DB,安家厝段,93.04,非都市：特定農業區 ; 非都市編定：甲種建築用地,134108,9304,持分移轉,16320000
RPPNMLNKKIGGFDQ68DB,安家厝段,121.12,非都市：特定農業區 ; 非都市編定：甲種建築用地,163952,12112,持分移轉,16020000
RPUNMLNKKIGGFDQ56DB,東新段,84.60,都市：住,1,1,全筆移轉,01700041
RPUNMLNKKIGGFDQ56DB,東新段,22.63,都市：住,17,1,持分移轉,01700049
RPQNMLMKKIGGFDQ68DB,安家厝段,131.50,非都市：特定農業區 ; 非都市編定：甲種建築用地,1,1,全筆移轉,16360008
RPQNMLNKKIGGFDQ78DB,過溝段過溝小段,99.00,都市：住,1,1,全筆移轉,10570029
RPQNMLNKKIGGFDQ78DB,過溝段過溝小段,.40,都市：住,1000,66,持分移轉,11340012
RPQNMLNKKIGGFDQ78DB,過溝段過溝小段,36.30,都市：住,1000,66,持分移轉,10570044
RPQNMLNKKIGGFDQ78DB,過溝段過溝小段,1.39,都市：住,1000,66,持分移轉,10570045
RPRNMLMKKIGGFDQ78DB,安家厝段,132.58,非都市：特定農業區 ; 非都市編定：甲種建築用地,1,1,全筆移轉,16050008
RPPNMLNKKIGGFCQ58DB,公園段,116.00,都市：住,1,1,全筆移轉,10920001
RPXNMLNKKIGGFDQ86DB,東新段,104.92,都市：住,1,1,全筆移轉,01700015
RPXNMLNKKIGGFDQ86DB,東新段,19.75,都市：住,19,1,持分移轉,01700022
RPWNMLNKKIGGFDQ76DB,東新段,91.65,都市：住,1,1,全筆移轉,01700044
RPWNMLNKKIGGFDQ76DB,東新段,22.63,都市：住,17,1,持分移轉,01700049
RPQNMLNKKIGGFCQ68DB,公園段,108.00,都市：住,1,1,全筆移轉,10920000
RPQNMLNKKIGGFCQ58CB,豐收段,29.06,非都市：鄉村區 ; 非都市編定：乙種建築用地,10000,512,持分移轉,09910030
RPQNMLNKKIGGFCQ58CB,豐收段,1.02,非都市：鄉村區 ; 非都市編定：乙種建築用地,10000,154,持分移轉,09910031
RPQNMLNKKIGGFCQ58CB,豐收段,6.03,非都市：鄉村區 ; 非都市編定：乙種建築用地,10000,154,持分移轉,09910022
RPPNMLNKKIGGFCQ48CB,豐收段,29.06,非都市：鄉村區 ; 非都市編定：乙種建築用地,10000,512,持分移轉,09910030
RPPNMLNKKIGGFCQ48CB,豐收段,1.02,非都市：鄉村區 ; 非都市編定：乙種建築用地,10000,154,持分移轉,09910031
RPPNMLNKKIGGFCQ48CB,豐收段,6.03,非都市：鄉村區 ; 非都市編定：乙種建築用地,10000,154,持分移轉,09910022
RPRNMLPKKIGGFDQ98CB,太頂珠段,30.52,都市：住,100000,186,持分移轉,00700000
RPPNMLOKKIGGFDQ78DB,過溝段過溝小段,99.00,都市：住,1,1,全筆移轉,10570028
RPPNMLPKKIGGFDQ78CB,太頂珠段,17.72,都市：住,100000,108,持分移轉,00700000
RPPNMLOKKIGGFDQ78DB,過溝段過溝小段,.40,都市：住,1000,66,持分移轉,11340012
RPPNMLOKKIGGFDQ78DB,過溝段過溝小段,36.30,都市：住,1000,66,持分移轉,10570044
RPPNMLOKKIGGFDQ78DB,過溝段過溝小段,1.39,都市：住,1000,66,持分移轉,10570045
RPWNMLPKKIGGFDQ86CB,太頂珠段,18.54,都市：住,100000,113,持分移轉,00700000
RPTNMLPKKIGGFDQ56CB,太頂珠段,24.61,都市：住,100000,150,持分移轉,00700000
RPVNMLPKKIGGFDQ76CB,太頂珠段,18.54,都市：住,100000,113,持分移轉,00700000
RPUNMLPKKIGGFDQ66CB,太頂珠段,18.54,都市：住,100000,113,持分移轉,00700000
RPPNMLPKKIGGFCQ68CB,秀林段,106.37,非都市：一般農業區 ; 非都市編定：甲種建築用地,1,1,全筆移轉,16270017
RPPNMLPKKIGGFCQ68CB,秀林段,28.93,非都市：一般農業區 ; 非都市編定：甲種建築用地,17,1,持分移轉,16270000
RPPNMLPKKIGGFCQ68CB,秀林段,8.07,非都市：一般農業區 ; 非都市編定：甲種建築用地,204,5,持分移轉,16440000
RPPNMLPKKIGGFCQ68CB,秀林段,10.51,非都市：一般農業區 ; 非都市編定：甲種建築用地,4000,61,持分移轉,16120000
RPPNMLPKKIGGFCQ68CB,秀林段,6.43,非都市：一般農業區 ; 非都市編定：農牧用地,4800,37,持分移轉,16150012
RPOOMLPKKIGGFDQ78CB,太頂珠段,26.74,都市：住,100000,163,持分移轉,00700000
RPSOMLPKKIGGFDQ56CB,太頂珠段,18.54,都市：住,100000,113,持分移轉,00700000
RPQOMLPKKIGGFDQ98CB,太頂珠段,24.61,都市：住,100000,150,持分移轉,00700000
RPXNMLPKKIGGFDQ96CB,太頂珠段,22.97,都市：住,100000,140,持分移轉,00700000
RPPOMLPKKIGGFDQ88CB,太頂珠段,22.97,都市：住,100000,140,持分移轉,00700000
RPPNMLRKKIGGFDQ98CB,北興段,70.20,都市：住,1,1,全筆移轉,04910028
RPPNMLRKKIGGFDQ98CB,北興段,50.03,都市：住,1135,50,持分移轉,04910000
RPPNMLRKKIGGFDQ98CB,北興段,.23,都市：住,39,1,持分移轉,04910014
RPPNMLRKKIGGFDQ98CB,北興段,.23,都市：住,39,1,持分移轉,04910015
RPPNMLRKKIGGFDQ98CB,北興段,.54,都市：住,39,1,持分移轉,04910016
RPPNMLRKKIGGFDQ98CB,北興段,.38,都市：住,39,1,持分移轉,04910017
RPPNMLRKKIGGFDQ98CB,北興段,.14,都市：住,39,1,持分移轉,04910018
RPPNMLRKKIGGFDQ98CB,北興段,.50,都市：住,39,1,持分移轉,04910019
RPQNMLRKKIGGFDQ09CB,北興段,70.20,都市：住,1,1,全筆移轉,04910029
RPQNMLRKKIGGFDQ09CB,北興段,50.03,都市：住,1135,50,持分移轉,04910000
RPQNMLRKKIGGFDQ09CB,北興段,.23,都市：住,39,1,持分移轉,04910014
RPQNMLRKKIGGFDQ09CB,北興段,.23,都市：住,39,1,持分移轉,04910015
RPQNMLRKKIGGFDQ09CB,北興段,.54,都市：住,39,1,持分移轉,04910016
RPQNMLRKKIGGFDQ09CB,北興段,.38,都市：住,39,1,持分移轉,04910017
RPQNMLRKKIGGFDQ09CB,北興段,.14,都市：住,39,1,持分移轉,04910018
RPROMLPKKIGGFDQ09CB,太頂珠段,18.54,都市：住,100000,113,持分移轉,00700000
RPQNMLRKKIGGFDQ09CB,北興段,.50,都市：住,39,1,持分移轉,04910019
RPUNMLRKKIGGFDQ86CB,太頂珠段,17.72,都市：住,100000,108,持分移轉,00700000
RPRNMLRKKIGGFDQ56CB,北興段,90.42,都市：住,1,1,全筆移轉,04910011
RPRNMLRKKIGGFDQ56CB,北興段,14.01,都市：住,1135,14,持分移轉,04910000
RPRNMLRKKIGGFDQ56CB,北興段,.23,都市：住,39,1,持分移轉,04910014
RPRNMLRKKIGGFDQ56CB,北興段,.23,都市：住,39,1,持分移轉,04910015
RPRNMLRKKIGGFDQ56CB,北興段,.54,都市：住,39,1,持分移轉,04910016
RPRNMLRKKIGGFDQ56CB,北興段,.38,都市：住,39,1,持分移轉,04910017
RPRNMLRKKIGGFDQ56CB,北興段,.14,都市：住,39,1,持分移轉,04910018
RPRNMLRKKIGGFDQ56CB,北興段,.50,都市：住,39,1,持分移轉,04910019
RPVNMLRKKIGGFDQ96CB,太頂珠段,26.74,都市：住,100000,163,持分移轉,00700000
RPOOMLRKKIGGFDQ98CB,太頂珠段,30.52,都市：住,100000,186,持分移轉,00700000
RPWNMLRKKIGGFDQ07CB,太頂珠段,18.54,都市：住,100000,113,持分移轉,00700000
RPQOMLRKKIGGFDQ56CB,太頂珠段,26.74,都市：住,100000,163,持分移轉,00700000
RPXNMLRKKIGGFDQ17CB,太頂珠段,22.97,都市：住,100000,140,持分移轉,00700000
RPTOMLRKKIGGFDQ86CB,太頂珠段,26.74,都市：住,100000,163,持分移轉,00700000
RPROMLRKKIGGFDQ66CB,太頂珠段,22.97,都市：住,100000,140,持分移轉,00700000
RPUOMLRKKIGGFDQ96CB,太頂珠段,30.52,都市：住,100000,186,持分移轉,00700000
RPSOMLRKKIGGFDQ76CB,太頂珠段,18.54,都市：住,100000,113,持分移轉,00700000
RPPNMLKLKIGGFDQ38CB,龍潭段,29.21,都市：住,10000,246,持分移轉,14430000
RPPNMLRKKIGGFCQ88CB,崙子頂段,88.00,非都市：鄉村區 ; 非都市編定：乙種建築用地,1,1,全筆移轉,02580032
RPPNMLRKKIGGFCQ88CB,崙子頂段,20.59,非都市：鄉村區 ; 非都市編定：乙種建築用地,64,1,持分移轉,02580014
RPVOMLRKKIGGFDQ07CB,太頂珠段,18.54,都市：住,100000,113,持分移轉,00700000
RPRNMLKLKIGGFDQ58CB,過溝段過溝小段,77.64,都市：住,1,1,全筆移轉,06260037
RPRNMLKLKIGGFDQ58CB,過溝段過溝小段,7.73,都市：住,1,1,全筆移轉,06260038
RPRNMLKLKIGGFDQ58CB,過溝段過溝小段,7.25,都市：住,14,1,持分移轉,06280020
RPRNMLKLKIGGFDQ58CB,過溝段過溝小段,11.28,都市：住,14,1,持分移轉,06260039
RPRNMLKLKIGGFDQ58CB,過溝段過溝小段,10.67,都市：住,45,1,持分移轉,06280026
RPQNMLKLKIGGFDQ48CB,過溝段過溝小段,7.77,都市：住,1,1,全筆移轉,06260021
RPQNMLKLKIGGFDQ48CB,過溝段過溝小段,77.86,都市：住,1,1,全筆移轉,06280022
RPQNMLKLKIGGFDQ48CB,過溝段過溝小段,7.17,都市：住,14,1,持分移轉,06280011
RPQNMLKLKIGGFDQ48CB,過溝段過溝小段,11.28,都市：住,14,1,持分移轉,06260020
RPQNMLKLKIGGFDQ48CB,過溝段過溝小段,10.67,都市：住,45,1,持分移轉,06280026
RPPNMLLLKIGGFBQ38DB,蘇厝段,34.38,非都市：鄉村區 ; 非都市編定：乙種建築用地,121319,3438,持分移轉,06000023
RPPNMLLLKIGGFBQ38DB,蘇厝段,5.51,非都市：鄉村區 ; 非都市編定：乙種建築用地,38897,551,持分移轉,06000004
RPQNMLMLKIGGFBQ48CB,溪墘厝段,9.22,非都市：鄉村區 ; 非都市編定：乙種建築用地,9,1,持分移轉,00770014
RPQNMLMLKIGGFBQ48CB,溪墘厝段,46.57,非都市：鄉村區 ; 非都市編定：乙種建築用地,7,1,持分移轉,00770011
RPQNMLMLKIGGFBQ48CB,溪墘厝段,285.00,非都市：鄉村區 ; 非都市編定：乙種建築用地,1,1,全筆移轉,00770012
RPPNMLLLKIGGFBQ28CB,牛埔段,72.98,都市：農,1,1,全筆移轉,00750009
RPPNMLLLKIGGFBQ28CB,牛埔段,26.21,都市：農,1,1,全筆移轉,00760009
RPPNMLLLKIGGFCQ48DB,平林段,96.00,都市：農,1,1,全筆移轉,08860051
RPPNMLLLKIGGFCQ48DB,平林段,5.00,都市：農,1,1,全筆移轉,08890004
RPPNMLLLKIGGFCQ48DB,平林段,.42,都市：農,48,1,持分移轉,08850012
RPPNMLLLKIGGFCQ48DB,平林段,8.15,都市：農,48,1,持分移轉,08860059
RPPNMLMLKIGGFCQ48CB,豐收段,29.06,非都市：鄉村區 ; 非都市編定：乙種建築用地,10000,512,持分移轉,09910030
RPPNMLMLKIGGFCQ48CB,豐收段,1.02,非都市：鄉村區 ; 非都市編定：乙種建築用地,10000,154,持分移轉,09910031
RPPNMLMLKIGGFCQ48CB,豐收段,6.03,非都市：鄉村區 ; 非都市編定：乙種建築用地,10000,154,持分移轉,09910022
RPRNMLOLKIGGFDQ98CB,太頂珠段,26.74,都市：住,100000,163,持分移轉,00700000
RPPNMLNLKIGGFDQ68CB,太頂珠段,18.54,都市：住,100000,113,持分移轉,00700000
RPQNMLOLKIGGFDQ88CB,太頂珠段,26.74,都市：住,100000,163,持分移轉,00700000
RPPNMLOLKIGGFDQ78CB,北興段,70.20,都市：住,1,1,全筆移轉,04910035
RPPNMLOLKIGGFDQ78CB,北興段,50.03,都市：住,1135,50,持分移轉,04910000
RPPNMLOLKIGGFDQ78CB,北興段,.23,都市：住,39,1,持分移轉,04910014
RPPNMLOLKIGGFDQ78CB,北興段,.23,都市：住,39,1,持分移轉,04910015
RPPNMLOLKIGGFDQ78CB,北興段,.54,都市：住,39,1,持分移轉,04910016
RPPNMLOLKIGGFDQ78CB,北興段,.38,都市：住,39,1,持分移轉,04910017
RPPNMLOLKIGGFDQ78CB,北興段,.14,都市：住,39,1,持分移轉,04910018
RPPNMLOLKIGGFDQ78CB,北興段,.50,都市：住,39,1,持分移轉,04910019
RPPNMLOLKIGGFBQ58CB,大葛段,159.85,非都市：鄉村區 ; 非都市編定：乙種建築用地,1,1,全筆移轉,09140014
RPPNMLOLKIGGFBQ58CB,大葛段,6.66,非都市：鄉村區 ; 非都市編定：乙種建築用地,1000,22,持分移轉,09140001
RPSNMLOLKIGGFDQ09CB,太頂珠段,26.74,都市：住,100000,163,持分移轉,00700000
RPPNMLQLKIGGFBQ88DB,德安段,94.60,都市：住,1,1,全筆移轉,11860001
RPPNMLQLKIGGFDQ98CB,太頂珠段,18.54,都市：住,100000,113,持分移轉,00700000
RPRNMLQLKIGGFDQ56CB,太頂珠段,18.54,都市：住,100000,113,持分移轉,00700000
RPTNMLQLKIGGFDQ76CB,太頂珠段,26.74,都市：住,100000,163,持分移轉,00700000
RPSNMLQLKIGGFDQ66CB,太頂珠段,26.74,都市：住,100000,163,持分移轉,00700000
RPUNMLQLKIGGFDQ86CB,太頂珠段,30.52,都市：住,100000,186,持分移轉,00700000
RPXNMLQLKIGGFDQ17CB,太頂珠段,30.52,都市：住,100000,186,持分移轉,00700000
RPVNMLQLKIGGFDQ96CB,太頂珠段,30.52,都市：住,100000,186,持分移轉,00700000
RPWNMLQLKIGGFDQ07CB,太頂珠段,30.52,都市：住,100000,186,持分移轉,00700000
RPPOMLQLKIGGFDQ09CB,太頂珠段,18.54,都市：住,100000,113,持分移轉,00700000
RPOOMLQLKIGGFDQ98CB,太頂珠段,18.54,都市：住,100000,113,持分移轉,00700000
RPQOMLQLKIGGFDQ56CB,太頂珠段,30.52,都市：住,100000,186,持分移轉,00700000
RPROMLQLKIGGFDQ66CB,太頂珠段,26.74,都市：住,100000,163,持分移轉,00700000
RPVOMLQLKIGGFDQ07CB,太頂珠段,18.54,都市：住,100000,113,持分移轉,00700000
RPWOMLQLKIGGFDQ17CB,太頂珠段,22.97,都市：住,100000,140,持分移轉,00700000
RPXOMLQLKIGGFDQ27CB,太頂珠段,22.97,都市：住,100000,140,持分移轉,00700000
RPSOMLQLKIGGFDQ76CB,太頂珠段,18.54,都市：住,100000,113,持分移轉,00700000
RPOPMLQLKIGGFDQ09CB,太頂珠段,22.97,都市：住,100000,140,持分移轉,00700000
RPQPMLQLKIGGFDQ66CB,太頂珠段,22.97,都市：住,100000,140,持分移轉,00700000
RPPPMLQLKIGGFDQ56CB,太頂珠段,24.61,都市：住,100000,150,持分移轉,00700000
RPRPMLQLKIGGFDQ76CB,太頂珠段,24.61,都市：住,100000,150,持分移轉,00700000
RPSPMLQLKIGGFDQ86CB,太頂珠段,30.52,都市：住,100000,186,持分移轉,00700000
RPPNMLRLKIGGFDQ09CB,太頂珠段,24.61,都市：住,100000,150,持分移轉,00700000
RPTPMLQLKIGGFDQ96CB,太頂珠段,18.54,都市：住,100000,113,持分移轉,00700000
RPQNMLRLKIGGFDQ56CB,太頂珠段,24.61,都市：住,100000,150,持分移轉,00700000
RPRNMLRLKIGGFDQ66CB,太頂珠段,18.54,都市：住,100000,113,持分移轉,00700000
RPSNMLRLKIGGFDQ76CB,太頂珠段,26.74,都市：住,100000,163,持分移轉,00700000
RPTNMLRLKIGGFDQ86CB,太頂珠段,17.72,都市：住,100000,108,持分移轉,00700000
RPQNMLSLKIGGFDQ66CB,太頂珠段,22.97,都市：住,100000,140,持分移轉,00700000
RPRNMLSLKIGGFDQ76CB,太頂珠段,24.61,都市：住,100000,150,持分移轉,00700000
RPPNMLSLKIGGFDQ56CB,太頂珠段,18.54,都市：住,100000,113,持分移轉,00700000
RPSNMLSLKIGGFDQ86CB,太頂珠段,18.54,都市：住,100000,113,持分移轉,00700000
RPTNMLSLKIGGFDQ96CB,太頂珠段,30.52,都市：住,100000,186,持分移轉,00700000
RPPNMLTLKIGGFCQ56CB,中工段,11.05,非都市：工業區 ; 非都市編定：丁種建築用地,1000000,30356,持分移轉,00790006
RPPNMLTLKIGGFCQ56CB,中工段,11.05,非都市：工業區 ; 非都市編定：丁種建築用地,1000000,30356,持分移轉,00800010
RPPNMLTLKIGGFCQ56CB,中工段,3.01,非都市：工業區 ; 非都市編定：丁種建築用地,1000000,30356,持分移轉,00800009
RPQNMLSLKIGGFEQ76CB,梅北段,102.00,都市：住,1,1,全筆移轉,20840002
RPSNMLSLKIGGFEQ96CB,梅北段,104.56,都市：住,1,1,全筆移轉,20610004
RPQNMLTLKIGGFCQ66CB,中工段,14.74,非都市：工業區 ; 非都市編定：丁種建築用地,1000000,40498,持分移轉,00790006
RPQNMLTLKIGGFCQ66CB,中工段,14.74,非都市：工業區 ; 非都市編定：丁種建築用地,1000000,40498,持分移轉,00800010
RPQNMLTLKIGGFCQ66CB,中工段,4.01,非都市：工業區 ; 非都市編定：丁種建築用地,1000000,40498,持分移轉,00800009
RPPNMLSLKIGGFCQ09CB,三間厝段,30.86,非都市：鄉村區 ; 非都市編定：乙種建築用地,1000000,38431,持分移轉,03540000
RPPNMLSLKIGGFCQ09CB,三間厝段,2.96,非都市：鄉村區 ; 非都市編定：乙種建築用地,1000000,38431,持分移轉,03550000
RPRNMLTLKIGGFCQ76CB,中工段,11.41,非都市：工業區 ; 非都市編定：丁種建築用地,1000000,31341,持分移轉,00790006
RPRNMLTLKIGGFCQ76CB,中工段,11.41,非都市：工業區 ; 非都市編定：丁種建築用地,1000000,31341,持分移轉,00800010
RPRNMLTLKIGGFCQ76CB,中工段,3.00,非都市：工業區 ; 非都市編定：丁種建築用地,1000000,30341,持分移轉,00800009
RPPNMLTLKIGGFDQ76DB,東新段,90.00,都市：住,1,1,全筆移轉,01700017
RPPNMLTLKIGGFDQ76DB,東新段,19.75,都市：住,19,1,持分移轉,01700022
RPRNMLTLKIGGFDQ96DB,東新段,113.84,都市：住,1,1,全筆移轉,01700008
RPQNMLTLKIGGFDQ86DB,東新段,109.57,都市：住,1,1,全筆移轉,01700007
RPRNMLTLKIGGFDQ86CB,太頂珠段,18.54,都市：住,100000,113,持分移轉,00700000
RPTNMLTLKIGGFDQ07CB,太頂珠段,24.61,都市：住,100000,150,持分移轉,00700000
RPUNMLTLKIGGFDQ17CB,太頂珠段,17.72,都市：住,100000,108,持分移轉,00700000
RPXNMLTLKIGGFDQ47CB,太頂珠段,17.72,都市：住,100000,108,持分移轉,00700000
RPSNMLTLKIGGFDQ96CB,太頂珠段,26.74,都市：住,100000,163,持分移轉,00700000
RPVNMLTLKIGGFDQ27CB,太頂珠段,17.72,都市：住,100000,108,持分移轉,00700000
RPOOMLTLKIGGFDQ66CB,太頂珠段,22.97,都市：住,100000,140,持分移轉,00700000
RPWNMLTLKIGGFDQ37CB,太頂珠段,18.54,都市：住,100000,113,持分移轉,00700000
RPROMLTLKIGGFDQ96CB,太頂珠段,18.54,都市：住,100000,113,持分移轉,00700000
RPQOMLTLKIGGFDQ86CB,太頂珠段,22.97,都市：住,100000,140,持分移轉,00700000
RPPOMLTLKIGGFDQ76CB,太頂珠段,18.54,都市：住,100000,113,持分移轉,00700000
RPTOMLTLKIGGFDQ17CB,太頂珠段,22.97,都市：住,100000,140,持分移轉,00700000
RPSOMLTLKIGGFDQ07CB,太頂珠段,18.54,都市：住,100000,113,持分移轉,00700000
RPUOMLTLKIGGFDQ27CB,太頂珠段,26.74,都市：住,100000,163,持分移轉,00700000
RPWOMLTLKIGGFDQ47CB,太頂珠段,18.54,都市：住,100000,113,持分移轉,00700000
RPXOMLTLKIGGFDQ57CB,太頂珠段,18.54,都市：住,100000,113,持分移轉,00700000
RPPNMLKMKIGGFBQ38DB,牛埔段,100.56,都市：住,1,1,全筆移轉,08590002
RPPNMLKMKIGGFBQ38DB,牛埔段,57.00,都市：住,5,1,持分移轉,08590004
RPVOMLTLKIGGFDQ37CB,太頂珠段,18.54,都市：住,100000,113,持分移轉,00700000
RPPNMLLJJHHGFDQ28DB,安家厝段,125.79,非都市：特定農業區 ; 非都市編定：甲種建築用地,183101,12579,持分移轉,16270000
RPQNMLLJJHHGFDQ38DB,安家厝段,120.50,非都市：特定農業區 ; 非都市編定：甲種建築用地,133544,12050,持分移轉,16250000
RPQNMLNJJHHGFCQ48DB,甘蔗崙段甘蔗崙小段,93.00,都市：住,1,1,全筆移轉,01380029
RPQNMLNJJHHGFCQ48DB,甘蔗崙段甘蔗崙小段,23.00,都市：住,357,23,持分移轉,01380027
RPRNMLNJJHHGFCQ58DB,甘蔗崙段甘蔗崙小段,113.00,都市：住,1,1,全筆移轉,01380000
RPQNMLNJJHHGFCQ38CB,豐收段,29.06,非都市：鄉村區 ; 非都市編定：乙種建築用地,10000,512,持分移轉,09910030
RPQNMLNJJHHGFCQ38CB,豐收段,1.02,非都市：鄉村區 ; 非都市編定：乙種建築用地,10000,154,持分移轉,09910031
RPQNMLNJJHHGFCQ38CB,豐收段,6.03,非都市：鄉村區 ; 非都市編定：乙種建築用地,10000,154,持分移轉,09910022
RPSNMLNJJHHGFCQ68DB,甘蔗崙段甘蔗崙小段,103.00,都市：住,1,1,全筆移轉,01380005
RPRNMLNJJHHGFCQ48CB,豐收段,102.98,非都市：鄉村區 ; 非都市編定：乙種建築用地,1,1,全筆移轉,09910025
RPRNMLNJJHHGFCQ48CB,豐收段,3.32,非都市：鄉村區 ; 非都市編定：乙種建築用地,10000,500,持分移轉,09910031
RPRNMLNJJHHGFCQ48CB,豐收段,19.58,非都市：鄉村區 ; 非都市編定：乙種建築用地,10000,500,持分移轉,09910022
RPPNMLNJJHHGFCQ28CB,豐收段,29.06,非都市：鄉村區 ; 非都市編定：乙種建築用地,10000,512,持分移轉,09910030
RPPNMLNJJHHGFCQ28CB,豐收段,1.02,非都市：鄉村區 ; 非都市編定：乙種建築用地,10000,154,持分移轉,09910031
RPPNMLNJJHHGFCQ28CB,豐收段,6.03,非都市：鄉村區 ; 非都市編定：乙種建築用地,10000,154,持分移轉,09910022
RPQNMLNJJHHGFDQ48CB,北興段,157.82,都市：住,1,1,全筆移轉,04910039
RPQNMLNJJHHGFDQ48CB,北興段,14.01,都市：住,1135,14,持分移轉,04910000
RPQNMLNJJHHGFDQ48CB,北興段,.23,都市：住,39,1,持分移轉,04910014
RPPNMLNJJHHGFDQ38CB,北興段,112.60,都市：住,1,1,全筆移轉,04910041
RPQNMLNJJHHGFDQ48CB,北興段,.23,都市：住,39,1,持分移轉,04910015
RPQNMLNJJHHGFDQ48CB,北興段,.54,都市：住,39,1,持分移轉,04910016
RPPNMLNJJHHGFDQ38CB,北興段,14.01,都市：住,1135,14,持分移轉,04910000
RPQNMLNJJHHGFDQ48CB,北興段,.38,都市：住,39,1,持分移轉,04910017
RPQNMLNJJHHGFDQ48CB,北興段,.14,都市：住,39,1,持分移轉,04910018
RPPNMLNJJHHGFDQ38CB,北興段,.23,都市：住,39,1,持分移轉,04910014
RPQNMLNJJHHGFDQ48CB,北興段,.50,都市：住,39,1,持分移轉,04910019
RPPNMLNJJHHGFDQ38CB,北興段,.23,都市：住,39,1,持分移轉,04910015
RPQNMLNJJHHGFDQ48CB,北興段,34.42,都市：住,1,1,全筆移轉,04910037
RPPNMLNJJHHGFDQ38CB,北興段,.54,都市：住,39,1,持分移轉,04910016
RPPNMLNJJHHGFDQ38CB,北興段,.38,都市：住,39,1,持分移轉,04910017
RPPNMLNJJHHGFDQ38CB,北興段,.14,都市：住,39,1,持分移轉,04910018
RPPNMLNJJHHGFDQ38CB,北興段,.50,都市：住,39,1,持分移轉,04910019
RPPNMLOJJHHGFDQ48CB,北興段,105.64,都市：住,1,1,全筆移轉,04910007
RPPNMLOJJHHGFDQ48CB,北興段,46.03,都市：住,1135,46,持分移轉,04910000
RPPNMLOJJHHGFDQ48CB,北興段,.23,都市：住,39,1,持分移轉,04910014
RPPNMLOJJHHGFDQ48CB,北興段,.23,都市：住,39,1,持分移轉,04910015
RPPNMLOJJHHGFDQ48CB,北興段,.54,都市：住,39,1,持分移轉,04910016
RPPNMLOJJHHGFDQ48CB,北興段,.38,都市：住,39,1,持分移轉,04910017
RPPNMLOJJHHGFDQ48CB,北興段,.14,都市：住,39,1,持分移轉,04910018
RPPNMLOJJHHGFDQ48CB,北興段,.50,都市：住,39,1,持分移轉,04910019
RPPNMLOJJHHGFCQ38CB,竹子腳段,106.50,非都市：鄉村區 ; 非都市編定：乙種建築用地,1,1,全筆移轉,00620029
RPQNMLOJJHHGFDQ58CB,北興段,70.20,都市：住,1,1,全筆移轉,04910031
RPQNMLOJJHHGFDQ58CB,北興段,50.03,都市：住,1135,50,持分移轉,04910000
RPQNMLOJJHHGFDQ58CB,北興段,.23,都市：住,39,1,持分移轉,04910014
RPQNMLOJJHHGFDQ58CB,北興段,.23,都市：住,39,1,持分移轉,04910015
RPQNMLOJJHHGFDQ58CB,北興段,.54,都市：住,39,1,持分移轉,04910016
RPQNMLOJJHHGFDQ58CB,北興段,.38,都市：住,39,1,持分移轉,04910017
RPQNMLOJJHHGFDQ58CB,北興段,.14,都市：住,39,1,持分移轉,04910018
RPQNMLOJJHHGFDQ58CB,北興段,.50,都市：住,39,1,持分移轉,04910019
RPPNMLPJJHHGFDQ58CB,龍潭段,29.21,都市：住,10000,246,持分移轉,14430000
RPQNMLOJJHHGFCQ48CB,竹子腳段,108.00,非都市：鄉村區 ; 非都市編定：乙種建築用地,1,1,全筆移轉,00620038
RPPNMLOJJHHGFEQ68DB,梅南段,135.00,都市：住,1,1,全筆移轉,10310037
RPPNMLOJJHHGFEQ68DB,梅南段,32.00,都市：住,23,2,持分移轉,10310008
RPPNMLOJJHHGFEQ68DB,梅南段,1.60,都市：住,10,1,持分移轉,10310038
RPPNMLPJJHHGFBQ48DB,蘇厝段,126.80,非都市：鄉村區 ; 非都市編定：乙種建築用地,1,1,全筆移轉,06000019
RPPNMLPJJHHGFBQ48DB,蘇厝段,16.21,非都市：鄉村區 ; 非都市編定：乙種建築用地,38897,1621,持分移轉,06000004
RPQNMLPJJHHGFDQ68CB,太頂珠段,17.72,都市：住,100000,108,持分移轉,00700000
RPTNMLPJJHHGFDQ98CB,太頂珠段,24.61,都市：住,100000,150,持分移轉,00700000
RPRNMLPJJHHGFDQ78CB,太頂珠段,30.52,都市：住,100000,186,持分移轉,00700000
RPUNMLPJJHHGFDQ09CB,太頂珠段,17.72,都市：住,100000,108,持分移轉,00700000
RPSNMLPJJHHGFDQ88CB,太頂珠段,22.97,都市：住,100000,140,持分移轉,00700000
RPVNMLPJJHHGFDQ56CB,太頂珠段,17.72,都市：住,100000,108,持分移轉,00700000
RPQNMLQJJHHGFCQ68CB,竹子腳段西昌小段,104.00,非都市：特定農業區 ; 非都市編定：甲種建築用地,1,1,全筆移轉,02070090
RPWNMLPJJHHGFDQ66CB,太頂珠段,26.74,都市：住,100000,163,持分移轉,00700000
RPPNMLQJJHHGFCQ58CB,新興段,127.00,都市：住,1,1,全筆移轉,04060033
RPPNMLQJJHHGFEQ78CB,南下坑段,89.50,都市：住,1,1,全筆移轉,06390010
RPPNMLQJJHHGFEQ78CB,南下坑段,.29,都市：住,1000000,48517,持分移轉,06390022
RPPNMLQJJHHGFEQ78CB,南下坑段,.07,都市：住,1000000,46917,持分移轉,06390034
RPPNMLQJJHHGFEQ78CB,南下坑段,.60,都市：住,1000000,48184,持分移轉,06390035
RPPNMLQJJHHGFEQ78CB,南下坑段,25.76,都市：住,1000000,48214,持分移轉,06390000
RPPNMLRJJHHGFCQ68CB,新興段,145.05,都市：其他:住宅區,1,1,全筆移轉,04060005
RPPNMLRJJHHGFCQ68CB,新興段,.01,都市：住,10000,105,持分移轉,04060027
RPPNMLKKJHHGFEQ28CB,南下坑段,79.34,都市：住,1,1,全筆移轉,06390026
RPPNMLKKJHHGFEQ28CB,南下坑段,.02,都市：住,1000000,3294,持分移轉,06390022
RPPNMLKKJHHGFEQ28CB,南下坑段,.01,都市：住,1000000,6849,持分移轉,06390034
RPPNMLKKJHHGFEQ28CB,南下坑段,.05,都市：住,1000000,4035,持分移轉,06390035
RPPNMLKKJHHGFEQ28CB,南下坑段,2.12,都市：住,1000000,3967,持分移轉,06390000
RPRNMLQJJHHGFCQ78CB,竹子腳段西昌小段,104.00,非都市：特定農業區 ; 非都市編定：甲種建築用地,1,1,全筆移轉,02070091
RPQNMLLKJHHGFDQ48DB,東新段,99.83,都市：住,1,1,全筆移轉,01700010
RPPNMLKKJHHGFDQ18CB,龍潭段,29.21,都市：住,10000,246,持分移轉,14430000
RPQNMLKKJHHGFDQ28CB,龍潭段,82.90,都市：住,1,1,全筆移轉,09870005
RPQNMLKKJHHGFDQ28CB,龍潭段,20.43,都市：住,24,1,持分移轉,09870000
RPPNMLLKJHHGFCQ18CB,中工段,10.91,非都市：工業區 ; 非都市編定：丁種建築用地,1000000,29985,持分移轉,00790006
RPPNMLLKJHHGFCQ18CB,中工段,10.91,非都市：工業區 ; 非都市編定：丁種建築用地,1000000,29985,持分移轉,00800010
RPPNMLLKJHHGFCQ18CB,中工段,2.97,非都市：工業區 ; 非都市編定：丁種建築用地,1000000,29985,持分移轉,00800009
RPRNMLMKJHHGFDQ58CB,太頂珠段,17.72,都市：住,100000,108,持分移轉,00700000
RPQNMLMKJHHGFDQ48CB,太頂珠段,18.54,都市：住,100000,113,持分移轉,00700000
RPPNMLMKJHHGFDQ38CB,太頂珠段,17.72,都市：住,100000,108,持分移轉,00700000
RPUNMLMKJHHGFDQ88CB,太頂珠段,26.74,都市：住,100000,163,持分移轉,00700000
RPTNMLMKJHHGFDQ78CB,太頂珠段,22.97,都市：住,100000,140,持分移轉,00700000
RPSNMLMKJHHGFDQ68CB,太頂珠段,26.74,都市：住,100000,163,持分移轉,00700000
RPVNMLMKJHHGFDQ98CB,太頂珠段,18.54,都市：住,100000,113,持分移轉,00700000
RPXNMLMKJHHGFDQ56CB,太頂珠段,22.97,都市：住,100000,140,持分移轉,00700000
RPWNMLMKJHHGFDQ09CB,太頂珠段,22.97,都市：住,100000,140,持分移轉,00700000
RPOOMLMKJHHGFDQ38CB,太頂珠段,22.97,都市：住,100000,140,持分移轉,00700000
RPPNMLOKJHHGFCQ48CB,新興段,97.00,都市：住,1,1,全筆移轉,04060015
RPPOMLMKJHHGFDQ48CB,太頂珠段,17.72,都市：住,100000,108,持分移轉,00700000
RPPNMLOKJHHGFBQ38CB,內厝段,107.35,都市：住,1,1,全筆移轉,10230003
RPPNMLPKJHHGFBQ48CB,內厝段,107.35,都市：住,1,1,全筆移轉,10230001
RPPNMLQKJHHGFBQ68DB,大鄉段,26.25,非都市：特定農業區 ; 非都市編定：甲種建築用地,70701,2625,持分移轉,07470000
RPPNMLPKJHHGFCQ58CB,東湖段,82.28,非都市：鄉村區 ; 非都市編定：乙種建築用地,1,1,全筆移轉,14150025
RPPNMLPKJHHGFCQ58CB,東湖段,.39,非都市：鄉村區 ; 非都市編定：乙種建築用地,31,1,持分移轉,14150003
RPPNMLPKJHHGFCQ58CB,東湖段,.48,非都市：鄉村區 ; 非都市編定：乙種建築用地,31,1,持分移轉,14150017
RPPNMLPKJHHGFCQ58CB,東湖段,16.43,非都市：鄉村區 ; 非都市編定：乙種建築用地,31,1,持分移轉,14150018
RPPNMLPKJHHGFCQ58CB,東湖段,.28,非都市：鄉村區 ; 非都市編定：乙種建築用地,31,1,持分移轉,14150034
RPPNMLPKJHHGFCQ58CB,東湖段,.32,非都市：鄉村區 ; 非都市編定：乙種建築用地,31,1,持分移轉,14150036
RPRNMLQKJHHGFBQ88DB,大鄉段,31.48,非都市：特定農業區 ; 非都市編定：甲種建築用地,70701,3148,持分移轉,07470000
RPSNMLQKJHHGFBQ98DB,大鄉段,31.48,非都市：特定農業區 ; 非都市編定：甲種建築用地,70701,3148,持分移轉,07470000
RPPNMLRKJHHGFBQ78DB,牛埔段,106.79,都市：住,1,1,全筆移轉,08590006
RPPNMLRKJHHGFBQ78DB,牛埔段,57.00,都市：住,5,1,持分移轉,08590004
RPPNMLRKJHHGFCQ88DB,新興段新興小段,93.98,都市：住,1,1,全筆移轉,00030079
RPPNMLRKJHHGFCQ88DB,新興段新興小段,28.00,都市：住,11,1,持分移轉,00030070
RPPNMLSKJHHGFBQ88DB,大鄉段,31.64,非都市：特定農業區 ; 非都市編定：甲種建築用地,70701,3164,持分移轉,07470000
RPQNMLSKJHHGFDQ09CB,太頂珠段,22.97,都市：住,100000,140,持分移轉,00700000
RPPNMLSKJHHGFCQ88CB,中工段,11.41,非都市：工業區 ; 非都市編定：丁種建築用地,1000000,31341,持分移轉,00790006
RPPNMLSKJHHGFCQ88CB,中工段,11.41,非都市：工業區 ; 非都市編定：丁種建築用地,1000000,31341,持分移轉,00800010
RPPNMLSKJHHGFCQ88CB,中工段,3.10,非都市：工業區 ; 非都市編定：丁種建築用地,1000000,31341,持分移轉,00800009
RPRNMLRKJHHGFCQ09DB,新興段新興小段,101.47,都市：住,1,1,全筆移轉,00030068
RPRNMLRKJHHGFCQ09DB,新興段新興小段,28.00,都市：住,11,1,持分移轉,00030070
RPQNMLSKJHHGFBQ98DB,大鄉段,31.64,非都市：特定農業區 ; 非都市編定：甲種建築用地,70701,3164,持分移轉,07470000
RPPNMLSKJHHGFDQ98CB,太頂珠段,22.97,都市：住,100000,140,持分移轉,00700000
RPRNMLSKJHHGFDQ56CB,太頂珠段,18.54,都市：住,100000,113,持分移轉,00700000
RPSNMLSKJHHGFDQ66CB,太頂珠段,22.97,都市：住,100000,140,持分移轉,00700000
RPTNMLSKJHHGFDQ76CB,太頂珠段,22.97,都市：住,100000,140,持分移轉,00700000
RPUNMLSKJHHGFDQ86CB,太頂珠段,26.74,都市：住,100000,163,持分移轉,00700000
RPVNMLSKJHHGFDQ96CB,太頂珠段,18.54,都市：住,100000,113,持分移轉,00700000
RPXNMLSKJHHGFDQ17CB,太頂珠段,17.72,都市：住,100000,108,持分移轉,00700000
RPPOMLSKJHHGFDQ09CB,太頂珠段,17.72,都市：住,100000,108,持分移轉,00700000
RPOOMLSKJHHGFDQ98CB,太頂珠段,22.97,都市：住,100000,140,持分移轉,00700000
RPWNMLSKJHHGFDQ07CB,太頂珠段,17.72,都市：住,100000,108,持分移轉,00700000
RPROMLSKJHHGFDQ66CB,太頂珠段,18.54,都市：住,100000,113,持分移轉,00700000
RPTOMLSKJHHGFDQ86CB,太頂珠段,24.61,都市：住,100000,150,持分移轉,00700000
RPUOMLSKJHHGFDQ96CB,水西段,88.06,都市：住,1,1,全筆移轉,11630040
RPUOMLSKJHHGFDQ96CB,水西段,.29,都市：住,38,1,持分移轉,11630042
RPSOMLSKJHHGFDQ76CB,太頂珠段,26.74,都市：住,100000,163,持分移轉,00700000
RPVOMLSKJHHGFDQ07CB,水西段,82.63,都市：住,1,1,全筆移轉,11630025
RPVOMLSKJHHGFDQ07CB,水西段,.29,都市：住,38,1,持分移轉,11630042
RPXOMLSKJHHGFDQ27CB,水西段,82.80,都市：住,1,1,全筆移轉,11630039
RPXOMLSKJHHGFDQ27CB,水西段,22.48,都市：住,17,1,持分移轉,11630016
RPXOMLSKJHHGFDQ27CB,水西段,.29,都市：住,38,1,持分移轉,11630042
RPOPMLSKJHHGFDQ09CB,水西段,87.53,都市：住,1,1,全筆移轉,11630002
RPOPMLSKJHHGFDQ09CB,水西段,22.48,都市：住,17,1,持分移轉,11630016
RPOPMLSKJHHGFDQ09CB,水西段,.29,都市：住,38,1,持分移轉,11630042
RPRPMLSKJHHGFDQ76CB,水西段,82.07,都市：住,1,1,全筆移轉,11630017
RPRPMLSKJHHGFDQ76CB,水西段,22.48,都市：住,17,1,持分移轉,11630016
RPRPMLSKJHHGFDQ76CB,水西段,.29,都市：住,38,1,持分移轉,11630042
RPQPMLSKJHHGFDQ66CB,水西段,84.13,都市：住,1,1,全筆移轉,11630032
RPQPMLSKJHHGFDQ66CB,水西段,.29,都市：住,38,1,持分移轉,11630042
RPTPMLSKJHHGFDQ96CB,水西段,85.51,都市：住,1,1,全筆移轉,11630001
RPTPMLSKJHHGFDQ96CB,水西段,22.48,都市：住,17,1,持分移轉,11630016
RPWOMLSKJHHGFDQ17CB,水西段,83.63,都市：住,1,1,全筆移轉,11630029
RPTPMLSKJHHGFDQ96CB,水西段,.29,都市：住,38,1,持分移轉,11630042
RPWOMLSKJHHGFDQ17CB,水西段,.29,都市：住,38,1,持分移轉,11630042
RPUPMLSKJHHGFDQ07CB,水西段,82.80,都市：住,1,1,全筆移轉,11630015
RPUPMLSKJHHGFDQ07CB,水西段,22.48,都市：住,17,1,持分移轉,11630016
RPUPMLSKJHHGFDQ07CB,水西段,.29,都市：住,38,1,持分移轉,11630042
RPPPMLSKJHHGFDQ56CB,水西段,102.38,都市：住,1,1,全筆移轉,11630009
RPPPMLSKJHHGFDQ56CB,水西段,.29,都市：住,38,1,持分移轉,11630042
RPSPMLSKJHHGFDQ86CB,水西段,81.00,都市：住,1,1,全筆移轉,11630034
RPSPMLSKJHHGFDQ86CB,水西段,22.48,都市：住,17,1,持分移轉,11630016
RPSPMLSKJHHGFDQ86CB,水西段,.29,都市：住,38,1,持分移轉,11630042
RPVPMLSKJHHGFDQ17CB,水西段,82.13,都市：住,1,1,全筆移轉,11630024
RPVPMLSKJHHGFDQ17CB,水西段,.29,都市：住,38,1,持分移轉,11630042
RPXPMLSKJHHGFDQ37CB,水西段,81.00,都市：住,1,1,全筆移轉,11630030
RPXPMLSKJHHGFDQ37CB,水西段,22.48,都市：住,17,1,持分移轉,11630016
RPXPMLSKJHHGFDQ37CB,水西段,.29,都市：住,38,1,持分移轉,11630042
RPWPMLSKJHHGFDQ27CB,水西段,80.74,都市：住,1,1,全筆移轉,11630022
RPWPMLSKJHHGFDQ27CB,水西段,.29,都市：住,38,1,持分移轉,11630042
RPOQMLSKJHHGFDQ56CB,水西段,82.07,都市：住,1,1,全筆移轉,11630019
RPOQMLSKJHHGFDQ56CB,水西段,.29,都市：住,38,1,持分移轉,11630042
RPTQMLSKJHHGFDQ07CB,水西段,82.80,都市：住,1,1,全筆移轉,11630026
RPTQMLSKJHHGFDQ07CB,水西段,22.48,都市：住,17,1,持分移轉,11630016
RPTQMLSKJHHGFDQ07CB,水西段,.29,都市：住,38,1,持分移轉,11630042
RPQQMLSKJHHGFDQ76CB,水西段,82.07,都市：住,1,1,全筆移轉,11630020
RPQQMLSKJHHGFDQ76CB,水西段,.29,都市：住,38,1,持分移轉,11630042
RPSQMLSKJHHGFDQ96CB,水西段,81.00,都市：住,1,1,全筆移轉,11630038
RPSQMLSKJHHGFDQ96CB,水西段,22.48,都市：住,17,1,持分移轉,11630016
RPSQMLSKJHHGFDQ96CB,水西段,.29,都市：住,38,1,持分移轉,11630042
RPUQMLSKJHHGFDQ17CB,水西段,81.62,都市：住,1,1,全筆移轉,11630023
RPUQMLSKJHHGFDQ17CB,水西段,.29,都市：住,38,1,持分移轉,11630042
RPVQMLSKJHHGFDQ27CB,水西段,107.61,都市：住,1,1,全筆移轉,11630004
RPVQMLSKJHHGFDQ27CB,水西段,22.48,都市：住,17,1,持分移轉,11630016
RPVQMLSKJHHGFDQ27CB,水西段,.29,都市：住,38,1,持分移轉,11630042
RPWQMLSKJHHGFDQ37CB,水西段,82.07,都市：住,1,1,全筆移轉,11630018
RPWQMLSKJHHGFDQ37CB,水西段,.29,都市：住,38,1,持分移轉,11630042
RPPQMLSKJHHGFDQ66CB,水西段,81.00,都市：住,1,1,全筆移轉,11630027
RPPQMLSKJHHGFDQ66CB,水西段,22.48,都市：住,17,1,持分移轉,11630016
RPPQMLSKJHHGFDQ66CB,水西段,.29,都市：住,38,1,持分移轉,11630042
RPXQMLSKJHHGFDQ47CB,水西段,95.47,都市：住,1,1,全筆移轉,11630010
RPXQMLSKJHHGFDQ47CB,水西段,.29,都市：住,38,1,持分移轉,11630042
RPORMLSKJHHGFDQ66CB,水西段,97.43,都市：住,1,1,全筆移轉,11630006
RPORMLSKJHHGFDQ66CB,水西段,22.48,都市：住,17,1,持分移轉,11630016
RPORMLSKJHHGFDQ66CB,水西段,.29,都市：住,38,1,持分移轉,11630042
RPRRMLSKJHHGFDQ96CB,水西段,83.90,都市：住,1,1,全筆移轉,11630013
RPPRMLSKJHHGFDQ76CB,水西段,94.95,都市：住,1,1,全筆移轉,11630003
RPRRMLSKJHHGFDQ96CB,水西段,.29,都市：住,38,1,持分移轉,11630042
RPPRMLSKJHHGFDQ76CB,水西段,22.48,都市：住,17,1,持分移轉,11630016
RPPRMLSKJHHGFDQ76CB,水西段,.29,都市：住,38,1,持分移轉,11630042
RPQRMLSKJHHGFDQ86CB,水西段,88.56,都市：住,1,1,全筆移轉,11630011
RPQRMLSKJHHGFDQ86CB,水西段,.29,都市：住,38,1,持分移轉,11630042
RPWRMLSKJHHGFDQ47CB,水西段,79.37,都市：住,1,1,全筆移轉,11630021
RPWRMLSKJHHGFDQ47CB,水西段,.29,都市：住,38,1,持分移轉,11630042
RPURMLSKJHHGFDQ27CB,水西段,85.13,都市：住,1,1,全筆移轉,11630036
RPURMLSKJHHGFDQ27CB,水西段,.29,都市：住,38,1,持分移轉,11630042
RPXRMLSKJHHGFDQ57CB,水西段,108.40,都市：住,1,1,全筆移轉,11630012
RPXRMLSKJHHGFDQ57CB,水西段,.29,都市：住,38,1,持分移轉,11630042
RPOSMLSKJHHGFDQ76CB,水西段,85.63,都市：住,1,1,全筆移轉,11630037
RPOSMLSKJHHGFDQ76CB,水西段,.29,都市：住,38,1,持分移轉,11630042
RPTRMLSKJHHGFDQ17CB,水西段,84.63,都市：住,1,1,全筆移轉,11630033
RPTRMLSKJHHGFDQ17CB,水西段,.29,都市：住,38,1,持分移轉,11630042
RPVRMLSKJHHGFDQ37CB,水西段,81.00,都市：住,1,1,全筆移轉,11630031
RPVRMLSKJHHGFDQ37CB,水西段,22.48,都市：住,17,1,持分移轉,11630016
RPVRMLSKJHHGFDQ37CB,水西段,.29,都市：住,38,1,持分移轉,11630042
RPPSMLSKJHHGFDQ86CB,水西段,81.00,都市：住,1,1,全筆移轉,11630035
RPPSMLSKJHHGFDQ86CB,水西段,22.48,都市：住,17,1,持分移轉,11630016
RPPSMLSKJHHGFDQ86CB,水西段,.29,都市：住,38,1,持分移轉,11630042
RPRSMLSKJHHGFDQ07CB,水西段,58.19,都市：住,1,1,全筆移轉,11630007
RPRSMLSKJHHGFDQ07CB,水西段,112.65,都市：住,1,1,全筆移轉,11630008
RPRSMLSKJHHGFDQ07CB,水西段,.29,都市：住,38,1,持分移轉,11630042
RPSSMLSKJHHGFDQ17CB,水西段,83.13,都市：住,1,1,全筆移轉,11630028
RPSSMLSKJHHGFDQ17CB,水西段,.29,都市：住,38,1,持分移轉,11630042
RPVSMLSKJHHGFDQ47CB,水西段,31.15,都市：住,10000,404,持分移轉,11630000
RPVSMLSKJHHGFDQ47CB,水西段,11.11,都市：住,10000,404,持分移轉,11630043
RPVSMLSKJHHGFDQ47CB,水西段,7.84,都市：住,10000,404,持分移轉,11630041
RPVSMLSKJHHGFDQ47CB,水西段,.95,都市：住,10000,404,持分移轉,11610016
RPQSMLSKJHHGFDQ96CB,水西段,82.07,都市：住,1,1,全筆移轉,11630014
RPQSMLSKJHHGFDQ96CB,水西段,22.48,都市：住,17,1,持分移轉,11630016
RPQSMLSKJHHGFDQ96CB,水西段,.29,都市：住,38,1,持分移轉,11630042
RPQNMLTKJHHGFCQ09CB,板頭段,104.24,非都市：鄉村區 ; 非都市編定：乙種建築用地,1,1,全筆移轉,03980005
RPQNMLTKJHHGFCQ09CB,板頭段,23.57,非都市：鄉村區 ; 非都市編定：乙種建築用地,5,1,持分移轉,03980006
RPTSMLSKJHHGFDQ27CB,水西段,18.04,都市：住,10000,234,持分移轉,11630000
RPTSMLSKJHHGFDQ27CB,水西段,6.44,都市：住,10000,234,持分移轉,11630043
RPTSMLSKJHHGFDQ27CB,水西段,4.54,都市：住,10000,234,持分移轉,11630041
RPTSMLSKJHHGFDQ27CB,水西段,.55,都市：住,10000,234,持分移轉,11610016
RPUSMLSKJHHGFDQ37CB,水西段,18.04,都市：住,10000,234,持分移轉,11630000
RPUSMLSKJHHGFDQ37CB,水西段,6.44,都市：住,10000,234,持分移轉,11630043
RPUSMLSKJHHGFDQ37CB,水西段,4.54,都市：住,10000,234,持分移轉,11630041
RPUSMLSKJHHGFDQ37CB,水西段,.55,都市：住,10000,234,持分移轉,11610016
RPQNMLTKJHHGFCQ56DB,新興段新興小段,101.79,都市：住,1,1,全筆移轉,00030061
RPPNMLTKJHHGFCQ09DB,平林段,93.00,都市：農,1,1,全筆移轉,08860063
RPPNMLTKJHHGFCQ09DB,平林段,.42,都市：農,48,1,持分移轉,08850012
RPPNMLTKJHHGFCQ09DB,平林段,8.15,都市：農,48,1,持分移轉,08860059
RPPNMLKLJHHGFCQ18CB,板頭段,91.00,非都市：鄉村區 ; 非都市編定：乙種建築用地,1,1,全筆移轉,03980003
RPPNMLKLJHHGFCQ18CB,板頭段,23.57,非都市：鄉村區 ; 非都市編定：乙種建築用地,5,1,持分移轉,03980006
RPPNMLMLJHHGFDQ48CB,龍潭段,181.28,都市：住,1,1,全筆移轉,05900012
RPPNMLLLJHHGFDQ38CB,北興段,126.74,都市：住,1,1,全筆移轉,04910036
RPPNMLMLJHHGFDQ48CB,龍潭段,25.94,都市：住,8,1,持分移轉,05900047
RPPNMLLLJHHGFDQ38CB,北興段,50.03,都市：住,1135,50,持分移轉,04910000
RPPNMLLLJHHGFDQ38CB,北興段,.23,都市：住,39,1,持分移轉,04910014
RPPNMLLLJHHGFDQ38CB,北興段,.23,都市：住,39,1,持分移轉,04910015
RPPNMLLLJHHGFDQ38CB,北興段,.54,都市：住,39,1,持分移轉,04910016
RPPNMLLLJHHGFDQ38CB,北興段,.38,都市：住,39,1,持分移轉,04910017
RPPNMLLLJHHGFDQ38CB,北興段,.14,都市：住,39,1,持分移轉,04910018
RPPNMLLLJHHGFDQ38CB,北興段,.50,都市：住,39,1,持分移轉,04910019
RPPNMLMLJHHGFDQ58DB,東新段,90.00,都市：住,1,1,全筆移轉,01700020
RPPNMLMLJHHGFDQ58DB,東新段,19.75,都市：住,19,1,持分移轉,01700022
RPQNMLLLJHHGFDQ48CB,北興段,70.20,都市：住,1,1,全筆移轉,04910033
RPRNMLMLJHHGFDQ78DB,東新段,114.20,都市：住,1,1,全筆移轉,01700050
RPQNMLLLJHHGFDQ48CB,北興段,50.03,都市：住,1135,50,持分移轉,04910000
RPRNMLMLJHHGFDQ78DB,東新段,22.63,都市：住,17,1,持分移轉,01700049
RPQNMLLLJHHGFDQ48CB,北興段,.23,都市：住,39,1,持分移轉,04910014
RPQNMLLLJHHGFDQ48CB,北興段,.23,都市：住,39,1,持分移轉,04910015
RPQNMLLLJHHGFDQ48CB,北興段,.54,都市：住,39,1,持分移轉,04910016
RPQNMLLLJHHGFDQ48CB,北興段,.38,都市：住,39,1,持分移轉,04910017
RPQNMLLLJHHGFDQ48CB,北興段,.14,都市：住,39,1,持分移轉,04910018
RPQNMLLLJHHGFDQ48CB,北興段,.50,都市：住,39,1,持分移轉,04910019
RPQNMLMLJHHGFDQ68DB,東新段,105.64,都市：住,1,1,全筆移轉,01700006
RPPNMLPLJHHGFDQ78CB,水西段,23.90,都市：住,10000,310,持分移轉,11630000
RPPNMLPLJHHGFDQ78CB,水西段,8.53,都市：住,10000,310,持分移轉,11630043
RPPNMLPLJHHGFDQ78CB,水西段,6.01,都市：住,10000,310,持分移轉,11630041
RPPNMLNLJHHGFCQ48CB,永祿段,65.50,都市：住,1,1,全筆移轉,01750039
RPPNMLPLJHHGFDQ78CB,水西段,.73,都市：住,10000,310,持分移轉,11610016
RPPNMLNLJHHGFCQ48CB,永祿段,.10,都市：住,24,1,持分移轉,01750035
RPPNMLNLJHHGFCQ48CB,永祿段,22.46,都市：住,20,1,持分移轉,01750036
RPPNMLNLJHHGFCQ48CB,永祿段,.40,都市：住,24,1,持分移轉,01750047
RPQNMLPLJHHGFDQ88CB,水西段,27.83,都市：住,10000,361,持分移轉,11630000
RPQNMLPLJHHGFDQ88CB,水西段,9.93,都市：住,10000,361,持分移轉,11630043
RPQNMLPLJHHGFDQ88CB,水西段,7.00,都市：住,10000,361,持分移轉,11630041
RPQNMLPLJHHGFDQ88CB,水西段,.85,都市：住,10000,361,持分移轉,11610016
RPQNMLNLJHHGFCQ58CB,東湖段,80.81,非都市：鄉村區 ; 非都市編定：乙種建築用地,1,1,全筆移轉,14150007
RPQNMLNLJHHGFCQ58CB,東湖段,.39,非都市：鄉村區 ; 非都市編定：乙種建築用地,31,1,持分移轉,14150003
RPQNMLNLJHHGFCQ58CB,東湖段,.48,非都市：鄉村區 ; 非都市編定：乙種建築用地,31,1,持分移轉,14150017
RPQNMLNLJHHGFCQ58CB,東湖段,16.43,非都市：鄉村區 ; 非都市編定：乙種建築用地,31,1,持分移轉,14150018
RPQNMLNLJHHGFCQ58CB,東湖段,.28,非都市：鄉村區 ; 非都市編定：乙種建築用地,31,1,持分移轉,14150034
RPQNMLNLJHHGFCQ58CB,東湖段,.32,非都市：鄉村區 ; 非都市編定：乙種建築用地,31,1,持分移轉,14150036
RPRNMLPLJHHGFDQ98CB,水西段,27.83,都市：住,10000,361,持分移轉,11630000
RPRNMLPLJHHGFDQ98CB,水西段,9.93,都市：住,10000,361,持分移轉,11630043
RPRNMLPLJHHGFDQ98CB,水西段,7.00,都市：住,10000,361,持分移轉,11630041
RPRNMLPLJHHGFDQ98CB,水西段,.85,都市：住,10000,361,持分移轉,11610016
RPTNMLPLJHHGFDQ56CB,太頂珠段,18.54,都市：住,100000,113,持分移轉,00700000
RPSNMLPLJHHGFDQ09CB,水西段,27.83,都市：住,10000,361,持分移轉,11630000
RPSNMLPLJHHGFDQ09CB,水西段,9.93,都市：住,10000,361,持分移轉,11630043
RPSNMLPLJHHGFDQ09CB,水西段,7.00,都市：住,10000,361,持分移轉,11630041
RPSNMLPLJHHGFDQ09CB,水西段,.85,都市：住,10000,361,持分移轉,11610016
RPUNMLPLJHHGFDQ66CB,太頂珠段,17.72,都市：住,100000,108,持分移轉,00700000
RPWNMLPLJHHGFDQ86CB,太頂珠段,17.72,都市：住,100000,108,持分移轉,00700000
RPPOMLPLJHHGFDQ88CB,太頂珠段,17.72,都市：住,100000,108,持分移轉,00700000
RPQOMLPLJHHGFDQ98CB,太頂珠段,18.54,都市：住,100000,113,持分移轉,00700000
RPOOMLPLJHHGFDQ78CB,太頂珠段,17.72,都市：住,100000,108,持分移轉,00700000
RPVNMLPLJHHGFDQ76CB,太頂珠段,17.72,都市：住,100000,108,持分移轉,00700000
RPROMLPLJHHGFDQ09CB,太頂珠段,30.52,都市：住,100000,186,持分移轉,00700000
RPRNMLQLJHHGFDQ09CB,中庄仔段,92.07,都市：住,1,1,全筆移轉,01260002
RPSNMLQLJHHGFDQ56CB,中庄仔段,91.12,都市：住,1,1,全筆移轉,01260003
RPVNMLQLJHHGFDQ86CB,中庄仔段,93.02,都市：住,1,1,全筆移轉,01260001
RPUNMLQLJHHGFDQ76CB,中庄仔段,96.18,都市：住,1,1,全筆移轉,01260000
RPTNMLQLJHHGFDQ66CB,中庄仔段,89.37,都市：住,1,1,全筆移轉,01260005
RPPNMLRLJHHGFCQ88CB,板頭段,93.87,非都市：鄉村區 ; 非都市編定：乙種建築用地,1,1,全筆移轉,03980001
RPPNMLRLJHHGFCQ88CB,板頭段,23.57,非都市：鄉村區 ; 非都市編定：乙種建築用地,5,1,持分移轉,03980006
RPPNMLRLJHHGFDQ09DB,過溝段過溝小段,86.00,都市：住,1,1,全筆移轉,10570024
RPPNMLRLJHHGFDQ09DB,過溝段過溝小段,1.00,都市：住,1,1,全筆移轉,10570025
RPPNMLRLJHHGFDQ09DB,過溝段過溝小段,38.33,都市：住,6,1,持分移轉,10570000
RPQNMLRLJHHGFDQ56DB,過溝段過溝小段,90.54,都市：住,1,1,全筆移轉,10570040
RPQNMLRLJHHGFDQ56DB,過溝段過溝小段,5.17,都市：住,1,1,全筆移轉,11340047
RPQNMLRLJHHGFCQ98CB,三間厝段,39.58,非都市：鄉村區 ; 非都市編定：乙種建築用地,1000000,49284,持分移轉,03540000
RPQNMLRLJHHGFCQ98CB,三間厝段,3.79,非都市：鄉村區 ; 非都市編定：乙種建築用地,1000000,49284,持分移轉,03550000
RPPNMLSLJHHGFCQ98CB,崙子頂段,103.01,非都市：鄉村區 ; 非都市編定：乙種建築用地,1,1,全筆移轉,02580015
RPPNMLSLJHHGFCQ98CB,崙子頂段,20.59,非都市：鄉村區 ; 非都市編定：乙種建築用地,64,1,持分移轉,02580014
RPRNMLRLJHHGFCQ56DB,平林段,114.00,都市：農,1,1,全筆移轉,08860060
RPRNMLRLJHHGFCQ56DB,平林段,9.00,都市：農,1,1,全筆移轉,08850005
RPRNMLRLJHHGFCQ56DB,平林段,19.00,都市：農,1,1,全筆移轉,08850013
RPRNMLRLJHHGFCQ56DB,平林段,.42,都市：農,48,1,持分移轉,08850012
RPRNMLRLJHHGFCQ56DB,平林段,8.15,都市：農,48,1,持分移轉,08860059
RPPNMLRJKHHGFCQ78CB,豐收段,28.10,非都市：鄉村區 ; 非都市編定：乙種建築用地,10000,495,持分移轉,09910030
RPPNMLRJKHHGFCQ78CB,豐收段,.99,非都市：鄉村區 ; 非都市編定：乙種建築用地,10000,149,持分移轉,09910031
RPPNMLRJKHHGFCQ78CB,豐收段,5.83,非都市：鄉村區 ; 非都市編定：乙種建築用地,10000,149,持分移轉,09910022
RPSNMLRJKHHGFBQ98CB,鎮安段,36.18,都市：住,100000,4735,持分移轉,12840006
RPQNMLRJKHHGFBQ78CB,鎮安段,32.34,都市：住,100000,4233,持分移轉,12840006
RPRNMLRJKHHGFBQ88CB,鎮安段,31.99,都市：住,100000,4187,持分移轉,12840006
RPTNMLRJKHHGFBQ09CB,鎮安段,36.18,都市：住,100000,4735,持分移轉,12840006
RPVNMLRJKHHGFDQ86CB,龍潭段,29.21,都市：住,10000,246,持分移轉,14430000
RPWNMLRJKHHGFDQ96CB,太頂珠段,18.54,都市：住,100000,113,持分移轉,00700000
RPPOMLRJKHHGFDQ98CB,太頂珠段,30.52,都市：住,100000,186,持分移轉,00700000
RPOOMLRJKHHGFDQ88CB,太頂珠段,17.72,都市：住,100000,108,持分移轉,00700000
RPXNMLRJKHHGFDQ07CB,太頂珠段,30.52,都市：住,100000,186,持分移轉,00700000
RPSOMLRJKHHGFDQ66CB,太頂珠段,26.74,都市：住,100000,163,持分移轉,00700000
RPQOMLRJKHHGFDQ09CB,太頂珠段,22.97,都市：住,100000,140,持分移轉,00700000
RPPNMLSJKHHGFBQ78CB,鎮安段,32.34,都市：住,100000,4233,持分移轉,12840006
RPTOMLRJKHHGFDQ76CB,太頂珠段,26.74,都市：住,100000,163,持分移轉,00700000
RPUOMLRJKHHGFDQ86CB,太頂珠段,30.52,都市：住,100000,186,持分移轉,00700000
RPQNMLSJKHHGFBQ88CB,鎮安段,32.34,都市：住,100000,4233,持分移轉,12840006
RPSNMLSJKHHGFBQ09CB,鎮安段,43.48,都市：住,100000,5691,持分移轉,12840006
RPTNMLSJKHHGFBQ56CB,鎮安段,47.02,都市：住,100000,6154,持分移轉,12840006
RPQNMLKKKHHGFCQ28CB,新興段,103.00,都市：住,1,1,全筆移轉,04060028
RPRNMLSJKHHGFBQ98CB,鎮安段,31.99,都市：住,100000,4187,持分移轉,12840006
RPPNMLLKKHHGFCQ38DB,甘蔗崙段甘蔗崙小段,100.00,都市：住,1,1,全筆移轉,01380006
RPUNMLSJKHHGFBQ66CB,鎮安段,31.99,都市：住,100000,4187,持分移轉,12840006
RPPNMLKKKHHGFDQ28CB,北興段,142.72,都市：住,1,1,全筆移轉,04910045
RPPNMLKKKHHGFDQ28CB,北興段,14.01,都市：住,1135,14,持分移轉,04910000
RPPNMLKKKHHGFDQ28CB,北興段,.23,都市：住,39,1,持分移轉,04910014
RPPNMLKKKHHGFDQ28CB,北興段,.23,都市：住,39,1,持分移轉,04910015
RPPNMLKKKHHGFDQ28CB,北興段,.54,都市：住,39,1,持分移轉,04910016
RPPNMLKKKHHGFDQ28CB,北興段,.38,都市：住,39,1,持分移轉,04910017
RPPNMLKKKHHGFDQ28CB,北興段,.14,都市：住,39,1,持分移轉,04910018
RPPNMLKKKHHGFDQ28CB,北興段,.50,都市：住,39,1,持分移轉,04910019
RPPNMLKKKHHGFDQ28CB,北興段,7.50,都市：住,1,1,全筆移轉,04910046
RPQNMLKKKHHGFDQ38CB,北興段,132.28,都市：住,1,1,全筆移轉,04910047
RPQNMLKKKHHGFDQ38CB,北興段,14.01,都市：住,1135,14,持分移轉,04910000
RPQNMLKKKHHGFDQ38CB,北興段,.23,都市：住,39,1,持分移轉,04910014
RPQNMLKKKHHGFDQ38CB,北興段,.23,都市：住,39,1,持分移轉,04910015
RPQNMLKKKHHGFDQ38CB,北興段,.54,都市：住,39,1,持分移轉,04910016
RPQNMLKKKHHGFDQ38CB,北興段,.38,都市：住,39,1,持分移轉,04910017
RPQNMLKKKHHGFDQ38CB,北興段,.14,都市：住,39,1,持分移轉,04910018
RPQNMLKKKHHGFDQ38CB,北興段,.50,都市：住,39,1,持分移轉,04910019
RPQNMLKKKHHGFDQ38CB,北興段,26.42,都市：住,1,1,全筆移轉,04910048
RPQNMLLKKHHGFCQ38CB,豐收段,89.71,非都市：鄉村區 ; 非都市編定：乙種建築用地,1,1,全筆移轉,09910027
RPQNMLLKKHHGFCQ38CB,豐收段,3.32,非都市：鄉村區 ; 非都市編定：乙種建築用地,10000,500,持分移轉,09910031
RPQNMLLKKHHGFCQ38CB,豐收段,19.58,非都市：鄉村區 ; 非都市編定：乙種建築用地,10000,500,持分移轉,09910022
RPPNMLLKKHHGFCQ28CB,大工一段,118.94,非都市：工業區 ; 非都市編定：丁種建築用地,1,1,全筆移轉,01780084
RPPNMLLKKHHGFCQ28CB,大工一段,12.80,非都市：工業區 ; 非都市編定：丁種建築用地,45,1,持分移轉,01780052
RPPNMLLKKHHGFCQ28CB,大工一段,24.75,非都市：工業區 ; 非都市編定：丁種建築用地,16,1,持分移轉,01780075
RPQNMLOKKHHGFCQ68CB,大工一段,119.32,非都市：工業區 ; 非都市編定：丁種建築用地,1,1,全筆移轉,01780057
RPQNMLOKKHHGFCQ68CB,大工一段,12.80,非都市：工業區 ; 非都市編定：丁種建築用地,45,1,持分移轉,01780052
RPPNMLOKKHHGFCQ58CB,大工一段,118.94,非都市：工業區 ; 非都市編定：丁種建築用地,1,1,全筆移轉,01780088
RPPNMLOKKHHGFCQ58CB,大工一段,12.80,非都市：工業區 ; 非都市編定：丁種建築用地,45,1,持分移轉,01780052
RPPNMLOKKHHGFCQ58CB,大工一段,25.11,非都市：工業區 ; 非都市編定：丁種建築用地,14,1,持分移轉,01780076
RPPNMLMKKHHGFCQ38CB,大工一段,118.94,非都市：工業區 ; 非都市編定：丁種建築用地,1,1,全筆移轉,01780081
RPPNMLMKKHHGFCQ38CB,大工一段,12.80,非都市：工業區 ; 非都市編定：丁種建築用地,45,1,持分移轉,01780052
RPPNMLMKKHHGFCQ38CB,大工一段,24.75,非都市：工業區 ; 非都市編定：丁種建築用地,16,1,持分移轉,01780075
RPPNMLPKKHHGFCQ68CB,大工一段,118.94,非都市：工業區 ; 非都市編定：丁種建築用地,1,1,全筆移轉,01780086
RPPNMLPKKHHGFCQ68CB,大工一段,12.80,非都市：工業區 ; 非都市編定：丁種建築用地,45,1,持分移轉,01780052
RPPNMLPKKHHGFCQ68CB,大工一段,25.11,非都市：工業區 ; 非都市編定：丁種建築用地,14,1,持分移轉,01780076
RPRNMLOKKHHGFCQ78CB,大工一段,118.94,非都市：工業區 ; 非都市編定：丁種建築用地,1,1,全筆移轉,01780085
RPRNMLOKKHHGFCQ78CB,大工一段,12.80,非都市：工業區 ; 非都市編定：丁種建築用地,45,1,持分移轉,01780052
RPRNMLOKKHHGFCQ78CB,大工一段,25.11,非都市：工業區 ; 非都市編定：丁種建築用地,14,1,持分移轉,01780076
RPQNMLPKKHHGFCQ78CB,大工一段,117.25,非都市：工業區 ; 非都市編定：丁種建築用地,1,1,全筆移轉,01780091
RPQNMLPKKHHGFCQ78CB,大工一段,12.80,非都市：工業區 ; 非都市編定：丁種建築用地,45,1,持分移轉,01780052
RPQNMLPKKHHGFCQ78CB,大工一段,25.11,非都市：工業區 ; 非都市編定：丁種建築用地,14,1,持分移轉,01780076
RPQNMLLKKHHGFCQ48DB,甘蔗崙段甘蔗崙小段,94.00,都市：住,1,1,全筆移轉,01380014
RPTNMLPKKHHGFCQ09CB,大工一段,119.32,非都市：工業區 ; 非都市編定：丁種建築用地,1,1,全筆移轉,01780054
RPSNMLOKKHHGFCQ88CB,大工一段,118.94,非都市：工業區 ; 非都市編定：丁種建築用地,1,1,全筆移轉,01780083
RPTNMLPKKHHGFCQ09CB,大工一段,12.80,非都市：工業區 ; 非都市編定：丁種建築用地,45,1,持分移轉,01780052
RPSNMLOKKHHGFCQ88CB,大工一段,12.80,非都市：工業區 ; 非都市編定：丁種建築用地,45,1,持分移轉,01780052
RPSNMLOKKHHGFCQ88CB,大工一段,24.75,非都市：工業區 ; 非都市編定：丁種建築用地,16,1,持分移轉,01780075
RPRNMLPKKHHGFCQ88CB,大工一段,119.32,非都市：工業區 ; 非都市編定：丁種建築用地,1,1,全筆移轉,01780055
RPRNMLPKKHHGFCQ88CB,大工一段,12.80,非都市：工業區 ; 非都市編定：丁種建築用地,45,1,持分移轉,01780052
RPVNMLPKKHHGFCQ66CB,大工一段,131.76,非都市：工業區 ; 非都市編定：丁種建築用地,1,1,全筆移轉,01780000
RPVNMLPKKHHGFCQ66CB,大工一段,12.80,非都市：工業區 ; 非都市編定：丁種建築用地,45,1,持分移轉,01780052
RPUNMLPKKHHGFCQ56CB,大工一段,119.32,非都市：工業區 ; 非都市編定：丁種建築用地,1,1,全筆移轉,01780053
RPUNMLPKKHHGFCQ56CB,大工一段,12.80,非都市：工業區 ; 非都市編定：丁種建築用地,45,1,持分移轉,01780052
RPXNMLPKKHHGFCQ86CB,大工一段,118.94,非都市：工業區 ; 非都市編定：丁種建築用地,1,1,全筆移轉,01780080
RPXNMLPKKHHGFCQ86CB,大工一段,12.80,非都市：工業區 ; 非都市編定：丁種建築用地,45,1,持分移轉,01780052
RPXNMLPKKHHGFCQ86CB,大工一段,24.75,非都市：工業區 ; 非都市編定：丁種建築用地,16,1,持分移轉,01780075
RPOOMLPKKHHGFCQ68CB,大工一段,119.32,非都市：工業區 ; 非都市編定：丁種建築用地,1,1,全筆移轉,01780051
RPOOMLPKKHHGFCQ68CB,大工一段,12.80,非都市：工業區 ; 非都市編定：丁種建築用地,45,1,持分移轉,01780052
RPQNMLPKKHHGFBQ68CB,鎮安段,31.99,都市：住,100000,4187,持分移轉,12840006
RPPNMLQKKHHGFCQ78CB,大工一段,119.32,非都市：工業區 ; 非都市編定：丁種建築用地,1,1,全筆移轉,01780050
RPPNMLQKKHHGFCQ78CB,大工一段,12.80,非都市：工業區 ; 非都市編定：丁種建築用地,45,1,持分移轉,01780052
RPQNMLQKKHHGFCQ88CB,大工一段,119.32,非都市：工業區 ; 非都市編定：丁種建築用地,1,1,全筆移轉,01780049
RPQNMLQKKHHGFCQ88CB,大工一段,12.80,非都市：工業區 ; 非都市編定：丁種建築用地,45,1,持分移轉,01780052
RPRNMLQKKHHGFCQ98CB,大工一段,118.94,非都市：工業區 ; 非都市編定：丁種建築用地,1,1,全筆移轉,01780089
RPRNMLQKKHHGFCQ98CB,大工一段,12.80,非都市：工業區 ; 非都市編定：丁種建築用地,45,1,持分移轉,01780052
RPRNMLQKKHHGFCQ98CB,大工一段,25.11,非都市：工業區 ; 非都市編定：丁種建築用地,14,1,持分移轉,01780076
RPWNMLPKKHHGFCQ76CB,大工一段,116.58,非都市：工業區 ; 非都市編定：丁種建築用地,1,1,全筆移轉,01780090
RPWNMLPKKHHGFCQ76CB,大工一段,12.80,非都市：工業區 ; 非都市編定：丁種建築用地,45,1,持分移轉,01780052
RPWNMLPKKHHGFCQ76CB,大工一段,25.11,非都市：工業區 ; 非都市編定：丁種建築用地,14,1,持分移轉,01780076
RPTNMLQKKHHGFCQ56CB,大工一段,118.94,非都市：工業區 ; 非都市編定：丁種建築用地,1,1,全筆移轉,01780079
RPTNMLQKKHHGFCQ56CB,大工一段,12.80,非都市：工業區 ; 非都市編定：丁種建築用地,45,1,持分移轉,01780052
RPTNMLQKKHHGFCQ56CB,大工一段,24.75,非都市：工業區 ; 非都市編定：丁種建築用地,16,1,持分移轉,01780075
RPUNMLQKKHHGFCQ66CB,大工一段,121.16,非都市：工業區 ; 非都市編定：丁種建築用地,1,1,全筆移轉,01780059
RPUNMLQKKHHGFCQ66CB,大工一段,12.80,非都市：工業區 ; 非都市編定：丁種建築用地,45,1,持分移轉,01780052
RPPNMLPKKHHGFBQ58CB,鎮安段,43.48,都市：住,100000,5691,持分移轉,12840006
RPOOMLQKKHHGFCQ78CB,大工一段,119.32,非都市：工業區 ; 非都市編定：丁種建築用地,1,1,全筆移轉,01780056
RPOOMLQKKHHGFCQ78CB,大工一段,12.80,非都市：工業區 ; 非都市編定：丁種建築用地,45,1,持分移轉,01780052
RPXNMLQKKHHGFCQ96CB,大工一段,119.32,非都市：工業區 ; 非都市編定：丁種建築用地,1,1,全筆移轉,01780048
RPXNMLQKKHHGFCQ96CB,大工一段,12.80,非都市：工業區 ; 非都市編定：丁種建築用地,45,1,持分移轉,01780052
RPPOMLQKKHHGFCQ88CB,大工一段,119.32,非都市：工業區 ; 非都市編定：丁種建築用地,1,1,全筆移轉,01780047
RPPOMLQKKHHGFCQ88CB,大工一段,12.80,非都市：工業區 ; 非都市編定：丁種建築用地,45,1,持分移轉,01780052
RPROMLQKKHHGFCQ09CB,大工一段,116.09,非都市：工業區 ; 非都市編定：丁種建築用地,1,1,全筆移轉,01780078
RPROMLQKKHHGFCQ09CB,大工一段,12.80,非都市：工業區 ; 非都市編定：丁種建築用地,45,1,持分移轉,01780052
RPROMLQKKHHGFCQ09CB,大工一段,24.75,非都市：工業區 ; 非都市編定：丁種建築用地,16,1,持分移轉,01780075
RPQOMLQKKHHGFCQ98CB,大工一段,119.32,非都市：工業區 ; 非都市編定：丁種建築用地,1,1,全筆移轉,01780046
RPQOMLQKKHHGFCQ98CB,大工一段,12.80,非都市：工業區 ; 非都市編定：丁種建築用地,45,1,持分移轉,01780052
RPWNMLQKKHHGFCQ86CB,大工一段,109.29,非都市：工業區 ; 非都市編定：丁種建築用地,1,1,全筆移轉,01780077
RPWNMLQKKHHGFCQ86CB,大工一段,12.80,非都市：工業區 ; 非都市編定：丁種建築用地,45,1,持分移轉,01780052
RPWNMLQKKHHGFCQ86CB,大工一段,24.75,非都市：工業區 ; 非都市編定：丁種建築用地,16,1,持分移轉,01780075
RPPNMLRKKHHGFCQ88CB,崙子頂段,88.01,非都市：鄉村區 ; 非都市編定：乙種建築用地,1,1,全筆移轉,02580061
RPPNMLRKKHHGFCQ88CB,崙子頂段,20.59,非都市：鄉村區 ; 非都市編定：乙種建築用地,64,1,持分移轉,02580014
RPQNMLRKKHHGFCQ98CB,大工一段,119.32,非都市：工業區 ; 非都市編定：丁種建築用地,1,1,全筆移轉,01780058
RPQNMLRKKHHGFCQ98CB,大工一段,12.80,非都市：工業區 ; 非都市編定：丁種建築用地,45,1,持分移轉,01780052
RPQNMLRKKHHGFCQ09DB,新興段新興小段,99.24,都市：住,1,1,全筆移轉,00030062
RPPNMLSKKHHGFCQ98CB,大工一段,118.94,非都市：工業區 ; 非都市編定：丁種建築用地,1,1,全筆移轉,01780087
RPPNMLSKKHHGFCQ98CB,大工一段,12.80,非都市：工業區 ; 非都市編定：丁種建築用地,45,1,持分移轉,01780052
RPPNMLSKKHHGFCQ98CB,大工一段,25.11,非都市：工業區 ; 非都市編定：丁種建築用地,14,1,持分移轉,01780076
RPPNMLRKKHHGFCQ98DB,三角段,103.00,非都市：鄉村區 ; 非都市編定：乙種建築用地,1,1,全筆移轉,01420053
RPPNMLRKKHHGFCQ98DB,三角段,21.28,非都市：鄉村區 ; 非都市編定：乙種建築用地,32,1,持分移轉,01420034
RPQNMLSKKHHGFCQ09CB,中工段,11.41,非都市：工業區 ; 非都市編定：丁種建築用地,1000000,31341,持分移轉,00790006
RPQNMLSKKHHGFCQ09CB,中工段,11.41,非都市：工業區 ; 非都市編定：丁種建築用地,1000000,31341,持分移轉,00800010
RPQNMLSKKHHGFCQ09CB,中工段,3.10,非都市：工業區 ; 非都市編定：丁種建築用地,1000000,31341,持分移轉,00800009
RPRNMLSKKHHGFCQ56CB,中工段,11.05,非都市：工業區 ; 非都市編定：丁種建築用地,1000000,30356,持分移轉,00790006
RPRNMLSKKHHGFCQ56CB,中工段,11.05,非都市：工業區 ; 非都市編定：丁種建築用地,1000000,30356,持分移轉,00800010
RPRNMLSKKHHGFCQ56CB,中工段,3.01,非都市：工業區 ; 非都市編定：丁種建築用地,1000000,30356,持分移轉,00800009
RPRNMLRKKHHGFCQ09CB,大工一段,119.32,非都市：工業區 ; 非都市編定：丁種建築用地,1,1,全筆移轉,01780045
RPRNMLRKKHHGFCQ09CB,大工一段,12.80,非都市：工業區 ; 非都市編定：丁種建築用地,45,1,持分移轉,01780052
RPSNMLSKKHHGFCQ66CB,中工段,11.05,非都市：工業區 ; 非都市編定：丁種建築用地,1000000,30356,持分移轉,00790006
RPSNMLSKKHHGFCQ66CB,中工段,11.05,非都市：工業區 ; 非都市編定：丁種建築用地,1000000,30356,持分移轉,00800010
RPSNMLSKKHHGFCQ66CB,中工段,3.01,非都市：工業區 ; 非都市編定：丁種建築用地,1000000,30356,持分移轉,00800009
RPQNMLKLKHHGFCQ38CB,東湖段,96.03,非都市：鄉村區 ; 非都市編定：乙種建築用地,1,1,全筆移轉,14150013
RPQNMLKLKHHGFCQ38CB,東湖段,.39,非都市：鄉村區 ; 非都市編定：乙種建築用地,31,1,持分移轉,14150003
RPQNMLKLKHHGFCQ38CB,東湖段,.48,非都市：鄉村區 ; 非都市編定：乙種建築用地,31,1,持分移轉,14150017
RPQNMLKLKHHGFCQ38CB,東湖段,16.43,非都市：鄉村區 ; 非都市編定：乙種建築用地,31,1,持分移轉,14150018
RPQNMLKLKHHGFCQ38CB,東湖段,.28,非都市：鄉村區 ; 非都市編定：乙種建築用地,31,1,持分移轉,14150034
RPQNMLKLKHHGFCQ38CB,東湖段,.32,非都市：鄉村區 ; 非都市編定：乙種建築用地,31,1,持分移轉,14150036
RPPNMLLLKHHGFBQ28CB,鎮安段,43.48,都市：住,100000,5691,持分移轉,12840006
RPRNMLKLKHHGFCQ48CB,東湖段,79.90,非都市：鄉村區 ; 非都市編定：乙種建築用地,1,1,全筆移轉,14150020
RPRNMLKLKHHGFCQ48CB,東湖段,.39,非都市：鄉村區 ; 非都市編定：乙種建築用地,31,1,持分移轉,14150003
RPRNMLKLKHHGFCQ48CB,東湖段,.48,非都市：鄉村區 ; 非都市編定：乙種建築用地,31,1,持分移轉,14150017
RPRNMLKLKHHGFCQ48CB,東湖段,16.43,非都市：鄉村區 ; 非都市編定：乙種建築用地,31,1,持分移轉,14150018
RPRNMLKLKHHGFCQ48CB,東湖段,.28,非都市：鄉村區 ; 非都市編定：乙種建築用地,31,1,持分移轉,14150034
RPRNMLKLKHHGFCQ48CB,東湖段,.32,非都市：鄉村區 ; 非都市編定：乙種建築用地,31,1,持分移轉,14150036
RPSNMLKLKHHGFCQ58CB,東湖段,97.23,非都市：鄉村區 ; 非都市編定：乙種建築用地,1,1,全筆移轉,14150032
RPSNMLKLKHHGFCQ58CB,東湖段,.39,非都市：鄉村區 ; 非都市編定：乙種建築用地,31,1,持分移轉,14150003
RPSNMLKLKHHGFCQ58CB,東湖段,.48,非都市：鄉村區 ; 非都市編定：乙種建築用地,31,1,持分移轉,14150017
RPSNMLKLKHHGFCQ58CB,東湖段,16.43,非都市：鄉村區 ; 非都市編定：乙種建築用地,31,1,持分移轉,14150018
RPSNMLKLKHHGFCQ58CB,東湖段,.28,非都市：鄉村區 ; 非都市編定：乙種建築用地,31,1,持分移轉,14150034
RPSNMLKLKHHGFCQ58CB,東湖段,.32,非都市：鄉村區 ; 非都市編定：乙種建築用地,31,1,持分移轉,14150036
RPTNMLKLKHHGFCQ68CB,東湖段,81.46,非都市：鄉村區 ; 非都市編定：乙種建築用地,1,1,全筆移轉,14150010
RPTNMLKLKHHGFCQ68CB,東湖段,.39,非都市：鄉村區 ; 非都市編定：乙種建築用地,31,1,持分移轉,14150003
RPTNMLKLKHHGFCQ68CB,東湖段,.48,非都市：鄉村區 ; 非都市編定：乙種建築用地,31,1,持分移轉,14150017
RPTNMLKLKHHGFCQ68CB,東湖段,16.43,非都市：鄉村區 ; 非都市編定：乙種建築用地,31,1,持分移轉,14150018
RPTNMLKLKHHGFCQ68CB,東湖段,.28,非都市：鄉村區 ; 非都市編定：乙種建築用地,31,1,持分移轉,14150034
RPTNMLKLKHHGFCQ68CB,東湖段,.32,非都市：鄉村區 ; 非都市編定：乙種建築用地,31,1,持分移轉,14150036
RPTNMLSKKHHGFCQ76CB,中工段,14.95,非都市：工業區 ; 非都市編定：丁種建築用地,1000000,41077,持分移轉,00790006
RPTNMLSKKHHGFCQ76CB,中工段,14.95,非都市：工業區 ; 非都市編定：丁種建築用地,1000000,41077,持分移轉,00800010
RPTNMLSKKHHGFCQ76CB,中工段,4.07,非都市：工業區 ; 非都市編定：丁種建築用地,1000000,41078,持分移轉,00800009
RPQNMLMLKHHGFDQ68CB,太頂珠段,24.61,都市：住,100000,150,持分移轉,00700000
RPPNMLLLKHHGFEQ68DB,溪心段,91.15,非都市：鄉村區 ; 非都市編定：乙種建築用地,1,1,全筆移轉,08210017
RPPNMLLLKHHGFEQ68DB,溪心段,31.86,非都市：鄉村區 ; 非都市編定：乙種建築用地,40,1,持分移轉,08210004
RPSNMLMLKHHGFDQ88CB,太頂珠段,30.52,都市：住,100000,186,持分移轉,00700000
RPRNMLMLKHHGFDQ78CB,太頂珠段,26.74,都市：住,100000,163,持分移轉,00700000
RPQNMLOLKHHGFDQ88CB,太頂珠段,24.61,都市：住,100000,150,持分移轉,00700000
RPUNMLOLKHHGFDQ66CB,太頂珠段,17.72,都市：住,100000,108,持分移轉,00700000
RPTNMLMLKHHGFDQ98CB,太頂珠段,18.54,都市：住,100000,113,持分移轉,00700000
RPPNMLMLKHHGFDQ58CB,太頂珠段,18.54,都市：住,100000,113,持分移轉,00700000
RPVNMLOLKHHGFDQ76CB,太頂珠段,17.72,都市：住,100000,108,持分移轉,00700000
RPRNMLPLKHHGFBQ88CB,牛埔段,75.87,都市：農,1,1,全筆移轉,00750008
RPRNMLPLKHHGFBQ88CB,牛埔段,17.42,都市：農,1,1,全筆移轉,00760008
RPPNMLPLKHHGFDQ88CB,龍潭段,59.25,都市：住,10000,499,持分移轉,14430000
RPPNMLOLKHHGFBQ68DB,牛埔段,94.34,都市：住,1,1,全筆移轉,08590005
RPPNMLOLKHHGFBQ68DB,牛埔段,57.00,都市：住,5,1,持分移轉,08590004
RPSNMLLJLHHGFDQ68CB,太頂珠段,24.61,都市：住,100000,150,持分移轉,00700000
RPTNMLLJLHHGFDQ78CB,太頂珠段,30.52,都市：住,100000,186,持分移轉,00700000
RPRNMLLJLHHGFDQ58CB,龍潭段,59.25,都市：住,10000,499,持分移轉,14430000
RPWNMLOLKHHGFDQ86CB,太頂珠段,24.61,都市：住,100000,150,持分移轉,00700000
RPVNMLLJLHHGFDQ98CB,太頂珠段,30.52,都市：住,100000,186,持分移轉,00700000
RPWNMLLJLHHGFDQ09CB,太頂珠段,17.72,都市：住,100000,108,持分移轉,00700000
RPXNMLLJLHHGFDQ56CB,太頂珠段,18.54,都市：住,100000,113,持分移轉,00700000
RPPOMLLJLHHGFDQ48CB,太頂珠段,24.45,都市：住,100000,149,持分移轉,00700000
RPUNMLLJLHHGFDQ88CB,太頂珠段,17.72,都市：住,100000,108,持分移轉,00700000
RPQOMLLJLHHGFDQ58CB,太頂珠段,26.74,都市：住,100000,163,持分移轉,00700000
RPTOMLLJLHHGFDQ88CB,太頂珠段,30.52,都市：住,100000,186,持分移轉,00700000
RPUOMLLJLHHGFDQ98CB,太頂珠段,30.52,都市：住,100000,186,持分移轉,00700000
RPSOMLLJLHHGFDQ78CB,太頂珠段,26.74,都市：住,100000,163,持分移轉,00700000
RPOOMLLJLHHGFDQ38CB,太頂珠段,26.74,都市：住,100000,163,持分移轉,00700000
RPVOMLLJLHHGFDQ09CB,太頂珠段,17.72,都市：住,100000,108,持分移轉,00700000
RPWOMLLJLHHGFDQ56CB,太頂珠段,22.97,都市：住,100000,140,持分移轉,00700000
RPPNMLLJLHHGFBQ18CB,溪墘厝段,276.00,非都市：鄉村區 ; 非都市編定：乙種建築用地,1,1,全筆移轉,00770007
RPPNMLLJLHHGFBQ18CB,溪墘厝段,9.22,非都市：鄉村區 ; 非都市編定：乙種建築用地,9,1,持分移轉,00770014
RPPNMLLJLHHGFBQ18CB,溪墘厝段,46.57,非都市：鄉村區 ; 非都市編定：乙種建築用地,7,1,持分移轉,00770011
RPROMLLJLHHGFDQ68CB,太頂珠段,30.52,都市：住,100000,186,持分移轉,00700000
RPPNMLNJLHHGFCQ48CB,大工一段,118.94,非都市：工業區 ; 非都市編定：丁種建築用地,1,1,全筆移轉,01780068
RPPNMLNJLHHGFCQ48CB,大工一段,12.80,非都市：工業區 ; 非都市編定：丁種建築用地,45,1,持分移轉,01780052
RPPNMLNJLHHGFCQ48CB,大工一段,25.11,非都市：工業區 ; 非都市編定：丁種建築用地,14,1,持分移轉,01780076
RPSNMLNJLHHGFBQ68CB,內厝段,103.61,都市：住,1,1,全筆移轉,10230018
RPSNMLNJLHHGFBQ68CB,內厝段,32.38,都市：住,4,1,持分移轉,10230020
RPQNMLNJLHHGFBQ48CB,鎮安段,32.34,都市：住,100000,4233,持分移轉,12840006
RPPNMLMJLHHGFDQ48CB,龍潭段,29.21,都市：住,10000,246,持分移轉,14430000
RPQNMLOJLHHGFDQ78CB,太頂珠段,84.50,都市：住,100000,515,持分移轉,00700000
RPPNMLPJLHHGFCQ68CB,中工段,11.41,非都市：工業區 ; 非都市編定：丁種建築用地,1000000,31341,持分移轉,00790006
RPPNMLPJLHHGFCQ68CB,中工段,11.41,非都市：工業區 ; 非都市編定：丁種建築用地,1000000,31341,持分移轉,00800010
RPPNMLPJLHHGFCQ68CB,中工段,3.10,非都市：工業區 ; 非都市編定：丁種建築用地,1000000,31341,持分移轉,00800009
RPQNMLPJLHHGFCQ78CB,中工段,11.41,非都市：工業區 ; 非都市編定：丁種建築用地,1000000,31341,持分移轉,00790006
RPQNMLPJLHHGFCQ78CB,中工段,11.41,非都市：工業區 ; 非都市編定：丁種建築用地,1000000,31341,持分移轉,00800010
RPQNMLPJLHHGFCQ78CB,中工段,3.10,非都市：工業區 ; 非都市編定：丁種建築用地,1000000,31341,持分移轉,00800009
RPPNMLNJLHHGFBQ38CB,鎮安段,36.18,都市：住,100000,4735,持分移轉,12840006
RPPNMLQJLHHGFBQ78DB,大鄉段,31.49,非都市：特定農業區 ; 非都市編定：甲種建築用地,70701,3149,持分移轉,07470000
RPQNMLQJLHHGFBQ88DB,大鄉段,26.25,非都市：特定農業區 ; 非都市編定：甲種建築用地,70701,2625,持分移轉,07470000
RPRNMLQJLHHGFBQ98DB,大鄉段,31.48,非都市：特定農業區 ; 非都市編定：甲種建築用地,70701,3148,持分移轉,07470000
RPPNMLRJLHHGFDQ98CB,太頂珠段,84.50,都市：住,100000,515,持分移轉,00700000
RPPNMLPJLHHGFDQ88DB,安家厝段,128.97,非都市：特定農業區 ; 非都市編定：甲種建築用地,1,1,全筆移轉,16330005
RPSNMLRJLHHGFDQ66CB,太頂珠段,35.77,都市：住,100000,218,持分移轉,00700000
RPQNMLRJLHHGFDQ09CB,太頂珠段,98.45,都市：住,100000,600,持分移轉,00700000
RPPNMLTJLHHGFDQ56CB,太頂珠段,24.61,都市：住,100000,150,持分移轉,00700000
RPSNMLRJLHHGFDQ76DB,東新段,90.00,都市：住,1,1,全筆移轉,01700016
RPSNMLRJLHHGFDQ76DB,東新段,19.75,都市：住,19,1,持分移轉,01700022
RPTNMLRJLHHGFDQ76CB,太頂珠段,26.42,都市：住,100000,161,持分移轉,00700000
RPSNMLTJLHHGFDQ86CB,太頂珠段,17.72,都市：住,100000,108,持分移轉,00700000
RPRNMLTJLHHGFDQ76CB,太頂珠段,17.72,都市：住,100000,108,持分移轉,00700000
RPQNMLTJLHHGFDQ66CB,太頂珠段,17.72,都市：住,100000,108,持分移轉,00700000
RPRNMLRJLHHGFDQ56CB,太頂珠段,26.42,都市：住,100000,161,持分移轉,00700000
RPTNMLTJLHHGFDQ96CB,太頂珠段,24.61,都市：住,100000,150,持分移轉,00700000
RPWNMLTJLHHGFDQ27CB,太頂珠段,30.52,都市：住,100000,186,持分移轉,00700000
RPXNMLTJLHHGFDQ37CB,太頂珠段,17.72,都市：住,100000,108,持分移轉,00700000
RPVNMLTJLHHGFDQ17CB,太頂珠段,17.72,都市：住,100000,108,持分移轉,00700000
RPUNMLTJLHHGFDQ07CB,太頂珠段,17.72,都市：住,100000,108,持分移轉,00700000
RPPNMLTJLHHGFCQ56DB,甘蔗崙段甘蔗崙小段,101.00,都市：住,1,1,全筆移轉,01380036
RPPNMLTJLHHGFCQ56DB,甘蔗崙段甘蔗崙小段,23.00,都市：住,357,23,持分移轉,01380027
