﻿鄉鎮市區,交易標的,土地位置建物門牌,土地移轉總面積平方公尺,都市土地使用分區,非都市土地使用分區,非都市土地使用編定,交易年月日,交易筆棟數,移轉層次,總樓層數,建物型態,主要用途,主要建材,建築完成年月,建物移轉總面積平方公尺,建物現況格局-房,建物現況格局-廳,建物現況格局-衛,建物現況格局-隔間,有無管理組織,總價元,單價元平方公尺,車位類別,車位移轉總面積平方公尺,車位總價元,備註,編號,建案名稱,棟及號
The villages and towns urban district,transaction sign,land sector position building sector house number plate,land shifting total area square meter,the use zoning or compiles and checks,the non-metropolis land use district,non-metropolis land use,transaction year month and day,transaction pen number,shifting level,total floor number,building state,main use,main building materials,construction to complete the years,building shifting total area,Building present situation pattern - room,building present situation pattern - hall,building present situation pattern - health,building present situation pattern - compartmented,Whether there is manages the organization,total price NTD,the unit price (NTD / square meter),the berth category,berth shifting total area square meter,the berth total price NTD,the note,serial number,build case,buildings
台東市,房地(土地+建物)+車位,臺東縣臺東市永福路190號旁常德段715地號,18.94,商,,,1101209,土地1建物1車位1,八層,10,華廈(10層含以下有電梯),住家用,鋼筋混凝土造,,123.63,2,2,1,有,無,5670000,55694,坡道平面,39.42,980000,,RPPNMLNKKIGGFAV78CB,漢陽邸,C棟8號
台東市,房地(土地+建物)+車位,臺東縣臺東市永福路190號旁常德段715地號,18.94,商,,,1101210,土地1建物1車位1,九層,10,華廈(10層含以下有電梯),住家用,鋼筋混凝土造,,122.53,2,2,1,有,無,5650000,56050,坡道平面,38.32,930000,,RPQNMLNKKIGGFAV88CB,漢陽邸,C棟9號
台東市,房地(土地+建物)+車位,臺東縣臺東市永福路190號旁常德段715地號,18.94,商,,,1101210,土地1建物1車位1,四層,10,華廈(10層含以下有電梯),住家用,鋼筋混凝土造,,123.63,2,2,1,有,無,5370000,53319,坡道平面,39.42,880000,,RPSNMLNKKIGGFAV09CB,漢陽邸,C棟4號
台東市,房地(土地+建物)+車位,臺東縣臺東市永福路190號旁常德段715地號,18.94,商,,,1101212,土地1建物1車位1,七層,10,華廈(10層含以下有電梯),住家用,鋼筋混凝土造,,123.63,2,2,1,有,無,5640000,55338,坡道平面,39.42,980000,,RPTNMLNKKIGGFAV56CB,漢陽邸,C棟7號
台東市,房地(土地+建物)+車位,臺東縣臺東市永福路190號旁常德段715地號,18.94,商,,,1101212,土地1建物1車位1,十層,10,華廈(10層含以下有電梯),住家用,鋼筋混凝土造,,123.63,2,2,1,有,無,5670000,55100,坡道平面,39.42,1030000,,RPUNMLNKKIGGFAV66CB,漢陽邸,C棟10號
台東市,房地(土地+建物)+車位,臺東縣臺東市更生路1250號旁臺東市南榮段1069 地號,35.79,住,,,1101210,土地2建物1車位1,八層,15,住宅大樓(11層含以上有電梯),住家用,鋼筋混凝土造,,117.36,2,2,1,有,無,6220000,66315,坡道平面,35.93,820000,,RPVNMLNKKIGGFAV76CB,悅山水,G棟8號
台東市,房地(土地+建物)+車位,臺東縣臺東市更生路1250號旁臺東市南榮段1069 地號,35.79,住,,,1101210,土地2建物1車位1,十層,15,住宅大樓(11層含以上有電梯),住家用,鋼筋混凝土造,,117.36,2,2,1,有,無,6220000,66929,坡道平面,35.93,770000,,RPWNMLNKKIGGFAV86CB,悅山水,F棟10號
台東市,房地(土地+建物)+車位,臺東縣臺東市柳州街275巷54號旁臺東市常德段726地號,27.01,商,,,1101211,土地1建物1車位1,十二層,12,住宅大樓(11層含以上有電梯),住家用,鋼筋混凝土造,,156.43,3,2,2,有,無,7590000,55314,坡道平面,36.93,980000,,RPOOMLNKKIGGFAV78CB,漢陽琚,A棟12號
台東市,房地(土地+建物)+車位,臺東縣臺東市更生路1250號旁臺東市南榮段1069 地號,35.74,住,,,1101213,土地2建物1車位1,八層,15,住宅大樓(11層含以上有電梯),住家用,鋼筋混凝土造,,118.61,2,2,1,有,無,6170000,66315,坡道平面,37.18,770000,,RPPNMLKLKIGGFAV58CB,悅山水,B棟8號
台東市,房地(土地+建物)+車位,臺東縣臺東市柳州街275巷54號旁臺東市常德段726地號,19.61,商,,,1101213,土地1建物1車位0,二層,12,住宅大樓(11層含以上有電梯),住家用,鋼筋混凝土造,,86.25,2,2,1,有,無,4700000,54493,,0.0,0,,RPQNMLKLKIGGFAV68CB,漢陽琚,B棟2號
台東市,房地(土地+建物)+車位,臺東縣臺東市柳州街275巷54號旁臺東市常德段726地號,27.53,商,,,1101214,土地1建物1車位1,十二層,12,住宅大樓(11層含以上有電梯),住家用,鋼筋混凝土造,,158.72,3,2,2,有,無,7190000,50168,坡道平面,36.93,1080000,交易總價含下列非屬預售屋價格之費用:親友、員工、共有人或其他特殊關係間之交易；,RPRNMLKLKIGGFAV78CB,漢陽琚,C棟12號
台東市,房地(土地+建物)+車位,臺東縣臺東市柳州街275巷54號旁常德段726地號,19.62,商,,,1101214,土地1建物1車位0,三層,12,住宅大樓(11層含以上有電梯),住家用,鋼筋混凝土造,,86.79,2,2,1,有,無,4830000,55652,,0.0,0,,RPSNMLKLKIGGFAV88CB,漢陽琚,B棟3號
台東市,房地(土地+建物)+車位,臺東縣臺東市柳州街275巷54號旁臺東市常德段726地號,27.51,商,,,1101217,土地1建物1車位1,二層,12,住宅大樓(11層含以上有電梯),住家用,鋼筋混凝土造,,161.47,3,2,2,有,無,7530000,53781,坡道平面,39.68,980000,,RPTNMLKLKIGGFAV98CB,漢陽琚,C棟2號
台東市,房地(土地+建物),臺東縣臺東市興航段5-1地號,53.19,住,,,1101215,土地1建物1車位0,一層,5,華廈(10層含以下有電梯),住家用,鋼筋混凝土造,,130.22,3,2,2,有,無,9200000,70650,,0.0,0,,RPPNMLLLKIGGFAV68CB,齊揚日光B區,B棟1B2號
台東市,房地(土地+建物),臺東縣臺東市興航段5-1地號,53.19,住,,,1101216,土地1建物1車位0,二層,5,華廈(10層含以下有電梯),住家用,鋼筋混凝土造,,130.22,3,2,2,有,無,9500000,72953,,0.0,0,,RPQNMLLLKIGGFAV78CB,齊揚日光B區,B棟2B1號
台東市,房地(土地+建物),臺東縣臺東市豐年段950-18地號,116.79,住,,,1101214,土地2建物1車位0,全,3,透天厝,住家用,鋼筋混凝土造,,144.05,5,1,3,有,無,8670000,60187,,0.0,0,,RPPNMLTLKIGGFAV86CB,三銳大和,C棟3號
台東市,房地(土地+建物),臺東縣臺東市豐年段950地號,103.03,住,,,1101215,土地2建物1車位0,全,3,透天厝,住家用,鋼筋混凝土造,,144.42,5,1,3,有,無,8300000,57471,,0.0,0,,RPQNMLTLKIGGFAV96CB,三銳大和,C棟7號
台東市,房地(土地+建物),臺東縣臺東市豐年段950-4地號,103.04,住,,,1101221,土地2建物1車位0,全,3,透天厝,住家用,鋼筋混凝土造,,144.05,5,1,3,有,無,8300000,57619,,0.0,0,,RPRNMLTLKIGGFAV07CB,三銳大和,C棟8號
台東市,房地(土地+建物),臺東縣臺東市豐年段950-32地號,112.23,住,,,1101227,土地1建物1車位0,全,3,透天厝,住家用,鋼筋混凝土造,,161.02,5,1,5,有,無,10080000,62601,,0.0,0,,RPSNMLTLKIGGFAV17CB,三銳大和,B棟1號
台東市,房地(土地+建物)+車位,臺東縣臺東市復興路117號,26.01,住,,,1110105,土地5建物1車位1,五層,10,華廈(10層含以下有電梯),住家用,鋼筋混凝土造,,128.8,3,2,2,有,無,10350000,80357,坡道平面,0.0,900000,,RPPNMLLKJHHGFAV48CB,富湛,1棟5D號
台東市,房地(土地+建物),臺東縣臺東市勝利街381號旁,109.0,住,,,1101217,土地1建物1車位0,全,3,透天厝,住家用,鋼筋混凝土造,,204.62,4,2,5,有,無,13650000,66709,,0.0,0,,RPPNMLNKJHHGFAV78DB,寶中幸福名園,A棟2號
台東市,房地(土地+建物)+車位,臺東縣臺東市杭州街229號對街臺東市臺東段1833地號,22.39,商,,,1101225,土地1建物1車位1,三層,15,住宅大樓(11層含以上有電梯),住家用,鋼筋混凝土造,,152.33,3,2,2,有,無,8510000,61672,坡道平面,28.61,880000,,RPPNMLOKJHHGFAV78CB,東美館,G棟3號
台東市,房地(土地+建物)+車位,臺東縣臺東市杭州街229號對街臺東市臺東段1833地號,22.39,商,,,1110110,土地1建物1車位1,十一層,15,住宅大樓(11層含以上有電梯),住家用,鋼筋混凝土造,,152.33,3,2,2,有,無,8890000,64743,坡道平面,28.61,880000,,RPRNMLOKJHHGFAV98CB,東美館,G棟11號
台東市,房地(土地+建物)+車位,臺東縣臺東市杭州街229號對街臺東市臺東段1833地號,22.28,商,,,1110108,土地1建物1車位1,二層,15,住宅大樓(11層含以上有電梯),住家用,鋼筋混凝土造,,151.73,3,2,2,有,無,8420000,60835,坡道平面,28.61,930000,,RPSNMLOKJHHGFAV09CB,東美館,B棟2號
台東市,房地(土地+建物)+車位,臺東縣臺東市杭州街229號對街臺東市臺東段1833地號,23.68,商,,,1110104,土地1建物1車位1,二層,15,住宅大樓(11層含以上有電梯),住家用,鋼筋混凝土造,,161.05,3,2,2,有,無,9130000,62670,坡道平面,28.61,830000,,RPTNMLOKJHHGFAV56CB,東美館,F棟2號
台東市,房地(土地+建物)+車位,臺東縣臺東市杭州街229號對街臺東市臺東段1833地號,22.04,商,,,1110115,土地1建物1車位1,十三層,15,住宅大樓(11層含以上有電梯),住家用,鋼筋混凝土造,,149.87,3,2,2,有,無,8740000,63838,坡道平面,27.53,930000,,RPPNMLRKJHHGFAV09CB,東美館,C棟13號
台東市,房地(土地+建物)+車位,臺東縣臺東市杭州街229號對街臺東市臺東段1833地號,22.04,商,,,1110115,土地1建物1車位1,十一層,15,住宅大樓(11層含以上有電梯),住家用,鋼筋混凝土造,,150.95,3,2,2,有,無,8570000,63266,坡道平面,28.61,830000,,RPQNMLRKJHHGFAV56CB,東美館,C棟11號
台東市,房地(土地+建物)+車位,臺東縣臺東市更生路1250號旁臺東市南榮段1069 地號,35.79,住,,,1110116,土地2建物1車位1,四層,15,住宅大樓(11層含以上有電梯),住家用,鋼筋混凝土造,,117.36,2,2,1,有,無,5970000,63245,坡道平面,35.93,820000,,RPTNMLRKJHHGFAV86CB,悅山水,G棟4號
台東市,房地(土地+建物)+車位,臺東縣臺東市更生路1250號旁臺東市南榮段1069 地號,35.79,住,,,1110116,土地2建物1車位1,三層,15,住宅大樓(11層含以上有電梯),住家用,鋼筋混凝土造,,117.36,2,2,1,有,無,5950000,62999,坡道平面,35.93,820000,,RPUNMLRKJHHGFAV96CB,悅山水,G棟3號
台東市,房地(土地+建物)+車位,臺東縣臺東市杭州街229號對街臺東市臺東段1833地號,22.39,商,,,1110116,土地1建物1車位1,四層,15,住宅大樓(11層含以上有電梯),住家用,鋼筋混凝土造,,152.33,3,2,2,有,無,8390000,61106,坡道平面,28.61,830000,,RPPNMLSJKHHGFAV56CB,東美館,G棟4號
台東市,房地(土地+建物),臺東縣臺東市山西路二段197巷21號之隔壁,88.6,住,,,1110118,土地1建物1車位0,全,3,透天厝,住家用,鋼筋混凝土造,,161.62,5,2,5,有,無,9550000,59089,,0.0,0,,RPPNMLLKKHHGFAV58CB,航站晴園D6~D9.E1.E2,D6棟D6號
台東市,房地(土地+建物),臺東縣臺東市山西路二段197巷21號之隔壁,91.14,住,,,1110123,土地1建物1車位0,全,3,透天厝,住家用,鋼筋混凝土造,,167.28,4,2,4,有,無,10000000,59780,,0.0,0,,RPQNMLLKKHHGFAV68CB,航站晴園D6~D9.E1.E2,D8棟D8號
台東市,房地(土地+建物),臺東縣臺東市山西路二段197巷21號之隔壁,98.95,住,,,1110120,土地1建物1車位0,全,3,透天厝,住家用,鋼筋混凝土造,,190.75,6,0,6,有,無,10700000,56094,,0.0,0,,RPPNMLOKKHHGFAV88CB,航站晴園D6~D9.E1.E2,E1棟E1號
台東市,房地(土地+建物),臺東縣臺東市山西路二段197巷21號之隔壁,105.08,住,,,1110120,土地1建物1車位0,全,3,透天厝,住家用,鋼筋混凝土造,,195.19,5,2,5,有,無,11050000,56612,,0.0,0,,RPQNMLOKKHHGFAV98CB,航站晴園D6~D9.E1.E2,E2棟E2號
台東市,房地(土地+建物)+車位,臺東縣臺東市更生路1250號旁臺東市南榮段1069 地號,35.79,住,,,1101223,土地2建物1車位1,十五層,15,住宅大樓(11層含以上有電梯),住家用,鋼筋混凝土造,,117.36,2,2,1,有,無,6230000,65701,坡道平面,35.93,880000,,RPPNMLLJLHHGFAV58CB,悅山水,F棟15號
台東市,房地(土地+建物)+車位,臺東縣臺東市更生路1250號旁臺東市南榮段1069 地號,52.75,住,,,1101201,土地2建物1車位1,十五層,15,住宅大樓(11層含以上有電梯),住家用,鋼筋混凝土造,,155.92,3,2,2,有,無,8640000,64339,坡道平面,35.93,920000,交易總價含下列非屬預售屋價格之費用:親友、員工、共有人或其他特殊關係間之交易；,RPQNMLLJLHHGFAV68CB,悅山水,H棟15號
台東市,房地(土地+建物)+車位,臺東縣臺東市杭州街229號對街臺東市臺東段1833地號,22.39,商,,,1110212,土地1建物1車位1,十三層,15,住宅大樓(11層含以上有電梯),住家用,鋼筋混凝土造,,152.33,3,2,2,有,無,8960000,65309,坡道平面,28.61,880000,,RPVNMLLJLHHGFAV56CB,東美館,G棟13號
台東市,房地(土地+建物)+車位,臺東縣臺東市杭州街229號對街臺東市臺東段1833地號,22.39,商,,,1110212,土地1建物1車位1,十四層,15,住宅大樓(11層含以上有電梯),住家用,鋼筋混凝土造,,152.33,3,2,2,有,無,8960000,65309,坡道平面,28.61,880000,,RPWNMLLJLHHGFAV66CB,東美館,G棟14號
台東市,房地(土地+建物)+車位,臺東縣臺東市杭州街229號對街臺東市臺東段1833地號,22.39,商,,,1110212,土地1建物1車位1,十二層,15,住宅大樓(11層含以上有電梯),住家用,鋼筋混凝土造,,152.33,3,2,2,有,無,8920000,64985,坡道平面,28.61,880000,,RPPOMLLJLHHGFAV68CB,東美館,G棟12號
