﻿編號,土地位置,土地移轉面積(平方公尺),使用分區或編定,權利人持分分母,權利人持分分子,移轉情形,地號
The serial number, land position,land shifting area square meter,the use zoning or compiles and checks,,,,land parcel
RPTNMLKKJHHGFAV88CC,新田段,442.21,非都市：特定農業區 ; 非都市編定：農牧用地,,,,00870000
RPSNMLLLKIGGFAV09CC,台東段,90.00,都市：住,,,,01600022
RPTNMLSKJHHGFAV07CC,台東段,66.00,都市：商,,,,03600004
RPVNMLOKKHHGFAV96CC,豐年段,.00,都市：住,,,,00290059
RPQNMLMKJHHGFAV78CC,豐年段,79.33,都市：住,,,,00290059
RPUNMLOKKHHGFAV86CC,豐年段,.00,都市：住,,,,00290058
RPUNMLSJKHHGFAV17CC,台東段,57.91,都市：住,,,,25450000
RPRNMLMKJHHGFAV88CC,豐年段,158.66,都市：住,,,,00290057
