﻿編號,屋齡,建物移轉面積平方公尺,主要用途,主要建材,建築完成日期,總層數,建物分層
The serial number,room age,building shifting area square meter,the main use,main building materials,construction completes the date,total layer,building lamination
RPPNMLTLIIGGFAV66DA,43,105.04,住商用,鋼筋混凝土造,68年4月11日,二層,一層 二層
RPPNMLSJKIGGFAV56DA,41,85.26,住家用,鋼筋水泥造,69年12月31日,三層,一層 二層 三層 屋頂突出物
RPUNMLOJJIGGFAV56DA,25,.04,集合住宅,鋼筋混凝土造,85年6月28日,九層,五層 陽台
RPUNMLOJJIGGFAV56DA,25,.01,電梯，樓梯共同使用,鋼筋混凝土造,85年6月28日,九層,
RPUNMLOJJIGGFAV56DA,25,.00,配電室．樓梯．電梯．機械房．通道．水箱．人行共同使用,鋼筋混凝土造,85年6月28日,九層,
RPROMLTJJIGGFAV86DA,39,107.30,集合住宅,鋼筋混凝土造,72年2月22日,四層,三層 陽台
RPROMLTJJIGGFAV86DA,39,10.88,國民住宅．走道,鋼筋混凝土造,72年2月22日,四層,
RPVNMLMLJIGGFAV66DA,54,153.91,店舖及住宅,鐵筋水泥磚造,56年8月30日,三層,一層 二層 三層
RPTNMLMJJIGGFAV88DA,41,111.60,住家用,加強磚造,70年4月11日,二層,一層 二層
RPUNMLTJJIGGFAV07DA,42,89.52,住家用,加強磚造,69年1月19日,二層,一層 二層
RPVNMLTJKIGGFAV27DA,34,177.30,住家用,加強磚造,77年2月13日,二層,一層 二層 屋頂突出物
RPRNMLLJKIGGFBV78DA,30,107.83,住家用,加強磚造,81年5月18日,一層,一層 騎樓
RPRNMLSLIIGGFAV76DA,8,95.38,住宅、停車空間,ＲＣ造,102年7月19日,四層,一層 見其他登記事項
RPRNMLSLIIGGFAV76DA,8,246.06,寄宿舍、梯間,ＲＣ造,102年7月19日,四層,二層 三層 四層 見其他登記事項 見其他登記事項
RPRNMLMKJIGGFCV98DA,36,138.11,住家用,加強磚造,74年8月28日,二層,一層 二層 陽台 騎樓
RPPNMLLMIIGGFDV88DA,28,12.84,出租套房（共同使用）．樓梯間．機械房．水箱,鋼筋混凝土造,82年11月8日,八層,
RPPNMLLMIIGGFDV88DA,28,34.40,出租套房,鋼筋混凝土造,82年11月8日,八層,二層 陽台
RPRNMLNJKIGGFDV56DA,24,35.30,商業用,鋼筋混凝土造,87年3月6日,十層,九層 陽台
RPRNMLNJKIGGFDV56DA,24,1.12,機房、樓梯,鋼筋混凝土造,87年3月6日,十五層,
RPRNMLNJKIGGFDV56DA,24,7.21,梯間、通道,鋼筋混凝土造,87年3月6日,十五層,
RPRNMLNJKIGGFDV56DA,24,5.57,通道、活動室、樓梯間、門廳、車道、辦公室,鋼筋混凝土造,87年3月6日,十層,
RPSNMLMJKIGGFDV56DA,27,5.45,樓梯間．門房走道,鋼筋混凝土造,83年9月30日,八層,
RPSNMLMJKIGGFDV56DA,27,31.54,套房,鋼筋混凝土造,83年9月30日,八層,三層 陽台
RPQNMLSLJIGGFAV76DA,17,230.54,住家用,鋼筋混凝土造,93年7月21日,三層,一層 二層 三層 見其他登記事項
RPRNMLSJKIGGFAV76DA,19,237.71,住商用,鋼筋混凝土造,91年7月31日,三層,一層 二層 三層 陽台 屋頂突出物 騎樓
RPSNMLSJKIGGFAV86DA,23,11.66,樓梯．電梯．汽車昇降梯．門廊．門．走道．樓梯間．機械室．水箱,鋼筋混凝土造,87年12月16日,九層,
RPRNMLSLJIGGFAV86DA,17,221.71,住家用,鋼筋混凝土造,93年7月21日,三層,一層 二層 三層 見其他登記事項
RPSNMLSJKIGGFAV86DA,23,8.26,避難室．停車空間．配電室．機械室．汽車昇降電梯．樓梯．電梯,鋼筋混凝土造,87年12月16日,九層,
RPSNMLSJKIGGFAV86DA,23,57.46,集合住宅,鋼筋混凝土造,87年12月16日,九層,三層 陽台
RPTNMLSKJIGGFAV96DA,40,140.01,住家用,加強磚造,70年12月3日,二層,一層 二層 屋頂突出物 騎樓
RPQNMLMJKIGGFAV68DA,35,121.27,住家用,加強磚造,75年11月10日,二層,一層 二層 陽台 屋頂突出物
RPUNMLPKJIGGFAV76DA,27,217.98,住家用,鋼筋混凝土造,83年8月9日,四層,一層 二層 三層 四層 見其他登記事項
RPPNMLKKKIGGFBV58DA,25,152.79,住家用,加強磚造,85年12月12日,二層,一層 二層 陽台 騎樓
RPPNMLQLJIGGFBV56DA,47,337.47,住家用,磚造（原建）加強磚造（增建）,64年5月15日,2,一層 二層 見其他登記事項
RPQNMLRJJIGGFBV56DA,15,298.89,農舍,ＲＣ造,96年3月20日,二層,一層 二層 屋頂突出物
RPRNMLOKKIGGFDV76DA,36,105.32,住家用,加強磚造,74年5月13日,二層,一層 二層 騎樓
RPPNMLRJKIGGFDV76DA,24,35.30,商業用,鋼筋混凝土造,87年3月6日,十五層,七層 陽台
RPPNMLRJKIGGFDV76DA,24,1.12,機房、樓梯,鋼筋混凝土造,87年3月6日,十五層,
RPPNMLRJKIGGFDV76DA,24,7.21,梯間、通道,鋼筋混凝土造,87年3月6日,十五層,
RPPNMLRJKIGGFDV76DA,24,5.57,通道、活動室、樓梯間、門廳、車道、辦公室,鋼筋混凝土造,87年3月6日,十層,
RPRNMLNKKIGGFAV09EA,4,310.92,住宅、樓梯間,ＲＣ造,106年12月12日,四層,一層 二層 三層 四層 見其他登記事項 見其他登記事項
RPSOMLOLJIGGFAV66DA,46,71.11,住家用,鐵筋水泥磚,65年4月6日,二層,一層 二層
RPQNMLNKKIGGFAV98EA,9,230.14,住家用,ＲＣ造,101年10月18日,三層,一層 二層 三層 見其他登記事項
RPTNMLNKKIGGFAV56DA,2,88.43,Ｈ２集合住宅,ＲＣ造,109年3月3日,五層,四層 見其他登記事項
RPTNMLNKKIGGFAV56DA,2,.34,Ｇ３店舖、機房,ＲＣ造,109年3月3日,五層,
RPTNMLNKKIGGFAV56DA,2,15.22,樓梯間、昇降機間,ＲＣ造,109年3月3日,五層,
RPWNMLNKKIGGFAV86DA,17,216.56,人行道、店舖、住宅,ＲＣ造,94年5月9日,三層,一層 二層 三層 騎樓 見其他登記事項
RPPOMLTJKIGGFAV76DA,23,48.80,集合住宅,鋼筋混凝土造,87年10月14日,七層,七層 陽台
RPPOMLTJKIGGFAV76DA,23,6.92,樓梯．電梯．走道．機械房．水塔,鋼筋混凝土造,87年10月14日,七層,
RPPOMLTJKIGGFAV76DA,23,10.47,防空避難室．停車空間．樓梯．電梯．走道．機械室．受電室（共同使用）,鋼筋混凝土造,87年10月14日,七層,
RPPNMLKMJIGGFAV58DA,2,88.40,Ｈ２集合住宅,ＲＣ造,109年3月3日,五層,二層 見其他登記事項
RPPNMLKMJIGGFAV58DA,2,.34,Ｇ３店舖、機房,ＲＣ造,109年3月3日,五層,
RPPNMLKMJIGGFAV58DA,2,15.22,樓梯間、昇降機間,ＲＣ造,109年3月3日,五層,
RPSNMLMJKIGGFAV88DA,2,88.40,Ｈ２集合住宅,ＲＣ造,109年3月3日,五層,一層 見其他登記事項
RPSNMLMJKIGGFAV88DA,2,.34,Ｇ３店舖、機房,ＲＣ造,109年3月3日,五層,
RPSNMLMJKIGGFAV88DA,2,15.22,樓梯間、昇降機間,ＲＣ造,109年3月3日,五層,
RPVNMLQKJIGGFAV96DA,27,61.21,集合住宅,鋼筋混凝土造,84年2月17日,八層,七層 花台
RPVNMLQKJIGGFAV96DA,27,4.11,走道,鋼筋混凝土造,84年2月17日,八層,
RPVNMLQKJIGGFAV96DA,27,11.38,防空避難室暨停車空間、配電室,鋼筋混凝土造,84年2月17日,八層,
RPVNMLQKJIGGFAV96DA,27,8.38,車道、警衛室、托兒所、電梯、樓梯,鋼筋混凝土造,84年2月17日,八層,
RPUNMLMJJIGGFAV98DA,,71.75,Ｈ２集合住宅,ＲＣ造,110年8月12日,五層,一層 見其他登記事項
RPUNMLMJJIGGFAV98DA,,71.75,Ｈ２集合住宅,ＲＣ造,110年8月12日,五層,五層 見其他登記事項
RPUNMLMJJIGGFAV98DA,,14.83,共用部份,ＲＣ造,110年8月12日,五層,
RPUNMLMJJIGGFAV98DA,,14.83,共用部份,ＲＣ造,110年8月12日,五層,
RPVNMLMLIIGGFAV56DA,,71.75,Ｈ２集合住宅,ＲＣ造,110年8月12日,五層,一層 見其他登記事項
RPVNMLMLIIGGFAV56DA,,14.83,共同使用部份,ＲＣ造,110年8月12日,五層,
RPTNMLKKKIGGFAV88DA,28,13.92,避難室,鋼筋混凝土造,83年5月16日,十三層,
RPTNMLKKKIGGFAV88DA,28,1.42,樓梯間走道,鋼筋混凝土造,83年5月16日,十三層,
RPTNMLKKKIGGFAV88DA,28,.94,樓梯間,鋼筋混凝土造,83年5月16日,十三層,
RPTNMLKKKIGGFAV88DA,28,.18,樓梯間,鋼筋混凝土造,83年5月16日,十三層,
RPTNMLKKKIGGFAV88DA,28,.66,樓梯間,鋼筋混凝土造,83年5月16日,十三層,
RPTNMLKKKIGGFAV88DA,28,.71,樓梯間,鋼筋混凝土造,83年5月16日,十三層,
RPTNMLKKKIGGFAV88DA,28,.18,樓梯間,鋼筋混凝土造,83年5月16日,十三層,
RPTNMLKKKIGGFAV88DA,28,.46,樓梯間,鋼筋混凝土造,83年5月16日,十三層,
RPTNMLKKKIGGFAV88DA,28,.37,樓梯間,鋼筋混凝土造,83年5月16日,十三層,
RPTNMLKKKIGGFAV88DA,28,.46,樓梯間,鋼筋混凝土造,83年5月16日,十三層,
RPTNMLKKKIGGFAV88DA,28,.37,樓梯間,鋼筋混凝土造,83年5月16日,十三層,
RPTNMLKKKIGGFAV88DA,28,.37,樓梯間,鋼筋混凝土造,83年5月16日,十三層,
RPTNMLKKKIGGFAV88DA,28,.46,樓梯間,鋼筋混凝土造,83年5月16日,十三層,
RPTNMLKKKIGGFAV88DA,28,.46,樓梯間,鋼筋混凝土造,83年5月16日,十三層,
RPTNMLKKKIGGFAV88DA,28,.37,樓梯間,鋼筋混凝土造,83年5月16日,十三層,
RPTNMLKKKIGGFAV88DA,28,.37,樓梯間,鋼筋混凝土造,83年5月16日,十三層,
RPTNMLKKKIGGFAV88DA,28,.46,樓梯間,鋼筋混凝土造,83年5月16日,十三層,
RPTNMLKKKIGGFAV88DA,28,.46,樓梯間,鋼筋混凝土造,83年5月16日,十三層,
RPTNMLKKKIGGFAV88DA,28,.37,樓梯間,鋼筋混凝土造,83年5月16日,十三層,
RPTNMLKKKIGGFAV88DA,28,.46,樓梯間,鋼筋混凝土造,83年5月16日,十三層,
RPTNMLKKKIGGFAV88DA,28,.37,樓梯間,鋼筋混凝土造,83年5月16日,十三層,
RPTNMLKKKIGGFAV88DA,28,.37,樓梯間,鋼筋混凝土造,83年5月16日,十三層,
RPTNMLKKKIGGFAV88DA,28,.46,樓梯間,鋼筋混凝土造,83年5月16日,十三層,
RPTNMLKKKIGGFAV88DA,28,.37,樓梯間,鋼筋混凝土造,83年5月16日,十三層,
RPTNMLKKKIGGFAV88DA,28,.46,樓梯間,鋼筋混凝土造,83年5月16日,十三層,
RPTNMLKKKIGGFAV88DA,28,.37,樓梯間,鋼筋混凝土造,83年5月16日,十三層,
RPTNMLKKKIGGFAV88DA,28,.46,空白,鋼筋混凝土造,83年5月16日,十三層,
RPTNMLKKKIGGFAV88DA,28,.34,空白,鋼筋混凝土造,83年5月16日,十三層,
RPTNMLKKKIGGFAV88DA,28,.34,空白,鋼筋混凝土造,83年5月16日,十三層,
RPTNMLKKKIGGFAV88DA,28,.35,空白,鋼筋混凝土造,83年5月16日,十三層,
RPTNMLKKKIGGFAV88DA,28,.43,空白,鋼筋混凝土造,83年5月16日,十三層,
RPTNMLKKKIGGFAV88DA,28,.37,空白,鋼筋混凝土造,83年5月16日,十三層,
RPTNMLKKKIGGFAV88DA,28,106.03,集合住宅,鋼筋混凝土造,83年5月16日,十三層,十層 陽台
RPPNMLQKKIGGFCV66DA,,207.44,工業用,木造,,一層,一層
RPQNMLOKKIGGFBV09DA,45,74.54,住家用,鋼筋混凝土加強磚造,66年3月5日,一層,一層 騎樓
RPRNMLPKKIGGFCV76DA,26,174.95,住家用,加強磚造,85年2月15日,二層,一層 二層 屋頂突出物
RPSNMLKLIIGGFAV68DA,42,119.80,住家用,加強磚造,68年7月17日,二層,一層 二層 騎樓
RPSNMLRJKIGGFAV76DA,,188.52,Ｈ２住宅,ＲＣ造,110年9月29日,三層,一層 二層 三層 見其他登記事項
RPPNMLSLJIGGFAV66DA,8,232.80,店舖、住宅,ＲＣ造,103年1月27日,三層,一層 二層 三層 見其他登記事項
RPPNMLLJKIGGFAV48DA,2,88.43,Ｈ２集合住宅,ＲＣ造,109年3月3日,五層,一層 見其他登記事項
RPPNMLLJKIGGFAV48DA,2,.34,Ｇ３店舖、機房,ＲＣ造,109年3月3日,五層,
RPPNMLLJKIGGFAV48DA,2,15.22,樓梯間、昇降機間,ＲＣ造,109年3月3日,五層,
RPTNMLPKKIGGFAV76DA,,173.45,Ｈ２住宅,ＲＣ造,110年5月28日,三層,一層 二層 三層 見其他登記事項
RPRNMLLJKIGGFAV68DA,2,88.43,Ｈ２集合住宅,ＲＣ造,109年3月3日,五層,五層 見其他登記事項
RPTNMLQKJIGGFAV76DA,,116.31,Ｈ２住宅,ＲＣ造,110年9月6日,三層,一層 二層 三層 見其他登記事項
RPWNMLPKKIGGFAV07DA,34,102.33,住家用,加強磚造,76年7月16日,二層,一層 二層 屋頂突出物
RPRNMLLJKIGGFAV68DA,2,.34,Ｇ３店舖、機房,ＲＣ造,109年3月3日,五層,
RPRNMLLJKIGGFAV68DA,2,15.22,樓梯間、昇降機間,ＲＣ造,109年3月3日,五層,
RPPOMLPKKIGGFAV09DA,26,184.22,住商用,鋼筋混凝土造,84年7月8日,四層,一層 二層 三層 四層 騎樓
RPUNMLQKKIGGFAV96DA,13,.43,管理員室,ＲＣ造,97年7月11日,一層,一層
RPUNMLQKKIGGFAV96DA,13,346.42,住宅、樓梯、電梯,ＲＣ造,97年7月11日,三層,一層 二層 三層 地下一層 見其他登記事項
RPOOMLNKKIGGFAV78DA,27,109.58,集合住宅,鋼筋混凝土造,84年2月17日,八層,八層 陽台 花台
RPOOMLNKKIGGFAV78DA,27,19.35,防空避難室暨停車空間、配電室,鋼筋混凝土造,84年2月17日,八層,
RPOOMLNKKIGGFAV78DA,27,14.08,車道、警衛室、托兒所、電梯、樓梯,鋼筋混凝土造,84年2月17日,八層,
RPVNMLQKKIGGFAV07DA,27,110.35,集合住宅,鋼筋混凝土造,84年2月17日,八層,一層 平台 花台
RPVNMLQKKIGGFAV07DA,27,19.35,防空避難室暨停車空間、配電室,鋼筋混凝土造,84年2月17日,八層,
RPVNMLQKKIGGFAV07DA,27,14.08,車道、警衛室、托兒所、電梯、樓梯,鋼筋混凝土造,84年2月17日,八層,
RPTOMLOLJIGGFAV76DA,37,110.94,住家用,加強磚造,73年9月18日,二層,一層 二層 陽台
RPPNMLLJJIGGFAV38DA,,91.28,商業用,木造,,一層,一層 騎樓 見其他登記事項
RPPNMLLLKIGGFCV88DA,17,172.00,集合住宅,鋼筋混凝土造,94年1月21日,8,六層 陽台
RPPNMLLLKIGGFCV88DA,17,4.90,集合住宅﹝門廳、騎樓、人行﹞,鋼筋混凝土造,94年1月21日,一層,
RPPNMLLLKIGGFCV88DA,17,15.76,集合住宅,鋼筋混凝土造,94年1月21日,八層,
RPRNMLNLJIGGFAV98DA,38,10.72,避難室．樓梯間,鋼筋混凝土造,73年1月30日,四層,
RPRNMLNLJIGGFAV98DA,38,85.57,住家用,鋼筋混凝土造,73年1月30日,四層,四層
RPPNMLLLKIGGFDV98DA,26,6.94,樓梯．電梯．機械房．水箱．清水池．走道．陽台．屋頂突出物,鋼筋混凝土造,84年7月14日,八層,
RPPNMLLLKIGGFDV98DA,26,30.87,套房,鋼筋混凝土造,84年7月14日,八層,四層 見其他登記事項
RPSNMLKKKIGGFAV78DA,,33.06,商業用,水泥木造,,一層,一層 騎樓
RPSNMLKKKIGGFAV78DA,,33.06,商業用,水泥木造,,一層,一層 騎樓
RPSNMLKKKIGGFAV78DA,54,96.09,住家用,鐵筋水泥磚造,57年5月1日,三層,一層 二層 三層
RPVNMLPKKIGGFAV96DA,29,151.98,住家用,鋼筋混凝土造,81年6月29日,三層,一層 二層 三層 騎樓
RPWNMLQJKIGGFAV07DA,26,202.51,住商用,鋼筋混凝土造,85年1月13日,四層,一層 二層 三層 四層 騎樓 停車場 見其他登記事項
RPTNMLRKKIGGFAV96DA,4,250.26,住宅、騎樓、樓梯間,ＲＣ造,106年6月6日,三層,一層 二層 三層 騎樓 見其他登記事項 見其他登記事項
RPXNMLOKKIGGFAV07DA,27,100.22,集合住宅,鋼筋混凝土造,84年2月17日,八層,四層 陽台 花台
RPXNMLOKKIGGFAV07DA,27,17.65,防空避難室暨停車空間、配電室,鋼筋混凝土造,84年2月17日,八層,
RPSNMLRKKIGGFAV86DA,28,334.76,住家用,鋼筋混凝土造,83年1月11日,三層,一層 二層 三層
RPXNMLOKKIGGFAV07DA,27,12.74,車道、警衛室、托兒所、電梯、樓梯,鋼筋混凝土造,84年2月17日,八層,
RPSOMLQJKIGGFAV76DA,25,8.93,共同使用：樓梯．電梯,鋼筋混凝土造,85年6月28日,七層,
RPSOMLQJKIGGFAV76DA,25,6.12,樓梯、電梯、機械房、水箱共同使用,鋼筋混凝土造,85年6月28日,七層,
RPSOMLQJKIGGFAV76DA,25,3.99,車道、水箱、樓梯、機械房配電室共同使用　,鋼筋混凝土造,85年6月28日,七層,
RPSOMLQJKIGGFAV76DA,25,16.01,防空避難室暨停車空間共同使用,鋼筋混凝土造,85年6月28日,七層,
RPSOMLQJKIGGFAV76DA,25,90.40,住家用,鋼筋混凝土造,85年6月28日,七層,五層 陽台 花台
RPQNMLNKKIGGFBV98DA,52,67.24,住家用,水泥磚木造蓋鐵皮,59年1月15日,一層,一層 騎樓
RPXNMLLLKIGGFAV86DA,8,192.09,住家用,ＲＣ造,102年10月18日,三層,一層 二層 三層 屋頂突出物 見其他登記事項
RPOOMLRKJIGGFAV09DA,39,150.86,住家用,加強磚造,71年8月16日,二層,一層 二層 騎樓
RPPNMLKLJIGGFAV48DA,7,294.55,住家用,ＲＣ造,103年9月19日,四層,一層 二層 三層 四層 見其他登記事項
RPPNMLRLKIGGFBV86EA,56,46.68,工商用,鋼筋混凝土加強磚造,54年10月22日,一層,一層
RPPNMLRLKIGGFBV86EA,52,47.50,住家用,鋼筋混凝土加強磚造,58年6月20日,一層,一層 騎樓
RPRNMLLJKIGGFDV98DA,28,35.56,出租套房,鋼筋混凝土造,82年11月8日,八層,六層 陽台
RPRNMLLJKIGGFDV98DA,28,13.01,出租套房、通道、停車場、避難室．屋頂突出物,鋼筋混凝土造,82年11月8日,八層,
RPSNMLPKKIGGFAV66DA,47,95.54,住家用,鐵筋水泥磚,63年7月8日,二層,一層 二層 騎樓
RPQOMLKLKIGGFAV78DA,,203.51,Ｈ２住宅,ＲＣ造,110年9月13日,三層,一層 二層 三層 見其他登記事項
RPRNMLRKKIGGFAV76DA,4,235.11,住宅、騎樓、樓梯間,ＲＣ造,106年6月6日,三層,一層 二層 三層 騎樓 見其他登記事項 見其他登記事項
RPRNMLTJKIGGFBV96DA,47,106.08,住家用,鋼筋混凝土加強磚造,64年5月19日,二層,一層 二層
RPUNMLMLKIGGFAV66DA,27,85.25,住宅、騎樓,鋼筋混凝土造,84年3月22日,三層,一層 二層 三層 騎樓
RPWNMLMLKIGGFAV86DA,28,45.04,住家用,鋼筋混凝土造,82年7月22日,三層,一層 二層 三層 屋頂突出物 騎樓
RPVNMLMLKIGGFAV76DA,29,28.06,集合住宅,鋼筋混凝土造,82年5月22日,十二層,五層 陽台
RPVNMLMLKIGGFAV76DA,29,3.34,共同使用部份,鋼筋混凝土造,82年5月22日,十二層,
RPVNMLMLKIGGFAV76DA,29,7.04,走廊．電樓梯間接（共同使用部分）,鋼筋混凝土造,82年5月22日,十二層,
RPWNMLOKKIGGFAV96DA,,232.97,Ｈ２住宅、樓梯間,ＲＣ造,110年7月13日,三層,一層 二層 三層 見其他登記事項 見其他登記事項
RPRNMLRJKIGGFAV66DA,,191.04,Ｈ２住宅,ＲＣ造,110年9月29日,三層,一層 二層 三層 見其他登記事項
RPWNMLRJKIGGFAV17DA,27,81.88,集合住宅,鋼筋混凝土造,84年6月1日,五層,一層 平台
RPWNMLRJKIGGFAV17DA,27,9.58,停車空間．兼儲藏室（共同使用）,鋼筋混凝土造,84年6月1日,五層,
RPWNMLRJKIGGFAV17DA,27,10.46,樓梯．通廊．瞭望台．水箱．蓄水池（共同使用）,鋼筋混凝土造,84年6月1日,五層,
RPQNMLLLKIGGFDV09DA,24,35.30,商業用,鋼筋混凝土造,87年3月6日,十五層,六層 陽台
RPPNMLTJKIGGFDV96DA,24,35.30,商業用,鋼筋混凝土造,87年3月6日,十五層,七層 陽台
RPPNMLTJKIGGFDV96DA,24,1.12,機房、樓梯,鋼筋混凝土造,87年3月6日,十五層,
RPQNMLLLKIGGFDV09DA,24,1.12,機房、樓梯,鋼筋混凝土造,87年3月6日,十五層,
RPPNMLTJKIGGFDV96DA,24,7.21,梯間、通道,鋼筋混凝土造,87年3月6日,十五層,
RPPNMLTJKIGGFDV96DA,24,5.57,通道、活動室、樓梯間、門廳、車道、辦公室,鋼筋混凝土造,87年3月6日,十層,
RPQNMLLLKIGGFDV09DA,24,7.21,梯間、通道,鋼筋混凝土造,87年3月6日,十五層,
RPQNMLLLKIGGFDV09DA,24,5.57,通道、活動室、樓梯間、門廳、車道、辦公室,鋼筋混凝土造,87年3月6日,十層,
RPPNMLNLKIGGFDV56DA,28,10.16,樓梯間、機械室、電梯間、屋頂突出物避難室車道,鋼筋混凝土造,83年4月27日,九層,
RPPNMLNLKIGGFDV56DA,28,46.90,走道,鋼筋混凝土造,83年4月27日,九層,
RPPNMLNLKIGGFDV56DA,28,42.64,商業用,鋼筋混凝土造,83年4月27日,九層,九層 陽台
RPTNMLNLKIGGFAV66DA,9,204.63,住家用,ＲＣ造,102年4月19日,三層,一層 二層 三層 見其他登記事項
RPPNMLOJKIGGFAV78DA,1,294.35,Ｈ２住宅,鋼筋混凝土造,109年8月4日,四層,一層 二層 三層 四層 見其他登記事項
RPROMLPKKIGGFAV66DA,1,77.71,Ｈ２集合住宅,ＲＣ造,110年5月31日,五層,五層 見其他登記事項
RPROMLPKKIGGFAV66DA,1,14.55,梯間、樓梯間（公共設施）,ＲＣ造,110年5月31日,五層,
RPPNMLMJKIGGFAV58DA,22,234.97,人行．店鋪．住宅,鋼筋混凝土造,89年1月29日,四層,一層 二層 三層 四層 陽台 平台 騎樓
RPPOMLQLJIGGFAV56DA,41,115.65,住家用,加強磚造,69年10月30日,二層,一層 二層 騎樓
RPPNMLPKKIGGFDV66DA,28,35.56,出租套房,鋼筋混凝土造,82年11月8日,八層,四層 陽台
RPPNMLPKKIGGFDV66DA,28,13.01,出租套房、通道、停車場、避難室．屋頂突出物,鋼筋混凝土造,82年11月8日,八層,
RPPNMLMLKIGGFDV09DA,24,35.30,商業用,鋼筋混凝土造,87年3月6日,十層,九層 陽台
RPPNMLMLKIGGFDV09DA,24,1.12,機房、樓梯,鋼筋混凝土造,87年3月6日,十五層,
RPPNMLMLKIGGFDV09DA,24,7.21,梯間、通道,鋼筋混凝土造,87年3月6日,十五層,
RPPNMLMLKIGGFDV09DA,24,5.57,通道、活動室、樓梯間、門廳、車道、辦公室,鋼筋混凝土造,87年3月6日,十層,
RPPOMLRJKIGGFAV56DA,2,88.43,Ｈ２集合住宅,ＲＣ造,109年3月3日,五層,一層 見其他登記事項
RPPOMLRJKIGGFAV56DA,2,.34,Ｇ３店舖、機房,ＲＣ造,109年3月3日,五層,
RPPOMLRJKIGGFAV56DA,2,15.22,樓梯間、昇降機間,ＲＣ造,109年3月3日,五層,
RPVNMLOKKIGGFAV86DA,53,66.16,住家用,鐵筋水泥磚,58年2月1日,二層,一層 二層
RPPNMLRLJIGGFAV56DA,39,106.29,集合住宅,鋼筋混凝土造,72年2月22日,四層,四層 陽台
RPPNMLRLJIGGFAV56DA,39,7.78,國民住宅走道,鋼筋混凝土造,72年2月22日,四層,
RPOOMLQLJIGGFAV09DA,36,99.20,住家用,加強磚造,75年1月31日,二層,一層 二層
RPVNMLOLKIGGFAV96DA,29,229.30,住家用,鋼筋混凝土造,81年12月7日,三層,一層 二層 三層 屋頂突出物 騎樓
RPRNMLRLKIGGFAV86DA,28,260.00,住家用,鋼筋混凝土造,82年11月11日,三層,一層 二層 三層
RPUNMLNLKIGGFAV76DA,40,108.18,住家用,加強磚造,70年12月28日,二層,一層 二層 騎樓
RPRNMLQJKIGGFBV66DA,27,193.80,住家用,加強磚造,83年10月7日,二層,一層 二層 陽台 電梯樓梯間
RPRNMLRLKIGGFDV17DA,24,35.30,商業用,鋼筋混凝土造,87年3月6日,十層,七層 陽台
RPRNMLRLKIGGFDV17DA,24,1.12,機房、樓梯,鋼筋混凝土造,87年3月6日,十五層,
RPRNMLRLKIGGFDV17DA,24,7.21,梯間、通道,鋼筋混凝土造,87年3月6日,十五層,
RPRNMLRLKIGGFDV17DA,24,5.57,通道、活動室、樓梯間、門廳、車道、辦公室,鋼筋混凝土造,87年3月6日,十層,
RPTNMLMLKIGGFAV56DA,2,60.43,Ｈ２集合住宅,ＲＣ造,109年3月3日,五層,五層 見其他登記事項
RPTNMLMLKIGGFAV56DA,2,.23,Ｇ３店舖、機房,ＲＣ造,109年3月3日,五層,
RPTNMLMLKIGGFAV56DA,2,11.66,樓梯間、昇降機間,ＲＣ造,109年3月3日,五層,
RPUOMLTLKIGGFAV47DA,2,88.40,Ｈ２集合住宅,ＲＣ造,109年3月3日,五層,一層 見其他登記事項
RPUOMLTLKIGGFAV47DA,2,.34,Ｇ３店舖、機房,ＲＣ造,109年3月3日,五層,
RPUOMLTLKIGGFAV47DA,2,15.22,樓梯間、昇降機間,ＲＣ造,109年3月3日,五層,
RPSOMLOLKIGGFAV76DA,7,227.95,住宅、樓梯間,ＲＣ造,103年9月17日,三層,一層 二層 三層 見其他登記事項 見其他登記事項
RPUNMLRJKIGGFAV96DA,,197.61,Ｈ２住宅,ＲＣ造,110年9月29日,三層,一層 二層 三層 見其他登記事項
RPUNMLKMJIGGFAV09DA,,169.42,Ｈ２住宅,ＲＣ造,110年5月13日,三層,一層 二層 三層 見其他登記事項
RPQNMLSJKIGGFAV66DA,29,143.69,住家用,鋼筋混凝土造,82年1月18日,三層,一層 二層 三層 屋頂突出物
RPVNMLRJKIGGFAV07DA,,134.82,住家用,木造,,二層,一層 二層
RPUNMLOLKIGGFAV86DA,41,119.70,住家用,加強磚造,70年3月2日,二層,一層 二層 騎樓
RPTOMLTLKIGGFAV37DA,6,251.72,住家用,ＲＣ造,104年8月13日,三層,一層 二層 三層 見其他登記事項
RPPOMLNLKIGGFAV98DA,41,53.97,住家用,加磚鋼鐵,,一層,一層 騎樓
RPPOMLNLKIGGFAV98DA,41,53.97,住家用,加磚鋼鐵,,一層,一層 騎樓
RPRNMLMJKIGGFAV78DA,28,2.07,避難室．機械室．共同使用,鋼筋混凝土造,82年12月3日,四層,
RPRNMLMJKIGGFAV78DA,28,.23,樓梯間．共同使用,鋼筋混凝土造,82年12月3日,四層,
RPRNMLMJKIGGFAV78DA,28,.23,樓梯間．公同使用,鋼筋混凝土造,82年12月3日,四層,
RPRNMLMJKIGGFAV78DA,28,.23,樓梯間．公同使用,鋼筋混凝土造,82年12月3日,四層,
RPRNMLMJKIGGFAV78DA,28,.23,樓梯間．公同使用,鋼筋混凝土造,82年12月3日,四層,
RPRNMLMJKIGGFAV78DA,28,.23,樓梯間．公同使用,鋼筋混凝土造,82年12月3日,四層,
RPRNMLMJKIGGFAV78DA,28,.23,樓梯間．公同使用,鋼筋混凝土造,82年12月3日,四層,
RPRNMLMJKIGGFAV78DA,28,.23,樓梯間．公同使用,鋼筋混凝土造,82年12月3日,四層,
RPRNMLMJKIGGFAV78DA,28,.23,樓梯間．公同使用,鋼筋混凝土造,82年12月3日,四層,
RPRNMLMJKIGGFAV78DA,28,.64,樓梯間．公同使用,鋼筋混凝土造,82年12月3日,四層,
RPRNMLMJKIGGFAV78DA,28,.64,樓梯間．公同使用,鋼筋混凝土造,82年12月3日,四層,
RPRNMLMJKIGGFAV78DA,28,.24,樓梯間．公同使用,鋼筋混凝土造,82年12月3日,四層,
RPRNMLMJKIGGFAV78DA,28,.24,樓梯間．公同使用,鋼筋混凝土造,82年12月3日,四層,
RPRNMLMJKIGGFAV78DA,28,.24,樓梯間．公同使用,鋼筋混凝土造,82年12月3日,四層,
RPRNMLMJKIGGFAV78DA,28,96.75,集合住宅,鋼筋混凝土造,82年12月3日,四層,四層 陽台
RPRNMLMJKIGGFAV78DA,28,3.29,避難室．機械室．公同使用,鋼筋混凝土造,82年12月3日,四層,
RPRNMLMJKIGGFAV78DA,28,.23,樓梯間．公同使用,鋼筋混凝土造,82年12月3日,四層,
RPRNMLMJKIGGFAV78DA,28,.23,樓梯間．屋頂突出物．公同使用,鋼筋混凝土造,82年12月3日,四層,
RPRNMLMJKIGGFAV78DA,28,.23,樓梯間．公同使用,鋼筋混凝土造,82年12月3日,四層,
RPRNMLMJKIGGFAV78DA,28,.23,樓梯間．屋頂突出物．公同使用,鋼筋混凝土造,82年12月3日,四層,
RPRNMLMJKIGGFAV78DA,28,.23,樓梯間．公同使用,鋼筋混凝土造,82年12月3日,四層,
RPRNMLMJKIGGFAV78DA,28,.23,樓梯間．屋頂突出物．公同使用,鋼筋混凝土造,82年12月3日,四層,
RPRNMLMJKIGGFAV78DA,28,.23,樓梯間．屋頂突出物．公同使用,鋼筋混凝土造,82年12月3日,四層,
RPRNMLMJKIGGFAV78DA,28,.23,樓梯間．屋頂突出物．公同使用,鋼筋混凝土造,82年12月3日,四層,
RPRNMLMJKIGGFAV78DA,28,.23,樓梯間．公同使用,鋼筋混凝土造,82年12月3日,四層,
RPRNMLMJKIGGFAV78DA,28,.23,樓梯間．屋頂突出物．公同使用,鋼筋混凝土造,82年12月3日,四層,
RPRNMLMJKIGGFAV78DA,28,.23,樓梯間．屋頂突出物．公同使用,鋼筋混凝土造,82年12月3日,四層,
RPRNMLMJKIGGFAV78DA,28,.23,樓梯間．屋頂突出物．公同使用,鋼筋混凝土造,82年12月3日,四層,
RPRNMLMJKIGGFAV78DA,28,.23,樓梯間．屋頂突出物．公同使用,鋼筋混凝土造,82年12月3日,四層,
RPRNMLMJKIGGFAV78DA,28,.23,樓梯間．屋頂突出物．公同使用,鋼筋混凝土造,82年12月3日,四層,
RPROMLLLKIGGFAV98DA,42,103.80,住家用,鋼筋混凝土造,68年12月8日,二層,一層 二層 騎樓
RPRNMLMJKIGGFAV78DA,28,.24,樓梯間．屋頂突出物．公同使用,鋼筋混凝土造,82年12月3日,四層,
RPRNMLMJKIGGFAV78DA,28,.24,樓梯間．屋頂突出物．公同使用,鋼筋混凝土造,82年12月3日,四層,
RPRNMLMJKIGGFAV78DA,28,.24,樓梯間．屋頂突出物．公同使用,鋼筋混凝土造,82年12月3日,四層,
RPRNMLMJKIGGFAV78DA,28,.24,樓梯間．屋頂突出物．公同使用,鋼筋混凝土造,82年12月3日,四層,
RPRNMLMJKIGGFAV78DA,28,.24,樓梯間．屋頂突出物．公同使用,鋼筋混凝土造,82年12月3日,四層,
RPQNMLMLKIGGFAV88DA,16,215.77,住家用,ＲＣ造,94年11月17日,三層,一層 二層 三層 見其他登記事項
RPWNMLRKKIGGFAV27DA,4,228.51,Ｈ２集合住宅,鋼筋混凝土造,107年5月23日,四層,一層 二層 三層 四層 見其他登記事項
RPSNMLRLKIGGFAV96DA,25,8.85,主要內容：樓梯．電梯（共同使用）,鋼筋混凝土造,85年6月21日,七層,
RPSNMLRLKIGGFAV96DA,25,5.87,電梯．水箱．機械房．樓梯共同使用,鋼筋混凝土造,85年6月21日,七層,
RPSNMLRLKIGGFAV96DA,25,6.29,車道．樓梯．配電室．機械房．蓄水池．機車停車位共同使用,鋼筋混凝土造,85年6月21日,七層,
RPSNMLRLKIGGFAV96DA,25,16.82,防空避難室暨停車空間共同使用,鋼筋混凝土造,85年6月21日,七層,
RPSNMLRLKIGGFAV96DA,25,89.46,集合住宅,鋼筋混凝土造,85年6月21日,七層,四層 陽台
RPRNMLNLKIGGFBV56DA,26,187.08,住家用,加強磚造,84年7月27日,二層,一層 二層 陽台 騎樓
RPRNMLMLKIGGFAV98DA,5,274.61,住家用,ＲＣ造,105年6月7日,四層,一層 二層 三層 四層 見其他登記事項
RPQNMLMJJHHGFAV58DA,28,28.00,集合住宅,鋼筋混凝土造,82年10月26日,六層,五層
RPQNMLMJJHHGFAV58DA,28,11.62,電梯間、樓梯間、避難室、走道,鋼筋混凝土造,82年10月26日,六層,
RPROMLKMJIGGFAV88DA,22,195.98,住家用,鋼筋混凝土造,89年4月7日,三層,一層 二層 三層 陽台 平台
RPSNMLQJKIGGFAV66DA,,210.32,Ｈ２住宅,ＲＣ造,110年9月27日,三層,一層 二層 三層 見其他登記事項
RPXNMLMJKIGGFAV76DA,3,382.74,Ｈ２住宅、樓梯間,ＲＣ造,108年4月29日,四層,一層 二層 三層 四層 見其他登記事項 見其他登記事項
RPTOMLNJJHHGFAV09DA,40,109.20,住家用,鋼筋混凝土加強磚造,70年8月21日,二層,一層 二層
RPROMLOLKIGGFAV66DA,26,8.44,電梯．樓梯．通道．水箱．機械房．公共使用,鋼筋混凝土造,85年3月26日,八層,
RPROMLOLKIGGFAV66DA,26,12.89,防空避難室．停車空間,鋼筋混凝土造,85年3月26日,八層,
RPROMLOLKIGGFAV66DA,26,67.40,集合住宅,鋼筋混凝土造,85年3月26日,八層,一層 陽台
RPQOMLNJJHHGFAV78DA,17,210.30,住家用,ＲＣ造,94年2月2日,三層,一層 二層 三層 見其他登記事項
RPPNMLTKKIGGFAV76DA,17,236.37,住家用,鋼筋混凝土造,93年9月3日,三層,一層 二層 三層 見其他登記事項
RPPNMLQJJHHGFDV56DA,40,98.78,住家用,加強磚造,70年12月2日,二層,一層 二層 騎樓
RPUNMLTLKIGGFAV37DA,26,133.11,住家用,鋼筋混凝土造,84年11月27日,二層,一層 二層 屋頂突出物
RPTNMLQJKIGGFAV76DA,,189.89,Ｈ２住宅,ＲＣ造,110年9月27日,三層,一層 二層 三層 見其他登記事項
RPOOMLNJJHHGFAV58DA,,50.51,住家用,鐵筋水泥磚,,二層,一層 二層 騎樓
RPRNMLMLIIGGFAV78DA,,70.37,Ｈ２集合住宅,ＲＣ造,110年8月12日,五層,四層 見其他登記事項
RPRNMLMLIIGGFAV78DA,,14.54,共同使用部份,ＲＣ造,110年8月12日,五層,
RPPOMLNJJHHGFAV68DA,36,102.38,住家用,加強磚造,74年9月2日,二層,一層 二層 騎樓
RPRNMLQJJHHGFAV09DA,,178.65,Ｈ２住宅,ＲＣ造,110年9月13日,三層,一層 二層 三層 見其他登記事項
RPVNMLLJKIGGFAV09DA,27,61.21,集合住宅　　,鋼筋混凝土造,84年2月17日,八層,六層 花台
RPVNMLLJKIGGFAV09DA,27,4.11,走道,鋼筋混凝土造,84年2月17日,八層,
RPVNMLLJKIGGFAV09DA,27,11.38,防空避難室暨停車空間、配電室,鋼筋混凝土造,84年2月17日,八層,
RPVNMLLJKIGGFAV09DA,27,8.38,車道、警衛室、托兒所、電梯、樓梯,鋼筋混凝土造,84年2月17日,八層,
RPXNMLPJJHHGFAV96DA,27,79.10,集合住宅,鋼筋混凝土造,84年1月25日,十層,十層 陽台 花台
RPXNMLPJJHHGFAV96DA,,2.14,樓梯，電梯，機械房,鋼筋混凝土造,,十層,
RPXNMLPJJHHGFAV96DA,27,9.44,樓梯．電梯間,鋼筋混凝土造,84年1月25日,十層,
RPXNMLPJJHHGFAV96DA,27,2.26,門廳．車道．水箱．交誼廳．通道,鋼筋混凝土造,84年1月25日,十層,
RPXNMLPJJHHGFAV96DA,27,11.52,防空避難室．配電室．停車空間,鋼筋混凝土造,84年1月25日,十層,
RPUNMLPJJHHGFAV66DA,69,87.90,住宅、騎樓,土磚石混合造,42年1月14日,一層,一層 騎樓
RPXNMLQJJHHGFAV07DA,,223.28,Ｈ２住宅,ＲＣ造,110年9月13日,三層,一層 二層 三層 見其他登記事項
RPQNMLQJJHHGFDV66DA,28,11.67,出租套房（共同使用）．樓梯間．機械房．水箱,鋼筋混凝土造,82年11月8日,八層,
RPQNMLQJJHHGFDV66DA,28,31.40,出租套房,鋼筋混凝土造,82年11月8日,八層,六層 陽台
RPQNMLRLKIGGFDV07DA,24,35.80,商業用,鋼筋混凝土造,87年3月6日,十五層,十五層 露台
RPQNMLRLKIGGFDV07DA,24,1.18,機房、樓梯,鋼筋混凝土造,87年3月6日,十五層,
RPQNMLRLKIGGFDV07DA,24,7.62,梯間、通道,鋼筋混凝土造,87年3月6日,十五層,
RPQNMLRLKIGGFDV07DA,24,5.87,通道、活動室、樓梯間、門廳、車道、辦公室,鋼筋混凝土造,87年3月6日,十層,
RPPNMLRJJHHGFAV98DA,11,447.13,住家用,ＲＣ造,100年3月22日,三層,一層 二層 三層 見其他登記事項
RPRNMLTLKIGGFAV07DA,13,478.30,住家用,ＲＣ造,97年10月17日,三層,一層 二層 三層 見其他登記事項
RPPOMLQJJHHGFAV98DA,29,11.77,停車場，樓梯間（共同使用部分）,鋼筋混凝土造,82年5月19日,五層,
RPPOMLQJJHHGFAV98DA,29,4.57,樓梯間．陽台．霧台（共同使用）,鋼筋混凝土造,82年5月19日,五層,
RPPOMLQJJHHGFAV98DA,29,5.86,樓梯間（共同使用）,鋼筋混凝土造,82年5月19日,五層,
RPPOMLQJJHHGFAV98DA,29,.98,屋頂突出物（共同使用）,鋼筋混凝土造,82年5月19日,五層,
RPPOMLQJJHHGFAV98DA,29,68.44,住家用,鋼筋混凝土造,82年5月19日,五層,四層 陽台
RPVNMLRJJHHGFAV96DA,34,379.15,店舖．住宅．避難室,鋼筋混凝土造,76年10月6日,三層,一層 二層 三層 騎樓 地下層
RPPNMLKMKIGGFAV68DA,42,113.40,住家用,加強磚造,69年2月4日,二層,一層 二層
RPOOMLOLJIGGFAV88DA,28,22.05,集合住宅（共同使用）,鋼筋混凝土造,82年10月19日,七層,
RPOOMLOLJIGGFAV88DA,28,8.83,樓梯間（共同使用）,鋼筋混凝土造,82年10月19日,七層,
RPOOMLOLJIGGFAV88DA,28,81.69,集合住宅,鋼筋混凝土造,82年10月19日,七層,四層 陽台 花台
RPTNMLMLIIGGFAV98DA,,71.75,Ｈ２集合住宅,ＲＣ造,110年8月12日,五層,二層 見其他登記事項
RPTNMLMLIIGGFAV98DA,,14.83,共同使用部份,ＲＣ造,110年8月12日,五層,
RPUNMLMLIIGGFAV09DA,,71.75,Ｈ２集合住宅,ＲＣ造,110年8月12日,五層,四層 見其他登記事項
RPUNMLMLIIGGFAV09DA,,14.83,共同使用部份,ＲＣ造,110年8月12日,五層,
RPXNMLRJJHHGFAV17DA,,449.85,Ｈ２住宅、樓梯間,ＲＣ造,110年6月4日,四層,一層 二層 三層 四層 見其他登記事項 見其他登記事項
RPOOMLRJJHHGFAV98DA,,445.25,Ｈ２住宅、樓梯間,ＲＣ造,110年6月4日,四層,一層 二層 三層 四層 見其他登記事項 見其他登記事項
RPPOMLRJJHHGFAV09DA,,178.65,Ｈ２住宅,ＲＣ造,110年9月13日,三層,一層 二層 三層 見其他登記事項
RPUNMLRJJHHGFAV86DA,10,261.30,住家用,ＲＣ造,101年5月2日,三層,一層 二層 三層 見其他登記事項
RPUNMLKKJHHGFAV88DA,25,8.16,電樓梯間．走廊．避難室兼停車場,鋼筋混凝土造,85年11月13日,七層,
RPUNMLKKJHHGFAV88DA,25,5.18,走廊,鋼筋混凝土造,85年11月13日,七層,
RPUNMLKKJHHGFAV88DA,25,21.97,集合住宅,鋼筋混凝土造,85年11月13日,七層,六層
RPTNMLKKJHHGFCV98DA,5,347.12,Ｈ２自用農舍、Ｈ２自用農舍（閣樓）,鋼筋混凝土造,105年9月9日,二層,陽台 見其他登記事項
RPOOMLKKJHHGFAV38DA,27,209.38,住家用,鋼筋混凝土造,83年10月28日,四層,一層 二層 三層 四層 陽台
RPVNMLKKJHHGFAV98DA,17,217.86,人行道、店舖、住宅,ＲＣ造,94年5月9日,三層,一層 二層 三層 騎樓 見其他登記事項
RPQNMLOKJHHGFDV56DA,26,6.94,樓梯．電梯．機械房．水箱．清水池．走道．陽台．屋頂突出物,鋼筋混凝土造,84年7月14日,八層,
RPQNMLOKJHHGFDV56DA,26,30.87,套房,鋼筋混凝土造,84年7月14日,八層,八層 見其他登記事項
RPUNMLLKJHHGFAV98DA,11,200.75,住家用,ＲＣ造,100年1月27日,三層,一層 二層 三層 騎樓 見其他登記事項
RPTNMLMKJHHGFBV09DA,45,67.24,住家用,鋼筋水泥磚造,65年9月25日,一層,一層 騎樓
RPQNMLMKJHHGFBV78DA,36,147.20,住家用,加強磚造,75年5月6日,一層,一層
RPPNMLQKKIGGFAV09DA,43,110.70,住家用,加強磚造,67年7月5日,二層,一層 二層 騎樓
RPVNMLPJJHHGFAV76DA,7,269.18,住宅、樓梯間,ＲＣ造,103年9月9日,三層,一層 二層 三層 屋頂突出物 見其他登記事項
RPTNMLPJJHHGFAV56DA,43,42.53,住家用,磚木造瓦屋頂,,一層,一層 騎樓
RPTNMLRJKIGGFAV86DA,,194.89,Ｈ２住宅,ＲＣ造,110年9月29日,三層,一層 二層 三層 見其他登記事項
RPVNMLNKKIGGFAV76DA,16,74.52,公共空間、機械室、梯廳、儲藏室、管理委員會辦公室、社區活動中心、防空避難室、停車空間、樓梯間、水箱、機械室、走廊、社區管理中心、社區活動中心（共同使用部份）,鋼筋混凝土造,95年3月10日,十層,
RPVNMLNKKIGGFAV76DA,16,118.69,集合住宅,鋼筋混凝土造,95年3月10日,十層,四層 陽台
RPWNMLMLIIGGFAV66DA,,70.37,Ｈ２集合住宅,ＲＣ造,110年8月12日,五層,一層 見其他登記事項
RPWNMLMLIIGGFAV66DA,,14.54,共同使用部份,ＲＣ造,110年8月12日,五層,
RPVNMLKMKIGGFAV66DA,4,237.32,住宅、樓梯間,ＲＣ造,107年3月23日,三層,一層 二層 三層 見其他登記事項 見其他登記事項
RPTNMLOKJHHGFBV66DA,28,242.09,農舍,加強磚造,83年1月15日,二層,一層 二層 陽台 見其他登記事項
RPRNMLLKJHHGFAV68DA,53,87.48,住家用,鐵筋水泥磚,58年2月1日,二層,一層 二層
RPSNMLMKJHHGFAV88DA,27,99.67,住宅、樓梯間,鋼筋混凝土造,84年1月24日,三層,一層 二層 三層 陽台
RPPOMLNKJHHGFAV78DA,40,93.45,住家用,加強磚造,70年12月29日,二層,一層 二層 騎樓
RPPNMLRJJHHGFCV56DA,6,152.97,Ｈ２住宅,鋼筋混凝土造,104年12月18日,三層,一層 二層 三層 陽台
RPQNMLQJJHHGFCV56DA,37,113.40,住家用,加強磚造,73年9月29日,一層,一層
RPUNMLMKJHHGFAV09DA,41,104.40,住家用,加強磚造,69年10月8日,二層,一層 二層
RPWNMLMKJHHGFAV66DA,,178.66,Ｈ２住宅,ＲＣ造,110年9月13日,三層,一層 二層 三層 見其他登記事項
RPVNMLNKJHHGFAV66DA,27,61.21,集合住宅,鋼筋混凝土造,84年2月17日,八層,六層 花台
RPVNMLNKJHHGFAV66DA,27,4.11,走道,鋼筋混凝土造,84年2月17日,八層,
RPVNMLNKJHHGFAV66DA,27,11.38,防空避難室暨停車空間、配電室,鋼筋混凝土造,84年2月17日,八層,
RPVNMLNKJHHGFAV66DA,27,8.38,車道、警衛室、托兒所、電梯、樓梯,鋼筋混凝土造,84年2月17日,八層,
RPQOMLTLKIGGFAV07DA,40,105.54,住家用,加強磚造,,二層,一層 二層 騎樓
RPQNMLRKKIGGFAV66DA,41,114.46,住家用,加強磚造,70年4月24日,二層,一層 二層
RPXNMLMLIIGGFAV76DA,,70.37,Ｈ２集合住宅,ＲＣ造,110年8月12日,五層,五層 見其他登記事項
RPXNMLMLIIGGFAV76DA,,14.54,共同使用部份,ＲＣ造,110年8月12日,五層,
RPPOMLMLIIGGFAV68DA,,71.75,Ｈ２集合住宅,ＲＣ造,110年8月12日,五層,一層 見其他登記事項
RPPOMLMLIIGGFAV68DA,,14.83,共同使用部份,ＲＣ造,110年8月12日,五層,
RPOOMLMLIIGGFAV58DA,,71.75,Ｈ２集合住宅,ＲＣ造,110年8月12日,五層,三層 見其他登記事項
RPOOMLMLIIGGFAV58DA,,14.83,共同使用部份,ＲＣ造,110年8月12日,五層,
RPRNMLMKJHHGFBV88DA,58,30.52,住家用,加強磚造,53年1月4日,一層,一層
RPSNMLNLKIGGFBV66DA,43,102.00,住家用,鋼筋混凝土加強磚造,67年12月8日,二層,一層 二層
RPPNMLOJJHHGFDV98DA,24,35.30,商業用,鋼筋混凝土造,87年3月6日,十五層,十三層 陽台
RPPNMLOJJHHGFDV98DA,24,1.12,機房、樓梯,鋼筋混凝土造,87年3月6日,十五層,
RPPNMLOJJHHGFDV98DA,24,7.21,梯間、通道,鋼筋混凝土造,87年3月6日,十五層,
RPPNMLOJJHHGFDV98DA,24,5.57,通道、活動室、樓梯間、門廳、車道、辦公室,鋼筋混凝土造,87年3月6日,十層,
RPRNMLQJJHHGFCV66DA,33,189.56,住宅、蘭花室、住宅,鋼筋混凝土、加強磚造、鋼架造,78年2月4日,一層,見其他登記事項
RPRNMLMKJHHGFDV09DA,27,7.92,人行樓梯、電梯．大廳．防空避難室．屋頂突出物　,鋼筋混凝土造,84年1月10日,八層,
RPRNMLMKJHHGFDV09DA,27,31.53,套房,鋼筋混凝土造,84年1月10日,八層,五層 見其他登記事項
RPRNMLMKJHHGFDV09DA,27,3.64,走廊,鋼筋混凝土造,84年1月10日,八層,
RPQNMLPJJHHGFDV56DA,26,6.57,樓梯．電梯．機械房．水箱．清水池．走道．陽台．屋頂突出物,鋼筋混凝土造,84年7月14日,八層,
RPQNMLPJJHHGFDV56DA,26,30.87,套房,鋼筋混凝土造,84年7月14日,八層,二層 見其他登記事項
RPXNMLSKJHHGFAV37DA,26,270.00,住商用,鋼筋混凝土造,85年1月9日,四層,一層 二層 三層 四層 陽台 騎樓
RPPNMLRKJHHGFDV76DA,28,10.16,樓梯間、機械室、電梯間、屋頂突出物避難室車道,鋼筋混凝土造,83年4月27日,九層,
RPPNMLRKJHHGFDV76DA,28,46.90,走道,鋼筋混凝土造,83年4月27日,九層,
RPPNMLRKJHHGFDV76DA,28,42.64,商業用,鋼筋混凝土造,83年4月27日,九層,四層 陽台
RPVNMLMKJHHGFAV56DA,,181.64,Ｈ２住宅,ＲＣ造,110年9月13日,三層,一層 二層 三層 見其他登記事項
RPVNMLRKJHHGFAV07DA,40,110.61,住家用,加強磚造,,二層,一層 二層 陽台 騎樓
RPQOMLMLIIGGFAV78DA,,70.37,Ｈ２集合住宅,ＲＣ造,110年8月12日,五層,三層 見其他登記事項
RPQOMLMLIIGGFAV78DA,,14.54,共同使用部份,ＲＣ造,110年8月12日,五層,
RPTOMLLLKIGGFAV56DA,1,169.67,集合住宅,ＲＣ造,110年2月4日,五層,二層 見其他登記事項
RPTOMLLLKIGGFAV56DA,1,40.97,騎樓、樓梯間,ＲＣ造,110年2月4日,五層,
RPUNMLKLKIGGFAV09DA,27,91.78,集合住宅,鋼筋混凝土造,84年6月1日,五層,四層 見其他登記事項
RPUNMLKLKIGGFAV09DA,27,11.17,停車空間．兼儲藏室（共同使用）,鋼筋混凝土造,84年6月1日,五層,
RPUNMLKLKIGGFAV09DA,27,9.58,人行．樓梯．通廊．水箱．蓄水池（共同使用）,鋼筋混凝土造,84年6月1日,五層,
RPPNMLPKKIGGFAV98DA,,194.31,Ｈ２住宅,ＲＣ造,110年9月27日,三層,一層 二層 三層 見其他登記事項
RPROMLMLIIGGFAV88DA,,71.75,Ｈ２集合住宅,ＲＣ造,110年8月12日,五層,三層 見其他登記事項
RPROMLMLIIGGFAV88DA,,14.83,共同使用部份,ＲＣ造,110年8月12日,五層,
RPVNMLNJJHHGFAV56DA,49,55.82,住家用,水泥磚木蓋瓦,61年9月30日,一層,一層 騎樓 廚房
RPPNMLSKJHHGFDV86DA,24,36.85,商業用,鋼筋混凝土造,87年3月6日,十五層,十五層 露台
RPPNMLSKJHHGFDV86DA,24,1.22,機房、樓梯,鋼筋混凝土造,87年3月6日,十五層,
RPPNMLSKJHHGFDV86DA,24,7.85,梯間、通道,鋼筋混凝土造,87年3月6日,十五層,
RPPNMLSKJHHGFDV86DA,24,6.07,通道、活動室、樓梯間、門廳、車道、辦公室,鋼筋混凝土造,87年3月6日,十層,
RPQNMLKLJHHGFCV78DA,39,176.97,住家用,鋼筋混凝土造,71年12月20日,三層,一層 二層 三層 電梯樓梯間
RPPNMLLLJHHGFCV88EA,36,112.86,住家用,加強磚造,,二層,一層 二層 騎樓
RPSOMLNKJHHGFAV09DA,2,211.11,Ｈ２住宅、樓梯間,ＲＣ造,109年6月3日,三層,一層 二層 三層 見其他登記事項 見其他登記事項
RPUNMLRKJHHGFAV96DA,29,209.79,住家用,鋼筋混凝土造,82年4月30日,三層,一層 二層 三層
RPSNMLTKJHHGFAV96DA,,138.49,Ｈ２住宅,ＲＣ造,110年9月16日,三層,一層 二層 三層 見其他登記事項
RPUOMLMLIIGGFAV56DA,,70.37,Ｈ２集合住宅,ＲＣ造,110年8月12日,五層,五層 見其他登記事項
RPUOMLMLIIGGFAV56DA,,14.54,共同使用部份,ＲＣ造,110年8月12日,五層,
RPRNMLRLIIGGFAV66DA,,70.37,Ｈ２集合住宅,ＲＣ造,110年8月12日,五層,三層 見其他登記事項
RPRNMLRLIIGGFAV66DA,,14.54,共同使用部份,ＲＣ造,110年8月12日,五層,
RPSNMLRLIIGGFAV76DA,,71.75,Ｈ２集合住宅,ＲＣ造,110年8月12日,五層,四層 見其他登記事項
RPSNMLRLIIGGFAV76DA,,14.83,共同使用部份,ＲＣ造,110年8月12日,五層,
RPXNMLRLIIGGFAV27DA,,71.75,Ｈ２集合住宅,ＲＣ造,110年8月12日,五層,五層 見其他登記事項
RPTOMLMLIIGGFAV09DA,,71.75,Ｈ２集合住宅,ＲＣ造,110年8月12日,五層,二層 見其他登記事項
RPXNMLRLIIGGFAV27DA,,14.83,共同使用部份,ＲＣ造,110年8月12日,五層,
RPTOMLMLIIGGFAV09DA,,14.83,共同使用部份,ＲＣ造,110年8月12日,五層,
RPOOMLRLIIGGFAV09DA,,70.37,Ｈ２集合住宅,ＲＣ造,110年8月12日,五層,二層 見其他登記事項
RPOOMLRLIIGGFAV09DA,,14.54,共同使用部份,ＲＣ造,110年8月12日,五層,
RPWNMLKMKIGGFAV76DA,29,107.99,住家用,有墻鋼架造,82年1月15日,二層,一層 二層 騎樓
RPRNMLOJJHHGFAV88DA,41,99.27,住家用,加強磚造,69年11月24日,二層,一層 二層
RPOOMLOJJIGGFAV68DA,,70.37,Ｈ２集合住宅,ＲＣ造,110年8月12日,五層,二層 見其他登記事項
RPOOMLOJJIGGFAV68DA,,14.54,共同使用部份,ＲＣ造,110年8月12日,五層,
RPPOMLTLKIGGFAV96DA,30,230.09,住家用,鋼筋混凝土造,81年1月31日,四層,一層 二層 三層 四層
RPSNMLKMKIGGFAV98DA,27,218.58,住家用,鋼筋混凝土造,84年1月4日,七層,五層 陽台
RPSNMLKMKIGGFAV98DA,27,41.34,避難室．共同使用,鋼筋混凝土造,84年1月4日,七層,
RPSNMLKMKIGGFAV98DA,27,51.09,樓梯間．共同使用,鋼筋混凝土造,84年1月4日,七層,
RPSOMLQJJHHGFAV66DA,46,82.72,住家用,鐵筋水泥磚,65年4月1日,二層,一層 二層
RPPNMLKLJHHGFDV78DA,27,6.42,樓梯間．門房走道,鋼筋混凝土造,83年9月30日,八層,
RPPNMLKLJHHGFDV78DA,27,34.45,套房,鋼筋混凝土造,83年9月30日,八層,六層 陽台
RPPNMLLLJHHGFAV58DA,,90.77,住家用,鐵筋水泥磚造,,一層,一層
RPRNMLOLJHHGFAV09DA,33,136.81,住家用,加強磚造,77年9月22日,二層,一層 二層 屋頂突出物
RPWNMLOKJHHGFBV96DA,44,142.24,住家用,鋼筋混凝土加強磚造,67年7月5日,三層,一層 二層 三層 騎樓
RPRNMLPJJHHGFAV98DA,49,49.97,住家用,水泥磚木蓋瓦,62年1月23日,一層,一層 騎樓 廚房
RPPNMLOLJHHGFDV56DA,28,9.79,樓梯間、走廊、樓梯通道．配電機房．停車場．屋頂突出物,鋼筋混凝土造,82年12月31日,五層,
RPPNMLOLJHHGFDV56DA,28,29.74,商業用,鋼筋混凝土造,82年12月31日,五層,四層 陽台
RPPNMLSLKIGGFAV76DA,38,106.95,住家用,加強磚造,72年12月20日,二層,一層 二層
RPQNMLRKJHHGFDV86DA,24,35.30,商業用,鋼筋混凝土造,87年3月6日,十五層,十三層 陽台
RPQNMLRKJHHGFDV86DA,24,1.12,機房、樓梯,鋼筋混凝土造,87年3月6日,十五層,
RPQNMLRKJHHGFDV86DA,24,7.21,梯間、通道,鋼筋混凝土造,87年3月6日,十五層,
RPQNMLRKJHHGFDV86DA,24,5.57,通道、活動室、樓梯間、門廳、車道、辦公室,鋼筋混凝土造,87年3月6日,十層,
RPPNMLPJJHHGFDV09DA,28,11.21,出租套房（共同使用）．樓梯間．機械房．水箱,鋼筋混凝土造,82年11月8日,八層,
RPPNMLPJJHHGFDV09DA,28,30.31,出租套房,鋼筋混凝土造,82年11月8日,八層,二層 陽台
RPRNMLKKKIGGFCV88DA,55,59.97,住家用,加強磚造；木石磚造（第一次增建）,55年4月15日,一層,一層
RPRNMLNJJHHGFAV78DA,43,82.98,住家用,加強磚造,67年11月9日,二層,一層 二層
RPPNMLPLJHHGFAV98DA,21,259.79,住家用,鋼筋混凝土造,89年9月20日,四層,一層 二層 三層 四層 陽台 平台 屋頂突出物
RPUNMLOLJHHGFAV76DA,26,19.29,避難室．樓梯間．走道（共同使用部份）,鋼筋混凝土結構造,84年10月4日,十二層,
RPPOMLKKJHHGFAV48DA,,207.82,Ｈ２住宅、樓梯間,ＲＣ造,110年11月26日,三層,一層 二層 三層 見其他登記事項 見其他登記事項
RPUNMLOLJHHGFAV76DA,26,32.93,集合住宅,鋼筋混凝土結構造,84年10月4日,十二層,八層
RPQOMLKKJHHGFAV58DA,,207.82,Ｈ２住宅、樓梯間,ＲＣ造,110年11月26日,三層,一層 二層 三層 見其他登記事項 見其他登記事項
SPUNMLOLJHHGFAV86DA,26,8.69,避難室．樓梯間．走道（共同使用部份）,鋼筋混凝土結構造,84年10月4日,十二層,
SPUNMLOLJHHGFAV86DA,26,25.98,集合住宅,鋼筋混凝土結構造,84年10月4日,十二層,八層
RPUNMLKLJHHGFAV98DA,46,114.04,住商用,鐵筋水泥磚,65年1月20日,三層,一層 二層 三層
RPUNMLSJKIGGFAV07DA,,70.37,Ｈ２集合住宅,ＲＣ造,110年8月12日,五層,一層 見其他登記事項
RPUNMLSJKIGGFAV07DA,,14.54,共同使用部份,ＲＣ造,110年8月12日,五層,
RPTNMLSLKIGGFAV17DA,26,266.77,住商用,鋼筋混凝土造,85年1月9日,四層,一層 二層 三層 四層 陽台 騎樓
RPQNMLTJJHHGFAV66DA,42,194.15,住家用,鋼筋混凝土造,68年9月3日,三層,一層 二層 三層 騎樓 地下層
RPTNMLRLKIGGFAV07DA,27,12.34,通廊．電梯．汽車昇降孔．共同使用,鋼筋混凝土造,84年5月17日,七層,
RPTNMLRLKIGGFAV07DA,27,5.28,防空．避難室．停車空間．共同使用,鋼筋混凝土造,84年5月17日,七層,
RPTNMLRLKIGGFAV07DA,27,23.40,集合住宅,鋼筋混凝土造,84年5月17日,七層,四層
RPWNMLRKJHHGFAV17DA,49,50.98,住家用,鐵筋水泥磚,62年1月26日,二層,一層 二層 騎樓
RPTNMLLLJHHGFAV98DA,,203.51,Ｈ２住宅,ＲＣ造,110年9月13日,三層,一層 二層 三層 見其他登記事項
RPRNMLSLJHHGFBV96DA,46,82.88,住商用,鋼筋混凝土加強磚造,65年6月15日,一層,一層
RPRNMLMLJHHGFCV09DA,43,20.13,住家用,鐵筋水泥磚,67年9月12日,二層,一層 二層
RPSNMLNJJHHGFDV56DA,27,5.45,樓梯間．門房走道,鋼筋混凝土造,83年9月30日,八層,
RPSNMLNJJHHGFDV56DA,27,31.54,套房,鋼筋混凝土造,83年9月30日,八層,五層 陽台
RPSOMLTLKIGGFAV27DA,,182.62,Ｈ２住宅,ＲＣ造,110年11月26日,三層,一層 二層 三層 見其他登記事項
RPROMLTLKIGGFAV17DA,,42.04,住家用,鋼筋混凝土造,,一層,一層 騎樓 廚房
RPROMLTLKIGGFAV17DA,48,53.46,住家用,鐵筋水泥磚造,62年7月2日,三層,一層 二層 三層 騎樓
RPSOMLKKJHHGFAV78DA,,210.38,Ｈ２住宅、樓梯間,ＲＣ造,110年11月26日,三層,一層 二層 三層 見其他登記事項 見其他登記事項
RPTNMLSJKHHGFDV27DA,28,15.64,出租套房（共同使用）．樓梯間．機械房．水箱,鋼筋混凝土造,82年11月8日,八層,
RPTNMLSJKHHGFDV27DA,28,41.63,出租套房,鋼筋混凝土造,82年11月8日,八層,四層 陽台
RPPNMLPLJHHGFDV66DA,27,6.94,樓梯．電梯．機械房．水箱．清水池．走道．陽台．屋頂突出物,鋼筋混凝土造,84年7月14日,八層,
RPPNMLPLJHHGFDV66DA,27,30.87,套房,鋼筋混凝土造,84年7月14日,八層,六層 見其他登記事項
RPQNMLQLJHHGFDV86DA,24,35.30,商業用,鋼筋混凝土造,87年3月6日,十五層,十一層 陽台
RPQNMLQLJHHGFDV86DA,24,1.12,機房、樓梯,鋼筋混凝土造,87年3月6日,十五層,
RPQNMLQLJHHGFDV86DA,24,7.21,梯間、通道,鋼筋混凝土造,87年3月6日,十五層,
RPQNMLQLJHHGFDV86DA,24,5.57,通道、活動室、樓梯間、門廳、車道、辦公室,鋼筋混凝土造,87年3月6日,十層,
RPRNMLKKKHHGFBV78DA,40,49.17,住家用,加強磚造,70年7月16日,一層,一層 騎樓
RPQNMLSLKIGGFAV86DA,,182.62,Ｈ２住宅,ＲＣ造,110年11月26日,三層,一層 二層 三層 見其他登記事項
RPRNMLQKKIGGFAV66DA,6,239.79,住家用,ＲＣ造,104年11月18日,二層,一層 二層 陽台
RPPNMLSJKHHGFAV56DA,26,8.44,電梯．樓梯．通道．水箱．機械房．公共使用,鋼筋混凝土造,85年3月26日,八層,
RPPNMLSJKHHGFAV56DA,26,12.89,防空避難室．停車空間,鋼筋混凝土造,85年3月26日,八層,
RPPNMLSJKHHGFAV56DA,26,73.40,集合住宅,鋼筋混凝土造,85年3月26日,八層,七層 見其他登記事項
RPQNMLPJKHHGFAV98DA,27,264.74,停車空間．住宅,鋼筋混凝土造,84年1月28日,五層,一層 二層 三層 四層 五層 見其他登記事項
RPPNMLKLKIGGFAV58DA,8,250.09,住家用,ＲＣ造,102年4月29日,三層,一層 二層 三層 見其他登記事項
RPQNMLTKJHHGFAV76DA,36,190.95,住商用,鋼筋混凝土造,75年1月17日,四層,一層 二層 三層 四層 陽台 屋頂突出物
RPTNMLRKJHHGFAV86DA,41,103.68,住家用,加強磚造,70年2月19日,二層,一層 二層 騎樓
RPOOMLNKJHHGFAV68DA,28,83.80,集合住宅,鋼筋混凝土造,83年6月1日,三層,二層 陽台
RPOOMLNKJHHGFAV68DA,28,9.54,樓梯共同使用,鋼筋混凝土造,83年6月1日,三層,
RPQOMLKKKHHGFAV68DA,23,183.10,住家用,鋼筋混凝土造,87年12月21日,三層,一層 二層 三層
RPUNMLPLJHHGFAV86DA,26,150.60,鄉村住宅,鋼筋混凝土造,84年8月22日,三層,一層 二層 三層 陽台
RPPNMLOKKHHGFDV56DA,,57.36,包裝及集貨場所,有牆鋼架造,110年11月15日,一層,一層
RPPNMLTJKHHGFBV76DA,36,95.26,勞工住宅,加強磚造,74年8月1日,二層,一層 二層
RPTNMLPJJHHGFCV76DA,28,168.56,人行、住宅,鋼筋混凝土造,82年10月5日,三層,一層 二層 三層 騎樓
RPRNMLTJKHHGFAV86DA,25,165.89,住家用,鋼筋混凝土造,86年5月1日,三層,一層 二層 三層 陽台
RPPNMLQLJHHGFDV76DA,24,35.30,商業用,鋼筋混凝土造,87年3月6日,十五層,十三層 陽台
RPPNMLQLJHHGFDV76DA,24,1.12,機房、樓梯,鋼筋混凝土造,87年3月6日,十五層,
RPPNMLQLJHHGFDV76DA,24,7.21,梯間、通道,鋼筋混凝土造,87年3月6日,十五層,
RPPNMLQLJHHGFDV76DA,24,5.57,通道、活動室、樓梯間、門廳、車道、辦公室,鋼筋混凝土造,87年3月6日,十層,
RPSNMLLKJHHGFAV78DA,1,184.09,住宅,ＲＣ造,110年1月18日,三層,一層 二層 三層 見其他登記事項
RPPNMLLKJHHGFAV48DA,6,222.38,住家用,ＲＣ造,104年9月30日,三層,一層 二層 三層 見其他登記事項
RPSNMLOKKHHGFAV56DA,6,245.45,住家用,ＲＣ造,104年10月19日,三層,一層 二層 三層 見其他登記事項
RPRNMLSLKIGGFAV96DA,48,87.00,住家用,鐵筋水泥磚,63年5月1日,二層,一層 二層
RPPNMLOKKIGGFBV98DA,26,127.05,鄉村住宅,加強磚造,84年10月28日,二層,一層 二層 屋頂突出物
RPWNMLPJJHHGFAV86DA,,182.62,Ｈ２住宅,ＲＣ造,110年11月26日,三層,一層 二層 三層 見其他登記事項
RPQOMLNKJHHGFAV88DA,27,100.22,集合住宅,鋼筋混凝土造,84年2月17日,八層,五層 陽台 花台
RPQOMLNKJHHGFAV88DA,27,17.65,防空避難室暨停車空間、配電室,鋼筋混凝土造,84年2月17日,八層,
RPQOMLNKJHHGFAV88DA,27,12.74,車道、警衛室、托兒所、電梯、樓梯,鋼筋混凝土造,84年2月17日,八層,
RPPNMLOKKHHGFAV88DA,16,78.44,公共空間、機械室、梯廳、儲藏室、管理委員會辦公室、社區活動中心、防空避難室、停車空間、樓梯間、水箱、機械室、走廊、社區管理中心、社區活動中心（共同使用部份）,鋼筋混凝土造,95年3月10日,十層,
RPPNMLOKKHHGFAV88DA,16,124.83,集合住宅,鋼筋混凝土造,95年3月10日,十層,四層 陽台
RPQNMLLKKHHGFBV78DA,8,170.00,農舍,鋼骨造,102年8月16日,一層,一層 陽台
RPSNMLSJKHHGFDV17DA,28,7.06,樓梯間、機械室、電梯間、屋頂突出物避難室車道,鋼筋混凝土造,83年4月27日,九層,
RPSNMLSJKHHGFDV17DA,28,32.72,走道,鋼筋混凝土造,83年4月27日,九層,
RPSNMLSJKHHGFDV17DA,28,29.75,商業用,鋼筋混凝土造,83年4月27日,九層,六層 陽台
RPQNMLKMJHHGFDV98DA,27,215.75,住家用,鋼筋混凝土造,84年7月25日,三層,一層 二層 三層 騎樓 電梯樓梯間 見其他登記事項
RPXNMLRJKHHGFAV27DA,41,104.50,住家用,加強磚造,70年2月2日,二層,一層 二層 騎樓
RPRNMLTKJHHGFAV86DA,44,101.76,住家用,加強磚造,66年8月16日,二層,一層 二層
RPSNMLTJJHHGFAV86DA,27,163.45,店舖、避難室、集合住宅,鋼筋混凝土造,84年1月21日,五層,一層 二層 三層 四層 五層 地下層 見其他登記事項
RPVNMLSKJHHGFAV17DA,,182.62,Ｈ２住宅,ＲＣ造,110年11月26日,三層,一層 二層 三層 見其他登記事項
RPPNMLMKJHHGFAV58DA,27,32.69,店舖、避難室、集合住宅,鋼筋混凝土造,84年1月21日,五層,一層 二層 三層 四層 五層 地下層 見其他登記事項
RPSOMLKKKHHGFAV88DA,16,85.23,防空避難室、停車空間、梯廳、水箱、走道、社區活動中心、社區管理中心、突出物、儲藏室、機械室、配線室（共同使用部份）,鋼筋混凝土造,95年3月10日,十層,
RPSOMLKKKHHGFAV88DA,16,111.88,集合住宅,鋼筋混凝土造,95年3月10日,十層,六層 陽台
RPRNMLKKKHHGFAV68DA,16,95.04,防空避難室、停車空間、梯廳、水箱、走道、社區活動中心、社區管理中心、突出物、儲藏室、機械室、配線室（共同使用部份）,鋼筋混凝土造,95年3月10日,十層,
RPRNMLKKKHHGFAV68DA,16,124.83,集合住宅,鋼筋混凝土造,95年3月10日,十層,八層 陽台
RPQNMLKKKHHGFAV58DA,16,82.46,防空避難室、停車空間、梯廳、水箱、走道、社區活動中心、社區管理中心、突出物、儲藏室、機械室、配線室（共同使用部份）,鋼筋混凝土造,95年3月10日,十層,
RPQNMLKKKHHGFAV58DA,16,108.36,集合住宅,鋼筋混凝土造,95年3月10日,十層,二層 陽台
RPPNMLKKKHHGFAV48DA,16,82.46,防空避難室、停車空間、梯廳、水箱、走道、社區活動中心、社區管理中心、突出物、儲藏室、機械室、配線室（共同使用部份）,鋼筋混凝土造,95年3月10日,十層,
RPPNMLKKKHHGFAV48DA,16,108.36,集合住宅,鋼筋混凝土造,95年3月10日,十層,二層 陽台
RPSNMLKKKHHGFAV78DA,16,82.46,防空避難室、停車空間、梯廳、水箱、走道、社區活動中心、社區管理中心、突出物、儲藏室、機械室、配線室（共同使用部份）,鋼筋混凝土造,95年3月10日,十層,
RPSNMLKKKHHGFAV78DA,16,108.36,集合住宅,鋼筋混凝土造,95年3月10日,十層,四層 陽台
RPPOMLRKKHHGFAV66DA,44,87.72,住家用,加強磚造,66年12月16日,二層,一層 二層
RPOOMLQKKHHGFAV09DA,26,162.00,住家用,加強磚造,84年11月9日,二層,一層 二層 陽台 平台 屋頂突出物
RPPNMLRJKHHGFDV76DA,25,128.36,住家用,鋼筋混凝土造,86年2月11日,三層,一層 二層 三層
RPROMLRKKHHGFAV86DA,23,170.53,住家用,鋼筋混凝土造,88年2月10日,三層,一層 二層 三層 陽台 平台 屋頂突出物
RPPNMLTJKHHGFDV96DA,28,7.06,樓梯間、機械室、電梯間、屋頂突出物避難室車道,鋼筋混凝土造,83年4月27日,九層,
RPPNMLTJKHHGFDV96DA,28,32.72,走道,鋼筋混凝土造,83年4月27日,九層,
RPPNMLTJKHHGFDV96DA,28,29.75,商業用,鋼筋混凝土造,83年4月27日,九層,八層 陽台
RPPNMLSKKHHGFDV96DA,24,35.30,商業用,鋼筋混凝土造,87年3月6日,十五層,十三層 陽台
RPPNMLSKKHHGFDV96DA,24,1.12,機房、樓梯,鋼筋混凝土造,87年3月6日,十五層,
RPPNMLSKKHHGFDV96DA,24,7.21,梯間、通道,鋼筋混凝土造,87年3月6日,十五層,
RPPNMLSKKHHGFDV96DA,24,5.57,通道、活動室、樓梯間、門廳、車道、辦公室,鋼筋混凝土造,87年3月6日,十層,
RPVNMLRKKHHGFAV17DA,1,167.00,Ｈ２住宅,ＲＣ造,110年5月13日,三層,一層 二層 三層 見其他登記事項
RPXNMLRKKHHGFAV37DA,40,38.10,住家用,木造,70年6月30日,一層,一層
RPPNMLLJJHHGFAV38DA,36,190.95,住商用,鋼筋混凝土造,75年1月17日,四層,一層 二層 三層 四層 陽台 屋頂突出物
RPUOMLKKKHHGFAV09DA,,37.65,Ｈ２集合住宅,ＲＣ造,110年12月20日,五層,一層
RPUOMLKKKHHGFAV09DA,,13.78,共同使用部份,見其他登記事項,110年12月20日,五層,
RPUOMLOKKHHGFAV86DA,,250.05,Ｈ２住宅,ＲＣ造,110年11月26日,四層,一層 二層 三層 四層 見其他登記事項
RPQNMLLKJHHGFAV58DA,36,115.20,住家用,加強磚造,75年1月30日,二層,一層 二層
RPTNMLPLJHHGFAV76DA,42,79.45,住家用,加強磚造,69年4月21日,二層,一層 二層 騎樓
RPWNMLNKJHHGFAV76DA,27,61.21,集合住宅,鋼筋混凝土造,84年2月17日,八層,六層 花台
RPWNMLNKJHHGFAV76DA,27,4.11,走道,鋼筋混凝土造,84年2月17日,八層,
RPWNMLNKJHHGFAV76DA,27,11.38,防空避難室暨停車空間、配電室,鋼筋混凝土造,84年2月17日,八層,
RPWNMLNKJHHGFAV76DA,27,8.38,車道、警衛室、托兒所、電梯、樓梯,鋼筋混凝土造,84年2月17日,八層,
RPPNMLQJKHHGFBV09DA,8,97.65,農舍,ＲＣ造,102年9月18日,二層,一層 二層 陽台
RPQNMLTLJHHGFDV17DA,27,6.57,樓梯．電梯．機械房．水箱．清水池．走道．陽台．屋頂突出物,鋼筋混凝土造,84年7月14日,八層,
RPQNMLTLJHHGFDV17DA,27,6.94,樓梯．電梯．機械房．水箱．清水池．走道．陽台．屋頂突出物,鋼筋混凝土造,84年7月14日,八層,
RPQNMLTLJHHGFDV17DA,27,30.87,套房,鋼筋混凝土造,84年7月14日,八層,三層 見其他登記事項
RPQNMLTLJHHGFDV17DA,27,30.87,套房,鋼筋混凝土造,84年7月14日,八層,八層 見其他登記事項
RPSNMLMLKHHGFDV86EA,56,89.06,住宅,木石磚造（磚石造）,54年11月1日,一層,一層
RPQNMLSJKHHGFAV66DA,41,103.14,住家用,加強磚造,70年6月15日,二層,一層 二層
RPVOMLKKKHHGFAV56DA,,110.28,Ｈ２集合住宅,ＲＣ造,110年12月20日,五層,二層 見其他登記事項
RPVOMLKKKHHGFAV56DA,,39.61,共同使用部份,見其他登記事項,110年12月20日,五層,
RPWOMLKKKHHGFAV66DA,,110.28,Ｈ２集合住宅,ＲＣ造,110年12月20日,五層,三層 見其他登記事項
RPWOMLKKKHHGFAV66DA,,39.61,共同使用部份,見其他登記事項,110年12月20日,五層,
RPOPMLKKKHHGFAV58DA,,110.20,Ｈ２集合住宅,ＲＣ造,110年12月20日,五層,五層 見其他登記事項
RPOPMLKKKHHGFAV58DA,,39.61,共同使用部份,見其他登記事項,110年12月20日,五層,
RPXOMLKKKHHGFAV76DA,,110.28,Ｈ２集合住宅,ＲＣ造,110年12月20日,五層,四層 見其他登記事項
RPXOMLKKKHHGFAV76DA,,39.61,共同使用部份,見其他登記事項,110年12月20日,五層,
RPQNMLQKKHHGFAV56DA,16,78.44,公共空間、機械室、梯廳、儲藏室、管理委員會辦公室、社區活動中心、防空避難室、停車空間、樓梯間、水箱、機械室、走廊、社區管理中心、社區活動中心（共同使用部份）,鋼筋混凝土造,95年3月10日,十層,
RPQNMLQKKHHGFAV56DA,16,124.83,集合住宅,鋼筋混凝土造,95年3月10日,十層,二層 陽台
RPPNMLSKKHHGFAV66DA,,63.43,住家用,水泥磚木蓋瓦,52年0月0日,一層,一層
RPQNMLRJKHHGFDV86DA,24,35.30,商業用,鋼筋混凝土造,87年3月6日,十層,四層 陽台
RPQNMLRJKHHGFDV86DA,24,1.12,機房、樓梯,鋼筋混凝土造,87年3月6日,十五層,
RPQNMLRJKHHGFDV86DA,24,7.21,梯間、通道,鋼筋混凝土造,87年3月6日,十五層,
RPQNMLRJKHHGFDV86DA,24,5.57,通道、活動室、樓梯間、門廳、車道、辦公室,鋼筋混凝土造,87年3月6日,十層,
RPWNMLPKKHHGFAV07DA,28,28.00,商業用,鋼筋混凝土造,82年10月26日,六層,一層
RPWNMLPKKHHGFAV07DA,28,11.62,電梯間、樓梯間、避難室、走道,鋼筋混凝土造,82年10月26日,六層,
RPPNMLMLKHHGFDV09DA,27,5.45,樓梯間．門房走道,鋼筋混凝土造,83年9月30日,八層,
RPPNMLMLKHHGFDV09DA,27,31.54,套房,鋼筋混凝土造,83年9月30日,八層,七層 陽台
RPRNMLSJKHHGFDV07DA,28,7.23,樓梯間、機械室、電梯間、屋頂突出物避難室車道,鋼筋混凝土造,83年4月27日,九層,
RPRNMLSJKHHGFDV07DA,28,33.49,走道,鋼筋混凝土造,83年4月27日,九層,
RPRNMLSJKHHGFDV07DA,28,30.74,商業用,鋼筋混凝土造,83年4月27日,九層,三層 陽台
RPUNMLMLKHHGFAV66DA,16,77.19,防空避難室、停車空間、梯廳、水箱、走道、社區活動中心、社區管理中心、突出物、儲藏室、機械室、配線室（共同使用部份）,鋼筋混凝土造,95年3月10日,十層,
RPUNMLMLKHHGFAV66DA,16,101.33,集合住宅,鋼筋混凝土造,95年3月10日,十層,二層 陽台
RPUNMLNLKHHGFAV76DA,44,83.12,住家用,加強磚造,67年5月13日,二層,一層 二層
RPSNMLSJKHHGFAV86DA,49,59.35,住家用,蓋瓦鐵筋水泥磚木造,62年6月20日,一層,一層 騎樓
RPUNMLKKKHHGFAV98DA,30,148.50,住家用,鋼筋混凝土造,81年4月15日,三層,一層 二層 三層
RPQNMLOLJHHGFAV98DA,34,128.15,住家用,加強磚造,77年2月3日,二層,一層 二層 屋頂突出物
RPRNMLLKKHHGFAV78DA,27,19.65,樓梯電梯．車道水箱．守衛室．機械房,鋼筋混凝土造,84年7月31日,六層,
RPRNMLLKKHHGFAV78DA,27,53.35,防空避難室暨停車空間,鋼筋混凝土造,84年7月31日,六層,
RPRNMLLKKHHGFAV78DA,27,140.87,集合住宅,鋼筋混凝土造,84年7月31日,六層,二層 陽台
RPOOMLSKJHHGFAV56DA,26,197.20,住家用,鋼筋混凝土造,85年2月16日,四層,一層 二層 三層 四層 陽台 騎樓
RPQNMLOLKHHGFAV09DA,,87.54,住商用,鐵筋混凝土磚造,,二層,一層 二層 騎樓
RPPNMLTKKHHGFAV76DA,16,78.44,公共空間、機械室、梯廳、儲藏室、管理委員會辦公室、社區活動中心、防空避難室、停車空間、樓梯間、水箱、機械室、走廊、社區管理中心、社區活動中心（共同使用部份）,鋼筋混凝土造,95年3月10日,十層,
RPPNMLTKKHHGFAV76DA,16,124.83,集合住宅,鋼筋混凝土造,95年3月10日,十層,十層 陽台
RPSNMLLJLHHGFAV88DA,35,112.23,住家用,加強磚造,75年10月27日,二層,一層 二層 陽台 騎樓
RPWNMLLJLHHGFAV66DA,29,134.65,住家用,鋼筋混凝土造,81年9月3日,五層,一層
RPWNMLLJLHHGFAV66DA,29,46.13,共同使用部份,鋼筋混凝土造,81年9月3日,五層,
RPRNMLLJLHHGFDV09DA,27,5.45,樓梯間．門房走道,鋼筋混凝土造,83年9月30日,八層,
RPRNMLLJLHHGFDV09DA,27,5.45,樓梯間．門房走道,鋼筋混凝土造,83年9月30日,八層,
RPRNMLLJLHHGFDV09DA,27,31.54,套房,鋼筋混凝土造,83年9月30日,八層,三層 陽台
RPRNMLLJLHHGFDV09DA,27,31.54,套房,鋼筋混凝土造,83年9月30日,八層,三層 陽台
RPSNMLMJLHHGFDV66DA,27,10.22,樓梯．電梯．機械房．水箱．清水池．走道．陽台．屋頂突出物,鋼筋混凝土造,84年7月14日,八層,
RPSNMLMJLHHGFDV66DA,27,47.05,套房,鋼筋混凝土造,84年7月14日,八層,七層 見其他登記事項
RPQNMLRKKHHGFCV86DA,,68.30,商業用,水泥磚木造,,一層,一層 騎樓
RPRNMLRLJHHGFAV76DA,39,94.02,住家用,加強磚造,71年12月24日,二層,一層 二層
RPOOMLRKKHHGFAV56DA,45,102.84,住家用,加強磚造、鋼筋水泥造,66年3月23日,二層,一層 二層
RPUNMLMJLHHGFAV56DA,4,108.86,店舖,ＲＣ造,107年3月23日,九層,一層 騎樓
RPUNMLMJLHHGFAV56DA,4,26.11,停車空間、騎樓、樓梯間、機械室、蓄水池,ＲＣ造,107年3月23日,九層,
RPOOMLLJLHHGFAV58DA,,119.02,住商用,鐵筋水泥磚,,二層,一層 二層 騎樓 見其他登記事項
RPTNMLOLKHHGFAV76DA,2,223.12,Ｈ２住宅、樓梯間,ＲＣ造,109年1月10日,三層,一層 二層 三層 屋頂突出物 見其他登記事項
RPPNMLRJLHHGFAV56DA,16,175.74,自用農舍、樓梯間,鋼筋混凝土造,94年9月6日,一層,一層 見其他登記事項
RPVNMLQKKHHGFAV07DA,29,194.73,住商用,鋼筋混凝土造,82年1月14日,三層,一層 二層 三層 屋頂突出物 騎樓
RPQNMLPKKHHGFAV09DA,,17.95,共同使用部份,ＲＣ造,111年1月6日,四層,
RPQNMLPKKHHGFAV09DA,,100.00,Ｈ２集合住宅,ＲＣ造,111年1月6日,四層,三層 見其他登記事項
RPQNMLNJLHHGFDV56DA,27,5.45,樓梯間．門房走道,鋼筋混凝土造,83年9月30日,八層,
RPQNMLNJLHHGFDV56DA,27,31.54,套房,鋼筋混凝土造,83年9月30日,八層,三層 陽台
RPSNMLOLKHHGFDV96DA,28,35.56,出租套房,鋼筋混凝土造,82年11月8日,八層,一層 陽台
RPSNMLOLKHHGFDV96DA,28,13.01,出租套房、通道、停車場、避難室．屋頂突出物,鋼筋混凝土造,82年11月8日,八層,
RPQNMLRJLHHGFAV66DA,27,74.74,集合住宅,鋼筋混凝土造,84年1月25日,十層,十層 陽台 花台
RPQNMLRJLHHGFAV66DA,,2.16,樓梯，電梯，機械房,鋼筋混凝土造,,十層,
RPQNMLRJLHHGFAV66DA,27,9.55,樓梯．電梯間,鋼筋混凝土造,84年1月25日,十層,
RPQNMLRJLHHGFAV66DA,27,2.29,門廳．車道．水箱．交誼廳．通道,鋼筋混凝土造,84年1月25日,十層,
RPQNMLRJLHHGFAV66DA,27,11.67,防空避難室．配電室．停車空間,鋼筋混凝土造,84年1月25日,十層,
RPPNMLQLKHHGFAV56DA,46,98.98,住家用,加強磚造、磚石造,65年3月20日,一層,一層 騎樓
RPXNMLLJLHHGFAV76DA,,70.37,Ｈ２集合住宅,ＲＣ造,110年8月12日,五層,四層 見其他登記事項
RPXNMLLJLHHGFAV76DA,,14.54,共同使用部份,ＲＣ造,110年8月12日,五層,
RPQNMLPJLHHGFAV09DA,43,103.90,住家用,加強磚造,68年1月24日,二層,一層 二層 騎樓
RPVNMLNJLHHGFAV76DA,35,121.27,住家用,加強磚造,75年10月31日,二層,一層 二層 陽台 屋頂突出物
