﻿編號,土地位置,土地移轉面積(平方公尺),使用分區或編定,權利人持分分母,權利人持分分子,移轉情形,地號
The serial number, land position,land shifting area square meter,the use zoning or compiles and checks,,,,land parcel
RPVNMLMJKIGGFAX76DA,許家段,823.76,非都市：一般農業區 ; 非都市編定：農牧用地,1,1,全筆移轉,07320000
RPTNMLKMJIGGFAX56DA,光榮段,145.12,都市：其他:住宅區,1,1,全筆移轉,09910000
RPTNMLNJKIGGFAX66DA,成功南段,329.79,非都市：一般農業區 ; 非都市編定：農牧用地,1,1,全筆移轉,10950005
RPRNMLPJKIGGFAX66DA,鐵線段,140.04,非都市：鄉村區 ; 非都市編定：乙種建築用地,1,1,全筆移轉,08760000
RPUNMLMJKIGGFAX66DA,許家段,553.00,非都市：一般農業區 ; 非都市編定：農牧用地,1,1,全筆移轉,07270000
RPPNMLPJKIGGFAX09DA,七美三段,66.28,非都市：鄉村區 ; 非都市編定：乙種建築用地,1,1,全筆移轉,23450001
RPXNMLRJKIGGFAX47DA,鎖港南段,173.15,非都市：一般農業區 ; 非都市編定：甲種建築用地,1,1,全筆移轉,03730002
RPXNMLRJKIGGFAX47DA,鎖港南段,43.21,非都市：一般農業區 ; 非都市編定：交通用地,10000,1440,持分移轉,03730004
RPTNMLTJKIGGFAX27DA,七美二段,2105.00,非都市：一般農業區 ; 非都市編定：農牧用地,1,1,全筆移轉,00710000
RPSNMLNJKIGGFAX56DA,白坑段,13.63,非都市：一般農業區 ; 非都市編定：交通用地,3,2,持分移轉,04070000
RPSNMLNJKIGGFAX56DA,白坑段,30.52,非都市：一般農業區 ; 非都市編定：農牧用地,3,2,持分移轉,04080000
RPSNMLNJKIGGFAX56DA,白坑段,182.63,非都市：一般農業區 ; 非都市編定：農牧用地,3,2,持分移轉,04280000
RPSNMLNJKIGGFAX56DA,白坑段,164.73,非都市：一般農業區 ; 非都市編定：農牧用地,3,2,持分移轉,04290000
RPSNMLNJKIGGFAX56DA,白坑段,38.15,非都市：一般農業區 ; 非都市編定：交通用地,3,2,持分移轉,04310000
RPSNMLNJKIGGFAX56DA,白坑段,17.67,非都市：一般農業區 ; 非都市編定：交通用地,3,2,持分移轉,04340000
RPSNMLNJKIGGFAX56DA,白坑段,8.09,非都市：一般農業區 ; 非都市編定：交通用地,3,2,持分移轉,05880000
RPSNMLNJKIGGFAX56DA,白坑段,275.29,非都市：一般農業區 ; 非都市編定：農牧用地,3,2,持分移轉,07340000
RPQNMLSKIIGGFAX76DA,興崁段,161.15,非都市：一般農業區 ; 非都市編定：甲種建築用地,1,1,全筆移轉,11050002
RPQNMLSKIIGGFAX76DA,興崁段,11.18,非都市：一般農業區 ; 非都市編定：交通用地,2,1,持分移轉,11050005
RPVNMLNKKIGGFAX96DA,赤崁中段,89.59,非都市：一般農業區 ; 非都市編定：甲種建築用地,1,1,全筆移轉,07260000
RPVNMLKKKIGGFAX66DA,五德西段,184.21,非都市：鄉村區 ; 非都市編定：乙種建築用地,1,1,全筆移轉,01440000
RPRNMLPLJIGGFAX76DA,後寮東段,147.26,非都市：鄉村區 ; 非都市編定：乙種建築用地,1,1,全筆移轉,17910000
RPPNMLKKKIGGFAX78EA,?葉新段,87.98,非都市：鄉村區 ; 非都市編定：乙種建築用地,1,1,全筆移轉,08520000
RPRNMLOKKIGGFAX76EA,文石段,101.86,非都市：一般農業區 ; 非都市編定：甲種建築用地,1,1,全筆移轉,12090008
RPPNMLRJKIGGFAX76EA,東澳段,3.83,都市：其他:道路用地,32,1,持分移轉,09400000
RPRNMLOKKIGGFAX76EA,文石段,24.34,非都市：一般農業區 ; 非都市編定：甲種建築用地,14,1,持分移轉,12090014
RPPNMLRJKIGGFAX76EA,東澳段,17.10,都市：其他:住宅區,32,1,持分移轉,09540000
RPUNMLOKKIGGFAX07EA,南寮北段,80.42,非都市：鄉村區 ; 非都市編定：乙種建築用地,2,1,持分移轉,13080000
RPUNMLNKKIGGFAX86DA,中屯新段,116.38,非都市：一般農業區 ; 非都市編定：農牧用地,1,1,全筆移轉,13090000
RPTNMLRJKIGGFAX07DA,隘門新段,509.40,非都市：一般農業區 ; 非都市編定：農牧用地,1,1,全筆移轉,09550000
RPPNMLNKKIGGFAX98DA,文澳段,16.64,都市：其他:住宅區,11,1,持分移轉,24560000
RPPNMLNKKIGGFAX98DA,文澳段,38.09,都市：其他:住宅區,11,1,持分移轉,24620000
RPSNMLPKKIGGFAX96EA,成功南段,190.31,非都市：一般農業區 ; 非都市編定：甲種建築用地,1,1,全筆移轉,12320000
RPSNMLPKKIGGFAX96EA,成功南段,.02,非都市：一般農業區 ; 非都市編定：交通用地,4,1,持分移轉,12350000
RPSNMLPKKIGGFAX96EA,成功南段,.02,非都市：一般農業區 ; 非都市編定：交通用地,4,1,持分移轉,12350002
RPUNMLPKKIGGFAX17EA,外垵一段,551.06,非都市：一般農業區 ; 非都市編定：農牧用地,3,1,持分移轉,02070000
RPUNMLPKKIGGFAX17EA,外垵一段,137.83,非都市：一般農業區 ; 非都市編定：甲種建築用地,3,1,持分移轉,02080000
RPUNMLPKKIGGFAX17EA,外垵一段,42.00,非都市：一般農業區 ; 非都市編定：農牧用地,3,1,持分移轉,02100000
RPPOMLOKKIGGFAX56DA,風櫃東段,96.85,非都市：一般農業區 ; 非都市編定：農牧用地,1,1,全筆移轉,00020000
RPQNMLOKKIGGFAX66EA,馬公段,3.00,都市：其他:住宅區,1,1,全筆移轉,24330000
RPPOMLOKKIGGFAX56DA,風櫃東段,331.58,非都市：一般農業區 ; 非都市編定：甲種建築用地,1,1,全筆移轉,00030000
RPPOMLOKKIGGFAX56DA,風櫃東段,518.31,非都市：一般農業區 ; 非都市編定：農牧用地,1,1,全筆移轉,00050000
RPPOMLOKKIGGFAX56DA,風櫃東段,592.11,非都市：一般農業區 ; 非都市編定：農牧用地,1,1,全筆移轉,00200000
RPPNMLPKKIGGFAX56DA,鐵線段,29.00,非都市：一般農業區 ; 非都市編定：農牧用地,1,1,全筆移轉,05710000
RPSNMLNKKIGGFAX76EA,鐵線段,1036.67,非都市：一般農業區 ; 非都市編定：農牧用地,1,1,全筆移轉,07480000
RPOOMLPKKIGGFAX56DA,鼎灣新段,53.33,非都市：一般農業區 ; 非都市編定：交通用地,9,1,持分移轉,06410004
RPOOMLPKKIGGFAX56DA,鼎灣新段,160.32,非都市：一般農業區 ; 非都市編定：甲種建築用地,1,1,全筆移轉,06430003
RPPNMLSJKIGGFAX76DA,望安段,1106.00,非都市：一般農業區 ; 非都市編定：農牧用地,1,1,全筆移轉,03370001
RPSNMLQKKIGGFAX96DA,五福段,1183.50,非都市：一般農業區 ; 非都市編定：農牧用地,1,1,全筆移轉,05300000
RPTNMLPKKIGGFAX96DA,許家段,1785.09,非都市：一般農業區 ; 非都市編定：農牧用地,1,1,全筆移轉,11950000
RPRNMLRKKIGGFAX96DA,北澳段,1542.00,非都市：一般農業區 ; 非都市編定：農牧用地,1,1,全筆移轉,00200000
RPUNMLQKKIGGFAX17DA,青螺新段,144.01,非都市：一般農業區 ; 非都市編定：農牧用地,2,1,持分移轉,11980000
RPXNMLQKKIGGFAX47DA,山水北段,380.40,非都市：一般農業區 ; 非都市編定：農牧用地,1,1,全筆移轉,05160000
RPRNMLQKKIGGFAX86DA,光榮段,81.34,都市：其他:住宅區,1,1,全筆移轉,02710000
RPVNMLQKKIGGFAX27DA,馬公段,27.00,都市：其他:商業區,1,1,全筆移轉,05840120
RPTNMLRKKIGGFAX17DA,興崁段,57.04,非都市：一般農業區 ; 非都市編定：交通用地,153,19,持分移轉,05350004
RPTNMLRKKIGGFAX17DA,興崁段,170.98,非都市：一般農業區 ; 非都市編定：甲種建築用地,1,1,全筆移轉,05350006
RPSNMLKLKIGGFAX56EA,國宅段,93.34,都市：其他:住宅區,1,1,全筆移轉,04970000
RPXNMLOKKIGGFAX27DA,成功南段,37.88,非都市：一般農業區 ; 非都市編定：交通用地,12,1,持分移轉,10250004
RPXNMLOKKIGGFAX27DA,成功南段,164.86,非都市：一般農業區 ; 非都市編定：甲種建築用地,1,1,全筆移轉,10250007
RPWNMLKKKIGGFAX76DA,七美三段,525.02,非都市：一般農業區 ; 非都市編定：農牧用地,1,1,全筆移轉,12990000
RPUNMLTKJIGGFAX37DA,成功南段,47.88,非都市：一般農業區 ; 非都市編定：交通用地,9,1,持分移轉,08510004
RPUNMLTKJIGGFAX37DA,成功南段,164.00,非都市：一般農業區 ; 非都市編定：甲種建築用地,1,1,全筆移轉,08510006
RPQOMLPKKIGGFAX76DA,中屯新段,1132.02,非都市：一般農業區 ; 非都市編定：農牧用地,1,1,全筆移轉,03010000
RPQOMLPKKIGGFAX76DA,中屯新段,21.43,非都市：一般農業區 ; 非都市編定：交通用地,1,1,全筆移轉,03640000
RPTNMLQKKIGGFAX07DA,埕東段,7.12,都市：其他:住宅區,10000,184,持分移轉,08560000
SPSNMLKLKIGGFAX66EA,鐵線段,383.22,非都市：一般農業區 ; 非都市編定：農牧用地,1,1,全筆移轉,07130000
RPTNMLQKKIGGFAX07DA,埕東段,.12,都市：其他:住宅區,10000,184,持分移轉,08600000
RPTNMLQKKIGGFAX07DA,埕東段,2.17,都市：其他:住宅區,10000,184,持分移轉,08610000
RPTNMLQKKIGGFAX07DA,埕東段,17.09,都市：其他:住宅區,10000,184,持分移轉,08640000
RPWNMLKLKIGGFAX86DA,安宅段,31.75,非都市：一般農業區 ; 非都市編定：交通用地,8,1,持分移轉,11680004
RPWNMLKLKIGGFAX86DA,安宅段,4.09,非都市：一般農業區 ; 非都市編定：交通用地,4,1,持分移轉,11680005
RPWNMLKLKIGGFAX86DA,安宅段,185.18,非都市：一般農業區 ; 非都市編定：甲種建築用地,1,1,全筆移轉,11680009
RPWNMLKLKIGGFAX86DA,安宅段,.23,非都市：一般農業區 ; 非都市編定：交通用地,4,1,持分移轉,11680010
RPPOMLPKKIGGFAX66DA,湖西南段,118.92,非都市：一般農業區 ; 非都市編定：農牧用地,2,1,持分移轉,23620000
RPSNMLKMJIGGFAX09DA,興仁段,196.57,非都市：一般農業區 ; 非都市編定：甲種建築用地,1,1,全筆移轉,03430003
RPSNMLKMJIGGFAX09DA,興仁段,.75,非都市：一般農業區 ; 非都市編定：交通用地,16,1,持分移轉,03430004
RPSNMLKMJIGGFAX09DA,興仁段,7.32,非都市：一般農業區 ; 非都市編定：交通用地,16,1,持分移轉,03430005
RPSNMLKMJIGGFAX09DA,興仁段,43.89,非都市：一般農業區 ; 非都市編定：交通用地,16,1,持分移轉,03430018
RPVNMLMLKIGGFAX07EA,橫礁新段,398.66,非都市：風景區 ; 非都市編定：農牧用地,1,1,全筆移轉,12830000
RPUNMLTJKIGGFAX37DA,許家段,111.47,非都市：一般農業區 ; 非都市編定：甲種建築用地,1,1,全筆移轉,03620001
RPRNMLMLKIGGFAX56DA,潭邊新段,289.58,非都市：鄉村區 ; 非都市編定：乙種建築用地,1,1,全筆移轉,06790000
RPRNMLMLKIGGFAX56DA,潭邊新段,40.88,非都市：一般農業區 ; 非都市編定：殯葬用地,1,1,全筆移轉,10510009
RPQNMLMLKIGGFAX09DA,赤崁北段,1015.66,非都市：一般農業區 ; 非都市編定：農牧用地,1,1,全筆移轉,05930000
RPWNMLRKKIGGFAX47DA,吉貝東段,2483.02,非都市：一般農業區 ; 非都市編定：農牧用地,1,1,全筆移轉,04360000
RPPNMLMLKIGGFAX98DA,講美段,156.68,非都市：鄉村區 ; 非都市編定：乙種建築用地,9,3,持分移轉,05900000
RPUNMLRKKIGGFAX27DA,五德西段,228.08,非都市：鄉村區 ; 非都市編定：乙種建築用地,1,1,全筆移轉,01920000
RPSNMLMLKIGGFAX66DA,山水西段,420.80,非都市：一般農業區 ; 非都市編定：農牧用地,1,1,全筆移轉,01710000
RPXNMLRKKIGGFAX57DA,興崁段,1161.98,非都市：一般農業區 ; 非都市編定：農牧用地,2371,1162,持分移轉,11010000
RPTNMLMLKIGGFAX86EA,南寮南段,54.33,非都市：一般農業區 ; 非都市編定：農牧用地,12,1,持分移轉,08240000
RPSNMLOLKIGGFAX96EA,後寮段,158.00,非都市：一般農業區 ; 非都市編定：農牧用地,1,1,全筆移轉,23540002
RPSNMLRKKIGGFAX07DA,通梁中段,71.42,都市：其他:住宅區,1,1,全筆移轉,03920000
RPSNMLRKKIGGFAX07DA,通梁中段,34.59,都市：其他:住宅區,1,1,全筆移轉,03950000
RPTNMLSLKIGGFAX47EA,興仁段,76.72,非都市：一般農業區 ; 非都市編定：農牧用地,2,1,持分移轉,00910000
RPPNMLLLKIGGFAX98EA,文東段,56.96,非都市：一般農業區 ; 非都市編定：農牧用地,1,1,全筆移轉,03170000
RPPNMLNLKIGGFAX09DA,?裡新段,336.28,非都市：風景區 ; 非都市編定：農牧用地,1,1,全筆移轉,14340000
RPPNMLNLKIGGFAX09DA,?裡新段,349.39,非都市：風景區 ; 非都市編定：農牧用地,1,1,全筆移轉,14350000
RPPNMLNLKIGGFAX09DA,?裡新段,378.06,非都市：風景區 ; 非都市編定：農牧用地,1,1,全筆移轉,14370000
RPWNMLQKKIGGFAX37DA,講美段,207.94,非都市：鄉村區 ; 非都市編定：乙種建築用地,2,1,持分移轉,07680000
RPVNMLRKKIGGFAX37DA,東吉段,242.50,非都市：鄉村區 ; 非都市編定：乙種建築用地,4,2,持分移轉,09450000
RPTNMLQJKIGGFAX96DA,池東段,176.00,非都市：一般農業區 ; 非都市編定：農牧用地,1,1,全筆移轉,01150000
RPRNMLKLKIGGFAX98DA,岐頭段,141.00,非都市：鄉村區 ; 非都市編定：乙種建築用地,1,1,全筆移轉,10790000
RPVNMLRLKIGGFAX47DA,烏崁新段,114.39,非都市：一般農業區 ; 非都市編定：農牧用地,1,1,全筆移轉,02400000
RPVNMLRLKIGGFAX47DA,烏崁新段,604.37,非都市：一般農業區 ; 非都市編定：農牧用地,1,1,全筆移轉,02540000
RPOOMLRLKIGGFAX86DA,文光段,96.73,都市：其他:住宅區,1,1,全筆移轉,02110000
RPRNMLNLKIGGFAX66DA,七美一段,10.46,非都市：鄉村區 ; 非都市編定：乙種建築用地,1,1,全筆移轉,06450000
RPSNMLMLJIGGFAX56DA,興崁段,644.90,非都市：一般農業區 ; 非都市編定：農牧用地,1,1,全筆移轉,05230000
RPPOMLOLKIGGFAX66DA,埕西段,61.80,都市：其他:住宅區,1,1,全筆移轉,02200000
RPSNMLOKKIGGFAX76DA,雙湖段,20.04,非都市：鄉村區 ; 非都市編定：乙種建築用地,10000,360,持分移轉,02630000
RPOOMLMLKIGGFAX98DA,七美三段,38.78,非都市：鄉村區 ; 非都市編定：乙種建築用地,1,1,全筆移轉,23440002
RPRNMLRLKIGGFAX07DA,成功南段,231.53,非都市：一般農業區 ; 非都市編定：農牧用地,1,1,全筆移轉,04140001
RPSNMLNLKIGGFAX76DA,五德東段,1267.20,非都市：一般農業區 ; 非都市編定：農牧用地,1,1,全筆移轉,05120000
RPVNMLKLKIGGFAX76DA,湖東新段,676.10,非都市：一般農業區 ; 非都市編定：農牧用地,1,1,全筆移轉,07960000
RPVNMLKLKIGGFAX76DA,湖東新段,84.53,非都市：一般農業區 ; 非都市編定：交通用地,2,1,持分移轉,07970000
RPRNMLKMKIGGFAX56EA,四維段,78.32,都市：其他:農業區,8,1,持分移轉,05490000
RPRNMLKMKIGGFAX56EA,四維段,15.14,都市：其他:農業區,8,1,持分移轉,05650000
RPRNMLKMKIGGFAX56EA,四維段,186.83,都市：其他:農業區,8,1,持分移轉,05660000
RPRNMLKMKIGGFAX56EA,四維段,3.13,非都市：鄉村區 ; 非都市編定：交通用地,8,1,持分移轉,09520000
RPRNMLKMKIGGFAX56EA,五福段,144.92,非都市：一般農業區 ; 非都市編定：農牧用地,8,1,持分移轉,10750000
RPRNMLKMKIGGFAX56EA,四維段,2.39,非都市：一般農業區 ; 非都市編定：農牧用地,8,1,持分移轉,14750000
RPRNMLKMKIGGFAX56EA,四維段,24.87,非都市：一般農業區 ; 非都市編定：農牧用地,8,1,持分移轉,14760000
RPTNMLKMKIGGFAX76EA,林投南段,423.69,非都市：一般農業區 ; 非都市編定：農牧用地,100000,50000,持分移轉,01630000
RPQNMLOLKIGGFAX66DA,?葉新段,130.47,非都市：鄉村區 ; 非都市編定：乙種建築用地,2,1,持分移轉,04950000
RPWNMLSLKIGGFAX67DA,安宅段,680.31,非都市：一般農業區 ; 非都市編定：農牧用地,1,1,全筆移轉,06130001
RPUNMLTLKIGGFAX57DA,外垵一段,156.99,非都市：一般農業區 ; 非都市編定：甲種建築用地,1,1,全筆移轉,01310001
RPUNMLTLKIGGFAX57DA,外垵一段,53.51,非都市：一般農業區 ; 非都市編定：交通用地,2,1,持分移轉,01310002
RPPOMLTLKIGGFAX17DA,鐵線段,441.89,非都市：一般農業區 ; 非都市編定：農牧用地,1,1,全筆移轉,07280000
RPXNMLTLKIGGFAX87DA,中衛段,29.81,都市：其他:農業區,1,1,全筆移轉,07340001
RPOOMLTLKIGGFAX07DA,中衛段,216.21,都市：其他:農業區,1,1,全筆移轉,07330000
RPXOMLTLKIGGFAX97DA,五福段,1940.92,非都市：一般農業區 ; 非都市編定：農牧用地,1,1,全筆移轉,06890000
RPSNMLSLKIGGFAX27DA,講美段,815.01,非都市：一般農業區 ; 非都市編定：農牧用地,1,1,全筆移轉,20990000
RPXNMLMLKIGGFAX17DA,七美三段,141.65,非都市：鄉村區 ; 非都市編定：乙種建築用地,1,1,全筆移轉,23440001
RPWNMLRJKIGGFAX37DA,竹灣段,90.77,非都市：鄉村區 ; 非都市編定：乙種建築用地,1,1,全筆移轉,15490000
RPUNMLNLJIGGFAX86DA,東衛段,319.99,非都市：鄉村區 ; 非都市編定：乙種建築用地,1,1,全筆移轉,14190000
RPRNMLNJKIGGFAX09DA,馬公段,26.71,都市：其他:住宅區,14,1,持分移轉,00710000
RPQNMLNLKIGGFAX56DA,馬公段,47.00,都市：其他:商業區,1,1,全筆移轉,16210104
RPRNMLNJKIGGFAX09DA,馬公段,42.00,都市：其他:住宅區,1,1,全筆移轉,00710014
RPPNMLNJJHHGFAX88EA,光榮段,25.85,都市：其他:住宅區,1,1,全筆移轉,09140000
RPPNMLNJJHHGFAX88EA,光榮段,37.32,都市：其他:住宅區,1,1,全筆移轉,09150000
RPPNMLNJJHHGFAX88EA,光榮段,54.77,都市：其他:住宅區,1,1,全筆移轉,09160000
RPUNMLKMKIGGFAX86EA,東衛段,126.49,非都市：鄉村區 ; 非都市編定：乙種建築用地,3,1,持分移轉,14400000
RPVNMLKMKIGGFAX86DA,城北段,2902.57,非都市：一般農業區 ; 非都市編定：農牧用地,1,1,全筆移轉,09390000
RPPNMLMJJHHGFAX68DA,國宅段,157.84,非都市：一般農業區 ; 非都市編定：甲種建築用地,1,1,全筆移轉,01810002
RPPNMLMJJHHGFAX68DA,國宅段,12.41,非都市：一般農業區 ; 非都市編定：交通用地,8,1,持分移轉,01810004
RPTNMLOJJHHGFAX66DA,池東段,567.20,非都市：一般農業區 ; 非都市編定：農牧用地,1,1,全筆移轉,10240000
RPQNMLNJJHHGFAX88DA,東澳段,60.99,都市：其他:住宅區,1,1,全筆移轉,03500000
RPVNMLTLKIGGFAX67DA,成功北段,58.67,非都市：一般農業區 ; 非都市編定：甲種建築用地,24,4,持分移轉,01720000
RPUOMLTLKIGGFAX67DA,山水東段,1152.94,非都市：一般農業區 ; 非都市編定：農牧用地,1,1,全筆移轉,01310000
RPTNMLTLKIGGFAX47DA,沙港北段,222.75,非都市：鄉村區 ; 非都市編定：乙種建築用地,2,1,持分移轉,14450000
RPQNMLPJJHHGFAX09DA,文光段,27.67,都市：其他:住宅區,1000,82,持分移轉,03550000
RPQNMLPJJHHGFAX09DA,文光段,25.76,都市：其他:住宅區,1000,82,持分移轉,03560000
RPSNMLOLJIGGFAX76DA,文澳段,129.00,都市：其他:住宅區,1,1,全筆移轉,22990001
RPSNMLOLJIGGFAX76DA,文澳段,129.00,都市：其他:住宅區,1,1,全筆移轉,22990002
RPPNMLQJJHHGFAX56EA,文石段,111.97,非都市：一般農業區 ; 非都市編定：甲種建築用地,1,1,全筆移轉,06460000
RPPNMLQJJHHGFAX56EA,文石段,12.61,非都市：一般農業區 ; 非都市編定：甲種建築用地,1,1,全筆移轉,06470000
RPTNMLNJJHHGFAX66EA,井垵西段,385.84,非都市：一般農業區 ; 非都市編定：農牧用地,2,1,持分移轉,15280000
RPWNMLRLKIGGFAX57DA,興崁段,1364.61,非都市：一般農業區 ; 非都市編定：農牧用地,1,1,全筆移轉,08140000
RPRNMLPJJHHGFAX56DA,文東段,53.31,非都市：鄉村區 ; 非都市編定：乙種建築用地,1,1,全筆移轉,15470000
RPSNMLPJJHHGFAX76EA,許家段,295.31,非都市：一般農業區 ; 非都市編定：特定目的事業用地,10,1,持分移轉,10790000
RPXNMLRLKIGGFAX67DA,城北段,2041.38,非都市：一般農業區 ; 非都市編定：農牧用地,1,1,全筆移轉,09640000
SPSNMLPJJHHGFAX86EA,許家段,295.31,非都市：一般農業區 ; 非都市編定：特定目的事業用地,10,1,持分移轉,10790000
RPWNMLTLKIGGFAX77DA,光榮段,15.41,都市：其他:商業區,10000,131,持分移轉,04960000
RPTNMLPJJHHGFAX86EA,許家段,1442.09,非都市：一般農業區 ; 非都市編定：農牧用地,6,3,持分移轉,03800000
RPWOMLTLKIGGFAX87DA,後寮南段,1707.52,非都市：一般農業區 ; 非都市編定：農牧用地,1,1,全筆移轉,02720000
RPWOMLTLKIGGFAX87DA,後寮南段,12.80,非都市：一般農業區 ; 非都市編定：交通用地,1,1,全筆移轉,02730000
RPWOMLTLKIGGFAX87DA,後寮南段,.56,非都市：一般農業區 ; 非都市編定：交通用地,1,1,全筆移轉,02750000
RPWNMLQJJHHGFAX17DA,北極段,248.81,都市：其他:住宅區,1,1,全筆移轉,06500000
RPWNMLQJJHHGFAX17DA,北極段,105.68,都市：其他:住宅區,1,1,全筆移轉,06580000
RPRNMLKKJHHGFAX88EA,港子新段,24.20,非都市：鄉村區 ; 非都市編定：乙種建築用地,60,3,持分移轉,08900000
RPXNMLQJJHHGFAX27DA,五福段,54.56,非都市：一般農業區 ; 非都市編定：農牧用地,40,3,持分移轉,00210000
RPVNMLNJJHHGFAX76DA,興崁段,1799.94,非都市：一般農業區 ; 非都市編定：農牧用地,1,1,全筆移轉,04780000
RPXNMLQJJHHGFAX27DA,五福段,11.18,非都市：鄉村區 ; 非都市編定：乙種建築用地,40,1,持分移轉,04580000
RPXNMLQJJHHGFAX27DA,五福段,121.89,非都市：一般農業區 ; 非都市編定：農牧用地,40,3,持分移轉,05630000
RPOOMLQJJHHGFAX09DA,山水北段,193.89,非都市：一般農業區 ; 非都市編定：農牧用地,48,9,持分移轉,05330000
RPTNMLQJJHHGFAX86DA,文寮段,6.07,非都市：一般農業區 ; 非都市編定：交通用地,1000000,401190,持分移轉,07490002
RPTNMLQJJHHGFAX86DA,文寮段,552.09,非都市：一般農業區 ; 非都市編定：農牧用地,1,1,全筆移轉,07500000
RPUNMLQJJHHGFAX96DA,鼎灣新段,2.99,非都市：一般農業區 ; 非都市編定：交通用地,9,1,持分移轉,06400000
RPUNMLQJJHHGFAX96DA,鼎灣新段,203.87,非都市：一般農業區 ; 非都市編定：甲種建築用地,1,1,全筆移轉,06410000
RPUNMLQJJHHGFAX96DA,鼎灣新段,53.33,非都市：一般農業區 ; 非都市編定：交通用地,9,1,持分移轉,06410004
RPUNMLSLKIGGFAX47DA,七美二段,14.98,非都市：一般農業區 ; 非都市編定：交通用地,6,4,持分移轉,05820000
RPUNMLOJJHHGFAX76DA,赤崁中段,177.00,非都市：鄉村區 ; 非都市編定：乙種建築用地,1,1,全筆移轉,04420000
RPPNMLPJJHHGFAX98DA,鐵線段,366.00,非都市：一般農業區 ; 非都市編定：農牧用地,2,1,持分移轉,07070000
RPSNMLRJJHHGFAX86DA,國宅段,1028.52,非都市：一般農業區 ; 非都市編定：農牧用地,1,1,全筆移轉,02800000
RPTNMLRJJHHGFAX96DA,成功南段,1797.03,非都市：一般農業區 ; 非都市編定：農牧用地,1,1,全筆移轉,07530000
RPOOMLLKJHHGFAX68DA,湖東新段,649.64,非都市：一般農業區 ; 非都市編定：礦業用地,10,4,持分移轉,12470000
RPOOMLLKJHHGFAX68DA,湖東新段,22.25,非都市：一般農業區 ; 非都市編定：交通用地,10,4,持分移轉,12480000
RPOOMLLKJHHGFAX68DA,湖東新段,242.99,非都市：一般農業區 ; 非都市編定：礦業用地,10,4,持分移轉,12490000
RPOOMLLKJHHGFAX68DA,湖東新段,113.37,非都市：一般農業區 ; 非都市編定：交通用地,10,4,持分移轉,12500000
RPOOMLLKJHHGFAX68DA,湖東新段,469.14,非都市：一般農業區 ; 非都市編定：礦業用地,10,4,持分移轉,12510000
RPOOMLLKJHHGFAX68DA,湖東新段,116.10,非都市：一般農業區 ; 非都市編定：礦業用地,10,4,持分移轉,12520000
RPOOMLLKJHHGFAX68DA,湖東新段,68.31,非都市：一般農業區 ; 非都市編定：交通用地,10,4,持分移轉,12530000
RPOOMLLKJHHGFAX68DA,湖東新段,233.65,非都市：一般農業區 ; 非都市編定：礦業用地,10,4,持分移轉,12540000
RPOOMLLKJHHGFAX68DA,湖東新段,9.70,非都市：一般農業區 ; 非都市編定：礦業用地,10,4,持分移轉,12550000
RPOOMLLKJHHGFAX68DA,湖東新段,49.74,非都市：一般農業區 ; 非都市編定：交通用地,10,4,持分移轉,12560000
RPOOMLLKJHHGFAX68DA,湖東新段,563.75,非都市：一般農業區 ; 非都市編定：礦業用地,10,4,持分移轉,12570000
RPVNMLRJJHHGFAX17DA,井垵西段,39.41,非都市：一般農業區 ; 非都市編定：水利用地,1,1,全筆移轉,08490001
RPQNMLLKJHHGFAX78DA,海堤段,120.58,都市：其他:住宅區,1,1,全筆移轉,10670000
RPPNMLMKJHHGFAX78DA,北極段,47.51,都市：其他:住宅區,100000,5767,持分移轉,06660001
RPQNMLRJJHHGFAX76EA,潭邊新段,1354.01,非都市：一般農業區 ; 非都市編定：農牧用地,1,1,全筆移轉,02230000
RPWNMLRJJHHGFAX27DA,文寮段,376.05,非都市：一般農業區 ; 非都市編定：農牧用地,1,1,全筆移轉,08830000
RPTNMLNKJHHGFAX76EA,安宅段,485.04,非都市：一般農業區 ; 非都市編定：農牧用地,1,1,全筆移轉,10600000
RPPNMLKKJHHGFAX68EA,許家段,772.74,非都市：一般農業區 ; 非都市編定：農牧用地,1,1,全筆移轉,07850000
RPQOMLSKJHHGFAX07EA,港子新段,72.60,非都市：鄉村區 ; 非都市編定：乙種建築用地,20,3,持分移轉,08900000
RPTNMLLKJHHGFAX56EA,赤崁北段,259.76,非都市：鄉村區 ; 非都市編定：乙種建築用地,1,1,全筆移轉,03770000
SPTNMLLKJHHGFAX66EA,赤崁北段,151.11,非都市：鄉村區 ; 非都市編定：乙種建築用地,1,1,全筆移轉,04300000
RPRNMLNKJHHGFAX56EA,馬公段,36.00,都市：其他:商業區,1,1,全筆移轉,11440000
RPUOMLLKJHHGFAX66DA,六合段,59.65,非都市：一般農業區 ; 非都市編定：農牧用地,1,1,全筆移轉,06450001
RPWNMLLKJHHGFAX76DA,文澳段,60.65,都市：其他:住宅區,10000,190,持分移轉,22930000
RPUNMLNKJHHGFAX76DA,中衛段,161.25,非都市：一般農業區 ; 非都市編定：甲種建築用地,1,1,全筆移轉,16360003
RPUNMLNKJHHGFAX76DA,中衛段,11.03,非都市：一般農業區 ; 非都市編定：交通用地,36,1,持分移轉,16360004
RPPNMLSJJHHGFAX66DA,五福段,450.20,非都市：一般農業區 ; 非都市編定：農牧用地,1000,620,持分移轉,04980001
RPQNMLSJJHHGFAX76DA,五福段,275.93,非都市：一般農業區 ; 非都市編定：農牧用地,1000,380,持分移轉,04980001
RPSNMLTJKIGGFAX17DA,吉貝西段,11.76,非都市：一般農業區 ; 非都市編定：交通用地,1,1,全筆移轉,09750000
RPRNMLRKJHHGFAX96EA,內垵二段,282.70,非都市：一般農業區 ; 非都市編定：農牧用地,1,1,全筆移轉,03080000
RPPOMLQJJHHGFAX56DA,烏崁新段,646.29,非都市：一般農業區 ; 非都市編定：農牧用地,1,1,全筆移轉,02750000
RPPNMLSKJHHGFAX76DA,馬公段,29.50,都市：其他:商業區,2,1,持分移轉,14780001
RPPNMLRJJHHGFAX56DA,瓦硐南段,1102.17,非都市：一般農業區 ; 非都市編定：農牧用地,1,1,全筆移轉,02450000
RPTNMLMLJIGGFAX66DA,?葉新段,291.66,非都市：鄉村區 ; 非都市編定：乙種建築用地,1,1,全筆移轉,08210000
RPQNMLRJJHHGFAX66DA,埕西段,92.47,都市：其他:住宅區,12,1,持分移轉,07050000
RPRNMLTKKIGGFAX17DA,鼎灣新段,671.80,非都市：一般農業區 ; 非都市編定：農牧用地,1,1,全筆移轉,01190000
RPWNMLPKJIGGFAX17DA,五德西段,112.35,非都市：一般農業區 ; 非都市編定：農牧用地,1,1,全筆移轉,02540000
RPQNMLQKJHHGFAX66DA,五福段,217.33,非都市：一般農業區 ; 非都市編定：甲種建築用地,1,1,全筆移轉,05220014
RPROMLRKJHHGFAX96DA,東澳段,31.76,都市：其他:住宅區,10000,200,持分移轉,05940000
RPTNMLOKJHHGFAX76DA,赤崁北段,148.24,非都市：鄉村區 ; 非都市編定：乙種建築用地,2,1,持分移轉,03940000
RPUNMLOKJHHGFAX86DA,文寮段,820.21,非都市：一般農業區 ; 非都市編定：農牧用地,1,1,全筆移轉,03440000
RPQNMLMKJHHGFAX88DA,四維段,122.39,非都市：一般農業區 ; 非都市編定：甲種建築用地,1,1,全筆移轉,06650000
RPOOMLKMKIGGFAX88DA,紅羅段,748.75,非都市：一般農業區 ; 非都市編定：農牧用地,1,1,全筆移轉,15280000
RPVNMLNKJHHGFAX86DA,五德東段,184.55,非都市：一般農業區 ; 非都市編定：交通用地,1,1,全筆移轉,06450000
RPVNMLNKJHHGFAX86DA,五德東段,466.48,非都市：一般農業區 ; 非都市編定：農牧用地,1,1,全筆移轉,06460000
RPVNMLNKJHHGFAX86DA,五德東段,329.07,非都市：一般農業區 ; 非都市編定：甲種建築用地,1,1,全筆移轉,06460001
RPVNMLNKJHHGFAX86DA,五德東段,187.35,非都市：一般農業區 ; 非都市編定：農牧用地,1,1,全筆移轉,06460002
RPPOMLKMKIGGFAX98DA,紅羅段,127.57,非都市：一般農業區 ; 非都市編定：農牧用地,1,1,全筆移轉,15260000
RPPNMLNKJHHGFAX98EA,講美段,160.00,非都市：一般農業區 ; 非都市編定：農牧用地,2,1,持分移轉,09800000
RPPNMLTKJHHGFAX96EA,馬公段,17.50,都市：其他:商業區,2,1,持分移轉,21140000
RPSNMLOKJHHGFAX76EA,馬公段,8.00,都市：其他:商業區,1,1,全筆移轉,15080002
RPPNMLOKJHHGFAX09EA,雙湖段,16.59,非都市：一般農業區 ; 非都市編定：農牧用地,24,1,持分移轉,04990000
RPPNMLOKJHHGFAX09EA,雙湖段,1.43,非都市：一般農業區 ; 非都市編定：農牧用地,24,1,持分移轉,05000000
RPRNMLTKJHHGFAX07DA,文石段,22.22,都市：其他:住宅區,21,1,持分移轉,14230000
RPVNMLSKJHHGFAX37DA,橫礁新段,668.59,非都市：一般農業區 ; 非都市編定：農牧用地,1,1,全筆移轉,05190000
RPRNMLOKJHHGFAX66EA,馬公段,7.00,都市：其他:商業區,1,1,全筆移轉,15080000
RPVNMLQJJHHGFAX07DA,望安段,179.00,非都市：鄉村區 ; 非都市編定：乙種建築用地,1,1,全筆移轉,13690000
RPXNMLRJJHHGFAX37DA,紅羅段,841.50,非都市：一般農業區 ; 非都市編定：農牧用地,1,1,全筆移轉,19310000
RPPNMLRKJHHGFAX76EA,鐵線段,466.10,非都市：一般農業區 ; 非都市編定：農牧用地,1,1,全筆移轉,12770000
RPPOMLKKJHHGFAX68DA,四維段,58.85,非都市：鄉村區 ; 非都市編定：乙種建築用地,32,5,持分移轉,08520000
RPSNMLMKJHHGFAX09DA,七美六段,357.50,非都市：風景區 ; 非都市編定：農牧用地,3,1,持分移轉,02480000
RPQOMLKKJHHGFAX78DA,四維段,11.77,非都市：鄉村區 ; 非都市編定：乙種建築用地,32,1,持分移轉,08520000
RPPNMLQKJHHGFAX56DA,五福段,195.08,非都市：一般農業區 ; 非都市編定：甲種建築用地,1,1,全筆移轉,05220011
RPQOMLRKJHHGFAX86DA,馬公段,49.00,都市：其他:商業區,1,1,全筆移轉,15760002
RPQOMLRKJHHGFAX86DA,馬公段,44.00,都市：其他:商業區,1,1,全筆移轉,15780001
RPPNMLQKKIGGFAX76EA,東衛段,137.67,非都市：鄉村區 ; 非都市編定：乙種建築用地,45,15,持分移轉,11730000
RPTOMLRKJHHGFAX17DA,北極段,31.31,都市：其他:住宅區,100000,3800,持分移轉,06660001
RPWNMLSKJHHGFAX47DA,後寮段,767.00,非都市：一般農業區 ; 非都市編定：農牧用地,1,1,全筆移轉,18890000
RPWNMLSKJHHGFAX47DA,後寮段,3.00,非都市：一般農業區 ; 非都市編定：交通用地,1,1,全筆移轉,18890002
RPPOMLRKJHHGFAX86EA,文東段,732.60,非都市：一般農業區 ; 非都市編定：農牧用地,1,1,全筆移轉,11520000
RPROMLKKJHHGFAX88DA,四維段,4.71,非都市：鄉村區 ; 非都市編定：乙種建築用地,160,2,持分移轉,08520000
RPPOMLSKJHHGFAX96EA,東衛段,140.78,非都市：一般農業區 ; 非都市編定：農牧用地,1,1,全筆移轉,15070000
RPQOMLQJJHHGFAX66DA,文石段,159.02,非都市：一般農業區 ; 非都市編定：甲種建築用地,1,1,全筆移轉,11660001
RPQOMLQJJHHGFAX66DA,文石段,24.45,非都市：一般農業區 ; 非都市編定：交通用地,10,1,持分移轉,11660004
RPQOMLQJJHHGFAX66DA,文石段,23.65,非都市：一般農業區 ; 非都市編定：交通用地,10,1,持分移轉,11660011
RPXNMLLKJHHGFAX86DA,四維段,4.71,非都市：鄉村區 ; 非都市編定：乙種建築用地,80,1,持分移轉,08520000
RPSNMLLJKIGGFAX98DA,鎖港南段,401.51,非都市：一般農業區 ; 非都市編定：農牧用地,1,1,全筆移轉,00410000
RPSNMLLJKIGGFAX98DA,鎖港南段,200.75,非都市：一般農業區 ; 非都市編定：農牧用地,1,1,全筆移轉,00410001
RPSNMLLJKIGGFAX98DA,鎖港南段,200.75,非都市：一般農業區 ; 非都市編定：農牧用地,1,1,全筆移轉,00410002
RPRNMLLKJHHGFAX88DA,四維段,4.71,非都市：鄉村區 ; 非都市編定：乙種建築用地,80,1,持分移轉,08520000
RPQNMLPLJHHGFAX76EA,興仁段,130.80,非都市：一般農業區 ; 非都市編定：農牧用地,1,1,全筆移轉,06190001
RPUNMLOLJHHGFAX96DA,紅羅段,302.78,非都市：鄉村區 ; 非都市編定：乙種建築用地,1,1,全筆移轉,09300000
RPWNMLOLJHHGFAX17DA,東衛段,56.55,非都市：一般農業區 ; 非都市編定：農牧用地,1,1,全筆移轉,04920000
RPUNMLMLJHHGFAX76DA,隘門新段,274.73,非都市：鄉村區 ; 非都市編定：乙種建築用地,1,1,全筆移轉,06100000
RPUNMLMLJHHGFAX76DA,隘門新段,97.33,非都市：鄉村區 ; 非都市編定：乙種建築用地,1,1,全筆移轉,06640000
RPXNMLOLJHHGFAX27DA,湖西南段,183.76,非都市：一般農業區 ; 非都市編定：甲種建築用地,1,1,全筆移轉,10320000
RPXNMLOLJHHGFAX27DA,湖西南段,60.30,非都市：一般農業區 ; 非都市編定：交通用地,1000,117,持分移轉,10320004
RPPNMLLLJHHGFAX88EA,內垵三段,47.01,非都市：鄉村區 ; 非都市編定：乙種建築用地,3,1,持分移轉,11310000
RPUNMLSKJHHGFAX27DA,下瓦硐段,577.02,非都市：一般農業區 ; 非都市編定：農牧用地,1,1,全筆移轉,10550000
RPOOMLOLJHHGFAX09DA,興崁段,151.14,非都市：一般農業區 ; 非都市編定：甲種建築用地,1,1,全筆移轉,10950001
RPOOMLOLJHHGFAX09DA,興崁段,79.57,非都市：一般農業區 ; 非都市編定：交通用地,5,1,持分移轉,10950004
RPUNMLTKJHHGFAX37DA,興崁段,1136.41,非都市：一般農業區 ; 非都市編定：農牧用地,1,1,全筆移轉,05510000
RPSNMLKLJHHGFAX98DA,文東段,1228.72,非都市：一般農業區 ; 非都市編定：農牧用地,2637,1229,持分移轉,04250000
RPTNMLOLJHHGFAX96EA,井垵西段,273.25,非都市：風景區 ; 非都市編定：農牧用地,1,1,全筆移轉,16250000
RPUNMLPLJHHGFAX07DA,許家段,302.40,非都市：一般農業區 ; 非都市編定：甲種建築用地,1,1,全筆移轉,12060001
RPUNMLPLJHHGFAX07DA,許家段,53.94,非都市：一般農業區 ; 非都市編定：交通用地,6,1,持分移轉,12060004
RPUNMLPLJHHGFAX07DA,許家段,1.06,非都市：一般農業區 ; 非都市編定：交通用地,6,1,持分移轉,12060007
RPPNMLLKJHHGFAX68DA,四維段,4.71,非都市：鄉村區 ; 非都市編定：乙種建築用地,80,1,持分移轉,08520000
RPQNMLLLJHHGFAX98EA,沙港北段,55.85,非都市：一般農業區 ; 非都市編定：農牧用地,12,2,持分移轉,02260000
RPQNMLLLJHHGFAX98EA,沙港北段,23.43,非都市：一般農業區 ; 非都市編定：交通用地,12,2,持分移轉,02270000
RPQNMLLLJHHGFAX98EA,沙港北段,130.93,非都市：一般農業區 ; 非都市編定：農牧用地,6,2,持分移轉,02280000
RPSNMLOLJHHGFAX86EA,文東段,50.29,非都市：鄉村區 ; 非都市編定：乙種建築用地,7,4,持分移轉,00560000
RPSNMLOLJHHGFAX86EA,文東段,89.19,非都市：鄉村區 ; 非都市編定：乙種建築用地,7,4,持分移轉,00640000
RPSOMLRKJHHGFAX07DA,五德西段,294.61,非都市：一般農業區 ; 非都市編定：甲種建築用地,1,1,全筆移轉,00670000
RPSOMLRKJHHGFAX07DA,五德西段,10.88,非都市：一般農業區 ; 非都市編定：交通用地,1,1,全筆移轉,00670003
RPTNMLKLJHHGFAX09DA,北極段,45.06,都市：其他:住宅區,100000,5470,持分移轉,06660001
RPPNMLQLJHHGFAX76EA,東吉段,558.00,非都市：一般農業區 ; 非都市編定：農牧用地,1,1,全筆移轉,04720000
RPPNMLQLJHHGFAX76EA,東吉段,475.00,非都市：風景區 ; 非都市編定：農牧用地,1,1,全筆移轉,10360000
RPPNMLQLJHHGFAX76EA,東吉段,383.00,非都市：風景區 ; 非都市編定：農牧用地,1,1,全筆移轉,12560000
RPUNMLQLJHHGFAX17DA,光華段,64.40,非都市：一般農業區 ; 非都市編定：甲種建築用地,1,1,全筆移轉,06740000
RPTNMLPLJHHGFAX96DA,北極段,47.51,都市：其他:住宅區,100000,5767,持分移轉,06660001
RPPNMLOLJHHGFAX09DA,五福段,1324.51,非都市：一般農業區 ; 非都市編定：農牧用地,1,1,全筆移轉,08110000
RPPOMLLKJHHGFAX78DA,五德東段,601.76,非都市：一般農業區 ; 非都市編定：農牧用地,4,2,持分移轉,07490000
RPPNMLPLJHHGFAX56DA,赤崁中段,38.28,非都市：一般農業區 ; 非都市編定：交通用地,5,1,持分移轉,03810004
RPPNMLPLJHHGFAX56DA,赤崁中段,164.14,非都市：一般農業區 ; 非都市編定：甲種建築用地,1,1,全筆移轉,03810005
RPROMLLKJHHGFAX98DA,五德東段,167.13,非都市：一般農業區 ; 非都市編定：農牧用地,4,2,持分移轉,01860000
RPROMLLKJHHGFAX98DA,五德西段,66.97,非都市：一般農業區 ; 非都市編定：農牧用地,4,2,持分移轉,04750000
RPROMLLKJHHGFAX98DA,五德東段,171.25,非都市：一般農業區 ; 非都市編定：農牧用地,4,2,持分移轉,08020000
RPROMLLKJHHGFAX98DA,五德東段,46.70,非都市：一般農業區 ; 非都市編定：農牧用地,4,2,持分移轉,08480000
RPQOMLLKJHHGFAX88DA,五德東段,216.26,非都市：一般農業區 ; 非都市編定：農牧用地,4,2,持分移轉,08400000
RPUNMLRJKHHGFAX17DA,文石段,74.26,非都市：一般農業區 ; 非都市編定：交通用地,6,1,持分移轉,13660004
RPUNMLRJKHHGFAX17DA,文石段,154.57,非都市：一般農業區 ; 非都市編定：甲種建築用地,1,1,全筆移轉,13660005
RPTOMLLKJHHGFAX56DA,五德西段,111.09,非都市：鄉村區 ; 非都市編定：乙種建築用地,4,2,持分移轉,03580000
RPVNMLMKJIGGFAX76DA,東澳段,135.71,都市：其他:住宅區,1,1,全筆移轉,08150000
RPPNMLRLJHHGFAX86EA,?葉新段,10.00,非都市：鄉村區 ; 非都市編定：交通用地,1,1,全筆移轉,08200000
RPRNMLRLJHHGFAX96DA,北極段,449.46,都市：其他:住宅區,1,1,全筆移轉,02810000
RPQNMLRLJHHGFAX96EA,許家段,1442.09,非都市：一般農業區 ; 非都市編定：農牧用地,8,4,持分移轉,03800000
RPSNMLTJKHHGFAX17DA,國宅段,194.39,非都市：一般農業區 ; 非都市編定：農牧用地,1000,189,持分移轉,02800000
RPRNMLSLJHHGFAX17EA,虎井段,110.00,非都市：鄉村區 ; 非都市編定：乙種建築用地,1,1,全筆移轉,12230045
RPTNMLSJKHHGFAX17DA,中衛段,29.04,都市：其他:乙種工業區,1,1,全筆移轉,01230000
RPTNMLTKJHHGFAX27DA,國宅段,166.29,都市：其他:住宅區,1,1,全筆移轉,05850001
RPVNMLPLJHHGFAX17DA,城北段,395.06,非都市：一般農業區 ; 非都市編定：農牧用地,2,1,持分移轉,01690000
RPVNMLPLJHHGFAX17DA,城北段,117.00,非都市：鄉村區 ; 非都市編定：乙種建築用地,2,1,持分移轉,02910000
RPPNMLTJKHHGFAX86DA,光榮段,247.03,都市：其他:住宅區,1,1,全筆移轉,08530000
RPUNMLLKKHHGFAX66DA,外垵一段,104.47,非都市：鄉村區 ; 非都市編定：乙種建築用地,1,1,全筆移轉,03090000
RPTNMLPKKHHGFAX96DA,四維段,23.54,非都市：鄉村區 ; 非都市編定：乙種建築用地,80,5,持分移轉,08520000
RPTNMLLKKHHGFAX56DA,興崁段,1438.98,非都市：一般農業區 ; 非都市編定：農牧用地,1,1,全筆移轉,05110000
RPTNMLLKKHHGFAX56DA,興崁段,395.71,非都市：一般農業區 ; 非都市編定：農牧用地,1,1,全筆移轉,05110001
RPTNMLLKKHHGFAX56DA,興崁段,1108.98,非都市：一般農業區 ; 非都市編定：農牧用地,1,1,全筆移轉,05110002
RPTNMLLKKHHGFAX56DA,興崁段,330.00,非都市：一般農業區 ; 非都市編定：農牧用地,1,1,全筆移轉,05110003
RPPNMLMKKHHGFAX88DA,埕東段,49.25,都市：其他:住宅區,6,1,持分移轉,00940001
RPSNMLQKKHHGFAX96DA,中衛段,330.58,都市：其他:乙種工業區,1,1,全筆移轉,01220000
RPVNMLOKKHHGFAX07DA,興仁段,47.30,非都市：一般農業區 ; 非都市編定：交通用地,9,1,持分移轉,08330004
RPVNMLOKKHHGFAX07DA,興仁段,150.59,非都市：一般農業區 ; 非都市編定：甲種建築用地,1,1,全筆移轉,08330006
RPPNMLQKKHHGFAX76EA,海堤段,150.86,都市：其他:住宅區,1,1,全筆移轉,10060001
RPVNMLQKKHHGFAX27DA,西溪新段,79.08,非都市：鄉村區 ; 非都市編定：乙種建築用地,1,1,全筆移轉,08150001
RPTNMLTJKHHGFAX27DA,龍門南段,48.05,非都市：鄉村區 ; 非都市編定：乙種建築用地,1,1,全筆移轉,02750002
RPPNMLRJKHHGFAX66DA,許家段,22.21,非都市：一般農業區 ; 非都市編定：交通用地,1,1,全筆移轉,01210000
RPPNMLRJKHHGFAX66DA,許家段,219.41,非都市：風景區 ; 非都市編定：農牧用地,1,1,全筆移轉,01220000
RPPNMLRJKHHGFAX66DA,許家段,209.71,非都市：風景區 ; 非都市編定：農牧用地,1,1,全筆移轉,01230000
RPPNMLRJKHHGFAX66DA,許家段,212.14,非都市：風景區 ; 非都市編定：農牧用地,1,1,全筆移轉,01240000
RPWNMLQKKHHGFAX37DA,二崁南段,157.83,都市：其他:傳統住宅區,1,1,全筆移轉,04110000
RPWNMLQKKHHGFAX37DA,二崁南段,165.67,都市：其他:傳統住宅區,1,1,全筆移轉,04400000
RPRNMLTJKHHGFAX07DA,中衛段,587.86,都市：其他:乙種工業區,2,1,持分移轉,04210000
RPVNMLPKKHHGFAX17DA,四維段,42.75,都市：其他:農業區,12,1,持分移轉,05740000
RPOOMLQKKHHGFAX66DA,文光段,25.77,都市：其他:住宅區,100000,311,持分移轉,00200000
RPOOMLQKKHHGFAX66DA,文光段,3.34,都市：其他:住宅區,100000,311,持分移轉,00540000
RPSNMLLLKHHGFAX56DA,北寮新段,150.33,非都市：一般農業區 ; 非都市編定：農牧用地,16,1,持分移轉,06590000
RPTNMLLLKHHGFAX66DA,安宅段,23.78,非都市：鄉村區 ; 非都市編定：乙種建築用地,1000,26,持分移轉,12350000
RPUNMLOKKHHGFAX96DA,花宅段,39.58,非都市：一般農業區 ; 非都市編定：甲種建築用地,48,4,持分移轉,22380000
RPSNMLMLKHHGFAX66DA,安宅段,322.05,非都市：一般農業區 ; 非都市編定：農牧用地,5,1,持分移轉,15760001
RPRNMLRKKHHGFAX96DA,埕東段,49.25,都市：其他:住宅區,6,1,持分移轉,00940001
RPWNMLLLKHHGFAX96DA,北極段,47.51,都市：其他:住宅區,100000,5767,持分移轉,06660001
RPPNMLNKKHHGFAX98DA,山水西段,336.28,非都市：一般農業區 ; 非都市編定：農牧用地,1,1,全筆移轉,03220001
RPPNMLNKKHHGFAX98DA,山水西段,553.98,非都市：一般農業區 ; 非都市編定：農牧用地,1,1,全筆移轉,03230000
RPRNMLNLKHHGFAX66DA,安宅段,669.22,非都市：一般農業區 ; 非都市編定：農牧用地,1,1,全筆移轉,17090000
RPXNMLLLKHHGFAX07DA,北極段,48.61,都市：其他:住宅區,100000,5900,持分移轉,06660001
RPVNMLLKKHHGFAX76DA,東衛段,17.70,非都市：鄉村區 ; 非都市編定：乙種建築用地,1,1,全筆移轉,15440000
RPVNMLLKKHHGFAX76DA,東衛段,39.22,非都市：鄉村區 ; 非都市編定：乙種建築用地,1,1,全筆移轉,15450000
RPVNMLLKKHHGFAX76DA,東衛段,142.48,非都市：鄉村區 ; 非都市編定：乙種建築用地,1,1,全筆移轉,15510000
RPVNMLLKKHHGFAX76DA,東衛段,133.47,非都市：鄉村區 ; 非都市編定：乙種建築用地,1,1,全筆移轉,15520000
RPSNMLNLKHHGFAX86EA,竹灣段,97.57,非都市：鄉村區 ; 非都市編定：乙種建築用地,1,1,全筆移轉,14230000
RPOOMLLLKHHGFAX88DA,東衛段,197.04,非都市：一般農業區 ; 非都市編定：甲種建築用地,1,1,全筆移轉,03470003
RPOOMLLLKHHGFAX88DA,東衛段,42.19,非都市：一般農業區 ; 非都市編定：交通用地,7,1,持分移轉,03470004
RPQNMLKKKHHGFAX78DA,七美六段,37.05,非都市：一般農業區 ; 非都市編定：甲種建築用地,10,1,持分移轉,22930000
RPTNMLOLKHHGFAX96DA,光華段,83.67,非都市：一般農業區 ; 非都市編定：甲種建築用地,1,1,全筆移轉,06830000
RPVNMLQLJHHGFAX27DA,馬公段,36.16,都市：其他:商業區,1000,46,持分移轉,03190000
RPRNMLMLKHHGFAX56DA,埕東段,9.54,都市：其他:住宅區,6,1,持分移轉,08120000
RPRNMLMLKHHGFAX56DA,埕東段,78.30,都市：其他:住宅區,6,1,持分移轉,08130000
RPTNMLMLKHHGFAX76DA,五福段,426.12,非都市：一般農業區 ; 非都市編定：農牧用地,1,1,全筆移轉,00440002
RPRNMLLKKHHGFAX98DA,山水北段,788.07,非都市：一般農業區 ; 非都市編定：農牧用地,100000,44017,持分移轉,05270000
RPVNMLOLJHHGFAX07DA,池東段,102.56,非都市：鄉村區 ; 非都市編定：乙種建築用地,1,1,全筆移轉,05360000
RPPNMLPLKHHGFAX66DA,安宅段,24.69,非都市：鄉村區 ; 非都市編定：乙種建築用地,1000,27,持分移轉,12350000
RPPNMLLJLHHGFAX88EA,龍門北段,880.03,非都市：一般農業區 ; 非都市編定：農牧用地,1,1,全筆移轉,11400000
RPQNMLMJLHHGFAX09EA,光華段,57.07,非都市：鄉村區 ; 非都市編定：乙種建築用地,1,1,全筆移轉,08820000
RPVNMLLJLHHGFAX76DA,紅羅段,127.57,非都市：一般農業區 ; 非都市編定：農牧用地,1,1,全筆移轉,15260000
RPVNMLLJLHHGFAX76DA,紅羅段,748.75,非都市：一般農業區 ; 非都市編定：農牧用地,1,1,全筆移轉,15280000
RPQOMLMJLHHGFAX09DA,東衛段,92.73,非都市：鄉村區 ; 非都市編定：乙種建築用地,7,1,持分移轉,10950000
RPTNMLLJLHHGFAX56DA,合界段,10.17,非都市：一般農業區 ; 非都市編定：甲種建築用地,1,1,全筆移轉,00960001
RPPOMLMJLHHGFAX98DA,風櫃西段,107.39,非都市：鄉村區 ; 非都市編定：乙種建築用地,1,1,全筆移轉,12240000
RPRNMLNJLHHGFAX56DA,馬公段,38.27,都市：其他:住宅區,40000,152,持分移轉,02010000
RPRNMLNJLHHGFAX56DA,馬公段,4.00,都市：其他:住宅區,40000,128,持分移轉,02010003
RPXNMLMJLHHGFAX07DA,池西段,1126.27,非都市：一般農業區 ; 非都市編定：農牧用地,1,1,全筆移轉,05360000
RPSNMLLKKHHGFAX09DA,山水東段,942.88,非都市：一般農業區 ; 非都市編定：農牧用地,1,1,全筆移轉,06470000
RPUNMLLJLHHGFAX66DA,鐵線段,1712.21,非都市：一般農業區 ; 非都市編定：農牧用地,1,1,全筆移轉,05730000
RPPNMLKKKHHGFAX68DA,七美一段,591.51,非都市：風景區 ; 非都市編定：農牧用地,1,1,全筆移轉,04080000
RPXNMLQJLHHGFAX47DA,山水東段,351.85,非都市：一般農業區 ; 非都市編定：農牧用地,1,1,全筆移轉,05470003
RPVNMLQJLHHGFAX27DA,文東段,192.32,非都市：一般農業區 ; 非都市編定：甲種建築用地,1,1,全筆移轉,12020003
RPVNMLQJLHHGFAX27DA,文東段,37.20,非都市：一般農業區 ; 非都市編定：交通用地,14,1,持分移轉,12020004
RPOOMLOJLHHGFAX56EA,五德東段,1400.09,非都市：一般農業區 ; 非都市編定：農牧用地,1,1,全筆移轉,05080000
RPOOMLOJLHHGFAX56EA,五德東段,126.01,非都市：一般農業區 ; 非都市編定：農牧用地,1,1,全筆移轉,05090000
