﻿鄉鎮市區,交易標的,土地位置建物門牌,土地移轉總面積平方公尺,都市土地使用分區,非都市土地使用分區,非都市土地使用編定,交易年月日,交易筆棟數,移轉層次,總樓層數,建物型態,主要用途,主要建材,建築完成年月,建物移轉總面積平方公尺,建物現況格局-房,建物現況格局-廳,建物現況格局-衛,建物現況格局-隔間,有無管理組織,總價元,單價元平方公尺,車位類別,車位移轉總面積平方公尺,車位總價元,備註,編號
The villages and towns urban district,transaction sign,land sector position building sector house number plate,land shifting total area square meter,the use zoning or compiles and checks,the non-metropolis land use district,non-metropolis land use,transaction year month and day,transaction pen number,shifting level,total floor number,building state,main use,main building materials,construction to complete the years,building shifting total area,Building present situation pattern - room,building present situation pattern - hall,building present situation pattern - health,building present situation pattern - compartmented,Whether there is manages the organization,total price NTD,the unit price (NTD / square meter),the berth category,berth shifting total area square meter,the berth total price NTD,the note,serial number
北屯區,房地(土地+建物)+車位,台中市北屯區同榮段1885地號,42.89,住,,,1010608,土地1建物1車位1,十二層,14,住宅大樓(11層含以上有電梯),住家用,鋼筋混凝土造,,184.68,4,2,2,有,無,12240000,62165,坡道平面,9.5,1350000,,RPUQMLTJJHIFFBB08CB
北屯區,房地(土地+建物)+車位,台中市北屯區同榮段1885地號,29.36,住,,,1010626,土地1建物1車位1,十二層,14,住宅大樓(11層含以上有電梯),住家用,鋼筋混凝土造,,126.45,3,2,2,有,無,8080000,60454,坡道機械,5.2,750000,,RPVQMLTJJHIFFBB18CB
北屯區,房地(土地+建物)+車位,台中市北屯區同榮段1885地號,42.47,住,,,1010709,土地1建物1車位2,六層,14,住宅大樓(11層含以上有電梯),住家用,鋼筋混凝土造,,182.83,4,2,2,有,無,11700000,60894,坡道機械,10.4,1200000,,RPWQMLTJJHIFFBB28CB
北屯區,房地(土地+建物)+車位,台中市北屯區同榮段1885地號,31.33,住,,,1010630,土地1建物1車位1,八層,14,住宅大樓(11層含以上有電梯),住家用,鋼筋混凝土造,,134.9,3,2,2,有,無,8900000,62201,坡道平面,9.5,1100000,,RPORMLTJJHIFFBB57CB
北屯區,房地(土地+建物)+車位,台中市北屯區藤榮段1885地號,41.81,住,,,1010627,土地1建物1車位2,二層,14,住宅大樓(11層含以上有電梯),住家用,鋼筋混凝土造,,180.04,4,2,2,有,無,11000000,56590,坡道機械,10.4,1400000,,RPPRMLTJJHIFFBB67CB
北屯區,房地(土地+建物)+車位,台中市北屯區同榮段1885地號,29.36,住,,,1010704,土地1建物1車位1,五層,14,住宅大樓(11層含以上有電梯),住家用,鋼筋混凝土造,,126.45,3,2,2,有,無,7650000,57732,坡道機械,5.2,650000,,RPRRMLTJJHIFFBB87CB
北屯區,房地(土地+建物)+車位,台中市北屯區同榮段1885地號,29.36,住,,,1010709,土地1建物1車位1,十一層,14,住宅大樓(11層含以上有電梯),住家用,鋼筋混凝土造,,126.45,3,2,2,有,無,8620000,64301,坡道平面,9.5,1100000,,RPSRMLTJJHIFFBB97CB
北屯區,房地(土地+建物)+車位,台中市北屯區同榮段1885地號,31.33,住,,,1010705,土地1建物1車位1,九層,14,住宅大樓(11層含以上有電梯),住家用,鋼筋混凝土造,,134.9,3,2,2,有,無,9050000,63994,坡道機械,5.2,750000,,RPURMLTJJHIFFBB18CB
北屯區,房地(土地+建物)+車位,台中市北屯區同榮段1885地號,387.42,住,,,1010703,土地1建物1車位2,八層,14,住宅大樓(11層含以上有電梯),住家用,鋼筋混凝土造,,182.83,4,2,2,有,無,13800000,67753,坡道平面,19.0,2700000,,RPWRMLTJJHIFFBB38CB
北屯區,房地(土地+建物)+車位,台中市北屯區同榮段1885地號,31.33,住,,,1010708,土地1建物1車位1,七層,14,住宅大樓(11層含以上有電梯),住家用,鋼筋混凝土造,,134.9,3,2,2,有,無,8900000,62837,坡道機械,5.2,750000,,RPOSMLTJJHIFFBB67CB
北屯區,房地(土地+建物)+車位,台中市北屯區同榮段1885地號,42.47,住,,,1010709,土地1建物1車位2,九層,14,住宅大樓(11層含以上有電梯),住家用,鋼筋混凝土造,,182.83,4,2,2,有,無,12980000,67158,坡道機械,10.4,1400000,,RPPSMLTJJHIFFBB77CB
北屯區,房地(土地+建物)+車位,台中市北屯區同榮段1885地號,42.47,住,,,1010709,土地1建物1車位2,五層,14,住宅大樓(11層含以上有電梯),住家用,鋼筋混凝土造,,182.83,4,2,2,有,無,12320000,63330,坡道機械,10.4,1400000,,RPXNMLKKJHIFFBB27CB
北屯區,房地(土地+建物)+車位,台中市北屯區同榮段1885地號,31.33,住,,,1000709,土地1建物1車位2,五層,14,住宅大樓(11層含以上有電梯),住家用,鋼筋混凝土造,,134.9,3,2,2,有,無,9380000,64096,坡道機械,10.4,1400000,,RPOOMLKKJHIFFBB09CB
北屯區,房地(土地+建物)+車位,台中市北屯區同榮段1885地號,31.33,住,,,1000709,土地1建物1車位1,十二層,14,住宅大樓(11層含以上有電梯),住家用,鋼筋混凝土造,,134.9,3,2,2,有,無,9250000,65536,坡道機械,5.2,750000,,RPPOMLKKJHIFFBB56CB
北屯區,房地(土地+建物)+車位,台中市北屯區同榮段1885地號,31.33,住,,,1000711,土地1建物1車位1,十一層,14,住宅大樓(11層含以上有電梯),住家用,鋼筋混凝土造,,134.9,3,2,2,有,無,9250000,65536,坡道機械,5.2,750000,,RPQOMLKKJHIFFBB66CB
北屯區,房地(土地+建物)+車位,台中市北屯區同榮段1885地號,31.33,住,,,1000712,土地1建物1車位1,六層,14,住宅大樓(11層含以上有電梯),住家用,鋼筋混凝土造,,134.9,3,2,2,有,無,8600000,60524,坡道機械,5.2,750000,,RPROMLKKJHIFFBB76CB
北屯區,房地(土地+建物)+車位,台中市北屯區同榮段1885地號,42.89,住,,,1010715,土地1建物1車位2,十層,14,住宅大樓(11層含以上有電梯),住家用,鋼筋混凝土造,,184.68,4,2,2,有,無,13100000,65890,坡道平面,14.7,1900000,,RPTOMLKKJHIFFBB96CB
北屯區,房地(土地+建物)+車位,台中市北屯區同榮段1885地號,29.36,住,,,1000721,土地1建物1車位1,十層,14,住宅大樓(11層含以上有電梯),住家用,鋼筋混凝土造,,126.45,3,2,2,有,無,8600000,62847,坡道平面,9.5,1250000,,RPUOMLKKJHIFFBB07CB
北屯區,房地(土地+建物)+車位,台中市北屯區同榮段1885地號,31.33,住,,,1000726,土地1建物1車位2,十層,14,住宅大樓(11層含以上有電梯),住家用,鋼筋混凝土造,,134.9,3,2,2,有,無,10380000,69717,坡道平面,14.7,2000000,,RPVOMLKKJHIFFBB17CB
北屯區,房地(土地+建物)+車位,台中市北屯區同榮段1885地號,42.47,住,,,1010728,土地1建物1車位2,七層,14,住宅大樓(11層含以上有電梯),住家用,鋼筋混凝土造,,182.83,4,2,2,有,無,13100000,66318,坡道平面,14.7,1950000,,RPTQMLKKJHIFFBB17CB
北屯區,房地(土地+建物)+車位,台中市北屯區同榮段1885地號,29.36,住,,,1010806,土地1建物1車位1,六層,14,住宅大樓(11層含以上有電梯),住家用,鋼筋混凝土造,,126.45,3,2,2,有,無,7730000,58392,坡道機械,5.2,650000,,RPUQMLKKJHIFFBB27CB
北屯區,房地(土地+建物)+車位,台中市北屯區同榮段1885地號,42.47,住,,,1010807,土地1建物1車位1,十一層,14,住宅大樓(11層含以上有電梯),住家用,鋼筋混凝土造,,182.83,4,2,2,有,無,12330000,65755,坡道機械,5.2,650000,,RPVQMLKKJHIFFBB37CB
北屯區,房地(土地+建物)+車位,台中市北屯區同榮段1885地號,29.36,住,,,1010801,土地1建物1車位2,九層,14,住宅大樓(11層含以上有電梯),住家用,鋼筋混凝土造,,126.45,3,2,2,有,無,8850000,64196,坡道機械,10.4,1400000,,RPWQMLKKJHIFFBB47CB
北屯區,房地(土地+建物)+車位,台中市北屯區同榮段1885地號,29.36,住,,,1010804,土地1建物1車位1,七層,14,住宅大樓(11層含以上有電梯),住家用,鋼筋混凝土造,,126.45,3,2,2,有,無,8250000,62680,坡道機械,5.2,650000,,RPORMLKKJHIFFBB76CB
北屯區,房地(土地+建物)+車位,台中市北屯區同榮段1885地號,31.33,住,,,1010805,土地1建物1車位1,四層,14,住宅大樓(11層含以上有電梯),住家用,鋼筋混凝土造,,134.9,3,2,2,有,無,9300000,65391,坡道平面,9.5,1100000,,RPQRMLKKJHIFFBB96CB
北屯區,房地(土地+建物)+車位,台中市北屯區同榮段1885地號,29.36,住,,,1010805,土地1建物1車位1,五層,14,住宅大樓(11層含以上有電梯),住家用,鋼筋混凝土造,,126.45,3,2,2,有,無,7650000,57732,坡道機械,5.2,650000,,RPRRMLKKJHIFFBB07CB
北屯區,房地(土地+建物)+車位,台中市北屯區同榮段1885地號,42.89,住,,,1010814,土地1建物1車位2,六層,14,住宅大樓(11層含以上有電梯),住家用,鋼筋混凝土造,,184.68,4,2,2,有,無,12980000,65478,坡道平面,14.7,1850000,,RPTRMLKKJHIFFBB27CB
北屯區,房地(土地+建物)+車位,台中市北屯區同榮段1885地號,42.89,住,,,1010810,土地1建物1車位2,八層,14,住宅大樓(11層含以上有電梯),住家用,鋼筋混凝土造,,184.68,4,2,2,有,無,12360000,61831,坡道平面,14.7,1850000,,RPVRMLKKJHIFFBB47CB
北屯區,房地(土地+建物)+車位,台中市北屯區同榮段1885號,29.36,住,,,1000812,土地1建物1車位1,八層,14,住宅大樓(11層含以上有電梯),住家用,鋼筋混凝土造,,126.45,3,2,2,有,無,8300000,62680,坡道機械,5.2,700000,,RPWRMLKKJHIFFBB57CB
北屯區,房地(土地+建物)+車位,台中市北屯區同榮段1885地號,42.23,住,,,1010825,土地1建物1車位2,二層,14,住宅大樓(11層含以上有電梯),住家用,鋼筋混凝土造,,181.89,4,2,2,有,無,13000000,64461,坡道平面,19.0,2500000,,RPXRMLKKJHIFFBB67CB
北屯區,房地(土地+建物)+車位,台中市北屯區同榮段1885地號,29.36,住,,,1010902,土地1建物1車位1,四層,14,住宅大樓(11層含以上有電梯),住家用,鋼筋混凝土造,,126.45,3,2,2,有,無,8500000,61992,坡道平面,9.5,1250000,,RPQSMLKKJHIFFBB07CB
北屯區,房地(土地+建物)+車位,台中市北屯區同榮段1885地號,49.28,住,,,1010927,土地1建物1車位2,十三層,14,住宅大樓(11層含以上有電梯),住家用,鋼筋混凝土造,,212.18,4,2,2,有,無,18120000,80857,坡道平面,19.0,2500000,,RPSSMLKKJHIFFBB27CB
北屯區,房地(土地+建物)+車位,台中市北屯區同榮段1885地號,29.36,住,,,1011030,土地1建物1車位1,三層,14,住宅大樓(11層含以上有電梯),住家用,鋼筋混凝土造,,126.45,3,2,2,有,無,8760000,65071,坡道平面,9.5,1150000,售價包含裝潢或家電。,RPUSMLKKJHIFFBB47CB
北屯區,房地(土地+建物)+車位,台中市北屯區同榮段1885地號,42.47,住,,,1011101,土地1建物1車位2,三層,14,住宅大樓(11層含以上有電梯),住家用,鋼筋混凝土造,,182.83,4,2,2,有,無,15000000,75078,坡道平面,19.0,2700000,售價包含裝潢或家電。,RPVSMLKKJHIFFBB57CB
北屯區,房地(土地+建物)+車位,台中市北屯區同榮段1885地號,42.89,住,,,1011103,土地1建物1車位2,三層,14,住宅大樓(11層含以上有電梯),住家用,鋼筋混凝土造,,184.68,4,2,2,有,無,12990000,63315,坡道平面,19.0,2500000,,RPWSMLKKJHIFFBB67CB
北屯區,房地(土地+建物)+車位,台中市北屯區同榮段1885地號,42.89,住,,,1011125,土地1建物1車位2,五層,14,住宅大樓(11層含以上有電梯),住家用,鋼筋混凝土造,,184.68,4,2,2,有,無,13300000,64582,坡道平面,19.0,2600000,,RPXSMLKKJHIFFBB77CB
北屯區,房地(土地+建物)+車位,台中市北屯區松竹路二段350號三樓之1,34.44,住,,,1011016,土地1建物1車位2,三層,12,住宅大樓(11層含以上有電梯),住家用,鋼筋混凝土造,,226.34,4,2,2,有,無,10030000,44314,坡道平面,54.92,0,,RPVRMLPKJHIFFBB97CB
北屯區,房地(土地+建物)+車位,台中市北屯區松竹路二段350號四樓之1,34.23,住,,,1011008,土地1建物1車位1,四層,12,住宅大樓(11層含以上有電梯),住家用,鋼筋混凝土造,,199.91,4,2,2,有,無,9400000,47021,坡道平面,28.49,0,,RPWRMLPKJHIFFBB08CB
北屯區,房地(土地+建物)+車位,台中市北屯區松竹路二段350號五樓之1,34.23,住,,,1011001,土地1建物1車位1,五層,12,住宅大樓(11層含以上有電梯),住家用,鋼筋混凝土造,,199.91,4,2,2,有,無,9380000,46921,坡道平面,28.49,0,,RPXRMLPKJHIFFBB18CB
北屯區,房地(土地+建物)+車位,台中市北屯區松竹路二段350號六樓之1,34.23,住,,,1011004,土地1建物1車位1,六層,12,住宅大樓(11層含以上有電梯),住家用,鋼筋混凝土造,,199.91,4,2,2,有,無,9580000,47922,坡道平面,28.49,0,,RPOSMLPKJHIFFBB37CB
北屯區,房地(土地+建物)+車位,台中市北屯區松竹路二段350號七樓之1,34.23,住,,,1010907,土地1建物1車位1,七層,12,住宅大樓(11層含以上有電梯),住家用,鋼筋混凝土造,,199.91,4,2,2,有,無,9660000,48322,坡道平面,28.49,0,,RPPSMLPKJHIFFBB47CB
北屯區,房地(土地+建物)+車位,台中市北屯區松竹路二段350號八樓之1,34.44,住,,,1010829,土地1建物1車位2,八層,12,住宅大樓(11層含以上有電梯),住家用,鋼筋混凝土造,,228.4,4,2,2,有,無,10560000,46235,坡道平面,56.98,0,,RPQSMLPKJHIFFBB57CB
北屯區,房地(土地+建物)+車位,台中市北屯區松竹路二段350號十樓之1,34.23,住,,,1011001,土地1建物1車位1,十層,12,住宅大樓(11層含以上有電梯),住家用,鋼筋混凝土造,,199.91,4,2,2,有,無,9550000,47771,坡道平面,28.49,0,,RPSSMLPKJHIFFBB77CB
北屯區,房地(土地+建物)+車位,台中市北屯區松竹路二段350號十一樓之1,34.44,住,,,1010922,土地1建物1車位2,十一層,12,住宅大樓(11層含以上有電梯),住家用,鋼筋混凝土造,,226.34,4,2,2,有,無,10620000,46921,坡道平面,54.92,0,,RPTSMLPKJHIFFBB87CB
北屯區,房地(土地+建物)+車位,台中市北屯區松竹路二段350號十二樓之1,34.23,住,,,1010918,土地1建物1車位1,十二層,12,住宅大樓(11層含以上有電梯),住家用,鋼筋混凝土造,,199.91,4,2,2,有,無,9550000,47771,坡道平面,28.49,0,,RPUSMLPKJHIFFBB97CB
北屯區,房地(土地+建物)+車位,台中市北屯區松竹路二段350號二樓之2,34.23,住,,,1011029,土地1建物1車位1,二層,12,住宅大樓(11層含以上有電梯),住家用,鋼筋混凝土造,,200.4,4,2,2,有,無,9300000,46407,坡道平面,28.49,0,,RPVSMLPKJHIFFBB08CB
北屯區,房地(土地+建物)+車位,台中市北屯區松竹路二段350號三樓之2,34.44,住,,,1011011,土地1建物1車位2,三層,12,住宅大樓(11層含以上有電梯),住家用,鋼筋混凝土造,,224.77,4,2,2,有,無,10060000,44757,坡道平面,52.86,0,,RPPNMLQKJHIFFBB07CB
北屯區,房地(土地+建物)+車位,台中市北屯區松竹路二段350號四樓之2,34.44,住,,,1011012,土地1建物1車位2,四層,12,住宅大樓(11層含以上有電梯),住家用,鋼筋混凝土造,,228.89,4,2,2,有,無,10100000,44126,坡道平面,56.98,0,,RPQNMLQKJHIFFBB17CB
北屯區,房地(土地+建物)+車位,台中市北屯區松竹路二段350號五樓之2,34.44,住,,,1011005,土地1建物1車位2,五層,12,住宅大樓(11層含以上有電梯),住家用,鋼筋混凝土造,,224.77,4,2,2,有,無,10200000,45380,坡道平面,52.86,0,,RPRNMLQKJHIFFBB27CB
北屯區,房地(土地+建物)+車位,台中市北屯區松竹路二段350號六樓之2,34.23,住,,,1011009,土地1建物1車位1,六層,12,住宅大樓(11層含以上有電梯),住家用,鋼筋混凝土造,,198.34,4,2,2,有,無,9530000,48049,坡道平面,26.43,0,,RPSNMLQKJHIFFBB37CB
北屯區,房地(土地+建物)+車位,台中市北屯區松竹路二段350號七樓之2,34.23,住,,,1010928,土地1建物1車位1,七層,12,住宅大樓(11層含以上有電梯),住家用,鋼筋混凝土造,,200.4,4,2,2,有,無,9600000,47904,坡道平面,28.49,0,,RPTNMLQKJHIFFBB47CB
北屯區,房地(土地+建物)+車位,台中市北屯區松竹路二段350號八樓之2,34.44,住,,,1011008,土地1建物1車位2,八層,12,住宅大樓(11層含以上有電梯),住家用,鋼筋混凝土造,,212.65,4,2,2,有,無,9620000,45239,坡道機械,40.74,0,,RPUNMLQKJHIFFBB57CB
北屯區,房地(土地+建物)+車位,台中市北屯區松竹路二段350號九樓之2,34.44,住,,,1010923,土地1建物1車位2,九層,12,住宅大樓(11層含以上有電梯),住家用,鋼筋混凝土造,,212.65,4,2,2,有,無,9580000,45051,坡道機械,40.74,0,,RPVNMLQKJHIFFBB67CB
北屯區,房地(土地+建物)+車位,台中市北屯區松竹路二段350號十樓之2,34.23,住,,,1011002,土地1建物1車位1,十層,12,住宅大樓(11層含以上有電梯),住家用,鋼筋混凝土造,,200.4,4,2,2,有,無,9660000,48204,坡道平面,28.49,0,,RPWNMLQKJHIFFBB77CB
北屯區,房地(土地+建物)+車位,台中市北屯區松竹路二段350號十一樓之2,34.23,住,,,1011006,土地1建物1車位1,十一層,12,住宅大樓(11層含以上有電梯),住家用,鋼筋混凝土造,,200.4,4,2,2,有,無,9700000,48403,坡道平面,28.49,0,,RPXNMLQKJHIFFBB87CB
北屯區,房地(土地+建物)+車位,台中市北屯區松竹路二段346巷1號二樓之1,27.3,住,,,1010821,土地1建物1車位1,二層,12,住宅大樓(11層含以上有電梯),住家用,鋼筋混凝土造,,170.78,3,2,2,有,無,7880000,46141,坡道平面,26.43,0,,RPPOMLQKJHIFFBB17CB
北屯區,房地(土地+建物)+車位,台中市北屯區松竹路二段346巷1號三樓之1,27.51,住,,,1010729,土地1建物1車位2,三層,12,住宅大樓(11層含以上有電梯),住家用,鋼筋混凝土造,,185.09,3,2,2,有,無,8000000,43222,坡道機械,40.74,0,,RPQOMLQKJHIFFBB27CB
北屯區,房地(土地+建物)+車位,台中市北屯區松竹路二段346巷1號四樓之1,27.51,住,,,1010924,土地1建物1車位2,四層,12,住宅大樓(11層含以上有電梯),住家用,鋼筋混凝土造,,183.99,3,2,2,有,無,8000000,43481,坡道機械,39.64,0,,RPROMLQKJHIFFBB37CB
北屯區,房地(土地+建物)+車位,台中市北屯區松竹路二段346巷1號六樓之1,27.51,住,,,1010817,土地1建物1車位2,六層,12,住宅大樓(11層含以上有電梯),住家用,鋼筋混凝土造,,185.09,3,2,2,有,無,8100000,43762,坡道機械,40.74,0,,RPTOMLQKJHIFFBB57CB
北屯區,房地(土地+建物)+車位,台中市北屯區松竹路二段346巷1號七樓之1,27.51,住,,,1010807,土地1建物1車位2,七層,12,住宅大樓(11層含以上有電梯),住家用,鋼筋混凝土造,,183.99,3,2,2,有,無,8180000,44459,坡道機械,39.64,0,,RPUOMLQKJHIFFBB67CB
北屯區,房地(土地+建物)+車位,台中市北屯區松竹路二段346巷1號十樓之1,27.51,住,,,1010908,土地1建物1車位2,十層,12,住宅大樓(11層含以上有電梯),住家用,鋼筋混凝土造,,183.99,3,2,2,有,無,8200000,44568,坡道機械,39.64,0,,RPOPMLQKJHIFFBB17CB
北屯區,房地(土地+建物)+車位,台中市北屯區松竹路二段346巷1號十二樓之1,27.3,住,,,1010822,土地1建物1車位1,十二層,12,住宅大樓(11層含以上有電梯),住家用,鋼筋混凝土造,,170.78,3,2,2,有,無,8000000,46844,坡道平面,26.43,0,,RPPPMLQKJHIFFBB27CB
北屯區,房地(土地+建物)+車位,台中市北屯區松竹路二段346巷1號二樓之2,24.99,住,,,1011028,土地1建物1車位1,二層,12,住宅大樓(11層含以上有電梯),住家用,鋼筋混凝土造,,162.69,3,2,2,有,無,7150000,43949,坡道平面,28.49,0,,RPQPMLQKJHIFFBB37CB
北屯區,房地(土地+建物)+車位,台中市北屯區松竹路二段346巷1號三樓之2,24.99,住,,,1010906,土地1建物1車位1,三層,12,住宅大樓(11層含以上有電梯),住家用,鋼筋混凝土造,,160.63,3,2,2,有,無,7320000,45571,坡道平面,26.43,0,,RPSPMLQKJHIFFBB57CB
北屯區,房地(土地+建物)+車位,台中市北屯區松竹路二段346巷1號四樓之2,24.99,住,,,1010828,土地1建物1車位1,四層,12,住宅大樓(11層含以上有電梯),住家用,鋼筋混凝土造,,160.63,3,2,2,有,無,7310000,45508,坡道平面,26.43,0,,RPUPMLQKJHIFFBB77CB
北屯區,房地(土地+建物)+車位,台中市北屯區松竹路二段346巷1號五樓之2,25.2,住,,,1010713,土地1建物1車位2,五層,12,住宅大樓(11層含以上有電梯),住家用,鋼筋混凝土造,,174.94,3,2,2,有,無,7400000,42300,坡道機械,40.74,0,,RPVPMLQKJHIFFBB87CB
北屯區,房地(土地+建物)+車位,台中市北屯區松竹路二段346巷1號六樓之2,24.99,住,,,1010718,土地1建物1車位1,六層,12,住宅大樓(11層含以上有電梯),住家用,鋼筋混凝土造,,162.69,3,2,2,有,無,7490000,46038,坡道平面,28.49,0,,RPWPMLQKJHIFFBB97CB
北屯區,房地(土地+建物)+車位,台中市北屯區松竹路二段346巷1號七樓之2,24.99,住,,,1010727,土地1建物1車位1,七層,12,住宅大樓(11層含以上有電梯),住家用,鋼筋混凝土造,,162.69,3,2,2,有,無,7530000,46284,坡道平面,28.49,0,,RPXPMLQKJHIFFBB08CB
北屯區,房地(土地+建物)+車位,台中市北屯區松竹路二段346巷1號八樓之2,25.2,住,,,1010909,土地1建物1車位2,八層,12,住宅大樓(11層含以上有電梯),住家用,鋼筋混凝土造,,174.94,3,2,2,有,無,7530000,43043,坡道機械,40.74,0,,RPOQMLQKJHIFFBB27CB
北屯區,房地(土地+建物)+車位,台中市北屯區松竹路二段346巷1號九樓之2,24.99,住,,,1010731,土地1建物1車位1,九層,12,住宅大樓(11層含以上有電梯),住家用,鋼筋混凝土造,,160.63,3,2,2,有,無,7600000,47314,坡道平面,26.43,0,,RPQQMLQKJHIFFBB47CB
北屯區,房地(土地+建物)+車位,台中市北屯區松竹路二段346巷1號十樓之2,24.99,住,,,1010709,土地1建物1車位1,十層,12,住宅大樓(11層含以上有電梯),住家用,鋼筋混凝土造,,162.69,3,2,2,有,無,7560000,46469,坡道平面,28.49,0,,RPSQMLQKJHIFFBB67CB
北屯區,房地(土地+建物)+車位,台中市北屯區松竹路二段346巷1號十一樓之2,24.99,住,,,1010920,土地1建物1車位1,十一層,12,住宅大樓(11層含以上有電梯),住家用,鋼筋混凝土造,,162.69,3,2,2,有,無,7550000,46407,坡道平面,28.49,0,,RPVQMLQKJHIFFBB97CB
北屯區,房地(土地+建物)+車位,台中市北屯區松竹路二段346巷1號十二樓之2,24.99,住,,,1010906,土地1建物1車位1,十二層,12,住宅大樓(11層含以上有電梯),住家用,鋼筋混凝土造,,160.63,3,2,2,有,無,7500000,46691,坡道平面,26.43,0,,RPWQMLQKJHIFFBB08CB
北屯區,房地(土地+建物)+車位,台中市北屯區松竹路二段346巷3號四樓之1,25.2,住,,,1010803,土地1建物1車位2,四層,12,住宅大樓(11層含以上有電梯),住家用,鋼筋混凝土造,,171.02,3,2,2,有,無,7210000,42159,坡道機械,39.64,0,,RPTSMLQKJHIFFBB97CB
北屯區,房地(土地+建物)+車位,台中市北屯區松竹路二段346巷3號五樓之1,24.99,住,,,1010913,土地1建物1車位1,五層,12,住宅大樓(11層含以上有電梯),住家用,鋼筋混凝土造,,157.81,3,2,2,有,無,7150000,45308,坡道平面,26.43,0,,RPUSMLQKJHIFFBB08CB
北屯區,房地(土地+建物)+車位,台中市北屯區松竹路二段346巷3號七樓之1,24.99,住,,,1010712,土地1建物1車位1,七層,12,住宅大樓(11層含以上有電梯),住家用,鋼筋混凝土造,,159.87,3,2,2,有,無,7310000,45725,坡道平面,28.49,0,,RPXSMLQKJHIFFBB38CB
北屯區,房地(土地+建物)+車位,台中市北屯區松竹路二段346巷3號八樓之1,25.2,住,,,1010916,土地1建物1車位2,八層,12,住宅大樓(11層含以上有電梯),住家用,鋼筋混凝土造,,172.12,3,2,2,有,無,7290000,42354,坡道機械,40.74,0,,RPOTMLQKJHIFFBB57CB
北屯區,房地(土地+建物)+車位,台中市北屯區松竹路二段346巷3號十樓之1,24.99,住,,,1010726,土地1建物1車位1,十層,12,住宅大樓(11層含以上有電梯),住家用,鋼筋混凝土造,,159.87,3,2,2,有,無,7350000,45975,坡道平面,28.49,0,,RPPTMLQKJHIFFBB67CB
北屯區,房地(土地+建物)+車位,台中市北屯區松竹路二段346巷3號十一樓之1,24.99,住,,,1010829,土地1建物1車位1,十一層,12,住宅大樓(11層含以上有電梯),住家用,鋼筋混凝土造,,157.81,3,2,2,有,無,7380000,46765,坡道平面,26.43,0,,RPQTMLQKJHIFFBB77CB
北屯區,房地(土地+建物)+車位,台中市北屯區松竹路二段346巷3號十二樓之1,24.99,住,,,1010818,土地1建物1車位1,十二層,12,住宅大樓(11層含以上有電梯),住家用,鋼筋混凝土造,,151.2,3,2,2,有,無,7050000,46627,坡道機械,19.82,0,,RPRTMLQKJHIFFBB87CB
北屯區,房地(土地+建物)+車位,台中市北屯區松竹路二段346巷3號二樓之2,18.27,住,,,1010718,土地1建物1車位1,二層,12,住宅大樓(11層含以上有電梯),住家用,鋼筋混凝土造,,113.99,2,1,1,有,無,5160000,45267,坡道機械,20.37,0,,RPSTMLQKJHIFFBB97CB
北屯區,房地(土地+建物)+車位,台中市北屯區松竹路二段346巷3號三樓之2,18.48,住,,,1010909,土地1建物1車位2,三層,12,住宅大樓(11層含以上有電梯),住家用,鋼筋混凝土造,,133.26,2,1,1,有,無,5600000,42023,坡道機械,39.64,0,,RPTTMLQKJHIFFBB08CB
北屯區,房地(土地+建物)+車位,台中市北屯區松竹路二段346巷3號四樓之2,18.27,住,,,1010716,土地1建物1車位1,四層,12,住宅大樓(11層含以上有電梯),住家用,鋼筋混凝土造,,113.99,2,1,1,有,無,5160000,45267,坡道機械,20.37,0,,RPUTMLQKJHIFFBB18CB
北屯區,房地(土地+建物)+車位,台中市北屯區松竹路二段346巷3號五樓之2,18.27,住,,,1010727,土地1建物1車位1,五層,12,住宅大樓(11層含以上有電梯),住家用,鋼筋混凝土造,,113.44,2,1,1,有,無,5200000,45839,坡道機械,19.82,0,,RPVTMLQKJHIFFBB28CB
北屯區,房地(土地+建物)+車位,台中市北屯區松竹路二段346巷3號六樓之2,18.27,住,,,1010711,土地1建物1車位1,六層,12,住宅大樓(11層含以上有電梯),住家用,鋼筋混凝土造,,113.99,2,1,1,有,無,5180000,45443,坡道機械,20.37,0,,RPWTMLQKJHIFFBB38CB
北屯區,房地(土地+建物)+車位,台中市北屯區松竹路二段346巷3號七樓之2,18.27,住,,,1010726,土地1建物1車位1,七層,12,住宅大樓(11層含以上有電梯),住家用,鋼筋混凝土造,,122.11,2,1,1,有,無,5590000,45778,坡道平面,28.49,0,,RPXTMLQKJHIFFBB48CB
北屯區,房地(土地+建物)+車位,台中市北屯區松竹路二段346巷3號八樓之2,18.27,住,,,1010801,土地1建物1車位1,八層,12,住宅大樓(11層含以上有電梯),住家用,鋼筋混凝土造,,113.44,2,1,1,有,無,5250000,46280,坡道機械,19.82,0,,RPQUMLQKJHIFFBB87CB
北屯區,房地(土地+建物)+車位,台中市北屯區松竹路二段346巷3號九樓之2,18.27,住,,,1010907,土地1建物1車位1,九層,12,住宅大樓(11層含以上有電梯),住家用,鋼筋混凝土造,,122.11,2,1,1,有,無,5600000,45860,坡道平面,28.49,0,,RPRUMLQKJHIFFBB97CB
北屯區,房地(土地+建物)+車位,台中市北屯區松竹路二段346巷3號十一樓之2,18.27,住,,,1010712,土地1建物1車位1,十一層,12,住宅大樓(11層含以上有電梯),住家用,鋼筋混凝土造,,113.99,2,1,1,有,無,5240000,45969,坡道機械,20.37,0,,RPSUMLQKJHIFFBB08CB
北屯區,房地(土地+建物)+車位,台中市北屯區松竹路二段346巷3號十樓之2,18.27,住,,,1010711,土地1建物1車位1,十層,12,住宅大樓(11層含以上有電梯),住家用,鋼筋混凝土造,,113.99,2,1,1,有,無,5270000,46232,坡道機械,20.37,0,,RPTUMLQKJHIFFBB18CB
北屯區,房地(土地+建物)+車位,台中市北屯區松竹路二段346巷3號十二樓之2,18.27,住,,,1010718,土地1建物1車位1,十二層,12,住宅大樓(11層含以上有電梯),住家用,鋼筋混凝土造,,113.99,2,1,1,有,無,5340000,46846,坡道機械,20.37,0,,RPUUMLQKJHIFFBB28CB
北屯區,房地(土地+建物)+車位,台中市北屯區松竹路二段346巷3號五樓之3,17.85,住,,,1010722,土地1建物1車位1,五層,12,住宅大樓(11層含以上有電梯),住家用,鋼筋混凝土造,,110.32,2,1,1,有,無,5000000,45323,坡道機械,19.82,0,,RPWUMLQKJHIFFBB48CB
北屯區,房地(土地+建物)+車位,台中市北屯區松竹路二段346巷3號六樓之3,17.85,住,,,1010717,土地1建物1車位1,六層,12,住宅大樓(11層含以上有電梯),住家用,鋼筋混凝土造,,110.87,2,1,1,有,無,4980000,44917,坡道機械,20.37,0,,RPXUMLQKJHIFFBB58CB
北屯區,房地(土地+建物)+車位,台中市北屯區松竹路二段346巷3號七樓之3,17.85,住,,,1010726,土地1建物1車位1,七層,12,住宅大樓(11層含以上有電梯),住家用,鋼筋混凝土造,,110.87,2,1,1,有,無,5000000,45098,坡道機械,20.37,0,,RPPVMLQKJHIFFBB87CB
北屯區,房地(土地+建物)+車位,台中市北屯區松竹路二段346巷3號八樓之3,17.85,住,,,1011011,土地1建物1車位1,八層,12,住宅大樓(11層含以上有電梯),住家用,鋼筋混凝土造,,110.87,2,1,1,有,無,4980000,44917,坡道機械,20.37,0,,RPQVMLQKJHIFFBB97CB
北屯區,房地(土地+建物)+車位,台中市北屯區松竹路二段346巷3號九樓之3,18.06,住,,,1010726,土地1建物1車位2,九層,12,住宅大樓(11層含以上有電梯),住家用,鋼筋混凝土造,,131.24,2,1,1,有,無,5480000,41756,坡道機械,40.74,0,,RPRVMLQKJHIFFBB08CB
北屯區,房地(土地+建物)+車位,台中市北屯區松竹路二段346巷3號十樓之3,17.85,住,,,1011003,土地1建物1車位1,十層,12,住宅大樓(11層含以上有電梯),住家用,鋼筋混凝土造,,110.87,2,1,1,有,無,5000000,45098,坡道機械,20.37,0,,RPVVMLQKJHIFFBB48CB
北屯區,房地(土地+建物)+車位,台中市北屯區松竹路二段346巷3號十一樓之3,17.85,住,,,1010711,土地1建物1車位1,十一層,12,住宅大樓(11層含以上有電梯),住家用,鋼筋混凝土造,,110.87,2,1,1,有,無,5180000,46721,坡道機械,20.37,0,,RPWVMLQKJHIFFBB58CB
北屯區,房地(土地+建物)+車位,台中市北屯區松竹路二段350號十二樓之2,34.86,住,,,1011010,土地1建物1車位4,十二層,12,住宅大樓(11層含以上有電梯),住家用,鋼筋混凝土造,,269.63,4,2,2,有,無,10550000,39128,坡道平面,97.72,0,親友、員工或其他特殊關係間之交易。,RPUWMLQKJHIFFBB48CB
北屯區,房地(土地+建物)+車位,台中市北屯區松竹路二段346巷1號八樓之1,27.3,住,,,1011012,土地1建物1車位1,八層,12,住宅大樓(11層含以上有電梯),住家用,鋼筋混凝土造,,172.84,3,2,2,有,無,7150000,41368,坡道平面,28.49,0,親友、員工或其他特殊關係間之交易。,RPVWMLQKJHIFFBB58CB
北屯區,房地(土地+建物)+車位,台中市北屯區松竹路二段346巷3號六樓之1,24.99,住,,,1010909,土地1建物1車位1,六層,12,住宅大樓(11層含以上有電梯),住家用,鋼筋混凝土造,,159.87,3,2,2,有,無,7320000,45787,坡道平面,28.49,0,,RPPNMLRKJHIFFBB17CB
北屯區,房地(土地+建物)+車位,台中市北屯區松竹路二段346巷1號九樓之1,27.3,住,,,1011012,土地1建物1車位1,九層,12,住宅大樓(11層含以上有電梯),住家用,鋼筋混凝土造,,172.84,3,2,2,有,無,7590000,43913,坡道平面,28.49,0,親友、員工或其他特殊關係間之交易。,RPRNMLRKJHIFFBB37CB
北屯區,房地(土地+建物)+車位,台中市北屯區松竹路二段346巷1號十一樓之1,27.3,住,,,1011012,土地1建物1車位1,十一層,12,住宅大樓(11層含以上有電梯),住家用,鋼筋混凝土造,,172.84,3,2,2,有,無,7190000,41599,坡道平面,28.49,0,親友、員工或其他特殊關係間之交易。,RPSNMLRKJHIFFBB47CB
北屯區,房地(土地+建物)+車位,台中市北屯區松竹路二段346巷3號九樓之1,24.99,住,,,1010814,土地1建物1車位1,九層,12,住宅大樓(11層含以上有電梯),住家用,鋼筋混凝土造,,151.75,3,2,2,有,無,7000000,46129,坡道機械,20.37,0,,RPTNMLRKJHIFFBB57CB
北屯區,房地(土地+建物)+車位,台中市北屯區松竹路二段346巷3號三樓之3,17.85,住,,,1010810,土地1建物1車位1,三層,12,住宅大樓(11層含以上有電梯),住家用,鋼筋混凝土造,,110.87,2,1,1,有,無,5100000,46000,坡道機械,20.37,0,,RPUNMLRKJHIFFBB67CB
北屯區,房地(土地+建物)+車位,台中市北屯區松竹路二段346巷3號十二樓之3,17.85,住,,,1010831,土地1建物1車位1,十二層,12,住宅大樓(11層含以上有電梯),住家用,鋼筋混凝土造,,110.87,2,1,1,有,無,5050000,45549,坡道機械,20.37,0,,RPVNMLRKJHIFFBB77CB
北屯區,房地(土地+建物)+車位,台中市北屯區松竹路二段346巷3號四樓之3,17.85,住,,,1010823,土地1建物1車位1,四層,12,住宅大樓(11層含以上有電梯),住家用,鋼筋混凝土造,,110.32,2,1,1,有,無,4930000,44688,坡道機械,19.82,0,,RPWNMLRKJHIFFBB87CB
北屯區,房地(土地+建物)+車位,台中市北屯區松竹路二段358號,24.15,住,,,1010711,土地1建物1車位2,見其他登記事項,12,住宅大樓(11層含以上有電梯),見其他登記事項,鋼筋混凝土造,,142.9,0,0,0,無,無,10670000,74668,坡道機械,40.74,0,交易層次為一樓店鋪+夾層主要用途為店鋪辦公室使用,RPRPMLRKJHIFFBB57CB
北屯區,房地(土地+建物)+車位,台中市北屯區松竹路二段356號,23.52,住,,,1010725,土地1建物1車位2,見其他登記事項,12,住宅大樓(11層含以上有電梯),見其他登記事項,鋼筋混凝土造,,141.65,0,0,0,無,無,10560000,74550,坡道機械,40.74,0,交易層次為一樓店鋪+夾層主要用途為店鋪辦公室使用,RPSPMLRKJHIFFBB67CB
北屯區,房地(土地+建物)+車位,台中市北屯區松竹路二段352號,23.31,住,,,1011025,土地1建物1車位1,見其他登記事項,12,住宅大樓(11層含以上有電梯),見其他登記事項,鋼筋混凝土造,,129.4,0,0,0,無,無,12400000,95827,坡道平面,28.49,0,交易層次為一樓店鋪+夾層主要用途為店鋪辦公室使用,RPTPMLRKJHIFFBB77CB
北屯區,房地(土地+建物)+車位,台中市北屯區松竹路二段346巷3號三樓之1,25.2,住,,,1010810,土地1建物1車位2,三層,12,住宅大樓(11層含以上有電梯),住家用,鋼筋混凝土造,,171.02,3,2,2,有,無,7350000,42977,坡道機械,39.64,0,,RPVPMLRKJHIFFBB97CB
北屯區,房地(土地+建物)+車位,台中市北屯區松竹路二段350號,23.31,住,,,1011025,土地1建物1車位1,見其他登記事項,12,住宅大樓(11層含以上有電梯),見其他登記事項,鋼筋混凝土造,,129.4,0,0,0,無,無,12400000,95827,坡道平面,28.49,0,交易層次為一樓店鋪+夾層主要用途為店鋪辦公室使用,RPXPMLRKJHIFFBB18CB
北屯區,房地(土地+建物)+車位,台中市北屯區松竹路二段350號二樓之1,34.23,住,,,1011013,土地1建物1車位1,二層,12,住宅大樓(11層含以上有電梯),住家用,鋼筋混凝土造,,199.91,4,2,2,有,無,10420000,52123,坡道平面,28.49,0,售價包含裝潢或家電。,RPSNMLLLJHIFFBB96CB
北屯區,房地(土地+建物)+車位,台中市北屯區松竹路二段350號九樓之1,34.44,住,,,1010925,土地1建物1車位2,九層,12,住宅大樓(11層含以上有電梯),住家用,鋼筋混凝土造,,228.4,4,2,2,有,無,11350000,49694,坡道平面,56.98,0,售價包含裝潢或家電。,RPTNMLLLJHIFFBB07CB
北屯區,房地(土地+建物)+車位,台中市北屯區松竹路二段346巷1號五樓之1,27.51,住,,,1010807,土地1建物1車位2,五層,12,住宅大樓(11層含以上有電梯),住家用,鋼筋混凝土造,,185.09,3,2,2,有,無,8860000,47869,坡道機械,40.74,0,售價包含裝潢或家電。,RPUNMLLLJHIFFBB17CB
北屯區,房地(土地+建物)+車位,台中市北屯區松竹路二段346巷3號二樓之1,24.99,住,,,1010907,土地1建物1車位1,二層,12,住宅大樓(11層含以上有電梯),住家用,鋼筋混凝土造,,157.81,3,2,2,有,無,7800000,49427,坡道平面,26.43,0,售價包含裝潢或家電。,RPXNMLLLJHIFFBB47CB
北屯區,房地(土地+建物)+車位,台中市北屯區松竹路二段346巷3號二樓之3,17.85,住,,,1010801,土地1建物1車位1,二層,12,住宅大樓(11層含以上有電梯),住家用,鋼筋混凝土造,,110.32,2,1,1,有,無,5500000,49855,坡道機械,19.82,0,售價包含裝潢或家電。,RPOOMLLLJHIFFBB66CB
南區,房地(土地+建物)+車位,台中市南區下橋子頭段280地號,16.84,住,工業區,,1010626,土地1建物1車位1,二層,15,住宅大樓(11層含以上有電梯),住家用,鋼筋混凝土造,,152.76,3,2,2,有,無,7000000,45824,坡道平面,0.0,850000,,RPPNMLSLJHIFFAB27CB
南區,房地(土地+建物)+車位,台中市南區下橋子頭段280地號,16.84,住,工業區,,1010703,土地1建物1車位2,二層,15,住宅大樓(11層含以上有電梯),住家用,鋼筋混凝土造,,174.71,3,2,2,有,無,7560000,43272,坡道平面,0.0,1900000,,RPRNMLSLJHIFFAB47CB
南區,房地(土地+建物)+車位,台中市南區下橋子頭段280地號,16.5,住,工業區,,1010622,土地1建物1車位7,二層,15,住宅大樓(11層含以上有電梯),住家用,鋼筋混凝土造,,310.88,3,2,2,有,無,9930000,31942,坡道平面,0.0,6750000,,RPSNMLSLJHIFFAB57CB
南區,房地(土地+建物)+車位,台中市南區下橋子頭段280地號,16.84,住,工業區,,1010703,土地1建物1車位1,二層,15,住宅大樓(11層含以上有電梯),住家用,鋼筋混凝土造,,153.06,3,2,2,有,無,6580000,42990,坡道平面,0.0,950000,,RPTNMLSLJHIFFAB67CB
南區,房地(土地+建物)+車位,台中市南區下橋子頭段280地號,16.97,住,工業區,,1010804,土地1建物1車位1,二層,15,住宅大樓(11層含以上有電梯),住家用,鋼筋混凝土造,,153.19,3,2,2,有,無,7500000,48959,坡道平面,0.0,950000,,RPUNMLSLJHIFFAB77CB
南區,房地(土地+建物)+車位,台中市南區下橋子頭段280地號,17.99,住,工業區,,1010820,土地1建物1車位1,二層,15,住宅大樓(11層含以上有電梯),住家用,鋼筋混凝土造,,159.74,3,2,2,有,無,7500000,46951,坡道平面,0.0,950000,,RPVNMLSLJHIFFAB87CB
南區,房地(土地+建物)+車位,台中市南區下橋子頭段280地號,22.17,住,工業區,,1010726,土地1建物1車位2,二層,15,住宅大樓(11層含以上有電梯),住家用,鋼筋混凝土造,,225.65,4,2,2,有,無,8600000,38112,坡道平面,0.0,2100000,,RPWNMLSLJHIFFAB97CB
南區,房地(土地+建物)+車位,台中市南區下橋子頭段280地號,22.29,住,工業區,,1010813,土地1建物1車位2,二層,15,住宅大樓(11層含以上有電梯),住家用,鋼筋混凝土造,,227.44,4,2,2,有,無,10000000,43968,坡道平面,0.0,1900000,,RPXNMLSLJHIFFAB08CB
南區,房地(土地+建物)+車位,台中市南區下橋子頭段280地號,17.99,住,工業區,,1010722,土地1建物1車位1,二層,15,住宅大樓(11層含以上有電梯),住家用,鋼筋混凝土造,,163.44,3,2,2,有,無,5620000,34386,坡道平面,0.0,950000,,RPOOMLSLJHIFFAB27CB
南區,房地(土地+建物)+車位,台中市南區下橋子頭段280地號,22.36,住,工業區,,1010629,土地1建物1車位1,二層,15,住宅大樓(11層含以上有電梯),住家用,鋼筋混凝土造,,199.7,4,2,2,有,無,8250000,41312,坡道平面,0.0,850000,,RPPOMLSLJHIFFAB37CB
南區,房地(土地+建物)+車位,台中市南區下橋子頭段280地號,22.31,住,工業區,,1010814,土地1建物1車位1,二層,15,住宅大樓(11層含以上有電梯),住家用,鋼筋混凝土造,,195.27,4,2,2,有,無,7850000,40201,坡道平面,0.0,750000,,RPQOMLSLJHIFFAB47CB
南區,房地(土地+建物)+車位,台中市南區下橋子頭段280地號,17.03,住,工業區,,1010618,土地1建物1車位1,二層,15,住宅大樓(11層含以上有電梯),住家用,鋼筋混凝土造,,154.91,3,2,2,有,無,5380000,34730,坡道平面,0.0,750000,,RPROMLSLJHIFFAB57CB
南區,房地(土地+建物)+車位,台中市南區下橋子頭段280地號,16.97,住,工業區,,1010701,土地1建物1車位1,三層,15,住宅大樓(11層含以上有電梯),住家用,鋼筋混凝土造,,155.34,3,2,2,有,無,6800000,43775,坡道平面,0.0,950000,,RPUOMLSLJHIFFAB87CB
南區,房地(土地+建物)+車位,台中市南區下橋子頭段280地號,16.84,住,工業區,,1010630,土地1建物1車位1,三層,15,住宅大樓(11層含以上有電梯),住家用,鋼筋混凝土造,,156.0,3,2,2,有,無,5890000,37756,坡道平面,0.0,850000,,RPVOMLSLJHIFFAB97CB
南區,房地(土地+建物)+車位,台中市南區下橋子頭段280地號,16.5,住,工業區,,1010618,土地1建物1車位2,三層,15,住宅大樓(11層含以上有電梯),住家用,鋼筋混凝土造,,173.69,3,2,2,有,無,6030000,34717,坡道平面,0.0,1700000,,RPWOMLSLJHIFFAB08CB
南區,房地(土地+建物)+車位,台中市南區下橋子頭段280地號,16.84,住,工業區,,1010625,土地1建物1車位1,三層,15,住宅大樓(11層含以上有電梯),住家用,鋼筋混凝土造,,155.83,3,2,2,有,無,6200000,39787,坡道平面,0.0,850000,,RPXOMLSLJHIFFAB18CB
南區,房地(土地+建物)+車位,台中市南區下橋子頭段280地號,16.97,住,工業區,,1010707,土地1建物1車位1,三層,15,住宅大樓(11層含以上有電梯),住家用,鋼筋混凝土造,,154.61,3,2,2,有,無,6470000,41847,坡道平面,0.0,750000,,RPOPMLSLJHIFFAB37CB
南區,房地(土地+建物)+車位,台中市南區下橋子頭段280地號,17.89,住,工業區,,1010728,土地1建物1車位1,三層,15,住宅大樓(11層含以上有電梯),住家用,鋼筋混凝土造,,162.98,3,2,2,有,無,5690000,34912,坡道平面,0.0,950000,,RPPPMLSLJHIFFAB47CB
南區,房地(土地+建物)+車位,台中市南區下橋子頭段280地號,22.17,住,工業區,,1010716,土地1建物1車位2,三層,15,住宅大樓(11層含以上有電梯),住家用,鋼筋混凝土造,,220.13,4,2,2,有,無,9220000,41884,坡道平面,0.0,1700000,,RPQPMLSLJHIFFAB57CB
南區,房地(土地+建物)+車位,台中市南區下橋子頭段280地號,22.29,住,工業區,,1010616,土地1建物1車位1,三層,15,住宅大樓(11層含以上有電梯),住家用,鋼筋混凝土造,,199.34,4,2,2,有,無,8270000,41487,坡道平面,0.0,850000,,RPRPMLSLJHIFFAB67CB
南區,房地(土地+建物)+車位,台中市南區下橋子頭段280地號,17.99,住,工業區,,1010706,土地1建物1車位1,三層,15,住宅大樓(11層含以上有電梯),住家用,鋼筋混凝土造,,163.44,3,2,2,有,無,6170000,37751,坡道平面,0.0,850000,,RPSPMLSLJHIFFAB77CB
南區,房地(土地+建物)+車位,台中市南區下橋子頭段280地號,16.99,住,工業區,,1010626,土地1建物1車位1,三層,15,住宅大樓(11層含以上有電梯),住家用,鋼筋混凝土造,,158.05,3,2,2,有,無,5870000,37140,坡道平面,0.0,850000,,RPUPMLSLJHIFFAB97CB
南區,房地(土地+建物)+車位,台中市南區下橋子頭段280地號,22.31,住,工業區,,1010722,土地1建物1車位2,三層,15,住宅大樓(11層含以上有電梯),住家用,鋼筋混凝土造,,221.02,3,2,2,有,無,8750000,39589,坡道平面,0.0,1900000,,RPVPMLSLJHIFFAB08CB
南區,房地(土地+建物)+車位,台中市南區下橋子頭段280地號,22.31,住,工業區,,1010627,土地1建物1車位1,三層,15,住宅大樓(11層含以上有電梯),住家用,鋼筋混凝土造,,199.54,4,2,2,有,無,7700000,38589,坡道平面,0.0,850000,,RPWPMLSLJHIFFAB18CB
南區,房地(土地+建物)+車位,台中市南區下橋子頭段280地號,17.03,住,工業區,,1010626,土地1建物1車位1,三層,15,住宅大樓(11層含以上有電梯),住家用,鋼筋混凝土造,,158.21,3,2,2,有,無,5600000,35396,坡道平面,0.0,850000,,RPOQMLSLJHIFFAB47CB
南區,房地(土地+建物)+車位,台中市南區下橋子頭段280地號,16.97,住,工業區,,1010623,土地1建物1車位1,四層,15,住宅大樓(11層含以上有電梯),住家用,鋼筋混凝土造,,158.64,3,2,2,有,無,6600000,41604,坡道平面,0.0,850000,,RPPQMLSLJHIFFAB57CB
南區,房地(土地+建物)+車位,台中市南區下橋子頭段280地號,16.84,住,工業區,,1010626,土地1建物1車位1,四層,15,住宅大樓(11層含以上有電梯),住家用,鋼筋混凝土造,,156.0,3,2,2,有,無,6100000,39103,坡道平面,0.0,850000,,RPQQMLSLJHIFFAB67CB
南區,房地(土地+建物)+車位,台中市南區下橋子頭段280地號,16.5,住,工業區,,1010619,土地1建物1車位1,四層,15,住宅大樓(11層含以上有電梯),住家用,鋼筋混凝土造,,148.89,3,2,2,有,無,5630000,37813,坡道平面,0.0,750000,,RPRQMLSLJHIFFAB77CB
南區,房地(土地+建物)+車位,台中市南區下橋子頭段280地號,16.97,住,工業區,,1010619,土地1建物1車位1,四層,15,住宅大樓(11層含以上有電梯),住家用,鋼筋混凝土造,,157.92,3,2,2,有,無,6420000,40653,坡道平面,0.0,850000,,RPTQMLSLJHIFFAB97CB
南區,房地(土地+建物)+車位,台中市南區下橋子頭段280地號,17.89,住,工業區,,1010623,土地1建物1車位1,四層,15,住宅大樓(11層含以上有電梯),住家用,鋼筋混凝土造,,162.98,3,2,2,有,無,6610000,40557,坡道平面,0.0,850000,,RPUQMLSLJHIFFAB08CB
南區,房地(土地+建物)+車位,台中市南區下橋子頭段280地號,22.17,住,工業區,,1010701,土地1建物1車位1,四層,15,住宅大樓(11層含以上有電梯),住家用,鋼筋混凝土造,,198.64,4,2,2,有,無,8920000,44905,坡道平面,0.0,950000,,RPVQMLSLJHIFFAB18CB
南區,房地(土地+建物)+車位,台中市南區下橋子頭段280地號,22.29,住,工業區,,1010715,土地1建物1車位2,四層,15,住宅大樓(11層含以上有電梯),住家用,鋼筋混凝土造,,227.44,4,2,2,有,無,9600000,42209,坡道平面,0.0,210000,,RPXQMLSLJHIFFAB38CB
南區,房地(土地+建物)+車位,台中市南區下橋子頭段280地號,16.99,住,工業區,,1010707,土地1建物1車位1,四層,15,住宅大樓(11層含以上有電梯),住家用,鋼筋混凝土造,,158.05,3,2,2,有,無,5720000,36191,坡道平面,0.0,850000,,RPQRMLSLJHIFFAB77CB
南區,房地(土地+建物)+車位,台中市東區下橋子頭段280地號,22.31,住,工業區,,1010701,土地1建物1車位1,四層,15,住宅大樓(11層含以上有電梯),住家用,鋼筋混凝土造,,199.54,4,2,2,有,無,7930000,39741,坡道平面,0.0,850000,,RPRRMLSLJHIFFAB87CB
南區,房地(土地+建物)+車位,台中市南區下橋子頭段280地號,22.31,住,工業區,,1010625,土地1建物1車位1,四層,15,住宅大樓(11層含以上有電梯),住家用,鋼筋混凝土造,,199.54,4,2,2,有,無,7900000,39591,坡道平面,0.0,950000,,RPTRMLSLJHIFFAB08CB
南區,房地(土地+建物)+車位,台中市南區下橋子頭段280地號,17.03,住,工業區,,1010702,土地1建物1車位1,四層,15,住宅大樓(11層含以上有電梯),住家用,鋼筋混凝土造,,158.21,3,2,2,有,無,6030000,38114,坡道平面,0.0,850000,,RPVRMLSLJHIFFAB28CB
南區,房地(土地+建物)+車位,台中市南區下橋子頭段280地號,16.84,住,工業區,,1010702,土地1建物1車位1,五層,15,住宅大樓(11層含以上有電梯),住家用,鋼筋混凝土造,,158.64,3,2,2,有,無,6430000,40532,坡道平面,0.0,850000,,RPXRMLSLJHIFFAB48CB
南區,房地(土地+建物)+車位,台中市南區下橋子頭段280地號,16.84,住,工業區,,1010627,土地1建物1車位1,五層,15,住宅大樓(11層含以上有電梯),住家用,鋼筋混凝土造,,156.0,3,2,2,有,無,6150000,39423,坡道平面,0.0,850000,,RPOSMLSLJHIFFAB67CB
南區,房地(土地+建物)+車位,台中市南區下橋子頭段280地號,16.97,住,工業區,,1010715,土地1建物1車位1,五層,15,住宅大樓(11層含以上有電梯),住家用,鋼筋混凝土造,,157.92,3,2,2,有,無,6750000,42743,坡道平面,0.0,950000,,RPUUMLSLJHIFFAB48CB
南區,房地(土地+建物)+車位,台中市南區下橋子頭段280地號,17.89,住,工業區,,1010629,土地1建物1車位1,五層,15,住宅大樓(11層含以上有電梯),住家用,鋼筋混凝土造,,162.98,3,2,2,有,無,6500000,39882,坡道平面,0.0,850000,,RPVUMLSLJHIFFAB58CB
南區,房地(土地+建物)+車位,台中市南區下橋子頭段280地號,22.17,住,工業區,,1010720,土地1建物1車位1,五層,15,住宅大樓(11層含以上有電梯),住家用,鋼筋混凝土造,,198.64,4,2,2,有,無,9180000,46214,坡道平面,0.0,950000,,RPWUMLSLJHIFFAB68CB
南區,房地(土地+建物)+車位,台中市南區下橋子頭段280地號,22.29,住,工業區,,1010726,土地1建物1車位1,五層,15,住宅大樓(11層含以上有電梯),住家用,鋼筋混凝土造,,199.34,4,2,2,有,無,9300000,46654,坡道平面,0.0,950000,,RPXUMLSLJHIFFAB78CB
南區,房地(土地+建物)+車位,台中市南區下橋子頭段280地號,17.99,住,工業區,,1010625,土地1建物1車位1,五層,15,住宅大樓(11層含以上有電梯),住家用,鋼筋混凝土造,,160.13,3,2,2,有,無,6230000,38906,坡道平面,0.0,850000,,RPOVMLSLJHIFFAB97CB
南區,房地(土地+建物)+車位,台中市南區下橋子頭段280地號,16.99,住,工業區,,1010705,土地1建物1車位1,五層,15,住宅大樓(11層含以上有電梯),住家用,鋼筋混凝土造,,158.05,3,2,2,有,無,5870000,37140,坡道平面,0.0,850000,,RPQVMLSLJHIFFAB18CB
南區,房地(土地+建物)+車位,台中市南區下橋子頭段280地號,22.31,住,工業區,,1010623,土地1建物1車位1,五層,15,住宅大樓(11層含以上有電梯),住家用,,,199.54,4,2,2,有,無,8230000,41245,坡道平面,0.0,950000,,RPRVMLSLJHIFFAB28CB
南區,房地(土地+建物)+車位,台中市南區下橋子頭段280地號,22.31,住,工業區,,1010624,土地1建物1車位1,五層,15,住宅大樓(11層含以上有電梯),住家用,鋼筋混凝土造,,199.54,4,2,2,有,無,8050000,40343,坡道平面,0.0,1050000,,RPSVMLSLJHIFFAB38CB
南區,房地(土地+建物)+車位,台中市南區下橋子頭段280地號,17.03,住,工業區,,1010702,土地1建物1車位1,五層,15,住宅大樓(11層含以上有電梯),住家用,鋼筋混凝土造,,154.91,3,2,2,有,無,5770000,37247,坡道平面,0.0,850000,,RPTVMLSLJHIFFAB48CB
南區,房地(土地+建物)+車位,台中市南區下橋子頭段280地號,16.97,住,工業區,,1010622,土地1建物1車位1,六層,15,住宅大樓(11層含以上有電梯),住家用,鋼筋混凝土造,,186.74,3,2,2,有,無,7150000,38289,坡道平面,0.0,1800000,,RPUVMLSLJHIFFAB58CB
南區,房地(土地+建物)+車位,台中市南區下橋子頭段280地號,16.84,住,工業區,,1010624,土地1建物1車位1,六層,15,住宅大樓(11層含以上有電梯),住家用,鋼筋混凝土造,,156.0,3,2,2,有,無,6270000,40192,坡道平面,0.0,850000,,RPVVMLSLJHIFFAB68CB
南區,房地(土地+建物)+車位,台中市南區下橋子頭段280地號,16.5,住,工業區,,1010627,土地1建物1車位1,六層,15,住宅大樓(11層含以上有電梯),住家用,鋼筋混凝土造,,148.89,3,2,2,有,無,5720000,38418,坡道平面,0.0,850000,,RPWVMLSLJHIFFAB78CB
南區,房地(土地+建物)+車位,台中市南區下橋子頭段280地號,16.84,住,工業區,,1010710,土地1建物1車位1,六層,15,住宅大樓(11層含以上有電梯),住家用,鋼筋混凝土造,,155.83,3,2,2,有,無,6200000,39787,坡道平面,0.0,1050000,,RPXVMLSLJHIFFAB88CB
南區,房地(土地+建物)+車位,台中市南區下橋子頭段280地號,16.97,住,工業區,,1010622,土地1建物1車位1,六層,15,住宅大樓(11層含以上有電梯),住家用,鋼筋混凝土造,,157.92,3,2,2,有,無,6540000,41413,坡道平面,0.0,950000,,RPOWMLSLJHIFFAB08CB
南區,房地(土地+建物)+車位,台中市南區下橋子頭段280地號,17.89,住,工業區,,1010623,土地1建物1車位1,六層,15,住宅大樓(11層含以上有電梯),住家用,鋼筋混凝土造,,159.67,3,2,2,有,無,6560000,41085,坡道平面,0.0,850000,,RPPWMLSLJHIFFAB18CB
南區,房地(土地+建物)+車位,台中市南區下橋子頭段280地號,22.17,住,工業區,,1010707,土地1建物1車位2,七層,15,住宅大樓(11層含以上有電梯),住家用,鋼筋混凝土造,,226.74,4,2,2,有,無,9960000,43927,坡道平面,0.0,1700000,,RPQWMLSLJHIFFAB28CB
南區,房地(土地+建物)+車位,台中市南區下橋子頭段280地號,22.19,住,工業區,,1010707,土地1建物1車位1,六層,15,住宅大樓(11層含以上有電梯),住家用,鋼筋混凝土造,,199.34,4,2,2,有,無,9040000,45350,坡道平面,0.0,850000,,RPSWMLSLJHIFFAB48CB
南區,房地(土地+建物)+車位,台中市南區下橋子頭段280地號,17.99,住,工業區,,1010625,土地1建物1車位1,六層,15,住宅大樓(11層含以上有電梯),住家用,鋼筋混凝土造,,163.44,3,2,2,有,無,6530000,39953,坡道平面,0.0,850000,,RPTWMLSLJHIFFAB58CB
南區,房地(土地+建物)+車位,台中市南區下橋子頭段280地號,16.99,住,工業區,,1010628,土地1建物1車位1,六層,15,住宅大樓(11層含以上有電梯),住家用,鋼筋混凝土造,,158.05,3,2,2,有,無,6100000,38595,坡道平面,0.0,850000,,RPUWMLSLJHIFFAB68CB
南區,房地(土地+建物)+車位,台中市南區下橋子頭段280地號,22.31,住,工業區,,1010624,土地1建物1車位1,六層,15,住宅大樓(11層含以上有電梯),住家用,鋼筋混凝土造,,199.54,4,2,2,有,無,8150000,40844,坡道平面,0.0,1050000,,RPWWMLSLJHIFFAB88CB
南區,房地(土地+建物)+車位,台中市南區下橋子頭段280地號,17.03,住,工業區,,1010723,土地1建物1車位1,六層,15,住宅大樓(11層含以上有電梯),住家用,鋼筋混凝土造,,158.21,3,2,2,有,無,5460000,34511,坡道平面,0.0,1050000,,RPXWMLSLJHIFFAB98CB
南區,房地(土地+建物)+車位,台中市南區下橋子頭段280地號,16.97,住,工業區,,1010710,土地1建物1車位1,七層,15,住宅大樓(11層含以上有電梯),住家用,鋼筋混凝土造,,158.64,3,2,2,有,無,6390000,40280,坡道平面,0.0,850000,,RPPNMLTLJHIFFAB37CB
南區,房地(土地+建物)+車位,台中市南區下橋子頭段280地號,16.84,住,工業區,,1010627,土地1建物1車位1,七層,15,住宅大樓(11層含以上有電梯),住家用,鋼筋混凝土造,,156.0,3,2,2,有,無,6300000,40385,坡道平面,0.0,850000,,RPQNMLTLJHIFFAB47CB
南區,房地(土地+建物)+車位,台中市南區下橋子頭段280地號,16.5,住,工業區,,1010618,土地1建物1車位1,七層,15,住宅大樓(11層含以上有電梯),住家用,鋼筋混凝土造,,148.89,3,2,2,有,無,5680000,38149,坡道平面,0.0,750000,,RPRNMLTLJHIFFAB57CB
南區,房地(土地+建物)+車位,台中市南區下橋子頭段280地號,16.84,住,工業區,,1010627,土地1建物1車位1,七層,15,住宅大樓(11層含以上有電梯),住家用,鋼筋混凝土造,,155.83,3,2,2,有,無,6520000,41840,坡道平面,0.0,850000,,RPSNMLTLJHIFFAB67CB
南區,房地(土地+建物)+車位,台中市南區下橋子頭段280地號,16.97,住,工業區,,1010701,土地1建物1車位1,七層,15,住宅大樓(11層含以上有電梯),住家用,鋼筋混凝土造,,157.92,3,2,2,有,無,6830000,43250,坡道平面,0.0,1050000,,RPTNMLTLJHIFFAB77CB
南區,房地(土地+建物)+車位,台中市南區下橋子頭段280地號,17.89,住,工業區,,1010705,土地1建物1車位1,七層,15,住宅大樓(11層含以上有電梯),住家用,鋼筋混凝土造,,162.98,3,2,2,有,無,6610000,40557,坡道平面,0.0,850000,,RPUNMLTLJHIFFAB87CB
南區,房地(土地+建物)+車位,台中市南區下橋子頭段280地號,22.17,住,工業區,,1010701,土地1建物1車位1,七層,15,住宅大樓(11層含以上有電梯),住家用,鋼筋混凝土造,,198.64,4,2,2,有,無,8860000,44603,坡道平面,0.0,1050000,,RPVNMLTLJHIFFAB97CB
南區,房地(土地+建物)+車位,台中市南區下橋子頭段280地號,22.29,住,工業區,,1010721,土地1建物1車位2,七層,15,住宅大樓(11層含以上有電梯),住家用,鋼筋混凝土造,,227.44,4,2,2,有,無,9510000,41813,坡道平面,0.0,1900000,,RPWNMLTLJHIFFAB08CB
南區,房地(土地+建物)+車位,台中市南區下橋子頭段280地號,17.99,住,工業區,,1010728,土地1建物1車位1,七層,15,住宅大樓(11層含以上有電梯),住家用,鋼筋混凝土造,,163.44,3,2,2,有,無,5920000,36221,坡道平面,0.0,950000,,RPXNMLTLJHIFFAB18CB
南區,房地(土地+建物)+車位,台中市南區下橋子頭段280地號,16.99,住,工業區,,1010701,土地1建物1車位1,七層,15,住宅大樓(11層含以上有電梯),住家用,鋼筋混凝土造,,158.05,3,2,2,有,無,6200000,39228,坡道平面,0.0,850000,,RPOOMLTLJHIFFAB37CB
南區,房地(土地+建物)+車位,台中市南區下橋子頭段280地號,22.31,住,工業區,,1010627,土地1建物1車位2,七層,15,住宅大樓(11層含以上有電梯),住家用,鋼筋混凝土造,,224.33,4,2,2,有,無,9280000,41368,坡道平面,0.0,1800000,,RPPOMLTLJHIFFAB47CB
南區,房地(土地+建物)+車位,台中市南區下橋子頭段280地號,22.31,住,工業區,,1010712,土地1建物1車位2,七層,15,住宅大樓(11層含以上有電梯),住家用,鋼筋混凝土造,,227.64,4,2,2,有,無,8850000,38877,坡道平面,0.0,1700000,,RPQOMLTLJHIFFAB57CB
南區,房地(土地+建物)+車位,台中市南區下橋子頭段280地號,17.03,住,工業區,,1010703,土地1建物1車位1,七層,15,住宅大樓(11層含以上有電梯),住家用,鋼筋混凝土造,,158.21,3,2,2,有,無,6020000,38051,坡道平面,0.0,1050000,,RPROMLTLJHIFFAB67CB
南區,房地(土地+建物)+車位,台中市南區下橋子頭段280地號,16.97,住,工業區,,1010629,土地1建物1車位1,八層,15,住宅大樓(11層含以上有電梯),住家用,鋼筋混凝土造,,158.64,3,2,2,有,無,7000000,44125,坡道平面,0.0,950000,,RPVPMLTLJHIFFAB18CB
南區,房地(土地+建物)+車位,台中市南區下橋子頭段280地號,16.84,住,工業區,,1010702,土地1建物1車位1,八層,15,住宅大樓(11層含以上有電梯),住家用,鋼筋混凝土造,,156.0,3,2,2,有,無,6710000,43013,坡道平面,0.0,950000,,RPWPMLTLJHIFFAB28CB
南區,房地(土地+建物)+車位,台中市南區下橋子頭段280地號,16.5,住,工業區,,1010626,土地1建物1車位1,八層,15,住宅大樓(11層含以上有電梯),住家用,鋼筋混凝土造,,148.89,3,2,2,有,無,5750000,38619,坡道平面,0.0,750000,,RPXPMLTLJHIFFAB38CB
南區,房地(土地+建物)+車位,台中市南區下橋子頭段280地號,16.84,住,工業區,,1010706,土地1建物1車位1,八層,15,住宅大樓(11層含以上有電梯),住家用,鋼筋混凝土造,,155.83,3,2,2,有,無,6300000,40429,坡道平面,0.0,1050000,,RPOQMLTLJHIFFAB57CB
南區,房地(土地+建物)+車位,台中市南區下橋子頭段280地號,16.97,住,工業區,,1010701,土地1建物1車位1,八層,15,住宅大樓(11層含以上有電梯),住家用,鋼筋混凝土造,,154.61,3,2,2,有,無,6500000,42041,坡道平面,0.0,950000,,RPPQMLTLJHIFFAB67CB
南區,房地(土地+建物)+車位,台中市南區下橋子頭段280地號,17.89,住,工業區,,1010722,土地1建物1車位1,八層,15,住宅大樓(11層含以上有電梯),住家用,鋼筋混凝土造,,159.67,3,2,2,有,無,6830000,42776,坡道平面,0.0,950000,,RPRQMLTLJHIFFAB87CB
南區,房地(土地+建物)+車位,台中市南區下橋子頭段280地號,22.17,住,工業區,,1010722,土地1建物1車位1,八層,15,住宅大樓(11層含以上有電梯),住家用,鋼筋混凝土造,,198.64,4,2,2,有,無,9040000,45509,坡道平面,0.0,1050000,,RPSQMLTLJHIFFAB97CB
南區,房地(土地+建物)+車位,台中市南區下橋子頭段280地號,22.29,住,工業區,,1010725,土地1建物1車位1,八層,15,住宅大樓(11層含以上有電梯),住家用,鋼筋混凝土造,,199.34,3,2,2,有,無,8030000,40283,坡道平面,0.0,1050000,,RPTQMLTLJHIFFAB08CB
南區,房地(土地+建物)+車位,台中市南區下橋子頭段280地號,17.99,住,工業區,,1010704,土地1建物1車位1,八層,15,住宅大樓(11層含以上有電梯),住家用,鋼筋混凝土造,,160.13,3,2,2,有,無,6450000,40280,坡道平面,0.0,750000,,RPUQMLTLJHIFFAB18CB
南區,房地(土地+建物)+車位,台中市南區下橋子頭段280地號,16.99,住,工業區,,1010625,土地1建物1車位1,八層,15,住宅大樓(11層含以上有電梯),住家用,鋼筋混凝土造,,154.74,3,2,2,有,無,5970000,38581,坡道平面,0.0,850000,,RPWQMLTLJHIFFAB38CB
南區,房地(土地+建物)+車位,台中市南區下橋子頭段280地號,22.31,住,工業區,,1010630,土地1建物1車位1,八層,15,住宅大樓(11層含以上有電梯),住家用,鋼筋混凝土造,,227.64,4,2,2,有,無,9700000,42611,坡道平面,0.0,2000000,,RPXQMLTLJHIFFAB48CB
南區,房地(土地+建物)+車位,台中市南區下橋子頭段280地號,22.31,住,工業區,,1010620,土地1建物1車位1,八層,15,住宅大樓(11層含以上有電梯),住家用,鋼筋混凝土造,,199.54,4,2,2,有,無,8640000,43300,坡道平面,0.0,1050000,,RPORMLTLJHIFFAB67CB
南區,房地(土地+建物)+車位,台中市南區下橋子頭段280地號,17.03,住,工業區,,1010624,土地1建物1車位1,八層,15,住宅大樓(11層含以上有電梯),住家用,鋼筋混凝土造,,158.21,3,2,2,有,無,6100000,38556,坡道平面,0.0,950000,,RPPRMLTLJHIFFAB77CB
南區,房地(土地+建物)+車位,台中市南區下橋子頭段280地號,16.97,住,工業區,,1010625,土地1建物1車位1,八層,15,住宅大樓(11層含以上有電梯),住家用,鋼筋混凝土造,,158.64,3,2,2,有,無,6560000,41351,坡道平面,0.0,850000,,RPQRMLTLJHIFFAB87CB
南區,房地(土地+建物)+車位,台中市南區下橋子頭段280地號,16.84,住,工業區,,1010623,土地1建物1車位1,八層,15,住宅大樓(11層含以上有電梯),住家用,鋼筋混凝土造,,152.69,3,2,2,有,無,6340000,41522,坡道平面,0.0,850000,,RPRRMLTLJHIFFAB97CB
南區,房地(土地+建物)+車位,台中市南區下橋子頭段280地號,16.84,住,工業區,,1010712,土地1建物1車位1,八層,15,住宅大樓(11層含以上有電梯),住家用,鋼筋混凝土造,,155.83,3,2,2,有,無,6710000,43060,坡道平面,0.0,950000,,RPTRMLTLJHIFFAB18CB
南區,房地(土地+建物)+車位,台中市南區下橋子頭段280地號,16.97,住,工業區,,1010623,土地1建物1車位1,八層,15,住宅大樓(11層含以上有電梯),住家用,鋼筋混凝土造,,157.92,3,2,2,有,無,6760000,42806,坡道平面,0.0,1050000,,RPVRMLTLJHIFFAB38CB
南區,房地(土地+建物)+車位,台中市南區下橋子頭段280地號,17.89,住,工業區,,1010704,土地1建物1車位1,八層,15,住宅大樓(11層含以上有電梯),住家用,鋼筋混凝土造,,162.98,3,2,2,有,無,6990000,42889,坡道平面,0.0,850000,,RPWRMLTLJHIFFAB48CB
南區,房地(土地+建物)+車位,台中市南區下橋子頭段280地號,22.17,住,工業區,,1010703,土地1建物1車位2,九層,15,住宅大樓(11層含以上有電梯),住家用,鋼筋混凝土造,,226.73,4,2,2,有,無,10060000,44370,坡道平面,0.0,1900000,,RPXRMLTLJHIFFAB58CB
南區,房地(土地+建物)+車位,台中市南區下橋子頭段280地號,22.19,住,工業區,,1010726,土地1建物1車位1,九層,15,住宅大樓(11層含以上有電梯),住家用,鋼筋混凝土造,,199.34,4,2,2,有,無,7930000,39781,坡道平面,0.0,950000,,RPOSMLTLJHIFFAB77CB
南區,房地(土地+建物)+車位,台中市南區下橋子頭段280地號,17.99,住,工業區,,1010628,土地1建物1車位1,九層,15,住宅大樓(11層含以上有電梯),工業用,鋼筋混凝土造,,163.44,3,2,2,有,無,7030000,43013,坡道平面,0.0,950000,,RPQSMLTLJHIFFAB97CB
南區,房地(土地+建物)+車位,台中市南區下橋子頭段280地號,16.99,住,工業區,,1010624,土地1建物1車位1,九層,15,住宅大樓(11層含以上有電梯),住家用,鋼筋混凝土造,,158.05,3,2,2,有,無,6100000,38595,坡道平面,0.0,950000,,RPRSMLTLJHIFFAB08CB
南區,房地(土地+建物)+車位,台中市南區下橋子頭段280地號,22.31,住,工業區,,1010725,土地1建物1車位1,九層,15,住宅大樓(11層含以上有電梯),住家用,鋼筋混凝土造,,196.23,4,2,2,有,無,8990000,45814,坡道平面,0.0,950000,,RPTSMLTLJHIFFAB28CB
南區,房地(土地+建物)+車位,台中市南區下橋子頭段280地號,22.31,住,工業區,,1010628,土地1建物1車位1,九層,15,住宅大樓(11層含以上有電梯),住家用,鋼筋混凝土造,,227.64,4,2,2,有,無,9350000,41074,坡道平面,0.0,1900000,,RPUSMLTLJHIFFAB38CB
南區,房地(土地+建物)+車位,台中市南區下橋子頭段280地號,17.03,住,工業區,,1010707,土地1建物1車位1,九層,15,住宅大樓(11層含以上有電梯),住家用,鋼筋混凝土造,,158.21,3,2,2,有,無,6100000,38556,坡道平面,0.0,950000,,RPVSMLTLJHIFFAB48CB
南區,房地(土地+建物)+車位,台中市南區下橋子頭段280地號,16.97,住,工業區,,1010624,土地1建物1車位1,十層,15,住宅大樓(11層含以上有電梯),住家用,鋼筋混凝土造,,158.64,3,2,2,有,無,7010000,44188,坡道平面,0.0,950000,,RPWSMLTLJHIFFAB58CB
南區,房地(土地+建物)+車位,台中市南區下橋子頭段280地號,16.84,住,工業區,,1010624,土地1建物1車位1,十層,15,住宅大樓(11層含以上有電梯),住家用,鋼筋混凝土造,,156.0,3,2,2,有,無,6720000,43077,坡道平面,0.0,950000,,RPXSMLTLJHIFFAB68CB
南區,房地(土地+建物)+車位,台中市南區下橋子頭段280地號,16.5,住,工業區,,1010630,土地1建物1車位1,十層,15,住宅大樓(11層含以上有電梯),住家用,鋼筋混凝土造,,176.99,3,2,2,有,無,6840000,38646,坡道平面,0.0,1800000,,RPOTMLTLJHIFFAB87CB
南區,房地(土地+建物)+車位,台中市南區下橋子頭段280地號,16.84,住,工業區,,1010628,土地1建物1車位1,十層,15,住宅大樓(11層含以上有電梯),住家用,鋼筋混凝土造,,155.83,3,2,2,有,無,6450000,41391,坡道平面,0.0,950000,,RPQTMLTLJHIFFAB08CB
南區,房地(土地+建物)+車位,台中市南區下橋子頭段280地號,16.97,住,工業區,,1010703,土地1建物1車位1,十層,15,住宅大樓(11層含以上有電梯),住家用,鋼筋混凝土造,,157.92,3,2,2,有,無,6690000,42363,坡道平面,0.0,950000,,RPRTMLTLJHIFFAB18CB
南區,房地(土地+建物)+車位,台中市南區下橋子頭段280地號,17.89,住,工業區,,1010626,土地1建物1車位1,十層,15,住宅大樓(11層含以上有電梯),住家用,鋼筋混凝土造,,162.98,3,2,2,有,無,6670000,40925,坡道平面,0.0,950000,,RPVUMLTLJHIFFAB68CB
南區,房地(土地+建物)+車位,台中市南區下橋子頭段280地號,22.17,住,工業區,,1010627,土地1建物1車位1,十層,15,住宅大樓(11層含以上有電梯),住家用,鋼筋混凝土造,,198.04,4,2,2,有,無,8810000,44486,坡道平面,0.0,1050000,,RPWUMLTLJHIFFAB78CB
南區,房地(土地+建物)+車位,台中市南區下橋子頭段280地號,22.29,住,工業區,,1010917,土地1建物1車位2,十層,15,住宅大樓(11層含以上有電梯),住家用,鋼筋混凝土造,,227.44,4,2,2,有,無,8780000,38604,坡道平面,0.0,2100000,,RPPVMLTLJHIFFAB18CB
南區,房地(土地+建物)+車位,台中市南區下橋子頭段280地號,17.99,住,工業區,,1010708,土地1建物1車位1,十層,15,住宅大樓(11層含以上有電梯),住家用,鋼筋混凝土造,,163.44,3,2,2,有,無,6810000,41667,坡道平面,0.0,1050000,,RPUVMLTLJHIFFAB68CB
南區,房地(土地+建物)+車位,台中市南區下橋子頭段280地號,16.99,住,工業區,,1010728,土地1建物1車位1,十層,15,住宅大樓(11層含以上有電梯),住家用,,,158.05,3,2,2,有,無,5530000,34989,坡道平面,0.0,1050000,,RPWVMLTLJHIFFAB88CB
南區,房地(土地+建物)+車位,台中市南區下橋子頭段280地號,22.31,住,工業區,,1010723,土地1建物1車位1,十層,15,住宅大樓(11層含以上有電梯),住家用,鋼筋混凝土造,,199.54,4,2,2,有,無,9000000,45104,坡道平面,0.0,950000,,RPOWMLTLJHIFFAB18CB
南區,房地(土地+建物)+車位,台中市南區下橋子頭段280地號,17.03,住,工業區,,1010630,土地1建物1車位1,十層,15,住宅大樓(11層含以上有電梯),住家用,鋼筋混凝土造,,158.21,3,2,2,有,無,5710000,36091,坡道平面,0.0,850000,,RPRWMLTLJHIFFAB48CB
南區,房地(土地+建物)+車位,台中市南區下橋子頭段280地號,16.97,住,工業區,,1010708,土地1建物1車位1,十一層,15,住宅大樓(11層含以上有電梯),住家用,鋼筋混凝土造,,158.64,3,2,2,有,無,6850000,43180,坡道平面,0.0,850000,,RPTONLTLJHIFFAB97CB
南區,房地(土地+建物)+車位,台中市南區下橋子頭段280地號,16.84,住,工業區,,1010630,土地1建物1車位1,十一層,15,住宅大樓(11層含以上有電梯),住家用,鋼筋混凝土造,,152.69,3,2,2,有,無,6400000,41915,坡道平面,0.0,850000,,RPUONLTLJHIFFAB08CB
南區,房地(土地+建物)+車位,台中市南區下橋子頭段280地號,16.5,住,工業區,,1010628,土地1建物1車位1,十一層,15,住宅大樓(11層含以上有電梯),住家用,鋼筋混凝土造,,152.2,3,2,2,有,無,6160000,40473,坡道平面,0.0,850000,,RPOPNLTLJHIFFAB57CB
南區,房地(土地+建物)+車位,台中市南區下橋子頭段280地號,16.84,住,工業區,,1010723,土地1建物1車位1,十一層,15,住宅大樓(11層含以上有電梯),住家用,鋼筋混凝土造,,155.83,3,2,2,有,無,6470000,41520,坡道平面,0.0,850000,,RPSPNLTLJHIFFAB97CB
南區,房地(土地+建物)+車位,台中市南區下橋子頭段280地號,16.97,住,工業區,,1010629,土地1建物1車位1,十一層,15,住宅大樓(11層含以上有電梯),住家用,鋼筋混凝土造,,157.92,3,2,2,有,無,7020000,44453,坡道平面,0.0,950000,,RPVPNLTLJHIFFAB28CB
南區,房地(土地+建物)+車位,台中市南區下橋子頭段280地號,17.89,住,工業區,,1010701,土地1建物1車位1,十一層,15,住宅大樓(11層含以上有電梯),住家用,鋼筋混凝土造,,162.98,3,2,2,有,無,7110000,43625,坡道平面,0.0,950000,,RPOQNLTLJHIFFAB67CB
南區,房地(土地+建物)+車位,台中市南區下橋子頭段280地號,22.17,住,工業區,,1010729,土地1建物1車位1,十一層,15,住宅大樓(11層含以上有電梯),住家用,鋼筋混凝土造,,226.74,4,2,2,有,無,10260000,45250,坡道平面,0.0,1900000,,RPVQNLTLJHIFFAB38CB
南區,房地(土地+建物)+車位,台中市南區下橋子頭段280地號,22.19,住,工業區,,1011222,土地1建物1車位1,十一層,15,住宅大樓(11層含以上有電梯),住家用,鋼筋混凝土造,,199.34,4,2,2,有,無,7150000,35868,坡道平面,0.0,1050000,,RPRRNLTLJHIFFAB08CB
南區,房地(土地+建物)+車位,台中市南區下橋子頭段280地號,17.99,住,工業區,,1010706,土地1建物1車位1,十一層,15,住宅大樓(11層含以上有電梯),住家用,鋼筋混凝土造,,163.44,3,2,2,有,無,7000000,42829,坡道平面,0.0,1050000,,RPQTNLTLJHIFFAB18CB
南區,房地(土地+建物)+車位,台中市南區下橋子頭段280地號,16.99,住,工業區,,1010630,土地1建物1車位1,十一層,15,住宅大樓(11層含以上有電梯),住家用,鋼筋混凝土造,,158.05,3,2,2,有,無,6050000,38279,坡道平面,0.0,950000,,RPRTNLTLJHIFFAB28CB
南區,房地(土地+建物)+車位,台中市南區下橋子頭段280地號,22.31,住,工業區,,1010722,土地1建物1車位2,十一層,15,住宅大樓(11層含以上有電梯),住家用,鋼筋混凝土造,,227.64,4,2,2,有,無,10010000,43973,坡道平面,0.0,2100000,,RPSTNLTLJHIFFAB38CB
南區,房地(土地+建物)+車位,台中市南區下橋子頭段280地號,22.31,住,工業區,,1010621,土地1建物1車位2,十一層,15,住宅大樓(11層含以上有電梯),住家用,鋼筋混凝土造,,227.64,4,2,2,有,無,9550000,41952,坡道平面,0.0,2100000,,RPTTNLTLJHIFFAB48CB
南區,房地(土地+建物)+車位,台中市南區下橋子頭段280地號,17.03,住,工業區,,1010630,土地1建物1車位1,十一層,15,住宅大樓(11層含以上有電梯),住家用,鋼筋混凝土造,,158.21,3,2,2,有,無,6120000,38683,坡道平面,0.0,1050000,,RPPNMLKMJHIFFAB56CB
南區,房地(土地+建物)+車位,台中市南區下橋子頭段280地號,16.97,住,工業區,,1010621,土地1建物1車位2,十二層,15,住宅大樓(11層含以上有電梯),住家用,鋼筋混凝土造,,186.74,3,2,2,有,無,7800000,41769,坡道平面,0.0,1800000,,RPQNMLKMJHIFFAB66CB
南區,房地(土地+建物)+車位,台中市南區下橋子頭段280地號,16.84,住,工業區,,1010630,土地1建物1車位1,十二層,15,住宅大樓(11層含以上有電梯),住家用,鋼筋混凝土造,,156.0,3,2,2,有,無,6460000,41410,坡道平面,0.0,850000,,RPRNMLKMJHIFFAB76CB
南區,房地(土地+建物)+車位,台中市南區下橋子頭段280地號,16.5,住,工業區,,1010722,土地1建物1車位1,十二層,15,住宅大樓(11層含以上有電梯),住家用,鋼筋混凝土造,,152.2,3,2,2,有,無,5900000,38765,坡道平面,0.0,950000,,RPSNMLKMJHIFFAB86CB
南區,房地(土地+建物)+車位,台中市南區下橋子頭段280地號,16.84,住,工業區,,1010630,土地1建物1車位1,十二層,15,住宅大樓(11層含以上有電梯),住家用,鋼筋混凝土造,,155.83,3,2,2,有,無,6100000,39145,坡道平面,0.0,850000,,RPTNMLKMJHIFFAB96CB
南區,房地(土地+建物)+車位,台中市南區下橋子頭段280地號,16.97,住,工業區,,1010623,土地1建物1車位1,十二層,15,住宅大樓(11層含以上有電梯),住家用,鋼筋混凝土造,,157.92,3,2,2,有,無,7020000,44453,坡道平面,0.0,1050000,,RPUNMLKMJHIFFAB07CB
南區,房地(土地+建物)+車位,台中市南區下橋子頭段280地號,17.89,住,工業區,,1010710,土地1建物1車位1,十二層,15,住宅大樓(11層含以上有電梯),住家用,鋼筋混凝土造,,162.98,3,2,2,有,無,6760000,41477,坡道平面,0.0,850000,,RPVNMLKMJHIFFAB17CB
南區,房地(土地+建物)+車位,台中市南區下橋子頭段280地號,22.17,住,工業區,,1010712,土地1建物1車位1,十二層,15,住宅大樓(11層含以上有電梯),住家用,鋼筋混凝土造,,198.64,4,2,2,有,無,9150000,46063,坡道平面,0.0,950000,,RPWNMLKMJHIFFAB27CB
南區,房地(土地+建物)+車位,台中市南區下橋子頭段280地號,22.29,住,工業區,,1010719,土地1建物1車位2,十二層,15,住宅大樓(11層含以上有電梯),住家用,鋼筋混凝土造,,227.44,3,2,2,有,無,9680000,42561,坡道平面,0.0,2100000,,RPXNMLKMJHIFFAB37CB
南區,房地(土地+建物)+車位,台中市南區下橋子頭段280地號,17.99,住,工業區,,1010711,土地1建物1車位1,十二層,15,住宅大樓(11層含以上有電梯),住家用,鋼筋混凝土造,,163.44,3,2,2,有,無,6470000,39586,坡道平面,0.0,850000,,RPOOMLKMJHIFFAB56CB
南區,房地(土地+建物)+車位,台中市南區下橋子頭段280地號,16.99,住,工業區,,1010622,土地1建物1車位1,十二層,15,住宅大樓(11層含以上有電梯),住家用,鋼筋混凝土造,,158.05,3,2,2,有,無,6540000,41379,坡道平面,0.0,1050000,,RPPNMLLMJHIFFAB66CB
南區,房地(土地+建物)+車位,台中市南區下橋子頭段280地號,22.31,住,工業區,,1010722,土地1建物1車位2,十二層,15,住宅大樓(11層含以上有電梯),住家用,鋼筋混凝土造,,227.64,4,2,2,有,無,10010000,43973,坡道平面,0.0,2100000,,RPRNMLLMJHIFFAB86CB
南區,房地(土地+建物)+車位,台中市南區下橋子頭段280地號,22.31,住,工業區,,1010618,土地1建物1車位1,十二層,15,住宅大樓(11層含以上有電梯),住家用,鋼筋混凝土造,,199.54,4,2,2,有,無,8470000,42448,坡道平面,0.0,950000,,RPSNMLLMJHIFFAB96CB
南區,房地(土地+建物)+車位,台中市南區下橋子頭段280地號,17.03,住,工業區,,1010703,土地1建物1車位1,十二層,15,住宅大樓(11層含以上有電梯),住家用,鋼筋混凝土造,,158.21,3,2,2,有,無,6100000,38556,坡道平面,0.0,950000,,RPTNMLLMJHIFFAB07CB
南區,房地(土地+建物)+車位,台中市南區下橋子頭段280地號,17.03,住,工業區,,1010628,土地1建物1車位1,十三層,15,住宅大樓(11層含以上有電梯),住家用,鋼筋混凝土造,,158.64,3,2,2,有,無,7150000,45071,坡道平面,0.0,1050000,,RPUNMLLMJHIFFAB17CB
南區,房地(土地+建物)+車位,台中市南區下橋子頭段280地號,16.84,住,工業區,,1010712,土地1建物1車位1,十三層,15,住宅大樓(11層含以上有電梯),住家用,鋼筋混凝土造,,156.0,3,2,2,有,無,6420000,41154,坡道平面,0.0,850000,,RPVNMLLMJHIFFAB27CB
南區,房地(土地+建物)+車位,台中市南區下橋子頭段280地號,16.5,住,工業區,,1010623,土地1建物1車位1,十三層,15,住宅大樓(11層含以上有電梯),住家用,鋼筋混凝土造,,152.2,3,2,2,有,無,6510000,42773,坡道平面,0.0,850000,,RPWNMLLMJHIFFAB37CB
南區,房地(土地+建物)+車位,台中市南區下橋子頭段280地號,16.84,住,工業區,,1010718,土地1建物1車位1,十三層,15,住宅大樓(11層含以上有電梯),住家用,鋼筋混凝土造,,152.53,3,2,2,有,無,6460000,42352,坡道平面,0.0,850000,,RPXNMLLMJHIFFAB47CB
南區,房地(土地+建物)+車位,台中市南區下橋子頭段280地號,16.97,住,工業區,,1010619,土地1建物1車位1,十三層,15,住宅大樓(11層含以上有電梯),住家用,鋼筋混凝土造,,157.92,3,2,2,有,無,7120000,45086,坡道平面,0.0,1050000,,RPOOMLLMJHIFFAB66CB
南區,房地(土地+建物)+車位,台中市南區下橋子頭段280地號,17.89,住,工業區,,1010620,土地1建物1車位1,十三層,15,住宅大樓(11層含以上有電梯),住家用,鋼筋混凝土造,,162.98,3,2,2,有,無,6780000,41600,坡道平面,0.0,850000,,RPPOMLLMJHIFFAB76CB
南區,房地(土地+建物)+車位,台中市南區下橋子頭段280地號,22.17,住,工業區,,1010701,土地1建物1車位1,十三層,15,住宅大樓(11層含以上有電梯),住家用,鋼筋混凝土造,,198.04,4,2,2,有,無,9080000,45849,坡道平面,0.0,950000,,RPQOMLLMJHIFFAB86CB
南區,房地(土地+建物)+車位,台中市南區下橋子頭段280地號,22.29,住,工業區,,1010728,土地1建物1車位1,十三層,15,住宅大樓(11層含以上有電梯),住家用,鋼筋混凝土造,,199.34,4,2,2,有,無,8830000,44296,坡道平面,0.0,850000,,RPROMLLMJHIFFAB96CB
南區,房地(土地+建物)+車位,台中市南區下橋子頭段280地號,17.99,住,工業區,,1010622,土地1建物1車位1,十三層,15,住宅大樓(11層含以上有電梯),住家用,鋼筋混凝土造,,163.44,3,2,2,有,無,7060000,43196,坡道平面,0.0,950000,,RPSOMLLMJHIFFAB07CB
南區,房地(土地+建物)+車位,台中市南區下橋子頭段280地號,16.99,住,工業區,,1010616,土地1建物1車位1,十三層,15,住宅大樓(11層含以上有電梯),住家用,鋼筋混凝土造,,154.74,3,2,2,有,無,5890000,38064,坡道平面,0.0,750000,,RPTOMLLMJHIFFAB17CB
南區,房地(土地+建物)+車位,台中市南區下橋子頭段280地號,22.31,住,工業區,,1010709,土地1建物1車位2,十三層,15,住宅大樓(11層含以上有電梯),住家用,鋼筋混凝土造,,227.64,4,2,2,有,無,10250000,45027,坡道平面,0.0,2100000,,RPUOMLLMJHIFFAB27CB
南區,房地(土地+建物)+車位,台中市南區下橋子頭段280地號,22.31,住,工業區,,1010714,土地1建物1車位1,十三層,15,住宅大樓(11層含以上有電梯),住家用,鋼筋混凝土造,,199.54,4,2,2,有,無,8400000,42097,坡道平面,0.0,850000,,RPVOMLLMJHIFFAB37CB
南區,房地(土地+建物)+車位,台中市南區下橋子頭段280地號,17.03,住,工業區,,1010630,土地1建物1車位1,十三層,15,住宅大樓(11層含以上有電梯),住家用,鋼筋混凝土造,,158.21,3,2,2,有,無,6130000,38746,坡道平面,0.0,950000,,RPWOMLLMJHIFFAB47CB
南區,房地(土地+建物)+車位,台中市南區下橋子頭段280地號,17.03,住,工業區,,1010628,土地1建物1車位1,十四層,15,住宅大樓(11層含以上有電梯),住家用,鋼筋混凝土造,,158.64,3,2,2,有,無,7180000,45260,坡道平面,0.0,950000,,RPXOMLLMJHIFFAB57CB
南區,房地(土地+建物)+車位,台中市南區下橋子頭段280地號,16.84,住,工業區,,1010621,土地1建物1車位1,十四層,15,住宅大樓(11層含以上有電梯),住家用,鋼筋混凝土造,,156.0,3,2,2,有,無,6810000,43654,坡道平面,0.0,950000,,RPPPMLLMJHIFFAB86CB
南區,房地(土地+建物)+車位,台中市南區下橋子頭段280地號,16.5,住,工業區,,1010716,土地1建物1車位1,十四層,14,住宅大樓(11層含以上有電梯),住家用,鋼筋混凝土造,,152.2,3,2,2,有,無,6360000,41787,坡道平面,0.0,850000,,RPVPMLLMJHIFFAB47CB
南區,房地(土地+建物)+車位,台中市南區下橋子頭段280地號,16.84,住,工業區,,1010718,土地1建物1車位1,十四層,15,住宅大樓(11層含以上有電梯),住家用,鋼筋混凝土造,,152.53,3,2,2,有,無,6460000,42352,坡道平面,0.0,850000,,RPWPMLLMJHIFFAB57CB
南區,房地(土地+建物)+車位,台中市南區下橋子頭段280地號,16.97,住,工業區,,1010622,土地1建物1車位2,十四層,15,住宅大樓(11層含以上有電梯),住家用,鋼筋混凝土造,,186.02,3,2,2,有,無,8030000,43167,坡道平面,0.0,1900000,,RPXPMLLMJHIFFAB67CB
南區,房地(土地+建物)+車位,台中市南區下橋子頭段280地號,17.89,住,工業區,,1010704,土地1建物1車位1,十四層,15,住宅大樓(11層含以上有電梯),住家用,鋼筋混凝土造,,162.98,3,2,2,有,無,7360000,45159,坡道平面,0.0,1050000,,RPOQMLLMJHIFFAB86CB
南區,房地(土地+建物)+車位,台中市南區下橋子頭段280地號,22.17,住,工業區,,1010704,土地1建物1車位1,十四層,15,住宅大樓(11層含以上有電梯),住家用,鋼筋混凝土造,,198.64,4,2,2,有,無,9050000,45560,坡道平面,0.0,850000,,RPPQMLLMJHIFFAB96CB
南區,房地(土地+建物)+車位,台中市南區下橋子頭段280地號,22.29,住,工業區,,1010711,土地1建物1車位1,十四層,15,住宅大樓(11層含以上有電梯),住家用,鋼筋混凝土造,,199.34,4,2,2,有,無,9360000,46955,坡道平面,0.0,1050000,,RPRQMLLMJHIFFAB17CB
南區,房地(土地+建物)+車位,台中市南區下橋子頭段280地號,17.99,住,工業區,,1010622,土地1建物1車位1,十四層,15,住宅大樓(11層含以上有電梯),住家用,鋼筋混凝土造,,163.44,3,2,2,有,無,7130000,43625,坡道平面,0.0,950000,,RPSQMLLMJHIFFAB27CB
南區,房地(土地+建物)+車位,台中市南區下橋子頭段280地號,16.99,住,工業區,,1010703,土地1建物1車位2,十四層,15,住宅大樓(11層含以上有電梯),住家用,鋼筋混凝土造,,186.15,3,2,2,有,無,6870000,36906,坡道平面,0.0,1700000,,RPTQMLLMJHIFFAB37CB
南區,房地(土地+建物)+車位,台中市南區下橋子頭段280地號,22.31,住,工業區,,1010701,土地1建物1車位1,十四層,15,住宅大樓(11層含以上有電梯),住家用,鋼筋混凝土造,,199.54,4,2,2,有,無,9050000,45354,坡道平面,0.0,1050000,,RPUQMLLMJHIFFAB47CB
南區,房地(土地+建物)+車位,台中市南區下橋子頭段280地號,22.31,住,工業區,,1010715,土地1建物1車位1,十四層,15,住宅大樓(11層含以上有電梯),住家用,鋼筋混凝土造,,199.54,4,2,2,有,無,8500000,42598,坡道平面,0.0,950000,,RPVQMLLMJHIFFAB57CB
南區,房地(土地+建物)+車位,台中市南區下橋子頭段280地號,17.03,住,工業區,,1010710,土地1建物1車位1,十四層,15,住宅大樓(11層含以上有電梯),住家用,鋼筋混凝土造,,158.21,3,2,2,有,無,6400000,40453,坡道平面,0.0,850000,,RPWQMLLMJHIFFAB67CB
南區,房地(土地+建物)+車位,台中市南區下橋子頭段280地號,16.97,住,工業區,,1010720,土地1建物1車位1,十五層,15,住宅大樓(11層含以上有電梯),住家用,鋼筋混凝土造,,158.64,3,2,2,有,無,6900000,43495,坡道平面,0.0,850000,,RPXQMLLMJHIFFAB77CB
南區,房地(土地+建物)+車位,台中市南區下橋子頭段280地號,16.84,住,工業區,,1010616,土地1建物1車位1,十五層,15,住宅大樓(11層含以上有電梯),住家用,鋼筋混凝土造,,156.0,3,2,2,有,無,7010000,44936,坡道平面,0.0,950000,,RPORMLLMJHIFFAB96CB
南區,房地(土地+建物)+車位,台中市南區下橋子頭段280地號,16.5,住,工業區,,1010630,土地1建物1車位1,十五層,15,住宅大樓(11層含以上有電梯),住家用,鋼筋混凝土造,,152.2,3,2,2,有,無,6490000,42641,坡道平面,0.0,850000,,RPPRMLLMJHIFFAB07CB
南區,房地(土地+建物)+車位,台中市南區下橋子頭段280地號,16.97,住,工業區,,1010712,土地1建物1車位1,十五層,15,住宅大樓(11層含以上有電梯),住家用,鋼筋混凝土造,,157.92,3,2,2,有,無,6970000,44136,坡道平面,0.0,850000,,RPSRMLLMJHIFFAB37CB
南區,房地(土地+建物)+車位,台中市南區下橋子頭段280地號,17.89,住,工業區,,1010703,土地1建物1車位1,十五層,15,住宅大樓(11層含以上有電梯),住家用,鋼筋混凝土造,,162.98,3,2,2,有,無,7210000,44239,坡道平面,0.0,950000,,RPTRMLLMJHIFFAB47CB
南區,房地(土地+建物)+車位,台中市南區下橋子頭段280地號,22.29,住,工業區,,1010714,土地1建物1車位1,十五層,15,住宅大樓(11層含以上有電梯),住家用,鋼筋混凝土造,,199.34,4,2,2,有,無,9210000,46202,坡道平面,0.0,850000,,RPVRMLLMJHIFFAB67CB
南區,房地(土地+建物)+車位,台中市南區下橋子頭段280地號,17.99,住,工業區,,1010706,土地1建物1車位1,十五層,15,住宅大樓(11層含以上有電梯),住家用,鋼筋混凝土造,,163.44,3,2,2,有,無,7110000,43502,坡道平面,0.0,850000,,RPWRMLLMJHIFFAB77CB
南區,房地(土地+建物)+車位,台中市南區下橋子頭段280地號,16.99,住,工業區,,1010707,土地1建物1車位1,十五層,15,住宅大樓(11層含以上有電梯),住家用,鋼筋混凝土造,,158.05,3,2,2,有,無,6590000,41696,坡道平面,0.0,850000,,RPXRMLLMJHIFFAB87CB
南區,房地(土地+建物)+車位,台中市南區下橋子頭段280地號,22.31,住,工業區,,1010716,土地1建物1車位1,十五層,15,住宅大樓(11層含以上有電梯),住家用,鋼筋混凝土造,,199.54,4,2,2,有,無,9100000,45605,坡道平面,0.0,950000,,RPOSMLLMJHIFFAB07CB
南區,房地(土地+建物)+車位,台中市南區下橋子頭段280地號,22.31,住,工業區,,1010704,土地1建物1車位1,十五層,15,住宅大樓(11層含以上有電梯),住家用,鋼筋混凝土造,,199.54,4,2,2,有,無,8750000,43851,坡道平面,0.0,1050000,,RPPSMLLMJHIFFAB17CB
南區,房地(土地+建物)+車位,台中市南區下橋子頭段280地號,17.03,住,工業區,,1010622,土地1建物1車位1,十五層,15,住宅大樓(11層含以上有電梯),住家用,鋼筋混凝土造,,158.21,3,2,2,有,無,6580000,41590,坡道平面,0.0,850000,,RPQSMLLMJHIFFAB27CB
南區,房地(土地+建物)+車位,台中市南區下橋子頭段280地號,26.3,住,工業區,,1010629,土地1建物1車位3,一層,15,店面(店鋪),住商用,鋼筋混凝土造,,245.85,1,1,1,有,無,21570000,87736,坡道平面,0.0,2950000,,RPRSMLLMJHIFFAB37CB
南區,房地(土地+建物)+車位,台中市南區下橋子頭段280地號,19.29,住,工業區,,1010804,土地1建物1車位1,一層,15,店面(店鋪),住商用,鋼筋混凝土造,,139.54,1,1,1,有,無,14100000,101046,坡道平面,0.0,950000,,RPSSMLLMJHIFFAB47CB
南區,房地(土地+建物)+車位,台中市南區下橋子頭段280地號,19.33,住,工業區,,1010715,土地1建物1車位1,一層,15,店面(店鋪),住商用,鋼筋混凝土造,,152.17,1,1,1,有,無,14530000,95485,坡道平面,0.0,850000,,RPTSMLLMJHIFFAB57CB
南區,房地(土地+建物)+車位,台中市南區下橋子頭段280地號,18.44,住,工業區,,1010728,土地1建物1車位1,一層,15,店面(店鋪),住商用,鋼筋混凝土造,,134.45,1,1,1,有,無,13680000,101748,坡道平面,0.0,1050000,,RPVSMLLMJHIFFAB77CB
南區,房地(土地+建物)+車位,台中市南區下橋子頭段280地號,19.33,住,工業區,,1010720,土地1建物1車位1,一層,15,店面(店鋪),住商用,鋼筋混凝土造,,147.83,1,1,1,有,無,14530000,98289,坡道平面,0.0,950000,,RPWSMLLMJHIFFAB87CB
南區,房地(土地+建物)+車位,台中市南區下橋子頭段280地號,19.29,住,工業區,,1010709,土地1建物1車位1,一層,15,店面(店鋪),住商用,鋼筋混凝土造,,139.54,1,1,1,有,無,13040000,93450,坡道平面,0.0,950000,,RPXSMLLMJHIFFAB97CB
南區,房地(土地+建物)+車位,台中市南區下橋子頭段280地號,22.2,住,工業區,,1010630,土地1建物1車位1,一層,15,店面(店鋪),住商用,鋼筋混凝土造,,177.62,1,1,1,有,無,18340000,103254,坡道平面,0.0,850000,,RPPTMLLMJHIFFAB27CB
南區,房地(土地+建物)+車位,台中市南區下橋子頭段280地號,20.86,住,工業區,,1010718,土地1建物1車位1,一層,15,店面(店鋪),住商用,鋼筋混凝土造,,165.26,1,1,1,有,無,16630000,100629,坡道平面,0.0,850000,,RPTTMLLMJHIFFAB67CB
南區,房地(土地+建物)+車位,台中市南區下橋子頭段280地號,23.01,住,工業區,,1010712,土地1建物1車位1,一層,15,店面(店鋪),住商用,鋼筋混凝土造,,161.72,1,1,1,有,無,15440000,95474,坡道平面,0.0,950000,,RPWTMLLMJHIFFAB97CB
南區,房地(土地+建物)+車位,台中市南區下橋子頭段280地號,22.97,住,工業區,,1010714,土地1建物1車位1,一層,15,店面(店鋪),住商用,鋼筋混凝土造,,161.49,1,1,1,有,無,15760000,97591,坡道平面,0.0,950000,,RPXTMLLMJHIFFAB08CB
南區,房地(土地+建物)+車位,台中市南區下橋子頭段280地號,40.02,住,工業區,,1011222,土地1建物1車位2,一層,15,店面(店鋪),住家用,鋼筋混凝土造,,290.94,1,1,1,有,無,31500000,108270,坡道平面,0.0,1900000,,RPOVMLLMJHIFFAB37CB
南區,房地(土地+建物)+車位,台中市南區下橋子頭段280地號,18.43,住,工業區,,1010707,土地1建物1車位1,一層,15,店面(店鋪),住商用,鋼筋混凝土造,,134.41,1,1,1,有,無,12590000,93669,坡道平面,0.0,850000,,RPPVMLLMJHIFFAB47CB
