﻿編號,土地位置,土地移轉面積(平方公尺),使用分區或編定,權利人持分分母,權利人持分分子,移轉情形,地號
The serial number, land position,land shifting area square meter,the use zoning or compiles and checks,,,,land parcel
RPSRMLTJJHIFFBB97CB,同榮段,26.48,都市：住,100000,1645,持分移轉,18850000
RPSRMLTJJHIFFBB97CB,同榮段,1.44,都市：住,100000,1655,持分移轉,18800019
RPSRMLTJJHIFFBB97CB,同榮段,1.44,都市：住,100000,1655,持分移轉,18850002
RPORMLTJJHIFFBB57CB,同榮段,28.26,都市：住,100000,1755,持分移轉,18850000
RPORMLTJJHIFFBB57CB,同榮段,1.54,都市：住,100000,1765,持分移轉,18800019
RPORMLTJJHIFFBB57CB,同榮段,1.54,都市：住,100000,1765,持分移轉,18850002
RPUQMLTJJHIFFBB08CB,同榮段,38.69,都市：住,100000,2403,持分移轉,18850000
RPUQMLTJJHIFFBB08CB,同榮段,2.10,都市：住,100000,2417,持分移轉,18800019
RPUQMLTJJHIFFBB08CB,同榮段,2.10,都市：住,100000,2417,持分移轉,18850002
RPVQMLTJJHIFFBB18CB,同榮段,26.48,都市：住,100000,1645,持分移轉,18850000
RPVQMLTJJHIFFBB18CB,同榮段,1.44,都市：住,100000,1655,持分移轉,18800019
RPVQMLTJJHIFFBB18CB,同榮段,1.44,都市：住,100000,1655,持分移轉,18850002
RPURMLTJJHIFFBB18CB,同榮段,28.26,都市：住,100000,1755,持分移轉,18850000
RPURMLTJJHIFFBB18CB,同榮段,1.54,都市：住,100000,1765,持分移轉,18800019
RPURMLTJJHIFFBB18CB,同榮段,1.54,都市：住,100000,1765,持分移轉,18850002
RPOSMLTJJHIFFBB67CB,同榮段,28.26,都市：住,100000,1755,持分移轉,18850000
RPOSMLTJJHIFFBB67CB,同榮段,1.54,都市：住,100000,1765,持分移轉,18800019
RPOSMLTJJHIFFBB67CB,同榮段,1.54,都市：住,100000,1765,持分移轉,18850002
RPRRMLTJJHIFFBB87CB,同榮段,26.48,都市：住,100000,1645,持分移轉,18850000
RPRRMLTJJHIFFBB87CB,同榮段,1.44,都市：住,100000,1655,持分移轉,18800019
RPRRMLTJJHIFFBB87CB,同榮段,1.44,都市：住,100000,1655,持分移轉,18850002
RPPRMLTJJHIFFBB67CB,同榮段,37.71,都市：住,100000,2342,持分移轉,18850000
RPPRMLTJJHIFFBB67CB,同榮段,2.05,都市：住,100000,2356,持分移轉,18800019
RPPRMLTJJHIFFBB67CB,同榮段,2.05,都市：住,100000,2356,持分移轉,18850002
RPWRMLTJJHIFFBB38CB,同榮段,383.26,都市：住,100000,2379,持分移轉,18850000
RPWRMLTJJHIFFBB38CB,同榮段,2.08,都市：住,100000,2393,持分移轉,18800019
RPWRMLTJJHIFFBB38CB,同榮段,2.08,都市：住,100000,2393,持分移轉,18850002
RPWQMLTJJHIFFBB28CB,同榮段,38.30,都市：住,100000,2379,持分移轉,18850000
RPWQMLTJJHIFFBB28CB,同榮段,2.08,都市：住,100000,2393,持分移轉,18800019
RPWQMLTJJHIFFBB28CB,同榮段,2.08,都市：住,100000,2393,持分移轉,18850002
RPXNMLKKJHIFFBB27CB,同榮段,38.30,都市：住,100000,2379,持分移轉,18850000
RPXNMLKKJHIFFBB27CB,同榮段,2.08,都市：住,100000,2393,持分移轉,18800019
RPXNMLKKJHIFFBB27CB,同榮段,2.08,都市：住,100000,2393,持分移轉,18850002
RPPSMLTJJHIFFBB77CB,同榮段,38.30,都市：住,100000,2379,持分移轉,18850000
RPPSMLTJJHIFFBB77CB,同榮段,2.08,都市：住,100000,2393,持分移轉,18800019
RPPSMLTJJHIFFBB77CB,同榮段,2.08,都市：住,100000,2393,持分移轉,18850002
RPOOMLKKJHIFFBB09CB,同榮段,28.26,都市：住,100000,1755,持分移轉,18850000
RPOOMLKKJHIFFBB09CB,同榮段,1.54,都市：住,100000,1765,持分移轉,18800019
RPOOMLKKJHIFFBB09CB,同榮段,1.54,都市：住,100000,1765,持分移轉,18850002
RPTQMLKKJHIFFBB17CB,同榮段,38.30,都市：住,100000,2379,持分移轉,18850000
RPTQMLKKJHIFFBB17CB,同榮段,2.08,都市：住,100000,2393,持分移轉,18800019
RPTQMLKKJHIFFBB17CB,同榮段,2.08,都市：住,100000,2393,持分移轉,18850002
RPROMLKKJHIFFBB76CB,同榮段,28.26,都市：住,100000,1755,持分移轉,18850000
RPROMLKKJHIFFBB76CB,同榮段,1.54,都市：住,100000,1765,持分移轉,18800019
RPROMLKKJHIFFBB76CB,同榮段,1.54,都市：住,100000,1765,持分移轉,18850002
RPVQMLKKJHIFFBB37CB,同榮段,38.30,都市：住,100000,2379,持分移轉,18850000
RPVQMLKKJHIFFBB37CB,同榮段,2.08,都市：住,100000,2393,持分移轉,18800019
RPVQMLKKJHIFFBB37CB,同榮段,2.08,都市：住,100000,2393,持分移轉,18850002
RPUOMLKKJHIFFBB07CB,同榮段,26.48,都市：住,100000,1645,持分移轉,18850000
RPUOMLKKJHIFFBB07CB,同榮段,1.44,都市：住,100000,1655,持分移轉,18800019
RPUOMLKKJHIFFBB07CB,同榮段,1.44,都市：住,100000,1655,持分移轉,18850002
RPUQMLKKJHIFFBB27CB,同榮段,26.48,都市：住,100000,1645,持分移轉,18850000
RPUQMLKKJHIFFBB27CB,同榮段,1.44,都市：住,100000,1655,持分移轉,18800019
RPUQMLKKJHIFFBB27CB,同榮段,1.44,都市：住,100000,1655,持分移轉,18850002
RPVOMLKKJHIFFBB17CB,同榮段,28.26,都市：住,100000,1755,持分移轉,18850000
RPVOMLKKJHIFFBB17CB,同榮段,1.54,都市：住,100000,1765,持分移轉,18800019
RPVOMLKKJHIFFBB17CB,同榮段,1.54,都市：住,100000,1765,持分移轉,18850002
RPTOMLKKJHIFFBB96CB,同榮段,38.69,都市：住,100000,2403,持分移轉,18850000
RPTOMLKKJHIFFBB96CB,同榮段,2.10,都市：住,100000,2417,持分移轉,18800019
RPTOMLKKJHIFFBB96CB,同榮段,2.10,都市：住,100000,2417,持分移轉,18850002
RPQOMLKKJHIFFBB66CB,同榮段,28.26,都市：住,100000,1755,持分移轉,18850000
RPQOMLKKJHIFFBB66CB,同榮段,1.54,都市：住,100000,1765,持分移轉,18800019
RPQOMLKKJHIFFBB66CB,同榮段,1.54,都市：住,100000,1765,持分移轉,18850002
RPPOMLKKJHIFFBB56CB,同榮段,28.26,都市：住,100000,1755,持分移轉,18850000
RPPOMLKKJHIFFBB56CB,同榮段,1.54,都市：住,100000,1765,持分移轉,18800019
RPPOMLKKJHIFFBB56CB,同榮段,1.54,都市：住,100000,1765,持分移轉,18850002
RPWQMLKKJHIFFBB47CB,同榮段,26.48,都市：住,100000,1645,持分移轉,18850000
RPWQMLKKJHIFFBB47CB,同榮段,1.44,都市：住,100000,1655,持分移轉,18800019
RPWQMLKKJHIFFBB47CB,同榮段,1.44,都市：住,100000,1655,持分移轉,18850002
RPRRMLKKJHIFFBB07CB,同榮段,26.48,都市：住,100000,1645,持分移轉,18850000
RPRRMLKKJHIFFBB07CB,同榮段,1.44,都市：住,100000,1655,持分移轉,18800019
RPRRMLKKJHIFFBB07CB,同榮段,1.44,都市：住,100000,1655,持分移轉,18850002
RPQRMLKKJHIFFBB96CB,同榮段,28.26,都市：住,100000,1755,持分移轉,18850000
RPQRMLKKJHIFFBB96CB,同榮段,1.54,都市：住,100000,1765,持分移轉,18800019
RPQRMLKKJHIFFBB96CB,同榮段,1.54,都市：住,100000,1765,持分移轉,18850002
RPTRMLKKJHIFFBB27CB,同榮段,38.69,都市：住,100000,2403,持分移轉,18850000
RPTRMLKKJHIFFBB27CB,同榮段,2.10,都市：住,100000,2417,持分移轉,18850002
RPTRMLKKJHIFFBB27CB,同榮段,2.10,都市：住,100000,2417,持分移轉,18800019
RPORMLKKJHIFFBB76CB,同榮段,26.48,都市：住,100000,1645,持分移轉,18850000
RPORMLKKJHIFFBB76CB,同榮段,1.44,都市：住,100000,1655,持分移轉,18800019
RPORMLKKJHIFFBB76CB,同榮段,1.44,都市：住,100000,1655,持分移轉,18850002
RPXSMLKKJHIFFBB77CB,同榮段,38.69,都市：住,100000,2403,持分移轉,18850000
RPXSMLKKJHIFFBB77CB,同榮段,2.10,都市：住,100000,2417,持分移轉,18800019
RPXSMLKKJHIFFBB77CB,同榮段,2.10,都市：住,100000,2417,持分移轉,18850002
RPUSMLKKJHIFFBB47CB,同榮段,26.48,都市：住,100000,1645,持分移轉,18850000
RPUSMLKKJHIFFBB47CB,同榮段,1.44,都市：住,100000,1655,持分移轉,18800019
RPUSMLKKJHIFFBB47CB,同榮段,1.44,都市：住,100000,1655,持分移轉,18850002
RPSSMLKKJHIFFBB27CB,同榮段,44.45,都市：住,100000,2761,持分移轉,18850000
RPSSMLKKJHIFFBB27CB,同榮段,2.42,都市：住,100000,2776,持分移轉,18800019
RPSSMLKKJHIFFBB27CB,同榮段,2.42,都市：住,100000,2776,持分移轉,18850002
RPVSMLKKJHIFFBB57CB,同榮段,38.30,都市：住,100000,2379,持分移轉,18850000
RPVSMLKKJHIFFBB57CB,同榮段,2.08,都市：住,100000,2393,持分移轉,18800019
RPVSMLKKJHIFFBB57CB,同榮段,2.08,都市：住,100000,2393,持分移轉,18850002
RPWSMLKKJHIFFBB67CB,同榮段,38.69,都市：住,100000,2403,持分移轉,18850000
RPWSMLKKJHIFFBB67CB,同榮段,2.10,都市：住,100000,2417,持分移轉,18800019
RPWSMLKKJHIFFBB67CB,同榮段,2.10,都市：住,100000,2417,持分移轉,18850002
RPXRMLKKJHIFFBB67CB,同榮段,38.09,都市：住,100000,2366,持分移轉,18850000
RPXRMLKKJHIFFBB67CB,同榮段,2.07,都市：住,100000,2380,持分移轉,18800019
RPXRMLKKJHIFFBB67CB,同榮段,2.07,都市：住,100000,2380,持分移轉,18850002
RPVRMLPKJHIFFBB97CB,松竹段,34.44,都市：住,10000,164,持分移轉,12290000
RPXRMLPKJHIFFBB18CB,松竹段,34.23,都市：住,10000,163,持分移轉,12290000
RPWRMLPKJHIFFBB08CB,松竹段,34.23,都市：住,10000,163,持分移轉,12290000
RPWRMLKKJHIFFBB57CB,同榮段,26.48,都市：住,100000,1645,持分移轉,18850000
RPWRMLKKJHIFFBB57CB,同榮段,1.44,都市：住,100000,1655,持分移轉,18800019
RPWRMLKKJHIFFBB57CB,同榮段,1.44,都市：住,100000,1655,持分移轉,18850002
RPOSMLPKJHIFFBB37CB,松竹段,34.23,都市：住,10000,163,持分移轉,12290000
RPQSMLKKJHIFFBB07CB,同榮段,26.48,都市：住,100000,1645,持分移轉,18850000
RPQSMLKKJHIFFBB07CB,同榮段,1.44,都市：住,100000,1655,持分移轉,18800019
RPQSMLKKJHIFFBB07CB,同榮段,1.44,都市：住,100000,1655,持分移轉,18850002
RPVRMLKKJHIFFBB47CB,同榮段,38.69,都市：住,100000,2403,持分移轉,18850000
RPVRMLKKJHIFFBB47CB,同榮段,2.10,都市：住,100000,2417,持分移轉,18800019
RPVRMLKKJHIFFBB47CB,同榮段,2.10,都市：住,100000,2417,持分移轉,18850002
RPPSMLPKJHIFFBB47CB,松竹段,34.23,都市：住,10000,163,持分移轉,12290000
RPTSMLPKJHIFFBB87CB,松竹段,34.44,都市：住,10000,164,持分移轉,12290000
RPSSMLPKJHIFFBB77CB,松竹段,34.23,都市：住,10000,163,持分移轉,12290000
RPPNMLQKJHIFFBB07CB,松竹段,34.44,都市：住,10000,164,持分移轉,12290000
RPQSMLPKJHIFFBB57CB,松竹段,34.44,都市：住,10000,164,持分移轉,12290000
RPQNMLQKJHIFFBB17CB,松竹段,34.44,都市：住,10000,164,持分移轉,12290000
RPVSMLPKJHIFFBB08CB,松竹段,34.23,都市：住,10000,163,持分移轉,12290000
RPRNMLQKJHIFFBB27CB,松竹段,34.44,都市：住,10000,164,持分移轉,12290000
RPUSMLPKJHIFFBB97CB,松竹段,34.23,都市：住,10000,163,持分移轉,12290000
RPQOMLQKJHIFFBB27CB,松竹段,27.51,都市：住,10000,131,持分移轉,12290000
RPROMLQKJHIFFBB37CB,松竹段,27.51,都市：住,10000,131,持分移轉,12290000
RPTOMLQKJHIFFBB57CB,松竹段,27.51,都市：住,10000,131,持分移轉,12290000
RPPOMLQKJHIFFBB17CB,松竹段,27.30,都市：住,10000,130,持分移轉,12290000
RPXNMLQKJHIFFBB87CB,松竹段,34.23,都市：住,10000,163,持分移轉,12290000
RPTNMLQKJHIFFBB47CB,松竹段,34.23,都市：住,10000,163,持分移轉,12290000
RPVNMLQKJHIFFBB67CB,松竹段,34.44,都市：住,10000,164,持分移轉,12290000
RPWNMLQKJHIFFBB77CB,松竹段,34.23,都市：住,10000,163,持分移轉,12290000
RPUNMLQKJHIFFBB57CB,松竹段,34.44,都市：住,10000,164,持分移轉,12290000
RPSNMLQKJHIFFBB37CB,松竹段,34.23,都市：住,10000,163,持分移轉,12290000
RPSPMLQKJHIFFBB57CB,松竹段,24.99,都市：住,10000,119,持分移轉,12290000
RPWPMLQKJHIFFBB97CB,松竹段,24.99,都市：住,10000,119,持分移轉,12290000
RPOPMLQKJHIFFBB17CB,松竹段,27.51,都市：住,10000,131,持分移轉,12290000
RPQPMLQKJHIFFBB37CB,松竹段,24.99,都市：住,10000,119,持分移轉,12290000
RPUOMLQKJHIFFBB67CB,松竹段,27.51,都市：住,10000,131,持分移轉,12290000
RPPPMLQKJHIFFBB27CB,松竹段,27.30,都市：住,10000,130,持分移轉,12290000
RPVPMLQKJHIFFBB87CB,松竹段,25.20,都市：住,10000,120,持分移轉,12290000
RPUPMLQKJHIFFBB77CB,松竹段,24.99,都市：住,10000,119,持分移轉,12290000
RPOQMLQKJHIFFBB27CB,松竹段,25.20,都市：住,10000,120,持分移轉,12290000
RPQQMLQKJHIFFBB47CB,松竹段,24.99,都市：住,10000,119,持分移轉,12290000
RPXPMLQKJHIFFBB08CB,松竹段,24.99,都市：住,10000,119,持分移轉,12290000
RPSQMLQKJHIFFBB67CB,松竹段,24.99,都市：住,10000,119,持分移轉,12290000
RPVQMLQKJHIFFBB97CB,松竹段,24.99,都市：住,10000,119,持分移轉,12290000
RPWQMLQKJHIFFBB08CB,松竹段,24.99,都市：住,10000,119,持分移轉,12290000
RPUSMLQKJHIFFBB08CB,松竹段,24.99,都市：住,10000,119,持分移轉,12290000
RPTSMLQKJHIFFBB97CB,松竹段,25.20,都市：住,10000,120,持分移轉,12290000
RPSTMLQKJHIFFBB97CB,松竹段,18.27,都市：住,10000,87,持分移轉,12290000
RPTTMLQKJHIFFBB08CB,松竹段,18.48,都市：住,10000,88,持分移轉,12290000
RPXSMLQKJHIFFBB38CB,松竹段,24.99,都市：住,10000,119,持分移轉,12290000
RPUTMLQKJHIFFBB18CB,松竹段,18.27,都市：住,10000,87,持分移轉,12290000
RPQTMLQKJHIFFBB77CB,松竹段,24.99,都市：住,10000,119,持分移轉,12290000
RPPTMLQKJHIFFBB67CB,松竹段,24.99,都市：住,10000,119,持分移轉,12290000
RPOTMLQKJHIFFBB57CB,松竹段,25.20,都市：住,10000,120,持分移轉,12290000
RPRTMLQKJHIFFBB87CB,松竹段,24.99,都市：住,10000,119,持分移轉,12290000
RPVTMLQKJHIFFBB28CB,松竹段,18.27,都市：住,10000,87,持分移轉,12290000
RPQUMLQKJHIFFBB87CB,松竹段,18.27,都市：住,10000,87,持分移轉,12290000
RPRUMLQKJHIFFBB97CB,松竹段,18.27,都市：住,10000,87,持分移轉,12290000
RPWTMLQKJHIFFBB38CB,松竹段,18.27,都市：住,10000,87,持分移轉,12290000
RPXTMLQKJHIFFBB48CB,松竹段,18.27,都市：住,10000,87,持分移轉,12290000
RPSUMLQKJHIFFBB08CB,松竹段,18.27,都市：住,10000,87,持分移轉,12290000
RPWUMLQKJHIFFBB48CB,松竹段,17.85,都市：住,10000,85,持分移轉,12290000
RPUUMLQKJHIFFBB28CB,松竹段,18.27,都市：住,10000,87,持分移轉,12290000
RPTUMLQKJHIFFBB18CB,松竹段,18.27,都市：住,10000,87,持分移轉,12290000
RPXUMLQKJHIFFBB58CB,松竹段,17.85,都市：住,10000,85,持分移轉,12290000
RPPVMLQKJHIFFBB87CB,松竹段,17.85,都市：住,10000,85,持分移轉,12290000
RPQVMLQKJHIFFBB97CB,松竹段,17.85,都市：住,10000,85,持分移轉,12290000
RPWVMLQKJHIFFBB58CB,松竹段,17.85,都市：住,10000,85,持分移轉,12290000
RPRVMLQKJHIFFBB08CB,松竹段,18.06,都市：住,10000,86,持分移轉,12290000
RPPNMLRKJHIFFBB17CB,松竹段,24.99,都市：住,10000,119,持分移轉,12290000
RPVVMLQKJHIFFBB48CB,松竹段,17.85,都市：住,10000,85,持分移轉,12290000
RPSNMLRKJHIFFBB47CB,松竹段,27.30,都市：住,10000,130,持分移轉,12290000
RPUWMLQKJHIFFBB48CB,松竹段,34.86,都市：住,10000,166,持分移轉,12290000
RPVWMLQKJHIFFBB58CB,松竹段,27.30,都市：住,10000,130,持分移轉,12290000
RPUNMLRKJHIFFBB67CB,松竹段,17.85,都市：住,10000,85,持分移轉,12290000
RPVNMLRKJHIFFBB77CB,松竹段,17.85,都市：住,10000,85,持分移轉,12290000
RPRNMLRKJHIFFBB37CB,松竹段,27.30,都市：住,10000,130,持分移轉,12290000
RPTNMLRKJHIFFBB57CB,松竹段,24.99,都市：住,10000,119,持分移轉,12290000
RPRPMLRKJHIFFBB57CB,松竹段,24.15,都市：住,10000,115,持分移轉,12290000
RPWNMLRKJHIFFBB87CB,松竹段,17.85,都市：住,10000,85,持分移轉,12290000
RPSPMLRKJHIFFBB67CB,松竹段,23.52,都市：住,10000,112,持分移轉,12290000
RPTPMLRKJHIFFBB77CB,松竹段,23.31,都市：住,10000,111,持分移轉,12290000
RPUNMLLLJHIFFBB17CB,松竹段,27.51,都市：住,10000,131,持分移轉,12290000
RPOOMLLLJHIFFBB66CB,松竹段,17.85,都市：住,10000,85,持分移轉,12290000
RPTNMLLLJHIFFBB07CB,松竹段,34.44,都市：住,10000,164,持分移轉,12290000
RPSNMLLLJHIFFBB96CB,松竹段,34.23,都市：住,10000,163,持分移轉,12290000
RPVPMLRKJHIFFBB97CB,松竹段,25.20,都市：住,10000,120,持分移轉,12290000
RPXNMLLLJHIFFBB47CB,松竹段,24.99,都市：住,10000,119,持分移轉,12290000
RPXPMLRKJHIFFBB18CB,松竹段,23.31,都市：住,10000,111,持分移轉,12290000
RPPOMLSLJHIFFAB37CB,下橋子頭段,22.36,都市：住,1000000,6116,持分移轉,02800000
RPOOMLSLJHIFFAB27CB,下橋子頭段,17.99,都市：住,1000000,4921,持分移轉,02800000
RPXNMLSLJHIFFAB08CB,下橋子頭段,22.29,都市：住,1000000,6096,持分移轉,02800000
RPVNMLSLJHIFFAB87CB,下橋子頭段,17.99,都市：住,1000000,4921,持分移轉,02800000
RPRNMLSLJHIFFAB47CB,下橋子頭段,16.84,都市：住,1000000,4607,持分移轉,02800000
RPSNMLSLJHIFFAB57CB,下橋子頭段,16.50,都市：住,1000000,4514,持分移轉,02800000
RPWNMLSLJHIFFAB97CB,下橋子頭段,22.17,都市：住,1000000,6065,持分移轉,02800000
RPPNMLSLJHIFFAB27CB,下橋子頭段,16.84,都市：住,1000000,4607,持分移轉,02800000
RPUNMLSLJHIFFAB77CB,下橋子頭段,16.97,都市：住,1000000,4642,持分移轉,02800000
RPTNMLSLJHIFFAB67CB,下橋子頭段,16.84,都市：住,1000000,4607,持分移轉,02800000
RPOPMLSLJHIFFAB37CB,下橋子頭段,16.97,都市：住,1000000,4642,持分移轉,02800000
RPQOMLSLJHIFFAB47CB,下橋子頭段,22.31,都市：住,1000000,6101,持分移轉,02800000
RPUOMLSLJHIFFAB87CB,下橋子頭段,16.97,都市：住,1000000,4642,持分移轉,02800000
RPROMLSLJHIFFAB57CB,下橋子頭段,17.03,都市：住,1000000,4657,持分移轉,02800000
RPVOMLSLJHIFFAB97CB,下橋子頭段,16.84,都市：住,1000000,4607,持分移轉,02800000
RPWOMLSLJHIFFAB08CB,下橋子頭段,16.50,都市：住,1000000,4514,持分移轉,02800000
RPQPMLSLJHIFFAB57CB,下橋子頭段,22.17,都市：住,1000000,6065,持分移轉,02800000
RPXOMLSLJHIFFAB18CB,下橋子頭段,16.84,都市：住,1000000,4607,持分移轉,02800000
RPRPMLSLJHIFFAB67CB,下橋子頭段,22.29,都市：住,1000000,6096,持分移轉,02800000
RPPPMLSLJHIFFAB47CB,下橋子頭段,17.89,都市：住,1000000,4893,持分移轉,02800000
RPSPMLSLJHIFFAB77CB,下橋子頭段,17.99,都市：住,1000000,4921,持分移轉,02800000
RPUPMLSLJHIFFAB97CB,下橋子頭段,16.99,都市：住,1000000,4647,持分移轉,02800000
RPOQMLSLJHIFFAB47CB,下橋子頭段,17.03,都市：住,1000000,4657,持分移轉,02800000
RPWPMLSLJHIFFAB18CB,下橋子頭段,22.31,都市：住,1000000,6101,持分移轉,02800000
RPVPMLSLJHIFFAB08CB,下橋子頭段,22.31,都市：住,1000000,6101,持分移轉,02800000
RPPQMLSLJHIFFAB57CB,下橋子頭段,16.97,都市：住,1000000,4642,持分移轉,02800000
RPQRMLSLJHIFFAB77CB,下橋子頭段,16.99,都市：住,1000000,4647,持分移轉,02800000
RPTQMLSLJHIFFAB97CB,下橋子頭段,16.97,都市：住,1000000,4642,持分移轉,02800000
RPRRMLSLJHIFFAB87CB,下橋子頭段,22.31,都市：住,1000000,6101,持分移轉,02800000
RPTRMLSLJHIFFAB08CB,下橋子頭段,22.31,都市：住,1000000,6101,持分移轉,02800000
RPXQMLSLJHIFFAB38CB,下橋子頭段,22.29,都市：住,1000000,6096,持分移轉,02800000
RPQQMLSLJHIFFAB67CB,下橋子頭段,16.84,都市：住,1000000,4607,持分移轉,02800000
RPVRMLSLJHIFFAB28CB,下橋子頭段,17.03,都市：住,1000000,4657,持分移轉,02800000
RPUQMLSLJHIFFAB08CB,下橋子頭段,17.89,都市：住,1000000,4893,持分移轉,02800000
RPRQMLSLJHIFFAB77CB,下橋子頭段,16.50,都市：住,1000000,4514,持分移轉,02800000
RPVQMLSLJHIFFAB18CB,下橋子頭段,22.17,都市：住,1000000,6065,持分移轉,02800000
RPXRMLSLJHIFFAB48CB,下橋子頭段,16.84,都市：住,1000000,4607,持分移轉,02800000
RPVUMLSLJHIFFAB58CB,下橋子頭段,17.89,都市：住,1000000,4893,持分移轉,02800000
RPOVMLSLJHIFFAB97CB,下橋子頭段,17.99,都市：住,1000000,4921,持分移轉,02800000
RPUUMLSLJHIFFAB48CB,下橋子頭段,16.97,都市：住,1000000,4642,持分移轉,02800000
RPSVMLSLJHIFFAB38CB,下橋子頭段,22.31,都市：住,1000000,6101,持分移轉,02800000
RPRVMLSLJHIFFAB28CB,下橋子頭段,22.31,都市：住,1000000,6101,持分移轉,02800000
RPOSMLSLJHIFFAB67CB,下橋子頭段,16.84,都市：住,1000000,4607,持分移轉,02800000
RPWUMLSLJHIFFAB68CB,下橋子頭段,22.17,都市：住,1000000,6065,持分移轉,02800000
RPXUMLSLJHIFFAB78CB,下橋子頭段,22.29,都市：住,1000000,6096,持分移轉,02800000
RPQVMLSLJHIFFAB18CB,下橋子頭段,16.99,都市：住,1000000,4647,持分移轉,02800000
RPWVMLSLJHIFFAB78CB,下橋子頭段,16.50,都市：住,1000000,4514,持分移轉,02800000
RPUVMLSLJHIFFAB58CB,下橋子頭段,16.97,都市：住,1000000,4642,持分移轉,02800000
RPXVMLSLJHIFFAB88CB,下橋子頭段,16.84,都市：住,1000000,4607,持分移轉,02800000
RPTVMLSLJHIFFAB48CB,下橋子頭段,17.03,都市：住,1000000,4657,持分移轉,02800000
RPPWMLSLJHIFFAB18CB,下橋子頭段,17.89,都市：住,1000000,4893,持分移轉,02800000
RPVVMLSLJHIFFAB68CB,下橋子頭段,16.84,都市：住,1000000,4607,持分移轉,02800000
RPTWMLSLJHIFFAB58CB,下橋子頭段,17.99,都市：住,1000000,4921,持分移轉,02800000
RPQWMLSLJHIFFAB28CB,下橋子頭段,22.17,都市：住,1000000,6065,持分移轉,02800000
RPPNMLTLJHIFFAB37CB,下橋子頭段,16.97,都市：住,1000000,4642,持分移轉,02800000
RPXWMLSLJHIFFAB98CB,下橋子頭段,17.03,都市：住,1000000,4657,持分移轉,02800000
RPOWMLSLJHIFFAB08CB,下橋子頭段,16.97,都市：住,1000000,4642,持分移轉,02800000
RPWWMLSLJHIFFAB88CB,下橋子頭段,22.31,都市：住,1000000,6101,持分移轉,02800000
RPSWMLSLJHIFFAB48CB,下橋子頭段,22.19,都市：住,1000000,6069,持分移轉,02800000
RPSNMLTLJHIFFAB67CB,下橋子頭段,16.84,都市：住,1000000,4607,持分移轉,02800000
RPTNMLTLJHIFFAB77CB,下橋子頭段,16.97,都市：住,1000000,4642,持分移轉,02800000
RPVNMLTLJHIFFAB97CB,下橋子頭段,22.17,都市：住,1000000,6065,持分移轉,02800000
RPWNMLTLJHIFFAB08CB,下橋子頭段,22.29,都市：住,1000000,6096,持分移轉,02800000
RPUWMLSLJHIFFAB68CB,下橋子頭段,16.99,都市：住,1000000,4647,持分移轉,02800000
RPOOMLTLJHIFFAB37CB,下橋子頭段,16.99,都市：住,1000000,4647,持分移轉,02800000
RPQNMLTLJHIFFAB47CB,下橋子頭段,16.84,都市：住,1000000,4607,持分移轉,02800000
RPUNMLTLJHIFFAB87CB,下橋子頭段,17.89,都市：住,1000000,4893,持分移轉,02800000
RPXNMLTLJHIFFAB18CB,下橋子頭段,17.99,都市：住,1000000,4921,持分移轉,02800000
RPRNMLTLJHIFFAB57CB,下橋子頭段,16.50,都市：住,1000000,4514,持分移轉,02800000
RPPOMLTLJHIFFAB47CB,下橋子頭段,22.31,都市：住,1000000,6101,持分移轉,02800000
RPQOMLTLJHIFFAB57CB,下橋子頭段,22.31,都市：住,1000000,6101,持分移轉,02800000
RPROMLTLJHIFFAB67CB,下橋子頭段,17.03,都市：住,1000000,4657,持分移轉,02800000
RPXPMLTLJHIFFAB38CB,下橋子頭段,16.50,都市：住,1000000,4514,持分移轉,02800000
RPWPMLTLJHIFFAB28CB,下橋子頭段,16.84,都市：住,1000000,4607,持分移轉,02800000
RPOQMLTLJHIFFAB57CB,下橋子頭段,16.84,都市：住,1000000,4607,持分移轉,02800000
RPSQMLTLJHIFFAB97CB,下橋子頭段,22.17,都市：住,1000000,6065,持分移轉,02800000
RPTQMLTLJHIFFAB08CB,下橋子頭段,22.29,都市：住,1000000,6096,持分移轉,02800000
RPPQMLTLJHIFFAB67CB,下橋子頭段,16.97,都市：住,1000000,4642,持分移轉,02800000
RPRQMLTLJHIFFAB87CB,下橋子頭段,17.89,都市：住,1000000,4893,持分移轉,02800000
RPVPMLTLJHIFFAB18CB,下橋子頭段,16.97,都市：住,1000000,4642,持分移轉,02800000
RPUQMLTLJHIFFAB18CB,下橋子頭段,17.99,都市：住,1000000,4921,持分移轉,02800000
RPPRMLTLJHIFFAB77CB,下橋子頭段,17.03,都市：住,1000000,4657,持分移轉,02800000
RPWQMLTLJHIFFAB38CB,下橋子頭段,16.99,都市：住,1000000,4647,持分移轉,02800000
RPQRMLTLJHIFFAB87CB,下橋子頭段,16.97,都市：住,1000000,4642,持分移轉,02800000
RPRRMLTLJHIFFAB97CB,下橋子頭段,16.84,都市：住,1000000,4607,持分移轉,02800000
RPORMLTLJHIFFAB67CB,下橋子頭段,22.31,都市：住,1000000,6101,持分移轉,02800000
RPVRMLTLJHIFFAB38CB,下橋子頭段,16.97,都市：住,1000000,4642,持分移轉,02800000
RPWRMLTLJHIFFAB48CB,下橋子頭段,17.89,都市：住,1000000,4893,持分移轉,02800000
RPQSMLTLJHIFFAB97CB,下橋子頭段,17.99,都市：住,1000000,4921,持分移轉,02800000
RPVSMLTLJHIFFAB48CB,下橋子頭段,17.03,都市：住,1000000,4657,持分移轉,02800000
RPUSMLTLJHIFFAB38CB,下橋子頭段,22.31,都市：住,1000000,6101,持分移轉,02800000
RPWSMLTLJHIFFAB58CB,下橋子頭段,16.97,都市：住,1000000,4642,持分移轉,02800000
RPXQMLTLJHIFFAB48CB,下橋子頭段,22.31,都市：住,1000000,6101,持分移轉,02800000
RPXRMLTLJHIFFAB58CB,下橋子頭段,22.17,都市：住,1000000,6065,持分移轉,02800000
RPTRMLTLJHIFFAB18CB,下橋子頭段,16.84,都市：住,1000000,4607,持分移轉,02800000
RPRSMLTLJHIFFAB08CB,下橋子頭段,16.99,都市：住,1000000,4647,持分移轉,02800000
RPTSMLTLJHIFFAB28CB,下橋子頭段,22.31,都市：住,1000000,6101,持分移轉,02800000
RPOSMLTLJHIFFAB77CB,下橋子頭段,22.19,都市：住,1000000,6069,持分移轉,02800000
RPXSMLTLJHIFFAB68CB,下橋子頭段,16.84,都市：住,1000000,4607,持分移轉,02800000
RPOTMLTLJHIFFAB87CB,下橋子頭段,16.50,都市：住,1000000,4514,持分移轉,02800000
RPQTMLTLJHIFFAB08CB,下橋子頭段,16.84,都市：住,1000000,4607,持分移轉,02800000
RPOWMLTLJHIFFAB18CB,下橋子頭段,22.31,都市：住,1000000,6101,持分移轉,02800000
RPTONLTLJHIFFAB97CB,下橋子頭段,16.97,都市：住,1000000,4642,持分移轉,02800000
RPPVMLTLJHIFFAB18CB,下橋子頭段,22.29,都市：住,1000000,6096,持分移轉,02800000
RPWUMLTLJHIFFAB78CB,下橋子頭段,22.17,都市：住,1000000,6065,持分移轉,02800000
RPUVMLTLJHIFFAB68CB,下橋子頭段,17.99,都市：住,1000000,4921,持分移轉,02800000
RPRTMLTLJHIFFAB18CB,下橋子頭段,16.97,都市：住,1000000,4642,持分移轉,02800000
RPVUMLTLJHIFFAB68CB,下橋子頭段,17.89,都市：住,1000000,4893,持分移轉,02800000
RPUONLTLJHIFFAB08CB,下橋子頭段,16.84,都市：住,1000000,4607,持分移轉,02800000
RPRWMLTLJHIFFAB48CB,下橋子頭段,17.03,都市：住,1000000,4657,持分移轉,02800000
RPSPNLTLJHIFFAB97CB,下橋子頭段,16.84,都市：住,1000000,4607,持分移轉,02800000
RPWVMLTLJHIFFAB88CB,下橋子頭段,16.99,都市：住,1000000,4647,持分移轉,02800000
RPVPNLTLJHIFFAB28CB,下橋子頭段,16.97,都市：住,1000000,4642,持分移轉,02800000
RPOPNLTLJHIFFAB57CB,下橋子頭段,16.50,都市：住,1000000,4514,持分移轉,02800000
RPOQNLTLJHIFFAB67CB,下橋子頭段,17.89,都市：住,1000000,4893,持分移轉,02800000
RPRTNLTLJHIFFAB28CB,下橋子頭段,16.99,都市：住,1000000,4647,持分移轉,02800000
RPQTNLTLJHIFFAB18CB,下橋子頭段,17.99,都市：住,1000000,4921,持分移轉,02800000
RPVQNLTLJHIFFAB38CB,下橋子頭段,22.17,都市：住,1000000,6065,持分移轉,02800000
RPPNMLKMJHIFFAB56CB,下橋子頭段,17.03,都市：住,1000000,4657,持分移轉,02800000
RPRRNLTLJHIFFAB08CB,下橋子頭段,22.19,都市：住,1000000,6069,持分移轉,02800000
RPQNMLKMJHIFFAB66CB,下橋子頭段,16.97,都市：住,1000000,4642,持分移轉,02800000
RPSNMLKMJHIFFAB86CB,下橋子頭段,16.50,都市：住,1000000,4514,持分移轉,02800000
RPSTNLTLJHIFFAB38CB,下橋子頭段,22.31,都市：住,1000000,6101,持分移轉,02800000
RPTTNLTLJHIFFAB48CB,下橋子頭段,22.31,都市：住,1000000,6101,持分移轉,02800000
RPRNMLKMJHIFFAB76CB,下橋子頭段,16.84,都市：住,1000000,4607,持分移轉,02800000
RPTNMLKMJHIFFAB96CB,下橋子頭段,16.84,都市：住,1000000,4607,持分移轉,02800000
RPRNMLLMJHIFFAB86CB,下橋子頭段,22.31,都市：住,1000000,6101,持分移轉,02800000
RPUNMLKMJHIFFAB07CB,下橋子頭段,16.97,都市：住,1000000,4642,持分移轉,02800000
RPXNMLKMJHIFFAB37CB,下橋子頭段,22.29,都市：住,1000000,6096,持分移轉,02800000
RPVNMLKMJHIFFAB17CB,下橋子頭段,17.89,都市：住,1000000,4893,持分移轉,02800000
RPPNMLLMJHIFFAB66CB,下橋子頭段,16.99,都市：住,1000000,4647,持分移轉,02800000
RPWNMLKMJHIFFAB27CB,下橋子頭段,22.17,都市：住,1000000,6065,持分移轉,02800000
RPTNMLLMJHIFFAB07CB,下橋子頭段,17.03,都市：住,1000000,4657,持分移轉,02800000
RPOOMLKMJHIFFAB56CB,下橋子頭段,17.99,都市：住,1000000,4921,持分移轉,02800000
RPSNMLLMJHIFFAB96CB,下橋子頭段,22.31,都市：住,1000000,6101,持分移轉,02800000
RPVNMLLMJHIFFAB27CB,下橋子頭段,16.84,都市：住,1000000,4607,持分移轉,02800000
RPOOMLLMJHIFFAB66CB,下橋子頭段,16.97,都市：住,1000000,4642,持分移轉,02800000
RPQOMLLMJHIFFAB86CB,下橋子頭段,22.17,都市：住,1000000,6065,持分移轉,02800000
RPSOMLLMJHIFFAB07CB,下橋子頭段,17.99,都市：住,1000000,4921,持分移轉,02800000
RPWNMLLMJHIFFAB37CB,下橋子頭段,16.50,都市：住,1000000,4514,持分移轉,02800000
RPROMLLMJHIFFAB96CB,下橋子頭段,22.29,都市：住,1000000,6096,持分移轉,02800000
RPTOMLLMJHIFFAB17CB,下橋子頭段,16.99,都市：住,1000000,4647,持分移轉,02800000
RPXNMLLMJHIFFAB47CB,下橋子頭段,16.84,都市：住,1000000,4607,持分移轉,02800000
RPUNMLLMJHIFFAB17CB,下橋子頭段,17.03,都市：住,1000000,4657,持分移轉,02800000
RPPOMLLMJHIFFAB76CB,下橋子頭段,17.89,都市：住,1000000,4893,持分移轉,02800000
RPVOMLLMJHIFFAB37CB,下橋子頭段,22.31,都市：住,1000000,6101,持分移轉,02800000
RPUOMLLMJHIFFAB27CB,下橋子頭段,22.31,都市：住,1000000,6101,持分移轉,02800000
RPWOMLLMJHIFFAB47CB,下橋子頭段,17.03,都市：住,1000000,4657,持分移轉,02800000
RPXOMLLMJHIFFAB57CB,下橋子頭段,17.03,都市：住,1000000,4657,持分移轉,02800000
RPXPMLLMJHIFFAB67CB,下橋子頭段,16.97,都市：住,1000000,4642,持分移轉,02800000
RPVPMLLMJHIFFAB47CB,下橋子頭段,16.50,都市：住,1000000,4514,持分移轉,02800000
RPWPMLLMJHIFFAB57CB,下橋子頭段,16.84,都市：住,1000000,4607,持分移轉,02800000
RPPQMLLMJHIFFAB96CB,下橋子頭段,22.17,都市：住,1000000,6065,持分移轉,02800000
RPRQMLLMJHIFFAB17CB,下橋子頭段,22.29,都市：住,1000000,6096,持分移轉,02800000
RPSQMLLMJHIFFAB27CB,下橋子頭段,17.99,都市：住,1000000,4921,持分移轉,02800000
RPPPMLLMJHIFFAB86CB,下橋子頭段,16.84,都市：住,1000000,4607,持分移轉,02800000
RPTQMLLMJHIFFAB37CB,下橋子頭段,16.99,都市：住,1000000,4647,持分移轉,02800000
RPWQMLLMJHIFFAB67CB,下橋子頭段,17.03,都市：住,1000000,4657,持分移轉,02800000
RPUQMLLMJHIFFAB47CB,下橋子頭段,22.31,都市：住,1000000,6101,持分移轉,02800000
RPOQMLLMJHIFFAB86CB,下橋子頭段,17.89,都市：住,1000000,4893,持分移轉,02800000
RPVQMLLMJHIFFAB57CB,下橋子頭段,22.31,都市：住,1000000,6101,持分移轉,02800000
RPXQMLLMJHIFFAB77CB,下橋子頭段,16.97,都市：住,1000000,4642,持分移轉,02800000
RPWRMLLMJHIFFAB77CB,下橋子頭段,17.99,都市：住,1000000,4921,持分移轉,02800000
RPPSMLLMJHIFFAB17CB,下橋子頭段,22.31,都市：住,1000000,6101,持分移轉,02800000
RPTRMLLMJHIFFAB47CB,下橋子頭段,17.89,都市：住,1000000,4893,持分移轉,02800000
RPXRMLLMJHIFFAB87CB,下橋子頭段,16.99,都市：住,1000000,4647,持分移轉,02800000
RPSRMLLMJHIFFAB37CB,下橋子頭段,16.97,都市：住,1000000,4642,持分移轉,02800000
RPORMLLMJHIFFAB96CB,下橋子頭段,16.84,都市：住,1000000,4607,持分移轉,02800000
RPOSMLLMJHIFFAB07CB,下橋子頭段,22.31,都市：住,1000000,6101,持分移轉,02800000
RPVRMLLMJHIFFAB67CB,下橋子頭段,22.29,都市：住,1000000,6096,持分移轉,02800000
RPPRMLLMJHIFFAB07CB,下橋子頭段,16.50,都市：住,1000000,4514,持分移轉,02800000
RPSSMLLMJHIFFAB47CB,下橋子頭段,19.29,都市：住,1000000,5276,持分移轉,02800000
RPTSMLLMJHIFFAB57CB,下橋子頭段,19.33,都市：住,1000000,5286,持分移轉,02800000
RPWSMLLMJHIFFAB87CB,下橋子頭段,19.33,都市：住,1000000,5287,持分移轉,02800000
RPRSMLLMJHIFFAB37CB,下橋子頭段,26.30,都市：住,1000000,7194,持分移轉,02800000
RPXSMLLMJHIFFAB97CB,下橋子頭段,19.29,都市：住,1000000,5276,持分移轉,02800000
RPPTMLLMJHIFFAB27CB,下橋子頭段,22.20,都市：住,1000000,6071,持分移轉,02800000
RPTTMLLMJHIFFAB67CB,下橋子頭段,20.86,都市：住,1000000,5706,持分移轉,02800000
RPVSMLLMJHIFFAB77CB,下橋子頭段,18.44,都市：住,1000000,5043,持分移轉,02800000
RPXTMLLMJHIFFAB08CB,下橋子頭段,22.97,都市：住,1000000,6282,持分移轉,02800000
RPOVMLLMJHIFFAB37CB,下橋子頭段,40.02,都市：住,1000000,10946,持分移轉,02800000
RPQSMLLMJHIFFAB27CB,下橋子頭段,17.03,都市：住,1000000,4657,持分移轉,02800000
RPPVMLLMJHIFFAB47CB,下橋子頭段,18.43,都市：住,1000000,5040,持分移轉,02800000
RPWTMLLMJHIFFAB97CB,下橋子頭段,23.01,都市：住,1000000,6295,持分移轉,02800000
