﻿編號,車位類別,車位價格,車位面積平方公尺,車位所在樓層
Serial number,berth category,berth price,berth area square meter,
RPWPMLMLJIHFFCF38EB,塔式車位,1250000,20.50,
RPTPMLMLJIHFFCF08EB,塔式車位,1250000,20.50,
RPUPMLMLJIHFFCF18EB,塔式車位,1250000,20.50,
RPVPMLMLJIHFFCF28EB,塔式車位,1250000,20.50,
RPOQMLMLJIHFFCF67EB,塔式車位,1250000,20.50,
RPXPMLMLJIHFFCF48EB,塔式車位,1250000,20.50,
RPTOMLNLJIHFFEF08CB,坡道平面,1300000,34.31,
RPSOMLNLJIHFFEF97CB,坡道平面,1250000,34.31,
RPROMLNLJIHFFEF87CB,坡道平面,1150000,32.23,
RPVOMLNLJIHFFEF28CB,坡道平面,1200000,34.31,
RPUOMLNLJIHFFEF18CB,坡道平面,1200000,34.31,
RPPPMLNLJIHFFEF77CB,坡道平面,1200000,34.31,
RPOPMLNLJIHFFEF67CB,坡道平面,1250000,34.31,
RPQPMLNLJIHFFEF87CB,坡道平面,1250000,34.31,
RPXPMLNLJIHFFEF58CB,坡道平面,1250000,34.31,
RPRQMLNLJIHFFEF08CB,坡道平面,1150000,32.23,
RPUPMLNLJIHFFEF28CB,坡道平面,1150000,32.23,
RPWPMLNLJIHFFEF48CB,坡道平面,1250000,34.31,
RPTPMLNLJIHFFEF18CB,坡道平面,1200000,32.23,
RPVPMLNLJIHFFEF38CB,坡道平面,1200000,34.31,
RPSPMLNLJIHFFEF08CB,坡道平面,1200000,32.23,
RPRPMLNLJIHFFEF97CB,坡道平面,1200000,34.31,
RPSQMLNLJIHFFEF18CB,坡道平面,1150000,32.23,
RPTQMLNLJIHFFEF28CB,坡道平面,1250000,34.31,
RPUQMLNLJIHFFEF38CB,坡道平面,1250000,34.31,
RPQOMLNLJIHFFEF77CB,坡道平面,1150000,32.23,
RPVQMLNLJIHFFEF48CB,坡道平面,1200000,34.31,
RPXQMLNLJIHFFEF68CB,坡道平面,1150000,32.23,
RPWQMLNLJIHFFEF58CB,坡道平面,1200000,32.23,
RPRRMLNLJIHFFEF18CB,坡道平面,1200000,34.31,
RPURMLNLJIHFFEF48CB,坡道平面,1200000,34.31,
RPOSMLNLJIHFFEF97CB,坡道平面,1100000,34.31,
RPOSMLNLJIHFFEF97CB,坡道平面,1100000,34.31,
RPQSMLNLJIHFFEF18CB,坡道平面,1150000,32.23,
RPTSMLNLJIHFFEF48CB,坡道平面,1200000,34.31,
RPUSMLNLJIHFFEF58CB,坡道平面,1200000,32.23,
RPVSMLNLJIHFFEF68CB,坡道平面,1150000,32.23,
RPPTMLNLJIHFFEF18CB,坡道平面,1200000,32.23,
RPRTMLNLJIHFFEF38CB,坡道平面,1200000,32.23,
RPPNMLPLJIHFFEF77CB,坡道平面,1300000,34.31,
RPQNMLPLJIHFFEF87CB,坡道平面,1250000,34.31,
RPWTMLNLJIHFFEF88CB,坡道平面,1250000,34.31,
RPPOMLPLJIHFFEF87CB,坡道平面,1250000,34.31,
RPVNMLPLJIHFFEF38CB,坡道平面,1150000,32.23,
RPQOMLPLJIHFFEF97CB,坡道平面,1200000,34.31,
RPRNMLPLJIHFFEF97CB,坡道平面,1200000,32.23,
RPROMLPLJIHFFEF08CB,坡道平面,1300000,34.31,
RPWNMLPLJIHFFEF48CB,坡道平面,1150000,32.23,
RPXNMLPLJIHFFEF58CB,坡道平面,1250000,32.23,
RPOOMLPLJIHFFEF77CB,坡道平面,1250000,34.31,
RPWOMLPLJIHFFEF58CB,坡道平面,1200000,34.31,
RPUOMLPLJIHFFEF38CB,坡道平面,1250000,34.31,
RPOPMLPLJIHFFEF87CB,坡道平面,1250000,34.31,
RPOQMLPLJIHFFEF97CB,坡道平面,1250000,32.23,
RPUPMLPLJIHFFEF48CB,坡道平面,1200000,34.31,
RPPQMLPLJIHFFEF08CB,坡道平面,1250000,34.31,
RPTPMLPLJIHFFEF38CB,坡道平面,1250000,34.31,
RPXPMLPLJIHFFEF78CB,坡道平面,1300000,34.31,
RPSQMLPLJIHFFEF38CB,坡道平面,1200000,34.31,
RPRPMLPLJIHFFEF18CB,坡道平面,1150000,32.23,
RPRQMLPLJIHFFEF28CB,坡道平面,1200000,34.31,
RPQPMLPLJIHFFEF08CB,坡道平面,1200000,34.31,
RPQQMLPLJIHFFEF18CB,坡道平面,1200000,34.31,
RPTQMLPLJIHFFEF48CB,坡道平面,1300000,34.31,
RPVQMLPLJIHFFEF68CB,坡道平面,1250000,34.31,
RPUQMLPLJIHFFEF58CB,坡道平面,1250000,34.31,
RPWQMLPLJIHFFEF78CB,坡道平面,1200000,34.31,
RPXQMLPLJIHFFEF88CB,坡道平面,1200000,34.31,
RPORMLPLJIHFFEF08CB,坡道平面,1200000,34.31,
RPPRMLPLJIHFFEF18CB,坡道平面,1250000,34.31,
RPQRMLPLJIHFFEF28CB,坡道平面,1200000,32.23,
RPRRMLPLJIHFFEF38CB,坡道平面,1300000,34.31,
RPPNMLQLJIHFFEF87CB,坡道平面,1300000,34.31,
RPSNMLQLJIHFFEF18CB,坡道平面,1200000,34.31,
RPWNMLQLJIHFFEF58CB,坡道平面,1200000,32.23,
RPQOMLRLJIHFFEF18CB,坡道平面,1300000,34.31,
RPWOMLRLJIHFFEF78CB,坡道平面,1250000,34.31,
RPSOMLSLJIHFFEF48CB,坡道平面,1300000,34.31,
RPQOMLSLJIHFFEF28CB,坡道平面,1250000,34.31,
RPOPMLRLJIHFFEF08CB,坡道平面,1300000,34.31,
RPRPMLRLJIHFFEF38CB,坡道平面,1300000,34.31,
RPOOMLSLJIHFFEF08CB,坡道平面,1250000,34.31,
RPSPMLRLJIHFFEF48CB,坡道平面,1300000,34.31,
RPQPMLRLJIHFFEF28CB,坡道平面,1250000,34.31,
RPSOMLRLJIHFFEF38CB,坡道平面,1250000,34.31,
RPUOMLRLJIHFFEF58CB,坡道平面,1250000,32.23,
RPTOMLSLJIHFFEF58CB,坡道平面,1200000,34.31,
RPWOMLSLJIHFFEF88CB,坡道平面,1000000,32.23,
RPWOMLSLJIHFFEF88CB,坡道平面,1000000,32.23,
RPPPMLSLJIHFFEF28CB,坡道平面,1200000,34.31,
RPXOMLSLJIHFFEF98CB,坡道平面,1250000,34.31,
RPVOMLSLJIHFFEF78CB,坡道平面,1250000,34.31,
RPQPMLSLJIHFFEF38CB,坡道平面,1200000,34.31,
RPSPMLSLJIHFFEF58CB,坡道平面,1200000,34.31,
RPUPMLSLJIHFFEF78CB,坡道平面,1250000,34.31,
RPVPMLSLJIHFFEF88CB,坡道平面,1250000,34.31,
RPXPMLSLJIHFFEF09CB,坡道平面,1200000,32.23,
RPWPMLSLJIHFFEF98CB,坡道平面,1250000,32.23,
RPQQMLSLJIHFFEF48CB,坡道平面,1200000,32.23,
RPTQMLSLJIHFFEF78CB,坡道平面,1200000,34.31,
RPPQMLSLJIHFFEF38CB,坡道平面,1200000,32.23,
RPSQMLSLJIHFFEF68CB,坡道平面,1200000,34.31,
RPPRMLSLJIHFFEF48CB,坡道平面,1150000,32.23,
RPVQMLSLJIHFFEF98CB,坡道平面,1200000,34.31,
RPURMLSLJIHFFEF98CB,坡道平面,1150000,32.23,
RPTRMLSLJIHFFEF88CB,坡道平面,1250000,32.23,
RPXRMLSLJIHFFEF66CB,坡道平面,1150000,32.23,
RPVRMLSLJIHFFEF09CB,坡道平面,1300000,34.31,
RPRRMLSLJIHFFEF68CB,坡道平面,1250000,32.23,
RPSOMLTLJIHFFEF58CB,坡道平面,1200000,32.23,
RPWRMLSLJIHFFEF56CB,坡道平面,1200000,34.31,
RPROMLTLJIHFFEF48CB,坡道平面,1250000,34.31,
RPUOMLTLJIHFFEF78CB,坡道平面,1150000,32.23,
RPVOMLTLJIHFFEF88CB,坡道平面,1200000,34.31,
RPTOMLTLJIHFFEF68CB,坡道平面,1150000,32.23,
RPTPMLTLJIHFFEF78CB,坡道平面,1150000,32.23,
RPOSMLTLJIHFFEF58CB,坡道平面,1250000,34.31,
RPXRMLTLJIHFFEF76CB,坡道平面,1200000,32.23,
RPTQMLTLJIHFFEF88CB,坡道平面,1250000,32.23,
RPSRMLTLJIHFFEF88CB,坡道平面,1200000,34.31,
RPPSMLTLJIHFFEF68CB,坡道平面,1250000,32.23,
RPQSMLTLJIHFFEF78CB,坡道平面,1200000,34.31,
RPWOMLTLJIHFFEF98CB,坡道平面,1200000,34.31,
RPSQMLTLJIHFFEF78CB,坡道平面,1150000,32.23,
RPQRMLTLJIHFFEF68CB,坡道平面,1200000,34.31,
RPRSMLTLJIHFFEF88CB,坡道平面,1300000,34.31,
RPTSMLTLJIHFFEF09CB,坡道平面,1250000,34.31,
RPSSMLTLJIHFFEF98CB,坡道平面,1250000,34.31,
RPUSMLTLJIHFFEF56CB,坡道平面,1250000,32.23,
RPQOMLOJKIHFFEF77CB,坡道平面,1200000,32.23,
RPWOMLOJKIHFFEF38CB,坡道平面,1300000,34.31,
RPXOMLOJKIHFFEF48CB,坡道平面,1300000,34.31,
RPTOMLOJKIHFFEF08CB,坡道平面,1150000,32.23,
RPUOMLOJKIHFFEF18CB,坡道平面,1300000,34.31,
RPSOMLOJKIHFFEF97CB,坡道平面,1200000,34.31,
RPOPMLOJKIHFFEF67CB,坡道平面,1250000,34.31,
RPQPMLOJKIHFFEF87CB,坡道平面,1250000,34.31,
RPTPMLOJKIHFFEF18CB,坡道平面,1150000,32.23,
RPRPMLOJKIHFFEF97CB,坡道平面,1250000,34.31,
RPVPMLOJKIHFFEF38CB,坡道平面,1250000,34.31,
RPUPMLOJKIHFFEF28CB,坡道平面,1250000,34.31,
RPPPMLOJKIHFFEF77CB,坡道平面,1250000,34.31,
RPWPMLOJKIHFFEF48CB,坡道平面,1250000,34.31,
RPSPMLOJKIHFFEF08CB,坡道平面,1250000,34.31,
RPXPMLOJKIHFFEF58CB,坡道平面,1300000,34.31,
RPQQMLOJKIHFFEF97CB,坡道平面,1200000,34.31,
RPTQMLOJKIHFFEF28CB,坡道平面,1200000,34.31,
RPPQMLOJKIHFFEF87CB,坡道平面,1150000,32.23,
RPSQMLOJKIHFFEF18CB,坡道平面,1250000,34.31,
RPVQMLOJKIHFFEF48CB,坡道平面,1250000,32.23,
RPWQMLOJKIHFFEF58CB,坡道平面,1250000,34.31,
RPQRMLOJKIHFFEF08CB,坡道平面,1200000,34.31,
RPXQMLOJKIHFFEF68CB,坡道平面,1200000,34.31,
RPPRMLOJKIHFFEF97CB,坡道平面,1200000,34.31,
RPORMLOJKIHFFEF87CB,坡道平面,1200000,34.31,
RPQSMLOJKIHFFEF18CB,坡道平面,1150000,32.23,
RPWSMLOJKIHFFEF78CB,坡道平面,1200000,34.31,
RPTRMLOJKIHFFEF38CB,坡道平面,1200000,34.31,
RPURMLOJKIHFFEF48CB,坡道平面,1200000,34.31,
RPRSMLOJKIHFFEF28CB,坡道平面,1150000,32.23,
RPOSMLOJKIHFFEF97CB,坡道平面,1150000,32.23,
RPXRMLOJKIHFFEF78CB,坡道平面,1200000,34.31,
RPRRMLOJKIHFFEF18CB,坡道平面,1250000,34.31,
RPSRMLOJKIHFFEF28CB,坡道平面,1250000,34.31,
RPSTMLOJKIHFFEF48CB,坡道平面,1150000,32.23,
RPPNMLSJKIHFFEF97CB,坡道平面,1150000,32.23,
RPSOMLSJKIHFFEF38CB,坡道平面,1250000,34.31,
RPUOMLSJKIHFFEF58CB,坡道平面,1200000,32.23,
RPRNMLSJKIHFFEF18CB,坡道平面,1150000,32.23,
RPSNMLSJKIHFFEF28CB,坡道平面,1250000,34.31,
RPPPMLSJKIHFFEF18CB,坡道平面,1200000,32.23,
RPWOMLSJKIHFFEF78CB,坡道平面,1200000,32.23,
RPOOMLSJKIHFFEF97CB,坡道平面,1250000,32.23,
RPVOMLSJKIHFFEF68CB,坡道平面,1200000,34.31,
RPQPMLSJKIHFFEF28CB,坡道平面,1200000,34.31,
RPRNMLKKKIHFFIF87CB,坡道平面,1350000,27.97,
RPRPMLSJKIHFFEF38CB,坡道平面,1250000,34.31,
RPSNMLKKKIHFFIF97CB,坡道平面,1350000,27.97,
RPUNMLKKKIHFFIF18CB,坡道平面,1300000,27.97,
RPVNMLKKKIHFFIF28CB,坡道平面,1300000,27.97,
RPXNMLKKKIHFFIF48CB,坡道平面,1350000,27.97,
RPWNMLKKKIHFFIF38CB,坡道平面,1300000,27.97,
RPTNMLKKKIHFFIF08CB,坡道平面,1300000,27.97,
RPOOMLKKKIHFFIF67CB,坡道平面,1300000,27.97,
RPUOMLKKKIHFFIF28CB,坡道平面,1350000,27.97,
RPQOMLKKKIHFFIF87CB,坡道平面,1350000,27.97,
RPSOMLKKKIHFFIF08CB,坡道平面,1300000,27.97,
RPROMLKKKIHFFIF97CB,坡道平面,1300000,27.97,
RPPOMLKKKIHFFIF77CB,坡道平面,1300000,27.97,
RPWOMLKKKIHFFIF48CB,坡道平面,1300000,27.97,
RPTOMLKKKIHFFIF18CB,坡道平面,1300000,27.97,
RPXOMLKKKIHFFIF58CB,坡道平面,1300000,27.97,
RPOPMLKKKIHFFIF77CB,坡道平面,1350000,27.97,
RPPPMLKKKIHFFIF87CB,坡道平面,1350000,27.97,
RPSPMLKKKIHFFIF18CB,坡道平面,1300000,27.97,
RPRPMLKKKIHFFIF08CB,坡道平面,1300000,27.97,
RPTPMLSJKIHFFEF58CB,坡道平面,1300000,34.31,
RPUPMLKKKIHFFIF38CB,坡道平面,1300000,27.97,
RPQPMLKKKIHFFIF97CB,坡道平面,1300000,27.97,
RPTPMLKKKIHFFIF28CB,坡道平面,1300000,27.97,
RPVPMLKKKIHFFIF48CB,坡道平面,1300000,27.97,
RPWPMLKKKIHFFIF58CB,坡道平面,1250000,25.91,
RPXPMLKKKIHFFIF68CB,坡道平面,1300000,27.97,
RPQQMLKKKIHFFIF08CB,坡道平面,1300000,27.97,
RPOQMLKKKIHFFIF87CB,坡道平面,1300000,27.97,
RPSQMLKKKIHFFIF28CB,坡道平面,1300000,27.97,
RPRQMLKKKIHFFIF18CB,坡道平面,1300000,27.97,
RPPQMLKKKIHFFIF97CB,坡道平面,1300000,27.97,
RPVQMLKKKIHFFIF58CB,坡道平面,1350000,27.97,
RPXQMLKKKIHFFIF78CB,坡道平面,1350000,27.97,
RPTQMLKKKIHFFIF38CB,坡道平面,1300000,27.97,
RPORMLKKKIHFFIF97CB,坡道平面,1350000,27.97,
RPWQMLKKKIHFFIF68CB,坡道平面,1300000,27.97,
RPPRMLKKKIHFFIF08CB,坡道平面,880000,27.97,
RPQRMLKKKIHFFIF18CB,坡道平面,920000,27.97,
RPRRMLKKKIHFFIF28CB,坡道平面,990000,27.97,
RPPRMLTKKIHFFBF28CB,坡道平面,1950000,36.01,
RPSRMLKKKIHFFIF38CB,坡道平面,1350000,27.97,
RPOTMLQLKIHFFBF18CB,坡道平面,1800000,36.01,
RPUTMLQLKIHFFBF78CB,坡道平面,1980000,36.01,
RPPTMLQLKIHFFBF28CB,坡道平面,1950000,36.01,
RPRRMLTKKIHFFBF48CB,坡道平面,1980000,36.01,
RPWTMLQLKIHFFBF98CB,坡道平面,2100000,15.00,
RPVTMLQLKIHFFBF88CB,坡道平面,1900000,15.00,
RPURMLTKKIHFFBF78CB,坡道平面,1980000,36.01,
RPTTMLQLKIHFFBF68CB,坡道平面,1950000,,
RPXSMLQLKIHFFBF98CB,坡道平面,1700000,36.01,
RPSTMLQLKIHFFBF58CB,坡道平面,1850000,36.01,
RPPUMLQLKIHFFBF38CB,坡道平面,1800000,36.01,
RPUUMLQLKIHFFBF88CB,坡道平面,1780000,36.01,
RPRUMLQLKIHFFBF58CB,坡道平面,1700000,36.01,
RPQUMLQLKIHFFBF48CB,坡道平面,2100000,15.00,
RPXUMLQLKIHFFBF56CB,坡道平面,1900000,15.00,
RPTUMLQLKIHFFBF78CB,坡道平面,1800000,36.01,
RPVUMLQLKIHFFBF98CB,坡道平面,2000000,15.00,
RPSUMLQLKIHFFBF68CB,坡道平面,2000000,15.00,
RPOVMLQLKIHFFBF38CB,坡道平面,1850000,12.94,
RPQVMLQLKIHFFBF58CB,坡道平面,2000000,15.00,
RPPVMLQLKIHFFBF48CB,坡道平面,1850000,12.94,
RPOWMLQLKIHFFBF48CB,坡道平面,1700000,15.00,
RPPWMLQLKIHFFBF58CB,坡道平面,1900000,15.00,
RPQSMLRLKIHFFBF38CB,坡道平面,1900000,,
RPXVMLQLKIHFFBF66CB,坡道平面,1800000,15.00,
RPQWMLQLKIHFFBF68CB,坡道平面,1900000,15.00,
RPTSMLRLKIHFFBF68CB,坡道平面,1950000,12.94,
RPQTMLRLKIHFFBF48CB,坡道平面,1900000,15.00,
RPXSMLRLKIHFFBF09CB,坡道平面,1850000,12.94,
RPUSMLRLKIHFFBF78CB,坡道平面,2100000,,
RPSSMLRLKIHFFBF58CB,坡道平面,1950000,12.94,
RPVSMLRLKIHFFBF88CB,坡道平面,1900000,15.00,
RPUTMLRLKIHFFBF88CB,坡道平面,2000000,,
RPRTMLRLKIHFFBF58CB,坡道平面,1900000,15.00,
RPVTMLRLKIHFFBF98CB,坡道平面,1950000,12.94,
RPSTMLRLKIHFFBF68CB,坡道平面,1950000,12.94,
RPWTMLRLKIHFFBF09CB,坡道平面,1900000,15.00,
RPXTMLRLKIHFFBF56CB,坡道平面,1950000,15.00,
RPRUMLRLKIHFFBF68CB,坡道平面,1900000,15.00,
RPPUMLRLKIHFFBF48CB,坡道平面,2000000,15.00,
RPSUMLRLKIHFFBF78CB,坡道平面,2100000,15.00,
RPQUMLRLKIHFFBF58CB,坡道平面,1900000,15.00,
RPOUMLRLKIHFFBF38CB,坡道平面,1950000,12.94,
RPVUMLRLKIHFFBF09CB,坡道平面,2050000,15.00,
RPWUMLRLKIHFFBF56CB,坡道平面,2100000,15.00,
RPXUMLRLKIHFFBF66CB,坡道平面,2100000,15.00,
RPOVMLRLKIHFFBF48CB,坡道平面,2150000,15.00,
RPTUMLRLKIHFFBF88CB,坡道平面,2000000,15.00,
RPUUMLRLKIHFFBF98CB,坡道平面,2000000,15.00,
RPPVMLRLKIHFFBF58CB,坡道平面,1720000,15.00,
RPSVMLRLKIHFFBF88CB,坡道平面,2100000,15.00,
RPTVMLRLKIHFFBF98CB,坡道平面,1900000,15.00,
RPWVMLRLKIHFFBF66CB,坡道平面,2200000,15.00,
RPRVMLRLKIHFFBF78CB,坡道平面,1900000,15.00,
RPUVMLRLKIHFFBF09CB,坡道平面,2000000,15.00,
RPQWMLRLKIHFFBF78CB,坡道平面,1900000,15.00,
RPQVMLRLKIHFFBF68CB,坡道平面,1850000,12.94,
RPPWMLRLKIHFFBF68CB,坡道平面,2000000,15.00,
RPXVMLRLKIHFFBF76CB,坡道平面,2000000,15.00,
RPTWMLRLKIHFFBF09CB,坡道平面,2000000,15.00,
RPRWMLRLKIHFFBF88CB,坡道平面,2100000,15.00,
RPSWMLRLKIHFFBF98CB,坡道平面,2000000,,
RPUWMLRLKIHFFBF56CB,坡道平面,2000000,15.00,
RPPNMLLJJHIFFBF86CB,坡道平面,1800000,36.01,
RPUNMLLJJHIFFBF37CB,坡道平面,1800000,36.01,
RPVNMLLJJHIFFBF47CB,坡道平面,1800000,36.01,
RPXNMLLJJHIFFBF67CB,坡道平面,3570000,36.01,
RPXNMLLJJHIFFBF67CB,坡道平面,0,36.01,
RPTNMLLJJHIFFBF27CB,坡道平面,1800000,36.01,
RPRNMLLJJHIFFBF07CB,坡道平面,1800000,36.01,
RPSNMLLJJHIFFBF17CB,坡道平面,1950000,36.00,
RPQNMLLJJHIFFBF96CB,坡道平面,1780000,36.01,
RPWNMLLJJHIFFBF57CB,坡道平面,1800000,36.01,
RPVWMLRLKIHFFBF66CB,坡道平面,2000000,15.00,
RPPPMLQKJHIFFEF97CB,坡道平面,1200000,34.31,
RPTPMLQKJHIFFEF38CB,坡道平面,1200000,34.31,
RPRPMLQKJHIFFEF18CB,坡道平面,1200000,34.31,
RPWPMLQKJHIFFEF68CB,坡道平面,1200000,34.31,
RPXPMLQKJHIFFEF78CB,坡道平面,1200000,34.31,
RPVPMLQKJHIFFEF58CB,坡道平面,1200000,34.31,
RPSOMLLJJHIFFBF27CB,坡道平面,1850000,36.01,
RPQOMLLJJHIFFBF07CB,坡道平面,1750000,36.01,
RPROMLLJJHIFFBF17CB,坡道平面,1900000,36.01,
RPOOMLLJJHIFFBF86CB,坡道平面,1880000,36.01,
RPUOMLLJJHIFFBF47CB,坡道平面,1800000,36.01,
RPPOMLLJJHIFFBF96CB,坡道平面,1800000,36.01,
RPTOMLLJJHIFFBF37CB,坡道平面,1800000,36.01,
RPOQMLQKJHIFFEF97CB,坡道平面,1200000,34.31,
RPVQMLQKJHIFFEF68CB,坡道平面,1250000,34.31,
RPPQMLQKJHIFFEF08CB,坡道平面,1200000,32.23,
RPQQMLQKJHIFFEF18CB,坡道平面,1250000,34.31,
RPXQMLQKJHIFFEF88CB,坡道平面,1300000,34.31,
RPUQMLQKJHIFFEF58CB,坡道平面,1250000,34.31,
RPORMLQKJHIFFEF08CB,坡道平面,1200000,34.31,
RPWQMLQKJHIFFEF78CB,坡道平面,1300000,34.31,
RPTQMLQKJHIFFEF48CB,坡道平面,1250000,34.31,
RPSQMLQKJHIFFEF38CB,坡道平面,1250000,34.31,
RPRQMLQKJHIFFEF28CB,坡道平面,1250000,34.31,
RPSRMLQKJHIFFEF48CB,坡道平面,1200000,34.31,
RPQRMLQKJHIFFEF28CB,坡道平面,1200000,34.31,
RPTRMLQKJHIFFEF58CB,坡道平面,1150000,32.23,
RPPRMLQKJHIFFEF18CB,坡道平面,1250000,34.31,
RPRRMLQKJHIFFEF38CB,坡道平面,1150000,32.23,
RPURMLQKJHIFFEF68CB,坡道平面,1150000,32.23,
RPWRMLQKJHIFFEF88CB,坡道平面,1250000,34.31,
RPTTMLQKJHIFFEF78CB,坡道平面,1250000,34.31,
RPRSMLQKJHIFFEF48CB,坡道平面,1200000,34.31,
RPQTMLQKJHIFFEF48CB,坡道平面,1200000,34.31,
RPOTMLQKJHIFFEF28CB,坡道平面,1200000,34.31,
RPXTMLQKJHIFFEF56CB,坡道平面,1200000,32.23,
RPOUMLQKJHIFFEF38CB,坡道平面,1200000,34.31,
RPOVMLQKJHIFFEF48CB,坡道平面,1200000,34.31,
RPQUMLQKJHIFFEF58CB,坡道平面,1250000,32.23,
RPVUMLQKJHIFFEF09CB,坡道平面,1250000,34.31,
RPUUMLQKJHIFFEF98CB,坡道平面,1300000,34.31,
RPXUMLQKJHIFFEF66CB,坡道平面,1150000,32.23,
RPPVMLQKJHIFFEF58CB,坡道平面,1200000,34.31,
RPWUMLQKJHIFFEF56CB,坡道平面,1200000,32.23,
RPSUMLQKJHIFFEF78CB,坡道平面,1250000,34.31,
RPQVMLQKJHIFFEF68CB,坡道平面,1200000,34.31,
RPPUMLQKJHIFFEF48CB,坡道平面,1250000,34.31,
RPSVMLQKJHIFFEF88CB,坡道平面,1200000,34.31,
RPVVMLQKJHIFFEF56CB,坡道平面,1250000,34.31,
RPWVMLQKJHIFFEF66CB,坡道平面,1250000,34.31,
RPXVMLQKJHIFFEF76CB,坡道平面,1200000,34.31,
RPQWMLQKJHIFFEF78CB,坡道平面,1250000,34.31,
RPRWMLQKJHIFFEF88CB,坡道平面,1300000,34.31,
RPTVMLQKJHIFFEF98CB,坡道平面,1200000,34.31,
RPTWMLQKJHIFFEF09CB,坡道平面,1200000,34.31,
RPSWMLQKJHIFFEF98CB,坡道平面,1300000,34.31,
RPRVMLQKJHIFFEF78CB,坡道平面,1200000,34.31,
RPUWMLQKJHIFFEF56CB,坡道平面,1300000,34.31,
RPOWMLQKJHIFFEF58CB,坡道平面,1200000,34.31,
RPQNMLNLJHIFFEF67CB,坡道平面,1200000,32.23,
RPRNMLNLJHIFFEF77CB,坡道平面,1200000,32.23,
RPUNMLNLJHIFFEF08CB,坡道平面,1200000,34.31,
RPVNMLNLJHIFFEF18CB,坡道平面,1300000,34.31,
RPWNMLNLJHIFFEF28CB,坡道平面,1200000,32.23,
RPPOMLNLJHIFFEF67CB,坡道平面,1200000,34.31,
RPSNMLNLJHIFFEF87CB,坡道平面,1150000,32.23,
RPTNMLNLJHIFFEF97CB,坡道平面,1200000,34.31,
RPQOMLNLJHIFFEF77CB,坡道平面,1250000,34.31,
RPTTMLLMJHIFFBF18CB,坡道平面,0,,
RPUTMLLMJHIFFBF28CB,坡道平面,0,,
RPPUMLLMJHIFFBF87CB,坡道平面,0,,
RPWTMLLMJHIFFBF48CB,坡道平面,0,,
RPQTMLLMJHIFFBF87CB,坡道平面,0,,
RPSTMLLMJHIFFBF08CB,坡道平面,0,,
RPRTMLLMJHIFFBF97CB,坡道平面,0,,
RPSUMLLMJHIFFBF18CB,坡道平面,0,,
RPVTMLLMJHIFFBF38CB,坡道平面,0,,
RPQUMLLMJHIFFBF97CB,坡道平面,0,,
RPUUMLLMJHIFFBF38CB,坡道平面,0,,
RPVUMLLMJHIFFBF48CB,坡道平面,0,,
RPTUMLLMJHIFFBF28CB,坡道平面,0,,
