﻿編號,屋齡,建物移轉面積平方公尺,主要用途,主要建材,建築完成日期,總層數,建物分層
The serial number,room age,building shifting area square meter,the main use,main building materials,construction completes the date,total layer,building lamination
RPSNMLPJJIHFFBJ08CC,3,57.24,商業用,鋼筋混凝土造,99年2月8日,十八層,
RPSNMLPJJIHFFBJ08CC,3,51.04,共用部分,鋼筋混凝土造,99年2月8日,十八層,
RPVNMLPJJIHFFBJ38CC,8,173.14,住家用,鋼筋混凝土造,94年1月11日,二十一層,
RPVNMLPJJIHFFBJ38CC,8,40.01,共用部分,鋼筋混凝土造,94年1月11日,二十一層,
RPVNMLPJJIHFFBJ38CC,8,19.17,共用部分,鋼筋混凝土造,94年1月11日,二十一層,
RPPQMLPJJIHFFBJ08CC,2,139.99,住家用,鋼筋混凝土造,99年12月14日,十四層,
RPPQMLPJJIHFFBJ08CC,2,57.50,本共有部分之項目有防空避難室、停車空間、垃圾處理室、管理空間、廣場式開放空間、蓄水池、消防泵浦室等七項,鋼筋混凝土造,99年12月14日,十五層,
RPPQMLPJJIHFFBJ08CC,2,27.62,本共有部分之項目有梯間等一項,鋼筋混凝土造,99年12月14日,十四層,
RPXPMLPJJIHFFBJ78CC,8,87.69,住家用,鋼筋混凝土造,93年5月24日,十四層,
RPXPMLPJJIHFFBJ78CC,8,9.55,共用部分,鋼筋混凝土造,93年5月24日,十四層,
RPXPMLPJJIHFFBJ78CC,8,39.72,共用部分,鋼筋混凝土造,93年5月24日,十四層,
RPOQMLPJJIHFFBJ97CC,7,87.61,住家用,鋼筋混凝土造,94年10月5日,二十一層,
RPOQMLPJJIHFFBJ97CC,7,16.57,共用部分,鋼筋混凝土造,94年10月5日,二十一層,
RPOQMLPJJIHFFBJ97CC,7,10.07,共用部分,鋼筋混凝土造,94年10月5日,二十一層,
RPPOMLPJJIHFFBJ87CC,4,18.52,住家用,鋼筋混凝土造,97年11月23日,五層,
RPQQMLPJJIHFFBJ18CC,8,85.66,住家用,鋼筋混凝土造,93年5月24日,十四層,
RPQQMLPJJIHFFBJ18CC,8,11.11,共用部分,鋼筋混凝土造,93年5月24日,十四層,
RPQQMLPJJIHFFBJ18CC,8,38.41,共用部分,鋼筋混凝土造,93年5月24日,十四層,
RPOOMLPJJIHFFBJ77CC,6,75.28,住家用,鋼筋混凝土造,95年5月19日,十五層,
RPOOMLPJJIHFFBJ77CC,6,9.95,共用部分,鋼筋混凝土造,95年5月19日,十五層,
RPOOMLPJJIHFFBJ77CC,6,20.28,共用部分,鋼筋混凝土造,95年5月19日,十五層,
RPWNMLPJJIHFFBJ48CC,19,88.01,住家用,鋼筋混凝土造,83年3月18日,八層,
RPWNMLPJJIHFFBJ48CC,19,8.31,共用部分,鋼筋混凝土造,83年3月18日,八層,
RPWNMLPJJIHFFBJ48CC,19,8.84,共用部分,鋼筋混凝土造,83年3月18日,八層,
RPSQMLPJJIHFFBJ38CC,5,132.19,住家用,鋼筋混凝土造,97年4月18日,12,
RPSQMLPJJIHFFBJ38CC,5,24.59,共用部分,鋼筋混凝土造,97年4月18日,十二層,
RPSQMLPJJIHFFBJ38CC,5,71.13,共用部分,鋼筋混凝土造,97年4月18日,十四層,
RPRQMLPJJIHFFBJ28CC,7,94.98,住家用,鋼筋混凝土造,94年9月23日,十四層,
RPRQMLPJJIHFFBJ28CC,7,11.40,共用部分,鋼筋混凝土造,94年9月23日,十四層,
RPRQMLPJJIHFFBJ28CC,7,19.14,共用部分,鋼筋混凝土造,94年9月23日,十五層,
RPTQMLPJJIHFFBJ48CC,1,88.57,住家用,鋼筋混凝土造,100年11月28日,十九層,
RPTQMLPJJIHFFBJ48CC,1,21.34,本共有部分之項目有樓梯間、水箱、機房等３項,鋼筋混凝土造,100年11月28日,十九層,
RPTQMLPJJIHFFBJ48CC,1,74.03,本共有部份之項目有防空避難室兼停車空間、樓梯間、水箱、機房、停車空間及供公眾停車空間、管理員室、頂蓋型廣場式開放空間、健身娛樂室等８項,鋼筋混凝土造,100年11月28日,十九層,
RPWQMLPJJIHFFBJ78CC,5,46.63,住家用,鋼筋混凝土造,96年12月28日,八層,
RPWQMLPJJIHFFBJ78CC,5,48.22,共用部分,鋼筋混凝土造,96年12月28日,九層,
RPWQMLPJJIHFFBJ78CC,5,14.73,共用部分,鋼筋混凝土造,96年12月28日,八層,
RPVQMLPJJIHFFBJ68CC,17,114.64,住家用,鋼筋混凝土造,84年8月4日,十層,
RPVQMLPJJIHFFBJ68CC,17,35.39,共用部分,鋼筋混凝土造,84年8月4日,十層,
RPURMLPJJIHFFBJ68CC,20,66.89,住家用,鋼筋混凝土造,81年5月13日,七層,
RPURMLPJJIHFFBJ68CC,20,12.53,共用部分,鋼筋混凝土造,81年5月13日,七層,
RPURMLPJJIHFFBJ68CC,20,9.53,共用部分,鋼筋混凝土造,81年5月13日,七層,
RPTRMLPJJIHFFBJ58CC,8,28.34,住家用,鋼筋混凝土造,93年11月23日,十層,
RPTRMLPJJIHFFBJ58CC,8,12.05,共用部分,鋼筋混凝土造,93年11月23日,十層,
RPQRMLPJJIHFFBJ28CC,8,91.93,住家用,鋼筋混凝土造,93年10月18日,十四層,
RPQRMLPJJIHFFBJ28CC,8,21.25,共用部分,鋼筋混凝土造,93年10月18日,十四層,
RPQRMLPJJIHFFBJ28CC,8,12.09,共用部分,鋼筋混凝土造,93年10月18日,十四層,
RPPRMLPJJIHFFBJ18CC,1,96.96,住家用,鋼筋混凝土造,101年3月28日,二十四層,
RPPRMLPJJIHFFBJ18CC,1,17.69,本共有部分之項目有防空避難室，停車空間，開放空間，垃圾集中場，社區公共服務空間等五項。,鋼筋混凝土造,101年3月28日,二十四層,
RPPRMLPJJIHFFBJ18CC,1,25.52,本共有部分之項目有梯間、中繼機房、機械室、水箱等四項。,鋼筋混凝土造,101年3月28日,二十四層,
RPORMLPJJIHFFBJ08CC,4,27.46,商業用,鋼筋混凝土造,97年11月28日,七層,
RPORMLPJJIHFFBJ08CC,4,14.86,共用部分,鋼筋混凝土造,97年11月28日,七層,
RPORMLPJJIHFFBJ08CC,4,4.25,共用部分,鋼筋混凝土造,97年11月28日,七層,
RPSRMLPJJIHFFBJ48CC,17,52.72,住家用,鋼筋混凝土造,84年11月16日,五層,
RPSRMLPJJIHFFBJ48CC,17,12.84,共用部分,鋼筋混凝土造,84年11月16日,五層,
RPRRMLPJJIHFFBJ38CC,6,26.35,商業用,鋼筋混凝土造,95年6月23日,八層,
RPRRMLPJJIHFFBJ38CC,6,11.61,共用部分,鋼筋混凝土造,95年6月23日,八層,
RPWNMLMKJIHFFCJ38CC,10,338.74,住家用,鋼筋混凝土造,91年10月1日,三層,
RPRNMLSJJIHFFCJ48DC,20,187.83,住家用,鋼筋混凝土造,81年10月27日,四層,
RPVRMLPJJIHFFBJ78CC,7,108.97,住家用,鋼筋混凝土造,94年10月4日,十五層,
RPVRMLPJJIHFFBJ78CC,7,42.41,共用部分,鋼筋混凝土造,94年10月4日,十五層,
RPVRMLPJJIHFFBJ78CC,7,13.76,共用部分,鋼筋混凝土造,94年10月4日,十五層,
RPQOMLMKJIHFFBJ77CC,4,23.59,商業用,鋼筋混凝土造,97年11月28日,七層,
RPQOMLMKJIHFFBJ77CC,4,14.88,共用部分,鋼筋混凝土造,97年11月28日,七層,
RPQOMLMKJIHFFBJ77CC,4,4.26,共用部分,鋼筋混凝土造,97年11月28日,七層,
RPWNMLMKJIHFFBJ28CC,8,32.23,住家用,鋼筋混凝土造,93年9月1日,十層,
RPXNMLMKJIHFFBJ38CC,5,41.66,商業用,鋼筋混凝土造,97年3月21日,十三層,
RPXNMLMKJIHFFBJ38CC,5,4.07,共用部分,鋼筋混凝土造,97年3月21日,十四層,
RPXNMLMKJIHFFBJ38CC,5,14.80,共用部分,鋼筋混凝土造,97年3月21日,十三層,
RPWRMLPJJIHFFBJ88CC,9,38.25,住家用,鋼筋混凝土造,93年3月3日,四層,
RPSOMLMKJIHFFBJ97CC,8,90.13,商業用,鋼筋混凝土造,93年5月3日,五層,
RPSOMLMKJIHFFBJ97CC,8,53.96,共用部分,鋼筋混凝土造,93年5月3日,五層,
RPRNMLNKJIHFFBJ87CC,4,28.27,商業用,鋼筋混凝土造,96年12月4日,十一層,
RPOOMLNKJIHFFBJ67CC,5,51.84,商業用,鋼筋混凝土造,96年12月4日,十三層,
RPTNMLNKJIHFFBJ08CC,1,95.76,住家用,鋼筋混凝土造,101年3月28日,二十四層,
RPVNMLQKJIHFFBJ58CC,19,345.75,住家用,鋼筋混凝土造,82年9月6日,四層,
RPPPMLQKJIHFFBJ18CC,6,42.70,住商用,鋼筋混凝土造,96年2月14日,五層,
RPQPMLQKJIHFFBJ28CC,5,2.93,共用部分,鋼筋混凝土造,97年3月21日,十四層,
RPQPMLQKJIHFFBJ28CC,5,10.63,共用部分,鋼筋混凝土造,97年3月21日,十三層,
RPQPMLQKJIHFFBJ28CC,5,33.84,商業用,鋼筋混凝土造,97年3月21日,十三層,
RPUOMLQKJIHFFBJ58CC,2,133.73,住家用,鋼筋混凝土造,99年12月14日,十三層,
RPUOMLQKJIHFFBJ58CC,2,90.17,本共有部分之項目有防空避難室、停車空間、垃圾處理室、管理空間、廣場式開放空間、蓄水池、消防泵浦室等七項,鋼筋混凝土造,99年12月14日,十五層,
RPUOMLQKJIHFFBJ58CC,2,21.36,本共有部分之項目有梯間等一項,鋼筋混凝土造,99年12月14日,十三層,
RPWOMLQKJIHFFBJ78CC,1,166.40,住家用,鋼筋混凝土造,101年4月30日,十五層,
RPWOMLQKJIHFFBJ78CC,1,45.56,本共有部份之項目有樓梯間、機械室、水箱等３項,鋼筋混凝土造,101年4月30日,十五層,
RPQOMLQKJIHFFBJ18CC,8,123.96,住家用,鋼筋混凝土造,93年5月17日,二十一層,
RPWOMLQKJIHFFBJ78CC,1,98.18,本共有部份之項目有防空避難室兼停車空間、管理員室、車道、垃圾處理室、頂蓋型開放空間等５項,鋼筋混凝土造,101年4月30日,十五層,
RPQOMLQKJIHFFBJ18CC,8,27.54,共用部分,鋼筋混凝土造,93年5月17日,二十一層,
RPQOMLQKJIHFFBJ18CC,8,9.37,共用部分,鋼筋混凝土造,93年5月17日,二十一層,
RPVOMLQKJIHFFBJ68CC,4,27.46,商業用,鋼筋混凝土造,97年11月28日,七層,
RPVOMLQKJIHFFBJ68CC,4,14.89,共用部分,鋼筋混凝土造,97年11月28日,七層,
RPVOMLQKJIHFFBJ68CC,4,4.26,共用部分,鋼筋混凝土造,97年11月28日,七層,
RPSRMLQKJIHFFBJ68CC,7,59.34,住家用,鋼筋混凝土造,94年11月18日,五層,
RPRRMLQKJIHFFBJ58CC,5,30.83,商業用,鋼筋混凝土造,97年3月21日,十三層,
RPRRMLQKJIHFFBJ58CC,4,2.77,商業用,鋼筋混凝土造,97年6月6日,十二層,
RPRRMLQKJIHFFBJ58CC,5,10.92,共用部分,鋼筋混凝土造,97年3月21日,十三層,
RPPQMLQKJIHFFBJ28CC,2,68.59,住家用,鋼筋混凝土造,99年12月31日,十二層,
RPPQMLQKJIHFFBJ28CC,2,17.01,本共有部分之項目有梯間、水箱、機械室等三項,鋼筋混凝土造,99年12月31日,十二層,
RPPQMLQKJIHFFBJ28CC,2,50.87,本共有部分之項目有防空避難室、停車空間、頂蓋型廣場式開放空間、垃圾處理室、車道、公共服務空間等六項,鋼筋混凝土造,99年12月31日,十二層,
RPRPMLQKJIHFFBJ38CC,7,73.76,商業用,鋼筋混凝土造,94年7月21日,十層,
RPRPMLQKJIHFFBJ38CC,7,14.68,共用部分,鋼筋混凝土造,94年7月21日,十層,
RPRPMLQKJIHFFBJ38CC,7,6.77,共用部分,鋼筋混凝土造,94年7月21日,十層,
RPWPMLQKJIHFFBJ88CC,9,106.71,住家用,鋼筋混凝土造,93年1月13日,十層,
RPWPMLQKJIHFFBJ88CC,9,14.66,共用部分,鋼筋混凝土造,93年1月13日,十層,
RPWPMLQKJIHFFBJ88CC,9,24.44,住家用,鋼筋混凝土造,93年1月13日,十層,
RPTRMLQKJIHFFBJ78CC,4,43.16,商業用,鋼筋混凝土造,98年1月21日,九層,
RPTRMLQKJIHFFBJ78CC,4,4.82,共用部分,鋼筋混凝土造,98年1月21日,十三層,
RPTRMLQKJIHFFBJ78CC,4,14.18,共用部分,鋼筋混凝土造,98年1月21日,九層,
RPSNMLLLJIHFFDJ08CC,20,227.07,農舍,鋼筋混凝土造,81年6月26日,三層,
RPWNMLRLJIHFFCJ09DC,,92.36,住家用,鋼筋混凝土造,,二層,
RPPPMLSLJIHFFBJ48CC,28,570.60,住家用,加強磚造,73年5月11日,二層,
RPPPMLSLJIHFFBJ48CC,28,628.77,住家用,見使用執照,73年5月11日,二層,
RPVNMLTKJIHFFBJ88CC,15,185.66,住商用,鋼筋混凝土造,86年10月8日,三層,
RPURMLQKJIHFFBJ88CC,5,33.84,商業用,鋼筋混凝土造,97年3月21日,十三層,
RPURMLQKJIHFFBJ88CC,5,2.93,共用部分,鋼筋混凝土造,97年3月21日,十四層,
RPURMLQKJIHFFBJ88CC,5,10.63,共用部分,鋼筋混凝土造,97年3月21日,十三層,
RPTRMLPJKIHFFBJ68CC,4,5.02,共用部分,鋼筋混凝土造,98年1月21日,十三層,
RPTRMLPJKIHFFBJ68CC,4,14.58,共用部分,鋼筋混凝土造,98年1月21日,九層,
RPTRMLPJKIHFFBJ68CC,4,45.43,商業用,鋼筋混凝土造,98年1月21日,九層,
RPURMLPJKIHFFBJ78CC,7,31.67,住家用,鋼筋混凝土造,94年11月14日,十五層,
RPURMLPJKIHFFBJ78CC,7,3.93,共用部分,鋼筋混凝土造,94年11月14日,十五層,
RPURMLPJKIHFFBJ78CC,7,6.65,共用部分,鋼筋混凝土造,94年11月14日,十五層,
RPXRMLPJKIHFFBJ09CC,7,101.80,住家用,鋼筋混凝土造,94年10月4日,十五層,
RPXRMLPJKIHFFBJ09CC,7,42.41,共用部分,鋼筋混凝土造,94年10月4日,十五層,
RPXRMLPJKIHFFBJ09CC,7,17.95,共用部分,鋼筋混凝土造,94年10月4日,十五層,
RPVRMLPJKIHFFBJ88CC,,93.30,住家用,鋼筋混凝土造,101年7月11日,十三層,
RPVRMLPJKIHFFBJ88CC,,46.74,本共有部分之項目有：防空避難室兼停車空間、管理員室、開放空間等三項,鋼筋混凝土造,101年7月11日,十九層,
RPVRMLPJKIHFFBJ88CC,,17.09,本共有部分之項目有：梯間、機械室、水箱等三項,鋼筋混凝土造,101年7月11日,十三層,
RPRSMLPJKIHFFBJ58CC,18,85.69,住家用,鋼筋混凝土造,83年6月17日,五層,
RPRSMLPJKIHFFBJ58CC,18,5.18,共用部分,鋼筋混凝土造,83年6月17日,五層,
RPPSMLPJKIHFFBJ38CC,6,23.41,商業用,鋼筋混凝土造,95年9月8日,十層,
RPPSMLPJKIHFFBJ38CC,6,15.29,共用部分,鋼筋混凝土造,95年9月8日,十層,
RPQSMLPJKIHFFBJ48CC,1,96.96,住家用,鋼筋混凝土造,101年3月28日,二十四層,
RPQSMLPJKIHFFBJ48CC,1,17.69,本共有部分之項目有防空避難室，停車空間，開放空間，垃圾集中場，社區公共服務空間等五項。,鋼筋混凝土造,101年3月28日,二十四層,
RPQSMLPJKIHFFBJ48CC,1,25.52,本共有部分之項目有梯間、中繼機房、機械室、水箱等四項。,鋼筋混凝土造,101年3月28日,二十四層,
RPOSMLPJKIHFFBJ28CC,9,104.26,住家用,鋼筋混凝土造,92年12月10日,九層,
RPOSMLPJKIHFFBJ28CC,9,32.96,共用部分,鋼筋混凝土造,92年12月10日,九層,
RPOSMLPJKIHFFBJ28CC,9,12.50,共用部分,鋼筋混凝土造,92年12月10日,九層,
RPOOMLPJKIHFFCJ97CC,11,355.47,住家用,鋼筋混凝土造,91年3月20日,三層,
RPUOMLQJKIHFFBJ58CC,37,103.96,住家用,加強磚造,65年5月8日,二層,
RPSSMLPJKIHFFBJ68CC,5,53.78,商業用,鋼筋混凝土造,96年5月28日,二十三層,
RPSSMLPJKIHFFBJ68CC,5,20.84,共用部分,鋼筋混凝土造,96年5月28日,二十三層,
RPSSMLPJKIHFFBJ68CC,5,12.05,共用部分,鋼筋混凝土造,96年5月28日,二十三層,
RPXSMLPJKIHFFBJ56CC,19,130.48,住家用,鋼筋混凝土造,83年3月18日,八層,
RPXSMLPJKIHFFBJ56CC,19,11.69,共用部分,鋼筋混凝土造,83年3月18日,八層,
RPXSMLPJKIHFFBJ56CC,19,13.05,共用部分,鋼筋混凝土造,83年3月18日,八層,
RPWSMLPJKIHFFBJ09CC,4,73.96,商業用,鋼筋混凝土造,97年9月15日,十六層,
RPWSMLPJKIHFFBJ09CC,4,10.16,共用部分,鋼筋混凝土造,97年9月15日,十六層,
RPWSMLPJKIHFFBJ09CC,4,4.54,共用部分,鋼筋混凝土造,97年9月15日,十六層,
RPWSMLPJKIHFFBJ09CC,4,24.69,共用部分,鋼筋混凝土造,97年9月15日,十六層,
RPPNMLRJKIHFFBJ08CC,5,82.40,住家用,鋼筋混凝土造,96年7月20日,十層,
RPPNMLRJKIHFFBJ08CC,5,16.52,共用部分,鋼筋混凝土造,96年7月20日,十一層,
RPPNMLRJKIHFFBJ08CC,5,9.47,共用部分,鋼筋混凝土造,96年7月20日,十一層,
RPRNMLMKKIHFFCJ97CC,16,30.30,住家用,鋼筋混凝土造,85年12月24日,十一層,
RPRNMLRJKIHFFBJ28CC,2,27.45,商業用,鋼筋混凝土造,99年9月2日,七層,
RPRNMLRJKIHFFBJ28CC,2,19.70,本共有部分之項目有防空避難室兼停車空間、梯廳、電梯、安全梯、管委會使用空間、管道、車道、樓梯間、機械房、冰箱等１１項,鋼筋混凝土造,99年9月2日,七層,
RPRNMLRJKIHFFBJ28CC,2,4.10,本共有部分之項目有梯廳、走廊、管道間等３項,鋼筋混凝土造,99年9月2日,七層,
RPRNMLRJKIHFFBJ28CC,2,1.14,本共有部分之項目有雨遮等１項,鋼筋混凝土造,99年9月2日,七層,
RPVNMLMKKIHFFBJ28CC,8,124.70,住家用,鋼筋混凝土造,93年12月28日,十四層,
RPVNMLMKKIHFFBJ28CC,8,69.15,共用部分,鋼筋混凝土造,93年12月28日,十四層,
RPWNMLMKKIHFFBJ38CC,4,26.79,商業用,鋼筋混凝土造,97年11月28日,七層,
RPWNMLMKKIHFFBJ38CC,4,14.66,共用部分,鋼筋混凝土造,97年11月28日,七層,
RPWNMLMKKIHFFBJ38CC,4,4.15,共用部分,鋼筋混凝土造,97年11月28日,七層,
RPRRMLOKKIHFFBJ48CC,2,98.64,住家用,鋼筋混凝土造,100年3月11日,十層,
RPRRMLOKKIHFFBJ48CC,2,12.98,本共有部分之項目有梯間、機械室、水箱等三項,鋼筋混凝土造,100年3月11日,十層,
RPRRMLOKKIHFFBJ48CC,2,25.14,本共有部分之項目有停車空間、防空避難室等二項,鋼筋混凝土造,100年3月11日,十層,
RPTRMLOKKIHFFBJ68CC,8,70.94,住商用,鋼筋混凝土造,94年1月31日,十四層,
RPTRMLOKKIHFFBJ68CC,8,5.98,共用部分,鋼筋混凝土造,94年1月31日,十四層,
RPTRMLOKKIHFFBJ68CC,8,7.84,共用部分,鋼筋混凝土造,94年1月31日,十四層,
RPTOMLRKKIHFFBJ68CC,6,84.39,商業用,鋼筋混凝土造,96年5月28日,二十三層,
RPSRMLOKKIHFFBJ58CC,5,32.19,商業用,鋼筋混凝土造,97年6月6日,十層,
RPSRMLOKKIHFFBJ58CC,5,10.69,共用部分,鋼筋混凝土造,97年6月6日,十層,
RPSRMLOKKIHFFBJ58CC,5,2.16,共用部分,鋼筋混凝土造,97年6月6日,十層,
RPUNMLRKKIHFFDJ98DC,20,157.50,工業用,鋼筋混凝土造,81年6月12日,三層,
RPPPMLRKKIHFFBJ38CC,1,148.39,商業用,鋼筋混凝土造,101年5月18日,九層,
RPXNMLSKKIHFFBJ09CC,7,30.40,住家用,鋼筋混凝土造,94年11月14日,十五層,
RPXNMLSKKIHFFBJ09CC,7,3.72,共用部分,鋼筋混凝土造,94年11月14日,十五層,
RPXNMLSKKIHFFBJ09CC,7,6.42,共用部分,鋼筋混凝土造,94年11月14日,十五層,
RPWQMLSKKIHFFBJ66CC,6,255.36,住商用,鋼筋混凝土造,96年6月1日,五層,
RPROMLSKKIHFFBJ58CC,5,31.01,商業用,鋼筋混凝土造,97年3月21日,十三層,
RPROMLSKKIHFFBJ58CC,5,2.76,共用部分,鋼筋混凝土造,97年3月21日,十四層,
RPROMLSKKIHFFBJ58CC,5,10.97,共用部分,鋼筋混凝土造,97年3月21日,十三層,
RPQRMLTKKIHFFBJ88CC,1,112.35,住家用,鋼筋混凝土造,100年9月4日,十四層,
RPQRMLTKKIHFFBJ88CC,1,3.90,本共有部分之項目有開放空間、垃圾集中場、車道等三項,鋼筋混凝土造,100年9月4日,十四層,
RPQRMLTKKIHFFBJ88CC,1,88.54,本共有部分之項目有防空避難室、停車空間等二項,鋼筋混凝土造,100年9月4日,十四層,
RPQRMLTKKIHFFBJ88CC,1,25.40,本共有部分之項目有樓梯間、電梯間、水箱、機械室等四項,鋼筋混凝土造,100年9月4日,十四層,
RPUNMLLLKIHFFBJ18CC,4,33.40,商業用,鋼筋混凝土造,97年9月15日,十六層,
RPUNMLLLKIHFFBJ18CC,4,4.82,共用部分,鋼筋混凝土造,97年9月15日,十六層,
RPUNMLLLKIHFFBJ18CC,4,2.04,共用部分,鋼筋混凝土造,97年9月15日,十六層,
RPUNMLLLKIHFFBJ18CC,4,10.07,共用部分,鋼筋混凝土造,97年9月15日,十六層,
RPWNMLLLKIHFFBJ38CC,9,98.90,住家用,鋼筋混凝土造,92年7月24日,十層,
RPWNMLLLKIHFFBJ38CC,9,12.54,共用部分,鋼筋混凝土造,92年7月24日,十層,
RPWNMLLLKIHFFBJ38CC,9,21.95,共用部分,鋼筋混凝土造,92年7月24日,十層,
RPVNMLLLKIHFFBJ28CC,12,14.61,住家用,鋼筋混凝土造,89年9月6日,六層,
RPVNMLLLKIHFFBJ28CC,12,4.46,共用部分,鋼筋混凝土造,89年9月6日,六層,
RPVNMLLLKIHFFBJ28CC,12,3.84,共用部分,鋼筋混凝土造,89年9月6日,六層,
RPXNMLLLKIHFFBJ48CC,1,99.75,住家用,鋼筋混凝土造,101年5月4日,十四層,
RPXNMLLLKIHFFBJ48CC,1,22.09,本共有部分之項目有梯間、水箱、機械室等三項,鋼筋混凝土造,101年5月4日,十四層,
RPXNMLLLKIHFFBJ48CC,1,57.38,本共有部分之項目有停車空間、防空避難室、緊急發電機室、管理室、垃圾處理室等五項,鋼筋混凝土造,101年5月4日,十四層,
RPTNMLSJJIHFFBJ58DC,17,138.58,住家用,鋼筋混凝土造,84年10月11日,六層,
RPPOMLSLJIHFFBJ48DC,18,60.00,住家用,鋼筋混凝土造,84年4月15日,七層,
RPUNMLSJJIHFFBJ68DC,18,20.00,住家用,鋼筋混凝土造,83年4月20日,七層,
RPRNMLOKJIHFFBJ08DC,38,138.06,住家用,加強磚造,64年3月1日,二層,
RPOPMLLKKIHFFBJ77DC,15,118.54,住家用,鋼筋混凝土造,86年12月9日,十二層,
RPUNMLMKJIHFFBJ18DC,19,61.00,住家用,鋼筋混凝土造,82年5月4日,六層,
RPWOMLLKKIHFFBJ48DC,4,79.90,住商用,鋼筋混凝土造,97年6月27日,十四層,
RPWOMLLKKIHFFBJ48DC,4,3.92,管理員室,鋼筋混凝土造,97年6月27日,十四層,
RPXOMLMLKIHFFBJ68CC,3,205.61,住家用,鋼筋混凝土造,98年6月26日,十五層,
RPXOMLMLKIHFFBJ68CC,3,58.56,共用部分,鋼筋混凝土造,98年6月26日,十五層,
RPXOMLMLKIHFFBJ68CC,3,28.88,共用部分,鋼筋混凝土造,98年6月26日,十五層,
RPQNMLRLKIHFFBJ38CC,4,31.97,商業用,鋼筋混凝土造,98年2月25日,十一層,
RPOOMLPLKIHFFBJ08CC,5,141.92,住家用,鋼筋混凝土造,97年2月1日,十九層,
RPQNMLRLKIHFFBJ38CC,4,15.67,共用部分,鋼筋混凝土造,98年2月25日,十一層,
RPOOMLPLKIHFFBJ08CC,5,40.21,共用部分,鋼筋混凝土造,97年2月1日,十九層,
RPOOMLPLKIHFFBJ08CC,5,18.71,共用部分,鋼筋混凝土造,97年2月1日,十九層,
RPOOMLLLKIHFFBJ67CC,1,97.79,住家用,鋼筋混凝土造,100年12月22日,十三層,
RPOOMLLLKIHFFBJ67CC,1,18.93,梯間,鋼筋混凝土造,100年12月22日,十三層,
RPOOMLLLKIHFFBJ67CC,1,61.78,本共有部分之項目有防空避難室、停車空間、頂蓋型開放空間、戶外安全梯、及梯廳、管理員室、垃圾儲藏室、梯間、水箱等九項,鋼筋混凝土造,100年12月22日,十三層,
RPUOMLMLKIHFFBJ38CC,2,91.27,住家用,鋼筋混凝土造,99年12月14日,十三層,
RPUOMLMLKIHFFBJ38CC,2,47.05,本共有部分之項目有防空避難室、停車空間、垃圾處理室、管理空間、廣場式開放空間、蓄水池、消防泵浦室等七項,鋼筋混凝土造,99年12月14日,十五層,
RPUOMLMLKIHFFBJ38CC,2,18.67,本共有部分之項目有梯間等一項,鋼筋混凝土造,99年12月14日,十三層,
RPWOMLNLKIHFFBJ68CC,2,86.51,住家用,鋼筋混凝土造,99年12月31日,十二層,
RPWOMLNLKIHFFBJ68CC,2,21.51,本共有部分之項目有梯間、水箱、機械室等三項,鋼筋混凝土造,99年12月31日,十二層,
RPWOMLNLKIHFFBJ68CC,2,54.76,本共有部分之項目有防空避難室、停車空間、頂蓋型廣場式開放空間、垃圾處理室、車道、公共服務空間等六項,鋼筋混凝土造,99年12月31日,十二層,
RPXPMLPLKIHFFBJ09CC,19,119.34,住家用,鋼筋混凝土造,83年5月2日,七層,
RPXPMLPLKIHFFBJ09CC,19,32.06,共用部分,鋼筋混凝土造,83年5月2日,七層,
RPXPMLPLKIHFFBJ09CC,19,8.21,共用部分,鋼筋混凝土造,83年5月2日,七層,
RPTOMLSLKIHFFBJ98DC,17,138.58,住家用,鋼筋混凝土造,84年10月11日,六層,
RPWOMLSLKIHFFBJ56CC,3,57.24,商業用,鋼筋混凝土造,99年2月8日,十八層,
RPWOMLSLKIHFFBJ56CC,3,51.04,共用部分,鋼筋混凝土造,99年2月8日,十八層,
RPSQMLRLKIHFFBJ88CC,4,87.26,商業用,鋼筋混凝土造,97年9月15日,十六層,
RPSQMLRLKIHFFBJ88CC,4,12.05,共用部分,鋼筋混凝土造,97年9月15日,十六層,
RPSQMLRLKIHFFBJ88CC,4,5.35,共用部分,鋼筋混凝土造,97年9月15日,十六層,
RPSQMLRLKIHFFBJ88CC,4,28.72,共用部分,鋼筋混凝土造,97年9月15日,十六層,
RPRNMLRLKIHFFBJ48CC,1,64.77,住家用,鋼筋混凝土造,100年12月2日,十四層,
RPRNMLRLKIHFFBJ48CC,1,12.47,梯間,鋼筋混凝土造,100年12月2日,十四層,
RPRNMLRLKIHFFBJ48CC,1,66.49,本共有部分之項目有防空避難室、停車空間、管理員室、車道、垃圾集中處、頂蓋型開放空間、公共服務空間等７項,鋼筋混凝土造,100年12月2日,十四層,
RPUOMLSLKIHFFBJ98CC,3,156.71,商業用,鋼筋混凝土造,99年2月8日,十八層,
RPUOMLSLKIHFFBJ98CC,3,86.61,共用部分,鋼筋混凝土造,99年2月8日,十八層,
RPQQMLSLKIHFFBJ78CC,4,22.05,商業用,鋼筋混凝土造,98年1月23日,七層,
RPQQMLSLKIHFFBJ78CC,4,11.90,共用部分,鋼筋混凝土造,98年1月23日,七層,
RPPQMLSLKIHFFBJ68CC,5,146.44,住家用,鋼筋混凝土造,97年4月8日,十二層,
RPPQMLSLKIHFFBJ68CC,,23.78,共用部分,鋼筋混凝土造,,十二層,
RPPQMLSLKIHFFBJ68CC,5,31.10,共用部分,鋼筋混凝土造,97年4月18日,十二層,
RPSQMLSLKIHFFBJ98CC,5,40.56,商業用,鋼筋混凝土造,97年3月10日,十層,
RPSQMLSLKIHFFBJ98CC,5,44.76,共用部分,鋼筋混凝土造,97年3月10日,十層,
RPROMLRLKIHFFBJ58CC,7,192.61,商業用,鋼筋混凝土造,94年11月14日,十五層,
RPROMLRLKIHFFBJ58CC,7,32.73,共用部分,鋼筋混凝土造,94年11月14日,十五層,
RPROMLRLKIHFFBJ58CC,7,40.56,共用部分,鋼筋混凝土造,94年11月14日,十五層,
RPQRMLMJJHIFFBJ97CC,2,31.21,商業用,鋼筋混凝土造,99年9月2日,七層,
RPQRMLMJJHIFFBJ97CC,2,13.17,本共有部分之項目有防空避難室兼停車空間、梯廳、電梯、安全梯、管委會使用空間、管道、車道、樓梯間、機械房、冰箱等１１項,鋼筋混凝土造,99年9月2日,七層,
RPQRMLMJJHIFFBJ97CC,2,4.63,本共有部分之項目有梯廳、走廊、管道間等３項,鋼筋混凝土造,99年9月2日,七層,
RPRNMLNJJHIFFBJ77CC,6,51.07,住商用,鋼筋混凝土造,96年6月1日,五層,
RPPPMLSJJHIFFBJ28CC,11,92.74,商業用,鋼筋混凝土造,91年4月19日,十層,
RPPPMLSJJHIFFBJ28CC,11,10.74,共用部分,鋼筋混凝土造,91年4月19日,十層,
RPPPMLSJJHIFFBJ28CC,11,13.11,共用部分,鋼筋混凝土造,91年4月19日,十層,
RPQPMLSJJHIFFBJ38CC,5,33.00,住家用,鋼筋混凝土造,96年12月28日,八層,
RPQPMLSJJHIFFBJ38CC,5,85.46,共用部分,鋼筋混凝土造,96年12月28日,九層,
RPQPMLSJJHIFFBJ38CC,5,10.40,共用部分,鋼筋混凝土造,96年12月28日,八層,
RPWRMLMJJHIFFBJ58CC,10,278.08,住商用,鋼筋混凝土造,92年1月17日,四層,
RPSRMLMJJHIFFBJ18CC,7,101.80,住家用,鋼筋混凝土造,94年10月4日,十五層,
RPSRMLMJJHIFFBJ18CC,7,66.88,共用部分,鋼筋混凝土造,94年10月4日,十五層,
RPSRMLMJJHIFFBJ18CC,7,17.95,共用部分,鋼筋混凝土造,94年10月4日,十五層,
RPVOMLTJJHIFFBJ88CC,6,51.07,住商用,鋼筋混凝土造,96年6月1日,五層,
RPRNMLOKJHIFFBJ97CC,8,67.61,商業用,鋼筋混凝土造,94年3月31日,十一層,
RPUOMLSJJHIFFBJ78DC,8,33.42,商業用,鋼筋混凝土造,94年2月15日,七層,
RPROMLLKJHIFFBJ77CC,34,163.20,住家用,加強磚造,68年2月1日,二層,
RPRNMLPKJHIFFCJ28DC,,94.58,住家用,加強磚造,,一層,
RPRNMLSKJHIFFCJ58DC,16,78.98,住家用,鋼筋混凝土造,85年12月24日,十一層,
RPQNMLSKJHIFFCJ38CC,21,95.57,住家用,鋼筋混凝土造,81年4月28日,六層,
RPQNMLSKJHIFFCJ38CC,21,12.94,共用部分,鋼筋混凝土造,81年4月28日,六層,
RPSNMLNJJHIFFBJ87CC,5,100.30,商業用,鋼筋混凝土造,96年12月4日,十三層,
RPSNMLNJJHIFFBJ87CC,5,16.64,共用部分,鋼筋混凝土造,96年12月4日,十三層,
RPSNMLNJJHIFFBJ87CC,5,24.99,共用部分,鋼筋混凝土造,96年12月4日,十三層,
RPRNMLPKJHIFFBJ08CC,9,172.10,住家用,鋼筋混凝土造,93年6月2日,四層,
RPUNMLPKJHIFFBJ38CC,7,122.38,住家用,鋼筋混凝土造,95年5月19日,十五層,
RPUNMLPKJHIFFBJ38CC,7,17.78,共用部分,鋼筋混凝土造,95年5月19日,十五層,
RPUNMLPKJHIFFBJ38CC,7,32.45,共用部分,鋼筋混凝土造,95年5月19日,十五層,
RPSQMLOKJHIFFBJ38CC,5,161.34,商業用,鋼筋混凝土造,96年5月28日,二十三層,
RPSQMLOKJHIFFBJ38CC,5,62.50,共用部分,鋼筋混凝土造,96年5月28日,二十三層,
RPSQMLOKJHIFFBJ38CC,5,31.31,共用部分,鋼筋混凝土造,96年5月28日,二十三層,
RPPSMLLKJHIFFBJ97CC,1,90.52,商業用,鋼筋混凝土造,101年5月28日,十一層,
RPQOMLMLJHIFFBJ87CC,5,189.75,商業用,鋼筋混凝土造,97年2月1日,十九層,
RPXNMLQKJHIFFBJ78CC,10,54.67,住家用,鋼筋混凝土造,92年5月16日,四層,
RPOOMLMLJHIFFBJ67CC,9,24.84,住商用,鋼筋混凝土造,93年6月11日,十四層,
RPOOMLMLJHIFFBJ67CC,9,4.20,共用部分,鋼筋混凝土造,93年6月11日,十四層,
RPOOMLMLJHIFFBJ67CC,9,7.00,共用部分,鋼筋混凝土造,93年6月11日,十四層,
RPPOMLMLJHIFFBJ77CC,5,31.94,商業用,鋼筋混凝土造,96年12月4日,十一層,
RPPOMLMLJHIFFBJ77CC,5,5.29,共用部分,鋼筋混凝土造,96年12月4日,十三層,
RPPOMLMLJHIFFBJ77CC,5,9.70,共用部分,鋼筋混凝土造,96年12月4日,十三層,
RPRNMLSKJHIFFBJ38CC,9,89.53,住家用,鋼筋混凝土造,93年7月5日,十三層,
RPRNMLSKJHIFFBJ38CC,9,12.61,共用部分,鋼筋混凝土造,93年7月5日,十三層,
RPRNMLSKJHIFFBJ38CC,9,14.73,共用部分,鋼筋混凝土造,93年7月5日,十三層,
RPSNMLMLJHIFFBJ97CC,9,86.26,住家用,鋼筋混凝土造,93年5月24日,十四層,
RPSNMLMLJHIFFBJ97CC,9,11.11,共用部分,鋼筋混凝土造,93年5月24日,十四層,
RPSNMLMLJHIFFBJ97CC,9,16.27,共用部分,鋼筋混凝土造,93年5月24日,十四層,
RPXQMLRKJHIFFBJ56CC,7,174.68,商業用,鋼筋混凝土造,94年10月28日,十層,
RPWNMLNLJHIFFBJ48CC,6,148.14,住家用,鋼筋混凝土造,96年5月28日,二十三層,
RPWNMLNLJHIFFBJ48CC,6,30.53,共用部分,鋼筋混凝土造,96年5月28日,二十三層,
RPWNMLNLJHIFFBJ48CC,6,19.27,共用部分,鋼筋混凝土造,96年5月28日,二十三層,
RPRQMLSLJHIFFBJ78CC,2,124.75,住家用,鋼筋混凝土造,100年7月7日,十五層,
RPRQMLSLJHIFFBJ78CC,2,83.95,本共有部分之項目有開放空間、社區中心、梯間、防空避難室、停車空間、車道、冷藏室、前廊等八項。,鋼筋混凝土造,100年7月7日,十五層,
RPRQMLSLJHIFFBJ78CC,2,27.43,本共有部分之項目有梯間等一項。,鋼筋混凝土造,100年7月7日,十五層,
RPPPMLNLJHIFFBJ97CC,9,88.38,住家用,鋼筋混凝土造,93年7月5日,十三層,
RPPPMLNLJHIFFBJ97CC,9,14.17,共用部分,鋼筋混凝土造,93年7月5日,十三層,
RPPPMLNLJHIFFBJ97CC,9,14.47,共用部分,鋼筋混凝土造,93年7月5日,十三層,
RPROMLSLJHIFFBJ58CC,2,63.59,住家用,鋼筋混凝土造,99年11月20日,十五層,
RPROMLSLJHIFFBJ58CC,2,14.81,本共有部分之項目有停車空間、防空避難室、梯間、頂蓋式開放空間等四項。,鋼筋混凝土造,99年11月20日,十五層,
RPROMLSLJHIFFBJ58CC,2,12.66,本共有部分之項目有梯間等一項。,鋼筋混凝土造,99年11月20日,十五層,
RPOOMLSLJHIFFBJ28CC,8,133.99,住家用,鋼筋混凝土造,93年12月28日,十四層,
RPOOMLSLJHIFFBJ28CC,8,101.00,共用部分,鋼筋混凝土造,93年12月28日,十四層,
RPPNMLQLJHIFFBJ08CC,7,26.91,住家用,鋼筋混凝土造,94年11月14日,十五層,
RPPNMLQLJHIFFBJ08CC,7,3.31,共用部分,鋼筋混凝土造,94年11月14日,十五層,
RPPNMLQLJHIFFBJ08CC,7,5.72,共用部分,鋼筋混凝土造,94年11月14日,十五層,
RPRNMLLMJHIFFCJ08DC,19,78.13,住家用,鋼筋混凝土造,83年4月28日,十層,
RPQVMLTLJHIFFBJ66CC,7,132.25,商業用,鋼骨造,95年3月31日,一層,
RPQVMLTLJHIFFBJ66CC,6,75.67,商業用,鋼骨造,95年12月14日,一層,
RPQVMLTLJHIFFBJ66CC,6,75.67,商業用,鋼骨造,95年12月14日,一層,
RPQVMLTLJHIFFBJ66CC,6,64.52,商業用,鋼骨造,95年12月14日,一層,
RPQVMLTLJHIFFBJ66CC,6,64.63,商業用,鋼骨造,95年12月14日,一層,
RPQVMLTLJHIFFBJ66CC,6,64.52,商業用,鋼骨造,95年12月14日,一層,
RPWPMLKMJHIFFBJ48CC,14,226.35,商業用,鋼筋混凝土造,88年3月23日,七層,
RPWPMLKMJHIFFBJ48CC,14,88.79,共用部分,鋼筋混凝土造,88年3月23日,七層,
RPXPMLKMJHIFFBJ58CC,7,122.35,住家用,鋼筋混凝土造,95年5月19日,十五層,
RPXPMLKMJHIFFBJ58CC,7,18.46,共用部分,鋼筋混凝土造,95年5月19日,十五層,
RPXPMLKMJHIFFBJ58CC,7,32.46,共用部分,鋼筋混凝土造,95年5月19日,十五層,
RPPQMLKMJHIFFBJ87CC,7,162.82,住商用,鋼筋混凝土造,95年5月22日,四層,
RPVPMLKMJHIFFBJ38CC,20,71.64,商業用,鋼筋混凝土造,82年6月25日,八層,
RPVPMLKMJHIFFBJ38CC,20,8.04,共用部分,鋼筋混凝土造,82年6月25日,八層,
RPOQMLKMJHIFFBJ77CC,7,81.41,住商用,鋼筋混凝土造,95年5月22日,四層,
RPVOMLKMJHIFFBJ28CC,4,69.02,商業用,鋼筋混凝土造,97年9月15日,十六層,
RPVOMLKMJHIFFBJ28CC,4,9.47,共用部分,鋼筋混凝土造,97年9月15日,十六層,
RPVOMLKMJHIFFBJ28CC,4,4.23,共用部分,鋼筋混凝土造,97年9月15日,十六層,
RPVOMLKMJHIFFBJ28CC,4,22.67,共用部分,鋼筋混凝土造,97年9月15日,十六層,
RPTPMLKMJHIFFBJ18CC,5,100.30,商業用,鋼筋混凝土造,96年12月4日,十三層,
RPTPMLKMJHIFFBJ18CC,5,16.64,共用部分,鋼筋混凝土造,96年12月4日,十三層,
RPTPMLKMJHIFFBJ18CC,5,24.99,共用部分,鋼筋混凝土造,96年12月4日,十三層,
RPUOMLKMJHIFFBJ18CC,1,187.00,商業用,鋼筋混凝土造,100年9月1日,十三層,
RPUOMLKMJHIFFBJ18CC,1,110.54,本共有部分之項目有：防空避難室、停車空間、守衛室、廣場式開放空間、垃圾集中處、公共服務空間、梯間、水箱等八項,鋼筋混凝土造,100年9月1日,十三層,
