﻿編號,屋齡,建物移轉面積平方公尺,主要用途,主要建材,建築完成日期,總層數,建物分層
The serial number,room age,building shifting area square meter,the main use,main building materials,construction completes the date,total layer,building lamination
RPPNMLPJJIHFFAM77CA,18,57.19,住商用,鋼筋混凝土造,83年5月3日,五層,一層 騎樓 夾層
RPPNMLPJJIHFFAM77CA,18,198.66,儲藏室、梯間、水箱、機械房、人行道,鋼筋混凝土造,83年5月3日,五層,
RPPOMLPJJIHFFAM87CA,16,146.76,住家用,鋼筋混凝土造,86年2月3日,四層,一層 二層 三層 四層
RPTNMLPJJIHFFAM18CA,32,99.46,住商用,鋼筋混凝土加強磚造,69年12月1日,二層,一層 二層 騎樓
RPPOMLSJJIHFFAM18CA,15,119.87,住家用,鋼筋混凝土造,86年9月19日,十四層,七層 八層 陽台
RPQNMLKKJIHFFAM47CA,20,87.41,住家用,鋼筋混凝土造,81年9月10日,五層,五層
RPPOMLSJJIHFFAM18CA,15,29.83,梯廳、走道、防空避難室、水箱受電室、機房,鋼筋混凝土造,86年9月19日,十四層,
RPQOMLPJJIHFFBM08CA,14,190.34,住家用,鋼筋混凝土造,87年5月2日,三層,一層 二層 三層 陽台 電梯樓梯間
RPPNMLTJJIHFFAM18CA,18,88.89,住家用,鋼筋混凝土造,83年10月7日,十一層,四層 陽台 花台
RPPNMLTJJIHFFAM18CA,18,35.19,屋頂突出物、梯間、警衛室、防空避難室、停車空間,鋼筋混凝土造,83年10月7日,十一層,
RPPNMLMKJIHFFBM77DA,6,229.42,住家用,鋼筋混凝土造,96年3月20日,四層,一層 二層 三層 四層 陽台 雨遮
RPPNMLRJJIHFFDM28CA,31,77.01,農舍,鋼筋混凝土加強磚造,71年1月13日,一層,一層
RPVNMLTJJIHFFBM98DA,,177.33,店舖、住宅、樓梯間,鋼筋混凝土造,101年6月5日,三層,一層 二層 三層 陽台 見其他登記事項
RPXOMLTJJIHFFCM66CA,31,102.37,住家用,加強磚造,70年4月25日,二層,一層 二層 陽台
RPQNMLQJJIHFFCM18CA,14,28.52,停車場．避難室,鋼筋混凝土造,87年12月31日,八層,
RPQNMLQJJIHFFCM18CA,14,94.03,集合住宅,鋼筋混凝土造,87年12月31日,八層,七層 陽台
RPWNMLQJJIHFFCM78CA,,214.53,住家用,鋼筋混凝土造,101年5月10日,三層,一層 二層 三層 陽台 雨遮
RPWNMLSLJIHFFDM66CA,5,196.73,住家用,鋼筋混凝土造,96年4月13日,三層,一層 二層 三層 陽台
RPUNMLQLJIHFFBM68CA,19,170.07,住家用,鋼筋混凝土造,83年2月7日,四層,一層 二層 三層 四層 陽台 花台
RPTNMLTJJIHFFBM68CA,8,246.37,住家用,鋼筋混凝土造,93年6月14日,三層,一層 二層 三層 陽台 平台 屋頂突出物 雨遮
RPRNMLQKJIHFFCM38CA,12,163.81,住宅、梯間,鋼筋混凝土造,89年12月18日,三層,一層 二層 三層 陽台
RPPNMLKKJIHFFBM47CA,28,107.64,住商用,加強磚造,74年2月4日,二層,一層 二層 陽台
RPTOMLLLJIHFFAM08CA,48,172.72,住商用,鋼筋混凝土加強磚造,54年1月18日,二層,
RPTNMLOKJIHFFAM18CA,20,78.20,住家用,鋼筋混凝土造,82年3月22日,八層,五層 陽台
RPXPMLOKJIHFFCM98CA,19,95.66,集合住宅,鋼筋混凝土造,83年1月14日,十一層,十一層 陽台 花台
RPXPMLOKJIHFFCM98CA,19,30.79,１﹒停車空間、防空避難室  ２﹒梯間、機械室、水箱,鋼筋混凝土造,83年1月14日,十一層,
RPRNMLNKJIHFFCM08CA,,228.63,住家用,鋼筋混凝土造,101年5月10日,三層,一層 二層 三層 陽台 雨遮
RPPNMLNKJIHFFCM87CA,,228.63,住家用,鋼筋混凝土造,101年5月10日,三層,一層 二層 三層 陽台 雨遮
RPPNMLMLJIHFFCM97DA,18,96.79,集合住宅,鋼筋混凝土造,83年7月7日,十三層,十層 陽台 花台
RPPNMLMLJIHFFCM97DA,18,18.89,避難室兼停車場、門、梯間、突出物、機械房、水箱,鋼筋混凝土造,83年7月7日,十三層,
RPRNMLSJJIHFFDM68DA,23,237.88,住商用,鋼筋混凝土造,78年12月20日,三層,一層 二層 三層
RPRNMLRLJIHFFAM38CA,19,154.80,住商用,鋼筋混凝土造,83年1月17日,三層,一層 二層 三層
RPSNMLNKJIHFFCM18CA,,228.63,住家用,鋼筋混凝土造,101年5月10日,三層,一層 二層 三層 陽台 雨遮
RPRPMLOKJIHFFCM38CA,36,134.11,住商用,鋼筋混凝土加強磚造,65年12月9日,三層,一層 二層 三層 騎樓
RPTNMLTJJIHFFCM78CA,28,168.50,住商用,鋼筋混凝土造,73年6月21日,四層,一層 二層 三層 四層 騎樓
RPOOMLMKJIHFFCM77CA,21,98.05,住家用,鋼筋混凝土造,80年11月22日,一層,一層
RPQNMLPKJIHFFAM97CA,16,181.25,住商用,鋼筋混凝土造,85年7月24日,四層,一層 二層 三層 四層 陽台 露台
RPXNMLTJJIHFFBM09CA,14,28.23,防空避難室、停車空間、梯間、門廳、機械室、水箱,鋼筋混凝土造,87年6月30日,八層,
RPXNMLTJJIHFFBM09CA,14,75.66,住家用,鋼筋混凝土造,87年6月30日,八層,八層 陽台
RPTNMLNKJIHFFCM28CA,,224.95,住家用,鋼筋混凝土造,101年5月10日,三層,一層 二層 三層 陽台 雨遮
RPSNMLQKJIHFFCM58DA,4,167.76,住宅、樓梯間,鋼筋混凝土造,97年8月5日,三層,一層 二層 三層 陽台 屋頂突出物
RPQNMLKKJIHFFEM87CA,1,209.97,住宅、樓梯間,ＲＣ造,100年8月2日,三層,一層 二層 三層 陽台 見其他登記事項
RPSOMLSLJIHFFAM68CA,14,146.86,住商用,鋼筋混凝土造,87年6月9日,三層,一層 二層 三層 陽台 屋頂突出物
RPRNMLTKJIHFFBM68DA,15,473.63,農舍,鋼筋混凝土造,86年6月28日,二層,一層 二層 陽台 電梯樓梯間
RPPNMLOKJIHFFDM08CA,39,71.10,住家用,加強磚造,63年3月15日,一層,一層 騎樓
RPTNMLMKJIHFFCM18CA,,228.63,住家用,鋼筋混凝土造,101年5月10日,三層,一層 二層 三層 陽台 雨遮
RPWNMLNLJIHFFBM58CA,4,15.00,農舍,鋼鐵造有牆,97年9月8日,一層,一層
RPROMLNLJIHFFBM18CA,17,150.20,住家用,鋼筋混凝土造,84年12月30日,四層,一層 二層 三層 四層 花台
RPROMLNLJIHFFBM18CA,17,27.50,台電受電室、辦公室、儲藏室,鋼筋混凝土造,84年12月30日,四層,
RPVNMLKKJIHFFAM97CA,18,133.89,住家用,鋼筋混凝土造,83年9月30日,三層,一層 二層 三層 陽台 花台 夾層
RPSNMLMKJIHFFCM08CA,15,119.74,住家用,鋼筋混凝土造,86年11月24日,三層,一層 二層 三層 陽台
RPSNMLQLJIHFFDM68CA,18,158.04,住家用,鋼筋混凝土造,83年6月27日,三層,一層 二層 三層 陽台 平台 水箱 電梯樓梯間
RPSNMLNKJIHFFBM08CA,24,61.82,住家用,鋼筋混凝土造,77年10月27日,三層,一層 二層 三層
RPSNMLNKJIHFFBM08CA,24,61.82,住家用,鋼筋混凝土造,77年10月27日,三層,一層 二層 三層
RPWPMLOKJIHFFCM88CA,32,79.20,住家用,鋼筋混凝土加強磚造,69年5月22日,一層,一層 騎樓
RPOPMLOKJIHFFCM18DA,52,121.46,住家用,磚造,49年5月15日,三層,一層 二層 三層
RPPPMLOKJIHFFCM18CA,30,287.31,人行道、住宅、車庫,鋼筋混凝土造,71年7月26日,二層,二層 騎樓 見其他登記事項
RPUNMLMKJIHFFAM08CA,8,174.65,住家用,鋼筋混凝土造,94年1月17日,三層,一層 二層 三層 陽台 屋頂突出物
RPPNMLNKJIHFFAM67CA,33,97.18,住家用,鋼筋混凝土加強磚造,68年9月22日,二層,一層 二層
RPWNMLQLJIHFFAM78CA,,65.95,住家用,鋼筋混凝土加強磚造,,一層,一層
RPQNMLRLJIHFFAM28CA,17,131.67,住家用,鋼筋混凝土造,84年6月16日,三層,一層 二層 三層
RPQNMLQKJIHFFAM08CA,18,145.20,住家用,鋼筋混凝土造,83年10月21日,三層,一層 二層 三層 屋頂突出物
RPPNMLPKJIHFFBM97CA,18,59.12,住家用,鋼筋混凝土造,83年11月7日,十三層,十三層 陽台
RPPNMLTLJIHFFDM68CA,17,82.07,集合住宅,鋼筋混凝土造,85年3月21日,八層,五層 陽台 花台
RPPNMLTLJIHFFDM68CA,17,18.73,防空避難室、停車空間、受電室、機械室、管理員室、通道,鋼筋混凝土造,85年3月21日,八層,
RPPNMLTLJIHFFDM68CA,17,10.34,梯間等公共設施,鋼筋混凝土造,85年3月21日,八層,
RPRNMLPKJIHFFBM18CA,5,201.50,住家用,鋼筋混凝土造,96年10月19日,四層,一層 二層 三層 四層 陽台
RPQNMLRKJIHFFCM38CA,6,242.69,農舍、樓梯間,鋼筋混凝土造,95年10月19日,二層,一層 二層 陽台 屋頂突出物
RPOOMLPJKIHFFCM08CA,3,12.30,農舍,鋼鐵造有牆,98年6月16日,一層,一層
RPPOMLSLJIHFFCM58CA,17,105.55,集合住宅,鋼筋混凝土造,85年2月9日,十五層,七層 陽台
RPPOMLSLJIHFFCM58CA,17,23.36,走道、機械房、門廳、騎樓、防空避難室兼停車場、梯間,鋼筋混凝土造,85年2月9日,十五層,
RPPNMLOKJIHFFAM87DA,33,103.82,住家用,鋼筋混凝土加強磚造,68年10月1日,二層,一層 二層
RPSNMLSLJIHFFEM98CA,,192.29,住家用,ＲＣ造,101年5月30日,三層,一層 二層 三層 陽台
RPRNMLSLJIHFFEM88CA,,197.91,住家用,ＲＣ造,101年5月30日,三層,一層 二層 三層 陽台
RPSNMLRJKIHFFAM38CA,14,164.64,住商用,鋼筋混凝土造,88年4月15日,四層,一層 二層 三層 四層 陽台
RPQNMLMLJIHFFCM97CA,8,276.90,自用農舍,鋼骨造,94年2月16日,三層,一層 二層 三層 陽台
RPRNMLRKJIHFFCM48CA,23,116.36,人行道、住宅,鋼筋混凝土造,78年8月16日,二層,一層 二層 騎樓
RPOOMLSLJIHFFAM28CA,9,171.47,住家用,鋼筋混凝土造,92年11月21日,四層,一層 二層 三層 四層 陽台
RPXNMLNLJIHFFBM68CA,7,14.25,商業用,鋼筋混凝土造,94年6月30日,一層,一層
RPXNMLNLJIHFFBM68CA,7,463.98,住商用,鋼筋混凝土造,94年6月30日,四層,一層 二層 三層 四層 陽台 屋頂突出物 騎樓
RPPNMLTKJIHFFCM48CA,18,103.83,集合住宅,鋼筋混凝土造,83年7月8日,十二層,十二層 陽台 花台
RPPNMLTKJIHFFCM48CA,18,14.26,避難室兼停車場、樓梯、門廳、騎樓、梯間、機械房、水箱、平台、瞭望台,鋼筋混凝土造,83年7月8日,十二層,
RPPNMLKLJIHFFDM77CA,33,54.05,住家用,加強磚造,68年6月1日,一層,一層
RPXNMLTKJIHFFDM86DA,30,83.96,集合住宅,鋼筋混凝土加強磚造,71年8月2日,二層,一層 二層
RPOOMLTKJIHFFDM58CA,6,177.14,住家用,鋼筋混凝土造,96年1月12日,四層,一層 二層 三層 四層 陽台
RPUOMLKLJIHFFDM38CA,35,99.18,住商用,鋼筋混凝土造,66年7月21日,二層,一層 二層 騎樓
RPUOMLKLJIHFFDM38CA,36,55.51,住家用,ＲＣ加強磚造,65年9月2日,一層,一層
RPPNMLMJKIHFFAM57CA,15,85.48,住家用,鋼筋混凝土造,86年9月19日,十四層,四層 陽台
RPPNMLMJKIHFFAM57CA,15,21.83,梯廳、走道、防空避難室、水箱受電室、機房,鋼筋混凝土造,86年9月19日,十四層,
RPXNMLMLJIHFFCM68CA,7,322.03,見其他登記事項,見其他登記事項,94年8月2日,二層,
RPRNMLKLJIHFFCM87CA,8,144.36,住家用,鋼骨鋼筋混凝土造,94年1月31日,三層,一層 二層 三層 陽台
RPPNMLMLJIHFFBM77CA,21,26.00,住家用,鋼筋混凝土造,80年9月20日,九層,九層 陽台
RPPNMLMLJIHFFBM77CA,21,8.66,梯間、通道、機房、水箱,鋼筋混凝土造,80年9月20日,九層,
RPPNMLMLJIHFFBM77CA,21,4.71,避難室、梯間、變電室、水箱、機械室,鋼筋混凝土造,80年9月20日,十一層,
RPQNMLLLJIHFFBM77CA,,189.82,店舖、住宅、樓梯間,鋼筋混凝土造,101年6月5日,三層,一層 二層 三層 陽台 見其他登記事項
RPTNMLRLJIHFFAM58CA,15,86.72,住家用,鋼筋混凝土造,86年9月19日,十四層,三層 陽台
RPTNMLRLJIHFFAM58CA,15,21.62,水箱受電室、機房、梯廳、走道、防空避難室,鋼筋混凝土造,86年9月19日,十四層,
RPQOMLLLJIHFFAM77CA,17,96.80,住家用,鋼筋混凝土造,85年1月5日,四層,一層 二層 三層 四層 陽台 平台 屋頂突出物 見其他登記事項
RPQOMLLLJIHFFAM77CA,17,96.80,住家用,鋼筋混凝土造,85年1月5日,四層,一層 二層 三層 四層 陽台 平台 屋頂突出物 見其他登記事項
RPSNMLLLJIHFFBM97CA,17,205.85,住家用,鋼筋混凝土造,84年4月20日,四層,一層 二層 三層 四層 陽台 花台
RPPOMLNLJIHFFBM97CA,30,279.90,住商用,鋼筋混凝土造,71年12月16日,三層,一層 二層 三層 陽台 騎樓 地下層
RPXNMLLLJIHFFDM68CA,17,21.11,集合住宅,鋼筋混凝土造,85年3月9日,五層,四層 陽台
RPSNMLMLJIHFFCM28DA,8,110.68,集合住宅,鋼筋混凝土造,93年11月12日,十層,七層 陽台
RPSNMLMLJIHFFCM28DA,8,47.28,警衛室、騎樓、車道、梯間、電樓梯間、突出物,鋼筋混凝土造,93年11月12日,十層,
RPQNMLTLJIHFFDM88DA,32,88.98,住家用,鋼筋混凝土加強磚造,69年9月20日,二層,一層 二層 騎樓
RPOOMLNKKIHFFCM97CA,9,214.71,店舖﹝零售﹞、住宅,鋼筋混凝土造,92年5月20日,三層,一層 二層 三層 陽台 屋頂突出物 騎樓
RPVNMLKMJIHFFCM38CA,20,286.02,農舍、自用農舍,加強磚造、木造,82年2月25日,二層,一層 二層 陽台 平台
RPROMLKMJIHFFCM08CA,10,148.50,農業設施,鋼鐵造有牆,91年12月17日,一層,一層
RPPNMLOLJIHFFCM08CA,18,153.41,住家用,鋼筋混凝土造,83年11月24日,三層,一層 二層 三層 陽台 屋頂突出物
RPROMLMLJIHFFCM18CA,32,18.21,住家用,加強磚造,70年1月23日,一層,一層
RPROMLMLJIHFFCM18CA,32,18.21,住家用,加強磚造,70年1月23日,一層,一層
RPROMLMLJIHFFCM18CA,32,18.21,住家用,加強磚造,70年1月23日,一層,一層
RPSNMLMLJIHFFBM08CA,1,213.49,住宅、樓梯間,鋼筋混凝土造,100年8月18日,三層,一層 二層 三層 陽台 雨遮 見其他登記事項
RPQNMLOLJIHFFAM97CA,22,136.76,住家用,鋼筋混凝土造,80年4月17日,二層,一層 二層
RPTNMLSLJIHFFAM68CA,22,217.13,住家用,鋼筋混凝土造,78年7月14日,四層,一層 二層 三層 四層 騎樓
RPSNMLRLJIHFFAM48CA,20,173.04,住家用,鋼筋混凝土造,81年12月8日,三層,一層 二層 三層
RPPNMLSLJIHFFAM28CA,23,134.10,住家用,鋼筋混凝土造,78年7月19日,三層,一層 二層 三層 見其他登記事項
RPRNMLOLJIHFFAM08CA,12,134.91,住家用,鋼筋混凝土造,90年3月2日,三層,一層 二層 三層 陽台
RPVNMLNLJIHFFAM38CA,24,330.00,農舍,鋼筋混凝土造,77年12月7日,三層,一層 二層 三層
RPXNMLNJKIHFFAM48CA,17,118.44,住家用,鋼筋混凝土造,84年6月16日,三層,一層 二層 三層
RPVNMLSKKIHFFAM88CA,20,95.32,住家用,鋼筋混凝土造,81年8月24日,三層,一層 二層 三層 陽台 平台 屋頂突出物 騎樓 雨遮
RPVNMLSKKIHFFAM88CA,35,95.32,住商用,鋼筋混凝土加強磚造,67年1月5日,二層,一層 二層 騎樓
RPQNMLKMJIHFFBM77CA,17,98.78,住家用,鋼筋混凝土造,84年7月19日,八層,四層 陽台 花台
RPQNMLKMJIHFFBM77CA,17,38.05,防空避難室兼停車空間、梯間、門廳、水塔、機械房,鋼筋混凝土造,84年7月19日,八層,
RPWNMLMLJIHFFCM58CA,29,169.56,農舍,鋼筋混凝土加強磚造,72年8月20日,二層,一層 二層 騎樓
RPTNMLMLJIHFFCM28CA,15,183.17,廠房,鋼架造有牆,86年10月9日,一層,一層
RPVNMLSLJIHFFCM09CA,17,146.54,住家用,鋼筋混凝土造,84年12月30日,四層,一層 二層 三層 四層 陽台 平台 花台
RPQNMLNLJIHFFEM28CA,15,216.23,農舍,鋼筋混凝土造,86年6月4日,二層,一層 二層 屋頂突出物
RPPNMLTLJIHFFCM68DA,5,32.56,農舍,鋼骨造,96年8月20日,一層,一層
RPPNMLQLJIHFFEM48CA,13,238.76,住商用,鋼筋混凝土造,88年7月1日,三層,一層 二層 三層 陽台
RPTNMLOLJIHFFEM68CA,,174.69,住家用,ＲＣ造,101年5月30日,三層,一層 二層 三層 陽台
RPRNMLSLJIHFFAM58DA,28,101.92,住商用,鋼筋混凝土造,73年10月9日,二層,一層 二層
RPPNMLQLJIHFFDM38CA,11,157.54,住家用,鋼筋混凝土造,90年5月15日,三層,一層 二層 三層 陽台
RPUNMLRLJIHFFCM88CA,32,19.27,住家用,加強磚造,69年7月3日,一層,一層
RPPNMLRKKIHFFCM38CA,8,112.22,自用農舍,鋼骨造,93年9月10日,三層,一層 二層 三層
RPPNMLRKKIHFFCM38CA,8,112.22,自用農舍,鋼骨造,93年9月10日,三層,一層 二層 三層
RPPNMLRKKIHFFCM38CA,8,112.22,自用農舍,鋼骨造,93年9月10日,三層,一層 二層 三層
RPPNMLRKKIHFFCM38CA,8,112.22,自用農舍,鋼骨造,93年9月10日,三層,一層 二層 三層
RPPNMLRKKIHFFCM38CA,8,112.22,自用農舍,鋼骨造,93年9月10日,三層,一層 二層 三層
RPPOMLNJKIHFFAM77CA,19,167.40,住家用,鋼筋混凝土造,82年11月2日,三層,一層 二層 三層
RPQNMLSLJIHFFAM38CA,33,121.00,住商用,鋼筋混凝土加強磚造,69年5月6日,三層,一層 二層 三層 騎樓
RPTNMLQJKIHFFBM48CA,19,93.95,住家用,鋼筋混凝土造,82年10月29日,十層,八層 陽台 花台
RPTNMLQJKIHFFBM48CA,19,16.56,防空避難室、停車空間、開放空間、梯間、水塔、機械室,鋼筋混凝土造,82年10月29日,十層,
RPVNMLRJKIHFFBM78CA,32,113.52,住商用,鋼筋混凝土加強磚造,69年10月7日,二層,一層 二層 騎樓
RPUNMLKKKIHFFBM08CA,15,120.01,住家用,鋼筋混凝土造,86年6月30日,三層,一層 二層 三層 陽台 雨遮
RPUNMLKKKIHFFBM08CA,15,.17,管理員室,鋼筋混凝土造,86年6月30日,一層,
RPUNMLKKKIHFFBM08CA,15,35.47,停車空間,鋼筋混凝土造,86年6月30日,地下層,
RPQNMLRJKIHFFBM28CA,17,97.66,住家用,鋼筋混凝土造,85年1月12日,十層,十層 陽台
RPQNMLRJKIHFFBM28CA,17,62.15,住家用,鋼筋混凝土造,85年1月12日,十層,十層 陽台
RPQNMLRJKIHFFBM28CA,17,80.50,防空避難室兼停車場、梯間、屋頂突出物,鋼筋混凝土造,85年1月12日,十層,
RPQNMLRJKIHFFBM28CA,17,25.23,防空避難室兼停車場、梯間、屋頂突出物,鋼筋混凝土造,85年1月12日,十層,
RPTNMLQLJIHFFCM68CA,26,107.78,住商用,鋼筋混凝土造,76年1月24日,二層,一層 二層 騎樓
RPQOMLKMJIHFFCM97CA,33,113.78,住商用,加強磚造,69年2月29日,二層,一層 二層
RPVNMLOJKIHFFCM58CA,16,119.93,住家用,鋼筋混凝土造,85年8月15日,七層,四層 陽台
RPTNMLQLJIHFFBM68DA,32,91.80,住家用,鋼筋混凝土加強磚造,70年3月20日,二層,一層 二層
RPROMLSLJIHFFAM68DA,32,124.96,住家用,鋼筋混凝土加強磚造,70年4月29日,二層,一層 二層
RPROMLPJKIHFFCM38CA,31,103.33,住商用,加強磚造,70年8月10日,二層,一層 二層 騎樓
RPPNMLTLJIHFFBM48CA,,209.33,住宅、樓梯間,鋼筋混凝土造,101年9月25日,三層,一層 二層 三層 陽台 屋頂突出物
RPPOMLTLJIHFFBM58CA,33,125.42,住商用,鋼筋混凝土加強磚造,68年10月16日,二層,一層 二層 騎樓
RPSNMLNJKIHFFAM97CA,14,77.07,住家用,鋼筋混凝土造,88年2月5日,四層,一層 二層 三層 四層 陽台
RPVNMLRKKIHFFCM09DA,1,219.95,一般零售場所,鋼筋混凝土造,100年11月10日,四層,一層 二層 三層 四層 陽台 雨遮
RPSNMLNJKIHFFAM97CA,14,77.07,住家用,鋼筋混凝土造,88年2月5日,四層,一層 二層 三層 四層 陽台
RPUNMLRKKIHFFCM98DA,1,219.95,一般零售場所,鋼筋混凝土造,100年11月10日,四層,一層 二層 三層 四層 陽台 雨遮
RPQNMLOKKIHFFAM97CA,8,150.03,住家用,鋼筋混凝土造,93年12月2日,三層,一層 二層 三層 陽台 屋頂突出物
RPTNMLNJKIHFFAM08CA,12,134.36,住家用,鋼筋混凝土造,89年12月13日,三層,一層 二層 三層 陽台 屋頂突出物
RPPNMLPKKIHFFAM97CA,14,144.70,住家用,鋼筋混凝土造,87年5月25日,二層,一層 二層 陽台 屋頂突出物 地下層
RPPNMLPKKIHFFAM97CA,14,30.69,共有部份,鋼筋混凝土造,87年5月25日,二層,
RPPNMLKMJIHFFBM67CA,18,135.35,住家用,鋼筋混凝土造,84年3月8日,三層,一層 二層 三層 陽台 平台
RPUNMLMKKIHFFCM38CA,1,210.57,住宅、樓梯間,鋼筋混凝土造,100年8月12日,三層,一層 二層 三層 陽台 見其他登記事項
RPQOMLTLJIHFFCM78CA,8,600.74,住家用,鋼筋混凝土造,94年4月18日,四層,一層 二層 三層 四層 屋頂突出物 騎樓
RPPNMLSLJIHFFCM58DA,4,146.25,住宅、樓梯間,鋼筋混凝土造,97年11月18日,三層,一層 二層 三層 陽台 見其他登記事項
RPTNMLSLJIHFFBM88DA,21,21.55,住家用,鋼筋混凝土造,80年9月20日,九層,七層 陽台
RPTNMLSLJIHFFBM88DA,21,8.66,梯間、通道、機房、水箱,鋼筋混凝土造,80年9月20日,九層,
RPTNMLSLJIHFFBM88DA,21,4.71,避難室、梯間、變電室、水箱、機械室,鋼筋混凝土造,80年9月20日,十一層,
RPQNMLKMJIHFFEM08CA,5,204.93,住宅、樓梯間,ＲＣ造,97年1月29日,三層,一層 二層 三層 陽台 見其他登記事項
RPPNMLKMJIHFFEM97CA,,81.16,住家用,鋼筋混凝土加強磚造,,二層,一層 二層
RPQNMLOJKIHFFCM08CA,17,148.72,住家用,加強磚造,84年6月1日,三層,一層 二層 三層 陽台 平台 露台 雨遮
RPQNMLTLJIHFFCM68CA,8,162.65,住宅梯間,鋼筋混凝土造,94年3月18日,三層,一層 二層 三層 屋頂突出物
RPOOMLOKKIHFFCM08CA,17,183.08,住家用,鋼筋混凝土造,85年2月16日,三層,一層 二層 三層 陽台 屋頂突出物
RPTNMLNKKIHFFDM48CA,72,146.00,住家用,鋼筋混凝土造,82年5月20日,三層,一層 二層 三層 陽台
RPUNMLSLJIHFFCM98CA,34,99.16,住商用,鋼筋混凝土加強磚造,67年9月11日,二層,一層 二層 騎樓
RPQNMLNJKIHFFBM87CA,,189.82,店舖、住宅、樓梯間,鋼筋混凝土造,101年6月5日,三層,一層 二層 三層 陽台 見其他登記事項
RPXNMLRKKIHFFAM98CA,24,175.76,住家用,鋼筋混凝土造,77年10月7日,三層,一層 二層 三層
RPUNMLSKKIHFFAM78CA,,77.75,住家用,磚造,,一層,一層
RPQNMLQJKIHFFAM08CA,1,69.27,住家用,鋼筋混凝土造,100年12月14日,五層,三層 陽台 雨遮
RPQNMLQJKIHFFAM08CA,1,10.86,集合住宅、樓梯間,鋼筋混凝土造,100年12月14日,五層,
RPPNMLNJKIHFFAM67CA,19,129.57,住家用,鋼筋混凝土造,82年7月19日,三層,一層 二層 三層 屋頂突出物
RPSOMLNKKIHFFBM28CA,46,117.65,住家用,鋼筋混凝土加強磚造,56年2月1日,二層,一層 二層 騎樓
RPUNMLNKKIHFFCM48CA,,12.00,農舍,鋼鐵造有牆,101年10月8日,一層,一層
RPVNMLNKKIHFFCM58CA,,12.00,農舍,鋼鐵造有牆,101年10月8日,一層,一層
RPSPMLPJKIHFFCM58CA,26,181.06,住家用,鋼筋混凝土造,75年9月10日,三層,一層 二層 三層
RPQPMLPJKIHFFCM38CA,22,90.73,住家用,加強磚造,79年6月28日,二層,一層 二層
RPUNMLPJKIHFFDM68CA,11,184.66,住家用,鋼筋混凝土造,90年10月5日,三層,一層 二層 三層 陽台 電梯樓梯間
RPQNMLNJKIHFFCM08DA,20,145.39,人行道、店舖、住宅,鋼筋混凝土造,81年2月15日,三層,一層 二層 三層 騎樓
RPVNMLMKKIHFFBM48DA,22,90.78,商業用,鋼筋混凝土造,80年3月23日,十二層,九層 陽台
RPVNMLMKKIHFFBM48DA,22,45.55,樓梯間、人行道、門廊、門廳、機械室、水箱、避難室,鋼筋混凝土造,80年3月23日,十二層,
RPQNMLMKKIHFFDM08CA,12,199.85,住家用,ＳＲＣ造　,90年3月27日,三層,一層 二層 三層
RPPPMLPJKIHFFCM28CA,32,102.69,住家用,加強磚造,70年4月25日,二層,一層 二層 陽台
RPRNMLTKKIHFFDM88CA,34,82.50,住家用,鋼筋混凝土加強磚造,67年6月30日,二層,一層 二層
RPUNMLRJKIHFFCM78CA,8,141.22,住宅、梯間,鋼筋混凝土造,94年2月5日,三層,一層 二層 三層 陽台 屋頂突出物
RPQNMLPJKIHFFBM08CA,,33.43,住家用,磚造,,一層,一層
RPRNMLRKKIHFFBM48CA,31,110.16,住商用,鋼筋混凝土加強磚造,70年6月1日,二層,一層 二層 騎樓
RPWNMLRJKIHFFBM88CA,21,90.77,住家用,鋼筋混凝土造,80年11月15日,七層,二層 陽台 花台
RPWNMLRJKIHFFBM88CA,21,1.56,商業用,鋼筋混凝土造,80年11月15日,七層,
RPWNMLRJKIHFFBM88CA,21,40.18,避難室、梯間、水塔、門廳、警衛室、玄關、停車空間,鋼筋混凝土造,80年11月15日,七層,
RPWNMLPJKIHFFAM58CA,15,64.37,住家用,鋼筋混凝土造,87年3月27日,五層,二層 陽台
RPWNMLPJKIHFFAM58CA,15,5.79,梯間、屋頂突出物,鋼筋混凝土造,87年3月27日,五層,
RPRNMLMKKIHFFAM87CA,32,770.15,辦公室、會議室、避難室,鋼筋混凝土加強磚造,70年4月3日,二層,一層 二層 地下層
RPRNMLNKKIHFFAM97CA,33,138.50,住商用,鋼筋混凝土加強磚造,69年3月26日,三層,一層 二層 三層 騎樓
RPOOMLRKKIHFFAM18CA,6,178.39,住家用,鋼筋混凝土造,95年12月26日,三層,一層 二層 三層 陽台 雨遮
RPRNMLKKKIHFFBM77CA,,187.83,住宅、樓梯間、水箱間,鋼筋混凝土造,101年9月14日,三層,一層 二層 三層 屋頂突出物
RPVNMLNKKIHFFBM48CA,31,172.81,住商用,鋼筋混凝土造,70年12月24日,三層,一層 二層 三層 騎樓
RPVNMLQJKIHFFCM78CA,29,121.79,住家用,加強磚造,73年4月30日,二層,一層 二層 騎樓
RPWNMLSLKIHFFCM66CA,29,48.00,住家用,鋼筋混凝土加強磚造,73年1月12日,二層,一層 二層
RPWNMLSLKIHFFCM66CA,29,48.00,住家用,鋼筋混凝土加強磚造,73年1月12日,二層,一層 二層
RPPOMLMLKIHFFAM87CA,35,62.40,住家用,加強磚造,,一層,一層
RPRNMLMLKIHFFAM97CA,21,164.25,住家用,鋼筋混凝土造,80年8月24日,三層,一層 二層 三層 屋頂突出物
RPTNMLQJKIHFFCM68DA,8,205.87,集合住宅,鋼筋混凝土造,93年10月5日,十層,二層 陽台
RPTNMLQJKIHFFCM68DA,8,67.22,防空避難室兼停車空間、梯廳、梯間、水箱,鋼筋混凝土造,93年10月5日,十層,
RPUNMLPJKIHFFCM68DA,17,163.66,住家用,鋼筋混凝土造,85年1月24日,三層,一層 二層 三層 屋頂突出物
RPWNMLQJKIHFFBM88DA,38,100.44,住商用,鋼筋混凝土加強磚造,63年11月18日,二層,一層 二層 騎樓
RPRNMLOJKIHFFBM18DA,12,181.55,住家用,鋼筋混凝土造,90年1月20日,四層,一層 二層 三層 四層 陽台
RPSNMLMLKIHFFEM48CA,15,201.30,住商用,鋼筋混凝土造,86年7月12日,四層,一層 二層 三層 四層 騎樓
SPXNMLOLKIHFFCM09CA,16,176.77,住商用,鋼筋混凝土造,85年9月18日,四層,一層 二層 三層 四層 陽台 平台 雨遮
RPROMLNKKIHFFCM28CA,36,68.25,住家用,鋼筋混凝土加強磚造,66年3月15日,一層,一層 騎樓
RPQNMLLKKIHFFAM67CA,17,163.97,住家用,鋼筋混凝土造,84年10月26日,三層,一層 二層 三層 陽台 屋頂突出物 騎樓
RPXNMLOLKIHFFCM98CA,16,176.77,住商用,鋼筋混凝土造,85年9月18日,四層,一層 二層 三層 四層 陽台 平台 雨遮
RPPNMLTJKIHFFBM38CA,22,103.32,住家用,加強磚造,79年11月7日,二層,
RPPOMLPJKIHFFAM97CA,11,122.70,住家用,鋼筋混凝土造,91年2月18日,二層,一層 二層 陽台 屋頂突出物
RPXOMLMLKIHFFAM68CA,16,181.25,住商用,鋼筋混凝土造,85年7月24日,四層,一層 二層 三層 四層 陽台 露台
RPPNMLKLKIHFFAM57CA,17,213.09,住家用,鋼筋混凝土造,84年6月16日,四層,一層 二層 三層 四層 屋頂突出物
RPVNMLRKKIHFFAM78CA,34,111.18,住家用,鋼筋混凝土加強磚造,68年3月5日,二層,一層 二層
RPROMLLLKIHFFAM97CA,15,85.48,住家用,鋼筋混凝土造,86年9月19日,十四層,三層 陽台
RPTOMLLLKIHFFAM18CA,15,119.87,住家用,鋼筋混凝土造,86年9月19日,十四層,三層 四層 陽台
RPWNMLPJKIHFFDM88CA,17,187.36,住家用,鋼筋混凝土造,84年11月10日,三層,一層 二層 三層 陽台 平台
RPSNMLLKKIHFFCM08CA,18,43.40,集合住宅,鋼筋混凝土造,83年11月28日,九層,六層 陽台
RPSNMLLKKIHFFCM08CA,18,13.61,防空避難室、停車空間、梯間、通道、機械室、水箱,鋼筋混凝土造,83年11月28日,九層,
RPSNMLLKKIHFFCM08CA,18,28.77,集合住宅,鋼筋混凝土造,83年11月28日,九層,六層 陽台
RPSNMLLKKIHFFCM08CA,18,9.01,防空避難室、停車空間、梯間、通道、機械室、水箱,鋼筋混凝土造,83年11月28日,九層,
RPSNMLLKKIHFFCM08CA,18,.24,管理員室,鋼筋混凝土造,83年11月28日,九層,
RPSNMLLKKIHFFCM08CA,18,13.35,防空避難室、停車空間、梯間、通道、機械室、水箱,鋼筋混凝土造,83年11月28日,九層,
RPPNMLQJKIHFFDM28CA,40,48.04,住家用,加強磚造,62年3月1日,一層,一層 騎樓
RPOOMLRKKIHFFCM48DA,1,254.13,一般零售場所,鋼筋混凝土造,100年11月10日,四層,一層 二層 三層 四層 陽台 雨遮
RPXNMLRKKIHFFCM66DA,1,254.13,一般零售場所,鋼筋混凝土造,100年11月10日,四層,一層 二層 三層 四層 陽台 雨遮
RPPNMLMKKIHFFCM97DA,14,75.60,住家用,鋼筋混凝土加強磚造,87年11月9日,二層,一層 二層
RPUNMLMLKIHFFEM68CA,6,205.32,住家用,ＲＣ造,95年7月10日,四層,一層 二層 三層 四層 陽台
RPRNMLRJKIHFFBM48DA,,68.96,農舍,見其他登記事項,101年6月19日,一層,
RPQNMLLKKIHFFBM77CA,32,118.01,住家用,鋼筋混凝土加強磚造,69年12月27日,二層,一層 二層
RPUOMLLLKIHFFAM28CA,15,119.87,住家用,鋼筋混凝土造,86年9月19日,十四層,五層 六層 陽台
RPSOMLLLKIHFFAM08CA,15,86.72,住家用,鋼筋混凝土造,86年9月19日,十四層,六層 陽台
RPTNMLMLKIHFFAM18CA,16,100.56,住家用,鋼筋混凝土造,85年11月30日,七層,五層 陽台 花台
RPQOMLLLKIHFFAM87CA,15,86.70,住家用,鋼筋混凝土造,86年9月19日,十四層,三層 陽台
RPSNMLMLKIHFFAM08CA,34,122.64,住家用,鋼筋混凝土加強磚造,68年4月13日,二層,一層 二層
RPSNMLNKKIHFFBM18CA,32,79.86,住家用,鋼筋混凝土加強磚造,69年12月18日,二層,一層 二層
RPWNMLPLKIHFFAM78CA,32,109.46,住商用,鋼筋混凝土加強磚造,70年3月12日,二層,一層 二層 騎樓
RPTNMLRJKIHFFCM68CA,18,182.74,住家用,鋼筋混凝土造,83年8月13日,四層,一層 二層 三層 四層 陽台 平台 花台
RPUNMLKKKIHFFCM18CA,57,79.32,住商用,加強磚造,45年1月30日,二層,一層 二層 騎樓
RPQNMLNKKIHFFCM18DA,4,16.50,農舍,鋼骨造,97年7月31日,一層,一層
RPRNMLLKKIHFFDM08CA,35,220.80,住商用,鋼筋混凝土加強磚造,66年12月30日,三層,一層 二層 三層 騎樓
RPTOMLOLKIHFFDM88DA,6,40.57,住家用,鋼筋混凝土造,95年12月25日,四層,一層 二層 三層 四層 屋頂突出物
RPRNMLQLKIHFFAM48DA,19,175.02,住商用,鋼筋混凝土造,82年7月28日,三層,一層 二層 三層 見其他登記事項
RPPNMLSJJHIFFBM18CA,18,83.16,住家用,鋼筋混凝土造,83年10月29日,八層,三層 陽台 花台
RPPNMLSJJHIFFBM18CA,18,33.90,防空避難室、梯間、機械室、瞭望台、水塔,鋼筋混凝土造,83年10月29日,八層,
RPQNMLOKKIHFFCM18CA,33,111.15,住家用,加強磚造,69年3月26日,二層,一層 二層
RPXNMLRJJHIFFCM98CA,19,.77,集合住宅,鋼筋混凝土造,83年1月14日,十一層,三層 陽台
RPXNMLLLKIHFFAM48CA,12,312.21,住商用,鋼筋混凝土造,89年6月29日,五層,一層 二層 三層 四層 五層 陽台 屋頂突出物 騎樓 地下層
RPXNMLLLKIHFFAM48CA,12,21.65,見其他登記事項,鋼筋混凝土造,89年6月29日,五層,
RPSNMLPLKIHFFAM38CA,37,142.80,農舍,加強磚造,64年10月16日,一層,
RPPNMLPLKIHFFAM08CA,12,302.81,住商用,鋼筋混凝土造,89年12月28日,四層,一層 二層 三層 四層 屋頂突出物 騎樓
RPQOMLRKKIHFFAM38CA,15,107.50,住家用,鋼筋混凝土造,87年3月6日,九層,五層 陽台
RPOOMLPLKIHFFAM08CA,14,164.64,住商用,鋼筋混凝土造,88年4月15日,四層,一層 二層 三層 四層 陽台
RPPOMLPLKIHFFAM18CA,14,164.64,住商用,鋼筋混凝土造,88年4月15日,四層,一層 二層 三層 四層 陽台
RPUNMLNKKIHFFBM38CA,14,171.50,農舍,加強磚造,87年12月3日,二層,一層 二層 陽台
RPUNMLMLKIHFFBM38CA,37,117.20,住家用,磚造,64年11月7日,一層,一層
RPPNMLOLKIHFFBM08CA,,187.83,住宅、樓梯間、水箱間,鋼筋混凝土造,101年9月14日,三層,一層 二層 三層 屋頂突出物
RPPNMLMLKIHFFBM87CA,27,132.60,住商用,鋼筋混凝土造,75年2月17日,三層,一層 二層 三層 陽台 騎樓
RPWNMLOLKIHFFBM78CA,19,181.81,住家用,鋼筋混凝土造,82年9月29日,三層,一層 二層 三層 陽台 電梯樓梯間
RPWNMLKLKIHFFBM38CA,,210.15,住家用,鋼筋混凝土造,101年9月6日,四層,一層 二層 三層 四層 陽台
RPTNMLSJJHIFFBM58CA,,213.62,住家用,鋼筋混凝土造,101年9月6日,四層,一層 二層 三層 四層 陽台
RPWNMLSJJHIFFBM88CA,,212.27,住家用,鋼筋混凝土造,101年9月6日,四層,一層 二層 三層 四層 陽台
RPPNMLNKKIHFFDM08CA,29,157.74,住商用,鋼筋混凝土加強磚造,72年6月1日,三層,一層 二層 三層 騎樓
RPRNMLPLKIHFFBM38CA,18,22.35,住家用,鋼筋混凝土造,83年7月21日,十三層,五層 陽台
RPRNMLPLKIHFFBM38CA,18,12.30,停車場、防空避難室、梯間、走道、水箱、機房,鋼筋混凝土造,83年7月21日,十三層,
RPPNMLPLKIHFFDM48DA,45,114.41,住家用,磚造,57年3月10日,一層,
RPPOMLMLKIHFFCM18DA,25,133.93,住商用,鋼筋混凝土造,76年9月9日,三層,一層 二層 三層 騎樓
RPSNMLTKKIHFFCM98DA,16,159.09,住宅、停車,鋼筋混凝土造,86年1月17日,四層,一層 二層 三層 四層 陽台 見其他登記事項
RPTNMLTKKIHFFCM09DA,3,228.22,騎樓、店舖、住宅、樓梯間,鋼筋混凝土造,99年1月19日,三層,一層 二層 三層 騎樓 見其他登記事項
RPSNMLNKKIHFFAM18DA,21,132.25,人行道、住宅,鋼筋混凝土造,80年5月29日,二層,一層 二層 見其他登記事項
RPQNMLSJJHIFFBM28CA,,212.27,住家用,鋼筋混凝土造,101年9月6日,四層,一層 二層 三層 四層 陽台
RPRNMLSJJHIFFBM38CA,,213.62,住家用,鋼筋混凝土造,101年9月6日,四層,一層 二層 三層 四層 陽台
RPSNMLSJJHIFFBM48CA,,212.27,住家用,鋼筋混凝土造,101年9月6日,四層,一層 二層 三層 四層 陽台
RPOOMLKKJHIFFCM57CA,,154.58,住家用,鋼筋混凝土造,101年8月22日,三層,一層 二層 三層 雨遮
RPQNMLKKJHIFFCM67CA,,159.86,住家用,鋼筋混凝土造,101年8月22日,三層,一層 二層 三層 陽台 雨遮
RPUNMLKKJHIFFCM08CA,,155.59,住家用,鋼筋混凝土造,101年8月22日,三層,一層 二層 三層 雨遮
RPWNMLKKJHIFFCM28CA,,154.58,住家用,鋼筋混凝土造,101年8月22日,三層,一層 二層 三層 雨遮
RPPNMLLMKIHFFCM97CA,20,136.09,住家用,鋼筋混凝土造,82年1月8日,三層,一層 二層 三層 屋頂突出物
RPWNMLTKKIHFFCM66CA,35,67.20,住家用,加強磚造,66年10月18日,二層,一層 二層
RPPNMLOKKIHFFCM08CA,8,103.18,集合住宅,鋼筋混凝土造,93年10月5日,十層,四層 陽台
RPTNMLNKKIHFFBM28CA,2,12.00,農舍,鋼鐵造有牆,99年12月9日,一層,一層
RPVNMLSKKIHFFCM09CA,13,13.95,農舍,鋼鐵造﹝有墻﹞,88年7月21日,一層,一層
RPTNMLRKKIHFFBM68CA,19,21.20,住家用,鋼筋混凝土造,83年1月17日,十二層,十一層 陽台
RPTNMLRKKIHFFBM68CA,19,9.62,防空避難室、梯間、門廳、機械室、水箱,鋼筋混凝土造,83年1月17日,十二層,
RPVNMLKLKIHFFBM28CA,,212.27,住家用,鋼筋混凝土造,101年9月6日,四層,一層 二層 三層 四層 陽台
RPPOMLRKKIHFFAM28CA,19,63.57,住家用,鋼筋混凝土造,82年8月28日,六層,四層 陽台
RPUNMLMLKIHFFAM28CA,20,64.66,住家用,鋼筋混凝土造,82年3月22日,八層,七層 陽台
RPQNMLNJJHIFFBM77CA,1,241.14,住宅、樓梯間,鋼筋混凝土造,100年8月23日,三層,一層 二層 三層 陽台 見其他登記事項
RPWNMLMLKIHFFAM48CA,18,65.82,住家用,鋼筋混凝土造,84年2月16日,十三層,十層 陽台 花台
RPOPMLMLKIHFFAM87CA,16,181.25,住商用,鋼筋混凝土造,85年7月24日,四層,一層 二層 三層 四層 陽台 露台
RPXNMLOLKIHFFAM78CA,7,162.82,住家用,鋼筋混凝土造,94年6月7日,三層,一層 二層 三層 陽台 屋頂突出物
RPTNMLOKKIHFFAM28CA,34,114.23,住商用,鋼筋混凝土加強磚造,68年1月13日,二層,一層 二層 騎樓
RPWNMLRLKIHFFBM09CA,32,94.76,住家用,鋼筋混凝土加強磚造,69年12月1日,二層,一層 二層
RPPNMLRKKIHFFBM28CA,15,241.65,住商用,鋼筋混凝土造,87年4月15日,三層,一層 二層 三層 屋頂突出物 騎樓
RPWNMLOKKIHFFCM78CA,26,131.46,住家用,鋼筋混凝土加強磚造,76年3月13日,二層,一層 二層
RPROMLTJJHIFFCM68CA,32,104.13,住家用,加強磚造,70年4月25日,二層,一層 二層 陽台
RPQNMLLMKIHFFBM97CA,,203.52,住家用,鋼筋混凝土造,101年8月20日,四層,一層 二層 三層 四層 陽台 雨遮
RPPNMLLMKIHFFBM87CA,,199.75,住家用,鋼筋混凝土造,101年8月20日,四層,一層 二層 三層 四層 陽台 雨遮
RPRNMLLMKIHFFBM08CA,,191.94,住家用,鋼筋混凝土造,101年5月30日,四層,一層 二層 三層 四層 陽台 雨遮
RPRNMLRKKIHFFDM68CA,16,221.28,住商用,鋼筋混凝土造,86年4月11日,三層,一層 二層 三層 陽台 電梯樓梯間 雨遮
RPRNMLKLKIHFFEM18CA,9,157.02,住家用,鋼筋混凝土造,93年1月9日,三層,一層 二層 三層
RPPNMLOKKIHFFDM18CA,12,103.60,住家用,鋼筋混凝土造,89年8月4日,五層,
RPQNMLOKKIHFFDM28CA,18,257.97,廠房、辦公室、宿舍,鋼筋混凝土造,84年1月13日,三層,一層 二層 三層 陽台 平台 花台
RPQNMLPLKIHFFDM48CA,30,17.97,涼亭,鋼造,72年2月13日,一層,一層
RPPNMLNLKIHFFBM08DA,37,225.81,住商用,鋼筋混凝土加強磚造,64年7月29日,三層,一層 二層 三層 騎樓
RPSOMLTJJHIFFCM78CA,21,189.14,人行道、住宅,鋼筋混凝土造,81年3月17日,五層,一層 二層 三層 四層 五層 騎樓
RPWNMLSKKIHFFCM56CA,30,96.20,住商用,鋼筋混凝土造,71年6月30日,二層,一層 二層 陽台 騎樓
RPVNMLOKKIHFFCM68CA,6,152.05,住家用,鋼筋混凝土造,95年8月30日,二層,一層 二層 陽台
RPROMLRLKIHFFAM58CA,18,71.74,住家用,鋼筋混凝土造,84年2月16日,十三層,十一層 陽台
RPROMLRLKIHFFAM58CA,18,16.41,辦公室、康樂室、電梯、門廳、機房、水箱、平臺、瞭望臺、梯間、變電室、機械室,鋼筋混凝土造,84年2月16日,十三層,
RPPOMLLLKIHFFAM77CA,15,119.87,住家用,鋼筋混凝土造,86年9月19日,十四層,五層 六層 陽台
RPSNMLMJJHIFFAM77CA,26,215.66,農舍,加強磚造,75年12月8日,二層,一層 二層 陽台 屋頂突出物 騎樓
RPQNMLTKKIHFFAM48CA,17,211.09,住家用,鋼筋混凝土造,84年9月15日,三層,一層 二層 三層 陽台 平台 屋頂突出物 露台 地下層
RPOOMLLLKIHFFAM67CA,15,86.70,住家用,鋼筋混凝土造,86年9月19日,十四層,二層 陽台
RPPNMLQLKIHFFBM28CA,24,144.77,住家用,加強磚造,77年12月28日,二層,一層 二層 陽台
RPXNMLRLKIHFFCM66CA,31,62.67,住家用,加強磚造,70年8月12日,二層,一層 二層
RPUNMLSKKIHFFCM09DA,46,108.64,住家用,鋼筋混凝土加強磚造,56年1月1日,二層,一層 二層 騎樓
RPSNMLLLKIHFFCM28DA,19,95.53,集合住宅,鋼筋混凝土造,82年7月24日,七層,二層 陽台
RPSNMLLLKIHFFCM28DA,19,15.79,梯間、突出物、門廳、車道、避難室、停車場、騎樓等公共設施,鋼筋混凝土造,82年7月24日,,
RPQNMLKLKIHFFEM08CA,17,132.25,住家用,鋼筋混凝土造,84年12月4日,三層,
RPUNMLTKKIHFFBM09DA,,173.41,店舖、住宅、樓梯間、水箱,鋼筋混凝土造,101年6月5日,三層,一層 二層 三層 陽台 見其他登記事項
RPPNMLKLKIHFFDM87CA,18,208.74,住家用,鋼筋混凝土造,84年3月25日,三層,一層 二層 三層 陽台 露台
RPPNMLSLKIHFFBM48CA,19,133.83,住家用,鋼筋混凝土造,82年7月2日,四層,一層 二層 三層 四層 電梯樓梯間
RPPNMLSLKIHFFBM48CA,19,202.39,住家用,鋼筋混凝土造,82年7月2日,四層,一層 二層 三層 四層 電梯樓梯間
RPPNMLMJJHIFFDM77CA,33,92.40,住家用,鋼筋混凝土加強磚造,69年3月28日,二層,一層 二層
RPPNMLRJJHIFFBM08CA,18,129.77,住商用,鋼筋混凝土造,83年9月15日,五層,一層 騎樓 地下層
RPPNMLRJJHIFFBM08CA,18,60.68,住家用,鋼筋混凝土造,83年9月15日,五層,二層
RPPNMLRJJHIFFBM08CA,18,60.71,住家用,鋼筋混凝土造,83年9月15日,五層,三層 陽台
RPPNMLRJJHIFFBM08CA,18,57.53,住家用,鋼筋混凝土造,83年9月15日,五層,四層 陽台
RPPNMLRJJHIFFBM08CA,18,57.53,住家用,鋼筋混凝土造,83年9月15日,五層,五層 陽台
RPPNMLRJJHIFFBM08CA,18,44.43,梯間,鋼筋混凝土造,83年9月15日,五層,
RPQNMLLLKIHFFCM97CA,34,156.41,住商用,鋼筋混凝土加強磚造,67年12月12日,三層,一層 二層 三層 騎樓
RPUNMLOLKIHFFCM68CA,,133.89,農舍,鋼鐵造有牆,101年11月6日,一層,一層
RPTNMLOLKIHFFBM48CA,16,145.85,住家用,鋼筋混凝土造,86年4月3日,三層,一層 二層 三層 陽台 平台 電梯樓梯間
RPOOMLOLKIHFFAM97CA,12,124.49,住家用,鋼筋混凝土造,90年3月8日,二層,一層 二層 陽台
RPTNMLTKKIHFFAM78CA,1,179.46,住宅、停車空間、樓梯間,鋼筋混凝土造,100年5月30日,四層,一層 二層 三層 四層 陽台 屋頂突出物 雨遮
RPRNMLLLKIHFFAM87CA,14,164.64,住商用,鋼筋混凝土造,88年4月15日,四層,一層 二層 三層 四層 陽台
RPPNMLLLKIHFFBM77CA,19,81.38,住家用,鋼筋混凝土造,83年1月11日,六層,一層 平台
RPPNMLLLKIHFFBM77CA,19,68.89,防空避難室、梯間、車道、機械室、水箱,鋼筋混凝土造,83年1月11日,六層,
RPRNMLOLKIHFFAM18CA,33,106.73,住商用,鋼筋混凝土加強磚造,69年2月5日,二層,一層 二層 騎樓
RPSNMLLLKIHFFAM97CA,18,103.79,住家用,鋼筋混凝土造,83年6月17日,八層,五層 陽台 花台 雨遮
RPSNMLLLKIHFFAM97CA,18,40.45,梯間、車道、水箱、機械房、避難室、停車間,鋼筋混凝土造,83年6月17日,八層,
RPQNMLKLKIHFFAM67CA,18,203.88,住家用,鋼筋混凝土造,83年7月19日,四層,一層 二層 三層 四層 陽台 地下層
RPUNMLKLKIHFFCM28CA,24,124.64,住商用,鋼筋混凝土造,77年9月30日,二層,一層 二層 騎樓
RPPNMLLLKIHFFCM87CA,17,140.55,集合住宅,鋼筋混凝土造,84年11月22日,十二層,八層 陽台
RPPNMLRLKIHFFCM58DA,36,126.28,住商用,鋼筋混凝土加強磚造,66年3月15日,二層,一層 二層 騎樓
RPROMLLLKIHFFCM28DA,19,156.49,住宅、車房,鋼筋混凝土造,82年6月18日,四層,一層 二層 三層 四層 電梯樓梯間
RPQNMLPLKIHFFAM28DA,21,134.28,住家用,鋼筋混凝土造,80年6月22日,三層,一層 二層 三層
RPVNMLPLKIHFFCM88CA,34,61.89,住商用,加強磚造,67年12月19日,二層,一層 二層
RPQNMLOJJHIFFBM87CA,28,149.04,住商用,鋼筋混凝土造,73年12月1日,三層,一層 二層 三層 陽台
RPPOMLMJJHIFFAM57CA,18,64.08,住商用,鋼筋混凝土造,84年5月1日,七層,一層 平台
RPRNMLMLKIHFFCM18CA,45,69.62,住商用,鋼筋混凝土加強磚造,56年8月15日,一層,一層 騎樓
RPXNMLRLKIHFFBM56CA,6,186.12,住家用,鋼筋混凝土造,96年4月9日,四層,一層 二層 三層 四層 陽台
RPTOMLRLKIHFFAM78CA,28,80.46,住商用,鋼筋混凝土造,73年8月13日,二層,一層 二層
RPOOMLMLKIHFFAM77CA,18,213.73,住宅、停車空間、樓梯間,鋼筋混凝土造,83年6月27日,三層,一層 二層 三層 陽台
RPQNMLOLKIHFFBM18CA,30,74.88,國民住宅,鋼筋混凝土造,72年4月12日,四層,一層 陽台
RPQNMLOLKIHFFBM18CA,30,5.40,國民住宅,鋼筋混凝土造,72年4月12日,四層,
RPQNMLOLKIHFFBM18CA,30,1.68,國民住宅,鋼筋混凝土造,72年4月12日,四層,
RPQNMLOLKIHFFBM18CA,30,.84,國民住宅,鋼筋混凝土造,72年4月12日,四層,
RPTNMLRLKIHFFAM68CA,32,118.92,住商用,鋼筋混凝土加強磚造,69年8月1日,二層,一層 二層 騎樓
RPQNMLMJJHIFFCM77CA,19,103.94,集合住宅,鋼筋混凝土造,83年5月30日,七層,七層 陽台 花台
RPQNMLMJJHIFFCM77CA,19,16.52,防空避難室、汽車升降室、辦公室、機械室、水箱,鋼筋混凝土造,83年5月30日,七層,
RPQNMLMJJHIFFCM77CA,19,12.14,樓梯間,鋼筋混凝土造,83年5月30日,七層,
RPVNMLMJJHIFFCM28CA,12,516.27,住家用,鋼筋混凝土造,89年12月14日,三層,二層 三層 陽台 屋頂突出物
SPVNMLMJJHIFFCM38CA,12,360.64,遊藝場．停車空間,鋼筋混凝土造,89年12月14日,三層,一層
RPSNMLRLKIHFFCM78CA,37,48.36,住家用,鋼筋混凝土加強磚造,64年12月12日,一層,一層
RPUNMLMLKIHFFCM48CA,25,126.36,住商用,鋼筋混凝土造,77年3月2日,三層,一層 二層 三層
RPTNMLOLKIHFFCM58CA,19,81.78,集合住宅,鋼筋混凝土造,83年1月14日,十一層,四層 陽台 花台
RPSNMLLMKIHFFBM18CA,,269.08,住家用,鋼筋混凝土造,101年8月20日,四層,一層 二層 三層 四層 陽台 雨遮
RPROMLKKJHIFFCM87CA,,120.87,住家用,鋼筋混凝土造,101年8月22日,三層,一層 二層 三層 陽台 雨遮
RPROMLKKJHIFFCM87CA,,120.87,住家用,鋼筋混凝土造,101年8月22日,三層,一層 二層 三層 陽台 雨遮
RPTOMLKKJHIFFCM08CA,,151.11,住家用,鋼筋混凝土造,101年8月22日,三層,一層 二層 三層 雨遮
RPWNMLNJJHIFFBM38CA,17,26.96,停車空間、防空避難室、梯間、門廳、機械室、水箱,鋼筋混凝土造,85年3月12日,八層,
RPWNMLNJJHIFFBM38CA,17,84.76,住家用,鋼筋混凝土造,85年3月12日,八層,七層 陽台 花台
RPUNMLRLKIHFFDM09CA,6,196.73,住家用,鋼筋混凝土造,96年4月13日,三層,一層 二層 三層 陽台
RPPNMLNLKIHFFAM97DA,33,89.57,住家用,鋼筋混凝土加強磚造,68年8月20日,二層,一層 二層
RPPNMLOLKIHFFDM28CA,6,123.54,住家用,鋼筋混凝土造,95年12月26日,三層,一層 二層 三層 陽台
RPTNMLPKJHIFFAM28CA,18,120.51,住家用,鋼筋混凝土造,83年11月9日,十六層,三層 陽台
RPTNMLPKJHIFFAM28CA,18,15.63,騎樓、人行道、梯間、避難室、機械室,鋼筋混凝土造,83年11月9日,十六層,
RPQOMLSJJHIFFBM38CA,12,111.98,住家用,鋼筋混凝土造,89年12月12日,四層,一層 二層 三層 四層 陽台 雨遮
RPTNMLPKJHIFFDM58CA,5,294.88,住商用,鋼筋混凝土造,96年12月18日,三層,一層 二層 三層 屋頂突出物 騎樓 雨遮 見其他登記事項
RPRNMLPKJHIFFDM38CA,5,286.99,住商用,鋼筋混凝土造,96年12月18日,三層,一層 二層 三層 屋頂突出物 騎樓 雨遮 見其他登記事項
RPTNMLRLKIHFFCM88CA,38,102.62,住家用,鋼筋混凝土加強磚造,63年11月30日,二層,一層 二層
RPUNMLOLKIHFFBM58CA,51,96.11,住家用,磚造,51年2月10日,二層,一層 二層 騎樓
RPPNMLPLKIHFFBM18CA,18,24.78,住家用,鋼筋混凝土造,83年7月21日,十三層,六層 陽台
RPPNMLPLKIHFFBM18CA,18,14.15,停車場、防空避難室、梯間、走道、水箱、機房,鋼筋混凝土造,83年7月21日,十三層,
RPQNMLQLKIHFFBM38CA,8,153.89,住家用,鋼筋混凝土造,93年10月18日,四層,一層 二層 三層 四層 陽台
RPPNMLQLKIHFFAM18CA,20,138.02,住商用,鋼筋混凝土造,82年4月15日,三層,一層 二層 三層 電梯樓梯間
RPPNMLPLJHIFFCM28DA,19,67.23,住家用,鋼造,82年8月2日,一層,
RPQNMLQLKIHFFAM28CA,21,106.84,住商用,鋼筋混凝土造,80年9月21日,二層,一層 二層 屋頂突出物
RPSNMLPKJHIFFAM18CA,20,87.41,住家用,鋼筋混凝土造,81年9月10日,五層,五層
RPSNMLPKJHIFFAM18CA,20,16.80,樓梯、公共設施,鋼筋混凝土造,81年9月10日,五層,
RPPNMLQLKIHFFEM58CA,30,253.96,住商用,鋼筋混凝土加強磚造,72年4月23日,四層,一層 二層 三層 四層 騎樓
RPQOMLRLKIHFFCM78DA,19,143.43,住家用,鋼筋混凝土造,82年7月8日,二層,一層 二層
RPSOMLRLKIHFFCM98DA,6,180.85,住宅、樓梯間,鋼筋混凝土造,95年7月31日,三層,一層 二層 三層 陽台 屋頂突出物
RPSNMLMJJHIFFDM08CA,14,259.40,住家用,鋼筋混凝土造,87年10月1日,三層,一層 二層 三層 陽台
RPSNMLNJJHIFFBM97CA,7,173.68,住商用,鋼筋混凝土造,95年5月12日,三層,一層 二層 三層 陽台 屋頂突出物
RPUNMLNJJHIFFBM18CA,19,200.64,住商用,鋼筋混凝土造,82年7月17日,四層,一層 二層 三層 四層 陽台 平台 騎樓
RPTNMLMJJHIFFCM08CA,34,195.21,住家用,加強磚造,67年8月11日,三層,一層 二層 三層 騎樓
RPWNMLRLKIHFFCM56CA,31,103.78,住家用,鋼筋混凝土加強磚造,70年6月16日,二層,一層 二層
RPQNMLMJJHIFFAM57CA,34,1403.28,見其他登記事項,鋼筋混凝土加強磚造,68年1月1日,一層,
RPQNMLRLKIHFFAM38CA,17,173.64,住家用,鋼筋混凝土造,85年1月5日,四層,一層 二層 三層 四層 陽台 平台 屋頂突出物 雨遮 見其他登記事項
RPTNMLRLKIHFFBM78CA,15,162.54,住家用,鋼筋混凝土造,86年11月8日,三層,一層 二層 三層 陽台 電梯樓梯間
SPPOMLRLKIHFFAM48CA,,246.10,住家用,鋼筋混凝土造,101年10月23日,三層,一層 二層 三層 陽台
RPTNMLSLKIHFFAM78CA,1,195.47,住家用,鋼筋混凝土造,100年12月22日,四層,一層 二層 三層 四層 陽台
RPTNMLSJJHIFFCM68CA,4,166.50,住宅、樓梯間,鋼筋混凝土造,97年11月18日,三層,一層 二層 三層 陽台 見其他登記事項
RPPOMLRLKIHFFCM58CA,4,166.50,住宅、樓梯間,鋼筋混凝土造,97年11月18日,三層,一層 二層 三層 陽台 見其他登記事項
RPWNMLLKJHIFFBM28CA,14,264.30,住家用,鋼筋混凝土造,87年11月21日,四層,一層 二層 三層 四層 陽台 地下層
RPWNMLLKJHIFFBM28CA,14,20.85,地下層停車道公共設施,鋼筋混凝土造,87年11月21日,地下一層,
RPUNMLMKJHIFFBM18CA,25,127.23,住家用,加強磚造,77年1月1日,二層,一層 二層 陽台 騎樓
RPRNMLMKJHIFFBM87CA,,212.27,住家用,鋼筋混凝土造,101年9月6日,四層,一層 二層 三層 四層 陽台
RPQNMLMKJHIFFBM77CA,34,76.54,農舍,鋼筋混凝土加強磚造,68年1月1日,二層,一層 二層
RPRNMLLKJHIFFBM77CA,1,124.90,住家用,鋼筋混凝土造,100年10月7日,四層,一層 二層 三層 四層 陽台 雨遮
RPPNMLNJJHIFFBM67CA,17,104.24,住家用,鋼筋混凝土造,84年9月27日,十二層,六層 陽台 花台
RPPNMLNJJHIFFBM67CA,17,.76,辦公室,鋼筋混凝土造,84年9月27日,十二層,
RPPNMLNJJHIFFBM67CA,17,16.43,停車空間、防空避難室、水塔、管理室、梯間、走道、機械室、門廳,鋼筋混凝土造,84年9月27日,十二層,
RPPNMLNJJHIFFBM67CA,17,29.35,停車空間、防空避難室、水塔、管理室、梯間、走道、機械室、門廳,鋼筋混凝土造,84年9月27日,十二層,
RPOOMLNJJHIFFBM67CA,47,317.98,住家用,鋼筋混凝土加強磚造,55年1月1日,三層,一層 二層 三層 騎樓
RPPNMLRJJHIFFDM28CA,31,117.12,住商用,鋼筋混凝土加強磚造,70年9月3日,二層,一層 二層
RPRNMLNJJHIFFBM87CA,18,168.31,住家用,鋼筋混凝土造,83年9月5日,三層,一層 二層 三層 陽台 電梯樓梯間
RPXNMLNJJHIFFBM48CA,15,142.48,住商用,鋼筋混凝土造,87年5月20日,七層,一層 二層 陽台 平台 騎樓
RPXNMLNJJHIFFBM48CA,15,24.30,防空避難室、停車空間、機械室、水塔、梯間,鋼筋混凝土造,87年5月20日,七層,
RPPNMLPJJHIFFBM87CA,31,117.26,住家用,鋼筋混凝土加強磚造,70年8月22日,二層,一層 二層
RPVNMLSLKIHFFEM76CA,33,91.30,住家用,鋼筋混凝土加強磚造,68年7月24日,二層,一層 二層
RPRNMLQLKIHFFDM68CA,23,199.33,住家用,鋼筋混凝土造,79年1月6日,四層,一層 二層 三層 四層
RPRNMLMJJHIFFEM18DA,38,177.84,住家用,磚造,64年1月15日,一層,一層 騎樓
RPRNMLRJJHIFFCM48DA,22,157.18,住家用,鋼筋混凝土造,79年11月30日,三層,一層 二層 三層 陽台 平台 露台
RPTNMLMJJHIFFBM08DA,38,94.20,住家用,鋼筋混凝土加強磚造,63年8月2日,二層,一層 二層
RPRNMLMJJHIFFDM97CA,14,178.37,住家用,鋼筋混凝土造,87年9月28日,三層,一層 二層 三層 陽台 屋頂突出物 雨遮
RPTNMLSLKIHFFBM88CA,7,198.52,住商用,鋼筋混凝土造,95年1月18日,三層,一層 二層 三層 陽台 平台 屋頂突出物
RPQNMLRJJHIFFCM28CA,1,224.95,住家用,鋼筋混凝土造,101年5月10日,三層,一層 二層 三層 陽台 雨遮
RPVOMLSLKIHFFAM09CA,4,204.05,住商用,鋼筋混凝土造,97年10月31日,三層,一層 二層 三層 陽台 屋頂突出物
RPVNMLMJJHIFFAM08CA,37,94.92,住家用,鋼筋混凝土加強磚造,64年12月30日,二層,一層 二層
RPOOMLMJJHIFFAM47CA,34,102.89,住商用,鋼筋混凝土加強磚造,67年8月9日,二層,一層 二層 騎樓
RPRNMLMJJHIFFAM67CA,21,157.46,住家用,鋼筋混凝土造,80年7月15日,三層,一層 二層 三層 騎樓
RPPNMLOJJHIFFAM67CA,14,193.74,住家用,鋼筋混凝土造,88年4月20日,三層,一層 二層 三層 陽台 屋頂突出物 雨遮
RPSOMLMLJHIFFAM08CA,15,146.86,住商用,鋼筋混凝土造,87年6月9日,三層,一層 二層 三層 陽台 屋頂突出物
RPTOMLMLJHIFFAM18CA,15,134.26,住商用,鋼筋混凝土造,87年6月9日,三層,一層 二層 三層 陽台 屋頂突出物
RPVNMLPKJHIFFAM48CA,16,91.10,住家用,鋼筋混凝土造,85年11月30日,七層,五層 陽台 花台
RPVNMLPKJHIFFAM48CA,16,.49,辦公室,鋼筋混凝土造,85年11月30日,七層,
RPVNMLPKJHIFFAM48CA,16,26.49,,鋼筋混凝土造,85年11月30日,七層,
RPVNMLPKJHIFFAM48CA,16,7.67,,鋼筋混凝土造,85年11月30日,七層,
RPVNMLPKJHIFFAM48CA,16,.13,,鋼筋混凝土造,85年11月30日,七層,
RPPOMLLLJHIFFBM77CA,,215.26,人行道、住宅、停車空間,鋼筋混凝土造,101年10月18日,四層,一層 二層 三層 四層 陽台 騎樓
RPQOMLLLJHIFFBM87CA,,215.96,人行道、住宅、停車空間,鋼筋混凝土造,101年10月18日,四層,一層 二層 三層 四層 陽台 騎樓
RPROMLLLJHIFFBM97CA,,252.32,人行道、住宅、停車空間,鋼筋混凝土造,101年10月18日,四層,一層 二層 三層 四層 陽台 騎樓
RPSOMLLLJHIFFBM08CA,,208.60,人行道、住宅、停車空間,鋼筋混凝土造,101年10月18日,四層,一層 二層 三層 四層 陽台 騎樓
RPTOMLLLJHIFFBM18CA,,208.60,人行道、住宅、停車空間,鋼筋混凝土造,101年10月18日,四層,一層 二層 三層 四層 陽台 騎樓
RPUOMLLLJHIFFBM28CA,,208.60,人行道、住宅、停車空間,鋼筋混凝土造,101年10月18日,四層,一層 二層 三層 四層 陽台 騎樓
RPWOMLLLJHIFFBM48CA,,216.30,人行道、住宅、停車空間,鋼筋混凝土造,101年10月18日,四層,一層 二層 三層 四層 陽台 騎樓
RPVOMLLLJHIFFBM38CA,,208.60,人行道、住宅、停車空間,鋼筋混凝土造,101年10月18日,四層,一層 二層 三層 四層 陽台 騎樓
RPOOMLPKJHIFFBM97CA,40,54.43,住家用,鋼筋混凝土加強磚造,62年5月1日,一層,一層
RPOOMLPKJHIFFBM97CA,40,54.43,住家用,鋼筋混凝土加強磚造,62年5月1日,一層,一層
RPVNMLLLJHIFFBM28CA,,233.70,人行道、住宅、停車空間,鋼筋混凝土造,101年10月18日,四層,一層 二層 三層 四層 陽台 騎樓
RPWNMLLLJHIFFBM38CA,,231.76,人行道、住宅、停車空間,鋼筋混凝土造,101年10月18日,四層,一層 二層 三層 四層 陽台 騎樓
RPOOMLLLJHIFFBM67CA,,215.16,人行道、住宅、停車空間,鋼筋混凝土造,101年10月18日,四層,一層 二層 三層 四層 陽台 騎樓
RPQNMLMLJHIFFBM87CA,,214.10,人行道、住宅、停車空間,鋼筋混凝土造,101年10月18日,四層,一層 二層 三層 四層 陽台 騎樓
RPPNMLMLJHIFFBM77CA,,208.60,人行道、住宅、停車空間,鋼筋混凝土造,101年10月18日,四層,一層 二層 三層 四層 陽台 騎樓
RPPNMLMLJHIFFBM77CA,,214.10,人行道、住宅、停車空間,鋼筋混凝土造,101年10月18日,四層,一層 二層 三層 四層 陽台 騎樓
RPXNMLLLJHIFFBM48CA,,215.36,住家用,鋼筋混凝土造,101年10月18日,四層,一層 二層 三層 四層 陽台
RPVNMLNJJHIFFBM28CA,,213.05,人行道、住宅、停車空間,鋼筋混凝土造,101年10月18日,四層,一層 二層 三層 四層 陽台 騎樓
RPPNMLMJJHIFFBM67DA,,162.84,店舖、住宅、樓梯間,鋼筋混凝土造,101年6月5日,三層,一層 二層 三層 陽台 見其他登記事項
RPOOMLOLJHIFFAM97DA,11,40.29,住家用,鋼筋混凝土造,91年2月4日,五層,五層 陽台
RPPNMLOLJHIFFCM18DA,25,98.33,住家用,鋼筋混凝土造,76年8月12日,二層,一層 二層 騎樓
RPUNMLLLJHIFFBM18CA,,118.14,人行道、住宅、停車空間,鋼筋混凝土造,101年10月18日,四層,一層 二層 三層 四層 陽台 騎樓
RPUNMLLLJHIFFBM18CA,,118.14,人行道、住宅、停車空間,鋼筋混凝土造,101年10月18日,四層,一層 二層 三層 四層 陽台 騎樓
RPSNMLQKJHIFFCM58DA,18,98.23,集合住宅,鋼筋混凝土造,83年7月7日,十三層,三層 陽台 花台
RPSNMLQKJHIFFCM58DA,18,19.38,避難室兼停車場、門、梯間、突出物、機械房、水箱,鋼筋混凝土造,83年7月7日,十三層,
RPXOMLKKJHIFFCM48CA,34,104.32,商業用,鋼筋混凝土加強磚造,67年11月3日,二層,一層 二層 騎樓
RPUNMLOJJHIFFCM38CA,33,120.12,住商用,加強磚造,69年5月15日,一層,一層 陽台 騎樓 地下層
RPTNMLNJJHIFFCM18CA,18,164.13,住家用,鋼筋混凝土造,83年10月12日,四層,一層 二層 三層 四層 陽台 平台
RPWNMLOJJHIFFCM58CA,29,97.42,住家用,加強磚造,73年4月30日,二層,一層 二層 騎樓
RPXNMLSJJHIFFCM09CA,40,97.70,住商用,鋼筋混凝土加強磚造,61年10月27日,二層,一層 二層 騎樓
RPUNMLTJJHIFFCM88CA,10,130.37,住商用,鋼骨鋼筋混凝土造,91年9月24日,二層,一層 二層 屋頂突出物
RPTNMLMLJHIFFBM18CA,21,21.55,住家用,鋼筋混凝土造,80年9月20日,九層,九層 陽台
RPTNMLMLJHIFFBM18CA,21,21.55,住家用,鋼筋混凝土造,80年9月20日,九層,五層 陽台
RPTNMLMLJHIFFBM18CA,21,8.66,梯間、通道、機房、水箱,鋼筋混凝土造,80年9月20日,九層,
RPTNMLMLJHIFFBM18CA,21,4.71,避難室、梯間、變電室、水箱、機械室,鋼筋混凝土造,80年9月20日,十一層,
RPTNMLMLJHIFFBM18CA,21,8.66,梯間、通道、機房、水箱,鋼筋混凝土造,80年9月20日,九層,
RPTNMLMLJHIFFBM18CA,21,4.71,避難室、梯間、變電室、水箱、機械室,鋼筋混凝土造,80年9月20日,十一層,
RPXNMLOKJHIFFBM68CA,7,276.97,工廠,鋼骨造,94年12月30日,一層,一層
RPUNMLRJJHIFFAM48CA,,349.54,住家用,鋼筋混凝土造,101年10月23日,四層,一層 二層 三層 四層 陽台
RPVNMLRJJHIFFAM58CA,,349.54,住商用,鋼筋混凝土造,101年10月23日,四層,一層 二層 三層 四層 陽台
RPXNMLRJJHIFFAM78CA,,246.10,住家用,鋼筋混凝土造,101年10月23日,三層,一層 二層 三層 陽台
SPOOMLRJJHIFFAM08CA,1,380.42,住宅、停車空間,鋼筋混凝土造,101年5月1日,四層,一層 二層 三層 四層 陽台
SPWNMLRJJHIFFAM78CA,,380.94,住家用,鋼筋混凝土造,101年10月23日,四層,一層 二層 三層 四層 陽台
RPTNMLRKJHIFFAM48CA,,181.61,住家用,鋼筋混凝土造,101年10月3日,四層,一層 二層 三層 四層 陽台
RPUNMLOJJHIFFDM48CA,6,133.22,住家用,鋼筋混凝土造,96年4月13日,二層,一層 二層 陽台 雨遮
RPXNMLOKJHIFFDM88CA,,155.70,住家用,鋼筋混凝土造,101年10月8日,三層,一層 二層 三層 屋頂突出物 騎樓
RPPOMLOKJHIFFDM18CA,,77.85,住家用,鋼筋混凝土造,101年10月8日,三層,一層 二層 三層 屋頂突出物 騎樓
RPPOMLOKJHIFFDM18CA,,77.85,住家用,鋼筋混凝土造,101年10月8日,三層,一層 二層 三層 屋頂突出物 騎樓
RPRNMLQKJHIFFEM58CA,31,106.58,住家用,鋼筋混凝土加強磚造,70年6月30日,二層,一層 二層
RPTNMLRKJHIFFCM78DA,4,166.50,住宅、樓梯間,鋼筋混凝土造,97年11月18日,三層,一層 二層 三層 陽台 見其他登記事項
RPQNMLPKJHIFFBM18DA,14,176.95,住家用,鋼筋混凝土造,88年5月12日,四層,一層 二層 三層 四層 陽台
RPVNMLSLJHIFFBM98CA,19,125.00,住家用,鋼筋混凝土造,82年6月18日,七層,五層 陽台 花台
RPVNMLSLJHIFFBM98CA,19,21.68,防空避難室、梯間、門廳、水塔、人行道,鋼筋混凝土造,82年6月18日,七層,
RPROMLQKJHIFFAM28CA,,201.10,住家用,鋼筋混凝土造,101年10月3日,四層,一層 二層 三層 四層 陽台
RPPOMLQKJHIFFAM08CA,,192.25,住家用,鋼筋混凝土造,101年10月3日,四層,一層 二層 三層 四層 陽台
RPQOMLQKJHIFFAM18CA,,192.73,住家用,鋼筋混凝土造,101年10月3日,四層,一層 二層 三層 四層 陽台
RPSOMLQKJHIFFAM38CA,,199.04,住家用,鋼筋混凝土造,101年10月3日,四層,一層 二層 三層 四層 陽台
RPPNMLSKJHIFFDM48CA,12,173.42,停車空間、店舖、住宅,鋼筋混凝土造,90年5月15日,三層,一層 二層 三層 屋頂突出物
RPQNMLRJJHIFFBM18CA,38,89.57,住家用,鋼筋混凝土加強磚造,63年8月26日,二層,一層 二層
RPRNMLTJJHIFFCM58CA,5,197.77,店舖、住宅、騎樓、停車空間,鋼筋混凝土造,96年7月18日,四層,一層 二層 三層 四層 騎樓
RPTNMLOLJHIFFCM48CA,3,84.33,農舍,鋼鐵造有牆,99年2月1日,一層,一層
RPPOMLSKJHIFFAM38DA,29,224.60,人行道、店舖、住宅,鋼筋混凝土造,72年9月15日,四層,一層 二層 三層 四層 陽台 騎樓
RPQNMLRKJHIFFEM58CA,18,139.95,住家用,鋼筋混凝土造,84年4月7日,三層,一層 二層 三層 屋頂突出物
RPPNMLKKJHIFFEM77CA,30,182.70,住商用,鋼筋混凝土造,71年10月28日,三層,一層 二層 三層 騎樓
RPQNMLOKJHIFFEM38DA,32,103.47,住家用,鋼筋混凝土加強磚造,69年9月6日,二層,一層 二層 騎樓
RPSPMLKMJHIFFCM28CA,38,56.17,住家用,磚造,63年6月12日,一層,一層
RPOOMLPKJHIFFAM87CA,33,106.19,住家用,鋼筋混凝土加強磚造,69年2月8日,二層,一層 二層
RPUNMLMKJHIFFAM08CA,15,101.71,住家用,鋼筋混凝土造,87年3月6日,九層,一層 陽台
RPUNMLMKJHIFFAM08CA,,.21,管理員室,鋼筋混凝土造,,九層,
RPWNMLLKJHIFFAM18CA,19,198.22,住家用,鋼筋混凝土造,82年11月10日,三層,一層 二層 三層 陽台 屋頂突出物 花台 地下層 見其他登記事項
RPSNMLRJJHIFFAM28CA,23,125.10,住家用,鋼筋混凝土造,78年11月2日,二層,一層 二層 夾層
RPSNMLLLJHIFFBM97CA,5,77.53,商業用,鋼筋混凝土造,96年8月1日,一層,一層 陽台
RPSNMLLLJHIFFBM97CA,5,823.11,住商用,鋼筋混凝土造,96年8月1日,五層,一層 二層 三層 四層 五層 陽台 見其他登記事項
RPXNMLKKJHIFFBM28CA,24,209.90,農舍,加強磚造,78年5月1日,二層,一層 二層 陽台 電梯樓梯間
RPRNMLKKJHIFFBM67CA,2,176.89,住宅、樓梯間、水塔間,鋼筋混凝土造,99年7月9日,三層,一層 二層 三層 雨遮 見其他登記事項
RPUNMLRKJHIFFCM78CA,42,161.03,住家用,鋼筋混凝土加強磚造,59年11月30日,二層,一層 二層 騎樓
RPPNMLTLJHIFFBM48CA,19,86.05,住家用,鋼筋混凝土造,82年9月7日,七層,一層 平台
RPPNMLTLJHIFFBM48CA,19,26.88,防空避難室兼停車場,鋼筋混凝土造,82年9月7日,七層,
RPPNMLTLJHIFFBM48CA,19,15.61,樓梯、梯間、機械室,鋼筋混凝土造,82年9月7日,七層,
RPQNMLKKJHIFFAM47CA,24,132.48,住家用,鋼筋混凝土造,77年12月2日,二層,一層 二層 電梯樓梯間 夾層
RPPNMLLLJHIFFAM57CA,1,188.17,住宅、梯間,鋼筋混凝土造,100年9月5日,三層,一層 二層 三層 陽台 屋頂突出物
RPPOMLOKJHIFFAM87CA,18,3035.01,醫院,鋼筋混凝土造,83年12月22日,四層,一層 二層 三層 四層 屋頂突出物
RPVNMLOKJHIFFAM38CA,33,102.52,住家用,加強磚造,69年5月12日,二層,一層 二層
RPTNMLSKJHIFFAM58CA,33,102.81,住商用,鋼筋混凝土加強磚造,68年11月1日,二層,一層 二層 騎樓
RPQNMLQKJHIFFAM08CA,27,119.20,住家用,鋼筋混凝土造,75年2月28日,二層,一層 二層
RPWOMLQKJHIFFAM78CA,,201.15,住家用,鋼筋混凝土造,101年10月3日,四層,一層 二層 三層 四層 陽台
RPXOMLQKJHIFFAM88CA,,222.48,住家用,鋼筋混凝土造,101年10月3日,四層,一層 二層 三層 四層 陽台
RPOPMLQKJHIFFAM08CA,,195.56,住家用,鋼筋混凝土造,101年10月3日,四層,一層 二層 三層 四層 陽台
RPUNMLQKJHIFFCM78DA,31,89.80,住家用,加強磚造,70年10月22日,一層,一層
RPQNMLKKJHIFFBM67DA,,173.41,店舖、住宅、樓梯間、水箱,鋼筋混凝土造,101年6月5日,三層,一層 二層 三層 陽台 見其他登記事項
RPPNMLPLJHIFFAM97CA,15,79.44,住家用,鋼筋混凝土造,87年4月14日,七層,六層 陽台
RPQNMLOKJHIFFDM18CA,32,108.46,住商用,鋼筋混凝土加強磚造,70年5月15日,二層,一層 二層 騎樓
RPTNMLTJJHIFFDM88CA,23,217.43,住家用,鋼筋混凝土造,78年11月28日,三層,一層 二層 三層 陽台 平台 露台
RPQNMLLLJHIFFBM87DA,38,76.37,住家用,鋼筋混凝土加強磚造,63年8月26日,二層,一層 二層
RPQNMLOLJHIFFAM97CA,15,101.38,住家用,鋼筋混凝土造,87年3月6日,九層,四層 陽台
RPQNMLOLJHIFFAM97CA,15,14.26,停車空間,鋼筋混凝土造,87年3月6日,九層,
RPQNMLOLJHIFFAM97CA,15,12.33,梯間、管理員室、水箱、機械間,鋼筋混凝土造,87年3月6日,九層,
RPPPMLQKJHIFFAM18CA,,192.22,住家用,鋼筋混凝土造,101年10月3日,四層,一層 二層 三層 四層 陽台
RPWOMLKKJHIFFCM38CA,33,126.45,店舖、住宅、人行道,加強磚造,69年5月30日,二層,一層 二層 陽台 騎樓
RPQOMLOKJHIFFBM08CA,9,105.09,集合住宅,鋼筋混凝土造,93年3月22日,七層,二層 陽台
RPQOMLOKJHIFFBM08CA,9,57.99,社區活動室、梯廳、梯間、防空避難室兼停車空間、機械室、水箱,鋼筋混凝土造,93年3月22日,七層,
RPQNMLOLJHIFFBM08CA,7,162.65,住家用,鋼筋混凝土造,94年9月5日,四層,一層 二層 三層 四層 雨遮
RPVNMLMKJHIFFAM18CA,15,69.30,住家用,鋼筋混凝土造,87年4月14日,七層,二層 陽台 花台
RPQNMLOKJHIFFAM87CA,36,87.98,住家用,鋼筋混凝土加強磚造,66年4月9日,二層,一層 二層
RPVNMLQKJHIFFAM58CA,15,85.48,住家用,鋼筋混凝土造,86年9月19日,十四層,二層 陽台
RPXNMLQKJHIFFAM78CA,35,105.32,住商用,鋼筋混凝土加強磚造,67年5月17日,二層,一層 二層 騎樓
RPRNMLOLJHIFFEM48CA,43,149.19,住家用,鋼筋混凝土造,58年10月1日,三層,一層 二層 三層
RPUOMLRKJHIFFAM78DA,28,106.08,住家用,加強磚造,74年4月26日,二層,一層 二層
RPRNMLQKJHIFFAM18CA,31,80.57,住商用,鋼筋混凝土造,70年6月23日,二層,一層 二層 騎樓
RPPNMLQKJHIFFDM28CA,6,181.31,住宅、停車空間,鋼筋混凝土造,95年7月11日,四層,一層 二層 三層 四層 陽台
RPTNMLQKJHIFFDM68CA,7,192.71,住家用,鋼筋混凝土造,95年1月26日,三層,
RPSNMLLJKHIFFCM97CA,14,191.16,住家用,鋼筋混凝土造,87年11月6日,四層,一層 二層 三層 四層 陽台
RPQNMLSKJHIFFAM28CA,32,101.02,住商用,鋼筋混凝土加強磚造,69年12月1日,二層,一層 二層 騎樓
RPWNMLPKJHIFFBM78DA,,123.14,商業用,磚造,,二層,
RPQPMLQKJHIFFAM28CA,,193.21,住家用,鋼筋混凝土造,101年10月3日,四層,一層 二層 三層 四層 陽台
RPRPMLQKJHIFFAM38CA,,192.25,住家用,鋼筋混凝土造,101年10月3日,四層,一層 二層 三層 四層 陽台
RPXNMLNLJHIFFAM58CA,20,87.96,住家用,鋼筋混凝土造,82年3月22日,八層,三層 陽台 花台
RPXNMLNLJHIFFAM58CA,20,20.57,防空避難室、人行道、電梯,鋼筋混凝土造,82年3月22日,八層,
RPPOMLRKJHIFFCM38CA,8,123.20,集合住宅,鋼筋混凝土造,93年11月16日,九層,九層 陽台
RPQNMLPKJHIFFCM18CA,18,89.44,住家用,鋼筋混凝土造,83年8月13日,十五層,九層 陽台 花台
RPPNMLPKJHIFFBM97CA,30,109.38,住商用,鋼筋混凝土加強磚造,71年7月31日,二層,一層 二層 騎樓
RPQNMLQKJHIFFBM18CA,11,157.74,住家用,鋼筋混凝土造,90年11月21日,三層,一層 二層 三層 電梯樓梯間
RPSNMLSKJHIFFBM58CA,1,33.00,農舍,鋼鐵造有牆,101年1月9日,一層,一層
RPRNMLNLJHIFFBM08CA,36,80.80,住家用,加強磚造,65年11月29日,一層,一層
RPTNMLOKJHIFFCM38CA,17,146.70,人行道、店舖、住宅,鋼筋混凝土造,85年4月20日,三層,一層 二層 三層 陽台 屋頂突出物
RPTOMLQKJHIFFAM48CA,1,84.87,店舖,鋼骨造有牆,100年7月27日,一層,一層
RPWNMLSLJHIFFBM09CA,18,71.25,住家用,鋼筋混凝土造,83年10月8日,七層,五層 陽台
RPWNMLSLJHIFFBM09CA,18,29.15,防空避難室、停車空間、梯間,鋼筋混凝土造,83年10月8日,七層,
RPVNMLSKJHIFFAM78CA,38,79.85,住家用,鋼筋混凝土加強磚造,63年8月5日,二層,一層 二層
RPQNMLQKJHIFFEM48CA,14,269.86,住家用,鋼筋混凝土造,88年1月15日,三層,一層 二層 三層
RPUPMLKMJHIFFCM48CA,18,93.94,集合住宅,鋼筋混凝土造,83年12月31日,十二層,九層 陽台 花台
RPSNMLRLKHIFFCM78CA,8,154.70,住家用,鋼筋混凝土造,93年10月1日,四層,一層 二層 三層 四層 陽台
RPXNMLOLJHIFFCM88CA,18,27.60,公共設施、停車場、避難室,鋼筋混凝土造,84年5月24日,六層,
RPXNMLOLJHIFFCM88CA,18,82.78,集合住宅,鋼筋混凝土造,84年5月24日,六層,二層 平台 花台
RPTNMLLLJHIFFDM28CA,19,192.77,住家用,鋼筋混凝土造,83年3月14日,三層,一層 二層 三層 陽台 騎樓 電梯樓梯間
RPRNMLQKJHIFFDM48CA,7,221.86,住商用,鋼筋混凝土造,94年12月6日,三層,一層 二層 三層 陽台 屋頂突出物
RPWNMLSKJHIFFAM88CA,18,115.64,住家用,鋼筋混凝土造,84年2月16日,十三層,八層 陽台 花台
RPTNMLQKJHIFFAM38CA,14,1362.24,辦公處、廠房、機械室,鋼架有牆,87年8月13日,三層,一層 二層 三層
RPPNMLSKJHIFFBM28CA,20,148.80,住家用,鋼筋混凝土造,82年3月10日,三層,一層 二層 三層 陽台 電梯樓梯間
RPTNMLLLJHIFFBM08CA,37,92.16,住家用,鋼筋混凝土加強磚造,65年6月29日,二層,一層 二層
RPUNMLKMJHIFFAM08CA,1,235.06,住宅、梯間,鋼筋混凝土造,100年9月5日,三層,一層 二層 三層 陽台 屋頂突出物
RPUNMLKMJHIFFAM08CA,1,235.06,住宅、梯間,鋼筋混凝土造,100年9月5日,三層,一層 二層 三層 陽台 屋頂突出物
RPROMLKMJHIFFBM97CA,21,51.46,住家用,鋼筋混凝土造,81年1月30日,六層,六層 陽台
RPROMLKMJHIFFBM97CA,21,16.87,防空避難室、梯間、門廳、突出物,鋼筋混凝土造,81年1月30日,六層,
RPUNMLOJKHIFFBM38CA,,213.62,住家用,鋼筋混凝土造,101年9月6日,四層,一層 二層 三層 四層 陽台
RPXNMLOJKHIFFBM68CA,,217.23,住家用,鋼筋混凝土造,101年9月6日,四層,一層 二層 三層 四層 陽台
RPPNMLMJKHIFFAM57CA,18,12.67,停車空間,鋼筋混凝土造,84年2月16日,十三層,
RPSOMLLJKHIFFAM87CA,20,85.58,住家用,鋼筋混凝土造,82年3月22日,八層,四層 陽台
RPQNMLMJKHIFFAM67CA,18,12.67,停車空間,鋼筋混凝土造,84年2月16日,十三層,
RPQNMLRKJHIFFBM28CA,20,103.79,住家用,鋼筋混凝土造,82年6月18日,七層,三層 陽台
RPQNMLRKJHIFFBM28CA,20,32.99,地下層、防空避難室、梯間、機械室、變電室,鋼筋混凝土造,82年6月18日,七層,
RPQNMLSKJHIFFBM38CA,31,128.79,住商用,鋼筋混凝土造,70年12月30日,三層,一層 二層 三層 騎樓
RPWNMLMLJHIFFAM38CA,17,156.28,住家用,鋼筋混凝土造,85年1月13日,三層,一層 二層 三層 陽台 平台 屋頂突出物 花台
RPSOMLRKJHIFFAM48CA,11,158.39,住商用,鋼筋混凝土造,91年5月3日,四層,一層 二層 三層 四層 陽台 騎樓
RPWOMLRKJHIFFAM88CA,2,166.23,住宅、停車空間、樓梯間,鋼筋混凝土造,100年5月30日,四層,一層 二層 三層 四層 陽台 屋頂突出物 雨遮
RPPNMLNLJHIFFAM77CA,9,218.36,住商用,鋼筋混凝土造,93年3月10日,三層,一層 二層 三層 屋頂突出物
RPWNMLOJKHIFFDM78CA,6,129.76,住家用,鋼筋混凝土造,96年4月13日,二層,一層 二層 陽台 雨遮
RPQNMLOLJHIFFCM18CA,17,92.38,集合住宅,鋼筋混凝土造,84年11月22日,十二層,四層 陽台
RPXNMLNLJHIFFCM78CA,28,113.68,住家用,鋼筋混凝土造,74年5月22日,二層,一層 二層
RPTPMLKMJHIFFCM38CA,17,209.92,住家用,鋼筋混凝土造,85年1月15日,四層,一層 二層 三層 四層 陽台 平台 露台
RPUNMLOJKHIFFAM28CA,33,121.72,住商用,鋼筋混凝土加強磚造,68年12月24日,二層,一層 二層 騎樓
RPQOMLOJKHIFFBM08CA,27,164.92,住商用,鋼筋混凝土造,74年7月26日,四層,一層 二層 三層 四層 陽台 騎樓
RPVNMLPLJHIFFBM68CA,21,115.68,住家用,鋼筋混凝土造,80年9月20日,十層,十層 陽台
RPVNMLPLJHIFFBM68CA,21,14.37,梯間、屋頂突出物,鋼筋混凝土造,80年9月20日,十層,
RPVNMLPLJHIFFBM68CA,21,9.42,避難室、梯間、變電室、水箱、機械室,鋼筋混凝土造,80年9月20日,十一層,
RPVNMLPLJHIFFBM68CA,21,12.18,辦公室、停車空間,鋼筋混凝土造,80年9月20日,十一層,
RPVNMLPLJHIFFBM68CA,21,10.19,避難室、梯間、變電室、水箱、機械室,鋼筋混凝土造,80年9月20日,十一層,
RPSNMLLMJHIFFBM08CA,29,85.50,農舍,鋼筋混凝土加強磚造,73年5月29日,二層,一層 二層
RPSNMLLMJHIFFBM08CA,29,85.50,農舍,鋼筋混凝土加強磚造,73年5月29日,二層,一層 二層
RPOOMLSLJHIFFBM38CA,18,71.25,住家用,鋼筋混凝土造,83年10月8日,七層,三層 陽台
RPOOMLSLJHIFFBM38CA,18,37.23,防空避難室、停車空間、梯間,鋼筋混凝土造,83年10月8日,七層,
RPPNMLSLJHIFFDM58CA,32,143.20,住商用,鋼筋混凝土加強磚造,69年12月4日,二層,一層 二層 騎樓
RPSNMLPLJHIFFCM58DA,32,98.68,住家用,鋼筋混凝土加強磚造,70年2月2日,二層,一層 二層
RPRNMLMLJHIFFBM08DA,,173.76,住宅、樓梯間,鋼筋混凝土造,101年7月11日,三層,一層 二層 三層 陽台 屋頂突出物 雨遮
RPRNMLOLJHIFFBM28DA,19,551.40,人行道、店舖、住宅,鋼筋混凝土造,82年12月24日,五層,一層 二層 三層 四層 五層 騎樓
RPTNMLMLJHIFFCM38DA,18,83.66,住家用,鋼筋混凝土造,83年8月13日,十五層,十二層 陽台 花台
RPQNMLMJKHIFFCM87CA,22,208.55,住商用,鋼筋混凝土造,79年12月19日,四層,一層 二層 三層 四層 陽台 騎樓
RPPNMLMLJHIFFDM97CA,5,48.82,農舍,鋼鐵造﹝有牆﹞,96年12月11日,一層,一層
RPVOMLNLJHIFFDM78CA,33,118.86,住商用,鋼筋混凝土加強磚造,69年2月2日,二層,一層 二層 騎樓
RPQNMLLLJHIFFAM67CA,9,154.99,住家用,鋼筋混凝土造,92年12月9日,四層,一層 二層 三層 四層 陽台
RPRPMLRJKHIFFCM78DA,31,71.33,住商用,加強磚造,70年12月24日,二層,一層 二層 陽台 騎樓
RPOPMLRJKHIFFAM18CA,35,99.15,住商用,鋼筋混凝土加強磚造,66年8月23日,二層,一層 二層 騎樓
RPQNMLSJKHIFFAM28CA,21,1043.95,防空避難室、廠房,鋼架造有墻、ＲＣ造,81年1月27日,一層,一層 地下層
RPOOMLNLJHIFFAM77CA,,179.58,住家用,鋼筋混凝土造,101年10月3日,四層,一層 二層 三層 四層 陽台
RPPPMLRJKHIFFAM28CA,12,57.80,住家用,鋼筋混凝土造,89年10月19日,五層,四層 陽台
RPPPMLRJKHIFFAM28CA,12,8.76,樓梯間,鋼筋混凝土造,89年10月19日,五層,
RPXNMLSLJHIFFBM56CA,24,205.84,住商用,鋼筋混凝土造,77年8月2日,四層,一層 二層 三層 四層 陽台
RPRNMLKMJHIFFAM77CA,1,235.06,住宅、梯間,鋼筋混凝土造,100年9月5日,三層,一層 二層 三層 陽台 屋頂突出物
RPPNMLQLJHIFFBM18CA,27,164.14,住商用,鋼筋混凝土造,75年3月28日,三層,一層 二層 三層 陽台 騎樓
RPPOMLSLJHIFFBM48CA,24,205.84,住商用,鋼筋混凝土造,77年8月2日,四層,一層 二層 三層 四層 陽台
RPUNMLOLJHIFFBM48CA,38,111.89,住家用,鋼筋混凝土加強磚造,64年4月11日,三層,一層 二層 三層
RPXNMLKMJHIFFAM38CA,31,81.13,住家用,鋼筋混凝土加強磚造,70年12月31日,四層,三層
RPXNMLKMJHIFFAM38CA,31,17.81,住家用,鋼筋混凝土加強磚造,70年12月31日,見其他登記事項,
RPUNMLTLJHIFFAM88CA,11,163.27,住商用,鋼筋混凝土造,90年11月9日,三層,一層 二層 三層 屋頂突出物 騎樓
RPTNMLSLJHIFFAM68CA,18,147.72,人行道、店舖、住宅,鋼筋混凝土造,84年1月28日,三層,一層 二層 三層 騎樓
RPVNMLSLJHIFFAM88CA,17,150.86,住家用,鋼筋混凝土造,85年1月11日,三層,一層 二層 三層 屋頂突出物 騎樓
RPWNMLNLJHIFFAM48CA,31,146.70,住商用,鋼筋混凝土加強磚造,70年10月5日,二層,一層 二層 騎樓
RPQNMLSLJHIFFDM68CA,25,147.72,住家用,鋼筋混凝土造,77年3月25日,二層,一層 二層
RPQNMLTLJHIFFCM68CA,1,189.44,住宅、樓梯間,鋼筋混凝土造,101年5月31日,三層,一層 二層 三層 陽台
RPOOMLTLJHIFFDM68CA,20,177.43,住家用,鋼筋混凝土造,82年5月18日,三層,一層 二層 三層 陽台 電梯樓梯間
RPUNMLSKKHIFFBM88CA,19,137.75,商業用,鋼筋混凝土造,82年10月30日,九層,四層 陽台
RPUNMLSKKHIFFBM88CA,19,127.78,商業用,鋼筋混凝土造,82年10月30日,九層,四層 陽台
RPUNMLSKKHIFFBM88CA,19,131.88,商業用,鋼筋混凝土造,82年10月30日,九層,四層 陽台
RPUNMLSKKHIFFBM88CA,19,149.02,商業用,鋼筋混凝土造,82年10月30日,九層,四層 陽台
RPUNMLSKKHIFFBM88CA,19,41.20,防空避難室、商場、梯間、門廳、通道、機械房、水箱、昇降機,鋼筋混凝土造,82年10月30日,九層,
RPUNMLSKKHIFFBM88CA,19,43.08,防空避難室、商場、梯間、門廳、通道、機械房、水箱、昇降機,鋼筋混凝土造,82年10月30日,九層,
RPUNMLSKKHIFFBM88CA,19,40.35,防空避難室、商場、梯間、門廳、通道、機械房、水箱、昇降機,鋼筋混凝土造,82年10月30日,九層,
RPUNMLSKKHIFFBM88CA,19,39.67,防空避難室、商場、梯間、門廳、通道、機械房、水箱、昇降機,鋼筋混凝土造,82年10月30日,九層,
RPQOMLSJKHIFFCM58CA,31,60.40,住家用,加強磚造,70年8月12日,二層,一層 二層
RPQOMLSJKHIFFCM58CA,31,59.60,住家用,加強磚造,70年8月12日,二層,一層 二層
RPQOMLSJKHIFFCM58CA,31,59.60,住家用,加強磚造,70年8月12日,二層,一層 二層
RPQOMLSJKHIFFCM58CA,31,67.20,住家用,加強磚造,70年8月12日,二層,一層 二層
RPSNMLSJKHIFFCM68CA,22,360.00,工業用,鋼架造有牆,80年7月6日,一層,一層
RPXNMLSLJHIFFCM76DA,10,188.05,住家用,鋼筋混凝土造,91年12月17日,三層,一層 二層 三層 屋頂突出物
RPQNMLRLKHIFFCM68DA,,100.42,住家用,鋼筋混凝土加強磚造,,二層,一層 二層 騎樓
RPVNMLSJKHIFFDM56DA,33,392.19,住商用,鋼筋混凝土加強磚造,69年4月28日,三層,一層 二層 三層 騎樓
RPXNMLSJKHIFFDM76DA,37,30.26,住家用,鋼筋混凝土加強磚造,65年3月2日,一層,
RPVNMLPLJHIFFCM88DA,30,166.72,住家用,鋼筋混凝土加強磚造,71年8月27日,二層,一層 二層 陽台
RPWNMLTLJHIFFCM66CA,38,168.89,住家用,鋼筋混凝土加強磚造,64年1月20日,三層,一層 二層 三層 騎樓
RPQOMLSLJHIFFCM68CA,2,173.14,住宅、樓梯間,鋼筋混凝土造,100年6月27日,三層,一層 二層 三層 陽台 見其他登記事項
RPRNMLLMJHIFFCM08CA,,159.86,住家用,鋼筋混凝土造,101年8月22日,三層,一層 二層 三層 陽台 雨遮
RPTNMLOJKHIFFCM38CA,38,77.16,住家用,鋼筋混凝土加強磚造,64年6月7日,二層,一層 二層
RPPNMLTLJHIFFEM78CA,31,214.92,住商用,鋼筋混凝土加強磚造,70年6月3日,三層,一層 二層 三層 騎樓
RPTNMLKMJHIFFAM97CA,17,219.28,住宅、車庫、娛樂室,鋼筋混凝土造,84年10月19日,四層,一層 二層 三層 四層 陽台 平台 屋頂突出物 地下層
RPVOMLOJKHIFFBM58CA,18,79.75,住家用,鋼筋混凝土造,83年11月7日,十三層,三層 陽台 花台
RPVOMLOJKHIFFBM58CA,18,29.69,防空避難室、梯間、機械室、水箱,鋼筋混凝土造,83年11月7日,十三層,
RPVNMLLMJHIFFAM28CA,21,155.67,住宅、娛樂室,鋼筋混凝土造,81年1月21日,四層,一層 二層 三層 四層 地下層
RPPOMLQJKHIFFAM08CA,31,145.44,住家用,鋼筋混凝土加強磚造,70年12月31日,二層,一層 二層
RPRPMLRJKHIFFAM48CA,39,56.49,住家用,鋼筋混凝土加強磚造,63年4月22日,一層,一層
RPRNMLPLJHIFFAM18CA,13,43.63,住家用,鋼筋混凝土造,88年8月30日,五層,四層 陽台
RPTNMLPLJHIFFDM68CA,28,148.80,住商用,鋼筋混凝土加強磚造,73年9月25日,三層,一層 二層 三層
RPSNMLSLJHIFFDM88CA,41,54.77,住家用,磚造,61年1月1日,一層,一層 騎樓
RPTNMLOJKHIFFAM28DA,20,140.28,住家用,鋼筋混凝土造,81年12月30日,三層,一層 二層 三層
RPRNMLLJKHIFFDM97CA,33,625.28,廠房,鐵架石棉瓦,69年4月8日,二層,一層 二層 地下層
RPQOMLLMJHIFFCM08CA,,152.91,住家用,鋼筋混凝土造,101年8月22日,三層,一層 二層 三層 雨遮
RPTNMLPLJHIFFCM58CA,14,156.95,住商用,鋼筋混凝土造,87年8月7日,三層,一層 二層 三層 屋頂突出物 騎樓
RPPNMLMJKHIFFCM77CA,20,127.89,住家用,鋼筋混凝土造,82年1月19日,三層,一層 二層 三層
RPWNMLPLJHIFFCM98DA,19,68.03,集合住宅,鋼筋混凝土造,83年7月8日,十二層,十一層 陽台 花台
RPWNMLPLJHIFFCM98DA,19,.69,管理室,鋼筋混凝土造,83年7月8日,十二層,
RPOPMLKMJHIFFCM97DA,14,184.25,住家用,鋼筋混凝土造,87年11月16日,三層,一層 二層 三層 陽台 屋頂突出物 雨遮
RPXNMLQJKHIFFCM09DA,19,69.76,集合住宅,鋼筋混凝土造,83年1月14日,十一層,四層 陽台 花台
RPXNMLQJKHIFFCM09DA,19,19.32,１﹒停車空間、防空避難室  ２﹒梯間、機械室、水箱,鋼筋混凝土造,83年1月14日,十一層,
RPSNMLPJKHIFFCM48DA,19,78.91,集合住宅,鋼筋混凝土造,83年7月8日,十二層,九層 陽台 花台
RPSNMLPJKHIFFCM48DA,19,12.90,避難室兼停車場、樓梯、門廳、騎樓、梯間、機械房、水箱、平台、瞭望台,鋼筋混凝土造,83年7月8日,十二層,
RPTNMLLMJHIFFBM28DA,32,66.78,住家用,磚造,69年10月20日,一層,
RPPNMLTLJHIFFCM58CA,17,137.68,住家用,鋼筋混凝土造,85年4月20日,二層,一層 二層
RPUNMLTLJHIFFCM56DA,1,12.00,農舍,鋼鐵造有牆,101年1月12日,一層,一層
RPSOMLTKKHIFFCM98CA,33,75.46,住家用,鋼筋混凝土加強磚造,69年1月25日,二層,一層 二層
RPQNMLQJKHIFFCM28CA,26,158.00,店舖、住宅、人行道,鋼筋混凝土造,75年8月14日,二層,一層 二層 騎樓
RPSNMLSJKHIFFAM48CA,18,88.89,住家用,鋼筋混凝土造,83年10月7日,十一層,十層 陽台 花台
RPQNMLKMJHIFFBM77CA,20,215.61,農舍,見其他登記事項,82年1月21日,一層,
RPSNMLNLKHIFFCM38CA,9,152.35,住家用,鋼骨鋼筋混凝土造,93年3月26日,二層,一層 二層 陽台 平台
RPTNMLNLKHIFFCM48CA,17,77.17,集合住宅,鋼筋混凝土造,85年2月9日,十五層,九層 陽台
RPPOMLRJKHIFFBM28CA,34,153.05,住家用,鋼筋混凝土造,68年1月1日,二層,一層 二層 陽台 騎樓
RPPOMLRJKHIFFBM28CA,33,136.95,住家用,加強磚造,68年7月15日,二層,一層 二層 陽台 騎樓
RPUNMLQJKHIFFBM58CA,33,92.85,住商用,鋼筋混凝土造,69年2月9日,二層,一層 二層 騎樓
RPPNMLOJKHIFFBM87CA,35,96.09,住家用,鋼筋混凝土加強磚造,67年6月5日,二層,一層 二層
RPOOMLQJKHIFFBM08CA,3,12.00,農舍,鋼鐵造有牆,99年5月6日,一層,一層
RPTNMLPJKHIFFBM38CA,18,266.94,住商用,鋼筋混凝土造,83年12月9日,四層,一層 二層 三層 四層 陽台 騎樓 電梯樓梯間
RPXNMLTLJHIFFAM56CA,8,215.81,住家用,鋼筋混凝土造,94年6月7日,四層,一層 二層 三層 四層 陽台 屋頂突出物 雨遮
SPPNMLKMJHIFFAM67CA,,380.94,住家用,鋼筋混凝土造,101年10月23日,四層,一層 二層 三層 四層 陽台
RPRNMLNLKHIFFBM18CA,12,160.69,住家用,鋼筋混凝土造,89年7月3日,三層,一層 二層 三層 陽台 電梯樓梯間
RPVNMLTLJHIFFAM98CA,19,100.70,住家用,鋼筋混凝土造,82年11月15日,三層,一層 二層 三層 陽台 平台 花台
RPSNMLLJKHIFFAM77CA,25,103.52,住家用,加強磚造,76年7月31日,二層,一層 二層
RPPOMLLJKHIFFAM67DA,34,108.61,住商用,鋼筋混凝土加強磚造,67年8月9日,二層,一層 二層 騎樓
RPTNMLLJKHIFFDM18CA,11,147.52,住家用,鋼筋混凝土造,90年10月5日,三層,一層 二層 三層 陽台 電梯樓梯間
RPQOMLTLJHIFFDM88CA,,197.30,住宅、樓梯間,鋼筋混凝土造,101年8月14日,三層,一層 二層 三層 陽台 屋頂突出物
RPSOMLTLJHIFFDM09CA,19,400.69,住商用,鋼筋混凝土造,83年6月24日,四層,一層 二層 三層 四層 陽台 騎樓 電梯樓梯間
RPQNMLLJKHIFFCM87DA,19,98.23,集合住宅,鋼筋混凝土造,83年7月7日,十三層,十二層 陽台 花台
RPQNMLLJKHIFFCM87DA,19,19.38,避難室兼停車場、門、梯間、突出物、機械房、水箱,鋼筋混凝土造,83年7月7日,十三層,
RPTNMLPJKHIFFCM48CA,9,108.29,自用農舍,鋼骨造,92年7月10日,二層,一層 二層
RPWNMLOJKHIFFCM68CA,,16.00,農舍,鋼骨造有牆,101年12月5日,一層,一層
RPUNMLNLKHIFFCM58CA,55,143.56,住商用,鋼筋混凝土加強磚造,47年6月1日,三層,一層 二層 三層 騎樓
RPXNMLSJKHIFFAM98CA,11,130.90,住家用,鋼筋混凝土造,90年12月12日,三層,一層 二層 三層 陽台
RPVNMLSJKHIFFAM78CA,15,119.87,住家用,鋼筋混凝土造,86年9月19日,十四層,七層 八層 陽台
RPQOMLSJKHIFFAM38CA,5,256.71,住家用,鋼筋混凝土造,96年10月3日,四層,一層 二層 三層 四層 陽台 雨遮
RPXOMLLLKHIFFAM58CA,14,59.88,住家用,鋼筋混凝土造,88年2月12日,十二層,五層 陽台
RPQNMLMLKHIFFAM87CA,30,160.91,住商用,鋼筋混凝土造,72年4月29日,三層,一層 二層 三層 騎樓
RPUOMLLLKHIFFAM28CA,37,106.69,住家用,鋼筋混凝土加強磚造,65年4月19日,二層,一層 二層
RPWNMLLMJHIFFAM38CA,34,84.33,住家用,鋼筋混凝土加強磚造,68年7月2日,二層,一層 二層
RPOOMLKMJHIFFAM57CA,33,302.55,住商用,鋼筋混凝土加強磚造,68年7月3日,四層,一層 二層 三層 四層 騎樓 地下層
RPXNMLLMJHIFFBM58CA,2,12.00,農舍,鋼鐵造有牆,100年4月26日,一層,一層
RPXNMLSJKHIFFBM09CA,29,109.85,住工用,鋼筋混凝土造,72年7月29日,二層,一層 二層 騎樓
RPQNMLTKKHIFFBM58CA,17,91.50,住家用,鋼筋混凝土造,84年12月20日,七層,七層 陽台 露台 花台
RPQNMLTKKHIFFBM58CA,17,36.59,防空避難室、停車間、梯間、機械室、水箱,鋼筋混凝土造,84年12月20日,七層,
RPPOMLQJKHIFFBM18CA,,150.72,住宅、樓梯間,鋼筋混凝土造,101年10月30日,三層,一層 二層 三層 陽台 見其他登記事項
RPRNMLSJKHIFFBM48CA,37,92.67,住家用,鋼筋混凝土加強磚造,65年6月29日,二層,一層 二層 騎樓
RPQNMLOJKHIFFAM87CA,,181.71,住家用,鋼筋混凝土造,101年10月3日,四層,一層 二層 三層 四層 陽台
RPRNMLOJKHIFFAM97CA,,192.25,住家用,鋼筋混凝土造,101年10月3日,四層,一層 二層 三層 四層 陽台
RPPNMLNLKHIFFAM87CA,12,158.10,住家用,鋼筋混凝土造,89年10月25日,四層,一層 二層 三層 四層 陽台
RPSOMLLLKHIFFAM08CA,18,189.16,住家用,鋼筋混凝土造,83年7月19日,四層,一層 二層 三層 四層 陽台 地下層
RPUNMLOJKHIFFCM48CA,18,111.74,集合住宅,鋼筋混凝土造,83年7月7日,十三層,二層 陽台 露台 花台
RPUNMLLMJHIFFCM38CA,23,141.75,住家用,鋼筋混凝土造,78年9月22日,三層,一層 二層 三層
RPSNMLQJKHIFFCM48CA,18,96.98,住家用,鋼筋混凝土造,83年10月14日,二層,一層 二層
RPPOMLPLKHIFFCM48DA,19,78.91,集合住宅,鋼筋混凝土造,83年7月8日,十二層,三層 陽台 花台
RPPOMLPLKHIFFCM48DA,19,12.90,避難室兼停車場、樓梯、門廳、騎樓、梯間、機械房、水箱、平台、瞭望台,鋼筋混凝土造,83年7月8日,十二層,
RPPOMLPJKHIFFCM28DA,,224.95,住家用,鋼筋混凝土造,101年5月10日,三層,一層 二層 三層 陽台 雨遮
RPSNMLOJKHIFFAM08CA,,192.22,住家用,鋼筋混凝土造,101年10月3日,四層,一層 二層 三層 四層 陽台
RPSNMLSJKHIFFBM68DA,11,290.11,住商用,鋼筋混凝土造,90年8月3日,三層,一層 二層 三層 騎樓 地下層
RPSNMLOJKHIFFDM38CA,,156.91,住家用,鋼筋混凝土造,101年10月8日,三層,一層 二層 三層 屋頂突出物 騎樓
RPSNMLLMJHIFFDM28CA,17,170.05,住家用,鋼筋混凝土造,84年7月10日,三層,一層 二層 三層 陽台 平台 電梯樓梯間
RPUNMLLLKHIFFBM28CA,20,222.73,住家用,鋼筋混凝土造,82年3月15日,三層,一層 二層 三層 陽台
RPTNMLRJKHIFFAM48CA,6,178.39,住家用,鋼筋混凝土造,95年12月26日,三層,一層 二層 三層 陽台 雨遮
RPUNMLPLKHIFFCM78CA,33,119.90,店舖、住宅、人行道,加強磚造,69年5月15日,一層,一層 陽台 騎樓 地下層
RPUNMLQJKHIFFAM48CA,18,173.14,住商用,鋼筋混凝土造,83年10月22日,三層,一層 二層 三層 騎樓
RPOOMLSJKHIFFAM18CA,32,118.92,住商用,鋼筋混凝土加強磚造,69年8月1日,二層,一層 二層 騎樓
RPXNMLLJKHIFFAM28CA,33,105.44,住商用,鋼筋混凝土加強磚造,68年11月28日,二層,一層 二層 騎樓
RPRNMLLLKHIFFBM97CA,32,95.86,住家用,鋼筋混凝土加強磚造,70年3月6日,二層,一層 二層
RPOOMLLLKHIFFBM77CA,19,44.66,住家用,鋼筋混凝土造,83年1月17日,十二層,十一層 陽台
RPTNMLLLKHIFFBM18CA,19,65.01,住家用,鋼筋混凝土造,83年1月11日,六層,二層 陽台
RPOOMLLLKHIFFBM77CA,19,19.81,防空避難室、梯間、門廳、機械室、水箱,鋼筋混凝土造,83年1月17日,十二層,
RPTNMLLLKHIFFBM18CA,19,26.96,防空避難室、梯間、車道、機械室、水箱,鋼筋混凝土造,83年1月11日,六層,
RPPNMLNLKHIFFBM97CA,15,181.98,住家用,鋼筋混凝土造,87年6月11日,四層,一層 二層 三層 四層
RPQNMLKLKHIFFBM87DA,18,18.54,住家用,鋼筋混凝土造,83年7月21日,十三層,十一層 陽台
RPQNMLKLKHIFFBM87DA,18,10.21,停車場、防空避難室、梯間、走道、水箱、機房,鋼筋混凝土造,83年7月21日,十三層,
RPPNMLPLKHIFFAM08CA,18,12.67,停車空間,鋼筋混凝土造,84年2月16日,十三層,
