﻿鄉鎮市區,交易標的,土地位置建物門牌,土地面積平方公尺,都市土地使用分區,非都市土地使用分區,非都市土地使用編定,租賃年月日,租賃筆棟數,租賃層次,總樓層數,建物型態,主要用途,主要建材,建築完成年月,建物總面積平方公尺,建物現況格局-房,建物現況格局-廳,建物現況格局-衛,建物現況格局-隔間,有無管理組織,有無附傢俱,總額元,單價元平方公尺,車位類別,車位面積平方公尺,車位總額元,備註,編號
The villages and towns urban district,transaction sign,land sector position building sector house number plate,land shifting total area square meter,the use zoning or compiles and checks,the non-metropolis land use district,non-metropolis land use,transaction year month and day,transaction pen number,shifting level,total floor number,building state,main use,main building materials,construction to complete the years,building shifting total area,Building present situation pattern - room,building present situation pattern - hall,building present situation pattern - health,building present situation pattern - compartmented,Whether there is manages the organization,Whether there is attaches the furniture,total price NTD,the unit price (NTD / square meter),the berth category,berth shifting total area square meter,the berth total price NTD,the note,serial number
新竹市,建物,新竹市新竹市民享街36號3樓之4,0.0,其他,,,1011027,土地0建物1車位0,三層,4,套房(1房1廳1衛),住家用,鋼筋混凝土造,0800717,23.84,1,0,1,有,無,有,5800,243,,0.0,0,,RPQTMLMJJIHFFAO68DC
新竹市,建物,新竹市新竹市牛埔路135之7號5樓,0.0,住,,,1011021,土地0建物1車位1,五層,15,套房(1房1廳1衛),見其他登記事項,鋼筋混凝土造,0970131,90.89,1,0,1,有,有,有,15000,165,坡道平面,0.0,0,,RPUNMLPJJIHFFAO68CC
新竹市,建物,新竹市新竹市中央路152號18樓2室,0.0,住,,,1011101,土地0建物1車位1,十八層,29,住宅大樓(11層含以上有電梯),見其他登記事項,鋼筋混凝土造,0961101,159.0,3,2,2,有,有,有,37700,237,坡道平面,0.0,0,,RPWNMLPJJIHFFAO88CC
新竹市,建物,新竹市新竹市田美三街10號,0.0,住,,,1011021,土地0建物1車位0,全,2,透天厝,住商用,加強磚造,,105.82,0,0,0,無,無,無,30000,284,,0.0,0,,RPROMLPJJIHFFAO48CC
新竹市,建物,新竹市新竹市林森路54號,0.0,商,,,1011024,土地0建物1車位0,全,6,透天厝,住商用,鋼筋混凝土造,0890911,18.81,0,0,0,無,無,無,125000,6645,,0.0,0,,RPTOMLPJJIHFFAO68CC
新竹市,建物,新竹市新竹市湳雅街311巷36弄75號,0.0,住,,,1011021,土地0建物1車位0,全,2,透天厝,住家用,加強磚造,0731124,106.6,3,2,2,有,無,無,14500,136,,0.0,0,,RPVOMLPJJIHFFAO88CC
新竹市,建物,新竹市新竹市中央路152號21F-2,0.0,商,,,1011010,土地0建物1車位0,二十一層,26,住宅大樓(11層含以上有電梯),見其他登記事項,鋼筋混凝土造,0961101,88.31,3,2,2,有,有,有,38000,430,,0.0,0,,RPQRMLPJJIHFFAO68CC
新竹市,建物,新竹市新竹市中央路152號24樓,0.0,住,,,1011101,土地0建物1車位0,二十四層,26,住宅大樓(11層含以上有電梯),見其他登記事項,鋼筋混凝土造,0961101,115.41,3,2,1,有,有,有,35000,303,,0.0,0,,RPURMLPJJIHFFAO09CC
新竹市,建物,新竹市新竹市光華街18巷3號,75.0,,,,1011101,土地0建物1車位0,全,2,透天厝,住家用,加強磚造,0650224,90.16,0,0,0,無,無,有,50000,555,,0.0,0,,RPRSMLPJJIHFFAO88CC
新竹市,建物,新竹市新竹市北大路8號19樓之3,0.0,住,,,1011011,土地0建物1車位0,十九層,28,住宅大樓(11層含以上有電梯),見其他登記事項,鋼骨鋼筋混凝土造,0960703,99.64,3,2,2,有,有,有,36000,361,,0.0,0,,RPUPMLQJJIHFFAO09DC
新竹市,建物,新竹市新竹市中央路245巷58號5樓之1,0.0,商,,,1011012,土地0建物1車位0,五層,11,套房(1房1廳1衛),見其他登記事項,鋼筋混凝土造,1010221,45.8,1,1,1,有,有,有,20000,437,,0.0,0,,RPXNMLRJJIHFFAO66DC
新竹市,建物,新竹市新竹市光復路一段313號4樓之6,0.0,住,,,1011013,土地0建物1車位0,四層,7,套房(1房1廳1衛),住家用,鋼筋混凝土造,,34.25,1,1,1,有,無,有,6500,190,,0.0,0,,RPOOMLRJJIHFFAO48DC
新竹市,建物,新竹市新竹市民享街36號2樓之4,0.0,住,,,1011027,土地0建物1車位0,二層,4,套房(1房1廳1衛),住家用,鋼筋混凝土造,0800717,23.84,1,1,1,有,無,有,5800,243,,0.0,0,,RPROMLRJJIHFFAO78DC
新竹市,建物,新竹市新竹市光復路一段525巷1號,0.0,住,,,1011023,土地0建物1車位0,一層,14,店面(店鋪),住商用,鋼筋混凝土造,0880310,163.23,0,0,0,無,有,無,35000,214,,0.0,0,,RPSOMLRJJIHFFAO88DC
新竹市,建物,新竹市新竹市經國路一段726號5樓之1,0.0,住,,,1011021,土地0建物1車位0,五層,9,套房(1房1廳1衛),辦公室,鋼筋混凝土造,0950701,23.26,1,1,1,有,有,有,12000,516,,0.0,0,,RPTOMLRJJIHFFAO98DC
新竹市,建物,新竹市新竹市北新街59號4樓之2,0.0,住,,,1011024,土地0建物1車位0,四層,5,套房(1房1廳1衛),見其他登記事項,鋼筋混凝土造,0960326,38.35,1,1,1,有,無,有,13000,339,,0.0,0,,RPOPMLTJJIHFFAO68CC
新竹市,建物,新竹市新竹市建功一路133號3樓之1,29.54,,,,1011115,土地0建物1車位0,三層,12,住宅大樓(11層含以上有電梯),國民住宅,鋼筋混凝土造,0870410,143.89,3,2,2,有,有,無,14000,97,,0.0,0,,RPQQMLTJJIHFFAO98CC
新竹市,建物,新竹市新竹市北大路21號5樓之6,0.0,,,,1011106,土地0建物1車位0,五層,9,華廈(10層含以下有電梯),辦公室,鋼筋混凝土造,0990810,39.52,2,2,2,有,有,有,26000,658,,0.0,0,,RPPPMLNKJIHFFAO28CC
新竹市,建物,新竹市新竹市東大路二段83號10樓之2,0.0,,,,1011113,土地0建物1車位0,十層,13,辦公商業大樓,住家用,鋼筋混凝土造,0850229,70.65,2,2,1,有,有,無,14500,205,,0.0,0,,RPTOMLPKJIHFFAO78CC
新竹市,建物,新竹市新竹市中央路245巷58號9樓之2,0.0,,,,1011104,土地0建物1車位1,九層,,套房(1房1廳1衛),,,,45.2,1,0,1,無,有,有,19500,431,坡道平面,0.0,0,,RPSNMLQKJIHFFAO68CC
新竹市,建物,新竹市新竹市田美三街23號,0.0,住,,,1011112,土地0建物1車位0,全,3,透天厝,住家用,加強磚造,0671120,74.06,0,0,0,無,無,無,20000,270,,0.0,0,,RPTNMLQKJIHFFAO78CC
新竹市,建物,新竹市新竹市田美三街23號,0.0,住,,,1011112,土地0建物1車位0,全,3,透天厝,住家用,加強磚造,0671120,74.06,0,0,0,無,無,無,18000,243,,0.0,0,,RPOQMLQKJIHFFAO58CC
新竹市,建物,新竹市新竹市東區關新路200、202號,0.0,住,,,1011031,土地0建物2車位2,一層,24,住宅大樓(11層含以上有電梯),見其他登記事項,鋼筋混凝土造,1001121,543.51,0,0,0,無,有,無,390000,718,坡道平面,0.0,0,,RPTPMLKLJIHFFAO48CC
新竹市,建物,新竹市新竹市長安街43號2樓之9,0.0,住,,,1011105,土地0建物1車位0,二層,5,套房(1房1廳1衛),見其他登記事項,鋼筋混凝土造,0950614,26.18,1,0,1,有,有,有,7500,286,,0.0,0,,RPPPMLNLJIHFFAO38CC
新竹市,建物,新竹市新竹市林森路318號3樓,0.0,住,,,1011107,土地0建物1車位0,三層,7,華廈(10層含以下有電梯),住家用,鋼筋混凝土造,0901120,92.96,3,2,2,有,無,無,10500,113,,0.0,0,,RPSPMLNLJIHFFAO68CC
新竹市,土地,前溪段307地號,4071.99,農,特定農業區,農牧用地,1011030,土地1建物0車位0,全,,透天厝,,,,0.0,7,2,4,有,無,有,19000,5,,0.0,0,,RPWNMLPLJIHFFAO09CC
新竹市,建物,新竹市新竹市關新路19巷103號9樓,0.0,其他,,,1011101,土地0建物1車位1,九層,15,住宅大樓(11層含以上有電梯),見其他登記事項,鋼筋混凝土造,0980601,31.84,4,2,2,有,有,有,35000,1099,坡道平面,0.0,0,,RPQPMLRLJIHFFAO88CC
新竹市,建物,新竹市新竹市中央路245巷58號9樓之2,0.0,商,,,1011104,土地0建物1車位1,九層,10,套房(1房1廳1衛),見其他登記事項,鋼筋混凝土造,1010221,69.53,1,0,1,無,有,有,19500,280,坡道平面,0.0,0,,RPPQMLSLJIHFFAO98CC
新竹市,建物,新竹市新竹市中央路245巷58號4樓之7,0.0,,,,1011112,土地0建物1車位0,四層,11,住宅大樓(11層含以上有電梯),見其他登記事項,鋼筋混凝土造,1010221,42.76,1,2,1,有,有,有,24000,561,,0.0,0,,RPXOMLTLJIHFFAO07CC
新竹市,建物,新竹市新竹市中正路300號8樓之1,0.0,住,,,1011031,土地0建物1車位0,八層,9,住宅大樓(11層含以上有電梯),住家用,鋼筋混凝土造,0880812,123.1,3,2,2,有,有,有,28000,227,,0.0,0,,RPUOMLTLJIHFFAO86DC
新竹市,建物,新竹市新竹市明湖路727號3樓,0.0,住,,,1011115,土地0建物1車位1,三層,4,套房(1房1廳1衛),見其他登記事項,鋼筋混凝土造,0940220,35.23,1,0,1,有,有,有,13000,369,坡道平面,0.0,0,,RPPNMLMJKIHFFAO97CC
新竹市,建物,新竹市新竹市東大路一段17號,0.0,住,,,1011123,土地0建物1車位0,一層,7,店面(店鋪),國民住宅,鋼筋混凝土造,0720819,64.52,0,0,0,無,有,無,13000,201,,0.0,0,,RPPOMLNJKIHFFAO18CC
新竹市,房地(土地+建物),新竹市新竹市立鵬路89號,32.67,住,,,1011130,土地1建物1車位0,一層,14,店面(店鋪),見其他登記事項,鋼筋混凝土造,1000501,164.55,0,0,1,有,有,無,66000,401,,0.0,0,,RPPQMLNJKIHFFAO48DC
新竹市,建物,新竹市新竹市明湖路749號地下一層之23,0.0,其他,,,1011109,土地0建物1車位0,地下一層,4,套房(1房1廳1衛),見其他登記事項,鋼筋混凝土造,0940220,30.98,1,1,1,有,有,有,10500,339,,0.0,0,,RPPRMLPJKIHFFAO78DC
新竹市,建物,新竹市新竹市英明街5號4F-8,0.0,商,,,1011111,土地0建物1車位0,四層,,套房(1房1廳1衛),,,,22.18,1,1,1,有,無,有,12000,541,,0.0,0,,RPURMLPJKIHFFAO66DC
新竹市,建物,新竹市新竹市寶山路156號3F,0.0,住,,,1011118,土地0建物1車位0,三層,5,公寓(5樓含以下無電梯),見使用執照,鋼筋混凝土造,,102.75,2,2,2,有,無,無,9000,88,,0.0,0,,RPOSMLPJKIHFFAO78DC
新竹市,建物,新竹市新竹市林森路210巷22號1-2F,0.0,住,,,1011120,土地0建物1車位0,全,2,透天厝,住商用,加強磚造,0620129,165.12,7,2,2,有,無,有,17000,103,,0.0,0,,RPQSMLPJKIHFFAO98DC
新竹市,建物,新竹市新竹市光復路二段659號4F-13,0.0,商,,,1011123,土地0建物1車位0,四層,10,套房(1房1廳1衛),見其他登記事項,鋼筋混凝土造,0950519,20.19,1,1,1,有,有,有,6400,317,,0.0,0,,RPRSMLPJKIHFFAO09DC
新竹市,建物,新竹市新竹市光華二街100號4F-2,0.0,住,,,1011123,土地0建物1車位0,四層,7,華廈(10層含以下有電梯),住家用,鋼筋混凝土造,0810131,44.81,1,1,1,有,無,有,7000,156,,0.0,0,,RPSSMLPJKIHFFAO56DC
新竹市,建物,新竹市新竹市中華路四段705之29號5樓,0.0,商,,,1011127,土地0建物1車位0,五層,6,套房(1房1廳1衛),見其他登記事項,鋼筋混凝土造,0960630,18.23,1,1,1,有,有,有,6500,357,,0.0,0,,RPUSMLPJKIHFFAO76DC
新竹市,建物,新竹市新竹市安和街6巷2之1號,0.0,工,,,1011128,土地0建物1車位0,全,4,透天厝,見使用執照,鋼筋混凝土造,0790208,222.99,7,1,4,有,無,有,23000,103,,0.0,0,,RPWSMLPJKIHFFAO96DC
新竹市,建物,新竹市新竹市英明街5號六樓之6,0.0,商,,,1011130,土地0建物1車位0,六層,8,套房(1房1廳1衛),辦公室,鋼筋混凝土造,0951101,24.3,1,1,1,有,有,有,15000,617,,0.0,0,,RPXSMLPJKIHFFAO07DC
新竹市,建物,新竹市新竹市東大路四段290號八樓之2,0.0,住,,,1011127,土地0建物1車位0,八層,13,套房(1房1廳1衛),見其他登記事項,鋼筋混凝土造,0990625,49.87,1,1,1,有,有,有,16000,321,,0.0,0,,RPOTMLPJKIHFFAO88DC
新竹市,土地,中山段三小段83地號,70.0,商,,,1011109,土地1建物0車位0,,,店面(店鋪),,,,0.0,0,0,0,有,無,無,70000,1000,,0.0,0,,RPQPMLPJKIHFFAO58CC
新竹市,建物,新竹市新竹市中正路495號2樓,0.0,住,,,1011118,土地0建物1車位0,二層,12,住宅大樓(11層含以上有電梯),住家用,鋼筋混凝土造,0781107,193.01,4,2,2,有,有,無,14000,73,,0.0,0,,RPSPMLPJKIHFFAO78CC
新竹市,建物,新竹市新竹市水田街150巷10弄12號5樓,0.0,住,,,1011120,土地0建物1車位0,五層,5,公寓(5樓含以下無電梯),住家用,鋼筋混凝土造,,64.89,3,2,1,有,無,有,10000,154,,0.0,0,,RPTPMLPJKIHFFAO88CC
新竹市,建物,新竹市新竹市文昌路19號,0.0,商,,,1011123,土地0建物1車位0,三層,5,公寓(5樓含以下無電梯),商業用,加強磚造,,59.53,2,1,1,有,無,有,7200,121,,0.0,0,,RPVPMLPJKIHFFAO09CC
新竹市,建物,新竹市新竹市關新路29號12樓之17,0.0,其他,,,1011124,土地0建物1車位1,十二層,14,套房(1房1廳1衛),見其他登記事項,鋼筋混凝土造,0970911,33.34,1,1,1,無,有,有,14000,420,坡道平面,0.0,0,,RPXPMLPJKIHFFAO66CC
新竹市,建物,新竹市新竹市中華路六段647巷31弄105號,0.0,住,山坡地保育區,丙種建築用地,1011127,土地0建物1車位1,全,4,透天厝,住家用,鋼筋混凝土造,0851029,205.1,5,2,3,有,無,有,12000,59,其他,0.0,0,,RPPQMLPJKIHFFAO58CC
新竹市,建物,新竹市新竹市延平路一段357巷38弄11號2樓,0.0,住,鄉村區,乙種建築用地,1011129,土地0建物1車位0,二層,5,公寓(5樓含以下無電梯),住家用,鋼筋混凝土造,0690812,71.98,3,1,1,有,無,無,7000,97,,0.0,0,,RPQQMLPJKIHFFAO68CC
新竹市,建物,新竹市新竹市東大路二段83號9樓之4,0.0,住,,,1011123,土地0建物1車位0,九層,13,住宅大樓(11層含以上有電梯),住家用,鋼筋混凝土造,0850229,111.39,3,1,1,有,有,無,13000,117,,0.0,0,,RPRQMLPJKIHFFAO78CC
新竹市,建物,新竹市新竹市金山二十三街18巷19號,0.0,住,,,1011121,土地0建物1車位1,全,4,透天厝,見其他登記事項,鋼筋混凝土造,0880111,227.51,5,2,4,有,無,有,23000,101,其他,0.0,0,,RPUQMLPJKIHFFAO09CC
新竹市,建物,新竹市新竹市明湖路743號,0.0,其他,,,1011117,土地0建物0車位1,一層,4,套房(1房1廳1衛),見其他登記事項,鋼筋混凝土造,0940220,94.93,1,0,1,有,有,有,15000,158,坡道平面,0.0,0,,RPVQMLPJKIHFFAO56CC
新竹市,建物,新竹市新竹市民權路108巷16號3樓之5,0.0,住,,,1011128,土地0建物1車位0,三層,5,套房(1房1廳1衛),見其他登記事項,鋼筋混凝土造,0951212,33.31,1,1,1,有,無,有,8500,255,,0.0,0,,RPXQMLPJKIHFFAO76CC
新竹市,建物,新竹市新竹市埔頂二路123號11樓之6,0.0,住,,,1011114,土地0建物1車位2,十一層,15,住宅大樓(11層含以上有電梯),見其他登記事項,鋼筋混凝土造,1001130,249.25,4,2,2,有,有,有,35000,140,坡道平面,0.0,0,,RPSRMLPJKIHFFAO98CC
新竹市,房地(土地+建物)+車位,新竹市新竹市新莊街89號6樓,1203.12,住,,,1011201,土地1建物1車位1,六層,7,華廈(10層含以下有電梯),住家用,鋼筋混凝土造,0830808,79.33,3,2,2,有,有,有,15000,189,坡道機械,31.86,0,,RPTRMLQJKIHFFAO56CC
新竹市,土地,復興段426-5地號,2500.0,其他,,,1011125,土地1建物0車位0,,,其他,,,,0.0,0,0,0,有,無,無,45000,18,,0.0,0,,RPVSMLQJKIHFFAO96DC
新竹市,建物,新竹市新竹市西大路102巷2號4樓之3,0.0,住,,,1011130,土地0建物1車位0,四層,8,華廈(10層含以下有電梯),住家用,鋼筋混凝土造,,68.64,2,1,1,有,有,有,8500,124,,0.0,0,,RPSNMLRJKIHFFAO78CC
新竹市,建物,新竹市新竹市經國路二段248巷26弄18號,0.0,住,,,1011125,土地0建物1車位0,全,2,透天厝,住家用,鋼筋混凝土造,0750825,169.6,4,2,2,有,無,無,14000,83,,0.0,0,,RPUNMLRJKIHFFAO98CC
新竹市,建物,新竹市新竹市明湖路1050巷406號1樓,0.0,其他,山坡地保育區,丙種建築用地,1011129,土地0建物1車位0,一層,5,公寓(5樓含以下無電梯),住家用,鋼筋混凝土造,0870826,134.63,3,2,2,有,無,有,12600,94,坡道平面,0.0,0,,RPOOMLLKKIHFFAO97CC
新竹市,建物,新竹市新竹市東大路二段190巷11號,0.0,住,,,1011207,土地0建物1車位0,一層,12,住宅大樓(11層含以上有電梯),見其他登記事項,鋼筋混凝土造,0930210,182.66,3,2,2,有,有,有,17500,96,坡道平面,0.0,0,,RPROMLLKKIHFFAO28CC
新竹市,建物,新竹市新竹市明湖路1050巷70號5樓,0.0,住,山坡地保育區,丙種建築用地,1011201,土地0建物1車位1,五層,5,公寓(5樓含以下無電梯),住家用,鋼筋混凝土造,0821216,120.56,2,1,2,有,有,有,10000,83,坡道平面,0.0,0,,RPSQMLLKKIHFFAO58CC
新竹市,建物,新竹市新竹市明湖路393巷25弄29號1樓,0.0,住,,,1011125,土地0建物1車位1,一層,10,華廈(10層含以下有電梯),住家用,鋼筋混凝土造,0821007,101.22,3,2,2,有,有,有,16000,158,坡道平面,0.0,0,,RPXNMLMKKIHFFAO88CC
新竹市,建物,新竹市新竹市和平路28巷76號5樓之3,0.0,住,,,1011116,土地0建物1車位0,五層,7,套房(1房1廳1衛),住家用,鋼筋混凝土造,0831205,40.53,1,0,1,有,有,有,6500,160,,0.0,0,,RPOOMLMKKIHFFAO08CC
新竹市,建物,新竹市新竹市延平路一段214巷2弄11號,87.0,住,,,1011128,土地0建物1車位0,全,2,透天厝,住家用,加強磚造,,109.8,3,2,2,有,無,無,13000,118,,0.0,0,,RPPOMLMKKIHFFAO18CC
新竹市,建物,新竹市新竹市光復路一段72號3樓之12,0.0,住,,,1011204,土地0建物1車位0,三層,6,套房(1房1廳1衛),住家用,鋼筋混凝土造,0880810,30.88,1,0,1,有,有,有,5000,162,,0.0,0,,RPUPMLMKKIHFFAO78CC
新竹市,建物,新竹市新竹市慈祥路88號9樓之5,0.0,住,,,1011204,土地0建物1車位1,九層,12,華廈(10層含以下有電梯),見其他登記事項,鋼筋混凝土造,1000324,98.94999999999999,2,1,1,有,有,有,15000,152,坡道平面,0.0,0,,RPVPMLMKKIHFFAO88CC
新竹市,建物,新竹市新竹市經國路一段454巷43號6樓,0.0,住,,,1011205,土地0建物1車位1,六層,7,華廈(10層含以下有電梯),住家用,鋼筋混凝土造,0800115,94.66,2,1,1,有,有,無,11500,121,坡道機械,0.0,0,,RPXPMLMKKIHFFAO09CC
新竹市,建物,新竹市新竹市湳雅街335巷9號,0.0,住,,,1011206,土地0建物1車位0,全,2,透天厝,住家用,加強磚造,0691213,90.0,3,2,2,有,無,無,10000,111,,0.0,0,,RPTOMLOKKIHFFAO78CC
新竹市,建物,新竹市新竹市長春街62巷2號12樓之5,0.0,住,,,1011210,土地0建物1車位1,十二層,13,華廈(10層含以下有電梯),見其他登記事項,鋼筋混凝土造,0951012,147.86,3,2,2,有,有,有,24000,162,坡道機械,0.0,0,,RPROMLPKKIHFFAO68CC
新竹市,建物,新竹市新竹市武陵路179巷6號18樓之2,0.0,住,,,1011212,土地0建物1車位0,十八層,21,華廈(10層含以下有電梯),見其他登記事項,鋼筋混凝土造,0890501,69.95,2,1,1,有,有,有,11000,157,,0.0,0,,RPTOMLPKKIHFFAO88CC
新竹市,建物,新竹市新竹市鐵道路一段28巷62號3樓,0.0,住,,,1011214,土地0建物1車位2,三層,14,華廈(10層含以下有電梯),見其他登記事項,鋼筋混凝土造,1000718,149.32,3,2,2,有,有,無,22000,147,坡道平面,0.0,0,,RPVOMLPKKIHFFAO09CC
新竹市,建物,新竹市新竹市民生路279號8樓之1,0.0,住,,,1011213,土地0建物1車位0,八層,12,華廈(10層含以下有電梯),住家用,鋼筋混凝土造,0830122,87.45,2,2,2,有,有,有,13000,149,,0.0,0,,RPWOMLPKKIHFFAO56CC
新竹市,土地,國道段1105-1地號,857.53,住,,,1011130,土地1建物0車位0,,,其他,,,,0.0,0,0,0,無,無,無,117000,136,,0.0,0,,RPUQMLTKKIHFFAO96CC
新竹市,建物,新竹市新竹市明湖路920巷1弄3號,0.0,其他,山坡地保育區,丙種建築用地,1011216,土地0建物1車位0,全,2,透天厝,住家用,加強磚造,0710614,95.86,4,2,2,有,無,無,12000,125,,0.0,0,,RPRVMLTKKIHFFAO17CC
新竹市,建物,新竹市新竹市北大路166巷28號7樓之3,0.0,住,,,1011130,土地0建物1車位1,七層,8,華廈(10層含以下有電梯),住家用,鋼筋混凝土造,0850418,173.42000000000002,4,2,2,有,有,有,18000,104,坡道平面,0.0,0,,RPTONLLLKIHFFAO68CC
新竹市,建物,新竹市新竹市北區武陵路73巷18號7樓,0.0,住,,,1011215,土地0建物1車位1,七層,14,住宅大樓(11層含以上有電梯),見其他登記事項,鋼筋混凝土造,0930915,169.67,3,2,2,無,有,有,14000,83,坡道平面,0.0,0,,RPXONLLLKIHFFAO09CC
新竹市,建物,新竹市新竹市建中一路23巷16號4樓,0.0,住,,,1011217,土地0建物1車位0,四層,12,住宅大樓(11層含以上有電梯),住家用,鋼筋混凝土造,,102.63,4,2,2,有,有,有,15000,146,,0.0,0,,RPPPNLLLKIHFFAO38CC
新竹市,建物,新竹市新竹市中正路256號1-2樓,0.0,住,,,1011219,土地0建物1車位0,見其他登記事項,2,店面(店鋪),住家用,加強磚造,,106.76,0,0,0,無,無,無,28000,262,,0.0,0,,RPQPNLLLKIHFFAO48CC
新竹市,建物,新竹市新竹市田美三街56號7樓,0.0,住,,,1011220,土地0建物1車位0,七層,8,華廈(10層含以下有電梯),住家用,鋼筋混凝土造,0860701,94.04,3,2,2,有,無,無,13000,138,,0.0,0,,RPOPMLMLKIHFFAO28CC
新竹市,建物,新竹市新竹市武陵路175巷10號13樓之1,0.0,住,,,1011221,土地0建物1車位0,十三層,21,華廈(10層含以下有電梯),住家用,鋼筋混凝土造,0870623,189.83,4,2,2,有,有,有,21000,111,,0.0,0,,RPPPMLMLKIHFFAO38CC
新竹市,建物,新竹市新竹市經國路二段185號3樓之6,0.0,住,,,1011221,土地0建物1車位0,三層,11,套房(1房1廳1衛),見其他登記事項,鋼筋混凝土造,0971108,34.93,1,0,1,有,有,有,8500,243,,0.0,0,,RPTNMLNLKIHFFAO68CC
新竹市,建物,新竹市新竹市北大路16號8樓之2,0.0,住,,,1011126,土地0建物1車位0,八層,28,住宅大樓(11層含以上有電梯),見其他登記事項,鋼骨鋼筋混凝土造,0960703,93.81,3,2,2,有,有,有,28000,298,,0.0,0,,RPWPMLPLKIHFFAO86DC
新竹市,建物,新竹市新竹市民生路166號8樓之1,0.0,住,,,1011224,土地0建物1車位0,八層,12,華廈(10層含以下有電梯),住家用,鋼筋混凝土造,0860131,62.83,2,2,1,有,有,有,11000,175,,0.0,0,,RPVNMLQLKIHFFAO56CC
新竹市,建物,新竹市新竹市中央路151號2樓,0.0,住,,,1011204,土地0建物0車位0,二層,5,套房(1房1廳1衛),住家用,鋼筋混凝土造,0710119,18.18,1,0,1,有,無,有,6600,363,,0.0,0,,RPOPMLQLKIHFFAO68CC
新竹市,建物,新竹市新竹市中央路152號18樓之2,0.0,住,,,1011221,土地0建物1車位1,十八層,29,華廈(10層含以下有電梯),見其他登記事項,鋼筋混凝土造,0961101,159.0,3,2,2,有,有,有,37700,237,坡道平面,0.0,0,,RPPNMLTLKIHFFAO88CC
新竹市,建物,新竹市新竹市中央路245巷58號10樓之5,0.0,,,,1011228,土地0建物1車位0,十層,11,住宅大樓(11層含以上有電梯),見其他登記事項,鋼筋混凝土造,1010221,40.07,1,0,1,有,有,有,22222,555,,0.0,0,,RPXRMLMJJHIFFAO09CC
新竹市,建物,新竹市新竹市林森路203號9樓之2,0.0,商,,,1011206,土地0建物1車位0,九層,,套房(1房1廳1衛),,,,32.94,1,1,1,有,無,有,7500,228,,0.0,0,,RPUNMLNJJHIFFAO58DC
新竹市,建物,新竹市新竹市民生路233號4樓之8,0.0,商,,,1011212,土地0建物1車位0,四層,,套房(1房1廳1衛),,,,36.1,1,1,1,有,有,有,7000,194,,0.0,0,,RPXNMLNJJHIFFAO88DC
新竹市,建物,新竹市新竹市食品路27號3樓之3,0.0,住,,,1011215,土地0建物1車位0,三層,9,套房(1房1廳1衛),見其他登記事項,鋼筋混凝土造,0870108,33.58,1,1,1,有,有,有,8500,253,,0.0,0,,RPTOMLNJJHIFFAO58DC
新竹市,建物,新竹市新竹市民族路37號5樓,0.0,住,,,1011218,土地0建物1車位0,五層,12,辦公商業大樓,見其他登記事項,鋼筋混凝土造,0880720,206.89,0,0,0,無,有,無,70000,338,,0.0,0,,RPUOMLNJJHIFFAO68DC
新竹市,建物,新竹市新竹市中央路245巷58號三樓之2,0.0,商,,,1011225,土地0建物1車位0,三層,11,套房(1房1廳1衛),見其他登記事項,鋼筋混凝土造,1010221,45.2,1,1,1,有,有,有,18300,405,,0.0,0,,RPVOMLNJJHIFFAO78DC
新竹市,建物,新竹市新竹市中央路245巷58號三樓之7,0.0,商,,,1011225,土地0建物1車位0,三層,11,套房(1房1廳1衛),見其他登記事項,鋼筋混凝土造,1010221,42.76,1,1,1,有,有,有,18500,433,,0.0,0,,RPXOMLNJJHIFFAO98DC
新竹市,建物,新竹市新竹市埔頂路119號一樓,0.0,住,,,1011228,土地0建物1車位0,一層,8,店面(店鋪),商業用,鋼筋混凝土造,0841208,74.65,0,0,0,無,無,無,17000,228,,0.0,0,,RPOPMLNJJHIFFAO18DC
新竹市,房地(土地+建物),新竹市新竹市四維路９３號七樓之１,2.13,其他,,,1011210,土地1建物1車位0,七層,14,住宅大樓(11層含以上有電梯),住家用,鋼筋混凝土造,0870302,34.08,1,0,1,有,有,有,7000,205,,0.0,0,,RPPNMLNJJHIFFAO18EC
新竹市,建物,新竹市新竹市武陵西三路24號4樓,0.0,住,,,1011215,土地0建物1車位0,四層,5,公寓(5樓含以下無電梯),國民住宅,鋼筋混凝土造,0720413,88.2,3,2,2,有,無,無,9000,102,,0.0,0,,RPXNMLOJJHIFFAO88CC
新竹市,房地(土地+建物),新竹市新竹市東大路二段180號8樓之1,34.0,其他,,,1020105,土地1建物1車位0,八層,10,華廈(10層含以下有電梯),國民住宅,鋼筋混凝土造,0870615,184.68,4,2,2,有,有,有,13000,70,,0.0,0,,RPPNMLQJJHIFFAO28CC
新竹市,房地(土地+建物),新竹市新竹市湳雅街311巷61號2樓,29.61,住,,,1011219,土地1建物1車位0,二層,10,華廈(10層含以下有電梯),住家用,鋼筋混凝土造,0840529,147.67,3,2,2,有,有,有,11000,74,,0.0,0,,RPQNMLQJJHIFFAO38CC
新竹市,建物,新竹市新竹市中央路245巷58號七樓之3,0.0,商,,,1011216,土地0建物1車位0,七層,11,套房(1房1廳1衛),見其他登記事項,鋼筋混凝土造,1010221,45.2,1,1,1,有,有,有,20000,442,,0.0,0,,RPPRMLRJJHIFFAO88DC
新竹市,建物,新竹市新竹市林森路73號9樓之7,0.0,商,,,1020102,土地0建物1車位0,九層,12,套房(1房1廳1衛),住家用,鋼筋混凝土造,0780107,17.58,1,1,1,有,有,有,5000,284,,0.0,0,,RPRRMLRJJHIFFAO09DC
新竹市,建物,新竹市新竹市西門街299巷22號3樓之3,0.0,住,,,1020105,土地0建物1車位0,三層,5,公寓(5樓含以下無電梯),住家用,鋼筋混凝土造,0700926,92.36,3,2,2,有,無,有,10500,114,,0.0,0,,RPTRMLRJJHIFFAO66DC
新竹市,建物,新竹市新竹市振興路48巷15弄7號5F-10,0.0,住,,,1011225,土地0建物1車位0,五層,5,華廈(10層含以下有電梯),見其他登記事項,鋼筋混凝土造,0960416,31.82,1,1,1,有,有,有,7500,236,,0.0,0,,RPPQMLSJJHIFFAO78CC
新竹市,建物,新竹市新竹市鐵道路一段28巷66號14樓,0.0,住,,,1020106,土地0建物1車位2,十四層,14,華廈(10層含以下有電梯),見其他登記事項,鋼筋混凝土造,1000718,153.84,4,2,2,有,有,無,24000,156,坡道平面,0.0,0,,RPSOMLTJJHIFFAO98CC
新竹市,房地(土地+建物),新竹市新竹市北大路12號13樓之2,33.0,商,,,1011209,土地1建物1車位0,十三層,28,住宅大樓(11層含以上有電梯),見其他登記事項,鋼骨鋼筋混凝土造,0960703,112.31,3,2,2,有,有,有,35000,312,,0.0,0,,RPTOMLTJJHIFFAO09CC
新竹市,房地(土地+建物),新竹市新竹市武陵路175巷11號8樓之1,20.92,住,,,1020101,土地1建物1車位0,八層,20,住宅大樓(11層含以上有電梯),住家用,鋼筋混凝土造,0870718,152.6,3,2,2,有,有,有,24444,160,,0.0,0,,RPTPMLTJJHIFFAO56CC
新竹市,房地(土地+建物),新竹市新竹市武陵路175巷11號20樓之1,20.93,住,,,1020105,土地1建物1車位0,二十層,20,住宅大樓(11層含以上有電梯),住家用,鋼筋混凝土造,0870718,152.33,3,2,2,有,有,有,31111,204,,0.0,0,,RPUPMLTJJHIFFAO66CC
新竹市,建物,新竹市新竹市光復路一段272號9樓之3,0.0,住,,,1020109,土地0建物1車位0,九層,18,華廈(10層含以下有電梯),見其他登記事項,鋼筋混凝土造,0860409,93.25,2,2,1,有,有,有,16000,172,,0.0,0,,RPROMLLKJHIFFAO18CC
新竹市,建物,新竹市新竹市明湖路854號,0.0,住,,,1020110,土地0建物1車位0,全,2,透天厝,住家用,鋼筋混凝土造,0760331,95.85,4,2,2,有,無,無,13000,136,,0.0,0,,RPTOMLLKJHIFFAO38CC
新竹市,房地(土地+建物),新竹市新竹市中正路20號六樓,17.45,商,,,1020109,土地2建物1車位0,六層,10,華廈(10層含以下有電梯),住家用,鋼筋混凝土造,0711229,119.8,0,0,0,無,無,無,21000,175,,0.0,0,,RPVNMLPKJHIFFAO88CC
新竹市,建物,新竹市新竹市武陵路271巷22弄21號2樓,1.14,住,,,1020110,土地0建物1車位0,二層,5,公寓(5樓含以下無電梯),住家用,鋼筋混凝土造,,149.66,3,2,2,有,無,有,11000,73,,0.0,0,,RPVPMLPKJHIFFAO09CC
新竹市,建物,新竹市新竹市中華路一段384巷7弄11號2樓,0.0,住,,,1020103,土地0建物1車位1,二層,5,華廈(10層含以下有電梯),住家用,鋼筋混凝土造,0880420,154.38,3,2,2,有,有,有,17000,110,坡道平面,0.0,0,,RPWPMLPKJHIFFAO56CC
新竹市,建物,新竹市新竹市光華東街80號5樓,0.0,住,,,1020105,土地0建物1車位1,五層,7,華廈(10層含以下有電梯),住家用,鋼筋混凝土造,,107.33,3,2,2,有,無,有,15000,140,升降機械,0.0,0,,RPSOMLRKJHIFFAO88CC
新竹市,建物,新竹市新竹市明湖路735號3樓,0.0,住,,,1020104,土地0建物1車位1,三層,4,套房(1房1廳1衛),見其他登記事項,鋼筋混凝土造,0940220,28.34,1,0,1,有,有,有,10000,353,坡道平面,0.0,0,,RPVNMLNLJHIFFAO78CC
新竹市,房地(土地+建物)+車位,新竹市新竹市新莊街185巷6號5樓,23.83,住,,,1020210,土地2建物1車位1,五層,12,住宅大樓(11層含以上有電梯),見其他登記事項,鋼筋混凝土造,0990824,170.19,3,2,2,有,有,無,20000,118,坡道平面,0.0,0,,RPWNMLNLJHIFFAO88CC
新竹市,建物,新竹市新竹市東大路三段730之1號7樓,0.0,住,,,1020114,土地0建物1車位0,七層,7,華廈(10層含以下有電梯),住家用,鋼筋混凝土造,0890125,165.96,3,2,2,有,無,有,15000,90,,0.0,0,,RPTOMLNLJHIFFAO68CC
新竹市,建物,新竹市新竹市自由路109號12樓之7,0.0,住,,,1020118,土地0建物1車位0,十二層,12,套房(1房1廳1衛),住家用,鋼筋混凝土造,0801231,30.08,1,0,1,有,有,有,9000,299,,0.0,0,,RPUOMLNLJHIFFAO78CC
新竹市,建物,新竹市新竹市牛埔北路187之10號6樓,0.0,住,鄉村區,乙種建築用地,1020120,土地0建物1車位0,六層,9,華廈(10層含以下有電梯),住家用,鋼筋混凝土造,0840118,71.19,3,2,1,有,有,無,10000,140,,0.0,0,,RPVOMLNLJHIFFAO88CC
新竹市,建物,新竹市新竹市中華路三段10號5樓之25,0.0,住,,,1020121,土地0建物1車位0,五層,14,套房(1房1廳1衛),住家用,加強磚造,,41.64,1,0,1,有,有,有,8500,204,,0.0,0,,RPWOMLNLJHIFFAO98CC
新竹市,建物,新竹市新竹市東區北大路12號28樓之1,0.0,住,,,1011225,土地0建物1車位0,二十八層,28,住宅大樓(11層含以上有電梯),見其他登記事項,鋼骨鋼筋混凝土造,0960703,102.57,3,2,2,有,有,有,37000,361,,0.0,0,,RPROMLNLJHIFFAO58DC
新竹市,房地(土地+建物),新竹市新竹市中華路一段412號,27.87,其他,,,1020121,土地1建物1車位0,一層,14,店面(店鋪),見其他登記事項,鋼筋混凝土造,1000718,206.76999999999998,0,0,0,無,有,無,60000,290,,0.0,0,,RPOPMLNLJHIFFAO38DC
新竹市,建物,新竹市新竹市北大路340號18樓之3,0.0,商,,,1020110,土地0建物1車位0,十八層,24,華廈(10層含以下有電梯),住家用,鋼筋混凝土造,0860530,165.66,3,2,2,有,有,有,20000,121,,0.0,0,,RPQOMLOLJHIFFAO48CC
新竹市,房地(土地+建物),新竹市新竹市竹光路364號,46.0,,鄉村區,乙種建築用地,1011230,土地1建物1車位0,全,3,透天厝,住家用,加強磚造,0720104,128.92,4,2,3,有,無,無,15000,116,,0.0,0,,RPWOMLOLJHIFFAO09CC
新竹市,建物,新竹市新竹市寶山路34號3樓,0.0,住,,,1020122,土地0建物1車位0,三層,7,華廈(10層含以下有電梯),住家用,鋼筋混凝土造,0820807,89.11,3,2,2,有,無,有,13000,146,,0.0,0,,RPQPMLPLJHIFFAO68CC
新竹市,建物,新竹市新竹市光復路一段476巷82號6樓,0.0,住,,,1020104,土地0建物1車位0,六層,13,住宅大樓(11層含以上有電梯),住家用,鋼筋混凝土造,0840925,114.77,3,2,2,有,有,有,20455,178,,0.0,0,,RPSOMLSLJHIFFAO09CC
新竹市,建物,新竹市新竹市中山路40巷25-1號3樓之3,0.0,住,,,1020111,土地0建物1車位0,三層,10,華廈(10層含以下有電梯),住家用,鋼筋混凝土造,0800603,69.11,3,1,1,有,有,無,9000,130,,0.0,0,,RPWQMLSLJHIFFAO07CC
新竹市,建物,新竹市新竹市中華路三段48號17樓之2,0.0,住,,,1020111,土地0建物1車位0,十七層,17,住宅大樓(11層含以上有電梯),住家用,鋼筋混凝土造,0860520,70.04,3,2,2,有,有,有,12000,171,,0.0,0,,RPXQMLSLJHIFFAO17CC
新竹市,建物,新竹市新竹市光華二街133巷4號4樓,34.65,住,,,1020129,土地0建物1車位0,四層,7,華廈(10層含以下有電梯),住家用,鋼筋混凝土造,0800701,34.65,2,1,1,有,無,有,9000,260,,0.0,0,,RPRSMLKMJHIFFAO68CC
新竹市,建物,新竹市新竹市中華路二段312巷11號,0.0,工,,,1020126,土地0建物1車位0,全,3,透天厝,見其他登記事項,見其他登記事項,,243.74,0,0,0,無,無,無,57000,234,,0.0,0,半年繳一次租金。租金含稅。,RPTSMLKMJHIFFAO88CC
新竹市,建物,新竹市新竹市竹光路35巷8號5樓,0.0,住,,,1020128,土地0建物1車位0,五層,5,公寓(5樓含以下無電梯),住家用,鋼筋混凝土造,0781030,125.94,3,2,2,有,有,無,8000,64,,0.0,0,,RPVSMLKMJHIFFAO09CC
