﻿編號,車位類別,車位價格,車位面積平方公尺,車位所在樓層
Serial number,berth category,berth price,berth area square meter,
RPPNMLPLJIHFFCQ58CA,一樓平面,0,,
RPPNMLRJJIHFFEQ98EA,坡道平面,0,,
RPPNMLPKJIHFFCQ58DA,坡道平面,0,,
RPWNMLLLJIHFFCQ88CA,一樓平面,0,,
RPXNMLOKKIHFFCQ66CA,坡道平面,0,,
RPOOMLSKKIHFFDQ98CA,一樓平面,0,,
RPQNMLPJKIHFFEQ78CA,坡道平面,0,,
RPPOMLSKKIHFFDQ09CA,一樓平面,0,,
RPQOMLSKKIHFFDQ56CA,一樓平面,0,,
RPPNMLSLKIHFFBQ88CA,坡道機械,0,,
RPPNMLOKJHIFFBQ38DA,升降機械,0,,
RPQNMLSLJHIFFCQ98CA,坡道平面,0,,
RPQOMLOJKHIFFDQ68CA,坡道機械,0,,
RPPOMLLMJHIFFBQ28CA,坡道平面,0,,
