﻿編號,土地位置,土地移轉面積(平方公尺),使用分區或編定,權利人持分分母,權利人持分分子,移轉情形,地號
The serial number, land position,land shifting area square meter,the use zoning or compiles and checks,,,,land parcel
RPPNMLMJJIHFFAW48CA,紅山測段,138.74,都市：農,1,1,全筆移轉,11680000
RPPNMLMJJIHFFAW48CA,紅山測段,12.32,都市：其他:道路用地,1,1,全筆移轉,11680001
RPRNMLRJJIHFFAW56CA,新頭段,61.53,都市：住,3,1,持分移轉,07350018
RPRNMLRJJIHFFAW56CA,新頭段,251.86,都市：住,1,1,全筆移轉,07350021
RPQNMLMJJIHFFAW58CA,陽宅段,788.09,都市：農,1,1,全筆移轉,03810000
RPQNMLMJJIHFFAW58CA,陽宅段,401.65,都市：農,1,1,全筆移轉,03820000
RPQNMLMJJIHFFAW58CA,陽宅段,594.07,都市：農,1,1,全筆移轉,03830000
RPRNMLTJJIHFFAW86DA,金門城段,48.33,都市：住,6,1,持分移轉,03780000
RPRNMLTJJIHFFAW86DA,金門城段,108.29,都市：住,1,1,全筆移轉,03840000
RPSNMLPJJIHFFAW09CA,湖前段,65.76,都市：住,1,1,全筆移轉,08230143
RPSNMLPJJIHFFAW09CA,湖前段,11.28,都市：住,5,1,持分移轉,08230134
RPSNMLPJJIHFFAW09CA,湖前段,42.90,都市：住,5,1,持分移轉,08230135
RPSNMLPJJIHFFAW09CA,湖前段,.95,都市：住,5,1,持分移轉,08230136
RPSNMLPJJIHFFAW09CA,湖前段,4.90,都市：住,5,1,持分移轉,08230140
RPSNMLPJJIHFFAW09CA,湖前段,2.02,都市：住,5,1,持分移轉,08230141
RPSNMLPJJIHFFAW09CA,湖前段,2.63,都市：住,5,1,持分移轉,08230146
RPTNMLOKJIHFFAW56CA,料羅段,126.00,都市：住,1,1,全筆移轉,14800000
RPVNMLRJJIHFFAW96CA,料羅段,300.38,都市：其他:保護區,1,1,全筆移轉,04540000
RPVNMLRJJIHFFAW96CA,料羅段,422.98,都市：其他:保護區,1,1,全筆移轉,05600000
RPVNMLRJJIHFFAW96CA,山后段,324.50,都市：其他:國家公園,1,1,全筆移轉,09020000
RPVNMLRJJIHFFAW96CA,寧湖一劃段,114.00,都市：農,1,1,全筆移轉,04400008
RPVNMLRJJIHFFAW96CA,寧湖一劃段,4.00,都市：農,12,1,持分移轉,04400013
RPPNMLPJJIHFFAW88DA,湖下村段,38.56,都市：其他:,10000,1620,持分移轉,03210000
RPSNMLOKJIHFFAW09CA,水頭段,180.54,都市：農,1,1,全筆移轉,03950000
RPSNMLNKJIHFFAW09DA,新頭段,402.04,都市：其他:自然村,1,1,全筆移轉,07260000
RPSNMLNKJIHFFAW09DA,新頭段,604.70,都市：其他:自然村,1,1,全筆移轉,07270000
RPQNMLOKJIHFFAW88CA,水頭段,735.69,都市：農,1,1,全筆移轉,08660000
RPSNMLRJJIHFFAW76DA,北九十劃段,537.62,都市：農,1,1,全筆移轉,05760001
RPTNMLRJJIHFFAW86DA,前水頭段,120.50,都市：住,6,1,持分移轉,02400000
RPRNMLOKJIHFFAW98CA,水頭段,283.96,都市：農,1,1,全筆移轉,04780000
RPRNMLOKJIHFFAW98CA,水頭段,432.67,都市：農,1,1,全筆移轉,04910000
RPPNMLKMJIHFFAW58CA,前水頭段,120.50,都市：住,6,1,持分移轉,02400000
RPTNMLQLJIHFFAW96DA,北五劃段,985.45,都市：農,1,1,全筆移轉,05730000
RPPNMLNKJIHFFAW78DA,新頭段,1320.75,都市：其他:自然村,1,1,全筆移轉,03710000
RPQNMLNKJIHFFAW88DA,新頭段,304.89,都市：其他:自然村,1,1,全筆移轉,03700001
RPUNMLRJJIHFFAW86CA,后湖段,141.55,都市：其他:道路用地,1,1,全筆移轉,00700001
RPUNMLRJJIHFFAW86CA,后湖段,67.59,都市：其他:道路用地,1,1,全筆移轉,00790000
RPUNMLRJJIHFFAW86CA,后湖段,385.47,都市：其他:道路用地,1,1,全筆移轉,00900000
RPUNMLRJJIHFFAW86CA,后湖段,14.28,都市：其他:道路用地,1,1,全筆移轉,00920001
RPSNMLQLJIHFFAW76CA,浯坑劃測段,164.00,都市：農,1,1,全筆移轉,04070000
RPXNMLRJJIHFFAW27DA,寧湖六劃段,1000.00,都市：農,1,1,全筆移轉,01130000
RPXNMLRJJIHFFAW27DA,寧湖六劃段,500.00,都市：農,2,1,持分移轉,01200000
RPQNMLQLJIHFFAW56CA,金門城段,32.00,都市：住,1,1,全筆移轉,00280000
RPPNMLLKJIHFFAW48CA,北一段,1000.14,都市：農,1,1,全筆移轉,01340000
RPQNMLMKJIHFFAW68CA,湖后劃段,1000.00,都市：農,1,1,全筆移轉,00920000
RPPNMLQLJIHFFAW09CA,金門城段,124.00,都市：住,1,1,全筆移轉,01000000
RPRNMLNKJIHFFAW98DA,新頭段,633.64,都市：其他:自然村,1,1,全筆移轉,03760000
RPQNMLPKJIHFFAW98CA,北九十劃段,500.19,都市：農,2,1,持分移轉,06370000
RPQNMLPKJIHFFAW98CA,浯坑劃測段,644.17,都市：農,1,1,全筆移轉,02070000
RPQNMLQJJIHFFAW09DA,山外段,50.60,都市：住,1,1,全筆移轉,00420001
RPPNMLTJJIHFFAW66DA,祥瑞段,29.86,都市：其他:道路用地,1,1,全筆移轉,07280000
RPPNMLTJJIHFFAW66DA,祥瑞段,20.00,都市：其他:道路用地,1,1,全筆移轉,09060000
RPPNMLTJJIHFFAW66DA,祥和段,8.92,都市：其他:道路用地/綠地,1,1,全筆移轉,03900001
RPPNMLTJJIHFFAW66DA,祥和段,80.82,都市：其他:道路用地,1,1,全筆移轉,03950001
RPQNMLQKJIHFFAW09CA,擎天段,1220.00,都市：農,1,1,全筆移轉,13880000
RPPNMLMKJIHFFAW68DA,庵前劃測段,43.01,都市：農,1,1,全筆移轉,09390000
RPSNMLPKJIHFFAW56CA,舊金城段,599.00,都市：農,1,1,全筆移轉,03060000
RPTNMLNKJIHFFAW09CA,浦邊測段,398.53,都市：其他:保護區,1,1,全筆移轉,06240000
RPTNMLNKJIHFFAW09CA,擎天段,683.00,都市：農,1,1,全筆移轉,15100000
RPTNMLNKJIHFFAW09CA,小徑段,.94,都市：農,1,1,全筆移轉,04620023
RPTNMLNKJIHFFAW09CA,小徑段,1043.69,都市：其他:國家公園區-第二類一般管制區,1,1,全筆移轉,04620013
RPPPMLPKJIHFFAW09CA,農試所段,2900.89,都市：農,1,1,全筆移轉,01160000
RPPPMLPKJIHFFAW09CA,農試所段,2900.89,都市：農,1,1,全筆移轉,01160001
RPUNMLNKJIHFFAW66DA,城隍廟段,64.88,都市：住,2,1,持分移轉,03120000
RPUNMLNKJIHFFAW66DA,城隍廟段,7.99,都市：住,2,1,持分移轉,03110000
RPUNMLNKJIHFFAW66DA,城隍廟段,19.03,都市：住,2,1,持分移轉,03160000
RPUNMLNKJIHFFAW66DA,城隍廟段,8.59,都市：住,2,1,持分移轉,03170000
RPUNMLPKJIHFFAW76CA,高坑劃測段,800.00,都市：農,1,1,全筆移轉,06550000
RPSNMLLLJIHFFAW88CA,中蘭劃測段,1029.00,都市：農,1,1,全筆移轉,06430000
RPSNMLLLJIHFFAW88CA,中蘭劃測段,930.98,都市：農,1,1,全筆移轉,06440000
RPWNMLPKJIHFFAW07DA,中蘭劃測段,900.00,都市：農,1,1,全筆移轉,00340000
RPRNMLPKJIHFFAW56DA,后垵段,39.88,都市：其他:自然村,1,1,全筆移轉,01710000
RPVNMLPKJIHFFAW96DA,中蘭劃測段,970.00,都市：農,1,1,全筆移轉,04080000
RPQNMLLLJIHFFAW68CA,庵前劃測段,600.04,都市：農,1,1,全筆移轉,07470000
RPRPMLPKJIHFFAW66CA,峰上段,188.00,都市：其他:自然村專用區,1,1,全筆移轉,08080000
RPPNMLLLJIHFFAW58CA,庵前劃測段,600.00,都市：農,1,1,全筆移轉,07440000
RPSNMLQKJIHFFAW76DA,后湖段,405.21,都市：農,1,1,全筆移轉,01880000
RPSNMLQKJIHFFAW76DA,東洲段,632.30,都市：農,1,1,全筆移轉,10110000
RPTNMLQKJIHFFAW86DA,后湖段,467.36,都市：農,1,1,全筆移轉,00700000
RPTNMLQKJIHFFAW86DA,后湖段,530.59,都市：農,1,1,全筆移轉,06370000
RPQPMLPKJIHFFAW56CA,峰上段,66.00,都市：其他:自然村專用區,1,1,全筆移轉,07520000
RPVNMLQKJIHFFAW07DA,后湖段,418.77,都市：農,1,1,全筆移轉,00920000
RPUNMLQKJIHFFAW96DA,后湖段,26.23,都市：農,1,1,全筆移轉,00790001
RPUNMLQKJIHFFAW96DA,后湖段,5.98,都市：農,1,1,全筆移轉,00900002
RPUNMLQKJIHFFAW96DA,后湖段,120.34,都市：農,1,1,全筆移轉,00900001
RPWNMLQKJIHFFAW17DA,后湖段,1122.26,都市：農,1,1,全筆移轉,01870000
RPSNMLLKKIHFFAW98DA,山前段,1007.83,都市：農,1,1,全筆移轉,07690000
RPSNMLLKKIHFFAW98DA,山前段,10.43,都市：農,1,1,全筆移轉,07690001
RPRNMLLKKIHFFAW88DA,前山前段,149.00,都市：其他:自然村,3,1,持分移轉,00370000
RPQNMLNLJIHFFAW88CA,寧湖二劃測段,370.70,都市：其他:,1,1,全筆移轉,01040003
RPQNMLNLJIHFFAW88CA,寧湖二劃測段,333.50,都市：其他:,1,1,全筆移轉,01120004
RPPNMLKLJIHFFAW58DA,中蘭劃測段,725.05,都市：農,1,1,全筆移轉,08650000
RPRNMLPJKIHFFAW09CA,寧古劃段,500.00,都市：其他:國家公園區第一類一般管制區,1,1,全筆移轉,13970000
RPRNMLQLJIHFFAW66CA,盤山村段,161.50,都市：住,2,1,持分移轉,02210001
RPQNMLRJKIHFFAW66DA,西方劃測段,57.30,都市：農,1,1,全筆移轉,01070003
RPWNMLLLJIHFFAW66CA,龍骨山測段,255.93,都市：其他:農業區及機關用地,1,1,全筆移轉,09880000
RPWNMLOJKIHFFAW96DA,金城劃段,1573.01,都市：其他:保護區、道路用地、溝渠用地,1,1,全筆移轉,02980000
RPVNMLLLJIHFFAW56CA,士校段,1703.68,都市：其他:保護區、機關用地、道路用地,1,1,全筆移轉,01010000
RPQNMLRLJIHFFAW76DA,城北段,39.11,都市：商,1,1,全筆移轉,01880000
RPPNMLMLJIHFFAW68CA,官嶼劃段,1080.00,都市：農,1,1,全筆移轉,03540000
RPXNMLLLJIHFFAW76CA,后宅測段,660.89,都市：其他:農業區、道路用地,1,1,全筆移轉,13050000
RPQNMLMLJIHFFAW88DA,后湖段,232.37,都市：農,1,1,全筆移轉,05830000
RPQNMLMLJIHFFAW88DA,后湖段,366.62,都市：農,1,1,全筆移轉,06330000
RPQNMLMLJIHFFAW88DA,東洲段,509.60,都市：農,1,1,全筆移轉,09960000
RPQNMLKKKIHFFAW68DA,中五劃段,10.09,都市：其他:國家公園區,1,1,全筆移轉,02240001
RPPNMLRLJIHFFAW66DA,金門城段,50.33,都市：其他:自然村用地,12,4,持分移轉,07400000
RPPNMLRLJIHFFAW66DA,金門城段,146.50,都市：其他:自然村用地,2,1,持分移轉,07590000
RPUNMLOJKIHFFAW66CA,東洲段,792.76,都市：農,1,1,全筆移轉,05370000
RPWNMLNJKIHFFAW76CA,青山段,62.94,都市：其他:自然村專用區,10000,1197,持分移轉,10350000
RPQNMLOJKIHFFAW88CA,后宅測段,418.83,都市：農,1,1,全筆移轉,02820000
RPRNMLOJKIHFFAW98CA,陽宅段,181.96,都市：農,1,1,全筆移轉,04110000
RPRNMLOJKIHFFAW98CA,陽宅段,176.62,都市：農,1,1,全筆移轉,04120000
RPVNMLNJKIHFFAW66CA,青山段,56.00,都市：其他:自然村專用區,10000,1065,持分移轉,10350000
RPSOMLNJKIHFFAW09CA,太湖劃測段,240.02,都市：農,1,1,全筆移轉,12440001
RPUNMLNJKIHFFAW56CA,青山段,56.00,都市：其他:自然村專用區,10000,1065,持分移轉,10350000
RPXNMLNJKIHFFAW86CA,青山段,57.00,都市：其他:自然村專用區,10000,1084,持分移轉,10350000
RPRNMLNJKIHFFAW88CA,小西門劃測段,1358.03,都市：農,1,1,全筆移轉,02240000
RPSNMLNJKIHFFAW98CA,東沙段,437.61,都市：其他:國家公園,1,1,全筆移轉,10170000
RPSNMLNJKIHFFAW98CA,東沙段,394.28,都市：其他:國家公園,1,1,全筆移轉,10180000
RPRNMLSLJIHFFAW86CA,煙墩段,612.33,都市：其他:保護區,1,1,全筆移轉,03670000
RPRNMLSLJIHFFAW86CA,煙墩段,880.70,都市：其他:保護區,1,1,全筆移轉,03700000
RPRNMLSLJIHFFAW86CA,煙墩段,884.63,都市：其他:保護區,1,1,全筆移轉,04310000
RPRNMLSLJIHFFAW86CA,煙墩段,789.58,都市：其他:保護區,1,1,全筆移轉,04950000
RPQNMLSLJIHFFAW76CA,安西劃段,781.16,都市：農,2,1,持分移轉,10630000
RPQNMLSLJIHFFAW76CA,安西劃段,781.16,都市：農,2,1,持分移轉,10630000
RPSNMLOJKIHFFAW09CA,陽宅段,284.67,都市：農,1,1,全筆移轉,04570000
RPSNMLOJKIHFFAW09CA,陽宅段,383.23,都市：農,1,1,全筆移轉,03910000
RPSNMLOJKIHFFAW09CA,陽宅段,246.66,都市：農,1,1,全筆移轉,06810000
RPTNMLOJKIHFFAW56CA,英坑段,565.57,都市：農,1,1,全筆移轉,11000000
RPTNMLOJKIHFFAW56CA,榮湖段,294.91,都市：農,1,1,全筆移轉,02980000
RPPNMLNJKIHFFAW78DA,前埔測段,445.48,都市：農,1,1,全筆移轉,00100000
RPPNMLSLJIHFFAW76DA,小西門劃測段,375.52,都市：住,1,1,全筆移轉,19170000
RPPNMLSLJIHFFAW76DA,小西門劃測段,302.55,都市：住,1,1,全筆移轉,22370000
RPQNMLPJKIHFFAW98CA,湖前段,69.14,都市：住,1,1,全筆移轉,04610027
RPQOMLMLKIHFFAW09DA,寧湖二劃測段,63.87,都市：其他:自然村專用區,1,1,全筆移轉,07510001
RPQOMLMLKIHFFAW09DA,寧湖二劃測段,93.18,都市：其他:自然村專用區,1,1,全筆移轉,07510005
RPPOMLMLKIHFFAW98DA,寧湖二劃測段,187.82,都市：其他:自然村專用區,1,1,全筆移轉,07510000
RPROMLMLKIHFFAW56DA,寧湖二劃測段,29.85,都市：其他:自然村專用區,1,1,全筆移轉,07510004
RPSOMLMLKIHFFAW66DA,寧湖二劃測段,83.86,都市：其他:自然村專用區,1,1,全筆移轉,07510003
RPTOMLMLKIHFFAW76DA,寧湖二劃測段,4.48,都市：其他:自然村專用區,1,1,全筆移轉,07510006
RPOOMLMLKIHFFAW88DA,北四劃段,653.00,都市：農,1,1,全筆移轉,05270000
RPSNMLOKKIHFFAW66DA,北堤段,60.00,都市：商,1,1,全筆移轉,04770000
RPVOMLMLKIHFFAW96DA,寧湖二劃測段,74.91,都市：其他:自然村專用區,1,1,全筆移轉,07510002
RPSNMLNKKIHFFAW56DA,機場段,350.02,都市：農,1,1,全筆移轉,12300000
RPPNMLQJKIHFFAW09DA,寧安四劃段,518.38,都市：農,1,1,全筆移轉,02720000
RPVNMLOJKIHFFAW76CA,中六劃段,820.00,都市：其他:國家公園區第二類一般管制區,1,1,全筆移轉,00680000
RPQNMLNJKIHFFAW78CA,西山段,966.12,都市：農,1,1,全筆移轉,09790000
RPOOMLNJKIHFFAW78DA,古崗村段,212.00,都市：其他:自然村專用區,1,1,全筆移轉,04310000
RPQOMLNJKIHFFAW98DA,青嶼測段,453.23,都市：農,1,1,全筆移轉,01940000
RPPNMLOJKIHFFAW78CA,湖前段,84.03,都市：住,1,1,全筆移轉,06280001
RPVNMLLKKIHFFAW56CA,湖前段,81.00,都市：住,1,1,全筆移轉,01400015
RPPNMLRKKIHFFAW56CA,后垵段,359.72,都市：農,1,1,全筆移轉,06150000
RPPNMLRKKIHFFAW56CA,后垵段,336.60,都市：農,1,1,全筆移轉,08000000
RPSNMLRKKIHFFAW86CA,中蘭劃測段,161.67,都市：農,6,1,持分移轉,04290000
RPSNMLRKKIHFFAW86CA,中蘭劃測段,161.67,都市：農,6,1,持分移轉,04290000
RPSNMLRKKIHFFAW86CA,中蘭劃測段,161.67,都市：農,6,1,持分移轉,04290000
RPSNMLRKKIHFFAW86CA,中蘭劃測段,163.33,都市：農,6,1,持分移轉,05500000
RPSNMLRKKIHFFAW86CA,中蘭劃測段,163.33,都市：農,6,1,持分移轉,05500000
RPSNMLRKKIHFFAW86CA,中蘭劃測段,163.33,都市：農,6,1,持分移轉,05500000
RPRNMLRKKIHFFAW76CA,碧山段,623.30,都市：農,1,1,全筆移轉,04280000
RPWNMLRKKIHFFAW27CA,寧湖二劃測段,515.34,都市：農,1,1,全筆移轉,05580000
RPXNMLLKKIHFFAW76CA,前水頭段,120.50,都市：其他:自然村專用區,6,1,持分移轉,02400000
RPPNMLLKKIHFFAW58CA,機場段,1000.00,都市：農,1,1,全筆移轉,09780005
RPPNMLLKKIHFFAW58CA,機場段,1000.00,都市：農,1,1,全筆移轉,09780006
RPQNMLKLKIHFFAW68CA,官嶼劃段,984.00,都市：農,1,1,全筆移轉,08350000
RPQNMLKLKIHFFAW68CA,官嶼劃段,16.00,都市：農,1,1,全筆移轉,08350001
RPRNMLKLKIHFFAW78CA,東面山測段,503.10,都市：住,1,1,全筆移轉,09160001
RPTNMLMKKIHFFAW09CA,寧湖三劃段,1000.00,都市：農,1,1,全筆移轉,00400000
RPQNMLLKKIHFFAW68CA,小徑段,47.00,都市：住,1,1,全筆移轉,10880000
RPUNMLMKKIHFFAW56CA,寧湖三劃段,293.00,都市：其他:農業區+道路用地,1,1,全筆移轉,02770001
RPUNMLMKKIHFFAW56CA,寧湖三劃段,1267.00,都市：農,1,1,全筆移轉,03190000
RPUNMLMKKIHFFAW56CA,寧湖三劃段,1000.00,都市：農,1,1,全筆移轉,03200000
RPUNMLMKKIHFFAW56CA,寧湖三劃段,1000.00,都市：其他:農業區+道路用地,1,1,全筆移轉,03210000
RPUNMLLKKIHFFAW09CA,東紅山段,553.36,都市：其他:國家公園,1,1,全筆移轉,04870000
RPRNMLTLJIHFFAW96CA,長寮段,753.56,都市：其他:自然村專用區,1,1,全筆移轉,04980000
RPRNMLTLJIHFFAW96CA,長寮段,624.48,都市：其他:自然村專用區,1,1,全筆移轉,05140000
RPRNMLTLJIHFFAW96CA,長寮段,558.86,都市：其他:自然村專用區,1,1,全筆移轉,05160000
RPPOMLNJKIHFFAW88DA,鎮西段,983.84,都市：農,1,1,全筆移轉,01840000
RPTNMLLKKIHFFAW09DA,機場段,465.32,都市：農,1,1,全筆移轉,09850000
RPTNMLLKKIHFFAW09DA,機場段,350.02,都市：農,1,1,全筆移轉,12300000
RPTNMLLKKIHFFAW09DA,機場段,838.37,都市：農,1,1,全筆移轉,12310000
RPRNMLKKKIHFFAW78DA,料羅段,46.00,都市：住,1,1,全筆移轉,13150001
RPRNMLKKKIHFFAW78DA,料羅段,7.00,都市：住,1,1,全筆移轉,13390001
RPUNMLOLKIHFFAW86CA,塔后段,573.02,都市：其他:保護區,1,1,全筆移轉,08980000
RPUNMLOLKIHFFAW86CA,塔后段,157.91,都市：其他:保護區,1,1,全筆移轉,08990000
RPWNMLLKKIHFFAW66CA,北五劃段,717.01,都市：其他:國家公園,1,1,全筆移轉,04440000
RPWNMLLKKIHFFAW66CA,北五劃段,70.21,都市：其他:道路用地,1,1,全筆移轉,04440001
RPWNMLRJKIHFFAW17CA,安西劃段,591.53,都市：農,1,1,全筆移轉,06790000
RPUNMLPLKIHFFAW07DA,寧湖三劃段,718.15,都市：農,1,1,全筆移轉,04230000
RPUNMLPLKIHFFAW07DA,寧湖三劃段,593.00,都市：農,1,1,全筆移轉,04230001
RPUNMLPLKIHFFAW07DA,寧湖二劃測段,388.29,都市：農,1,1,全筆移轉,11350000
RPXNMLRJKIHFFAW27CA,寧湖三劃段,1000.00,都市：農,1,1,全筆移轉,01870000
RPVNMLRJKIHFFAW17DA,新頭段,2730.27,都市：其他:自然村,1,1,全筆移轉,03700002
RPVNMLRJKIHFFAW17DA,新頭段,85.14,都市：其他:自然村,1,1,全筆移轉,03740000
RPVNMLRJKIHFFAW17DA,新頭段,155.03,都市：其他:自然村,1,1,全筆移轉,07370004
RPPNMLKKKIHFFAW48CA,寧湖三劃段,482.14,都市：農,1,1,全筆移轉,02520001
RPTNMLRJKIHFFAW96DA,高坑劃測段,567.02,都市：農,1,1,全筆移轉,08180000
RPQNMLMLKIHFFAW88CA,市港段,1042.79,都市：商,1,1,全筆移轉,00930000
RPRNMLMLKIHFFAW98CA,汶沙段,54.26,都市：住,2,1,持分移轉,15820000
RPRNMLMLKIHFFAW98CA,汶沙段,69.50,都市：住,2,1,持分移轉,15820002
RPRNMLMLKIHFFAW98CA,汶沙段,40.50,都市：住,2,1,持分移轉,15820003
RPPNMLMKKIHFFAW68CA,沙田劃段,1000.00,都市：農,1,1,全筆移轉,03740000
RPSNMLKLKIHFFAW88CA,寧安五劃段,1460.00,都市：農,1,1,全筆移轉,02230000
RPQOMLLKKIHFFAW78CA,祥安段,43.09,都市：住,6,1,持分移轉,04720000
RPPNMLNKKIHFFAW88DA,前水頭段,120.50,都市：住,6,1,持分移轉,02400000
RPPOMLLKKIHFFAW68CA,機場段,864.67,都市：其他:自然村專用區,1,1,全筆移轉,10780000
RPPOMLLKKIHFFAW68CA,機場段,1.02,都市：其他:自然村專用區、農業區,1,1,全筆移轉,10780001
RPPOMLLKKIHFFAW68CA,機場段,773.16,都市：其他:風景區,1,1,全筆移轉,11990000
RPTOMLOLKIHFFAW86CA,中蘭劃測段,490.01,都市：農,2,1,持分移轉,08340000
RPTOMLOLKIHFFAW86CA,中蘭劃測段,490.01,都市：農,2,1,持分移轉,08340000
RPROMLOLKIHFFAW66CA,中蘭劃測段,498.00,都市：農,1,1,全筆移轉,02730000
RPSNMLMKKIHFFAW09DA,前水頭段,120.50,都市：住,6,1,持分移轉,02400000
RPTNMLSKKIHFFAW17DA,大山頂測段,327.60,都市：其他:自然村,1,1,全筆移轉,02050000
RPQNMLNKKIHFFAW98DA,北五劃段,563.00,都市：農,1,1,全筆移轉,04340000
RPQNMLNKKIHFFAW98DA,北五劃段,98.88,都市：農,1,1,全筆移轉,04340006
RPRNMLPLKIHFFAW76DA,青山段,1273.96,都市：農,1,1,全筆移轉,10110001
RPQNMLPLKIHFFAW66DA,高坑劃測段,320.13,都市：農,1,1,全筆移轉,05100000
RPRNMLRJJHIFFAW66DA,古坵段,303.00,都市：農,1,1,全筆移轉,09120000
RPTNMLKLKIHFFAW98CA,榮湖段,199.00,都市：住,1,1,全筆移轉,10640000
RPRNMLSKKIHFFAW86CA,陳坑段,411.45,都市：農,1,1,全筆移轉,02000000
RPRNMLNKKIHFFAW98CA,夏興段,296.20,都市：其他:國家公園-特別景觀區,1,1,全筆移轉,08560000
RPRNMLNKKIHFFAW98CA,夏興段,1.92,都市：其他:國家公園-第二類一般管制區,1,1,全筆移轉,08560001
RPPNMLOKKIHFFAW88CA,烈濱劃測段,600.01,都市：農,1,1,全筆移轉,06700000
RPPNMLOKKIHFFAW88CA,烈濱劃測段,775.02,都市：農,1,1,全筆移轉,07420000
RPQNMLOKKIHFFAW98CA,后沙劃測段,596.44,都市：農,1,1,全筆移轉,02950001
RPQNMLOKKIHFFAW98CA,后沙劃測段,800.04,都市：農,1,1,全筆移轉,04440000
RPTNMLRKKIHFFAW96CA,太湖劃測段,1000.00,都市：農,1,1,全筆移轉,08640000
RPUNMLRKKIHFFAW07CA,太湖劃測段,1000.00,都市：農,1,1,全筆移轉,08650000
RPSNMLSKKIHFFAW96CA,湖東劃段,173.92,都市：農,1,1,全筆移轉,01300013
RPSNMLRJKIHFFAW86DA,沙溪一劃段,987.96,都市：農,1,1,全筆移轉,02610000
RPUNMLSKKIHFFAW17CA,寧安四劃段,393.06,都市：農,1,1,全筆移轉,02790000
RPVNMLSKKIHFFAW27CA,古塔段,967.87,都市：農,1,1,全筆移轉,01390000
RPQNMLSKKIHFFAW76CA,新市段,39.62,都市：商,2,1,持分移轉,09050000
RPVNMLKLKIHFFAW56CA,北五劃段,893.00,都市：農,1,1,全筆移轉,01990000
RPRNMLOKKIHFFAW09CA,湖前段,21.46,都市：住,14,1,持分移轉,05280021
RPRNMLOKKIHFFAW09CA,湖前段,84.00,都市：住,1,1,全筆移轉,05280022
RPPNMLLLKIHFFAW68CA,機場段,846.84,都市：農,1,1,全筆移轉,05600000
RPWNMLKLKIHFFAW76DA,寧湖一劃段,67.17,都市：住,3,1,持分移轉,02110000
RPQNMLLLKIHFFAW88DA,祥瑞段,14.07,都市：住,8,1,持分移轉,03450000
RPSNMLPLKIHFFAW86DA,前水頭段,23.00,都市：住,1,1,全筆移轉,02410001
RPTNMLPLKIHFFAW96DA,前水頭段,811.00,都市：住,1,1,全筆移轉,02410000
RPPNMLRJJHIFFAW09DA,水頭段,878.07,都市：其他:園家公園區,1,1,全筆移轉,10870000
RPPNMLOKJHIFFAW88DA,新頭段,345.23,都市：其他:自然村,1,1,全筆移轉,07550000
RPPOMLSKKIHFFAW76CA,青山段,57.00,都市：其他:自然村專用區,10000,1084,持分移轉,10350000
RPUNMLKLKIHFFAW09CA,陽宅段,436.68,都市：住,1,1,全筆移轉,04080000
RPQNMLOKJHIFFAW98DA,新頭段,318.29,都市：其他:自然村,1,1,全筆移轉,07460000
RPQNMLOKJHIFFAW98DA,新頭段,192.77,都市：其他:自然村,1,1,全筆移轉,07530000
RPXNMLSKKIHFFAW47CA,旗牌段,574.29,都市：其他:公園用地,1,1,全筆移轉,03650000
RPXNMLSKKIHFFAW47CA,旗牌段,135.15,都市：其他:道路用地,1,1,全筆移轉,03650001
RPXNMLSKKIHFFAW47CA,旗牌段,226.15,都市：住,1,1,全筆移轉,03650002
RPXNMLSKKIHFFAW47CA,旗牌段,73.03,都市：其他:公園用地,1,1,全筆移轉,03660000
RPXNMLSKKIHFFAW47CA,旗牌段,103.36,都市：其他:道路用地,1,1,全筆移轉,03660001
RPXNMLSKKIHFFAW47CA,旗牌段,28.15,都市：住,1,1,全筆移轉,03660002
RPXNMLSKKIHFFAW47CA,旗牌段,347.45,都市：住,1,1,全筆移轉,03670000
RPXNMLSKKIHFFAW47CA,旗牌段,105.25,都市：其他:道路用地,1,1,全筆移轉,03670001
RPXNMLSKKIHFFAW47CA,旗牌段,16.72,都市：其他:公園用地,1,1,全筆移轉,03670002
RPXNMLSKKIHFFAW47CA,旗牌段,.37,都市：其他:市場用地,1,1,全筆移轉,03670003
RPXNMLSKKIHFFAW47CA,旗牌段,213.43,都市：其他:道路用地,1,1,全筆移轉,03670004
RPXNMLSKKIHFFAW47CA,旗牌段,70.98,都市：住,1,1,全筆移轉,03670005
RPXNMLSKKIHFFAW47CA,旗牌段,7.17,都市：住,1,1,全筆移轉,03670006
RPOOMLSKKIHFFAW66CA,青山段,57.00,都市：其他:自然村專用區,10000,1084,持分移轉,10350000
RPQOMLSKKIHFFAW86CA,青山段,56.00,都市：其他:自然村專用區,10000,1065,持分移轉,10350000
RPWNMLSKKIHFFAW37CA,寧安四劃段,540.00,都市：農,1,1,全筆移轉,02060000
RPRNMLQLKIHFFAW76CA,鵲山段,21092.75,都市：其他:風景區、保護區,1,1,全筆移轉,04560004
RPPNMLSKKIHFFAW76DA,金門城段,320.00,都市：其他:自然村,1,1,全筆移轉,08780000
RPPNMLOJJHIFFAW78DA,北九劃段,426.11,都市：住,1,1,全筆移轉,14070000
RPPNMLOJJHIFFAW78DA,北九劃段,97.30,都市：其他:道路用地,1,1,全筆移轉,14070001
RPPNMLOJJHIFFAW78DA,北九劃段,47.09,都市：住,1,1,全筆移轉,14070003
RPXOMLMLKIHFFAW17DA,延平段,30.82,都市：其他:自然村,3,1,持分移轉,10460000
RPXOMLMLKIHFFAW17DA,延平段,24.25,都市：其他:自然村,18,1,持分移轉,10450000
RPXNMLKLKIHFFAW76CA,鎮西段,454.67,都市：農,2,1,持分移轉,00700000
RPXNMLKLKIHFFAW76CA,鎮西段,454.67,都市：農,2,1,持分移轉,00700000
RPXNMLKLKIHFFAW76CA,鎮西段,22.01,都市：其他:道路用地,2,1,持分移轉,00700001
RPXNMLKLKIHFFAW76CA,鎮西段,22.01,都市：其他:道路用地,2,1,持分移轉,00700001
RPXNMLKLKIHFFAW76CA,鎮西段,70.36,都市：其他:道路用地,2,1,持分移轉,00790002
RPXNMLKLKIHFFAW76CA,鎮西段,70.36,都市：其他:道路用地,2,1,持分移轉,00790002
RPXNMLKLKIHFFAW76CA,鎮西段,6.79,都市：農,2,1,持分移轉,00790004
RPXNMLKLKIHFFAW76CA,鎮西段,6.79,都市：農,2,1,持分移轉,00790004
RPQNMLPKJHIFFAW09DA,石牌段,1114.48,都市：農,1,1,全筆移轉,00400000
RPQNMLQLKIHFFAW76DA,水頭段,447.66,都市：農,1,1,全筆移轉,01930000
RPQNMLQLKIHFFAW76DA,水頭段,7.15,都市：其他:道路,1,1,全筆移轉,01930001
RPPNMLPLKIHFFAW09CA,鵲山段,800.02,都市：農,1,1,全筆移轉,00540000
RPPNMLMLKIHFFAW88DA,北五劃段,476.50,都市：農,2,1,持分移轉,04970000
RPUOMLMLKIHFFAW76CA,燕南山段,613.16,都市：其他:機關用地,1,1,全筆移轉,06480000
RPWOMLMLKIHFFAW96CA,燕南山段,398.39,都市：農,3,1,持分移轉,06590000
RPWOMLMLKIHFFAW96CA,燕南山段,398.39,都市：農,3,1,持分移轉,06590000
RPWOMLMLKIHFFAW96CA,燕南山段,398.39,都市：農,3,1,持分移轉,06590000
RPWOMLMLKIHFFAW96CA,燕南山段,67.96,都市：其他:農業區及機關用地,3,1,持分移轉,06700000
RPWOMLMLKIHFFAW96CA,燕南山段,67.96,都市：其他:農業區及機關用地,3,1,持分移轉,06700000
RPWOMLMLKIHFFAW96CA,燕南山段,67.96,都市：其他:農業區及機關用地,3,1,持分移轉,06700000
RPXNMLOLKIHFFAW17CA,沙田劃段,880.00,都市：其他:保護區,1,1,全筆移轉,03910000
RPQOMLOLKIHFFAW56CA,北堤段,12.95,都市：住,10000,216,持分移轉,01060000
RPQOMLOLKIHFFAW56CA,北堤段,2.19,都市：住,10000,216,持分移轉,01070000
RPQOMLOLKIHFFAW56CA,北堤段,.99,都市：住,10000,216,持分移轉,01080000
RPTNMLOLKIHFFAW76CA,西山段,865.64,都市：農,1,1,全筆移轉,01580000
RPOPMLMLKIHFFAW88CA,沙港劃段,1000.02,都市：農,1,1,全筆移轉,03460000
RPOPMLMLKIHFFAW88CA,沙港劃段,1000.04,都市：農,1,1,全筆移轉,03570000
RPOPMLMLKIHFFAW88CA,沙港劃段,1000.00,都市：農,1,1,全筆移轉,03760000
RPOPMLMLKIHFFAW88CA,沙港劃段,1000.01,都市：農,1,1,全筆移轉,03870000
RPVNMLPLKIHFFAW07CA,士校段,629.21,都市：其他:,1,1,全筆移轉,00840002
RPVNMLPLKIHFFAW07CA,士校段,628.75,都市：其他:,1,1,全筆移轉,00850001
RPSNMLQLKIHFFAW86CA,鵲山段,5799.95,都市：其他:風景區,1,1,全筆移轉,04560003
RPOOMLOLKIHFFAW09DA,后宅測段,216.59,都市：農,1,1,全筆移轉,10320001
RPPOMLOLKIHFFAW56DA,沙溪一劃段,1080.64,都市：農,1,1,全筆移轉,00480000
RPPOMLOLKIHFFAW56DA,沙溪一劃段,840.00,都市：農,1,1,全筆移轉,01050000
RPRNMLQJJHIFFAW09CA,赤岑段,135.27,都市：其他:,1,1,全筆移轉,00490001
RPPNMLNJJHIFFAW58CA,中一段,390.93,都市：農,3,2,持分移轉,05280000
RPPNMLNJJHIFFAW58CA,中一段,194.13,都市：農,3,2,持分移轉,05280001
RPPNMLNJJHIFFAW58CA,中一段,23.85,都市：農,3,2,持分移轉,05280002
RPPNMLNJJHIFFAW58CA,中一段,172.76,都市：農,144,84,持分移轉,05940000
RPPNMLNJJHIFFAW58CA,中一段,367.22,都市：農,144,84,持分移轉,05940001
RPPNMLNJJHIFFAW58CA,中一段,4.10,都市：農,144,84,持分移轉,05940002
RPPNMLNJJHIFFAW58CA,中一段,16.09,都市：農,144,84,持分移轉,05940003
RPQNMLTJJHIFFAW66CA,寧湖一劃段,130.47,都市：住,1,1,全筆移轉,00230006
RPPNMLQJJHIFFAW88CA,北二三劃測段,1000.00,都市：農,1,1,全筆移轉,04090000
RPQOMLPKJHIFFAW09CA,寧湖三劃段,45.11,都市：農,12,9,持分移轉,03930000
RPQOMLPKJHIFFAW09CA,寧湖三劃段,55.94,都市：農,12,9,持分移轉,03930007
RPQOMLPKJHIFFAW09CA,寧湖三劃段,330.61,都市：農,12,9,持分移轉,03930014
RPQOMLPKJHIFFAW09CA,寧湖三劃段,22.31,都市：其他:保護區,12,9,持分移轉,03940000
RPQOMLPKJHIFFAW09CA,寧湖三劃段,9.32,都市：其他:保護區,12,9,持分移轉,03940002
RPQOMLPKJHIFFAW09CA,寧湖三劃段,17.00,都市：其他:保護區,12,9,持分移轉,03940007
RPPOMLPKJHIFFAW98CA,寧湖三劃段,92.74,都市：農,1,1,全筆移轉,03930011
RPPOMLPKJHIFFAW98CA,寧湖三劃段,18.02,都市：其他:保護區,1,1,全筆移轉,03940005
RPRNMLTJJHIFFAW76CA,寧湖一劃段,123.11,都市：住,1,1,全筆移轉,00230005
RPQNMLLKJHIFFAW58CA,北一段,12.60,都市：農,30000,564,持分移轉,00230000
RPQNMLLKJHIFFAW58CA,北一段,2.71,都市：農,30000,564,持分移轉,00230002
RPQNMLRJJHIFFAW09CA,寧湖一劃段,500.00,都市：其他:自然村專用區,2,1,持分移轉,03180000
RPRNMLLKJHIFFAW68CA,北一段,12.60,都市：農,30000,564,持分移轉,00230000
RPRNMLLKJHIFFAW68CA,北一段,2.71,都市：農,30000,564,持分移轉,00230002
RPOOMLQLKIHFFAW56CA,羅劃測段,152.57,都市：其他:自然村專用區,10000,1918,持分移轉,02240000
RPOOMLQLKIHFFAW56CA,羅劃測段,.35,都市：其他:自然村專用區,10000,1918,持分移轉,02240003
RPPOMLSKJHIFFAW66CA,新頭段,194.27,都市：住,1,1,全筆移轉,07350024
RPXNMLQLKIHFFAW37CA,羅劃測段,152.57,都市：其他:自然村專用區,10000,1918,持分移轉,02240000
RPXNMLQLKIHFFAW37CA,羅劃測段,.35,都市：其他:自然村專用區,10000,1918,持分移轉,02240003
RPOOMLSKJHIFFAW56CA,新市段,18.22,都市：商,4,1,持分移轉,02530000
RPPOMLQLKIHFFAW66CA,羅劃測段,122.58,都市：其他:自然村專用區,10000,1541,持分移轉,02240000
RPPOMLQLKIHFFAW66CA,羅劃測段,.28,都市：其他:自然村專用區,10000,1541,持分移轉,02240003
RPRNMLOLJHIFFAW09CA,北一段,7.17,都市：農,30000,321,持分移轉,00230000
RPRNMLOLJHIFFAW09CA,北一段,1.54,都市：農,30000,321,持分移轉,00230002
RPTNMLOLJHIFFAW66CA,北一段,7.17,都市：農,30000,321,持分移轉,00230000
RPTNMLOLJHIFFAW66CA,北一段,1.54,都市：農,30000,321,持分移轉,00230002
RPQOMLSKJHIFFAW76CA,新頭段,158.02,都市：住,1,1,全筆移轉,07350015
RPUNMLOLJHIFFAW76CA,北一段,7.17,都市：農,30000,321,持分移轉,00230000
RPUNMLOLJHIFFAW76CA,北一段,1.54,都市：農,30000,321,持分移轉,00230002
RPVNMLOLJHIFFAW86CA,北一段,7.17,都市：農,30000,321,持分移轉,00230000
RPVNMLOLJHIFFAW86CA,北一段,1.54,都市：農,30000,321,持分移轉,00230002
RPPNMLRLKIHFFAW66CA,汶沙段,110.00,都市：住,1,1,全筆移轉,16850000
RPSOMLQLKIHFFAW96CA,羅劃測段,122.58,都市：其他:自然村專用區,10000,1541,持分移轉,02240000
RPSOMLQLKIHFFAW96CA,羅劃測段,.28,都市：其他:自然村專用區,10000,1541,持分移轉,02240003
RPSNMLQJJHIFFAW56CA,北一段,503.31,都市：農,1,1,全筆移轉,05580000
RPWNMLQLKIHFFAW27CA,榮湖段,173.47,都市：其他:機關用地,1,1,全筆移轉,08970000
RPQOMLQLKIHFFAW76CA,羅劃測段,122.58,都市：其他:自然村專用區,10000,1541,持分移轉,02240000
RPQOMLQLKIHFFAW76CA,羅劃測段,.28,都市：其他:自然村專用區,10000,1541,持分移轉,02240003
RPROMLQLKIHFFAW86CA,羅劃測段,122.58,都市：其他:自然村專用區,10000,1541,持分移轉,02240000
RPROMLQLKIHFFAW86CA,羅劃測段,.28,都市：其他:自然村專用區,10000,1541,持分移轉,02240003
RPROMLSKJHIFFAW86CA,新頭段,194.27,都市：住,1,1,全筆移轉,07350025
RPPNMLLKJHIFFAW48CA,寧劃段,789.94,都市：農,1,1,全筆移轉,12580000
RPOOMLQKJHIFFAW98CA,寧湖一劃段,126.19,都市：住,1,1,全筆移轉,00230002
RPQNMLSKJHIFFAW66CA,榮湖段,541.17,都市：農,1,1,全筆移轉,01230000
RPPNMLSKJHIFFAW56CA,英坑段,546.38,都市：農,1,1,全筆移轉,11060000
RPVNMLQLKIHFFAW17CA,沙港劃段,1000.07,都市：農,1,1,全筆移轉,06600000
RPVNMLQLKIHFFAW17CA,沙港劃段,1000.09,都市：農,1,1,全筆移轉,08980000
RPVNMLQLKIHFFAW17CA,榮湖段,1000.21,都市：農,1,1,全筆移轉,01670000
RPUNMLQLKIHFFAW07CA,北八劃段,1000.00,都市：農,1,1,全筆移轉,01050000
RPPOMLQKJHIFFAW09CA,寧湖一劃段,149.96,都市：住,1,1,全筆移轉,00230004
RPRNMLSKJHIFFAW76CA,英坑段,666.80,都市：農,1,1,全筆移轉,08940000
RPSNMLSKJHIFFAW86CA,英坑段,207.69,都市：農,1,1,全筆移轉,08860000
RPWNMLQKJHIFFAW07CA,寧湖一劃段,133.57,都市：住,1,1,全筆移轉,00230001
RPXNMLQKJHIFFAW17CA,寧湖一劃段,126.12,都市：住,1,1,全筆移轉,00230003
RPVNMLSKJHIFFAW17CA,英坑段,566.61,都市：農,1,1,全筆移轉,10930000
RPTNMLRJJHIFFAW76CA,金門城段,52.50,都市：其他:自然村專用區,6,1,持分移轉,07560000
RPPNMLSLKIHFFAW86DA,寧湖三劃段,1000.00,都市：農,1,1,全筆移轉,02020000
RPQNMLSJJHIFFAW56CA,夏興段,853.00,都市：住,1,1,全筆移轉,12760000
RPTNMLQJJHIFFAW66CA,寧湖三劃段,1000.00,都市：農,1,1,全筆移轉,06890000
RPUNMLSKJHIFFAW07CA,榮湖段,170.10,都市：農,1,1,全筆移轉,02070000
RPWNMLSKJHIFFAW27CA,英坑段,507.55,都市：農,1,1,全筆移轉,10850000
RPPNMLMJJHIFFAW48CA,夏墅村段,137.00,都市：住,1,1,全筆移轉,00010002
RPPNMLMJJHIFFAW48CA,夏墅村段,47.00,都市：其他:道路用地,1,1,全筆移轉,00010004
RPRNMLNJJHIFFAW88DA,寧湖六劃段,1000.00,都市：農,1,1,全筆移轉,00910000
RPUOMLRJJHIFFAW96CA,西堡劃測段,666.67,都市：農,1,1,全筆移轉,05400000
RPWNMLRKJHIFFAW17CA,中三劃測段,583.94,都市：農,5,4,持分移轉,06740000
RPWNMLRKJHIFFAW17CA,中三劃測段,583.86,都市：農,5,4,持分移轉,06750000
RPWNMLRKJHIFFAW17CA,中三劃測段,583.75,都市：農,5,4,持分移轉,06760000
RPWNMLRKJHIFFAW17CA,中三劃測段,583.86,都市：農,5,4,持分移轉,06770000
RPWNMLRKJHIFFAW17CA,中三劃測段,584.02,都市：農,5,4,持分移轉,06780000
RPUNMLRKJHIFFAW07DA,祥瑞段,30.71,都市：住,2,1,持分移轉,00270000
RPUNMLRKJHIFFAW07DA,祥瑞段,4.18,都市：住,25080,350,持分移轉,00310000
RPTOMLRJJHIFFAW86CA,鎮西段,498.97,都市：農,1,1,全筆移轉,00690000
RPTOMLRJJHIFFAW86CA,鎮西段,89.32,都市：其他:道路用地,1,1,全筆移轉,00690001
RPQNMLNJJHIFFAW78DA,寧湖三劃段,1220.00,都市：農,1,1,全筆移轉,02840000
RPQNMLOJJHIFFAW88DA,青嶼段,151.50,都市：住,2,1,持分移轉,09270000
RPRNMLOJJHIFFAW88CA,瓊林段,433.93,都市：農,1,1,全筆移轉,03310000
RPPNMLPLJHIFFAW09DA,新市段,5.70,都市：住,10000,95,持分移轉,01220000
RPTNMLSKJHIFFAW07DA,湖前段,200.76,都市：其他:自然村專用區,1,1,全筆移轉,09330000
RPTNMLSKJHIFFAW07DA,湖前段,96.64,都市：其他:道路用地,1,1,全筆移轉,09330001
RPSOMLRJJHIFFAW76CA,北一段,1004.74,都市：農,1,1,全筆移轉,05730000
RPRNMLSJJHIFFAW66CA,擎天段,349.00,都市：住,1,1,全筆移轉,13680000
RPROMLRJJHIFFAW66CA,水頭段,409.04,都市：農,1,1,全筆移轉,02470000
RPROMLRJJHIFFAW66CA,水頭段,14.11,都市：其他:道路用地,1,1,全筆移轉,02470001
RPSNMLTJJHIFFAW86CA,瓊林段,514.36,都市：農,1,1,全筆移轉,01630000
RPSNMLSJJHIFFAW76CA,斗門劃測段,1217.89,都市：農,1,1,全筆移轉,00030000
RPUNMLRJJHIFFAW86CA,汶沙段,120.00,都市：其他:社教用地,1,1,全筆移轉,13720000
RPQOMLQJKHIFFAW66DA,士校段,206.11,都市：其他:國家公園區,1,1,全筆移轉,07900005
RPPNMLQLJHIFFAW09CA,寧北一劃段,227.00,都市：農,1,1,全筆移轉,03340006
RPQNMLSLJHIFFAW76CA,天后宮段,180.64,都市：住,1,1,全筆移轉,03630000
RPQNMLKKJHIFFAW48CA,中蘭劃測段,490.02,都市：農,2,1,持分移轉,04620000
RPQNMLKKJHIFFAW48CA,中蘭劃測段,490.02,都市：農,2,1,持分移轉,04620000
RPQNMLKKJHIFFAW48CA,中蘭劃測段,490.04,都市：農,2,1,持分移轉,04740000
RPQNMLKKJHIFFAW48CA,中蘭劃測段,490.04,都市：農,2,1,持分移轉,04740000
RPQNMLQLJHIFFAW56CA,擎天段,683.00,都市：農,1,1,全筆移轉,15100000
RPQNMLQLJHIFFAW56CA,浦邊測段,398.53,都市：農,1,1,全筆移轉,06240000
RPROMLPKJHIFFAW56CA,寧湖三劃段,500.00,都市：農,2,1,持分移轉,02140000
RPRNMLKKJHIFFAW68DA,東珩段,1760.19,都市：農,1,1,全筆移轉,04890000
RPSNMLKKJHIFFAW78DA,中二劃段,1000.00,都市：農,1,1,全筆移轉,02000000
RPUNMLKKJHIFFAW88CA,青山段,1119.80,都市：農,1,1,全筆移轉,01560000
RPTNMLSJJHIFFAW96DA,旗牌段,755.50,都市：農,2,1,持分移轉,02380000
RPUNMLPJKHIFFAW86DA,湖前段,63.00,都市：其他:自然村,1,1,全筆移轉,14030000
RPQNMLQKJHIFFAW09CA,峰上段,1837.75,都市：農,1,1,全筆移轉,03720000
RPQNMLQKJHIFFAW09CA,峰上段,273.87,都市：農,1,1,全筆移轉,06450000
RPXNMLSKJHIFFAW37CA,后豐港段,914.00,都市：農,1,1,全筆移轉,05830000
RPSOMLPKJHIFFAW66CA,寧安四劃段,1000.00,都市：農,1,1,全筆移轉,05910000
RPVNMLSJJHIFFAW17DA,北二三劃測段,885.17,都市：農,1,1,全筆移轉,02080000
RPPNMLKKJHIFFAW38CA,古坵段,494.00,都市：農,1,1,全筆移轉,06350000
RPPNMLTJJHIFFAW66DA,小西門劃測段,164.83,都市：其他:自然村專用區,1,1,全筆移轉,01510007
RPPNMLTJJHIFFAW66DA,小西門劃測段,41.22,都市：其他:自然村專用區,10,1,持分移轉,01510011
RPTNMLRKJHIFFAW86CA,祥瑞段,23.03,都市：住,30,1,持分移轉,05510000
RPRNMLQKJHIFFAW56CA,峰上段,504.04,都市：農,1,1,全筆移轉,05290000
RPSNMLNLJHIFFAW09CA,中一段,346.70,都市：住,1,1,全筆移轉,04080000
RPSNMLNLJHIFFAW09CA,中一段,409.58,都市：其他:道路用地,1,1,全筆移轉,04080001
RPSNMLNLJHIFFAW09CA,中一段,139.46,都市：住,1,1,全筆移轉,04080002
RPSNMLNLJHIFFAW09CA,中一段,91.24,都市：住,1,1,全筆移轉,04080003
RPSNMLNLJHIFFAW09CA,中一段,5.75,都市：住,1,1,全筆移轉,04080004
RPTNMLQLJHIFFAW86CA,歐厝段,919.32,都市：農,1,1,全筆移轉,03060000
RPUNMLQLJHIFFAW96CA,歐厝段,664.15,都市：農,1,1,全筆移轉,03610000
RPUNMLQLJHIFFAW96CA,歐厝段,566.73,都市：農,1,1,全筆移轉,08080000
RPSNMLKLJHIFFAW78CA,沙田劃段,880.00,都市：其他:保護區,1,1,全筆移轉,03910000
RPRNMLKMJHIFFAW78CA,北堤段,12.20,都市：商,5,1,持分移轉,06140000
RPRNMLKMJHIFFAW78CA,北堤段,1.42,都市：商,5,1,持分移轉,06150000
RPUOMLPKJHIFFAW86CA,延平段,984.65,都市：農,1,1,全筆移轉,03280000
RPVOMLQJKHIFFAW17DA,寧山段,463.49,都市：農,1,1,全筆移轉,00240000
RPVOMLQJKHIFFAW17DA,寧山段,915.93,都市：農,1,1,全筆移轉,05090000
RPOPMLPLJHIFFAW56DA,祥瑞段,329.06,都市：其他:道路用地,1,1,全筆移轉,08540000
RPRNMLOKJHIFFAW09DA,中蘭劃測段,412.52,都市：農,2,1,持分移轉,04350000
RPTOMLQJKHIFFAW96DA,寧湖二劃測段,667.42,都市：農,1,1,全筆移轉,01980000
RPTNMLKLJHIFFAW88CA,金城劃段,34.84,都市：住,2,1,持分移轉,01540007
RPTNMLKLJHIFFAW88CA,金城劃段,7.16,都市：住,2,1,持分移轉,01540020
RPTNMLKLJHIFFAW88CA,金城劃段,13.14,都市：住,2,1,持分移轉,01540022
RPWNMLOLJHIFFAW96CA,沙港劃段,1000.11,都市：農,1,1,全筆移轉,09400000
RPSNMLQKJHIFFAW66CA,峰上段,502.42,都市：農,1,1,全筆移轉,04570000
RPRNMLNLJHIFFAW98CA,中一段,413.31,都市：住,1,1,全筆移轉,04210000
RPRNMLNLJHIFFAW98CA,中一段,205.64,都市：其他:道路用地,1,1,全筆移轉,04210001
RPRNMLNLJHIFFAW98CA,中一段,371.74,都市：住,1,1,全筆移轉,04210002
RPQNMLLJKHIFFAW58CA,北堤段,36.61,都市：商,5,3,持分移轉,06140000
RPQNMLLJKHIFFAW58CA,北堤段,4.25,都市：商,5,3,持分移轉,06150000
RPUNMLLMJHIFFAW56CA,歐厝段,786.54,都市：農,1,1,全筆移轉,08460000
RPSNMLKMJHIFFAW88CA,北堤段,12.20,都市：商,5,1,持分移轉,06140000
RPSNMLKMJHIFFAW88CA,北堤段,1.42,都市：商,5,1,持分移轉,06150000
RPVNMLLMJHIFFAW66CA,后湖段,476.06,都市：農,1,1,全筆移轉,09070000
RPXNMLOLJHIFFAW07CA,榮湖段,691.68,都市：其他:公園用地/道路用地,1,1,全筆移轉,09780000
RPUNMLKLJHIFFAW98CA,榮湖段,146.49,都市：農,1,1,全筆移轉,02550000
RPUNMLKLJHIFFAW98CA,榮湖段,183.22,都市：農,1,1,全筆移轉,03910000
RPTOMLPKJHIFFAW76CA,湖下村段,205.00,都市：其他:自然村專用區,1,1,全筆移轉,03070000
RPVNMLKLJHIFFAW09CA,新頭段,240.96,都市：住,1,1,全筆移轉,07420000
RPUOMLQJKHIFFAW07DA,寧湖二劃測段,642.08,都市：農,3,2,持分移轉,03010000
RPUOMLQJKHIFFAW07DA,寧湖二劃測段,64.59,都市：其他:道路,3,2,持分移轉,03010001
RPSNMLRKJHIFFAW76CA,青山段,1166.44,都市：農,1,1,全筆移轉,11490000
RPSNMLRKJHIFFAW76CA,青山段,348.67,都市：農,1,1,全筆移轉,11660000
RPSNMLRKJHIFFAW76CA,中三劃測段,702.39,都市：農,1,1,全筆移轉,06870000
RPSNMLRKJHIFFAW76CA,中三劃測段,30.61,都市：農,1,1,全筆移轉,06870001
RPPNMLNLJHIFFAW78CA,湖前段,100.67,都市：住,1,1,全筆移轉,06240005
RPVNMLQLJHIFFAW07CA,北一段,503.31,都市：農,1,1,全筆移轉,05580000
RPPNMLRKJHIFFAW09CA,中三劃測段,752.70,都市：農,1,1,全筆移轉,05810000
RPWNMLLJKHIFFAW56CA,北八劃段,1000.00,都市：其他:風景區,1,1,全筆移轉,01000000
RPQNMLRKJHIFFAW56CA,烈濱劃測段,771.00,都市：農,1,1,全筆移轉,06630000
RPUNMLLJKHIFFAW98CA,城南段,4.79,都市：商,1,1,全筆移轉,00060000
RPUNMLLJKHIFFAW98CA,城南段,13.73,都市：商,1,1,全筆移轉,00070000
RPVOMLLJKHIFFAW56CA,山西段,445.51,都市：其他:自然村專用區,1,1,全筆移轉,09060000
RPPQMLOJKHIFFAW09CA,新市段,28.50,都市：住,20,1,持分移轉,01230000
RPROMLKMJHIFFAW98DA,旗牌段,140.50,都市：農,1,1,全筆移轉,02880004
RPTOMLKMJHIFFAW56DA,旗牌段,140.50,都市：農,1,1,全筆移轉,02880005
RPVNMLLJKHIFFAW09CA,北八劃段,1000.00,都市：其他:風景區,1,1,全筆移轉,01160000
RPVNMLLJKHIFFAW09CA,北八劃段,1000.00,都市：其他:風景區,1,1,全筆移轉,01330000
RPVNMLOJKHIFFAW76CA,祥豐段,27.60,都市：住,20,1,持分移轉,00380000
RPWNMLOJKHIFFAW86CA,祥豐段,27.60,都市：住,20,1,持分移轉,00380000
RPXNMLOJKHIFFAW96CA,祥豐段,27.60,都市：住,20,1,持分移轉,00380000
RPUNMLOJKHIFFAW66CA,祥豐段,27.60,都市：住,20,1,持分移轉,00380000
RPOOMLOJKHIFFAW78CA,祥豐段,27.60,都市：住,20,1,持分移轉,00380000
RPPOMLOJKHIFFAW88CA,祥豐段,27.60,都市：住,20,1,持分移轉,00380000
RPQOMLOJKHIFFAW98CA,祥豐段,27.60,都市：住,20,1,持分移轉,00380000
RPROMLOJKHIFFAW09CA,祥豐段,27.60,都市：住,20,1,持分移轉,00380000
RPSOMLOJKHIFFAW56CA,祥豐段,27.60,都市：住,20,1,持分移轉,00380000
RPUOMLOJKHIFFAW76CA,祥豐段,27.60,都市：住,20,1,持分移轉,00380000
RPTOMLOJKHIFFAW66CA,祥豐段,27.60,都市：住,20,1,持分移轉,00380000
RPRNMLQLJHIFFAW66CA,蔡厝劃測段,261.02,都市：農,1,1,全筆移轉,00340000
RPSNMLQLJHIFFAW76CA,大山段,980.27,都市：農,1,1,全筆移轉,05660000
RPPNMLSLJHIFFAW76DA,安西劃段,861.41,都市：農,1,1,全筆移轉,06460000
RPVNMLRKJHIFFAW17DA,山西段,712.67,都市：農,1,1,全筆移轉,02320000
RPVNMLRKJHIFFAW17DA,山西段,304.29,都市：農,1,1,全筆移轉,03050000
RPVNMLRKJHIFFAW17DA,山西段,431.66,都市：農,1,1,全筆移轉,03300000
RPRNMLPLJHIFFAW66DA,碧山段,337.75,都市：其他:自然村住宅區,4,1,持分移轉,15220000
RPRPMLOJKHIFFAW56CA,祥豐段,27.60,都市：住,20,1,持分移轉,00380000
RPROMLLLKHIFFAW09DA,湖前段,21.18,都市：商,10000,455,持分移轉,01390000
RPROMLLLKHIFFAW09DA,湖前段,.68,都市：住,10000,455,持分移轉,01390004
RPWOMLPLJHIFFAW17CA,昔果山段,242.00,都市：其他:自然村專用區,1,1,全筆移轉,00760000
RPXNMLTLJHIFFAW57CA,后豐港段,695.00,都市：農,1,1,全筆移轉,05450000
RPOOMLTLJHIFFAW76CA,沙碧劃段,472.00,都市：農,1,1,全筆移轉,01910000
RPOOMLTLJHIFFAW76CA,沙碧劃段,314.00,都市：農,1,1,全筆移轉,01930000
RPVOMLOJKHIFFAW86CA,祥豐段,27.60,都市：住,20,1,持分移轉,00380000
RPSPMLOJKHIFFAW66CA,漁村段,74.90,都市：住,10000,797,持分移轉,01050003
RPVOMLPLJHIFFAW07CA,煙墩段,1031.89,都市：其他:自然村專用區,1,1,全筆移轉,10070000
RPOPMLOJKHIFFAW88CA,祥豐段,27.60,都市：住,20,1,持分移轉,00380000
RPPOMLTLJHIFFAW86CA,后宅測段,660.89,都市：農,1,1,全筆移轉,13050000
RPXOMLOJKHIFFAW07CA,祥豐段,27.60,都市：住,20,1,持分移轉,00380000
RPQPMLOJKHIFFAW09CA,祥豐段,27.60,都市：住,20,1,持分移轉,00380000
RPPPMLOJKHIFFAW98CA,祥豐段,27.60,都市：住,20,1,持分移轉,00380000
RPUNMLNLJHIFFAW66CA,寧湖二劃測段,674.99,都市：農,2,1,持分移轉,12340000
RPUNMLNLJHIFFAW66CA,寧湖二劃測段,674.99,都市：農,2,1,持分移轉,12340000
RPUNMLNLJHIFFAW66CA,寧湖二劃測段,243.78,都市：農,2,1,持分移轉,12890000
RPUNMLNLJHIFFAW66CA,寧湖二劃測段,243.78,都市：農,2,1,持分移轉,12890000
RPWOMLOJKHIFFAW96CA,祥豐段,27.60,都市：住,20,1,持分移轉,00380000
RPSOMLLJKHIFFAW88CA,蔡厝劃測段,1180.22,都市：農,1,1,全筆移轉,01950000
RPSNMLPLJHIFFAW76DA,碧山段,337.75,都市：其他:自然村住宅區,4,1,持分移轉,15220000
RPXOMLPLJHIFFAW27CA,寧安四劃段,1333.33,都市：農,1,1,全筆移轉,02570000
RPPPMLPLJHIFFAW66DA,官嶼劃段,984.00,都市：農,1,1,全筆移轉,07820000
RPPPMLPLJHIFFAW66DA,官嶼劃段,16.00,都市：農,1,1,全筆移轉,07820001
RPROMLPLJHIFFAW66CA,安西劃段,419.37,都市：農,1,1,全筆移轉,06730000
RPQOMLPLJHIFFAW56CA,寧安二劃段,667.00,都市：農,1,1,全筆移轉,01830000
RPSOMLPLJHIFFAW76CA,長寮段,599.20,都市：其他:農業區/道路用地,2,1,持分移轉,14100000
RPUOMLPLJHIFFAW96CA,北一段,14.33,都市：農,6,1,持分移轉,03460000
RPUOMLPLJHIFFAW96CA,延平段,126.02,都市：其他:農業區/道路用地,6,1,持分移轉,06730000
RPUOMLPLJHIFFAW96CA,延平段,118.54,都市：其他:農業區/道路用地,6,1,持分移轉,06790000
RPPNMLLMJHIFFAW68CA,水頭段,417.09,都市：農,1,1,全筆移轉,01650000
RPPNMLLMJHIFFAW68CA,水頭段,16.94,都市：農,1,1,全筆移轉,01650001
RPPNMLLMJHIFFAW68CA,水頭段,204.84,都市：農,1,1,全筆移轉,01680000
RPPNMLLMJHIFFAW68CA,水頭段,10.58,都市：農,1,1,全筆移轉,01680001
RPPNMLLMJHIFFAW68CA,水頭段,789.27,都市：農,1,1,全筆移轉,01880000
RPPNMLLMJHIFFAW68CA,水頭段,3.32,都市：農,1,1,全筆移轉,01880001
RPPNMLLMJHIFFAW68CA,水頭段,910.74,都市：農,1,1,全筆移轉,01910000
RPPNMLLMJHIFFAW68CA,水頭段,15.69,都市：農,1,1,全筆移轉,01910001
RPPNMLLMJHIFFAW68CA,水頭段,499.09,都市：農,1,1,全筆移轉,05990000
RPPNMLLMJHIFFAW68CA,水頭段,644.83,都市：其他:國家公園,1,1,全筆移轉,09310000
RPTOMLPLJHIFFAW86CA,寧北一劃段,227.00,都市：農,1,1,全筆移轉,03340006
RPQNMLPLJHIFFAW56DA,碧山段,675.50,都市：其他:自然村住宅區,2,1,持分移轉,15220000
RPSNMLSKKHIFFAW07DA,后沙劃測段,453.58,都市：農,2,1,持分移轉,06660000
RPTPMLOJKHIFFAW76CA,后壟段,750.00,都市：農,1,1,全筆移轉,01990000
RPUNMLTLJHIFFAW37DA,東沙段,694.00,都市：農,1,1,全筆移轉,03340001
RPQNMLSJKHIFFAW66CA,庵前劃測段,875.01,都市：其他:,1,1,全筆移轉,06410000
RPXNMLLMJHIFFAW86CA,北二三劃測段,1420.56,都市：農,1,1,全筆移轉,03470000
RPXNMLLMJHIFFAW86CA,北二三劃測段,79.91,都市：其他:,1,1,全筆移轉,03470001
RPSNMLOJKHIFFAW09CA,擎天段,461.00,都市：農,1,1,全筆移轉,14480000
RPSNMLOJKHIFFAW09CA,擎天段,272.00,都市：農,1,1,全筆移轉,14710000
RPSNMLOJKHIFFAW09CA,擎天段,3006.00,都市：農,1,1,全筆移轉,14750000
RPOOMLRJKHIFFAW09CA,青山段,713.02,都市：農,3,1,持分移轉,12980000
RPWOMLKMJHIFFAW76CA,湖前段,39.11,都市：其他:自然村專用區,10000,1726,持分移轉,02850000
RPVNMLRJKHIFFAW07CA,寧劃段,410.36,都市：農,1,1,全筆移轉,07180000
RPVNMLRJKHIFFAW07CA,寧劃段,490.62,都市：農,1,1,全筆移轉,08600000
RPVNMLRJKHIFFAW07CA,寧劃段,490.60,都市：農,1,1,全筆移轉,08720000
RPVNMLRJKHIFFAW07CA,龍潭段,778.66,都市：農,1,1,全筆移轉,02250000
RPVNMLRJKHIFFAW07CA,龍潭段,135.14,都市：農,1,1,全筆移轉,02450000
RPVNMLRJKHIFFAW07CA,龍潭段,235.02,都市：農,1,1,全筆移轉,02780000
RPVNMLRJKHIFFAW07CA,龍潭段,304.06,都市：農,1,1,全筆移轉,02970000
RPPNMLSKKHIFFAW76DA,機場段,465.32,都市：農,1,1,全筆移轉,09850000
RPPNMLNLKHIFFAW98DA,東坑段,200.00,都市：其他:自然村專用區,1,1,全筆移轉,05290000
RPPNMLNLKHIFFAW98DA,東坑段,200.00,都市：其他:自然村專用區,1,1,全筆移轉,05290001
RPPNMLPJKHIFFAW98DA,烏土段,168.04,都市：農,1,1,全筆移轉,02700000
RPPNMLPJKHIFFAW98DA,烏土段,85.37,都市：農,1,1,全筆移轉,02720000
RPPNMLPJKHIFFAW98DA,烏土段,180.00,都市：農,1,1,全筆移轉,02740000
RPRNMLOJKHIFFAW98CA,塔后段,27.00,都市：住,4,1,持分移轉,12000003
RPRNMLOJKHIFFAW98CA,塔后段,1.25,都市：住,4,1,持分移轉,12000007
RPRNMLOJKHIFFAW98CA,塔后段,5.00,都市：住,4,1,持分移轉,12000008
RPTNMLOJKHIFFAW56CA,湖東劃段,1000.00,都市：農,1,1,全筆移轉,02600000
RPTNMLKMJHIFFAW98CA,后垵段,357.04,都市：其他:,1,1,全筆移轉,06920001
RPWOMLLJKHIFFAW66CA,湖前段,39.11,都市：其他:自然村專用區,10000,1726,持分移轉,02850000
RPPNMLOJKHIFFAW78CA,蜈蚣山段,252.11,都市：其他:第二類一般管制區,1,1,全筆移轉,05070000
RPWNMLLMJHIFFAW76CA,機場段,754.54,都市：農,1,1,全筆移轉,03790000
RPQNMLNLKHIFFAW98CA,鵲山段,5799.95,都市：其他:風景區,1,1,全筆移轉,04560003
RPQNMLRLKHIFFAW76CA,天后宮段,17.33,都市：住,10000,1012,持分移轉,02880000
RPQNMLRLKHIFFAW76CA,天后宮段,7.54,都市：商,10000,1012,持分移轉,02890000
RPSNMLRLKHIFFAW96CA,天后宮段,18.42,都市：住,10000,1076,持分移轉,02880000
RPSNMLRLKHIFFAW96CA,天后宮段,8.02,都市：商,10000,1076,持分移轉,02890000
RPRNMLRLKHIFFAW86CA,天后宮段,18.42,都市：住,10000,1076,持分移轉,02880000
RPRNMLRLKHIFFAW86CA,天后宮段,8.02,都市：商,10000,1076,持分移轉,02890000
RPTNMLRLKHIFFAW07CA,天后宮段,18.42,都市：住,10000,1076,持分移轉,02880000
RPTNMLRLKHIFFAW07CA,天后宮段,8.02,都市：商,10000,1076,持分移轉,02890000
RPUNMLRLKHIFFAW17CA,天后宮段,18.42,都市：住,10000,1076,持分移轉,02880000
RPUNMLRLKHIFFAW17CA,天后宮段,8.02,都市：商,10000,1076,持分移轉,02890000
RPQNMLOJKHIFFAW88CA,蜈蚣山段,109.29,都市：其他:第二類一般管制區,1,1,全筆移轉,06030000
RPWNMLKMJHIFFAW66CA,汶沙段,544.00,都市：住,1,1,全筆移轉,03670000
RPUNMLKMJHIFFAW09CA,寧湖一劃段,39.61,都市：住,1,1,全筆移轉,02510005
RPUNMLKMJHIFFAW09CA,寧湖一劃段,.54,都市：住,1,1,全筆移轉,02510006
RPUNMLKMJHIFFAW09CA,寧湖一劃段,1.26,都市：住,1,1,全筆移轉,02510007
RPUNMLKMJHIFFAW09CA,寧湖一劃段,22.00,都市：住,1,1,全筆移轉,02530008
RPUNMLKMJHIFFAW09CA,寧湖一劃段,1.58,都市：住,4,1,持分移轉,02530011
RPUNMLKMJHIFFAW09CA,寧湖一劃段,.68,都市：住,4,1,持分移轉,02530014
RPVNMLKMJHIFFAW56CA,夏興段,335.10,都市：其他:,3,1,持分移轉,04350000
RPVNMLKMJHIFFAW56CA,夏興段,335.10,都市：其他:,3,1,持分移轉,04350000
RPXNMLKMJHIFFAW76CA,汶沙段,607.00,都市：農,1,1,全筆移轉,06040000
RPVNMLKMJHIFFAW56CA,夏興段,335.10,都市：其他:,3,1,持分移轉,04350000
RPUOMLKMJHIFFAW56CA,湖前段,38.20,都市：其他:自然村專用區,10000,1686,持分移轉,02850000
RPUOMLLLKHIFFAW66CA,榮湖段,317.39,都市：農,1,1,全筆移轉,01180000
RPUOMLLLKHIFFAW66CA,榮湖段,411.82,都市：農,1,1,全筆移轉,01200000
RPPOMLKMJHIFFAW68CA,官嶼劃段,1000.00,都市：其他:保護區,1,1,全筆移轉,10420000
RPOOMLKMJHIFFAW58CA,官嶼劃段,1000.00,都市：其他:農業區/保護區,1,1,全筆移轉,10270000
RPOPMLLJKHIFFAW58CA,山西段,368.36,都市：其他:保護區,1,1,全筆移轉,11300000
RPOPMLLJKHIFFAW58CA,山西段,167.24,都市：其他:保護區,1,1,全筆移轉,14810000
RPOPMLLJKHIFFAW58CA,山西段,339.62,都市：其他:保護區/農業區,1,1,全筆移轉,14820000
RPQPMLLJKHIFFAW78CA,山西段,544.02,都市：農,1,1,全筆移轉,08910000
RPQPMLLJKHIFFAW78CA,山西段,287.36,都市：其他:保護區,1,1,全筆移轉,11350000
RPQPMLLJKHIFFAW78CA,山西段,49.26,都市：農,1,1,全筆移轉,16420000
RPVPMLOJKHIFFAW96CA,寧劃段,500.00,都市：農,1,1,全筆移轉,08050000
RPXPMLOJKHIFFAW17CA,西堡劃測段,800.03,都市：農,1,1,全筆移轉,04160000
RPPNMLLJKHIFFAW58DA,安岐村段,179.00,都市：其他:自然村,1,1,全筆移轉,01740000
RPPPMLLJKHIFFAW68CA,山西段,222.90,都市：其他:保護區,1,1,全筆移轉,11740000
RPPPMLLJKHIFFAW68CA,山西段,370.79,都市：其他:保護區,1,1,全筆移轉,11750000
RPUPMLOJKHIFFAW86CA,寧劃段,500.00,都市：農,1,1,全筆移轉,07930000
RPPOMLMJKHIFFAW68CA,官澳測段,302.62,都市：農,1,1,全筆移轉,04480000
RPPOMLMJKHIFFAW68CA,官澳測段,66.44,都市：農,1,1,全筆移轉,04480001
RPSNMLPJKHIFFAW66DA,大山頂測段,184.84,都市：其他:道路用地,1,1,全筆移轉,07490001
RPSNMLPJKHIFFAW66DA,大山頂測段,327.89,都市：其他:公園用地,1,1,全筆移轉,07770000
RPSNMLPJKHIFFAW66DA,大山頂測段,.01,都市：其他:道路用地,1,1,全筆移轉,07770001
RPSNMLPJKHIFFAW66DA,大山頂測段,236.96,都市：其他:道路用地,1,1,全筆移轉,07800000
RPSNMLPJKHIFFAW66DA,大山頂測段,.67,都市：其他:公園用地,1,1,全筆移轉,07800002
RPRNMLSKKHIFFAW96DA,水頭段,159.30,都市：農,1,1,全筆移轉,02480000
RPRNMLSKKHIFFAW96DA,水頭段,39.75,都市：其他:道路用地,1,1,全筆移轉,02480001
RPUNMLMLKHIFFAW66CA,北一段,7.17,都市：農,30000,321,持分移轉,00230000
RPUNMLMLKHIFFAW66CA,北一段,1.54,都市：農,30000,321,持分移轉,00230002
