﻿鄉鎮市區,交易標的,土地位置建物門牌,土地移轉總面積平方公尺,都市土地使用分區,非都市土地使用分區,非都市土地使用編定,交易年月日,交易筆棟數,移轉層次,總樓層數,建物型態,主要用途,主要建材,建築完成年月,建物移轉總面積平方公尺,建物現況格局-房,建物現況格局-廳,建物現況格局-衛,建物現況格局-隔間,有無管理組織,總價元,單價元平方公尺,車位類別,車位移轉總面積(平方公尺),車位總價元,備註,編號,主建物面積,附屬建物面積,陽台面積,電梯,移轉編號
The villages and towns urban district,transaction sign,land sector position building sector house number plate,land shifting total area square meter,the use zoning or compiles and checks,the non-metropolis land use district,non-metropolis land use,transaction year month and day,transaction pen number,shifting level,total floor number,building state,main use,main building materials,construction to complete the years,building shifting total area,Building present situation pattern - room,building present situation pattern - hall,building present situation pattern - health,building present situation pattern - compartmented,Whether there is manages the organization,total price NTD,the unit price (NTD / square meter),the berth category,berth shifting total area square meter,the berth total price NTD,the note,serial number,,,,,
烈嶼鄉,土地,紅山測段1168-1地號,151.06,農,,,1011019,土地2建物0車位0,,,其他,,,,0.0,0,0,0,有,無,210000,1390,,0.0,0,,RPPNMLMJJIHFFAW48CA,0.0,0.0,0.0,,
金沙鎮,土地,陽宅段383地號,1783.81,農,,,1011020,土地3建物0車位0,,,其他,,,,0.0,0,0,0,有,無,2408000,1350,,0.0,0,,RPQNMLMJJIHFFAW58CA,0.0,0.0,0.0,,
金湖鎮,房地(土地+建物),金門縣金湖鎮環島南路塔后段4巷13號,130.44,住,,,1011018,土地7建物1車位0,全,三層,透天厝,集合住宅,鋼筋混凝土造,0981112,145.36,3,2,3,有,無,6900000,47468,,0.0,0,,RPSNMLPJJIHFFAW09CA,0.0,0.0,0.0,,
金湖鎮,土地,新頭段735-21地號,313.39,住,,,1011018,土地2建物0車位0,,,其他,,,,0.0,0,0,0,有,無,3510000,11200,,0.0,0,,RPRNMLRJJIHFFAW56CA,0.0,0.0,0.0,,
金寧鄉,土地,寧湖一劃段440-13地號,1165.86,其他,,,1011011,土地5建物0車位0,,,其他,,,,0.0,0,0,0,有,無,6450000,5532,,0.0,0,,RPVNMLRJJIHFFAW96CA,0.0,0.0,0.0,,
金湖鎮,房地(土地+建物),金門縣金湖鎮新興街13號15號,126.0,住,,,1011019,土地1建物1車位0,一層，二層,二層,店面(店鋪),住商用,鋼筋混凝土造,0641015,243.19,4,2,3,有,無,5800000,23850,,0.0,0,,RPTNMLOKJIHFFAW56CA,238.07,0.0,5.12,,
金寧鄉,房地(土地+建物),金門縣金寧鄉湖埔村慈湖路三段5之1號三樓,38.56,其他,,,1011026,土地1建物1車位0,三層,三層,公寓(5樓含以下無電梯),,,1010809,73.33,3,1,2,有,無,3450000,47046,,0.0,0,,RPPNMLPJJIHFFAW88DA,61.71,0.0,6.48,,
金沙鎮,土地,北九十劃段576-1地號,537.62,農,,,1011029,土地1建物0車位0,,,其他,,,,0.0,0,0,0,有,無,2500000,4650,,0.0,0,,RPSNMLRJJIHFFAW76DA,0.0,0.0,0.0,,
金城鎮,房地(土地+建物),金門縣金城鎮前水頭139-2號3樓,120.5,住,,,1011026,土地1建物1車位0,三層,三層,公寓(5樓含以下無電梯),,,1010501,157.05,2,1,3,有,無,7380000,46991,,0.0,0,,RPTNMLRJJIHFFAW86DA,0.0,0.0,0.0,,
金城鎮,土地,金門城段384地號,156.62,住,,,1011029,土地2建物0車位0,,,其他,,,,0.0,0,0,0,有,無,1000000,6385,,0.0,0,,RPRNMLTJJIHFFAW86DA,0.0,0.0,0.0,,
金湖鎮,土地,新頭段727地號,1006.74,其他,,,1011010,土地2建物0車位0,,,其他,,,,0.0,0,0,0,有,無,20000000,19866,,0.0,0,,RPSNMLNKJIHFFAW09DA,0.0,0.0,0.0,,
金城鎮,土地,水頭段866地號,735.69,農,,,1011023,土地1建物0車位0,,,其他,,,,0.0,0,0,0,有,無,798000,1085,,0.0,0,,RPQNMLOKJIHFFAW88CA,0.0,0.0,0.0,,
金城鎮,土地,水頭段491地號,716.63,農,,,1011026,土地2建物0車位0,,,其他,,,,0.0,0,0,0,有,無,1100000,1535,,0.0,0,,RPRNMLOKJIHFFAW98CA,0.0,0.0,0.0,,
金城鎮,土地,水頭段395地號,180.54,農,,,1011029,土地1建物0車位0,,,其他,,,,0.0,0,0,0,有,無,252000,1396,,0.0,0,,RPSNMLOKJIHFFAW09CA,0.0,0.0,0.0,,
金寧鄉,土地,后湖段92-1地號,608.89,其他,,,1011030,土地4建物0車位0,,,其他,,,,0.0,0,0,0,有,無,1138625,1870,,0.0,0,,RPUNMLRJJIHFFAW86CA,0.0,0.0,0.0,,
金城鎮,房地(土地+建物),金門縣金城鎮前水頭１３９之２號,120.5,住,,,1011031,土地1建物1車位0,一層,三層,公寓(5樓含以下無電梯),,,1010501,177.07999999999998,1,2,2,有,無,7340000,41449,,0.0,0,,RPPNMLKMJIHFFAW58CA,0.0,0.0,0.0,,
金沙鎮,土地,北五劃段573地號,985.45,農,,,1011017,土地1建物0車位0,,,其他,,,,0.0,0,0,0,有,無,3000000,3044,,0.0,0,,RPTNMLQLJIHFFAW96DA,0.0,0.0,0.0,,
金湖鎮,土地,新頭段371地號,1320.75,其他,,,1011002,土地1建物0車位0,,,其他,,,,0.0,0,0,0,有,無,27000000,20443,,0.0,0,,RPPNMLNKJIHFFAW78DA,0.0,0.0,0.0,,
金湖鎮,土地,新頭段370-1地號,304.89,其他,,,1011002,土地1建物0車位0,,,其他,,,,0.0,0,0,0,有,無,6700000,21975,,0.0,0,,RPQNMLNKJIHFFAW88DA,0.0,0.0,0.0,,
金湖鎮,土地,新頭段376地號,633.64,其他,,,1011002,土地1建物0車位0,,,其他,,,,0.0,0,0,0,有,無,13200000,20832,,0.0,0,,RPRNMLNKJIHFFAW98DA,0.0,0.0,0.0,,
金湖鎮,土地,山外段42-1地號,50.6,住,,,1011031,土地1建物0車位0,,,其他,,,,0.0,0,0,0,有,無,11132,220,,0.0,0,,RPQNMLQJJIHFFAW09DA,0.0,0.0,0.0,,
金寧鄉,土地,寧湖六劃段120地號,1500.0,農,,,1011102,土地2建物0車位0,,,其他,,,,0.0,0,0,0,有,無,4000000,2667,,0.0,0,,RPXNMLRJJIHFFAW27DA,0.0,0.0,0.0,,
金沙鎮,土地,浯坑劃測段407地號,164.0,農,,,1011102,土地1建物0車位0,,,其他,,,,0.0,0,0,0,有,無,540000,3293,,0.0,0,,RPSNMLQLJIHFFAW76CA,0.0,0.0,0.0,,
金城鎮,土地,金門城段100地號,124.0,住,,,1011017,土地1建物0車位0,,,其他,,,,0.0,0,0,0,有,無,1200000,9677,,0.0,0,,RPPNMLQLJIHFFAW09CA,0.0,0.0,0.0,,
金城鎮,土地,金門城段28地號,32.0,住,,,1011017,土地1建物0車位0,,,其他,,,,0.0,0,0,0,有,無,100000,3125,,0.0,0,,RPQNMLQLJIHFFAW56CA,0.0,0.0,0.0,,
金湖鎮,土地,湖后劃段92地號,1000.0,農,,,1011029,土地1建物0車位0,,,其他,,,,0.0,0,0,0,有,無,3500000,3500,,0.0,0,,RPQNMLMKJIHFFAW68CA,0.0,0.0,0.0,,
金沙鎮,土地,浯坑劃測段207地號,1144.36,農,,,1011029,土地2建物0車位0,,,其他,,,,0.0,0,0,0,有,無,2300000,2010,,0.0,0,,RPQNMLPKJIHFFAW98CA,0.0,0.0,0.0,,
金城鎮,土地,北一段134地號,1000.14,農,,,1011104,土地1建物0車位0,,,其他,,,,0.0,0,0,0,有,無,9500000,9499,,0.0,0,,RPPNMLLKJIHFFAW48CA,0.0,0.0,0.0,,
金城鎮,土地,祥和段395-1地號,139.6,其他,,,1011101,土地4建物0車位0,,,其他,,,,0.0,0,0,0,有,無,3980000,28510,,0.0,0,,RPPNMLTJJIHFFAW66DA,0.0,0.0,0.0,,
金城鎮,土地,庵前劃測段939地號,43.01,農,,,1011106,土地1建物0車位0,,,其他,,,,0.0,0,0,0,有,無,111000,2581,,0.0,0,,RPPNMLMKJIHFFAW68DA,0.0,0.0,0.0,,
烈嶼鄉,土地,西方劃測段107-3地號,57.3,農,,,1011017,土地1建物0車位0,,,其他,,,,0.0,0,0,0,有,無,322026,5620,,0.0,0,國有土地購回,RPQNMLRJKIHFFAW66DA,0.0,0.0,0.0,,
金湖鎮,土地,小徑段462-13地號,2126.16,其他,,,1011102,土地4建物0車位0,,,其他,,,,0.0,0,0,0,有,無,4900000,2305,,0.0,0,,RPTNMLNKJIHFFAW09CA,0.0,0.0,0.0,,
金城鎮,土地,舊金城段306地號,599.0,農,,,1011105,土地1建物0車位0,,,其他,,,,0.0,0,0,0,有,無,810000,1352,,0.0,0,,RPSNMLPKJIHFFAW56CA,0.0,0.0,0.0,,
金湖鎮,土地,農試所段116-1地號,5801.78,農,,,1011030,土地2建物0車位0,,,其他,,,,0.0,0,0,0,有,無,17500000,3016,,0.0,0,,RPPPMLPKJIHFFAW09CA,0.0,0.0,0.0,,
金沙鎮,土地,擎天段1388地號,1220.0,農,,,1011102,土地1建物0車位0,,,其他,,,,0.0,0,0,0,有,無,1400000,1148,,0.0,0,,RPQNMLQKJIHFFAW09CA,0.0,0.0,0.0,,
金沙鎮,土地,高坑劃測段655地號,800.0,農,,,1011101,土地1建物0車位0,,,其他,,,,0.0,0,0,0,有,無,2700000,3375,,0.0,0,,RPUNMLPKJIHFFAW76CA,0.0,0.0,0.0,,
金城鎮,土地,城隍廟段317地號,100.5,住,,,1011112,土地4建物0車位0,,,其他,,,,0.0,0,0,0,有,無,2500000,24876,,0.0,0,,RPUNMLNKJIHFFAW66DA,0.0,0.0,0.0,,
金城鎮,土地,前山前段37地號,149.0,其他,,,1011107,土地1建物0車位0,,,其他,,,,0.0,0,0,0,有,無,2000000,13423,,0.0,0,,RPRNMLLKKIHFFAW88DA,0.0,0.0,0.0,,
金城鎮,土地,山前段769-1地號,1018.26,農,,,1011107,土地2建物0車位0,,,其他,,,,0.0,0,0,0,有,無,6000000,5892,,0.0,0,,RPSNMLLKKIHFFAW98DA,0.0,0.0,0.0,,
金寧鄉,土地,機場段1230地號,350.02,農,,,1011008,土地1建物0車位0,,,其他,,,,0.0,0,0,0,有,無,380000,1086,,0.0,0,,RPSNMLNKKIHFFAW56DA,0.0,0.0,0.0,,
金寧鄉,土地,后垵段171地號,39.88,其他,,,1011103,土地1建物0車位0,,,其他,,,,0.0,0,0,0,有,無,418740,10500,,0.0,0,,RPRNMLPKJIHFFAW56DA,0.0,0.0,0.0,,
金沙鎮,土地,中蘭劃測段408地號,970.0,農,,,1011112,土地1建物0車位0,,,其他,,,,0.0,0,0,0,有,無,2800000,2887,,0.0,0,,RPVNMLPKJIHFFAW96DA,0.0,0.0,0.0,,
金沙鎮,土地,中蘭劃測段34地號,900.0,農,,,1011112,土地1建物0車位0,,,其他,,,,0.0,0,0,0,有,無,2800000,3111,,0.0,0,,RPWNMLPKJIHFFAW07DA,0.0,0.0,0.0,,
金沙鎮,土地,中蘭劃測段644地號,1959.98,農,,,1011106,土地2建物0車位0,,,其他,,,,0.0,0,0,0,有,無,7700000,3929,,0.0,0,,RPSNMLLLJIHFFAW88CA,0.0,0.0,0.0,,
金城鎮,土地,庵前劃測段744地號,600.0,農,,,1011106,土地1建物0車位0,,,其他,,,,0.0,0,0,0,有,無,2250000,3750,,0.0,0,,RPPNMLLLJIHFFAW58CA,0.0,0.0,0.0,,
金城鎮,土地,庵前劃測段747地號,600.04,農,,,1011106,土地1建物0車位0,,,其他,,,,0.0,0,0,0,有,無,2250000,3750,,0.0,0,,RPQNMLLLJIHFFAW68CA,0.0,0.0,0.0,,
金湖鎮,土地,峰上段752地號,66.0,其他,,,1011105,土地1建物0車位0,,,其他,,,,0.0,0,0,0,有,無,561000,8500,,0.0,0,,RPQPMLPKJIHFFAW56CA,0.0,0.0,0.0,,
金湖鎮,土地,峰上段808地號,188.0,其他,,,1011105,土地1建物0車位0,,,其他,,,,0.0,0,0,0,有,無,1598000,8500,,0.0,0,,RPRPMLPKJIHFFAW66CA,0.0,0.0,0.0,,
金寧鄉,土地,東洲段1011地號,1037.51,農,,,1011106,土地2建物0車位0,,,其他,,,,0.0,0,0,0,有,無,1400000,1349,,0.0,0,,RPSNMLQKJIHFFAW76DA,0.0,0.0,0.0,,
金寧鄉,土地,后湖段637地號,997.95,農,,,1011106,土地2建物0車位0,,,其他,,,,0.0,0,0,0,有,無,1300000,1303,,0.0,0,,RPTNMLQKJIHFFAW86DA,0.0,0.0,0.0,,
金寧鄉,土地,后湖段90-1地號,152.55,農,,,1011106,土地3建物0車位0,,,其他,,,,0.0,0,0,0,有,無,200000,1311,,0.0,0,,RPUNMLQKJIHFFAW96DA,0.0,0.0,0.0,,
金寧鄉,土地,后湖段92地號,418.77,農,,,1011106,土地1建物0車位0,,,其他,,,,0.0,0,0,0,有,無,560000,1337,,0.0,0,,RPVNMLQKJIHFFAW07DA,0.0,0.0,0.0,,
金寧鄉,土地,后湖段187地號,1122.26,農,,,1011106,土地1建物0車位0,,,其他,,,,0.0,0,0,0,有,無,1500000,1337,,0.0,0,,RPWNMLQKJIHFFAW17DA,0.0,0.0,0.0,,
金寧鄉,土地,寧古劃段1397地號,500.0,其他,,,1011024,土地1建物0車位0,,,其他,,,,0.0,0,0,0,有,無,675000,1350,,0.0,0,,RPRNMLPJKIHFFAW09CA,0.0,0.0,0.0,,
金寧鄉,土地,寧湖二劃測段112-4地號,704.2,其他,,,1011017,土地2建物0車位0,,,其他,,,,0.0,0,0,0,有,無,7042000,10000,,0.0,0,,RPQNMLNLJIHFFAW88CA,0.0,0.0,0.0,,
金沙鎮,土地,中蘭劃測段865地號,725.05,農,,,1011105,土地1建物0車位0,,,其他,,,,0.0,0,0,0,有,無,1800000,2483,,0.0,0,,RPPNMLKLJIHFFAW58DA,0.0,0.0,0.0,,
金城鎮,土地,金城劃段298地號,1573.01,其他,,,1011101,土地1建物0車位0,,,其他,,,,0.0,0,0,0,有,無,16880000,10731,,0.0,0,,RPWNMLOJKIHFFAW96DA,0.0,0.0,0.0,,
金城鎮,房地(土地+建物),金門縣金城鎮中興路146巷21號,39.11,商,,,1011029,土地1建物1車位0,一層，二層，三層,三層,店面(店鋪),住商用,鋼筋混凝土造,0710715,100.23,4,3,3,有,無,17000000,169610,,0.0,0,,RPQNMLRLJIHFFAW76DA,100.23,0.0,0.0,,
金寧鄉,土地,盤山村段221-1地號,161.5,住,,,1011114,土地1建物0車位0,,,其他,,,,0.0,0,0,0,有,無,1600000,9907,,0.0,0,,RPRNMLQLJIHFFAW66CA,0.0,0.0,0.0,,
金湖鎮,土地,士校段101地號,1703.68,其他,,,1011025,土地1建物0車位0,,,其他,,,,0.0,0,0,0,有,無,5960000,3498,,0.0,0,,RPVNMLLLJIHFFAW56CA,0.0,0.0,0.0,,
烈嶼鄉,土地,龍骨山測段988地號,255.93,其他,,,1011102,土地1建物0車位0,,,其他,,,,0.0,0,0,0,有,無,400000,1563,,0.0,0,,RPWNMLLLJIHFFAW66CA,0.0,0.0,0.0,,
金沙鎮,土地,后宅測段1305地號,660.89,其他,,,1011107,土地1建物0車位0,,,其他,,,,0.0,0,0,0,有,無,1600000,2421,,0.0,0,,RPXNMLLLJIHFFAW76CA,0.0,0.0,0.0,,
金沙鎮,土地,官嶼劃段354地號,1080.0,農,,,1011105,土地1建物0車位0,,,其他,,,,0.0,0,0,0,有,無,2780000,2574,,0.0,0,,RPPNMLMLJIHFFAW68CA,0.0,0.0,0.0,,
金湖鎮,土地,太湖劃測段1244-1地號,240.02,農,,,1011020,土地1建物0車位0,,,其他,,,,0.0,0,0,0,有,無,636000,2650,,0.0,0,,RPSOMLNJKIHFFAW09CA,0.0,0.0,0.0,,
金城鎮,土地,東紅山段487地號,553.36,其他,,,1011023,土地1建物0車位0,,,其他,,,,0.0,0,0,0,有,無,773000,1397,,0.0,0,,RPUNMLLKKIHFFAW09CA,0.0,0.0,0.0,,
金湖鎮,房地(土地+建物),金門縣金湖鎮武德新莊１４０號,81.0,住,,,1010913,土地1建物1車位0,全,四層,透天厝,住家用,鋼筋混凝土造,0920423,201.0,5,3,3,有,無,8000000,39801,,0.0,0,,RPVNMLLKKIHFFAW56CA,170.7,6.18,24.12,,
金寧鄉,土地,東洲段996地號,1108.59,農,,,1011115,土地3建物0車位0,,,其他,,,,0.0,0,0,0,有,無,1450000,1308,,0.0,0,,RPQNMLMLJIHFFAW88DA,0.0,0.0,0.0,,
金寧鄉,房地(土地+建物),金門縣金寧鄉頂堡６３之５號二樓,57.0,其他,,,1011021,土地1建物1車位0,二層,三層,公寓(5樓含以下無電梯),集合住宅,鋼筋混凝土造,1010918,96.89,3,2,2,有,無,4580000,47270,,0.0,0,,RPXNMLNJKIHFFAW86CA,83.71,0.0,8.1,,
金沙鎮,土地,后宅測段282地號,418.83,農,,,1011102,土地1建物0車位0,,,其他,,,,0.0,0,0,0,有,無,586000,1399,,0.0,0,,RPQNMLOJKIHFFAW88CA,0.0,0.0,0.0,,
金湖鎮,土地,中五劃段224-1地號,10.09,其他,,,1011005,土地1建物0車位0,,,其他,,,,0.0,0,0,0,有,無,36000,3568,,0.0,0,,RPQNMLKKKIHFFAW68DA,0.0,0.0,0.0,,
金寧鄉,房地(土地+建物),金門縣金寧鄉頂堡６３之６號,56.0,其他,,,1011020,土地1建物1車位0,一層,三層,公寓(5樓含以下無電梯),集合住宅,鋼筋混凝土造,1010918,94.12,3,2,2,有,無,4580000,48661,,0.0,0,,RPUNMLNJKIHFFAW56CA,80.6,0.0,8.52,,
金寧鄉,房地(土地+建物),金門縣金寧鄉頂堡６３之６號二樓,56.0,其他,,,1011016,土地1建物1車位0,二層,三層,公寓(5樓含以下無電梯),集合住宅,鋼筋混凝土造,1010918,94.11,3,2,2,有,無,4300000,45691,,0.0,0,,RPVNMLNJKIHFFAW66CA,80.6,0.0,8.52,,
金寧鄉,土地,東洲段537地號,792.76,農,,,1011107,土地1建物0車位0,,,其他,,,,0.0,0,0,0,有,無,3800000,4793,,0.0,0,,RPUNMLOJKIHFFAW66CA,0.0,0.0,0.0,,
金城鎮,土地,金門城段759地號,196.83,其他,,,1011107,土地2建物0車位0,,,其他,,,,0.0,0,0,0,有,無,570816,2900,,0.0,0,叔侄買賣以當期公告現值為成交價格,RPPNMLRLJIHFFAW66DA,0.0,0.0,0.0,,
金寧鄉,房地(土地+建物),金門縣金寧鄉頂堡６３之７號二樓,62.94,其他,,,1011025,土地1建物1車位0,二層,三層,公寓(5樓含以下無電梯),集合住宅,鋼筋混凝土造,1010918,111.98,3,2,2,有,無,5030000,44919,,0.0,0,,RPWNMLNJKIHFFAW76CA,92.93,0.0,8.0,,
金沙鎮,土地,陽宅段412地號,358.58,農,,,1011029,土地2建物0車位0,,,其他,,,,0.0,0,0,0,有,無,502012,1400,,0.0,0,,RPRNMLOJKIHFFAW98CA,0.0,0.0,0.0,,
金沙鎮,土地,陽宅段681地號,914.56,農,,,1011029,土地3建物0車位0,,,其他,,,,0.0,0,0,0,有,無,1280384,1400,,0.0,0,,RPSNMLOJKIHFFAW09CA,0.0,0.0,0.0,,
金沙鎮,土地,榮湖段298地號,860.48,農,,,1011029,土地2建物0車位0,,,其他,,,,0.0,0,0,0,有,無,1204604,1400,,0.0,0,,RPTNMLOJKIHFFAW56CA,0.0,0.0,0.0,,
金寧鄉,土地,后垵段800地號,696.32,農,,,1011105,土地2建物0車位0,,,其他,,,,0.0,0,0,0,有,無,940000,1350,,0.0,0,,RPPNMLRKKIHFFAW56CA,0.0,0.0,0.0,,
金城鎮,土地,小西門劃測段224地號,1358.03,農,,,1011113,土地1建物0車位0,,,其他,,,,0.0,0,0,0,有,無,4700000,3461,,0.0,0,,RPRNMLNJKIHFFAW88CA,0.0,0.0,0.0,,
金城鎮,土地,東沙段1018地號,831.89,其他,,,1011109,土地2建物0車位0,,,其他,,,,0.0,0,0,0,有,無,1100000,1322,,0.0,0,,RPSNMLNJKIHFFAW98CA,0.0,0.0,0.0,,
金寧鄉,土地,安西劃段1063地號,1562.31,農,,,1011113,土地1建物0車位0,,,其他,,,,0.0,0,0,0,有,無,5800000,3712,,0.0,0,,RPQNMLSLJIHFFAW76CA,0.0,0.0,0.0,,
金寧鄉,土地,煙墩段495地號,3167.24,其他,,,1011113,土地4建物0車位0,,,其他,,,,0.0,0,0,0,有,無,4700000,1484,,0.0,0,,RPRNMLSLJIHFFAW86CA,0.0,0.0,0.0,,
金沙鎮,土地,碧山段428地號,623.3,農,,,1011105,土地1建物0車位0,,,其他,,,,0.0,0,0,0,有,無,840000,1348,,0.0,0,,RPRNMLRKKIHFFAW76CA,0.0,0.0,0.0,,
金湖鎮,房地(土地+建物),金門縣金湖鎮前港路３巷８號,69.14,住,,,1011106,土地1建物1車位0,全,三層,透天厝,住家用,鋼筋混凝土加強磚造,0840429,163.91,3,2,3,有,無,5000000,30505,,0.0,0,,RPQNMLPJKIHFFAW98CA,163.91,0.0,0.0,,
金沙鎮,土地,官嶼劃段835-1地號,1000.0,農,,,1011120,土地2建物0車位0,,,其他,,,,0.0,0,0,0,有,無,2300000,2300,,0.0,0,,RPQNMLKLKIHFFAW68CA,0.0,0.0,0.0,,
金城鎮,土地,小西門劃測段2237地號,678.07,住,,,1011114,土地2建物0車位0,,,其他,,,,0.0,0,0,0,有,無,3000000,4424,,0.0,0,,RPPNMLSLJIHFFAW76DA,0.0,0.0,0.0,,
烈嶼鄉,土地,前埔測段10地號,445.48,農,,,1011127,土地1建物0車位0,,,其他,,,,0.0,0,0,0,有,無,1000000,2245,,0.0,0,,RPPNMLNJKIHFFAW78DA,0.0,0.0,0.0,,
金城鎮,土地,北堤段477地號,60.0,商,,,1010927,土地1建物0車位0,,,其他,,,,0.0,0,0,0,有,無,2034000,33900,,0.0,0,親屬關係買賣,RPSNMLOKKIHFFAW66DA,0.0,0.0,0.0,,
金寧鄉,土地,北四劃段527地號,653.0,農,,,1011126,土地1建物0車位0,,,其他,,,,0.0,0,0,0,有,無,3000000,4594,,0.0,0,,RPOOMLMLKIHFFAW88DA,0.0,0.0,0.0,,
金寧鄉,土地,寧湖二劃測段751地號,187.82,其他,,,1011126,土地1建物0車位0,,,其他,,,,0.0,0,0,0,有,無,2618455,13941,,0.0,0,,RPPOMLMLKIHFFAW98DA,0.0,0.0,0.0,,
金寧鄉,土地,寧湖二劃測段751-5地號,157.05,其他,,,1011126,土地2建物0車位0,,,其他,,,,0.0,0,0,0,有,無,2189480,13941,,0.0,0,,RPQOMLMLKIHFFAW09DA,0.0,0.0,0.0,,
金寧鄉,土地,寧湖二劃測段751-4地號,29.85,其他,,,1011126,土地1建物0車位0,,,其他,,,,0.0,0,0,0,有,無,416148,13941,,0.0,0,,RPROMLMLKIHFFAW56DA,0.0,0.0,0.0,,
金寧鄉,土地,寧湖二劃測段751-3地號,83.86,其他,,,1011126,土地1建物0車位0,,,其他,,,,0.0,0,0,0,有,無,1169117,13941,,0.0,0,,RPSOMLMLKIHFFAW66DA,0.0,0.0,0.0,,
金寧鄉,土地,寧湖二劃測段751-6地號,4.48,其他,,,1011126,土地1建物0車位0,,,其他,,,,0.0,0,0,0,有,無,62457,13941,,0.0,0,,RPTOMLMLKIHFFAW76DA,0.0,0.0,0.0,,
金寧鄉,土地,寧湖二劃測段751-2地號,74.91,其他,,,1011126,土地1建物0車位0,,,其他,,,,0.0,0,0,0,有,無,1044343,13941,,0.0,0,,RPVOMLMLKIHFFAW96DA,0.0,0.0,0.0,,
金寧鄉,土地,寧湖二劃測段1135地號,1699.44,農,,,1011129,土地3建物0車位0,,,其他,,,,0.0,0,0,0,有,無,8500000,5002,,0.0,0,,RPUNMLPLKIHFFAW07DA,0.0,0.0,0.0,,
金寧鄉,土地,寧安四劃段272地號,518.38,農,,,1011107,土地1建物0車位0,,,其他,,,,0.0,0,0,0,有,無,1500000,2894,,0.0,0,,RPPNMLQJKIHFFAW09DA,0.0,0.0,0.0,,
金湖鎮,土地,中六劃段68地號,820.0,其他,,,1011115,土地1建物0車位0,,,其他,,,,0.0,0,0,0,有,無,3300000,4024,,0.0,0,,RPVNMLOJKIHFFAW76CA,0.0,0.0,0.0,,
金寧鄉,土地,長寮段516地號,1936.9,其他,,,1011121,土地3建物0車位0,,,其他,,,,0.0,0,0,0,有,無,19369000,10000,,0.0,0,,RPRNMLTLJIHFFAW96CA,0.0,0.0,0.0,,
金寧鄉,土地,西山段979地號,966.12,農,,,1011106,土地1建物0車位0,,,其他,,,,0.0,0,0,0,有,無,3000000,3105,,0.0,0,,RPQNMLNJKIHFFAW78CA,0.0,0.0,0.0,,
金沙鎮,土地,中蘭劃測段550地號,975.01,農,,,1011107,土地2建物0車位0,,,其他,,,,0.0,0,0,0,有,無,2200000,2256,,0.0,0,,RPSNMLRKKIHFFAW86CA,0.0,0.0,0.0,,
金城鎮,土地,古崗村段431地號,212.0,其他,,,1011121,土地1建物0車位0,,,其他,,,,0.0,0,0,0,有,無,1000000,4717,,0.0,0,,RPOOMLNJKIHFFAW78DA,0.0,0.0,0.0,,
金寧鄉,土地,鎮西段184地號,983.84,農,,,1011128,土地1建物0車位0,,,其他,,,,0.0,0,0,0,有,無,4120000,4188,,0.0,0,,RPPOMLNJKIHFFAW88DA,0.0,0.0,0.0,,
金沙鎮,土地,青嶼測段194地號,453.23,農,,,1011128,土地1建物0車位0,,,其他,,,,0.0,0,0,0,有,無,585000,1291,,0.0,0,,RPQOMLNJKIHFFAW98DA,0.0,0.0,0.0,,
金湖鎮,房地(土地+建物),金門縣金湖鎮塔后２５３號,84.03,住,,,1011116,土地1建物1車位0,全,三層,透天厝,住家用,鋼筋混凝土造,0880517,135.93,4,1,3,有,無,5600000,41198,,0.0,0,,RPPNMLOJKIHFFAW78CA,116.51,8.32,11.1,,
烈嶼鄉,土地,東面山測段916-1地號,503.1,住,,,1011119,土地1建物0車位0,,,其他,,,,0.0,0,0,0,有,無,1500000,2982,,0.0,0,,RPRNMLKLKIHFFAW78CA,0.0,0.0,0.0,,
金寧鄉,土地,寧湖二劃測段558地號,515.34,農,,,1011026,土地1建物0車位0,,,其他,,,,0.0,0,0,0,有,無,2834370,5500,,0.0,0,,RPWNMLRKKIHFFAW27CA,0.0,0.0,0.0,,
金城鎮,房地(土地+建物),金門縣金城鎮前水頭１３９之１號二樓,120.5,其他,,,1011025,土地1建物1車位0,二層,三層,公寓(5樓含以下無電梯),,,1010501,206.8,0,0,0,無,無,8500000,41103,,0.0,0,,RPXNMLLKKIHFFAW76CA,0.0,0.0,0.0,,
金城鎮,房地(土地+建物),金門縣金城鎮前水頭139-1號3樓,120.5,住,,,1011130,土地1建物1車位0,三層,三層,公寓(5樓含以下無電梯),,,1010501,197.25,2,1,3,有,無,8200000,41572,,0.0,0,,RPSNMLMKKIHFFAW09DA,0.0,0.0,0.0,,
金寧鄉,土地,機場段978-6地號,2000.0,農,,,1011127,土地2建物0車位0,,,其他,,,,0.0,0,0,0,有,無,10000000,5000,,0.0,0,,RPPNMLLKKIHFFAW58CA,0.0,0.0,0.0,,
金湖鎮,土地,小徑段1088地號,47.0,住,,,1011122,土地1建物0車位0,,,其他,,,,0.0,0,0,0,有,無,1000000,21277,,0.0,0,,RPQNMLLKKIHFFAW68CA,0.0,0.0,0.0,,
金寧鄉,土地,寧湖三劃段40地號,1000.0,農,,,1011120,土地1建物0車位0,,,其他,,,,0.0,0,0,0,有,無,3000000,3000,,0.0,0,,RPTNMLMKKIHFFAW09CA,0.0,0.0,0.0,,
金寧鄉,土地,寧湖三劃段321地號,3560.0,農,,,1011120,土地1建物0車位0,,,其他,,,,0.0,0,0,0,有,無,10800000,3034,,0.0,0,,RPUNMLMKKIHFFAW56CA,0.0,0.0,0.0,,
金湖鎮,土地,塔后段899地號,730.93,其他,,,1011115,土地1建物0車位0,,,其他,,,,0.0,0,0,0,有,無,700000,958,,0.0,0,,RPUNMLOLKIHFFAW86CA,0.0,0.0,0.0,,
金城鎮,土地,中一段594-3地號,1169.07,農,,,1011120,土地7建物0車位0,,,其他,,,,0.0,0,0,0,有,無,12200000,10436,,0.0,0,,RPPNMLNJJHIFFAW58CA,0.0,0.0,0.0,,
金湖鎮,土地,北五劃段444-1地號,787.22,其他,,,1011121,土地2建物0車位0,,,其他,,,,0.0,0,0,0,有,無,4250000,5399,,0.0,0,,RPWNMLLKKIHFFAW66CA,0.0,0.0,0.0,,
金寧鄉,土地,安西劃段679地號,591.53,農,,,1011130,土地1建物0車位0,,,其他,,,,0.0,0,0,0,有,無,2070000,3499,,0.0,0,,RPWNMLRJKIHFFAW17CA,0.0,0.0,0.0,,
金寧鄉,土地,寧湖三劃段187地號,1000.0,農,,,1011130,土地1建物0車位0,,,其他,,,,0.0,0,0,0,有,無,5300000,5300,,0.0,0,,RPXNMLRJKIHFFAW27CA,0.0,0.0,0.0,,
金湖鎮,土地,料羅段1339-1地號,53.0,住,,,1011203,土地2建物0車位0,,,其他,,,,0.0,0,0,0,有,無,4240,80,,0.0,0,,RPRNMLKKKIHFFAW78DA,0.0,0.0,0.0,,
金寧鄉,土地,機場段1231地號,1653.71,農,,,1011203,土地3建物0車位0,,,其他,,,,0.0,0,0,0,有,無,2140000,1294,,0.0,0,,RPTNMLLKKIHFFAW09DA,0.0,0.0,0.0,,
金沙鎮,土地,沙溪一劃段261地號,987.96,農,,,1011205,土地1建物0車位0,,,其他,,,,0.0,0,0,0,有,無,1800000,1822,,0.0,0,,RPSNMLRJKIHFFAW86DA,0.0,0.0,0.0,,
金湖鎮,土地,新頭段737-4地號,2970.44,其他,,,1011129,土地3建物0車位0,,,其他,,,,0.0,0,0,0,有,無,62300000,20973,,0.0,0,,RPVNMLRJKIHFFAW17DA,0.0,0.0,0.0,,
金沙鎮,土地,高坑劃測段818地號,567.02,農,,,1011206,土地1建物0車位0,,,其他,,,,0.0,0,0,0,有,無,1700000,2998,,0.0,0,,RPTNMLRJKIHFFAW96DA,0.0,0.0,0.0,,
金寧鄉,土地,寧湖三劃段252-1地號,482.14,農,,,1011130,土地1建物0車位0,,,其他,,,,0.0,0,0,0,有,無,1440000,2987,,0.0,0,,RPPNMLKKKIHFFAW48CA,0.0,0.0,0.0,,
金沙鎮,土地,沙田劃段374地號,1000.0,農,,,1011119,土地1建物0車位0,,,其他,,,,0.0,0,0,0,有,無,2000000,2000,,0.0,0,,RPPNMLMKKIHFFAW68CA,0.0,0.0,0.0,,
金寧鄉,土地,寧安五劃段223地號,1460.0,農,,,1011203,土地1建物0車位0,,,其他,,,,0.0,0,0,0,有,無,2000000,1370,,0.0,0,,RPSNMLKLKIHFFAW88CA,0.0,0.0,0.0,,
金湖鎮,土地,市港段93地號,1042.79,商,,,1011129,土地1建物0車位0,,,其他,,,,0.0,0,0,0,有,無,74024534,70987,,0.0,0,,RPQNMLMLKIHFFAW88CA,0.0,0.0,0.0,,
金沙鎮,土地,汶沙段1582-3地號,164.26,住,,,1011203,土地1建物0車位0,,,其他,,,,0.0,0,0,0,有,無,1000000,6088,,0.0,0,,RPRNMLMLKIHFFAW98CA,0.0,0.0,0.0,,
金沙鎮,土地,中蘭劃測段273地號,498.0,農,,,1011127,土地1建物0車位0,,,其他,,,,0.0,0,0,0,有,無,2500000,5020,,0.0,0,,RPROMLOLKIHFFAW66CA,0.0,0.0,0.0,,
金沙鎮,土地,中蘭劃測段834地號,980.02,農,,,1011127,土地1建物0車位0,,,其他,,,,0.0,0,0,0,有,無,3900000,3980,,0.0,0,,RPTOMLOLKIHFFAW86CA,0.0,0.0,0.0,,
金寧鄉,土地,機場段1199地號,1638.85,其他,,,1011023,土地3建物0車位0,,,其他,,,,0.0,0,0,0,有,無,10000000,6102,,0.0,0,,RPPOMLLKKIHFFAW68CA,0.0,0.0,0.0,,
金城鎮,房地(土地+建物),金門縣金城鎮富康一村９巷９號５樓,43.09,住,,,1011109,土地1建物1車位0,五層,五層,公寓(5樓含以下無電梯),住家用,鋼筋混凝土造,0870911,101.13,3,2,2,有,無,5100000,50430,,0.0,0,,RPQOMLLKKIHFFAW78CA,78.24,0.0,7.7,,
金沙鎮,土地,鵲山段456-4地號,21092.75,其他,,,1011121,土地1建物0車位0,,,其他,,,,0.0,0,0,0,有,無,57450000,2724,,0.0,0,,RPRNMLQLKIHFFAW76CA,0.0,0.0,0.0,,
金城鎮,房地(土地+建物),金門縣金城鎮前水頭139-2號2樓,120.5,住,,,1011207,土地1建物1車位0,二層,三層,公寓(5樓含以下無電梯),,,1010501,187.56,2,1,2,有,無,7380000,39347,,0.0,0,,RPPNMLNKKIHFFAW88DA,0.0,0.0,0.0,,
烈嶼鄉,土地,大山頂測段205地號,327.6,其他,,,1011211,土地1建物0車位0,,,其他,,,,0.0,0,0,0,有,無,1500000,4579,,0.0,0,,RPTNMLSKKIHFFAW17DA,0.0,0.0,0.0,,
金沙鎮,土地,高坑劃測段510地號,320.13,農,,,1011129,土地1建物0車位0,,,其他,,,,0.0,0,0,0,有,無,1550000,4842,,0.0,0,,RPQNMLPLKIHFFAW66DA,0.0,0.0,0.0,,
金城鎮,土地,古坵段912地號,303.0,農,,,1011211,土地1建物0車位0,,,其他,,,,0.0,0,0,0,有,無,300000,990,,0.0,0,,RPRNMLRJJHIFFAW66DA,0.0,0.0,0.0,,
金寧鄉,土地,青山段1011-1地號,1273.96,農,,,1011123,土地1建物0車位0,,,其他,,,,0.0,0,0,0,有,無,12700000,9969,,0.0,0,申請蓋集村農舍用,RPRNMLPLKIHFFAW76DA,0.0,0.0,0.0,,
金湖鎮,土地,北五劃段434-6地號,661.88,農,,,1011203,土地2建物0車位0,,,其他,,,,0.0,0,0,0,有,無,2200000,3324,,0.0,0,,RPQNMLNKKIHFFAW98DA,0.0,0.0,0.0,,
金沙鎮,土地,榮湖段1064地號,199.0,住,,,1011203,土地1建物0車位0,,,其他,,,,0.0,0,0,0,有,無,2530000,12714,,0.0,0,,RPTNMLKLKIHFFAW98CA,0.0,0.0,0.0,,
金湖鎮,土地,陳坑段200地號,411.45,農,,,1011127,土地1建物0車位0,,,其他,,,,0.0,0,0,0,有,無,1000000,2430,,0.0,0,,RPRNMLSKKIHFFAW86CA,0.0,0.0,0.0,,
金湖鎮,土地,夏興段856地號,298.12,其他,,,1011207,土地2建物0車位0,,,其他,,,,0.0,0,0,0,有,無,600000,2013,,0.0,0,,RPRNMLNKKIHFFAW98CA,0.0,0.0,0.0,,
烈嶼鄉,土地,烈濱劃測段670地號,1375.03,農,,,1011127,土地2建物0車位0,,,其他,,,,0.0,0,0,0,有,無,1179000,857,,0.0,0,,RPPNMLOKKIHFFAW88CA,0.0,0.0,0.0,,
金寧鄉,土地,后沙劃測段295-1地號,1396.48,農,,,1011120,土地2建物0車位0,,,其他,,,,0.0,0,0,0,有,無,2792960,2000,,0.0,0,,RPQNMLOKKIHFFAW98CA,0.0,0.0,0.0,,
金湖鎮,房地(土地+建物),金門縣金寧鄉塔后３５２號,105.46,住,,,1011203,土地2建物1車位0,全,三層,透天厝,住家用,鋼筋混凝土造,0960327,201.75,4,1,4,有,無,5500000,27261,,0.0,0,,RPRNMLOKKIHFFAW09CA,193.25,0.0,8.5,,
金湖鎮,土地,太湖劃測段864地號,1000.0,農,,,1011119,土地1建物0車位0,,,其他,,,,0.0,0,0,0,有,無,3250000,3250,,0.0,0,,RPTNMLRKKIHFFAW96CA,0.0,0.0,0.0,,
金湖鎮,土地,太湖劃測段865地號,1000.0,農,,,1011119,土地1建物0車位0,,,其他,,,,0.0,0,0,0,有,無,3250000,3250,,0.0,0,,RPUNMLRKKIHFFAW07CA,0.0,0.0,0.0,,
金湖鎮,土地,湖東劃段130-13地號,173.92,農,,,1011207,土地1建物0車位0,,,其他,,,,0.0,0,0,0,有,無,238618,1372,,0.0,0,,RPSNMLSKKIHFFAW96CA,0.0,0.0,0.0,,
金寧鄉,土地,寧安四劃段279地號,393.06,農,,,1011023,土地1建物0車位0,,,其他,,,,0.0,0,0,0,有,無,710000,1806,,0.0,0,,RPUNMLSKKIHFFAW17CA,0.0,0.0,0.0,,
金城鎮,土地,古塔段139地號,967.87,農,,,1011116,土地1建物0車位0,,,其他,,,,0.0,0,0,0,有,無,970000,1002,,0.0,0,,RPVNMLSKKIHFFAW27CA,0.0,0.0,0.0,,
金湖鎮,房地(土地+建物),金門縣金湖鎮中正路４９號,39.62,商,,,1011116,土地1建物1車位0,全,三層,透天厝,住商用,鋼筋混凝土造,0691010,114.86,4,2,2,有,無,2000000,17413,,0.0,0,親友關係間之交易。甥舅公間且持分1/2,RPQNMLSKKIHFFAW76CA,112.71,0.0,2.15,,
金湖鎮,土地,北五劃段199地號,893.0,農,,,1011206,土地1建物0車位0,,,其他,,,,0.0,0,0,0,有,無,3400000,3807,,0.0,0,,RPVNMLKLKIHFFAW56CA,0.0,0.0,0.0,,
金寧鄉,土地,機場段560地號,846.84,農,,,1011122,土地1建物0車位0,,,其他,,,,0.0,0,0,0,有,無,3800000,4487,,0.0,0,,RPPNMLLLKIHFFAW68CA,0.0,0.0,0.0,,
金城鎮,房地(土地+建物),金門縣金城鎮珠浦西路50巷11弄10號,14.07,住,,,1011206,土地1建物1車位0,一層,四層,公寓(5樓含以下無電梯),自設停車空間,鋼筋混凝土造,0980520,40.160000000000004,2,1,1,有,無,4500000,112052,,0.0,0,含增建及裝潢、家俱、家電設備。,RPQNMLLLKIHFFAW88DA,29.83,0.0,2.45,,
金城鎮,土地,前水頭段241-1地號,23.0,住,,,1011130,土地1建物0車位0,,,其他,,,,0.0,0,0,0,有,無,306755,13337,,0.0,0,,RPSNMLPLKIHFFAW86DA,0.0,0.0,0.0,,
金城鎮,土地,前水頭段241地號,811.0,住,,,1011130,土地1建物0車位0,,,其他,,,,0.0,0,0,0,有,無,8110000,10000,,0.0,0,,RPTNMLPLKIHFFAW96DA,0.0,0.0,0.0,,
金寧鄉,土地,寧湖一劃段211地號,67.17,住,,,1011211,土地1建物0車位0,,,其他,,,,0.0,0,0,0,有,無,2000000,29775,,0.0,0,,RPWNMLKLKIHFFAW76DA,0.0,0.0,0.0,,
金城鎮,土地,水頭段1087地號,878.07,其他,,,1011205,土地1建物0車位0,,,其他,,,,0.0,0,0,0,有,無,2480000,2824,,0.0,0,,RPPNMLRJJHIFFAW09DA,0.0,0.0,0.0,,
金湖鎮,土地,新頭段755地號,345.23,其他,,,1011203,土地1建物0車位0,,,其他,,,,0.0,0,0,0,有,無,3300000,9559,,0.0,0,,RPPNMLOKJHIFFAW88DA,0.0,0.0,0.0,,
金湖鎮,土地,新頭段753地號,511.06,其他,,,1011203,土地2建物0車位0,,,其他,,,,0.0,0,0,0,有,無,10220000,19998,,0.0,0,,RPQNMLOKJHIFFAW98DA,0.0,0.0,0.0,,
金沙鎮,土地,陽宅段408地號,436.68,住,,,1011211,土地1建物0車位0,,,其他,,,,0.0,0,0,0,有,無,2800000,6412,,0.0,0,,RPUNMLKLKIHFFAW09CA,0.0,0.0,0.0,,
金城鎮,土地,旗牌段367-6地號,1901.5,其他,,,1011122,土地13建物0車位0,,,其他,,,,0.0,0,0,0,有,無,28000000,14725,,0.0,0,,RPXNMLSKKIHFFAW47CA,0.0,0.0,0.0,,
金寧鄉,房地(土地+建物),金門縣金寧鄉頂堡６３之５號,57.0,其他,,,1011017,土地1建物1車位0,一層,三層,公寓(5樓含以下無電梯),集合住宅,鋼筋混凝土造,1010918,96.9,3,2,2,有,無,4860000,50155,,0.0,0,,RPOOMLSKKIHFFAW66CA,83.71,0.0,8.1,,
金寧鄉,房地(土地+建物),金門縣金寧鄉頂堡６３之５號三樓,57.0,其他,,,1011018,土地1建物1車位0,三層,三層,公寓(5樓含以下無電梯),集合住宅,鋼筋混凝土造,1010918,96.9,3,2,2,有,無,4660000,48091,,0.0,0,,RPPOMLSKKIHFFAW76CA,83.71,0.0,8.1,,
金寧鄉,房地(土地+建物),金門縣金寧鄉頂堡６３之６號三樓,56.0,其他,,,1011118,土地1建物1車位0,三層,三層,公寓(5樓含以下無電梯),集合住宅,鋼筋混凝土造,1010918,94.12,3,2,2,有,無,4350000,46218,,0.0,0,,RPQOMLSKKIHFFAW86CA,80.6,0.0,8.52,,
金寧鄉,土地,寧安四劃段206地號,540.0,農,,,1011130,土地1建物0車位0,,,其他,,,,0.0,0,0,0,有,無,1450000,2685,,0.0,0,,RPWNMLSKKIHFFAW37CA,0.0,0.0,0.0,,
金寧鄉,房地(土地+建物),金門縣金寧鄉金寧鄉下埔下326號,130.47,住,,,1011212,土地1建物1車位0,全,三層,透天厝,住家用,鋼筋混凝土造,1011207,255.97,4,2,4,有,無,9250000,36137,,0.0,0,,RPQNMLTJJHIFFAW66CA,251.2,0.0,4.77,,
金寧鄉,土地,北二三劃測段409地號,1000.0,農,,,1011123,土地1建物0車位0,,,其他,,,,0.0,0,0,0,有,無,6000000,6000,,0.0,0,,RPPNMLQJJHIFFAW88CA,0.0,0.0,0.0,,
金城鎮,土地,金門城段878地號,320.0,其他,,,1011213,土地1建物0車位0,,,其他,,,,0.0,0,0,0,有,無,1200000,3750,,0.0,0,,RPPNMLSKKIHFFAW76DA,0.0,0.0,0.0,,
金湖鎮,土地,石牌段40地號,1114.48,農,,,1010111,土地1建物0車位0,,,其他,,,,0.0,0,0,0,有,無,3600000,3230,,0.0,0,,RPQNMLPKJHIFFAW09DA,0.0,0.0,0.0,,
金沙鎮,房地(土地+建物),金門縣金城鎮沙美188號,570.5,住,,,1011210,土地3建物1車位0,全,二層,透天厝,住家用,鋼筋混凝土造,0940425,166.05,3,2,3,有,無,11000000,66245,,0.0,0,,RPPNMLOJJHIFFAW78DA,0.0,0.0,0.0,,
金寧鄉,房地(土地+建物),金門縣金寧鄉下埔下329號,123.11,住,,,1011212,土地1建物1車位0,全,三層,透天厝,住家用,鋼筋混凝土造,1011207,255.97,6,2,6,有,無,13000000,50787,,0.0,0,,RPRNMLTJJHIFFAW76CA,0.0,0.0,0.0,,
金寧鄉,土地,鎮西段79-4地號,1107.66,農,,,1011210,土地4建物0車位0,,,其他,,,,0.0,0,0,0,有,無,14000000,12639,,0.0,0,,RPXNMLKLKIHFFAW76CA,0.0,0.0,0.0,,
金寧鄉,土地,寧湖三劃段394-5地號,110.76,農,,,1011211,土地2建物0車位0,,,其他,,,,0.0,0,0,0,有,無,1359560,12275,,0.0,0,,RPPOMLPKJHIFFAW98CA,0.0,0.0,0.0,,
金城鎮,土地,水頭段193-1地號,454.81,農,,,1011214,土地2建物0車位0,,,其他,,,,0.0,0,0,0,有,無,1600000,3518,,0.0,0,,RPQNMLQLKIHFFAW76DA,0.0,0.0,0.0,,
金城鎮,房地(土地+建物),金門縣金城鎮西海路三段22巷23弄6號3樓,55.07,其他,,,1011212,土地2建物1車位0,三層,三層,公寓(5樓含以下無電梯),住家用,鋼筋混凝土加強磚造,0840517,87.92,3,1,1,有,無,4000000,45496,,0.0,0,,RPXOMLMLKIHFFAW17DA,87.92,0.0,0.0,,
金湖鎮,土地,北五劃段497地號,476.5,農,,,1011218,土地1建物0車位0,,,其他,,,,0.0,0,0,0,有,無,1300000,2728,,0.0,0,,RPPNMLMLKIHFFAW88DA,0.0,0.0,0.0,,
金湖鎮,房地(土地+建物),金門縣金湖鎮林兜１７０號,158.02,住,,,1011212,土地1建物1車位0,全,三層,透天厝,集合住宅,鋼筋混凝土造,1010501,255.6,6,3,4,有,無,6800000,26604,,0.0,0,,RPQOMLSKJHIFFAW76CA,236.14,0.0,19.46,,
金湖鎮,房地(土地+建物),金門縣金湖鎮林兜１７１號,194.27,住,,,1011212,土地1建物1車位0,全,三層,透天厝,集合住宅,鋼筋混凝土造,1010501,255.54,6,3,4,有,無,6800000,26610,,0.0,0,,RPROMLSKJHIFFAW86CA,236.14,0.0,19.4,,
金沙鎮,土地,鵲山段54地號,800.02,農,,,1011205,土地1建物0車位0,,,其他,,,,0.0,0,0,0,有,無,1040000,1300,,0.0,0,,RPPNMLPLKIHFFAW09CA,0.0,0.0,0.0,,
金城鎮,土地,燕南山段648地號,613.16,其他,,,1011214,土地1建物0車位0,,,其他,,,,0.0,0,0,0,有,無,797100,1300,,0.0,0,,RPUOMLMLKIHFFAW76CA,0.0,0.0,0.0,,
金城鎮,土地,燕南山段670地號,1399.03,農,,,1011214,土地2建物0車位0,,,其他,,,,0.0,0,0,0,有,無,2168500,1550,,0.0,0,,RPWOMLMLKIHFFAW96CA,0.0,0.0,0.0,,
金沙鎮,土地,沙田劃段391地號,880.0,其他,,,1011209,土地1建物0車位0,,,其他,,,,0.0,0,0,0,有,無,700000,795,,0.0,0,,RPXNMLOLKIHFFAW17CA,0.0,0.0,0.0,,
金城鎮,房地(土地+建物),金門縣金城鎮環島西路一段３０號７樓,16.14,住,,,1011129,土地3建物1車位0,七層,七層,華廈(10層含以下有電梯),見使用執照,鋼筋混凝土造,0860913,92.93,2,2,2,有,無,6080000,65426,,0.0,0,,RPQOMLOLKIHFFAW56CA,69.53,0.0,6.84,,
金沙鎮,土地,沙港劃段387地號,4000.07,農,,,1011218,土地4建物0車位0,,,其他,,,,0.0,0,0,0,有,無,13000000,3250,,0.0,0,,RPOPMLMLKIHFFAW88CA,0.0,0.0,0.0,,
金寧鄉,土地,西山段158地號,865.64,農,,,1011205,土地1建物0車位0,,,其他,,,,0.0,0,0,0,有,無,1298000,1499,,0.0,0,,RPTNMLOLKIHFFAW76CA,0.0,0.0,0.0,,
金湖鎮,房地(土地+建物),金門縣金湖鎮林兜１７９號,194.27,住,,,1011212,土地1建物1車位0,全,三層,透天厝,集合住宅,鋼筋混凝土造,1010501,255.34,6,3,4,有,無,6800000,26631,,0.0,0,,RPPOMLSKJHIFFAW66CA,236.14,0.0,19.2,,
金寧鄉,土地,寧湖三劃段394-7地號,480.28,農,,,1011211,土地6建物0車位0,,,其他,,,,0.0,0,0,0,有,無,5763960,12001,,0.0,0,,RPQOMLPKJHIFFAW09CA,0.0,0.0,0.0,,
金湖鎮,土地,士校段85-1地號,1257.96,其他,,,1011220,土地2建物0車位0,,,其他,,,,0.0,0,0,0,有,無,4300000,3418,,0.0,0,,RPVNMLPLKIHFFAW07CA,0.0,0.0,0.0,,
金沙鎮,土地,鵲山段456-3地號,5799.95,其他,,,1011217,土地1建物0車位0,,,其他,,,,0.0,0,0,0,有,無,17400000,3000,,0.0,0,,RPSNMLQLKIHFFAW86CA,0.0,0.0,0.0,,
金沙鎮,土地,后宅測段1032-1地號,216.59,農,,,1011217,土地1建物0車位0,,,其他,,,,0.0,0,0,0,有,無,600000,2770,,0.0,0,,RPOOMLOLKIHFFAW09DA,0.0,0.0,0.0,,
金沙鎮,土地,沙溪一劃段105地號,1920.64,農,,,1011218,土地2建物0車位0,,,其他,,,,0.0,0,0,0,有,無,5000000,2603,,0.0,0,,RPPOMLOLKIHFFAW56DA,0.0,0.0,0.0,,
金寧鄉,土地,赤岑段49-1地號,135.27,其他,,,1011113,土地1建物0車位0,,,其他,,,,0.0,0,0,0,有,無,540000,3992,,0.0,0,,RPRNMLQJJHIFFAW09CA,0.0,0.0,0.0,,
金寧鄉,土地,寧湖一劃段318地號,500.0,其他,,,1011219,土地1建物0車位0,,,其他,,,,0.0,0,0,0,有,無,15000000,30000,,0.0,0,,RPQNMLRJJHIFFAW09CA,0.0,0.0,0.0,,
金城鎮,房地(土地+建物),金門縣金寧鄉大學路５３巷６弄１５號三樓,15.31,農,,,1011203,土地2建物1車位0,三層,三層,套房(1房1廳1衛),集合住宅,鋼筋混凝土造,0981222,27.6,1,1,1,有,無,1550000,56159,,0.0,0,,RPQNMLLKJHIFFAW58CA,20.92,0.0,0.0,,
金城鎮,房地(土地+建物),金門縣金寧鄉大學路５３巷６弄１６號三樓,15.31,農,,,1011203,土地2建物1車位0,三層,三層,套房(1房1廳1衛),集合住宅,鋼筋混凝土造,0981222,27.6,1,1,1,有,無,1550000,56159,,0.0,0,,RPRNMLLKJHIFFAW68CA,20.92,0.0,0.0,,
金湖鎮,房地(土地+建物),金門縣金湖鎮中正路８之２號,18.22,商,,,1011203,土地1建物1車位0,全,三層,透天厝,住商用,鋼筋混凝土加強磚造,0620920,54.0,2,2,3,有,無,2265000,41944,,0.0,0,,RPOOMLSKJHIFFAW56CA,54.0,0.0,0.0,,
金城鎮,房地(土地+建物),金門縣金寧鄉大學路５３巷６弄１０號三樓,8.71,農,,,1011203,土地2建物1車位0,三層,三層,套房(1房1廳1衛),集合住宅,鋼筋混凝土造,0981222,23.64,1,1,1,有,無,1400000,59222,,0.0,0,,RPRNMLOLJHIFFAW09CA,19.67,0.0,0.0,,
金城鎮,房地(土地+建物),金門縣金寧鄉大學路５３巷６弄１２號三樓,8.71,農,,,1011203,土地2建物1車位0,三層,三層,套房(1房1廳1衛),集合住宅,鋼筋混凝土造,0981222,23.33,1,1,1,有,無,1400000,60009,,0.0,0,,RPTNMLOLJHIFFAW66CA,19.36,0.0,0.0,,
金城鎮,房地(土地+建物),金門縣金寧鄉大學路５３巷６弄１３號三樓,8.71,農,,,1011203,土地2建物1車位0,三層,三層,套房(1房1廳1衛),集合住宅,鋼筋混凝土造,0981222,23.33,1,1,1,有,無,1400000,60009,,0.0,0,,RPUNMLOLJHIFFAW76CA,19.36,0.0,0.0,,
金城鎮,房地(土地+建物),金門縣金寧鄉大學路５３巷６弄１１號三樓,8.71,農,,,1011203,土地2建物1車位0,三層,三層,套房(1房1廳1衛),集合住宅,鋼筋混凝土造,0981222,23.33,1,1,1,有,無,1400000,60009,,0.0,0,,RPVNMLOLJHIFFAW86CA,19.36,0.0,0.0,,
金湖鎮,房地(土地+建物),金門縣金湖鎮料羅新村５６８號,152.92,其他,,,1010703,土地2建物1車位0,全,三層,透天厝,集合住宅,鋼筋混凝土造,1011030,178.41,5,3,3,有,無,5000000,28025,,0.0,0,,RPXNMLQLKIHFFAW37CA,175.03,0.0,3.38,,
金湖鎮,房地(土地+建物),金門縣金湖鎮料羅新村５６５號,152.92,其他,,,1010705,土地2建物1車位0,全,三層,透天厝,集合住宅,鋼筋混凝土造,1011030,178.41,5,3,3,有,無,4700000,26344,,0.0,0,,RPOOMLQLKIHFFAW56CA,175.03,0.0,3.38,,
金湖鎮,房地(土地+建物),金門縣金湖鎮料羅新村５６６號,122.86,其他,,,1010607,土地2建物1車位0,全,二層,透天厝,集合住宅,鋼筋混凝土造,1011030,168.01,5,3,3,有,無,4600000,27379,,0.0,0,,RPPOMLQLKIHFFAW66CA,163.37,0.0,4.64,,
金湖鎮,房地(土地+建物),金門縣金湖鎮料羅新村５６３號,122.86,其他,,,1010702,土地2建物1車位0,全,二層,透天厝,集合住宅,鋼筋混凝土造,1011030,168.01,5,3,3,有,無,4800000,28570,,0.0,0,,RPQOMLQLKIHFFAW76CA,163.37,0.0,4.64,,
金湖鎮,房地(土地+建物),金門縣金湖鎮料羅新村５６２號,122.86,其他,,,1010607,土地2建物1車位0,全,二層,透天厝,集合住宅,鋼筋混凝土造,1011030,169.08,5,3,3,有,無,4800000,28389,,0.0,0,,RPROMLQLKIHFFAW86CA,164.35,0.0,4.73,,
金湖鎮,房地(土地+建物),金門縣金湖鎮料羅新村５６１號,122.86,其他,,,1010301,土地2建物1車位0,全,二層,透天厝,集合住宅,鋼筋混凝土造,1011030,169.08,5,3,3,有,無,4450000,26319,,0.0,0,,RPSOMLQLKIHFFAW96CA,164.35,0.0,4.73,,
金沙鎮,土地,汶沙段1685地號,110.0,住,,,1011217,土地1建物0車位0,,,其他,,,,0.0,0,0,0,有,無,1560000,14182,,0.0,0,,RPPNMLRLKIHFFAW66CA,0.0,0.0,0.0,,
金寧鄉,土地,寧劃段1258地號,789.94,農,,,1011219,土地1建物0車位0,,,其他,,,,0.0,0,0,0,有,無,1000000,1266,,0.0,0,,RPPNMLLKJHIFFAW48CA,0.0,0.0,0.0,,
金城鎮,土地,北一段558地號,503.31,農,,,1011122,土地1建物0車位0,,,其他,,,,0.0,0,0,0,有,無,7000000,13908,,0.0,0,,RPSNMLQJJHIFFAW56CA,0.0,0.0,0.0,,
金沙鎮,土地,北八劃段105地號,1000.0,農,,,1011214,土地1建物0車位0,,,其他,,,,0.0,0,0,0,有,無,3100000,3100,,0.0,0,親戚間買賣,RPUNMLQLKIHFFAW07CA,0.0,0.0,0.0,,
金沙鎮,土地,榮湖段167地號,3000.37,農,,,1011213,土地3建物0車位0,,,其他,,,,0.0,0,0,0,有,無,7400000,2466,,0.0,0,親友間買賣,RPVNMLQLKIHFFAW17CA,0.0,0.0,0.0,,
金沙鎮,土地,榮湖段897地號,173.47,其他,,,1011214,土地1建物0車位0,,,其他,,,,0.0,0,0,0,有,無,780000,4496,,0.0,0,,RPWNMLQLKIHFFAW27CA,0.0,0.0,0.0,,
金湖鎮,建物,金門縣金城鎮湖前２之６號,0.0,,,,1011221,土地0建物1車位0,一層,三層,公寓(5樓含以下無電梯),集合住宅,鋼筋混凝土造,1011022,64.72,2,2,2,有,無,3600000,55624,,0.0,0,,RPUNMLPLJHIFFAW86CA,57.61,0.0,0.0,,
金湖鎮,建物,金門縣金寧鄉湖前２之７號,0.0,,,,1011219,土地0建物1車位0,一層,三層,公寓(5樓含以下無電梯),集合住宅,鋼筋混凝土造,1011022,66.46000000000001,2,2,2,有,無,3600000,54168,,0.0,0,,RPWNMLPLJHIFFAW07CA,59.17,0.0,0.0,,
金湖鎮,建物,金門縣金寧鄉湖前２之６號二樓,0.0,,,,1011219,土地0建物1車位0,二層,三層,公寓(5樓含以下無電梯),集合住宅,鋼筋混凝土造,1011022,70.96,2,2,2,有,無,2800000,39459,,0.0,0,,RPPOMLPLJHIFFAW09CA,57.61,0.0,5.83,,
金寧鄉,房地(土地+建物),金門縣金寧鄉下埔下321號,133.57,住,,,1011225,土地1建物1車位0,全,三層,透天厝,住家用,鋼筋混凝土造,1011220,281.07,5,2,5,有,無,11500000,40915,,0.0,0,,RPWNMLQKJHIFFAW07CA,254.29,0.0,26.78,,
金寧鄉,房地(土地+建物),金門縣金寧鄉下埔下323號,126.12,住,,,1011225,土地1建物1車位0,全,三層,透天厝,住家用,鋼筋混凝土造,1011224,279.62,5,2,5,有,無,11500000,41127,,0.0,0,,RPXNMLQKJHIFFAW17CA,254.29,0.0,25.33,,
金寧鄉,房地(土地+建物),金門縣金寧鄉下埔下322號,126.19,住,,,1011225,土地1建物1車位0,全,三層,透天厝,住家用,鋼筋混凝土造,1011220,281.07,5,2,5,有,無,11500000,40915,,0.0,0,,RPOOMLQKJHIFFAW98CA,254.29,0.0,26.78,,
金寧鄉,房地(土地+建物),金門縣金寧鄉下埔下325號,149.96,住,,,1011225,土地1建物1車位0,全,三層,透天厝,住家用,鋼筋混凝土造,1011224,281.07,5,2,5,有,無,13000000,46252,,0.0,0,,RPPOMLQKJHIFFAW09CA,254.29,0.0,26.78,,
金沙鎮,土地,英坑段1106地號,546.38,農,,,1011217,土地1建物0車位0,,,其他,,,,0.0,0,0,0,有,無,792251,1450,,0.0,0,,RPPNMLSKJHIFFAW56CA,0.0,0.0,0.0,,
金沙鎮,土地,榮湖段123地號,541.17,農,,,1011217,土地1建物0車位0,,,其他,,,,0.0,0,0,0,有,無,784696,1450,,0.0,0,,RPQNMLSKJHIFFAW66CA,0.0,0.0,0.0,,
金沙鎮,土地,英坑段894地號,666.8,農,,,1011217,土地1建物0車位0,,,其他,,,,0.0,0,0,0,有,無,966860,1450,,0.0,0,,RPRNMLSKJHIFFAW76CA,0.0,0.0,0.0,,
金沙鎮,土地,英坑段886地號,207.69,農,,,1011217,土地1建物0車位0,,,其他,,,,0.0,0,0,0,有,無,301150,1450,,0.0,0,,RPSNMLSKJHIFFAW86CA,0.0,0.0,0.0,,
金沙鎮,土地,榮湖段207地號,170.1,農,,,1011217,土地1建物0車位0,,,其他,,,,0.0,0,0,0,有,無,246645,1450,,0.0,0,,RPUNMLSKJHIFFAW07CA,0.0,0.0,0.0,,
金沙鎮,土地,英坑段1093地號,566.61,農,,,1011217,土地1建物0車位0,,,其他,,,,0.0,0,0,0,有,無,821584,1450,,0.0,0,,RPVNMLSKJHIFFAW17CA,0.0,0.0,0.0,,
金沙鎮,土地,英坑段1085地號,507.55,農,,,1011217,土地1建物0車位0,,,其他,,,,0.0,0,0,0,有,無,735947,1450,,0.0,0,,RPWNMLSKJHIFFAW27CA,0.0,0.0,0.0,,
金城鎮,房地(土地+建物),金門縣金城鎮金門城８２之７號三樓,52.5,其他,,,1011219,土地1建物1車位0,三層,三層,公寓(5樓含以下無電梯),,,1010529,101.39,3,2,2,有,無,4700000,46351,,0.0,0,,RPTNMLRJJHIFFAW76CA,86.69,1.01,8.89,,
金城鎮,房地(土地+建物),金門縣金城鎮夏墅２６號,184.0,住,,,1011219,土地2建物1車位0,全,三層,透天厝,住家用,鋼筋混凝土造,0870417,283.37,5,1,3,有,無,16000000,56463,,0.0,0,,RPPNMLMJJHIFFAW48CA,0.0,0.0,0.0,,
金寧鄉,土地,寧湖三劃段202地號,1000.0,農,,,1011226,土地1建物0車位0,,,其他,,,,0.0,0,0,0,有,無,4000000,4000,,0.0,0,,RPPNMLSLKIHFFAW86DA,0.0,0.0,0.0,,
金湖鎮,土地,湖前段933-1地號,297.4,其他,,,1011222,土地2建物0車位0,,,其他,,,,0.0,0,0,0,有,無,1960368,6592,,0.0,0,,RPTNMLSKJHIFFAW07DA,0.0,0.0,0.0,,
金寧鄉,土地,寧湖六劃段91地號,1000.0,農,,,1011218,土地1建物0車位0,,,其他,,,,0.0,0,0,0,有,無,3800000,3800,,0.0,0,,RPRNMLNJJHIFFAW88DA,0.0,0.0,0.0,,
金寧鄉,土地,西堡劃測段540地號,666.67,農,,,1011213,土地1建物0車位0,,,其他,,,,0.0,0,0,0,有,無,1130000,1695,,0.0,0,,RPUOMLRJJHIFFAW96CA,0.0,0.0,0.0,,
金湖鎮,土地,夏興段1276地號,853.0,住,,,1011210,土地1建物0車位0,,,其他,,,,0.0,0,0,0,有,無,10000000,11723,,0.0,0,,RPQNMLSJJHIFFAW56CA,0.0,0.0,0.0,,
金寧鄉,土地,鎮西段69-1地號,588.29,農,,,1011218,土地2建物0車位0,,,其他,,,,0.0,0,0,0,有,無,9000000,15299,,0.0,0,,RPTOMLRJJHIFFAW86CA,0.0,0.0,0.0,,
金寧鄉,土地,寧湖三劃段689地號,1000.0,農,,,1011224,土地1建物0車位0,,,其他,,,,0.0,0,0,0,有,無,3400000,3400,,0.0,0,,RPTNMLQJJHIFFAW66CA,0.0,0.0,0.0,,
金寧鄉,土地,中三劃測段675地號,2919.42,農,,,1011224,土地5建物0車位0,,,其他,,,,0.0,0,0,0,有,無,50000000,17127,,0.0,0,,RPWNMLRKJHIFFAW17CA,0.0,0.0,0.0,,
金沙鎮,土地,青嶼段927地號,151.5,住,,,1011226,土地1建物0車位0,,,其他,,,,0.0,0,0,0,有,無,600000,3960,,0.0,0,,RPQNMLOJJHIFFAW88DA,0.0,0.0,0.0,,
金城鎮,房地(土地+建物),金門縣金城鎮民權路184巷6弄6號,34.89,住,,,1011220,土地2建物1車位0,全,四層,透天厝,集合住宅、停車空間,鋼筋混凝土造,0971029,91.32,5,3,5,有,無,6000000,65703,,0.0,0,,RPUNMLRKJHIFFAW07DA,74.21,1.7,15.4,,
金湖鎮,房地(土地+建物),金門縣金湖鎮新市里復興路1-30號2樓之8,5.7,住,,,1011225,土地1建物1車位0,二層,六層,套房(1房1廳1衛),住家用,鋼筋混凝土造,0840530,36.76,1,0,1,無,無,800000,21763,,0.0,0,親友過戶.套房無廳,RPPNMLPLJHIFFAW09DA,23.22,0.0,3.96,,
金寧鄉,土地,寧湖三劃段284地號,1220.0,農,,,1011218,土地1建物0車位0,,,其他,,,,0.0,0,0,0,有,無,8700000,7131,,0.0,0,,RPQNMLNJJHIFFAW78DA,0.0,0.0,0.0,,
金湖鎮,土地,瓊林段331地號,433.93,農,,,1011218,土地1建物0車位0,,,其他,,,,0.0,0,0,0,有,無,694600,1601,,0.0,0,,RPRNMLOJJHIFFAW88CA,0.0,0.0,0.0,,
金城鎮,土地,北一段573地號,1004.74,農,,,1011220,土地1建物0車位0,,,其他,,,,0.0,0,0,0,有,無,12000000,11943,,0.0,0,,RPSOMLRJJHIFFAW76CA,0.0,0.0,0.0,,
金沙鎮,土地,擎天段1368地號,349.0,住,,,1011205,土地1建物0車位0,,,其他,,,,0.0,0,0,0,有,無,4100000,11748,,0.0,0,,RPRNMLSJJHIFFAW66CA,0.0,0.0,0.0,,
金湖鎮,土地,瓊林段163地號,514.36,農,,,1011218,土地1建物0車位0,,,其他,,,,0.0,0,0,0,有,無,822400,1599,,0.0,0,,RPSNMLTJJHIFFAW86CA,0.0,0.0,0.0,,
金沙鎮,土地,斗門劃測段3地號,1217.89,農,,,1011217,土地1建物0車位0,,,其他,,,,0.0,0,0,0,有,無,4497623,3693,,0.0,0,,RPSNMLSJJHIFFAW76CA,0.0,0.0,0.0,,
金沙鎮,土地,汶沙段1372地號,120.0,其他,,,1011218,土地1建物0車位0,,,其他,,,,0.0,0,0,0,有,無,420000,3500,,0.0,0,,RPUNMLRJJHIFFAW86CA,0.0,0.0,0.0,,
金城鎮,土地,水頭段247-1地號,423.15,農,,,1011218,土地2建物0車位0,,,其他,,,,0.0,0,0,0,有,無,4300000,10162,,0.0,0,,RPROMLRJJHIFFAW66CA,0.0,0.0,0.0,,
金湖鎮,土地,士校段790-5地號,206.11,其他,,,1020103,土地1建物0車位0,,,其他,,,,0.0,0,0,0,有,無,1298493,6300,,0.0,0,,RPQOMLQJKHIFFAW66DA,0.0,0.0,0.0,,
金城鎮,土地,旗牌段238地號,755.5,農,,,1020103,土地1建物0車位0,,,其他,,,,0.0,0,0,0,有,無,8500000,11251,,0.0,0,,RPTNMLSJJHIFFAW96DA,0.0,0.0,0.0,,
金寧鄉,土地,北二三劃測段208地號,885.17,農,,,1011220,土地1建物0車位0,,,其他,,,,0.0,0,0,0,有,無,8000000,9038,,0.0,0,,RPVNMLSJJHIFFAW17DA,0.0,0.0,0.0,,
金城鎮,土地,小西門劃測段151-11地號,206.05,其他,,,1011224,土地2建物0車位0,,,其他,,,,0.0,0,0,0,有,無,2300000,11162,,0.0,0,,RPPNMLTJJHIFFAW66DA,0.0,0.0,0.0,,
金寧鄉,土地,青山段156地號,1119.8,農,,,1011226,土地1建物0車位0,,,其他,,,,0.0,0,0,0,有,無,2800000,2500,,0.0,0,,RPUNMLKKJHIFFAW88CA,0.0,0.0,0.0,,
金城鎮,土地,后豐港段583地號,914.0,農,,,1011228,土地1建物0車位0,,,其他,,,,0.0,0,0,0,有,無,2700000,2954,,0.0,0,,RPXNMLSKJHIFFAW37CA,0.0,0.0,0.0,,
金寧鄉,土地,寧安四劃段591地號,1000.0,農,,,1011205,土地1建物0車位0,,,其他,,,,0.0,0,0,0,有,無,3000000,3000,,0.0,0,,RPSOMLPKJHIFFAW66CA,0.0,0.0,0.0,,
金寧鄉,土地,寧北一劃段334-6地號,227.0,農,,,1011227,土地1建物0車位0,,,其他,,,,0.0,0,0,0,有,無,295000,1300,,0.0,0,,RPPNMLQLJHIFFAW09CA,0.0,0.0,0.0,,
金城鎮,土地,天后宮段363地號,180.64,住,,,1011220,土地1建物0車位0,,,其他,,,,0.0,0,0,0,有,無,5000000,27679,,0.0,0,,RPQNMLSLJHIFFAW76CA,0.0,0.0,0.0,,
金沙鎮,土地,中蘭劃測段474地號,1960.12,農,,,1011220,土地2建物0車位0,,,其他,,,,0.0,0,0,0,有,無,10500000,5357,,0.0,0,,RPQNMLKKJHIFFAW48CA,0.0,0.0,0.0,,
金城鎮,土地,古坵段635地號,494.0,農,,,1011228,土地1建物0車位0,,,其他,,,,0.0,0,0,0,有,無,800000,1619,,0.0,0,,RPPNMLKKJHIFFAW38CA,0.0,0.0,0.0,,
金沙鎮,土地,浦邊測段624地號,1081.53,農,,,1011226,土地2建物0車位0,,,其他,,,,0.0,0,0,0,有,無,1942000,1796,,0.0,0,,RPQNMLQLJHIFFAW56CA,0.0,0.0,0.0,,
金寧鄉,土地,寧湖三劃段214地號,500.0,農,,,1011224,土地1建物0車位0,,,其他,,,,0.0,0,0,0,有,無,2050000,4100,,0.0,0,,RPROMLPKJHIFFAW56CA,0.0,0.0,0.0,,
金城鎮,房地(土地+建物),金門縣金城鎮民族路２１１號,40.86,商,,,1011231,土地2建物1車位0,全,二層,透天厝,店屋,鋼筋混凝土造,0571201,44.12,2,1,2,有,無,9696000,219764,,0.0,0,,RPQNMLLJKHIFFAW58CA,0.0,0.0,0.0,,
金沙鎮,土地,東珩段489地號,1760.19,農,,,1011228,土地1建物0車位0,,,其他,,,,0.0,0,0,0,有,無,2700000,1534,,0.0,0,,RPRNMLKKJHIFFAW68DA,0.0,0.0,0.0,,
金寧鄉,土地,中二劃段200地號,1000.0,農,,,1011223,土地1建物0車位0,,,其他,,,,0.0,0,0,0,有,無,7600000,7600,,0.0,0,,RPSNMLKKJHIFFAW78DA,0.0,0.0,0.0,,
金湖鎮,土地,湖前段1403地號,63.0,其他,,,1020108,土地1建物0車位0,,,其他,,,,0.0,0,0,0,有,無,500000,7937,,0.0,0,法院協商判決歸還,RPUNMLPJKHIFFAW86DA,0.0,0.0,0.0,,
金城鎮,房地(土地+建物),金門縣金城鎮珠浦西路６巷６弄３號五樓,23.03,住,,,1011221,土地1建物1車位0,五層,五層,公寓(5樓含以下無電梯),集合住宅,鋼筋混凝土造,0981006,63.84,3,2,1,有,無,4400000,68922,,0.0,0,,RPTNMLRKJHIFFAW86CA,54.62,0.0,9.22,,
金湖鎮,土地,峰上段645地號,2111.62,農,,,1011224,土地2建物0車位0,,,其他,,,,0.0,0,0,0,有,無,1200000,568,,0.0,0,親友特殊關係間之交易。,RPQNMLQKJHIFFAW09CA,0.0,0.0,0.0,,
金湖鎮,土地,峰上段529地號,504.04,農,,,1011224,土地1建物0車位0,,,其他,,,,0.0,0,0,0,有,無,300000,595,,0.0,0,親友特殊關係間之交易。,RPRNMLQKJHIFFAW56CA,0.0,0.0,0.0,,
金湖鎮,土地,峰上段457地號,502.42,農,,,1011224,土地1建物0車位0,,,其他,,,,0.0,0,0,0,有,無,300000,597,,0.0,0,親友特殊關係間之交易。,RPSNMLQKJHIFFAW66CA,0.0,0.0,0.0,,
金城鎮,土地,中一段421-2地號,990.69,住,,,1011219,土地3建物0車位0,,,其他,,,,0.0,0,0,0,有,無,24000000,24226,,0.0,0,,RPRNMLNLJHIFFAW98CA,0.0,0.0,0.0,,
金城鎮,土地,中一段408-4地號,992.73,其他,,,1011219,土地5建物0車位0,,,其他,,,,0.0,0,0,0,有,無,24000000,24176,,0.0,0,,RPSNMLNLJHIFFAW09CA,0.0,0.0,0.0,,
金城鎮,土地,歐厝段306地號,919.32,農,,,1011219,土地1建物0車位0,,,其他,,,,0.0,0,0,0,有,無,1700000,1849,,0.0,0,,RPTNMLQLJHIFFAW86CA,0.0,0.0,0.0,,
金城鎮,土地,歐厝段808地號,1230.88,農,,,1011224,土地2建物0車位0,,,其他,,,,0.0,0,0,0,有,無,2228000,1810,,0.0,0,,RPUNMLQLJHIFFAW96CA,0.0,0.0,0.0,,
金城鎮,房地(土地+建物),金門縣金城鎮民族路２１１號,13.62,商,,,1011231,土地2建物1車位0,全,二層,透天厝,店屋,鋼筋混凝土造,0571201,25.84,2,1,2,有,無,3232000,125077,,0.0,0,,RPRNMLKMJHIFFAW78CA,0.0,0.0,0.0,,
金城鎮,房地(土地+建物),金門縣金城鎮民族路２１１號,13.62,商,,,1011231,土地2建物1車位0,全,二層,透天厝,店屋,鋼筋混凝土造,0571201,25.84,2,1,2,有,無,3232000,125077,,0.0,0,,RPSNMLKMJHIFFAW88CA,0.0,0.0,0.0,,
金城鎮,土地,歐厝段846地號,786.54,農,,,1011218,土地1建物0車位0,,,其他,,,,0.0,0,0,0,有,無,3500000,4450,,0.0,0,,RPUNMLLMJHIFFAW56CA,0.0,0.0,0.0,,
金寧鄉,土地,后湖段907地號,476.06,農,,,1011227,土地1建物0車位0,,,其他,,,,0.0,0,0,0,有,無,760000,1596,,0.0,0,,RPVNMLLMJHIFFAW66CA,0.0,0.0,0.0,,
金沙鎮,土地,沙田劃段391地號,880.0,其他,,,1011214,土地1建物0車位0,,,其他,,,,0.0,0,0,0,有,無,2000000,2273,,0.0,0,,RPSNMLKLJHIFFAW78CA,0.0,0.0,0.0,,
金寧鄉,土地,湖下村段307地號,205.0,其他,,,1011227,土地1建物0車位0,,,其他,,,,0.0,0,0,0,有,無,3500000,17073,,0.0,0,,RPTOMLPKJHIFFAW76CA,0.0,0.0,0.0,,
金城鎮,土地,延平段328地號,984.65,農,,,1011221,土地1建物0車位0,,,其他,,,,0.0,0,0,0,有,無,8500000,8633,,0.0,0,,RPUOMLPKJHIFFAW86CA,0.0,0.0,0.0,,
金寧鄉,土地,寧山段509地號,1379.42,農,,,1011111,土地2建物0車位0,,,其他,,,,0.0,0,0,0,有,無,3000000,2175,,0.0,0,,RPVOMLQJKHIFFAW17DA,0.0,0.0,0.0,,
金城鎮,土地,祥瑞段854地號,329.06,其他,,,1020107,土地1建物0車位0,,,其他,,,,0.0,0,0,0,有,無,3000000,9117,,0.0,0,,RPOPMLPLJHIFFAW56DA,0.0,0.0,0.0,,
金沙鎮,土地,中蘭劃測段435地號,412.52,農,,,1011228,土地1建物0車位0,,,其他,,,,0.0,0,0,0,有,無,1500000,3636,,0.0,0,,RPRNMLOKJHIFFAW09DA,0.0,0.0,0.0,,
金寧鄉,土地,寧湖二劃測段198地號,667.42,農,,,1020111,土地1建物0車位0,,,其他,,,,0.0,0,0,0,有,無,6874426,10300,,0.0,0,,RPTOMLQJKHIFFAW96DA,0.0,0.0,0.0,,
金寧鄉,土地,寧湖二劃測段301-1地號,706.67,農,,,1020111,土地2建物0車位0,,,其他,,,,0.0,0,0,0,有,無,7420070,10500,,0.0,0,,RPUOMLQJKHIFFAW07DA,0.0,0.0,0.0,,
金城鎮,房地(土地+建物),金門縣金城鎮珠浦西路８２巷４３號,55.14,住,,,1011224,土地3建物1車位0,全,三層,透天厝,住家用,鋼筋混凝土加強磚造,0830823,104.49,5,2,3,有,無,3500000,33496,,0.0,0,,RPTNMLKLJHIFFAW88CA,104.49,0.0,0.0,,
金沙鎮,土地,沙港劃段940地號,1000.11,農,,,1011225,土地1建物0車位0,,,其他,,,,0.0,0,0,0,有,無,5000000,4999,,0.0,0,,RPWNMLOLJHIFFAW96CA,0.0,0.0,0.0,,
金城鎮,土地,旗牌段288-4地號,140.5,農,,,1011224,土地1建物0車位0,,,其他,,,,0.0,0,0,0,有,無,700000,4982,,0.0,0,,RPROMLKMJHIFFAW98DA,0.0,0.0,0.0,,
金城鎮,土地,旗牌段288-5地號,140.5,農,,,1011224,土地1建物0車位0,,,其他,,,,0.0,0,0,0,有,無,700000,4982,,0.0,0,,RPTOMLKMJHIFFAW56DA,0.0,0.0,0.0,,
金沙鎮,土地,榮湖段978地號,691.68,其他,,,1020121,土地1建物0車位0,,,其他,,,,0.0,0,0,0,有,無,656450,949,,0.0,0,,RPXNMLOLJHIFFAW07CA,0.0,0.0,0.0,,
金沙鎮,土地,榮湖段391地號,329.71,農,,,1011226,土地2建物0車位0,,,其他,,,,0.0,0,0,0,有,無,461000,1398,,0.0,0,,RPUNMLKLJHIFFAW98CA,0.0,0.0,0.0,,
金湖鎮,房地(土地+建物),金門縣金湖鎮林兜９５號,240.96,住,,,1020108,土地1建物1車位0,全,三層,透天厝,住家用,鋼筋混凝土造,1010501,322.66,6,3,4,有,無,8600000,26653,,0.0,0,土地、建物分別移轉,RPVNMLKLJHIFFAW09CA,298.18,0.0,24.48,,
金湖鎮,房地(土地+建物),金門縣金湖鎮塔后２０５號,100.67,住,,,1011203,土地1建物1車位0,全,二層,透天厝,住家用,鋼筋混凝土加強磚造,0840302,175.26,5,2,4,有,無,4500000,25676,,0.0,0,親友、員工或其他特殊關係間之交易。,RPPNMLNLJHIFFAW78CA,175.26,0.0,0.0,,
金寧鄉,土地,中三劃測段581地號,752.7,農,,,1011227,土地1建物0車位0,,,其他,,,,0.0,0,0,0,有,無,5000000,6643,,0.0,0,,RPPNMLRKJHIFFAW09CA,0.0,0.0,0.0,,
烈嶼鄉,土地,烈濱劃測段663地號,771.0,農,,,1011228,土地1建物0車位0,,,其他,,,,0.0,0,0,0,有,無,2000000,2594,,0.0,0,,RPQNMLRKJHIFFAW56CA,0.0,0.0,0.0,,
金寧鄉,土地,中三劃測段687-1地號,2248.11,農,,,1011230,土地4建物0車位0,,,其他,,,,0.0,0,0,0,有,無,12000000,5338,,0.0,0,,RPSNMLRKJHIFFAW76CA,0.0,0.0,0.0,,
金城鎮,土地,北一段558地號,503.31,農,,,1011226,土地1建物0車位0,,,其他,,,,0.0,0,0,0,有,無,7200000,14305,,0.0,0,,RPVNMLQLJHIFFAW07CA,0.0,0.0,0.0,,
金沙鎮,土地,北八劃段133地號,2000.0,其他,,,1011225,土地2建物0車位0,,,其他,,,,0.0,0,0,0,有,無,10000000,5000,,0.0,0,,RPVNMLLJKHIFFAW09CA,0.0,0.0,0.0,,
金沙鎮,土地,北八劃段100地號,1000.0,其他,,,1011225,土地1建物0車位0,,,其他,,,,0.0,0,0,0,有,無,5000000,5000,,0.0,0,,RPWNMLLJKHIFFAW56CA,0.0,0.0,0.0,,
金湖鎮,房地(土地+建物),金門縣金湖鎮復興路１之３９號４樓,28.5,住,,,1011222,土地1建物1車位0,四層,五層,公寓(5樓含以下無電梯),住家用,鋼筋混凝土造,0870217,102.83,3,2,2,有,無,4000000,38899,,0.0,0,,RPPQMLOJKHIFFAW09CA,81.25,0.0,10.56,,
金城鎮,土地,城南段7地號,18.52,商,,,1020103,土地2建物0車位0,,,店面(店鋪),,,,0.0,2,2,0,無,無,2000000,107991,,0.0,0,,RPUNMLLJKHIFFAW98CA,0.0,0.0,0.0,,
金沙鎮,土地,山西段906地號,445.51,其他,,,1020104,土地1建物0車位0,,,其他,,,,0.0,0,0,0,有,無,1920000,4310,,0.0,0,,RPVOMLLJKHIFFAW56CA,0.0,0.0,0.0,,
金城鎮,房地(土地+建物),金門縣金城鎮民權路２２６巷２弄１３號二樓,27.6,住,,,1020108,土地1建物1車位0,二層,十層,華廈(10層含以下有電梯),集合住宅,鋼筋混凝土造,1011128,132.44,3,2,2,有,無,6300000,47569,,0.0,0,,RPUNMLOJKHIFFAW66CA,85.13,6.26,9.16,,
金城鎮,房地(土地+建物),金門縣金城鎮民權路２２６巷２弄１３號三樓,27.6,住,,,1020108,土地1建物1車位0,三層,十層,華廈(10層含以下有電梯),集合住宅,鋼筋混凝土造,1011128,134.84,3,2,2,有,無,6100000,45239,,0.0,0,,RPVNMLOJKHIFFAW76CA,85.13,8.66,9.16,,
金城鎮,房地(土地+建物),金門縣金城鎮民權路２２６巷２弄１３號四樓,27.6,住,,,1020108,土地1建物1車位0,四層,十層,華廈(10層含以下有電梯),集合住宅,鋼筋混凝土造,1011128,132.29000000000002,3,2,2,有,無,6000000,45355,,0.0,0,,RPWNMLOJKHIFFAW86CA,85.13,6.11,9.16,,
金城鎮,房地(土地+建物),金門縣金城鎮民權路２２６巷２弄１３號五樓,27.6,住,,,1020108,土地1建物1車位0,五層,十層,華廈(10層含以下有電梯),集合住宅,鋼筋混凝土造,1011128,132.29000000000002,3,2,2,有,無,6250000,47245,,0.0,0,,RPXNMLOJKHIFFAW96CA,85.13,6.11,9.16,,
金城鎮,房地(土地+建物),金門縣金城鎮民權路２２６巷２弄１３號六樓,27.6,住,,,1020108,土地1建物1車位0,六層,十層,華廈(10層含以下有電梯),集合住宅,鋼筋混凝土造,1011128,132.29000000000002,3,2,2,有,無,6410000,48454,,0.0,0,,RPOOMLOJKHIFFAW78CA,85.13,6.11,9.16,,
金城鎮,房地(土地+建物),金門縣金城鎮民權路２２６巷２弄１３號七樓,27.6,住,,,1020108,土地1建物1車位0,七層,十層,華廈(10層含以下有電梯),集合住宅,鋼筋混凝土造,1011128,132.29000000000002,3,2,2,有,無,6900000,52158,,0.0,0,,RPPOMLOJKHIFFAW88CA,85.13,6.11,9.16,,
金城鎮,房地(土地+建物),金門縣金城鎮民權路２２６巷２弄１３號八樓,27.6,住,,,1020108,土地1建物1車位0,八層,十層,華廈(10層含以下有電梯),集合住宅,鋼筋混凝土造,1011128,132.29000000000002,3,2,2,有,無,7130000,53897,,0.0,0,,RPQOMLOJKHIFFAW98CA,85.13,6.11,9.16,,
金城鎮,房地(土地+建物),金門縣金城鎮民權路２２６巷２弄１３號九樓,27.6,住,,,1020108,土地1建物1車位0,九層,十層,華廈(10層含以下有電梯),集合住宅,鋼筋混凝土造,1011128,132.29000000000002,3,2,2,有,無,6890000,52083,,0.0,0,,RPROMLOJKHIFFAW09CA,85.13,6.11,9.16,,
金城鎮,房地(土地+建物),金門縣金城鎮民權路２２６巷２弄１３號十樓,27.6,住,,,1020108,土地1建物1車位0,十層,十層,華廈(10層含以下有電梯),集合住宅,鋼筋混凝土造,1011128,132.29000000000002,3,2,2,有,無,9450000,71434,,0.0,0,,RPSOMLOJKHIFFAW56CA,85.13,6.11,9.16,,
金城鎮,房地(土地+建物),金門縣金城鎮民權路２２６巷２弄１５號二樓,27.6,住,,,1020108,土地1建物1車位0,二層,十層,華廈(10層含以下有電梯),集合住宅,鋼筋混凝土造,1011128,132.44,3,2,2,有,無,6700000,50589,,0.0,0,,RPTOMLOJKHIFFAW66CA,85.13,6.26,9.16,,
金城鎮,房地(土地+建物),金門縣金城鎮民權路２２６巷２弄１５號三樓,27.6,住,,,1020108,土地1建物1車位0,三層,十層,華廈(10層含以下有電梯),集合住宅,鋼筋混凝土造,1011128,134.84,3,2,2,有,無,6100000,45239,,0.0,0,,RPUOMLOJKHIFFAW76CA,85.13,8.66,9.16,,
金城鎮,房地(土地+建物),金門縣金城鎮民權路２２６巷２弄１５號四樓,27.6,住,,,1020108,土地1建物1車位0,四層,十層,華廈(10層含以下有電梯),集合住宅,鋼筋混凝土造,1011128,132.29000000000002,3,2,2,有,無,6000000,45355,,0.0,0,,RPVOMLOJKHIFFAW86CA,85.13,6.11,9.16,,
金城鎮,房地(土地+建物),金門縣金城鎮民權路２２６巷２弄１５號五樓,27.6,住,,,1020108,土地1建物1車位0,五層,十層,華廈(10層含以下有電梯),集合住宅,鋼筋混凝土造,1011128,132.29000000000002,3,2,2,有,無,6100000,46111,,0.0,0,,RPWOMLOJKHIFFAW96CA,85.13,6.11,9.16,,
金城鎮,房地(土地+建物),金門縣金城鎮民權路２２６巷２弄１５號六樓,27.6,住,,,1020108,土地1建物1車位0,六層,十層,華廈(10層含以下有電梯),集合住宅,鋼筋混凝土造,1011128,132.29000000000002,3,2,2,有,無,6350000,48001,,0.0,0,,RPXOMLOJKHIFFAW07CA,85.13,6.11,9.16,,
金城鎮,房地(土地+建物),金門縣金城鎮民權路２２６巷２弄１５號七樓,27.6,住,,,1020108,土地1建物1車位0,七層,十層,華廈(10層含以下有電梯),集合住宅,鋼筋混凝土造,1011128,132.29000000000002,3,2,2,有,無,6900000,52158,,0.0,0,,RPOPMLOJKHIFFAW88CA,85.13,6.11,9.16,,
金城鎮,房地(土地+建物),金門縣金城鎮民權路２２６巷２弄１５號八樓,27.6,住,,,1020108,土地1建物1車位0,八層,十層,華廈(10層含以下有電梯),集合住宅,鋼筋混凝土造,1011128,132.29000000000002,3,2,2,有,無,7130000,53897,,0.0,0,,RPPPMLOJKHIFFAW98CA,85.13,6.11,9.16,,
金城鎮,房地(土地+建物),金門縣金城鎮民權路２２６巷２弄１５號九樓,27.6,住,,,1020108,土地1建物1車位0,九層,十層,華廈(10層含以下有電梯),集合住宅,鋼筋混凝土造,1011128,132.29000000000002,3,2,2,有,無,6880000,52007,,0.0,0,,RPQPMLOJKHIFFAW09CA,85.13,6.11,9.16,,
金城鎮,房地(土地+建物),金門縣金城鎮民權路２２６巷２弄１５號十樓,27.6,住,,,1020108,土地1建物1車位0,十層,十層,華廈(10層含以下有電梯),集合住宅,鋼筋混凝土造,1011128,132.29000000000002,3,2,2,有,無,8000000,60473,,0.0,0,,RPRPMLOJKHIFFAW56CA,85.13,6.11,9.16,,
金湖鎮,房地(土地+建物),金門縣金湖鎮信義新村１０８號,74.9,住,,,1011228,土地1建物1車位0,一層,三層,公寓(5樓含以下無電梯),住家用,鋼筋混凝土造,0940420,92.42,3,2,2,有,無,4000000,43281,,0.0,0,,RPSPMLOJKHIFFAW66CA,73.22,0.0,3.78,,
金沙鎮,土地,蔡厝劃測段34地號,261.02,農,,,1011226,土地1建物0車位0,,,其他,,,,0.0,0,0,0,有,無,468000,1793,,0.0,0,,RPRNMLQLJHIFFAW66CA,0.0,0.0,0.0,,
金沙鎮,土地,大山段566地號,980.27,農,,,1011226,土地1建物0車位0,,,其他,,,,0.0,0,0,0,有,無,1420000,1449,,0.0,0,,RPSNMLQLJHIFFAW76CA,0.0,0.0,0.0,,
金寧鄉,土地,安西劃段646地號,861.41,農,,,1020110,土地1建物0車位0,,,其他,,,,0.0,0,0,0,有,無,3300000,3831,,0.0,0,,RPPNMLSLJHIFFAW76DA,0.0,0.0,0.0,,
金沙鎮,土地,山西段330地號,1448.62,農,,,1020114,土地3建物0車位0,,,其他,,,,0.0,0,0,0,有,無,1595000,1101,,0.0,0,,RPVNMLRKJHIFFAW17DA,0.0,0.0,0.0,,
金湖鎮,房地(土地+建物),金門縣金湖鎮武德新莊自強路21號7樓之1,21.86,商,,,1020214,土地2建物1車位0,七層,八層,辦公商業大樓,集合住宅,鋼筋混凝土造,0890517,84.19,3,1,2,有,無,3900000,46324,,0.0,0,,RPROMLLLKHIFFAW09DA,75.54,0.0,8.65,,
金沙鎮,土地,碧山段1522地號,337.75,其他,,,1020115,土地1建物0車位0,,,其他,,,,0.0,0,0,0,有,無,1690000,5004,,0.0,0,,RPRNMLPLJHIFFAW66DA,0.0,0.0,0.0,,
金寧鄉,土地,煙墩段1007地號,1031.89,其他,,,1011212,土地1建物0車位0,,,其他,,,,0.0,0,0,0,有,無,15000000,14536,,0.0,0,,RPVOMLPLJHIFFAW07CA,0.0,0.0,0.0,,
金寧鄉,土地,昔果山段76地號,242.0,其他,,,1020104,土地1建物0車位0,,,其他,,,,0.0,0,0,0,有,無,3000000,12397,,0.0,0,,RPWOMLPLJHIFFAW17CA,0.0,0.0,0.0,,
金城鎮,土地,后豐港段545地號,695.0,農,,,1020115,土地1建物0車位0,,,其他,,,,0.0,0,0,0,有,無,1000000,1439,,0.0,0,,RPXNMLTLJHIFFAW57CA,0.0,0.0,0.0,,
金沙鎮,土地,沙碧劃段193地號,786.0,農,,,1020107,土地2建物0車位0,,,其他,,,,0.0,0,0,0,有,無,1218300,1550,,0.0,0,,RPOOMLTLJHIFFAW76CA,0.0,0.0,0.0,,
金沙鎮,土地,后宅測段1305地號,660.89,農,,,1020107,土地1建物0車位0,,,其他,,,,0.0,0,0,0,有,無,2200000,3329,,0.0,0,,RPPOMLTLJHIFFAW86CA,0.0,0.0,0.0,,
金寧鄉,土地,寧安四劃段257地號,1333.33,農,,,1020106,土地1建物0車位0,,,其他,,,,0.0,0,0,0,有,無,3900000,2925,,0.0,0,,RPXOMLPLJHIFFAW27CA,0.0,0.0,0.0,,
金寧鄉,土地,寧湖二劃測段1234地號,1837.55,農,,,1020108,土地2建物0車位0,,,其他,,,,0.0,0,0,0,有,無,5000000,2721,,0.0,0,,RPUNMLNLJHIFFAW66CA,0.0,0.0,0.0,,
金沙鎮,土地,蔡厝劃測段195地號,1180.22,農,,,1020104,土地1建物0車位0,,,其他,,,,0.0,0,0,0,有,無,3450000,2923,,0.0,0,,RPSOMLLJKHIFFAW88CA,0.0,0.0,0.0,,
金沙鎮,土地,碧山段1522地號,337.75,其他,,,1020115,土地1建物0車位0,,,其他,,,,0.0,0,0,0,有,無,1690000,5004,,0.0,0,,RPSNMLPLJHIFFAW76DA,0.0,0.0,0.0,,
金寧鄉,土地,后沙劃測段666地號,453.58,農,,,1020104,土地1建物0車位0,,,其他,,,,0.0,0,0,0,有,無,1300000,2866,,0.0,0,,RPSNMLSKKHIFFAW07DA,0.0,0.0,0.0,,
金沙鎮,土地,官嶼劃段782-1地號,1000.0,農,,,1020111,土地2建物0車位0,,,其他,,,,0.0,0,0,0,有,無,2300000,2300,,0.0,0,,RPPPMLPLJHIFFAW66DA,0.0,0.0,0.0,,
金寧鄉,土地,寧安二劃段183地號,667.0,農,,,1020107,土地1建物0車位0,,,其他,,,,0.0,0,0,0,有,無,2350000,3523,,0.0,0,,RPQOMLPLJHIFFAW56CA,0.0,0.0,0.0,,
金寧鄉,土地,安西劃段673地號,419.37,農,,,1020109,土地1建物0車位0,,,其他,,,,0.0,0,0,0,有,無,1350000,3219,,0.0,0,,RPROMLPLJHIFFAW66CA,0.0,0.0,0.0,,
金寧鄉,土地,長寮段1410地號,599.2,其他,,,1020108,土地1建物0車位0,,,其他,,,,0.0,0,0,0,有,無,1850000,3087,,0.0,0,,RPSOMLPLJHIFFAW76CA,0.0,0.0,0.0,,
金城鎮,土地,水頭段931地號,3512.39,農,,,1011220,土地10建物0車位0,,,其他,,,,0.0,0,0,0,有,無,11500000,3274,,0.0,0,,RPPNMLLMJHIFFAW68CA,0.0,0.0,0.0,,
金寧鄉,土地,寧北一劃段334-6地號,227.0,農,,,1020109,土地1建物0車位0,,,其他,,,,0.0,0,0,0,有,無,380000,1674,,0.0,0,,RPTOMLPLJHIFFAW86CA,0.0,0.0,0.0,,
金城鎮,土地,延平段679地號,258.89,其他,,,1011225,土地3建物0車位0,,,其他,,,,0.0,0,0,0,有,無,2100000,8112,,0.0,0,,RPUOMLPLJHIFFAW96CA,0.0,0.0,0.0,,
金城鎮,土地,東沙段334-1地號,694.0,農,,,1020123,土地1建物0車位0,,,其他,,,,0.0,0,0,0,有,無,1800000,2594,,0.0,0,,RPUNMLTLJHIFFAW37DA,0.0,0.0,0.0,,
金沙鎮,土地,碧山段1522地號,675.5,其他,,,1011228,土地1建物0車位0,,,其他,,,,0.0,0,0,0,有,無,3377500,5000,,0.0,0,,RPQNMLPLJHIFFAW56DA,0.0,0.0,0.0,,
金沙鎮,土地,擎天段1475地號,3739.0,農,,,1020118,土地3建物0車位0,,,其他,,,,0.0,0,0,0,有,無,13000000,3477,,0.0,0,,RPSNMLOJKHIFFAW09CA,0.0,0.0,0.0,,
金寧鄉,土地,青山段1298地號,713.02,農,,,1011230,土地1建物0車位0,,,其他,,,,0.0,0,0,0,有,無,4991140,7000,,0.0,0,,RPOOMLRJKHIFFAW09CA,0.0,0.0,0.0,,
金湖鎮,土地,后壟段199地號,750.0,農,,,1020114,土地1建物0車位0,,,其他,,,,0.0,0,0,0,有,無,1600000,2133,,0.0,0,,RPTPMLOJKHIFFAW76CA,0.0,0.0,0.0,,
金城鎮,土地,庵前劃測段641地號,875.01,其他,,,1020111,土地1建物0車位0,,,其他,,,,0.0,0,0,0,有,無,4500000,5143,,0.0,0,,RPQNMLSJKHIFFAW66CA,0.0,0.0,0.0,,
金寧鄉,土地,龍潭段278地號,2844.46,農,,,1020118,土地7建物0車位0,,,其他,,,,0.0,0,0,0,有,無,7500000,2637,,0.0,0,,RPVNMLRJKHIFFAW07CA,0.0,0.0,0.0,,
金寧鄉,土地,北二三劃測段347-1地號,1500.47,農,,,1020113,土地2建物0車位0,,,其他,,,,0.0,0,0,0,有,無,9600000,6398,,0.0,0,,RPXNMLLMJHIFFAW86CA,0.0,0.0,0.0,,
金沙鎮,土地,汶沙段604地號,607.0,農,,,1020111,土地1建物0車位0,,,其他,,,,0.0,0,0,0,有,無,2500000,4119,,0.0,0,,RPXNMLKMJHIFFAW76CA,0.0,0.0,0.0,,
金沙鎮,土地,官嶼劃段1027地號,1000.0,其他,,,1020117,土地1建物0車位0,,,其他,,,,0.0,0,0,0,有,無,2000000,2000,,0.0,0,,RPOOMLKMJHIFFAW58CA,0.0,0.0,0.0,,
金沙鎮,土地,官嶼劃段1042地號,1000.0,其他,,,1020117,土地1建物0車位0,,,其他,,,,0.0,0,0,0,有,無,2000000,2000,,0.0,0,,RPPOMLKMJHIFFAW68CA,0.0,0.0,0.0,,
金湖鎮,房地(土地+建物),金門縣金湖鎮湖前2之6號三樓,38.2,其他,,,1011226,土地1建物1車位0,三層,三層,公寓(5樓含以下無電梯),集合住宅,鋼筋混凝土造,1011022,71.08,2,2,2,有,無,2800000,39392,,0.0,0,,RPUOMLKMJHIFFAW56CA,57.61,0.0,5.83,,
金湖鎮,房地(土地+建物),金門縣金湖鎮湖前2之7號二樓,39.11,其他,,,1011225,土地1建物1車位0,二層,三層,公寓(5樓含以下無電梯),集合住宅,鋼筋混凝土造,1011022,72.82,2,2,2,有,無,3200000,43944,,0.0,0,,RPWOMLKMJHIFFAW76CA,59.17,0.0,5.83,,
金寧鄉,房地(土地+建物),金門縣金寧鄉埔邊２８號,65.67,住,,,1011231,土地6建物1車位0,全,三層,透天厝,住家用,鋼筋混凝土加強磚造,0831206,184.8,6,2,3,有,無,7000000,37879,,0.0,0,,RPUNMLKMJHIFFAW09CA,184.8,0.0,0.0,,
金寧鄉,土地,機場段985地號,465.32,農,,,1020118,土地1建物0車位0,,,其他,,,,0.0,0,0,0,有,無,800000,1719,,0.0,0,,RPPNMLSKKHIFFAW76DA,0.0,0.0,0.0,,
烈嶼鄉,房地(土地+建物),金門縣烈嶼鄉雙口五號,400.0,其他,,,1011226,土地2建物1車位0,全,一層,透天厝,住家用,磚石造,0010101,141.87,4,2,1,有,無,6500000,45817,,0.0,0,,RPPNMLNLKHIFFAW98DA,133.94,0.0,7.93,,
金城鎮,土地,烏土段272地號,433.41,農,,,1020102,土地3建物0車位0,,,其他,,,,0.0,0,0,0,有,無,3712345,8565,,0.0,0,,RPPNMLPJKHIFFAW98DA,0.0,0.0,0.0,,
金湖鎮,房地(土地+建物),金門縣金湖鎮后園３４號,33.25,住,,,1011231,土地3建物1車位0,一層,二層,公寓(5樓含以下無電梯),住家用,鋼筋混凝土加強磚造,0840426,98.96,3,1,1,有,無,2880000,29103,,0.0,0,,RPRNMLOJKHIFFAW98CA,95.26,3.7,0.0,,
金湖鎮,土地,夏興段435地號,1005.3,其他,,,1020111,土地1建物0車位0,,,其他,,,,0.0,0,0,0,有,無,3200000,3183,,0.0,0,,RPVNMLKMJHIFFAW56CA,0.0,0.0,0.0,,
金沙鎮,土地,汶沙段367地號,544.0,住,,,1011231,土地1建物0車位0,,,其他,,,,0.0,0,0,0,有,無,3250000,5974,,0.0,0,,RPWNMLKMJHIFFAW66CA,0.0,0.0,0.0,,
金寧鄉,土地,后垵段692-1地號,357.04,其他,,,1020114,土地1建物0車位0,,,其他,,,,0.0,0,0,0,有,無,1000000,2801,,0.0,0,,RPTNMLKMJHIFFAW98CA,0.0,0.0,0.0,,
金湖鎮,土地,湖東劃段260地號,1000.0,農,,,1020119,土地1建物0車位0,,,其他,,,,0.0,0,0,0,有,無,2800000,2800,,0.0,0,,RPTNMLOJKHIFFAW56CA,0.0,0.0,0.0,,
金湖鎮,房地(土地+建物),金門縣金湖鎮湖前２之７號三樓,39.11,其他,,,1011225,土地1建物1車位0,三層,三層,公寓(5樓含以下無電梯),集合住宅,鋼筋混凝土造,1011022,72.82,2,2,2,有,無,2800000,38451,,0.0,0,,RPWOMLLJKHIFFAW66CA,59.17,0.0,5.83,,
金城鎮,土地,蜈蚣山段507地號,252.11,其他,,,1020116,土地1建物0車位0,,,其他,,,,0.0,0,0,0,有,無,378165,1500,,0.0,0,,RPPNMLOJKHIFFAW78CA,0.0,0.0,0.0,,
金沙鎮,土地,鵲山段456-3地號,5799.95,其他,,,1011227,土地1建物0車位0,,,其他,,,,0.0,0,0,0,有,無,17400000,3000,,0.0,0,,RPQNMLNLKHIFFAW98CA,0.0,0.0,0.0,,
金寧鄉,土地,機場段379地號,754.54,農,,,1020118,土地1建物0車位0,,,其他,,,,0.0,0,0,0,有,無,1600000,2120,,0.0,0,,RPWNMLLMJHIFFAW76CA,0.0,0.0,0.0,,
金城鎮,房地(土地+建物),金門縣金城鎮民權路６３巷３號五樓,24.87,住,,,1020122,土地2建物1車位0,五層,五層,華廈(10層含以下有電梯),集合住宅,鋼筋混凝土造,1011122,80.51,2,1,1,有,無,5000000,62104,,0.0,0,,RPQNMLRLKHIFFAW76CA,52.78,0.0,9.74,,
金城鎮,房地(土地+建物),金門縣金城鎮民權路63巷5號2樓,26.44,住,,,1020122,土地2建物1車位0,二層,五層,華廈(10層含以下有電梯),集合住宅,鋼筋混凝土造,1011122,85.58,3,2,2,有,有,5700000,66604,,0.0,0,,RPRNMLRLKHIFFAW86CA,60.21,0.0,6.24,,
金城鎮,房地(土地+建物),金門縣金城鎮民權路63巷5號三樓,26.44,住,,,1020122,土地2建物1車位0,三層,五層,華廈(10層含以下有電梯),集合住宅,鋼筋混凝土造,1011122,85.58,3,2,2,有,有,5300000,61930,,0.0,0,,RPSNMLRLKHIFFAW96CA,60.21,0.0,6.24,,
金城鎮,房地(土地+建物),金門縣金城鎮民權路63巷5號四樓,26.44,住,,,1020122,土地2建物1車位0,四層,五層,華廈(10層含以下有電梯),集合住宅,鋼筋混凝土造,1011122,85.58,3,2,2,有,有,4700000,54919,,0.0,0,,RPTNMLRLKHIFFAW07CA,60.21,0.0,6.24,,
金城鎮,房地(土地+建物),金門縣金城鎮民權路63巷5號五樓,26.44,住,,,1020122,土地2建物1車位0,五層,五層,華廈(10層含以下有電梯),集合住宅,鋼筋混凝土造,1011122,85.58,3,2,2,有,有,5300000,61930,,0.0,0,,RPUNMLRLKHIFFAW17CA,60.21,0.0,6.24,,
金城鎮,土地,蜈蚣山段603地號,109.29,其他,,,1020116,土地1建物0車位0,,,其他,,,,0.0,0,0,0,有,無,163935,1500,,0.0,0,,RPQNMLOJKHIFFAW88CA,0.0,0.0,0.0,,
金沙鎮,土地,榮湖段120地號,729.21,農,,,1020125,土地2建物0車位0,,,其他,,,,0.0,0,0,0,有,無,1130000,1550,,0.0,0,,RPUOMLLLKHIFFAW66CA,0.0,0.0,0.0,,
金城鎮,房地(土地+建物),金門縣金寧鄉大學路５３巷６弄１號三樓之２,8.71,農,,,1011230,土地2建物1車位0,三層,三層,套房(1房1廳1衛),集合住宅,鋼筋混凝土造,0981222,23.64,1,1,1,有,無,1400000,59222,,0.0,0,,RPUNMLMLKHIFFAW66CA,19.67,0.0,0.0,,
金沙鎮,土地,山西段1482地號,875.22,其他,,,1020105,土地3建物0車位0,,,其他,,,,0.0,0,0,0,有,無,1225308,1400,,0.0,0,,RPOPMLLJKHIFFAW58CA,0.0,0.0,0.0,,
金沙鎮,土地,山西段1175地號,593.69,其他,,,1020105,土地2建物0車位0,,,其他,,,,0.0,0,0,0,有,無,831166,1400,,0.0,0,,RPPPMLLJKHIFFAW68CA,0.0,0.0,0.0,,
金沙鎮,土地,山西段1642地號,880.64,農,,,1020105,土地3建物0車位0,,,其他,,,,0.0,0,0,0,有,無,1232896,1400,,0.0,0,,RPQPMLLJKHIFFAW78CA,0.0,0.0,0.0,,
金沙鎮,土地,官澳測段448-1地號,369.06,農,,,1020117,土地2建物0車位0,,,其他,,,,0.0,0,0,0,有,無,240000,650,,0.0,0,,RPPOMLMJKHIFFAW68CA,0.0,0.0,0.0,,
金寧鄉,土地,寧劃段793地號,500.0,農,,,1020115,土地1建物0車位0,,,其他,,,,0.0,0,0,0,有,無,2950000,5900,,0.0,0,,RPUPMLOJKHIFFAW86CA,0.0,0.0,0.0,,
金寧鄉,土地,寧劃段805地號,500.0,農,,,1020115,土地1建物0車位0,,,其他,,,,0.0,0,0,0,有,無,2950000,5900,,0.0,0,,RPVPMLOJKHIFFAW96CA,0.0,0.0,0.0,,
金寧鄉,土地,西堡劃測段416地號,800.03,農,,,1020114,土地1建物0車位0,,,其他,,,,0.0,0,0,0,有,無,2600000,3250,,0.0,0,,RPXPMLOJKHIFFAW17CA,0.0,0.0,0.0,,
烈嶼鄉,土地,大山頂測段780-2地號,750.37,其他,,,1020122,土地5建物0車位0,,,其他,,,,0.0,0,0,0,有,無,1050000,1399,,0.0,0,,RPSNMLPJKHIFFAW66DA,0.0,0.0,0.0,,
金寧鄉,土地,安岐村段174地號,179.0,其他,,,1020129,土地1建物0車位0,,,其他,,,,0.0,0,0,0,有,無,2100000,11732,,0.0,0,,RPPNMLLJKHIFFAW58DA,0.0,0.0,0.0,,
金城鎮,土地,水頭段248-1地號,199.05,農,,,1020108,土地2建物0車位0,,,其他,,,,0.0,0,0,0,有,無,1200000,6029,,0.0,0,,RPRNMLSKKHIFFAW96DA,0.0,0.0,0.0,,
