﻿鄉鎮市區,交易標的,土地位置建物門牌,土地移轉總面積平方公尺,都市土地使用分區,非都市土地使用分區,非都市土地使用編定,交易年月日,交易筆棟數,移轉層次,總樓層數,建物型態,主要用途,主要建材,建築完成年月,建物移轉總面積平方公尺,建物現況格局-房,建物現況格局-廳,建物現況格局-衛,建物現況格局-隔間,有無管理組織,總價元,單價元平方公尺,車位類別,車位移轉總面積(平方公尺),車位總價元,備註,編號,主建物面積,附屬建物面積,陽台面積,電梯,移轉編號
The villages and towns urban district,transaction sign,land sector position building sector house number plate,land shifting total area square meter,the use zoning or compiles and checks,the non-metropolis land use district,non-metropolis land use,transaction year month and day,transaction pen number,shifting level,total floor number,building state,main use,main building materials,construction to complete the years,building shifting total area,Building present situation pattern - room,building present situation pattern - hall,building present situation pattern - health,building present situation pattern - compartmented,Whether there is manages the organization,total price NTD,the unit price (NTD / square meter),the berth category,berth shifting total area square meter,the berth total price NTD,the note,serial number,,,,,
馬公市,土地,國宅段129地號,771.45,,一般農業區,農牧用地,1011029,土地1建物0車位0,,,其他,,,,0.0,0,0,0,無,無,2917000,3781,,0.0,0,,RPVNMLTJJIHFFAX27CA,0.0,0.0,0.0,,
馬公市,土地,光榮段402地號,19.55,住,,,1011030,土地1建物0車位0,,,其他,,,,0.0,0,0,0,有,無,500000,25575,,0.0,0,,RPQNMLTJJIHFFAX86DA,0.0,0.0,0.0,,
湖西鄉,土地,潭邊新段318地號,401.6,,一般農業區,農牧用地,1011012,土地2建物0車位0,,,其他,,,,0.0,0,0,0,有,無,800000,1992,,0.0,0,,RPPNMLTJJIHFFAX76DA,0.0,0.0,0.0,,
西嶼鄉,土地,二崁南段1179地號,1038.25,,風景區,農牧用地,1011029,土地1建物0車位0,,,其他,,,,0.0,0,0,0,無,無,786000,757,,0.0,0,共有人數:2人。,RPUNMLTJJIHFFAX17CA,0.0,0.0,0.0,,
西嶼鄉,土地,竹篙灣段1607-1地號,49.95,,一般農業區,農牧用地,1011102,土地14建物0車位0,,,其他,,,,0.0,0,0,0,有,無,23322,467,,0.0,0,親戚姐弟買賣價格偏低,RPPNMLOKJIHFFAX88CA,0.0,0.0,0.0,,
馬公市,房地(土地+建物),澎湖縣馬公巿民裕街３６巷７號五樓,51.95,住,,,1011007,土地0建物1車位0,五層,五層,公寓(5樓含以下無電梯),國民住宅,鋼筋混凝土造,0840119,103.09,3,1,2,有,無,2600000,25221,,0.0,0,,RPSNMLNKJIHFFAX09CA,94.27,8.82,0.0,,
西嶼鄉,土地,二崁南段1222地號,1403.59,其他,風景區,農牧用地,1011029,土地1建物0車位0,,,其他,,,,0.0,0,0,0,有,無,5286021,3766,,0.0,0,,RPXNMLSJJIHFFAX37CA,0.0,0.0,0.0,,
馬公市,土地,文石段1220-9地號,206.63,,一般農業區,甲種建築用地,1011024,土地2建物0車位0,全,,透天厝,,,,0.0,5,2,4,有,無,7260000,35135,,0.0,0,變更起造人，含未來興建房屋之建築費用。,RPPOMLTJJIHFFAX76CA,0.0,0.0,0.0,,
馬公市,房地(土地+建物),澎湖縣馬公巿烏崁１２８之１１號,85.12,,鄉村區,乙種建築用地,1010922,土地1建物1車位0,全,三層,透天厝,住家用,鋼筋混凝土造,0860913,149.1,4,1,3,有,無,4200000,28169,,0.0,0,,RPXNMLNKJIHFFAX96CA,149.1,0.0,0.0,,
白沙鄉,土地,赤崁南段25地號,1550.28,,一般農業區,農牧用地,1011105,土地3建物0車位0,,,其他,,,,0.0,0,0,0,有,無,4000000,2580,,0.0,0,,RPUNMLKLJIHFFAX09CA,0.0,0.0,0.0,,
馬公市,土地,五福段1296地號,45.79,,一般農業區,農牧用地,1011019,土地1建物0車位0,,,其他,,,,0.0,0,0,0,有,無,146000,3188,,0.0,0,,RPQNMLSJJIHFFAX76DA,0.0,0.0,0.0,,
西嶼鄉,土地,內垵三段1449地號,4293.64,,風景區,農牧用地,1011105,土地8建物0車位0,,,其他,,,,0.0,0,0,0,有,無,1803328,420,,0.0,0,,RPRNMLTLJIHFFAX17DA,0.0,0.0,0.0,,
湖西鄉,土地,成功南段967地號,2330.42,,一般農業區,農牧用地,1010927,土地1建物0車位0,,,其他,,,,0.0,0,0,0,有,無,3100000,1330,,0.0,0,本買賣案件係屬受債務抵償之交易，其交易價格異於市場價格。,RPTNMLOJKIHFFAX76DA,0.0,0.0,0.0,,
馬公市,房地(土地+建物),澎湖縣馬公巿光榮里18鄰三多路388號,122.08,住,,,1011105,土地1建物1車位0,全,四層,透天厝,住家用,鋼筋混凝土造,0991001,281.72,5,2,6,有,無,9800000,34786,,0.0,0,,RPQNMLOKJIHFFAX09DA,261.57,20.15,0.0,,
馬公市,房地(土地+建物),澎湖縣馬公巿光復路162巷3號,98.53,住,,,1011027,土地1建物1車位0,全,二層,透天厝,住家用,鋼筋混凝土加強磚造,0780524,144.4,4,2,2,有,無,7060000,48892,,0.0,0,,RPPNMLPKJIHFFAX09DA,144.4,0.0,0.0,,
湖西鄉,土地,許家段191地號,1040.72,,風景區,農牧用地,1011102,土地1建物0車位0,,,其他,,,,0.0,0,0,0,無,無,2140000,2056,,0.0,0,,RPOOMLTJJIHFFAX66CA,0.0,0.0,0.0,,
馬公市,土地,光華段445地號,344.9,,一般農業區,農牧用地,1011024,土地1建物0車位0,,,其他,,,,0.0,0,0,0,有,無,1456000,4222,,0.0,0,,RPTNMLLLJIHFFAX09CA,0.0,0.0,0.0,,
白沙鄉,土地,赤崁中段741地號,566.96,,一般農業區,農牧用地,1011113,土地3建物0車位0,,,其他,,,,0.0,0,0,0,有,無,283000,499,,0.0,0,未辦繼承標售由親屬標得，標得金額偏低,RPUNMLNKJIHFFAX86EA,0.0,0.0,0.0,,
湖西鄉,土地,許家段218地號,807.36,,風景區,農牧用地,1011024,土地2建物0車位0,,,其他,,,,0.0,0,0,0,有,無,6500000,8051,,0.0,0,,RPWNMLKLJIHFFAX66CA,0.0,0.0,0.0,,
馬公市,土地,安宅段380地號,1155.5,,一般農業區,農牧用地,1011013,土地1建物0車位0,,,其他,,,,0.0,0,0,0,有,無,5000000,4327,,0.0,0,,RPPNMLMJKIHFFAX68CA,0.0,0.0,0.0,,
馬公市,土地,六合段213地號,865.3,,一般農業區,農牧用地,1011101,土地1建物0車位0,,,其他,,,,0.0,0,0,0,有,無,9620000,11118,,0.0,0,,RPQNMLPKJIHFFAX56DA,0.0,0.0,0.0,,
馬公市,土地,六合段1-1地號,4.32,,鄉村區,乙種建築用地,1011112,土地1建物0車位0,,,其他,,,,0.0,0,0,0,有,無,58752,13600,,0.0,0,西衛里中路協議價購（13600/m2）,RPQNMLQKJIHFFAX66DA,0.0,0.0,0.0,,
馬公市,土地,文石段31-4地號,218.1,,一般農業區,甲種建築用地,1011011,土地2建物0車位0,,,其他,,,,0.0,0,0,0,有,無,7800000,35763,,0.0,0,變更起造人含未來興建房屋建築費用,RPRNMLTKJIHFFAX07DA,0.0,0.0,0.0,,
馬公市,土地,光華段720-4地號,185.16,,一般農業區,甲種建築用地,1011109,土地2建物0車位0,,,其他,,,,0.0,0,0,0,有,無,1120000,6049,,0.0,0,,RPRNMLOJKIHFFAX56DA,0.0,0.0,0.0,,
馬公市,土地,海堤段1055地號,1105.32,,一般農業區,農牧用地,1011031,土地2建物0車位0,,,其他,,,,0.0,0,0,0,有,無,3675000,3325,,0.0,0,,RPQNMLMJKIHFFAX78CA,0.0,0.0,0.0,,
馬公市,土地,鎖港西段814地號,557.45,農,,,1011031,土地1建物0車位0,,,其他,,,,0.0,0,0,0,有,無,600000,1076,,0.0,0,,RPRNMLMJKIHFFAX88CA,0.0,0.0,0.0,,
馬公市,土地,北極段459地號,1027.48,農,,,1011026,土地2建物0車位0,,,其他,,,,0.0,0,0,0,有,無,4630000,4506,,0.0,0,,RPVNMLKLJIHFFAX56CA,0.0,0.0,0.0,,
馬公市,房地(土地+建物),澎湖縣馬公巿林森路４５巷６號七樓,20.28,住,,,1011024,土地1建物1車位0,七層,七層,華廈(10層含以下有電梯),住家用,鋼筋混凝土造,0840904,114.23,3,2,2,有,無,4600000,40270,,0.0,0,,RPVNMLNKJIHFFAX76CA,85.99,28.24,0.0,,
馬公市,房地(土地+建物),澎湖縣馬公巿敬業街２５號,63.9,住,,,1011031,土地2建物1車位0,全,二層,透天厝,住家用,鋼筋混凝土加強磚造,0700115,81.78,3,2,2,有,無,3680000,44999,,0.0,0,,RPPNMLRKJIHFFAX56CA,81.78,0.0,0.0,,
馬公市,房地(土地+建物),澎湖縣馬公巿前寮５７之９號,125.31,,鄉村區,乙種建築用地,1011027,土地1建物1車位0,全,四層,透天厝,住家用,鋼筋混凝土造,1010111,214.54,4,2,3,有,無,6320000,29458,,0.0,0,,RPRNMLPKJIHFFAX56CA,193.19,21.35,0.0,,
馬公市,房地(土地+建物),澎湖縣馬公巿西文澳３８之１２號,70.78,住,,,1010919,土地3建物1車位0,全,三層,透天厝,住家用,鋼筋混凝土加強磚造,0700601,117.4,3,3,3,有,無,930275,7924,,0.0,0,此案為二親等買賣,RPSNMLSLJIHFFAX07CA,117.4,0.0,0.0,,
湖西鄉,房地(土地+建物),澎湖縣馬公巿鼎灣１０１號,216.29,,一般農業區,甲種建築用地,1011015,土地2建物1車位0,全,三層,透天厝,住家用,鋼筋混凝土造,0950315,187.4,6,3,5,有,無,4900000,26147,,0.0,0,,RPQNMLRKJIHFFAX66CA,184.87,2.53,0.0,,
馬公市,土地,文石段1220-15地號,163.37,,一般農業區,甲種建築用地,1011102,土地2建物0車位0,,,其他,,,,0.0,5,2,4,有,無,6800000,41623,,0.0,0,變更起造人，含未來興建房屋之建築費用。,RPRNMLOKJIHFFAX09CA,0.0,0.0,0.0,,
馬公市,房地(土地+建物),澎湖縣馬公巿光復路１５４巷９號,61.56,住,,,1011110,土地1建物1車位0,全,二層,透天厝,住家用,鋼筋混凝土加強磚造,0650507,74.0,3,2,2,有,無,4600000,62162,,0.0,0,,RPSNMLPKJIHFFAX66CA,74.0,0.0,0.0,,
馬公市,房地(土地+建物),澎湖縣馬公巿文光路４２巷１０號,70.0,住,,,1011109,土地2建物1車位0,全,二層,透天厝,住家用,鋼筋混凝土加強空心磚造,0580420,90.64,3,2,2,有,無,3200000,35305,,0.0,0,,RPTNMLPKJIHFFAX76CA,90.64,0.0,0.0,,
馬公市,土地,文石段1220-16地號,163.37,,一般農業區,甲種建築用地,1011102,土地2建物0車位0,全,,透天厝,,,,0.0,5,2,4,有,無,6780000,41501,,0.0,0,變更起造人，含未來興建房屋之費用。,RPUNMLPKJIHFFAX86CA,0.0,0.0,0.0,,
馬公市,土地,光華段440-6地號,206.08,,一般農業區,甲種建築用地,1011107,土地2建物0車位0,,,其他,,,,0.0,0,0,0,有,無,7400000,35908,,0.0,0,包含未來興建房屋之價金,RPRNMLQKJIHFFAX66CA,0.0,0.0,0.0,,
馬公市,土地,東衛段798地號,402.85,,一般農業區,農牧用地,1010905,土地1建物0車位0,,,其他,,,,0.0,0,0,0,有,無,872901,2167,,0.0,0,,RPRNMLNLJIHFFAX09CA,0.0,0.0,0.0,,
湖西鄉,土地,成功南段1056-5地號,245.67,,一般農業區,農牧用地,1011112,土地2建物0車位0,,,其他,,,,0.0,0,0,0,有,無,6360000,25888,,0.0,0,申請農變建專案核准交易總價包括未興建房屋建築費用。,RPSNMLMJKIHFFAX98CA,0.0,0.0,0.0,,
馬公市,房地(土地+建物),澎湖縣馬公巿經國路113巷13號,76.0,商,,,1011110,土地1建物1車位0,全,三層,透天厝,住商用,鋼筋混凝土造,0851018,156.11,3,1,3,有,無,6200000,39716,,0.0,0,,RPPNMLLLJIHFFAX78DA,148.71,7.4,0.0,,
馬公市,土地,文化段601地號,35.52,住,,,1011030,土地2建物0車位0,,,其他,,,,0.0,0,0,0,有,無,992073,27930,,0.0,0,,RPPNMLTKJIHFFAX86DA,0.0,0.0,0.0,,
白沙鄉,土地,通梁東段549地號,1203.04,,一般農業區,農牧用地,1011110,土地2建物0車位0,,,其他,,,,0.0,0,0,0,有,無,2540000,2111,,0.0,0,,RPTNMLNJKIHFFAX66DA,0.0,0.0,0.0,,
西嶼鄉,土地,竹篙灣段3573-1地號,2099.0,,風景區,農牧用地,1011115,土地1建物0車位0,,,其他,,,,0.0,0,0,0,有,無,3650000,1739,,0.0,0,,RPQNMLPJKIHFFAX56DA,0.0,0.0,0.0,,
馬公市,土地,春暉段560-1地號,5.51,住,,,1011113,土地1建物0車位0,,,其他,,,,0.0,0,0,0,有,無,188442,34200,,0.0,0,,RPPNMLKLJIHFFAX68DA,0.0,0.0,0.0,,
馬公市,房地(土地+建物),澎湖縣馬公巿林森路４５巷１９號,109.02,住,,,1011113,土地1建物1車位0,全,四層,透天厝,住家用,鋼筋混凝土造,1011018,266.34,5,2,6,有,無,11100000,41676,,0.0,0,,RPSNMLMLJIHFFAX09CA,243.42,22.92,0.0,,
湖西鄉,土地,中西段60地號,179.09,,一般農業區,農牧用地,1011112,土地1建物0車位0,,,其他,,,,0.0,0,0,0,有,無,468000,2613,,0.0,0,,RPPNMLKMJIHFFAX68CA,0.0,0.0,0.0,,
馬公市,房地(土地+建物),澎湖縣馬公巿朝陽路１００巷８之１號,107.52,住,,,1011113,土地1建物1車位0,全,四層,透天厝,住家用,鋼筋混凝土造,1011018,271.54,6,2,7,有,無,12000000,44192,,0.0,0,,RPRNMLMLJIHFFAX98CA,251.19,20.35,0.0,,
馬公市,房地(土地+建物),澎湖縣馬公巿光華里２５３號,112.02,,一般農業區,甲種建築用地,1011010,土地2建物1車位0,全,三層,透天厝,住家用,鋼筋混凝土造,0900704,186.88,4,2,3,有,無,5600000,29966,,0.0,0,,RPQNMLLLJIHFFAX78CA,176.8,10.08,0.0,,
馬公市,建物,澎湖縣馬公巿永平街49號,0.0,,,,1011112,土地0建物1車位0,全,三層,透天厝,住家用,鋼筋混凝土造,0780707,162.56,5,2,3,有,無,7000000,43061,,0.0,0,,RPRNMLQLJIHFFAX86DA,162.56,0.0,0.0,,
馬公市,土地,四維段629地號,583.18,,一般農業區,農牧用地,1011112,土地1建物0車位0,,,其他,,,,0.0,0,0,0,有,無,11138888,19100,,0.0,0,,RPQNMLNLJIHFFAX09DA,0.0,0.0,0.0,,
西嶼鄉,土地,竹篙灣段3573-1地號,2099.0,,風景區,農牧用地,1011121,土地1建物0車位0,,,其他,,,,0.0,0,0,0,有,無,3750000,1787,,0.0,0,,RPQNMLOKKIHFFAX56DA,0.0,0.0,0.0,,
馬公市,土地,東澳段250地號,200.26,住,,,1011024,土地1建物0車位0,,,其他,,,,0.0,0,0,0,有,無,8800000,43943,,0.0,0,,RPTNMLMJKIHFFAX09CA,0.0,0.0,0.0,,
馬公市,土地,四維段362-4地號,268.86,,一般農業區,農牧用地,1011116,土地2建物0車位0,,,其他,,,,0.0,0,0,0,有,無,9500000,35334,,0.0,0,申請農變建專案核准交易總價包括未興建房屋建築費用。,RPUNMLMJKIHFFAX56CA,0.0,0.0,0.0,,
馬公市,土地,五福段1379-2地號,466.0,,一般農業區,農牧用地,1011101,土地1建物0車位0,,,其他,,,,0.0,0,0,0,有,無,8600000,18455,,0.0,0,,RPVNMLMJKIHFFAX66CA,0.0,0.0,0.0,,
白沙鄉,土地,港子段1769地號,1222.88,,一般農業區,農牧用地,1011109,土地1建物0車位0,,,其他,,,,0.0,0,0,0,有,無,2590000,2118,,0.0,0,,RPTNMLNLJIHFFAX66CA,0.0,0.0,0.0,,
馬公市,土地,馬公段2588地號,14.67,住,,,1011112,土地1建物0車位0,,,其他,,,,0.0,0,0,0,有,無,190580,12994,,0.0,0,,RPUNMLNLJIHFFAX76CA,0.0,0.0,0.0,,
馬公市,房地(土地+建物),澎湖縣馬公巿後窟潭２８之６號一樓,33.92,,鄉村區,乙種建築用地,1011107,土地2建物1車位0,一層,五層,華廈(10層含以下有電梯),住家用,鋼筋混凝土造,0870401,74.88,2,2,2,有,無,2400000,32051,,0.0,0,,RPQNMLLKKIHFFAX78CA,74.88,0.0,0.0,,
馬公市,土地,五福段522地號,1303.48,,一般農業區,農牧用地,1011116,土地1建物0車位0,,,其他,,,,0.0,0,0,0,有,無,14775000,11335,,0.0,0,,RPWNMLMJKIHFFAX76CA,0.0,0.0,0.0,,
馬公市,房地(土地+建物),澎湖縣馬公巿大案山１９之１３號,102.01,住,,,1011122,土地1建物1車位0,全,二層,透天厝,住家用,鋼筋混凝土加強磚造,0720525,96.56,3,1,1,有,無,2850000,29515,,0.0,0,,RPRNMLQLJIHFFAX96EA,96.56,0.0,0.0,,
馬公市,土地,鐵線段585地號,780.84,,一般農業區,農牧用地,1011109,土地1建物0車位0,,,其他,,,,0.0,0,0,0,有,無,2000000,2561,,0.0,0,,RPQNMLSLJIHFFAX86CA,0.0,0.0,0.0,,
七美鄉,土地,七美二段252地號,1052.05,,一般農業區,農牧用地,1011120,土地2建物0車位0,,,其他,,,,0.0,0,0,0,有,無,900000,855,,0.0,0,,RPPNMLOJKIHFFAX88CA,0.0,0.0,0.0,,
七美鄉,土地,七美二段250地號,12.06,,一般農業區,農牧用地,1011120,土地1建物0車位0,,,其他,,,,0.0,0,0,0,有,無,15000,1244,,0.0,0,,RPQNMLOJKIHFFAX98CA,0.0,0.0,0.0,,
馬公市,土地,文寮段1139地號,834.8,,一般農業區,農牧用地,1011116,土地1建物0車位0,,,其他,,,,0.0,0,0,0,有,無,4420000,5295,,0.0,0,,RPQNMLTLJIHFFAX96CA,0.0,0.0,0.0,,
馬公市,土地,文石段1220-9地號,179.42,,一般農業區,甲種建築用地,1011121,土地2建物0車位0,全,,透天厝,,,,0.0,5,2,4,有,無,6960000,38792,,0.0,0,變更起造人，含未來興建房屋之費用。,RPRNMLSLJIHFFAX96CA,0.0,0.0,0.0,,
馬公市,土地,五福段561地號,1591.58,,一般農業區,農牧用地,1011101,土地1建物0車位0,,,其他,,,,0.0,0,0,0,有,無,8458000,5314,,0.0,0,,RPXNMLMJKIHFFAX86CA,0.0,0.0,0.0,,
馬公市,土地,鐵線段623-5地號,232.94,,一般農業區,甲種建築用地,1011115,土地2建物0車位0,,,其他,,,,0.0,0,0,0,有,無,5980000,25672,,0.0,0,農變建專案核准變更起造人交易總價包括未興建房屋建築費用。,RPOOMLMJKIHFFAX68CA,0.0,0.0,0.0,,
馬公市,土地,鐵線段623-5地號,234.15,,一般農業區,甲種建築用地,1011115,土地3建物0車位0,,,其他,,,,0.0,0,0,0,有,無,6300000,26906,,0.0,0,農變建專案核准變更起造人交易總價包括未興建房屋建築費用。,RPPOMLMJKIHFFAX78CA,0.0,0.0,0.0,,
馬公市,土地,鐵線段623-8地號,226.4,,一般農業區,甲種建築用地,1011115,土地2建物0車位0,,,其他,,,,0.0,0,0,0,有,無,5980000,26413,,0.0,0,農變建專案核准變更起造人交易總價包括未興建房屋建築費用。,RPQOMLMJKIHFFAX88CA,0.0,0.0,0.0,,
馬公市,土地,鐵線段623-5地號,221.34,,一般農業區,甲種建築用地,1011115,土地2建物0車位0,,,其他,,,,0.0,0,0,0,有,無,5980000,27017,,0.0,0,農變建專案核准變更起造人交易總價包括未興建房屋建築費用。,RPROMLMJKIHFFAX98CA,0.0,0.0,0.0,,
西嶼鄉,土地,合界頭段97地號,1702.0,,一般農業區,農牧用地,1011123,土地2建物0車位0,,,其他,,,,0.0,0,0,0,有,無,2026666,1191,,0.0,0,,RPSOMLMJKIHFFAX09CA,0.0,0.0,0.0,,
望安鄉,土地,望安段1092地號,378.0,,一般農業區,農牧用地,1011115,土地10建物0車位0,,,其他,,,,0.0,0,0,0,有,無,170000,450,,0.0,0,親友、員工或其他特殊關係間之交易。,RPRNMLPJKIHFFAX56CA,0.0,0.0,0.0,,
望安鄉,土地,望安段1092地號,378.0,,一般農業區,農牧用地,1011115,土地10建物0車位0,,,其他,,,,0.0,0,0,0,有,無,170000,450,,0.0,0,親友、員工或其他特殊關係間之交易。,RPUNMLPJKIHFFAX86CA,0.0,0.0,0.0,,
馬公市,房地(土地+建物),澎湖縣馬公巿三多路３９０巷５號,213.55,住,,,1011103,土地2建物1車位0,全,三層,透天厝,住家用,鋼筋混凝土造,0950214,181.73,6,2,4,有,無,8200000,45122,,0.0,0,,RPTNMLKKKIHFFAX98CA,174.38,3.18,4.17,,
湖西鄉,土地,湖西南段2094地號,423.15,,一般農業區,農牧用地,1011109,土地1建物0車位0,,,其他,,,,0.0,0,0,0,有,無,200000,473,,0.0,0,親友、員工或其他特殊關係間之交易。本交易為兄弟間買賣交易交易金額由雙方口頭約定。,RPVNMLMKKIHFFAX76CA,0.0,0.0,0.0,,
馬公市,土地,興仁段1568地號,183.4,,一般農業區,農牧用地,1011108,土地2建物0車位0,,,其他,,,,0.0,0,0,0,有,無,277392,1512,,0.0,0,三親等買賣,RPXNMLTKKIHFFAX67CA,0.0,0.0,0.0,,
湖西鄉,土地,林投北段397地號,77.47,,鄉村區,乙種建築用地,1011112,土地1建物0車位0,,,其他,,,,0.0,0,0,0,有,無,171578,2215,,0.0,0,,RPPNMLLKKIHFFAX78DA,0.0,0.0,0.0,,
湖西鄉,土地,湖東新段122地號,121.01,,鄉村區,乙種建築用地,1011005,土地1建物0車位0,,,其他,,,,0.0,0,0,0,有,無,211689,1749,,0.0,0,,RPPNMLRJKIHFFAX66DA,0.0,0.0,0.0,,
馬公市,土地,鐵線段1117地號,170.51,,鄉村區,乙種建築用地,1011120,土地1建物0車位0,,,其他,,,,0.0,0,0,0,有,無,600000,3519,,0.0,0,,RPSNMLKMJIHFFAX09DA,0.0,0.0,0.0,,
馬公市,土地,烏崁新段815地號,2076.52,,一般農業區,農牧用地,1011107,土地1建物0車位0,,,其他,,,,0.0,0,0,0,有,無,5020000,2418,,0.0,0,,RPTNMLKMJIHFFAX56DA,0.0,0.0,0.0,,
馬公市,房地(土地+建物),澎湖縣馬公巿中華路２１６號四樓,30.53,住,,,1011120,土地2建物1車位0,四層,七層,華廈(10層含以下有電梯),住家用,鋼筋混凝土造,0821119,123.66,3,1,2,有,無,4800000,38816,,0.0,0,,RPRNMLKMJIHFFAX88CA,109.63,14.03,0.0,,
馬公市,土地,山水西段18地號,76.08,,鄉村區,乙種建築用地,1011121,土地1建物0車位0,,,其他,,,,0.0,0,0,0,有,無,800000,10515,,0.0,0,,RPPNMLNJKIHFFAX78CA,0.0,0.0,0.0,,
望安鄉,土地,將軍澳段1087-3地號,104.0,,鄉村區,乙種建築用地,1011123,土地1建物0車位0,,,其他,,,,0.0,0,0,0,有,無,33280,320,,0.0,0,,RPQOMLQJKIHFFAX76DA,0.0,0.0,0.0,,
馬公市,土地,安宅段1285地號,507.89,,鄉村區,乙種建築用地,1011128,土地1建物0車位0,,,其他,,,,0.0,0,0,0,有,無,1255624,2472,,0.0,0,,RPSNMLOJKIHFFAX66DA,0.0,0.0,0.0,,
馬公市,房地(土地+建物),澎湖縣馬公巿東衛３１７之５號,298.36,,一般農業區,甲種建築用地,1011112,土地2建物1車位0,全,三層,透天厝,住家用,鋼筋混凝土造,0940124,206.68,3,2,4,有,無,7500000,36288,,0.0,0,,RPWNMLPJKIHFFAX07CA,198.7,7.98,0.0,,
馬公市,建物,澎湖縣馬公巿西文澳９７之６６號,0.0,,,,1011107,土地0建物1車位0,一層,一層,倉庫,工業用,鋼骨造,0961030,180.95,0,0,0,無,無,280000,,,0.0,0,,RPQNMLQJKIHFFAX56CA,180.95,0.0,0.0,,
馬公市,房地(土地+建物),澎湖縣馬公巿朝陽路１７１號,97.61,住,,,1011115,土地1建物1車位0,全,二層,透天厝,住家用,鋼筋混凝土加強磚造,0751016,128.39,3,1,2,有,無,7100000,55300,,0.0,0,,RPPNMLQKKIHFFAX56CA,0.0,0.0,0.0,,
七美鄉,土地,七美二段997地號,1125.24,,鄉村區,乙種建築用地,1011123,土地3建物0車位0,,,其他,,,,0.0,0,0,0,有,無,11790000,10478,,0.0,0,一.急賣賣清面積約962平方公尺價965萬。二.另承受賣方負擔共250萬元1.拆建物基地整平合併分割完整區塊130坪並移轉登記予另案買方費用2.繳納賣方全數土地增值稅3.承受貸款清償塗銷三.本案另承買人二人持分各1/2面積約169平方公尺價214萬,RPVNMLRLKIHFFAX37CA,0.0,0.0,0.0,,
七美鄉,土地,七美二段998地號,267.01,,鄉村區,乙種建築用地,1011123,土地1建物0車位0,,,其他,,,,0.0,0,0,0,有,無,8460000,31684,,0.0,0,一.急買角地買清取得完整區塊。二.與收件054000號合計承買面積130坪總價1060萬原買100坪價880萬因賣方不足清償債務請求再以 每坪6萬再買30坪三.另一承買人夏OOO權利各1/2,RPWNMLRLKIHFFAX47CA,0.0,0.0,0.0,,
望安鄉,土地,水垵段1907地號,88.83,,鄉村區,乙種建築用地,1011015,土地1建物0車位0,,,其他,,,,0.0,0,0,0,有,無,49746,560,,0.0,0,叔姪土地持分移轉以土地公告現值買賣,RPQNMLRJKIHFFAX86EA,0.0,0.0,0.0,,
馬公市,房地(土地+建物),澎湖縣馬公巿三多路４１１號七樓之三,13.64,商,,,1011128,土地1建物1車位0,七層,十層,華廈(10層含以下有電梯),住家用,鋼筋混凝土造,0850308,118.59,3,1,2,有,有,2855000,24075,,0.0,0,,RPXOMLOLKIHFFAX37CA,86.26,7.15,0.0,,
湖西鄉,土地,青螺新段1340地號,385.05,,一般農業區,農牧用地,1011127,土地1建物0車位0,,,其他,,,,0.0,0,0,0,有,無,930000,2415,,0.0,0,,RPRNMLQKKIHFFAX76CA,0.0,0.0,0.0,,
湖西鄉,土地,葉新段1466地號,366.03,,一般農業區,農牧用地,1011127,土地2建物0車位0,,,其他,,,,0.0,0,0,0,有,無,1000000,2732,,0.0,0,,RPSNMLQJKIHFFAX76CA,0.0,0.0,0.0,,
馬公市,土地,安宅段1285-1地號,331.31,,鄉村區,乙種建築用地,1011129,土地1建物0車位0,,,其他,,,,0.0,0,0,0,有,無,819076,2472,,0.0,0,,RPPNMLQJKIHFFAX56DA,0.0,0.0,0.0,,
馬公市,房地(土地+建物),澎湖縣馬公巿西文澳145號,88.79,,鄉村區,乙種建築用地,1011127,土地1建物1車位0,全,一層,透天厝,住家用,鋼筋混凝土加強磚造,0670530,53.1,3,2,2,有,無,2600000,48964,,0.0,0,,RPQNMLPLKIHFFAX76DA,53.1,0.0,0.0,,
馬公市,房地(土地+建物)+車位,澎湖縣馬公巿貿商街120號8樓之1,28.82,住,,,1011115,土地2建物1車位1,八層,十層,華廈(10層含以下有電梯),集合住宅,鋼筋混凝土造,0950710,175.78,3,2,2,有,有,3600000,20480,坡道平面,0.0,0,,RPWNMLQJKIHFFAX27DA,97.71,0.0,9.92,,
馬公市,建物,澎湖縣馬公巿東文澳１１８號,0.0,,,,1011128,土地0建物1車位0,全,三層,透天厝,住家用,鋼筋混凝土加強磚造,0700316,165.35,3,2,2,有,無,1600000,9676,,0.0,0,親友、員工或其他特殊關係間之交易。,RPPNMLSKKIHFFAX76CA,165.35,0.0,0.0,,
西嶼鄉,土地,竹篙灣段3481地號,9078.0,,一般農業區,農牧用地,1011129,土地1建物0車位0,,,其他,,,,0.0,0,0,0,有,無,13830000,1523,,0.0,0,,RPPNMLOKKIHFFAX98CA,0.0,0.0,0.0,,
馬公市,房地(土地+建物),澎湖縣馬公巿貿商街１４２號十樓之二,30.41,住,,,1011201,土地2建物1車位0,十層,十四層,住宅大樓(11層含以上有電梯),集合住宅,鋼筋混凝土造,0950710,185.53,3,2,2,有,有,3500000,18865,,0.0,0,,RPPNMLKLKIHFFAX68CA,101.98,0.0,11.64,,
馬公市,房地(土地+建物),澎湖縣馬公巿三多路３４９號七樓之五,30.98,住,,,1011203,土地2建物1車位0,七層,十四層,住宅大樓(11層含以上有電梯),集合住宅,鋼筋混凝土造,0950710,188.82999999999998,3,2,2,有,有,3600000,19065,,0.0,0,,RPQNMLKLKIHFFAX78CA,103.85,0.0,11.74,,
馬公市,房地(土地+建物)+車位,澎湖縣馬公巿貿商街１２２號十一樓之五,28.45,住,,,1011201,土地2建物1車位1,十一層,十四層,住宅大樓(11層含以上有電梯),集合住宅,鋼筋混凝土造,0950710,173.55,3,1,2,有,有,2800000,16134,坡道平面,0.0,0,,RPVNMLLKKIHFFAX66CA,95.13,0.0,11.16,,
馬公市,房地(土地+建物)+車位,澎湖縣馬公巿貿商街１２１號三樓之一,28.35,住,,,1011201,土地2建物1車位1,三層,七層,華廈(10層含以下有電梯),集合住宅,鋼筋混凝土造,0950710,172.96,3,1,2,有,有,3200000,18501,坡道平面,0.0,0,,RPWNMLLKKIHFFAX76CA,95.69,0.0,10.23,,
馬公市,房地(土地+建物),澎湖縣馬公巿貿商街１４２號五樓之二,30.41,住,,,1011201,土地2建物1車位0,五層,十四層,住宅大樓(11層含以上有電梯),集合住宅,鋼筋混凝土造,0950710,185.53,3,1,2,有,有,3900000,21021,,0.0,0,,RPPPMLOLKIHFFAX66CA,101.98,0.0,11.64,,
馬公市,房地(土地+建物),澎湖縣馬公巿東衛143之6號,257.47,,鄉村區,乙種建築用地,1011102,土地1建物1車位0,全,三層,透天厝,住家用,鋼筋混凝土造,0950823,452.92,23,2,23,有,無,14500000,32014,,0.0,0,,RPSNMLPJJHIFFAX66DA,452.92,0.0,0.0,,
西嶼鄉,房地(土地+建物),澎湖縣西嶼鄉小池角159之1號,131.0,,鄉村區,乙種建築用地,1011205,土地1建物1車位0,全,一層,透天厝,,,0600101,89.67,4,1,1,有,無,1800000,20074,,0.0,0,,RPSNMLLKKIHFFAX09DA,0.0,0.0,0.0,,
馬公市,房地(土地+建物),澎湖縣馬公巿貿商街１４２號三樓之三,30.41,住,,,1011201,土地2建物1車位0,三層,十四層,住宅大樓(11層含以上有電梯),集合住宅,鋼筋混凝土造,0950710,185.53,3,1,2,有,有,3960000,21344,,0.0,0,,RPRPMLOLKIHFFAX86CA,101.98,0.0,11.64,,
馬公市,房地(土地+建物),澎湖縣馬公巿新村路４８之４號,41.29,住,,,1011111,土地1建物1車位0,五層，電梯樓梯間,五層,公寓(5樓含以下無電梯),國民住宅,鋼筋混凝土造,0730629,108.28,3,1,2,有,無,2000000,18471,,0.0,0,姻親屬房地移轉親友、員工或其他特殊關係間之交易。親友、員工或其他特殊關係間之交易。,RPRNMLOKKIHFFAX76EA,108.28,0.0,0.0,,
馬公市,房地(土地+建物),澎湖縣馬公巿貿商街１２０號七樓之一,28.82,住,,,1011201,土地2建物1車位0,七層,十層,華廈(10層含以下有電梯),集合住宅,鋼筋混凝土造,0950710,175.78,3,1,2,有,有,3300000,18773,,0.0,0,,RPSPMLOLKIHFFAX96CA,97.71,0.0,9.92,,
馬公市,房地(土地+建物),澎湖縣馬公巿民福路４２號,25.0,商,,,1011130,土地1建物1車位0,一層，二層，三層,三層,店面(店鋪),住商用,鋼筋混凝土加強磚造,0640117,73.11,3,1,2,有,無,5900000,80700,,0.0,0,,RPTNMLOLKIHFFAX86CA,73.11,0.0,0.0,,
西嶼鄉,土地,合界頭段97地號,1702.0,,一般農業區,農牧用地,1011129,土地2建物0車位0,,,其他,,,,0.0,0,0,0,有,無,2026666,1191,,0.0,0,,RPXNMLOLKIHFFAX27CA,0.0,0.0,0.0,,
馬公市,土地,興崁段1124地號,532.04,,一般農業區,農牧用地,1011120,土地1建物0車位0,,,其他,,,,0.0,0,0,0,有,無,1200000,2255,,0.0,0,,RPTNMLLKKIHFFAX09CA,0.0,0.0,0.0,,
湖西鄉,土地,東石段139地號,131.0,,一般農業區,農牧用地,1011120,土地1建物0車位0,,,其他,,,,0.0,0,0,0,有,無,360000,2748,,0.0,0,,RPUNMLLKKIHFFAX56CA,0.0,0.0,0.0,,
馬公市,房地(土地+建物)+車位,澎湖縣馬公巿貿商街121號5樓之1,28.35,住,,,1011203,土地2建物1車位1,五層,七層,華廈(10層含以下有電梯),集合住宅,鋼筋混凝土造,0950710,172.96,3,2,2,有,有,2650000,15321,坡道平面,0.0,0,親友、員工或其他特殊關係間之交易。,RPQNMLNKKIHFFAX09DA,95.69,0.0,10.23,,
馬公市,房地(土地+建物)+車位,澎湖縣馬公巿貿商街127號7樓-1,27.04,住,,,1011206,土地1建物1車位1,七層,十二層,住宅大樓(11層含以上有電梯),集合住宅,鋼筋混凝土造,0950629,180.67000000000002,3,2,2,有,有,3076000,17026,坡道平面,0.0,0,,RPPOMLTKKIHFFAX07DA,97.49,0.0,10.98,,
馬公市,房地(土地+建物)+車位,澎湖縣馬公巿貿商接122號6樓之2,28.82,住,,,1011204,土地2建物1車位1,六層,十四層,住宅大樓(11層含以上有電梯),集合住宅,鋼筋混凝土造,0950710,175.82,3,2,2,有,有,2800000,15925,坡道平面,0.0,0,兩年前簽約礙於法令現在過戶,RPSNMLOLKIHFFAX86DA,96.71,0.0,10.96,,
馬公市,房地(土地+建物),澎湖縣馬公巿光榮里3鄰三多路349號十樓之1,30.6,住,,,1011203,土地2建物1車位0,十層,十四層,住宅大樓(11層含以上有電梯),集合住宅,鋼筋混凝土造,0950710,186.73,3,1,2,有,有,3500000,18744,,0.0,0,,RPPNMLOJJHIFFAX88DA,102.74,0.0,11.64,,
馬公市,房地(土地+建物),澎湖縣馬公巿三多路349號8樓之1,30.6,住,,,1011204,土地2建物1車位0,八層,十四層,住宅大樓(11層含以上有電梯),集合住宅,鋼筋混凝土造,0950710,186.73,3,1,1,有,有,2400000,12853,,0.0,0,親友、員工或其他特殊關係間之交易。,RPXNMLKKJHIFFAX76DA,102.74,0.0,11.64,,
馬公市,土地,文石段1220-9地號,179.57,,一般農業區,甲種建築用地,1011206,土地2建物0車位0,全,,透天厝,,,,0.0,5,2,4,有,無,6960000,38759,,0.0,0,變更起造人，含未來興建房屋之建築費用。,RPTNMLSKKIHFFAX17CA,0.0,0.0,0.0,,
馬公市,房地(土地+建物)+車位,澎湖縣馬公巿貿商街１３１號十樓之一,31.4,住,,,1011130,土地1建物1車位1,十層,十三層,住宅大樓(11層含以上有電梯),集合住宅,鋼筋混凝土造,0950629,209.70999999999998,3,1,2,有,有,3500600,16693,坡道平面,0.0,0,,RPUNMLSKKIHFFAX27CA,114.65,0.0,11.21,,
馬公市,房地(土地+建物),澎湖縣馬公巿貿商街１４２號六樓之一,30.6,住,,,1011201,土地2建物1車位0,六層,十四層,住宅大樓(11層含以上有電梯),集合住宅,鋼筋混凝土造,0950710,186.73,3,1,2,有,有,3700000,19815,,0.0,0,,RPQPMLOLKIHFFAX76CA,102.74,0.0,11.64,,
馬公市,房地(土地+建物),澎湖縣馬公巿貿商街１３６號八樓之五,30.6,住,,,1011201,土地2建物1車位0,八層,十四層,住宅大樓(11層含以上有電梯),集合住宅,鋼筋混凝土造,0950710,186.73,3,1,2,有,有,3580000,19172,,0.0,0,,RPOPMLOLKIHFFAX56CA,102.74,0.0,11.64,,
馬公市,房地(土地+建物),澎湖縣馬公巿貿商街１２２號十樓之五,28.45,住,,,1011201,土地2建物1車位0,十層,十四層,住宅大樓(11層含以上有電梯),集合住宅,鋼筋混凝土造,0950710,173.55,3,1,2,有,有,3250000,18727,,0.0,0,,RPUOMLMJJHIFFAX56CA,95.13,0.0,11.16,,
馬公市,房地(土地+建物),澎湖縣馬公巿貿商街１４２號十四樓之三,30.41,住,,,1011201,土地2建物1車位0,十四層,十四層,住宅大樓(11層含以上有電梯),集合住宅,鋼筋混凝土造,0950710,185.53,3,1,2,有,有,3000000,16170,,0.0,0,,RPTPMLOLKIHFFAX07CA,101.98,0.0,11.64,,
馬公市,土地,中衛段1114地號,2215.0,農,,,1011203,土地3建物0車位0,,,其他,,,,0.0,0,0,0,有,無,18710000,8447,,0.0,0,含未保存登記建物過戶之費用,RPPOMLSKKIHFFAX86CA,0.0,0.0,0.0,,
馬公市,房地(土地+建物)+車位,澎湖縣馬公巿貿商街１２１號七樓之三,28.54,住,,,1011201,土地2建物1車位1,七層,七層,華廈(10層含以下有電梯),集合住宅,鋼筋混凝土造,0950710,174.06,3,1,2,有,有,3000000,17235,坡道平面,0.0,0,,RPQOMLSKKIHFFAX96CA,95.96,0.0,10.61,,
馬公市,房地(土地+建物),澎湖縣馬公巿水源路2之1號 8樓,12.64,商,,,1011207,土地1建物1車位0,八層,十二層,住宅大樓(11層含以上有電梯),住家用,鋼筋混凝土造,0850828,136.8,3,1,2,有,有,3000000,21930,,0.0,0,,RPSNMLKKJHIFFAX88DA,85.46,11.87,0.0,,
西嶼鄉,土地,外垵一段168地號,154.64,,一般農業區,農牧用地,1011205,土地1建物0車位0,,,其他,,,,0.0,0,0,0,有,無,1403300,9075,,0.0,0,,RPRNMLMLKIHFFAX56DA,0.0,0.0,0.0,,
馬公市,房地(土地+建物)+車位,澎湖縣馬公巿光榮里貿商街128號4樓之1,28.45,住,,,1011207,土地2建物1車位1,四層,十四層,住宅大樓(11層含以上有電梯),集合住宅,鋼筋混凝土造,0950710,173.55,3,2,2,有,有,2800000,16134,坡道平面,0.0,0,,RPPNMLMJJHIFFAX68DA,95.13,0.0,11.16,,
馬公市,房地(土地+建物)+車位,澎湖縣馬公巿三多路349號13樓之3,30.79,住,,,1011202,土地2建物1車位1,十三層,十四層,住宅大樓(11層含以上有電梯),集合住宅,鋼筋混凝土造,0950710,187.6,3,2,2,有,有,2000000,10661,坡道平面,0.0,0,親友、員工或其他特殊關係間之交易。,RPVNMLTKKIHFFAX57DA,103.06,0.0,11.74,,
馬公市,房地(土地+建物)+車位,澎湖縣馬公巿貿商街１２７號五樓之三,28.04,住,,,1011129,土地1建物1車位1,五層,十二層,住宅大樓(11層含以上有電梯),集合住宅,鋼筋混凝土造,0950629,187.32999999999998,3,1,2,有,有,3660000,19538,坡道平面,0.0,0,,RPQNMLSLKIHFFAX96CA,100.81,0.0,11.64,,
馬公市,土地,文東段1367-5地號,180.43,,一般農業區,甲種建築用地,1011122,土地3建物0車位0,,,其他,,,,0.0,0,0,0,有,無,6300000,34917,,0.0,0,含未來興建房屋之價格,RPRNMLPJJHIFFAX09CA,0.0,0.0,0.0,,
馬公市,土地,山水北段544-4地號,285.13,,一般農業區,甲種建築用地,1011210,土地2建物0車位0,,,其他,,,,0.0,0,0,0,有,無,6200000,21744,,0.0,0,交易總價包含未建築完成之房屋,RPWNMLSJJHIFFAX27CA,0.0,0.0,0.0,,
馬公市,土地,山水北段544-4地號,308.79,,一般農業區,甲種建築用地,1011210,土地2建物0車位0,,,其他,,,,0.0,0,0,0,有,無,6200000,20078,,0.0,0,交易總價包含未建築完成之房屋,RPXNMLSJJHIFFAX37CA,0.0,0.0,0.0,,
馬公市,房地(土地+建物)+車位,澎湖縣馬公巿貿商街１４２號四樓之三,30.41,住,,,1011201,土地2建物1車位1,四層,十四層,住宅大樓(11層含以上有電梯),集合住宅,鋼筋混凝土造,0950710,185.53,3,1,2,有,有,3020000,16278,坡道平面,0.0,0,,RPROMLSKKIHFFAX07CA,101.98,0.0,11.64,,
馬公市,房地(土地+建物),澎湖縣馬公巿貿商街136號5樓之1,30.6,住,,,1011201,土地2建物1車位0,五層,十四層,住宅大樓(11層含以上有電梯),集合住宅,鋼筋混凝土造,0950710,186.73,3,1,2,有,有,3200000,17137,,0.0,0,,RPVOMLMJJHIFFAX76DA,102.74,0.0,11.64,,
馬公市,土地,烏崁新段1850地號,840.74,,一般農業區,農牧用地,1011210,土地1建物0車位0,,,其他,,,,0.0,0,0,0,有,無,3000000,3568,,0.0,0,,RPPNMLTKKIHFFAX96DA,0.0,0.0,0.0,,
白沙鄉,土地,大倉段48地號,184.5,,一般農業區,農牧用地,1011218,土地1建物0車位0,,,其他,,,,0.0,0,0,0,有,無,239850,1300,,0.0,0,,RPRNMLPLKIHFFAX86DA,0.0,0.0,0.0,,
馬公市,房地(土地+建物),澎湖縣馬公巿大智街19號,34.67,商,,,1011206,土地1建物1車位0,全,四層,透天厝,住商用,鋼筋混凝土造,0750605,165.48,5,2,3,有,無,10000000,60430,,0.0,0,親友、員工或其他特殊關係間之交易。,RPVNMLKKJHIFFAX56DA,165.5,0.0,0.0,,
馬公市,土地,五福段700-4地號,1497.46,,一般農業區,農牧用地,1011210,土地2建物0車位0,,,其他,,,,0.0,0,0,0,有,無,56210000,37537,,0.0,0,含未來興建房屋六戶之價款,RPPNMLMKJHIFFAX78DA,0.0,0.0,0.0,,
白沙鄉,土地,大倉段48地號,184.5,,一般農業區,農牧用地,1011218,土地1建物0車位0,,,其他,,,,0.0,0,0,0,有,無,239850,1300,,0.0,0,,RPSNMLPLKIHFFAX96DA,0.0,0.0,0.0,,
湖西鄉,土地,成功北段139地號,386.16,,一般農業區,農牧用地,1011213,土地1建物0車位0,,,其他,,,,0.0,0,0,0,有,無,2970000,7691,,0.0,0,,RPSOMLTKKIHFFAX27CA,0.0,0.0,0.0,,
馬公市,房地(土地+建物),澎湖縣馬公巿石泉２之４０號,845.0,,一般農業區,農牧用地,1011213,土地1建物1車位0,一層，二層，電梯樓梯間,二層,農舍,農舍,鋼筋混凝土加強磚造,0810623,444.47,2,2,2,有,無,19000000,,,0.0,0,受債權債務影響或債務抵償之交易。,RPPNMLNJJHIFFAX68CA,444.47,0.0,0.0,,
白沙鄉,土地,城前段578地號,1161.0,,一般農業區,農牧用地,1011212,土地2建物0車位0,,,其他,,,,0.0,0,0,0,有,無,2580000,2222,,0.0,0,,RPVPMLOLKIHFFAX27CA,0.0,0.0,0.0,,
馬公市,房地(土地+建物),澎湖縣馬公巿貿商街１２２號七樓之二,28.82,住,,,1011201,土地2建物1車位0,七層,十四層,住宅大樓(11層含以上有電梯),集合住宅,鋼筋混凝土造,0950710,175.82,3,1,2,有,有,3050000,17347,,0.0,0,,RPWPMLOLKIHFFAX37CA,96.71,0.0,10.96,,
馬公市,房地(土地+建物)+車位,澎湖縣馬公巿貿商街１３１號四樓之一,31.4,住,,,1011204,土地1建物1車位1,四層,十三層,住宅大樓(11層含以上有電梯),集合住宅,鋼筋混凝土造,0950629,209.70999999999998,3,1,2,有,有,3800000,18120,坡道平面,0.0,0,,RPPNMLSLKIHFFAX86CA,114.65,0.0,11.21,,
馬公市,房地(土地+建物)+車位,澎湖縣馬公巿貿商街１２０號六樓之二,28.45,住,,,1011203,土地2建物1車位1,六層,十層,華廈(10層含以下有電梯),集合住宅,鋼筋混凝土造,0950710,173.46,3,2,2,有,有,3500000,20178,坡道平面,0.0,0,,RPPNMLPJJHIFFAX88CA,96.28,0.0,9.92,,
馬公市,土地,四維段1361地號,279.95,農,,,1011213,土地1建物0車位0,,,其他,,,,0.0,0,0,0,有,無,1000000,3572,,0.0,0,,RPSNMLMLKIHFFAX56CA,0.0,0.0,0.0,,
馬公市,房地(土地+建物)+車位,澎湖縣馬公巿貿商街１２８號四樓之三,28.82,住,,,1011201,土地2建物1車位1,四層,十四層,住宅大樓(11層含以上有電梯),集合住宅,鋼筋混凝土造,0950710,175.82,3,1,2,有,有,3220000,18314,坡道平面,0.0,0,,RPPNMLLLKIHFFAX78CA,96.71,0.0,10.96,,
馬公市,土地,埕中段774地號,38.76,住,,,1011128,土地1建物0車位0,,,其他,,,,0.0,0,0,0,有,無,2690000,69401,,0.0,0,,RPQNMLPJJHIFFAX98CA,0.0,0.0,0.0,,
馬公市,土地,光榮段380-1地號,124.88,住,,,1011207,土地1建物0車位0,,,其他,,,,0.0,0,0,0,有,無,14500000,116111,,0.0,0,交易總價包含未建築完成之房屋,RPRNMLSJJHIFFAX76CA,0.0,0.0,0.0,,
馬公市,土地,光榮段380-2地號,104.88,住,,,1011207,土地1建物0車位0,,,其他,,,,0.0,0,0,0,有,無,13500000,128719,,0.0,0,交易總價包含未建築完成之房屋,RPTNMLSJJHIFFAX96CA,0.0,0.0,0.0,,
馬公市,土地,光榮段380-3地號,104.88,住,,,1011207,土地1建物0車位0,,,其他,,,,0.0,0,0,0,有,無,13500000,128719,,0.0,0,交易總價包含未建築完成之房屋,RPUNMLSJJHIFFAX07CA,0.0,0.0,0.0,,
馬公市,土地,光榮段380-5地號,104.79,住,,,1011207,土地1建物0車位0,,,其他,,,,0.0,0,0,0,有,無,13500000,128829,,0.0,0,交易總價包含未建築完成之房屋,RPVNMLSJJHIFFAX17CA,0.0,0.0,0.0,,
馬公市,土地,鐵線段928地號,29.78,,鄉村區,乙種建築用地,1011213,土地3建物0車位0,,,其他,,,,0.0,0,0,0,有,無,100000,3358,,0.0,0,親友、員工或其他特殊關係間之交易。叔姪,RPROMLOLKIHFFAX86DA,0.0,0.0,0.0,,
馬公市,土地,東衛段339地號,66.01,,一般農業區,農牧用地,1011213,土地1建物0車位0,,,其他,,,,0.0,0,0,0,有,無,220000,3333,,0.0,0,,RPOOMLLMKIHFFAX98DA,0.0,0.0,0.0,,
馬公市,房地(土地+建物)+車位,澎湖縣馬公巿貿商街122號十樓之一,28.64,住,,,1011203,土地2建物1車位1,十層,十四層,住宅大樓(11層含以上有電梯),集合住宅,鋼筋混凝土造,0950710,174.72,3,1,2,有,有,3000000,17170,坡道平面,0.0,0,,RPSNMLRLKIHFFAX17DA,96.05,0.0,10.96,,
馬公市,房地(土地+建物)+車位,澎湖縣馬公巿三多路355號五樓之五,28.83,住,,,1011203,土地1建物1車位1,五層,十四層,住宅大樓(11層含以上有電梯),集合住宅,鋼筋混凝土造,0950629,192.57,3,2,2,有,有,2920000,15163,坡道平面,0.0,0,,RPQNMLTLKIHFFAX17DA,103.85,0.0,11.74,,
馬公市,土地,鐵線段981地號,29.78,,鄉村區,乙種建築用地,1011213,土地3建物0車位0,,,其他,,,,0.0,0,0,0,有,無,100000,3358,,0.0,0,親友、員工或其他特殊關係間之交易。叔姪,RPSOMLOLKIHFFAX96DA,0.0,0.0,0.0,,
馬公市,房地(土地+建物)+車位,澎湖縣馬公巿三多路355號三樓之三,28.65,住,,,1011130,土地1建物1車位1,三層,十四層,住宅大樓(11層含以上有電梯),集合住宅,鋼筋混凝土造,0950629,191.31,3,1,2,有,有,3500000,18295,坡道平面,0.0,0,,RPPNMLQLKIHFFAX76DA,103.06,0.0,11.74,,
馬公市,土地,光榮段56地號,133.04,農,,,1011212,土地1建物0車位0,,,其他,,,,0.0,0,0,0,有,無,1200000,9020,,0.0,0,,RPTNMLLKJHIFFAX09DA,0.0,0.0,0.0,,
馬公市,建物,澎湖縣馬公巿民權路５５號,0.0,,,,1011203,土地0建物2車位0,二層，一層,二層,店面(店鋪),住商用,筋混凝造,0410101,233.96,2,2,2,有,無,6000000,25645,,0.0,0,,RPSNMLOJJHIFFAX09CA,233.96,0.0,0.0,,
馬公市,房地(土地+建物),澎湖縣馬公巿文昌街９號四樓,37.89,住,,,1011213,土地1建物1車位0,四層,五層,華廈(10層含以下有電梯),集合住宅,鋼筋混凝土造,0890111,135.0,3,1,2,有,有,3800000,28148,,0.0,0,,RPPNMLLMKIHFFAX88CA,111.43,11.07,0.0,,
馬公市,房地(土地+建物),澎湖縣馬公巿貿商街１３６號十一樓之一,30.6,住,,,1011201,土地2建物1車位0,十一層,十四層,住宅大樓(11層含以上有電梯),集合住宅,鋼筋混凝土造,0950710,186.73,3,1,2,有,有,3850000,20618,,0.0,0,,RPQNMLLMKIHFFAX98CA,102.74,0.0,11.64,,
白沙鄉,土地,吉貝西段1220地號,601.26,,一般農業區,農牧用地,1011207,土地1建物0車位0,,,其他,,,,0.0,0,0,0,有,無,1810000,3010,,0.0,0,,RPXPMLOLKIHFFAX47CA,0.0,0.0,0.0,,
馬公市,房地(土地+建物)+車位,澎湖縣馬公巿貿商街１３６號十二樓之三,30.32,住,,,1011211,土地2建物1車位1,十二層,十四層,住宅大樓(11層含以上有電梯),集合住宅,鋼筋混凝土造,0950710,185.31,3,1,2,有,有,3600000,19427,坡道平面,0.0,0,,RPUNMLMLKIHFFAX76CA,101.98,0.0,11.64,,
白沙鄉,土地,中屯段1048地號,854.0,,一般農業區,農牧用地,1011218,土地1建物0車位0,,,其他,,,,0.0,0,0,0,有,無,970000,1136,,0.0,0,,RPUOMLOLKIHFFAX07CA,0.0,0.0,0.0,,
湖西鄉,土地,沙港北段1380地號,1003.64,,一般農業區,農牧用地,1011209,土地2建物0車位0,,,其他,,,,0.0,0,0,0,有,無,6000000,5978,,0.0,0,,RPWOMLOLKIHFFAX27CA,0.0,0.0,0.0,,
湖西鄉,土地,許家段102-1地號,2435.04,,風景區,農牧用地,1011127,土地4建物0車位0,,,其他,,,,0.0,0,0,0,有,無,11000000,4517,,0.0,0,,RPRNMLLMKIHFFAX09CA,0.0,0.0,0.0,,
馬公市,房地(土地+建物),澎湖縣馬公巿鎖管港１２７５號,90.88,住,,,1011123,土地2建物1車位0,全,二層,透天厝,住商用,鋼筋混凝土加強磚造,0700413,89.28,3,1,2,有,無,1380000,15457,,0.0,0,,RPSNMLLMKIHFFAX56CA,89.28,0.0,0.0,,
馬公市,土地,山水西段52地號,359.03,,鄉村區,乙種建築用地,1011219,土地1建物0車位0,,,其他,,,,0.0,0,0,0,有,無,3000000,8356,,0.0,0,,RPTNMLTLKIHFFAX37CA,0.0,0.0,0.0,,
湖西鄉,土地,潭邊新段502地號,1779.98,,一般農業區,農牧用地,1011219,土地1建物0車位0,,,其他,,,,0.0,0,0,0,有,無,5800000,3258,,0.0,0,,RPUNMLTLKIHFFAX47CA,0.0,0.0,0.0,,
馬公市,房地(土地+建物),澎湖縣馬公巿三多路３４９號八樓之二　,30.13,住,,,1011214,土地2建物1車位0,八層,十四層,住宅大樓(11層含以上有電梯),集合住宅,鋼筋混凝土造,0950710,183.7,3,2,2,有,有,3200000,17420,,0.0,0,,RPOOMLSJJHIFFAX56CA,100.81,0.0,11.64,,
馬公市,土地,五福段142地號,1697.39,,一般農業區,農牧用地,1011218,土地1建物0車位0,,,其他,,,,0.0,0,0,0,有,無,61780000,36397,,0.0,0,含未來興建房屋六戶之價款,RPPNMLQKJHIFFAX09CA,0.0,0.0,0.0,,
湖西鄉,房地(土地+建物),澎湖縣湖西鄉沙港173號,369.61,,鄉村區,乙種建築用地,1011207,土地4建物1車位0,全,二層,透天厝,住家用,加強磚造,0941208,88.02,5,2,5,有,無,1850000,21018,,0.0,0,二親等間買賣,RPRNMLRKJHIFFAX86DA,87.29,0.72,0.0,,
馬公市,土地,光榮段497-4地號,67.33,商,,,1011217,土地1建物0車位0,,,其他,,,,0.0,0,0,0,有,無,4886000,72568,,0.0,0,,RPUNMLQLKIHFFAX27DA,0.0,0.0,0.0,,
馬公市,土地,光榮段497-5地號,88.37,商,,,1011217,土地1建物0車位0,,,其他,,,,0.0,0,0,0,有,無,6415000,72593,,0.0,0,,RPVNMLQLKIHFFAX37DA,0.0,0.0,0.0,,
馬公市,房地(土地+建物),澎湖縣馬公巿文山路103巷3號2樓之1,40.86,住,,,1011217,土地3建物1車位0,二層,五層,華廈(10層含以下有電梯),住家用,鋼筋混凝土造,0900129,119.25,4,0,4,有,無,3500000,29350,,0.0,0,,RPPNMLPLKIHFFAX66DA,102.08,8.24,0.0,,
馬公市,房地(土地+建物),澎湖縣馬公巿貿商街１２０號七樓之一,28.82,住,,,1011218,土地2建物1車位0,七層,十層,華廈(10層含以下有電梯),集合住宅,鋼筋混凝土造,0950710,175.78,3,1,2,有,有,3950000,22471,,0.0,0,,RPUNMLLMKIHFFAX76CA,97.71,0.0,9.92,,
馬公市,房地(土地+建物),澎湖縣馬公巿三多路４５５號四樓之七,8.65,住,,,1011217,土地1建物1車位0,四層,七層,華廈(10層含以下有電梯),住家用,鋼筋混凝土造,0860710,49.44,1,1,1,有,無,1360000,27508,,0.0,0,,RPTNMLPLKIHFFAX96CA,31.41,4.35,0.0,,
湖西鄉,土地,許家段1091-1地號,1709.53,,一般農業區,農牧用地,1011219,土地2建物0車位0,,,其他,,,,0.0,0,0,0,有,無,11167000,6532,,0.0,0,,RPUNMLPLKIHFFAX07CA,0.0,0.0,0.0,,
望安鄉,土地,花宅段1999地號,140.0,,鄉村區,乙種建築用地,1011209,土地1建物0車位0,,,其他,,,,0.0,0,0,0,有,無,200000,1429,,0.0,0,,RPWNMLMJJHIFFAX66CA,0.0,0.0,0.0,,
湖西鄉,土地,成功南段958地號,1863.97,,一般農業區,農牧用地,1011219,土地2建物0車位0,,,其他,,,,0.0,0,0,0,有,無,4510000,2420,,0.0,0,,RPSNMLTLKIHFFAX27CA,0.0,0.0,0.0,,
馬公市,房地(土地+建物)+車位,澎湖縣馬公巿貿商街１２８號十樓之一,28.45,住,,,1011205,土地2建物1車位1,十層,十四層,住宅大樓(11層含以上有電梯),集合住宅,鋼筋混凝土造,0950710,173.55,3,2,2,有,有,3300000,19015,坡道平面,0.0,0,,RPOOMLQKJHIFFAX09CA,95.13,0.0,11.16,,
馬公市,房地(土地+建物)+車位,澎湖縣馬公巿三多路349號六樓之三,30.79,住,,,1011213,土地2建物1車位1,六層,十四層,住宅大樓(11層含以上有電梯),集合住宅,鋼筋混凝土造,0950710,187.6,3,1,2,有,有,3000000,15991,坡道平面,0.0,0,,RPRNMLRLKIHFFAX07DA,103.06,0.0,11.74,,
馬公市,土地,鎖港西段159地號,7.68,住,,,1011213,土地1建物0車位0,,,其他,,,,0.0,0,0,0,有,無,27750,3613,,0.0,0,向政府機關承購之案件。未辦繼承標售,RPTNMLQLKIHFFAX17DA,0.0,0.0,0.0,,
馬公市,土地,文石段1100地號,174.67,,一般農業區,農牧用地,1011219,土地1建物0車位0,,,其他,,,,0.0,0,0,0,有,無,1750000,10019,,0.0,0,,RPVNMLPLKIHFFAX27DA,0.0,0.0,0.0,,
馬公市,房地(土地+建物),澎湖縣馬公巿文光路100巷7號,56.0,住,,,1011111,土地1建物1車位0,全,二層,透天厝,住家用,鋼筋混凝土加強磚造,0650918,88.0,3,1,1,有,無,1600000,18182,,0.0,0,親友、員工或其他特殊關係間之交易。,RPTNMLRLKIHFFAX27DA,88.0,0.0,0.0,,
馬公市,土地,鎖港西段159地號,53.78,住,,,1011213,土地1建物0車位0,,,其他,,,,0.0,0,0,0,有,無,194250,3612,,0.0,0,未辦理繼承之標售案件,RPPNMLTLKIHFFAX07DA,0.0,0.0,0.0,,
馬公市,房地(土地+建物),澎湖縣馬公巿貿商街136號5樓之1,30.6,住,,,1011219,土地2建物1車位0,五層,十四層,住宅大樓(11層含以上有電梯),集合住宅,鋼筋混凝土造,0950710,186.73,3,1,2,有,有,3600000,19279,,0.0,0,,RPTOMLMJJHIFFAX56DA,102.74,0.0,11.64,,
馬公市,房地(土地+建物),澎湖縣馬公巿西衛226-7號,265.08,,一般農業區,甲種建築用地,1011210,土地2建物1車位0,全,二層,透天厝,住家用,加強磚造,1000704,217.37,4,1,5,有,無,8200000,37724,,0.0,0,,RPQNMLRKJHIFFAX76DA,209.61,7.76,0.0,,
馬公市,房地(土地+建物),澎湖縣馬公巿西文澳13之6號,111.82,住,,,1011218,土地1建物1車位0,全,三層,透天厝,住家用,鋼筋混凝土造,0920526,217.12,4,3,5,有,無,7500000,34543,,0.0,0,,RPSNMLRKJHIFFAX96DA,200.18,16.94,0.0,,
馬公市,房地(土地+建物),澎湖縣馬公巿永泰街47號,717.0,商,,,1011031,土地5建物1車位0,全,四層,透天厝,商業用,鋼筋混凝土造,0911219,1333.87,25,1,26,有,無,58880000,44142,,0.0,0,室內車庫一室外車庫五併同房地一併移轉包含總價內,RPRNMLSKJHIFFAX96DA,0.0,0.0,0.0,,
馬公市,房地(土地+建物),澎湖縣馬公巿文昌街28-1號,101.57,住,,,1011211,土地1建物1車位0,一層，二層，三層，四層,四層,店面(店鋪),住商用,鋼筋混凝土造,0981124,249.45,5,2,6,有,無,16200000,64943,,0.0,0,,RPUNMLRLKIHFFAX37DA,230.55,0.0,18.9,,
馬公市,土地,文東段562-4地號,175.99,,一般農業區,甲種建築用地,1011220,土地2建物0車位0,,,其他,,,,0.0,0,0,0,有,無,14000000,79550,,0.0,0,含未來興建房屋之價款,RPSNMLMLJHIFFAX09CA,0.0,0.0,0.0,,
馬公市,房地(土地+建物),澎湖縣馬公巿新明路２１號五樓,74.7,商,,,1011221,土地9建物1車位0,五層,十層,辦公商業大樓,商業用,鋼筋混凝土造,0840818,678.06,6,0,7,有,有,21000000,30971,,0.0,0,,RPPNMLKLJHIFFAX58CA,458.7,16.23,49.96,,
湖西鄉,土地,潭邊新段690地號,231.04,,鄉村區,乙種建築用地,1011128,土地1建物0車位0,,,其他,,,,0.0,0,0,0,有,無,698900,3025,,0.0,0,,RPTNMLLMKIHFFAX66CA,0.0,0.0,0.0,,
馬公市,土地,文東段1775地號,1455.02,,一般農業區,農牧用地,1011224,土地1建物0車位0,,,其他,,,,0.0,0,0,0,有,無,16725320,11495,,0.0,0,,RPRNMLMJJHIFFAX78CA,0.0,0.0,0.0,,
馬公市,房地(土地+建物),澎湖縣馬公巿五福路６１巷７弄１３號,117.25,,鄉村區,乙種建築用地,1011214,土地2建物1車位0,全,三層,透天厝,住家用,鋼筋混凝土加強磚造,0701001,112.96,3,2,2,有,無,3000000,26558,,0.0,0,,RPVNMLLMKIHFFAX86CA,112.96,0.0,0.0,,
馬公市,土地,文東段793地號,173.35,,鄉村區,乙種建築用地,1011220,土地1建物0車位0,,,其他,,,,0.0,0,0,0,有,無,1887000,10885,,0.0,0,,RPWNMLLMKIHFFAX96CA,0.0,0.0,0.0,,
湖西鄉,土地,潭邊新段662地號,136.81,,鄉村區,乙種建築用地,1011128,土地1建物0車位0,,,其他,,,,0.0,0,0,0,有,無,413820,3025,,0.0,0,權利人:陳朝陽、陳君翰,RPXNMLLMKIHFFAX07CA,0.0,0.0,0.0,,
馬公市,房地(土地+建物)+車位,澎湖縣馬公巿三多路349號十二樓之三,30.79,住,,,1011205,土地2建物1車位1,十二層,十四層,住宅大樓(11層含以上有電梯),集合住宅,鋼筋混凝土造,0950710,187.6,3,2,2,有,有,2800000,14925,坡道平面,0.0,0,,RPRNMLTLKIHFFAX27DA,103.06,0.0,11.74,,
湖西鄉,土地,許家段177地號,408.39,,一般農業區,交通用地,1011220,土地5建物0車位0,,,其他,,,,0.0,0,0,0,有,無,1765878,4324,,0.0,0,協議價購,RPTNMLLKJHIFFAX56EA,0.0,0.0,0.0,,
馬公市,土地,文石段1100地號,174.67,,一般農業區,農牧用地,1011226,土地1建物0車位0,,,其他,,,,0.0,0,0,0,有,無,1750000,10019,,0.0,0,,RPQNMLMJJHIFFAX78DA,0.0,0.0,0.0,,
馬公市,土地,五福段711地號,948.99,,一般農業區,農牧用地,1011220,土地1建物0車位0,,,其他,,,,0.0,0,0,0,有,無,40000000,42150,,0.0,0,含未來興建房屋4戶之價款,RPPNMLTKJHIFFAX86DA,0.0,0.0,0.0,,
馬公市,房地(土地+建物),澎湖縣馬公巿民生路13-2號,30.0,商,,,1011201,土地1建物1車位0,全,四層,透天厝,住商用,鋼筋混凝土加強磚造,0640901,90.42,2,1,3,有,無,6000000,66357,,0.0,0,親友、員工或其他特殊關係間之交易。1.2樓為店面,RPQNMLPKJHIFFAX56DA,90.42,0.0,0.0,,
馬公市,土地,興仁段1039地號,708.59,,一般農業區,農牧用地,1011222,土地1建物0車位0,,,其他,,,,0.0,0,0,0,有,無,1000000,1411,,0.0,0,,RPSNMLLKJHIFFAX98DA,0.0,0.0,0.0,,
馬公市,土地,文石段920地號,90.5,,一般農業區,農牧用地,1011227,土地2建物0車位0,,,其他,,,,0.0,0,0,0,有,無,950000,10497,,0.0,0,,RPRNMLNJJHIFFAX98DA,0.0,0.0,0.0,,
馬公市,土地,五德東段440-1地號,1226.34,農,,,1011227,土地2建物0車位0,,,其他,,,,0.0,0,0,0,有,無,2967000,2419,,0.0,0,,RPPNMLNLJHIFFAX88CA,0.0,0.0,0.0,,
馬公市,房地(土地+建物),澎湖縣馬公巿重慶街５３號,69.0,商,,,1011225,土地1建物1車位0,全,三層,透天厝,住商用,鋼筋加強造,0551020,193.18,4,1,3,有,無,5760000,29817,,0.0,0,,RPQNMLKLJHIFFAX68CA,193.18,0.0,0.0,,
馬公市,土地,東澳段74地號,23.04,住,,,1011217,土地1建物0車位0,,,其他,,,,0.0,0,0,0,有,無,557400,24193,,0.0,0,,RPRNMLKLJHIFFAX78CA,0.0,0.0,0.0,,
馬公市,房地(土地+建物),澎湖縣馬公巿貿商街１２７號十樓之五　,26.95,住,,,1011205,土地1建物1車位0,十層,十二層,住宅大樓(11層含以上有電梯),集合住宅,鋼筋混凝土造,0950629,180.01,3,2,2,有,有,3960000,21999,,0.0,0,,RPSNMLKLJHIFFAX88CA,96.88,0.0,11.16,,
馬公市,土地,五福段562地號,155.25,,一般農業區,農牧用地,1011220,土地1建物0車位0,,,其他,,,,0.0,0,0,0,有,無,704000,4535,,0.0,0,,RPTNMLKLJHIFFAX98CA,0.0,0.0,0.0,,
馬公市,土地,五福段547地號,88.56,,一般農業區,農牧用地,1011220,土地1建物0車位0,,,其他,,,,0.0,0,0,0,有,無,536000,6052,,0.0,0,,RPUNMLKLJHIFFAX09CA,0.0,0.0,0.0,,
馬公市,土地,五福段931地號,177.48,,鄉村區,乙種建築用地,1011222,土地3建物0車位0,,,其他,,,,0.0,0,0,0,有,無,2020367,11384,,0.0,0,,RPVNMLKLJHIFFAX56CA,0.0,0.0,0.0,,
湖西鄉,土地,隘門新段730地號,23.84,,一般農業區,農牧用地,1011228,土地2建物0車位0,,,其他,,,,0.0,0,0,0,有,無,200000,8389,,0.0,0,,RPQOMLSJJHIFFAX76CA,0.0,0.0,0.0,,
湖西鄉,土地,西溪段237地號,2213.25,,一般農業區,農牧用地,1011225,土地4建物0車位0,,,其他,,,,0.0,0,0,0,有,無,1840000,831,,0.0,0,親友、員工或其他特殊關係間之交易。,RPSNMLSJJHIFFAX96DA,0.0,0.0,0.0,,
馬公市,土地,馬公段1846-20地號,23.0,住,,,1011224,土地1建物0車位0,,,其他,,,,0.0,0,0,0,有,無,1144250,49750,,0.0,0,,RPROMLSJJHIFFAX96DA,0.0,0.0,0.0,,
馬公市,土地,中衛段106-1地號,277.69,農,,,1011227,土地2建物0車位0,,,其他,,,,0.0,0,0,0,有,無,700000,2521,,0.0,0,,RPPNMLKKJHIFFAX58DA,0.0,0.0,0.0,,
馬公市,房地(土地+建物),澎湖縣馬公巿五福路78巷13弄5號,166.67,,一般農業區,甲種建築用地,1011222,土地2建物1車位0,全,三層,透天厝,住家用,鋼筋混凝土造,0980817,242.39,4,2,2,無,無,7200000,29704,,0.0,0,,RPWNMLLKJHIFFAX76DA,216.54,4.94,20.91,,
馬公市,房地(土地+建物),澎湖縣馬公巿光華里光華132-2號,229.25,,一般農業區,甲種建築用地,1011217,土地2建物1車位0,全,三層,透天厝,住家用,鋼筋混凝土造,1010928,252.0,5,2,4,有,無,7600000,30159,,0.0,0,,RPPNMLOKJHIFFAX98DA,244.54,7.46,0.0,,
馬公市,土地,鐵線段1035地號,115.9,,鄉村區,乙種建築用地,1011120,土地1建物0車位0,,,其他,,,,0.0,0,0,0,有,無,750000,6471,,0.0,0,親友、員工或其他特殊關係間之交易。,RPQNMLOJJHIFFAX98DA,0.0,0.0,0.0,,
馬公市,建物,澎湖縣馬公巿鐵線里鐵線尾25-2號,0.0,,,,1011120,土地0建物1車位0,全,二層,透天厝,住家用,鋼筋混凝土造,0901030,91.05,5,2,2,有,無,1000000,10983,,0.0,0,親友、員工或其他特殊關係間之交易。,RPRNMLOJJHIFFAX09DA,87.98,0.0,3.06,,
馬公市,土地,北澳段507地號,139.46,,,,1011227,土地2建物0車位0,,,其他,,,,0.0,0,0,0,有,無,2700000,19360,,0.0,0,,RPXNMLRKJHIFFAX47DA,0.0,0.0,0.0,,
馬公市,房地(土地+建物),澎湖縣馬公巿貿商街１２０號三樓之一,28.82,住,,,1011201,土地2建物1車位0,三層,十層,華廈(10層含以下有電梯),集合住宅,鋼筋混凝土造,0950710,175.78,3,1,2,有,有,3500000,19911,,0.0,0,,RPXNMLKLJHIFFAX76CA,97.71,0.0,9.92,,
馬公市,土地,春暉段269地號,2.94,住,,,1011224,土地1建物0車位0,,,其他,,,,0.0,0,0,0,有,無,108486,36900,,0.0,0,向政府機關承購之案件。,RPPNMLMLJHIFFAX78CA,0.0,0.0,0.0,,
馬公市,房地(土地+建物)+車位,澎湖縣馬公巿貿商街１２７號十二樓之五,26.95,住,,,1011226,土地1建物1車位1,十二層,十二層,住宅大樓(11層含以上有電梯),集合住宅,鋼筋混凝土造,0950629,180.01,3,1,2,有,有,3640000,20221,坡道平面,0.0,0,,RPPNMLTJJHIFFAX66CA,96.88,0.0,11.16,,
馬公市,土地,鐵線段477地號,1591.0,,風景區,農牧用地,1011220,土地1建物0車位0,,,其他,,,,0.0,0,0,0,有,無,4100000,2577,,0.0,0,,RPPOMLSJJHIFFAX66CA,0.0,0.0,0.0,,
馬公市,土地,山水西段508地號,767.75,,一般農業區,農牧用地,1011206,土地1建物0車位0,,,其他,,,,0.0,0,0,0,有,無,5805000,7561,,0.0,0,,RPRNMLKKJHIFFAX78DA,0.0,0.0,0.0,,
馬公市,房地(土地+建物)+車位,澎湖縣馬公巿貿商街128號11樓之2,28.82,住,,,1020102,土地2建物1車位1,十一層,十四層,住宅大樓(11層含以上有電梯),集合住宅,鋼筋混凝土造,0950710,175.82,3,1,2,有,有,3000000,17063,坡道平面,0.0,0,,RPQNMLLKJHIFFAX78DA,96.71,0.0,10.96,,
馬公市,房地(土地+建物),澎湖縣馬公巿石泉路１之２２１號,69.48,,一般農業區,甲種建築用地,1020101,土地1建物1車位0,全,二層,透天厝,住家用,鋼筋混凝土加強磚造,0791201,91.8,3,2,3,有,無,3400000,37037,,0.0,0,,RPPOMLKLJHIFFAX68CA,91.8,0.0,0.0,,
馬公市,土地,五福段812-22地號,346.46,,一般農業區,甲種建築用地,1011228,土地2建物0車位0,,,其他,,,,0.0,0,0,0,有,無,9260000,26727,,0.0,0,農變建專案核准變更起造人交易總價包括未興建房屋建築費用。,RPQOMLKLJHIFFAX78CA,0.0,0.0,0.0,,
馬公市,房地(土地+建物),澎湖縣馬公巿貿商街１２２號十樓之三,28.82,住,,,1011201,土地2建物1車位0,十層,十四層,住宅大樓(11層含以上有電梯),集合住宅,鋼筋混凝土造,0950710,175.82,3,1,2,有,有,3180000,18087,,0.0,0,,RPVNMLNLJHIFFAX86CA,96.71,0.0,10.96,,
馬公市,房地(土地+建物),澎湖縣馬公巿三多路３９０巷１３號,104.88,住,,,1020104,土地1建物1車位0,全,四層,透天厝,住家用,鋼筋混凝土造,1011130,274.58,5,2,4,有,無,13500000,49166,,0.0,0,,RPSNMLPJKHIFFAX66CA,256.68,17.88,0.0,,
馬公市,房地(土地+建物)+車位,澎湖縣馬公巿三多路355號十三樓之二,31.66,住,,,1020104,土地1建物1車位1,十三層,十四層,住宅大樓(11層含以上有電梯),集合住宅,鋼筋混凝土造,0950629,211.51,3,1,2,有,有,3320000,15697,坡道平面,0.0,0,,RPUNMLLKJHIFFAX56DA,114.81,0.0,12.15,,
馬公市,房地(土地+建物),澎湖縣馬公巿臨海路20號,82.0,商,,,1011230,土地1建物1車位0,一層，二層,二層,店面(店鋪),住商用,鋼筋混凝土加強磚造,0650305,136.62,2,1,2,有,無,9800000,71732,,0.0,0,親友、員工或其他特殊關係間之交易。,RPWNMLKKJHIFFAX66DA,0.0,0.0,0.0,,
馬公市,房地(土地+建物)+車位,澎湖縣馬公巿光榮里3鄰三多路349號4樓之1,30.6,住,,,1011230,土地2建物1車位1,四層,十四層,住宅大樓(11層含以上有電梯),集合住宅,鋼筋混凝土造,0950710,186.73,3,2,2,有,有,3660000,19600,坡道平面,0.0,0,,RPPNMLPKJHIFFAX09DA,102.74,0.0,11.64,,
馬公市,房地(土地+建物),澎湖縣馬公巿文明路93號2樓,25.86,住,,,1011228,土地1建物1車位0,二層,七層,華廈(10層含以下有電梯),住家用,鋼筋混凝土造,0860430,119.35,3,1,2,有,有,1300000,10892,,0.0,0,親友、員工或其他特殊關係間之交易。,RPXOMLKLJHIFFAX96DA,90.65,0.0,11.6,,
馬公市,房地(土地+建物),澎湖縣馬公巿西衛277號,253.1,,一般農業區,甲種建築用地,1011228,土地2建物1車位0,全,三層,透天厝,住家用,鋼筋混凝土造,1000114,252.43,5,1,6,有,無,4000000,15846,,0.0,0,親友、員工或其他特殊關係間之交易。,RPPPMLKLJHIFFAX88DA,238.86,13.57,0.0,,
馬公市,房地(土地+建物),澎湖縣馬公巿貿商街１３６號十一樓之一,30.6,住,,,1011226,土地2建物1車位0,十一層,十四層,住宅大樓(11層含以上有電梯),集合住宅,鋼筋混凝土造,0950710,186.73,3,1,2,有,有,3850000,20618,,0.0,0,,RPWNMLKLJHIFFAX66CA,102.74,0.0,11.64,,
馬公市,房地(土地+建物)+車位,澎湖縣馬公巿三多路355號14樓-3,28.65,住,,,1011225,土地1建物1車位1,十四層,十四層,住宅大樓(11層含以上有電梯),集合住宅,鋼筋混凝土造,0950629,191.31,3,1,2,有,有,3200000,16727,一樓平面,0.0,0,,RPPNMLKMJHIFFAX78DA,103.06,0.0,11.74,,
馬公市,房地(土地+建物),澎湖縣馬公巿前寮262號,156.14,,一般農業區,甲種建築用地,1011225,土地2建物1車位0,全,三層,透天厝,住家用,鋼筋混凝土造,0991105,200.64,4,2,5,有,無,7000000,34888,,0.0,0,,RPTNMLQKJHIFFAX96DA,190.7,9.94,0.0,,
馬公市,房地(土地+建物),澎湖縣馬公巿林森路81巷17號,54.98,住,,,1011227,土地1建物1車位0,全,二層,透天厝,住家用,鋼筋混凝土加強空心磚造,0640318,73.08,5,1,2,有,無,4150000,56787,,0.0,0,,RPVNMLLKJHIFFAX66DA,73.08,0.0,0.0,,
馬公市,土地,興仁南段335地號,950.96,,一般農業區,農牧用地,1011228,土地1建物0車位0,,,其他,,,,0.0,0,0,0,有,無,936000,984,,0.0,0,,RPSNMLOJKHIFFAX56CA,0.0,0.0,0.0,,
馬公市,房地(土地+建物)+車位,澎湖縣馬公巿貿商街１２８號九樓之一,28.45,住,,,1011225,土地2建物1車位1,九層,十四層,住宅大樓(11層含以上有電梯),集合住宅,鋼筋混凝土造,0950710,173.55,3,2,2,有,有,3380000,19476,坡道平面,0.0,0,,RPQNMLNLJHIFFAX98CA,95.13,0.0,11.16,,
馬公市,土地,四維段627-4地號,87.97,,一般農業區,農牧用地,1020107,土地1建物0車位0,,,其他,,,,0.0,0,0,0,有,無,2120000,24099,,0.0,0,,RPTOMLLMJHIFFAX66CA,0.0,0.0,0.0,,
馬公市,房地(土地+建物)+車位,澎湖縣馬公巿貿商街136號4樓之五,30.6,住,,,1011230,土地2建物1車位1,四層,十四層,住宅大樓(11層含以上有電梯),集合住宅,鋼筋混凝土造,0950710,186.73,3,2,2,有,有,3200000,17137,坡道平面,0.0,0,,RPUNMLQKJHIFFAX07DA,102.74,0.0,11.64,,
馬公市,房地(土地+建物),澎湖縣馬公巿復國路2巷25號,128.0,住,,,1011230,土地3建物2車位0,全,一層,透天厝,,,,97.56,1,2,0,有,無,4560000,46740,,0.0,0,,RPPNMLSKJHIFFAX76DA,0.0,0.0,0.0,,
馬公市,房地(土地+建物),澎湖縣馬公巿西衛２３７之１７號,229.58,,一般農業區,甲種建築用地,1011229,土地2建物1車位0,全,三層,透天厝,住家用,鋼筋混凝土造,1010914,260.6,5,2,5,有,無,7800000,29931,,0.0,0,,RPRNMLPKJHIFFAX56CA,242.12,18.48,0.0,,
馬公市,土地,海堤段1202地號,596.75,工,,,1011228,土地1建物0車位0,,,其他,,,,0.0,0,0,0,有,無,4332000,7259,,0.0,0,,RPSNMLPKJHIFFAX66CA,0.0,0.0,0.0,,
馬公市,房地(土地+建物)+車位,澎湖縣馬公巿西文澳１１之２０號二樓,31.64,住,,,1011225,土地1建物1車位1,二層,七層,華廈(10層含以下有電梯),住家用,鋼筋混凝土造,0820113,92.47999999999999,3,2,2,有,無,4150000,44875,坡道平面,0.0,0,共有人數:2人。,RPRNMLQKJHIFFAX66CA,55.87,0.0,0.0,,
馬公市,房地(土地+建物),澎湖縣馬公巿石泉２７之２號,132.68,,鄉村區,乙種建築用地,1011230,土地1建物1車位0,全,三層,透天厝,住家用,鋼筋混凝土造,0931215,176.27,3,2,4,有,無,5400000,30635,,0.0,0,,RPVNMLRKJHIFFAX17CA,171.09,5.18,0.0,,
馬公市,土地,西澳段339-2地號,193.71,住,,,1011218,土地1建物0車位0,,,其他,,,,0.0,0,0,0,有,無,4687000,24196,,0.0,0,,RPWNMLRKJHIFFAX27CA,0.0,0.0,0.0,,
馬公市,土地,五福段951-1地號,1020.04,,一般農業區,農牧用地,1011228,土地1建物0車位0,,,其他,,,,0.0,0,0,0,有,無,10500000,10294,,0.0,0,,RPSNMLSKJHIFFAX96CA,0.0,0.0,0.0,,
湖西鄉,土地,南寮北段306地號,1010.36,,一般農業區,農牧用地,1011226,土地2建物0車位0,,,其他,,,,0.0,0,0,0,有,無,450000,445,,0.0,0,受債權債務影響或債務抵償之交易。,RPUNMLSKJHIFFAX17CA,0.0,0.0,0.0,,
馬公市,房地(土地+建物),澎湖縣馬公巿惠安路36號,15.0,商,,,1011227,土地1建物1車位0,全,二層,透天厝,住商用,鋼筋混凝土造,0940205,14.44,0,0,0,無,無,900000,62327,,0.0,0,,RPSNMLQKJHIFFAX86DA,14.44,0.0,0.0,,
馬公市,土地,五福段1468地號,223.17,,鄉村區,乙種建築用地,1011228,土地1建物0車位0,,,其他,,,,0.0,0,0,0,有,無,2700000,12098,,0.0,0,,RPOOMLRKJHIFFAX66DA,0.0,0.0,0.0,,
湖西鄉,土地,成功北段800地號,1983.87,,一般農業區,農牧用地,1011224,土地1建物0車位0,,,其他,,,,0.0,0,0,0,有,無,1860000,938,,0.0,0,,RPPOMLRKJHIFFAX76DA,0.0,0.0,0.0,,
馬公市,土地,山水南段511地號,141.48,,鄉村區,乙種建築用地,1011227,土地2建物0車位0,,,其他,,,,0.0,0,0,0,有,無,750000,5301,,0.0,0,,RPQOMLRKJHIFFAX86DA,0.0,0.0,0.0,,
馬公市,土地,光華段720-4地號,185.18,,一般農業區,甲種建築用地,1011221,土地2建物0車位0,,,其他,,,,0.0,0,0,0,有,無,1120000,6048,,0.0,0,,RPQNMLMLJHIFFAX98DA,0.0,0.0,0.0,,
馬公市,土地,烏崁新段1341地號,96.99,,鄉村區,乙種建築用地,1011230,土地1建物0車位0,,,其他,,,,0.0,0,0,0,有,無,440000,4537,,0.0,0,,RPVNMLQKJHIFFAX17DA,0.0,0.0,0.0,,
馬公市,房地(土地+建物)+車位,澎湖縣馬公巿三多路355號7樓之5,28.83,住,,,1011231,土地1建物1車位1,七層,十四層,住宅大樓(11層含以上有電梯),集合住宅,鋼筋混凝土造,0950629,192.57,3,2,2,有,有,3500000,18175,坡道平面,0.0,0,,RPPNMLRKJHIFFAX66DA,103.85,0.0,11.74,,
馬公市,土地,四維段628地號,1296.39,,一般農業區,農牧用地,1020107,土地1建物0車位0,,,其他,,,,0.0,0,0,0,有,無,23529000,18150,,0.0,0,,RPVOMLLMJHIFFAX86CA,0.0,0.0,0.0,,
馬公市,土地,裡新段1220地號,227.16,,風景區,農牧用地,1020109,土地1建物0車位0,,,其他,,,,0.0,0,0,0,有,無,800000,3522,,0.0,0,,RPROMLKLJHIFFAX88CA,0.0,0.0,0.0,,
西嶼鄉,土地,大池角段279-1地號,2251.0,,一般農業區,農牧用地,1011228,土地7建物0車位0,,,其他,,,,0.0,0,0,0,有,無,3404638,1513,,0.0,0,,RPTNMLOJKHIFFAX66CA,0.0,0.0,0.0,,
白沙鄉,土地,大倉段49地號,89.75,,一般農業區,農牧用地,1020115,土地1建物0車位0,,,其他,,,,0.0,0,0,0,有,無,116675,1300,,0.0,0,,RPVNMLLMJHIFFAX86DA,0.0,0.0,0.0,,
馬公市,房地(土地+建物)+車位,澎湖縣馬公巿光榮里貿商街122號9樓之5,28.45,住,,,1020103,土地2建物1車位1,九層,十四層,住宅大樓(11層含以上有電梯),集合住宅,鋼筋混凝土造,0950710,173.55,3,1,2,有,有,3200000,18438,坡道平面,0.0,0,親友、員工或其他特殊關係間之交易。,RPPOMLLMJHIFFAX98DA,95.13,0.0,11.16,,
白沙鄉,土地,大倉段49地號,89.75,,一般農業區,農牧用地,1020116,土地1建物0車位0,,,其他,,,,0.0,0,0,0,有,無,116675,1300,,0.0,0,,RPWNMLLMJHIFFAX96DA,0.0,0.0,0.0,,
白沙鄉,土地,大倉段49地號,89.75,,一般農業區,農牧用地,1020116,土地1建物0車位0,,,其他,,,,0.0,0,0,0,有,無,116675,1300,,0.0,0,,RPSOMLLMJHIFFAX66DA,0.0,0.0,0.0,,
馬公市,土地,五福段547地號,88.56,,一般農業區,農牧用地,1011220,土地1建物0車位0,,,其他,,,,0.0,0,0,0,有,無,536000,6052,,0.0,0,,RPUOMLKLJHIFFAX56CA,0.0,0.0,0.0,,
馬公市,土地,五福段562地號,155.25,,一般農業區,農牧用地,1011220,土地1建物0車位0,,,其他,,,,0.0,0,0,0,有,無,704000,4535,,0.0,0,,RPVOMLKLJHIFFAX66CA,0.0,0.0,0.0,,
湖西鄉,土地,隘門新段871地號,406.59,,一般農業區,農牧用地,1011212,土地1建物0車位0,,,其他,,,,0.0,0,0,0,有,無,5530000,13601,,0.0,0,,RPWOMLKLJHIFFAX76CA,0.0,0.0,0.0,,
馬公市,土地,安宅段1048-1地號,1032.58,,一般農業區,農牧用地,1011230,土地2建物0車位0,,,其他,,,,0.0,0,0,0,有,無,2500000,2421,,0.0,0,,RPSOMLKLJHIFFAX98CA,0.0,0.0,0.0,,
湖西鄉,土地,湖東新段122地號,121.01,,鄉村區,乙種建築用地,1011230,土地1建物0車位0,,,其他,,,,0.0,0,0,0,有,無,250000,2066,,0.0,0,,RPPNMLLLJHIFFAX78DA,0.0,0.0,0.0,,
馬公市,土地,文石段1220-6地號,163.37,,一般農業區,甲種建築用地,1011228,土地2建物0車位0,全,,透天厝,,,,0.0,5,2,4,有,無,6660000,40766,,0.0,0,變更起造人，含未來興建房屋之費用。,RPUNMLRKJHIFFAX07CA,0.0,0.0,0.0,,
白沙鄉,土地,大倉段49地號,89.75,,一般農業區,農牧用地,1020117,土地1建物0車位0,,,其他,,,,0.0,0,0,0,有,無,116675,1300,,0.0,0,,RPXNMLLMJHIFFAX07DA,0.0,0.0,0.0,,
馬公市,房地(土地+建物),澎湖縣馬公巿五福路138巷9-3號,106.72,,一般農業區,甲種建築用地,1020116,土地3建物1車位0,全,三層,透天厝,住家用,鋼筋混凝土造,0880412,178.3,5,1,3,有,無,740000,4150,,0.0,0,親友、員工或其他特殊關係間之交易。,RPRNMLLMJHIFFAX09DA,172.18,1.32,4.8,,
馬公市,土地,文石段1453地號,201.29,住,,,1011231,土地1建物0車位0,,,其他,,,,0.0,0,0,0,有,無,2000000,9936,,0.0,0,親友、員工或其他特殊關係間之交易。,RPTOMLLMJHIFFAX86EA,0.0,0.0,0.0,,
白沙鄉,土地,大倉段49地號,89.75,,一般農業區,農牧用地,1020118,土地1建物0車位0,,,其他,,,,0.0,0,0,0,有,無,116675,1300,,0.0,0,,RPOOMLLMJHIFFAX88DA,0.0,0.0,0.0,,
馬公市,房地(土地+建物),澎湖縣馬公巿文光路85號七樓之1,6.14,其他,,,1011220,土地10建物1車位0,七層,十層,華廈(10層含以下有電梯),住家用,鋼筋混凝土造,0870723,63.46,2,1,1,有,有,2000000,31516,,0.0,0,,RPXNMLOLJHIFFAX27DA,47.91,3.44,0.0,,
湖西鄉,土地,沙港北段1050地號,440.06,,鄉村區,乙種建築用地,1020112,土地2建物0車位0,,,其他,,,,0.0,0,0,0,有,無,1291167,2934,,0.0,0,,RPVNMLLLJHIFFAX76DA,0.0,0.0,0.0,,
馬公市,土地,案山段860-2地號,984.86,工,,,1011225,土地3建物0車位0,,,其他,,,,0.0,0,0,0,有,無,16010000,16256,,0.0,0,包含公共設施保留地之交易。,RPOPMLKLJHIFFAX68CA,0.0,0.0,0.0,,
馬公市,土地,烏崁新段1414地號,1422.73,,一般農業區,農牧用地,1020108,土地1建物0車位0,,,其他,,,,0.0,0,0,0,有,無,3300000,2319,,0.0,0,,RPQNMLLLJHIFFAX78CA,0.0,0.0,0.0,,
馬公市,房地(土地+建物),澎湖縣湖西鄉石泉路１之１１４號,48.07,,鄉村區,乙種建築用地,1011227,土地1建物1車位0,全,三層,透天厝,住家用,鋼筋混凝土造,0720118,100.62,4,1,4,有,無,3400000,33790,,0.0,0,,RPSNMLLLJHIFFAX98CA,100.62,0.0,0.0,,
湖西鄉,房地(土地+建物),澎湖縣馬公巿南寮１１８之５號,178.4,,一般農業區,甲種建築用地,1011225,土地2建物1車位0,全,三層,透天厝,住家用,鋼筋混凝土造,0960430,183.09,5,1,4,有,無,4800000,26217,,0.0,0,,RPUNMLLLJHIFFAX56CA,169.78,0.0,13.31,,
馬公市,房地(土地+建物),澎湖縣馬公巿五德８５號,369.51,,鄉村區,乙種建築用地,1011231,土地4建物1車位0,全,一層,透天厝,住家用,造,,71.63,2,1,1,有,無,1000000,13961,,0.0,0,,RPVNMLOJKHIFFAX86CA,71.63,0.0,0.0,,
白沙鄉,土地,下瓦硐段743地號,355.01,其他,鄉村區,乙種建築用地,1011215,土地1建物0車位0,,,其他,,,,0.0,0,0,0,有,無,1500000,4225,,0.0,0,,RPQNMLRJKHIFFAX66CA,0.0,0.0,0.0,,
湖西鄉,土地,湖西南段72地號,431.41,,一般農業區,農牧用地,1011231,土地1建物0車位0,,,其他,,,,0.0,0,0,0,有,無,1000000,2318,,0.0,0,,RPPNMLSKKHIFFAX76CA,0.0,0.0,0.0,,
馬公市,土地,文澳段2483地號,379.0,住,,,1011225,土地1建物0車位0,,,其他,,,,0.0,0,0,0,有,無,9745000,25712,,0.0,0,共有人數:2人。,RPTNMLLLJHIFFAX09CA,0.0,0.0,0.0,,
馬公市,土地,五福段253-5地號,209.09,,一般農業區,甲種建築用地,1011231,土地2建物0車位0,,,其他,,,,0.0,0,0,0,有,無,8200000,39218,,0.0,0,農變建專案核准變更起造人交易總價包括未興建房屋建築費用。,RPWNMLNLJHIFFAX96CA,0.0,0.0,0.0,,
馬公市,房地(土地+建物),澎湖縣馬公巿鎖管港80-2號,136.4,住,,,1011231,土地1建物1車位0,全,三層,透天厝,住家用,鋼筋混凝土造,1011214,235.42,5,3,4,有,無,6000000,25486,,0.0,0,,RPVNMLRLJHIFFAX37DA,224.26,11.16,0.0,,
馬公市,土地,安宅段1707地號,645.62,,一般農業區,甲種建築用地,1011231,土地1建物0車位0,,,其他,,,,0.0,0,0,0,有,無,1162116,1800,,0.0,0,親友、員工或其他特殊關係間之交易。,RPTNMLLMJHIFFAX66DA,0.0,0.0,0.0,,
白沙鄉,土地,大倉段49地號,89.75,,一般農業區,農牧用地,1020121,土地1建物0車位0,,,其他,,,,0.0,0,0,0,有,無,116675,1300,,0.0,0,,RPQOMLLMJHIFFAX09DA,0.0,0.0,0.0,,
馬公市,房地(土地+建物),澎湖縣馬公巿西文澳81-2號,62.51,住,,,1011225,土地1建物1車位0,全,二層,透天厝,住家用,鋼筋混凝土加強磚造,0680613,81.2,3,1,2,有,無,1000000,12315,,0.0,0,親友、員工或其他特殊關係間之交易。父子關係,RPQNMLLJKHIFFAX78DA,81.2,0.0,0.0,,
白沙鄉,土地,大倉段49地號,89.75,,一般農業區,農牧用地,1020121,土地1建物0車位0,,,其他,,,,0.0,0,0,0,有,無,116675,1300,,0.0,0,,RPTNMLPJKHIFFAX86DA,0.0,0.0,0.0,,
馬公市,房地(土地+建物),澎湖縣馬公巿貿商街122號9樓之1,28.64,住,,,1020116,土地2建物1車位0,九層,十四層,住宅大樓(11層含以上有電梯),集合住宅,鋼筋混凝土造,0950710,174.72,3,1,1,有,有,3200000,18315,,0.0,0,親友、員工或其他特殊關係間之交易。,RPPNMLTLJHIFFAX96DA,96.05,0.0,10.96,,
白沙鄉,土地,大倉段49地號,89.75,,一般農業區,農牧用地,1020122,土地1建物0車位0,,,其他,,,,0.0,0,0,0,有,無,116675,1300,,0.0,0,,RPROMLLMJHIFFAX56DA,0.0,0.0,0.0,,
馬公市,房地(土地+建物),澎湖縣馬公巿鎖管港80-3號,136.74,住,,,1011231,土地1建物1車位0,全,三層,透天厝,住家用,鋼筋混凝土造,1011214,235.42,5,3,4,有,無,6000000,25486,,0.0,0,,RPWNMLRLJHIFFAX47DA,224.26,11.16,0.0,,
馬公市,房地(土地+建物),澎湖縣馬公巿貿商街142號八樓之1,30.6,住,,,1011231,土地2建物1車位0,八層,十四層,住宅大樓(11層含以上有電梯),集合住宅,鋼筋混凝土造,0950710,186.73,3,1,2,有,有,996911,5339,,0.0,0,親友、員工或其他特殊關係間之交易。,RPTNMLRLJHIFFAX17DA,102.74,0.0,11.64,,
馬公市,房地(土地+建物),澎湖縣馬公巿鎖管港80之1號,135.64,住,,,1011231,土地1建物1車位0,全,三層,透天厝,住家用,鋼筋混凝土造,1011214,235.42,5,3,4,有,無,6000000,25486,,0.0,0,,RPUNMLRLJHIFFAX27DA,224.26,11.16,0.0,,
馬公市,土地,鐵線段623-5地號,214.48,,一般農業區,甲種建築用地,1011231,土地2建物0車位0,,,其他,,,,0.0,0,0,0,有,無,5980000,27881,,0.0,0,農變建專案核准變更起造人交易總價包括未興建房屋建築費用。,RPXNMLNLJHIFFAX07CA,0.0,0.0,0.0,,
白沙鄉,土地,通梁中段756地號,291.57,住,,,1011230,土地2建物0車位0,,,其他,,,,0.0,0,0,0,有,無,1760000,6036,,0.0,0,,RPPNMLOLJHIFFAX98CA,0.0,0.0,0.0,,
馬公市,房地(土地+建物),澎湖縣馬公巿光復路５巷１０號五樓之二,22.0,住,,,1011225,土地1建物1車位0,三層，騎樓,五層,公寓(5樓含以下無電梯),住家用,鋼筋混凝土加強磚造,0661111,85.19,3,1,1,有,無,2500000,29346,,0.0,0,,RPUNMLNLJHIFFAX76CA,85.19,0.0,0.0,,
馬公市,土地,興崁段551地號,1136.41,,一般農業區,農牧用地,1011228,土地1建物0車位0,,,其他,,,,0.0,0,0,0,有,無,2490000,2191,,0.0,0,,RPVNMLOLJHIFFAX96CA,0.0,0.0,0.0,,
馬公市,土地,文光段880地號,112.57,住,,,1011230,土地1建物0車位0,,,其他,,,,0.0,0,0,0,有,無,6050000,53744,,0.0,0,,RPQNMLRLJHIFFAX76CA,0.0,0.0,0.0,,
馬公市,房地(土地+建物)+車位,澎湖縣馬公巿三多路３４９號十四樓之三,30.79,住,,,1020108,土地2建物1車位1,十四層,十四層,住宅大樓(11層含以上有電梯),集合住宅,鋼筋混凝土造,0950710,187.6,3,2,2,有,有,3680000,19616,坡道平面,0.0,0,,RPUNMLLMJHIFFAX66CA,103.06,0.0,11.74,,
湖西鄉,土地,尖山北段271地號,240.3,,一般農業區,農牧用地,1011231,土地5建物0車位0,,,其他,,,,0.0,0,0,0,有,無,100000,416,,0.0,0,受債權債務影響或債務抵償之交易。,RPSNMLLJKHIFFAX88CA,0.0,0.0,0.0,,
馬公市,土地,興仁段1358地號,238.55,,一般農業區,農牧用地,1020114,土地1建物0車位0,,,其他,,,,0.0,0,0,0,有,無,50000,210,,0.0,0,受債權債務影響或債務抵償之交易。,RPTNMLTLJHIFFAX27CA,0.0,0.0,0.0,,
白沙鄉,土地,赤崁北段322地號,428.17,,風景區,農牧用地,1011228,土地2建物0車位0,,,其他,,,,0.0,0,0,0,有,無,1200000,2803,,0.0,0,,RPRNMLNLJHIFFAX56DA,0.0,0.0,0.0,,
湖西鄉,土地,沙港北段624地號,307.39,,一般農業區,農牧用地,1020121,土地1建物0車位0,,,其他,,,,0.0,0,0,0,有,無,450000,1464,,0.0,0,,RPRNMLOLJHIFFAX66DA,0.0,0.0,0.0,,
湖西鄉,土地,湖西南段891地號,479.27,,一般農業區,農牧用地,1020115,土地1建物0車位0,,,其他,,,,0.0,0,0,0,有,無,1450000,3025,,0.0,0,,RPTNMLOLJHIFFAX86DA,0.0,0.0,0.0,,
湖西鄉,土地,西溪段545地號,276.0,,鄉村區,乙種建築用地,1020117,土地1建物0車位0,,,其他,,,,0.0,0,0,0,有,無,1050000,3804,,0.0,0,,RPWNMLOLJHIFFAX17DA,0.0,0.0,0.0,,
馬公市,土地,文寮段664地號,797.14,,鄉村區,乙種建築用地,1011230,土地1建物0車位0,,,其他,,,,0.0,0,0,0,有,無,12659325,15881,,0.0,0,,RPWNMLSLJHIFFAX47CA,0.0,0.0,0.0,,
馬公市,土地,五德東段1387地號,959.98,,一般農業區,農牧用地,1011220,土地5建物0車位0,,,其他,,,,0.0,0,0,0,有,無,3000000,3125,,0.0,0,,RPRNMLRLJHIFFAX86CA,0.0,0.0,0.0,,
馬公市,房地(土地+建物)+車位,澎湖縣馬公巿東衛１７９號,90.09,,鄉村區,乙種建築用地,1011226,土地1建物1車位1,全,三層,透天厝,住家用,鋼筋混凝土造,0840610,193.81,4,2,5,有,無,4000000,20639,一樓平面,0.0,0,,RPUNMLOLJHIFFAX86CA,190.67,3.14,0.0,,
馬公市,土地,烏崁新段1619地號,1820.31,,一般農業區,農牧用地,1020109,土地1建物0車位0,,,其他,,,,0.0,0,0,0,有,無,2000000,1099,,0.0,0,,RPSNMLRLJHIFFAX96CA,0.0,0.0,0.0,,
馬公市,房地(土地+建物)+車位,澎湖縣馬公巿貿商街１４２號十二樓之三,30.41,住,,,1011226,土地2建物1車位1,十二層,十四層,住宅大樓(11層含以上有電梯),集合住宅,鋼筋混凝土造,0950710,185.53,3,1,2,有,有,2200000,11858,坡道平面,0.0,0,,RPVNMLSLJHIFFAX37CA,101.98,0.0,11.64,,
馬公市,土地,興崁段1098地號,473.45,,一般農業區,農牧用地,1011226,土地1建物0車位0,,,其他,,,,0.0,0,0,0,有,無,1000000,2112,,0.0,0,,RPOOMLOLJHIFFAX98CA,0.0,0.0,0.0,,
馬公市,土地,興仁段343-18地號,248.55,,一般農業區,甲種建築用地,1011225,土地4建物0車位0,,,其他,,,,0.0,0,0,0,有,無,7700000,30980,,0.0,0,變更起造人包含未來興建房屋建築費用,RPOOMLTKKHIFFAX96DA,0.0,0.0,0.0,,
馬公市,土地,興仁段343-18地號,238.24,,一般農業區,甲種建築用地,1011225,土地4建物0車位0,,,其他,,,,0.0,0,0,0,有,無,6380000,26780,,0.0,0,變更起造人包含未來興建房屋建築費用,RPWNMLTKKHIFFAX67DA,0.0,0.0,0.0,,
馬公市,土地,興仁段343-18地號,240.01,,一般農業區,甲種建築用地,1011225,土地4建物0車位0,,,其他,,,,0.0,0,0,0,有,無,6450000,26874,,0.0,0,變更起造人包含未來興建房屋建築費用,RPXNMLTKKHIFFAX77DA,0.0,0.0,0.0,,
馬公市,土地,光榮段344-1地號,888.76,其他,,,1020112,土地2建物0車位0,,,其他,,,,0.0,0,0,0,有,無,4840000,5446,,0.0,0,,RPRNMLPLJHIFFAX76DA,0.0,0.0,0.0,,
湖西鄉,土地,西溪段385地號,441.0,,一般農業區,農牧用地,1011231,土地1建物0車位0,,,其他,,,,0.0,0,0,0,有,無,360000,816,,0.0,0,親友、員工或其他特殊關係間之交易。,RPPNMLSLJHIFFAX86DA,0.0,0.0,0.0,,
馬公市,房地(土地+建物),澎湖縣馬公巿貿商街128號10樓之1,28.45,住,,,1011231,土地2建物1車位0,十層,十四層,住宅大樓(11層含以上有電梯),集合住宅,鋼筋混凝土造,0950710,173.55,3,1,2,有,有,3680000,21204,,0.0,0,,RPPNMLPJKHIFFAX09DA,95.13,0.0,11.16,,
馬公市,房地(土地+建物),澎湖縣馬公巿新村路２９號,32.47,住,,,1011228,土地1建物1車位0,騎樓，一層，二層,五層,公寓(5樓含以下無電梯),住商用,鋼筋混凝土造,0730629,97.87,2,1,2,有,無,6200000,63349,,0.0,0,,RPQNMLTLJHIFFAX96CA,97.87,0.0,0.0,,
馬公市,土地,興仁段343-18地號,232.48,,一般農業區,甲種建築用地,1011230,土地4建物0車位0,,,其他,,,,0.0,0,0,0,有,無,6400000,27529,,0.0,0,變更起造人包含未來興建房屋建築費用,RPSNMLTKKHIFFAX27DA,0.0,0.0,0.0,,
馬公市,土地,興仁段343-18地號,239.11,,一般農業區,甲種建築用地,1011225,土地4建物0車位0,,,其他,,,,0.0,0,0,0,有,無,6300000,26348,,0.0,0,變更起造人包含未來興建房屋建築費用,RPTNMLTKKHIFFAX37DA,0.0,0.0,0.0,,
白沙鄉,土地,大倉段15-3地號,72.0,,鄉村區,乙種建築用地,1020128,土地1建物0車位0,,,其他,,,,0.0,0,0,0,有,無,172000,2389,,0.0,0,公地讓售,RPUNMLNLKHIFFAX96DA,0.0,0.0,0.0,,
馬公市,土地,興仁段343-18地號,247.87,,一般農業區,甲種建築用地,1011225,土地4建物0車位0,,,其他,,,,0.0,0,0,0,有,無,6680000,26950,,0.0,0,變更起造人包含未來興建房屋建築費用,RPPOMLTKKHIFFAX07DA,0.0,0.0,0.0,,
馬公市,土地,興仁段343-18地號,234.73,,一般農業區,甲種建築用地,1011225,土地4建物0車位0,,,其他,,,,0.0,0,0,0,有,無,6300000,26839,,0.0,0,變更起造人包含未來興建房屋建築費用,RPVNMLTKKHIFFAX57DA,0.0,0.0,0.0,,
馬公市,房地(土地+建物),澎湖縣馬公巿成功街71號,155.36,住,,,1011228,土地1建物1車位0,全,四層,透天厝,住家用,鋼筋混凝土造,1011207,333.34,4,3,6,有,無,13680000,41039,,0.0,0,權利人等二人,RPPNMLKLKHIFFAX78DA,318.47,14.87,0.0,,
馬公市,土地,中山段569地號,284.92,住,,,1011230,土地2建物0車位0,,,其他,,,,0.0,0,0,0,有,無,3000000,10529,,0.0,0,,RPQNMLPJKHIFFAX56DA,0.0,0.0,0.0,,
馬公市,土地,中衛段400地號,596.64,工,,,1011230,土地1建物0車位0,,,其他,,,,0.0,0,0,0,有,無,8000000,13408,,0.0,0,,RPWNMLRJKHIFFAX37DA,0.0,0.0,0.0,,
馬公市,建物,澎湖縣馬公巿西文澳97之66號,0.0,,,,1011230,土地0建物1車位0,一層,一層,工廠,工業用,鋼骨造,0961030,180.95,2,1,2,有,無,1000000,,,0.0,0,,RPUNMLSJKHIFFAX27DA,180.95,0.0,0.0,,
湖西鄉,土地,尖山中段1297地號,353.9,,一般農業區,農牧用地,1011220,土地2建物0車位0,,,其他,,,,0.0,0,0,0,有,無,3600000,10172,,0.0,0,土地分次登記案件。後案土地登記收件字號：澎普XA64005800,RPWOMLLMJHIFFAX07DA,0.0,0.0,0.0,,
湖西鄉,土地,西溪段1596地號,731.0,,一般農業區,農牧用地,1020121,土地3建物0車位0,,,其他,,,,0.0,0,0,0,有,無,2210000,3023,,0.0,0,,RPSNMLKMJHIFFAX09DA,0.0,0.0,0.0,,
西嶼鄉,土地,二崁南段443-2地號,101.94,其他,,,1011229,土地3建物0車位0,,,其他,,,,0.0,0,0,0,有,無,600000,5886,,0.0,0,親友、員工或其他特殊關係間之交易。,RPRNMLKMJHIFFAX88CA,0.0,0.0,0.0,,
湖西鄉,土地,南寮北段582地號,3196.27,,一般農業區,農牧用地,1011220,土地4建物0車位0,,,其他,,,,0.0,0,0,0,有,無,1700000,532,,0.0,0,,RPQNMLLMJHIFFAX88CA,0.0,0.0,0.0,,
馬公市,土地,五德東段548地號,319.02,,一般農業區,農牧用地,1020123,土地3建物0車位0,,,其他,,,,0.0,0,0,0,有,無,1600000,5015,,0.0,0,,RPPNMLRKKHIFFAX66CA,0.0,0.0,0.0,,
馬公市,土地,西澳段1031地號,113.75,住,,,1020128,土地1建物0車位0,,,其他,,,,0.0,0,0,0,有,無,2700000,23736,,0.0,0,,RPQNMLRKKHIFFAX76CA,0.0,0.0,0.0,,
湖西鄉,土地,尖山南段789地號,180.74,,一般農業區,農牧用地,1011231,土地1建物0車位0,,,其他,,,,0.0,0,0,0,有,無,656000,3630,,0.0,0,,RPPNMLLJKHIFFAX58CA,0.0,0.0,0.0,,
馬公市,土地,五福段138地號,123.8,,一般農業區,農牧用地,1020128,土地1建物0車位0,,,其他,,,,0.0,0,0,0,有,無,700000,5654,,0.0,0,,RPUOMLLMJHIFFAX86DA,0.0,0.0,0.0,,
湖西鄉,土地,太武西段351地號,3240.9,,一般農業區,農牧用地,1011230,土地4建物0車位0,,,其他,,,,0.0,0,0,0,有,無,1550000,478,,0.0,0,親友、員工或其他特殊關係間之交易。,RPUNMLTKKHIFFAX47DA,0.0,0.0,0.0,,
馬公市,房地(土地+建物)+車位,澎湖縣馬公巿文光路168巷45號3F,27.8,住,,,1011230,土地2建物1車位0,三層,六層,華廈(10層含以下有電梯),住家用,鋼筋混凝土造,0821015,137.81,3,2,2,有,無,3180000,23075,坡道平面,0.0,0,,RPOOMLKLKHIFFAX78DA,95.82,11.58,0.0,,
馬公市,土地,文石段596地號,601.81,,一般農業區,農牧用地,1011231,土地1建物0車位0,,,其他,,,,0.0,0,0,0,有,無,3600000,5982,,0.0,0,,RPPNMLPLKHIFFAX66DA,0.0,0.0,0.0,,
馬公市,土地,中衛段425地號,521.78,工,,,1011231,土地1建物0車位0,,,其他,,,,0.0,0,0,0,有,無,2360000,4523,,0.0,0,,RPOOMLRKKHIFFAX76DA,0.0,0.0,0.0,,
馬公市,房地(土地+建物),澎湖縣馬公巿三多路184巷2號,63.97,住,,,1020121,土地1建物1車位0,全,二層,透天厝,住家用,鋼筋混凝土加強磚造,0680504,86.16,3,2,2,有,無,3000000,34819,,0.0,0,,RPRNMLLJKHIFFAX88DA,86.16,0.0,0.0,,
馬公市,房地(土地+建物),澎湖縣馬公巿石泉9-31號,161.09,,鄉村區,乙種建築用地,1011230,土地2建物1車位0,全,四層,透天厝,住家用,鋼筋混凝土造,1010713,266.19,6,2,5,有,無,8600000,32308,,0.0,0,,RPPNMLMJKHIFFAX78DA,242.23,23.96,0.0,,
馬公市,房地(土地+建物),澎湖縣馬公巿三多路411號4樓之10,5.88,住,,,1011228,土地1建物1車位0,四層,十層,華廈(10層含以下有電梯),住家用,鋼筋混凝土造,0850308,52.040000000000006,1,1,1,有,有,1500000,28824,,0.0,0,,RPUNMLOJKHIFFAX86DA,39.23,3.29,0.0,,
馬公市,土地,光華段286地號,3045.17,,一般農業區,農牧用地,1011226,土地1建物0車位0,,,其他,,,,0.0,0,0,0,有,無,4960000,1629,,0.0,0,,RPRNMLSKKHIFFAX96CA,0.0,0.0,0.0,,
