﻿編號,土地位置,土地移轉面積(平方公尺),使用分區或編定,權利人持分分母,權利人持分分子,移轉情形,地號
The serial number, land position,land shifting area square meter,the use zoning or compiles and checks,,,,land parcel
RPWQMLLKRHPFFCB66CC,順和段,21.73,都市：住,,,,02170000
RPXOMLLKRHPFFBB09CC,東山段,9.64,都市：住,,,,01410000
RPWOMLLKRHPFFAB88CC,麻園頭段,16.29,都市：住,,,,01320000
RPRPMLLKRHPFFAB48CC,土庫段,7.78,都市：住,,,,00270000
RPROMLLKRHPFFAB38CC,麻園頭段,17.24,都市：商,,,,00290000
RPVOMLLKRHPFFAB78CC,麻園頭段,19.48,都市：住,,,,00220000
RPOQMLLKRHPFFAB28CC,自由段一小段,296.00,都市：商,,,,00040000
RPOQMLLKRHPFFAB28CC,自由段一小段,67.00,都市：商,,,,00040001
RPUQMLLKRHPFFAB88CC,大益段,.00,都市：住,,,,07320003
RPOOMLLKRHPFFHB78CC,甘潭段,84.86,都市：住,,,,06500007
RPQOMLLKRHPFFFB78CC,英才段,.00,都市：住,,,,07400000
RPQNMLMKRHPFFAB28CC,平和段,5.20,都市：商,,,,00500000
RPUNMLMKRHPFFIB86CC,新長壽段,101.26,都市：住,,,,00280005
RPQPMLLKRHPFFIB56CC,新榮和段,3.97,,,,,00290000
RPPPMLLKRHPFFBB48DC,仁和段,309.00,都市：住,,,,09540002
RPRNMLLKRHPFFKB66CC,新東段,3.67,非都市：鄉村區 ; 非都市編定：乙種建築用地,,,,00030000
RPRNMLLKRHPFFKB66CC,新東段,39.23,非都市：鄉村區 ; 非都市編定：乙種建築用地,,,,00120000
RPPNMLMKRHPFFHB88CC,四維段,14.02,都市：住,,,,00680000
RPTNMLMKRHPFFCB78CC,西屯段,4.23,都市：住,,,,22830002
RPSOMLOKRHPFFCB98CC,上石碑段,1105.48,都市：其他:空白,,,,27350000
RPVOMLOKRHPFFCB66CC,惠來厝段,949.00,都市：其他:空白,,,,12510005
RPSNMLMKRHPFFAB48CC,下橋子頭段,15.62,都市：住,,,,01450022
RPVNMLMKRHPFFCB98CC,西屯段,4.17,都市：住,,,,22830002
RPWOMLOKRHPFFCB76CC,大墩段,12319.00,都市：其他:空白,,,,04690000
RPTOMLOKRHPFFCB09CC,國安段,2559.61,都市：其他:空白,,,,02920002
RPXQMLOKRHPFFCB07CC,下石碑段,.00,都市：住,,,,16920003
RPRRMLOKRHPFFCB56CC,民安段,.00,都市：住,,,,18860000
RPXOMLOKRHPFFBB76CC,賴厝?段,601.00,都市：其他:空白,,,,01460019
RPRPMLOKRHPFFBB88CC,東山段,2070.00,都市：其他:空白,,,,02210000
RPVQMLOKRHPFFBB76CC,松昌段,.00,都市：住,,,,01130000
RPOSMLOKRHPFFBB88CC,松昌段,.00,都市：住,,,,01130000
RPTSMLOKRHPFFBB76CC,北屯段,10.65,都市：住,,,,00260000
RPQSMLOKRHPFFBB09CC,東峰段,6.42,都市：住,,,,01580000
RPWSMLOKRHPFFBB07CC,中清段,8.50,都市：商,,,,00060000
RPPSMLOKRHPFFBB98CC,東峰段,11.13,都市：住,,,,01580000
RPSSMLOKRHPFFBB66CC,東峰段,9.49,都市：住,,,,01580000
RPUNMLOKRHPFFAB88CC,後?子段,52.62,都市：住,,,,03300003
RPROMLOKRHPFFAB68CC,平和段,3716.16,都市：其他:空白,,,,00500000
RPUSMLOKRHPFFBB86CC,賴厝?段,3.16,都市：商,,,,00310003
RPUSMLOKRHPFFBB86CC,邱厝子段,2.54,都市：商,,,,00310062
RPRTMLOKRHPFFBB66CC,中清段,8.53,都市：商,,,,00060000
RPSNNLPKRHPFFAB88CC,大益段,79.00,都市：住,,,,07580000
RPPOMLOKRHPFFAB48CC,柳川段一小段,2749.00,都市：其他:空白,,,,00040000
RPPOMLOKRHPFFAB48CC,柳川段一小段,638.00,都市：其他:空白,,,,00040006
RPRNNLPKRHPFFAB78CC,麻園頭段,44.89,都市：住,,,,00280000
RPUPMLOKRHPFFAB09CC,平民段五小段,51.00,都市：住,,,,00010013
RPOOMLPKRHPFFFB98CC,?榔段,66.00,都市：住,,,,08210072
RPOOMLPKRHPFFFB98CC,?榔段,27.00,都市：住,,,,08240020
RPUOMLPKRHPFFFB96CC,南簡段,22.99,都市：住,,,,07050010
RPVNMLPKRHPFFIB27CC,螺潭段,520.00,非都市：特定農業區 ; 非都市編定：農牧用地,,,,10710000
RPVNMLPKRHPFFIB27CC,螺潭段,520.00,非都市：特定農業區 ; 非都市編定：農牧用地,,,,10710002
RPOPMLPKRHPFFAB68DC,繼光段三小段,17.50,都市：商,,,,00050005
RPOPMLPKRHPFFAB68DC,繼光段三小段,17.50,都市：商,,,,00050017
RPWPMLPKRHPFFAB86DC,繼光段三小段,17.50,都市：商,,,,00050005
RPWPMLPKRHPFFAB86DC,繼光段三小段,17.50,都市：商,,,,00050017
RPXRMLPKRHPFFBB17CC,東山段,.00,都市：住,,,,02210000
RPUOMLQKRHPFFCB76CC,安林段,.00,都市：住,,,,06430000
RPQOMLQKRHPFFCB98CC,上石碑段,.00,,,,,15350000
RPPTMLQKRHPFFCB76CC,國安段,.00,都市：住,,,,00940000
RPPTMLQKRHPFFCB76CC,國安段,.00,都市：住,,,,00940001
RPXSMLPKRHPFFCB37CC,上石碑段,24.27,都市：住,,,,26320000
RPXUMLPKRHPFFCB57CC,文山段,428.00,都市：工,,,,02830001
RPVTMLQKRHPFFCB37CC,豐功段,.00,都市：商,,,,02620000
RPXPMLQKRHPFFCB17CC,安和段,.00,都市：工,,,,02180000
RPWOMLQKRHPFFBB86CC,平田段,6.49,都市：住,,,,00030000
RPWOMLQKRHPFFBB86CC,平田段,4.58,都市：住,,,,00030001
RPWOMLQKRHPFFBB86CC,平田段,5.67,都市：住,,,,00040000
RPWOMLQKRHPFFBB86CC,平田段,5.39,都市：住,,,,00040001
RPWOMLQKRHPFFBB86CC,平田段,3.11,都市：住,,,,00070001
RPWOMLQKRHPFFBB86CC,平田段,4.26,都市：住,,,,00020000
RPWOMLQKRHPFFBB86CC,平田段,1.99,都市：住,,,,00020001
RPWOMLQKRHPFFBB86CC,平田段,2.10,都市：住,,,,00280001
RPRTMLQKRHPFFCB96CC,福安段,.00,都市：住,,,,00720000
RPPNMLQKRHPFFKB96CC,東園段,.00,非都市：鄉村區 ; 非都市編定：乙種建築用地,,,,04560000
RPWTMLQKRHPFFCB47CC,惠民段,.00,都市：其他:第六種新市政中心專用區,,,,01060000
RPXQMLQKRHPFFBB17CC,水源段,.00,都市：住,,,,02300077
RPXQMLQKRHPFFBB17CC,水源段,.00,都市：住,,,,02310000
RPXQMLQKRHPFFBB17CC,錦村段,.00,都市：住,,,,02840000
RPXQMLQKRHPFFBB17CC,錦村段,.00,都市：住,,,,02840003
RPXQMLQKRHPFFBB17CC,錦村段,.00,都市：住,,,,02840004
RPXQMLQKRHPFFBB17CC,錦村段,.00,都市：住,,,,02840007
RPXQMLQKRHPFFBB17CC,錦村段,.00,都市：其他:道路用地,,,,02840008
RPXQMLQKRHPFFBB17CC,錦村段,.00,都市：其他:道路用地,,,,02840009
RPPQMLQKRHPFFBB98CC,大學段,408.86,都市：住,,,,09530000
RPRNMLQKRHPFFKB17CC,新東段,28.44,非都市：一般農業區 ; 非都市編定：農牧用地,,,,10850000
RPUNMLQKRHPFFJB37CC,樹孝段,24.88,都市：其他:空白,,,,12550000
RPOOMLQKRHPFFFB09CC,梧棲段,18.36,都市：商,,,,28440000
RPUNMLRKRHPFFFB07CC,平等段,68.25,都市：住,,,,13900000
RPWNMLRKRHPFFHB47CC,家興段,29.57,都市：住,,,,08680000
RPVNMLRKRHPFFHB37CC,潭北段,41.39,都市：住,,,,08980000
RPXNMLRKRHPFFHB57CC,甘潭段,16.81,都市：住,,,,04700000
RPTPMLRKRHPFFAB66CC,公館段,5.85,都市：商,,,,00610067
RPTOMLRKRHPFFHB27CC,家興段,53.52,都市：住,,,,01870000
RPTOMLRKRHPFFHB27CC,家興段,17.76,都市：住,,,,01430000
RPWOMLRKRHPFFHB57CC,大豐段,11.44,都市：農,,,,10100000
RPXQMLRKRHPFFAB17CC,下橋子頭段,1.83,都市：商,,,,02170014
RPTNMLRKRHPFFJB37CC,大源段,.00,非都市：鄉村區 ; 非都市編定：乙種建築用地,,,,06780000
RPTNMLRKRHPFFJB37CC,大源段,.00,非都市：鄉村區 ; 非都市編定：乙種建築用地,,,,06790000
RPVPMLRKRHPFFAB86CC,後?子段,22.07,都市：住,,,,02520031
RPTQMLRKRHPFFBB86CC,錦村段,12.36,都市：商,,,,01850113
RPWRMLRKRHPFFAB17CC,樹子腳段,12.30,都市：住,,,,15700000
RPXNMLRKRHPFFCB07CC,大進段,13.32,都市：住,,,,09920000
RPQNNLRKRHPFFCB09CC,中正段,5.55,都市：商,,,,01550000
RPPPMLRKRHPFFBB98CC,太祥段,18.44,都市：住,,,,01200000
RPUQMLRKRHPFFBB96CC,東峰段,6.93,都市：住,,,,01580000
RPRNNLRKRHPFFCB56CC,中正段,6.24,都市：商,,,,01550000
RPTOMLSKRHPFFCB86CC,惠民段,12.51,都市：其他:新市政中心專用區,,,,00110000
RPSNNLRKRHPFFCB66CC,中正段,5.91,都市：商,,,,01550000
RPOPMLSKRHPFFCB09CC,中和段,120.12,都市：住,,,,01560000
RPUQMLSKRHPFFBB07CC,乾溝子段,23.91,都市：住,,,,01700049
RPUQMLSKRHPFFBB07CC,乾溝子段,.68,都市：住,,,,01730011
RPRQMLSKRHPFFCB86CC,中仁段,108.00,都市：住,,,,02330008
RPQRMLSKRHPFFBB76CC,水源段,16.12,都市：住,,,,03420113
RPSQMLSKRHPFFCB96CC,,323.26,都市：住,,,,06340000
RPVQMLSKRHPFFCB27CC,西屯段,6.51,都市：商,,,,09320000
RPXUMLSKRHPFFCB87CC,惠順段,40.60,都市：商,,,,00170000
RPSPMLSKRHPFFAB76DC,公館段,1.48,都市：住,,,,00620001
RPSPMLSKRHPFFAB76DC,公館段,1.28,都市：住,,,,00630001
RPPRMLSKRHPFFBB66CC,松竹段,5.83,都市：住,,,,07370000
RPUTMLSKRHPFFBB47DC,賴厝?段,6.60,都市：住,,,,00530002
RPRPMLSKRHPFFAB66DC,後?子段,4.06,都市：住,,,,01480003
RPRPMLSKRHPFFAB66DC,後?子段,3.05,都市：住,,,,01480096
RPXNMLSKRHPFFAB96CC,土庫段,7.66,都市：住,,,,00270000
RPWNMLSKRHPFFDB27DC,鳳山段,925.61,非都市：特定農業區 ; 非都市編定：農牧用地,,,,01790000
RPTTMLSKRHPFFBB37DC,邱厝子段,3.30,都市：住,,,,00270000
RPQOMLSKRHPFFAB98CC,土庫段,27.85,都市：住,,,,00270000
RPUQMLSKRHPFFCB27DC,上石碑段,5.06,都市：住,,,,07580000
RPQPMLSKRHPFFAB09CC,下橋子頭段,10.68,都市：住,,,,01860012
RPQPMLSKRHPFFAB09CC,下橋子頭段,8.19,都市：住,,,,01860088
RPQPMLSKRHPFFAB09CC,下橋子頭段,1.22,都市：住,,,,01860077
RPQPMLSKRHPFFAB09CC,下橋子頭段,5.90,都市：住,,,,01850014
RPQPMLSKRHPFFAB09CC,下橋子頭段,.23,都市：住,,,,01850053
RPQPMLSKRHPFFAB09CC,下橋子頭段,.27,都市：住,,,,01850054
RPQPMLSKRHPFFFB96CC,市鎮北段,17.08,都市：商,,,,00420000
RPQNMLTKRHPFFCB56CC,順安段,.00,都市：住,,,,05310000
RPRNMLLLRHPFFCB58CC,上石碑段,.94,都市：住,,,,09760024
RPRNMLLLRHPFFCB58CC,上石碑段,.97,都市：住,,,,09640000
RPRNMLLLRHPFFCB58CC,上石碑段,11.09,都市：住,,,,27740000
RPPOMLLLRHPFFIB09CC,新榮和段,2.90,都市：住,,,,00290000
RPQPMLLLRHPFFCB68CC,大墩段,.00,都市：住,,,,04690000
RPSOMLLLRHPFFAB58CC,土庫段,.00,都市：住,,,,00190000
RPTNMLLLRHPFFCB78CC,上石碑段,.94,都市：住,,,,09760024
RPTNMLLLRHPFFCB78CC,上石碑段,.97,都市：住,,,,09640000
RPTNMLLLRHPFFCB78CC,上石碑段,11.09,都市：住,,,,27740000
RPXPMLLLRHPFFCB76CC,福德段,.00,都市：商,,,,02220000
RPQQMLNLRHPFFAB78CC,土庫段,1008.00,都市：住,,,,00270009
RPWQMLLLRHPFFCB76CC,惠國段,2857.66,都市：住,,,,01540000
RPTPMLLLRHPFFIB96CC,大元段,26.92,都市：商,,,,13300000
RPTPMLLLRHPFFIB96CC,大元段,589.36,都市：商,,,,13310000
RPTPMLLLRHPFFIB96CC,大元段,135.75,都市：商,,,,13320000
RPTPMLLLRHPFFIB96CC,大元段,1442.68,都市：商,,,,13330000
RPORMLNLRHPFFCB88CC,福星段,6.06,都市：住,,,,02680000
RPOOMLOLRHPFFCB68CC,惠國段,2857.66,都市：住,,,,01540000
RPPTMLOLRHPFFCB66CC,民安段,9.07,都市：住,,,,16750022
RPQPMLNLRHPFFAB68CC,繼光段二小段,.00,都市：商,,,,00060000
RPQPMLNLRHPFFAB68CC,繼光段二小段,.00,都市：商,,,,00060001
RPTQMLNLRHPFFCB66CC,上石碑段,6.68,都市：住,,,,11870000
RPQRMLNLRHPFFCB09CC,國安段,.00,都市：住,,,,05930066
RPXTMLOLRHPFFCB47CC,中正段,86.16,都市：商,,,,01340000
RPRVMLOLRHPFFCB07CC,何安段,10.86,都市：住,,,,04860000
RPTVMLOLRHPFFCB27CC,中正段,5.27,都市：商,,,,01550000
RPUVMLOLRHPFFCB37CC,中正段,7.20,都市：商,,,,01550000
RPWPMLOLRHPFFBB86CC,仁和段,.00,都市：住,,,,09660000
RPPRMLOLRHPFFBB98CC,碧柳段,2250.65,都市：商,,,,01550000
RPSTMLOLRHPFFBB86CC,中清段,8.56,都市：商,,,,00060000
RPUUMLOLRHPFFBB17CC,東信段,14.00,都市：商,,,,02680000
RPQRMLOLRHPFFBB09CC,中德段,9.45,都市：住,,,,00620000
RPQSMLOLRHPFFBB56CC,東正段,20.93,都市：商,,,,01430000
RPOTMLOLRHPFFBB09CC,中德段,67.78,都市：住,,,,05010000
RPPVMLOLRHPFFBB76CC,松昌段,.00,都市：住,,,,04820000
RPPVMLOLRHPFFBB76CC,松昌段,.00,都市：商,,,,04850000
RPSVMLOLRHPFFBB07CC,賴厝?段,3.34,都市：商,,,,00310003
RPSVMLOLRHPFFBB07CC,邱厝子段,2.68,都市：商,,,,00310062
RPOUMLOLRHPFFBB56CC,北屯段,91.00,都市：住,,,,05510043
RPWUMLOLRHPFFBB37CC,東正段,47.97,都市：住,,,,01290000
RPQVMLOLRHPFFBB86CC,賴厝?段,3.19,都市：商,,,,00310003
RPQVMLOLRHPFFBB86CC,邱厝子段,2.56,都市：商,,,,00310062
RPVVMLOLRHPFFBB37CC,中清段,8.56,都市：商,,,,00060000
RPWVMLOLRHPFFBB47CC,東峰段,5.92,都市：住,,,,01580000
RPTVMLOLRHPFFBB17CC,賴厝?段,2.97,都市：商,,,,00310003
RPXVMLOLRHPFFBB57CC,中清段,8.56,都市：商,,,,00060000
RPTVMLOLRHPFFBB17CC,邱厝子段,2.39,都市：商,,,,00310062
RPOWMLOLRHPFFBB76CC,東峰段,9.99,都市：住,,,,01580000
RPRWMLOLRHPFFBB07CC,東峰段,6.84,都市：住,,,,01580000
RPWNMLOLRHPFFAB56CC,半平厝段,.00,都市：商,,,,10190000
RPWNMLOLRHPFFAB56CC,半平厝段,.00,都市：住,,,,10200000
RPOOMLOLRHPFFAB48CC,麻園頭段,18.89,都市：住,,,,00290000
RPSPMLOLRHPFFAB98CC,後?子段,9.00,都市：住,,,,01960008
RPSPMLOLRHPFFAB98CC,後?子段,46.00,都市：住,,,,01960009
RPSPMLOLRHPFFAB98CC,後?子段,16.00,都市：住,,,,01960010
RPSPMLOLRHPFFAB98CC,後?子段,12.00,都市：住,,,,01810038
RPSPMLOLRHPFFAB98CC,後?子段,46.00,都市：住,,,,01810067
RPSPMLOLRHPFFAB98CC,後?子段,20.00,都市：住,,,,01810007
RPUOMLPLRHPFFFB07CC,護安段,19.28,都市：住,,,,17630000
RPTPMLOLRHPFFAB09CC,大益段,148.70,都市：商,,,,01350000
RPOPMLOLRHPFFFB09CC,市鎮北段,11.02,都市：商,,,,00120000
RPVPMLPLRHPFFFB27CC,六福段,51.69,都市：住,,,,04990000
RPUNMLPLRHPFFFB96CC,市鎮北段,13.09,都市：商,,,,02730000
RPRNMLPLRHPFFHB86CC,自立段,30.47,都市：農,,,,06500000
RPWOMLPLRHPFFFB27CC,市鎮北段,15.89,都市：商,,,,00120000
RPOOMLPLRHPFFHB66CC,上楓段,12.22,都市：住,,,,12520000
RPWPMLPLRHPFFFB37CC,文化段,27.00,都市：住,,,,02310000
RPWPMLPLRHPFFFB37CC,文化段,1.00,都市：住,,,,02320000
RPWNMLPLRHPFFHB37CC,中山段,14.20,都市：住,,,,02310000
RPWOMLPLRHPFFIB57CC,內新段,7.80,都市：商,,,,07570000
RPXNMLPLRHPFFIB57CC,新榮和段,3.97,都市：住,,,,00290000
RPWNMLPLRHPFFIB47CC,新榮和段,3.97,都市：住,,,,00290000
RPVPMLPLRHPFFIB57CC,立仁段,29.90,非都市：鄉村區 ; 非都市編定：乙種建築用地,,,,00400000
RPWPMLPLRHPFFIB67CC,東榮段,22.68,都市：住,,,,05730000
RPOQMLPLRHPFFIB96CC,益民段,31.58,都市：住,,,,07110000
RPPRMLPLRHPFFAB98CC,下橋子頭段,9.36,都市：住,,,,01780026
RPTNMLPLRHPFFAB98CC,下橋子頭段,1.83,都市：商,,,,02170014
RPVOMLPLRHPFFAB66CC,麻園頭段,.00,都市：商,,,,00220000
RPQRMLPLRHPFFAB09CC,大益段,13.08,都市：住,,,,04780000
RPSRMLPLRHPFFAB66CC,下橋子頭段,66.00,都市：其他:空白,,,,02710037
RPURMLPLRHPFFBB96CC,錦村段,66.00,都市：商,,,,02900010
RPSPMLPLRHPFFBB56CC,中德段,22.00,都市：住,,,,04020000
RPQTMLPLRHPFFCB86CC,福安段,12.76,都市：住,,,,02250000
RPXNMLQLRHPFFCB07CC,西屯段,2.67,都市：住,,,,20320041
RPWSMLPLRHPFFCB37CC,中和段,23.73,都市：住,,,,01080001
RPVSMLQLRHPFFCB37CC,國安段,.00,都市：住,,,,05930066
RPUWMLPLRHPFFCB57CC,惠民段,15.67,都市：其他:新市政中心專用區,,,,01390000
RPTSMLQLRHPFFCB17CC,上石碑段,4.74,都市：住,,,,11840000
RPWSMLQLRHPFFBB37CC,錦村段,25.20,都市：住,,,,02130051
RPXSMLQLRHPFFCB57CC,廣昌段,23.28,都市：住,,,,03190000
RPTRMLQLRHPFFBB96CC,東山段,24.66,都市：住,,,,01510000
RPPVMLQLRHPFFBB96CC,建業段,75.00,都市：住,,,,06270000
RPXVMLQLRHPFFBB77CC,中興段,.00,都市：住,,,,03430000
RPSOMLQLRHPFFAB09CC,後?子段,4.04,都市：商,,,,00930065
RPSOMLQLRHPFFAB09CC,後?子段,.75,都市：商,,,,00930066
RPWPMLQLRHPFFAB96CC,公館段,1.48,都市：住,,,,00620001
RPWPMLQLRHPFFAB96CC,公館段,1.28,都市：住,,,,00630001
RPVPMLQLRHPFFAB86CC,仁愛段二小段,3.43,都市：商,,,,00030044
RPWOMLQLRHPFFAB86CC,半平厝段,19.13,都市：住,,,,19720000
RPVPMLQLRHPFFAB86CC,仁愛段二小段,6.20,都市：商,,,,00030040
RPOPMLQLRHPFFAB78CC,大益段,571.00,都市：住,,,,05540000
RPSNMLQLRHPFFIB17CC,立新段,.00,非都市：鄉村區 ; 非都市編定：乙種建築用地,,,,15720000
RPSNMLQLRHPFFIB17CC,立新段,.00,非都市：鄉村區 ; 非都市編定：交通用地,,,,15730000
RPPUMLQLRHPFFFB27CC,市鎮北段,15.50,都市：商,,,,02380000
RPSUMLQLRHPFFFB57CC,市鎮北段,10.68,都市：商,,,,00420000
RPOOMLQLRHPFFIB86CC,中興段,27.00,都市：住,,,,00810000
RPWNMLQLRHPFFJB67CC,平欣段,14.38,都市：住,,,,06780000
RPRNMLRLRHPFFCB56CC,惠智段,170.00,都市：商,,,,00230000
RPRUMLQLRHPFFFB47CC,市鎮北段,15.00,都市：商,,,,00420000
RPQOMLQLRHPFFAB98DC,旱溪段,28.43,都市：住,,,,02720224
RPROMLQLRHPFFDB66CC,安康段,54.66,都市：住,,,,00380000
RPROMLQLRHPFFDB66CC,安康段,43.33,都市：住,,,,00390000
RPTQMLSLRHPFFCB17CC,田心段,.00,都市：住,,,,10260000
RPXPMLSLRHPFFCB47CC,豐功段,38.50,都市：商,,,,02750000
RPVOMLSLRHPFFCB17CC,大墩段,19.17,都市：住,,,,00270000
RPORMLSLRHPFFCB76CC,國安段,.00,都市：住,,,,06010000
RPQRMLSLRHPFFCB96CC,何安段,3.73,都市：住,,,,09730000
RPSRMLSLRHPFFCB17CC,中正段,4.94,都市：住,,,,01550000
RPTRMLSLRHPFFCB27CC,上石碑段,.00,都市：住,,,,27410000
RPXRMLSLRHPFFCB67CC,南屯段,15.13,都市：住,,,,14920000
RPVRMLSLRHPFFCB47CC,國安段,.00,都市：住,,,,01690002
RPTOMLSLRHPFFBB86CC,景美段,16.38,都市：住,,,,02920000
RPTQMLSLRHPFFBB07CC,軍和段,.00,都市：商,,,,01830000
RPTRMLSLRHPFFFB57CC,大同段,19.44,都市：商,,,,11560000
RPOQMLSLRHPFFBB56CC,太順段,.00,都市：住,,,,00780000
RPRNMLSLRHPFFIB27CC,新三和段,30.40,都市：住,,,,00700001
RPSQMLSLRHPFFBB96CC,中清段,.00,都市：住,,,,03960000
RPXOMLSLRHPFFDB47CC,三角東段,144.94,都市：農,,,,17830000
RPXOMLSLRHPFFDB47CC,三角東段,2009.68,都市：農,,,,18070000
RPVRMLSLRHPFFFB77CC,新犁份段,31.69,都市：住,,,,06690000
RPWOMLSLRHPFFIB87CC,興祥段,14.92,都市：住,,,,01610000
RPXQMLSLRHPFFIB18CC,東湖段,22.47,都市：商,,,,08870000
RPVOMLSLRHPFFIB77CC,北新段,180.09,都市：住,,,,01350000
RPVPMLSLRHPFFIB87CC,,98.96,都市：住,,,,08560000
RPOPMLSLRHPFFIB17CC,新榮和段,3.97,都市：住,,,,00290000
RPOQMLSLRHPFFAB09CC,中墩段三小段,.00,都市：商,,,,00110000
RPSRMLSLRHPFFAB96CC,萬安段九小段,.00,都市：住,,,,00010000
RPTRMLSLRHPFFAB07CC,公館段,3.98,都市：商,,,,00630001
RPTRMLSLRHPFFAB07CC,公館段,4.60,都市：住,,,,00620001
RPOOMLTLRHPFFAB98CC,振興段,.00,都市：住,,,,00190000
RPURMLSLRHPFFAB17CC,平和段,.00,都市：商,,,,00500000
RPSNMLTLRHPFFAB66CC,三民段七小段,.00,都市：住,,,,00070012
RPPPMLTLRHPFFAB56CC,樹子腳段,1.18,都市：住,,,,15610000
RPOQMLTLRHPFFIB37CC,舊街段,246.37,都市：住,,,,02540000
RPVQMLTLRHPFFIB08CC,峰南段,15.82,都市：商,,,,09170000
RPPOMLTLRHPFFHB17CC,雅潭段,19.85,都市：住,,,,07270003
RPPOMLTLRHPFFHB17CC,雅潭段,.46,都市：住,,,,07270015
RPPOMLTLRHPFFHB17CC,雅潭段,8.74,都市：住,,,,07280031
RPPOMLTLRHPFFHB17CC,雅潭段,5.14,都市：住,,,,07280032
RPPOMLTLRHPFFHB17CC,雅潭段,48.55,都市：住,,,,07280041
RPPOMLTLRHPFFHB17CC,雅潭段,.12,都市：住,,,,07280043
RPSQMLTLRHPFFIB77CC,立新段,.00,非都市：鄉村區 ; 非都市編定：乙種建築用地,,,,15720000
RPSQMLTLRHPFFIB77CC,立新段,.00,非都市：鄉村區 ; 非都市編定：交通用地,,,,15730000
RPPPMLTLRHPFFJB47CC,吉祥段,.00,非都市：鄉村區 ; 非都市編定：乙種建築用地,,,,00960000
RPPOMLTLRHPFFFB96CC,市鎮南段,.00,都市：商,,,,01190000
RPOOMLTLRHPFFBB09CC,賴厝?段,.00,都市：住,,,,01080019
RPSPMLTLRHPFFHB57CC,甘潭段,7.45,都市：住,,,,04120000
RPQPMLTLRHPFFJB57CC,吉祥段,.00,非都市：鄉村區 ; 非都市編定：乙種建築用地,,,,00960000
RPQOMLTLRHPFFBB66CC,軍和段,.00,都市：商,,,,01830000
RPPOMLTLRHPFFBB56CC,東山段,.00,都市：住,,,,01200000
RPSPMLTLRHPFFBB96CC,松竹段,.00,都市：住,,,,01860000
RPQSMLTLRHPFFBB07CC,東信段,.00,都市：住,,,,01040000
RPUNMLTLRHPFFCB07CC,國安段,.00,都市：住,,,,05990000
RPSOMLTLRHPFFCB96CC,上石碑段,.00,都市：住,,,,09020000
RPPRMLTLRHPFFCB96CC,上石碑段,7.74,都市：商,,,,27710000
RPTOMLTLRHPFFCB07CC,西屯段,.00,都市：住,,,,07750000
RPQRMLTLRHPFFCB07CC,西屯段,.00,都市：住,,,,19000001
RPWQMLTLRHPFFCB57CC,大新段,22.31,都市：住,,,,07510000
RPRRMLTLRHPFFCB17CC,上石碑段,.00,都市：商,,,,17890000
RPQQMLKMRHPFFCB78CC,惠民段,21.70,都市：商,,,,01380000
RPRNMLMKRHPFFAB38CC,樹子腳段,17.12,都市：住,,,,02580000
RPOOMLKMRHPFFBB28CC,昌平段,530.00,都市：其他:第三種住宅區。,,,,01630000
RPUQMLKMRHPFFBB09CC,景美段,48.00,都市：住,,,,00600006
RPUQMLKMRHPFFBB09CC,景美段,29.25,都市：住,,,,00600009
RPUQMLKMRHPFFBB09CC,景美段,133.83,都市：住,,,,00600017
RPUQMLKMRHPFFBB09CC,景美段,106.83,都市：住,,,,00600016
RPTTMLKMRHPFFBB66CC,錦村段,11.94,都市：住,,,,02840000
RPRTMLKMRHPFFBB09CC,中清段,8.56,都市：商,,,,00060000
RPTPMLKMRHPFFBB88CC,崇德段,446.23,都市：住,,,,00120000
RPQTMLKMRHPFFBB98CC,中清段,8.56,都市：商,,,,00060000
RPSTMLKMRHPFFBB56CC,東峰段,6.34,都市：住,,,,01580000
RPXNMLKMRHPFFHB07CC,摘星段,127.33,都市：住,,,,12590001
RPOOMLKMRHPFFHB88CC,摘星段,127.33,都市：住,,,,12590001
RPSOMLKMRHPFFDB88CC,文德段,.00,都市：住,,,,10300000
RPPOMLKMRHPFFHB98CC,摘星段,127.33,都市：住,,,,12590001
RPSNMLKMRHPFFFB98CC,福田段,89.03,都市：住,,,,10460000
RPSPMLKMRHPFFFB56CC,市鎮北段,.00,都市：商,,,,00420000
RPQQMLKMRHPFFAB58CC,後?子段,7.50,都市：住,,,,03320003
RPUPMLKMRHPFFAB88CC,旱平段,69.32,都市：住,,,,04100021
RPOOMLKMRHPFFAB18CC,利民段七小段,5.49,都市：住,,,,00040000
RPOOMLKMRHPFFAB18CC,三民段七小段,2.26,都市：住,,,,00070037
RPVNMLMJIIPFFHB58CC,摘星段,127.33,都市：住,,,,12590001
RPTOMLKMRHPFFAB68CC,土庫段,.00,都市：其他:第二種住宅區、第一種商業區,,,,00570001
RPQNMLNJIIPFFAB47CC,平和段,2.60,都市：商,,,,00500000
RPUNMLMJIIPFFHB48CC,摘星段,127.33,都市：住,,,,12590001
RPSNMLNJIIPFFBB77CC,北屯段,32.20,都市：住,,,,00410036
RPQNMLNJIIPFFCB67CC,田心段,4.20,都市：住,,,,16210000
RPQNMLNJIIPFFCB67CC,田心段,40.60,都市：住,,,,16220000
RPXPMLPJIIPFFCB78CC,文山段,4167.00,都市：工,,,,02840001
RPPNMLNJIIPFFJB38DC,樹孝段,75.53,都市：其他:空白,,,,17220000
RPTNMLNJIIPFFBB87CC,錦村段,23.07,都市：住,,,,00210000
RPPNMLNJIIPFFCB57CC,大墩段,12.31,都市：住,,,,04690000
RPOSMLPJIIPFFCB18CC,上石碑段,.00,都市：商,,,,13410000
RPUPMLPJIIPFFCB48CC,惠義段,77.51,都市：住,,,,00690005
RPUPMLPJIIPFFCB48CC,惠義段,21.72,都市：住,,,,00690006
RPWQMLPJIIPFFCB78CC,西屯段,1700.00,都市：其他:空白,,,,23900004
RPPTMLPJIIPFFCB38CC,惠智段,.00,都市：住,,,,01550000
RPQOMLPJIIPFFBB87CC,北屯段,140.00,都市：住,,,,05540013
RPPOMLPJIIPFFDB97CC,北陽段,.00,都市：住,,,,09120000
RPXNMLPJIIPFFAB38CC,平和段,3716.16,都市：其他:空白,,,,00500000
RPSOMLPJIIPFFAB97CC,後?子段,.00,都市：住,,,,02520588
RPPOMLPJIIPFFAB67CC,柳川段一小段,2749.00,都市：其他:空白,,,,00040000
RPPOMLPJIIPFFAB67CC,柳川段一小段,638.00,都市：其他:空白,,,,00040006
RPVOMLPJIIPFFAB28CC,柳川段一小段,1.59,都市：其他:空白,,,,00040000
RPROMLPJIIPFFAB87CC,後?子段,.00,都市：住,,,,02520588
RPVOMLPJIIPFFAB28CC,柳川段一小段,.37,都市：其他:空白,,,,00040006
RPPNMLPJIIPFFFB08CC,?榔段,70.00,都市：住,,,,03440026
RPPNMLPJIIPFFFB08CC,?榔段,1.42,都市：住,,,,03440015
RPXOMLPJIIPFFIB66CC,新榮和段,2.90,都市：住,,,,00290000
RPUNMLPJIIPFFFB58CC,銀聯段,.00,都市：住,,,,02020002
RPSNMLQJIIPFFFB48CC,市鎮北段,19.25,都市：商,,,,00420000
RPTOMLQJIIPFFFB68CC,市鎮北段,14.34,都市：商,,,,00390000
RPTNMLQJIIPFFDB48DC,豐原段,104.00,都市：住,,,,02920037
RPXSMLQJIIPFFAB98CC,土庫段,90.68,都市：商,,,,00570004
RPQQMLPJIIPFFIB78CC,新三和段,8684.81,都市：其他:空白,,,,00700001
RPVQMLQJIIPFFAB58CC,後?子段,270.00,都市：住,,,,02430017
RPVNMLQJIIPFFDB58CC,陽明段,124.00,都市：住,,,,12230000
RPROMLQJIIPFFDB38DC,豐原段,191.00,都市：住,,,,08940008
RPROMLQJIIPFFDB38DC,豐原段,20.00,都市：住,,,,08940295
RPXRMLQJIIPFFBB98CC,東光段,52.00,都市：住,,,,01000000
RPWRMLQJIIPFFBB88CC,北屯段,21.11,都市：住,,,,00320056
RPTPMLQJIIPFFCB48CC,國安段,.00,都市：住,,,,02920000
RPRRMLQJIIPFFCB48CC,惠來厝段,43.00,都市：住,,,,04480000
RPTRMLQJIIPFFCB68CC,大進段,40.00,都市：住,,,,08790000
RPTRMLQJIIPFFCB68CC,大進段,11.67,都市：住,,,,08800000
RPWRMLQJIIPFFCB98CC,上石碑段,2.36,都市：商,,,,20370000
RPUTMLQJIIPFFCB98CC,,.00,都市：住,,,,00170000
RPWTMLQJIIPFFCB56CC,大墩段,.00,都市：商,,,,03510000
RPUNMLRJIIPFFCB48CC,田心段,5.81,都市：住,,,,12860000
RPUNMLRJIIPFFCB48CC,田心段,16.88,都市：住,,,,12890000
RPOOMLRJIIPFFCB97CC,中和段,138.00,都市：商,,,,04210000
RPVNMLRJIIPFFCB58CC,豐功段,.00,都市：商,,,,02620000
RPXQMLRJIIPFFCB09CC,三塊厝段,14.07,都市：住,,,,05990000
RPXNMLRJIIPFFCB78CC,田心段,29.89,都市：住,,,,05350004
RPQRMLRJIIPFFCB48CC,,12.07,都市：住,,,,00310000
RPROMLRJIIPFFCB28CC,田心段,308.16,都市：住,,,,10250000
RPWSMLRJIIPFFCB56CC,大新段,15.67,都市：商,,,,03470000
RPOTMLRJIIPFFCB48CC,中和段,12.90,都市：住,,,,01560000
RPXRMLRJIIPFFCB56CC,惠智段,9.76,都市：住,,,,01590000
RPPRMLRJIIPFFBB28CC,東義段,21.00,都市：住,,,,02830000
RPOONLRJIIPFFCB08CC,惠民段,.00,都市：其他:第六種新市政中心專用區,,,,01090000
RPXSMLRJIIPFFCB66CC,大新段,19.34,都市：住,,,,06630000
RPPTMLRJIIPFFCB58CC,下石碑段,17.85,都市：住,,,,09530002
RPXOMLRJIIPFFDB98CC,豐原段,87.00,都市：其他:第二種商業區,,,,04020002
RPPOMLRJIIPFFJB78CC,長億段,67.15,都市：住,,,,06720000
RPSOMLRJIIPFFAB18CC,樹子腳段,.00,都市：住,,,,06400000
RPSOMLRJIIPFFAB18CC,樹子腳段,.00,都市：住,,,,06410000
RPOSMLRJIIPFFAB18CC,中墩段四小段,.00,都市：商,,,,00290000
RPOSMLRJIIPFFAB18CC,中墩段四小段,.00,都市：商,,,,00290001
RPOSMLRJIIPFFAB18CC,中墩段四小段,.00,都市：商,,,,00300000
RPOPMLRJIIPFFIB68CC,大忠段,12.30,都市：其他:空白,,,,02530000
RPOPMLRJIIPFFIB68CC,大忠段,3.99,都市：其他:空白,,,,02530017
RPOPMLRJIIPFFIB68CC,大忠段,76.39,都市：其他:空白,,,,02530018
RPPSMLRJIIPFFAB28CC,仁愛段七小段,5.35,都市：商,,,,00070006
RPTSMLRJIIPFFAB68CC,下橋子頭段,21.45,都市：住,,,,02710003
RPUNMLSJIIPFFJB66CC,新光段,.00,都市：住,,,,10370000
RPQOMLSJIIPFFBB18CC,軍福段,179.20,都市：住,,,,02230001
RPTOMLSJIIPFFIB66DC,振坤段,1813.60,非都市：一般農業區 ; 非都市編定：丁種建築用地,,,,00190022
RPTOMLSJIIPFFIB66DC,振坤段,159.52,非都市：一般農業區 ; 非都市編定：丁種建築用地,,,,00190044
RPTOMLSJIIPFFIB66DC,振坤段,49.45,非都市：特定農業區 ; 非都市編定：農牧用地,,,,00230002
RPTOMLSJIIPFFIB66DC,振坤段,352.84,非都市：特定農業區 ; 非都市編定：丁種建築用地,,,,00250000
RPXPMLSJIIPFFBB98CC,松竹段,.00,都市：住,,,,00360000
RPQTMLSJIIPFFBB68CC,錦村段,.00,都市：住,,,,01510000
RPVNMLSJIIPFFCB68CC,豐功段,102.86,都市：住,,,,00150000
RPWPMLSJIIPFFBB88CC,景福段,177.37,都市：住,,,,00810009
RPVNMLTJIIPFFCB78CC,黎明段,59.00,都市：住,,,,15970000
RPVNMLTJIIPFFCB78CC,黎明段,17.00,都市：住,,,,15980001
RPRTMLSJIIPFFBB78CC,水源段,.00,都市：住,,,,00920060
RPUPMLSJIIPFFCB78CC,豐業段,32.14,都市：住,,,,02780000
RPSNMLTJIIPFFBB38CC,東新段,3.04,都市：住,,,,01530000
RPPNMLTJIIPFFDB28CC,東湳段,8.89,都市：住,,,,05820000
RPRNMLTJIIPFFBB28CC,賴厝?段,13.62,都市：商,,,,00300000
RPQNMLKKIIPFFIB18DC,東榮段,11.02,都市：商,,,,04020000
RPRNMLKKIIPFFIB28DC,東榮段,11.02,都市：商,,,,04020000
RPPNMLLKIIPFFAB27CC,下橋子頭段,23.39,都市：住,,,,02060011
RPTPMLMKIIPFFAB97CC,後?子段,8.61,都市：住,,,,02480015
RPOPMLMKIIPFFIB28CC,新三和段,25.72,都市：住,,,,00660000
RPUNMLMKIIPFFDB18CC,中陽段,125.27,都市：住,,,,00940001
RPWSMLMKIIPFFCB78CC,大新段,.00,都市：住,,,,07120001
RPORMLNKIIPFFCB97CC,中正段,5.27,都市：商,,,,01550000
RPPRMLNKIIPFFCB08CC,中正段,5.51,都市：商,,,,01550000
RPROMLMKIIPFFKB68CC,遠東段,13.52,都市：住,,,,01200000
RPROMLMKIIPFFKB68CC,遠東段,58.13,都市：住,,,,01260000
RPXNMLMKIIPFFCB38CC,中和段,19.34,都市：住,,,,03000000
RPOOMLMKIIPFFCB57CC,大墩段,21.26,都市：住,,,,04050000
RPWNMLNKIIPFFBB28CC,東山段,34.97,都市：商,,,,02150000
RPSNMLNKIIPFFCB97CC,廣福段,528.92,都市：農,,,,01890000
RPRRMLNKIIPFFBB18CC,東峰段,11.79,都市：住,,,,01580000
RPURMLNKIIPFFBB48CC,東峰段,6.34,都市：住,,,,01580000
RPVRMLNKIIPFFBB58CC,東山段,7.30,都市：商,,,,02620000
RPQRMLNKIIPFFCB18CC,上石碑段,3.49,都市：商,,,,17900000
RPQRMLNKIIPFFCB18CC,上石碑段,3.12,都市：商,,,,18000007
RPROMLNKIIPFFBB87CC,東信段,12.54,都市：住,,,,02580000
RPWRMLNKIIPFFBB68CC,東峰段,28.63,都市：住,,,,01580000
RPTRMLNKIIPFFBB38CC,東峰段,9.74,都市：住,,,,01580000
RPXRMLNKIIPFFBB78CC,東峰段,11.12,都市：住,,,,01580000
RPPSMLNKIIPFFBB08CC,東峰段,6.84,都市：住,,,,01580000
RPQSMLNKIIPFFBB18CC,賴厝?段,2.96,都市：商,,,,00310003
RPQSMLNKIIPFFBB18CC,邱厝子段,2.37,都市：商,,,,00310062
RPQPMLNKIIPFFIB58CC,益民段,10.95,都市：住,,,,02070000
RPQPMLNKIIPFFIB58CC,益民段,2.43,都市：住,,,,02100000
RPQNMLOKIIPFFAB67CC,下橋子頭段,1.87,都市：商,,,,02170014
RPRPMLNKIIPFFIB68CC,崇光段,27.62,都市：商,,,,12010000
RPQSMLNKIIPFFFB58CC,三鹿段,15.17,都市：住,,,,04640000
RPWQMLOKIIPFFFB09CC,市鎮北段,13.95,都市：商,,,,00420000
RPWNMLOKIIPFFDB58CC,順豐段,893.07,都市：農,,,,07730001
RPQNMLNKIIPFFHB28CC,三和段,10.25,都市：住,,,,08280004
RPVOMLNKIIPFFAB18CC,正義段九小段,15.89,都市：住,,,,00100007
RPQPMLOKIIPFFAB87CC,大益段,.00,都市：住,,,,04940000
RPWPMLOKIIPFFBB58CC,水源段,.00,都市：住,,,,00940000
RPSSMLOKIIPFFBB48CC,同榮段,.00,都市：住,,,,14900003
RPVRMLOKIIPFFCB78CC,中義段,24.02,都市：住,,,,10710000
RPSQMLPKIIPFFCB48CC,田心段,26.50,都市：住,,,,11780001
RPQNMLOKIIPFFJB58CC,振福段,73.64,都市：住,,,,00900000
RPOTMLOKIIPFFBB18CC,東信段,10.66,都市：商,,,,01170000
RPRQMLPKIIPFFBB28CC,乾溝子段,.00,都市：住,,,,01810032
RPRQMLPKIIPFFBB28CC,乾溝子段,.00,都市：住,,,,01810033
RPOQMLOKIIPFFBB87CC,水源段,.00,都市：商,,,,02030061
RPXOMLPKIIPFFBB78DC,東信段,18.40,都市：住,,,,01500002
RPXOMLPKIIPFFBB78DC,東信段,.80,都市：住,,,,01500010
RPTNMLPKIIPFFHB78CC,自立段,440.00,都市：農,,,,18750000
RPTNMLPKIIPFFHB78CC,自立段,269.22,都市：農,,,,19420000
RPTNMLPKIIPFFHB78CC,自立段,269.22,都市：農,,,,19430000
RPXNMLPKIIPFFHB56CC,上楓段,132.24,都市：住,,,,11520000
RPOOMLPKIIPFFAB67CC,樹子腳段,5.31,都市：住,,,,00390000
RPSSMLQKIIPFFBB68CC,東峰段,10.58,都市：住,,,,01580000
RPQQMLQKIIPFFBB28CC,東信段,12.14,都市：商,,,,02580000
RPTPMLPKIIPFFAB28CC,下橋子頭段,1.65,都市：商,,,,02170014
RPTSMLQKIIPFFBB78CC,東峰段,10.62,都市：住,,,,01580000
RPXNMLQKIIPFFIB76CC,北新段,18.88,都市：住,,,,10490000
RPOOMLQKIIPFFIB58CC,北新段,14.22,都市：住,,,,10490000
RPPOMLQKIIPFFIB68CC,北新段,18.88,都市：住,,,,10490000
RPPRMLQKIIPFFBB28CC,乾溝子段,.00,都市：商,,,,00890000
RPPNMLSKIIPFFFB48CC,市鎮北段,19.89,都市：商,,,,02950000
RPXSMLQKIIPFFBB56CC,長安段,6.98,都市：住,,,,00530000
RPVRMLQKIIPFFCB98CC,中正段,6.23,都市：商,,,,01550000
RPXNMLTKIIPFFFB76CC,明秀段,.00,都市：住,,,,14900000
RPXNMLTKIIPFFFB76CC,明秀段,.00,都市：住,,,,15220000
RPUPMLTKIIPFFFB66CC,東晉段,1.83,都市：住,,,,06790000
RPUPMLTKIIPFFFB66CC,東晉段,6.14,都市：住,,,,06760000
RPUPMLTKIIPFFFB66CC,東晉段,.41,都市：住,,,,06800000
RPVPMLTKIIPFFFB76CC,東晉段,1.85,都市：住,,,,06790000
RPVPMLTKIIPFFFB76CC,東晉段,6.20,都市：住,,,,06760000
RPVPMLTKIIPFFFB76CC,東晉段,3.35,都市：住,,,,06800000
RPTNMLTKIIPFFIB66CC,新榮泉段,105.88,都市：住,,,,00160000
RPPOMLTKIIPFFAB18CC,土庫段,.00,都市：住,,,,00330407
RPPOMLTKIIPFFAB18CC,土庫段,.00,都市：住,,,,00360001
RPPOMLTKIIPFFAB18CC,土庫段,.00,都市：其他:道路用地,,,,00360013
RPQPMLTKIIPFFAB38CC,忠孝段四小段,13.78,都市：住,,,,00240011
RPPOMLTKIIPFFAB18CC,土庫段,.00,都市：住,,,,00370004
RPPOMLTKIIPFFAB18CC,土庫段,.00,都市：住,,,,00380030
RPPOMLTKIIPFFAB18CC,土庫段,.00,都市：住,,,,00380048
RPQPMLTKIIPFFAB38CC,忠孝段四小段,13.22,都市：住,,,,00240010
RPPOMLTKIIPFFAB18CC,土庫段,.00,都市：其他:道路用地,,,,00380093
RPPOMLTKIIPFFAB18CC,土庫段,.00,都市：住,,,,00400116
RPRPMLTKIIPFFAB48CC,忠孝段四小段,13.78,都市：住,,,,00240011
RPRPMLTKIIPFFAB48CC,忠孝段四小段,13.22,都市：住,,,,00240010
RPXNMLTKIIPFFCB09CC,南屯段,77.22,都市：商,,,,01130000
RPXNMLTKIIPFFCB09CC,南屯段,129.35,都市：商,,,,01210000
RPXNMLTKIIPFFCB09CC,南屯段,22.82,都市：商,,,,01220001
RPVPMLTKIIPFFAB88CC,下橋子頭段,2.71,都市：商,,,,02000255
RPTNMLTKIIPFFJB86DC,宜欣段,4.39,都市：住,,,,21440000
RPTNMLTKIIPFFBB58CC,水湳段,.00,都市：商,,,,07500000
RPRPMLTKIIPFFBB58CC,東峰段,110.00,都市：商,,,,01220002
RPUNMLTKIIPFFJB96DC,宜欣段,6.49,都市：住,,,,21440000
RPRTMLTKIIPFFBB98CC,松茂段,22.72,都市：住,,,,09650000
RPPNNLTKIIPFFCB38CC,三塊厝段,18.61,都市：住,,,,05990000
RPOUMLTKIIPFFBB78CC,乾溝子段,11.54,都市：商,,,,01610005
RPVRMLKLIIPFFCB48CC,田心段,.00,都市：住,,,,09450022
RPRSMLTKIIPFFBB88CC,東義段,26.02,都市：住,,,,00700000
RPVTMLTKIIPFFBB76CC,乾溝子段,29.20,都市：住,,,,01510007
RPXWMLKLIIPFFBB09CC,太順段,.00,都市：住,,,,01860000
RPXWMLKLIIPFFBB09CC,太順段,.00,都市：住,,,,01870000
RPSWMLKLIIPFFBB58CC,乾溝子段,8.79,都市：住,,,,01700049
RPSWMLKLIIPFFBB58CC,乾溝子段,.25,都市：住,,,,01730011
RPWRMLKLIIPFFCB58CC,中和段,9.97,都市：住,,,,01560000
RPXRMLKLIIPFFCB68CC,惠信段,.00,都市：住,,,,00890000
RPQSMLKLIIPFFCB08CC,大進段,.00,都市：住,,,,08410000
RPSSMLKLIIPFFCB28CC,中仁段,32.98,都市：住,,,,05350005
RPSSMLKLIIPFFCB28CC,中仁段,10.71,都市：住,,,,05350004
RPVUMLKLIIPFFCB88DC,民安段,18.43,都市：住,,,,15230000
RPTOMLLLIIPFFIB68CC,光日段,30.86,都市：住,,,,01530000
RPTOMLLLIIPFFIB68CC,光日段,22.35,都市：住,,,,01530002
RPUNMLLLIIPFFDB18CC,豐村段,266.94,都市：工,,,,01270000
RPWUMLKLIIPFFCB98DC,民安段,18.50,都市：住,,,,15230000
RPWNMLKLIIPFFDB38DC,下南坑段,91.00,都市：住,,,,11680000
RPOOMLLLIIPFFCB57CC,惠國段,.00,都市：其他:第?種新市政中心專用區,,,,00990000
RPQOMLKLIIPFFJB38CC,育賢段,15.97,都市：住,,,,01880000
RPOOMLLLIIPFFCB57CC,惠國段,.00,都市：其他:第?種新市政中心專用區,,,,01000000
RPSPMLKLIIPFFAB77CC,樹子腳段,.00,都市：住,,,,04040000
RPUNMLLLIIPFFFB38CC,護安段,7.00,都市：住,,,,13080000
RPPSMLLLIIPFFBB97CC,東山段,94.00,都市：住,,,,00760000
RPROMLLLIIPFFCB87CC,惠國段,.00,都市：其他:第?種新市政中心專用區,,,,00990000
RPROMLLLIIPFFCB87CC,惠國段,.00,都市：其他:第?種新市政中心專用區,,,,01000000
RPROMLMLIIPFFBB87CC,北屯段,8.78,都市：住,,,,01330003
RPXPMLMLIIPFFBB58CC,賴厝?段,3.47,都市：住,,,,03400011
RPPOMLLLIIPFFCB67CC,惠國段,.00,都市：其他:第?種新市政中心專用區,,,,00990000
RPPOMLLLIIPFFCB67CC,惠國段,.00,都市：其他:第?種新市政中心專用區,,,,01000000
RPPPMLLLIIPFFBB67CC,東正段,708.00,都市：住,,,,00060000
RPVOMLMLIIPFFCB38CC,中仁段,11.86,都市：商,,,,03320000
RPSNMLMLIIPFFBB87CC,太和段,.00,都市：住,,,,00510000
RPWPMLMLIIPFFCB58CC,龍富段,48.13,都市：住,,,,01570000
RPXRMLMLIIPFFCB88CC,保安段,24.05,都市：住,,,,11130000
RPTNMLMLIIPFFJB78CC,太平段,38.06,都市：住,,,,05810000
RPQOMLMLIIPFFIB48CC,益民段,44.04,都市：住,,,,05520000
RPROMLMLIIPFFIB58CC,益民段,31.58,都市：住,,,,07110000
RPWNMLMLIIPFFAB18CC,旱新段,.00,都市：商,,,,00760001
RPWPMLMLIIPFFIB56CC,大忠段,22.49,都市：住,,,,01880000
RPTNMLMLIIPFFAB87CC,大益段,.00,都市：住,,,,08200000
RPOQMLMLIIPFFIB48CC,益民段,28.05,都市：住,,,,13590000
RPWOMLMLIIPFFAB28CC,自由段二小段,19.00,都市：商,,,,00010005
RPWOMLMLIIPFFAB28CC,自由段二小段,110.00,都市：商,,,,00010006
RPTOMLMLIIPFFAB97CC,麻園頭段,212.42,都市：商,,,,02910000
RPUPMLMLIIPFFAB18CC,麻園頭段,7.16,都市：住,,,,09040000
RPQOMLMLIIPFFAB67CC,正義段九小段,.00,都市：商,,,,00110004
RPQOMLMLIIPFFAB67CC,正義段九小段,.00,都市：住,,,,00110025
RPUPMLNLIIPFFAB28CC,大益段,11.44,都市：住,,,,10620000
RPSPMLMLIIPFFAB97CC,後?子段,4.04,都市：商,,,,00930065
RPSPMLMLIIPFFAB97CC,後?子段,.75,都市：商,,,,00930065
RPWOMLNLIIPFFCB58CC,民安段,.00,都市：住,,,,06910000
RPPQMLNLIIPFFAB97DC,下橋子頭段,17.94,都市：住,,,,02800000
RPVQMLMLIIPFFAB38CC,萬安段九小段,12.44,都市：住,,,,00070004
RPVQMLMLIIPFFAB38CC,萬安段九小段,.01,都市：住,,,,00080011
RPRNMLNLIIPFFFB28CC,梧棲段,123.00,都市：住,,,,00810020
RPWPMLNLIIPFFCB68CC,中正段,5.27,都市：住,,,,01550000
RPXONLNLIIPFFCB78CC,下石碑段,32.63,都市：住,,,,05750000
RPOTMLNLIIPFFBB18CC,青雲段,2.55,都市：住,,,,05570000
RPXOMLQLIIPFFBB88CC,水源段,48.40,都市：商,,,,02450167
RPOPMLQLIIPFFBB08CC,水源段,48.40,都市：商,,,,02450167
RPTSMLQLIIPFFBB88CC,東峰段,9.89,都市：住,,,,00040000
RPSSMLQLIIPFFBB78CC,東峰段,9.18,都市：住,,,,00040000
RPVUMLQLIIPFFBB66CC,東峰段,5.83,都市：住,,,,01580000
RPTUMLQLIIPFFBB09CC,平田段,13.62,都市：住,,,,01000000
RPTUMLQLIIPFFBB09CC,平田段,2.51,都市：住,,,,01000001
RPOUMLQLIIPFFBB58CC,平田段,9.13,都市：住,,,,01000000
RPOUMLQLIIPFFBB58CC,平田段,1.68,都市：住,,,,01000001
RPOVMLQLIIPFFBB68CC,水源段,.00,都市：住,,,,02450069
RPQUMLQLIIPFFBB78CC,錦村段,345.00,都市：住,,,,03340014
RPUUMLQLIIPFFBB56CC,東峰段,6.34,都市：住,,,,01580000
RPPQMLQLIIPFFCB38CC,順和段,209.31,都市：工,,,,04860000
RPTNMLQLIIPFFHB98CC,家興段,73.50,都市：商,,,,06210000
RPWNMLQLIIPFFIB76CC,新榮和段,2.90,都市：住,,,,00290000
RPPVMLQLIIPFFBB78CC,東山段,10.64,都市：住,,,,00390000
RPSNMLQLIIPFFIB98CC,立仁段,125.26,非都市：鄉村區 ; 非都市編定：乙種建築用地,,,,08860000
RPQNMLQLIIPFFAB97CC,下橋子頭段,3.69,都市：商,,,,02170014
RPSRMLQLIIPFFFB09CC,新犁份段,32.69,都市：住,,,,06690000
RPPNMLQLIIPFFIB68CC,新榮泉段,21.62,都市：住,,,,01570000
RPUOMLQLIIPFFAB48CC,麻園頭段,15.28,都市：住,,,,01320000
RPSPMLQLIIPFFAB38CC,麻園頭段,212.42,都市：商,,,,02910000
RPXQMLQLIIPFFAB98CC,後?子段,4.04,都市：商,,,,00930065
RPXQMLQLIIPFFAB98CC,後?子段,.75,都市：商,,,,00930065
RPROMLRLIIPFFAB28CC,後?子段,86.00,都市：住,,,,02780045
RPROMLRLIIPFFAB28CC,後?子段,10.00,都市：住,,,,02790010
RPORMLQLIIPFFAB18CC,信義段九小段,12.29,都市：住,,,,00090000
RPORMLQLIIPFFAB18CC,頂橋子頭段,2.32,都市：住,,,,03680092
RPRNMLRLIIPFFDB48CC,圳前段,116.92,都市：住,,,,06690000
RPQRMLQLIIPFFAB38CC,公館段,1.28,都市：商,,,,00630001
RPQRMLQLIIPFFAB38CC,公館段,1.47,都市：商,,,,00620001
RPUOMLRLIIPFFAB58CC,樹子腳段,4.65,都市：其他:空白,,,,00390000
RPRSMLRLIIPFFCB88CC,何厝段,19.23,都市：商,,,,00840000
RPPOMLRLIIPFFDB48DC,聯合段,121.07,都市：住,,,,03410000
RPOUMLRLIIPFFBB68CC,中興段,41.50,都市：住,,,,03670000
RPSSMLRLIIPFFCB98CC,文山段,2317.00,都市：工,,,,02260000
RPWRMLRLIIPFFCB66CC,寶文段,1554.33,都市：工,,,,06120021
RPPUMLRLIIPFFCB88CC,惠民段,.00,都市：其他:第一種新市政中心專用區,,,,00920000
RPXNNLSLIIPFFBB09CC,東光段,2.69,都市：商,,,,01950001
RPQTMLRLIIPFFCB88CC,大墩段,12.32,都市：其他:空白,,,,04690000
RPVNNLSLIIPFFBB88CC,仁美段,.00,都市：商,,,,17690000
RPVNNLSLIIPFFBB88CC,仁美段,.00,都市：商,,,,06970000
RPSUMLRLIIPFFCB56CC,惠智段,170.00,都市：商,,,,00230000
RPPOMLSLIIPFFBB28CC,東正段,.00,都市：商,,,,01040000
RPPPOLSLIIPFFBB58CC,賴厝?段,3.11,都市：商,,,,00310003
RPPPOLSLIIPFFBB58CC,邱厝子段,2.49,都市：商,,,,00310062
RPQPOLSLIIPFFBB68CC,賴厝?段,3.23,都市：商,,,,00310003
RPQPOLSLIIPFFBB68CC,邱厝子段,2.60,都市：商,,,,00310062
RPRPOLSLIIPFFBB78CC,賴厝?段,3.56,都市：商,,,,00310003
RPRPOLSLIIPFFBB78CC,邱厝子段,2.86,都市：商,,,,00310062
RPSPOLSLIIPFFBB88CC,賴厝?段,.29,都市：商,,,,00310003
RPSPOLSLIIPFFBB88CC,邱厝子段,.23,都市：商,,,,00310062
RPUPOLSLIIPFFBB09CC,建和段,22.88,都市：住,,,,08530000
RPTPOLSLIIPFFBB98CC,賴厝?段,.14,都市：商,,,,00310003
RPTPOLSLIIPFFBB98CC,邱厝子段,.11,都市：商,,,,00310062
RPVOMLSLIIPFFCB98CC,上石碑段,.00,都市：住,,,,21110000
RPSNMLSLIIPFFJB66CC,福平段,11.93,都市：住,,,,02030001
RPWOMLSLIIPFFIB07CC,新榮和段,.00,都市：住,,,,01480000
RPRRMLSLIIPFFCB88CC,田心段,20.68,都市：住,,,,18100000
RPOTMLSLIIPFFCB78CC,南屯段,16.18,都市：住,,,,14920000
RPUOMLSLIIPFFHB76CC,大榮段,89.91,都市：住,,,,04790000
RPQQMLTLIIPFFIB76CC,光正段,17.23,非都市：工業區 ; 非都市編定：丁種建築用地,,,,02740012
RPTNMLSLIIPFFJB76CC,新興段,13.50,都市：商,,,,01210000
RPOQMLTLIIPFFAB38CC,下橋子頭段,.00,都市：商,,,,01340004
RPOQMLTLIIPFFAB38CC,下橋子頭段,.00,都市：住,,,,01360013
RPVOMLTLIIPFFIB07CC,新光段,2.08,都市：住,,,,01470000
RPRPMLTLIIPFFCB78CC,惠國段,9.42,都市：其他:第六種新市政中心專用區,,,,01280000
RPXQMLTLIIPFFIB47CC,新仁段,.00,都市：住,,,,08070020
RPWNMLTLIIPFFDB56CC,豐中段,15.85,都市：住,,,,08670000
RPORMLTLIIPFFCB68CC,寶文段,.00,都市：住,,,,00490000
RPXPMLTLIIPFFBB66CC,東信段,23.78,都市：商,,,,02560000
RPSNMLTLIIPFFDB78CC,龍宮段,250.00,都市：住,,,,07320000
RPWPMLKMIIPFFBB38CC,東峰段,12.47,都市：住,,,,01580000
RPXNMLMJJIPFFAB18CC,下橋子頭段,.00,都市：住,,,,02100006
RPXNMLMJJIPFFAB18CC,下橋子頭段,.00,都市：其他:道路用地,,,,02100019
RPOOMLKMIIPFFHB08CC,摘星段,127.33,都市：住,,,,12590001
RPQQMLMJJIPFFAB77CC,後?子段,.00,都市：住,,,,02250444
RPXRMLMJJIPFFAB58CC,平等段二小段,.00,都市：商,,,,00380000
RPXRMLMJJIPFFAB58CC,平等段二小段,.00,都市：商,,,,00380001
RPOOMLMJJIPFFKB38CC,龍田段,.07,都市：其他:道路用地,,,,15830000
RPOOMLMJJIPFFKB38CC,龍田段,.12,都市：其他:道路用地,,,,15840001
RPOOMLMJJIPFFKB38CC,龍田段,.48,都市：其他:道路用地,,,,15820001
RPOOMLMJJIPFFKB38CC,龍田段,69.00,都市：其他:第四種住宅區,,,,15820034
RPQRMLMJJIPFFFB38CC,市鎮南段,.00,都市：商,,,,01190000
RPSNMLMJJIPFFJB58CC,宜欣段,.00,都市：住,,,,03960000
RPSNMLMJJIPFFBB77CC,錦村段,.00,都市：住,,,,01900046
RPWNMLMJJIPFFIB88CC,新仁段,.00,都市：住,,,,01590000
RPPOMLMJJIPFFIB28CC,合信段,.00,非都市：鄉村區 ; 非都市編定：乙種建築用地,,,,05920000
RPVNMLMJJIPFFIB88DC,中華段,160.53,都市：住,,,,09120000
RPVNMLMJJIPFFIB88DC,中華段,84.74,都市：住,,,,09130000
RPWOMLMJJIPFFAB18CC,大益段,.00,都市：住,,,,08850000
RPXNMLMJJIPFFDB48CC,萬年段,.00,都市：住,,,,00750000
RPTQMLMJJIPFFAB18DC,復興段五小段,61.00,都市：商,,,,00060124
RPQOMLMJJIPFFKB58CC,新庄段,24.88,非都市：鄉村區 ; 非都市編定：乙種建築用地,,,,05470000
RPTPMLMJJIPFFBB08CC,邱厝子段,.00,都市：住,,,,00560056
RPUPMLMJJIPFFBB18CC,長安段,.11,都市：商,,,,01390000
RPUPMLMJJIPFFBB18CC,長安段,18.64,都市：商,,,,01410000
RPUPMLMJJIPFFBB18CC,長安段,1.42,都市：商,,,,01410001
RPUPMLMJJIPFFBB18CC,長安段,1.52,都市：商,,,,01420000
RPUPMLMJJIPFFBB18CC,長安段,.21,都市：商,,,,01430000
RPUPMLMJJIPFFBB18CC,長安段,.16,都市：商,,,,01440000
RPWSMLMJJIPFFBB68CC,東山段,20.27,都市：住,,,,03250000
RPSOMLMJJIPFFCB97CC,大新段,.00,都市：住,,,,02890000
RPOPMLMJJIPFFCB67CC,上石碑段,.00,都市：住,,,,27440000
RPTPMLMJJIPFFCB18CC,上石碑段,.00,都市：商,,,,17730000
RPSRMLMJJIPFFCB28CC,,.00,都市：住,,,,15200002
RPWTMLNJJIPFFBB88CC,中德段,5.34,都市：住,,,,05210000
RPXRMLMJJIPFFCB78CC,大新段,30.59,都市：商,,,,08630000
RPORMLNJJIPFFCB97CC,廣昌段,27.45,都市：住,,,,04430000
RPUTMLMJJIPFFCB68CC,國安段,3.53,都市：住,,,,03000000
RPQVMLNJJIPFFBB48CC,錦村段,.00,都市：住,,,,02130051
RPROMLNJJIPFFJB68CC,番子路段,.00,都市：住,,,,01830000
RPWPMLNJJIPFFBB48CC,文北段,.00,都市：住,,,,01480000
RPSNMLNJJIPFFHB48CC,上楓段,11.53,都市：住,,,,13430000
RPUNMLNJJIPFFAB08DC,平等段二小段,7.75,都市：商,,,,00440000
RPUNMLNJJIPFFAB08DC,平等段二小段,12.75,都市：商,,,,00440001
RPWOMLOJJIPFFBB48CC,乾溝子段,9.14,都市：住,,,,01700049
RPXOMLNJJIPFFIB56CC,新榮和段,3.97,都市：住,,,,00290000
RPWPMLOJJIPFFIB66CC,仁美段,83.79,非都市：鄉村區 ; 非都市編定：乙種建築用地,,,,01680169
RPVRMLOJJIPFFBB68CC,東山段,10.79,都市：住,,,,00450000
RPRPMLOJJIPFFAB97CC,下橋子頭段,15.75,都市：住,,,,01780026
RPUTMLOJJIPFFBB78CC,松觀段,26.60,都市：住,,,,06060000
RPVTMLOJJIPFFBB88CC,松觀段,26.60,都市：住,,,,06060000
RPWTMLOJJIPFFBB98CC,賴厝?段,71.00,都市：住,,,,03250009
RPVOMLOJJIPFFCB48CC,惠民段,18.35,都市：其他:新市政中心專用區,,,,01430001
RPXOMLOJJIPFFCB68CC,惠民段,19.17,都市：其他:新市政中心專用區,,,,00110000
RPQQMLOJJIPFFCB18CC,黎明段,78.00,都市：住,,,,06730000
RPQOMLOJJIPFFCB97CC,中和段,24.83,都市：住,,,,01560000
RPVQMLOJJIPFFCB68CC,惠民段,17.78,都市：其他:新市政中心專用區,,,,01430001
RPPQMLPJJIPFFBB08CC,乾溝子段,23.90,都市：住,,,,01700049
RPPQMLPJJIPFFBB08CC,乾溝子段,.69,都市：住,,,,01730011
RPOPMLOJJIPFFCB87CC,中仁段,28.34,都市：住,,,,05550000
RPQQNLPJJIPFFBB28CC,乾溝子段,17.23,都市：住,,,,01700049
RPQQNLPJJIPFFBB28CC,乾溝子段,.49,都市：住,,,,01730011
RPXNMLQJJIPFFAB68DC,柳川段一小段,.00,,,,,00040000
RPXNMLQJJIPFFAB68DC,柳川段一小段,.00,,,,,00040006
RPSOMLPJJIPFFAB08CC,麻園頭段,14.68,都市：住,,,,01320000
RPPQMLQJJIPFFCB38DC,惠民段,17.63,都市：商,,,,01390000
RPSNMLQJJIPFFCB28CC,廣昌段,.00,都市：住,,,,09330031
RPSNMLQJJIPFFCB28CC,廣昌段,.00,都市：其他:道路用地,,,,08730001
RPVRMLPJJIPFFCB88CC,大新段,.00,都市：住,,,,04130000
RPVNMLTJJIPFFCB88CC,保安段,.00,都市：住,,,,07370000
RPVNMLTJJIPFFCB88CC,保安段,.00,都市：住,,,,07370007
RPVNMLTJJIPFFCB88CC,保安段,.00,都市：住,,,,07370013
RPVNMLTJJIPFFCB88CC,保安段,.00,都市：商,,,,07380000
RPVNMLTJJIPFFCB88CC,保安段,.00,都市：商,,,,07380019
RPVNMLTJJIPFFCB88CC,保安段,.00,都市：商,,,,07380026
RPOOOLPJJIPFFBB97CC,青萍段,169.10,都市：住,,,,06240000
RPXNMLTJJIPFFCB09CC,上石碑段,.00,都市：商,,,,17300000
RPWQMLQJJIPFFIB96CC,新榮和段,85.69,都市：住,,,,01480000
RPRPMLQJJIPFFAB28DC,公館段,20.26,都市：住,,,,01550010
RPRPMLQJJIPFFAB28DC,公館段,167.00,都市：住,,,,01550062
RPWPMLTJJIPFFCB56CC,何厝段,20.34,都市：住,,,,00840000
RPXPMLTJJIPFFCB66CC,何厝段,20.34,都市：住,,,,00840000
RPQNMLTJJIPFFBB28CC,錦村段,.00,都市：住,,,,01850000
RPSNMLTJJIPFFHB09CC,大榮段,31.18,都市：住,,,,06050000
RPUNMLTJJIPFFAB58CC,萬安段九小段,.00,都市：住,,,,00050000
RPUNMLTJJIPFFAB58CC,萬安段九小段,.00,都市：住,,,,00080011
RPUNMLTJJIPFFAB58CC,信義段九小段,.00,都市：住,,,,00090004
RPUNMLTJJIPFFAB58CC,頂橋子頭段,.00,都市：住,,,,03680000
RPVNMLTJJIPFFAB68CC,城隍段四小段,.00,都市：商,,,,00040001
RPVNMLTJJIPFFAB68CC,信義段四小段,.00,都市：商,,,,00030017
RPQRMLTJJIPFFBB68CC,水源段,.00,都市：住,,,,00310068
RPSSMLTJJIPFFBB98CC,賴厝?段,.00,都市：住,,,,03430038
RPSSMLTJJIPFFBB98CC,賴厝?段,.00,都市：住,,,,03430057
RPRTMLKKJIPFFAB08CC,後?子段,66.65,,,,,01730001
RPRPMLTJJIPFFFB09DC,沙工段,600.00,都市：住,,,,00840000
RPQNMLTJJIPFFHB88CC,興華段,27.99,都市：住,,,,09120000
RPXOMLKKJIPFFIB09DC,九如段,86.93,都市：住,,,,07940000
RPXOMLTJJIPFFFB86CC,市鎮北段,13.10,都市：商,,,,02730000
RPTQMLKKJIPFFBB08CC,中清段,7.75,都市：商,,,,00060000
RPTSMLKKJIPFFAB18CC,下橋子頭段,1.76,都市：商,,,,02170014
RPSQMLKKJIPFFBB97CC,長安段,34.91,都市：住,,,,03200000
RPPOMLKKJIPFFHB08CC,聖宮段,40.48,都市：住,,,,08910002
RPXQMLKKJIPFFBB48CC,賴厝?段,4.76,都市：商,,,,00310003
RPXQMLKKJIPFFBB48CC,邱厝子段,3.81,都市：商,,,,00310062
RPOOMLKKJIPFFDB67DC,龍宮段,.00,都市：住,,,,04890000
RPOOMLKKJIPFFDB67DC,龍宮段,.00,都市：住,,,,04930001
RPPRMLKKJIPFFBB77CC,仁美段,12.03,都市：住,,,,04080002
RPPRMLKKJIPFFBB77CC,仁美段,3.50,都市：住,,,,04080026
RPQRMLKKJIPFFBB87CC,文正段,10.58,都市：住,,,,01100007
RPRRMLKKJIPFFBB97CC,東峰段,10.56,都市：商,,,,00160000
RPSRMLKKJIPFFBB08CC,中清段,8.56,都市：商,,,,00060000
RPWRMLKKJIPFFBB48CC,松昌段,.00,都市：其他:第二種住宅區、道路用地(截角),,,,04120000
RPRQMLKKJIPFFCB97CC,中正段,8.57,都市：商,,,,01550000
RPQQMLKKJIPFFCB87CC,中正段,8.49,都市：商,,,,01550000
RPTQMLKKJIPFFCB18CC,中正段,5.99,都市：商,,,,01550000
RPVPMLLKJIPFFBB28CC,賴厝?段,3.96,都市：其他:空白,,,,00710000
RPSQMLLKJIPFFBB08CC,中清段,8.55,都市：商,,,,00060000
RPWNMLLKJIPFFCB28CC,上石碑段,26.57,都市：住,,,,26640000
RPVOMLLKJIPFFBB18CC,碧柳段,3049.12,都市：住,,,,01790000
RPRPMLLKJIPFFBB87CC,錦村段,10.15,都市：住,,,,00770000
RPUQMLLKJIPFFBB28CC,中清段,8.55,都市：商,,,,00060000
RPPQMLLKJIPFFBB77CC,賴厝?段,5.04,都市：其他:空白,,,,00710000
RPRQMLLKJIPFFBB97CC,東正段,12.45,都市：住,,,,01040000
RPVQMLLKJIPFFBB38CC,中清段,8.55,都市：商,,,,00060000
RPWQMLLKJIPFFBB48CC,中清段,8.55,都市：商,,,,00060000
RPTOMLLKJIPFFJB78CC,平欣段,14.04,都市：住,,,,06780000
RPWOMLLKJIPFFIB98CC,溪南東段,2269.00,非都市：特定農業區 ; 非都市編定：農牧用地,,,,20220000
RPTOMLLKJIPFFDB18CC,大富段,250.92,都市：其他:乙種工業地,,,,11620000
RPTOMLLKJIPFFDB18CC,大富段,291.09,都市：其他:乙種工業地,,,,11630000
RPQUMLLKJIPFFAB18CC,麻園頭段,57.96,都市：住,,,,01320000
RPUOMLLKJIPFFDB28CC,大富段,277.74,都市：其他:乙種工業地,,,,11610000
RPUOMLLKJIPFFDB28CC,大富段,250.92,都市：其他:乙種工業地,,,,11620000
RPPPMLLKJIPFFIB38CC,北新段,14.22,都市：住,,,,10490000
RPTOMLMKJIPFFAB97CC,樹子腳段,105.00,都市：住,,,,03540015
RPPOMLLKJIPFFAB47CC,下橋子頭段,1.83,都市：商,,,,02170014
RPOPMLMKJIPFFAB57CC,麻園頭段,17.53,都市：住,,,,01300002
RPPNMLMKJIPFFDB97EC,中興段,165.58,都市：住,,,,00300000
RPOOMLMKJIPFFAB47CC,麻園頭段,84.51,都市：住,,,,01320000
RPWPMLMKJIPFFBB48CC,東峰段,10.16,都市：住,,,,01580000
RPPPMLMKJIPFFAB67CC,麻園頭段,42.87,都市：住,,,,01300002
RPPOMLMKJIPFFCB77CC,西屯段,54.08,都市：住,,,,22500000
RPXNMLMKJIPFFBB38CC,景美段,.00,都市：住,,,,00530000
RPUQMLMKJIPFFBB38CC,中興段,.00,都市：住,,,,03730000
RPUPMLMKJIPFFCB38CC,大墩段,.00,都市：住,,,,04310000
RPUQMLMKJIPFFBB38CC,中興段,.00,都市：住,,,,03720000
RPOOMLMKJIPFFBB57CC,中興段,.00,都市：住,,,,03820000
RPWPMLMKJIPFFCB58CC,惠民段,43.30,都市：其他:第一種新市政中心,,,,00630000
RPQQMLNKJIPFFCB18CC,鑫大鵬段,342.34,都市：住,,,,01740000
RPUQMLNKJIPFFCB58CC,中正段,27.86,都市：住,,,,02800000
RPORMLNKJIPFFCB08CC,下石碑段,17.62,都市：住,,,,09530000
RPQPMLNKJIPFFAB87CC,中民段九小段,4.41,都市：住,,,,00080000
RPVNMLNKJIPFFBB28CC,水源段,56.00,都市：住,,,,02990014
RPVNMLNKJIPFFBB28CC,水源段,1.49,都市：住,,,,02990080
RPVNMLNKJIPFFBB28CC,水源段,1.12,都市：住,,,,02990081
RPVNMLNKJIPFFBB28CC,水源段,1.32,都市：住,,,,02990082
RPPOMLNKJIPFFFB18CC,國昌段,25.00,都市：住,,,,01200000
RPWSMLNKJIPFFBB88CC,仁德段,24.44,都市：住,,,,09500000
RPPNMLOKJIPFFAB67CC,下橋子頭段,1.65,都市：商,,,,02170014
RPPPMLNKJIPFFAB77CC,中民段九小段,4.69,都市：住,,,,00080000
RPSNMLNKJIPFFHB58CC,自立段,104.00,都市：住,,,,22480005
RPSNMLQKJIPFFCB38CC,三塊厝段,.00,都市：住,,,,11320035
RPSNMLQKJIPFFCB38CC,三塊厝段,.00,都市：住,,,,11320010
RPSNMLOKJIPFFAB97CC,麻園頭段,11.67,都市：住,,,,01320000
RPSQMLQKJIPFFCB68CC,,.00,,,,,02550000
RPQNMLOKJIPFFAB77CC,麻園頭段,17.26,都市：住,,,,01730000
RPXQMLQKJIPFFCB56CC,何安段,22.12,都市：住,,,,04610000
RPORMLQKJIPFFCB38CC,順和段,.00,,,,,01340000
RPXNMLOKJIPFFCB68CC,中和段,11.83,都市：住,,,,00980000
RPQOMLQKJIPFFCB28CC,田心段,199.00,都市：住,,,,13740021
RPRRMLQKJIPFFCB68CC,國安段,.00,,,,,02920000
RPURMLQKJIPFFCB98CC,中正段,9.01,都市：商,,,,01550000
RPOSMLQKJIPFFCB48CC,保安段,15.07,都市：住,,,,11050000
RPQSMLQKJIPFFCB68CC,順和段,13.91,都市：住,,,,03280000
RPVSOLQKJIPFFBB66CC,景美段,403.54,都市：住,,,,02530000
RPSRMLQKJIPFFAB58CC,下橋子頭段,21.45,都市：住,,,,02710003
RPWTMLQKJIPFFCB76CC,福德段,16.75,都市：住,,,,02750000
RPPSMLQKJIPFFAB38CC,頂橋子頭段,13.09,都市：住,,,,05020000
RPRSOLQKJIPFFBB88CC,松茂段,.00,都市：住,,,,05390000
RPPNMLQKJIPFFFB38CC,市鎮北段,17.02,都市：商,,,,02950000
RPVOMLQKJIPFFAB58CC,下橋子頭段,.00,,,,,02180204
RPSPMLQKJIPFFHB09CC,家興段,.00,,,,,08630000
RPVPMLQKJIPFFHB76CC,頭張段,.00,,,,,06350000
RPTTMLQKJIPFFAB88CC,半平厝段,21.11,都市：住,,,,19780000
RPXPMLQKJIPFFHB96CC,甘潭段,.00,,,,,05420000
RPQNMLQKJIPFFFB48CC,居仁段,.00,,,,,07070000
RPQNMLQKJIPFFFB48CC,居仁段,.00,,,,,07090000
RPQNMLQKJIPFFFB48CC,居仁段,.00,,,,,07100000
RPVNMLQKJIPFFIB66CC,大元段,.00,,,,,07220000
RPPPMLQKJIPFFIB88CC,光日段,14.47,都市：住,,,,01210000
RPSNMLQKJIPFFDB48CC,三陽段,151.93,都市：住,,,,06670000
RPTNMLQKJIPFFDB58CC,博愛段,93.00,都市：商,,,,08380000
RPUNMLQKJIPFFDB68CC,三豐段,160.36,都市：住,,,,00280000
RPUNMLQKJIPFFDB68CC,三豐段,160.37,都市：住,,,,00290000
RPWPMLQKJIPFFFB66CC,市鎮北段,13.10,都市：商,,,,02730000
RPPOMLQKJIPFFDB28CC,向陽段,.00,,,,,05790000
RPPNMLQKJIPFFJB78CC,樹孝段,.00,,,,,00820000
RPQOMLRKJIPFFCB48DC,福安段,23.95,都市：住,,,,02970000
RPXNMLRKJIPFFJB07CC,樹德段,18.80,都市：住,,,,03750000
RPXNMLRKJIPFFJB07CC,樹德段,.83,都市：住,,,,04110000
RPROMLRKJIPFFJB56CC,宜欣段,22.22,都市：住,,,,03350000
RPTQOLQKJIPFFBB98DC,文正段,3.06,都市：住,,,,00130113
RPOOMLRKJIPFFDB28CC,豐圳段,22.94,都市：住,,,,04630000
RPXQMLQKJIPFFAB09DC,半平厝段,11.00,都市：商,,,,01090000
RPXQMLQKJIPFFAB09DC,半平厝段,82.00,都市：商,,,,01100000
RPUPMLRKJIPFFHB76CC,聖宮段,9.39,都市：商,,,,13290000
RPSNMLRKJIPFFAB28CC,半平厝段,11.00,都市：商,,,,01090000
RPSNMLRKJIPFFAB28CC,半平厝段,82.00,都市：商,,,,01100000
RPOSMLRKJIPFFCB68DC,中和段,17.51,都市：其他:空白,,,,02140000
RPQQMLRKJIPFFAB38CC,下橋子頭段,1.88,都市：商,,,,02170014
RPUQMLRKJIPFFAB78CC,東勢子段,10.60,都市：住,,,,00930023
RPOPMLRKJIPFFJB98CC,平欣段,12.86,都市：住,,,,06780000
RPVQMLRKJIPFFAB88CC,後?子段,2.00,都市：商,,,,02860236
RPVQMLRKJIPFFAB88CC,後?子段,97.00,都市：商,,,,02860237
RPXNMLRKJIPFFHB86CC,四德段,10.39,都市：住,,,,03170006
RPXNMLRKJIPFFHB86CC,四德段,.13,都市：住,,,,03180003
RPXNMLRKJIPFFHB86CC,四德段,60.27,都市：住,,,,03190000
RPXNMLRKJIPFFHB86CC,四德段,3.04,都市：住,,,,03220014
RPXNMLRKJIPFFHB86CC,四德段,4.13,都市：住,,,,03230024
RPTQMLRKJIPFFHB76CC,甘潭段,12.93,都市：住,,,,03760000
RPORMLRKJIPFFAB28CC,頂橋子頭段,8.46,都市：住,,,,01380000
RPPRMLRKJIPFFAB38CC,下橋子頭段,35.75,都市：住,,,,01600112
RPPPMLRKJIPFFBB28CC,乾溝子段,47.42,都市：住,,,,01680018
RPSOMLRKJIPFFCB58CC,惠國段,28.98,都市：其他:第三種新市政中心專用區,,,,00720000
RPWPMLRKJIPFFCB09CC,南屯段,38.07,都市：住,,,,07030000
RPURMLRKJIPFFCB09CC,惠信段,22.82,都市：住,,,,00630000
RPSPMLRKJIPFFBB58CC,東義段,21.57,都市：住,,,,01110000
RPVQMLRKJIPFFBB98CC,文正段,.00,都市：住,,,,00870000
RPVQMLRKJIPFFBB98CC,文正段,.00,都市：住,,,,00890003
RPXQMLRKJIPFFBB56CC,邱厝子段,.00,都市：住,,,,00320096
RPTTMLRKJIPFFCB56CC,西屯段,20.11,都市：住,,,,19150032
RPQRMLRKJIPFFBB58CC,北屯段,4.40,都市：住,,,,01680003
RPVTMLRKJIPFFCB76CC,廣昌段,13.63,都市：住,,,,04430000
RPVPMLRKJIPFFCB98CC,惠民段,14.43,都市：其他:第五種新市政中心,,,,01390000
RPUOMLSKJIPFFCB88CC,惠民段,61.63,都市：其他:新市政中心專用區,,,,01380000
RPPTMLRKJIPFFCB78CC,大新段,5.11,都市：商,,,,04380000
RPWOMLSKJIPFFCB09CC,惠民段,11.56,都市：其他:新市政中心專用區,,,,01380000
RPSPMLSKJIPFFCB78CC,順和段,.00,都市：工,,,,04860000
RPUTMLRKJIPFFCB66CC,惠國段,26.03,都市：其他:第三種新市政中心專用區,,,,00500000
RPPOMLSKJIPFFCB38CC,何安段,.00,都市：住,,,,09730000
RPSSMLSKJIPFFBB98CC,文正段,8.93,都市：商,,,,00570017
RPVPMLSKJIPFFCB09CC,安和段,.00,都市：工,,,,02180000
RPVPMLSKJIPFFAB88CC,麻園頭段,13.04,都市：住,,,,03120000
RPOQMLSKJIPFFAB28CC,頂橋子頭段,10.88,都市：住,,,,01380000
RPWNMLTKJIPFFJB27DC,育賢段,43.85,都市：住,,,,01880000
RPTOMLTKJIPFFJB96CC,溪洲段,5.98,都市：住,,,,00020001
RPQQMLSKJIPFFAB48CC,頂橋子頭段,8.91,都市：住,,,,01380000
RPSOMLTKJIPFFFB09CC,東晉段,26.73,都市：商,,,,00880000
RPTPMLSKJIPFFFB56CC,民權段,3655.00,都市：工,,,,14610000
RPUNMLSKJIPFFIB86DC,福興段,23.66,都市：住,,,,00390000
RPSQMLSKJIPFFAB68CC,信義段八小段,2.86,都市：住,,,,00050000
RPSNMLTKJIPFFHB56CC,學雅段,112.96,都市：住,,,,00420007
RPSOMLTKJIPFFJB86CC,宜欣段,7.96,都市：住,,,,21440000
RPRPMLTKJIPFFIB76CC,光正段,17.23,非都市：工業區 ; 非都市編定：丁種建築用地,,,,02740012
RPWOMLTKJIPFFAB98CC,城隍段四小段,.00,都市：商,,,,00040001
RPWOMLTKJIPFFAB98CC,信義段四小段,.00,都市：商,,,,00030017
RPOQMLTKJIPFFFB88CC,市鎮北段,18.12,都市：商,,,,02950000
RPXOMLTKJIPFFAB09CC,頂橋子頭段,10.88,都市：住,,,,01380000
RPPPMLTKJIPFFIB56CC,新義段,27.09,都市：住,,,,00850000
RPTOMLTKJIPFFAB68CC,土庫段,10.48,都市：住,,,,00970038
RPSPMLTKJIPFFAB68CC,頂橋子頭段,19.00,都市：住,,,,04360010
RPSPMLTKJIPFFAB68CC,頂橋子頭段,17.00,都市：住,,,,04370135
RPPPMLTKJIPFFAB38CC,大益段,14.22,都市：住,,,,04270000
RPOOMLTKJIPFFBB28CC,乾溝子段,50.57,都市：住,,,,01790000
RPPPMLTKJIPFFBB48CC,東峰段,31.98,都市：商,,,,00570000
RPQPMLTKJIPFFBB58CC,陳平段,12.64,都市：住,,,,19260000
RPVPMLTKJIPFFBB09CC,賴厝?段,3.00,都市：住,,,,03400011
RPSQMLTKJIPFFBB88CC,賴厝?段,.00,都市：商,,,,00360004
RPWPMLTKJIPFFBB56CC,松竹段,2.30,都市：住,,,,07370000
RPSRMLTKJIPFFCB09CC,大明段,28.55,都市：住,,,,00130000
RPPRMLTKJIPFFBB68CC,北屯段,.00,都市：住,,,,01680003
RPOQMLTKJIPFFBB48CC,平田段,117.00,都市：住,,,,02710000
RPPSMLTKJIPFFCB88CC,,.00,都市：住,,,,01990000
RPPQMLTKJIPFFBB58CC,錦村段,4.10,都市：商,,,,02910001
RPPQMLTKJIPFFBB58CC,錦村段,4.86,都市：住,,,,02900002
RPWQMLTKJIPFFCB76CC,惠來厝段,5.13,都市：住,,,,16370000
RPUSMLTKJIPFFCB76CC,大明段,.00,都市：住,,,,00380000
RPWOMLKLJIPFFCB38CC,田心段,.00,都市：住,,,,10260000
RPOOMLKLJIPFFCB57CC,中義段,.00,都市：住,,,,09130000
RPXRMLTKJIPFFCB96CC,大新段,14.33,都市：住,,,,07830000
RPTSMLTKJIPFFCB66CC,西屯段,.00,都市：住,,,,20170000
RPTPMLKLJIPFFCB18CC,豐業段,937.90,都市：住,,,,01990000
RPSNMLKLJIPFFCB87CC,豐功段,.00,都市：住,,,,02480000
RPSQMLKLJIPFFCB18CC,惠民段,.00,都市：其他:第六種新市政中心專用區,,,,01090000
RPWQMLKLJIPFFCB58CC,廣明段,.00,都市：住,,,,08320000
RPORMLKLJIPFFCB87CC,惠民段,23.10,都市：其他:新六,,,,00160000
RPUNMLKLJIPFFBB97CC,東正段,11.34,都市：住,,,,01230000
RPOPMLKLJIPFFBB57CC,錦村段,4.83,都市：住,,,,00610000
RPSPMLKLJIPFFBB97CC,錦村段,2.93,都市：商,,,,03310000
RPWQMLKLJIPFFBB48CC,文正段,3.60,都市：商,,,,00250089
RPTOMLKLJIPFFBB97CC,北屯段,8.64,都市：其他:市場用地,,,,01420002
RPROMLKLJIPFFBB77CC,賴厝?段,24.09,都市：住,,,,00600023
RPUOMLKLJIPFFBB08CC,錦村段,24.29,都市：住,,,,02900001
RPXOMLKLJIPFFBB38CC,平田段,16.85,都市：住,,,,04690000
RPWNMLKLJIPFFAB08CC,平和段,2.60,都市：商,,,,00500000
RPXOMLKLJIPFFAB28CC,後?子段,3.00,都市：商,,,,01150192
RPQPMLKLJIPFFBB77CC,文北段,22.93,都市：住,,,,01770000
RPTPMLKLJIPFFAB97CC,頂橋子頭段,10.88,都市：住,,,,01380000
RPSPMLKLJIPFFAB87CC,頂橋子頭段,8.46,都市：住,,,,01380000
RPVNMLKLJIPFFAB97CC,下橋子頭段,.00,都市：住,,,,02420042
RPTOMLKLJIPFFAB87CC,麻園頭段,.00,都市：商,,,,01690008
RPTOMLKLJIPFFAB87CC,麻園頭段,.00,都市：商,,,,01690018
RPTOMLKLJIPFFAB87CC,麻園頭段,.00,都市：商,,,,01690024
RPTOMLKLJIPFFAB87CC,麻園頭段,.00,都市：商,,,,01690036
RPQPMLKLJIPFFAB67CC,平等段二小段,4.74,都市：商,,,,00080000
RPVPMLKLJIPFFAB18CC,頂橋子頭段,11.65,都市：住,,,,01430001
RPVPMLKLJIPFFAB18CC,頂橋子頭段,9.99,都市：住,,,,01430007
RPVPMLKLJIPFFAB18CC,頂橋子頭段,.90,都市：住,,,,01430022
RPPQMLKLJIPFFAB67CC,樹子腳段,6.90,都市：商,,,,07410000
RPPOMLKLJIPFFIB28CC,福大段,.00,非都市：鄉村區 ; 非都市編定：乙種建築用地,,,,01230000
RPUOMLKLJIPFFIB78CC,益民段,33.57,都市：住,,,,07110000
RPOPMLKLJIPFFIB28CC,九德段,20.68,都市：住,,,,04970000
RPRPMLKLJIPFFIB58CC,合信段,118.91,非都市：鄉村區 ; 非都市編定：乙種建築用地,,,,05140000
RPUPMLLLJIPFFAB18CC,公館段,19.76,都市：住,,,,01580491
RPVUMLNLJIPFFAB98CC,萬安段九小段,2.62,都市：住,,,,00010000
RPPVMLNLJIPFFAB48CC,下橋子頭段,4.67,都市：商,,,,02170014
RPTPMLKLJIPFFIB78CC,向學段,80.06,都市：住,,,,00360038
RPROMLKLJIPFFFB18CC,市鎮北段,17.24,都市：商,,,,02950000
RPSNMLKLJIPFFDB97CC,一心段,7.97,都市：住,,,,06740000
RPPOMLNLJIPFFFB28CC,市鎮北段,10.85,都市：商,,,,02950000
RPOOMLNLJIPFFHB38CC,中山段,21.61,都市：住,,,,05990000
RPSQMLNLJIPFFAB28CC,利民段三小段,.00,都市：住,,,,00010002
RPSQMLNLJIPFFAB28CC,利民段三小段,.00,都市：住,,,,00020007
RPXPMLNLJIPFFBB78CC,東山段,26.34,都市：住,,,,00350000
RPUNMLNLJIPFFDB48CC,一心段,10.31,都市：住,,,,06740000
RPQNNLNLJIPFFAB87CC,下橋子頭段,79.00,都市：其他:空白,,,,02180040
RPROMLNLJIPFFFB48CC,市鎮北段,17.03,都市：商,,,,02950000
RPPRMLNLJIPFFBB18CC,東峰段,9.15,都市：住,,,,01580000
RPTNMLNLJIPFFIB88CC,光正段,12.07,非都市：工業區 ; 非都市編定：丁種建築用地,,,,02740012
RPQRMLNLJIPFFBB28CC,賴厝?段,3.26,都市：商,,,,00310003
RPQRMLNLJIPFFBB28CC,邱厝子段,2.62,都市：商,,,,00310062
RPRRMLNLJIPFFBB38CC,賴厝?段,.28,都市：商,,,,00310003
RPRRMLNLJIPFFBB38CC,邱厝子段,.22,都市：商,,,,00310062
RPSRMLNLJIPFFBB48CC,賴厝?段,.14,都市：商,,,,00310003
RPSRMLNLJIPFFBB48CC,邱厝子段,.11,都市：商,,,,00310062
RPWRMLNLJIPFFBB88CC,邱厝子段,17.28,都市：住,,,,00380005
RPRQMLNLJIPFFCB38CC,中正段,6.72,都市：商,,,,01550000
RPRPMLOLJIPFFCB38CC,國安段,7.10,都市：住,,,,05930491
RPVPMLOLJIPFFCB78CC,寶文段,.00,都市：住,,,,00750017
RPUNMLNLJIPFFCB38CC,西屯段,.00,都市：住,,,,20250002
RPVPMLNLJIPFFCB68CC,上石碑段,11.52,都市：商,,,,10390046
RPTNMLOLJIPFFDB48CC,豐村段,71.46,都市：工,,,,06180000
RPTNMLOLJIPFFDB48CC,豐村段,66.87,都市：工,,,,06190000
RPTNMLOLJIPFFDB48CC,豐村段,118.30,都市：工,,,,06200000
RPTNMLOLJIPFFDB48CC,豐村段,11.95,都市：工,,,,06390000
RPXPMLNLJIPFFCB88CC,中正段,5.91,都市：商,,,,01550000
RPPNMLOLJIPFFFB38DC,銀聯段,108.79,都市：其他:空白,,,,02020002
RPURMLNLJIPFFCB78CC,大新段,.00,都市：住,,,,07790000
RPSRMLOLJIPFFBB58CC,邱厝子段,21.30,都市：住,,,,01410022
RPOPMLOLJIPFFIB78DC,內新段,11.87,都市：商,,,,07570000
RPSNMLOLJIPFFFB68DC,銀聯段,108.79,都市：住,,,,02020002
RPPPMLOLJIPFFIB78CC,新榮和段,3.97,都市：住,,,,00290000
RPXNMLOLJIPFFDB88CC,豐原段,15.96,都市：商,,,,00250003
RPRPMLOLJIPFFIB98CC,新榮和段,3.97,都市：住,,,,00290000
RPQNMLOLJIPFFFB48DC,銀聯段,242.62,都市：其他:空白,,,,02020002
RPPNMLOLJIPFFHB48CC,四德段,14.64,都市：住,,,,01820000
RPQNMLOLJIPFFHB58CC,四德段,14.64,都市：住,,,,01820000
RPSNMLOLJIPFFHB78CC,大富段,2179.95,都市：農,,,,00480000
RPVOMLPLJIPFFDB88CC,豐年段,255.00,都市：工,,,,13020000
RPRNMLOLJIPFFAB97CC,下橋子頭段,3.86,都市：商,,,,02170014
RPROMLPLJIPFFBB28CC,東山段,34.97,都市：商,,,,02150000
RPSQMLOLJIPFFAB38CC,樹子腳段,17.26,都市：住,,,,10410000
RPSNMLPLJIPFFHB88CC,東寶七段,67.22,都市：住,,,,04480000
RPSNMLPLJIPFFHB88CC,東寶七段,3.30,都市：其他:道路用地,,,,04480001
RPXTMLPLJIPFFBB76CC,東山段,1.69,都市：商,,,,02210000
RPSNMLPLJIPFFFB68CC,市鎮北段,12.74,都市：商,,,,02010000
RPUNMLPLJIPFFCB58CC,下石碑段,.00,都市：住,,,,16920000
RPWOMLPLJIPFFDB98CC,豐年段,255.00,都市：工,,,,13020000
RPOQMLPLJIPFFCB28CC,西屯段,.00,都市：住,,,,22790000
RPVRMLPLJIPFFCB09CC,南屯段,13.78,都市：商,,,,01130000
RPVRMLPLJIPFFCB09CC,南屯段,.68,都市：商,,,,01210000
RPVRMLPLJIPFFCB09CC,南屯段,4.28,都市：商,,,,01220001
RPTQMLQLJIPFFCB88CC,惠安段,22.12,都市：住,,,,00200000
RPXWMLQLJIPFFCB27CC,中仁段,31.80,都市：住,,,,01990000
RPSQMLPLJIPFFBB58CC,賴厝?段,33.54,都市：商,,,,04440000
RPOPMLPLJIPFFCB18CC,民安段,.00,都市：住,,,,18860000
RPXUMLQLJIPFFCB07CC,西屯段,.00,都市：住,,,,19000001
RPURMLPLJIPFFCB98CC,大新段,862.00,都市：住,,,,08990000
RPOQNLQLJIPFFCB48CC,上石碑段,21.48,都市：住,,,,26680045
RPOONLQLJIPFFCB28CC,田心段,17.56,都市：住,,,,14460000
RPPQNLQLJIPFFCB58CC,廣明段,.00,都市：住,,,,06100000
RPVOMLQLJIPFFBB78CC,邱厝子段,21.30,都市：住,,,,01410022
RPRSMLQLJIPFFBB78CC,水源段,24.80,都市：住,,,,01240002
RPRSMLQLJIPFFBB78CC,水源段,10.20,都市：住,,,,01240003
RPPOMLQLJIPFFBB18CC,東峰段,.00,都市：住,,,,01320000
RPTSMLQLJIPFFBB98CC,邱厝子段,6.42,都市：住,,,,00340422
RPROMLQLJIPFFBB38CC,錦村段,48.63,都市：住,,,,03280026
RPTOMLQLJIPFFBB58CC,東峰段,.00,都市：住,,,,01320000
RPUOMLQLJIPFFBB68CC,邱厝子段,21.30,都市：住,,,,01410022
RPWOMLQLJIPFFBB88CC,東光段,15.54,都市：住,,,,01900001
RPOTMLQLJIPFFBB58CC,建業段,26.07,都市：住,,,,05790000
RPUOMLQLJIPFFDB88CC,下街段,130.66,都市：住,,,,05770000
RPQOMLQLJIPFFJB09CC,育賢段,79.32,都市：住,,,,01410000
RPWSMLQLJIPFFBB66CC,太祥段,18.49,都市：住,,,,01260000
RPOPMLQLJIPFFAB08CC,平等段二小段,93.00,都市：商,,,,00100000
RPOPMLQLJIPFFAB08CC,平等段二小段,88.00,都市：商,,,,00100001
RPOPMLQLJIPFFAB08CC,平等段二小段,270.00,都市：商,,,,00120000
RPOPMLQLJIPFFAB08CC,平等段二小段,66.00,都市：商,,,,00350000
RPOPMLQLJIPFFAB08CC,平等段二小段,313.00,都市：商,,,,00130003
RPWUMLQLJIPFFBB86CC,賴厝?段,.00,都市：住,,,,02010125
RPUNMLQLJIPFFJB76CC,新興段,.00,都市：住,,,,00230000
RPRPMLQLJIPFFAB38CC,正義段九小段,.00,都市：商,,,,00090000
RPUNMLRLJIPFFAB58CC,中民段八小段,.00,都市：住,,,,00090029
RPUNMLRLJIPFFAB58CC,中民段八小段,.00,都市：住,,,,00090058
RPXPMLQLJIPFFBB56DC,文正段,10.97,都市：住,,,,01090112
RPPOMLRLJIPFFAB18CC,下橋子頭段,37.00,都市：商,,,,00950001
RPPOMLRLJIPFFAB18CC,下橋子頭段,33.00,都市：商,,,,00950013
RPTOMLRLJIPFFAB58CC,下橋子頭段,4.53,都市：商,,,,02170014
RPSPMLRLJIPFFIB76CC,光日段,18.82,都市：住,,,,01500000
RPWOMLRLJIPFFAB88CC,麻園頭段,9.40,都市：住,,,,01320000
RPVNMLRLJIPFFDB98CC,新興段,.00,非都市：一般農業區 ; 非都市編定：甲種建築用地,,,,00140000
RPXNMLRLJIPFFFB76CC,南簡段,90.00,都市：住,,,,07270008
RPPRMLRLJIPFFIB66CC,大忠段,9.62,都市：其他:空白,,,,00660000
RPSOMLRLJIPFFFB98CC,犁份東段,.00,都市：農,,,,03960000
RPOOMLRLJIPFFHB78CC,興華段,18.29,都市：住,,,,08650000
RPOOMLRLJIPFFHB78CC,興華段,35.65,都市：住,,,,08660000
RPSOMLRLJIPFFBB58CC,錦村段,.00,都市：住,,,,02870092
RPUQMLRLJIPFFIB07CC,德芳段,18.56,都市：其他:空白,,,,05290000
RPSQMLRLJIPFFCB88CC,惠來厝段,13.05,都市：其他:空白,,,,12510005
RPQRMLRLJIPFFCB78CC,國安段,.00,都市：住,,,,00120014
RPWNMLRLJIPFFHB96DC,六雅段,60.20,都市：住,,,,15200000
RPRRMLRLJIPFFCB88CC,國安段,.00,都市：住,,,,00120014
RPUPMLRLJIPFFBB88CC,賴厝?段,.00,都市：商,,,,04380000
RPRNMLSLJIPFFCB58CC,上石碑段,14.58,都市：其他:空白,,,,10390042
RPPNMLSLJIPFFCB38CC,三塊厝段,7.82,都市：其他:空白,,,,09940000
RPPNMLSLJIPFFBB28CC,平田段,26.81,都市：其他:空白,,,,01370000
RPRNMLSLJIPFFBB48CC,賴厝?段,2.68,都市：其他:空白,,,,04420000
RPPRMLRLJIPFFCB68CC,國安段,.00,都市：住,,,,05930489
RPPNMLSLJIPFFAB18CC,平和段,2.60,都市：其他:空白,,,,00500000
RPRNMLTLJIPFFIB66CC,榮和段,49.98,都市：住,,,,01480000
RPQNMLSLJIPFFAB28CC,下橋子頭段,17.08,都市：其他:空白,,,,02370012
RPSPMLKMJIPFFIB78CC,大忠段,.00,都市：商,,,,00660000
RPROMLKMJIPFFFB28CC,晉江北段,.00,都市：住,,,,01080000
RPRNMLSLJIPFFAB38CC,下橋子頭段,16.89,都市：其他:空白,,,,01930019
RPRNMLSLJIPFFAB38CC,下橋子頭段,.59,都市：其他:空白,,,,01930194
RPSPMLKMJIPFFAB97CC,麻園頭段,.00,都市：住,,,,00040000
RPTNMLSLJIPFFAB58CC,頂橋子頭段,12.54,都市：其他:空白,,,,03680000
RPSNMLKMJIPFFJB68CC,東平段,.00,都市：住,,,,01400000
RPXNMLKMJIPFFBB38CC,邱厝子段,.00,都市：住,,,,00510029
RPUNMLKMJIPFFBB08CC,太原段,.00,都市：住,,,,01000000
RPRQMLKMJIPFFBB08CC,中清段,8.50,都市：商,,,,00060000
RPWNMLSLJIPFFAB88CC,下橋子頭段,1.83,都市：商,,,,02170014
RPUNMLKMJIPFFIB78CC,內新段,.00,都市：住,,,,06890000
RPOOMLKMJIPFFAB47CC,柳川段一小段,.00,都市：商,,,,00040000
RPOOMLKMJIPFFAB47CC,柳川段一小段,.00,都市：商,,,,00040006
RPPNMLKMJIPFFJB48DC,宜欣段,9.09,都市：住,,,,19130005
RPPRMLKMJIPFFBB97CC,東新段,.00,都市：住,,,,00700000
RPWQMLKMJIPFFBB58CC,賴厝?段,4.75,都市：商,,,,00310003
RPWQMLKMJIPFFBB58CC,邱厝子段,3.81,都市：商,,,,00310062
RPSQMLKMJIPFFBB18CC,中清段,8.55,都市：住,,,,00060000
RPXPMLKMJIPFFBB68DC,東義段,155.00,,,,,02730005
RPOSMLKMJIPFFBB97CC,賴厝?段,.28,都市：商,,,,00310003
RPOSMLKMJIPFFBB97CC,邱厝子段,.22,都市：商,,,,00310062
RPSNMLKMJIPFFCB97CC,中義段,.00,都市：住,,,,09130000
RPVQMLKMJIPFFCB58CC,上石碑段,.00,都市：住,,,,13010000
RPUPMLKMJIPFFCB38CC,惠民段,.00,都市：其他:第五種新市政中心專用區,,,,01380000
RPXNMLKMJIPFFCB48CC,何安段,5.13,都市：住,,,,09730000
RPRRMLKMJIPFFCB28CC,上石碑段,.00,都市：商,,,,09650000
RPOPMLKMJIPFFCB77CC,何安段,.00,都市：住,,,,09730000
RPRPMLKMJIPFFCB08CC,大墩段,36.96,都市：住,,,,04690000
RPQPMLLJKIPFFCB87CC,大新段,18.19,都市：商,,,,08530000
RPSQMLKMJIPFFCB28CC,西屯段,.00,都市：住,,,,20320000
RPOQMLLJKIPFFCB77CC,大明段,16.73,都市：住,,,,02310000
RPVQMLLJKIPFFCB48CC,中仁段,24.47,都市：住,,,,05550000
RPPPMLLJKIPFFCB77CC,上石碑段,.00,都市：住,,,,27410000
RPVNMLLJKIPFFBB08CC,東信段,10.66,都市：商,,,,01170000
RPTPMLLJKIPFFCB18CC,民安段,95.86,都市：住,,,,19290000
RPTPMLLJKIPFFCB18CC,民安段,24.33,都市：住,,,,19290005
RPTPMLLJKIPFFCB18CC,民安段,5.93,都市：住,,,,19290007
RPXRMLLJKIPFFBB68CC,中清段,15.21,都市：住,,,,00060000
RPUQMLLJKIPFFCB38CC,惠民段,10.91,都市：其他:新市政中心專用區,,,,01110000
RPRSMLLJKIPFFBB18CC,東正段,21.94,都市：住,,,,01290000
RPQOMLLJKIPFFAB67DC,旱溪段,39.46,都市：住,,,,02720172
RPSOMLLJKIPFFKB78CC,新興段,7.58,非都市：鄉村區 ; 非都市編定：乙種建築用地,,,,06000000
RPSNMLLJKIPFFFB28DC,南簡段,77.00,都市：住,,,,07270011
RPQSMLLJKIPFFIB78CC,大忠段,.00,都市：商,,,,00620000
RPXPMLLJKIPFFAB38CC,中民段九小段,4.41,都市：住,,,,00080000
RPVOMLMJKIPFFIB98CC,北新段,14.16,都市：住,,,,10490000
RPVNMLLJKIPFFAB97CC,下橋子頭段,.00,都市：住,,,,01780026
RPQPMLMJKIPFFAB77CC,土庫段,.00,都市：住,,,,00120413
RPSOMLLJKIPFFAB77CC,大益段,.00,都市：住,,,,03700000
RPSPMLLJKIPFFAB87CC,麻園頭段,168.00,都市：住,,,,01650042
RPSPMLLJKIPFFAB87CC,麻園頭段,138.00,都市：住,,,,01650045
RPSPMLLJKIPFFAB87CC,麻園頭段,19.00,都市：住,,,,01650192
RPSPMLLJKIPFFAB87CC,麻園頭段,12.00,都市：住,,,,01650193
RPSPMLLJKIPFFAB87CC,麻園頭段,5.00,都市：住,,,,01650217
RPUNMLMJKIPFFBB08CC,昌平段,87.58,都市：住,,,,01600004
RPVPMLLJKIPFFAB18CC,城隍段四小段,7.47,都市：商,,,,00040001
RPVPMLLJKIPFFAB18CC,信義段四小段,4.13,都市：商,,,,00030017
RPWOMLMJKIPFFBB38CC,東光段,10.37,都市：商,,,,01930000
RPXNMLLJKIPFFHB88CC,四維段,12.10,都市：住,,,,00680000
RPXNMLLJKIPFFHB88CC,雅潭段,.39,都市：住,,,,04920000
RPPOMLMJKIPFFAB57CC,重慶段四小段,28.00,都市：住,,,,00040003
RPPOMLMJKIPFFAB57CC,重慶段四小段,112.00,都市：住,,,,00080000
RPPOMLMJKIPFFAB57CC,重慶段四小段,1.00,都市：住,,,,00100000
RPQOMLMJKIPFFJB58CC,麗園段,91.61,非都市：鄉村區 ; 非都市編定：乙種建築用地,,,,03590000
RPROMLMJKIPFFBB87CC,中清段,8.55,都市：商,,,,00060000
RPOPMLMJKIPFFBB67CC,東義段,28.74,都市：住,,,,01080002
RPQOMLMJKIPFFBB77CC,中清段,8.55,都市：商,,,,00060000
RPXPMLMJKIPFFBB58CC,東山段,34.97,都市：商,,,,02150000
RPTQMLMJKIPFFBB28CC,錦村段,35.50,都市：住,,,,03160022
RPTQMLMJKIPFFBB28CC,錦村段,3.75,都市：住,,,,03160044
RPTQMLMJKIPFFBB28CC,錦村段,3.00,都市：住,,,,03170076
RPOOMLMJKIPFFCB67CC,福德段,8.79,都市：商,,,,02080000
RPVNMLMJKIPFFCB28CC,惠安段,33.23,都市：住,,,,02570000
RPXOMLMJKIPFFCB58CC,惠民段,12.95,都市：其他:新市政中心專用區,,,,01110000
RPRQMLNJKIPFFCB28CC,建功段,19.73,都市：商,,,,00200000
RPPPMLMJKIPFFCB87CC,大進段,13.91,都市：住,,,,06170000
RPSQMLMJKIPFFCB28CC,上石碑段,.00,都市：住,,,,20750000
RPTPMLMJKIPFFCB28CC,惠民段,17.95,都市：其他:新市政中心專用區,,,,01430001
RPQNMLNJKIPFFHB38CC,上楓段,70.00,都市：住,,,,13080010
RPXRMLNJKIPFFCB98CC,大新段,.00,都市：住,,,,00120000
RPWOMLOJKIPFFAB48CC,下橋子頭段,.00,都市：住,,,,03210000
RPQNMLLKRHPFFKB56CC,山腳段,19.19,都市：其他:第二種商業區,,,,03050000
RPPQMLMJKIPFFCB97CC,國安段,.00,都市：住,,,,05930489
RPVQMLMJKIPFFCB58CC,民安段,.00,都市：住,,,,08700008
RPXNMLNJKIPFFHB56DC,馬岡段,24.81,都市：住,,,,00500000
RPPPMLOJKIPFFIB68CC,德芳段,18.56,都市：其他:空白,,,,05290000
RPOTMLNJKIPFFBB18CC,邱厝子段,.00,都市：住,,,,00580000
RPOTMLNJKIPFFBB18CC,邱厝子段,.00,都市：其他:道路用地,,,,00580048
RPOTMLNJKIPFFBB18CC,邱厝子段,.00,都市：住,,,,00580049
RPRNMLOJKIPFFJB78CC,溪洲段,126.49,都市：住,,,,10300000
RPOPMLNJKIPFFIB48CC,光日段,18.87,都市：住,,,,01500000
RPOOMLOJKIPFFKB68CC,龍田段,28.22,都市：其他:第四種住宅區,,,,10560000
RPSOMLOJKIPFFKB09CC,仁德段,185.86,都市：其他:住宅區,,,,06310000
RPVNMLNJKIPFFFB68CC,南簡段,85.00,都市：住,,,,07270009
RPUNMLOJKIPFFDB58DC,豐圳段,27.50,都市：住,,,,11140000
RPWOMLOJKIPFFBB58CC,錦村段,.00,,,,,02130074
RPVNMLOJKIPFFDB68DC,師範段,35.17,都市：住,,,,01520000
RPPNMLQJKIPFFFB48DC,銀聯段,108.79,都市：住,,,,02020002
RPOQMLOJKIPFFBB97CC,乾溝子段,.00,都市：住,,,,01350000
RPRTMLOJKIPFFCB68CC,新富段,.00,都市：住,,,,01830000
RPPNMLQJKIPFFCB08CC,三塊厝段,13.57,都市：住,,,,05640000
RPQNMLRJKIPFFCB28CC,安和段,1168.42,都市：工,,,,01810000
RPTRMLOJKIPFFCB68CC,惠信段,.00,都市：住,,,,00760000
RPWRMLOJKIPFFCB98CC,國安段,.00,都市：住,,,,05990000
RPXSMLRJKIPFFCB86CC,何厝段,16.65,都市：住,,,,02810016
RPPNMLPJKIPFFIB58CC,立新段,.00,非都市：鄉村區 ; 非都市編定：乙種建築用地,,,,09130000
RPQRMLRJKIPFFBB58CC,同榮段,75.00,都市：住,,,,19940000
RPWQMLRJKIPFFBB09CC,賴厝?段,4.37,都市：住,,,,02010125
RPQNMLQJKIPFFCB18CC,惠信段,12.13,都市：住,,,,00950000
RPURMLRJKIPFFBB98CC,中清段,7.74,都市：住,,,,00060000
RPORMLRJKIPFFCB48CC,西屯段,.00,都市：住,,,,22790000
RPOQMLRJKIPFFBB28CC,錦村段,44465.00,都市：住,,,,01220031
RPXRMLRJKIPFFBB66CC,水源段,.00,都市：住,,,,01230016
RPXRMLRJKIPFFBB66CC,水源段,.00,都市：住,,,,01230017
RPRSMLRJKIPFFBB78CC,賴厝?段,.29,都市：商,,,,00310003
RPRSMLRJKIPFFBB78CC,邱厝子段,.23,都市：商,,,,00310062
RPRQMLSJKIPFFIB76CC,峰南段,.00,都市：商,,,,09090000
RPRNMLSJKIPFFHB98CC,馬岡段,43.00,都市：農,,,,08000067
RPRNMLSJKIPFFHB98CC,馬岡段,20.16,都市：農,,,,08000171
RPRNMLSJKIPFFHB98CC,馬岡段,19.00,都市：農,,,,08000173
RPQSMLRJKIPFFBB68CC,賴厝?段,3.19,都市：商,,,,00310003
RPQSMLRJKIPFFBB68CC,邱厝子段,2.56,都市：商,,,,00310062
RPPNMLSJKIPFFDB38CC,豐中段,120.76,都市：住,,,,01380000
RPPOMLRJKIPFFJB98CC,新光段,.00,都市：住,,,,06690002
RPRQMLSJKIPFFBB68CC,東峰段,6.00,都市：商,,,,00040000
RPSOMLRJKIPFFFB88CC,清水段西勢小段,194.00,都市：住,,,,00230015
RPROMLSJKIPFFFB88CC,市鎮北段,9.90,都市：商,,,,02950000
RPOQMLSJKIPFFCB48CC,惠國段,26.03,都市：其他:第三種新市政中心專用區,,,,00770000
RPVPMLSJKIPFFIB07CC,三和段,66.21,都市：住,,,,05680000
RPORMLSJKIPFFCB58CC,春安段,9.00,都市：住,,,,02130000
RPWNMLSJKIPFFIB07DC,國中段,35.68,都市：工,,,,03770000
RPWNMLSJKIPFFIB07DC,國中段,382.24,都市：工,,,,03780000
RPWRMLSJKIPFFCB76CC,春安段,9.00,都市：住,,,,02130000
RPWQMLSJKIPFFCB66CC,春安段,9.00,都市：住,,,,02130000
RPRRMLSJKIPFFCB88CC,春安段,9.00,都市：住,,,,02130000
RPUSMLSJKIPFFBB56CC,東義段,14.78,都市：住,,,,02580000
RPURMLSJKIPFFCB56CC,春安段,9.00,都市：住,,,,02130000
RPTQMLSJKIPFFCB98CC,春安段,18.00,都市：住,,,,02130000
RPTRMLSJKIPFFCB09CC,春安段,9.00,都市：住,,,,02130000
RPSPMLTJKIPFFCB88CC,春安段,.12,都市：住,,,,04710000
RPSPMLTJKIPFFCB88CC,春安段,1.83,都市：住,,,,04330012
RPSPMLTJKIPFFCB88CC,春安段,5.80,都市：住,,,,04330017
RPSPMLTJKIPFFCB88CC,春安段,1.87,都市：住,,,,04740000
RPROMLTJKIPFFCB68CC,春安段,.12,都市：住,,,,04710000
RPROMLTJKIPFFCB68CC,春安段,1.83,都市：住,,,,04330012
RPROMLTJKIPFFCB68CC,春安段,5.80,都市：住,,,,04330017
RPROMLTJKIPFFCB68CC,春安段,1.87,都市：住,,,,04740000
RPVNMLTJKIPFFCB98CC,民安段,.00,都市：其他:市場用地,,,,10040000
RPVNMLTJKIPFFCB98CC,民安段,.00,都市：其他:市場用地,,,,10040013
RPSOMLTJKIPFFCB78CC,春安段,.12,都市：住,,,,04710000
RPSOMLTJKIPFFCB78CC,春安段,1.83,都市：住,,,,04330012
RPSOMLTJKIPFFCB78CC,春安段,5.80,都市：住,,,,04330017
RPSOMLTJKIPFFCB78CC,春安段,1.87,都市：住,,,,04740000
RPUOMLTJKIPFFCB98CC,春安段,.12,都市：住,,,,04710000
RPUOMLTJKIPFFCB98CC,春安段,1.83,都市：住,,,,04330012
RPUOMLTJKIPFFCB98CC,春安段,5.80,都市：住,,,,04330017
RPUOMLTJKIPFFCB98CC,春安段,1.87,都市：住,,,,04740000
RPOPMLTJKIPFFCB48CC,春安段,.12,都市：住,,,,04710000
RPOPMLTJKIPFFCB48CC,春安段,1.83,都市：住,,,,04330012
RPOPMLTJKIPFFCB48CC,春安段,5.80,都市：住,,,,04330017
RPOPMLTJKIPFFCB48CC,春安段,1.87,都市：住,,,,04740000
RPQPMLTJKIPFFCB68CC,春安段,.12,都市：住,,,,04710000
RPQPMLTJKIPFFCB68CC,春安段,1.83,都市：住,,,,04330012
RPQPMLTJKIPFFCB68CC,春安段,5.80,都市：住,,,,04330017
RPQPMLTJKIPFFCB68CC,春安段,1.87,都市：住,,,,04740000
RPRPMLTJKIPFFCB78CC,春安段,.12,都市：住,,,,04710000
RPRPMLTJKIPFFCB78CC,春安段,1.83,都市：住,,,,04330012
RPRPMLTJKIPFFCB78CC,春安段,5.80,都市：住,,,,04330017
RPRPMLTJKIPFFCB78CC,春安段,1.87,都市：住,,,,04740000
RPUPMLTJKIPFFCB09CC,春安段,.12,都市：住,,,,04710000
RPUPMLTJKIPFFCB09CC,春安段,1.83,都市：住,,,,04330012
RPUPMLTJKIPFFCB09CC,春安段,5.80,都市：住,,,,04330017
RPUPMLTJKIPFFCB09CC,春安段,1.87,都市：住,,,,04740000
RPTTMLTJKIPFFCB76CC,惠民段,.00,都市：其他:第六種新市政中心專用區,,,,01090000
RPPTMLTJKIPFFBB88CC,松茂段,.00,都市：住,,,,09650000
RPVQMLTJKIPFFFB96CC,銀聯段,108.79,都市：住,,,,02020002
RPVPMLTJKIPFFCB56CC,春安段,.12,都市：住,,,,04710000
RPVPMLTJKIPFFCB56CC,春安段,1.83,都市：住,,,,04330012
RPVPMLTJKIPFFCB56CC,春安段,5.80,都市：住,,,,04330017
RPVPMLTJKIPFFCB56CC,春安段,1.87,都市：住,,,,04740000
RPURMLTJKIPFFCB66CC,大墩段,10.91,都市：住,,,,04110000
RPSQMLKKKIPFFFB48CC,新犁份段,30.20,都市：住,,,,06690000
RPXTMLTJKIPFFCB17CC,惠信段,.00,都市：住,,,,00260008
RPWPMLTJKIPFFCB66CC,春安段,.12,都市：住,,,,04710000
RPWPMLTJKIPFFCB66CC,春安段,1.83,都市：住,,,,04330012
RPWPMLTJKIPFFCB66CC,春安段,5.80,都市：住,,,,04330017
RPWPMLTJKIPFFCB66CC,春安段,1.87,都市：住,,,,04740000
RPQUMLTJKIPFFBB09CC,北屯段,6.94,都市：住,,,,01440004
RPVRMLKKKIPFFAB38CC,頂橋子頭段,8.61,都市：住,,,,01380000
RPSNMLKKKIPFFAB67CC,後?子段,.00,都市：住,,,,01840008
RPVNMLKKKIPFFAB97CC,下橋子頭段,17.99,都市：商,,,,01130000
RPTNMLKKKIPFFAB77CC,旱新段,14.93,都市：商,,,,00760001
RPOQMLKKKIPFFAB57CC,後?子段,33.57,都市：住,,,,02170000
RPTSMLKKKIPFFAB28CC,麻園頭段,.00,都市：住,,,,01750060
RPOQMLKKKIPFFBB67CC,東光段,13.81,都市：住,,,,00560000
RPTOMLKKKIPFFJB88DC,新興段,4.23,都市：住,,,,01210000
RPSNMLKKKIPFFDB97CC,車路墘段車路墘小段,82.00,都市：住,,,,00160023
RPSOMLKKKIPFFCB97CC,大新段,.00,都市：住,,,,08220003
RPTQMLKKKIPFFCB28CC,中義段,16.97,都市：住,,,,06590000
RPOSMLKKKIPFFCB08DC,惠民段,24.00,都市：其他:第六種新市政中心專用區,,,,00160000
RPPQMLKKKIPFFBB77CC,東光段,33.07,都市：商,,,,02020000
RPUPMLKKKIPFFCB28CC,南屯段,56.76,都市：商,,,,01130000
RPUPMLKKKIPFFCB28CC,南屯段,3.30,都市：商,,,,01210000
RPUPMLKKKIPFFCB28CC,南屯段,3.30,都市：商,,,,01220001
RPURMLKKKIPFFCB48CC,惠國段,.00,都市：其他:第?種新市政中心專用區,,,,00990000
RPURMLKKKIPFFCB48CC,惠國段,.00,都市：其他:第?種新市政中心專用區,,,,01000000
RPVRMLKKKIPFFCB58CC,惠國段,.00,都市：其他:第?種新市政中心專用區,,,,00990000
RPVRMLKKKIPFFCB58CC,惠國段,.00,都市：其他:第?種新市政中心專用區,,,,01000000
RPTTMLKKKIPFFCB58CC,豐業段,22.31,都市：住,,,,01990000
RPXQMLTJKIPFFIB47CC,大衛段,.00,都市：商,,,,05990000
RPQUMLTJKIPFFCB56CC,惠信段,.00,都市：住,,,,00260008
RPXTMLKKKIPFFCB98CC,大進段,16.94,都市：住,,,,06170000
RPPUMLKKKIPFFCB28CC,惠民段,14.09,都市：其他:新市政中心專用區,,,,01430001
RPVNMLKKKIPFFHB68CC,家興段,18.77,都市：住,,,,08710000
RPOOMLKKKIPFFAB37CC,麻園頭段,.00,都市：住,,,,06210000
RPUNMLOJKIPFFCB38CC,惠來厝段,1.18,都市：住,,,,05340000
RPUNMLOJKIPFFCB38CC,惠來厝段,4.51,都市：住,,,,05390000
RPUNMLOJKIPFFCB38CC,惠來厝段,4.51,都市：住,,,,05390000
