﻿鄉鎮市區,交易標的,土地位置建物門牌,土地移轉總面積平方公尺,都市土地使用分區,非都市土地使用分區,非都市土地使用編定,交易年月日,交易筆棟數,移轉層次,總樓層數,建物型態,主要用途,主要建材,建築完成年月,建物移轉總面積平方公尺,建物現況格局-房,建物現況格局-廳,建物現況格局-衛,建物現況格局-隔間,有無管理組織,總價元,單價元平方公尺,車位類別,車位移轉總面積平方公尺,車位總價元,備註,編號,建案名稱,棟及號
The villages and towns urban district,transaction sign,land sector position building sector house number plate,land shifting total area square meter,the use zoning or compiles and checks,the non-metropolis land use district,non-metropolis land use,transaction year month and day,transaction pen number,shifting level,total floor number,building state,main use,main building materials,construction to complete the years,building shifting total area,Building present situation pattern - room,building present situation pattern - hall,building present situation pattern - health,building present situation pattern - compartmented,Whether there is manages the organization,total price NTD,the unit price (NTD / square meter),the berth category,berth shifting total area square meter,the berth total price NTD,the note,serial number,build case,buildings
,車位,高雄市前鎮區新光路404號車位,0.0,,,,1090401,土地0建物0車位1,,68,其他,停車空間,鋼造,,40.09,0,0,0,有,無,2000000,,坡道平面,40.09,2000000,,RPOPMLQJJIPFFCE28CB,遠雄THE ONE,
,車位,高雄市前鎮區新光路410號車位,0.0,,,,1090301,土地0建物0車位1,,68,其他,停車空間,鋼造,,40.09,0,0,0,有,無,2970000,,坡道平面,40.09,2970000,,RPPPMLQJJIPFFCE38CB,遠雄THE ONE,
,車位,高雄市前鎮區新光路331號車位,0.0,,,,1081102,土地0建物0車位1,,68,其他,停車空間,鋼造,,40.09,0,0,0,有,無,2050000,,坡道平面,40.09,2050000,,RPQPMLQJJIPFFCE48CB,遠雄THE ONE,
,車位,高雄市前鎮區新光路375號車位,0.0,,,,1070301,土地0建物0車位1,,68,其他,停車空間,鋼造,,40.09,0,0,0,有,無,2000000,,坡道平面,40.09,2000000,,RPRPMLQJJIPFFCE58CB,遠雄THE ONE,
,車位,高雄市前鎮區新光路377號車位,0.0,,,,1071217,土地0建物0車位1,,68,其他,停車空間,鋼造,,40.09,0,0,0,有,無,2020000,,坡道平面,40.09,2020000,,RPSPMLQJJIPFFCE68CB,遠雄THE ONE,
,車位,高雄市前鎮區新光路214號車位,0.0,,,,1090122,土地0建物0車位1,,68,其他,停車空間,鋼造,,40.09,0,0,0,有,無,1640000,,坡道平面,40.09,1640000,,RPTPMLQJJIPFFCE78CB,遠雄THE ONE,
,車位,高雄市前鎮區新光路282號車位,0.0,,,,1060915,土地0建物0車位1,,68,其他,停車空間,鋼造,,40.09,0,0,0,有,無,1700000,,坡道平面,40.09,1700000,,RPUPMLQJJIPFFCE88CB,遠雄THE ONE,
,車位,高雄市前鎮區新光路131號車位,0.0,,,,1090205,土地0建物0車位1,,68,其他,停車空間,鋼造,,40.09,0,0,0,有,無,1700000,,坡道平面,40.09,1700000,,RPVPMLQJJIPFFCE98CB,遠雄THE ONE,
,車位,高雄市前鎮區新光路187號車位,0.0,,,,1060506,土地0建物0車位1,,68,其他,停車空間,鋼造,,40.09,0,0,0,有,無,1750000,,坡道平面,40.09,1750000,,RPWPMLQJJIPFFCE09CB,遠雄THE ONE,
,車位,高雄市前鎮區新光路075號車位,0.0,,,,1060816,土地0建物0車位1,,68,其他,停車空間,鋼造,,40.09,0,0,0,有,無,1570000,,坡道平面,40.09,1570000,,RPXPMLQJJIPFFCE56CB,遠雄THE ONE,
,車位,高雄市前鎮區新光路076、077號車位,0.0,,,,1090513,土地0建物0車位2,,68,其他,停車空間,鋼造,,80.18,0,0,0,有,無,2590000,,坡道平面,80.18,2590000,,RPOQMLQJJIPFFCE38CB,遠雄THE ONE,
前鎮區,房地(土地+建物)+車位,高雄市前鎮區新光路A01棟19樓,13.78,商,,,1090618,土地1建物1車位2,十九層,68,住宅大樓(11層含以上有電梯),住家用,鋼造,,586.56,0,0,0,無,無,58830000,105889,坡道平面,80.18,5210000,,RPVOMLTJJIPFFCE56CB,遠雄THE ONE,
前鎮區,房地(土地+建物)+車位,高雄市前鎮區新光路A01棟20樓,13.78,商,,,1060502,土地1建物1車位2,二十層,68,住宅大樓(11層含以上有電梯),住家用,鋼造,,586.35,0,0,0,無,無,50000000,91866,坡道平面,80.18,3500000,,RPWOMLTJJIPFFCE66CB,遠雄THE ONE,
前鎮區,房地(土地+建物)+車位,高雄市前鎮區新光路A01棟22樓,13.78,商,,,1061221,土地1建物1車位2,二十二層,68,住宅大樓(11層含以上有電梯),住家用,鋼造,,586.35,0,0,0,無,無,53420000,97635,坡道平面,80.18,4000000,,RPXOMLTJJIPFFCE76CB,遠雄THE ONE,
前鎮區,房地(土地+建物)+車位,高雄市前鎮區新光路A01棟24樓,13.78,商,,,1071218,土地1建物1車位2,二十四層,68,住宅大樓(11層含以上有電梯),住家用,鋼造,,586.35,0,0,0,無,無,53980000,100638,坡道平面,80.18,3040000,,RPPPMLTJJIPFFCE68CB,遠雄THE ONE,
前鎮區,房地(土地+建物)+車位,高雄市前鎮區新光路A01棟33樓,13.78,商,,,1090723,土地1建物1車位2,三十三層,68,住宅大樓(11層含以上有電梯),住家用,鋼造,,586.56,0,0,0,無,無,62000000,117915,坡道平面,80.18,2290000,,RPQPMLTJJIPFFCE78CB,遠雄THE ONE,
前鎮區,房地(土地+建物)+車位,高雄市前鎮區新光路A01棟34樓,13.78,商,,,1060414,土地1建物1車位2,三十四層,68,住宅大樓(11層含以上有電梯),住家用,鋼造,,586.35,0,0,0,無,無,54000000,99176,坡道平面,80.18,3800000,,RPRPMLTJJIPFFCE88CB,遠雄THE ONE,
前鎮區,房地(土地+建物)+車位,高雄市前鎮區新光路A01棟35樓,13.78,商,,,1090417,土地1建物1車位2,三十五層,68,住宅大樓(11層含以上有電梯),住家用,鋼造,,586.35,0,0,0,無,無,61260000,112334,坡道平面,80.18,4400000,,RPSPMLTJJIPFFCE98CB,遠雄THE ONE,
前鎮區,房地(土地+建物)+車位,高雄市前鎮區新光路A01棟36樓,13.78,商,,,1060325,土地1建物1車位2,三十六層,68,住宅大樓(11層含以上有電梯),住家用,鋼造,,586.35,0,0,0,無,無,63600000,117945,坡道平面,80.18,3900000,,RPTPMLTJJIPFFCE09CB,遠雄THE ONE,
前鎮區,房地(土地+建物)+車位,高雄市前鎮區新光路A01棟37樓,13.78,商,,,1090303,土地1建物1車位2,三十七層,68,住宅大樓(11層含以上有電梯),住家用,鋼造,,586.35,0,0,0,無,無,66000000,123575,坡道平面,80.18,3450000,,RPUPMLTJJIPFFCE56CB,遠雄THE ONE,
前鎮區,房地(土地+建物)+車位,高雄市前鎮區新光路A01棟38樓,13.78,商,,,1090622,土地1建物1車位2,三十八層,68,住宅大樓(11層含以上有電梯),住家用,鋼造,,586.56,0,0,0,無,無,65660000,120246,坡道平面,80.18,4770000,,RPVPMLTJJIPFFCE66CB,遠雄THE ONE,
前鎮區,房地(土地+建物)+車位,高雄市前鎮區新光路A01棟40樓,13.78,商,,,1071008,土地1建物1車位2,四十層,68,住宅大樓(11層含以上有電梯),住家用,鋼造,,586.35,0,0,0,無,無,63500000,118063,坡道平面,80.18,3740000,,RPWPMLTJJIPFFCE76CB,遠雄THE ONE,
前鎮區,房地(土地+建物)+車位,高雄市前鎮區新光路A01棟41樓,13.78,商,,,1090207,土地1建物1車位3,四十一層,68,住宅大樓(11層含以上有電梯),住家用,鋼造,,626.44,0,0,0,無,無,68000000,125175,坡道平面,120.27,4640000,,RPXPMLTJJIPFFCE86CB,遠雄THE ONE,
前鎮區,房地(土地+建物)+車位,高雄市前鎮區新光路A01棟43樓,13.78,商,,,1090604,土地1建物1車位2,四十三層,68,住宅大樓(11層含以上有電梯),住家用,鋼造,,586.56,0,0,0,無,無,66000000,123721,坡道平面,80.18,3350000,,RPOQMLTJJIPFFCE68CB,遠雄THE ONE,
前鎮區,房地(土地+建物)+車位,高雄市前鎮區新光路A01棟44樓,13.78,商,,,1080920,土地1建物1車位4,四十四層,68,住宅大樓(11層含以上有電梯),住家用,鋼造,,666.53,0,0,0,無,無,65880000,117984,坡道平面,160.36,6160000,,RPPQMLTJJIPFFCE78CB,遠雄THE ONE,
前鎮區,房地(土地+建物)+車位,高雄市前鎮區新光路A01棟46樓,13.78,商,,,1081124,土地1建物1車位1,四十六層,68,住宅大樓(11層含以上有電梯),住家用,鋼造,,546.26,0,0,0,無,無,66880000,128178,坡道平面,40.09,2000000,,RPQQMLTJJIPFFCE88CB,遠雄THE ONE,
前鎮區,房地(土地+建物)+車位,高雄市前鎮區新光路A01棟47樓,13.78,商,,,1080906,土地1建物1車位2,四十七層,68,住宅大樓(11層含以上有電梯),住家用,鋼造,,586.35,0,0,0,無,無,67500000,125057,坡道平面,80.18,4200000,,RPRQMLTJJIPFFCE98CB,遠雄THE ONE,
前鎮區,房地(土地+建物)+車位,高雄市前鎮區新光路A01棟48樓,13.78,商,,,1080415,土地1建物1車位2,四十八層,68,住宅大樓(11層含以上有電梯),住家用,鋼造,,586.35,0,0,0,無,無,68200000,127032,坡道平面,80.18,3900000,,RPTQMLTJJIPFFCE56CB,遠雄THE ONE,
前鎮區,房地(土地+建物)+車位,高雄市前鎮區新光路A01棟49樓,13.78,商,,,1080417,土地1建物1車位2,四十九層,68,住宅大樓(11層含以上有電梯),住家用,鋼造,,586.35,0,0,0,無,無,69270000,128554,坡道平面,80.18,4200000,,RPVQMLTJJIPFFCE76CB,遠雄THE ONE,
前鎮區,房地(土地+建物)+車位,高雄市前鎮區新光路A01棟51樓,13.78,商,,,1070918,土地1建物1車位3,五十一層,68,住宅大樓(11層含以上有電梯),住家用,鋼造,,626.44,0,0,0,無,無,73200000,132920,坡道平面,120.27,5920000,,RPXQMLTJJIPFFCE96CB,遠雄THE ONE,
前鎮區,房地(土地+建物)+車位,高雄市前鎮區新光路A01棟52樓,13.78,商,,,1090416,土地1建物1車位3,五十二層,68,住宅大樓(11層含以上有電梯),住家用,鋼造,,626.44,0,0,0,無,無,75750000,136318,坡道平面,120.27,6750000,,RPPRMLTJJIPFFCE88CB,遠雄THE ONE,
前鎮區,房地(土地+建物)+車位,高雄市前鎮區新光路A01棟53樓,13.78,商,,,1080410,土地1建物1車位2,五十三層,68,住宅大樓(11層含以上有電梯),住家用,鋼造,,586.35,0,0,0,無,無,74280000,138452,坡道平面,80.18,4200000,,RPQRMLTJJIPFFCE98CB,遠雄THE ONE,
前鎮區,房地(土地+建物)+車位,高雄市前鎮區新光路A01棟54樓,13.78,商,,,1080119,土地1建物1車位2,五十四層,68,住宅大樓(11層含以上有電梯),住家用,鋼造,,586.35,0,0,0,無,無,73000000,136120,坡道平面,80.18,4100000,,RPRRMLTJJIPFFCE09CB,遠雄THE ONE,
前鎮區,房地(土地+建物)+車位,高雄市前鎮區新光路A01棟55樓,13.78,商,,,1090312,土地1建物1車位2,五十五層,68,住宅大樓(11層含以上有電梯),住家用,鋼造,,586.35,0,0,0,無,無,73790000,137800,坡道平面,80.18,4040000,,RPSRMLTJJIPFFCE56CB,遠雄THE ONE,
前鎮區,房地(土地+建物)+車位,高雄市前鎮區新光路A02棟18樓,13.78,商,,,1060326,土地1建物1車位2,十八層,68,住宅大樓(11層含以上有電梯),住家用,鋼造,,586.39,0,0,0,無,無,50520000,91899,坡道平面,80.18,4000000,,RPTRMLTJJIPFFCE66CB,遠雄THE ONE,
前鎮區,房地(土地+建物)+車位,高雄市前鎮區新光路A02棟19樓,13.78,商,,,1060217,土地1建物1車位2,十九層,68,住宅大樓(11層含以上有電梯),住家用,鋼造,,586.39,0,0,0,無,無,52210000,95435,坡道平面,80.18,3900000,,RPURMLTJJIPFFCE76CB,遠雄THE ONE,
前鎮區,房地(土地+建物)+車位,高雄市前鎮區新光路A02棟20樓,13.78,商,,,1060928,土地1建物1車位2,二十層,68,住宅大樓(11層含以上有電梯),住家用,鋼造,,586.39,0,0,0,無,無,60300000,111930,坡道平面,80.18,3640000,,RPVRMLTJJIPFFCE86CB,遠雄THE ONE,
前鎮區,房地(土地+建物)+車位,高雄市前鎮區新光路A02棟24樓,13.78,商,,,1060409,土地1建物1車位2,二十四層,68,住宅大樓(11層含以上有電梯),住家用,鋼造,,586.39,0,0,0,無,無,50490000,92827,坡道平面,80.18,3500000,,RPWRMLTJJIPFFCE96CB,遠雄THE ONE,
前鎮區,房地(土地+建物)+車位,高雄市前鎮區新光路A02棟27樓,13.78,商,,,1060811,土地1建物1車位2,二十七層,68,住宅大樓(11層含以上有電梯),住家用,鋼造,,586.39,0,0,0,無,無,62160000,115209,坡道平面,80.18,3840000,,RPXRMLTJJIPFFCE07CB,遠雄THE ONE,
前鎮區,房地(土地+建物)+車位,高雄市前鎮區新光路A02棟33樓,13.78,商,,,1090215,土地1建物1車位1,三十三層,68,住宅大樓(11層含以上有電梯),住家用,鋼造,,546.26,0,0,0,無,無,64430000,123279,坡道平面,40.09,2030000,,RPOSMLTJJIPFFCE88CB,遠雄THE ONE,
前鎮區,房地(土地+建物)+車位,高雄市前鎮區新光路A02棟34樓,13.78,商,,,1061207,土地1建物1車位2,三十四層,68,住宅大樓(11層含以上有電梯),住家用,鋼造,,586.39,0,0,0,無,無,64280000,119081,坡道平面,80.18,4000000,,RPPSMLTJJIPFFCE98CB,遠雄THE ONE,
前鎮區,房地(土地+建物)+車位,高雄市前鎮區新光路A02棟35樓,13.78,商,,,1060526,土地1建物1車位2,三十五層,68,住宅大樓(11層含以上有電梯),住家用,鋼造,,586.39,0,0,0,無,無,63900000,118923,坡道平面,80.18,3700000,,RPQSMLTJJIPFFCE09CB,遠雄THE ONE,
前鎮區,房地(土地+建物)+車位,高雄市前鎮區新光路A02棟37樓,13.78,商,,,1060409,土地1建物1車位2,三十七層,68,住宅大樓(11層含以上有電梯),住家用,鋼造,,586.39,0,0,0,無,無,63060000,116276,坡道平面,80.18,4200000,,RPRSMLTJJIPFFCE56CB,遠雄THE ONE,
前鎮區,房地(土地+建物)+車位,高雄市前鎮區新光路A02棟38樓,13.78,商,,,1080313,土地1建物1車位1,三十八層,68,住宅大樓(11層含以上有電梯),住家用,鋼造,,546.25,0,0,0,無,無,66680000,127588,坡道平面,40.09,2100000,,RPSSMLTJJIPFFCE66CB,遠雄THE ONE,
前鎮區,房地(土地+建物)+車位,高雄市前鎮區新光路A02棟40樓,13.78,商,,,1080623,土地1建物1車位2,四十層,68,住宅大樓(11層含以上有電梯),住家用,鋼造,,586.34,0,0,0,無,無,68720000,128774,坡道平面,80.18,3540000,,RPTSMLTJJIPFFCE76CB,遠雄THE ONE,
前鎮區,房地(土地+建物)+車位,高雄市前鎮區新光路A02棟41樓,13.78,商,,,1080403,土地1建物1車位2,四十一層,68,住宅大樓(11層含以上有電梯),住家用,鋼造,,586.34,0,0,0,無,無,69580000,129880,坡道平面,80.18,3840000,,RPUSMLTJJIPFFCE86CB,遠雄THE ONE,
前鎮區,房地(土地+建物)+車位,高雄市前鎮區新光路A02棟43樓,13.78,商,,,1071223,土地1建物1車位2,四十三層,68,住宅大樓(11層含以上有電梯),住家用,鋼造,,586.39,0,0,0,無,無,68280000,127299,坡道平面,80.18,3840000,,RPVSMLTJJIPFFCE96CB,遠雄THE ONE,
前鎮區,房地(土地+建物)+車位,高雄市前鎮區新光路A02棟44樓,13.78,商,,,1061125,土地1建物1車位2,四十四層,68,住宅大樓(11層含以上有電梯),住家用,鋼造,,586.39,0,0,0,無,無,66660000,124691,坡道平面,80.18,3540000,,RPWSMLTJJIPFFCE07CB,遠雄THE ONE,
前鎮區,房地(土地+建物)+車位,高雄市前鎮區新光路A02棟46樓,13.78,商,,,1060331,土地1建物1車位2,四十六層,68,住宅大樓(11層含以上有電梯),住家用,鋼造,,586.39,0,0,0,無,無,69950000,130084,坡道平面,80.18,4100000,,RPXSMLTJJIPFFCE17CB,遠雄THE ONE,
前鎮區,房地(土地+建物)+車位,高雄市前鎮區新光路A02棟47樓,13.78,商,,,1061027,土地1建物1車位2,四十七層,68,住宅大樓(11層含以上有電梯),住家用,鋼造,,586.39,0,0,0,無,無,70180000,130934,坡道平面,80.18,3900000,,RPOTMLTJJIPFFCE98CB,遠雄THE ONE,
前鎮區,房地(土地+建物)+車位,高雄市前鎮區新光路A02棟48樓,13.78,商,,,1071223,土地1建物1車位2,四十八層,68,住宅大樓(11層含以上有電梯),住家用,鋼造,,586.39,0,0,0,無,無,70680000,132040,坡道平面,80.18,3840000,,RPPTMLTJJIPFFCE09CB,遠雄THE ONE,
前鎮區,房地(土地+建物)+車位,高雄市前鎮區新光路A02棟49樓,13.78,商,,,1090801,土地1建物1車位2,四十九層,68,住宅大樓(11層含以上有電梯),住家用,鋼造,,586.54,0,0,0,無,無,74090000,138202,坡道平面,80.18,4110000,,RPQTMLTJJIPFFCE56CB,遠雄THE ONE,
前鎮區,房地(土地+建物)+車位,高雄市前鎮區新光路A02棟51樓,13.78,商,,,1060816,土地1建物1車位2,五十一層,68,住宅大樓(11層含以上有電梯),住家用,鋼造,,586.39,0,0,0,無,無,74370000,139725,坡道平面,80.18,3640000,,RPRTMLTJJIPFFCE66CB,遠雄THE ONE,
前鎮區,房地(土地+建物)+車位,高雄市前鎮區新光路A02棟52樓,13.78,商,,,1060930,土地1建物1車位3,五十二層,68,住宅大樓(11層含以上有電梯),住家用,鋼造,,626.48,0,0,0,無,無,77960000,142431,坡道平面,120.27,5860000,,RPSTMLTJJIPFFCE76CB,遠雄THE ONE,
前鎮區,房地(土地+建物)+車位,高雄市前鎮區新光路A02棟53樓,13.78,商,,,1071126,土地1建物1車位2,五十三層,68,住宅大樓(11層含以上有電梯),住家用,鋼造,,506.36,0,0,0,無,無,74230000,164344,坡道平面,80.18,4190000,,RPTTMLTJJIPFFCE86CB,遠雄THE ONE,
前鎮區,房地(土地+建物)+車位,高雄市前鎮區新光路A02棟54樓,13.78,商,,,1061218,土地1建物1車位2,五十四層,68,住宅大樓(11層含以上有電梯),住家用,鋼造,,586.39,0,0,0,無,無,79000000,147765,坡道平面,80.18,4200000,,RPUTMLTJJIPFFCE96CB,遠雄THE ONE,
前鎮區,房地(土地+建物)+車位,高雄市前鎮區新光路A03棟35樓,10.48,商,,,1071013,土地1建物1車位2,三十五層,68,住宅大樓(11層含以上有電梯),住家用,鋼造,,464.89,0,0,0,無,無,49880000,118999,坡道平面,80.18,4100000,,RPVTMLTJJIPFFCE07CB,遠雄THE ONE,
前鎮區,房地(土地+建物)+車位,高雄市前鎮區新光路A02棟55樓,13.78,商,,,1070918,土地1建物1車位3,五十五層,68,住宅大樓(11層含以上有電梯),住家用,鋼造,,626.48,0,0,0,無,無,78090000,143676,坡道平面,120.27,5360000,,RPWTMLTJJIPFFCE17CB,遠雄THE ONE,
前鎮區,房地(土地+建物)+車位,高雄市前鎮區新光路A03棟18樓,10.48,商,,,1061206,土地1建物1車位1,十八層,68,住宅大樓(11層含以上有電梯),住家用,鋼造,,424.8,0,0,0,無,無,42750000,106574,坡道平面,40.09,1750000,,RPXTMLTJJIPFFCE27CB,遠雄THE ONE,
前鎮區,房地(土地+建物)+車位,高雄市前鎮區新光路A03棟19樓,10.48,商,,,1060108,土地1建物1車位2,十九層,68,住宅大樓(11層含以上有電梯),住家用,鋼造,,464.89,0,0,0,無,無,46120000,110135,坡道平面,80.18,3750000,,RPOUMLTJJIPFFCE09CB,遠雄THE ONE,
前鎮區,房地(土地+建物)+車位,高雄市前鎮區新光路A03棟20樓,10.48,商,,,1060107,土地1建物1車位2,二十層,68,住宅大樓(11層含以上有電梯),住家用,鋼造,,464.89,0,0,0,無,無,44980000,108341,坡道平面,80.18,3300000,,RPPUMLTJJIPFFCE56CB,遠雄THE ONE,
前鎮區,房地(土地+建物)+車位,高雄市前鎮區新光路A03棟21樓,10.48,商,,,1060403,土地1建物1車位2,二十一層,68,住宅大樓(11層含以上有電梯),住家用,鋼造,,464.89,0,0,0,無,無,44830000,105872,坡道平面,80.18,4100000,,RPRUMLTJJIPFFCE76CB,遠雄THE ONE,
前鎮區,房地(土地+建物)+車位,高雄市前鎮區新光路A03棟22樓,10.48,商,,,1060412,土地1建物1車位1,二十二層,68,住宅大樓(11層含以上有電梯),住家用,鋼造,,424.8,0,0,0,無,無,42870000,107016,坡道平面,40.09,1700000,,RPSUMLTJJIPFFCE86CB,遠雄THE ONE,
前鎮區,房地(土地+建物)+車位,高雄市前鎮區新光路A03棟23樓,10.48,商,,,1080530,土地1建物1車位2,二十三層,68,住宅大樓(11層含以上有電梯),住家用,鋼造,,464.86,0,0,0,無,無,47280000,114225,坡道平面,80.18,3340000,,RPTUMLTJJIPFFCE96CB,遠雄THE ONE,
前鎮區,房地(土地+建物)+車位,高雄市前鎮區新光路A03棟24樓,10.48,商,,,1060401,土地1建物1車位2,二十四層,68,住宅大樓(11層含以上有電梯),住家用,鋼造,,464.89,0,0,0,無,無,43450000,102545,坡道平面,80.18,4000000,,RPUUMLTJJIPFFCE07CB,遠雄THE ONE,
前鎮區,房地(土地+建物)+車位,高雄市前鎮區新光路A03棟25樓,10.48,商,,,1060507,土地1建物1車位1,二十五層,68,住宅大樓(11層含以上有電梯),住家用,鋼造,,424.8,0,0,0,無,無,44500000,110213,坡道平面,40.09,2100000,,RPVUMLTJJIPFFCE17CB,遠雄THE ONE,
前鎮區,房地(土地+建物)+車位,高雄市前鎮區新光路A03棟27樓,10.48,商,,,1070522,土地1建物1車位2,二十七層,68,住宅大樓(11層含以上有電梯),住家用,鋼造,,464.89,0,0,0,無,無,48800000,116971,坡道平面,80.18,3800000,,RPWUMLTJJIPFFCE27CB,遠雄THE ONE,
前鎮區,房地(土地+建物)+車位,高雄市前鎮區新光路A03棟26樓,10.48,商,,,1090714,土地1建物1車位1,二十六層,68,住宅大樓(11層含以上有電梯),住家用,鋼造,,425.05,0,0,0,無,無,46950000,117285,坡道平面,40.09,1800000,,RPXUMLTJJIPFFCE37CB,遠雄THE ONE,
前鎮區,房地(土地+建物)+車位,高雄市前鎮區新光路A03棟29樓,10.48,商,,,1071215,土地1建物1車位2,二十九層,68,住宅大樓(11層含以上有電梯),住家用,鋼造,,464.89,0,0,0,無,無,48480000,116659,坡道平面,80.18,3600000,,RPOVMLTJJIPFFCE56CB,遠雄THE ONE,
前鎮區,房地(土地+建物)+車位,高雄市前鎮區新光路A03棟31樓,10.48,商,,,1070613,土地1建物1車位2,三十一層,68,住宅大樓(11層含以上有電梯),住家用,鋼造,,464.89,0,0,0,無,無,47500000,114372,坡道平面,80.18,3500000,,RPPVMLTJJIPFFCE66CB,遠雄THE ONE,
前鎮區,房地(土地+建物)+車位,高雄市前鎮區新光路A03棟33樓,10.48,商,,,1081030,土地1建物1車位1,三十三層,68,住宅大樓(11層含以上有電梯),住家用,鋼造,,424.77,0,0,0,無,無,48200000,120490,坡道平面,40.09,1850000,,RPQVMLTJJIPFFCE76CB,遠雄THE ONE,
前鎮區,房地(土地+建物)+車位,高雄市前鎮區新光路A03棟34樓,10.48,商,,,1080125,土地1建物1車位2,三十四層,68,住宅大樓(11層含以上有電梯),住家用,鋼造,,464.89,0,0,0,無,無,49880000,120038,坡道平面,80.18,3700000,,RPRVMLTJJIPFFCE86CB,遠雄THE ONE,
前鎮區,房地(土地+建物)+車位,高雄市前鎮區新光路A03棟37樓,10.48,商,,,1081223,土地1建物1車位2,三十七層,68,住宅大樓(11層含以上有電梯),住家用,鋼造,,464.89,0,0,0,無,無,51400000,126901,坡道平面,80.18,2580000,,RPSVMLTJJIPFFCE96CB,遠雄THE ONE,
前鎮區,房地(土地+建物)+車位,高雄市前鎮區新光路A03棟38樓,10.48,商,,,1080417,土地1建物1車位1,三十八層,68,住宅大樓(11層含以上有電梯),住家用,鋼造,,424.8,0,0,0,無,無,49800000,125055,坡道平面,40.09,1690000,,RPTVMLTJJIPFFCE07CB,遠雄THE ONE,
前鎮區,房地(土地+建物)+車位,高雄市前鎮區新光路A03棟40樓,10.48,商,,,1070526,土地1建物1車位3,四十層,68,住宅大樓(11層含以上有電梯),住家用,鋼造,,504.98,0,0,0,無,無,56000000,129968,坡道平面,120.27,6000000,,RPUVMLTJJIPFFCE17CB,遠雄THE ONE,
前鎮區,房地(土地+建物)+車位,高雄市前鎮區新光路A03棟41樓,10.48,商,,,1080907,土地1建物1車位2,四十一層,68,住宅大樓(11層含以上有電梯),住家用,鋼造,,464.89,0,0,0,無,無,52330000,128096,坡道平面,80.18,3050000,,RPVVMLTJJIPFFCE27CB,遠雄THE ONE,
前鎮區,房地(土地+建物)+車位,高雄市前鎮區新光路A03棟43樓,10.48,商,,,1071223,土地1建物1車位2,四十三層,68,住宅大樓(11層含以上有電梯),住家用,鋼造,,464.89,0,0,0,無,無,53180000,128512,坡道平面,80.18,3740000,,RPOWMLTJJIPFFCE66CB,遠雄THE ONE,
前鎮區,房地(土地+建物)+車位,高雄市前鎮區新光路A03棟44樓,10.48,商,,,1071231,土地1建物1車位2,四十四層,68,住宅大樓(11層含以上有電梯),住家用,鋼造,,464.89,0,0,0,無,無,53580000,128616,坡道平面,80.18,4100000,,RPPWMLTJJIPFFCE76CB,遠雄THE ONE,
前鎮區,房地(土地+建物)+車位,高雄市前鎮區新光路A03棟46樓,10.48,商,,,1080309,土地1建物1車位2,四十六層,68,住宅大樓(11層含以上有電梯),住家用,鋼造,,464.89,0,0,0,無,無,53800000,129968,坡道平面,80.18,3800000,,RPQWMLTJJIPFFCE86CB,遠雄THE ONE,
前鎮區,房地(土地+建物)+車位,高雄市前鎮區新光路A03棟48樓,10.48,商,,,1071223,土地1建物1車位2,四十八層,68,住宅大樓(11層含以上有電梯),住家用,鋼造,,464.89,0,0,0,無,無,54980000,133191,坡道平面,80.18,3740000,,RPRWMLTJJIPFFCE96CB,遠雄THE ONE,
前鎮區,房地(土地+建物)+車位,高雄市前鎮區新光路A03棟52樓,10.48,商,,,1070213,土地1建物1車位1,五十二層,68,住宅大樓(11層含以上有電梯),住家用,鋼造,,424.8,0,0,0,無,無,55650000,140833,坡道平面,40.09,1470000,,RPSWMLTJJIPFFCE07CB,遠雄THE ONE,
前鎮區,房地(土地+建物)+車位,高雄市前鎮區新光路A03棟53樓,10.48,商,,,1071126,土地1建物1車位1,五十三層,68,住宅大樓(11層含以上有電梯),住家用,鋼造,,424.8,0,0,0,無,無,56250000,141223,坡道平面,40.09,1920000,,RPTWMLTJJIPFFCE17CB,遠雄THE ONE,
前鎮區,房地(土地+建物)+車位,高雄市前鎮區新光路A03棟54樓,10.48,商,,,1071126,土地1建物1車位1,五十四層,68,住宅大樓(11層含以上有電梯),住家用,鋼造,,424.8,0,0,0,無,無,54930000,137792,坡道平面,40.09,1920000,,RPUWMLTJJIPFFCE27CB,遠雄THE ONE,
前鎮區,房地(土地+建物)+車位,高雄市前鎮區新光路A03棟55樓,10.48,商,,,1060509,土地1建物1車位1,五十五層,68,住宅大樓(11層含以上有電梯),住家用,鋼造,,424.8,0,0,0,無,無,55260000,138832,坡道平面,40.09,1850000,,RPVWMLTJJIPFFCE37CB,遠雄THE ONE,
前鎮區,房地(土地+建物)+車位,高雄市前鎮區新光路A05棟18樓,10.48,商,,,1060109,土地1建物1車位2,十八層,68,住宅大樓(11層含以上有電梯),住家用,鋼造,,464.05,0,0,0,無,無,45580000,110402,坡道平面,80.18,3200000,,RPWWMLTJJIPFFCE47CB,遠雄THE ONE,
前鎮區,房地(土地+建物)+車位,高雄市前鎮區新光路A05棟19樓,10.48,商,,,1060509,土地1建物1車位1,十九層,68,住宅大樓(11層含以上有電梯),住家用,鋼造,,423.96,0,0,0,無,無,40000000,100112,坡道平面,40.09,1570000,,RPXWMLTJJIPFFCE57CB,遠雄THE ONE,
前鎮區,房地(土地+建物)+車位,高雄市前鎮區新光路A05棟20樓,10.48,商,,,1060608,土地1建物1車位2,二十層,68,住宅大樓(11層含以上有電梯),住家用,鋼造,,464.05,0,0,0,無,無,42450000,101206,坡道平面,80.18,3600000,,RPONNLTJJIPFFCE48CB,遠雄THE ONE,
前鎮區,房地(土地+建物),高雄市前鎮區新光路A05棟21樓,10.48,商,,,1060506,土地1建物1車位0,二十一層,68,住宅大樓(11層含以上有電梯),住家用,鋼造,,383.89,0,0,0,無,無,38500000,100289,,0.0,0,,RPPNNLTJJIPFFCE58CB,遠雄THE ONE,
前鎮區,房地(土地+建物)+車位,高雄市前鎮區新光路A05棟22樓,10.48,商,,,1090401,土地1建物1車位1,二十二層,68,住宅大樓(11層含以上有電梯),住家用,鋼造,,423.96,0,0,0,無,無,39100000,96647,坡道平面,40.09,2000000,,RPQNNLTJJIPFFCE68CB,遠雄THE ONE,
前鎮區,房地(土地+建物),高雄市前鎮區新光路A05棟23樓,10.48,商,,,1090513,土地1建物1車位0,二十三層,68,住宅大樓(11層含以上有電梯),住家用,鋼造,,384.12,0,0,0,無,無,39990000,104108,,0.0,0,,RPRNNLTJJIPFFCE78CB,遠雄THE ONE,
前鎮區,房地(土地+建物)+車位,高雄市前鎮區新光路A05棟24樓,10.48,商,,,1070301,土地1建物1車位1,二十四層,68,住宅大樓(11層含以上有電梯),住家用,鋼造,,423.96,0,0,0,無,無,39280000,97116,坡道平面,40.09,2000000,,RPSNNLTJJIPFFCE88CB,遠雄THE ONE,
前鎮區,房地(土地+建物)+車位,高雄市前鎮區新光路A05棟25樓,10.48,商,,,1060526,土地1建物1車位1,二十五層,68,住宅大樓(11層含以上有電梯),住家用,鋼造,,423.96,0,0,0,無,無,44000000,110063,坡道平面,40.09,1750000,,RPTNNLTJJIPFFCE98CB,遠雄THE ONE,
前鎮區,房地(土地+建物)+車位,高雄市前鎮區新光路A05棟26樓,10.48,商,,,1080715,土地1建物1車位2,二十六層,68,住宅大樓(11層含以上有電梯),住家用,鋼造,,464.02,0,0,0,無,無,45880000,111062,坡道平面,80.18,3250000,,RPUNNLTJJIPFFCE09CB,遠雄THE ONE,
前鎮區,房地(土地+建物)+車位,高雄市前鎮區新光路A05棟27樓,10.48,商,,,1060714,土地1建物1車位2,二十七層,68,住宅大樓(11層含以上有電梯),住家用,鋼造,,464.05,0,0,0,無,無,46000000,111652,坡道平面,80.18,3140000,,RPVNNLTJJIPFFCE56CB,遠雄THE ONE,
前鎮區,房地(土地+建物)+車位,高雄市前鎮區新光路A05棟29樓,10.48,商,,,1080416,土地1建物1車位2,二十九層,68,住宅大樓(11層含以上有電梯),住家用,鋼造,,464.02,0,0,0,無,無,46940000,113068,坡道平面,80.18,3540000,,RPWNNLTJJIPFFCE66CB,遠雄THE ONE,
前鎮區,房地(土地+建物)+車位,高雄市前鎮區新光路A05棟32樓,10.48,商,,,1070406,土地1建物1車位1,三十二層,68,住宅大樓(11層含以上有電梯),住家用,鋼造,,423.96,0,0,0,無,無,43100000,108917,坡道平面,40.09,1290000,,RPXNNLTJJIPFFCE76CB,遠雄THE ONE,
前鎮區,房地(土地+建物)+車位,高雄市前鎮區新光路A05棟34樓,10.48,商,,,1060921,土地1建物1車位1,三十四層,68,住宅大樓(11層含以上有電梯),住家用,鋼造,,423.96,0,0,0,無,無,45460000,113163,坡道平面,40.09,2020000,,RPOONLTJJIPFFCE58CB,遠雄THE ONE,
前鎮區,房地(土地+建物)+車位,高雄市前鎮區新光路A05棟38樓,10.48,商,,,1080408,土地1建物1車位2,三十八層,68,住宅大樓(11層含以上有電梯),住家用,鋼造,,464.02,0,0,0,無,無,50380000,121613,坡道平面,80.18,3700000,,RPPONLTJJIPFFCE68CB,遠雄THE ONE,
前鎮區,房地(土地+建物)+車位,高雄市前鎮區新光路A05棟43樓,10.48,商,,,1080806,土地1建物1車位2,四十三層,68,住宅大樓(11層含以上有電梯),住家用,鋼造,,464.02,0,0,0,無,無,50500000,122082,坡道平面,80.18,3640000,,RPQONLTJJIPFFCE78CB,遠雄THE ONE,
前鎮區,房地(土地+建物)+車位,高雄市前鎮區新光路A05棟44樓,10.48,商,,,1080802,土地1建物1車位2,四十四層,68,住宅大樓(11層含以上有電梯),住家用,鋼造,,464.02,0,0,0,無,無,50370000,122525,坡道平面,80.18,3340000,,RPRONLTJJIPFFCE88CB,遠雄THE ONE,
前鎮區,房地(土地+建物)+車位,高雄市前鎮區新光路A05棟47樓,10.48,商,,,1081126,土地1建物1車位2,四十七層,68,住宅大樓(11層含以上有電梯),住家用,鋼造,,464.02,0,0,0,無,無,50000000,122343,坡道平面,80.18,3040000,,RPSONLTJJIPFFCE98CB,遠雄THE ONE,
前鎮區,房地(土地+建物)+車位,高雄市前鎮區新光路A05棟48樓,10.48,商,,,1090320,土地1建物1車位2,四十八層,68,住宅大樓(11層含以上有電梯),住家用,鋼造,,464.02,0,0,0,無,無,53900000,131565,坡道平面,80.18,3400000,,RPTONLTJJIPFFCE09CB,遠雄THE ONE,
前鎮區,房地(土地+建物)+車位,高雄市前鎮區新光路A05棟55樓,10.48,商,,,1080512,土地1建物1車位2,五十五層,68,住宅大樓(11層含以上有電梯),住家用,鋼造,,464.02,0,0,0,無,無,57910000,141127,坡道平面,80.18,3740000,,RPUONLTJJIPFFCE56CB,遠雄THE ONE,
前鎮區,房地(土地+建物)+車位,高雄市前鎮區新光路B01棟24樓,16.2,商,,,1060429,土地1建物1車位2,二十四層,68,住宅大樓(11層含以上有電梯),住家用,鋼造,,684.82,0,0,0,無,無,67880000,105650,坡道平面,80.18,4000000,,RPVONLTJJIPFFCE66CB,遠雄THE ONE,
前鎮區,房地(土地+建物)+車位,高雄市前鎮區新光路B01棟43樓,16.16,商,,,1090128,土地1建物1車位3,四十三層,68,住宅大樓(11層含以上有電梯),住家用,鋼造,,724.8,0,0,0,無,無,81940000,124047,坡道平面,120.27,6950000,,RPWONLTJJIPFFCE76CB,遠雄THE ONE,
前鎮區,房地(土地+建物)+車位,高雄市前鎮區新光路B01棟48樓,16.2,商,,,1060223,土地1建物1車位2,四十八層,68,住宅大樓(11層含以上有電梯),住家用,鋼造,,684.82,0,0,0,無,無,87150000,137024,坡道平面,80.18,4300000,,RPXONLTJJIPFFCE86CB,遠雄THE ONE,
前鎮區,房地(土地+建物)+車位,高雄市前鎮區新光路B01棟49樓,16.2,商,,,1060930,土地1建物1車位3,四十九層,68,住宅大樓(11層含以上有電梯),住家用,鋼造,,724.91,0,0,0,無,無,91160000,140745,坡道平面,120.27,6060000,,RPOPNLTJJIPFFCE68CB,遠雄THE ONE,
前鎮區,房地(土地+建物)+車位,高雄市前鎮區新光路B01棟51樓,16.2,商,,,1060106,土地1建物1車位3,五十一層,68,住宅大樓(11層含以上有電梯),住家用,鋼造,,724.91,0,0,0,無,無,88930000,136660,坡道平面,120.27,6300000,,RPPPNLTJJIPFFCE78CB,遠雄THE ONE,
前鎮區,房地(土地+建物)+車位,高雄市前鎮區新光路B01棟52樓,16.2,商,,,1090226,土地1建物1車位3,五十二層,68,住宅大樓(11層含以上有電梯),住家用,鋼造,,724.91,0,0,0,無,無,89950000,138843,坡道平面,120.27,6000000,,RPQPNLTJJIPFFCE88CB,遠雄THE ONE,
前鎮區,房地(土地+建物)+車位,高雄市前鎮區新光路B01棟54樓,16.2,商,,,1060920,土地1建物1車位3,五十四層,68,住宅大樓(11層含以上有電梯),住家用,鋼造,,724.91,0,0,0,無,無,96880000,150536,坡道平面,120.27,5860000,,RPRPNLTJJIPFFCE98CB,遠雄THE ONE,
前鎮區,房地(土地+建物)+車位,高雄市前鎮區新光路B01棟56樓,16.2,商,,,1060410,土地1建物1車位2,五十六層,68,住宅大樓(11層含以上有電梯),住家用,鋼造,,684.82,0,0,0,無,無,100850000,160343,坡道平面,80.18,3900000,,RPRNMLKKJIPFFCE87CB,遠雄THE ONE,
前鎮區,房地(土地+建物)+車位,高雄市前鎮區新光路B02棟18樓,16.2,商,,,1061020,土地1建物1車位2,十八層,68,住宅大樓(11層含以上有電梯),住家用,鋼造,,685.55,0,0,0,無,無,76930000,121380,坡道平面,80.18,3450000,,RPSNMLKKJIPFFCE97CB,遠雄THE ONE,
前鎮區,房地(土地+建物)+車位,高雄市前鎮區新光路B02棟19樓,16.2,商,,,1060424,土地1建物1車位2,十九層,68,住宅大樓(11層含以上有電梯),住家用,鋼造,,685.74,0,0,0,無,無,70000000,111731,坡道平面,80.18,2340000,,RPTNMLKKJIPFFCE08CB,遠雄THE ONE,
前鎮區,房地(土地+建物)+車位,高雄市前鎮區新光路B02棟25樓,16.2,商,,,1060310,土地1建物1車位2,二十五層,68,住宅大樓(11層含以上有電梯),住家用,鋼造,,685.74,0,0,0,無,無,73500000,116355,坡道平面,80.18,3040000,,RPUNMLKKJIPFFCE18CB,遠雄THE ONE,
前鎮區,房地(土地+建物)+車位,高雄市前鎮區新光路B02棟27樓,16.2,商,,,1060106,土地1建物1車位2,二十七層,68,住宅大樓(11層含以上有電梯),住家用,鋼造,,685.74,0,0,0,無,無,75000000,118073,坡道平面,80.18,3500000,,RPVNMLKKJIPFFCE28CB,遠雄THE ONE,
前鎮區,房地(土地+建物)+車位,高雄市前鎮區新光路B02棟37樓,16.2,商,,,1070609,土地1建物1車位2,三十七層,68,住宅大樓(11層含以上有電梯),住家用,鋼造,,685.74,0,0,0,無,無,83460000,130392,坡道平面,80.18,4500000,,RPWNMLKKJIPFFCE38CB,遠雄THE ONE,
前鎮區,房地(土地+建物)+車位,高雄市前鎮區新光路B02棟43樓,16.16,商,,,1090128,土地1建物1車位2,四十三層,68,住宅大樓(11層含以上有電梯),住家用,鋼造,,685.62,0,0,0,無,無,84860000,133126,坡道平面,80.18,4260000,,RPXNMLKKJIPFFCE48CB,遠雄THE ONE,
前鎮區,房地(土地+建物)+車位,高雄市前鎮區新光路B02棟44樓,16.2,商,,,1080307,土地1建物1車位2,四十四層,68,住宅大樓(11層含以上有電梯),住家用,鋼造,,685.74,0,0,0,無,無,86850000,135825,坡道平面,80.18,4600000,,RPOOMLKKJIPFFCE67CB,遠雄THE ONE,
前鎮區,房地(土地+建物)+車位,高雄市前鎮區新光路B02棟45樓,16.2,商,,,1070104,土地1建物1車位2,四十五層,68,住宅大樓(11層含以上有電梯),住家用,鋼造,,685.74,0,0,0,無,無,90820000,143041,坡道平面,80.18,4200000,,RPPOMLKKJIPFFCE77CB,遠雄THE ONE,
前鎮區,房地(土地+建物)+車位,高雄市前鎮區新光路B02棟46樓,16.2,商,,,1080307,土地1建物1車位2,四十六層,68,住宅大樓(11層含以上有電梯),住家用,鋼造,,685.62,0,0,0,無,無,89080000,140856,坡道平面,80.18,3800000,,RPROMLKKJIPFFCE97CB,遠雄THE ONE,
前鎮區,房地(土地+建物)+車位,高雄市前鎮區新光路B02棟48樓,16.2,商,,,1060223,土地1建物1車位2,四十八層,68,住宅大樓(11層含以上有電梯),住家用,鋼造,,685.74,0,0,0,無,無,82850000,129715,坡道平面,80.18,4300000,,RPSOMLKKJIPFFCE08CB,遠雄THE ONE,
前鎮區,房地(土地+建物)+車位,高雄市前鎮區新光路B02棟49樓,16.2,商,,,1060612,土地1建物1車位2,四十九層,68,住宅大樓(11層含以上有電梯),住家用,鋼造,,685.74,0,0,0,無,無,96880000,153214,坡道平面,80.18,4100000,,RPTOMLKKJIPFFCE18CB,遠雄THE ONE,
前鎮區,房地(土地+建物)+車位,高雄市前鎮區新光路B02棟51樓,16.2,商,,,1060425,土地1建物1車位2,五十一層,68,住宅大樓(11層含以上有電梯),住家用,鋼造,,685.74,0,0,0,無,無,97000000,153742,坡道平面,80.18,3900000,,RPUOMLKKJIPFFCE28CB,遠雄THE ONE,
前鎮區,房地(土地+建物)+車位,高雄市前鎮區新光路B02棟52樓,16.2,商,,,1060410,土地1建物1車位2,五十二層,68,住宅大樓(11層含以上有電梯),住家用,鋼造,,685.74,0,0,0,無,無,95590000,151248,坡道平面,80.18,4000000,,RPVOMLKKJIPFFCE38CB,遠雄THE ONE,
前鎮區,房地(土地+建物)+車位,高雄市前鎮區新光路B02棟54樓,16.2,商,,,1060106,土地1建物1車位2,五十四層,68,住宅大樓(11層含以上有電梯),住家用,鋼造,,685.74,0,0,0,無,無,86000000,135412,坡道平面,80.18,4000000,,RPWOMLKKJIPFFCE48CB,遠雄THE ONE,
前鎮區,房地(土地+建物)+車位,高雄市前鎮區新光路B02棟55樓,16.2,商,,,1060509,土地1建物1車位2,五十五層,68,住宅大樓(11層含以上有電梯),住家用,鋼造,,685.74,0,0,0,無,無,93290000,147450,坡道平面,80.18,4000000,,RPXOMLKKJIPFFCE58CB,遠雄THE ONE,
前鎮區,房地(土地+建物)+車位,高雄市前鎮區新光路B02棟56樓,16.2,商,,,1060410,土地1建物1車位2,五十六層,68,住宅大樓(11層含以上有電梯),住家用,鋼造,,685.74,0,0,0,無,無,100990000,160331,坡道平面,80.18,3900000,,RPOPMLKKJIPFFCE77CB,遠雄THE ONE,
