﻿編號,屋齡,建物移轉面積平方公尺,主要用途,主要建材,建築完成日期,總層數,建物分層
The serial number,room age,building shifting area square meter,the main use,main building materials,construction completes the date,total layer,building lamination
RPUNMLOKRHPFFDJ37CC,5,20.27,住宅、停車空間、樓梯間,鋼筋混凝土造,104年8月21日,四層,
RPUNMLNLRHPFFDJ37CC,5,20.19,住宅、停車空間、樓梯間,鋼筋混凝土造,104年8月21日,四層,
RPORMLRKRHPFFBJ27CC,16,41.98,商業用,鋼筋混凝土造,93年5月17日,二十一層,
RPSNMLLLRHPFFDJ96CC,5,20.75,住宅、停車空間、樓梯間,鋼筋混凝土造,104年8月21日,四層,
RPVNMLOKRHPFFDJ47CC,5,20.27,住宅、停車空間、樓梯間,鋼筋混凝土造,104年8月21日,四層,
RPSNMLOLRHPFFCJ17CC,23,85.95,住家用,鋼筋混凝土造,86年10月20日,五層,
RPRUMLRKRHPFFBJ87CC,14,91.46,住家用,鋼筋混凝土造,95年5月19日,十五層,
RPSNMLOLRHPFFCJ17CC,23,22.40,共用部分,鋼筋混凝土造,86年10月20日,五層,
RPRUMLRKRHPFFBJ87CC,14,11.25,共用部分,鋼筋混凝土造,95年5月19日,十五層,
RPXNMLSKRHPFFBJ87CC,13,148.14,住家用,鋼筋混凝土造,96年5月28日,二十三層,
RPSNMLOLRHPFFCJ17CC,23,7.48,共用部分,鋼筋混凝土造,86年10月20日,五層,
RPRUMLRKRHPFFBJ87CC,14,23.34,共用部分,鋼筋混凝土造,95年5月19日,十五層,
RPOOMLSKRHPFFBJ07CC,13,57.54,商業用,鋼筋混凝土造,96年12月4日,十三層,
RPXNMLSKRHPFFBJ87CC,13,30.52,共用部分,鋼筋混凝土造,96年5月28日,二十三層,
RPXNMLSKRHPFFBJ87CC,13,19.26,共用部分,鋼筋混凝土造,96年5月28日,二十三層,
RPOOMLSKRHPFFBJ07CC,13,9.50,共用部分,鋼筋混凝土造,96年12月4日,十三層,
RPOOMLSKRHPFFBJ07CC,13,14.34,共用部分,鋼筋混凝土造,96年12月4日,十三層,
RPQNMLSKRHPFFDJ37CC,29,105.00,住家用,加強磚造,80年6月25日,二層,
RPRNMLLLRHPFFDJ86CC,5,20.27,住宅、停車空間、樓梯間,鋼筋混凝土造,104年8月21日,四層,
RPRQMLOLRHPFFBJ37DC,22,146.11,商業用,見使用執照,87年9月22日,二層,
RPPPMLPLRHPFFBJ07CC,12,94.06,住家用,鋼筋混凝土造,97年7月23日,十三層,
RPPPMLPLRHPFFBJ07CC,12,52.53,共用部分,鋼筋混凝土造,97年7月23日,十五層,
RPPPMLPLRHPFFBJ07CC,12,20.71,共用部分,鋼筋混凝土造,97年7月23日,十三層,
RPXOMLPLRHPFFBJ77CC,10,71.14,住家用,鋼筋混凝土造,99年12月14日,十五層,
RPXOMLPLRHPFFBJ77CC,10,43.65,本共有部分之項目有防空避難室、停車空間、垃圾處理室、管理空間、廣場式開放空間、蓄水池、消防泵浦室等七項,鋼筋混凝土造,99年12月14日,十五層,
RPURMLOLRHPFFBJ67CC,16,24.84,住商用,鋼筋混凝土造,93年6月11日,十四層,
RPXOMLPLRHPFFBJ77CC,10,17.10,本共有部分之項目有梯間等一項,鋼筋混凝土造,99年12月14日,十五層,
RPURMLOLRHPFFBJ67CC,16,4.21,共用部分,鋼筋混凝土造,93年6月11日,十四層,
RPURMLOLRHPFFBJ67CC,16,7.00,共用部分,鋼筋混凝土造,93年6月11日,十四層,
RPOPMLPLRHPFFBJ96CC,12,33.11,商業用,鋼筋混凝土造,97年3月21日,十三層,
RPOPMLPLRHPFFBJ96CC,12,2.93,共用部分,鋼筋混凝土造,97年3月21日,十四層,
RPOPMLPLRHPFFBJ96CC,12,11.44,共用部分,鋼筋混凝土造,97年3月21日,十三層,
RPXPMLPLRHPFFBJ87CC,8,74.08,住家用,鋼筋混凝土造,101年10月12日,十五層,
RPXPMLPLRHPFFBJ87CC,8,53.49,本共有部分之項目有：防空避難室兼停車空間、梯間、蓄水池、消防泵浦室、開放空間、管理空間、垃圾處理室等七項,鋼筋混凝土造,101年10月12日,十五層,
RPXPMLPLRHPFFBJ87CC,8,20.64,本共有部分之項目有：梯間、機房、水箱等三項,鋼筋混凝土造,101年10月12日,十五層,
RPPPMLQLRHPFFBJ17CC,14,75.28,住家用,鋼筋混凝土造,95年5月19日,十五層,
RPPPMLQLRHPFFBJ17CC,14,10.20,共用部分,鋼筋混凝土造,95年5月19日,十五層,
RPPPMLQLRHPFFBJ17CC,14,20.28,共用部分,鋼筋混凝土造,95年5月19日,十五層,
RPWOMLPLRHPFFBJ67CC,15,92.18,住家用,鋼筋混凝土造,94年11月14日,十五層,
RPWOMLPLRHPFFBJ67CC,15,43.92,共用部分,鋼筋混凝土造,94年11月14日,十五層,
RPWOMLPLRHPFFBJ67CC,15,19.41,共用部分,鋼筋混凝土造,94年11月14日,十五層,
RPOOMLPLRHPFFDJ07CC,23,27.47,住商用,鋼筋混凝土造,87年1月2日,三層,
RPQPMLQLRHPFFBJ27CC,23,102.70,住家用,鋼筋混凝土造,86年12月9日,十二層,
RPQPMLQLRHPFFBJ27CC,23,46.79,共用部分,鋼筋混凝土造,86年12月9日,十二層,
RPQPMLQLRHPFFBJ27CC,23,12.95,共用部分,鋼筋混凝土造,86年9月12日,十二層,
RPQNMLSLRHPFFBJ27CC,44,69.48,住家用,加強磚造,65年10月28日,三層,
RPWOMLSLRHPFFBJ97CC,2,153.98,住家用,鋼筋混凝土造,107年8月10日,十五層,
RPWOMLSLRHPFFBJ97CC,2,152.60,本共有部分之項目有防空避難室兼停車空間、停車空間、機房、公共服務空間、公共設施、警衛室、管委會、中庭涼亭、梯間、機械室、水箱等十一項。,鋼筋混凝土造,107年8月10日,十五層,
RPOPMLSLRHPFFBJ27CC,15,88.37,住家用,鋼筋混凝土造,94年8月31日,十二層,
RPOPMLSLRHPFFBJ27CC,15,19.30,共用部分,鋼筋混凝土造,94年8月31日,十二層,
RPOPMLSLRHPFFBJ27CC,15,12.71,共用部分,鋼筋混凝土造,94年8月31日,十二層,
RPVOMLSLRHPFFBJ87CC,6,134.70,住家用,鋼筋混凝土造,103年10月9日,十九層,
RPVOMLSLRHPFFBJ87CC,6,126.19,本共有部分之項目有防空避難室兼停車空間、店舖、廣場式頂蓋型開放空間、梯間、水箱、機械室等六項,鋼筋混凝土造,103年10月9日,十九層,
RPROMLSLRHPFFDJ67CC,5,20.75,住宅、停車空間、樓梯間,鋼筋混凝土造,104年8月21日,四層,
RPUOMLSLRHPFFDJ97CC,4,82.24,集合住宅,鋼筋混凝土造,105年12月6日,五層,
RPUOMLSLRHPFFDJ97CC,4,22.15,本共有部分之項目有梯間、水箱、機械室等三項,鋼筋混凝土造,105年12月6日,五層,
RPUOMLSLRHPFFDJ97CC,4,18.57,停車空間,鋼筋混凝土造,105年12月6日,五層,
RPVNMLSLRHPFFDJ97CC,28,95.25,住家用,鋼筋混凝土造,81年9月2日,五層,
RPVNMLSLRHPFFDJ97CC,28,13.10,梯間,鋼筋混凝土造,81年9月2日,五層,
RPWOMLTLRHPFFDJ28CC,5,20.27,住宅、停車空間、樓梯間,鋼筋混凝土造,104年8月21日,四層,
RPVOMLSLRHPFFDJ08CC,1,83.49,集合住宅,鋼筋混凝土造,108年12月24日,十五層,
RPVOMLSLRHPFFDJ08CC,1,3.34,共用部分,鋼筋混凝土造,108年12月24日,十五層,
RPRPMLKMRHPFFBJ86CC,27,176.88,住家用,鋼筋混凝土造,82年10月23日,四層,
RPVOMLSLRHPFFDJ08CC,1,20.26,共用部分,鋼筋混凝土造,108年12月24日,十五層,
RPRPMLKMRHPFFBJ86CC,27,14.85,共有部分,鋼筋混凝土造,82年10月23日,四層,
RPVOMLSLRHPFFDJ08CC,1,13.55,共用部分,鋼筋混凝土造,108年12月24日,十五層,
RPPNMLNJIIPFFBJ28CC,17,21.51,商業用,鋼筋混凝土造,93年3月9日,十層,
RPPNMLNJIIPFFBJ28CC,17,3.60,商業用,鋼筋混凝土造,93年3月9日,十層,
RPPNMLNJIIPFFBJ28CC,17,6.99,共用部分,鋼筋混凝土造,93年3月9日,十層,
RPPNMLNJIIPFFBJ28CC,17,3.42,共用部分,鋼筋混凝土造,93年3月9日,十層,
RPVNMLPJIIPFFDJ66CC,4,60.18,集合住宅,鋼筋混凝土造,105年12月6日,五層,
RPVNMLPJIIPFFDJ66CC,4,16.21,本共有部分之項目有梯間、水箱、機械室等三項,鋼筋混凝土造,105年12月6日,五層,
RPVNMLPJIIPFFDJ66CC,4,15.22,停車空間,鋼筋混凝土造,105年12月6日,五層,
RPUNMLPJIIPFFDJ56CC,5,20.75,住宅、停車空間、樓梯間,鋼筋混凝土造,104年8月21日,四層,
RPPNMLMJIIPFFBJ18CC,11,77.66,商業用,鋼筋混凝土造,98年9月21日,十層,
RPPNMLMJIIPFFBJ18CC,11,102.07,共用部分,鋼筋混凝土造,98年9月21日,十層,
RPPPMLRJIIPFFBJ88CC,12,41.67,商業用,鋼筋混凝土造,97年3月21日,十三層,
RPPPMLRJIIPFFBJ88CC,12,2.66,共用部分,鋼筋混凝土造,97年3月21日,十四層,
RPPPMLRJIIPFFBJ88CC,12,14.37,共用部分,鋼筋混凝土造,97年3月21日,十三層,
RPRNMLPJIIPFFDJ88CC,1,70.93,集合住宅,鋼筋混凝土造,108年10月16日,十一層,
RPQPMLRJIIPFFBJ98CC,11,63.79,商業用,鋼筋混凝土造,99年2月8日,十八層,
RPRNMLPJIIPFFDJ88CC,1,25.29,共用部分,鋼筋混凝土造,108年10月16日,十一層,
RPQPMLRJIIPFFBJ98CC,11,54.71,共用部分,鋼筋混凝土造,99年2月8日,十八層,
RPSPMLRJIIPFFBJ56CC,11,95.94,商業用,鋼筋混凝土造,99年1月6日,二十層,
RPSPMLRJIIPFFBJ56CC,11,28.48,共用部分,鋼筋混凝土造,99年1月6日,二十層,
RPSPMLRJIIPFFBJ56CC,11,5.53,共用部分,鋼筋混凝土造,99年1月6日,二十層,
RPSPMLRJIIPFFBJ56CC,11,11.49,共用部分,鋼筋混凝土造,99年1月6日,二十三層,
RPTPMLRJIIPFFBJ66CC,11,109.98,住家用,鋼筋混凝土造,99年1月18日,四層,
RPTPMLRJIIPFFBJ66CC,11,43.02,共用部分,鋼筋混凝土造,99年1月18日,四層,
RPTPMLRJIIPFFBJ66CC,11,10.13,共用部分,鋼筋混凝土造,99年1月18日,四層,
RPVPMLRJIIPFFBJ86CC,13,206.43,商業用,鋼筋混凝土造,96年12月4日,十三層,
RPVPMLRJIIPFFBJ86CC,13,34.26,共用部分,鋼筋混凝土造,96年12月4日,十三層,
RPVPMLRJIIPFFBJ86CC,13,51.44,共用部分,鋼筋混凝土造,96年12月4日,十三層,
RPXNMLNKIIPFFDJ76CC,5,20.27,住宅、停車空間、樓梯間,鋼筋混凝土造,104年8月21日,四層,
RPXPMLRJIIPFFBJ07CC,13,206.43,商業用,鋼筋混凝土造,96年12月4日,十三層,
RPXPMLRJIIPFFBJ07CC,13,34.26,共用部分,鋼筋混凝土造,96年12月4日,十三層,
RPXPMLRJIIPFFBJ07CC,13,51.44,共用部分,鋼筋混凝土造,96年12月4日,十三層,
RPWNMLPKIIPFFBJ66CC,15,50.54,商業用,鋼筋混凝土造,94年11月14日,十五層,
RPWNMLPKIIPFFBJ66CC,15,38.74,共用部分,鋼筋混凝土造,94年11月14日,十五層,
RPWNMLPKIIPFFBJ66CC,15,10.63,共用部分,鋼筋混凝土造,94年11月14日,十五層,
RPRQMLNKIIPFFBJ88CC,24,28.12,住家用,鋼筋混凝土造,85年7月3日,十三層,
RPRQMLNKIIPFFBJ88CC,24,2.62,共用部分,鋼筋混凝土造,85年7月3日,十三層,
RPRQMLNKIIPFFBJ88CC,24,6.66,共用部分,鋼筋混凝土造,85年7月3日,十三層,
RPUQMLPKIIPFFBJ76CC,1,185.20,住家用,鋼筋混凝土造,108年10月5日,五層,
RPUQMLPKIIPFFBJ76CC,1,82.18,本共有部分之項目停車空間、樓梯間等二項。,鋼筋混凝土造,108年10月5日,五層,
RPOPMLPKIIPFFBJ68CC,1,85.52,住家用,鋼筋混凝土造,108年12月16日,十四層,
RPOPMLPKIIPFFBJ68CC,1,44.90,本共有部分之項目有停車空間、消防機房、水箱、污水機房、排煙室、梯廳、發電機房、電信室、台電配電室、管委會使用空間、垃圾室、車道等十二項。,鋼筋混凝土造,108年12月16日,十四層,
RPOPMLPKIIPFFBJ68CC,1,16.69,本共有部分之項目有排煙室、梯廳、水錶箱室、水箱、機械室、樓梯間等六項。,鋼筋混凝土造,108年12月16日,十四層,
RPROMLTKIIPFFDJ96DC,5,20.75,住宅、停車空間、樓梯間,鋼筋混凝土造,104年8月21日,四層,
RPWNMLTKIIPFFDJ27CC,16,1000.00,工廠．避難室．停車空間．機電空間,鋼筋混凝土造,93年10月30日,五層,
RPOPMLMLIIPFFDJ68CC,5,20.75,住宅、停車空間、樓梯間,鋼筋混凝土造,104年8月21日,四層,
RPVNMLNLIIPFFDJ66CC,5,20.27,住宅、停車空間、樓梯間,鋼筋混凝土造,104年8月21日,四層,
RPXPMLKLIIPFFBJ56CC,12,61.12,住家用,鋼筋混凝土造,97年9月27日,十四層,
RPXPMLKLIIPFFBJ56CC,12,18.35,共用部分,鋼筋混凝土造,97年9月27日,十四層,
RPXPMLKLIIPFFBJ56CC,12,25.77,共用部分,鋼筋混凝土造,97年9月27日,十四層,
RPXPMLKLIIPFFBJ56CC,12,.04,管理室,鋼筋混凝土造,97年9月27日,十四層,
RPVNMLNLIIPFFBJ56DC,16,111.25,住家用,鋼筋混凝土造,93年5月24日,十四層,
RPVNMLNLIIPFFBJ56DC,16,12.08,共用部分,鋼筋混凝土造,93年5月24日,十四層,
RPVNMLNLIIPFFBJ56DC,16,69.02,共用部分,鋼筋混凝土造,93年5月24日,十四層,
RPQOMLMLIIPFFBJ58CC,11,160.90,住家用,鋼筋混凝土造,99年2月1日,十二層,
RPQOMLMLIIPFFBJ58CC,11,22.77,本共有部分之項目有防空避難室、停車空間等二項。,鋼筋混凝土造,99年2月1日,十二層,
RPQOMLMLIIPFFBJ58CC,11,34.35,本共有部分之項目有停車空間、樓梯間、機械室、水箱等四項。,鋼筋混凝土造,99年2月1日,十二層,
RPXNMLNLIIPFFBJ66CC,2,61.56,住家用,鋼筋混凝土造,107年11月30日,十四層,
RPXNMLNLIIPFFBJ66CC,2,26.32,本共有部分之項目有停車空間、防空避難室兼停車空間、開放空間、公共服務空間、管理空間、梯間、水箱、機械室等八項。,鋼筋混凝土造,107年11月30日,十四層,
RPUOMLNLIIPFFBJ09CC,13,27.37,商業用,鋼筋混凝土造,97年3月10日,十層,
RPUOMLNLIIPFFBJ09CC,13,11.33,共用部分,鋼筋混凝土造,97年3月10日,十層,
RPTOMLNLIIPFFBJ98CC,1,303.35,住家用,鋼筋混凝土造,109年3月31日,四層,
RPOPMLNLIIPFFBJ58CC,8,99.73,住商用,鋼筋混凝土造,102年1月22日,三層,
RPVOMLNLIIPFFBJ56CC,11,97.52,住家用,鋼筋混凝土造,99年1月18日,四層,
RPVNMLRLIIPFFBJ86CC,14,141.81,商業用,鋼筋混凝土造,96年1月5日,五層,
RPVNMLRLIIPFFBJ86CC,14,31.80,共用部分,鋼筋混凝土造,96年1月5日,五層,
RPOOMLQLIIPFFDJ09DC,1,169.68,集合住宅,鋼筋混凝土造,109年1月22日,十二層,
RPPNMLPLIIPFFDJ98DC,1,169.68,集合住宅,鋼筋混凝土造,109年1月22日,十二層,
RPSOMLRLIIPFFDJ86CC,5,20.27,住宅、停車空間、樓梯間,鋼筋混凝土造,104年8月21日,四層,
RPPPMLSLIIPFFBJ56CC,24,54.25,住家用,鋼筋混凝土造,85年8月21日,九層,
RPPPMLSLIIPFFBJ56CC,24,37.02,共用部分,鋼筋混凝土造,85年8月21日,十層,
RPPPMLSLIIPFFBJ56CC,24,8.01,共用部分,鋼筋混凝土造,85年8月21日,九層,
RPPOMLSLIIPFFDJ66CC,,97.20,住家用,加強磚造,,二層,
RPUNMLMJJIPFFDJ98CC,20,109.28,住家用,鋼筋混凝土造,89年11月23日,五層,
RPUNMLMJJIPFFDJ98CC,20,17.22,梯間,鋼筋混凝土造,89年11月23日,五層,
RPUNMLMJJIPFFDJ98CC,20,2.84,停車空間,鋼筋混凝土造,89年11月23日,五層,
RPWPMLSLIIPFFBJ27CC,1,66.01,住家用,鋼筋混凝土造,108年4月16日,二十四層,
RPWPMLSLIIPFFBJ27CC,1,43.05,本共有部分之項目有停車空間、防空避難室兼停車空間、管委會空間、防災空間等四項。,鋼筋混凝土造,108年4月16日,二十四層,
RPWPMLSLIIPFFBJ27CC,1,14.78,本共有部分之項目有梯間、機房、水箱等三項。,鋼筋混凝土造,108年4月16日,二十四層,
RPUNMLSLIIPFFDJ17DC,3,64.41,集合住宅,鋼筋混凝土造,107年2月13日,七層,
RPQOMLMJJIPFFDJ68CC,6,126.60,住家用,鋼筋混凝土造,103年6月16日,三層,
RPVNMLSLIIPFFDJ27DC,3,64.41,集合住宅,鋼筋混凝土造,107年2月13日,七層,
RPVNMLMJJIPFFDJ09CC,13,202.51,集合住宅、停車空間、樓梯間,鋼筋混凝土造,96年9月30日,四層,
RPXOMLTLIIPFFDJ57CC,5,46.72,住宅、停車空間、樓梯間,鋼筋混凝土造,104年8月21日,四層,
RPWSMLMJJIPFFBJ86CC,13,144.64,住家用,鋼筋混凝土造,96年7月31日,二十三層,
RPWSMLMJJIPFFBJ86CC,13,.03,管理員室,鋼筋混凝土造,96年7月31日,二十三層,
RPWSMLMJJIPFFBJ86CC,13,33.64,共用部分,鋼筋混凝土造,96年7月31日,二十三層,
RPWSMLMJJIPFFBJ86CC,13,52.41,共用部分,鋼筋混凝土造,96年7月31日,二十三層,
RPQPMLNJJIPFFBJ68CC,18,91.88,住家用,鋼筋混凝土造,92年3月21日,十層,
RPQPMLNJJIPFFBJ68CC,18,13.56,共用部分,鋼筋混凝土造,92年3月21日,十層,
RPQPMLNJJIPFFBJ68CC,18,22.27,共用部分,鋼筋混凝土造,92年3月21日,十層,
RPVPMLNJJIPFFBJ56CC,8,123.02,住家用,鋼筋混凝土造,101年8月27日,十五層,
RPXPMLNJJIPFFBJ76CC,10,66.96,住家用,鋼筋混凝土造,99年12月14日,十五層,
RPVPMLNJJIPFFBJ56CC,8,91.79,本共有部分之項目有停車空間、防空避難室等二項。,鋼筋混凝土造,101年8月27日,十五層,
RPXPMLNJJIPFFBJ76CC,10,43.39,本共有部分之項目有防空避難室、停車空間、垃圾處理室、管理空間、廣場式開放空間、蓄水池、消防泵浦室等七項,鋼筋混凝土造,99年12月14日,十五層,
RPVPMLNJJIPFFBJ56CC,8,21.37,本共有部分之項目有樓梯間、機械室、水箱等三項。,鋼筋混凝土造,101年8月27日,十五層,
RPXPMLNJJIPFFBJ76CC,10,16.31,本共有部分之項目有梯間等一項,鋼筋混凝土造,99年12月14日,十五層,
RPXPMLMJJIPFFBJ66CC,24,113.98,住商用,鋼筋混凝土造,85年12月9日,九層,
RPXPMLMJJIPFFBJ66CC,24,39.98,共有部分,鋼筋混凝土造,85年12月9日,九層,
RPXPMLMJJIPFFBJ66CC,24,29.22,共有部分,鋼筋混凝土造,85年12月9日,九層,
RPWPMLNJJIPFFBJ66CC,3,104.81,住家用,鋼筋混凝土造,107年4月18日,二十九層,
RPWPMLNJJIPFFBJ66CC,3,78.12,本共有部分之項目有防空避難室兼停車空間、停車空間、中繼機房、防災中心、台電配電場所、管委會空間、開放空間、集中式垃圾貯存空間、樓梯間、機械室、水箱等十一項。,鋼筋混凝土造,107年4月18日,二十九層,
RPPQMLNJJIPFFBJ68CC,15,88.37,住家用,鋼筋混凝土造,94年8月31日,十二層,
RPPQMLNJJIPFFBJ68CC,15,19.30,共用部分,鋼筋混凝土造,94年8月31日,十二層,
RPPQMLNJJIPFFBJ68CC,15,12.71,共用部分,鋼筋混凝土造,94年8月31日,十二層,
RPUPMLNJJIPFFBJ09CC,16,77.95,住家用,鋼筋混凝土造,93年7月5日,十三層,
RPUPMLNJJIPFFBJ09CC,16,12.60,共用部分,鋼筋混凝土造,93年7月5日,十三層,
RPUPMLNJJIPFFBJ09CC,16,12.91,共用部分,鋼筋混凝土造,93年7月5日,十三層,
RPRQMLNJJIPFFBJ88CC,2,66.01,住家用,鋼筋混凝土造,108年4月16日,二十四層,
RPRQMLNJJIPFFBJ88CC,2,44.25,本共有部分之項目有停車空間、防空避難室兼停車空間、管委會空間、防災空間等四項。,鋼筋混凝土造,108年4月16日,二十四層,
RPRQMLNJJIPFFBJ88CC,2,14.78,本共有部分之項目有梯間、機房、水箱等三項。,鋼筋混凝土造,108年4月16日,二十四層,
RPQQMLNJJIPFFBJ78CC,17,106.71,住家用,鋼筋混凝土造,93年1月13日,十層,
RPQQMLNJJIPFFBJ78CC,17,14.67,共用部分,鋼筋混凝土造,93年1月13日,十層,
RPQQMLNJJIPFFBJ78CC,17,24.44,共用部分,鋼筋混凝土造,93年1月13日,十層,
RPXNMLNJJIPFFDJ76CC,5,20.19,住宅、停車空間、樓梯間,鋼筋混凝土造,104年8月21日,四層,
RPROMLNJJIPFFDJ88CC,5,20.27,住宅、停車空間、樓梯間,鋼筋混凝土造,104年8月21日,四層,
RPVOMLNJJIPFFDJ66CC,5,20.75,住宅、停車空間、樓梯間,鋼筋混凝土造,104年8月21日,四層,
RPUOMLNJJIPFFDJ56CC,5,20.75,住宅、停車空間、樓梯間,鋼筋混凝土造,104年8月21日,四層,
RPVOMLPJJIPFFDJ86CC,27,79.89,住家用,鋼筋混凝土造,82年11月3日,七層,
RPVOMLPJJIPFFDJ86CC,27,12.22,共用部分,鋼筋混凝土造,82年11月3日,七層,
RPVOMLPJJIPFFDJ86CC,27,12.09,共用部分,鋼筋混凝土造,82年11月3日,七層,
RPXNMLQJJIPFFDJ07CC,5,20.19,住宅、停車空間、樓梯間,鋼筋混凝土造,104年8月21日,四層,
RPWOMLNJJIPFFDJ76CC,5,20.19,住宅、停車空間、樓梯間,鋼筋混凝土造,104年8月21日,四層,
RPWNMLPJJIPFFDJ86CC,14,23.81,住家用,鋼筋混凝土造,95年6月15日,五層,
RPWNMLPJJIPFFDJ86CC,14,7.43,見其他登記事項,鋼筋混凝土造,95年6月15日,五層,
RPXOMLNJJIPFFDJ86CC,5,20.27,住宅、停車空間、樓梯間,鋼筋混凝土造,104年8月21日,四層,
RPTNMLQJJIPFFDJ66CC,5,20.75,住宅、停車空間、樓梯間,鋼筋混凝土造,104年8月21日,四層,
RPQSMLQJJIPFFBJ66CC,5,149.07,商業用,鋼骨鋼筋混凝土造,104年7月31日,三十二層,
RPQSMLQJJIPFFBJ66CC,5,64.09,本共有部分之項目有防空避難室兼停車空間、台電配電室、防災中心、緊急昇降機、昇降機、特別安全梯、排煙室、水箱、揚水泵機房、大廳、開放空間、前廊、管理室、垃圾處理室、汙水機房、消防機房、社區交誼廳、社區公共服務空間、水錶室、樓梯間等二十項。,鋼骨鋼筋混凝土造,104年7月31日,三十二層,
RPTVMLTJJIPFFBJ57CC,25,80.61,住家用,鋼筋混凝土造,84年6月29日,五層,
RPTVMLTJJIPFFBJ57CC,25,12.67,共用部分,鋼筋混凝土造,84年6月29日,五層,
RPSSMLQJJIPFFBJ86CC,12,111.29,住商用,鋼筋混凝土造,97年6月27日,十四層,
RPSSMLQJJIPFFBJ86CC,12,25.74,共用部分,鋼筋混凝土造,97年6月27日,十四層,
RPSSMLQJJIPFFBJ86CC,12,22.52,共用部分,鋼筋混凝土造,97年6月27日,14,
RPQOMLKKJIPFFDJ58CC,5,20.27,住宅、停車空間、樓梯間,鋼筋混凝土造,104年8月21日,四層,
RPRRMLKKJIPFFBJ78CC,,160.00,住家用,加強磚造,,二層,
RPOPMLMKJIPFFDJ68CC,27,85.28,住家用,鋼筋混凝土造,82年11月3日,七層,
RPOPMLMKJIPFFDJ68CC,27,12.98,共用部分,鋼筋混凝土造,82年11月3日,七層,
RPOPMLMKJIPFFDJ68CC,27,12.86,共用部分,鋼筋混凝土造,82年11月3日,七層,
RPSOMLKKJIPFFDJ78CC,5,20.75,住宅、停車空間、樓梯間,鋼筋混凝土造,104年8月21日,四層,
RPTOMLKKJIPFFDJ88CC,5,49.60,住宅、停車空間、樓梯間,鋼筋混凝土造,104年8月21日,四層,
RPWOMLKKJIPFFDJ56CC,5,78.58,住家用,鋼筋混凝土造,104年9月10日,八層,
RPWOMLKKJIPFFDJ56CC,5,18.08,管委會、樓梯間、機械室、水箱,鋼筋混凝土造,104年9月10日,八層,
RPWOMLKKJIPFFDJ56CC,5,4.58,停車空間,鋼筋混凝土造,104年9月10日,八層,
RPVPMLNKJIPFFBJ66CC,12,64.58,商業用,鋼筋混凝土造,97年8月26日,七層,
RPVPMLNKJIPFFBJ66CC,12,77.00,共用部分,鋼筋混凝土造,97年8月26日,七層,
RPQOMLNKJIPFFDJ88CC,2,83.21,集合住宅,鋼筋混凝土造,108年3月8日,五層,
RPQOMLNKJIPFFDJ88CC,2,20.67,本共有部分之項目有停車空間、梯廳、電信室、安全梯等四項,鋼筋混凝土造,108年3月8日,五層,
RPXPMLSKJIPFFBJ37CC,6,99.09,住家用,鋼筋混凝土造,103年7月28日,二十四層,
RPXPMLSKJIPFFBJ37CC,6,.02,管理室,鋼筋混凝土造,103年7月28日,二十四層,
RPXPMLSKJIPFFBJ37CC,6,54.55,本共有部分之項目有防空避難室兼停車空間、台電配電室、開放空間、門廳、社區服務空間等五項。,鋼筋混凝土造,103年7月28日,二十四層,
RPXPMLSKJIPFFBJ37CC,6,21.36,本共有部分之項目有梯間、機械室、中繼機房、水塔等四項。,鋼筋混凝土造,103年7月28日,二十四層,
RPSPMLSKJIPFFDJ07CC,5,20.27,住宅、停車空間、樓梯間,鋼筋混凝土造,104年8月21日,四層,
RPVNMLTKJIPFFDJ27CC,28,95.25,住家用,鋼筋混凝土造,81年9月2日,五層,
RPVNMLTKJIPFFDJ27CC,28,13.10,梯間,鋼筋混凝土造,81年9月2日,五層,
RPOOMLTKJIPFFDJ66CC,21,81.52,住家用,鋼筋混凝土造,88年9月10日,五層,
RPOOMLTKJIPFFDJ66CC,21,6.87,梯間,鋼筋混凝土造,88年9月10日,五層,
RPXPMLNKJIPFFBJ86CC,11,98.48,商業用,鋼筋混凝土造,99年2月8日,十八層,
RPXPMLNKJIPFFBJ86CC,11,92.99,共用部分,鋼筋混凝土造,99年2月8日,十八層,
RPPOMLTKJIPFFBJ56CC,12,122.24,商業用,鋼筋混凝土造,97年8月26日,七層,
RPPOMLTKJIPFFBJ56CC,12,91.22,共用部分,鋼筋混凝土造,97年8月26日,七層,
RPRPMLRKJIPFFBJ66CC,27,101.35,住家用,鋼筋混凝土造,82年7月16日,五層,
RPRPMLRKJIPFFBJ66CC,27,11.19,共用部分,鋼筋混凝土造,82年7月16日,五層,
RPRPMLRKJIPFFBJ66CC,27,31.21,共用部分,鋼筋混凝土造,82年7月16日,五層,
RPRNMLKLJIPFFDJ68CC,5,20.27,住宅、停車空間、樓梯間,鋼筋混凝土造,104年8月21日,四層,
RPROMLTKJIPFFBJ76CC,9,161.06,住商用,鋼筋混凝土造,101年3月28日,二十四層,
RPROMLTKJIPFFBJ76CC,9,35.39,本共有部分之項目有防空避難室，停車空間，開放空間，垃圾集中場，社區公共服務空間等五項。,鋼筋混凝土造,101年3月28日,二十四層,
RPXNMLKLJIPFFCJ56CC,6,34.73,店舖、住宅、停車空間、樓梯間,鋼筋混凝土造,104年1月20日,四層,
RPUQMLTKJIPFFBJ27CC,27,80.32,住商用,鋼筋混凝土造,83年2月8日,九層,
RPUQMLTKJIPFFBJ27CC,27,90.28,住商用,鋼筋混凝土造,83年2月8日,九層,
RPUQMLTKJIPFFBJ27CC,27,9.39,共用部分,鋼筋混凝土造,83年2月8日,九層,
RPUQMLTKJIPFFBJ27CC,27,6.10,共用部分,鋼筋混凝土造,83年2月8日,九層,
RPQOMLOLJIPFFCJ98CC,22,200.70,住家用,鋼筋混凝土造,88年1月18日,四層,
RPOSMLOLJIPFFBJ09CC,24,54.25,住家用,鋼筋混凝土造,85年8月21日,九層,
RPOSMLOLJIPFFBJ09CC,24,37.02,共用部分,鋼筋混凝土造,85年8月21日,十層,
RPOSMLOLJIPFFBJ09CC,24,7.84,共用部分,鋼筋混凝土造,85年8月21日,九層,
RPXNMLPLJIPFFBJ96CC,25,88.20,住家用,鋼筋混凝土造,85年1月24日,七層,
RPXNMLPLJIPFFBJ96CC,25,27.17,共用部分,鋼筋混凝土造,85年1月24日,七層,
RPSRMLKLJIPFFBJ98CC,13,118.85,住家用,鋼筋混凝土造,96年12月7日,十四層,
RPSRMLKLJIPFFBJ98CC,13,20.62,共用部分,鋼筋混凝土造,96年12月7日,十四層,
RPSRMLKLJIPFFBJ98CC,13,29.64,共用部分,鋼筋混凝土造,96年12月7日,十四層,
RPOQMLQLJIPFFBJ09CC,13,111.31,住家用,鋼筋混凝土造,96年6月15日,十二層,
RPOQMLQLJIPFFBJ09CC,13,18.61,共用部分,鋼筋混凝土造,96年6月15日,十二層,
RPOQMLQLJIPFFBJ09CC,13,57.22,共用部分,鋼筋混凝土造,96年6月15日,十二層,
RPUPMLQLJIPFFBJ96CC,12,87.37,住家用,鋼筋混凝土造,98年5月4日,十五層,
RPUPMLQLJIPFFBJ96CC,12,7.71,共用部分,鋼筋混凝土造,98年5月4日,十五層,
RPUPMLQLJIPFFBJ96CC,12,27.47,共用部分,鋼筋混凝土造,98年5月4日,十五層,
RPRSMLOLJIPFFBJ76CC,12,55.78,住家用,鋼筋混凝土造,97年6月27日,十四層,
RPRSMLOLJIPFFBJ76CC,12,12.87,共用部分,鋼筋混凝土造,97年6月27日,十四層,
RPRSMLOLJIPFFBJ76CC,12,11.28,共用部分,鋼筋混凝土造,97年6月27日,14,
RPWNMLPLJIPFFBJ86CC,14,122.38,住家用,鋼筋混凝土造,95年5月19日,十五層,
RPWNMLPLJIPFFBJ86CC,14,17.78,共用部分,鋼筋混凝土造,95年5月19日,十五層,
RPWNMLPLJIPFFBJ86CC,14,32.45,共用部分,鋼筋混凝土造,95年5月19日,十五層,
RPQNMLQLJIPFFDJ56CC,5,20.19,住宅、停車空間、樓梯間,鋼筋混凝土造,104年8月21日,四層,
RPUNMLQLJIPFFDJ96CC,12,62.70,托兒所,鋼筋混凝土造,98年2月5日,三層,
RPTNMLRLJIPFFDJ96CC,14,21.39,住家用,鋼筋混凝土造,95年6月15日,五層,
RPTNMLRLJIPFFDJ96CC,14,6.81,見其他登記事項,鋼筋混凝土造,95年6月15日,五層,
RPOOMLPLJIPFFBJ78CC,1,98.59,住家用,鋼筋混凝土造,109年2月21日,二十九層,
RPOOMLPLJIPFFBJ78CC,1,24.05,本共有部分之項目有停車空間、機房、消防機房、汙水機房、梯廳、梯間、排煙室、水箱、機械室、中繼機房、防空避難室兼停車空間、台電配電室、發電機房、安全梯、電信機房、社區中心、防災中心、前廊、門廊、污水處理室、特別安全梯、頂蓋型開放空間、社區游泳池等二十三項。,鋼筋混凝土造,109年2月21日,二十九層,
RPOOMLPLJIPFFBJ78CC,1,24.16,本共有部分之項目有梯廳、特別安全梯、排煙室、梯間、機械室、中繼機房、水箱等七項。,鋼筋混凝土造,109年2月21日,二十九層,
RPXPMLQLJIPFFBJ27CC,18,85.44,住家用,鋼筋混凝土造,92年2月27日,十層,
RPXPMLQLJIPFFBJ27CC,18,14.00,共用部分,鋼筋混凝土造,92年2月27日,十層,
RPXPMLQLJIPFFBJ27CC,18,11.80,共用部分,鋼筋混凝土造,92年2月27日,十層,
RPPPMLRLJIPFFBJ56CC,6,198.96,店舖,鋼筋混凝土造,103年9月24日,二十三層,
RPPPMLRLJIPFFBJ56CC,6,16.55,本共有部分之項目有前廊、管理員室、管委會使用空間、機電空間，機械室、水箱等六項。,鋼筋混凝土造,103年9月24日,二十三層,
RPPPMLRLJIPFFBJ56CC,6,24.32,本共有部分之項目有防空避難室、停車空間、前廊、管委會空間、防災中心、管理員室等六項。,鋼筋混凝土造,103年9月24日,二十三層,
RPQQMLQLJIPFFBJ66CC,16,50.50,住家用,鋼筋混凝土造,93年6月11日,十四層,
RPQQMLQLJIPFFBJ66CC,16,8.50,共用部分,鋼筋混凝土造,93年6月11日,十四層,
RPQQMLQLJIPFFBJ66CC,16,14.23,共用部分,鋼筋混凝土造,93年6月11日,十四層,
RPXOMLLJKIPFFBJ56CC,15,141.00,住家用,鋼筋混凝土造,95年5月19日,十五層,
RPXOMLLJKIPFFBJ56CC,15,18.61,共用部分,鋼筋混凝土造,95年5月19日,十五層,
RPXOMLLJKIPFFBJ56CC,15,38.54,共用部分,鋼筋混凝土造,95年5月19日,十五層,
RPVNMLRJKIPFFBJ86CC,3,420.36,辦公室,鋼筋混凝土造,106年8月31日,四層,
RPVNMLRJKIPFFBJ86CC,3,84.21,本共有部分之項目有受電室、機械室、樓梯間、水箱等四項,鋼筋混凝土造,106年8月31日,四層,
RPXNMLRJKIPFFBJ07CC,15,84.62,商業用,鋼筋混凝土造,94年11月14日,十五層,
RPXNMLRJKIPFFBJ07CC,15,47.24,共用部分,鋼筋混凝土造,94年11月14日,十五層,
RPOOMLRJKIPFFBJ88CC,4,296.13,工業用,鋼筋混凝土造,105年12月1日,十層,
RPOOMLRJKIPFFBJ88CC,4,78.83,本共有部分之項目有樓梯間等一項。,鋼筋混凝土造,105年12月1日,十層,
RPOOMLRJKIPFFBJ88CC,4,14.84,本共有部分之項目有機房等一項。,鋼筋混凝土造,105年12月1日,十層,
RPOOMLRJKIPFFBJ88CC,4,123.61,本共有部分之項目有停車空間、防空避難室兼停車空間等二項。,鋼筋混凝土造,105年12月1日,十層,
RPPOMLRJKIPFFBJ98CC,11,113.88,住家用,鋼筋混凝土造,99年1月6日,二十三層,
RPPOMLRJKIPFFBJ98CC,11,120.58,共用部分,鋼筋混凝土造,99年2月8日,十八層,
RPVPMLRJKIPFFDJ27CC,5,20.27,住宅、停車空間、樓梯間,鋼筋混凝土造,104年8月21日,四層,
RPSPMLRJKIPFFDJ96CC,5,20.27,住宅、停車空間、樓梯間,鋼筋混凝土造,104年8月21日,四層,
RPQPMLNJKIPFFBJ78CC,10,100.44,住家用,鋼筋混凝土造,100年1月28日,十四層,
RPQPMLNJKIPFFBJ78CC,10,26.75,本共有部分之項目有車道、資源回收室、管理員室、公共服務空間、開放空間、梯間、機械室、水箱等八項。,鋼筋混凝土造,100年1月28日,十四層,
RPQPMLNJKIPFFBJ78CC,10,49.05,本共有部分之項目有停車空間、防空避難室等二項。,鋼筋混凝土造,100年1月28日,十四層,
RPUPMLRJKIPFFDJ17CC,5,20.27,住宅、停車空間、樓梯間,鋼筋混凝土造,104年8月21日,四層,
RPVNMLSJKIPFFBJ96CC,14,463.38,工業用,鋼筋混凝土造,96年3月2日,三層,
RPWNMLRJKIPFFBJ96CC,21,302.34,商業用,鋼筋混凝土造,89年4月1日,十層,
RPWNMLRJKIPFFBJ96CC,21,99.74,共用部分,鋼筋混凝土造,89年4月1日,十層,
RPWNMLRJKIPFFBJ96CC,21,55.25,共用部分,鋼筋混凝土造,89年4月1日,十層,
RPTPMLRJKIPFFDJ07CC,5,20.27,住宅、停車空間、樓梯間,鋼筋混凝土造,104年8月21日,四層,
RPOOMLTJKIPFFDJ66CC,1,47.26,集合住宅,鋼筋混凝土造,108年12月19日,四層,
RPXRMLSJKIPFFCJ67CC,1,126.18,集合住宅,鋼筋混凝土造,109年1月13日,十五層,
RPWNMLKKKIPFFBJ98CC,24,251.26,住商用,鋼筋混凝土造,85年12月28日,四層,
RPTPMLKKKIPFFBJ88CC,2,177.57,店舖,鋼筋混凝土造,107年11月29日,六層,
RPTPMLKKKIPFFBJ88CC,2,110.05,本共有部分之項目有防空避難室、停車空間、樓梯間、機房、水箱等５項。,鋼筋混凝土造,107年11月29日,六層,
RPRPMLTJKIPFFBJ96DC,7,166.26,住家用,鋼骨造,103年5月9日,二層,
RPRPMLTJKIPFFBJ96DC,7,14.12,本共有部分之項目有樓梯間等一項,鋼骨造,103年5月9日,二層,
