﻿編號,屋齡,建物移轉面積平方公尺,主要用途,主要建材,建築完成日期,總層數,建物分層
The serial number,room age,building shifting area square meter,the main use,main building materials,construction completes the date,total layer,building lamination
RPQNMLOJJIPFFAW07DA,22,86.93,住家用,鋼筋混凝土造,88年3月10日,五層,三層 陽台
RPQNMLOJJIPFFAW07DA,22,9.74,公共設施,鋼筋混凝土造,88年3月10日,五層,
RPQNMLRKJIPFFAW47DA,7,88.75,集合住宅,鋼筋混凝土造,102年10月25日,三層,一層 陽台
RPQNMLRKJIPFFAW47DA,7,5.32,共有部分：本共有部分之項目有樓梯間一項。,鋼筋混凝土造,102年10月25日,三層,
RPPNMLPJJIPFFAW07DA,,78.22,集合住宅,鋼筋混凝土造,109年6月23日,三層,二層 陽台
RPPNMLPJJIPFFAW07DA,,10.62,集合住宅、本共有部分有樓梯間及水箱等２項。,鋼筋混凝土造,109年6月23日,三層,
RPRNMLMJJIPFFAW96DA,5,171.82,住家用,鋼筋混凝土造,104年9月18日,三層,一層 二層 三層 屋頂突出物
RPPNMLRKJIPFFAW37DA,11,33.16,集合住宅,鋼筋混凝土造,98年5月20日,四層,三層 陽台 雨遮
RPPNMLRKJIPFFAW37DA,11,8.59,樓梯間、機械室,鋼筋混凝土造,98年5月20日,四層,
RPQNMLNLJIPFFAW17DA,1,71.26,集合住宅,鋼筋混凝土造,108年10月2日,四層,二層 陽台
RPQNMLNLJIPFFAW17DA,1,18.87,共有部分：本共有部分之項目有樓梯間、電梯間、屋突、水箱等４項。,鋼筋混凝土造,108年10月2日,四層,
RPSNMLMKJIPFFAW17DA,3,62.98,集合住宅,鋼筋混凝土造,107年3月8日,三層,一層
RPSNMLMKJIPFFAW17DA,3,4.80,共有部分：本共有部分之項目有梯間１項。,鋼筋混凝土造,107年3月8日,三層,
RPRNMLKMJIPFFAW17EA,26,195.86,住家用,鋼筋混凝土加強磚造,84年4月18日,三層,一層 二層 三層 陽台
RPPNMLRLJIPFFAW47DA,20,73.37,住家用,鋼骨混凝土造,89年8月21日,十二層,九層 陽台
RPPNMLRLJIPFFAW47DA,20,20.79,樓梯間，屋頂突出物等,鋼骨混凝土造,89年8月21日,十二層,
RPPNMLKMJIPFFAW86DA,1,95.85,集合住宅,鋼筋混凝土造,109年4月28日,五層,一層 陽台
RPPNMLKMJIPFFAW86DA,1,13.43,集合住宅、本共有部分之項目計有樓梯間、水箱等二項。,鋼筋混凝土造,109年4月28日,五層,
RPVNMLLJKIPFFAW37DA,4,62.44,一般事務所,鋼筋混凝土造,106年3月2日,三層,三層 陽台
RPVNMLLJKIPFFAW37DA,4,12.70,共有部分：本共有部分之項目有樓梯間１項。,鋼筋混凝土造,106年3月2日,三層,
RPPNMLTJKIPFFAW57DA,3,91.74,集合住宅,鋼筋混凝土造,107年1月30日,五層,二層 陽台
RPPNMLTJKIPFFAW57DA,3,10.73,共有部分：本共有部分之項目有電梯、梯間、梯廳等３項。,鋼筋混凝土造,107年1月30日,五層,
RPRNMLSJKIPFFAW67DA,5,93.80,集合住宅,鋼筋混凝土造,104年7月21日,三層,三層 陽台 雨遮
RPRNMLSJKIPFFAW67DA,5,47.70,共有部分：本共有部分之項目有樓梯間、電梯間、梯廳、機房、電信機房、蓄水池抽水設備、車道、停車場及停車位等９項。,鋼筋混凝土造,104年7月21日,三層,
RPSNMLRLJIPFFAW77DA,6,67.61,集合住宅,鋼筋混凝土造,103年12月22日,三層,一層 陽台
RPSNMLRLJIPFFAW77DA,6,15.65,共有部分：本共有部分之項目有樓梯間、水箱二項。,鋼筋混凝土造,103年12月22日,三層,
RPUNMLTKIIPFFAW97DA,20,99.15,住家用,鋼筋混凝土造,90年2月21日,五層,五層 陽台
RPUNMLTKIIPFFAW97DA,20,27.18,樓梯間、屋頂突出物。,鋼筋混凝土造,90年2月21日,五層,
RPRNMLKLIIPFFAW86DA,4,97.20,集合住宅,鋼筋混凝土造,105年6月21日,三層,三層 陽台
RPRNMLKLIIPFFAW86DA,4,21.65,共有部分：本共有部分之項目有梯廳、樓梯間、停車空間、水箱機房、機房等５項。,鋼筋混凝土造,105年6月21日,三層,
RPXNMLLLIIPFFAW57DA,11,26.48,集合住宅,鋼筋混凝土造,98年12月22日,三層,三層 陽台
RPXNMLLLIIPFFAW57DA,11,5.42,共有部分，本共有部分有走廊、樓梯間等２項。,鋼筋混凝土造,98年12月22日,三層,
RPRNMLNLIIPFFAW17DA,14,201.75,停車空間、住宅,鋼筋混凝土造,96年3月27日,三層,一層 二層 三層 陽台
RPPNMLMLIIPFFAW86DA,26,195.86,住家用,鋼筋混凝土加強磚造,83年11月4日,三層,一層 二層 三層 陽台
RPVOMLSLIIPFFAW18DA,5,102.86,集合住宅,鋼筋混凝土造,104年6月9日,三層,三層 陽台
RPVOMLSLIIPFFAW18DA,5,13.96,共有部分：本共有部分之項目計有樓梯間、水箱、機房等３項。,鋼筋混凝土造,104年6月9日,三層,
RPPNMLSLIIPFFAW47DA,,234.79,停車空間、集合住宅,鋼筋混凝土造,109年6月12日,四層,一層 二層 三層 四層 陽台 見其他登記事項
RPVNMLSLIIPFFAW08DA,10,92.71,集合住宅,鋼筋混凝土造,99年7月7日,三層,三層 陽台
RPWNMLSLIIPFFAW18DA,21,167.15,住家用,鋼筋混凝土造,88年6月15日,三層,一層 二層 三層 陽台 平台
RPVNMLSLIIPFFAW08DA,10,11.05,共有部分，本共有部分之項目有樓梯間一項。,鋼筋混凝土造,99年7月7日,三層,
RPRNMLMKJIPFFAW17EA,,331.03,農舍,鋼筋混凝土造,109年10月13日,三層,一層 二層 三層 陽台
RPQNMLSLIIPFFAW57DA,,234.79,停車空間、集合住宅,鋼筋混凝土造,109年6月12日,四層,一層 二層 三層 四層 陽台 見其他登記事項
RPRNMLSLIIPFFAW67DA,,234.79,停車空間、集合住宅,鋼筋混凝土造,109年6月12日,四層,一層 二層 三層 四層 陽台 見其他登記事項
RPQNMLNJJIPFFAW96DA,,104.79,集合住宅,鋼筋混凝土造,109年6月29日,五層,二層 陽台
RPQNMLNJJIPFFAW96DA,,12.18,集合住宅：本共有部分之項目有樓梯間、水箱等二項。,鋼筋混凝土造,109年6月29日,五層,
RPSNMLSLIIPFFAW77DA,,233.87,停車空間、集合住宅,鋼筋混凝土造,109年6月12日,四層,一層 二層 三層 四層 陽台 見其他登記事項
RPTNMLSLIIPFFAW87DA,,48.97,集合住宅,鋼筋混凝土造,109年6月12日,四層,三層 陽台
RPTNMLSLIIPFFAW87DA,,13.48,集合住宅：本共有部分之項目計有無障礙電梯、梯廳、樓梯間、水塔間等４項。,鋼筋混凝土造,109年6月12日,四層,
RPRNMLKMIIPFFAW96DA,,61.87,集合住宅,鋼筋混凝土造,109年9月25日,五層,四層 陽台
RPRNMLKMIIPFFAW96DA,,14.64,集合住宅、共有項目有大廳、梯廳、甲梯（安全梯）及無障礙電梯等４項。,鋼筋混凝土造,109年9月25日,五層,
RPPNMLNJJIPFFAW86DA,,104.06,集合住宅,鋼筋混凝土造,109年6月29日,五層,二層 陽台
RPPNMLNJJIPFFAW86DA,,12.18,集合住宅：本共有部分之項目有樓梯間、水箱等二項。,鋼筋混凝土造,109年6月29日,五層,
RPRNMLNJJIPFFAW07DA,,104.79,集合住宅,鋼筋混凝土造,109年6月29日,五層,三層 陽台
RPRNMLNJJIPFFAW07DA,,12.18,集合住宅：本共有部分之項目有樓梯間、水箱等二項。,鋼筋混凝土造,109年6月29日,五層,
RPQNMLOKIIPFFAW07DA,,96.16,集合住宅,鋼筋混凝土造,109年4月23日,五層,五層 陽台
RPQNMLOKIIPFFAW07DA,,14.02,集合住宅：本共有部分之項目計有安全梯、梯廳（升降機間）、升降機、無障礙樓梯、電梯機房、梯廳、電信室等７項。,鋼筋混凝土造,109年4月23日,五層,
RPRNMLQJJIPFFAW47EA,26,200.99,住家用,鋼筋混凝土加強磚造,84年4月18日,三層,一層 二層 三層 陽台
RPPOMLSJIIPFFAW37DA,2,103.30,集合住宅,鋼筋混凝土造,107年8月16日,三層,三層 陽台 見其他登記事項
RPPOMLSJIIPFFAW37DA,2,12.58,共有部分：本共有部分之項目有樓梯間１項。,鋼筋混凝土造,107年8月16日,三層,
RPPNMLTJJIPFFAW47DA,1,97.30,集合住宅,鋼筋混凝土造,108年10月2日,四層,一層 二層 三層 陽台 屋簷 見其他登記事項
RPPNMLTJJIPFFAW47DA,1,97.30,集合住宅,鋼筋混凝土造,108年10月2日,四層,一層 二層 三層 陽台 屋簷 見其他登記事項
RPRNMLTJJIPFFAW67DA,4,46.51,集合住宅,鋼筋混凝土造,106年1月12日,三層,三層 陽台
RPRNMLTJJIPFFAW67DA,4,9.99,共有部分：本共有部分之項目有乙梯（一至三樓樓梯間）及外廊等２項。,鋼筋混凝土造,106年1月12日,三層,
RPRNMLTJJIPFFAW67DA,4,26.66,共有部分：本共有部分之項目有甲梯（地下室至一樓）、乙梯（地下室至一樓）、防空避難室兼停車空間、水箱室、消防機房、消防水池、發電機房、台電受電室、車道（一樓）、污水暫存池等１０項。,鋼筋混凝土造,106年1月12日,三層,
RPQNMLTJJIPFFAW57DA,5,36.39,一般事務所,鋼筋混凝土造,104年8月11日,四層,三層 陽台
RPQNMLTJJIPFFAW57DA,5,6.82,共有部分：本共有部分之項目有樓梯間一項。,鋼筋混凝土造,104年8月11日,四層,
RPWNMLPJJIPFFAW77DA,,237.90,停車空間、集合住宅,鋼筋混凝土造,109年6月12日,四層,一層 二層 三層 四層 陽台 見其他登記事項
RPRNMLOJJIPFFAW17DA,29,232.50,工業用,水泥磚造，鋼筋水泥,81年1月8日,三層,一層 二層 三層 騎樓
RPSNMLTLIIPFFAW87DA,,83.98,集合住宅,鋼筋混凝土造,109年5月29日,五層,二層 陽台
RPSNMLTLIIPFFAW87DA,,12.22,集合住宅：本共有部分之項目計有樓梯間、水箱等二項。,鋼筋混凝土造,109年5月29日,五層,
RPQNMLKKJIPFFAW76DA,,26.93,集合住宅,鋼筋混凝土造,109年7月16日,四層,一層 陽台
RPQNMLKKJIPFFAW76DA,,26.93,集合住宅,鋼筋混凝土造,109年7月16日,四層,一層 陽台
RPQNMLKKJIPFFAW76DA,,26.93,集合住宅,鋼筋混凝土造,109年7月16日,四層,一層 陽台
RPQNMLKKJIPFFAW76DA,,4.83,集合住宅、本共有部分之項目計有升降梯間、水箱室、安全梯間等３項。,鋼筋混凝土造,109年7月16日,四層,
RPQNMLKKJIPFFAW76DA,,4.83,集合住宅、本共有部分之項目計有升降梯間、水箱室、安全梯間等３項。,鋼筋混凝土造,109年7月16日,四層,
RPQNMLKKJIPFFAW76DA,,4.83,集合住宅、本共有部分之項目計有升降梯間、水箱室、安全梯間等３項。,鋼筋混凝土造,109年7月16日,四層,
RPUOMLMKJIPFFAW47DA,,74.91,集合住宅,鋼筋混凝土造,109年9月25日,五層,四層 陽台
RPUOMLMKJIPFFAW47DA,,17.82,集合住宅、共有項目有大廳、梯廳、甲梯（安全梯）及無障礙電梯等４項。,鋼筋混凝土造,109年9月25日,五層,
RPPNMLKMIIPFFAW76DA,,56.71,集合住宅,鋼筋混凝土造,107年10月25日,三層,二層 陽台
RPPNMLKMIIPFFAW76DA,,5.32,共有部分：本共有部分之項目有無障礙樓梯１項。,鋼筋混凝土造,107年10月25日,三層,
RPROMLMKJIPFFAW17DA,,74.91,集合住宅,鋼筋混凝土造,109年9月25日,五層,三層 陽台
RPROMLMKJIPFFAW17DA,,17.82,集合住宅、共有項目有大廳、梯廳、甲梯（安全梯）及無障礙電梯等４項。,鋼筋混凝土造,109年9月25日,五層,
SPUOMLMKJIPFFAW57DA,,61.87,集合住宅,鋼筋混凝土造,109年9月25日,五層,四層 陽台
SPUOMLMKJIPFFAW57DA,,14.64,集合住宅、共有項目有大廳、梯廳、甲梯（安全梯）及無障礙電梯等４項。,鋼筋混凝土造,109年9月25日,五層,
RPOPMLMKJIPFFAW96DA,,61.87,集合住宅,鋼筋混凝土造,109年9月25日,五層,三層 陽台
RPOPMLMKJIPFFAW96DA,,14.64,集合住宅、共有項目有大廳、梯廳、甲梯（安全梯）及無障礙電梯等４項。,鋼筋混凝土造,109年9月25日,五層,
RPVOMLMKJIPFFAW57DA,,61.57,集合住宅,鋼筋混凝土造,109年9月25日,五層,一層 陽台
RPVOMLMKJIPFFAW57DA,,14.64,集合住宅、共有項目有大廳、梯廳、甲梯（安全梯）及無障礙電梯等４項。,鋼筋混凝土造,109年9月25日,五層,
RPWOMLMKJIPFFAW67DA,,61.87,集合住宅,鋼筋混凝土造,109年9月25日,五層,二層 陽台
RPWOMLMKJIPFFAW67DA,,14.64,集合住宅、共有項目有大廳、梯廳、甲梯（安全梯）及無障礙電梯等４項。,鋼筋混凝土造,109年9月25日,五層,
RPXOMLMKJIPFFAW77DA,,61.87,集合住宅,鋼筋混凝土造,109年9月25日,五層,五層 陽台
RPXOMLMKJIPFFAW77DA,,14.64,集合住宅、共有項目有大廳、梯廳、甲梯（安全梯）及無障礙電梯等４項。,鋼筋混凝土造,109年9月25日,五層,
RPPPMLMKJIPFFAW07DA,,74.91,集合住宅,鋼筋混凝土造,109年9月25日,五層,四層 陽台
RPPPMLMKJIPFFAW07DA,,17.82,集合住宅、共有項目有大廳、梯廳、甲梯（安全梯）及無障礙電梯等４項。,鋼筋混凝土造,109年9月25日,五層,
RPTOMLQLIIPFFAW77DA,8,100.93,集合住宅,鋼筋混凝土造,101年9月18日,三層,三層 陽台
RPTOMLQLIIPFFAW77DA,8,11.05,共有部分：本共有部分之項目有樓梯間１項。,鋼筋混凝土造,101年9月18日,三層,
RPSNMLKLJIPFFAW07DA,11,210.52,住家用,鋼筋混凝土造,98年9月10日,二層,一層 二層 陽台 屋頂突出物
RPRNMLSKJIPFFAW77EA,1,35.37,旅館,鋼筋混凝土造,109年4月8日,十層,八層 陽台 雨遮
RPRNMLSKJIPFFAW77EA,1,43.02,店舖、集合住宅、本建物共有部分之項目有車道、排風機房、緊急昇降機、客梯兼無障礙電梯、廢水池、消防幫浦室、蓄水池、甲梯、進風機房、防空避難室兼停車空間、電信機房、乙梯、梯廳、汙物處理室、台電受電室、設備空間、機械室、停車空間、迴轉空間、發電機室、排煙室、消防設備空間、雨遮、陽台、管委會空間等共計２５項。,鋼筋混凝土造,109年4月8日,十層,
RPSNMLSKJIPFFAW87EA,1,35.19,旅館,鋼筋混凝土造,109年4月8日,十層,八層 陽台 雨遮
RPSNMLSKJIPFFAW87EA,1,42.92,店舖、集合住宅、本建物共有部分之項目有車道、排風機房、緊急昇降機、客梯兼無障礙電梯、廢水池、消防幫浦室、蓄水池、甲梯、進風機房、防空避難室兼停車空間、電信機房、乙梯、梯廳、汙物處理室、台電受電室、設備空間、機械室、停車空間、迴轉空間、發電機室、排煙室、消防設備空間、雨遮、陽台、管委會空間等共計２５項。,鋼筋混凝土造,109年4月8日,十層,
RPTNMLSKJIPFFAW97EA,1,36.80,旅館,鋼筋混凝土造,109年4月8日,十層,八層 雨遮
RPTNMLSKJIPFFAW97EA,1,43.53,店舖、集合住宅、本建物共有部分之項目有車道、排風機房、緊急昇降機、客梯兼無障礙電梯、廢水池、消防幫浦室、蓄水池、甲梯、進風機房、防空避難室兼停車空間、電信機房、乙梯、梯廳、汙物處理室、台電受電室、設備空間、機械室、停車空間、迴轉空間、發電機室、排煙室、消防設備空間、雨遮、陽台、管委會空間等共計２５項。,鋼筋混凝土造,109年4月8日,十層,
RPUNMLSKJIPFFAW08EA,1,36.97,旅館,鋼筋混凝土造,109年4月8日,十層,八層 雨遮
RPUNMLSKJIPFFAW08EA,1,19.25,店舖、集合住宅、本建物共有部分之項目有車道、排風機房、緊急昇降機、客梯兼無障礙電梯、廢水池、消防幫浦室、蓄水池、甲梯、進風機房、防空避難室兼停車空間、電信機房、乙梯、梯廳、汙物處理室、台電受電室、設備空間、機械室、停車空間、迴轉空間、發電機室、排煙室、消防設備空間、雨遮、陽台、管委會空間等共計２５項。,鋼筋混凝土造,109年4月8日,十層,
RPOOMLSKJIPFFAW57EA,1,39.94,旅館,鋼筋混凝土造,109年4月8日,十層,四層 雨遮
RPOOMLSKJIPFFAW57EA,1,20.79,店舖、集合住宅、本建物共有部分之項目有車道、排風機房、緊急昇降機、客梯兼無障礙電梯、廢水池、消防幫浦室、蓄水池、甲梯、進風機房、防空避難室兼停車空間、電信機房、乙梯、梯廳、汙物處理室、台電受電室、設備空間、機械室、停車空間、迴轉空間、發電機室、排煙室、消防設備空間、雨遮、陽台、管委會空間等共計２５項。,鋼筋混凝土造,109年4月8日,十層,
RPPOMLSKJIPFFAW67EA,1,39.94,集合住宅,鋼筋混凝土造,109年4月8日,十層,三層 雨遮
RPPOMLSKJIPFFAW67EA,1,20.79,店舖、集合住宅、本建物共有部分之項目有車道、排風機房、緊急昇降機、客梯兼無障礙電梯、廢水池、消防幫浦室、蓄水池、甲梯、進風機房、防空避難室兼停車空間、電信機房、乙梯、梯廳、汙物處理室、台電受電室、設備空間、機械室、停車空間、迴轉空間、發電機室、排煙室、消防設備空間、雨遮、陽台、管委會空間等共計２５項。,鋼筋混凝土造,109年4月8日,十層,
RPPNMLOLJIPFFAW17DA,29,232.50,住商用,水泥磚造，鋼筋水泥,81年1月8日,三層,一層 二層 三層 騎樓
RPSOMLMKJIPFFAW27DA,,78.06,集合住宅,鋼筋混凝土造,109年8月17日,五層,二層 陽台
RPSOMLMKJIPFFAW27DA,,13.27,集合住宅：本共有部分之項目計無障礙電梯、梯廳、安全梯間、無障礙樓梯、機房（電信）、甲梯等６項。,鋼筋混凝土造,109年8月17日,五層,
RPRNMLTLIIPFFAW77DA,2,80.14,集合住宅,鋼筋混凝土造,108年4月24日,五層,二層 陽台
RPRNMLTLIIPFFAW77DA,2,12.36,共有部分：本共有部分之項目計有走廊、無障礙電梯、梯廳、無障礙樓梯、梯間、機房（電信）等６項。,鋼筋混凝土造,108年4月24日,五層,
RPROMLQLIIPFFAW57DA,5,144.76,住家用,鋼筋混凝土造,104年8月4日,三層,一層 二層 三層 陽台
RPSNMLLJKIPFFAW07DA,,236.57,停車空間、集合住宅,鋼筋混凝土造,109年6月12日,四層,一層 二層 三層 四層 陽台 見其他登記事項
RPVNMLNJRHPFFAW18DA,1,77.52,集合住宅,鋼筋混凝土造,108年6月17日,三層,一層 二層 三層 陽台
RPVNMLNJRHPFFAW18DA,1,77.52,集合住宅,鋼筋混凝土造,108年6月17日,三層,一層 二層 三層 陽台
RPPNMLOJRHPFFAW67DA,,76.17,集合住宅,鋼筋混凝土造,109年4月23日,五層,四層 陽台
RPPNMLOJRHPFFAW67DA,,11.12,集合住宅：本共有部分之項目計有安全梯、梯廳（升降機間）、升降機、無障礙樓梯、電梯機房、梯廳、電信室等７項。,鋼筋混凝土造,109年4月23日,五層,
RPQNMLOJRHPFFAW77DA,,96.16,集合住宅,鋼筋混凝土造,109年4月23日,五層,四層 陽台
RPQNMLOJRHPFFAW77DA,,14.02,集合住宅：本共有部分之項目計有安全梯、梯廳（升降機間）、升降機、無障礙樓梯、電梯機房、梯廳、電信室等７項。,鋼筋混凝土造,109年4月23日,五層,
RPXNMLQKRHPFFAW88EA,35,153.86,住商用,鋼筋混凝土造,74年9月30日,二層,一層 二層
RPQNMLTLIIPFFAW67DA,3,26.66,集合住宅,鋼筋混凝土造,106年6月27日,三層,一層
RPQNMLTLIIPFFAW67DA,3,5.58,共有部分：本共有部分之項目有梯間、門廊、陽台等３項。,鋼筋混凝土造,106年6月27日,三層,
RPQNMLMLRHPFFAW87EA,24,128.38,住家用,鋼筋混凝土造,85年11月11日,二層,一層 二層
RPPNMLMLRHPFFAW77EA,,97.53,集合住宅,鋼筋混凝土造,109年7月8日,五層,一層 陽台
RPPNMLMLRHPFFAW77EA,,15.19,集合住宅：本共有部分之項目計有無障礙樓梯、梯廳及水箱等３項。,鋼筋混凝土造,109年7月8日,五層,
RPQNMLNJRHPFFAW67DA,1,157.96,集合住宅,鋼筋混凝土造,108年6月17日,三層,一層 二層 三層 陽台
RPTNMLPLRHPFFAW38DA,,93.69,集合住宅,鋼筋混凝土造,109年7月16日,四層,二層 陽台
RPTNMLPLRHPFFAW38DA,,14.49,集合住宅、本共有部分之項目計有升降梯間、水箱室、安全梯間等３項。,鋼筋混凝土造,109年7月16日,四層,
RPXNMLPLRHPFFAW88EA,4,174.12,集合住宅,鋼筋混凝土造,105年7月28日,三層,一層 二層 三層 陽台 屋頂突出物 雨遮
RPVNMLPLRHPFFAW58DA,,121.38,農舍,鋼筋混凝土造,98年3月11日,二層,一層 二層 陽台 屋頂突出物
RPVNMLPLRHPFFAW58DA,,121.38,農舍,鋼筋混凝土造,98年3月11日,二層,一層 二層 陽台 屋頂突出物
RPXNMLNJRHPFFAW38DA,1,157.96,集合住宅,鋼筋混凝土造,108年6月17日,三層,一層 二層 三層 陽台
RPPNMLKMRHPFFAW67EA,11,63.84,集合住宅,鋼筋混凝土造,98年10月6日,五層,五層 陽台
RPPNMLKMRHPFFAW67EA,11,7.94,樓梯間、本共有部分之項目有樓梯間等１項。,鋼筋混凝土造,98年10月6日,五層,
RPTNMLKKRHPFFAW77DA,7,88.47,集合住宅,鋼筋混凝土造,102年11月20日,三層,三層 陽台
RPTNMLKKRHPFFAW77DA,7,6.78,共有部分：本共有部分之項目有樓梯間１項,鋼筋混凝土造,102年11月20日,三層,
RPTNMLKKRHPFFAW77DA,7,44.79,共有部分：本共有部分之項目計有樓梯間、停車空間、廢水池、消防水池、台電配電室、機房、蓄水池、電信機房等８項,鋼筋混凝土造,102年11月20日,三層,
RPSNMLSJIIPFFAW57DA,,104.06,集合住宅,鋼筋混凝土造,109年6月29日,五層,三層 陽台
RPSNMLSJIIPFFAW57DA,,12.18,集合住宅：本共有部分之項目有樓梯間、水箱等二項。,鋼筋混凝土造,109年6月29日,五層,
RPPNMLQLRHPFFAW08DA,1,54.95,集合住宅,鋼筋混凝土造,108年6月25日,三層,二層 陽台
RPPNMLQLRHPFFAW08DA,1,20.38,共有部分：本共有部分之項目計有機房Ａ－消防泵浦室、機房Ｂ－發電機室、機房Ｃ－電信、機房Ｄ－台電、機房Ｅ－自來水用（下水池）、消防水池、梯廳、梯間、停車空間、公共空間、走廊、電梯、地下車道、滯洪池、停車位等１５項。,鋼筋混凝土造,108年6月25日,三層,
RPTNMLSJIIPFFAW67DA,,104.79,集合住宅,鋼筋混凝土造,109年6月29日,五層,四層 陽台
RPTNMLSJIIPFFAW67DA,,12.18,集合住宅：本共有部分之項目有樓梯間、水箱等二項。,鋼筋混凝土造,109年6月29日,五層,
RPWNMLRJIIPFFAW87DA,,216.34,住家用,鋼筋混凝土造,109年7月8日,三層,一層 二層 三層 陽台 屋頂突出物
RPOOMLRJIIPFFAW17DA,,213.30,住家用,鋼筋混凝土造,109年7月8日,三層,一層 二層 三層 陽台 屋頂突出物
RPRNMLSKRHPFFAW38DA,2,63.76,集合住宅,鋼筋混凝土造,107年7月23日,三層,一層 陽台 地下一層
RPRNMLSKRHPFFAW38DA,2,63.76,集合住宅,鋼筋混凝土造,107年7月23日,三層,一層 陽台 地下一層
RPRNMLSKRHPFFAW38DA,2,5.38,共有部分：本共有部分之項目計有門廳、梯廳及樓梯間等３項。,鋼筋混凝土造,107年7月23日,三層,
RPRNMLSKRHPFFAW38DA,2,5.38,共有部分：本共有部分之項目計有門廳、梯廳及樓梯間等３項。,鋼筋混凝土造,107年7月23日,三層,
RPRNMLNLRHPFFAW97DA,9,95.14,集合住宅,鋼筋混凝土造,100年6月1日,三層,二層 陽台
RPRNMLNLRHPFFAW97DA,9,5.22,共有部分，本共有部分之項目有樓梯間一項,鋼筋混凝土造,100年6月1日,三層,
RPSNMLMKIIPFFAW07DA,4,59.81,集合住宅,鋼筋混凝土造,105年11月4日,十一層,九層 陽台
RPSNMLMKIIPFFAW07DA,4,59.81,集合住宅,鋼筋混凝土造,105年11月4日,十一層,九層 陽台
RPSNMLMKIIPFFAW07DA,4,38.76,共有部分：本共有部分之項目有蓄水池、停車空間、滯洪池、消防蓄水池、消防機械室、儲藏室、車道、樓梯間、電信室、防空避難室兼停車空間、發電機房、台電配電室、管理室、公共廁所、梯廳、機房、水錶間、水箱、安全梯間、昇降機道、台電通道、機車區、甲梯無障礙樓梯（安全梯）、乙梯（安全梯）、昇降機及無障礙昇降機等２６項。,鋼筋混凝土造,105年11月4日,十一層,
RPSNMLMKIIPFFAW07DA,4,38.76,共有部分：本共有部分之項目有蓄水池、停車空間、滯洪池、消防蓄水池、消防機械室、儲藏室、車道、樓梯間、電信室、防空避難室兼停車空間、發電機房、台電配電室、管理室、公共廁所、梯廳、機房、水錶間、水箱、安全梯間、昇降機道、台電通道、機車區、甲梯無障礙樓梯（安全梯）、乙梯（安全梯）、昇降機及無障礙昇降機等２６項。,鋼筋混凝土造,105年11月4日,十一層,
RPPNMLRJIIPFFAW17DA,,216.34,住家用,鋼筋混凝土造,109年7月8日,三層,一層 二層 三層 陽台 屋頂突出物
RPSNMLRJIIPFFAW47DA,,97.53,集合住宅,鋼筋混凝土造,109年7月8日,五層,二層 陽台
RPSNMLRJIIPFFAW47DA,,15.19,集合住宅：本共有部分之項目計有無障礙樓梯、梯廳及水箱等３項。,鋼筋混凝土造,109年7月8日,五層,
RPQNMLRJIIPFFAW27DA,,213.30,住家用,鋼筋混凝土造,109年7月8日,三層,一層 二層 三層 陽台 屋頂突出物
RPXNMLRJIIPFFAW97DA,,213.30,住家用,鋼筋混凝土造,109年7月8日,三層,一層 二層 三層 陽台 屋頂突出物
RPRNMLRJIIPFFAW37DA,,213.30,住家用,鋼筋混凝土造,109年7月8日,三層,一層 二層 三層 陽台 屋頂突出物
RPVNMLRJIIPFFAW77DA,,97.53,集合住宅,鋼筋混凝土造,109年7月8日,五層,四層 陽台
RPVNMLRJIIPFFAW77DA,,15.19,集合住宅：本共有部分之項目計有無障礙樓梯、梯廳及水箱等３項。,鋼筋混凝土造,109年7月8日,五層,
RPTNMLRJIIPFFAW57DA,,97.53,集合住宅,鋼筋混凝土造,109年7月8日,五層,二層 陽台
RPTNMLRJIIPFFAW57DA,,15.19,集合住宅：本共有部分之項目計有無障礙樓梯、梯廳及水箱等３項。,鋼筋混凝土造,109年7月8日,五層,
RPUNMLRJIIPFFAW67DA,,97.53,集合住宅,鋼筋混凝土造,109年7月8日,五層,一層 陽台
RPUNMLRJIIPFFAW67DA,,15.19,集合住宅：本共有部分之項目計有無障礙樓梯、梯廳及水箱等３項。,鋼筋混凝土造,109年7月8日,五層,
RPRNMLKMRHPFFAW77DA,20,33.98,民俗文物館,鋼筋混凝土造,89年6月26日,四層,四層 陽台
RPRNMLKMRHPFFAW77DA,20,33.98,民俗文物館,鋼筋混凝土造,89年6月26日,四層,四層 陽台
RPRNMLKMRHPFFAW77DA,20,33.98,民俗文物館,鋼筋混凝土造,89年6月26日,四層,四層 陽台
RPRNMLKMRHPFFAW77DA,20,5.63,樓梯間，屋頂突出物,鋼筋混凝土造,89年6月26日,四層,
RPRNMLKMRHPFFAW77DA,20,5.63,樓梯間，屋頂突出物,鋼筋混凝土造,89年6月26日,四層,
RPRNMLKMRHPFFAW77DA,20,5.63,樓梯間，屋頂突出物,鋼筋混凝土造,89年6月26日,四層,
RPSNMLMLIIPFFAW17DA,,83.51,集合住宅,鋼筋混凝土造,109年7月21日,三層,二層 陽台
RPSNMLMLIIPFFAW17DA,,9.15,集合住宅：本共有部分之項目有樓梯間１項。,鋼筋混凝土造,109年7月21日,三層,
RPQNMLMLIIPFFAW96DA,45,129.25,住商用,鋼筋混凝土造,64年6月15日,二層,一層 二層 騎樓
RPWNMLQLIIPFFAW97DA,,97.53,集合住宅,鋼筋混凝土造,109年7月8日,五層,三層 陽台
RPWNMLQLIIPFFAW97DA,,15.19,集合住宅：本共有部分之項目計有無障礙樓梯、梯廳及水箱等３項。,鋼筋混凝土造,109年7月8日,五層,
RPXNMLQLIIPFFAW08DA,,97.53,集合住宅,鋼筋混凝土造,109年7月8日,五層,五層 陽台
RPXNMLQLIIPFFAW08DA,,15.19,集合住宅：本共有部分之項目計有無障礙樓梯、梯廳及水箱等３項。,鋼筋混凝土造,109年7月8日,五層,
RPPNMLNLRHPFFAW77DA,6,222.88,集合住宅,鋼筋混凝土造,103年6月23日,三層,一層 二層 三層 陽台 地下一層 見其他登記事項
RPPNMLNLRHPFFAW77DA,6,23.07,共有部分：本共有部分之項目有車道、機房二項。,鋼筋混凝土造,103年6月23日,三層,
RPROMLPKIIPFFAW37DA,,83.85,集合住宅,鋼筋混凝土造,109年5月29日,五層,二層 陽台
RPROMLPKIIPFFAW37DA,,12.22,集合住宅：本共有部分之項目計有樓梯間、水箱等二項。,鋼筋混凝土造,109年5月29日,五層,
RPOOMLQLIIPFFAW27DA,,97.53,集合住宅,鋼筋混凝土造,109年7月8日,五層,三層 陽台
RPOOMLQLIIPFFAW27DA,,15.19,集合住宅：本共有部分之項目計有無障礙樓梯、梯廳及水箱等３項。,鋼筋混凝土造,109年7月8日,五層,
RPSOMLPKIIPFFAW47DA,,83.85,集合住宅,鋼筋混凝土造,109年5月29日,五層,五層 陽台
RPSOMLPKIIPFFAW47DA,,12.22,集合住宅：本共有部分之項目計有樓梯間、水箱等二項。,鋼筋混凝土造,109年5月29日,五層,
RPRNMLMLIIPFFAW07DA,,41.76,集合住宅,鋼筋混凝土造,109年7月21日,三層,二層 陽台
RPSOMLQLIIPFFAW67DA,,97.53,集合住宅,鋼筋混凝土造,109年7月8日,五層,五層 陽台
RPRNMLMLIIPFFAW07DA,,41.76,集合住宅,鋼筋混凝土造,109年7月21日,三層,二層 陽台
RPSOMLQLIIPFFAW67DA,,15.19,集合住宅：本共有部分之項目計有無障礙樓梯、梯廳及水箱等３項。,鋼筋混凝土造,109年7月8日,五層,
RPRNMLMLIIPFFAW07DA,,4.57,集合住宅：本共有部分之項目有樓梯間１項。,鋼筋混凝土造,109年7月21日,三層,
RPRNMLMLIIPFFAW07DA,,4.57,集合住宅：本共有部分之項目有樓梯間１項。,鋼筋混凝土造,109年7月21日,三層,
RPUNMLQLIIPFFAW77DA,,83.51,集合住宅,鋼筋混凝土造,109年7月21日,三層,三層 陽台
RPUNMLQLIIPFFAW77DA,,9.15,集合住宅：本共有部分之項目有樓梯間１項。,鋼筋混凝土造,109年7月21日,三層,
RPPNMLTKIIPFFAW47DA,1,57.20,集合住宅,鋼筋混凝土造,108年6月25日,三層,一層 陽台
RPPNMLTKIIPFFAW47DA,1,21.28,共有部分：本共有部分之項目計有機房Ａ－消防泵浦室、機房Ｂ－發電機室、機房Ｃ－電信、機房Ｄ－台電、機房Ｅ－自來水用（下水池）、消防水池、梯廳、梯間、停車空間、公共空間、走廊、電梯、地下車道、滯洪池、停車位等１５項。,鋼筋混凝土造,108年6月25日,三層,
RPQOMLMJJIPFFAW96DA,,97.53,集合住宅,鋼筋混凝土造,109年7月8日,五層,一層 陽台
RPQOMLMJJIPFFAW96DA,,15.19,集合住宅：本共有部分之項目計有無障礙樓梯、梯廳及水箱等３項。,鋼筋混凝土造,109年7月8日,五層,
RPQOMLQLIIPFFAW47DA,,97.53,集合住宅,鋼筋混凝土造,109年7月8日,五層,四層 陽台
RPQOMLQLIIPFFAW47DA,,15.19,集合住宅：本共有部分之項目計有無障礙樓梯、梯廳及水箱等３項。,鋼筋混凝土造,109年7月8日,五層,
RPTNMLQLIIPFFAW67DA,,83.51,集合住宅,鋼筋混凝土造,109年7月21日,三層,三層 陽台
RPTNMLQLIIPFFAW67DA,,9.15,集合住宅：本共有部分之項目有樓梯間１項。,鋼筋混凝土造,109年7月21日,三層,
RPPNMLPKRHPFFAW87DA,5,109.28,集合住宅,鋼筋混凝土造,104年8月5日,三層,一層 陽台
RPPNMLPKRHPFFAW87DA,5,12.72,共有部分：本共有部分之項目計有樓梯間１項。,鋼筋混凝土造,104年8月5日,三層,
RPROMLTLIIPFFAW87DA,,216.34,住家用,鋼筋混凝土造,109年7月8日,三層,一層 二層 三層 陽台 屋頂突出物
RPRNMLLLIIPFFAW96DA,,79.74,集合住宅,鋼筋混凝土造,109年5月29日,五層,一層 陽台
RPRNMLLLIIPFFAW96DA,,12.22,集合住宅：本共有部分之項目計有樓梯間、水箱等二項。,鋼筋混凝土造,109年5月29日,五層,
RPRNMLPLRHPFFAW18DA,5,90.36,集合住宅,鋼筋混凝土造,104年7月16日,三層,一層 陽台 雨遮 地下一層
RPRNMLPLRHPFFAW18DA,5,17.14,共有部分：本共有部分之項目有樓梯間、機電空間、雨遮等三項。,鋼筋混凝土造,104年7月16日,三層,
RPROMLMJJIPFFAW07DA,,97.53,集合住宅,鋼筋混凝土造,109年7月8日,五層,三層 陽台
RPROMLMJJIPFFAW07DA,,15.19,集合住宅：本共有部分之項目計有無障礙樓梯、梯廳及水箱等３項。,鋼筋混凝土造,109年7月8日,五層,
RPVNMLTKJIPFFAW18DA,,77.19,店舖,鋼筋混凝土造,109年8月7日,四層,一層 見其他登記事項
RPVNMLTKJIPFFAW18DA,,25.55,店舖、集合住宅、共有部分項目有梯間、梯廳、機械設備空間等３項。,鋼筋混凝土造,109年8月7日,四層,
RPTOMLMJJIPFFAW27DA,,97.53,集合住宅,鋼筋混凝土造,109年7月8日,五層,二層 陽台
RPTOMLMJJIPFFAW27DA,,15.19,集合住宅：本共有部分之項目計有無障礙樓梯、梯廳及水箱等３項。,鋼筋混凝土造,109年7月8日,五層,
RPTNMLNJJIPFFAW27DA,,97.53,集合住宅,鋼筋混凝土造,109年7月8日,五層,四層 陽台
RPTNMLNJJIPFFAW27DA,,15.19,集合住宅：本共有部分之項目計有無障礙樓梯、梯廳及水箱等３項。,鋼筋混凝土造,109年7月8日,五層,
RPPNMLQJJIPFFAW17DA,,97.53,集合住宅,鋼筋混凝土造,109年7月8日,五層,二層 陽台
RPPNMLQJJIPFFAW17DA,,15.19,集合住宅：本共有部分之項目計有無障礙樓梯、梯廳及水箱等３項。,鋼筋混凝土造,109年7月8日,五層,
RPOOMLTKJIPFFAW57DA,,70.57,集合住宅,鋼筋混凝土造,109年8月7日,四層,二層 陽台
RPOOMLTKJIPFFAW57DA,,23.12,店舖、集合住宅、共有部分項目有梯間、梯廳、機械設備空間等３項。,鋼筋混凝土造,109年8月7日,四層,
RPSOMLMJJIPFFAW17DA,,97.53,集合住宅,鋼筋混凝土造,109年7月8日,五層,五層 陽台
RPSOMLMJJIPFFAW17DA,,15.19,集合住宅：本共有部分之項目計有無障礙樓梯、梯廳及水箱等３項。,鋼筋混凝土造,109年7月8日,五層,
RPPOMLTKJIPFFAW67DA,,70.57,集合住宅,鋼筋混凝土造,109年8月7日,四層,四層 陽台
RPPOMLTKJIPFFAW67DA,,23.12,店舖、集合住宅、共有部分項目有梯間、梯廳、機械設備空間等３項。,鋼筋混凝土造,109年8月7日,四層,
RPQNMLQJJIPFFAW27DA,,97.53,集合住宅,鋼筋混凝土造,109年7月8日,五層,四層 陽台
RPQNMLQJJIPFFAW27DA,,15.19,集合住宅：本共有部分之項目計有無障礙樓梯、梯廳及水箱等３項。,鋼筋混凝土造,109年7月8日,五層,
RPQNMLOJKIPFFAW17DA,4,52.64,集合住宅,鋼筋混凝土造,105年5月9日,三層,一層 陽台
RPQNMLOJKIPFFAW17DA,4,5.30,共有部分：本共有部分之項目有樓梯間１項。,鋼筋混凝土造,105年5月9日,三層,
RPXNMLTKJIPFFAW38DA,,70.57,集合住宅,鋼筋混凝土造,109年8月7日,四層,三層 陽台
RPXNMLTKJIPFFAW38DA,,23.12,店舖、集合住宅、共有部分項目有梯間、梯廳、機械設備空間等３項。,鋼筋混凝土造,109年8月7日,四層,
RPRNMLLKRHPFFAW67DA,,90.24,集合住宅,鋼筋混凝土造,109年7月16日,四層,一層 陽台
RPRNMLLKRHPFFAW67DA,,14.49,集合住宅、本共有部分之項目計有升降梯間、水箱室、安全梯間等３項。,鋼筋混凝土造,109年7月16日,四層,
RPSNMLLKRHPFFAW77DA,,93.69,集合住宅,鋼筋混凝土造,109年7月16日,四層,四層 陽台
RPSNMLLKRHPFFAW77DA,,14.49,集合住宅、本共有部分之項目計有升降梯間、水箱室、安全梯間等３項。,鋼筋混凝土造,109年7月16日,四層,
RPPOMLQKRHPFFAW08DA,1,89.46,集合住宅,鋼筋混凝土造,108年5月17日,三層,二層 陽台
RPPOMLQKRHPFFAW08DA,1,9.99,共有部分：本共有部分之項目有樓梯間１項。,鋼筋混凝土造,108年5月17日,三層,
RPQOMLSKQHPFFAW28DA,,95.64,集合住宅,鋼筋混凝土造,109年4月23日,五層,一層 陽台
RPQOMLSKQHPFFAW28DA,,14.02,集合住宅：本共有部分之項目計有安全梯、梯廳（升降機間）、升降機、無障礙樓梯、電梯機房、梯廳、電信室等７項。,鋼筋混凝土造,109年4月23日,五層,
RPOOMLSKQHPFFAW08DA,19,72.86,住家用,鋼筋混凝土造,90年12月21日,三層,三層 陽台
RPOOMLSKQHPFFAW08DA,19,8.62,樓梯間、屋頂突出物。,鋼筋混凝土造,90年12月21日,三層,
RPQNMLPLQHPFFAW97DA,13,99.95,集合住宅,鋼筋混凝土造,96年7月16日,五層,二層 陽台
RPQNMLPLQHPFFAW97DA,13,11.48,梯間、水箱、機房,鋼筋混凝土造,96年7月16日,五層,
RPVNMLRLQHPFFAW68DA,,67.65,集合住宅,鋼筋混凝土造,109年4月23日,五層,一層
RPVNMLRLQHPFFAW68DA,,9.82,集合住宅：本共有部分之項目計有安全梯、梯廳（升降機間）、升降機、無障礙樓梯、電梯機房、梯廳、電信室等７項。,鋼筋混凝土造,109年4月23日,五層,
RPPOMLPLQHPFFAW97DA,2,95.37,集合住宅,鋼筋混凝土造,107年9月19日,三層,二層 陽台
RPPOMLPLQHPFFAW97DA,2,19.48,共有部分：本共有部分之項目有樓梯間及雨遮等２項。,鋼筋混凝土造,107年9月19日,三層,
RPQNMLKMRHPFFAW77EA,5,38.29,集合住宅,鋼筋混凝土造,104年11月25日,八層,三層 陽台
RPQNMLKMRHPFFAW77EA,5,22.98,共有部分：本共有部分項目有：管委會空間、電樓梯間、梯廳、車道、走廊、防空避難室兼停車空間、受電箱、台電配電場所、電信機房、蓄水池、汙水處理機房、消防泵浦室、水箱等十三項。,鋼筋混凝土造,104年11月25日,八層,
RPWNMLQJIIPFFAW77DA,,68.11,集合住宅,鋼筋混凝土造,109年5月29日,五層,一層 陽台
RPWNMLQJIIPFFAW77DA,,15.80,集合住宅：本共有部分之項目計有無障礙電梯、梯廳、安全梯、梯間、水箱等五項。,鋼筋混凝土造,109年5月29日,五層,
RPWNMLPLRHPFFAW68DA,3,84.34,集合住宅,鋼筋混凝土造,106年3月6日,三層,三層 陽台
RPWNMLPLRHPFFAW68DA,3,6.96,共有部分：本共有部分之項目有樓梯間１項。,鋼筋混凝土造,106年3月6日,三層,
RPQNMLQLQHPFFAW08DA,,67.78,集合住宅,鋼筋混凝土造,109年4月23日,五層,一層 陽台
RPQNMLQLQHPFFAW08DA,,9.94,集合住宅：本共有部分之項目計有安全梯、梯廳（升降機間）、升降機、無障礙樓梯、電梯機房、梯廳、電信室等７項。,鋼筋混凝土造,109年4月23日,五層,
RPTOMLSKQHPFFAW58DA,,67.95,集合住宅,鋼筋混凝土造,109年4月23日,五層,二層 陽台
RPTOMLSKQHPFFAW58DA,,9.94,集合住宅：本共有部分之項目計有安全梯、梯廳（升降機間）、升降機、無障礙樓梯、電梯機房、梯廳、電信室等７項。,鋼筋混凝土造,109年4月23日,五層,
RPTNMLLLIIPFFAW17DA,,83.98,集合住宅,鋼筋混凝土造,109年5月29日,五層,五層 陽台
RPTNMLLLIIPFFAW17DA,,12.22,集合住宅：本共有部分之項目計有樓梯間、水箱等二項。,鋼筋混凝土造,109年5月29日,五層,
RPWNMLSKJIPFFAW28EA,,35.28,旅館,鋼筋混凝土造,109年4月8日,十層,三層 陽台 雨遮
RPWNMLSKJIPFFAW28EA,,18.50,店舖、集合住宅、本建物共有部分之項目有車道、排風機房、緊急昇降機、客梯兼無障礙電梯、廢水池、消防幫浦室、蓄水池、甲梯、進風機房、防空避難室兼停車空間、電信機房、乙梯、梯廳、汙物處理室、台電受電室、設備空間、機械室、停車空間、迴轉空間、發電機室、排煙室、消防設備空間、雨遮、陽台、管委會空間等共計２５項。,鋼筋混凝土造,109年4月8日,十層,
RPVNMLSKJIPFFAW18EA,,35.37,旅館,鋼筋混凝土造,109年4月8日,十層,四層 陽台 雨遮
RPVNMLSKJIPFFAW18EA,,18.67,店舖、集合住宅、本建物共有部分之項目有車道、排風機房、緊急昇降機、客梯兼無障礙電梯、廢水池、消防幫浦室、蓄水池、甲梯、進風機房、防空避難室兼停車空間、電信機房、乙梯、梯廳、汙物處理室、台電受電室、設備空間、機械室、停車空間、迴轉空間、發電機室、排煙室、消防設備空間、雨遮、陽台、管委會空間等共計２５項。,鋼筋混凝土造,109年4月8日,十層,
RPQNMLSKJIPFFAW67EA,,39.94,旅館,鋼筋混凝土造,109年4月8日,十層,八層 雨遮
RPQNMLSKJIPFFAW67EA,,45.14,店舖、集合住宅、本建物共有部分之項目有車道、排風機房、緊急昇降機、客梯兼無障礙電梯、廢水池、消防幫浦室、蓄水池、甲梯、進風機房、防空避難室兼停車空間、電信機房、乙梯、梯廳、汙物處理室、台電受電室、設備空間、機械室、停車空間、迴轉空間、發電機室、排煙室、消防設備空間、雨遮、陽台、管委會空間等共計２５項。,鋼筋混凝土造,109年4月8日,十層,
RPSNMLQLIIPFFAW57DA,,75.93,集合住宅,鋼筋混凝土造,109年7月21日,三層,一層
RPSNMLQLIIPFFAW57DA,,9.15,集合住宅：本共有部分之項目有樓梯間１項。,鋼筋混凝土造,109年7月21日,三層,
RPQNMLNJQHPFFAW57DA,,46.62,集合住宅,鋼筋混凝土造,107年7月23日,三層,三層 陽台
RPQNMLNJQHPFFAW57DA,,46.62,集合住宅,鋼筋混凝土造,107年7月23日,三層,三層 陽台
RPQNMLNJQHPFFAW57DA,,4.10,共有部分：本共有部分之項目計有門廳、梯廳及樓梯間等３項。,鋼筋混凝土造,107年7月23日,三層,
RPQNMLNJQHPFFAW57DA,,4.10,共有部分：本共有部分之項目計有門廳、梯廳及樓梯間等３項。,鋼筋混凝土造,107年7月23日,三層,
RPXNMLQJIIPFFAW87DA,,73.42,集合住宅,鋼筋混凝土造,109年5月29日,五層,二層 陽台
RPXNMLQJIIPFFAW87DA,,17.06,集合住宅：本共有部分之項目計有無障礙電梯、梯廳、安全梯、梯間、水箱等五項。,鋼筋混凝土造,109年5月29日,五層,
RPXNMLSKJIPFFAW38EA,,39.70,旅館,鋼筋混凝土造,109年4月8日,十層,四層 雨遮
RPXNMLSKJIPFFAW38EA,,20.52,店舖、集合住宅、本建物共有部分之項目有車道、排風機房、緊急昇降機、客梯兼無障礙電梯、廢水池、消防幫浦室、蓄水池、甲梯、進風機房、防空避難室兼停車空間、電信機房、乙梯、梯廳、汙物處理室、台電受電室、設備空間、機械室、停車空間、迴轉空間、發電機室、排煙室、消防設備空間、雨遮、陽台、管委會空間等共計２５項。,鋼筋混凝土造,109年4月8日,十層,
RPSNMLLLQHPFFAW77DA,2,95.37,集合住宅,鋼筋混凝土造,107年9月19日,三層,三層 陽台
RPSNMLLLQHPFFAW77DA,2,19.48,共有部分：本共有部分之項目有樓梯間及雨遮等２項。,鋼筋混凝土造,107年9月19日,三層,
RPTNMLMLRHPFFAW18EA,,76.62,集合住宅,鋼筋混凝土造,109年5月29日,五層,二層 陽台
RPTNMLMLRHPFFAW18EA,,17.80,集合住宅：本共有部分之項目計有無障礙電梯、梯廳、安全梯、梯間、水箱等五項。,鋼筋混凝土造,109年5月29日,五層,
RPUNMLMLRHPFFAW28EA,,73.42,集合住宅,鋼筋混凝土造,109年5月29日,五層,五層 陽台
RPUNMLMLRHPFFAW28EA,,17.18,集合住宅：本共有部分之項目計有無障礙電梯、梯廳、安全梯、梯間、水箱等五項。,鋼筋混凝土造,109年5月29日,五層,
RPPNMLRKRHPFFAW08DA,4,119.60,集合住宅,鋼筋混凝土造,105年11月4日,十一層,八層 陽台
RPPNMLRKRHPFFAW08DA,4,77.52,共有部分：本共有部分之項目有蓄水池、停車空間、滯洪池、消防蓄水池、消防機械室、儲藏室、車道、樓梯間、電信室、防空避難室兼停車空間、發電機房、台電配電室、管理室、公共廁所、梯廳、機房、水錶間、水箱、安全梯間、昇降機道、台電通道、機車區、甲梯無障礙樓梯（安全梯）、乙梯（安全梯）、昇降機及無障礙昇降機等２６項。,鋼筋混凝土造,105年11月4日,十一層,
RPQNMLRJPHPFFAW87DA,5,191.77,集村農舍,鋼筋混凝土造,104年9月11日,三層,一層 二層 三層 陽台
RPRNMLQKRHPFFAW28EA,,76.62,集合住宅,鋼筋混凝土造,109年5月29日,五層,五層 陽台
RPRNMLQKRHPFFAW28EA,,17.80,集合住宅：本共有部分之項目計有無障礙電梯、梯廳、安全梯、梯間、水箱等五項。,鋼筋混凝土造,109年5月29日,五層,
RPUNMLLLIIPFFAW27DA,,75.31,集合住宅,鋼筋混凝土造,109年5月29日,五層,三層 陽台
RPUNMLLLIIPFFAW27DA,,24.43,集合住宅：本共有部分之項目計有樓梯間、水箱等二項。,鋼筋混凝土造,109年5月29日,五層,
RPPNMLQKRHPFFAW08EA,,73.42,集合住宅,鋼筋混凝土造,109年5月29日,五層,四層 陽台
RPPNMLQKRHPFFAW08EA,,17.06,集合住宅：本共有部分之項目計有無障礙電梯、梯廳、安全梯、梯間、水箱等五項。,鋼筋混凝土造,109年5月29日,五層,
RPPNMLTLRHPFFAW38DA,,76.62,集合住宅,鋼筋混凝土造,109年5月29日,五層,三層 陽台
RPPNMLTLRHPFFAW38DA,,17.80,集合住宅：本共有部分之項目計有無障礙電梯、梯廳、安全梯、梯間、水箱等五項。,鋼筋混凝土造,109年5月29日,五層,
RPPOMLMKJIPFFAW96DA,,78.06,集合住宅,鋼筋混凝土造,109年8月17日,五層,一層 陽台
RPPOMLMKJIPFFAW96DA,,13.27,集合住宅：本共有部分之項目計無障礙電梯、梯廳、安全梯間、無障礙樓梯、機房（電信）、甲梯等６項。,鋼筋混凝土造,109年8月17日,五層,
RPSNMLLLIIPFFAW07DA,,71.43,集合住宅,鋼筋混凝土造,109年5月29日,五層,一層 陽台
RPSNMLLLIIPFFAW07DA,,24.43,集合住宅：本共有部分之項目計有樓梯間、水箱等二項。,鋼筋混凝土造,109年5月29日,五層,
RPSNMLQKRHPFFAW38EA,,36.71,集合住宅,鋼筋混凝土造,109年5月29日,五層,三層 陽台
RPSNMLQKRHPFFAW38EA,,36.71,集合住宅,鋼筋混凝土造,109年5月29日,五層,三層 陽台
RPSNMLQKRHPFFAW38EA,,8.53,集合住宅：本共有部分之項目計有無障礙電梯、梯廳、安全梯、梯間、水箱等五項。,鋼筋混凝土造,109年5月29日,五層,
RPSNMLQKRHPFFAW38EA,,8.53,集合住宅：本共有部分之項目計有無障礙電梯、梯廳、安全梯、梯間、水箱等五項。,鋼筋混凝土造,109年5月29日,五層,
RPQNMLQKRHPFFAW18EA,,76.62,集合住宅,鋼筋混凝土造,109年5月29日,五層,一層 陽台
RPQNMLQKRHPFFAW18EA,,17.80,集合住宅：本共有部分之項目計有無障礙電梯、梯廳、安全梯、梯間、水箱等五項。,鋼筋混凝土造,109年5月29日,五層,
RPTOMLKMPHPFFAW87DA,,76.17,集合住宅,鋼筋混凝土造,109年4月23日,五層,二層 陽台
RPTOMLKMPHPFFAW87DA,,11.12,集合住宅：本共有部分之項目計有安全梯、梯廳（升降機間）、升降機、無障礙樓梯、電梯機房、梯廳、電信室等７項。,鋼筋混凝土造,109年4月23日,五層,
RPQOMLTLIIPFFAW77DA,,213.30,住家用,鋼筋混凝土造,109年7月8日,三層,一層 二層 三層 陽台 屋頂突出物
RPRNMLOLJIPFFAW37DA,,76.62,集合住宅,鋼筋混凝土造,109年5月29日,五層,四層 陽台
RPRNMLOLJIPFFAW37DA,,17.80,集合住宅：本共有部分之項目計有無障礙電梯、梯廳、安全梯、梯間、水箱等五項。,鋼筋混凝土造,109年5月29日,五層,
RPRNMLOLRHPFFAW08DA,,191.85,集村農舍,鋼筋混凝土造,104年9月11日,三層,一層 二層 三層 陽台
