﻿鄉鎮市區,交易標的,土地位置建物門牌,土地移轉總面積平方公尺,都市土地使用分區,非都市土地使用分區,非都市土地使用編定,交易年月日,交易筆棟數,移轉層次,總樓層數,建物型態,主要用途,主要建材,建築完成年月,建物移轉總面積平方公尺,建物現況格局-房,建物現況格局-廳,建物現況格局-衛,建物現況格局-隔間,有無管理組織,總價元,單價元平方公尺,車位類別,車位移轉總面積(平方公尺),車位總價元,備註,編號,主建物面積,附屬建物面積,陽台面積,電梯,移轉編號
The villages and towns urban district,transaction sign,land sector position building sector house number plate,land shifting total area square meter,the use zoning or compiles and checks,the non-metropolis land use district,non-metropolis land use,transaction year month and day,transaction pen number,shifting level,total floor number,building state,main use,main building materials,construction to complete the years,building shifting total area,Building present situation pattern - room,building present situation pattern - hall,building present situation pattern - health,building present situation pattern - compartmented,Whether there is manages the organization,total price NTD,the unit price (NTD / square meter),the berth category,berth shifting total area square meter,the berth total price NTD,the note,serial number,main building area,auxiliary building area,balcony area,elevator,transaction number
金城鎮,土地,城南段336地號,52.06,住,,,1091202,土地1建物0車位0,,,其他,,,,0.0,0,0,0,有,無,3400000,65309,,0.0,0,,RPQNMLNJKIPFFAW07DA,0.0,0.0,0.0,無,
金沙鎮,土地,官嶼劃段599地號,1000.0,農,,,1091104,土地2建物0車位0,,,其他,,,,0.0,0,0,0,有,無,3000000,3000,,0.0,0,,RPUNMLOJJIPFFAW57EA,0.0,0.0,0.0,無,
金城鎮,土地,庵前村測段45地號,19.31,都市：其他:,,,1091103,土地1建物0車位0,,,其他,,,,0.0,0,0,0,有,無,200000,10357,,0.0,0,,RPSNMLPJJIPFFAW47EA,0.0,0.0,0.0,無,
金城鎮,土地,歐厝段292地號,569.46,農,,,1091105,土地1建物0車位0,,,其他,,,,0.0,0,0,0,有,無,900000,1580,,0.0,0,瑕疵物件；,RPUNMLPJJIPFFAW67EA,0.0,0.0,0.0,無,
金城鎮,土地,前水頭測段411地號,83.0,都市：其他:國家公園區,,,1091102,土地1建物0車位0,,,其他,,,,0.0,0,0,0,有,無,1800000,21687,,0.0,0,,RPSNMLMJJIPFFAW17EA,0.0,0.0,0.0,無,
金寧鄉,土地,北二三劃測段338地號,1000.01,農,,,1091111,土地1建物0車位0,,,其他,,,,0.0,0,0,0,有,無,6900000,6900,,0.0,0,,RPSNMLLKJIPFFAW07DA,0.0,0.0,0.0,無,
金寧鄉,土地,寧安二劃段294地號,1000.0,農,,,1091104,土地1建物0車位0,,,其他,,,,0.0,0,0,0,有,無,5200000,5200,,0.0,0,,RPXNMLMKJIPFFAW67DA,0.0,0.0,0.0,無,
金城鎮,房地(土地+建物),東沙３００號,550.02,農,,,1091110,土地1建物1車位0,全,三層,透天厝,農業用,鋼筋混凝土造,1091013,331.03,6,2,6,有,無,8000000,24167,,0.0,0,親友、員工、共有人或其他特殊關係間之交易；,RPRNMLMKJIPFFAW17EA,0.0,0.0,0.0,無,
金湖鎮,土地,湖東劃段149地號,354.0,農,,,1091107,土地1建物0車位0,,,其他,,,,0.0,0,0,0,有,無,3550000,10028,,0.0,0,未登記建物；,RPVOMLMKJIPFFAW67EA,0.0,0.0,0.0,無,
金湖鎮,土地,湖后劃段171地號,1120.0,農,,,1091103,土地1建物0車位0,,,其他,,,,0.0,0,0,0,有,無,4000000,3571,,0.0,0,,RPPNMLOKJIPFFAW07DA,0.0,0.0,0.0,無,
金城鎮,房地(土地+建物),中興路１６１巷１７號３樓,20.16,住,,,1091103,土地1建物1車位0,三層,五層,公寓(5樓含以下無電梯),住家用,鋼筋混凝土造,0880310,96.67,3,2,2,有,無,7300000,75515,,0.0,0,含傢俱設備費；,RPQNMLOJJIPFFAW07DA,76.73,0.0,10.2,無,
金寧鄉,土地,中山林段240地號,1207.81,農,,,1091111,土地2建物0車位0,,,其他,,,,0.0,0,0,0,有,無,5000000,4140,,0.0,0,,RPTNMLLKJIPFFAW17DA,0.0,0.0,0.0,無,
金寧鄉,土地,中三劃測段306地號,953.33,農,,,1091111,土地1建物0車位0,,,其他,,,,0.0,0,0,0,有,無,4400000,4615,,0.0,0,,RPQNMLMKJIPFFAW96DA,0.0,0.0,0.0,無,
金寧鄉,土地,寧湖二劃測段657地號,607.04,農,,,1091109,土地1建物0車位0,,,其他,,,,0.0,0,0,0,有,無,2000000,3295,,0.0,0,親友、員工、共有人或其他特殊關係間之交易；,RPRNMLQKJIPFFAW47DA,0.0,0.0,0.0,無,
金湖鎮,土地,漁村段395地號,200.18,都市：其他:自然村專用區,,,1091105,土地1建物0車位0,,,其他,,,,0.0,0,0,0,有,無,3000000,14987,,0.0,0,,RPRNMLRKJIPFFAW57DA,0.0,0.0,0.0,無,
金湖鎮,土地,漁村段394-15地號,315.93,都市：其他:自然村專用區,,,1091105,土地5建物0車位0,,,其他,,,,0.0,0,0,0,有,無,6500000,20574,,0.0,0,,RPSNMLRKJIPFFAW67DA,0.0,0.0,0.0,無,
金寧鄉,土地,寧古劃段1300地號,500.0,都市：其他:國家公園區,,,1091104,土地1建物0車位0,,,其他,,,,0.0,0,0,0,有,無,1200000,2400,,0.0,0,,RPQOMLNKJIPFFAW17DA,0.0,0.0,0.0,無,
金城鎮,土地,蜈蚣山段766地號,1336.64,都市：其他:國家公園區,,,1091102,土地2建物0車位0,,,其他,,,,0.0,0,0,0,有,無,1060000,793,,0.0,0,,RPTOMLMKJIPFFAW37DA,0.0,0.0,0.0,無,
金湖鎮,土地,塔后段261地號,743.27,都市：其他:保護區,,,1091118,土地1建物0車位0,,,其他,,,,0.0,0,0,0,有,無,1434511,1930,,0.0,0,政府機關標讓售；,RPPNMLSKJIPFFAW57EA,0.0,0.0,0.0,無,
金城鎮,房地(土地+建物),珠浦西路５０巷１１弄１０號三樓之２,14.07,住,,,1091102,土地1建物1車位0,三層,四層,公寓(5樓含以下無電梯),住家用,鋼筋混凝土造,0980520,41.75,1,1,1,有,有,2800000,67066,,0.0,0,陽台外推；,RPPNMLRKJIPFFAW37DA,26.99,2.39,3.78,無,
金寧鄉,房地(土地+建物),昔果山５７之２號,54.97,都市：其他:自然村專用區,,,1091105,土地1建物1車位0,一層,三層,公寓(5樓含以下無電梯),住家用,鋼筋混凝土造,1021025,94.07,3,2,2,有,無,5350000,56873,,0.0,0,,RPQNMLRKJIPFFAW47DA,83.08,0.0,5.67,無,
金湖鎮,土地,中五劃段740地號,967.0,都市：其他:國家公園區,,,1091109,土地1建物0車位0,,,其他,,,,0.0,0,0,0,有,無,5000000,5171,,0.0,0,,RPPNMLNLJIPFFAW07DA,0.0,0.0,0.0,無,
金沙鎮,土地,北九十劃段306地號,991.02,農,,,1091110,土地1建物0車位0,,,其他,,,,0.0,0,0,0,有,無,3450000,3481,,0.0,0,,RPRNMLKKJIPFFAW86DA,0.0,0.0,0.0,無,
金寧鄉,土地,寧湖三劃段694-1地號,1000.0,農,,,1091103,土地1建物0車位0,,,其他,,,,0.0,0,0,0,有,無,7380000,7380,,0.0,0,,RPSNMLOJJIPFFAW27DA,0.0,0.0,0.0,無,
金沙鎮,房地(土地+建物),陽翟３０７號,111.28,農,,,1091101,土地1建物1車位0,全,三層,透天厝,住家用,鋼筋混凝土造,1040918,171.82,5,3,5,有,無,8200000,47724,,0.0,0,,RPRNMLMJJIPFFAW96DA,171.82,0.0,0.0,無,
金城鎮,房地(土地+建物),小西門５之１號二樓,44.18,都市：其他:自然村專用區,,,1091104,土地1建物2車位0,二層,三層,公寓(5樓含以下無電梯),住家用,鋼筋混凝土造,1090623,88.84,3,2,3,有,無,5100000,57407,,0.0,0,,RPPNMLPJJIPFFAW07DA,73.13,0.0,5.09,無,
金沙鎮,土地,洋山段810地號,276.0,都市：其他:自然村專用區,,,1091111,土地2建物0車位0,,,其他,,,,0.0,0,0,0,有,無,3000000,10870,,0.0,0,,RPSOMLSKJIPFFAW87DA,0.0,0.0,0.0,無,
金湖鎮,房地(土地+建物),塔后３２２號２樓之２,38.73,都市：其他:自然村專用區,,,1091104,土地1建物1車位0,二層,四層,華廈(10層含以下有電梯),住家用,鋼筋混凝土造,1081002,90.13000000000001,3,1,2,有,有,6000000,66571,,0.0,0,,RPQNMLNLJIPFFAW17DA,61.21,0.0,10.05,有,
金沙鎮,房地(土地+建物),洋山８８號一樓之１,49.02,都市：其他:自然村專用區,,,1091109,土地2建物1車位0,一層,三層,公寓(5樓含以下無電梯),住家用,鋼筋混凝土造,1070308,67.78,2,1,1,有,無,3550000,52375,,0.0,0,,RPSNMLMKJIPFFAW17DA,62.98,0.0,0.0,無,
金沙鎮,土地,浯坑劃測段670-1地號,293.0,農,,,1091116,土地1建物0車位0,,,其他,,,,0.0,0,0,0,有,無,500000,1706,,0.0,0,,RPPNMLQLJIPFFAW37DA,0.0,0.0,0.0,無,
金沙鎮,土地,蔡厝劃測段25-1地號,534.03,農,,,1091113,土地1建物0車位0,,,其他,,,,0.0,0,0,0,有,無,2400000,4494,,0.0,0,,RPQNMLQLJIPFFAW47DA,0.0,0.0,0.0,無,
金湖鎮,土地,料羅段952地號,852.69,農,,,1091114,土地1建物0車位0,,,其他,,,,0.0,0,0,0,有,無,1620000,1900,,0.0,0,親友、員工、共有人或其他特殊關係間之交易；,RPQNMLPLJIPFFAW47EA,0.0,0.0,0.0,無,
金寧鄉,土地,寧安四劃段321地號,500.0,都市：其他:自然村專用區,,,1091120,土地1建物0車位0,,,其他,,,,0.0,0,0,0,有,無,12000000,24000,,0.0,0,親友、員工、共有人或其他特殊關係間之交易；,RPTNMLRLJIPFFAW87DA,0.0,0.0,0.0,無,
金湖鎮,土地,北五劃段34地號,413.5,農,,,1091124,土地1建物0車位0,,,其他,,,,0.0,0,0,0,有,無,1800000,4353,,0.0,0,,RPRNMLRLJIPFFAW77EA,0.0,0.0,0.0,無,
金城鎮,房地(土地+建物),西海路三段７２巷１弄１０號,122.24,農,,,1091109,土地2建物1車位0,全,三層,透天厝,住家用,鋼筋混凝土加強磚造,0840418,195.86,5,2,3,有,無,8500000,43398,,0.0,0,預售屋、或土地及建物分件登記案件；,RPRNMLKMJIPFFAW17EA,178.89,0.0,16.97,無,
金寧鄉,土地,寧湖三劃段791地號,918.14,都市：其他:閩南建築專用區,,,1091127,土地2建物0車位0,,,其他,,,,0.0,0,0,0,有,無,14000000,15248,,0.0,0,,RPWNMLLJKIPFFAW47DA,0.0,0.0,0.0,無,
金城鎮,房地(土地+建物),民生路２５號９樓之８,10.45,商,,,1091103,土地1建物1車位0,九層,十二層,住宅大樓(11層含以上有電梯),住家用,鋼骨混凝土造,0890821,94.16,2,2,2,有,有,6500000,69031,,0.0,0,,RPPNMLRLJIPFFAW47DA,67.43,0.0,5.94,有,
金寧鄉,房地(土地+建物),安岐３４５號,55.28,都市：其他:自然村專用區,,,1091119,土地1建物1車位0,一層,五層,華廈(10層含以下有電梯),住家用,鋼筋混凝土造,1090428,109.28,3,1,2,有,有,6200000,56735,,0.0,0,,RPPNMLKMJIPFFAW86DA,92.57,0.0,3.28,有,
金城鎮,房地(土地+建物),珠浦南路５０巷７之１號三樓,38.16,住,,,1091112,土地1建物2車位0,三層,三層,公寓(5樓含以下無電梯),辦公用,鋼筋混凝土造,1060302,75.14,2,1,1,有,無,5500000,73197,,0.0,0,,RPVNMLLJKIPFFAW37DA,55.08,0.0,7.36,無,
金寧鄉,土地,寧安二劃段294地號,1000.0,農,,,1091119,土地1建物0車位0,,,其他,,,,0.0,0,0,0,有,無,6600000,6600,,0.0,0,,RPPNMLMJKIPFFAW86DA,0.0,0.0,0.0,無,
金寧鄉,土地,寧湖二劃測段657地號,607.04,農,,,1091123,土地1建物0車位0,,,其他,,,,0.0,0,0,0,有,無,3800000,6260,,0.0,0,,RPQNMLMJKIPFFAW96DA,0.0,0.0,0.0,無,
金寧鄉,土地,鎮西段349地號,416.31,農,,,1091116,土地1建物0車位0,,,其他,,,,0.0,0,0,0,有,無,4300000,10329,,0.0,0,,RPSNMLMJKIPFFAW17DA,0.0,0.0,0.0,無,
金沙鎮,土地,官嶼劃段186-1地號,526.5,農,,,1091126,土地2建物0車位0,,,其他,,,,0.0,0,0,0,有,無,1350000,2564,,0.0,0,,RPOOMLLJKIPFFAW86EA,0.0,0.0,0.0,無,
金寧鄉,土地,寧湖三劃段797地號,1068.13,農,,,1091111,土地2建物0車位0,,,其他,,,,0.0,0,0,0,有,無,5200000,4868,,0.0,0,,RPWNMLMJKIPFFAW57DA,0.0,0.0,0.0,無,
金沙鎮,土地,浯坑劃測段218地號,974.08,農,,,1091124,土地1建物0車位0,,,其他,,,,0.0,0,0,0,有,無,4200000,4312,,0.0,0,,RPRNMLNJKIPFFAW17DA,0.0,0.0,0.0,無,
金湖鎮,土地,太武段1269地號,216.95,都市：其他:自然村專用區,,,1091119,土地3建物0車位0,,,其他,,,,0.0,0,0,0,有,無,800000,3687,,0.0,0,,RPRNMLOJKIPFFAW27DA,0.0,0.0,0.0,無,
金寧鄉,土地,寧湖三劃段700地號,693.0,農,,,1091130,土地1建物0車位0,,,其他,,,,0.0,0,0,0,有,無,3700000,5339,,0.0,0,,RPSNMLNJKIPFFAW37EA,0.0,0.0,0.0,無,
金沙鎮,土地,高坑劃測段952地號,250.0,農,,,1091120,土地1建物0車位0,,,其他,,,,0.0,0,0,0,有,無,550000,2200,,0.0,0,,RPXNMLLJKIPFFAW57DA,0.0,0.0,0.0,無,
金寧鄉,土地,寧北一劃段324地號,978.63,農,,,1091125,土地1建物0車位0,,,其他,,,,0.0,0,0,0,有,無,3200000,3270,,0.0,0,,RPSNMLOJKIPFFAW37DA,0.0,0.0,0.0,無,
金寧鄉,房地(土地+建物)+車位,東洲７６號三樓,57.49,都市：其他:自然村專用區,,,1091124,土地1建物1車位1,三層,三層,公寓(5樓含以下無電梯),住家用,鋼筋混凝土造,1040721,141.5,3,2,2,有,無,6860000,48481,坡道平面,0.0,0,,RPRNMLSJKIPFFAW67DA,81.7,2.99,9.11,無,
金寧鄉,房地(土地+建物),安岐２９１號二樓,39.6,都市：其他:自然村專用區,,,1091108,土地1建物1車位0,二層,五層,華廈(10層含以下有電梯),住家用,鋼筋混凝土造,1070130,102.47,3,2,2,有,無,5900000,57578,,0.0,0,,RPPNMLTJKIPFFAW57DA,80.41,0.0,11.33,有,
金城鎮,房地(土地+建物),山前６８號,55.73,農,,,1091125,土地1建物1車位0,一層,三層,華廈(10層含以下有電梯),住家用,鋼筋混凝土造,1031222,83.26,3,2,2,有,無,5000000,60053,,0.0,0,含傢俱設備費；,RPSNMLRLJIPFFAW77DA,64.9,0.0,2.71,有,
金寧鄉,土地,盤山村測段68地號,56.01,都市：其他:自然村專用區,,,1091012,土地1建物0車位0,,,其他,,,,0.0,0,0,0,有,無,1250000,22317,,0.0,0,,RPRNMLMKIIPFFAW07EA,0.0,0.0,0.0,無,
金寧鄉,土地,寧湖一劃段35-4地號,151.41,農,,,1091008,土地4建物0車位0,,,其他,,,,0.0,0,0,0,有,無,1710977,11300,,0.0,0,,RPPNMLPKIIPFFAW17EA,0.0,0.0,0.0,無,
金寧鄉,土地,寧湖一劃段35地號,147.39,農,,,1091008,土地4建物0車位0,,,其他,,,,0.0,0,0,0,有,無,1665483,11300,,0.0,0,,RPQNMLPKIIPFFAW27EA,0.0,0.0,0.0,無,
金寧鄉,土地,寧湖一劃段35地號,147.39,農,,,1091008,土地4建物0車位0,,,其他,,,,0.0,0,0,0,有,無,1665404,11299,,0.0,0,,RPRNMLPKIIPFFAW37EA,0.0,0.0,0.0,無,
金寧鄉,土地,寧湖一劃段35地號,147.39,農,,,1091008,土地4建物0車位0,,,其他,,,,0.0,0,0,0,有,無,1665483,11300,,0.0,0,,RPSNMLPKIIPFFAW47EA,0.0,0.0,0.0,無,
金寧鄉,土地,寧湖一劃段35地號,147.39,農,,,1091008,土地4建物0車位0,,,其他,,,,0.0,0,0,0,有,無,1665483,11300,,0.0,0,,RPTNMLPKIIPFFAW57EA,0.0,0.0,0.0,無,
金寧鄉,土地,寧湖一劃段35-13地號,155.27,農,,,1091008,土地4建物0車位0,,,其他,,,,0.0,0,0,0,有,無,1754562,11300,,0.0,0,,RPUNMLPKIIPFFAW67EA,0.0,0.0,0.0,無,
金湖鎮,土地,中四劃段9地號,352.0,農,,,1091012,土地1建物0車位0,,,其他,,,,0.0,0,0,0,有,無,1500000,4261,,0.0,0,,RPPOMLPKIIPFFAW17DA,0.0,0.0,0.0,無,
金湖鎮,建物,復興路１之４１號五樓,0.0,,,,1091015,土地0建物1車位0,五層,五層,公寓(5樓含以下無電梯),住家用,鋼筋混凝土造,0900221,126.33000000000001,3,2,2,有,無,2100000,16623,,0.0,0,,RPUNMLTKIIPFFAW97DA,94.11,0.0,5.04,無,
金寧鄉,土地,寧湖一劃段35-11地號,149.98,農,,,1091008,土地4建物0車位0,,,其他,,,,0.0,0,0,0,有,無,1694773,11300,,0.0,0,,RPVNMLPKIIPFFAW77EA,0.0,0.0,0.0,無,
金寧鄉,土地,寧湖一劃段35-4地號,151.44,農,,,1091008,土地4建物0車位0,,,其他,,,,0.0,0,0,0,有,無,1711294,11300,,0.0,0,,RPWNMLPKIIPFFAW87EA,0.0,0.0,0.0,無,
金寧鄉,土地,寧湖一劃段35-4地號,157.38,農,,,1091008,土地2建物0車位0,,,其他,,,,0.0,0,0,0,有,無,1778394,11300,,0.0,0,,RPXNMLPKIIPFFAW97EA,0.0,0.0,0.0,無,
金寧鄉,土地,寧湖一劃段35-4地號,173.1,農,,,1091008,土地2建物0車位0,,,其他,,,,0.0,0,0,0,有,無,1956030,11300,,0.0,0,,RPOOMLPKIIPFFAW17EA,0.0,0.0,0.0,無,
金城鎮,土地,泗湖村測段72地號,57.83,都市：其他:自然村專用區,,,1091016,土地1建物0車位0,,,其他,,,,0.0,0,0,0,有,無,260000,4496,,0.0,0,親友、員工、共有人或其他特殊關係間之交易；,RPPNMLKLIIPFFAW66DA,0.0,0.0,0.0,無,
金沙鎮,土地,沙田劃段214地號,1000.0,都市：其他:保護區,,,1091019,土地1建物0車位0,,,其他,,,,0.0,0,0,0,有,無,2000000,2000,,0.0,0,親友、員工、共有人或其他特殊關係間之交易；,RPQNMLKLIIPFFAW76DA,0.0,0.0,0.0,無,
金寧鄉,房地(土地+建物),頂堡３００號三樓,55.99,都市：其他:自然村專用區,,,1091013,土地1建物1車位0,三層,三層,公寓(5樓含以下無電梯),住家用,鋼筋混凝土造,1050621,118.85,3,2,2,有,無,6300000,53008,,0.0,0,,RPRNMLKLIIPFFAW86DA,84.52,0.0,12.68,無,
金城鎮,土地,珠山段539地號,986.57,都市：其他:國家公園區,,,1091006,土地1建物0車位0,,,其他,,,,0.0,0,0,0,有,無,7000000,7095,,0.0,0,,RPOOMLQJIIPFFAW07DA,0.0,0.0,0.0,無,
金沙鎮,土地,中蘭劃測段160-1地號,400.0,農,,,1091006,土地1建物0車位0,,,其他,,,,0.0,0,0,0,有,無,1300000,3250,,0.0,0,,RPPOMLQJIIPFFAW17DA,0.0,0.0,0.0,無,
金城鎮,土地,古井段100-2地號,743.94,農,,,1091012,土地3建物0車位0,,,其他,,,,0.0,0,0,0,有,無,4550000,6116,,0.0,0,,RPVNMLLLIIPFFAW37DA,0.0,0.0,0.0,無,
金城鎮,房地(土地+建物),大學路５３巷６弄１號三樓之１,11.97,農,,,1091014,土地2建物1車位0,三層,三層,公寓(5樓含以下無電梯),住家用,鋼筋混凝土造,0981222,31.9,1,1,1,有,無,2500000,78370,,0.0,0,預售屋、或土地及建物分件登記案件；,RPXNMLLLIIPFFAW57DA,24.82,0.0,1.66,無,
金寧鄉,土地,寧安二劃段294地號,1398.27,農,,,1091020,土地2建物0車位0,,,其他,,,,0.0,0,0,0,有,無,3782848,2705,,0.0,0,,RPQNMLLLIIPFFAW86DA,0.0,0.0,0.0,無,
金湖鎮,土地,市港段7地號,48.61,住,,,1091019,土地1建物0車位0,,,其他,,,,0.0,0,0,0,有,無,4800000,98745,,0.0,0,親友、員工、共有人或其他特殊關係間之交易；,RPTNMLTKIIPFFAW87DA,0.0,0.0,0.0,無,
金湖鎮,房地(土地+建物),塔后３３２號,105.46,都市：其他:自然村專用區,,,1091013,土地2建物1車位0,全,三層,透天厝,住家用,鋼筋混凝土造,0960327,201.75,3,2,2,有,無,9680000,47980,,0.0,0,,RPRNMLNLIIPFFAW17DA,189.0,0.0,12.75,無,
烈嶼鄉,土地,九宮測段387地號,150.44,都市：其他:保護區,,,1091016,土地1建物0車位0,,,其他,,,,0.0,0,0,0,有,無,116000,771,,0.0,0,親友、員工、共有人或其他特殊關係間之交易；,RPPNMLQLIIPFFAW37EA,0.0,0.0,0.0,無,
金城鎮,房地(土地+建物),西海路三段２２巷１０弄６６號,77.96,農,,,1091013,土地1建物1車位0,全,三層,透天厝,住家用,鋼筋混凝土加強磚造,0831104,195.86,6,1,3,有,無,8200000,41867,,0.0,0,,RPPNMLMLIIPFFAW86DA,178.89,0.0,16.97,無,
金沙鎮,土地,蔡厝劃測段756地號,640.75,農,,,1091006,土地1建物0車位0,,,其他,,,,0.0,0,0,0,有,無,1700000,2653,,0.0,0,,RPVNMLQLIIPFFAW87DA,0.0,0.0,0.0,無,
金寧鄉,房地(土地+建物)+車位,湖下３８０之１號,101.72,都市：其他:自然村專用區,,,1091022,土地2建物1車位1,全,四層,透天厝,住家用,鋼筋混凝土造,1090612,234.79,3,2,4,有,無,16800000,71553,其他,0.0,0,土地9240000元，建物7560000元，電梯現況尚未安裝。,RPPNMLSLIIPFFAW47DA,216.69,0.0,18.1,有,
金寧鄉,土地,盤山村測段109地號,169.07,都市：其他:自然村專用區,,,1091027,土地1建物0車位0,,,其他,,,,0.0,0,0,0,有,無,4500000,26616,,0.0,0,,RPUNMLSLIIPFFAW97DA,0.0,0.0,0.0,無,
金寧鄉,房地(土地+建物),頂堡２５５號三樓,61.64,都市：其他:自然村專用區,,,1091017,土地2建物2車位0,三層,三層,公寓(5樓含以下無電梯),住家用,鋼筋混凝土造,1040609,116.82,2,2,2,有,無,6030000,51618,,0.0,0,,RPVOMLSLIIPFFAW18DA,90.88,0.0,11.98,無,
金沙鎮,土地,鵲山段128地號,728.3,都市：其他:保護區,,,1091008,土地1建物0車位0,,,其他,,,,0.0,0,0,0,有,無,1200000,1648,,0.0,0,,RPWOMLSLIIPFFAW28DA,0.0,0.0,0.0,無,
金沙鎮,土地,北八劃段487地號,1000.0,農,,,1091028,土地1建物0車位0,,,其他,,,,0.0,0,0,0,有,無,3000000,3000,,0.0,0,,RPWNMLSLIIPFFAW28EA,0.0,0.0,0.0,無,
金沙鎮,土地,官嶼劃段908地號,1497.0,農,,,1091028,土地2建物0車位0,,,其他,,,,0.0,0,0,0,有,無,6500000,4342,,0.0,0,,RPOOMLTLIIPFFAW57DA,0.0,0.0,0.0,無,
金沙鎮,土地,官澳段1413地號,498.0,都市：其他:自然村專用區,,,1091028,土地1建物0車位0,,,其他,,,,0.0,0,0,0,有,無,4000000,8032,,0.0,0,,RPPOMLTLIIPFFAW67DA,0.0,0.0,0.0,無,
金城鎮,土地,歐厝段1地號,546.88,農,,,1091016,土地2建物0車位0,,,其他,,,,0.0,0,0,0,有,無,2800000,5120,,0.0,0,,RPPNMLMJJIPFFAW76DA,0.0,0.0,0.0,無,
金寧鄉,土地,安西劃段241地號,198.45,都市：其他:自然村專用區,,,1091021,土地1建物0車位0,,,其他,,,,0.0,0,0,0,有,無,1850000,9322,,0.0,0,親友、員工、共有人或其他特殊關係間之交易；,RPQNMLMJJIPFFAW86DA,0.0,0.0,0.0,無,
金湖鎮,房地(土地+建物),環島南路塔后段５巷２１號三樓,63.73,都市：其他:自然村專用區,,,1091026,土地2建物2車位0,三層,三層,公寓(5樓含以下無電梯),住家用,鋼筋混凝土造,0990707,103.75999999999999,3,2,2,有,無,6000000,57826,,0.0,0,,RPVNMLSLIIPFFAW08DA,86.71,0.0,6.0,無,
金湖鎮,房地(土地+建物),塔后２６５號,122.22,都市：其他:自然村專用區,,,1091026,土地1建物1車位0,全,三層,透天厝,住家用,鋼筋混凝土造,0880615,167.15,4,3,4,有,無,9000000,53844,,0.0,0,其他增建；,RPWNMLSLIIPFFAW18DA,144.69,10.21,12.25,無,
金寧鄉,房地(土地+建物)+車位,湖下３８０之２號,101.72,都市：其他:自然村專用區,,,1091022,土地2建物1車位1,全,四層,透天厝,住家用,鋼筋混凝土造,1090612,234.79,3,2,4,有,無,16000000,68146,其他,0.0,0,土地8800000元，建物7200000元，電梯現況尚未安裝。,RPQNMLSLIIPFFAW57DA,216.69,0.0,18.1,有,
金寧鄉,房地(土地+建物)+車位,湖下３８０之７號,101.72,都市：其他:自然村專用區,,,1091022,土地2建物1車位1,全,四層,透天厝,住家用,鋼筋混凝土造,1090612,234.79,3,2,4,有,無,16000000,68146,其他,0.0,0,土地8800000元，建物7200000元，電梯現況尚未安裝。,RPRNMLSLIIPFFAW67DA,216.69,0.0,18.1,有,
金寧鄉,房地(土地+建物)+車位,湖下３８０之１５號,101.72,都市：其他:自然村專用區,,,1091022,土地2建物1車位1,全,四層,透天厝,住家用,鋼筋混凝土造,1090612,233.87,3,2,4,有,無,16000000,68414,其他,0.0,0,土地8800000元，建物7200000元，電梯現況尚未安裝。,RPSNMLSLIIPFFAW77DA,214.25,0.0,19.62,有,
金寧鄉,房地(土地+建物),湖下３８０之１７號三樓,26.7,都市：其他:自然村專用區,,,1091022,土地2建物1車位0,三層,四層,華廈(10層含以下有電梯),住家用,鋼筋混凝土造,1090612,62.45,2,1,1,有,無,5000000,80064,,0.0,0,土地2750000元，建物2250000元，電梯現況尚未安裝。,RPTNMLSLIIPFFAW87DA,46.73,0.0,2.24,有,
金寧鄉,房地(土地+建物),湖下２５３號二樓,59.94,都市：其他:自然村專用區,,,1091026,土地3建物1車位0,二層,五層,華廈(10層含以下有電梯),住家用,鋼筋混凝土造,1090629,116.24000000000001,3,1,3,有,有,6050000,52047,,0.0,0,,RPPNMLNJJIPFFAW86DA,97.05,0.0,7.01,有,
金寧鄉,房地(土地+建物),湖下３０１之１號四樓,32.81,都市：其他:自然村專用區,,,1091030,土地1建物1車位0,四層,五層,華廈(10層含以下有電梯),住家用,鋼筋混凝土造,1090925,76.50999999999999,2,2,1,有,無,4550000,59469,,0.0,0,,RPRNMLKMIIPFFAW96DA,56.34,0.0,5.53,有,
金湖鎮,土地,湖前段28地號,316.27,都市：其他:保存區,,,1091029,土地3建物0車位0,,,其他,,,,0.0,0,0,0,有,無,4728237,14950,,0.0,0,協議價購；,RPXNMLMJJIPFFAW57DA,0.0,0.0,0.0,無,
金寧鄉,房地(土地+建物),湖下２５５號二樓,59.94,都市：其他:自然村專用區,,,1091026,土地3建物1車位0,二層,五層,華廈(10層含以下有電梯),住家用,鋼筋混凝土造,1090629,116.97,3,1,3,有,有,6050000,51723,,0.0,0,,RPQNMLNJJIPFFAW96DA,97.78,0.0,7.01,有,
金寧鄉,房地(土地+建物),湖下２５５號三樓,59.94,都市：其他:自然村專用區,,,1091026,土地3建物1車位0,三層,五層,華廈(10層含以下有電梯),住家用,鋼筋混凝土造,1090629,116.97,3,1,3,有,有,6860000,58648,,0.0,0,,RPRNMLNJJIPFFAW07DA,97.78,0.0,7.01,有,
烈嶼鄉,土地,公園測段102地號,532.74,,,,1091017,土地2建物0車位0,,,其他,,,,0.0,0,0,0,有,無,320000,601,,0.0,0,,RPSNMLNJJIPFFAW17DA,0.0,0.0,0.0,無,
金城鎮,土地,庵前劃測段435地號,493.64,都市：其他:保護區,,,1091020,土地1建物0車位0,,,其他,,,,0.0,0,0,0,有,無,2650000,5368,,0.0,0,,RPPNMLOJJIPFFAW96DA,0.0,0.0,0.0,無,
金城鎮,土地,庵前劃測段107地號,500.02,農,,,1091015,土地1建物0車位0,,,其他,,,,0.0,0,0,0,有,無,2650000,5300,,0.0,0,,RPTNMLOJJIPFFAW37DA,0.0,0.0,0.0,無,
金城鎮,房地(土地+建物),西海路三段７２巷１弄８號,161.56,農,,,1091030,土地2建物1車位0,全,三層,透天厝,住家用,鋼筋混凝土加強磚造,0840418,200.99,5,2,3,有,無,9100000,45276,,0.0,0,,RPRNMLQJJIPFFAW47EA,183.73,0.0,17.26,無,
金沙鎮,土地,沙田劃段17-1地號,1482.0,都市：其他:保護區,,,1091021,土地2建物0車位0,,,其他,,,,0.0,0,0,0,有,無,6000000,4049,,0.0,0,,RPRNMLQJJIPFFAW37DA,0.0,0.0,0.0,無,
金沙鎮,土地,中蘭劃測段371-1地號,490.01,,,,1091026,土地1建物0車位0,,,其他,,,,0.0,0,0,0,有,無,2000000,4082,,0.0,0,,RPQNMLPJJIPFFAW17DA,0.0,0.0,0.0,無,
金沙鎮,土地,高坑劃測段456地號,492.51,農,,,1091026,土地1建物0車位0,,,其他,,,,0.0,0,0,0,有,無,2250000,4568,,0.0,0,,RPRNMLPJJIPFFAW27DA,0.0,0.0,0.0,無,
金城鎮,土地,金門城測段658-1地號,402.64,都市：其他:,,,1091023,土地2建物0車位0,,,其他,,,,0.0,0,0,0,有,無,10000000,24836,,0.0,0,,RPQNMLNLIIPFFAW07DA,0.0,0.0,0.0,無,
金城鎮,房地(土地+建物),金門城８８之８號五樓,49.06,,,,1091011,土地1建物1車位0,五層,五層,華廈(10層含以下有電梯),住家用,鋼筋混凝土造,1090423,110.17999999999999,3,2,2,有,無,6810000,61808,,0.0,0,預售屋、或土地及建物分件登記案件；,RPQNMLOKIIPFFAW07DA,88.52,0.0,7.64,有,
金沙鎮,土地,青嶼測段428地號,1294.61,都市：其他:國家公園區,,,1091028,土地1建物0車位0,,,其他,,,,0.0,0,0,0,有,無,1200000,927,,0.0,0,,RPOOMLSLIIPFFAW47DA,0.0,0.0,0.0,無,
金寧鄉,房地(土地+建物),湖南１３之１７號三樓,61.97,都市：其他:自然村專用區,,,1091006,土地1建物1車位0,三層，見其他登記事項,三層,公寓(5樓含以下無電梯),住家用,鋼筋混凝土造,1070816,115.88,3,2,3,有,無,7100000,61270,,0.0,0,,RPPOMLSJIIPFFAW37DA,94.12,0.0,9.18,無,
金湖鎮,房地(土地+建物),塔后５０１號一樓之１,17.95,都市：其他:自然村專用區,,,1091026,土地1建物1車位0,一層,三層,華廈(10層含以下有電梯),住家用,鋼筋混凝土造,1060627,32.24,1,1,1,有,無,2500000,77543,,0.0,0,預售屋、或土地及建物分件登記案件；,RPQNMLTLIIPFFAW67DA,26.66,0.0,0.0,有,
金湖鎮,房地(土地+建物),塔后３２０號,83.68,都市：其他:自然村專用區,,,1091027,土地1建物1車位0,一層，二層，三層，見其他登記事項,四層,公寓(5樓含以下無電梯),住家用,鋼筋混凝土造,1081002,194.59,5,3,5,有,無,12000000,61668,,0.0,0,,RPPNMLTJJIPFFAW47DA,175.9,5.76,12.92,無,
金沙鎮,房地(土地+建物),東店１８號三樓,31.79,都市：其他:自然村專用區,,,1091026,土地1建物1車位0,三層,三層,公寓(5樓含以下無電梯),住家用,鋼筋混凝土造,1060112,83.16,2,1,1,有,有,2500000,30063,,0.0,0,,RPRNMLTJJIPFFAW67DA,44.21,0.0,2.3,無,
金城鎮,房地(土地+建物),民族路２４６巷５號三樓,15.7,住,,,1091028,土地1建物1車位0,三層,四層,公寓(5樓含以下無電梯),辦公用,鋼筋混凝土造,1040811,43.21,1,1,1,有,無,3760000,87017,,0.0,0,,RPQNMLTJJIPFFAW57DA,32.23,0.0,4.16,無,
金寧鄉,房地(土地+建物)+車位,湖下３８０之６號,101.89,都市：其他:自然村專用區,,,1091022,土地2建物1車位1,全,四層,透天厝,住家用,鋼筋混凝土造,1090612,237.9,3,2,4,有,無,16000000,67255,其他,0.0,0,電梯現況尚未安裝，土地8800000元，建物7200000元。預售屋、或土地及建物分件登記案件；,RPWNMLPJJIPFFAW77DA,219.8,0.0,18.1,有,
金沙鎮,土地,峰上段788地號,3214.65,農,,,1091029,土地5建物0車位0,,,其他,,,,0.0,0,0,0,有,無,7500000,2333,,0.0,0,,RPVNMLMJJIPFFAW37DA,0.0,0.0,0.0,無,
金湖鎮,房地(土地+建物),國順街２０號,98.38,工,,,1091029,土地1建物1車位0,全,三層,透天厝,工業用,水泥磚造，鋼筋水泥,0810108,232.5,0,0,0,無,無,12000000,51613,,0.0,0,頂樓加蓋；,RPRNMLOJJIPFFAW17DA,232.5,0.0,0.0,無,
金城鎮,房地(土地+建物),大古崗１２７號二樓,47.5,都市：其他:自然村專用區,,,1091028,土地3建物1車位0,二層,五層,華廈(10層含以下有電梯),住家用,鋼筋混凝土造,1090529,96.2,3,2,2,有,無,5400000,56133,,0.0,0,,RPSNMLTLIIPFFAW87DA,77.01,0.0,6.97,有,
金湖鎮,房地(土地+建物),塔后１８０號一樓之２,45.94,都市：其他:自然村專用區,,,1091026,土地1建物1車位0,一層,四層,華廈(10層含以下有電梯),住家用,鋼筋混凝土造,1090716,95.28999999999999,3,1,2,有,無,5700000,59817,,0.0,0,,RPQNMLKKJIPFFAW76DA,77.79,0.0,3.03,有,
金湖鎮,土地,南雄段355地號,138.15,農,,,1091020,土地1建物0車位0,,,其他,,,,0.0,0,0,0,有,無,308000,2229,,0.0,0,親友、員工、共有人或其他特殊關係間之交易；,RPTNMLMKJIPFFAW27DA,0.0,0.0,0.0,無,
金湖鎮,土地,南雄段350地號,112.03,都市：其他:國家公園區,,,1091020,土地1建物0車位0,,,其他,,,,0.0,0,0,0,有,無,246466,2200,,0.0,0,親友、員工、共有人或其他特殊關係間之交易；,RPUNMLMKJIPFFAW37DA,0.0,0.0,0.0,無,
金湖鎮,房地(土地+建物),料羅１２７號二樓,31.0,都市：其他:自然村專用區,,,1091003,土地1建物1車位0,二層,三層,公寓(5樓含以下無電梯),住家用,鋼筋混凝土造,1071025,62.03,2,1,1,有,無,3200000,51588,,0.0,0,,RPPNMLKMIIPFFAW76DA,52.19,0.0,4.52,無,
金沙鎮,土地,青嶼測段512地號,461.42,農,,,1091028,土地1建物0車位0,,,其他,,,,0.0,0,0,0,有,無,600000,1300,,0.0,0,,RPXNMLNKJIPFFAW87EA,0.0,0.0,0.0,無,
金寧鄉,房地(土地+建物),湖下３００號三樓,39.94,都市：其他:自然村專用區,,,1091030,土地1建物1車位0,三層,五層,華廈(10層含以下有電梯),住家用,鋼筋混凝土造,1090925,92.72999999999999,3,2,2,有,無,5600000,60390,,0.0,0,預售屋、或土地及建物分件登記案件；,RPROMLMKJIPFFAW17DA,68.57,0.0,6.34,有,
金寧鄉,房地(土地+建物),湖下３００號四樓,39.94,都市：其他:自然村專用區,,,1091030,土地1建物1車位0,四層,五層,華廈(10層含以下有電梯),住家用,鋼筋混凝土造,1090925,92.72999999999999,3,2,2,有,無,5500000,59312,,0.0,0,預售屋、或土地及建物分件登記案件；,RPUOMLMKJIPFFAW47DA,68.57,0.0,6.34,有,
金寧鄉,房地(土地+建物),湖下３００之１號四樓,32.81,都市：其他:自然村專用區,,,1091030,土地1建物1車位0,四層,五層,華廈(10層含以下有電梯),住家用,鋼筋混凝土造,1090925,76.50999999999999,2,2,1,有,無,4500000,58816,,0.0,0,預售屋、或土地及建物分件登記案件；,SPUOMLMKJIPFFAW57DA,56.34,0.0,5.53,有,
金寧鄉,房地(土地+建物),湖下３００之１號,32.81,都市：其他:自然村專用區,,,1091030,土地1建物1車位0,一層,五層,華廈(10層含以下有電梯),住家用,鋼筋混凝土造,1090925,76.21000000000001,2,2,1,有,無,4600000,60360,,0.0,0,預售屋、或土地及建物分件登記案件；,RPVOMLMKJIPFFAW57DA,55.97,0.0,5.6,有,
金寧鄉,房地(土地+建物),湖下３００之１號二樓,32.81,都市：其他:自然村專用區,,,1091030,土地1建物1車位0,二層,五層,華廈(10層含以下有電梯),住家用,鋼筋混凝土造,1090925,76.50999999999999,2,2,1,有,無,4750000,62083,,0.0,0,預售屋、或土地及建物分件登記案件；,RPWOMLMKJIPFFAW67DA,56.34,0.0,5.53,有,
金寧鄉,房地(土地+建物),湖下３００之１號五樓,32.81,都市：其他:自然村專用區,,,1091030,土地1建物1車位0,五層,五層,華廈(10層含以下有電梯),住家用,鋼筋混凝土造,1090925,76.50999999999999,2,2,1,有,無,4620000,60384,,0.0,0,預售屋、或土地及建物分件登記案件；,RPXOMLMKJIPFFAW77DA,56.34,0.0,5.53,有,
金寧鄉,房地(土地+建物),湖下３００之１號三樓,32.81,都市：其他:自然村專用區,,,1091030,土地1建物1車位0,三層,五層,華廈(10層含以下有電梯),住家用,鋼筋混凝土造,1090925,76.50999999999999,2,2,1,有,無,4720000,61691,,0.0,0,預售屋、或土地及建物分件登記案件；,RPOPMLMKJIPFFAW96DA,56.34,0.0,5.53,有,
金寧鄉,房地(土地+建物),湖下３０１號四樓,39.94,都市：其他:自然村專用區,,,1091030,土地1建物1車位0,四層,五層,華廈(10層含以下有電梯),住家用,鋼筋混凝土造,1090925,92.72999999999999,3,2,2,有,無,5600000,60390,,0.0,0,預售屋、或土地及建物分件登記案件；,RPPPMLMKJIPFFAW07DA,68.57,0.0,6.34,有,
金城鎮,土地,北一段500-2地號,331.78,,,,1091027,土地1建物0車位0,,,其他,,,,0.0,0,0,0,有,無,5556000,16746,,0.0,0,,RPUNMLNKJIPFFAW47DA,0.0,0.0,0.0,無,
金城鎮,土地,北一段500地號,384.62,農,,,1091027,土地1建物0車位0,,,其他,,,,0.0,0,0,0,有,無,6444000,16754,,0.0,0,,RPVNMLNKJIPFFAW57DA,0.0,0.0,0.0,無,
金城鎮,土地,延平段883地號,876.47,農,,,1091030,土地2建物0車位0,,,其他,,,,0.0,0,0,0,有,無,7449995,8500,,0.0,0,,RPOOMLNKJIPFFAW96DA,0.0,0.0,0.0,無,
金寧鄉,房地(土地+建物),頂堡６３之７號三樓,62.94,都市：其他:自然村專用區,,,1091023,土地1建物2車位0,三層,三層,公寓(5樓含以下無電梯),住家用,鋼筋混凝土造,1010918,111.98,3,2,2,有,無,6800000,60725,,0.0,0,含傢俱設備費；,RPTOMLQLIIPFFAW77DA,92.93,0.0,8.0,無,
金城鎮,土地,珠山段935地號,929.29,都市：其他:國家公園區,,,1091029,土地1建物0車位0,,,其他,,,,0.0,0,0,0,有,無,1500000,1614,,0.0,0,,RPTNMLRKJIPFFAW87EA,0.0,0.0,0.0,無,
金湖鎮,房地(土地+建物),成功５１之２號,216.0,都市：其他:自然村專用區,,,1091027,土地1建物1車位0,全,二層,透天厝,住家用,鋼筋混凝土造,0980910,210.52,4,2,3,有,無,13150000,62464,,0.0,0,,RPSNMLKLJIPFFAW07DA,199.32,0.0,11.2,無,
金湖鎮,房地(土地+建物)+車位,市港五路１６０之１號８樓,7.69,商,,,1091015,土地1建物1車位1,八層,十層,華廈(10層含以下有電梯),商業用,鋼筋混凝土造,1090408,78.39,1,1,1,有,無,5265000,82609,坡道平面,24.34,800000,,RPRNMLSKJIPFFAW77EA,29.44,1.02,4.91,有,
金湖鎮,房地(土地+建物)+車位,市港五路１６２之１號８樓,7.64,商,,,1091015,土地1建物1車位1,八層,十層,華廈(10層含以下有電梯),商業用,鋼筋混凝土造,1090408,78.11,1,1,1,有,無,5255000,82853,坡道平面,24.34,800000,,RPSNMLSKJIPFFAW87EA,29.3,0.98,4.91,有,
金湖鎮,房地(土地+建物)+車位,市港五路１６０號８樓,7.89,商,,,1091015,土地1建物1車位1,八層,十層,華廈(10層含以下有電梯),商業用,鋼筋混凝土造,1090408,80.33,1,1,1,有,無,5535000,84569,坡道平面,24.34,800000,,RPTNMLSKJIPFFAW97EA,32.73,4.07,0.0,有,
金湖鎮,房地(土地+建物),市港五路１６２號８樓,7.91,商,,,1091015,土地1建物1車位0,八層,十層,華廈(10層含以下有電梯),商業用,鋼筋混凝土造,1090408,56.22,1,1,1,有,無,4755000,84578,,0.0,0,,RPUNMLSKJIPFFAW08EA,32.9,4.07,0.0,有,
金湖鎮,房地(土地+建物),市港五路１５８號４樓,8.55,商,,,1091009,土地1建物1車位0,四層,十層,華廈(10層含以下有電梯),商業用,鋼筋混凝土造,1090408,60.73,1,1,1,有,無,4890000,80520,,0.0,0,,RPOOMLSKJIPFFAW57EA,35.55,4.39,0.0,有,
金湖鎮,房地(土地+建物),市港五路１５８號３樓,8.55,商,,,1091014,土地1建物1車位0,三層,十層,華廈(10層含以下有電梯),住家用,鋼筋混凝土造,1090408,60.73,1,1,1,有,無,5100000,83978,,0.0,0,,RPPOMLSKJIPFFAW67EA,35.55,4.39,0.0,有,
金寧鄉,房地(土地+建物),西堡３９之９號二樓,41.09,都市：其他:自然村專用區,,,1091021,土地1建物1車位0,二層,五層,華廈(10層含以下有電梯),住家用,鋼筋混凝土造,1090817,91.33,3,2,2,有,無,4800000,52557,,0.0,0,,RPSOMLMKJIPFFAW27DA,72.66,0.0,5.4,有,
金城鎮,房地(土地+建物),金門城２０５號二樓,41.5,都市：其他:,,,1091026,土地1建物1車位0,二層,五層,華廈(10層含以下有電梯),住家用,鋼筋混凝土造,1080424,92.5,3,1,2,有,無,5500000,59459,,0.0,0,,RPRNMLTLIIPFFAW77DA,70.66,0.0,9.48,有,
金湖鎮,房地(土地+建物),國順街１８號,86.05,工,,,1091029,土地1建物1車位0,全,三層,透天厝,住商用,水泥磚造，鋼筋水泥,0810108,232.5,0,0,0,無,無,12000000,51613,,0.0,0,頂樓加蓋；,RPPNMLOLJIPFFAW17DA,232.5,0.0,0.0,無,
金湖鎮,房地(土地+建物),東村１之９號,77.95,都市：其他:自然村專用區,,,1091026,土地1建物1車位0,全,三層,透天厝,住家用,鋼筋混凝土造,1040804,144.76,4,2,3,有,無,6600000,45593,,0.0,0,預售屋、或土地及建物分件登記案件；,RPROMLQLIIPFFAW57DA,141.95,0.0,2.81,無,
金寧鄉,土地,寧湖二劃測段580地號,1001.98,農,,,1091029,土地1建物0車位0,,,其他,,,,0.0,0,0,0,有,無,12000000,11976,,0.0,0,,RPQNMLQLJIPFFAW57EA,0.0,0.0,0.0,無,
金寧鄉,房地(土地+建物)+車位,湖下３８０之１２號,101.72,都市：其他:自然村專用區,,,1091022,土地2建物1車位1,全,四層,透天厝,住家用,鋼筋混凝土造,1090612,236.57,3,2,4,有,無,16000000,67633,其他,0.0,0,電梯現況尚未安裝預售屋、或土地及建物分件登記案件；,RPSNMLLJKIPFFAW07DA,216.95,0.0,19.62,有,
金寧鄉,土地,寧山段938地號,481.6,農,,,1091008,土地1建物0車位0,,,其他,,,,0.0,0,0,0,有,無,2080000,4319,,0.0,0,親友、員工、共有人或其他特殊關係間之交易；,RPQNMLRLJIPFFAW67EA,0.0,0.0,0.0,無,
金湖鎮,土地,夏興段1315-1地號,296.35,都市：其他:自然村專用區,,,1091014,土地1建物0車位0,,,其他,,,,0.0,0,0,0,有,無,7600000,25645,,0.0,0,,RPUNMLRLJIPFFAW97DA,0.0,0.0,0.0,無,
金寧鄉,土地,北二三劃測段639-58地號,952.93,都市：其他:自然村專用區,,,1090910,土地4建物0車位0,,,其他,,,,0.0,0,0,0,有,無,32379880,33979,,0.0,0,含土地增值稅或其他稅費4525230元；,RPPNMLLKRHPFFAW57EA,0.0,0.0,0.0,無,
金沙鎮,土地,沙碧劃段366地號,800.0,農,,,1090901,土地2建物0車位0,,,其他,,,,0.0,0,0,0,有,無,2500000,3125,,0.0,0,,RPSNMLOKRHPFFAW08DA,0.0,0.0,0.0,無,
金城鎮,建物,金門城８８之１０號四樓,0.0,,,,1090902,土地0建物1車位0,四層,五層,華廈(10層含以下有電梯),住家用,鋼筋混凝土造,1090423,87.29,2,2,2,有,無,3353333,38416,,0.0,0,,RPPNMLOJRHPFFAW67DA,67.65,0.0,8.52,有,
金城鎮,建物,金門城８８之８號四樓,0.0,,,,1090902,土地0建物1車位0,四層,五層,華廈(10層含以下有電梯),住家用,鋼筋混凝土造,1090423,110.17999999999999,3,2,2,有,無,4293333,38967,,0.0,0,,RPQNMLOJRHPFFAW77DA,88.52,0.0,7.64,有,
金湖鎮,房地(土地+建物),山外８５之５號,113.33,都市：其他:自然村專用區,,,1090904,土地1建物1車位0,全,二層,透天厝,住商用,鋼筋混凝土造,0740930,153.86,5,2,2,有,無,7500000,48746,,0.0,0,親友、員工、共有人或其他特殊關係間之交易；,RPXNMLQKRHPFFAW88EA,153.86,0.0,0.0,無,
金沙鎮,土地,官澳測段563地號,4618.52,都市：其他:國家公園區,,,1090917,土地8建物0車位0,,,其他,,,,0.0,0,0,0,有,無,5400000,1169,,0.0,0,,RPUNMLSKRHPFFAW78EA,0.0,0.0,0.0,無,
金沙鎮,房地(土地+建物),陽翟１４９號,116.54,都市：其他:自然村專用區,,,1090902,土地2建物1車位0,全,三層,透天厝,住家用,鋼筋混凝土造,1080617,155.04,3,2,3,有,無,9000000,58050,,0.0,0,預售屋、或土地及建物分件登記案件；,RPVNMLNJRHPFFAW18DA,144.26,0.0,10.78,無,
金湖鎮,土地,中五劃段611地號,967.0,都市：其他:國家公園區,,,1090908,土地1建物0車位0,,,其他,,,,0.0,0,0,0,有,無,6200000,6412,,0.0,0,,RPPNMLSJRHPFFAW08DA,0.0,0.0,0.0,無,
金寧鄉,房地(土地+建物),湖南３１０之２號,51.32,都市：其他:自然村專用區,,,1090915,土地3建物1車位0,一層,五層,華廈(10層含以下有電梯),住家用,鋼筋混凝土造,1090708,112.72,3,2,2,有,無,7000000,62101,,0.0,0,,RPPNMLMLRHPFFAW77EA,88.33,0.0,9.2,有,
金寧鄉,房地(土地+建物),西浦頭１０６號,111.94,農,,,1090901,土地1建物1車位0,全,二層,透天厝,住家用,鋼筋混凝土造,0851111,128.38,3,2,2,有,無,5250000,40894,,0.0,0,,RPQNMLMLRHPFFAW87EA,128.38,0.0,0.0,無,
金寧鄉,土地,龍潭段1180地號,1167.78,都市：其他:國家公園區,,,1090907,土地3建物0車位0,,,其他,,,,0.0,0,0,0,有,無,1167780,1000,,0.0,0,,RPVNMLMLRHPFFAW38EA,0.0,0.0,0.0,無,
金沙鎮,土地,蔡厝劃測段239地號,986.23,農,,,1090918,土地1建物0車位0,,,其他,,,,0.0,0,0,0,有,無,3500000,3549,,0.0,0,,RPQNMLNLRHPFFAW97EA,0.0,0.0,0.0,無,
金城鎮,土地,水頭段367地號,615.86,都市：其他:國家公園區,,,1090917,土地2建物0車位0,,,其他,,,,0.0,0,0,0,有,無,1700000,2760,,0.0,0,,RPPNMLOLRHPFFAW97EA,0.0,0.0,0.0,無,
金沙鎮,房地(土地+建物),陽翟１３７號,120.98,都市：其他:自然村專用區,,,1090901,土地3建物1車位0,全,三層,透天厝,住家用,鋼筋混凝土造,1080617,157.96,4,2,3,有,無,8500000,53811,,0.0,0,預售屋、或土地及建物分件登記案件；,RPQNMLNJRHPFFAW67DA,146.03,0.0,11.93,無,
金寧鄉,土地,后沙村測段74地號,236.01,都市：其他:自然村專用區,,,1090910,土地1建物0車位0,,,其他,,,,0.0,0,0,0,有,無,3200000,13559,,0.0,0,,RPOOMLPLRHPFFAW97DA,0.0,0.0,0.0,無,
金湖鎮,房地(土地+建物),塔后１８０號二樓之１,45.94,都市：其他:自然村專用區,,,1090922,土地1建物1車位0,二層,四層,華廈(10層含以下有電梯),住家用,鋼筋混凝土造,1090716,108.17999999999999,3,2,2,有,無,6380000,58976,,0.0,0,,RPTNMLPLRHPFFAW38DA,86.16,0.0,7.53,有,
金寧鄉,房地(土地+建物),桃園路２１６號,103.79,都市：其他:自然村專用區,,,1090917,土地2建物1車位0,全,三層,透天厝,住家用,鋼筋混凝土造,1050728,174.12,4,1,4,有,無,14500000,83276,,0.0,0,,RPXNMLPLRHPFFAW88EA,158.67,3.69,11.76,無,
金湖鎮,土地,士校段1112地號,216.0,都市：其他:自然村專用區,,,1090918,土地1建物0車位0,,,其他,,,,0.0,0,0,0,有,無,3450000,15972,,0.0,0,,RPTNMLSKRHPFFAW58DA,0.0,0.0,0.0,無,
金寧鄉,房地(土地+建物)+車位,下堡１００之１０號三樓,49.57,都市：其他:自然村專用區,,,1090908,土地1建物1車位1,三層,三層,公寓(5樓含以下無電梯),住家用,鋼筋混凝土造,1021120,140.04,3,2,2,有,有,6700000,47843,坡道平面,26.94,0,,RPTNMLKKRHPFFAW77DA,80.04,0.0,8.43,無,
金寧鄉,房地(土地+建物),北山２８６號,1555.0,都市：其他:國家公園區,,,1090916,土地2建物1車位0,全,二層,透天厝,農業用,鋼筋混凝土造,0980311,242.76,6,5,2,有,無,14500000,59730,,0.0,0,,RPVNMLPLRHPFFAW58DA,231.1,0.0,11.66,無,
金湖鎮,土地,太湖劃測段1007地號,1318.47,農,,,1090928,土地2建物0車位0,,,其他,,,,0.0,0,0,0,有,無,3000000,2275,,0.0,0,,RPQNMLSLRHPFFAW48EA,0.0,0.0,0.0,無,
金沙鎮,土地,官嶼劃段5地號,1100.0,農,,,1090919,土地1建物0車位0,,,其他,,,,0.0,0,0,0,有,無,3000000,2727,,0.0,0,親友、員工、共有人或其他特殊關係間之交易；,RPQNMLTLRHPFFAW58EA,0.0,0.0,0.0,無,
烈嶼鄉,土地,楊厝測段1224地號,427.84,農,,,1090929,土地1建物0車位0,,,其他,,,,0.0,0,0,0,有,無,450000,1052,,0.0,0,,RPSNMLTLRHPFFAW68DA,0.0,0.0,0.0,無,
金沙鎮,土地,沙港劃段1253地號,2371.62,農,,,1090910,土地3建物0車位0,,,其他,,,,0.0,0,0,0,有,無,5200000,2193,,0.0,0,,RPPNMLSLRHPFFAW28DA,0.0,0.0,0.0,無,
金城鎮,土地,小西門劃測段290地號,290.0,農,,,1090929,土地1建物0車位0,,,其他,,,,0.0,0,0,0,有,無,2550000,8793,,0.0,0,,RPSNMLPJIIPFFAW27DA,0.0,0.0,0.0,無,
金沙鎮,房地(土地+建物),陽翟１３９號,139.68,都市：其他:自然村專用區,,,1090901,土地3建物1車位0,全,三層,透天厝,住家用,鋼筋混凝土造,1080617,157.96,4,2,3,有,無,8700000,55077,,0.0,0,預售屋、或土地及建物分件登記案件；,RPXNMLNJRHPFFAW38DA,146.03,0.0,11.93,無,
金城鎮,房地(土地+建物),珠浦西路６巷６弄６號５樓,23.03,住,,,1090914,土地1建物1車位0,五層,五層,公寓(5樓含以下無電梯),住家用,鋼筋混凝土造,0981006,71.78,2,1,1,有,無,4200000,58512,,0.0,0,,RPPNMLKMRHPFFAW67EA,54.62,0.0,9.22,無,
金寧鄉,房地(土地+建物),東坑２３之１號,146.0,都市：其他:自然村專用區,,,1090915,土地2建物2車位0,一層,三層,公寓(5樓含以下無電梯),住家用,鋼筋混凝土造,1040805,122.0,3,2,2,有,無,7900000,64754,,0.0,0,,RPPNMLPKRHPFFAW87DA,101.47,0.0,7.81,無,
金寧鄉,土地,大園段111地號,589.51,都市：其他:國家公園區,,,1090929,土地1建物0車位0,,,其他,,,,0.0,0,0,0,有,無,1250000,2120,,0.0,0,親友、員工、共有人或其他特殊關係間之交易；,RPTNMLPJIIPFFAW37DA,0.0,0.0,0.0,無,
金城鎮,土地,延平段729地號,1853.75,農,,,1090928,土地2建物0車位0,,,其他,,,,0.0,0,0,0,有,無,15800000,8523,,0.0,0,,RPPNMLQJIIPFFAW07DA,0.0,0.0,0.0,無,
金沙鎮,土地,浦邊測段708地號,1353.57,農,,,1090925,土地1建物0車位0,,,其他,,,,0.0,0,0,0,有,無,5000000,3694,,0.0,0,,RPUNMLPLRHPFFAW48DA,0.0,0.0,0.0,無,
金寧鄉,房地(土地+建物),湖下２５３號三樓,59.94,都市：其他:自然村專用區,,,1090925,土地3建物1車位0,三層,五層,華廈(10層含以下有電梯),住家用,鋼筋混凝土造,1090629,116.24000000000001,3,1,2,有,有,7000000,60220,,0.0,0,,RPSNMLSJIIPFFAW57DA,97.05,0.0,7.01,有,
金寧鄉,房地(土地+建物),湖下２５５號四樓,59.94,都市：其他:自然村專用區,,,1090925,土地3建物1車位0,四層,五層,華廈(10層含以下有電梯),住家用,鋼筋混凝土造,1090629,116.97,3,1,3,有,有,7250000,61982,,0.0,0,,RPTNMLSJIIPFFAW67DA,97.78,0.0,7.01,有,
金寧鄉,土地,寧古劃段756地號,500.0,都市：其他:國家公園區,,,1090925,土地1建物0車位0,,,其他,,,,0.0,0,0,0,有,無,1800000,3600,,0.0,0,,RPPNMLMKIIPFFAW76DA,0.0,0.0,0.0,無,
金寧鄉,土地,寧劃段41地號,490.7,農,,,1090924,土地1建物0車位0,,,其他,,,,0.0,0,0,0,有,無,1000000,2038,,0.0,0,,RPQNMLMKIIPFFAW86DA,0.0,0.0,0.0,無,
金湖鎮,土地,湖前段1351地號,407.14,都市：其他:自然村專用區,,,1090929,土地1建物0車位0,,,其他,,,,0.0,0,0,0,有,無,11320000,27804,,0.0,0,,RPQOMLPKIIPFFAW37EA,0.0,0.0,0.0,無,
金寧鄉,土地,寧湖二劃測段1459地號,783.94,農,,,1090910,土地1建物0車位0,,,其他,,,,0.0,0,0,0,有,無,4900000,6250,,0.0,0,親友、員工、共有人或其他特殊關係間之交易；,RPUNMLMKIIPFFAW27DA,0.0,0.0,0.0,無,
金湖鎮,房地(土地+建物),尚義１５０號二樓之５,39.26,都市：其他:自然村專用區,,,1090926,土地2建物1車位0,二層,三層,華廈(10層含以下有電梯),住家用,鋼筋混凝土造,1080625,75.33,2,1,1,有,無,3980000,52834,,0.0,0,,RPPNMLQLRHPFFAW08DA,47.88,0.0,7.07,有,
金城鎮,房地(土地+建物),小西門５０之６號,76.93,都市：其他:自然村專用區,,,1090917,土地1建物1車位0,一層，地下一層,三層,公寓(5樓含以下無電梯),住家用,鋼筋混凝土造,1070723,138.28,3,2,2,有,無,6100000,44113,,0.0,0,陽台外推；預售屋、或土地及建物分件登記案件；,RPRNMLSKRHPFFAW38DA,125.64,0.0,1.88,無,
金湖鎮,房地(土地+建物),塔后１２５之７號二樓,77.06,都市：其他:自然村專用區,,,1090923,土地1建物1車位0,二層,三層,公寓(5樓含以下無電梯),住家用,鋼筋混凝土造,1000601,100.36,3,2,2,有,無,5200000,51813,,0.0,0,,RPRNMLNLRHPFFAW97DA,89.25,0.0,5.89,無,
金城鎮,土地,中一段25地號,956.62,農,,,1090907,土地1建物0車位0,,,其他,,,,0.0,0,0,0,有,無,10000000,10453,,0.0,0,,RPVNMLTKIIPFFAW08DA,0.0,0.0,0.0,無,
金湖鎮,土地,石牌段265地號,5036.89,農,,,1090929,土地6建物0車位0,,,其他,,,,0.0,0,0,0,有,無,8479008,1683,,0.0,0,農作物；,RPVOMLPKIIPFFAW77DA,0.0,0.0,0.0,無,
金城鎮,房地(土地+建物)+車位,民權路２２６巷２弄１２號九樓之５,31.06,住,,,1090922,土地2建物1車位1,九層,十一層,住宅大樓(11層含以上有電梯),住家用,鋼筋混凝土造,1051104,197.14,4,2,2,有,有,17000000,99354,坡道平面,36.1,1000000,,RPSNMLMKIIPFFAW07DA,107.66,0.0,11.96,有,
金寧鄉,房地(土地+建物),湖南３２０號,118.0,農,,,1090915,土地1建物1車位0,全,三層,透天厝,住家用,鋼筋混凝土造,1090708,216.34,5,3,5,有,無,10500000,48535,,0.0,0,,RPWNMLRJIIPFFAW87DA,204.44,0.0,11.9,無,
金寧鄉,房地(土地+建物),湖南３２１號,102.0,農,,,1090915,土地1建物1車位0,全,三層,透天厝,住家用,鋼筋混凝土造,1090708,213.3,5,3,5,有,無,10500000,49226,,0.0,0,,RPXNMLRJIIPFFAW97DA,201.57,0.0,11.73,無,
金寧鄉,房地(土地+建物),湖南３１７號,102.0,農,,,1090915,土地1建物1車位0,全,三層,透天厝,住家用,鋼筋混凝土造,1090708,213.3,5,3,5,有,無,12200000,57196,,0.0,0,,RPOOMLRJIIPFFAW17DA,201.57,0.0,11.73,無,
金寧鄉,房地(土地+建物),湖南３１１號,108.0,都市：其他:自然村專用區,,,1090915,土地1建物1車位0,全,三層,透天厝,住家用,鋼筋混凝土造,1090708,216.34,5,3,5,有,無,12200000,56393,,0.0,0,,RPPNMLRJIIPFFAW17DA,204.44,0.0,11.9,無,
金寧鄉,房地(土地+建物),湖南３１２號,102.0,都市：其他:自然村專用區,,,1090915,土地1建物1車位0,全,三層,透天厝,住家用,鋼筋混凝土造,1090708,213.3,5,3,5,有,無,11500000,53915,,0.0,0,,RPQNMLRJIIPFFAW27DA,201.57,0.0,11.73,無,
金寧鄉,房地(土地+建物),湖南３１３號,102.0,都市：其他:自然村專用區,,,1090915,土地1建物1車位0,全,三層,透天厝,住家用,鋼筋混凝土造,1090708,213.3,5,3,5,有,無,11500000,53915,,0.0,0,,RPRNMLRJIIPFFAW37DA,201.57,0.0,11.73,無,
金寧鄉,房地(土地+建物),湖南３１０之２號２樓,51.32,都市：其他:自然村專用區,,,1090915,土地3建物1車位0,二層,五層,華廈(10層含以下有電梯),住家用,鋼筋混凝土造,1090708,112.72,3,2,2,有,無,6500000,57665,,0.0,0,,RPSNMLRJIIPFFAW47DA,88.33,0.0,9.2,有,
金湖鎮,土地,市港段96地號,25.17,住,,,1090929,土地1建物0車位0,,,其他,,,,0.0,0,0,0,有,無,1500000,59595,,0.0,0,,RPSNMLKLIIPFFAW07EA,0.0,0.0,0.0,無,
金城鎮,土地,城隍廟段162地號,146.19,住,,,1090915,土地1建物0車位0,,,其他,,,,0.0,0,0,0,有,無,4720000,32287,,0.0,0,親友、員工、共有人或其他特殊關係間之交易；未登記建物；,RPPNMLLLIIPFFAW86EA,0.0,0.0,0.0,無,
金寧鄉,房地(土地+建物),湖南３１０之３號２樓,51.32,都市：其他:自然村專用區,,,1090915,土地3建物1車位0,二層,五層,華廈(10層含以下有電梯),住家用,鋼筋混凝土造,1090708,112.72,3,2,2,有,無,6300000,55891,,0.0,0,,RPTNMLRJIIPFFAW57DA,88.33,0.0,9.2,有,
金寧鄉,房地(土地+建物),湖南３１０之３號,51.32,都市：其他:自然村專用區,,,1090915,土地3建物1車位0,一層,五層,華廈(10層含以下有電梯),住家用,鋼筋混凝土造,1090708,112.72,3,2,2,有,無,7500000,66537,,0.0,0,,RPUNMLRJIIPFFAW67DA,88.33,0.0,9.2,有,
金寧鄉,房地(土地+建物),湖南３１０之２號４樓,51.32,都市：其他:自然村專用區,,,1090915,土地3建物1車位0,四層,五層,華廈(10層含以下有電梯),住家用,鋼筋混凝土造,1090708,112.72,3,2,2,有,無,6700000,59439,,0.0,0,,RPVNMLRJIIPFFAW77DA,88.33,0.0,9.2,有,
金湖鎮,房地(土地+建物),太湖路二段３巷１弄１號四樓,45.0,商,,,1090930,土地1建物1車位0,四層,四層,公寓(5樓含以下無電梯),其他,鋼筋混凝土造,0890626,118.81,3,2,2,有,無,5900000,49659,,0.0,0,,RPRNMLKMRHPFFAW77DA,92.19,0.0,9.75,無,
金湖鎮,房地(土地+建物),下莊中興路３１號,99.0,都市：其他:自然村專用區,,,1090923,土地1建物1車位0,全,二層,透天厝,住商用,鋼筋混凝土造,0640615,129.25,4,2,3,有,無,3000000,23211,,0.0,0,頂樓加蓋；其他增建；,RPQNMLMLIIPFFAW96DA,129.25,0.0,0.0,無,
金湖鎮,房地(土地+建物),塔后４８９號,96.02,都市：其他:自然村專用區,,,1090923,土地1建物1車位0,全,三層,透天厝,住家用,鋼筋混凝土造,1030623,245.95,4,2,5,有,無,12900000,52450,,0.0,0,,RPPNMLNLRHPFFAW77DA,216.72,0.0,6.16,無,
金寧鄉,土地,后垵段1028地號,626.22,農,,,1090909,土地1建物0車位0,,,其他,,,,0.0,0,0,0,有,無,4700000,7505,,0.0,0,,RPQNMLTJRHPFFAW28DA,0.0,0.0,0.0,無,
金城鎮,房地(土地+建物),大古崗１２８號二樓,47.5,都市：其他:自然村專用區,,,1090921,土地3建物1車位0,二層,五層,華廈(10層含以下有電梯),住家用,鋼筋混凝土造,1090529,96.07,3,2,2,有,無,5010000,52149,,0.0,0,,RPROMLPKIIPFFAW37DA,76.52,0.0,7.33,有,
金城鎮,房地(土地+建物),大古崗１２８號五樓,47.5,都市：其他:自然村專用區,,,1090919,土地3建物1車位0,五層,五層,華廈(10層含以下有電梯),住家用,鋼筋混凝土造,1090529,96.07,3,2,2,有,無,5600000,58291,,0.0,0,,RPSOMLPKIIPFFAW47DA,76.52,0.0,7.33,有,
金寧鄉,房地(土地+建物),嚨口３６號二樓,44.71,都市：其他:,,,1090910,土地1建物1車位0,二層,三層,公寓(5樓含以下無電梯),住家用,鋼筋混凝土造,1090721,92.66000000000001,3,2,2,有,無,4550000,49104,,0.0,0,,RPSNMLMLIIPFFAW17DA,75.93,0.0,7.58,無,
金寧鄉,房地(土地+建物),嚨口３５號二樓,44.71,都市：其他:,,,1090908,土地1建物1車位0,二層,三層,公寓(5樓含以下無電梯),住家用,鋼筋混凝土造,1090721,92.66000000000001,3,2,2,有,無,4680000,50507,,0.0,0,,RPRNMLMLIIPFFAW07DA,75.94,0.0,7.58,無,
金寧鄉,房地(土地+建物),湖南３１０之２號３樓,51.32,都市：其他:自然村專用區,,,1090915,土地3建物1車位0,三層,五層,華廈(10層含以下有電梯),住家用,鋼筋混凝土造,1090708,112.72,3,2,2,有,無,6200000,55004,,0.0,0,,RPWNMLQLIIPFFAW97DA,88.33,0.0,9.2,有,
金寧鄉,房地(土地+建物),湖南３１０之２號５樓,51.32,都市：其他:自然村專用區,,,1090915,土地3建物1車位0,五層,五層,華廈(10層含以下有電梯),住家用,鋼筋混凝土造,1090708,112.72,3,2,2,有,無,7500000,66537,,0.0,0,,RPXNMLQLIIPFFAW08DA,88.33,0.0,9.2,有,
金寧鄉,房地(土地+建物),湖南３１０之３號３樓,51.32,都市：其他:自然村專用區,,,1090915,土地3建物1車位0,三層,五層,華廈(10層含以下有電梯),住家用,鋼筋混凝土造,1090708,112.72,3,2,2,有,無,6170000,54737,,0.0,0,,RPOOMLQLIIPFFAW27DA,88.33,0.0,9.2,有,
金寧鄉,房地(土地+建物),湖南３１０之３號４樓,51.32,都市：其他:自然村專用區,,,1090915,土地3建物1車位0,四層,五層,華廈(10層含以下有電梯),住家用,鋼筋混凝土造,1090708,112.72,3,2,2,有,無,6700000,59439,,0.0,0,,RPQOMLQLIIPFFAW47DA,88.33,0.0,9.2,有,
金寧鄉,房地(土地+建物),湖南３１０之３號５樓,51.32,都市：其他:自然村專用區,,,1090915,土地3建物1車位0,五層,五層,華廈(10層含以下有電梯),住家用,鋼筋混凝土造,1090708,112.72,3,2,2,有,無,7300000,64762,,0.0,0,,RPSOMLQLIIPFFAW67DA,88.33,0.0,9.2,有,
金寧鄉,房地(土地+建物),嚨口３６號三樓,44.71,都市：其他:,,,1090926,土地1建物1車位0,三層,三層,公寓(5樓含以下無電梯),住家用,鋼筋混凝土造,1090721,92.66000000000001,3,2,2,有,無,5250000,56659,,0.0,0,,RPTNMLQLIIPFFAW67DA,75.93,0.0,7.58,無,
金寧鄉,房地(土地+建物),嚨口３５號三樓,44.71,都市：其他:,,,1090923,土地1建物1車位0,三層,三層,公寓(5樓含以下無電梯),住家用,鋼筋混凝土造,1090721,92.66000000000001,3,2,2,有,無,5250000,56659,,0.0,0,,RPUNMLQLIIPFFAW77DA,75.93,0.0,7.58,無,
金寧鄉,土地,北四劃段355地號,733.0,農,,,1090914,土地1建物0車位0,,,其他,,,,0.0,0,0,0,有,無,2720000,3711,,0.0,0,,RPRNMLQLIIPFFAW47DA,0.0,0.0,0.0,無,
金城鎮,房地(土地+建物),大古崗１２７號,47.5,都市：其他:自然村專用區,,,1090914,土地3建物1車位0,一層,五層,華廈(10層含以下有電梯),住家用,鋼筋混凝土造,1090529,91.96,3,2,2,有,無,5300000,57634,,0.0,0,,RPRNMLLLIIPFFAW96DA,77.01,0.0,2.73,有,
金湖鎮,房地(土地+建物),尚義１５０號一樓之２,41.0,都市：其他:自然村專用區,,,1090921,土地2建物1車位0,一層,三層,華廈(10層含以下有電梯),住家用,鋼筋混凝土造,1080625,78.48,2,1,2,有,無,4000000,50968,,0.0,0,,RPPNMLTKIIPFFAW47DA,55.58,0.0,1.62,有,
金寧鄉,房地(土地+建物),湖南３１０號,51.32,都市：其他:自然村專用區,,,1090915,土地3建物1車位0,一層,五層,華廈(10層含以下有電梯),住家用,鋼筋混凝土造,1090708,112.72,3,2,2,有,無,6500000,57665,,0.0,0,,RPQOMLMJJIPFFAW96DA,88.33,0.0,9.2,有,
金寧鄉,房地(土地+建物),湖南３１０號３樓,51.32,都市：其他:自然村專用區,,,1090915,土地3建物1車位0,三層,五層,華廈(10層含以下有電梯),住家用,鋼筋混凝土造,1090708,112.72,3,2,2,有,無,6134000,54418,,0.0,0,,RPROMLMJJIPFFAW07DA,88.33,0.0,9.2,有,
金寧鄉,房地(土地+建物),湖南３１０號２樓,51.32,都市：其他:自然村專用區,,,1090915,土地3建物1車位0,二層,五層,華廈(10層含以下有電梯),住家用,鋼筋混凝土造,1090708,112.72,3,2,2,有,無,7000000,62101,,0.0,0,,RPTOMLMJJIPFFAW27DA,88.33,0.0,9.2,有,
金寧鄉,房地(土地+建物),湖南３１０之１號４樓,51.32,都市：其他:自然村專用區,,,1090915,土地3建物1車位0,四層,五層,華廈(10層含以下有電梯),住家用,鋼筋混凝土造,1090708,112.72,3,2,2,有,無,6600000,58552,,0.0,0,,RPTNMLNJJIPFFAW27DA,88.33,0.0,9.2,有,
金寧鄉,房地(土地+建物),湖南３１０之１號２樓,51.32,都市：其他:自然村專用區,,,1090915,土地3建物1車位0,二層,五層,華廈(10層含以下有電梯),住家用,鋼筋混凝土造,1090708,112.72,3,2,2,有,無,6600000,58552,,0.0,0,,RPPNMLQJJIPFFAW17DA,88.33,0.0,9.2,有,
金寧鄉,房地(土地+建物),湖南３１０號５樓,51.32,都市：其他:自然村專用區,,,1090915,土地3建物1車位0,五層,五層,華廈(10層含以下有電梯),住家用,鋼筋混凝土造,1090708,112.72,3,2,2,有,無,7280000,64585,,0.0,0,,RPSOMLMJJIPFFAW17DA,88.33,0.0,9.2,有,
金寧鄉,房地(土地+建物),湖南３１８號,102.0,農,,,1090915,土地1建物1車位0,全,三層,透天厝,住家用,鋼筋混凝土造,1090708,213.3,5,3,5,有,無,13300000,62353,,0.0,0,,RPQOMLTLIIPFFAW77DA,201.57,0.0,11.73,無,
金寧鄉,房地(土地+建物),湖南３１９號,118.0,農,,,1090915,土地1建物1車位0,全,三層,透天厝,住家用,鋼筋混凝土造,1090708,216.34,5,3,5,有,無,13300000,61477,,0.0,0,,RPROMLTLIIPFFAW87DA,204.44,0.0,11.9,無,
金寧鄉,房地(土地+建物),湖南３１０號４樓,51.32,都市：其他:自然村專用區,,,1090915,土地3建物1車位0,四層,五層,華廈(10層含以下有電梯),住家用,鋼筋混凝土造,1090708,112.72,3,2,2,有,無,6550000,58109,,0.0,0,,RPQNMLQJJIPFFAW27DA,88.33,0.0,9.2,有,
金湖鎮,房地(土地+建物),林兜２３號,47.08,都市：其他:自然村專用區,,,1090925,土地1建物1車位0,一層，地下一層,三層,公寓(5樓含以下無電梯),住家用,鋼筋混凝土造,1040716,107.5,0,0,0,無,無,4050000,37674,,0.0,0,,RPRNMLPLRHPFFAW18DA,82.4,3.52,4.44,無,
金城鎮,土地,祥瑞段953地號,58.12,住,,,1090929,土地1建物0車位0,,,其他,,,,0.0,5,2,2,有,無,1280000,22023,,0.0,0,親友、員工、共有人或其他特殊關係間之交易；未登記建物；,RPPNMLQKJIPFFAW37EA,0.0,0.0,0.0,無,
金湖鎮,房地(土地+建物),赤東路６１號,45.53,都市：其他:自然村專用區,,,1090926,土地1建物1車位0,一層，見其他登記事項,四層,華廈(10層含以下有電梯),商業用,鋼筋混凝土造,1090807,102.74,0,0,0,無,無,15000000,146000,,0.0,0,買賣標的含一樓機械設備空間之使用權,RPVNMLTKJIPFFAW18DA,77.19,0.0,0.0,有,
金湖鎮,房地(土地+建物),赤東路６１號２樓,41.2,都市：其他:自然村專用區,,,1090926,土地1建物1車位0,二層,四層,華廈(10層含以下有電梯),住家用,鋼筋混凝土造,1090807,93.69,2,2,2,有,無,7000000,74714,,0.0,0,買賣標的含二樓機械設備空間之使用權,RPOOMLTKJIPFFAW57DA,66.91,0.0,3.66,有,
金湖鎮,房地(土地+建物),赤東路６１號３樓,41.2,都市：其他:自然村專用區,,,1090926,土地1建物1車位0,三層,四層,華廈(10層含以下有電梯),住家用,鋼筋混凝土造,1090807,93.69,2,2,2,有,無,7000000,74714,,0.0,0,買賣標的含三樓機械設備空間之使用權,RPXNMLTKJIPFFAW38DA,66.91,0.0,3.66,有,
金湖鎮,房地(土地+建物),赤東路６１號４樓,41.2,都市：其他:自然村專用區,,,1090926,土地1建物1車位0,四層,四層,華廈(10層含以下有電梯),住家用,鋼筋混凝土造,1090807,93.69,2,2,2,有,無,6200000,66176,,0.0,0,,RPPOMLTKJIPFFAW67DA,66.91,0.0,3.66,有,
金寧鄉,土地,寧劃段618地號,488.94,農,,,1090930,土地1建物0車位0,,,其他,,,,0.0,0,0,0,有,無,1480000,3027,,0.0,0,,RPVNMLKMRHPFFAW18DA,0.0,0.0,0.0,無,
金城鎮,房地(土地+建物),金門城８９之６號,37.64,都市：其他:,,,1090915,土地1建物1車位0,一層,三層,公寓(5樓含以下無電梯),住家用,鋼筋混凝土造,1050509,57.94,2,1,2,有,無,4100000,70763,,0.0,0,,RPQNMLOJKIPFFAW17DA,50.13,0.0,2.51,無,
金寧鄉,房地(土地+建物),安岐７７之１號二樓,59.67,都市：其他:自然村專用區,,,1090916,土地1建物2車位0,二層,三層,公寓(5樓含以下無電梯),住家用,鋼筋混凝土造,1080517,99.44999999999999,3,2,2,有,無,5500000,55304,,0.0,0,含傢俱設備費；,RPPOMLQKRHPFFAW08DA,77.58,0.0,11.88,無,
金沙鎮,土地,大山段1066地號,207.0,都市：其他:自然村專用區,,,1090817,土地1建物0車位0,,,其他,,,,0.0,0,0,0,有,無,1600000,7729,,0.0,0,親友、員工、共有人或其他特殊關係間之交易；未登記建物；,RPVNMLRJRHPFFAW58DA,0.0,0.0,0.0,無,
金湖鎮,房地(土地+建物),塔后１８０號一樓之１,45.94,都市：其他:自然村專用區,,,1090819,土地1建物1車位0,一層,四層,華廈(10層含以下有電梯),住家用,鋼筋混凝土造,1090716,104.72999999999999,3,2,2,有,無,6380000,60919,,0.0,0,,RPRNMLLKRHPFFAW67DA,86.16,0.0,4.08,有,
金湖鎮,房地(土地+建物),塔后１８０號四樓之１,45.94,都市：其他:自然村專用區,,,1090819,土地1建物1車位0,四層,四層,華廈(10層含以下有電梯),住家用,鋼筋混凝土造,1090716,108.17999999999999,3,2,2,有,無,6500000,60085,,0.0,0,,RPSNMLLKRHPFFAW77DA,86.16,0.0,7.53,有,
金城鎮,建物,金門城８８之８號,0.0,,,,1090814,土地0建物1車位0,一層,五層,華廈(10層含以下有電梯),住家用,鋼筋混凝土造,1090423,109.66,3,2,2,有,無,4166667,37996,,0.0,0,,RPQOMLSKQHPFFAW28DA,88.02,0.0,7.62,有,
金湖鎮,房地(土地+建物),漁村１３１號三樓,48.64,都市：其他:自然村專用區,,,1090817,土地1建物1車位0,三層,三層,公寓(5樓含以下無電梯),住家用,鋼筋混凝土造,0901221,81.48,3,2,2,有,無,3940000,48355,,0.0,0,,RPOOMLSKQHPFFAW08DA,71.28,0.0,1.58,無,
金寧鄉,土地,西山段535地號,947.1,都市：其他:農業區,,,1090825,土地2建物0車位0,,,其他,,,,0.0,0,0,0,有,無,4500000,4751,,0.0,0,,RPWNMLQKRHPFFAW68DA,0.0,0.0,0.0,無,
金城鎮,房地(土地+建物),金門城８８之１０號,34.37,都市：其他:,,,1090814,土地1建物1車位0,一層,五層,華廈(10層含以下有電梯),住家用,鋼筋混凝土造,1090423,77.47,2,2,2,有,無,4370000,56409,,0.0,0,預售屋、或土地及建物分件登記案件；,RPVNMLRLQHPFFAW68DA,67.65,0.0,0.0,有,
金城鎮,土地,古坵段1008地號,739.0,都市：其他:自然村專用區,,,1090805,土地2建物0車位0,,,其他,,,,0.0,0,0,0,有,無,20726550,28047,,0.0,0,,RPPNMLLLRHPFFAW67EA,0.0,0.0,0.0,無,
金城鎮,房地(土地+建物),民權路１８４巷３弄２號二樓,37.56,住,,,1090824,土地1建物1車位0,二層,五層,華廈(10層含以下有電梯),住家用,鋼筋混凝土造,0960716,111.43,4,1,2,有,有,8480000,76102,,0.0,0,,RPQNMLPLQHPFFAW97DA,90.74,0.0,9.21,有,
金城鎮,房地(土地+建物),小古崗１９之９號三樓,57.97,都市：其他:自然村專用區,,,1090831,土地1建物1車位0,三層,三層,公寓(5樓含以下無電梯),住家用,鋼筋混凝土造,1060306,91.3,3,1,2,有,無,5500000,60241,,0.0,0,,RPWNMLPLRHPFFAW68DA,79.28,0.0,5.06,無,
金寧鄉,房地(土地+建物),環島西路二段９０１巷１弄３８號二樓,54.1,都市：其他:自然村專用區,,,1090825,土地1建物2車位0,二層,三層,公寓(5樓含以下無電梯),住家用,鋼筋混凝土造,1070919,114.85000000000001,3,1,4,有,無,5280000,45973,,0.0,0,,RPPOMLPLQHPFFAW97DA,86.82,0.0,8.55,無,
金湖鎮,房地(土地+建物),市港三路２２５號３樓之８,11.27,住,,,1090812,土地1建物1車位0,三層,八層,華廈(10層含以下有電梯),住家用,鋼筋混凝土造,1041125,61.269999999999996,0,0,0,無,有,3710000,60552,,0.0,0,,RPQNMLKMRHPFFAW77EA,33.64,0.0,4.65,有,
金寧鄉,房地(土地+建物),西山１８號,28.74,都市：其他:自然村專用區,,,1090806,土地2建物1車位0,一層,五層,華廈(10層含以下有電梯),住家用,鋼筋混凝土造,1090529,83.91,3,2,2,有,無,4180000,49815,,0.0,0,,RPWNMLQJIIPFFAW77DA,65.39,0.0,2.72,有,
金城鎮,房地(土地+建物),金門城８８之９號二樓,34.8,都市：其他:自然村專用區,,,1090813,土地1建物1車位0,二層,五層,華廈(10層含以下有電梯),住家用,鋼筋混凝土造,1090423,77.89,2,2,2,有,無,4300000,55206,,0.0,0,預售屋、或土地及建物分件登記案件；,RPTOMLSKQHPFFAW58DA,62.76,0.0,5.19,有,
金城鎮,房地(土地+建物),金門城８８之９號,34.8,都市：其他:自然村專用區,,,1090814,土地1建物1車位0,一層,五層,華廈(10層含以下有電梯),住家用,鋼筋混凝土造,1090423,77.72,2,2,2,有,無,4300000,55327,,0.0,0,預售屋、或土地及建物分件登記案件；,RPQNMLQLQHPFFAW08DA,62.59,0.0,5.19,有,
金寧鄉,土地,寧湖二劃測段390地號,349.24,都市：其他:自然村專用區,,,1090805,土地1建物0車位0,,,其他,,,,0.0,0,0,0,有,無,14000000,40087,,0.0,0,,RPSNMLPJQHPFFAW97DA,0.0,0.0,0.0,無,
金寧鄉,房地(土地+建物),嚨口３５號,44.71,都市：其他:,,,1090831,土地1建物1車位0,一層,三層,公寓(5樓含以下無電梯),住家用,鋼筋混凝土造,1090721,85.08000000000001,3,2,2,有,無,4800000,56417,,0.0,0,,RPSNMLQLIIPFFAW57DA,75.93,0.0,0.0,無,
金城鎮,房地(土地+建物),大古崗１２７號五樓,47.5,都市：其他:自然村專用區,,,1090826,土地3建物1車位0,五層,五層,華廈(10層含以下有電梯),住家用,鋼筋混凝土造,1090529,96.2,3,2,2,有,無,5100000,53015,,0.0,0,,RPTNMLLLIIPFFAW17DA,77.01,0.0,6.97,有,
金湖鎮,房地(土地+建物),市港五路１６０之１號４樓,7.69,商,,,1090821,土地1建物1車位0,四層,十層,華廈(10層含以下有電梯),商業用,鋼筋混凝土造,1090408,54.04,1,1,1,有,無,4259600,78823,,0.0,0,,RPVNMLSKJIPFFAW18EA,29.44,1.02,4.91,有,
金湖鎮,房地(土地+建物),市港五路１６８之１號３樓,7.6,商,,,1090817,土地1建物1車位0,三層,十層,華廈(10層含以下有電梯),商業用,鋼筋混凝土造,1090408,53.78,1,1,1,有,無,4489600,83481,,0.0,0,,RPWNMLSKJIPFFAW28EA,29.22,1.25,4.81,有,
金湖鎮,房地(土地+建物)+車位,市港五路１５８號８樓,8.56,商,,,1090820,土地1建物1車位1,八層,十層,華廈(10層含以下有電梯),商業用,鋼筋混凝土造,1090408,85.08,1,1,1,有,無,6500000,91867,坡道平面,24.34,920000,買賣雙方約定拆價，土地交易價格3348000元建物交易價格2232000元車位交易價格920000元,RPQNMLSKJIPFFAW67EA,35.55,4.39,0.0,有,
金湖鎮,房地(土地+建物),市港五路１５２號４樓,8.45,商,,,1090808,土地1建物1車位0,四層,十層,華廈(10層含以下有電梯),商業用,鋼筋混凝土造,1090408,60.22,1,1,1,有,無,4738000,78678,,0.0,0,,RPXNMLSKJIPFFAW38EA,34.31,5.39,0.0,有,
金寧鄉,房地(土地+建物),環島西路二段９０１巷１弄３８號三樓,54.1,都市：其他:自然村專用區,,,1090727,土地1建物2車位0,三層,三層,公寓(5樓含以下無電梯),住家用,鋼筋混凝土造,1070919,114.85000000000001,3,1,4,有,無,5500000,47889,,0.0,0,,RPSNMLLLQHPFFAW77DA,86.82,0.0,8.55,無,
金寧鄉,房地(土地+建物),西山１７號二樓,32.38,都市：其他:自然村專用區,,,1090707,土地2建物1車位0,二層,五層,華廈(10層含以下有電梯),住家用,鋼筋混凝土造,1090529,94.42,3,2,2,有,無,4550000,48189,,0.0,0,,RPTNMLMLRHPFFAW18EA,70.94,0.0,5.68,有,
金寧鄉,房地(土地+建物),西山１８號五樓,31.26,都市：其他:自然村專用區,,,1090702,土地2建物1車位0,五層,五層,華廈(10層含以下有電梯),住家用,鋼筋混凝土造,1090529,90.6,3,2,2,有,無,4500000,49669,,0.0,0,,RPUNMLMLRHPFFAW28EA,65.39,0.0,8.03,有,
金城鎮,房地(土地+建物)+車位,民權路２２６巷２弄１２號八樓之１,31.06,住,,,1090715,土地2建物1車位1,八層,十一層,住宅大樓(11層含以上有電梯),住家用,鋼筋混凝土造,1051104,197.12,4,2,2,有,有,16600000,96882,坡道平面,36.1,1000000,,RPPNMLRKRHPFFAW08DA,107.66,0.0,11.94,有,
金城鎮,房地(土地+建物),小西門５０之２號三樓,58.69,都市：其他:自然村專用區,,,1090729,土地1建物1車位0,三層,三層,公寓(5樓含以下無電梯),住家用,鋼筋混凝土造,1070723,101.46000000000001,3,2,2,有,無,5350000,52730,,0.0,0,陽台外推；預售屋、或土地及建物分件登記案件；,RPQNMLNJQHPFFAW57DA,82.62,0.0,10.63,無,
金寧鄉,土地,西堡劃測段313地號,979.5,農,,,1090728,土地1建物0車位0,,,其他,,,,0.0,0,0,0,有,無,4250000,4339,,0.0,0,,RPRNMLQLRHPFFAW28DA,0.0,0.0,0.0,無,
金寧鄉,房地(土地+建物),西山１８號二樓,31.03,都市：其他:自然村專用區,,,1090702,土地2建物1車位0,二層,五層,華廈(10層含以下有電梯),住家用,鋼筋混凝土造,1090529,90.48,3,2,2,有,無,4450000,49182,,0.0,0,,RPXNMLQJIIPFFAW87DA,65.39,0.0,8.03,有,
金城鎮,房地(土地+建物),環島西路一段２３９巷２弄２０號,500.53,農,,,1090617,土地4建物1車位0,全,三層,透天厝,農業用,鋼筋混凝土造,1040911,191.77,5,2,5,有,無,10600000,55275,,0.0,0,,RPQNMLRJPHPFFAW87DA,184.67,0.0,7.1,無,
金寧鄉,房地(土地+建物),西堡３９之９號,41.09,都市：其他:自然村專用區,,,1090518,土地1建物1車位0,一層,五層,華廈(10層含以下有電梯),住家用,鋼筋混凝土造,1090817,91.33,3,1,2,有,無,5500000,60221,,0.0,0,,RPPOMLMKJIPFFAW96DA,72.66,0.0,5.4,有,
金城鎮,房地(土地+建物),大古崗１２６號三樓,47.5,都市：其他:自然村專用區,,,1090401,土地3建物1車位0,三層,五層,華廈(10層含以下有電梯),住家用,鋼筋混凝土造,1090529,99.74000000000001,3,2,2,有,無,6000000,60156,,0.0,0,,RPUNMLLLIIPFFAW27DA,68.73,0.0,6.58,有,
金城鎮,房地(土地+建物),大古崗１２６號,47.5,都市：其他:自然村專用區,,,1081221,土地3建物1車位0,一層,五層,華廈(10層含以下有電梯),住家用,鋼筋混凝土造,1090529,95.86000000000001,3,2,2,有,無,5250000,54767,,0.0,0,,RPSNMLLLIIPFFAW07DA,68.73,0.0,2.7,有,
金寧鄉,房地(土地+建物),西山１８號四樓,31.03,都市：其他:自然村專用區,,,1081030,土地2建物1車位0,四層,五層,華廈(10層含以下有電梯),住家用,鋼筋混凝土造,1090529,90.48,3,2,2,有,無,4315000,47690,,0.0,0,,RPPNMLQKRHPFFAW08EA,65.39,0.0,8.03,有,
金寧鄉,房地(土地+建物),西山１８號三樓,31.03,都市：其他:自然村專用區,,,1081030,土地2建物1車位0,三層,五層,華廈(10層含以下有電梯),住家用,鋼筋混凝土造,1090529,90.48,3,2,2,有,無,4315000,47690,,0.0,0,,RPSNMLQKRHPFFAW38EA,65.4,0.0,8.02,有,
金寧鄉,房地(土地+建物),西山１７號,32.38,都市：其他:自然村專用區,,,1080926,土地2建物1車位0,一層,五層,華廈(10層含以下有電梯),住家用,鋼筋混凝土造,1090529,94.42,3,2,2,有,無,4550000,48189,,0.0,0,,RPQNMLQKRHPFFAW18EA,70.94,0.0,5.68,有,
金寧鄉,房地(土地+建物),西山１７號五樓,32.38,都市：其他:自然村專用區,,,1080716,土地2建物1車位0,五層,五層,華廈(10層含以下有電梯),住家用,鋼筋混凝土造,1090529,94.42,3,2,2,有,無,4600000,48718,,0.0,0,,RPRNMLQKRHPFFAW28EA,70.94,0.0,5.68,有,
金寧鄉,房地(土地+建物),西山１７號三樓,32.38,都市：其他:自然村專用區,,,1080723,土地2建物1車位0,三層,五層,華廈(10層含以下有電梯),住家用,鋼筋混凝土造,1090529,94.42,3,2,2,有,無,4500000,47659,,0.0,0,,RPPNMLTLRHPFFAW38DA,70.94,0.0,5.68,有,
金城鎮,房地(土地+建物),金門城８８之１０號二樓,38.95,都市：其他:自然村專用區,,,1080606,土地1建物1車位0,二層,五層,華廈(10層含以下有電梯),住家用,鋼筋混凝土造,1090423,87.29,2,2,2,有,無,4900000,56135,,0.0,0,預售屋、或土地及建物分件登記案件；,RPTOMLKMPHPFFAW87DA,67.65,0.0,8.52,有,
金寧鄉,房地(土地+建物),西山１７號四樓,32.38,都市：其他:自然村專用區,,,1080618,土地2建物1車位0,四層,五層,華廈(10層含以下有電梯),住家用,鋼筋混凝土造,1090529,94.42,3,2,2,有,無,4360000,46177,,0.0,0,,RPRNMLOLJIPFFAW37DA,70.94,0.0,5.68,有,
金寧鄉,房地(土地+建物),環島西路一段２３９巷２弄１８號,675.17,都市：其他:國家公園區,,,1040630,土地4建物1車位0,全,三層,透天厝,農業用,鋼筋混凝土造,1040911,191.85,4,2,5,有,無,12200000,63591,,0.0,0,,RPRNMLOLRHPFFAW08DA,184.75,0.0,7.1,無,
