﻿編號,屋齡,建物移轉面積平方公尺,主要用途,主要建材,建築完成日期,總層數,建物分層
The serial number,room age,building shifting area square meter,the main use,main building materials,construction completes the date,total layer,building lamination
RPUNMLLJQHMFFAR07CC,23,22.45,住家用,鋼筋混凝土造,83年4月1日,八層,
RPTNMLLJQHMFFAR96CC,23,32.06,住家用,鋼筋混凝土造,83年2月28日,七層,
RPQOMLMJQHMFFAD08CC,20,219.21,補習班,鋼筋混凝土造,86年5月19日,十層,
RPSNMLMJQHMFFHR67CC,7,213.51,住商用,鋼筋混凝土造,99年12月30日,四層,
RPXNMLMJQHMFFBD78CC,1,197.01,工廠,鋼骨構造有牆,105年11月10日,一層,
RPPOMLMJQHMFFAD97CC,20,219.21,補習班,鋼筋混凝土造,86年5月19日,十層,
RPQNMLNJQHMFFFR37CC,19,316.60,商業用,鋼筋混凝土造,87年8月13日,十四層,
RPROMLNJQHMFFCD48CC,22,263.18,商業用,鋼骨鋼筋混凝土造,84年8月1日,六層,
RPROMLNJQHMFFCD48CC,22,67.87,共有部分,鋼骨鋼筋混凝土造,84年8月1日,六層,
RPWNMLNJQHMFFCD88CC,6,147.79,店舖、住宅、停車空間。,鋼筋混凝土造,100年5月17日,五層,
RPPOMLNJQHMFFHR57CC,35,208.60,店鋪、住宅、避難室。,鋼筋混凝土造,72年1月26日,三層,
RPSNMLOJQHMFFHR87CC,22,161.01,商業用,鋼筋混凝土造,84年3月31日,十五層,
RPPNMLNJQHMFFDR17DC,32,108.95,住商用,加強磚造,74年8月30日,二層,
RPPNMLPJQHMFFAD18CC,38,38.29,住家用,鋼筋混凝土造,68年4月6日,七層,
RPTNMLPJQHMFFAD58CC,41,66.51,住家用,鋼筋混凝土造,65年10月6日,三層,
RPUNMLPJQHMFFAD68CC,24,119.62,住商用,鋼筋混凝土造,82年12月28日,三層,
RPVNMLPJQHMFFAD78CC,24,116.77,住商用,鋼筋混凝土造,82年12月28日,三層,
RPWNMLLJQHMFFER67CC,2,254.96,住宅、停車空間,鋼筋混凝土造,104年5月8日,三層,
RPWNMLLJQHMFFER67CC,2,.04,管理維護空間,鋼筋混凝土造,104年5月8日,一層,
RPRNMLRJQHMFFCD78CC,43,39.40,住家用,加強磚造,63年9月27日,二層,
RPPNMLQJQHMFFCD48CC,27,11.67,住家用,鋼筋混凝土造,80年1月21日,七層,
RPTNMLOJQHMFFCD68CC,17,140.78,住家用,鋼筋混凝土造,89年11月28日,二十層,
RPTNMLOJQHMFFCD68CC,17,16.39,共有部分,鋼筋混凝土造,89年11月28日,二十層,
RPTNMLOJQHMFFCD68CC,17,16.79,共有部分,鋼筋混凝土造,89年11月28日,二十層,
RPTNMLOJQHMFFCD68CC,17,20.80,共有部分,鋼筋混凝土造,89年11月28日,二十層,
RPOOMLOJQHMFFCD28CC,7,58.70,住家用,鋼筋混凝土造,99年2月3日,十四層,
RPOOMLOJQHMFFCD28CC,7,15.06,本共有部份項目有電樓梯間、水箱、屋頂突出物、機械室等４項,鋼筋混凝土造,99年2月3日,十四層,
RPOOMLOJQHMFFCD28CC,7,39.29,本共有部份之項目有防空避難室、水景機房、電信室、垃圾處理場、警衛室、門廊、管委會使用空間、發電機室、機車停車場、汽車停車位、消防機械室、污水處理機房、台電受電室等１３項。,鋼筋混凝土造,99年2月3日,十四層,
RPPNMLPJQHMFFCD38CC,27,58.54,住家用,鋼筋混凝土造,79年7月7日,十四層,
RPQNMLPJQHMFFCD48CC,23,122.17,住家用,鋼筋混凝土造,83年9月16日,十五層,
RPWNMLOJQHMFFCD98CC,22,51.28,住家用,鋼筋混凝土造,84年11月6日,二十層,
RPWNMLOJQHMFFCD98CC,22,10.79,共有部分,鋼筋混凝土造,84年11月6日,二十層,
RPWNMLOJQHMFFCD98CC,22,12.93,共有部分,鋼筋混凝土造,84年11月6日,二十層,
RPSNMLOJQHMFFCD58CC,38,902.93,辦公室、廠房、倉庫,鐵骨石棉瓦磚、加強磚造,68年8月6日,二層,
RPSNMLOJQHMFFCD58CC,36,1216.74,廠房,鋼鐵造、鐵骨造、加強磚造,71年1月11日,一層,
RPVNMLOJQHMFFCD88CC,31,56.75,住家用,鋼筋混凝土造,75年6月28日,五層,
RPVNMLOJQHMFFCD88CC,31,4.79,共有部分,鋼筋混凝土造,75年6月28日,五層,
RPVNMLOJQHMFFCD88CC,31,11.25,共有部分,鋼筋混凝土造,75年6月28日,五層,
RPRNMLOJQHMFFCD48CC,23,170.42,住商用,鋼筋混凝土造,83年4月12日,七層,
RPOOMLSJQHMFFAD48CC,11,142.66,集合住宅,ＲＣ造,95年8月22日,十四層,
RPOOMLSJQHMFFCD68CC,9,28.99,住家用,鋼筋混凝土造,97年2月29日,十四層,
RPOOMLSJQHMFFCD68CC,9,7.15,共有部分,鋼筋混凝土造,97年2月29日,十四層,
RPOOMLSJQHMFFCD68CC,9,8.57,共有部分,鋼筋混凝土造,97年2月29日,十四層,
RPVNMLSJQHMFFHR58CC,22,106.12,住家用,鋼筋混凝土造,85年1月29日,十六層,
RPOOMLSJQHMFFHR97CC,19,55.05,一般事務所。,鋼筋混凝土造,87年10月26日,十一層,
RPOOMLSJQHMFFHR97CC,19,7.39,共有部分,鋼筋混凝土造,87年10月26日,十一層,
RPOOMLSJQHMFFHR97CC,19,17.43,共有部分,鋼筋混凝土造,87年10月26日,十一層,
RPWOMLSJQHMFFAD66CC,10,101.90,集合住宅,鋼筋混凝土造,96年12月27日,十九層,
RPOOMLTJQHMFFHR08CC,23,82.08,住家用,鋼筋混凝土造,83年9月22日,十四層,
RPUNMLSJQHMFFHR48CC,1,105.29,住家用,鋼筋混凝土構造,105年10月26日,二十三層,
RPRNMLKKQHMFFFR27CC,2,195.39,工廠。,鋼骨構造有牆。,104年3月25日,一層,
RPQPMLOKQHMFFHR97CC,7,172.00,住商用,鋼筋混凝土造,99年2月8日,三層,
RPUNMLLKQHMFFAD38CC,1,97.50,集合住宅,鋼筋混凝土構造,105年10月26日,十八層,
RPUNMLLKQHMFFAD38CC,1,54.94,共有部分包括：門廊、樓梯間、公共服務空間、垃圾分類儲存空間、車道、管理委員會空間、多用途空間、防空避難室兼停車空間、停車空間。,鋼筋混凝土構造,105年10月26日,十八層,
RPUNMLLKQHMFFAD38CC,1,22.53,共有部分包括：樓梯間、泵浦室、水箱。,鋼筋混凝土構造,105年10月26日,十八層,
RPUOMLPKQHMFFHR38CC,35,52.43,住家用,鋼筋混凝土造,71年8月10日,五層,
RPUOMLPKQHMFFHR38CC,35,10.18,共有部分,鋼筋混凝土造,71年8月10日,五層,
RPTNMLQKQHMFFHR28CC,29,351.42,住商用,鋼筋混凝土造,78年1月5日,四層,
RPVNMLQKQHMFFHR48CC,24,73.71,住家用,鋼筋混凝土造,82年10月13日,六層,
RPVNMLQKQHMFFHR48CC,24,30.33,共有部分,鋼筋混凝土造,82年10月13日,六層,
RPWNMLQKQHMFFAD09CC,34,51.78,住家用,鋼筋混凝土造,72年12月10日,七層,
RPWNMLQKQHMFFAD09CC,34,7.10,共有部分,鋼筋混凝土造,72年12月10日,七層,
RPXNMLQKQHMFFHR68CC,25,51.57,住家用,鋼筋混凝土造,81年8月24日,七層,
RPXNMLQKQHMFFHR68CC,25,14.85,共有部分,鋼筋混凝土造,81年8月24日,七層,
RPPOMLQKQHMFFHR97CC,11,66.54,住商用,鋼筋混凝土造,95年10月3日,四層,
RPQOMLQKQHMFFAD58CC,20,84.50,住家用,鋼筋混凝土造,87年1月5日,二十六層,
RPQOMLQKQHMFFAD58CC,20,27.62,共有部分,鋼筋混凝土造,87年1月5日,二十六層,
RPQOMLQKQHMFFAD58CC,20,17.25,共有部分,鋼筋混凝土造,87年1月5日,二十六層,
RPTOMLQKQHMFFAD88CC,51,40.49,住商用,加強磚造,55年10月1日,五層,
RPOOMLQKQHMFFCD58CC,36,125.48,住家用,鋼筋混凝土造,70年11月26日,五層,
RPOOMLQKQHMFFCD58CC,36,10.55,住家用,鋼筋混凝土造,70年11月26日,五層,
RPROMLQKQHMFFCD88CC,34,33.06,住商用,鋼筋混凝土造,72年3月5日,四層,
RPVNMLLKQHMFFCD68CC,37,81.50,住家用,鋼筋混凝土造,69年7月26日,五層,
RPVNMLLKQHMFFCD68CC,37,12.59,共有部分,鋼筋混凝土造,69年8月26日,五層,
RPUOMLQKQHMFFCD56CC,27,27.86,住家用,鋼筋混凝土造,79年8月27日,六層,
RPUOMLQKQHMFFCD56CC,27,13.64,共有部分,鋼筋混凝土造,79年8月27日,六層,
RPSNMLQKQHMFFCD88CC,23,47.63,住商用,鋼筋混凝土造,83年12月16日,十六層,
RPUNMLLKQHMFFCD58CC,27,27.37,住家用,鋼筋混凝土造,80年1月9日,五層,
RPUNMLLKQHMFFCD58CC,27,7.35,共有部分,鋼筋混凝土造,80年1月9日,五層,
RPUNMLOKQHMFFCD88CC,23,102.03,住家用,鋼筋混凝土造,84年1月6日,二十五層,
RPUNMLOKQHMFFCD88CC,23,26.10,共有部分,鋼筋混凝土造,84年1月6日,二十五層,
RPSOMLQKQHMFFCD98CC,34,87.84,集合住宅,鋼筋混凝土造,72年4月22日,五層,
RPSOMLQKQHMFFCD98CC,34,6.22,共有部分,鋼筋混凝土造,72年4月22日,五層,
RPPOMLSJQHMFFCD78CC,9,28.26,住家用,鋼筋混凝土造,97年2月29日,十四層,
RPPOMLSJQHMFFCD78CC,9,6.99,共有部分,鋼筋混凝土造,97年2月29日,十四層,
RPPOMLSJQHMFFCD78CC,9,8.41,共有部分,鋼筋混凝土造,97年2月29日,十四層,
RPTNMLLKQHMFFCD48CC,36,167.75,住商用,鋼筋混凝土造,70年8月26日,三層,
RPVOMLQKQHMFFCD66CC,36,66.80,住家用,鋼筋混凝土造,70年8月26日,四層,
RPVOMLQKQHMFFCD66CC,36,6.43,共有部分,鋼筋混凝土造,70年8月26日,四層,
RPSOMLRKQHMFFAD88CC,22,159.66,住家用,鋼筋混凝土造,84年7月29日,十七層,
RPROMLRKQHMFFAD78CC,12,262.24,店舖、辦公室、住宅,ＲＣ造,94年11月25日,五層,
RPSNMLRKQHMFFFR08CC,2,356.02,住家用,鋼筋混凝土造,104年9月14日,四層,
RPUNMLRKQHMFFER18CC,12,228.99,門廊、住宅,鋼筋混凝土造,94年9月5日,三層,
RPOOMLSKQHMFFER77CC,22,177.34,集合住宅,鋼筋混凝土造,84年3月2日,十一層,
RPTOMLRKQHMFFAD98CC,1,70.98,集合住宅,鋼筋混凝土構造,106年1月12日,五層,
RPUOMLRKQHMFFAD09CC,1,149.11,集合住宅,鋼筋混凝土構造,105年10月26日,十八層,
RPUNMLSKQHMFFAD09CC,55,46.83,住家用,加強磚造,52年2月11日,二層,
RPOOMLSKQHMFFCD78CC,25,1130.06,住家用,鋼筋混凝土造,81年3月17日,四層,
RPRNMLKLQHMFFCD28CC,34,125.52,住家用,鋼筋混凝土造,72年12月16日,五層,
RPXOMLMLQHMFFHR48CC,23,23.72,住家用,鋼筋混凝土造,83年3月16日,七層,
RPXOMLMLQHMFFHR48CC,23,10.23,共有部分,鋼筋混凝土造,83年3月16日,七層,
RPSNMLLLQHMFFCR27CC,26,46.75,住家用,鋼筋混凝土造,80年4月29日,三層,
RPUOMLLLQHMFFHR08CC,37,255.71,住商用,加強磚造,69年6月6日,四層,
RPPOMLMLQHMFFCD38CC,39,212.20,住商用,鋼筋混凝土造,67年4月3日,三層,
RPUNMLOLQHMFFCD98CC,22,60.47,住家用,鋼筋混凝土造,84年11月6日,二十層,
RPUNMLOLQHMFFCD98CC,22,12.69,共有部分,鋼筋混凝土造,84年11月6日,二十層,
RPUNMLOLQHMFFCD98CC,22,17.23,共有部分,鋼筋混凝土造,84年11月6日,二十層,
RPWNMLOLQHMFFCD56CC,33,67.08,住家用,鋼筋混凝土造,73年11月13日,五層,
RPWNMLOLQHMFFCD56CC,33,16.22,共有部分,鋼筋混凝土造,73年11月13日,五層,
RPUOMLOLQHMFFCD09CC,9,29.06,住家用,鋼筋混凝土造,97年2月29日,十四層,
RPUOMLOLQHMFFCD09CC,9,7.24,共有部分,鋼筋混凝土造,97年2月29日,十四層,
RPUOMLOLQHMFFCD09CC,9,8.59,共有部分,鋼筋混凝土造,97年2月29日,十四層,
RPRNMLPLQHMFFDR77DC,24,191.23,住商用,鋼筋混凝土造,82年6月18日,三層,
RPSOMLSLQHMFFHR58CC,30,124.08,住商用,鋼筋混凝土造,76年12月14日,二層,
RPVNMLSLQHMFFCD86CC,33,232.26,住商用,鋼筋混凝土造,73年9月25日,四層,
RPTNMLTLQHMFFCD76CC,17,118.12,住家用,鋼筋混凝土造,89年8月22日,十四層,
RPTNMLTLQHMFFCD76CC,17,3.81,共有部分,鋼筋混凝土造,89年8月22日,十四層,
RPTNMLTLQHMFFCD76CC,17,26.43,共有部分,鋼筋混凝土造,89年8月22日,十四層,
RPTNMLTLQHMFFCD76CC,17,24.73,停車空間,鋼筋混凝土造,89年8月22日,十四層,
RPQNMLOLQHMFFCD58CC,47,29.75,住家用,加強磚造,59年10月24日,二層,
RPPNMLOLQHMFFCD48CC,26,33.34,住家用,鋼筋混凝土造,80年5月25日,六層,
RPPNMLOLQHMFFCD48CC,26,13.58,共有部分,鋼筋混凝土造,80年5月25日,六層,
RPRNMLNLQHMFFCD58CC,36,206.13,住商用,鋼筋混凝土造,70年11月16日,四層,
RPRNMLNLQHMFFCD58CC,36,187.10,住商用,鋼筋混凝土造,70年11月16日,四層,
RPXOMLTLQHMFFCD37DC,27,214.23,商業用,鋼鐵造,79年8月29日,一層,
RPPNMLLMQHMFFCD28CC,24,256.30,商業用,鋼筋混凝土造,82年12月9日,七層,
RPPNMLLMQHMFFCD28CC,24,222.38,商業用,鋼筋混凝土造,82年12月9日,七層,
RPPOMLLMQHMFFCD38CC,9,21.70,住家用,鋼筋混凝土造,97年2月29日,十四層,
RPPOMLLMQHMFFCD38CC,9,31.18,共有部分,鋼筋混凝土造,97年2月29日,十四層,
RPPOMLLMQHMFFCD38CC,9,7.11,共有部分,鋼筋混凝土造,97年2月29日,十四層,
RPTNMLTLQHMFFHR68CC,23,23.08,住家用,鋼筋混凝土造,83年12月24日,八層,
RPTNMLTLQHMFFHR68CC,23,9.81,共有部分,鋼筋混凝土造,83年12月24日,八層,
RPTNMLSLQHMFFAD09CC,23,52.49,住家用,鋼筋混凝土造,83年12月22日,二十一層,
RPUNMLLMQHMFFAD58CC,61,28.31,住商用,加強磚造,45年4月2日,二層,
RPUNMLLMQHMFFAD58CC,61,23.43,住家用,加強磚造,45年9月13日,二層,
RPUNMLLMQHMFFAD58CC,61,24.24,住家用,加強磚造,45年9月13日,二層,
RPOPMLPJRHMFFAD38CC,34,62.65,住商用,鋼筋混凝土造,72年2月26日,五層,
RPSNMLOLQHMFFAD58CC,27,14.12,住家用,鋼筋混凝土造,79年7月9日,五層,
RPSNMLOLQHMFFAD58CC,27,8.19,共有部分,鋼筋混凝土造,79年7月9日,五層,
RPQNMLOLQHMFFAD38CC,21,22.99,住家用,鋼筋混凝土造,85年7月25日,十二層,
RPQNMLOLQHMFFAD38CC,21,4.41,共有部分,鋼筋混凝土造,85年7月25日,十二層,
RPQNMLOLQHMFFAD38CC,21,5.72,共有部分,鋼筋混凝土造,85年7月25日,十二層,
RPPOMLMLQHMFFAD18CC,49,73.35,店舖、住宅,加強磚造,57年2月26日,二層,
RPSNMLTLQHMFFAD09CC,49,115.90,住家用,加強磚造,57年3月24日,二層,
RPPNMLTKQHMFFAD68CC,11,173.91,店舖,鋼骨造,95年12月31日,一層,
RPXNMLRJRHMFFHR78CC,44,95.42,住家用,加強磚造,62年4月24日,二層,
RPUNMLRJRHMFFDR18DC,67,131.26,商業用,磚鐵混凝土造,40年1月1日,二層,
RPROMLRJRHMFFHR28CC,27,165.77,辦公室。,鋼造,79年12月5日,二十四層,
RPPNMLQJRHMFFHR87CC,22,79.16,住家用,鋼筋混凝土造,84年10月9日,十五層,
RPTNMLSJRHMFFAD98CC,58,37.32,住家用,磚造,49年1月1日,一層,
RPXOMLSJRHMFFAD86CC,10,60.12,集合住宅,鋼筋混凝土造,96年12月27日,十九層,
RPXOMLSJRHMFFAD86CC,10,24.91,共有部分,鋼筋混凝土造,96年12月27日,十九層,
RPTNMLSJRHMFFHR48CC,22,29.84,辦公室。,鋼筋混凝土造,85年1月29日,十七層,
RPTNMLSJRHMFFHR48CC,22,3.55,共有部分,鋼筋混凝土造,85年1月29日,十七層,
RPTNMLSJRHMFFHR48CC,22,2.36,共有部分,鋼筋混凝土造,85年1月29日,十七層,
RPSNMLSJRHMFFER08CC,21,96.00,住家用,鋼骨造,85年10月28日,一層,
RPQNMLTJRHMFFAD78CC,4,116.16,店舖、辦公室,鋼筋混凝土構造,102年6月20日,十五層,
RPRNMLTJRHMFFAD88CC,1,183.58,店舖、住宅,鋼筋混凝土構造,105年10月26日,十八層,
RPRNMLTJRHMFFCD09CC,27,165.08,住家用,鋼筋混凝土造,79年12月29日,七層,
RPPNMLQJRHMFFCD58CC,22,78.09,住家用,鋼筋混凝土造,85年2月3日,十六層,
RPPNMLKKRHMFFCD08CC,4,185.21,商業用,鋼骨構造,102年3月13日,一層,
RPUNMLQJRHMFFCD09CC,37,890.32,辦公室、廠房、避難室、員工宿舍,加強磚造,69年3月24日,二層,
RPTNMLQJRHMFFCD98CC,11,233.84,店舖、集合住宅、停車空間,ＲＣ造,95年11月22日,四層,
RPWNMLRJRHMFFCD76CC,30,187.26,住商用,鋼筋混凝土造,76年6月15日,四層,
RPTNMLRJRHMFFCD09CC,9,21.70,住家用,鋼筋混凝土造,97年2月29日,十四層,
RPTNMLRJRHMFFCD09CC,9,5.39,共有部分,鋼筋混凝土造,97年2月29日,十四層,
RPTNMLRJRHMFFCD09CC,9,7.11,共有部分,鋼筋混凝土造,97年2月29日,十四層,
RPVNMLQJRHMFFCD56CC,4,63.39,店舖,鋼筋混凝土造,102年10月23日,十二層,
RPQNMLPJRHMFFCD58CC,18,111.69,住商用,鋼筋混凝土造,88年10月21日,十三層,
RPQNMLPJRHMFFCD58CC,18,1.99,共有部分,鋼筋混凝土造,88年10月21日,十三層,
RPQNMLPJRHMFFCD58CC,18,2.28,共有部分,鋼筋混凝土造,88年10月21日,十三層,
RPQNMLQJRHMFFCD68CC,22,107.91,住家用,鋼筋混凝土造,85年2月9日,十八層,
RPUNMLNKRHMFFCD88CC,22,55.88,住家用,鋼筋混凝土造,84年11月15日,二十三層,
RPUNMLNKRHMFFCD88CC,22,4.89,共有部分,鋼筋混凝土造,84年11月15日,二十三層,
RPUNMLNKRHMFFCD88CC,22,15.31,共有部分,鋼筋混凝土造,84年11月15日,二十三層,
RPUNMLNKRHMFFCD88CC,22,2.32,共有部分,鋼筋混凝土造,84年11月15日,二十三層,
RPSOMLNKRHMFFCD78CC,27,28.30,住家用,鋼筋混凝土造,79年10月17日,七層,
RPTNMLNKRHMFFCD78CC,9,201.77,停車空間、住宅,鋼筋混凝土造,97年10月23日,四層,
RPTNMLNKRHMFFCD78CC,9,.04,共有部分,鋼筋混凝土造,97年10月23日,五層,
RPQNMLLKRHMFFAR86CC,39,81.76,住家用,加強磚造,67年6月21日,四層,
RPVNMLMKRHMFFAD68CC,24,68.05,住商用,鋼筋混凝土造,82年12月28日,三層,
RPSNMLNKRHMFFER67CC,24,165.36,住家用,鋼筋混凝土造,82年6月3日,三層,
RPVNMLOKRHMFFBD98CC,40,105.84,住家用,加強磚造,67年2月14日,二層,
RPPPMLNKRHMFFAD38CC,5,64.75,集合住宅,鋼筋混凝土構造,101年10月12日,十四層,
RPRNMLNKRHMFFHR87CC,5,88.25,集合住宅,鋼筋混凝土構造,101年8月17日,十九層,
RPTNMLOKRHMFFBD78CC,40,105.84,住家用,加強磚造,67年2月14日,二層,
RPXNMLOKRHMFFBD56CC,40,105.84,住家用,加強磚造,67年2月14日,二層,
RPSNMLPKRHMFFCD88CC,48,104.25,住家用,加強磚造,58年8月24日,二層,
RPUNMLOKRHMFFAD78CC,22,132.77,住商用,鋼筋混凝土造,84年3月15日,五層,
RPTNMLSKRHMFFER28CC,32,94.70,住家用,加強磚造,74年10月30日,二層,
RPSOMLOKRHMFFAD68CC,22,102.00,住家用,鋼筋混凝土造,84年6月20日,十二層,
RPQOMLPKRHMFFAD58CC,38,72.54,住家用,加強磚造,69年1月19日,二層,
RPVNMLOKRHMFFAD88CC,18,30.77,一般事務所,鋼筋混凝土造,88年8月16日,十四層,
RPVNMLOKRHMFFAD88CC,18,51.37,一般事務所,鋼筋混凝土造,88年8月16日,十四層,
RPVNMLOKRHMFFAD88CC,18,7.34,一般事務所,鋼筋混凝土造,88年8月16日,十四層,
RPVNMLOKRHMFFAD88CC,18,3.91,一般事務所,鋼筋混凝土造,88年8月16日,十四層,
RPVNMLOKRHMFFAD88CC,18,15.32,共有部分,鋼筋混凝土造,88年8月16日,十四層,
RPVNMLOKRHMFFAD88CC,18,12.98,共有部分,鋼筋混凝土造,88年8月16日,十四層,
RPQNMLTKRHMFFCD09CC,30,243.73,住商用,鋼筋混凝土造,76年10月20日,三層,
RPUNMLQKRHMFFHR48CC,5,59.03,集合住宅,鋼筋混凝土構造,101年8月17日,十九層,
RPUNMLQKRHMFFHR48CC,5,29.35,防空避難室兼停車空間，機電設備，社區文康室，社區運動室，梯廳，機械室，水箱,鋼筋混凝土構造,101年8月17日,十九層,
RPVOMLTKRHMFFHR98CC,30,129.12,住商用,鋼筋混凝土造,76年6月5日,二層,
RPPNMLPKRHMFFHR87CC,18,84.16,國民住宅,鋼筋混凝土造,88年8月24日,十四層,
RPPNMLPKRHMFFHR87CC,18,2.09,共有部分,鋼筋混凝土造,88年8月24日,十四層,
RPPNMLPKRHMFFHR87CC,18,30.25,共有部分,鋼筋混凝土造,88年8月24日,十四層,
RPPNMLPKRHMFFHR87CC,18,16.24,共有部分,鋼筋混凝土造,88年8月24日,十四層,
RPTNMLTKRHMFFCD76CC,5,130.59,住家用,鋼筋混凝土造,101年7月23日,十三層,
RPTNMLTKRHMFFCD76CC,5,58.76,本共有部分之項目有：防空避難室兼停車空間、台電配電室、電信室、消防水池、污水處理池、污水機房、消房機房、環保室、梯廳、污水暫存池、公共服務空間。,鋼筋混凝土造,101年7月23日,十三層,
RPOOMLTKRHMFFCD98CC,9,26.43,住家用,鋼筋混凝土造,97年2月29日,十四層,
RPOOMLTKRHMFFCD98CC,9,6.54,共有部分,鋼筋混凝土造,97年2月29日,十四層,
RPOOMLTKRHMFFCD98CC,9,8.59,共有部分,鋼筋混凝土造,97年2月29日,十四層,
RPROMLTKRHMFFAD09CC,25,31.73,住商用,鋼筋混凝土造,81年7月16日,五層,
RPRNMLTKRHMFFAD98CC,25,29.77,住商用,鋼筋混凝土造,81年7月16日,五層,
RPSNMLKLRHMFFCD48CC,28,84.11,住家用,鋼筋混凝土造,78年8月31日,五層,
RPSNMLKLRHMFFCD48CC,28,19.78,共有部分,鋼筋混凝土造,78年8月31日,五層,
RPTNMLKLRHMFFCD58CC,28,179.98,住商用,鋼筋混凝土造,78年3月27日,三層,
RPRNMLKLRHMFFHR67CC,22,135.55,住商用,鋼筋混凝土造,84年8月19日,四層,
RPWNMLTKRHMFFAD86CC,23,18.82,住家用,鋼筋混凝土造,83年11月7日,九層,
RPWNMLTKRHMFFAD86CC,23,6.06,共有部分,鋼筋混凝土造,83年11月7日,九層,
RPVOMLTKRHMFFAD86CC,58,383.00,住家用,磚造,49年1月1日,三層,
RPTOMLTKRHMFFAD66CC,25,23.65,住家用,鋼筋混凝土造,81年6月11日,七層,
RPTOMLTKRHMFFAD66CC,25,12.38,共有部分,鋼筋混凝土造,81年6月11日,七層,
RPWNMLKLRHMFFHR18CC,24,79.36,住家用,鋼筋混凝土造,83年2月22日,七層,
RPWNMLKLRHMFFHR18CC,24,41.53,共有部分,鋼筋混凝土造,83年2月22日,七層,
RPXNMLLLRHMFFBD98CC,,53.06,住商用,加強磚造,,二層,
RPSNMLLLRHMFFAD38CC,31,346.13,住家用,鋼筋混凝土造,75年4月21日,四層,
RPPOMLLLRHMFFHR67CC,22,86.73,住家用,鋼筋混凝土造,84年6月10日,七層,
RPPOMLLLRHMFFHR67CC,22,55.47,共有部分,鋼筋混凝土造,84年6月10日,七層,
RPVNMLLLRHMFFAD68CC,23,173.39,住商用,鋼筋混凝土造,83年5月5日,四層,
RPQOMLLLRHMFFHR77CC,19,41.48,住家用,鋼筋混凝土造,87年10月26日,十一層,
RPQOMLLLRHMFFHR77CC,19,5.54,共有部分,鋼筋混凝土造,87年10月26日,十一層,
RPQOMLLLRHMFFHR77CC,19,13.40,共有部分,鋼筋混凝土造,87年10月26日,十一層,
RPWNMLMLRHMFFCD09CC,27,28.00,住商用,鋼筋混凝土造,79年5月11日,四層,
RPQNMLMLRHMFFAD28CC,36,56.07,住商用,鋼筋混凝土造,71年2月26日,四層,
RPSNMLMLRHMFFCD68CC,36,106.37,住家用,鋼筋混凝土造,70年3月25日,五層,
RPWNMLMLRHMFFAD98DC,26,137.60,住家用,鋼筋混凝土造,80年6月24日,七層,
RPPOMLPLRHMFFHR08CC,24,119.25,住家用,鋼筋混凝土造,83年1月4日,六層,
RPVNMLPLRHMFFDR28DC,26,153.08,商店及住家、防空避難室,鋼筋混凝土造,80年8月2日,四層,
RPQOMLPLRHMFFAD68CC,2,115.73,集合住宅,鋼筋混凝土構造,104年11月5日,二十四層,
RPPPMLPLRHMFFAD68CC,36,72.24,住家用,鋼筋混凝土造,70年12月23日,五層,
RPPNMLQLRHMFFCD78CC,2,46.91,店舖、住宅、停車空間,鋼筋混凝土造,104年11月27日,四層,
RPPNMLQLRHMFFCD78CC,2,51.16,店舖、住宅、停車空間,鋼筋混凝土造,104年11月27日,四層,
RPQNMLQLRHMFFHR18CC,11,209.70,住家用,鋼筋混凝土造,95年9月6日,四層,
RPPNMLRLRHMFFER87CC,23,245.03,工業用,鋼骨鋼筋混凝土造,84年2月6日,二層,
RPSOMLPLRHMFFAD88CC,13,95.21,集合住宅,鋼筋混凝土造,93年12月3日,八層,
RPRNMLRLRHMFFCD09CC,30,301.32,住商用,鋼筋混凝土造,76年8月15日,五層,
RPTNMLRLRHMFFCD66CC,24,119.11,住家用,鋼筋混凝土造,83年2月2日,七層,
RPQOMLRLRHMFFCD09CC,14,219.86,住宅、停車空間,鋼筋混凝土造,92年6月27日,五層,
RPVPMLTLRHMFFHR56CC,22,264.00,住商用,鋼筋混凝土造,84年5月23日,十六層,
RPWNMLTLRHMFFCD17CC,38,977.82,廠房、辦公室、倉庫,鋼筋混凝土造,68年6月11日,三層,
RPWNMLTLRHMFFCD17CC,29,212.47,（工業區）倉庫,加強磚造、鐵造,78年3月16日,一層,
RPPOMLKMRHMFFAR96CC,38,79.23,住商用,加強磚造,68年9月6日,二層,
RPQOMLKMRHMFFAR07CC,23,172.15,住家用,加強磚造,83年6月15日,二層,
RPRPMLTLRHMFFHR78CC,1,183.11,住家用,鋼筋混凝土構造,105年5月12日,二十層,
RPOOMLKMRHMFFAR86CC,25,42.29,住家用,鋼筋混凝土造,81年6月12日,四層,
RPXNMLKMRHMFFAR67CC,3,171.54,住家用,鋼筋混凝土造,103年4月22日,四層,
RPRNMLMJIIMFFCD57CC,14,63.25,住宅、停車空間,鋼筋混凝土造,92年6月27日,五層,
RPSNMLMJIIMFFCD67CC,27,989.67,商業用,鋼筋混凝土造,79年9月7日,十二層,
RPTNMLMJIIMFFCD77CC,39,100.00,住商用,加強磚造,67年5月9日,二層,
RPROMLNJIIMFFHR07CC,22,35.61,住家用,鋼筋混凝土造,84年9月21日,七層,
RPWNMLMJIIMFFER07CC,21,327.50,儲藏室、店舖住宅,鋼筋混凝土造,85年5月1日,四層,
RPPOMLNJIIMFFHR86CC,32,120.56,住家用,鋼筋混凝土造,74年6月1日,二層,
RPVNMLNJIIMFFCD08CC,23,74.75,住家用,鋼筋混凝土造,84年3月25日,十四層,
RPVNMLNJIIMFFCD08CC,23,7.32,共有部分,鋼筋混凝土造,84年3月25日,十四層,
RPVNMLNJIIMFFCD08CC,23,32.15,共有部分,鋼筋混凝土造,84年3月25日,十四層,
RPXNMLNJIIMFFCD28CC,10,25.13,住家用,鋼筋混凝土造,97年2月29日,十四層,
RPXNMLNJIIMFFCD28CC,10,6.27,共有部分,鋼筋混凝土造,97年2月29日,十四層,
RPXNMLNJIIMFFCD28CC,10,8.13,共有部分,鋼筋混凝土造,97年2月29日,十四層,
RPQPMLMJIIMFFBD57CC,37,163.41,住商用,鋼筋混凝土造,69年5月20日,三層,
RPOOMLPJIIMFFHR96CC,30,131.51,住商用,鋼筋混凝土造,76年6月5日,二層,
RPSOMLNJIIMFFHR17CC,22,42.46,住家用,鋼筋混凝土造,85年1月29日,十七層,
RPSOMLNJIIMFFHR17CC,22,5.11,共有部分,鋼筋混凝土造,85年1月29日,十七層,
RPSOMLNJIIMFFHR17CC,22,3.42,共有部分,鋼筋混凝土造,85年1月29日,十七層,
RPXNMLNJIIMFFAD08CC,35,53.02,住家用,鋼筋混凝土造,71年10月15日,十層,
RPXNMLNJIIMFFAD08CC,35,4.55,共有部分,鋼筋混凝土造,71年10月15日,十層,
RPXNMLNJIIMFFAD08CC,35,13.44,共有部分,,71年10月15日,十層,
RPROMLPJIIMFFAD77CC,30,314.46,住商用,鋼筋混凝土造,76年12月5日,四層,
RPPOMLNJIIMFFAD37CC,1,110.21,集合住宅,鋼筋混凝土構造,105年10月26日,十八層,
RPPOMLNJIIMFFAD37CC,1,44.15,共有部分包括：門廊、樓梯間、公共服務空間、垃圾分類儲存空間、車道、管理委員會空間、多用途空間、防空避難室兼停車空間、停車空間。,鋼筋混凝土構造,105年10月26日,十八層,
RPPOMLNJIIMFFAD37CC,1,25.47,共有部分包括：樓梯間、泵浦室、水箱。,鋼筋混凝土構造,105年10月26日,十八層,
RPQNMLKMRHMFFAD18CC,7,170.13,見其他登記事項,鋼筋混凝土造,99年5月6日,四層,
RPOOMLNJIIMFFAD27CC,23,60.89,住家用,鋼筋混凝土造,83年5月12日,十一層,
RPQPMLPLRHMFFAD78CC,2,58.58,集合住宅,鋼筋混凝土構造,104年11月5日,二十四層,
RPQPMLPLRHMFFAD78CC,2,57.87,本共有部分之項目：有樓梯間、門廊、門廳、管委會使用空間、防災中心、停車空間、防空避難室、車道、游泳池、機房自來水池等項,鋼筋混凝土構造,104年11月5日,二十四層,
RPVNMLMJIIMFFAD77CC,1,117.71,集合住宅,鋼筋混凝土構造,106年1月24日,二十三層,
RPSOMLKMRHMFFAD48CC,,61.57,住家用,磚造,,一層,
RPSOMLKMRHMFFAD48CC,56,128.52,住工用,磚造,51年1月1日,三層,
RPWNMLQJIIMFFBD38CC,13,30.30,住家用,鋼筋混凝土造,93年8月13日,五層,
RPWPMLQJIIMFFCD68CC,48,334.03,住商用,鋼筋混凝土造,58年6月5日,四層,
RPPNMLTJIIMFFCD08CC,27,23.14,住商用,鋼筋混凝土造,79年5月11日,四層,
RPUNMLLKIIMFFCD87CC,45,225.40,住家用,加強磚造,61年10月22日,二層,
RPSNMLLKIIMFFCD67CC,36,104.65,住商用,鋼筋混凝土造,71年2月26日,七層,
RPSNMLLKIIMFFCD67CC,36,64.66,住商用,鋼筋混凝土造,71年2月26日,七層,
RPSNMLLKIIMFFCD67CC,36,64.66,住商用,鋼筋混凝土造,71年2月26日,七層,
RPQOMLSJIIMFFAD97CC,10,21.16,集合住宅,鋼筋混凝土構造,96年8月24日,十四層,
RPQNMLKKIIMFFCD37CC,24,67.15,住家用,鋼筋混凝土造,83年1月22日,九層,
RPTNMLLKIIMFFFR86CC,11,215.55,住商用,鋼筋混凝土造,95年9月5日,四層,
RPSNMLNKIIMFFHR17CC,35,81.77,住家用,鋼筋混凝土造,71年12月31日,五層,
RPSNMLNKIIMFFHR17CC,35,7.13,共有部分,鋼筋混凝土造,71年12月31日,五層,
RPSNMLNKIIMFFHR17CC,35,7.67,共有部分,鋼筋混凝土造,71年12月31日,五層,
RPRNMLRKIIMFFAR76CC,35,85.25,住商用,鋼筋混凝土造,71年11月10日,四層,
RPTNMLQKIIMFFAR86CC,32,118.56,住家用,鋼筋混凝土造,74年5月22日,四層,
RPQNMLRKIIMFFHR37CC,8,180.72,住家用,鋼筋混凝土造,98年8月21日,四層,
RPQOMLNKIIMFFCD77CC,37,298.17,住商用,鋼筋混凝土造,70年1月27日,四層,
RPOOMLRKIIMFFCD97CC,26,146.52,住商用,鋼筋混凝土造,80年11月21日,十一層,
RPOOMLRKIIMFFCD97CC,26,13.83,共有部分,鋼筋混凝土造,80年11月21日,十一層,
RPXNMLLKIIMFFCD18CC,1,135.22,供一般門診、零售、日常服務之場所,鋼骨構造,106年1月5日,一層,
RPROMLNKIIMFFCD87CC,31,801.18,住商用,鋼筋混凝土造,75年12月3日,四層,
RPXNMLNKIIMFFCD38CC,19,311.95,住商用,鋼骨造,87年4月15日,二層,
RPQNMLRKIIMFFCD08CC,19,67.45,住家用,鋼筋混凝土造,87年12月18日,十四層,
RPQNMLRKIIMFFCD08CC,19,16.63,共有部分,鋼筋混凝土造,87年12月18日,十四層,
RPQNMLRKIIMFFCD08CC,19,1.42,共有部分,鋼筋混凝土造,87年12月18日,十四層,
RPQNMLRKIIMFFCD08CC,19,7.27,共有部分,鋼筋混凝土造,87年12月18日,十四層,
RPOOMLMKIIMFFCD47CC,21,82.83,住家用,鋼筋混凝土造,85年10月4日,十五層,
RPSNMLNKIIMFFCD87CC,11,72.25,店舖、集合住宅、停車空間,ＲＣ造,95年11月22日,四層,
RPPOMLRKIIMFFCD08CC,22,90.23,住家用,鋼筋混凝土造,84年11月6日,二十層,
RPPOMLRKIIMFFCD08CC,22,14.39,共有部分,鋼筋混凝土造,84年11月6日,二十層,
RPPOMLRKIIMFFCD08CC,22,22.98,共有部分,鋼筋混凝土造,84年11月6日,二十層,
RPWOMLSKIIMFFCD88CC,18,47.80,商業用,鋼骨造,88年12月31日,一層,
RPUNMLSKIIMFFER57CC,2,51.05,住家用,鋼筋混凝土造,104年10月15日,四層,
RPROMLSKIIMFFHR67CC,1,49.46,住家用,鋼筋混凝土構造,105年10月26日,二十三層,
RPROMLSKIIMFFHR67CC,1,4.09,住家用,鋼筋混凝土構造,105年10月26日,二十三層,
RPROMLSKIIMFFHR67CC,1,5.21,住家用,鋼筋混凝土構造,105年10月26日,二十三層,
RPROMLSKIIMFFHR67CC,1,17270.23,本共有部分之項目有防空避難室兼停車空間，門廳，門廊，管理委員會使用空間，防災中心，車道，梯間，設備空間，樓梯間，機械房，水箱等１１項,鋼筋混凝土構造,105年10月26日,二十三層,
RPPNMLTKIIMFFCD18CC,27,35.96,住家用,鋼筋混凝土造,79年9月26日,十二層,
RPRNMLTKIIMFFCD38CC,13,223.01,住宅、停車空間,鋼筋混凝土造,94年1月24日,五層,
RPSNMLTKIIMFFCD48CC,23,74.75,住家用,鋼筋混凝土造,84年3月25日,十四層,
RPSNMLTKIIMFFCD48CC,23,7.32,共有部分,鋼筋混凝土造,84年3月25日,十四層,
RPSNMLTKIIMFFCD48CC,23,32.15,共有部分,鋼筋混凝土造,84年3月25日,十四層,
RPXNMLTKIIMFFCD98CC,10,29.06,住家用,鋼筋混凝土造,97年2月29日,十四層,
RPXNMLTKIIMFFCD98CC,10,7.24,共有部分,鋼筋混凝土造,97年2月29日,十四層,
RPXNMLTKIIMFFCD98CC,10,8.59,共有部分,鋼筋混凝土造,97年2月29日,十四層,
RPRPMLRKIIMFFAD18CC,18,135.73,住家用,見其他登記事項,88年4月23日,二層,
RPSPMLTKIIMFFAD48CC,9,82.98,集合住宅,鋼筋混凝土造,97年12月19日,十四層,
RPSNMLKLIIMFFAD47CC,46,112.67,住商用,加強磚造,61年4月6日,二層,
RPTPMLRKIIMFFAD38CC,30,246.44,住商用,鋼筋混凝土造,76年5月11日,四層,
RPQPMLRKIIMFFAD08CC,30,246.44,住商用,鋼筋混凝土造,76年5月11日,四層,
RPWOMLMKIIMFFAD08CC,39,46.52,住家用,鋼筋混凝土造,68年4月6日,七層,
RPSPMLRKIIMFFAD28CC,36,40.80,住家用,鋼筋混凝土造,70年6月5日,七層,
RPSPMLRKIIMFFAD28CC,36,8.36,共有部分,鋼筋混凝土造,70年6月5日,七層,
RPSPMLRKIIMFFAD28CC,36,4.43,共有部分,鋼筋混凝土造,70年6月5日,七層,
RPXNMLRKIIMFFAD58CC,1,139.64,集合住宅,鋼筋混凝土構造,106年1月24日,二十層,
RPXNMLNKIIMFFAD18CC,12,354.19,住宅、停車空間,ＲＣ造,94年4月19日,四層,
RPOOMLRKIIMFFAD77CC,60,67.57,住商用,加強磚造,46年8月1日,三層,
RPQOMLKLIIMFFAR78CC,19,144.01,集合住宅,鋼筋混凝土造,88年3月17日,六層,
RPTNMLKLIIMFFAD57CC,2,82.12,集合住宅,鋼筋混凝土構造,104年11月5日,二十四層,
RPUNMLKLIIMFFAD67CC,13,160.80,集合住宅,鋼筋混凝土造,93年5月21日,十層,
RPWNMLKLIIMFFCD08CC,10,32.55,住家用,鋼筋混凝土造,97年2月29日,十四層,
RPWNMLKLIIMFFCD08CC,10,8.04,共有部分,鋼筋混凝土造,97年2月29日,十四層,
RPWNMLKLIIMFFCD08CC,10,10.62,共有部分,鋼筋混凝土造,97年2月29日,十四層,
RPVNMLKLIIMFFCD97CC,10,29.43,住家用,鋼筋混凝土造,97年2月29日,十四層,
RPVNMLKLIIMFFCD97CC,10,7.33,共有部分,鋼筋混凝土造,97年2月29日,十四層,
RPVNMLKLIIMFFCD97CC,10,8.70,共有部分,鋼筋混凝土造,97年2月29日,十四層,
RPOOMLKLIIMFFAR58CC,25,42.29,住家用,鋼筋混凝土造,81年6月12日,四層,
RPTNMLLLIIMFFCD87CC,37,77.40,住家用,鋼筋混凝土造,70年3月21日,四層,
RPPNMLKLIIMFFHR66CC,29,169.01,住家用,鋼筋混凝土造,77年5月5日,二層,
RPPNMLMLIIMFFAD37CC,13,61.49,集合住宅,鋼筋混凝土造,93年8月18日,十層,
RPQNMLMLIIMFFAD47CC,9,53.66,集合住宅,鋼筋混凝土造,97年12月19日,十四層,
RPOOMLNLIIMFFHR96CC,26,139.01,住家用,鋼筋混凝土造,81年1月30日,三層,
RPPOMLNLIIMFFHR07CC,21,86.72,住家用,鋼筋混凝土造,85年5月22日,十六層,
RPPOMLNLIIMFFHR07CC,21,36.50,共有部分,鋼筋混凝土造,85年5月22日,十六層,
RPQNMLNLIIMFFAD57CC,6,334.30,店舖、住宅,鋼筋混凝土造,100年6月3日,五層,
RPPNMLNLIIMFFAR88CC,37,89.84,住商用,加強磚造,69年5月6日,二層,
RPXNMLNLIIMFFAD28CC,5,165.58,店舖、水塔,鋼骨構造,102年4月8日,二層,
RPPNMLOLIIMFFHR07CC,25,186.50,辦公室。,鋼筋混凝土造,81年12月15日,二十二層,
RPOOMLPLIIMFFHR17CC,18,127.35,國民住宅,鋼筋混凝土造,88年8月24日,十四層,
RPTNMLQLIIMFFHR67CC,21,58.77,住家用,鋼筋混凝土造,85年4月26日,六層,
RPTNMLQLIIMFFHR67CC,21,5.76,共有部分,鋼筋混凝土造,85年4月26日,六層,
RPTNMLQLIIMFFHR67CC,21,17.42,共有部分,鋼筋混凝土造,85年4月26日,六層,
RPWNMLPLIIMFFAD38CC,36,176.49,,鋼筋混凝土造,70年7月7日,三層,
RPOOMLQLIIMFFAD77CC,24,87.21,住家用,鋼筋混凝土造,82年10月18日,七層,
RPOOMLQLIIMFFAD77CC,24,22.03,共有部分,鋼筋混凝土造,82年10月18日,七層,
RPOOMLQLIIMFFAD77CC,24,9.89,共有部分,鋼筋混凝土造,82年10月18日,七層,
RPTOMLPLIIMFFAD18CC,23,145.75,商業用,鋼骨鋼筋混凝土造,84年1月26日,二十三層,
RPTOMLPLIIMFFAD18CC,23,112.82,商業用,鋼骨鋼筋混凝土造,84年1月26日,二十三層,
RPTOMLPLIIMFFAD18CC,23,72.38,商業用,鋼骨鋼筋混凝土造,84年1月26日,二十三層,
RPTNMLOLIIMFFAD97CC,2,98.52,店舖,鋼筋混凝土構造,104年11月5日,二十四層,
RPQNMLQLIIMFFAD87CC,34,458.43,住商用,鋼筋混凝土造,73年3月16日,五層,
RPVNMLRLIIMFFAD48CC,4,420.75,店舖、住宅,鋼筋混凝土構造,102年12月5日,四層,
RPVNMLRLIIMFFAD48CC,4,29.80,店舖、住宅,鋼筋混凝土構造,102年12月5日,四層,
RPXNMLRLIIMFFBD78CC,38,105.08,住家用,鋼筋混凝土造,69年1月26日,二層,
RPPNMLRLIIMFFAD97DC,43,29.06,住家用,加強磚造,63年5月1日,三層,
RPWNMLKMIIMFFHR47CC,25,88.20,住家用,鋼筋混凝土造,81年11月30日,九層,
RPXNMLKMIIMFFHR57CC,28,154.71,住商用,加強磚造,78年9月29日,二層,
RPWNMLKMIIMFFAD97CC,11,100.36,集合住宅,ＲＣ造,95年11月29日,十三層,
RPOOMLKMIIMFFAD27CC,36,117.25,住家用,鋼筋混凝土造,70年10月27日,五層,
RPQNMLKMIIMFFAD37CC,4,121.70,集合住宅,鋼筋混凝土構造,102年6月20日,十五層,
RPWNMLLMIIMFFAD08CC,11,26.69,集合住宅,ＲＣ造,95年7月13日,九層,
RPWNMLLMIIMFFAD08CC,11,4.30,共有部分,ＲＣ造,95年7月13日,十一層,
RPWNMLLMIIMFFAD08CC,11,8.63,共有部分,ＲＣ造,95年7月13日,九層,
RPWNMLLMIIMFFAD08CC,11,.01,共有部分,ＲＣ造,95年7月13日,十一層,
RPQNMLLMIIMFFHR96CC,24,70.04,住家用,鋼筋混凝土造,82年12月30日,九層,
RPQNMLLMIIMFFHR96CC,24,35.56,共有部分,鋼筋混凝土造,82年12月30日,九層,
RPTOMLLMIIMFFHR37CC,47,87.45,住家用,鋼筋混凝土加強磚造,59年8月1日,二層,
RPPOMLQLIIMFFCD08CC,4,46.62,共同管理維護空間、停車空間、住宅、店舖、坐月子中心,鋼筋混凝土造,103年1月21日,五層,
RPQNMLMLIIMFFCD67CC,50,72.68,住家用,補強磚造,57年1月30日,二層,
RPPPMLLMIIMFFCD77CC,28,20.80,住家用,鋼筋混凝土造,79年1月2日,七層,
RPPPMLLMIIMFFCD77CC,28,12.76,共有部分,鋼筋混凝土造,79年1月2日,七層,
RPSOMLLMIIMFFCD97CC,37,43.75,住家用,鋼筋混凝土造,70年3月21日,四層,
RPXNMLQLIIMFFCD78CC,36,184.63,住商用,鋼筋混凝土造,70年9月14日,三層,
RPPNMLMLIIMFFCD57CC,37,178.84,住商用,鋼筋混凝土造,69年6月4日,四層,
RPWOMLLMIIMFFHR67CC,5,141.00,集合住宅,鋼筋混凝土構造,101年8月17日,十九層,
RPOPMLLMIIMFFHR96CC,28,174.38,住商用,加強磚造,78年9月29日,二層,
RPXOMLLMIIMFFHR77CC,26,208.00,辦公室。,鋼筋混凝土造,80年8月12日,十八層,
RPRNMLLJJIMFFER56CC,23,155.24,住家用,鋼筋混凝土造,84年4月17日,四層,
RPUNMLLJJIMFFCD87CC,10,21.81,住家用,鋼筋混凝土造,97年2月29日,十四層,
RPOPMLMJJIMFFCD57CC,26,139.01,商業用,鋼筋混凝土造,80年11月21日,十一層,
RPOPMLMJJIMFFCD57CC,26,.00,見其他登記事項,鋼筋混凝土造,80年11月21日,十一層,
RPRNMLLJJIMFFHR86CC,1,95.00,住家用,鋼筋混凝土構造,105年5月12日,二十層,
RPRNMLLJJIMFFHR86CC,1,66.25,本共有部分之項目有防空避難室兼停車空間，車道，外廊，樓梯間，頂蓋型廣場式開放空間，出入口緩衝空間，門廳，防災中心，中繼設備層，機械室及水箱等１１項,鋼筋混凝土構造,105年5月12日,二十層,
RPWNMLLJJIMFFCD18DC,18,176.43,集合住宅,鋼筋混凝土造,88年10月21日,十三層,
RPPQMLMJJIMFFCD77CC,15,245.76,住商用,鋼筋混凝土造,92年3月11日,三層,
RPVOMLMJJIMFFHR47CC,23,61.21,辦公室。,鋼筋混凝土造,84年3月31日,十五層,
RPSPMLMJJIMFFHR27CC,34,198.27,住商用,鋼筋混凝土造,72年10月27日,三層,
RPWOMLMJJIMFFHR57CC,18,45.00,住家用,鋼筋混凝土造,88年5月19日,十一層,
RPROMLMJJIMFFER76CC,9,183.01,住家用,鋼筋混凝土造,98年2月12日,四層,
RPPOMLNJJIMFFAD47CC,11,23.57,店舖、住宅、停車空間,ＲＣ造,95年8月21日,五層,
RPSOMLNJJIMFFAD77CC,18,203.45,見其他登記事項,鋼筋混凝土造,89年3月6日,二十五層,
RPPOMLRJJIMFFCD08CC,,12.36,,,,,
RPTOMLNJJIMFFAD87CC,12,130.91,店舖、辦公室、住宅,ＲＣ造,94年11月25日,五層,
RPWNMLTJJIMFFAD68CC,15,114.89,店舖、住宅,鋼筋混凝土造,91年11月15日,十一層,
RPWNMLTJJIMFFAD68CC,15,41.20,共有部分,鋼筋混凝土造,91年11月15日,十一層,
RPOOMLTJJIMFFER17CC,39,100.38,住家用,加強磚造,68年4月1日,二層,
RPUNMLQJJIMFFAD18CC,14,47.06,店舖、住宅,鋼筋混凝土造,92年9月16日,十三層,
RPPNMLTJJIMFFFR37DC,8,102.03,住家用,鋼筋混凝土造,99年4月22日,十四層,
RPQNMLTJJIMFFHR57CC,36,76.17,住家用,鋼筋混凝土造,70年12月11日,五層,
RPQNMLTJJIMFFHR57CC,36,8.74,共有部分,鋼筋混凝土造,70年12月11日,五層,
RPQNMLTJJIMFFHR57CC,36,5.12,共有部分,鋼筋混凝土造,70年12月11日,五層,
RPRNMLKKJIMFFAD37CC,43,35.70,住商用,加強磚造,63年12月5日,三層,
RPQOMLTJJIMFFER37CC,22,178.76,住商用,鋼筋混凝土造,85年3月15日,四層,
RPUNMLKKJIMFFAD67CC,35,78.61,住家用,鋼筋混凝土造,71年5月21日,十層,
RPUNMLKKJIMFFAD67CC,35,4.05,住家用,鋼筋混凝土造,71年5月21日,十層,
RPUNMLKKJIMFFAD67CC,35,14.75,共有部分,鋼筋混凝土造,71年5月21日,十層,
RPWNMLKKJIMFFCD08CC,39,45.20,住家用,鋼筋混凝土造,68年2月27日,四層,
