﻿鄉鎮市區,交易標的,土地位置建物門牌,土地面積平方公尺,都市土地使用分區,非都市土地使用分區,非都市土地使用編定,租賃年月日,租賃筆棟數,租賃層次,總樓層數,建物型態,主要用途,主要建材,建築完成年月,建物總面積平方公尺,建物現況格局-房,建物現況格局-廳,建物現況格局-衛,建物現況格局-隔間,有無管理組織,有無附傢俱,總額元,單價元平方公尺,車位類別,車位面積平方公尺,車位總額元,備註,編號
The villages and towns urban district,transaction sign,land sector position building sector house number plate,land shifting total area square meter,the use zoning or compiles and checks,the non-metropolis land use district,non-metropolis land use,transaction year month and day,transaction pen number,shifting level,total floor number,building state,main use,main building materials,construction to complete the years,building shifting total area,Building present situation pattern - room,building present situation pattern - hall,building present situation pattern - health,building present situation pattern - compartmented,Whether there is manages the organization,Whether there is attaches the furniture,total price NTD,the unit price (NTD / square meter),the berth category,berth shifting total area square meter,the berth total price NTD,the note,serial number
新營區,房地(土地+建物),臺南市新營區民生路385巷13弄13之3號,4.53,住,,,1060718,土地1建物1車位0,七層,7,華廈(10層含以下有電梯),住家用,鋼筋混凝土造,0830228,32.06,2,2,1,有,無,有,7000,218,,0.0,0,,RPTNMLLJQHMFFAR96CC
新營區,房地(土地+建物),臺南市新營區中華路18之5號8樓之3,2.99,商,,,1060715,土地1建物1車位0,八層,8,套房(1房1廳1衛),住家用,鋼筋混凝土造,0830401,22.45,1,1,1,有,無,有,6000,267,,0.0,0,,RPUNMLLJQHMFFAR07CC
善化區,建物,臺南市善化區善新西路472巷1號,0.0,其他,,,1060727,土地0建物1車位0,全,3,透天厝,見其他登記事項,鋼筋混凝土造,1040508,255.0,4,2,4,有,無,有,29000,114,,0.0,0,1.合約書無填具土地租賃面積.2.由所有權人提供出租資訊3.租金已包含車位,RPWNMLLJQHMFFER67CC
安南區,房地(土地+建物),臺南市安南區永安路62號,406.1,工,,,1060802,土地2建物1車位0,見其他登記事項,1,廠辦,見其他登記事項,見其他登記事項,1051110,197.01,0,0,0,無,無,無,36000,183,,0.0,0,,RPXNMLMJQHMFFBD78CC
永康區,房地(土地+建物),臺南市永康區東橋三路410號一樓,94.11,住,,,1060702,土地1建物1車位0,全,4,透天厝,住商用,鋼筋混凝土造,0991230,213.51,0,0,0,無,無,無,15000,70,,0.0,0,,RPSNMLMJQHMFFHR67CC
北區,建物,臺南市北區公園南路161號6樓,0.0,,,,1060703,土地0建物1車位0,六層,10,辦公商業大樓,見其他登記事項,鋼筋混凝土造,0860519,219.21,0,0,0,無,無,無,25000,114,,0.0,0,,RPPOMLMJQHMFFAD97CC
北區,建物,臺南市北區公園南路161號5樓,0.0,,,,1060728,土地0建物1車位0,五層,10,辦公商業大樓,見其他登記事項,鋼筋混凝土造,0860519,219.21,0,0,0,無,無,無,24000,109,,0.0,0,,RPQOMLMJQHMFFAD08CC
東區,房地(土地+建物),臺南市東區長榮路一段125號,138.39,住,,,1060728,土地1建物1車位0,全,5,透天厝,見其他登記事項,鋼筋混凝土構造,1000517,147.79,3,0,3,有,無,無,20000,135,,0.0,0,租賃樓層為4樓+5樓,RPWNMLNJQHMFFCD88CC
東區,建物,臺南市東區小東路１３８號,0.0,商,,,1060716,土地0建物0車位0,一層,6,店面(店鋪),商業用,鋼骨鋼筋混凝土造,0840801,331.05,1,2,2,有,無,有,136000,411,,0.0,0,,RPROMLNJQHMFFCD48CC
永康區,建物,臺南市永康區永大路二段1338號,90.0,住,,,1060801,土地0建物1車位0,一層,3,店面(店鋪),見其他登記事項,鋼筋混凝土造,0720126,208.6,0,1,1,有,無,無,50000,240,,0.0,0,,RPPOMLNJQHMFFHR57CC
仁德區,房地(土地+建物)+車位,臺南市仁德區中山路511號二樓,1358.34,商,,,1060801,土地1建物1車位1,二層,14,辦公商業大樓,商業用,鋼筋混凝土造,0870813,316.6,0,0,0,無,有,無,45000,142,坡道機械,13.98,0,,RPQNMLNJQHMFFFR37CC
學甲區,房地(土地+建物),臺南市學甲區寶發路210巷12號,85.34,住,,,1060803,土地1建物1車位0,全,3,透天厝,住商用,加強磚造,0740830,108.95,4,2,3,有,無,無,8000,73,,0.0,0,,RPPNMLNJQHMFFDR17DC
永康區,建物,臺南市永康區華興街89號,0.0,商,,,1060801,土地0建物1車位0,一層,15,辦公商業大樓,商業用,鋼筋混凝土造,0840331,161.01,1,1,2,有,有,無,13000,81,,0.0,0,1.合約書無填具土地租賃面積2.由所有權人提供出租資訊3.承租範圍1+2樓.,RPSNMLOJQHMFFHR87CC
東區,建物,臺南市東區東平路1號,0.0,商,,,1060730,土地0建物1車位0,一層,7,華廈(10層含以下有電梯),住商用,鋼筋混凝土構造,0830412,170.42,0,4,4,有,有,無,43000,252,,0.0,0,1.合約書無填具土地租賃面積2.由所有權人提供出租資訊3.承租範圍1+2樓+地下室,RPRNMLOJQHMFFCD48CC
南區,房地(土地+建物),臺南市南區新和路16號,2606.0,工,,,1060720,土地1建物2車位0,見其他登記事項,2,工廠,見其他登記事項,見其他登記事項,0710111,2119.67,0,0,0,無,有,無,210000,,,0.0,0,,RPSNMLOJQHMFFCD58CC
東區,房地(土地+建物)+車位,臺南市東區中華東路三段385號7樓之2,16.75,商,,,1060711,土地1建物1車位1,七層,20,住宅大樓(11層含以上有電梯),住家用,鋼筋混凝土構造,0891128,194.76,2,2,2,有,有,有,30000,154,坡道機械,0.0,0,,RPTNMLOJQHMFFCD68CC
南區,建物,臺南市南區大同路二段726巷5之3號4樓,0.0,住,,,1060711,土地0建物1車位0,四層,5,公寓(5樓含以下無電梯),住家用,鋼筋混凝土構造,0750628,72.78999999999999,2,1,1,有,無,無,7000,96,,0.0,0,,RPVNMLOJQHMFFCD88CC
東區,建物,臺南市東區中華東路二段193號16樓之2,0.0,住,,,1060707,土地0建物1車位0,十六層,20,住宅大樓(11層含以上有電梯),住家用,鋼筋混凝土構造,0841106,75.0,2,1,1,有,有,有,12000,160,,0.0,0,,RPWNMLOJQHMFFCD98CC
東區,建物,臺南市東區文化路31號10樓之2,0.0,住,,,1060714,土地0建物1車位0,十層,14,住宅大樓(11層含以上有電梯),住家用,鋼筋混凝土構造,0990203,113.05000000000001,2,1,1,有,有,有,25000,221,,0.0,0,,RPOOMLOJQHMFFCD28CC
東區,房地(土地+建物),臺南市東區東門路3段257號3樓之3,0.0,住,,,1060713,土地1建物1車位0,十四層,14,住宅大樓(11層含以上有電梯),住家用,鋼筋混凝土構造,0790707,58.54,2,1,1,有,無,無,8000,137,,0.0,0,,RPPNMLPJQHMFFCD38CC
東區,房地(土地+建物)+車位,臺南市東區莊敬路82號15樓之1,0.0,住,,,1060724,土地1建物1車位1,十五層,15,住宅大樓(11層含以上有電梯),住家用,鋼筋混凝土構造,0830916,122.17,4,2,2,有,無,有,22000,180,坡道平面,21.22,0,,RPQNMLPJQHMFFCD48CC
中西區,房地(土地+建物),臺南市中西區大同路1段24號4樓之5,0.0,住,,,1060707,土地1建物1車位0,四層,7,華廈(10層含以下有電梯),住家用,鋼筋混凝土造,0680406,38.29,1,1,1,有,無,有,6500,170,,0.0,0,,RPPNMLPJQHMFFAD18CC
中西區,房地(土地+建物),臺南市中西區正德街37巷5號,0.0,住,,,1060721,土地1建物1車位0,全,3,透天厝,住家用,鋼筋混凝土造,0651006,66.51,2,1,2,有,無,無,9500,143,,0.0,0,,RPTNMLPJQHMFFAD58CC
北區,房地(土地+建物),臺南市北區北安路1段142巷29號,0.0,住,,,1060731,土地1建物1車位0,全,3,透天厝,住商用,鋼筋混凝土造,0821228,119.62,4,1,2,有,無,無,10000,84,,0.0,0,,RPUNMLPJQHMFFAD68CC
北區,房地(土地+建物),臺南市北區北安路1段142巷29號,0.0,住,,,1060728,土地1建物1車位0,見其他登記事項,3,店面(店鋪),住商用,鋼筋混凝土造,0821228,116.77,0,0,0,無,無,無,13000,111,,0.0,0,,RPVNMLPJQHMFFAD78CC
東區,建物,臺南市東區崇善路171號六樓,3.02,其他,,,1060806,土地0建物1車位0,六層,7,華廈(10層含以下有電梯),住家用,鋼筋混凝土構造,0800121,11.67,1,0,1,有,無,無,2500,214,,0.0,0,,RPPNMLQJQHMFFCD48CC
東區,房地(土地+建物),臺南市東區府連路260巷2弄3號,57.97,住,,,1060802,土地1建物1車位0,三層,3,其他,住家用,加強磚造,0630927,39.4,1,0,0,有,無,有,3200,81,,0.0,0,租賃標的物為增建之3樓,RPRNMLRJQHMFFCD78CC
東區,房地(土地+建物),臺南市東區中華東路二段169號五樓之6,4.23,住,,,1060710,土地1建物1車位0,五層,14,套房(1房1廳1衛),住家用,鋼筋混凝土構造,0970229,44.71,1,0,1,有,有,有,10000,224,,0.0,0,,RPOOMLSJQHMFFCD68CC
東區,房地(土地+建物),臺南市東區中華東路二段169號四樓之13,4.02,住,,,1060712,土地1建物1車位0,四層,14,套房(1房1廳1衛),住家用,鋼筋混凝土構造,0970229,43.660000000000004,1,0,1,有,有,有,9000,206,,0.0,0,,RPPOMLSJQHMFFCD78CC
安平區,建物,臺南市安平區健康三街152號十二樓之3,0.0,住,,,1060802,土地0建物1車位1,十二層,14,住宅大樓(11層含以上有電梯),見其他登記事項,見其他登記事項,0950822,142.66,3,2,1,有,有,無,18000,126,坡道平面,0.0,0,,RPOOMLSJQHMFFAD48CC
北區,建物,臺南市北區北園街8巷28號四樓之7,0.0,商,,,1060804,土地0建物1車位0,四層,19,住宅大樓(11層含以上有電梯),見其他登記事項,鋼筋混凝土造,0961227,101.9,2,2,1,有,有,有,19500,191,,0.0,0,,RPWOMLSJQHMFFAD66CC
永康區,建物,臺南市永康區東橋五路107號7樓,0.0,商,,,1060807,土地0建物1車位0,七層,23,住宅大樓(11層含以上有電梯),住家用,見其他登記事項,1051026,105.29,2,1,1,有,有,無,16500,157,,0.0,0,,RPUNMLSJQHMFFHR48CC
永康區,建物,臺南市永康區中華路327號十一樓之3,0.0,住,,,1060805,土地0建物1車位0,十一層,16,住宅大樓(11層含以上有電梯),住家用,鋼筋混凝土造,0850129,106.12,3,2,2,有,有,有,17500,165,,0.0,0,1.合約書無填具土地租賃面積2.由所有權人提供出租資訊3.租金已包含車位,RPVNMLSJQHMFFHR58CC
永康區,建物,臺南市永康區中華一路203巷10號十一樓之5,0.0,商,,,1060717,土地0建物1車位0,十一層,11,住宅大樓(11層含以上有電梯),見其他登記事項,鋼筋混凝土造,0871026,79.87,4,1,2,有,無,有,13000,163,,0.0,0,,RPOOMLSJQHMFFHR97CC
永康區,房地(土地+建物),臺南市永康區鹽洲二街160巷1號5樓之5,19.43,住,,,1060809,土地1建物1車位0,一層,12,住宅大樓(11層含以上有電梯),住家用,鋼筋混凝土造,0830922,82.08,4,2,2,有,無,有,15000,183,,0.0,0,,RPOOMLTJQHMFFHR08CC
永康區,土地,六甲頂段921地號,589.0,住,,,1060808,土地2建物0車位0,,,其他,,,,0.0,0,0,0,有,無,有,65000,110,,0.0,0,,RPPNMLKKQHMFFHR27CC
歸仁區,建物,臺南市歸仁區民生南街一段16號,0.0,,,,1060725,土地0建物1車位0,見其他登記事項,1,工廠,見其他登記事項,見其他登記事項,1040325,195.39,0,1,1,有,無,無,35000,,,0.0,0,1.租賃契約書無填寫土地租賃面積2.由所有權人提供租屋資訊,RPRNMLKKQHMFFFR27CC
中西區,建物,臺南市中西區頂美三街166號五樓之3,0.0,,,,1060802,土地0建物1車位0,五層,18,住宅大樓(11層含以上有電梯),見其他登記事項,見其他登記事項,1051026,174.97,3,2,2,有,無,有,34000,194,,0.0,0,,RPUNMLLKQHMFFAD38CC
東區,建物,臺南市東區崇德二十三街62號,0.0,,,,1060728,土地0建物1車位0,全,3,透天厝,住商用,鋼筋混凝土構造,0700826,167.75,4,2,3,有,無,無,15000,89,,0.0,0,,RPTNMLLKQHMFFCD48CC
南區,建物,臺南市南區大德街141巷46號二樓之2,0.0,,,,1060729,土地0建物1車位0,二層,5,華廈(10層含以下有電梯),住家用,鋼筋混凝土構造,0800109,34.72,1,0,1,有,有,有,7500,216,,0.0,0,,RPUNMLLKQHMFFCD58CC
東區,建物,臺南市東區裕豐街214巷52之2號,0.0,,,,1060801,土地0建物1車位0,三層,5,公寓(5樓含以下無電梯),住家用,鋼筋混凝土構造,0690726,94.09,3,2,2,有,有,無,11000,117,,0.0,0,,RPVNMLLKQHMFFCD68CC
東區,建物,臺南市東區小東路244號七樓之3,0.0,商,,,1060811,土地0建物1車位0,七層,25,住宅大樓(11層含以上有電梯),住家用,鋼筋混凝土構造,0840106,128.13,3,2,2,有,無,有,12500,98,,0.0,0,,RPUNMLOKQHMFFCD88CC
安平區,土地,妙壽段463地號,433.88,住,,,1060812,土地3建物0車位0,,,其他,,,,0.0,0,0,0,有,無,無,45000,104,,0.0,0,,RPVPMLOKQHMFFAD98CC
永康區,建物,臺南市永康區東橋一路588號,80.28,住,,,1060719,土地0建物1車位0,全,4,透天厝,住商用,鋼筋混凝土造,0990208,172.0,5,2,4,有,無,有,45408,264,,0.0,0,,RPQPMLOKQHMFFHR97CC
永康區,建物,臺南市永康區中山南路43巷11之2號,0.0,住,,,1060718,土地0建物1車位0,三層,5,公寓(5樓含以下無電梯),住家用,鋼筋混凝土造,0710810,62.61,2,1,1,有,無,有,9000,144,,0.0,0,,RPUOMLPKQHMFFHR38CC
,建物,臺南市永康區中華路772號,0.0,住,,,1060722,土地0建物1車位0,全,,透天厝,,,,351.42,7,2,4,有,無,無,35000,100,,0.0,0,,RPTNMLQKQHMFFHR28CC
永康區,建物,臺南市永康區大灣三街57巷11號2樓,0.0,住,,,1060728,土地0建物1車位0,二層,6,華廈(10層含以下有電梯),住家用,鋼筋混凝土造,0821013,104.03999999999999,3,1,2,有,有,無,9000,87,,0.0,0,,RPVNMLQKQHMFFHR48CC
永康區,建物,臺南市永康區大橋里中華路703巷58號三樓,0.0,,,,1060812,土地0建物1車位0,三層,7,華廈(10層含以下有電梯),住家用,鋼筋混凝土造,0810824,66.42,2,1,1,有,有,有,8000,120,,0.0,0,,RPXNMLQKQHMFFHR68CC
永康區,房地(土地+建物),臺南市永康區永明街182號1樓,129.0,住,,,1060727,土地1建物1車位0,全,4,透天厝,住商用,鋼筋混凝土造,0951003,66.54,1,1,1,有,無,無,22000,331,,0.0,0,,RPPOMLQKQHMFFHR97CC
中西區,建物,臺南市中西區健康路一段390巷42號四樓之5,0.0,,,,1060802,土地0建物1車位0,四層,7,華廈(10層含以下有電梯),住家用,鋼筋混凝土造,0721210,58.88,1,1,1,有,有,有,10000,170,,0.0,0,,RPWNMLQKQHMFFAD09CC
安平區,建物,臺南市安平區建平八街551號23樓之6,0.0,住,,,1060730,土地0建物1車位0,二十三層,26,住宅大樓(11層含以上有電梯),住家用,鋼筋混凝土造,0870105,129.37,3,1,2,有,有,有,15000,116,,0.0,0,,RPQOMLQKQHMFFAD58CC
中西區,建物,臺南市中西區民權路二段216號,0.0,,,,1060806,土地0建物1車位0,一層,5,店面(店鋪),住商用,加強磚造,0551001,40.49,0,1,1,有,無,無,10000,247,,0.0,0,,RPTOMLQKQHMFFAD88CC
東區,建物,臺南市東區大同路二段61巷4號,0.0,,,,1060802,土地0建物1車位0,一層,16,店面(店鋪),住商用,鋼筋混凝土構造,0831216,47.63,1,1,1,有,有,無,13000,273,,0.0,0,,RPSNMLQKQHMFFCD88CC
南區,建物,臺南市南區中華南路二段266號五樓,0.0,,,,1060803,土地0建物1車位0,五層,5,公寓(5樓含以下無電梯),住家用,鋼筋混凝土構造,0701126,136.03,3,2,1,有,無,無,9500,70,,0.0,0,,RPOOMLQKQHMFFCD58CC
東區,建物,臺南市東區大同路一段113號三樓之2,0.0,,,,1060803,土地0建物1車位0,全,4,透天厝,住商用,鋼筋混凝土構造,0720305,33.06,1,0,1,有,有,有,6000,181,,0.0,0,1.租賃契約書無填寫土地租賃面積2.由所有權人提供租屋資訊3.承租人承租三樓其中一間套房,RPROMLQKQHMFFCD88CC
南區,建物,臺南市南區中華西路一段50巷11號五樓,0.0,,,,1060803,土地0建物1車位0,五層,5,公寓(5樓含以下無電梯),見其他登記事項,鋼筋混凝土構造,0720422,94.06,3,2,2,有,有,有,11000,117,,0.0,0,,RPSOMLQKQHMFFCD98CC
南區,建物,臺南市南區南明街43號三樓之5,0.0,,,,1060804,土地0建物1車位0,三層,6,華廈(10層含以下有電梯),住家用,鋼筋混凝土構造,0790827,41.5,1,1,1,有,有,有,5500,133,,0.0,0,,RPUOMLQKQHMFFCD56CC
東區,建物,臺南市東區光華街229巷28弄9號三樓,0.0,,,,1060807,土地0建物1車位0,三層,4,公寓(5樓含以下無電梯),住家用,鋼筋混凝土構造,0700826,73.22999999999999,2,1,1,有,無,無,6500,89,,0.0,0,,RPVOMLQKQHMFFCD66CC
中西區,建物,臺南市中西區海安路一段147號一樓,0.0,,,,1060810,土地0建物1車位0,全,5,透天厝,見其他登記事項,見其他登記事項,0941125,262.24,0,0,0,無,無,無,58000,221,,0.0,0,,RPROMLRKQHMFFAD78CC
安平區,建物,臺南市安平區育平路212號7樓之10,0.0,,,,1060814,土地0建物1車位0,七層,17,住宅大樓(11層含以上有電梯),住家用,鋼筋混凝土造,0840729,159.66,2,3,2,有,無,無,11000,69,,0.0,0,,RPSOMLRKQHMFFAD88CC
北區,建物,臺南市北區西門路四段280巷16號二樓之2,0.0,住,,,1060803,土地0建物1車位0,二層,5,公寓(5樓含以下無電梯),見其他登記事項,見其他登記事項,1060112,70.98,2,1,2,有,無,無,11000,155,,0.0,0,,RPTOMLRKQHMFFAD98CC
中西區,建物,臺南市中西區頂美三街168號十樓之3,0.0,住,,,1060804,土地0建物1車位0,十層,18,住宅大樓(11層含以上有電梯),見其他登記事項,見其他登記事項,1051026,149.11,3,2,2,有,有,有,35000,235,,0.0,0,,RPUOMLRKQHMFFAD09CC
,建物,臺南市關廟區保東路288巷91號,0.0,,一般農業區,甲種建築用地,1060807,土地0建物1車位0,全,,透天厝,,,,356.02,5,2,5,有,無,有,40000,112,,0.0,0,1.合約書無填具土地租賃面積2.由所有權人提供出租資訊3.租整棟透天,RPSNMLRKQHMFFFR08CC
,建物,臺南市安定區新吉56之67號,0.0,,特定農業區,甲種建築用地,1060803,土地0建物1車位0,全,,透天厝,,,,228.99,3,3,4,有,無,有,20000,87,,0.0,0,1.合約書無填具土地租賃面積2.由所有權人提供出租資訊3.都市土地使用分區:農4.租整棟透天,RPUNMLRKQHMFFER18CC
新化區,房地(土地+建物),臺南市新化區中山路502號,39.73,其他,,,1060808,土地1建物1車位0,二層,11,住宅大樓(11層含以上有電梯),見其他登記事項,鋼筋混凝土造,0840302,177.34,0,0,2,有,無,無,35000,197,,0.0,0,,RPOOMLSKQHMFFER77CC
北區,建物,臺南市北區裕民街71號,0.0,,,,1060811,土地0建物1車位0,全,2,透天厝,住家用,加強磚造,0520211,46.83,2,2,2,有,無,無,15000,320,,0.0,0,,RPUNMLSKQHMFFAD09CC
南區,建物,臺南市南區體育路21巷7號,473.0,,,,1060701,土地0建物1車位0,全,4,透天厝,住家用,鋼筋混凝土構造,0810317,1130.06,12,5,8,有,無,無,50000,44,,0.0,0,,RPOOMLSKQHMFFCD78CC
安平區,房地(土地+建物),臺南市安平區永華路二段349號,629.0,住,,,1060801,土地4建物1車位0,見其他登記事項,1,店面(店鋪),見其他登記事項,見其他登記事項,0951231,173.91,0,0,0,無,無,有,160000,920,,0.0,0,,RPPNMLTKQHMFFAD68CC
東區,房地(土地+建物),臺南市東區怡東路72巷2號5樓,34.28,住,,,1060817,土地1建物1車位0,五層,5,公寓(5樓含以下無電梯),住家用,鋼筋混凝土構造,0721216,125.52,4,2,2,有,無,有,11000,88,,0.0,0,,RPRNMLKLQHMFFCD28CC
,房地(土地+建物),臺南市永康區中華路368號,90.2,其他,,,1060818,土地1建物1車位0,全,,透天厝,,,,255.71,6,1,4,有,無,有,25000,98,,0.0,0,,RPUOMLLLQHMFFHR08CC
,房地(土地+建物),臺南市下營區甲中里中庄仔4810號,30.55,,鄉村區,乙種建築用地,1060816,土地1建物1車位0,全,,透天厝,,,,46.75,4,2,3,有,無,有,7000,150,,0.0,0,,RPSNMLLLQHMFFCR27CC
永康區,建物,臺南市永康區中正六街206號五樓,0.0,其他,,,1060821,土地0建物1車位0,五層,7,華廈(10層含以下有電梯),住家用,鋼筋混凝土造,0830316,33.95,1,0,1,有,無,有,5000,147,,0.0,0,,RPXOMLMLQHMFFHR48CC
南區,建物,臺南市南區三官路１７７號,0.0,住,,,1060814,土地0建物1車位0,全,3,透天厝,住商用,鋼筋混凝土構造,0670403,212.2,3,3,3,有,無,無,16500,78,,0.0,0,,RPPOMLMLQHMFFCD38CC
北區,建物,臺南市北區公園路738號,0.0,住,,,1060727,土地0建物1車位0,全,2,透天厝,見其他登記事項,加強磚造,0570226,73.35,0,1,1,有,無,無,13000,177,,0.0,0,,RPPOMLMLQHMFFAD18CC
東區,房地(土地+建物),臺南市東區林森路二段93號及95號,146.0,商,,,1060822,土地4建物2車位0,全,4,透天厝,住商用,鋼筋混凝土構造,0701116,393.23,8,2,5,有,無,無,75000,191,,0.0,0,,RPRNMLNLQHMFFCD58CC
南區,建物,臺南市南區賢南街101號三樓之5,0.0,,,,1060817,土地0建物1車位0,三層,6,華廈(10層含以下有電梯),住家用,鋼筋混凝土構造,0800525,46.92,1,1,1,有,無,有,7000,149,,0.0,0,,RPPNMLOLQHMFFCD48CC
南區,建物,臺南市南區新興路183巷16弄7號,0.0,,,,1060819,土地0建物1車位0,全,2,透天厝,住家用,加強磚造,0591024,29.75,1,0,1,有,無,有,5900,198,,0.0,0,1.租賃契約書無填寫土地租賃面積2.由所有權人提供租屋資訊3.承租人承租一樓其中一間套房,RPQNMLOLQHMFFCD58CC
東區,建物,臺南市東區中華東路二段193號十四樓之5,0.0,,,,1060821,土地0建物1車位0,十四層,20,住宅大樓(11層含以上有電梯),住家用,鋼筋混凝土構造,0841106,90.39,2,1,1,有,有,有,13500,149,,0.0,0,,RPUNMLOLQHMFFCD98CC
南區,建物,臺南市南區大同路二段640巷30號之4,0.0,,,,1060822,土地0建物1車位0,五層,5,公寓(5樓含以下無電梯),住家用,鋼筋混凝土構造,0731113,83.3,3,2,2,有,無,無,6000,72,,0.0,0,,RPWNMLOLQHMFFCD56CC
東區,房地(土地+建物),臺南市東區中華東路二段169號八樓之5,4.02,其他,,,1060727,土地1建物1車位0,八層,14,套房(1房1廳1衛),住家用,鋼筋混凝土構造,0970229,44.89,1,0,1,有,有,有,9500,212,,0.0,0,,RPUOMLOLQHMFFCD09CC
中西區,建物,臺南市中西區海安路二段401號八樓之10,0.0,,,,1060816,土地0建物1車位0,八層,12,住宅大樓(11層含以上有電梯),住家用,鋼筋混凝土造,0850725,33.12,1,0,1,有,有,有,7035,212,,0.0,0,,RPQNMLOLQHMFFAD38CC
中西區,建物,臺南市中西區樹林街二段125巷33號五樓之3,0.0,,,,1060819,土地0建物1車位0,五層,5,公寓(5樓含以下無電梯),住家用,鋼筋混凝土造,0790709,22.31,1,0,1,有,無,有,4000,179,,0.0,0,,RPSNMLOLQHMFFAD58CC
,房地(土地+建物),臺南市佳里區崇德街58巷10號,94.0,住,,,1060819,土地1建物1車位0,全,,透天厝,,,,191.23,4,2,3,有,無,無,10000,52,,0.0,0,,RPRNMLPLQHMFFDR77DC
,房地(土地+建物),臺南市永康區中華西街142號,122.0,住,,,1060728,土地1建物1車位0,見其他登記事項,,店面(店鋪),,,,124.08,5,2,2,有,無,有,33000,266,,0.0,0,,RPSOMLSLQHMFFHR58CC
安平區,建物,臺南市安平區國平路599號十一樓之4,0.0,住,,,1060821,土地0建物1車位0,十一層,21,住宅大樓(11層含以上有電梯),住家用,鋼筋混凝土造,0831222,52.49,1,1,1,有,有,有,11000,210,,0.0,0,,RPTNMLSLQHMFFAD09CC
東區,房地(土地+建物),臺南市東區凱旋路209號,80.0,住,,,1060819,土地1建物1車位0,全,4,透天厝,住商用,鋼筋混凝土構造,0730925,232.26,5,3,4,有,無,無,36000,155,,0.0,0,,RPVNMLSLQHMFFCD86CC
東區,建物,臺南市東區中華東路一段88號十二樓之1,0.0,商,,,1060825,土地0建物1車位0,十二層,14,住宅大樓(11層含以上有電梯),住家用,鋼筋混凝土構造,0890822,173.09,4,2,2,有,無,有,21500,124,,0.0,0,,RPTNMLTLQHMFFCD76CC
中西區,建物,臺南市中西區南門路68巷18之2號,0.0,住,,,1060821,土地0建物1車位0,全,2,透天厝,住家用,加強磚造,0570324,115.9,3,2,2,有,無,無,10500,91,,0.0,0,,RPSNMLTLQHMFFAD09CC
永康區,建物,臺南市永康區中正六街175號五樓之3,0.0,住,,,1060823,土地0建物1車位0,五層,8,華廈(10層含以下有電梯),住家用,鋼筋混凝土造,0831224,32.89,1,0,1,有,無,有,4500,137,,0.0,0,,RPTNMLTLQHMFFHR68CC
南區,房地(土地+建物),臺南市南區中華西路一段265號,332.0,住,,,1060824,土地1建物1車位0,一層,1,店面(店鋪),商業用,見其他登記事項,0790829,214.23,0,1,1,有,無,無,60000,280,,0.0,0,,RPXOMLTLQHMFFCD37DC
中西區,建物,臺南市中西區中正路263號一樓,0.0,商,,,1060823,土地0建物1車位0,全,2,透天厝,住商用,加強磚造,0450402,75.98,0,0,0,無,無,無,54000,711,,0.0,0,,RPUNMLLMQHMFFAD58CC
東區,建物,臺南市東區東寧路342號、東寧路342號2樓,0.0,,,,1060811,土地0建物2車位0,一層,7,店面(店鋪),商業用,鋼筋混凝土構造,0821209,478.68,2,2,2,有,無,無,65000,136,,0.0,0,租賃層數：一層、二層,RPPNMLLMQHMFFCD28CC
東區,房地(土地+建物),臺南市東區中華東路二段167號十四樓之7,3.17,其他,,,1060802,土地1建物1車位0,十四層,14,套房(1房1廳1衛),住家用,鋼筋混凝土構造,0970229,59.989999999999995,1,1,1,有,有,有,7000,117,,0.0,0,,RPPOMLLMQHMFFCD38CC
南區,建物,臺南市南區大同路二段１５４號,0.0,住,,,1060813,土地0建物1車位0,見其他登記事項,13,店面(店鋪),住商用,鋼筋混凝土構造,0881021,115.96,2,2,2,有,有,有,32000,276,,0.0,0,,RPQNMLPJRHMFFCD58CC
中西區,房地(土地+建物),臺南市中西區民生路一段147號四樓,78.92,商,,,1060824,土地1建物1車位0,全,5,透天厝,住商用,鋼筋混凝土造,0720226,62.65,1,1,1,有,無,有,7500,120,,0.0,0,,RPOPMLPJRHMFFAD38CC
東區,房地(土地+建物)+車位,臺南市東區崇明路133號6樓之1,0.0,住,,,1060812,土地1建物1車位1,六層,16,住宅大樓(11層含以上有電梯),住家用,鋼筋混凝土構造,0850203,78.09,3,2,2,有,無,有,16500,211,坡道平面,13.37,0,,RPPNMLQJRHMFFCD58CC
東區,房地(土地+建物),臺南市東區崇信街133號8樓之1,0.0,住,,,1060831,土地3建物1車位0,八層,18,住宅大樓(11層含以上有電梯),住家用,鋼筋混凝土構造,0850209,107.91,4,2,2,有,無,無,12000,111,,0.0,0,,RPQNMLQJRHMFFCD68CC
東區,建物,臺南市東區崇善路527號,0.0,住,,,1060814,土地0建物1車位0,全,4,透天厝,見其他登記事項,見其他登記事項,0951122,233.84,5,2,4,有,無,無,28000,120,,0.0,0,,RPTNMLQJRHMFFCD98CC
南區,房地(土地+建物),臺南市南區新平路28號,1217.0,工,,,1060815,土地1建物1車位0,見其他登記事項,3,工廠,見其他登記事項,加強磚造,0690324,890.32,0,0,0,無,無,無,95000,,,0.0,0,,RPUNMLQJRHMFFCD09CC
東區,建物,臺南市東區東門路三段190號,0.0,住,,,1060808,土地0建物1車位0,一層,12,店面(店鋪),見其他登記事項,鋼筋混凝土構造,1021023,63.39,0,2,2,有,無,無,25000,394,,0.0,0,,RPVNMLQJRHMFFCD56CC
永康區,房地(土地+建物)+車位,臺南市永康區國華街49號9樓之2,0.0,住,,,1060815,土地1建物1車位1,九層,15,住宅大樓(11層含以上有電梯),住家用,鋼筋混凝土造,0841009,79.16,4,2,2,有,無,有,13500,171,坡道機械,26.15,0,租賃合約書無填寫土地租賃.租金包含管理費,RPPNMLQJRHMFFHR87CC
永康區,房地(土地+建物),臺南市永康區中華路7巷6號,6.53,住,,,1060829,土地1建物1車位0,六層,19,住宅大樓(11層含以上有電梯),住家用,加強磚造,0620424,95.42,2,2,1,有,有,有,19000,199,,0.0,0,,RPXNMLRJRHMFFHR78CC
永康區,房地(土地+建物),臺南市永康區中華路1-135號,10.85,商,,,1060901,土地1建物1車位0,二十層,24,辦公商業大樓,見其他登記事項,鋼造,0791205,165.77,0,0,0,無,有,無,23000,139,,0.0,0,,RPROMLRJRHMFFHR28CC
佳里區,房地(土地+建物),臺南市佳里區中山路357號,97.0,商,,,1060809,土地1建物1車位0,全,2,透天厝,商業用,見其他登記事項,0400101,131.26,3,2,2,有,有,無,28000,213,,0.0,0,,RPUNMLRJRHMFFDR18DC
東區,房地(土地+建物),臺南市東區中華東路二段167號五樓之8,2.96,其他,,,1060810,土地1建物1車位0,五層,14,套房(1房1廳1衛),住家用,鋼筋混凝土造,0970229,34.2,1,0,1,有,有,有,8500,249,,0.0,0,,RPTNMLRJRHMFFCD09CC
東區,房地(土地+建物),臺南市東區中華東路三段198號2樓,300.0,商,,,1060820,土地1建物1車位0,二層,4,店面(店鋪),住商用,鋼筋混凝土造,0760615,187.26,0,0,0,無,無,無,21000,112,,0.0,0,有增建,RPWNMLRJRHMFFCD76CC
中西區,房地(土地+建物),臺南市中西區成功路493巷10號,0.0,住,,,1060826,土地1建物1車位0,全,1,透天厝,住家用,磚造,0490101,37.32,2,1,1,有,無,無,6500,174,,0.0,0,,RPTNMLSJRHMFFAD98CC
北區,建物,臺南市北區北園街8巷28號十九樓之6,0.0,商,,,1060907,土地0建物1車位0,十九層,19,住宅大樓(11層含以上有電梯),見其他登記事項,鋼筋混凝土造,0961227,85.03,2,2,1,有,無,有,14000,165,,0.0,0,,RPXOMLSJRHMFFAD86CC
永康區,建物,臺南市永康區中華路349號十樓之7,0.0,住,,,1060907,土地0建物1車位0,十層,17,住宅大樓(11層含以上有電梯),見其他登記事項,鋼筋混凝土造,0850129,35.75,1,0,1,有,無,有,6000,168,,0.0,0,,RPTNMLSJRHMFFHR48CC
新市區,房地(土地+建物),臺南市新市區大社路534號,93.45,,鄉村區,乙種建築用地,1060901,土地1建物1車位0,一層,1,倉庫,住家用,見其他登記事項,0851028,96.0,0,0,0,無,無,有,30000,,,0.0,0,,RPSNMLSJRHMFFER08CC
中西區,房地(土地+建物),臺南市中西區中華西路二段512號,23.43,住,,,1060812,土地1建物1車位0,二層,15,店面(店鋪),見其他登記事項,見其他登記事項,1020620,116.16,0,2,2,有,有,無,30000,258,,0.0,0,,RPQNMLTJRHMFFAD78CC
中西區,房地(土地+建物),臺南市中西區中華西路二段711號,30.76,住,,,1060817,土地1建物1車位0,二層,18,店面(店鋪),見其他登記事項,見其他登記事項,1051026,183.58,0,2,2,有,有,無,70000,381,,0.0,0,,RPRNMLTJRHMFFAD88CC
東區,房地(土地+建物),臺南市東區府連路368號,36.32,其他,,,1060817,土地1建物1車位0,二層,7,店面(店鋪),住家用,鋼筋混凝土造,0791229,165.08,3,1,2,有,有,無,23000,139,,0.0,0,,RPRNMLTJRHMFFCD09CC
南區,房地(土地+建物),臺南市南區健康路二段186號,283.0,商,,,1060906,土地1建物1車位0,見其他登記事項,1,店面(店鋪),商業用,見其他登記事項,1020313,185.21,0,1,1,有,無,無,65000,351,,0.0,0,,RPPNMLKKRHMFFCD08CC
新營區,建物,臺南市新營區和平路102巷23號,0.0,住,,,1060824,土地0建物1車位0,一層,4,公寓(5樓含以下無電梯),住家用,加強磚造,0670621,81.76,3,2,2,有,無,無,6000,73,,0.0,0,,RPQNMLLKRHMFFAR86CC
北區,房地(土地+建物),臺南市北區文賢路339號,127.29,住,,,1060910,土地1建物1車位0,一層,4,店面(店鋪),住商用,鋼筋混凝土造,0821228,68.05,5,2,4,有,無,有,25000,367,,0.0,0,,RPVNMLMKRHMFFAD68CC
安平區,房地(土地+建物),臺南市安平區慶平路386號六樓之三,5.36,住,,,1060911,土地1建物1車位0,六層,14,住宅大樓(11層含以上有電梯),見其他登記事項,見其他登記事項,1011012,64.75,3,2,3,有,有,有,30000,463,,0.0,0,,RPPPMLNKRHMFFAD38CC
東區,建物,臺南市東區文化一街156巷27號,0.0,住,,,1060815,土地0建物1車位0,全,4,透天厝,見其他登記事項,鋼筋混凝土構造,0971023,201.81,5,2,4,有,無,有,30000,149,,0.0,0,,RPTNMLNKRHMFFCD78CC
東區,建物,臺南市東區東門路三段15號5樓之3,0.0,住,,,1060815,土地0建物1車位0,五層,23,套房(1房1廳1衛),住家用,鋼筋混凝土構造,0841115,78.4,1,1,1,有,有,有,12000,153,,0.0,0,,RPUNMLNKRHMFFCD88CC
東區,房地(土地+建物),臺南市東區府連路190號7樓之3,0.0,住,,,1060823,土地1建物1車位0,七層,7,華廈(10層含以下有電梯),住家用,鋼筋混凝土構造,0791017,28.3,1,1,1,有,無,有,6000,212,,0.0,0,,RPSOMLNKRHMFFCD78CC
安定區,建物,臺南市安定區港口４０８之５號,0.0,,鄉村區,乙種建築用地,1060822,土地0建物1車位0,全,3,透天厝,住家用,鋼筋混凝土造,0820603,165.36,4,2,3,有,無,無,11000,67,,0.0,0,,RPSNMLNKRHMFFER67CC
永康區,房地(土地+建物),臺南市永康區中華路7巷8號14樓之1,6.13,住,,,1060905,土地1建物1車位0,十四層,19,住宅大樓(11層含以上有電梯),見其他登記事項,見其他登記事項,1010817,88.25,2,1,1,有,有,有,14000,159,,0.0,0,,RPRNMLNKRHMFFHR87CC
安南區,房地(土地+建物),臺南市安南區海佃路二段328號,91.59,住,,,1060913,土地1建物1車位0,見其他登記事項,2,店面(店鋪),住家用,加強磚造,0670214,105.84,3,1,2,有,無,無,28000,265,,0.0,0,,RPTNMLOKRHMFFBD78CC
安南區,房地(土地+建物),臺南市安南區海佃路二段328號,91.59,住,,,1060913,土地1建物1車位0,見其他登記事項,2,店面(店鋪),住家用,加強磚造,0670214,105.84,3,1,2,有,無,無,28000,265,,0.0,0,,RPVNMLOKRHMFFBD98CC
安南區,房地(土地+建物),臺南市安南區海佃路二段328號,91.59,住,,,1060913,土地1建物1車位0,見其他登記事項,2,店面(店鋪),住家用,加強磚造,0670214,105.84,3,1,2,有,無,有,28000,265,,0.0,0,,RPXNMLOKRHMFFBD56CC
中西區,房地(土地+建物),臺南市中西區民族路二段373號1.2樓,99.4,商,,,1060912,土地4建物1車位0,二層,5,店面(店鋪),住商用,鋼筋混凝土造,0840315,132.77,0,0,0,無,無,無,63000,475,,0.0,0,,RPUNMLOKRHMFFAD78CC
安平區,房地(土地+建物),臺南市安平區建平里建平八街72號八樓之6,12.35,住,,,1060825,土地1建物1車位0,八層,14,住宅大樓(11層含以上有電梯),見其他登記事項,鋼筋混凝土造,0880816,121.69,3,2,2,有,有,有,15300,126,,0.0,0,,RPVNMLOKRHMFFAD88CC
安平區,建物,臺南市安平區郡平路337號十一樓之1,0.0,商,,,1060903,土地0建物1車位0,十一層,12,住宅大樓(11層含以上有電梯),住家用,鋼筋混凝土造,0840620,102.0,3,2,2,有,有,無,12000,118,,0.0,0,,RPSOMLOKRHMFFAD68CC
北區,房地(土地+建物),臺南市北區開南街275巷22弄21號,59.0,住,,,1060912,土地1建物1車位0,全,2,透天厝,住家用,加強磚造,0690119,72.54,4,2,2,有,無,無,10000,138,,0.0,0,,RPQOMLPKRHMFFAD58CC
東區,房地(土地+建物),臺南市東區東智里德東街88號,106.0,其他,,,1060901,土地1建物1車位0,見其他登記事項,2,店面(店鋪),住家用,加強磚造,0580824,104.25,0,0,0,無,無,無,30000,288,,0.0,0,,RPSNMLPKRHMFFCD88CC
永康區,建物,臺南市永康區中華西街196巷46號十一樓之1,0.0,住,,,1060819,土地0建物1車位0,十一層,14,住宅大樓(11層含以上有電梯),國民住宅,鋼筋混凝土造,0880824,132.74,2,1,2,有,無,有,10000,75,,0.0,0,,RPPNMLPKRHMFFHR87CC
永康區,建物,臺南市永康區勝利里中華路7巷6號16樓之2,0.0,住,,,1060826,土地0建物1車位0,十六層,19,住宅大樓(11層含以上有電梯),見其他登記事項,見其他登記事項,1010817,88.38,2,2,1,有,無,有,25000,283,,0.0,0,,RPUNMLQKRHMFFHR48CC
新化區,房地(土地+建物),臺南市新化區中正路835號,77.0,,特定農業區,甲種建築用地,1060915,土地1建物1車位0,全,2,透天厝,住家用,加強磚造,0741030,94.7,4,2,2,有,無,有,12000,127,,0.0,0,,RPTNMLSKRHMFFER28CC
,房地(土地+建物),臺南市永康區復國一路90巷52之1號,76.63,住,,,1060910,土地1建物1車位0,全,,透天厝,,,,129.12,4,2,2,有,無,有,20000,155,,0.0,0,,RPVOMLTKRHMFFHR98CC
善化區,土地,慶安段1045地號,98.78,商,,,1060914,土地2建物0車位0,,,其他,,,,0.0,0,0,0,有,無,無,12000,121,,0.0,0,,RPQNMLTKRHMFFER18DC
南區,建物,臺南市南區大成路二段177巷55號,0.0,,,,1060828,土地0建物1車位0,見其他登記事項,3,店面(店鋪),住商用,鋼筋混凝土構造,0761020,243.73,3,2,5,有,無,無,22704,93,,0.0,0,,RPQNMLTKRHMFFCD09CC
東區,房地(土地+建物)+車位,臺南市東區仁和路33號2樓,42.29,住,,,1060912,土地1建物1車位1,二層,13,住宅大樓(11層含以上有電梯),住家用,鋼筋混凝土構造,1010723,189.35,3,2,2,有,無,有,35000,185,坡道平面,0.0,0,,RPTNMLTKRHMFFCD76CC
東區,房地(土地+建物),臺南市東區中華東路二段167號11樓之22,4.02,其他,,,1060822,土地1建物1車位0,十一層,14,套房(1房1廳1衛),住家用,鋼筋混凝土構造,0970229,41.56,1,0,1,有,有,有,10000,241,,0.0,0,,RPOOMLTKRHMFFCD98CC
安平區,建物,臺南市安平區健康二街390號,0.0,,,,1060821,土地0建物0車位0,全,5,透天厝,住商用,鋼筋混凝土造,0810716,29.77,1,0,1,有,無,有,7500,252,,0.0,0,,RPRNMLTKRHMFFAD98CC
安平區,建物,臺南市安平區永華八街211號四樓之19,0.0,,,,1060829,土地0建物1車位0,四層,9,華廈(10層含以下有電梯),住家用,鋼筋混凝土造,0831107,24.88,1,1,1,有,有,有,5000,201,,0.0,0,,RPWNMLTKRHMFFAD86CC
安平區,建物,臺南市安平區健康二街390號,0.0,,,,1060830,土地0建物0車位0,全,5,透天厝,住商用,鋼筋混凝土造,0810716,31.73,1,0,1,有,無,有,7500,236,,0.0,0,,RPROMLTKRHMFFAD09CC
中西區,建物,臺南市中西區民權路三段194號五樓之11,0.0,,,,1060831,土地0建物1車位0,五層,7,華廈(10層含以下有電梯),住家用,鋼筋混凝土造,0810611,36.03,1,1,1,有,有,有,6000,167,,0.0,0,,RPTOMLTKRHMFFAD66CC
中西區,建物,臺南市中西區民生路二段250號,0.0,,,,1060831,土地0建物1車位0,全,,透天厝,,,,383.0,4,3,3,有,無,無,30000,78,,0.0,0,,RPVOMLTKRHMFFAD86CC
東區,建物,臺南市東區崇仁街53巷1號4樓,0.0,住,,,1060825,土地0建物1車位0,四層,5,公寓(5樓含以下無電梯),住家用,鋼筋混凝土構造,0780831,103.89,3,2,2,有,無,有,10000,96,,0.0,0,,RPSNMLKLRHMFFCD48CC
東區,建物,臺南市東區府連路279號,0.0,住,,,1060823,土地0建物1車位0,全,,透天厝,,,,179.98,4,1,4,有,無,有,20000,111,,0.0,0,,RPTNMLKLRHMFFCD58CC
,建物,臺南市永康區文賢街238號,0.0,住,,,1060915,土地0建物1車位0,全,,透天厝,,,,135.55,3,1,3,有,無,無,16000,118,,0.0,0,,RPRNMLKLRHMFFHR67CC
永康區,建物,臺南市永康區中華路661巷18號5樓之5,0.0,住,,,1060824,土地0建物1車位0,五層,7,華廈(10層含以下有電梯),住家用,鋼筋混凝土造,0830222,120.89,2,2,2,有,有,無,12000,99,,0.0,0,,RPWNMLKLRHMFFHR18CC
永康區,建物,臺南市永康區南興路112巷102號七樓之7,0.0,,,,1060901,土地0建物1車位0,七層,7,華廈(10層含以下有電梯),住家用,鋼筋混凝土造,0840610,142.2,3,1,2,有,有,有,12000,84,,0.0,0,,RPPOMLLLRHMFFHR67CC
永康區,建物,臺南市永康區中華一路203巷6號七樓之3,0.0,,,,1060904,土地0建物1車位0,七層,11,住宅大樓(11層含以上有電梯),住家用,鋼筋混凝土造,0871026,60.42,3,2,2,有,有,有,12000,199,,0.0,0,,RPQOMLLLRHMFFHR77CC
安南區,建物,臺南市安南區海佃路一段8號,0.0,,,,1060906,土地0建物1車位0,一層,2,店面(店鋪),住商用,加強磚造,,53.06,0,1,1,有,無,無,12000,226,,0.0,0,,RPXNMLLLRHMFFBD98CC
安平區,建物,臺南市安平區安平路550巷17弄44號,0.0,,,,1060828,土地0建物1車位0,全,4,透天厝,住家用,鋼筋混凝土構造,0750421,346.13,5,1,5,有,無,無,26000,75,,0.0,0,,RPSNMLLLRHMFFAD38CC
中西區,建物,臺南市中西區頂美二街72巷19號,0.0,,,,1060901,土地0建物1車位0,全,4,透天厝,住商用,鋼筋混凝土構造,0830505,173.39,5,2,5,有,無,無,20000,115,,0.0,0,,RPVNMLLLRHMFFAD68CC
北區,房地(土地+建物),臺南市北區西門路四段458號,81.0,住,,,1060920,土地1建物1車位0,一層,5,店面(店鋪),住商用,鋼筋混凝土造,0710226,56.07,0,0,0,無,無,無,10000,178,,0.0,0,,RPQNMLMLRHMFFAD28CC
東區,建物,臺南市東區中華東路三段24巷15號四樓,0.0,住,,,1060912,土地0建物1車位0,四層,5,公寓(5樓含以下無電梯),住家用,鋼筋混凝土構造,0700325,106.37,3,1,2,有,無,無,8500,80,,0.0,0,,RPSNMLMLRHMFFCD68CC
東區,房地(土地+建物),臺南市東區仁和路145之1號,87.0,住,,,1060918,土地1建物0車位0,全,4,透天厝,住商用,鋼筋混凝土構造,0790511,28.0,1,1,1,有,無,有,7500,268,,0.0,0,,RPWNMLMLRHMFFCD09CC
安平區,房地(土地+建物),臺南市安平區國平路552巷94號三樓之3,21.43,住,,,1060917,土地1建物1車位0,三層,7,華廈(10層含以下有電梯),住家用,鋼筋混凝土造,0800624,137.6,4,2,2,有,有,有,13000,94,,0.0,0,,RPWNMLMLRHMFFAD98DC
永康區,建物,臺南市永康區自強路493之32號,0.0,住,,,1060922,土地0建物1車位0,六層,6,華廈(10層含以下有電梯),住家用,鋼筋混凝土造,0830104,119.25,3,1,2,有,有,無,10000,84,,0.0,0,1.合約書無填具土地租賃面積2.由所有權人提供出租資訊3.租金已包含車位,RPPOMLPLRHMFFHR08CC
佳里區,房地(土地+建物),臺南市佳里區光復路285號,136.0,商,,,1060825,土地1建物1車位0,一層,4,店面(店鋪),見其他登記事項,鋼筋混凝土造,0800802,153.08,1,1,1,有,無,無,55000,359,,0.0,0,包含地下1樓,RPVNMLPLRHMFFDR28DC
北區,建物,臺南市北區開元路517號十七樓之5,0.0,商,,,1060922,土地0建物1車位0,十七層,24,住宅大樓(11層含以上有電梯),見其他登記事項,見其他登記事項,1041105,115.73,2,1,1,有,有,有,18500,160,,0.0,0,,RPQOMLPLRHMFFAD68CC
中西區,建物,臺南市中西區五妃街258號二樓之18,0.0,住,,,1060923,土地0建物1車位0,二層,8,華廈(10層含以下有電梯),見其他登記事項,鋼筋混凝土造,0931203,95.21,2,1,1,有,有,有,14000,147,,0.0,0,,RPSOMLPLRHMFFAD88CC
北區,建物,臺南市北區民德路113-3號,16.09,住,,,1060908,土地0建物1車位0,四層,5,公寓(5樓含以下無電梯),住家用,鋼筋混凝土造,0701223,72.24,3,2,2,有,無,無,8000,111,,0.0,0,,RPPPMLPLRHMFFAD68CC
北區,建物,臺南市北區開元路５０１號２０樓之３,0.0,住,,,1060924,土地0建物1車位0,二十層,24,住宅大樓(11層含以上有電梯),見其他登記事項,見其他登記事項,1041105,116.44999999999999,2,2,1,有,有,有,12000,103,,0.0,0,,RPQPMLPLRHMFFAD78CC
東區,建物,臺南市東區自由路二段50+52號,0.0,住,,,1060922,土地0建物1車位0,一層,4,店面(店鋪),見其他登記事項,鋼筋混凝土構造,1041127,98.07,0,1,1,有,無,無,51084,521,,0.0,0,,RPPNMLQLRHMFFCD78CC
,建物,臺南市永康區龍橋街186巷51號,0.0,住,,,1060920,土地0建物1車位0,全,,透天厝,,,,209.7,4,1,3,有,無,無,19900,95,,0.0,0,1.合約書無填具土地租賃面積.2.由所有權人提供出租資訊3.租金已包含車位,RPQNMLQLRHMFFHR18CC
仁德區,土地,大甲段1182地號,0.0,工,,,1060921,土地1建物0車位0,,,其他,,,,0.0,0,0,0,有,無,無,32000,0,,0.0,0,1.合約書無填具土地租賃面積.2.由所有權人提供出租資訊3.租賃物含未保存登記的建物承租樓層:鐵皮廠房整棟承租,RPPNMLQLRHMFFFR87CC
,房地(土地+建物),臺南市新市區中山路工業巷13號,228.97,工,,,1060926,土地1建物1車位0,見其他登記事項,,工廠,,,,245.03,0,0,0,無,無,有,23000,,,0.0,0,此間租賃自民國106年11月1日起始,RPPNMLRLRHMFFER87CC
東區,房地(土地+建物),臺南市東區東寧路420號,86.0,商,,,1060922,土地1建物1車位0,見其他登記事項,5,店面(店鋪),住商用,鋼筋混凝土構造,0760815,301.32,0,0,0,無,無,無,52000,173,,0.0,0,,RPRNMLRLRHMFFCD09CC
東區,建物,臺南市東區東成街200巷55號6樓,20.29,其他,,,1060927,土地0建物1車位0,六層,7,華廈(10層含以下有電梯),住家用,鋼筋混凝土構造,0830202,119.11,2,2,2,有,無,無,12000,101,,0.0,0,,RPTNMLRLRHMFFCD66CC
東區,房地(土地+建物),臺南市東區東區裕忠一街92號,82.95,住,,,1060914,土地1建物1車位0,全,5,透天厝,見其他登記事項,鋼筋混凝土構造,0920627,219.86,5,2,4,有,無,有,25000,114,,0.0,0,,RPQOMLRLRHMFFCD09CC
南區,房地(土地+建物),臺南市南區中華西路一段95號,2022.0,商,,,1060919,土地1建物2車位0,見其他登記事項,3,廠辦,見其他登記事項,鋼筋混凝土構造,0680611,1190.29,0,3,2,有,無,有,200000,168,,0.0,0,,RPWNMLTLRHMFFCD17CC
永康區,房地(土地+建物)+車位,臺南市永康區東橋三路126號19樓之3,19.09,商,,,1060927,土地1建物1車位1,十九層,20,住宅大樓(11層含以上有電梯),住家用,見其他登記事項,1050512,183.11,4,2,2,有,有,有,32000,175,坡道平面,22.02,0,,RPRPMLTLRHMFFHR78CC
,房地(土地+建物),臺南市永康區中華路972號,26.95,住,,,1060927,土地1建物1車位0,見其他登記事項,,住宅大樓(11層含以上有電梯),,,,264.0,3,3,4,有,有,無,50000,189,,0.0,0,,RPVPMLTLRHMFFHR56CC
新營區,房地(土地+建物),臺南市新營區隋唐街115巷9弄8-3號,92.0,住,,,1060911,土地1建物1車位0,全,4,透天厝,住家用,鋼筋混凝土造,1030422,171.54,3,3,4,有,無,有,15000,87,,0.0,0,,RPXNMLKMRHMFFAR67CC
新營區,建物,臺南市新營區復興路620巷39弄6號,0.0,住,,,1060912,土地0建物0車位0,全,4,透天厝,住家用,鋼筋混凝土造,0810612,42.29,1,0,1,有,無,有,5000,118,,0.0,0,3樓分租套房,RPOOMLKMRHMFFAR86CC
新營區,房地(土地+建物),臺南市新營區民生路59-3號,62.1,住,,,1060920,土地1建物1車位0,全,2,透天厝,住商用,加強磚造,0680906,79.23,3,2,2,有,無,無,7000,88,,0.0,0,,RPPOMLKMRHMFFAR96CC
新營區,房地(土地+建物),臺南市新營區茄苳腳61-3號,988.0,住,,,1060930,土地2建物1車位0,全,2,透天厝,住家用,加強磚造,0830615,172.15,6,2,3,有,無,無,8000,46,,0.0,0,,RPQOMLKMRHMFFAR07CC
中西區,房地(土地+建物),臺南市中西區健康路一段158號,145.0,住,,,1060927,土地1建物1車位0,二層,4,店面(店鋪),見其他登記事項,鋼筋混凝土造,0990506,170.13,0,0,0,無,無,無,60000,353,,0.0,0,,RPQNMLKMRHMFFAD18CC
中西區,房地(土地+建物),臺南市中西區海安路二段86巷10號,113.0,商,,,1060926,土地1建物2車位0,全,3,透天厝,住工用,磚造,0510101,190.09,0,0,0,無,無,無,12000,63,,0.0,0,,RPSOMLKMRHMFFAD48CC
安平區,房地(土地+建物)+車位,臺南市安平區健康路三段329號17樓之2,8.72,商,,,1060923,土地1建物1車位1,十七層,23,住宅大樓(11層含以上有電梯),見其他登記事項,見其他登記事項,1060124,117.71,2,1,1,有,無,有,13000,110,坡道平面,0.0,0,,RPVNMLMJIIMFFAD77CC
東區,房地(土地+建物),臺南市東區裕忠一街86號1樓,121.32,住,,,1060903,土地1建物1車位0,全,5,透天厝,見其他登記事項,鋼筋混凝土構造,0920627,63.25,1,1,1,有,無,有,18000,285,,0.0,0,,RPRNMLMJIIMFFCD57CC
東區,建物,臺南市東區裕農路375號B1,0.0,,,,1060922,土地0建物1車位0,地下一層,12,辦公商業大樓,商業用,鋼筋混凝土構造,0790907,989.67,0,0,0,無,無,無,58000,59,,0.0,0,,RPSNMLMJIIMFFCD67CC
南區,建物,臺南市南區德興路38號,0.0,住,,,1060926,土地0建物1車位0,全,2,透天厝,住商用,加強磚造,0670509,100.0,0,0,0,無,無,無,20000,200,,0.0,0,,RPTNMLMJIIMFFCD77CC
安南區,房地(土地+建物),臺南市安南區海佃路一段213巷4號,107.04,住,,,1061002,土地2建物1車位0,全,3,透天厝,住商用,鋼筋混凝土造,0690520,163.41,3,2,3,有,無,無,15000,92,,0.0,0,,RPQPMLMJIIMFFBD57CC
,房地(土地+建物),臺南市善化區興華路238之3號,85.5,其他,,,1060926,土地1建物1車位0,全,,透天厝,,,,327.5,6,2,3,有,無,有,23000,70,,0.0,0,,RPWNMLMJIIMFFER07CC
,建物,臺南市永康區中華路703巷69號,0.0,住,,,1060929,土地0建物1車位0,全,,透天厝,,,,120.56,5,1,2,有,無,無,16000,133,,0.0,0,1.合約書無填具土地租賃面積2.由所有權人提供出租資訊3.租整棟透天,RPPOMLNJIIMFFHR86CC
永康區,建物,臺南市永康區南台街99號四樓之9,0.0,住,,,1060928,土地0建物1車位0,四層,7,華廈(10層含以下有電梯),住家用,鋼筋混凝土造,0840921,35.61,1,1,1,有,有,有,5000,140,,0.0,0,,RPROMLNJIIMFFHR07CC
永康區,建物,臺南市永康區中華路349號十五樓之5,0.0,住,,,1060923,土地0建物1車位0,十五層,17,住宅大樓(11層含以上有電梯),住家用,鋼筋混凝土造,0850129,50.99,1,1,1,有,無,有,7000,137,,0.0,0,,RPSOMLNJIIMFFHR17CC
東區,建物,臺南市東區東寧路546號十樓之一,0.0,住,,,1060928,土地0建物1車位0,十層,14,住宅大樓(11層含以上有電梯),住家用,鋼筋混凝土構造,0840325,114.22,1,2,1,有,無,有,16500,144,,0.0,0,1.合約書無填具土地租賃面積.2.由所有權人提供出租資訊3.租金已包含車位,RPVNMLNJIIMFFCD08CC
東區,房地(土地+建物),臺南市東區中華東路二段167號十三樓之15,3.38,住,,,1060905,土地1建物1車位0,十三層,14,套房(1房1廳1衛),住家用,鋼筋混凝土構造,0970229,39.53,1,0,1,有,有,有,8000,202,,0.0,0,租金含管理費。,RPXNMLNJIIMFFCD28CC
中西區,建物,臺南市中西區康樂街102號六樓之5,0.0,商,,,1060929,土地0建物1車位0,六層,10,華廈(10層含以下有電梯),住家用,鋼筋混凝土造,0711015,71.01,1,1,1,有,無,有,7600,107,,0.0,0,,RPXNMLNJIIMFFAD08CC
安平區,建物,臺南市安平區育平九街192巷71號五樓之17,0.0,商,,,1060927,土地0建物1車位0,五層,11,住宅大樓(11層含以上有電梯),住家用,鋼筋混凝土造,0830512,60.89,2,1,1,有,有,有,13000,213,,0.0,0,,RPOOMLNJIIMFFAD27CC
中西區,建物,臺南市中西區頂美三街166號七樓之1,0.0,住,,,1061001,土地0建物1車位0,七層,18,住宅大樓(11層含以上有電梯),見其他登記事項,見其他登記事項,1051026,179.82999999999998,3,2,2,有,無,有,30000,167,,0.0,0,,RPPOMLNJIIMFFAD37CC
北區,房地(土地+建物),臺南市北區公園北路98號之2,0.0,商,,,1061002,土地0建物1車位0,全,4,透天厝,住商用,鋼筋混凝土構造,0761205,314.46,7,1,4,有,無,無,35000,111,,0.0,0,,RPROMLPJIIMFFAD77CC
,建物,臺南市永康區復國一路９０巷３６號,0.0,住,,,1060923,土地0建物1車位0,全,,透天厝,,,,131.51,4,2,2,有,無,無,15000,114,,0.0,0,,RPOOMLPJIIMFFHR96CC
安南區,建物,臺南市安南區海佃路四段508號,0.0,住,,,1060914,土地0建物0車位0,全,5,透天厝,住家用,鋼筋混凝土造,0930813,30.3,1,0,1,有,無,有,11700,386,,0.0,0,,RPWNMLQJIIMFFBD38CC
南區,土地,鹽埕段677-137地號,1216.0,住,,,1061005,土地1建物0車位0,,,其他,,,,0.0,0,0,0,有,無,有,50000,41,,0.0,0,建物無保存登記,RPVNMLQJIIMFFCD38CC
東區,建物,臺南市東區北門路一段268號、270號,0.0,住,,,1060912,土地0建物1車位0,見其他登記事項,4,店面(店鋪),住商用,鋼筋混凝土構造,0580605,334.03,0,0,2,有,無,無,193000,578,,0.0,0,,RPWPMLQJIIMFFCD68CC
善化區,土地,善成段727地號,345.7,其他,,,1061004,土地1建物0車位0,,,其他,,,,0.0,0,0,0,有,無,無,26000,75,,0.0,0,,RPPNMLRJIIMFFER86CC
永康區,土地,永康段1608-1地號,123.0,其他,,,1060913,土地2建物0車位0,,,其他,,,,0.0,2,0,0,有,無,有,50000,407,,0.0,0,交易含未登記建物,RPQNMLSJIIMFFHR37CC
北區,房地(土地+建物),臺南市北區公園南路365號十四樓之5,3.26,住,,,1060911,土地1建物1車位0,十四層,14,住宅大樓(11層含以上有電梯),見其他登記事項,見其他登記事項,0960824,21.16,1,0,1,有,有,有,8500,402,,0.0,0,,RPQOMLSJIIMFFAD97CC
北區,土地,文元段205地號,99.19,住,,,1060912,土地1建物0車位0,,,其他,,,,0.0,0,0,0,有,無,無,11000,111,,0.0,0,,RPROMLSJIIMFFAD08CC
東區,房地(土地+建物),臺南市東區仁和路145之1號四樓A室,26.31,住,,,1061006,土地1建物1車位0,全,4,透天厝,住商用,鋼筋混凝土構造,0790511,23.14,1,1,1,有,無,有,7000,303,,0.0,0,,RPPNMLTJIIMFFCD08CC
東區,建物,臺南市東區怡東路34號三樓之4,13.3,住,,,1061010,土地0建物1車位0,三層,9,華廈(10層含以下有電梯),住家用,鋼筋混凝土構造,0830122,67.15,3,2,2,有,無,有,12000,179,,0.0,0,,RPQNMLKKIIMFFCD37CC
南區,房地(土地+建物),臺南市南區金華路三段119 121 123號,412.0,住,,,1060924,土地3建物3車位0,二層,7,店面(店鋪),住商用,鋼筋混凝土構造,0710226,233.97,0,0,0,無,無,無,36000,154,,0.0,0,,RPSNMLLKIIMFFCD67CC
東區,房地(土地+建物),臺南市東區東門路三段179巷143號,416.0,住,,,1060926,土地4建物1車位0,全,2,透天厝,住家用,加強磚造,0611022,225.4,4,2,4,有,無,無,35000,155,,0.0,0,,RPUNMLLKIIMFFCD87CC
東區,建物,臺南市東區光明街203號,0.0,住,,,1061001,土地0建物1車位0,一層,1,其他,見其他登記事項,見其他登記事項,1060105,135.22,0,0,2,有,無,無,75000,555,,0.0,0,,RPXNMLLKIIMFFCD18CC
歸仁區,房地(土地+建物),臺南市歸仁區民族一街8號,100.0,住,,,1061010,土地1建物1車位0,全,4,透天厝,住商用,鋼筋混凝土造,0950905,215.55,5,2,5,有,無,無,24000,111,,0.0,0,,RPTNMLLKIIMFFFR86CC
東區,房地(土地+建物)+車位,臺南市東區自由路3段10號8樓之1,0.0,住,,,1061006,土地1建物1車位1,八層,15,住宅大樓(11層含以上有電梯),住家用,鋼筋混凝土構造,0851004,82.83,3,2,2,有,無,有,16000,193,坡道平面,13.77,0,,RPOOMLMKIIMFFCD47CC
中西區,建物,臺南市中西區大同路一段24號五樓之2,0.0,,,,1061011,土地0建物1車位0,五層,7,套房(1房1廳1衛),住家用,鋼筋混凝土造,0680406,46.52,1,1,1,有,有,有,5500,118,,0.0,0,,RPWOMLMKIIMFFAD08CC
北區,建物,臺南市北區文成五街６６號,0.0,住,,,1061002,土地0建物1車位0,全,4,透天厝,見其他登記事項,見其他登記事項,0940419,354.19,5,5,5,有,無,有,62000,175,,0.0,0,,RPXNMLNKIIMFFAD18CC
東區,建物,臺南市東區崇善路521號,102.0,住,,,1061011,土地0建物1車位0,一層,4,店面(店鋪),見其他登記事項,見其他登記事項,0951122,72.25,1,1,0,有,無,無,28000,388,,0.0,0,,RPSNMLNKIIMFFCD87CC
東區,建物,臺南市東區東寧路４３６號,0.0,商,,,1061005,土地0建物1車位0,見其他登記事項,2,店面(店鋪),住商用,見其他登記事項,0870415,311.95,0,2,0,有,無,無,140000,449,,0.0,0,,RPXNMLNKIIMFFCD38CC
東區,房地(土地+建物),臺南市東區崇善路458號,94.0,住,,,1061009,土地1建物1車位0,一層,4,店面(店鋪),住商用,鋼筋混凝土構造,0700127,298.17,3,1,2,有,無,無,6000,20,,0.0,0,,RPQOMLNKIIMFFCD77CC
東區,房地(土地+建物),臺南市東區中華東路三段160號,215.0,其他,,,1060915,土地1建物1車位0,全,4,透天厝,住商用,鋼筋混凝土構造,0751203,801.18,0,0,0,無,無,無,150000,187,,0.0,0,僅出租B1~地上2層 總建坪約255.723坪出租使用坪數約141.525坪,RPROMLNKIIMFFCD87CC
永康區,建物,臺南市永康區中華西街122巷72之4號,0.0,住,,,1061004,土地0建物1車位0,五層,5,公寓(5樓含以下無電梯),住家用,鋼筋混凝土造,0711231,96.57,3,2,2,有,無,無,8500,88,,0.0,0,,RPSNMLNKIIMFFHR17CC
永康區,土地,崑山段252地號,0.0,住,,,1060925,土地1建物0車位0,,,其他,,,,0.0,0,0,0,有,無,無,6000,0,,0.0,0,,RPTNMLNKIIMFFHR27CC
新營區,房地(土地+建物),臺南市新營區中正路37之1號四樓,63.17,住,,,1061016,土地1建物1車位0,四層,4,公寓(5樓含以下無電梯),住家用,鋼筋混凝土造,0740522,118.56,3,2,2,有,無,有,8000,67,,0.0,0,,RPTNMLQKIIMFFAR86CC
新營區,房地(土地+建物),臺南市新營區中正路136之4號,187.75,住,,,1061001,土地1建物1車位0,全,4,透天厝,住商用,鋼筋混凝土造,0711110,85.25,3,1,2,有,無,有,15000,176,,0.0,0,,RPRNMLRKIIMFFAR76CC
,建物,臺南市永康區龍中街651巷10號,0.0,住,,,1061013,土地0建物1車位0,全,,透天厝,,,,180.72,4,1,3,有,無,無,20000,111,,0.0,0,1.合約書無填具土地租賃面積.2.由所有權人提供出租資訊3.租金已包含車位,RPQNMLRKIIMFFHR37CC
東區,建物,臺南市東區仁東街23號十樓之3,0.0,住,,,1061013,土地0建物1車位0,十層,14,住宅大樓(11層含以上有電梯),住家用,鋼筋混凝土構造,0871218,92.77000000000001,2,1,1,有,無,有,11000,119,,0.0,0,1.合約書無填具土地租賃面積.2.由所有權人提供出租資訊3.租金已包含車位,RPQNMLRKIIMFFCD08CC
東區,建物,臺南市東區富農街一段199巷5號,0.0,住,,,1060920,土地0建物1車位0,一層,11,住宅大樓(11層含以上有電梯),住商用,鋼筋混凝土構造,0801121,160.35000000000002,2,1,2,有,有,無,18000,112,,0.0,0,1.租賃契約書無填寫土地租賃面積。2.由所有權人提供租屋資訊。3.租賃層次為1~2樓,RPOOMLRKIIMFFCD97CC
東區,建物,臺南市東區中華東路二段185巷14號12樓之3,0.0,住,,,1061001,土地0建物1車位0,十二層,20,住宅大樓(11層含以上有電梯),住家用,鋼筋混凝土構造,0841106,127.6,3,2,2,有,有,有,15000,118,,0.0,0,,RPPOMLRKIIMFFCD08CC
安平區,建物,臺南市安平區健康路三段335號三樓之7,0.0,商,,,1061004,土地0建物1車位1,三層,20,住宅大樓(11層含以上有電梯),見其他登記事項,見其他登記事項,1060124,139.64,3,2,2,有,有,有,25000,179,坡道平面,0.0,0,,RPXNMLRKIIMFFAD58CC
中西區,建物,臺南市中西區西門路二段80號一樓,0.0,商,,,1061016,土地0建物1車位0,一層,3,店面(店鋪),住商用,加強磚造,0460801,67.57,0,0,0,無,無,無,32000,474,,0.0,0,,RPOOMLRKIIMFFAD77CC
北區,房地(土地+建物),臺南市北區海安路三段182號,92.4,住,,,1060917,土地1建物1車位0,見其他登記事項,4,店面(店鋪),住商用,鋼筋混凝土構造,0760511,246.44,6,4,4,有,無,有,28000,114,,0.0,0,,RPQPMLRKIIMFFAD08CC
中西區,房地(土地+建物),臺南市中西區中和街71號,249.0,住,,,1061012,土地5建物1車位0,全,2,透天厝,住家用,見其他登記事項,0880423,135.73,0,0,0,無,無,無,15000,111,,0.0,0,,RPRPMLRKIIMFFAD18CC
中西區,建物,臺南市中西區西門路一段466號4樓之13,0.0,住,,,1060918,土地0建物1車位0,四層,7,華廈(10層含以下有電梯),住家用,鋼筋混凝土造,0700605,53.589999999999996,1,1,1,有,有,有,6500,121,,0.0,0,,RPSPMLRKIIMFFAD28CC
北區,房地(土地+建物),臺南市北區海安路三段182號,92.4,住,,,1060917,土地1建物1車位0,見其他登記事項,4,店面(店鋪),住商用,鋼筋混凝土構造,0760511,246.44,6,4,4,有,無,有,28000,114,,0.0,0,,RPTPMLRKIIMFFAD38CC
東區,房地(土地+建物),臺南市東區崇學路137號,221.0,住,,,1061008,土地1建物1車位0,見其他登記事項,1,店面(店鋪),商業用,見其他登記事項,0881231,47.8,1,1,0,有,無,無,50000,1046,,0.0,0,,RPWOMLSKIIMFFCD88CC
永康區,房地(土地+建物),臺南市永康區東橋五路111號5樓,4398.9,住,,,1061006,土地1建物1車位0,五層,23,住宅大樓(11層含以上有電梯),住家用,見其他登記事項,1051026,17328.989999999998,2,1,1,有,有,有,19000,1,,0.0,0,,RPROMLSKIIMFFHR67CC
善化區,房地(土地+建物),臺南市善化區牛庄555之26號,158.16,,特定農業區,甲種建築用地,1061018,土地1建物1車位0,全,4,透天厝,住家用,鋼筋混凝土造,1041015,51.05,1,0,1,有,無,有,5500,108,,0.0,0,,RPUNMLSKIIMFFER57CC
安南區,土地,安慶段1480地號,108.44,住,,,1061017,土地3建物0車位0,,,其他,,,,0.0,0,0,0,有,無,有,18000,166,,0.0,0,,RPQOMLTKIIMFFBD28CC
東區,房地(土地+建物),臺南市東區林森路1段160號12樓之2,0.0,住,,,1061016,土地1建物1車位0,十二層,12,住宅大樓(11層含以上有電梯),住家用,鋼筋混凝土構造,0790926,35.96,1,1,1,有,無,有,7000,195,,0.0,0,租賃合約書無填寫土地租賃.租金包含管理費,RPPNMLTKIIMFFCD18CC
東區,建物,臺南市東區裕信路346之7號,0.0,住,,,1061016,土地0建物1車位0,全,5,透天厝,見其他登記事項,鋼筋混凝土構造,0940124,223.01,4,2,5,有,無,有,26000,117,,0.0,0,1.合約書無填具土地租賃面積.2.由所有權人提供出租資訊3.租金已包含車位,RPRNMLTKIIMFFCD38CC
東區,建物,臺南市東區東寧路546號十樓之1,0.0,住,,,1061017,土地0建物1車位0,十層,14,住宅大樓(11層含以上有電梯),住家用,鋼筋混凝土構造,0840325,114.22,1,2,1,有,無,有,17000,149,,0.0,0,1.合約書無填具土地租賃面積.2.由所有權人提供出租資訊3.租金已包含車位,RPSNMLTKIIMFFCD48CC
東區,房地(土地+建物),臺南市東區中華東路二段169號八樓之5,4.02,其他,,,1060920,土地1建物1車位0,八層,14,套房(1房1廳1衛),住家用,鋼筋混凝土構造,0970229,44.89,1,0,1,有,有,有,9000,200,,0.0,0,租金含管理費,RPXNMLTKIIMFFCD98CC
北區,建物,臺南市北區公園南路339號五樓之3,0.0,商,,,1060915,土地0建物0車位0,五層,14,住宅大樓(11層含以上有電梯),見其他登記事項,鋼筋混凝土造,0971219,82.98,2,1,1,有,有,有,16000,193,,0.0,0,,RPSPMLTKIIMFFAD48CC
北區,建物,臺南市北區臨安路二段45號,0.0,住,,,1061018,土地0建物1車位0,一層,2,店面(店鋪),住商用,加強磚造,0610406,112.67,0,0,0,無,無,無,30000,266,,0.0,0,,RPSNMLKLIIMFFAD47CC
北區,建物,臺南市北區開元路507號五樓之3,0.0,商,,,1061017,土地0建物1車位0,五層,24,住宅大樓(11層含以上有電梯),見其他登記事項,見其他登記事項,1041105,82.12,2,1,1,有,有,有,15500,189,,0.0,0,,RPTNMLKLIIMFFAD57CC
北區,建物,臺南市北區北門路二段577巷26號十樓之1,0.0,住,,,1061016,土地0建物1車位0,十層,10,華廈(10層含以下有電梯),見其他登記事項,鋼筋混凝土造,0930521,160.8,3,2,2,有,有,有,16000,100,,0.0,0,,RPUNMLKLIIMFFAD67CC
東區,房地(土地+建物),臺南市東區中華東路二段169號八樓之11,4.02,其他,,,1060922,土地1建物1車位0,八層,14,套房(1房1廳1衛),住家用,鋼筋混凝土構造,0970229,45.46,1,0,1,有,有,有,9500,209,,0.0,0,租金含管理費。,RPVNMLKLIIMFFCD97CC
東區,房地(土地+建物),臺南市東區中華東路二段167號12樓之9,4.44,其他,,,1060925,土地1建物1車位0,十二層,14,套房(1房1廳1衛),住家用,鋼筋混凝土構造,0970229,51.209999999999994,1,0,1,有,有,有,11000,215,,0.0,0,租金含管理費。,RPWNMLKLIIMFFCD08CC
新營區,建物,臺南市新營區復興路620巷39弄6號,0.0,住,,,1061016,土地0建物0車位0,全,4,透天厝,住家用,鋼筋混凝土造,0810612,42.29,1,0,1,有,無,有,5000,118,,0.0,0,2樓分租套房,RPOOMLKLIIMFFAR58CC
新營區,建物,臺南市新營區東興三街52號3樓,0.0,住,,,1061011,土地0建物1車位0,三層,6,華廈(10層含以下有電梯),見其他登記事項,鋼筋混凝土造,0880317,144.01,3,2,2,有,無,無,10000,69,,0.0,0,,RPQOMLKLIIMFFAR78CC
,建物,臺南市永康區大橋一街103巷174號,0.0,住,,,1061011,土地0建物1車位0,全,,透天厝,,,,169.01,5,3,3,有,無,無,23000,136,,0.0,0,1.合約書無填具土地租賃面積2.由所有權人提供出租資訊3.租整棟透天,RPPNMLKLIIMFFHR66CC
永康區,土地,頂溪段958地號,116.89,其他,,,1061011,土地2建物0車位0,,,其他,,,,0.0,0,0,0,有,無,有,28000,240,,0.0,0,地上物未保存，租期自106年11月1日起算,RPTNMLLLIIMFFHR17CC
東區,建物,臺南市東區林森路二段190巷18弄20號,0.0,住,,,1060923,土地0建物1車位0,一層,4,公寓(5樓含以下無電梯),住家用,鋼筋混凝土構造,0700321,77.4,5,1,1,有,無,有,8500,110,,0.0,0,,RPTNMLLLIIMFFCD87CC
中西區,土地,白金段307地號,57.7,商,,,1061001,土地1建物0車位0,,,其他,,,,0.0,0,0,0,有,無,無,5000,87,,0.0,0,,RPXNMLLLIIMFFAD08CC
北區,房地(土地+建物),臺南市北區育德一街21號十樓,20.32,住,,,1060913,土地1建物1車位0,十層,10,華廈(10層含以下有電梯),見其他登記事項,鋼筋混凝土造,0930818,61.49,2,1,1,有,有,有,17000,276,,0.0,0,,RPPNMLMLIIMFFAD37CC
北區,房地(土地+建物),臺南市北區公園南路339號十樓之2,8.14,住,,,1060909,土地1建物1車位0,十層,14,住宅大樓(11層含以上有電梯),見其他登記事項,鋼筋混凝土造,0971219,53.66,2,1,1,有,有,有,15000,280,,0.0,0,,RPQNMLMLIIMFFAD47CC
東區,房地(土地+建物),臺南市東區大同路一段37號,47.54,住,,,1061010,土地1建物1車位0,見其他登記事項,4,店面(店鋪),住商用,鋼筋混凝土構造,0690604,178.84,3,3,3,有,無,有,17000,95,,0.0,0,,RPPNMLMLIIMFFCD57CC
南區,建物,臺南市南區五妃街443巷19號,0.0,,,,1061022,土地0建物1車位0,全,2,透天厝,住家用,見其他登記事項,0570130,72.68,4,2,1,有,無,無,15000,206,,0.0,0,,RPQNMLMLIIMFFCD67CC
北區,房地(土地+建物),臺南市北區和緯路二段３８０號,132.16,住,,,1061008,土地1建物1車位0,全,5,透天厝,見其他登記事項,鋼筋混凝土構造,1000603,334.3,5,3,6,有,無,有,53000,159,,0.0,0,,RPQNMLNLIIMFFAD57CC
北區,土地,自強段1770地號,97.0,商,,,1060928,土地2建物0車位0,,,其他,,,,0.0,0,0,0,有,無,無,8000,82,,0.0,0,,RPTNMLNLIIMFFAD87CC
中西區,房地(土地+建物),臺南市中西區海安路二段78號,118.72,商,,,1061016,土地2建物1車位0,見其他登記事項,2,店面(店鋪),見其他登記事項,見其他登記事項,1020408,165.58,0,3,4,有,無,無,77000,465,,0.0,0,,RPXNMLNLIIMFFAD28CC
,建物,臺南市永康區正南五街520巷56弄7號,0.0,住,,,1061020,土地0建物1車位0,全,,透天厝,,,,139.01,6,2,5,有,無,有,18500,133,,0.0,0,1.合約書無填具土地租賃面積2.由所有權人提供出租資訊3.租整棟透天,RPOOMLNLIIMFFHR96CC
永康區,建物,臺南市永康區中華路３５５巷８弄１９號８樓之３,0.0,住,,,1061022,土地0建物1車位1,八層,16,住宅大樓(11層含以上有電梯),住家用,鋼筋混凝土造,0850522,123.22,3,2,2,有,有,無,13000,106,坡道機械,0.0,0,,RPPOMLNLIIMFFHR07CC
新營區,房地(土地+建物),臺南市新營區長榮路二段289號,67.0,住,,,1061007,土地1建物1車位0,全,,透天厝,,,,89.84,3,2,2,有,無,無,8000,89,,0.0,0,,RPPNMLNLIIMFFAR88CC
永康區,房地(土地+建物)+車位,臺南市永康區中華路425號9樓之8,3.91,住,,,1061012,土地1建物1車位1,九層,22,辦公商業大樓,見其他登記事項,鋼筋混凝土造,0811215,186.5,2,0,0,有,有,有,23000,123,坡道平面,0.0,0,租金含管理費,RPPNMLOLIIMFFHR07CC
北區,建物,臺南市北區開元路509號1F,0.0,住,,,1061010,土地0建物1車位0,一層,24,店面(店鋪),見其他登記事項,見其他登記事項,1041105,98.52,0,2,1,有,有,有,68000,690,,0.0,0,,RPTNMLOLIIMFFAD97CC
北區,建物,臺南市北區長榮路五段270號,0.0,,,,1061005,土地0建物1車位0,見其他登記事項,3,住宅大樓(11層含以上有電梯),,鋼筋混凝土構造,0700707,176.49,4,2,3,有,無,無,26000,147,,0.0,0,,RPWNMLPLIIMFFAD38CC
安平區,房地(土地+建物),臺南市安平區永華路二段248號13樓之1,1635.0,商,,,1061007,土地1建物3車位0,十三層,23,辦公商業大樓,商業用,鋼骨鋼筋混凝土造,0840126,330.95,0,0,0,無,有,有,60000,181,,0.0,0,,RPTOMLPLIIMFFAD18CC
永康區,建物,臺南市永康區大橋一街47之6號6樓之3,0.0,住,,,1061023,土地0建物1車位0,六層,14,住宅大樓(11層含以上有電梯),國民住宅,鋼筋混凝土造,0880824,127.35,3,2,2,有,無,有,13000,102,,0.0,0,,RPOOMLPLIIMFFHR17CC
永康區,建物,臺南市永康區復華里復華八街47巷41號三樓之5,0.0,住,,,1061024,土地0建物1車位0,三層,6,華廈(10層含以下有電梯),住家用,鋼筋混凝土造,0850426,81.95,3,1,2,有,無,有,13500,165,,0.0,0,1.合約書無填具土地租賃面積.2.由所有權人提供出租資訊3.租金已包含車位,RPTNMLQLIIMFFHR67CC
中西區,房地(土地+建物),臺南市中西區青年路111號,84.92,商,,,1061014,土地1建物1車位0,見其他登記事項,5,店面(店鋪),住商用,鋼筋混凝土構造,0730316,458.43,7,2,5,有,無,有,41000,89,,0.0,0,,RPQNMLQLIIMFFAD87CC
安平區,建物,臺南市安平區育平八街32號四樓之12,0.0,住,,,1061017,土地0建物1車位0,四層,7,華廈(10層含以下有電梯),住家用,鋼筋混凝土造,0821018,119.13,5,2,2,有,無,有,10000,84,,0.0,0,,RPOOMLQLIIMFFAD77CC
東區,建物,臺南市東區崇德四街92號,0.0,住,,,1061020,土地0建物1車位0,全,3,透天厝,住商用,鋼筋混凝土構造,0700914,184.63,2,5,3,有,無,無,23000,125,,0.0,0,,RPXNMLQLIIMFFCD78CC
東區,建物,臺南市東區東光路一段51號,46.62,住,,,1061025,土地0建物1車位0,一層,5,店面(店鋪),見其他登記事項,鋼筋混凝土構造,1030121,46.62,0,0,0,無,無,無,39000,837,,0.0,0,,RPPOMLQLIIMFFCD08CC
南區,土地,新興段217-48地號,204.0,住,,,1061026,土地1建物0車位0,,,其他,,,,0.0,0,0,0,有,無,無,52000,255,,0.0,0,含增建或未登記建物。,RPVPMLQLIIMFFCD78CC
安平區,房地(土地+建物),臺南市安平區郡平路357號,132.08,商,,,1061017,土地1建物1車位0,見其他登記事項,5,店面(店鋪),見其他登記事項,見其他登記事項,1021205,450.55,6,3,6,有,無,無,50000,111,,0.0,0,,RPVNMLRLIIMFFAD48CC
安南區,房地(土地+建物),臺南市安南區府安路六段103巷87弄35號,100.73,住,,,1061026,土地1建物1車位0,全,2,透天厝,住家用,鋼筋混凝土構造,0690126,105.08,4,1,2,有,無,有,15000,143,,0.0,0,,RPXNMLRLIIMFFBD78CC
中西區,建物,臺南市中西區西門路二段420號,0.0,商,,,1061020,土地0建物1車位0,全,2,透天厝,住家用,加強磚造,0630501,29.06,0,0,0,無,無,無,22000,757,,0.0,0,,RPPNMLRLIIMFFAD97DC
中西區,土地,銀同段871地號,38.34,商,,,1060927,土地2建物0車位0,,,其他,,,,0.0,0,0,0,有,無,無,25000,652,,0.0,0,,RPXPMLRLIIMFFAD98DC
善化區,土地,大成段195地號,157.19,其他,,,1061027,土地1建物0車位0,,,其他,,,,0.0,0,0,0,有,無,無,8000,51,,0.0,0,,RPPNMLSLIIMFFER17CC
安南區,土地,十字段777地號,169.23,商,,,1061027,土地1建物0車位0,,,其他,,,,0.0,0,0,0,有,無,無,13000,77,,0.0,0,,RPQNMLSLIIMFFBD18CC
永康區,建物,臺南市永康區永華路233巷28號三樓之4,0.0,住,,,1061027,土地0建物1車位0,三層,9,華廈(10層含以下有電梯),住家用,鋼筋混凝土造,0811130,88.2,2,1,1,有,有,有,11000,125,,0.0,0,,RPWNMLKMIIMFFHR47CC
,房地(土地+建物),臺南市永康區蔦松二街66之1號,128.4,住,,,1061029,土地1建物1車位0,見其他登記事項,,店面(店鋪),,,,154.71,7,4,5,有,無,有,23000,149,,0.0,0,,RPXNMLKMIIMFFHR57CC
中西區,房地(土地+建物)+車位,臺南市中西區中華西路二段520號15樓之11,12.35,住,,,1061029,土地1建物1車位1,十五層,15,住宅大樓(11層含以上有電梯),見其他登記事項,見其他登記事項,1020620,121.7,1,1,1,有,有,有,21500,177,坡道平面,0.0,0,,RPQNMLKMIIMFFAD37CC
北區,建物,臺南市北區北安路一段176巷16號十樓,0.0,商,,,1061021,土地0建物1車位0,十層,13,住宅大樓(11層含以上有電梯),見其他登記事項,見其他登記事項,0951129,100.36,2,1,1,有,有,有,17500,174,,0.0,0,,RPWNMLKMIIMFFAD97CC
北區,房地(土地+建物),臺南市北區公園路597巷2號4樓之5,31.83,住,,,1061005,土地1建物1車位0,四層,5,華廈(10層含以下有電梯),住家用,鋼筋混凝土造,0701027,117.25,3,2,2,有,無,有,7000,60,,0.0,0,,RPOOMLKMIIMFFAD27CC
中西區,建物,臺南市中西區衛民街62號四樓之9,0.0,商,,,1061023,土地0建物1車位0,四層,9,華廈(10層含以下有電梯),見其他登記事項,見其他登記事項,0950713,39.63,1,1,1,有,無,有,9000,227,,0.0,0,,RPWNMLLMIIMFFAD08CC
東區,建物,臺南市東區林森路二段190巷18弄20之3號,0.0,住,,,1061015,土地0建物1車位0,四層,4,公寓(5樓含以下無電梯),住家用,鋼筋混凝土構造,0700321,43.75,1,1,1,有,無,有,4500,103,,0.0,0,,RPSOMLLMIIMFFCD97CC
東區,建物,臺南市東區東門路一段61號5樓之14,0.0,商,,,1061011,土地0建物1車位0,五層,7,華廈(10層含以下有電梯),住家用,鋼筋混凝土構造,0790102,33.56,1,0,1,有,有,有,5000,149,,0.0,0,,RPPPMLLMIIMFFCD77CC
永康區,建物,臺南市永康區新民街66巷6號九樓之3,0.0,住,,,1061025,土地0建物1車位0,九層,9,華廈(10層含以下有電梯),住家用,鋼筋混凝土造,0821230,105.60000000000001,2,1,2,有,無,有,9000,85,,0.0,0,,RPQNMLLMIIMFFHR96CC
,建物,臺南市永康區忠孝路203巷42弄7號,0.0,住,,,1061008,土地0建物1車位0,全,,透天厝,,,,87.45,4,2,2,有,無,有,10000,114,,0.0,0,,RPTOMLLMIIMFFHR37CC
永康區,房地(土地+建物),臺南市永康區中華路7巷2號,10.51,住,,,1061003,土地1建物1車位0,十八層,19,住宅大樓(11層含以上有電梯),見其他登記事項,見其他登記事項,1010817,141.0,3,2,2,有,有,有,25000,177,,0.0,0,,RPWOMLLMIIMFFHR67CC
永康區,房地(土地+建物),臺南市永康區中華路12號,17.0,商,,,1061016,土地1建物1車位0,九層,18,辦公商業大樓,見其他登記事項,鋼筋混凝土造,0800812,208.0,0,0,0,無,無,無,18000,87,,0.0,0,,RPXOMLLMIIMFFHR77CC
,房地(土地+建物),臺南市永康區蔦松二街66-1號,128.4,住,,,1061029,土地1建物1車位0,全,,透天厝,,,,174.38,7,4,5,有,無,無,23000,132,,0.0,0,,RPOPMLLMIIMFFHR96CC
安南區,土地,農場段424地號,0.0,住,,,1061002,土地1建物0車位0,,,其他,,,,0.0,0,0,0,有,無,無,30000,0,,0.0,0,,RPVNMLLMIIMFFBD08CC
,房地(土地+建物),臺南市新市區大社路408之33號,74.0,,鄉村區,乙種建築用地,1061021,土地1建物1車位0,全,,透天厝,,,,155.24,4,3,3,有,無,有,10000,64,,0.0,0,,RPRNMLLJJIMFFER56CC
南區,房地(土地+建物),臺南市南區大同路二段100巷21弄10號3樓之3,41.53,其他,,,1061020,土地1建物1車位0,三層,13,住宅大樓(11層含以上有電梯),見其他登記事項,鋼筋混凝土構造,0881021,176.43,3,2,1,有,無,有,14500,82,,0.0,0,,RPWNMLLJJIMFFCD18DC
永康區,建物,臺南市永康區東橋三路１３２號１４樓之５,0.0,商,,,1061005,土地0建物1車位1,十四層,20,住宅大樓(11層含以上有電梯),住家用,見其他登記事項,1050512,161.25,3,2,2,有,有,有,21000,130,坡道平面,22.0,0,,RPRNMLLJJIMFFHR86CC
東區,房地(土地+建物),臺南市東區中華東路2段169號14樓之8,0.0,住,,,1061028,土地1建物1車位0,十四層,14,住宅大樓(11層含以上有電梯),住家用,鋼筋混凝土構造,0970229,21.81,1,0,1,有,無,有,7500,344,,0.0,0,租賃合約書無填寫土地租賃.租金含第四台,RPUNMLLJJIMFFCD87CC
東區,建物,臺南市東區富農街一段195號1F,0.0,住,,,1061004,土地0建物1車位0,一層,11,店面(店鋪),商業用,鋼筋混凝土構造,0801121,139.01,0,1,1,有,無,無,43000,309,,0.0,0,,RPOPMLMJJIMFFCD57CC
南區,建物,臺南市南區明興路1221號,0.0,,,,1061023,土地0建物1車位0,一層,3,店面(店鋪),住商用,鋼筋混凝土構造,0920311,245.76,0,0,0,無,無,無,15000,61,,0.0,0,租賃範圍：地下室及一樓,RPPQMLMJJIMFFCD77CC
永康區,建物,臺南市永康區忠義街60巷3號十二樓之4,0.0,商,,,1061030,土地0建物1車位0,十二層,15,住宅大樓(11層含以上有電梯),見其他登記事項,鋼筋混凝土造,0840331,61.21,1,1,1,有,有,有,11500,188,,0.0,0,,RPVOMLMJJIMFFHR47CC
永康區,建物,臺南市永康區新興街8之2號五樓之6,0.0,住,,,1061101,土地0建物1車位0,五層,11,住宅大樓(11層含以上有電梯),住家用,鋼筋混凝土造,0880519,45.0,2,1,2,有,有,有,12000,267,,0.0,0,,RPWOMLMJJIMFFHR57CC
,房地(土地+建物),臺南市永康區中山東路32號,78.06,住,,,1061015,土地1建物1車位0,見其他登記事項,,店面(店鋪),,,,198.27,4,2,3,有,無,無,17000,86,,0.0,0,,RPSPMLMJJIMFFHR27CC
,房地(土地+建物),臺南市善化區什乃97-19號,64.43,,鄉村區,乙種建築用地,1061007,土地1建物1車位0,全,,透天厝,,,,183.01,4,2,3,有,無,有,15000,82,,0.0,0,,RPROMLMJJIMFFER76CC
北區,建物,臺南市北區大興街233巷46弄52號一樓,0.0,商,,,1061027,土地0建物1車位0,全,5,透天厝,見其他登記事項,見其他登記事項,0950821,23.57,0,1,0,有,無,有,11000,467,,0.0,0,,RPPOMLNJJIMFFAD47CC
中西區,建物,臺南市中西區民生路二段389號十四樓之3,0.0,商,,,1061014,土地0建物1車位0,十四層,25,住宅大樓(11層含以上有電梯),見其他登記事項,鋼筋混凝土造,0890306,203.45,2,2,2,有,有,有,32000,157,坡道平面,52.18,0,,RPSOMLNJJIMFFAD77CC
中西區,建物,臺南市中西區海安路一段147號一樓,0.0,商,,,1060810,土地0建物1車位0,全,5,透天厝,見其他登記事項,見其他登記事項,0941125,130.91,0,1,0,有,無,有,58000,443,,0.0,0,,RPTOMLNJJIMFFAD87CC
北區,房地(土地+建物),臺南市北區長榮路五段10之3號,0.0,住,,,1061102,土地0建物1車位0,一層,3,店面(店鋪),見其他登記事項,鋼筋混凝土造,0920916,47.06,0,0,0,無,無,無,17000,361,,0.0,0,,RPUNMLQJJIMFFAD18CC
東區,房地(土地+建物),臺南市東區東門路一段84號之12,5.0,住,,,1061103,土地2建物1車位0,一層,9,套房(1房1廳1衛),,,,12.36,1,0,1,有,無,有,4000,324,,0.0,0,,RPPOMLRJJIMFFCD08CC
北區,房地(土地+建物),臺南市北區旭日街120巷6號,41.69,住,,,1061014,土地1建物1車位0,二層,11,住宅大樓(11層含以上有電梯),見其他登記事項,鋼筋混凝土造,0911115,156.09,1,2,2,有,無,無,16000,103,,0.0,0,,RPWNMLTJJIMFFAD68CC
,房地(土地+建物),臺南市新市區中正路42之1號,66.87,住,,,1061107,土地1建物1車位0,全,,透天厝,,,,100.38,6,1,6,有,無,有,20000,199,,0.0,0,,RPOOMLTJJIMFFER17CC
新市區,房地(土地+建物),臺南市新市區大營130之11號,85.0,,特定農業區,甲種建築用地,1061026,土地1建物1車位0,全,4,透天厝,住商用,鋼筋混凝土造,0850315,178.76,5,2,3,有,無,有,15000,84,,0.0,0,,RPQOMLTJJIMFFER37CC
安南區,土地,長溪段612地號,494.86,農,,,1061018,土地3建物0車位0,,,其他,,,,0.0,0,0,0,有,無,有,20000,40,,0.0,0,,RPQOMLTJJIMFFBD28CC
永康區,建物,臺南市永康區中華西街127巷14之3號,0.0,住,,,1061108,土地0建物1車位0,四層,5,公寓(5樓含以下無電梯),住家用,鋼筋混凝土造,0701211,90.03,3,1,1,有,無,無,7500,83,,0.0,0,,RPQNMLTJJIMFFHR57CC
仁德區,房地(土地+建物)+車位,臺南市仁德區和愛街22號3F-5,20521.07,住,,,1061104,土地1建物1車位1,三層,14,住宅大樓(11層含以上有電梯),住家用,鋼筋混凝土造,0990422,102.03,3,2,2,有,無,無,13500,132,坡道平面,0.0,0,,RPPNMLTJJIMFFFR37DC
北區,房地(土地+建物),臺南市北區南園街52號,81.0,住,,,1061107,土地3建物1車位0,一層,4,店面(店鋪),住商用,加強磚造,0631205,35.7,7,1,8,有,無,有,9000,252,,0.0,0,,RPRNMLKKJIMFFAD37CC
北區,建物,臺南市北區西華街81號4樓之4,0.0,商,,,1061018,土地0建物1車位0,四層,10,華廈(10層含以下有電梯),住家用,鋼筋混凝土造,0710521,97.41,3,2,2,有,無,有,10000,103,,0.0,0,,RPUNMLKKJIMFFAD67CC
東區,建物,臺南市東區青年路225巷21之3號,0.0,住,,,1061103,土地0建物1車位0,四層,4,公寓(5樓含以下無電梯),住家用,鋼筋混凝土造,0680227,45.2,2,1,1,有,無,無,9000,199,,0.0,0,,RPWNMLKKJIMFFCD08CC
