﻿編號,土地位置,土地移轉面積(平方公尺),使用分區或編定,權利人持分分母,權利人持分分子,移轉情形,地號
The serial number, land position,land shifting area square meter,the use zoning or compiles and checks,,,,land parcel
RPPQMLMJQHMFFIF56DB,樂山段,2.62,都市：住,100000,1230,持分移轉,01860000
RPPQMLMJQHMFFIF56DB,樂山段,1.06,都市：住,100000,1230,持分移轉,01870000
RPPQMLMJQHMFFIF56DB,樂山段,1.99,都市：住,100000,1230,持分移轉,01880000
RPPQMLMJQHMFFIF56DB,樂山段,16.02,都市：住,100000,1230,持分移轉,01930000
RPPQMLMJQHMFFIF56DB,樂山段,.21,都市：住,100000,1230,持分移轉,01940000
RPVRMLMJQHMFFIF27DB,樂山段,2.51,都市：住,100000,1179,持分移轉,01860000
RPVRMLMJQHMFFIF27DB,樂山段,1.01,都市：住,100000,1179,持分移轉,01870000
RPVRMLMJQHMFFIF27DB,樂山段,1.90,都市：住,100000,1179,持分移轉,01880000
RPVRMLMJQHMFFIF27DB,樂山段,15.36,都市：住,100000,1179,持分移轉,01930000
RPVRMLMJQHMFFIF27DB,樂山段,.20,都市：住,100000,1179,持分移轉,01940000
RPORMLMJQHMFFIF56DB,樂山段,3.60,都市：住,100000,1687,持分移轉,01860000
RPORMLMJQHMFFIF56DB,樂山段,1.45,都市：住,100000,1687,持分移轉,01870000
RPORMLMJQHMFFIF56DB,樂山段,2.72,都市：住,100000,1687,持分移轉,01880000
RPORMLMJQHMFFIF56DB,樂山段,21.98,都市：住,100000,1687,持分移轉,01930000
RPORMLMJQHMFFIF56DB,樂山段,.29,都市：住,100000,1687,持分移轉,01940000
RPRQMLMJQHMFFIF76DB,樂山段,2.79,都市：住,100000,1306,持分移轉,01860000
RPRQMLMJQHMFFIF76DB,樂山段,1.12,都市：住,100000,1306,持分移轉,01870000
RPRQMLMJQHMFFIF76DB,樂山段,2.11,都市：住,100000,1306,持分移轉,01880000
RPRQMLMJQHMFFIF76DB,樂山段,17.01,都市：住,100000,1306,持分移轉,01930000
RPRQMLMJQHMFFIF76DB,樂山段,.23,都市：住,100000,1306,持分移轉,01940000
RPRRMLMJQHMFFIF86DB,樂山段,2.19,都市：住,100000,1028,持分移轉,01860000
RPRRMLMJQHMFFIF86DB,樂山段,.88,都市：住,100000,1028,持分移轉,01870000
RPRRMLMJQHMFFIF86DB,樂山段,1.66,都市：住,100000,1028,持分移轉,01880000
RPRRMLMJQHMFFIF86DB,樂山段,13.39,都市：住,100000,1028,持分移轉,01930000
RPRRMLMJQHMFFIF86DB,樂山段,.18,都市：住,100000,1028,持分移轉,01940000
RPURMLMJQHMFFIF17DB,樂山段,2.28,都市：住,100000,1068,持分移轉,01860000
RPURMLMJQHMFFIF17DB,樂山段,.92,都市：住,100000,1068,持分移轉,01870000
RPURMLMJQHMFFIF17DB,樂山段,1.72,都市：住,100000,1068,持分移轉,01880000
RPURMLMJQHMFFIF17DB,樂山段,13.91,都市：住,100000,1068,持分移轉,01930000
RPURMLMJQHMFFIF17DB,樂山段,.19,都市：住,100000,1068,持分移轉,01940000
RPTQMLMJQHMFFIF96DB,樂山段,2.62,都市：住,100000,1230,持分移轉,01860000
RPTQMLMJQHMFFIF96DB,樂山段,1.06,都市：住,100000,1230,持分移轉,01870000
RPTQMLMJQHMFFIF96DB,樂山段,1.99,都市：住,100000,1230,持分移轉,01880000
RPTQMLMJQHMFFIF96DB,樂山段,16.02,都市：住,100000,1230,持分移轉,01930000
RPTQMLMJQHMFFIF96DB,樂山段,.21,都市：住,100000,1230,持分移轉,01940000
RPTRMLMJQHMFFIF07DB,樂山段,2.19,都市：住,100000,1028,持分移轉,01860000
RPTRMLMJQHMFFIF07DB,樂山段,.88,都市：住,100000,1028,持分移轉,01870000
RPTRMLMJQHMFFIF07DB,樂山段,1.66,都市：住,100000,1028,持分移轉,01880000
RPTRMLMJQHMFFIF07DB,樂山段,13.39,都市：住,100000,1028,持分移轉,01930000
RPTRMLMJQHMFFIF07DB,樂山段,.18,都市：住,100000,1028,持分移轉,01940000
RPUQMLMJQHMFFIF07DB,樂山段,26.23,都市：住,10000,1230,持分移轉,01860000
RPUQMLMJQHMFFIF07DB,樂山段,10.58,都市：住,10000,1230,持分移轉,01870000
RPUQMLMJQHMFFIF07DB,樂山段,19.86,都市：住,10000,1230,持分移轉,01880000
RPUQMLMJQHMFFIF07DB,樂山段,160.24,都市：住,10000,1230,持分移轉,01930000
RPUQMLMJQHMFFIF07DB,樂山段,2.14,都市：住,10000,1230,持分移轉,01940000
RPXQMLMJQHMFFIF37DB,樂山段,2.51,都市：住,100000,1179,持分移轉,01860000
RPXQMLMJQHMFFIF37DB,樂山段,1.01,都市：住,100000,1179,持分移轉,01870000
RPXQMLMJQHMFFIF37DB,樂山段,1.90,都市：住,100000,1179,持分移轉,01880000
RPXQMLMJQHMFFIF37DB,樂山段,15.36,都市：住,100000,1179,持分移轉,01930000
RPXQMLMJQHMFFIF37DB,樂山段,.20,都市：住,100000,1179,持分移轉,01940000
RPSSMLMJQHMFFIF07DB,樂山段,3.68,都市：住,100000,1727,持分移轉,01860000
RPSSMLMJQHMFFIF07DB,樂山段,1.48,都市：住,100000,1727,持分移轉,01870000
RPSSMLMJQHMFFIF07DB,樂山段,2.79,都市：住,100000,1727,持分移轉,01880000
RPSSMLMJQHMFFIF07DB,樂山段,22.50,都市：住,100000,1727,持分移轉,01930000
RPSSMLMJQHMFFIF07DB,樂山段,.30,都市：住,100000,1727,持分移轉,01940000
RPUUMLMJQHMFFIF47DB,樂山段,2.78,都市：住,100000,1305,持分移轉,01860000
RPUUMLMJQHMFFIF47DB,樂山段,1.12,都市：住,100000,1305,持分移轉,01870000
RPUUMLMJQHMFFIF47DB,樂山段,2.11,都市：住,100000,1305,持分移轉,01880000
RPUUMLMJQHMFFIF47DB,樂山段,17.00,都市：住,100000,1305,持分移轉,01930000
RPUUMLMJQHMFFIF47DB,樂山段,.23,都市：住,100000,1305,持分移轉,01940000
RPWUMLMJQHMFFIF67DB,樂山段,3.53,都市：住,100000,1655,持分移轉,01860000
RPWUMLMJQHMFFIF67DB,樂山段,1.42,都市：住,100000,1655,持分移轉,01870000
RPWUMLMJQHMFFIF67DB,樂山段,2.67,都市：住,100000,1655,持分移轉,01880000
RPWUMLMJQHMFFIF67DB,樂山段,21.56,都市：住,100000,1655,持分移轉,01930000
RPWUMLMJQHMFFIF67DB,樂山段,.29,都市：住,100000,1655,持分移轉,01940000
RPOVMLMJQHMFFIF96DB,樂山段,2.79,都市：住,100000,1306,持分移轉,01860000
RPOVMLMJQHMFFIF96DB,樂山段,1.12,都市：住,100000,1306,持分移轉,01870000
RPOVMLMJQHMFFIF96DB,樂山段,2.11,都市：住,100000,1306,持分移轉,01880000
RPOVMLMJQHMFFIF96DB,樂山段,17.01,都市：住,100000,1306,持分移轉,01930000
RPOVMLMJQHMFFIF96DB,樂山段,.23,都市：住,100000,1306,持分移轉,01940000
RPPVMLMJQHMFFIF07DB,樂山段,2.78,都市：住,100000,1305,持分移轉,01860000
RPPVMLMJQHMFFIF07DB,樂山段,1.12,都市：住,100000,1305,持分移轉,01870000
RPPVMLMJQHMFFIF07DB,樂山段,2.11,都市：住,100000,1305,持分移轉,01880000
RPPVMLMJQHMFFIF07DB,樂山段,17.00,都市：住,100000,1305,持分移轉,01930000
RPPVMLMJQHMFFIF07DB,樂山段,.23,都市：住,100000,1305,持分移轉,01940000
RPQUMLMJQHMFFIF07DB,樂山段,2.19,都市：住,100000,1028,持分移轉,01860000
RPQUMLMJQHMFFIF07DB,樂山段,.88,都市：住,100000,1028,持分移轉,01870000
RPQUMLMJQHMFFIF07DB,樂山段,1.66,都市：住,100000,1028,持分移轉,01880000
RPQUMLMJQHMFFIF07DB,樂山段,13.39,都市：住,100000,1028,持分移轉,01930000
RPQUMLMJQHMFFIF07DB,樂山段,.18,都市：住,100000,1028,持分移轉,01940000
RPPUMLMJQHMFFIF96DB,樂山段,36.83,都市：住,10000,1727,持分移轉,01860000
RPPUMLMJQHMFFIF96DB,樂山段,1.48,都市：住,100000,1727,持分移轉,01870000
RPPUMLMJQHMFFIF96DB,樂山段,2.79,都市：住,100000,1727,持分移轉,01880000
RPPUMLMJQHMFFIF96DB,樂山段,22.50,都市：住,100000,1727,持分移轉,01930000
RPPUMLMJQHMFFIF96DB,樂山段,.30,都市：住,100000,1727,持分移轉,01940000
RPUTMLMJQHMFFIF37DB,樂山段,2.79,都市：住,100000,1306,持分移轉,01860000
RPUTMLMJQHMFFIF37DB,樂山段,1.12,都市：住,100000,1306,持分移轉,01870000
RPUTMLMJQHMFFIF37DB,樂山段,2.11,都市：住,100000,1306,持分移轉,01880000
RPUTMLMJQHMFFIF37DB,樂山段,17.01,都市：住,100000,1306,持分移轉,01930000
RPUTMLMJQHMFFIF37DB,樂山段,.23,都市：住,100000,1306,持分移轉,01940000
RPWTMLMJQHMFFIF57DB,樂山段,2.78,都市：住,100000,1305,持分移轉,01860000
RPWTMLMJQHMFFIF57DB,樂山段,1.12,都市：住,100000,1305,持分移轉,01870000
RPWTMLMJQHMFFIF57DB,樂山段,2.11,都市：住,100000,1305,持分移轉,01880000
RPWTMLMJQHMFFIF57DB,樂山段,17.00,都市：住,100000,1305,持分移轉,01930000
RPWTMLMJQHMFFIF57DB,樂山段,.23,都市：住,100000,1305,持分移轉,01940000
RPOWMLMJQHMFFIF07DB,樂山段,2.51,都市：住,100000,1179,持分移轉,01860000
RPOWMLMJQHMFFIF07DB,樂山段,1.01,都市：住,100000,1179,持分移轉,01870000
RPOWMLMJQHMFFIF07DB,樂山段,1.90,都市：住,100000,1179,持分移轉,01880000
RPOWMLMJQHMFFIF07DB,樂山段,15.36,都市：住,100000,1179,持分移轉,01930000
RPOWMLMJQHMFFIF07DB,樂山段,.20,都市：住,100000,1179,持分移轉,01940000
RPXVMLMJQHMFFIF87DB,樂山段,2.51,都市：住,100000,1179,持分移轉,01860000
RPXVMLMJQHMFFIF87DB,樂山段,1.01,都市：住,100000,1179,持分移轉,01870000
RPXVMLMJQHMFFIF87DB,樂山段,1.90,都市：住,100000,1179,持分移轉,01880000
RPXVMLMJQHMFFIF87DB,樂山段,15.36,都市：住,100000,1179,持分移轉,01930000
RPXVMLMJQHMFFIF87DB,樂山段,.20,都市：住,100000,1179,持分移轉,01940000
RPUVMLMJQHMFFIF57DB,樂山段,2.21,都市：住,100000,1036,持分移轉,01860000
RPUVMLMJQHMFFIF57DB,樂山段,.89,都市：住,100000,1036,持分移轉,01870000
RPUVMLMJQHMFFIF57DB,樂山段,1.67,都市：住,100000,1036,持分移轉,01880000
RPUVMLMJQHMFFIF57DB,樂山段,13.50,都市：住,100000,1036,持分移轉,01930000
RPUVMLMJQHMFFIF57DB,樂山段,.18,都市：住,100000,1036,持分移轉,01940000
RPRVMLMJQHMFFIF27DB,樂山段,2.78,都市：住,100000,1305,持分移轉,01860000
RPRVMLMJQHMFFIF27DB,樂山段,1.12,都市：住,100000,1305,持分移轉,01870000
RPRVMLMJQHMFFIF27DB,樂山段,2.11,都市：住,100000,1305,持分移轉,01880000
RPRVMLMJQHMFFIF27DB,樂山段,17.00,都市：住,100000,1305,持分移轉,01930000
RPRVMLMJQHMFFIF27DB,樂山段,.23,都市：住,100000,1305,持分移轉,01940000
RPPWMLMJQHMFFIF17DB,樂山段,3.68,都市：住,100000,1727,持分移轉,01860000
RPPWMLMJQHMFFIF17DB,樂山段,1.48,都市：住,100000,1727,持分移轉,01870000
RPPWMLMJQHMFFIF17DB,樂山段,2.79,都市：住,100000,1727,持分移轉,01880000
RPPWMLMJQHMFFIF17DB,樂山段,22.50,都市：住,100000,1727,持分移轉,01930000
RPPWMLMJQHMFFIF17DB,樂山段,.30,都市：住,100000,1727,持分移轉,01940000
RPRNMLQJQHMFFHF66CB,景華段,13.18,都市：住,10000,211,持分移轉,04020000
RPRNMLQJQHMFFHF66CB,景華段,.91,都市：住,10000,211,持分移轉,04020001
RPTNMLQJQHMFFHF86CB,景華段,12.99,都市：住,10000,208,持分移轉,04020000
RPTNMLQJQHMFFHF86CB,景華段,.89,都市：住,10000,208,持分移轉,04020001
RPUNMLQJQHMFFHF96CB,景華段,18.99,都市：住,10000,304,持分移轉,04020000
RPUNMLQJQHMFFHF96CB,景華段,1.31,都市：住,10000,304,持分移轉,04020001
RPTTMLMJQHMFFIF27DB,樂山段,2.19,都市：住,100000,1028,持分移轉,01860000
RPTTMLMJQHMFFIF27DB,樂山段,.88,都市：住,100000,1028,持分移轉,01870000
RPTTMLMJQHMFFIF27DB,樂山段,1.66,都市：住,100000,1028,持分移轉,01880000
RPTTMLMJQHMFFIF27DB,樂山段,13.39,都市：住,100000,1028,持分移轉,01930000
RPTTMLMJQHMFFIF27DB,樂山段,.18,都市：住,100000,1028,持分移轉,01940000
RPRTMLMJQHMFFIF07DB,樂山段,2.78,都市：住,100000,1305,持分移轉,01860000
RPRTMLMJQHMFFIF07DB,樂山段,1.12,都市：住,100000,1305,持分移轉,01870000
RPRTMLMJQHMFFIF07DB,樂山段,2.11,都市：住,100000,1305,持分移轉,01880000
RPRTMLMJQHMFFIF07DB,樂山段,17.00,都市：住,100000,1305,持分移轉,01930000
RPRTMLMJQHMFFIF07DB,樂山段,.23,都市：住,100000,1305,持分移轉,01940000
RPSTMLMJQHMFFIF17DB,樂山段,2.51,都市：住,100000,1179,持分移轉,01860000
RPSTMLMJQHMFFIF17DB,樂山段,1.01,都市：住,100000,1179,持分移轉,01870000
RPSTMLMJQHMFFIF17DB,樂山段,1.90,都市：住,100000,1179,持分移轉,01880000
RPSTMLMJQHMFFIF17DB,樂山段,15.36,都市：住,100000,1179,持分移轉,01930000
RPSTMLMJQHMFFIF17DB,樂山段,.20,都市：住,100000,1179,持分移轉,01940000
RPXPMLTJQHMFFBF17CB,國宅段,.46,都市：住,100000,1094,持分移轉,00260008
RPXPMLTJQHMFFBF17CB,國宅段,.00,都市：住,100000,20,持分移轉,00260008
RPUPMLTJQHMFFBF86CB,國宅段,.43,都市：住,100000,1063,持分移轉,00260008
RPUPMLTJQHMFFBF86CB,國宅段,.00,都市：住,100000,20,持分移轉,00260008
RPVPMLTJQHMFFBF96CB,國宅段,.46,都市：住,100000,1094,持分移轉,00260008
RPVPMLTJQHMFFBF96CB,國宅段,.00,都市：住,100000,20,持分移轉,00260008
RPTPMLTJQHMFFBF76CB,國宅段,.80,都市：住,100000,1448,持分移轉,00260008
RPTPMLTJQHMFFBF76CB,國宅段,.00,都市：住,100000,20,持分移轉,00260008
RPRPMLTJQHMFFBF56CB,國宅段,.46,都市：住,100000,1103,持分移轉,00260008
RPRPMLTJQHMFFBF56CB,國宅段,.00,都市：住,100000,20,持分移轉,00260008
RPSPMLTJQHMFFBF66CB,國宅段,.43,都市：住,100000,1063,持分移轉,00260008
RPSPMLTJQHMFFBF66CB,國宅段,.00,都市：住,100000,20,持分移轉,00260008
RPWPMLTJQHMFFBF07CB,國宅段,.43,都市：住,100000,1063,持分移轉,00260008
RPWPMLTJQHMFFBF07CB,國宅段,.00,都市：住,100000,20,持分移轉,00260008
RPQPMLTJQHMFFBF09CB,國宅段,.68,都市：住,100000,1338,持分移轉,00260008
RPQPMLTJQHMFFBF09CB,國宅段,.00,都市：住,100000,70,持分移轉,00260008
RPQQMLTJQHMFFBF56CB,國宅段,.75,都市：住,100000,1399,持分移轉,00260008
RPQQMLTJQHMFFBF56CB,國宅段,.00,都市：住,100000,20,持分移轉,00260008
RPOQMLTJQHMFFBF98CB,國宅段,.80,都市：住,100000,1448,持分移轉,00260008
RPOQMLTJQHMFFBF98CB,國宅段,.00,都市：住,100000,20,持分移轉,00260008
RPWQMLTJQHMFFBF17CB,國宅段,.46,都市：住,100000,1094,持分移轉,00260008
RPWQMLTJQHMFFBF17CB,國宅段,.00,都市：住,100000,20,持分移轉,00260008
RPXQMLTJQHMFFBF27CB,國宅段,.43,都市：住,100000,1063,持分移轉,00260008
RPXQMLTJQHMFFBF27CB,國宅段,.00,都市：住,100000,20,持分移轉,00260008
RPUQMLTJQHMFFBF96CB,國宅段,.75,都市：住,100000,1399,持分移轉,00260008
RPUQMLTJQHMFFBF96CB,國宅段,.00,都市：住,100000,20,持分移轉,00260008
RPTQMLTJQHMFFBF86CB,國宅段,.80,都市：住,100000,1448,持分移轉,00260008
RPTQMLTJQHMFFBF86CB,國宅段,.00,都市：住,100000,20,持分移轉,00260008
RPORMLTJQHMFFBF09CB,國宅段,.43,都市：住,100000,1063,持分移轉,00260008
RPORMLTJQHMFFBF09CB,國宅段,.00,都市：住,100000,20,持分移轉,00260008
RPPRMLTJQHMFFBF56CB,國宅段,.75,都市：住,100000,1399,持分移轉,00260008
RPPRMLTJQHMFFBF56CB,國宅段,.00,都市：住,100000,20,持分移轉,00260008
RPVQMLTJQHMFFBF07CB,國宅段,.46,都市：住,100000,1103,持分移轉,00260008
RPVQMLTJQHMFFBF07CB,國宅段,.00,都市：住,100000,20,持分移轉,00260008
RPTRMLTJQHMFFBF96CB,國宅段,.80,都市：住,100000,1448,持分移轉,00260008
RPTRMLTJQHMFFBF96CB,國宅段,.00,都市：住,100000,20,持分移轉,00260008
RPQRMLTJQHMFFBF66CB,國宅段,.43,都市：住,100000,1063,持分移轉,00260008
RPQRMLTJQHMFFBF66CB,國宅段,.00,都市：住,100000,20,持分移轉,00260008
RPSQMLTJQHMFFBF76CB,國宅段,.75,都市：住,100000,1399,持分移轉,00260008
RPSQMLTJQHMFFBF76CB,國宅段,.00,都市：住,100000,20,持分移轉,00260008
RPRRMLTJQHMFFBF76CB,國宅段,.46,都市：住,100000,1094,持分移轉,00260008
RPRRMLTJQHMFFBF76CB,國宅段,.00,都市：住,100000,20,持分移轉,00260008
RPURMLTJQHMFFBF07CB,國宅段,.43,都市：住,100000,1063,持分移轉,00260008
RPURMLTJQHMFFBF07CB,國宅段,.00,都市：住,100000,20,持分移轉,00260008
RPSRMLTJQHMFFBF86CB,國宅段,.46,都市：住,100000,1103,持分移轉,00260008
RPSRMLTJQHMFFBF86CB,國宅段,.00,都市：住,100000,20,持分移轉,00260008
RPVRMLTJQHMFFBF17CB,國宅段,.80,都市：住,100000,1448,持分移轉,00260008
RPVRMLTJQHMFFBF17CB,國宅段,.00,都市：住,100000,50,持分移轉,00260008
RPWRMLTJQHMFFBF27CB,國宅段,.80,都市：住,100000,1448,持分移轉,00260008
RPWRMLTJQHMFFBF27CB,國宅段,.00,都市：住,100000,20,持分移轉,00260008
RPOSMLTJQHMFFBF56CB,國宅段,.46,都市：住,100000,1094,持分移轉,00260008
RPOSMLTJQHMFFBF56CB,國宅段,.00,都市：住,100000,20,持分移轉,00260008
RPSSMLTJQHMFFBF96CB,國宅段,.43,都市：住,100000,1063,持分移轉,00260008
RPSSMLTJQHMFFBF96CB,國宅段,.00,都市：住,100000,20,持分移轉,00260008
RPPSMLTJQHMFFBF66CB,國宅段,.75,都市：住,100000,1399,持分移轉,00260008
RPPSMLTJQHMFFBF66CB,國宅段,.00,都市：住,100000,20,持分移轉,00260008
RPXRMLTJQHMFFBF37CB,國宅段,.43,都市：住,100000,1063,持分移轉,00260008
RPXRMLTJQHMFFBF37CB,國宅段,.00,都市：住,100000,20,持分移轉,00260008
RPQSMLTJQHMFFBF76CB,國宅段,.43,都市：住,100000,1063,持分移轉,00260008
RPQSMLTJQHMFFBF76CB,國宅段,.00,都市：住,100000,20,持分移轉,00260008
RPRSMLTJQHMFFBF86CB,國宅段,1.32,都市：住,100000,1860,持分移轉,00260008
RPRSMLTJQHMFFBF86CB,國宅段,.00,都市：住,100000,70,持分移轉,00260008
RPRWMLMJQHMFFIF37DB,樂山段,2.78,都市：住,100000,1303,持分移轉,01860000
RPRWMLMJQHMFFIF37DB,樂山段,1.12,都市：住,100000,1303,持分移轉,01870000
RPRWMLMJQHMFFIF37DB,樂山段,2.10,都市：住,100000,1303,持分移轉,01880000
RPRWMLMJQHMFFIF37DB,樂山段,16.98,都市：住,100000,1303,持分移轉,01930000
RPRWMLMJQHMFFIF37DB,樂山段,.23,都市：住,100000,1303,持分移轉,01940000
RPUOMLOJQHMFFIF07DB,樂山段,2.93,都市：住,100000,1372,持分移轉,01860000
RPUOMLOJQHMFFIF07DB,樂山段,1.18,都市：住,100000,1372,持分移轉,01870000
RPUOMLOJQHMFFIF07DB,樂山段,2.22,都市：住,100000,1372,持分移轉,01880000
RPUOMLOJQHMFFIF07DB,樂山段,17.87,都市：住,100000,1372,持分移轉,01930000
RPUOMLOJQHMFFIF07DB,樂山段,.24,都市：住,100000,1372,持分移轉,01940000
RPQTMLTJQHMFFBF86CB,國宅段,.75,都市：住,100000,1399,持分移轉,00260008
RPQTMLTJQHMFFBF86CB,國宅段,.00,都市：住,100000,20,持分移轉,00260008
RPWSMLTJQHMFFBF37CB,國宅段,.46,都市：住,100000,1094,持分移轉,00260008
RPWSMLTJQHMFFBF37CB,國宅段,.00,都市：住,100000,20,持分移轉,00260008
RPOTMLTJQHMFFBF66CB,國宅段,.43,都市：住,100000,1063,持分移轉,00260008
RPOTMLTJQHMFFBF66CB,國宅段,.00,都市：住,100000,20,持分移轉,00260008
RPRTMLTJQHMFFBF96CB,國宅段,.43,都市：住,100000,1063,持分移轉,00260008
RPRTMLTJQHMFFBF96CB,國宅段,.00,都市：住,100000,20,持分移轉,00260008
RPVSMLTJQHMFFBF27CB,國宅段,.95,都市：住,100000,1580,持分移轉,00260008
RPVSMLTJQHMFFBF27CB,國宅段,.00,都市：住,100000,70,持分移轉,00260008
RPPTMLTJQHMFFBF76CB,國宅段,1.66,都市：住,100000,2085,持分移轉,00260008
RPPTMLTJQHMFFBF76CB,國宅段,.00,都市：住,100000,20,持分移轉,00260008
RPTSMLTJQHMFFBF07CB,國宅段,.46,都市：住,100000,1094,持分移轉,00260008
RPTSMLTJQHMFFBF07CB,國宅段,.00,都市：住,100000,20,持分移轉,00260008
RPXSMLTJQHMFFBF47CB,國宅段,.46,都市：住,100000,1094,持分移轉,00260008
RPXSMLTJQHMFFBF47CB,國宅段,.00,都市：住,100000,20,持分移轉,00260008
RPTTMLTJQHMFFBF17CB,國宅段,.43,都市：住,100000,1063,持分移轉,00260008
RPTTMLTJQHMFFBF17CB,國宅段,.00,都市：住,100000,20,持分移轉,00260008
RPUSMLTJQHMFFBF17CB,國宅段,.95,都市：住,100000,1580,持分移轉,00260008
RPUSMLTJQHMFFBF17CB,國宅段,.00,都市：住,100000,70,持分移轉,00260008
RPSTMLTJQHMFFBF07CB,國宅段,.75,都市：住,100000,1399,持分移轉,00260008
RPSTMLTJQHMFFBF07CB,國宅段,.00,都市：住,100000,20,持分移轉,00260008
RPXTMLTJQHMFFBF57CB,國宅段,1.69,都市：住,100000,2106,持分移轉,00260008
RPXTMLTJQHMFFBF57CB,國宅段,.00,都市：住,100000,30,持分移轉,00260008
RPWTMLTJQHMFFBF47CB,國宅段,.46,都市：住,100000,1103,持分移轉,00260008
RPWTMLTJQHMFFBF47CB,國宅段,.00,都市：住,100000,20,持分移轉,00260008
RPVTMLTJQHMFFBF37CB,國宅段,1.66,都市：住,100000,2085,持分移轉,00260008
RPVTMLTJQHMFFBF37CB,國宅段,.00,都市：住,100000,30,持分移轉,00260008
RPQUMLTJQHMFFBF96CB,國宅段,.75,都市：住,100000,1399,持分移轉,00260008
RPQUMLTJQHMFFBF96CB,國宅段,.00,都市：住,100000,20,持分移轉,00260008
RPPUMLTJQHMFFBF86CB,國宅段,.46,都市：住,100000,1103,持分移轉,00260008
RPPUMLTJQHMFFBF86CB,國宅段,.00,都市：住,100000,20,持分移轉,00260008
RPUTMLTJQHMFFBF27CB,國宅段,.46,都市：住,100000,1103,持分移轉,00260008
RPUTMLTJQHMFFBF27CB,國宅段,.00,都市：住,100000,20,持分移轉,00260008
RPTUMLTJQHMFFBF27CB,國宅段,.43,都市：住,100000,1063,持分移轉,00260008
RPTUMLTJQHMFFBF27CB,國宅段,.00,都市：住,100000,20,持分移轉,00260008
RPSUMLTJQHMFFBF17CB,國宅段,.75,都市：住,100000,1399,持分移轉,00260008
RPSUMLTJQHMFFBF17CB,國宅段,.00,都市：住,100000,20,持分移轉,00260008
RPRUMLTJQHMFFBF07CB,國宅段,.43,都市：住,100000,1063,持分移轉,00260008
RPRUMLTJQHMFFBF07CB,國宅段,.00,都市：住,100000,20,持分移轉,00260008
RPOUMLTJQHMFFBF76CB,國宅段,.46,都市：住,100000,1103,持分移轉,00260008
RPOUMLTJQHMFFBF76CB,國宅段,.00,都市：住,100000,20,持分移轉,00260008
RPUUMLTJQHMFFBF37CB,國宅段,.43,都市：住,100000,1063,持分移轉,00260008
RPUUMLTJQHMFFBF37CB,國宅段,.00,都市：住,100000,20,持分移轉,00260008
RPVUMLTJQHMFFBF47CB,國宅段,.80,都市：住,100000,1448,持分移轉,00260008
RPVUMLTJQHMFFBF47CB,國宅段,.00,都市：住,100000,20,持分移轉,00260008
RPOVMLTJQHMFFBF86CB,國宅段,.46,都市：住,100000,1094,持分移轉,00260008
RPOVMLTJQHMFFBF86CB,國宅段,.00,都市：住,100000,20,持分移轉,00260008
RPWUMLTJQHMFFBF57CB,國宅段,1.70,都市：住,100000,2116,持分移轉,00260008
RPWUMLTJQHMFFBF57CB,國宅段,.00,都市：住,100000,30,持分移轉,00260008
RPPPMLQKQHMFFIF86CB,民生段,30.21,都市：住,10000,255,持分移轉,02430000
RPXUMLTJQHMFFBF67CB,國宅段,.74,都市：住,100000,1391,持分移轉,00260008
RPXUMLTJQHMFFBF67CB,國宅段,.00,都市：住,100000,20,持分移轉,00260008
RPPVMLTJQHMFFBF96CB,國宅段,.46,都市：住,100000,1094,持分移轉,00260008
RPPVMLTJQHMFFBF96CB,國宅段,.00,都市：住,100000,20,持分移轉,00260008
RPOPMLQKQHMFFIF76CB,民生段,30.32,都市：住,10000,256,持分移轉,02430000
RPRPMLQKQHMFFIF07CB,民生段,30.21,都市：住,10000,255,持分移轉,02430000
RPQPMLQKQHMFFIF96CB,民生段,30.21,都市：住,10000,255,持分移轉,02430000
RPSPMLQKQHMFFIF17CB,民生段,30.21,都市：住,10000,255,持分移轉,02430000
RPXPMLQKQHMFFIF67CB,民生段,30.21,都市：住,10000,255,持分移轉,02430000
RPTPMLQKQHMFFIF27CB,民生段,30.21,都市：住,10000,255,持分移轉,02430000
RPVPMLQKQHMFFIF47CB,民生段,30.21,都市：住,10000,255,持分移轉,02430000
RPPQMLQKQHMFFIF96CB,民生段,30.21,都市：住,10000,255,持分移轉,02430000
RPWQMLQKQHMFFIF67CB,民生段,29.85,都市：住,10000,252,持分移轉,02430000
RPOQMLQKQHMFFIF86CB,民生段,30.21,都市：住,10000,255,持分移轉,02430000
RPPRMLQKQHMFFIF07CB,民生段,29.85,都市：住,10000,252,持分移轉,02430000
RPQRMLQKQHMFFIF17CB,民生段,29.85,都市：住,10000,252,持分移轉,02430000
RPQVMLTJQHMFFBF07CB,國宅段,.43,都市：住,100000,1063,持分移轉,00260008
RPQVMLTJQHMFFBF07CB,國宅段,.00,都市：住,100000,20,持分移轉,00260008
RPQQMLQKQHMFFIF07CB,民生段,30.21,都市：住,10000,255,持分移轉,02430000
RPSQMLQKQHMFFIF27CB,民生段,29.85,都市：住,10000,252,持分移轉,02430000
RPTRMLQKQHMFFIF47CB,民生段,29.85,都市：住,10000,252,持分移轉,02430000
RPSRMLQKQHMFFIF37CB,民生段,29.85,都市：住,10000,252,持分移轉,02430000
RPORMLQKQHMFFIF96CB,民生段,29.85,都市：住,10000,252,持分移轉,02430000
RPRVMLTJQHMFFBF17CB,國宅段,.43,都市：住,100000,1063,持分移轉,00260008
RPRVMLTJQHMFFBF17CB,國宅段,.00,都市：住,100000,20,持分移轉,00260008
RPWRMLQKQHMFFIF77CB,民生段,29.85,都市：住,10000,252,持分移轉,02430000
RPVRMLQKQHMFFIF67CB,民生段,29.85,都市：住,10000,252,持分移轉,02430000
RPOSMLQKQHMFFIF07CB,民生段,29.85,都市：住,10000,252,持分移轉,02430000
RPTNMLRKQHMFFIF17CB,民生段,21.80,都市：住,10000,184,持分移轉,02430000
RPXRMLQKQHMFFIF87CB,民生段,29.85,都市：住,10000,252,持分移轉,02430000
RPRNMLRKQHMFFIF96CB,民生段,21.91,都市：住,10000,185,持分移轉,02430000
RPTOMLRKQHMFFIF27CB,民生段,21.91,都市：住,10000,185,持分移轉,02430000
RPROMLRKQHMFFIF07CB,民生段,21.91,都市：住,10000,185,持分移轉,02430000
RPVOMLRKQHMFFIF47CB,民生段,21.91,都市：住,10000,185,持分移轉,02430000
RPWOMLRKQHMFFIF57CB,民生段,21.80,都市：住,10000,184,持分移轉,02430000
RPRPMLRKQHMFFIF17CB,民生段,21.91,都市：住,10000,185,持分移轉,02430000
RPPPMLRKQHMFFIF96CB,民生段,21.80,都市：住,10000,184,持分移轉,02430000
RPTPMLRKQHMFFIF37CB,民生段,21.91,都市：住,10000,185,持分移轉,02430000
RPPOMLSKQHMFFIF96CB,民生段,21.08,都市：住,10000,178,持分移轉,02430000
RPUPMLRKQHMFFIF47CB,民生段,21.80,都市：住,10000,184,持分移轉,02430000
RPVOMLSKQHMFFIF57CB,民生段,21.08,都市：住,10000,178,持分移轉,02430000
RPQOMLSKQHMFFIF07CB,民生段,21.08,都市：住,10000,178,持分移轉,02430000
RPOPMLSKQHMFFIF96CB,民生段,21.08,都市：住,10000,178,持分移轉,02430000
RPSOMLSKQHMFFIF27CB,民生段,21.08,都市：住,10000,178,持分移轉,02430000
RPOOMLSKQHMFFIF86CB,民生段,21.08,都市：住,10000,178,持分移轉,02430000
RPROMLSKQHMFFIF17CB,民生段,21.08,都市：住,10000,178,持分移轉,02430000
RPXPMLRKQHMFFIF77CB,民生段,21.44,都市：住,10000,181,持分移轉,02430000
RPWOMLSKQHMFFIF67CB,民生段,20.97,都市：住,10000,177,持分移轉,02430000
RPPPMLSKQHMFFIF07CB,民生段,20.97,都市：住,10000,177,持分移轉,02430000
RPVPMLSKQHMFFIF67CB,民生段,21.91,都市：住,10000,185,持分移轉,02430000
RPVNMLOLQHMFFBF09CB,副都心段一小段,9.46,都市：商,10000,62,持分移轉,00670000
RPQPMLSKQHMFFIF17CB,民生段,21.08,都市：住,10000,178,持分移轉,02430000
RPXTMLNLQHMFFBF17CB,副都心段一小段,9.46,都市：商,10000,62,持分移轉,00670000
RPRTMLNLQHMFFBF56CB,副都心段一小段,8.85,都市：商,10000,58,持分移轉,00670000
RPXNMLOLQHMFFBF66CB,副都心段一小段,9.46,都市：商,10000,62,持分移轉,00670000
RPRPMLOLQHMFFBF88CB,副都心段一小段,5.03,都市：商,10000,33,持分移轉,00670000
RPTOMLOLQHMFFBF98CB,副都心段一小段,9.46,都市：商,10000,62,持分移轉,00670000
RPVOMLOLQHMFFBF56CB,副都心段一小段,5.03,都市：商,10000,33,持分移轉,00670000
RPWPMLPLQHMFFBF86CB,副都心段一小段,5.03,都市：商,10000,33,持分移轉,00670000
RPQQMLPLQHMFFBF98CB,副都心段一小段,5.19,都市：商,10000,34,持分移轉,00670000
RPVPMLOLQHMFFBF66CB,副都心段一小段,5.03,都市：商,10000,33,持分移轉,00670000
RPTPMLOLQHMFFBF09CB,副都心段一小段,5.03,都市：商,10000,33,持分移轉,00670000
RPUPMLOLQHMFFBF56CB,副都心段一小段,5.03,都市：商,10000,33,持分移轉,00670000
RPTQMLPLQHMFFBF66CB,副都心段一小段,5.03,都市：商,10000,33,持分移轉,00670000
RPWOMLOLQHMFFIF37CB,民生段,20.97,都市：住,10000,177,持分移轉,02430000
RPUQMLPLQHMFFBF76CB,副都心段一小段,5.03,都市：商,10000,33,持分移轉,00670000
RPSPMLOLQHMFFBF98CB,副都心段一小段,5.03,都市：商,10000,33,持分移轉,00670000
RPVQMLPLQHMFFBF86CB,副都心段一小段,10.22,都市：商,10000,67,持分移轉,00670000
RPSQMLPLQHMFFBF56CB,副都心段一小段,5.03,都市：商,10000,33,持分移轉,00670000
RPVNMLSLQHMFFBF86CB,副都心段一小段,9.46,都市：商,10000,62,持分移轉,00670000
RPXNMLPJRHMFFBF66CB,副都心段一小段,8.85,都市：商,10000,58,持分移轉,00670000
RPPRMLPLQHMFFBF98CB,副都心段一小段,5.19,都市：商,10000,34,持分移轉,00670000
RPWQMLPLQHMFFBF96CB,副都心段一小段,5.03,都市：商,10000,33,持分移轉,00670000
RPTPMLSLQHMFFBF86CB,副都心段一小段,10.22,都市：商,10000,67,持分移轉,00670000
RPOOMLPJRHMFFBF48CB,副都心段一小段,9.46,都市：商,10000,62,持分移轉,00670000
RPSOMLPJRHMFFBF88CB,副都心段一小段,5.03,都市：商,10000,33,持分移轉,00670000
RPROMLPJRHMFFBF78CB,副都心段一小段,9.46,都市：商,10000,62,持分移轉,00670000
RPTOMLPJRHMFFBF98CB,副都心段一小段,5.03,都市：商,10000,33,持分移轉,00670000
RPROMLOKRHMFFIF07EB,樂山段,3.53,都市：住,100000,1655,持分移轉,01860000
RPROMLOKRHMFFIF07EB,樂山段,1.42,都市：住,100000,1655,持分移轉,01870000
RPROMLOKRHMFFIF07EB,樂山段,2.67,都市：住,100000,1655,持分移轉,01880000
RPROMLOKRHMFFIF07EB,樂山段,21.56,都市：住,100000,1655,持分移轉,01930000
RPROMLOKRHMFFIF07EB,樂山段,.29,都市：住,100000,1655,持分移轉,01940000
RPUOMLPJRHMFFBF09CB,副都心段一小段,5.03,都市：商,10000,33,持分移轉,00670000
RPVOMLPJRHMFFBF56CB,副都心段一小段,5.34,都市：商,10000,35,持分移轉,00670000
RPPPMLQJRHMFFBF78CB,副都心段一小段,9.61,都市：商,10000,63,持分移轉,00670000
RPVOMLOKRHMFFIF47EB,樂山段,3.53,都市：住,100000,1655,持分移轉,01860000
RPVOMLOKRHMFFIF47EB,樂山段,1.42,都市：住,100000,1655,持分移轉,01870000
RPVOMLOKRHMFFIF47EB,樂山段,2.67,都市：住,100000,1655,持分移轉,01880000
RPVOMLOKRHMFFIF47EB,樂山段,21.56,都市：住,100000,1655,持分移轉,01930000
RPVOMLOKRHMFFIF47EB,樂山段,.29,都市：住,100000,1655,持分移轉,01940000
RPSPMLOKRHMFFIF27EB,樂山段,3.60,都市：住,100000,1687,持分移轉,01860000
RPSPMLOKRHMFFIF27EB,樂山段,1.42,都市：住,100000,1655,持分移轉,01870000
RPSPMLOKRHMFFIF27EB,樂山段,2.67,都市：住,100000,1655,持分移轉,01880000
RPSPMLOKRHMFFIF27EB,樂山段,21.56,都市：住,100000,1655,持分移轉,01930000
RPSPMLOKRHMFFIF27EB,樂山段,.29,都市：住,100000,1655,持分移轉,01940000
RPRPMLOKRHMFFIF17EB,樂山段,2.93,都市：住,100000,1372,持分移轉,01860000
RPRPMLOKRHMFFIF17EB,樂山段,1.18,都市：住,100000,1372,持分移轉,01870000
RPRPMLOKRHMFFIF17EB,樂山段,2.22,都市：住,100000,1372,持分移轉,01880000
RPRPMLOKRHMFFIF17EB,樂山段,17.87,都市：住,100000,1372,持分移轉,01930000
RPRPMLOKRHMFFIF17EB,樂山段,.24,都市：住,100000,1372,持分移轉,01940000
RPOPMLOKRHMFFIF86EB,樂山段,3.60,都市：住,100000,1687,持分移轉,01860000
RPOPMLOKRHMFFIF86EB,樂山段,1.45,都市：住,100000,1687,持分移轉,01870000
RPOPMLOKRHMFFIF86EB,樂山段,2.72,都市：住,100000,1687,持分移轉,01880000
RPOPMLOKRHMFFIF86EB,樂山段,21.98,都市：住,100000,1687,持分移轉,01930000
RPOPMLOKRHMFFIF86EB,樂山段,.29,都市：住,100000,1687,持分移轉,01940000
RPWOMLOKRHMFFIF57EB,樂山段,2.51,都市：住,100000,1179,持分移轉,01860000
RPWOMLOKRHMFFIF57EB,樂山段,1.01,都市：住,100000,1179,持分移轉,01870000
RPWOMLOKRHMFFIF57EB,樂山段,1.90,都市：住,100000,1179,持分移轉,01880000
RPWOMLOKRHMFFIF57EB,樂山段,15.36,都市：住,100000,1179,持分移轉,01930000
RPWOMLOKRHMFFIF57EB,樂山段,.20,都市：住,100000,1179,持分移轉,01940000
RPPPMLOKRHMFFIF96EB,樂山段,3.60,都市：住,100000,1687,持分移轉,01860000
RPPPMLOKRHMFFIF96EB,樂山段,1.45,都市：住,100000,1687,持分移轉,01870000
RPPPMLOKRHMFFIF96EB,樂山段,2.72,都市：住,100000,1687,持分移轉,01880000
RPPPMLOKRHMFFIF96EB,樂山段,21.98,都市：住,100000,1687,持分移轉,01930000
RPPPMLOKRHMFFIF96EB,樂山段,.29,都市：住,100000,1687,持分移轉,01940000
RPQPMLOKRHMFFIF07EB,樂山段,3.53,都市：住,100000,1655,持分移轉,01860000
RPQPMLOKRHMFFIF07EB,樂山段,1.42,都市：住,100000,1655,持分移轉,01870000
RPQPMLOKRHMFFIF07EB,樂山段,2.67,都市：住,100000,1655,持分移轉,01880000
RPQPMLOKRHMFFIF07EB,樂山段,21.56,都市：住,100000,1655,持分移轉,01930000
RPQPMLOKRHMFFIF07EB,樂山段,.29,都市：住,100000,1655,持分移轉,01940000
RPXOMLOKRHMFFIF67EB,樂山段,2.79,都市：住,100000,1306,持分移轉,01860000
RPXOMLOKRHMFFIF67EB,樂山段,1.12,都市：住,100000,1306,持分移轉,01870000
RPXOMLOKRHMFFIF67EB,樂山段,2.11,都市：住,100000,1306,持分移轉,01880000
RPXOMLOKRHMFFIF67EB,樂山段,17.01,都市：住,100000,1306,持分移轉,01930000
RPXOMLOKRHMFFIF67EB,樂山段,.23,都市：住,100000,1306,持分移轉,01940000
RPPQMLOKRHMFFIF07EB,樂山段,3.53,都市：住,100000,1655,持分移轉,01860000
RPPQMLOKRHMFFIF07EB,樂山段,1.42,都市：住,100000,1655,持分移轉,01870000
RPPQMLOKRHMFFIF07EB,樂山段,2.67,都市：住,100000,1655,持分移轉,01880000
RPPQMLOKRHMFFIF07EB,樂山段,21.56,都市：住,100000,1655,持分移轉,01930000
RPPQMLOKRHMFFIF07EB,樂山段,.29,都市：住,100000,1655,持分移轉,01940000
RPRQMLOKRHMFFIF27EB,樂山段,3.49,都市：住,100000,1637,持分移轉,01860000
RPRQMLOKRHMFFIF27EB,樂山段,1.41,都市：住,100000,1637,持分移轉,01870000
RPRQMLOKRHMFFIF27EB,樂山段,2.64,都市：住,100000,1637,持分移轉,01880000
RPRQMLOKRHMFFIF27EB,樂山段,21.33,都市：住,100000,1637,持分移轉,01930000
RPRQMLOKRHMFFIF27EB,樂山段,.28,都市：住,100000,1637,持分移轉,01940000
RPWPMLOKRHMFFIF67EB,樂山段,3.68,都市：住,100000,1727,持分移轉,01860000
RPWPMLOKRHMFFIF67EB,樂山段,1.48,都市：住,100000,1727,持分移轉,01870000
RPWPMLOKRHMFFIF67EB,樂山段,2.79,都市：住,100000,1727,持分移轉,01880000
RPWPMLOKRHMFFIF67EB,樂山段,22.50,都市：住,100000,1727,持分移轉,01930000
RPWPMLOKRHMFFIF67EB,樂山段,.30,都市：住,100000,1727,持分移轉,01940000
RPTPMLOKRHMFFIF37EB,樂山段,2.79,都市：住,100000,1306,持分移轉,01860000
RPTPMLOKRHMFFIF37EB,樂山段,1.12,都市：住,100000,1306,持分移轉,01870000
RPTPMLOKRHMFFIF37EB,樂山段,2.11,都市：住,100000,1306,持分移轉,01880000
RPTPMLOKRHMFFIF37EB,樂山段,17.01,都市：住,100000,1306,持分移轉,01930000
RPTPMLOKRHMFFIF37EB,樂山段,.23,都市：住,100000,1306,持分移轉,01940000
RPUPMLOKRHMFFIF47EB,樂山段,2.62,都市：住,100000,1230,持分移轉,01860000
RPUPMLOKRHMFFIF47EB,樂山段,1.06,都市：住,100000,1230,持分移轉,01870000
RPUPMLOKRHMFFIF47EB,樂山段,1.99,都市：住,100000,1230,持分移轉,01880000
RPUPMLOKRHMFFIF47EB,樂山段,16.02,都市：住,100000,1230,持分移轉,01930000
RPUPMLOKRHMFFIF47EB,樂山段,.21,都市：住,100000,1230,持分移轉,01940000
RPVPMLOKRHMFFIF57EB,樂山段,3.60,都市：住,100000,1687,持分移轉,01860000
RPVPMLOKRHMFFIF57EB,樂山段,1.45,都市：住,100000,1687,持分移轉,01870000
RPVPMLOKRHMFFIF57EB,樂山段,2.72,都市：住,100000,1687,持分移轉,01880000
RPVPMLOKRHMFFIF57EB,樂山段,21.98,都市：住,100000,1687,持分移轉,01930000
RPVPMLOKRHMFFIF57EB,樂山段,.29,都市：住,100000,1687,持分移轉,01940000
RPOQMLOKRHMFFIF96EB,樂山段,2.78,都市：住,100000,1303,持分移轉,01860000
RPOQMLOKRHMFFIF96EB,樂山段,1.12,都市：住,100000,1303,持分移轉,01870000
RPOQMLOKRHMFFIF96EB,樂山段,2.10,都市：住,100000,1303,持分移轉,01880000
RPOQMLOKRHMFFIF96EB,樂山段,16.98,都市：住,100000,1303,持分移轉,01930000
RPOQMLOKRHMFFIF96EB,樂山段,.23,都市：住,100000,1303,持分移轉,01940000
RPSQMLOKRHMFFIF37EB,樂山段,3.60,都市：住,100000,1687,持分移轉,01860000
RPSQMLOKRHMFFIF37EB,樂山段,1.45,都市：住,100000,1687,持分移轉,01870000
RPSQMLOKRHMFFIF37EB,樂山段,2.72,都市：住,100000,1687,持分移轉,01880000
RPSQMLOKRHMFFIF37EB,樂山段,21.98,都市：住,100000,1687,持分移轉,01930000
RPSQMLOKRHMFFIF37EB,樂山段,.29,都市：住,100000,1687,持分移轉,01940000
RPQQMLOKRHMFFIF17EB,樂山段,2.62,都市：住,100000,1230,持分移轉,01860000
RPQQMLOKRHMFFIF17EB,樂山段,1.06,都市：住,100000,1230,持分移轉,01870000
RPQQMLOKRHMFFIF17EB,樂山段,1.99,都市：住,100000,1230,持分移轉,01880000
RPQQMLOKRHMFFIF17EB,樂山段,16.02,都市：住,100000,1230,持分移轉,01930000
RPQQMLOKRHMFFIF17EB,樂山段,.21,都市：住,100000,1230,持分移轉,01940000
RPXPMLOKRHMFFIF77EB,樂山段,3.68,都市：住,100000,1727,持分移轉,01860000
RPXPMLOKRHMFFIF77EB,樂山段,1.48,都市：住,100000,1727,持分移轉,01870000
RPXPMLOKRHMFFIF77EB,樂山段,2.79,都市：住,100000,1727,持分移轉,01880000
RPXPMLOKRHMFFIF77EB,樂山段,22.50,都市：住,100000,1727,持分移轉,01930000
RPXPMLOKRHMFFIF77EB,樂山段,.30,都市：住,100000,1727,持分移轉,01940000
RPTQMLOKRHMFFIF47EB,樂山段,2.93,都市：住,100000,1372,持分移轉,01860000
RPTQMLOKRHMFFIF47EB,樂山段,1.18,都市：住,100000,1372,持分移轉,01870000
RPTQMLOKRHMFFIF47EB,樂山段,2.22,都市：住,100000,1372,持分移轉,01880000
RPTQMLOKRHMFFIF47EB,樂山段,17.87,都市：住,100000,1372,持分移轉,01930000
RPTQMLOKRHMFFIF47EB,樂山段,.24,都市：住,100000,1372,持分移轉,01940000
RPWQMLOKRHMFFIF77EB,樂山段,2.78,都市：住,100000,1303,持分移轉,01860000
RPWQMLOKRHMFFIF77EB,樂山段,1.12,都市：住,100000,1303,持分移轉,01870000
RPWQMLOKRHMFFIF77EB,樂山段,2.10,都市：住,100000,1303,持分移轉,01880000
RPWQMLOKRHMFFIF77EB,樂山段,16.98,都市：住,100000,1303,持分移轉,01930000
RPWQMLOKRHMFFIF77EB,樂山段,.23,都市：住,100000,1303,持分移轉,01940000
RPPRMLOKRHMFFIF17EB,樂山段,2.62,都市：住,100000,1230,持分移轉,01860000
RPPRMLOKRHMFFIF17EB,樂山段,1.06,都市：住,100000,1230,持分移轉,01870000
RPPRMLOKRHMFFIF17EB,樂山段,1.99,都市：住,100000,1230,持分移轉,01880000
RPPRMLOKRHMFFIF17EB,樂山段,16.02,都市：住,100000,1230,持分移轉,01930000
RPPRMLOKRHMFFIF17EB,樂山段,.21,都市：住,100000,1230,持分移轉,01940000
RPQRMLOKRHMFFIF27EB,樂山段,2.78,都市：住,100000,1303,持分移轉,01860000
RPQRMLOKRHMFFIF27EB,樂山段,1.12,都市：住,100000,1303,持分移轉,01870000
RPQRMLOKRHMFFIF27EB,樂山段,2.10,都市：住,100000,1303,持分移轉,01880000
RPQRMLOKRHMFFIF27EB,樂山段,16.98,都市：住,100000,1303,持分移轉,01930000
RPQRMLOKRHMFFIF27EB,樂山段,.23,都市：住,100000,1303,持分移轉,01940000
RPXQMLOKRHMFFIF87EB,樂山段,2.79,都市：住,100000,1306,持分移轉,01860000
RPXQMLOKRHMFFIF87EB,樂山段,1.12,都市：住,100000,1306,持分移轉,01870000
RPXQMLOKRHMFFIF87EB,樂山段,2.11,都市：住,100000,1306,持分移轉,01880000
RPXQMLOKRHMFFIF87EB,樂山段,17.01,都市：住,100000,1306,持分移轉,01930000
RPXQMLOKRHMFFIF87EB,樂山段,.23,都市：住,100000,1306,持分移轉,01940000
RPVQMLOKRHMFFIF67EB,樂山段,2.62,都市：住,100000,1230,持分移轉,01860000
RPVQMLOKRHMFFIF67EB,樂山段,1.06,都市：住,100000,1230,持分移轉,01870000
RPVQMLOKRHMFFIF67EB,樂山段,1.99,都市：住,100000,1230,持分移轉,01880000
RPVQMLOKRHMFFIF67EB,樂山段,16.02,都市：住,100000,1230,持分移轉,01930000
RPVQMLOKRHMFFIF67EB,樂山段,.21,都市：住,100000,1230,持分移轉,01940000
RPORMLOKRHMFFIF07EB,樂山段,3.53,都市：住,100000,1655,持分移轉,01860000
RPORMLOKRHMFFIF07EB,樂山段,1.42,都市：住,100000,1655,持分移轉,01870000
RPORMLOKRHMFFIF07EB,樂山段,2.67,都市：住,100000,1655,持分移轉,01880000
RPORMLOKRHMFFIF07EB,樂山段,21.56,都市：住,100000,1655,持分移轉,01930000
RPORMLOKRHMFFIF07EB,樂山段,.29,都市：住,100000,1655,持分移轉,01940000
RPUQMLOKRHMFFIF57EB,樂山段,2.19,都市：住,100000,1028,持分移轉,01860000
RPUQMLOKRHMFFIF57EB,樂山段,.88,都市：住,100000,1028,持分移轉,01870000
RPUQMLOKRHMFFIF57EB,樂山段,1.66,都市：住,100000,1028,持分移轉,01880000
RPUQMLOKRHMFFIF57EB,樂山段,13.39,都市：住,100000,1028,持分移轉,01930000
RPUQMLOKRHMFFIF57EB,樂山段,.18,都市：住,100000,1028,持分移轉,01940000
RPRRMLOKRHMFFIF37EB,樂山段,3.68,都市：住,100000,1727,持分移轉,01860000
RPRRMLOKRHMFFIF37EB,樂山段,1.48,都市：住,100000,1727,持分移轉,01870000
RPRRMLOKRHMFFIF37EB,樂山段,2.79,都市：住,100000,1727,持分移轉,01880000
RPRRMLOKRHMFFIF37EB,樂山段,22.50,都市：住,100000,1727,持分移轉,01930000
RPRRMLOKRHMFFIF37EB,樂山段,.30,都市：住,100000,1727,持分移轉,01940000
RPSRMLOKRHMFFIF47EB,樂山段,2.78,都市：住,100000,1303,持分移轉,01860000
RPSRMLOKRHMFFIF47EB,樂山段,1.12,都市：住,100000,1303,持分移轉,01870000
RPSRMLOKRHMFFIF47EB,樂山段,2.10,都市：住,100000,1303,持分移轉,01880000
RPSRMLOKRHMFFIF47EB,樂山段,16.98,都市：住,100000,1303,持分移轉,01930000
RPSRMLOKRHMFFIF47EB,樂山段,.23,都市：住,100000,1303,持分移轉,01940000
RPVNMLTKRHMFFBF96CB,國宅段,.46,都市：住,100000,1103,持分移轉,00260008
RPVNMLTKRHMFFBF96CB,國宅段,.00,都市：住,100000,20,持分移轉,00260008
RPWNMLTKRHMFFBF07CB,國宅段,.80,都市：住,100000,1448,持分移轉,00260008
RPWNMLTKRHMFFBF07CB,國宅段,.00,都市：住,100000,20,持分移轉,00260008
RPSNMLQLRHMFFIF17CB,民生段,30.21,都市：住,10000,255,持分移轉,02430000
RPWRMLOKRHMFFIF87EB,樂山段,2.93,都市：住,100000,1372,持分移轉,01860000
RPWRMLOKRHMFFIF87EB,樂山段,1.18,都市：住,100000,1372,持分移轉,01870000
RPWRMLOKRHMFFIF87EB,樂山段,2.22,都市：住,100000,1372,持分移轉,01880000
RPWRMLOKRHMFFIF87EB,樂山段,17.87,都市：住,100000,1372,持分移轉,01930000
RPWRMLOKRHMFFIF87EB,樂山段,.24,都市：住,100000,1372,持分移轉,01940000
RPVRMLOKRHMFFIF77EB,樂山段,2.78,都市：住,100000,1305,持分移轉,01860000
RPVRMLOKRHMFFIF77EB,樂山段,1.12,都市：住,100000,1305,持分移轉,01870000
RPVRMLOKRHMFFIF77EB,樂山段,2.11,都市：住,100000,1305,持分移轉,01880000
RPVRMLOKRHMFFIF77EB,樂山段,17.00,都市：住,100000,1305,持分移轉,01930000
RPVRMLOKRHMFFIF77EB,樂山段,.23,都市：住,100000,1305,持分移轉,01940000
RPURMLOKRHMFFIF67EB,樂山段,2.78,都市：住,100000,1305,持分移轉,01860000
RPURMLOKRHMFFIF67EB,樂山段,1.12,都市：住,100000,1305,持分移轉,01870000
RPURMLOKRHMFFIF67EB,樂山段,2.11,都市：住,100000,1305,持分移轉,01880000
RPURMLOKRHMFFIF67EB,樂山段,17.00,都市：住,100000,1305,持分移轉,01930000
RPURMLOKRHMFFIF67EB,樂山段,.23,都市：住,100000,1305,持分移轉,01940000
RPXRMLOKRHMFFIF97EB,樂山段,2.51,都市：住,100000,1179,持分移轉,01860000
RPXRMLOKRHMFFIF97EB,樂山段,1.01,都市：住,100000,1179,持分移轉,01870000
RPXRMLOKRHMFFIF97EB,樂山段,1.90,都市：住,100000,1179,持分移轉,01880000
RPXRMLOKRHMFFIF97EB,樂山段,15.36,都市：住,100000,1179,持分移轉,01930000
RPXRMLOKRHMFFIF97EB,樂山段,.20,都市：住,100000,1179,持分移轉,01940000
RPTRMLOKRHMFFIF57EB,樂山段,3.60,都市：住,100000,1687,持分移轉,01860000
RPTRMLOKRHMFFIF57EB,樂山段,1.45,都市：住,100000,1687,持分移轉,01870000
RPTRMLOKRHMFFIF57EB,樂山段,2.72,都市：住,100000,1687,持分移轉,01880000
RPTRMLOKRHMFFIF57EB,樂山段,21.98,都市：住,100000,1687,持分移轉,01930000
RPTRMLOKRHMFFIF57EB,樂山段,.29,都市：住,100000,1687,持分移轉,01940000
RPVPMLPJIIMFFBF48CB,新豐段,11.31,都市：商,1000000,1469,持分移轉,00100000
RPPPMLPJIIMFFBF87CB,新豐段,9.90,都市：商,1000000,1286,持分移轉,00100000
RPRUMLTLRHMFFBF57EB,中山段,8.55,都市：工,1000000,12778,持分移轉,09990000
RPRUMLTLRHMFFBF57EB,中山段,19.40,都市：工,1000000,12778,持分移轉,10000000
RPRUMLTLRHMFFBF57EB,中山段,13.49,都市：工,1000000,12778,持分移轉,10010000
RPRUMLTLRHMFFBF57EB,中山段,13.64,都市：工,1000000,12778,持分移轉,10080000
RPPTMLTLRHMFFBF27EB,中山段,7.92,都市：工,1000000,11836,持分移轉,09990000
RPPTMLTLRHMFFBF27EB,中山段,17.97,都市：工,1000000,11836,持分移轉,10000000
RPPTMLTLRHMFFBF27EB,中山段,12.50,都市：工,1000000,11836,持分移轉,10010000
RPPTMLTLRHMFFBF27EB,中山段,12.64,都市：工,1000000,11836,持分移轉,10080000
RPPUMLTLRHMFFBF37EB,中山段,8.05,都市：工,1000000,12033,持分移轉,09990000
RPPUMLTLRHMFFBF37EB,中山段,18.27,都市：工,1000000,12033,持分移轉,10000000
RPPUMLTLRHMFFBF37EB,中山段,12.71,都市：工,1000000,12033,持分移轉,10010000
RPPUMLTLRHMFFBF37EB,中山段,12.85,都市：工,1000000,12033,持分移轉,10080000
RPUPMLPJIIMFFBF38CB,新豐段,8.33,都市：商,1000000,1082,持分移轉,00100000
RPQUMLTLRHMFFBF47EB,中山段,8.81,都市：工,1000000,13159,持分移轉,09990000
RPQUMLTLRHMFFBF47EB,中山段,19.97,都市：工,1000000,13159,持分移轉,10000000
RPQUMLTLRHMFFBF47EB,中山段,13.90,都市：工,1000000,13159,持分移轉,10010000
RPQUMLTLRHMFFBF47EB,中山段,14.05,都市：工,1000000,13159,持分移轉,10080000
RPOUMLTLRHMFFBF27EB,中山段,18.70,都市：工,1000000,12318,持分移轉,10000000
RPOUMLTLRHMFFBF27EB,中山段,13.01,都市：工,1000000,12318,持分移轉,10010000
RPOUMLTLRHMFFBF27EB,中山段,13.15,都市：工,1000000,12318,持分移轉,10080000
RPOUMLTLRHMFFBF27EB,中山段,8.24,都市：工,1000000,12318,持分移轉,09990000
RPRSMLTLRHMFFBF37EB,中山段,8.77,都市：工,1000000,13102,持分移轉,09990000
RPRSMLTLRHMFFBF37EB,中山段,19.89,都市：工,1000000,13102,持分移轉,10000000
RPRSMLTLRHMFFBF37EB,中山段,13.84,都市：工,1000000,13102,持分移轉,10010000
RPRSMLTLRHMFFBF37EB,中山段,13.99,都市：工,1000000,13102,持分移轉,10080000
RPWTMLQJIIMFFBF56DB,力行段,11.91,都市：住,10000,58,持分移轉,09230000
RPOVMLQJIIMFFBF58DB,力行段,11.91,都市：住,10000,58,持分移轉,09230000
RPXPMLPJIIMFFBF68CB,新豐段,10.05,都市：商,1000000,1305,持分移轉,00100000
RPOTMLTLRHMFFBF17EB,中山段,8.55,都市：工,1000000,12781,持分移轉,09990000
RPOTMLTLRHMFFBF17EB,中山段,19.40,都市：工,1000000,12781,持分移轉,10000000
RPOTMLTLRHMFFBF17EB,中山段,13.50,都市：工,1000000,12781,持分移轉,10010000
RPOTMLTLRHMFFBF17EB,中山段,13.65,都市：工,1000000,12781,持分移轉,10080000
RPWVMLQJIIMFFBF76DB,力行段,11.91,都市：住,10000,58,持分移轉,09230000
RPPWMLQJIIMFFBF78DB,力行段,11.91,都市：住,10000,58,持分移轉,09230000
RPOWMLQJIIMFFBF68DB,力行段,11.91,都市：住,10000,58,持分移轉,09230000
RPQVMLQJIIMFFBF78DB,力行段,11.91,都市：住,10000,58,持分移轉,09230000
RPXVMLQJIIMFFBF86DB,力行段,11.91,都市：住,10000,58,持分移轉,09230000
RPVVMLQJIIMFFBF66DB,力行段,11.91,都市：住,10000,58,持分移轉,09230000
RPXTMLQJIIMFFBF66DB,力行段,11.91,都市：住,10000,58,持分移轉,09230000
RPQWMLQJIIMFFBF88DB,力行段,9.44,都市：住,10000,46,持分移轉,09230000
RPRWMLQJIIMFFBF98DB,力行段,9.44,都市：住,10000,46,持分移轉,09230000
RPRNMLRJIIMFFBF18DB,力行段,9.44,都市：住,10000,46,持分移轉,09230000
RPUNMLRJIIMFFBF48DB,力行段,9.44,都市：住,10000,46,持分移轉,09230000
RPROMLRJIIMFFBF28DB,力行段,9.44,都市：住,10000,46,持分移轉,09230000
RPRPMLRJIIMFFBF38DB,力行段,9.44,都市：住,10000,46,持分移轉,09230000
RPTWMLQJIIMFFBF56DB,力行段,9.44,都市：住,10000,46,持分移轉,09230000
RPSNMLRJIIMFFBF28DB,力行段,9.44,都市：住,10000,46,持分移轉,09230000
RPPNMLRJIIMFFBF97DB,力行段,9.44,都市：住,10000,46,持分移轉,09230000
RPXNMLRJIIMFFBF78DB,力行段,9.44,都市：住,10000,46,持分移轉,09230000
RPUOMLRJIIMFFBF58DB,力行段,9.44,都市：住,10000,46,持分移轉,09230000
RPUNMLTJIIMFFBF68DB,力行段,9.44,都市：住,10000,46,持分移轉,09230000
RPUPMLRJIIMFFBF68DB,力行段,9.44,都市：住,10000,46,持分移轉,09230000
RPRNMLTJIIMFFBF38DB,力行段,9.44,都市：住,10000,46,持分移轉,09230000
RPVNMLTJIIMFFBF78DB,力行段,9.44,都市：住,10000,46,持分移轉,09230000
RPSNMLTJIIMFFBF48DB,力行段,9.44,都市：住,10000,46,持分移轉,09230000
RPPOMLTJIIMFFBF28DB,力行段,11.50,都市：住,10000,56,持分移轉,09230000
RPPNMLTJIIMFFBF18DB,力行段,9.44,都市：住,10000,46,持分移轉,09230000
RPVOMLTJIIMFFBF88DB,力行段,11.50,都市：住,10000,56,持分移轉,09230000
RPTNMLTJIIMFFBF58DB,力行段,9.44,都市：住,10000,46,持分移轉,09230000
RPWOMLTJIIMFFBF98DB,力行段,11.50,都市：住,10000,56,持分移轉,09230000
RPSOMLTJIIMFFBF58DB,力行段,11.50,都市：住,10000,56,持分移轉,09230000
RPXOMLTJIIMFFBF09DB,力行段,11.50,都市：住,10000,56,持分移轉,09230000
RPWNMLTJIIMFFBF88DB,力行段,9.44,都市：住,10000,46,持分移轉,09230000
RPUOMLTJIIMFFBF78DB,力行段,11.50,都市：住,10000,56,持分移轉,09230000
RPOOMLTJIIMFFBF18DB,力行段,9.44,都市：住,10000,46,持分移轉,09230000
RPQOMLTJIIMFFBF38DB,力行段,11.50,都市：住,10000,56,持分移轉,09230000
RPPNMLKKIIMFFBF37DB,力行段,9.44,都市：住,10000,46,持分移轉,09230000
RPTNMLKKIIMFFBF77DB,力行段,9.44,都市：住,10000,46,持分移轉,09230000
RPSPMLTJIIMFFBF68DB,力行段,11.50,都市：住,10000,56,持分移轉,09230000
RPRNMLKKIIMFFBF57DB,力行段,9.44,都市：住,10000,46,持分移轉,09230000
RPRPMLTJIIMFFBF58DB,力行段,11.50,都市：住,10000,56,持分移轉,09230000
RPWPMLTJIIMFFBF09DB,力行段,11.50,都市：住,10000,56,持分移轉,09230000
RPQPMLTJIIMFFBF48DB,力行段,11.50,都市：住,10000,56,持分移轉,09230000
RPSNMLKKIIMFFBF67DB,力行段,9.44,都市：住,10000,46,持分移轉,09230000
RPQNMLKKIIMFFBF47DB,力行段,9.44,都市：住,10000,46,持分移轉,09230000
RPPPMLTJIIMFFBF38DB,力行段,11.50,都市：住,10000,56,持分移轉,09230000
RPWNMLKKIIMFFBF08DB,力行段,9.44,都市：住,10000,46,持分移轉,09230000
RPVNMLKKIIMFFBF97DB,力行段,9.44,都市：住,10000,46,持分移轉,09230000
RPOOMLKKIIMFFBF37DB,力行段,9.44,都市：住,10000,46,持分移轉,09230000
RPXNMLKKIIMFFBF18DB,力行段,9.44,都市：住,10000,46,持分移轉,09230000
RPTOMLKKIIMFFBF87DB,力行段,9.44,都市：住,10000,46,持分移轉,09230000
RPQOMLKKIIMFFBF57DB,力行段,9.44,都市：住,10000,46,持分移轉,09230000
RPUNMLKKIIMFFBF87DB,力行段,9.44,都市：住,10000,46,持分移轉,09230000
RPUOMLKKIIMFFBF97DB,力行段,9.44,都市：住,10000,46,持分移轉,09230000
RPPOMLKKIIMFFBF47DB,力行段,9.44,都市：住,10000,46,持分移轉,09230000
RPROMLKKIIMFFBF67DB,力行段,9.44,都市：住,10000,46,持分移轉,09230000
RPVOMLKKIIMFFBF08DB,力行段,9.44,都市：住,10000,46,持分移轉,09230000
RPOPMLKKIIMFFBF47DB,力行段,8.62,都市：住,10000,42,持分移轉,09230000
RPXOMLKKIIMFFBF28DB,力行段,8.62,都市：住,10000,42,持分移轉,09230000
RPSPMLKKIIMFFBF87DB,力行段,8.62,都市：住,10000,42,持分移轉,09230000
RPPPMLKKIIMFFBF57DB,力行段,8.62,都市：住,10000,42,持分移轉,09230000
RPRPMLKKIIMFFBF77DB,力行段,8.62,都市：住,10000,42,持分移轉,09230000
RPVPMLKKIIMFFBF18DB,力行段,8.62,都市：住,10000,42,持分移轉,09230000
RPQPMLKKIIMFFBF67DB,力行段,8.62,都市：住,10000,42,持分移轉,09230000
RPTPMLKKIIMFFBF97DB,力行段,8.62,都市：住,10000,42,持分移轉,09230000
RPWPMLKKIIMFFBF28DB,力行段,12.32,都市：住,10000,60,持分移轉,09230000
RPOQMLKKIIMFFBF57DB,力行段,12.32,都市：住,10000,60,持分移轉,09230000
RPUPMLKKIIMFFBF08DB,力行段,8.62,都市：住,10000,42,持分移轉,09230000
RPPQMLKKIIMFFBF67DB,力行段,12.32,都市：住,10000,60,持分移轉,09230000
RPRQMLKKIIMFFBF87DB,力行段,12.32,都市：住,10000,60,持分移轉,09230000
RPQQMLKKIIMFFBF77DB,力行段,12.32,都市：住,10000,60,持分移轉,09230000
RPXPMLKKIIMFFBF38DB,力行段,12.32,都市：住,10000,60,持分移轉,09230000
RPSQMLKKIIMFFBF97DB,力行段,12.32,都市：住,10000,60,持分移轉,09230000
RPSPMLOLIIMFFBF38DB,力行段,11.50,都市：住,10000,56,持分移轉,09230000
RPQPMLOLIIMFFBF18DB,力行段,11.50,都市：住,10000,56,持分移轉,09230000
RPXQMLKKIIMFFBF48DB,力行段,12.32,都市：住,10000,60,持分移轉,09230000
RPXOMLLKIIMFFBF28CB,新豐段,9.85,都市：商,1000000,1279,持分移轉,00100000
RPTQMLKKIIMFFBF08DB,力行段,12.32,都市：住,10000,60,持分移轉,09230000
RPOPMLOLIIMFFBF97DB,力行段,9.44,都市：住,10000,46,持分移轉,09230000
RPUPMLOLIIMFFBF58DB,力行段,9.44,都市：住,10000,46,持分移轉,09230000
RPPPMLLKIIMFFBF57CB,新豐段,7.43,都市：商,1000000,965,持分移轉,00100000
