﻿編號,土地位置,土地移轉面積(平方公尺),使用分區或編定,權利人持分分母,權利人持分分子,移轉情形,地號
The serial number, land position,land shifting area square meter,the use zoning or compiles and checks,,,,land parcel
RPVNMLLJQHMFFBF68CC,泰林段,.00,都市：住,,,,13150001
RPPOMLLJQHMFFAF08CC,江子翠段第二崁小段,11.26,都市：住,,,,00700006
RPTOMLLJQHMFFBF58CC,國宅段,145.34,都市：住,,,,00270009
RPUNMLLJQHMFFBF58CC,成福段,.00,都市：住,,,,02660000
RPSNMLLJQHMFFBF38CC,芳洲段,.00,都市：住,,,,00300000
RPOPMLLJQHMFFAF08CC,介壽段,.00,都市：商,,,,04980000
RPOOMLLJQHMFFHF68CC,瓦?段,19.88,都市：住,,,,00490000
RPQRMLLJQHMFFEF88CC,公司田段,31.78,都市：住,,,,01270000
RPOPMLLJQHMFFEF48CC,大義段,14.47,都市：其他:,,,,05000000
RPOPMLLJQHMFFEF48CC,大義段,17.24,都市：其他:,,,,05010000
RPPOMLLJQHMFFHF78CC,瓦?段,19.88,都市：住,,,,00490000
RPRNMLLJQHMFFDF58DC,大同段,12.36,都市：商,,,,02160000
RPUNMLMJQHMFFIF76CC,十三添段打鐵坑小段,5.50,非都市：山坡地保育區 ; 非都市編定：丙種建築用地,,,,00760016
RPUNMLMJQHMFFIF76CC,十三添段打鐵坑小段,3.50,非都市：山坡地保育區 ; 非都市編定：丙種建築用地,,,,00760017
RPUNMLMJQHMFFIF76CC,十三添段打鐵坑小段,41.50,非都市：山坡地保育區 ; 非都市編定：丙種建築用地,,,,00770009
RPUNMLMJQHMFFIF76CC,十三添段打鐵坑小段,41.50,非都市：山坡地保育區 ; 非都市編定：丙種建築用地,,,,00770010
RPRNMLMJQHMFFEF68CC,水仙段,2.26,都市：住,,,,00670000
RPRNMLMJQHMFFEF68CC,水仙段,.42,都市：住,,,,00670003
RPQNMLMJQHMFFEF58CC,海天段,.02,都市：住,,,,06420000
RPQNMLMJQHMFFEF58CC,海天段,2.91,都市：住,,,,06530000
RPQNMLMJQHMFFEF58CC,海天段,.00,都市：住,,,,06420003
RPQNMLMJQHMFFEF58CC,海天段,.21,都市：住,,,,06530004
RPQNMLMJQHMFFEF58CC,海天段,.01,都市：住,,,,06530005
RPWNMLMJQHMFFGF76CC,興德段,.00,都市：工,,,,03700000
RPSNMLMJQHMFFBF48CC,副都心段一小段,34.40,都市：商,,,,03050000
RPSTMLLJQHMFFBF98CC,副都心段五小段,10.37,都市：住,,,,00080000
RPOPMLMJQHMFFBF28CC,同興段,23.28,都市：住,,,,00440000
RPOOMLMJQHMFFBF18CC,光明段,.00,都市：住,,,,01580000
RPXPMLMJQHMFFBF56CC,五工段,1002.65,非都市：工業區 ; 非都市編定：丁種建築用地,,,,00930000
RPTPMLMJQHMFFBF78CC,中原段,30.16,都市：住,,,,00290000
RPSQMLMJQHMFFBF78CC,榮富段,11.33,都市：住,,,,09390000
RPTOMLLJQHMFFHF56CC,廟美段,20.17,都市：住,,,,00490000
RPROMLLJQHMFFHF98CC,瓦?段,18.15,都市：住,,,,00490000
RPWPMLMJQHMFFBF09CC,副都心段一小段,14.11,都市：商,,,,03990000
RPRPMLMJQHMFFBF58CC,榮富段,12.46,都市：住,,,,08920000
RPSOMLLJQHMFFHF09CC,瓦?段,18.44,都市：住,,,,00490000
RPVNMLNJQHMFFEF56CC,新市段,.00,都市：住,,,,00120000
RPWNMLNJQHMFFEF66CC,淡海段,.00,都市：住,,,,00850000
RPVOMLNJQHMFFAF88CC,新興段,.00,都市：住,,,,10920000
RPPPMLNJQHMFFEF78CC,海天段,13.55,都市：商,,,,02250000
RPSPMLNJQHMFFAF68CC,幸福段,.00,都市：商,,,,10480000
RPSQMLNJQHMFFAF78CC,埔墘段,.00,都市：住,,,,00430000
RPORMLMJQHMFFBF48CC,和平段,17.85,都市：住,,,,07710000
RPPRMLMJQHMFFBF58CC,昌隆段,15.57,都市：住,,,,00010000
RPVQMLMJQHMFFBF09CC,楓江段,17.99,都市：住,,,,00340000
RPXQMLMJQHMFFBF66CC,信華段一小段,20.91,都市：住,,,,00260000
RPVNMLNJQHMFFBF88CC,副都心段一小段,.00,都市：商,,,,03990000
RPXNMLOJQHMFFIF27CC,永昌段,41.76,都市：住,,,,01550000
RPQNMLOJQHMFFAF38CC,沛陂段,4667.23,都市：工,,,,00950000
RPPNMLOJQHMFFCF48CC,惠國段,.00,都市：住,,,,04770000
RPOPMLOJQHMFFAF38CC,城林段,130.84,都市：工,,,,00610000
RPSNMLOJQHMFFAF58CC,重慶段,.00,都市：其他:(市場用地),,,,06070000
RPTNMLMJQHMFFDF98EC,保長段,5.43,都市：住,,,,10540000
RPQNMLOJQHMFFCF58CC,寶元段,.00,都市：工,,,,02730000
RPPNMLOJQHMFFEF68CC,新市段,22.45,都市：住,,,,02110000
RPQNMLOJQHMFFDF68CC,智興段,.00,都市：商,,,,04410000
RPSNMLOJQHMFFDF88CC,智興段,.00,都市：商,,,,04710000
RPSNMLOJQHMFFDF88CC,智興段,.00,都市：住,,,,04760000
RPXNMLNJQHMFFDF66CC,同新段,.73,都市：工,,,,00060000
RPXNMLNJQHMFFDF66CC,昊天段,8.30,都市：工,,,,08720000
RPPOMLNJQHMFFDF58CC,同新段,.73,都市：工,,,,00060000
RPPOMLNJQHMFFDF58CC,昊天段,8.30,都市：工,,,,08720000
RPWNMLPJQHMFFBF56CC,貴和段,14.29,都市：住,,,,07810000
RPRNMLPJQHMFFBF68CC,副都心段一小段,184.27,都市：商,,,,04020000
RPVNMLPJQHMFFBF09CC,榮富段,15.31,都市：住,,,,08350000
RPQOMLOJQHMFFBF58CC,力行段,19.94,都市：住,,,,05100000
RPOOMLPJQHMFFBF48CC,思賢段,45.47,都市：住,,,,00030000
RPQNMLPJQHMFFBF58CC,榮富段,15.84,都市：住,,,,08460000
RPPNMLPJQHMFFBF48CC,中原段,40.43,都市：住,,,,02310000
RPQOMLPJQHMFFBF68CC,復興段,.00,都市：住,,,,03230000
RPPOMLPJQHMFFBF58CC,思賢段,.00,都市：住,,,,06680000
RPROMLPJQHMFFBF78CC,立言段,5.18,都市：住,,,,00120000
RPPNMLQJQHMFFEF88CC,正德段,6.10,都市：其他:,,,,07440000
RPSOMLPJQHMFFBF88CC,中原段,20.14,都市：住,,,,02480000
RPPNMLQJQHMFFIF66CC,大學段二小段,19.24,都市：商,,,,00910000
RPQNMLQJQHMFFEF98CC,新市段,18.32,都市：其他:,,,,00580000
RPTOMLRJQHMFFIF27CC,大學段二小段,16.67,都市：商,,,,00900000
RPROMLRJQHMFFDF56CC,中正段,9.70,都市：住,,,,17540000
RPPOMLRJQHMFFDF98CC,智興段,6.00,都市：住,,,,02890000
RPUPMLRJQHMFFDF96CC,昊天段,11.43,都市：工,,,,08720000
RPUPMLRJQHMFFDF96CC,同新段,.36,都市：工,,,,00060000
RPRNMLRJQHMFFHF86CC,信義段,36.75,都市：住,,,,02370000
RPRNMLRJQHMFFHF86CC,信義段,12.50,都市：住,,,,02380000
RPXOMLRJQHMFFIF67CC,大學段一小段,10.07,都市：商,,,,00530000
RPXNMLRJQHMFFHF47CC,林森段,.00,都市：住,,,,01110000
RPSNMLRJQHMFFDF56CC,智興段,.00,都市：商,,,,02650000
RPSNMLRJQHMFFDF56CC,智興段,.00,都市：其他:道路用地,,,,02650001
RPQOMLRJQHMFFHF86CC,健康段,.00,都市：工,,,,11590000
RPSOMLRJQHMFFDF66CC,智興段,8.10,都市：住,,,,00480000
RPRPMLRJQHMFFHF07CC,秀山段,4.36,都市：住,,,,07410000
RPSPMLRJQHMFFHF17CC,秀山段,4.13,都市：住,,,,05970000
RPVPMLRJQHMFFEF17CC,海鷗段,.00,非都市： ; 非都市編定：,,,,01260000
RPPPMLRJQHMFFHF86CC,仁愛段,.00,都市：商,,,,02940000
RPXOMLRJQHMFFEF27CC,公司田段,44.00,都市：住,,,,01920000
RPWPMLRJQHMFFEF27CC,滬尾段,.00,非都市： ; 非都市編定：,,,,04140000
RPWPMLRJQHMFFEF27CC,滬尾段,.00,非都市： ; 非都市編定：,,,,04230000
RPUOMLRJQHMFFBF66CC,福營段,1173.11,都市：工,,,,01430000
RPQNMLSJQHMFFBF88CC,國宅段,12.25,都市：住,,,,00090003
RPTOMLRJQHMFFAF09CC,運校段,.00,都市：住,,,,06720000
RPQOMLSJQHMFFBF98CC,行政段,37.77,都市：住,,,,01210000
RPTNMLSJQHMFFBF56CC,德音段,18.25,都市：住,,,,06870000
RPQPMLSJQHMFFEF76CC,新市段,22.50,都市：住,,,,00810000
RPPRMLSJQHMFFAF09CC,文化段,2.01,都市：住,,,,11980000
RPTQMLSJQHMFFHF47CC,安邦段,.00,都市：住,,,,01350000
RPQQMLSJQHMFFHF17CC,中興段,.00,都市：住,,,,01340000
RPQQMLSJQHMFFHF17CC,中興段,.00,都市：住,,,,01350000
RPQQMLSJQHMFFHF17CC,中興段,.00,都市：住,,,,01360000
RPWQMLSJQHMFFHF77CC,永利段,.00,都市：住,,,,00310000
RPXOMLSJQHMFFDF27CC,同新段,1.05,都市：工,,,,00060000
RPXOMLSJQHMFFDF27CC,昊天段,33.69,都市：工,,,,08720000
RPXQMLSJQHMFFHF87CC,民富段,24.26,都市：住,,,,11100000
RPTNMLRJQHMFFCF56CC,北宜段,.00,都市：其他:(捷運系統用地),,,,02980000
RPUNMLRJQHMFFCF66CC,寶強段,19.72,都市：住,,,,04890000
RPSNMLRJQHMFFCF09CC,秀水段,.00,都市：住,,,,10110000
RPUPMLSJQHMFFDF07CC,智興段,440.00,都市：住,,,,07160000
RPPPMLSJQHMFFDF56CC,保安段,39.93,都市：工,,,,11910000
RPSNMLSJQHMFFIF17CC,大學段二小段,46.75,都市：住,,,,00110000
RPSPMLRJQHMFFIF27CC,大學段一小段,21.66,都市：住,,,,00690000
RPRPMLSJQHMFFDF76CC,工建段,27.54,都市：工,,,,06730000
RPQPMLSJQHMFFDF66CC,昊天段,42.15,都市：工,,,,10860000
RPPPMLRJQHMFFIF96CC,大學段一小段,16.26,都市：住,,,,00110000
RPUNMLSJQHMFFIF47DC,國姓段,4.88,都市：住,,,,13690000
RPWSMLSJQHMFFEF87EC,天生段,7.09,都市：住,,,,04070000
RPQPMLRJQHMFFIF07CC,大學段一小段,5.34,都市：住,,,,00910000
RPPNMLSJQHMFFGF86EC,中興段,.00,都市：工,,,,07930000
RPOPMLTJQHMFFEF66CC,馬偕段,7.03,都市：工,,,,01960000
RPTNMLTJQHMFFAF76EC,清水段,41.03,都市：住,,,,12450000
RPWOMLTJQHMFFIF77CC,復興段,.00,都市：住,,,,12810000
RPORMLSJQHMFFAF09DC,員和段,24.65,都市：住,,,,00360000
RPTOMLTJQHMFFIF47CC,復興段,18.10,都市：商,,,,05400000
RPTOMLTJQHMFFAF66CC,公館段,34.69,都市：住,,,,06960000
RPXOMLTJQHMFFAF07CC,埔墘段,50.00,都市：住,,,,00330149
RPXNMLTJQHMFFBF07CC,國宅段,10.26,都市：住,,,,00050027
RPXNMLSJQHMFFCF07CC,安德段,.00,都市：住,,,,01130000
RPPOMLTJQHMFFBF98CC,中誠段,.00,都市：住,,,,07820000
RPUNMLKKQHMFFEF88CC,馬偕段,5.67,都市：工,,,,01960000
RPUOMLKKQHMFFBF68CC,中泰段,15.93,都市：住,,,,06360000
RPXVMLTJQHMFFBF87CC,國宅段,23.95,都市：住,,,,00180014
RPXOMLTJQHMFFBF17CC,國宅段,15.15,都市：住,,,,00050015
RPTOMLTJQHMFFBF76CC,忠孝段,16.38,都市：住,,,,04460000
RPPOMLKKQHMFFEF48CC,馬偕段,5.67,都市：工,,,,01960000
RPVNMLKKQHMFFEF98CC,馬偕段,9.07,都市：工,,,,01960000
RPQOMLKKQHMFFEF58CC,馬偕段,5.78,都市：工,,,,01960000
RPWOMLKKQHMFFDF56DC,長安段,306.33,都市：工,,,,09290000
RPWPMLLKQHMFFHF17DC,雙和段,.00,都市：商,,,,00160000
RPQOMLKKQHMFFHF88CC,連城段,.00,都市：住,,,,01670000
RPTNMLLKQHMFFHF56CC,連城段,.00,都市：住,,,,00510000
RPWNMLLKQHMFFIF96CC,大學段一小段,5.88,都市：住,,,,01840000
RPXSMLSJQHMFFEF97EC,中興段,45.65,都市：住,,,,05080000
RPUNMLLKQHMFFEF98CC,飛歌段,.00,都市：住,,,,02550000
RPVPMLTJQHMFFCF17CC,民權段,.00,都市：住,,,,02010000
RPOOMLTJQHMFFCF98CC,寶元段,56.30,都市：工,,,,02730000
RPOOMLTJQHMFFCF98CC,寶元段,.01,都市：其他:道路,,,,02730001
RPOOMLTJQHMFFCF98CC,寶元段,.48,都市：其他:道路,,,,02730002
RPPNMLLKQHMFFCF28CC,大豐段,.00,都市：住,,,,00150000
RPPNMLKKQHMFFCF18CC,寶強段,.00,都市：住,,,,07480000
RPRNMLLKQHMFFAF28CC,中山段,.00,都市：其他:,,,,06680022
RPVOMLLKQHMFFBF88CC,榮富段,27.20,都市：住,,,,07520000
RPVQMLLKQHMFFBF09CC,副都心段一小段,.00,都市：商,,,,02810002
RPQNMLLKQHMFFCF38CC,北宜段,.00,都市：其他:(捷運系統用地),,,,02980000
RPXRMLLKQHMFFBF76CC,芳洲段,.00,都市：住,,,,01550000
RPPSMLLKQHMFFBF68CC,芳洲段,.00,都市：住,,,,02250000
RPPNMLMKQHMFFAF18CC,江子翠段新埔小段,31.20,都市：住,,,,00130009
RPORMLOKQHMFFAF88EC,亞東段,13.59,都市：住,,,,05930000
RPXPMLLKQHMFFHF17CC,健康段,.00,都市：工,,,,10650000
RPPRMLLKQHMFFHF56CC,中原段,.00,都市：工,,,,08410000
RPPQMLLKQHMFFIF56CC,國慶段,.00,都市：住,,,,10110000
RPRNMLKKQHMFFDF48CC,智興段,.00,都市：商,,,,04710000
RPRNMLKKQHMFFDF48CC,智興段,.00,都市：住,,,,04760000
RPSNMLOKQHMFFIF86CC,備內段,.00,都市：住,,,,04400000
RPSNMLKKQHMFFDF58CC,智興段,.00,都市：商,,,,04710000
RPSNMLKKQHMFFDF58CC,智興段,.00,都市：住,,,,04760000
RPPNMLOKQHMFFDF68CC,新峰段,40.33,都市：住,,,,11480000
RPSNMLOKQHMFFHF76CC,健康段,.00,都市：工,,,,08390000
RPOOMLOKQHMFFHF09CC,福和段,.00,都市：商,,,,09860000
RPSNMLOKQHMFFAF68CC,大庭段,.00,都市：住,,,,01990000
RPUNMLOKQHMFFHF96CC,健康段,55.58,都市：工,,,,01970000
RPVNMLOKQHMFFHF07CC,中原段,.00,都市：工,,,,01090000
RPQOMLOKQHMFFHF66CC,員山段,.00,都市：住,,,,04560000
RPTNMLOKQHMFFAF78CC,大庭段,.00,都市：住,,,,11830004
RPTNMLOKQHMFFCF98CC,大豐段,.00,都市：住,,,,00660000
RPUNMLOKQHMFFCF09CC,大豐段,.00,都市：住,,,,00050000
RPWNMLOKQHMFFCF66CC,順安段,.00,都市：住,,,,04500000
RPROMLOKQHMFFCF88CC,復興段,.00,都市：工,,,,05350000
RPSOMLOKQHMFFCF98CC,民安段,.54,都市：住,,,,03530000
RPOOMLOKQHMFFEF78CC,海天段,28.80,都市：住,,,,01820002
RPXNMLOKQHMFFEF96CC,海天段,16.60,都市：住,,,,02180000
RPRSMLLKQHMFFBF88CC,御史段,.00,都市：住,,,,02800000
RPOTMLPKQHMFFBF09CC,芳洲段,.00,都市：住,,,,01550000
RPSNMLOKQHMFFBF78CC,力行段,.00,都市：住,,,,05100000
RPVPMLOKQHMFFBF66CC,榮富段,14.74,都市：住,,,,08940000
RPUSMLLKQHMFFBF56CC,明志段,.00,都市：住,,,,04880000
RPTNMLPKQHMFFHF96CC,仁愛段,.00,都市：其他:交通用地,,,,02850000
RPQTMLPKQHMFFBF66CC,芳洲段,.00,都市：住,,,,02580000
RPWOMLPKQHMFFEF07CC,海天段,.00,非都市： ; 非都市編定：,,,,04600000
RPUNMLPKQHMFFHF07CC,仁愛段,.00,都市：其他:交通用地,,,,02850000
RPUNMLPKQHMFFCF56CC,中華段,.00,都市：其他:交通用地,,,,01150000
RPPOMLOKQHMFFDF78CC,保安段,28.52,都市：工,,,,11910000
RPQNMLPKQHMFFDF88CC,昊天段,10.34,都市：工,,,,08720000
RPQNMLPKQHMFFDF88CC,同新段,.32,都市：工,,,,00060000
RPSNMLPKQHMFFDF09CC,北山段,25.73,都市：其他:,,,,02560000
RPROMLPKQHMFFIF96CC,大學段二小段,11.22,都市：商,,,,00930000
RPPPMLPKQHMFFDF98CC,智興段,.00,都市：商,,,,05000000
RPWOMLPKQHMFFIF47CC,安溪段,13.82,都市：住,,,,13870000
RPSOMLPKQHMFFIF07CC,大學段一小段,10.07,都市：商,,,,00530000
RPPPMLPKQHMFFHF96EC,圓通段,.00,都市：住,,,,05770000
RPTOMLPKQHMFFIF17CC,大學段一小段,5.88,都市：住,,,,01840000
RPQPMLPKQHMFFHF07EC,仁和段,.00,都市：住,,,,04950000
RPVNMLQKQHMFFHF47EC,復興段,46.70,都市：住,,,,00610000
RPRPMLPKQHMFFHF17EC,樂華段,.00,都市：商,,,,08570000
RPWNMLQKQHMFFHF57EC,華中段,40.74,都市：住,,,,00470000
RPTQMLQKQHMFFIF47CC,大同段,114.00,都市：工,,,,03660009
RPXQMLQKQHMFFIF87CC,仁愛段,18.15,都市：住,,,,05050000
RPWPMLQKQHMFFEF27CC,公司田段,23.16,都市：住,,,,01360000
RPWNMLQKQHMFFCF86CC,北新段,.00,都市：其他:道路,,,,05480001
RPWNMLQKQHMFFCF86CC,北新段,.00,都市：住,,,,05480000
RPRNMLOKQHMFFEF98CC,新市段,22.45,都市：住,,,,02110000
RPUNMLOKQHMFFEF66CC,公司田段,42.97,都市：住,,,,00800000
RPUOMLLKQHMFFEF09CC,海天段,18.40,都市：住,,,,01880000
RPUPMLQKQHMFFBF76CC,麗林段,.00,都市：住,,,,03330000
RPTPMLQKQHMFFBF66CC,國宅段,17.59,都市：住,,,,00950002
RPVNMLPKQHMFFHF17CC,仁愛段,.00,都市：其他:交通用地,,,,02850000
RPRPMLQKQHMFFHF07CC,健康段,.00,都市：工,,,,06910000
RPWNMLPKQHMFFGF17CC,正義段,.00,都市：商,,,,00300000
RPPNMLMKQHMFFGF78CC,成功段,.00,都市：住,,,,00420000
RPPNMLMKQHMFFGF78CC,成功段,.00,都市：住,,,,00430000
RPXOMLRKQHMFFAF96CC,文化段,2.35,都市：住,,,,11980000
RPOQMLRKQHMFFEF66CC,馬偕段,6.69,都市：工,,,,01960000
RPORMLRKQHMFFBF09CC,國宅段,12.60,都市：住,,,,00170002
RPQRMLRKQHMFFBF66CC,和平段,64.85,都市：住,,,,02500000
RPURMLRKQHMFFBF07CC,力行段,.00,都市：住,,,,04220000
RPWOMLRKQHMFFBF96CC,全安段,28.20,都市：住,,,,01700000
RPWPMLQKQHMFFBF96CC,芳洲段,.00,都市：住,,,,01440000
RPTOMLRKQHMFFBF66CC,芳洲段,64.56,都市：住,,,,02160000
RPRRMLRKQHMFFHF37CC,板南段,.00,都市：工,,,,03110000
RPORMLRKQHMFFHF07CC,橋和段,.00,都市：工,,,,01880000
RPSRMLRKQHMFFHF47CC,華中段,24.46,都市：住,,,,00600000
RPRNMLRKQHMFFAF09EC,江子翠段第一崁小段,124.00,都市：商,,,,01020124
RPWNMLRKQHMFFGF37CC,幸福段,.00,都市：住,,,,19110000
RPRRMLSKQHMFFAF96EC,金城段,.00,都市：住,,,,01780000
RPWRMLRKQHMFFBF27CC,建林段,19.41,都市：住,,,,01430000
RPSRMLSKQHMFFAF07EC,幸福段,.00,都市：商,,,,10480000
RPRQMLRKQHMFFAF56CC,新板段三小段,.00,都市：其他:第二種特定專用區,,,,00240000
RPVPMLRKQHMFFAF86CC,江子翠段第二崁小段,32.25,都市：住,,,,01560043
RPTPMLRKQHMFFAF66CC,江子翠段第一崁小段,.00,都市：住,,,,01030011
RPOPMLSKQHMFFCF09CC,莊敬段,.00,都市：工,,,,07820000
RPSPMLSKQHMFFCF86CC,中正段,40.92,都市：住,,,,09810000
RPROMLRKQHMFFDF66CC,智興段,.00,都市：商,,,,04410000
RPXNMLSKQHMFFBF07CC,麗林段,.00,都市：住,,,,01920000
RPQOMLRKQHMFFDF56CC,智興段,.00,都市：住,,,,02650000
RPQOMLRKQHMFFDF56CC,智興段,.00,都市：其他:道路用地,,,,02650001
RPVNMLRKQHMFFDF96CC,智興段,.00,都市：住,,,,01040000
RPPOMLRKQHMFFDF09CC,智興段,.00,都市：住,,,,02650000
RPPOMLRKQHMFFDF09CC,智興段,.00,都市：其他:道路用地,,,,02650001
RPUOMLRKQHMFFDF96CC,智興段,.00,都市：商,,,,04410000
RPQNMLSKQHMFFDF56CC,智興段,.00,都市：住,,,,02650000
RPQNMLSKQHMFFDF56CC,智興段,.00,都市：其他:道路用地,,,,02650001
RPXOMLLLQHMFFBF56CC,麗林段,.00,都市：商,,,,04070004
RPOPMLSKQHMFFBF98CC,林口段,104.73,都市：商,,,,04550000
RPQNMLTKQHMFFBF09CC,芳洲段,.00,都市：商,,,,01360000
RPSOMLSKQHMFFBF66CC,國宅段,15.47,都市：住,,,,00110002
RPPNMLTKQHMFFBF98CC,陸光段,.00,都市：住,,,,05260000
RPSNMLLLQHMFFAF48CC,中山段,.00,都市：住,,,,00240000
RPRRMLSKQHMFFBF86CC,雙鳳段,.00,都市：住,,,,06950000
RPSPMLLLQHMFFDF98CC,昊天段,1079.70,都市：工,,,,08720000
RPOOMLLLQHMFFDF48CC,崇德段,18.54,都市：住,,,,01320000
RPPOMLLLQHMFFIF09CC,復興段,30.00,都市：住,,,,09670000
RPQOMLLLQHMFFIF56CC,復興段,32.25,都市：住,,,,09340000
RPPNMLLLQHMFFHF88CC,健康段,.00,都市：工,,,,11590000
RPQNMLLLQHMFFHF98CC,健康段,34.17,都市：工,,,,11590000
RPTPMLLLQHMFFDF66EC,保長段,9.25,都市：住,,,,09950000
RPUPMLLLQHMFFAF09EC,公館段,.00,非都市： ; 非都市編定：,,,,05730000
RPWNMLLLQHMFFGF86CC,過田段,.00,都市：商,,,,10110000
RPWNMLLLQHMFFGF86CC,過田段,.00,都市：商,,,,10060000
RPRQMLLLQHMFFAF68CC,大安段,51.64,都市：工,,,,07450000
RPPOMLMLQHMFFEF88DC,龍米段,2.73,都市：住,,,,24310000
RPVNMLMLQHMFFDF76EC,保長段,4.04,都市：住,,,,09950000
RPOOMLLLQHMFFHF88CC,健康段,.00,都市：工,,,,11600000
RPXNMLMLQHMFFDF96EC,保長段,3.91,都市：住,,,,09950000
RPTOMLSKQHMFFEF07CC,馬偕段,5.67,都市：工,,,,01960000
RPUNMLMLQHMFFDF66EC,保長段,8.60,都市：住,,,,09950000
RPROMLSKQHMFFEF86CC,馬偕段,6.69,都市：工,,,,01960000
RPVOMLSKQHMFFEF27CC,海天段,27.39,都市：住,,,,02160000
RPWNMLMLQHMFFDF86EC,保長段,6.71,都市：住,,,,09950000
RPTOMLMLQHMFFDF66EC,保長段,3.90,都市：住,,,,09950000
RPPPMLMLQHMFFDF98EC,保長段,3.91,都市：住,,,,09950000
RPQQMLMLQHMFFHF76CC,保平段,16.02,都市：住,,,,09850000
RPOOMLMLQHMFFDF78EC,建成段,6.86,都市：住,,,,03270000
RPRQMLMLQHMFFHF86CC,信義段,.00,都市：住,,,,06990000
RPRPMLMLQHMFFDF56EC,保長段,7.82,都市：住,,,,09950000
RPVQMLMLQHMFFHF27CC,民權段,.00,都市：住,,,,00850000
RPQPMLMLQHMFFDF09EC,保長段,7.56,都市：住,,,,09950000
RPTRMLMLQHMFFHF17CC,三民段,.00,都市：住,,,,01840000
RPROMLMLQHMFFIF76CC,大學段二小段,5.80,都市：住,,,,00360007
RPROMLMLQHMFFIF76CC,大學段二小段,.59,都市：住,,,,00360008
RPROMLMLQHMFFIF76CC,大學段二小段,.45,都市：住,,,,00360011
RPPOMLMLQHMFFAF38CC,幸福段,.00,都市：住,,,,12750000
RPVOMLMLQHMFFAF98CC,金城段,.00,都市：住,,,,03990000
RPUOMLMLQHMFFIF07CC,大學段一小段,32.88,都市：住,,,,01870001
RPWOMLMLQHMFFEF86CC,公司田段,21.87,都市：其他:,,,,01340000
RPVPMLMLQHMFFBF56CC,國宅段,26.04,都市：住,,,,00180012
RPTNMLMLQHMFFEF09CC,馬偕段,5.67,都市：工,,,,01960000
RPXOMLNLQHMFFCF86CC,寶元段,.00,都市：工,,,,02730000
RPQPMLNLQHMFFCF88CC,寶強段,.00,非都市： ; 非都市編定：,,,,10320000
RPUPMLMLQHMFFAF98CC,文化段,2.77,都市：住,,,,11980000
RPOQMLNLQHMFFAF58CC,成功段,6248.80,都市：住,,,,03390000
RPXOMLNLQHMFFAF66CC,仁愛段,.00,都市：其他:通訊數位專用區,,,,11990001
RPSNMLNLQHMFFAF68CC,樂利段,4.73,都市：住,,,,10110000
RPWNMLNLQHMFFHF17CC,四維段,.00,都市：住,,,,02560000
RPVNMLNLQHMFFHF07CC,圓通段,10.18,都市：住,,,,05330000
RPUNMLNLQHMFFHF96CC,四維段,17.37,都市：住,,,,01470000
RPQOMLNLQHMFFHF66CC,南工段,27.23,都市：住,,,,03990000
RPXNMLNLQHMFFHF27CC,大同段,.00,都市：住,,,,02220000
RPQNMLMLQHMFFGF98CC,成功段,.00,都市：商,,,,12170000
RPPOMLMLQHMFFDF68CC,智興段,.00,都市：商,,,,05110000
RPQTMLNLQHMFFBF66DC,和平段,.00,都市：住,,,,07890000
RPWRMLNLQHMFFBF96CC,立德段,.00,都市：住,,,,10100000
RPXQMLMLQHMFFBF86CC,副都心段一小段,13.46,都市：商,,,,03990000
RPTRMLMLQHMFFBF56CC,林口段,55.06,都市：住,,,,01700000
RPOPMLOLQHMFFAF78EC,篤行段,17.92,都市：住,,,,01860000
RPQNMLOLQHMFFAF58CC,江子翠段第二崁小段,.00,都市：住,,,,01570000
RPQPMLOLQHMFFAF78CC,文化段,2.35,都市：住,,,,11980000
RPOPMLOLQHMFFHF66CC,莊敬段,.00,都市：住,,,,00340000
RPRPMLOLQHMFFAF88CC,江子翠段第二崁小段,.00,都市：商,,,,01800007
RPWOMLOLQHMFFEF07CC,新市段,23.62,都市：其他:,,,,00870000
RPXPMLOLQHMFFBF96CC,自立段,.00,都市：住,,,,00040000
RPVNMLPLQHMFFBF66CC,國宅段,5.70,都市：商,,,,00050016
RPRSMLOLQHMFFBF66CC,合鳳段,.00,都市：工,,,,06090000
RPRSMLOLQHMFFBF66CC,合鳳段,.00,都市：其他:溝渠用地,,,,06090001
RPVRMLPLQHMFFBF07CC,安泰段,11122.57,都市：工,,,,05470000
RPVTMLPLQHMFFBF27CC,中原段,20.14,都市：住,,,,02480000
RPOQMLPLQHMFFEF56CC,水仙段,4.15,都市：住,,,,00670000
RPOQMLPLQHMFFEF56CC,水仙段,.77,都市：住,,,,00670003
RPVUMLPLQHMFFBF37CC,中原段,.00,都市：住,,,,00560000
RPROMLPLQHMFFHF96CC,健康段,.00,都市：工,,,,02330000
RPTOMLPLQHMFFHF17CC,中原段,.00,都市：工,,,,05230000
RPUOMLPLQHMFFHF27CC,安樂段,.00,都市：住,,,,04730000
RPUOMLPLQHMFFHF27CC,安樂段,.00,都市：住,,,,05000000
RPVOMLPLQHMFFHF37CC,信義段,.00,都市：商,,,,02500000
RPUQMLPLQHMFFEF17CC,公司田段,19.06,都市：住,,,,01880000
RPUOMLPLQHMFFDF86CC,環河段,413.81,都市：工,,,,12520000
RPUOMLPLQHMFFDF86CC,環河段,909.81,都市：工,,,,12560000
RPUOMLOLQHMFFCF66CC,明德段,.00,都市：住,,,,01330000
RPUOMLOLQHMFFCF66CC,明德段,.00,都市：住,,,,01340000
RPRNMLOLQHMFFCF88CC,北宜段,.00,都市：其他:(捷運系統用地),,,,02980000
RPQPMLOLQHMFFCF98CC,寶橋段,69.69,都市：工,,,,00630000
RPSOMLPLQHMFFHF17DC,莒光段,20.23,都市：住,,,,03310000
RPXOMLPLQHMFFHF67DC,健康段,27.04,都市：工,,,,10650000
RPPOMLNLQHMFFIF66CC,大學段二小段,16.79,都市：商,,,,00940000
RPSNMLQLQHMFFDF66CC,智興段,.00,都市：住,,,,01040000
RPOOMLNLQHMFFIF56CC,二橋段,31.21,都市：商,,,,00780000
RPUNMLQLQHMFFEF96CC,淡海段,26.44,都市：住,,,,00790000
RPQNMLQLQHMFFBF88CC,榮富段,18.40,都市：住,,,,08530000
RPRNMLQLQHMFFBF98CC,中原段,22.38,都市：商,,,,01930000
RPSNMLQLQHMFFBF09CC,榮富段,14.37,都市：住,,,,08920000
RPTNMLQLQHMFFBF56CC,榮富段,15.51,都市：住,,,,09060001
RPUNMLQLQHMFFBF66CC,自強段,26.46,都市：住,,,,02810000
RPVNMLQLQHMFFBF76CC,榮富段,34.61,都市：住,,,,07260000
RPOOMLQLQHMFFBF78CC,榮富段,17.55,都市：住,,,,09290000
RPXNMLQLQHMFFBF96CC,信華段一小段,27.89,都市：住,,,,00260000
RPWNMLQLQHMFFBF86CC,思源段,28.36,都市：住,,,,16080000
RPSOMLSLQHMFFBF76CC,力行段,.00,都市：商,,,,02590001
RPWOMLSLQHMFFBF17CC,昌隆段,.00,都市：住,,,,05130000
RPUOMLSLQHMFFBF96CC,榮富段,8.60,都市：住,,,,09060000
RPVPMLSLQHMFFBF17CC,副都心段五小段,13.83,都市：住,,,,00080000
RPQPMLSLQHMFFBF66CC,副都心段一小段,8.39,都市：商,,,,00670000
RPWPMLSLQHMFFBF27CC,昌隆段,15.57,都市：住,,,,00010000
RPOQMLSLQHMFFBF56CC,芳洲段,19.55,都市：住,,,,00300000
RPPQMLSLQHMFFBF66CC,復興段,86.99,都市：住,,,,00060000
RPWOMLPLQHMFFHF67EC,新和段,.00,都市：住,,,,07080000
RPXQMLNLQHMFFHF77EC,新和段,22.06,都市：住,,,,03790000
RPWQMLNLQHMFFHF67EC,板南段,.00,都市：工,,,,03820000
RPWQMLNLQHMFFHF67EC,板南段,.00,都市：工,,,,03820001
RPSNMLPLQHMFFHF17EC,得林段,.00,都市：住,,,,08610000
RPORMLNLQHMFFHF96EC,華中段,27.19,都市：住,,,,00480000
RPRRMLSLQHMFFBF96CC,新工段一小段,.00,非都市：工業區 ; 非都市編定：丁種建築用地,,,,00310000
RPTRMLSLQHMFFBF17CC,興化段,.00,都市：工,,,,03870000
RPTSMLSLQHMFFBF27CC,瓊泰段,67.34,都市：住,,,,04100000
RPPSMLSLQHMFFBF86CC,昌隆段,29.55,都市：住,,,,05130000
RPWSMLSLQHMFFBF57CC,丹鳳段,5.27,都市：其他:市場用地,,,,04620000
RPOSMLSLQHMFFBF76CC,榮富段,13.14,都市：住,,,,08500000
RPXRMLSLQHMFFBF57CC,昌隆段,17.17,都市：住,,,,06540000
RPURMLSLQHMFFBF27CC,榮富段,26.22,都市：住,,,,07520000
RPVNMLSLQHMFFIF67CC,文化段,8.52,都市：住,,,,03460000
RPWOMLSLQHMFFAF07CC,民權段,28.76,都市：住,,,,02670000
RPWOMLSLQHMFFAF07CC,民權段,.06,都市：住,,,,02670001
RPWOMLSLQHMFFAF07CC,民權段,.03,都市：住,,,,02670002
RPWOMLSLQHMFFAF07CC,民權段,.02,都市：住,,,,02670003
RPOOMLSLQHMFFCF09CC,寶強段,.00,都市：住,,,,06010000
RPOOMLSLQHMFFCF09CC,寶強段,.00,都市：住,,,,06010001
RPRPMLSLQHMFFAF66CC,公館段,38.00,都市：其他:,,,,02560000
RPOOMLSLQHMFFCF09CC,寶強段,.00,都市：其他:道路用地,,,,06010002
RPOOMLSLQHMFFCF09CC,寶強段,.00,都市：住,,,,06010003
RPQOMLSLQHMFFIF27CC,大學段一小段,26.17,都市：商,,,,00520000
RPXNMLSLQHMFFCF27CC,惠國段,.00,都市：住,,,,06400000
RPSOMLSLQHMFFIF47CC,民權段,5.99,都市：商,,,,01960000
RPWRMLSLQHMFFBF57DC,富國段,16.08,都市：住,,,,05570000
RPOQMLSLQHMFFGF07CC,碧華段,.00,都市：工,,,,04020000
RPTQMLSLQHMFFGF57CC,重新段壹小段,.00,都市：住,,,,00630036
RPSQMLSLQHMFFGF47CC,碧華段,.00,都市：工,,,,04020000
RPSRMLSLQHMFFBF17DC,光榮段,23.79,都市：住,,,,00540000
RPPNMLTLQHMFFDF66CC,同新段,.00,都市：工,,,,00130000
RPPOMLTLQHMFFHF17CC,南山段,25.94,都市：住,,,,00770000
RPTOMLKMQHMFFEF09CC,新興段,33.60,都市：住,,,,00640000
RPVNMLKMQHMFFEF56CC,公司田段,28.09,都市：其他:,,,,01920000
RPWOMLTLQHMFFEF57CC,公司田段,25.39,都市：其他:,,,,01880000
RPSOMLTLQHMFFEF17CC,公司田段,13.05,都市：其他:,,,,01880000
RPROMLTLQHMFFEF07CC,公司田段,12.16,都市：其他:,,,,01880000
RPUOMLTLQHMFFEF37CC,公司田段,19.00,都市：其他:,,,,01880000
RPQOMLSLQHMFFEF86CC,馬偕段,5.78,都市：工,,,,01960000
RPUOMLSLQHMFFEF27CC,新興段,12.84,都市：住,,,,05980000
RPVOMLTLQHMFFEF47CC,天生段,7.05,都市：住,,,,09940000
RPVNMLQLQHMFFEF07CC,新市段,26.73,都市：住,,,,02110000
RPPNMLKMQHMFFAF18CC,員仁段,.00,都市：工,,,,05920000
RPPNMLKMQHMFFBF28CC,泰山段一小段,.00,都市：商,,,,04510001
RPOPMLKMQHMFFEF68CC,下圭柔山段,165.30,都市：工,,,,03450004
RPRPMLKMQHMFFEF98CC,紅毛城段,201.83,都市：住,,,,08310000
RPRPMLKMQHMFFEF98CC,紅毛城段,81.30,都市：住,,,,08320000
RPRPMLKMQHMFFEF98CC,紅毛城段,2.27,都市：住,,,,08330000
RPRNMLKMQHMFFAF38CC,頂福段,.00,都市：住,,,,00220000
RPRNMLKMQHMFFHF09CC,水源段,.00,都市：商,,,,06000000
RPVOMLKMQHMFFHF96CC,信和段,.00,都市：住,,,,00010000
RPTNMLKMQHMFFDF88CC,同新段,.50,都市：工,,,,00060000
RPTNMLKMQHMFFDF88CC,昊天段,16.18,都市：工,,,,08720000
RPSNMLKMQHMFFDF78CC,環河段,102.17,都市：工,,,,08420000
RPQOMLKMQHMFFIF56CC,鳳福段,61.78,都市：住,,,,12800000
RPWNMLKMQHMFFDF56CC,環河段,234.00,都市：工,,,,01730000
RPVOMLKMQHMFFGF07EC,菜寮段,.00,都市：住,,,,17380000
RPQNMLLMQHMFFDF68CC,智興段,.00,都市：住,,,,08170000
RPPOMLLMQHMFFDF68CC,福德段,3.05,都市：住,,,,08560000
RPPOMLLMQHMFFDF68CC,福德段,30.00,都市：住,,,,08510000
RPVOMLLMQHMFFHF07CC,四維段,.00,都市：住,,,,02040000
RPOPMLLMQHMFFHF09CC,仁愛段,.00,都市：住,,,,04380000
RPQPMLLMQHMFFHF66CC,永安段,17.29,都市：住,,,,02110000
RPXOMLLMQHMFFHF27CC,保福段,.00,都市：住,,,,09030000
RPPPMLLMQHMFFHF56CC,南山段,.00,都市：住,,,,07050000
RPOOMLLMQHMFFAF28CC,文化段,2.18,都市：住,,,,11980000
RPOPMLLMQHMFFAF38CC,文化段,2.18,都市：住,,,,11980000
RPUOMLKMQHMFFAF78CC,江子翠段第二崁小段,.00,都市：商,,,,01980000
RPRRMLLMQHMFFAF88CC,公館段,45.00,都市：住,,,,13000000
RPQRMLLMQHMFFAF78CC,文化段,2.35,都市：住,,,,11980000
RPQNMLLMQHMFFEF78CC,竹圍段,.00,都市：商,,,,04330000
RPPOMLLMQHMFFEF78CC,海天段,19.97,都市：住,,,,04020000
RPROMLLMQHMFFEF98CC,海鷗段,17.83,都市：商,,,,11920000
RPSOMLLMQHMFFEF09CC,水仙段,1.99,都市：住,,,,00670000
RPSOMLLMQHMFFEF09CC,水仙段,.37,都市：住,,,,00670003
RPWOMLLMQHMFFEF86CC,水仙段,2.27,都市：住,,,,00670000
RPOPMLLMQHMFFEF78CC,馬偕段,6.69,都市：工,,,,01960000
RPPOMLLJRHMFFDF48CC,智興段,7.44,都市：住,,,,02650000
RPPOMLLJRHMFFDF48CC,智興段,.07,都市：其他:,,,,02650001
RPQOMLLJRHMFFDF58CC,智興段,6.21,都市：住,,,,01040000
RPSRMLLJRHMFFAF88DC,和平段,21.77,都市：住,,,,08130000
RPTNMLLJRHMFFCF68CC,安和段,.02,都市：工,,,,02250000
RPTNMLLJRHMFFCF68CC,安和段,.05,都市：工,,,,02500000
RPTNMLLJRHMFFCF68CC,安和段,29.28,都市：工,,,,02590000
RPWNMLLMQHMFFCF56CC,寶強段,.00,都市：其他:捷運系統用地,,,,10680000
RPPNMLMJRHMFFIF98CC,安溪段,6.71,都市：住,,,,08610000
RPQNMLMJRHMFFIF09CC,大學段二小段,5.80,都市：住,,,,00360007
RPQNMLMJRHMFFIF09CC,大學段二小段,.59,都市：住,,,,00360008
RPQNMLMJRHMFFIF09CC,大學段二小段,.45,都市：住,,,,00360011
RPRNMLMJRHMFFIF56CC,大學段一小段,10.97,都市：商,,,,00490000
RPPNMLMJRHMFFCF38CC,建國段,.00,都市：住,,,,02650000
RPRPMLOJRHMFFCF98CC,大豐段,.00,都市：住,,,,00380000
RPPQMLKMQHMFFBF58CC,五工段,702.80,非都市：工業區 ; 非都市編定：丁種建築用地,,,,01260000
RPXNMLLJRHMFFBF98CC,國宅段,45.21,都市：住,,,,00270000
RPUQMLKMQHMFFBF09CC,新豐段,.00,都市：商,,,,00100000
RPVRMLOJRHMFFBF86CC,力行段,16.16,都市：住,,,,00210000
RPORMLOJRHMFFBF78CC,建林段,43.56,都市：住,,,,04220000
RPUPMLKMQHMFFBF98CC,丹鳳段,13.56,都市：住,,,,06980000
RPRNMLOJRHMFFDF88CC,智興段,.00,都市：商,,,,04410000
RPXNMLOJRHMFFGF17CC,樹德段,.00,都市：住,,,,03510000
RPPNMLPJRHMFFGF09CC,光華段,.00,都市：住,,,,14090000
RPPOMLPJRHMFFAF78EC,城林段,163.81,都市：工,,,,03900000
RPROMLPJRHMFFHF86CC,樂華段,.00,都市：商,,,,06250000
RPOOMLPJRHMFFHF56CC,信和段,25.92,都市：住,,,,00470000
RPSOMLPJRHMFFHF96CC,東南段,.00,都市：住,,,,07260000
RPWQMLLJRHMFFAF09CC,公館段,.00,都市：住,,,,13190005
RPWQMLLJRHMFFAF09CC,公館段,.00,都市：住,,,,13200033
RPPNMLPJRHMFFAF48CC,新興段,.00,都市：商,,,,01480000
RPPNMLPJRHMFFAF48CC,新興段,.00,都市：商,,,,01480001
RPXNMLQJRHMFFAF76CC,和平段,.00,都市：住,,,,02050000
RPQNMLPJRHMFFAF58CC,江子翠段第二崁小段,.00,都市：住,,,,02310000
RPROMLQJRHMFFAF88CC,江子翠段第二崁小段,5.46,都市：商,,,,01800007
RPWOMLQJRHMFFEF17CC,海天段,.01,都市：住,,,,06420000
RPWOMLQJRHMFFEF17CC,海天段,.00,都市：住,,,,06420003
RPWOMLQJRHMFFEF17CC,海天段,1.31,都市：住,,,,06530000
RPWOMLQJRHMFFEF17CC,海天段,.10,都市：住,,,,06530004
RPWOMLQJRHMFFEF17CC,海天段,.00,都市：住,,,,06530005
RPWOMLQJRHMFFEF17CC,海天段,.01,都市：住,,,,06420000
RPWOMLQJRHMFFEF17CC,海天段,.00,都市：住,,,,06420003
RPWOMLQJRHMFFEF17CC,海天段,1.31,都市：住,,,,06530000
RPWOMLQJRHMFFEF17CC,海天段,.10,都市：住,,,,06530004
RPWOMLQJRHMFFEF17CC,海天段,.00,都市：住,,,,06530005
RPVRMLQJRHMFFEF37CC,中興段,.00,都市：住,,,,01530000
RPRRMLQJRHMFFEF96CC,公司田段,7.52,都市：住,,,,00350000
RPRNMLQJRHMFFHF86CC,健康段,33.91,都市：工,,,,02580000
RPSNMLQJRHMFFHF96CC,板南段,27.63,都市：工,,,,03110000
RPPPMLQJRHMFFDF09CC,金龍段,.39,都市：其他:風景區,,,,00060000
RPPPMLQJRHMFFDF09CC,金龍段,.45,非都市：山坡地保育區 ; 非都市編定：丙種建築用地,,,,12770000
RPPPMLQJRHMFFDF09CC,金龍段,.01,都市：其他:風景區,,,,12770001
RPPPMLQJRHMFFDF09CC,金龍段,.01,都市：其他:風景區,,,,12770002
RPXOMLQJRHMFFDF37EC,智興段,42.60,都市：住,,,,12530000
RPPOMLQJRHMFFGF66CC,中興段,.00,都市：工,,,,00180000
RPPPMLQJRHMFFHF96DC,板南段,.00,都市：工,,,,03820000
RPPPMLQJRHMFFHF96DC,板南段,.00,都市：其他:道路用地,,,,03820001
RPOOMLRJRHMFFGF66CC,重新段壹小段,.00,都市：住,,,,00230002
RPVNMLRJRHMFFDF96CC,金龍段,.00,都市：住,,,,03150000
RPSOMLRJRHMFFIF27CC,大湖段大湖小段,39.50,非都市：一般農業區 ; 非都市編定：甲種建築用地,,,,01200010
RPTPMLQJRHMFFBF66CC,中興段,.00,都市：工,,,,01240000
RPPRMLPJRHMFFBF98CC,副都心段七小段,40.50,都市：住,,,,01230000
RPVQMLPJRHMFFBF86CC,副都心段九小段,33.76,都市：住,,,,00390000
RPRRMLPJRHMFFBF56CC,佳林段,53.53,都市：住,,,,07740000
RPRNMLRJRHMFFHF96CC,大仁段,.00,都市：住,,,,06570000
RPPQMLRJRHMFFBF09CC,榮富段,6.11,都市：住,,,,03870000
RPRQMLRJRHMFFBF66CC,副都心段九小段,54.65,都市：住,,,,00290000
RPSQMLRJRHMFFBF76CC,榮富段,10.97,都市：住,,,,09290000
RPVOMLRJRHMFFBF86CC,芳洲段,.00,都市：住,,,,01520000
RPRPMLRJRHMFFBF56CC,芳洲段,.00,都市：住,,,,01700000
RPSPMLRJRHMFFBF66CC,泰山段一小段,.00,都市：住,,,,06700007
RPXNMLRJRHMFFEF27CC,公司田段,14.93,都市：住,,,,00100001
RPOOMLRJRHMFFEF09CC,公司田段,15.55,都市：住,,,,00350000
RPQOMLRJRHMFFEF66CC,學府段,34.84,都市：住,,,,03920000
RPVOMLRJRHMFFEF17CC,樹林口段樹林口小段,.00,非都市：山坡地保育區 ; 非都市編定：丙種建築用地,,,,01420000
RPWOMLRJRHMFFEF27CC,馬偕段,8.39,都市：工,,,,01960000
RPUNMLSJRHMFFAF66CC,延和段,27.92,都市：住,,,,05120000
RPQOMLRJRHMFFAF88CC,學成段,.00,都市：住,,,,06680000
RPSOMLSJRHMFFAF56CC,板院段,6.91,都市：住,,,,01370000
RPTOMLSJRHMFFAF66CC,文化段,2.10,都市：住,,,,11980000
RPXPMLRJRHMFFBF17CC,復興段,45.45,都市：住,,,,03230000
RPSNMLSJRHMFFEF86CC,新興段,2.59,都市：住,,,,06470000
RPOPMLLJRHMFFHF88CC,健康段,71.35,都市：工,,,,11290000
RPXNMLSJRHMFFEF37CC,大崁段,147.23,都市：住,,,,01790000
RPWPMLLMQHMFFHF27CC,健康段,.00,都市：工,,,,11290000
RPQNMLMJRHMFFHF98CC,信和段,16.48,都市：住,,,,01030000
RPXNMLSJRHMFFHF67CC,瓦?段,.00,都市：住,,,,07420000
RPOOMLSJRHMFFHF86CC,瓦?段,.00,都市：住,,,,07420000
RPOOMLSJRHMFFEF56CC,新市段,19.84,都市：其他:,,,,02110000
RPPOMLSJRHMFFHF96CC,瓦?段,.00,都市：住,,,,07420000
RPSOMLSJRHMFFHF27CC,公園段,20.20,都市：住,,,,04670000
RPUOMLSJRHMFFHF47CC,福和段,.00,都市：商,,,,09430000
RPUOMLSJRHMFFHF47CC,福和段,.00,都市：住,,,,09430001
RPRNMLSJRHMFFGF96CC,正民段,.00,都市：住,,,,08250000
RPOPMLSJRHMFFHF96CC,永安段,.00,都市：商,,,,05220000
RPROMLSJRHMFFGF07CC,大有段,2162.94,非都市：一般農業區 ; 非都市編定：農牧用地,,,,03810000
RPUOMLLKRHMFFHF86CC,秀山段,39.71,都市：住,,,,07130000
RPXOMLLKRHMFFHF17CC,四維段,.00,都市：住,,,,03770000
RPPPMLSJRHMFFAF98CC,埔墘段,50.00,都市：住,,,,00330149
RPTPMLLKRHMFFHF86CC,南山段,.00,都市：住,,,,06860000
RPTPMLLKRHMFFHF86CC,南山段,.00,都市：住,,,,06870000
RPVPMLLKRHMFFHF07CC,大智段,.00,都市：住,,,,05970000
RPUQMLLKRHMFFHF07CC,南山段,.00,都市：住,,,,03500000
RPXPMLLKRHMFFBF66CC,中原段,23.67,都市：住,,,,00600000
RPPNMLLKRHMFFDF48CC,水源段,.00,都市：住,,,,00010000
RPPNMLLKRHMFFDF48CC,水源段,.00,都市：其他:保護區,,,,00010001
RPUNMLLKRHMFFDF98CC,叭嗹港段叭嗹港口小段,.00,非都市：鄉村區 ; 非都市編定：乙種建築用地,,,,02360056
RPTQMLLKRHMFFBF98CC,榮富段,14.91,都市：住,,,,09060000
RPPRMLLKRHMFFBF68CC,榮富段,19.74,都市：住,,,,01830000
RPUQMLLKRHMFFBF09CC,合鳳段,8.62,都市：住,,,,02500000
RPRRMLLKRHMFFBF88CC,副都心段一小段,33.37,都市：住,,,,01990000
RPSTMLLKRHMFFBF56CC,同榮段,.00,都市：住,,,,07880000
RPRTMLLKRHMFFBF09CC,成福段,.00,都市：住,,,,04480000
RPXOMLLKRHMFFAF09CC,江子翠段溪頭小段,.00,都市：住,,,,01070004
RPXOMLLKRHMFFAF09CC,江子翠段溪頭小段,.00,都市：住,,,,01090002
RPVTMLLKRHMFFAF76CC,幸福段,.00,都市：住,,,,01220000
RPXQMLRJRHMFFBF27CC,中誠段,23.88,都市：住,,,,08000000
RPTPMLLKRHMFFBF88CC,副都心段一小段,12.61,都市：住,,,,03290000
RPWQMLRJRHMFFBF17CC,榮富段,14.00,都市：住,,,,08530000
RPRQMLSJRHMFFBF76CC,力行段,10.62,都市：住,,,,09370000
RPVNMLMKRHMFFAF88CC,新板段二小段,.00,都市：其他:(第二種特定專區),,,,00130000
RPXNMLMKRHMFFAF09CC,港子嘴段,.00,都市：住,,,,01160000
RPVNMLMKRHMFFEF66CC,竹圍段,.00,都市：商,,,,03900000
RPQOMLMKRHMFFAF48CC,中山段,9.39,都市：其他:第一種特定專用區,,,,06680000
RPQNMLMKRHMFFDF68CC,智興段,.00,都市：商,,,,04410000
RPSPMLMKRHMFFEF56CC,竹圍段,28.81,都市：住,,,,03900000
RPUQMLMKRHMFFHF17CC,大仁段,.00,都市：住,,,,06570000
RPPRMLMKRHMFFHF76CC,永平段,.00,都市：住,,,,06200000
RPOSMLMKRHMFFHF76CC,中安段,.00,都市：商,,,,06460000
RPOSMLMKRHMFFHF76CC,中安段,.00,都市：住,,,,06510000
RPQSMLMKRHMFFHF96CC,台貿段,.00,都市：住,,,,05110000
RPXSMLMKRHMFFHF67CC,南工段,.00,都市：住,,,,04320000
RPVOMLNKRHMFFHF17CC,安邦段,.00,都市：住,,,,09630000
RPWOMLNKRHMFFHF27CC,民樂段,.00,都市：住,,,,05100000
RPXOMLNKRHMFFHF37CC,連城段,.00,都市：住,,,,01220000
RPSPMLNKRHMFFHF96CC,福祥段,.00,都市：住,,,,04660001
RPVPMLNKRHMFFHF27CC,圓通段,.00,都市：住,,,,02120000
RPUQMLNKRHMFFHF27CC,台貿段,.00,都市：住,,,,02870000
RPUNMLNKRHMFFAF98DC,成功段,6.71,都市：住,,,,05450000
RPUNMLNKRHMFFAF98DC,成功段,3.77,都市：商,,,,03770000
RPVNMLOKRHMFFBF66DC,忠孝段,179.96,都市：住,,,,06870000
RPVNMLOKRHMFFBF66DC,忠孝段,176.73,都市：住,,,,06880000
RPTOMLPJRHMFFCF56CC,建國段,.00,都市：住,,,,03360000
RPVOMLPJRHMFFCF76CC,秀岡一段,311.40,都市：住,,,,00770000
RPTOMLPJRHMFFCF56CC,建國段,.00,都市：住,,,,03460000
RPUOMLMKRHMFFCF09CC,中華段,.00,都市：其他:捷運系統用地,,,,07500000
RPUNMLLKRHMFFCF88CC,北宜段,.00,都市：其他:捷運系統用地,,,,02980000
RPROMLSJRHMFFCF66CC,行政段,23.32,都市：住,,,,01870000
RPPNMLLKRHMFFEF58CC,海天段,.00,都市：住,,,,06420003
RPPNMLLKRHMFFEF58CC,海天段,2.62,都市：住,,,,06530000
RPPNMLLKRHMFFEF58CC,海天段,.02,都市：住,,,,06420000
RPPNMLLKRHMFFEF58CC,海天段,.19,都市：住,,,,06530004
RPPNMLLKRHMFFEF58CC,海天段,.01,都市：住,,,,06530005
RPVNMLOKRHMFFDF76CC,中正段,.00,都市：住,,,,15600000
RPOPMLOKRHMFFDF88CC,昊天段,.00,都市：工,,,,06450000
RPQNMLOKRHMFFHF66CC,健康段,31.23,都市：工,,,,05630000
RPWNMLOKRHMFFIF37CC,大學段二小段,37.52,都市：住,,,,00110000
RPXNMLOKRHMFFIF47CC,大學段二小段,40.64,都市：商,,,,00900000
RPTOMLOKRHMFFIF17CC,大學段二小段,17.95,都市：住,,,,00740000
RPXNMLNKRHMFFIF37CC,三福段,1.24,都市：住,,,,02880000
RPXNMLNKRHMFFIF37CC,三福段,.71,都市：住,,,,02890000
RPXNMLNKRHMFFIF37CC,三福段,.27,都市：住,,,,02900000
RPXNMLNKRHMFFIF37CC,三福段,36.51,都市：住,,,,02910000
RPUOMLOKRHMFFGF07CC,富貴段,.00,都市：住,,,,05000000
RPQNMLOKRHMFFCF78CC,中華段,.00,都市：住,,,,03610000
RPUNMLPKRHMFFCF66CC,北新段,.00,都市：其他:道路,,,,05480001
RPUNMLPKRHMFFCF66CC,北新段,.00,都市：住,,,,05480000
RPUPMLPKRHMFFAF66CC,忠義段,.00,都市：工,,,,04110000
RPVQMLOKRHMFFEF17CC,正德段,.00,都市：住,,,,06360000
RPUPMLPKRHMFFEF07CC,馬偕段,5.67,都市：工,,,,01960000
RPWRMLPKRHMFFAF07CC,振興段,.00,都市：住,,,,00570000
RPUNMLPKRHMFFGF07CC,仁義段,.00,都市：住,,,,02880000
RPSOMLPKRHMFFGF07DC,集美段,.00,都市：住,,,,05390000
RPWRMLPKRHMFFBF17CC,自立段,.00,都市：商,,,,10970000
RPXOMLPKRHMFFEF37DC,正德段,35.93,都市：住,,,,06270000
RPPNMLQKRHMFFDF98CC,智興段,.00,都市：住,,,,00720000
RPQNMLQKRHMFFDF09CC,智興段,.00,都市：住,,,,13980000
RPSNMLQKRHMFFAF98CC,新板段三小段,.00,都市：其他:,,,,00250000
RPQPMLSKRHMFFAF56CC,公館段,.00,都市：住,,,,09700000
RPWOMLSKRHMFFCF27CC,寶元段,.00,都市：工,,,,01740000
RPXNMLSKRHMFFBF17CC,同興段,7.27,都市：商,,,,01490000
RPTOMLSKRHMFFBF86CC,芳洲段,.00,都市：住,,,,01700000
RPUQMLSKRHMFFBF17CC,光明段,.00,都市：住,,,,01580000
RPTNMLSKRHMFFDF96CC,智興段,.00,都市：商,,,,05070000
RPPOMLSKRHMFFGF07DC,富貴段,.00,都市：住,,,,02230000
RPSOMLTKRHMFFHF57DC,水源段,3.41,都市：商,,,,02770000
RPUNMLTKRHMFFGF67EC,興德段,.00,都市：工,,,,07220000
RPVSMLOKRHMFFBF07CC,民安段,78.66,都市：工,,,,02100000
RPOTMLOKRHMFFBF09CC,思源段,38.12,都市：住,,,,03330001
RPTNMLTKRHMFFHF47CC,林森段,20.77,都市：住,,,,07310000
RPVNMLTKRHMFFEF37CC,鄧公段,41.49,都市：其他:空白,,,,04550000
RPTPMLKLRHMFFEF56CC,馬偕段,6.81,都市：工,,,,01960000
RPPNMLKLRHMFFBF28CC,芳洲段,.00,都市：商,,,,01410000
RPQNMLKLRHMFFBF38CC,芳洲段,.00,都市：商,,,,01410000
RPRNMLKLRHMFFBF48CC,成福段,127.49,都市：商,,,,03930000
RPUNMLKLRHMFFBF78CC,芳洲段,.00,都市：住,,,,02160000
RPQOMLKLRHMFFCF58CC,寶橋段,281.95,都市：工,,,,04380000
RPPPMLSKRHMFFCF66CC,寶元段,.00,都市：工,,,,01740000
RPSRMLKLRHMFFBF98CC,麗林段,15.51,都市：商,,,,04070004
RPUUMLKLRHMFFBF86CC,成功段,.00,都市：住,,,,06760000
RPTUMLKLRHMFFBF76CC,芳洲段,.00,都市：住,,,,01550000
RPVUMLKLRHMFFBF96CC,陸光段,.00,都市：住,,,,02550000
RPSPMLKLRHMFFHF76CC,民治段,.00,都市：住,,,,09930000
RPWUMLKLRHMFFBF07CC,文程段,.00,都市：住,,,,12830000
RPUPMLKLRHMFFHF96CC,福和段,.00,都市：商,,,,09430000
RPUPMLKLRHMFFHF96CC,福和段,.00,都市：住,,,,09430001
RPUPMLKLRHMFFHF96CC,福和段,.00,都市：商,,,,09420000
RPVPMLKLRHMFFHF07CC,正南段,.00,都市：住,,,,05400000
RPRQMLKLRHMFFHF76CC,民樂段,.00,都市：住,,,,01250000
RPRQMLKLRHMFFHF76CC,民樂段,.00,都市：住,,,,01260000
RPOQMLKLRHMFFHF09CC,竹林段,.00,都市：住,,,,04210000
RPROMLSKRHMFFDF86CC,保長段,6.77,都市：住,,,,09950000
RPTOMLTKRHMFFDF17CC,北山段,996.32,都市：工,,,,01770000
RPVNMLKLRHMFFIF96CC,武林段,22.67,都市：住,,,,13880000
RPUQMLKLRHMFFHF07CC,大華段,.00,都市：住,,,,02850000
RPTQMLKLRHMFFHF96CC,南山段,.00,都市：住,,,,08020000
RPVQMLKLRHMFFHF17CC,保生段,.00,都市：住,,,,04420000
RPPQMLKLRHMFFAF58DC,文化段,5.12,都市：住,,,,11980000
RPPNMLLLRHMFFGF88CC,新海段,.00,都市：住,,,,11570000
RPSOMLKLRHMFFGF56CC,重新段壹小段,.00,都市：商,,,,00460026
RPTOMLLLRHMFFDF09CC,橫科段橫科小段,3235.00,非都市：山坡地保育區 ; 非都市編定：農牧用地,,,,03520002
RPQOMLLLRHMFFHF56CC,秀峰段,.00,都市：住,,,,01960000
RPPPMLLLRHMFFBF58CC,國宅段,100.23,都市：住,,,,00360010
RPRPMLLLRHMFFBF78CC,新工段一小段,.00,非都市：工業區 ; 非都市編定：丁種建築用地,,,,00310000
RPTPMLLLRHMFFBF98CC,新工段一小段,.00,非都市：工業區 ; 非都市編定：丁種建築用地,,,,00310000
RPQPMLLLRHMFFBF68CC,副都心段一小段,.00,都市：商,,,,03050000
RPOOMLLLRHMFFAF28CC,江子翠段第三崁小段,4.28,都市：其他:捷運系統用地,,,,03280000
RPRPMLLLRHMFFCF88CC,寶元段,.00,都市：工,,,,02730000
RPXOMLLLRHMFFEF96CC,正德段,30.56,都市：其他:,,,,05680000
RPOPMLLLRHMFFEF78CC,新市段,17.18,都市：住,,,,00870000
RPPQMLLLRHMFFAF58CC,江子翠段第一崁小段,26.50,都市：住,,,,00980005
RPXOMLMLRHMFFEF07CC,正德段,18.05,都市：住,,,,01980000
RPOPMLMLRHMFFEF88CC,中興段,8.63,都市：住,,,,04100000
RPOOMLMLRHMFFEF78CC,新市段,17.89,都市：住,,,,00870000
RPTOMLMLRHMFFEF66CC,馬偕段,5.78,都市：工,,,,01960000
RPWOMLMLRHMFFEF96CC,中興段,22.61,都市：住,,,,02860000
RPQOMLMLRHMFFAF58CC,篤行段,29.57,都市：住,,,,04000000
RPTNMLMLRHMFFBF88CC,新知段,1109.90,都市：商,,,,00770000
RPPNMLNLRHMFFBF58CC,芳洲段,.00,都市：住,,,,00280000
RPPNMLMLRHMFFCF58CC,復興段,.00,都市：工,,,,05880000
RPRNMLNLRHMFFBF78CC,泰林段,.00,都市：工,,,,00330000
RPSNMLNLRHMFFBF88CC,芳洲段,.00,都市：商,,,,01410000
RPWNMLNLRHMFFBF66CC,副都心段五小段,10.37,都市：住,,,,00080000
RPPNMLOLRHMFFEF98CC,中正段,3.82,都市：住,,,,01960000
RPPNMLOLRHMFFEF98CC,中正段,3.31,都市：住,,,,01990000
RPPNMLOLRHMFFEF98CC,中正段,5.87,都市：住,,,,01980000
RPPNMLOLRHMFFEF98CC,中正段,2.73,都市：住,,,,02010000
RPPNMLOLRHMFFEF98CC,中正段,7.06,都市：住,,,,02020000
RPQNMLOLRHMFFEF09CC,公司田段,21.58,都市：住,,,,00350000
RPRNMLOLRHMFFEF56CC,學府段,8.09,都市：住,,,,06260000
RPUNMLPLRHMFFEF96CC,海天段,.02,都市：住,,,,06420000
RPUNMLPLRHMFFEF96CC,海天段,.00,都市：住,,,,06420003
RPUNMLPLRHMFFEF96CC,海天段,2.62,都市：住,,,,06530000
RPUNMLPLRHMFFEF96CC,海天段,1.92,都市：住,,,,06530004
RPUNMLPLRHMFFEF96CC,海天段,.01,都市：住,,,,06530005
RPTNMLOKRHMFFBF98CC,瓊泰段,446.30,都市：商,,,,05550002
RPUOMLMKRHMFFBF98CC,成福段,.00,都市：住,,,,11330000
RPWOMLOKRHMFFBF76CC,副都心段一小段,.00,都市：商,,,,00090000
RPTQMLPLRHMFFEF17CC,飛歌段,.00,都市：工,,,,10140000
RPQOMLMKRHMFFBF58CC,芳洲段,.00,都市：商,,,,01360000
RPPOMLOKRHMFFBF68CC,國宅段,.00,都市：住,,,,00170001
RPUQMLPLRHMFFAF86CC,江子翠段第二崁小段,11.77,都市：住,,,,02300000
RPTRMLPLRHMFFHF57CC,福和段,.00,都市：商,,,,14660000
RPURMLPLRHMFFHF67CC,南山段,.00,都市：其他:部分住宅區部分捷運系統用地,,,,08540000
RPROMLPLRHMFFIF17CC,大學段二小段,27.14,都市：商,,,,00880000
RPOSMLPLRHMFFHF17CC,景新段,.00,都市：住,,,,06560000
RPSOMLPLRHMFFIF27CC,大學段一小段,106.15,都市：住,,,,00390000
RPVNMLPLRHMFFGF27CC,永安段,.00,都市：住,,,,18130000
RPXNMLPLRHMFFDF37EC,環河段,.00,非都市： ; 非都市編定：,,,,00300000
RPXOMLQLRHMFFIF97DC,中華段,24.25,都市：住,,,,00140000
RPSNMLQLRHMFFDF76CC,崇德段,.00,都市：住,,,,05230000
RPSNMLRLRHMFFIF37CC,武林段,225.27,都市：工,,,,07970000
RPSNMLRLRHMFFIF37CC,武林段,509.61,都市：其他:部分乙種工業區部分道路用地,,,,07930000
RPUNMLRLRHMFFIF57CC,大學段一小段,5.34,都市：住,,,,00910000
RPOOMLNLRHMFFBF58CC,副都心段七小段,27.51,都市：住,,,,00360000
RPXPMLPLRHMFFBF17CC,力行段,29.07,都市：住,,,,02630000
RPROMLNLRHMFFBF88CC,忠孝段,20.83,都市：住,,,,07180000
RPQOMLNLRHMFFBF78CC,昌隆段,16.09,都市：其他:市場用地,,,,03760000
RPPOMLNLRHMFFBF68CC,榮富段,23.27,都市：住,,,,09060001
RPVNMLRLRHMFFIF67CC,大學段二小段,13.60,都市：住,,,,01040000
RPWNMLRLRHMFFIF77CC,大學段一小段,38.52,都市：住,,,,00630000
RPVQMLPLRHMFFBF07CC,和平段,8.46,都市：住,,,,07760000
RPPOMLRLRHMFFIF17CC,大學段一小段,10.51,都市：商,,,,00530000
RPXOMLRLRHMFFIF97CC,大學段一小段,32.88,都市：住,,,,01870001
RPOOMLRLRHMFFIF07CC,大學段一小段,32.88,都市：住,,,,01870001
RPTPMLRLRHMFFHF57CC,正南段,.00,都市：住,,,,05400000
RPPQMLRLRHMFFAF76EC,金城段,3.55,都市：住,,,,03900000
RPSQMLRLRHMFFAF86CC,海山段,37.40,都市：住,,,,08930005
RPQQMLRLRHMFFAF86EC,樂利段,11.32,都市：住,,,,06820000
RPQQMLRLRHMFFAF86EC,樂利段,9.94,都市：住,,,,06830000
RPQQMLRLRHMFFAF86EC,樂利段,1.03,都市：住,,,,06840000
RPSPMLRLRHMFFAF76CC,文化段,2.77,都市：住,,,,11980000
RPSNMLRLRHMFFEF96CC,淡海段,28.55,都市：住,,,,00850000
RPPOMLRLRHMFFEF76CC,公司田段,15.09,都市：住,,,,00210000
RPWPMLRLRHMFFHF87CC,新和段,.00,都市：住,,,,05390002
RPSNMLSLRHMFFBF76CC,榮富段,.00,都市：住,,,,09060001
RPSOMLRLRHMFFEF07CC,長興段,.00,都市：住,,,,00160000
RPRPMLSLRHMFFEF17CC,公司田段,14.04,都市：其他:,,,,01920000
RPTOMLSLRHMFFEF47EC,海天段,57.26,都市：住,,,,01820002
RPVQMLRLRHMFFEF57CC,海天段,.02,都市：住,,,,06420000
RPVQMLRLRHMFFEF57CC,海天段,.00,都市：住,,,,06420003
RPVQMLRLRHMFFEF57CC,海天段,2.33,都市：住,,,,06530000
RPVQMLRLRHMFFEF57CC,海天段,.17,都市：住,,,,06530004
RPVQMLRLRHMFFEF57CC,海天段,.01,都市：住,,,,06530005
RPROMLRLRHMFFEF96CC,新市段,20.68,都市：住,,,,02110000
RPPNMLSLRHMFFIF17CC,大學段一小段,45.58,都市：住,,,,01380000
RPWPMLTLRHMFFHF08CC,保平段,.00,都市：商,,,,08780000
RPTPMLTLRHMFFHF77CC,莒光段,.00,都市：住,,,,00300000
RPWOMLTLRHMFFDF57CC,厚德段,14.25,都市：住,,,,01620000
RPSPMLTLRHMFFAF17EC,沛陂段,4642.36,都市：住,,,,04360000
RPQOMLTLRHMFFDF17EC,新峰段,3.07,都市：住,,,,01190000
RPROMLTLRHMFFDF27EC,保長段,7.69,都市：住,,,,09950000
RPRQMLTLRHMFFHF67CC,捷運段,.00,都市：其他:捷運系統用地,,,,00080000
RPSQMLTLRHMFFHF77CC,得林段,.00,都市：住,,,,04760000
RPVOMLTLRHMFFDF67EC,保長段,3.97,都市：住,,,,09950000
RPUTMLTLRHMFFBF67CC,南勢埔段頭湖小段,3466.93,都市：農,,,,00090000
RPUTMLTLRHMFFBF67CC,南勢埔段頭湖小段,1822.07,都市：農,,,,00090001
RPWNMLTLRHMFFEF57CC,公司田段,21.57,都市：住,,,,00350000
RPVRMLTLRHMFFAF47CC,光仁段,.00,都市：工,,,,18170000
RPURMLTLRHMFFAF37CC,埔墘段,.00,都市：住,,,,01970000
RPWPMLTLRHMFFEF77CC,馬偕段,6.69,都市：工,,,,01960000
RPOPMLKMRHMFFEF78CC,公司田段,30.12,都市：住,,,,01880000
RPXOMLKMRHMFFEF96CC,公司田段,.26,都市：住,,,,01880000
RPTPMLTLRHMFFEF47CC,馬偕段,5.78,都市：工,,,,01960000
RPOPMLKMRHMFFBF48CC,榮富段,31.38,都市：住,,,,00790000
RPRPMLKMRHMFFBF78CC,忠孝段,10.37,都市：住,,,,04520000
RPVPMLKMRHMFFBF56CC,榮富段,29.67,都市：住,,,,07480000
RPPSMLKMRHMFFBF88CC,泰林段,20.70,都市：住,,,,13150001
RPWRMLKMRHMFFBF86CC,副都心段一小段,27.97,都市：住,,,,01010000
RPWPMLKMRHMFFBF66CC,建林段,32.73,都市：住,,,,08040000
RPRRMLKMRHMFFBF98CC,同興段,20.39,都市：住,,,,00920000
RPOSMLKMRHMFFBF78CC,榮富段,18.03,都市：住,,,,08820000
RPSPMLPLRHMFFGF17CC,中原段,.00,都市：住,,,,03420000
RPXSMLKMRHMFFBF07CC,五工段,.00,非都市：工業區 ; 非都市編定：丁種建築用地,,,,00770000
RPQSMLKMRHMFFBF98CC,榮富段,14.73,都市：住,,,,08820001
RPSSMLKMRHMFFBF56CC,福基段,30.66,都市：工,,,,01970000
RPRSMLKMRHMFFBF09CC,榮富段,18.38,都市：住,,,,09060001
RPUTMLKMRHMFFBF86CC,芳洲段,.00,都市：住,,,,02110000
RPSTMLKMRHMFFBF66CC,文程段,.00,都市：住,,,,03260000
RPTTMLKMRHMFFBF76CC,芳洲段,.00,都市：住,,,,01490000
RPTOMLKMRHMFFDF09CC,智興段,.00,都市：住,,,,02650000
RPTOMLKMRHMFFDF09CC,智興段,.00,都市：其他:道路用地,,,,02650001
RPVNMLKMRHMFFIF07CC,大學段一小段,19.63,都市：商,,,,00520000
RPUNMLKMRHMFFHF86CC,橋和段,.00,都市：工,,,,01880000
RPUNMLKMRHMFFBF98DC,榮富段,14.06,都市：住,,,,09390000
RPWNMLKMRHMFFIF17CC,大學段一小段,32.74,都市：住,,,,01870001
RPXNMLKMRHMFFIF27CC,大學段二小段,13.05,都市：商,,,,00980000
RPSNMLMJIIMFFDF97CC,智興段,.00,都市：住,,,,01040000
RPRNMLMJIIMFFDF87CC,智興段,.00,都市：住,,,,02650000
RPRNMLMJIIMFFDF87CC,智興段,.00,都市：其他:道路用地,,,,02650001
RPTOMLMJIIMFFEF28CC,海天段,.04,都市：住,,,,03880000
RPTOMLMJIIMFFEF28CC,海天段,29.88,都市：住,,,,03900000
RPSOMLMJIIMFFDF08CC,昊天段,4.56,都市：住,,,,12150000
RPSOMLMJIIMFFDF08CC,昊天段,13.28,都市：住,,,,12140000
RPXOMLMJIIMFFEF68CC,海天段,5.74,都市：住,,,,01900000
RPOPMLNJIIMFFAF57CC,中興段,.00,都市：住,,,,06570000
RPRNMLNJIIMFFEF08CC,公司田段,16.43,都市：住,,,,01880000
RPPPMLNJIIMFFEF08CC,馬偕段,6.69,都市：工,,,,01960000
RPUSMLNJIIMFFBF58CC,力行段,55.49,都市：住,,,,06270000
RPPPMLNJIIMFFAF67CC,新板段三小段,4.42,都市：其他:第二種特定專區,,,,00250000
RPPOMLNJIIMFFDF87CC,同新段,17.45,都市：工,,,,00130000
RPROMLNJIIMFFHF48CC,雙和段,41.23,都市：住,,,,00590000
RPPNMLOJIIMFFDF87CC,金龍段,.39,都市：其他:風景區,,,,00060000
RPPNMLOJIIMFFDF87CC,金龍段,.45,非都市：山坡地保育區 ; 非都市編定：丙種建築用地,,,,12770000
RPPNMLOJIIMFFDF87CC,金龍段,.01,都市：其他:風景區,,,,12770001
RPPNMLOJIIMFFDF87CC,金龍段,.01,都市：其他:風景區,,,,12770002
RPQNMLOJIIMFFDF97CC,金龍段,16.38,都市：其他:風景區,,,,00060000
RPQNMLOJIIMFFDF97CC,金龍段,19.02,非都市：山坡地保育區 ; 非都市編定：丙種建築用地,,,,12770000
RPQNMLOJIIMFFDF97CC,金龍段,.34,都市：其他:風景區,,,,12770001
RPQNMLOJIIMFFDF97CC,金龍段,.30,都市：其他:風景區,,,,12770002
RPUNMLPJIIMFFDF48CC,智興段,5.06,都市：住,,,,00480000
RPSNMLPJIIMFFDF28CC,智興段,.05,都市：住,,,,00480000
RPPOMLPLRHMFFCF98CC,莊敬段,.00,都市：工,,,,07820000
RPUOMLKMRHMFFCF09CC,寶橋段,.00,都市：工,,,,00800000
RPVNMLPJIIMFFDF58CC,智興段,6.61,都市：住,,,,01040000
RPUOMLMJIIMFFCF18CC,寶元段,.00,都市：工,,,,02730000
RPSOMLPJIIMFFHF78CC,福和段,.00,都市：住,,,,14230000
RPSOMLPJIIMFFHF78CC,福和段,.00,都市：住,,,,14230001
RPQOMLPJIIMFFDF28DC,福德段,181.40,都市：住,,,,08470000
RPUPMLPJIIMFFHF09CC,中和段,.00,都市：住,,,,03630000
RPVPMLPJIIMFFHF56CC,公園段,.00,都市：住,,,,04670000
RPPOMLPJIIMFFGF38CC,正義段,.00,都市：商,,,,00330006
RPSOMLKMRHMFFCF98DC,寶強段,.00,都市：住,,,,00930000
RPSOMLKMRHMFFCF98DC,寶強段,.00,都市：住,,,,00940000
RPOQMLPJIIMFFHF58CC,民治段,.00,都市：商,,,,04760000
RPSOMLPJIIMFFBF18CC,中誠段,.00,都市：住,,,,05030000
RPWNMLPJIIMFFCF58CC,中正段,.00,都市：住,,,,01880000
RPPOMLQJIIMFFCF08CC,復興段,.00,都市：工,,,,02270000
RPTOMLPJIIMFFGF78CC,富貴段,.00,都市：住,,,,02650000
RPWNMLQJIIMFFCF68CC,惠國段,.00,都市：住,,,,03750000
RPQOMLQJIIMFFBF08CC,中原段,.00,都市：住,,,,01030000
RPQOMLQJIIMFFCF18CC,寶橋段,.00,都市：工,,,,04700000
RPWOMLQJIIMFFAF58CC,江子翠段第三崁小段,351.63,都市：住,,,,03520000
RPWOMLQJIIMFFAF58CC,江子翠段溪頭小段,8.46,都市：住,,,,01340017
RPSOMLQJIIMFFCF38CC,寶橋段,.00,都市：工,,,,00800000
RPQNMLQJIIMFFGF48CC,成功段,.00,都市：住,,,,01530000
RPVNMLQJIIMFFHF09CC,錦和段,.00,都市：住,,,,01040000
RPTNMLQJIIMFFHF88CC,景華段,18.49,都市：住,,,,04200000
RPTOMLQJIIMFFGF09EC,興德段,.00,都市：工,,,,00860000
RPXNMLRLRHMFFGF87EC,正義段,.00,都市：商,,,,05120000
RPWNMLRLRHMFFGF77EC,正義段,.00,都市：商,,,,05120000
RPPNMLNJIIMFFGF28EC,富貴段,.00,都市：商,,,,04780000
RPOOMLQJIIMFFHF48CC,南工段,15.25,都市：住,,,,01820000
RPROMLQJIIMFFHF78CC,大同段,16.00,都市：住,,,,02200000
RPXNMLQJIIMFFHF66CC,信義段,16.46,都市：住,,,,00910000
RPQOMLQJIIMFFHF68CC,健康段,.00,都市：工,,,,09640000
RPRNMLQJIIMFFDF28CC,大同段,.00,都市：工,,,,05340000
RPROMLQJIIMFFIF88CC,大學段二小段,16.25,都市：商,,,,00960000
RPOTMLQJIIMFFBF38CC,陸光段,.00,都市：住,,,,05290000
RPOTMLQJIIMFFBF38CC,陸光段,.00,都市：其他:河川區,,,,05450000
RPVQMLRJIIMFFBF88CC,民安段,20.74,都市：住,,,,06890000
RPXPMLTJIIMFFBF56CC,芳洲段,.00,都市：住,,,,01600000
RPORMLRJIIMFFBF28CC,榮富段,18.15,都市：住,,,,08560000
RPRQMLRJIIMFFBF48CC,中原段,11.37,都市：商,,,,01950000
RPTVMLQJIIMFFBF09CC,中原段,16.31,都市：住,,,,00020000
RPUQMLKKIIMFFBF18CC,文程段,.00,都市：住,,,,13340000
RPVQMLKKIIMFFBF28CC,陸光段,.00,都市：住,,,,10480000
RPPQMLTJIIMFFBF48CC,芳洲段,.00,都市：住,,,,01600000
RPWOMLKKIIMFFBF18CC,中原段,25.92,都市：住,,,,00540000
RPUOMLKKIIMFFAF87CC,新雅段,25.23,都市：住,,,,06280000
RPQQMLLKIIMFFAF77CC,新板段三小段,12.94,都市：其他:第二種特定專用區,,,,00380000
RPROMLLKIIMFFCF87CC,玫瑰段,.00,都市：住,,,,00240000
RPPOMLLKIIMFFCF67CC,新和段,.00,都市：住,,,,01490000
RPQRMLLKIIMFFBF97CC,昌隆段,16.19,都市：住,,,,05220000
RPRPMLLKIIMFFBF87CC,建林段,31.57,都市：住,,,,08630000
RPURMLLKIIMFFIF09CC,大學段二小段,22.81,都市：住,,,,00100001
RPSRMLLKIIMFFBF18CC,副都心段一小段,24.44,都市：商,,,,00100000
RPTPMLLKIIMFFDF48EC,保長段,7.56,都市：住,,,,09950000
RPUPMLLKIIMFFDF58EC,工建段,24.51,都市：工,,,,01910000
RPUPMLLKIIMFFDF58EC,工建段,16.67,都市：工,,,,01920000
RPUPMLLKIIMFFDF58EC,工建段,8.03,都市：工,,,,01930000
RPPNMLLKIIMFFGF97CC,永安段,.00,都市：住,,,,04610000
RPTOMLLKIIMFFGF48CC,民權段,.00,都市：住,,,,05570000
RPUOMLLKIIMFFEF48DC,海天段,.00,都市：住,,,,02740000
RPXOMLQJIIMFFDF98CC,同新段,.73,都市：工,,,,00060000
RPXOMLQJIIMFFDF98CC,昊天段,23.38,都市：工,,,,08720000
RPXNMLLKIIMFFDF48CC,中正段,16.00,都市：住,,,,05340000
RPXNMLLKIIMFFDF48CC,中正段,24.00,都市：住,,,,05430000
RPXNMLLKIIMFFDF48CC,中正段,80.50,都市：住,,,,05440000
RPTOMLQJIIMFFDF58CC,同新段,.98,都市：工,,,,00060000
RPTOMLQJIIMFFDF58CC,昊天段,31.54,都市：工,,,,08720000
RPROMLQJIIMFFDF38CC,同新段,10.85,都市：工,,,,00130000
RPWNMLMKIIMFFGF88DC,富貴段,.00,都市：住,,,,03880000
RPPOMLMKIIMFFBF77DC,國宅段,664.00,都市：住,,,,00340001
RPSOMLMKIIMFFCF18DC,寶強段,.00,非都市： ; 非都市編定：,,,,00940000
RPRNMLMKIIMFFGF28CC,富貴段,.00,都市：住,,,,04500000
RPTNMLMKIIMFFGF48CC,正義北段,.00,都市：住,,,,19780000
RPPNMLMKIIMFFGF28EC,大智段,.00,都市：住,,,,07400000
RPPSMLMKIIMFFBF08CC,芳洲段,.00,都市：住,,,,01600000
RPWPMLMKIIMFFBF48CC,中興段,.00,都市：工,,,,01240000
RPQSMLMKIIMFFBF18CC,成功段,.00,都市：住,,,,03200000
RPQSMLMKIIMFFBF18CC,成功段,.00,都市：住,,,,03210000
RPRNMLMKIIMFFHF38CC,盛昌段,.00,都市：住,,,,01530000
RPQNMLLKIIMFFHF18CC,健康段,.00,都市：工,,,,01140000
RPVRMLNKIIMFFAF58CC,樂利段,2.84,都市：住,,,,10110000
RPWPMLMKIIMFFAF38CC,江子翠段第二崁小段,.00,都市：商,,,,01800007
RPQPMLNKIIMFFCF08CC,惠國段,30.51,都市：工,,,,00930000
RPTTMLNKIIMFFAF58CC,大庭段,.00,都市：住,,,,21230000
RPPNMLKKIIMFFEF67CC,鄧公段,180.23,非都市： ; 非都市編定：,,,,02090000
RPRNMLSJIIMFFEF58CC,公司田段,28.95,都市：住,,,,01360000
RPUSMLMKIIMFFBF58CC,五股段,.00,都市：住,,,,03820000
RPSSMLMKIIMFFBF38CC,芳洲段,.00,都市：住,,,,01490000
RPQNMLNKIIMFFBF77CC,五工段,235.20,非都市：工業區 ; 非都市編定：丁種建築用地,,,,05530000
RPTSMLMKIIMFFBF48CC,御史段,.00,都市：住,,,,03090000
RPROMLNKIIMFFHF58CC,健康段,24.77,都市：工,,,,11600000
RPSOMLNKIIMFFHF68CC,健康段,27.90,都市：工,,,,11600000
RPRNMLQKIIMFFEF58DC,長興段,.00,都市：住,,,,14840000
RPRNMLQKIIMFFEF58DC,長興段,.00,都市：住,,,,14830000
RPRNMLQKIIMFFEF58DC,滬尾段,.00,都市：其他:道路用地,,,,00200000
RPSOMLLKIIMFFEF18CC,竹圍段,.00,都市：商,,,,03900000
RPOOMLLKIIMFFEF77CC,海天段,.00,都市：住,,,,06420003
RPOOMLLKIIMFFEF77CC,海天段,2.33,都市：住,,,,06530000
RPOOMLLKIIMFFEF77CC,海天段,.17,都市：住,,,,06530004
RPOOMLLKIIMFFEF77CC,海天段,.01,都市：住,,,,06530005
RPOOMLLKIIMFFEF77CC,海天段,.02,都市：住,,,,06420000
RPVPMLNKIIMFFEF78CC,新市段,20.89,都市：住,,,,00350000
RPWPMLNKIIMFFEF88CC,公司田段,19.67,都市：住,,,,01330000
RPOOMLNKIIMFFEF97CC,新興段,23.88,都市：其他:,,,,07430000
RPWOMLMKIIMFFEF68CC,學府段,.00,非都市： ; 非都市編定：,,,,11030000
RPWOMLMKIIMFFEF68CC,學府段,.00,非都市： ; 非都市編定：,,,,11010000
RPWOMLMKIIMFFEF68CC,學府段,.00,非都市： ; 非都市編定：,,,,11020000
RPSRMLQKIIMFFHF66CC,健康段,.00,都市：工,,,,11600000
RPRNMLQKIIMFFDF38CC,智興段,.00,都市：商,,,,05110000
RPPOMLQKIIMFFIF78CC,大學段二小段,21.49,都市：住,,,,00440000
RPXPMLRKIIMFFEF76CC,淡海段,.00,都市：住,,,,00850000
RPXQMLRKIIMFFEF86CC,中田寮段桂花樹小段,24.42,非都市：特定農業區 ; 非都市編定：甲種建築用地,,,,00190000
RPUOMLRKIIMFFCF78CC,安興段,11.35,都市：其他:工商綜合專用區一,,,,00410000
RPUPMLNKIIMFFGF88CC,中興段,.00,都市：商,,,,16110000
RPTRMLQKIIMFFHF76CC,板南段,.00,都市：工,,,,03110000
RPUPMLQKIIMFFBF68CC,建林段,32.12,都市：住,,,,08040000
RPOPMLRKIIMFFBF18CC,副都心段一小段,.00,都市：商,,,,00090000
RPSNMLQKIIMFFBF28CC,力行段,.00,都市：商,,,,00930000
RPRPMLRKIIMFFAF38CC,埔墘段,.00,都市：住,,,,01930021
RPVNMLQKIIMFFAF48CC,新板段三小段,.00,都市：其他:(特定專用區),,,,00380000
RPRQMLRKIIMFFAF48CC,江翠段,1308.27,都市：商,,,,00090000
RPXNMLRKIIMFFAF78CC,府中段,12.37,都市：住,,,,05530000
RPTNMLRKIIMFFDF68CC,智興段,.00,都市：住,,,,02650000
RPTNMLRKIIMFFDF68CC,智興段,.00,都市：其他:,,,,02650001
RPSQMLRKIIMFFHF66CC,水源段,.00,都市：商,,,,00700000
RPTQMLRKIIMFFHF76CC,雙和段,12.39,都市：商,,,,02020000
RPORMLRKIIMFFHF98CC,民樂段,13.78,都市：住,,,,07850000
RPPRMLRKIIMFFHF09CC,圓通段,.00,都市：住,,,,04400000
RPSRMLRKIIMFFHF76CC,連城段,.00,都市：住,,,,06270000
RPRRMLRKIIMFFHF66CC,圓通段,.00,都市：住,,,,03730000
RPVRMLRKIIMFFHF07CC,公園段,.00,都市：住,,,,02260000
RPWRMLRKIIMFFHF17CC,福和段,.00,都市：商,,,,11090000
RPOSMLRKIIMFFHF09CC,板南段,.00,都市：工,,,,03110000
RPPSMLRKIIMFFHF56CC,健康段,.00,都市：工,,,,11590000
RPROMLSKIIMFFHF09CC,台貿段,.00,都市：住,,,,01280000
RPPPMLSKIIMFFHF98CC,華新段,.00,都市：住,,,,06870000
RPVOMLSKIIMFFHF86CC,仁愛段,.00,都市：住,,,,04540000
RPQPMLSKIIMFFHF09CC,景華段,.00,都市：商,,,,03450000
RPRPMLSKIIMFFHF56CC,及人段,.00,都市：住,,,,02980000
RPTNMLSKIIMFFDF78CC,同新段,11.99,都市：工,,,,00130000
RPOPMLSKIIMFFDF48CC,工建段,160.02,都市：工,,,,03250000
RPWOMLSKIIMFFDF56CC,環河段,.00,都市：工,,,,07230000
RPROMLSKIIMFFIF56CC,大學段二小段,10.99,都市：住,,,,01150000
RPVOMLSKIIMFFIF96CC,和平段,37.03,都市：住,,,,01470000
RPTOMLSKIIMFFIF76CC,大學段二小段,12.09,都市：商,,,,00960000
RPQNMLSKIIMFFHF98DC,信義段,76.75,都市：住,,,,04820000
RPUQMLSKIIMFFAF09EC,延和段,.00,都市：商,,,,00960000
RPVQMLSKIIMFFAF56EC,安和段,22.57,都市：住,,,,01750000
RPTQMLSKIIMFFAF98EC,廷寮段,27.82,都市：住,,,,01470000
RPWOMLSKIIMFFCF09CC,復興段,138.57,都市：工,,,,00820000
RPXNMLSKIIMFFEF66CC,龍米段,11.24,都市：住,,,,11000000
RPQPMLSKIIMFFCF58CC,寶元段,.00,都市：工,,,,01040000
RPQNMLTKIIMFFCF48CC,北宜段,.00,都市：住,,,,00360000
RPUPMLTKIIMFFAF88CC,文化段,.00,都市：住,,,,11980000
RPQNMLTKIIMFFAF48EC,學林段,.00,都市：住,,,,00310000
RPQNMLTKIIMFFAF48EC,學林段,.00,都市：住,,,,00320000
RPQNMLTKIIMFFAF48EC,學林段,.00,都市：住,,,,00330000
RPQNMLTKIIMFFAF48EC,學林段,.00,都市：住,,,,00340000
RPOOMLTKIIMFFIF98CC,民生段,16.82,都市：其他:部分住宅區部分道路用地,,,,07130000
RPOOMLTKIIMFFIF98CC,民生段,.24,都市：其他:堤防用地兼道路用地,,,,07130002
RPOOMLTKIIMFFIF98CC,民生段,.05,都市：其他:道路用地,,,,07130003
RPXSMLTKIIMFFBF96CC,中原段,37.77,都市：住,,,,00540000
RPRNMLTKIIMFFDF68CC,福德段,17.38,都市：住,,,,04570000
RPVNMLTKIIMFFDF09CC,汐止段街后小段,.00,非都市：山坡地保育區 ; 非都市編定：丙種建築用地,,,,07480000
RPXNMLTKIIMFFDF66CC,福興段,.00,非都市：鄉村區 ; 非都市編定：乙種建築用地,,,,19190000
RPXNMLTKIIMFFDF66CC,福興段,.00,非都市：鄉村區 ; 非都市編定：乙種建築用地,,,,19220000
RPWUMLRKIIMFFBF86CC,芳洲段,.00,都市：住,,,,02580000
RPTUMLRKIIMFFBF56CC,黎明段,.00,都市：住,,,,12040000
RPSUMLRKIIMFFBF09CC,芳洲段,.00,都市：商,,,,01360000
RPPUMLRKIIMFFBF78CC,陸光段,.00,都市：其他:保護區,,,,11190000
RPUUMLRKIIMFFBF66CC,同榮段,.00,都市：住,,,,02880000
RPUUMLRKIIMFFBF66CC,同榮段,.00,都市：住,,,,02890000
RPRUMLRKIIMFFBF98CC,水碓段水碓窠小段,.00,都市：住,,,,01170000
RPSSMLRKIIMFFBF88CC,富國段,16.80,都市：住,,,,06200000
RPSSMLRKIIMFFBF88CC,富國段,4.02,都市：住,,,,06180000
RPWOMLTKIIMFFHF07CC,連城段,.00,都市：住,,,,03580000
RPWOMLTKIIMFFHF07CC,連城段,.00,都市：住,,,,03430000
RPQQMLTKIIMFFHF66CC,正南段,.00,都市：住,,,,08460000
RPSOMLKLIIMFFHF48CC,景華段,19.06,都市：住,,,,08670000
RPVOMLTKIIMFFHF96CC,華中段,26.89,都市：住,,,,00610000
RPQOMLTKIIMFFHF09CC,復興段,.00,都市：住,,,,00650000
RPUOMLTKIIMFFHF86CC,竹林段,.00,都市：住,,,,01790000
RPUQMLTKIIMFFHF07CC,民權段,.00,都市：住,,,,08760000
RPUNMLTKIIMFFHF76CC,信和段,.00,都市：住,,,,08640000
RPTOMLTKIIMFFHF76CC,信義段,22.08,都市：住,,,,00910000
RPOOMLTKIIMFFHF88CC,錦和段,.00,都市：商,,,,06360000
RPXNMLKLIIMFFDF68EC,保長段,8.47,都市：住,,,,09950000
RPPQMLKLIIMFFAF87EC,大巒段,21.18,都市：其他:乙種工業區,,,,00100000
RPOOMLKLIIMFFDF87EC,保長段,7.69,都市：住,,,,09950000
RPTQMLKLIIMFFBF18CC,中原段,25.96,都市：住,,,,03210000
RPRPMLKLIIMFFAF77CC,永寧段,10.50,都市：住,,,,04100000
RPXOMLKLIIMFFHF98CC,南勢段,.00,都市：住,,,,06010000
RPSOMLKLIIMFFEF18CC,新興段,22.10,都市：住,,,,02910000
RPPNMLMLIIMFFDF97DC,金龍段,.00,非都市： ; 非都市編定：,,,,02650000
RPQNMLMLIIMFFDF08DC,金龍段,.00,非都市： ; 非都市編定：,,,,02650000
RPWQMLKLIIMFFEF78CC,海天段,8.31,都市：住,,,,02140002
RPQNMLNLIIMFFGF38CC,重新段壹小段,.00,都市：住,,,,00120011
RPSNMLLLIIMFFBF87CC,芳洲段,.00,都市：商,,,,01410000
RPPRMLKLIIMFFEF18CC,馬偕段,5.78,都市：工,,,,01960000
RPTNMLLLIIMFFBF97CC,芳洲段,.00,都市：住,,,,01490000
RPUNMLLLIIMFFBF08CC,芳洲段,.00,都市：商,,,,01410000
RPPOMLNLIIMFFBF87CC,同興段,14.67,都市：住,,,,00670000
RPXOMLNLIIMFFBF68CC,雙鳳段,.00,都市：住,,,,04480000
RPXNMLNLIIMFFEF88CC,新興段,27.10,都市：其他:,,,,00650000
RPWOMLNLIIMFFEF88CC,公司田段,11.36,都市：住,,,,00100000
RPRTMLKLIIMFFAF18CC,文化段,2.84,都市：住,,,,11980000
RPPPMLNLIIMFFAF87CC,幸福段,12.60,都市：住,,,,02150023
RPPOMLOLIIMFFAF87CC,安和段,12.14,都市：住,,,,02090000
RPPQMLOLIIMFFEF48CC,公司田段,12.16,都市：其他:,,,,01880000
RPQQMLOLIIMFFEF58CC,新市段,21.50,都市：住,,,,00970000
RPPNMLMLIIMFFCF87DC,中正段,27.66,都市：其他:捷運系統用地,,,,01650000
RPPNMLMLIIMFFCF87DC,中正段,.00,都市：住,,,,01650001
RPPNMLMLIIMFFCF87DC,中華段,5.64,都市：其他:捷運系統用地,,,,07500000
RPVOMLOLIIMFFHF56CC,大智段,.00,都市：住,,,,03360000
RPUPMLOLIIMFFHF56CC,秀峰段,31.85,都市：住,,,,01190000
RPQOMLNLIIMFFDF38EC,保長段,3.97,都市：住,,,,09950000
RPVNMLNLIIMFFDF78EC,保長段,5.51,都市：住,,,,10540000
RPXNMLNLIIMFFDF98EC,保長段,8.73,都市：住,,,,09950000
RPWNMLNLIIMFFDF88EC,保長段,5.54,都市：住,,,,10540000
RPRNMLOLIIMFFDF28CC,新峰段,.00,都市：住,,,,17210000
RPPOMLOLIIMFFDF18CC,保安段,28.52,都市：工,,,,11910000
RPUPMLPLIIMFFBF68CC,力行段,13.99,都市：住,,,,09590000
RPRQMLPLIIMFFBF48CC,中原段,14.91,都市：住,,,,00050000
RPUQMLPLIIMFFBF78CC,榮富段,9.80,都市：住,,,,08820000
RPSQMLPLIIMFFBF58CC,副都心段一小段,24.11,都市：商,,,,00100000
RPOOMLNLIIMFFCF97DC,福園段,.00,都市：住,,,,06080000
RPRNMLPLIIMFFEF48CC,馬偕段,5.67,都市：工,,,,01960000
RPROMLPLIIMFFCF38CC,雙城段,36.77,都市：其他:已開發建築密集地區,,,,12780000
RPVNMLPLIIMFFEF88CC,海天段,.00,都市：住,,,,01900000
RPVOMLPLIIMFFCF78CC,莊敬段,87.42,都市：工,,,,07800000
RPUPMLQLIIMFFCF88CC,寶橋段,.00,都市：工,,,,00800000
RPPOMLQLIIMFFAF08CC,府中段,.00,都市：商,,,,03050000
RPPPMLQLIIMFFAF18CC,文化段,2.18,都市：住,,,,11980000
RPOQMLOLIIMFFHF68CC,橋和段,34.57,都市：工,,,,00330000
RPUNMLQLIIMFFBF58CC,同榮段,.00,都市：住,,,,04210000
RPXOMLQLIIMFFEF66CC,公司田段,31.04,都市：住,,,,01360000
RPWPMLQLIIMFFEF66CC,馬偕段,12.59,都市：住,,,,01960000
RPQOMLQLIIMFFHF88CC,健康段,30.97,都市：工,,,,11600000
RPRPMLQLIIMFFHF09CC,中興段,.00,都市：商,,,,07720000
RPQOMLQLIIMFFAF38EC,中山段,.00,都市：其他:第一種特定專用區,,,,19480000
RPQOMLQLIIMFFAF38EC,中山段,.00,都市：其他:第一種特定專用區,,,,19480003
RPROMLQLIIMFFAF48EC,重慶段,.00,都市：住,,,,08470000
RPROMLOLIIMFFDF38CC,智興段,.00,都市：住,,,,04080000
RPUNMLQLIIMFFDF78CC,智興段,.00,都市：住,,,,02650000
RPUNMLQLIIMFFDF78CC,智興段,.00,都市：其他:道路用地,,,,02650001
RPVNMLQLIIMFFDF88CC,新峰段,.00,都市：住,,,,04670000
RPQOMLOLIIMFFDF28CC,保安段,33.55,都市：工,,,,11910000
RPTPMLQLIIMFFAF78EC,江子翠段第二崁小段,4.57,都市：商,,,,01940000
RPTPMLQLIIMFFAF78EC,江子翠段第三崁小段,41.66,都市：商,,,,03540000
RPTRMLQLIIMFFBF98DC,和平段,.00,都市：住,,,,07890000
RPURMLQLIIMFFBF09DC,和平段,.00,都市：住,,,,07890000
RPOPMLRLIIMFFDF48CC,智興段,21.95,都市：商,,,,05150000
RPWNMLRLIIMFFEF56CC,公司田段,25.39,都市：住,,,,01880000
RPUNMLRLIIMFFEF98CC,公司田段,25.39,都市：住,,,,01880000
RPVNMLRLIIMFFEF09CC,公司田段,25.39,都市：住,,,,01880000
RPPOMLRLIIMFFEF58CC,新興段,28.03,都市：住,,,,03020000
RPVPMLRLIIMFFEF66CC,正德段,25.11,都市：住,,,,08830000
RPUNMLRLIIMFFCF78CC,福園段,.00,都市：住,,,,01580000
RPUNMLRLIIMFFCF78CC,福園段,.00,都市：住,,,,01590000
RPSQMLRLIIMFFEF09CC,海天段,27.90,都市：住,,,,01880000
RPQQMLKMIIMFFAF87CC,中山段,.00,都市：其他:第一種特區專用區,,,,06680008
RPTPMLRLIIMFFEF09CC,大義段,21.25,都市：住,,,,00110000
RPSRMLKMIIMFFBF28CC,海山頭段三角子小段,606.00,都市：其他:,,,,01530025
RPTQMLKMIIMFFBF28CC,恒安段,157.91,都市：住,,,,04000000
RPSNMLKMIIMFFEF18CC,海天段,.00,都市：商,,,,06530000
RPSNMLKMIIMFFEF18CC,海天段,.00,都市：住,,,,06420000
RPSNMLKMIIMFFEF18CC,海天段,.00,都市：其他:道路用地,,,,06420003
RPSNMLKMIIMFFEF18CC,海天段,.00,都市：其他:道路用地,,,,06530004
RPSNMLKMIIMFFEF18CC,海天段,.00,都市：其他:道路用地,,,,06530005
RPTRMLKMIIMFFBF38CC,力行段,29.53,都市：住,,,,05400000
RPUSMLKMIIMFFBF58CC,成功段,.00,都市：住,,,,05930000
RPUSMLKMIIMFFBF58CC,成功段,.00,都市：住,,,,05940000
RPPSMLKMIIMFFBF08CC,榮富段,25.47,都市：住,,,,07520000
RPSOMLKMIIMFFDF18CC,智興段,.00,都市：商,,,,04860000
RPWNMLKMIIMFFIF98CC,太平段,.00,都市：住,,,,04760000
RPPNMLKMIIMFFGF08CC,富貴段,.00,都市：住,,,,05400000
RPSPMLKMIIMFFIF78CC,大學段一小段,.00,都市：住,,,,00820000
RPSOMLKMIIMFFGF48CC,民權段,.00,都市：住,,,,05190000
RPSOMLKMIIMFFGF48CC,民權段,.00,都市：住,,,,05120000
RPOPMLKMIIMFFEF18EC,仁愛段,531.00,都市：住,,,,00800001
RPTOMLLMIIMFFIF88CC,大學段一小段,.90,都市：住,,,,01590000
RPTOMLLMIIMFFIF88CC,大學段一小段,16.57,都市：住,,,,01590003
RPTOMLLMIIMFFIF88CC,大學段一小段,.55,都市：住,,,,01590005
RPOOMLLMIIMFFDF87CC,工建段,176.78,都市：工,,,,03300000
RPXOMLLMIIMFFHF56CC,南山段,.00,都市：住,,,,01870000
RPUOMLLMIIMFFHF88CC,興南段,.00,都市：住,,,,07980000
RPQQMLLMIIMFFHF68CC,保健段,.00,都市：住,,,,06100000
RPTPMLLMIIMFFIF98CC,大學段一小段,.00,都市：住,,,,01380000
RPOPMLLMIIMFFHF38CC,民樂段,.00,都市：住,,,,00050000
RPWPMLLMIIMFFHF56CC,健康段,.00,非都市： ; 非都市編定：,,,,10970000
RPWPMLLMIIMFFHF56CC,健康段,.00,非都市： ; 非都市編定：,,,,10990000
RPWPMLLMIIMFFHF56CC,健康段,.00,非都市： ; 非都市編定：,,,,10980000
RPWQMLLMIIMFFHF66CC,南山段,.00,都市：其他:部分住宅區部分捷運系統用地,,,,08540000
RPORMLLMIIMFFHF58CC,福和段,.00,都市：商,,,,09860000
RPQRMLLMIIMFFHF78CC,員山段,.00,都市：工,,,,01420000
RPPRMLLMIIMFFHF68CC,廟美段,.00,都市：商,,,,00190000
RPQWMLLMIIMFFBF68CC,立言段,.00,都市：住,,,,04570000
RPROMLLMIIMFFBF97CC,幸福段,.00,都市：工,,,,05720000
RPQPMLLMIIMFFBF97CC,副都心段一小段,.00,都市：商,,,,00520000
RPRPMLLMIIMFFBF08CC,副都心段一小段,22.85,都市：商,,,,00270000
RPTNMLLJJIMFFEF18CC,公司田段,4091.40,都市：住,,,,00270001
RPPNMLLJJIMFFBF47CC,泰林段,.00,都市：住,,,,14040000
RPXOMLLJJIMFFEF68CC,公司田段,167.50,都市：住,,,,00890000
RPQNMLLJJIMFFBF57CC,芳洲段,.00,都市：住,,,,01700000
RPTNMLLJJIMFFBF87CC,芳洲段,.00,都市：商,,,,00800000
RPPOMLLJJIMFFBF57CC,芳洲段,.00,都市：住,,,,00280000
RPPQMLNLIIMFFBF08CC,成福段,.00,都市：住,,,,11330000
RPOQMLNLIIMFFBF97CC,芳洲段,.00,都市：住,,,,01520000
RPVOMLOLIIMFFBF58CC,恒安段,.00,都市：住,,,,05220000
RPSRMLOLIIMFFBF58CC,副都心段一小段,20.40,都市：商,,,,02810002
RPTNMLLJJIMFFCF08DC,民安段,6.38,都市：住,,,,03530000
RPPNMLMJJIMFFDF77CC,昊天段,.00,都市：工,,,,10860000
RPRQMLMJJIMFFAF18EC,府中段,12.37,都市：住,,,,05530000
RPSNMLMJJIMFFHF48CC,民利段,19.32,都市：住,,,,12230000
RPSOMLMJJIMFFIF68CC,大學段二小段,24.35,都市：商,,,,00930000
RPQNMLMJJIMFFEF97CC,公司田段,21.39,都市：住,,,,00580000
RPUNMLMJJIMFFEF38CC,公司田段,44.85,都市：住,,,,00050000
RPSNMLMJJIMFFEF18CC,淡海段,20.76,都市：住,,,,00240000
RPSOMLLJJIMFFBF87CC,芳洲段,.00,都市：住,,,,01440000
RPWOMLLMIIMFFCF58CC,寶強段,.00,都市：住,,,,06680000
RPSNMLLJJIMFFAF67CC,新雅段,.00,都市：住,,,,10190000
RPPPMLMJJIMFFEF08CC,新市段,21.50,都市：住,,,,00970000
RPOPMLMJJIMFFEF97CC,海天段,.00,都市：住,,,,01900000
RPOSMLLJJIMFFBF87CC,和平段,13.56,都市：住,,,,00920000
RPWOMLLJJIMFFBF28CC,昌隆段,12.25,都市：住,,,,00010000
RPRNMLNJJIMFFCF97CC,寶強段,.00,都市：其他:捷運系統用地,,,,00940000
RPVNMLNJJIMFFEF58CC,新興段,6.02,都市：住,,,,09750000
RPVNMLNJJIMFFEF58CC,新興段,23.39,都市：住,,,,09760000
RPSNMLNJJIMFFEF28CC,淡海段,50.22,都市：其他:鄰里商業區,,,,01060000
RPVQMLNJJIMFFEF88CC,中正段,43.64,都市：商,,,,04650000
RPVOMLNJJIMFFIF09CC,水源段,22.77,都市：住,,,,05730000
RPWOMLNJJIMFFIF56CC,大學段二小段,21.60,都市：住,,,,01030000
RPWOMLNJJIMFFAF38CC,民權段,.00,都市：住,,,,03070002
RPQPMLNJJIMFFAF87CC,篤行段,8.44,都市：住,,,,01860000
RPXOMLNJJIMFFBF58CC,福基段,369.27,都市：工,,,,03390000
RPUPMLNJJIMFFAF28CC,府中段,.00,都市：住,,,,06410000
RPUPMLNJJIMFFAF28CC,府中段,.00,都市：住,,,,06410001
RPPNMLPJJIMFFIF58CC,大學段一小段,9.68,都市：商,,,,00500000
RPUQMLMJJIMFFAF28CC,頂新段,20.81,都市：住,,,,02490000
RPRNMLPJJIMFFIF78CC,大學段一小段,5.88,都市：住,,,,01840000
RPQNMLPJJIMFFIF68CC,大學段一小段,5.88,都市：住,,,,01840000
RPVNMLOJJIMFFCF58DC,寶強段,.00,都市：其他:,,,,00940000
RPTNMLPJJIMFFIF98CC,大學段二小段,15.57,都市：商,,,,00900000
RPQNMLPJJIMFFEF28CC,公司田段,42.91,都市：住,,,,01210000
RPRNMLQJJIMFFEF48CC,淡海段,.00,都市：住,,,,00850000
RPVNMLQJJIMFFEF88CC,關渡段,.00,都市：住,,,,07940000
RPSNMLPJJIMFFIF88CC,大學段一小段,32.88,都市：住,,,,01870001
RPTNMLQJJIMFFBF38CC,國宅段,5.55,都市：住,,,,00170002
RPQPMLQJJIMFFBF28CC,建林段,.09,都市：商,,,,03800000
RPQPMLQJJIMFFBF28CC,建林段,11.59,都市：商,,,,03800001
RPRPMLQJJIMFFBF38CC,建林段,21.21,都市：住,,,,01440000
RPXNMLQJJIMFFEF09CC,學府段,.00,都市：住,,,,06370000
RPUNMLQJJIMFFIF56CC,文林段,7.87,都市：住,,,,12400000
RPUNMLQJJIMFFIF56CC,文林段,23.41,都市：住,,,,12410000
RPUNMLPJJIMFFIF09CC,大學段二小段,17.63,都市：住,,,,01030000
RPQOMLQJJIMFFDF38CC,大同段,23.79,都市：住,,,,07370000
RPVNMLPJJIMFFIF56CC,大學段一小段,5.34,都市：住,,,,00910000
RPRNMLQJJIMFFHF78CC,永利段,95.47,都市：商,,,,06390000
RPWQMLQJJIMFFIF07CC,大學段一小段,18.80,都市：商,,,,00490000
RPTNMLRJJIMFFHF09CC,永福段,.00,都市：住,,,,10260000
RPXQMLRJJIMFFIF27CC,大學段一小段,864.00,都市：住,,,,01110000
RPSOMLRJJIMFFGF09DC,集美段,.00,都市：商,,,,00090000
RPTOMLRJJIMFFEF88CC,馬偕段,5.67,都市：工,,,,01960000
RPWOMLRJJIMFFEF56CC,公司田段,26.08,都市：住,,,,00100000
RPQPMLRJJIMFFEF68CC,公司田段,21.87,都市：住,,,,01340000
RPRQMLRJJIMFFCF68CC,寶橋段,.00,都市：其他:乙種工業區,,,,01200000
RPRQMLRJJIMFFCF68CC,寶橋段,.00,都市：其他:乙種工業區,,,,01220000
RPSQMLRJJIMFFCF78CC,寶橋段,.00,都市：其他:乙種工業區,,,,01200000
RPSQMLRJJIMFFCF78CC,寶橋段,.00,都市：其他:乙種工業區,,,,01220000
RPQOMLSJJIMFFCF48CC,惠國段,11.73,都市：住,,,,04780000
RPPPMLQJJIMFFEF58DC,新興段,35.01,都市：住,,,,07890000
RPSNMLSJJIMFFEF78CC,飛歌段,8.78,都市：工,,,,10140000
RPUQMLSJJIMFFAF88CC,新雅段,17.89,都市：住,,,,10860000
RPQNMLSJJIMFFEF58CC,水仙段,.00,都市：商,,,,00670000
RPPQMLSJJIMFFEF78CC,鄧公段,34.91,都市：住,,,,06700000
RPTQMLSJJIMFFEF56CC,公司田段,23.51,都市：住,,,,00200000
RPUQMLSJJIMFFEF66CC,公司田段,23.16,都市：住,,,,00580000
RPROMLSJJIMFFDF68CC,工建段,92.57,都市：工,,,,01040000
RPQSMLLJJIMFFBF08CC,中原段,36.91,都市：住,,,,00170000
RPQNMLSJJIMFFHF88CC,雙和段,1.23,都市：住,,,,02910000
RPQNMLSJJIMFFHF88CC,雙和段,2.45,都市：商,,,,02920000
RPWOMLNJJIMFFBF48CC,力行段,.00,都市：商,,,,02590000
RPTOMLSJJIMFFHF66CC,民權段,.00,都市：住,,,,08760000
RPXNMLSJJIMFFBF56EC,新豐段,13.26,都市：商,,,,00100000
RPVNMLSJJIMFFGF66CC,仁義段,.00,都市：住,,,,02600002
RPRNMLSJJIMFFGF88CC,重新段壹小段,.00,都市：商,,,,00560005
RPPNMLTJJIMFFDF48CC,智興段,.00,都市：商,,,,05000000
RPUOMLTJJIMFFAF98EC,員和段,.00,都市：住,,,,00390000
RPXNMLTJJIMFFEF76CC,公司田段,.00,都市：住,,,,00050000
RPXQMLKKJIMFFEF88CC,公司田段,19.95,都市：住,,,,00100001
RPVSMLKKJIMFFEF88CC,水仙段,.00,都市：商,,,,00670000
RPXSMLKKJIMFFEF09CC,海鷗段,27.28,都市：住,,,,04840000
RPPTMLKKJIMFFEF38CC,馬偕段,5.67,都市：工,,,,01960000
RPRPMLTJJIMFFBF68CC,復興段,35.50,都市：住,,,,03850000
RPXNMLRJJIMFFBF88CC,麗林段,.00,都市：商,,,,04070002
RPPQMLRJJIMFFBF38CC,五工段,2489.99,非都市：工業區 ; 非都市編定：丁種建築用地,,,,05440000
RPQOMLSJJIMFFBF38CC,中原段,21.69,都市：商,,,,01960000
RPWOMLRJJIMFFBF88CC,中原段,.00,都市：住,,,,03340000
RPSPMLQJJIMFFBF48CC,力行段,15.65,都市：住,,,,09370000
RPQOMLTJJIMFFBF48CC,副都心段一小段,16.67,都市：商,,,,03990000
RPVOMLRJJIMFFBF78CC,中原段,22.11,都市：住,,,,00880000
RPTNMLKKJIMFFBF87CC,副都心段一小段,.00,都市：商,,,,02810002
RPOOMLKKJIMFFBF47CC,五工段,.00,非都市：工業區 ; 非都市編定：丁種建築用地,,,,05200000
RPXQMLKKJIMFFHF56CC,保健段,.00,都市：住,,,,01860000
RPXQMLKKJIMFFHF56CC,保健段,.00,都市：住,,,,01870000
RPWNMLKKJIMFFHF78CC,民治段,.00,都市：商,,,,08020000
RPQRMLKKJIMFFAF87CC,延和段,26.40,都市：住,,,,05120000
RPUNMLKKJIMFFBF97CC,自立段,76.14,都市：商,,,,09790000
RPSPMLKKJIMFFHF58CC,安平段,.00,都市：住,,,,00190000
RPPOMLSJJIMFFBF48EC,新豐段,13.26,都市：住,,,,00010000
RPWNMLKKJIMFFGF88EC,大安段,.00,都市：住,,,,04030000
