﻿編號,土地位置,土地移轉面積(平方公尺),使用分區或編定,權利人持分分母,權利人持分分子,移轉情形,地號
The serial number, land position,land shifting area square meter,the use zoning or compiles and checks,,,,land parcel
RPROMLLJQHMFFAH48CC,富國段,243.20,都市：住,,,,03730001
RPXNMLLJQHMFFAH98CC,埔子段埔子小段,14.42,都市：住,,,,18720000
RPQOMLLJQHMFFEH78CC,公埔段,33.02,都市：住,,,,07930000
RPOOMLLJQHMFFAH18CC,大有段,6.74,都市：住,,,,01870000
RPPRMLLJQHMFFBH68CC,新街段,.00,都市：住,,,,00410000
RPPRMLLJQHMFFBH68CC,新街段,.00,都市：住,,,,00420000
RPPRMLLJQHMFFBH68CC,新街段,.00,都市：住,,,,00430000
RPQOMLLJQHMFFHH09CC,東嶺段,58.77,非都市：山坡地保育區 ; 非都市編定：丙種建築用地,,,,03300000
RPOPMLLJQHMFFDH68DC,埔頂段埔頂小段,297.00,非都市：特定農業區 ; 非都市編定：丁種建築用地,,,,22570000
RPSRMLLJQHMFFDH66DC,草湳坡段埔心小段,13.80,都市：住,,,,00200531
RPSOMLLJQHMFFEH98CC,上興段,496.29,都市：工,,,,09110000
RPSNMLMJQHMFFFH09CC,大智段,22.92,都市：住,,,,01230000
RPQNMLMJQHMFFEH78CC,六福段,13.69,都市：住,,,,03270000
RPXNMLMJQHMFFFH96CC,高明段,466.35,都市：工,,,,10920000
RPOOMLMJQHMFFFH78CC,廣隆段,18.36,都市：住,,,,12780000
RPUPMLMJQHMFFAH98CC,大興段,5.85,都市：住,,,,03620000
RPVPMLMJQHMFFAH09CC,大有段,1.02,都市：住,,,,05450000
RPRSMLNJQHMFFBH66DC,普義段,4.70,都市：住,,,,05300000
RPRTMLNJQHMFFBH76DC,石頭段,4.00,都市：商,,,,00370020
RPSNMLNJQHMFFFH66DC,福國段,27.23,都市：住,,,,00450000
RPWNMLNJQHMFFFH07DC,建國段,52.67,非都市：特定農業區 ; 非都市編定：甲種建築用地,,,,12200000
RPOOMLNJQHMFFFH98DC,豐田段,32.04,都市：住,,,,02840000
RPRNMLNJQHMFFFH56DC,興豐段,31.54,都市：住,,,,24720000
RPPOMLNJQHMFFFH09DC,福興段,30.21,都市：商,,,,09610000
RPVNMLNJQHMFFFH96DC,福興段,31.61,都市：住,,,,08230000
RPTNMLOJQHMFFDH56CC,草湳坡段埔心小段,.00,都市：住,,,,00570003
RPOOMLRJQHMFFGH76CC,金鍊段,.00,都市：住,,,,07380000
RPVNMLRJQHMFFEH17CC,六福段,.00,都市：工,,,,03270000
RPPOMLRJQHMFFEH66CC,河底段,20.07,都市：住,,,,01440000
RPOPMLRJQHMFFAH88CC,大樹林段,191.00,都市：工,,,,18590000
RPOPMLRJQHMFFAH88CC,大樹林段,4306.00,都市：工,,,,18590003
RPPQMLRJQHMFFAH09CC,中山段,.00,都市：商,,,,01010000
RPVNMLMJQHMFFHH96CC,樂善段,215.00,都市：住,,,,01610000
RPVNMLMJQHMFFHH96CC,樂善段,215.00,都市：住,,,,01610001
RPOOMLRJQHMFFDH09CC,大金山下段大金山下小段,.00,都市：住,,,,00460000
RPQPMLRJQHMFFBH56CC,中壢埔頂段,.00,都市：住,,,,18360003
RPXQMLOJQHMFFBH07CC,仁愛段,144.00,都市：住,,,,12210000
RPTOMLSJQHMFFBH86CC,中壢埔頂段,.00,都市：其他:(道路用地.住宅區),,,,17230000
RPUOMLSJQHMFFBH96CC,後興段,.00,都市：住,,,,03260001
RPXOMLSJQHMFFBH27CC,中壢埔頂段,.00,都市：住,,,,09420016
RPSNMLNJQHMFFBH78CC,後寮段,.00,都市：其他:道路用地.住宅區,,,,02530000
RPOOMLSJQHMFFBH98CC,中壢埔頂段,.00,都市：住,,,,13990023
RPPOMLOJQHMFFBH68CC,中壢埔頂段,.00,都市：住,,,,10780000
RPUOMLSJQHMFFEH27CC,長興段,294.93,都市：工,,,,04620000
RPTOMLSJQHMFFEH17CC,六福段,214.33,都市：工,,,,00570000
RPTOMLSJQHMFFEH17CC,六福段,30.55,都市：工,,,,00580000
RPTOMLSJQHMFFEH17CC,六福段,16.78,都市：工,,,,00590000
RPTOMLSJQHMFFEH17CC,六福段,275.35,都市：工,,,,00600000
RPVNMLSJQHMFFAH96DC,春日段,26.00,都市：住,,,,12590000
RPQNMLTJQHMFFHH17CC,善捷段,.00,都市：住,,,,00040000
RPTOMLTJQHMFFEH27CC,六福段,.00,都市：工,,,,03270000
RPSNMLSJQHMFFGH17CC,新榮段,.00,都市：住,,,,02970000
RPOPMLTJQHMFFEH86CC,六福段,.00,都市：工,,,,03270000
RPONNLSJQHMFFBH09DC,仁愛段,20.25,都市：住,,,,06410000
RPWOMLTJQHMFFAH17CC,福元段,10.35,都市：住,,,,03320000
RPOOMLTJQHMFFBH09CC,石頭段,.00,都市：住,,,,00030383
RPWPMLKKQHMFFBH56CC,石頭段,.00,都市：商,,,,00250017
RPSNMLKKQHMFFHH56CC,公華段,.00,都市：住,,,,04040000
RPVNMLLKQHMFFDH56CC,草湳坡段埔心小段,.00,都市：住,,,,00370035
RPXPMLTJQHMFFEH77CC,河底段,20.06,都市：商,,,,03500000
RPOOMLLKQHMFFBH38CC,興南段興南小段,.00,都市：住,,,,02270174
RPQNMLKKQHMFFBH38CC,復興段,.00,都市：住,,,,09100000
RPQOMLLKQHMFFBH58CC,環東段,.00,都市：住,,,,07620000
RPRNMLMKQHMFFAH58CC,富國段,15.42,都市：住,,,,05850000
RPPNMLMKQHMFFAH38CC,中路段,5.24,都市：住,,,,16700000
RPPPMLKKQHMFFAH38CC,中埔段,21.41,都市：住,,,,02280000
RPUNMLKKQHMFFAH68CC,慈文段,.00,都市：住,,,,18460001
RPUPMLLKQHMFFAH98CC,同安段,359.00,都市：其他:,,,,11490000
RPOOMLNJQHMFFGH09DC,延平段,100.84,都市：住,,,,08270000
RPQQMLOKQHMFFAH09DC,大興段,132.59,都市：住,,,,02760000
RPQQMLOKQHMFFAH09DC,大興段,131.16,都市：住,,,,02750000
RPWNMLOKQHMFFAH66CC,西門段,.00,都市：住,,,,06580000
RPWNMLOKQHMFFAH66CC,西門段,.00,都市：其他:(道路用地),,,,06580001
RPXNMLOKQHMFFAH76CC,桃鶯段,.00,都市：住,,,,05250003
RPTOMLOKQHMFFAH09CC,春日段,.00,都市：住,,,,11290000
RPQPMLOKQHMFFAH88CC,青溪段,19.41,都市：商,,,,00240000
RPSPMLOKQHMFFAH09CC,青溪段,6.13,都市：住,,,,00240000
RPTNMLPKQHMFFEH86CC,青峰段,35.41,都市：住,,,,02640000
RPUNMLOKQHMFFBH56CC,中北段,.00,都市：住,,,,01420000
RPQNMLMKQHMFFBH58CC,三座屋段三座屋小段,22.38,都市：住,,,,04670002
RPSOMLLKQHMFFBH78CC,中工段,.00,非都市：工業區 ; 非都市編定：丁種建築用地,,,,05890001
RPTNMLOKQHMFFBH09CC,復興段,.00,都市：住,,,,09100000
RPSPMLPKQHMFFBH76DC,中壢埔頂段,211.00,都市：住,,,,11960000
RPVNMLPKQHMFFEH17DC,青峰段,26.77,都市：住,,,,03090000
RPQOMLPKQHMFFEH76DC,河底段,7.47,都市：住,,,,04770000
RPQNMLPKQHMFFFH76DC,大和段,11.84,都市：住,,,,02630000
RPQNMLPKQHMFFFH76DC,大和段,1.92,都市：住,,,,02630000
RPRNMLPKQHMFFFH86DC,大智段,30.09,都市：住,,,,00790010
RPRNMLPKQHMFFFH86DC,大智段,29.40,都市：住,,,,00820023
RPRNMLPKQHMFFFH86DC,大智段,.01,都市：住,,,,00820046
RPRNMLPKQHMFFFH86DC,大智段,.22,都市：住,,,,01200000
RPQNMLKKQHMFFGH88CC,環南段,.00,都市：住,,,,10040000
RPVNMLOKQHMFFGH17CC,廣仁段,3676.32,都市：住,,,,00030000
RPQNMLMKQHMFFGH09CC,建安段,66.82,非都市：鄉村區 ; 非都市編定：乙種建築用地,,,,14900000
RPPNMLMKQHMFFGH98CC,東陵段,75.46,非都市：特定農業區 ; 非都市編定：甲種建築用地,,,,10020000
RPUNMLQKQHMFFGH37DC,新富段,65.04,都市：住,,,,04110000
RPWNMLRKQHMFFGH57CC,忠貞段,17.72,都市：商,,,,00480000
RPOOMLQKQHMFFHH86CC,樂善段,33.11,都市：住,,,,02720000
RPVPMLRKQHMFFBH17CC,普仁段,.00,都市：商,,,,10260000
RPTPMLRKQHMFFAH86CC,中山段,27.56,都市：住,,,,03260000
RPVNMLQKQHMFFCH96CC,潛龍段,.53,非都市：鄉村區 ; 非都市編定：乙種建築用地,,,,10790000
RPVNMLQKQHMFFCH96CC,潛龍段,41.95,非都市：鄉村區 ; 非都市編定：乙種建築用地,,,,10990000
RPOOMLSKQHMFFBH09CC,前寮段,.00,都市：住,,,,03300002
RPQOMLSKQHMFFBH66CC,忠孝段,.00,都市：住,,,,12870000
RPQOMLSKQHMFFBH66CC,忠孝段,.00,都市：住,,,,12880000
RPQPMLSKQHMFFAH66CC,中埔段,132.00,都市：住,,,,00530000
RPQPMLSKQHMFFAH66CC,中埔段,132.00,都市：住,,,,00540000
RPQQMLSKQHMFFAH76CC,大樹林段,19.83,都市：住,,,,06960000
RPPNMLSKQHMFFGH96CC,新富段,.00,都市：住,,,,03210000
RPQNMLSKQHMFFHH17CC,文化段,8.22,都市：商,,,,03240000
RPQNMLSKQHMFFEH86CC,大新段,72.96,都市：住,,,,03720013
RPRNMLSKQHMFFEH96CC,公埔段,.00,都市：住,,,,07820000
RPVOMLSKQHMFFFH67DC,大智段,25.64,都市：住,,,,04200000
RPRNMLLLQHMFFCH78CC,田心子段下田心子小段,.00,都市：住,,,,11610004
RPRNMLLLQHMFFCH78CC,田心子段下田心子小段,.00,都市：住,,,,11630000
RPWNMLLLQHMFFGH07CC,平鎮段,17.45,都市：住,,,,09910000
RPXNMLLLQHMFFAH56CC,大樹林段,92.56,都市：住,,,,04100012
RPUNMLLLQHMFFBH98CC,遠東段,.00,都市：住,,,,08170000
RPVNMLLLQHMFFBH09CC,仁愛段,.00,都市：住,,,,09160000
RPQOMLLLQHMFFBH68CC,普義段,92.00,都市：住,,,,08460005
RPQOMLLLQHMFFBH68CC,普義段,17.00,都市：住,,,,08500089
RPUOMLMLQHMFFAH09CC,龍鳳段,.00,都市：工,,,,07650000
RPRPMLMLQHMFFDH56CC,大平段,3171.74,都市：工,,,,00270000
RPRNMLLLQHMFFFH09CC,大庄段,.00,非都市：鄉村區 ; 非都市編定：乙種建築用地,,,,04860000
RPTOMLRJQHMFFFH17CC,興仁段,.00,都市：商,,,,06080000
RPUNMLPKQHMFFFH07CC,興仁段,.00,都市：商,,,,05890000
RPVNMLPKQHMFFFH17CC,大庄段,.00,非都市：鄉村區 ; 非都市編定：乙種建築用地,,,,08820000
RPPPMLSKQHMFFFH07CC,福興段,.00,都市：住,,,,07790000
RPTNMLPKQHMFFFH96CC,福興段,.00,都市：商,,,,09750000
RPQNMLMLQHMFFCH88DC,中山段,28.90,都市：住,,,,04110000
RPWOMLMLQHMFFBH86DC,自立段,33.88,都市：住,,,,07230000
RPOOMLMLQHMFFCH78DC,龍吟段,135.17,非都市：鄉村區 ; 非都市編定：乙種建築用地,,,,00280000
RPSNMLMLQHMFFFH66CC,明智段,.00,都市：住,,,,00360000
RPVPMLMLQHMFFCH96DC,武漢段,90.53,非都市：鄉村區 ; 非都市編定：乙種建築用地,,,,01680000
RPVPMLNLQHMFFFH37DC,大和段,29.14,都市：住,,,,02910000
RPQNMLNLQHMFFCH98DC,湖底段,19.48,都市：商,,,,04240000
RPQNMLNLQHMFFCH98DC,湖底段,.92,都市：其他:商業區，住宅區,,,,06170000
RPSOMLPKQHMFFGH27EC,新北段,84.05,非都市：鄉村區 ; 非都市編定：乙種建築用地,,,,12460000
RPXPMLNLQHMFFFH57DC,大和段,29.14,都市：住,,,,02910000
RPUNMLNLQHMFFFH96CC,福興段,.00,非都市： ; 非都市編定：,,,,09610000
RPROMLNLQHMFFEH66CC,南崁段,70.37,都市：商,,,,01930000
RPWPMLNLQHMFFFH37CC,廣福段,117.32,都市：商,,,,03910000
RPVNMLNLQHMFFAH56CC,西門段,.00,都市：住,,,,06810000
RPUOMLNLQHMFFAH56CC,春日段,.00,都市：住,,,,10920000
RPQOMLOLQHMFFDH56CC,大金山下段大金山下小段,.00,都市：住,,,,00460000
RPRNMLOLQHMFFGH86CC,廣豐段,.00,都市：其他:(道路用地.住宅區),,,,05050000
RPQOMLNLQHMFFBH88CC,石頭段,.00,都市：住,,,,05140000
RPRPMLNLQHMFFBH09CC,復興段,.00,都市：住,,,,11420008
RPQOMLMLQHMFFBH78CC,忠福段,.00,都市：住,,,,29550000
RPSOMLMLQHMFFBH98CC,環東段,.00,都市：住,,,,00280000
RPUOMLPLQHMFFDH07CC,頭重溪段,.00,都市：住,,,,01660096
RPROMLPLQHMFFBH56CC,後興段,.00,都市：住,,,,04990003
RPWNMLPLQHMFFBH96CC,遠東段,.00,都市：住,,,,08170000
RPPOMLPLQHMFFBH98CC,興南段興南小段,.00,都市：商,,,,02660000
RPXNMLMLQHMFFHH37CC,蔗園段,1408.83,都市：工,,,,01660000
RPPPMLNLQHMFFHH86CC,精忠段,14.14,都市：住,,,,15550000
RPTOMLPLQHMFFBH76CC,興南段公坡小段,.00,都市：住,,,,01640000
RPRNMLPLQHMFFAH98CC,桃園段長美小段,.00,都市：商,,,,01530004
RPUOMLPLQHMFFBH86CC,石頭段,.00,都市：住,,,,00030238
RPSNMLPLQHMFFAH09CC,龍安段,.00,都市：住,,,,02400000
RPSNMLSLQHMFFHH47CC,興華段,17.30,都市：商,,,,00910000
RPVNMLKMQHMFFDH66CC,大金山下段大金山下小段,.00,都市：住,,,,00100004
RPRNMLKMQHMFFAH58CC,龍鳳段,.00,都市：其他:住宅區.人行步道用地,,,,05630000
RPXNMLKMQHMFFDH86CC,大金山下段大金山下小段,.00,都市：住,,,,00460000
RPPNMLKMQHMFFBH48CC,仁愛段,.00,都市：住,,,,06410000
RPPNMLKMQHMFFEH88DC,羊稠段,31.33,都市：住,,,,01930000
RPQNMLKMQHMFFBH58CC,石頭段,.00,都市：商,,,,00030891
RPQNMLKMQHMFFBH58CC,石頭段,.00,都市：商,,,,00030892
RPTNMLLMQHMFFBH98CC,中工段,.00,都市：住,,,,17090004
RPTNMLLMQHMFFBH98CC,中工段,.00,都市：住,,,,17090005
RPUNMLKMQHMFFFH86DC,大智段,25.64,都市：住,,,,04200000
RPRNMLLMQHMFFEH09CC,五塊厝段下埔小段,.00,非都市：特定農業區 ; 非都市編定：甲種建築用地,,,,17160000
RPSOMLLJRHMFFAH78DC,國強段,8.33,都市：住,,,,00490000
RPTOMLLJRHMFFEH66DC,青峰段,39.80,都市：住,,,,03090000
RPUNMLOJRHMFFDH76CC,雙榮段,.00,都市：住,,,,02440000
RPTPMLMLQHMFFCH66CC,烏林段,634.17,非都市：工業區 ; 非都市編定：丁種建築用地,,,,00950005
RPUPMLMLQHMFFCH76CC,烏林段,547.00,非都市：工業區 ; 非都市編定：丁種建築用地,,,,00950004
RPPNMLLMQHMFFFH98CC,福興段,.00,都市：商,,,,09610000
RPPNMLOJRHMFFFH09CC,豐田段,.00,都市：住,,,,14050000
RPTNMLOJRHMFFEH76CC,六福段,10.64,都市：住,,,,08140000
RPWSMLLJRHMFFBH07DC,青平段,30.62,都市：住,,,,00030000
RPVOMLOJRHMFFFH17CC,福興段,.00,都市：商,,,,06910000
RPVOMLOJRHMFFFH17CC,福興段,.00,都市：商,,,,06920000
RPSNMLPJRHMFFFH86CC,大和段,17.84,都市：住,,,,02550000
RPTNMLPJRHMFFBH56CC,石頭段,.00,都市：商,,,,00030891
RPTNMLPJRHMFFBH56CC,石頭段,.00,都市：商,,,,00030892
RPVNMLPJRHMFFBH76CC,前寮段,.00,都市：住,,,,08710068
RPOSMLPJRHMFFBH66DC,中北段,32.87,都市：其他:,,,,11240000
RPWRMLPJRHMFFBH37DC,興南段興南小段,17.38,都市：住,,,,02270660
RPPOMLQJRHMFFGH96DC,廣豐段,23.19,都市：住,,,,06970000
RPWNMLPJRHMFFBH86CC,東寮段,.00,都市：住,,,,02880000
RPSNMLKMQHMFFGH66CC,中央段,.00,都市：住,,,,09380000
RPQNMLLMQHMFFGH56CC,復旦段,.00,都市：住,,,,00800000
RPSNMLPJRHMFFAH98CC,中埔段,.00,都市：住,,,,07690000
RPUPMLQJRHMFFAH86CC,寶山段,16.26,都市：住,,,,08360000
RPPOMLPJRHMFFAH78CC,龍鳳段,.00,都市：其他:(住宅區.農業業.綠地用地),,,,07350000
RPRQMLQJRHMFFAH66CC,長安段,21.21,都市：住,,,,00020000
RPVOMLQJRHMFFAH86CC,會稽段,.00,都市：住,,,,04470000
RPSQMLQJRHMFFAH76CC,桃園段武陵小段,3.28,都市：住,,,,00440000
RPVPMLQJRHMFFAH96CC,大興段,10.19,都市：住,,,,01990000
RPWPMLQJRHMFFAH07CC,忠義段,4.38,都市：住,,,,05140000
RPOOMLRJRHMFFAH98DC,桃鶯段,20.22,都市：住,,,,01160000
RPUQMLQJRHMFFAH96CC,汴洲段,495.00,都市：工,,,,01600000
RPUQMLQJRHMFFAH96CC,汴洲段,830.00,都市：工,,,,01610000
RPWNMLQJRHMFFBH96CC,三座屋段三座屋小段,17.13,都市：住,,,,04670002
RPPOMLRJRHMFFAH09DC,大樹林段,8.41,都市：商,,,,06870002
RPPOMLRJRHMFFAH09DC,大樹林段,3.27,都市：住,,,,06870013
RPTOMLOLQHMFFDH96DC,大金山下段大金山下小段,56.00,都市：其他:,,,,00550195
RPSOMLOLQHMFFDH86DC,啟明段,572.00,都市：其他:,,,,08710000
RPSRMLQJRHMFFAH86CC,雲林段,.77,都市：住,,,,03560000
RPSRMLQJRHMFFAH86CC,雲林段,5.82,都市：住,,,,03640000
RPSRMLQJRHMFFAH86CC,雲林段,79.79,都市：住,,,,03360013
RPWNMLRJRHMFFEH37CC,竹圍段拔子林小段,37.72,都市：住,,,,01910000
RPWOMLLJRHMFFDH86DC,富九段,32.26,非都市：特定農業區 ; 非都市編定：甲種建築用地,,,,02470000
RPWOMLLJRHMFFDH86DC,富九段,47.60,非都市：特定農業區 ; 非都市編定：甲種建築用地,,,,02480000
RPVNMLRJRHMFFGH57DC,富貴段,4.75,都市：住,,,,07280000
RPRPMLRJRHMFFBH76CC,雙嶺段,29.90,都市：住,,,,15370000
RPVNMLRJRHMFFGH57DC,富貴段,11.00,都市：住,,,,07290000
RPVNMLRJRHMFFGH57DC,富貴段,48.06,都市：住,,,,07840000
RPVNMLRJRHMFFGH57DC,富貴段,100.02,都市：住,,,,07850000
RPROMLRJRHMFFFH17DC,大福段,20.46,都市：商,,,,06010000
RPUOMLRJRHMFFCH17DC,仁善段,125.68,都市：住,,,,07170006
RPQNMLSJRHMFFFH07DC,明智段,43.74,都市：住,,,,00240000
RPSNMLSJRHMFFEH17DC,富興段,3165.56,都市：農,,,,04840000
RPSNMLSJRHMFFEH17DC,富興段,2542.61,都市：農,,,,04950000
RPSNMLSJRHMFFEH17DC,富興段,136.72,都市：農,,,,04750000
RPXNMLSJRHMFFFH77DC,福興段,25.16,都市：住,,,,08380000
RPTOMLSJRHMFFCH17DC,埔頂段,86.35,都市：住,,,,12570000
RPTNMLSJRHMFFAH76CC,玉山段,.00,都市：工,,,,03010000
RPROMLRJRHMFFBH76DC,復興段,13.66,都市：住,,,,14490000
RPROMLSJRHMFFFH27DC,茄明段,34.65,都市：住,,,,07190000
RPVNMLSJRHMFFAH96CC,西門段,.00,都市：其他:(道路用地.住宅區),,,,06190000
RPPOMLSJRHMFFAH09CC,富國段,.00,都市：住,,,,04460000
RPRNMLSJRHMFFFH07CC,豐田段,.00,都市：住,,,,14750000
RPSNMLSJRHMFFFH17CC,大華段,.00,都市：住,,,,05930004
RPVQMLSJRHMFFAH37DC,大樹林段,27.80,都市：住,,,,07710107
RPTPMLSJRHMFFGH57CC,廣西段,22.02,都市：住,,,,01770000
RPPNMLTJRHMFFGH07CC,富貴段,105.38,非都市：特定農業區 ; 非都市編定：甲種建築用地,,,,00590000
RPPOMLMKRHMFFBH78DC,雙嶺段,22.85,都市：住,,,,13920000
RPRNMLMKRHMFFGH76DC,義民段,33.76,都市：住,,,,08580000
RPXNMLMKRHMFFCH86CC,南龍段,30.40,都市：住,,,,02460000
RPXNMLMKRHMFFBH86DC,雙嶺段,18.44,都市：住,,,,14040000
RPVNMLMKRHMFFBH66DC,雙嶺段,15.85,都市：住,,,,13320000
RPQOMLMKRHMFFBH88DC,復興段,15.02,都市：住,,,,20620000
RPQNMLMKRHMFFAH58CC,長安段,.00,都市：住,,,,02140000
RPPNMLMKRHMFFBH58CC,復興段,.00,都市：住,,,,09090006
RPQNMLMKRHMFFBH68CC,中壢埔頂段,.00,都市：住,,,,13370000
RPTNMLMKRHMFFBH98CC,內壢段,.00,都市：其他:(零星工業區),,,,17510074
RPRNMLMKRHMFFBH78CC,振興段,.00,都市：住,,,,03110000
RPPSMLNKRHMFFBH56CC,永興段,.00,都市：商,,,,00930000
RPWNMLNKRHMFFEH07CC,南崁廟口段廟口小段,.00,都市：住,,,,00080000
RPTNMLNKRHMFFAH09DC,延壽段,11.28,都市：住,,,,03180000
RPUNMLOKRHMFFHH27CC,善捷段,22.28,都市：住,,,,00030000
RPRNMLOKRHMFFEH66CC,六福段,.00,都市：工,,,,03270000
RPVNMLOKRHMFFFH17CC,大和段,.00,都市：住,,,,02910000
RPRNMLLKRHMFFFH09CC,福國段,.00,都市：住,,,,01360000
RPTNMLNKRHMFFFH86CC,同福段,12.68,都市：住,,,,03510000
RPOOMLSJRHMFFFH86CC,連城段,31.45,非都市：特定農業區 ; 非都市編定：甲種建築用地,,,,02840000
RPQNMLMKRHMFFFH09CC,明智段,.00,都市：住,,,,00040000
RPPNMLMKRHMFFFH98CC,前程段,.00,都市：住,,,,00900000
RPPNMLPKRHMFFGH76CC,富貴段,30.00,都市：住,,,,08480001
RPXNMLOKRHMFFDH27DC,幼獅段,25.04,都市：住,,,,12240000
RPUPMLPKRHMFFAH96DC,新埔段,110.00,都市：其他:,,,,05470000
RPVPMLPKRHMFFAH07DC,和平段,27.22,都市：其他:,,,,03730000
RPQNMLQKRHMFFHH07CC,大同段,10.94,都市：住,,,,04230000
RPPNMLQKRHMFFHH96CC,陸光段,19.14,都市：住,,,,10780000
RPPNMLQKRHMFFHH96CC,陸光段,5.85,都市：住,,,,10700000
RPQNMLQKRHMFFBH09CC,興和段,462.84,都市：其他:,,,,06830000
RPQNMLQKRHMFFBH09CC,興和段,464.74,都市：其他:,,,,06840000
RPQNMLQKRHMFFBH09CC,興和段,522.27,都市：其他:,,,,06850000
RPVNMLSKRHMFFFH77EC,八塊段,6.02,都市：住,,,,12410000
RPWNMLSKRHMFFFH87EC,大和段,16.50,都市：住,,,,02550000
RPXNMLSKRHMFFFH97EC,豐田段,21.76,都市：住,,,,14490000
RPOOMLSKRHMFFFH17EC,明智段,24.83,都市：住,,,,00360000
RPRNMLTKRHMFFEH37EC,大竹圍段,48.88,都市：住,,,,07470000
RPSNMLTKRHMFFEH47EC,錦中段,22.65,都市：工,,,,00970000
RPTNMLTKRHMFFEH57EC,南崁廟口段營盤坑小段,19.95,都市：住,,,,01940000
RPRPMLSKRHMFFAH86CC,忠義段,4.64,都市：住,,,,05140000
RPPNMLQKRHMFFAH88CC,富國段,17.10,都市：住,,,,02980000
RPVPMLMKRHMFFAH66CC,寶山段,9.70,都市：商,,,,07230000
RPUNMLMKRHMFFAH98CC,埔子段北門埔子小段,.00,都市：商,,,,00840023
RPOPMLTKRHMFFBH76CC,西寮段,.00,都市：住,,,,01460000
RPOOMLTKRHMFFAH76EC,會稽段,14.60,都市：住,,,,00980000
RPOOMLTKRHMFFFH07CC,高城段,11.97,都市：住,,,,00860000
RPUNMLKLRHMFFEH66CC,長安段,200.82,都市：商,,,,10870000
RPROMLKLRHMFFEH09CC,竹圍段拔子林小段,15.51,都市：住,,,,01910000
RPOOMLKLRHMFFBH48CC,普義段,.00,都市：住,,,,04100000
RPRNMLQKRHMFFHH17CC,半嶺段,16.33,都市：商,,,,07030000
RPQOMLKLRHMFFBH68CC,中壢埔頂段,.00,都市：住,,,,15930005
RPRNMLKLRHMFFFH56DC,豐田段,18.09,都市：住,,,,14690000
RPTOMLKLRHMFFBH09DC,三座屋段三座屋小段,95.41,都市：住,,,,00010000
RPUNMLLLRHMFFBH56DC,環東段,9.32,都市：住,,,,01890001
RPXNMLLLRHMFFBH86DC,中工段,3.06,非都市：工業區 ; 非都市編定：丁種建築用地,,,,07440013
RPXNMLLLRHMFFBH86DC,中工段,20.14,都市：住,,,,07440006
RPPOMLTKRHMFFFH17CC,高城段,11.96,都市：住,,,,00860000
RPRNMLLLRHMFFBH78CC,自立段,.00,都市：住,,,,03920000
RPTNMLLLRHMFFBH98CC,新街段,.00,都市：住,,,,08620000
RPXOMLLLRHMFFBH86CC,遠東段,.00,都市：住,,,,01200000
RPURMLLLRHMFFBH86CC,新街段,.00,都市：住,,,,08620000
RPQNMLLLRHMFFAH58CC,中路段,.00,都市：住,,,,16700009
RPQNMLLLRHMFFAH58CC,中路段,.00,都市：住,,,,16700010
RPXOMLLLRHMFFEH17CC,羊稠段,12.53,都市：住,,,,04010000
RPUNMLKLRHMFFAH09EC,龍安段,25.65,都市：商,,,,02830001
RPRNMLKLRHMFFAH78EC,國聖段,8.32,都市：住,,,,06850000
RPROMLLKRHMFFEH56DC,大新段,79.90,都市：住,,,,00230000
RPOOMLOKRHMFFEH56DC,青峰段,359.31,都市：住,,,,02600002
RPQNMLLLRHMFFEH09DC,青峰段,25.94,都市：住,,,,03090000
RPXNMLOKRHMFFEH37DC,青峰段,109.69,都市：住,,,,04950000
RPTNMLMLRHMFFFH86CC,瑞豐段,.00,非都市：鄉村區 ; 非都市編定：乙種建築用地,,,,01930000
RPRNMLMLRHMFFAH78CC,中路二段,527.28,都市：住,,,,01930000
RPXNMLMLRHMFFBH86CC,內壢段,.00,都市：工,,,,07850088
RPQOMLMLRHMFFBH88CC,自立段,.00,都市：住,,,,05930009
RPPNMLMLRHMFFGH76EC,平鎮段,.03,都市：商,,,,12850000
RPPNMLMLRHMFFGH76EC,南勢段,12.48,都市：商,,,,01890000
RPXOMLMLRHMFFEH37DC,青峰段,128.56,都市：住,,,,03790005
RPSOMLMLRHMFFBH09CC,遠東段,.00,都市：住,,,,00160006
RPUNMLPLRHMFFBH86CC,忠孝段,.00,都市：住,,,,04560000
RPVNMLPLRHMFFBH96CC,新街段,.00,都市：住,,,,08620000
RPQPMLPLRHMFFFH07CC,興仁段,13.21,都市：商,,,,06080000
RPSNMLPLRHMFFEH96CC,河底段,9.16,都市：住,,,,02520000
RPSNMLLLRHMFFDH09CC,大金山下段大金山下小段,.00,都市：住,,,,00470000
RPTOMLQJRHMFFDH96CC,大金山下段大金山下小段,.00,都市：住,,,,00650004
RPUNMLPLRHMFFDH07CC,大金山下段大金山下小段,.00,都市：住,,,,00100000
RPXNMLLLRHMFFDH96CC,大金山下段大金山下小段,.00,都市：住,,,,00460000
RPVNMLMLRHMFFDH86CC,大金山下段大金山下小段,.00,都市：住,,,,00460000
RPRQMLQLRHMFFBH96CC,大湖段,539.91,非都市：特定農業區 ; 非都市編定：丁種建築用地,,,,03820001
RPTOMLQLRHMFFBH07DC,三座屋段舊社小段,88.00,都市：住,,,,01770236
RPTOMLQLRHMFFBH07DC,三座屋段舊社小段,105.00,都市：住,,,,01770237
RPOPMLQLRHMFFBH56CC,忠孝段,105.00,都市：住,,,,07550000
RPXPMLRLRHMFFBH67DC,雙嶺段,8.16,都市：住,,,,13920000
RPSPMLSLRHMFFEH47CC,大新段,15.33,非都市： ; 非都市編定：,,,,02290002
RPSNMLRLRHMFFFH27CC,大忠段,113.60,都市：商,,,,11670000
RPSNMLSLRHMFFGH57DC,金鍊段,95.94,都市：住,,,,11430009
RPSNMLSLRHMFFGH57DC,金鍊段,22.69,都市：住,,,,11430001
RPTNMLTLRHMFFEH57DC,竹圍段拔子林小段,12.73,都市：住,,,,01870000
RPTOMLTLRHMFFAH17CC,埔子段埔子小段,127.00,都市：住,,,,16000014
RPSOMLTLRHMFFAH07CC,鹽埕段,60.47,都市：工,,,,00110001
RPOPMLTLRHMFFAH76CC,春日段,22.14,都市：住,,,,06970000
RPRPMLTLRHMFFAH07CC,同安段,83.53,都市：住,,,,10280000
RPPNMLKMRHMFFBH58CC,仁祥段,.00,都市：住,,,,00050000
RPQNMLKMRHMFFBH68CC,普義段,.00,都市：住,,,,23640000
RPQQMLKMRHMFFAH88CC,慈文段,8.45,都市：住,,,,00190000
RPUNMLTKRHMFFAH17DC,富國段,104.07,都市：住,,,,05290000
RPUNMLTKRHMFFAH17DC,富國段,19.00,都市：住,,,,05290005
RPUNMLKMRHMFFBH09CC,復興段,.00,都市：住,,,,00760010
RPVNMLKMRHMFFBH56CC,三座屋段舊社小段,.00,都市：住,,,,01170000
RPXNMLKMRHMFFBH76CC,中北段,.00,都市：住,,,,03930000
RPPNMLKMRHMFFEH88CC,福興段,.00,都市：農,,,,06630000
RPPNMLLJIIMFFEH87CC,青山段,39.59,都市：住,,,,03040000
RPQNMLLJIIMFFDH97DC,水美段,271.88,非都市：特定農業區 ; 非都市編定：丁種建築用地,,,,11390000
RPQNMLLJIIMFFDH97DC,水美段,47.55,非都市：山坡地保育區 ; 非都市編定：丁種建築用地,,,,11400000
RPQNMLLJIIMFFDH97DC,水美段,62.23,非都市：特定農業區 ; 非都市編定：丁種建築用地,,,,11420000
RPQNMLLJIIMFFDH97DC,水美段,187.37,非都市：特定農業區 ; 非都市編定：丁種建築用地,,,,11440000
RPTOMLMJIIMFFEH58DC,青山段,22.96,都市：住,,,,03040000
RPTOMLMJIIMFFFH58CC,興仁段,13.21,都市：商,,,,06080000
RPOQMLNJIIMFFEH28CC,埔心段三塊厝小段,1951.00,非都市：特定農業區 ; 非都市編定：農牧用地,,,,04340000
RPOQMLNJIIMFFEH28CC,埔心段三塊厝小段,1934.00,非都市：特定農業區 ; 非都市編定：農牧用地,,,,04330000
RPVNMLNJIIMFFBH38CC,中工段,.00,非都市：工業區 ; 非都市編定：丁種建築用地,,,,07410028
RPTPMLNJIIMFFAH28CC,大樹林段,2768.00,都市：工,,,,18560000
RPWOMLNJIIMFFCH68CC,北興段,386.10,非都市：一般農業區 ; 非都市編定：丁種建築用地,,,,02550002
RPXOMLNJIIMFFCH78CC,北興段,376.28,非都市：一般農業區 ; 非都市編定：丁種建築用地,,,,02550002
RPSPMLNJIIMFFCH38CC,仁武段,792.90,都市：住,,,,00770000
RPSPMLNJIIMFFCH38CC,仁武段,448.99,都市：住,,,,00790000
RPVNMLPJIIMFFFH56EC,興仁段,16.32,都市：商,,,,06080000
RPUNMLPJIIMFFFH88CC,大竹段,.00,非都市：特定農業區 ; 非都市編定：甲種建築用地,,,,08190000
RPVOMLQJIIMFFEH09CC,六福段,2.90,都市：住,,,,08140000
RPWOMLQJIIMFFEH56CC,六福段,3.38,都市：住,,,,08140000
RPSNMLQJIIMFFHH98CC,樂善段,37.81,都市：住,,,,01740000
RPPNMLRJIIMFFHH78CC,興華段,19.94,都市：住,,,,07670000
RPTOMLTJIIMFFAH88DC,延壽段,66.75,都市：住,,,,05250000
RPUTMLTJIIMFFGH37CC,平東段,38.61,都市：住,,,,05180000
RPUTMLTJIIMFFGH37CC,平東段,43.39,都市：住,,,,05180001
RPQNMLLKIIMFFHH38CC,中興段,125.50,都市：商,,,,04060000
RPRNMLLKIIMFFHH48CC,中興段,125.50,都市：商,,,,04060000
RPPOMLMLRHMFFEH66EC,橫山段湳子小段,602.00,都市：農,,,,00980001
RPPOMLMLRHMFFEH66EC,橫山段湳子小段,603.00,都市：農,,,,00980060
RPVNMLLKIIMFFHH88CC,山福段,104.90,都市：住,,,,02370000
RPUOMLLKIIMFFAH18CC,中路二段,.00,都市：住,,,,07650000
RPUQMLLKIIMFFAH38CC,東門段,4.91,都市：住,,,,07580000
RPVQMLLKIIMFFAH48CC,延壽段,22.30,都市：住,,,,03000000
RPWNMLLKIIMFFEH78DC,青峰段,33.70,都市：住,,,,03090000
RPUQMLLKIIMFFBH58DC,復興段,32.60,都市：住,,,,20340000
RPXNMLMKIIMFFCH68CC,埔頂段,.00,都市：住,,,,12420000
RPPOMLMKIIMFFBH97DC,興南段興南小段,135.00,都市：商,,,,01930045
RPTNMLMKIIMFFDH48DC,新生段,163.00,都市：住,,,,08170008
RPTNMLMKIIMFFDH48DC,新生段,70.00,都市：住,,,,08170020
RPWOMLMKIIMFFBH58CC,自立段,.00,都市：住,,,,08250000
RPXNMLNKIIMFFEH98CC,坑子口段海湖小段,2241.00,非都市：工業區 ; 非都市編定：丁種建築用地,,,,00560073
RPXNMLNKIIMFFEH98CC,坑子口段海湖小段,659.00,非都市：鄉村區 ; 非都市編定：丁種建築用地,,,,00560743
RPXNMLNKIIMFFEH98CC,坑子口段海湖小段,284.00,非都市：鄉村區 ; 非都市編定：丁種建築用地,,,,00560744
RPSNMLNKIIMFFHH78CC,大同段,6.33,都市：住,,,,08540000
RPWNMLNKIIMFFBH68DC,西寮段,30.42,都市：住,,,,03070000
RPROMLNKIIMFFBH28DC,中興段,93.97,都市：住,,,,06970000
RPROMLNKIIMFFBH28DC,中興段,21.73,都市：住,,,,06970001
RPVPMLQKIIMFFBH09DC,培英段,10.17,都市：住,,,,00190000
RPVPMLQKIIMFFBH09DC,忠福段,9.56,都市：其他:市場用地,,,,12710010
RPVPMLQKIIMFFBH09DC,忠福段,.44,都市：住,,,,12710012
RPVPMLQKIIMFFBH09DC,忠福段,.44,都市：住,,,,33500000
RPROMLQKIIMFFEH78CC,南新段,22.57,都市：住,,,,01960000
RPOOMLQKIIMFFBH18CC,富台段,.00,都市：住,,,,07190000
RPPOMLQKIIMFFBH28CC,仁愛段,.00,都市：商,,,,09550000
RPTNMLQKIIMFFAH48CC,江南段,.00,都市：住,,,,02840000
RPVNMLRKIIMFFBH88CC,大華段,.00,都市：住,,,,08900000
RPVNMLRKIIMFFBH88CC,大華段,.00,都市：住,,,,08910000
RPPPMLRKIIMFFBH48CC,復興段,.00,都市：商,,,,18900000
RPPPMLRKIIMFFBH48CC,復興段,.00,都市：商,,,,18910003
RPPPMLRKIIMFFBH48CC,復興段,.00,都市：商,,,,19070001
RPXNMLPLRHMFFDH37CC,富岡段,6.90,非都市：特定農業區 ; 非都市編定：丁種建築用地,,,,01290000
RPQNMLQLRHMFFDH76CC,草湳坡段草湳坡小段,.00,都市：住,,,,00560000
RPTNMLQKIIMFFEH98DC,河底段,10.84,都市：住,,,,05150000
RPVNMLTKRHMFFHH08EC,精忠段,15.22,都市：住,,,,15550000
RPVNMLPLRHMFFDH17CC,永福段,.00,都市：住,,,,08470000
RPWPMLQJIIMFFDH56CC,幼獅段,17892.31,都市：住,,,,12240000
RPPQMLNJIIMFFDH28CC,幼獅段,993.66,非都市：工業區 ; 非都市編定：丁種建築用地,,,,07160000
RPRNMLRKIIMFFGH98CC,廣仁段,.00,都市：商,,,,00030000
RPUNMLRKIIMFFEH56DC,竹圍段拔子林小段,77.00,都市：住,,,,02420009
RPUOMLRKIIMFFEH66DC,河底段,3083.68,都市：住,,,,05280000
RPTNMLRKIIMFFGH66DC,東豐段,19.59,都市：住,,,,02570000
RPSPMLRKIIMFFCH98DC,埔頂段,21.88,都市：住,,,,12570000
RPXNMLRKIIMFFFH96DC,大智段,24.66,都市：住,,,,04200000
RPUOMLSLRHMFFFH77DC,福興段,36.41,都市：住,,,,07950000
RPTNMLRLRHMFFFH47DC,明智段,32.77,都市：住,,,,00040000
RPRSMLSKIIMFFEH86DC,河底段,23.12,都市：住,,,,01170000
RPROMLRKIIMFFFH09DC,八塊段,23.80,都市：住,,,,12270000
RPOOMLSKIIMFFDH58CC,大金山下段大金山下小段,.00,都市：住,,,,00460000
RPRNMLSKIIMFFCH68CC,石門段,16.52,都市：其他:旅館,,,,00340000
RPUNMLTKIIMFFEH66CC,錦興段,.00,都市：住,,,,00550000
RPOOMLKLIIMFFFH08CC,大福段,89.54,都市：農,,,,02670000
RPPNMLKLIIMFFFH08CC,福興段,.00,都市：住,,,,09400000
RPQNMLKLIIMFFDH08DC,大金山下段大金山下小段,16.98,都市：住,,,,00680002
RPVOMLKLIIMFFEH78DC,大新段,1348.00,都市：住,,,,03910000
RPVNMLKLIIMFFFH78DC,大智段,77.06,都市：住,,,,01480000
RPSNMLKLIIMFFHH58CC,精忠段,14.14,都市：住,,,,15550000
RPQNMLTKIIMFFBH58CC,新街段,.00,都市：住,,,,08870000
RPQNMLKLIIMFFBH77CC,遠東段,.00,都市：住,,,,01200000
RPUNMLSKIIMFFBH88CC,三座屋段三座屋小段,.00,都市：住,,,,01100000
RPPOMLSKIIMFFBH48CC,石頭段,.00,都市：住,,,,03990000
RPRNMLKLIIMFFBH87CC,中北段,.00,都市：住,,,,06050000
RPVNMLNLIIMFFBH58CC,仁祥段,.00,都市：住,,,,10200000
RPTNMLNLIIMFFHH98CC,牛角坡段水尾小段,475.00,都市：農,,,,00540014
RPSNMLNLIIMFFGH78CC,平鎮段,.00,都市：商,,,,09910000
RPQNMLNLIIMFFDH28CC,大金山下段大金山下小段,.00,都市：住,,,,00460000
RPWNMLNLIIMFFBH68CC,中壢埔頂段,.00,都市：住,,,,09410000
RPXNMLNLIIMFFBH88DC,中工段,23.06,非都市：工業區 ; 非都市編定：丁種建築用地,,,,07440013
RPXNMLNLIIMFFBH88DC,中工段,23.06,都市：住,,,,07440006
RPUNMLNLIIMFFGH98CC,廣西段,19.85,都市：其他:,,,,01790000
RPOPMLNLIIMFFBH18DC,青平段,21.20,都市：住,,,,03580000
RPRRMLNLIIMFFBH68DC,自立段,90900.00,都市：住,,,,11650000
RPTRMLNLIIMFFBH88DC,仁德段,1341.99,都市：住,,,,04840001
RPRRMLNLIIMFFBH68DC,自立段,90900.00,都市：住,,,,11920000
RPWOMLRKIIMFFAH09DC,埔子段埔子小段,2.00,都市：住,,,,19900020
RPWOMLRKIIMFFAH09DC,埔子段埔子小段,7.00,都市：住,,,,19890005
RPWOMLRKIIMFFAH09DC,埔子段埔子小段,23.00,都市：住,,,,19900016
RPWOMLRKIIMFFAH09DC,埔子段埔子小段,54.00,都市：住,,,,19770033
RPTNMLNLIIMFFAH28CC,大樹林段,.00,都市：商,,,,06870002
RPSNMLLLIIMFFAH97CC,大有段,6.74,都市：住,,,,01870000
RPXOMLRKIIMFFAH56DC,建國段,7.75,都市：住,,,,02190000
RPPNMLLLIIMFFAH67CC,寶山段,16.26,都市：住,,,,08360000
RPQNMLLLIIMFFAH77CC,大興段,9.33,都市：住,,,,01990000
RPTNMLLLIIMFFAH08CC,富國段,14.46,都市：住,,,,08530000
RPXOMLPLIIMFFCH56CC,南龍段,34.70,都市：住,,,,02400000
RPQNMLPLIIMFFDH48CC,大金山下段大金山下小段,.00,都市：住,,,,00450000
RPPOMLPLIIMFFBH28CC,忠福段,42.87,都市：住,,,,24020000
RPSOMLPLIIMFFBH58CC,中壢埔頂段,.00,都市：住,,,,18870000
RPWNMLPLIIMFFAH78CC,長安段,.00,都市：住,,,,02140000
RPXNMLQLIIMFFAH98CC,春日段,.00,都市：住,,,,11420000
RPQNMLQLIIMFFAH28CC,江南段,.00,都市：住,,,,10480000
RPRNMLPLIIMFFFH78CC,福興段,.00,都市：商,,,,07890000
RPUNMLPLIIMFFAH58CC,同安段,.00,都市：住,,,,13000000
RPVNMLQLIIMFFBH88CC,後寮段,.00,都市：其他:(道路用地.住宅區),,,,02530000
RPSOMLQLIIMFFBH68CC,自立段,.00,都市：住,,,,17250000
RPWNMLQLIIMFFBH98CC,中北段,.00,都市：住,,,,02430000
RPQOMLQLIIMFFBH48CC,振興段,.00,都市：住,,,,01410000
RPXNMLQLIIMFFFH86CC,同福段,8.85,都市：住,,,,04490000
RPXNMLQLIIMFFFH86CC,大忠段,.06,都市：農,,,,00020000
RPTNMLQLIIMFFBH68CC,雙嶺段,.00,都市：商,,,,14040000
RPWNMLQLIIMFFFH76CC,同福段,8.85,都市：住,,,,04490000
RPWNMLQLIIMFFFH76CC,大忠段,.06,都市：農,,,,00020000
RPTPMLRLIIMFFAH98DC,陽明段,88.37,都市：住,,,,06750000
RPVNMLRLIIMFFHH96CC,文化段,34.86,都市：住,,,,06840001
RPVNMLRLIIMFFHH96CC,文化段,15.42,都市：住,,,,06840000
RPOOMLRLIIMFFBH38CC,自立段,.00,都市：住,,,,10410000
RPPOMLRLIIMFFBH48CC,富強段,.00,都市：住,,,,04330000
RPUNMLRLIIMFFDH09CC,雙榮段,.00,都市：住,,,,13380000
RPSOMLRLIIMFFFH56CC,興豐段,.00,都市：住,,,,26670000
RPPOMLQLIIMFFDH58CC,草湳坡段埔心小段,.00,都市：住,,,,00040079
RPOOMLQLIIMFFDH48CC,頭重溪段,.00,都市：住,,,,00390187
RPQOMLRLIIMFFBH58CC,榮南段,.00,都市：其他:(道路用地),,,,00350001
RPQOMLRLIIMFFBH58CC,榮南段,.00,都市：住,,,,00350000
RPWNMLRLIIMFFAH98CC,桃園段長美小段,.00,都市：其他:(道路用地.商業區),,,,01550000
RPSNMLSLIIMFFEH09CC,中興段,23.73,非都市：特定農業區 ; 非都市編定：甲種建築用地,,,,10630000
RPSNMLSLIIMFFEH09CC,中興段,20.60,非都市：特定農業區 ; 非都市編定：農牧用地,,,,10640003
RPXNMLRLIIMFFAH09CC,會稽段,.00,都市：住,,,,09960000
RPQQMLRLIIMFFDH09DC,二重溪段,1631.00,都市：其他:,,,,00510003
RPSNMLKMIIMFFEH38CC,六福段,396.24,都市：工,,,,08750000
RPSNMLKMIIMFFEH38CC,六福段,441.55,都市：工,,,,08760000
RPUOMLKMIIMFFDH58CC,大金山下段大金山下小段,.00,都市：住,,,,00460000
RPOOMLKMIIMFFHH38CC,楓樹段,317.42,都市：住,,,,00070000
RPOQMLKMIIMFFEH28CC,錦明段,42.89,都市：工,,,,01570000
RPPQMLKMIIMFFEH38CC,錦明段,42.00,都市：工,,,,01570000
RPQNMLKMIIMFFGH38CC,中央段,.00,都市：住,,,,09460000
RPRNMLKMIIMFFGH48CC,廣南段,.00,都市：商,,,,15920000
RPPNMLKMIIMFFGH28CC,北興段,.00,都市：住,,,,03760000
RPPNMLKMIIMFFGH28CC,北興段,.00,都市：住,,,,03770000
RPPNMLOLIIMFFBH18DC,雙嶺段,19.57,都市：住,,,,14650000
RPURMLNLIIMFFBH98DC,中寮段,9.99,都市：住,,,,02480004
RPWQMLRLIIMFFBH96EC,復興段,26.38,都市：住,,,,20340000
RPOOMLKMIIMFFAH67CC,中德段,1157.02,都市：工,,,,07010000
RPOOMLKMIIMFFAH67CC,中德段,366.61,都市：工,,,,07010002
RPVPMLKMIIMFFAH48CC,同安段,278.90,都市：住,,,,13860000
RPTNMLKMIIMFFAH08CC,埔子段埔子小段,24.41,都市：住,,,,20500004
RPSPMLKMIIMFFAH18CC,會稽段,16.07,都市：住,,,,07840000
RPTPMLKMIIMFFAH28CC,大興段,8.35,都市：住,,,,01300000
RPTPMLKMIIMFFAH28CC,大興段,.06,都市：住,,,,01330001
RPOPMLKMIIMFFAH77CC,建新段,8.43,都市：住,,,,00720000
RPSNMLKMIIMFFAH97CC,中正段,.00,都市：住,,,,12400000
RPRPMLKMIIMFFAH08CC,新埔段,35.05,都市：住,,,,00440000
RPQPMLKMIIMFFAH97CC,埔子段埔子小段,8.91,都市：住,,,,17210001
RPWOMLKMIIMFFEH98DC,竹中段,32.49,都市：住,,,,04610000
RPPPMLKMIIMFFEH38DC,大竹圍段,55.60,都市：住,,,,07460000
RPQQMLKMIIMFFAH08CC,春日段,10.65,都市：住,,,,05990000
RPPQMLKMIIMFFAH97CC,大興段,19.86,都市：住,,,,04670000
RPXNMLLMIIMFFAH58CC,埔子段埔子小段,.00,都市：住,,,,20980035
RPXPMLKMIIMFFAH68CC,福元段,13.24,都市：住,,,,03320000
RPOQMLKMIIMFFAH87CC,同安段,278.90,都市：住,,,,13860000
RPUNMLLJJIMFFGH78DC,鎮興段,99.93,非都市：特定農業區 ; 非都市編定：甲種建築用地,,,,14890000
RPTNMLMJJIMFFGH78DC,廣仁段,83.28,都市：住,,,,07130000
RPPOMLMJJIMFFCH97CC,仁和段,182.51,都市：住,,,,09510000
RPQNMLMJJIMFFEH18CC,北港段,.00,非都市：工業區 ; 非都市編定：丁種建築用地,,,,00900000
RPQNMLMJJIMFFEH18CC,北港段,.00,非都市：工業區 ; 非都市編定：丁種建築用地,,,,00940000
RPUNMLMJJIMFFGH78CC,廣豐段,46.28,都市：住,,,,07950000
RPVNMLMJJIMFFBH38CC,中工段,239.00,非都市：工業區 ; 非都市編定：丁種建築用地,,,,07280000
RPTOMLKMIIMFFBH28CC,富強段,.00,都市：住,,,,01360000
RPRNMLLMIIMFFBH08CC,雙嶺段,.00,都市：住,,,,13520005
RPXNMLLMIIMFFBH68CC,健行段,.00,都市：住,,,,04530000
RPVNMLKMIIMFFBH38CC,自立段,.00,都市：其他:(道路用地.住宅區),,,,14520000
RPUNMLKMIIMFFBH28CC,內壢段,.00,都市：農,,,,08320014
RPPNMLLMIIMFFBH87CC,雙嶺段,.00,都市：住,,,,13520005
RPTPMLNJJIMFFAH38CC,中埔段,169.13,都市：住,,,,00600000
RPVOMLNJJIMFFAH58DC,龍安段,25.33,都市：住,,,,00940000
RPQNMLNJJIMFFDH28DC,楊梅段,61.32,都市：住,,,,00690070
RPRPMLMJJIMFFBH18CC,石頭段,33.97,都市：住,,,,06910000
RPQOMLNJJIMFFBH18DC,青溪段,29.21,都市：住,,,,05090000
RPTNMLNJJIMFFBH38DC,石頭段,1493.00,都市：商,,,,00350034
RPTNMLNJJIMFFBH38DC,石頭段,132.00,都市：商,,,,00350059
RPUOMLNJJIMFFAH48DC,法政段,60.92,都市：住,,,,03600000
RPPNMLOJJIMFFAH87CC,新埔段,25.20,都市：住,,,,10150027
RPPNMLOJJIMFFAH87CC,新埔段,4.05,都市：住,,,,10150000
RPPNMLOJJIMFFAH87CC,新埔段,.13,都市：住,,,,10150010
RPUOMLNJJIMFFBH68EC,雙嶺段,20.09,都市：住,,,,13920000
RPROMLQJJIMFFHH66EC,興華段,227.00,都市：住,,,,02910001
RPQPMLQJJIMFFBH58DC,復興段,34.00,都市：住,,,,11420005
RPRPMLRJJIMFFBH78DC,興南段興南小段,358.00,都市：商,,,,01920020
RPXNMLRJJIMFFEH86DC,南崁廟口段羊稠坑小段,56.29,都市：住,,,,01270008
RPROMLRJJIMFFEH98DC,南崁廟口段羊稠坑小段,56.29,都市：住,,,,01270008
RPSNMLRJJIMFFHH76EC,頂湖段,.00,都市：工,,,,00640000
RPPNMLLJJIMFFFH08CC,永福段,16.57,都市：住,,,,00030000
RPSNMLKMIIMFFFH48CC,大安段,2461.69,非都市：特定農業區 ; 非都市編定：丁種建築用地,,,,03070000
RPTNMLLJJIMFFFH48CC,桃德段,99.98,都市：住,,,,08510000
RPUNMLQJJIMFFAH58CC,大有段,51.06,都市：住,,,,05450000
RPWNMLQJJIMFFAH78CC,桃園段長美小段,.00,都市：其他:(道路用地.商業區),,,,01550000
RPSOMLRJJIMFFAH68DC,新埔段,15.00,都市：商,,,,02880000
RPRNMLRJJIMFFHH09CC,興華段,31.21,都市：住,,,,00620000
RPUNMLRJJIMFFEH09CC,大興段,.00,都市：住,,,,01790000
RPTNMLSJJIMFFEH09CC,錦興段,113.29,都市：住,,,,06960000
RPQOMLSJJIMFFFH98CC,同福段,13.18,都市：住,,,,03630000
RPPOMLSJJIMFFAH38CC,小檜溪段,.00,都市：住,,,,07430000
RPSOMLSJJIMFFAH68CC,國聖段,.00,都市：工,,,,10130000
RPVNMLSJJIMFFBH98CC,自立段,.00,都市：住,,,,05050000
RPOOMLSJJIMFFBH38CC,忠孝段,.00,都市：住,,,,04690000
RPPOMLSJJIMFFBH58DC,復興段,20.54,都市：住,,,,20620000
RPUPMLTJJIMFFBH66DC,忠孝段,11.33,都市：住,,,,04560000
RPTNMLRJJIMFFDH88CC,大金山下段大金山下小段,.00,都市：住,,,,00460000
RPTOMLTJJIMFFFH86DC,大智段,8.45,都市：住,,,,04200000
RPSOMLTJJIMFFFH76DC,同福段,38.83,都市：商,,,,06090000
RPRNMLTJJIMFFBH88EC,興南段中壢老小段,1.64,都市：商,,,,02220036
RPRNMLTJJIMFFBH88EC,興南段中壢老小段,1.69,都市：商,,,,02230000
RPROMLTJJIMFFAH68CC,國聖段,19.49,都市：住,,,,07580000
RPPOMLTJJIMFFBH78EC,青芝段,27.34,都市：住,,,,01080000
RPSOMLTJJIMFFAH78CC,龍鳳段,106.70,都市：工,,,,06490000
RPVPMLTJJIMFFFH07CC,茄明段,7.69,都市：住,,,,03910000
RPVNMLKKJIMFFFH68CC,茄明段,265.09,都市：住,,,,07170000
RPVNMLKKJIMFFFH68CC,茄明段,245.91,都市：住,,,,07180000
RPTNMLTJJIMFFEH56CC,大竹段,771.47,都市：其他:,,,,00650000
RPWNMLKKJIMFFDH58CC,大金山下段大金山下小段,.00,都市：住,,,,00460000
RPXNMLKKJIMFFDH68CC,大金山下段大金山下小段,.00,都市：住,,,,00100000
RPOOMLKKJIMFFDH87CC,大金山下段大金山下小段,.00,都市：住,,,,00100000
RPUNMLKKJIMFFHH78CC,龜山段,.00,都市：商,,,,10280000
RPWPMLKKJIMFFGH09CC,新富段,.00,都市：住,,,,04560000
RPWNMLKKJIMFFAH38DC,中山段,20.20,都市：住,,,,01440000
RPRNMLQJJIMFFFH88DC,大庄段,67.96,非都市：鄉村區 ; 非都市編定：乙種建築用地,,,,17860000
RPOPMLRJJIMFFFH88DC,明智段,19.44,都市：住,,,,00040000
RPRPMLRJJIMFFFH56DC,豐田段,26.92,都市：住,,,,14870000
RPPPMLRJJIMFFFH98DC,大智段,32.16,都市：住,,,,08200000
RPQPMLRJJIMFFFH09DC,明智段,41.83,都市：住,,,,00360000
RPPNMLQJJIMFFFH68DC,青溪段,74.64,都市：住,,,,03420000
RPPNMLKKJIMFFEH08DC,五塊厝段下埔小段,81.00,非都市：特定農業區 ; 非都市編定：甲種建築用地,,,,07200031
RPUNMLKKJIMFFBH18CC,新街段,.00,都市：住,,,,08230000
RPWOMLSJJIMFFBH56CC,後興段,.00,都市：住,,,,04880000
RPTNMLKKJIMFFBH08CC,興南段興南小段,.00,都市：商,,,,02700000
RPQOMLSJJIMFFBH58CC,後興段,.00,都市：住,,,,05000000
RPOOMLKKJIMFFBH67CC,工業區段二小段,.00,非都市：工業區 ; 非都市編定：丁種建築用地,,,,09450000
RPWNMLKKJIMFFBH38CC,石頭段,.00,都市：住,,,,05030000
