﻿鄉鎮市區,交易標的,土地位置建物門牌,土地面積平方公尺,都市土地使用分區,非都市土地使用分區,非都市土地使用編定,租賃年月日,租賃筆棟數,租賃層次,總樓層數,建物型態,主要用途,主要建材,建築完成年月,建物總面積平方公尺,建物現況格局-房,建物現況格局-廳,建物現況格局-衛,建物現況格局-隔間,有無管理組織,有無附傢俱,總額元,單價元平方公尺,車位類別,車位面積平方公尺,車位總額元,備註,編號
The villages and towns urban district,transaction sign,land sector position building sector house number plate,land shifting total area square meter,the use zoning or compiles and checks,the non-metropolis land use district,non-metropolis land use,transaction year month and day,transaction pen number,shifting level,total floor number,building state,main use,main building materials,construction to complete the years,building shifting total area,Building present situation pattern - room,building present situation pattern - hall,building present situation pattern - health,building present situation pattern - compartmented,Whether there is manages the organization,Whether there is attaches the furniture,total price NTD,the unit price (NTD / square meter),the berth category,berth shifting total area square meter,the berth total price NTD,the note,serial number
竹北市,建物,新竹縣竹北市隘口三街230號9樓之2,0.0,住,,,1060731,土地0建物1車位1,九層,13,住宅大樓(11層含以上有電梯),住家用,鋼筋混凝土造,0991214,190.95999999999998,2,2,2,有,有,有,20000,105,坡道平面,0.0,0,租金含管續租,RPQNMLMJQHMFFBJ68CC
竹北市,建物,新竹縣竹北市勝利七街一段208號8樓,0.0,住,,,1060731,土地0建物1車位1,八層,10,華廈(10層含以下有電梯),住家用,鋼筋混凝土造,0920227,108.42,3,2,2,有,無,有,16000,148,坡道平面,0.0,0,續租,RPRNMLMJQHMFFBJ78CC
竹北市,建物,新竹縣竹北市勝利八街一段229號17樓之9,0.0,住,,,1060713,土地0建物1車位1,十七層,27,住宅大樓(11層含以上有電梯),住家用,鋼筋混凝土造,1050608,125.03,2,2,1,有,有,有,17000,136,坡道平面,0.0,0,租金含管.網路.第四台,RPTNMLMJQHMFFBJ98CC
竹北市,建物,新竹縣竹北市成功一街65號8樓,0.0,住,,,1060718,土地0建物1車位1,八層,14,住宅大樓(11層含以上有電梯),住家用,鋼筋混凝土造,0930524,136.96,3,2,2,有,有,有,20000,146,坡道平面,0.0,0,租金含管,RPVNMLMJQHMFFBJ56CC
竹北市,建物,新竹縣竹北市文興路187號13樓,0.0,商,,,1060717,土地0建物1車位2,十三層,19,住宅大樓(11層含以上有電梯),住家用,鋼筋混凝土造,1050622,238.75,3,2,2,有,有,無,25000,105,坡道平面,0.0,0,租金含管,RPWNMLMJQHMFFBJ66CC
竹北市,建物,新竹縣竹北市勝利八街一段227號20樓之5,0.0,住,,,1060714,土地0建物1車位1,二十層,27,住宅大樓(11層含以上有電梯),住家用,鋼筋混凝土造,1050608,125.86000000000001,2,2,1,有,有,有,18000,143,坡道平面,0.0,0,租金含管,RPXNMLMJQHMFFBJ76CC
竹北市,建物,新竹縣竹北市隘口六街139號6樓之2,0.0,住,,,1060715,土地0建物1車位1,六層,12,住宅大樓(11層含以上有電梯),住家用,鋼筋混凝土造,0991231,162.79000000000002,3,2,2,有,有,有,19000,117,坡道平面,0.0,0,租金含管,RPOOMLMJQHMFFBJ58CC
竹北市,建物,新竹縣竹北市興隆路一段433號6樓,0.0,住,,,1060720,土地0建物1車位2,六層,22,住宅大樓(11層含以上有電梯),住家用,鋼筋混凝土造,1021007,379.28,3,2,2,有,有,無,40000,105,坡道平面,0.0,0,租金含管,RPPOMLMJQHMFFBJ68CC
竹北市,建物,新竹縣竹北市莊敬六街9號10樓之5,0.0,商,,,1060722,土地0建物1車位0,十層,15,套房(1房1廳1衛),住家用,鋼筋混凝土造,0941114,38.46,1,0,1,有,有,有,8000,208,,0.0,0,,RPQOMLMJQHMFFBJ78CC
竹北市,建物,新竹縣竹北市勝利六街37號3樓,0.0,住,,,1060720,土地0建物1車位1,三層,14,住宅大樓(11層含以上有電梯),住家用,鋼筋混凝土造,0931018,156.09,3,2,2,有,有,有,20000,128,坡道平面,0.0,0,租金含管,RPROMLMJQHMFFBJ88CC
竹北市,建物,新竹縣竹北市隘口三街232號14樓之2,0.0,住,,,1060720,土地0建物1車位2,十四層,14,住宅大樓(11層含以上有電梯),住家用,鋼筋混凝土造,0991214,257.01,4,2,2,有,有,無,19000,74,坡道平面,0.0,0,,RPSOMLMJQHMFFBJ98CC
竹北市,建物,新竹縣竹北市縣政三街65號3樓,0.0,住,,,1060720,土地0建物1車位1,三層,9,華廈(10層含以下有電梯),住家用,鋼筋混凝土造,0861104,106.52000000000001,3,2,2,有,有,有,15000,141,坡道平面,0.0,0,租金含管,RPTOMLMJQHMFFBJ09CC
竹北市,建物,新竹縣竹北市聯發街29號12樓,0.0,住,,,1060725,土地0建物1車位1,十二層,14,住宅大樓(11層含以上有電梯),住家用,鋼筋混凝土造,1040519,174.41,3,2,2,有,有,有,21000,120,坡道平面,0.0,0,租金含管,RPUOMLMJQHMFFBJ56CC
竹北市,建物,新竹縣竹北市聯發街37號2樓,0.0,住,,,1060723,土地0建物1車位1,二層,14,住宅大樓(11層含以上有電梯),住家用,鋼筋混凝土造,1040519,174.41,3,2,2,有,有,無,17000,97,坡道平面,0.0,0,租金含管,RPVOMLMJQHMFFBJ66CC
竹北市,建物,新竹縣竹北市復興六路36號10樓,0.0,住,,,1060730,土地0建物1車位1,十層,14,住宅大樓(11層含以上有電梯),住家用,鋼筋混凝土造,0961207,171.49,3,2,2,有,有,無,26000,152,坡道平面,0.0,0,租金含管,RPXOMLMJQHMFFBJ86CC
竹北市,建物,新竹縣竹北市成功九街65號3樓,0.0,住,,,1060730,土地0建物1車位1,三層,13,住宅大樓(11層含以上有電梯),住家用,鋼筋混凝土造,1011212,178.76,3,2,2,有,有,有,17500,98,坡道平面,0.0,0,,RPOPMLMJQHMFFBJ68CC
芎林鄉,房地(土地+建物)+車位,新竹縣芎林鄉三民路16巷3弄24號,101.58,,山坡地保育區,丙種建築用地,1060706,土地1建物1車位1,全,3,透天厝,住家用,鋼筋混凝土造,,249.78,4,2,3,有,無,有,15000,60,坡道平面,0.0,0,,RPQOMLNJQHMFFCJ98CC
竹北市,土地,家興段442地號,833.01,住,,,1060802,土地1建物0車位0,,,其他,,,,0.0,0,0,0,有,無,無,113400,136,,0.0,0,,RPQOMLOJQHMFFBJ98CC
竹北市,建物,新竹縣竹北市高鐵七路６５號十八樓之一,0.0,商,,,1060714,土地0建物1車位0,十八層,18,辦公商業大樓,商業用,鋼筋混凝土造,0990208,76.66,0,0,0,無,有,無,14000,183,,0.0,0,,RPVNMLRJQHMFFBJ07CC
竹北市,建物,新竹縣竹北市莊敬五街37號9樓,0.0,商,,,1060703,土地0建物1車位1,九層,15,住宅大樓(11層含以上有電梯),住家用,鋼筋混凝土造,0940923,162.1,4,2,2,有,有,有,28381,175,坡道平面,0.0,0,,RPXNMLRJQHMFFBJ27CC
竹北市,建物,新竹縣竹北市復興一街179號4樓1室,0.0,住,,,1060723,土地0建物1車位1,四層,13,住宅大樓(11層含以上有電梯),見其他登記事項,鋼筋混凝土造,0980121,7927.7699999999995,4,2,2,有,有,有,35000,4,坡道平面,0.0,0,,RPOOMLTJQHMFFBJ66CC
竹北市,建物,新竹縣竹北市光明十街一段99號,0.0,住,,,1060801,土地0建物1車位1,全,3,透天厝,住家用,鋼筋混凝土造,0861008,201.65,5,2,3,有,無,有,19500,97,坡道平面,0.0,0,,RPPOMLTJQHMFFBJ76CC
竹北市,建物,新竹縣竹北市文興路一段380號,0.0,住,,,1060725,土地0建物1車位1,一層,10,店面(店鋪),商業用,鋼筋混凝土造,0980921,65.33,0,0,0,無,有,無,46300,709,坡道平面,0.0,0,,RPRNMLTJQHMFFBJ96DC
竹北市,建物,新竹縣竹北市福興東路一段285號2樓,0.0,住,,,1060726,土地0建物1車位0,全,5,透天厝,住商用,鋼筋混凝土造,0960414,83.32,3,2,2,有,無,無,16000,192,,0.0,0,,RPROMLOKQHMFFBJ56CC
竹北市,建物,新竹縣竹北市光明六路87之1號10樓之2,0.0,商,,,1060723,土地0建物1車位1,十層,11,住宅大樓(11層含以上有電梯),商業用,鋼筋混凝土造,0960827,59.58,1,1,1,有,有,有,15000,252,坡道機械,0.0,0,,RPSOMLOKQHMFFBJ66CC
新豐鄉,房地(土地+建物),新竹縣新豐鄉青埔子20-10號,102.0,,特定農業區,甲種建築用地,1060808,土地1建物1車位0,全,4,透天厝,住家用,鋼筋混凝土造,0850711,142.57,4,3,3,有,無,有,12000,84,,0.0,0,,RPTNMLQKQHMFFDJ07CC
竹北市,建物,新竹縣竹北市和平街100號1樓,0.0,商,,,1060810,土地0建物0車位0,一層,,華廈(10層含以下有電梯),,,,82.01,1,0,1,有,無,無,15000,183,,0.0,0,,RPSOMLRKQHMFFBJ96CC
竹北市,土地,隘興段656地號,812.18,其他,,,1060729,土地1建物0車位0,,,其他,,,,0.0,0,0,0,有,無,無,61400,76,,0.0,0,,RPPOMLMLQHMFFBJ88CC
竹北市,建物,新竹縣竹北市中華路３４８號四樓之九,0.0,住,,,1060808,土地0建物1車位0,四層,13,住宅大樓(11層含以上有電梯),住家用,鋼筋混凝土造,0850703,119.49,3,2,2,有,有,有,13000,109,,0.0,0,,RPRNMLOLQHMFFBJ56CC
竹北市,建物,新竹縣竹北市隘口一街258號,0.0,住,,,1060824,土地0建物1車位1,一層,12,住宅大樓(11層含以上有電梯),商業用,鋼筋混凝土造,1050429,125.03,0,0,0,無,有,無,18000,144,坡道平面,0.0,0,,RPOOMLOLQHMFFBJ98CC
竹北市,建物,新竹縣竹北市隘口六街39號,0.0,商,,,1060823,土地0建物1車位0,一層,9,店面(店鋪),商業用,鋼筋混凝土造,0970609,108.62,0,0,0,無,有,無,20000,184,,0.0,0,,RPQNMLPLQHMFFBJ56CC
竹北市,建物,新竹縣竹北市隘口二路45號,0.0,商,,,1060824,土地0建物1車位0,一層,7,店面(店鋪),見其他登記事項,鋼筋混凝土造,1030421,178.49,0,0,0,無,無,無,53000,297,,0.0,0,,RPRNMLPLQHMFFBJ66CC
竹北市,建物,新竹縣竹北市隘口一街3號8樓之2,0.0,住,,,1060803,土地0建物1車位0,八層,10,套房(1房1廳1衛),商業用,鋼筋混凝土造,0970310,38.7,2,2,1,有,有,有,12000,310,,0.0,0,租金含管理費.網路.第四台,RPSOMLSLQHMFFBJ17CC
竹北市,建物,新竹縣竹北市六家五路一段246號3樓,0.0,住,,,1060805,土地0建物1車位1,三層,14,住宅大樓(11層含以上有電梯),住家用,鋼筋混凝土造,1001202,176.87,3,2,2,有,有,有,19000,107,坡道平面,0.0,0,,RPTOMLSLQHMFFBJ27CC
竹北市,建物,新竹縣竹北市自強北路168巷11號8樓,0.0,住,,,1060731,土地0建物1車位1,八層,14,住宅大樓(11層含以上有電梯),住家用,鋼筋混凝土造,0940131,134.55,3,2,2,有,有,有,20000,149,坡道平面,0.0,0,續租,RPUOMLSLQHMFFBJ37CC
竹北市,建物,新竹縣竹北市聯發街19號8樓,0.0,住,,,1060811,土地0建物1車位1,八層,14,住宅大樓(11層含以上有電梯),住家用,鋼筋混凝土造,1040519,174.41,3,2,2,有,有,有,20000,115,坡道平面,0.0,0,租金含管理費、含部分家具,RPVOMLSLQHMFFBJ47CC
竹北市,建物,新竹縣竹北市莊敬五街78之1號13樓,0.0,住,,,1060816,土地0建物1車位1,十三層,15,住宅大樓(11層含以上有電梯),住家用,鋼筋混凝土造,0950519,138.73000000000002,3,2,2,有,有,有,20000,144,坡道平面,0.0,0,租金含管理費,RPXOMLSLQHMFFBJ67CC
竹北市,建物,新竹縣竹北市勝利一路138號7樓,0.0,住,,,1060814,土地0建物1車位1,七層,15,住宅大樓(11層含以上有電梯),住家用,鋼筋混凝土造,0941004,130.62,3,2,2,有,有,有,20000,153,坡道平面,0.0,0,租金含管理費續租,RPOPMLSLQHMFFBJ86CC
竹北市,建物,新竹縣竹北市莊敬五街78之1號10樓,0.0,商,,,1060817,土地0建物1車位1,十層,15,住宅大樓(11層含以上有電梯),住家用,鋼筋混凝土造,0950519,138.74,3,2,2,有,有,有,20500,148,坡道平面,0.0,0,租金含管理費,RPPPMLSLQHMFFBJ96CC
竹北市,建物,新竹縣竹北市莊敬六街17號15樓,0.0,商,,,1060820,土地0建物1車位1,十五層,15,住宅大樓(11層含以上有電梯),住家用,鋼筋混凝土造,0941114,179.24,3,2,2,有,有,有,20500,114,坡道平面,0.0,0,,RPTOMLTLQHMFFBJ37CC
竹北市,建物,新竹縣竹北市勝利一路148號9樓,0.0,住,,,1060820,土地0建物1車位1,九層,15,住宅大樓(11層含以上有電梯),住家用,鋼筋混凝土造,0941004,163.81,4,2,2,有,有,有,18000,110,坡道平面,0.0,0,續租,RPVOMLTLQHMFFBJ57CC
竹北市,建物,新竹縣竹北市文采街68號3樓,0.0,住,,,1060817,土地0建物1車位1,三層,14,住宅大樓(11層含以上有電梯),住家用,鋼筋混凝土造,0940804,156.13,3,2,2,有,有,有,18000,115,坡道平面,0.0,0,租金含管理費,RPXOMLTLQHMFFBJ77CC
竹北市,建物,新竹縣竹北市科大一路208號6樓,0.0,住,,,1060820,土地0建物1車位1,六層,13,住宅大樓(11層含以上有電梯),住家用,鋼筋混凝土造,1010531,143.38,2,2,1,有,有,有,19000,133,坡道平面,0.0,0,,RPOPMLTLQHMFFBJ96CC
竹北市,建物,新竹縣竹北市隘口一街3號7樓之8,0.0,商,,,1060818,土地0建物1車位1,七層,10,套房(1房1廳1衛),商業用,鋼筋混凝土造,0970310,67.28,2,2,1,有,有,有,14500,216,坡道平面,0.0,0,租金含管理費.網路.第四台,RPPPMLTLQHMFFBJ07CC
竹北市,建物,新竹縣竹北市聯發街33號5樓,0.0,住,,,1060824,土地0建物1車位1,五層,14,住宅大樓(11層含以上有電梯),住家用,鋼筋混凝土造,1040519,132.81,2,2,1,有,有,無,16000,120,坡道平面,0.0,0,租金含管理費,RPQPMLTLQHMFFBJ17CC
竹北市,建物,新竹縣竹北市福興東路二段68巷22號,0.0,住,,,1060823,土地0建物1車位1,全,5,透天厝,住家用,鋼筋混凝土造,0911008,295.79,4,3,3,有,有,有,33000,112,一樓平面,0.0,0,租金含管理費,RPTPMLTLQHMFFBJ47CC
竹北市,建物,新竹縣竹北市莊敬五街22號13樓,0.0,住,,,1060826,土地0建物1車位1,十三層,15,住宅大樓(11層含以上有電梯),住家用,鋼筋混凝土造,0950519,128.29,3,2,2,有,有,有,22000,171,坡道平面,0.0,0,租金含管理費,RPUPMLTLQHMFFBJ57CC
竹北市,建物,新竹縣竹北市隘口一街3號6樓之2,0.0,住,,,1060826,土地0建物1車位0,六層,10,華廈(10層含以下有電梯),商業用,鋼筋混凝土造,0970310,67.28,2,2,1,有,有,有,13000,193,,0.0,0,租金含管理費.網路.第四台,RPVPMLTLQHMFFBJ67CC
湖口鄉,房地(土地+建物),新竹縣湖口鄉實踐路14號,11123.0,,工業區,丁種建築用地,1060731,土地1建物2車位0,見其他登記事項,2,工廠,工業用,鋼筋混凝土造,0770713,7936.42,0,0,0,無,無,無,800000,,,0.0,0,,RPUNMLLMQHMFFDJ86CC
竹北市,建物,新竹縣竹北市十興路二段５９號,0.0,住,,,1060809,土地0建物1車位0,一層,5,店面(店鋪),商業用,鋼筋混凝土造,1050414,344.12,0,0,0,無,無,無,58000,169,,0.0,0,,RPRNMLOJRHMFFBJ09CC
竹北市,建物,新竹縣竹北市文興路一段３８２號,0.0,住,,,1060814,土地0建物0車位1,全,3,透天厝,商業用,鋼筋混凝土造,0980921,179.73,0,0,0,無,有,無,16500,92,坡道平面,0.0,0,可營業登記,RPROMLOJRHMFFBJ56CC
竹北市,建物,新竹縣竹北市隘口一街１５１號２樓之一,0.0,住,,,1060829,土地0建物1車位1,二層,5,公寓(5樓含以下無電梯),商業用,鋼筋混凝土造,0980713,217.73999999999998,0,0,0,無,無,無,30000,138,坡道平面,23.29,0,供辦公室使用,RPRPMLPJRHMFFBJ76CC
竹北市,建物,新竹縣竹北市光明六路東二段２１８號,0.0,住,,,1060818,土地0建物1車位1,見其他登記事項,13,店面(店鋪),住商用,鋼筋混凝土造,0980623,432.96000000000004,0,0,0,無,有,無,60000,139,坡道平面,0.0,0,,RPTPMLPJRHMFFBJ96CC
竹北市,建物,新竹縣竹北市高鐵七路６５號十五樓之五,0.0,商,,,1060818,土地0建物1車位1,十五層,18,辦公商業大樓,商業用,鋼筋混凝土造,0990208,128.25,0,0,0,無,有,無,17021,133,坡道機械,18.82,0,,RPPOMLQJRHMFFBJ56CC
竹北市,建物,新竹縣竹北市隘口三街236號6樓之1,0.0,住,,,1060903,土地0建物1車位1,六層,13,住宅大樓(11層含以上有電梯),住家用,鋼筋混凝土造,0991214,124.77,3,2,2,有,有,有,22000,176,坡道平面,29.79,0,,RPOPMLSJRHMFFBJ76CC
竹北市,建物,新竹縣竹北市嘉興二街1號13樓,0.0,住,,,1060831,土地0建物1車位1,十三層,14,住宅大樓(11層含以上有電梯),住家用,鋼筋混凝土造,1040901,165.34,3,2,2,有,有,有,22800,138,坡道平面,0.0,0,租金含管理費續租,RPPPMLSJRHMFFBJ86CC
竹北市,建物,新竹縣竹北市嘉豐十一路一段１００號十一樓之一,0.0,商,,,1060823,土地0建物1車位2,十一層,14,辦公商業大樓,商業用,鋼筋混凝土造,0970321,270.24,0,0,0,無,有,無,70000,259,坡道平面,0.0,0,,RPSNMLLKRHMFFBJ98CC
竹北市,建物,新竹縣竹北市高鐵七路６５號十五樓之三,0.0,商,,,1060829,土地0建物1車位1,十五層,18,住宅大樓(11層含以上有電梯),商業用,鋼筋混凝土造,0990208,133.54,3,2,2,有,有,無,17000,127,坡道機械,18.82,0,,RPSOMLNKRHMFFBJ66CC
竹北市,建物,新竹縣竹北市成功十五街70號3樓,0.0,住,,,1060914,土地0建物1車位0,三層,5,華廈(10層含以下有電梯),商業用,鋼筋混凝土造,1010104,106.69,0,0,0,無,無,無,15000,141,,0.0,0,,RPQNMLTKRHMFFBJ96CC
竹北市,建物,新竹縣竹北市光明六路東一段296-2號12樓,0.0,商,,,1060916,土地0建物1車位2,十二層,23,住宅大樓(11層含以上有電梯),住家用,鋼筋混凝土造,0960528,197.92,3,2,2,有,有,有,31000,157,坡道機械,0.0,0,,RPSNMLTKRHMFFBJ17CC
竹北市,建物,新竹縣竹北市莊敬三路209號二十樓,0.0,商,,,1060907,土地0建物1車位2,二十層,27,住宅大樓(11層含以上有電梯),住家用,鋼筋混凝土造,1041102,263.08000000000004,4,2,2,有,有,有,26000,99,坡道平面,66.34,0,,RPXOMLKLRHMFFBJ07DC
竹北市,建物,新竹縣竹北市成功十街69號四樓之三,0.0,住,,,1060821,土地0建物1車位1,四層,10,華廈(10層含以下有電梯),住家用,鋼筋混凝土造,1011221,174.12,3,2,2,有,有,有,25000,144,坡道平面,33.62,0,,RPTOMLLLRHMFFBJ66CC
竹北市,建物,新竹縣竹北市莊敬北路577號十樓,0.0,住,,,1060827,土地0建物1車位1,十層,13,住宅大樓(11層含以上有電梯),住家用,鋼筋混凝土造,1041105,164.79,3,2,2,有,有,無,20000,121,坡道平面,40.06,0,,RPUOMLLLRHMFFBJ76CC
竹北市,房地(土地+建物)+車位,新竹縣竹北市隘口三街246號,0.0,商,,,1060920,土地1建物1車位1,一層,15,住宅大樓(11層含以上有電梯),商業用,鋼筋混凝土造,0991214,225.45,0,0,0,無,無,無,19500,86,坡道平面,0.0,0,,RPWOMLLLRHMFFBJ96CC
竹北市,建物,新竹縣竹北市莊敬五街22號13樓,0.0,住,,,1060901,土地0建物1車位1,十層,14,住宅大樓(11層含以上有電梯),住家用,鋼筋混凝土造,0940923,157.15,2,2,2,有,有,有,25000,159,坡道平面,0.0,0,租金含管理費,RPXNMLSLRHMFFBJ67CC
竹北市,建物,新竹縣竹北市興隆路一段1之6號8樓,0.0,住,,,1060903,土地0建物1車位1,八層,14,住宅大樓(11層含以上有電梯),住家用,鋼筋混凝土造,1000904,175.56,3,2,2,有,有,有,19547,111,坡道平面,0.0,0,租金含管理費,RPOOMLSLRHMFFBJ86CC
竹北市,建物,新竹縣竹北市嘉豐十路1號11樓之8,0.0,商,,,1060909,土地0建物1車位1,十一層,13,套房(1房1廳1衛),商業用,鋼筋混凝土造,0970321,44.019999999999996,1,0,1,有,有,有,12000,273,坡道平面,0.0,0,租金含管理費.網路.第四台,RPPOMLSLRHMFFBJ96CC
竹北市,建物,新竹縣竹北市日興一街52號4樓,0.0,住,,,1060911,土地0建物1車位1,四層,13,住宅大樓(11層含以上有電梯),住家用,鋼筋混凝土造,0960517,146.95999999999998,3,2,2,有,有,有,20000,136,坡道平面,0.0,0,租金含管理費,RPQOMLSLRHMFFBJ07CC
竹北市,建物,新竹縣竹北市莊敬五街58號10樓,0.0,住,,,1060909,土地0建物1車位1,十層,15,住宅大樓(11層含以上有電梯),住家用,鋼筋混凝土造,0950519,198.15,4,2,2,有,有,有,27000,136,坡道平面,0.0,0,租金含管理費,RPROMLSLRHMFFBJ17CC
竹北市,建物,新竹縣竹北市六家六街1巷12號10樓,0.0,住,,,1060904,土地0建物1車位1,十層,10,華廈(10層含以下有電梯),住家用,鋼筋混凝土造,0960720,108.38000000000001,3,2,3,有,有,有,20000,185,坡道平面,0.0,0,租金含管理費,RPSOMLSLRHMFFBJ27CC
竹北市,建物,新竹縣竹北市復興一街253號10樓之17,0.0,商,,,1060901,土地0建物1車位0,十層,16,套房(1房1廳1衛),商業用,鋼筋混凝土造,0970915,50.35,2,1,1,有,有,有,13500,268,,0.0,0,續租,RPUOMLSLRHMFFBJ47CC
竹北市,建物,新竹縣竹北市成功十街77號2樓,0.0,住,,,1060912,土地0建物1車位1,二層,15,住宅大樓(11層含以上有電梯),住家用,鋼筋混凝土造,1051102,174.39,3,2,2,有,有,有,24000,138,坡道平面,0.0,0,租金含管理費,RPPPMLSLRHMFFBJ07CC
竹北市,建物,新竹縣竹北市十興路305巷13弄1號2樓,0.0,住,,,1060914,土地0建物1車位0,二層,5,華廈(10層含以下有電梯),住家用,鋼筋混凝土造,0830425,88.75999999999999,3,2,2,有,有,有,10900,123,,0.0,0,附部分傢俱,RPQPMLSLRHMFFBJ17CC
竹北市,建物,新竹縣竹北市文興路二段72號8樓之1,0.0,住,,,1060916,土地0建物1車位1,八層,19,住宅大樓(11層含以上有電梯),住家用,鋼筋混凝土造,0970201,192.19,4,2,2,有,有,有,24000,125,坡道平面,0.0,0,附部分傢俱,RPRPMLSLRHMFFBJ27CC
竹北市,建物,新竹縣竹北市六家八街175號12樓,0.0,住,,,1060921,土地0建物1車位1,十二層,14,住宅大樓(11層含以上有電梯),住家用,鋼筋混凝土造,1011210,214.65,3,2,2,有,有,有,26000,121,坡道平面,0.0,0,租金含管理費,RPSPMLSLRHMFFBJ37CC
竹北市,建物,新竹縣竹北市六家一路一段106號7樓,0.0,住,,,1060925,土地0建物1車位1,七層,10,華廈(10層含以下有電梯),住家用,鋼筋混凝土造,0930901,142.8,3,2,2,有,有,有,21000,147,坡道平面,0.0,0,租金含管理費,RPUPMLSLRHMFFBJ57CC
竹北市,建物,新竹縣竹北市科大一路182號7樓,0.0,住,,,1060925,土地0建物1車位1,七層,13,住宅大樓(11層含以上有電梯),住家用,鋼筋混凝土造,1010531,131.1,2,2,1,有,有,有,20000,153,坡道平面,0.0,0,租金含管理費,RPWPMLSLRHMFFBJ77CC
竹北市,建物,新竹縣竹北市縣政十街8號8樓之5,0.0,商,,,1060921,土地0建物1車位0,八層,10,套房(1房1廳1衛),商業用,鋼筋混凝土造,0950908,41.58,1,1,1,有,有,有,11000,265,,0.0,0,租金含管理費.網路.第四台,RPXPMLSLRHMFFBJ87CC
竹北市,建物,新竹縣竹北市科大二街255號13樓,0.0,住,,,1060920,土地0建物1車位2,十三層,22,住宅大樓(11層含以上有電梯),住家用,鋼筋混凝土造,1030924,270.37,3,2,2,有,有,無,35000,129,坡道平面,0.0,0,租金含管理費,RPOQMLSLRHMFFBJ07CC
竹北市,建物,新竹縣竹北市勝利十一路262號9樓之2,0.0,住,,,1060916,土地0建物1車位1,九層,23,住宅大樓(11層含以上有電梯),住家用,鋼筋混凝土造,1051101,118.72,2,2,1,有,有,有,20000,168,坡道平面,0.0,0,租金含管理費,RPPQMLSLRHMFFBJ17CC
竹北市,建物,新竹縣竹北市自強南路59巷1號8樓之5,0.0,住,,,1060920,土地0建物1車位1,八層,14,住宅大樓(11層含以上有電梯),住家用,鋼筋混凝土造,0930611,73.23,2,2,1,有,有,有,15500,212,坡道機械,0.0,0,租金含管理費.網路.第四台,RPRQMLSLRHMFFBJ37CC
竹北市,建物,新竹縣竹北市聯發街31號11樓,0.0,住,,,1060922,土地0建物1車位1,十一層,14,住宅大樓(11層含以上有電梯),住家用,鋼筋混凝土造,1040519,132.81,2,2,1,有,有,有,17000,128,坡道平面,0.0,0,租金含管理費,RPVQMLSLRHMFFBJ77CC
竹北市,建物,新竹縣竹北市成功九街75號,0.0,住,,,1060925,土地0建物1車位1,一層,14,店面(店鋪),商業用,鋼筋混凝土造,1011212,135.55,0,0,2,有,有,無,27500,203,坡道平面,0.0,0,,RPXOMLMJIIMFFBJ78CC
竹北市,建物,新竹縣竹北市嘉豐十一路一段１００號五樓之２,0.0,商,,,1060906,土地0建物1車位1,五層,14,辦公商業大樓,商業用,鋼筋混凝土造,0970321,235.82999999999998,0,0,0,無,有,有,70000,297,坡道平面,0.0,0,,RPOOMLNJIIMFFBJ97CC
竹北市,建物,新竹縣竹北市嘉豐五路二段１３２號,0.0,住,,,1060923,土地0建物1車位1,一層,12,店面(店鋪),商業用,鋼筋混凝土造,0950907,141.87,0,0,0,無,有,無,40000,282,坡道平面,0.0,0,,RPPOMLNJIIMFFBJ08CC
竹北市,建物,新竹縣竹北市嘉豐南路一段５８號 + ６０號,0.0,住,,,1060921,土地0建物1車位0,一層,20,店面(店鋪),商業用,鋼筋混凝土造,1021110,313.7,0,0,0,無,有,無,90816,289,,0.0,0,,RPQOMLNJIIMFFBJ18CC
竹北市,建物,新竹縣竹北市嘉豐南路一段１１８號五樓,0.0,住,,,1060911,土地0建物0車位0,五層,5,公寓(5樓含以下無電梯),住家用,鋼筋混凝土造,0991006,226.91,0,0,0,無,無,無,25000,110,,0.0,0,使用範圍:室內空間以及後陽台不含梯廳以及公共梯間 [供辦公室使用],RPOOMLPJIIMFFBJ18CC
竹北市,建物,新竹縣竹北市高鐵七路６５號十三樓之８,0.0,商,,,1060911,土地0建物1車位1,十三層,18,住宅大樓(11層含以上有電梯),商業用,鋼筋混凝土造,0990208,114.0,3,2,2,有,有,無,16000,140,坡道機械,18.82,0,,RPSNMLQJIIMFFBJ58CC
新豐鄉,建物,新竹縣新豐鄉新興路３５１之１５號三樓Ｂ室,86.52,工,,,1060928,土地0建物0車位0,三層,4,套房(1房1廳1衛),見其他登記事項,鋼筋混凝土造,0991022,33.74,1,1,1,有,無,有,6700,199,,0.0,0,,RPWNMLQJIIMFFDJ66DC
竹北市,建物,新竹縣竹北市莊敬五街31之1號6樓,0.0,商,,,1060915,土地0建物1車位1,六層,14,住宅大樓(11層含以上有電梯),住家用,鋼筋混凝土造,0940923,157.14,4,2,2,有,有,有,31818,202,坡道平面,0.0,0,租金含管理費.租賃稅金.二代健保續租,RPTOMLLKIIMFFBJ38CC
竹北市,建物,新竹縣竹北市復興二路２３３號十樓之七,0.0,商,,,1060920,土地0建物1車位0,十層,11,套房(1房1廳1衛),商業用,鋼筋混凝土造,0961204,44.21,1,1,1,有,有,無,8500,192,,0.0,0,,RPSOMLMKIIMFFBJ38CC
竹北市,建物,新竹縣竹北市嘉豐南路一段155號8樓,0.0,商,,,1060928,土地0建物1車位0,八層,22,住宅大樓(11層含以上有電梯),住家用,鋼筋混凝土造,1041111,170.97,3,2,2,有,有,有,40000,234,,0.0,0,,RPTOMLNKIIMFFBJ58CC
竹北市,建物,新竹縣竹北市光明六路東一段172號十五樓,0.0,商,,,1060926,土地0建物1車位2,十五層,23,住宅大樓(11層含以上有電梯),住家用,鋼筋混凝土造,1010824,313.38,4,2,2,有,有,有,60000,191,坡道平面,0.0,0,,RPPNMLOKIIMFFBJ18CC
竹北市,建物,新竹縣竹北市六家八街２６６號,0.0,住,,,1060924,土地0建物1車位1,一層,5,公寓(5樓含以下無電梯),商業用,鋼筋混凝土造,0941128,102.21,3,2,2,有,無,無,36000,352,一樓平面,0.0,0,,RPXNMLQKIIMFFBJ56CC
竹北市,建物,新竹縣竹北市莊敬北路96號4樓,0.0,商,,,1060901,土地0建物1車位1,四層,10,華廈(10層含以下有電梯),商業用,鋼筋混凝土造,0940331,90.71000000000001,2,2,2,有,有,無,21000,232,坡道機械,0.0,0,,RPTOMLQKIIMFFBJ88CC
竹北市,建物,新竹縣竹北市文興路一段370號9樓之2,0.0,住,,,1061017,土地0建物1車位2,九層,10,華廈(10層含以下有電梯),住家用,鋼筋混凝土造,0980921,342.38,4,2,3,有,有,有,34000,99,坡道平面,0.0,0,,RPRNMLSKIIMFFBJ78CC
竹北市,建物,新竹縣竹北市成功八路196號18樓之1,0.0,住,,,1060926,土地0建物1車位1,十八層,19,住宅大樓(11層含以上有電梯),住家用,鋼筋混凝土造,1001128,203.11,3,2,2,有,有,有,21000,103,坡道平面,0.0,0,租金含管續租,RPPOMLOLIIMFFBJ38CC
竹北市,建物,新竹縣竹北市十興路305巷13弄96號,0.0,住,,,1061009,土地0建物1車位1,全,5,透天厝,住家用,鋼筋混凝土造,0880205,227.14,4,2,3,有,無,有,18000,79,坡道平面,0.0,0,續租,RPROMLOLIIMFFBJ58CC
竹北市,建物,新竹縣竹北市台元街55號3樓之1,0.0,住,,,1060925,土地0建物1車位1,三層,14,住宅大樓(11層含以上有電梯),住家用,鋼筋混凝土造,0970627,157.57999999999998,3,2,2,有,有,有,23555,149,坡道平面,0.0,0,租金含稅金.二代健保續租,RPSOMLOLIIMFFBJ68CC
竹北市,建物,新竹縣竹北市光明六路東一段182號4樓,0.0,商,,,1060929,土地0建物1車位2,四層,23,住宅大樓(11層含以上有電梯),住家用,鋼筋混凝土造,1010824,262.64,3,2,2,有,有,有,38000,145,坡道平面,0.0,0,租金含管理費,RPTOMLOLIIMFFBJ78CC
竹北市,建物,新竹縣竹北市隘口三街220號11樓之3,0.0,住,,,1061019,土地0建物1車位2,十一層,15,住宅大樓(11層含以上有電梯),住家用,鋼筋混凝土造,0991214,128.74,3,2,2,有,有,有,25000,194,坡道平面,0.0,0,租金含管理費,RPUOMLOLIIMFFBJ88CC
竹北市,建物,新竹縣竹北市勝利一路146號9樓,0.0,住,,,1061015,土地0建物1車位1,四層,15,住宅大樓(11層含以上有電梯),住家用,鋼筋混凝土造,0941004,162.18,3,2,2,有,無,有,22000,136,坡道平面,0.0,0,租金含管理費,RPVOMLOLIIMFFBJ98CC
竹北市,建物,新竹縣竹北市莊敬六街21號4樓,0.0,住,,,1061016,土地0建物1車位1,四層,15,住宅大樓(11層含以上有電梯),住家用,鋼筋混凝土造,0941114,155.51,3,2,2,有,有,有,16000,103,坡道平面,0.0,0,附部分傢俱續租,RPWOMLOLIIMFFBJ09CC
竹北市,建物,新竹縣竹北市嘉豐十路5號12樓之6,0.0,商,,,1061018,土地0建物1車位0,十二層,13,住宅大樓(11層含以上有電梯),商業用,鋼筋混凝土造,0970321,44.86,1,1,1,有,有,有,11000,245,,0.0,0,租金含管理費.網路.第四台,RPXOMLOLIIMFFBJ56CC
竹北市,建物,新竹縣竹北市六家一路一段138號8樓之3,0.0,住,,,1060930,土地0建物1車位1,八層,15,住宅大樓(11層含以上有電梯),住家用,鋼筋混凝土造,1000707,193.18,3,2,2,有,有,有,23000,119,坡道平面,0.0,0,租金含管理費續租,RPQPMLOLIIMFFBJ58CC
竹北市,建物,新竹縣竹北市勝利一路110號9樓,0.0,住,,,1061019,土地0建物1車位1,九層,15,住宅大樓(11層含以上有電梯),住家用,鋼筋混凝土造,0941004,137.05,3,2,2,有,有,無,18000,131,坡道平面,0.0,0,續租,RPRPMLOLIIMFFBJ68CC
竹北市,建物,新竹縣竹北市日興一街42號1樓,0.0,住,,,1061015,土地0建物1車位1,一層,13,住宅大樓(11層含以上有電梯),住家用,鋼筋混凝土造,0960517,133.18,3,2,2,有,有,有,21000,158,坡道平面,0.0,0,租金含管理費續租,RPSPMLOLIIMFFBJ78CC
竹北市,建物,新竹縣竹北市莊敬六街11號15樓之5,0.0,商,,,1061021,土地0建物1車位1,十五層,15,住宅大樓(11層含以上有電梯),住家用,鋼筋混凝土造,0941114,127.22,2,2,1,有,有,有,17000,134,坡道平面,0.0,0,租金含管理費,RPTPMLOLIIMFFBJ88CC
竹北市,建物,新竹縣竹北市復興一街253號15樓之18,0.0,住,,,1061024,土地0建物1車位0,十五層,16,住宅大樓(11層含以上有電梯),商業用,鋼筋混凝土造,0970915,50.370000000000005,2,1,1,有,有,有,15000,298,,0.0,0,租金含管理費.網路.第四台,RPSNMLQLIIMFFBJ78CC
竹北市,建物,新竹縣竹北市莊敬六街13號15樓之2,0.0,住,,,1061016,土地0建物1車位0,十五層,15,套房(1房1廳1衛),住家用,鋼筋混凝土造,0941114,42.37,1,0,1,有,有,有,9000,212,,0.0,0,租金含管理費,RPTNMLQLIIMFFBJ88CC
竹北市,建物,新竹縣竹北市嘉興二街35號14樓,0.0,住,,,1061023,土地0建物1車位1,十四層,14,住宅大樓(11層含以上有電梯),住家用,鋼筋混凝土造,1040901,147.86,3,2,2,有,有,有,23000,156,坡道平面,0.0,0,租金含管理費,RPWNMLQLIIMFFBJ56CC
竹北市,建物,新竹縣竹北市科大一路202號5樓,0.0,住,,,1061024,土地0建物1車位1,五層,13,住宅大樓(11層含以上有電梯),住家用,鋼筋混凝土造,1010531,166.63,3,2,2,有,有,無,18000,108,坡道平面,0.0,0,租金含管理費,RPXNMLQLIIMFFBJ66CC
竹北市,建物,新竹縣竹北市嘉興二街11號8樓,0.0,住,,,1061024,土地0建物1車位1,八層,14,住宅大樓(11層含以上有電梯),住家用,鋼筋混凝土造,1040901,115.17999999999999,2,2,1,有,有,有,20000,174,坡道平面,0.0,0,租金含管理費,RPPOMLQLIIMFFBJ58CC
竹北市,建物,新竹縣竹北市莊敬六街13號2樓之3,0.0,住,,,1061020,土地0建物1車位0,二層,15,住宅大樓(11層含以上有電梯),住家用,鋼筋混凝土造,0941114,41.379999999999995,1,0,1,有,有,有,9000,217,,0.0,0,租金含管理費.網路.第四台,RPQOMLQLIIMFFBJ68CC
竹北市,建物,新竹縣竹北市中央路183號13樓,0.0,住,,,1061019,土地0建物1車位1,十三層,15,住宅大樓(11層含以上有電梯),住家用,鋼筋混凝土造,1040107,183.34,3,2,2,有,有,有,21500,117,坡道平面,0.0,0,租金含管理費,RPROMLQLIIMFFBJ78CC
竹北市,建物,新竹縣竹北市縣政二路492號3樓,0.0,住,,,1061021,土地0建物1車位1,三層,9,華廈(10層含以下有電梯),住家用,鋼筋混凝土造,1020111,103.25999999999999,2,2,1,有,有,無,15000,145,坡道機械,0.0,0,續租,RPXPMLQLIIMFFBJ86CC
竹北市,建物,新竹縣竹北市六家六街18巷9號1-2樓,0.0,住,,,1061024,土地0建物1車位1,全,5,透天厝,住家用,鋼筋混凝土造,0960827,90.39,2,2,2,有,無,有,16666,184,坡道平面,0.0,0,租金含稅.二代健保,RPOQMLQLIIMFFBJ68CC
竹北市,建物,新竹縣竹北市六家六街18巷9號3-4樓,0.0,住,,,1061024,土地0建物1車位0,全,5,透天厝,住家用,鋼筋混凝土造,0960827,78.3,2,0,2,有,無,有,11111,142,,0.0,0,租金含稅.二代健保續租,RPOOMLRLIIMFFBJ58CC
竹北市,建物,新竹縣竹北市復興三路二段118號4樓,0.0,商,,,1061011,土地0建物1車位0,四層,23,住宅大樓(11層含以上有電梯),住家用,鋼筋混凝土造,1030924,169.24,4,2,2,有,有,有,45000,266,,0.0,0,,RPPOMLRLIIMFFBJ68CC
竹北市,建物,新竹縣竹北市嘉興路338巷18號8樓,0.0,住,,,1061010,土地0建物1車位1,八層,12,住宅大樓(11層含以上有電梯),住家用,鋼筋混凝土造,1030228,136.8,2,2,1,有,有,有,20000,146,坡道平面,0.0,0,租金含管理費,RPSOMLLJJIMFFBJ28CC
竹北市,建物,新竹縣竹北市嘉興三街28號12樓之6,0.0,住,,,1061029,土地0建物1車位1,十二層,14,住宅大樓(11層含以上有電梯),住家用,鋼筋混凝土造,1060615,128.28,2,2,1,有,有,無,17000,133,坡道平面,0.0,0,租金含管理費,RPUOMLLJJIMFFBJ48CC
竹北市,建物,新竹縣竹北市六家一路一段138號11樓之2,0.0,商,,,1061028,土地0建物1車位2,十一層,15,住宅大樓(11層含以上有電梯),住家用,鋼筋混凝土造,1000707,177.16000000000003,3,2,2,有,有,有,24000,135,坡道平面,0.0,0,,RPVOMLLJJIMFFBJ58CC
竹北市,建物,新竹縣竹北市嘉豐十一路一段１００號十三樓之五,0.0,商,,,1061006,土地0建物1車位1,見其他登記事項,14,辦公商業大樓,商業用,鋼筋混凝土造,0970321,179.01999999999998,0,0,0,無,有,有,65000,363,坡道平面,0.0,0,13F+14F,RPVNMLNJJIMFFBJ68CC
竹北市,建物,新竹縣竹北市福興東路二段５８號,0.0,住,,,1061012,土地0建物0車位0,一層,5,店面(店鋪),住商用,鋼筋混凝土造,0911008,58.47,0,0,0,無,無,無,25000,428,,0.0,0,,RPXNMLNJJIMFFBJ88CC
竹東鎮,建物,新竹縣竹東鎮光明路２０巷５１弄５５號,0.0,住,,,1061010,土地0建物1車位0,全,2,透天厝,住家用,加強磚造,,102.86,2,1,2,有,無,無,8000,78,,0.0,0,,RPPNMLNJJIMFFCJ18CC
湖口鄉,房地(土地+建物),新竹縣湖口鄉榮光一路162號1樓,78.84,,鄉村區,乙種建築用地,1061019,土地1建物1車位0,全,4,透天厝,見其他登記事項,鋼筋混凝土造,1040821,46.72,0,0,0,無,無,無,12000,257,,0.0,0,,RPRNMLQJJIMFFDJ78CC
竹北市,建物,新竹縣竹北市高鐵二路３２號十三樓之二,0.0,商,,,1061011,土地0建物0車位0,十三層,20,辦公商業大樓,商業用,鋼筋混凝土造,0990106,95.94,0,0,0,無,有,無,37000,386,,0.0,0,部分面積保留不租.,RPPOMLRJJIMFFBJ58CC
竹北市,建物,新竹縣竹北市光明六路東一段２５７號十二樓,0.0,商,,,1061015,土地0建物1車位1,十二層,15,辦公商業大樓,商業用,鋼筋混凝土造,0941114,225.26,0,0,0,無,有,無,35000,155,坡道平面,0.0,0,,RPSOMLRJJIMFFBJ88CC
