﻿編號,屋齡,建物移轉面積平方公尺,主要用途,主要建材,建築完成日期,總層數,建物分層
The serial number,room age,building shifting area square meter,the main use,main building materials,construction completes the date,total layer,building lamination
RPVNMLSJQHMFFAM17CA,13,98.35,住家用,鋼筋混凝土造,93年12月28日,十二層,八層 陽台
RPVNMLSJQHMFFAM17CA,13,14.57,住家用,鋼筋混凝土造,93年12月28日,十二層,
RPVNMLSJQHMFFAM17CA,13,10.02,電梯樓梯間、梯間,鋼筋混凝土造,93年12月28日,十二層,
RPTNMLSKQHMFFAM07CA,5,337.87,住家用,鋼筋混凝土造,101年12月27日,四層,一層 二層 三層 四層 陽台
RPWNMLTJQHMFFAM37CA,24,99.11,住家用,鋼筋混凝土造,82年12月8日,十層,四層 陽台 花台
RPWNMLTJQHMFFAM37CA,24,20.41,防空避難室、停車場,鋼筋混凝土造,82年12月8日,十層,
RPPNMLLLQHMFFAM68CA,6,270.87,住家用,鋼筋混凝土造,100年5月18日,四層,一層 二層 三層 四層 陽台 雨遮
RPVNMLTJQHMFFAM27CA,19,101.71,住家用,鋼筋混凝土造,87年3月6日,九層,一層 陽台
RPVNMLTJQHMFFAM27CA,,.21,管理員室,鋼筋混凝土造,,九層,
RPVNMLTJQHMFFAM27CA,19,14.03,停車空間,鋼筋混凝土造,87年3月6日,九層,
RPVNMLTJQHMFFAM27CA,19,12.11,梯間、管理員室、水箱、機械間,鋼筋混凝土造,87年3月6日,九層,
RPVNMLTJQHMFFAM27CA,19,7.09,停車空間,鋼筋混凝土造,87年3月6日,九層,
RPVNMLTJQHMFFAM27CA,19,.03,梯間、管理員室、水箱、機械間,鋼筋混凝土造,87年3月6日,九層,
RPPNMLLMQHMFFAM78CA,38,86.04,住家用,鋼筋混凝土加強磚造,68年10月28日,二層,一層 二層
RPSNMLMJQHMFFBM98CA,1,204.99,住家用,鋼筋混凝土造,105年11月2日,四層,一層 二層 三層 四層 陽台
RPSNMLNJQHMFFCM56CA,22,105.74,集合住宅,鋼筋混凝土造,84年11月22日,十二層,六層 陽台
RPSNMLNJQHMFFCM56CA,22,38.97,門廳、梯間、水塔、牌樓、停車空間兼防空避難室、機械房,鋼筋混凝土造,84年11月22日,十二層,
RPQNMLLKQHMFFCM88CA,30,95.70,住家用,加強磚造,76年4月27日,二層,一層 二層
RPRNMLLJQHMFFDM98CA,,68.10,住家用,鋼筋混凝土加強磚造,,一層,一層
RPQNMLOJQHMFFDM56CA,3,138.15,住家用,鋼筋混凝土造,103年7月16日,四層,一層 二層 三層 四層 陽台
RPPNMLMJQHMFFDM88CA,16,70.70,住家用,鋼筋混凝土造,90年4月23日,二層,一層 二層 陽台
RPQNMLLKQHMFFDM98CA,15,188.53,住家用,鋼筋混凝土造,91年2月19日,三層,一層 二層 三層 陽台 屋頂突出物
RPSNMLSJQHMFFCM07CA,24,107.91,集合住宅,鋼筋混凝土造,82年7月24日,七層,七層 陽台 露台
RPSNMLSJQHMFFCM07CA,24,11.20,梯間、突出物、門廳、車道、避難室、停車場、騎樓等公共設施,鋼筋混凝土造,82年7月24日,,
RPPNMLTJQHMFFCM86CA,16,177.70,住家用,鋼筋混凝土造,90年4月18日,二層,一層 二層 屋頂突出物
RPTNMLTJQHMFFBM17CA,42,147.41,住商用,鋼筋混凝土加強磚造,64年4月15日,二層,一層 二層 騎樓
RPPNMLLLQHMFFBM78CA,1,33.01,梯廳、防空避難室兼停車空間、丙梯、停車空間、污水機房、消房機房、昇降機、排煙室、甲梯、緊急升降機、一般及緊急升降機、緊急發電機室、電信室、台電配電室、電錶區、管委會空間、乙梯、丁梯、樓梯間、機械室、水錶室、水箱等２２項。,鋼筋混凝土造,105年12月29日,十二層,
RPQNMLLLQHMFFBM88CA,1,94.92,集合住宅,鋼筋混凝土造,105年12月29日,十二層,五層 陽台 雨遮
RPQNMLLLQHMFFBM88CA,1,78.94,梯廳、防空避難室兼停車空間、丙梯、停車空間、污水機房、消房機房、昇降機、排煙室、甲梯、緊急升降機、一般及緊急升降機、緊急發電機室、電信室、台電配電室、電錶區、管委會空間、乙梯、丁梯、樓梯間、機械室、水錶室、水箱等２２項。,鋼筋混凝土造,105年12月29日,十二層,
RPSNMLSJQHMFFAM86CA,29,111.10,住家用,加強磚造,77年5月6日,二層,一層 二層
RPPNMLNJQHMFFBM88DA,40,92.30,住家用,磚造,66年2月16日,二層,一層 二層
RPQNMLNJQHMFFEM56CA,34,110.83,住商用,鋼筋混凝土加強磚造,72年8月8日,二層,一層 二層 騎樓
RPVNMLNJQHMFFAM76DA,36,89.20,住商用,鋼筋混凝土加強磚造,70年12月1日,二層,一層 二層 騎樓
RPOOMLNJQHMFFAM68CA,1,156.74,住宅、樓梯間、水箱間,鋼筋混凝土造,105年8月2日,三層,一層 二層 三層 陽台 屋頂突出物
RPQOMLRJQHMFFAM66CA,37,99.95,住商用,鋼筋混凝土加強磚造,69年2月5日,二層,一層 二層 騎樓
RPROMLRJQHMFFAM76CA,2,272.13,住宅、樓梯間,鋼筋混凝土造,104年4月7日,四層,一層 二層 三層 四層 陽台 屋頂突出物
RPUNMLLLQHMFFCM76CA,,156.40,住家用,鋼骨ＲＣ造,105年12月26日,三層,一層 二層 三層 陽台
RPPNMLPJQHMFFCM09CA,28,137.76,農舍,加強磚造,78年9月27日,二層,一層 二層 陽台 見其他登記事項
RPTNMLLLQHMFFCM66CA,,172.23,住宅、樓梯間,鋼骨ＲＣ造,105年12月26日,三層,一層 二層 三層 見其他登記事項
RPQNMLNJQHMFFDM09CA,29,149.01,住家用,鋼筋混凝土造,77年9月6日,三層,一層 二層 三層 陽台
RPPNMLOJQHMFFDM09CA,27,109.00,住商用,鋼筋混凝土造,79年9月3日,三層,一層 二層 三層 騎樓
RPPNMLPKQHMFFDM66CA,1,170.24,集合住宅、梯間,鋼筋混凝土造,105年1月20日,三層,一層 二層 三層 陽台 見其他登記事項
RPSNMLLLQHMFFCM56CA,,155.22,住家用,鋼骨ＲＣ造,105年12月26日,三層,一層 二層 三層 陽台
RPSNMLLLQHMFFCM56CA,,11.73,門廳,鋼骨ＲＣ造,105年12月26日,一層,
RPUNMLTJQHMFFCM37CA,44,83.35,住商用,Ａ﹒加強磚造  Ｂ﹒木造,62年5月8日,二層,一層 二層 騎樓
RPUNMLTJQHMFFCM37CA,44,83.35,住商用,Ａ﹒加強磚造  Ｂ﹒木造,62年5月8日,二層,一層 二層 騎樓
RPRNMLSJQHMFFAM76CA,,228.96,住商用,鋼筋混凝土加強磚造,,二層,一層 二層 騎樓 地下層
RPRNMLOLQHMFFBM66CA,1,63.00,集合住宅,鋼筋混凝土造,105年12月29日,十二層,七層 陽台 雨遮
RPRNMLOLQHMFFBM66CA,1,30.47,梯廳、防空避難室兼停車空間、丙梯、停車空間、污水機房、消房機房、昇降機、排煙室、甲梯、緊急升降機、一般及緊急升降機、緊急發電機室、電信室、台電配電室、電錶區、管委會空間、乙梯、丁梯、樓梯間、機械室、水錶室、水箱等２２項。,鋼筋混凝土造,105年12月29日,十二層,
RPPOMLRJQHMFFAM56CA,24,78.10,住家用,鋼筋混凝土造,82年3月22日,八層,五層 陽台
RPPOMLRJQHMFFAM56CA,24,26.05,防空避難室、人行道、電梯,鋼筋混凝土造,82年3月22日,八層,
RPPNMLLMQHMFFDM56DA,9,284.93,農舍,鋼架構造,97年1月30日,一層,一層
RPQNMLLKQHMFFAM68CA,3,180.31,住家用,鋼筋混凝土造,103年12月4日,四層,一層 二層 三層 四層 陽台
RPQNMLSJQHMFFAM66CA,39,119.81,住家用,加強磚造,67年1月1日,三層,一層 二層 三層
RPVNMLSJQHMFFBM27CA,37,96.38,住家用,鋼筋混凝土加強磚造,69年12月1日,二層,一層 二層
RPPNMLLJRHMFFDM88CA,31,87.84,住家用,鋼筋混凝土加強磚造,75年4月12日,二層,一層 二層 騎樓
RPRNMLLLQHMFFCM09CA,30,109.61,住家用,加強磚造、ＲＣ造,76年4月27日,二層,一層 二層
RPXNMLTJQHMFFCM67CA,1,206.02,住宅、水箱間,鋼筋混凝土造,105年1月28日,三層,一層 二層 三層 陽台 見其他登記事項
RPRNMLLKQHMFFCM98CA,,114.13,住家用,加強磚造,,二層,一層 二層 騎樓
RPVNMLSKQHMFFBM37CA,21,187.67,住家用,鋼筋混凝土造,85年1月5日,四層,一層 二層 三層 四層 陽台 平台 露台
RPVNMLLKQHMFFAM56CA,1,194.99,住家用,鋼筋混凝土造,105年5月18日,四層,一層 二層 三層 四層 陽台
RPTNMLTJQHMFFAM07CA,41,254.84,住家用,鋼筋混凝土造、加強磚造,65年2月10日,四層,一層 二層 三層 四層 騎樓
RPQNMLTJQHMFFAM76CA,37,102.06,住商用,鋼筋混凝土加強磚造,69年8月28日,二層,一層 二層 騎樓
RPPNMLPKQHMFFAM98CA,12,2918.46,廠房、守衛室,鋼骨鋼筋混凝土造,94年4月14日,一層,一層
RPPNMLPKQHMFFAM98CA,29,2160.10,工廠、辦公室、宿舍,鋼骨ＲＣ造、ＲＣ造,77年5月6日,二層,一層 二層
RPXNMLLLQHMFFAM86CA,24,61.57,住家用,鋼筋混凝土造,82年10月1日,十二層,十層 陽台 花台
RPXNMLLLQHMFFAM86CA,24,7.15,梯間、機械房、水箱,鋼筋混凝土造,82年10月1日,十二層,
RPXNMLLLQHMFFAM86CA,12,9.55,防空避難室兼停車空間、門廳、騎樓,鋼筋混凝土造,94年12月13日,十一層,
RPQNMLSKQHMFFEM17CA,12,186.27,住家用,鋼筋混凝土造,94年8月12日,三層,一層 二層 三層 陽台 見其他登記事項
RPQNMLOKQHMFFEM76CA,18,137.10,住家用,鋼筋混凝土造,88年5月25日,二層,一層 二層 屋頂突出物
RPTNMLKKQHMFFCM09CA,23,25.91,集合住宅,鋼筋混凝土造,83年10月13日,十二層,十一層 花台
RPTNMLKKQHMFFCM09CA,23,13.29,避難室、停車場、梯間、走廊、門廳、騎樓、車道、屋頂突出物、管道間,鋼筋混凝土造,83年10月13日,十二層,
RPWNMLTLQHMFFCM77CA,30,135.01,住家用,加強磚造,76年4月27日,二層,一層 二層
RPTNMLLKQHMFFDM66CA,12,220.61,住家用,鋼筋混凝土造,94年5月24日,三層,一層 二層 三層 陽台
RPQNMLSKQHMFFAM76CA,35,121.85,住商用,鋼筋混凝土造,71年4月1日,二層,一層 二層 騎樓
RPPNMLQLQHMFFCM76CA,20,171.03,住家用,鋼筋混凝土造,87年1月3日,四層,一層 二層 三層 四層 陽台
RPPNMLLKQHMFFCM78CA,23,96.79,集合住宅,鋼筋混凝土造,83年7月7日,十三層,十一層 陽台 花台
RPPNMLLKQHMFFCM78CA,23,38.73,避難室兼停車場、門、梯間、突出物、機械房、水箱,鋼筋混凝土造,83年7月7日,十三層,
RPTNMLSKQHMFFDM37CA,19,191.55,住家用,鋼筋混凝土造,87年10月1日,三層,一層 二層 三層 陽台
RPRNMLSKQHMFFDM17CA,17,105.33,住家用,鋼筋混凝土造,89年8月4日,五層,五層 陽台
RPOOMLLLQHMFFAM68CA,1,170.29,住宅、樓梯間,鋼筋混凝土造,105年8月1日,三層,一層 二層 三層 陽台 屋頂突出物
RPTNMLLLRHMFFAM56CA,1,208.64,住家用,鋼筋混凝土造,105年5月18日,四層,一層 二層 三層 四層 陽台
RPQNMLOKQHMFFAM98CA,6,323.47,停車空間、集合住宅,鋼筋混凝土造,100年2月8日,四層,一層 二層 三層 四層 陽台 地下一層
RPQNMLOKQHMFFAM98CA,6,45.11,車道及設備室,鋼筋混凝土造,100年2月8日,,
RPSNMLKKQHMFFDM56DA,38,71.39,住家用,鋼筋混凝土加強磚造,68年10月30日,一層,一層
RPVNMLLMQHMFFCM96CA,37,62.28,住家用,鋼筋混凝土加強磚造,69年6月25日,一層,一層
RPPNMLOKQHMFFCM56DA,23,31.89,住家用,鋼筋混凝土造,83年8月13日,十五層,七層 陽台 花台
RPPNMLOKQHMFFCM56DA,23,9.79,防空避難室、停車空間、梯間、公共設施,鋼筋混凝土造,83年8月13日,十五層,
RPQNMLOKQHMFFCM66DA,23,31.89,住家用,鋼筋混凝土造,83年8月13日,十五層,七層 陽台 花台
RPQNMLOKQHMFFCM66DA,23,9.79,防空避難室、停車空間、梯間、公共設施,鋼筋混凝土造,83年8月13日,十五層,
RPPOMLOKQHMFFAM98CA,11,156.38,住家用,鋼筋混凝土造,95年12月7日,四層,一層 二層 三層 四層 陽台 雨遮
RPWNMLRKQHMFFAM27CA,,63.49,集合住宅,鋼筋混凝土造,106年5月8日,五層,二層 陽台
RPWNMLRKQHMFFAM27CA,,39.00,停車空間、樓電梯間,鋼筋混凝土造,106年5月8日,五層,
RPPNMLSKQHMFFAM66CA,1,194.72,住家用,鋼筋混凝土造,105年5月18日,四層,一層 二層 三層 四層 陽台
RPSNMLLMQHMFFAM09CA,19,80.81,住家用,鋼筋混凝土造,87年10月27日,十三層,十三層 陽台
RPSNMLLMQHMFFAM09CA,19,24.67,防空避難室、停車空間、水塔、門廳、梯間、突出物、機電空調設備空間,鋼筋混凝土造,87年10月27日,十三層,
RPWNMLOJRHMFFCM17CA,19,61.45,住家用,鋼筋混凝土造,87年10月19日,二層,一層 二層 陽台 屋頂突出物 雨遮
RPWNMLOJRHMFFCM17CA,19,61.45,住家用,鋼筋混凝土造,87年10月19日,二層,一層 二層 陽台 屋頂突出物 雨遮
RPQNMLPKQHMFFBM56CA,3,195.20,住宅、樓梯間,鋼筋混凝土造,103年9月2日,三層,一層 二層 三層 陽台 見其他登記事項
RPUNMLLMQHMFFCM86CA,2,217.62,住家用,鋼筋混凝土造,104年3月19日,四層,一層 二層 三層 四層 陽台 雨遮
RPQNMLOKQHMFFDM66CA,38,85.47,住家用,鋼筋混凝土加強磚造,68年3月14日,二層,一層 二層
RPQNMLKMRHMFFDM56CA,35,202.30,住商用,鋼筋混凝土造,71年12月22日,三層,一層 二層 三層 陽台 騎樓
RPPNMLPKRHMFFCM66CA,22,133.18,住家用,鋼筋混凝土造,84年9月14日,三層,一層 二層 三層 陽台 平台 花台
RPWNMLMLQHMFFCM07CA,23,35.21,集合住宅,鋼筋混凝土造,83年10月13日,十二層,七層 陽台
RPWNMLMLQHMFFCM07CA,23,17.55,避難室、停車場、梯間、走廊、門廳、騎樓、車道、屋頂突出物、管道間,鋼筋混凝土造,83年10月13日,十二層,
RPPNMLQKQHMFFBM56CA,41,46.35,自用農舍,鋼筋混凝土加強磚造,65年2月10日,一層,一層
RPTNMLQKQHMFFBM96CA,5,174.48,住宅、樓梯間,鋼筋混凝土造,102年1月2日,三層,一層 二層 三層 陽台 見其他登記事項
RPTNMLOKQHMFFAM66CA,2,221.90,集合住宅、梯間,鋼筋混凝土造,104年11月20日,三層,一層 二層 三層 陽台 雨遮 見其他登記事項 見其他登記事項
RPTNMLOKQHMFFAM66CA,2,.32,集合住宅,鋼筋混凝土造,104年11月20日,一層,
RPVNMLOKQHMFFAM86CA,13,151.77,住家用,鋼筋混凝土造,93年11月9日,三層,一層 二層 三層 陽台 屋頂突出物
RPTNMLRKQHMFFAM96CA,,62.27,集合住宅,鋼筋混凝土造,106年5月8日,五層,四層 陽台
RPTNMLRKQHMFFAM96CA,,39.00,停車空間、樓電梯間,鋼筋混凝土造,106年5月8日,五層,
RPTNMLQKQHMFFAM86CA,38,92.80,住家用,鋼筋混凝土加強磚造,68年2月23日,二層,一層 二層
RPUNMLRKQHMFFAM07CA,,63.49,集合住宅,鋼筋混凝土造,106年5月8日,五層,五層 陽台
RPUNMLRKQHMFFAM07CA,,39.00,停車空間、樓電梯間,鋼筋混凝土造,106年5月8日,五層,
RPWNMLMLQHMFFAM86CA,38,232.14,住商用,鋼筋混凝土加強磚造,68年7月17日,四層,一層 二層 三層 四層 騎樓
RPUNMLQKQHMFFAM96CA,37,115.20,住商用,鋼筋混凝土加強磚造,69年10月1日,二層,一層 二層 騎樓
RPQOMLSKQHMFFBM96CA,21,205.55,住家用,鋼筋混凝土造,85年1月24日,四層,一層 二層 三層 四層 陽台
RPQNMLSKQHMFFBM86CA,1,204.02,住家用,鋼筋混凝土造,105年5月18日,四層,一層 二層 三層 四層 陽台
RPPNMLOLQHMFFDM66CA,10,134.64,住家用,鋼筋混凝土造,96年4月13日,二層,一層 二層 陽台 雨遮
RPRNMLRKQHMFFDM07CA,10,133.13,住家用,鋼筋混凝土造,96年4月13日,二層,一層 二層 陽台 雨遮
RPSNMLSJRHMFFDM27CA,,265.50,住宅、樓梯間,鋼筋混凝土造,106年5月3日,三層,一層 二層 三層 陽台 見其他登記事項
RPPNMLSJRHMFFDM96CA,,266.16,住宅、樓梯間,鋼筋混凝土造,106年5月3日,三層,一層 二層 三層 陽台 見其他登記事項
RPTNMLPJRHMFFBM86CA,23,87.22,住商用,鋼筋混凝土造,83年4月11日,八層,一層 二層 陽台 騎樓
RPTNMLPJRHMFFBM86CA,23,11.12,防空避難室、停車場、機械室、門廳、車道、梯間,鋼筋混凝土造,83年4月11日,八層,
RPPNMLRKQHMFFCM86DA,36,95.60,住宅、店舖、人行道,加強磚造,70年10月1日,二層,一層 二層 騎樓
RPXNMLLMQHMFFCM17CA,26,119.48,人行道、店舖、住宅,加強磚造,80年1月25日,二層,一層 二層 陽台 騎樓
RPSNMLNLQHMFFAM66DA,25,142.56,住家用,鋼筋混凝土造,81年12月29日,三層,一層 二層 三層
RPPNMLRKQHMFFAM56CA,25,136.24,住家用,鋼筋混凝土造,81年11月2日,三層,一層 二層 三層
RPSNMLSKQHMFFAM96CA,37,102.48,住商用,鋼筋混凝土加強磚造,69年7月1日,二層,一層 二層 騎樓
RPXNMLSKQHMFFAM47CA,38,83.22,住家用,鋼筋混凝土加強磚造,68年7月18日,二層,一層 二層
RPUNMLSLQHMFFBM37CA,24,148.77,住家用,鋼筋混凝土造,82年9月1日,三層,一層 二層 三層 陽台 電梯樓梯間
RPPNMLNLQHMFFBM98CA,3,97.50,集合式住宅,鋼筋混凝土造,103年4月23日,六層,五層 陽台
RPPNMLNLQHMFFBM98CA,3,40.18,停車場空間、防空避難室、樓梯間、機械室,鋼筋混凝土造,103年4月23日,六層,
RPQNMLNLQHMFFBM09CA,5,87.32,農舍,鋼骨鋼筋混凝土造,101年9月11日,一層,一層
RPSNMLSKQHMFFBM07CA,31,109.50,住家用,鋼筋混凝土加強磚造,75年5月29日,二層,一層 二層
RPQNMLTLQHMFFCM17CA,24,105.24,集合住宅,鋼筋混凝土造,82年8月30日,七層,四層 陽台 花台
RPQNMLTLQHMFFCM17CA,24,23.35,避難室、騎樓、突出物兼停車場、樓梯間、汽車昇降機、門廳,鋼筋混凝土造,82年8月30日,見其他登記事項,
RPRNMLMKRHMFFCM56CA,7,300.67,農舍、樓梯間,鋼鐵造有牆、ＲＣ造,99年7月16日,三層,一層 二層 三層 陽台 見其他登記事項
RPXNMLNKRHMFFCM27CA,38,121.59,住商用,鋼筋混凝土加強磚造,68年11月1日,二層,一層 二層 騎樓
RPPNMLOLQHMFFEM76CA,23,189.45,農舍,鋼造,83年9月9日,一層,一層
RPUNMLSKQHMFFDM47CA,34,99.30,住商用,鋼筋混凝土加強磚造,72年4月27日,二層,一層 二層 騎樓
RPSNMLSLQHMFFCM27CA,22,74.44,集合住宅,鋼筋混凝土造,84年11月22日,十二層,八層 陽台
RPSNMLSLQHMFFCM27CA,22,34.49,門廳、梯間、水塔、牌樓、停車空間兼防空避難室、機械房,鋼筋混凝土造,84年11月22日,十二層,
RPTNMLNLQHMFFCM86CA,19,93.66,集合住宅,鋼筋混凝土造,87年12月31日,八層,五層 陽台
RPTNMLNLQHMFFCM86CA,19,59.72,停車場．避難室,鋼筋混凝土造,87年12月31日,八層,
RPQNMLMLQHMFFCM09CA,22,74.44,集合住宅,鋼筋混凝土造,84年11月22日,十二層,十層 陽台
RPQNMLMLQHMFFCM09CA,22,19.45,門廳、梯間、水塔、牌樓、停車空間兼防空避難室、機械房,鋼筋混凝土造,84年11月22日,十二層,
RPRNMLKMQHMFFBM98CA,35,112.54,住商用,鋼筋混凝土造,71年6月17日,二層,一層 二層 騎樓
RPQNMLSLQHMFFBM96CA,26,105.18,住家用,鋼筋混凝土造,80年11月15日,七層,二層 陽台 花台
RPQNMLSLQHMFFBM96CA,26,1.56,商業用,鋼筋混凝土造,80年11月15日,七層,
RPQNMLSLQHMFFBM96CA,26,39.63,避難室、梯間、水塔、門廳、警衛室、玄關、停車空間,鋼筋混凝土造,80年11月15日,七層,
RPOOMLSKQHMFFAM66CA,24,51.45,住家用,鋼筋混凝土造,82年11月10日,十四層,七層 陽台
RPOOMLSKQHMFFAM66CA,24,10.91,梯間、水塔、機械室,鋼筋混凝土造,82年11月10日,十四層,
RPOOMLSKQHMFFAM66CA,24,5.48,避難室、開放空間、停車空間,鋼筋混凝土造,82年11月10日,十四層,
RPRNMLQJRHMFFBM76CA,1,306.75,住家用,鋼筋混凝土造,105年8月22日,四層,一層 二層 三層 四層 陽台
RPRNMLSJRHMFFBM96CA,9,225.82,農舍,鋼筋混凝土造、鋼鐵造有牆,97年9月4日,三層,一層 二層 三層 陽台
RPVNMLOJRHMFFAM86CA,,135.43,集合住宅,鋼筋混凝土造,106年5月19日,三層,一層 二層 三層 陽台
RPPNMLTLQHMFFAM86CA,,163.22,店舖、集合住宅,鋼筋混凝土造,106年5月19日,四層,一層 二層 三層 四層 陽台
RPRNMLTLQHMFFAM07CA,,165.89,店舖、集合住宅,鋼筋混凝土造,106年5月19日,四層,一層 二層 三層 四層 陽台
RPROMLTLQHMFFAM17CA,,157.59,集合住宅,鋼筋混凝土造,106年5月19日,三層,一層 二層 三層 陽台
RPSNMLTLQHMFFAM17CA,17,380.32,住商用,鋼筋混凝土造,89年11月17日,三層,一層 二層 三層 陽台 屋頂突出物
RPQOMLTLQHMFFAM07CA,,166.66,集合住宅,鋼筋混凝土造,106年5月19日,三層,一層 二層 三層 陽台
RPOOMLTLQHMFFAM86CA,37,108.48,住商用,鋼筋混凝土加強磚造,69年1月10日,二層,一層 二層 騎樓
RPVNMLTLQHMFFAM47CA,20,139.81,停車空間、住宅,鋼筋混凝土造,86年9月30日,三層,一層 二層 三層 陽台 平台
RPUNMLTLQHMFFAM37CA,23,189.66,住家用,鋼筋混凝土造,83年11月10日,三層,一層 二層 三層 屋頂突出物
RPSOMLTLQHMFFAM27CA,,147.29,集合住宅,鋼筋混凝土造,106年5月19日,三層,一層 二層 三層 陽台
RPTOMLTLQHMFFAM37CA,,135.43,集合住宅,鋼筋混凝土造,106年5月19日,三層,一層 二層 三層 陽台
RPOOMLOJRHMFFAM88CA,,135.23,集合住宅,鋼筋混凝土造,106年5月19日,三層,一層 二層 三層 陽台
RPPNMLPKRHMFFAM09CA,,205.35,住家用,鋼筋混凝土造,106年4月17日,四層,一層 二層 三層 四層 陽台
RPRNMLPKRHMFFAM66CA,,205.45,住家用,鋼筋混凝土造,106年4月17日,四層,一層 二層 三層 四層 陽台
RPPNMLPLQHMFFBM56CA,42,77.40,住家用,鋼筋混凝土加強磚造,64年11月8日,二層,一層 二層
RPTNMLKMQHMFFCM66CA,1,226.63,住家用,鋼筋混凝土造,105年4月6日,四層,一層 二層 三層 四層
RPXNMLOJRHMFFBM17CA,22,90.83,住家用,鋼筋混凝土造,84年12月15日,十二層,六層 陽台 花台
RPXNMLOJRHMFFBM17CA,22,20.55,防空避難室、停車空間、門廳、梯間、機房、水箱,鋼筋混凝土造,84年12月15日,十二層,
RPXNMLOJRHMFFBM17CA,22,12.31,防空避難室、停車空間、門廳、梯間、機房、水箱,鋼筋混凝土造,84年12月15日,十二層,
RPXNMLOJRHMFFBM17CA,22,1.78,辦公室,鋼筋混凝土造,84年12月15日,十二層,
RPPNMLSLQHMFFBM86CA,27,201.93,住家用,鋼筋混凝土造,79年3月30日,三層,一層 二層 三層 陽台 見其他登記事項
RPSNMLLKRHMFFAM98CA,23,90.72,住家用,鋼筋混凝土造,83年9月7日,三層,一層 二層 三層
RPQOMLPKRHMFFAM76DA,39,91.98,住商用,鋼筋混凝土加強磚造,67年4月6日,二層,一層 二層
RPRNMLPJRHMFFAM56CA,,147.29,集合住宅,鋼筋混凝土造,106年5月19日,三層,一層 二層 三層 陽台
RPSNMLPJRHMFFAM66CA,,147.62,集合住宅,鋼筋混凝土造,106年5月19日,三層,一層 二層 三層 陽台
RPRNMLSLQHMFFCM17CA,38,122.04,店舖、住宅、人行道,鋼筋混凝土造,69年1月15日,三層,一層 二層 三層 騎樓
RPRNMLSLQHMFFCM17CA,38,122.04,店舖、住宅、人行道,鋼筋混凝土造,69年1月15日,三層,一層 二層 三層 騎樓
RPUNMLSLQHMFFCM47CA,48,47.83,住家用,鋼筋混凝土加強磚造,58年5月15日,一層,一層
RPQNMLRJRHMFFCM86CA,13,103.18,集合住宅,鋼筋混凝土造,93年10月5日,十層,七層 陽台
RPQNMLRJRHMFFCM86CA,13,37.06,防空避難室兼停車空間、梯廳、梯間、水箱,鋼筋混凝土造,93年10月5日,十層,
RPSNMLTLQHMFFCM47DA,30,103.90,住家用,鋼筋混凝土造,76年5月11日,二層,一層 二層
RPSNMLKMQHMFFCM66DA,42,78.48,住家用,鋼筋混凝土加強磚造,64年12月6日,二層,一層 二層
RPRNMLOLQHMFFEM96CA,3,173.21,住宅、樓梯間,ＲＣ造,103年3月17日,三層,一層 二層 三層 陽台 見其他登記事項
RPXNMLMLRHMFFCM27CA,22,89.14,集合住宅,鋼筋混凝土造,85年2月9日,十五層,七層 陽台
RPXNMLMLRHMFFCM27CA,22,17.74,走道、機械房、門廳、騎樓、防空避難室兼停車場、梯間,鋼筋混凝土造,85年2月9日,十五層,
RPRNMLPLQHMFFDM96CA,21,21.35,集合住宅,鋼筋混凝土造,85年3月9日,五層,二層 陽台
RPRNMLPLQHMFFDM96CA,21,5.75,防空避難室、停車空間、門廳、屋頂突出物等公共設施,鋼筋混凝土造,85年3月9日,七層,
RPRNMLPLQHMFFDM96CA,21,2.91,梯間及走道等公共設施,鋼筋混凝土造,85年3月9日,五層,
RPPNMLLJRHMFFBM68CA,18,95.03,住家用,鋼筋混凝土造,88年2月12日,九層,四層 陽台 雨遮
RPPNMLLJRHMFFBM68CA,18,47.18,防空避難室、停車空間、水塔、梯間、機械房、暸望台,鋼筋混凝土造,88年2月12日,九層,
RPTNMLPLRHMFFCM17CA,56,40.56,住家用,磚造,50年10月15日,一層,一層
RPUNMLOJRHMFFAM76CA,38,83.22,住家用,鋼筋混凝土造,68年10月4日,二層,一層 二層
RPUNMLOKRHMFFAM86CA,13,79.49,住家用,鋼筋混凝土造,93年12月28日,十二層,一層 二層 騎樓
RPUNMLOKRHMFFAM86CA,13,13.16,住家用,鋼筋混凝土造,93年12月28日,十二層,
RPUNMLLMQHMFFAM66CA,9,29.16,住家用,鋼骨造,98年1月21日,三層,一層
RPUNMLLMQHMFFAM66CA,9,15.61,住家用,鋼骨造,98年1月21日,四層,
RPQNMLPLQHMFFAM56CA,36,83.02,住商用,鋼筋混凝土加強磚造,70年7月6日,二層,一層 二層 騎樓
RPSNMLPLQHMFFAM76CA,24,181.45,住家用,鋼筋混凝土造,82年12月8日,三層,一層 二層 三層 陽台 平台 屋頂突出物 露台 地下層
RPSNMLPLQHMFFAM76CA,24,7.90,防空避難室、停車場,鋼筋混凝土造,82年12月8日,十層,
RPWNMLQJRHMFFAM17CA,2,201.89,住家用,鋼筋混凝土造,104年8月4日,四層,一層 二層 三層 四層 陽台
RPPNMLMJRHMFFBM78CA,43,79.04,住家用,鋼筋混凝土加強磚造,63年8月26日,二層,一層 二層 陽台
RPQNMLPJRHMFFAM09CA,,135.43,集合住宅,鋼筋混凝土造,106年5月19日,三層,一層 二層 三層 陽台
RPTOMLOJRHMFFAM76CA,1,88.61,集合住宅,鋼筋混凝土造,106年1月19日,五層,三層 陽台
RPTOMLOJRHMFFAM76CA,1,35.86,停車空間、樓梯間、機房、水箱,鋼筋混凝土造,106年1月19日,五層,
RPTOMLOJRHMFFAM76CA,1,6.88,停車空間,鋼筋混凝土造,106年1月19日,五層,
RPQOMLOJRHMFFAM09CA,,167.16,集合住宅,鋼筋混凝土造,106年5月19日,三層,一層 二層 三層 陽台
RPPOMLOJRHMFFAM98CA,,135.23,集合住宅,鋼筋混凝土造,106年5月19日,三層,一層 二層 三層 陽台
RPPNMLLJRHMFFCM78CA,7,124.34,農舍,鋼骨ＲＣ造、鋼鐵造有牆,99年7月30日,二層,一層 二層 陽台
RPPNMLKMQHMFFCM88CA,36,147.15,住商用,鋼筋混凝土造,70年1月8日,二層,一層 二層 騎樓 地下層
RPRNMLLMQHMFFCM56CA,37,91.68,住家用,加強磚造,69年8月6日,二層,一層 二層
RPQNMLSKRHMFFCM07CA,24,91.15,集合住宅,鋼筋混凝土造,82年7月24日,七層,三層 陽台
RPQNMLSKRHMFFCM07CA,24,13.55,梯間、突出物、門廳、車道、避難室、停車場、騎樓等公共設施,鋼筋混凝土造,82年7月24日,,
RPTNMLOKRHMFFAM76CA,37,128.32,住商用,鋼筋混凝土加強磚造,70年1月30日,二層,一層 二層 騎樓
RPSNMLKMQHMFFBM09CA,29,163.00,住家用,鋼筋混凝土造,77年8月2日,四層,一層 二層 三層 四層 陽台
RPRNMLPJRHMFFDM86CA,43,182.93,住商用,鋼筋混凝土加強磚造,63年10月21日,三層,一層 二層 三層 騎樓
RPRNMLSLQHMFFBM07CA,34,72.45,住家用,鋼筋混凝土造,72年4月12日,四層,三層 陽台
RPRNMLSLQHMFFBM07CA,34,5.40,國民住宅,鋼筋混凝土造,72年4月12日,四層,
RPRNMLSLQHMFFBM07CA,34,1.68,國民住宅,鋼筋混凝土造,72年4月12日,四層,
RPRNMLSLQHMFFBM07CA,34,.84,國民住宅,鋼筋混凝土造,72年4月12日,四層,
RPRNMLSKRHMFFCM17CA,3,388.08,住宅、門廊,鋼筋混凝土造,103年9月23日,五層,一層 二層 三層 四層 五層 陽台
RPPNMLLMQHMFFEM56CA,25,131.55,住家用,鋼筋混凝土造,82年1月21日,三層,一層 二層 三層
RPSNMLSKRHMFFCM27CA,37,119.03,住商用,鋼筋混凝土造,69年6月10日,三層,一層 二層 三層 騎樓
RPPNMLLMQHMFFCM98CA,22,78.21,集合住宅,鋼筋混凝土造,84年11月22日,十二層,五層 陽台 花台
RPPNMLLMQHMFFCM98CA,22,18.26,門廳、梯間、水塔、牌樓、停車空間兼防空避難室、機械房,鋼筋混凝土造,84年11月22日,十二層,
RPQNMLLMQHMFFDM56CA,11,177.05,住家用,鋼筋混凝土造,95年3月6日,三層,一層 二層 三層 陽台 屋頂突出物
RPSNMLLMQHMFFCM66CA,21,163.77,住商用,鋼筋混凝土造,85年9月18日,四層,一層 二層 三層 四層 陽台 平台 雨遮
RPPOMLPKRHMFFAM56CA,39,63.00,住家用,鋼筋混凝土加強磚造,67年11月6日,一層,一層
RPTNMLLJRHMFFAM98CA,21,171.48,住商用,鋼筋混凝土造,85年7月24日,四層,一層 二層 三層 四層 陽台 平台
RPTNMLPJRHMFFAM76CA,24,152.64,住家用,鋼筋混凝土造,82年3月27日,三層,一層 二層 三層 陽台 屋頂突出物
RPQNMLRJRHMFFAM66CA,36,185.23,住商用,鋼筋混凝土加強磚造,70年4月30日,四層,一層 二層 三層 四層 騎樓
RPSNMLNKRHMFFAM56CA,22,150.50,住家用,加強磚造,84年6月28日,二層,一層 二層 屋頂突出物 騎樓
RPUNMLOJRHMFFBM86CA,1,88.66,集合住宅,鋼筋混凝土造,105年12月29日,十二層,十二層 陽台 雨遮
RPUNMLOJRHMFFBM86CA,1,42.91,梯廳、防空避難室兼停車空間、丙梯、停車空間、污水機房、消房機房、昇降機、排煙室、甲梯、緊急升降機、一般及緊急升降機、緊急發電機室、電信室、台電配電室、電錶區、管委會空間、乙梯、丁梯、樓梯間、機械室、水錶室、水箱等２２項。,鋼筋混凝土造,105年12月29日,十二層,
RPPNMLLKRHMFFDM98CA,2,147.28,住家用,鋼筋混凝土造,104年12月25日,三層,一層 二層 三層 陽台
RPTNMLTKRHMFFDM57CA,1,76.14,集合住宅,鋼筋混凝土造,105年1月20日,四層,一層 二層 三層 四層 陽台
RPTNMLTKRHMFFDM57CA,1,76.14,集合住宅,鋼筋混凝土造,105年1月20日,四層,一層 二層 三層 四層 陽台
RPRNMLPJRHMFFCM76CA,23,88.93,集合住宅,鋼筋混凝土造,83年5月26日,五層,一層 平台
RPRNMLPJRHMFFCM76CA,23,19.09,公共設施,鋼筋混凝土造,83年5月26日,五層,
RPSNMLOJRHMFFCM76CA,23,111.74,集合住宅,鋼筋混凝土造,83年7月7日,十三層,二層 陽台 露台 花台
RPSNMLOJRHMFFCM76CA,23,18.89,避難室兼停車場、門、梯間、突出物、機械房、水箱,鋼筋混凝土造,83年7月7日,十三層,
RPPNMLKLRHMFFAM68CA,1,161.81,住家用,鋼筋混凝土造,105年5月24日,四層,一層 二層 三層 四層 陽台
RPTNMLOJRHMFFCM86CA,,236.65,住家用,鋼筋混凝土造,106年3月6日,三層,一層 二層 三層 陽台 雨遮
RPQNMLSKRHMFFBM96CA,18,164.12,住家用,鋼筋混凝土造,88年5月28日,三層,一層 二層 三層 陽台 電梯樓梯間
RPVNMLLJRHMFFCM76CA,37,143.14,住商用,鋼筋混凝土加強磚造,69年3月19日,二層,一層 二層 騎樓
RPPNMLOJRHMFFCM09CA,13,138.45,住商用,鋼骨鋼筋混凝土造,93年7月20日,三層,一層 二層 三層
RPQNMLQJRHMFFCM76CA,33,91.62,住商用,鋼筋混凝土造,73年7月21日,二層,一層 二層 騎樓
RPPNMLOJRHMFFDM56CA,10,133.13,住家用,鋼筋混凝土造,96年4月13日,二層,一層 二層 陽台 雨遮
RPRNMLMLRHMFFDM76CA,,266.16,住宅、樓梯間,鋼筋混凝土造,106年5月3日,三層,一層 二層 三層 陽台 見其他登記事項
RPSNMLMKIIMFFCM58DA,14,62.50,自用農舍,鋼筋混凝土造,92年4月1日,二層,一層 二層 陽台
RPPNMLPJRHMFFAM98CA,38,85.32,住家用,鋼筋混凝土加強磚造,69年1月21日,二層,一層 二層
RPWNMLPJRHMFFAM07CA,22,219.28,住宅、車庫、娛樂室,鋼筋混凝土造,84年10月19日,四層,一層 二層 三層 四層 陽台 平台 屋頂突出物 地下層
RPTNMLOJRHMFFBM76CA,1,33.01,梯廳、防空避難室兼停車空間、丙梯、停車空間、污水機房、消房機房、昇降機、排煙室、甲梯、緊急升降機、一般及緊急升降機、緊急發電機室、電信室、台電配電室、電錶區、管委會空間、乙梯、丁梯、樓梯間、機械室、水錶室、水箱等２２項。,鋼筋混凝土造,105年12月29日,十二層,
RPRNMLSKRHMFFBM07CA,38,98.18,住家用,鋼筋混凝土加強磚造,68年2月22日,二層,一層 二層
RPQNMLOKRHMFFBM56CA,20,126.60,住家用,鋼筋混凝土造,86年6月30日,三層,一層 二層 三層 陽台 雨遮
RPQNMLOKRHMFFBM56CA,20,.18,管理員室,鋼筋混凝土造,86年6月30日,一層,
RPQNMLOKRHMFFBM56CA,20,37.13,停車空間,鋼筋混凝土造,86年6月30日,地下層,
RPRNMLRJRHMFFCM96CA,37,144.56,住商用,加強磚造,69年12月19日,二層,一層 二層 騎樓
RPUNMLSLRHMFFAM37CA,14,156.48,住家用,鋼筋混凝土造,92年2月18日,三層,一層 二層 三層 陽台
RPSNMLSJRHMFFCM17CA,10,206.16,住商用,鋼筋混凝土造,96年8月29日,三層,一層 二層 三層 屋頂突出物 騎樓
RPSNMLQJRHMFFCM96CA,21,161.54,住家用,鋼筋混凝土造,85年3月7日,四層,一層 二層 三層 四層
RPPNMLQJRHMFFDM76CA,18,71.02,住家用,鋼筋混凝土造,88年7月9日,四層,一層 二層
RPPNMLQJRHMFFDM76CA,18,7.12,共有部份,鋼筋混凝土造,88年7月9日,四層,
RPTNMLQJRHMFFBM96CA,25,78.53,住家用,鋼筋混凝土造,81年12月12日,七層,六層 陽台
RPTNMLQJRHMFFBM96CA,25,24.31,梯間、防空避難室、發電室、騎樓、水塔、機房,鋼筋混凝土造,81年12月12日,七層,
RPTNMLLKRHMFFAM09CA,21,8.77,防空避難室、停車空間、梯間、走道、水箱、住宅、店舖、機房、受電室,鋼筋混凝土造,85年4月10日,七層,
RPTNMLLKRHMFFAM09CA,21,23.47,住家用,鋼筋混凝土造,85年4月10日,七層,三層 陽台 花台
RPQNMLPKRHMFFDM86CA,37,105.00,住家用,鋼筋混凝土加強磚造,69年2月26日,二層,一層 二層 騎樓
RPOOMLPJIIMFFCM38CA,37,124.82,住家用,鋼筋混凝土加強磚造,70年1月13日,二層,一層 二層
RPUNMLTLRHMFFCM67CA,22,154.80,住家用,加強磚造,84年11月27日,二層,一層 二層 陽台 屋頂突出物
RPTNMLNJIIMFFCM58CA,22,154.75,自用農舍,鋼鐵造,84年5月9日,一層,一層
RPSNMLQJIIMFFCM78CA,21,161.26,住家用,鋼筋混凝土造,85年6月27日,三層,一層 二層 三層 陽台
RPQNMLLKRHMFFBM88CA,1,504.20,集合住宅、樓梯間,鋼筋混凝土造,105年5月24日,四層,一層 二層 三層 四層 陽台 見其他登記事項
RPUNMLLKRHMFFAM56CA,24,179.49,住家用,鋼筋混凝土造,82年12月17日,三層,一層 二層 三層
RPPNMLLKRHMFFAM68CA,1,172.63,住宅、停車空間、樓梯間,鋼筋混凝土造,105年8月8日,三層,一層 二層 三層 陽台 見其他登記事項
RPWNMLKLRHMFFAM76CA,,289.47,住家用,鋼筋混凝土造,106年5月16日,四層,一層 二層 三層 四層 陽台
RPQNMLKLRHMFFAM78CA,2,195.35,住宅、樓梯間、水箱間,鋼筋混凝土造,104年7月21日,三層,一層 二層 三層 陽台 屋頂突出物
RPQNMLPKRHMFFBM66CA,21,80.83,集合住宅,鋼筋混凝土造,85年12月7日,八層,六層 陽台
RPQNMLPKRHMFFBM66CA,21,26.71,防空避難室、停車空間、門廳、水箱、梯間、機械室、瞭望台,鋼筋混凝土造,85年12月7日,八層,
RPQNMLTKRHMFFDM27CA,41,90.72,住家用,鋼筋混凝土加強磚造,66年1月18日,二層,一層 二層
RPROMLNJIIMFFCM48CA,37,19.86,住家用,加強磚造,69年7月3日,一層,一層
RPQOMLNJIIMFFCM38CA,37,19.27,住家用,加強磚造,69年7月3日,一層,一層
RPWNMLTLRHMFFCM87CA,23,6.47,防空避難室、停車空間、梯間、公共設施,鋼筋混凝土造,83年8月13日,十五層,
RPWNMLTLRHMFFCM87CA,23,173.48,住家用,鋼筋混凝土造,83年8月13日,十五層,一層 二層 三層 陽台 平台 屋頂突出物 花台
RPQNMLRLRHMFFBM07DA,12,131.96,農舍,鋼鐵造有牆,94年9月20日,一層,一層
RPUNMLMKRHMFFCM96DA,19,125.79,住家用,鋼筋混凝土造,87年10月19日,三層,一層 二層 三層 陽台
RPPNMLNKRHMFFCM56DA,32,77.60,住商用,鋼筋混凝土造,75年2月3日,二層,一層 二層 騎樓
RPRNMLPLRHMFFDM07CA,37,85.26,住家用,鋼筋混凝土加強磚造,69年2月1日,二層,一層 二層
RPRNMLNKRHMFFDM76CA,38,110.70,住商用,鋼筋混凝土加強磚造,68年10月22日,二層,一層 二層 騎樓
RPRNMLMKRHMFFDM66CA,21,52.16,集合住宅,鋼筋混凝土造,85年4月1日,四層,三層 陽台
RPQOMLRLRHMFFAM96CA,16,218.54,住商用,鋼筋混凝土造,90年11月13日,四層,一層 二層 三層 四層 陽台 屋頂突出物 騎樓
RPQNMLLKRHMFFAM78CA,38,123.66,住商用,鋼筋混凝土加強磚造,68年3月9日,二層,一層 二層 騎樓
RPRNMLLKRHMFFAM88CA,37,95.94,住家用,鋼筋混凝土造,69年12月31日,二層,一層 二層
RPROMLRLRHMFFAM07CA,23,133.89,住家用,鋼筋混凝土造,83年9月30日,三層,一層 二層 三層 陽台 花台 夾層
RPTNMLKMRHMFFAM56CA,38,126.55,住家用,鋼筋混凝土加強磚造,68年8月14日,二層,一層 二層
RPQNMLRKRHMFFAM76CA,24,143.54,住家用,鋼筋混凝土造,82年11月20日,三層,一層 二層 三層 陽台 平台 花台
RPVNMLQLRHMFFAM27CA,22,82.32,農舍,鋼筋混凝土加強磚造,84年1月16日,一層,一層
RPVNMLQLRHMFFAM27CA,22,82.32,農舍,鋼筋混凝土加強磚造,84年1月16日,一層,一層
RPQNMLNKRHMFFBM09CA,37,125.20,住家用,鋼筋混凝土加強磚造,69年12月1日,二層,一層 二層
RPUNMLOKRHMFFCM07CA,,72.50,住家用,土木造,,一層,
RPWNMLNKRHMFFCM27DA,31,100.38,店舖、住宅、人行道,鋼筋混凝土造,75年2月28日,二層,一層 二層 騎樓
RPPNMLOKRHMFFBM56DA,30,99.10,住家用,加強磚造,76年10月5日,二層,一層 二層 陽台
RPRNMLQLRHMFFBM96CA,4,201.45,住宅、樓梯間,鋼筋混凝土造,102年3月20日,三層,一層 二層 三層 陽台 見其他登記事項
RPTNMLOKRHMFFBM96DA,,124.53,住家用,鋼筋混凝土造,,三層,一層 二層 三層
RPQNMLQLRHMFFEM17CA,23,228.97,住家用,鋼筋混凝土造,83年4月8日,三層,一層 二層 三層
RPQNMLNJIIMFFCM28CA,23,28.77,集合住宅,鋼筋混凝土造,83年11月28日,九層,九層 陽台
RPQNMLNJIIMFFCM28CA,23,9.01,防空避難室、停車空間、梯間、通道、機械室、水箱,鋼筋混凝土造,83年11月28日,九層,
RPRNMLOKRHMFFDM86CA,46,68.44,住家用,磚造,61年1月1日,二層,
RPPNMLSLRHMFFBM96CA,3,168.70,集合住宅,鋼筋混凝土造,103年6月25日,四層,一層 二層 三層 四層 陽台
RPUNMLTLRHMFFBM57CA,26,191.02,住商用,鋼筋混凝土造,80年10月22日,四層,一層 二層 三層 四層 陽台 騎樓
RPSNMLRLRHMFFBM17CA,57,28.77,住家用,磚造,49年11月1日,一層,一層 浴廁
RPQNMLQLRHMFFAM76CA,41,80.88,住家用,鋼筋混凝土加強磚造,66年2月3日,二層,一層 二層
RPUNMLPKRHMFFAM96CA,23,14.15,住家用,鋼筋混凝土造,83年4月27日,五層,一層 見其他登記事項
RPUNMLPKRHMFFAM96CA,23,4.20,住家用,鋼筋混凝土造,83年4月27日,五層,
RPQNMLOKRHMFFAM09CA,25,165.15,人行道、住宅,鋼筋混凝土造,81年7月11日,三層,一層 二層 三層 騎樓
RPRNMLKLRHMFFAM88CA,,62.27,集合住宅,鋼筋混凝土造,106年5月8日,五層,二層 陽台
RPRNMLKLRHMFFAM88CA,,39.00,停車空間、樓電梯間,鋼筋混凝土造,106年5月8日,五層,
RPSNMLKLRHMFFAM98CA,,62.27,集合住宅,鋼筋混凝土造,106年5月8日,五層,五層 陽台
RPSNMLKLRHMFFAM98CA,,39.00,停車空間、樓電梯間,鋼筋混凝土造,106年5月8日,五層,
RPTNMLKLRHMFFAM09CA,,63.49,集合住宅,鋼筋混凝土造,106年5月8日,五層,四層 陽台
RPTNMLKLRHMFFAM09CA,,39.00,停車空間、樓電梯間,鋼筋混凝土造,106年5月8日,五層,
RPRNMLRLRHMFFAM96CA,24,90.22,住家用,鋼筋混凝土造,82年5月19日,六層,三層 陽台
RPRNMLRLRHMFFAM96CA,24,57.17,屋頂突出物、梯間、地下室、水箱、機械房,鋼筋混凝土造,82年5月19日,六層,
RPSNMLMLRHMFFAM56CA,14,68.03,住家用,鋼筋混凝土造,93年1月19日,五層,二層 陽台
RPSNMLMLRHMFFAM56CA,14,8.02,梯間、突出物,鋼筋混凝土造,93年1月19日,五層,
RPRNMLPKRHMFFBM76CA,34,140.25,住家用,鋼筋混凝土造,72年5月12日,二層,一層 二層
RPTNMLLLRHMFFCM76CA,24,81.15,集合住宅,鋼筋混凝土造,83年1月14日,十一層,四層 陽台 花台
RPTNMLLLRHMFFCM76CA,24,36.19,１﹒停車空間、防空避難室  ２﹒梯間、機械室、水箱,鋼筋混凝土造,83年1月14日,十一層,
RPSNMLSKRHMFFAM17DA,39,91.18,住家用,加強磚造,67年8月1日,二層,一層 二層
RPQOMLTKRHMFFCM27CA,24,192.09,人行道、店舖、住宅、神明廳,鋼筋混凝土造,83年2月3日,四層,一層 二層 三層 四層 陽台 平台 騎樓 花台
RPQNMLTLRHMFFCM27CA,36,92.26,住家用,加強磚造,70年10月1日,二層,一層 二層
RPQNMLKMRHMFFCM09CA,30,87.13,住商用,鋼筋混凝土造,76年5月4日,二層,一層 二層 騎樓
RPVNMLKLRHMFFAM66CA,13,192.00,住家用,鋼筋混凝土造,93年12月2日,四層,一層 二層 三層 四層 陽台
RPPOMLKLRHMFFAM78CA,19,127.10,騎樓、店舖、集合住宅,鋼筋混凝土造,88年2月12日,十二層,一層 二層 騎樓 見其他登記事項
RPPOMLKLRHMFFAM78CA,19,23.34,共同使用防空避難室兼停車空間,鋼筋混凝土造,88年2月12日,十二層,
RPTNMLSLRHMFFAM27CA,4,482.89,農舍,鋼骨造,102年11月8日,二層,一層 二層
RPTNMLSLRHMFFAM27CA,4,476.18,農業設施﹝集貨包裝處理場﹞,鋼骨造有牆,102年10月23日,一層,一層
RPTNMLSLRHMFFAM27CA,4,476.18,農業設施﹝茶葉加工室﹞,鋼骨造有牆,102年11月8日,一層,一層
RPPNMLOJIIMFFAM08CA,21,76.77,住家用,鋼筋混凝土造,85年11月21日,十一層,七層 陽台
RPPNMLOJIIMFFAM08CA,21,21.04,避難室、停車空間,鋼筋混凝土造,85年11月21日,十一層,
RPPNMLOJIIMFFAM08CA,21,8.32,梯間,鋼筋混凝土造,85年11月21日,十一層,
RPPNMLTKRHMFFBM96CA,1,33.01,梯廳、防空避難室兼停車空間、丙梯、停車空間、污水機房、消房機房、昇降機、排煙室、甲梯、緊急升降機、一般及緊急升降機、緊急發電機室、電信室、台電配電室、電錶區、管委會空間、乙梯、丁梯、樓梯間、機械室、水錶室、水箱等２２項。,鋼筋混凝土造,105年12月29日,十二層,
RPRNMLLLRHMFFBM09CA,39,86.90,住家用,鋼筋混凝土加強磚造,67年12月20日,二層,一層 二層
RPSNMLNJIIMFFCM48CA,37,107.90,住家用,鋼筋混凝土加強磚造,69年6月2日,二層,一層 二層 騎樓
RPSNMLTKRHMFFAM27DA,36,89.20,住商用,鋼筋混凝土加強磚造,70年12月1日,二層,一層 二層 騎樓
RPPNMLKMRHMFFEM66DA,11,370.43,農舍,鋼筋混凝土造,95年5月30日,二層,
RPOOMLMJIIMFFDM28DA,23,187.68,住家用,鋼筋混凝土造,83年12月29日,三層,一層 二層 三層 陽台
RPUNMLPLIIMFFCM09CA,7,96.24,農舍,鋼骨造、鋼鐵造有牆,99年11月8日,二層,一層 二層
RPSNMLPLIIMFFDM98CA,25,117.20,走廊、店舖、住宅,鋼筋混凝土造,81年7月16日,三層,一層 二層 三層 陽台 屋頂突出物 騎樓
RPROMLKLRHMFFAM98CA,20,195.00,停車空間、住宅,鋼筋混凝土造,86年11月25日,四層,一層 二層 三層 四層 陽台 平台 屋頂突出物
RPRNMLKLIIMFFAM08CA,38,101.08,住商用,鋼筋混凝土加強磚造,69年1月21日,二層,一層 二層 騎樓
RPQNMLOJIIMFFAM18CA,2,214.21,住家用,鋼筋混凝土造,104年3月10日,四層,一層 二層 三層 四層 陽台
RPUNMLQJIIMFFDM09CA,27,170.75,住家用,鋼筋混凝土造,79年8月17日,三層,一層 二層 三層 陽台 騎樓
RPVNMLQJIIMFFDM56CA,27,170.75,住家用,鋼筋混凝土造,79年8月17日,三層,一層 二層 三層 陽台 騎樓
RPXNMLTLRHMFFBM87CA,49,206.42,住商用,鋼筋混凝土加強磚造,57年7月6日,三層,一層 二層 三層 騎樓
RPUNMLQJIIMFFAM78CA,,204.93,住家用,鋼筋混凝土造,106年6月19日,四層,一層 二層 三層 四層 陽台
RPSNMLQJIIMFFAM58CA,,223.81,住家用,鋼筋混凝土造,106年6月19日,四層,一層 二層 三層 四層 陽台
RPPNMLRLRHMFFAM76CA,15,180.91,住宅、梯間,鋼筋混凝土造,91年12月13日,三層,一層 二層 三層 陽台 平台 屋頂突出物 見其他登記事項
RPQNMLNKIIMFFBM28CA,13,159.74,住家用,鋼筋混凝土造,93年10月15日,四層,一層 二層 三層 四層 陽台
RPRNMLTLRHMFFBM27CA,37,111.14,住家用,鋼筋混凝土造,69年4月29日,二層,一層 二層
RPPNMLKLRHMFFDM98CA,30,239.71,住商用,鋼筋混凝土造,76年10月30日,四層,一層 二層 三層 四層 屋頂突出物 騎樓
RPSNMLMLRHMFFCM76CA,22,204.95,住家用,鋼筋混凝土造,85年1月15日,四層,一層 二層 三層 四層 陽台 平台 露台
RPXNMLTLRHMFFCM97CA,30,95.44,住家用,鋼筋混凝土造,76年11月16日,二層,一層 二層
RPVNMLPLRHMFFAM27DA,4,134.87,住宅、樓梯間,鋼筋混凝土造,102年12月31日,三層,一層 二層 三層 屋頂突出物
RPQNMLNKIIMFFDM48CA,5,203.91,住家用,鋼筋混凝土造,101年12月13日,二層,一層 二層 陽台
RPTNMLMLRHMFFCM96DA,33,32.95,店舖、住宅、人行道,鋼筋混凝土造,73年10月13日,二層,一層 二層 騎樓
RPSNMLQLRHMFFCM17CA,13,95.91,集合住宅,鋼筋混凝土造,93年10月5日,十層,六層 陽台
RPSNMLQLRHMFFCM17CA,13,34.04,防空避難室兼停車空間、梯廳、梯間、水箱,鋼筋混凝土造,93年10月5日,十層,
RPQNMLNLRHMFFCM66CA,19,56.52,集合住宅,鋼筋混凝土造,87年12月31日,八層,六層 陽台
RPQNMLNLRHMFFCM66CA,19,24.07,停車場．避難室,鋼筋混凝土造,87年12月31日,八層,
RPSNMLMKIIMFFAM28CA,14,150.99,住家用,鋼筋混凝土造,92年2月27日,三層,一層 二層 三層 陽台 屋頂突出物
RPQNMLMKIIMFFCM28CA,38,89.08,住家用,鋼筋混凝土加強磚造,68年7月9日,二層,一層 二層
RPQNMLPLRHMFFBM76CA,1,180.61,住家用,鋼筋混凝土造,105年11月2日,四層,一層 二層 三層 四層 陽台
RPWNMLRLRHMFFAM47CA,27,274.46,住家用,鋼筋混凝土造,79年12月28日,三層,一層 二層 三層 陽台 平台 屋頂突出物 花台
RPSNMLRLRHMFFAM07CA,,85.26,住家用,鋼筋混凝土加強磚造,,二層,一層 二層
RPQOMLPLRHMFFAM76CA,24,78.20,住家用,鋼筋混凝土造,82年3月22日,八層,五層 陽台
RPQOMLPLRHMFFAM76CA,24,32.91,防空避難室、人行道、電梯,鋼筋混凝土造,82年3月22日,八層,
RPWNMLPLRHMFFAM27CA,37,116.41,住商用,鋼筋混凝土加強磚造,69年9月24日,三層,一層 二層 三層 騎樓
RPVNMLRKIIMFFAM09CA,40,81.53,住家用,鋼筋混凝土加強磚造,66年3月10日,二層,一層 二層
RPVNMLQJIIMFFAM88CA,,205.01,住家用,鋼筋混凝土造,106年6月19日,四層,一層 二層 三層 四層 陽台
RPSOMLPLRHMFFAM96CA,27,144.20,住家用,加強磚造,79年3月30日,二層,一層 二層
RPVNMLTLRHMFFBM67CA,27,158.60,住家用,鋼筋混凝土造,79年5月14日,三層,一層 二層 三層 陽台
RPPOMLTLRHMFFBM17CA,1,235.73,人行道、住宅、水箱間,鋼筋混凝土造,105年11月4日,三層,一層 二層 三層 陽台 騎樓 見其他登記事項
RPQOMLTLRHMFFBM27CA,2,197.26,住宅、樓梯間水箱間,鋼筋混凝土造,104年11月24日,三層,一層 二層 三層 陽台 見其他登記事項
RPVNMLRLRHMFFDM67CA,,37.94,住家用,鋼筋混凝土加強磚造,,一層,一層
RPVNMLRLRHMFFDM67CA,,37.94,住家用,鋼筋混凝土加強磚造,,一層,一層
RPVNMLPLRHMFFCM37CA,23,181.89,住家用,鋼筋混凝土造,83年4月6日,三層,一層 二層 三層
RPPNMLNLRHMFFCM56CA,28,224.30,住商用,鋼筋混凝土造,78年8月1日,五層,一層 二層 三層 四層 五層 騎樓
RPSOMLNJIIMFFCM58CA,37,22.19,住家用,加強磚造,69年7月3日,一層,一層
RPQNMLTKIIMFFDM09CA,17,98.63,住家用,鋼筋混凝土造,89年8月4日,五層,四層
RPQNMLTKIIMFFDM09CA,17,24.90,走道、樓梯、機房、電梯機房,鋼筋混凝土造,89年8月4日,五層,
RPPNMLTKIIMFFDM98CA,17,96.94,住家用,鋼筋混凝土造,89年8月4日,五層,一層
RPPNMLTKIIMFFDM98CA,17,24.41,走道、樓梯、機房、電梯機房,鋼筋混凝土造,89年8月4日,五層,
RPVNMLQLRHMFFCM47CA,37,56.10,住家用,鋼筋混凝土加強磚造,69年8月20日,一層,一層
RPWNMLNKIIMFFCM98CA,19,248.47,住家用,鋼筋混凝土造,87年4月22日,四層,一層 二層 三層 四層 陽台 地下層
RPVNMLMJIIMFFDM78CA,22,21.99,集合住宅,鋼筋混凝土造,85年3月9日,五層,五層 陽台 花台
RPVNMLMJIIMFFDM78CA,22,3.71,梯間及走道等公共設施,鋼筋混凝土造,85年3月9日,五層,
RPVNMLMJIIMFFDM78CA,22,5.75,防空避難室、停車空間、門廳、屋頂突出物等公共設施,鋼筋混凝土造,85年3月9日,七層,
RPRNMLPLIIMFFCM78CA,11,142.50,農舍,鋼骨造,95年12月28日,二層,一層 二層
RPQNMLTLRHMFFBM17CA,38,266.67,住商用,鋼筋混凝土造,69年1月3日,四層,一層 二層 三層 四層 騎樓
RPTNMLQLRHMFFDM37CA,21,49.86,集合住宅,鋼筋混凝土造,85年3月9日,五層,二層 陽台 花台
RPTNMLQLRHMFFDM37CA,21,28.29,防空避難室、停車空間、門廳、屋頂突出物等公共設施,鋼筋混凝土造,85年3月9日,七層,
RPTNMLQLRHMFFDM37CA,21,7.41,梯間及走道等公共設施,鋼筋混凝土造,85年3月9日,五層,
RPPOMLNLIIMFFAM28CA,,135.43,集合住宅,鋼筋混凝土造,106年5月19日,三層,一層 二層 三層 陽台
RPPNMLRLRHMFFBM86CA,35,170.27,住家用,加強磚造,71年2月13日,二層,一層 二層 陽台 騎樓
RPQNMLTKIIMFFAM78CA,,147.62,集合住宅,鋼筋混凝土造,106年5月19日,三層,一層 二層 三層 陽台
RPTNMLPJIIMFFAM58CA,,237.05,集合住宅,鋼筋混凝土造,106年5月19日,三層,一層 二層 三層 陽台
RPVNMLRLRHMFFAM37CA,38,87.20,住家用,鋼筋混凝土加強磚造,68年4月20日,二層,一層 二層
RPQNMLKMRHMFFAM88CA,40,445.26,工業用,見其他登記事項,66年7月1日,一層,一層
RPQNMLKMRHMFFAM88CA,40,568.80,見其他登記事項,見其他登記事項,66年2月1日,一層,一層
RPQNMLKMRHMFFAM88CA,44,368.44,見其他登記事項,鋼筋混凝土加強磚造,62年2月1日,一層,一層
RPQNMLKMRHMFFAM88CA,40,454.31,見其他登記事項,見其他登記事項,66年2月1日,一層,一層
RPQNMLKMRHMFFAM88CA,40,213.58,見其他登記事項,見其他登記事項,66年2月1日,一層,一層
RPRNMLSLRHMFFAM07CA,,209.41,住家用,鋼筋混凝土造,106年6月30日,四層,一層 二層 三層 四層 陽台
RPWNMLKMRHMFFAM86CA,38,110.41,住家用,鋼筋混凝土加強磚造,68年11月8日,二層,一層 二層
RPQNMLMKIIMFFAM08CA,26,216.16,住家用,鋼筋混凝土造,80年6月20日,三層,一層 二層 三層 陽台 平台 屋頂突出物 花台
RPQOMLQLRHMFFAM86CA,21,23.47,住家用,鋼筋混凝土造,85年4月10日,七層,五層 陽台 花台
RPQOMLQLRHMFFAM86CA,21,8.77,防空避難室、停車空間、梯間、走道、水箱、住宅、店舖、機房、受電室,鋼筋混凝土造,85年4月10日,七層,
RPQNMLRLRHMFFDM17CA,22,267.81,住商用,鋼筋混凝土造,85年1月26日,四層,一層 二層 三層 四層 陽台 騎樓
RPTNMLNKIIMFFCM68CA,,139.76,住宅、梯間,鋼筋混凝土造,106年6月16日,二層,一層 二層 見其他登記事項
RPXNMLNJIIMFFCM98CA,7,100.52,農舍,鋼鐵造有牆、ＲＣ造,99年8月31日,二層,一層 二層 陽台
RPRNMLQKIIMFFCM78CA,,135.63,住宅、梯間,鋼筋混凝土造,106年6月16日,二層,一層 二層 見其他登記事項
RPRNMLSLRHMFFBM17CA,2,216.40,住家用,鋼筋混凝土造,104年6月22日,四層,一層 二層 三層 四層 陽台
RPPNMLTLRHMFFDM27CA,21,52.16,集合住宅,鋼筋混凝土造,85年4月1日,四層,二層 陽台
RPQNMLOKJIMFFCM58CA,43,103.20,住家用,鋼筋混凝土加強磚造,63年10月20日,二層,一層 二層
RPRNMLKMRHMFFAM98CA,38,111.52,住家用,鋼筋混凝土加強磚造,68年8月14日,二層,一層 二層
RPVNMLSKIIMFFDM86CA,21,168.87,住商用,鋼筋混凝土造,85年8月19日,三層,一層 二層 三層 騎樓 電梯樓梯間
RPTNMLMJIIMFFCM58DA,37,108.62,住商用,加強磚造,69年9月17日,二層,一層 二層 騎樓
RPPNMLLKIIMFFAM97DA,12,91.80,住家用,鋼筋混凝土造,94年12月25日,四層,一層 二層 三層 四層 陽台
RPSNMLKMRHMFFAM09CA,19,131.84,住家用,鋼筋混凝土造,87年4月20日,三層,一層 二層 三層 陽台
RPXNMLKMRHMFFAM96CA,21,84.37,住家用,鋼筋混凝土造,85年11月30日,七層,四層 陽台 花台
RPXNMLKMRHMFFAM96CA,21,25.08,,鋼筋混凝土造,85年11月30日,七層,
RPXNMLKMRHMFFAM96CA,21,9.29,,鋼筋混凝土造,85年11月30日,七層,
RPXNMLKMRHMFFAM96CA,21,.49,辦公室,鋼筋混凝土造,85年11月30日,七層,
RPXNMLKMRHMFFAM96CA,21,.13,,鋼筋混凝土造,85年11月30日,七層,
RPPNMLMKIIMFFAM97CA,20,130.89,住商用,鋼骨造,87年2月23日,二層,一層 二層 騎樓
RPRNMLPJIIMFFAM38CA,3,.16,住家用,鋼筋混凝土造,103年10月23日,一層,
RPRNMLPJIIMFFAM38CA,3,188.52,住宅、水箱,鋼筋混凝土造,103年10月23日,四層,一層 二層 三層 四層 陽台 見其他登記事項
RPSNMLMLNHNFFAM88CA,,204.93,住家用,鋼筋混凝土造,106年6月19日,四層,一層 二層 三層 四層 陽台
RPPNMLOJIIMFFBM18CA,23,189.12,住家用,鋼筋混凝土造,83年3月31日,三層,一層 二層 三層 陽台
RPSNMLTLRHMFFBM37CA,4,190.48,住家用,鋼筋混凝土造,102年9月18日,四層,一層 二層 三層 四層 陽台
RPQNMLQKIIMFFCM68CA,,140.94,住宅、梯間,鋼筋混凝土造,106年6月16日,二層,一層 二層 陽台 見其他登記事項
RPVNMLNJIIMFFCM78CA,,231.88,住家用,鋼筋混凝土造,106年3月6日,三層,一層 二層 三層 陽台 雨遮
RPSNMLQKIIMFFCM88CA,35,99.00,住家用,鋼筋混凝土加強磚造,71年8月12日,二層,一層 二層
RPWNMLMJIIMFFCM78CA,4,36.72,農舍,鋼鐵造有牆,102年4月23日,一層,一層
RPPNMLMJIIMFFDM18CA,26,182.13,住家用,鋼筋混凝土造,80年9月27日,三層,一層 二層 三層 陽台
RPQNMLKMRHMFFBM98CA,57,28.77,住家用,磚造,49年11月1日,一層,一層 浴廁
RPQNMLPJIIMFFAM28CA,2,222.26,集合住宅、梯間,鋼筋混凝土造,104年11月20日,三層,一層 二層 三層 陽台 雨遮 見其他登記事項 見其他登記事項
RPQNMLPJIIMFFAM28CA,2,.32,集合住宅,鋼筋混凝土造,104年11月20日,一層,
RPPNMLLJIIMFFAM77CA,23,94.51,住家用,鋼筋混凝土造,83年11月9日,十六層,十三層 陽台
RPPNMLLJIIMFFAM77CA,23,21.33,騎樓、人行道、梯間、避難室、機械室,鋼筋混凝土造,83年11月9日,十六層,
RPRNMLQKIIMFFDM88CA,11,98.49,農舍,鋼鐵造有牆,96年1月31日,一層,一層 陽台
RPQNMLNJIIMFFDM38CA,24,194.09,住商用,鋼筋混凝土造,82年9月16日,四層,一層 二層 三層 四層 陽台 平台 騎樓 電梯樓梯間
RPPNMLNJIIMFFDM28CA,19,232.29,住商用,鋼筋混凝土造,87年8月17日,四層,一層 二層 三層 四層 陽台 騎樓 電梯樓梯間 雨遮
RPTNMLNJIIMFFAM38CA,1,126.25,集合住宅、停車空間,鋼筋混凝土造,105年7月26日,四層,一層 二層 三層 四層 陽台
RPTNMLNJIIMFFAM38CA,1,126.25,集合住宅、停車空間,鋼筋混凝土造,105年7月26日,四層,一層 二層 三層 四層 陽台
RPPNMLNJIIMFFAM97CA,20,248.53,住商用,鋼筋混凝土造,87年1月6日,四層,一層 二層 三層 四層 陽台 屋頂突出物 騎樓
RPSNMLNKIIMFFAM48DA,2,178.37,住家用,鋼筋混凝土造,104年10月5日,四層,一層 二層 三層 四層 陽台
RPRNMLPJIIMFFBM48CA,1,91.44,集合住宅,鋼筋混凝土造,105年12月29日,十二層,七層 陽台 雨遮
RPRNMLPJIIMFFBM48CA,1,77.28,梯廳、防空避難室兼停車空間、丙梯、停車空間、污水機房、消房機房、昇降機、排煙室、甲梯、緊急升降機、一般及緊急升降機、緊急發電機室、電信室、台電配電室、電錶區、管委會空間、乙梯、丁梯、樓梯間、機械室、水錶室、水箱等２２項。,鋼筋混凝土造,105年12月29日,十二層,
RPQNMLQJIIMFFBM48CA,4,167.71,住宅、水箱間,鋼筋混凝土造,102年6月26日,三層,一層 二層 三層 陽台 見其他登記事項
RPTNMLMJIIMFFBM38CA,23,107.03,住家用,鋼筋混凝土造,83年3月10日,七層,六層 陽台
RPTNMLMJIIMFFBM38CA,23,42.13,防空避難室、停車間、機械室、水塔、梯間,鋼筋混凝土造,83年3月10日,七層,
RPQNMLMJIIMFFCM18CA,2,201.40,住宅、樓梯間,鋼筋混凝土造,104年5月14日,三層,一層 二層 三層 陽台 見其他登記事項
RPTNMLNJIIMFFBM48CA,11,194.91,住家用,鋼筋混凝土造,95年10月18日,三層,一層 二層 三層 陽台 屋頂突出物 雨遮
RPRNMLQJIIMFFBM58CA,22,79.44,住家用,鋼筋混凝土造,84年5月12日,八層,三層 陽台 花台
RPRNMLQJIIMFFBM58CA,22,27.34,防空避難室、梯間、停車空間、機械室、水箱,鋼筋混凝土造,84年5月12日,八層,
RPVNMLSKIIMFFBM66CA,44,169.20,住商用,鋼筋混凝土加強磚造,63年1月17日,三層,一層 二層 三層 騎樓
RPSNMLQKIIMFFBM78CA,43,81.84,住家用,鋼筋混凝土加強磚造,63年7月7日,二層,一層 二層
RPPNMLSKIIMFFBM68CA,42,65.19,住商用,鋼筋混凝土加強磚造,65年1月1日,二層,一層 二層 騎樓
RPTNMLNKIIMFFBM58CA,37,217.62,住商用,鋼筋混凝土造,69年8月8日,三層,一層 二層 三層 騎樓
RPTNMLQJIIMFFAM68CA,21,156.57,農舍,鋼架造有牆,85年2月12日,二層,一層 二層
RPPNMLQJIIMFFAM28CA,37,109.12,住商用,鋼筋混凝土加強磚造,69年11月26日,二層,一層 二層 騎樓
RPSNMLNJIIMFFAM28CA,4,286.61,住家用,鋼筋混凝土造,103年1月7日,四層,一層 二層 三層 四層 陽台
RPUNMLQLIIMFFAM98CA,,157.25,集合住宅,鋼筋混凝土造,106年5月19日,三層,一層 二層 三層 陽台
RPWNMLQLIIMFFAM56CA,,135.23,集合住宅,鋼筋混凝土造,106年5月19日,三層,一層 二層 三層 陽台
RPVNMLQLIIMFFAM09CA,,147.29,集合住宅,鋼筋混凝土造,106年5月19日,三層,一層 二層 三層 陽台
RPXNMLQLIIMFFAM66CA,,135.43,集合住宅,鋼筋混凝土造,106年5月19日,三層,一層 二層 三層 陽台
RPOOMLQLIIMFFAM48CA,,135.23,集合住宅,鋼筋混凝土造,106年5月19日,三層,一層 二層 三層 陽台
RPTNMLQLIIMFFAM88CA,,135.43,集合住宅,鋼筋混凝土造,106年5月19日,三層,一層 二層 三層 陽台
RPWNMLNLIIMFFAM88CA,19,161.82,農舍,見其他登記事項,88年2月3日,一層,一層
RPRNMLQLIIMFFAM68CA,,191.45,店舖、集合住宅,鋼筋混凝土造,106年5月19日,四層,一層 二層 三層 四層 陽台
RPQNMLQLIIMFFAM58CA,,135.23,集合住宅,鋼筋混凝土造,106年5月19日,三層,一層 二層 三層 陽台
RPSNMLQLIIMFFAM78CA,,147.29,集合住宅,鋼筋混凝土造,106年5月19日,三層,一層 二層 三層 陽台
RPPOMLQLIIMFFAM58CA,,157.25,集合住宅,鋼筋混凝土造,106年5月19日,三層,一層 二層 三層 陽台
RPQOMLQLIIMFFAM68CA,2,158.74,住家用,鋼筋混凝土造,104年4月22日,三層,一層 二層 三層 陽台
RPRNMLLLIIMFFBM28CA,1,309.19,住宅、停車空間,鋼筋混凝土造,105年4月8日,四層,一層 二層 三層 四層 陽台
RPSNMLLKIIMFFAM28DA,23,84.38,住家用,鋼筋混凝土造,84年2月16日,十三層,七層 陽台 花台
RPSNMLLKIIMFFAM28DA,23,23.37,辦公室、康樂室、電梯、門廳、機房、水箱、平臺、瞭望臺、梯間、變電室、機械室,鋼筋混凝土造,84年2月16日,十三層,
RPPNMLQJIIMFFDM68DA,14,151.11,住家用,鋼筋混凝土造,93年2月5日,三層,一層 二層 三層 陽台 屋頂突出物
RPSNMLQJIIMFFDM88CA,19,210.92,住家用,鋼筋混凝土造,87年10月1日,三層,一層 二層 三層 陽台
RPPNMLRLIIMFFDM88CA,22,.35,遊憩室兼社區聯誼會議室等公共設施,鋼筋混凝土造,84年4月8日,六層,
RPPNMLRLIIMFFDM88CA,22,119.17,集合住宅,鋼筋混凝土造,84年4月8日,六層,二層 陽台
RPPNMLRLIIMFFDM88CA,22,.35,守衛室、會客室兼圖書室等公共設施,鋼筋混凝土造,84年4月8日,六層,
RPPNMLRLIIMFFDM88CA,22,20.54,避難室、停車場、樓梯間等公共設施,鋼筋混凝土造,84年4月8日,六層,
RPRNMLNLIIMFFDM68CA,19,259.40,住家用,鋼筋混凝土造,87年10月1日,三層,一層 二層 三層 陽台
RPPNMLLMIIMFFEM48CA,,83.08,住家用,鋼筋混凝土加強磚造,,二層,一層 二層
RPPNMLMJJIMFFBM08CA,20,120.01,住家用,鋼筋混凝土造,86年6月30日,三層,一層 二層 三層 陽台 雨遮
RPPNMLMJJIMFFBM08CA,20,.17,管理員室,鋼筋混凝土造,86年6月30日,一層,
RPPNMLMJJIMFFBM08CA,20,35.47,停車空間,鋼筋混凝土造,86年6月30日,地下層,
RPQNMLLMIIMFFBM28CA,39,48.97,住家用,加強磚造,,一層,一層
RPQNMLLKIIMFFAM97CA,17,193.74,住家用,鋼筋混凝土造,90年1月31日,四層,一層 二層 三層 四層 陽台 屋頂突出物
RPPNMLKLIIMFFBM97CA,21,144.50,住家用,鋼筋混凝土造,85年8月15日,三層,一層 二層 三層 陽台 平台 雨遮
RPQNMLSKIIMFFBM78CA,10,184.08,住家用,鋼筋混凝土造,96年5月10日,三層,一層 二層 三層 陽台 見其他登記事項 見其他登記事項
RPRNMLSKIIMFFBM88CA,4,201.45,住宅、樓梯間,鋼筋混凝土造,102年3月20日,三層,一層 二層 三層 陽台 見其他登記事項
RPTNMLKLIIMFFAM28CA,38,152.81,住商用,鋼筋混凝土加強磚造,68年9月7日,三層,一層 二層 三層 騎樓
RPRNMLMKIIMFFCM38CA,11,93.10,農舍,鋼骨造,96年1月24日,一層,一層
RPRNMLNKIIMFFCM48CA,36,118.57,住家用,加強磚造,70年11月20日,二層,一層 二層 陽台 騎樓
RPUNMLMKIIMFFCM68CA,42,130.18,住商用,加強磚造,65年2月15日,二層,一層 二層
RPTNMLSKIIMFFCM66DA,7,126.57,農舍,鋼骨造,100年1月14日,二層,一層 二層 陽台
RPRNMLOLIIMFFDM78CA,42,189.75,住家用,鋼筋混凝土加強磚造,64年5月20日,三層,一層 二層 三層 騎樓
RPXNMLRKIIMFFAM66CA,24,143.86,住家用,鋼筋混凝土造,82年12月9日,二層,一層 二層
RPPNMLRKIIMFFBM58CA,22,107.69,住家用,加強磚造,84年8月19日,二層,一層 二層 陽台 電梯樓梯間
RPRNMLQKIIMFFBM68CA,18,164.12,住家用,鋼筋混凝土造,88年5月28日,三層,一層 二層 三層 陽台 電梯樓梯間
RPPNMLPKIIMFFBM38CA,37,132.24,住商用,鋼筋混凝土造,69年4月7日,三層,一層 二層 三層 騎樓
RPUNMLNKIIMFFBM68CA,30,130.40,倉庫,加強磚造,76年5月19日,二層,一層 二層 陽台
RPTNMLQKIIMFFBM88CA,1,91.44,集合住宅,鋼筋混凝土造,105年12月29日,十二層,十層 陽台 雨遮
RPTNMLQKIIMFFBM88CA,1,77.26,梯廳、防空避難室兼停車空間、丙梯、停車空間、污水機房、消房機房、昇降機、排煙室、甲梯、緊急升降機、一般及緊急升降機、緊急發電機室、電信室、台電配電室、電錶區、管委會空間、乙梯、丁梯、樓梯間、機械室、水錶室、水箱等２２項。,鋼筋混凝土造,105年12月29日,十二層,
RPVNMLMJJIMFFAM58CA,40,80.12,住商用,鋼筋混凝土加強磚造,66年7月25日,二層,一層 二層
RPTNMLNJJIMFFCM68CA,27,117.01,住商用,鋼筋混凝土造,80年2月6日,二層,一層 二層 騎樓
RPQOMLLMIIMFFAM28CA,4,158.74,住宅、樓梯間,鋼筋混凝土造,102年12月31日,三層,一層 二層 三層 陽台 屋頂突出物
RPQNMLLMIIMFFAM18CA,38,104.99,住商用,鋼筋混凝土加強磚造,68年5月21日,二層,一層 二層 騎樓
RPTNMLQKIIMFFCM98CA,37,75.74,住家用,加強磚造,69年5月22日,一層,一層 騎樓
RPUNMLQKIIMFFCM09CA,22,157.42,住家用,鋼筋混凝土造,84年12月30日,四層,一層 二層 三層 四層 陽台 平台 花台
RPOOMLSKIIMFFCM78CA,10,199.71,店舖、住宅、騎樓、停車空間,鋼筋混凝土造,96年7月18日,四層,一層 二層 三層 四層 騎樓
RPSNMLRKIIMFFCM98CA,33,39.58,住家用,磚造,73年4月24日,一層,
RPRNMLRKIIMFFDM98CA,38,109.98,住家用,鋼筋混凝土加強磚造,68年4月24日,二層,一層 二層 騎樓
RPQNMLLMIIMFFEM58CA,24,119.25,住家用,鋼筋混凝土造,82年12月17日,三層,一層 二層 三層
RPQNMLNLIIMFFEM68CA,2,252.77,住宅、樓梯間,ＲＣ造,104年8月26日,三層,一層 二層 三層 陽台 見其他登記事項
RPPNMLTKIIMFFCM88CA,36,103.33,住商用,加強磚造,70年8月10日,二層,一層 二層 騎樓
RPXNMLTKIIMFFCM07CA,30,159.28,住家用,鋼筋混凝土造,76年3月11日,三層,一層 二層 三層
RPVNMLRKIIMFFCM66CA,24,87.12,住家用,鋼筋混凝土造,82年12月20日,四層,二層
RPVNMLRKIIMFFCM66CA,24,12.93,梯間突出物,鋼筋混凝土造,82年12月20日,四層,
RPUNMLOKJIMFFCM98CA,37,73.86,住家用,磚造,69年5月20日,一層,一層 騎樓
RPTNMLRKIIMFFCM09CA,37,110.58,住家用,鋼筋混凝土加強磚造,69年6月2日,二層,一層 二層 騎樓
RPUNMLPLIIMFFAM88CA,10,305.62,農舍,鋼筋混凝土造,96年10月2日,二層,一層 二層 陽台
RPPNMLTKIIMFFBM78CA,24,145.75,住商用,鋼筋混凝土造,82年10月29日,十層,一層 二層 平台
RPPNMLTKIIMFFBM78CA,24,26.82,防空避難室、停車空間、開放空間、梯間、水塔、機械室,鋼筋混凝土造,82年10月29日,十層,
RPQNMLKLIIMFFAM97CA,37,96.27,住商用,鋼筋混凝土加強磚造,69年4月12日,二層,一層 二層 騎樓
RPQNMLTKIIMFFBM88CA,1,88.36,集合住宅,鋼筋混凝土造,105年12月29日,十二層,二層 陽台 雨遮
RPQNMLTKIIMFFBM88CA,1,75.75,梯廳、防空避難室兼停車空間、丙梯、停車空間、污水機房、消房機房、昇降機、排煙室、甲梯、緊急升降機、一般及緊急升降機、緊急發電機室、電信室、台電配電室、電錶區、管委會空間、乙梯、丁梯、樓梯間、機械室、水錶室、水箱等２２項。,鋼筋混凝土造,105年12月29日,十二層,
RPRNMLTKIIMFFBM98CA,1,90.00,集合住宅,鋼筋混凝土造,105年12月29日,十二層,二層 陽台 雨遮
RPRNMLTKIIMFFBM98CA,1,76.57,梯廳、防空避難室兼停車空間、丙梯、停車空間、污水機房、消房機房、昇降機、排煙室、甲梯、緊急升降機、一般及緊急升降機、緊急發電機室、電信室、台電配電室、電錶區、管委會空間、乙梯、丁梯、樓梯間、機械室、水錶室、水箱等２２項。,鋼筋混凝土造,105年12月29日,十二層,
RPTNMLTKIIMFFBM56CA,29,113.05,住家用,加強磚造,77年12月31日,二層,一層 二層
RPSNMLTKIIMFFBM09CA,1,94.50,集合住宅,鋼筋混凝土造,105年12月29日,十二層,十二層 陽台 雨遮
RPSNMLTKIIMFFBM09CA,1,45.71,梯廳、防空避難室兼停車空間、丙梯、停車空間、污水機房、消房機房、昇降機、排煙室、甲梯、緊急升降機、一般及緊急升降機、緊急發電機室、電信室、台電配電室、電錶區、管委會空間、乙梯、丁梯、樓梯間、機械室、水錶室、水箱等２２項。,鋼筋混凝土造,105年12月29日,十二層,
RPPNMLNJJIMFFAM08CA,21,30.54,住家用,鋼筋混凝土造,85年4月10日,七層,三層 陽台
RPPNMLNJJIMFFAM08CA,21,12.92,防空避難室、停車空間、梯間、走道、水箱、住宅、店舖、機房、受電室,鋼筋混凝土造,85年4月10日,七層,
RPTNMLRLIIMFFAM98CA,,204.83,住家用,鋼筋混凝土造,106年6月19日,四層,一層 二層 三層 四層 陽台
RPSNMLKMIIMFFAM28CA,30,133.45,住家用,加強磚造,76年12月30日,二層,一層 二層
RPQNMLTKIIMFFCM98CA,36,60.40,住家用,加強磚造,70年8月12日,二層,一層 二層
RPRNMLNLIIMFFCM58CA,29,130.58,住家用,鋼筋混凝土造,77年6月3日,二層,一層 二層 騎樓
RPTNMLSKIIMFFDM66CA,42,108.00,住家用,鋼筋混凝土加強磚造,64年4月20日,二層,一層 二層
RPWNMLSKIIMFFDM07DA,14,151.11,住家用,鋼筋混凝土造,93年2月5日,三層,一層 二層 三層 陽台 屋頂突出物
RPPNMLPLIIMFFCM58CA,37,64.73,住家用,加強磚造,69年10月4日,一層,一層
RPTNMLTKIIMFFCM66CA,22,148.72,住家用,加強磚造,84年6月1日,三層,一層 二層 三層 陽台 平台 露台 雨遮
RPPNMLNLIIMFFCM38CA,19,213.63,自用農舍,加強磚造、鋼鐵造,88年3月9日,二層,一層 二層
RPSNMLKKJIMFFCM38CA,6,259.27,人行道、店舖、住宅,鋼筋混凝土造,100年12月1日,四層,一層 二層 三層 四層 陽台 騎樓
RPSNMLNJJIMFFCM58CA,23,38.50,集合住宅,鋼筋混凝土造,83年10月13日,十二層,九層
RPSNMLNJJIMFFCM58CA,23,20.22,避難室、停車場、梯間、走廊、門廳、騎樓、車道、屋頂突出物、管道間,鋼筋混凝土造,83年10月13日,十二層,
RPTNMLOLIIMFFBM78CA,26,24.36,辦公室、停車空間,鋼筋混凝土造,80年9月20日,十一層,地下層
RPTNMLOLIIMFFBM78CA,26,20.38,避難室、梯間、變電室、水箱、機械室,鋼筋混凝土造,80年9月20日,十一層,
RPSNMLKLJIMFFCM48CA,13,92.15,集合住宅,鋼筋混凝土造,93年11月12日,十層,七層 陽台
RPSNMLKLJIMFFCM48CA,13,37.05,警衛室、騎樓、車道、梯間、電樓梯間、突出物,鋼筋混凝土造,93年11月12日,十層,
RPUNMLOLIIMFFBM88CA,26,30.57,避難室、梯間、變電室、水箱、機械室,鋼筋混凝土造,80年9月20日,十一層,
RPUNMLOLIIMFFBM88CA,26,36.54,辦公室、停車空間,鋼筋混凝土造,80年9月20日,十一層,地下層
RPVNMLOLIIMFFBM98CA,26,24.36,辦公室、停車空間,鋼筋混凝土造,80年9月20日,十一層,地下層
RPVNMLOLIIMFFBM98CA,26,20.38,避難室、梯間、變電室、水箱、機械室,鋼筋混凝土造,80年9月20日,十一層,
RPQNMLMJJIMFFBM28DA,19,29.74,住家用,鋼筋混凝土造,88年2月12日,九層,九層 陽台 雨遮
RPQNMLMJJIMFFBM28DA,19,14.57,防空避難室、停車空間、水塔、梯間、機械房、暸望台,鋼筋混凝土造,88年2月12日,九層,
RPUNMLKLIIMFFBM48CA,23,175.64,住家用,鋼筋混凝土造,83年12月16日,五層,一層 二層 三層 四層 五層 陽台
RPQNMLKMIIMFFBM18CA,26,106.04,住家用,鋼筋混凝土造,80年9月30日,五層,三層 陽台
RPQNMLKMIIMFFBM18CA,26,31.50,梯間、騎樓、防空避難室,鋼筋混凝土造,80年9月30日,五層,
RPSNMLLMIIMFFAM38CA,23,86.64,住家用,鋼筋混凝土造,83年9月8日,五層,二層 陽台 花台
RPSNMLLMIIMFFAM38CA,23,4.34,機械房、水塔、梯間,鋼筋混凝土造,83年9月8日,五層,
RPRNMLTKIIMFFAM88CA,27,116.53,住商用,鋼筋混凝土造,79年12月5日,二層,一層 二層 騎樓
RPUNMLTKIIMFFBM66CA,34,113.73,住商用,鋼筋混凝土造,73年2月24日,二層,一層 二層 騎樓
RPRNMLOLIIMFFAM48CA,27,123.20,住家用,鋼筋混凝土造,79年7月31日,三層,一層 二層 三層
RPPNMLOLIIMFFAM28CA,33,69.54,住商用,鋼筋混凝土造,73年5月26日,三層,一層 二層 三層 騎樓
RPSNMLNJJIMFFEM88DA,23,143.39,住家用,鋼筋混凝土造,83年11月21日,三層,一層 二層 三層
RPVNMLNKJIMFFBM98DA,27,107.81,住家用,加強磚造,79年4月4日,二層,一層 二層 陽台 電梯樓梯間 夾層
RPPNMLQLIIMFFBM58CA,1,192.39,住宅、樓梯間,鋼筋混凝土造,105年7月22日,三層,一層 二層 三層 陽台 見其他登記事項
RPXNMLOLIIMFFBM56CA,26,60.90,辦公室、停車空間,鋼筋混凝土造,80年9月20日,十一層,地下層
RPXNMLOLIIMFFBM56CA,26,50.95,避難室、梯間、變電室、水箱、機械室,鋼筋混凝土造,80年9月20日,十一層,
RPQNMLPLIIMFFCM68CA,24,211.62,住家用,鋼筋混凝土造,82年9月10日,三層,一層 二層 三層
RPPNMLKMIIMFFDM28CA,3,198.73,住宅、樓梯間,鋼筋混凝土造,103年6月26日,三層,一層 二層 三層 陽台 屋頂突出物
RPPOMLSJJIMFFCM98DA,31,95.09,店舖、住宅、人行道,鋼筋混凝土造,76年2月14日,二層,一層 二層 騎樓
RPRNMLRLIIMFFBM88CA,23,105.95,住家用,鋼筋混凝土造,83年11月7日,十三層,五層 陽台 花台
RPRNMLRLIIMFFBM88CA,23,34.99,防空避難室、梯間、機械室、水箱,鋼筋混凝土造,83年11月7日,十三層,
RPQNMLKKJIMFFCM18CA,2,178.94,住宅、樓梯間,鋼筋混凝土造,105年1月20日,三層,一層 二層 三層 陽台 見其他登記事項
RPPNMLRKJIMFFCM78CA,1,146.38,住家用,鋼骨ＲＣ造,105年12月26日,三層,一層 二層 三層 陽台
RPRNMLNLIIMFFBM48CA,2,319.28,停車空間、住宅、樓梯間,鋼筋混凝土造,104年4月29日,四層,一層 二層 三層 四層 陽台 見其他登記事項
RPQNMLOLIIMFFAM38CA,38,199.18,騎樓、住宅,鋼筋混凝土加強磚造,68年10月19日,二層,一層 二層 騎樓
RPPNMLRJJIMFFCM68CA,42,73.88,住家用,鋼筋混凝土加強磚造,64年6月30日,二層,一層 二層
RPSNMLKMIIMFFCM48CA,11,164.21,住家用,鋼骨鋼筋混凝土造,95年12月14日,三層,一層 二層 三層 陽台
RPQNMLRKJIMFFCM88CA,1,212.51,住宅、樓梯間,鋼筋混凝土造,106年2月21日,三層,一層 二層 三層 陽台 見其他登記事項
RPSNMLTJJIMFFAM98CA,11,159.99,住家用,鋼筋混凝土造,95年6月19日,三層,一層 二層 三層 陽台 屋頂突出物
RPSNMLTJJIMFFAM98CA,11,5.83,住家用,鋼筋混凝土造,95年6月19日,,
RPSNMLNKJIMFFAM48CA,,135.23,集合住宅,鋼筋混凝土造,106年5月19日,三層,一層 二層 三層 陽台
RPPNMLPLIIMFFBM58DA,49,26.07,住家用,鋼筋混凝土加強磚造,57年7月20日,二層,一層 二層
RPQNMLPLIIMFFDM78CA,49,184.79,住商用,磚造ＲＣ加強,58年3月24日,三層,一層 二層 三層 騎樓
RPPNMLQLIIMFFEM98DA,41,76.84,住家用,鋼筋混凝土加強磚造,65年8月19日,二層,一層 二層
RPUNMLQJJIMFFCM09CA,23,268.40,住家用,鋼筋混凝土造,83年11月14日,三層,一層 二層 三層 電梯樓梯間
RPPNMLLJJIMFFBM97CA,25,97.55,住家用,鋼筋混凝土造,82年3月12日,七層,四層 陽台 花台 見其他登記事項
RPPNMLLJJIMFFBM97CA,25,21.08,地下室、門廳、梯間、機械室、守衛室、水箱、車道,鋼筋混凝土造,82年3月12日,七層,
RPQNMLNJJIMFFBM28CA,45,106.66,住家用,鋼筋混凝土加強磚造,61年7月5日,二層,一層 二層 騎樓
RPWNMLTJJIMFFAM76CA,,209.96,住家用,鋼筋混凝土造,106年7月6日,四層,一層 二層 三層 四層 陽台
RPVNMLLJJIMFFAM48CA,23,95.34,住家用,鋼筋混凝土造,83年6月17日,八層,七層 陽台
RPVNMLLJJIMFFAM48CA,23,34.69,梯間、車道、水箱、機械房、避難室、停車間,鋼筋混凝土造,83年6月17日,八層,
RPOOMLPLIIMFFAM38CA,25,83.92,住家用,鋼筋混凝土造,81年8月5日,五層,五層 陽台
RPOOMLPLIIMFFAM38CA,25,8.78,樓梯、公共設施,鋼筋混凝土造,81年8月5日,五層,
RPPNMLKKJIMFFDM18CA,37,117.00,住家用,鋼筋混凝土加強磚造,69年12月31日,二層,一層 二層
RPUNMLQLIIMFFCM56CA,22,133.18,住家用,鋼筋混凝土造,84年9月14日,三層,一層 二層 三層 陽台 平台 花台
RPPNMLQLIIMFFCM68CA,22,83.54,集合住宅,鋼筋混凝土造,84年10月2日,七層,三層 陽台
RPPNMLQLIIMFFCM68CA,22,25.90,公共設施,鋼筋混凝土造,84年10月2日,七層,
RPPNMLNJJIMFFEM48CA,,98.90,住商用,鋼筋混凝土加強磚造,,二層,一層 二層 騎樓
RPPNMLMLJIMFFDM48CA,46,71.78,住家用,磚造,60年8月25日,一層,一層
RPTNMLKMIIMFFAM48DA,23,169.33,住家用,鋼筋混凝土造,84年2月16日,十三層,十三層 陽台 露台 花台
RPTNMLKMIIMFFAM48DA,23,26.86,辦公室、康樂室、電梯、門廳、機房、水箱、平臺、瞭望臺、梯間、變電室、機械室,鋼筋混凝土造,84年2月16日,十三層,
RPPNMLMLJIMFFBM28CA,36,83.85,住商用,鋼筋混凝土造,70年7月15日,三層,一層 二層 三層 騎樓 見其他登記事項
RPSNMLQLIIMFFDM56DA,14,151.11,住家用,鋼筋混凝土造,93年2月5日,三層,一層 二層 三層 陽台 屋頂突出物
RPTNMLOKJIMFFBM78CA,24,125.00,住家用,鋼筋混凝土造,82年6月18日,七層,二層 陽台 花台
RPTNMLOKJIMFFBM78CA,24,21.68,防空避難室、梯間、門廳、水塔、人行道,鋼筋混凝土造,82年6月18日,七層,
RPPNMLLLJIMFFBM18CA,26,213.91,住家用,鋼筋混凝土造,80年9月6日,三層,一層 二層 三層 陽台
RPSNMLLLJIMFFCM58CA,16,127.25,住商用,鋼筋混凝土造,90年4月9日,二層,一層 二層 陽台 屋頂突出物
RPSNMLLLJIMFFCM58CA,16,126.60,住商用,鋼筋混凝土造,90年4月9日,二層,一層 二層 陽台 屋頂突出物
RPVNMLLMIIMFFAM68CA,13,175.96,住家用,鋼筋混凝土造,93年12月2日,三層,一層 二層 三層 陽台 屋頂突出物
RPPNMLKMIIMFFAM97CA,17,59.64,住家用,鋼筋混凝土造,90年3月8日,二層,一層 二層 陽台
RPVNMLRLIIMFFAM56CA,22,12.92,防空避難室、停車空間、梯間、走道、水箱、住宅、店舖、機房、受電室,鋼筋混凝土造,85年4月10日,七層,
RPVNMLRLIIMFFAM56CA,22,30.54,住家用,鋼筋混凝土造,85年4月10日,七層,四層 陽台
RPXNMLMJJIMFFAM78CA,17,57.75,住家用,鋼筋混凝土造,89年12月20日,五層,五層 陽台
RPSNMLRLIIMFFAM88CA,,111.90,住家用,鋼筋混凝土造,106年6月19日,四層,一層 二層 三層 四層 陽台
RPXNMLMJJIMFFAM78CA,17,3.68,梯間,鋼筋混凝土造,89年12月20日,五層,
RPSNMLRLIIMFFAM88CA,,111.90,住家用,鋼筋混凝土造,106年6月19日,四層,一層 二層 三層 四層 陽台
RPSNMLQJJIMFFCM88CA,34,105.18,住家用,加強磚造,72年11月23日,二層,一層 二層 陽台 騎樓
RPQNMLMJJIMFFDM38CA,3,191.09,住宅、停車空間、樓梯間,鋼筋混凝土造,103年12月27日,三層,一層 二層 三層 陽台 見其他登記事項
RPRNMLOKJIMFFCM68CA,36,132.40,住商用,加強磚造,70年7月3日,二層,一層 二層 陽台 騎樓
RPUNMLOKJIMFFBM88CA,12,183.24,住家用,鋼筋混凝土造,94年12月30日,二層,一層 二層 陽台 屋頂突出物
RPVNMLLMIIMFFDM98CA,27,166.67,住商用,鋼筋混凝土造,79年4月26日,三層,一層 二層 三層 騎樓
RPVNMLOKJIMFFCM09CA,21,282.54,住家用,ＲＣ造及鋼鐵架,85年10月28日,三層,一層 二層 三層
RPTNMLLJJIMFFCM48CA,17,117.84,住商用,鋼筋混凝土造,90年4月9日,二層,一層 二層 陽台 屋頂突出物
RPUNMLNJJIMFFCM78CA,26,263.49,人行道、店舖、住宅,鋼筋混凝土造,81年2月15日,三層,一層 二層 三層 騎樓
RPWNMLTJJIMFFBM86CA,10,69.53,農舍、樓梯間,鋼鐵造有牆、鋼筋混凝土造,96年10月26日,二層,一層 二層 見其他登記事項
RPOOMLLMIIMFFAM08CA,23,80.39,住家用,鋼筋混凝土造,83年9月8日,五層,二層 陽台 花台
RPOOMLLMIIMFFAM08CA,23,4.34,機械房、水塔、梯間,鋼筋混凝土造,83年9月8日,五層,
SPOOMLLMIIMFFAM18CA,23,80.39,住家用,鋼筋混凝土造,83年9月8日,五層,二層 陽台 花台
SPOOMLLMIIMFFAM18CA,23,4.34,機械房、水塔、梯間,鋼筋混凝土造,83年9月8日,五層,
RPSOMLLMIIMFFAM48CA,38,163.58,住商用,鋼筋混凝土造,68年11月15日,三層,一層 二層 三層
RPQNMLRJJIMFFAM58CA,1,142.12,住家用,鋼筋混凝土造,105年5月24日,三層,一層 二層 三層 陽台
RPRNMLLJJIMFFDM48DA,14,151.11,住家用,鋼筋混凝土造,93年2月5日,三層,一層 二層 三層 陽台 屋頂突出物
RPRNMLLMIIMFFBM48DA,,62.26,住家用,鋼筋混凝土造,,三層,一層 二層 三層
RPPNMLLJJIMFFDM18CA,24,76.74,住家用,鋼筋混凝土造,82年12月30日,三層,一層 二層 三層 陽台 電梯樓梯間
RPPNMLLJJIMFFDM18CA,24,76.74,住家用,鋼筋混凝土造,82年12月30日,三層,一層 二層 三層 陽台 電梯樓梯間
RPPNMLNLJIMFFDM58CA,2,147.28,住家用,鋼筋混凝土造,104年12月25日,三層,一層 二層 三層 陽台
RPQNMLRJJIMFFDM88CA,22,27.37,集合住宅,鋼筋混凝土造,85年3月9日,七層,五層
RPQNMLRJJIMFFDM88CA,22,1.92,防空避難室、停車空間、門廳、屋頂突出物等公共設施,鋼筋混凝土造,85年3月9日,七層,
RPQNMLRJJIMFFDM88CA,22,5.71,梯間、走道,鋼筋混凝土造,85年3月9日,七層,
RPQNMLRJJIMFFDM88CA,22,26.14,集合住宅,鋼筋混凝土造,85年3月9日,七層,七層 陽台
RPQNMLRJJIMFFDM88CA,22,4.80,防空避難室、停車空間、門廳、屋頂突出物等公共設施,鋼筋混凝土造,85年3月9日,七層,
RPQNMLRJJIMFFDM88CA,22,7.86,梯間、走道,鋼筋混凝土造,85年3月9日,七層,
RPRNMLRJJIMFFDM98CA,22,25.62,集合住宅,鋼筋混凝土造,85年3月9日,七層,五層 陽台
RPRNMLRJJIMFFDM98CA,22,4.32,防空避難室、停車空間、門廳、屋頂突出物等公共設施,鋼筋混凝土造,85年3月9日,七層,
RPRNMLRJJIMFFDM98CA,22,5.00,梯間、走道,鋼筋混凝土造,85年3月9日,七層,
RPRNMLRJJIMFFDM98CA,22,21.35,集合住宅,鋼筋混凝土造,85年3月9日,五層,五層 陽台
RPRNMLRJJIMFFDM98CA,22,5.75,防空避難室、停車空間、門廳、屋頂突出物等公共設施,鋼筋混凝土造,85年3月9日,七層,
RPRNMLRJJIMFFDM98CA,22,7.86,梯間、走道,鋼筋混凝土造,85年3月9日,七層,
RPUNMLMJJIMFFAM48CA,37,86.81,住商用,鋼筋混凝土造,69年2月7日,二層,一層 二層
RPQNMLNJJIMFFAM18CA,25,117.93,住家用,鋼筋混凝土造,81年9月18日,三層,一層 二層 三層
RPQNMLKLJIMFFAM08CA,3,274.44,集合住宅、停車空間、樓梯間、水塔間,鋼筋混凝土造,104年3月20日,四層,一層 二層 三層 四層 陽台 屋頂突出物
RPXNMLLJJIMFFAM68CA,24,189.59,住家用,鋼筋混凝土造,83年1月11日,四層,一層 二層 三層 四層 陽台 平台 屋頂突出物 露台
RPRNMLMJJIMFFAM18CA,6,320.00,農舍,鋼筋混凝土造、鋼鐵造,100年4月12日,二層,一層 二層
RPSNMLTJJIMFFCM56CA,5,354.04,人行道、店舖、停車空間,鋼筋混凝土造,101年8月13日,四層,一層 二層 三層 四層 陽台 騎樓 見其他登記事項
RPSNMLTJJIMFFCM56CA,5,7.28,受電室、蓄水池、機械室、人行道、市場攤位,鋼筋混凝土造,101年8月13日,四層,
RPUNMLKLJIMFFCM68CA,34,105.97,住家用,加強磚造,72年11月23日,二層,一層 二層 陽台 騎樓
RPUNMLKLJIMFFCM68CA,39,63.22,住商用,加強磚造,67年12月19日,二層,一層 二層
RPWNMLNJJIMFFBM88CA,39,156.60,住商用,鋼筋混凝土加強磚造,67年8月21日,三層,一層 二層 三層 騎樓
RPPNMLNJJIMFFBM18CA,15,146.96,住家用,鋼骨鋼筋混凝土造,91年12月2日,三層,一層 二層 三層 陽台 電梯樓梯間
RPVOMLOKJIMFFBM09CA,24,108.26,住家用,鋼筋混凝土造,82年10月29日,十層,三層 陽台 露台
RPVOMLOKJIMFFBM09CA,24,31.95,防空避難室、停車空間、開放空間、梯間、水塔、機械室,鋼筋混凝土造,82年10月29日,十層,
RPRNMLNJJIMFFBM38CA,12,162.65,住家用,鋼筋混凝土造,94年9月5日,四層,一層 二層 三層 四層 雨遮
RPRNMLOKJIMFFAM48CA,20,86.72,住家用,鋼筋混凝土造,86年9月19日,十四層,三層 陽台
RPRNMLOKJIMFFAM48CA,20,21.62,水箱受電室、機房、梯廳、走道、防空避難室,鋼筋混凝土造,86年9月19日,十四層,
RPTNMLMJJIMFFAM38CA,25,75.28,住家用,鋼筋混凝土造,82年3月22日,八層,七層 陽台
RPTNMLMJJIMFFAM38CA,25,17.83,防空避難室、人行道、電梯,鋼筋混凝土造,82年3月22日,八層,
RPSNMLLJJIMFFDM58DA,14,151.11,住家用,鋼筋混凝土造,93年2月5日,三層,一層 二層 三層 陽台 屋頂突出物
RPTNMLNJJIMFFDM88DA,14,151.11,住家用,鋼筋混凝土造,93年2月5日,三層,一層 二層 三層 陽台 屋頂突出物
RPVNMLNJJIMFFDM09DA,14,151.11,住家用,鋼筋混凝土造,93年2月5日,三層,一層 二層 三層 陽台 屋頂突出物
RPOOMLNJJIMFFDM38CA,14,151.11,住家用,鋼筋混凝土造,93年2月5日,三層,一層 二層 三層 陽台 屋頂突出物
RPTNMLRKJIMFFDM66CA,24,142.74,住商用,鋼筋混凝土造,82年6月14日,三層,一層 二層 三層 騎樓
RPQNMLQJJIMFFBM68DA,19,16.06,住家用,鋼筋混凝土造,88年2月12日,九層,九層 陽台 雨遮
RPQNMLQJJIMFFBM68DA,19,9.72,防空避難室、停車空間、水塔、梯間、機械房、暸望台,鋼筋混凝土造,88年2月12日,九層,
RPSNMLMJJIMFFCM48CA,6,10.00,住家用,見其他登記事項,100年11月1日,一層,一層
RPSNMLMJJIMFFCM48CA,6,10.00,住家用,見其他登記事項,100年11月1日,一層,一層
RPPNMLTJJIMFFAM68CA,25,159.30,店舖、人行道、住宅,鋼筋混凝土造,81年6月15日,四層,一層 二層 三層 四層 騎樓
RPPNMLOKJIMFFAM28CA,36,103.95,住家用,加強磚造,71年2月13日,二層,一層 二層
RPSNMLKKJIMFFBM28CA,50,113.28,住家用,鋼筋混凝土加強磚造,56年12月20日,二層,一層 二層
RPWNMLMLJIMFFAM88CA,38,37.84,住商用,鋼筋混凝土加強磚造,68年8月1日,二層,一層 二層 騎樓
RPWNMLMLJIMFFAM88CA,38,25.56,住商用,鋼筋混凝土加強磚造,68年8月1日,二層,一層 二層 騎樓
RPVNMLNLJIMFFAM88CA,1,67.34,集合住宅,鋼筋混凝土造,105年11月8日,五層,四層 陽台 雨遮
RPVNMLNLJIMFFAM88CA,1,17.80,梯間、水箱間,鋼筋混凝土造,105年11月8日,五層,
RPRNMLSLJIMFFAM98CA,38,105.44,住商用,鋼筋混凝土加強磚造,68年11月28日,二層,一層 二層 騎樓
RPPNMLOJJIMFFBM28CA,23,189.12,住家用,鋼筋混凝土造,83年3月31日,三層,一層 二層 三層 陽台
RPRNMLRKJIMFFBM88CA,25,94.54,住家用,鋼筋混凝土造,82年3月12日,七層,五層 陽台 花台
RPRNMLRKJIMFFBM88CA,25,19.54,地下室、門廳、梯間、機械室、守衛室、水箱、車道,鋼筋混凝土造,82年3月12日,七層,
RPWNMLNJJIMFFCM98CA,4,191.95,農舍,鋼鐵造有牆、ＲＣ造,102年6月17日,二層,一層 二層
RPRNMLSJJIMFFCM98CA,40,95.77,住家用,鋼筋混凝土加強磚造,67年2月23日,二層,一層 二層 騎樓
RPUNMLRJJIMFFCM56CA,37,103.20,住家用,鋼筋混凝土加強磚造,70年1月15日,二層,一層 二層
RPUNMLNKJIMFFCM88CA,26,95.68,住家用,加強磚造,80年12月16日,一層,一層
RPUNMLNKJIMFFCM88CA,26,107.64,住家用,加強磚造,80年12月16日,一層,一層
RPSNMLOLJIMFFCM88CA,20,83.16,農舍,鋼架有牆者,87年1月14日,一層,一層
RPSOMLSJJIMFFCM56CA,22,74.44,集合住宅,鋼筋混凝土造,84年11月22日,十二層,十二層 陽台
RPSOMLSJJIMFFCM56CA,22,19.45,門廳、梯間、水塔、牌樓、停車空間兼防空避難室、機械房,鋼筋混凝土造,84年11月22日,十二層,
RPSNMLNJJIMFFAM38CA,12,239.16,住家用,鋼筋混凝土造,94年6月14日,四層,一層 二層 三層 四層 陽台 雨遮
RPUNMLNKJIMFFBM78CA,23,175.64,住家用,鋼筋混凝土造,83年12月16日,五層,一層 二層 三層 四層 五層 陽台
RPXNMLNJJIMFFDM66DA,14,151.11,住家用,鋼筋混凝土造,93年2月5日,三層,一層 二層 三層 陽台 屋頂突出物
RPSNMLNJJIMFFDM78DA,14,151.11,住家用,鋼筋混凝土造,93年2月5日,三層,一層 二層 三層 陽台 屋頂突出物
RPQNMLRLJIMFFEM56CA,2,52.83,農業資材室,鋼骨造,103年11月20日,一層,一層
RPPNMLKLJIMFFAM97CA,9,201.33,住家用,鋼筋混凝土造,97年4月28日,四層,一層 二層 三層 四層 屋頂突出物 雨遮
RPRNMLKLJIMFFBM28CA,,188.52,住宅、樓梯間,鋼筋混凝土造,106年5月22日,三層,一層 二層 三層 陽台 見其他登記事項
RPQNMLMLJIMFFBM38CA,13,151.69,住商用,鋼筋混凝土造,94年3月29日,三層,一層 二層 三層 陽台 屋頂突出物 雨遮
RPRNMLQKJIMFFDM98CA,47,161.68,住商用,鋼筋混凝土加強磚造,60年1月1日,二層,一層 二層 騎樓
RPPNMLOKJIMFFCM48CA,13,155.73,住家用,鋼骨造,93年8月18日,三層,一層 二層 三層 陽台 平台
RPQNMLPKJIMFFCM68CA,38,85.02,住家用,加強磚造,68年5月31日,二層,一層 二層
RPXNMLRLJIMFFCM07CA,56,34.88,住家用,磚造,50年4月28日,一層,一層
RPOOMLNKJIMFFBM28CA,4,251.93,住家用,鋼筋混凝土造,102年5月28日,四層,一層 二層 三層 四層 陽台
RPQNMLKKJIMFFBM08CA,3,201.30,住宅、樓梯間,鋼筋混凝土造,103年11月28日,三層,一層 二層 三層 陽台 見其他登記事項
RPXOMLKMJIMFFDM66CA,,246.41,住宅、樓梯間,鋼筋混凝土造,106年5月3日,三層,一層 二層 三層 陽台 見其他登記事項
RPSNMLSJJIMFFCM09CA,22,103.96,商業用,鋼筋混凝土造,84年11月22日,十二層,一層 平台 騎樓
RPSNMLSJJIMFFCM09CA,22,12.65,門廳、梯間、水塔、牌樓、停車空間兼防空避難室、機械房,鋼筋混凝土造,84年11月22日,十二層,
RPSNMLSJJIMFFCM09CA,22,104.51,集合住宅,鋼筋混凝土造,84年11月22日,十二層,二層 陽台
RPSNMLSJJIMFFCM09CA,22,23.64,門廳、梯間、水塔、牌樓、停車空間兼防空避難室、機械房,鋼筋混凝土造,84年11月22日,十二層,
RPPNMLMKJIMFFDM38CA,18,202.18,住家用,鋼筋混凝土造,88年5月25日,三層,一層 二層 三層 陽台 電梯樓梯間
RPPNMLRJJIMFFBM68DA,9,15.00,農舍,鋼鐵造,97年5月5日,一層,一層
RPUNMLNLJIMFFBM88CA,,146.69,住宅、樓梯間,鋼筋混凝土造,106年5月22日,三層,一層 二層 三層 陽台 見其他登記事項
RPUNMLNLJIMFFBM88CA,,21.79,法定停車空間,鋼筋混凝土造,106年5月22日,四層,
RPQNMLRJJIMFFBM78DA,9,15.00,農舍,鋼鐵造,97年5月5日,一層,一層
RPSNMLSLJIMFFAM09CA,2,40.07,集合住宅,鋼筋混凝土造,104年11月12日,五層,一層
RPSNMLSLJIMFFAM09CA,2,12.51,樓梯間,鋼筋混凝土造,104年11月12日,五層,
RPROMLOLJIMFFAM68CA,1,261.63,住家用,鋼筋混凝土造,105年7月26日,四層,一層 二層 三層 四層 陽台
RPQOMLRLJIMFFCM09CA,40,139.65,住家用,﹙Ａ﹚鐵筋加強磚造、﹙Ｂ﹚ＲＣ加強磚造,66年10月1日,二層,一層 二層 騎樓
RPRNMLNLJIMFFCM68CA,22,62.37,集合住宅,鋼筋混凝土造,84年7月17日,七層,七層 陽台
RPRNMLNLJIMFFCM68CA,22,22.67,停車場、樓梯間、機房,鋼筋混凝土造,84年7月17日,七層,
RPPNMLOJKIMFFCM48CA,17,152.84,住宅．店舖．停車空間,鋼筋混凝土造,90年3月9日,四層,一層 二層 三層 四層 陽台 平台
RPWNMLNKJIMFFCM09CA,9,84.79,農舍,鋼鐵造有牆,97年11月5日,一層,一層
RPUNMLPKJIMFFBM98CA,17,141.18,住家用,鋼筋混凝土造,89年12月12日,四層,一層 二層 三層 四層 陽台 雨遮
RPPNMLKLJIMFFCM18CA,22,175.01,住家用,鋼筋混凝土造,84年12月30日,四層,一層 二層 三層 四層 陽台 平台 花台
RPRNMLKKJIMFFBM18CA,4,193.83,住宅、停車空間,鋼筋混凝土造,102年9月2日,四層,一層 二層 三層 四層 陽台
RPWNMLNKJIMFFBM98CA,14,185.17,住家用,鋼筋混凝土造,92年8月26日,三層,一層 二層 三層 陽台 屋頂突出物
RPXNMLTJJIMFFAM86CA,12,65.08,住家用,鋼筋混凝土造,94年7月28日,五層,四層 陽台
RPXNMLTJJIMFFAM86CA,12,6.59,住家用,鋼筋混凝土造,94年7月28日,五層,
RPSNMLKLJIMFFAM28CA,23,142.79,住家用,鋼筋混凝土造,83年6月8日,八層,八層 陽台 露台 花台
RPSNMLKLJIMFFAM28CA,23,41.28,地下室,鋼筋混凝土造,83年6月8日,八層,
RPRNMLKKJIMFFAM08CA,2,194.13,住宅、樓梯間,鋼筋混凝土造,105年1月22日,三層,一層 二層 三層 陽台 屋頂突出物
RPRNMLSLJIMFFBM56DA,31,109.50,住家用,鋼筋混凝土加強磚造,75年5月29日,二層,一層 二層
RPQNMLSLJIMFFBM09DA,35,127.62,住家用,鋼筋混凝土造,71年8月2日,二層,一層 二層 陽台
RPPNMLRKJIMFFEM98CA,38,88.50,住家用,加強磚造,69年1月1日,二層,一層 二層
RPPNMLLLJIMFFEM48CA,16,148.44,住家用,鋼骨鋼筋混凝土造,91年1月16日,三層,一層 二層 三層 陽台
RPUNMLMLJIMFFDM09DA,39,70.46,住家用,鋼筋混凝土加強磚造,68年4月1日,一層,一層
RPPNMLQKJIMFFDM78CA,36,108.71,住商用,鋼筋混凝土加強磚造,71年1月1日,二層,一層 二層 騎樓
RPPNMLKMJIMFFBM18CA,23,129.56,住家用,鋼筋混凝土造,84年3月8日,三層,一層 二層 三層 陽台
RPQNMLOKJIMFFEM78CA,17,121.75,農舍,鋼架造有牆,89年2月19日,一層,一層
RPOOMLOLJIMFFAM38CA,35,107.24,住商用,鋼筋混凝土加強磚造,71年7月1日,二層,一層 二層 騎樓
RPSNMLNKJIMFFBM58CA,49,68.00,住家用,鋼筋混凝土加強磚造,57年9月5日,二層,一層 二層
RPQNMLPJKIMFFAM48CA,3,183.10,店舖、住宅、樓梯間、水箱間,鋼筋混凝土造,104年3月26日,三層,一層 二層 三層 陽台 屋頂突出物
RPPOMLOKJIMFFBM48CA,,182.40,住宅、樓梯間、水箱間,鋼筋混凝土造,106年8月31日,三層,一層 二層 三層 陽台 見其他登記事項
RPSOMLOKJIMFFBM78CA,,236.00,住宅、樓梯間、水箱間,鋼筋混凝土造,106年8月31日,三層,一層 二層 三層 陽台 見其他登記事項
RPQNMLNLJIMFFBM48CA,22,27.71,住家用,鋼筋混凝土造,84年9月27日,十二層,十一層 陽台
RPQNMLNLJIMFFBM48CA,22,10.01,停車空間、防空避難室、水塔、管理室、梯間、走道、機械室、門廳,鋼筋混凝土造,84年9月27日,十二層,
RPPOMLNKJIMFFBM38CA,2,196.31,住宅、樓梯間、水箱間,鋼筋混凝土造,104年12月18日,三層,一層 二層 三層 陽台 見其他登記事項
RPWNMLOKJIMFFBM09CA,,174.76,住宅、樓梯間、水箱間,鋼筋混凝土造,106年8月31日,三層,一層 二層 三層 陽台 見其他登記事項
RPTNMLNKJIMFFBM68CA,37,104.15,住家用,加強磚造,69年6月1日,二層,一層 二層 陽台
RPVNMLNKJIMFFCM98CA,37,95.73,住商用,鋼筋混凝土加強磚造,70年1月22日,二層,一層 二層 陽台 騎樓
RPPNMLPKJIMFFCM58CA,37,17.25,住家用,加強磚造,69年7月3日,一層,一層
RPPNMLTKJIMFFCM98CA,31,106.98,住商用,鋼筋混凝土造,75年12月3日,二層,一層 二層 騎樓
RPTNMLOKKIMFFBM88CA,26,79.50,住家用,鋼筋混凝土造,80年8月31日,六層,一層 平台
RPTNMLOKKIMFFBM88CA,26,21.21,防空避難室,鋼筋混凝土造,80年8月31日,六層,
RPTNMLOKKIMFFBM88CA,26,7.75,電梯突出物、梯間,鋼筋混凝土造,80年8月31日,六層,
RPPNMLQJKIMFFAM48CA,1,197.03,住家用,鋼筋混凝土造,105年10月28日,四層,一層 二層 三層 四層
