﻿編號,土地位置,土地移轉面積(平方公尺),使用分區或編定,權利人持分分母,權利人持分分子,移轉情形,地號
The serial number, land position,land shifting area square meter,the use zoning or compiles and checks,,,,land parcel
RPQNMLLJQHMFFHN96CC,平和段,149.00,都市：住,,,,03620000
RPPOMLOKQHMFFBN86DC,和東段,94.00,都市：住,,,,12650027
RPTNMLMJQHMFFDN96CC,僑信段,1.29,都市：工,,,,06460145
RPTNMLMJQHMFFDN96CC,僑信段,83.25,都市：工,,,,06460127
RPUNMLMJQHMFFDN07CC,復興段,97.89,都市：住,,,,14840001
RPQNMLSJQHMFFCN17CC,永樂段,75.00,都市：住,,,,04740000
RPSNMLLKQHMFFBN76DC,新興段,527.71,非都市：一般農業區 ; 非都市編定：養殖用地,,,,06480000
RPUNMLQKQHMFFDN67DC,員林段,113.00,都市：商,,,,05720006
RPUOMLOKQHMFFHN97DC,光明段,944.00,都市：工,,,,10890000
RPUOMLOKQHMFFHN97DC,光明段,473.00,都市：其他:道路,,,,10890001
RPUOMLOKQHMFFHN97DC,光明段,14.00,都市：工,,,,10890002
RPUOMLOKQHMFFHN97DC,光明段,11.00,都市：工,,,,10890003
RPRNMLKMQHMFFHN27CC,西寮段,2804.00,非都市：特定農業區 ; 非都市編定：甲種建築用地,,,,04210000
RPPNMLTLQHMFFBN37DC,嘉安段,611.00,都市：農,,,,10330000
RPRNMLKMQHMFFFN07CC,周厝崙段,6468.00,非都市：特定農業區 ; 非都市編定：農牧用地,,,,03840001
RPXNMLMKRHMFFCN57DC,順興段,95.50,都市：住,,,,04400001
RPSNMLNKRHMFFDN17CC,民生段,77.00,都市：住,,,,00060000
RPSNMLKMQHMFFFN17CC,周厝崙段,6468.00,非都市：特定農業區 ; 非都市編定：農牧用地,,,,03840001
RPRNMLPKRHMFFBN07CC,永慶段,587.98,非都市：鄉村區 ; 非都市編定：丁種建築用地,,,,04330000
RPPNMLPLRHMFFHN57CC,光華段,78.00,都市：商,,,,00270000
RPRNMLPKRHMFFBN07CC,永慶段,497.92,非都市：鄉村區 ; 非都市編定：丁種建築用地,,,,04340000
RPSNMLRLRHMFFDN67CC,三多段,94.07,都市：住,,,,04300000
RPQNMLNKIIMFFFN98CC,新興段,2030.00,非都市：特定農業區 ; 非都市編定：農牧用地,,,,06980000
RPQNMLMJIIMFFCN48CC,永安段,73.00,都市：住,,,,37370018
RPPNMLNLIIMFFCN78DC,順興段,86.89,都市：住,,,,04400000
RPPNMLQKIIMFFDN09DC,員林段,52.00,都市：住,,,,00340022
RPQNMLQJIIMFFDN98CC,員林段,116.00,都市：其他:都市計畫區零售市場用地,,,,00090053
RPUNMLMLRHMFFAN07CC,牛稠子段牛稠子小段,274.00,都市：其他:乙種工業區,,,,00570000
RPUNMLMLRHMFFAN07CC,牛稠子段牛稠子小段,1486.00,都市：其他:乙種工業區,,,,00570005
RPPOMLLJRHMFFAN09DC,西勢子段過溝子小段,52.00,都市：住,,,,01360032
RPUNMLMLRHMFFAN07CC,牛稠子段牛稠子小段,1486.00,都市：其他:乙種工業區,,,,00580000
RPQOMLPLQHMFFAN07DC,金馬段,10.85,都市：住,,,,08790000
RPUNMLMLRHMFFAN07CC,牛稠子段牛稠子小段,2151.00,都市：其他:乙種工業區,,,,00580012
RPUNMLMLRHMFFAN07CC,牛稠子段牛稠子小段,62.00,都市：其他:乙種工業區,,,,00570007
RPPNMLLKRHMFFAN09DC,牛稠子段牛稠子小段,131.00,都市：住,,,,01020020
RPPNMLLKRHMFFAN09DC,牛稠子段牛稠子小段,11.00,都市：住,,,,01020001
RPPNMLLKRHMFFAN09DC,牛稠子段牛稠子小段,83.00,都市：住,,,,01020058
RPPNMLLKRHMFFAN09DC,牛稠子段牛稠子小段,45.00,都市：住,,,,01020080
RPPNMLLKRHMFFAN09DC,牛稠子段牛稠子小段,42.00,都市：住,,,,01020081
