﻿鄉鎮市區,交易標的,土地位置建物門牌,土地移轉總面積平方公尺,都市土地使用分區,非都市土地使用分區,非都市土地使用編定,交易年月日,交易筆棟數,移轉層次,總樓層數,建物型態,主要用途,主要建材,建築完成年月,建物移轉總面積平方公尺,建物現況格局-房,建物現況格局-廳,建物現況格局-衛,建物現況格局-隔間,有無管理組織,總價元,單價元平方公尺,車位類別,車位移轉總面積平方公尺,車位總價元,備註,編號
The villages and towns urban district,transaction sign,land sector position building sector house number plate,land shifting total area square meter,the use zoning or compiles and checks,the non-metropolis land use district,non-metropolis land use,transaction year month and day,transaction pen number,shifting level,total floor number,building state,main use,main building materials,construction to complete the years,building shifting total area,Building present situation pattern - room,building present situation pattern - hall,building present situation pattern - health,building present situation pattern - compartmented,Whether there is manages the organization,total price NTD,the unit price (NTD / square meter),the berth category,berth shifting total area square meter,the berth total price NTD,the note,serial number
古坑鄉,房地(土地+建物),雲林縣古坑鄉文化路A3戶,96.0,,鄉村區,乙種建築用地,1060119,土地1建物1車位0,全,4,透天厝,住商用,鋼筋混凝土造,,190.27,4,3,3,有,無,10500000,55185,,0.0,0,一樓店舖二.三.四樓住宅,RPOQMLLJQHMFFAP66EB
古坑鄉,房地(土地+建物),雲林縣古坑鄉文化路A5戶,96.0,,鄉村區,乙種建築用地,1060112,土地1建物1車位0,全,4,透天厝,住商用,鋼筋混凝土造,,190.27,4,3,3,有,無,10150000,53345,,0.0,0,1.一樓店舖二.三.四樓住宅2.A5.A6合併為一戶,RPSNMLNJQHMFFAP96EB
古坑鄉,房地(土地+建物),雲林縣古坑鄉文化路A6戶,105.0,,鄉村區,乙種建築用地,1060112,土地1建物1車位0,全,4,透天厝,住商用,鋼筋混凝土造,,188.18,4,3,3,有,無,10730000,57020,,0.0,0,1.一樓店舖二.三.四樓住宅2.A5.A6合併為一戶,RPVNMLNJQHMFFAP27EB
古坑鄉,房地(土地+建物),雲林縣古坑鄉文化路B1戶,175.0,,鄉村區,乙種建築用地,1051222,土地2建物1車位0,全,4,透天厝,住家用,鋼筋混凝土造,,208.75,4,3,4,有,無,9030000,43257,,0.0,0,,RPXNMLNJQHMFFAP47EB
古坑鄉,房地(土地+建物),雲林縣古坑鄉文化路B3戶,133.82,,鄉村區,乙種建築用地,1051224,土地4建物1車位0,全,4,透天厝,住家用,鋼筋混凝土造,,197.58,5,3,5,有,無,8400000,42514,,0.0,0,,RPPOMLNJQHMFFAP76EB
古坑鄉,房地(土地+建物),雲林縣古坑鄉文化路B5戶,123.0,,鄉村區,乙種建築用地,1051202,土地2建物1車位0,全,4,透天厝,住家用,鋼筋混凝土造,,212.43,5,3,5,有,無,8600000,40484,,0.0,0,,RPQOMLNJQHMFFAP86EB
古坑鄉,房地(土地+建物),雲林縣古坑鄉文化路C2戶,120.82,,鄉村區,乙種建築用地,1051115,土地3建物1車位0,全,3,透天厝,住家用,鋼筋混凝土造,,172.46,4,3,4,有,無,7600000,44068,,0.0,0,,RPROMLNJQHMFFAP96EB
古坑鄉,房地(土地+建物),雲林縣古坑鄉文化路C3戶,121.82,,鄉村區,乙種建築用地,1051127,土地3建物1車位0,全,3,透天厝,住家用,鋼筋混凝土造,,174.05,3,3,3,有,無,7600000,43666,,0.0,0,,RPSOMLNJQHMFFAP07EB
古坑鄉,房地(土地+建物),雲林縣古坑鄉文化路C5戶,122.82,,鄉村區,乙種建築用地,1051215,土地3建物1車位0,全,4,透天厝,住家用,鋼筋混凝土造,,198.69,5,3,4,有,無,7900000,39760,,0.0,0,,RPTOMLNJQHMFFAP17EB
古坑鄉,房地(土地+建物),雲林縣古坑鄉文化路C6戶,124.82,,鄉村區,乙種建築用地,1051124,土地3建物1車位0,全,3,透天厝,住家用,鋼筋混凝土造,,174.05,4,3,4,有,無,7600000,43666,,0.0,0,,RPUOMLNJQHMFFAP27EB
古坑鄉,房地(土地+建物),雲林縣古坑鄉文化路C7戶,124.82,,鄉村區,乙種建築用地,1051213,土地3建物1車位0,全,3,透天厝,住家用,鋼筋混凝土造,,174.05,4,3,5,有,無,7600000,43666,,0.0,0,,RPXOMLNJQHMFFAP57EB
古坑鄉,房地(土地+建物),雲林縣古坑鄉文化路C9戶,126.82,,鄉村區,乙種建築用地,1051121,土地3建物1車位0,全,3,透天厝,住家用,鋼筋混凝土造,,174.05,4,3,4,有,無,7600000,43666,,0.0,0,,RPOOMLOJQHMFFAP76EB
古坑鄉,房地(土地+建物),雲林縣古坑鄉文化路C10戶,120.82,,鄉村區,乙種建築用地,1051115,土地3建物1車位0,全,3,透天厝,住家用,鋼筋混凝土造,,174.05,4,3,4,有,無,7600000,43666,,0.0,0,,RPPOMLOJQHMFFAP86EB
古坑鄉,房地(土地+建物),雲林縣古坑鄉文化路C11戶,120.82,,鄉村區,乙種建築用地,1051119,土地3建物1車位0,全,3,透天厝,住家用,鋼筋混凝土造,,174.05,4,3,4,有,無,7600000,43666,,0.0,0,,RPQOMLOJQHMFFAP96EB
古坑鄉,房地(土地+建物),雲林縣古坑鄉文化路C12戶,120.82,,鄉村區,乙種建築用地,1051205,土地3建物1車位0,全,3,透天厝,住家用,鋼筋混凝土造,,174.05,4,3,4,有,無,7600000,43666,,0.0,0,,RPROMLOJQHMFFAP07EB
古坑鄉,房地(土地+建物),雲林縣古坑鄉文化路C13戶,120.82,,鄉村區,乙種建築用地,1051122,土地4建物1車位0,全,3,透天厝,住家用,鋼筋混凝土造,,174.05,4,3,4,有,無,7600000,43666,,0.0,0,,RPSOMLOJQHMFFAP17EB
古坑鄉,房地(土地+建物),雲林縣古坑鄉文化路C14戶,152.82,,鄉村區,乙種建築用地,1051117,土地4建物1車位0,全,4,透天厝,住家用,鋼筋混凝土造,,179.91,5,3,5,有,無,8520000,47357,,0.0,0,,RPTOMLOJQHMFFAP27EB
古坑鄉,房地(土地+建物),雲林縣古坑鄉文化路D2戶,105.82,,鄉村區,乙種建築用地,1060529,土地3建物1車位0,全,4,透天厝,住家用,鋼筋混凝土造,,171.9,5,3,3,有,無,6800000,39558,,0.0,0,,RPUOMLOJQHMFFAP37EB
古坑鄉,房地(土地+建物),雲林縣古坑鄉文化路D4戶,120.82,,鄉村區,乙種建築用地,1060113,土地3建物1車位0,全,3,透天厝,住家用,鋼筋混凝土造,,174.05,4,3,4,有,無,7600000,43666,,0.0,0,,RPVOMLOJQHMFFAP47EB
古坑鄉,房地(土地+建物),雲林縣古坑鄉文化路D5戶,120.82,,鄉村區,乙種建築用地,1051120,土地3建物1車位0,全,3,透天厝,住家用,鋼筋混凝土造,,174.05,4,3,4,有,無,7600000,43666,,0.0,0,,RPWOMLOJQHMFFAP57EB
古坑鄉,房地(土地+建物),雲林縣古坑鄉文化路D6戶,120.82,,鄉村區,乙種建築用地,1051125,土地3建物1車位0,全,4,透天厝,住家用,鋼筋混凝土造,,198.68,4,3,3,有,無,7980000,40165,,0.0,0,,RPXOMLOJQHMFFAP67EB
古坑鄉,房地(土地+建物),雲林縣古坑鄉文化路D7戶,120.82,,鄉村區,乙種建築用地,1060726,土地3建物1車位0,全,3,透天厝,住家用,鋼筋混凝土造,,174.05,4,3,4,有,無,7700000,44240,,0.0,0,,RPOPMLOJQHMFFAP86EB
古坑鄉,房地(土地+建物),雲林縣古坑鄉文化路D8戶,120.82,,鄉村區,乙種建築用地,1060102,土地3建物1車位0,全,3,透天厝,住家用,鋼筋混凝土造,,174.05,4,3,4,有,無,7600000,43666,,0.0,0,,RPPPMLOJQHMFFAP96EB
古坑鄉,房地(土地+建物),雲林縣古坑鄉文化路D9戶,120.82,,鄉村區,乙種建築用地,1051219,土地3建物1車位0,全,3,透天厝,住家用,鋼筋混凝土造,,174.05,4,3,4,有,無,7600000,43666,,0.0,0,,RPQPMLOJQHMFFAP07EB
古坑鄉,房地(土地+建物),雲林縣古坑鄉文化路D11戶,120.82,,鄉村區,乙種建築用地,1051124,土地3建物1車位0,全,3,透天厝,住家用,鋼筋混凝土造,,174.05,4,3,4,有,無,7600000,43666,,0.0,0,,RPUOMLRJQHMFFAP67EB
古坑鄉,房地(土地+建物),雲林縣古坑鄉文化路D13戶,120.82,,鄉村區,乙種建築用地,1051209,土地3建物1車位0,全,3,透天厝,住家用,鋼筋混凝土造,,174.05,4,3,4,有,無,7600000,43666,,0.0,0,,RPWOMLRJQHMFFAP87EB
古坑鄉,房地(土地+建物),雲林縣古坑鄉文化路D14戶,120.82,,鄉村區,乙種建築用地,1051231,土地3建物1車位0,全,3,透天厝,住家用,鋼筋混凝土造,,174.05,4,3,4,有,無,7600000,43666,,0.0,0,,RPXOMLRJQHMFFAP97EB
古坑鄉,房地(土地+建物),雲林縣古坑鄉文化路D15,120.82,,鄉村區,乙種建築用地,1051231,土地4建物1車位0,全,3,透天厝,住家用,鋼筋混凝土造,,174.05,4,3,4,有,無,7600000,43666,,0.0,0,,RPOPMLRJQHMFFAP17EB
古坑鄉,房地(土地+建物),雲林縣古坑鄉文化路D17戶,180.82,,鄉村區,乙種建築用地,1051129,土地4建物1車位0,全,4,透天厝,住家用,鋼筋混凝土造,,222.03,5,3,5,有,無,9090000,40940,,0.0,0,,RPRPMLRJQHMFFAP47EB
古坑鄉,房地(土地+建物),雲林縣古坑鄉文化路E1戶,171.0,,鄉村區,乙種建築用地,1051218,土地1建物1車位0,全,4,透天厝,住家用,鋼筋混凝土造,,171.0,6,3,7,有,無,9700000,56725,,0.0,0,,RPVPMLRJQHMFFAP87EB
古坑鄉,房地(土地+建物),雲林縣古坑鄉文化路E2戶,137.0,,鄉村區,乙種建築用地,1051221,土地2建物1車位0,全,4,透天厝,住家用,鋼筋混凝土造,,201.65,4,3,4,有,無,8300000,41160,,0.0,0,,RPVNMLSJQHMFFAP77EB
古坑鄉,房地(土地+建物),雲林縣古坑鄉文化路E5戶,139.0,,鄉村區,乙種建築用地,1060105,土地2建物1車位0,全,4,透天厝,住家用,鋼筋混凝土造,,206.78,5,3,4,有,無,8680000,41977,,0.0,0,,RPPOMLSJQHMFFAP27EB
古坑鄉,房地(土地+建物),雲林縣古坑鄉文化路E6戶,130.0,,鄉村區,乙種建築用地,1060105,土地2建物1車位0,全,4,透天厝,住家用,鋼筋混凝土造,,206.78,5,3,3,有,無,8600000,41590,,0.0,0,,RPQOMLSJQHMFFAP37EB
古坑鄉,房地(土地+建物),雲林縣古坑鄉文化路E7戶,121.0,,鄉村區,乙種建築用地,1060222,土地2建物1車位0,全,4,透天厝,住家用,鋼筋混凝土造,,206.78,5,3,4,有,無,8600000,41590,,0.0,0,,RPSOMLSJQHMFFAP57EB
古坑鄉,房地(土地+建物),雲林縣古坑鄉文化路E8戶,113.0,,鄉村區,乙種建築用地,1060121,土地2建物1車位0,全,4,透天厝,住家用,鋼筋混凝土造,,228.5,5,3,3,有,無,8920000,39037,,0.0,0,,RPTOMLSJQHMFFAP67EB
古坑鄉,房地(土地+建物),雲林縣古坑鄉文化路E9戶,106.0,,鄉村區,乙種建築用地,1060415,土地2建物1車位0,全,4,透天厝,住家用,鋼筋混凝土造,,206.78,5,3,5,有,無,8500000,41106,,0.0,0,,RPUOMLSJQHMFFAP77EB
古坑鄉,房地(土地+建物),雲林縣古坑鄉文化路A1戶,161.0,,鄉村區,乙種建築用地,1060628,土地1建物1車位0,全,4,透天厝,住商用,鋼筋混凝土造,,311.83,5,3,5,有,無,13600000,43614,,0.0,0,1.一樓店舖二.三.四樓住宅2.因電子信箱漏填而撤銷,RPVOMLSJQHMFFAP87EB
古坑鄉,房地(土地+建物),雲林縣古坑鄉文化路E3戶,131.0,,鄉村區,乙種建築用地,1060718,土地2建物1車位0,全,4,透天厝,住家用,鋼筋混凝土造,,201.65,4,3,4,有,無,8200000,40665,,0.0,0,,RPVNMLKKQHMFFAP07EB
古坑鄉,房地(土地+建物),雲林縣古坑鄉文化路E14戶,133.0,,鄉村區,乙種建築用地,1060115,土地3建物1車位0,全,4,透天厝,住家用,鋼筋混凝土造,,223.03,5,3,5,有,無,8600000,38560,,0.0,0,,RPWNMLKKQHMFFAP17EB
古坑鄉,房地(土地+建物),雲林縣古坑鄉文化路D16戶,120.82,,鄉村區,乙種建築用地,1051122,土地4建物1車位0,全,3,透天厝,住家用,鋼筋混凝土造,,174.05,4,3,4,有,無,7600000,43666,,0.0,0,,RPXNMLKKQHMFFAP27EB
古坑鄉,房地(土地+建物),雲林縣古坑鄉文化路D10戶,120.82,,鄉村區,乙種建築用地,1051219,土地3建物1車位0,全,3,透天厝,住家用,鋼筋混凝土造,,174.05,4,3,4,有,無,7600000,43666,,0.0,0,,RPOOMLKKQHMFFAP09EB
古坑鄉,房地(土地+建物),雲林縣古坑鄉文化路C8戶,123.82,,鄉村區,乙種建築用地,1051119,土地3建物1車位0,全,3,透天厝,住家用,鋼筋混凝土造,,174.05,4,3,4,有,無,7600000,43666,,0.0,0,,RPPOMLKKQHMFFAP56EB
古坑鄉,房地(土地+建物),雲林縣古坑鄉文化路D3戶,105.82,,鄉村區,乙種建築用地,1060225,土地3建物1車位0,全,4,透天厝,住家用,鋼筋混凝土造,,171.9,4,3,4,有,無,7080000,41187,,0.0,0,,RPQOMLKKQHMFFAP66EB
古坑鄉,房地(土地+建物),雲林縣古坑鄉文化路C1戶,107.82,,鄉村區,乙種建築用地,1051226,土地3建物1車位0,全,3,透天厝,住家用,鋼筋混凝土造,,172.09,5,3,3,有,無,7080000,41141,,0.0,0,,RPROMLKKQHMFFAP76EB
古坑鄉,房地(土地+建物),雲林縣古坑鄉文化路E13戶,126.0,,鄉村區,乙種建築用地,1060114,土地2建物1車位0,全,4,透天厝,住家用,鋼筋混凝土造,,235.43,4,3,5,有,無,8500000,36104,,0.0,0,,RPRNMLRKQHMFFAP37EB
古坑鄉,房地(土地+建物),雲林縣古坑鄉文化路C4戶,122.82,,鄉村區,乙種建築用地,1051123,土地3建物1車位0,全,3,透天厝,住家用,鋼筋混凝土造,,174.05,4,3,4,有,無,7600000,43666,,0.0,0,,RPSNMLRKQHMFFAP47EB
古坑鄉,房地(土地+建物),雲林縣古坑鄉文化路D1戶,107.82,,鄉村區,乙種建築用地,1060805,土地3建物1車位0,全,4,透天厝,住家用,鋼筋混凝土造,,171.94,4,3,3,有,無,7030000,40886,,0.0,0,,RPTNMLRKQHMFFAP57EB
古坑鄉,房地(土地+建物),雲林縣古坑鄉文化路D12戶,120.82,,鄉村區,乙種建築用地,1051123,土地3建物1車位0,全,4,透天厝,住家用,鋼筋混凝土造,,198.76,5,3,4,有,無,8000000,40250,,0.0,0,,RPUNMLRKQHMFFAP67EB
古坑鄉,房地(土地+建物),雲林縣古坑鄉文化路B2戶,140.82,,鄉村區,乙種建築用地,1060812,土地3建物1車位0,全,4,透天厝,住家用,鋼筋混凝土造,,221.98,5,3,5,有,無,8600000,38742,,0.0,0,,RPQOMLRKQHMFFAP37EB
古坑鄉,房地(土地+建物),雲林縣古坑鄉文化路A4戶,96.0,,鄉村區,乙種建築用地,1051217,土地1建物1車位0,全,4,透天厝,住商用,鋼筋混凝土造,,190.27,4,3,3,有,無,11300000,59389,,0.0,0,一樓店舖二.三.四樓住宅因交易日期誤植撤銷重新申報,RPSNMLTKRHMFFAP77EB
古坑鄉,房地(土地+建物),雲林縣古坑鄉文化路E12戶,121.0,,鄉村區,乙種建築用地,1051213,土地2建物1車位0,全,4,透天厝,住家用,鋼筋混凝土造,,224.41,5,3,5,有,無,8600000,38323,,0.0,0,,RPTNMLTKRHMFFAP87EB
古坑鄉,房地(土地+建物),雲林縣古坑鄉文化路E16戶,152.0,,鄉村區,乙種建築用地,1060927,土地5建物1車位0,全,4,透天厝,住家用,鋼筋混凝土造,,206.16,5,3,5,有,無,8200000,39775,,0.0,0,,RPRNMLNKIIMFFAP88EB
