﻿編號,屋齡,建物移轉面積平方公尺,主要用途,主要建材,建築完成日期,總層數,建物分層
The serial number,room age,building shifting area square meter,the main use,main building materials,construction completes the date,total layer,building lamination
RPRNMLPLRHMFFBQ47CC,11,19.19,住家用,鋼筋混凝土造,95年8月28日,八層,
RPQNMLTKIIMFFDQ07CC,39,103.20,住商用,鋼筋混凝土加強磚造,67年7月16日,三層,
RPPNMLNJIIMFFDQ88CC,,63.79,,鋼筋混凝土造,106年4月21日,十六層,
RPTNMLOLQHMFFBQ47CC,26,845.89,辦公室、包裝場,鋼造,80年9月13日,一層,
RPPNMLTJJIMFFDQ96CC,9,184.28,住商用,鋼筋混凝土造,97年7月3日,四層,
