﻿鄉鎮市區,交易標的,土地位置建物門牌,土地移轉總面積平方公尺,都市土地使用分區,非都市土地使用分區,非都市土地使用編定,交易年月日,交易筆棟數,移轉層次,總樓層數,建物型態,主要用途,主要建材,建築完成年月,建物移轉總面積平方公尺,建物現況格局-房,建物現況格局-廳,建物現況格局-衛,建物現況格局-隔間,有無管理組織,總價元,單價元平方公尺,車位類別,車位移轉總面積(平方公尺),車位總價元,備註,編號,主建物面積,附屬建物面積,陽台面積,電梯,移轉編號
The villages and towns urban district,transaction sign,land sector position building sector house number plate,land shifting total area square meter,the use zoning or compiles and checks,the non-metropolis land use district,non-metropolis land use,transaction year month and day,transaction pen number,shifting level,total floor number,building state,main use,main building materials,construction to complete the years,building shifting total area,Building present situation pattern - room,building present situation pattern - hall,building present situation pattern - health,building present situation pattern - compartmented,Whether there is manages the organization,total price NTD,the unit price (NTD / square meter),the berth category,berth shifting total area square meter,the berth total price NTD,the note,serial number,,,,,
馬公市,土地,文石段1100地號,524.0,,一般農業區,農牧用地,1060509,土地1建物0車位0,,,其他,,,,0.0,0,0,0,有,無,6500000,12405,,0.0,0,,RPSNMLRJQHMFFAX87CA,0.0,0.0,0.0,,
馬公市,房地(土地+建物)+車位,澎湖縣馬公市貿商街１３３號十一樓之一,31.27,住,,,1060717,土地1建物1車位1,十一層,十三層,住宅大樓(11層含以上有電梯),集合住宅,鋼筋混凝土造,0950629,210.3,4,2,2,有,有,5200000,24727,坡道平面,0.0,0,,RPRNMLTJQHMFFAX97CA,114.11,0.0,11.21,,
馬公市,房地(土地+建物),澎湖縣馬公市中華路２００巷１弄１３號,30.0,住,,,1060630,土地1建物1車位0,全,二層,透天厝,住家用,鋼筋混凝土加強空心磚造,0580408,61.6,2,1,2,有,無,4200000,68182,,0.0,0,含未登記建物及承租國有地,RPPNMLNJQHMFFAX17CA,61.6,0.0,0.0,,
馬公市,土地,四維段878地號,201.54,,鄉村區,乙種建築用地,1060724,土地2建物0車位0,,,其他,,,,0.0,0,0,0,有,無,6900000,34236,,0.0,0,,RPPNMLOJQHMFFAX27CA,0.0,0.0,0.0,,
馬公市,房地(土地+建物),澎湖縣馬公市朝陽路２８號,66.56,住,,,1060626,土地1建物1車位0,全,二層,透天厝,住家用,鋼筋混凝土加強磚造,0670828,89.46,3,2,2,有,無,4880000,54550,,0.0,0,,RPQNMLOJQHMFFAX37CA,89.46,0.0,0.0,,
馬公市,土地,烏崁新段384地號,1856.9,,一般農業區,農牧用地,1060712,土地1建物0車位0,,,其他,,,,0.0,0,0,0,有,無,8000000,4308,,0.0,0,,RPRNMLOJQHMFFAX47CA,0.0,0.0,0.0,,
馬公市,房地(土地+建物),澎湖縣馬公市光復路２８２號,123.74,農,,,1060710,土地1建物1車位0,全,四層,透天厝,住商用,鋼筋混凝土造,1060602,277.89,6,2,7,有,無,19600000,70532,,0.0,0,,RPQNMLOJRHMFFAX47CA,255.22,22.67,0.0,,
馬公市,土地,鎖港西段158地號,164.66,住,,,1060721,土地1建物0車位0,,,其他,,,,0.0,0,0,0,有,無,1550000,9413,,0.0,0,,RPSNMLOJQHMFFAX57CA,0.0,0.0,0.0,,
馬公市,房地(土地+建物),澎湖縣馬公市石泉１８５之２９號,231.8,,一般農業區,甲種建築用地,1060718,土地1建物1車位0,全,三層,透天厝,住家用,鋼筋混凝土造,1050504,296.36,6,2,6,有,無,10450000,35261,,0.0,0,,RPRNMLRJQHMFFAX77CA,287.83,8.53,0.0,,
馬公市,房地(土地+建物),澎湖縣馬公市中山路６１號,12.67,商,,,1060724,土地1建物1車位0,全,五層,透天厝,住商用,鋼筋混凝土造,0780120,64.59,3,2,4,有,無,3000000,46447,,0.0,0,,RPPNMLSJQHMFFAX67CA,64.61,0.0,0.0,,
馬公市,土地,文寮段1131地號,471.6,,一般農業區,農牧用地,1060726,土地1建物0車位0,,,其他,,,,0.0,0,0,0,有,無,6260000,13274,,0.0,0,,RPRNMLSJQHMFFAX87CA,0.0,0.0,0.0,,
馬公市,房地(土地+建物),澎湖縣馬公市文化路４１號,21.0,商,,,1060724,土地1建物1車位0,全,二層,透天厝,住商用,鋼筋混凝土加強空心磚造,0510810,41.18,1,1,1,有,無,4850000,117776,,0.0,0,,RPQNMLTJQHMFFAX87CA,41.18,0.0,0.0,,
馬公市,土地,東澳段594地號,21.92,住,,,1060620,土地1建物0車位0,,,其他,,,,0.0,0,0,0,有,無,0,0,,0.0,0,土地及建物分次登記案件，後案建物登記收件字號032870 共 1筆，權利人共1人，此案為合建分售案,RPSNMLTJQHMFFAX08CA,0.0,0.0,0.0,,
馬公市,房地(土地+建物),澎湖縣馬公市文山路２７巷８號七樓之２,21.92,住,,,1060620,土地1建物1車位0,七層,十層,華廈(10層含以下有電梯),集合住宅,鋼筋混凝土造,1060328,93.82,2,2,1,有,無,5200000,55425,,0.0,0,土地及建物分次登記案件，前案土地登記收件字號:032860 含土地款156萬 ，此案為合建分售案,RPTNMLTJQHMFFAX18CA,56.72,9.41,0.0,,
湖西鄉,土地,尖山南段525地號,490.85,,一般農業區,農牧用地,1060606,土地1建物0車位0,,,其他,,,,0.0,0,0,0,有,無,2700000,5501,,0.0,0,親友、員工或其他特殊關係間之交易。,RPVNMLTJQHMFFAX38CA,0.0,0.0,0.0,,
馬公市,房地(土地+建物),澎湖縣馬公市西文澳１１之８號,169.72,住,,,1060706,土地1建物1車位0,全,二層,透天厝,住家用,加強磚造,0620201,96.16,2,2,2,有,無,10000000,103993,,0.0,0,親友、員工或其他特殊關係間之交易。,RPWNMLTJQHMFFAX48CA,96.16,0.0,0.0,,
湖西鄉,土地,林投南段175地號,376.71,,一般農業區,農牧用地,1060710,土地1建物0車位0,,,其他,,,,0.0,0,0,0,有,無,1500000,3982,,0.0,0,,RPQNMLQKQHMFFAX67CA,0.0,0.0,0.0,,
馬公市,房地(土地+建物),澎湖縣馬公市三多路４１１號四樓之八,4.7,商,,,1060713,土地1建物1車位0,四層,十層,華廈(10層含以下有電梯),住家用,鋼筋混凝土造,0850308,42.04,1,0,1,有,有,1500000,35680,,0.0,0,,RPXOMLOKNHOFFAX18CA,30.5,3.58,0.0,,
馬公市,土地,風櫃西段53地號,904.52,,風景區,林業用地,1060801,土地2建物0車位0,,,其他,,,,0.0,0,0,0,有,無,2804012,3100,,0.0,0,,RPPNMLTJQHMFFAX87DA,0.0,0.0,0.0,,
馬公市,土地,馬公段753地號,127.0,商,,,1060727,土地1建物0車位0,,,其他,,,,0.0,0,0,0,有,無,12289000,96764,,0.0,0,向政府機關承購之案件。,RPQNMLOKQHMFFAX67EA,0.0,0.0,0.0,,
馬公市,房地(土地+建物),澎湖縣馬公市風櫃尾２５之１１號,112.09,,一般農業區,甲種建築用地,1060801,土地2建物1車位0,全,三層,透天厝,國民住宅,鋼筋混凝土造,0830525,147.39,3,2,4,有,無,2600000,17640,,0.0,0,,RPQNMLKKQHMFFAX27EA,138.75,8.64,0.0,,
白沙鄉,房地(土地+建物),澎湖縣白沙鄉後寮１０３之６號,54.0,,鄉村區,乙種建築用地,1060710,土地1建物1車位0,全,三層,透天厝,,,0730306,101.2,0,0,0,無,無,1300000,12846,,0.0,0,,RPPNMLSLQHMFFAX87CA,101.2,0.0,0.0,,
馬公市,土地,山水北段729地號,465.45,,一般農業區,農牧用地,1060611,土地1建物0車位0,,,其他,,,,0.0,0,0,0,有,無,3000000,6445,,0.0,0,,RPSNMLPKQHMFFAX77CA,0.0,0.0,0.0,,
馬公市,土地,井垵西段1525-1地號,33.03,,一般農業區,水利用地,1060721,土地1建物0車位0,,,其他,,,,0.0,0,0,0,有,無,142029,4300,,0.0,0,向政府機關承購之案件。,RPQNMLLKQHMFFAX17CA,0.0,0.0,0.0,,
馬公市,房地(土地+建物),澎湖縣馬公市鎖管港８０之７號,145.65,住,,,1060628,土地1建物1車位0,全,四層,透天厝,住家用,鋼筋混凝土造,1060508,277.7,5,2,6,有,無,10580000,38099,,0.0,0,,RPRNMLLKQHMFFAX27CA,257.45,20.25,0.0,,
馬公市,房地(土地+建物)+車位,澎湖縣馬公市東文澳１６３之１１號六樓,48.85,,鄉村區,乙種建築用地,1060729,土地1建物1車位1,六層,六層,華廈(10層含以下有電梯),住家用,鋼筋混凝土造,0890219,153.64000000000001,4,2,2,有,有,5600000,36449,坡道平面,0.0,0,,RPPNMLMKQHMFFAX17CA,105.18,10.97,0.0,,
馬公市,土地,文寮段347-2地號,485.43,,一般農業區,農牧用地,1060706,土地1建物0車位0,,,其他,,,,0.0,0,0,0,有,無,1407737,2900,,0.0,0,親友、員工或其他特殊關係間之交易。,RPPNMLLKQHMFFAX17DA,0.0,0.0,0.0,,
湖西鄉,土地,湖西南段1652地號,198.96,,鄉村區,乙種建築用地,1060724,土地1建物0車位0,,,其他,,,,0.0,0,0,0,有,無,1263000,6348,,0.0,0,,RPQNMLRKQHMFFAX87DA,0.0,0.0,0.0,,
湖西鄉,土地,湖西南段1983地號,886.94,,一般農業區,農牧用地,1060803,土地1建物0車位0,,,其他,,,,0.0,0,0,0,有,無,1000000,1127,,0.0,0,親友、員工或其他特殊關係間之交易。,RPTNMLPKQHMFFAX08EA,0.0,0.0,0.0,,
馬公市,土地,馬公段723地號,110.0,商,,,1060802,土地1建物0車位0,,,其他,,,,0.0,0,0,0,有,無,12100000,110000,,0.0,0,向政府機關承購之案件。,RPRNMLMLQHMFFAX67EA,0.0,0.0,0.0,,
馬公市,土地,興崁段329地號,771.29,,一般農業區,農牧用地,1060414,土地1建物0車位0,,,其他,,,,0.0,0,0,0,有,無,600000,778,,0.0,0,賣清,RPRNMLOKQHMFFAX57CA,0.0,0.0,0.0,,
馬公市,建物,澎湖縣馬公市民裕街３３號,0.0,,,,1060710,土地0建物1車位0,全,三層,透天厝,住家用,鋼筋混凝土造,1060523,257.87,5,2,6,有,無,0,0,,0.0,0,土地與建物分次登記案件前案土地登記收件字號:106年澎普字第013200號,RPPNMLLKRHMFFAX17CA,0.0,0.0,0.0,,
馬公市,建物,澎湖縣馬公市民裕街３１號,0.0,,,,1060710,土地0建物1車位0,全,三層,透天厝,住家用,鋼筋混凝土造,1060523,265.96,5,2,6,有,無,0,0,,0.0,0,土地與建物分次登記案件，前案土地登記收件字號：106年澎普字第013210號,RPQNMLPJRHMFFAX57CA,0.0,0.0,0.0,,
馬公市,土地,雙湖段730地號,228.32,,一般農業區,農牧用地,1060801,土地1建物0車位0,,,其他,,,,0.0,0,0,0,有,無,4144200,18151,,0.0,0,,RPPNMLOLQHMFFAX67EA,0.0,0.0,0.0,,
馬公市,土地,文光段998地號,226.62,住,,,1060724,土地1建物0車位0,,,其他,,,,0.0,0,0,0,有,無,12339000,54448,,0.0,0,,RPPNMLPKQHMFFAX57DA,0.0,0.0,0.0,,
湖西鄉,土地,成功南段958地號,1863.97,,一般農業區,農牧用地,1060802,土地2建物0車位0,,,其他,,,,0.0,0,0,0,有,無,6766000,3630,,0.0,0,,RPUNMLPKQHMFFAX08DA,0.0,0.0,0.0,,
馬公市,房地(土地+建物),澎湖縣馬公市西文澳９１之１５號四樓,29.78,住,,,1060715,土地1建物1車位0,四層,五層,公寓(5樓含以下無電梯),集合住宅,鋼筋混凝土造,1060117,115.71000000000001,3,1,2,有,無,5560000,48051,,0.0,0,,RPRPMLOKNHOFFAX67CA,75.21,8.37,0.0,,
西嶼鄉,土地,二崁南段742地號,474.93,,一般農業區,農牧用地,1060628,土地1建物0車位0,,,其他,,,,0.0,0,0,0,有,無,718300,1512,,0.0,0,賣清買方負擔全部稅規費,RPPNMLQKQHMFFAX57CA,0.0,0.0,0.0,,
西嶼鄉,土地,橫礁段484地號,337.0,,一般農業區,農牧用地,1060801,土地2建物0車位0,,,其他,,,,0.0,0,0,0,有,無,550000,1632,,0.0,0,,RPQNMLKMQHMFFAX27CA,0.0,0.0,0.0,,
西嶼鄉,土地,小池角段3841-1地號,167.4,,一般農業區,農牧用地,1060720,土地4建物0車位0,,,其他,,,,0.0,0,0,0,有,無,1278000,7634,,0.0,0,親友、員工或其他特殊關係間之交易。,RPQNMLSLQHMFFAX97CA,0.0,0.0,0.0,,
馬公市,房地(土地+建物),澎湖縣馬公市光明路２２之１號,53.0,商,,,1060712,土地2建物1車位0,全,三層,透天厝,住商用,鋼筋混凝土加強磚造,0580519,116.4,2,2,3,有,無,16000000,,,0.0,0,,RPSNMLRKQHMFFAX97CA,116.4,0.0,0.0,,
馬公市,房地(土地+建物),澎湖縣馬公市石泉１３２號,102.13,,一般農業區,甲種建築用地,1060727,土地1建物1車位0,全,三層,透天厝,住家用,鋼筋混凝土造,0890517,204.07,4,2,3,有,無,6700000,32832,,0.0,0,,RPQNMLLLQHMFFAX27CA,193.72,10.35,0.0,,
湖西鄉,土地,湖東新段835地號,1203.07,,一般農業區,農牧用地,1060802,土地1建物0車位0,,,其他,,,,0.0,0,0,0,有,無,2900000,2410,,0.0,0,,RPRNMLLLQHMFFAX37CA,0.0,0.0,0.0,,
湖西鄉,土地,城北段909地號,835.44,,一般農業區,農牧用地,1060808,土地1建物0車位0,,,其他,,,,0.0,0,0,0,有,無,7076000,8470,,0.0,0,,RPSNMLLLQHMFFAX47CA,0.0,0.0,0.0,,
馬公市,土地,興仁段1412地號,1303.31,,一般農業區,農牧用地,1051231,土地1建物0車位0,,,其他,,,,0.0,0,0,0,有,無,3950000,3031,,0.0,0,,RPPNMLRJRHMFFAX67CA,0.0,0.0,0.0,,
湖西鄉,土地,龍門南段335地號,133.65,,鄉村區,乙種建築用地,1060726,土地1建物0車位0,,,其他,,,,0.0,0,0,0,有,無,660000,4938,,0.0,0,親友、員工或其他特殊關係間之交易。,RPPNMLMLQHMFFAX37DA,0.0,0.0,0.0,,
湖西鄉,土地,隘門新段136地號,116.06,,一般農業區,農牧用地,1060807,土地1建物0車位0,,,其他,,,,0.0,0,0,0,有,無,850800,7331,,0.0,0,向政府機關承購之案件。,RPQNMLMLQHMFFAX47DA,0.0,0.0,0.0,,
馬公市,土地,五福段543地號,1998.95,,一般農業區,農牧用地,1060808,土地1建物0車位0,,,其他,,,,0.0,0,0,0,有,無,25000000,12507,,0.0,0,共有人2人。賣方賣清價。,RPPNMLNJRHMFFAX27CA,0.0,0.0,0.0,,
馬公市,房地(土地+建物),澎湖縣馬公市貿商街120號九樓之2,28.45,住,,,1060816,土地2建物1車位0,九層,十層,華廈(10層含以下有電梯),集合住宅,鋼筋混凝土造,0950710,174.82,3,1,2,有,有,3200000,18305,,0.0,0,親友、員工或其他特殊關係間之交易。,RPPNMLKMQHMFFAX27DA,96.28,0.0,9.92,,
白沙鄉,土地,小赤段10地號,896.38,,一般農業區,農牧用地,1060807,土地1建物0車位0,,,其他,,,,0.0,0,0,0,有,無,3380000,3771,,0.0,0,,RPQNMLLJRHMFFAX27DA,0.0,0.0,0.0,,
馬公市,房地(土地+建物),澎湖縣馬公市後窟潭１３８之２號,36.69,住,,,1060723,土地1建物1車位0,五層，六層,七層,華廈(10層含以下有電梯),住家用,鋼筋混凝土造,0810918,133.82999999999998,4,2,3,有,無,4800000,35866,,0.0,0,,RPVNMLSJRHMFFAX38CA,112.24,0.0,0.0,,
馬公市,房地(土地+建物),澎湖縣馬公市光復路５巷１０號五樓之二,22.0,商,,,1060711,土地1建物1車位0,三層，騎樓,五層,公寓(5樓含以下無電梯),住家用,鋼筋混凝土加強磚造,0661111,85.19,3,1,1,有,無,3050000,35802,,0.0,0,,RPPNMLNLQHMFFAX37CA,85.19,0.0,0.0,,
馬公市,土地,文東段1370地號,128.55,,一般農業區,農牧用地,1060814,土地1建物0車位0,,,其他,,,,0.0,0,0,0,有,無,465600,3622,,0.0,0,,RPPNMLLJRHMFFAX17DA,0.0,0.0,0.0,,
馬公市,房地(土地+建物),澎湖縣馬公市大賢街１５６號四樓,52.12,住,,,1060809,土地1建物1車位0,四層,五層,公寓(5樓含以下無電梯),集合住宅,鋼筋混凝土造,0840119,118.83,3,2,3,有,無,2860000,24068,,0.0,0,,RPQPMLOKNHOFFAX57CA,97.68,12.74,0.0,,
馬公市,土地,光榮段153地號,677.52,其他,,,1060801,土地1建物0車位0,,,其他,,,,0.0,0,0,0,有,無,14600000,21549,,0.0,0,,RPVNMLPKNHOFFAX97CA,0.0,0.0,0.0,,
白沙鄉,土地,中屯新段538地號,870.45,,一般農業區,農牧用地,1060821,土地2建物0車位0,,,其他,,,,0.0,0,0,0,有,無,4800000,5514,,0.0,0,,RPPNMLTLQHMFFAX08DA,0.0,0.0,0.0,,
白沙鄉,土地,鎮海新段1004地號,271.28,,風景區,農牧用地,1060821,土地2建物0車位0,,,其他,,,,0.0,0,0,0,有,無,379792,1400,,0.0,0,親友、員工或其他特殊關係間之交易。買方共有人有三人-賣方價格賣清,RPSNMLTLQHMFFAX38DA,0.0,0.0,0.0,,
馬公市,土地,馬公段694-7地號,3.5,商,,,1060810,土地1建物0車位0,,,其他,,,,0.0,0,0,0,有,無,357700,102200,,0.0,0,向政府機關承購之案件。,RPRNMLPLQHMFFAX97EA,0.0,0.0,0.0,,
馬公市,土地,光榮段370地號,23.7,其他,,,1060821,土地1建物0車位0,,,其他,,,,0.0,0,0,0,有,無,1040000,43882,,0.0,0,包含公共設施保留地之交易。,RPSNMLSLQHMFFAX38EA,0.0,0.0,0.0,,
馬公市,土地,北極段783地號,100.21,商,,,1060728,土地1建物0車位0,,,其他,,,,0.0,0,0,0,有,無,1515000,15118,,0.0,0,,RPRNMLSLQHMFFAX08CA,0.0,0.0,0.0,,
湖西鄉,土地,青螺新段1120地號,291.02,,一般農業區,農牧用地,1060817,土地1建物0車位0,,,其他,,,,0.0,0,0,0,有,無,1630000,5601,,0.0,0,,RPRNMLLJRHMFFAX27CA,0.0,0.0,0.0,,
馬公市,房地(土地+建物),澎湖縣馬公市鎖管港２００３號,69.8,住,,,1060818,土地1建物1車位0,全,二層,透天厝,住家用,鋼筋混凝土加強磚造,0721123,94.39,2,1,1,有,無,660840,7001,,0.0,0,親友、員工或其他特殊關係間之交易。,RPRNMLMKRHMFFAX47CA,94.39,0.0,0.0,,
馬公市,土地,國宅段27地號,455.6,,一般農業區,農牧用地,1060821,土地2建物0車位0,,,其他,,,,0.0,0,0,0,有,無,4685880,10285,,0.0,0,,RPTNMLTLQHMFFAX48DA,0.0,0.0,0.0,,
馬公市,房地(土地+建物)+車位,澎湖縣馬公市文山路２７巷８號十樓之２,22.07,住,,,1060816,土地1建物1車位1,十層,十層,華廈(10層含以下有電梯),集合住宅,鋼筋混凝土造,1060328,117.13,2,2,1,有,無,5880000,55206,坡道平面,23.3,700000,,RPVNMLTLQHMFFAX68DA,56.72,9.41,0.0,,
馬公市,土地,馬公段694-6地號,3.5,商,,,1060803,土地1建物0車位0,,,其他,,,,0.0,0,0,0,有,無,357700,102200,,0.0,0,出售機關:澎湖縣政府,RPRNMLQJRHMFFAX77CA,0.0,0.0,0.0,,
湖西鄉,土地,林投南段445地號,189.92,,鄉村區,乙種建築用地,1060815,土地1建物0車位0,,,其他,,,,0.0,0,0,0,有,無,2360000,12426,,0.0,0,含未登記建物。,RPRNMLNKRHMFFAX57CA,0.0,0.0,0.0,,
馬公市,房地(土地+建物)+車位,澎湖縣馬公市文山路２７巷８之3號9樓,26.2,住,,,1060803,土地1建物1車位1,九層,十層,華廈(10層含以下有電梯),集合住宅,鋼筋混凝土造,1060328,134.21,3,2,2,有,無,6580000,53918,坡道平面,23.3,600000,土地及建物分次登記案件，前案土地登記收件字號:034350 含土地款197萬4千、土地車位款18萬 ，此案為合建分售案,RPXNMLTLQHMFFAX78CA,70.15,9.35,0.0,,
馬公市,車位,澎湖縣馬公市文山路２７巷８之1號,0.0,,,,1060803,土地0建物0車位1,,,其他,,,,0.0,0,0,0,有,無,0,,坡道平面,23.3,0,因661建號原有9個車位，售出1個車位，所以必須重新出狀，以至於出現標的二,SPXNMLTLQHMFFAX88CA,0.0,0.0,0.0,,
馬公市,土地,四維段373-2地號,599.31,農,,,1060823,土地1建物0車位0,,,其他,,,,0.0,0,0,0,有,無,8000000,13349,,0.0,0,,RPQNMLQJRHMFFAX77DA,0.0,0.0,0.0,,
湖西鄉,土地,成功北段424地號,93.9,,鄉村區,乙種建築用地,1060818,土地2建物0車位0,,,其他,,,,0.0,0,0,0,有,無,265000,2822,,0.0,0,,RPRNMLOJRHMFFAX57CA,0.0,0.0,0.0,,
馬公市,土地,中衛段1111地號,330.27,,一般農業區,農牧用地,1060823,土地1建物0車位0,,,其他,,,,0.0,0,0,0,有,無,2850000,8629,,0.0,0,,RPSNMLQJRHMFFAX87CA,0.0,0.0,0.0,,
馬公市,土地,山水東段424地號,1551.46,,一般農業區,農牧用地,1060808,土地1建物0車位0,,,其他,,,,0.0,0,0,0,有,無,7400000,4770,,0.0,0,,RPTNMLQJRHMFFAX97CA,0.0,0.0,0.0,,
馬公市,土地,光榮段286地號,1714.68,其他,,,1060807,土地1建物0車位0,,,其他,,,,0.0,0,0,0,有,無,50925996,29700,,0.0,0,,RPPNMLQJRHMFFAX57CA,0.0,0.0,0.0,,
馬公市,土地,烏崁新段1092-1地號,44.2,,鄉村區,交通用地,1060821,土地1建物0車位0,,,其他,,,,0.0,0,0,0,有,無,618358,13990,,0.0,0,向政府機關承購之案件。,RPPNMLQLRHMFFAX97EA,0.0,0.0,0.0,,
湖西鄉,土地,許家段629-3地號,87.81,,一般農業區,交通用地,1060825,土地3建物0車位0,,,其他,,,,0.0,0,0,0,有,無,743662,8469,,0.0,0,澎12號線鄉道使用，專案協議價購。,RPSNMLNKRHMFFAX67CA,0.0,0.0,0.0,,
馬公市,土地,興仁段836-5地號,246.44,,一般農業區,甲種建築用地,1060822,土地2建物0車位0,,,其他,,,,0.0,0,0,0,有,無,3000000,12173,,0.0,0,農變建專案核准變更起造人,RPPNMLRKRHMFFAX77CA,0.0,0.0,0.0,,
馬公市,土地,烏崁新段660地號,980.23,,風景區,農牧用地,1060823,土地1建物0車位0,,,其他,,,,0.0,0,0,0,有,無,2965000,3025,,0.0,0,,RPRNMLPJRHMFFAX67CA,0.0,0.0,0.0,,
馬公市,土地,五德西段431地號,112.45,,鄉村區,乙種建築用地,1060821,土地1建物0車位0,,,其他,,,,0.0,0,0,0,有,無,1100000,9782,,0.0,0,,RPRNMLOKRHMFFAX67CA,0.0,0.0,0.0,,
馬公市,土地,文東段231-3地號,5.2,,鄉村區,乙種建築用地,1060815,土地1建物0車位0,,,其他,,,,0.0,0,0,0,有,無,86684,16670,,0.0,0,國產署公地讓售；共有人共2人,RPSNMLQJRHMFFAX08EA,0.0,0.0,0.0,,
白沙鄉,土地,通梁東段4地號,1159.62,,風景區,農牧用地,1060810,土地1建物0車位0,,,其他,,,,0.0,0,0,0,有,無,8500000,7330,,0.0,0,,RPQNMLRJRHMFFAX77CA,0.0,0.0,0.0,,
馬公市,土地,山水東段423-1地號,1751.71,,一般農業區,農牧用地,1060815,土地1建物0車位0,,,其他,,,,0.0,0,0,0,有,無,9540000,5446,,0.0,0,,RPPNMLSJRHMFFAX77CA,0.0,0.0,0.0,,
馬公市,房地(土地+建物),澎湖縣馬公市朝陽路７３號二樓之一,26.64,住,,,1060828,土地4建物1車位0,二層,七層,華廈(10層含以下有電梯),住家用,鋼筋混凝土造,0830509,150.95,2,2,2,有,有,4600000,30474,,0.0,0,,RPQNMLSJRHMFFAX87CA,105.35,8.5,0.0,,
湖西鄉,土地,城北段1095地號,3155.54,,一般農業區,農牧用地,1060821,土地1建物0車位0,,,其他,,,,0.0,0,0,0,有,無,91554600,29014,,0.0,0,農變建起造人變更，另含未來興建成本共計9155.46萬 權利人共11人,RPSNMLMKRHMFFAX57CA,0.0,0.0,0.0,,
湖西鄉,土地,隘門新段290地號,81.3,,風景區,農牧用地,1060829,土地1建物0車位0,,,其他,,,,0.0,0,0,0,有,無,350000,4305,,0.0,0,特殊買賣，共有人間互相買賣,RPPNMLTJRHMFFAX87CA,0.0,0.0,0.0,,
馬公市,房地(土地+建物),澎湖縣馬公市文昌街２巷３號,64.19,住,,,1060821,土地1建物1車位0,全,二層,透天厝,住家用,鋼筋混凝土加強磚造,0670828,79.38,2,2,2,有,無,5000000,62988,,0.0,0,親友、員工或其他特殊關係間之交易。,RPQNMLMKRHMFFAX37CA,79.38,0.0,0.0,,
馬公市,土地,馬公段2666-55地號,98.0,商,,,1060831,土地1建物0車位0,,,其他,,,,0.0,0,0,0,有,無,11850000,120918,,0.0,0,,RPRNMLSJRHMFFAX97CA,0.0,0.0,0.0,,
馬公市,土地,光榮段370地號,213.28,其他,,,1060901,土地1建物0車位0,,,其他,,,,0.0,0,0,0,有,無,4452020,20874,,0.0,0,包含公共設施保留地之交易。,RPTNMLMKRHMFFAX87EA,0.0,0.0,0.0,,
馬公市,土地,光華段258地號,934.77,,一般農業區,農牧用地,1060821,土地1建物0車位0,,,其他,,,,0.0,0,0,0,有,無,1360000,1455,,0.0,0,,RPPNMLMKRHMFFAX37DA,0.0,0.0,0.0,,
馬公市,房地(土地+建物)+車位,澎湖縣馬公市貿商街127號11樓-1,27.04,住,,,1060823,土地1建物1車位1,十一層,十二層,住宅大樓(11層含以上有電梯),集合住宅,鋼筋混凝土造,0950629,180.67000000000002,3,1,2,有,有,5548000,30708,坡道平面,0.0,0,,RPPNMLMJIIMFFAX09DA,97.49,0.0,10.98,,
馬公市,房地(土地+建物)+車位,澎湖縣馬公市三多路４１１號八樓之五,15.52,商,,,1060812,土地1建物1車位1,八層,十層,華廈(10層含以下有電梯),住家用,鋼筋混凝土造,0850308,136.77,3,2,2,有,無,4750000,34730,坡道平面,0.0,0,,RPVOMLOKNHOFFAX97CA,96.44,10.79,0.0,,
湖西鄉,土地,青螺新段1343地號,385.05,,一般農業區,農牧用地,1060829,土地1建物0車位0,,,其他,,,,0.0,0,0,0,有,無,3100000,8051,,0.0,0,,RPUNMLMKRHMFFAX77CA,0.0,0.0,0.0,,
湖西鄉,土地,龍門南段182地號,129.62,,一般農業區,農牧用地,1060828,土地1建物0車位0,,,其他,,,,0.0,0,0,0,有,無,627336,4840,,0.0,0,,RPPNMLNKRHMFFAX37CA,0.0,0.0,0.0,,
馬公市,土地,四維段374地號,346.09,農,,,1060830,土地1建物0車位0,,,其他,,,,0.0,0,0,0,有,無,4396980,12705,,0.0,0,,RPPNMLSKRHMFFAX87CA,0.0,0.0,0.0,,
湖西鄉,土地,紅羅段2703地號,428.84,,一般農業區,農牧用地,1060822,土地5建物0車位0,,,其他,,,,0.0,0,0,0,有,無,150000,350,,0.0,0,,RPPNMLOKRHMFFAX47CA,0.0,0.0,0.0,,
湖西鄉,土地,許家段481地號,247.28,,一般農業區,農牧用地,1060906,土地1建物0車位0,,,其他,,,,0.0,0,0,0,有,無,1556000,6292,,0.0,0,,RPQNMLOKRHMFFAX57CA,0.0,0.0,0.0,,
湖西鄉,土地,龍門段460地號,752.15,,一般農業區,農牧用地,1060605,土地1建物0車位0,,,其他,,,,0.0,0,0,0,有,無,879000,1169,,0.0,0,,RPPNMLMKIIMFFAX09CA,0.0,0.0,0.0,,
馬公市,房地(土地+建物),澎湖縣馬公市文光路８５號四樓之一,10.84,其他,,,1060728,土地10建物1車位0,四層,十層,華廈(10層含以下有電梯),住家用,鋼筋混凝土造,0870723,111.99,2,1,2,有,有,4050000,36164,,0.0,0,,RPPPMLOKNHOFFAX47CA,77.78,12.54,0.0,,
湖西鄉,土地,中西段282地號,307.33,,一般農業區,農牧用地,1060904,土地1建物0車位0,,,其他,,,,0.0,0,0,0,有,無,645000,2099,,0.0,0,,RPPNMLPKRHMFFAX57CA,0.0,0.0,0.0,,
馬公市,土地,四維段587-4地號,222.32,,一般農業區,甲種建築用地,1060817,土地2建物0車位0,,,其他,,,,0.0,0,0,0,有,無,5364000,24127,,0.0,0,農變建變更起造人,RPTNMLRLRHMFFAX28CA,0.0,0.0,0.0,,
湖西鄉,房地(土地+建物),澎湖縣湖西鄉湖西村150-6號,288.6,,鄉村區,乙種建築用地,1060828,土地1建物1車位0,全,二層,透天厝,住家用,加強磚造,0881216,261.52,5,1,3,有,無,4400000,16825,,0.0,0,親友、員工或其他特殊關係間之交易。,RPSNMLQLRHMFFAX18DA,261.52,0.0,0.0,,
七美鄉,土地,七美二段305地號,52.51,,一般農業區,農牧用地,1060828,土地1建物0車位0,,,其他,,,,0.0,0,0,0,有,無,63000,1200,,0.0,0,,RPPNMLMLRHMFFAX57EA,0.0,0.0,0.0,,
馬公市,土地,五福段120地號,1448.21,,一般農業區,甲種建築用地,1060905,土地1建物0車位0,,,其他,,,,0.0,0,0,0,有,無,37060888,25591,,0.0,0,共有人6人。農變建專案核准案件。總價內另含交通用地4.62平方公尺,RPQNMLTLIIOFFAX57CA,0.0,0.0,0.0,,
湖西鄉,土地,龍門北段675地號,35.76,,鄉村區,乙種建築用地,1060911,土地1建物0車位0,,,其他,,,,0.0,0,0,0,有,無,200000,5593,,0.0,0,,RPTNMLLLRHMFFAX77DA,0.0,0.0,0.0,,
馬公市,土地,文石段1362地號,1421.46,,一般農業區,農牧用地,1060901,土地2建物0車位0,,,其他,,,,0.0,0,0,0,有,無,64580000,45432,,0.0,0,權利人共六人含未來興建房屋價款,RPRNMLNKIIMFFAX76CA,0.0,0.0,0.0,,
馬公市,土地,中衛段1196地號,1450.01,,一般農業區,農牧用地,1060904,土地1建物0車位0,,,其他,,,,0.0,0,0,0,有,無,5960000,4110,,0.0,0,,RPPNMLTKRHMFFAX97CA,0.0,0.0,0.0,,
湖西鄉,土地,湖西南段1032地號,1583.43,,一般農業區,農牧用地,1060912,土地1建物0車位0,,,其他,,,,0.0,0,0,0,有,無,4000000,2526,,0.0,0,,RPRNMLKLRHMFFAX37CA,0.0,0.0,0.0,,
馬公市,土地,光榮段144地號,192.4,其他,,,1060906,土地1建物0車位0,,,其他,,,,0.0,0,0,0,有,無,5800000,30146,,0.0,0,公共設施保留地之交易。,RPSNMLKLRHMFFAX47CA,0.0,0.0,0.0,,
馬公市,土地,文寮段1345地號,38.98,,鄉村區,乙種建築用地,1060830,土地1建物0車位0,,,其他,,,,0.0,0,0,0,有,無,758941,19470,,0.0,0,向政府機關承購之案件。,RPUNMLKLRHMFFAX67CA,0.0,0.0,0.0,,
馬公市,房地(土地+建物),澎湖縣馬公市民裕街３５號,122.0,住,,,1060825,土地1建物1車位0,全,三層,透天厝,住家用,鋼筋混凝土造,1060523,257.87,5,2,6,有,無,15000000,58169,,0.0,0,權利人共二人,RPQNMLLLRHMFFAX37CA,245.95,11.92,0.0,,
白沙鄉,土地,吉貝東段971地號,58.9,,一般農業區,農牧用地,1060728,土地1建物0車位0,,,其他,,,,0.0,0,0,0,有,無,142000,2411,,0.0,0,,RPQNMLPLRHMFFAX77CA,0.0,0.0,0.0,,
湖西鄉,土地,林投南段1234地號,1269.42,農,,,1060905,土地1建物0車位0,,,其他,,,,0.0,0,0,0,有,無,10000000,7878,,0.0,0,,RPRNMLLLRHMFFAX47CA,0.0,0.0,0.0,,
湖西鄉,房地(土地+建物),澎湖縣湖西鄉林投１之９號,109.62,農,,,1060905,土地1建物1車位0,全,一層,透天厝,商業用,空心磚造,0750130,30.38,1,1,1,有,無,4600000,151415,,0.0,0,,RPSNMLLLRHMFFAX57CA,30.38,0.0,0.0,,
馬公市,房地(土地+建物),澎湖縣馬公市?頭掛１２４號,141.84,,鄉村區,乙種建築用地,1060825,土地1建物1車位0,全,一層,透天厝,住家用,鋼筋混凝土加強磚造,0820827,98.93,3,2,1,有,無,2200000,22238,,0.0,0,,RPQNMLKLRHMFFAX27CA,93.69,0.0,5.24,,
馬公市,土地,文石段388地號,515.67,,鄉村區,乙種建築用地,1060825,土地2建物0車位0,,,其他,,,,0.0,0,0,0,有,無,5500000,10666,,0.0,0,含未登記建物。親友關係間之交易。,RPPNMLPLRHMFFAX67CA,0.0,0.0,0.0,,
馬公市,土地,五福段545-1地號,435.6,,一般農業區,農牧用地,1060913,土地1建物0車位0,,,其他,,,,0.0,0,0,0,有,無,5534000,12704,,0.0,0,共有人2人賣方賣清價,RPUNMLRLRHMFFAX38CA,0.0,0.0,0.0,,
西嶼鄉,土地,二崁南段1047地號,451.8,,一般農業區,農牧用地,1060914,土地1建物0車位0,,,其他,,,,0.0,0,0,0,有,無,956000,2116,,0.0,0,,RPRNMLPLRHMFFAX97DA,0.0,0.0,0.0,,
馬公市,土地,井垵西段795-3地號,33.33,,一般農業區,交通用地,1060828,土地1建物0車位0,,,其他,,,,0.0,0,0,0,有,無,232310,6970,,0.0,0,向政府機關承購之案件。,RPRNMLRLRHMFFAX28EA,0.0,0.0,0.0,,
馬公市,土地,海堤段1165地號,139.1,住,,,1060822,土地1建物0車位0,,,其他,,,,0.0,0,0,0,有,無,3000475,21571,,0.0,0,兄弟間買賣,RPPNMLTLRHMFFAX08CA,0.0,0.0,0.0,,
望安鄉,土地,水垵段1656地號,451.38,,一般農業區,農牧用地,1060806,土地9建物0車位0,,,其他,,,,0.0,0,0,0,有,無,422341,936,,0.0,0,親友、員工或其他特殊關係間之交易。,RPQNMLKMRHMFFAX37CA,0.0,0.0,0.0,,
馬公市,土地,山水西段508-4地號,279.06,,一般農業區,農牧用地,1060913,土地2建物0車位0,,,其他,,,,0.0,0,0,0,有,無,3500000,12542,,0.0,0,,RPSNMLRLRHMFFAX18CA,0.0,0.0,0.0,,
馬公市,土地,光榮段344-1地號,695.81,其他,,,1060906,土地6建物0車位0,,,其他,,,,0.0,0,0,0,有,無,20665000,29699,,0.0,0,,RPRNMLQLRHMFFAX97CA,0.0,0.0,0.0,,
馬公市,土地,中衛段1109地號,255.01,,一般農業區,農牧用地,1060825,土地1建物0車位0,,,其他,,,,0.0,0,0,0,有,無,2200000,8627,,0.0,0,,RPPNMLRLRHMFFAX87CA,0.0,0.0,0.0,,
湖西鄉,土地,沙港東段272地號,556.2,,一般農業區,農牧用地,1060916,土地3建物0車位0,,,其他,,,,0.0,0,0,0,有,無,2350000,4225,,0.0,0,,RPQNMLRLRHMFFAX97CA,0.0,0.0,0.0,,
馬公市,土地,五福段116-4地號,294.61,,一般農業區,甲種建築用地,1060901,土地2建物0車位0,,,其他,,,,0.0,0,0,0,有,無,16800000,57025,,0.0,0,農變建之起造人變更含未來興建房屋價款,RPPNMLRKIIMFFAX96CA,0.0,0.0,0.0,,
馬公市,土地,雙湖段535地號,1164.99,,一般農業區,農牧用地,1060831,土地1建物0車位0,,,其他,,,,0.0,0,0,0,有,無,5990000,5142,,0.0,0,,RPWNMLRLRHMFFAX58CA,0.0,0.0,0.0,,
馬公市,土地,五德西段277-3地號,428.17,,一般農業區,甲種建築用地,1060912,土地2建物0車位0,,,其他,,,,0.0,0,0,0,有,無,1400000,3270,,0.0,0,親友、員工或其他特殊關係間之交易。,RPXNMLRLRHMFFAX68CA,0.0,0.0,0.0,,
馬公市,房地(土地+建物),澎湖縣馬公市文山路１９８巷２號,75.0,住,,,1060906,土地1建物1車位0,全,二層,透天厝,住家用,鋼筋混凝土加強磚造,0760709,123.39,3,1,2,有,無,4260000,34525,,0.0,0,,RPPNMLSLRHMFFAX97CA,123.39,0.0,0.0,,
馬公市,土地,文寮段1345-1地號,42.41,,鄉村區,乙種建築用地,1060908,土地1建物0車位0,,,其他,,,,0.0,0,0,0,有,無,825723,19470,,0.0,0,向政府機關承購之案件。,RPVNMLQJIIMFFAX57EA,0.0,0.0,0.0,,
西嶼鄉,土地,外垵一段347地號,76.35,,一般農業區,農牧用地,1060920,土地1建物0車位0,,,其他,,,,0.0,0,0,0,有,無,300000,3929,,0.0,0,,RPPNMLKMRHMFFAX47EA,0.0,0.0,0.0,,
湖西鄉,土地,湖西南段1645-2地號,236.84,,鄉村區,乙種建築用地,1060918,土地1建物0車位0,,,其他,,,,0.0,0,0,0,有,無,1289500,5445,,0.0,0,,RPSNMLKMRHMFFAX67DA,0.0,0.0,0.0,,
望安鄉,土地,將軍澳段573-2地號,218.0,,鄉村區,乙種建築用地,1060913,土地1建物0車位0,,,其他,,,,0.0,0,0,0,有,無,650000,2982,,0.0,0,,RPTNMLKMRHMFFAX77DA,0.0,0.0,0.0,,
西嶼鄉,房地(土地+建物),澎湖縣西嶼鄉竹篙灣１０２號,286.48,,鄉村區,乙種建築用地,1060427,土地1建物1車位0,全,一層,透天厝,住家用,造,0080101,113.16,2,1,1,有,無,1300050,11489,,0.0,0,逾期未辦理繼承標售,RPPNMLQLIIMFFAX17EA,113.16,0.0,0.0,,
西嶼鄉,土地,大池段1207地號,1545.91,,一般農業區,農牧用地,1060908,土地1建物0車位0,,,其他,,,,0.0,0,0,0,有,無,7400000,4787,,0.0,0,,RPQNMLTLRHMFFAX18CA,0.0,0.0,0.0,,
馬公市,土地,五德東段580地號,790.94,,一般農業區,農牧用地,1060811,土地3建物0車位0,,,其他,,,,0.0,0,0,0,有,無,5100000,6448,,0.0,0,,RPRNMLTLRHMFFAX28CA,0.0,0.0,0.0,,
馬公市,房地(土地+建物),澎湖縣馬公市三民路３９號,34.0,商,,,1060920,土地3建物1車位0,全,三層,透天厝,住商用,鋼筋混凝土造,0671003,191.67,5,2,3,有,無,16800000,87651,,0.0,0,,RPRNMLKMRHMFFAX47CA,191.67,0.0,0.0,,
馬公市,土地,五福段116-4地號,251.5,,一般農業區,甲種建築用地,1060901,土地2建物0車位0,,,其他,,,,0.0,0,0,0,有,無,13800000,54871,,0.0,0,農變建之起造人變更含未來興建房屋價款,RPQNMLRKIIMFFAX07CA,0.0,0.0,0.0,,
馬公市,房地(土地+建物),澎湖縣馬公市新村路４７號,13.53,住,,,1060914,土地1建物1車位0,一層，二層，騎樓,五層,公寓(5樓含以下無電梯),集合住宅,鋼筋混凝土造,0730629,38.02,2,2,2,有,無,3300000,86796,,0.0,0,親友、員工或其他特殊關係間之交易。,SPQNMLNKIIMFFAX76CA,38.03,0.0,0.0,,
馬公市,土地,烏崁新段399-1地號,343.21,,一般農業區,特定目的事業用地,1060919,土地10建物0車位0,,,其他,,,,0.0,0,0,0,有,無,1132593,3300,,0.0,0,協議價購之交易。,RPXNMLLKIIMFFAX17CA,0.0,0.0,0.0,,
馬公市,土地,烏崁新段41-1地號,40.59,,一般農業區,特定目的事業用地,1060919,土地1建物0車位0,,,其他,,,,0.0,0,0,0,有,無,154242,3800,,0.0,0,協議價購之交易。,RPOOMLLKIIMFFAX98CA,0.0,0.0,0.0,,
馬公市,土地,烏崁新段89-1地號,42.24,,一般農業區,特定目的事業用地,1060919,土地2建物0車位0,,,其他,,,,0.0,0,0,0,有,無,139392,3300,,0.0,0,協議價購之交易。,RPPOMLLKIIMFFAX09CA,0.0,0.0,0.0,,
馬公市,土地,烏崁新段103-1地號,140.06,,一般農業區,特定目的事業用地,1060919,土地2建物0車位0,,,其他,,,,0.0,0,0,0,有,無,462198,3300,,0.0,0,協議價購之交易。,RPQOMLLKIIMFFAX56CA,0.0,0.0,0.0,,
馬公市,土地,烏崁新段1874-2地號,106.74,,一般農業區,特定目的事業用地,1060919,土地3建物0車位0,,,其他,,,,0.0,0,0,0,有,無,352242,3300,,0.0,0,協議價購之交易。,RPROMLLKIIMFFAX66CA,0.0,0.0,0.0,,
馬公市,房地(土地+建物),澎湖縣馬公市西衛２６１之７號,312.86,,一般農業區,甲種建築用地,1060921,土地2建物1車位0,全,三層,透天厝,住家用,鋼筋混凝土造,1040505,324.4,6,2,7,有,無,11800000,36375,,0.0,0,,RPQNMLNJIIMFFAX56CA,302.97,21.43,0.0,,
馬公市,房地(土地+建物),澎湖縣馬公市北辰街１７巷３之１號,38.27,住,,,1060721,土地1建物1車位0,二層,五層,公寓(5樓含以下無電梯),集合住宅,鋼筋混凝土造,0730629,87.34,3,1,2,有,有,2800000,32059,,0.0,0,,SPRNMLNJIIMFFAX76CA,87.34,0.0,0.0,,
馬公市,土地,鎖港西段990地號,786.82,,一般農業區,農牧用地,1060610,土地1建物0車位0,,,其他,,,,0.0,0,0,0,有,無,5600000,7117,,0.0,0,,RPQNMLLKIIMFFAX09CA,0.0,0.0,0.0,,
湖西鄉,土地,葉新段2555地號,1857.81,,一般農業區,農牧用地,1060925,土地1建物0車位0,,,其他,,,,0.0,0,0,0,有,無,4500000,2422,,0.0,0,,RPSNMLLKIIMFFAX66CA,0.0,0.0,0.0,,
馬公市,土地,海堤段845-3地號,47.21,住,,,1060906,土地2建物0車位0,,,其他,,,,0.0,0,0,0,有,無,676519,14330,,0.0,0,向政府機關承購之案件。,RPQNMLQJIIMFFAX96DA,0.0,0.0,0.0,,
馬公市,土地,四維段1214地號,320.02,,一般農業區,農牧用地,1060925,土地1建物0車位0,,,其他,,,,0.0,0,0,0,有,無,1450000,4531,,0.0,0,,RPTNMLLKIIMFFAX76CA,0.0,0.0,0.0,,
馬公市,土地,中山段462地號,171.36,住,,,1060829,土地1建物0車位0,,,其他,,,,0.0,0,0,0,有,無,6100000,35598,,0.0,0,,RPTNMLNJIIMFFAX86CA,0.0,0.0,0.0,,
湖西鄉,土地,城北段1100地號,2814.58,,一般農業區,農牧用地,1060815,土地2建物0車位0,,,其他,,,,0.0,0,0,0,有,無,17000000,6040,,0.0,0,,RPUNMLPJIIMFFAX17CA,0.0,0.0,0.0,,
馬公市,土地,烏崁新段386-1地號,136.44,,一般農業區,特定目的事業用地,1060919,土地2建物0車位0,,,其他,,,,0.0,0,0,0,有,無,450252,3300,,0.0,0,協議價購之交易。,RPSOMLLKIIMFFAX76CA,0.0,0.0,0.0,,
馬公市,土地,烏崁新段345-1地號,20.62,,一般農業區,特定目的事業用地,1060919,土地1建物0車位0,,,其他,,,,0.0,0,0,0,有,無,68046,3300,,0.0,0,協議價購之交易。,RPTOMLLKIIMFFAX86CA,0.0,0.0,0.0,,
馬公市,土地,烏崁新段422-1地號,64.17,,一般農業區,特定目的事業用地,1060919,土地2建物0車位0,,,其他,,,,0.0,0,0,0,有,無,211761,3300,,0.0,0,協議價購之交易。,RPUOMLLKIIMFFAX96CA,0.0,0.0,0.0,,
湖西鄉,土地,許家段30地號,1366.88,,一般農業區,農牧用地,1060915,土地1建物0車位0,,,其他,,,,0.0,0,0,0,有,無,4956000,3626,,0.0,0,,RPRNMLRKIIMFFAX17CA,0.0,0.0,0.0,,
湖西鄉,房地(土地+建物),澎湖縣湖西鄉鼎灣９之１號,124.2,,鄉村區,乙種建築用地,1060814,土地1建物1車位0,全,三層,透天厝,住家用,鋼筋混凝土造,0940801,192.09,5,2,4,有,無,4500000,23427,,0.0,0,,RPVNMLPJIIMFFAX27CA,182.19,9.9,0.0,,
西嶼鄉,土地,池西段1270地號,1882.53,,一般農業區,農牧用地,1060922,土地1建物0車位0,,,其他,,,,0.0,0,0,0,有,無,3132000,1664,,0.0,0,,RPUNMLLKIIMFFAX86CA,0.0,0.0,0.0,,
馬公市,土地,六合段645-1地號,609.38,農,,,1060915,土地2建物0車位0,,,其他,,,,0.0,0,0,0,有,無,12000000,19692,,0.0,0,都內土地1080萬元都外土地120萬元,RPPNMLTKIIMFFAX17CA,0.0,0.0,0.0,,
馬公市,房地(土地+建物),澎湖縣馬公市鎖管港１１號,247.37,住,,,1060906,土地1建物1車位0,全,二層,透天厝,住家用,鋼筋混凝土加強磚造,0810630,194.1,5,2,4,有,無,2000000,10304,,0.0,0,親友、員工或其他特殊關係間之交易。,RPPNMLQJIIMFFAX96EA,194.1,0.0,0.0,,
馬公市,土地,文寮段1381-3地號,41.71,,鄉村區,乙種建築用地,1060908,土地4建物0車位0,,,其他,,,,0.0,0,0,0,有,無,940143,22540,,0.0,0,向政府機關承購之案件。,RPWNMLQJIIMFFAX67EA,0.0,0.0,0.0,,
馬公市,土地,風櫃西段1097地號,70.47,,鄉村區,乙種建築用地,1060927,土地1建物0車位0,,,其他,,,,0.0,0,0,0,有,無,340000,4825,,0.0,0,含土地增值稅85530元,RPUNMLQJIIMFFAX37DA,0.0,0.0,0.0,,
馬公市,房地(土地+建物),澎湖縣馬公市中華路１３３巷７號,52.0,住,,,1060913,土地1建物1車位0,全,二層,透天厝,住家用,鋼筋混凝土加強磚造,0670331,72.12,4,2,4,有,無,5600000,77648,,0.0,0,,RPQNMLMKIIMFFAX56CA,72.12,0.0,0.0,,
馬公市,土地,風櫃西段1382地號,428.04,,一般農業區,農牧用地,1060928,土地1建物0車位0,,,其他,,,,0.0,0,0,0,有,無,4634400,10827,,0.0,0,,RPQNMLSKIIMFFAX17CA,0.0,0.0,0.0,,
馬公市,土地,海堤段631地號,49.78,住,,,1061003,土地1建物0車位0,,,其他,,,,0.0,0,0,0,有,無,800000,16071,,0.0,0,,RPPNMLNKIIMFFAX76EA,0.0,0.0,0.0,,
湖西鄉,土地,成功南段1098地號,17.28,,一般農業區,交通用地,1061006,土地1建物0車位0,,,其他,,,,0.0,0,0,0,有,無,112336,6501,,0.0,0,協議價購一般農業區交通用地,RPPNMLRLIIMFFAX07CA,0.0,0.0,0.0,,
馬公市,土地,鐵線段910地號,22.69,,鄉村區,乙種建築用地,1060922,土地1建物0車位0,,,其他,,,,0.0,0,0,0,有,無,354418,15620,,0.0,0,畸零地或有合併使用之交易。向政府機關承購之案件。,RPQNMLTKIIMFFAX27CA,0.0,0.0,0.0,,
白沙鄉,房地(土地+建物),澎湖縣白沙鄉通梁６６之１７號,151.91,住,,,1060922,土地1建物1車位0,全,三層,透天厝,住家用,鋼筋混凝土造,1041221,188.94,4,2,5,有,無,5800000,30698,,0.0,0,,RPPNMLKLIIMFFAX98CA,179.45,9.49,0.0,,
湖西鄉,土地,成功南段1330地號,967.25,,一般農業區,農牧用地,1060922,土地1建物0車位0,,,其他,,,,0.0,0,0,0,有,無,8500000,8788,,0.0,0,共有人4人農變建專案核准案件,RPPNMLMKJIMFFAX66DA,0.0,0.0,0.0,,
馬公市,房地(土地+建物),澎湖縣馬公市文明路１５６號五樓,22.22,住,,,1060922,土地1建物1車位0,五層,七層,華廈(10層含以下有電梯),住家用,鋼筋混凝土造,0840128,121.74000000000001,3,1,2,有,無,3600000,29571,,0.0,0,親友、員工或其他特殊關係間之交易。,RPWNMLRJJIMFFAX87EA,78.77,9.29,0.0,,
湖西鄉,土地,成功南段851地號,2233.92,,一般農業區,農牧用地,1060828,土地1建物0車位0,,,其他,,,,0.0,0,0,0,有,無,20270000,9074,,0.0,0,,RPRNMLTKIIMFFAX37CA,0.0,0.0,0.0,,
馬公市,土地,五福段857-4地號,219.82,,一般農業區,甲種建築用地,1061002,土地2建物0車位0,,,其他,,,,0.0,0,0,0,有,無,8860000,40306,,0.0,0,變更起造人含未來興建房屋之費用,RPSNMLTKIIMFFAX47CA,0.0,0.0,0.0,,
西嶼鄉,土地,竹灣段857地號,1368.34,,一般農業區,農牧用地,1060927,土地1建物0車位0,,,其他,,,,0.0,0,0,0,有,無,2000000,1462,,0.0,0,申請農免,RPPNMLKMIIMFFAX09CA,0.0,0.0,0.0,,
馬公市,房地(土地+建物),澎湖縣馬公市鎖管港１４７６號,127.05,住,,,1060901,土地1建物1車位0,全,三層,透天厝,住家用,鋼筋混凝土造,1060802,239.03,5,3,5,有,無,7360000,30791,,0.0,0,土地及建物分次登記案件，含土地款486萬此案為合建分售案,RPSNMLKMIIMFFAX76CA,223.15,15.88,0.0,,
馬公市,房地(土地+建物),澎湖縣馬公市三多路１７６巷１５號,105.33,住,,,1060910,土地1建物1車位0,全,二層,透天厝,住家用,鋼筋混凝土加強磚造,0680425,83.49,3,3,2,有,無,6550000,78453,,0.0,0,,RPPNMLPLIIMFFAX86CA,83.49,0.0,0.0,,
馬公市,房地(土地+建物),澎湖縣馬公市西衛８９之２號,283.08,,一般農業區,甲種建築用地,1061002,土地2建物1車位0,全,三層,透天厝,住家用,鋼筋混凝土造,1040908,290.36,5,1,8,有,無,16000000,55104,,0.0,0,,RPQNMLKLIIMFFAX09CA,278.8,11.56,0.0,,
馬公市,房地(土地+建物),澎湖縣馬公市新村路38號,37.74,住,,,1060925,土地2建物1車位0,一層，二層，騎樓,五層,公寓(5樓含以下無電梯),集合住宅,鋼筋混凝土造,0730629,76.05,1,3,2,有,無,6700000,88100,,0.0,0,,RPTNMLTKIIMFFAX67DA,76.05,0.0,0.0,,
馬公市,房地(土地+建物),澎湖縣馬公市西文澳８４之１０號,65.08,住,,,1060919,土地1建物1車位0,全,二層,透天厝,住家用,鋼筋混凝土加強磚造,0690331,85.58,4,1,2,有,無,3000000,35055,,0.0,0,親友、員工或其他特殊關係間之交易。；權利人數3人,RPTOMLOKNHOFFAX77CA,85.58,0.0,0.0,,
馬公市,土地,鐵線段923地號,386.56,,鄉村區,乙種建築用地,1060922,土地2建物0車位0,,,其他,,,,0.0,0,0,0,有,無,3508000,9075,,0.0,0,,RPQNMLNLIIMFFAX76CA,0.0,0.0,0.0,,
馬公市,土地,安宅段1380地號,626.56,,一般農業區,農牧用地,1060912,土地1建物0車位0,,,其他,,,,0.0,0,0,0,有,無,2683800,4283,,0.0,0,,RPRNMLNLIIMFFAX86CA,0.0,0.0,0.0,,
馬公市,房地(土地+建物),澎湖縣馬公市西衛８之２號,85.17,,鄉村區,乙種建築用地,1060905,土地1建物1車位0,全,五層,透天厝,住家用,鋼筋混凝土造,0850425,189.89,4,1,3,有,無,3100000,16325,,0.0,0,親友、員工或其他特殊關係間之交易。,RPQNMLRLIIMFFAX17CA,189.89,0.0,0.0,,
馬公市,房地(土地+建物),澎湖縣馬公市文化路５９號四樓之一,11.29,住,,,1061002,土地1建物1車位0,四層,七層,華廈(10層含以下有電梯),住家用,鋼筋混凝土造,0830601,61.120000000000005,2,1,1,有,有,2680000,43848,,0.0,0,買方買清價,RPSNMLNLIIMFFAX96CA,43.38,4.68,0.0,,
馬公市,房地(土地+建物)+車位,澎湖縣馬公市貿商街128號11樓-1,28.45,住,,,1060929,土地2建物1車位1,十一層,十四層,住宅大樓(11層含以上有電梯),集合住宅,鋼筋混凝土造,0950710,173.55,3,1,2,有,有,4600000,26505,坡道平面,0.0,0,,RPSNMLOLIIMFFAX17DA,95.13,0.0,11.16,,
白沙鄉,房地(土地+建物),澎湖縣白沙鄉澎湖縣白沙鄉通梁村173號,2166.32,,一般農業區,農牧用地,1060927,土地17建物1車位0,全,一層,透天厝,住家用,造,,14.27,3,1,1,有,無,3251517,227857,,0.0,0,親友、員工或其他特殊關係間之交易。,RPRNMLSJJIMFFAX37DA,14.27,0.0,0.0,,
馬公市,房地(土地+建物),澎湖縣馬公市中華路２００巷１弄１８號,54.58,住,,,1061004,土地1建物1車位0,全,二層,透天厝,住家用,鋼筋混凝土加強空心磚造,0610315,72.88,2,1,2,有,無,1350000,18524,,0.0,0,,RPRNMLRLIIMFFAX27CA,72.88,0.0,0.0,,
馬公市,房地(土地+建物),澎湖縣馬公市鎖管港１４７６之１號,127.67,住,,,1060901,土地1建物1車位0,全,三層,透天厝,住家用,鋼筋混凝土造,1060802,239.03,6,2,6,有,無,7500000,31377,,0.0,0,土地及建物分次登記案件， 含土地款480萬此案為合建分售案,RPRNMLKMIIMFFAX66CA,223.15,15.88,0.0,,
湖西鄉,房地(土地+建物),澎湖縣湖西鄉尖山２９之７號,425.05,,一般農業區,甲種建築用地,1060922,土地2建物1車位0,全,三層,透天厝,住家用,鋼筋混凝土造,1040904,542.91,12,1,13,有,無,10000000,18419,,0.0,0,,RPPNMLTJJIMFFAX17CA,515.82,27.09,0.0,,
馬公市,土地,五福段116-4地號,546.6,,一般農業區,甲種建築用地,1060901,土地3建物0車位0,,,其他,,,,0.0,0,0,0,有,無,20000000,36590,,0.0,0,農變建之起造人變更  含未來興建房屋價款,RPPNMLNKJIMFFAX66CA,0.0,0.0,0.0,,
馬公市,土地,北極段612-1地號,15.87,住,,,1061006,土地1建物0車位0,,,其他,,,,0.0,0,0,0,有,無,264236,16650,,0.0,0,向政府機關承購之案件。,RPRNMLNJJIMFFAX76CA,0.0,0.0,0.0,,
湖西鄉,土地,潭邊新段748地號,306.0,,一般農業區,農牧用地,1061019,土地1建物0車位0,,,其他,,,,0.0,0,0,0,有,無,830000,2712,,0.0,0,,RPSNMLQLIIMFFAX27CA,0.0,0.0,0.0,,
馬公市,土地,馬公段1206-1地號,82.0,商,,,1061019,土地2建物0車位0,,,其他,,,,0.0,0,0,0,有,無,14880000,181463,,0.0,0,,RPTNMLQLIIMFFAX37CA,0.0,0.0,0.0,,
湖西鄉,土地,尖山南段779地號,493.4,,一般農業區,甲種建築用地,1061017,土地1建物0車位0,,,其他,,,,0.0,0,0,0,有,無,10200000,20673,,0.0,0,含未保存登記建物兩棟,RPUNMLLMIIMFFAX07CA,0.0,0.0,0.0,,
望安鄉,土地,水垵段2056地號,47.25,,鄉村區,乙種建築用地,1060901,土地1建物0車位0,,,其他,,,,0.0,0,0,0,有,無,300000,6349,,0.0,0,親友、員工或其他特殊關係間之交易。,RPVNMLLMIIMFFAX17CA,0.0,0.0,0.0,,
馬公市,房地(土地+建物),澎湖縣馬公市自強街２號,61.43,住,,,1060928,土地3建物1車位0,全,三層,透天厝,住商用,鋼筋混凝土造,0720125,144.52,4,1,3,有,無,8500000,58815,,0.0,0,,RPPNMLLJJIMFFAX98CA,144.52,0.0,0.0,,
馬公市,土地,北極段1344-1地號,854.66,農,,,1061017,土地3建物0車位0,,,其他,,,,0.0,0,0,0,有,無,3100000,3627,,0.0,0,,RPRNMLLMIIMFFAX76CA,0.0,0.0,0.0,,
馬公市,房地(土地+建物),澎湖縣馬公市光明路５７之４號,15.4,商,,,1061012,土地2建物1車位0,五層，電梯樓梯間,五層,公寓(5樓含以下無電梯),住家用,鋼筋混凝土加強磚造,0670623,74.36,3,2,1,有,無,2080000,27972,,0.0,0,,RPSNMLLMIIMFFAX86CA,74.36,0.0,0.0,,
馬公市,土地,中衛段417地號,113.52,工,,,1060926,土地1建物0車位0,,,其他,,,,0.0,0,0,0,有,無,1445870,12737,,0.0,0,,RPPNMLLMIIMFFAX66DA,0.0,0.0,0.0,,
馬公市,土地,中衛段411地號,422.16,工,,,1060926,土地1建物0車位0,,,其他,,,,0.0,0,0,0,有,無,4866107,11527,,0.0,0,,RPQNMLLMIIMFFAX76DA,0.0,0.0,0.0,,
西嶼鄉,土地,大池段2943地號,290.81,,一般農業區,農牧用地,1061023,土地2建物0車位0,,,其他,,,,0.0,0,0,0,有,無,1500000,5158,,0.0,0,親友、員工或其他特殊關係間之交易。,RPQNMLRKJIMFFAX17CA,0.0,0.0,0.0,,
馬公市,土地,中衛段447地號,299.29,工,,,1061001,土地3建物0車位0,,,其他,,,,0.0,0,0,0,有,無,3349000,11190,,0.0,0,,RPTNMLMLJIMFFAX07CA,0.0,0.0,0.0,,
湖西鄉,土地,成功南段694地號,304.53,,一般農業區,農牧用地,1061022,土地1建物0車位0,,,其他,,,,0.0,0,0,0,有,無,2770000,9096,,0.0,0,,RPRNMLLJJIMFFAX56CA,0.0,0.0,0.0,,
馬公市,房地(土地+建物),澎湖縣馬公市雙頭掛６０之５７號,241.38,,一般農業區,甲種建築用地,1060807,土地2建物1車位0,全,三層,透天厝,住家用,鋼筋混凝土造,1050830,241.99,5,2,5,有,無,7300000,30167,,0.0,0,,RPXNMLLMIIMFFAX37CA,219.79,22.2,0.0,,
馬公市,房地(土地+建物),澎湖縣馬公市中央街1巷4號,4.94,其他,,,1060925,土地2建物1車位0,一層，二層,二層,其他,住家用,造,,9.07,0,0,0,無,無,88914,9803,,0.0,0,為促進、維護文化資產，本交易為親族間之交易。該建物為歷史建物，目前為評估維修狀態，故無法提供建物現況格局。,RPUNMLRLJIMFFAX77DA,0.0,0.0,0.0,,
馬公市,土地,四維段587-4地號,1020.46,,一般農業區,農牧用地,1061023,土地3建物0車位0,,,其他,,,,0.0,0,0,0,有,無,20800000,20383,,0.0,0,農變建專案核准。共有人5人。,RPRNMLRLJIMFFAX47DA,0.0,0.0,0.0,,
馬公市,土地,中衛段1661-1地號,181.67,,一般農業區,農牧用地,1061025,土地1建物0車位0,,,其他,,,,0.0,0,0,0,有,無,1456175,8015,,0.0,0,,RPQNMLRLJIMFFAX27CA,0.0,0.0,0.0,,
馬公市,房地(土地+建物),澎湖縣馬公市西文澳７０１號,211.72,,一般農業區,甲種建築用地,1061015,土地2建物1車位0,全,三層,透天厝,住家用,鋼筋混凝土造,1031016,265.87,6,1,7,有,無,12000000,45135,,0.0,0,,RPQNMLKMJIMFFAX66CA,239.57,26.3,0.0,,
馬公市,房地(土地+建物),澎湖縣馬公市光復路１０２號,64.0,商,,,1060926,土地1建物1車位0,全,四層,透天厝,住商用,鋼筋混凝土造,0781018,284.36,5,2,3,有,無,15100000,53102,,0.0,0,,RPPNMLMJJIMFFAX09CA,283.1,1.26,0.0,,
湖西鄉,土地,紅羅段1970地號,478.76,,一般農業區,農牧用地,1061020,土地18建物0車位0,,,其他,,,,0.0,0,0,0,有,無,537600,1123,,0.0,0,親友、員工或其他特殊關係間之交易。,RPPNMLQJJIMFFAX86CA,0.0,0.0,0.0,,
馬公市,土地,興崁段1074地號,1010.41,,一般農業區,農牧用地,1061026,土地1建物0車位0,,,其他,,,,0.0,0,0,0,有,無,7910000,7829,,0.0,0,,RPQNMLNJJIMFFAX66CA,0.0,0.0,0.0,,
馬公市,土地,井垵西段1149地號,509.02,,一般農業區,農牧用地,1061016,土地1建物0車位0,,,其他,,,,0.0,0,0,0,有,無,1000000,1965,,0.0,0,所有權人二人親友、員工或其他特殊關係間之交易。,RPPNMLKKJIMFFAX98CA,0.0,0.0,0.0,,
馬公市,房地(土地+建物)+車位,澎湖縣馬公市貿商街１２８號二樓之三,28.82,住,,,1061017,土地2建物1車位1,二層,十四層,住宅大樓(11層含以上有電梯),集合住宅,鋼筋混凝土造,0950710,177.19,3,2,2,有,有,5060000,28557,坡道平面,0.0,0,,RPWNMLLLNHOFFAX77CA,96.71,0.0,10.96,,
馬公市,土地,北極段1186地號,43.52,住,,,1060711,土地1建物0車位0,,,其他,,,,0.0,0,0,0,有,無,180000,4136,,0.0,0,,RPRNMLMLJIMFFAX86CA,0.0,0.0,0.0,,
白沙鄉,土地,講美段693地號,562.34,,一般農業區,農牧用地,1061006,土地1建物0車位0,,,其他,,,,0.0,0,0,0,有,無,829000,1474,,0.0,0,向政府機關承購之案件。,RPTNMLRLJIMFFAX57CA,0.0,0.0,0.0,,
馬公市,土地,興仁段1366地號,888.01,,一般農業區,農牧用地,1060926,土地1建物0車位0,,,其他,,,,0.0,0,0,0,有,無,3492000,3932,,0.0,0,,RPQNMLTJJIMFFAX37DA,0.0,0.0,0.0,,
湖西鄉,土地,湖西北段434地號,117.72,,一般農業區,農牧用地,1061012,土地1建物0車位0,,,其他,,,,0.0,0,0,0,有,無,176600,1500,,0.0,0,向政府機關承購之案件。土地未辦繼承標售,RPTNMLRJJIMFFAX57EA,0.0,0.0,0.0,,
湖西鄉,土地,湖西北段433地號,755.15,,一般農業區,農牧用地,1061012,土地1建物0車位0,,,其他,,,,0.0,0,0,0,有,無,1132780,1500,,0.0,0,向政府機關承購之案件。土地未辦繼承標售,RPUNMLRJJIMFFAX67EA,0.0,0.0,0.0,,
西嶼鄉,土地,二崁南段1386-7地號,363.03,,風景區,農牧用地,1061024,土地2建物0車位0,,,其他,,,,0.0,0,0,0,有,無,6588600,18149,,0.0,0,,RPSNMLRJJIMFFAX27CA,0.0,0.0,0.0,,
馬公市,房地(土地+建物),澎湖縣馬公市鎖管港１４７６之２號,128.6,住,,,1060901,土地1建物1車位0,全,三層,透天厝,住家用,鋼筋混凝土造,1060802,250.89,6,2,6,有,無,7350000,29296,,0.0,0,土地及建物分次登記案件， 含土地款485萬 ，此案為合建分售案,RPVNMLRJJIMFFAX57CA,234.37,16.52,0.0,,
白沙鄉,土地,通梁中段425地號,407.43,住,,,1061005,土地2建物0車位0,,,其他,,,,0.0,0,0,0,有,無,10000000,24544,,0.0,0,,RPQNMLOKJIMFFAX86CA,0.0,0.0,0.0,,
馬公市,房地(土地+建物)+車位,澎湖縣馬公市新生路６４巷３１之１號三樓之一,27.42,商,,,1061001,土地2建物1車位1,三層,六層,華廈(10層含以下有電梯),住家用,鋼筋混凝土造,0820519,163.93,3,2,2,有,無,4360000,26597,坡道平面,0.0,0,,RPPNMLPKJIMFFAX86CA,115.39,0.0,0.0,,
西嶼鄉,土地,池西段215地號,777.92,,一般農業區,農牧用地,1060912,土地1建物0車位0,,,其他,,,,0.0,0,0,0,有,無,747000,960,,0.0,0,向政府機關承購之案件。,RPPNMLSJJIMFFAX27EA,0.0,0.0,0.0,,
馬公市,建物,澎湖縣馬公市大智街１８巷２０弄１２號,0.0,,,,1061005,土地0建物1車位0,全,四層,透天厝,住商用,鋼筋混凝土造,0690506,171.6,4,2,4,有,無,3100000,18065,,0.0,0,,RPPNMLKLJIMFFAX09CA,171.6,0.0,0.0,,
馬公市,土地,興崁段1099地號,603.11,,一般農業區,農牧用地,1061031,土地1建物0車位0,,,其他,,,,0.0,0,0,0,有,無,21500000,35649,,0.0,0,權利人數：3人變更起造人，含未來興建房屋之價格,RPQNMLKLJIMFFAX56CA,0.0,0.0,0.0,,
馬公市,土地,山水南段170-2地號,396.18,,一般農業區,農牧用地,1061016,土地2建物0車位0,,,其他,,,,0.0,0,0,0,有,無,6400000,16154,,0.0,0,,RPSNMLKKJIMFFAX66CA,0.0,0.0,0.0,,
馬公市,土地,興仁段1574地號,233.34,,鄉村區,乙種建築用地,1061020,土地1建物0車位0,,,其他,,,,0.0,0,0,0,有,無,1950000,8357,,0.0,0,,RPPNMLKMJIMFFAX56CA,0.0,0.0,0.0,,
馬公市,房地(土地+建物),澎湖縣馬公市貿商街１３１號四樓之二,31.27,住,,,1060927,土地1建物1車位0,四層,十三層,住宅大樓(11層含以上有電梯),集合住宅,鋼筋混凝土造,0950629,210.3,4,1,2,有,有,5650000,26866,,0.0,0,,RPRNMLLLNHOFFAX27CA,114.11,0.0,11.21,,
馬公市,房地(土地+建物),澎湖縣馬公市五福路３巷８之６號,199.66,,一般農業區,甲種建築用地,1060906,土地2建物1車位0,全,三層,透天厝,住家用,鋼筋混凝土造,1060119,266.32,5,3,5,有,無,11000000,41304,,0.0,0,,RPSNMLSLJIMFFAX57CA,252.08,14.24,0.0,,
馬公市,土地,鐵線段683-3地號,26.01,,一般農業區,農牧用地,1061019,土地1建物0車位0,,,其他,,,,0.0,0,0,0,有,無,320000,12303,,0.0,0,親友、員工或其他特殊關係間之交易。,RPQNMLMKJIMFFAX66CA,0.0,0.0,0.0,,
馬公市,土地,文寮段1381-2地號,60.05,,一般農業區,甲種建築用地,1061020,土地1建物0車位0,,,其他,,,,0.0,0,0,0,有,無,1169174,19470,,0.0,0,向政府機關承購之案件。,RPRNMLKKJIMFFAX56CA,0.0,0.0,0.0,,
馬公市,土地,光榮段292地號,1293.76,其他,,,1061024,土地1建物0車位0,,,其他,,,,0.0,0,0,0,有,無,39136000,30250,,0.0,0,,RPSNMLPKJIMFFAX17CA,0.0,0.0,0.0,,
馬公市,房地(土地+建物),澎湖縣馬公市重慶街２６號,61.03,商,,,1060829,土地4建物1車位0,全,五層,透天厝,住商用,鋼筋混凝土造,0760303,220.41,4,1,5,有,無,10000000,45370,,0.0,0,,RPQNMLMLJIMFFAX76CA,220.41,0.0,0.0,,
馬公市,房地(土地+建物),澎湖縣馬公市五福路３巷８號,191.17,,一般農業區,甲種建築用地,1060920,土地2建物1車位0,全,三層,透天厝,住家用,鋼筋混凝土造,1060119,278.72,5,3,5,有,無,11200000,40184,,0.0,0,,RPRNMLSLJIMFFAX47CA,262.16,16.56,0.0,,
白沙鄉,土地,城前新段280地號,328.09,,一般農業區,農牧用地,1061101,土地1建物0車位0,,,其他,,,,0.0,0,0,0,有,無,1000000,3048,,0.0,0,,RPQNMLPKJIMFFAX07DA,0.0,0.0,0.0,,
馬公市,土地,五福段561-5地號,494.21,,一般農業區,農牧用地,1061019,土地3建物0車位0,,,其他,,,,0.0,0,0,0,有,無,9930000,20093,,0.0,0,農變建專案核准。共有人2人,RPRNMLTLJIMFFAX67DA,0.0,0.0,0.0,,
馬公市,土地,馬公段1621-137地號,25.0,商,,,1061023,土地1建物0車位0,,,其他,,,,0.0,0,0,0,有,無,2250000,90000,,0.0,0,向政府機關承購之案件。,RPRNMLOKJIMFFAX17EA,0.0,0.0,0.0,,
白沙鄉,土地,後寮段1883地號,669.0,,一般農業區,農牧用地,1060912,土地1建物0車位0,,,其他,,,,0.0,0,0,0,有,無,1200000,1794,,0.0,0,向政府機關承購之案件。,RPPNMLTLJIMFFAX57EA,0.0,0.0,0.0,,
