﻿鄉鎮市區,交易標的,土地位置建物門牌,土地面積平方公尺,都市土地使用分區,非都市土地使用分區,非都市土地使用編定,租賃年月日,租賃筆棟數,租賃層次,總樓層數,建物型態,主要用途,主要建材,建築完成年月,建物總面積平方公尺,建物現況格局-房,建物現況格局-廳,建物現況格局-衛,建物現況格局-隔間,有無管理組織,有無附傢俱,總額元,單價元平方公尺,車位類別,車位面積平方公尺,車位總額元,備註,編號
The villages and towns urban district,transaction sign,land sector position building sector house number plate,land shifting total area square meter,the use zoning or compiles and checks,the non-metropolis land use district,non-metropolis land use,transaction year month and day,transaction pen number,shifting level,total floor number,building state,main use,main building materials,construction to complete the years,building shifting total area,Building present situation pattern - room,building present situation pattern - hall,building present situation pattern - health,building present situation pattern - compartmented,Whether there is manages the organization,Whether there is attaches the furniture,total price NTD,the unit price (NTD / square meter),the berth category,berth shifting total area square meter,the berth total price NTD,the note,serial number
安平區,土地,新南段109-6地號,413.0,住,,,1030711,土地1建物0車位0,,,其他,,,,0.0,0,0,0,有,無,無,45000,109,,0.0,0,,RPXNMLLJQHJFFAD28CC
東區,房地(土地+建物),臺南市東區中華東路二段167號三樓之八,3.17,住,,,1030724,土地1建物1車位0,三層,14,套房(1房1廳1衛),住家用,鋼筋混凝土構造,0970229,34.2,1,0,1,有,有,有,7500,219,,0.0,0,,RPVNMLLJQHJFFCD28CC
新化區,房地(土地+建物),臺南市新巿區永新路23號四樓之3,5941.0,,特定專用區,甲種建築用地,1030727,土地1建物1車位0,四層,7,公寓(5樓含以下無電梯),住家用,鋼筋混凝土造,0860825,79.57,3,2,2,有,無,有,12000,151,,0.0,0,有車位,RPTNMLLJQHJFFER07CC
永康區,房地(土地+建物),臺南市永康區永大路三段622巷70弄15號,24.5,住,,,1030728,土地1建物1車位0,全,4,透天厝,住商用,鋼筋混凝土造,0830514,60.52,4,2,4,有,無,有,18000,297,,0.0,0,,RPOOMLMJQHJFFHR07CC
佳里區,房地(土地+建物),臺南市佳里區佳東路59號,87.0,住,,,1030801,土地1建物1車位0,見其他登記事項,5,店面(店鋪),住商用,鋼筋混凝土造,0811214,286.04,7,3,4,有,無,無,21000,73,,0.0,0,,RPPNMLMJQHJFFDR66CC
永康區,房地(土地+建物),臺南市永康區中華路7巷6號19樓之3,0.0,住,,,1030728,土地1建物1車位0,十九層,19,住宅大樓(11層含以上有電梯),見其他登記事項,見其他登記事項,1010817,54.97,2,1,1,有,無,有,16000,291,,0.0,0,租賃合約書無填寫土地租賃.租金包含管理費.網路.第四台費用,RPQOMLOJQHJFFHR47CC
新市區,房地(土地+建物),臺南市新巿區中正路92巷10號3樓之1,23.5,其他,,,1030803,土地1建物1車位0,三層,8,華廈(10層含以下有電梯),住家用,鋼筋混凝土造,0830806,87.36,3,2,2,有,有,有,12600,144,,0.0,0,,RPVNMLOJQHJFFER57CC
學甲區,土地,仁得段37地號,445.75,住,,,1030711,土地1建物0車位0,,,其他,,,,0.0,0,0,0,有,無,無,15000,34,,0.0,0,,RPSNMLPJQHJFFDR37DC
安平區,房地(土地+建物),臺南市安平區慶平路539號21樓10,8.37,商,,,1030805,土地1建物1車位0,二十一層,24,住宅大樓(11層含以上有電梯),見其他登記事項,鋼筋混凝土造,0880211,57.65,1,1,1,有,有,有,12500,217,,0.0,0,,RPTOMLRJQHJFFAD58CC
安平區,建物,臺南市安平區建平十一街4樓之3,17.46,住,,,1030730,土地0建物1車位0,四層,7,華廈(10層含以下有電梯),住家用,鋼筋混凝土造,0830207,41.18,2,1,1,有,有,無,8500,206,,0.0,0,,RPUPMLRJQHJFFAD78CC
中西區,建物,臺南市中西區永福路一段76號三樓之3A,49.0,其他,,,1030629,土地0建物0車位0,全,5,透天厝,見其他登記事項,見其他登記事項,1021115,20.95,5,1,5,有,無,有,7500,358,,0.0,0,,RPPQMLRJQHJFFAD38CC
中西區,建物,臺南市中西區永福路一段76號三樓之3D,49.0,其他,,,1030730,土地0建物0車位0,全,5,透天厝,見其他登記事項,見其他登記事項,1021115,18.84,5,1,5,有,無,有,7000,372,,0.0,0,,RPQQMLRJQHJFFAD48CC
中西區,建物,臺南市中西區永福路一段76號三樓之3E,49.0,其他,,,1030725,土地0建物0車位0,全,5,透天厝,見其他登記事項,見其他登記事項,1021115,54.78,5,1,5,有,無,有,12500,228,,0.0,0,,RPRQMLRJQHJFFAD58CC
中西區,建物,臺南市中西區信義街108巷57號4樓之6,74.7,住,,,1030802,土地0建物1車位0,四層,5,公寓(5樓含以下無電梯),住家用,鋼筋混凝土造,0820515,88.4,3,2,1,有,無,有,15000,170,,0.0,0,,RPOOMLSJQHJFFAD18CC
南區,土地,公英段231地號,449.5,住,,,1030725,土地1建物0車位0,,,其他,,,,0.0,0,0,0,有,無,無,47600,106,,0.0,0,,RPTOMLSJQHJFFCD98DC
東區,建物,臺南市東區崇明十街72號3樓之3,5.37,住,,,1030705,土地0建物0車位0,三層,6,套房(1房1廳1衛),住家用,鋼筋混凝土構造,0800827,20.02,1,1,1,有,無,有,3500,175,,0.0,0,,RPXOMLSJQHJFFCD76DC
新市區,房地(土地+建物),臺南市新巿區勝利街18號,78.04,住,,,1030805,土地1建物1車位0,見其他登記事項,2,店面(店鋪),住商用,加強磚造,0720523,109.13,4,2,3,有,無,有,17500,160,,0.0,0,,RPXNMLSJQHJFFER18CC
善化區,房地(土地+建物),臺南市善化區光明路37號,85.2,住,,,1030730,土地1建物1車位0,見其他登記事項,4,店面(店鋪),住商用,鋼筋混凝土造,0841206,189.68,5,2,3,有,無,有,25000,132,,0.0,0,,RPTNMLLKQHJFFER17CC
善化區,建物,臺南市善化區光文路25-1,122.19,住,,,1030809,土地0建物0車位0,全,1,透天厝,住家用,見其他登記事項,0700727,156.15,23,23,23,有,無,有,4500,29,,0.0,0,,RPRNMLNKQHJFFER17CC
善化區,建物,臺南市善化區光文路25-1,122.19,住,,,1030801,土地0建物0車位0,全,1,透天厝,住家用,見其他登記事項,0700727,156.15,23,23,23,有,無,有,4500,29,,0.0,0,,RPSNMLNKQHJFFER27CC
永康區,建物,臺南市永康區新民街66巷6號9樓之3,0.0,住,,,1030701,土地0建物1車位0,九層,9,華廈(10層含以下有電梯),住家用,鋼筋混凝土造,0821230,105.60000000000001,2,1,2,有,有,有,11000,104,,0.0,0,,RPSNMLNKQHJFFHR57CC
永康區,建物,臺南市永康區大同街33巷9號,0.0,住,,,1030703,土地0建物1車位0,全,2,透天厝,住家用,加強磚造,0770820,141.18,5,2,3,有,無,無,15000,106,,0.0,0,,RPTNMLNKQHJFFHR67CC
永康區,建物,臺南市永康區大仁街24號,0.0,住,,,1030713,土地0建物1車位0,全,2,透天厝,住家用,加強磚造,0700314,102.14,4,3,2,有,無,無,27000,264,,0.0,0,,RPVNMLNKQHJFFHR87CC
永康區,建物,臺南市永康區中正北路54號4樓之12,0.0,住,,,1030705,土地0建物1車位0,四層,12,套房(1房1廳1衛),住家用,鋼筋混凝土造,0830524,50.26,1,1,1,有,有,有,7000,139,,0.0,0,,RPWNMLNKQHJFFHR97CC
永康區,建物,臺南市永康區中華路703巷3弄45號,0.0,住,,,1030714,土地0建物1車位0,全,2,透天厝,住商用,鋼筋混凝土造,0761019,151.91,3,2,2,有,無,有,17000,112,,0.0,0,,RPQOMLNKQHJFFHR47CC
永康區,建物,臺南市永康區自強路457號,0.0,住,,,1030715,土地0建物1車位0,全,4,透天厝,住商用,鋼筋混凝土造,0820622,198.8,5,3,3,有,無,有,16000,80,,0.0,0,,RPROMLNKQHJFFHR57CC
中西區,房地(土地+建物),臺南市中西區康樂街24-1號3樓303室,804.0,其他,,,1030731,土地1建物1車位0,一層,4,套房(1房1廳1衛),住商用,鋼筋混凝土造,0650610,19.83,1,0,1,有,無,有,7000,353,,0.0,0,,RPPNMLNKQHJFFAD77CC
中西區,房地(土地+建物),臺南市中西區康樂街24-1號2樓203室,804.0,其他,,,1030731,土地1建物1車位0,一層,4,套房(1房1廳1衛),住商用,鋼筋混凝土造,0650610,24.08,1,0,1,有,無,有,7500,311,,0.0,0,,RPRNMLNKQHJFFAD97CC
北區,建物,臺南市北區勝利路220號5樓之5,0.0,住,,,1030705,土地0建物1車位0,五層,6,套房(1房1廳1衛),住家用,加強磚造,0570210,68.82,1,1,1,有,有,有,5000,73,,0.0,0,,RPROMLNKQHJFFAD08CC
中西區,建物,臺南市中西區永福路一段32號,0.0,住,,,1030801,土地0建物1車位0,全,3,透天厝,住商用,加強磚造,0640107,1115.9,3,1,1,有,無,有,13000,12,,0.0,0,,RPTOMLNKQHJFFAD28CC
北區,建物,臺南市北區北成路401號14樓之5,0.0,住,,,1030719,土地0建物1車位0,十四層,14,住宅大樓(11層含以上有電梯),見其他登記事項,鋼筋混凝土造,0990406,70.68,1,1,1,有,無,有,18000,255,,0.0,0,,RPWOMLNKQHJFFAD58CC
南區,房地(土地+建物),臺南市南區健康路二段203號,261.0,住,,,1030716,土地1建物1車位0,全,1,透天厝,商業用,見其他登記事項,0980925,410.03,0,0,0,無,無,有,135000,329,,0.0,0,,RPUOMLNKQHJFFCD58CC
東區,房地(土地+建物),臺南市東區府連路190號7樓之3,0.0,住,,,1030809,土地1建物1車位0,七層,7,華廈(10層含以下有電梯),住家用,鋼筋混凝土構造,0791017,28.3,1,1,1,有,無,有,6700,237,,0.0,0,,RPPNMLOKQHJFFCD08CC
仁德區,土地,民安段476地號,555.26,住,,,1030701,土地4建物0車位0,,,其他,,,,0.0,10,0,0,有,無,無,48000,86,,0.0,0,上有鐵皮，但沒有權狀，故只有申報土地。,RPVNMLOKQHJFFFR77CC
仁德區,房地(土地+建物),臺南市仁德區中正路二段99、100號,244.66,住,,,1030716,土地2建物2車位0,全,4,透天厝,住商用,鋼筋混凝土造,0981005,305.98,4,2,5,有,無,無,17000,56,,0.0,0,,RPXNMLPKQHJFFFR08CC
東區,房地(土地+建物),臺南市東區東門路一段212巷1號,52.0,其他,,,1030626,土地1建物1車位0,全,2,透天厝,住家用,加強磚造,0560729,75.64,4,2,1,有,無,無,9000,119,,0.0,0,,RPOPMLPKQHJFFCD28CC
東區,房地(土地+建物),臺南市東區崇善路455號,85.09,住,,,1030721,土地1建物1車位0,全,4,透天厝,見其他登記事項,鋼筋混凝土構造,0911210,164.18,6,3,5,有,無,無,32000,195,,0.0,0,,RPPPMLPKQHJFFCD38CC
中西區,建物,臺南市中西區西門路二段307巷22號3樓之2,0.0,商,,,1030810,土地0建物1車位0,三層,7,華廈(10層含以下有電梯),住家用,鋼筋混凝土造,0810421,28.090000000000003,1,0,1,有,無,有,6300,224,,0.0,0,,RPOOMLPKQHJFFAD97CC
安平區,建物,臺南市安平區育平七街123號14樓之5,0.0,住,,,1030717,土地0建物1車位0,十四層,15,住宅大樓(11層含以上有電梯),見其他登記事項,見其他登記事項,1021107,64.52,1,1,1,有,有,有,11000,170,,0.0,0,,RPWNMLQKQHJFFAD78CC
安平區,建物,臺南市安平區湖內二街3號,0.0,住,,,1030810,土地0建物1車位0,全,3,透天厝,住商用,鋼筋混凝土造,0711007,213.53,4,2,2,有,無,無,24000,112,,0.0,0,,RPXNMLQKQHJFFAD88CC
東區,建物,臺南市東區林森路二段202號,0.0,商,,,1030728,土地0建物1車位0,一層,12,住宅大樓(11層含以上有電梯),住商用,鋼筋混凝土構造,0730118,112.71,1,0,1,有,有,無,17000,151,,0.0,0,,RPTOMLQKQHJFFCD78CC
東區,建物,臺南市東區裕農路813號1樓,0.0,住,,,1030716,土地0建物1車位0,全,4,透天厝,見其他登記事項,鋼筋混凝土構造,1000314,77.74,0,0,1,有,無,無,25000,322,,0.0,0,,RPUOMLQKQHJFFCD88CC
東區,建物,臺南市東區裕農路372之3號13樓,0.0,住,,,1030810,土地0建物1車位0,十三層,16,住宅大樓(11層含以上有電梯),住家用,鋼筋混凝土構造,0841227,132.34,3,2,2,有,有,有,13000,98,,0.0,0,,RPVOMLQKQHJFFCD98CC
永康區,建物,臺南市永康區永大路三段618巷11號,0.0,住,,,1030721,土地0建物1車位0,全,3,透天厝,住家用,見其他登記事項,1021104,194.67,5,1,3,有,無,有,20000,103,,0.0,0,,RPUNMLQKQHJFFHR08CC
善化區,房地(土地+建物),臺南市新巿區光文路25之1號,242.62,住,,,1030801,土地1建物1車位0,全,3,透天厝,住家用,見其他登記事項,0700727,156.15,23,0,23,有,無,有,4500,29,,0.0,0,,RPPNMLQKQHJFFER27CC
新市區,房地(土地+建物),臺南市新巿區永華三街7號2樓,43.75,,特定專用區,甲種建築用地,1030816,土地1建物1車位0,二層,7,華廈(10層含以下有電梯),住家用,鋼筋混凝土造,0860825,79.85,3,2,2,有,有,有,9500,119,,0.0,0,,RPQNMLQKQHJFFER37CC
善化區,建物,臺南市善化區中正路263號,215.51,住,,,1030814,土地0建物1車位0,一層,2,店面(店鋪),住商用,加強磚造,0630401,118.74,0,0,0,無,無,無,18000,152,,0.0,0,,RPSPMLSKQHJFFER97CC
北區,房地(土地+建物),臺南市北區立賢路一段567號1F,102.51,住,,,1030805,土地1建物1車位0,全,4,透天厝,見其他登記事項,鋼筋混凝土造,0961109,58.5,0,0,0,無,無,無,20000,342,,0.0,0,,RPRNMLSKQHJFFAD58DC
東區,房地(土地+建物),臺南市東區東平路35號,33.07,商,,,1030818,土地1建物1車位0,三層,15,店面(店鋪),住商用,鋼筋混凝土構造,0830916,217.92,4,2,4,有,有,有,26000,119,,0.0,0,,RPPOMLSKQHJFFCD58CC
中西區,房地(土地+建物),臺南市中西區成功路105號,122.4,商,,,1030815,土地1建物1車位0,見其他登記事項,4,店面(店鋪),住商用,鋼筋混凝土造,0640110,542.65,7,5,6,有,無,無,8000,15,,0.0,0,,RPQPMLSKQHJFFAD58CC
東區,房地(土地+建物)+車位,臺南市東區中華東路二段167號六樓之15,3.6,住,,,1030726,土地1建物1車位1,六層,14,套房(1房1廳1衛),住家用,鋼筋混凝土構造,0970229,65.32,1,0,1,有,有,有,12000,184,坡道平面,25.79,0,,RPSOMLTKQHJFFCD98CC
東區,房地(土地+建物),臺南市東區崇善五街7巷3號6F,20.45,住,,,1030815,土地1建物1車位0,六層,13,住宅大樓(11層含以上有電梯),住家用,見其他登記事項,0951122,77.6,2,1,1,有,無,有,11000,142,,0.0,0,,RPOOMLTKQHJFFCD68DC
新化區,房地(土地+建物),臺南市新化區信義路86巷6號,108.0,,鄉村區,乙種建築用地,1030819,土地1建物1車位0,全,3,透天厝,住家用,鋼筋混凝土造,0791222,196.08,7,2,4,有,無,有,9500,48,,0.0,0,,RPQNMLTKQHJFFER67CC
新市區,土地,社內段58地號,1780.0,,特定農業區,農牧用地,1030819,土地1建物0車位0,,,其他,,,,0.0,0,0,0,有,無,無,52000,29,,0.0,0,,RPWNMLKLQHJFFER47CC
永康區,房地(土地+建物),臺南市永康區中華二路206巷68弄73號5F-3,16.0,住,,,1030729,土地1建物1車位0,五層,6,華廈(10層含以下有電梯),住家用,鋼筋混凝土造,0950126,80.19,1,2,1,有,有,有,9000,112,,0.0,0,,RPOOMLKLQHJFFHR07CC
東區,建物,臺南市東區長榮路一段125號2樓,133.0,住,,,1030813,土地0建物1車位0,二層,5,店面(店鋪),見其他登記事項,鋼筋混凝土構造,1000517,106.43,0,0,0,無,無,無,20000,188,,0.0,0,,RPOOMLKLQHJFFCD87DC
東區,建物,臺南市東區長榮路一段125號4樓，5樓,133.0,住,,,1030813,土地0建物1車位0,全,5,透天厝,見其他登記事項,鋼筋混凝土構造,1000517,147.79,3,1,2,有,無,無,15000,101,,0.0,0,,RPPOMLKLQHJFFCD97DC
東區,建物,臺南市東區長榮路ㄧ段125號3樓,133.0,住,,,1030813,土地0建物1車位0,全,5,透天厝,見其他登記事項,鋼筋混凝土構造,1000517,99.77,2,0,2,有,無,無,15000,150,,0.0,0,,RPQOMLKLQHJFFCD08DC
東區,房地(土地+建物),臺南市東區台南市東區崇德21街58號8樓之6,15.77,其他,,,1030812,土地2建物1車位0,八層,9,華廈(10層含以下有電梯),住家用,鋼筋混凝土構造,0821227,115.94,3,2,2,有,無,有,12000,104,,0.0,0,,RPSNMLKLQHJFFCD08CC
東區,建物,臺南市東區崇明路191號11樓,6.57,住,,,1030801,土地0建物1車位0,十一層,13,住宅大樓(11層含以上有電梯),住家用,鋼筋混凝土構造,0890115,30.4,3,2,2,有,無,有,18000,592,,0.0,0,,RPWNMLKLQHJFFCD48CC
東區,建物,臺南市東區崇明路708號,0.0,其他,,,1030813,土地0建物1車位0,全,5,透天厝,見其他登記事項,鋼筋混凝土構造,0960626,129.97,0,0,0,無,無,無,32000,246,,0.0,0,,RPWNMLLLQHJFFCD58CC
東區,建物,臺南市東區育樂街66巷6號5樓,0.0,住,,,1030816,土地0建物1車位0,五層,,華廈(10層含以下有電梯),,,,99.03,4,2,2,有,有,有,18000,182,,0.0,0,,RPXNMLLLQHJFFCD68CC
中西區,建物,臺南市中西區南寧街83巷10號,5.56,住,,,1030727,土地0建物0車位0,全,5,透天厝,住家用,鋼筋混凝土造,0790410,21.0,1,0,1,有,無,有,4000,190,,0.0,0,,RPTOMLLLQHJFFAD18CC
安平區,建物,臺南市安平區國平路587號11之6,0.0,商,,,1030723,土地0建物1車位0,十一層,14,住宅大樓(11層含以上有電梯),見其他登記事項,見其他登記事項,0950406,79.71,3,1,2,有,無,有,13000,163,,0.0,0,,RPSPMLLLQHJFFAD18CC
永康區,建物,臺南市永康區復興路1巷2弄7號,69.43,住,,,1030807,土地0建物0車位0,全,4,透天厝,見使用執照,鋼筋混凝土造,0920929,16.5,1,0,1,有,無,有,3000,182,,0.0,0,,RPOOMLLLQHJFFHR17CC
永康區,建物,臺南市永康區復興路1巷2弄7號,69.43,住,,,1030813,土地0建物0車位0,全,4,透天厝,見使用執照,鋼筋混凝土造,0920929,13.23,1,0,1,有,無,有,2500,189,,0.0,0,,RPPOMLLLQHJFFHR27CC
永康區,建物,臺南市永康區復興路1巷2弄7號,69.43,住,,,1030819,土地0建物0車位0,全,4,透天厝,見使用執照,鋼筋混凝土造,0920929,13.23,1,0,1,有,無,有,2800,212,,0.0,0,,RPQOMLLLQHJFFHR37CC
永康區,建物,臺南市永康區永安二街3號7樓之1,0.0,住,,,1030816,土地0建物1車位0,七層,7,華廈(10層含以下有電梯),住家用,鋼筋混凝土造,0830122,72.92,3,2,2,有,有,有,8500,117,,0.0,0,,RPTOMLMLQHJFFHR77CC
北區,房地(土地+建物),臺南市北區前鋒路293號8樓之4,0.0,商,,,1030804,土地1建物1車位0,八層,12,住宅大樓(11層含以上有電梯),商業用,鋼筋混凝土造,0800123,41.81,0,0,0,無,無,無,8000,191,,0.0,0,,RPPNMLMLQHJFFAD77CC
安平區,建物,臺南市安平區建平八街551號22樓之11,0.0,住,,,1030808,土地0建物1車位0,二十二層,25,住宅大樓(11層含以上有電梯),住家用,鋼筋混凝土造,0770113,95.12,3,2,2,有,有,有,20000,210,,0.0,0,,RPUOMLMLQHJFFAD38CC
東區,房地(土地+建物),臺南市東區東門路2段365巷33弄4號5樓,0.0,住,,,1030811,土地1建物1車位0,五層,5,公寓(5樓含以下無電梯),住家用,鋼筋混凝土構造,0771224,92.32,3,2,2,有,無,無,7500,81,,0.0,0,,RPPNMLMLQHJFFCD97CC
東區,建物,臺南市東區林森路二段192巷24弄1之1號,0.0,商,,,1030818,土地0建物1車位0,二層,2,公寓(5樓含以下無電梯),住家用,鋼筋混凝土構造,0721121,90.41,3,1,2,有,無,有,12000,133,,0.0,0,,RPSOMLMLQHJFFCD38CC
東區,土地,竹篙厝段2900-3地號,196.0,住,,,1030723,土地2建物0車位0,,,其他,,,,0.0,0,0,0,有,無,有,23000,117,,0.0,0,,RPTOMLMLQHJFFCD48CC
南區,建物,臺南市南區新興路183巷16弄17號,0.0,其他,,,1030807,土地0建物1車位0,二層,2,公寓(5樓含以下無電梯),住家用,加強磚造,0591024,668.03,2,1,1,有,無,有,12000,18,,0.0,0,,RPPNMLNLQHJFFCD08CC
東區,建物,臺南市東區富強二街1號7樓,0.0,商,,,1030711,土地0建物1車位0,七層,10,華廈(10層含以下有電梯),住家用,鋼筋混凝土構造,0951207,95.09,3,2,2,有,無,有,28000,294,,0.0,0,,RPWNMLPLQHJFFCD98CC
中西區,房地(土地+建物),臺南市中西區健康路一段140巷30號之1,33.15,住,,,1030815,土地2建物1車位0,一層,5,公寓(5樓含以下無電梯),住家用,鋼筋混凝土造,0740529,169.44,4,2,2,有,無,無,16000,94,,0.0,0,,RPXOMLPLQHJFFAD98CC
新市區,建物,臺南市新巿區三舍里三舍201-11號,91.0,,鄉村區,乙種建築用地,1030821,土地0建物1車位0,全,4,透天厝,見其他登記事項,鋼筋混凝土造,0940307,174.98,4,2,3,有,無,有,16000,91,,0.0,0,,RPVNMLPLQHJFFER87CC
安平區,房地(土地+建物),臺南市安平區國平路599之1號,31.46,商,,,1030820,土地1建物1車位0,一層,21,住宅大樓(11層含以上有電梯),商業用,鋼筋混凝土造,0831222,584.6,0,0,0,無,有,無,12000,21,,0.0,0,,RPWNMLPLQHJFFAD88DC
仁德區,建物,臺南市仁德區德崙路21巷10弄4號2樓,0.0,商,,,1030814,土地0建物1車位0,二層,4,華廈(10層含以下有電梯),住商用,鋼筋混凝土造,0830608,133.1,4,2,2,有,有,有,12000,90,,0.0,0,1.因合約書無填具土地租賃面積2.由所有權人提供出租資料,RPRNMLPLQHJFFFR57CC
善化區,房地(土地+建物),臺南市善化區光文路25之1號2F6,242.62,住,,,1030809,土地1建物1車位0,全,3,透天厝,住家用,見其他登記事項,0700727,156.16,23,0,23,有,無,有,4500,29,,0.0,0,,RPQNMLRLQHJFFER57CC
善化區,房地(土地+建物),臺南市新巿區光文路25之1號2F6,242.62,住,,,1030809,土地1建物1車位0,全,3,透天厝,住家用,見其他登記事項,0700727,156.15,23,0,23,有,無,有,4500,29,,0.0,0,,RPRNMLRLQHJFFER67CC
善化區,房地(土地+建物),臺南市善化區光文路25之1號3F2,242.62,住,,,1030813,土地1建物1車位0,全,3,透天厝,住家用,見其他登記事項,0700727,156.15,23,0,23,有,無,有,4500,29,,0.0,0,,RPSNMLRLQHJFFER77CC
永康區,建物,臺南市永康區正南五街289巷72號2樓,0.0,住,,,1030827,土地0建物1車位0,三層,7,華廈(10層含以下有電梯),住家用,鋼筋混凝土造,0830413,68.32,3,2,2,有,有,有,10000,146,,0.0,0,,RPSNMLSLQHJFFHR18CC
永康區,房地(土地+建物),臺南市永康區永大路三段618巷5號,92.0,住,,,1030729,土地1建物1車位0,全,3,透天厝,住家用,見其他登記事項,1021104,198.05,0,0,0,無,無,無,24000,121,,0.0,0,,RPUNMLSLQHJFFHR38CC
永康區,建物,臺南市永康區中山東路142號3樓之5,0.0,住,,,1030828,土地0建物1車位0,三層,11,住宅大樓(11層含以上有電梯),住家用,鋼筋混凝土造,0900110,34.55,3,1,2,有,有,有,13000,376,,0.0,0,,RPOOMLSLQHJFFHR87CC
東區,房地(土地+建物),臺南市東區裕忠一街86號,121.32,住,,,1030729,土地1建物1車位0,全,5,透天厝,見其他登記事項,鋼筋混凝土構造,0920627,267.65,5,2,2,有,無,有,43000,161,,0.0,0,,RPSNMLSLQHJFFCD88CC
東區,建物,臺南市東區崇道路90號,0.0,住,,,1030823,土地0建物1車位0,全,3,透天厝,住商用,鋼筋混凝土構造,0811019,117.48,3,1,2,有,有,有,23000,196,,0.0,0,,RPUNMLSLQHJFFCD09CC
東區,房地(土地+建物),臺南市東區裕豐街68巷6號,0.0,住,,,1030829,土地2建物1車位0,全,2,透天厝,住家用,加強磚造,0700424,154.29,4,2,2,有,無,有,14000,91,,0.0,0,,RPPNMLLMQHJFFCD97CC
中西區,房地(土地+建物)+車位,臺南市中西區中華西路二段520號4樓之7,11.96,住,,,1030831,土地1建物1車位1,四層,15,住宅大樓(11層含以上有電梯),商業用,見其他登記事項,0630925,53.76,2,2,1,有,無,有,30000,558,坡道機械,4.02,0,,RPVNMLLJRHJFFAD18CC
中西區,建物,臺南市中西區萬昌街133號六樓之2,0.0,商,,,1030816,土地0建物1車位0,六層,11,住宅大樓(11層含以上有電梯),見其他登記事項,見其他登記事項,0950713,82.64,2,1,2,有,有,有,25000,303,,0.0,0,,RPROMLLJRHJFFAD87CC
北區,建物,臺南市北區公園北路165號二樓之5,0.0,商,,,1030829,土地0建物1車位0,十四層,14,住宅大樓(11層含以上有電梯),見其他登記事項,見其他登記事項,0951001,51.459999999999994,1,0,1,有,無,有,11500,223,,0.0,0,,RPSOMLLJRHJFFAD97CC
永康區,建物,臺南市永康區中華路425號20F-2,0.0,,,,1030815,土地0建物1車位1,二十層,22,辦公商業大樓,見其他登記事項,鋼筋混凝土造,0811215,453.52,0,0,0,無,無,無,40000,88,坡道平面,0.0,0,,RPRNMLLJRHJFFHR27CC
永康區,建物,臺南市永康區中華一路203巷16號三樓之5,0.0,住,,,1030828,土地0建物1車位0,三層,11,住宅大樓(11層含以上有電梯),見其他登記事項,鋼筋混凝土造,0871026,75.39999999999999,3,1,2,有,無,無,10000,133,,0.0,0,,RPQOMLLJRHJFFHR27CC
永康區,房地(土地+建物),臺南市永康區崑大路201巷28弄15號二樓,69.0,住,,,1030803,土地1建物1車位0,二層,2,套房(1房1廳1衛),住家用,鋼筋混凝土加強磚造,,49.17,1,0,1,有,無,有,7500,153,,0.0,0,僅出租二樓套房一間，不知詳細坪數，故租賃面積登錄謄本面積。,RPSOMLMJRHJFFHR57CC
新市區,房地(土地+建物),臺南市新巿區中正路106號,221.51,住,,,1030803,土地2建物1車位0,全,5,透天厝,住商用,鋼筋混凝土造,0970701,406.96,0,0,0,無,無,無,20000,49,,0.0,0,,RPSOMLMJRHJFFER27CC
中西區,建物,臺南市中西區康樂街47號,66.0,商,,,1030901,土地0建物1車位0,三層,5,店面(店鋪),商業用,鋼筋混凝土造,0691021,150.8,5,1,3,有,無,無,20000,133,,0.0,0,,RPSPMLMJRHJFFAD28DC
中西區,房地(土地+建物),臺南市中西區文和街21號,103.13,住,,,1030901,土地1建物1車位0,全,2,透天厝,住家用,加強磚造,0690804,122.62,2,2,2,有,無,有,10000,82,,0.0,0,,RPTOMLMJRHJFFAD18CC
北區,土地,小北段1462地號,142.37,其他,,,1030901,土地2建物0車位0,,,其他,,,,0.0,0,0,0,有,無,無,17000,119,,0.0,0,,RPVOMLMJRHJFFAD38CC
北區,建物,臺南市北區北門路２段577巷26號10樓之1,0.0,住,,,1030803,土地0建物1車位0,十層,10,華廈(10層含以下有電梯),國民住宅,鋼筋混凝土造,0930521,160.8,3,2,2,有,無,有,13500,84,,0.0,0,,RPWNMLNJRHJFFAD48CC
安平區,建物,臺南市安平區永華路２段819號22樓之16,0.0,住,,,1030819,土地0建物1車位0,二十二層,24,住宅大樓(11層含以上有電梯),住家用,鋼筋混凝土造,0840530,117.4,3,2,2,有,有,有,17000,145,,0.0,0,,RPXNMLNJRHJFFAD58CC
北區,建物,臺南市北區南園街106巷8之1號2樓,0.0,住,,,1030820,土地0建物1車位0,二層,4,公寓(5樓含以下無電梯),住家用,鋼筋混凝土造,0660317,71.5,2,2,2,有,無,有,9000,126,,0.0,0,,RPQOMLNJRHJFFAD97CC
中西區,建物,臺南市中西區衛民街62號   5樓之12,0.0,商,,,1030831,土地0建物1車位0,五層,9,華廈(10層含以下有電梯),見其他登記事項,見其他登記事項,0950713,77.47,2,1,1,有,無,有,16500,213,,0.0,0,,RPUOMLNJRHJFFAD38CC
東區,建物,臺南市東區東門路１段61號 6樓之4,0.0,住,,,1030821,土地0建物1車位0,六層,7,套房(1房1廳1衛),住家用,鋼筋混凝土構造,0790102,22.41,1,0,1,有,有,有,8500,379,,0.0,0,,RPSNMLNJRHJFFCD28CC
佳里區,房地(土地+建物),臺南市佳里區營頂里75-6號,70.0,,鄉村區,乙種建築用地,1030901,土地2建物1車位0,見其他登記事項,4,店面(店鋪),住商用,鋼筋混凝土造,0820526,209.05,5,2,4,有,無,有,10000,48,,0.0,0,,RPQNMLNJRHJFFDR96CC
佳里區,房地(土地+建物),臺南市佳里區東寧里18鄰東寧27-4號,91.0,商,,,1030901,土地1建物1車位0,見其他登記事項,4,店面(店鋪),住商用,鋼筋混凝土造,0780530,217.34,5,3,3,有,無,有,16000,74,,0.0,0,,RPRNMLNJRHJFFDR07CC
安定區,建物,臺南市安定區許中營93之16號,0.0,,特定農業區,甲種建築用地,1030826,土地0建物1車位0,全,3,透天厝,住家用,鋼筋混凝土造,1030124,161.5,4,2,4,有,無,有,20000,124,,0.0,0,,RPUNMLNJRHJFFER47CC
新化區,房地(土地+建物),臺南市新化區中正路835號,77.0,,特定農業區,甲種建築用地,1030826,土地1建物1車位0,全,2,透天厝,住家用,加強磚造,0741030,90.96,4,2,2,有,無,有,15000,165,,0.0,0,,RPSOMLNJRHJFFER37CC
新市區,房地(土地+建物),臺南市新巿區大營路131之5號,100.0,,特定農業區,甲種建築用地,1030829,土地1建物1車位0,全,4,透天厝,住商用,鋼筋混凝土造,0860911,190.17,5,2,3,有,無,有,22500,118,,0.0,0,,RPUOMLNJRHJFFER57CC
永康區,建物,臺南市永康區大橋三街199巷13號,0.0,住,,,1030815,土地0建物1車位0,全,2,透天厝,住家用,加強磚造,0770719,106.11,4,2,3,有,無,有,14000,132,,0.0,0,,RPSNMLNJRHJFFHR57CC
永康區,房地(土地+建物),臺南市永康區永大路三段618巷13號,90.0,其他,,,1030901,土地1建物1車位0,見其他登記事項,3,店面(店鋪),住家用,見其他登記事項,1021104,194.67,5,2,3,有,無,有,29000,149,,0.0,0,永大店面,RPUNMLNJRHJFFHR77CC
永康區,建物,臺南市永康區新興街6之1號   7樓之1,0.0,住,,,1030827,土地0建物1車位0,七層,11,住宅大樓(11層含以上有電梯),住家用,鋼筋混凝土造,0880519,81.27000000000001,3,2,2,有,有,有,11000,135,,0.0,0,,RPVNMLNJRHJFFHR87CC
永康區,土地,蔦松段965地號,2785.0,其他,,,1030901,土地1建物0車位0,,,其他,,,,0.0,0,0,0,有,無,無,33698,12,,0.0,0,,RPVNMLOJRHJFFHR97CC
永康區,土地,蔦松段964地號,992.0,其他,,,1030901,土地1建物0車位0,,,其他,,,,0.0,0,0,0,有,無,無,12004,12,,0.0,0,,RPWNMLOJRHJFFHR08CC
永康區,土地,蔦松段942地號,2787.0,其他,,,1030901,土地1建物0車位0,,,其他,,,,0.0,0,0,0,有,無,無,22482,8,,0.0,0,,RPXNMLOJRHJFFHR18CC
永康區,土地,蔦松段966地號,1381.0,其他,,,1030901,土地1建物0車位0,,,其他,,,,0.0,0,0,0,有,無,無,16667,12,,0.0,0,,RPOOMLOJRHJFFHR37CC
永康區,建物,臺南市永康區大同街8巷2號,0.0,住,,,1030721,土地0建物1車位0,全,4,透天厝,住家用,鋼筋混凝土造,0950306,222.8,5,2,4,有,無,有,23000,103,,0.0,0,,RPXOMLOJRHJFFHR28CC
永康區,房地(土地+建物),臺南市永康區文化路36號9樓之,6.68,住,,,1030904,土地1建物1車位0,九層,13,住宅大樓(11層含以上有電梯),住家用,鋼筋混凝土造,0840228,82.8,2,1,1,有,有,有,6500,79,,0.0,0,,RPRPMLOJRHJFFHR77CC
佳里區,建物,臺南市佳里區鎮山街346巷18弄8號,0.0,住,,,1030816,土地0建物1車位0,全,3,透天厝,住家用,鋼筋混凝土造,0820810,162.7,5,2,3,有,無,有,9000,55,,0.0,0,1.合約書無填具土地租賃面積.2.由所有權人提供出租資訊,RPPOMLOJRHJFFDR07CC
東區,建物,臺南市東區崇德十八街80號   2樓之1,0.0,住,,,1030715,土地0建物1車位0,二層,9,華廈(10層含以下有電梯),住家用,鋼筋混凝土構造,0830723,100.02000000000001,3,1,2,有,無,有,12500,125,,0.0,0,,RPUNMLOJRHJFFCD58CC
東區,房地(土地+建物),臺南市東區中華東路二段167號十一樓之13,2.75,住,,,1030813,土地1建物1車位0,十一層,14,套房(1房1廳1衛),住家用,鋼筋混凝土構造,0970229,31.75,1,0,1,有,有,有,7600,239,,0.0,0,,RPQOMLPJRHJFFCD38CC
東區,房地(土地+建物),臺南市東區立德11路55巷30號4樓,0.0,住,,,1030905,土地1建物1車位0,四層,5,公寓(5樓含以下無電梯),住家用,鋼筋混凝土構造,0810904,34.78,2,1,1,有,無,無,5000,144,,0.0,0,,RPPNMLQJRHJFFCD28CC
東區,房地(土地+建物),臺南市東區東平路39號,0.0,住,,,1030905,土地1建物1車位0,見其他登記事項,3,店面(店鋪),住商用,鋼筋混凝土構造,0680720,134.12,2,2,2,有,無,無,38000,283,,0.0,0,,RPQNMLQJRHJFFCD38CC
東區,房地(土地+建物),臺南市東區崇道路82號,21.66,住,,,1030821,土地1建物1車位0,見其他登記事項,3,華廈(10層含以下有電梯),住商用,鋼筋混凝土構造,0811019,150.41,2,2,3,有,有,無,21000,140,,0.0,0,,RPQNMLKKRHJFFCD97DC
永康區,房地(土地+建物),臺南市永康區中正路246號,42.63,住,,,1030909,土地1建物1車位0,二層,11,住宅大樓(11層含以上有電梯),住商用,鋼筋混凝土造,0801024,145.14,3,2,2,有,有,無,23000,158,,0.0,0,,RPSNMLLKRHJFFHR47CC
安平區,建物,臺南市安平區永華路二段819號15樓之1,10.0,住,,,1030910,土地0建物1車位0,十五層,24,住宅大樓(11層含以上有電梯),住家用,鋼筋混凝土造,0840530,176.0,3,2,2,有,無,有,16000,91,,0.0,0,,RPVOMLLKRHJFFAD38CC
東區,房地(土地+建物),臺南市東區小東路370號,56.0,其他,,,1030912,土地1建物1車位0,全,2,透天厝,住家用,加強磚造,0631211,85.28,2,2,2,有,無,無,18000,211,,0.0,0,,RPQNMLNKRHJFFCD18CC
北區,房地(土地+建物),臺南市北區開元路148巷23弄30號,60.0,住,,,1030906,土地1建物1車位0,全,2,透天厝,住家用,加強磚造,0600528,78.1,2,2,2,有,無,有,14500,186,,0.0,0,,RPQNMLOKRHJFFAD08CC
南區,建物,臺南市南區健康路二段491號1+2樓,0.0,,,,1030818,土地0建物1車位0,一層,7,店面(店鋪),住家用,鋼筋混凝土構造,0820208,284.72,0,0,0,無,有,無,60000,211,,0.0,0,,RPRNMLPKRHJFFCD48CC
善化區,建物,臺南市善化區大信路60號,82.32,住,,,1030915,土地0建物1車位0,全,5,透天厝,住商用,鋼筋混凝土造,0830727,228.61,7,1,8,有,無,有,42000,184,,0.0,0,,RPROMLPKRHJFFER57CC
歸仁區,房地(土地+建物),臺南市歸仁區中山路三段108號,231.69,住,,,1030904,土地2建物1車位0,二層,3,店面(店鋪),住家用,鋼筋混凝土造,0850412,122.81,4,2,7,有,無,無,50000,407,,0.0,0,103/09/04簽約103/10/10~109/10/10為正式租賃期間,RPROMLPKRHJFFFR67CC
新市區,房地(土地+建物),臺南市新巿區銘傳街86號三樓後,87.5,住,,,1030913,土地1建物1車位0,全,4,透天厝,見其他登記事項,鋼筋混凝土造,1020115,244.84,8,1,8,有,無,有,5000,20,,0.0,0,,RPQNMLQKRHJFFER47CC
東區,房地(土地+建物),臺南市東區崇明10街72號5樓之4,0.0,住,,,1030915,土地1建物1車位0,五層,6,華廈(10層含以下有電梯),住家用,鋼筋混凝土構造,0800827,77.89,3,2,2,有,無,有,10500,135,,0.0,0,,RPXNMLQKRHJFFCD56CC
南區,建物,臺南市南區萬年路8號,0.0,住,,,1030819,土地0建物1車位0,全,4,透天厝,住商用,鋼筋混凝土構造,0861211,367.58,5,1,5,有,無,有,20000,54,,0.0,0,,RPPOMLQKRHJFFCD48CC
南區,建物,臺南市南區健康路二段499號3樓之308室,0.0,住,,,1030821,土地0建物1車位0,三層,9,華廈(10層含以下有電梯),住家用,鋼筋混凝土構造,0820208,140.54,1,0,1,有,有,有,5000,36,,0.0,0,,RPQOMLQKRHJFFCD58CC
中西區,房地(土地+建物),臺南市中西區中山路90號10樓之12,0.0,住,,,1030910,土地1建物1車位0,十層,12,住宅大樓(11層含以上有電梯),住商用,鋼筋混凝土造,0671026,32.18,0,0,0,無,無,無,5500,171,,0.0,0,,RPOOMLQKRHJFFAD18CC
北區,建物,臺南市北區公園南路339號13樓之1,51.52,住,,,1030912,土地0建物1車位0,十三層,14,住宅大樓(11層含以上有電梯),見其他登記事項,鋼筋混凝土造,0971219,57.86,2,1,1,有,無,有,28000,484,,0.0,0,,RPRPMLQKRHJFFAD58CC
新市區,房地(土地+建物),臺南市新巿區復興路6巷19弄29號,104.73,其他,,,1030915,土地1建物0車位0,全,2,透天厝,住家用,加強磚造,0700201,31.5,1,1,1,有,無,有,6500,206,,0.0,0,,RPQNMLRKRHJFFER57CC
中西區,房地(土地+建物),臺南市中西區中成路18號8樓13,3.19,商,,,1030901,土地1建物1車位0,八層,20,住宅大樓(11層含以上有電梯),住家用,鋼筋混凝土造,0860127,25.41,1,1,1,有,無,有,9000,354,,0.0,0,,RPQOMLRKRHJFFAD58DC
歸仁區,房地(土地+建物),臺南市歸仁區大仁街33號,496.0,商,,,1030917,土地2建物1車位0,一層,2,店面(店鋪),商業用,鋼造,0861118,354.57,1,1,1,有,無,無,30000,85,,0.0,0,於103/09/17簽約但租賃期間為103/11/01~105/10/31為期2年,RPSNMLSKRHJFFFR97CC
永康區,建物,臺南市永康區中山路118號,0.0,住,,,1030912,土地0建物1車位0,一層,4,店面(店鋪),住商用,鋼筋混凝土造,0810222,158.67,0,0,0,無,無,無,40000,252,,0.0,0,,RPPOMLSKRHJFFHR97CC
永康區,土地,崑山段504地號,190.53,其他,,,1030905,土地2建物0車位0,,,其他,,,,0.0,0,0,0,有,無,無,16000,84,,0.0,0,,RPQOMLSKRHJFFHR08CC
北區,土地,延平段1722-1地號,112.0,住,,,1030915,土地6建物0車位0,,,其他,,,,0.0,0,0,0,有,無,無,20000,179,,0.0,0,,RPTNMLSKRHJFFAD78CC
北區,建物,臺南市北區文成一路46號,0.0,住,,,1030902,土地0建物1車位0,全,4,透天厝,住商用,鋼筋混凝土造,0751023,365.34,4,2,4,有,無,有,18000,49,,0.0,0,,RPUNMLSKRHJFFAD88CC
中西區,建物,臺南市中西區永福路一段76號三樓之3B,0.0,其他,,,1030917,土地0建物0車位0,全,5,透天厝,見其他登記事項,見其他登記事項,1021115,22.68,1,0,1,有,無,有,8500,375,,0.0,0,,RPWNMLSKRHJFFAD09CC
東區,建物,臺南市東區中華東路一段16號8樓之9,0.0,商,,,1030915,土地0建物1車位0,八層,14,住宅大樓(11層含以上有電梯),住家用,見其他登記事項,0930712,77.41,1,0,1,有,無,有,11000,142,,0.0,0,,RPQNMLSKRHJFFCD68CC
東區,建物,臺南市東區東東寧路２８之３號,0.0,住,,,1030904,土地0建物1車位0,見其他登記事項,4,公寓(5樓含以下無電梯),住家用,鋼筋混凝土構造,0700930,109.58,2,2,2,有,無,無,50000,456,,0.0,0,,RPSOMLTKRHJFFCD09CC
善化區,房地(土地+建物),臺南市善化區大成路136號,74.8,其他,,,1030901,土地2建物1車位0,見其他登記事項,4,店面(店鋪),住商用,鋼筋混凝土造,0811215,215.39,6,2,4,有,無,無,19200,89,,0.0,0,,RPRNMLTKRHJFFER87CC
安南區,土地,州北段902地號,86.0,住,,,1030905,土地1建物0車位0,,,其他,,,,0.0,5,0,0,有,無,有,39773,462,,0.0,0,建物未保存登記,RPPNMLTKRHJFFBD58CC
安南區,房地(土地+建物),臺南市安南區公學路五段697巷155號7樓,21.32,住,,,1030917,土地1建物1車位0,七層,12,住宅大樓(11層含以上有電梯),住家用,鋼筋混凝土造,0870814,98.84,3,2,2,有,有,有,7500,76,,0.0,0,4房.僅租3房2廳2衛,RPQNMLTKRHJFFBD68CC
東區,房地(土地+建物),臺南市東區崇善路41號五樓,18.94,住,,,1030821,土地1建物2車位0,五層,6,華廈(10層含以下有電梯),住家用,鋼筋混凝土構造,0800225,93.68,2,2,1,有,有,無,9000,96,,0.0,0,,RPRNMLKLRHJFFCD08CC
東區,房地(土地+建物),臺南市東區府連路305號四樓,87.0,住,,,1030913,土地1建物1車位0,全,4,透天厝,住商用,鋼筋混凝土構造,0671223,21.48,1,0,1,有,無,有,6500,303,,0.0,0,,RPOOMLNLRHJFFCD18CC
東區,建物,臺南市東區中華東路二段126號,0.0,商,,,1030824,土地0建物1車位0,全,2,透天厝,見其他登記事項,鋼筋混凝土構造,1030124,184.14,0,0,2,有,無,無,55000,299,,0.0,0,,RPPOMLNLRHJFFCD28CC
安平區,房地(土地+建物),臺南市安平區建平八街551號十五樓之8,3212.0,住,,,1030910,土地1建物1車位0,十五層,26,住宅大樓(11層含以上有電梯),住家用,鋼筋混凝土造,0870105,166.94,4,2,2,有,有,有,19000,114,,0.0,0,,RPWOMLNLRHJFFAD78CC
北區,建物,臺南市北區中華北路二段155之2號,0.0,住,,,1030826,土地0建物1車位0,全,5,透天厝,見其他登記事項,見其他登記事項,1000811,299.42,4,2,6,有,無,有,32000,107,,0.0,0,,RPOPMLNLRHJFFAD08CC
中西區,建物,臺南市中西區五妃街227號,0.0,住,,,1030826,土地0建物1車位0,全,2,透天厝,住家用,加強磚造,0610726,135.57,0,0,0,無,無,有,40000,295,,0.0,0,,RPUPMLNLRHJFFAD68CC
仁德區,建物,臺南市仁德區中山路875巷59弄7號,0.0,住,,,1030830,土地0建物1車位0,全,4,透天厝,住家用,鋼筋混凝土造,0930706,141.96,4,1,3,有,無,有,15000,106,,0.0,0,,RPWNMLNLRHJFFFR97CC
永康區,房地(土地+建物),臺南市永康區復興路1巷2弄7號,69.43,住,,,1030824,土地1建物1車位0,全,3,透天厝,見使用執照,鋼筋混凝土造,0920929,16.52,1,0,1,有,無,有,3500,212,,0.0,0,,RPQOMLNLRHJFFHR67CC
永康區,土地,永中段466-2地號,71.33,住,,,1030916,土地1建物0車位0,,,其他,,,,0.0,0,0,0,有,無,無,12500,175,,0.0,0,,RPVOMLNLRHJFFHR18CC
善化區,建物,臺南市善化區和平路126巷8號,80.88,其他,,,1030923,土地0建物1車位0,全,2,透天厝,市場攤位,加強磚造,0650101,78.63,3,2,3,有,無,有,9000,114,,0.0,0,,RPSNMLOLRHJFFER57CC
新市區,房地(土地+建物),臺南市新巿區中正路92巷10號3樓之7,19.49,其他,,,1030924,土地1建物1車位0,三層,8,華廈(10層含以下有電梯),住家用,鋼筋混凝土造,0830806,71.12,3,2,2,有,無,有,7500,105,,0.0,0,,RPOOMLOLRHJFFER27CC
中西區,建物,臺南市中西區永福路一段76號三樓C,0.0,其他,,,1030924,土地0建物0車位0,全,5,透天厝,見其他登記事項,見其他登記事項,1021115,25.42,1,0,1,有,無,有,8500,334,,0.0,0,,RPXOMLQLRHJFFAD56CC
中西區,房地(土地+建物),臺南市中西區大同路1段70巷7號2樓,0.0,住,,,1030920,土地1建物1車位0,二層,5,公寓(5樓含以下無電梯),住家用,鋼筋混凝土造,0740618,102.98,3,2,2,有,無,無,8500,83,,0.0,0,,RPSPMLQLRHJFFAD78CC
東區,房地(土地+建物),臺南市東區慶東街127巷18號3樓,0.0,住,,,1030924,土地1建物1車位0,三層,5,公寓(5樓含以下無電梯),住家用,鋼筋混凝土構造,0690912,69.1,3,2,2,有,無,有,7000,101,,0.0,0,,RPRNMLQLRHJFFCD68CC
東區,建物,臺南市東區裕豐街214巷34之1號 2樓,0.0,住,,,1030828,土地0建物1車位0,二層,5,公寓(5樓含以下無電梯),住家用,鋼筋混凝土構造,0690726,132.45,5,2,2,有,有,有,17000,128,,0.0,0,,RPRNMLRLRHJFFCD78CC
南區,建物,臺南市南區大成路１段38號,0.0,住,,,1030828,土地0建物1車位0,全,5,透天厝,見其他登記事項,鋼筋混凝土構造,1021217,209.57,1,0,1,有,無,有,6000,29,,0.0,0,,RPSNMLRLRHJFFCD88CC
南區,建物,臺南市南區健康路二段114號5樓,0.0,住,,,1030829,土地0建物1車位0,五層,6,辦公商業大樓,見其他登記事項,鋼筋混凝土構造,0800424,1408.11,0,1,1,有,有,有,26400,19,,0.0,0,,RPWNMLRLRHJFFCD66CC
東區,建物,臺南市東區林森路１段132號   5樓之8,0.0,住,,,1030830,土地0建物1車位0,五層,16,住宅大樓(11層含以上有電梯),住家用,鋼筋混凝土構造,0820609,80.51,3,2,2,有,有,有,20000,248,,0.0,0,,RPXNMLRLRHJFFCD76CC
中西區,建物,臺南市中西區西門路１段466號   3樓之1,0.0,住,,,1030831,土地0建物1車位0,三層,7,華廈(10層含以下有電梯),住家用,鋼筋混凝土造,0700605,63.61,3,2,2,有,有,有,13000,204,,0.0,0,,RPPNMLRLRHJFFAD38CC
永康區,建物,臺南市永康區東橋五路72巷11號,0.0,住,,,1030902,土地0建物1車位0,全,4,透天厝,住家用,見其他登記事項,1021028,193.8,4,2,3,有,無,有,23000,119,,0.0,0,,RPUNMLRLRHJFFHR38CC
永康區,建物,臺南市永康區大橋一街53之5號   6樓之5,70.48,住,,,1030831,土地0建物1車位0,七層,16,住宅大樓(11層含以上有電梯),住家用,鋼筋混凝土造,0880824,70.48,2,1,1,有,有,有,9500,135,,0.0,0,,RPVNMLRLRHJFFHR48CC
新市區,房地(土地+建物),臺南市新巿區富林路359號5樓之 1,23.15,住,,,1030920,土地1建物1車位0,五層,7,華廈(10層含以下有電梯),住家用,鋼筋混凝土造,0831021,94.44,3,2,2,有,無,無,12000,127,,0.0,0,,RPPNMLSLRHJFFER67CC
善化區,土地,大成段180地號,202.16,其他,,,1030907,土地3建物0車位0,,,其他,,,,0.0,0,0,0,有,無,無,12000,59,,0.0,0,,RPVNMLTLRHJFFER38CC
安南區,建物,臺南市安南區怡安路一段53號,72.0,住,,,1030916,土地0建物1車位0,全,4,透天厝,住商用,鋼筋混凝土造,0780802,160.2,4,2,3,有,無,無,18000,112,,0.0,0,,RPTNMLTLRHJFFBD09CC
中西區,建物,臺南市中西區永福路一段189號11樓A2室,0.0,商,,,1030829,土地0建物1車位0,十一層,13,辦公商業大樓,見其他登記事項,見其他登記事項,1020604,231.57,0,0,0,無,有,無,43431,188,,0.0,0,,RPROMLTLRHJFFAD88CC
東區,建物,臺南市東區東門路二段365巷33弄5號,0.0,住,,,1030905,土地0建物0車位0,二層,3,其他,見其他登記事項,鋼筋混凝土構造,0990915,26.44,1,0,1,有,有,有,8500,321,,0.0,0,,RPOOMLTLRHJFFCD78CC
東區,建物,臺南市東區東平路131號,0.0,住,,,1030924,土地0建物1車位0,全,5,透天厝,見其他登記事項,鋼筋混凝土構造,1021204,335.26,0,0,0,無,無,無,85000,254,,0.0,0,,RPSNMLKMRHJFFCD28CC
中西區,建物,臺南市中西區金華路三段252號20樓之3,0.0,商,,,1030922,土地0建物1車位0,二十一層,21,住宅大樓(11層含以上有電梯),住家用,鋼筋混凝土造,0870219,68.63,2,1,1,有,有,有,12000,175,,0.0,0,,RPOOMLKMRHJFFAD77CC
中西區,房地(土地+建物),臺南市中西區中華西路二段520號6樓之3,11.91,住,,,1030929,土地1建物1車位0,六層,15,住宅大樓(11層含以上有電梯),住家用,加強磚造,0620327,52.38,2,2,1,有,無,有,24000,458,,0.0,0,,RPOPMLKMRHJFFAD87CC
安平區,房地(土地+建物),臺南市安平區永華路二段849號,16.02,住,,,1030910,土地1建物1車位0,見其他登記事項,5,店面(店鋪),住商用,鋼筋混凝土造,0850213,216.75,6,1,4,有,有,有,10000,46,,0.0,0,,RPPPMLKMRHJFFAD97CC
永康區,建物,臺南市永康區大橋一街63號七樓之3,0.0,住,,,1030928,土地0建物1車位0,七層,13,住宅大樓(11層含以上有電梯),住家用,鋼筋混凝土造,0830408,117.53999999999999,3,2,2,有,無,有,13000,111,,0.0,0,,RPQOMLKMRHJFFHR47CC
新市區,土地,富強段501地號,453.68,其他,,,1031001,土地1建物0車位0,,,其他,,,,0.0,0,0,0,有,無,無,22000,48,,0.0,0,,RPRNMLLJIIJFFER78CC
新市區,土地,富強段40地號,321.44,住,,,1030926,土地1建物0車位0,,,其他,,,,0.0,2,0,0,有,無,無,34432,107,,0.0,0,,RPXNMLLJIIJFFER76CC
永康區,建物,臺南市永康區小東路477巷24號,179.86,住,,,1030927,土地0建物1車位0,全,5,透天厝,住商用,鋼筋混凝土造,0770322,179.86,1,0,1,有,無,有,4500,25,,0.0,0,,RPQNMLMJIIJFFHR09CC
永康區,建物,臺南市永康區復華八街51巷39號8樓之3,0.0,住,,,1030910,土地0建物1車位0,八層,10,華廈(10層含以下有電梯),住家用,鋼筋混凝土造,0850426,62.28,3,1,1,有,有,有,10800,173,,0.0,0,,RPUNMLMJIIJFFHR86CC
永康區,建物,臺南市永康區新民街66巷2號   8樓之1,0.0,住,,,1030920,土地0建物1車位0,八層,9,套房(1房1廳1衛),住家用,鋼筋混凝土造,0821230,43.0,1,1,1,有,無,有,8500,198,,0.0,0,,RPOOMLMJIIJFFHR98CC
安南區,建物,臺南市安南區館前一路26巷2弄15號,0.0,住,,,1030902,土地0建物1車位0,全,4,透天厝,見其他登記事項,鋼筋混凝土造,1011205,286.93,5,2,4,有,無,有,23000,80,,0.0,0,1.合約書無填具土地租賃面積.2.由所有權人提供出租資訊3.租金以包含平面式車位,RPUNMLMJIIJFFBD47CC
仁德區,建物,臺南市仁德區德善路251巷7弄6號6樓之1,66.57,住,,,1030927,土地0建物1車位0,六層,9,華廈(10層含以下有電梯),住家用,鋼筋混凝土造,0860317,66.57,3,1,2,有,有,有,9000,135,,0.0,0,1.租賃契約書無填寫土地租賃面積2.由所有權人提供租屋資訊,RPRNMLMJIIJFFFR98CC
南區,房地(土地+建物),臺南市南區南和路12號,26.68,住,,,1030929,土地1建物1車位0,全,4,透天厝,住商用,鋼筋混凝土構造,0840325,72.01,6,2,5,有,無,有,18000,250,,0.0,0,,RPPNMLMJIIJFFCD17DC
安平區,建物,臺南市安平區育平路212號16樓之24,0.0,住,,,1030911,土地0建物1車位0,十六層,17,住宅大樓(11層含以上有電梯),住家用,鋼筋混凝土造,0840729,61.27,2,1,1,有,有,有,11000,180,,0.0,0,,RPPNMLMJIIJFFAD86CC
安平區,建物,臺南市安平區中華西路２段49巷24弄112號2樓之3,0.0,住,,,1030918,土地0建物1車位0,二層,6,華廈(10層含以下有電梯),住家用,鋼筋混凝土造,0811130,92.17,2,2,2,有,有,有,10000,108,,0.0,0,,RPQNMLMJIIJFFAD96CC
安平區,建物,臺南市安平區永華二街40巷93號,0.0,住,,,1030917,土地0建物1車位0,全,4,透天厝,住商用,鋼筋混凝土造,0820323,512.23,0,0,0,有,無,有,60000,117,,0.0,0,,RPRNMLMJIIJFFAD07CC
中西區,建物,臺南市中西區永福路二段11號7樓之1,0.0,住,,,1030919,土地0建物1車位0,七層,8,華廈(10層含以下有電梯),住家用,鋼筋混凝土造,0670817,79.85,2,2,2,有,有,有,9000,113,,0.0,0,,RPSNMLMJIIJFFAD17CC
安平區,房地(土地+建物),臺南市安平區建平八街452號1樓,10.49,住,,,1030929,土地1建物1車位0,一層,9,華廈(10層含以下有電梯),住商用,鋼筋混凝土造,0830330,216.68,2,3,2,有,有,有,5000,23,,0.0,0,,RPTNMLMJIIJFFAD27CC
北區,建物,臺南市北區文賢路1122巷78弄28號,0.0,住,,,1030929,土地0建物1車位0,全,3,透天厝,住商用,鋼筋混凝土造,0690604,136.41,4,2,3,有,無,有,12000,88,,0.0,0,,RPUNMLMJIIJFFAD37CC
安平區,房地(土地+建物),臺南市安平區建平八街452號1樓,10.49,住,,,1030929,土地1建物1車位0,一層,9,華廈(10層含以下有電梯),住商用,鋼筋混凝土造,0830330,216.68,2,3,2,有,有,有,5000,23,,0.0,0,,RPVNMLMJIIJFFAD47CC
安平區,建物,臺南市安平區府前三街129號   7樓之107,0.0,住,,,1030912,土地0建物1車位0,七層,7,套房(1房1廳1衛),住家用,鋼筋混凝土造,0850106,27.25,1,1,1,有,有,有,7000,257,,0.0,0,,RPQOMLMJIIJFFAD07CC
中西區,房地(土地+建物),臺南市中西區民族路二段185號,117.64,其他,,,1030901,土地4建物1車位0,見其他登記事項,2,店面(店鋪),商業用,磚造,0210101,55.64,1,2,1,有,無,無,68600,1233,,0.0,0,,RPTOMLMJIIJFFAD37CC
東區,建物,臺南市東區崇明二十三街6號4樓,0.0,住,,,1030910,土地0建物1車位0,四層,7,華廈(10層含以下有電梯),住商用,鋼筋混凝土構造,0860729,150.85,3,2,2,有,有,有,18000,119,,0.0,0,,RPQNMLMJIIJFFCD17CC
東區,建物,臺南市東區大同路１段113號3樓之2,0.0,住,,,1030917,土地0建物1車位0,全,4,透天厝,住商用,鋼筋混凝土構造,0720305,291.77,1,0,1,有,無,有,5500,19,,0.0,0,,RPRNMLMJIIJFFCD27CC
東區,建物,臺南市東區東門路１段212巷9號,0.0,住,,,1030927,土地0建物1車位0,全,3,透天厝,住家用,加強磚造,0560101,72.87,3,2,3,有,無,有,12000,165,,0.0,0,,RPSNMLMJIIJFFCD37CC
東區,房地(土地+建物),臺南市東區東興路36號,23.59,住,,,1030904,土地1建物1車位0,見其他登記事項,5,公寓(5樓含以下無電梯),住商用,鋼筋混凝土構造,0830709,350.28,8,2,9,有,無,有,60000,171,,0.0,0,,RPTNMLMJIIJFFCD47CC
東區,建物,臺南市東區榮譽街84巷23之2號   4樓,0.0,住,,,1030928,土地0建物1車位0,四層,5,公寓(5樓含以下無電梯),住家用,鋼筋混凝土構造,0711221,98.95,3,2,2,有,無,有,7500,76,,0.0,0,,RPVNMLMJIIJFFCD67CC
南區,建物,臺南市南區新建路23巷4號   1樓,0.0,住,,,1030922,土地0建物1車位0,一層,5,公寓(5樓含以下無電梯),國民住宅,鋼筋混凝土構造,0720718,75.45,3,2,2,有,無,有,8000,106,,0.0,0,,RPSOMLMJIIJFFCD47CC
東區,房地(土地+建物),臺南市東區富農街１段１２１號,9.8,住,,,1030920,土地1建物0車位0,三層,3,套房(1房1廳1衛),住商用,鋼筋混凝土構造,0690321,18.6,1,0,1,有,無,有,4300,231,,0.0,0,租三樓的其中一間套房。,RPQOMLQJIIJFFCD67CC
東區,房地(土地+建物),臺南市東區富農街１段１２１號,10.12,住,,,1030920,土地1建物0車位0,二層,3,套房(1房1廳1衛),住商用,鋼筋混凝土構造,0690321,19.5,1,0,1,有,無,有,4800,246,,0.0,0,租二樓的其中一間套房。,RPROMLQJIIJFFCD77CC
東區,房地(土地+建物),臺南市東區富農街１段１２１號,10.12,住,,,1030920,土地1建物0車位0,三層,3,套房(1房1廳1衛),住商用,鋼筋混凝土構造,0690321,19.5,1,0,1,有,無,有,4800,246,,0.0,0,租三樓的其中一間套房。,RPSOMLQJIIJFFCD87CC
南區,建物,臺南市南區新建路23巷3之4號5樓,0.0,住,,,1031001,土地0建物1車位0,五層,5,公寓(5樓含以下無電梯),國民住宅,鋼筋混凝土構造,0720718,86.13,3,1,2,有,無,有,6000,70,,0.0,0,,RPTNMLRJIIJFFCD97CC
東區,建物,臺南市東區府連路344巷25弄19號,0.0,住,,,1031001,土地0建物1車位0,全,2,透天厝,住家用,加強磚造,0590921,37.23,2,2,2,有,無,有,13000,349,,0.0,0,,RPVNMLRJIIJFFCD18CC
東區,建物,臺南市東區大同路２段45巷9號,0.0,住,,,1031001,土地0建物1車位0,全,2,透天厝,住家用,加強磚造,0620108,157.18,5,2,2,有,無,有,18000,115,,0.0,0,,RPWNMLRJIIJFFCD28CC
中西區,建物,臺南市中西區金華路三段252號17樓之1,0.0,,,,1031003,土地0建物1車位0,十七層,21,住宅大樓(11層含以上有電梯),住家用,鋼筋混凝土造,0870219,79.12,3,2,2,有,有,有,13000,164,,0.0,0,,RPVOMLRJIIJFFAD08CC
永康區,房地(土地+建物),臺南市永康區復國一路580號,84.5,住,,,1030910,土地1建物1車位0,一層,5,店面(店鋪),住商用,鋼筋混凝土造,0950428,44.82,0,0,0,無,無,無,10000,223,,0.0,0,,RPTOMLRJIIJFFHR37CC
永康區,房地(土地+建物),臺南市永康區中華一路98號,84.87,住,,,1030918,土地1建物1車位0,見其他登記事項,4,店面(店鋪),住商用,鋼筋混凝土造,0970305,64.28,4,2,4,有,無,無,26000,404,,0.0,0,,RPVOMLRJIIJFFHR57CC
新市區,房地(土地+建物),臺南市新巿區銘傳街86號3樓前,87.5,住,,,1031006,土地1建物1車位0,全,4,透天厝,見其他登記事項,鋼筋混凝土造,1020115,244.84,8,1,8,有,無,有,6500,27,,0.0,0,,RPQNMLRJIIJFFER66CC
新市區,房地(土地+建物),臺南市新巿區中正路92巷10號4樓之7,19.49,其他,,,1031006,土地1建物1車位0,四層,8,華廈(10層含以下有電梯),住商用,鋼筋混凝土造,0830806,71.12,3,2,2,有,有,有,10000,141,,0.0,0,,RPVQMLRJIIJFFER47CC
永康區,房地(土地+建物),臺南市永康區六合路68巷48號,3.26,住,,,1030922,土地1建物1車位0,見其他登記事項,7,華廈(10層含以下有電梯),住商用,鋼筋混凝土造,0831029,62.54,3,2,2,有,無,無,20000,320,,0.0,0,,RPRNMLSJIIJFFHR17CC
東區,建物,臺南市東區長榮路二段32巷144號,18.81,住,,,1030913,土地0建物1車位0,一層,5,公寓(5樓含以下無電梯),商業用,鋼筋混凝土構造,0781220,64.53,1,0,0,無,無,有,6500,101,,0.0,0,,RPTNMLSJIIJFFCD18DC
歸仁區,土地,歸仁南段1337地號,4163.0,,一般農業區,農牧用地,1031008,土地1建物0車位0,,,其他,,,,0.0,0,0,0,有,無,無,120000,29,,0.0,0,地上有農舍，並無保存登記,RPQPMLSJIIJFFFR07CC
東區,房地(土地+建物),臺南市東區仁和路95號5樓之3,2270.0,住,,,1030926,土地1建物1車位0,五層,10,華廈(10層含以下有電梯),住家用,鋼筋混凝土構造,0831107,63.52,3,1,1,有,有,無,6000,94,,0.0,0,,RPUOMLSJIIJFFCD48EC
東區,房地(土地+建物),臺南市東區東榮街7號6F-3,7.51,住,,,1030927,土地1建物1車位0,六層,8,華廈(10層含以下有電梯),住家用,鋼筋混凝土構造,0830901,12.56,1,1,1,有,無,有,7500,597,,0.0,0,,RPSNMLSJIIJFFCD97CC
南區,土地,日新段243地號,490.31,住,,,1030920,土地4建物0車位0,,,其他,,,,0.0,0,0,0,有,無,無,250000,510,,0.0,0,,RPTOMLSJIIJFFCD18CC
東區,房地(土地+建物),臺南市東區東寧路６５號,83.0,商,,,1030926,土地1建物1車位0,全,3,透天厝,住商用,加強磚造,0630521,193.7,0,0,0,無,無,無,50000,258,,0.0,0,,RPUOMLSJIIJFFCD28CC
南區,房地(土地+建物),臺南市南區中華西路一段225號,334.0,住,,,1031008,土地2建物0車位0,一層,1,店面(店鋪),商業用,見其他登記事項,0830812,198.52,0,1,1,有,無,有,75000,378,,0.0,0,,RPTOMLTJIIJFFCD28CC
東區,房地(土地+建物),臺南市東區東光路2段36巷6號2樓,0.0,住,,,1031005,土地1建物1車位0,二層,4,公寓(5樓含以下無電梯),住家用,鋼筋混凝土構造,0700602,78.03,3,2,2,有,無,有,9000,115,,0.0,0,,RPWOMLTJIIJFFCD58CC
北區,房地(土地+建物),臺南市北區長榮路5段15號,0.0,住,,,1030930,土地1建物1車位0,一層,14,店面(店鋪),見其他登記事項,鋼筋混凝土造,0920916,50.35,0,0,0,無,無,無,12000,238,,0.0,0,,RPPPMLTJIIJFFAD77CC
北區,房地(土地+建物),臺南市北區長榮路5段15號,0.0,住,,,1030930,土地1建物1車位0,一層,14,店面(店鋪),見其他登記事項,鋼筋混凝土造,0920916,50.35,0,0,0,無,無,無,12000,238,,0.0,0,,RPQPMLTJIIJFFAD87CC
北區,房地(土地+建物),臺南市北區長榮路5段15號,0.0,住,,,1030930,土地1建物1車位0,見其他登記事項,14,住宅大樓(11層含以上有電梯),見其他登記事項,鋼筋混凝土造,0920916,106.65,2,2,2,有,無,無,8000,75,,0.0,0,,RPRPMLTJIIJFFAD97CC
北區,房地(土地+建物),臺南市北區文成三路385號一樓,69.51,住,,,1030918,土地1建物1車位0,一層,4,店面(店鋪),見其他登記事項,鋼筋混凝土造,0891212,44.44,0,0,0,無,無,無,10000,225,,0.0,0,,RPPNMLMKIIJFFAD96CC
北區,房地(土地+建物),臺南市北區公園南路365號11樓之9,2.9,住,,,1030928,土地1建物1車位0,十一層,14,住宅大樓(11層含以上有電梯),見其他登記事項,見其他登記事項,0960824,18.82,1,0,1,有,有,有,6500,345,,0.0,0,,RPQNMLMKIIJFFAD07CC
安南區,土地,和工段744地號,1073.92,工,,,1030922,土地1建物0車位0,,,其他,,,,0.0,0,0,0,有,無,無,32500,30,,0.0,0,,RPPNMLMKIIJFFBD07CC
安南區,房地(土地+建物),臺南市安南區國安路155巷20弄7號,40.9,其他,,,1031011,土地1建物1車位0,全,2,透天厝,住商用,加強磚造,0701030,77.53,3,2,2,有,無,無,10000,129,,0.0,0,,RPQOMLNKIIJFFBD37CC
東區,房地(土地+建物),臺南市東區中華東路二段169號六樓之3,4.02,住,,,1030925,土地1建物1車位0,六層,14,套房(1房1廳1衛),住家用,鋼筋混凝土構造,0970229,44.71,1,0,1,有,有,有,11760,263,,0.0,0,租金含健保補充保費,RPVOMLNKIIJFFCD97CC
東區,房地(土地+建物),臺南市東區中華東路二段169號六樓之3,4.44,住,,,1030925,土地1建物1車位0,六層,14,套房(1房1廳1衛),住家用,鋼筋混凝土構造,0970229,46.05,1,0,1,有,有,有,11760,255,,0.0,0,租金含健保補充保費,RPUNMLOKIIJFFCD87CC
佳里區,房地(土地+建物),臺南市佳里區六安里3鄰進學路14號,142.0,住,,,1030916,土地1建物1車位0,一層,1,店面(店鋪),住商用,鋼筋混凝土造,0790925,77.85,0,0,0,無,無,有,20000,257,,0.0,0,,RPPNMLOKIIJFFDR98DC
北區,房地(土地+建物),臺南市北區和緯路四段95巷33號,258.76,其他,,,1031008,土地2建物1車位0,一層,5,公寓(5樓含以下無電梯),住商用,鋼筋混凝土造,0701017,71.05,3,2,1,有,無,有,9000,127,,0.0,0,,RPUNMLPKIIJFFAD77CC
安平區,房地(土地+建物),臺南市安平區健康三街146號11樓之1,5181.0,其他,,,1031011,土地1建物1車位0,十一層,14,住宅大樓(11層含以上有電梯),見其他登記事項,見其他登記事項,0950822,74.95,2,2,1,有,有,有,15000,200,,0.0,0,,RPVNMLPKIIJFFAD87CC
北區,建物,臺南市北區北園街6號4樓之2,0.0,商,,,1031015,土地0建物1車位0,四層,19,住宅大樓(11層含以上有電梯),住家用,鋼筋混凝土造,0851202,125.86,3,2,2,有,有,有,13000,103,,0.0,0,,RPWNMLQKIIJFFAD08CC
仁德區,建物,臺南市仁德區文山路85號,0.0,住,,,1031006,土地0建物1車位0,全,4,透天厝,住家用,鋼筋混凝土造,0950425,197.85,4,2,4,有,無,有,23000,116,,0.0,0,1.合約書無填具土地租賃面積.2.由所有權人提供出租資訊,RPXOMLQKIIJFFFR57CC
東區,房地(土地+建物),臺南市東區怡東路133號,75.0,住,,,1031001,土地1建物1車位0,全,4,透天厝,住商用,鋼筋混凝土構造,0761203,248.54,5,2,4,有,無,有,30000,121,,0.0,0,,RPSOMLQKIIJFFCD08DC
永康區,建物,臺南市永康區中華路578巷17之24號,0.0,,,,1031017,土地0建物1車位0,五層,17,套房(1房1廳1衛),住家用,鋼筋混凝土造,0810723,27.68,1,1,1,有,有,有,6500,235,,0.0,0,,RPUOMLRKIIJFFHR57CC
中西區,建物,臺南市中西區西賢六街20巷35號,0.0,,,,1031017,土地0建物1車位0,全,2,透天厝,住商用,加強磚造,0810107,145.9,4,2,2,有,無,有,14000,96,,0.0,0,,RPXNMLRKIIJFFAD28CC
中西區,建物,臺南市中西區金華路三段78號11樓之4,0.0,,,,1031003,土地0建物1車位0,十一層,12,套房(1房1廳1衛),住家用,鋼筋混凝土造,0790430,34.5,1,1,1,有,有,有,5000,145,,0.0,0,,RPOOMLRKIIJFFAD47CC
安平區,建物,臺南市安平區育平九街372巷189弄2號5樓之3,0.0,,,,1031014,土地0建物1車位0,五層,6,住宅大樓(11層含以上有電梯),住家用,鋼筋混凝土造,0830518,63.37,3,1,2,有,有,有,9500,150,,0.0,0,,RPPOMLRKIIJFFAD57CC
東區,建物,臺南市東區崇明路708號1樓,0.0,,,,1031013,土地0建物1車位0,見其他登記事項,5,店面(店鋪),見其他登記事項,鋼筋混凝土構造,0960626,581.79,0,1,1,有,無,有,13000,22,,0.0,0,,RPOOMLRKIIJFFCD67CC
東區,建物,臺南市東區府連路181號,0.0,,,,1031009,土地0建物1車位0,一層,1,店面(店鋪),住家用,木造,,100.47,0,0,0,無,無,有,20000,199,,0.0,0,,RPQOMLRKIIJFFCD87CC
東區,房地(土地+建物),臺南市東區裕農三街209號,192.88,住,,,1031016,土地2建物1車位0,見其他登記事項,4,店面(店鋪),見其他登記事項,鋼筋混凝土構造,0930420,429.18,5,2,4,有,無,無,65000,151,,0.0,0,,RPTNMLKLIIJFFCD47CC
中西區,建物,臺南市中西區臨安路一段77號,0.0,其他,,,1031019,土地0建物1車位0,全,3,透天厝,住工用,加強磚造,0580210,140.3,0,0,0,無,無,無,22000,157,,0.0,0,,RPROMLKLIIJFFAD17CC
中西區,房地(土地+建物),臺南市中西區湖美街68-2號,30.06,住,,,1031020,土地1建物1車位0,二層,14,住宅大樓(11層含以上有電梯),見其他登記事項,鋼筋混凝土造,0871203,167.44,2,2,2,有,有,無,35000,209,,0.0,0,,RPUOMLKLIIJFFAD47CC
中西區,房地(土地+建物),臺南市中西區湖美街68之2號,30.06,住,,,1031020,土地1建物1車位0,二層,14,住宅大樓(11層含以上有電梯),見其他登記事項,鋼筋混凝土造,0871203,167.44,2,2,2,有,有,無,35000,209,,0.0,0,,RPVOMLKLIIJFFAD57CC
中西區,房地(土地+建物),臺南市中西區湖美街68之2號,30.06,住,,,1031020,土地1建物1車位0,二層,14,住宅大樓(11層含以上有電梯),見其他登記事項,鋼筋混凝土造,0871203,167.44,2,2,2,有,有,無,35000,209,,0.0,0,,RPWOMLKLIIJFFAD67CC
善化區,房地(土地+建物),臺南市善化區光華路66號,79.8,其他,,,1031019,土地1建物1車位0,全,3,透天厝,住商用,鋼筋混凝土造,0730124,160.53,5,2,3,有,無,有,12000,75,,0.0,0,,RPQNMLKLIIJFFER78CC
善化區,房地(土地+建物),臺南市善化區坐駕92號,69.63,其他,,,1031019,土地1建物1車位0,全,2,透天厝,住家用,加強磚造,0721116,80.26,4,1,2,有,無,有,10000,125,,0.0,0,,RPRNMLKLIIJFFER88CC
永康區,土地,六甲頂段865地號,273.0,住,,,1031020,土地1建物0車位0,,,其他,,,,0.0,0,0,0,有,無,無,15000,55,,0.0,0,,RPUNMLLLIIJFFHR96CC
安南區,土地,十字段840-2地號,127.21,住,,,1031013,土地1建物0車位0,,,其他,,,,0.0,1,0,0,有,無,無,8000,63,,0.0,0,地上物未保存登記,RPQOMLLLIIJFFBD27CC
安南區,房地(土地+建物),臺南市安南區安中路三段292號,99.27,住,,,1031017,土地1建物1車位0,全,3,透天厝,住商用,鋼筋混凝土造,0750915,271.16,5,2,3,有,無,無,25000,92,,0.0,0,,RPROMLLLIIJFFBD37CC
永康區,房地(土地+建物),臺南市永康區中華路216巷58弄2號,102.06,住,,,1031020,土地1建物1車位0,全,2,透天厝,住家用,鋼筋混凝土造,0750409,122.34,5,2,2,有,無,無,15000,123,,0.0,0,,RPVNMLLLIIJFFHR17DC
東區,房地(土地+建物),臺南市東區裕農路375號,62.56,住,,,1031010,土地1建物1車位0,一層,12,住宅大樓(11層含以上有電梯),商業用,鋼筋混凝土構造,0790907,536.93,0,0,0,無,有,無,100000,186,,0.0,0,,RPVOMLMLIIJFFCD08DC
北區,房地(土地+建物),臺南市北區文賢路１０９０號,97.39,住,,,1030930,土地1建物1車位0,全,3,透天厝,住家用,加強磚造,0640611,165.66,5,2,3,有,無,無,30000,181,,0.0,0,,RPUPMLMLIIJFFAD77CC
中西區,建物,臺南市中西區中山路90號10樓之6,0.0,商,,,1031005,土地0建物1車位0,十層,12,住宅大樓(11層含以上有電梯),住商用,鋼筋混凝土造,0671026,48.32,1,0,1,有,無,有,4700,97,,0.0,0,,RPWPMLMLIIJFFAD97CC
南區,建物,臺南市南區新建路41巷6之3號,0.0,住,,,1031020,土地0建物1車位0,四層,5,公寓(5樓含以下無電梯),國民住宅,鋼筋混凝土構造,0711204,84.28,3,1,1,有,無,無,7000,83,,0.0,0,,RPOOMLMLIIJFFCD27CC
東區,房地(土地+建物),臺南市東區裕文路45號,23.96,住,,,1031008,土地1建物1車位0,一層,9,華廈(10層含以下有電梯),住商用,鋼筋混凝土構造,0850409,120.26,2,1,2,有,有,有,25000,208,,0.0,0,,RPWOMLMLIIJFFCD08CC
東區,房地(土地+建物)+車位,臺南市東區裕農路375號7樓,193.2,商,,,1030930,土地1建物1車位2,七層,12,辦公商業大樓,商業用,鋼筋混凝土構造,0790907,208.0,0,0,0,無,無,有,33000,159,坡道平面,0.0,0,,RPPOMLNLIIJFFCD47CC
中西區,建物,臺南市中西區成功路457號13樓之2,10.67,商,,,1030922,土地0建物1車位0,十三層,17,辦公商業大樓,商業用,鋼筋混凝土造,0801212,43.77,1,0,0,無,有,無,22000,503,,0.0,0,,RPUNMLNLIIJFFAD67CC
北區,建物,臺南市北區小東路423巷1號5樓之2,0.0,住,,,1030924,土地0建物1車位0,五層,14,住宅大樓(11層含以上有電梯),見其他登記事項,見其他登記事項,1000310,207.4,4,2,2,有,有,有,17000,82,,0.0,0,,RPSOMLNLIIJFFAD57CC
北區,建物,臺南市北區北成路401號十樓之11,0.0,住,,,1030927,土地0建物1車位0,十層,14,住宅大樓(11層含以上有電梯),見其他登記事項,鋼筋混凝土造,0990406,70.66,1,1,1,有,有,有,17000,241,,0.0,0,,RPXOMLNLIIJFFAD08CC
永康區,建物,臺南市永康區復華八街47巷27號6樓之3,0.0,住,,,1030923,土地0建物1車位0,六層,6,套房(1房1廳1衛),住家用,鋼筋混凝土造,0850305,30.46,1,1,1,有,有,有,5000,164,,0.0,0,,RPSNMLNLIIJFFHR96CC
安定區,建物,臺南市安定區安定52之3號,0.0,其他,,,1030927,土地0建物1車位0,全,4,透天厝,住商用,鋼筋混凝土造,0820729,192.5,1,1,1,有,無,有,4500,23,,0.0,0,1.合約書無填具土地租賃面積.2.由所有權人提供出租資訊3.透天分租,RPSOMLNLIIJFFER76CC
善化區,土地,六分寮段283-71地號,1656.0,,一般農業區,農牧用地,1031001,土地1建物0車位0,,,其他,,,,0.0,0,0,0,有,無,無,28500,17,,0.0,0,,RPUNMLOLIIJFFER96CC
安南區,房地(土地+建物),臺南市安南區海佃路三段220號,113.53,商,,,1031010,土地1建物1車位0,全,4,透天厝,住商用,鋼筋混凝土造,0911209,199.41,5,2,4,有,無,有,23000,115,,0.0,0,,RPPNMLPLIIJFFBD47CC
北區,房地(土地+建物),臺南市北區公園南路365號10樓之12,3.26,住,,,1031024,土地1建物1車位0,十層,14,住宅大樓(11層含以上有電梯),見其他登記事項,見其他登記事項,0960824,22.55,1,0,1,有,有,有,10000,443,,0.0,0,,RPSNMLQLIIJFFAD77CC
安南區,土地,十字段777地號,169.23,住,,,1031022,土地1建物0車位0,,,其他,,,,0.0,0,0,0,有,無,無,11000,65,,0.0,0,,RPWNMLRLIIJFFBD38CC
永康區,房地(土地+建物),臺南市永康區新行街117號,23.65,住,,,1031021,土地1建物1車位0,二層,16,店面(店鋪),住商用,鋼筋混凝土造,0820827,121.8,0,0,0,無,無,有,15000,123,,0.0,0,,RPRNMLRLIIJFFHR27CC
東區,房地(土地+建物),臺南市東區莊敬路181巷21號,0.0,住,,,1030929,土地1建物1車位0,全,4,透天厝,住家用,鋼筋混凝土構造,0700525,197.06,7,2,4,有,無,無,20000,101,,0.0,0,,RPQNMLSLIIJFFCD97CC
東區,房地(土地+建物),臺南市東區中華東路二段２９５巷３號,81.0,住,,,1031003,土地1建物1車位0,全,4,透天厝,住家用,鋼筋混凝土構造,0770323,164.53,5,2,3,有,無,有,21280,129,,0.0,0,租金含稅及二代健保費。,RPSNMLSLIIJFFCD18CC
東區,建物,臺南市東區府東街203號3樓之2,0.0,住,,,1031010,土地0建物1車位0,三層,7,套房(1房1廳1衛),住家用,鋼筋混凝土構造,0830304,34.199999999999996,1,1,1,有,有,有,6500,190,,0.0,0,,RPVOMLTLIIJFFCD68CC
東區,建物,臺南市東區府連路285號,0.0,住,,,1031008,土地0建物1車位0,全,3,透天厝,住商用,鋼筋混凝土構造,0780327,167.88,4,1,2,有,無,無,20000,119,,0.0,0,,RPWOMLTLIIJFFCD78CC
安平區,房地(土地+建物),臺南市安平區育平九街237號1樓,1322.0,住,,,1030924,土地1建物1車位0,一層,8,店面(店鋪),住商用,鋼筋混凝土造,0830817,62.84,0,0,0,無,有,無,5000,80,,0.0,0,,RPVNMLTLIIJFFAD38CC
中西區,房地(土地+建物),臺南市中西區府前路一段121號,125.0,商,,,1031028,土地1建物2車位0,見其他登記事項,3,店面(店鋪),住商用,加強磚造,0510331,227.71,3,1,3,有,無,無,29000,127,,0.0,0,,RPOOMLTLIIJFFAD77CC
仁德區,建物,臺南市仁德區中山路687巷3號,0.0,住,,,1031021,土地0建物0車位0,全,2,透天厝,住商用,鋼筋混凝土造,0960215,26.45,1,0,1,有,無,有,5500,208,,0.0,0,,RPOOMLTLIIJFFFR07CC
學甲區,房地(土地+建物),臺南市學甲區秀昌里一秀50之3號,75.38,住,,,1031015,土地1建物1車位0,全,3,透天厝,住商用,鋼筋混凝土造,0711106,157.05,3,2,3,有,無,無,7000,45,,0.0,0,,RPRNMLKMIIJFFDR98DC
