﻿編號,屋齡,建物移轉面積平方公尺,主要用途,主要建材,建築完成日期,總層數,建物分層
The serial number,room age,building shifting area square meter,the main use,main building materials,construction completes the date,total layer,building lamination
RPRPMLLJQHJFFAH28CC,11,44.40,住家用,鋼筋混凝土造,92年11月14日,十四層,
RPRPMLLJQHJFFAH28CC,11,9.60,共有部份,鋼筋混凝土造,92年11月14日,十四層,
RPPPMLLJQHJFFAH08CC,17,27.27,一般事務所,鋼筋混凝土造,86年12月24日,十七層,
RPRPMLLJQHJFFAH28CC,11,7.69,共有部份,鋼筋混凝土造,92年11月14日,十四層,
RPPPMLLJQHJFFAH08CC,17,3.24,共有部份,鋼筋混凝土造,86年12月24日,十七層,
RPPPMLLJQHJFFAH08CC,17,8.34,共有部份,鋼筋混凝土造,86年12月24日,十七層,
RPSOMLLJQHJFFBH38CC,22,107.09,住家用,鋼筋混凝土造,81年9月18日,六層,
RPSOMLLJQHJFFBH38CC,22,31.71,共有部份,鋼筋混凝土造,81年9月18日,六層,
RPQNMLNJQHJFFBH38DC,7,288.96,店舖、住宅、停車空間、梯間,鋼筋混凝土造,96年7月16日,四層,
RPTOMLLJQHJFFBH48CC,22,107.09,住家用,鋼筋混凝土造,81年9月18日,六層,
RPTOMLLJQHJFFBH48CC,22,31.71,共有部份,鋼筋混凝土造,81年9月18日,六層,
RPRSMLLJQHJFFAH68DC,3,289.14,店舖（附屬停車空間）、住宅（附屬樓梯間，電梯間）,鋼筋混凝土造,100年12月2日,四層,
RPRSMLLJQHJFFAH68DC,3,281.02,店舖（附屬停車空間）、住宅（附屬樓梯間，電梯間）,鋼筋混凝土造,100年12月2日,四層,
RPUOMLLJQHJFFEH88CC,20,225.60,店舖、住宅、儲藏室,鋼筋混凝土造,83年5月16日,五層,
RPVOMLLJQHJFFBH68CC,22,107.09,住家用,鋼筋混凝土造,81年9月18日,六層,
RPVOMLLJQHJFFBH68CC,22,31.71,共有部份,鋼筋混凝土造,81年9月18日,六層,
RPXPMLLJQHJFFBH09DC,6,33.47,住家用,鋼筋混凝土造,97年4月6日,二十二層,
RPXPMLLJQHJFFBH09DC,6,2.27,住家用,鋼筋混凝土造,97年4月6日,二十二層,
RPXPMLLJQHJFFBH09DC,6,2.06,共有部份,鋼筋混凝土造,97年4月6日,二十二層,
RPXPMLLJQHJFFBH09DC,6,1.82,共有部份,鋼筋混凝土造,97年4月6日,二十二層,
RPXPMLLJQHJFFBH09DC,6,8.08,共有部份,鋼筋混凝土造,97年4月6日,二十二層,
RPXPMLLJQHJFFBH09DC,6,.44,共有部份,鋼筋混凝土造,97年4月6日,二十二層,
RPXPMLLJQHJFFBH09DC,6,.70,共有部份,鋼筋混凝土造,97年4月6日,二十二層,
RPRPMLLJQHJFFEH68CC,8,60.93,住家用,鋼筋混凝土造,95年2月18日,十三層,
RPRPMLLJQHJFFEH68CC,8,3.49,住家用,鋼筋混凝土造,95年2月18日,十三層,
RPRPMLLJQHJFFEH68CC,8,1.52,住家用,鋼筋混凝土造,95年2月18日,十三層,
RPRPMLLJQHJFFEH68CC,8,8.00,共有部份,鋼筋混凝土造,95年2月18日,十三層,
RPRPMLLJQHJFFEH68CC,8,44.98,共有部份,鋼筋混凝土造,95年2月18日,十三層,
RPRNMLNJQHJFFBH48DC,33,92.52,住家用,鋼筋混凝土造,70年12月26日,五層,
RPQNMLOJQHJFFBH48DC,41,92.40,住家用,加強磚造,62年12月14日,一層,
RPOOMLOJQHJFFEH58CC,5,243.86,住家用,鋼筋混凝土造,98年4月8日,五層,
RPUOMLOJQHJFFBH98DC,35,67.68,住商用,鋼筋混凝土造,68年7月13日,四層,
RPQPMLPJQHJFFBH68CC,22,142.08,辦公室,鋼筋混凝土造,81年5月27日,二十二層,
RPQPMLPJQHJFFBH68CC,22,56.11,共有部份,鋼筋混凝土造,81年5月27日,二十二層,
RPQPMLPJQHJFFBH68CC,22,15.37,共有部份,鋼筋混凝土造,81年5月27日,二十二層,
RPQNMLOJQHJFFEH68CC,19,192.36,住商用,鋼筋混凝土造,84年4月24日,四層,
RPQNMLOJQHJFFEH68CC,19,5.16,共有部份,鋼筋混凝土造,84年4月24日,四層,
RPQNMLOJQHJFFEH68CC,19,38.46,停車場,鋼筋混凝土造,84年4月24日,四層,
RPXPMLPJQHJFFBH76CC,16,50.01,住家用,鋼筋混凝土造,87年4月1日,十層,
RPXPMLPJQHJFFBH76CC,16,6.08,共有部份,鋼筋混凝土造,87年4月1日,十層,
RPXNMLQJQHJFFBH76DC,2,170.71,集合住宅,鋼筋混凝土造,101年6月14日,十層,
RPRNMLQJQHJFFDH98DC,19,6.02,住家用,鋼筋混凝土造,84年12月30日,九層,
RPRNMLQJQHJFFDH98DC,19,41.22,住家用,鋼筋混凝土造,84年12月30日,九層,
RPSNMLQJQHJFFDH09DC,34,80.92,住家用,加強磚造,69年10月29日,二層,
RPURMLRJQHJFFAH86DC,19,109.44,住家用,鋼筋混凝土造,84年2月25日,二十三層,
RPPQMLPJQHJFFBH68CC,4,31.09,住家用,鋼筋混凝土造,99年5月22日,二十三層,
RPPQMLPJQHJFFBH68CC,4,10.91,集合住宅〈附屬樓梯間、電梯間、水箱〉,鋼筋混凝土造,99年5月22日,二十三層,
RPPQMLPJQHJFFBH68CC,4,4.97,共用部分：門廳、社區中心、防空避難室兼停車空間、供公眾停車空間、電信機房、台電配電場所、發電機房、水箱、梯廳、消防機房、污水機房。,鋼筋混凝土造,99年5月22日,二十三層,
RPQOMLRJQHJFFAH68CC,19,69.86,住家用,鋼筋混凝土造,82年12月31日,六層,
RPPRMLQJQHJFFAH78CC,41,86.84,住家用,加強磚造,62年10月17日,一層,
RPOPMLQJQHJFFAH48CC,6,34.69,住家用,鋼筋混凝土造,97年6月9日,十層,
RPQQMLLJQHJFFAH28CC,21,75.05,住家用,鋼筋混凝土造,82年10月18日,七層,
RPQQMLLJQHJFFAH28CC,21,21.06,共有部份,鋼筋混凝土造,82年10月18日,七層,
RPQQMLLJQHJFFAH28CC,21,4.66,共有部份,鋼筋混凝土造,82年10月18日,七層,
RPSNMLPJQHJFFAH58CC,18,44.72,一般批發業,鋼筋混凝土造,85年10月23日,十七層,
RPPRMLLJQHJFFAH28CC,17,89.85,住家用,鋼筋混凝土造,86年7月1日,十七層,
RPPRMLLJQHJFFAH28CC,17,19.72,共有部份,鋼筋混凝土造,86年7月1日,十七層,
RPROMLRJQHJFFAH78CC,11,79.99,住家用,鋼筋混凝土造,92年11月13日,十四層,
RPUOMLRJQHJFFBH56CC,21,240.42,住家用,鋼筋混凝土造,83年1月6日,七層,
RPUOMLRJQHJFFBH56CC,21,137.88,住家用,鋼筋混凝土造,83年1月6日,七層,
RPUNMLRJQHJFFFH86CC,8,84.34,住家用,鋼筋混凝土造,95年3月29日,十五層,
RPUNMLRJQHJFFFH86CC,8,15.11,共有部份,鋼筋混凝土造,95年3月29日,十五層,
RPUNMLRJQHJFFFH86CC,8,45.29,共有部份,鋼筋混凝土造,95年3月29日,十五層,
RPPOMLSJQHJFFFH76EC,23,104.25,住商用,鋼筋混凝土造,80年2月11日,四層,
RPPOMLSJQHJFFFH76EC,23,17.58,住商用,鋼筋混凝土造,80年2月11日,四層,
RPSRMLSJQHJFFBH86DC,33,103.50,商業用,鋼筋混凝土造,70年6月5日,七層,
RPTRMLSJQHJFFAH96EC,19,142.27,住家用,鋼筋混凝土造,83年10月27日,五層,
RPTRMLSJQHJFFAH96EC,19,2.53,共有部份,鋼筋混凝土造,83年10月27日,五層,
RPPNMLLKQHJFFBH28EC,3,57.23,集合住宅,鋼筋混凝土造,100年6月28日,十五層,
RPPNMLLKQHJFFBH28EC,3,15.98,本共有部分之項目：管委會使用空間、陽台、基地內通路、車道、停車空間、台電受電室、樓梯間、排風室、發電機室、水箱、防空避難室兼停車空間、排風管道、電信室、消防機房等十四項。,鋼筋混凝土造,100年6月28日,十五層,
RPPNMLLKQHJFFBH28EC,3,10.35,本共有部分之項目：樓梯間、機械室、水箱等三項。,鋼筋混凝土造,100年6月28日,十五層,
RPRTMLLKQHJFFAH88DC,9,83.40,住家用,鋼筋混凝土造,95年1月25日,十一層,
RPVTMLLKQHJFFAH56CC,12,213.45,人行通道．店舖．集合住宅,鋼筋混凝土造,91年10月28日,四層,
RPORMLLKQHJFFAH28CC,20,106.64,廠房,鋼筋混凝土造,83年7月26日,十二層,
RPPSMLMKQHJFFBH68CC,15,29.88,住家用,鋼筋混凝土造,89年1月20日,九層,
RPSQMLMKQHJFFAH68CC,9,40.66,事務所,鋼筋混凝土造,95年1月13日,五層,
RPSTMLMKQHJFFBH09CC,,180.43,住商用,加強磚造,,四層,
RPSTMLMKQHJFFBH09CC,,112.75,住家用,加強磚造,,四層,
RPSTMLMKQHJFFBH09CC,,18.96,住家用,加強磚造,,四層,
RPOPMLSJQHJFFCH09EC,3,121.42,集合住宅,鋼筋混凝土造,100年9月19日,十四層,
RPOPMLSJQHJFFCH09EC,3,54.45,共有（集合住宅、附屬公共服務空間、附屬停車空間）,鋼筋混凝土造,100年9月19日,一層,
RPOPMLSJQHJFFCH09EC,3,20.65,共有（集合住宅、附屬樓梯間、機房、水箱）,鋼筋混凝土造,100年9月19日,十四層,
RPOPMLSJQHJFFCH09EC,3,.11,集合住宅（附屬警衛室）,鋼筋混凝土造,100年9月19日,一層,
RPUOMLOJQHJFFEH66DC,21,62.44,住家用,鋼筋混凝土造,82年4月8日,七層,
RPUOMLOJQHJFFEH66DC,21,3.57,共有部份,鋼筋混凝土造,82年4月8日,七層,
RPUOMLOJQHJFFEH66DC,21,7.40,共有部份,鋼筋混凝土造,82年4月8日,七層,
RPOPMLMKQHJFFBH38DC,2,148.76,住家用,鋼筋混凝土造,101年6月14日,四層,
RPQSMLMKQHJFFBH88DC,35,12.90,住家用,鋼筋混凝土造,68年2月28日,3,
RPRSMLMKQHJFFBH98DC,35,12.90,住家用,鋼筋混凝土造,68年2月28日,3,
RPPNMLOJQHJFFEH68DC,8,104.72,住家用,鋼筋混凝土造,95年1月16日,十五層,
RPXNMLMKQHJFFFH96EC,1,109.47,住家用,鋼筋混凝土造,102年5月3日,十七層,
RPXNMLMKQHJFFFH96EC,1,18.39,本共有項目計有：警衛室、管理委員會使用空間、涼亭、廊道、陽台、防空避難室、停車空間、台電配電場所、排風機房、垃圾處理室、發電機室、泳池機房、冷卻水塔機房、空調機房、電信機房、污水機房、設備機房、公共水箱,鋼筋混凝土造,102年5月3日,十九層,
RPXNMLMKQHJFFFH96EC,1,35.87,本共有項目計有：防空避難室、停車空間,鋼筋混凝土造,102年5月3日,十九層,
RPXNMLMKQHJFFFH96EC,1,33.87,本共有項目計有：樓梯間、機房、水箱、儲藏室、電表室、受電箱室、管道間、陽台。,鋼筋混凝土造,102年5月3日,十七層,
RPUNMLNKQHJFFFH66DC,7,86.78,住商用,鋼筋混凝土造,96年10月16日,五層,
RPOOMLMKQHJFFFH78EC,16,92.19,住家用,鋼筋混凝土造,87年11月20日,八層,
RPOOMLMKQHJFFFH78EC,16,14.07,共有部份,鋼筋混凝土造,87年11月20日,八層,
RPOOMLMKQHJFFFH78EC,16,42.67,共有部份,鋼筋混凝土造,87年11月20日,九層,
RPOOMLMKQHJFFFH78EC,16,4.65,共有部份,鋼筋混凝土造,87年11月20日,九層,
RPUPMLNKQHJFFBH98CC,13,82.40,住家用,鋼筋混凝土造,90年10月26日,二十一層,
RPUPMLNKQHJFFBH98CC,13,3.13,共有部份,鋼筋混凝土造,90年10月26日,二十一層,
RPUPMLNKQHJFFBH98CC,13,19.13,共有部份,鋼筋混凝土造,90年10月26日,二十一層,
RPUPMLNKQHJFFBH98CC,13,.57,共有部份,鋼筋混凝土造,90年10月26日,二十一層,
RPUPMLNKQHJFFBH98CC,13,1.96,共有部份,鋼筋混凝土造,90年10月26日,二十一層,
RPUPMLNKQHJFFBH98CC,13,37.71,共有部份,鋼筋混凝土造,90年10月26日,二十一層,
RPVNMLNKQHJFFFH76DC,7,373.69,住商用,鋼筋混凝土造,96年10月16日,五層,
RPXRMLOKQHJFFAH86CC,34,88.12,住家用,鋼筋混凝土造,69年8月28日,四層,
RPOPMLPKQHJFFAH48CC,20,76.43,住家用,鋼筋混凝土造,83年4月11日,十六層,
RPQTMLOKQHJFFAH98CC,33,105.75,住家用,鋼筋混凝土造,70年12月24日,五層,
RPSRMLPKQHJFFAH09CC,13,86.36,商業用,鋼筋混凝土造,90年5月9日,十三層,
RPSRMLPKQHJFFAH09CC,13,16.16,共有部份,鋼筋混凝土造,90年5月9日,十三層,
RPSRMLPKQHJFFAH09CC,13,17.13,共有部份,鋼筋混凝土造,90年5月9日,十四層,
RPOOMLPKQHJFFEH78CC,18,67.78,住家用,鋼筋混凝土造,85年6月29日,四層,
RPOOMLPKQHJFFBH48CC,14,87.21,住家用,鋼筋混凝土造,89年3月2日,十九層,
RPRNMLPKQHJFFEH09DC,18,57.60,住商用,鋼筋混凝土造,85年5月22日,四層,
RPRNMLPKQHJFFEH09DC,18,44.00,住商用,鋼筋混凝土造,85年5月22日,四層,
RPPOMLSKQHJFFEH66DC,10,68.80,住家用,鋼筋混凝土造,93年3月25日,十四層,
RPPOMLSKQHJFFEH66DC,10,8.66,共有部份,鋼筋混凝土造,93年3月25日,十四層,
RPPOMLSKQHJFFEH66DC,10,14.87,共有部份,鋼筋混凝土造,93年3月25日,十四層,
RPROMLSKQHJFFEH86DC,21,95.50,住家用,鋼筋混凝土造,82年4月8日,七層,
RPROMLSKQHJFFEH86DC,21,3.57,共有部份,鋼筋混凝土造,82年4月8日,七層,
RPROMLSKQHJFFEH86DC,21,11.27,共有部份,鋼筋混凝土造,82年4月8日,七層,
RPSOMLLKQHJFFEH98EC,20,68.61,住家用,鋼筋混凝土造,83年5月16日,十二層,
RPSOMLLKQHJFFEH98EC,20,11.92,共有部份,鋼筋混凝土造,83年5月16日,十二層,
RPQNNLSKQHJFFAH88CC,19,68.42,住家用,鋼筋混凝土造,84年5月20日,十二層,
RPQNNLSKQHJFFAH88CC,19,12.15,共有部份,鋼筋混凝土造,84年5月20日,十二層,
RPQNNLSKQHJFFAH88CC,19,6.77,共有部份,鋼筋混凝土造,84年5月20日,十三層,
RPQNNLSKQHJFFAH88CC,19,16.99,共有部份,鋼筋混凝土造,84年5月20日,十三層,
RPWWMLSKQHJFFAH67CC,17,23.23,辦公室,鋼筋混凝土造,86年11月17日,十四層,
RPWWMLSKQHJFFAH67CC,17,7.08,共有部份,鋼筋混凝土造,86年11月17日,十四層,
RPWTMLPKQHJFFAH07CC,18,142.28,住家用,鋼筋混凝土造,85年7月6日,七層,
RPWWMLSKQHJFFAH67CC,17,1.64,共有部份,鋼筋混凝土造,86年11月17日,十四層,
RPONNLSKQHJFFAH68CC,17,30.13,住家用,鋼筋混凝土造,86年9月1日,十六層,
RPONNLSKQHJFFAH68CC,17,2.40,共有部份,鋼筋混凝土造,86年9月1日,十七層,
RPONNLSKQHJFFAH68CC,17,5.54,共有部份,鋼筋混凝土造,86年9月1日,十七層,
RPRNMLOKQHJFFCH68CC,18,106.80,住家用,鋼筋混凝土造,86年1月30日,十四層,
RPRNMLOKQHJFFCH68CC,18,7.56,共有部份,鋼筋混凝土造,86年1月30日,十四層,
RPRNMLOKQHJFFCH68CC,18,1.95,共有部份,鋼筋混凝土造,86年1月30日,十八層,
RPRNMLOKQHJFFCH68CC,18,41.29,共有部份,鋼筋混凝土造,86年1月30日,十八層,
RPRNMLOKQHJFFCH68CC,18,.05,共有部份,鋼筋混凝土造,86年1月30日,一層,
RPRNMLOKQHJFFCH68CC,17,.03,共同使用（防空避難室，停車場）,鋼筋混凝土造,86年6月26日,十八層,
RPRNMLOKQHJFFCH68CC,17,.00,共有部份,鋼筋混凝土造,86年6月26日,一層,
RPRNMLOKQHJFFCH68CC,18,3.24,社區遊憩設施,鋼筋混凝土造,86年1月30日,十四層,
RPRNMLOKQHJFFCH68CC,17,.05,社區遊憩設施,鋼筋混凝土造,86年6月26日,十五層,
RPWSMLPKQHJFFAH96CC,19,59.70,住家用,鋼筋混凝土造,84年9月2日,八層,
RPWSMLPKQHJFFAH96CC,19,6.78,共有部份,鋼筋混凝土造,84年9月2日,八層,
RPWNNLSKQHJFFAH86CC,20,66.48,住家用,鋼筋混凝土造,83年7月13日,十七層,
RPWNNLSKQHJFFAH86CC,20,12.13,共有部份,鋼筋混凝土造,83年7月13日,十七層,
RPWNNLSKQHJFFAH86CC,20,11.35,共有部份,鋼筋混凝土造,83年7月13日,十七層,
RPSNNLSKQHJFFAH09CC,19,68.42,住家用,鋼筋混凝土造,84年5月20日,十二層,
RPSNNLSKQHJFFAH09CC,19,12.15,共有部份,鋼筋混凝土造,84年5月20日,十二層,
RPSNNLSKQHJFFAH09CC,19,6.77,共有部份,鋼筋混凝土造,84年5月20日,十三層,
RPSNNLSKQHJFFAH09CC,19,16.99,共有部份,鋼筋混凝土造,84年5月20日,十三層,
RPWNMLTKQHJFFAH86CC,9,66.45,住家用,鋼筋混凝土造,94年4月11日,七層,
RPXONLTKQHJFFAH27DC,45,81.10,住商用,加強磚造,59年1月1日,2,
RPVQMLKLQHJFFAH98DC,,49.16,住家用,鋼筋混凝土造,103年2月26日,十五層,
RPUNNLTKQHJFFAH76CC,43,111.63,住家用,加強磚造,60年5月20日,三層,
RPRPMLKLQHJFFAH38CC,25,45.55,住家用,鋼筋混凝土造,78年5月22日,十二層,
RPRPMLKLQHJFFAH38CC,25,16.16,共有部份,鋼筋混凝土造,78年5月22日,十二層,
RPRPMLKLQHJFFAH38CC,25,11.18,共有部份,鋼筋混凝土造,78年5月22日,十二層,
RPOQMLKLQHJFFAH18CC,19,51.85,住家用,鋼筋混凝土造,85年1月18日,十七層,
RPOQMLKLQHJFFAH18CC,19,18.14,共有部份,鋼筋混凝土造,85年1月18日,十七層,
RPSSMLMKQHJFFBH09DC,22,93.22,住家用,鋼筋混凝土造,81年11月19日,七層,
RPRQMLTKQHJFFAH66CC,19,77.68,住家用,鋼筋混凝土造,84年9月27日,七層,
RPRQMLTKQHJFFAH66CC,19,37.85,共有部份,鋼筋混凝土造,84年9月27日,七層,
RPTSMLMKQHJFFBH56DC,35,12.90,住家用,鋼筋混凝土造,68年2月28日,3,
RPSQMLTKQHJFFAH76CC,2,66.26,住家用,鋼筋混凝土造,101年7月26日,十五層,
RPSQMLTKQHJFFAH76CC,2,3.12,本共有部分之項目有（附屬開放空間、公共服務空間、管理委員會使用空間）等３項。,鋼筋混凝土造,101年7月26日,十五層,
RPSQMLTKQHJFFAH76CC,2,57.55,本共有部分之項目有（附屬停車空間、蓄水池、發電機室、消防泵浦室、污水機房、梯間、防空避難室兼停車空間、台電受電室、電信室、水箱、機房）等１１項。,鋼筋混凝土造,101年7月26日,十五層,
RPRTMLMKQHJFFBH09DC,35,12.90,住家用,鋼筋混凝土造,68年2月28日,3,
RPPQMLKLQHJFFAH28CC,25,21.11,住家用,鋼筋混凝土造,78年5月22日,十二層,
RPPQMLKLQHJFFAH28CC,25,3.59,共有部份,鋼筋混凝土造,78年5月22日,十二層,
RPPQMLKLQHJFFAH28CC,25,2.49,共有部份,鋼筋混凝土造,78年5月22日,十二層,
RPTSMLKLQHJFFAH88CC,13,110.19,住家用,鋼筋混凝土造,90年5月9日,十四層,
RPPOMLKLQHJFFBH18CC,23,69.61,住家用,鋼筋混凝土造,80年12月19日,五層,
RPVNMLMLQHJFFGH86DC,20,110.77,住家用,鋼筋混凝土造,83年8月20日,六層,
RPVNMLMLQHJFFGH86DC,20,11.97,住家用,鋼筋混凝土造,83年8月20日,六層,
RPVNMLMLQHJFFGH86DC,20,.40,住家用,鋼筋混凝土造,83年8月20日,六層,
RPVNMLMLQHJFFGH86DC,20,31.44,共有部份,鋼筋混凝土造,83年8月20日,六層,
RPVNMLMLQHJFFGH86DC,20,6.11,共有部份,鋼筋混凝土造,83年8月20日,六層,
RPSNMLKLQHJFFCH48CC,17,81.85,住家用,鋼筋混凝土造,86年6月26日,十四層,
RPSNMLKLQHJFFCH48CC,17,4.23,共有部份,鋼筋混凝土造,86年6月26日,十四層,
RPSNMLKLQHJFFCH48CC,17,.86,共有部份,鋼筋混凝土造,86年6月26日,十四層,
RPSNMLKLQHJFFCH48CC,17,.04,共有部份,鋼筋混凝土造,86年6月26日,一層,
RPSNMLKLQHJFFCH48CC,18,.01,共有部份,鋼筋混凝土造,86年1月30日,十八層,
RPSNMLKLQHJFFCH48CC,18,.00,共有部份,鋼筋混凝土造,86年1月30日,一層,
RPSNMLKLQHJFFCH48CC,17,2.78,社區遊憩設施,鋼筋混凝土造,86年6月26日,十五層,
RPSNMLKLQHJFFCH48CC,18,.05,社區遊憩設施,鋼筋混凝土造,86年1月30日,十四層,
RPSNMLKLQHJFFCH48CC,17,37.04,共同使用（防空避難室，停車場）,鋼筋混凝土造,86年6月26日,十八層,
RPQOMLLLQHJFFGH98DC,37,47.30,住家用,加強磚造,66年8月9日,二層,
RPUNMLMLQHJFFEH09CC,20,71.43,住家用,鋼筋混凝土造,84年2月11日,七層,
RPPNMLMLQHJFFFH68CC,5,85.59,住家用,鋼筋混凝土造,98年10月16日,十三層,
RPPNMLMLQHJFFFH68CC,5,45.53,本共有部份之項目有：防空避難室、停車空間、設備空間、公共設施、守衛室及頂蓋型廣場式開放空間等６項。,鋼筋混凝土造,98年10月16日,十五層,
RPPNMLMLQHJFFFH68CC,5,16.82,本共有部分之項目有：梯間、機械室及水箱等３項,鋼筋混凝土造,98年10月16日,十三層,
RPVPMLMLQHJFFAH98CC,12,148.13,住家用,鋼筋混凝土造,91年11月8日,十層,
RPOQMLMLQHJFFAH38CC,35,695.17,工廠、避難室,鋼筋混凝土造,68年12月31日,三層,
RPWOMLMLQHJFFBH56DC,5,16.32,管理員室,鋼筋混凝土造,98年4月15日,十四層,
RPWOMLMLQHJFFBH56DC,5,220.48,住家用,鋼筋混凝土造,98年4月15日,十四層,
RPSNMLOLQHJFFBH88DC,19,99.27,住家用,鋼筋混凝土造,84年6月24日,五層,
RPRNMLOLQHJFFBH78DC,22,100.28,住家用,鋼筋混凝土造,81年12月8日,五層,
RPTNMLPKQHJFFBH98DC,9,38.11,住家用,鋼筋混凝土造,94年3月1日,十四層,
RPTNMLPKQHJFFBH98DC,9,7.33,住家用,鋼筋混凝土造,94年3月1日,十四層,
RPTNMLPKQHJFFBH98DC,9,1.27,住家用,鋼筋混凝土造,94年3月1日,十四層,
RPTNMLPKQHJFFBH98DC,9,6.13,共有部份,鋼筋混凝土造,94年3月1日,十四層,
RPTNMLPKQHJFFBH98DC,9,8.71,共有部份,鋼筋混凝土造,94年3月1日,十四層,
RPTNMLPKQHJFFBH98DC,9,.16,共有部份,鋼筋混凝土造,94年3月1日,十四層,
RPPPMLTKQHJFFBH56DC,39,42.05,住家用,加強磚造,64年3月12日,一層,
RPOOMLPLQHJFFBH68DC,35,12.90,住家用,鋼筋混凝土造,68年2月28日,3,
RPTRMLPLQHJFFAH66CC,37,350.84,住商用,鋼筋混凝土造,66年6月14日,二層,
RPQOMLPLQHJFFDH98CC,57,142.74,住家用,加強磚造,46年9月5日,一層,
RPTNMLPLQHJFFFH86DC,7,460.47,住商用,鋼筋混凝土造,96年10月16日,五層,
RPPOMLPLQHJFFFH56DC,5,191.32,住商用,鋼筋混凝土造,98年10月16日,十三層,
RPRTMLPLQHJFFAH66CC,19,145.30,辦公室﹐集合住宅,鋼筋混凝土造,84年10月28日,十二層,
RPRTMLPLQHJFFAH66CC,19,40.59,共有部份,鋼筋混凝土造,84年10月28日,十二層,
RPRTMLPLQHJFFAH66CC,19,31.56,共有部份,鋼筋混凝土造,84年10月28日,十二層,
RPWNMLPLQHJFFEH96CC,3,131.39,住家用,鋼筋混凝土造,100年8月24日,十二層,
RPXNMLPLQHJFFEH07CC,3,131.39,住家用,鋼筋混凝土造,100年8月24日,十二層,
RPXNMLPLQHJFFCH86CC,20,160.65,住家用,鋼筋混凝土造,83年11月21日,五層,
RPXNMLPLQHJFFCH86CC,20,18.44,自用停車場、水箱,鋼筋混凝土造,83年11月21日,五層,
RPWPMLQLQHJFFAH86CC,47,592.87,見其他登記事項,見其他登記事項,56年6月20日,一層,
RPQSMLQLQHJFFAH56CC,6,75.35,集合住宅〈附屬機電設備空間〉,鋼筋混凝土造,97年3月16日,十三層,
RPQUMLQLQHJFFAH76CC,21,253.23,住家用,鋼筋混凝土造,82年7月16日,八層,
RPSPMLQLQHJFFBH66DC,34,86.92,住商用,加強磚造,69年10月1日,二層,
RPTPMLRLQHJFFBH96EC,22,215.95,廠房、辦公室、員工宿舍,鋼筋混凝土造,81年12月15日,三層,
RPQOMLQLQHJFFGH86DC,34,84.28,住家用,鋼筋混凝土造,69年7月31日,四層,
RPQNMLMLQHJFFAH38DC,11,46.54,住家用,鋼筋混凝土造,92年7月28日,十四層,
RPQNMLMLQHJFFAH38DC,11,6.71,共有部份,鋼筋混凝土造,92年7月28日,十四層,
RPQNMLMLQHJFFAH38DC,11,10.02,共有部份,鋼筋混凝土造,92年7月28日,十四層,
RPSQMLRLQHJFFAH76DC,33,97.35,住宅．停車場,鋼筋混凝土造,70年12月30日,五層,
RPSQMLQLQHJFFAH66DC,23,397.48,廠房,鋼筋混凝土造,80年12月31日,十四層,
RPSWNLRLQHJFFAH37CC,32,121.04,人行道﹐店舖住宅,加強磚造,71年9月30日,二層,
RPWRMLRLQHJFFAH17CC,21,131.07,辦公室﹐廠房,鋼筋混凝土造,82年11月10日,八層,
RPRWNLRLQHJFFAH27CC,2,397.13,店舖,鋼骨鋼筋混凝土造、鋼筋混凝土造,101年11月2日,三十八層,
RPRWNLRLQHJFFAH27CC,2,9.22,本共有部分之項目有附屬樓梯間、機械室、水箱及中繼機房等４項。,鋼骨鋼筋混凝土造、鋼筋混凝土造,101年11月2日,三十八層,
RPRWNLRLQHJFFAH27CC,2,179.13,本共有部分之項目有附屬防空避難室兼停車場、停車空間、通廊、車道、頂蓋型開放空間、管委會使用空間、樓梯間、機械室、水箱及門廳等１０項。,鋼骨鋼筋混凝土造、鋼筋混凝土造,101年11月2日,三十八層,
RPSPMLSLQHJFFAH66CC,42,81.96,住家用,加強磚造,61年6月6日,二層,
RPRSMLSLQHJFFAH86CC,20,79.60,住家用,鋼筋混凝土造,83年8月1日,十三層,
RPRRMLSLQHJFFAH96EC,2,199.92,保險公司分支機構、運動休閒設施（附屬停車空間）,鋼筋混凝土造,101年6月18日,四層,
RPQNMLSLQHJFFBH09DC,3,65.98,集合住宅,鋼筋混凝土造,100年11月15日,七層,
RPTRMLSLQHJFFAH96CC,17,26.61,一般事務所,鋼筋混凝土造,86年12月24日,十七層,
RPTRMLSLQHJFFAH96CC,17,3.16,共有部份,鋼筋混凝土造,86年12月24日,十七層,
RPTRMLSLQHJFFAH96CC,17,8.20,共有部份,鋼筋混凝土造,86年12月24日,十七層,
RPOOMLMLQHJFFBH28CC,21,75.75,住家用,鋼筋混凝土造,82年10月16日,七層,
RPOOMLTLQHJFFDH56CC,2,2321.22,工業用,鋼骨造,101年8月15日,一層,
RPXNMLMLQHJFFBH09CC,12,126.90,國民住宅,鋼筋混凝土造,91年11月14日,十四層,
RPTOMLPLQHJFFBH09CC,13,95.65,住家用,鋼筋混凝土造,90年4月2日,九層,
RPTOMLPLQHJFFBH09CC,13,12.42,共有部份,鋼筋混凝土造,90年4月2日,九層,
RPTOMLPLQHJFFBH09CC,13,4.55,共有部份,鋼筋混凝土造,90年4月2日,九層,
RPTOMLPLQHJFFBH09CC,13,49.03,共有部份,鋼筋混凝土造,90年4月2日,九層,
RPWOMLKLQHJFFBH88CC,5,63.31,住家用,鋼筋混凝土造,98年6月29日,二十一層,
RPWOMLKLQHJFFBH88CC,5,2.53,共有部份,鋼筋混凝土造,98年6月29日,二十二層,
RPWOMLKLQHJFFBH88CC,5,2.98,共有部份,鋼筋混凝土造,98年6月29日,二十一層,
RPWOMLKLQHJFFBH88CC,5,11.97,共有部份,鋼筋混凝土造,98年6月29日,二十一層,
RPWOMLKLQHJFFBH88CC,5,2.03,共有部份,鋼筋混凝土造,98年6月29日,二十二層,
RPOPMLTLQHJFFAH98CC,19,49.17,住家用,鋼筋混凝土造,84年4月19日,十九層,
RPPPMLTLQHJFFBH56CC,34,236.04,住宅、倉庫,鋼造,70年1月27日,一層,
RPQOMLTLQHJFFEH86CC,8,238.07,停車空間、住宅,鋼筋混凝土造,96年2月6日,五層,
RPPNMLLMQHJFFEH68DC,19,68.65,工業用,鋼筋混凝土造,84年5月18日,十層,
RPQOMLLJRHJFFBH38DC,18,78.16,住家用,鋼筋混凝土造,86年1月7日,五層,
RPTVMLNJRHJFFAH76CC,1,58.28,住家用,鋼筋混凝土造,102年12月31日,十七層,
RPTVMLNJRHJFFAH76CC,1,25.39,本共有部分之項目有防空避難室兼停車空間、停車空間、管委會空間、樓梯間、機械室及水箱等６項。,鋼筋混凝土造,102年12月31日,二十一層,
RPOOMLPJRHJFFAH38CC,1,108.79,住家用,鋼筋混凝土造,103年2月26日,十三層,
RPOOMLPJRHJFFAH38CC,1,51.01,本共有部分之項目有防空避難室兼停車空間、停車空間、公共服務空間、樓梯間及機械室、水箱等６項。,鋼筋混凝土造,103年2月26日,十五層,
RPSNMLLJRHJFFBH48DC,28,123.26,遊樂場、店舖,鋼筋混凝土造,76年1月27日,三層,
RPQSMLOJRHJFFAH98DC,7,68.59,商業用,鋼筋混凝土造,96年12月23日,九層,
RPQSMLOJRHJFFAH98DC,7,58.50,辦公室,鋼筋混凝土造,96年12月23日,九層,
RPQSMLOJRHJFFAH98DC,7,82.00,商業用,鋼筋混凝土造,96年12月23日,九層,
RPQSMLOJRHJFFAH98DC,7,66.55,辦公室,鋼筋混凝土造,96年12月23日,九層,
RPXPMLPJRHJFFBH86CC,39,162.00,住家用,加強磚造,64年8月22日,二層,
RPPSMLTJRHJFFBH76CC,3,88.14,集合住宅,鋼筋混凝土造,100年11月9日,十三層,
RPPSMLTJRHJFFBH76CC,3,69.77,本共有部分項目為：附屬停車空間、附屬防空避難室、附屬管理員室、附屬樓梯間、附屬水箱、蓄水池、污水幫浦室、消防機房、緊急發電機房、台電受電室、水景機房、儲藏室、門廳、梯廳、公共服務空間、垃圾集中室等共１６項,鋼筋混凝土造,100年11月9日,十四層,
RPVQMLTJRHJFFAH17DC,22,110.49,人行道﹐店舖﹐住宅,鋼筋混凝土造,81年8月11日,七層,
RPTRMLTJRHJFFBH07CC,5,100.61,住家用,鋼筋混凝土造,98年6月29日,二十二層,
RPTRMLTJRHJFFBH07CC,5,4.44,共有部份,鋼筋混凝土造,98年6月29日,二十二層,
RPTRMLTJRHJFFBH07CC,5,5.47,共有部份,鋼筋混凝土造,98年6月29日,二十二層,
RPTRMLTJRHJFFBH07CC,5,13.89,共有部份,鋼筋混凝土造,98年6月29日,二十二層,
RPTRMLTJRHJFFBH07CC,5,32.58,共有部份,鋼筋混凝土造,98年6月29日,二十二層,
RPSOMLTJRHJFFFH17DC,3,93.42,住家用,鋼筋混凝土造,100年11月18日,十三層,
RPSOMLTJRHJFFFH17DC,3,22.29,本共有部分之項目有：公共服務空間、廣場式頂蓋型開放空間、梯間、機房及水箱等五項。,鋼筋混凝土造,100年11月18日,十三層,
RPSOMLTJRHJFFFH17DC,3,45.23,本共有部分之項目有：停車空間、防空避難室兼停車空間等二項。,鋼筋混凝土造,100年11月18日,十三層,
RPXOMLTJRHJFFDH47DC,20,38.70,住家用,鋼筋混凝土造,84年1月25日,八層,
RPXOMLTJRHJFFDH47DC,20,6.38,住家用,鋼筋混凝土造,84年1月25日,八層,
RPVPMLLKRHJFFAH98DC,13,74.88,住家用,鋼筋混凝土造,90年2月23日,十四層,
RPVNMLLKRHJFFEH56DC,5,294.29,住宅（附屬停車空間、樓梯間、設備間）、店舖,鋼筋混凝土造,98年4月14日,四層,
RPVNMLLKRHJFFEH56DC,5,38.95,共有部份,鋼筋混凝土造,98年4月14日,四層,
RPURMLKKRHJFFAH98DC,34,33.00,住家用,鋼筋混凝土造,70年1月6日,三層,
RPUPMLLKRHJFFBH98DC,26,25.06,住商用,鋼筋混凝土造,77年7月11日,三層,
RPOOMLNJRHJFFFH88EC,1,126.04,住家用,鋼筋混凝土造,102年8月21日,十二層,
RPOOMLNJRHJFFFH88EC,1,54.02,共有部分之項目有：防空避難室兼停車空間，停車空間，公共服務空間，管委會使用空間，水箱，機械室等６項。,鋼筋混凝土造,102年8月21日,十三層,
RPROMLLKRHJFFGH09DC,6,330.49,住宅〈附屬停車空間、附屬騎樓〉,鋼筋混凝土造,97年10月28日,五層,
RPQNMLMKRHJFFGH98DC,7,141.75,店舖、住宅、停車空間、樓梯間,鋼筋混凝土造,96年4月26日,三層,
RPXNMLMKRHJFFAH09DC,18,153.83,住家用,鋼筋混凝土造,85年4月20日,六層,
RPPOMLMKRHJFFAH38DC,12,169.53,日常用品零售業或服務業機房,鋼筋混凝土造,91年5月23日,五層,
RPPNMLLKRHJFFFH68DC,1,109.44,住家用,鋼筋混凝土造,102年5月3日,十七層,
RPPNMLLKRHJFFFH68DC,1,18.39,本共有項目計有：警衛室、管理委員會使用空間、涼亭、廊道、陽台、防空避難室、停車空間、台電配電場所、排風機房、垃圾處理室、發電機室、泳池機房、冷卻水塔機房、空調機房、電信機房、污水機房、設備機房、公共水箱,鋼筋混凝土造,102年5月3日,十九層,
RPPNMLLKRHJFFFH68DC,1,35.87,本共有項目計有：防空避難室、停車空間,鋼筋混凝土造,102年5月3日,十九層,
RPPNMLLKRHJFFFH68DC,1,33.87,本共有項目計有：樓梯間、機房、水箱、儲藏室、電表室、受電箱室、管道間、陽台。,鋼筋混凝土造,102年5月3日,十七層,
RPRNMLLKRHJFFFH88DC,1,109.47,住家用,鋼筋混凝土造,102年5月3日,十七層,
RPRNMLLKRHJFFFH88DC,1,18.39,本共有項目計有：警衛室、管理委員會使用空間、涼亭、廊道、陽台、防空避難室、停車空間、台電配電場所、排風機房、垃圾處理室、發電機室、泳池機房、冷卻水塔機房、空調機房、電信機房、污水機房、設備機房、公共水箱,鋼筋混凝土造,102年5月3日,十九層,
RPRNMLLKRHJFFFH88DC,1,35.87,本共有項目計有：防空避難室、停車空間,鋼筋混凝土造,102年5月3日,十九層,
RPRNMLLKRHJFFFH88DC,1,33.83,本共有項目計有：樓梯間、機房、水箱、儲藏室、電表室、受電箱室、管道間、陽台。,鋼筋混凝土造,102年5月3日,十七層,
RPQNMLLKRHJFFFH78DC,20,101.24,住家用,鋼筋混凝土造,83年12月21日,七層,
RPQNMLLKRHJFFFH78DC,20,17.42,共有部份,鋼筋混凝土造,83年12月21日,七層,
RPQNMLLKRHJFFFH78DC,20,6.46,共有部份,鋼筋混凝土造,83年12月21日,七層,
RPWNMLMKRHJFFCH09CC,17,121.28,住家用,鋼筋混凝土造,86年6月26日,十八層,
RPWNMLMKRHJFFCH09CC,17,5.85,共有部份,鋼筋混凝土造,86年6月26日,十八層,
RPWNMLMKRHJFFCH09CC,17,1.96,共有部份,鋼筋混凝土造,86年6月26日,十八層,
RPWNMLMKRHJFFCH09CC,17,2.10,共同使用（防空避難室，停車場）,鋼筋混凝土造,86年6月26日,十八層,
RPWNMLMKRHJFFCH09CC,17,.06,共有部份,鋼筋混凝土造,86年6月26日,一層,
RPWNMLMKRHJFFCH09CC,18,.01,共有部份,鋼筋混凝土造,86年1月30日,十八層,
RPWNMLMKRHJFFCH09CC,18,.00,共有部份,鋼筋混凝土造,86年1月30日,一層,
RPWNMLMKRHJFFCH09CC,17,4.12,社區遊憩設施,鋼筋混凝土造,86年6月26日,十五層,
RPWNMLMKRHJFFCH09CC,18,.05,社區遊憩設施,鋼筋混凝土造,86年1月30日,十四層,
RPUNMLPKRHJFFFH07EC,34,96.65,住家用,鋼筋混凝土造,69年12月15日,四層,
RPWNMLPKRHJFFFH27EC,18,95.62,商業用,鋼筋混凝土造,85年11月28日,八層,
RPWNMLPKRHJFFFH27EC,18,11.99,共有部份,鋼筋混凝土造,85年11月28日,八層,
RPWNMLPKRHJFFFH27EC,18,25.92,共有部份,鋼筋混凝土造,85年11月28日,八層,
RPSSMLPKRHJFFAH86EC,14,309.06,一般零售、住宅、樓梯間,鋼筋混凝土造,89年4月28日,三層,
RPVOMLMKRHJFFEH66CC,18,42.65,共有部份,鋼筋混凝土造,85年12月3日,二十五層,
RPTNMLNKRHJFFEH09CC,17,109.22,住家用,鋼筋混凝土造,86年9月10日,十四層,
RPUOMLPKRHJFFCH86EC,22,89.47,住家用,鋼筋混凝土造,81年10月19日,五層,
RPUOMLPKRHJFFCH86EC,22,1.18,樓梯間,鋼筋混凝土造,81年10月19日,五層,
RPVNMLPKRHJFFBH56CC,18,77.30,商業用,鋼筋混凝土造,85年8月29日,十三層,
RPVNMLPKRHJFFBH56CC,18,1.63,共有部份,鋼筋混凝土造,85年8月29日,十三層,
RPVNMLPKRHJFFBH56CC,18,12.59,共有部份,鋼筋混凝土造,85年8月29日,十三層,
RPWOMLPKRHJFFBH76CC,20,64.96,住家用,鋼筋混凝土造,83年9月14日,四層,
RPPOMLQKRHJFFBH78CC,5,100.61,住家用,鋼筋混凝土造,98年6月29日,二十二層,
RPPOMLQKRHJFFBH78CC,5,4.44,共有部份,鋼筋混凝土造,98年6月29日,二十二層,
RPPOMLQKRHJFFBH78CC,5,5.46,共有部份,鋼筋混凝土造,98年6月29日,二十二層,
RPPOMLQKRHJFFBH78CC,5,13.89,共有部份,鋼筋混凝土造,98年6月29日,二十二層,
RPPOMLQKRHJFFBH78CC,5,32.59,共有部份,鋼筋混凝土造,98年6月29日,二十二層,
RPXOMLQKRHJFFEH47EC,6,101.07,住家用,鋼筋混凝土造,97年4月1日,十層,
RPXOMLQKRHJFFEH47EC,6,12.97,共有部份,鋼筋混凝土造,97年4月1日,十層,
RPXOMLQKRHJFFEH47EC,6,25.94,共有部份,鋼筋混凝土造,97年4月1日,十層,
RPUNMLNKRHJFFEH66DC,6,81.17,住家用,鋼筋混凝土造,97年10月2日,十層,
RPUNMLNKRHJFFEH66DC,6,5.16,住家用,鋼筋混凝土造,97年10月2日,十層,
RPUNMLNKRHJFFEH66DC,6,1.86,住家用,鋼筋混凝土造,97年10月2日,十層,
RPUNMLNKRHJFFEH66DC,6,17.21,共有部份,鋼筋混凝土造,97年10月2日,十層,
RPUNMLNKRHJFFEH66DC,6,8.41,共有部份,鋼筋混凝土造,97年10月2日,十層,
RPUNMLNKRHJFFEH66DC,6,12.07,共有部份,鋼筋混凝土造,97年10月2日,十層,
RPWNMLQKRHJFFEH17DC,10,29.95,住家用,鋼筋混凝土造,93年12月10日,十二層,
RPTQMLKKRHJFFAH68CC,47,175.30,住商用,加強磚造,56年9月18日,二層,
RPQOMLKKRHJFFAH18CC,22,128.85,辦公室,鋼骨造,81年3月23日,二十二層,
RPWQMLPJRHJFFAH76CC,22,35.29,套房,鋼筋混凝土造,81年4月15日,九層,
RPWQMLPJRHJFFAH76CC,22,13.34,共有部份,鋼筋混凝土造,81年4月15日,九層,
RPSPMLQKRHJFFAH09CC,17,82.90,工商服務業。,鋼筋混凝土造,86年5月19日,四層,
RPUPMLPKRHJFFAH56CC,20,92.63,住家用,鋼筋混凝土造,83年4月11日,十六層,
RPTRMLPJRHJFFAH56CC,15,70.00,住家用,鋼筋混凝土造,88年11月29日,二十四層,
RPTRMLPJRHJFFAH56CC,15,15.24,共有部份,鋼筋混凝土造,88年11月29日,二十四層,
RPTRMLPJRHJFFAH56CC,15,4.96,共有部份,鋼筋混凝土造,88年11月29日,二十四層,
RPTQMLPJRHJFFAH09CC,19,29.03,住家用,鋼筋混凝土造,84年8月8日,二十層,
RPTQMLPJRHJFFAH09CC,19,12.59,共有部份,鋼筋混凝土造,84年8月8日,二十層,
RPWNMLRKRHJFFCH96CC,17,281.30,住商用,鋼筋混凝土造,86年6月26日,四層,
RPWNMLRKRHJFFCH96CC,17,32.55,共有部份,鋼筋混凝土造,86年6月26日,四層,
RPWNMLRKRHJFFCH96CC,17,.00,共同使用（防空避難室，停車場）,鋼筋混凝土造,86年6月26日,十八層,
RPWNMLRKRHJFFCH96CC,17,.14,共有部份,鋼筋混凝土造,86年6月26日,一層,
RPWNMLRKRHJFFCH96CC,18,.05,共有部份,鋼筋混凝土造,86年1月30日,十八層,
RPWNMLRKRHJFFCH96CC,18,.00,共有部份,鋼筋混凝土造,86年1月30日,一層,
RPWNMLRKRHJFFCH96CC,17,17.76,社區遊憩設施,鋼筋混凝土造,86年6月26日,十五層,
RPWNMLRKRHJFFCH96CC,18,.10,社區遊憩設施,鋼筋混凝土造,86年1月30日,十四層,
RPVOMLPJRHJFFAH09CC,10,44.04,住家用,鋼筋混凝土造,93年12月31日,十四層,
RPVOMLPJRHJFFAH09CC,10,9.75,共有部份,鋼筋混凝土造,93年12月31日,十四層,
RPVOMLPJRHJFFAH09CC,10,7.55,共有部份,鋼筋混凝土造,93年12月31日,十四層,
RPXNMLRKRHJFFCH07CC,17,263.07,住商用,鋼筋混凝土造,86年6月26日,四層,
RPXNMLRKRHJFFCH07CC,17,31.34,共有部份,鋼筋混凝土造,86年6月26日,四層,
RPXNMLRKRHJFFCH07CC,17,.00,共同使用（防空避難室，停車場）,鋼筋混凝土造,86年6月26日,十八層,
RPXNMLRKRHJFFCH07CC,17,.13,共有部份,鋼筋混凝土造,86年6月26日,一層,
RPXNMLRKRHJFFCH07CC,18,.05,共有部份,鋼筋混凝土造,86年1月30日,十八層,
RPXNMLRKRHJFFCH07CC,18,.00,共有部份,鋼筋混凝土造,86年1月30日,一層,
RPXNMLRKRHJFFCH07CC,17,8.56,社區遊憩設施,鋼筋混凝土造,86年6月26日,十五層,
RPXNMLRKRHJFFCH07CC,18,.05,社區遊憩設施,鋼筋混凝土造,86年1月30日,十四層,
RPRQMLRKRHJFFBH66CC,6,285.87,辦公室,鋼筋混凝土造,97年11月3日,七層,
RPRQMLRKRHJFFBH66CC,6,40.94,共有部份,鋼筋混凝土造,97年11月3日,七層,
RPRQMLRKRHJFFBH66CC,6,53.20,共有部份,鋼筋混凝土造,97年11月3日,七層,
RPRQMLRKRHJFFBH66CC,6,315.75,金融機構、金融機構〈附屬騎樓〉,鋼筋混凝土造,97年11月3日,七層,
RPRQMLRKRHJFFBH66CC,6,81.89,共有部份,鋼筋混凝土造,97年11月3日,七層,
RPRQMLRKRHJFFBH66CC,6,73.61,共有部份,鋼筋混凝土造,97年11月3日,七層,
RPRQMLRKRHJFFBH66CC,6,110.68,辦公室,鋼筋混凝土造,97年11月3日,七層,
RPRQMLRKRHJFFBH66CC,6,40.94,共有部份,鋼筋混凝土造,97年11月3日,七層,
RPRQMLRKRHJFFBH66CC,6,20.55,共有部份,鋼筋混凝土造,97年11月3日,七層,
RPWOMLSKRHJFFCH17CC,11,684.37,人行道、店舖、停車空間、辦公室、住宅、樓梯間、機械房,鋼骨鋼筋混凝土造,92年12月24日,四層,
RPVPMLTKRHJFFBH17CC,15,54.40,店舖、辦公室,鋼筋混凝土造,88年9月17日,十五層,
RPVPMLTKRHJFFBH17CC,15,1.74,共有部份,鋼筋混凝土造,88年9月17日,十五層,
RPVPMLTKRHJFFBH17CC,15,2.58,共有部份,鋼筋混凝土造,88年9月17日,十五層,
RPVPMLTKRHJFFBH17CC,15,.20,共有部份,鋼筋混凝土造,88年9月17日,十五層,
RPOPMLSKRHJFFGH96DC,14,153.05,住家用,鋼筋混凝土造,89年11月16日,八層,
RPRPMLTKRHJFFBH86DC,9,128.00,住家用,鋼筋混凝土造,94年5月19日,十一層,
RPXOMLMLRHJFFAH66DC,8,79.21,住家用,鋼筋混凝土造,95年9月10日,十四層,
RPTSMLTKRHJFFAH17CC,18,247.25,住家用,鋼筋混凝土造,85年10月22日,三層,
RPTSMLTKRHJFFAH17CC,18,257.07,住家用,鋼筋混凝土造,85年10月22日,三層,
RPPNMLLLRHJFFEH68DC,6,7.48,辦公室、住宅,鋼筋混凝土造,97年4月1日,十層,
RPPNMLLLRHJFFEH68DC,6,73.31,辦公室、住宅,鋼筋混凝土造,97年4月1日,十層,
RPPNMLLLRHJFFEH68DC,6,24.23,辦公室、住宅,鋼筋混凝土造,97年4月1日,十層,
RPPNMLLLRHJFFEH68DC,6,8.17,共有部份,鋼筋混凝土造,97年4月1日,十層,
RPPNMLLLRHJFFEH68DC,6,27.07,共有部份,鋼筋混凝土造,97年4月1日,十層,
RPRNMLKLRHJFFGH88CC,22,228.96,住工用,鋼筋混凝土造,82年2月3日,四層,
RPWNMLMLRHJFFAH98CC,41,240.38,住家用,加強磚造,62年8月30日,三層,
RPSPMLMLRHJFFBH88CC,20,64.90,住家用,鋼筋混凝土造,83年9月14日,四層,
RPTNMLMLRHJFFFH66DC,34,104.92,住家用,加強磚造,69年12月30日,二層,
RPWOMLNLRHJFFDH96DC,12,160.89,國民住宅,鋼筋混凝土造,92年2月19日,十四層,
RPQOMLOLRHJFFDH09DC,7,307.66,住宅、停車空間、樓梯間,鋼筋混凝土造,96年7月25日,五層,
RPVNMLOLRHJFFFH17EC,1,99.60,住家用,鋼筋混凝土造,102年8月21日,十三層,
RPVNMLOLRHJFFFH17EC,1,42.64,共有部分之項目有：防空避難室兼停車空間，停車空間，公共服務空間，管委會使用空間，水箱，機械室等６項。,鋼筋混凝土造,102年8月21日,十三層,
RPVNMLOLRHJFFFH17EC,1,.04,辦公室,鋼筋混凝土造,102年8月21日,十二層,
RPVNMLOLRHJFFFH17EC,1,15.84,共有部分之項目有：防空避難室兼停車空間，停車空間，公共服務空間，管委會使用空間，水箱，機械室等６項。,鋼筋混凝土造,102年8月21日,十三層,
RPROMLOLRHJFFBH98DC,9,117.51,住家用,鋼筋混凝土造,94年8月24日,十二層,
RPOPMLOLRHJFFBH78DC,20,234.28,住家用,鋼筋混凝土造,83年6月7日,十五層,
RPROMLOLRHJFFDH56DC,8,144.00,住家用,鋼筋混凝土造,96年2月27日,九層,
RPSOMLOLRHJFFDH66DC,7,312.35,住宅、停車空間、樓梯間,鋼筋混凝土造,96年7月25日,五層,
RPQPMLOLRHJFFBH98DC,2,171.48,一般事務所、保險分支機構、一般事務所（附屬機電空間）、運動休閒設施、運動休閒設施（附屬機電空間、樓梯間）,鋼筋混凝土造,101年7月23日,四層,
RPTNMLOLRHJFFEH66CC,6,66.00,廠房,鋼骨造,97年11月10日,一層,
RPUOMLMLRHJFFAH88CC,16,28.35,住家用,鋼筋混凝土造,87年4月16日,十四層,
RPUOMLMLRHJFFAH88CC,16,5.74,共有部份,鋼筋混凝土造,87年4月16日,十四層,
RPUOMLMLRHJFFAH88CC,16,4.78,共有部份,鋼筋混凝土造,87年4月16日,十四層,
RPXNMLMLRHJFFAH09CC,41,247.43,住家用,加強磚造,62年8月30日,三層,
RPWQMLPLRHJFFAH07DC,10,117.82,住家用,鋼筋混凝土造,93年9月15日,九層,
RPQNMLQLRHJFFGH86DC,19,62.49,住家用,鋼筋混凝土造,84年8月26日,八層,
RPQNMLQLRHJFFGH86DC,19,5.52,住家用,鋼筋混凝土造,84年8月26日,八層,
RPQNMLQLRHJFFGH86DC,19,3.78,住家用,鋼筋混凝土造,84年8月26日,八層,
RPQNMLQLRHJFFGH86DC,19,8.71,共有部份,鋼筋混凝土造,84年8月26日,八層,
RPXNMLPLRHJFFFH27CC,18,114.18,住家用,鋼筋混凝土造,85年10月1日,十二層,
RPQNMLQLRHJFFGH86DC,19,8.19,共有部份,鋼筋混凝土造,84年8月26日,八層,
RPTTMLQLRHJFFFH57CC,7,69.50,住家用,鋼筋混凝土造,96年8月15日,十五層,
RPTTMLQLRHJFFFH57CC,7,10.62,共有部份,鋼筋混凝土造,96年8月15日,十五層,
RPTTMLQLRHJFFFH57CC,7,12.29,共有部份,鋼筋混凝土造,96年8月15日,十五層,
RPVPMLQLRHJFFBH96CC,8,40.36,住商用,鋼筋混凝土造,96年1月25日,十五層,
RPVPMLQLRHJFFBH96CC,8,15.29,共有部份,鋼筋混凝土造,96年1月25日,十五層,
RPVTMLQLRHJFFFH77CC,22,410.89,儲藏室、廠房,鋼筋混凝土造,81年10月27日,七層,
RPVTMLQLRHJFFFH77CC,22,44.33,共有部份,鋼筋混凝土造,81年10月27日,七層,
RPVTMLQLRHJFFFH77CC,22,27.59,共有部份,鋼筋混凝土造,81年10月27日,七層,
RPOPMLMLRHJFFCH58CC,18,121.09,住家用,鋼筋混凝土造,86年1月30日,十八層,
RPOPMLMLRHJFFCH58CC,18,6.63,共有部份,鋼筋混凝土造,86年1月30日,十八層,
RPOPMLMLRHJFFCH58CC,18,2.78,共有部份,鋼筋混凝土造,86年1月30日,十八層,
RPOPMLMLRHJFFCH58CC,18,.06,共有部份,鋼筋混凝土造,86年1月30日,一層,
RPOPMLMLRHJFFCH58CC,18,1.15,共有部份,鋼筋混凝土造,86年1月30日,十八層,
RPOPMLMLRHJFFCH58CC,17,.03,共同使用（防空避難室，停車場）,鋼筋混凝土造,86年6月26日,十八層,
RPOPMLMLRHJFFCH58CC,17,.00,共有部份,鋼筋混凝土造,86年6月26日,一層,
RPOPMLMLRHJFFCH58CC,17,.05,社區遊憩設施,鋼筋混凝土造,86年6月26日,十五層,
RPOPMLMLRHJFFCH58CC,18,3.71,社區遊憩設施,鋼筋混凝土造,86年1月30日,十四層,
RPWOMLMLRHJFFCH66CC,17,82.84,住家用,鋼筋混凝土造,86年6月26日,十四層,
RPWOMLMLRHJFFCH66CC,17,4.28,共有部份,鋼筋混凝土造,86年6月26日,十四層,
RPWOMLMLRHJFFCH66CC,17,.87,共有部份,鋼筋混凝土造,86年6月26日,十四層,
RPWOMLMLRHJFFCH66CC,17,37.04,共同使用（防空避難室，停車場）,鋼筋混凝土造,86年6月26日,十八層,
RPWOMLMLRHJFFCH66CC,17,.04,共有部份,鋼筋混凝土造,86年6月26日,一層,
RPWOMLMLRHJFFCH66CC,18,.61,共有部份,鋼筋混凝土造,86年1月30日,十八層,
RPWOMLMLRHJFFCH66CC,18,.00,共有部份,鋼筋混凝土造,86年1月30日,一層,
RPWOMLMLRHJFFCH66CC,17,2.83,社區遊憩設施,鋼筋混凝土造,86年6月26日,十五層,
RPWOMLMLRHJFFCH66CC,18,.05,社區遊憩設施,鋼筋混凝土造,86年1月30日,十四層,
RPQRMLMLRHJFFAH78CC,22,76.56,住家用,鋼筋混凝土造,81年11月21日,七層,
RPVQMLQLRHJFFAH96CC,15,420.84,商業用,鋼骨鋼筋混凝土造,88年12月6日,一層,
RPUPMLOLRHJFFAH56CC,4,203.70,辦公室,鋼筋混凝土造,99年4月22日,二十五層,
RPUPMLOLRHJFFAH56CC,4,100.73,本共有部分之項目有：防空避難室兼停車空間、通廊、管委會使用空間、樓梯間、中繼機房。,鋼筋混凝土造,99年4月22日,二十五層,
RPWQMLOLRHJFFAH86CC,18,37.76,住家用,鋼筋混凝土造,85年8月22日,八層,
RPWQMLOLRHJFFAH86CC,18,6.06,共有部份,鋼筋混凝土造,85年8月22日,八層,
RPWQMLOLRHJFFAH86CC,18,4.64,共有部份,鋼筋混凝土造,85年8月22日,八層,
RPWQMLOLRHJFFAH86CC,18,32.41,共有部份,鋼筋混凝土造,85年8月22日,八層,
RPVOMLKMRHJFFBH98CC,18,19.96,住家用,鋼筋混凝土造,85年4月24日,七層,
RPVOMLKMRHJFFBH98CC,18,8.72,共有部份,鋼筋混凝土造,85年4月24日,七層,
RPPOMLKMRHJFFDH68DC,17,198.84,住家用,鋼筋混凝土造,87年2月26日,四層,
RPUOMLLJIIJFFEH28DC,6,88.22,住家用,鋼筋混凝土造,97年10月2日,十層,
RPQQMLQLRHJFFAH09CC,27,135.57,住家用,鋼筋混凝土造,76年4月20日,二層,
RPOPMLPLRHJFFCH88CC,17,105.83,住家用,鋼筋混凝土造,86年6月26日,十二層,
RPOPMLPLRHJFFCH88CC,17,6.96,共有部份,鋼筋混凝土造,86年6月26日,十二層,
RPOPMLPLRHJFFCH88CC,17,1.11,共有部份,鋼筋混凝土造,86年6月26日,十四層,
RPOPMLPLRHJFFCH88CC,17,37.04,共同使用（防空避難室，停車場）,鋼筋混凝土造,86年6月26日,十八層,
RPOPMLPLRHJFFCH88CC,17,.05,共有部份,鋼筋混凝土造,86年6月26日,一層,
RPOPMLPLRHJFFCH88CC,18,.61,共有部份,鋼筋混凝土造,86年1月30日,十八層,
RPOPMLPLRHJFFCH88CC,18,.00,共有部份,鋼筋混凝土造,86年1月30日,一層,
RPOPMLPLRHJFFCH88CC,17,3.58,社區遊憩設施,鋼筋混凝土造,86年6月26日,十五層,
RPOPMLPLRHJFFCH88CC,18,.05,社區遊憩設施,鋼筋混凝土造,86年1月30日,十四層,
RPPPMLPLRHJFFCH98CC,18,263.01,住商用,鋼筋混凝土造,86年1月30日,四層,
RPPPMLPLRHJFFCH98CC,18,33.54,共有部份,鋼筋混凝土造,86年1月30日,五層,
RPPPMLPLRHJFFCH98CC,18,.12,共有部份,鋼筋混凝土造,86年1月30日,一層,
RPPPMLPLRHJFFCH98CC,17,.07,共同使用（防空避難室，停車場）,鋼筋混凝土造,86年6月26日,十八層,
RPPPMLPLRHJFFCH98CC,17,.00,共有部份,鋼筋混凝土造,86年6月26日,一層,
RPPPMLPLRHJFFCH98CC,17,.05,社區遊憩設施,鋼筋混凝土造,86年6月26日,十五層,
RPPPMLPLRHJFFCH98CC,18,7.81,社區遊憩設施,鋼筋混凝土造,86年1月30日,十四層,
RPPOMLMJIIJFFAH37CC,29,114.46,住家用,鋼筋混凝土造,74年7月20日,五層,
RPVPMLLJIIJFFAH97CC,17,74.31,住家用,鋼筋混凝土造,86年9月1日,十七層,
RPVPMLLJIIJFFAH97CC,17,5.89,共有部份,鋼筋混凝土造,86年9月1日,十七層,
RPVPMLLJIIJFFAH97CC,17,13.82,共有部份,鋼筋混凝土造,86年9月1日,十七層,
RPSQMLTLRHJFFAH96CC,7,282.14,店舖、住宅、停車空間、樓梯間,鋼筋混凝土造,96年6月5日,四層,
RPSPMLTLRHJFFAH86CC,40,862.56,住家用,加強磚造,63年9月14日,二層,
RPSPMLTLRHJFFAH86CC,41,3421.00,工業用,加強磚造,63年3月8日,二層,
RPSPMLTLRHJFFAH86CC,28,3940.86,廠房﹐防空避難室,鋼筋混凝土造,75年4月24日,五層,
RPQNMLMJIIJFFAH37CC,28,264.38,店舖．住宅．避難室．通道,鋼筋混凝土造,76年3月13日,三層,
RPXNMLMJIIJFFAH08CC,21,88.82,住家用,鋼筋混凝土造,82年10月20日,五層,
RPUOMLLJIIJFFAH77CC,11,100.55,住家用,鋼筋混凝土造,92年6月13日,十三層,
RPTOMLMJIIJFFAH77CC,33,92.25,住家用,鋼筋混凝土造,70年6月8日,五層,
RPQQMLNJIIJFFAH87DC,22,87.99,住家用,鋼筋混凝土造,81年6月1日,九層,
RPSOMLMJIIJFFBH87DC,23,73.80,住家用,鋼筋混凝土造,80年5月25日,七層,
RPSOMLMJIIJFFBH87DC,23,8.07,共有部份,鋼筋混凝土造,80年5月25日,七層,
RPWPMLNJIIJFFAH38DC,3,488.30,住商用,鋼筋混凝土造,100年11月28日,十三層,
RPSNMLQJIIJFFEH48DC,6,117.47,住家用,鋼筋混凝土造,97年4月1日,十層,
RPXQMLRJIIJFFAH88CC,10,11.65,店舖、停車場,鋼筋混凝土造,94年3月22日,五層,
RPXQMLRJIIJFFAH88CC,10,68.85,店舖、停車場,鋼筋混凝土造,94年3月22日,五層,
RPXQMLRJIIJFFAH88CC,10,2.09,共有部份,鋼筋混凝土造,94年3月22日,五層,
RPXQMLRJIIJFFAH88CC,10,13.69,共有部份,鋼筋混凝土造,94年3月22日,五層,
RPWNMLNJIIJFFDH48DC,17,3.78,住家用,鋼筋混凝土造,86年9月5日,五層,
RPWNMLNJIIJFFDH48DC,17,64.86,住家用,鋼筋混凝土造,86年9月5日,五層,
RPWQMLQJIIJFFAH68CC,20,85.32,住家用,鋼筋混凝土造,83年5月21日,七層,
RPSTMLRJIIJFFAH78DC,30,80.94,住家用,鋼筋混凝土造,73年6月1日,五層,
RPUPMLRJIIJFFAH58DC,23,182.00,辦公室,鋼骨造,81年1月23日,二十層,
RPRQMLRJIIJFFAH38DC,29,68.88,防空避難室．人行道．店舖．住宅 ．冰庫,鋼筋混凝土造,74年5月14日,六層,
RPRNMLSJIIJFFFH68DC,2,254.95,店舖、住宅,鋼筋混凝土造,101年11月6日,五層,
RPUPMLSJIIJFFFH09CC,3,88.19,住家用,鋼筋混凝土造,100年11月18日,十三層,
RPUPMLSJIIJFFFH09CC,3,20.96,本共有部分之項目有：公共服務空間、廣場式頂蓋型開放空間、梯間、機房及水箱等五項。,鋼筋混凝土造,100年11月18日,十三層,
RPUPMLSJIIJFFFH09CC,3,44.39,本共有部分之項目有：停車空間、防空避難室兼停車空間等二項。,鋼筋混凝土造,100年11月18日,十三層,
RPTQMLTJIIJFFAH68CC,19,314.04,辦公室,鋼筋混凝土造,84年8月14日,十六層,
RPTQMLTJIIJFFAH68CC,19,149.99,共有部份,鋼筋混凝土造,84年8月14日,十六層,
RPTPMLSJIIJFFBH58CC,45,162.97,住家用,加強磚造,58年5月1日,二層,
RPVPMLTJIIJFFAH78CC,19,68.44,商業用,鋼筋混凝土造,84年7月10日,十三層,
RPVPMLTJIIJFFAH78CC,19,266.77,辦公室,鋼筋混凝土造,84年7月10日,十三層,
RPVPMLTJIIJFFAH78CC,19,57.24,商業用,鋼筋混凝土造,84年7月10日,十三層,
RPVPMLTJIIJFFAH78CC,19,67.34,住家用,鋼筋混凝土造,84年7月10日,十三層,
RPUNMLTJIIJFFBH58CC,15,33.87,住家用,鋼筋混凝土造,88年5月28日,十四層,
RPUNMLTJIIJFFBH58CC,15,4.85,共有部份,鋼筋混凝土造,88年5月28日,十四層,
RPUNMLTJIIJFFBH58CC,15,7.37,共有部份,鋼筋混凝土造,88年5月28日,十四層,
RPVOMLTJIIJFFGH66CC,2,135.35,住家用,鋼筋混凝土造,101年10月29日,十五層,
RPWNMLTJIIJFFBH88DC,26,115.67,辦公室,鋼筋混凝土造,77年11月17日,十二層,
RPWNMLTJIIJFFBH88DC,26,3.43,辦公室,鋼筋混凝土造,77年11月17日,十二層,
RPWNMLTJIIJFFBH88DC,26,2.07,辦公室,鋼筋混凝土造,77年11月17日,十二層,
RPWNMLTJIIJFFBH88DC,26,8.30,樓梯間、機械房、水箱、防空避難室、車道、電梯間,鋼筋混凝土造,77年11月17日,十二層,
RPWNMLTJIIJFFBH88DC,26,27.23,走道,鋼筋混凝土造,77年11月17日,十二層,
RPQNMLKKIIJFFAH27CC,34,50.57,住家用,鋼筋混凝土造,69年8月6日,五層,
RPQNMLKKIIJFFAH27CC,34,36.76,住家用,鋼筋混凝土造,69年8月6日,五層,
RPOPMLNKIIJFFBH67CC,21,81.82,住家用,鋼筋混凝土造,82年12月3日,七層,
RPOPMLNKIIJFFBH67CC,21,12.64,住家用,鋼筋混凝土造,82年12月3日,七層,
RPOPMLNKIIJFFBH67CC,21,4.25,住家用,鋼筋混凝土造,82年12月3日,七層,
RPOPMLNKIIJFFBH67CC,21,19.90,共有部份,鋼筋混凝土造,82年12月3日,七層,
RPWNMLNKIIJFFBH38DC,10,66.56,住家用,鋼筋混凝土造,93年5月18日,十層,
RPSOMLOKIIJFFBH18DC,25,68.91,住家用,加強磚造,78年4月17日,二層,
RPTOMLOKIIJFFBH28DC,25,87.87,住家用,加強磚造,78年4月17日,二層,
RPOPMLOKIIJFFBH87DC,24,160.19,住家用,鋼筋混凝土造,79年12月27日,十五層,
RPXPMLOKIIJFFBH78DC,3,26.90,店舖,鋼筋混凝土造,101年3月22日,二十四層,
RPWNMLOKIIJFFEH78DC,7,141.63,住家用,鋼筋混凝土造,97年4月1日,十層,
RPXNMLOKIIJFFCH58CC,19,54.55,住家用,鋼筋混凝土造,85年4月11日,五層,
RPSNMLPKIIJFFAH97CC,8,123.93,一般零售業,鋼骨造,95年7月27日,一層,
RPVOMLPKIIJFFAH38CC,5,69.00,住家用,鋼筋混凝土造,98年10月29日,十三層,
RPVOMLPKIIJFFAH38CC,5,27.39,本共有部分之項目有集合住宅（附屬停車空間兼防空避難室、門廳、頂蓋型開放空間、梯間、電梯機房、屋頂水箱）等６項。,鋼筋混凝土造,98年10月29日,十三層,
RPSOMLTJIIJFFGH09DC,8,86.95,住家用,鋼筋混凝土造,95年12月13日,十四層,
RPWOMLTJIIJFFGH86DC,21,151.24,住家用,鋼筋混凝土造,82年4月28日,三層,
RPQOMLNKIIJFFGH38DC,21,151.24,住家用,鋼筋混凝土造,82年4月28日,三層,
RPTNMLNKIIJFFGH58DC,15,36.03,人行道、住宅、梯間,鋼筋混凝土造,88年4月15日,五層,
RPTOMLTJIIJFFGH56DC,21,151.24,住家用,鋼筋混凝土造,82年4月28日,三層,
RPUOMLTJIIJFFGH66DC,21,151.24,住家用,鋼筋混凝土造,82年4月28日,三層,
RPWNMLPKIIJFFFH09EC,6,87.60,住家用,鋼筋混凝土造,97年9月19日,十層,
RPWNMLPKIIJFFFH09EC,6,27.69,共有部份,鋼筋混凝土造,97年9月19日,十層,
RPWNMLPKIIJFFFH09EC,6,40.32,共有部份,鋼筋混凝土造,97年9月19日,十層,
RPSOMLPKIIJFFBH28DC,37,74.34,住家用,加強磚造,66年12月15日,二層,
RPQNMLPKIIJFFFH38DC,16,64.27,住家用,鋼骨鋼筋混凝土造,87年7月29日,十八層,
RPQNMLPKIIJFFFH38DC,16,10.92,共有部份,鋼骨鋼筋混凝土造,87年7月29日,十八層,
RPQNMLPKIIJFFFH38DC,16,35.48,共有部份,鋼骨鋼筋混凝土造,87年7月29日,十九層,
RPQNMLPKIIJFFFH38DC,16,6.04,共有部份,鋼骨鋼筋混凝土造,87年7月29日,十九層,
RPVNMLQKIIJFFFH88CC,1,189.09,住家用,鋼筋混凝土造,102年10月18日,十一層,
RPVPMLRKIIJFFBH78CC,20,599.82,住商用,鋼筋混凝土造,83年6月10日,五層,
RPVOMLPKIIJFFCH78EC,12,111.02,集合住宅,鋼筋混凝土造,91年3月20日,十層,
RPVOMLPKIIJFFCH78EC,12,62.24,共有部份,鋼筋混凝土造,91年3月20日,十層,
RPTNMLQKIIJFFGH88DC,22,298.94,自用儲藏室、住宅、店鋪,鋼筋混凝土造,82年1月14日,三層,
RPVQMLRKIIJFFBH88CC,19,120.42,住家用,鋼筋混凝土造,84年5月11日,五層,
RPVQMLRKIIJFFBH88CC,19,28.24,共有部份,鋼筋混凝土造,84年5月11日,五層,
RPSPMLRKIIJFFFH09EC,1,180.30,住家用,鋼筋混凝土造,103年1月20日,十五層,
RPPQMLPKIIJFFAH97CC,41,80.60,住家用,鋼筋混凝土造,62年10月6日,四層,
RPTNMLSKIIJFFBH48CC,,73.20,店舖、店舖（附屬停車空間）、住宅、住宅（附屬樓梯間、機房）,鋼筋混凝土造,103年3月31日,四層,
RPWOMLPKIIJFFAH48CC,5,69.00,住家用,鋼筋混凝土造,98年10月29日,十三層,
RPWOMLPKIIJFFAH48CC,5,27.39,本共有部分之項目有集合住宅（附屬停車空間兼防空避難室、門廳、頂蓋型開放空間、梯間、電梯機房、屋頂水箱）等６項。,鋼筋混凝土造,98年10月29日,十三層,
RPXNMLKLIIJFFBH18CC,8,233.72,住宅、停車空間、店舖,鋼筋混凝土造,96年3月21日,五層,
RPVTMLKLIIJFFAH48CC,11,93.99,國民住宅,鋼筋混凝土造,92年8月21日,十四層,
RPVTMLKLIIJFFAH48CC,11,22.98,共有部份,鋼筋混凝土造,92年8月21日,十四層,
RPVTMLKLIIJFFAH48CC,11,23.19,共有部份,鋼筋混凝土造,92年8月21日,十四層,
RPQOMLLLIIJFFEH97CC,3,156.92,住家用,鋼筋混凝土造,101年1月6日,十三層,
RPQOMLLLIIJFFEH97CC,3,86.39,共有部份,鋼筋混凝土造,101年1月6日,十三層,
RPQOMLLLIIJFFEH97CC,3,28.78,共有部份,鋼筋混凝土造,101年1月6日,十三層,
RPUQMLKLIIJFFAH08CC,11,45.59,住家用,鋼筋混凝土造,92年7月28日,十四層,
RPUQMLKLIIJFFAH08CC,11,6.47,共有部份,鋼筋混凝土造,92年7月28日,十四層,
RPUQMLKLIIJFFAH08CC,11,9.76,共有部份,鋼筋混凝土造,92年7月28日,十四層,
RPRNMLKLIIJFFBH67DC,3,51.42,集合住宅,鋼筋混凝土造,100年9月5日,十五層,
RPSOMLMLIIJFFCH28EC,3,197.13,店舖、辦公室、住宅（附屬停車空間、樓梯間）,鋼筋混凝土造,100年9月10日,四層,
RPQRMLMLIIJFFFH68EC,1,87.86,住家用,鋼筋混凝土造,103年1月20日,十五層,
RPQRMLMLIIJFFFH68EC,1,56.51,共有部分之項目計有：防空避難室、停車空間、機械室、台電配電室、頂蓋型廣場式開放空間、公共服務空間、管理委員會空間、樓梯間、機房、水箱等項,鋼筋混凝土造,103年1月20日,十五層,
RPQRMLMLIIJFFFH68EC,1,20.70,共有部分之項目計有：梯廳、排煙室、樓梯間、電梯機房、水箱等項,鋼筋混凝土造,103年1月20日,十五層,
RPRNMLMLIIJFFCH87CC,,209.16,,,,,
RPTPMLMLIIJFFAH08CC,19,122.28,住家用,鋼筋混凝土造,85年1月6日,七層,
RPTPMLMLIIJFFAH08CC,19,25.49,共有部份,鋼筋混凝土造,85年1月6日,七層,
RPTPMLMLIIJFFAH08CC,19,.12,辦公室,鋼筋混凝土造,85年1月6日,七層,
RPTPMLMLIIJFFAH08CC,19,.57,辦公室,鋼筋混凝土造,85年1月6日,七層,
RPTPMLMLIIJFFAH08CC,19,32.55,共有部份,鋼筋混凝土造,85年1月6日,七層,
RPRNMLMLIIJFFEH18DC,2,124.81,住家用,鋼筋混凝土造,101年11月6日,十層,
RPRNMLMLIIJFFEH18DC,2,12.72,住家用,鋼筋混凝土造,101年11月6日,十層,
RPRNMLMLIIJFFEH18DC,2,1.06,住家用,鋼筋混凝土造,101年11月6日,十層,
RPRNMLMLIIJFFEH18DC,2,30.75,共有部份,鋼筋混凝土造,101年11月6日,十層,
RPRNMLMLIIJFFEH18DC,2,11.10,共有部份,鋼筋混凝土造,101年11月6日,十層,
RPRNMLMLIIJFFEH18DC,2,24.86,共有部份,鋼筋混凝土造,101年11月6日,十層,
RPVNMLNLIIJFFBH48EC,13,81.45,住家用,鋼筋混凝土造,90年1月15日,十層,
RPVNMLNLIIJFFBH48EC,13,11.47,共有部份,鋼筋混凝土造,90年1月15日,十層,
RPVNMLNLIIJFFBH48EC,13,18.67,共有部份,鋼筋混凝土造,90年1月15日,十層,
RPQNMLNLIIJFFEH28EC,12,129.25,住家用,鋼骨鋼筋混凝土造,91年2月5日,二十三層,
RPQNMLNLIIJFFEH28EC,12,14.28,住家用,鋼骨鋼筋混凝土造,91年2月5日,二十三層,
RPQNMLNLIIJFFEH28EC,12,29.84,共有部份,鋼骨鋼筋混凝土造,91年2月5日,二十三層,
RPQNMLNLIIJFFEH28EC,12,9.89,共有部份,鋼骨鋼筋混凝土造,91年2月5日,二十三層,
RPQNMLNLIIJFFEH28EC,12,40.15,共有部份,鋼骨鋼筋混凝土造,91年2月5日,二十三層,
RPPRMLNLIIJFFAH97CC,,101.32,住家用,鋼筋混凝土造,,,
RPPRMLNLIIJFFAH97CC,,23.82,共有部份,鋼筋混凝土造,,,
RPPRMLNLIIJFFAH97CC,,34.62,停車場,鋼筋混凝土造,,,
RPOQMLNLIIJFFCH97CC,42,136.99,住商用,加強磚造,62年2月15日,二層,
RPXPMLNLIIJFFCH78CC,42,20.00,住商用,加強磚造,62年2月15日,二層,
RPTOMLNLIIJFFEH48CC,6,59.81,自由職業事務所,鋼筋混凝土造,97年6月6日,五層,
RPTOMLNLIIJFFEH48CC,6,43.76,共有部份,鋼筋混凝土造,97年6月6日,四層,
RPPNMLPLIIJFFAH77CC,23,152.15,辦公室,鋼骨造,81年3月23日,二十二層,
RPVNMLRLIIJFFAH58CC,1,156.46,住商用,鋼筋混凝土造,103年4月3日,十五層,
RPQNMLPLIIJFFAH87CC,19,119.42,住家用,鋼筋混凝土造,85年1月31日,十四層,
RPQNMLPLIIJFFAH87CC,19,13.13,共有部份,鋼筋混凝土造,85年1月31日,十四層,
RPQNMLPLIIJFFAH87CC,19,35.91,共有部份,鋼筋混凝土造,85年1月31日,十四層,
RPXQMLRLIIJFFAH09CC,8,81.56,住家用,鋼筋混凝土造,95年7月18日,十三層,
RPXQMLRLIIJFFAH09CC,8,59.55,共有部份,鋼筋混凝土造,95年7月18日,十三層,
RPTPMLRLIIJFFEH98CC,,152.06,住家用,鋼筋混凝土造,,,
RPUPMLSLIIJFFBH88CC,41,96.38,住家用,加強磚造,62年7月20日,一層,
RPOOMLTLIIJFFEH68DC,15,75.37,住家用,鋼筋混凝土造,89年2月1日,九層,
RPOOMLTLIIJFFEH68DC,15,9.71,共有部份,鋼筋混凝土造,89年2月1日,九層,
RPOOMLTLIIJFFEH68DC,15,9.63,共有部份,鋼筋混凝土造,89年2月1日,九層,
RPVOMLSLIIJFFEH66DC,10,69.81,住家用,鋼筋混凝土造,94年3月1日,十層,
RPVOMLSLIIJFFEH66DC,10,4.05,住家用,鋼筋混凝土造,94年3月1日,十層,
RPVOMLSLIIJFFEH66DC,10,1.17,住家用,鋼筋混凝土造,94年3月1日,十層,
RPVOMLSLIIJFFEH66DC,10,8.86,共有部份,鋼筋混凝土造,94年3月1日,十層,
RPVOMLSLIIJFFEH66DC,10,16.43,共有部份,鋼筋混凝土造,94年3月1日,十層,
RPVOMLSLIIJFFEH66DC,10,33.48,管理員室,鋼筋混凝土造,94年3月1日,十層,
RPOOMLLLIIJFFDH77DC,32,64.51,住家用,鋼筋混凝土造,71年9月14日,一層,
RPOOMLLLIIJFFDH77DC,32,64.51,住家用,鋼筋混凝土造,71年9月14日,二層,
RPSOMLKMIIJFFEH28DC,,206.04,見其他登記事項,鋼筋混凝土造,,,
RPQNMLKMIIJFFBH67DC,8,266.78,住宅、停車空間,鋼筋混凝土造,95年11月12日,五層,
RPSQMLKMIIJFFAH97CC,20,182.38,住家用,鋼筋混凝土造,83年10月24日,四層,
RPPNMLLMIIJFFBH57CC,8,68.62,住商用,鋼筋混凝土造,96年1月25日,十一層,
RPPNMLLMIIJFFBH57CC,8,40.77,共有部份,鋼筋混凝土造,96年1月25日,十五層,
RPQNMLLMIIJFFBH67CC,3,51.61,集合住宅,鋼筋混凝土造,100年12月15日,十五層,
RPQNMLLMIIJFFBH67CC,3,47.96,本共有部分項目為：停車空間及供公眾停車空間、防空避難室、緊急發電機房、台電配電場所、車道、電信機房、門廳〈１至３〉、警衛室、梯間及排煙室、水箱、機房〈１至３〉、消防機房、污水機房、梯間等共１４項。,鋼筋混凝土造,100年12月15日,十五層,
RPOPMLLMIIJFFBH67CC,5,100.61,住家用,鋼筋混凝土造,98年6月29日,二十二層,
RPOPMLLMIIJFFBH67CC,5,4.44,共有部份,鋼筋混凝土造,98年6月29日,二十二層,
RPOPMLLMIIJFFBH67CC,5,5.47,共有部份,鋼筋混凝土造,98年6月29日,二十二層,
RPOPMLLMIIJFFBH67CC,5,13.89,共有部份,鋼筋混凝土造,98年6月29日,二十二層,
RPOPMLLMIIJFFBH67CC,5,30.55,共有部份,鋼筋混凝土造,98年6月29日,二十二層,
RPPOMLMLIIJFFAH67DC,22,104.58,住家用,鋼筋混凝土造,82年2月22日,十二層,
RPVOMLTLIIJFFAH98DC,9,225.73,停車空間、集合住宅、樓梯間、水塔間,鋼筋混凝土造,94年8月22日,四層,
RPOQMLNLIIJFFAH87DC,,100.90,住家用,鋼筋混凝土造,,,
RPUNMLPKIIJFFAH28DC,20,104.69,住家用,鋼筋混凝土造,83年8月3日,十六層,
RPSQMLNLIIJFFAH28DC,5,384.79,辦公室,鋼筋混凝土造,99年4月22日,二十五層,
RPTOMLSJIIJFFAH48DC,2,131.35,住家用,鋼筋混凝土造,101年10月19日,十二層,
RPTOMLSJIIJFFAH48DC,2,35.21,本共有部分之項目有（附屬公共服務空間、樓梯間、機房、水箱）等４項。,鋼筋混凝土造,101年10月19日,十三層,
RPTOMLSJIIJFFAH48DC,2,90.87,本共有部分之項目有（附屬防空避難室兼停車空間、停車空間）等２項。,鋼筋混凝土造,101年10月19日,十三層,
RPSOMLSJIIJFFAH38DC,2,131.35,住家用,鋼筋混凝土造,101年10月19日,十三層,
RPSOMLSJIIJFFAH38DC,2,35.21,本共有部分之項目有（附屬公共服務空間、樓梯間、機房、水箱）等４項。,鋼筋混凝土造,101年10月19日,十三層,
RPSOMLSJIIJFFAH38DC,2,90.87,本共有部分之項目有（附屬防空避難室兼停車空間、停車空間）等２項。,鋼筋混凝土造,101年10月19日,十三層,
RPWNMLLMIIJFFGH88DC,9,51.36,集合住宅、機房,鋼筋混凝土造,95年2月13日,十三層,
RPTPMLLMIIJFFAH18DC,20,60.35,廠房,鋼筋混凝土造,84年4月14日,十七層,
RPWPMLKMIIJFFAH38DC,20,144.01,住家用,鋼筋混凝土造,84年2月25日,二十三層,
RPWPMLKMIIJFFAH38DC,20,31.34,停車場,鋼筋混凝土造,84年2月25日,二十三層,
RPUOMLRLIIJFFAH68DC,8,93.17,住商用,鋼筋混凝土造,95年5月29日,十二層,
RPOOMLLMIIJFFGH18DC,1,80.73,住家用,鋼筋混凝土造,102年11月1日,十層,
RPQOMLLMIIJFFGH38DC,18,82.41,住家用,鋼筋混凝土造,85年11月8日,五層,
