﻿鄉鎮市區,交易標的,土地位置建物門牌,土地面積平方公尺,都市土地使用分區,非都市土地使用分區,非都市土地使用編定,租賃年月日,租賃筆棟數,租賃層次,總樓層數,建物型態,主要用途,主要建材,建築完成年月,建物總面積平方公尺,建物現況格局-房,建物現況格局-廳,建物現況格局-衛,建物現況格局-隔間,有無管理組織,有無附傢俱,總額元,單價元平方公尺,車位類別,車位面積平方公尺,車位總額元,備註,編號
The villages and towns urban district,transaction sign,land sector position building sector house number plate,land shifting total area square meter,the use zoning or compiles and checks,the non-metropolis land use district,non-metropolis land use,transaction year month and day,transaction pen number,shifting level,total floor number,building state,main use,main building materials,construction to complete the years,building shifting total area,Building present situation pattern - room,building present situation pattern - hall,building present situation pattern - health,building present situation pattern - compartmented,Whether there is manages the organization,Whether there is attaches the furniture,total price NTD,the unit price (NTD / square meter),the berth category,berth shifting total area square meter,the berth total price NTD,the note,serial number
竹北市,房地(土地+建物),新竹縣竹北市文田街15號,490.52,住,,,1030731,土地1建物1車位0,二層,2,店面(店鋪),商業用,見其他登記事項,0940914,241.72,2,0,0,無,無,無,193182,799,,0.0,0,含稅含二代健保費用,RPPNMLOJQHJFFBJ48CC
竹北市,建物,新竹縣竹北市高鐵二路32號十六樓之二,18.69,商,,,1030802,土地0建物1車位2,十六層,20,辦公商業大樓,商業用,鋼筋混凝土造,0990106,144.59,4,0,0,有,無,無,50000,346,坡道平面,0.0,5000,,RPRPMLRJQHJFFBJ56CC
竹北市,建物,新竹縣竹北市自強南路27號,0.0,商,,,1030731,土地0建物1車位0,全,5,透天厝,住商用,鋼筋混凝土造,0920106,514.69,0,0,0,無,有,無,320000,622,,0.0,0,,RPUNMLSJQHJFFBJ76CC
竹北市,建物,新竹縣竹北市自強南路25號,0.0,商,,,1030731,土地0建物1車位0,全,5,透天厝,住商用,鋼筋混凝土造,0920106,514.69,0,0,0,無,有,無,320000,622,,0.0,0,,RPVNMLSJQHJFFBJ86CC
竹北市,建物,新竹縣竹北市嘉豐十路5號5樓之17,0.0,商,,,1030728,土地0建物1車位0,五層,13,套房(1房1廳1衛),商業用,鋼筋混凝土造,0970321,46.24,1,1,1,有,有,有,10000,216,,0.0,0,租金含管理費、第四台、網路,RPWNMLSJQHJFFBJ96CC
竹北市,建物,新竹縣竹北市隘口六街163號6樓,0.0,住,,,1030727,土地0建物1車位1,六層,9,華廈(10層含以下有電梯),住家用,鋼筋混凝土造,0961228,158.91,3,2,2,有,有,有,19000,120,坡道平面,0.0,0,租金含管理費,RPXNMLSJQHJFFBJ07CC
竹北市,建物,新竹縣竹北市嘉豐一街28號4樓之7,0.0,商,,,1030729,土地0建物1車位0,四層,7,套房(1房1廳1衛),商業用,鋼筋混凝土造,0971128,45.59,1,1,1,有,有,有,12000,263,,0.0,0,租金含管理費、網路、第四台,RPOOMLSJQHJFFBJ88CC
竹北市,建物,新竹縣竹北市福興路979號,0.0,住,,,1030729,土地0建物1車位0,全,4,透天厝,住商用,鋼筋混凝土造,0890824,278.79,4,3,3,有,無,無,23000,82,,0.0,0,,RPPOMLSJQHJFFBJ98CC
竹北市,建物,新竹縣竹北市莊敬北路116號10樓,0.0,商,,,1030729,土地0建物1車位1,見其他登記事項,11,住宅大樓(11層含以上有電梯),商業用,鋼筋混凝土造,0940331,150.84,3,2,2,有,有,無,20000,133,坡道平面,0.0,0,租金含管理費,RPQOMLSJQHJFFBJ09CC
竹北市,建物,新竹縣竹北市光明九路76號10樓之1,0.0,商,,,1030731,土地0建物1車位0,十層,10,套房(1房1廳1衛),商業用,鋼筋混凝土造,0940603,48.62,1,1,1,有,有,有,13500,278,,0.0,0,租金含稅、二代健保  續約,RPTOMLSJQHJFFBJ76CC
竹北市,建物,新竹縣竹北市嘉興路338巷18號12樓,0.0,住,,,1030731,土地0建物1車位1,十二層,12,住宅大樓(11層含以上有電梯),住家用,鋼筋混凝土造,1030228,136.79,2,2,1,有,有,有,22727,166,坡道平面,0.0,0,,RPUOMLSJQHJFFBJ86CC
竹北市,建物,新竹縣竹北市自強三路59號14樓,0.0,住,,,1030722,土地0建物1車位1,十四層,19,住宅大樓(11層含以上有電梯),住家用,鋼筋混凝土造,1010808,257.46000000000004,4,2,2,有,有,有,36000,140,坡道平面,0.0,0,租金含稅金、二代健保,RPVOMLSJQHJFFBJ96CC
竹北市,房地(土地+建物)+車位,新竹縣竹北市嘉興路277巷7號3樓,17.26,住,,,1030721,土地1建物1車位1,三層,9,華廈(10層含以下有電梯),住家用,鋼筋混凝土造,0850821,64.93,4,2,2,有,有,無,13500,208,坡道平面,0.0,0,,RPRPMLLKQHJFFBJ68CC
竹北市,房地(土地+建物),新竹縣竹北市文義街138號5樓之5,8.39,商,,,1030810,土地1建物1車位0,五層,7,華廈(10層含以下有電梯),商業用,鋼筋混凝土造,0950821,21.98,1,1,1,有,有,有,10000,455,,0.0,0,,RPTPMLLKQHJFFBJ88CC
竹北市,房地(土地+建物)+車位,新竹縣竹北市高鐵七路65號6樓之8,4.21,商,,,1030812,土地1建物1車位1,六層,18,辦公商業大樓,商業用,鋼筋混凝土造,0990208,35.84,0,0,0,無,無,無,26500,739,坡道平面,0.0,0,,RPSQMLMKQHJFFBJ98CC
竹北市,建物,新竹縣竹北市復興一街253號8樓之17,0.0,住,,,1030728,土地0建物1車位1,八層,16,套房(1房1廳1衛),商業用,鋼筋混凝土造,0970915,50.33,1,1,1,有,有,有,15500,308,坡道平面,0.0,0,,RPTQMLMKQHJFFBJ09CC
竹北市,建物,新竹縣竹北市復興二路231號5樓之1,0.0,住,,,1030731,土地0建物1車位1,五層,11,套房(1房1廳1衛),商業用,鋼筋混凝土造,0961204,84.99000000000001,1,1,1,有,有,有,13050,154,坡道平面,0.0,0,,RPUQMLMKQHJFFBJ56CC
竹北市,建物,新竹縣竹北市台科路96號12樓,0.0,住,,,1030731,土地0建物1車位1,十二層,14,住宅大樓(11層含以上有電梯),住家用,鋼筋混凝土造,1000805,140.95999999999998,4,2,2,有,有,有,25000,177,坡道平面,0.0,0,租金含管理費,RPVQMLMKQHJFFBJ66CC
竹北市,建物,新竹縣竹北市光明六路東二段28號,0.0,住,,,1030806,土地0建物1車位0,全,4,透天厝,住商用,鋼筋混凝土造,0940104,192.43,2,2,2,有,無,無,35000,182,,0.0,0,,RPWQMLMKQHJFFBJ76CC
竹北市,建物,新竹縣竹北市嘉豐十路5號4樓之6,0.0,住,,,1030802,土地0建物1車位0,四層,13,套房(1房1廳1衛),商業用,鋼筋混凝土造,0970321,44.69,1,1,1,有,有,有,9000,201,,0.0,0,,RPXQMLMKQHJFFBJ86CC
竹北市,建物,新竹縣竹北市嘉政九街32號10樓之3,0.0,住,,,1030804,土地0建物1車位0,十層,10,套房(1房1廳1衛),商業用,鋼筋混凝土造,0970606,51.03,1,1,1,有,有,有,10500,206,,0.0,0,,RPORMLMKQHJFFBJ68CC
竹北市,建物,新竹縣竹北市隘口三街220號6樓之2,0.0,住,,,1030801,土地0建物1車位1,六層,15,住宅大樓(11層含以上有電梯),住家用,鋼筋混凝土造,0991214,134.64,2,2,1,有,有,有,17000,126,坡道平面,0.0,0,租金含管,RPPRMLMKQHJFFBJ78CC
竹北市,建物,新竹縣竹北市縣政九路56號4樓之6,0.0,住,,,1030804,土地0建物1車位0,四層,8,套房(1房1廳1衛),商業用,鋼筋混凝土造,0930820,35.49,1,1,1,有,無,有,10000,282,,0.0,0,,RPTNMLNKQHJFFBJ88CC
竹北市,建物,新竹縣竹北市復興三路一段40號7樓,0.0,住,,,1030806,土地0建物1車位1,七層,10,華廈(10層含以下有電梯),住家用,鋼筋混凝土造,0950524,167.18,3,2,2,有,有,有,20000,120,坡道平面,0.0,0,,RPUNMLNKQHJFFBJ98CC
竹北市,建物,新竹縣竹北市隘口六街35號8樓之7,0.0,住,,,1030809,土地0建物1車位0,八層,9,套房(1房1廳1衛),商業用,鋼筋混凝土造,0970609,50.589999999999996,1,1,1,有,有,有,14000,277,,0.0,0,,RPVNMLNKQHJFFBJ09CC
竹北市,建物,新竹縣竹北市自強南路59巷1號8樓之5,0.0,住,,,1030809,土地0建物1車位1,八層,14,套房(1房1廳1衛),住家用,鋼筋混凝土造,0930611,58.99,1,1,1,有,有,有,16000,271,坡道機械,0.0,0,租金含管理費、網路、第四台,RPWNMLNKQHJFFBJ56CC
竹北市,建物,新竹縣竹北市復興二路71號9樓,0.0,住,,,1030809,土地0建物1車位1,九層,13,住宅大樓(11層含以上有電梯),住家用,鋼筋混凝土造,1001222,159.66,3,2,2,有,有,有,20000,125,坡道平面,0.0,0,,RPXNMLNKQHJFFBJ66CC
竹北市,建物,新竹縣竹北市自強南路59巷3號4樓之10,0.0,住,,,1030809,土地0建物1車位0,四層,14,套房(1房1廳1衛),住商用,鋼筋混凝土造,0930611,53.44,1,1,1,有,有,有,11000,206,,0.0,0,,RPOOMLNKQHJFFBJ48CC
竹北市,建物,新竹縣竹北市六家五路二段212號20樓之5,0.0,住,,,1030724,土地0建物1車位1,二十層,24,住宅大樓(11層含以上有電梯),住家用,鋼筋混凝土造,1010328,140.18,3,2,2,有,有,有,30000,214,坡道平面,0.0,0,租金含管理費續約,RPPOMLNKQHJFFBJ58CC
竹北市,建物,新竹縣竹北市華興五街17號14樓,0.0,住,,,1030810,土地0建物1車位1,十四層,14,住宅大樓(11層含以上有電梯),住家用,鋼筋混凝土造,1021227,192.45999999999998,3,2,2,有,有,有,21500,112,坡道平面,0.0,0,租金含管理費,RPQOMLNKQHJFFBJ68CC
竹北市,建物,新竹縣竹北市新工五路15號5樓之1,0.0,住,,,1030810,土地0建物1車位1,五層,10,華廈(10層含以下有電梯),住家用,鋼筋混凝土造,1030128,108.85,2,2,1,有,有,有,15000,138,坡道平面,0.0,0,租金含管理費、網路、第四台,RPROMLNKQHJFFBJ78CC
竹北市,建物,新竹縣竹北市新光五街36號1樓,0.0,住,,,1030804,土地0建物1車位0,一層,14,店面(店鋪),商業用,鋼筋混凝土造,1020116,147.22,0,0,1,有,有,無,20000,136,,0.0,0,,RPPPMLNKQHJFFBJ68CC
竹北市,建物,新竹縣竹北市勝利十二路107號12樓,0.0,住,,,1030809,土地0建物1車位2,十二層,14,住宅大樓(11層含以上有電梯),住家用,鋼筋混凝土造,1020207,253.54000000000002,3,2,2,有,有,無,27000,106,坡道平面,0.0,0,,RPQPMLNKQHJFFBJ78CC
竹北市,建物,新竹縣竹北市復興二路229號9樓之8,0.0,商,,,1030715,土地0建物1車位1,九層,13,辦公商業大樓,商業用,鋼筋混凝土造,0961204,81.4,0,0,0,無,有,無,19000,233,坡道平面,0.0,0,,RPQOMLOKQHJFFBJ78CC
竹北市,建物,新竹縣竹北市勝利二路118號,16.87,商,,,1030813,土地0建物1車位0,一層,21,辦公商業大樓,商業用,鋼筋混凝土造,0930517,146.88,0,0,1,有,無,無,55680,379,,0.0,0,,RPQOMLPKQHJFFBJ88CC
竹北市,房地(土地+建物)+車位,新竹縣竹北市中正東路373號11樓,0.0,住,,,1030818,土地1建物1車位1,十一層,12,住宅大樓(11層含以上有電梯),住家用,鋼筋混凝土造,0861209,115.45,3,2,2,有,有,有,14400,125,坡道平面,0.0,0,,RPSNMLSKQHJFFBJ66CC
竹北市,建物,新竹縣竹北市成功二街172號2樓,0.0,住,,,1030813,土地0建物1車位0,全,5,透天厝,住商用,鋼筋混凝土造,1001215,105.1,1,0,0,有,無,無,17000,162,,0.0,0,,RPOOMLPLQHJFFBJ78CC
竹北市,建物,新竹縣竹北市六家七路228巷16號,0.0,住,,,1030814,土地0建物1車位1,全,5,透天厝,住家用,鋼筋混凝土造,0950329,209.5,3,2,2,有,無,有,25000,119,坡道平面,0.0,0,續約,RPPOMLPLQHJFFBJ88CC
竹北市,建物,新竹縣竹北市勝利六街33號5樓,0.0,住,,,1030816,土地0建物1車位1,五層,14,住宅大樓(11層含以上有電梯),住家用,鋼筋混凝土造,0931018,93.96000000000001,2,1,1,有,有,有,15000,160,坡道機械,0.0,0,,RPQOMLPLQHJFFBJ98CC
竹北市,建物,新竹縣竹北市六家一路一段138號8樓之3,0.0,住,,,1030816,土地0建物1車位1,八層,15,住宅大樓(11層含以上有電梯),住家用,鋼筋混凝土造,1000707,162.70999999999998,3,2,2,有,有,有,23000,141,坡道平面,0.0,0,租金含管理費,RPROMLPLQHJFFBJ09CC
竹北市,建物,新竹縣竹北市勝利七街一段156號8樓,0.0,商,,,1030815,土地0建物1車位0,八層,12,套房(1房1廳1衛),商業用,鋼筋混凝土造,0930921,44.5,1,1,1,有,有,有,11000,247,,0.0,0,租金含大樓管理費,RPTOMLPLQHJFFBJ66CC
竹北市,建物,新竹縣竹北市縣政八街29巷12號12樓,0.0,住,,,1030818,土地0建物1車位0,十二層,12,住宅大樓(11層含以上有電梯),住家用,鋼骨鋼筋混凝土造,0900912,168.93,3,2,2,有,有,有,25000,148,坡道機械,0.0,0,租金含管理費,RPUOMLPLQHJFFBJ76CC
竹北市,建物,新竹縣竹北市光明六路東一段296-3號16樓,0.0,住,,,1030815,土地0建物1車位1,十六層,23,住宅大樓(11層含以上有電梯),住家用,鋼筋混凝土造,0960528,197.92,3,2,2,有,有,有,38000,192,坡道平面,0.0,0,,RPVOMLPLQHJFFBJ86CC
竹北市,建物,新竹縣竹北市隘口六街35號2樓之6,0.0,住,,,1030812,土地0建物1車位1,二層,9,套房(1房1廳1衛),商業用,鋼筋混凝土造,0970609,50.589999999999996,1,1,1,有,有,有,14000,277,坡道機械,0.0,0,租金含管理費、ADSL、第四台,RPWOMLPLQHJFFBJ96CC
竹北市,建物,新竹縣竹北市隘口六街153號6樓之6,0.0,住,,,1030821,土地0建物1車位1,六層,8,套房(1房1廳1衛),住家用,鋼筋混凝土造,0961228,89.33,1,1,1,有,有,有,10000,112,坡道平面,0.0,0,租金含管理費、第四台、網路,RPSPMLPLQHJFFBJ66CC
竹北市,建物,新竹縣竹北市嘉豐十路1號5樓之7,0.0,住,,,1030820,土地0建物1車位0,五層,13,套房(1房1廳1衛),商業用,鋼筋混凝土造,0970321,44.01,1,1,1,有,有,有,11000,250,,0.0,0,,RPTPMLPLQHJFFBJ76CC
竹北市,建物,新竹縣竹北市莊敬五街39-1號3樓,0.0,住,,,1030819,土地0建物1車位1,三層,15,住宅大樓(11層含以上有電梯),住家用,鋼筋混凝土造,0940923,102.54,3,2,2,有,有,無,18000,176,坡道平面,0.0,0,,RPUPMLPLQHJFFBJ86CC
竹北市,建物,新竹縣竹北市隘口六街159號4樓之11,0.0,住,,,1030815,土地0建物1車位1,四層,9,套房(1房1廳1衛),住家用,鋼筋混凝土造,0961228,95.19999999999999,1,1,1,有,有,有,10000,105,坡道平面,0.0,0,,RPVPMLPLQHJFFBJ96CC
竹北市,建物,新竹縣竹北市科大一路98號12樓,0.0,住,,,1030821,土地0建物1車位2,十二層,14,住宅大樓(11層含以上有電梯),住家用,鋼筋混凝土造,1000322,253.82,4,2,2,有,有,有,26000,102,坡道機械,0.0,0,,RPWPMLPLQHJFFBJ07CC
竹北市,建物,新竹縣竹北市復興六路25號,0.0,商,,,1030815,土地0建物1車位1,全,5,透天厝,商業用,鋼筋混凝土造,0951229,172.74,0,0,2,有,無,無,45000,261,一樓平面,0.0,0,,RPXPMLPLQHJFFBJ17CC
竹北市,建物,新竹縣竹北市興隆路一段1-2號9樓,0.0,住,,,1030816,土地0建物1車位1,九層,14,住宅大樓(11層含以上有電梯),住家用,鋼筋混凝土造,1000904,153.79000000000002,2,2,2,有,有,有,20000,130,坡道平面,0.0,0,,RPOQMLPLQHJFFBJ98CC
竹北市,建物,新竹縣竹北市復興二路233號8樓之1,0.0,商,,,1030807,土地0建物1車位1,八層,11,辦公商業大樓,商業用,鋼筋混凝土造,0961204,104.05000000000001,1,1,1,有,有,無,25000,240,坡道平面,0.0,0,,RPPQMLPLQHJFFBJ09CC
竹北市,建物,新竹縣竹北市光明十八街68號12樓,0.0,住,,,1030820,土地0建物1車位1,十二層,13,住宅大樓(11層含以上有電梯),住家用,鋼筋混凝土造,1021025,136.54,2,1,1,有,有,有,17000,125,坡道平面,0.0,0,,RPQQMLPLQHJFFBJ56CC
竹北市,建物,新竹縣竹北市縣政九路163號8樓之7,0.0,商,,,1030814,土地0建物1車位0,八層,12,套房(1房1廳1衛),商業用,鋼筋混凝土造,0950223,33.21,1,1,1,有,有,有,10300,310,,0.0,0,,RPRQMLPLQHJFFBJ66CC
竹北市,土地,國道段117地號,150.5,住,,,1030822,土地0建物0車位0,,,其他,,,,0.0,0,0,0,有,無,無,56000,372,,0.0,0,,RPTQMLPLQHJFFBJ86CC
竹北市,建物,新竹縣竹北市嘉豐十路1號9樓之2,5.37,其他,,,1030801,土地0建物0車位0,九層,13,套房(1房1廳1衛),商業用,鋼筋混凝土造,0970321,44.98,1,1,1,有,有,有,8500,189,,0.0,0,,RPPNMLQLQHJFFBJ88CC
新豐鄉,建物,新竹縣新豐鄉新興路351之5號,0.0,,,,1030825,土地0建物1車位0,見其他登記事項,4,店面(店鋪),見其他登記事項,鋼筋混凝土造,0991022,78.63,4,2,4,有,無,無,35000,445,,0.0,0,,RPTOMLSLQHJFFDJ27DC
竹北市,建物,新竹縣竹北市隘口三街228號11樓之3,0.0,住,,,1030824,土地0建物1車位1,十一層,15,住宅大樓(11層含以上有電梯),住家用,鋼筋混凝土造,0991214,130.76,2,2,1,有,有,有,18000,138,坡道平面,0.0,0,租金含管理費,RPPPMLNJRHJFFBJ68CC
竹北市,建物,新竹縣竹北市自強南路59巷3號3樓之7,0.0,住,,,1030823,土地0建物1車位0,三層,14,套房(1房1廳1衛),住商用,鋼筋混凝土造,0930611,36.05,1,1,1,有,有,有,8000,222,,0.0,0,租金含管,RPQPMLNJRHJFFBJ78CC
竹北市,建物,新竹縣竹北市縣政十街80號9樓,0.0,住,,,1030823,土地0建物1車位1,九層,10,華廈(10層含以下有電梯),住家用,鋼筋混凝土造,0900807,169.08,3,2,2,有,有,有,25000,148,坡道平面,0.0,0,租金含管,RPRPMLNJRHJFFBJ88CC
竹北市,建物,新竹縣竹北市文采街49號4樓,0.0,住,,,1030823,土地0建物1車位1,四層,10,華廈(10層含以下有電梯),住家用,鋼筋混凝土造,0940418,107.87,3,2,2,有,有,無,21000,195,坡道平面,0.0,0,租金含管,RPSPMLNJRHJFFBJ98CC
竹北市,建物,新竹縣竹北市光明六路東二段258-1號7樓之18,0.0,商,,,1030824,土地0建物1車位1,七層,9,華廈(10層含以下有電梯),商業用,鋼筋混凝土造,0980121,62.16,2,2,2,有,有,有,17500,282,坡道平面,0.0,0,,RPTPMLNJRHJFFBJ09CC
竹北市,建物,新竹縣竹北市莊敬三路58號5樓,0.0,住,,,1030826,土地0建物1車位0,五層,13,住宅大樓(11層含以上有電梯),住家用,鋼筋混凝土造,0930705,112.15,3,2,1,有,有,有,15000,134,,0.0,0,,RPUPMLNJRHJFFBJ56CC
竹北市,建物,新竹縣竹北市國光街6巷11號2樓,0.0,住,,,1030823,土地0建物1車位0,二層,6,華廈(10層含以下有電梯),住家用,鋼筋混凝土造,0810513,109.4,3,2,2,有,無,有,13000,119,,0.0,0,,RPVPMLNJRHJFFBJ66CC
竹北市,建物,新竹縣竹北市新工五路15號9樓之9,0.0,住,,,1030829,土地0建物1車位1,九層,10,華廈(10層含以下有電梯),住家用,鋼筋混凝土造,1030128,108.85,2,2,1,有,有,有,15000,138,坡道平面,0.0,0,租金含管、網路、第四台,RPWPMLNJRHJFFBJ76CC
竹北市,建物,新竹縣竹北市六家一路一段106號7樓,0.0,住,,,1030824,土地0建物1車位1,七層,10,華廈(10層含以下有電梯),住家用,鋼筋混凝土造,0930901,154.74,3,2,2,有,有,有,21000,136,坡道平面,0.0,0,,RPXPMLNJRHJFFBJ86CC
竹北市,建物,新竹縣竹北市復興一街253號12樓之20,0.0,商,,,1030829,土地0建物1車位0,十二層,16,套房(1房1廳1衛),商業用,鋼筋混凝土造,0970915,50.349999999999994,1,1,1,有,有,有,15000,298,,0.0,0,租金含管理費、網路、第四台,RPPQMLNJRHJFFBJ78CC
竹北市,建物,新竹縣竹北市十興路305巷4弄2號10樓之1,0.0,住,,,1030831,土地0建物1車位1,十層,10,華廈(10層含以下有電梯),住家用,鋼筋混凝土造,0811223,84.56,3,2,2,有,有,無,10000,118,坡道機械,0.0,0,,RPQQMLNJRHJFFBJ88CC
竹北市,建物,新竹縣竹北市嘉豐二街一段155號4樓,0.0,住,,,1030831,土地0建物1車位1,四層,14,住宅大樓(11層含以上有電梯),住家用,鋼筋混凝土造,0960625,227.92000000000002,3,2,2,有,有,有,25000,110,坡道平面,0.0,0,租金含管,RPRQMLNJRHJFFBJ98CC
竹北市,建物,新竹縣竹北市勝利六街37號3樓,0.0,住,,,1030831,土地0建物1車位1,三層,14,住宅大樓(11層含以上有電梯),住家用,鋼筋混凝土造,0931018,156.1,3,2,2,有,有,有,20000,128,坡道平面,0.0,0,,RPSQMLNJRHJFFBJ09CC
竹北市,建物,新竹縣竹北市嘉豐十一路一段100號5樓之5,26.39,住,,,1030825,土地0建物1車位2,五層,14,辦公商業大樓,商業用,鋼筋混凝土造,0970321,210.95,0,0,0,無,無,有,45000,213,坡道平面,0.0,0,,RPUNMLOJRHJFFBJ09CC
竹北市,建物,新竹縣竹北市勝利一路88號3樓,0.0,住,,,1030714,土地0建物1車位1,三層,15,住宅大樓(11層含以上有電梯),住家用,鋼筋混凝土造,0941004,174.11,4,2,2,有,有,有,22727,131,坡道平面,0.0,0,租金含稅.二代健保續約,RPRNMLPJRHJFFBJ88CC
竹北市,建物,新竹縣竹北市六家五路一段246號3樓,0.0,住,,,1030903,土地0建物1車位1,三層,14,住宅大樓(11層含以上有電梯),住家用,鋼筋混凝土造,1001202,176.86,3,2,2,有,有,有,22000,124,坡道平面,0.0,0,租金含管,RPSNMLPJRHJFFBJ98CC
竹北市,建物,新竹縣竹北市嘉豐十路5號12樓之6,0.0,住,,,1030902,土地0建物1車位0,十二層,13,套房(1房1廳1衛),商業用,鋼筋混凝土造,0970321,44.86,1,1,1,有,有,有,11000,245,,0.0,0,租金含管、網路、第四台,RPTNMLPJRHJFFBJ09CC
竹北市,建物,新竹縣竹北市六家五路二段216號8樓之5,0.0,住,,,1030903,土地0建物1車位1,八層,24,住宅大樓(11層含以上有電梯),住家用,鋼筋混凝土造,1010328,137.13,3,2,2,有,有,有,20000,146,坡道平面,0.0,0,,RPUNMLPJRHJFFBJ56CC
竹北市,建物,新竹縣竹北市嘉豐二街一段75號7樓,0.0,住,,,1030830,土地0建物1車位1,七層,14,住宅大樓(11層含以上有電梯),住家用,鋼筋混凝土造,0991223,202.07999999999998,3,2,2,有,有,有,28000,139,坡道平面,0.0,0,,RPWNMLPJRHJFFBJ76CC
竹北市,建物,新竹縣竹北市縣政一街123號3樓之9,0.0,住,,,1030829,土地0建物1車位0,三層,6,套房(1房1廳1衛),住家用,鋼筋混凝土造,0890906,22.91,1,1,1,有,有,有,6000,262,,0.0,0,,RPXNMLPJRHJFFBJ86CC
竹北市,建物,新竹縣竹北市復興三路一段28號4樓,0.0,住,,,1030826,土地0建物1車位2,四層,10,華廈(10層含以下有電梯),住家用,鋼筋混凝土造,0950524,176.07999999999998,3,2,2,有,有,無,21900,124,坡道平面,0.0,0,,RPOOMLPJRHJFFBJ68CC
竹北市,建物,新竹縣竹北市光明十八街76號6樓,0.0,住,,,1030827,土地0建物1車位1,六層,13,住宅大樓(11層含以上有電梯),住家用,鋼筋混凝土造,1021025,167.73000000000002,3,2,2,有,有,無,19000,113,坡道平面,0.0,0,,RPPOMLPJRHJFFBJ78CC
竹北市,建物,新竹縣竹北市成功十五街40號9樓,0.0,住,,,1030826,土地0建物1車位1,九層,12,住宅大樓(11層含以上有電梯),住家用,鋼筋混凝土造,1000721,174.2,3,2,2,有,有,無,20000,115,坡道平面,0.0,0,,RPQOMLPJRHJFFBJ88CC
竹北市,建物,新竹縣竹北市中華路799-8號5樓,0.0,住,,,1030831,土地0建物1車位1,五層,10,華廈(10層含以下有電梯),住家用,鋼筋混凝土造,0870901,109.72,3,2,2,有,有,有,14000,128,坡道機械,0.0,0,,RPROMLPJRHJFFBJ98CC
竹北市,房地(土地+建物),新竹縣竹北市高鐵七路65號9樓之10,0.0,其他,,,1030901,土地1建物1車位0,九層,18,辦公商業大樓,商業用,鋼筋混凝土造,0990208,89.46,0,0,0,無,無,無,20000,224,,0.0,0,,RPROMLLKRHJFFBJ78DC
竹北市,建物,新竹縣竹北市莊敬北路102號8樓,0.0,,,,1030822,土地0建物1車位1,八層,10,華廈(10層含以下有電梯),商業用,鋼筋混凝土造,0940331,76.54,0,0,0,無,有,有,18000,235,升降機械,21.05,0,,RPUOMLPKRHJFFBJ86DC
竹北市,房地(土地+建物)+車位,新竹縣竹北市十興路305巷10弄23號6樓,0.0,住,,,1030914,土地0建物1車位1,六層,6,華廈(10層含以下有電梯),住家用,鋼筋混凝土造,0841011,84.42,3,2,2,有,無,有,12000,142,坡道平面,0.0,0,,RPOPMLPKRHJFFBJ88CC
竹北市,建物,新竹縣竹北市成功八街202號13樓之2,0.0,住,,,1030904,土地0建物1車位1,十三層,19,住宅大樓(11層含以上有電梯),住家用,鋼筋混凝土造,1001128,149.64000000000001,3,2,2,有,有,有,20000,134,坡道平面,0.0,0,續約,RPTPMLRKRHJFFBJ96CC
竹北市,建物,新竹縣竹北市莊敬六街9號12樓之7,0.0,住,,,1030906,土地0建物1車位0,十二層,15,套房(1房1廳1衛),住家用,鋼筋混凝土造,0941114,42.07,1,1,1,有,有,有,9500,226,,0.0,0,,RPVPMLRKRHJFFBJ17CC
竹北市,建物,新竹縣竹北市科大二街100號,0.0,住,,,1030910,土地0建物1車位0,一層,5,店面(店鋪),住商用,鋼筋混凝土造,1010828,88.36,0,0,1,有,無,無,33000,373,,0.0,0,,RPWPMLRKRHJFFBJ27CC
竹北市,建物,新竹縣竹北市成功九街51號,0.0,商,,,1030909,土地0建物1車位1,一層,14,店面(店鋪),商業用,鋼筋混凝土造,1011212,133.0,0,0,0,無,有,無,24000,180,坡道平面,0.0,0,,RPOQMLRKRHJFFBJ56CC
竹北市,建物,新竹縣竹北市六家五路二段202號3樓之5,0.0,住,,,1030909,土地0建物1車位1,三層,15,住宅大樓(11層含以上有電梯),住家用,鋼筋混凝土造,0980504,141.91,3,2,2,有,有,無,15000,106,坡道平面,0.0,0,,RPPQMLRKRHJFFBJ66CC
竹北市,建物,新竹縣竹北市莊敬六街3號8樓,0.0,住,,,1030910,土地0建物1車位1,八層,15,住宅大樓(11層含以上有電梯),住家用,鋼筋混凝土造,0941114,179.10000000000002,4,2,2,有,有,有,20000,112,坡道平面,0.0,0,,RPQQMLRKRHJFFBJ76CC
竹北市,建物,新竹縣竹北市嘉豐六路二段116號12樓,0.0,住,,,1030912,土地0建物1車位1,十二層,14,住宅大樓(11層含以上有電梯),住家用,鋼筋混凝土造,0960625,129.24,3,2,2,有,有,無,18000,139,坡道平面,0.0,0,,RPSQMLRKRHJFFBJ96CC
竹北市,建物,新竹縣竹北市福興一路22號13樓之5,0.0,住,,,1030914,土地0建物1車位1,十三層,15,住宅大樓(11層含以上有電梯),住家用,鋼筋混凝土造,0991120,91.06,2,2,1,有,有,有,16000,176,坡道平面,0.0,0,租金含管,RPTQMLRKRHJFFBJ07CC
竹東鎮,建物,新竹縣竹東鎮自由街120巷21號1樓,0.0,住,,,1030827,土地0建物1車位1,一層,11,住宅大樓(11層含以上有電梯),住家用,鋼筋混凝土造,0851224,90.56,1,1,2,有,有,有,10000,110,坡道平面,0.0,0,,RPWNMLMLRHJFFCJ76CC
竹北市,建物,新竹縣竹北市光明六路東一段296-2號16樓,0.0,住,,,1030901,土地0建物1車位1,十六層,23,華廈(10層含以下有電梯),住家用,鋼筋混凝土造,0960528,197.94,3,2,2,有,有,有,40000,202,坡道平面,0.0,0,續約,RPXOMLPLRHJFFBJ17CC
竹北市,建物,新竹縣竹北市隘口六路159號9樓之11,0.0,住,,,1030906,土地0建物1車位1,九層,9,套房(1房1廳1衛),住家用,鋼筋混凝土造,0961228,95.19999999999999,1,1,1,有,有,有,11000,116,坡道平面,0.0,0,,RPOPMLPLRHJFFBJ98CC
竹北市,建物,新竹縣竹北市科大一路42號2樓,0.0,住,,,1030909,土地0建物1車位2,二層,13,住宅大樓(11層含以上有電梯),住家用,鋼筋混凝土造,1000901,210.04,3,2,2,有,有,有,21000,100,坡道平面,0.0,0,,RPPPMLPLRHJFFBJ09CC
竹北市,建物,新竹縣竹北市文興路一段80號3樓,0.0,商,,,1030910,土地0建物1車位0,三層,5,辦公商業大樓,住商用,鋼筋混凝土造,0960911,151.6,0,0,2,有,無,無,15000,99,,0.0,0,,RPQPMLPLRHJFFBJ56CC
竹北市,建物,新竹縣竹北市六家五路一段233號3樓,0.0,住,,,1030904,土地0建物1車位1,三層,14,套房(1房1廳1衛),住家用,鋼筋混凝土造,1030127,85.3,1,1,1,有,有,有,19000,223,坡道機械,0.0,0,,RPSPMLPLRHJFFBJ76CC
竹北市,建物,新竹縣竹北市福興路755巷27弄36號,0.0,住,,,1030912,土地0建物1車位0,全,4,透天厝,住商用,鋼筋混凝土造,1000603,254.34,3,2,4,有,無,無,30000,118,,0.0,0,,RPTPMLPLRHJFFBJ86CC
竹北市,建物,新竹縣竹北市嘉仁街65號2樓之1,0.0,住,,,1030916,土地0建物1車位1,二層,5,華廈(10層含以下有電梯),住家用,鋼筋混凝土造,0991202,92.31,2,1,1,有,無,無,13000,141,坡道平面,0.0,0,,RPUPMLPLRHJFFBJ96CC
竹北市,建物,新竹縣竹北市六家五路一段215號7樓,0.0,住,,,1030917,土地0建物1車位1,七層,14,套房(1房1廳1衛),住家用,鋼筋混凝土造,1030127,85.1,1,1,1,有,有,有,18000,212,坡道機械,0.0,0,,RPVPMLPLRHJFFBJ07CC
竹北市,建物,新竹縣竹北市光明九路151號,0.0,其他,,,1030916,土地0建物1車位0,見其他登記事項,2,店面(店鋪),見其他登記事項,見其他登記事項,0991018,175.42,0,0,0,無,無,無,50000,285,,0.0,0,,RPPNMLSLRHJFFBJ56CC
竹北市,建物,新竹縣竹北市三民路102之3號1樓,0.0,住,,,1030919,土地0建物1車位0,一層,3,店面(店鋪),住商用,鋼筋混凝土造,0890803,72.81,1,1,1,有,無,無,19000,261,,0.0,0,,RPQNMLSLRHJFFBJ66CC
竹北市,建物,新竹縣竹北市勝利七路二段120號14樓,0.0,住,,,1030919,土地0建物1車位1,十四層,15,住宅大樓(11層含以上有電梯),住家用,鋼筋混凝土造,0960921,207.14,4,2,2,有,有,有,26000,126,坡道平面,0.0,0,,RPRNMLSLRHJFFBJ76CC
竹北市,建物,新竹縣竹北市文興路153號18樓,0.0,住,,,1030919,土地0建物1車位2,十八層,26,住宅大樓(11層含以上有電梯),住家用,鋼筋混凝土造,1011228,539.34,4,2,4,有,有,無,65000,121,坡道平面,0.0,0,,RPSNMLSLRHJFFBJ86CC
竹北市,建物,新竹縣竹北市光明九路8之15號11樓,0.0,住,,,1030923,土地0建物1車位1,十一層,14,住宅大樓(11層含以上有電梯),住家用,鋼筋混凝土造,0941107,79.25,2,1,1,有,有,有,15000,189,坡道平面,0.0,0,,RPTNMLSLRHJFFBJ96CC
竹北市,建物,新竹縣竹北市六家五路二段216號18樓之1,0.0,住,,,1030923,土地0建物1車位2,十八層,24,住宅大樓(11層含以上有電梯),住家用,鋼筋混凝土造,1010328,163.51999999999998,4,2,2,有,有,無,22000,135,坡道平面,0.0,0,,RPUNMLSLRHJFFBJ07CC
竹北市,建物,新竹縣竹北市光明五街350號7樓,0.0,住,,,1030924,土地0建物1車位0,七層,8,套房(1房1廳1衛),住家用,鋼筋混凝土造,0850130,34.13,1,1,1,有,有,有,6000,176,,0.0,0,,RPVNMLSLRHJFFBJ17CC
竹北市,土地,豐田段682地號,55.71,,特定農業區,甲種建築用地,1030830,土地0建物0車位0,,,其他,,,,0.0,3,0,0,有,無,無,10000,180,,0.0,0,,RPWNMLSLRHJFFBJ27CC
竹北市,建物,新竹縣竹北市縣政九路31號1樓,0.0,住,,,1030924,土地0建物1車位0,一層,3,店面(店鋪),住商用,鋼筋混凝土造,0840922,178.59,0,0,1,有,無,無,30000,168,,0.0,0,,RPXNMLSLRHJFFBJ37CC
竹北市,建物,新竹縣竹北市嘉豐十路5號7樓之6,0.0,商,,,1030807,土地0建物1車位1,七層,13,套房(1房1廳1衛),商業用,鋼筋混凝土造,0970321,44.7,1,0,1,有,有,有,10000,224,坡道平面,0.0,0,租金含管、網路、第四台、車位續約,RPOOMLSLRHJFFBJ56CC
竹北市,建物,新竹縣竹北市莊敬六街13號10樓之2,0.0,住,,,1030924,土地0建物1車位0,十層,15,套房(1房1廳1衛),住家用,鋼筋混凝土造,0941114,77.78,1,1,1,有,有,有,8000,103,,0.0,0,,RPPOMLSLRHJFFBJ66CC
竹北市,建物,新竹縣竹北市嘉豐十路5號4樓之7,0.0,商,,,1030923,土地0建物1車位0,四層,13,套房(1房1廳1衛),商業用,鋼筋混凝土造,0970321,44.35,1,0,1,有,有,有,9500,214,,0.0,0,,RPQOMLSLRHJFFBJ76CC
竹北市,建物,新竹縣竹北市福興一路22號7樓之5,0.0,住,,,1030925,土地0建物1車位1,七層,15,住宅大樓(11層含以上有電梯),住家用,鋼筋混凝土造,0991120,91.06,2,1,1,有,有,有,18500,203,坡道平面,0.0,0,,RPROMLSLRHJFFBJ86CC
竹北市,建物,新竹縣竹北市復興一街253號12樓之11,0.0,商,,,1030912,土地0建物1車位1,十二層,16,套房(1房1廳1衛),商業用,鋼筋混凝土造,0970915,49.91,2,1,1,有,有,有,14500,291,坡道平面,0.0,0,,RPSOMLSLRHJFFBJ96CC
竹北市,建物,新竹縣竹北市莊敬三路66-2號12樓,0.0,住,,,1030916,土地0建物1車位1,十二層,13,住宅大樓(11層含以上有電梯),住家用,鋼筋混凝土造,0930705,129.0,3,2,2,有,有,有,23500,182,坡道平面,0.0,0,租金含管理費、網路、第四台,RPTOMLSLRHJFFBJ07CC
竹北市,建物,新竹縣竹北市光明六路東一段286號18樓,0.0,住,,,1030909,土地0建物1車位2,十八層,21,住宅大樓(11層含以上有電梯),住家用,鋼筋混凝土造,0940111,266.48,4,2,2,有,有,有,43182,162,坡道平面,0.0,0,租金含二代健保、稅金,RPUOMLSLRHJFFBJ17CC
竹北市,建物,新竹縣竹北市光明六路東二段212號,0.0,住,,,1030902,土地0建物1車位2,見使用執照,13,店面(店鋪),住商用,鋼筋混凝土造,0980623,580.39,0,0,0,無,有,無,60000,103,坡道平面,0.0,0,,RPTQMLKMRHJFFBJ56CC
竹北市,建物,新竹縣竹北市光明六路85號5樓,0.0,商,,,1030904,土地0建物1車位2,五層,10,辦公商業大樓,住家用,鋼筋混凝土造,0880701,472.51,0,0,0,無,有,無,125000,265,坡道平面,0.0,0,,RPUQMLKMRHJFFBJ66CC
竹北市,建物,新竹縣竹北市光明三路35號3樓之2,0.0,住,,,1030926,土地0建物1車位0,三層,8,套房(1房1廳1衛),住家用,鋼筋混凝土造,0840124,39.650000000000006,1,1,1,有,無,有,9000,227,,0.0,0,,RPXQMLKMRHJFFBJ96CC
竹北市,建物,新竹縣竹北市復興二路65號2樓,0.0,住,,,1030930,土地0建物1車位0,二層,13,住宅大樓(11層含以上有電梯),住家用,鋼筋混凝土造,1001222,95.71,3,2,2,有,有,有,25000,261,,0.0,0,租金含管.ADSL.TV.稅.二代健保,RPORMLKMRHJFFBJ78CC
竹北市,建物,新竹縣竹北市自強五路130號11樓,0.0,住,,,1030926,土地0建物1車位1,十一層,12,住宅大樓(11層含以上有電梯),住家用,鋼筋混凝土造,0941213,174.1,3,2,2,有,有,有,20000,115,坡道平面,0.0,0,,RPPRMLKMRHJFFBJ88CC
竹東鎮,房地(土地+建物),新竹縣竹東鎮竹中路25之3號5樓之2,23.85,住,,,1030921,土地1建物1車位0,六層,9,華廈(10層含以下有電梯),住家用,鋼筋混凝土造,0810506,105.35,3,2,1,有,有,無,13000,123,,0.0,0,門牌為5樓，所有權狀登記為6樓；含管理費。,RPVOMLLJIIJFFCJ28CC
竹東鎮,房地(土地+建物),新竹縣竹東鎮北興路2段17號3樓,19.21,住,,,1030915,土地1建物1車位0,三層,10,華廈(10層含以下有電梯),住家用,鋼筋混凝土造,0870113,151.99,3,2,2,有,有,有,12000,79,,0.0,0,,RPVNMLLJIIJFFCJ28DC
竹北市,房地(土地+建物)+車位,新竹縣竹北市科大一路82號,35.06,其他,,,1031001,土地1建物1車位1,一層,14,店面(店鋪),商業用,鋼筋混凝土造,1000322,155.37,0,0,0,無,無,無,40000,257,坡道平面,28.6,0,,RPOSMLNJIIJFFBJ18DC
竹北市,房地(土地+建物)+車位,新竹縣竹北市復興一街251號12樓之6,5380.78,商,,,1030929,土地1建物1車位2,十二層,16,住宅大樓(11層含以上有電梯),商業用,鋼筋混凝土造,0970915,138.07,1,0,0,有,無,有,50000,362,坡道平面,0.0,0,,RPXNMLSJIIJFFBJ09DC
竹北市,建物,新竹縣竹北市復興三路一段58號1樓,0.0,住,,,1030930,土地0建物1車位0,一層,4,店面(店鋪),住商用,鋼筋混凝土造,0950524,98.78,1,0,1,有,有,無,15000,152,,0.0,0,,RPTQMLTJIIJFFBJ98CC
竹北市,建物,新竹縣竹北市福興一路22號10樓之3,0.0,住,,,1030917,土地0建物1車位1,十層,15,住宅大樓(11層含以上有電梯),住家用,鋼筋混凝土造,0991120,93.10000000000001,2,2,1,有,有,無,14000,150,坡道平面,0.0,0,,RPQNMLKKIIJFFBJ57CC
竹北市,建物,新竹縣竹北市福興一路22號10樓之3,0.0,住,,,1030917,土地0建物1車位1,十層,15,住宅大樓(11層含以上有電梯),住家用,鋼筋混凝土造,0991120,93.10000000000001,2,2,1,有,有,無,14000,150,坡道平面,0.0,0,,RPRNMLKKIIJFFBJ67CC
竹北市,建物,新竹縣竹北市成功二街145號7樓之5,0.0,商,,,1031010,土地0建物1車位0,七層,8,套房(1房1廳1衛),商業用,鋼筋混凝土造,0970619,76.5,1,1,1,有,有,有,15000,196,,0.0,0,,RPQNMLLKIIJFFBJ67CC
竹北市,建物,新竹縣竹北市六家五路二段212號16樓之1,0.0,住,,,1031009,土地0建物1車位2,十六層,24,住宅大樓(11層含以上有電梯),住家用,鋼筋混凝土造,1010328,139.11,3,2,2,有,有,有,26000,187,坡道平面,0.0,0,租金含管,RPRNMLLKIIJFFBJ77CC
竹北市,建物,新竹縣竹北市嘉豐十路5號10樓之5,0.0,商,,,1031008,土地0建物1車位0,十層,13,套房(1房1廳1衛),商業用,鋼筋混凝土造,0970321,44.519999999999996,1,1,1,有,有,有,11000,247,,0.0,0,租金含管.第四台.網路,RPSNMLLKIIJFFBJ87CC
竹北市,建物,新竹縣竹北市縣政十街70號2樓之1,0.0,住,,,1031009,土地0建物1車位0,二層,7,華廈(10層含以下有電梯),住家用,鋼筋混凝土造,0830315,103.17,3,2,2,有,有,無,13000,126,,0.0,0,,RPTNMLLKIIJFFBJ97CC
竹北市,建物,新竹縣竹北市復興二路63號13樓,0.0,住,,,1031006,土地0建物1車位1,十三層,13,住宅大樓(11層含以上有電梯),住家用,鋼筋混凝土造,1001222,153.89,4,2,2,有,有,有,20000,130,坡道平面,0.0,0,,RPUNMLLKIIJFFBJ08CC
竹北市,建物,新竹縣竹北市六家五路二段216號22樓之2,0.0,住,,,1031009,土地0建物1車位1,二十二層,24,住宅大樓(11層含以上有電梯),住家用,鋼筋混凝土造,1010328,164.24,4,2,2,有,有,有,20000,122,坡道平面,0.0,0,租金含管,RPVNMLLKIIJFFBJ18CC
竹北市,建物,新竹縣竹北市隘口三街210號3樓之2,0.0,住,,,1031008,土地0建物1車位1,三層,15,住宅大樓(11層含以上有電梯),住家用,鋼筋混凝土造,0991214,129.78,2,2,1,有,有,有,18300,141,坡道平面,0.0,0,,RPWNMLLKIIJFFBJ28CC
竹北市,建物,新竹縣竹北市光明六路東一段296-3號18樓,0.0,住,,,1031007,土地0建物1車位1,十八層,23,住宅大樓(11層含以上有電梯),住家用,鋼筋混凝土造,0960528,197.92,3,2,2,有,有,有,35000,177,坡道平面,0.0,0,,RPXNMLLKIIJFFBJ38CC
竹北市,建物,新竹縣竹北市莊敬六街13號15樓之2,0.0,住,,,1030920,土地0建物1車位0,十五層,15,套房(1房1廳1衛),住家用,鋼筋混凝土造,0941114,42.35,1,0,1,有,有,有,9000,213,,0.0,0,租金含管續約,RPOOMLLKIIJFFBJ57CC
竹北市,房地(土地+建物)+車位,新竹縣竹北市復興一街251號12樓之6,5380.78,商,,,1030929,土地1建物1車位2,十二層,16,住宅大樓(11層含以上有電梯),商業用,鋼筋混凝土造,0970915,138.07,1,0,0,有,有,有,50000,362,坡道平面,0.0,0,,RPOOMLOKIIJFFBJ97DC
竹北市,建物,新竹縣竹北市復興三路二段76號,0.0,商,,,1031001,土地0建物1車位1,見使用執照,14,店面(店鋪),商業用,鋼筋混凝土造,0970321,272.83,0,0,0,無,有,無,40000,147,坡道平面,0.0,0,,RPWOMLPKIIJFFBJ78CC
竹北市,建物,新竹縣竹北市復興二路237號,0.0,商,,,1030916,土地0建物1車位1,一層,13,店面(店鋪),商業用,鋼筋混凝土造,0961204,146.48000000000002,0,0,0,無,有,無,25000,171,坡道平面,0.0,0,,RPXOMLPKIIJFFBJ88CC
竹東鎮,建物,新竹縣竹東鎮中興路四段372之7號F棟2樓,4925.2,商,,,1030924,土地0建物1車位3,二層,2,工廠,商業用,鋼筋混凝土造,,689.19,0,0,0,無,有,無,115000,,一樓平面,0.0,0,另加公共設施52.12坪，合計出租面積共約260坪，含汽車車位3個。,RPTOMLQKIIJFFCJ78DC
竹北市,建物,新竹縣竹北市復興二路221號,0.0,商,,,1031007,土地0建物1車位2,見其他登記事項,3,店面(店鋪),商業用,鋼筋混凝土造,1010821,308.7,0,0,0,無,有,無,55000,178,坡道平面,70.26,0,,RPTOMLKLIIJFFBJ08CC
竹北市,房地(土地+建物),新竹縣竹北市嘉豐十路5號九樓之八,0.0,住,,,1030912,土地1建物1車位0,九層,13,套房(1房1廳1衛),商業用,鋼筋混凝土造,0970321,42.5,1,1,1,有,有,有,12000,282,,0.0,0,,RPQOMLLLIIJFFBJ97DC
芎林鄉,房地(土地+建物),新竹縣芎林鄉文山路1346號,8206.07,,特定農業區,丁種建築用地,1031001,土地8建物0車位0,見其他登記事項,2,工廠,工業用,鋼筋混凝土加強磚造,,6760.79,0,0,0,無,無,無,228900,,,0.0,0,,RPSNMLMLIIJFFCJ18CC
竹北市,建物,新竹縣竹北市自強北路168巷15號9樓,0.0,住,,,1031006,土地0建物1車位0,九層,14,住宅大樓(11層含以上有電梯),住家用,鋼筋混凝土造,0940131,130.91,3,2,2,有,有,有,22728,174,坡道平面,0.0,0,,RPRNMLNLIIJFFBJ08CC
竹北市,建物,新竹縣竹北市白地街572巷5號,0.0,,特定農業區,農牧用地,1031008,土地0建物1車位0,二層,2,農舍,農舍,見其他登記事項,0890719,240.0,0,0,0,無,無,無,63000,,,0.0,0,,RPSNMLNLIIJFFBJ18CC
竹北市,房地(土地+建物)+車位,新竹縣竹北市六家五路二段202號四樓之六,28.64,住,,,1031002,土地1建物1車位2,四層,15,住宅大樓(11層含以上有電梯),住家用,鋼筋混凝土造,0980504,140.89,3,2,2,有,無,有,23000,163,坡道平面,0.0,0,,RPPNMLOLIIJFFBJ97CC
竹北市,建物,新竹縣竹北市文興路二段68號16樓之3,0.0,住,,,1031001,土地0建物1車位2,十六層,19,住宅大樓(11層含以上有電梯),住家用,鋼筋混凝土造,0970201,200.82999999999998,4,2,2,有,有,有,37000,184,坡道平面,0.0,0,續約,RPVNMLRLIIJFFBJ88CC
竹北市,建物,新竹縣竹北市縣政九路56號4樓之5,0.0,住,,,1031005,土地0建物1車位0,四層,8,套房(1房1廳1衛),商業用,鋼筋混凝土造,0930820,26.84,1,1,1,有,無,有,7500,279,,0.0,0,,RPWNMLRLIIJFFBJ98CC
竹北市,建物,新竹縣竹北市勝利八街一段207號16樓,0.0,商,,,1031013,土地0建物1車位2,十六層,19,住宅大樓(11層含以上有電梯),住家用,鋼筋混凝土造,1020624,327.20000000000005,3,2,2,有,有,無,26000,79,坡道平面,0.0,0,,RPOOMLRLIIJFFBJ28CC
竹北市,建物,新竹縣竹北市六家五路二段216號18樓之2,0.0,住,,,1031020,土地0建物1車位1,十八層,24,住宅大樓(11層含以上有電梯),住家用,鋼筋混凝土造,1010328,163.51999999999998,4,2,2,有,有,無,20000,122,坡道平面,0.0,0,,RPQOMLRLIIJFFBJ48CC
竹北市,建物,新竹縣竹北市光明九路8-12號4樓,0.0,住,,,1031023,土地0建物1車位1,四層,14,住宅大樓(11層含以上有電梯),住家用,鋼筋混凝土造,0941107,76.19,2,2,1,有,有,有,15000,197,坡道機械,0.0,0,,RPSOMLRLIIJFFBJ68CC
竹北市,建物,新竹縣竹北市新光街86巷6號4樓,0.0,住,,,1031025,土地0建物1車位0,四層,7,華廈(10層含以下有電梯),住家用,鋼筋混凝土造,0820528,78.65,2,2,1,有,有,有,9000,114,,0.0,0,,RPTOMLRLIIJFFBJ78CC
竹北市,土地,東興段587地號,180.0,住,,,1031023,土地1建物0車位0,,,其他,,,,0.0,3,0,0,有,無,無,32500,181,,0.0,0,,RPVOMLRLIIJFFBJ98CC
新豐鄉,房地(土地+建物),新竹縣新豐鄉明新街456號,50.32,,鄉村區,乙種建築用地,1031001,土地1建物1車位0,全,4,透天厝,見其他登記事項,鋼筋混凝土造,1010925,215.53,3,2,3,有,無,有,20000,93,,0.0,0,,RPWOMLSLIIJFFDJ76CC
竹北市,建物,新竹縣竹北市嘉豐七街139號及145號9樓,0.0,商,,,1030929,土地0建物1車位0,九層,9,辦公商業大樓,見其他登記事項,鋼筋混凝土造,1010518,771.5,0,0,2,有,有,無,126000,163,,0.0,0,,RPROMLTLIIJFFBJ78CC
竹北市,建物,新竹縣竹北市縣政九路56號6樓之1,0.0,商,,,1031013,土地0建物1車位0,六層,8,套房(1房1廳1衛),商業用,鋼筋混凝土造,0930820,36.86,1,1,1,有,無,有,10000,271,,0.0,0,,RPQNMLKMIIJFFBJ77CC
竹北市,建物,新竹縣竹北市莊敬五街60號10樓,0.0,住,,,1031012,土地0建物1車位1,十層,15,華廈(10層含以下有電梯),住家用,鋼筋混凝土造,0950519,132.76,3,2,2,有,有,無,20000,151,坡道平面,0.0,0,,RPRNMLKMIIJFFBJ87CC
竹北市,建物,新竹縣竹北市成功二街145號7樓之1,0.0,住,,,1031010,土地0建物1車位0,七層,8,套房(1房1廳1衛),商業用,鋼筋混凝土造,0970619,30.93,1,1,1,有,有,有,13500,436,,0.0,0,租金含管、ADSL、TV,RPSNMLKMIIJFFBJ97CC
竹北市,建物,新竹縣竹北市光明九路88號14樓,0.0,住,,,1031011,土地0建物1車位1,十四層,14,住宅大樓(11層含以上有電梯),住家用,鋼筋混凝土造,0930816,194.17000000000002,4,2,2,有,有,無,28000,144,坡道平面,0.0,0,租金含管,RPTNMLKMIIJFFBJ08CC
竹北市,建物,新竹縣竹北市六家五路二段202號14樓之5,0.0,住,,,1031011,土地0建物1車位1,十四層,15,住宅大樓(11層含以上有電梯),住家用,鋼筋混凝土造,0980504,142.25,2,2,2,有,有,無,18000,127,坡道平面,0.0,0,租金含大樓管理費,RPUNMLKMIIJFFBJ18CC
竹北市,建物,新竹縣竹北市莊敬北路110號10樓,0.0,商,,,1031011,土地0建物1車位1,十層,10,華廈(10層含以下有電梯),商業用,鋼筋混凝土造,0940331,118.4,2,2,2,有,有,有,17000,144,坡道機械,0.0,0,租金含管,RPVNMLKMIIJFFBJ28CC
竹北市,建物,新竹縣竹北市嘉豐十路1號4樓之3,0.0,商,,,1031012,土地0建物1車位1,四層,13,套房(1房1廳1衛),商業用,鋼筋混凝土造,0970321,44.74,1,1,1,有,有,有,12500,279,坡道平面,0.0,0,,RPWNMLKMIIJFFBJ38CC
竹北市,建物,新竹縣竹北市十興路305巷13弄96號,0.0,住,,,1031014,土地0建物1車位1,全,5,透天厝,住家用,鋼筋混凝土造,0880205,227.14,4,2,4,有,無,有,18000,79,坡道平面,0.0,0,,RPXNMLKMIIJFFBJ48CC
竹北市,建物,新竹縣竹北市復興七路50號9樓,0.0,住,,,1031015,土地0建物1車位2,九層,14,住宅大樓(11層含以上有電梯),住家用,鋼筋混凝土造,0970825,180.54,4,2,2,有,有,無,23000,127,坡道平面,0.0,0,續約,RPOOMLKMIIJFFBJ67CC
竹北市,建物,新竹縣竹北市隘口六街159號9樓之5,0.0,住,,,1031020,土地0建物1車位1,九層,9,套房(1房1廳1衛),住家用,鋼筋混凝土造,0961228,107.34,1,1,1,有,無,有,11500,107,坡道平面,0.0,0,租金含管、第四台續約,RPQOMLKMIIJFFBJ87CC
竹北市,建物,新竹縣竹北市光明五街355號3樓,0.0,住,,,1031014,土地0建物1車位1,三層,8,華廈(10層含以下有電梯),住家用,鋼筋混凝土造,0870327,128.57,3,2,2,有,無,無,15000,117,坡道機械,0.0,0,,RPSOMLKMIIJFFBJ08CC
竹北市,建物,新竹縣竹北市光明九路168號10樓之1,0.0,住,,,1031025,土地0建物1車位0,十層,11,套房(1房1廳1衛),商業用,鋼筋混凝土造,0980225,46.86,1,1,1,有,有,有,13000,277,,0.0,0,,RPTOMLKMIIJFFBJ18CC
竹北市,建物,新竹縣竹北市東興路一段16號,0.0,商,,,1031027,土地0建物1車位0,全,5,透天厝,住商用,鋼筋混凝土造,0960815,378.13,5,2,6,有,無,無,52500,139,,0.0,0,,RPUOMLKMIIJFFBJ28CC
