﻿編號,屋齡,建物移轉面積平方公尺,主要用途,主要建材,建築完成日期,總層數,建物分層
The serial number,room age,building shifting area square meter,the main use,main building materials,construction completes the date,total layer,building lamination
RPVNMLSJQHJFFAM86CA,21,148.78,住家用,鋼筋混凝土造,82年10月2日,三層,一層 二層 三層
RPQNMLSJQHJFFCM56CA,18,66.03,集合住宅,鋼筋混凝土造,85年2月9日,十五層,二層 陽台 露台
RPQNMLSJQHJFFCM56CA,18,8.51,走道、機械房、門廳、騎樓、防空避難室兼停車場、梯間,鋼筋混凝土造,85年2月9日,十五層,
RPWNMLLKQHJFFCM56CA,40,41.59,住家用,鋼筋混凝土加強磚造,63年6月12日,一層,
RPTNMLLJQHJFFDM88CA,18,30.07,集合住宅,鋼筋混凝土造,85年3月9日,七層,三層 陽台 花台
RPTNMLLJQHJFFDM88CA,18,3.36,防空避難室、停車空間、門廳、屋頂突出物等公共設施,鋼筋混凝土造,85年3月9日,七層,
RPTNMLLJQHJFFDM88CA,18,6.43,梯間、走道,鋼筋混凝土造,85年3月9日,七層,
RPQNMLQJQHJFFAM88DA,20,74.28,住商用,鋼筋混凝土造,83年6月8日,八層,一層 二層 陽台 平台
RPQNMLQJQHJFFAM88DA,20,18.17,地下室,鋼筋混凝土造,83年6月8日,八層,
RPXNMLLKQHJFFCM66CA,28,41.63,住商用,鋼筋混凝土造,75年11月29日,三層,一層 二層 三層 騎樓
RPTNMLQJQHJFFCM66CA,12,61.32,住家用,鋼筋混凝土造,91年3月29日,三層,一層 二層 三層
RPTNMLQJQHJFFCM66CA,12,61.32,住家用,鋼筋混凝土造,91年3月29日,三層,一層 二層 三層
RPPNMLQLQHJFFBM98CA,17,163.45,住家用,鋼筋混凝土造,86年12月24日,三層,一層 二層 三層 陽台 電梯樓梯間
RPTNMLLKQHJFFBM78CA,1,193.46,住宅、梯間、水箱間,鋼筋混凝土造,102年12月24日,三層,一層 二層 三層 陽台 屋頂突出物
RPQNMLPJQHJFFBM78CA,19,87.31,住家用,鋼筋混凝土造,84年9月27日,十二層,九層 陽台
RPQNMLPJQHJFFBM78CA,19,33.54,停車空間、防空避難室、水塔、管理室、梯間、走道、機械室、門廳,鋼筋混凝土造,84年9月27日,十二層,
RPXNMLSJQHJFFAM07CA,34,100.29,住商用,鋼筋混凝土加強磚造,69年1月23日,二層,一層 二層 騎樓
RPOOMLNKQHJFFAM48CA,35,89.36,住家用,鋼筋混凝土加強磚造,68年2月19日,二層,一層 二層
RPRNMLQJQHJFFAM88CA,,453.25,人行道、店舖、住宅、樓梯間,鋼筋混凝土造,103年6月4日,四層,一層 二層 三層 四層 陽台 屋頂突出物 騎樓 雨遮
RPPNMLQJQHJFFAM68CA,23,139.41,住家用,鋼筋混凝土造,80年10月17日,三層,一層 二層 三層
RPSNMLQJQHJFFAM98CA,,313.10,店舖、住宅、樓梯間,鋼筋混凝土造,103年6月4日,三層,一層 二層 三層 陽台 屋頂突出物 雨遮
RPUNMLQJQHJFFAM56CA,,246.63,店舖、住宅、樓梯間,鋼筋混凝土造,103年6月4日,三層,一層 二層 三層 陽台 屋頂突出物 雨遮
RPUNMLLKQHJFFBM88CA,20,20.25,防空避難室、停車場、機械室、門廳、車道、梯間,鋼筋混凝土造,83年4月11日,八層,
RPUNMLLKQHJFFBM88CA,20,90.41,住家用,鋼筋混凝土造,83年4月11日,八層,七層 陽台 花台
RPSOMLRLQHJFFCM96CA,20,117.60,住家用,鋼筋混凝土造,83年8月1日,三層,一層 二層 三層
RPVNMLRJQHJFFCM96CA,54,113.40,住家用,磚造,49年12月12日,二層,一層 二層
RPTNMLOKQHJFFCM56CA,20,103.69,住家用,鋼筋混凝土造,83年8月13日,十五層,九層 陽台 花台
RPPOMLTKQHJFFCM76CA,25,197.19,住商用,鋼筋混凝土造,78年6月29日,七層,一層 二層 三層 陽台 騎樓
RPRNMLSJQHJFFCM76DA,15,88.80,自用農舍,鋼架造〈有牆者〉,88年8月7日,一層,一層
RPPNMLNKQHJFFAM48CA,34,86.61,住家用,鋼筋混凝土加強磚造,69年5月6日,二層,一層 二層
RPPNMLMKQHJFFAM38CA,24,144.59,住家用,鋼筋混凝土造,79年4月26日,八層,六層 陽台
RPPNMLMKQHJFFAM38CA,24,16.62,共有部份,鋼筋混凝土造,79年4月26日,見其他登記事項,
RPWNMLTKQHJFFAM17CA,34,99.45,人行道、店舖、住宅,鋼筋混凝土造,69年2月17日,二層,一層 二層 騎樓
RPRNMLOKQHJFFAM78CA,21,9.73,梯間、水塔、機械室,鋼筋混凝土造,82年11月10日,十四層,
RPRNMLOKQHJFFAM78CA,21,103.51,住家用,鋼筋混凝土造,82年11月10日,十四層,六層 陽台 露台
RPRNMLOKQHJFFAM78CA,21,8.97,避難室、開放空間、停車空間,鋼筋混凝土造,82年11月10日,十四層,
RPRNMLOKQHJFFAM78CA,21,.50,管理員辦公室,鋼筋混凝土造,82年11月10日,十四層,
RPRNMLOKQHJFFAM78CA,21,7.50,避難室、開放空間、停車空間,鋼筋混凝土造,82年11月10日,十四層,
RPVNMLLKQHJFFAM88CA,20,88.89,住家用,鋼筋混凝土造,83年10月7日,十一層,二層 陽台 花台
RPVNMLLKQHJFFAM88CA,20,35.19,屋頂突出物、梯間、警衛室、防空避難室、停車空間,鋼筋混凝土造,83年10月7日,十一層,
RPPNMLQKQHJFFBM88CA,2,162.31,住家用,鋼筋混凝土造,101年7月19日,四層,一層 二層 三層 四層 陽台
RPPNMLQKQHJFFBM88CA,2,12.88,住家用,鋼架造有牆,101年12月13日,一層,
RPWNMLSJQHJFFCM17CA,20,89.96,集合住宅,鋼筋混凝土造,83年12月31日,十二層,二層 陽台 花台
RPOOMLSLQHJFFCM66CA,35,109.97,住商用,加強磚造,68年10月30日,二層,一層 二層 騎樓
RPXNMLLKQHJFFBM56CA,1,158.85,住宅、水箱間,鋼筋混凝土造,102年6月26日,三層,一層 二層 三層 陽台 見其他登記事項
RPPNMLSJQHJFFDM56CA,15,238.03,住家用,鋼筋混凝土造,88年7月9日,四層,一層 二層 三層 四層 陽台 電梯樓梯間
RPQOMLKLQHJFFCM68CA,7,201.76,住家用,鋼筋混凝土造,96年10月24日,四層,一層 二層 三層 四層 陽台
RPPNMLLKQHJFFBM48DA,16,182.64,住商用,鋼筋混凝土造,87年7月31日,四層,一層 二層 三層 四層 陽台
RPQNMLLKQHJFFBM58DA,,208.54,住家用,鋼筋混凝土造,103年2月20日,四層,一層 二層 三層 四層 陽台 雨遮
RPPNMLKLQHJFFEM78DA,20,44.67,住商用,鋼筋混凝土造,82年12月24日,三層,一層 二層 三層 屋頂突出物 騎樓
RPQNMLNJRHJFFDM98DA,34,169.40,住家用,鋼筋混凝土加強磚造,69年8月1日,二層,一層 二層
RPSNMLLKQHJFFBM78DA,21,189.32,住商用,鋼筋混凝土造,82年10月29日,十層,一層 平台 騎樓 地下一層
RPSNMLLKQHJFFBM78DA,21,37.08,防空避難室、停車空間、開放空間、梯間、水塔、機械室,鋼筋混凝土造,82年10月29日,十層,
RPOOMLNKQHJFFDM78CA,15,197.97,住家用,鋼筋混凝土造,88年5月31日,三層,一層 二層 三層 陽台 電梯樓梯間
RPVNMLQLQHJFFCM07CA,20,110.99,集合住宅,鋼筋混凝土造,83年7月7日,十三層,二層 陽台 露台 花台
RPVNMLQLQHJFFCM07CA,20,49.15,避難室兼停車場、門、梯間、突出物、機械房、水箱,鋼筋混凝土造,83年7月7日,十三層,
RPROMLTKQHJFFCM96CA,20,98.18,集合住宅,鋼筋混凝土造,83年7月7日,十三層,五層 陽台 花台
RPTNMLSKQHJFFCM96CA,2,199.76,住家用,鋼筋混凝土造,101年4月26日,三層,一層 二層 三層 陽台
RPQNMLMKQHJFFBM58CA,6,15.00,農舍,鋼鐵造有牆,97年4月23日,一層,一層
RPRNMLLLQHJFFBM68CA,40,100.44,住商用,鋼筋混凝土加強磚造,63年11月7日,二層,一層 二層 騎樓
RPQNMLOKQHJFFAM68CA,19,90.15,住家用,鋼筋混凝土造,84年2月16日,十三層,十三層 陽台
RPPOMLNKQHJFFAM58CA,,89.66,住商用,鋼筋混凝土加強磚造,,二層,一層 二層
RPQNMLMKQHJFFAM48CA,43,66.73,住家用,加強磚造,60年12月29日,三層,一層 二層 三層
RPRNMLNKQHJFFCM88CA,25,327.93,住家用,鋼筋混凝土造,79年1月4日,二層,一層 二層
RPSOMLTKQHJFFCM07CA,25,197.19,住商用,鋼筋混凝土造,78年6月29日,七層,一層 二層 三層 陽台 騎樓
RPROMLKLQHJFFCM78CA,20,104.45,集合住宅,鋼筋混凝土造,83年5月26日,五層,一層 平台
RPROMLKLQHJFFCM78CA,20,35.23,公共設施,鋼筋混凝土造,83年5月26日,五層,
RPUNMLMLQHJFFDM66CA,,198.70,住宅、樓梯間,鋼筋混凝土造,103年6月26日,三層,一層 二層 三層 陽台 屋頂突出物
RPWNMLMLQHJFFDM86CA,,198.31,住宅、樓梯間,鋼筋混凝土造,103年6月26日,三層,一層 二層 三層 陽台 屋頂突出物
RPQNMLMLQHJFFCM78CA,29,27.08,住家用,鋼筋混凝土造,74年10月16日,三層,一層 二層 三層 騎樓
RPRQMLMLQHJFFDM66CA,,198.73,住宅、樓梯間,鋼筋混凝土造,103年6月26日,三層,一層 二層 三層 陽台 屋頂突出物
RPUQMLMLQHJFFDM96CA,,198.31,住宅、樓梯間,鋼筋混凝土造,103年6月26日,三層,一層 二層 三層 陽台 屋頂突出物
RPSNMLQLQHJFFDM86CA,,198.31,住宅、樓梯間,鋼筋混凝土造,103年6月26日,三層,一層 二層 三層 陽台 屋頂突出物
RPPNMLLKQHJFFEM68CA,30,133.76,住家用,鋼筋混凝土加強磚造,73年10月29日,二層,一層 二層
RPWNMLNKQHJFFBM76DA,12,130.52,住家用,鋼骨鋼筋混凝土造,91年12月2日,三層,
RPVNMLNKQHJFFDM76CA,12,374.33,住家用,鋼筋混凝土造,91年5月7日,三層,
RPSNMLOKQHJFFCM09CA,19,223.11,住商用,鋼筋混凝土造,84年8月10日,四層,一層 二層 三層 四層 騎樓
RPQNMLNKQHJFFBM68CA,19,135.44,住家用,鋼筋混凝土造,84年11月21日,三層,
RPSNMLSKQHJFFAM66CA,1,343.71,住家用,鋼筋混凝土造,101年12月27日,四層,一層 二層 三層 四層 陽台
RPVNMLKLQHJFFAM88CA,22,115.01,住商用,鋼筋混凝土造,81年11月11日,三層,一層 二層 三層 騎樓
RPWNMLKLQHJFFAM98CA,7,12.00,農舍,見使用執照,96年3月28日,一層,一層
RPQOMLKLQHJFFAM48CA,19,227.72,住家用,鋼筋混凝土造,84年1月19日,四層,一層 二層 三層 四層 陽台 平台 屋頂突出物 雨遮 地下層
RPQOMLKLQHJFFAM48CA,19,23.24,儲藏室,鋼筋混凝土造,84年1月19日,四層,
RPRPMLMLQHJFFDM56CA,,198.73,住宅、樓梯間,鋼筋混凝土造,103年6月26日,三層,一層 二層 三層 陽台 屋頂突出物
RPVOMLMLQHJFFDM86CA,,198.73,住宅、樓梯間,鋼筋混凝土造,103年6月26日,三層,一層 二層 三層 陽台 屋頂突出物
RPXPMLMLQHJFFDM17CA,,198.31,住宅、樓梯間,鋼筋混凝土造,103年6月26日,三層,一層 二層 三層 陽台 屋頂突出物
RPOOMLMLQHJFFDM78CA,,198.73,住宅、樓梯間,鋼筋混凝土造,103年6月26日,三層,一層 二層 三層 陽台 屋頂突出物
RPUPMLMLQHJFFDM86CA,,198.73,住宅、樓梯間,鋼筋混凝土造,103年6月26日,三層,一層 二層 三層 陽台 屋頂突出物
RPOOMLKLQHJFFAM28CA,20,104.49,住家用,鋼筋混凝土造,83年6月17日,八層,七層 陽台 花台 雨遮
RPOOMLKLQHJFFAM28CA,20,40.63,梯間、車道、水箱、機械房、避難室、停車間,鋼筋混凝土造,83年6月17日,八層,
RPROMLMLQHJFFDM09CA,,198.31,住宅、樓梯間,鋼筋混凝土造,103年6月26日,三層,一層 二層 三層 陽台 屋頂突出物
RPXNMLLLQHJFFAM56CA,15,134.25,住家用,鋼筋混凝土造,88年2月12日,十二層,十二層 陽台
RPUNMLTKQHJFFAM96CA,20,35.19,屋頂突出物、梯間、警衛室、防空避難室、停車空間,鋼筋混凝土造,83年10月7日,十一層,
RPUNMLTKQHJFFAM96CA,20,88.89,住家用,鋼筋混凝土造,83年10月7日,十一層,九層 陽台 花台
RPSNMLKLQHJFFBM68CA,19,193.72,住家用,鋼筋混凝土造,84年8月2日,四層,一層 二層 三層 四層 陽台 平台 花台
RPPNMLKLQHJFFBM38CA,25,228.04,住商用,鋼筋混凝土造,78年4月15日,四層,一層 二層 三層 四層 騎樓
RPXNMLPLQHJFFBM07CA,22,4439.88,農業用,鋼筋混凝土加強磚造,81年4月21日,二層,一層 二層 電梯樓梯間
RPSNMLSKQHJFFCM86CA,34,81.80,住家用,鋼筋混凝土加強磚造,69年4月28日,二層,一層 二層
RPRNMLKLQHJFFCM68CA,28,112.20,住家用,加強磚造,75年12月1日,二層,一層 二層
RPVNMLLLQHJFFCM56CA,19,412.78,住家用,鋼筋混凝土造,84年12月30日,四層,一層 二層 三層 四層 陽台 平台 花台
RPPNMLMJRHJFFEM78CA,2,174.69,住家用,ＲＣ造,101年5月30日,三層,一層 二層 三層 陽台
RPUNMLMLQHJFFCM56CA,18,66.80,集合住宅,鋼筋混凝土造,85年2月9日,十五層,八層 陽台
RPUNMLMLQHJFFCM56CA,18,14.30,走道、機械房、門廳、騎樓、防空避難室兼停車場、梯間,鋼筋混凝土造,85年2月9日,十五層,
RPUNMLPKQHJFFBM76DA,36,66.37,住家用,鋼筋混凝土加強磚造,68年1月6日,二層,一層 二層
RPPNMLLLQHJFFBM48CA,46,161.76,住家用,鋼筋混凝土加強磚造,57年9月5日,四層,一層 二層 三層 四層
RPSNMLPKQHJFFCM56CA,20,146.07,住商用,鋼筋混凝土造,83年4月30日,四層,一層 二層 三層 四層 陽台
RPUNMLPLQHJFFBM76CA,1,180.39,住宅、樓梯間,鋼筋混凝土造,102年2月18日,三層,一層 二層 三層 陽台 見其他登記事項
RPXNMLMJRHJFFBM66CA,13,440.96,農舍,鋼筋混凝土造,90年12月27日,三層,一層 二層 三層 陽台
RPRNMLPKQHJFFBM98CA,22,182.11,住家用,鋼筋混凝土造,81年10月30日,三層,一層 二層 三層 陽台 平台 花台
RPOOMLMJRHJFFBM48CA,17,120.01,住家用,鋼筋混凝土造,86年6月30日,三層,一層 二層 三層 陽台 雨遮
RPOOMLMJRHJFFBM48CA,17,.17,管理員室,鋼筋混凝土造,86年6月30日,一層,
RPOOMLMJRHJFFBM48CA,17,35.47,停車空間,鋼筋混凝土造,86年6月30日,地下層,
RPPOMLKLQHJFFAM38CA,17,81.32,住家用,鋼筋混凝土造,86年5月29日,五層,三層 陽台
RPPOMLKLQHJFFAM38CA,17,1.60,突出物,鋼筋混凝土造,86年5月29日,五層,
RPXNMLKLQHJFFAM09CA,,311.52,住家用,鋼筋混凝土造,103年5月13日,四層,一層 二層 三層 四層 陽台
RPWNMLTLQHJFFCM47CA,19,118.02,住家用,鋼筋混凝土造,84年7月13日,三層,一層 二層 三層 陽台 平台 雨遮
RPSOMLLLQHJFFCM98CA,19,284.46,住家用,鋼筋混凝土造,84年2月27日,五層,一層 二層 三層 四層 五層 陽台 屋頂突出物 騎樓
RPRNMLMLQHJFFCM88CA,3,96.12,住宅、樓梯間,鋼筋混凝土造,100年7月6日,三層,一層 二層 三層 陽台 花台 雨遮 見其他登記事項
RPRNMLMLQHJFFCM88CA,3,96.12,住宅、樓梯間,鋼筋混凝土造,100年7月6日,三層,一層 二層 三層 陽台 花台 雨遮 見其他登記事項
RPTNMLPKQHJFFDM76CA,44,226.47,避難室、遊藝場、住宅,鋼筋混凝土加強磚造,59年9月5日,三層,一層 二層 三層 見其他登記事項
RPVNMLSKQHJFFAM96CA,16,142.91,住家用,鋼筋混凝土造,87年12月16日,三層,一層 二層 三層 陽台
RPWNMLSKQHJFFAM07CA,16,170.02,住家用,鋼筋混凝土造,87年6月9日,三層,一層 二層 三層 陽台
RPRNMLKLQHJFFBM68DA,23,173.10,住家用,鋼筋混凝土造,80年9月6日,三層,一層 二層 三層 陽台
RPVNMLPLQHJFFCM96CA,35,82.65,住商用,加強磚造,68年10月29日,二層,一層 二層 騎樓
RPOOMLMLQHJFFCM68CA,19,178.30,住家用,鋼筋混凝土造,84年9月14日,四層,一層 二層 三層 四層 陽台 平台 露台 花台
RPXNMLRLQHJFFCM37CA,25,102.36,住商用,鋼筋混凝土造,78年8月14日,三層,一層 二層 三層 騎樓
RPQNMLSLQHJFFBM66CA,19,97.45,住商用,鋼筋混凝土造,84年5月12日,八層,一層 二層 陽台 平台 花台
RPQNMLSLQHJFFBM66CA,19,21.22,防空避難室、梯間、停車空間、機械室、水箱,鋼筋混凝土造,84年5月12日,八層,
RPQNMLSLQHJFFAM56CA,7,173.26,住商用,鋼筋混凝土造,96年9月18日,三層,一層 二層 三層 陽台 屋頂突出物 雨遮
RPQOMLMJRHJFFBM68CA,1,310.38,住宅、樓梯間,鋼筋混凝土造,102年2月21日,三層,一層 二層 三層 陽台 見其他登記事項
RPTNMLPKRHJFFCM76CA,33,86.13,住商用,鋼筋混凝土造,70年11月11日,三層,一層 二層 三層
RPTNMLLJRHJFFCM88CA,6,166.50,住宅、樓梯間,鋼筋混凝土造,97年11月18日,三層,一層 二層 三層 陽台 見其他登記事項
RPPOMLPLQHJFFCM09CA,35,112.62,住商用,鋼筋混凝土造,68年7月24日,二層,一層 二層 騎樓
RPPNMLKLQHJFFCM48CA,33,108.61,住家用,加強磚造,70年12月26日,二層,一層 二層
RPPNMLSLQHJFFDM76CA,36,120.70,住商用,鋼筋混凝土加強磚造,67年7月11日,二層,一層 二層 騎樓
RPSNMLMJRHJFFDM98CA,16,141.32,住商用,鋼筋混凝土造,87年9月8日,三層,一層 二層 三層
RPXNMLLKRHJFFBM66CA,35,88.40,住家用,鋼筋混凝土加強磚造,68年3月14日,二層,一層 二層
RPPOMLRKRHJFFCM66CA,20,14.26,避難室兼停車場、樓梯、門廳、騎樓、梯間、機械房、水箱、平台、瞭望台,鋼筋混凝土造,83年7月8日,十二層,
RPPOMLRKRHJFFCM66CA,20,103.83,集合住宅,鋼筋混凝土造,83年7月8日,十二層,四層 陽台 花台
RPPOMLSLQHJFFCM86DA,21,77.76,集合住宅,鋼筋混凝土造,83年1月14日,十一層,三層 陽台 花台
RPPOMLSLQHJFFCM86DA,21,18.18,１﹒停車空間、防空避難室  ２﹒梯間、機械室、水箱,鋼筋混凝土造,83年1月14日,十一層,
RPSNMLMKRHJFFAM78CA,37,83.73,住家用,鋼筋混凝土加強磚造,67年1月15日,二層,一層 二層
RPOOMLQLQHJFFDM56CA,23,205.39,住商用,鋼筋混凝土造,80年12月4日,三層,一層 二層 三層 陽台 平台 屋頂突出物 騎樓
RPRNMLLLQHJFFCM78CA,16,247.81,自用農舍,鋼鐵造有牆,87年8月12日,一層,一層
RPPPMLLLQHJFFCM78CA,34,132.45,住家用,鋼筋混凝土加強磚造,70年1月15日,三層,一層 二層 三層
RPTNMLPJRHJFFCM66CA,,2396.94,一般旅館、停車空間、樓梯間,鋼筋混凝土造,103年4月17日,六層,一層 二層 三層 四層 五層 六層 陽台 見其他登記事項
RPPNMLTLQHJFFCM76CA,37,71.63,住家用,鋼筋混凝土加強磚造,66年3月15日,一層,一層 騎樓
RPQNMLMLQHJFFBM68CA,35,65.75,住家用,鋼筋混凝土加強磚造,68年7月28日,一層,
RPVNMLRLQHJFFAM96CA,34,92.84,住家用,鋼筋混凝土加強磚造,69年5月3日,二層,一層 二層
RPPNMLPLQHJFFBM88CA,34,138.72,住家用,鋼筋混凝土加強磚造,69年12月1日,二層,一層 二層
RPXNMLSKRHJFFCM47CA,3,209.83,一般零售場所,鋼筋混凝土造,100年11月10日,四層,一層 二層 三層 四層 陽台 雨遮
RPQNMLPLQHJFFBM98CA,34,138.72,住家用,鋼筋混凝土加強磚造,69年12月1日,二層,一層 二層
RPQNMLQLQHJFFBM09CA,19,31.41,住家用,鋼筋混凝土造,84年9月27日,十二層,五層 陽台
RPQNMLQLQHJFFBM09CA,19,9.53,停車空間、防空避難室、水塔、管理室、梯間、走道、機械室、門廳,鋼筋混凝土造,84年9月27日,十二層,
RPOOMLTLQHJFFCM76CA,2,199.76,住家用,鋼筋混凝土造,101年4月26日,三層,一層 二層 三層 陽台
RPRNMLQLQHJFFBM56CA,1,229.46,住家用,鋼筋混凝土造,102年3月8日,四層,一層 二層 三層 四層 陽台 雨遮
RPUNMLLKRHJFFAM88CA,26,119.43,住家用,加強磚造,77年9月8日,二層,一層 二層 屋頂突出物
RPUNMLTLQHJFFDM37CA,5,410.27,一般廠庫-自產農產品加工室,鋼骨造,99年1月5日,二層,一層 二層 陽台
RPVNMLSLQHJFFDM37CA,,198.31,住宅、樓梯間,鋼筋混凝土造,103年6月26日,三層,一層 二層 三層 陽台 屋頂突出物
RPVNMLSLQHJFFBM27DA,36,99.86,住家用,鋼筋混凝土加強磚造,67年9月8日,二層,一層 二層
RPQNMLLJRHJFFCM58CA,19,127.17,住商用,鋼筋混凝土造,84年4月14日,三層,一層 二層 三層 陽台 騎樓
RPSNMLRLQHJFFBM76CA,33,168.92,住商用,鋼筋混凝土造,70年8月21日,三層,一層 二層 三層 騎樓
RPSOMLRKRHJFFCM96CA,38,64.82,住家用,加強磚造,65年10月1日,二層,一層 二層
RPSNMLPLQHJFFBM56CA,18,.10,警衛室,鋼筋混凝土造,85年6月13日,九層,
RPSNMLPLQHJFFBM56CA,18,109.30,住家用,鋼筋混凝土造,85年6月13日,九層,六層 陽台 花台
RPSNMLPLQHJFFBM56CA,18,37.17,停車空間、防空避難室、梯間、機械室、水塔、門廳,鋼筋混凝土造,85年6月13日,九層,
RPSNMLPLQHJFFBM56CA,18,23.26,停車空間、防空避難室、梯間、機械室、水塔、門廳,鋼筋混凝土造,85年6月13日,九層,
RPUNMLLJRHJFFAM78CA,3,14.50,農舍,鋼鐵造有牆,100年10月26日,一層,一層
RPRNMLMKRHJFFBM78CA,,270.11,住宅、樓梯間,鋼筋混凝土造,103年4月18日,三層,一層 二層 三層 陽台 見其他登記事項
RPWNMLLJRHJFFCM56CA,35,118.79,住商用,鋼筋混凝土加強磚造,68年5月17日,二層,一層 二層 騎樓
RPTOMLOJRHJFFAM09CA,,156.08,住家用,鋼筋混凝土造,103年1月22日,三層,一層 二層 三層 陽台
RPTNMLRLQHJFFCM96CA,9,200.47,住家用,鋼筋混凝土造,94年5月12日,四層,一層 二層 三層 四層 陽台
RPTOMLRLQHJFFCM07CA,10,97.67,住商用,鋼筋混凝土造,93年11月16日,九層,一層 二層 三層 陽台 騎樓
RPTOMLRLQHJFFCM07CA,10,27.52,騎樓、車道、梯間、多功能會議室、機房,鋼筋混凝土造,93年11月16日,九層,
RPTOMLRLQHJFFCM07CA,10,97.67,住商用,鋼筋混凝土造,93年11月16日,九層,一層 二層 三層 陽台 騎樓
RPTOMLRLQHJFFCM07CA,10,27.52,騎樓、車道、梯間、多功能會議室、機房,鋼筋混凝土造,93年11月16日,九層,
RPSOMLKKRHJFFCM88CA,20,106.69,集合住宅,鋼筋混凝土造,83年5月30日,七層,三層 陽台
RPSOMLKKRHJFFCM88CA,20,16.52,防空避難室、汽車升降室、辦公室、機械室、水箱,鋼筋混凝土造,83年5月30日,七層,
RPSOMLKKRHJFFCM88CA,20,12.14,樓梯間,鋼筋混凝土造,83年5月30日,七層,
RPROMLKKRHJFFCM78CA,21,86.58,集合住宅,鋼筋混凝土造,83年1月14日,十一層,七層 陽台 花台
RPROMLKKRHJFFCM78CA,21,23.73,１﹒停車空間、防空避難室  ２﹒梯間、機械室、水箱,鋼筋混凝土造,83年1月14日,十一層,
RPVNMLSLQHJFFCM27CA,20,103.83,集合住宅,鋼筋混凝土造,83年7月8日,十二層,十二層 陽台 花台
RPWNMLRLQHJFFDM37CA,13,123.03,住商用,鋼筋混凝土造,90年10月31日,二層,一層 二層 陽台 騎樓
RPRNMLLKRHJFFDM88CA,10,192.71,住家用,鋼筋混凝土造,94年1月17日,三層,
RPSNMLTLQHJFFDM17CA,20,85.06,住家用,鋼筋混凝土造,83年5月24日,五層,五層 陽台 花台
RPSNMLTLQHJFFDM17CA,20,23.76,停車位、配電室、梯間、水箱,鋼筋混凝土造,83年5月24日,五層,
RPTNMLTLQHJFFDM27CA,25,180.58,住家用,鋼筋混凝土造,78年11月28日,三層,一層 二層 三層 陽台 平台 露台
RPRNMLLJRHJFFCM68CA,35,82.50,住家用,鋼筋混凝土造,68年10月10日,三層,一層 二層 三層
RPRNMLTLQHJFFCM96CA,19,123.95,集合住宅,鋼筋混凝土造,83年12月31日,十二層,十二層 陽台
RPRNMLTLQHJFFCM96CA,19,27.40,樓梯間、機械房、水箱,鋼筋混凝土造,83年12月31日,十二層,
RPRNMLTLQHJFFCM96CA,19,.26,住房,鋼筋混凝土造,83年12月31日,十二層,
RPRNMLTLQHJFFCM96CA,19,12.10,樓梯間、機械房、水箱,鋼筋混凝土造,83年12月31日,十二層,
RPSNMLTJRHJFFCM96CA,16,93.54,集合住宅,鋼筋混凝土造,87年12月31日,八層,三層 陽台
RPSNMLTJRHJFFCM96CA,16,59.72,停車場．避難室,鋼筋混凝土造,87年12月31日,八層,
RPPNMLPJRHJFFBM78CA,35,89.54,住家用,鋼筋混凝土加強磚造,68年3月14日,二層,一層 二層
RPSNMLSLQHJFFBM86CA,,241.84,住家用,鋼筋混凝土造,103年5月13日,四層,一層 二層 三層 四層 陽台
RPTNMLSLQHJFFBM96CA,,241.84,住家用,鋼筋混凝土造,103年5月13日,四層,一層 二層 三層 四層 陽台
RPUNMLSLQHJFFBM07CA,,241.08,住家用,鋼筋混凝土造,103年5月13日,四層,一層 二層 三層 四層 陽台
RPTNMLTLQHJFFAM96CA,21,143.54,住家用,鋼筋混凝土造,82年11月20日,三層,一層 二層 三層 陽台 平台 花台
RPPOMLOJRHJFFAM68CA,22,133.65,住家用,鋼筋混凝土造,81年9月23日,二層,一層 二層
RPSNMLLJRHJFFAM58CA,20,99.53,住家用,鋼筋混凝土造,83年4月28日,三層,一層 二層 三層 陽台 平台 花台
RPRNMLSLQHJFFBM76CA,1,229.46,住家用,鋼筋混凝土造,102年3月8日,四層,一層 二層 三層 四層 陽台 雨遮
RPQNMLTJRHJFFAM56CA,24,122.88,農舍,鋼筋混凝土造,79年12月5日,二層,一層 二層
RPQNMLTJRHJFFAM56CA,24,122.88,農舍,鋼筋混凝土造,79年12月5日,二層,一層 二層
RPSNMLTJRHJFFAM76CA,24,122.88,農舍,鋼筋混凝土造,79年12月5日,二層,一層 二層
RPSNMLTJRHJFFAM76CA,24,122.88,農舍,鋼筋混凝土造,79年12月5日,二層,一層 二層
RPVNMLPKRHJFFCM96CA,30,120.68,住商用,鋼筋混凝土造,73年10月13日,二層,一層 二層 騎樓
RPTOMLMJRHJFFCM09CA,41,158.29,住家用,鋼筋混凝土加強磚造,62年11月20日,二層,一層 二層 騎樓
RPQNMLTLQHJFFCM86CA,19,83.59,集合住宅,鋼筋混凝土造,83年12月31日,十二層,八層 陽台 花台
RPQNMLTLQHJFFCM86CA,19,18.26,樓梯間、機械房、水箱,鋼筋混凝土造,83年12月31日,十二層,
RPPNMLLJRHJFFDM58CA,16,197.17,住家用,鋼筋混凝土造,87年8月1日,三層,一層 二層 三層 陽台
RPOOMLMLRHJFFCM78CA,,97.80,農舍,ＲＣ造、加強磚造,103年6月3日,二層,一層 二層
RPPNMLLJRHJFFEM68CA,18,179.66,住家用,鋼筋混凝土造,85年1月30日,四層,一層 二層 三層 四層 屋頂突出物
RPXNMLLJRHJFFCM76DA,40,186.57,住商用,鋼筋混凝土加強磚造,63年6月24日,三層,一層 二層 三層 騎樓
RPVNMLMLRHJFFCM76CA,34,72.95,住商用,ＲＣ加強磚造、加強磚木造,70年1月16日,二層,一層 二層
RPXNMLMLRHJFFCM96CA,38,72.73,住家用,加強磚造,65年12月10日,一層,一層 騎樓
RPVNMLTKRHJFFCM37CA,22,89.15,住家用,加強磚造,81年7月1日,一層,一層
RPWNMLTKRHJFFCM47CA,19,155.65,住家用,鋼筋混凝土造,84年4月6日,三層,一層 二層 三層 陽台 露台 雨遮
RPUNMLTLQHJFFCM27CA,41,211.31,住家用,鋼筋混凝土加強磚造,62年6月19日,三層,一層 二層 三層 騎樓
RPOOMLLJRHJFFCM48CA,26,117.81,住商用,鋼筋混凝土造,77年11月18日,二層,一層 二層 騎樓
RPPNMLNJRHJFFBM58CA,20,74.51,住家用,鋼筋混凝土造,83年3月16日,九層,四層 陽台 花台
RPPNMLNJRHJFFBM58CA,20,8.16,電梯、樓梯,鋼筋混凝土造,83年3月16日,九層,
RPPNMLNJRHJFFBM58CA,20,12.70,避難室、停車空間、屋頂、水箱、機械室,鋼筋混凝土造,83年3月16日,九層,
RPUNMLMJRHJFFBM98CA,2,182.08,住家用,鋼筋混凝土造,101年10月23日,四層,一層 二層 三層 四層 陽台
RPUNMLTLQHJFFBM17CA,1,204.60,住宅、梯間,鋼筋混凝土造,103年1月17日,三層,一層 二層 三層 陽台 雨遮 見其他登記事項
RPPNMLTLQHJFFBM66CA,46,80.96,住家用,鋼筋混凝土加強磚造,57年8月17日,二層,一層 二層
RPQNMLLKRHJFFAM48CA,16,127.22,住家用,鋼筋混凝土造,87年4月20日,三層,一層 二層 三層 陽台
RPRNMLLMQHJFFAM68CA,35,102.80,住商用,鋼筋混凝土加強磚造,68年9月1日,二層,一層 二層 騎樓
RPTNMLRKRHJFFAM76CA,36,53.80,住家用,鋼筋混凝土加強磚造,67年9月22日,三層,一層 二層 三層
RPSOMLOJRHJFFAM98CA,20,83.91,住家用,鋼筋混凝土造,83年6月17日,八層,三層 陽台 雨遮
RPSOMLOJRHJFFAM98CA,20,35.25,梯間、車道、水箱、機械房、避難室、停車間,鋼筋混凝土造,83年6月17日,八層,
RPWNMLTJRHJFFAM17CA,43,156.38,住家用,鋼筋混凝土加強磚造,60年10月6日,二層,一層 二層 騎樓
RPSNMLPKRHJFFAM09CA,43,157.66,住家用,鋼筋混凝土加強磚造,60年8月12日,二層,一層 二層
RPPNMLLMQHJFFBM58CA,1,229.46,住家用,鋼筋混凝土造,102年3月8日,四層,一層 二層 三層 四層 陽台 雨遮
RPPNMLQJRHJFFDM09CA,18,25.62,集合住宅,鋼筋混凝土造,85年3月9日,七層,七層 陽台
RPPNMLQJRHJFFDM09CA,18,3.12,防空避難室、停車空間、門廳、屋頂突出物等公共設施,鋼筋混凝土造,85年3月9日,七層,
RPPNMLQJRHJFFDM09CA,18,7.14,梯間、走道,鋼筋混凝土造,85年3月9日,七層,
RPTNMLMJRHJFFBM88CA,19,193.72,住家用,鋼筋混凝土造,84年8月2日,四層,一層 二層 三層 四層 陽台 平台 花台
RPSNMLTLQHJFFAM96DA,35,95.25,住家用,鋼筋混凝土加強磚造,68年10月17日,二層,一層 二層
RPPOMLMJRHJFFCM68CA,24,198.37,住商用,鋼筋混凝土造,79年5月30日,三層,一層 二層 三層 陽台 平台 屋頂突出物 騎樓 花台
RPRNMLMJRHJFFCM78CA,,215.11,住家用,鋼筋混凝土造,103年5月12日,四層,一層 二層 三層 四層 陽台
RPSNMLMJRHJFFCM88CA,,216.17,住家用,鋼筋混凝土造,103年5月13日,四層,一層 二層 三層 四層 陽台 雨遮
RPOOMLKKRHJFFCM48CA,,218.53,住家用,鋼筋混凝土造,103年5月13日,四層,一層 二層 三層 四層 陽台 雨遮
RPUNMLLKRHJFFCM09CA,21,163.98,住商用,鋼筋混凝土造,82年8月24日,三層,一層 二層 三層 騎樓
RPVNMLNLRHJFFBM76CA,19,193.72,住家用,鋼筋混凝土造,84年8月2日,四層,一層 二層 三層 四層 陽台 平台 花台
RPXNMLSKRHJFFBM37CA,8,179.53,住家用,鋼筋混凝土造,96年1月16日,四層,一層 二層 三層 四層 陽台 雨遮
RPUNMLNLRHJFFBM66CA,40,105.51,住家用,鋼筋混凝土加強磚造,64年1月21日,三層,一層 二層 三層
RPSNMLNLRHJFFBM09CA,40,86.91,住家用,鋼筋混凝土加強磚造,63年12月24日,二層,一層 二層
RPPNMLMJRHJFFBM48CA,19,31.14,住家用,鋼筋混凝土造,84年9月27日,十二層,十層 陽台
RPPNMLMJRHJFFBM48CA,19,11.12,停車空間、防空避難室、水塔、管理室、梯間、走道、機械室、門廳,鋼筋混凝土造,84年9月27日,十二層,
RPWNMLOJRHJFFAM66CA,7,65.33,住家用,鋼筋混凝土造,96年8月9日,五層,二層 陽台
RPWNMLOJRHJFFAM66CA,7,6.49,住家用,鋼筋混凝土造,96年8月9日,五層,
RPOOMLOJRHJFFAM58CA,21,161.92,住家用,鋼筋混凝土造,82年12月4日,三層,一層 二層 三層 屋頂突出物
RPTNMLPLRHJFFCM86CA,16,94.03,集合住宅,鋼筋混凝土造,87年12月31日,八層,五層 陽台
RPTNMLPLRHJFFCM86CA,16,58.83,停車場．避難室,鋼筋混凝土造,87年12月31日,八層,
RPSOMLRKRHJFFBM86CA,15,99.12,住家用,鋼筋混凝土造,88年2月12日,九層,四層 陽台 雨遮
RPSOMLRKRHJFFBM86CA,15,48.58,防空避難室、停車空間、水塔、梯間、機械房、暸望台,鋼筋混凝土造,88年2月12日,九層,
RPTOMLRKRHJFFBM96CA,17,121.71,住家用,鋼筋混凝土造,86年6月30日,三層,一層 二層 三層 陽台 雨遮
RPTOMLRKRHJFFBM96CA,17,.17,管理員室,鋼筋混凝土造,86年6月30日,一層,
RPTOMLRKRHJFFBM96CA,17,35.47,停車空間,鋼筋混凝土造,86年6月30日,地下層,
RPXNMLOJRHJFFAM76CA,25,186.45,住家用,鋼筋混凝土造,78年5月19日,三層,一層 二層 三層
RPTNMLLKRHJFFBM88CA,15,86.46,住家用,鋼筋混凝土造,88年5月29日,四層,一層 二層 三層 四層 陽台
RPTNMLLKRHJFFBM88CA,15,86.46,住家用,鋼筋混凝土造,88年5月29日,四層,一層 二層 三層 四層 陽台
RPQNMLTLRHJFFAM76CA,12,146.42,住商用,鋼筋混凝土造,91年5月17日,四層,一層 二層 三層 四層 陽台 騎樓
RPOOMLLKRHJFFCM58CA,20,26.32,集合住宅,鋼筋混凝土造,83年10月13日,十二層,五層
RPOOMLLKRHJFFCM58CA,20,13.74,避難室、停車場、梯間、走廊、門廳、騎樓、車道、屋頂突出物、管道間,鋼筋混凝土造,83年10月13日,十二層,
RPVNMLMKRHJFFCM66CA,22,190.50,住家用,鋼筋混凝土造,81年10月23日,三層,一層 二層 三層
RPTNMLOLRHJFFAM56CA,34,102.52,住家用,加強磚造,69年5月12日,二層,一層 二層
RPRNMLNJRHJFFCM88CA,20,86.95,集合住宅,鋼筋混凝土造,83年12月31日,十二層,四層 陽台 花台
RPQNMLPJRHJFFDM09CA,1,155.56,住家用,鋼筋混凝土造,102年5月7日,三層,一層 二層 三層 陽台
RPSNMLTKRHJFFDM17CA,40,89.38,住家用,鋼筋混凝土加強磚造,63年5月31日,二層,一層 二層
RPSNMLTKRHJFFDM17CA,40,80.78,住家用,鐵筋加磚,63年6月15日,二層,一層 二層 騎樓
RPRNMLSKRHJFFCM86CA,40,139.40,住商用,鋼筋混凝土加強磚造,63年7月3日,二層,一層 二層 騎樓
RPUNMLLKRHJFFBM98CA,47,171.18,住家用,鋼筋混凝土加強磚造,56年1月31日,三層,一層 二層 三層
RPUNMLLKRHJFFBM98CA,22,334.29,住商用,鋼筋混凝土造,81年12月11日,五層,一層 二層 三層 四層 五層 騎樓 夾層
RPPNMLQJRHJFFBM88CA,1,190.48,住家用,鋼筋混凝土造,102年9月18日,四層,一層 二層 三層 四層 陽台
RPWNMLNLIIJFFAM58CA,21,810.19,營業室、雨棚、車棚、梯間、廁所、員工休息室,鋼筋混凝土造,82年6月29日,二層,一層 二層 屋頂突出物
RPQNMLMKRHJFFAM58CA,8,184.82,住家用,鋼筋混凝土造,96年1月3日,三層,一層 二層 三層 陽台 屋頂突出物 雨遮
RPRNMLMKRHJFFAM68CA,8,184.82,住家用,鋼筋混凝土造,96年1月3日,三層,一層 二層 三層 陽台 屋頂突出物 雨遮
RPVNMLTLRHJFFAM27CA,,288.35,住家用,鋼筋混凝土造,102年12月3日,四層,一層 二層 三層 四層 陽台
RPPNMLRKRHJFFAM98CA,11,160.17,住家用,鋼筋混凝土造,92年4月22日,三層,一層 二層 三層 屋頂突出物
RPUNMLQKRHJFFAM76CA,20,131.48,住家用,鋼筋混凝土造,83年7月19日,三層,一層 二層 三層 陽台 花台 夾層
RPSNMLNLRHJFFAM98CA,1,194.26,住宅、停車空間,鋼筋混凝土造,103年1月28日,四層,一層 二層 三層 四層 陽台
RPTNMLKMRHJFFAM88CA,18,195.23,住商用,鋼筋混凝土造,86年1月5日,三層,一層 二層 三層 陽台 屋頂突出物 騎樓
RPQNMLPJRHJFFAM78CA,35,85.65,住家用,鋼筋混凝土加強磚造,68年10月22日,二層,一層 二層
RPRNMLQJRHJFFBM09CA,1,209.95,住家用,鋼筋混凝土造,103年1月17日,三層,一層 二層 三層 陽台 雨遮 見其他登記事項
RPSNMLPJRHJFFBM09CA,20,178.46,住家用,鋼筋混凝土造,83年10月19日,三層,一層 二層 三層 陽台 電梯樓梯間
RPWNMLKKRHJFFCM56CA,20,240.59,住商用,鋼筋混凝土造,83年5月24日,四層,一層 二層 三層 四層 陽台 平台 騎樓 花台
RPQNMLKKRHJFFCM58CA,35,134.98,住商用,加強磚造,68年4月10日,二層,一層 二層
RPQOMLTLRHJFFBM96CA,20,96.81,住家用,鋼筋混凝土造,83年4月11日,八層,三層 陽台 花台
RPQOMLTLRHJFFBM96CA,20,34.23,防空避難室、停車場、機械室、門廳、車道、梯間,鋼筋混凝土造,83年4月11日,八層,
RPRNMLQKRHJFFDM76CA,21,217.57,住商用,鋼筋混凝土造,83年1月12日,四層,一層 二層 三層 四層 陽台 騎樓 露台
RPTNMLMKRHJFFDM56CA,,105.60,商業用,鋼造,,一層,一層
RPSNMLTJRHJFFDM07CA,37,76.50,住家用,加強磚造,66年4月6日,二層,一層 二層 陽台
RPPNMLSKRHJFFDM76CA,18,23.16,集合住宅,鋼筋混凝土造,85年3月9日,七層,二層 陽台
RPPNMLSKRHJFFDM76CA,18,3.84,防空避難室、停車空間、門廳、屋頂突出物等公共設施,鋼筋混凝土造,85年3月9日,七層,
RPQNMLTJRHJFFBM66CA,35,86.94,住家用,鋼筋混凝土加強磚造,67年6月30日,二層,一層 二層
RPPNMLLKRHJFFCM58CA,22,161.62,住家用,鋼筋混凝土造,81年7月14日,十層,九層 十層 陽台 露台 見其他登記事項
RPPNMLLKRHJFFCM58CA,22,49.76,共有部份,鋼筋混凝土造,81年7月14日,地下層,
RPRNMLLKRHJFFCM78CA,22,150.01,住家用,鋼筋混凝土造,81年7月14日,十層,九層 十層 陽台 露台 見其他登記事項
RPRNMLLKRHJFFCM78CA,22,50.81,共有部份,鋼筋混凝土造,81年7月14日,地下層,
RPQNMLNLRHJFFBM88CA,,175.22,住宅、樓梯間,鋼筋混凝土造,103年2月17日,三層,一層 二層 三層 陽台 見其他登記事項
RPQNMLMKRHJFFBM68CA,2,338.56,住家用,鋼筋混凝土造,101年12月10日,五層,一層 二層 三層 四層 五層 陽台
RPPOMLKKRHJFFAM38CA,16,76.63,住家用,鋼筋混凝土造,88年2月12日,十二層,十一層 陽台
RPXNMLRKRHJFFAM17CA,7,229.23,農舍,鋼筋混凝土造,96年12月18日,三層,一層 二層 三層 屋頂突出物 見其他登記事項
RPSNMLPKRHJFFCM66CA,40,84.24,住家用,鋼筋混凝土加強磚造,63年4月24日,二層,一層 二層
RPTNMLLKRHJFFCM98CA,,109.26,住家用,鋼筋混凝土造,103年5月13日,四層,一層 二層 三層 四層 陽台 雨遮
RPTNMLLKRHJFFCM98CA,,109.26,住家用,鋼筋混凝土造,103年5月13日,四層,一層 二層 三層 四層 陽台 雨遮
RPUNMLLJIIJFFCM18CA,12,99.83,住家用,鋼筋混凝土造,91年3月29日,三層,一層 二層 三層 陽台
RPWNMLNLRHJFFCM96CA,40,78.48,住家用,鋼筋混凝土加強磚造,63年11月19日,二層,一層 二層
RPTNMLTJRHJFFDM17CA,16,71.85,集合住宅,鋼筋混凝土造,87年11月17日,八層,七層 陽台
RPQNMLLKRHJFFDM78CA,20,193.36,住家用,鋼筋混凝土造,83年7月18日,四層,一層 二層 三層 四層 陽台 平台 水箱 電梯樓梯間
RPPOMLTLRHJFFCM96CA,18,.07,管理員室,鋼筋混凝土造,85年2月9日,十五層,
RPPOMLTLRHJFFCM96CA,18,139.06,集合住宅,鋼筋混凝土造,85年2月9日,十五層,八層 陽台
RPPOMLTLRHJFFCM96CA,18,31.34,走道、機械房、門廳、騎樓、防空避難室兼停車場、梯間,鋼筋混凝土造,85年2月9日,十五層,
RPPOMLTLRHJFFCM96CA,18,18.19,走道、機械房、門廳、騎樓、防空避難室兼停車場、梯間,鋼筋混凝土造,85年2月9日,十五層,
RPOOMLSKRHJFFCM66CA,20,100.86,集合住宅,鋼筋混凝土造,83年5月26日,五層,二層 陽台 花台
RPOOMLSKRHJFFCM66CA,20,19.09,公共設施,鋼筋混凝土造,83年5月26日,五層,
RPROMLKKRHJFFAM58CA,20,145.03,住家用,鋼筋混凝土造,83年10月19日,四層,一層 二層 三層 四層
RPQOMLKKRHJFFAM48CA,37,80.12,住商用,鋼筋混凝土加強磚造,66年7月25日,二層,一層 二層
RPQNMLLKRHJFFBM58CA,16,178.58,住家用,鋼筋混凝土造,87年11月6日,三層,一層 二層 三層 陽台 平台 屋頂突出物
RPQNMLQKRHJFFBM09CA,33,93.84,住家用,加強磚造,71年1月24日,二層,一層 二層 陽台
RPVNMLPKRHJFFBM86CA,19,159.59,住家用,鋼筋混凝土造,84年11月17日,三層,一層 二層 三層 陽台 平台 電梯樓梯間
RPSNMLQKRHJFFAM56CA,6,217.95,門廊、停車空間、店舖、住宅,鋼筋混凝土造,97年4月22日,四層,一層 二層 三層 四層 陽台
RPUNMLRKRHJFFAM86CA,19,91.77,住家用,鋼筋混凝土造,84年2月16日,十三層,六層 陽台 花台
RPUNMLRKRHJFFAM86CA,19,23.87,辦公室、康樂室、電梯、門廳、機房、水箱、平臺、瞭望臺、梯間、變電室、機械室,鋼筋混凝土造,84年2月16日,十三層,
RPUNMLRKRHJFFAM86CA,19,20.24,停車空間,鋼筋混凝土造,84年2月16日,十三層,
RPWNMLQKRHJFFAM96CA,18,131.92,住商用,鋼筋混凝土造,85年4月10日,七層,一層 二層 騎樓
RPPNMLQKRHJFFCM09CA,13,245.05,住商用,鋼筋混凝土造,90年6月21日,三層,一層 二層 三層 陽台 屋頂突出物
RPWNMLLKRHJFFCM66CA,33,145.20,住家用,加強磚造,70年10月15日,二層,一層 二層 陽台 騎樓
RPRNMLTKRHJFFCM96CA,2,439.24,人行道、店舖、樓梯間,鋼筋混凝土造,101年8月13日,四層,一層 二層 三層 四層 陽台 騎樓 見其他登記事項
RPWNMLOLRHJFFCM07CA,8,1383.42,農業設施（香菇寮）,鋼骨造,95年8月17日,一層,一層
RPWNMLOLRHJFFCM07CA,8,162.72,農舍,鋼骨造,95年8月8日,一層,一層
RPRNMLKMRHJFFCM88CA,16,56.52,集合住宅,鋼筋混凝土造,87年12月31日,八層,七層 陽台
RPRNMLKMRHJFFCM88CA,16,24.07,停車場．避難室,鋼筋混凝土造,87年12月31日,八層,
RPOOMLQLRHJFFBM09CA,22,142.12,住家用,鋼筋混凝土造,81年8月27日,三層,一層 二層 三層 陽台 騎樓
RPPNMLQLRHJFFBM09CA,20,90.24,住家用,鋼筋混凝土造,83年10月29日,八層,七層 陽台
RPPNMLQLRHJFFBM09CA,20,34.49,防空避難室、停車場、梯間、機械間、水箱,鋼筋混凝土造,83年10月29日,八層,
RPRNMLMKRHJFFDM98CA,16,88.23,集合住宅,鋼筋混凝土造,87年11月17日,八層,八層 陽台
RPQNMLOJIIJFFBM97CA,,202.71,住宅、樓梯間,鋼筋混凝土造,103年5月22日,三層,一層 二層 三層 陽台 見其他登記事項
RPQNMLRKRHJFFDM76CA,18,59.10,商業用,鋼筋混凝土造,85年3月9日,七層,一層 平台
RPPNMLTKRHJFFDM86CA,20,178.20,住家用,加強磚造,83年7月27日,二層,一層 二層 陽台 騎樓
RPPNMLSJIIJFFBM28CA,36,222.75,住商用,鋼筋混凝土加強磚造,67年1月19日,三層,一層 二層 三層 騎樓
RPWOMLPLRHJFFCM27CA,,96.19,住宅、樓梯間,鋼筋混凝土造,103年5月5日,三層,一層 二層 三層 陽台 見其他登記事項
RPWOMLPLRHJFFCM27CA,,96.19,住宅、樓梯間,鋼筋混凝土造,103年5月5日,三層,一層 二層 三層 陽台 見其他登記事項
RPVNMLPLRHJFFBM96CA,41,109.00,住家用,鋼筋混凝土加強磚造,62年5月4日,二層,一層 二層
RPPOMLNLRHJFFCM98CA,22,174.93,農舍,鋼架造有牆,81年3月12日,一層,一層
RPOOMLTJIIJFFCM48CA,21,273.00,工業用,鋼筋混凝土造,83年2月2日,三層,一層 二層 三層 陽台 平台 屋頂突出物 騎樓 花台
RPPOMLTJIIJFFCM58CA,21,273.00,工業用,鋼筋混凝土造,83年2月2日,三層,一層 二層 三層 陽台 平台 屋頂突出物 騎樓 花台
RPSNMLSKRHJFFCM96CA,33,110.82,住家用,鋼筋混凝土加強磚造,70年3月25日,三層,一層 二層 三層
RPWNMLPKRHJFFBM96CA,20,105.95,住家用,鋼筋混凝土造,83年11月7日,十三層,八層 陽台 花台
RPPOMLNLRHJFFBM88CA,20,154.79,住家用,鋼筋混凝土造,83年9月3日,三層,一層 二層 三層 陽台 騎樓 電梯樓梯間
RPRNMLQLRHJFFAM56CA,8,120.58,住家用,鋼筋混凝土造,95年11月16日,三層,一層 二層 三層 陽台
RPRNMLQLRHJFFAM56CA,8,40.34,停車空間,鋼筋混凝土造,95年11月16日,一層,
RPXNMLNLRHJFFCM07CA,22,130.76,住家用,鋼筋混凝土造,81年12月14日,二層,一層 二層
RPTNMLOLRHJFFDM86CA,23,107.74,住家用,鋼筋混凝土造,80年6月28日,三層,一層 二層 三層 陽台 平台 屋頂突出物
RPTNMLOLRHJFFDM86CA,23,107.74,住家用,鋼筋混凝土造,80年6月28日,三層,一層 二層 三層 陽台 平台 屋頂突出物
RPPNMLRKRHJFFBM56DA,23,23.45,住家用,鋼筋混凝土造,80年9月20日,九層,五層 陽台
RPPNMLRKRHJFFBM56DA,23,8.66,梯間、通道、機房、水箱,鋼筋混凝土造,80年9月20日,九層,
RPPNMLRKRHJFFBM56DA,23,4.71,避難室、梯間、變電室、水箱、機械室,鋼筋混凝土造,80年9月20日,十一層,
RPQNMLPLRHJFFDM66CA,18,180.59,住家用,鋼筋混凝土造,86年1月10日,四層,一層 二層 三層 四層 陽台 露台 見其他登記事項
RPTNMLMJIIJFFAM97CA,1,254.60,住宅、樓梯間、水箱間,鋼筋混凝土造,102年10月15日,三層,一層 二層 三層 陽台 屋頂突出物
RPWNMLMLRHJFFAM76DA,19,135.00,住家用,鋼筋混凝土造,84年3月15日,三層,一層 二層 三層
RPTNMLQKRHJFFDM96CA,35,92.40,住商用,鋼筋混凝土加強磚造,69年2月11日,二層,一層 二層 騎樓
RPSNMLNLRHJFFDM66CA,19,172.06,住商用,鋼筋混凝土造,85年2月10日,四層,一層 二層 三層 四層 陽台 地下層
RPQOMLTLRHJFFCM07CA,20,11.68,防空避難室、停車空間、梯間、通道、機械室、水箱,鋼筋混凝土造,83年11月28日,九層,
RPQOMLTLRHJFFCM07CA,20,30.29,集合住宅,鋼筋混凝土造,83年11月28日,九層,七層 陽台
RPVOMLRKRHJFFCM27CA,19,175.01,住家用,鋼筋混凝土造,84年12月30日,四層,一層 二層 三層 四層 陽台 平台 花台
RPXNMLQLRHJFFAM17CA,36,105.32,住商用,鋼筋混凝土加強磚造,67年9月20日,二層,一層 二層 騎樓
RPQOMLTJIIJFFCM68CA,21,273.00,工業用,鋼筋混凝土造,83年2月2日,三層,一層 二層 三層 陽台 平台 屋頂突出物 騎樓 花台
RPSOMLTJIIJFFCM88CA,2,8.00,市場攤位,鋼筋混凝土造,101年8月13日,四層,
RPVNMLSKRHJFFBM17CA,2,200.98,集合住宅、停車空間、門廊,鋼筋混凝土造,102年1月29日,三層,一層 二層 三層 陽台 雨遮
RPPNMLRJIIJFFAM08CA,13,38.61,住家用,鋼筋混凝土造,90年8月16日,五層,三層
RPPNMLRJIIJFFAM08CA,13,7.73,公共設施,鋼筋混凝土造,90年8月16日,五層,
RPRNMLMJIIJFFCM97CA,18,170.87,人行道、店舖、住宅,鋼筋混凝土造,85年4月20日,三層,一層 二層 三層 陽台 平台 屋頂突出物 騎樓
RPXNMLTLRHJFFCM67CA,42,96.44,住家用,鋼筋混凝土加強磚造,62年2月10日,二層,一層 二層
RPQNMLRLRHJFFCM76CA,1,12.00,農舍,鋼鐵造有牆,102年7月3日,一層,一層
RPSNMLMJIIJFFAM87CA,6,187.05,住家用,鋼筋混凝土造,97年4月10日,四層,一層 二層 三層 四層 陽台
RPTOMLTLRHJFFCM37CA,19,83.54,集合住宅,鋼筋混凝土造,84年10月2日,七層,三層 陽台
RPTNMLTKRHJFFCM17CA,,218.53,住家用,鋼筋混凝土造,103年5月13日,四層,一層 二層 三層 四層 陽台 雨遮
RPQNMLTKRHJFFCM86CA,20,26.05,集合住宅,鋼筋混凝土造,83年10月13日,十二層,八層 花台
RPQNMLTKRHJFFCM86CA,20,25.91,集合住宅,鋼筋混凝土造,83年10月13日,十二層,八層 花台
RPQNMLTKRHJFFCM86CA,20,13.85,避難室、停車場、梯間、走廊、門廳、騎樓、車道、屋頂突出物、管道間,鋼筋混凝土造,83年10月13日,十二層,
RPQNMLTKRHJFFCM86CA,20,13.88,避難室、停車場、梯間、走廊、門廳、騎樓、車道、屋頂突出物、管道間,鋼筋混凝土造,83年10月13日,十二層,
RPRNMLNLRHJFFDM56CA,38,106.83,住家用,加強磚造,65年6月26日,二層,一層 二層 騎樓
RPWNMLSKRHJFFBM37DA,31,79.20,國民住宅,鋼筋混凝土造,72年4月12日,四層,二層 陽台
RPWNMLSKRHJFFBM37DA,31,5.40,國民住宅,鋼筋混凝土造,72年4月12日,四層,
RPWNMLSKRHJFFBM37DA,31,1.68,國民住宅,鋼筋混凝土造,72年4月12日,四層,
RPWNMLSKRHJFFBM37DA,31,.84,國民住宅,鋼筋混凝土造,72年4月12日,四層,
RPSNMLLJIIJFFDM08CA,44,80.49,住商用,鋼筋混凝土加強磚造,59年10月15日,三層,一層 二層 三層
RPTNMLLJIIJFFBM97CA,30,88.77,住家用,鋼筋混凝土造,73年9月1日,三層,一層 二層 三層
RPXNMLOKIIJFFCM98DA,25,4.63,商業用,鋼筋混凝土造,78年6月29日,七層,一層
RPXNMLOKIIJFFCM98DA,25,4.63,商業用,鋼筋混凝土造,78年6月29日,七層,一層
RPVNMLOLRHJFFDM07CA,37,76.72,住家用,鋼筋混凝土加強磚造,67年1月1日,一層,一層
RPTNMLTJIIJFFDM98CA,1,249.36,集合住宅、樓梯間及水箱,鋼筋混凝土造,102年8月23日,三層,一層 二層 三層 陽台 屋頂突出物
RPPNMLMLRHJFFBM78DA,20,33.69,住家用,鋼筋混凝土造,83年3月16日,七層,三層 陽台
RPPNMLMLRHJFFBM78DA,20,10.52,防空避難室、梯間、屋頂突出物,鋼筋混凝土造,83年3月16日,七層,
RPSOMLNLRHJFFCM66CA,19,131.17,店舖、住宅、人行道,鋼筋混凝土造,84年4月6日,三層,一層 二層 三層 陽台 平台 騎樓 雨遮
RPTNMLKMRHJFFCM09CA,42,94.25,住家用,鋼筋混凝土加強磚造,61年5月5日,二層,一層 二層
RPQNMLPJJIJFFBM18CA,10,188.25,農舍,鋼筋混凝土造、鋼鐵造有牆,94年2月3日,一層,一層
RPRNMLOLRHJFFCM56CA,33,124.32,店舖、住宅、梯間、人行道,加強磚造,70年6月1日,二層,一層 二層 陽台 騎樓 電梯樓梯間
RPPOMLLJIIJFFCM77CA,23,57.15,農舍,加強磚造,80年7月24日,一層,一層
RPRNMLTKRHJFFAM76CA,21,69.95,住家用,鋼筋混凝土造,83年2月17日,五層,二層 陽台 花台
RPPNMLPLRHJFFAM88CA,14,121.19,住家用,鋼骨造,89年10月12日,二層,一層 二層 陽台 屋頂突出物
RPQNMLNJIIJFFAM77CA,,95.94,住家用,鋼筋混凝土造,,二層,一層 二層
RPWNMLNJIIJFFAM38CA,35,106.70,住家用,鋼筋混凝土加強磚造,68年8月14日,二層,一層 二層
RPSNMLKMRHJFFCM98CA,19,157.42,住家用,鋼筋混凝土造,84年12月30日,四層,一層 二層 三層 四層 陽台 平台 花台
RPPNMLRJIIJFFCM28CA,10,98.08,集合住宅,鋼筋混凝土造,93年11月16日,九層,九層 陽台
RPPNMLRJIIJFFCM28CA,10,40.27,騎樓、車道、梯間、多功能會議室、機房,鋼筋混凝土造,93年11月16日,九層,
RPSNMLMLRHJFFCM09CA,34,94.20,住家用,鋼筋混凝土加強磚造,70年1月13日,二層,一層 二層
RPQOMLOLRHJFFCM56CA,37,70.13,住家用,加強磚造,66年5月4日,二層,一層 二層
RPWNMLOKIIJFFCM88DA,25,8.33,商業用,鋼筋混凝土造,78年6月29日,七層,一層
RPWNMLOKIIJFFCM88DA,25,8.33,商業用,鋼筋混凝土造,78年6月29日,七層,一層
RPQNMLMKIIJFFEM18CA,5,179.50,住宅、梯間,ＲＣ造,98年9月8日,三層,一層 二層 三層 陽台 見其他登記事項
RPQNMLOLRHJFFCM56DA,19,157.12,住家用,鋼筋混凝土造,84年12月30日,四層,一層 二層 三層 四層 陽台 平台 花台
RPRNMLLLIIJFFCM08CA,33,380.19,住商用,鋼筋混凝土造,70年7月15日,四層,一層 二層 三層 四層 騎樓
RPRNMLOLRHJFFBM09CA,1,251.93,住家用,鋼筋混凝土造,102年5月28日,四層,一層 二層 三層 四層 陽台
RPQOMLNLRHJFFCM09CA,15,165.21,商業用,鋼筋混凝土造,88年12月2日,七層,一層 二層 三層 騎樓
RPQOMLNLRHJFFCM09CA,15,12.10,梯間．機房．水箱．受電室,鋼筋混凝土造,88年12月2日,七層,
RPQOMLNLRHJFFCM09CA,15,54.84,防空避難室,鋼筋混凝土造,88年12月2日,七層,
RPWNMLNLRHJFFAM76CA,25,145.68,住商用,鋼筋混凝土造,78年9月20日,三層,一層 二層 三層 騎樓
RPPNMLKMRHJFFAM48CA,33,84.00,住家用,加強磚造,70年4月1日,二層,一層 二層
RPTNMLNLRHJFFBM56CA,20,150.06,住家用,鋼筋混凝土造,83年6月28日,四層,
RPWNMLNLRHJFFBM86CA,32,103.83,住商用,鋼筋混凝土造,71年9月15日,二層,一層 二層
RPTNMLRJIIJFFCM68CA,20,31.99,集合住宅,鋼筋混凝土造,83年10月13日,十二層,六層 陽台
RPTNMLRJIIJFFCM68CA,20,18.89,避難室、停車場、梯間、走廊、門廳、騎樓、車道、屋頂突出物、管道間,鋼筋混凝土造,83年10月13日,十二層,
RPXNMLOLRHJFFCM17CA,10,154.70,住家用,鋼筋混凝土造,93年10月13日,四層,一層 二層 三層 四層 陽台
RPTNMLTLRHJFFCM27CA,20,24.76,集合住宅,鋼筋混凝土造,83年10月13日,十二層,八層
RPTNMLTLRHJFFCM27CA,20,13.00,避難室、停車場、梯間、走廊、門廳、騎樓、車道、屋頂突出物、管道間,鋼筋混凝土造,83年10月13日,十二層,
RPUNMLLJIIJFFBM08CA,21,89.50,住家用,鋼筋混凝土造,82年12月21日,十二層,六層 陽台 花台
RPUNMLLJIIJFFBM08CA,21,13.80,防空避難室、停車空間、水塔、機械房、梯間、膫望台,鋼筋混凝土造,82年12月21日,十二層,
RPPNMLPLRHJFFBM98CA,20,61.73,住家用,鋼筋混凝土造,83年4月11日,八層,七層 陽台
RPPNMLPLRHJFFBM98CA,20,30.23,防空避難室、停車場、機械室、門廳、車道、梯間,鋼筋混凝土造,83年4月11日,八層,
RPQOMLQLRHJFFBM66CA,10,157.04,住家用,鋼筋混凝土造,93年10月18日,四層,一層 二層 三層 四層 陽台
RPSNMLNJIIJFFCM28DA,36,73.88,住家用,加強磚造,67年10月1日,一層,一層
RPRNMLOKIIJFFBM18CA,,165.64,住宅、樓梯間,鋼筋混凝土造,103年4月18日,三層,一層 二層 三層 陽台 見其他登記事項
RPQNMLPLRHJFFEM86DA,21,182.60,住家用,鋼筋混凝土造,82年8月2日,三層,一層 二層 三層 屋頂突出物
RPRNMLPLRHJFFDM76CA,15,181.33,住家用,鋼筋混凝土造,88年5月12日,三層,一層 二層 三層 陽台 電梯樓梯間
RPPNMLPLRHJFFCM09CA,26,141.42,住家用,鋼筋混凝土造,77年5月26日,二層,一層 二層
RPUNMLQLRHJFFCM07CA,19,154.72,住家用,鋼筋混凝土造,84年12月30日,三層,一層 二層 三層 陽台 平台 花台
RPTNMLQKIIJFFCM68CA,19,86.80,集合住宅,鋼筋混凝土造,85年2月9日,十五層,十二層 陽台
RPPNMLQKIIJFFCM28CA,35,149.65,住家用,加強磚造．磚木造,68年8月10日,二層,一層 二層 騎樓
RPTNMLQKIIJFFCM68CA,19,20.94,走道、機械房、門廳、騎樓、防空避難室兼停車場、梯間,鋼筋混凝土造,85年2月9日,十五層,
RPPNMLQKIIJFFCM28CA,35,149.65,住家用,加強磚造．磚木造,68年8月10日,二層,一層 二層 騎樓
RPPNMLRLRHJFFAM09CA,21,84.71,住家用,鋼筋混凝土造,82年8月28日,六層,五層 陽台
RPRNMLKMRHJFFAM68CA,20,94.61,住家用,鋼筋混凝土造,83年11月9日,十六層,四層 陽台
RPRNMLKMRHJFFAM68CA,20,14.11,騎樓、人行道、梯間、避難室、機械室,鋼筋混凝土造,83年11月9日,十六層,
RPQNMLQLRHJFFAM09CA,11,64.09,住家用,鋼筋混凝土造,92年8月21日,四層,二層 陽台
RPTOMLPLRHJFFCM96CA,34,75.74,住家用,加強磚造,69年5月22日,一層,一層 騎樓
RPUOMLPLRHJFFCM07CA,33,59.20,住家用,加強磚造,70年8月10日,二層,一層 二層
RPXNMLQLRHJFFBM27CA,43,403.48,工商用,,60年6月21日,一層,
RPPNMLQLRHJFFDM66CA,16,190.61,住家用,鋼筋混凝土造,87年10月1日,三層,一層 二層 三層 陽台
RPSNMLQLRHJFFBM86DA,26,151.22,住家用,加強磚造,77年12月13日,二層,一層 二層 陽台 騎樓 電梯樓梯間
RPSNMLQLRHJFFBM86DA,26,151.22,住家用,加強磚造,77年12月13日,二層,一層 二層 陽台 騎樓 電梯樓梯間
RPQNMLQLRHJFFDM76CA,21,218.59,住商用,鋼筋混凝土造,83年1月12日,三層,一層 二層 三層 陽台 騎樓 電梯樓梯間
RPQNMLKLIIJFFEM08CA,19,119.29,農舍,木造,84年8月2日,一層,一層
RPSNMLTJIIJFFDM88CA,33,159.48,住商用,鋼筋混凝土加強磚造,70年11月25日,三層,一層 二層 三層 騎樓
RPQOMLKLIIJFFCM97CA,24,222.81,住家用,鋼筋混凝土造,79年7月4日,四層,一層 二層 三層 四層
RPQNMLQKIIJFFBM28CA,46,75.64,住家用,鋼筋混凝土加強磚造,57年4月5日,二層,一層 二層
RPWNMLQKIIJFFCM98CA,20,18.29,防空避難室、停車空間、梯間、通道、機械室、水箱,鋼筋混凝土造,83年11月28日,九層,
RPWNMLQKIIJFFCM98CA,20,47.46,集合住宅,鋼筋混凝土造,83年11月28日,九層,四層 陽台
RPWNMLNKIIJFFAM48CA,39,107.10,商業用,鋼筋混凝土加強磚造,64年7月1日,二層,一層 二層 騎樓
RPPNMLOKIIJFFAM87CA,7,213.36,住家用,鋼筋混凝土造,96年5月11日,四層,一層 二層 三層 四層 陽台 屋頂突出物 雨遮
RPQNMLLJIIJFFBM67CA,21,55.04,住家用,鋼筋混凝土造,82年5月27日,七層,三層 陽台 花台
RPQNMLLJIIJFFBM67CA,21,11.08,防空避難室、停車場、穿透走廊,鋼筋混凝土造,82年5月27日,七層,
RPQNMLLJIIJFFBM67CA,21,8.95,門廳、梯間、機械室、水塔,鋼筋混凝土造,82年5月27日,七層,
RPPNMLSLIIJFFDM68CA,,120.00,農舍,見其他登記事項,103年7月21日,一層,
RPRNMLKMRHJFFBM78CA,36,98.18,住家用,鋼筋混凝土加強磚造,68年2月22日,二層,一層 二層
RPQNMLMJIIJFFCM87CA,3,485.44,住家用,鋼筋混凝土造,100年12月28日,四層,一層 二層 三層 四層
RPPNMLSLRHJFFCM76CA,23,194.93,住商用,鋼筋混凝土造,80年5月14日,三層,一層 二層 三層 騎樓
RPPNMLTLRHJFFAM66CA,12,158.18,住家用,鋼筋混凝土造,91年7月10日,三層,一層 二層 三層 屋頂突出物
RPQNMLRLRHJFFAM56CA,14,82.66,住家用,鋼筋混凝土造,90年3月2日,三層,一層 二層 三層 陽台 屋頂突出物
RPQNMLRLRHJFFAM56CA,14,82.66,住家用,鋼筋混凝土造,90年3月2日,三層,一層 二層 三層 陽台 屋頂突出物
RPVNMLQLRHJFFAM96CA,17,86.72,住家用,鋼筋混凝土造,86年9月19日,十四層,五層 陽台
RPQNMLTJIIJFFAM38CA,40,831.89,住工用,見其他登記事項,63年6月1日,二層,
RPTNMLRJIIJFFAM48CA,34,115.20,住商用,鋼筋混凝土加強磚造,69年10月1日,二層,一層 二層 騎樓
RPQNMLLJIIJFFAM57CA,46,1101.55,營業室、會議室、辦公室、避難室,鋼筋混凝土加強磚造,57年8月31日,四層,一層 二層 三層 四層 騎樓 地下層
RPROMLTLRHJFFCM17CA,20,103.69,住家用,鋼筋混凝土造,83年8月13日,十五層,十一層 陽台 花台
RPOOMLOKIIJFFCM08CA,34,80.44,住家用,鋼筋混凝土加強磚造,70年1月9日,二層,一層 二層
RPTNMLQKIIJFFBM58CA,2,310.42,住宅、樓梯間,鋼筋混凝土造,102年2月21日,三層,一層 二層 三層 陽台 見其他登記事項
RPVNMLQKIIJFFBM78CA,10,105.09,集合住宅,鋼筋混凝土造,93年3月22日,七層,七層 陽台
RPVNMLQKIIJFFBM78CA,10,57.99,社區活動室、梯廳、梯間、防空避難室兼停車空間、機械室、水箱,鋼筋混凝土造,93年3月22日,七層,
RPRNMLRKIIJFFBM48CA,20,137.58,住家用,鋼筋混凝土造,84年3月8日,三層,一層 二層 三層 陽台 平台
RPWNMLRKIIJFFAM88CA,25,151.04,住家用,加強磚造,78年7月7日,二層,一層 二層
RPQNMLPKIIJFFDM38CA,5,92.16,農舍,輕鋼架造,98年5月21日,一層,一層
RPRNMLLJIIJFFDM97CA,17,204.70,住家、人行道,鋼筋混凝土造,86年12月23日,二層,一層 二層 陽台 騎樓 電梯樓梯間
RPRNMLNJIIJFFDM28DA,13,104.33,住商用,鋼筋混凝土造,90年7月17日,三層,一層 二層 三層 陽台 屋頂突出物 騎樓
RPTNMLKMRHJFFDM66DA,7,133.13,住家用,鋼筋混凝土造,96年4月13日,二層,一層 二層 陽台 雨遮
RPSNMLNJIIJFFBM18DA,35,85.47,住家用,鋼筋混凝土加強磚造,68年7月28日,一層,
RPWNMLKLIIJFFCM48CA,35,129.50,住商用,鋼筋混凝土造,68年10月22日,二層,一層 二層 騎樓
RPXNMLOKIIJFFBM78CA,1,229.46,住家用,鋼筋混凝土造,102年3月8日,四層,一層 二層 三層 四層 陽台 雨遮
RPUNMLMLIIJFFCM48CA,34,87.62,住家用,加強磚造,69年5月21日,二層,一層 二層
RPUOMLRKIIJFFBM88CA,19,88.59,住家用,鋼筋混凝土造,84年7月19日,八層,五層 陽台
RPUOMLRKIIJFFBM88CA,19,42.89,防空避難室兼停車空間、梯間、門廳、水塔、機械房,鋼筋混凝土造,84年7月19日,八層,
RPQNMLSKIIJFFBM48CA,1,234.87,人行道、店舖、住宅、水箱間,鋼筋混凝土造,102年12月5日,三層,一層 二層 三層 陽台 騎樓 見其他登記事項
RPWNMLSJIIJFFCM09CA,42,54.83,住家用,鋼筋混凝土加強磚造,61年9月7日,一層,一層
RPQNMLQJIIJFFCM28CA,96,45.46,住商用,木造,7年1月1日,一層,一層 騎樓
RPSNMLNLIIJFFAM18CA,,237.62,住家用,鋼筋混凝土造,102年12月3日,四層,一層 二層 三層 四層 陽台
RPSOMLRKIIJFFAM58CA,40,173.27,住商用,鋼筋混凝土加強磚造,63年8月15日,三層,一層 二層 三層 騎樓
RPTOMLRJIIJFFAM58CA,34,140.80,,鋼筋混凝土加強磚造,70年1月1日,二層,一層 二層 騎樓
RPUOMLRJIIJFFAM68CA,21,130.27,住家用,鋼筋混凝土造,82年6月23日,二層,一層 二層 騎樓
RPPNMLSJIIJFFAM18CA,23,155.20,住商用,鋼筋混凝土造,80年9月26日,三層,一層 二層 三層 騎樓
RPVOMLNJIIJFFCM58CA,15,431.25,農舍,ＲＣ加強磚造、鋼骨造、磚造,88年6月15日,二層,一層 二層 陽台
RPVNMLNJIIJFFCM48CA,19,122.13,住家用,鋼筋混凝土造,84年7月13日,三層,一層 二層 三層 陽台 平台 雨遮
RPQOMLSJIIJFFCM58CA,3,193.79,住家用,鋼筋混凝土造,101年1月16日,三層,一層 二層 三層 陽台 雨遮
RPROMLRKIIJFFBM58CA,20,173.59,住家用,鋼筋混凝土造,83年10月19日,三層,一層 二層 三層 陽台 電梯樓梯間
RPTNMLPKIIJFFCM58CA,37,138.49,住家用,鋼筋混凝土加強磚造,66年5月2日,二層,一層 二層 騎樓
RPTNMLTLIIJFFDM56CA,,225.11,住宅、樓梯間,鋼筋混凝土造,103年6月26日,三層,一層 二層 三層 陽台 見其他登記事項
RPQNMLTJIIJFFBM48CA,15,206.98,住宅、涼棚,鋼筋混凝土造,88年7月23日,三層,一層 二層 三層 陽台
RPTNMLSJIIJFFBM68CA,2,229.46,住家用,鋼筋混凝土造,102年3月8日,四層,一層 二層 三層 四層 陽台 雨遮
RPUNMLTJIIJFFDM09CA,7,214.89,住家用,鋼筋混凝土造,96年7月2日,四層,一層 二層 三層 四層 陽台 屋頂突出物 雨遮
RPROMLKLIIJFFCM08CA,19,157.32,住家用,鋼筋混凝土造,84年11月14日,三層,一層 二層 三層
RPPOMLKLIIJFFCM87CA,19,151.12,人行道、店舖、住房,鋼筋混凝土造,84年10月2日,七層,一層 二層 三層 陽台 騎樓
RPPOMLKLIIJFFCM87CA,19,32.85,公共設施,鋼筋混凝土造,84年10月2日,七層,
RPUNMLRKIIJFFBM78CA,2,309.98,住宅、樓梯間,鋼筋混凝土造,102年2月21日,三層,一層 二層 三層 陽台 見其他登記事項
RPWNMLKLIIJFFBM38CA,2,229.46,住家用,鋼筋混凝土造,102年3月8日,四層,一層 二層 三層 四層 陽台 雨遮
RPVNMLNJIIJFFBM38CA,13,175.32,住家用,鋼筋混凝土造,90年3月26日,三層,一層 二層 三層 陽台 平台
RPPNMLNJIIJFFBM77CA,34,118.65,住家用,加強磚造,69年12月18日,二層,一層 二層 陽台
RPQNMLNJIIJFFBM87CA,34,118.65,住家用,加強磚造,69年12月18日,二層,一層 二層 陽台
RPRNMLQJIIJFFBM28CA,3,441.88,住家用,鋼筋混凝土造,100年12月5日,五層,一層 二層 三層 四層 五層 陽台
RPUNMLNJIIJFFCM38CA,42,50.02,住家用,鋼筋混凝土加強磚造,62年3月14日,一層,一層
RPTNMLQJIIJFFCM58CA,2,199.76,住家用,鋼筋混凝土造,101年4月26日,三層,一層 二層 三層 陽台
RPPNMLQJIIJFFCM18CA,34,76.80,住家用,加強磚造,69年5月22日,一層,一層 騎樓
RPTNMLOLIIJFFAM38CA,24,195.39,住商用,鋼筋混凝土造,79年5月14日,三層,一層 二層 三層 騎樓
RPVNMLRJIIJFFCM88CA,35,89.78,住家用,加強磚造,68年9月29日,二層,一層 二層
RPVNMLRLIIJFFCM09CA,13,209.02,自用農舍,鋼筋混凝土造,90年12月26日,二層,一層 二層 屋頂突出物
RPSOMLMLIIJFFCM38CA,19,144.97,住家用,鋼筋混凝土造,85年1月24日,三層,一層 二層 三層 屋頂突出物
RPSOMLMLIIJFFCM38CA,19,163.66,住家用,鋼筋混凝土造,85年1月24日,三層,一層 二層 三層 屋頂突出物
RPSOMLMLIIJFFCM38CA,19,240.99,住家用,鋼筋混凝土造,85年1月24日,三層,一層 二層 三層 屋頂突出物
RPVOMLTJIIJFFCM56CA,34,65.60,住家用,鋼筋混凝土造,69年10月21日,四層,二層
RPSNMLRJIIJFFBM48CA,7,15.00,農舍,鋼鐵造有牆、鋼筋混凝土造,97年3月10日,一層,一層 雨遮
RPPOMLRKIIJFFBM38CA,33,71.27,住商用,鋼筋混凝土造,70年10月5日,三層,一層 二層 三層 騎樓
RPPNMLLKIIJFFBM67CA,27,92.03,農舍、梯間,加強磚造,76年11月19日,一層,一層 見其他登記事項
RPPNMLLMIIJFFEM18CA,19,123.10,住家用,鋼筋混凝土造,85年1月30日,四層,一層 二層 三層 四層 屋頂突出物
RPRNMLTLIIJFFCM88CA,25,159.58,住商用,鋼筋混凝土造,78年11月3日,三層,一層 二層 三層 騎樓
RPQNMLSJIIJFFEM68CA,27,105.21,住商用,鋼筋混凝土造,76年4月8日,二層,一層 二層 騎樓
RPQNMLLMIIJFFEM28CA,62,68.41,商業用,鐵筋混合磚木,41年7月1日,二層,一層 二層 騎樓
RPPNMLRJIIJFFDM38CA,19,179.62,住家用,鋼筋混凝土造,84年9月26日,四層,一層 二層 三層 四層 陽台 電梯樓梯間
RPQNMLKMIIJFFCM97CA,20,438.52,農舍,鋼筋混凝土造,83年7月2日,二層,一層 二層
RPRNMLRLIIJFFCM68CA,20,75.73,集合住宅,鋼筋混凝土造,83年12月31日,十二層,七層 陽台 花台
RPRNMLRLIIJFFCM68CA,20,17.94,樓梯間、機械房、水箱,鋼筋混凝土造,83年12月31日,十二層,
RPQNMLNLIIJFFCM18CA,9,59.59,住家用,鋼骨造,95年1月27日,一層,一層
RPUOMLKLIIJFFCM38CA,24,222.81,住家用,鋼筋混凝土造,79年7月4日,四層,一層 二層 三層 四層
RPPNMLNKIIJFFBM87CA,24,118.39,住家用,加強磚造,79年4月4日,二層,一層 二層 陽台 電梯樓梯間 夾層
RPPNMLSLIIJFFEM88DA,35,143.91,住商用,鋼筋混凝土加強磚造,68年11月23日,三層,一層 二層 三層 騎樓
RPTNMLRJIIJFFBM58CA,20,19.01,住家用,鋼筋混凝土造,83年7月21日,十三層,十三層 陽台
RPTNMLRJIIJFFBM58CA,20,10.67,停車場、防空避難室、梯間、走道、水箱、機房,鋼筋混凝土造,83年7月21日,十三層,
RPTNMLRLIIJFFAM68CA,20,99.53,住家用,鋼筋混凝土造,83年4月28日,三層,一層 二層 三層 陽台 平台 花台
RPROMLNKIIJFFAM08CA,5,12.00,農舍,鋼鐵造有牆,98年10月2日,一層,一層
RPQNMLNLIIJFFAM97CA,43,147.15,商業用,鋼筋混凝土加強磚造,60年6月3日,三層,一層 二層 三層 騎樓
RPSNMLTJIIJFFAM58CA,20,76.49,住家用,鋼筋混凝土造,83年9月8日,五層,三層 陽台 花台
RPSNMLTJIIJFFAM58CA,20,4.34,機械房、水塔、梯間,鋼筋混凝土造,83年9月8日,五層,
RPUNMLSJIIJFFAM68CA,21,68.44,住家用,鋼筋混凝土造,82年3月22日,八層,六層 陽台
RPUNMLSJIIJFFAM68CA,21,32.91,防空避難室、人行道、電梯,鋼筋混凝土造,82年3月22日,八層,
RPQOMLNKIIJFFAM97CA,18,45.55,住家用,鋼筋混凝土造,85年11月30日,七層,一層 平台
RPQOMLNKIIJFFAM97CA,18,9.90,,鋼筋混凝土造,85年11月30日,七層,
RPSNMLOKIIJFFCM38CA,13,182.50,住家用,鋼筋混凝土造,90年9月13日,三層,一層 二層 三層 陽台
RPUNMLTJIIJFFBM88CA,34,107.95,住家用,鋼筋混凝土加強磚造,69年3月17日,二層,一層 二層 騎樓
RPTOMLRKIIJFFBM78CA,21,82.26,住家用,鋼筋混凝土造,82年5月27日,七層,五層 陽台 花台
RPTOMLRKIIJFFBM78CA,21,17.77,防空避難室、停車場、穿透走廊,鋼筋混凝土造,82年5月27日,七層,
RPTOMLRKIIJFFBM78CA,21,9.38,梯間、機械室、水塔,鋼筋混凝土造,82年5月27日,七層,
RPSNMLRKIIJFFBM58CA,,228.86,住宅、樓梯間,鋼筋混凝土造,103年4月18日,三層,一層 二層 三層 陽台 見其他登記事項
RPVOMLKLIIJFFCM48CA,36,91.86,住商用,鋼筋混凝土加強磚造,67年12月25日,二層,一層 二層 騎樓
RPPNMLKLIIJFFDM87CA,43,71.78,住家用,磚造,60年8月25日,一層,一層
RPOOMLRLIIJFFDM58CA,35,82.82,住商用,加強磚造,68年8月8日,二層,一層 二層 騎樓
RPUOMLLMIIJFFCM58CA,39,71.28,住家用,加強磚造,65年3月17日,一層,一層
RPVNMLNLIIJFFCM68CA,39,90.29,住商用,鋼筋混凝土加強磚造,64年4月1日,二層,一層 二層 騎樓
RPSNMLSJIIJFFDM88DA,7,98.36,住家用,鋼筋混凝土造,96年4月13日,三層,一層 二層 三層 陽台
RPQOMLSJIIJFFBM48CA,44,91.02,住家用,鋼筋混凝土加強磚造,59年9月12日,二層,一層 二層
RPVNMLOKIIJFFBM58CA,20,176.63,住家用,鋼筋混凝土造,83年11月5日,三層,一層 二層 三層 陽台
RPVNMLKLIIJFFBM28CA,16,151.27,住家用,鋼筋混凝土造,87年5月2日,三層,一層 二層 三層 陽台 電梯樓梯間
RPQNMLNKIIJFFCM08CA,28,153.00,住家用,鋼筋混凝土造,75年7月14日,二層,一層 二層
RPRNMLOKIIJFFCM28CA,12,14.35,住家用,鋼鐵造﹝有牆﹞,91年5月23日,一層,
RPSNMLPKIIJFFCM48CA,39,61.92,住家用,鋼筋混凝土加強磚造,64年7月12日,二層,一層 二層
RPRNMLOKIIJFFAM08CA,35,180.39,住商用,鋼筋混凝土加強磚造,68年4月13日,四層,一層 二層 三層 四層 騎樓
RPQQMLKLIIJFFAM97CA,19,151.18,住家用,鋼筋混凝土造,84年6月15日,三層,一層 二層 三層 陽台 屋頂突出物
RPSNMLPKIIJFFAM28CA,38,90.40,住家用,鋼筋混凝土加強磚造,65年10月18日,二層,一層 二層 騎樓
RPPNMLMLIIJFFAM77CA,1,254.60,住宅、樓梯間、水箱間,鋼筋混凝土造,102年10月15日,三層,一層 二層 三層 陽台 屋頂突出物
RPUNMLQKIIJFFAM58CA,18,23.47,住家用,鋼筋混凝土造,85年4月10日,七層,七層 陽台 花台
RPQNMLOLIIJFFAM08CA,17,85.48,住家用,鋼筋混凝土造,86年9月19日,十四層,六層 陽台
RPQNMLOLIIJFFAM08CA,17,21.20,水箱受電室、機房、梯廳、走道、防空避難室,鋼筋混凝土造,86年9月19日,十四層,
RPQNMLNKIIJFFBM97CA,1,190.48,住家用,鋼筋混凝土造,102年9月18日,四層,一層 二層 三層 四層 陽台
RPRNMLNKIIJFFBM08CA,39,91.14,住商用,鋼筋混凝土加強磚造,64年7月8日,二層,一層 二層 騎樓
RPXNMLLMIIJFFBM68CA,26,113.05,住家用,加強磚造,77年12月31日,二層,一層 二層
RPWNMLOKIIJFFBM68CA,8,71.70,住家用,鋼筋混凝土造,95年12月13日,三層,一層 二層 三層 陽台 屋頂突出物
RPQNMLNKIIJFFDM18CA,41,35.26,住家用,磚造、瓦蓋,62年7月1日,一層,一層
RPUNMLQJJIJFFBM68CA,7,429.65,農舍,鋼骨鋼筋混凝土造,96年4月3日,二層,一層 二層 陽台
RPWOMLRKIIJFFAM98CA,35,102.61,住家用,鋼筋混凝土加強磚造,69年2月1日,二層,一層 二層
RPSOMLNKIIJFFAM18CA,22,207.70,住商用,鋼筋混凝土造,82年1月11日,四層,一層 二層 三層 四層 屋頂突出物 騎樓
RPPNMLQKIIJFFAM08CA,11,180.68,住商用,鋼筋混凝土造,92年4月22日,三層,一層 二層 三層 屋頂突出物
RPVNMLNLIIJFFAM48CA,21,126.00,住家用,鋼筋混凝土造,83年2月4日,三層,一層 二層 三層
RPPNMLRKIIJFFEM58CA,8,118.34,住家用,ＲＣ造,96年1月10日,一層,一層
RPPNMLPKIIJFFEM38CA,33,110.56,住家用,鋼筋混凝土加強磚造,70年8月1日,二層,一層 二層
RPQNMLQJJIJFFAM18CA,21,154.51,住家用,鋼筋混凝土造,82年11月20日,三層,一層 二層 三層 陽台 平台 屋頂突出物 花台
RPQNMLQJJIJFFAM18CA,21,.68,住宅、守衛,鋼筋混凝土造,82年11月20日,三層,
RPSNMLRKIIJFFCM68CA,47,111.26,住家用,磚造,56年4月27日,二層,一層 二層 騎樓
RPROMLMLIIJFFCM28CA,19,62.37,集合住宅,鋼筋混凝土造,84年7月17日,七層,一層 平台
RPQPMLKLIIJFFCM08CA,14,313.25,住商用,鋼骨鋼筋混凝土造,89年11月17日,三層,一層 二層 三層 屋頂突出物 騎樓
RPRNMLPLIIJFFDM58CA,29,139.61,住商用,鋼筋混凝土加強磚造,75年3月5日,三層,一層 二層 三層 陽台 騎樓
RPPNMLPLIIJFFDM38CA,37,287.82,住家用,鋼筋混凝土加強磚造,66年12月1日,二層,一層 二層 騎樓
RPPNMLRKIIJFFCM48DA,33,65.15,商業用,鋼筋混凝土造,70年11月5日,一層,
RPPNMLRKIIJFFCM48DA,33,65.15,商業用,鋼筋混凝土造,70年11月5日,一層,
RPXOMLRKIIJFFBM56CA,25,196.39,住家用,鋼筋混凝土造,78年5月11日,二層,
RPUNMLRJJIJFFBM78CA,11,199.38,停車空間、住宅,鋼筋混凝土造,92年3月3日,四層,一層 二層 三層 四層 陽台
RPRNMLKKJIJFFBM87CA,21,137.03,住商用,鋼筋混凝土造,83年3月16日,九層,一層 二層 三層 陽台 平台 花台
RPRNMLKKJIJFFBM87CA,21,49.01,避難室、停車空間、屋頂、水箱、機械室,鋼筋混凝土造,83年3月16日,九層,
RPRNMLQJJIJFFAM28CA,20,253.63,住商用,鋼筋混凝土造,83年8月3日,四層,一層 二層 三層 四層 陽台 屋頂突出物 騎樓
RPPNMLPJJIJFFCM28DA,14,116.09,住家用,鋼筋混凝土造,89年12月28日,二層,一層 二層 陽台 屋頂突出物
RPVNMLNKJIJFFCM68CA,38,64.82,住家用,加強磚造,65年10月1日,二層,一層 二層
RPTNMLLMIIJFFAM18CA,1,210.78,住家用,鋼筋混凝土造,103年1月14日,四層,一層 二層 三層 四層 陽台
RPSNMLMLIIJFFAM08CA,20,199.30,住家用,鋼筋混凝土造,83年7月19日,四層,一層 二層 三層 四層 陽台 地下層
RPSNMLMLIIJFFAM08CA,20,18.44,住家用,鋼筋混凝土造,83年7月19日,四層,
RPVNMLMLIIJFFAM48DA,12,91.14,住家用,鋼筋混凝土造,91年8月15日,四層,一層 二層 三層 四層
RPVNMLMLIIJFFAM48DA,12,91.14,住家用,鋼筋混凝土造,91年8月15日,四層,一層 二層 三層 四層
RPRNMLKLIIJFFBM87CA,16,101.61,住家用,鋼筋混凝土造,88年2月12日,九層,九層 陽台 雨遮
RPRNMLKLIIJFFBM87CA,16,49.14,防空避難室、停車空間、水塔、梯間、機械房、暸望台,鋼筋混凝土造,88年2月12日,九層,
RPPNMLRKIIJFFBM38DA,,233.01,人行道、店舖、住宅、樓梯間,鋼筋混凝土造,103年5月12日,三層,一層 二層 三層 陽台 騎樓 見其他登記事項
RPWNMLOJJIJFFCM78CA,2,192.12,住家用,鋼筋混凝土造,101年4月26日,三層,一層 二層 三層 陽台
RPQNMLLKJIJFFBM87CA,25,113.22,住家用,鋼筋混凝土造,79年3月9日,二層,一層 二層 陽台 屋頂突出物
RPRNMLLKJIJFFCM08CA,24,222.81,住家用,鋼筋混凝土造,79年7月4日,四層,一層 二層 三層 四層
RPSNMLLLIIJFFCM18CA,28,120.11,店舖、住宅、人行道,鋼筋混凝土造,75年10月29日,二層,一層 二層 騎樓
RPPNMLQJJIJFFEM48CA,50,105.10,住家用,磚木造,53年7月1日,一層,一層
RPSOMLKLIIJFFCM18CA,24,224.86,住家用,鋼筋混凝土造,79年7月4日,四層,一層 二層 三層 四層
RPPNMLLLIIJFFCM87CA,17,177.51,住家用,鋼筋混凝土造,87年1月3日,四層,一層 二層 三層 四層 陽台
RPXNMLMLIIJFFCM78CA,19,191.72,住家用,鋼筋混凝土造,84年12月30日,三層,一層 二層 三層 陽台 平台 屋頂突出物 花台
RPPNMLTLIIJFFBM58CA,19,201.79,住家用,鋼筋混凝土造,85年1月12日,三層,一層 二層 三層 陽台 花台 夾層 地下層
RPSNMLMLIIJFFBM18CA,24,157.86,廠房、宿舍（工業區）,鋼筋混凝土造,79年11月22日,三層,一層 二層 三層 陽台
RPUNMLMKJIJFFBM38CA,34,116.16,住家用,鋼筋混凝土加強磚造,69年12月18日,二層,一層 二層
RPTNMLMLIIJFFAM18CA,2,14.40,農舍,鋼鐵造有牆,101年10月8日,一層,一層
RPSNMLRLIIJFFAM58CA,33,91.35,住家用,鋼筋混凝土加強磚造,70年10月15日,二層,一層 二層
RPQNMLMLIIJFFAM87CA,35,37.84,住家用,鋼筋混凝土加強磚造,69年1月9日,二層,一層 二層
RPTOMLNLIIJFFAM38CA,20,117.13,住家用,鋼筋混凝土造,84年1月18日,三層,一層 二層 三層
RPSNMLTLIIJFFBM88CA,,202.71,住宅、樓梯間,鋼筋混凝土造,103年5月22日,三層,一層 二層 三層 陽台 見其他登記事項
RPPNMLNJJIJFFBM87CA,53,97.35,住家用,加強磚造、木石磚造﹝磚石造﹞,,三層,一層 二層 三層
RPRNMLLLIIJFFBM97CA,36,116.58,住家用,鋼筋混凝土加強磚造,68年3月14日,二層,一層 二層
RPRNMLPJJIJFFBM28CA,20,87.56,住商用,鋼筋混凝土造,83年4月11日,八層,一層 二層 陽台 騎樓
RPRNMLPJJIJFFBM28CA,20,10.84,防空避難室、停車場、機械室、門廳、車道、梯間,鋼筋混凝土造,83年4月11日,八層,
RPQNMLPLIIJFFDM48CA,20,289.25,住家用,鋼筋混凝土造,83年6月14日,四層,一層 二層 三層 四層 陽台 平台 水箱 電梯樓梯間
RPRNMLLLIIJFFAM97DA,25,108.36,住家用,鋼筋混凝土造,78年9月22日,二層,一層 二層
RPRNMLLLIIJFFAM97DA,25,108.36,住家用,鋼筋混凝土造,78年9月22日,二層,一層 二層
RPPNMLNLIIJFFEM28CA,3,205.84,住宅、樓梯間,ＲＣ造,100年8月2日,三層,一層 二層 三層 陽台 見其他登記事項
RPSNMLLLIIJFFBM18DA,22,160.88,住家用,鋼筋混凝土造,82年2月9日,三層,一層 二層 三層 陽台
RPTNMLSLIIJFFCM98CA,20,78.54,集合住宅,鋼筋混凝土造,83年7月7日,十三層,十一層 陽台 花台
RPVNMLNKJIJFFBM58CA,1,173.40,住宅、水箱間,鋼筋混凝土造,102年6月26日,三層,一層 二層 三層 陽台 見其他登記事項
RPWOMLLLIIJFFCM68CA,20,81.71,集合住宅,鋼筋混凝土造,83年12月31日,十二層,三層 陽台
RPWOMLLLIIJFFCM68CA,20,21.84,樓梯間、機械房、水箱,鋼筋混凝土造,83年12月31日,十二層,
RPVNMLMLIIJFFCM58CA,20,83.59,集合住宅,鋼筋混凝土造,83年12月31日,十二層,五層 陽台 花台
RPRNMLMLIIJFFCM18CA,35,51.13,住家用,鋼筋混凝土加強磚造,68年7月6日,一層,一層 騎樓
RPWNMLMLIIJFFCM68CA,18,35.52,農舍,木造,85年11月30日,一層,一層
RPWNMLMLIIJFFCM68CA,18,35.52,農舍,木造,85年11月30日,一層,一層
RPUNMLMKJIJFFCM48CA,35,95.56,住商用,鋼筋混凝土加強磚造,68年7月6日,二層,一層 二層 騎樓
RPQNMLMLIIJFFBM08DA,33,124.65,住商用,加強磚造,70年10月27日,二層,一層 二層 陽台 騎樓
RPQNMLLKJIJFFEM18CA,58,406.12,商業用,鋼筋混凝土加強磚造,46年3月15日,二層,一層 二層
RPOOMLMLIIJFFCM08DA,40,73.98,住家用,鋼筋混凝土加強磚造,63年4月22日,二層,一層 二層
RPTNMLOLIIJFFBM48CA,,216.00,農舍,鋼筋混凝土造,103年8月21日,二層,一層 二層
RPPNMLSLIIJFFBM48CA,34,116.16,住家用,鋼筋混凝土加強磚造,69年12月18日,二層,一層 二層
RPUNMLRJJIJFFCM88CA,19,67.25,集合住宅,鋼筋混凝土造,85年2月9日,十五層,三層 陽台
RPUNMLRJJIJFFCM88CA,19,14.30,走道、機械房、門廳、騎樓、防空避難室兼停車場、梯間,鋼筋混凝土造,85年2月9日,十五層,
RPPNMLMKJIJFFBM87CA,40,126.00,住商用,鋼筋混凝土加強磚造,63年12月15日,二層,一層 二層 騎樓
RPPNMLPJJIJFFBM08CA,23,86.06,住家用,鋼筋混凝土造,80年9月20日,十一層,五層 陽台
RPPNMLPJJIJFFBM08CA,23,14.67,梯間、機房、水箱,鋼筋混凝土造,80年9月20日,十一層,
RPPNMLPJJIJFFBM08CA,23,9.42,避難室、梯間、變電室、水箱、機械室,鋼筋混凝土造,80年9月20日,十一層,
RPPNMLPJJIJFFBM08CA,23,12.18,辦公室、停車空間,鋼筋混凝土造,80年9月20日,十一層,
RPPNMLPJJIJFFBM08CA,23,10.19,避難室、梯間、變電室、水箱、機械室,鋼筋混凝土造,80年9月20日,十一層,
RPROMLQJJIJFFBM48CA,13,233.95,住家用,鋼筋混凝土造,90年12月13日,三層,一層 二層 三層 陽台
RPWNMLQJJIJFFAM78CA,21,203.27,住家用,鋼筋混凝土造,82年4月26日,三層,一層 二層 三層
RPPNMLPLIIJFFAM08CA,20,65.82,住家用,鋼筋混凝土造,84年2月16日,十三層,六層 陽台 花台
RPPNMLPLIIJFFAM08CA,20,16.91,辦公室、康樂室、電梯、門廳、機房、水箱、平臺、瞭望臺、梯間、變電室、機械室,鋼筋混凝土造,84年2月16日,十三層,
RPPOMLTLIIJFFAM58CA,20,95.07,住家用,鋼筋混凝土造,84年2月16日,十三層,十層 陽台 露台
RPPOMLTLIIJFFAM58CA,20,16.41,辦公室、康樂室、電梯、門廳、機房、水箱、平臺、瞭望臺、梯間、變電室、機械室,鋼筋混凝土造,84年2月16日,十三層,
RPRNMLPLIIJFFBM38CA,6,15.75,農舍,鋼鐵造有牆,97年8月14日,一層,一層
RPRNMLKMIIJFFCM08CA,41,88.97,住家用,鋼筋混凝土加強磚造,63年1月6日,三層,一層 二層 三層
RPVNMLRLIIJFFDM56CA,15,149.31,住家用,鋼筋混凝土造,89年2月2日,三層,一層 二層 三層 陽台 雨遮
RPTNMLRLIIJFFCM88CA,21,87.86,集合住宅,鋼筋混凝土造,83年1月14日,十一層,九層 陽台 花台
RPVNMLSLIIJFFCM66DA,,54.88,農舍,鋼骨造,103年8月26日,一層,一層
RPRNMLNJJIJFFCM28DA,,54.88,農舍,鋼骨造,103年8月26日,一層,一層
RPXNMLRKJIJFFAM09CA,19,212.28,住家用,鋼筋混凝土造,84年9月15日,三層,一層 二層 三層 陽台 平台 屋頂突出物 露台 地下層
RPQNMLRKJIJFFAM38CA,20,105.03,住家用,鋼筋混凝土造,83年6月11日,五層,五層 陽台 露台 花台 夾層
RPQNMLRKJIJFFAM38CA,20,15.80,人行道、梯間、水塔、機械房,鋼筋混凝土造,83年6月11日,五層,
RPTNMLTLIIJFFBM98CA,22,64.39,住家用,鋼筋混凝土造,82年3月12日,七層,一層 平台 花台
RPTNMLTLIIJFFBM98CA,22,7.54,地下室、門廳、梯間、機械室、守衛室、水箱、車道,鋼筋混凝土造,82年3月12日,七層,
RPTNMLQJJIJFFAM48CA,22,65.56,住家用,鋼筋混凝土造,82年3月22日,八層,一層 平台
RPTNMLQJJIJFFAM48CA,22,7.68,防空避難室、人行道、電梯,鋼筋混凝土造,82年3月22日,八層,
RPQNMLSLIIJFFAM48CA,25,1708.58,廠房、辦公室,ＲＣ造、鋼構造,78年9月7日,一層,一層 地下層
RPPNMLNJJIJFFAM77CA,20,102.85,住家用,鋼筋混凝土造,83年11月9日,十六層,八層 陽台
RPPNMLNJJIJFFAM77CA,20,15.69,騎樓、人行道、梯間、避難室、機械室,鋼筋混凝土造,83年11月9日,十六層,
RPQOMLPJJIJFFAM18CA,30,46.53,住家用,鋼筋混凝土造,73年11月23日,二層,一層 二層
RPRNMLRLIIJFFBM58CA,20,150.06,住家用,鋼筋混凝土造,83年6月28日,四層,
RPTNMLOJJIJFFEM68CA,33,174.51,住商用,鋼筋混凝土加強磚造,70年4月8日,三層,一層 二層 三層 騎樓
RPRNMLKMIIJFFDM18CA,21,69.82,住商用,鋼筋混凝土造,82年7月20日,四層,一層 二層 三層 四層 騎樓 電梯樓梯間
RPOOMLRLIIJFFCM48CA,10,154.70,住家用,鋼筋混凝土造,93年10月1日,四層,一層 二層 三層 四層 陽台
RPUNMLSLIIJFFCM09CA,40,106.40,住家用,鋼筋混凝土加強磚造,63年6月15日,二層,一層 二層
RPPNMLKKJIJFFCM77CA,34,122.85,住商用,加強磚造,69年5月29日,二層,一層 二層 騎樓
RPPOMLRLIIJFFDM68CA,28,151.80,住商用,鋼筋混凝土加強磚造,75年8月14日,三層,一層 二層 三層 騎樓
RPRNMLSLIIJFFBM68CA,20,150.06,住家用,鋼筋混凝土造,83年6月28日,四層,
RPUNMLQJJIJFFAM58CA,34,49.56,住家用,鋼筋混凝土加強磚造,69年12月25日,二層,一層 二層
RPUNMLQJJIJFFAM58CA,34,49.56,住家用,鋼筋混凝土加強磚造,69年12月25日,二層,一層 二層
RPROMLNKJIJFFAM18CA,,202.25,住家用,鋼筋混凝土造,103年7月4日,四層,一層 二層 三層 四層 陽台
RPSOMLNKJIJFFAM28CA,,202.24,住家用,鋼筋混凝土造,103年7月4日,四層,一層 二層 三層 四層 陽台
RPUOMLPJJIJFFAM58CA,17,209.74,住家用,鋼筋混凝土造,86年11月3日,四層,一層 二層 三層 四層 陽台
RPRNMLSLIIJFFAM58CA,22,229.25,住商用,鋼筋混凝土造,82年3月25日,三層,一層 二層 三層
RPWNMLTLIIJFFAM56CA,5,171.49,住家用,鋼筋混凝土造,99年1月22日,四層,一層 二層 三層 四層 陽台 屋頂突出物 雨遮
RPQNMLLMIIJFFAM87CA,34,81.00,住家用,鋼筋混凝土加強磚造,69年12月1日,二層,一層 二層
RPWNMLRKJIJFFAM98CA,34,85.35,住商用,鋼筋混凝土加強磚造,69年12月31日,二層,一層 二層 騎樓
RPPNMLOKJIJFFAM97CA,20,12.67,停車空間,鋼筋混凝土造,84年2月16日,十三層,
RPTOMLPJJIJFFAM48CA,20,133.89,住家用,鋼筋混凝土造,83年9月30日,三層,一層 二層 三層 陽台 花台 夾層
RPTNMLLKJIJFFBM18CA,12,44.50,住家用,鋼鐵造有牆,91年12月20日,一層,一層
RPPNMLNJJIJFFCM08DA,47,20.29,住家用,鋼筋混凝土加強磚造,56年5月15日,二層,一層 二層
RPWNMLLMIIJFFCM68CA,27,262.99,住家用,鋼筋混凝土造,76年11月23日,三層,一層 二層 三層 騎樓
RPPOMLOJJIJFFCM18CA,54,345.92,人行道、店舖、住宅,ＲＣ加強磚造、鐵筋加強磚造,49年4月30日,三層,一層 二層 三層 騎樓
RPPNMLMJJIJFFCM87CA,40,102.00,住商用,鋼筋混凝土加強磚造,63年6月8日,二層,一層 二層 騎樓
RPTNMLRKJIJFFDM98CA,27,105.00,住商用,鋼筋混凝土加強磚造,76年6月29日,二層,一層 二層
RPPNMLNJJIJFFDM08CA,17,182.77,住家用,鋼筋混凝土造,86年11月6日,三層,一層 二層 三層 陽台 平台
RPXNMLLMIIJFFDM88CA,23,185.12,住家用,鋼筋混凝土造,80年6月29日,三層,一層 二層 三層 陽台
RPRNMLLMIIJFFEM38CA,6,15.28,農舍,鋼鐵造有牆,97年8月25日,一層,一層
RPPNMLRJJIJFFEM58CA,4,181.50,住家用,Ｒ.Ｃ造,99年6月1日,三層,一層 二層 三層 陽台 見其他登記事項
RPPNMLOKJIJFFCM28DA,17,132.83,住家用,鋼筋混凝土造,86年7月7日,三層,一層 二層 三層 陽台 平台
RPSNMLKMIIJFFDM38DA,34,97.61,住商用,鋼筋混凝土加強磚造,70年2月2日,二層,一層 二層 騎樓
RPWNMLOKJIJFFBM78CA,,156.72,農舍,鋼筋混凝土造、鋼骨造無牆,103年8月21日,三層,一層 二層 三層 陽台 見其他登記事項
RPSNMLOKJIJFFBM38CA,35,109.78,住家用,鋼筋混凝土加強磚造,68年7月28日,一層,
RPQNMLRKJIJFFBM48CA,17,93.28,住家用,鋼筋混凝土造,86年7月12日,七層,七層 陽台
RPQNMLRKJIJFFBM48CA,17,38.15,防空、避難、停車場、梯間、玄關、機械、水塔,鋼筋混凝土造,86年7月12日,七層,
RPPNMLKLJIJFFAM67CA,36,82.94,住家用,鋼筋混凝土加強磚造,68年1月26日,二層,一層 二層
RPPNMLTKJIJFFCM68CA,19,218.32,住家用,鋼筋混凝土造,85年1月19日,三層,一層 二層 三層 陽台 屋頂突出物 地下層 見其他登記事項
RPQNMLOLJIJFFCM38CA,34,81.20,店舖、住宅,鋼筋混凝土造,69年7月31日,二層,一層 二層 騎樓
RPVNMLLMIIJFFBM48CA,19,82.78,住商用,鋼筋混凝土造,85年3月12日,八層,一層 二層 平台 花台
RPVNMLLMIIJFFBM48CA,19,20.58,停車空間、防空避難室、梯間、門廳、機械室、水箱,鋼筋混凝土造,85年3月12日,八層,
RPOOMLKKJIJFFAM57CA,19,171.26,住家用,鋼筋混凝土造,85年1月5日,四層,一層 二層 三層 四層 陽台 平台 屋頂突出物 雨遮 見其他登記事項
RPSNMLQJJIJFFBM48CA,9,181.79,住商用,鋼筋混凝土造,94年11月30日,三層,一層 二層 三層 陽台 屋頂突出物 騎樓
RPVNMLNJJIJFFAM38CA,11,154.09,住家用,鋼筋混凝土造,92年12月9日,四層,一層 二層 三層 四層 陽台
RPSOMLLLJIJFFAM18CA,14,65.99,住家用,鋼骨,90年1月9日,一層,一層
RPWNMLNJJIJFFAM48CA,34,92.65,住家用,鋼筋混凝土加強磚造,69年6月13日,二層,一層 二層
RPRNMLTKJIJFFBM78CA,,197.50,集合住宅,鋼筋混凝土造,103年8月27日,四層,一層 二層 三層 四層 陽台
RPXNMLNJJIJFFAM58CA,22,81.58,住家用,鋼筋混凝土造,81年7月13日,五層,四層
RPXNMLNJJIJFFAM58CA,22,5.15,共有部份,鋼筋混凝土造,81年7月13日,五層,
RPTNMLNJJIJFFCM38CA,40,89.53,住家用,鋼筋混凝土加強磚造,64年2月3日,二層,一層 二層
RPTNMLTKJIJFFBM98CA,,218.01,住家用,鋼筋混凝土造,103年8月27日,四層,一層 二層 三層 四層 陽台
RPSNMLTKJIJFFBM88CA,,200.54,集合住宅,鋼筋混凝土造,103年8月27日,四層,一層 二層 三層 四層 陽台
RPTNMLMKJIJFFCM38CA,37,93.80,住家用,加強磚造,66年7月4日,二層,一層 二層
RPXNMLNJJIJFFCM78CA,41,66.79,住家用,鋼筋混凝土加強磚造,62年10月5日,二層,一層 二層
RPXNMLNJJIJFFCM78CA,41,66.79,住家用,鋼筋混凝土加強磚造,62年10月5日,二層,一層 二層
RPQOMLLMIIJFFCM18CA,10,144.36,住家用,鋼骨鋼筋混凝土造,94年1月31日,三層,一層 二層 三層 陽台
RPOOMLLMIIJFFCM97CA,26,141.42,住家用,鋼筋混凝土造,77年5月26日,二層,一層 二層
RPQNMLKKJIJFFCM97DA,20,163.54,住家用,鋼筋混凝土造,83年4月12日,四層,一層 二層 三層 四層 屋頂突出物
RPWNMLOJJIJFFAM58CA,21,192.22,住家用,鋼筋混凝土造,83年3月31日,四層,一層 二層 三層 陽台 平台 屋頂突出物
RPWNMLOJJIJFFAM58CA,21,1.39,辦公室,鋼筋混凝土造,83年3月31日,四層,
RPTNMLRJJIJFFAM58CA,20,90.30,住家用,鋼筋混凝土造,83年11月9日,十六層,十五層 陽台
RPPNMLPJJIJFFAM97CA,43,309.88,住商用,鐵筋加強磚造,60年8月30日,三層,一層 二層 三層 騎樓 地下層
RPXNMLLLJIJFFAM58CA,,177.59,住家用,鋼筋混凝土造,103年5月30日,四層,一層 二層 三層 四層 陽台
RPTNMLKLJIJFFAM08CA,8,107.07,住家用,鋼鐵造有牆,95年12月12日,一層,一層
RPTNMLPLJIJFFCM78CA,45,197.04,住家用,磚造、加強磚造,58年8月15日,二層,一層 二層 騎樓
RPRNMLPLJIJFFCM58CA,20,73.35,集合住宅,鋼筋混凝土造,83年11月28日,九層,九層 陽台 露台
RPRNMLPLJIJFFCM58CA,20,19.68,防空避難室、停車空間、梯間、通道、機械室、水箱,鋼筋混凝土造,83年11月28日,九層,
