﻿編號,屋齡,建物移轉面積平方公尺,主要用途,主要建材,建築完成日期,總層數,建物分層
The serial number,room age,building shifting area square meter,the main use,main building materials,construction completes the date,total layer,building lamination
RPQNMLNJQHJFFAO88CC,104,93.58,住家用,鋼筋混凝土造,0年1月1日,五層,
RPQNMLNJQHJFFAO88CC,,16.48,共有部分,鋼筋混凝土造,,五層,
RPUOMLPJQHJFFAO17EC,3,101.81,策略性產業辦公室、機電空間,鋼筋混凝土造,100年7月18日,十四層,
RPVOMLMKQHJFFAO86CC,17,36.99,辦公室,鋼筋混凝土造,86年5月20日,十七層,
RPXOMLMKQHJFFAO07CC,31,77.40,國民住宅,鋼筋混凝土造,72年4月13日,五層,
RPSPMLMKQHJFFAO66CC,19,78.39,住家用,鋼筋混凝土造,84年10月9日,五層,
RPSPMLMKQHJFFAO66CC,19,31.70,共有部分,鋼筋混凝土造,84年10月9日,五層,
RPXNMLNKQHJFFAO07CC,,34.36,住家用,鋼筋混凝土造,,一層,
RPUNMLOJQHJFFAO76CC,30,61.03,住家用,鋼筋混凝土造,73年8月15日,五層,
RPUNMLOJQHJFFAO76CC,30,12.19,共有部分,鋼筋混凝土造,73年8月15日,五層,
RPWOMLPJQHJFFAO17CC,19,85.50,住家用,鋼筋混凝土造,85年1月23日,七層,
RPWOMLPJQHJFFAO17CC,19,34.37,共有部分,鋼筋混凝土造,85年1月23日,七層,
RPUPMLPJQHJFFAO07CC,6,249.68,作業廠房、辦公室,鋼筋混凝土造,97年8月20日,十一層,
RPUPMLPJQHJFFAO07CC,6,68.94,樓梯間,鋼筋混凝土造,97年8月20日,十一層,
RPUPMLPJQHJFFAO07CC,6,74.47,防空避難室兼停車空間、樓梯間、機械室、水箱,鋼筋混凝土造,97年8月20日,十一層,
RPUPMLPJQHJFFAO07CC,6,217.53,作業廠房、辦公室,鋼筋混凝土造,97年8月20日,十一層,
RPUPMLPJQHJFFAO07CC,6,69.70,樓梯間,鋼筋混凝土造,97年8月20日,十一層,
RPUPMLPJQHJFFAO07CC,6,64.88,防空避難室兼停車空間、樓梯間、機械室、水箱,鋼筋混凝土造,97年8月20日,十一層,
RPSNMLNJQHJFFAO09CC,6,44.39,集合住宅,鋼筋混凝土造,97年5月20日,十四層,
RPSNMLNJQHJFFAO09CC,6,7.67,梯間、機房、水箱,鋼筋混凝土造,97年5月20日,十四層,
RPSNMLNJQHJFFAO09CC,6,1.69,集合住宅、管理員室,鋼筋混凝土造,97年5月20日,十四層,
RPSNMLNJQHJFFAO09CC,6,8.76,防空避難室兼停車空間,鋼筋混凝土造,97年5月20日,十四層,
RPRNMLNJQHJFFAO98CC,5,32.56,辦公室,鋼筋混凝土造,98年3月19日,十層,
RPRNMLNJQHJFFAO98CC,5,14.76,防空避難室兼停車空間、水箱、機房、電信機房、樓梯間,鋼筋混凝土造,98年3月19日,十層,
RPRNMLNJQHJFFAO98CC,5,4.04,樓梯間,鋼筋混凝土造,98年3月19日,十層,
RPQOMLOJQHJFFAO09CC,15,96.33,住家用,鋼筋混凝土造,88年1月21日,十四層,
RPVQMLNKQHJFFAO17CC,2,182.05,店舖、儲藏室、集合住宅,鋼筋混凝土造,101年9月20日,二十四層,
RPUOMLMKQHJFFAO76CC,19,81.39,住家用,鋼筋混凝土造,84年5月20日,九層,
RPVQMLNKQHJFFAO17CC,2,69.04,共有部分,鋼筋混凝土造,101年9月20日,二十四層,
RPUOMLMKQHJFFAO76CC,19,7.61,共有部分,鋼筋混凝土造,84年5月20日,九層,
RPUOMLMKQHJFFAO76CC,19,10.51,共有部分,鋼筋混凝土造,84年5月20日,九層,
RPTOMLOJQHJFFAO76CC,26,196.12,住家用,鋼筋混凝土造,77年9月7日,二層,
RPVNMLOJQHJFFAO86CC,9,120.76,集合住宅,鋼筋混凝土造,94年9月12日,十四層,
RPVNMLOJQHJFFAO86CC,9,10.70,樓梯間等共同使用部份,鋼筋混凝土造,94年9月12日,十四層,
RPVNMLOJQHJFFAO86CC,24,25.33,住家用,鋼筋混凝土造,79年6月30日,五層,
RPWOMLOKQHJFFAO17CC,3,68.21,集合住宅,鋼筋混凝土造,100年3月24日,十二層,
RPWOMLOKQHJFFAO17CC,3,20.98,共有部分,鋼筋混凝土造,100年3月24日,十二層,
RPWOMLOKQHJFFAO17CC,3,9.78,共有部分,鋼筋混凝土造,100年3月24日,十二層,
RPOOMLNKQHJFFAO09EC,4,89.87,集合住宅,鋼筋混凝土造,99年8月9日,十五層,
RPVOMLOKQHJFFAO07CC,4,58.72,集合住宅,鋼筋混凝土造,99年8月9日,十五層,
RPVOMLOKQHJFFAO07CC,4,24.09,共有部分,鋼筋混凝土造,99年8月9日,十五層,
RPVOMLOKQHJFFAO07CC,4,11.32,共有部分,鋼筋混凝土造,99年8月9日,十五層,
RPTNMLLLQHJFFAO66DC,12,37.26,住家用,鋼筋混凝土造,91年8月5日,六層,
RPXNMLMLQHJFFAO17DC,12,89.71,管理室,鋼筋混凝土造,92年1月10日,十三層,
RPXNMLMLQHJFFAO17DC,12,812.17,金融機構,鋼筋混凝土造,92年1月10日,十三層,
RPRPMLSKQHJFFAO17CC,2,168.75,集合住宅,鋼筋混凝土造,101年8月20日,二十一層,
RPRPMLSKQHJFFAO17CC,2,35.17,共有部分,鋼筋混凝土造,101年8月20日,二十一層,
RPRPMLSKQHJFFAO17CC,2,37.11,共有部分,鋼筋混凝土造,101年8月20日,二十一層,
RPOPMLTKQHJFFAO96CC,11,77.26,店舖、住宅,鋼筋混凝土造,92年5月23日,二層,
RPXOMLTKQHJFFAO77CC,1,222.22,店舖、辦公室,鋼筋混凝土造,102年7月10日,二十六層,
RPXOMLTKQHJFFAO77CC,1,50.64,共有部分,鋼筋混凝土造,102年7月10日,二十六層,
RPXOMLTKQHJFFAO77CC,1,.01,辦公室,鋼筋混凝土造,102年7月10日,二十六層,
RPXOMLTKQHJFFAO77CC,1,27.57,共有部分,鋼筋混凝土造,102年7月10日,二十六層,
RPXOMLTKQHJFFAO77CC,1,216.34,店舖、辦公室,鋼筋混凝土造,102年7月10日,二十六層,
RPXOMLTKQHJFFAO77CC,1,49.10,共有部分,鋼筋混凝土造,102年7月10日,二十六層,
RPXOMLTKQHJFFAO77CC,1,.01,辦公室,鋼筋混凝土造,102年7月10日,二十六層,
RPXOMLTKQHJFFAO77CC,1,27.57,共有部分,鋼筋混凝土造,102年7月10日,二十六層,
RPXPMLPKQHJFFAO47CC,32,119.80,住家用,鋼筋混凝土造,71年12月29日,十層,
RPVQMLRLQHJFFAO67CC,18,25.60,住家用,鋼筋混凝土造,86年2月5日,十四層,
RPOQMLRLQHJFFAO96CC,7,25.16,辦公室,鋼筋混凝土造,96年4月12日,七層,
RPORMLRLQHJFFAO07CC,21,71.58,住家用,鋼筋混凝土造,82年5月28日,五層,
RPUQMLRLQHJFFAO57CC,7,25.79,集合住宅,鋼筋混凝土造,96年6月25日,七層,
RPRRMLRLQHJFFAO37CC,19,49.75,住家用,鋼筋混凝土造,84年10月9日,五層,
RPQQMLRLQHJFFAO17CC,21,54.90,商業用,鋼筋混凝土造,82年5月24日,七層,
RPQPMLTKQHJFFAO17CC,18,96.50,住家用,鋼筋混凝土造,85年5月22日,二十層,
RPWNMLQLQHJFFAO37CC,24,114.40,住家用,鋼筋混凝土造,79年12月20日,五層,
RPWNMLQLQHJFFAO37CC,24,9.40,共有部分,鋼筋混凝土造,79年12月20日,五層,
RPTOMLLLQHJFFAO66CC,35,130.00,住家用,鋼筋混凝土造,68年4月27日,三層,
RPOOMLQLQHJFFAO66CC,8,22.62,辦公室,鋼筋混凝土造,95年7月1日,九層,
RPOOMLQLQHJFFAO66CC,8,5.31,梯間,鋼筋混凝土造,95年7月1日,九層,
RPURMLRLQHJFFAO67CC,34,161.82,住家用,加強磚造,69年9月10日,二層,
RPTRMLRLQHJFFAO57CC,18,22.78,住家用,鋼筋混凝土造,86年2月5日,十四層,
RPQOMLLJRHJFFAO09EC,34,26.44,住商用,鋼筋混凝土造,69年5月2日,四層,
RPROMLLJRHJFFAO56EC,34,26.44,住商用,鋼筋混凝土造,69年5月2日,四層,
RPUNMLLJRHJFFAO56CC,,26.42,集合住宅,鋼筋混凝土造,,十二層,
RPOPMLOJRHJFFAO09CC,7,23.62,集合住宅,鋼筋混凝土造,96年12月5日,十一層,
RPOPMLOJRHJFFAO09CC,7,11.91,防空避難室、停車空間、樓梯間、機械室、水箱,鋼筋混凝土造,96年12月5日,十一層,
RPTNMLLMQHJFFAO66CC,23,64.84,住家用,鋼筋混凝土造,80年8月16日,五層,
RPTNMLLMQHJFFAO66CC,23,14.70,共有部分,鋼筋混凝土造,80年8月16日,五層,
RPSPMLOJRHJFFAO86CC,,67.68,住家用,鋼筋混凝土造,,五層,
RPSPMLOJRHJFFAO86CC,20,1.64,,鋼筋混凝土造,84年1月28日,五層,
RPPPMLOJRHJFFAO56CC,7,11.91,防空避難室、停車空間、樓梯間、機械室、水箱,鋼筋混凝土造,96年12月5日,十一層,
RPPPMLOJRHJFFAO56CC,7,23.62,集合住宅,鋼筋混凝土造,96年12月5日,十一層,
RPUNMLLMQHJFFAO76CC,14,270.60,店舖、停車空間、住宅、機械室,鋼筋混凝土造,89年12月6日,四層,
RPTPMLKKRHJFFAO66CC,19,60.55,住家用,鋼筋混凝土造,84年12月9日,十二層,
RPTPMLKKRHJFFAO66CC,19,20.03,梯間、避難室,鋼筋混凝土造,84年12月9日,十二層,
RPVNMLLKRHJFFAO76CC,27,95.85,住家用,鋼筋混凝土造,76年3月31日,二層,
RPSNMLLKRHJFFAO09CC,,84.83,住家用,鋼筋混凝土造,,五層,
RPSNMLLKRHJFFAO09CC,,.89,共有部分,鋼筋混凝土造,,五層,
RPSNMLLKRHJFFAO09CC,,14.51,共有部分,鋼筋混凝土造,,五層,
RPXNMLQJRHJFFAO37CC,12,164.67,店舖、辦公室,鋼骨造,91年12月23日,二層,
RPWNMLQJRHJFFAO27CC,12,123.29,店舖、辦公室,鋼骨造,91年12月23日,二層,
RPWNMLPJRHJFFAO17CC,14,115.21,集合住宅,鋼筋混凝土造,89年5月1日,二十二層,
RPWNMLPJRHJFFAO17CC,14,34.68,防空避難室、停車空間、中繼設備室,鋼筋混凝土造,89年5月1日,二十二層,
RPWNMLPJRHJFFAO17CC,14,74.97,防空避難室、停車空間,鋼筋混凝土造,89年5月1日,二十二層,
RPWNMLLKRHJFFAO86CC,,210.08,住商用,加強磚造,,二層,
RPPNMLNKRHJFFAO98CC,3,43.58,辦公室,鋼筋混凝土造,100年10月15日,六層,
RPWNMLQKRHJFFAO37CC,6,22.10,策略性產業辦公室,鋼筋混凝土造,97年9月11日,十三層,
RPWNMLQKRHJFFAO37CC,6,7.69,樓梯間、機械室、水箱、開放空間,鋼筋混凝土造,97年9月11日,十三層,
RPWNMLQKRHJFFAO37CC,6,3.82,停車空間兼防空避難室、機械室、機房、受電室,鋼筋混凝土造,97年9月11日,十八層,
RPOOMLQKRHJFFAO66CC,31,58.48,住家用,鋼筋混凝土造,73年3月12日,五層,
RPOOMLQKRHJFFAO66CC,31,15.53,共有部分,鋼筋混凝土造,73年3月12日,五層,
RPQPMLRKRHJFFAO07CC,16,90.57,國民住宅,鋼筋混凝土造,87年4月10日,十二層,
RPQPMLRKRHJFFAO07CC,16,15.94,國民住宅、突出物、梯間,鋼筋混凝土造,87年4月10日,十二層,
RPQPMLRKRHJFFAO07CC,16,22.95,國民住宅、地下室、夾層,鋼筋混凝土造,87年4月10日,十二層,
RPXPMLRKRHJFFAO77CC,24,69.53,住家用,鋼筋混凝土造,79年9月10日,五層,
RPXPMLRKRHJFFAO77CC,24,12.58,共有部分,鋼筋混凝土造,79年9月10日,五層,
RPTNMLTKRHJFFAO37CC,10,30.98,集合住宅,鋼筋混凝土造,94年2月20日,四層,
RPTNMLTKRHJFFAO37CC,10,35.94,共有部分,鋼筋混凝土造,94年2月20日,四層,
RPTNMLTKRHJFFAO37CC,10,10.35,共有部分,鋼筋混凝土造,94年2月20日,四層,
RPTNMLKLRHJFFAO56CC,1,87.41,集合住宅,鋼筋混凝土造,102年12月11日,十五層,
RPTNMLKLRHJFFAO56CC,1,18.79,共有部分,鋼筋混凝土造,102年12月11日,十五層,
RPTNMLKLRHJFFAO56CC,1,21.71,共有部分,鋼筋混凝土造,102年12月11日,十五層,
RPWOMLMLRHJFFAO17CC,7,85.49,集合住宅,鋼筋混凝土造,96年11月1日,二十九層,
RPUNMLKLRHJFFAO66CC,23,22.94,住家用,鋼筋混凝土造,80年12月30日,五層,
RPOQMLPLRHJFFAO86CC,2,100.83,集合住宅,鋼筋混凝土造,101年10月15日,二十五層,
RPOQMLPLRHJFFAO86CC,2,50.26,共有部分,鋼筋混凝土造,101年10月15日,二十五層,
RPOQMLPLRHJFFAO86CC,2,27.23,共有部分,鋼筋混凝土造,101年10月15日,二十五層,
RPUNMLRLRHJFFAO37CC,22,50.16,住家用,鋼筋混凝土造,81年9月19日,十層,
RPPNMLSLRHJFFAO96CC,3,15.53,共有部分,鋼筋混凝土造,100年5月1日,十四層,
RPPNMLSLRHJFFAO96CC,3,91.21,店舖,鋼筋混凝土造,100年5月1日,十四層,
RPPNMLSLRHJFFAO96CC,3,18.06,共有部分,鋼筋混凝土造,100年5月1日,十四層,
RPXNMLTLRHJFFAO87CC,17,16.70,辦公室,鋼筋混凝土造,86年5月20日,十七層,
RPPOMLTLRHJFFAO17CC,19,41.03,住家用,鋼筋混凝土造,84年6月16日,十二層,
RPQOMLTLRHJFFAO27CC,19,75.88,住家用,鋼筋混凝土造,85年2月29日,十三層,
RPROMLTLRHJFFAO37CC,,37.66,住家用,鋼筋混凝土造,,五層,
RPOOMLRKRHJFFAO96EC,43,17.34,住家用,加強磚造,60年7月26日,二層,
RPROMLQKRHJFFAO17EC,1,151.12,集合住宅,鋼筋混凝土造,102年11月25日,二十三層,
RPROMLQKRHJFFAO17EC,1,31.46,共有部分,鋼筋混凝土造,102年11月25日,二十三層,
RPROMLQKRHJFFAO17EC,1,65.58,共有部分,鋼筋混凝土造,102年11月25日,二十三層,
RPWOMLQLRHJFFAO77EC,16,86.07,住家用,鋼筋混凝土造,87年6月23日,二十一層,
RPTPMLMLRHJFFAO17EC,32,81.33,商業用,鋼筋混凝土造,71年9月4日,五層,
RPSOMLTLRHJFFAO47CC,7,25.79,集合住宅,鋼筋混凝土造,96年6月25日,七層,
RPVOMLTLRHJFFAO77CC,20,98.30,住家用,鋼筋混凝土造,83年11月29日,六層,
RPUPMLKMRHJFFAO07DC,7,107.55,集合住宅,鋼骨鋼筋混凝土造,96年7月3日,二十八層,
RPUPMLKMRHJFFAO07DC,7,29.35,防空避難室兼停車空間、管理室、門廳、公共設施,鋼骨鋼筋混凝土造,96年7月3日,二十八層,
RPPQMLKMRHJFFAO56CC,1,125.25,集合住宅,鋼筋混凝土造,102年6月15日,十八層,
RPVOMLMJIIJFFAO68CC,19,76.10,住家用,鋼筋混凝土造,84年4月8日,七層,
RPUNMLLKRHJFFAO86EC,,156.37,工業用,加強磚造,,一層,
RPROMLMJIIJFFAO28CC,29,338.40,住家用,鋼造,74年9月6日,一層,
RPQQMLRJIIJFFAO88CC,6,113.54,停車空間、店舖、住宅,鋼筋混凝土造,97年12月26日,四層,
RPPPMLRJIIJFFAO88EC,19,99.35,商業用,鋼筋混凝土造,84年8月30日,七層,
RPPPMLRJIIJFFAO88EC,19,106.30,住家用,鋼筋混凝土造,84年8月30日,七層,
RPSQMLRJIIJFFAO09CC,20,56.92,住家用,鋼筋混凝土造,83年4月23日,十四層,
RPSQMLRJIIJFFAO09CC,20,8.45,共有部分,鋼筋混凝土造,83年4月23日,十四層,
RPSQMLRJIIJFFAO09CC,20,38.85,共有部分,鋼筋混凝土造,83年4月23日,二層,
RPWOMLSJIIJFFAO76CC,27,128.30,住家用,鋼筋混凝土造,76年3月18日,二層,
RPWOMLRJIIJFFAO66CC,,19.95,住家用,鋼筋混凝土造,,五層,
RPRSMLTJIIJFFAO76CC,3,42.76,集合住宅,鋼筋混凝土造,101年2月21日,十一層,
RPRSMLTJIIJFFAO76CC,3,23.04,共有部分,鋼筋混凝土造,101年2月21日,十一層,
RPSRMLTJIIJFFAO76CC,,1526.94,見使用執照,鋼筋混凝土造,,五層,
RPPQMLTJIIJFFAO56EC,1,174.44,集合住宅,鋼筋混凝土造,102年9月15日,二十三層,
RPPQMLTJIIJFFAO56EC,1,96.62,共有部分,鋼筋混凝土造,102年9月15日,二十三層,
RPPQMLTJIIJFFAO56EC,1,29.16,共有部分,鋼筋混凝土造,102年9月15日,二十三層,
RPSNMLKKIIJFFAO18CC,20,106.11,住家用,鋼筋混凝土造,83年9月1日,五層,
RPSNMLKKIIJFFAO18CC,20,49.74,共有部分,鋼筋混凝土造,83年9月1日,五層,
RPQNMLKKIIJFFAO97CC,27,95.85,住家用,鋼筋混凝土造,76年3月31日,二層,
RPPNMLLKIIJFFAO97CC,21,80.99,住家用,鋼筋混凝土造,82年12月23日,七層,
RPPNMLLKIIJFFAO97CC,21,27.39,共有部分,鋼筋混凝土造,82年12月23日,七層,
RPPNMLLKIIJFFAO97CC,21,11.39,共有部分,鋼筋混凝土造,82年12月23日,七層,
RPRNMLKKIIJFFAO08CC,11,98.84,集合住宅,鋼筋混凝土造,93年2月15日,十一層,
RPRNMLKKIIJFFAO08CC,11,55.49,辦公室（社區使用）、台電配電室、停車空間兼防空避難室、戶內遊憩設施、機房、水箱,鋼筋混凝土造,93年2月15日,十一層,
RPVOMLQKIIJFFAO66DC,8,40.66,店舖、集合住宅、停車空間,鋼筋混凝土造,95年11月27日,三層,
RPVOMLQKIIJFFAO66DC,8,2.96,停車空間等共同使用部份,鋼筋混凝土造,95年11月27日,十三層,
RPPPMLQKIIJFFAO78DC,7,112.46,集合住宅,鋼骨鋼筋混凝土造,96年7月3日,二十八層,
RPPPMLQKIIJFFAO78DC,7,29.92,防空避難室兼停車空間、管理室、門廳、公共設施,鋼骨鋼筋混凝土造,96年7月3日,二十八層,
RPXPMLQKIIJFFAO96DC,5,84.32,集合住宅,鋼筋混凝土造,98年6月17日,十四層,
RPXPMLQKIIJFFAO96DC,5,50.66,防空避難室兼停車空間、梯間、消防浦泵室、汙水機房、蓄水池、發電機房、台電受電室、電信室、開放空間、公共服務空間、管理空間、垃圾處理室,鋼筋混凝土造,98年6月17日,,
RPTQMLRKIIJFFAO66CC,4,68.94,店舖,鋼筋混凝土造,99年12月6日,十四層,
RPTQMLRKIIJFFAO66CC,4,3.99,共有部分,鋼筋混凝土造,99年12月6日,十四層,
RPTQMLRKIIJFFAO66CC,4,19.89,共有部分,鋼筋混凝土造,99年12月6日,十四層,
RPQQMLRKIIJFFAO98CC,19,210.93,停車空間、住宅,鋼筋混凝土造,85年1月30日,三層,
RPVQMLRKIIJFFAO86CC,7,24.75,集合住宅,鋼筋混凝土造,96年4月16日,五層,
RPVQMLRKIIJFFAO86CC,7,10.07,停車空間、樓梯間、機械室、水箱,鋼筋混凝土造,96年4月16日,五層,
RPVQMLRKIIJFFAO86CC,7,6.61,停車空間,鋼筋混凝土造,96年4月16日,五層,
RPWQMLKLIIJFFAO98CC,3,132.80,集合住宅,鋼筋混凝土造,100年11月21日,二十四層,
RPWQMLKLIIJFFAO98CC,3,22.86,共有部分,鋼筋混凝土造,100年11月21日,二十四層,
RPWQMLKLIIJFFAO98CC,3,35.74,共有部分,鋼筋混凝土造,100年11月21日,二十四層,
RPQNMLOLIIJFFAO48CC,7,61.00,集合住宅,鋼筋混凝土造,96年11月26日,十二層,
RPQNMLOLIIJFFAO48CC,7,10.95,梯間及管委會使用空間,鋼筋混凝土造,96年11月26日,十二層,
RPQNMLOLIIJFFAO48CC,7,12.92,梯間、機械室、水箱,鋼筋混凝土造,96年11月26日,十二層,
RPRNMLPLIIJFFAO68CC,22,121.86,住家用,鋼筋混凝土造,82年2月5日,六層,
RPRNMLPLIIJFFAO68CC,22,37.44,共有部分,鋼筋混凝土造,82年2月5日,六層,
RPRNMLPLIIJFFAO68CC,22,13.79,共有部分,鋼筋混凝土造,82年2月5日,六層,
RPSNMLPLIIJFFAO78CC,43,117.04,住家用,加強磚造,60年9月14日,二層,
RPTNMLPLIIJFFAO88CC,9,91.19,集合住宅,鋼筋混凝土造,94年11月28日,十四層,
RPTNMLPLIIJFFAO88CC,10,35.83,防空避難室、車庫、管理室等共同使用部份,鋼筋混凝土造,94年2月3日,十四層,
RPTNMLPLIIJFFAO88CC,9,12.59,樓梯間等共同使用部份,鋼筋混凝土造,94年11月28日,十四層,
RPUNMLPLIIJFFAO98CC,7,82.28,集合住宅,鋼筋混凝土造,96年10月24日,九層,
RPUNMLPLIIJFFAO98CC,7,43.14,共同使用部分,鋼筋混凝土造,96年10月24日,九層,
RPUNMLPLIIJFFAO98CC,7,23.04,共同使用部分,鋼筋混凝土造,96年10月24日,九層,
RPWNMLSLIIJFFAO86CC,21,73.88,住家用,鋼筋混凝土造,82年9月17日,五層,
RPXNMLSLIIJFFAO96CC,17,90.62,住家用,鋼筋混凝土造,86年7月15日,五層,
RPVNMLSLQHJFFAO47CC,12,41.65,住家用,鋼筋混凝土造,92年1月10日,十三層,
RPVNMLSLQHJFFAO47CC,12,10.14,停車空間、機械室、騎樓、梯間、車道、防空避難室,鋼筋混凝土造,92年1月10日,十三層,
RPVNMLSLQHJFFAO47CC,12,7.19,梯間,鋼筋混凝土造,92年1月10日,十三層,
RPVNMLSLQHJFFAO47CC,12,3.08,走道,鋼筋混凝土造,92年1月10日,十三層,
RPOQMLRKIIJFFAO78CC,19,96.50,住家用,鋼筋混凝土造,84年9月25日,十三層,
RPOQMLRKIIJFFAO78CC,19,9.08,共有部分,鋼筋混凝土造,84年9月25日,十三層,
RPOQMLRKIIJFFAO78CC,19,17.82,共有部分,鋼筋混凝土造,84年9月25日,十三層,
RPSOMLTLQHJFFAO37CC,23,99.32,住家用,鋼筋混凝土造,80年5月23日,五層,
RPUNMLSLQHJFFAO37CC,6,116.33,管理委員會使用空間,鋼筋混凝土造,97年5月22日,七層,
RPXPMLOKIIJFFAO66CC,3,127.83,集合住宅,鋼筋混凝土造,100年11月21日,二十四層,
RPXPMLOKIIJFFAO66CC,3,22.18,共有部分,鋼筋混凝土造,100年11月21日,二十四層,
RPXPMLOKIIJFFAO66CC,3,34.13,共有部分,鋼筋混凝土造,100年11月21日,二十四層,
RPQNMLLKIIJFFAO08CC,23,101.17,住家用,鋼筋混凝土造,80年10月24日,五層,
RPRNMLLKIIJFFAO18CC,42,68.70,住家用,加強磚造,61年8月21日,二層,
RPVRMLRLQHJFFAO77CC,20,81.64,住家用,鋼筋混凝土造,83年5月5日,八層,
RPSPMLSLIIJFFAO66CC,26,78.25,住家用,鋼筋混凝土造,77年11月8日,五層,
RPXOMLSLIIJFFAO07CC,36,194.50,住家用,加強磚造,67年12月20日,二層,
RPVOMLTLIIJFFAO96CC,6,31.17,管理員室,鋼筋混凝土造,98年2月27日,十九層,
RPVOMLTLIIJFFAO96CC,6,723.13,金融機構,鋼筋混凝土造,98年2月27日,十九層,
RPVOMLTLIIJFFAO96CC,6,44.91,樓梯間、水箱、電梯機械室、公共服務空間,鋼筋混凝土造,98年2月27日,十九層,
RPVOMLTLIIJFFAO96CC,6,125.99,防空避難室兼停車空間、設備機房,鋼筋混凝土造,98年2月27日,十九層,
RPVOMLSLIIJFFAO86CC,20,128.82,住商用,鋼筋混凝土造,83年5月5日,八層,
RPSOMLSLIIJFFAO56CC,20,30.76,住家用,鋼筋混凝土造,83年6月7日,十二層,
RPPOMLSLIIJFFAO88CC,16,249.45,住家用,鋼筋混凝土造,87年6月30日,五層,
RPQOMLSLIIJFFAO98CC,29,122.30,住家用,鋼筋混凝土造,75年1月29日,二層,
RPOOMLSLIIJFFAO78CC,3,45.20,集合住宅,鋼筋混凝土造,101年2月21日,十一層,
RPPPMLSLIIJFFAO98CC,17,63.82,住家用,鋼筋混凝土造,86年7月15日,九層,
RPXPMLTLIIJFFAO27CC,3,90.18,一般辦公室、機電空間,鋼筋混凝土造,100年7月18日,十四層,
RPXPMLTLIIJFFAO27CC,3,13.07,共有部分,鋼筋混凝土造,100年7月18日,十四層,
RPXPMLTLIIJFFAO27CC,3,24.27,共有部分,鋼筋混凝土造,100年7月18日,十四層,
RPOTMLKMIIJFFAO58CC,21,71.11,住家用,鋼筋混凝土造,82年6月17日,五層,
RPOTMLKMIIJFFAO58CC,21,8.97,共有部分,鋼筋混凝土造,82年6月17日,五層,
RPOTMLKMIIJFFAO58CC,21,21.01,停車埸、儲藏室,鋼筋混凝土造,82年6月17日,五層,
RPUSMLKMIIJFFAO09CC,,91.32,住家用,鋼筋混凝土造,,,
RPUSMLKMIIJFFAO09CC,,22.57,梯間、機房、水箱,鋼筋混凝土造,,,
RPUSMLKMIIJFFAO09CC,13,2.27,防空避難室,鋼筋混凝土造,90年11月20日,七層,
RPWSMLKMIIJFFAO66CC,20,86.06,住家用,鋼筋混凝土造,84年1月18日,九層,
RPWSMLKMIIJFFAO66CC,20,3.19,共有部分,鋼筋混凝土造,84年1月18日,九層,
RPWSMLKMIIJFFAO66CC,20,11.90,共有部分,鋼筋混凝土造,84年1月18日,九層,
RPOQMLTLIIJFFAO09CC,13,89.19,辦公室,鋼筋混凝土造,90年5月15日,十四層,
RPOQMLTLIIJFFAO09CC,13,17.48,梯間、機房、水箱,鋼筋混凝土造,90年5月15日,十四層,
RPOQMLTLIIJFFAO09CC,13,4.13,避難室、停車空間,鋼筋混凝土造,90年5月15日,十四層,
RPVRMLKMIIJFFAO09CC,,91.07,住商用,鋼筋混凝土造,,五層,
