﻿編號,土地位置,土地移轉面積(平方公尺),使用分區或編定,權利人持分分母,權利人持分分子,移轉情形,地號
The serial number, land position,land shifting area square meter,the use zoning or compiles and checks,,,,land parcel
RPPNMLLJRHJFFAV76CC,豐榮段,50.00,都市：住,,,,08300000
RPPNMLLJRHJFFAV76CC,豐榮段,40.00,都市：住,,,,08290000
RPRNMLLJRHJFFAV96CC,台東段,43.00,都市：住,,,,01600316
RPSNMLNLRHJFFAV47CC,豐年段,6.99,都市：住,,,,00270000
RPQOMLTLIIJFFAV17CC,豐年段,4.99,都市：住,,,,00270000
RPRNMLOKIIJFFAV56CC,中山段,76.00,都市：商,,,,03670000
RPVNMLOKIIJFFAV96CC,馬蘭段,140.00,都市：住,,,,18370000
RPQOMLPLRHJFFAV67DC,大業段,100.52,都市：住,,,,00550012
