﻿編號,土地位置,土地移轉面積(平方公尺),使用分區或編定,權利人持分分母,權利人持分分子,移轉情形,地號
The serial number, land position,land shifting area square meter,the use zoning or compiles and checks,,,,land parcel
RPQNMLLJQHJFFAW66CA,中四劃段,683.81,都市：農,1,1,全筆移轉,01350000
RPXNMLOJQHJFFAW67CA,寧湖三劃段,266.67,都市：農,3,1,持分移轉,00030000
RPXNMLOJQHJFFAW67CA,寧湖三劃段,266.67,都市：農,3,1,持分移轉,00030000
RPXNMLOJQHJFFAW67CA,寧湖三劃段,266.67,都市：農,3,1,持分移轉,00030000
RPTNMLSJQHJFFAW77DA,西山段,707.20,都市：農,1,1,全筆移轉,05230000
RPWNMLOJQHJFFAW57CA,中一段,301.62,都市：住,2,1,持分移轉,05080000
RPWNMLOJQHJFFAW57CA,中一段,150.81,都市：住,4,1,持分移轉,05080000
RPWNMLOJQHJFFAW57CA,中一段,150.81,都市：住,4,1,持分移轉,05080000
RPPNMLSJQHJFFAW27CA,沙宅劃段,1055.00,都市：農,1,1,全筆移轉,06120000
RPOOMLOJQHJFFAW86CA,寧湖三劃段,426.20,都市：農,3,1,持分移轉,00040000
RPOOMLOJQHJFFAW86CA,寧湖三劃段,426.20,都市：農,3,1,持分移轉,00040000
RPOOMLOJQHJFFAW86CA,寧湖三劃段,426.20,都市：農,3,1,持分移轉,00040000
RPWNMLLLQHJFFAW47CA,寧安五劃段,200.00,都市：農,4,1,持分移轉,00370000
RPPNMLPKQHJFFAW17DA,小西門劃測段,51.15,都市：住,21,2,持分移轉,02140000
RPQNMLLKQHJFFAW86DA,小西門劃測段,25.58,都市：住,21,1,持分移轉,02140000
RPQNMLTKQHJFFAW57CA,歐厝段,1006.00,都市：其他:農業區/道路,1,1,全筆移轉,00510000
RPTNMLPJQHJFFAW37CA,峰上段,1133.00,都市：其他:自然村專用區,1,1,全筆移轉,06750000
RPUNMLPJQHJFFAW47CA,祥瑞段,49.32,都市：其他:道路用地，綠地,1,1,全筆移轉,09760000
RPUNMLPJQHJFFAW47CA,祥瑞段,211.31,都市：其他:道路用地,1,1,全筆移轉,09770001
RPUNMLPJQHJFFAW47CA,祥和段,31.31,都市：其他:道路用地,1,1,全筆移轉,05670000
RPUNMLPJQHJFFAW47CA,祥和段,75.27,都市：其他:道路用地,1,1,全筆移轉,07800000
RPQNMLSJQHJFFAW37CA,尚義段,695.00,都市：其他:第五種住宅區、道路用地,1,1,全筆移轉,09290000
RPPNMLOKQHJFFAW07DA,后沙劃測段,170.17,都市：住,6,2,持分移轉,05860000
RPQNMLOKQHJFFAW17DA,后沙劃測段,187.84,都市：住,6,2,持分移轉,06130000
RPRNMLOKQHJFFAW27DA,后沙劃測段,53.39,都市：住,6,2,持分移轉,05980000
RPUNMLOKQHJFFAW57DA,后沙劃測段,71.01,都市：住,6,2,持分移轉,06070000
RPVNMLOKQHJFFAW67DA,后沙劃測段,62.48,都市：住,6,2,持分移轉,06110000
RPSNMLOKQHJFFAW37DA,后沙劃測段,36.95,都市：住,6,2,持分移轉,05870000
RPPNMLRKQHJFFAW27CA,寧安二劃段,111.50,都市：住,8,1,持分移轉,03760000
RPTNMLOKQHJFFAW47DA,后沙劃測段,18.58,都市：住,6,2,持分移轉,06060000
RPTNMLSKQHJFFAW77CA,寧北一劃段,500.00,都市：農,1,1,全筆移轉,01400003
RPPNMLOLQHJFFAW07CA,寧安二劃段,111.50,都市：住,8,1,持分移轉,03760000
RPPNMLTKQHJFFAW47CA,祥安段,26.61,都市：其他:第六種住宅區,10645,2661,持分移轉,01340000
RPVNMLTKQHJFFAW08CA,新頭段,575.08,都市：農,1,1,全筆移轉,02220000
RPVNMLTKQHJFFAW08CA,新頭段,1093.44,都市：農,1,1,全筆移轉,02230000
RPVNMLLLQHJFFAW37CA,北九劃段,500.00,都市：農,1,1,全筆移轉,07670001
RPRNMLMKQHJFFAW96CA,寧安四劃段,666.67,都市：農,1,1,全筆移轉,01290000
RPSNMLOLQHJFFAW37CA,寧安二劃段,111.50,都市：住,8,1,持分移轉,03760000
RPVNMLOLQHJFFAW67CA,北九十劃段,977.70,都市：農,1,1,全筆移轉,02240000
RPVNMLOLQHJFFAW67CA,浯坑劃測段,560.00,都市：農,1,1,全筆移轉,00720000
RPVNMLOLQHJFFAW67CA,浯坑劃測段,585.10,都市：農,1,1,全筆移轉,01040000
RPVNMLOLQHJFFAW67CA,浯坑劃測段,122.90,都市：其他:道路用地,1,1,全筆移轉,01040001
RPUNMLOLQHJFFAW57CA,尚義段,692.24,都市：農,1,1,全筆移轉,02490000
RPWNMLOLQHJFFAW77CA,寧古劃段,350.26,都市：農,1,1,全筆移轉,02350000
RPWNMLOLQHJFFAW77CA,寧古劃段,149.74,都市：農,1,1,全筆移轉,02350001
RPTNMLOLQHJFFAW47CA,寧安二劃段,111.50,都市：住,8,1,持分移轉,03760000
RPRNMLOLQHJFFAW27CA,寧安二劃段,111.50,都市：住,8,1,持分移轉,03760000
RPQNMLOLQHJFFAW17CA,寧安二劃段,111.50,都市：住,8,1,持分移轉,03760000
RPSNMLNKQHJFFAW27DA,沙碧劃段,3015.00,都市：農,1,1,全筆移轉,01640000
RPROMLMKQHJFFAW17DA,長寮段,62.90,都市：農,1,1,全筆移轉,10150001
RPROMLMKQHJFFAW17DA,安西劃段,83.92,都市：住,1,1,全筆移轉,00540000
RPOOMLKLQHJFFAW66CA,青岐段,333.00,都市：其他:自然村專用區,1,1,全筆移轉,01950000
RPOOMLKLQHJFFAW66CA,青岐段,670.00,都市：其他:自然村專用區,1,1,全筆移轉,04790000
RPTNMLNKQHJFFAW27CA,山前段,37.00,都市：農,1,1,全筆移轉,05680000
RPTNMLNKQHJFFAW27CA,山前段,344.94,都市：農,1,1,全筆移轉,05700000
RPTNMLNKQHJFFAW27CA,山前段,86.32,都市：其他:道路用地,1,1,全筆移轉,05700001
RPRNMLNKQHJFFAW17DA,北九劃段,500.00,都市：農,1,1,全筆移轉,10650001
RPPNMLLLQHJFFAW76CA,東珩段,252.04,都市：其他:保護區,1,1,全筆移轉,07620000
RPSNMLKLQHJFFAW96CA,湖前段,80.20,都市：其他:道路用地,1,1,全筆移轉,08620002
RPWNMLKLQHJFFAW37CA,湖前段,108.60,都市：住,1,1,全筆移轉,08620001
RPPNMLSKQHJFFAW37CA,后壟段,619.20,都市：其他:,20,8,持分移轉,00050001
RPSNMLPKQHJFFAW37CA,湖東劃段,1021.00,都市：農,1,1,全筆移轉,04650000
RPRNMLTKQHJFFAW67CA,東坑段,215.00,都市：農,1,1,全筆移轉,03870000
RPRNMLTKQHJFFAW67CA,東坑段,245.00,都市：農,1,1,全筆移轉,05490000
RPRNMLTKQHJFFAW67CA,紅山測段,180.95,都市：農,1,1,全筆移轉,13660000
RPRNMLTKQHJFFAW67CA,紅山測段,633.53,都市：農,1,1,全筆移轉,14500000
RPQNMLLLQHJFFAW86CA,陽宅段,1366.00,都市：其他:自然村,1,1,全筆移轉,10640000
RPQNMLLLQHJFFAW86CA,陽宅段,777.00,都市：其他:自然村,1,1,全筆移轉,10750000
RPQNMLLLQHJFFAW86CA,陽宅段,387.00,都市：其他:自然村,1,1,全筆移轉,10760000
RPRNMLLLQHJFFAW96CA,陽宅段,1366.00,都市：其他:自然村,1,1,全筆移轉,10640000
RPRNMLLLQHJFFAW96CA,陽宅段,777.00,都市：其他:自然村,1,1,全筆移轉,10750000
RPRNMLLLQHJFFAW96CA,陽宅段,387.00,都市：其他:自然村,1,1,全筆移轉,10760000
RPSNMLLLQHJFFAW07CA,陽宅段,90.00,都市：其他:自然村,1,1,全筆移轉,10780000
RPRNMLKLQHJFFAW86CA,后垵段,225.54,都市：其他:公園用地,3,1,持分移轉,09110000
RPRNMLKLQHJFFAW86CA,東洲段,248.52,都市：住,3,1,持分移轉,06060000
RPUNMLTKQHJFFAW97CA,寧湖二劃測段,161.26,都市：其他:自然村,2,1,持分移轉,07420000
RPUNMLTKQHJFFAW97CA,寧湖二劃測段,161.26,都市：其他:自然村,2,1,持分移轉,07420000
RPUNMLTKQHJFFAW97CA,寧湖二劃測段,44.84,都市：其他:自然村,2,1,持分移轉,07420001
RPUNMLTKQHJFFAW97CA,寧湖二劃測段,44.84,都市：其他:自然村,2,1,持分移轉,07420001
RPUNMLTKQHJFFAW97CA,寧湖二劃測段,46.64,都市：其他:自然村,2,1,持分移轉,07420002
RPUNMLTKQHJFFAW97CA,寧湖二劃測段,46.64,都市：其他:自然村,2,1,持分移轉,07420002
RPUNMLTKQHJFFAW97CA,寧湖二劃測段,54.96,都市：其他:自然村,2,1,持分移轉,07420003
RPUNMLTKQHJFFAW97CA,寧湖二劃測段,54.96,都市：其他:自然村,2,1,持分移轉,07420003
RPUNMLTKQHJFFAW97CA,寧湖二劃測段,45.86,都市：其他:自然村,2,1,持分移轉,07420004
RPUNMLTKQHJFFAW97CA,寧湖二劃測段,45.86,都市：其他:自然村,2,1,持分移轉,07420004
RPUNMLSKQHJFFAW87CA,庵邊段,429.00,都市：其他:自然村專用區,1,1,全筆移轉,02220000
RPVNMLSKQHJFFAW97CA,蔡厝劃測段,800.00,都市：農,1,1,全筆移轉,06430000
RPUNMLLLQHJFFAW27CA,陽宅段,463.00,都市：其他:自然村,1,1,全筆移轉,10790000
RPXNMLKLQHJFFAW47CA,庵前劃測段,324.81,都市：農,2,1,持分移轉,11700000
RPXNMLKLQHJFFAW47CA,庵前劃測段,324.81,都市：農,2,1,持分移轉,11700000
RPXNMLKLQHJFFAW47CA,庵前劃測段,12.70,都市：其他:道路用地,2,1,持分移轉,11700001
RPXNMLKLQHJFFAW47CA,庵前劃測段,12.70,都市：其他:道路用地,2,1,持分移轉,11700001
RPWNMLTKQHJFFAW18CA,寧劃段,490.23,都市：農,1,1,全筆移轉,10570000
RPXNMLOLQHJFFAW87CA,湖前段,107.57,都市：住,19717,10757,持分移轉,09250000
RPPNMLPLQHJFFAW17CA,北一段,8.79,都市：農,1000,37,持分移轉,03390000
RPPNMLPLQHJFFAW17CA,北一段,26.28,都市：農,8,1,持分移轉,03430000
RPOOMLLKQHJFFAW76DA,北堤段,97.55,都市：住,1,1,全筆移轉,00790000
RPOOMLLKQHJFFAW76DA,北堤段,11.45,都市：住,1,1,全筆移轉,00800000
RPQOMLLKQHJFFAW96DA,官嶼劃段,360.00,都市：農,1,1,全筆移轉,03220002
RPQNMLMLQHJFFAW96CA,北八劃段,1000.00,都市：農,1,1,全筆移轉,01090000
RPQNMLPLQHJFFAW27CA,青山段,565.28,都市：其他:自然村專用區,1,1,全筆移轉,09810000
RPTNMLTLQHJFFAW97CA,英坑段,748.95,都市：其他:,1,1,全筆移轉,00150000
RPUNMLMKRHJFFAW37CA,山外段,17.01,都市：其他:自然村,1,1,全筆移轉,01200000
RPUNMLMKRHJFFAW37CA,山外段,120.00,都市：其他:自然村,1,1,全筆移轉,03090000
RPPNMLMLRHJFFAW96CA,陳坑段,707.17,都市：農,1,1,全筆移轉,01460000
RPWNMLOLRHJFFAW97DA,西方段,389.00,都市：住,1,1,全筆移轉,03830000
RPPNMLLJRHJFFAW76DA,寧湖三劃段,1000.00,都市：農,1,1,全筆移轉,01040000
RPTNMLPJRHJFFAW57DA,北九劃段,1000.00,都市：農,1,1,全筆移轉,10320000
RPQNMLSKQHJFFAW57DA,榮湖段,596.58,都市：農,1,1,全筆移轉,01720000
RPVNMLOLRHJFFAW87DA,夏興段,71.00,都市：住,1,1,全筆移轉,12600000
RPQNMLPKQHJFFAW27DA,小西門劃測段,25.58,都市：住,21,1,持分移轉,02140000
RPTNMLKKRHJFFAW17DA,新頭段,686.79,都市：其他:保護區農業區,1,1,全筆移轉,01220000
RPTNMLTKQHJFFAW97DA,延平段,44.37,都市：農,10000,1026,持分移轉,05490000
RPTNMLTKQHJFFAW97DA,延平段,77.87,都市：農,1,1,全筆移轉,05520000
RPRNMLSKQHJFFAW67DA,英坑段,356.39,都市：農,1,1,全筆移轉,11270000
RPRNMLSKQHJFFAW67DA,榮湖段,390.08,都市：農,1,1,全筆移轉,01170000
RPSNMLSKQHJFFAW77DA,安西劃段,795.92,都市：農,1,1,全筆移轉,06990000
RPOOMLRKRHJFFAW37CA,洋山段,232.00,都市：農,1,1,全筆移轉,10710000
RPOOMLRKRHJFFAW37CA,洋山段,344.00,都市：農,1,1,全筆移轉,10730000
RPOOMLRKRHJFFAW37CA,后宅測段,240.06,都市：其他:農業區、道路用地,1,1,全筆移轉,00710000
RPOOMLRKRHJFFAW37CA,后宅測段,320.45,都市：農,1,1,全筆移轉,01750000
RPOOMLRKRHJFFAW37CA,后宅測段,1613.34,都市：農,1,1,全筆移轉,01980000
RPOOMLRKRHJFFAW37CA,后宅測段,572.35,都市：農,1,1,全筆移轉,02650000
RPOOMLRKRHJFFAW37CA,后宅測段,133.01,都市：其他:農業區、道路用地,1,1,全筆移轉,09310000
RPQNMLRKRHJFFAW47CA,湖后劃段,737.00,都市：農,1,1,全筆移轉,04420000
RPRNMLMKRHJFFAW07CA,寧湖三劃段,265.74,都市：其他:閩南專用區,1,1,全筆移轉,06020009
RPRNMLMKRHJFFAW07CA,寧湖三劃段,188.50,都市：其他:保護區,1,1,全筆移轉,06020018
RPQNMLMKRHJFFAW96CA,寧湖三劃段,240.00,都市：其他:閩南專用區,1,1,全筆移轉,06020010
RPSNMLRLQHJFFAW67CA,祥瑞段,15.96,都市：住,14,1,持分移轉,07410000
RPSNMLMKRHJFFAW17CA,長寮段,232.73,都市：其他:自然村,1,1,全筆移轉,06060000
RPSNMLMKRHJFFAW17CA,安岐村段,97.67,都市：其他:自然村,3,1,持分移轉,02780000
RPQNMLMJRHJFFAW86CA,太湖劃測段,1000.04,都市：農,1,1,全筆移轉,16760000
RPRNMLMJRHJFFAW96CA,浯坑劃測段,523.10,都市：農,1,1,全筆移轉,06340002
RPRNMLMJRHJFFAW96CA,浯坑劃測段,14.06,都市：其他:道路用地,1,1,全筆移轉,06340003
RPPNMLPKRHJFFAW17CA,浦邊段,65.00,都市：住,1,1,全筆移轉,12000000
RPPNMLPKRHJFFAW17CA,浦邊段,113.00,都市：住,1,1,全筆移轉,12070000
RPPNMLSLQHJFFAW47CA,東洲段,1875.83,都市：農,1,1,全筆移轉,01190000
RPPNMLSLQHJFFAW47CA,東洲段,992.50,都市：農,1,1,全筆移轉,01360000
RPQNMLTLQHJFFAW77DA,浯坑劃測段,201.33,都市：住,1,1,全筆移轉,08320000
RPSNMLTLQHJFFAW97DA,寧湖三劃段,1000.00,都市：農,1,1,全筆移轉,05150000
RPSNMLTLQHJFFAW97DA,寧湖三劃段,500.00,都市：農,2,1,持分移轉,05160000
RPPNMLMJRHJFFAW76CA,庵邊段,167.00,都市：其他:自然村專用區,1,1,全筆移轉,01710000
RPPNMLMJRHJFFAW76CA,庵邊段,487.00,都市：其他:自然村專用區,1,1,全筆移轉,02110000
RPPNMLNJRHJFFAW96DA,寧安二劃段,114.38,都市：住,1000,305,持分移轉,03760001
RPUNMLMJRHJFFAW27CA,龍骨山測段,72.65,都市：其他:機關用地,1,1,全筆移轉,11050004
RPUNMLTLQHJFFAW08CA,蔡厝劃測段,615.36,都市：農,1,1,全筆移轉,02210000
RPUNMLTLQHJFFAW08CA,蔡厝劃測段,762.56,都市：農,1,1,全筆移轉,03290000
RPUNMLTLQHJFFAW08CA,蔡厝劃測段,900.01,都市：農,1,1,全筆移轉,03700000
RPVNMLMJRHJFFAW37CA,北一段,8.79,都市：農,1000,37,持分移轉,03390000
RPVNMLMJRHJFFAW37CA,北一段,26.28,都市：農,8,1,持分移轉,03430000
RPSNMLLKRHJFFAW17DA,西堡劃測段,840.01,都市：農,1,1,全筆移轉,02860000
RPTNMLMJRHJFFAW17CA,斗門劃測段,400.02,都市：農,1,1,全筆移轉,05070001
RPPNMLNLRHJFFAW07CA,高坑劃測段,561.07,都市：農,1,1,全筆移轉,06640000
RPPNMLNLRHJFFAW07CA,高坑劃測段,1450.07,都市：農,1,1,全筆移轉,06820000
RPPNMLNLRHJFFAW07CA,高坑劃測段,1000.01,都市：農,1,1,全筆移轉,06970000
RPPNMLTLQHJFFAW67DA,后沙劃測段,320.89,都市：住,1,1,全筆移轉,01540000
RPQNMLPLRHJFFAW37CA,東紅山段,773.41,都市：其他:第二類一般管制區,1,1,全筆移轉,05440000
RPSNMLNJRHJFFAW27DA,古寧頭段,10.00,都市：住,1,1,全筆移轉,03720003
RPVNMLMKRHJFFAW57DA,西方劃測段,1120.00,都市：農,1,1,全筆移轉,00700000
RPPNMLOJRHJFFAW96CA,湖前段,677.00,都市：其他:自然村專用區,1,1,全筆移轉,12420000
RPQNMLNJRHJFFAW96CA,夏興段,21.81,都市：住,10000,332,持分移轉,13150000
RPQNMLNJRHJFFAW96CA,夏興段,.10,都市：住,10000,332,持分移轉,13350001
RPQNMLNJRHJFFAW96CA,夏興段,.80,都市：住,10000,332,持分移轉,13360000
RPUNMLNJRHJFFAW37CA,庵邊段,1002.00,都市：其他:自然村專用區,1,1,全筆移轉,06080000
RPVNMLTJRHJFFAW08CA,中二劃段,41.67,都市：其他:自然村專用區,6,1,持分移轉,03300000
RPQNMLKKRHJFFAW76CA,中二劃段,41.67,都市：其他:自然村專用區,6,1,持分移轉,03300000
RPQNMLOJRHJFFAW07CA,賢厝段,1508.00,都市：農,1,1,全筆移轉,07390000
RPTNMLTJRHJFFAW87CA,中二劃段,41.67,都市：其他:自然村專用區,6,1,持分移轉,03300000
RPRNMLNJRHJFFAW07CA,庵邊段,247.00,都市：其他:自然村專用區,1,1,全筆移轉,05340000
RPXNMLTJRHJFFAW28CA,中二劃段,41.67,都市：其他:自然村專用區,6,1,持分移轉,03300000
RPSNMLTJRHJFFAW77CA,中二劃段,41.67,都市：其他:自然村專用區,6,1,持分移轉,03300000
RPPNMLLKRHJFFAW76CA,浦邊測段,489.07,都市：農,1,1,全筆移轉,04330001
RPPNMLLKRHJFFAW76CA,浦邊測段,800.32,都市：其他:農業區.保護區,1,1,全筆移轉,04420000
RPSNMLKKRHJFFAW96CA,中二劃段,41.67,都市：其他:自然村專用區,6,1,持分移轉,03300000
RPSNMLOJRHJFFAW27CA,斗門劃測段,1600.03,都市：農,1,1,全筆移轉,04500000
RPRNMLOJRHJFFAW17CA,安岐村段,132.50,都市：其他:自然村專用區,6,1,持分移轉,00770000
RPSNMLPJRHJFFAW47DA,汶沙段,33.00,都市：其他:道路用地,1,1,全筆移轉,03680008
RPSNMLRKRHJFFAW67CA,下后垵段,66.00,都市：住,758,66,持分移轉,00100000
RPUNMLLKRHJFFAW37DA,寧湖一劃段,1000.02,都市：農,1,1,全筆移轉,01670000
RPTNMLMKRHJFFAW27CA,漁村段,74.80,都市：其他:自然村,10000,796,持分移轉,01050003
RPQNMLLKRHJFFAW86CA,北二三劃測段,1000.00,都市：農,1,1,全筆移轉,07040000
RPTNMLRKRHJFFAW77CA,湖高劃段,1669.00,都市：農,1,1,全筆移轉,00510000
RPRNMLLKRHJFFAW96CA,漁村段,427.92,都市：其他:風景區,1,1,全筆移轉,04510001
RPTNMLLKRHJFFAW17CA,安西劃段,87.03,都市：其他:自然村專用區,1,1,全筆移轉,01980000
RPPNMLMKRHJFFAW96DA,湖前段,340.02,都市：農,1,1,全筆移轉,07090000
RPPNMLMKRHJFFAW96DA,塔后段,477.27,都市：農,1,1,全筆移轉,04630000
RPPNMLMKRHJFFAW96DA,漁村段,299.16,都市：其他:風景區,1,1,全筆移轉,01510000
RPSNMLSKRHJFFAW77CA,漁村段,115.36,都市：其他:自然村專用區,1,1,全筆移轉,03940005
RPRNMLSKRHJFFAW67CA,北二三劃測段,81.22,都市：其他:自然村專用區,1,1,全筆移轉,02590017
RPPNMLSKRHJFFAW47CA,漁村段,95.29,都市：其他:風景區,1,1,全筆移轉,04510004
RPXNMLMKRHJFFAW67CA,湖南村段,181.00,都市：其他:自然村專用區,2,1,持分移轉,00030000
RPXNMLMKRHJFFAW67CA,湖南村段,181.00,都市：其他:自然村專用區,2,1,持分移轉,00030000
RPWNMLMKRHJFFAW57CA,寧湖三劃段,1387.00,都市：農,1,1,全筆移轉,08690000
RPQNMLSKRHJFFAW57CA,中五劃段,145.22,都市：農,8,7,持分移轉,02180000
RPQNMLSKRHJFFAW57CA,中五劃段,203.03,都市：農,8,7,持分移轉,02180009
RPTNMLTKRHJFFAW97CA,寧北一劃段,227.00,都市：農,1,1,全筆移轉,03340006
RPQNMLLLRHJFFAW96CA,寧湖三劃段,1000.00,都市：農,1,1,全筆移轉,02320000
RPPNMLLLRHJFFAW86CA,寧安二劃段,111.50,都市：住,8,1,持分移轉,03760000
RPPNMLQKRHJFFAW27CA,賢厝段,1508.00,都市：農,1,1,全筆移轉,07390000
RPPNMLRKRHJFFAW47DA,官澳段,63.00,都市：其他:自然村專用區,1,1,全筆移轉,15250000
RPPNMLRKRHJFFAW47DA,官澳段,64.00,都市：其他:自然村專用區,1,1,全筆移轉,15260000
RPTNMLSKRHJFFAW97DA,舊金城段,225.00,都市：農,1,1,全筆移轉,02240001
RPRNMLLLRHJFFAW07CA,寧安二劃段,111.50,都市：住,8,1,持分移轉,03760000
RPRNMLTKRHJFFAW77CA,西堡劃測段,840.01,都市：農,1,1,全筆移轉,02860000
RPWNMLRKRHJFFAW08CA,碧山段,310.53,都市：其他:保護區,1,1,全筆移轉,10420000
RPWNMLRKRHJFFAW08CA,尚義段,231.31,都市：其他:保護區,1,1,全筆移轉,05510000
RPPNMLRLRHJFFAW47CA,東坑段,83.75,都市：住,4,1,持分移轉,04140001
RPPNMLRLRHJFFAW47CA,東坑段,28.75,都市：住,4,1,持分移轉,04220002
RPPNMLRLRHJFFAW47CA,東坑段,43.50,都市：住,8,1,持分移轉,04640000
RPXNMLRKRHJFFAW18CA,中三劃測段,366.52,都市：農,2,1,持分移轉,04610000
RPUNMLPLRHJFFAW77CA,沙港劃段,1000.03,都市：農,1,1,全筆移轉,04980000
RPVNMLKMRHJFFAW47CA,榜林村段,129.00,都市：其他:自然村專區,1,1,全筆移轉,02890000
RPUNMLKMRHJFFAW37CA,榜林村段,49.78,都市：其他:自然村專區,9,2,持分移轉,01220000
RPSNMLTKRHJFFAW87CA,寧安四劃段,860.00,都市：農,1,1,全筆移轉,05060000
RPQNMLTKRHJFFAW67CA,湖后劃段,360.00,都市：其他:自然村專用區,1,1,全筆移轉,00070000
RPQNMLMLRHJFFAW07CA,長寮段,536.68,都市：其他:自然村專用區,1,1,全筆移轉,00680000
RPRNMLOLRHJFFAW37CA,西堡劃測段,1200.05,都市：農,1,1,全筆移轉,01070000
RPSNMLOLRHJFFAW57DA,中四劃段,135.20,都市：農,1,1,全筆移轉,00060001
RPRNMLNLRHJFFAW37DA,寧湖一劃段,96.95,都市：住,1,1,全筆移轉,04260006
RPPNMLTKRHJFFAW57CA,寧安二劃段,1000.00,都市：農,1,1,全筆移轉,03620000
RPUNMLOLRHJFFAW77DA,北四劃段,105.20,都市：農,1,1,全筆移轉,03660001
RPPNMLOLRHJFFAW17CA,北五劃段,922.14,都市：農,1,1,全筆移轉,02240000
RPTNMLPLRHJFFAW77DA,山后段,419.05,都市：農,1,1,全筆移轉,04180000
RPPNMLOLRHJFFAW17CA,北五劃段,77.86,都市：其他:道路用地,1,1,全筆移轉,02240001
RPQNMLNLRHJFFAW27DA,夏興段,97.00,都市：住,1,1,全筆移轉,13210000
RPPNMLPLRHJFFAW27CA,湖尾段,792.31,都市：農,1,1,全筆移轉,05640000
RPTNMLOLRHJFFAW67DA,北四劃段,101.21,都市：農,1,1,全筆移轉,03650001
RPRNMLPLRHJFFAW57DA,西山段,869.13,都市：農,1,1,全筆移轉,03510000
RPRNMLPLRHJFFAW57DA,西山段,631.63,都市：農,1,1,全筆移轉,03560000
RPRNMLPLRHJFFAW57DA,青山段,523.14,都市：農,1,1,全筆移轉,02010000
RPRNMLQLRHJFFAW57CA,天后宮段,130.21,都市：住,1,1,全筆移轉,02620000
RPQNMLOLRHJFFAW27CA,西堡劃測段,1019.59,都市：農,1,1,全筆移轉,02080000
RPRNMLLJIIJFFAW68CA,東洲段,542.58,都市：其他:保護區,1,1,全筆移轉,05870000
RPSNMLLJIIJFFAW78CA,太湖劃測段,1000.04,都市：農,1,1,全筆移轉,16760000
RPPNMLQLRHJFFAW37CA,斗門劃測段,861.03,都市：農,1,1,全筆移轉,00410000
RPPNMLQLRHJFFAW37CA,斗門劃測段,119.08,都市：其他:道路用地,1,1,全筆移轉,00410001
RPQNMLQLRHJFFAW47CA,東店段,891.70,都市：其他:保護區、道路用地,1,1,全筆移轉,01740000
RPTNMLLJIIJFFAW88CA,塔后段,44.00,都市：住,1,1,全筆移轉,10980001
RPPNMLLJIIJFFAW48CA,湖尾段,138.54,都市：農,1,1,全筆移轉,01680000
RPRNMLKMRHJFFAW07CA,料羅段,150.33,都市：其他:自然村,3,1,持分移轉,14450000
RPRNMLPJIIJFFAW09CA,沙宅劃段,310.00,都市：農,1,1,全筆移轉,06910002
RPTNMLRJIIJFFAW86CA,煙墩段,853.59,都市：農,1,1,全筆移轉,07530000
RPQOMLRJIIJFFAW66CA,大山段,591.00,都市：其他:國家公園特別景觀區,1,1,全筆移轉,09030002
RPSOMLRJIIJFFAW86CA,后湖村段,713.00,都市：其他:自然村專用區,1,1,全筆移轉,02380000
RPTOMLRJIIJFFAW07DA,蔡厝劃測段,720.00,都市：農,1,1,全筆移轉,06720000
RPTOMLRJIIJFFAW07DA,蔡厝劃測段,275.54,都市：農,1,1,全筆移轉,07190000
RPRNMLMJIIJFFAW88DA,官澳段,217.00,都市：住,1,1,全筆移轉,14720000
RPQNMLKMRHJFFAW07DA,北二三劃測段,972.68,都市：農,1,1,全筆移轉,05540000
RPPNMLNJIIJFFAW78DA,寧湖三劃段,482.14,都市：農,1,1,全筆移轉,02520001
RPPNMLKMRHJFFAW96DA,沙溪測段,786.51,都市：農,1,1,全筆移轉,06020000
RPPNMLKMRHJFFAW96DA,沙溪測段,397.11,都市：農,1,1,全筆移轉,06220000
RPPNMLKMRHJFFAW96DA,沙溪測段,412.48,都市：其他:國家公園分區,1,1,全筆移轉,10270000
RPPNMLKMRHJFFAW96DA,沙溪測段,178.15,都市：其他:國家公園分區,1,1,全筆移轉,10490000
RPPNMLKMRHJFFAW96DA,陵水湖測段,319.30,都市：其他:國家公園分區,1,1,全筆移轉,02490000
RPPNMLKMRHJFFAW96DA,陵水湖測段,374.46,都市：其他:國家公園分區,1,1,全筆移轉,04790000
RPPNMLKMRHJFFAW96DA,陵水湖測段,542.37,都市：其他:國家公園分區,1,1,全筆移轉,10110000
RPPNMLQJIIJFFAW09DA,山前段,641.03,都市：農,1,1,全筆移轉,10520000
RPPNMLQJIIJFFAW09DA,山前段,90.15,都市：農,1,1,全筆移轉,10540000
RPPNMLMJIIJFFAW68DA,中四劃段,497.81,都市：農,1,1,全筆移轉,00040000
RPPNMLMJIIJFFAW68DA,中四劃段,132.19,都市：農,1,1,全筆移轉,00040001
RPUNMLMJIIJFFAW09CA,寧湖三劃段,1000.00,都市：農,1,1,全筆移轉,03600000
RPUNMLMJIIJFFAW09CA,長寮段,1052.71,都市：農,1,1,全筆移轉,08560000
RPQNMLRJIIJFFAW66DA,祥和段,5.71,都市：住,1,1,全筆移轉,04290000
RPQNMLNJIIJFFAW78CA,城西段,19.14,都市：商,1,1,全筆移轉,04120000
RPQNMLNJIIJFFAW78CA,城西段,12.35,都市：其他:道路用地,1,1,全筆移轉,04130000
RPVNMLMJIIJFFAW56CA,寧安四劃段,433.00,都市：農,1,1,全筆移轉,02070000
RPVNMLMJIIJFFAW56CA,長寮段,815.14,都市：農,1,1,全筆移轉,08070000
RPVNMLMJIIJFFAW56CA,長寮段,741.20,都市：農,1,1,全筆移轉,08150000
RPSNMLKMRHJFFAW17CA,漁村段,81.76,都市：其他:自然村,10000,870,持分移轉,01050003
RPXNMLMJIIJFFAW76CA,小西門劃測段,665.02,都市：農,1,1,全筆移轉,02550000
RPXNMLMJIIJFFAW76CA,小西門劃測段,550.04,都市：農,1,1,全筆移轉,02950000
RPTNMLMJIIJFFAW98CA,祥安段,34.29,都市：住,3,1,持分移轉,01320000
RPWNMLMJIIJFFAW66CA,沙宅劃段,1096.25,都市：其他:保護區,1,1,全筆移轉,06980000
RPQNMLQJIIJFFAW09CA,寧湖二劃測段,214.76,都市：其他:自然村專用區,2,1,持分移轉,07640000
RPQNMLQJIIJFFAW09CA,寧湖二劃測段,214.76,都市：其他:自然村專用區,2,1,持分移轉,07640000
RPQNMLMJIIJFFAW78DA,煙墩段,612.33,都市：農,1,1,全筆移轉,03670000
RPQNMLMJIIJFFAW78DA,煙墩段,880.70,都市：農,1,1,全筆移轉,03700000
RPPNMLPJIIJFFAW88CA,湖尚劃段,1000.00,都市：其他:,1,1,全筆移轉,00160000
RPQNMLPJIIJFFAW98CA,北九十劃段,976.72,都市：農,1,1,全筆移轉,02120000
RPQNMLNKIIJFFAW98DA,舊金城段,268.00,都市：農,1,1,全筆移轉,08110000
RPRNMLNJIIJFFAW88CA,沙宅劃段,957.00,都市：其他:保護區,1,1,全筆移轉,06970000
RPXNMLRJIIJFFAW27CA,盤山村段,75.00,都市：其他:自然村專用區,1,1,全筆移轉,05380001
RPXNMLRJIIJFFAW27CA,盤山村段,28.00,都市：其他:道路用地,1,1,全筆移轉,05380002
RPOOMLRJIIJFFAW09CA,西方劃測段,500.00,都市：農,1,1,全筆移轉,03780000
RPWNMLRJIIJFFAW17CA,九宮測段,482.80,都市：其他:國家公園、農業區,1,1,全筆移轉,09360000
RPPNMLNKIIJFFAW78CA,夏興段,127.00,都市：其他:自然村專用區,1,1,全筆移轉,12410000
RPVNMLOKIIJFFAW86CA,莒光樓段,356.00,都市：其他:風景區.停車場用地,1,1,全筆移轉,00220000
RPVNMLOKIIJFFAW86CA,莒光樓段,138.00,都市：其他:風景區,1,1,全筆移轉,00350000
RPVNMLOKIIJFFAW86CA,山前段,150.00,都市：農,1,1,全筆移轉,00410000
RPVNMLOKIIJFFAW86CA,延平段,986.97,都市：農,1,1,全筆移轉,01140000
RPVNMLOKIIJFFAW86CA,奎星樓段,1.46,都市：其他:道路用地,2,1,持分移轉,04420000
RPVNMLOKIIJFFAW86CA,奎星樓段,89.52,都市：住,2,1,持分移轉,04430000
RPUNMLRJIIJFFAW96CA,后沙劃測段,656.01,都市：其他:農業區、道路用地,1,1,全筆移轉,05640000
RPVNMLRJIIJFFAW07CA,西方劃測段,500.01,都市：農,1,1,全筆移轉,07280000
RPVNMLRJIIJFFAW07CA,西方劃測段,475.01,都市：農,1,1,全筆移轉,07690000
RPROMLRJIIJFFAW76CA,后湖段,643.87,都市：其他:農業區、風景區,1,1,全筆移轉,04890000
RPROMLRJIIJFFAW76CA,后湖段,561.83,都市：農,1,1,全筆移轉,04950000
RPROMLRJIIJFFAW76CA,后湖段,564.63,都市：其他:風景區,1,1,全筆移轉,06230000
RPWNMLTJIIJFFAW47DA,蔡厝劃測段,1297.93,都市：農,1,1,全筆移轉,05950000
RPTNMLSKIIJFFAW07CA,沙港劃段,466.15,都市：農,1,1,全筆移轉,03660000
RPTNMLSKIIJFFAW07CA,沙港劃段,33.86,都市：其他:道路用地,1,1,全筆移轉,03660001
RPTNMLSKIIJFFAW07CA,沙港劃段,33.86,都市：其他:道路用地,1,1,全筆移轉,03660003
RPVNMLSKIIJFFAW27CA,小西門劃測段,72.06,都市：住,1,1,全筆移轉,00530003
RPVNMLSKIIJFFAW27CA,小西門劃測段,37.60,都市：住,5,1,持分移轉,00530006
RPVNMLSKIIJFFAW27CA,小西門劃測段,23.01,都市：住,5,1,持分移轉,00530007
RPQNMLSJIIJFFAW76DA,埔后村段,26.00,都市：住,1,1,全筆移轉,00100001
RPQNMLSKIIJFFAW76CA,后頭段,274.00,都市：農,1,1,全筆移轉,01650000
RPQNMLSKIIJFFAW76CA,后頭段,378.00,都市：農,1,1,全筆移轉,02160000
RPQNMLSKIIJFFAW76CA,烈濱劃測段,615.00,都市：農,1,1,全筆移轉,11000000
RPQNMLSKIIJFFAW76CA,烈濱劃測段,683.99,都市：農,1,1,全筆移轉,11010000
RPQNMLSKIIJFFAW76CA,烈濱劃測段,398.67,都市：農,3,2,持分移轉,11390000
RPQNMLSKIIJFFAW76CA,烈濱劃測段,608.31,都市：農,1,1,全筆移轉,13610000
RPQNMLSKIIJFFAW76CA,龍骨山測段,335.01,都市：農,1,1,全筆移轉,00700000
RPQNMLSKIIJFFAW76CA,龍骨山測段,467.01,都市：農,1,1,全筆移轉,02200000
RPRNMLSKIIJFFAW86CA,后頭段,310.00,都市：其他:自然村專用區、農業區,1,1,全筆移轉,01620000
RPUNMLSJIIJFFAW07CA,中四劃段,683.81,都市：農,1,1,全筆移轉,01350000
RPTNMLTJIIJFFAW07CA,寧劃段,489.94,都市：農,1,1,全筆移轉,12420000
RPRNMLRKIIJFFAW76CA,石牌段,353.63,都市：農,6,1,持分移轉,00520000
RPRNMLRKIIJFFAW76CA,石牌段,146.92,都市：農,6,1,持分移轉,00650000
RPRNMLPKIIJFFAW56CA,石牌段,353.63,都市：其他:非都市土地,6,1,持分移轉,00520000
RPRNMLPKIIJFFAW56CA,石牌段,146.92,都市：其他:非都市土地,6,1,持分移轉,00650000
RPQNMLKMIIJFFAW78CA,湖前段,29.91,都市：住,1,1,全筆移轉,03880000
RPQNMLKMIIJFFAW78CA,湖前段,96.45,都市：住,1,1,全筆移轉,03880007
RPPNMLOLIIJFFAW98CA,寧山段,576.62,都市：農,1,1,全筆移轉,10520000
RPSNMLOLIIJFFAW66CA,夏興段,155.33,都市：其他:自然村專用區,3,2,持分移轉,11640000
RPQNMLOLIIJFFAW09CA,保生段,83.95,都市：住,1,1,全筆移轉,00180000
RPWNMLLMIIJFFAW86CA,東洲段,1016.70,都市：其他:,1,1,全筆移轉,06170000
RPXNMLTLIIJFFAW67CA,湖前段,96.01,都市：住,200054,9601,持分移轉,05460000
RPWNMLSKIIJFFAW37CA,下后垵段,100.00,都市：住,758,100,持分移轉,00100000
SPVNMLSKIIJFFAW37CA,小西門劃測段,82.58,都市：住,1,1,全筆移轉,00530000
SPVNMLSKIIJFFAW37CA,小西門劃測段,37.60,都市：住,5,1,持分移轉,00530006
SPVNMLSKIIJFFAW37CA,小西門劃測段,23.01,都市：住,5,1,持分移轉,00530007
RPPOMLSKIIJFFAW76CA,下后垵段,96.00,都市：住,758,96,持分移轉,00100000
RPWNMLOKIIJFFAW96CA,中山林段,530.26,都市：農,1,1,全筆移轉,01190000
RPWNMLOKIIJFFAW96CA,中山林段,449.50,都市：農,1,1,全筆移轉,01470000
RPPNMLOKIIJFFAW98DA,青岐段,132.00,都市：其他:自然村專用區,1,1,全筆移轉,04550000
RPPNMLRKIIJFFAW66DA,中五劃段,20.74,都市：農,8,1,持分移轉,02180000
RPPNMLRKIIJFFAW66DA,中五劃段,29.00,都市：農,8,1,持分移轉,02180009
RPOOMLOKIIJFFAW88CA,西堡劃測段,1250.00,都市：農,1,1,全筆移轉,03280000
RPTNMLNKIIJFFAW56CA,湖尾村段,177.50,都市：其他:公園用地,2,1,持分移轉,02750000
RPTNMLNKIIJFFAW56CA,湖尾村段,185.50,都市：其他:公園用地,2,1,持分移轉,02750001
RPTNMLNKIIJFFAW56CA,湖尾村段,219.50,都市：其他:公園用地,2,1,持分移轉,02750002
RPQNMLOKIIJFFAW09DA,賢厝段,447.00,都市：農,1,1,全筆移轉,06990000
RPXNMLOKIIJFFAW07CA,中山林段,685.44,都市：農,1,1,全筆移轉,01210000
RPQNMLLLIIJFFAW78CA,寧湖六劃段,800.00,都市：農,1,1,全筆移轉,00180000
RPSNMLQKIIJFFAW76CA,東店段,891.70,都市：其他:保護區、道路用地,1,1,全筆移轉,01740000
RPVNMLPKIIJFFAW07DA,大山段,910.63,都市：農,1,1,全筆移轉,05410000
RPQNMLRKIIJFFAW66CA,北二三劃測段,618.12,都市：其他:自然村專用區,3,2,持分移轉,01650000
RPSNMLKMIIJFFAW98CA,中三劃測段,259.85,都市：其他:道路用地,1,1,全筆移轉,07390001
RPUNMLMLIIJFFAW66CA,北一段,1000.55,都市：農,1,1,全筆移轉,01670000
RPUNMLMLIIJFFAW66CA,北一段,1000.21,都市：農,1,1,全筆移轉,01680000
RPTNMLLLIIJFFAW09CA,長寮段,244.35,都市：其他:自然村專用區,1,1,全筆移轉,08390000
RPTNMLLLIIJFFAW09CA,山灶村段,64.00,都市：其他:道路用地,1,1,全筆移轉,00180000
RPQNMLMLIIJFFAW88CA,后豐港段,886.00,都市：其他:保護區,1,1,全筆移轉,05540000
RPQNMLLMIIJFFAW88CA,新頭段,1016.00,都市：其他:公共設施保留地,1,1,全筆移轉,02370009
RPUNMLLLIIJFFAW56CA,水頭段,402.58,都市：農,1,1,全筆移轉,03450000
RPPNMLSLIIJFFAW76CA,蔡厝劃測段,1000.04,都市：農,1,1,全筆移轉,02980000
RPVNMLLLIIJFFAW66CA,湖前段,146.00,都市：其他:自然村專用區、道路用地,1,1,全筆移轉,13570000
RPVNMLLLIIJFFAW66CA,湖前段,202.00,都市：其他:道路用地,1,1,全筆移轉,14070000
RPSNMLMLIIJFFAW09CA,機場段,95.59,都市：住,1,1,全筆移轉,03910000
RPSNMLMLIIJFFAW09CA,機場段,325.97,都市：住,1,1,全筆移轉,03940000
RPRNMLLJJIJFFAW78CA,盤山村段,19.33,都市：住,3,1,持分移轉,04010000
RPRNMLLJJIJFFAW78CA,盤山村段,19.33,都市：住,3,1,持分移轉,04010000
RPRNMLLJJIJFFAW78CA,盤山村段,19.33,都市：住,3,1,持分移轉,04010000
RPQNMLLJJIJFFAW68CA,城東段,32.18,都市：住,2,1,持分移轉,01270000
RPQNMLLJJIJFFAW68CA,城東段,.67,都市：其他:道路用地,2,1,持分移轉,01280000
RPSNMLLLIIJFFAW98CA,北九劃段,237.59,都市：農,1410,335,持分移轉,07740000
RPSNMLLLIIJFFAW98CA,北九劃段,237.59,都市：農,1410,335,持分移轉,07740000
RPPNMLLJJIJFFAW58CA,古塔段,108.13,都市：住,5,1,持分移轉,00730000
RPPNMLLJJIJFFAW58CA,金門城段,56.40,都市：住,5,1,持分移轉,07060000
RPPNMLLJJIJFFAW58CA,金門城段,33.53,都市：住,15,1,持分移轉,07120000
RPSNMLLJJIJFFAW88CA,湖前段,52.17,都市：住,12,1,持分移轉,13360000
RPSNMLLJJIJFFAW88CA,湖前段,18.01,都市：住,100000,3292,持分移轉,13360001
RPVNMLRLIIJFFAW27CA,湖前段,374.95,都市：其他:自然村專用區,1,1,全筆移轉,09380002
RPVNMLRLIIJFFAW27CA,湖前段,83.34,都市：其他:自然村專用區道路用地,1,1,全筆移轉,09380009
RPRNMLLMIIJFFAW98CA,士校段,172.49,都市：其他:農業區+道路用地,18,1,持分移轉,01060000
RPRNMLLMIIJFFAW98CA,士校段,143.90,都市：其他:農業區+道路用地,18,1,持分移轉,01060001
RPQNMLNJJIJFFAW88CA,小西門劃測段,76.06,都市：住,1,1,全筆移轉,00530002
RPQNMLNJJIJFFAW88CA,小西門劃測段,37.60,都市：住,5,1,持分移轉,00530006
RPQNMLNJJIJFFAW88CA,小西門劃測段,23.01,都市：住,5,1,持分移轉,00530007
RPQNMLNLIIJFFAW98CA,東園劃段,912.39,都市：農,1,1,全筆移轉,02640000
RPUNMLOLIIJFFAW86CA,大園段,795.16,都市：農,1,1,全筆移轉,05100001
RPUNMLOLIIJFFAW86CA,大園段,207.76,都市：農,1,1,全筆移轉,06980001
RPPNMLLKJIJFFAW78DA,鎮西段,79.79,都市：農,1,1,全筆移轉,01710005
RPXNMLSKJIJFFAW67DA,山后段,438.09,都市：農,1,1,全筆移轉,09260000
RPPNMLRJJIJFFAW56CA,湖前段,96.03,都市：住,200054,9603,持分移轉,05460000
RPRNMLOJJIJFFAW09CA,后垵段,1478.13,都市：農,1,1,全筆移轉,10060000
RPPNMLQJJIJFFAW09CA,北九十劃段,488.48,都市：農,1,1,全筆移轉,01790000
RPPNMLQJJIJFFAW09CA,北九十劃段,976.97,都市：農,1,1,全筆移轉,01920000
RPPNMLOKJIJFFAW98CA,歐厝段,667.86,都市：農,1,1,全筆移轉,06080000
RPPNMLOKJIJFFAW98CA,小西門劃測段,345.03,都市：農,1,1,全筆移轉,03110000
RPUNMLSLIIJFFAW27CA,榮湖段,609.27,都市：其他:保護區,1,1,全筆移轉,02560000
RPUNMLSLIIJFFAW27CA,后宅測段,533.02,都市：農,1,1,全筆移轉,05390000
RPVNMLSLIIJFFAW37CA,小西門劃測段,787.52,都市：農,1,1,全筆移轉,05880000
RPWNMLSLIIJFFAW47CA,小西門劃測段,787.52,都市：農,1,1,全筆移轉,05880001
RPXNMLSLIIJFFAW57CA,小西門劃測段,750.02,都市：農,1,1,全筆移轉,05760000
RPPNMLTLIIJFFAW86CA,湖前段,293.00,都市：其他:自然村專用區、道路用地、自來水廠用地,1,1,全筆移轉,14280000
RPWNMLTLIIJFFAW57CA,寧湖三劃段,1000.00,都市：農,1,1,全筆移轉,03600000
RPVNMLTLIIJFFAW47CA,沙港劃段,929.95,都市：農,1,1,全筆移轉,04910000
RPVNMLTLIIJFFAW47CA,沙港劃段,70.10,都市：其他:道路用地,1,1,全筆移轉,04910001
RPXNMLLJJIJFFAW76CA,下后垵段,62.00,都市：住,758,62,持分移轉,00100000
RPXNMLLJJIJFFAW76CA,下后垵段,62.00,都市：住,758,62,持分移轉,00100000
RPPNMLKKJIJFFAW58CA,中山林段,2018.28,都市：農,1,1,全筆移轉,03880000
RPROMLKMIIJFFAW09DA,陳坑段,116.93,都市：住,1,1,全筆移轉,03970000
RPQOMLKMIIJFFAW98DA,陳坑段,124.20,都市：住,1,1,全筆移轉,03040003
RPSNMLTLIIJFFAW27DA,山前段,268.00,都市：農,1,1,全筆移轉,04160000
RPRNMLSLIIJFFAW07DA,盤山村段,99.00,都市：住,1,1,全筆移轉,01720002
RPTNMLTLIIJFFAW37DA,東洲段,239.58,都市：農,1,1,全筆移轉,09810000
RPQNMLSLIIJFFAW96DA,城南段,16.30,都市：住,2,1,持分移轉,07600000
RPQNMLSLIIJFFAW96DA,城南段,160.70,都市：住,2,1,持分移轉,07610000
RPPNMLLLIIJFFAW78DA,夏興段,753.76,都市：住,1,1,全筆移轉,03770000
RPRNMLLLIIJFFAW98DA,祥安段,125.50,都市：其他:道路用地/機關用地,4,1,持分移轉,09560000
RPRNMLLLIIJFFAW98DA,祥安段,212.12,都市：其他:道路用地,4,1,持分移轉,09570000
RPRNMLLLIIJFFAW98DA,祥安段,1563.38,都市：其他:公園用地,4,1,持分移轉,09580000
RPPNMLOJJIJFFAW98DA,多年段,312.65,都市：農,1,1,全筆移轉,06770000
RPOOMLLJJIJFFAW58CA,后湖村段,426.00,都市：其他:農業區、自然村專用區,1,1,全筆移轉,03020000
RPPNMLNJJIJFFAW78CA,水頭段,288.59,都市：其他:農業區、保護區,1,1,全筆移轉,01360000
RPPNMLNJJIJFFAW78CA,水頭段,11.85,都市：其他:道路用地,1,1,全筆移轉,01360001
RPPNMLNJJIJFFAW78CA,水頭段,453.43,都市：其他:保護區,1,1,全筆移轉,01490001
RPPNMLNJJIJFFAW78CA,水頭段,466.69,都市：農,1,1,全筆移轉,05960000
RPUNMLOJJIJFFAW86DA,西園測段,365.73,都市：農,1,1,全筆移轉,05170000
RPRNMLNJJIJFFAW09DA,青岐段,201.00,都市：住,1,1,全筆移轉,01080000
RPRNMLLLJIJFFAW98CA,北一段,143.95,都市：農,8,1,持分移轉,00080000
RPQNMLRKJIJFFAW76CA,官嶼劃段,485.00,都市：農,2,1,持分移轉,02510000
RPQNMLRKJIJFFAW76CA,官嶼劃段,15.00,都市：農,2,1,持分移轉,02510001
RPQNMLRKJIJFFAW76CA,官嶼劃段,970.00,都市：農,1,1,全筆移轉,02700000
RPQNMLRKJIJFFAW76CA,官嶼劃段,30.00,都市：農,1,1,全筆移轉,02700002
RPSNMLLLJIJFFAW09CA,北一段,125.09,都市：農,8,1,持分移轉,00090000
RPTNMLLLJIJFFAW56CA,北一段,120.98,都市：其他:保護區,8,1,持分移轉,01550000
RPPNMLKLJIJFFAW68CA,寧湖三劃段,800.00,都市：農,1,1,全筆移轉,00030000
RPPNMLKLJIJFFAW68CA,寧湖三劃段,1278.61,都市：農,1,1,全筆移轉,00040000
