﻿鄉鎮市區,交易標的,土地位置建物門牌,土地移轉總面積平方公尺,都市土地使用分區,非都市土地使用分區,非都市土地使用編定,交易年月日,交易筆棟數,移轉層次,總樓層數,建物型態,主要用途,主要建材,建築完成年月,建物移轉總面積平方公尺,建物現況格局-房,建物現況格局-廳,建物現況格局-衛,建物現況格局-隔間,有無管理組織,總價元,單價元平方公尺,車位類別,車位移轉總面積(平方公尺),車位總價元,備註,編號,主建物面積,附屬建物面積,陽台面積,電梯,移轉編號
The villages and towns urban district,transaction sign,land sector position building sector house number plate,land shifting total area square meter,the use zoning or compiles and checks,the non-metropolis land use district,non-metropolis land use,transaction year month and day,transaction pen number,shifting level,total floor number,building state,main use,main building materials,construction to complete the years,building shifting total area,Building present situation pattern - room,building present situation pattern - hall,building present situation pattern - health,building present situation pattern - compartmented,Whether there is manages the organization,total price NTD,the unit price (NTD / square meter),the berth category,berth shifting total area square meter,the berth total price NTD,the note,serial number,,,,,
南竿鄉,土地,清水段1288-1地號,63.45,其他,,,1030721,土地1建物0車位0,,,其他,,,,0.0,0,0,0,有,無,200000,3152,,0.0,0,,RPPNMLPJQHJFFAZ37DA,0.0,0.0,0.0,,
莒光鄉,土地,福正段278-1地號,16.51,住,,,1030701,土地1建物0車位0,,,其他,,,,0.0,0,0,0,有,無,16510,1000,,0.0,0,,RPPNMLSKQHJFFAZ77DA,0.0,0.0,0.0,,
北竿鄉,土地,橋仔段271-1地號,3.32,住,,,1030812,土地1建物0車位0,,,其他,,,,0.0,0,0,0,有,無,10500,3163,,0.0,0,,RPPNMLQLQHJFFAZ57CA,0.0,0.0,0.0,,
北竿鄉,土地,橋仔段272-2地號,0.04,住,,,1030812,土地1建物0車位0,,,其他,,,,0.0,0,0,0,有,無,130,0,,0.0,0,,RPQNMLQLQHJFFAZ67CA,0.0,0.0,0.0,,
東引鄉,土地,東引西段1046地號,6040.79,其他,,,1030714,土地3建物0車位0,,,其他,,,,0.0,0,0,0,有,無,10208935,1690,,0.0,0,向政府機關登承購案件，此土地為機關建地,RPPNMLLJRHJFFAZ07DA,0.0,0.0,0.0,,
南竿鄉,土地,福沃段86地號,353.33,其他,,,1031002,土地1建物0車位0,,,其他,,,,0.0,0,0,0,有,無,35333,100,,0.0,0,向政府機關承購之案件。此地為保護區，非建地,RPPNMLNLIIJFFAZ66DA,0.0,0.0,0.0,,
莒光鄉,土地,福正段140-1地號,58.08,住,,,1030918,土地1建物0車位0,,,其他,,,,0.0,0,0,0,有,無,73762,1270,,0.0,0,有民情風俗因素之交易。,RPPNMLNJJIJFFAZ09CA,0.0,0.0,0.0,,
東引鄉,土地,東引西段862-1地號,432.53,農,,,1030930,土地2建物0車位0,,,其他,,,,0.0,0,0,0,有,無,49718,115,,0.0,0,向政府機關承購之案件。,RPPNMLPJJIJFFAZ76DA,0.0,0.0,0.0,,
